<TICKER>,<PER>,<DATE>,<TIME>,<OPEN>,<HIGH>,<LOW>,<CLOSE>,<VOL>,<OPENINT>
RSPS.US,D,20061107,000000,7.34423,7.3547,7.34423,7.3547,27285.451467653,0
RSPS.US,D,20061110,000000,7.37156,7.37156,7.37156,7.37156,649.89922210289,0
RSPS.US,D,20061122,000000,7.45008,7.45008,7.45008,7.45008,3218.5485285096,0
RSPS.US,D,20061130,000000,7.42427,7.42427,7.42427,7.42427,649.89922210289,0
RSPS.US,D,20061204,000000,7.46096,7.51677,7.46096,7.51677,7793.6327349008,0
RSPS.US,D,20061207,000000,7.55033,7.55033,7.55033,7.55033,390032.37600775,0
RSPS.US,D,20061211,000000,7.54236,7.54236,7.54236,7.54236,1294.6405138716,0
RSPS.US,D,20061212,000000,7.57127,7.57127,7.57127,7.57127,649.89922210289,0
RSPS.US,D,20061213,000000,7.56446,7.56446,7.56446,7.56446,1294.6405138716,0
RSPS.US,D,20061227,000000,7.60538,7.60538,7.60401,7.60401,3218.5485285096,0
RSPS.US,D,20061228,000000,7.59916,7.59916,7.59916,7.59916,2620.2286097482,0
RSPS.US,D,20070104,000000,7.52762,7.52762,7.52762,7.52762,649.89922210289,0
RSPS.US,D,20070105,000000,7.51832,7.51832,7.49527,7.50146,2620.2286097482,0
RSPS.US,D,20070109,000000,7.50631,7.51677,7.50631,7.51677,1294.6405138716,0
RSPS.US,D,20070110,000000,7.50281,7.53751,7.49971,7.53751,9743.330401209,0
RSPS.US,D,20070116,000000,7.57591,7.5862,7.56969,7.5862,14947.682108366,0
RSPS.US,D,20070117,000000,7.57455,7.57455,7.57455,7.57455,48763.073379054,0
RSPS.US,D,20070118,000000,7.58445,7.58445,7.58445,7.58445,1294.6405138716,0
RSPS.US,D,20070122,000000,7.61158,7.61158,7.61158,7.61158,649.89922210289,0
RSPS.US,D,20070124,000000,7.63154,7.63154,7.63154,7.63154,2620.2286097482,0
RSPS.US,D,20070129,000000,7.62748,7.6364,7.61022,7.61313,17552.436927112,0
RSPS.US,D,20070130,000000,7.62884,7.63327,7.62884,7.63327,8443.5319570033,0
RSPS.US,D,20070131,000000,7.67188,7.69804,7.67188,7.69804,1294.6405138716,0
RSPS.US,D,20070201,000000,7.73158,7.74593,7.73158,7.74593,5843.935068592,0
RSPS.US,D,20070202,000000,7.76396,7.76396,7.75059,7.7533,7793.6327349008,0
RSPS.US,D,20070205,000000,7.73449,7.73449,7.72267,7.72267,1294.6405138716,0
RSPS.US,D,20070208,000000,7.6932,7.6932,7.6932,7.6932,649.89922210289,0
RSPS.US,D,20070214,000000,7.77675,7.77675,7.77675,7.77675,1294.6405138716,0
RSPS.US,D,20070220,000000,7.86441,7.89833,7.86441,7.89833,2620.2286097482,0
RSPS.US,D,20070222,000000,7.82388,7.82388,7.82388,7.82388,649.89922210289,0
RSPS.US,D,20070223,000000,7.82117,7.82117,7.82117,7.82117,649.89922210289,0
RSPS.US,D,20070226,000000,7.82117,7.82561,7.82117,7.82561,5843.935068592,0
RSPS.US,D,20070227,000000,7.80759,7.80759,7.58755,7.61488,18202.336149215,0
RSPS.US,D,20070302,000000,7.60867,7.60867,7.53751,7.53751,20131.402094188,0
RSPS.US,D,20070305,000000,7.5317,7.5317,7.5317,7.5317,1294.6405138716,0
RSPS.US,D,20070307,000000,7.56272,7.56272,7.55672,7.55672,13028.932024063,0
RSPS.US,D,20070309,000000,7.6364,7.6364,7.61661,7.61661,1294.6405138716,0
RSPS.US,D,20070314,000000,7.49971,7.52879,7.49197,7.52879,16252.638482906,0
RSPS.US,D,20070316,000000,7.58445,7.58445,7.57591,7.57591,13028.932024063,0
RSPS.US,D,20070320,000000,7.66995,7.66995,7.66995,7.66995,1294.6405138716,0
RSPS.US,D,20070321,000000,7.71512,7.75777,7.71512,7.75777,12327.453498619,0
RSPS.US,D,20070322,000000,7.79035,7.79035,7.79035,7.79035,1934.2238753062,0
RSPS.US,D,20070323,000000,7.81825,7.81825,7.81825,7.81825,1294.6405138716,0
RSPS.US,D,20070326,000000,7.79926,7.80623,7.79926,7.80623,7793.6327349008,0
RSPS.US,D,20070402,000000,7.8136,7.8136,7.8136,7.8136,649.89922210289,0
RSPS.US,D,20070403,000000,7.86283,7.86283,7.86283,7.86283,13028.932024063,0
RSPS.US,D,20070405,000000,7.90104,7.90104,7.90104,7.90104,1294.6405138716,0
RSPS.US,D,20070409,000000,7.89211,7.89949,7.89211,7.89949,1294.6405138716,0
RSPS.US,D,20070410,000000,7.92158,7.92158,7.92158,7.92158,649.89922210289,0
RSPS.US,D,20070411,000000,7.87603,7.87603,7.87603,7.87603,1294.6405138716,0
RSPS.US,D,20070412,000000,7.90841,7.90841,7.90841,7.90841,649.89922210289,0
RSPS.US,D,20070413,000000,7.91985,7.92779,7.91985,7.92779,3909.7111932856,0
RSPS.US,D,20070417,000000,8.01659,8.01659,8.00399,8.00399,8443.5319570033,0
RSPS.US,D,20070418,000000,8.00069,8.00069,8.00069,8.00069,649.89922210289,0
RSPS.US,D,20070419,000000,8.00206,8.00206,8.00206,8.00206,13642.725733827,0
RSPS.US,D,20070420,000000,8.08445,8.08445,8.08445,8.08445,649.89922210289,0
RSPS.US,D,20070423,000000,8.09587,8.09587,8.09587,8.09587,1294.6405138716,0
RSPS.US,D,20070424,000000,8.09026,8.11216,8.09026,8.11216,4538.978694052,0
RSPS.US,D,20070425,000000,8.12226,8.12226,8.12226,8.12226,649.89922210289,0
RSPS.US,D,20070427,000000,8.09179,8.09179,8.09179,8.09179,649.89922210289,0
RSPS.US,D,20070430,000000,8.10556,8.10556,8.09335,8.09335,3909.7111932856,0
RSPS.US,D,20070501,000000,8.05963,8.05963,8.05963,8.05963,649.89922210289,0
RSPS.US,D,20070502,000000,8.07163,8.07163,8.07163,8.07163,649.89922210289,0
RSPS.US,D,20070504,000000,8.05324,8.05324,8.05324,8.05324,649.89922210289,0
RSPS.US,D,20070507,000000,8.08172,8.08172,8.08172,8.08172,649.89922210289,0
RSPS.US,D,20070508,000000,8.06545,8.06545,8.06545,8.06545,7138.5755824634,0
RSPS.US,D,20070509,000000,8.0734,8.0734,8.0734,8.0734,649.89922210289,0
RSPS.US,D,20070510,000000,8.01038,8.01038,8.01038,8.01038,649.89922210289,0
RSPS.US,D,20070514,000000,7.98264,7.98264,7.97685,7.97685,26651.026036553,0
RSPS.US,D,20070516,000000,8.04257,8.04257,8.04257,8.04257,649.89922210289,0
RSPS.US,D,20070518,000000,8.08172,8.08581,8.08172,8.08581,2620.2286097482,0
RSPS.US,D,20070521,000000,8.07163,8.07163,8.07163,8.07163,649.89922210289,0
RSPS.US,D,20070522,000000,8.0734,8.0734,8.0734,8.0734,649.89922210289,0
RSPS.US,D,20070523,000000,8.06971,8.06971,8.06971,8.06971,29250.622924964,0
RSPS.US,D,20070524,000000,8.04547,8.04547,8.04547,8.04547,29250.622924964,0
RSPS.US,D,20070525,000000,8.06545,8.06545,8.06545,8.06545,649.89922210289,0
RSPS.US,D,20070529,000000,8.11216,8.11216,8.11216,8.11216,1294.6405138716,0
RSPS.US,D,20070530,000000,8.10713,8.10713,8.10228,8.10228,78003.380443346,0
RSPS.US,D,20070531,000000,8.14436,8.14436,8.14436,8.14436,6488.6763603608,0
RSPS.US,D,20070604,000000,8.16278,8.16278,8.16278,8.16278,1294.6405138716,0
RSPS.US,D,20070605,000000,8.15986,8.15986,8.13235,8.13235,2620.2286097482,0
RSPS.US,D,20070606,000000,8.09335,8.09335,8.05963,8.05963,1294.6405138716,0
RSPS.US,D,20070607,000000,7.99061,7.99061,7.95512,7.95512,1294.6405138716,0
RSPS.US,D,20070608,000000,8.00904,8.00904,8.00904,8.00904,649.89922210289,0
RSPS.US,D,20070611,000000,8.05167,8.05167,8.05167,8.05167,7138.5755824634,0
RSPS.US,D,20070612,000000,7.98887,7.98887,7.98887,7.98887,649.89922210289,0
RSPS.US,D,20070613,000000,8.02724,8.02724,8.02724,8.02724,1294.6405138716,0
RSPS.US,D,20070614,000000,8.06545,8.06545,8.04547,8.04547,1294.6405138716,0
RSPS.US,D,20070619,000000,7.9623,7.9623,7.9623,7.9623,649.89922210289,0
RSPS.US,D,20070621,000000,7.9181,7.94872,7.9181,7.94872,1294.6405138716,0
RSPS.US,D,20070622,000000,7.93456,7.93456,7.86848,7.86848,1934.2238753062,0
RSPS.US,D,20070625,000000,7.84888,7.89211,7.84229,7.85063,87101.969552792,0
RSPS.US,D,20070626,000000,7.85859,7.85859,7.82989,7.82989,14947.682108366,0
RSPS.US,D,20070627,000000,7.81825,7.82252,7.81825,7.82252,13028.932024063,0
RSPS.US,D,20070629,000000,7.90666,7.90666,7.90181,7.90181,14318.414607601,0
RSPS.US,D,20070702,000000,7.96094,7.96094,7.96094,7.96094,649.89922210289,0
RSPS.US,D,20070703,000000,7.96849,7.96849,7.96849,7.96849,649.89922210289,0
RSPS.US,D,20070710,000000,7.92334,7.92334,7.92334,7.92334,2620.2286097482,0
RSPS.US,D,20070711,000000,7.90666,7.91985,7.90666,7.91985,3909.7111932856,0
RSPS.US,D,20070712,000000,7.97528,8.02724,7.97528,8.02724,26651.026036553,0
RSPS.US,D,20070713,000000,8.02841,8.02841,8.02841,8.02841,649.89922210289,0
RSPS.US,D,20070716,000000,8.0441,8.0441,8.0441,8.0441,649.89922210289,0
RSPS.US,D,20070717,000000,8.04703,8.04703,8.02591,8.02591,7793.6327349008,0
RSPS.US,D,20070723,000000,7.99179,7.99914,7.99179,7.99914,2620.2286097482,0
RSPS.US,D,20070725,000000,7.88475,7.88475,7.88475,7.88475,32489.803174811,0
RSPS.US,D,20070726,000000,7.82698,7.82698,7.70249,7.73605,98170.888049873,0
RSPS.US,D,20070727,000000,7.69474,7.69474,7.69474,7.69474,6488.6763603608,0
RSPS.US,D,20070730,000000,7.6523,7.6523,7.63912,7.63912,5183.7199858209,0
RSPS.US,D,20070731,000000,7.69941,7.70249,7.60073,7.60073,45498.103477537,0
RSPS.US,D,20070801,000000,7.65539,7.65539,7.60672,7.61313,82552.674998067,0
RSPS.US,D,20070802,000000,7.67324,7.68273,7.67324,7.68273,1294.6405138716,0
RSPS.US,D,20070803,000000,7.60867,7.60867,7.60867,7.60867,25985.653023448,0
RSPS.US,D,20070806,000000,7.66527,7.84093,7.66527,7.84093,120907.04496281,0
RSPS.US,D,20070807,000000,7.80623,7.88108,7.80623,7.88108,39654.168408944,0
RSPS.US,D,20070808,000000,7.9146,7.9146,7.8611,7.90181,123475.69426921,0
RSPS.US,D,20070809,000000,7.88475,7.88475,7.77056,7.77056,92316.637120617,0
RSPS.US,D,20070810,000000,7.69804,7.69804,7.69474,7.69474,58506.403780259,0
RSPS.US,D,20070813,000000,7.73605,7.77675,7.72732,7.73333,81923.407497303,0
RSPS.US,D,20070814,000000,7.71512,7.71512,7.65676,7.65676,3909.7111932856,0
RSPS.US,D,20070815,000000,7.6932,7.6932,7.61818,7.61818,35094.557993556,0
RSPS.US,D,20070816,000000,7.56814,7.60073,7.50146,7.60073,144973.94790196,0
RSPS.US,D,20070822,000000,7.73605,7.78703,7.73605,7.78703,65655.295223393,0
RSPS.US,D,20070823,000000,7.79926,7.79926,7.77968,7.77968,39654.168408944,0
RSPS.US,D,20070824,000000,7.80623,7.82832,7.80623,7.82832,29905.680077401,0
RSPS.US,D,20070827,000000,7.82252,7.82252,7.80256,7.80759,3909.7111932856,0
RSPS.US,D,20070829,000000,7.69474,7.69474,7.69474,7.69474,3218.5485285096,0
RSPS.US,D,20070830,000000,7.73605,7.73605,7.73605,7.73605,3909.7111932856,0
RSPS.US,D,20070905,000000,7.72404,7.72404,7.69205,7.69205,25985.653023448,0
RSPS.US,D,20070907,000000,7.65383,7.65383,7.65383,7.65383,13028.932024063,0
RSPS.US,D,20070911,000000,7.67188,7.70116,7.67188,7.70116,1294.6405138716,0
RSPS.US,D,20070912,000000,7.75697,7.76725,7.75697,7.76534,46163.476490643,0
RSPS.US,D,20070913,000000,7.78082,7.7822,7.78082,7.7822,25985.653023448,0
RSPS.US,D,20070918,000000,7.79459,7.79459,7.79459,7.79459,649.89922210289,0
RSPS.US,D,20070919,000000,7.93923,7.95959,7.93923,7.95629,14947.682108366,0
RSPS.US,D,20070920,000000,7.93071,7.93071,7.93071,7.93071,13028.932024063,0
RSPS.US,D,20070921,000000,7.92158,7.92158,7.91307,7.91307,25985.653023448,0
RSPS.US,D,20070924,000000,7.86981,7.87758,7.86981,7.87758,27955.982411093,0
RSPS.US,D,20070926,000000,7.88903,7.93456,7.88903,7.93456,2620.2286097482,0
RSPS.US,D,20071001,000000,7.9373,7.94564,7.93456,7.94564,26651.026036553,0
RSPS.US,D,20071003,000000,7.9146,7.9146,7.9146,7.9146,2620.2286097482,0
RSPS.US,D,20071010,000000,8.0228,8.0228,8.0228,8.0228,649.89922210289,0
RSPS.US,D,20071011,000000,8.03638,8.03638,8.02125,8.02591,20131.402094188,0
RSPS.US,D,20071015,000000,7.88766,8.0441,7.79459,8.0441,13028.932024063,0
RSPS.US,D,20071016,000000,7.99061,7.99179,7.98732,7.98732,7138.5755824634,0
RSPS.US,D,20071017,000000,8.02591,8.03173,8.0071,8.0071,65655.295223393,0
RSPS.US,D,20071022,000000,7.84229,7.89521,7.84229,7.89521,39654.168408944,0
RSPS.US,D,20071023,000000,7.9373,7.9373,7.9181,7.9181,39654.168408944,0
RSPS.US,D,20071024,000000,7.9181,7.9181,7.85547,7.89949,143008.77644464,0
RSPS.US,D,20071025,000000,7.94872,7.95222,7.94872,7.95049,52012.569489567,0
RSPS.US,D,20071030,000000,8.03791,8.05034,8.03791,8.05034,3218.5485285096,0
RSPS.US,D,20071031,000000,8.04547,8.09917,8.04547,8.09917,33165.492048584,0
RSPS.US,D,20071101,000000,7.92624,7.92624,7.92624,7.92624,1294.6405138716,0
RSPS.US,D,20071105,000000,7.95049,7.96849,7.95049,7.96521,77358.639151582,0
RSPS.US,D,20071107,000000,7.91985,7.95222,7.8741,7.8741,52641.836990335,0
RSPS.US,D,20071108,000000,7.86537,7.93593,7.86441,7.92779,28595.565772527,0
RSPS.US,D,20071112,000000,7.90375,7.90375,7.83978,7.83978,1294.6405138716,0
RSPS.US,D,20071113,000000,7.87758,7.99061,7.87758,7.99061,3909.7111932856,0
RSPS.US,D,20071116,000000,7.98887,7.98887,7.9813,7.9813,64989.922210289,0
RSPS.US,D,20071119,000000,7.95337,7.95629,7.93071,7.93071,37054.571520533,0
RSPS.US,D,20071120,000000,7.97685,7.97685,7.92895,7.96521,5183.7199858209,0
RSPS.US,D,20071121,000000,7.94273,7.94273,7.94273,7.94273,1294.6405138716,0
RSPS.US,D,20071123,000000,7.94078,7.97995,7.94078,7.97995,14947.682108366,0
RSPS.US,D,20071126,000000,7.99469,8.01659,7.89833,7.89833,17552.436927112,0
RSPS.US,D,20071127,000000,7.95222,7.97995,7.95222,7.97995,3909.7111932856,0
RSPS.US,D,20071128,000000,8.15308,8.15308,8.15308,8.15308,649.89922210289,0
RSPS.US,D,20071129,000000,8.11914,8.11914,8.11914,8.11914,649.89922210289,0
RSPS.US,D,20071130,000000,8.17615,8.17615,8.17615,8.17615,1934.2238753062,0
RSPS.US,D,20071204,000000,8.13059,8.13059,8.13059,8.13059,649.89922210289,0
RSPS.US,D,20071205,000000,8.16413,8.16413,8.16413,8.16413,649.89922210289,0
RSPS.US,D,20071210,000000,8.27444,8.27444,8.27444,8.27444,1934.2238753062,0
RSPS.US,D,20071211,000000,8.2564,8.2564,8.19514,8.19514,66955.093667601,0
RSPS.US,D,20071212,000000,8.23353,8.23353,8.12226,8.12226,30545.263438837,0
RSPS.US,D,20071213,000000,8.11663,8.11663,8.11663,8.11663,649.89922210289,0
RSPS.US,D,20071214,000000,8.14261,8.14261,8.10713,8.10713,1934.2238753062,0
RSPS.US,D,20071217,000000,8.03034,8.03034,8.03034,8.03034,2620.2286097482,0
RSPS.US,D,20071219,000000,8.08445,8.08445,8.05788,8.05788,1934.2238753062,0
RSPS.US,D,20071221,000000,8.11663,8.11663,8.11663,8.11663,1294.6405138716,0
RSPS.US,D,20071224,000000,8.15172,8.2,8.15172,8.2,8443.5319570033,0
RSPS.US,D,20071226,000000,8.16761,8.16761,8.16761,8.16761,8443.5319570033,0
RSPS.US,D,20071228,000000,8.11411,8.11411,8.11411,8.11411,1934.2238753062,0
RSPS.US,D,20080102,000000,7.99759,7.99759,7.90997,7.90997,5183.7199858209,0
RSPS.US,D,20080104,000000,7.81962,7.81962,7.81962,7.81962,1294.6405138716,0
RSPS.US,D,20080109,000000,7.82561,7.83475,7.82252,7.83475,14318.414607601,0
RSPS.US,D,20080110,000000,7.83648,7.89521,7.83648,7.89521,32489.803174811,0
RSPS.US,D,20080114,000000,7.76396,7.76396,7.76396,7.76396,19507.292523755,0
RSPS.US,D,20080115,000000,7.67479,7.67479,7.64415,7.64415,6488.6763603608,0
RSPS.US,D,20080116,000000,7.62884,7.72404,7.62884,7.68739,107914.21845108,0
RSPS.US,D,20080117,000000,7.67807,7.67807,7.56176,7.56176,38344.054104071,0
RSPS.US,D,20080122,000000,7.35974,7.36459,7.35974,7.36459,35094.557993556,0
RSPS.US,D,20080123,000000,7.35353,7.49971,7.35353,7.4935,33165.492048584,0
RSPS.US,D,20080124,000000,7.45319,7.48555,7.43322,7.45161,899656.52474311,0
RSPS.US,D,20080130,000000,7.45494,7.45494,7.43495,7.43495,1294.6405138716,0
RSPS.US,D,20080131,000000,7.33027,7.52162,7.33027,7.45978,96871.089605671,0
RSPS.US,D,20080201,000000,7.56446,7.57901,7.56446,7.57901,33165.492048584,0
RSPS.US,D,20080204,000000,7.59257,7.59257,7.56446,7.56446,54601.850517314,0
RSPS.US,D,20080205,000000,7.44427,7.44427,7.4177,7.4177,1294.6405138716,0
RSPS.US,D,20080206,000000,7.44133,7.44133,7.40219,7.40393,65655.295223393,0
RSPS.US,D,20080207,000000,7.41498,7.43031,7.41498,7.43031,64989.922210289,0
RSPS.US,D,20080208,000000,7.42427,7.45319,7.42254,7.42254,79318.65267856,0
RSPS.US,D,20080211,000000,7.40393,7.46229,7.40393,7.46096,35754.773076327,0
RSPS.US,D,20080212,000000,7.51153,7.54236,7.51153,7.54061,54601.850517314,0
RSPS.US,D,20080213,000000,7.59432,7.59432,7.59432,7.59432,13028.932024063,0
RSPS.US,D,20080214,000000,7.6263,7.6263,7.49641,7.49816,113768.46938035,0
RSPS.US,D,20080215,000000,7.50281,7.56969,7.50146,7.56969,45498.103477537,0
RSPS.US,D,20080219,000000,7.93206,7.93206,7.57127,7.57127,27955.982411093,0
RSPS.US,D,20080220,000000,7.53751,7.54915,7.51153,7.54915,5183.7199858209,0
RSPS.US,D,20080221,000000,7.56814,7.59684,7.51832,7.51832,59816.518085139,0
RSPS.US,D,20080222,000000,7.49971,7.52629,7.48867,7.52629,53307.210003435,0
RSPS.US,D,20080225,000000,7.59916,7.62748,7.59257,7.62748,40288.593840045,0
RSPS.US,D,20080226,000000,7.63327,7.66239,7.62748,7.66239,99465.528563746,0
RSPS.US,D,20080227,000000,7.67807,7.67807,7.67807,7.67807,32489.803174811,0
RSPS.US,D,20080228,000000,7.61022,7.61022,7.61022,7.61022,64989.922210289,0
RSPS.US,D,20080229,000000,7.45978,7.45978,7.45978,7.45978,1934.2238753062,0
RSPS.US,D,20080303,000000,7.45319,7.45319,7.44871,7.44871,33165.492048584,0
RSPS.US,D,20080304,000000,7.49022,7.4935,7.49022,7.4935,33799.917479684,0
RSPS.US,D,20080305,000000,7.51522,7.55826,7.48285,7.51346,165110.50792647,0
RSPS.US,D,20080306,000000,7.46539,7.46539,7.46364,7.46364,45498.103477537,0
RSPS.US,D,20080307,000000,7.39521,7.40393,7.36109,7.3923,118302.29014407,0
RSPS.US,D,20080310,000000,7.39832,7.40219,7.39832,7.40219,52012.569489567,0
RSPS.US,D,20080311,000000,7.41208,7.41208,7.41208,7.41208,32489.803174811,0
RSPS.US,D,20080312,000000,7.52473,7.53032,7.52473,7.53032,64989.922210289,0
RSPS.US,D,20080313,000000,7.46364,7.49022,7.44133,7.49022,143008.77644464,0
RSPS.US,D,20080314,000000,7.42876,7.44563,7.37156,7.39521,92316.637120617,0
RSPS.US,D,20080317,000000,7.34248,7.34248,7.34248,7.34248,32489.803174811,0
RSPS.US,D,20080318,000000,7.46714,7.51832,7.39911,7.51677,161216.2705242,0
RSPS.US,D,20080319,000000,7.59085,7.59085,7.50516,7.50516,34465.29049279,0
RSPS.US,D,20080320,000000,7.51522,7.51522,7.51522,7.51522,32489.803174811,0
RSPS.US,D,20080324,000000,7.59802,7.62884,7.59802,7.62437,33799.917479684,0
RSPS.US,D,20080325,000000,7.62748,7.62748,7.62127,7.62127,97484.883315433,0
RSPS.US,D,20080327,000000,7.63912,7.66995,7.63912,7.66995,33799.917479684,0
RSPS.US,D,20080328,000000,7.64048,7.64048,7.59684,7.59684,1294.6405138716,0
RSPS.US,D,20080402,000000,7.7533,7.7533,7.7533,7.7533,649.89922210289,0
RSPS.US,D,20080403,000000,7.72577,7.72577,7.72577,7.72577,1294.6405138716,0
RSPS.US,D,20080404,000000,7.74438,7.76725,7.73933,7.73933,4538.978694052,0
RSPS.US,D,20080407,000000,7.74768,7.76223,7.73449,7.73449,14318.414607601,0
RSPS.US,D,20080409,000000,7.67654,7.67654,7.64048,7.64048,1294.6405138716,0
RSPS.US,D,20080410,000000,7.66684,7.66684,7.66684,7.66684,1934.2238753062,0
RSPS.US,D,20080418,000000,7.71842,7.71842,7.71842,7.71842,649.89922210289,0
RSPS.US,D,20080421,000000,7.71181,7.74263,7.70716,7.74263,5178.5620554867,0
RSPS.US,D,20080422,000000,7.63327,7.63327,7.63327,7.63327,6488.6763603608,0
RSPS.US,D,20080424,000000,7.64745,7.64745,7.64745,7.64745,649.89922210289,0
RSPS.US,D,20080428,000000,7.76725,7.76725,7.73605,7.74263,5183.7199858209,0
RSPS.US,D,20080429,000000,7.74438,7.74438,7.74438,7.74438,6488.6763603608,0
RSPS.US,D,20080502,000000,7.82388,7.82388,7.82388,7.82388,6488.6763603608,0
RSPS.US,D,20080505,000000,7.79751,7.80429,7.79751,7.80099,4538.978694052,0
RSPS.US,D,20080506,000000,7.8136,7.8136,7.8136,7.8136,649.89922210289,0
RSPS.US,D,20080507,000000,7.85704,7.85704,7.76725,7.76725,7793.6327349008,0
RSPS.US,D,20080512,000000,7.79306,7.79306,7.79306,7.79306,649.89922210289,0
RSPS.US,D,20080516,000000,7.87603,7.88903,7.87603,7.88903,35017.189038544,0
RSPS.US,D,20080519,000000,7.88903,7.88903,7.88612,7.88612,2620.2286097482,0
RSPS.US,D,20080520,000000,7.81825,7.83475,7.81825,7.83475,29905.680077401,0
RSPS.US,D,20080521,000000,7.82832,7.85992,7.82832,7.85236,40190.593163697,0
RSPS.US,D,20080522,000000,7.81652,7.81652,7.81652,7.81652,649.89922210289,0
RSPS.US,D,20080523,000000,7.76223,7.76223,7.76223,7.76223,655.05715243704,0
RSPS.US,D,20080528,000000,7.79926,7.79926,7.79926,7.79926,27955.982411093,0
RSPS.US,D,20080529,000000,7.89386,7.89386,7.88766,7.88766,13642.725733827,0
RSPS.US,D,20080530,000000,7.87099,7.88903,7.87099,7.88475,10207.544131282,0
RSPS.US,D,20080602,000000,7.84519,7.84519,7.81205,7.81205,1294.6405138716,0
RSPS.US,D,20080603,000000,7.80256,7.80623,7.73933,7.73933,45498.103477537,0
RSPS.US,D,20080604,000000,7.7725,7.80429,7.7725,7.80429,1294.6405138716,0
RSPS.US,D,20080605,000000,7.88903,7.88903,7.88903,7.88903,13028.932024063,0
RSPS.US,D,20080606,000000,7.73605,7.73605,7.72267,7.72267,13642.725733827,0
RSPS.US,D,20080611,000000,7.66239,7.66239,7.64745,7.64745,1294.6405138716,0
RSPS.US,D,20080616,000000,7.63327,7.63327,7.63327,7.63327,649.89922210289,0
RSPS.US,D,20080619,000000,7.51989,7.51989,7.51989,7.51989,1934.2238753062,0
RSPS.US,D,20080620,000000,7.41402,7.41402,7.41402,7.41402,25985.653023448,0
RSPS.US,D,20080623,000000,7.36731,7.36731,7.36731,7.36731,649.89922210289,0
RSPS.US,D,20080624,000000,7.42427,7.42427,7.42427,7.42427,25985.653023448,0
RSPS.US,D,20080625,000000,7.47955,7.47955,7.47955,7.47955,649.89922210289,0
RSPS.US,D,20080627,000000,7.24594,7.24594,7.24594,7.24594,649.89922210289,0
RSPS.US,D,20080630,000000,7.27501,7.27501,7.27501,7.27501,649.89922210289,0
RSPS.US,D,20080701,000000,7.27035,7.27035,7.27035,7.27035,649.89922210289,0
RSPS.US,D,20080703,000000,7.24728,7.2566,7.24728,7.2566,13028.932024063,0
RSPS.US,D,20080707,000000,7.28238,7.28238,7.28238,7.28238,1294.6405138716,0
RSPS.US,D,20080708,000000,7.31533,7.31533,7.28411,7.28411,32489.803174811,0
RSPS.US,D,20080709,000000,7.38417,7.38417,7.38417,7.38417,7138.5755824634,0
RSPS.US,D,20080711,000000,7.26221,7.26221,7.26221,7.26221,6488.6763603608,0
RSPS.US,D,20080714,000000,7.3103,7.3287,7.3103,7.3287,5843.935068592,0
RSPS.US,D,20080715,000000,7.20908,7.29344,7.20212,7.29344,45498.103477537,0
RSPS.US,D,20080717,000000,7.33317,7.39521,7.32717,7.39521,84847.953996764,0
RSPS.US,D,20080718,000000,7.36459,7.36459,7.36459,7.36459,649.89922210289,0
RSPS.US,D,20080721,000000,7.30873,7.30873,7.30873,7.30873,649.89922210289,0
RSPS.US,D,20080722,000000,7.36263,7.36263,7.36263,7.36263,6488.6763603608,0
RSPS.US,D,20080723,000000,7.49971,7.49971,7.49971,7.49971,649.89922210289,0
RSPS.US,D,20080724,000000,7.48672,7.48672,7.3923,7.3923,29250.622924964,0
RSPS.US,D,20080725,000000,7.39055,7.39055,7.37309,7.37815,30870.213049887,0
RSPS.US,D,20080729,000000,7.44563,7.44563,7.44563,7.44563,649.89922210289,0
RSPS.US,D,20080730,000000,7.51677,7.51677,7.51677,7.51677,649.89922210289,0
RSPS.US,D,20080731,000000,7.49641,7.49641,7.44718,7.44718,28394.406489495,0
RSPS.US,D,20080804,000000,7.42876,7.42876,7.42876,7.42876,649.89922210289,0
RSPS.US,D,20080805,000000,7.7725,7.7725,7.56001,7.59916,33799.917479684,0
RSPS.US,D,20080806,000000,7.66392,7.66392,7.66392,7.66392,649.89922210289,0
RSPS.US,D,20080807,000000,7.60401,7.60401,7.60401,7.60401,649.89922210289,0
RSPS.US,D,20080808,000000,7.33822,7.73933,7.33822,7.73933,2207.5941830162,0
RSPS.US,D,20080811,000000,7.8107,7.81825,7.78898,7.78898,76058.84070738,0
RSPS.US,D,20080812,000000,7.76223,7.76223,7.76223,7.76223,1294.6405138716,0
RSPS.US,D,20080813,000000,7.76881,7.79035,7.73933,7.76534,13219.775446426,0
RSPS.US,D,20080814,000000,7.71975,7.82117,7.71975,7.82117,4513.1890423812,0
RSPS.US,D,20080815,000000,8.00069,8.00069,7.84519,7.8741,255884.92387718,0
RSPS.US,D,20080818,000000,7.82561,7.83162,7.76534,7.76534,34465.29049279,0
RSPS.US,D,20080819,000000,7.71842,7.71842,7.70446,7.70446,33799.917479684,0
RSPS.US,D,20080820,000000,7.65676,7.68273,7.65676,7.68273,7793.6327349008,0
RSPS.US,D,20080821,000000,7.64745,7.64745,7.64745,7.64745,649.89922210289,0
RSPS.US,D,20080822,000000,7.68894,7.6903,7.68894,7.68894,34465.29049279,0
RSPS.US,D,20080825,000000,7.61661,7.61818,7.59531,7.60073,26284.812982828,0
RSPS.US,D,20080828,000000,7.62748,7.62748,7.62748,7.62748,19507.292523755,0
RSPS.US,D,20080829,000000,7.58076,7.58076,7.58076,7.58076,649.89922210289,0
RSPS.US,D,20080902,000000,7.64415,7.66102,7.64415,7.66102,32489.803174811,0
RSPS.US,D,20080903,000000,7.63465,7.65073,7.63465,7.65073,1294.6405138716,0
RSPS.US,D,20080904,000000,7.60073,7.60073,7.5317,7.5317,4812.3490017619,0
RSPS.US,D,20080905,000000,7.56446,7.58755,7.56446,7.58755,3852.97395961,0
RSPS.US,D,20080908,000000,7.73003,7.75777,7.73003,7.75777,4538.978694052,0
RSPS.US,D,20080909,000000,7.79926,7.83162,7.79926,7.83162,1294.6405138716,0
RSPS.US,D,20080910,000000,7.73605,7.73605,7.73605,7.73605,6488.6763603608,0
RSPS.US,D,20080911,000000,7.73799,7.8107,7.73799,7.8107,8629.2174490327,0
RSPS.US,D,20080912,000000,7.82252,7.82252,7.82117,7.82117,4538.978694052,0
RSPS.US,D,20080915,000000,7.7855,7.83162,7.7855,7.83162,7793.6327349008,0
RSPS.US,D,20080916,000000,7.67479,7.69205,7.63039,7.69205,64778.447066589,0
RSPS.US,D,20080917,000000,7.66527,7.66527,7.50146,7.50146,65696.558666068,0
RSPS.US,D,20080918,000000,7.57127,7.67654,7.48555,7.6263,202814.97866911,0
RSPS.US,D,20080919,000000,8.15619,22.3152,7.59085,7.59432,192199.95804142,0
RSPS.US,D,20080922,000000,7.53032,7.53032,7.44563,7.44563,182910.52550963,0
RSPS.US,D,20080923,000000,7.4813,7.4813,7.4813,7.4813,649.89922210289,0
RSPS.US,D,20080924,000000,7.4177,7.43651,7.4177,7.43651,32489.803174811,0
RSPS.US,D,20080925,000000,7.49527,7.5825,7.49527,7.5825,114392.57895078,0
RSPS.US,D,20080926,000000,7.25505,7.57127,7.25505,7.57127,12678.192761341,0
RSPS.US,D,20080929,000000,7.61158,7.61158,7.29073,7.33474,77358.639151582,0
RSPS.US,D,20080930,000000,7.33822,7.42254,7.33822,7.42254,107914.21845108,0
RSPS.US,D,20081001,000000,7.43651,7.50281,7.43651,7.49971,128803.83630439,0
RSPS.US,D,20081002,000000,7.40393,7.40393,7.39385,7.39385,3724.0257012563,0
RSPS.US,D,20081003,000000,7.30526,7.30526,7.29614,7.29614,7484.1569148518,0
RSPS.US,D,20081006,000000,7.14997,7.14997,6.88105,7.01384,61534.10888641,0
RSPS.US,D,20081007,000000,7.15635,7.15635,6.9299,6.93145,22602.050724245,0
RSPS.US,D,20081008,000000,6.76899,6.88436,6.7277,6.7277,44853.362185768,0
RSPS.US,D,20081009,000000,6.63872,6.63872,6.4557,6.4557,5266.246871167,0
RSPS.US,D,20081010,000000,6.13618,6.44735,5.86844,6.25173,82336.041924034,0
RSPS.US,D,20081013,000000,6.4392,6.57357,6.40412,6.57357,11734.291510192,0
RSPS.US,D,20081014,000000,6.68408,6.68408,6.50414,6.50414,5183.7199858209,0
RSPS.US,D,20081015,000000,6.31551,6.31551,6.16971,6.212,55380.697997771,0
RSPS.US,D,20081016,000000,6.123,6.26298,6.02528,6.25969,9108.9049701087,0
RSPS.US,D,20081017,000000,6.23235,6.47002,6.23235,6.34305,22400.891441214,0
RSPS.US,D,20081020,000000,6.37058,6.48728,6.37058,6.48728,52095.096374912,0
RSPS.US,D,20081021,000000,6.40723,6.46598,6.39442,6.43087,27450.505238346,0
RSPS.US,D,20081022,000000,6.23061,6.23061,6.07626,6.07626,7138.5755824634,0
RSPS.US,D,20081023,000000,6.12456,6.16545,5.9489,6.15963,79989.183621999,0
RSPS.US,D,20081024,000000,5.98419,6.06097,5.86844,5.96286,61358.739255047,0
RSPS.US,D,20081028,000000,5.91829,6.18641,5.90063,6.18485,55024.800804712,0
RSPS.US,D,20081029,000000,6.24224,6.38261,6.21025,6.36748,16381.58674126,0
RSPS.US,D,20081030,000000,6.35973,6.35973,6.22286,6.22286,5684.039228233,0
RSPS.US,D,20081031,000000,6.38414,6.43242,6.33083,6.43242,4466.7676693739,0
RSPS.US,D,20081103,000000,6.38261,6.39791,6.35818,6.35818,50852.035164384,0
RSPS.US,D,20081104,000000,6.4716,6.4716,6.4716,6.4716,3822.0263776051,0
RSPS.US,D,20081105,000000,6.53034,6.53034,6.45994,6.4716,6174.0426099776,0
RSPS.US,D,20081106,000000,6.33937,6.33937,6.13618,6.13618,2620.2286097482,0
RSPS.US,D,20081107,000000,6.19221,6.20268,6.18949,6.19938,35094.557993556,0
RSPS.US,D,20081111,000000,6.13772,6.13772,6.04932,6.04932,2620.2286097482,0
RSPS.US,D,20081112,000000,5.89326,5.89326,5.8859,5.8859,3218.5485285096,0
RSPS.US,D,20081113,000000,5.90236,6.0625,5.8442,6.0625,26965.659786936,0
RSPS.US,D,20081114,000000,5.99504,5.99504,5.99504,5.99504,897.4798781421,0
RSPS.US,D,20081117,000000,5.88725,6.015,5.87852,5.96576,50681.823463357,0
RSPS.US,D,20081119,000000,5.99369,5.99369,5.83741,5.83741,7009.62732411,0
RSPS.US,D,20081120,000000,5.61484,5.61484,5.61484,5.61484,649.89922210289,0
RSPS.US,D,20081121,000000,5.50453,5.72923,5.36784,5.72923,53049.313486727,0
RSPS.US,D,20081124,000000,5.80523,5.88451,5.78603,5.88451,22576.261072574,0
RSPS.US,D,20081125,000000,5.89169,5.89169,5.74454,5.79671,18331.284407569,0
RSPS.US,D,20081126,000000,5.74592,5.87677,5.73351,5.87677,12946.405138716,0
RSPS.US,D,20081201,000000,6.13772,6.13772,5.75793,5.75793,90366.939454306,0
RSPS.US,D,20081202,000000,5.72129,5.72129,5.6765,5.6765,10393.229623312,0
RSPS.US,D,20081203,000000,5.78914,5.78914,5.78914,5.78914,2620.2286097482,0
RSPS.US,D,20081204,000000,5.67786,5.8442,5.67786,5.8442,2078.6459246624,0
RSPS.US,D,20081205,000000,5.70113,5.9136,5.67049,5.9136,8974.798781421,0
RSPS.US,D,20081208,000000,5.99969,5.99969,5.99969,5.99969,13544.725057477,0
RSPS.US,D,20081209,000000,5.96848,5.96848,5.91829,5.91829,13859.35880786,0
RSPS.US,D,20081210,000000,5.90236,5.90586,5.90063,5.90586,2109.5935066673,0
RSPS.US,D,20081211,000000,5.95644,5.95644,5.95644,5.95644,2620.2286097482,0
RSPS.US,D,20081212,000000,5.78275,5.92002,5.78275,5.92002,9108.9049701087,0
RSPS.US,D,20081215,000000,5.88725,5.88725,5.88725,5.88725,2450.0169087212,0
RSPS.US,D,20081216,000000,6.0625,6.0625,6.0625,6.0625,3847.8160292758,0
RSPS.US,D,20081217,000000,6.06425,6.06425,6.04623,6.04623,16649.799118636,0
RSPS.US,D,20081218,000000,6.13772,6.15963,6.05786,6.05786,8789.1132893917,0
RSPS.US,D,20081219,000000,6.08249,6.13521,6.02374,6.02374,13462.198172132,0
RSPS.US,D,20081222,000000,5.94114,5.94597,5.94114,5.94597,13642.725733827,0
RSPS.US,D,20081224,000000,5.97681,5.97681,5.97681,5.97681,6937.4162994318,0
RSPS.US,D,20081230,000000,6.05321,6.06871,6.02374,6.06871,63205.278314673,0
RSPS.US,D,20081231,000000,6.11775,6.16411,6.10982,6.16411,257726.30500647,0
RSPS.US,D,20090102,000000,6.15517,6.23389,6.15517,6.23389,14235.887722254,0
RSPS.US,D,20090105,000000,6.26142,6.26142,6.26142,6.26142,1934.2238753062,0
RSPS.US,D,20090108,000000,6.10575,6.10575,6.10575,6.10575,2408.7534660481,0
RSPS.US,D,20090109,000000,6.11137,6.14102,6.11137,6.14102,4384.2407840274,0
RSPS.US,D,20090113,000000,6.07626,6.10575,6.07626,6.10575,7824.5803169053,0
RSPS.US,D,20090114,000000,5.9489,5.9489,5.93475,5.93475,1346.2198172131,0
RSPS.US,D,20090115,000000,5.93318,5.93318,5.90063,5.90063,11615.659112506,0
RSPS.US,D,20090116,000000,6.05321,6.06425,6.03343,6.0625,145561.95196005,0
RSPS.US,D,20090120,000000,6.04623,6.05184,5.97992,5.97992,137180.31516705,0
RSPS.US,D,20090121,000000,5.9489,5.98672,5.9136,5.98672,14761.996616337,0
RSPS.US,D,20090122,000000,5.94424,5.94424,5.94424,5.94424,649.89922210289,0
RSPS.US,D,20090123,000000,6.0026,6.0026,5.97836,5.97836,25361.543453015,0
RSPS.US,D,20090126,000000,6.01267,6.09061,6.01267,6.07784,3373.2864385341,0
RSPS.US,D,20090127,000000,6.14277,6.14277,6.09061,6.13231,4667.9269524056,0
RSPS.US,D,20090128,000000,6.16293,6.20268,6.16293,6.1829,19672.346294448,0
RSPS.US,D,20090129,000000,6.19106,6.19221,6.13231,6.13231,6854.8894140852,0
RSPS.US,D,20090203,000000,5.98282,6.07784,5.98282,6.07784,1542.2211699108,0
RSPS.US,D,20090204,000000,5.95644,5.98127,5.95644,5.97525,14932.208317364,0
RSPS.US,D,20090205,000000,6.01773,6.01773,6.01773,6.01773,969.69090282017,0
RSPS.US,D,20090206,000000,6.14587,6.14587,6.13772,6.13772,4363.6090626909,0
RSPS.US,D,20090209,000000,6.09218,6.09218,6.06871,6.06871,10393.229623312,0
RSPS.US,D,20090210,000000,6.04623,6.04623,5.85079,5.85079,5637.6178552257,0
RSPS.US,D,20090211,000000,5.91672,5.9425,5.91672,5.9425,24556.906320888,0
RSPS.US,D,20090212,000000,5.89036,5.93785,5.86844,5.93785,19187.500843038,0
RSPS.US,D,20090213,000000,5.94114,5.96713,5.94114,5.96713,3218.5485285096,0
RSPS.US,D,20090218,000000,5.74592,5.74592,5.73623,5.73623,1810.4335472866,0
RSPS.US,D,20090219,000000,5.83453,5.83918,5.83453,5.83918,8603.4277973619,0
RSPS.US,D,20090223,000000,5.78741,5.78741,5.58867,5.58867,2130.2252280039,0
RSPS.US,D,20090224,000000,5.6323,5.70578,5.6323,5.70578,11821.976325872,0
RSPS.US,D,20090225,000000,5.69376,5.69376,5.69221,5.69221,2635.7024007506,0
RSPS.US,D,20090226,000000,5.57491,5.57491,5.54583,5.54583,9346.1697654796,0
RSPS.US,D,20090302,000000,5.39983,5.39983,5.363,5.37967,33464.652007965,0
RSPS.US,D,20090303,000000,5.32578,5.32578,5.31626,5.31626,3038.0209668143,0
RSPS.US,D,20090304,000000,5.37328,5.37443,5.34885,5.34885,3316.5492048585,0
RSPS.US,D,20090305,000000,5.19434,5.21665,5.17185,5.17185,66305.194445502,0
RSPS.US,D,20090306,000000,5.19802,5.2517,5.14915,5.2517,181388.93606105,0
RSPS.US,D,20090309,000000,5.18465,5.20267,5.18465,5.20267,7793.6327349008,0
RSPS.US,D,20090310,000000,5.22244,5.2994,5.21371,5.2994,29389.887043987,0
RSPS.US,D,20090311,000000,5.31626,5.31626,5.30445,5.30445,1934.2238753062,0
RSPS.US,D,20090312,000000,5.38258,5.48552,5.38258,5.48552,8907.7456870771,0
RSPS.US,D,20090313,000000,5.5565,5.57336,5.5565,5.57336,6008.9888392848,0
RSPS.US,D,20090316,000000,6.29011,6.29011,5.6825,5.6825,1294.6405138716,0
RSPS.US,D,20090318,000000,5.73234,5.74454,5.7116,5.7116,25985.653023448,0
RSPS.US,D,20090319,000000,5.65809,5.6765,5.62397,5.63501,12662.718970338,0
RSPS.US,D,20090320,000000,5.62589,5.62589,5.62589,5.62589,649.89922210289,0
RSPS.US,D,20090323,000000,5.65363,5.79786,5.65363,5.79205,154737.9100245,0
RSPS.US,D,20090324,000000,5.79786,5.83453,5.79786,5.82345,20275.824143544,0
RSPS.US,D,20090325,000000,5.85564,5.87,5.8442,5.86844,79494.022309918,0
RSPS.US,D,20090326,000000,5.90895,5.91245,5.90895,5.91245,2413.9113963822,0
RSPS.US,D,20090330,000000,5.66292,5.66292,5.66292,5.66292,649.89922210289,0
RSPS.US,D,20090331,000000,5.69376,5.76298,5.69376,5.76298,433792.25696268,0
RSPS.US,D,20090401,000000,5.83102,5.83102,5.80893,5.80893,5843.935068592,0
RSPS.US,D,20090402,000000,5.95644,6.00105,5.95354,6.00105,3156.6533644998,0
RSPS.US,D,20090403,000000,5.99969,5.99969,5.96441,5.96441,6488.6763603608,0
RSPS.US,D,20090406,000000,5.98282,5.98282,5.93318,5.93318,1294.6405138716,0
RSPS.US,D,20090407,000000,5.86844,5.86844,5.85429,5.85429,3218.5485285096,0
RSPS.US,D,20090408,000000,5.87522,5.92253,5.87522,5.91535,14143.044976239,0
RSPS.US,D,20090409,000000,5.96576,5.97217,5.95221,5.96848,47726.329381889,0
RSPS.US,D,20090414,000000,5.90411,5.90411,5.8735,5.89926,24752.907673586,0
RSPS.US,D,20090416,000000,6.4456,6.4456,5.93648,5.97217,3404.234020539,0
RSPS.US,D,20090417,000000,6.0625,6.09876,6.0625,6.09876,1588.6425429182,0
RSPS.US,D,20090423,000000,6.65286,6.71955,6.00435,6.00435,37281.520455235,0
RSPS.US,D,20090424,000000,6.07182,6.07182,6.03652,6.04932,6839.4156230829,0
RSPS.US,D,20090427,000000,6.02683,6.02838,6.02683,6.02838,3909.7111932856,0
RSPS.US,D,20090428,000000,6.30718,6.30718,5.99,6.05476,10393.229623312,0
RSPS.US,D,20090430,000000,6.21355,6.22439,6.17806,6.18949,12131.452145921,0
RSPS.US,D,20090501,000000,6.29011,6.29011,6.15227,6.19666,43166.718966501,0
RSPS.US,D,20090504,000000,6.27345,6.35661,6.27345,6.35352,16649.799118636,0
RSPS.US,D,20090505,000000,6.33296,6.34305,6.31551,6.32406,21678.781194432,0
RSPS.US,D,20090506,000000,6.3921,6.39325,6.32561,6.32561,13317.776122775,0
RSPS.US,D,20090507,000000,6.27034,6.3921,6.27034,6.3444,23896.691238117,0
RSPS.US,D,20090508,000000,6.37699,6.37699,6.37699,6.37699,3909.7111932856,0
RSPS.US,D,20090511,000000,6.76782,6.95414,6.34731,6.36575,40649.648963436,0
RSPS.US,D,20090512,000000,6.44077,6.44387,6.44077,6.44387,1614.4321945889,0
RSPS.US,D,20090513,000000,6.36088,6.36088,6.32561,6.32561,5843.935068592,0
RSPS.US,D,20090514,000000,6.36243,6.36417,6.36243,6.36417,13642.725733827,0
RSPS.US,D,20090515,000000,6.37834,6.37834,6.32076,6.32076,124166.85693399,0
RSPS.US,D,20090519,000000,6.41904,6.45821,6.41206,6.45821,21317.726071041,0
RSPS.US,D,20090520,000000,6.49388,6.49835,6.42582,6.42582,11729.133579857,0
RSPS.US,D,20090521,000000,6.39908,6.39908,6.36088,6.36088,1934.2238753062,0
RSPS.US,D,20090522,000000,6.43785,6.43785,6.43785,6.43785,6488.6763603608,0
RSPS.US,D,20090526,000000,6.38261,6.50414,6.35973,6.50414,31767.692928029,0
RSPS.US,D,20090527,000000,6.46306,6.46306,6.46306,6.46306,649.89922210289,0
RSPS.US,D,20090528,000000,6.41904,6.4557,6.34869,6.42488,9743.330401209,0
RSPS.US,D,20090601,000000,6.55708,6.64317,6.55708,6.62067,6921.9425084291,0
RSPS.US,D,20090602,000000,6.72283,6.72283,6.72283,6.72283,13028.932024063,0
RSPS.US,D,20090603,000000,6.66702,6.66702,6.63872,6.63872,2207.5941830162,0
RSPS.US,D,20090604,000000,6.64317,6.66875,6.62863,6.66875,9480.2759541678,0
RSPS.US,D,20090605,000000,6.65906,6.67224,6.61486,6.61486,12456.401756972,0
RSPS.US,D,20090608,000000,6.6133,6.6133,6.6133,6.6133,3110.2319914924,0
RSPS.US,D,20090610,000000,6.65906,6.68137,6.65906,6.68137,9108.9049701087,0
RSPS.US,D,20090611,000000,6.61643,6.64317,6.61643,6.64317,2620.2286097482,0
RSPS.US,D,20090612,000000,6.5918,6.5918,6.5918,6.5918,1294.6405138716,0
RSPS.US,D,20090615,000000,6.50572,6.50572,6.4995,6.4995,113706.57421633,0
RSPS.US,D,20090616,000000,6.44232,6.44232,6.43785,6.43785,8134.0561369543,0
RSPS.US,D,20090618,000000,6.54741,6.57842,6.54741,6.57842,1562.8528912474,0
RSPS.US,D,20090619,000000,6.56698,6.56698,6.50085,6.50085,2346.8583020382,0
RSPS.US,D,20090622,000000,6.46869,6.46869,6.46869,6.46869,758.21575912007,0
RSPS.US,D,20090623,000000,6.42582,6.42582,6.41904,6.41904,1934.2238753062,0
RSPS.US,D,20090624,000000,6.44232,6.45821,6.42972,6.42972,7458.367263181,0
RSPS.US,D,20090625,000000,6.39791,6.48419,6.39791,6.48419,18852.235371318,0
RSPS.US,D,20090626,000000,6.47606,6.47606,6.47606,6.47606,1206.9556981911,0
RSPS.US,D,20090629,000000,6.51656,6.5412,6.51541,6.5412,18310.652686232,0
RSPS.US,D,20090630,000000,6.53828,6.53828,6.4995,6.50707,35919.82684702,0
RSPS.US,D,20090701,000000,6.64648,6.64648,6.6418,6.6418,1294.6405138716,0
RSPS.US,D,20090702,000000,6.59023,6.59023,6.50707,6.50707,36389.198507428,0
RSPS.US,D,20090706,000000,6.54546,6.58266,6.54546,6.57667,10903.864726394,0
RSPS.US,D,20090707,000000,6.58266,6.58266,6.55826,6.55826,65655.295223393,0
RSPS.US,D,20090708,000000,6.51791,6.51791,6.48575,6.48575,1294.6405138716,0
RSPS.US,D,20090709,000000,6.49835,6.49835,6.48129,6.48129,8644.6912400354,0
RSPS.US,D,20090714,000000,6.54449,6.54449,6.54449,6.54449,649.89922210289,0
RSPS.US,D,20090715,000000,6.6418,6.70734,6.6418,6.70734,7164.3652341342,0
RSPS.US,D,20090716,000000,6.71471,6.71471,6.71471,6.71471,649.89922210289,0
RSPS.US,D,20090717,000000,6.7277,6.7277,6.7277,6.7277,1459.6942845645,0
RSPS.US,D,20090720,000000,6.69919,6.69919,6.68738,6.69765,23396.371995704,0
RSPS.US,D,20090721,000000,6.78101,6.78101,6.71644,6.71644,3218.5485285096,0
RSPS.US,D,20090722,000000,6.80874,6.80874,6.78374,6.79343,1934.2238753062,0
RSPS.US,D,20090723,000000,6.84073,6.84073,6.84073,6.84073,6488.6763603608,0
RSPS.US,D,20090727,000000,6.88105,6.88263,6.88105,6.88105,2620.2286097482,0
RSPS.US,D,20090728,000000,6.8892,6.96151,6.8892,6.92815,10718.179234363,0
RSPS.US,D,20090729,000000,6.93631,6.93631,6.92815,6.92815,1366.8515385497,0
RSPS.US,D,20090730,000000,7.02743,7.02743,7.01988,7.01988,8753.0077770524,0
RSPS.US,D,20090731,000000,6.96228,6.96228,6.96228,6.96228,2692.4396344262,0
RSPS.US,D,20090803,000000,6.9652,6.96674,6.94891,6.94891,9743.330401209,0
RSPS.US,D,20090804,000000,7.01697,7.01697,6.99041,6.99041,2702.7554950945,0
RSPS.US,D,20090805,000000,6.97953,6.97953,6.95976,6.96385,13054.721675734,0
RSPS.US,D,20090806,000000,6.92815,6.92815,6.91537,6.92138,7917.42306292,0
RSPS.US,D,20090807,000000,6.98478,6.98478,6.9652,6.9652,1294.6405138716,0
RSPS.US,D,20090810,000000,6.95414,6.95414,6.95414,6.95414,6488.6763603608,0
RSPS.US,D,20090811,000000,6.96851,6.96851,6.95822,6.96228,23174.580991335,0
RSPS.US,D,20090812,000000,6.99331,6.99331,6.99331,6.99331,649.89922210289,0
RSPS.US,D,20090813,000000,6.92293,6.96228,6.92293,6.96228,79318.65267856,0
RSPS.US,D,20090814,000000,6.92702,6.94716,6.9243,6.94716,29596.204257352,0
RSPS.US,D,20090817,000000,6.87505,6.87505,6.87505,6.87505,9877.4365898972,0
RSPS.US,D,20090818,000000,6.89909,6.89909,6.89909,6.89909,649.89922210289,0
RSPS.US,D,20090819,000000,6.89054,6.94581,6.88726,6.93939,8077.318903279,0
RSPS.US,D,20090820,000000,6.95976,6.978,6.95976,6.978,3182.4430161705,0
RSPS.US,D,20090821,000000,7.02743,7.11119,7.02743,7.08405,5157.9303341501,0
RSPS.US,D,20090824,000000,7.10907,7.10907,7.06971,7.09063,2620.2286097482,0
RSPS.US,D,20090825,000000,7.10169,7.13891,7.10169,7.12416,3584.7615822342,0
RSPS.US,D,20090826,000000,7.15307,7.15307,7.12727,7.14162,2279.8052076943,0
RSPS.US,D,20090827,000000,7.08714,7.14162,7.08714,7.14162,2656.3341220873,0
RSPS.US,D,20090828,000000,7.09722,7.09722,7.09722,7.09722,871.69022647136,0
RSPS.US,D,20090831,000000,7.07901,7.07901,7.07609,7.07609,1557.6949609133,0
RSPS.US,D,20090901,000000,7.13213,7.13213,7.01384,7.01384,11259.761919449,0
RSPS.US,D,20090902,000000,7.00882,7.00882,7.00882,7.00882,1010.9543454934,0
RSPS.US,D,20090903,000000,7.00727,7.01697,7.00727,7.01697,1346.2198172131,0
RSPS.US,D,20090904,000000,7.08209,7.08209,7.08209,7.08209,649.89922210289,0
RSPS.US,D,20090908,000000,7.0313,7.19437,7.0313,7.19047,42289.870809696,0
RSPS.US,D,20090909,000000,7.1992,7.1992,7.1992,7.1992,3182.4430161705,0
RSPS.US,D,20090910,000000,7.22266,7.22266,7.22266,7.22266,1294.6405138716,0
RSPS.US,D,20090911,000000,7.25775,7.25775,7.25775,7.25775,1294.6405138716,0
RSPS.US,D,20090915,000000,7.22731,7.22731,7.21685,7.22731,7324.2610744927,0
RSPS.US,D,20090916,000000,7.21975,7.26105,7.21975,7.26105,3909.7111932856,0
RSPS.US,D,20090917,000000,7.28238,7.28238,7.23739,7.23739,3218.5485285096,0
RSPS.US,D,20090921,000000,7.24905,7.24905,7.24905,7.24905,1294.6405138716,0
RSPS.US,D,20090922,000000,7.26221,7.27501,7.24905,7.27501,6798.1521804099,0
RSPS.US,D,20090923,000000,7.30351,7.35353,7.30351,7.32155,4146.9759886565,0
RSPS.US,D,20090924,000000,7.26105,7.26105,7.2153,7.22441,12193.34730993,0
RSPS.US,D,20090925,000000,7.2153,7.23467,7.20908,7.22731,15210.736555408,0
RSPS.US,D,20090928,000000,7.28587,7.28587,7.28587,7.28587,1351.3777475473,0
RSPS.US,D,20090929,000000,7.29752,7.29752,7.29752,7.29752,3491.9188362196,0
RSPS.US,D,20090930,000000,7.23467,7.28026,7.23467,7.28026,25531.755154042,0
RSPS.US,D,20091001,000000,7.23062,7.23062,7.22731,7.22731,2300.4369290308,0
RSPS.US,D,20091002,000000,7.21202,7.21975,7.21202,7.21975,4667.9269524056,0
RSPS.US,D,20091007,000000,7.33822,7.35818,7.33822,7.35818,2104.4355763331,0
RSPS.US,D,20091008,000000,7.40219,7.43165,7.40219,7.43031,8128.8982066201,0
RSPS.US,D,20091009,000000,7.43031,7.43031,7.43031,7.43031,2279.8052076943,0
RSPS.US,D,20091012,000000,7.50146,7.50631,7.50146,7.50516,4167.6077099932,0
RSPS.US,D,20091014,000000,7.50824,7.50824,7.46539,7.47218,7019.943184778,0
RSPS.US,D,20091015,000000,7.53751,7.5728,7.53751,7.5728,11166.919173434,0
RSPS.US,D,20091016,000000,7.55672,7.61952,7.55672,7.61952,21183.619882354,0
RSPS.US,D,20091019,000000,7.6364,7.68448,7.6364,7.66239,4312.0297593493,0
RSPS.US,D,20091020,000000,7.64415,7.64415,7.64415,7.64415,13028.932024063,0
RSPS.US,D,20091021,000000,7.69804,7.69804,7.69804,7.69804,6488.6763603608,0
RSPS.US,D,20091022,000000,7.59916,7.60073,7.54411,7.54411,5183.7199858209,0
RSPS.US,D,20091026,000000,7.56446,7.56814,7.47218,7.48285,79050.440301185,0
RSPS.US,D,20091028,000000,7.47819,7.47819,7.45161,7.45161,2279.8052076943,0
RSPS.US,D,20091029,000000,7.45667,7.54566,7.45494,7.54566,2094.1197156649,0
RSPS.US,D,20091030,000000,7.46229,7.46229,7.45008,7.45008,1294.6405138716,0
RSPS.US,D,20091104,000000,7.46539,7.51153,7.46539,7.51153,20131.402094188,0
RSPS.US,D,20091105,000000,7.46539,7.48672,7.46539,7.48672,13642.725733827,0
RSPS.US,D,20091109,000000,7.56272,7.56272,7.56272,7.56272,1294.6405138716,0
RSPS.US,D,20091110,000000,7.65539,7.66239,7.63327,7.63327,46452.320589354,0
RSPS.US,D,20091111,000000,7.62264,7.62437,7.62264,7.62437,21235.199185695,0
RSPS.US,D,20091112,000000,7.61488,7.61488,7.61488,7.61488,1934.2238753062,0
RSPS.US,D,20091113,000000,7.60073,7.62264,7.60073,7.62264,7138.5755824634,0
RSPS.US,D,20091117,000000,7.69474,7.70116,7.68273,7.70116,17867.070677495,0
RSPS.US,D,20091118,000000,7.66684,7.67324,7.66102,7.67324,5493.1958058699,0
RSPS.US,D,20091119,000000,7.61158,7.63327,7.60401,7.63327,7793.6327349008,0
RSPS.US,D,20091120,000000,7.63327,7.65539,7.63327,7.65073,6865.2052747537,0
RSPS.US,D,20091123,000000,7.71667,7.74438,7.71667,7.72112,22426.681092884,0
RSPS.US,D,20091124,000000,7.71842,7.71842,7.70716,7.71357,7019.943184778,0
RSPS.US,D,20091125,000000,7.70446,7.70446,7.70446,7.70446,969.69090282017,0
RSPS.US,D,20091130,000000,7.56814,7.56814,7.56446,7.56446,8799.4291500597,0
RSPS.US,D,20091201,000000,7.66838,7.69474,7.66239,7.69474,9939.3317539068,0
RSPS.US,D,20091202,000000,7.62748,7.70116,7.62748,7.69205,18202.336149215,0
RSPS.US,D,20091203,000000,7.71006,7.71006,7.66239,7.6932,17552.436927112,0
RSPS.US,D,20091204,000000,7.70249,7.70249,7.68448,7.68448,1934.2238753062,0
RSPS.US,D,20091208,000000,7.5862,7.60073,7.57746,7.59085,48809.494752061,0
RSPS.US,D,20091209,000000,7.55362,7.59531,7.55362,7.59531,8778.7974287232,0
RSPS.US,D,20091210,000000,7.64745,7.649,7.6263,7.6263,42981.033474472,0
RSPS.US,D,20091214,000000,7.71181,7.71181,7.68001,7.68894,9108.9049701087,0
RSPS.US,D,20091216,000000,7.6932,7.6932,7.6932,7.6932,1335.9039565448,0
RSPS.US,D,20091217,000000,7.64048,7.64048,7.5474,7.5474,6287.5170773288,0
RSPS.US,D,20091218,000000,7.42584,7.43165,7.42584,7.43165,1372.0094688839,0
RSPS.US,D,20091221,000000,7.53597,7.57127,7.53597,7.57127,4817.506932096,0
RSPS.US,D,20091222,000000,7.59257,7.59257,7.59257,7.59257,923.26952981284,0
RSPS.US,D,20091223,000000,7.6263,7.6263,7.6263,7.6263,2223.0679740187,0
RSPS.US,D,20091228,000000,7.68563,7.69941,7.67807,7.69941,21126.882648678,0
RSPS.US,D,20091229,000000,7.69941,7.69941,7.69941,7.69941,2279.8052076943,0
RSPS.US,D,20091230,000000,7.68001,7.68001,7.68001,7.68001,1010.9543454934,0
RSPS.US,D,20100104,000000,7.60672,7.67479,7.60672,7.66838,22354.470068206,0
RSPS.US,D,20100105,000000,7.65676,7.65676,7.64243,7.64415,16964.432869019,0
RSPS.US,D,20100106,000000,7.68157,7.68273,7.68157,7.68273,7654.3686158783,0
RSPS.US,D,20100107,000000,7.6523,7.67324,7.65073,7.67324,2620.2286097482,0
RSPS.US,D,20100111,000000,7.65966,7.66838,7.62437,7.66838,6643.4142703851,0
RSPS.US,D,20100113,000000,7.76396,7.76725,7.7533,7.7533,5008.3503544596,0
RSPS.US,D,20100114,000000,7.76534,7.76534,7.76534,7.76534,3218.5485285096,0
RSPS.US,D,20100119,000000,7.77675,7.7822,7.75059,7.7822,9206.9056464576,0
RSPS.US,D,20100120,000000,7.70716,7.73799,7.70716,7.73799,9108.9049701087,0
RSPS.US,D,20100121,000000,7.71975,7.71975,7.70446,7.70446,2852.3354747849,0
RSPS.US,D,20100122,000000,7.66838,7.66838,7.66838,7.66838,2620.2286097482,0
RSPS.US,D,20100125,000000,7.65966,7.65966,7.65966,7.65966,649.89922210289,0
RSPS.US,D,20100128,000000,7.66684,7.68157,7.63327,7.63813,30158.418663775,0
RSPS.US,D,20100129,000000,7.6932,7.6932,7.65966,7.65966,1934.2238753062,0
RSPS.US,D,20100201,000000,7.66838,7.66838,7.6263,7.63327,3218.5485285096,0
RSPS.US,D,20100202,000000,7.76396,7.76396,7.76396,7.76396,649.89922210289,0
RSPS.US,D,20100203,000000,7.70871,7.70871,7.70871,7.70871,1010.9543454934,0
RSPS.US,D,20100205,000000,7.53751,7.54566,7.51522,7.54566,6174.0426099776,0
RSPS.US,D,20100208,000000,7.59531,7.59531,7.53751,7.53751,7138.5755824634,0
RSPS.US,D,20100209,000000,7.5862,7.5862,7.5862,7.5862,1294.6405138716,0
RSPS.US,D,20100212,000000,7.59684,7.61818,7.59684,7.61818,3218.5485285096,0
RSPS.US,D,20100216,000000,7.69205,7.69804,7.69205,7.69804,4538.978694052,0
RSPS.US,D,20100217,000000,7.69631,7.78082,7.69631,7.78082,10202.386200949,0
RSPS.US,D,20100218,000000,7.87099,7.88766,7.87099,7.88766,9067.6415274356,0
RSPS.US,D,20100219,000000,7.86848,7.90997,7.86848,7.90997,23896.691238117,0
RSPS.US,D,20100222,000000,7.88475,7.90104,7.88475,7.90104,1294.6405138716,0
RSPS.US,D,20100223,000000,7.86283,7.86283,7.83648,7.83823,32206.117006432,0
RSPS.US,D,20100224,000000,7.86981,7.86981,7.85992,7.86283,11971.556305563,0
RSPS.US,D,20100225,000000,7.89521,7.92895,7.89211,7.92895,26057.864048126,0
RSPS.US,D,20100226,000000,7.92334,7.92334,7.92334,7.92334,706.63645577853,0
RSPS.US,D,20100302,000000,8.04547,8.06253,8.04547,8.06253,17000.538381358,0
RSPS.US,D,20100303,000000,8.08581,8.08756,8.07824,8.07824,7210.7866071415,0
RSPS.US,D,20100304,000000,8.0734,8.07513,8.0734,8.07513,5653.0916462284,0
RSPS.US,D,20100305,000000,8.11042,8.14086,8.11042,8.14086,19187.500843038,0
RSPS.US,D,20100308,000000,8.14261,8.14261,8.12089,8.13059,6947.7321600999,0
RSPS.US,D,20100309,000000,8.11914,8.15792,8.11781,8.1273,56989.972262024,0
RSPS.US,D,20100310,000000,8.11411,8.11781,8.09474,8.11216,29817.995261722,0
RSPS.US,D,20100311,000000,8.10713,8.15172,8.09026,8.15172,20420.2461929,0
RSPS.US,D,20100312,000000,8.18059,8.18059,8.17517,8.17517,4023.1856606369,0
RSPS.US,D,20100315,000000,8.2,8.2,8.2,8.2,6488.6763603608,0
RSPS.US,D,20100316,000000,8.2442,8.2442,8.2409,8.2409,19507.292523755,0
RSPS.US,D,20100317,000000,8.28589,8.31594,8.28414,8.30526,16252.638482906,0
RSPS.US,D,20100318,000000,8.29363,8.29538,8.28724,8.29538,7484.1569148518,0
RSPS.US,D,20100319,000000,8.24555,8.26609,8.2,8.2,13642.725733827,0
RSPS.US,D,20100322,000000,8.10556,8.27444,8.10556,8.27444,15845.161986508,0
RSPS.US,D,20100323,000000,7.99179,8.33201,7.99179,8.33201,17031.485963363,0
RSPS.US,D,20100324,000000,8.29966,8.29966,8.29363,8.29363,7793.6327349008,0
RSPS.US,D,20100325,000000,8.26609,8.27619,8.2473,8.2473,43852.723700943,0
RSPS.US,D,20100326,000000,8.2473,8.2473,8.21627,8.21627,4023.1856606369,0
RSPS.US,D,20100329,000000,8.25798,8.3012,8.25798,8.3012,3172.1271555021,0
RSPS.US,D,20100330,000000,8.32873,8.33029,8.3043,8.32718,31200.320591273,0
RSPS.US,D,20100331,000000,8.28879,8.31594,8.28879,8.29538,19636.240782109,0
RSPS.US,D,20100401,000000,8.35064,8.35064,8.3363,8.3363,6323.6225896681,0
RSPS.US,D,20100405,000000,8.39871,8.39871,8.37022,8.37138,5405.510990189,0
RSPS.US,D,20100406,000000,8.3489,8.35198,8.3489,8.35198,2620.2286097482,0
RSPS.US,D,20100407,000000,8.32601,8.32601,8.31051,8.31475,7288.1555621539,0
RSPS.US,D,20100408,000000,8.28879,8.33029,8.28879,8.32446,3239.1802498462,0
RSPS.US,D,20100409,000000,8.35994,8.35994,8.35994,8.35994,4781.401419757,0
RSPS.US,D,20100412,000000,8.39038,8.41656,8.38437,8.41656,19311.291171057,0
RSPS.US,D,20100413,000000,8.35858,8.38903,8.35858,8.38903,6421.6232660165,0
RSPS.US,D,20100414,000000,8.39038,8.40414,8.38437,8.40414,11264.919849783,0
RSPS.US,D,20100415,000000,8.41151,8.42411,8.4028,8.42411,5390.0371991868,0
RSPS.US,D,20100416,000000,8.41324,8.41324,8.37759,8.40143,4874.2441657717,0
RSPS.US,D,20100419,000000,8.38242,8.41324,8.38242,8.41324,14921.892456696,0
RSPS.US,D,20100420,000000,8.43168,8.44117,8.43168,8.43945,10733.653025367,0
RSPS.US,D,20100421,000000,8.44563,8.44563,8.44427,8.44563,5534.459248543,0
RSPS.US,D,20100422,000000,8.43015,8.43015,8.4028,8.4028,23396.371995704,0
RSPS.US,D,20100423,000000,8.41461,8.41461,8.41308,8.41461,16526.008790617,0
RSPS.US,D,20100426,000000,8.44117,8.44427,8.42277,8.42566,17191.381803722,0
RSPS.US,D,20100427,000000,8.38437,8.38437,8.28724,8.28724,13972.833275212,0
RSPS.US,D,20100428,000000,8.25041,8.25041,8.25041,8.25041,5560.2489002138,0
RSPS.US,D,20100429,000000,8.36401,8.37273,8.36266,8.37273,14333.888398603,0
RSPS.US,D,20100430,000000,8.39504,8.39504,8.39504,8.39504,655.05715243704,0
RSPS.US,D,20100503,000000,8.31475,8.37022,8.31322,8.35858,33846.338852692,0
RSPS.US,D,20100504,000000,8.29209,8.29209,8.24847,8.24847,12203.663170599,0
RSPS.US,D,20100505,000000,8.29209,8.29209,8.27134,8.27289,18320.968546901,0
RSPS.US,D,20100506,000000,8.22404,8.22404,7.18932,7.97685,36306.671622081,0
RSPS.US,D,20100507,000000,8.06971,8.06971,7.95959,7.95959,19796.136622468,0
RSPS.US,D,20100510,000000,8.23762,8.23762,8.03034,8.13235,9743.330401209,0
RSPS.US,D,20100511,000000,8.11042,8.16938,8.11042,8.16938,1346.2198172131,0
RSPS.US,D,20100512,000000,8.16278,8.23935,8.16278,8.23935,22112.047342501,0
RSPS.US,D,20100513,000000,8.25177,8.29828,8.2351,8.2351,6844.5735534172,0
RSPS.US,D,20100514,000000,8.17051,8.17517,8.08581,8.08581,12992.826511724,0
RSPS.US,D,20100517,000000,8.17517,8.18059,8.11042,8.18059,20435.719983902,0
RSPS.US,D,20100518,000000,8.27134,8.27134,8.15619,8.15619,24051.429148141,0
RSPS.US,D,20100519,000000,8.14727,8.15986,8.0672,8.15986,65913.191740101,0
RSPS.US,D,20100520,000000,8.0071,8.0071,7.90104,7.94078,37250.572873231,0
RSPS.US,D,20100521,000000,7.79596,7.84888,7.79596,7.83648,38204.789985048,0
RSPS.US,D,20100524,000000,7.86848,7.90841,7.86848,7.87603,50062.871823259,0
RSPS.US,D,20100525,000000,7.69941,7.7058,7.66684,7.7058,8876.7981050721,0
RSPS.US,D,20100526,000000,7.79596,7.84093,7.79596,7.80256,48933.28508008,0
RSPS.US,D,20100527,000000,7.85859,7.88903,7.83338,7.88903,2620.2286097482,0
RSPS.US,D,20100528,000000,7.88903,7.88903,7.88903,7.88903,1294.6405138716,0
RSPS.US,D,20100601,000000,7.80256,7.8741,7.80256,7.84519,5183.7199858209,0
RSPS.US,D,20100602,000000,7.88903,7.89076,7.85547,7.89076,2450.0169087212,0
RSPS.US,D,20100603,000000,7.99914,7.99914,7.98887,7.99914,10563.44132434,0
RSPS.US,D,20100604,000000,7.87951,7.88475,7.79149,7.79149,9944.4896842411,0
RSPS.US,D,20100607,000000,7.7822,7.81652,7.74904,7.74904,8536.374703018,0
RSPS.US,D,20100608,000000,7.75059,7.75059,7.75059,7.75059,649.89922210289,0
RSPS.US,D,20100609,000000,7.92895,7.92895,7.92895,7.92895,649.89922210289,0
RSPS.US,D,20100610,000000,7.96695,7.98461,7.96695,7.98264,49676.027048198,0
RSPS.US,D,20100614,000000,8.06098,8.06098,8.04257,8.04257,8974.798781421,0
RSPS.US,D,20100615,000000,8.11042,8.11042,8.06835,8.07649,4998.0344937913,0
RSPS.US,D,20100617,000000,8.08445,8.09474,8.08309,8.09474,4538.978694052,0
RSPS.US,D,20100621,000000,8.10713,8.10713,8.01175,8.01175,7773.0010135637,0
RSPS.US,D,20100623,000000,7.94739,7.94739,7.9373,7.9373,1934.2238753062,0
RSPS.US,D,20100624,000000,7.92779,7.92779,7.89386,7.90666,6524.7818726996,0
RSPS.US,D,20100625,000000,7.8136,7.82698,7.80623,7.80623,3182.4430161705,0
RSPS.US,D,20100628,000000,7.88475,7.88475,7.88475,7.88475,1294.6405138716,0
RSPS.US,D,20100629,000000,7.84519,7.84519,7.56176,7.75524,47710.855590887,0
RSPS.US,D,20100630,000000,7.64609,7.64609,7.64609,7.64609,876.84815680551,0
RSPS.US,D,20100701,000000,7.65073,7.65073,7.57901,7.64243,36306.671622081,0
RSPS.US,D,20100702,000000,7.67807,7.67807,7.62264,7.63813,4900.0338174424,0
RSPS.US,D,20100706,000000,7.68894,7.74593,7.64415,7.68157,18929.60432633,0
RSPS.US,D,20100707,000000,7.69205,7.83648,7.69205,7.83648,15319.053092426,0
RSPS.US,D,20100708,000000,7.89949,7.92158,7.89949,7.9181,7040.5749061145,0
RSPS.US,D,20100712,000000,7.95959,7.95959,7.95959,7.95959,1253.3770711984,0
RSPS.US,D,20100713,000000,7.99914,7.99914,7.99914,7.99914,649.89922210289,0
RSPS.US,D,20100715,000000,8.07163,8.07163,8.07163,8.07163,1294.6405138716,0
RSPS.US,D,20100716,000000,7.9623,7.9623,7.96094,7.96094,5183.7199858209,0
RSPS.US,D,20100720,000000,7.93923,8.07163,7.93923,8.07163,4110.8704763175,0
RSPS.US,D,20100721,000000,8.06098,8.06098,7.97685,7.97685,5183.7199858209,0
RSPS.US,D,20100722,000000,8.06098,8.06835,8.06098,8.06835,1872.3287112964,0
RSPS.US,D,20100723,000000,8.09026,8.09474,8.09026,8.09179,6792.9942500756,0
RSPS.US,D,20100726,000000,8.18059,8.19689,8.17615,8.19689,4642.137300735,0
RSPS.US,D,20100727,000000,8.23044,8.23762,8.23044,8.23644,16278.428134577,0
RSPS.US,D,20100729,000000,8.07649,8.07649,8.01834,8.01834,2532.5437940676,0
RSPS.US,D,20100730,000000,8.06426,8.06426,8.05324,8.05324,6896.1528567583,0
RSPS.US,D,20100802,000000,8.16588,8.17051,8.16588,8.17051,1366.8515385497,0
RSPS.US,D,20100803,000000,8.13524,8.15308,8.13524,8.15308,2352.0162323723,0
RSPS.US,D,20100804,000000,8.10713,8.16938,8.10713,8.16122,30215.155897451,0
RSPS.US,D,20100805,000000,8.11216,8.12089,8.10228,8.12089,27187.450791305,0
RSPS.US,D,20100806,000000,8.05324,8.10228,8.05324,8.10228,84786.058832759,0
RSPS.US,D,20100809,000000,8.12226,8.14436,8.11411,8.14436,3404.234020539,0
RSPS.US,D,20100810,000000,8.16278,8.16278,8.16278,8.16278,649.89922210289,0
RSPS.US,D,20100811,000000,8.0672,8.0672,8.0071,8.00904,19435.081499077,0
RSPS.US,D,20100812,000000,7.90841,7.96094,7.84229,7.96094,6488.6763603608,0
RSPS.US,D,20100813,000000,7.97374,7.97374,7.96849,7.96849,5183.7199858209,0
RSPS.US,D,20100816,000000,7.94739,7.97006,7.9146,7.97006,3909.7111932856,0
RSPS.US,D,20100817,000000,8.09917,8.09917,8.09764,8.09764,2893.5989174581,0
RSPS.US,D,20100818,000000,8.03791,8.07649,8.03638,8.06545,5266.246871167,0
RSPS.US,D,20100819,000000,7.98461,7.98461,7.95959,7.95959,2682.123773758,0
RSPS.US,D,20100820,000000,7.9373,7.95959,7.9373,7.95959,5756.2502529111,0
RSPS.US,D,20100823,000000,8.02724,8.02724,7.99759,7.99759,2620.2286097482,0
RSPS.US,D,20100824,000000,7.9146,7.93593,7.90104,7.93206,20322.245516551,0
RSPS.US,D,20100825,000000,7.86691,7.95337,7.86691,7.95337,10769.758537705,0
RSPS.US,D,20100826,000000,7.91635,7.91635,7.88108,7.88108,9433.85458116,0
RSPS.US,D,20100827,000000,7.92469,7.9373,7.84888,7.9373,12605.981736662,0
RSPS.US,D,20100830,000000,7.9113,7.9113,7.85859,7.85992,7824.5803169053,0
RSPS.US,D,20100831,000000,7.84016,7.88379,7.82871,7.87505,8010.2658089346,0
RSPS.US,D,20100901,000000,7.94408,8.0071,7.94408,7.98732,7793.6327349008,0
RSPS.US,D,20100902,000000,8.01523,8.0441,8.01523,8.0441,14210.098070583,0
RSPS.US,D,20100903,000000,8.06545,8.10093,8.06545,8.09474,3218.5485285096,0
RSPS.US,D,20100907,000000,8.09335,8.09335,8.06426,8.06426,4719.5062557471,0
RSPS.US,D,20100908,000000,8.10556,8.10556,8.09764,8.09764,3909.7111932856,0
RSPS.US,D,20100909,000000,8.16413,8.16413,8.12399,8.12399,7138.5755824634,0
RSPS.US,D,20100910,000000,8.14261,8.14902,8.14086,8.14902,28657.460936537,0
RSPS.US,D,20100913,000000,8.21803,8.21803,8.1362,8.16938,2790.4403107751,0
RSPS.US,D,20100914,000000,8.15308,8.15308,8.15308,8.15308,649.89922210289,0
RSPS.US,D,20100915,000000,8.19514,8.20543,8.19514,8.20543,3522.8664182244,0
RSPS.US,D,20100916,000000,8.2,8.2,8.2,8.2,649.89922210289,0
RSPS.US,D,20100917,000000,8.2351,8.2351,8.18391,8.18391,4337.8194110201,0
RSPS.US,D,20100920,000000,8.18214,8.27038,8.18214,8.27038,12415.138314299,0
RSPS.US,D,20100921,000000,8.24265,8.24265,8.19514,8.22131,16469.271556941,0
RSPS.US,D,20100922,000000,8.2039,8.23353,8.20135,8.23353,46751.480548735,0
RSPS.US,D,20100923,000000,8.21491,8.21627,8.16761,8.16761,29250.622924964,0
RSPS.US,D,20100924,000000,8.28879,8.28879,8.28879,8.28879,649.89922210289,0
RSPS.US,D,20100927,000000,8.24847,8.27774,8.24847,8.27774,1480.326005901,0
RSPS.US,D,20100929,000000,8.28589,8.32601,8.28589,8.3012,30122.313151435,0
RSPS.US,D,20101004,000000,8.30702,8.32097,8.25991,8.25991,12291.34798628,0
RSPS.US,D,20101005,000000,8.36113,8.36113,8.36113,8.36113,3368.1285081999,0
RSPS.US,D,20101007,000000,8.33785,8.33785,8.33785,8.33785,1934.2238753062,0
RSPS.US,D,20101011,000000,8.36266,8.36266,8.36266,8.36266,1836.2231989574,0
RSPS.US,D,20101012,000000,8.3454,8.35994,8.34407,8.35198,8577.6381456916,0
RSPS.US,D,20101013,000000,8.48443,8.50418,8.48443,8.49895,8804.587080394,0
RSPS.US,D,20101014,000000,8.52299,8.52299,8.51641,8.51641,1346.2198172131,0
RSPS.US,D,20101018,000000,8.51641,8.53655,8.51641,8.53655,15582.107539467,0
RSPS.US,D,20101019,000000,8.49895,8.49895,8.40008,8.40008,27986.929993097,0
RSPS.US,D,20101020,000000,8.49062,8.49062,8.49062,8.49062,711.79438611269,0
RSPS.US,D,20101021,000000,8.4749,8.4749,8.47337,8.47337,5843.935068592,0
RSPS.US,D,20101022,000000,8.53171,8.53171,8.53171,8.53171,6488.6763603608,0
RSPS.US,D,20101025,000000,8.58232,8.58232,8.57631,8.58095,13962.517414545,0
RSPS.US,D,20101026,000000,8.47201,8.47201,8.47201,8.47201,649.89922210289,0
RSPS.US,D,20101028,000000,8.49062,8.49062,8.48443,8.48443,3388.7602295365,0
RSPS.US,D,20101029,000000,8.48537,8.52611,8.48537,8.52611,14241.045652588,0
RSPS.US,D,20101101,000000,8.52611,8.53852,8.46056,8.48732,15504.738584455,0
RSPS.US,D,20101102,000000,8.55653,8.55653,8.52745,8.52745,3141.1795734973,0
RSPS.US,D,20101103,000000,8.53171,8.5484,8.5288,8.53015,166296.83190333,0
RSPS.US,D,20101104,000000,8.61451,8.61451,8.61451,8.61451,649.89922210289,0
RSPS.US,D,20101105,000000,8.63913,8.63913,8.62322,8.62322,7071.5224881196,0
RSPS.US,D,20101108,000000,8.62593,8.62593,8.41324,8.58095,10403.545483981,0
RSPS.US,D,20101109,000000,8.56913,8.56913,8.53502,8.53502,9206.9056464576,0
RSPS.US,D,20101110,000000,8.53502,8.53502,8.47822,8.48246,25846.388904425,0
RSPS.US,D,20101111,000000,8.44427,8.44427,8.44427,8.44427,8443.5319570033,0
RSPS.US,D,20101112,000000,8.46249,8.46249,8.46249,8.46249,1206.9556981911,0
RSPS.US,D,20101115,000000,8.51929,8.51929,8.4749,8.49333,24593.011833227,0
RSPS.US,D,20101116,000000,8.41324,8.41324,8.36401,8.36711,14143.044976239,0
RSPS.US,D,20101117,000000,8.4028,8.4028,8.4028,8.4028,1408.1149812229,0
RSPS.US,D,20101118,000000,8.51349,8.51349,8.51349,8.51349,1062.5336488349,0
RSPS.US,D,20101119,000000,8.49468,8.49468,8.49468,8.49468,3553.8140002294,0
RSPS.US,D,20101122,000000,8.49216,8.49216,8.49216,8.49216,3368.1285081999,0
RSPS.US,D,20101123,000000,8.43517,8.43517,8.43517,8.43517,649.89922210289,0
RSPS.US,D,20101124,000000,8.49333,8.49333,8.49216,8.49216,1506.1156575718,0
RSPS.US,D,20101126,000000,8.47667,8.47667,8.47667,8.47667,649.89922210289,0
RSPS.US,D,20101129,000000,8.39038,8.44913,8.37022,8.44913,4002.5539393004,0
RSPS.US,D,20101130,000000,8.4026,8.42995,8.38592,8.42995,16123.690224552,0
RSPS.US,D,20101201,000000,8.52745,8.57942,8.52745,8.57942,7845.2120382418,0
RSPS.US,D,20101202,000000,8.55808,8.55808,8.55808,8.55808,3084.4423398217,0
RSPS.US,D,20101206,000000,8.57067,8.57747,8.55808,8.57747,4121.1863369858,0
RSPS.US,D,20101207,000000,8.63197,8.63197,8.57224,8.59161,35404.033813605,0
RSPS.US,D,20101208,000000,8.56777,8.62169,8.56777,8.62169,8046.3713212739,0
RSPS.US,D,20101209,000000,8.63079,8.6779,8.63079,8.6779,24025.639496471,0
RSPS.US,D,20101210,000000,8.71784,8.71784,8.6657,8.69033,3089.6002701558,0
RSPS.US,D,20101213,000000,8.70872,8.71648,8.68875,8.69033,24371.220828858,0
RSPS.US,D,20101214,000000,8.68875,8.72131,8.68875,8.70872,10125.017245936,0
RSPS.US,D,20101215,000000,8.71648,8.73665,8.71648,8.72131,3589.9195125683,0
RSPS.US,D,20101216,000000,8.73529,8.77639,8.73529,8.77639,6885.8369960903,0
RSPS.US,D,20101217,000000,8.738,8.75021,8.73198,8.75021,10393.229623312,0
RSPS.US,D,20101220,000000,8.74864,8.76884,8.74864,8.75621,9810.3834955534,0
RSPS.US,D,20101221,000000,8.74226,8.74226,8.74226,8.74226,649.89922210289,0
RSPS.US,D,20101222,000000,8.77639,8.78356,8.77639,8.78356,10346.808250305,0
RSPS.US,D,20101223,000000,8.79811,8.79811,8.78104,8.78203,44270.516058009,0
RSPS.US,D,20101227,000000,8.73665,8.74518,8.73665,8.74518,1294.6405138716,0
RSPS.US,D,20101229,000000,8.80819,8.80819,8.79208,8.79889,5183.7199858209,0
RSPS.US,D,20101230,000000,8.73684,8.80062,8.73684,8.80062,25753.546158411,0
RSPS.US,D,20101231,000000,8.78065,8.80587,8.78065,8.80315,4399.7145750299,0
RSPS.US,D,20110103,000000,8.77639,8.79307,8.77639,8.79307,3672.4463979147,0
RSPS.US,D,20110104,000000,8.77037,8.77037,8.69631,8.71784,9578.2766305162,0
RSPS.US,D,20110105,000000,8.71473,8.74362,8.71473,8.74362,4719.5062557471,0
RSPS.US,D,20110106,000000,8.73354,8.73354,8.70115,8.70872,10341.650319971,0
RSPS.US,D,20110107,000000,8.67655,8.67655,8.67655,8.67655,3192.7588768389,0
RSPS.US,D,20110110,000000,8.65211,8.68875,8.65211,8.68875,5312.6682441744,0
RSPS.US,D,20110111,000000,8.68586,8.68586,8.6657,8.6657,5586.0385518846,0
RSPS.US,D,20110112,000000,8.67926,8.73045,8.67926,8.73045,5843.935068592,0
RSPS.US,D,20110113,000000,8.7659,8.77194,8.7659,8.77194,3889.0794719491,0
RSPS.US,D,20110118,000000,8.77794,8.77794,8.7659,8.77037,8603.4277973619,0
RSPS.US,D,20110119,000000,8.72131,8.72131,8.706,8.71784,6339.0963806703,0
RSPS.US,D,20110120,000000,8.75468,8.76107,8.75468,8.76107,2733.7030770995,0
RSPS.US,D,20110121,000000,8.78511,8.78686,8.77483,8.78203,7324.2610744927,0
RSPS.US,D,20110124,000000,8.76437,8.77483,8.76437,8.76884,5090.8772398057,0
RSPS.US,D,20110125,000000,8.79171,8.79171,8.79171,8.79171,1165.6922555178,0
RSPS.US,D,20110126,000000,8.74864,8.74864,8.74864,8.74864,1294.6405138716,0
RSPS.US,D,20110127,000000,8.70292,8.70465,8.70115,8.70115,10945.128169067,0
RSPS.US,D,20110128,000000,8.58232,8.58232,8.58232,8.58232,1093.4812308397,0
RSPS.US,D,20110131,000000,8.44137,8.59668,8.43982,8.59668,14406.099423281,0
RSPS.US,D,20110201,000000,8.63583,8.63583,8.63583,8.63583,871.69022647136,0
RSPS.US,D,20110202,000000,8.63913,8.63913,8.62923,8.6331,6694.9935737267,0
RSPS.US,D,20110203,000000,8.69206,8.75331,8.69206,8.75331,7865.8437595789,0
RSPS.US,D,20110204,000000,8.80469,8.81437,8.80469,8.81324,171444.44637681,0
RSPS.US,D,20110207,000000,8.81768,8.81768,8.77968,8.79307,37498.15352927,0
RSPS.US,D,20110208,000000,8.84831,8.84831,8.84831,8.84831,1588.6425429182,0
RSPS.US,D,20110209,000000,8.84289,8.84831,8.81923,8.81923,4110.8704763175,0
RSPS.US,D,20110210,000000,8.80587,8.82351,8.80587,8.8107,2811.0720321117,0
RSPS.US,D,20110211,000000,8.65501,8.88379,8.65501,8.88379,3110.2319914924,0
RSPS.US,D,20110214,000000,8.84986,8.86442,8.84736,8.86442,4342.9773413543,0
RSPS.US,D,20110215,000000,8.8338,8.86442,8.8338,8.8547,17707.174837136,0
RSPS.US,D,20110216,000000,8.98286,8.98286,8.9224,8.9311,4069.6070336443,0
RSPS.US,D,20110217,000000,8.91618,8.99799,8.91618,8.99799,4920.6655387791,0
RSPS.US,D,20110222,000000,8.9716,8.9716,8.96736,8.96736,3749.815352927,0
RSPS.US,D,20110223,000000,8.9625,8.96407,8.88901,8.9224,12306.821777281,0
RSPS.US,D,20110224,000000,8.92063,8.92063,8.86091,8.87874,9691.7510978679,0
RSPS.US,D,20110225,000000,8.96891,8.99177,8.95341,8.99177,35233.822112578,0
RSPS.US,D,20110228,000000,9.02223,9.14786,9.01893,9.04374,12642.087249001,0
RSPS.US,D,20110301,000000,9.08989,9.15173,8.9247,8.95573,14349.362189605,0
RSPS.US,D,20110302,000000,8.94564,8.94564,8.827,8.9342,35140.979366563,0
RSPS.US,D,20110303,000000,8.98519,9.02514,8.98519,9.02357,2620.2286097482,0
RSPS.US,D,20110304,000000,8.98479,8.98479,8.94389,8.94682,12930.931347714,0
RSPS.US,D,20110307,000000,8.9594,8.9594,8.94234,8.95166,16190.743318897,0
RSPS.US,D,20110308,000000,8.88709,9.11025,8.88709,9.03173,28131.352042453,0
RSPS.US,D,20110309,000000,9.03173,9.07166,9.03173,9.07166,4121.1863369858,0
RSPS.US,D,20110310,000000,9.02183,9.02183,9.02183,9.02183,665.37301310536,0
RSPS.US,D,20110311,000000,9.02183,9.02183,9.01368,9.01368,1965.1714573111,0
RSPS.US,D,20110314,000000,8.94234,8.95166,8.94234,8.95166,1294.6405138716,0
RSPS.US,D,20110315,000000,8.87603,8.9311,8.80917,8.9311,11997.345957233,0
RSPS.US,D,20110316,000000,8.8107,8.82855,8.78203,8.78203,4636.9793704008,0
RSPS.US,D,20110317,000000,8.81497,8.8295,8.79383,8.8295,16443.481905269,0
RSPS.US,D,20110318,000000,8.89698,8.91771,8.87526,8.91172,13673.673315832,0
RSPS.US,D,20110321,000000,9.03559,9.21456,9.03559,9.04026,5916.1460932701,0
RSPS.US,D,20110322,000000,9.02008,9.05576,8.94894,9.05576,4342.9773413543,0
RSPS.US,D,20110323,000000,8.99857,9.00032,8.99857,9.00032,3724.0257012563,0
RSPS.US,D,20110324,000000,9.10152,9.14865,9.08719,9.14865,20275.824143544,0
RSPS.US,D,20110325,000000,9.16551,9.19457,9.16551,9.18994,12317.137637951,0
RSPS.US,D,20110328,000000,9.21648,9.21648,9.16123,9.18217,12678.192761341,0
RSPS.US,D,20110329,000000,9.16394,9.19805,9.16123,9.17926,71406.387545969,0
RSPS.US,D,20110331,000000,9.21841,9.24517,9.19845,9.19845,35419.507604607,0
RSPS.US,D,20110401,000000,9.27929,9.27929,9.22387,9.26069,162361.33105837,0
RSPS.US,D,20110404,000000,9.25778,9.26748,9.25333,9.25333,4116.0284066517,0
RSPS.US,D,20110405,000000,9.3047,9.3047,9.27116,9.27116,33139.702396913,0
RSPS.US,D,20110406,000000,9.30643,9.30976,9.28705,9.30315,78880.228600155,0
RSPS.US,D,20110407,000000,9.33534,9.33534,9.30976,9.32294,58877.77476432,0
RSPS.US,D,20110408,000000,9.31343,9.34773,9.29674,9.29674,52198.254981597,0
RSPS.US,D,20110411,000000,9.34368,9.35472,9.33709,9.33709,18104.335472867,0
RSPS.US,D,20110412,000000,9.31808,9.37256,9.31808,9.37256,29962.417311077,0
RSPS.US,D,20110413,000000,9.37584,9.38633,9.3522,9.3805,14720.733173664,0
RSPS.US,D,20110414,000000,9.46774,9.50516,9.46774,9.47122,16959.274938685,0
RSPS.US,D,20110418,000000,9.4375,9.4602,9.422,9.4602,53833.318897524,0
RSPS.US,D,20110419,000000,9.4602,9.47628,9.43267,9.47628,21467.306050732,0
RSPS.US,D,20110420,000000,9.52222,9.53154,9.52222,9.53154,1862.0128506282,0
RSPS.US,D,20110421,000000,9.56837,9.58368,9.53154,9.53154,48334.965161319,0
RSPS.US,D,20110425,000000,9.53307,9.53446,9.49218,9.52222,144525.20796289,0
RSPS.US,D,20110426,000000,9.56082,9.64263,9.54821,9.63333,327899.94720258,0
RSPS.US,D,20110427,000000,9.66977,9.67306,9.66124,9.66124,5503.5116665379,0
RSPS.US,D,20110428,000000,9.79561,9.79561,9.66725,9.70795,45002.942165458,0
RSPS.US,D,20110429,000000,9.72425,9.76961,9.72425,9.76535,34960.451804868,0
RSPS.US,D,20110502,000000,9.80801,9.87861,9.71843,9.72425,29348.623601314,0
RSPS.US,D,20110503,000000,9.72425,9.74016,9.66124,9.69964,284547.54274405,0
RSPS.US,D,20110504,000000,9.6178,9.72871,9.6178,9.65814,287043.98102578,0
RSPS.US,D,20110505,000000,9.69089,9.69089,9.65387,9.65387,3873.6056809466,0
RSPS.US,D,20110506,000000,9.73685,9.73685,9.63062,9.65076,21658.149473095,0
RSPS.US,D,20110509,000000,9.66587,9.70622,9.65658,9.69964,57325.237733738,0
RSPS.US,D,20110510,000000,9.77193,9.78494,9.73046,9.77523,54529.639492631,0
RSPS.US,D,20110511,000000,9.7198,9.83066,9.7198,9.75992,6911.626647761,0
RSPS.US,D,20110512,000000,9.7735,9.93462,9.7735,9.92789,294775.71859667,0
RSPS.US,D,20110513,000000,9.96247,9.98425,9.91503,9.94391,88969.140333752,0
RSPS.US,D,20110516,000000,10.106,10.106,9.90881,9.91325,86364.385515004,0
RSPS.US,D,20110517,000000,9.91325,9.96555,9.91325,9.94243,423084.39358898,0
RSPS.US,D,20110518,000000,9.93462,9.97779,9.91968,9.97779,17774.227931481,0
RSPS.US,D,20110519,000000,10.0073,10.0412,9.9746,10.0275,94137.386528568,0
RSPS.US,D,20110520,000000,9.99778,10.0139,9.9746,9.9746,119906.40647798,0
RSPS.US,D,20110523,000000,9.90198,9.92393,9.88225,9.88225,54993.853222704,0
RSPS.US,D,20110524,000000,9.87665,9.99301,9.74945,9.87145,62204.639829849,0
RSPS.US,D,20110525,000000,9.76478,9.8109,9.7479,9.8109,46834.007434081,0
RSPS.US,D,20110526,000000,9.76478,9.85395,9.76478,9.8394,20476.983426576,0
RSPS.US,D,20110527,000000,9.87586,9.91731,9.85915,9.89338,13524.093336141,0
RSPS.US,D,20110531,000000,9.86515,9.9358,9.86515,9.92472,8907.7456870771,0
RSPS.US,D,20110601,000000,9.9265,9.93926,9.83261,9.83261,18192.020288547,0
RSPS.US,D,20110602,000000,9.83066,9.83066,9.6849,9.6849,81098.138643837,0
RSPS.US,D,20110603,000000,9.59493,9.62905,9.58835,9.5899,434256.47069275,0
RSPS.US,D,20110606,000000,9.55285,9.59959,9.50361,9.50361,80180.027044363,0
RSPS.US,D,20110607,000000,9.53872,9.58193,9.523,9.56179,56665.022650972,0
RSPS.US,D,20110608,000000,9.48017,9.51409,9.48017,9.48888,11321.657083459,0
RSPS.US,D,20110609,000000,9.49994,9.59453,9.49994,9.56179,30638.10618485,0
RSPS.US,D,20110610,000000,9.56022,9.56022,9.42238,9.42238,18795.498137642,0
RSPS.US,D,20110613,000000,9.43557,9.50844,9.43557,9.50516,11672.396346182,0
RSPS.US,D,20110614,000000,9.56973,9.63196,9.54626,9.6147,70653.329717185,0
RSPS.US,D,20110615,000000,9.53677,9.57129,9.44546,9.44546,70132.378753436,0
RSPS.US,D,20110616,000000,9.52805,9.57768,9.52805,9.56662,9846.4890078922,0
RSPS.US,D,20110617,000000,9.64418,9.64748,9.61915,9.63874,4869.0862354375,0
RSPS.US,D,20110620,000000,9.57885,9.70622,9.57885,9.6814,30034.628335755,0
RSPS.US,D,20110621,000000,9.71281,9.76808,9.71281,9.76032,30225.471758118,0
RSPS.US,D,20110622,000000,9.72463,9.74035,9.69089,9.69089,15809.05647417,0
RSPS.US,D,20110623,000000,9.61317,9.61317,9.50147,9.55849,19723.925597789,0
RSPS.US,D,20110624,000000,9.60229,9.60831,9.57129,9.57129,8531.2167726843,0
RSPS.US,D,20110627,000000,9.58018,9.6147,9.57768,9.60831,14968.313829702,0
RSPS.US,D,20110628,000000,9.62885,9.63196,9.61915,9.62885,199256.00673854,0
RSPS.US,D,20110629,000000,9.73898,9.74984,9.726,9.726,19589.819409102,0
RSPS.US,D,20110630,000000,9.71823,9.77446,9.71823,9.74518,80561.713889091,0
RSPS.US,D,20110701,000000,9.81653,9.8284,9.80122,9.8284,8304.2678379814,0
RSPS.US,D,20110705,000000,9.82997,9.85434,9.8284,9.83321,20889.617853307,0
RSPS.US,D,20110706,000000,9.86191,9.86191,9.84894,9.84894,5802.6716259184,0
RSPS.US,D,20110707,000000,9.92087,9.92472,9.90633,9.90811,17763.912070812,0
RSPS.US,D,20110708,000000,9.8233,9.84795,9.81925,9.84795,11873.555629213,0
RSPS.US,D,20110711,000000,9.78824,9.78824,9.7574,9.76515,241927.56439297,0
RSPS.US,D,20110712,000000,9.74984,9.84334,9.74518,9.77408,28069.456878443,0
RSPS.US,D,20110713,000000,9.77911,9.83999,9.77911,9.78376,29070.095363269,0
RSPS.US,D,20110714,000000,9.77758,9.79133,9.71705,9.73066,51197.616496773,0
RSPS.US,D,20110715,000000,9.74035,9.74035,9.69652,9.73704,17371.909365417,0
RSPS.US,D,20110718,000000,9.70293,9.70293,9.64051,9.66977,22576.261072574,0
RSPS.US,D,20110719,000000,9.76941,9.84795,9.76941,9.84638,4054.1332426419,0
RSPS.US,D,20110720,000000,9.83321,9.84334,9.79617,9.82997,24211.3249885,0
RSPS.US,D,20110721,000000,9.81343,9.90999,9.81343,9.88745,17851.596886493,0
RSPS.US,D,20110722,000000,9.89486,9.89486,9.86554,9.86554,4327.5035503519,0
RSPS.US,D,20110725,000000,9.78824,9.80373,9.76515,9.76515,28198.405136798,0
RSPS.US,D,20110726,000000,9.77835,9.78455,9.75043,9.75043,8345.5312806544,0
RSPS.US,D,20110727,000000,9.66279,9.68005,9.6147,9.62517,13291.986471105,0
RSPS.US,D,20110728,000000,9.66587,9.68005,9.60656,9.61625,39045.532629516,0
RSPS.US,D,20110729,000000,9.53484,9.63602,9.52999,9.55962,8407.4264446645,0
RSPS.US,D,20110801,000000,9.64243,9.64243,9.42702,9.48441,42465.240441057,0
RSPS.US,D,20110802,000000,9.43323,9.44001,9.32718,9.32718,147135.12071196,0
RSPS.US,D,20110803,000000,9.32737,9.37121,9.27716,9.36479,82325.726063366,0
RSPS.US,D,20110804,000000,9.28882,9.28882,8.99722,8.99722,191431.42642164,0
RSPS.US,D,20110805,000000,9.09763,9.16201,8.90164,9.10055,68781.001005891,0
RSPS.US,D,20110808,000000,8.87701,8.99722,8.64319,8.67617,40242.172467038,0
RSPS.US,D,20110809,000000,8.69033,8.85414,8.52106,8.85414,50460.03245899,0
RSPS.US,D,20110810,000000,8.74401,8.7694,8.63,8.63,17965.071353844,0
RSPS.US,D,20110811,000000,8.68682,8.88709,8.62243,8.88709,11538.290157493,0
RSPS.US,D,20110812,000000,8.97104,8.99547,8.96948,8.96948,6328.7805200018,0
RSPS.US,D,20110815,000000,9.02028,9.09047,8.99875,9.09047,226324.82513216,0
RSPS.US,D,20110816,000000,9.0641,9.08116,9.0544,9.0544,4105.7125459834,0
RSPS.US,D,20110817,000000,9.1492,9.1525,9.1492,9.1525,2094.1197156649,0
RSPS.US,D,20110818,000000,8.99547,9.02843,8.86595,8.93982,58367.139661243,0
RSPS.US,D,20110819,000000,9.02223,9.02223,8.84521,8.84521,10656.284070354,0
RSPS.US,D,20110822,000000,8.94894,9.03133,8.86055,8.88709,10176.596549278,0
RSPS.US,D,20110823,000000,8.92799,9.04819,8.92799,9.04819,11718.817719189,0
RSPS.US,D,20110824,000000,9.01408,9.07166,9.01408,9.07166,9681.4352371994,0
RSPS.US,D,20110825,000000,9.11566,9.11566,8.91152,8.92082,62601.800465578,0
RSPS.US,D,20110826,000000,8.86712,9.07923,8.8423,9.0515,10573.757185007,0
RSPS.US,D,20110829,000000,9.18024,9.22036,9.18024,9.21028,11558.92187883,0
RSPS.US,D,20110830,000000,9.24403,9.32912,9.19923,9.31111,46075.791674962,0
RSPS.US,D,20110831,000000,9.36808,9.39756,9.3208,9.3646,69843.534654725,0
RSPS.US,D,20110901,000000,9.37256,9.37624,9.3014,9.3047,22942.474126298,0
RSPS.US,D,20110902,000000,9.20991,9.20991,9.17288,9.17288,23747.111258427,0
RSPS.US,D,20110906,000000,8.95922,9.07747,8.92683,9.07321,37611.627996622,0
RSPS.US,D,20110907,000000,9.21784,9.30277,9.21784,9.28628,21235.199185695,0
RSPS.US,D,20110908,000000,9.31305,9.35667,9.27677,9.27677,7375.8403778343,0
RSPS.US,D,20110909,000000,9.03251,9.0542,9.02338,9.04046,13524.093336141,0
RSPS.US,D,20110912,000000,8.94409,9.01408,8.91909,9.01408,14602.100775979,0
RSPS.US,D,20110913,000000,9.09357,9.11393,9.03734,9.10908,8190.7933706302,0
RSPS.US,D,20110914,000000,9.13679,9.23219,9.10908,9.23219,5921.3040236039,0
RSPS.US,D,20110915,000000,9.29654,9.33204,9.29654,9.33204,6648.5722007194,0
RSPS.US,D,20110916,000000,9.51468,9.51468,9.3807,9.3807,16680.74670064,0
RSPS.US,D,20110919,000000,9.2541,9.31459,9.24635,9.31459,2357.1741627065,0
RSPS.US,D,20110920,000000,9.35336,9.41617,9.30781,9.41617,12513.138990648,0
RSPS.US,D,20110921,000000,9.24324,9.27194,9.10908,9.10908,9186.2739251211,0
RSPS.US,D,20110922,000000,8.91212,8.91212,8.87603,8.89912,13224.933376761,0
RSPS.US,D,20110926,000000,9.0606,9.16531,9.0577,9.16354,7638.894824876,0
RSPS.US,D,20110927,000000,9.29134,9.32718,9.18548,9.20776,16386.744671594,0
RSPS.US,D,20110928,000000,9.19322,9.21941,9.01659,9.04354,467519.96341768,0
RSPS.US,D,20110929,000000,9.16531,9.20116,9.10055,9.12206,19125.605679028,0
RSPS.US,D,20110930,000000,9.00498,9.13391,9.00498,9.00498,19703.293876453,0
RSPS.US,D,20111003,000000,8.9716,8.9716,8.83824,8.83979,14973.471760037,0
RSPS.US,D,20111004,000000,8.71726,8.92858,8.71726,8.92858,15308.737231757,0
RSPS.US,D,20111005,000000,8.94971,8.96075,8.91831,8.94797,48236.964484971,0
RSPS.US,D,20111006,000000,9.04644,9.16354,9.04644,9.16354,4255.2925256737,0
RSPS.US,D,20111007,000000,9.16354,9.16354,9.14475,9.14475,14112.097394235,0
RSPS.US,D,20111010,000000,9.31226,9.34173,9.30916,9.34173,5322.9841048429,0
RSPS.US,D,20111011,000000,9.34503,9.36966,9.34503,9.36966,2475.8065603919,0
RSPS.US,D,20111012,000000,9.41617,9.45224,9.41617,9.41812,6003.8309089505,0
RSPS.US,D,20111013,000000,9.40047,9.42394,9.3807,9.42394,5730.4606012408,0
RSPS.US,D,20111014,000000,9.47763,9.48091,9.47763,9.48091,1794.9597562842,0
RSPS.US,D,20111017,000000,9.46464,9.50071,9.39409,9.41945,39287.95535522,0
RSPS.US,D,20111018,000000,9.38847,9.39409,9.36791,9.39409,8206.2671616325,0
RSPS.US,D,20111019,000000,9.47938,9.5488,9.42993,9.43187,46101.581326633,0
RSPS.US,D,20111020,000000,9.42859,9.48249,9.42859,9.48249,2713.0713557628,0
RSPS.US,D,20111021,000000,9.55962,9.59881,9.55962,9.59261,19239.080146379,0
RSPS.US,D,20111024,000000,9.59881,9.63854,9.59881,9.61432,13095.985118406,0
RSPS.US,D,20111025,000000,9.54296,9.54296,9.4691,9.49065,223849.01857178,0
RSPS.US,D,20111026,000000,9.47763,9.55499,9.47763,9.55499,12162.399727926,0
RSPS.US,D,20111027,000000,9.63602,9.71902,9.60348,9.65814,28146.825833457,0
RSPS.US,D,20111028,000000,9.64223,9.65212,9.63293,9.64748,320663.37094377,0
RSPS.US,D,20111031,000000,9.5934,9.5934,9.52708,9.52708,7030.2590454465,0
RSPS.US,D,20111101,000000,9.34503,9.39251,9.30431,9.37256,30730.948930866,0
RSPS.US,D,20111102,000000,9.37915,9.37915,9.37779,9.37779,2125.0672976697,0
RSPS.US,D,20111103,000000,9.51002,9.51002,9.44758,9.49393,15582.107539467,0
RSPS.US,D,20111104,000000,9.46232,9.52825,9.45594,9.49817,297272.15687839,0
RSPS.US,D,20111107,000000,9.52067,9.57865,9.49393,9.57865,8020.5816696031,0
RSPS.US,D,20111108,000000,9.57069,9.63468,9.56467,9.63468,318182.40645304,0
RSPS.US,D,20111109,000000,9.51468,9.52708,9.43478,9.43478,5493.1958058699,0
RSPS.US,D,20111110,000000,9.41945,9.51468,9.41945,9.51468,20188.139327863,0
RSPS.US,D,20111111,000000,9.61297,9.63003,9.59881,9.60986,67651.414262713,0
RSPS.US,D,20111114,000000,9.56916,9.57962,9.55033,9.57962,31246.74196428,0
RSPS.US,D,20111115,000000,9.55654,9.63003,9.52708,9.61625,61699.162657101,0
RSPS.US,D,20111116,000000,9.53618,9.62325,9.50071,9.50071,146180.90360014,0
RSPS.US,D,20111117,000000,9.45224,9.51311,9.36131,9.37779,175869.95060351,0
RSPS.US,D,20111118,000000,9.43478,9.47102,9.40996,9.4503,297705.42302647,0
RSPS.US,D,20111121,000000,9.31305,9.34503,9.25564,9.32718,228522.10345451,0
RSPS.US,D,20111122,000000,9.32564,9.35085,9.2479,9.28298,207250.79875648,0
RSPS.US,D,20111123,000000,9.23219,9.23219,9.156,9.20002,180646.19409293,0
RSPS.US,D,20111125,000000,9.20002,9.23724,9.15755,9.19805,19801.294552801,0
RSPS.US,D,20111128,000000,9.3582,9.3807,9.34638,9.36131,80448.239421738,0
RSPS.US,D,20111129,000000,9.39736,9.46154,9.39251,9.42276,20827.722689297,0
RSPS.US,D,20111130,000000,9.61685,9.69264,9.61374,9.69264,22050.152178491,0
RSPS.US,D,20111201,000000,9.65949,9.72483,9.65949,9.6851,73356.08521228,0
RSPS.US,D,20111202,000000,9.71223,9.7196,9.63759,9.65544,150178.29960911,0
RSPS.US,D,20111205,000000,9.76399,9.76399,9.70156,9.70835,31974.010141396,0
RSPS.US,D,20111206,000000,9.73879,9.77969,9.70757,9.77969,42738.610748766,0
RSPS.US,D,20111207,000000,9.69575,9.78608,9.67888,9.75759,59274.935400049,0
RSPS.US,D,20111208,000000,9.71513,9.72135,9.6465,9.64941,49681.184978532,0
RSPS.US,D,20111209,000000,9.70894,9.75157,9.70894,9.75157,10279.755155961,0
RSPS.US,D,20111212,000000,9.66842,9.66977,9.60056,9.66842,35811.510310003,0
RSPS.US,D,20111213,000000,9.70757,9.73219,9.59241,9.60521,45627.05173589,0
RSPS.US,D,20111214,000000,9.60056,9.63042,9.54686,9.54994,83733.841044587,0
RSPS.US,D,20111215,000000,9.62498,9.65504,9.62325,9.65367,17444.120390096,0
RSPS.US,D,20111216,000000,9.70389,9.72135,9.61915,9.65544,165172.40309049,0
RSPS.US,D,20111219,000000,9.71223,9.71513,9.57708,9.59241,14168.83462791,0
RSPS.US,D,20111220,000000,9.7167,9.78125,9.7167,9.76961,17227.487316061,0
RSPS.US,D,20111221,000000,9.84294,9.89506,9.81595,9.89506,12363.559010957,0
RSPS.US,D,20111222,000000,9.92225,9.92225,9.85415,9.88882,34635.502193817,0
RSPS.US,D,20111223,000000,9.93828,9.94894,9.93126,9.94894,15747.16131016,0
RSPS.US,D,20111227,000000,9.98226,9.98724,9.97739,9.97739,6060.5681426264,0
RSPS.US,D,20111228,000000,9.94715,9.94715,9.91612,9.92967,11074.07642742,0
RSPS.US,D,20111229,000000,9.95362,9.98833,9.94282,9.98833,19213.290494708,0
RSPS.US,D,20111230,000000,9.96913,9.96913,9.9271,9.93382,23169.423061002,0
RSPS.US,D,20120103,000000,10.0337,10.0337,9.95053,9.95053,30648.42204552,0
RSPS.US,D,20120104,000000,9.8906,9.9267,9.88745,9.8906,234180.35303108,0
RSPS.US,D,20120105,000000,9.82623,9.89378,9.8144,9.88283,312431.31413047,0
RSPS.US,D,20120106,000000,9.86367,9.86367,9.83281,9.8396,35646.456539311,0
RSPS.US,D,20120109,000000,9.84874,9.86928,9.83085,9.86928,47349.800467496,0
RSPS.US,D,20120110,000000,9.93323,9.95829,9.93323,9.95829,12311.979707616,0
RSPS.US,D,20120111,000000,9.8792,9.90178,9.86554,9.88882,29121.67466661,0
RSPS.US,D,20120112,000000,9.87065,9.87065,9.87065,9.87065,1268.8508622008,0
RSPS.US,D,20120113,000000,9.85296,9.86033,9.85158,9.85896,143643.20187574,0
RSPS.US,D,20120117,000000,9.95501,9.95501,9.89832,9.91325,170345.80721563,0
RSPS.US,D,20120118,000000,9.87586,9.93966,9.87586,9.93126,109105.70035827,0
RSPS.US,D,20120119,000000,9.92107,10.0058,9.92107,9.98047,35486.560698952,0
RSPS.US,D,20120120,000000,9.91771,9.94579,9.91177,9.94282,82707.412908089,0
RSPS.US,D,20120123,000000,9.95242,9.97739,9.92225,9.97739,56587.653695961,0
RSPS.US,D,20120124,000000,9.90673,9.94282,9.90356,9.92393,54075.741623225,0
RSPS.US,D,20120125,000000,9.91968,10.0337,9.91968,10.0168,23814.164352771,0
RSPS.US,D,20120126,000000,10.0508,10.0508,9.93126,9.94282,42883.032798122,0
RSPS.US,D,20120127,000000,9.88186,9.9267,9.88186,9.9267,37642.575578626,0
RSPS.US,D,20120130,000000,9.85415,9.88087,9.81867,9.86731,15267.473789083,0
RSPS.US,D,20120131,000000,9.88863,9.89041,9.7985,9.85492,100956.17043032,0
RSPS.US,D,20120201,000000,9.88186,9.9566,9.88186,9.9566,43522.616159557,0
RSPS.US,D,20120202,000000,9.96167,9.98724,9.95242,9.98226,71169.122750601,0
RSPS.US,D,20120203,000000,10.0119,10.0418,10.0119,10.0225,32598.119711827,0
RSPS.US,D,20120206,000000,10.0058,10.0088,9.98366,9.98366,34418.869119782,0
RSPS.US,D,20120207,000000,9.98226,10.0073,9.96635,9.96635,14406.099423281,0
RSPS.US,D,20120208,000000,9.99897,9.99897,9.93501,9.94441,28002.403784101,0
RSPS.US,D,20120209,000000,9.98047,10.0385,9.97739,10.0305,17769.070001146,0
RSPS.US,D,20120210,000000,9.98833,9.98833,9.95242,9.97152,14065.676021227,0
RSPS.US,D,20120213,000000,10.0139,10.0369,10.0139,10.0139,19063.710515019,0
RSPS.US,D,20120214,000000,10.0168,10.0385,10.0008,10.0385,27971.456202095,0
RSPS.US,D,20120215,000000,10.1278,10.1421,10.076,10.0807,13792.305713518,0
RSPS.US,D,20120216,000000,10.1264,10.1611,10.1264,10.1611,10434.493065986,0
RSPS.US,D,20120217,000000,10.1845,10.1863,10.1702,10.1702,8190.7933706302,0
RSPS.US,D,20120221,000000,10.1654,10.2429,10.1076,10.1121,28028.19343577,0
RSPS.US,D,20120222,000000,10.1121,10.1576,10.1032,10.1236,19765.189040462,0
RSPS.US,D,20120223,000000,10.1012,10.1278,10.076,10.1264,32407.276289463,0
RSPS.US,D,20120224,000000,10.1327,10.1504,10.1298,10.1327,17397.699017088,0
RSPS.US,D,20120227,000000,10.106,10.1519,10.0839,10.1407,47050.640508115,0
RSPS.US,D,20120228,000000,10.1407,10.1471,10.1298,10.1407,15582.107539467,0
RSPS.US,D,20120229,000000,10.2059,10.2059,10.1726,10.1726,21854.150825793,0
RSPS.US,D,20120301,000000,10.1654,10.194,10.1548,10.1798,13647.883664161,0
RSPS.US,D,20120302,000000,10.1752,10.188,10.1721,10.188,6973.5218117706,0
RSPS.US,D,20120305,000000,10.1686,10.2049,10.1686,10.2049,19435.081499077,0
RSPS.US,D,20120306,000000,10.1486,10.1504,10.0699,10.0864,109224.33275596,0
RSPS.US,D,20120307,000000,10.0864,10.1201,10.073,10.1012,13369.355426116,0
RSPS.US,D,20120308,000000,10.1469,10.1721,10.1469,10.1609,5178.5620554867,0
RSPS.US,D,20120309,000000,10.164,10.2017,10.164,10.2017,1506.1156575718,0
RSPS.US,D,20120312,000000,10.2473,10.2582,10.2473,10.2537,4446.1359480373,0
RSPS.US,D,20120313,000000,10.2794,10.2986,10.2794,10.2986,14132.729115572,0
RSPS.US,D,20120314,000000,10.3074,10.3103,10.276,10.276,25237.753124996,0
RSPS.US,D,20120315,000000,10.3131,10.3227,10.3131,10.3227,22839.315519616,0
RSPS.US,D,20120316,000000,10.3046,10.3282,10.3046,10.3074,28786.409194891,0
RSPS.US,D,20120319,000000,10.3103,10.3348,10.2889,10.3186,16928.327356681,0
RSPS.US,D,20120320,000000,10.3155,10.3186,10.303,10.3046,94333.387881271,0
RSPS.US,D,20120321,000000,10.2986,10.338,10.2986,10.338,7747.2113618934,0
RSPS.US,D,20120322,000000,10.2986,10.303,10.2986,10.303,2790.4403107751,0
RSPS.US,D,20120323,000000,10.309,10.3547,10.306,10.3547,7644.0527552103,0
RSPS.US,D,20120326,000000,10.388,10.4084,10.388,10.4084,11636.290833842,0
RSPS.US,D,20120327,000000,10.4733,10.4733,10.421,10.4447,7742.0534315592,0
RSPS.US,D,20120328,000000,10.4151,10.4151,10.4151,10.4151,21384.779165386,0
RSPS.US,D,20120329,000000,10.3675,10.3896,10.3675,10.3896,1898.1183629672,0
RSPS.US,D,20120330,000000,10.4181,10.453,10.4181,10.434,10728.495095032,0
RSPS.US,D,20120402,000000,10.5049,10.544,10.5049,10.544,4869.0862354375,0
RSPS.US,D,20120403,000000,10.5424,10.5424,10.4527,10.4527,22741.314843267,0
RSPS.US,D,20120404,000000,10.4577,10.4884,10.4447,10.4516,15778.108892165,0
RSPS.US,D,20120405,000000,10.4199,10.4199,10.3593,10.3912,29188.727760954,0
RSPS.US,D,20120409,000000,10.2825,10.306,10.2732,10.306,11925.134932555,0
RSPS.US,D,20120410,000000,10.303,10.303,10.2208,10.2335,79086.545813521,0
RSPS.US,D,20120411,000000,10.2966,10.3296,10.2889,10.3137,17758.754140478,0
RSPS.US,D,20120412,000000,10.3204,10.3581,10.2901,10.3565,31628.428809008,0
RSPS.US,D,20120413,000000,10.3865,10.3946,10.3607,10.3607,9206.9056464576,0
RSPS.US,D,20120416,000000,10.3975,10.4005,10.3443,10.3757,14813.575919679,0
RSPS.US,D,20120417,000000,10.4416,10.4847,10.4416,10.4768,5493.1958058699,0
RSPS.US,D,20120418,000000,10.4199,10.4416,10.4199,10.4354,4028.3435909712,0
RSPS.US,D,20120419,000000,10.4323,10.4686,10.388,10.4181,8433.2160963353,0
RSPS.US,D,20120420,000000,10.5083,10.5083,10.4962,10.4962,14792.944198342,0
RSPS.US,D,20120423,000000,10.3472,10.3472,10.3472,10.3472,1263.6929318668,0
RSPS.US,D,20120424,000000,10.3912,10.393,10.3405,10.3505,12683.350691674,0
RSPS.US,D,20120425,000000,10.4067,10.4163,10.3989,10.3989,18630.444366949,0
RSPS.US,D,20120426,000000,10.4339,10.4847,10.4323,10.4847,6354.5701716726,0
RSPS.US,D,20120427,000000,10.4962,10.5208,10.4917,10.5149,22395.733510879,0
RSPS.US,D,20120430,000000,10.4819,10.4869,10.4639,10.4819,7871.0016899126,0
RSPS.US,D,20120501,000000,10.5376,10.5376,10.47,10.47,5297.1944531721,0
RSPS.US,D,20120502,000000,10.4651,10.4998,10.4635,10.4873,14602.100775979,0
RSPS.US,D,20120503,000000,10.5424,10.5424,10.4516,10.4917,19780.662831465,0
RSPS.US,D,20120504,000000,10.4527,10.4635,10.3946,10.3975,17464.752111432,0
RSPS.US,D,20120507,000000,10.4102,10.4307,10.3989,10.3989,22622.682445581,0
RSPS.US,D,20120508,000000,10.3505,10.4133,10.3392,10.4005,334811.57385034,0
RSPS.US,D,20120509,000000,10.3865,10.495,10.3348,10.4447,24025.639496471,0
RSPS.US,D,20120510,000000,10.6423,10.6423,10.475,10.5083,755925.63805171,0
RSPS.US,D,20120511,000000,10.5267,10.5267,10.4498,10.4498,5353.9316868474,0
RSPS.US,D,20120514,000000,10.3625,10.4527,10.3625,10.4498,5044.4558667986,0
RSPS.US,D,20120515,000000,10.393,10.4577,10.3625,10.3625,8190.7933706302,0
RSPS.US,D,20120516,000000,10.6279,10.6279,10.3565,10.429,29962.417311077,0
RSPS.US,D,20120517,000000,10.4084,10.448,10.2794,10.2794,8587.9540063596,0
RSPS.US,D,20120518,000000,10.2285,10.2301,10.1955,10.2226,5802.6716259184,0
RSPS.US,D,20120521,000000,10.1986,10.2635,10.0931,10.2369,20611.089615263,0
RSPS.US,D,20120522,000000,10.3989,10.3989,10.2541,10.2541,19187.500843038,0
RSPS.US,D,20120523,000000,10.1152,10.2874,10.1152,10.2555,401023.92554982,0
RSPS.US,D,20120524,000000,10.2843,10.3216,10.2682,10.3216,8263.0043953083,0
RSPS.US,D,20120525,000000,10.4384,10.4384,10.3452,10.3452,14359.678050274,0
RSPS.US,D,20120529,000000,10.585,10.585,10.3607,10.4035,12260.400404274,0
RSPS.US,D,20120530,000000,10.3547,10.3593,10.352,10.3593,14029.570508887,0
RSPS.US,D,20120531,000000,10.337,10.3415,10.299,10.3415,11223.65640711,0
RSPS.US,D,20120601,000000,10.4135,10.4135,10.0787,10.0787,18769.708485972,0
RSPS.US,D,20120604,000000,10.0744,10.1234,10.0456,10.1152,294935.61443703,0
RSPS.US,D,20120605,000000,10.057,10.1564,10.057,10.1458,35641.298608976,0
RSPS.US,D,20120606,000000,10.228,10.2897,10.228,10.2806,30880.528910556,0
RSPS.US,D,20120607,000000,10.3755,10.3755,10.3026,10.3026,5312.6682441744,0
RSPS.US,D,20120608,000000,10.3623,10.3689,10.3623,10.3689,2702.7554950945,0
RSPS.US,D,20120611,000000,10.423,10.423,10.338,10.379,7871.0016899126,0
RSPS.US,D,20120612,000000,10.372,10.372,10.32,10.3262,13297.144401439,0
RSPS.US,D,20120613,000000,10.3755,10.3755,10.3101,10.3101,6818.7839017464,0
RSPS.US,D,20120614,000000,10.5065,10.5065,10.4151,10.4404,5075.4034488035,0
RSPS.US,D,20120615,000000,10.4874,10.4874,10.4874,10.4874,871.69022647136,0
RSPS.US,D,20120618,000000,10.6319,10.6319,10.4921,10.5004,8763.3236377209,0
RSPS.US,D,20120619,000000,10.5502,10.5502,10.5502,10.5502,711.79438611269,0
RSPS.US,D,20120620,000000,10.5464,10.5464,10.4903,10.5155,11481.552923818,0
RSPS.US,D,20120621,000000,10.4921,10.4921,10.4278,10.4278,9573.1187001825,0
RSPS.US,D,20120622,000000,10.4518,10.4594,10.4518,10.4594,1892.960432633,0
RSPS.US,D,20120625,000000,10.3946,10.4118,10.3673,10.402,20719.40615228,0
RSPS.US,D,20120626,000000,10.3896,10.4546,10.3896,10.4546,4796.8752107594,0
RSPS.US,D,20120627,000000,10.4788,10.5055,10.4502,10.4518,743623.97420477,0
RSPS.US,D,20120628,000000,10.4579,10.4607,10.3704,10.4118,20260.350352541,0
RSPS.US,D,20120629,000000,10.7112,10.7513,10.6952,10.7513,21431.200538393,0
RSPS.US,D,20120702,000000,10.7287,10.7941,10.7047,10.7941,8789.1132893917,0
RSPS.US,D,20120703,000000,10.8142,10.8553,10.8142,10.8459,15860.635777511,0
RSPS.US,D,20120705,000000,10.8385,10.8508,10.8385,10.8508,3146.3375038315,0
RSPS.US,D,20120706,000000,10.7303,10.7729,10.7303,10.7729,11930.292862889,0
RSPS.US,D,20120709,000000,10.9312,10.9312,10.6639,10.6639,14034.728439222,0
RSPS.US,D,20120710,000000,10.7746,10.7746,10.6496,10.6496,49913.291843569,0
RSPS.US,D,20120711,000000,10.6606,10.6678,10.6449,10.6545,28260.300300807,0
RSPS.US,D,20120712,000000,10.6161,10.6192,10.5749,10.6104,4399.7145750299,0
RSPS.US,D,20120713,000000,10.6146,10.6867,10.6146,10.6867,8727.2181253816,0
RSPS.US,D,20120716,000000,10.6174,10.6174,10.6174,10.6174,634.42543110046,0
RSPS.US,D,20120717,000000,10.6237,10.6606,10.6237,10.651,16737.483934317,0
RSPS.US,D,20120718,000000,10.6794,10.6794,10.6694,10.6694,1882.6445719648,0
RSPS.US,D,20120719,000000,10.6335,10.6678,10.6335,10.6529,16706.536352312,0
RSPS.US,D,20120720,000000,10.6174,10.6174,10.5284,10.5284,6885.8369960903,0
RSPS.US,D,20120723,000000,10.4199,10.4561,10.4199,10.4518,10836.811632049,0
RSPS.US,D,20120724,000000,10.5355,10.5355,10.3637,10.4084,15932.846802189,0
RSPS.US,D,20120725,000000,10.3989,10.3989,10.3503,10.372,5457.0902935306,0
RSPS.US,D,20120726,000000,10.5414,10.5594,10.4874,10.5594,91295.366914452,0
RSPS.US,D,20120727,000000,10.6303,10.6936,10.6303,10.6814,9480.2759541678,0
RSPS.US,D,20120730,000000,10.6665,10.6968,10.6386,10.6968,15143.683461064,0
RSPS.US,D,20120731,000000,10.6588,10.6588,10.6299,10.6428,14462.836656956,0
RSPS.US,D,20120802,000000,10.4921,10.5137,10.4722,10.4954,14070.833951562,0
RSPS.US,D,20120803,000000,10.673,10.673,10.6432,10.6575,6045.0943516236,0
RSPS.US,D,20120806,000000,10.6867,10.698,10.6529,10.6529,4549.2945547203,0
RSPS.US,D,20120807,000000,10.6639,10.673,10.6419,10.6449,8820.0608713962,0
RSPS.US,D,20120808,000000,10.7132,10.7795,10.7063,10.7782,52801.732830697,0
RSPS.US,D,20120809,000000,10.7379,10.7379,10.7303,10.7379,4286.2401076786,0
RSPS.US,D,20120810,000000,10.6875,10.7182,10.6766,10.7182,6127.6212369702,0
RSPS.US,D,20120813,000000,10.6849,10.7196,10.6849,10.7166,5018.6662151278,0
RSPS.US,D,20120814,000000,10.7431,10.7431,10.7431,10.7431,1717.5908012719,0
RSPS.US,D,20120815,000000,10.8043,10.8142,10.786,10.7983,1026510.6633812,0
RSPS.US,D,20120816,000000,10.7925,10.8253,10.7875,10.8238,15546.002027128,0
RSPS.US,D,20120817,000000,10.8349,10.8886,10.8192,10.871,11682.712206849,0
RSPS.US,D,20120820,000000,10.8847,10.8847,10.8129,10.868,6865.2052747537,0
RSPS.US,D,20120821,000000,10.8847,10.8847,10.8192,10.821,7582.1575912007,0
RSPS.US,D,20120822,000000,10.8238,10.8238,10.8238,10.8238,974.84883315433,0
RSPS.US,D,20120823,000000,10.7588,10.7588,10.7379,10.7431,14204.940140249,0
RSPS.US,D,20120824,000000,10.7499,10.8129,10.7499,10.8129,20219.086909868,0
RSPS.US,D,20120827,000000,10.8367,10.8571,10.8349,10.8349,7602.7893125372,0
RSPS.US,D,20120828,000000,10.8667,10.8904,10.8667,10.868,6999.3114634414,0
RSPS.US,D,20120829,000000,10.8813,10.8828,10.8667,10.8728,15262.31585875,0
RSPS.US,D,20120830,000000,10.816,10.816,10.8092,10.8142,5606.6702732211,0
RSPS.US,D,20120831,000000,10.8686,10.8686,10.8686,10.8686,1397.7991205547,0
RSPS.US,D,20120904,000000,10.9166,10.934,10.8624,10.934,16825.168749997,0
RSPS.US,D,20120905,000000,10.9051,10.9228,10.8926,10.9051,19945.716602159,0
RSPS.US,D,20120906,000000,10.9946,11.022,10.9946,11.0176,14452.520796289,0
RSPS.US,D,20120907,000000,10.9759,10.9759,10.9562,10.9759,30999.161308241,0
RSPS.US,D,20120910,000000,10.9582,10.9872,10.9503,10.9503,72319.341215115,0
RSPS.US,D,20120911,000000,10.9431,10.9431,10.9093,10.9093,9841.3310775579,0
RSPS.US,D,20120912,000000,10.955,10.955,10.8828,10.8859,2533240.1146627,0
RSPS.US,D,20120913,000000,10.9187,11.0038,10.895,10.9998,19662.03043378,0
RSPS.US,D,20120914,000000,11.0309,11.0309,10.8976,10.8976,11084.392288088,0
RSPS.US,D,20120917,000000,10.9059,10.9412,10.9009,10.9009,19574.345618099,0
RSPS.US,D,20120918,000000,10.9425,11.0087,10.9166,10.9562,105082.51469764,0
RSPS.US,D,20120919,000000,10.9838,11.0522,10.9838,11.0422,22473.102465891,0
RSPS.US,D,20120920,000000,11.0008,11.0853,11.0008,11.0522,49351.077437146,0
RSPS.US,D,20120921,000000,11.0888,11.0888,11.0191,11.0267,43192.508618172,0
RSPS.US,D,20120924,000000,11.0053,11.0343,10.9788,11.0326,13106.300979076,0
RSPS.US,D,20120925,000000,11.039,11.0599,10.9594,10.9594,21199.093673356,0
RSPS.US,D,20120926,000000,10.9643,10.9882,10.9406,10.9406,12750.403786018,0
RSPS.US,D,20120927,000000,10.9759,10.9759,10.9759,10.9759,665.37301310536,0
RSPS.US,D,20120928,000000,10.959,11.0118,10.959,11.0083,330066.27794292,0
RSPS.US,D,20121001,000000,11.0309,11.111,11.0309,11.0722,832237.21734544,0
RSPS.US,D,20121002,000000,11.119,11.1269,11.0616,11.0998,1553099.2449856,0
RSPS.US,D,20121003,000000,11.1546,11.1546,11.0708,11.1546,1696.9590799353,0
RSPS.US,D,20121004,000000,11.1333,11.1572,11.1333,11.1572,1872.3287112964,0
RSPS.US,D,20121005,000000,11.203,11.2321,11.2003,11.2003,18511.811969264,0
RSPS.US,D,20121008,000000,11.1795,11.1893,11.1795,11.1893,4755.6117680862,0
RSPS.US,D,20121009,000000,11.1938,11.1938,11.1077,11.1077,8722.0601950473,0
RSPS.US,D,20121010,000000,11.0279,11.0279,11.0208,11.0208,1253.3770711984,0
RSPS.US,D,20121011,000000,11.0475,11.0475,11.0106,11.0106,12734.929995016,0
RSPS.US,D,20121012,000000,11.1077,11.1077,10.9611,11.0071,18986.341560006,0
RSPS.US,D,20121015,000000,11.0373,11.0599,11.0279,11.0493,21333.199862045,0
RSPS.US,D,20121016,000000,11.1269,11.1269,11.1269,11.1269,629.2675007663,0
RSPS.US,D,20121017,000000,11.2466,11.2466,11.2132,11.2382,14555.679402972,0
RSPS.US,D,20121018,000000,11.2208,11.2208,11.2208,11.2208,1274.0087925351,0
RSPS.US,D,20121019,000000,11.119,11.119,11.0267,11.0742,448755.41286205,0
RSPS.US,D,20121022,000000,10.9963,11.0567,10.8373,10.9928,38890.794719491,0
RSPS.US,D,20121023,000000,10.9141,10.9141,10.8402,10.9121,95076.129849382,0
RSPS.US,D,20121024,000000,11.0106,11.0106,10.8545,10.8736,44817.25667343,0
RSPS.US,D,20121025,000000,10.9018,10.9389,10.9018,10.9214,69353.531272983,0
RSPS.US,D,20121026,000000,10.8432,10.8579,10.8228,10.8579,28255.142370473,0
RSPS.US,D,20121031,000000,10.9916,10.9916,10.8389,10.8837,13879.990529197,0
RSPS.US,D,20121101,000000,10.9439,10.9562,10.9067,10.9153,25005.646259959,0
RSPS.US,D,20121102,000000,10.9358,10.9515,10.9035,10.9035,25196.489682322,0
RSPS.US,D,20121105,000000,10.8164,10.8686,10.8164,10.8686,5240.4572194963,0
RSPS.US,D,20121106,000000,10.8956,10.9594,10.8956,10.9562,7721.4217102226,0
RSPS.US,D,20121107,000000,10.864,10.8787,10.7483,10.8496,24041.113287473,0
RSPS.US,D,20121108,000000,10.733,10.733,10.6922,10.6922,1253.3770711984,0
RSPS.US,D,20121109,000000,10.5506,10.7731,10.5506,10.7605,20275.824143544,0
RSPS.US,D,20121112,000000,10.6904,10.7483,10.6904,10.7239,21983.099084147,0
RSPS.US,D,20121113,000000,10.7929,10.8081,10.7768,10.8081,19976.664184163,0
RSPS.US,D,20121114,000000,10.6889,10.7029,10.6428,10.6428,15788.424752833,0
RSPS.US,D,20121115,000000,10.6046,10.6311,10.4035,10.6311,38421.423059083,0
RSPS.US,D,20121116,000000,10.6311,10.7045,10.6311,10.7045,10682.073722025,0
RSPS.US,D,20121119,000000,10.7956,10.8771,10.7956,10.8771,7865.8437595789,0
RSPS.US,D,20121120,000000,10.8579,10.867,10.8309,10.867,25536.913084376,0
RSPS.US,D,20121121,000000,10.8736,10.9051,10.8736,10.9051,10367.439971641,0
RSPS.US,D,20121123,000000,11.0023,11.0023,11.0023,11.0023,2032.2245516551,0
RSPS.US,D,20121126,000000,11.0053,11.0159,10.9323,10.9594,64582.445713892,0
RSPS.US,D,20121127,000000,11.0267,11.0422,10.9821,11.0087,13854.200877527,0
RSPS.US,D,20121128,000000,11.0475,11.0918,11.0475,11.0825,2893.5989174581,0
RSPS.US,D,20121129,000000,11.1235,11.1518,11.0888,11.1316,24268.062222175,0
RSPS.US,D,20121130,000000,11.1712,11.1909,11.1647,11.1909,8799.4291500597,0
RSPS.US,D,20121203,000000,11.1987,11.2414,11.1987,11.2414,12946.405138716,0
RSPS.US,D,20121204,000000,11.1478,11.1745,11.1478,11.1745,6354.5701716726,0
RSPS.US,D,20121205,000000,11.1893,11.2336,11.1546,11.2077,25758.704088745,0
RSPS.US,D,20121206,000000,11.2499,11.2499,11.1745,11.2132,26929.554274597,0
RSPS.US,D,20121207,000000,11.27,11.2987,11.2499,11.2499,7215.9445374758,0
RSPS.US,D,20121210,000000,11.2527,11.27,11.243,11.243,6622.7825490486,0
RSPS.US,D,20121211,000000,11.3414,11.3693,11.3115,11.3181,23432.477508043,0
RSPS.US,D,20121212,000000,11.3404,11.3414,11.2969,11.3414,23845.111934775,0
RSPS.US,D,20121213,000000,11.2987,11.353,11.1893,11.2673,8918.0615477451,0
RSPS.US,D,20121214,000000,11.2828,11.2828,11.2656,11.2716,2867.8092657874,0
RSPS.US,D,20121217,000000,11.2799,11.3022,11.2499,11.2622,12863.87825337,0
RSPS.US,D,20121218,000000,11.2622,11.3104,11.243,11.2987,25722.598576405,0
RSPS.US,D,20121219,000000,11.3104,11.3104,11.27,11.2787,28332.511325485,0
RSPS.US,D,20121220,000000,11.2734,11.2787,11.2336,11.2787,9671.1193765309,0
RSPS.US,D,20121221,000000,11.0583,11.2547,11.0583,11.1987,13921.25397187,0
RSPS.US,D,20121224,000000,11.1556,11.1556,11.1403,11.1492,11564.079809165,0
RSPS.US,D,20121226,000000,11.0511,11.071,11.0511,11.071,7726.5796405564,0
RSPS.US,D,20121227,000000,11.0495,11.0924,10.9992,11.0601,13359.039565448,0
RSPS.US,D,20121228,000000,11.0049,11.0459,10.9892,10.9892,20121.086233518,0
RSPS.US,D,20121231,000000,10.9011,11.1287,10.9011,11.1287,163609.55019923,0
RSPS.US,D,20130102,000000,11.2838,11.4035,11.2838,11.4035,42460.082510722,0
RSPS.US,D,20130103,000000,11.3754,11.4089,11.3754,11.3987,10331.334459303,0
RSPS.US,D,20130104,000000,11.427,11.4537,11.4221,11.4537,7793.6327349008,0
RSPS.US,D,20130107,000000,11.4432,11.4432,11.353,11.364,352740.53969185,0
RSPS.US,D,20130108,000000,11.3125,11.3402,11.2758,11.3402,22777.420355606,0
RSPS.US,D,20130109,000000,11.3226,11.364,11.3226,11.3412,41521.339189907,0
RSPS.US,D,20130110,000000,11.3658,11.4089,11.3658,11.397,13008.300302726,0
RSPS.US,D,20130111,000000,11.3884,11.4077,11.3884,11.4077,4967.0869117864,0
RSPS.US,D,20130114,000000,11.4523,11.4537,11.4481,11.4537,2630.5444704165,0
RSPS.US,D,20130115,000000,11.5832,11.5832,11.4466,11.5027,2872.9671961214,0
RSPS.US,D,20130116,000000,11.5114,11.5316,11.5059,11.5234,292464.96580697,0
RSPS.US,D,20130117,000000,11.6787,11.6787,11.5701,11.5846,3089.6002701558,0
RSPS.US,D,20130118,000000,11.6253,11.6396,11.6119,11.6396,56474.179228608,0
RSPS.US,D,20130122,000000,11.6622,11.6839,11.6315,11.6839,14653.68007932,0
RSPS.US,D,20130123,000000,11.7022,11.7713,11.6765,11.713,21178.46195202,0
RSPS.US,D,20130124,000000,11.7115,11.715,11.7051,11.715,2661.4920524213,0
RSPS.US,D,20130125,000000,11.7361,11.7503,11.7229,11.7409,15241.684137414,0
RSPS.US,D,20130128,000000,11.7421,11.7668,11.7066,11.7534,31226.110242944,0
RSPS.US,D,20130129,000000,11.7733,11.7917,11.7733,11.7917,4069.6070336443,0
RSPS.US,D,20130130,000000,11.8084,11.8133,11.7668,11.7733,9047.0098060991,0
RSPS.US,D,20130131,000000,11.7179,11.7939,11.7179,11.7697,46937.166040764,0
RSPS.US,D,20130201,000000,11.8453,11.8453,11.7984,11.8356,8768.4815680551,0
RSPS.US,D,20130204,000000,11.7984,11.998,11.7361,11.7361,52982.260392388,0
RSPS.US,D,20130205,000000,11.807,11.8646,11.8018,11.8537,26877.974971255,0
RSPS.US,D,20130206,000000,11.8417,11.913,11.8304,11.8761,33108.754814909,0
RSPS.US,D,20130207,000000,11.8922,11.9191,11.8517,11.9144,15050.84071505,0
RSPS.US,D,20130208,000000,11.9545,11.9545,11.9209,11.9209,13859.35880786,0
RSPS.US,D,20130211,000000,12.0773,12.0773,11.8922,11.8985,17475.0679721,0
RSPS.US,D,20130212,000000,11.9394,11.998,11.9394,11.9931,25108.804866642,0
RSPS.US,D,20130213,000000,11.9776,11.9831,11.9625,11.9831,8324.8995593179,0
RSPS.US,D,20130214,000000,12.13,12.149,12.1205,12.1205,26228.075749153,0
RSPS.US,D,20130215,000000,12.2905,12.2905,12.1253,12.1253,27832.192083073,0
RSPS.US,D,20130219,000000,12.227,12.2388,12.227,12.2332,6813.6259714121,0
RSPS.US,D,20130220,000000,12.4998,12.4998,12.2002,12.2002,38060.367935693,0
RSPS.US,D,20130221,000000,12.3843,12.3843,12.2002,12.2654,56051.22894121,0
RSPS.US,D,20130222,000000,12.3004,12.5977,12.2841,12.3278,58645.667899285,0
RSPS.US,D,20130225,000000,12.3552,12.3605,12.1863,12.1863,135663.88364881,0
RSPS.US,D,20130226,000000,12.3744,12.3744,12.132,12.1959,24072.060869477,0
RSPS.US,D,20130227,000000,12.1967,12.323,12.1967,12.3201,23886.375377449,0
RSPS.US,D,20130228,000000,12.5312,12.5312,12.322,12.3563,48221.490693967,0
RSPS.US,D,20130301,000000,12.4516,12.4516,12.2907,12.373,48040.963132273,0
RSPS.US,D,20130304,000000,12.3605,12.4556,12.3502,12.4556,185577.17549238,0
RSPS.US,D,20130305,000000,12.5171,12.5554,12.4679,12.5124,781632.76283708,0
RSPS.US,D,20130306,000000,12.4853,12.5454,12.4516,12.4694,169309.06321847,0
RSPS.US,D,20130307,000000,12.4836,12.4915,12.4679,12.4679,22498.892117562,0
RSPS.US,D,20130308,000000,12.5928,12.5928,12.482,12.4979,36368.566786092,0
RSPS.US,D,20130311,000000,12.6099,12.6099,12.4985,12.5335,6818.7839017464,0
RSPS.US,D,20130312,000000,12.5988,12.5988,12.4767,12.4979,55566.383489797,0
RSPS.US,D,20130313,000000,12.5535,12.6075,12.5141,12.5885,154160.22182708,0
RSPS.US,D,20130314,000000,12.6316,12.6481,12.6141,12.6141,21132.040579013,0
RSPS.US,D,20130315,000000,12.6055,12.6481,12.5637,12.6128,124961.17820545,0
RSPS.US,D,20130318,000000,12.4767,12.6204,12.4767,12.5975,104045.77070047,0
RSPS.US,D,20130319,000000,12.6128,12.6994,12.6004,12.6896,145737.3215914,0
RSPS.US,D,20130320,000000,12.7478,12.8397,12.7412,12.8256,276975.70101352,0
RSPS.US,D,20130321,000000,12.7913,12.8109,12.7515,12.7739,189326.99084531,0
RSPS.US,D,20130322,000000,12.7755,12.8734,12.7755,12.8379,114155.31415541,0
RSPS.US,D,20130325,000000,12.8799,12.9174,12.824,12.8707,42217.659785017,0
RSPS.US,D,20130326,000000,12.9156,12.9913,12.9094,12.9722,156274.97326408,0
RSPS.US,D,20130327,000000,12.9048,12.9652,12.9048,12.9652,18754.234694969,0
RSPS.US,D,20130328,000000,12.9652,13.0527,12.9652,13.0527,301455.2383794,0
RSPS.US,D,20130401,000000,13.0494,13.0643,12.9871,13.0289,168648.8481357,0
RSPS.US,D,20130402,000000,13.0494,13.1559,13.0494,13.0839,92161.899210594,0
RSPS.US,D,20130403,000000,13.2113,13.2113,12.919,12.967,88685.454165371,0
RSPS.US,D,20130404,000000,13.0014,13.0321,12.955,12.9913,38808.267834144,0
RSPS.US,D,20130405,000000,12.8783,12.9048,12.8397,12.9013,43548.405811228,0
RSPS.US,D,20130408,000000,12.9129,12.9966,12.8564,12.9913,76063.998637708,0
RSPS.US,D,20130409,000000,13.0289,13.0466,12.967,13.0169,51589.619202169,0
RSPS.US,D,20130410,000000,13.0511,13.1694,13.0403,13.1642,218742.66754096,0
RSPS.US,D,20130411,000000,13.1835,13.25,13.1835,13.2287,98181.203910545,0
RSPS.US,D,20130412,000000,13.2355,13.2417,13.1887,13.2417,43754.723024593,0
RSPS.US,D,20130415,000000,13.2081,13.2518,13.0611,13.0611,45173.153866486,0
RSPS.US,D,20130416,000000,13.178,13.2914,13.1344,13.2914,42625.136281415,0
RSPS.US,D,20130417,000000,13.2145,13.2547,13.1255,13.1887,33660.653360663,0
RSPS.US,D,20130418,000000,13.2062,13.2258,13.1762,13.1819,64649.498808235,0
RSPS.US,D,20130419,000000,13.2355,13.4109,13.2355,13.4109,93760.857614179,0
RSPS.US,D,20130422,000000,13.5242,13.5242,13.3341,13.4023,63530.227925725,0
RSPS.US,D,20130423,000000,13.474,13.5394,13.4598,13.5394,366919.69018043,0
RSPS.US,D,20130424,000000,13.558,13.558,13.4141,13.4141,24881.85593194,0
RSPS.US,D,20130425,000000,13.4192,13.4192,13.3468,13.3498,45235.049030495,0
RSPS.US,D,20130426,000000,13.3271,13.3531,13.3271,13.3468,16752.957725319,0
RSPS.US,D,20130429,000000,13.3305,13.3972,13.3255,13.3801,39097.111932856,0
RSPS.US,D,20130430,000000,13.4662,13.4662,13.3289,13.3809,285780.28809391,0
RSPS.US,D,20130501,000000,13.399,13.416,13.3237,13.3237,1014348.2636533,0
RSPS.US,D,20130502,000000,13.2647,13.4548,13.2647,13.4387,183065.26341965,0
RSPS.US,D,20130503,000000,13.505,13.5484,13.4771,13.5256,23716.163676422,0
RSPS.US,D,20130506,000000,13.5376,13.5376,13.3954,13.4067,63850.019606443,0
RSPS.US,D,20130507,000000,13.4244,13.5376,13.4244,13.5376,67687.519775049,0
RSPS.US,D,20130508,000000,13.5531,13.5531,13.5148,13.55,25346.069662013,0
RSPS.US,D,20130509,000000,13.5986,13.5986,13.3787,13.408,28992.726408256,0
RSPS.US,D,20130510,000000,13.4482,13.4653,13.4225,13.4598,53823.003036851,0
RSPS.US,D,20130513,000000,13.4752,13.5531,13.4513,13.5273,40984.914435156,0
RSPS.US,D,20130514,000000,13.558,13.7292,13.558,13.7292,39329.218797893,0
RSPS.US,D,20130515,000000,13.7436,13.852,13.7436,13.852,34516.869796132,0
RSPS.US,D,20130516,000000,13.8492,13.939,13.7549,13.7745,312580.89411016,0
RSPS.US,D,20130517,000000,13.7792,13.8325,13.7326,13.8294,29157.780178949,0
RSPS.US,D,20130520,000000,13.8726,13.8726,13.6921,13.695,37611.627996622,0
RSPS.US,D,20130521,000000,13.7135,13.7378,13.6184,13.7117,199467.48188225,0
RSPS.US,D,20130522,000000,13.7959,13.8279,13.6372,13.6372,124094.64590931,0
RSPS.US,D,20130523,000000,13.5597,13.6355,13.5003,13.613,72788.712875522,0
RSPS.US,D,20130524,000000,13.6214,13.6715,13.5727,13.6555,41624.49779659,0
RSPS.US,D,20130528,000000,13.7359,13.8162,13.7033,13.7099,67011.830901277,0
RSPS.US,D,20130529,000000,13.6909,13.6909,13.4969,13.5048,42913.980380128,0
RSPS.US,D,20130530,000000,13.5034,13.5376,13.4653,13.4668,14277.151164927,0
RSPS.US,D,20130531,000000,13.4579,13.4579,13.2248,13.2309,493185.82476042,0
RSPS.US,D,20130603,000000,13.2369,13.2902,13.0822,13.2902,440621.35672509,0
RSPS.US,D,20130604,000000,13.3456,13.4117,13.2532,13.3641,21456.990190064,0
RSPS.US,D,20130605,000000,13.2745,13.2969,13.169,13.198,95462.974624449,0
RSPS.US,D,20130606,000000,13.1704,13.1884,13.091,13.1673,40144.171790689,0
RSPS.US,D,20130607,000000,13.336,13.4443,13.336,13.4184,16335.165368254,0
RSPS.US,D,20130610,000000,13.4699,13.4699,13.365,13.4259,75058.20222255,0
RSPS.US,D,20130611,000000,13.2547,13.4383,13.2547,13.4383,33774.127828014,0
RSPS.US,D,20130612,000000,13.4094,13.4125,13.3436,13.3515,17469.910041765,0
RSPS.US,D,20130613,000000,13.3696,13.4715,13.3341,13.4715,30720.633070197,0
RSPS.US,D,20130614,000000,13.4796,13.4917,13.4367,13.4542,20894.775783641,0
RSPS.US,D,20130617,000000,13.5256,13.6288,13.5256,13.5792,23927.638820122,0
RSPS.US,D,20130618,000000,13.4832,13.6404,13.4832,13.6357,59099.565768691,0
RSPS.US,D,20130619,000000,13.6683,13.6683,13.398,13.398,62859.696982286,0
RSPS.US,D,20130620,000000,13.3391,13.3391,12.9384,12.9519,80226.448417366,0
RSPS.US,D,20130621,000000,13.0535,13.12,12.9674,13.0727,44492.307062377,0
RSPS.US,D,20130624,000000,13.0038,13.1412,12.9064,13.1025,58712.720993629,0
RSPS.US,D,20130625,000000,13.0715,13.1368,13.0327,13.0778,17634.963812459,0
RSPS.US,D,20130626,000000,13.1118,13.2369,13.1118,13.2369,144313.73281919,0
RSPS.US,D,20130627,000000,13.307,13.336,13.2779,13.2779,14586.626984975,0
RSPS.US,D,20130628,000000,13.2662,13.3309,13.2662,13.3004,14663.995939988,0
RSPS.US,D,20130701,000000,13.2792,13.4029,13.271,13.3152,87648.71016821,0
RSPS.US,D,20130702,000000,13.2985,13.391,13.2745,13.3181,57794.609394145,0
RSPS.US,D,20130703,000000,13.2468,13.2647,13.2272,13.2627,21591.096378752,0
RSPS.US,D,20130705,000000,13.4117,13.4117,13.2174,13.2662,12219.136961601,0
RSPS.US,D,20130708,000000,13.3456,13.4476,13.3456,13.4476,22266.785252525,0
RSPS.US,D,20130709,000000,13.5404,13.5823,13.5112,13.55,83218.048011171,0
RSPS.US,D,20130710,000000,13.5727,13.62,13.5467,13.5874,58289.770706226,0
RSPS.US,D,20130711,000000,13.7628,13.8243,13.7592,13.8228,24928.277304947,0
RSPS.US,D,20130712,000000,13.8012,13.8079,13.769,13.8049,17402.856947423,0
RSPS.US,D,20130715,000000,13.8321,13.8662,13.8124,13.8599,20564.668242256,0
RSPS.US,D,20130716,000000,13.8012,13.8387,13.7996,13.8387,202051.60497965,0
RSPS.US,D,20130717,000000,13.8488,13.8693,13.8275,13.8488,31680.008112349,0
RSPS.US,D,20130718,000000,13.8468,13.9408,13.8468,13.9126,23494.372672053,0
RSPS.US,D,20130719,000000,13.9471,13.9851,13.9162,13.9832,28523.354747849,0
RSPS.US,D,20130722,000000,13.9908,13.9908,13.9559,13.9559,15958.63645386,0
RSPS.US,D,20130723,000000,14.0576,14.0576,13.8873,13.9091,177613.33105645,0
RSPS.US,D,20130724,000000,13.8678,13.8678,13.7771,13.7863,18981.183629672,0
RSPS.US,D,20130725,000000,13.8414,13.891,13.8228,13.8858,24087.534660481,0
RSPS.US,D,20130726,000000,13.8448,13.8678,13.7882,13.8678,11950.924584225,0
RSPS.US,D,20130729,000000,13.8805,13.9106,13.8518,13.8773,24180.377406494,0
RSPS.US,D,20130730,000000,13.9218,13.9269,13.8337,13.8337,23334.476831695,0
RSPS.US,D,20130731,000000,13.9253,13.9253,13.8401,13.8401,612952.96711936,0
RSPS.US,D,20130801,000000,13.9283,14.0248,13.9283,13.9779,66908.672294592,0
RSPS.US,D,20130802,000000,13.9061,14.0041,13.9061,14.0041,15262.31585875,0
RSPS.US,D,20130805,000000,14.0023,14.0543,14.0008,14.0429,26573.65708154,0
RSPS.US,D,20130806,000000,14.1422,14.1422,13.9924,14.0523,21214.567464359,0
RSPS.US,D,20130807,000000,14.0186,14.0557,13.9106,13.9944,152122.83934508,0
RSPS.US,D,20130808,000000,14.0092,14.0758,14.006,14.0706,45817.895158254,0
RSPS.US,D,20130809,000000,14.0415,14.0611,13.9989,14.0415,9237.8532284627,0
RSPS.US,D,20130812,000000,13.9471,13.9767,13.9218,13.9767,30514.315856831,0
RSPS.US,D,20130813,000000,13.9767,14.0023,13.9182,14.0023,46782.428130741,0
RSPS.US,D,20130814,000000,13.9559,13.9559,13.8988,13.8988,42779.874191439,0
RSPS.US,D,20130815,000000,13.8092,13.8092,13.6404,13.6475,42295.02874003,0
RSPS.US,D,20130816,000000,13.6115,13.6251,13.5565,13.5967,124868.33545944,0
RSPS.US,D,20130819,000000,13.5423,13.592,13.5423,13.5676,14658.838009654,0
RSPS.US,D,20130820,000000,13.524,13.6326,13.4592,13.6166,54441.954676952,0
RSPS.US,D,20130821,000000,13.5321,13.5321,13.4577,13.4577,27063.660463285,0
RSPS.US,D,20130822,000000,13.4732,13.5727,13.4592,13.5321,44734.729788082,0
RSPS.US,D,20130823,000000,13.5727,13.6051,13.5727,13.5986,8010.2658089346,0
RSPS.US,D,20130826,000000,13.579,13.579,13.4299,13.4333,26119.759212136,0
RSPS.US,D,20130827,000000,13.307,13.3571,13.2858,13.3259,38576.160969108,0
RSPS.US,D,20130828,000000,13.2369,13.2468,13.206,13.2079,31231.268173278,0
RSPS.US,D,20130829,000000,13.1817,13.307,13.1776,13.307,9578.2766305162,0
RSPS.US,D,20130830,000000,13.2582,13.3181,13.2565,13.3181,26986.291508273,0
RSPS.US,D,20130903,000000,13.4117,13.4117,13.2654,13.2755,9490.5918148358,0
RSPS.US,D,20130904,000000,13.2979,13.4315,13.2979,13.3793,97247.61852006,0
RSPS.US,D,20130905,000000,13.4059,13.4074,13.3809,13.3825,147485.85997468,0
RSPS.US,D,20130906,000000,13.4612,13.463,13.3909,13.4013,23705.847815754,0
RSPS.US,D,20130909,000000,13.1304,13.5112,13.1304,13.5112,27460.821099015,0
RSPS.US,D,20130910,000000,13.686,13.686,13.4612,13.5052,38297.632731063,0
RSPS.US,D,20130911,000000,13.513,13.5696,13.5112,13.5696,18986.341560006,0
RSPS.US,D,20130912,000000,13.6079,13.6308,13.5857,13.5857,19151.395330699,0
RSPS.US,D,20130913,000000,13.6697,13.7139,13.6396,13.7139,15984.426105531,0
RSPS.US,D,20130916,000000,13.7851,13.8629,13.7851,13.8337,28286.089952478,0
RSPS.US,D,20130917,000000,13.9081,13.9316,13.9081,13.9209,12435.770035635,0
RSPS.US,D,20130918,000000,13.9481,14.0932,13.8492,14.0932,34253.81534909,0
RSPS.US,D,20130919,000000,14.0845,14.0845,13.9936,14.0088,171903.50217655,0
RSPS.US,D,20130920,000000,13.9916,13.9916,13.9054,13.919,17010.854242026,0
RSPS.US,D,20130923,000000,13.8472,13.8572,13.8014,13.8418,18847.077440984,0
RSPS.US,D,20130924,000000,13.8554,13.8697,13.8554,13.8666,3234.022319512,0
RSPS.US,D,20130925,000000,13.8652,13.8652,13.6987,13.6987,4234.6608043371,0
RSPS.US,D,20130926,000000,13.7334,13.7428,13.6729,13.7084,24850.908349934,0
RSPS.US,D,20130927,000000,13.6368,13.6764,13.6368,13.6744,45131.890423812,0
RSPS.US,D,20130930,000000,13.6744,13.6744,13.5277,13.5411,829895.51697375,0
RSPS.US,D,20131001,000000,13.5411,13.626,13.5294,13.626,41645.129517927,0
RSPS.US,D,20131002,000000,13.5003,13.6176,13.4989,13.609,8840.6925927328,0
RSPS.US,D,20131003,000000,13.5833,13.6045,13.4989,13.5649,43300.825155189,0
RSPS.US,D,20131004,000000,13.5445,13.634,13.5445,13.5996,19662.03043378,0
RSPS.US,D,20131007,000000,13.5411,13.6243,13.5294,13.5735,38405.949268081,0
RSPS.US,D,20131008,000000,13.5912,13.5912,13.5294,13.5294,12311.979707616,0
RSPS.US,D,20131009,000000,13.4885,13.5411,13.4885,13.5361,14782.628337673,0
RSPS.US,D,20131010,000000,13.6507,13.7967,13.6507,13.7953,15788.424752833,0
RSPS.US,D,20131011,000000,13.811,13.8682,13.811,13.8666,23123.001687994,0
RSPS.US,D,20131014,000000,13.8277,13.917,13.8175,13.898,10733.653025367,0
RSPS.US,D,20131015,000000,13.8437,13.9026,13.8259,13.8259,10207.544131282,0
RSPS.US,D,20131016,000000,13.8277,14.0164,13.8277,13.9889,18460.232665923,0
RSPS.US,D,20131017,000000,14.0146,14.1483,14.0146,14.1483,16783.905307324,0
RSPS.US,D,20131018,000000,14.2238,14.2238,14.1519,14.1665,14994.103481373,0
RSPS.US,D,20131021,000000,14.191,14.191,14.1146,14.1583,25036.593841963,0
RSPS.US,D,20131022,000000,14.3064,14.3467,14.2904,14.3467,8190.7933706302,0
RSPS.US,D,20131023,000000,14.3568,14.3891,14.344,14.3747,19986.980044832,0
RSPS.US,D,20131024,000000,14.3687,14.4188,14.3232,14.3521,16794.221167992,0
RSPS.US,D,20131025,000000,14.5395,14.5395,14.3362,14.3963,25253.226915998,0
RSPS.US,D,20131028,000000,14.5395,14.6174,14.5395,14.5679,28966.936756585,0
RSPS.US,D,20131029,000000,14.5624,14.6907,14.5624,14.6877,300676.39089893,0
RSPS.US,D,20131030,000000,14.7155,14.7155,14.5756,14.5756,12569.876224324,0
RSPS.US,D,20131031,000000,14.4679,14.4715,14.4494,14.4494,22426.681092884,0
RSPS.US,D,20131101,000000,14.4251,14.4648,14.3878,14.4648,24020.481566137,0
RSPS.US,D,20131104,000000,14.6226,14.6226,14.409,14.4508,77982.748722011,0
RSPS.US,D,20131105,000000,14.4073,14.5329,14.4073,14.5072,56721.759884649,0
RSPS.US,D,20131106,000000,14.5534,14.6083,14.5362,14.5828,42150.606690673,0
RSPS.US,D,20131107,000000,14.6907,14.6907,14.3292,14.331,31834.746022374,0
RSPS.US,D,20131108,000000,14.4341,14.4341,14.1862,14.398,93198.643207754,0
RSPS.US,D,20131111,000000,14.3817,14.484,14.3453,14.3671,13503.461614805,0
RSPS.US,D,20131112,000000,14.5019,14.5019,14.3362,14.3687,14638.206288318,0
RSPS.US,D,20131113,000000,14.333,14.527,14.333,14.5052,36827.622585831,0
RSPS.US,D,20131114,000000,14.527,14.6388,14.527,14.6271,122547.26680908,0
RSPS.US,D,20131115,000000,14.709,14.709,14.5812,14.6356,54209.847811918,0
RSPS.US,D,20131118,000000,14.8191,14.8191,14.5378,14.5411,19373.186335067,0
RSPS.US,D,20131119,000000,14.6356,14.6356,14.2718,14.5346,57196.289475389,0
RSPS.US,D,20131120,000000,14.5395,14.5395,14.3891,14.3891,16861.274262337,0
RSPS.US,D,20131121,000000,14.4508,14.5003,14.4467,14.4872,43636.090626908,0
RSPS.US,D,20131122,000000,14.5036,14.5861,14.5003,14.5861,48257.596206308,0
RSPS.US,D,20131125,000000,14.574,14.6256,14.5233,14.5233,20719.40615228,0
RSPS.US,D,20131126,000000,14.5301,14.6421,14.5301,14.5932,11270.077780118,0
RSPS.US,D,20131127,000000,14.6097,14.6256,14.5846,14.6189,19600.13526977,0
RSPS.US,D,20131129,000000,14.6271,14.6554,14.5489,14.559,7984.4761572643,0
RSPS.US,D,20131202,000000,14.6893,14.6893,14.4715,14.5425,57784.293533483,0
RSPS.US,D,20131203,000000,14.5179,14.6019,14.5179,14.6019,77647.483250292,0
RSPS.US,D,20131204,000000,14.5411,14.6189,14.5301,14.5948,46271.793027659,0
RSPS.US,D,20131205,000000,14.5115,14.5115,14.4494,14.4494,7360.366586832,0
RSPS.US,D,20131206,000000,14.5115,14.6439,14.5115,14.6388,10388.071692978,0
RSPS.US,D,20131209,000000,14.8102,14.8102,14.7041,14.72,41882.394313297,0
RSPS.US,D,20131210,000000,14.6828,14.6828,14.5917,14.6097,27981.772062763,0
RSPS.US,D,20131211,000000,14.5797,14.6489,14.5797,14.5797,66274.246863494,0
RSPS.US,D,20131212,000000,14.5131,14.5131,14.3747,14.4234,38725.740948798,0
RSPS.US,D,20131213,000000,14.4188,14.4188,14.3521,14.3598,27827.034152739,0
RSPS.US,D,20131216,000000,14.4014,14.4508,14.3946,14.4122,13993.464996549,0
RSPS.US,D,20131217,000000,14.3963,14.3963,14.3292,14.3717,30999.161308241,0
RSPS.US,D,20131218,000000,14.3687,14.5149,14.3232,14.5149,20229.402770536,0
RSPS.US,D,20131219,000000,14.5897,14.5985,14.5088,14.5985,19115.289818359,0
RSPS.US,D,20131220,000000,14.6433,14.6826,14.6013,14.6433,79138.125116863,0
RSPS.US,D,20131223,000000,14.6921,14.6921,14.6013,14.6168,50934.562049731,0
RSPS.US,D,20131224,000000,14.6743,14.6743,14.6417,14.6417,8474.4795390084,0
RSPS.US,D,20131226,000000,14.6794,14.6794,14.6417,14.6758,14421.573214283,0
RSPS.US,D,20131227,000000,14.7242,14.7352,14.6972,14.7212,12363.559010957,0
RSPS.US,D,20131230,000000,14.7607,14.7607,14.7227,14.7525,19832.242134807,0
RSPS.US,D,20131231,000000,14.7607,14.8134,14.7511,14.7511,32484.645244477,0
RSPS.US,D,20140102,000000,14.6596,14.6596,14.5616,14.6118,36641.937093801,0
RSPS.US,D,20140103,000000,14.635,14.6367,14.5599,14.6168,22148.15285484,0
RSPS.US,D,20140106,000000,14.5746,14.5852,14.4844,14.5157,24871.540071271,0
RSPS.US,D,20140107,000000,14.5888,14.6132,14.5807,14.6132,23319.003040692,0
RSPS.US,D,20140108,000000,14.5731,14.6013,14.5024,14.5241,32262.854240108,0
RSPS.US,D,20140109,000000,14.5869,14.6312,14.5203,14.6265,292712.54646301,0
RSPS.US,D,20140110,000000,14.6433,14.645,14.6235,14.6367,9898.0683112338,0
RSPS.US,D,20140113,000000,14.7168,14.8007,14.6536,14.6611,64097.600262483,0
RSPS.US,D,20140114,000000,14.6842,14.7848,14.6842,14.7713,38999.111256508,0
RSPS.US,D,20140115,000000,14.8073,14.8073,14.7466,14.7776,55019.642874378,0
RSPS.US,D,20140116,000000,14.7183,14.7795,14.7183,14.7495,56077.018592879,0
RSPS.US,D,20140117,000000,14.7212,14.7212,14.6501,14.6501,58790.089948641,0
RSPS.US,D,20140121,000000,14.7212,14.7212,14.6417,14.6794,41284.074394536,0
RSPS.US,D,20140122,000000,14.7556,14.7556,14.7054,14.7296,31282.84747662,0
RSPS.US,D,20140123,000000,14.6723,14.6743,14.5544,14.5838,45859.158600928,0
RSPS.US,D,20140124,000000,14.504,14.5497,14.4251,14.4251,73959.563061375,0
RSPS.US,D,20140127,000000,14.419,14.4737,14.388,14.4309,61142.10618101,0
RSPS.US,D,20140128,000000,14.4391,14.5419,14.4391,14.5307,10150.806897607,0
RSPS.US,D,20140129,000000,14.5223,14.5223,14.2278,14.2627,60409.680073561,0
RSPS.US,D,20140130,000000,14.2712,14.3425,14.2712,14.3078,191075.52922858,0
RSPS.US,D,20140131,000000,14.1491,14.3521,14.0987,14.3521,33727.706455007,0
RSPS.US,D,20140203,000000,14.2699,14.2699,13.9497,13.9497,101373.96278738,0
RSPS.US,D,20140204,000000,13.9773,14.0413,13.9761,14.0413,44244.726406338,0
RSPS.US,D,20140205,000000,13.9861,14.0088,13.9347,13.9983,154866.85828285,0
RSPS.US,D,20140206,000000,14.0002,14.1455,14.0002,14.1455,30328.630364802,0
RSPS.US,D,20140207,000000,14.2765,14.2765,14.1888,14.2667,45993.264789615,0
RSPS.US,D,20140210,000000,14.3229,14.3438,14.2656,14.3377,30849.58132855,0
RSPS.US,D,20140211,000000,14.3095,14.4973,14.3017,14.4961,28992.726408256,0
RSPS.US,D,20140212,000000,14.5582,14.5582,14.4345,14.4614,639882.52139402,0
RSPS.US,D,20140213,000000,14.3998,14.5203,14.398,14.5203,19435.081499077,0
RSPS.US,D,20140214,000000,14.5599,14.6265,14.5544,14.6106,113159.83360092,0
RSPS.US,D,20140218,000000,14.6043,14.6367,14.5526,14.6367,32433.065941135,0
RSPS.US,D,20140219,000000,14.6132,14.6578,14.594,14.6076,27744.507267393,0
RSPS.US,D,20140220,000000,14.6656,14.7744,14.6625,14.7695,72768.081154186,0
RSPS.US,D,20140221,000000,14.7511,14.7882,14.7352,14.7352,95241.183620078,0
RSPS.US,D,20140224,000000,14.8134,14.9002,14.8134,14.8508,45039.047677797,0
RSPS.US,D,20140225,000000,14.8348,14.9111,14.8227,14.8457,25356.385522681,0
RSPS.US,D,20140226,000000,14.897,14.897,14.7882,14.7987,34604.554611813,0
RSPS.US,D,20140227,000000,14.8753,14.8753,14.7495,14.83,43770.196815597,0
RSPS.US,D,20140228,000000,14.8935,15.0182,14.8753,14.9437,27708.401755053,0
RSPS.US,D,20140303,000000,14.9096,14.9127,14.8401,14.8849,22978.579638638,0
RSPS.US,D,20140304,000000,15.0602,15.16,15.0602,15.16,47391.06391017,0
RSPS.US,D,20140305,000000,15.1274,15.1471,15.1206,15.1371,36750.253630818,0
RSPS.US,D,20140306,000000,15.16,15.16,15.1224,15.1224,35852.773752676,0
RSPS.US,D,20140307,000000,15.0908,15.16,15.0908,15.1237,19331.922892393,0
RSPS.US,D,20140310,000000,15.1437,15.1635,15.119,15.1582,42336.292182703,0
RSPS.US,D,20140311,000000,15.2123,15.2123,15.1078,15.129,30529.789647833,0
RSPS.US,D,20140312,000000,15.0942,15.1635,15.0942,15.1635,19466.029081082,0
RSPS.US,D,20140313,000000,15.2646,15.2646,15.0702,15.0702,29193.885691289,0
RSPS.US,D,20140314,000000,15.0942,15.1386,15.0942,15.0976,32283.485961445,0
RSPS.US,D,20140317,000000,15.1794,15.1897,15.1306,15.1699,72597.869453157,0
RSPS.US,D,20140318,000000,15.2763,15.2763,15.1538,15.2357,65598.557989722,0
RSPS.US,D,20140319,000000,15.2912,15.2912,15.0308,15.1096,91047.786258412,0
RSPS.US,D,20140320,000000,15.0816,15.1715,15.0355,15.1554,41696.708821269,0
RSPS.US,D,20140321,000000,15.2321,15.2682,15.157,15.157,18202.336149215,0
RSPS.US,D,20140324,000000,15.2043,15.2043,15.063,15.0716,91986.529579226,0
RSPS.US,D,20140325,000000,15.1827,15.1827,15.1188,15.158,55922.280682851,0
RSPS.US,D,20140326,000000,15.1994,15.2359,15.1471,15.1471,42031.974292988,0
RSPS.US,D,20140327,000000,15.1487,15.1633,15.1125,15.1125,66196.877908478,0
RSPS.US,D,20140328,000000,15.3537,15.3537,15.158,15.1794,24711.644230913,0
RSPS.US,D,20140331,000000,15.2534,15.2916,15.1931,15.2698,59465.778822413,0
RSPS.US,D,20140401,000000,15.3439,15.3506,15.2321,15.3013,51321.406824793,0
RSPS.US,D,20140402,000000,15.2865,15.3506,15.2865,15.3228,17954.755493176,0
RSPS.US,D,20140403,000000,15.3246,15.3439,15.283,15.3439,26104.285421133,0
RSPS.US,D,20140404,000000,15.3851,15.3867,15.2061,15.2339,40061.644905343,0
RSPS.US,D,20140407,000000,15.2698,15.2881,15.2439,15.2439,28079.772739112,0
RSPS.US,D,20140408,000000,15.2234,15.265,15.2234,15.2471,30534.947578167,0
RSPS.US,D,20140409,000000,15.2963,15.3276,15.2424,15.3246,47623.170775206,0
RSPS.US,D,20140410,000000,15.3537,15.3965,15.1353,15.1731,53245.31483943,0
RSPS.US,D,20140411,000000,15.127,15.1384,15.0193,15.0596,27935.350689757,0
RSPS.US,D,20140414,000000,15.1764,15.1764,15.0736,15.1453,138082.95297553,0
RSPS.US,D,20140415,000000,15.1713,15.1897,15.0663,15.1353,42418.819068049,0
RSPS.US,D,20140416,000000,15.2571,15.283,15.2339,15.2571,58150.506587205,0
RSPS.US,D,20140417,000000,15.3258,15.3419,15.283,15.3341,32319.591473783,0
RSPS.US,D,20140421,000000,15.3191,15.352,15.3191,15.3439,29869.574565062,0
RSPS.US,D,20140422,000000,15.352,15.3949,15.352,15.3649,19244.238076713,0
RSPS.US,D,20140423,000000,15.357,15.3796,15.3355,15.3355,28600.723702862,0
RSPS.US,D,20140424,000000,15.4341,15.4341,15.3276,15.3457,33934.023668373,0
RSPS.US,D,20140425,000000,15.3554,15.3554,15.3123,15.3141,27976.61413243,0
RSPS.US,D,20140428,000000,15.4341,15.5248,15.4028,15.5232,75135.571177562,0
RSPS.US,D,20140429,000000,15.6404,15.6404,15.4358,15.4358,209324.2867508,0
RSPS.US,D,20140430,000000,15.4601,15.5316,15.4601,15.5232,1625176.163475,0
RSPS.US,D,20140501,000000,15.5827,15.5827,15.3916,15.4601,964538.13041635,0
RSPS.US,D,20140502,000000,15.4539,15.5248,15.4422,15.4732,58836.51132165,0
RSPS.US,D,20140505,000000,15.4732,15.4732,15.3604,15.4322,184849.90731527,0
RSPS.US,D,20140506,000000,15.3702,15.4109,15.3355,15.3419,56066.702732211,0
RSPS.US,D,20140507,000000,15.3883,15.4374,15.3355,15.4213,91718.317201856,0
RSPS.US,D,20140508,000000,15.5079,15.5471,15.4293,15.4684,37044.255659864,0
RSPS.US,D,20140509,000000,15.4669,15.5575,15.4442,15.552,34898.556640859,0
RSPS.US,D,20140512,000000,15.7294,15.7294,15.6115,15.6491,81067.191061834,0
RSPS.US,D,20140513,000000,15.7063,15.7163,15.6509,15.6985,37039.097729531,0
RSPS.US,D,20140514,000000,15.6509,15.7623,15.6191,15.6229,68208.470738799,0
RSPS.US,D,20140515,000000,15.5989,15.6229,15.4832,15.506,51749.515042525,0
RSPS.US,D,20140516,000000,15.5405,15.6247,15.5359,15.6247,22808.367937611,0
RSPS.US,D,20140519,000000,15.6084,15.6132,15.5575,15.5934,417250.77438106,0
RSPS.US,D,20140520,000000,15.5575,15.5575,15.506,15.5232,38127.421030037,0
RSPS.US,D,20140521,000000,15.5298,15.6064,15.4934,15.6064,48871.389916071,0
RSPS.US,D,20140522,000000,15.5423,15.6018,15.5423,15.5863,29333.149810311,0
RSPS.US,D,20140523,000000,15.5863,15.6132,15.5847,15.6097,335683.26407681,0
RSPS.US,D,20140527,000000,15.6002,15.7032,15.6002,15.6889,214244.95228959,0
RSPS.US,D,20140528,000000,15.6823,15.6889,15.6527,15.6656,75264.519435916,0
RSPS.US,D,20140529,000000,15.7097,15.8366,15.7097,15.8366,41866.920522295,0
RSPS.US,D,20140530,000000,15.9055,15.9287,15.8334,15.9287,44672.834624072,0
RSPS.US,D,20140602,000000,15.9876,15.9876,15.8726,15.9001,630453.82474311,0
RSPS.US,D,20140603,000000,15.8441,15.8936,15.81,15.8233,138237.69088555,0
RSPS.US,D,20140604,000000,15.8412,15.9021,15.8119,15.9021,48577.387887025,0
RSPS.US,D,20140605,000000,15.9338,15.9697,15.8726,15.9545,46777.270200406,0
RSPS.US,D,20140606,000000,15.9648,16.0153,15.948,16.0153,37214.467360891,0
RSPS.US,D,20140609,000000,16.0253,16.1011,15.9525,15.9648,64541.182271217,0
RSPS.US,D,20140610,000000,15.9511,15.9977,15.9446,15.9771,133812.18665884,0
RSPS.US,D,20140611,000000,16.0384,16.0384,15.9103,15.9525,54080.899553559,0
RSPS.US,D,20140612,000000,15.9977,15.9977,15.8593,15.8593,28564.618190522,0
RSPS.US,D,20140613,000000,15.9525,15.9525,15.8137,15.8493,49423.288461824,0
RSPS.US,D,20140616,000000,15.8742,15.9071,15.8726,15.9055,100718.90563495,0
RSPS.US,D,20140617,000000,15.8824,15.9446,15.8791,15.9446,55024.800804712,0
RSPS.US,D,20140618,000000,15.9856,16.1073,15.9511,16.1073,121108.20424584,0
RSPS.US,D,20140619,000000,16.1859,16.2008,16.1468,16.2008,406785.33373307,0
RSPS.US,D,20140620,000000,16.2779,16.3273,16.1708,16.1869,78003.380443346,0
RSPS.US,D,20140623,000000,16.1192,16.1192,16.0582,16.076,60084.730462514,0
RSPS.US,D,20140624,000000,16.067,16.067,15.9872,16.0025,31231.268173278,0
RSPS.US,D,20140625,000000,15.9393,15.9872,15.9175,15.9607,95127.709152725,0
RSPS.US,D,20140626,000000,15.9624,16.0133,15.8914,15.9377,26238.391609821,0
RSPS.US,D,20140627,000000,15.9189,16.0041,15.8944,16.0041,87659.026028883,0
RSPS.US,D,20140630,000000,15.9555,16.0532,15.9555,16.0115,49681.184978532,0
RSPS.US,D,20140701,000000,16.1015,16.1015,16.0171,16.0518,155609.60025097,0
RSPS.US,D,20140702,000000,16.0829,16.0848,16.045,16.0518,85967.22487928,0
RSPS.US,D,20140703,000000,16.1394,16.179,16.076,16.1722,18707.813321961,0
RSPS.US,D,20140707,000000,16.202,16.202,16.1358,16.167,38911.426440827,0
RSPS.US,D,20140708,000000,16.1293,16.2296,16.1077,16.1205,31886.325325715,0
RSPS.US,D,20140709,000000,16.141,16.1708,16.1358,16.1424,56257.546154575,0
RSPS.US,D,20140710,000000,16.0233,16.1424,16.0233,16.1377,33026.227929561,0
RSPS.US,D,20140711,000000,16.1377,16.1836,16.093,16.1737,29059.779502601,0
RSPS.US,D,20140714,000000,16.2367,16.2367,16.1987,16.2072,158410.35642241,0
RSPS.US,D,20140715,000000,16.2053,16.2124,16.0285,16.0332,77167.795729218,0
RSPS.US,D,20140716,000000,16.0432,16.0532,15.9992,16.0041,51207.932357441,0
RSPS.US,D,20140717,000000,15.9854,16.001,15.8914,15.8914,181363.14640938,0
RSPS.US,D,20140718,000000,15.9837,16.0632,15.9723,16.0464,26779.974294907,0
RSPS.US,D,20140721,000000,16.001,16.001,15.9377,15.9642,21039.197832997,0
RSPS.US,D,20140722,000000,15.9769,16.0398,15.9769,15.9954,50269.189036625,0
RSPS.US,D,20140723,000000,16.0332,16.0332,15.9474,15.9573,68162.049365795,0
RSPS.US,D,20140724,000000,15.9785,16.0204,15.9742,16.0204,289906.63236123,0
RSPS.US,D,20140725,000000,15.9573,15.9573,15.9146,15.9377,407357.86400016,0
RSPS.US,D,20140728,000000,16.0025,16.0025,15.8581,15.8716,37719.944533639,0
RSPS.US,D,20140729,000000,15.87,15.9279,15.8338,15.8356,25469.859990032,0
RSPS.US,D,20140730,000000,15.8533,15.8533,15.6485,15.6588,55927.438613185,0
RSPS.US,D,20140731,000000,15.4996,15.5408,15.3161,15.3161,1125775.032662,0
RSPS.US,D,20140801,000000,15.2408,15.4699,15.1694,15.4386,80979.506246155,0
RSPS.US,D,20140804,000000,15.4683,15.4996,15.3893,15.4882,158544.4626111,0
RSPS.US,D,20140805,000000,15.498,15.53,15.3845,15.4188,166962.20491643,0
RSPS.US,D,20140806,000000,15.5267,15.5615,15.4914,15.5544,97335.303335744,0
RSPS.US,D,20140807,000000,15.573,15.614,15.44,15.4472,35058.452481217,0
RSPS.US,D,20140808,000000,15.5045,15.6183,15.44,15.6183,21281.620558702,0
RSPS.US,D,20140811,000000,15.6682,15.7953,15.6682,15.7811,200205.06592003,0
RSPS.US,D,20140812,000000,15.753,15.7987,15.7028,15.7359,58217.559681554,0
RSPS.US,D,20140813,000000,15.8053,15.8053,15.7292,15.7689,46230.529584985,0
RSPS.US,D,20140814,000000,15.8372,15.8563,15.8302,15.8533,19971.506253828,0
RSPS.US,D,20140815,000000,15.9801,16.0615,15.8977,15.9769,50485.822110659,0
RSPS.US,D,20140818,000000,16.0171,16.0398,16.008,16.0151,17160.434221717,0
RSPS.US,D,20140819,000000,16.045,16.0894,16.0285,16.076,39293.113285554,0
RSPS.US,D,20140820,000000,16.0098,16.067,16.0098,16.0564,43336.930667528,0
RSPS.US,D,20140821,000000,16.045,16.1476,16.045,16.0829,44817.25667343,0
RSPS.US,D,20140822,000000,16.1219,16.1293,16.067,16.093,25516.28136304,0
RSPS.US,D,20140825,000000,16.1329,16.1836,16.1113,16.1476,48984.864383423,0
RSPS.US,D,20140826,000000,16.1708,16.1885,16.1377,16.1424,26625.236384882,0
RSPS.US,D,20140827,000000,16.1869,16.1885,16.1219,16.1689,368467.06928067,0
RSPS.US,D,20140828,000000,16.144,16.1885,16.1077,16.1885,283500.48288622,0
RSPS.US,D,20140829,000000,16.249,16.249,16.1708,16.179,28729.671961215,0
RSPS.US,D,20140902,000000,16.2212,16.2896,16.1722,16.2137,41345.969558546,0
RSPS.US,D,20140903,000000,16.2367,16.249,16.2124,16.2181,15169.473112735,0
RSPS.US,D,20140904,000000,16.0995,16.2936,16.0995,16.209,72211.024678101,0
RSPS.US,D,20140905,000000,16.2053,16.2799,16.1753,16.2799,46498.741962362,0
RSPS.US,D,20140908,000000,16.2606,16.2734,16.1771,16.2038,31463.375038315,0
RSPS.US,D,20140909,000000,16.2367,16.2367,16.0946,16.0978,39850.169761642,0
RSPS.US,D,20140910,000000,16.1572,16.1953,16.0809,16.1953,46880.428807089,0
RSPS.US,D,20140911,000000,16.2038,16.2296,16.1652,16.228,143148.04056367,0
RSPS.US,D,20140912,000000,16.1885,16.2936,16.1029,16.1029,45431.050383193,0
RSPS.US,D,20140915,000000,16.1424,16.167,16.1142,16.164,28198.405136798,0
RSPS.US,D,20140916,000000,16.1524,16.3258,16.1524,16.3109,36440.77781077,0
RSPS.US,D,20140917,000000,16.3109,16.3109,16.2137,16.2385,55195.012505736,0
RSPS.US,D,20140918,000000,16.2751,16.3229,16.2545,16.3178,36894.675680174,0
RSPS.US,D,20140919,000000,16.3223,16.3432,16.3134,16.317,13585.988500151,0
RSPS.US,D,20140922,000000,16.3085,16.3134,16.2412,16.2789,94818.233332675,0
RSPS.US,D,20140923,000000,16.2393,16.2393,16.1205,16.1205,43388.509970869,0
RSPS.US,D,20140924,000000,16.1015,16.3271,16.1015,16.3271,35558.77172363,0
RSPS.US,D,20140925,000000,16.1236,16.246,16.0775,16.1113,30013.996614418,0
RSPS.US,D,20140926,000000,16.0775,16.1411,16.02,16.1331,58021.558328856,0
RSPS.US,D,20140929,000000,16.0648,16.1855,16.0648,16.1726,39850.169761642,0
RSPS.US,D,20140930,000000,16.1855,16.2042,16.1478,16.1825,10676.91579169,0
RSPS.US,D,20141001,000000,16.1923,16.2633,16.0064,16.0314,676194.35094638,0
RSPS.US,D,20141002,000000,16.0366,16.0894,15.9417,16.0429,339010.12914234,0
RSPS.US,D,20141003,000000,16.1205,16.2373,16.1192,16.2286,117208.80891322,0
RSPS.US,D,20141006,000000,16.2672,16.2852,16.1526,16.2427,171057.60160175,0
RSPS.US,D,20141007,000000,16.1871,16.2339,16.1221,16.1221,48819.810612729,0
RSPS.US,D,20141008,000000,16.1442,16.3565,16.1142,16.3565,56670.180581306,0
RSPS.US,D,20141009,000000,16.3639,16.4081,16.1794,16.2094,32618.751433164,0
RSPS.US,D,20141010,000000,16.1906,16.3282,16.1906,16.2141,101172.80350436,0
RSPS.US,D,20141013,000000,16.1592,16.184,16.0092,16.0092,131212.58977044,0
RSPS.US,D,20141014,000000,15.9913,16.0478,15.9403,15.9515,96014.873170197,0
RSPS.US,D,20141015,000000,15.8255,15.8934,15.522,15.8023,657589.69623112,0
RSPS.US,D,20141016,000000,15.6082,15.7404,15.5083,15.6616,91857.581320877,0
RSPS.US,D,20141017,000000,15.729,15.8985,15.6811,15.8818,118580.81838211,0
RSPS.US,D,20141020,000000,15.8342,16.1331,15.8342,16.1142,134807.66721335,0
RSPS.US,D,20141021,000000,16.136,16.3134,16.0827,16.2932,84806.690554094,0
RSPS.US,D,20141022,000000,16.324,16.4345,16.3134,16.319,77002.741958527,0
RSPS.US,D,20141023,000000,16.4099,16.4481,16.3102,16.3119,122918.63779313,0
RSPS.US,D,20141024,000000,16.355,16.4283,16.3432,16.4,55783.016563834,0
RSPS.US,D,20141027,000000,16.4499,16.5084,16.4018,16.4611,54147.952647908,0
RSPS.US,D,20141028,000000,16.5625,16.5642,16.4795,16.5446,559258.91234088,0
RSPS.US,D,20141029,000000,16.5867,16.5867,16.4167,16.5145,147413.64895001,0
RSPS.US,D,20141030,000000,16.4345,16.6335,16.4099,16.5543,63411.595528038,0
RSPS.US,D,20141031,000000,16.8349,16.8349,16.6645,16.7309,1181176.362381,0
RSPS.US,D,20141103,000000,16.767,16.8322,16.745,16.8216,415925.18628518,0
RSPS.US,D,20141104,000000,16.767,16.8908,16.767,16.8302,335941.16059352,0
RSPS.US,D,20141105,000000,16.9928,16.9963,16.8592,16.9155,171759.08012719,0
RSPS.US,D,20141106,000000,16.9912,17.0322,16.9692,17.0322,688929.28094142,0
RSPS.US,D,20141107,000000,16.9983,17.093,16.9678,17.084,97314.671614409,0
RSPS.US,D,20141110,000000,17.093,17.1755,17.0703,17.1376,96602.877228295,0
RSPS.US,D,20141111,000000,17.1844,17.1844,17.0769,17.1187,82057.513685991,0
RSPS.US,D,20141112,000000,17.0267,17.1327,17.0018,17.1327,155625.07404196,0
RSPS.US,D,20141113,000000,17.1652,17.2139,17.072,17.1514,79096.861674188,0
RSPS.US,D,20141114,000000,17.1147,17.1503,17.0136,17.0463,60435.469725235,0
RSPS.US,D,20141117,000000,17.1001,17.2083,17.0781,17.2048,144189.94249117,0
RSPS.US,D,20141118,000000,17.2048,17.3025,17.1881,17.2732,122887.69021112,0
RSPS.US,D,20141119,000000,17.3062,17.3062,17.2344,17.2907,31937.904629056,0
RSPS.US,D,20141120,000000,17.2399,17.263,17.2048,17.2122,57180.815684388,0
RSPS.US,D,20141121,000000,17.3642,17.3676,17.2399,17.2642,50857.193094719,0
RSPS.US,D,20141124,000000,17.2973,17.3587,17.2211,17.2211,60698.524172276,0
RSPS.US,D,20141125,000000,17.2344,17.3044,17.2211,17.2675,294770.56066634,0
RSPS.US,D,20141126,000000,17.3339,17.3339,17.2838,17.311,44043.567123307,0
RSPS.US,D,20141128,000000,17.4655,17.5948,17.3794,17.5332,39922.380786321,0
RSPS.US,D,20141201,000000,17.4848,17.5231,17.4199,17.427,177917.64894617,0
RSPS.US,D,20141202,000000,17.429,17.4702,17.4006,17.4601,390955.64553757,0
RSPS.US,D,20141203,000000,17.472,17.472,17.2893,17.3393,100481.64083958,0
RSPS.US,D,20141204,000000,17.3339,17.3339,17.2597,17.3009,134977.87891436,0
RSPS.US,D,20141205,000000,17.2993,17.3428,17.2973,17.3428,61864.216427791,0
RSPS.US,D,20141208,000000,17.3552,17.4111,17.2767,17.322,74857.042939519,0
RSPS.US,D,20141209,000000,17.2447,17.3062,17.1147,17.3062,64020.231307467,0
RSPS.US,D,20141210,000000,17.2675,17.3463,17.1486,17.1547,59713.359478453,0
RSPS.US,D,20141211,000000,17.203,17.4056,17.203,17.3253,66036.982068122,0
RSPS.US,D,20141212,000000,17.1755,17.3184,17.082,17.103,80009.815343334,0
RSPS.US,D,20141215,000000,17.1719,17.1719,16.8824,16.9633,192767.33037819,0
RSPS.US,D,20141216,000000,16.9316,17.1775,16.8824,16.8824,70003.430495082,0
RSPS.US,D,20141217,000000,16.9065,17.1514,16.9013,17.1277,562137.03746736,0
RSPS.US,D,20141218,000000,17.4337,17.4442,17.2283,17.4442,249360.14200448,0
RSPS.US,D,20141219,000000,17.5895,17.5895,17.4636,17.5332,228202.31177379,0
RSPS.US,D,20141222,000000,17.5434,17.6174,17.5302,17.6174,97257.934380732,0
RSPS.US,D,20141223,000000,17.7857,17.7857,17.6601,17.7393,51084.14202942,0
RSPS.US,D,20141224,000000,17.7891,17.7891,17.7197,17.7305,99707.951289453,0
RSPS.US,D,20141226,000000,17.824,17.824,17.7078,17.7078,73753.245848009,0
RSPS.US,D,20141229,000000,17.6705,17.7376,17.6033,17.7003,82428.884670051,0
RSPS.US,D,20141230,000000,17.674,17.7022,17.6103,17.6828,87096.811622458,0
RSPS.US,D,20141231,000000,17.7805,17.7805,17.4036,17.4074,124161.69900366,0
RSPS.US,D,20150102,000000,17.4568,17.4776,17.2483,17.3237,563049.99113652,0
RSPS.US,D,20150105,000000,17.2399,17.3092,17.1466,17.2122,404459.10715237,0
RSPS.US,D,20150106,000000,17.203,17.3289,17.0871,17.2066,709648.68709372,0
RSPS.US,D,20150107,000000,17.1967,17.4601,17.1967,17.4407,207188.90359246,0
RSPS.US,D,20150108,000000,17.5364,17.7468,17.5348,17.7286,92909.799109044,0
RSPS.US,D,20150109,000000,17.7232,17.757,17.5895,17.628,118751.03008314,0
RSPS.US,D,20150112,000000,17.6212,17.6456,17.4669,17.4913,134327.97969226,0
RSPS.US,D,20150113,000000,17.6121,17.6953,17.3777,17.5007,166255.56846066,0
RSPS.US,D,20150114,000000,17.2893,17.4949,17.2858,17.4812,78307.698333063,0
RSPS.US,D,20150115,000000,17.5544,17.616,17.4499,17.5312,76605.581322793,0
RSPS.US,D,20150116,000000,17.5231,17.6725,17.5195,17.6673,65242.660796663,0
RSPS.US,D,20150120,000000,17.7788,17.7839,17.6033,17.7358,150178.29960911,0
RSPS.US,D,20150121,000000,17.7325,17.8506,17.655,17.8506,92290.847468943,0
RSPS.US,D,20150122,000000,17.9926,18.0669,17.824,18.0669,110183.70779811,0
RSPS.US,D,20150123,000000,17.969,18.0194,17.8523,17.8582,195918.82581235,0
RSPS.US,D,20150126,000000,17.824,17.8866,17.7972,17.8738,68311.629345479,0
RSPS.US,D,20150127,000000,17.8582,17.8582,17.6456,17.7504,116992.17583919,0
RSPS.US,D,20150128,000000,17.8383,17.8776,17.5417,17.5631,214456.42743329,0
RSPS.US,D,20150129,000000,17.5022,17.6953,17.4351,17.6918,69534.058834675,0
RSPS.US,D,20150130,000000,17.5948,17.6421,17.3289,17.3289,146676.06491223,0
RSPS.US,D,20150202,000000,17.4111,17.577,17.2399,17.577,1973712.9899445,0
RSPS.US,D,20150203,000000,17.6421,17.7197,17.5876,17.7197,265659.2018604,0
RSPS.US,D,20150204,000000,17.824,17.8992,17.7112,17.7751,135658.72571847,0
RSPS.US,D,20150205,000000,17.8079,17.8599,17.7874,17.8439,223059.85523064,0
RSPS.US,D,20150206,000000,17.9871,17.9871,17.7662,17.8115,128927.62663242,0
RSPS.US,D,20150209,000000,17.8133,17.8133,17.6621,17.7058,137809.58266781,0
RSPS.US,D,20150210,000000,17.8599,17.8831,17.7305,17.8636,137092.63035138,0
RSPS.US,D,20150211,000000,17.9417,17.9417,17.8023,17.8992,135880.51672285,0
RSPS.US,D,20150212,000000,17.919,18.0051,17.919,18.0051,62122.112944499,0
RSPS.US,D,20150213,000000,17.971,17.971,17.8885,17.9529,136855.36555599,0
RSPS.US,D,20150217,000000,17.9638,18.0125,17.8506,17.9655,271518.61071999,0
RSPS.US,D,20150218,000000,17.9655,18.0958,17.9349,18.0958,170567.59822001,0
RSPS.US,D,20150219,000000,18.0809,18.0996,18.0125,18.0194,256447.1382836,0
RSPS.US,D,20150220,000000,17.9473,18.108,17.919,18.0939,221006.99895766,0
RSPS.US,D,20150223,000000,18.1284,18.1438,18.0125,18.1438,281334.15214587,0
RSPS.US,D,20150224,000000,18.173,18.2294,18.1047,18.2023,150260.82649446,0
RSPS.US,D,20150225,000000,18.2184,18.2184,18.1334,18.1583,123083.69156382,0
RSPS.US,D,20150226,000000,18.1602,18.1932,18.1135,18.1914,113768.46938035,0
RSPS.US,D,20150227,000000,18.2386,18.3039,18.2294,18.2615,153546.42811731,0
RSPS.US,D,20150302,000000,18.3002,18.3329,18.2404,18.2945,1136183.7360762,0
RSPS.US,D,20150303,000000,18.2276,18.2543,18.1493,18.2439,272483.14369247,0
RSPS.US,D,20150304,000000,18.2203,18.2439,18.0611,18.1247,47422.011492175,0
RSPS.US,D,20150305,000000,18.1693,18.1932,18.1117,18.171,87628.078446875,0
RSPS.US,D,20150306,000000,18.1232,18.1232,17.8208,17.8523,116440.27729344,0
RSPS.US,D,20150309,000000,17.8599,17.9959,17.8599,17.9764,231683.91474935,0
RSPS.US,D,20150310,000000,17.8776,17.8776,17.7022,17.7161,128437.62325067,0
RSPS.US,D,20150311,000000,17.7662,17.7662,17.5231,17.575,85817.644899586,0
RSPS.US,D,20150312,000000,17.7078,17.8133,17.6673,17.8098,52822.364552027,0
RSPS.US,D,20150313,000000,17.7432,17.8188,17.5895,17.6621,117033.43928186,0
RSPS.US,D,20150316,000000,17.7857,17.806,17.7003,17.7891,211867.14640554,0
RSPS.US,D,20150317,000000,17.7908,17.7928,17.6121,17.6776,96030.346961203,0
RSPS.US,D,20150318,000000,17.5782,17.8738,17.4213,17.8023,181265.14573303,0
RSPS.US,D,20150319,000000,17.7839,17.8043,17.7078,17.7468,157842.98408565,0
RSPS.US,D,20150320,000000,17.8419,17.9655,17.8023,17.9349,61771.373681783,0
RSPS.US,D,20150323,000000,17.9529,18.0611,17.9529,18.0051,71633.336480675,0
RSPS.US,D,20150324,000000,18.0592,18.0738,17.8738,17.8738,58501.245849925,0
RSPS.US,D,20150325,000000,18.1932,18.195,17.9333,17.9349,96102.55798588,0
RSPS.US,D,20150326,000000,17.9529,17.9529,17.8562,17.8599,58501.245849925,0
RSPS.US,D,20150327,000000,17.9547,18.0669,17.9078,18.0592,118193.97360704,0
RSPS.US,D,20150330,000000,18.0958,18.2313,18.0268,18.2313,69245.214735959,0
RSPS.US,D,20150331,000000,18.1932,18.2543,18.0846,18.0846,144937.84238962,0
RSPS.US,D,20150401,000000,18.0105,18.0687,17.917,18.0651,466782.3793799,0
RSPS.US,D,20150402,000000,18.1583,18.2798,18.1284,18.2525,79978.867761331,0
RSPS.US,D,20150406,000000,18.2041,18.4461,18.2041,18.4,117611.12747928,0
RSPS.US,D,20150407,000000,18.4168,18.452,18.3385,18.3385,144525.20796289,0
RSPS.US,D,20150408,000000,18.4661,18.4661,18.2835,18.3479,102673.76123159,0
RSPS.US,D,20150409,000000,18.4018,18.4228,18.2871,18.4228,65944.139322109,0
RSPS.US,D,20150410,000000,18.3761,18.472,18.3761,18.4188,69828.060863724,0
RSPS.US,D,20150413,000000,18.4426,18.4426,18.3145,18.3237,142054.55933282,0
RSPS.US,D,20150414,000000,18.3237,18.3801,18.2543,18.3479,50717.928975696,0
RSPS.US,D,20150415,000000,18.4279,18.4444,18.3039,18.3039,540138.46459215,0
RSPS.US,D,20150416,000000,18.3039,18.3705,18.2835,18.3202,75904.102797352,0
RSPS.US,D,20150417,000000,18.2597,18.2597,18.0827,18.1531,109250.12240763,0
RSPS.US,D,20150420,000000,18.2203,18.2908,18.1693,18.1894,57438.712201096,0
RSPS.US,D,20150421,000000,18.2276,18.2488,18.1966,18.2093,87999.449430931,0
RSPS.US,D,20150422,000000,18.1602,18.2597,18.1232,18.2129,49676.027048198,0
RSPS.US,D,20150423,000000,18.1765,18.2422,18.1455,18.171,75806.102121005,0
RSPS.US,D,20150424,000000,18.1749,18.2294,18.1438,18.1785,63932.546491788,0
RSPS.US,D,20150427,000000,18.1966,18.1966,18.0996,18.0996,60296.205606213,0
RSPS.US,D,20150428,000000,18.1264,18.139,18.0268,18.1027,136210.62426423,0
RSPS.US,D,20150429,000000,18.0306,18.0865,17.9151,17.9417,59692.727757113,0
RSPS.US,D,20150430,000000,17.971,17.973,17.8023,17.8542,177288.3814454,0
RSPS.US,D,20150501,000000,17.973,18.0651,17.8956,18.0631,348598.72163352,0
RSPS.US,D,20150504,000000,18.1097,18.1302,18.0704,18.0939,373666.2630575,0
RSPS.US,D,20150505,000000,18.0827,18.1493,17.9417,17.9473,102070.28338249,0
RSPS.US,D,20150506,000000,17.967,17.9979,17.9008,17.9855,76915.057142843,0
RSPS.US,D,20150507,000000,17.8653,18.0466,17.8653,17.9943,712825.97217954,0
RSPS.US,D,20150508,000000,18.141,18.1875,18.0899,18.1247,75212.940132573,0
RSPS.US,D,20150511,000000,18.0339,18.2165,18.0339,18.0899,58501.245849925,0
RSPS.US,D,20150512,000000,17.9871,18.0996,17.9492,18.0535,54199.531951251,0
RSPS.US,D,20150513,000000,18.1232,18.1354,18.0323,18.0339,53601.212032484,0
RSPS.US,D,20150514,000000,18.1821,18.3329,18.1428,18.3312,115795.53600167,0
RSPS.US,D,20150515,000000,18.3077,18.3705,18.3058,18.3705,140749.60295829,0
RSPS.US,D,20150518,000000,18.354,18.354,18.2651,18.3039,220377.73145689,0
RSPS.US,D,20150519,000000,18.2615,18.3349,18.2478,18.2651,93327.591466108,0
RSPS.US,D,20150520,000000,18.289,18.3983,18.289,18.3128,188212.87789313,0
RSPS.US,D,20150521,000000,18.2597,18.3255,18.2597,18.302,46560.637126372,0
RSPS.US,D,20150522,000000,18.2945,18.2945,18.258,18.2778,35816.668240338,0
RSPS.US,D,20150526,000000,18.2371,18.2371,18.0774,18.1284,61193.685484352,0
RSPS.US,D,20150527,000000,18.1693,18.2597,18.1693,18.2351,36399.514368097,0
RSPS.US,D,20150528,000000,18.2458,18.2458,18.139,18.2257,45503.26140787,0
RSPS.US,D,20150529,000000,18.1493,18.2631,18.1047,18.1212,28647.145075869,0
RSPS.US,D,20150601,000000,18.171,18.2543,18.0431,18.0919,95782.766305162,0
RSPS.US,D,20150602,000000,17.9855,18.0611,17.9855,18.025,40035.855253671,0
RSPS.US,D,20150603,000000,18.0212,18.0723,18.0067,18.0306,44157.041590657,0
RSPS.US,D,20150604,000000,17.9601,17.9996,17.8866,17.8866,94895.602287691,0
RSPS.US,D,20150605,000000,17.757,17.8707,17.6796,17.6899,45374.313149518,0
RSPS.US,D,20150608,000000,17.6899,17.7213,17.6673,17.6689,34026.866414388,0
RSPS.US,D,20150609,000000,17.6673,17.7751,17.6584,17.7112,57000.288122691,0
RSPS.US,D,20150610,000000,17.8294,17.8723,17.7645,17.8653,38560.687178105,0
RSPS.US,D,20150611,000000,17.8956,17.9078,17.8275,17.8311,52734.679736348,0
RSPS.US,D,20150612,000000,17.799,17.806,17.7521,17.8023,74624.936074485,0
RSPS.US,D,20150615,000000,17.7342,17.7662,17.6776,17.6936,72819.660457529,0
RSPS.US,D,20150616,000000,17.7662,17.9042,17.7197,17.9025,587978.26844144,0
RSPS.US,D,20150617,000000,17.9115,17.9906,17.8758,17.9855,37611.627996622,0
RSPS.US,D,20150618,000000,17.9959,18.2093,17.9959,18.1474,147434.28067134,0
RSPS.US,D,20150619,000000,18.1673,18.2562,18.1673,18.2184,289994.31717691,0
RSPS.US,D,20150622,000000,18.3237,18.3237,18.2478,18.2478,51104.773750755,0
RSPS.US,D,20150623,000000,18.2351,18.2543,18.1856,18.2222,44378.832595026,0
RSPS.US,D,20150624,000000,18.195,18.2404,18.1428,18.1641,37431.100434926,0
RSPS.US,D,20150625,000000,18.1654,18.2023,18.108,18.1097,33877.286434698,0
RSPS.US,D,20150626,000000,18.1428,18.1785,18.0996,18.1371,94488.125791294,0
RSPS.US,D,20150629,000000,18.0014,18.2478,17.8098,17.8098,125378.97056252,0
RSPS.US,D,20150630,000000,17.8831,17.9097,17.8023,17.8023,62854.539051952,0
RSPS.US,D,20150701,000000,17.8992,17.9855,17.8542,17.9855,609708.62893918,0
RSPS.US,D,20150702,000000,18.0067,18.0306,17.8975,17.9473,106960.00133927,0
RSPS.US,D,20150706,000000,17.8439,17.9473,17.8079,17.8905,99259.211350381,0
RSPS.US,D,20150707,000000,17.9025,18.2313,17.8776,18.2313,61797.163333452,0
RSPS.US,D,20150708,000000,18.1065,18.1065,18.0411,18.0411,20807.09096796,0
RSPS.US,D,20150709,000000,18.1986,18.2041,18.0704,18.0704,105763.36150174,0
RSPS.US,D,20150710,000000,18.2404,18.2688,18.1932,18.2351,232354.44569279,0
RSPS.US,D,20150713,000000,18.4389,18.4389,18.3293,18.4,48128.647947953,0
RSPS.US,D,20150714,000000,18.365,18.4188,18.365,18.4132,50810.771721711,0
RSPS.US,D,20150715,000000,18.4643,18.4643,18.2945,18.2945,63313.594851692,0
RSPS.US,D,20150716,000000,18.4461,18.5069,18.3781,18.5029,218097.92624919,0
RSPS.US,D,20150717,000000,18.4149,18.5012,18.4018,18.4579,172929.93031304,0
RSPS.US,D,20150720,000000,18.47,18.5202,18.4426,18.5069,81412.772394221,0
RSPS.US,D,20150721,000000,18.5049,18.5276,18.4228,18.474,119447.35067825,0
RSPS.US,D,20150722,000000,18.4149,18.5936,18.4149,18.5202,69528.900904341,0
RSPS.US,D,20150723,000000,18.6083,18.6083,18.4579,18.474,108161.79910712,0
RSPS.US,D,20150724,000000,18.4539,18.5088,18.3632,18.3891,41005.546156492,0
RSPS.US,D,20150727,000000,18.356,18.3891,18.2458,18.3459,60605.681426264,0
RSPS.US,D,20150728,000000,18.4389,18.6103,18.3761,18.6083,137283.47377374,0
RSPS.US,D,20150729,000000,18.7065,18.7422,18.6236,18.7235,259696.63439412,0
RSPS.US,D,20150730,000000,18.5936,18.7177,18.5648,18.7046,74872.516730525,0
RSPS.US,D,20150731,000000,18.7816,18.8228,18.7552,18.8075,197295.99321157,0
RSPS.US,D,20150803,000000,18.8719,18.8719,18.716,18.7629,565701.16732824,0
RSPS.US,D,20150804,000000,18.7705,18.8975,18.7705,18.8475,82005.934382648,0
RSPS.US,D,20150805,000000,19.0217,19.0462,18.9373,19.0368,1017958.8148872,0
RSPS.US,D,20150806,000000,19.0118,19.0118,18.789,18.8397,366697.89917605,0
RSPS.US,D,20150807,000000,18.9601,18.9601,18.6591,18.7217,89144.50996511,0
RSPS.US,D,20150810,000000,18.7948,18.8379,18.7571,18.7591,89144.50996511,0
RSPS.US,D,20150811,000000,18.6683,18.7476,18.6457,18.7217,87365.023999833,0
RSPS.US,D,20150812,000000,18.6438,18.716,18.4539,18.716,114108.8927824,0
RSPS.US,D,20150813,000000,18.8002,18.8002,18.6571,18.6783,79638.444359273,0
RSPS.US,D,20150814,000000,18.7177,18.7757,18.64,18.7721,71906.706788384,0
RSPS.US,D,20150817,000000,18.7251,18.7852,18.6475,18.7705,207395.22080584,0
RSPS.US,D,20150818,000000,18.7721,18.7928,18.7046,18.7103,36239.618527738,0
RSPS.US,D,20150819,000000,18.716,18.716,18.4957,18.5857,64169.811287161,0
RSPS.US,D,20150820,000000,18.4351,18.557,18.4263,18.4263,61797.163333452,0
RSPS.US,D,20150821,000000,18.2964,18.3275,17.9417,17.9417,347654.82038238,0
RSPS.US,D,20150824,000000,16.9272,17.6985,11.6972,17.4683,1235272.7357256,0
RSPS.US,D,20150825,000000,17.6918,17.8168,17.2447,17.2675,375585.0131418,0
RSPS.US,D,20150826,000000,17.5348,17.7521,17.2413,17.7144,536610.44024359,0
RSPS.US,D,20150827,000000,17.8794,18.0286,17.674,17.9837,188362.45787283,0
RSPS.US,D,20150828,000000,17.9282,17.9764,17.8689,17.9547,288807.99320006,0
RSPS.US,D,20150831,000000,17.9333,17.9417,17.8294,17.8776,250180.25292761,0
RSPS.US,D,20150901,000000,17.7058,17.7058,17.3552,17.4913,812363.71176795,0
RSPS.US,D,20150902,000000,17.7181,17.7678,17.58,17.7678,1483276.3420522,0
RSPS.US,D,20150903,000000,17.8456,17.971,17.8419,17.9367,134910.82582003,0
RSPS.US,D,20150904,000000,17.7078,17.7232,17.5876,17.6918,299521.01450409,0
RSPS.US,D,20150908,000000,17.9779,18.0031,17.7823,18.0031,146186.06153048,0
RSPS.US,D,20150909,000000,18.1549,18.1549,17.6494,17.6494,120633.6746551,0
RSPS.US,D,20150910,000000,17.655,17.8542,17.6391,17.7449,432729.72331384,0
RSPS.US,D,20150911,000000,17.7181,17.8582,17.6885,17.8582,58222.717611887,0
RSPS.US,D,20150914,000000,17.9115,17.9115,17.7713,17.8208,65969.928973778,0
RSPS.US,D,20150915,000000,17.8848,18.0161,17.7678,17.9747,1643729.2388869,0
RSPS.US,D,20150916,000000,18.0996,18.2525,18.0996,18.2488,352982.96241756,0
RSPS.US,D,20150917,000000,18.2835,18.3818,18.2165,18.2439,1462871.5696503,0
RSPS.US,D,20150918,000000,18.1838,18.2203,18.0286,18.0394,105608.62359172,0
RSPS.US,D,20150921,000000,18.1247,18.2093,18.1174,18.1602,46158.318560308,0
RSPS.US,D,20150922,000000,17.9349,17.9547,17.8419,17.9244,73356.08521228,0
RSPS.US,D,20150923,000000,17.9397,17.9764,17.8812,17.9764,40237.014536704,0
RSPS.US,D,20150924,000000,17.867,17.9996,17.8258,17.9979,52507.730801648,0
RSPS.US,D,20150925,000000,18.1284,18.2798,18.0306,18.108,241963.66990531,0
RSPS.US,D,20150928,000000,18.0411,18.1174,17.7325,17.7972,215209.48526207,0
RSPS.US,D,20150929,000000,17.7771,17.8023,17.6885,17.7662,291062.00875608,0
RSPS.US,D,20150930,000000,17.9333,17.9799,17.824,17.9584,462052.55726349,0
RSPS.US,D,20151001,000000,17.951,17.9747,17.8115,17.9417,330726.49302569,0
RSPS.US,D,20151002,000000,17.7972,18.2313,17.7944,18.2222,292258.64859361,0
RSPS.US,D,20151005,000000,18.344,18.5668,18.344,18.5551,949982.45101342,0
RSPS.US,D,20151006,000000,18.5786,18.5786,18.3837,18.3877,106500.94553953,0
RSPS.US,D,20151007,000000,18.5276,18.5551,18.4076,18.5202,272849.3567462,0
RSPS.US,D,20151008,000000,18.5551,18.7721,18.4559,18.7721,123645.90597024,0
RSPS.US,D,20151009,000000,18.7757,18.889,18.7611,18.8285,311796.88869937,0
RSPS.US,D,20151012,000000,18.855,18.8815,18.7777,18.8152,146294.3780675,0
RSPS.US,D,20151013,000000,18.8514,18.8644,18.7046,18.716,161520.58841391,0
RSPS.US,D,20151014,000000,18.6989,18.7235,18.4995,18.5029,112417.0916328,0
RSPS.US,D,20151015,000000,18.6951,18.697,18.557,18.6802,347886.92724741,0
RSPS.US,D,20151016,000000,18.6951,18.8624,18.6934,18.855,128380.88601699,0
RSPS.US,D,20151019,000000,18.8644,18.9259,18.8397,18.9259,442705.16058009,0
RSPS.US,D,20151020,000000,18.9295,18.9314,18.8397,18.8929,141394.34425005,0
RSPS.US,D,20151021,000000,18.9314,19.0368,18.9086,18.9295,6974656.5564442,0
RSPS.US,D,20151022,000000,19.101,19.3644,19.0953,19.3314,385147.8159813,0
RSPS.US,D,20151023,000000,19.4787,19.4787,19.1741,19.2678,627699.48994472,0
RSPS.US,D,20151026,000000,19.3624,19.3624,19.1549,19.1567,683317.45273785,0
RSPS.US,D,20151027,000000,19.2889,19.2889,19.0235,19.1049,214776.21911401,0
RSPS.US,D,20151028,000000,19.1606,19.1606,18.9012,19.073,292862.12644271,0
RSPS.US,D,20151029,000000,19.0368,19.0933,18.968,19.0652,110034.12781842,0
RSPS.US,D,20151030,000000,19.073,19.073,18.9181,18.9181,314747.2248505,0
RSPS.US,D,20151102,000000,18.9737,19.0348,18.8975,19.0348,649048.16359774,0
RSPS.US,D,20151103,000000,19.0857,19.0857,18.8134,18.9392,124682.6499674,0
RSPS.US,D,20151104,000000,19.0061,19.0061,18.7738,18.8228,130294.47817096,0
RSPS.US,D,20151105,000000,18.8267,18.8815,18.7329,18.8663,253202.80010342,0
RSPS.US,D,20151106,000000,18.9333,18.9333,18.5732,18.6934,460871.39121697,0
RSPS.US,D,20151109,000000,18.6551,18.6664,18.4795,18.5628,381475.3695834,0
RSPS.US,D,20151110,000000,18.6158,18.6327,18.5685,18.6196,311796.88869937,0
RSPS.US,D,20151111,000000,18.6383,18.7217,18.5973,18.6327,107099.26545829,0
RSPS.US,D,20151112,000000,18.5628,18.5628,18.367,18.3743,137267.99998273,0
RSPS.US,D,20151113,000000,18.3112,18.3891,18.1802,18.2276,104716.30164392,0
RSPS.US,D,20151116,000000,18.1749,18.4977,18.1749,18.4849,201148.96717118,0
RSPS.US,D,20151117,000000,18.5751,18.5751,18.3705,18.4228,174528.88871664,0
RSPS.US,D,20151118,000000,18.4389,18.6879,18.4389,18.6728,71586.915107666,0
RSPS.US,D,20151119,000000,18.7065,18.8533,18.7065,18.7669,102926.49981797,0
RSPS.US,D,20151120,000000,18.8605,18.8975,18.6383,18.6383,153809.48256435,0
RSPS.US,D,20151123,000000,18.6628,18.9012,18.6628,18.8475,80474.029073407,0
RSPS.US,D,20151124,000000,18.8189,18.9698,18.789,18.9161,190508.15689183,0
RSPS.US,D,20151125,000000,19.025,19.1086,19.025,19.0632,62710.117002597,0
RSPS.US,D,20151127,000000,19.1741,19.1741,19.08,19.1373,79287.705096552,0
RSPS.US,D,20151130,000000,19.1549,19.1549,18.9032,18.9122,6227422.031006,0
RSPS.US,D,20151201,000000,18.9854,19.103,18.9854,19.0953,417054.77302837,0
RSPS.US,D,20151202,000000,19.0972,19.1069,18.9601,18.9815,111050.24009425,0
RSPS.US,D,20151203,000000,19.0269,19.1222,18.8038,18.8948,438341.55151739,0
RSPS.US,D,20151204,000000,18.9181,19.2601,18.9181,19.2601,86978.179224772,0
RSPS.US,D,20151207,000000,19.5448,19.624,19.4827,19.568,81629.405468259,0
RSPS.US,D,20151208,000000,19.5136,19.5776,19.411,19.5661,138480.11361125,0
RSPS.US,D,20151209,000000,19.4477,19.6204,19.3372,19.3991,127787.72402857,0
RSPS.US,D,20151210,000000,19.4245,19.5058,19.3682,19.4011,122454.42406306,0
RSPS.US,D,20151211,000000,19.2235,19.3139,19.1913,19.2254,431300.97661129,0
RSPS.US,D,20151214,000000,19.2426,19.3856,19.1431,19.3817,174714.57420866,0
RSPS.US,D,20151215,000000,19.4671,19.5854,19.4341,19.5214,494593.93974163,0
RSPS.US,D,20151216,000000,19.6221,19.8569,19.6221,19.8354,391657.12406301,0
RSPS.US,D,20151217,000000,19.882,19.882,19.599,19.599,236640.68580047,0
RSPS.US,D,20151218,000000,19.6706,19.6706,19.2965,19.3043,147429.12274101,0
RSPS.US,D,20151221,000000,19.3721,19.4885,19.3469,19.4885,492994.98133805,0
RSPS.US,D,20151222,000000,19.5194,19.7677,19.5001,19.7269,345436.91033868,0
RSPS.US,D,20151223,000000,19.9711,19.9711,19.7852,19.884,517742.73108131,0
RSPS.US,D,20151224,000000,19.8315,19.9013,19.8315,19.8489,84368.266475695,0
RSPS.US,D,20151228,000000,19.7967,19.8315,19.7424,19.8278,179619.76595643,0
RSPS.US,D,20151229,000000,19.9383,20.008,19.9383,19.9905,295482.35505245,0
RSPS.US,D,20151230,000000,19.975,19.975,19.8899,19.915,328524.05677301,0
RSPS.US,D,20151231,000000,19.8762,19.8762,19.6628,19.6957,5637674.5924598,0
RSPS.US,D,20160104,000000,19.4536,19.4536,19.2581,19.4283,702365.68946189,0
RSPS.US,D,20160105,000000,19.5504,19.5642,19.4477,19.5542,190234.78658412,0
RSPS.US,D,20160106,000000,19.4128,19.5582,19.3761,19.4827,334589.78284597,0
RSPS.US,D,20160107,000000,19.1987,19.407,19.1567,19.2215,413428.74800345,0
RSPS.US,D,20160108,000000,19.3469,19.3469,19.0768,19.0992,372041.51500223,0
RSPS.US,D,20160111,000000,19.2329,19.2659,19.0614,19.2136,465425.84370202,0
RSPS.US,D,20160112,000000,19.3256,19.3741,19.1778,19.3527,169293.58942747,0
RSPS.US,D,20160113,000000,19.3469,19.3488,18.9333,18.9353,7471179.562131,0
RSPS.US,D,20160114,000000,19.0079,19.1451,18.9012,19.0289,1012027.1950029,0
RSPS.US,D,20160115,000000,18.7738,18.8344,18.5628,18.7368,376781.65297932,0
RSPS.US,D,20160119,000000,18.9718,18.9718,18.7591,18.8929,1084341.3782876,0
RSPS.US,D,20160120,000000,18.7121,18.789,18.3202,18.6951,1227577.103667,0
RSPS.US,D,20160121,000000,18.727,18.7797,18.5877,18.7121,273674.62559966,0
RSPS.US,D,20160122,000000,18.905,19.0933,18.8038,19.0652,253579.32901781,0
RSPS.US,D,20160125,000000,19.0348,19.0348,18.8379,18.8587,274190.41863308,0
RSPS.US,D,20160126,000000,18.9141,19.126,18.9141,19.0368,149260.18800963,0
RSPS.US,D,20160127,000000,19.0158,19.2116,18.8909,18.9834,211387.45888446,0
RSPS.US,D,20160128,000000,19.0897,19.3101,19.0309,19.2388,368183.38311229,0
RSPS.US,D,20160129,000000,19.3179,19.624,19.2965,19.6126,353137.70032758,0
RSPS.US,D,20160201,000000,19.6126,19.8394,19.5661,19.7619,814999.41416871,0
RSPS.US,D,20160202,000000,19.6358,19.7287,19.4536,19.4962,685757.15378594,0
RSPS.US,D,20160203,000000,19.5562,19.5816,19.2659,19.4186,452237.0158376,0
RSPS.US,D,20160204,000000,19.3856,19.3915,19.1451,19.229,290216.10818128,0
RSPS.US,D,20160205,000000,19.3024,19.3411,19.1567,19.2176,155542.54715662,0
RSPS.US,D,20160208,000000,19.0992,19.1874,18.9448,19.1625,379912.51669215,0
RSPS.US,D,20160209,000000,19.0023,19.3896,18.9928,19.2965,410684.72906569,0
RSPS.US,D,20160210,000000,19.4148,19.5272,19.3101,19.3333,132259.64962827,0
RSPS.US,D,20160211,000000,19.2235,19.2812,19.025,19.193,333398.30093879,0
RSPS.US,D,20160212,000000,19.4458,19.4807,19.2309,19.4748,411406.83931246,0
RSPS.US,D,20160216,000000,19.6473,19.7075,19.5272,19.6863,235284.15012258,0
RSPS.US,D,20160217,000000,19.8334,19.9578,19.7424,19.8899,364541.88429638,0
RSPS.US,D,20160218,000000,19.913,19.913,19.7193,19.8179,679247.84570422,0
RSPS.US,D,20160219,000000,19.8103,19.8859,19.6957,19.8608,659250.5497987,0
RSPS.US,D,20160222,000000,20.008,20.008,19.8394,19.9092,2690948.9925597,0
RSPS.US,D,20160223,000000,19.9033,19.9578,19.8549,19.9247,1392579.2950565,0
RSPS.US,D,20160224,000000,19.8589,20.0353,19.7542,20.008,398150.95835371,0
RSPS.US,D,20160225,000000,20.0856,20.2659,20.037,20.2424,756013.32286737,0
RSPS.US,D,20160226,000000,20.326,20.326,19.9655,20.01,806210.30087932,0
RSPS.US,D,20160229,000000,20.0662,20.1514,19.9711,19.9945,1004053.0347063,0
RSPS.US,D,20160301,000000,20.1049,20.1574,20.0408,20.1128,585543.72532369,0
RSPS.US,D,20160302,000000,20.1011,20.1456,19.9731,20.1302,396608.7371838,0
RSPS.US,D,20160303,000000,20.0778,20.2619,20.0003,20.2444,464064.15009381,0
RSPS.US,D,20160304,000000,20.2251,20.3745,20.1689,20.326,520863.27893346,0
RSPS.US,D,20160307,000000,20.2814,20.3009,20.1417,20.1594,577863.56705613,0
RSPS.US,D,20160308,000000,20.1514,20.2989,20.1184,20.1981,219083.09094302,0
RSPS.US,D,20160309,000000,20.2775,20.3977,20.2775,20.3628,255539.34254479,0
RSPS.US,D,20160310,000000,20.421,20.4813,20.1864,20.3512,549912.7425754,0
RSPS.US,D,20160311,000000,20.4695,20.5044,20.4112,20.4848,315495.12474896,0
RSPS.US,D,20160314,000000,20.4868,20.5006,20.419,20.4695,245110.00740914,0
RSPS.US,D,20160315,000000,20.4345,20.5743,20.4345,20.5373,279662.98271761,0
RSPS.US,D,20160316,000000,20.5081,20.6459,20.4249,20.6091,489038.84877176,0
RSPS.US,D,20160317,000000,20.5624,20.7544,20.5624,20.7098,574134.38342456,0
RSPS.US,D,20160318,000000,20.7429,20.7487,20.6421,20.6479,386323.82409749,0
RSPS.US,D,20160321,000000,20.6499,20.6827,20.5256,20.6246,535625.27554979,0
RSPS.US,D,20160322,000000,20.5819,20.5856,20.4636,20.4753,562596.09326711,0
RSPS.US,D,20160323,000000,20.4655,20.5876,20.417,20.5044,208478.386176,0
RSPS.US,D,20160324,000000,20.4229,20.4926,20.4017,20.4616,278858.34558548,0
RSPS.US,D,20160328,000000,20.5006,20.6401,20.5006,20.5604,317934.825797,0
RSPS.US,D,20160329,000000,20.5876,20.7874,20.5801,20.7449,302914.93266396,0
RSPS.US,D,20160330,000000,20.8262,20.8804,20.7602,20.8457,335471.78893311,0
RSPS.US,D,20160331,000000,20.8979,20.8979,20.7274,20.768,487904.10409824,0
RSPS.US,D,20160401,000000,20.6885,21.0336,20.6885,21.0183,854034.63093753,0
RSPS.US,D,20160404,000000,21.0239,21.0239,20.8417,20.9308,1027067.7198573,0
RSPS.US,D,20160405,000000,20.8495,20.8708,20.7449,20.7874,1760411.938906,0
RSPS.US,D,20160406,000000,20.8147,20.9735,20.7991,20.9735,301429.44872772,0
RSPS.US,D,20160407,000000,20.8903,20.8941,20.6885,20.766,202835.61039044,0
RSPS.US,D,20160408,000000,20.8165,20.8688,20.7912,20.8437,370628.24209068,0
RSPS.US,D,20160411,000000,20.9288,20.96,20.7098,20.7118,256029.34592654,0
RSPS.US,D,20160412,000000,20.7527,20.8147,20.7022,20.8087,158513.5150291,0
RSPS.US,D,20160413,000000,20.9485,20.9485,20.5743,20.6632,474508.95902047,0
RSPS.US,D,20160414,000000,20.6361,20.677,20.5566,20.5723,230930.85692056,0
RSPS.US,D,20160415,000000,20.5703,20.704,20.4946,20.6885,216447.38854227,0
RSPS.US,D,20160418,000000,20.6847,20.7582,20.6401,20.7429,251866.89614688,0
RSPS.US,D,20160419,000000,20.7739,20.7952,20.7002,20.7582,335291.26137141,0
RSPS.US,D,20160420,000000,20.7739,20.7739,20.5838,20.611,567062.86093642,0
RSPS.US,D,20160421,000000,20.5856,20.5856,20.1747,20.1786,607186.40100577,0
RSPS.US,D,20160422,000000,20.1495,20.2484,20.0758,20.2484,347984.92792377,0
RSPS.US,D,20160425,000000,20.2096,20.413,20.1981,20.4037,215090.85286439,0
RSPS.US,D,20160426,000000,20.4345,20.4734,20.33,20.3687,1067175.7861356,0
RSPS.US,D,20160427,000000,20.448,20.5431,20.3143,20.4966,217417.07944508,0
RSPS.US,D,20160428,000000,20.3802,20.7022,20.3802,20.5393,176623.0084323,0
RSPS.US,D,20160429,000000,20.5838,20.5838,20.4365,20.5644,226324.82513216,0
RSPS.US,D,20160502,000000,20.6033,20.8067,20.5916,20.7854,1597519.3410233,0
RSPS.US,D,20160503,000000,20.7429,20.7836,20.6322,20.706,187336.02973633,0
RSPS.US,D,20160504,000000,20.6168,20.7836,20.5683,20.737,195191.55763523,0
RSPS.US,D,20160505,000000,20.7254,20.8804,20.7254,20.7797,245630.95837288,0
RSPS.US,D,20160506,000000,20.8358,20.8863,20.6672,20.8533,205280.46936883,0
RSPS.US,D,20160509,000000,20.9503,21.0899,20.9503,21.0278,244372.42337136,0
RSPS.US,D,20160510,000000,21.0802,21.2488,21.0316,21.2488,391337.33238228,0
RSPS.US,D,20160511,000000,21.2372,21.2372,21.084,21.1171,276810.64724283,0
RSPS.US,D,20160512,000000,21.2022,21.2546,21.1014,21.2159,287466.93131318,0
RSPS.US,D,20160513,000000,21.2275,21.2275,20.9561,21.0083,166869.36217042,0
RSPS.US,D,20160516,000000,21.0183,21.1402,20.9445,21.0899,439692.92926495,0
RSPS.US,D,20160517,000000,21.051,21.051,20.6322,20.6827,359157.00502753,0
RSPS.US,D,20160518,000000,20.5935,20.6381,20.3802,20.4636,550799.90659287,0
RSPS.US,D,20160519,000000,20.4734,20.6226,20.4576,20.6206,321406.11291189,0
RSPS.US,D,20160520,000000,20.6789,20.6789,20.4734,20.5044,140842.4457043,0
RSPS.US,D,20160523,000000,20.5101,20.5993,20.5064,20.5159,274773.26476083,0
RSPS.US,D,20160524,000000,20.5763,20.766,20.5763,20.737,184256.74532684,0
RSPS.US,D,20160525,000000,20.7874,20.8087,20.7215,20.7468,296524.25697995,0
RSPS.US,D,20160526,000000,20.7991,20.8921,20.7291,20.8513,138975.27492333,0
RSPS.US,D,20160527,000000,20.8708,20.9115,20.8165,20.8785,93188.327347087,0
RSPS.US,D,20160531,000000,20.8999,20.9813,20.7022,20.7836,218438.34965126,0
RSPS.US,D,20160601,000000,20.7874,20.9561,20.7874,20.9561,130475.00573266,0
RSPS.US,D,20160602,000000,20.9328,20.9773,20.8629,20.9735,503285.05235468,0
RSPS.US,D,20160603,000000,21.0239,21.1053,20.9465,21.0899,244821.16331042,0
RSPS.US,D,20160606,000000,21.1247,21.1499,21.0123,21.0724,588220.69116711,0
RSPS.US,D,20160607,000000,21.1033,21.1636,21.0589,21.0705,232447.28843881,0
RSPS.US,D,20160608,000000,21.1151,21.2022,21.0685,21.1849,290195.47645995,0
RSPS.US,D,20160609,000000,21.2022,21.3495,21.2022,21.3362,210881.98171173,0
RSPS.US,D,20160610,000000,21.2488,21.3535,21.2236,21.3245,99759.530592795,0
RSPS.US,D,20160613,000000,21.2896,21.2916,21.1267,21.1306,109559.59822767,0
RSPS.US,D,20160614,000000,21.1227,21.1889,20.9872,21.1732,146103.53464513,0
RSPS.US,D,20160615,000000,21.2275,21.2275,21.0959,21.0994,233107.50352158,0
RSPS.US,D,20160616,000000,21.084,21.2798,21.0569,21.2798,903024.65325131,0
RSPS.US,D,20160617,000000,21.2275,21.2275,21.0609,21.1712,156197.60430907,0
RSPS.US,D,20160620,000000,21.2778,21.404,21.2315,21.2468,169071.79842311,0
RSPS.US,D,20160621,000000,21.3128,21.3865,21.3128,21.3303,144633.5244999,0
RSPS.US,D,20160622,000000,21.371,21.3925,21.305,21.3108,201845.28776628,0
RSPS.US,D,20160623,000000,21.3925,21.4602,21.3515,21.4602,165162.08722982,0
RSPS.US,D,20160624,000000,21.0006,21.3167,20.9406,21.121,428783.90660821,0
RSPS.US,D,20160627,000000,20.991,21.1596,20.958,21.1324,284073.0131533,0
RSPS.US,D,20160628,000000,21.2334,21.2334,21.0336,21.2002,394963.35740719,0
RSPS.US,D,20160629,000000,21.2719,21.4425,21.2719,21.4371,236465.31616911,0
RSPS.US,D,20160630,000000,21.4893,22.0709,21.439,22.0709,451741.85452552,0
RSPS.US,D,20160701,000000,22.0824,22.1466,21.9893,22.0088,388366.36450982,0
RSPS.US,D,20160705,000000,21.9873,22.2183,21.9448,22.0864,382486.32392888,0
RSPS.US,D,20160706,000000,22.0787,22.1234,21.9681,22.0824,541794.16022944,0
RSPS.US,D,20160707,000000,22.1252,22.1891,22.0011,22.0496,203258.56067785,0
RSPS.US,D,20160708,000000,22.1446,22.2783,22.0649,22.2783,253935.22621086,0
RSPS.US,D,20160711,000000,22.3093,22.3093,22.1796,22.2415,336482.74327861,0
RSPS.US,D,20160712,000000,22.2124,22.2144,22.0729,22.0979,504419.7970282,0
RSPS.US,D,20160713,000000,22.1174,22.2395,22.0941,22.2144,156450.34289544,0
RSPS.US,D,20160714,000000,22.2242,22.3325,22.2045,22.2434,329818.69728688,0
RSPS.US,D,20160715,000000,22.2666,22.3015,22.1833,22.2434,238688.38414312,0
RSPS.US,D,20160718,000000,22.2434,22.2434,22.1544,22.1929,157414.87586792,0
RSPS.US,D,20160719,000000,22.1504,22.2104,22.0959,22.2084,190043.94316175,0
RSPS.US,D,20160720,000000,22.2261,22.2261,22.1019,22.1214,208844.59922973,0
RSPS.US,D,20160721,000000,22.1039,22.1039,21.9836,22.0516,209241.75986546,0
RSPS.US,D,20160722,000000,22.0884,22.1873,22.0884,22.1717,156089.28777204,0
RSPS.US,D,20160725,000000,22.1929,22.1969,22.0844,22.1929,1142435.1476412,0
RSPS.US,D,20160726,000000,22.2045,22.2336,22.007,22.0107,186288.96987849,0
RSPS.US,D,20160727,000000,22.003,22.003,21.6754,21.7217,534949.58667601,0
RSPS.US,D,20160728,000000,21.7317,21.8226,21.6096,21.7955,255895.23973785,0
RSPS.US,D,20160729,000000,21.782,21.9236,21.7802,21.9003,236898.58231717,0
RSPS.US,D,20160801,000000,21.8885,21.9236,21.8054,21.877,367765.59075523,0
RSPS.US,D,20160802,000000,21.8751,21.879,21.7084,21.7802,252506.47950831,0
RSPS.US,D,20160803,000000,21.7877,21.7877,21.6171,21.6425,205925.2106606,0
RSPS.US,D,20160804,000000,21.7237,21.8286,21.6947,21.7568,162701.75446042,0
RSPS.US,D,20160805,000000,21.8246,21.9003,21.749,21.7896,220676.89141627,0
RSPS.US,D,20160808,000000,21.846,21.846,21.7277,21.7723,2509529.1089166,0
RSPS.US,D,20160809,000000,21.782,21.9138,21.7743,21.8382,1348664.6761915,0
RSPS.US,D,20160810,000000,21.8613,21.9178,21.8613,21.908,108264.95771381,0
RSPS.US,D,20160811,000000,21.9622,21.9836,21.8712,21.8846,241122.92726085,0
RSPS.US,D,20160812,000000,21.8905,21.9799,21.8885,21.9488,161226.58638486,0
RSPS.US,D,20160815,000000,21.9661,21.9681,21.9043,21.9138,302084.50588016,0
RSPS.US,D,20160816,000000,21.8576,21.8596,21.7723,21.7723,274587.5792688,0
RSPS.US,D,20160817,000000,21.7802,21.8557,21.6656,21.848,162969.9668378,0
RSPS.US,D,20160818,000000,21.8673,21.9351,21.8673,21.9196,192530.06558281,0
RSPS.US,D,20160819,000000,21.8751,21.9098,21.8226,21.9098,126714.87451906,0
RSPS.US,D,20160822,000000,21.9098,21.9818,21.8751,21.9661,215647.90934048,0
RSPS.US,D,20160823,000000,21.9913,21.9913,21.8557,21.8576,198167.68343805,0
RSPS.US,D,20160824,000000,21.8633,21.8633,21.7645,21.8054,81464.351697564,0
RSPS.US,D,20160825,000000,21.8093,21.8633,21.7392,21.751,102905.86809662,0
RSPS.US,D,20160826,000000,21.7723,21.8576,21.6017,21.658,223075.32902165,0
RSPS.US,D,20160829,000000,21.658,21.7859,21.658,21.7859,123264.21912552,0
RSPS.US,D,20160830,000000,21.7237,21.7237,21.5571,21.6133,604983.96475313,0
RSPS.US,D,20160831,000000,21.623,21.6347,21.5531,21.623,629963.82136138,0
RSPS.US,D,20160901,000000,21.5939,21.5959,21.4544,21.5321,870720.53556852,0
RSPS.US,D,20160902,000000,21.6057,21.7529,21.6057,21.7373,802424.38001407,0
RSPS.US,D,20160906,000000,21.7723,21.7723,21.623,21.7568,339629.08078244,0
RSPS.US,D,20160907,000000,21.7124,21.7432,21.4371,21.4622,282525.63405306,0
RSPS.US,D,20160908,000000,21.4156,21.4311,21.303,21.3303,443473.69219988,0
RSPS.US,D,20160909,000000,21.2179,21.2179,20.733,20.733,581561.80310577,0
RSPS.US,D,20160912,000000,20.6632,21.086,20.6632,21.0609,252630.26983634,0
RSPS.US,D,20160913,000000,20.9561,20.9618,20.7544,20.7991,178820.28675464,0
RSPS.US,D,20160914,000000,20.7892,20.8999,20.7022,20.7274,312137.31210143,0
RSPS.US,D,20160915,000000,20.7177,20.9174,20.7137,20.8999,251603.84169984,0
RSPS.US,D,20160916,000000,20.8417,20.8417,20.7157,20.8165,277960.86570734,0
RSPS.US,D,20160919,000000,20.8319,20.9193,20.8107,20.8262,145453.63542303,0
RSPS.US,D,20160920,000000,20.8668,20.9174,20.8262,20.8262,199441.69223058,0
RSPS.US,D,20160921,000000,20.8378,21.0355,20.7797,20.9988,378834.50925231,0
RSPS.US,D,20160922,000000,21.0685,21.1927,21.0685,21.1616,201984.55188531,0
RSPS.US,D,20160923,000000,21.1578,21.1694,21.0705,21.084,115073.42575488,0
RSPS.US,D,20160926,000000,21.0221,21.0221,20.8941,20.9076,122779.37367411,0
RSPS.US,D,20160927,000000,20.9115,21.0202,20.8959,20.9697,125131.38990647,0
RSPS.US,D,20160928,000000,20.9891,21.0221,20.9154,21.0026,719634.4402206,0
RSPS.US,D,20160929,000000,21.0123,21.0569,20.859,20.8688,191049.73957692,0
RSPS.US,D,20160930,000000,20.96,21.1364,20.96,21.053,1543144.4394407,0
RSPS.US,D,20161003,000000,21.0336,21.0336,20.9366,20.9658,234448.56540844,0
RSPS.US,D,20161004,000000,20.9793,20.9793,20.737,20.7527,839184.94950555,0
RSPS.US,D,20161005,000000,20.7972,20.8147,20.7137,20.7642,354277.60293142,0
RSPS.US,D,20161006,000000,20.7215,20.8959,20.677,20.8417,119870.30096565,0
RSPS.US,D,20161007,000000,20.8495,20.8495,20.6168,20.7215,219454.46192708,0
RSPS.US,D,20161010,000000,20.7622,20.8728,20.7215,20.7836,584754.56198261,0
RSPS.US,D,20161011,000000,20.7562,20.7622,20.5781,20.6613,250479.412887,0
RSPS.US,D,20161012,000000,20.6789,20.8358,20.6751,20.7912,123455.06254788,0
RSPS.US,D,20161013,000000,20.7177,20.8649,20.6536,20.801,184122.63913816,0
RSPS.US,D,20161014,000000,20.7912,20.8999,20.7912,20.7972,192973.64759156,0
RSPS.US,D,20161017,000000,20.7932,20.801,20.7157,20.7157,90939.469721398,0
RSPS.US,D,20161018,000000,20.8087,20.8513,20.7777,20.7797,107238.52957731,0
RSPS.US,D,20161019,000000,20.7719,20.7719,20.6149,20.6865,84662.268504734,0
RSPS.US,D,20161020,000000,20.6962,20.7157,20.5838,20.6149,156274.97326408,0
RSPS.US,D,20161021,000000,20.7389,20.7409,20.613,20.7177,169675.2762722,0
RSPS.US,D,20161024,000000,20.7759,20.8319,20.7582,20.8087,157089.92625687,0
RSPS.US,D,20161025,000000,20.8921,20.8921,20.8319,20.8437,449070.04661243,0
RSPS.US,D,20161026,000000,20.8205,20.8785,20.7892,20.8185,863535.53861303,0
RSPS.US,D,20161027,000000,20.8319,20.8319,20.6574,20.6807,199895.59009998,0
RSPS.US,D,20161028,000000,20.6536,20.9347,20.6536,20.861,204630.57014673,0
RSPS.US,D,20161031,000000,20.8748,20.9465,20.8553,20.9193,1611064.0660807,0
RSPS.US,D,20161101,000000,20.9154,20.958,20.7622,20.8087,226345.4568535,0
RSPS.US,D,20161102,000000,20.7699,20.83,20.7429,20.7468,150059.66721142,0
RSPS.US,D,20161103,000000,20.7874,20.7874,20.4946,20.5256,314984.48964587,0
RSPS.US,D,20161104,000000,20.4695,20.4926,20.3395,20.3492,422831.65500262,0
RSPS.US,D,20161107,000000,20.5276,20.7274,20.5276,20.7197,335430.52549044,0
RSPS.US,D,20161108,000000,20.611,20.9425,20.5256,20.8728,121505.36488158,0
RSPS.US,D,20161109,000000,20.3785,20.6206,20.202,20.5548,579911.26539882,0
RSPS.US,D,20161110,000000,20.5509,20.5509,19.9363,19.9808,1076047.4263104,0
RSPS.US,D,20161111,000000,19.8569,20.0235,19.7947,19.9635,711165.11861196,0
RSPS.US,D,20161114,000000,19.9111,20.0662,19.8702,20.0157,710948.48553788,0
RSPS.US,D,20161115,000000,20.0408,20.1902,20.0408,20.1689,318068.9319857,0
RSPS.US,D,20161116,000000,20.1456,20.2059,20.1108,20.1475,417926.46325484,0
RSPS.US,D,20161117,000000,20.0876,20.1475,20.012,20.1108,436979.85790919,0
RSPS.US,D,20161118,000000,20.1361,20.1514,20.0545,20.0738,260325.90189488,0
RSPS.US,D,20161121,000000,20.0235,20.202,19.9983,20.1864,351146.7392186,0
RSPS.US,D,20161122,000000,20.287,20.386,20.287,20.355,212578.94079165,0
RSPS.US,D,20161123,000000,20.332,20.359,20.1961,20.2154,212403.57116029,0
RSPS.US,D,20161125,000000,20.2601,20.386,20.2601,20.3822,82686.781186759,0
RSPS.US,D,20161128,000000,20.3667,20.4345,20.3123,20.386,694247.10711593,0
RSPS.US,D,20161129,000000,20.3977,20.4463,20.357,20.419,179367.02737006,0
RSPS.US,D,20161130,000000,20.359,20.384,20.0255,20.0353,1478783.7847311,0
RSPS.US,D,20161201,000000,19.9945,20.006,19.8024,19.8589,402622.88395342,0
RSPS.US,D,20161202,000000,19.8937,20.0314,19.8937,19.9868,295946.56878252,0
RSPS.US,D,20161205,000000,19.9945,20.0565,19.9945,20.037,280472.77778007,0
RSPS.US,D,20161206,000000,20.0605,20.0953,20.0176,20.0953,224339.02195352,0
RSPS.US,D,20161207,000000,20.0973,20.384,20.0973,20.3628,484324.50044635,0
RSPS.US,D,20161208,000000,20.3028,20.419,20.2814,20.355,232571.07876683,0
RSPS.US,D,20161209,000000,20.3822,20.6302,20.3822,20.6246,216442.23061194,0
RSPS.US,D,20161212,000000,20.5955,20.704,20.5876,20.6459,165868.7236856,0
RSPS.US,D,20161213,000000,20.6672,20.7991,20.6672,20.7429,118245.55291038,0
RSPS.US,D,20161214,000000,20.7622,20.8087,20.5044,20.5451,196909.14843651,0
RSPS.US,D,20161215,000000,20.5353,20.6865,20.4616,20.6652,170062.12104726,0
RSPS.US,D,20161216,000000,20.7449,20.7759,20.6943,20.7582,172341.92625495,0
RSPS.US,D,20161219,000000,20.768,20.8319,20.5703,20.7719,347881.76931708,0
RSPS.US,D,20161220,000000,20.7622,20.7622,20.6789,20.7291,166735.25598173,0
RSPS.US,D,20161221,000000,20.733,20.8378,20.733,20.7622,105505.46498503,0
RSPS.US,D,20161222,000000,20.7759,20.7759,20.6789,20.7389,75450.204927946,0
RSPS.US,D,20161223,000000,20.7409,20.7972,20.737,20.7759,158724.9901728,0
RSPS.US,D,20161227,000000,20.7719,20.83,20.7719,20.7991,448827.62388673,0
RSPS.US,D,20161228,000000,20.7854,20.7854,20.6459,20.6459,148507.13018085,0
RSPS.US,D,20161229,000000,20.6672,20.7759,20.6672,20.7507,106506.10346986,0
RSPS.US,D,20161230,000000,20.7719,20.7874,20.5763,20.6285,121247.46836486,0
RSPS.US,D,20170103,000000,20.704,20.7487,20.6361,20.7274,596117.48250875,0
RSPS.US,D,20170104,000000,20.768,20.8437,20.768,20.7836,205796.26240225,0
RSPS.US,D,20170105,000000,20.7507,20.7836,20.6731,20.7699,268604.38008119,0
RSPS.US,D,20170106,000000,20.7487,20.8087,20.6943,20.7797,175565.6327138,0
RSPS.US,D,20170109,000000,20.7429,20.7602,20.5935,20.6149,183142.63237466,0
RSPS.US,D,20170110,000000,20.5955,20.5955,20.4829,20.4907,167379.99727351,0
RSPS.US,D,20170111,000000,20.4404,20.5548,20.4404,20.5237,131269.32700412,0
RSPS.US,D,20170112,000000,20.4946,20.5664,20.4868,20.5353,273561.15113231,0
RSPS.US,D,20170113,000000,20.5586,20.5896,20.5198,20.5763,125569.81398488,0
RSPS.US,D,20170117,000000,20.5916,20.8457,20.5491,20.8338,194820.18665118,0
RSPS.US,D,20170118,000000,20.8378,20.9096,20.83,20.8979,181332.19882738,0
RSPS.US,D,20170119,000000,20.8785,20.8785,20.7739,20.7972,576042.8176482,0
RSPS.US,D,20170120,000000,20.9308,20.9833,20.7972,20.9115,265370.35776168,0
RSPS.US,D,20170123,000000,20.9076,20.9076,20.83,20.8668,353472.9657993,0
RSPS.US,D,20170124,000000,20.9076,21.0394,20.8999,21.0239,232287.39259844,0
RSPS.US,D,20170125,000000,21.0491,21.1227,21.0491,21.0821,331159.75917376,0
RSPS.US,D,20170126,000000,21.0355,21.051,20.9716,20.9735,285202.59989648,0
RSPS.US,D,20170127,000000,20.9735,20.9735,20.7836,20.8398,196991.67532185,0
RSPS.US,D,20170130,000000,20.8107,20.8165,20.7291,20.8027,139733.49068245,0
RSPS.US,D,20170131,000000,20.8067,20.8863,20.7874,20.8863,199039.37366451,0
RSPS.US,D,20170201,000000,20.8319,20.8457,20.7079,20.7507,344400.16634153,0
RSPS.US,D,20170202,000000,20.9174,21.0629,20.9056,21.0006,162763.64962444,0
RSPS.US,D,20170203,000000,21.0821,21.2002,21.0724,21.1171,190544.26240417,0
RSPS.US,D,20170206,000000,21.1286,21.1286,20.9813,20.9872,77889.905975999,0
RSPS.US,D,20170207,000000,21.0183,21.1984,21.0183,21.1539,108038.00877911,0
RSPS.US,D,20170208,000000,21.1286,21.2665,21.1286,21.2527,466070.58499379,0
RSPS.US,D,20170209,000000,21.243,21.3845,21.208,21.3535,93234.748720096,0
RSPS.US,D,20170210,000000,21.3748,21.4292,21.3633,21.4078,109482.22927267,0
RSPS.US,D,20170213,000000,21.4117,21.4174,21.3806,21.4001,138784.43150098,0
RSPS.US,D,20170214,000000,21.3456,21.4736,21.2973,21.4524,144391.1017742,0
RSPS.US,D,20170215,000000,21.4425,21.623,21.4272,21.5899,792227.15174344,0
RSPS.US,D,20170216,000000,21.5899,21.6308,21.4484,21.5416,109110.8582886,0
RSPS.US,D,20170217,000000,21.4582,21.6774,21.4582,21.652,109167.59552228,0
RSPS.US,D,20170221,000000,21.7007,21.8963,21.7007,21.8576,155356.8616646,0
RSPS.US,D,20170222,000000,21.8054,21.8344,21.7548,21.8073,104680.19613158,0
RSPS.US,D,20170223,000000,21.8149,21.8943,21.7665,21.7859,83171.626638173,0
RSPS.US,D,20170224,000000,21.7839,21.8692,21.7625,21.8653,93306.959744773,0
RSPS.US,D,20170227,000000,21.8362,21.846,21.6888,21.718,234144.24751874,0
RSPS.US,D,20170228,000000,21.6831,21.8034,21.6831,21.7587,125703.92017357,0
RSPS.US,D,20170301,000000,21.8149,21.9063,21.7645,21.8633,653886.3022512,0
RSPS.US,D,20170302,000000,21.8633,21.9158,21.8633,21.8751,366945.4798321,0
RSPS.US,D,20170303,000000,21.8653,21.8653,21.7064,21.8093,78581.068640772,0
RSPS.US,D,20170306,000000,21.718,21.7432,21.6927,21.6987,115001.2147302,0
RSPS.US,D,20170307,000000,21.6599,21.6987,21.6114,21.621,92182.530931929,0
RSPS.US,D,20170308,000000,21.5939,21.6076,21.5571,21.5591,85121.324304473,0
RSPS.US,D,20170309,000000,21.5804,21.6367,21.5706,21.623,206750.47951406,0
RSPS.US,D,20170310,000000,21.714,21.7625,21.6599,21.7297,57660.503205463,0
RSPS.US,D,20170313,000000,21.6967,21.7297,21.6656,21.716,120932.83461447,0
RSPS.US,D,20170314,000000,21.6735,21.718,21.6501,21.6676,105263.04225934,0
RSPS.US,D,20170315,000000,21.687,21.8846,21.687,21.8576,159957.73552266,0
RSPS.US,D,20170316,000000,21.8305,21.8421,21.7975,21.8362,199534.53497659,0
RSPS.US,D,20170317,000000,21.9253,21.9293,21.8441,21.8576,102225.02129252,0
RSPS.US,D,20170320,000000,21.7975,21.846,21.7975,21.8344,91259.261402111,0
RSPS.US,D,20170321,000000,21.8401,21.8596,21.7257,21.7472,302306.29688452,0
RSPS.US,D,20170322,000000,21.7802,21.7802,21.6735,21.7472,119798.08994097,0
RSPS.US,D,20170323,000000,21.714,21.7994,21.6695,21.718,73650.087241329,0
RSPS.US,D,20170324,000000,21.7529,21.7529,21.6114,21.6987,54906.168407031,0
RSPS.US,D,20170327,000000,21.5823,21.656,21.5687,21.6114,112989.6218999,0
RSPS.US,D,20170328,000000,21.6619,21.687,21.5201,21.654,127478.24820851,0
RSPS.US,D,20170329,000000,21.625,21.7007,21.5784,21.6888,167761.68411822,0
RSPS.US,D,20170330,000000,21.6754,21.6754,21.5687,21.5882,552656.76151312,0
RSPS.US,D,20170331,000000,21.5631,21.658,21.5631,21.5882,87003.96887644,0
RSPS.US,D,20170403,000000,21.5899,21.619,21.4795,21.5261,715363.67390391,0
RSPS.US,D,20170404,000000,21.5145,21.5571,21.4544,21.5571,85276.062214501,0
RSPS.US,D,20170405,000000,21.5358,21.6735,21.5241,21.5241,1091779.1138295,0
RSPS.US,D,20170406,000000,21.5358,21.6501,21.5358,21.5706,104731.77543491,0
RSPS.US,D,20170407,000000,21.5764,21.654,21.5746,21.5959,108646.64455853,0
RSPS.US,D,20170410,000000,21.5959,21.718,21.5804,21.716,112845.19985054,0
RSPS.US,D,20170411,000000,21.7026,21.7026,21.6114,21.6754,104535.77408222,0
RSPS.US,D,20170412,000000,21.656,21.7762,21.656,21.7762,66470.248216192,0
RSPS.US,D,20170413,000000,21.7743,21.7743,21.6735,21.6735,61028.631713662,0
RSPS.US,D,20170417,000000,21.7045,21.8246,21.7007,21.8246,95401.079460439,0
RSPS.US,D,20170418,000000,21.7859,22.0127,21.7859,21.9641,74196.827856748,0
RSPS.US,D,20170419,000000,21.974,21.9799,21.8576,21.8613,122237.79098902,0
RSPS.US,D,20170420,000000,21.8692,21.9216,21.8207,21.8943,74903.464312523,0
RSPS.US,D,20170421,000000,21.8866,21.8866,21.8207,21.8286,52894.575576705,0
RSPS.US,D,20170424,000000,21.9488,22.0398,21.9293,22.0127,154020.95770805,0
RSPS.US,D,20170425,000000,22.0477,22.0768,22.0205,22.0591,111158.55663127,0
RSPS.US,D,20170426,000000,22.0689,22.0689,21.8866,21.8905,126085.60701829,0
RSPS.US,D,20170427,000000,21.9098,21.9429,21.8751,21.877,59826.833945806,0
RSPS.US,D,20170428,000000,21.8712,21.8866,21.7877,21.8846,1123376.5950566,0
RSPS.US,D,20170501,000000,21.9118,21.9118,21.751,21.7684,252604.48018465,0
RSPS.US,D,20170502,000000,21.7373,21.7412,21.5842,21.5899,361715.33847326,0
RSPS.US,D,20170503,000000,21.6076,21.6444,21.5531,21.623,113489.9411423,0
RSPS.US,D,20170504,000000,21.6715,21.9098,21.6715,21.848,80339.922884719,0
RSPS.US,D,20170505,000000,21.8866,21.9216,21.8517,21.9003,287487.56303452,0
RSPS.US,D,20170508,000000,21.9003,21.9138,21.8421,21.881,61668.215075098,0
RSPS.US,D,20170509,000000,21.9043,21.9043,21.7607,21.7723,65531.504895378,0
RSPS.US,D,20170510,000000,21.8111,21.883,21.8111,21.877,102782.07776861,0
RSPS.US,D,20170511,000000,21.8692,21.9043,21.8362,21.9043,107429.37299967,0
RSPS.US,D,20170512,000000,21.9003,21.9003,21.8054,21.8187,52698.574224012,0
RSPS.US,D,20170515,000000,21.8167,21.8923,21.8167,21.8673,257911.9904985,0
RSPS.US,D,20170516,000000,21.9063,21.9138,21.8093,21.8149,200277.27694471,0
RSPS.US,D,20170517,000000,21.7357,21.8751,21.7357,21.8187,116352.59247776,0
RSPS.US,D,20170518,000000,21.8111,21.8692,21.7665,21.8093,73319.979699939,0
RSPS.US,D,20170519,000000,21.7994,21.9641,21.7936,21.9351,113391.94046595,0
RSPS.US,D,20170522,000000,21.9293,22.1581,21.9293,22.1347,54354.269861273,0
RSPS.US,D,20170523,000000,22.1619,22.2355,22.0922,22.0941,91496.526197484,0
RSPS.US,D,20170524,000000,22.0999,22.1988,22.0787,22.1929,70029.220146756,0
RSPS.US,D,20170525,000000,22.2008,22.294,22.1599,22.2261,85817.644899586,0
RSPS.US,D,20170526,000000,22.2434,22.327,22.2434,22.3093,61363.897185381,0
RSPS.US,D,20170530,000000,22.3015,22.3015,22.1891,22.2647,46117.055117635,0
RSPS.US,D,20170531,000000,22.3172,22.3539,22.284,22.319,96716.351695643,0
RSPS.US,D,20170601,000000,22.3502,22.5129,22.3133,22.5129,444479.48861503,0
RSPS.US,D,20170602,000000,22.5516,22.5866,22.4877,22.5575,162304.5938247,0
RSPS.US,D,20170605,000000,22.5575,22.5826,22.4664,22.5731,110565.39464284,0
RSPS.US,D,20170606,000000,22.5227,22.5846,22.5011,22.5208,71143.333098928,0
RSPS.US,D,20170607,000000,22.5168,22.5478,22.4702,22.4916,79308.336817893,0
RSPS.US,D,20170608,000000,22.4916,22.4916,22.288,22.3305,50052.555962591,0
RSPS.US,D,20170609,000000,22.3325,22.3502,22.2725,22.327,119509.24584225,0
RSPS.US,D,20170612,000000,22.319,22.4062,22.284,22.3598,86725.440638397,0
RSPS.US,D,20170613,000000,22.3675,22.4101,22.2493,22.3967,143209.93572767,0
RSPS.US,D,20170614,000000,22.4626,22.5575,22.4333,22.4858,106439.05037552,0
RSPS.US,D,20170615,000000,22.3502,22.3753,22.2647,22.327,92223.794374599,0
RSPS.US,D,20170616,000000,22.321,22.321,22.005,22.2045,140130.65131818,0
RSPS.US,D,20170619,000000,22.2355,22.3073,22.1929,22.3073,103225.65977735,0
RSPS.US,D,20170620,000000,22.3869,22.3928,22.1853,22.1891,76486.948925112,0
RSPS.US,D,20170621,000000,22.1873,22.1929,22.0959,22.1097,71432.177197643,0
RSPS.US,D,20170622,000000,22.0884,22.0884,21.9913,21.9972,67914.468709755,0
RSPS.US,D,20170623,000000,22.0167,22.0902,21.9913,22.0127,65263.292517998,0
RSPS.US,D,20170626,000000,22.0571,22.1327,22.0571,22.0749,70178.800126445,0
RSPS.US,D,20170627,000000,22.0496,22.0496,21.848,21.848,88608.085210364,0
RSPS.US,D,20170628,000000,21.9118,22.0205,21.9118,21.9178,86039.435903952,0
RSPS.US,D,20170629,000000,21.9429,21.9429,21.6114,21.6967,99393.317539068,0
RSPS.US,D,20170630,000000,21.7548,21.8207,21.7392,21.7412,675884.8751263,0
RSPS.US,D,20170703,000000,21.7452,21.8305,21.7277,21.7297,253471.0124808,0
RSPS.US,D,20170705,000000,21.7472,21.7472,21.621,21.6425,454810.82307435,0
RSPS.US,D,20170706,000000,21.5998,21.6133,21.5009,21.5009,156625.71252679,0
RSPS.US,D,20170707,000000,21.5221,21.5667,21.4622,21.4873,148677.34188188,0
RSPS.US,D,20170710,000000,21.495,21.495,21.3108,21.3283,147919.12612275,0
RSPS.US,D,20170711,000000,21.3342,21.3438,21.2315,21.2719,140569.07539659,0
RSPS.US,D,20170712,000000,21.3633,21.4465,21.3633,21.3925,64850.658091267,0
RSPS.US,D,20170713,000000,21.4117,21.4622,21.3942,21.4425,95003.91882471,0
RSPS.US,D,20170714,000000,21.4795,21.5978,21.4795,21.5978,457931.3709265,0
RSPS.US,D,20170717,000000,21.5862,21.6461,21.5649,21.625,108285.58943514,0
RSPS.US,D,20170718,000000,21.625,21.6269,21.5531,21.5687,131919.22622622,0
RSPS.US,D,20170719,000000,21.5842,21.6367,21.5511,21.6347,85843.434551255,0
RSPS.US,D,20170720,000000,21.6444,21.7084,21.6444,21.656,92399.164005962,0
RSPS.US,D,20170721,000000,21.6096,21.7357,21.6096,21.7337,125291.28574684,0
RSPS.US,D,20170724,000000,21.7257,21.7357,21.687,21.7104,68708.789981208,0
RSPS.US,D,20170725,000000,21.7237,21.9003,21.7237,21.9003,119550.50928493,0
RSPS.US,D,20170726,000000,21.8963,21.9158,21.8576,21.881,172837.08756703,0
RSPS.US,D,20170727,000000,21.9138,22.0611,21.9138,22.0611,76595.265462125,0
RSPS.US,D,20170728,000000,22.0536,22.0536,21.8286,21.9622,158358.77711907,0
RSPS.US,D,20170731,000000,21.9602,21.9893,21.9293,21.9641,50950.035840733,0
RSPS.US,D,20170801,000000,22.0205,22.0205,21.9196,21.9333,427726.53088973,0
RSPS.US,D,20170802,000000,21.9158,21.9585,21.8226,21.9546,152886.21303454,0
RSPS.US,D,20170803,000000,21.9391,22.0302,21.8963,21.8983,165203.35067249,0
RSPS.US,D,20170804,000000,21.9333,21.9333,21.8093,21.8362,102250.81094419,0
RSPS.US,D,20170807,000000,21.8441,22.0167,21.8441,22.0088,182925.99930062,0
RSPS.US,D,20170808,000000,21.9528,21.9932,21.883,21.8866,102482.91780922,0
RSPS.US,D,20170809,000000,21.8054,21.9178,21.8054,21.9158,84002.053421968,0
RSPS.US,D,20170810,000000,21.8732,21.9003,21.8149,21.8187,94467.494069954,0
RSPS.US,D,20170811,000000,21.8054,21.9622,21.8054,21.881,48912.653358744,0
RSPS.US,D,20170814,000000,21.9448,22.0709,21.9448,22.0302,68187.839017464,0
RSPS.US,D,20170815,000000,22.0282,22.0806,22.0282,22.0729,56515.442671283,0
RSPS.US,D,20170816,000000,22.0787,22.1776,22.0787,22.1407,73381.874863954,0
RSPS.US,D,20170817,000000,22.0787,22.1891,21.976,21.9799,107676.95365571,0
RSPS.US,D,20170818,000000,21.9585,21.9836,21.9333,21.9546,48613.493399363,0
RSPS.US,D,20170821,000000,21.9602,22.0591,21.941,22.0107,33000.438277892,0
RSPS.US,D,20170822,000000,21.9661,22.003,21.9158,21.9893,51491.618525817,0
RSPS.US,D,20170823,000000,21.9681,21.9681,21.8712,21.9023,47881.067291914,0
RSPS.US,D,20170824,000000,21.8362,21.8362,21.495,21.497,487620.41792986,0
RSPS.US,D,20170825,000000,21.5511,21.6133,21.5434,21.5571,74960.201546199,0
RSPS.US,D,20170828,000000,21.5416,21.5454,21.3845,21.4331,153587.69155999,0
RSPS.US,D,20170829,000000,21.4233,21.5221,21.4233,21.495,47989.383828931,0
RSPS.US,D,20170830,000000,21.5028,21.5939,21.4911,21.5571,33330.545819277,0
RSPS.US,D,20170831,000000,21.5454,21.5511,21.4911,21.5201,125482.1291692,0
RSPS.US,D,20170901,000000,21.5474,21.623,21.5474,21.623,146454.27390785,0
RSPS.US,D,20170905,000000,21.6037,21.6774,21.5434,21.6656,98748.576247299,0
RSPS.US,D,20170906,000000,21.6907,21.7529,21.6444,21.7529,81196.139320188,0
RSPS.US,D,20170907,000000,21.7762,21.7994,21.7104,21.7859,81794.459238949,0
RSPS.US,D,20170908,000000,21.7337,21.7665,21.6347,21.7337,56438.073716267,0
RSPS.US,D,20170911,000000,21.7896,21.8983,21.7896,21.8653,68316.787275813,0
RSPS.US,D,20170912,000000,21.8866,21.9391,21.877,21.9158,47597.381123535,0
RSPS.US,D,20170913,000000,21.9138,21.9873,21.9098,21.9098,45069.995259803,0
RSPS.US,D,20170914,000000,21.8963,21.8963,21.8286,21.8732,55566.383489797,0
RSPS.US,D,20170915,000000,21.8963,21.9818,21.8963,21.9818,40237.014536704,0
RSPS.US,D,20170918,000000,21.9893,22.0302,21.9661,22.0127,69982.798773747,0
RSPS.US,D,20170919,000000,22.0418,22.0418,21.8596,21.8633,52873.94385537,0
RSPS.US,D,20170920,000000,21.7877,21.7877,21.5201,21.6367,90944.627651732,0
RSPS.US,D,20170921,000000,21.6387,21.6387,21.3728,21.3748,167978.31719226,0
RSPS.US,D,20170922,000000,21.4233,21.4233,21.2759,21.3108,95003.91882471,0
RSPS.US,D,20170925,000000,21.2935,21.4425,21.2935,21.4292,114686.58097983,0
RSPS.US,D,20170926,000000,21.4622,21.5106,21.4311,21.4775,430150.75814677,0
RSPS.US,D,20170927,000000,21.4795,21.5009,21.2488,21.3905,174131.7280809,0
RSPS.US,D,20170928,000000,21.3728,21.4931,21.3728,21.4117,170918.33748273,0
RSPS.US,D,20170929,000000,21.4873,21.5454,21.4582,21.4679,134854.08858635,0
RSPS.US,D,20171002,000000,21.4756,21.5378,21.4156,21.4194,150250.51063379,0
RSPS.US,D,20171003,000000,21.4582,21.4602,21.3885,21.4001,88608.085210364,0
RSPS.US,D,20171004,000000,21.3961,21.5764,21.3905,21.497,136308.62494058,0
RSPS.US,D,20171005,000000,21.5882,21.6676,21.5687,21.5998,72159.445374758,0
RSPS.US,D,20171006,000000,21.497,21.5086,21.4117,21.4233,97392.04056942,0
RSPS.US,D,20171009,000000,21.439,21.439,21.2255,21.2488,145974.58638678,0
RSPS.US,D,20171010,000000,21.3012,21.4425,21.3012,21.439,74867.358800186,0
RSPS.US,D,20171011,000000,21.5086,21.5611,21.5009,21.5086,87633.236377209,0
RSPS.US,D,20171012,000000,21.4814,21.6328,21.4814,21.6096,121747.78760728,0
RSPS.US,D,20171013,000000,21.6367,21.7007,21.6367,21.6425,100099.95399485,0
RSPS.US,D,20171016,000000,21.6171,21.654,21.6171,21.6425,192777.64623886,0
RSPS.US,D,20171017,000000,21.5978,21.5978,21.5145,21.5571,82913.73012146,0
RSPS.US,D,20171018,000000,21.5764,21.5764,21.4641,21.5048,120313.88297438,0
RSPS.US,D,20171019,000000,21.4563,21.4563,21.369,21.4331,75197.466341572,0
RSPS.US,D,20171020,000000,21.4602,21.4602,21.3845,21.4292,170768.75750304,0
RSPS.US,D,20171023,000000,21.4582,21.5145,21.4272,21.4699,89567.460252518,0
RSPS.US,D,20171024,000000,21.4661,21.4699,21.3981,21.4156,58588.930665609,0
RSPS.US,D,20171025,000000,21.4117,21.4117,21.175,21.3322,156878.45111316,0
RSPS.US,D,20171026,000000,21.3768,21.439,21.3108,21.3108,184911.80247928,0
RSPS.US,D,20171027,000000,21.2605,21.2605,21.1053,21.1712,118766.50387414,0
RSPS.US,D,20171030,000000,21.1191,21.1364,20.9813,20.993,173368.35439144,0
RSPS.US,D,20171031,000000,21.1344,21.3205,21.1344,21.307,305447.47645803,0
RSPS.US,D,20171101,000000,21.3865,21.4563,21.3865,21.3961,149925.56102274,0
RSPS.US,D,20171102,000000,21.3865,21.3925,21.2179,21.2916,124326.75277435,0
RSPS.US,D,20171103,000000,21.3225,21.3555,21.243,21.243,123460.22047822,0
RSPS.US,D,20171106,000000,21.2022,21.2022,20.9853,20.9853,173378.67025211,0
RSPS.US,D,20171107,000000,20.9793,21.1964,20.9697,21.1927,112123.08960375,0
RSPS.US,D,20171108,000000,21.2586,21.5009,21.2586,21.4911,136953.36623235,0
RSPS.US,D,20171109,000000,21.4775,21.6347,21.4582,21.5571,118683.9769888,0
RSPS.US,D,20171110,000000,21.5126,21.7975,21.5126,21.7955,91434.631033479,0
RSPS.US,D,20171113,000000,21.7936,21.9992,21.7936,21.9253,154237.59078208,0
RSPS.US,D,20171114,000000,21.8846,22.0709,21.8846,22.0669,86292.174490327,0
RSPS.US,D,20171115,000000,21.9893,21.9893,21.8014,21.8014,65675.926944728,0
RSPS.US,D,20171116,000000,21.9118,22.2045,21.9118,22.1271,74795.147775509,0
RSPS.US,D,20171117,000000,22.0591,22.2242,22.0591,22.1581,168112.42338095,0
RSPS.US,D,20171120,000000,22.0922,22.2355,22.0922,22.1796,93410.118351453,0
RSPS.US,D,20171121,000000,22.1756,22.284,22.1426,22.1466,120308.72504404,0
RSPS.US,D,20171122,000000,22.1639,22.1639,22.0959,22.1485,56613.44334763,0
RSPS.US,D,20171124,000000,22.1639,22.2045,22.1271,22.1308,53498.053425804,0
RSPS.US,D,20171127,000000,22.1134,22.2045,22.1134,22.1873,107991.5874061,0
RSPS.US,D,20171128,000000,22.1969,22.3635,22.1697,22.3558,93533.908679474,0
RSPS.US,D,20171129,000000,22.3694,22.6855,22.3694,22.6137,185432.75344303,0
RSPS.US,D,20171130,000000,22.73,22.8793,22.6775,22.8193,290572.00537434,0
RSPS.US,D,20171201,000000,22.7784,22.8408,22.5653,22.8348,252485.84778697,0
RSPS.US,D,20171204,000000,22.9357,23.2263,22.9162,23.2204,231410.54444164,0
RSPS.US,D,20171205,000000,23.2148,23.269,23.0617,23.1024,101095.43454934,0
RSPS.US,D,20171206,000000,23.1334,23.2478,23.1334,23.2379,89288.93201447,0
RSPS.US,D,20171207,000000,23.2186,23.2186,23.0905,23.0964,75408.941485271,0
RSPS.US,D,20171208,000000,23.1354,23.1857,23.0479,23.1857,92481.690891307,0
RSPS.US,D,20171211,000000,23.1429,23.1507,23.0364,23.1507,75161.36082923,0
RSPS.US,D,20171212,000000,23.1624,23.2458,23.1314,23.1876,55937.754473852,0
RSPS.US,D,20171213,000000,23.1857,23.298,23.172,23.2573,212547.99320966,0
RSPS.US,D,20171214,000000,23.2342,23.2593,23.1354,23.1354,84265.10786901,0
RSPS.US,D,20171215,000000,23.2458,23.4223,23.2323,23.391,88334.714902655,0
RSPS.US,D,20171218,000000,23.4921,23.587,23.4474,23.4474,73722.298266002,0
RSPS.US,D,20171219,000000,23.5502,23.5502,23.4474,23.4474,56530.916462284,0
RSPS.US,D,20171220,000000,23.4901,23.5094,23.3175,23.4591,74047.247877059,0
RSPS.US,D,20171221,000000,23.5269,23.5948,23.4686,23.4841,58893.248555326,0
RSPS.US,D,20171222,000000,23.5191,23.5812,23.5191,23.5655,61302.002021371,0
RSPS.US,D,20171226,000000,23.589,23.6627,23.589,23.622,46586.426778043,0
RSPS.US,D,20171227,000000,23.682,23.6839,23.5948,23.6141,120772.93877412,0
RSPS.US,D,20171228,000000,23.6314,23.6314,23.5171,23.5812,120262.30367104,0
RSPS.US,D,20171229,000000,23.6083,23.6802,23.5579,23.5579,133657.44874882,0
RSPS.US,D,20180102,000000,23.5675,23.5675,23.4223,23.4319,754455.62790646,0
RSPS.US,D,20180103,000000,23.4204,23.4204,23.3272,23.3776,107413.89920867,0
RSPS.US,D,20180104,000000,23.4009,23.5541,23.3929,23.4647,129618.78929719,0
RSPS.US,D,20180105,000000,23.5114,23.585,23.4726,23.585,133631.65909716,0
RSPS.US,D,20180108,000000,23.616,23.6742,23.5695,23.6742,224617.55019157,0
RSPS.US,D,20180109,000000,23.6567,23.7188,23.6259,23.6587,219856.78049315,0
RSPS.US,D,20180110,000000,23.5561,23.5561,23.3175,23.4339,82965.309424802,0
RSPS.US,D,20180111,000000,23.4533,23.4706,23.3368,23.3583,168009.26477426,0
RSPS.US,D,20180112,000000,23.3893,23.4029,23.304,23.335,204687.30738041,0
RSPS.US,D,20180116,000000,23.4184,23.4996,23.4048,23.4204,182606.20761991,0
RSPS.US,D,20180117,000000,23.5599,23.8079,23.5599,23.7052,107413.89920867,0
RSPS.US,D,20180118,000000,23.7188,23.7188,23.5444,23.5675,65056.975304632,0
RSPS.US,D,20180119,000000,23.6314,23.8216,23.6314,23.8059,516463.5643584,0
RSPS.US,D,20180122,000000,23.8059,23.9883,23.8059,23.9883,73779.035499678,0
RSPS.US,D,20180123,000000,23.9632,24.0154,23.8564,23.9962,194206.39294142,0
RSPS.US,D,20180124,000000,24.0389,24.0389,23.9013,23.9747,105257.884329,0
RSPS.US,D,20180125,000000,24.0445,24.1648,24.0445,24.1047,134379.55899561,0
RSPS.US,D,20180126,000000,24.0619,24.1976,24.025,24.1801,78931.807903493,0
RSPS.US,D,20180129,000000,24.382,24.4224,24.2035,24.2035,151617.36217234,0
RSPS.US,D,20180130,000000,24.0755,24.1801,24.0309,24.0755,91130.313143762,0
RSPS.US,D,20180131,000000,24.1027,24.1416,23.9106,23.9922,89268.300293135,0
RSPS.US,D,20180201,000000,23.8876,23.9765,23.8059,23.8389,620014.17374682,0
RSPS.US,D,20180202,000000,23.7556,23.7556,23.2729,23.2748,184421.79909752,0
RSPS.US,D,20180205,000000,23.2148,23.3215,22.5787,22.5906,226778.72300157,0
RSPS.US,D,20180206,000000,22.2028,22.8658,22.1504,22.8561,218036.03108518,0
RSPS.US,D,20180207,000000,22.8388,23.0791,22.7707,22.7745,196372.72368176,0
RSPS.US,D,20180208,000000,22.8481,22.86,22.4219,22.4219,393869.87617636,0
RSPS.US,D,20180209,000000,22.5516,22.6775,22.1039,22.5866,143447.20052305,0
RSPS.US,D,20180212,000000,22.6775,22.8133,22.6117,22.7145,151555.46700832,0
RSPS.US,D,20180213,000000,22.6737,22.8348,22.6389,22.7882,121644.62900058,0
RSPS.US,D,20180214,000000,22.6952,22.984,22.6914,22.951,409745.98574486,0
RSPS.US,D,20180215,000000,23.0287,23.298,22.8541,23.2847,100589.95737659,0
RSPS.US,D,20180216,000000,23.2554,23.4319,23.1876,23.4029,84058.790655644,0
RSPS.US,D,20180220,000000,23.0113,23.0113,23.0113,23.0113,170572.75615034,0
RSPS.US,D,20180221,000000,22.9704,23.0636,22.7222,22.7222,116295.85524408,0
RSPS.US,D,20180222,000000,22.6815,22.8561,22.6815,22.7067,74057.563737726,0
RSPS.US,D,20180223,000000,22.7572,22.893,22.6662,22.8755,43708.301651586,0
RSPS.US,D,20180226,000000,22.9608,23.0479,22.9006,23.0094,59630.832593108,0
RSPS.US,D,20180227,000000,23.0537,23.1274,22.7474,22.7474,98640.25971028,0
RSPS.US,D,20180228,000000,22.8501,22.8561,22.6078,22.6078,88195.450783629,0
RSPS.US,D,20180301,000000,22.5031,22.6447,22.2996,22.4664,200236.01350204,0
RSPS.US,D,20180302,000000,22.3539,22.7185,22.3539,22.701,667843.66173543,0
RSPS.US,D,20180305,000000,22.5944,22.8986,22.5944,22.8831,223487.96344838,0
RSPS.US,D,20180306,000000,22.9065,22.9433,22.7552,22.9395,68827.422378895,0
RSPS.US,D,20180307,000000,22.7379,22.7765,22.6505,22.7165,59821.676015472,0
RSPS.US,D,20180308,000000,22.7067,22.825,22.7067,22.8077,86586.176519376,0
RSPS.US,D,20180309,000000,22.9337,23.0151,22.893,22.9433,76079.47242871,0
RSPS.US,D,20180312,000000,23.0442,23.1449,22.9956,23.0133,108775.59281689,0
RSPS.US,D,20180313,000000,23.0867,23.0867,22.9783,23.0094,65185.923562986,0
RSPS.US,D,20180314,000000,23.0404,23.0772,22.7784,22.7942,81969.828870312,0
RSPS.US,D,20180315,000000,22.8038,22.8619,22.5168,22.5343,96381.086223929,0
RSPS.US,D,20180316,000000,22.5615,22.6815,22.5343,22.6332,69900.271888397,0
RSPS.US,D,20180319,000000,22.6098,22.6602,22.3947,22.4646,87421.76123351,0
RSPS.US,D,20180320,000000,22.5011,22.5168,22.3462,22.3928,77214.217102226,0
RSPS.US,D,20180321,000000,22.2474,22.259,22.0147,22.0709,223018.59178797,0
RSPS.US,D,20180322,000000,22.0127,22.1581,21.8576,21.8613,139470.43623541,0
RSPS.US,D,20180323,000000,21.9313,22.0378,21.623,21.6405,180661.66788394,0
RSPS.US,D,20180326,000000,21.7955,21.9952,21.7607,21.9913,172847.4034277,0
RSPS.US,D,20180327,000000,22.0107,22.1929,21.877,21.9622,208695.01925004,0
RSPS.US,D,20180328,000000,22.063,22.2765,22.063,22.1485,110668.55324952,0
RSPS.US,D,20180329,000000,22.2647,22.4411,22.2647,22.3947,86426.280679019,0
RSPS.US,D,20180402,000000,22.3113,22.3113,21.7237,21.7955,556855.31680517,0
RSPS.US,D,20180403,000000,21.9293,22.0864,21.7975,22.0438,177664.91035979,0
RSPS.US,D,20180404,000000,21.883,22.5031,21.883,22.4081,132373.12409562,0
RSPS.US,D,20180405,000000,22.4819,22.5069,22.3325,22.4759,63530.227925725,0
RSPS.US,D,20180406,000000,22.3502,22.5866,22.1367,22.2608,105655.04496472,0
RSPS.US,D,20180409,000000,22.3113,22.4258,22.1639,22.4258,27914.71896842,0
RSPS.US,D,20180410,000000,22.3869,22.3869,22.1833,22.2725,159426.46869824,0
RSPS.US,D,20180411,000000,22.1446,22.3325,22.1446,22.2725,108646.64455853,0
RSPS.US,D,20180412,000000,22.2685,22.3502,22.1833,22.1853,93502.961097471,0
RSPS.US,D,20180413,000000,22.257,22.2608,22.1367,22.1796,117982.49846334,0
RSPS.US,D,20180416,000000,22.2725,22.5787,22.257,22.4721,66655.933708218,0
RSPS.US,D,20180417,000000,22.5496,22.5556,22.4664,22.5439,50356.873852306,0
RSPS.US,D,20180418,000000,22.5227,22.5595,22.3928,22.4062,495986.58093186,0
RSPS.US,D,20180419,000000,22.257,22.257,21.8866,21.9641,1024762.1249979,0
RSPS.US,D,20180420,000000,21.9391,21.9818,21.5181,21.5398,411463.57654614,0
RSPS.US,D,20180423,000000,21.5434,21.6347,21.5378,21.6308,126833.50691675,0
RSPS.US,D,20180424,000000,21.6754,21.687,21.4213,21.5531,181755.14911478,0
RSPS.US,D,20180425,000000,21.5454,21.7357,21.5068,21.654,209855.55357523,0
RSPS.US,D,20180426,000000,21.7412,21.85,21.6308,21.7896,246017.80314795,0
RSPS.US,D,20180427,000000,21.6831,21.9836,21.6831,21.9293,134941.77340202,0
RSPS.US,D,20180430,000000,22.007,22.0378,21.7084,21.7317,187918.87586408,0
RSPS.US,D,20180501,000000,21.7007,21.7007,21.4465,21.5746,124429.91138103,0
RSPS.US,D,20180502,000000,21.4699,21.4699,21.0064,21.0143,186376.65469417,0
RSPS.US,D,20180503,000000,21.0762,21.121,20.9253,20.9735,158369.09297973,0
RSPS.US,D,20180504,000000,20.96,21.3728,20.96,21.2739,99264.36928072,0
RSPS.US,D,20180507,000000,21.3535,21.3615,21.2315,21.243,94178.649971244,0
RSPS.US,D,20180508,000000,21.214,21.2315,21.1364,21.1984,110555.07878216,0
RSPS.US,D,20180509,000000,21.1908,21.2665,21.1402,21.2315,122237.79098902,0
RSPS.US,D,20180510,000000,21.3089,21.4252,21.2993,21.3108,155748.86437,0
RSPS.US,D,20180511,000000,21.3845,21.4194,21.2508,21.3012,152081.57590242,0
RSPS.US,D,20180514,000000,21.305,21.338,21.2488,21.2605,95566.13323113,0
RSPS.US,D,20180515,000000,21.1809,21.2488,21.0742,21.1829,189280.56947229,0
RSPS.US,D,20180516,000000,21.214,21.3925,21.214,21.3652,118549.8708001,0
RSPS.US,D,20180517,000000,21.4407,21.4407,21.3362,21.3865,107800.74398374,0
RSPS.US,D,20180518,000000,21.2334,21.2645,21.0336,21.1519,136783.15453132,0
RSPS.US,D,20180521,000000,21.2042,21.2973,21.1732,21.2002,218139.18969187,0
RSPS.US,D,20180522,000000,21.2159,21.371,21.1479,21.1908,130010.79200259,0
RSPS.US,D,20180523,000000,21.1286,21.2778,21.1286,21.2719,127534.9854422,0
RSPS.US,D,20180524,000000,21.2315,21.2586,21.1267,21.2448,55881.017240181,0
RSPS.US,D,20180525,000000,21.2352,21.4661,21.2352,21.3342,146722.48628523,0
RSPS.US,D,20180529,000000,21.2685,21.3865,21.2042,21.2877,200282.43487505,0
RSPS.US,D,20180530,000000,21.3362,21.6269,21.2935,21.5842,182508.20694356,0
RSPS.US,D,20180531,000000,21.5493,21.5493,21.0939,21.1674,155893.28641935,0
RSPS.US,D,20180601,000000,21.208,21.2411,21.1247,21.1422,115439.63880862,0
RSPS.US,D,20180604,000000,21.1441,21.3283,21.1441,21.3187,151705.04698802,0
RSPS.US,D,20180605,000000,21.3475,21.3475,21.1712,21.2217,94751.180238336,0
RSPS.US,D,20180606,000000,21.2295,21.2295,21.0685,21.1984,122990.8488178,0
RSPS.US,D,20180607,000000,21.1053,21.4058,21.0646,21.2877,181332.19882738,0
RSPS.US,D,20180608,000000,21.3012,21.5899,21.3012,21.5899,287946.61883426,0
RSPS.US,D,20180611,000000,21.5919,21.8633,21.5919,21.813,1206176.8507107,0
RSPS.US,D,20180612,000000,21.8362,21.881,21.7237,21.881,128855.41560774,0
RSPS.US,D,20180613,000000,21.881,21.9003,21.7432,21.8034,218113.40004021,0
RSPS.US,D,20180614,000000,21.8421,21.9178,21.7859,21.9118,191529.42709798,0
RSPS.US,D,20180615,000000,21.8712,22.1717,21.8362,22.1717,831411.94849199,0
RSPS.US,D,20180618,000000,22.0729,22.0729,21.8054,21.8846,185030.43487696,0
RSPS.US,D,20180619,000000,21.8246,22.0243,21.8246,21.9913,117203.65098288,0
RSPS.US,D,20180620,000000,22.0649,22.0649,21.9118,22.0223,151127.35879059,0
RSPS.US,D,20180621,000000,22.0591,22.1544,22.007,22.0554,161721.74769694,0
RSPS.US,D,20180622,000000,22.0844,22.292,22.0844,22.286,155578.65266897,0
RSPS.US,D,20180625,000000,22.2008,22.4491,22.2008,22.412,345395.64689601,0
RSPS.US,D,20180626,000000,22.4238,22.4779,22.2163,22.323,2588115.3354878,0
RSPS.US,D,20180627,000000,22.2978,22.4431,22.1736,22.1873,345942.38751143,0
RSPS.US,D,20180628,000000,22.1466,22.3053,22.1466,22.2608,218871.61579931,0
RSPS.US,D,20180629,000000,22.2279,22.3383,22.1347,22.2355,180269.66517853,0
RSPS.US,D,20180702,000000,22.1446,22.1929,21.9391,22.0398,219872.25428415,0
RSPS.US,D,20180703,000000,22.1367,22.2261,22.0884,22.0941,105526.09670637,0
RSPS.US,D,20180705,000000,22.2104,22.4858,22.2104,22.4779,105974.83664544,0
RSPS.US,D,20180706,000000,22.4799,22.6682,22.4586,22.5886,168576.63711103,0
RSPS.US,D,20180709,000000,22.6021,22.6447,22.4916,22.5011,397552.63843494,0
RSPS.US,D,20180710,000000,22.5361,22.6312,22.4391,22.6312,176628.16636263,0
RSPS.US,D,20180711,000000,22.6177,22.6177,22.4839,22.5731,125678.13052189,0
RSPS.US,D,20180712,000000,22.6332,22.6756,22.4956,22.5556,91764.738574859,0
RSPS.US,D,20180713,000000,22.5304,22.732,22.5304,22.6894,147568.38686003,0
RSPS.US,D,20180716,000000,22.6662,22.6662,22.4839,22.5244,241891.45888063,0
RSPS.US,D,20180717,000000,22.5964,22.7379,22.5826,22.703,153443.26951062,0
RSPS.US,D,20180718,000000,22.6795,22.6795,22.3539,22.379,117141.75581888,0
RSPS.US,D,20180719,000000,22.2958,22.5459,22.257,22.4566,97392.04056942,0
RSPS.US,D,20180720,000000,22.4471,22.5478,22.4023,22.5129,82021.408173649,0
RSPS.US,D,20180723,000000,22.4779,22.5478,22.3383,22.4199,191323.10988462,0
RSPS.US,D,20180724,000000,22.3928,22.4508,22.284,22.379,130578.16433934,0
RSPS.US,D,20180725,000000,22.3734,22.5478,22.3345,22.5323,160623.10853576,0
RSPS.US,D,20180726,000000,22.6642,22.893,22.6642,22.7437,212217.88566826,0
RSPS.US,D,20180727,000000,22.7262,22.8077,22.6875,22.7125,102704.70881359,0
RSPS.US,D,20180730,000000,22.5748,22.701,22.5748,22.6485,269259.43723363,0
RSPS.US,D,20180731,000000,22.73,22.827,22.6622,22.7456,166327.77948534,0
RSPS.US,D,20180801,000000,22.73,22.73,22.5556,22.5615,309063.18562227,0
RSPS.US,D,20180802,000000,22.5304,22.8755,22.5168,22.8678,309568.66279501,0
RSPS.US,D,20180803,000000,22.949,23.3583,22.949,23.211,215261.06456541,0
RSPS.US,D,20180806,000000,23.2342,23.3,23.1799,23.1857,278094.97189603,0
RSPS.US,D,20180807,000000,23.174,23.174,22.9919,23.0498,166286.51604266,0
RSPS.US,D,20180808,000000,23.0151,23.0227,22.8678,22.8773,169788.75073955,0
RSPS.US,D,20180809,000000,22.8811,22.9199,22.7532,22.7843,94467.494069954,0
RSPS.US,D,20180810,000000,22.6952,22.7843,22.6622,22.6894,100677.64219227,0
RSPS.US,D,20180813,000000,22.73,22.7689,22.6001,22.7125,95303.078784088,0
RSPS.US,D,20180814,000000,22.7707,22.9238,22.7707,22.8986,117265.54614691,0
RSPS.US,D,20180815,000000,22.8462,23.0113,22.732,22.9996,153371.05848595,0
RSPS.US,D,20180816,000000,23.1004,23.2768,23.1004,23.2263,1204598.5240284,0
RSPS.US,D,20180817,000000,23.1933,23.4901,23.1933,23.4901,164507.03007738,0
RSPS.US,D,20180820,000000,23.5424,23.6239,23.5094,23.5482,122268.73857102,0
RSPS.US,D,20180821,000000,23.5345,23.5345,23.1682,23.2613,132228.70204627,0
RSPS.US,D,20180822,000000,23.2283,23.2283,23.1004,23.1159,157461.29724093,0
RSPS.US,D,20180823,000000,23.0151,23.0867,22.9976,23.0364,73433.454167296,0
RSPS.US,D,20180824,000000,23.0133,23.1585,23.0014,23.0925,173992.46396187,0
RSPS.US,D,20180827,000000,23.1876,23.1876,23.0034,23.0752,145706.3740094,0
RSPS.US,D,20180828,000000,23.1274,23.176,22.9996,23.0094,142441.40410789,0
RSPS.US,D,20180829,000000,23.1177,23.1177,23.0325,23.0752,51507.092316824,0
RSPS.US,D,20180830,000000,23.0054,23.0849,22.9451,22.9996,99290.158932388,0
RSPS.US,D,20180831,000000,23.0014,23.0752,22.953,23.0597,91243.787611115,0
RSPS.US,D,20180904,000000,23.0151,23.1197,22.9899,23.0267,112814.25226853,0
RSPS.US,D,20180905,000000,22.951,23.2593,22.9451,23.2593,143271.83089168,0
RSPS.US,D,20180906,000000,23.2613,23.4474,23.211,23.4184,201994.86774597,0
RSPS.US,D,20180907,000000,23.3989,23.4067,23.213,23.4067,116141.11733406,0
RSPS.US,D,20180910,000000,23.4357,23.5502,23.4067,23.4067,73154.925929248,0
RSPS.US,D,20180911,000000,23.3757,23.3873,23.2593,23.3195,130175.84577328,0
RSPS.US,D,20180912,000000,23.3135,23.5754,23.2961,23.5635,168530.21573802,0
RSPS.US,D,20180913,000000,23.4415,23.5114,23.3757,23.4977,153685.69223633,0
RSPS.US,D,20180914,000000,23.4591,23.4766,23.3485,23.4396,96087.084194879,0
RSPS.US,D,20180917,000000,23.3929,23.4824,23.3583,23.4591,84296.055451012,0
RSPS.US,D,20180918,000000,23.4164,23.4164,23.1819,23.3252,117884.497787,0
RSPS.US,D,20180919,000000,23.3116,23.4048,23.2148,23.2361,68486.998976842,0
RSPS.US,D,20180920,000000,23.2867,23.4804,23.2867,23.4667,107996.74533643,0
RSPS.US,D,20180921,000000,23.5076,23.5734,23.5076,23.5171,89020.719637095,0
RSPS.US,D,20180924,000000,23.4627,23.4804,23.1992,23.2283,107604.74263103,0
RSPS.US,D,20180925,000000,23.302,23.302,23.0692,23.0692,110947.08148757,0
RSPS.US,D,20180926,000000,23.0867,23.2186,23.0537,23.0537,188037.50826177,0
RSPS.US,D,20180927,000000,22.9238,23.0811,22.86,22.8986,119117.24313685,0
RSPS.US,D,20180928,000000,22.8115,22.9667,22.8115,22.9568,114789.7395865,0
RSPS.US,D,20181001,000000,22.9899,22.9996,22.8811,22.9026,261171.80246968,0
RSPS.US,D,20181002,000000,22.9179,23.1216,22.9179,23.0577,117152.07167954,0
RSPS.US,D,20181003,000000,23.1254,23.1373,22.8115,22.8328,151756.62629137,0
RSPS.US,D,20181004,000000,22.8408,22.8408,22.6409,22.7612,187908.56000342,0
RSPS.US,D,20181005,000000,22.7493,22.8773,22.7493,22.8501,153298.84746127,0
RSPS.US,D,20181008,000000,22.8678,23.2031,22.8678,23.1839,138738.01012796,0
RSPS.US,D,20181009,000000,23.1819,23.1819,23.0344,23.0636,225272.607344,0
RSPS.US,D,20181010,000000,23.0364,23.0791,22.7125,22.7552,216658.86368597,0
RSPS.US,D,20181011,000000,22.6775,22.703,22.0922,22.1717,423208.183917,0
RSPS.US,D,20181012,000000,22.2783,22.3578,22.1059,22.3093,280735.83222711,0
RSPS.US,D,20181015,000000,22.2493,22.6352,22.2493,22.5031,95462.974624449,0
RSPS.US,D,20181016,000000,22.5343,22.7765,22.4839,22.732,376173.01719989,0
RSPS.US,D,20181017,000000,22.6932,22.7784,22.5459,22.7049,86689.335126061,0
RSPS.US,D,20181018,000000,22.7262,22.8948,22.5925,22.6602,102132.1785465,0
RSPS.US,D,20181019,000000,22.8561,23.0905,22.8561,23.0074,136422.09940793,0
RSPS.US,D,20181022,000000,23.0462,23.0964,22.8115,22.86,169804.22453055,0
RSPS.US,D,20181023,000000,22.703,22.9899,22.5866,22.9026,195619.66585297,0
RSPS.US,D,20181024,000000,22.9085,23.2729,22.9026,22.9278,185360.54241835,0
RSPS.US,D,20181025,000000,22.8619,22.9724,22.6447,22.8462,182776.41932094,0
RSPS.US,D,20181026,000000,22.7067,22.7067,22.3053,22.3985,527321.00771179,0
RSPS.US,D,20181029,000000,22.5691,22.8425,22.4411,22.6564,928210.82707297,0
RSPS.US,D,20181030,000000,22.7399,23.1527,22.7399,23.1527,261063.48593267,0
RSPS.US,D,20181031,000000,23.1799,23.1876,22.7882,23.0074,2388255.8509,0
RSPS.US,D,20181101,000000,23.0267,23.3583,22.9936,23.2961,1856308.1796785,0
RSPS.US,D,20181102,000000,23.2961,23.2961,22.9278,23.0617,296204.46529923,0
RSPS.US,D,20181105,000000,23.0829,23.3252,23.0498,23.2941,250494.88667799,0
RSPS.US,D,20181106,000000,23.2418,23.4514,23.2167,23.4104,218046.34694585,0
RSPS.US,D,20181107,000000,23.5056,23.5056,23.1953,23.4396,580664.32322763,0
RSPS.US,D,20181108,000000,23.335,23.4396,23.3135,23.3816,303152.19745933,0
RSPS.US,D,20181109,000000,23.4396,23.618,23.4223,23.5695,218773.61512297,0
RSPS.US,D,20181112,000000,23.4996,23.6839,23.4573,23.4939,293486.23601314,0
RSPS.US,D,20181113,000000,23.5211,23.5754,23.271,23.3718,443303.48049886,0
RSPS.US,D,20181114,000000,23.4144,23.4144,23.1004,23.209,420361.00637256,0
RSPS.US,D,20181115,000000,23.1469,23.209,22.9976,23.1992,697558.49839041,0
RSPS.US,D,20181116,000000,23.1876,23.4144,23.1274,23.2847,193314.0709936,0
RSPS.US,D,20181119,000000,23.2961,23.4279,23.1565,23.2283,374842.27117367,0
RSPS.US,D,20181120,000000,23.1429,23.2807,22.8871,22.9298,257303.35471907,0
RSPS.US,D,20181121,000000,22.9919,23.0074,22.7456,22.7862,1362477.6136264,0
RSPS.US,D,20181123,000000,22.7399,22.9956,22.7399,22.8986,64809.394648597,0
RSPS.US,D,20181126,000000,22.951,23.0306,22.8095,22.8811,275294.21572458,0
RSPS.US,D,20181127,000000,22.8678,23.0732,22.8425,23.0597,349558.09667567,0
RSPS.US,D,20181128,000000,23.0849,23.1565,22.9936,23.1197,2058442.3115435,0
RSPS.US,D,20181129,000000,23.0925,23.2613,23.0905,23.1819,1968235.2679297,0
RSPS.US,D,20181130,000000,23.1429,23.2768,23.1177,23.2398,235217.09702824,0
RSPS.US,D,20181203,000000,23.267,23.3485,23.1429,23.3485,990116.30694345,0
RSPS.US,D,20181204,000000,23.3873,23.4319,22.8811,22.9162,316397.76255742,0
RSPS.US,D,20181206,000000,22.8773,22.8793,22.4219,22.8481,461696.66007043,0
RSPS.US,D,20181207,000000,22.8481,22.9162,22.4702,22.542,371654.67022717,0
RSPS.US,D,20181210,000000,22.5846,22.6039,22.1619,22.5149,266355.5224555,0
RSPS.US,D,20181211,000000,22.6312,22.8851,22.6177,22.7417,248431.71454434,0
RSPS.US,D,20181212,000000,22.86,22.9704,22.7804,22.7804,424188.19068049,0
RSPS.US,D,20181213,000000,22.7978,22.893,22.7631,22.86,363391.66583186,0
RSPS.US,D,20181214,000000,22.6952,22.7165,22.414,22.4646,214636.95499498,0
RSPS.US,D,20181217,000000,22.414,22.4238,21.7859,21.8712,346788.28808624,0
RSPS.US,D,20181218,000000,21.9273,21.9972,21.5551,21.6851,351580.00536666,0
RSPS.US,D,20181219,000000,21.7645,21.9799,21.4371,21.5201,568857.82069276,0
RSPS.US,D,20181220,000000,21.4078,21.4078,20.9056,21.0919,420851.00975429,0
RSPS.US,D,20181221,000000,21.1112,21.5181,20.8067,20.8629,590345.75846483,0
RSPS.US,D,20181224,000000,20.8047,20.8047,20.2213,20.2311,246394.33206235,0
RSPS.US,D,20181226,000000,20.2407,20.7719,20.0448,20.7719,411850.42132121,0
RSPS.US,D,20181227,000000,20.6904,20.9213,20.293,20.9213,520574.43483474,0
RSPS.US,D,20181228,000000,21.0414,21.1712,20.8338,20.9233,479517.30937491,0
RSPS.US,D,20181231,000000,20.9697,20.9988,20.7836,20.9988,509417.83152201,0
RSPS.US,D,20190102,000000,20.737,20.9561,20.6751,20.8979,364949.36079279,0
RSPS.US,D,20190103,000000,20.8047,21.0143,20.7699,20.8165,312374.57689679,0
RSPS.US,D,20190104,000000,20.8941,21.2685,20.8941,21.2315,264127.29655115,0
RSPS.US,D,20190107,000000,21.2199,21.4504,21.0821,21.3012,3527508.5555251,0
RSPS.US,D,20190108,000000,21.4602,21.5899,21.3615,21.5454,262487.07470489,0
RSPS.US,D,20190109,000000,21.4834,21.5378,21.3283,21.3806,231833.49472903,0
RSPS.US,D,20190110,000000,21.3456,21.5706,21.2973,21.5706,159859.73484631,0
RSPS.US,D,20190111,000000,21.5746,21.619,21.5048,21.6076,114098.57692173,0
RSPS.US,D,20190114,000000,21.5201,21.5746,21.4622,21.4911,172156.24076293,0
RSPS.US,D,20190115,000000,21.5145,21.718,21.5028,21.7026,150152.50995743,0
RSPS.US,D,20190116,000000,21.6967,21.6967,21.5551,21.6037,104360.40445085,0
RSPS.US,D,20190117,000000,21.5726,21.7472,21.5726,21.7412,168334.21438532,0
RSPS.US,D,20190118,000000,21.8613,22.0669,21.8613,22.005,113830.36454435,0
RSPS.US,D,20190122,000000,21.9508,21.9508,21.6501,21.7782,323520.86434889,0
RSPS.US,D,20190123,000000,21.8923,21.9585,21.7587,21.9118,227279.04224398,0
RSPS.US,D,20190124,000000,21.7217,21.7217,21.4252,21.5321,296204.46529923,0
RSPS.US,D,20190125,000000,21.6037,21.7277,21.5068,21.5162,174766.153512,0
RSPS.US,D,20190128,000000,21.4174,21.654,21.4117,21.654,159184.04597254,0
RSPS.US,D,20190129,000000,21.6695,21.7084,21.5862,21.6715,95308.236714422,0
RSPS.US,D,20190130,000000,21.718,21.879,21.6715,21.7955,209355.23433281,0
RSPS.US,D,20190131,000000,21.7704,22.2124,21.7704,22.1813,195470.08587329,0
RSPS.US,D,20190201,000000,22.2124,22.2124,22.0167,22.0787,133048.8129694,0
RSPS.US,D,20190204,000000,22.0438,22.1949,22.0438,22.1813,192009.11461907,0
RSPS.US,D,20190205,000000,22.2045,22.2647,22.1891,22.2144,151890.73248005,0
RSPS.US,D,20190206,000000,22.1776,22.1911,22.0979,22.1599,360771.43722211,0
RSPS.US,D,20190207,000000,22.0205,22.1347,21.9528,22.0787,444701.27961941,0
RSPS.US,D,20190208,000000,22.1446,22.4005,22.1446,22.4005,222379.00842654,0
RSPS.US,D,20190211,000000,22.412,22.4799,22.3635,22.4702,162933.86132546,0
RSPS.US,D,20190212,000000,22.6021,22.8077,22.5459,22.7242,258763.04900363,0
RSPS.US,D,20190213,000000,22.7651,22.7942,22.7106,22.7765,101642.17516476,0
RSPS.US,D,20190214,000000,22.6039,22.767,22.5478,22.6682,140522.65402358,0
RSPS.US,D,20190215,000000,22.8057,22.9105,22.8057,22.8811,96613.193088963,0
RSPS.US,D,20190219,000000,22.9337,23.0306,22.8231,22.9648,169995.06795292,0
RSPS.US,D,20190220,000000,22.9318,23.1043,22.9318,23.0014,425838.72838742,0
RSPS.US,D,20190221,000000,22.9919,23.1082,22.9085,23.0597,476020.23260836,0
RSPS.US,D,20190222,000000,22.7049,22.8193,22.6001,22.8193,138129.37434854,0
RSPS.US,D,20190225,000000,22.8948,22.8948,22.6098,22.6447,1031508.697875,0
RSPS.US,D,20190226,000000,22.7262,22.8289,22.6875,22.6932,176251.63744824,0
RSPS.US,D,20190227,000000,22.6602,22.7689,22.6352,22.7689,91310.840705454,0
RSPS.US,D,20190228,000000,22.86,22.9685,22.8211,22.8736,771038.37393077,0
RSPS.US,D,20190301,000000,22.9763,22.9763,22.7572,22.8773,474813.27691017,0
RSPS.US,D,20190304,000000,22.9415,22.9859,22.6389,22.8115,369508.97120817,0
RSPS.US,D,20190305,000000,22.8095,22.8793,22.767,22.7998,153087.37231757,0
RSPS.US,D,20190306,000000,22.8095,22.8231,22.6352,22.7067,111674.34966467,0
RSPS.US,D,20190307,000000,22.6525,22.6875,22.5381,22.5731,158951.93910749,0
RSPS.US,D,20190308,000000,22.5925,22.6196,22.4839,22.5731,88938.192751745,0
RSPS.US,D,20190311,000000,22.6001,22.7784,22.5595,22.7765,37462.048016931,0
RSPS.US,D,20190312,000000,22.7978,22.8231,22.7145,22.7145,51610.250923509,0
RSPS.US,D,20190313,000000,22.767,22.9105,22.7552,22.8581,102818.18328094,0
RSPS.US,D,20190314,000000,22.8831,22.891,22.827,22.8481,70715.224881196,0
RSPS.US,D,20190315,000000,22.9046,23.0325,22.8986,22.9337,61678.530935766,0
RSPS.US,D,20190318,000000,22.953,23.0692,22.953,23.0344,68543.736210518,0
RSPS.US,D,20190319,000000,23.0364,23.0905,22.9006,22.9395,149590.29555102,0
RSPS.US,D,20190320,000000,22.9451,22.9685,22.7882,22.8173,95287.604993082,0
RSPS.US,D,20190321,000000,22.7978,23.298,22.7978,23.2613,140847.60363463,0
RSPS.US,D,20190322,000000,23.207,23.4048,23.207,23.2768,430181.70572878,0
RSPS.US,D,20190325,000000,23.2283,23.4144,23.211,23.3757,174760.99558167,0
RSPS.US,D,20190326,000000,23.4396,23.622,23.426,23.5502,121087.57252451,0
RSPS.US,D,20190327,000000,23.5599,23.6005,23.3718,23.4608,464946.15618094,0
RSPS.US,D,20190328,000000,23.5327,23.6782,23.5327,23.6645,114273.94655309,0
RSPS.US,D,20190329,000000,23.6703,23.8099,23.649,23.7946,84935.638812448,0
RSPS.US,D,20190401,000000,23.8216,23.8216,23.6333,23.6917,210691.13828936,0
RSPS.US,D,20190402,000000,23.655,23.655,23.4861,23.4939,58686.931341961,0
RSPS.US,D,20190403,000000,23.4553,23.4706,23.3427,23.3776,68285.83969381,0
RSPS.US,D,20190404,000000,23.3969,23.5269,23.3969,23.4881,55870.701379513,0
RSPS.US,D,20190405,000000,23.4958,23.5948,23.4958,23.591,108491.90664851,0
RSPS.US,D,20190408,000000,23.5754,23.6839,23.5754,23.6839,72324.499145448,0
RSPS.US,D,20190409,000000,23.6353,23.6839,23.591,23.6412,55994.491707534,0
RSPS.US,D,20190410,000000,23.651,23.8059,23.6314,23.779,50821.08758238,0
RSPS.US,D,20190411,000000,23.8508,23.8683,23.7711,23.8468,52352.99289162,0
RSPS.US,D,20190412,000000,23.8528,23.9031,23.8369,23.8583,45240.206960829,0
RSPS.US,D,20190415,000000,23.9126,23.9902,23.9126,23.9843,58181.454169212,0
RSPS.US,D,20190416,000000,24.0329,24.0639,23.8603,23.9186,56737.23367565,0
RSPS.US,D,20190417,000000,24.029,24.029,23.9048,23.9825,178722.2860783,0
RSPS.US,D,20190418,000000,24.0562,24.1086,23.9902,24.0425,76688.108208143,0
RSPS.US,D,20190422,000000,24.0484,24.1688,24.0369,24.095,63891.283049118,0
RSPS.US,D,20190423,000000,24.1007,24.1222,24.0349,24.0719,87426.919163844,0
RSPS.US,D,20190424,000000,24.0852,24.1801,24.06,24.1162,73608.823798654,0
RSPS.US,D,20190425,000000,24.0309,24.06,23.9765,24.0135,83408.891433541,0
RSPS.US,D,20190426,000000,24.0406,24.2248,24.0406,24.2248,36435.619880435,0
RSPS.US,D,20190429,000000,24.221,24.2325,24.1919,24.219,80443.081491404,0
RSPS.US,D,20190430,000000,24.2365,24.4828,24.219,24.4729,70441.854573486,0
RSPS.US,D,20190501,000000,24.4924,24.4924,24.1298,24.1337,352033.90323607,0
RSPS.US,D,20190502,000000,24.0969,24.0969,23.9457,24.0852,76997.584028194,0
RSPS.US,D,20190503,000000,24.1919,24.3761,24.1801,24.2888,155356.8616646,0
RSPS.US,D,20190506,000000,24.0773,24.3722,24.0773,24.3315,82810.57151478,0
RSPS.US,D,20190507,000000,24.2462,24.2462,24.0369,24.1726,104953.56643929,0
RSPS.US,D,20190508,000000,24.1162,24.2655,24.0349,24.1123,42336.292182703,0
RSPS.US,D,20190509,000000,24.0194,24.1491,23.9224,24.1123,221151.42100701,0
RSPS.US,D,20190510,000000,24.0445,24.3083,23.8796,24.2809,324547.29248538,0
RSPS.US,D,20190513,000000,24.0349,24.0852,23.9397,24.06,250665.09837902,0
RSPS.US,D,20190514,000000,24.1202,24.3432,24.1202,24.1958,177149.11732638,0
RSPS.US,D,20190515,000000,24.1668,24.4515,24.1668,24.4187,106227.57523181,0
RSPS.US,D,20190516,000000,24.4769,24.6668,24.4769,24.5233,87622.920516541,0
RSPS.US,D,20190517,000000,24.3973,24.624,24.3973,24.504,58294.92863656,0
RSPS.US,D,20190520,000000,24.4421,24.5563,24.3916,24.3936,45848.842740259,0
RSPS.US,D,20190521,000000,24.4459,24.4634,24.3722,24.4091,237068.79401819,0
RSPS.US,D,20190522,000000,24.3102,24.4421,24.3102,24.4304,78648.121735121,0
RSPS.US,D,20190523,000000,24.2829,24.3896,24.2462,24.3837,83955.632048959,0
RSPS.US,D,20190524,000000,24.4244,24.4244,24.2228,24.2695,60554.102122921,0
RSPS.US,D,20190528,000000,24.2868,24.3354,23.8293,23.8448,172011.81871356,0
RSPS.US,D,20190529,000000,23.7342,23.7342,23.4204,23.5289,224359.65367485,0
RSPS.US,D,20190530,000000,23.6025,23.682,23.4841,23.5502,333238.40509843,0
RSPS.US,D,20190531,000000,23.4841,23.4841,23.2593,23.3233,304054.83526781,0
RSPS.US,D,20190603,000000,23.3388,23.709,23.3388,23.6877,402560.9887894,0
RSPS.US,D,20190604,000000,23.8564,24.0233,23.8528,24.0233,342723.83898292,0
RSPS.US,D,20190605,000000,24.1744,24.3973,24.1688,24.3973,1139128.914297,0
RSPS.US,D,20190606,000000,24.3216,24.601,24.3216,24.5602,1095399.980924,0
RSPS.US,D,20190607,000000,24.6688,24.8551,24.6688,24.7347,149296.29352197,0
RSPS.US,D,20190610,000000,24.8336,24.8356,24.6415,24.7136,106810.42135958,0
RSPS.US,D,20190611,000000,24.7813,24.8356,24.7327,24.7946,69095.634756275,0
RSPS.US,D,20190612,000000,24.8413,24.9382,24.7715,24.7754,201314.02094188,0
RSPS.US,D,20190613,000000,24.8551,24.9208,24.7347,24.8241,122469.89785405,0
RSPS.US,D,20190614,000000,24.8356,24.8841,24.7833,24.7833,83295.416966188,0
RSPS.US,D,20190617,000000,24.8161,24.8161,24.593,24.6379,58480.614128595,0
RSPS.US,D,20190618,000000,24.7619,24.7619,24.4554,24.4942,76187.788965728,0
RSPS.US,D,20190619,000000,24.4865,24.626,24.3374,24.593,79442.443006575,0
RSPS.US,D,20190620,000000,24.6648,24.7464,24.599,24.7464,76450.84341277,0
RSPS.US,D,20190621,000000,24.6785,24.7347,24.5893,24.595,108321.69494748,0
RSPS.US,D,20190624,000000,24.628,24.7037,24.6048,24.6048,52657.310781337,0
RSPS.US,D,20190625,000000,24.6147,24.6765,24.5757,24.634,158668.25293912,0
RSPS.US,D,20190626,000000,24.4729,24.4729,24.2809,24.3004,88396.610066665,0
RSPS.US,D,20190627,000000,24.2578,24.3354,24.1801,24.2848,271255.55627295,0
RSPS.US,D,20190628,000000,24.3664,24.4534,24.3354,24.4012,142425.93031688,0
RSPS.US,D,20190701,000000,24.508,24.5699,24.2636,24.38,334538.20354262,0
RSPS.US,D,20190702,000000,24.415,24.5543,24.3857,24.5543,127741.30265556,0
RSPS.US,D,20190703,000000,24.632,24.9847,24.632,24.9519,83512.050040221,0
RSPS.US,D,20190705,000000,24.9268,24.9268,24.6455,24.8551,69415.426436993,0
RSPS.US,D,20190708,000000,24.8433,24.9053,24.7946,24.8531,112262.35372277,0
RSPS.US,D,20190709,000000,24.8046,24.8276,24.6379,24.7232,146737.96007623,0
RSPS.US,D,20190710,000000,24.7966,24.8782,24.7966,24.859,98862.050714651,0
RSPS.US,D,20190711,000000,24.8625,24.8995,24.6785,24.789,47251.799791148,0
RSPS.US,D,20190712,000000,24.857,24.8975,24.8221,24.8511,55813.964145837,0
RSPS.US,D,20190715,000000,24.8664,24.9268,24.8394,24.8898,133528.50049047,0
RSPS.US,D,20190716,000000,24.8841,24.948,24.8413,24.9093,108816.85625956,0
RSPS.US,D,20190717,000000,24.8723,24.9499,24.8664,24.9248,57975.136955847,0
RSPS.US,D,20190718,000000,24.9791,25.1632,24.8743,25.1087,59599.885011101,0
RSPS.US,D,20190719,000000,25.0954,25.2136,24.9712,24.9712,122996.00674815,0
RSPS.US,D,20190722,000000,25.0138,25.0508,24.7946,24.8221,208627.9661557,0
RSPS.US,D,20190723,000000,24.948,24.9982,24.8644,24.9519,111782.6662017,0
RSPS.US,D,20190724,000000,24.9344,24.9344,24.8161,24.8743,47406.537701172,0
RSPS.US,D,20190725,000000,24.7636,24.9732,24.7503,24.8995,81371.508951551,0
RSPS.US,D,20190726,000000,24.9847,25.1573,24.9053,25.1438,138918.53768967,0
RSPS.US,D,20190729,000000,25.1497,25.2096,25.0819,25.1672,38060.367935693,0
RSPS.US,D,20190730,000000,25.1923,25.2426,25.1206,25.1825,76703.581999144,0
RSPS.US,D,20190731,000000,25.1264,25.1264,24.622,24.7636,158307.19781573,0
RSPS.US,D,20190801,000000,24.8066,25.1324,24.789,24.7929,545389.23767231,0
RSPS.US,D,20190802,000000,24.8296,24.8861,24.7192,24.7599,410174.0939626,0
RSPS.US,D,20190805,000000,24.63,24.63,24.1047,24.1202,150704.40850319,0
RSPS.US,D,20190806,000000,24.2094,24.3413,24.1067,24.2753,973296.29612376,0
RSPS.US,D,20190807,000000,24.1549,24.622,23.9301,24.5699,883290.41179282,0
RSPS.US,D,20190808,000000,24.4654,24.8723,24.3936,24.857,247095.81058779,0
RSPS.US,D,20190809,000000,24.8241,24.8743,24.6087,24.7212,119230.71760421,0
RSPS.US,D,20190812,000000,24.6727,24.6727,24.5447,24.5876,94580.968537307,0
RSPS.US,D,20190813,000000,24.5699,24.9093,24.5699,24.7735,81443.719976229,0
RSPS.US,D,20190814,000000,24.5856,24.6534,24.314,24.3605,237280.2691619,0
RSPS.US,D,20190815,000000,24.504,24.6958,24.3761,24.6185,258675.36418795,0
RSPS.US,D,20190816,000000,24.7249,24.9578,24.7249,24.8861,91331.472426794,0
RSPS.US,D,20190819,000000,25.0974,25.2525,25.074,25.2002,60946.104828317,0
RSPS.US,D,20190820,000000,25.1825,25.1825,24.8743,24.8898,174962.1548647,0
RSPS.US,D,20190821,000000,24.9887,24.9887,24.913,24.9732,46540.005405035,0
RSPS.US,D,20190822,000000,25.0177,25.1477,24.9635,25.1324,52507.730801648,0
RSPS.US,D,20190823,000000,25.0759,25.0994,24.601,24.6939,107563.47918836,0
RSPS.US,D,20190826,000000,24.8394,24.9616,24.7813,24.9616,73479.8755403,0
RSPS.US,D,20190827,000000,25.0042,25.0042,24.6864,24.7542,54539.955353299,0
RSPS.US,D,20190828,000000,24.8356,25.0138,24.8356,25.0062,68713.947911542,0
RSPS.US,D,20190829,000000,25.1613,25.1613,24.9539,25.072,196331.46023908,0
RSPS.US,D,20190830,000000,25.1728,25.3047,25.0895,25.1147,209669.8680832,0
RSPS.US,D,20190903,000000,25.0934,25.2912,24.9635,25.2833,617749.84233015,0
RSPS.US,D,20190904,000000,25.3589,25.4442,25.266,25.4406,115032.1623122,0
RSPS.US,D,20190905,000000,25.5744,25.5744,25.3163,25.3281,109327.49136264,0
RSPS.US,D,20190906,000000,25.4132,25.4755,25.3842,25.4442,43569.037532564,0
RSPS.US,D,20190909,000000,25.512,25.512,25.4056,25.4928,48670.230633038,0
RSPS.US,D,20190910,000000,25.3569,25.4425,25.2912,25.4406,442364.73717803,0
RSPS.US,D,20190911,000000,25.4287,25.547,25.2719,25.547,52832.680412694,0
RSPS.US,D,20190912,000000,25.6634,25.7622,25.5605,25.5605,113799.41696235,0
RSPS.US,D,20190913,000000,25.481,25.6402,25.4696,25.4889,89918.199515234,0
RSPS.US,D,20190916,000000,25.3979,25.4773,25.3494,25.4366,300795.02329663,0
RSPS.US,D,20190917,000000,25.4172,25.5878,25.4172,25.4773,53477.421704469,0
RSPS.US,D,20190918,000000,25.512,25.5295,25.2737,25.4462,91630.632386172,0
RSPS.US,D,20190919,000000,25.4716,25.4889,25.3899,25.4386,464358.15212285,0
RSPS.US,D,20190920,000000,25.516,25.5452,25.3842,25.3842,69064.687174268,0
RSPS.US,D,20190923,000000,25.3979,25.4869,25.3842,25.4036,23824.480213438,0
RSPS.US,D,20190924,000000,25.4948,25.578,25.3669,25.4637,45322.733846175,0
RSPS.US,D,20190925,000000,25.5625,25.6072,25.4462,25.518,226206.19273448,0
RSPS.US,D,20190926,000000,25.578,25.7176,25.578,25.6362,113541.52044564,0
RSPS.US,D,20190927,000000,25.7681,25.7681,25.5024,25.6227,209056.07437343,0
RSPS.US,D,20190930,000000,25.6497,25.8281,25.6497,25.7486,287518.51061651,0
RSPS.US,D,20191001,000000,25.7524,25.8029,25.5645,25.6188,384688.76018156,0
RSPS.US,D,20191002,000000,25.4676,25.4696,25.1245,25.1497,144973.94790196,0
RSPS.US,D,20191003,000000,25.1438,25.299,24.9887,25.2446,182384.41661554,0
RSPS.US,D,20191004,000000,25.27,25.5897,25.27,25.578,123785.17008926,0
RSPS.US,D,20191007,000000,25.5414,25.6112,25.4231,25.4579,96948.458560682,0
RSPS.US,D,20191008,000000,25.3649,25.3649,25.1593,25.1593,122918.63779313,0
RSPS.US,D,20191009,000000,25.2485,25.3513,25.2293,25.3065,157915.19511033,0
RSPS.US,D,20191010,000000,25.2446,25.4132,25.1844,25.3569,73773.877569344,0
RSPS.US,D,20191011,000000,25.4366,25.547,25.3649,25.3999,117023.1234212,0
RSPS.US,D,20191014,000000,25.5044,25.5044,25.299,25.3241,52058.990862576,0
RSPS.US,D,20191015,000000,25.3124,25.3124,25.2193,25.2253,43161.561036166,0
RSPS.US,D,20191016,000000,25.27,25.27,25.1844,25.2076,33072.649302569,0
RSPS.US,D,20191017,000000,25.2873,25.3959,25.2426,25.3513,61327.791673045,0
RSPS.US,D,20191018,000000,25.3378,25.4036,25.3084,25.3084,26155.864724475,0
RSPS.US,D,20191021,000000,25.3919,25.516,25.3919,25.4948,127318.35236816,0
RSPS.US,D,20191022,000000,25.5625,25.5625,25.3979,25.4346,47716.013521221,0
RSPS.US,D,20191023,000000,25.4211,25.5219,25.4036,25.5219,41877.236382963,0
RSPS.US,D,20191024,000000,25.5024,25.5295,25.3782,25.514,130624.58571235,0
RSPS.US,D,20191025,000000,25.4618,25.4618,25.3802,25.3959,65371.609055017,0
RSPS.US,D,20191028,000000,25.4736,25.4736,25.3281,25.3414,55865.54344918,0
RSPS.US,D,20191029,000000,25.3241,25.514,25.2833,25.4112,102477.7598789,0
RSPS.US,D,20191030,000000,25.3727,25.4967,25.3299,25.4637,45358.839358514,0
RSPS.US,D,20191031,000000,25.4928,25.5685,25.3261,25.4462,45157.680075483,0
RSPS.US,D,20191101,000000,25.5645,25.5838,25.4618,25.4849,658641.91401928,0
RSPS.US,D,20191104,000000,25.5685,25.5685,25.3899,25.4287,53322.683794442,0
RSPS.US,D,20191105,000000,25.5705,25.677,25.5528,25.578,81046.559340494,0
RSPS.US,D,20191106,000000,25.7021,25.8959,25.7021,25.7719,68404.472091497,0
RSPS.US,D,20191107,000000,25.8128,25.8128,25.6615,25.6866,43687.66993025,0
RSPS.US,D,20191108,000000,25.7001,25.7041,25.6207,25.6885,66176.246187143,0
RSPS.US,D,20191111,000000,25.6945,25.6982,25.6112,25.6422,26594.288802877,0
RSPS.US,D,20191112,000000,25.6575,25.745,25.6575,25.745,54096.373344565,0
RSPS.US,D,20191113,000000,25.7914,25.9348,25.7914,25.9175,57737.872160474,0
RSPS.US,D,20191114,000000,26.0512,26.0685,25.8069,25.8496,59336.830564059,0
RSPS.US,D,20191115,000000,25.9136,25.9136,25.8261,25.8786,34166.130533409,0
RSPS.US,D,20191118,000000,25.923,26.0918,25.923,26.0202,52383.940473627,0
RSPS.US,D,20191119,000000,26.0918,26.0918,25.9715,26.0357,71205.228262943,0
RSPS.US,D,20191120,000000,26.0357,26.1751,26.0182,26.1093,136829.57590433,0
RSPS.US,D,20191121,000000,26.0743,26.0743,25.8979,25.9037,39463.324986581,0
RSPS.US,D,20191122,000000,25.9484,25.9659,25.8321,25.8882,31643.90260001,0
RSPS.US,D,20191125,000000,25.9077,25.9523,25.8864,25.9407,100120.58571618,0
RSPS.US,D,20191126,000000,25.9484,26.1209,25.9407,26.1209,46849.481225084,0
RSPS.US,D,20191127,000000,26.1618,26.2353,26.1618,26.2003,164873.2431311,0
RSPS.US,D,20191129,000000,26.2121,26.2121,26.1229,26.1421,27899.245177416,0
RSPS.US,D,20191202,000000,26.1229,26.2333,26.0202,26.2102,138237.69088555,0
RSPS.US,D,20191203,000000,26.1441,26.1481,26.0046,26.1481,383466.33069237,0
RSPS.US,D,20191204,000000,26.1713,26.3576,26.1713,26.3285,111571.191058,0
RSPS.US,D,20191205,000000,26.3827,26.3827,26.1404,26.2588,53167.945884419,0
RSPS.US,D,20191206,000000,26.3438,26.4467,26.3342,26.3652,44770.835300422,0
RSPS.US,D,20191209,000000,26.3827,26.4816,26.3807,26.4564,46344.004052337,0
RSPS.US,D,20191210,000000,26.3847,26.4447,26.338,26.3632,54993.853222704,0
RSPS.US,D,20191211,000000,26.338,26.3866,26.2915,26.3285,41258.284742865,0
RSPS.US,D,20191212,000000,26.2839,26.4737,26.2449,26.2721,177535.96210144,0
RSPS.US,D,20191213,000000,26.2333,26.3226,26.1771,26.2896,34274.447070427,0
RSPS.US,D,20191216,000000,26.311,26.4604,26.311,26.3983,49603.816023521,0
RSPS.US,D,20191217,000000,26.3964,26.4332,26.2819,26.3924,70787.435905873,0
RSPS.US,D,20191218,000000,26.3964,26.4757,26.3576,26.4019,199152.84813186,0
RSPS.US,D,20191219,000000,26.4698,26.7434,26.4698,26.6754,152329.15655845,0
RSPS.US,D,20191220,000000,26.6736,27.007,26.6736,26.9489,89469.459576167,0
RSPS.US,D,20191223,000000,27.0631,27.0631,26.7956,26.7996,31055.898541917,0
RSPS.US,D,20191224,000000,26.8189,26.8519,26.8054,26.8072,59084.091977685,0
RSPS.US,D,20191226,000000,26.8462,26.8886,26.7744,26.8304,57675.976996464,0
RSPS.US,D,20191227,000000,26.9004,26.9489,26.8674,26.9332,77054.321261865,0
RSPS.US,D,20191230,000000,26.9332,26.9392,26.8287,26.8383,36812.148794828,0
RSPS.US,D,20191231,000000,26.8287,26.9312,26.7956,26.914,58836.51132165,0
RSPS.US,D,20200102,000000,26.9742,26.9742,26.5725,26.6347,230533.69628484,0
RSPS.US,D,20200103,000000,26.5435,26.8092,26.5435,26.7279,152525.15791115,0
RSPS.US,D,20200106,000000,26.629,26.8054,26.629,26.7801,48706.336145379,0
RSPS.US,D,20200107,000000,26.7027,26.7027,26.5553,26.5553,77724.852205304,0
RSPS.US,D,20200108,000000,26.6386,26.718,26.5088,26.598,69198.793362956,0
RSPS.US,D,20200109,000000,26.6579,26.7084,26.6113,26.7084,42542.609396068,0
RSPS.US,D,20200110,000000,26.7744,26.7956,26.683,26.7141,282995.00571348,0
RSPS.US,D,20200113,000000,26.7666,26.8713,26.7666,26.8674,299304.38143005,0
RSPS.US,D,20200114,000000,26.8925,26.9236,26.8209,26.9236,170830.65266705,0
RSPS.US,D,20200115,000000,26.914,27.1796,26.914,27.0651,184648.74803224,0
RSPS.US,D,20200116,000000,27.0864,27.2204,27.0864,27.1911,136107.46565754,0
RSPS.US,D,20200117,000000,27.2318,27.257,27.2046,27.2204,39287.95535522,0
RSPS.US,D,20200121,000000,27.1834,27.3229,27.1097,27.3054,444629.06859473,0
RSPS.US,D,20200122,000000,27.3502,27.3752,27.2007,27.2532,157069.29453553,0
RSPS.US,D,20200123,000000,27.1776,27.3229,27.1329,27.2843,88659.664513702,0
RSPS.US,D,20200124,000000,27.2901,27.3134,26.9762,27.0612,71819.0219727,0
RSPS.US,D,20200127,000000,26.7763,27.003,26.7763,26.9275,123506.64185121,0
RSPS.US,D,20200128,000000,26.914,27.0205,26.914,26.9489,148986.81770192,0
RSPS.US,D,20200129,000000,26.9293,26.9742,26.8189,26.8189,67780.362521062,0
RSPS.US,D,20200130,000000,26.7996,27.0651,26.7801,27.0651,132656.810264,0
RSPS.US,D,20200131,000000,27.038,27.1408,26.685,26.7531,294832.45583035,0
RSPS.US,D,20200203,000000,26.7996,26.9332,26.7626,26.8149,130531.74296633,0
RSPS.US,D,20200204,000000,27.0516,27.1156,26.9256,26.9332,78606.858292446,0
RSPS.US,D,20200205,000000,27.1251,27.2707,27.1251,27.2493,61033.789643996,0
RSPS.US,D,20200206,000000,27.2901,27.2901,27.2086,27.2086,52806.890761026,0
RSPS.US,D,20200207,000000,27.2046,27.3154,27.1058,27.2803,63690.123766086,0
RSPS.US,D,20200210,000000,27.2707,27.4277,27.2707,27.4083,37142.256336214,0
RSPS.US,D,20200211,000000,27.4102,27.4702,27.4102,27.4201,52631.521129663,0
RSPS.US,D,20200212,000000,27.4722,27.5052,27.3637,27.3985,67434.781188675,0
RSPS.US,D,20200213,000000,27.2727,27.4937,27.2727,27.4374,86369.543445338,0
RSPS.US,D,20200214,000000,27.4354,27.4973,27.4024,27.4879,38117.105169368,0
RSPS.US,D,20200218,000000,27.3947,27.4004,27.2882,27.3579,50738.560697033,0
RSPS.US,D,20200219,000000,27.3831,27.4102,27.3015,27.3015,48242.122415304,0
RSPS.US,D,20200220,000000,27.2007,27.2996,27.0806,27.2959,54225.321602919,0
RSPS.US,D,20200221,000000,27.2298,27.3035,27.2239,27.2512,45482.629686534,0
RSPS.US,D,20200224,000000,26.8828,26.9489,26.6618,26.718,102013.54614882,0
RSPS.US,D,20200225,000000,26.7279,26.7819,26.1015,26.183,113556.99423665,0
RSPS.US,D,20200226,000000,26.2548,26.4447,25.9194,25.9194,92120.635767919,0
RSPS.US,D,20200227,000000,25.6148,25.7991,25.039,25.07,232880.55458687,0
RSPS.US,D,20200228,000000,24.4769,24.5272,23.7926,24.3567,479053.09564484,0
RSPS.US,D,20200302,000000,24.4924,25.6207,24.4924,25.6207,139805.70170713,0
RSPS.US,D,20200303,000000,25.7312,26.0085,25.1593,25.3163,70106.589101767,0
RSPS.US,D,20200304,000000,25.7001,26.4387,25.7001,26.4387,81680.984771601,0
RSPS.US,D,20200305,000000,25.9659,26.3419,25.8766,26.0512,107228.21371664,0
RSPS.US,D,20200306,000000,25.4327,25.8959,25.2485,25.8651,73598.507937987,0
RSPS.US,D,20200309,000000,24.6495,25.1573,24.3432,24.6515,288560.41254402,0
RSPS.US,D,20200310,000000,25.1225,25.2175,24.2131,25.169,440739.98912278,0
RSPS.US,D,20200311,000000,24.593,24.661,23.7556,24.0699,157260.1379579,0
RSPS.US,D,20200312,000000,22.7631,22.8986,21.8266,21.8266,304446.83797321,0
RSPS.US,D,20200313,000000,23.0168,23.4553,21.9681,23.4124,224751.65638025,0
RSPS.US,D,20200316,000000,20.9193,23.0577,20.7274,22.1194,225308.71285633,0
RSPS.US,D,20200317,000000,22.672,23.9747,22.4005,23.8428,253507.11799314,0
RSPS.US,D,20200318,000000,22.8658,23.8236,22.2028,22.9471,762254.41857171,0
RSPS.US,D,20200319,000000,22.949,22.949,22.288,22.5031,159735.9445183,0
RSPS.US,D,20200320,000000,22.6467,22.6467,21.2061,21.3438,193061.33240723,0
RSPS.US,D,20200323,000000,21.2488,21.3885,20.2174,20.4966,302069.03208916,0
RSPS.US,D,20200324,000000,21.3362,21.6308,21.0994,21.5804,781086.02222162,0
RSPS.US,D,20200325,000000,21.6367,22.1639,21.3342,21.4931,773276.91569574,0
RSPS.US,D,20200326,000000,21.8073,22.8462,21.8073,22.8462,2273032.8451655,0
RSPS.US,D,20200327,000000,22.3502,23.1177,22.3364,22.5925,352064.85081808,0
RSPS.US,D,20200330,000000,22.8018,23.3619,22.8018,23.3079,117580.17989728,0
RSPS.US,D,20200331,000000,23.3816,23.4279,22.9395,22.9724,125925.71117793,0
RSPS.US,D,20200401,000000,22.259,22.7399,22.259,22.5031,196058.08993137,0
RSPS.US,D,20200402,000000,22.2415,23.0168,22.2415,22.9568,213868.42337519,0
RSPS.US,D,20200403,000000,22.8696,23.3252,22.8696,23.2517,220496.36385458,0
RSPS.US,D,20200406,000000,23.9437,24.0792,23.5036,23.9747,110503.49947882,0
RSPS.US,D,20200407,000000,24.4071,24.5661,23.9533,23.9533,104969.04023029,0
RSPS.US,D,20200408,000000,24.1377,24.38,23.7906,24.2151,135282.19680408,0
RSPS.US,D,20200409,000000,24.4614,24.9362,24.3702,24.6107,229765.16466504,0
RSPS.US,D,20200413,000000,24.5856,24.6107,24.1086,24.3413,136973.99795368,0
RSPS.US,D,20200414,000000,24.7289,25.3047,24.7249,25.27,132852.81161671,0
RSPS.US,D,20200415,000000,24.7405,25.0082,24.6515,24.8276,160133.10515402,0
RSPS.US,D,20200416,000000,25.0197,25.2002,24.6901,25.1245,145391.74025902,0
RSPS.US,D,20200417,000000,25.3999,25.4849,25.0819,25.4386,146562.59044487,0
RSPS.US,D,20200420,000000,25.3104,25.5414,25.1304,25.1398,96860.773745003,0
RSPS.US,D,20200421,000000,24.7873,24.9362,24.4942,24.626,562415.56570535,0
RSPS.US,D,20200422,000000,24.8181,24.9208,24.6554,24.8433,111860.03515672,0
RSPS.US,D,20200423,000000,24.7754,24.8471,24.599,24.6048,81123.92829551,0
RSPS.US,D,20200424,000000,24.7582,24.9228,24.628,24.8491,107532.53160636,0
RSPS.US,D,20200427,000000,25.1031,25.1031,24.8413,24.9732,220155.94045252,0
RSPS.US,D,20200428,000000,25.388,25.388,25.1418,25.202,57939.031443505,0
RSPS.US,D,20200429,000000,25.3727,25.4056,25.0974,25.2233,71525.019943661,0
RSPS.US,D,20200430,000000,25.0624,25.0624,24.7367,24.8491,83207.732150504,0
RSPS.US,D,20200501,000000,24.5563,24.7424,24.3179,24.3916,88659.664513702,0
RSPS.US,D,20200504,000000,24.2478,24.4828,24.1222,24.4168,59811.360154805,0
RSPS.US,D,20200505,000000,24.5253,24.6845,24.4439,24.4459,109152.12173128,0
RSPS.US,D,20200506,000000,24.5428,24.5428,24.2848,24.2868,83553.313482896,0
RSPS.US,D,20200507,000000,24.5622,24.5622,24.2035,24.2306,86813.125454076,0
RSPS.US,D,20200508,000000,24.4554,24.8763,24.4554,24.8356,144066.15216315,0
RSPS.US,D,20200511,000000,24.8394,24.9867,24.7542,24.7542,64572.129853224,0
RSPS.US,D,20200512,000000,24.8743,24.948,24.5351,24.5351,67280.043278652,0
RSPS.US,D,20200513,000000,24.4769,24.5331,23.9982,24.1569,201695.7077866,0
RSPS.US,D,20200514,000000,24.0349,24.1337,23.7731,24.0349,103627.97834341,0
RSPS.US,D,20200515,000000,24.0349,24.2965,24.0349,24.2035,63308.436921353,0
RSPS.US,D,20200518,000000,24.5331,24.7503,24.4942,24.6668,109482.22927267,0
RSPS.US,D,20200519,000000,24.7116,24.7116,24.2558,24.2558,65402.556637019,0
RSPS.US,D,20200520,000000,24.5272,24.5272,24.347,24.5021,90423.676687982,0
RSPS.US,D,20200521,000000,24.3394,24.3857,24.1067,24.1609,97613.831573787,0
RSPS.US,D,20200522,000000,24.2498,24.3374,24.1298,24.3315,36244.776458072,0
RSPS.US,D,20200526,000000,24.6107,24.7542,24.541,24.5602,79978.867761331,0
RSPS.US,D,20200527,000000,24.7676,25.1903,24.7636,25.1844,55282.69732142,0
RSPS.US,D,20200528,000000,25.3143,25.3414,25.1923,25.2253,41490.391607902,0
RSPS.US,D,20200529,000000,25.0257,25.3454,24.9791,25.3378,57412.922549422,0
RSPS.US,D,20200601,000000,25.3802,25.6422,25.3802,25.5414,1202282.6133084,0
RSPS.US,D,20200602,000000,25.6905,25.6905,25.4773,25.6148,100481.64083958,0
RSPS.US,D,20200603,000000,25.7681,25.8186,25.6033,25.6634,200009.06456733,0
RSPS.US,D,20200604,000000,25.27,25.7564,25.27,25.6207,59362.620215733,0
RSPS.US,D,20200605,000000,25.9427,26.1073,25.8398,26.0221,65851.296576096,0
RSPS.US,D,20200608,000000,26.1015,26.59,26.1015,26.5861,54503.849840962,0
RSPS.US,D,20200609,000000,26.468,26.468,26.024,26.2258,59563.779498764,0
RSPS.US,D,20200610,000000,26.2277,26.2277,25.9755,25.9775,81944.039218643,0
RSPS.US,D,20200611,000000,25.5508,25.5508,24.8201,24.8276,65154.975980979,0
RSPS.US,D,20200612,000000,25.2465,25.2465,24.7562,24.946,120427.35744174,0
RSPS.US,D,20200615,000000,24.632,25.1923,24.4904,25.1825,110534.44706084,0
RSPS.US,D,20200616,000000,25.7817,25.8148,25.4425,25.7293,92610.639149661,0
RSPS.US,D,20200617,000000,25.7411,25.8261,25.6323,25.6615,32520.750756816,0
RSPS.US,D,20200618,000000,25.4462,25.7739,25.4462,25.7564,65505.715243704,0
RSPS.US,D,20200619,000000,26.059,26.0667,25.6052,25.6072,55406.48764944,0
RSPS.US,D,20200622,000000,25.6461,25.6461,25.4598,25.5548,70127.220823107,0
RSPS.US,D,20200623,000000,25.7158,25.7798,25.481,25.4967,74784.831914841,0
RSPS.US,D,20200624,000000,25.2833,25.2833,24.8511,24.9829,122598.84611241,0
RSPS.US,D,20200625,000000,25.0177,25.1438,24.9053,25.1225,336926.32528734,0
RSPS.US,D,20200626,000000,25.1535,25.1535,24.5486,24.5817,139950.12375649,0
RSPS.US,D,20200629,000000,24.8123,25.1497,24.7754,25.1031,35383.402092269,0
RSPS.US,D,20200630,000000,25.2446,25.3414,25.0974,25.3047,114052.15554872,0
RSPS.US,D,20200701,000000,25.3782,25.4676,25.264,25.264,265850.04528276,0
RSPS.US,D,20200702,000000,25.5006,25.5995,25.3764,25.3764,221342.26442937,0
RSPS.US,D,20200706,000000,25.6188,25.6285,25.4019,25.4889,59935.15048282,0
RSPS.US,D,20200707,000000,25.3609,25.6846,25.3609,25.5452,74516.619537466,0
RSPS.US,D,20200708,000000,25.518,25.518,25.3318,25.4676,66119.508953467,0
RSPS.US,D,20200709,000000,25.3746,25.3746,25.043,25.1457,83011.730797806,0
RSPS.US,D,20200710,000000,25.2136,25.6905,25.2136,25.6905,40876.597898138,0
RSPS.US,D,20200713,000000,25.7506,25.8535,25.5528,25.5625,43213.140339509,0
RSPS.US,D,20200714,000000,25.6442,26.0705,25.6442,26.0685,48706.336145379,0
RSPS.US,D,20200715,000000,26.2218,26.3497,26.1306,26.1579,59517.358125756,0
RSPS.US,D,20200716,000000,26.1248,26.338,26.1248,26.2277,30307.998643465,0
RSPS.US,D,20200717,000000,26.3399,26.3709,26.307,26.3419,23711.005746087,0
RSPS.US,D,20200720,000000,26.2528,26.2528,25.9465,25.9814,26697.44740956,0
RSPS.US,D,20200721,000000,26.1481,26.5068,26.1481,26.2568,84626.162992398,0
RSPS.US,D,20200722,000000,26.2003,26.4174,26.2003,26.4174,17026.328033029,0
RSPS.US,D,20200723,000000,26.4796,26.6949,26.4796,26.588,22632.99830625,0
RSPS.US,D,20200724,000000,26.7394,26.7839,26.4254,26.4835,43058.402429484,0
RSPS.US,D,20200727,000000,26.4991,26.6541,26.4718,26.6443,90831.153184379,0
RSPS.US,D,20200728,000000,26.6677,26.7956,26.6677,26.6754,33562.652684314,0
RSPS.US,D,20200729,000000,26.7316,26.8129,26.6638,26.7491,112484.14472715,0
RSPS.US,D,20200730,000000,26.6075,26.7066,26.5396,26.6541,35197.71660024,0
RSPS.US,D,20200731,000000,26.5843,26.6386,26.3983,26.6386,44750.203579085,0
RSPS.US,D,20200803,000000,26.7027,26.7027,26.5124,26.6443,39499.43049892,0
RSPS.US,D,20200804,000000,26.5805,26.9507,26.5805,26.9507,44518.096714049,0
RSPS.US,D,20200805,000000,27.0419,27.0631,26.8576,26.9293,44476.833271376,0
RSPS.US,D,20200806,000000,26.8693,26.9722,26.8635,26.9622,25052.067632966,0
RSPS.US,D,20200807,000000,26.8945,27.1388,26.8945,27.1233,109781.38923204,0
RSPS.US,D,20200810,000000,27.1448,27.3521,27.1448,27.3307,431368.02970562,0
RSPS.US,D,20200811,000000,27.4295,27.4295,27.0419,27.0749,119669.14168261,0
RSPS.US,D,20200812,000000,27.2318,27.5305,27.2318,27.4529,32453.697662472,0
RSPS.US,D,20200813,000000,27.3637,27.4761,27.3502,27.3909,39855.327691977,0
RSPS.US,D,20200814,000000,27.4973,27.4973,27.3657,27.4314,29405.360834989,0
RSPS.US,D,20200817,000000,27.4509,27.606,27.4509,27.5227,25671.019273064,0
RSPS.US,D,20200818,000000,27.5595,27.7069,27.4277,27.6119,42016.500501986,0
RSPS.US,D,20200819,000000,27.5673,27.6215,27.4489,27.4664,31891.48325605,0
RSPS.US,D,20200820,000000,27.2648,27.3947,27.2648,27.3074,36879.201889172,0
RSPS.US,D,20200821,000000,27.3464,27.3772,27.2007,27.3346,82903.414260792,0
RSPS.US,D,20200824,000000,27.3929,27.5926,27.3929,27.5926,47989.383828931,0
RSPS.US,D,20200825,000000,27.7921,27.7921,27.5188,27.5848,128324.14878332,0
RSPS.US,D,20200826,000000,27.5691,27.6119,27.3831,27.5887,32097.800469415,0
RSPS.US,D,20200827,000000,27.5887,27.8096,27.5887,27.6663,70436.696643153,0
RSPS.US,D,20200828,000000,27.7921,27.7921,27.542,27.7786,16314.533646917,0
RSPS.US,D,20200831,000000,27.3384,27.798,27.3384,27.7593,55927.438613185,0
RSPS.US,D,20200901,000000,27.7844,27.7844,27.3965,27.5323,70931.857955228,0
RSPS.US,D,20200902,000000,27.5983,28.1742,27.5983,28.0926,102147.65233751,0
RSPS.US,D,20200903,000000,27.9105,28.399,27.2996,27.5208,1137767.2206888,0
RSPS.US,D,20200904,000000,27.6447,27.7921,27.2493,27.5538,217417.07944508,0
RSPS.US,D,20200908,000000,27.4509,27.4509,26.8595,26.945,66036.982068122,0
RSPS.US,D,20200909,000000,27.2882,27.482,27.2416,27.3094,46215.055793983,0
RSPS.US,D,20200910,000000,27.2803,27.3211,26.9177,26.9177,32959.174835219,0
RSPS.US,D,20200911,000000,26.9934,27.1078,26.8364,26.9992,164414.18733137,0
RSPS.US,D,20200914,000000,27.0516,27.2687,27.0516,27.1951,68579.84172286,0
RSPS.US,D,20200915,000000,27.2589,27.2648,27.0612,27.1097,74274.196811759,0
RSPS.US,D,20200916,000000,27.2239,27.2764,26.9797,26.9855,54385.217443276,0
RSPS.US,D,20200917,000000,26.9004,26.9527,26.7316,26.8383,35966.248220028,0
RSPS.US,D,20200918,000000,26.8752,26.8752,26.4835,26.5455,148811.44807055,0
RSPS.US,D,20200921,000000,26.2974,26.2974,26.0743,26.2393,50728.244836365,0
RSPS.US,D,20200922,000000,26.3304,26.503,26.3304,26.3652,74310.3023241,0
RSPS.US,D,20200923,000000,26.4254,26.4427,25.9037,25.9156,85724.802153573,0
RSPS.US,D,20200924,000000,25.8301,26.276,25.7506,26.1384,78385.06728808,0
RSPS.US,D,20200925,000000,26.0647,26.3769,25.991,26.3438,132600.07303033,0
RSPS.US,D,20200928,000000,26.6677,26.7781,26.5708,26.6502,96932.984769681,0
RSPS.US,D,20200929,000000,26.5861,26.7007,26.4447,26.4835,56948.708819349,0
RSPS.US,D,20200930,000000,26.6211,26.9197,26.598,26.8267,48035.805201939,0
RSPS.US,D,20201001,000000,26.8886,26.91,26.6483,26.8556,59403.883658408,0
RSPS.US,D,20201002,000000,26.561,26.9489,26.561,26.8674,51176.984775433,0
RSPS.US,D,20201005,000000,26.8965,27.0671,26.8635,27.0572,38127.421030037,0
RSPS.US,D,20201006,000000,27.1058,27.2357,26.8462,26.8906,46555.479196037,0
RSPS.US,D,20201007,000000,27.0301,27.2862,27.0301,27.2223,114562.79065181,0
RSPS.US,D,20201008,000000,27.3192,27.4004,27.2939,27.4004,23391.21406537,0
RSPS.US,D,20201009,000000,27.5227,27.6195,27.4645,27.511,42031.974292988,0
RSPS.US,D,20201012,000000,27.6215,27.9105,27.6215,27.7941,70730.698672197,0
RSPS.US,D,20201013,000000,27.7379,27.8601,27.6951,27.8039,75945.366240022,0
RSPS.US,D,20201014,000000,27.7455,27.8581,27.5749,27.6525,34124.867090736,0
RSPS.US,D,20201015,000000,27.4161,27.7689,27.4161,27.7263,384410.23194353,0
RSPS.US,D,20201016,000000,27.7766,27.8794,27.6506,27.6506,33139.702396913,0
RSPS.US,D,20201019,000000,27.6585,27.7049,27.2744,27.2744,29838.626983058,0
RSPS.US,D,20201020,000000,27.511,27.511,27.2164,27.2397,150714.72436386,0
RSPS.US,D,20201021,000000,27.1738,27.3597,27.1738,27.2532,28219.036858134,0
RSPS.US,D,20201022,000000,27.2007,27.2939,27.0864,27.2628,99125.105161693,0
RSPS.US,D,20201023,000000,27.3597,27.3929,27.2475,27.3307,99187.000325703,0
RSPS.US,D,20201026,000000,27.0942,27.1368,26.7686,26.8886,46978.429483437,0
RSPS.US,D,20201027,000000,26.9293,26.9411,26.687,26.687,42465.240441057,0
RSPS.US,D,20201028,000000,26.311,26.311,25.9194,25.9194,68239.418320801,0
RSPS.US,D,20201029,000000,25.8591,26.1364,25.6555,25.9562,63623.070671737,0
RSPS.US,D,20201030,000000,25.7701,25.8941,25.6188,25.8148,83604.892786238,0
RSPS.US,D,20201102,000000,26.2121,26.4913,26.1771,26.4079,224504.07572421,0
RSPS.US,D,20201103,000000,26.8287,27.0651,26.7219,26.9217,37121.624614877,0
RSPS.US,D,20201104,000000,26.9875,27.2318,26.8189,26.8189,21003.092320659,0
RSPS.US,D,20201105,000000,27.1213,27.2687,27.0341,27.0533,74465.040234123,0
RSPS.US,D,20201106,000000,27.2512,27.2512,27.0167,27.1641,115264.26917725,0
RSPS.US,D,20201109,000000,27.922,28.0578,27.2066,27.2066,87447.550885179,0
RSPS.US,D,20201110,000000,27.2204,27.8,27.2204,27.7514,87612.604655874,0
RSPS.US,D,20201111,000000,27.9047,28.0403,27.6896,27.9357,56283.335806244,0
RSPS.US,D,20201112,000000,27.8969,27.8988,27.5788,27.8,362396.18527738,0
RSPS.US,D,20201113,000000,27.893,28.2827,27.893,28.2692,41645.129517927,0
RSPS.US,D,20201116,000000,28.4145,28.6434,28.3369,28.6434,51290.459242786,0
RSPS.US,D,20201117,000000,28.3679,28.5307,28.3137,28.3912,66722.986802566,0
RSPS.US,D,20201118,000000,28.4901,28.5288,28.013,28.0287,86885.336478759,0
RSPS.US,D,20201119,000000,27.9452,28.0307,27.8153,28.0248,45627.05173589,0
RSPS.US,D,20201120,000000,28.0036,28.0036,27.7689,27.8039,57619.239762787,0
RSPS.US,D,20201123,000000,27.8369,27.9511,27.7554,27.8562,88515.242464347,0
RSPS.US,D,20201124,000000,27.9842,28.2206,27.9842,28.1411,69245.214735959,0
RSPS.US,D,20201125,000000,28.1178,28.2264,28.0986,28.1063,66532.143380202,0
RSPS.US,D,20201127,000000,28.1488,28.1488,28.0558,28.1316,35089.400063222,0
RSPS.US,D,20201130,000000,28.1236,28.1316,27.924,28.1198,61724.952308774,0
RSPS.US,D,20201201,000000,28.2982,28.4087,28.2381,28.3892,25990.810953782,0
RSPS.US,D,20201202,000000,28.331,28.3428,28.046,28.0867,81428.246185227,0
RSPS.US,D,20201203,000000,28.1316,28.3621,28.1316,28.3117,41789.551567282,0
RSPS.US,D,20201204,000000,28.4338,28.5521,28.3834,28.5521,46225.371654652,0
RSPS.US,D,20201207,000000,28.5036,28.556,28.3815,28.4358,36353.092995089,0
RSPS.US,D,20201208,000000,28.3022,28.6492,28.3022,28.6181,27125.555627295,0
RSPS.US,D,20201209,000000,28.6919,28.6919,28.4378,28.5115,28734.829891549,0
RSPS.US,D,20201210,000000,28.3951,28.4262,28.3409,28.3912,37926.261747004,0
RSPS.US,D,20201211,000000,28.209,28.4495,28.209,28.3872,32004.9577234,0
RSPS.US,D,20201214,000000,28.5193,28.6241,28.2692,28.3041,48283.385857977,0
RSPS.US,D,20201215,000000,28.3699,28.4125,28.2749,28.2903,34413.711189448,0
RSPS.US,D,20201216,000000,28.3117,28.4455,28.2324,28.3428,50145.398708605,0
RSPS.US,D,20201217,000000,28.4029,28.5598,28.4029,28.5521,58563.141013935,0
RSPS.US,D,20201218,000000,28.5018,28.5405,28.3778,28.5346,41799.867427951,0
RSPS.US,D,20201221,000000,28.2341,28.2769,27.9937,28.2573,48319.491370317,0
RSPS.US,D,20201222,000000,28.2264,28.2264,28.046,28.0636,63891.283049118,0
RSPS.US,D,20201223,000000,28.3002,28.3739,28.2304,28.3389,45652.841387562,0
RSPS.US,D,20201224,000000,28.3137,28.3679,28.18,28.3679,33908.234016702,0
RSPS.US,D,20201228,000000,28.4628,28.5657,28.4087,28.494,50279.504897294,0
RSPS.US,D,20201229,000000,28.6103,28.6181,28.3854,28.4145,54648.271890323,0
RSPS.US,D,20201230,000000,28.4609,28.4609,28.3544,28.3759,64840.3422306,0
RSPS.US,D,20201231,000000,28.4009,28.5988,28.2632,28.5813,45482.629686534,0
RSPS.US,D,20210104,000000,28.6181,28.6181,28.0655,28.3467,95287.604993082,0
RSPS.US,D,20210105,000000,28.3739,28.3951,28.2439,28.3428,37209.309430558,0
RSPS.US,D,20210106,000000,28.3254,28.6859,28.3254,28.5036,57253.026709066,0
RSPS.US,D,20210107,000000,28.5657,28.6684,28.4029,28.4495,40004.907671667,0
RSPS.US,D,20210108,000000,28.457,28.5213,28.331,28.5213,94844.022984348,0
RSPS.US,D,20210111,000000,28.397,28.4648,28.2439,28.2809,869322.73644797,0
RSPS.US,D,20210112,000000,28.3349,28.3349,28.0848,28.1391,36079.722687379,0
RSPS.US,D,20210113,000000,28.1024,28.3254,28.1024,28.2439,202103.18428299,0
RSPS.US,D,20210114,000000,28.3349,28.3349,28.1548,28.2284,305751.79434774,0
RSPS.US,D,20210115,000000,28.1216,28.3292,28.1006,28.2479,75965.997961362,0
RSPS.US,D,20210119,000000,28.3349,28.3349,28.1256,28.1488,58810.721669976,0
RSPS.US,D,20210120,000000,28.1006,28.2226,27.9725,28.2148,73995.668573716,0
RSPS.US,D,20210121,000000,28.1373,28.1643,28.0753,28.1411,54060.267832224,0
RSPS.US,D,20210122,000000,28.0578,28.2419,28.0383,28.1836,120215.88229804,0
RSPS.US,D,20210125,000000,28.0906,28.7596,28.0906,28.4863,103927.13830279,0
RSPS.US,D,20210126,000000,28.5465,28.9127,28.4204,28.8955,94369.493393608,0
RSPS.US,D,20210127,000000,28.6956,29.3102,28.6956,28.8235,93735.067962505,0
RSPS.US,D,20210128,000000,28.7694,29.0913,28.5134,28.5134,41578.076423583,0
RSPS.US,D,20210129,000000,28.3815,28.4748,27.9375,27.9375,105531.25463671,0
RSPS.US,D,20210201,000000,28.0075,28.0578,27.7901,27.9047,121381.57455356,0
RSPS.US,D,20210202,000000,27.8717,28.2245,27.8717,28.0441,96148.979358889,0
RSPS.US,D,20210203,000000,27.9762,28.1469,27.8424,28.1178,76925.373003511,0
RSPS.US,D,20210204,000000,28.0075,28.2692,28.0075,28.2226,101843.3344478,0
RSPS.US,D,20210205,000000,28.3621,28.5484,28.3621,28.459,54931.958058699,0
RSPS.US,D,20210208,000000,28.6143,28.6143,28.4262,28.589,94178.649971244,0
RSPS.US,D,20210209,000000,28.6024,28.6549,28.5578,28.6123,30622.632393848,0
RSPS.US,D,20210210,000000,28.7461,28.7713,28.6083,28.6956,60260.100093872,0
RSPS.US,D,20210211,000000,28.6083,28.6083,28.3506,28.4358,83223.205941505,0
RSPS.US,D,20210212,000000,28.3872,28.525,28.3679,28.525,46106.739256966,0
RSPS.US,D,20210216,000000,28.5307,28.5307,28.2789,28.3544,39602.589105604,0
RSPS.US,D,20210217,000000,28.2361,28.5095,28.2361,28.5095,88422.399718329,0
RSPS.US,D,20210218,000000,28.2769,28.7284,28.2769,28.6569,113402.25632662,0
RSPS.US,D,20210219,000000,28.6143,28.6143,28.2672,28.2672,49892.660122232,0
RSPS.US,D,20210222,000000,28.2186,28.397,28.1818,28.3679,183746.11022376,0
RSPS.US,D,20210223,000000,28.3932,28.5134,28.3041,28.4609,60786.208987955,0
RSPS.US,D,20210224,000000,28.4087,28.5095,28.4009,28.4901,47576.749402199,0
RSPS.US,D,20210225,000000,28.4397,28.6161,28.1548,28.1548,162583.12206274,0
RSPS.US,D,20210226,000000,28.2284,28.2284,27.7669,27.7669,61291.686160704,0
RSPS.US,D,20210301,000000,27.9725,28.1895,27.9609,27.9627,78771.912063137,0
RSPS.US,D,20210302,000000,27.9725,28.1781,27.959,27.9802,108677.59214054,0
RSPS.US,D,20210303,000000,27.9125,28.1335,27.9105,27.9705,72185.235026427,0
RSPS.US,D,20210304,000000,28.0094,28.3078,27.7436,27.8193,421588.59379208,0
RSPS.US,D,20210305,000000,27.9452,28.554,27.9452,28.4863,52873.94385537,0
RSPS.US,D,20210308,000000,28.5288,28.903,28.5288,28.6354,27146.187348632,0
RSPS.US,D,20210309,000000,28.808,28.845,28.6024,28.6024,42480.714232059,0
RSPS.US,D,20210310,000000,28.5968,29.0736,28.5346,28.9981,105510.62291537,0
RSPS.US,D,20210311,000000,29.0176,29.0933,28.9108,28.9187,51316.248894459,0
RSPS.US,D,20210312,000000,28.9961,29.2056,28.9961,29.1958,93043.905297732,0
RSPS.US,D,20210315,000000,29.1764,29.3508,29.1764,29.3508,47571.591471866,0
RSPS.US,D,20210316,000000,29.3607,29.4381,29.3587,29.3703,63808.756163768,0
RSPS.US,D,20210317,000000,29.2327,29.4112,29.2327,29.345,21250.672976697,0
RSPS.US,D,20210318,000000,29.2947,29.3159,29.1511,29.2422,39783.116667298,0
RSPS.US,D,20210319,000000,29.2967,29.442,29.2967,29.3237,25820.599252755,0
RSPS.US,D,20210322,000000,29.2132,29.5873,29.2132,29.5873,72943.450785549,0
RSPS.US,D,20210323,000000,29.4923,29.6709,29.4923,29.5564,149837.87620706,0
RSPS.US,D,20210324,000000,29.4595,29.479,29.3394,29.3432,55839.753797511,0
RSPS.US,D,20210325,000000,29.3159,29.7174,29.3159,29.6902,44301.463640014,0
RSPS.US,D,20210326,000000,29.6766,30.1458,29.6729,30.14,53766.265803175,0
RSPS.US,D,20210329,000000,30.1246,30.489,30.1246,30.4618,44868.83597677,0
RSPS.US,D,20210330,000000,30.4618,30.491,30.1671,30.2097,103880.71692978,0
RSPS.US,D,20210331,000000,30.2312,30.2622,29.9674,29.981,37962.367259343,0
RSPS.US,D,20210401,000000,29.7386,30.0024,29.6183,29.9053,162340.69933704,0
RSPS.US,D,20210405,000000,29.9927,30.363,29.9927,30.2682,49629.60567519,0
RSPS.US,D,20210406,000000,30.2137,30.5006,30.2137,30.365,91764.738574859,0
RSPS.US,D,20210407,000000,30.365,30.3843,30.2176,30.2562,55210.486296737,0
RSPS.US,D,20210408,000000,30.1767,30.2312,30.1633,30.2312,76863.477839501,0
RSPS.US,D,20210409,000000,30.2505,30.2505,29.9287,30.0973,44404.622246697,0
RSPS.US,D,20210412,000000,30.173,30.3512,30.173,30.3184,638035.98233434,0
RSPS.US,D,20210413,000000,30.2582,30.3377,30.2058,30.2447,42898.506589124,0
RSPS.US,D,20210414,000000,30.2467,30.2467,30.0701,30.1613,33732.864385341,0
RSPS.US,D,20210415,000000,30.2525,30.4598,30.2525,30.456,79313.494748226,0
RSPS.US,D,20210416,000000,30.5122,30.6964,30.5122,30.6616,47561.275611197,0
RSPS.US,D,20210419,000000,30.6712,30.7042,30.549,30.5781,35012.031108209,0
RSPS.US,D,20210420,000000,30.3689,30.838,30.3689,30.7779,72437.973612801,0
RSPS.US,D,20210421,000000,30.894,31.0183,30.894,30.9836,45167.995936151,0
RSPS.US,D,20210422,000000,30.9079,30.9232,30.7158,30.7506,23705.847815754,0
RSPS.US,D,20210423,000000,30.6867,30.6867,30.5297,30.5956,46344.004052337,0
RSPS.US,D,20210426,000000,30.5686,30.5686,30.3047,30.3047,69203.951293289,0
RSPS.US,D,20210427,000000,30.3902,30.3902,30.2196,30.2854,32825.06864653,0
RSPS.US,D,20210428,000000,30.4093,30.4093,30.2525,30.2602,297065.83966503,0
RSPS.US,D,20210429,000000,30.363,30.7274,30.363,30.7003,37441.416295595,0
RSPS.US,D,20210430,000000,30.6692,30.6692,30.5608,30.6169,96030.346961203,0
RSPS.US,D,20210503,000000,30.6674,31.0203,30.6674,30.9,60069.256671513,0
RSPS.US,D,20210504,000000,30.8283,30.8418,30.6964,30.7895,31984.326002063,0
RSPS.US,D,20210505,000000,30.776,30.865,30.6867,30.8553,24809.644907261,0
RSPS.US,D,20210506,000000,30.9525,31.3247,30.9525,31.2993,35615.508957305,0
RSPS.US,D,20210507,000000,31.1635,31.2624,31.1036,31.218,31122.951636261,0
RSPS.US,D,20210510,000000,31.2955,31.6522,31.2955,31.5283,24066.902939144,0
RSPS.US,D,20210511,000000,31.4507,31.5086,31.0745,31.1812,41572.918493248,0
RSPS.US,D,20210512,000000,31.0938,31.1655,30.7565,30.7875,63519.912065057,0
RSPS.US,D,20210513,000000,30.7585,31.3227,30.7585,31.2045,57381.974967415,0
RSPS.US,D,20210514,000000,31.3188,31.4563,31.2624,31.2682,29931.469729072,0
RSPS.US,D,20210517,000000,31.3052,31.3691,31.1792,31.22,48788.863030725,0
RSPS.US,D,20210518,000000,31.2722,31.2722,31.0823,31.0843,71715.86336602,0
RSPS.US,D,20210519,000000,30.9097,30.9525,30.7333,30.9446,29297.044297972,0
RSPS.US,D,20210520,000000,30.9698,31.3826,30.9698,31.247,21400.252956387,0
RSPS.US,D,20210521,000000,31.3459,31.3595,31.2801,31.2993,26687.131548891,0
RSPS.US,D,20210524,000000,31.3032,31.534,31.3032,31.3826,30493.684135494,0
RSPS.US,D,20210525,000000,31.2529,31.3769,31.2529,31.3518,25536.913084376,0
RSPS.US,D,20210526,000000,31.4078,31.4078,31.2295,31.2392,27125.555627295,0
RSPS.US,D,20210527,000000,31.4021,31.4021,31.1095,31.1095,29467.255998998,0
RSPS.US,D,20210528,000000,31.1695,31.3188,31.1695,31.2607,15860.635777511,0
RSPS.US,D,20210601,000000,31.3341,31.3671,31.1655,31.22,32618.751433164,0
RSPS.US,D,20210602,000000,31.2432,31.5086,31.2432,31.4718,18073.387890861,0
RSPS.US,D,20210603,000000,31.4913,31.6001,31.4061,31.6001,35115.189714893,0
RSPS.US,D,20210604,000000,31.6735,31.7046,31.6075,31.6812,17784.543792149,0
RSPS.US,D,20210607,000000,31.5029,31.5981,31.468,31.5981,13493.145754136,0
RSPS.US,D,20210608,000000,31.5592,31.5592,31.3826,31.4176,47628.32870554,0
RSPS.US,D,20210609,000000,31.1615,31.2955,31.0513,31.057,60832.630360964,0
RSPS.US,D,20210610,000000,31.0957,31.247,31.0957,31.187,37394.994922587,0
RSPS.US,D,20210611,000000,31.2742,31.2742,31.0803,31.2275,24701.328370244,0
RSPS.US,D,20210614,000000,31.2005,31.2005,31.0047,31.1675,21962.46736281,0
RSPS.US,D,20210615,000000,31.2083,31.2083,31.0086,31.0086,18764.550555637,0
RSPS.US,D,20210616,000000,31.0106,31.0106,30.6636,30.6983,50831.403443047,0
RSPS.US,D,20210617,000000,30.6149,30.6751,30.5529,30.6477,46540.005405035,0
RSPS.US,D,20210618,000000,30.5918,30.5918,30.1227,30.1227,27780.612779731,0
RSPS.US,D,20210621,000000,30.2467,30.4388,30.2467,30.4388,34522.027726465,0
RSPS.US,D,20210622,000000,30.5395,30.5395,30.4055,30.458,27899.245177416,0
RSPS.US,D,20210623,000000,30.3377,30.3744,30.2387,30.2387,28456.301653505,0
RSPS.US,D,20210624,000000,30.1865,30.396,30.171,30.3492,28987.568477922,0
RSPS.US,D,20210625,000000,30.3689,30.6424,30.3689,30.6424,13606.620221488,0
RSPS.US,D,20210628,000000,30.6674,30.7042,30.6014,30.6404,35837.299961674,0
RSPS.US,D,20210629,000000,30.6926,30.6926,30.493,30.5355,44383.990525361,0
RSPS.US,D,20210630,000000,30.5548,30.7215,30.5548,30.7042,29988.206962748,0
RSPS.US,D,20210701,000000,30.7254,30.7254,30.5433,30.5588,89753.145744544,0
RSPS.US,D,20210702,000000,30.5899,30.6596,30.5704,30.5704,14008.938787551,0
RSPS.US,D,20210706,000000,30.3047,30.4638,30.2912,30.4173,25108.804866642,0
RSPS.US,D,20210707,000000,30.3552,30.6616,30.3552,30.5704,19801.294552801,0
RSPS.US,D,20210708,000000,30.4638,30.4753,30.3377,30.4193,22024.36252682,0
RSPS.US,D,20210709,000000,30.6285,30.6441,30.5588,30.6054,52523.204592649,0
RSPS.US,D,20210712,000000,30.6285,30.6285,30.4173,30.4791,37425.942504591,0
RSPS.US,D,20210713,000000,30.4715,30.5433,30.2795,30.2795,24252.588431173,0
RSPS.US,D,20210714,000000,30.3669,30.4618,30.3669,30.4308,17165.592152051,0
RSPS.US,D,20210715,000000,30.3512,30.6074,30.3027,30.5974,23205.52857334,0
RSPS.US,D,20210716,000000,30.7081,30.7081,30.6477,30.6477,8928.3774084137,0
RSPS.US,D,20210719,000000,30.6404,30.6441,30.3281,30.5859,36972.044635187,0
RSPS.US,D,20210720,000000,30.6054,30.7972,30.6054,30.6247,328570.47814602,0
RSPS.US,D,20210721,000000,30.6926,30.7101,30.4193,30.4368,245548.43148754,0
RSPS.US,D,20210722,000000,30.3027,30.3319,30.1187,30.2682,42511.661814065,0
RSPS.US,D,20210723,000000,30.2699,30.6384,30.2699,30.6111,29291.886367638,0
RSPS.US,D,20210726,000000,30.5548,30.7101,30.5548,30.6712,58413.561034251,0
RSPS.US,D,20210727,000000,30.5974,30.7525,30.52,30.6054,800490.15613873,0
RSPS.US,D,20210728,000000,30.6014,30.6014,30.3027,30.3902,197223.78218689,0
RSPS.US,D,20210729,000000,30.5375,30.6324,30.491,30.52,65959.61311311,0
RSPS.US,D,20210730,000000,30.6207,30.6227,30.4173,30.4173,33542.020962977,0
RSPS.US,D,20210802,000000,30.5355,30.5355,30.3339,30.3377,74470.198164457,0
RSPS.US,D,20210803,000000,30.2699,30.4249,30.1905,30.3339,31427.269525976,0
RSPS.US,D,20210804,000000,30.2525,30.2525,29.8765,29.89,157316.87519157,0
RSPS.US,D,20210805,000000,30.0528,30.0528,29.9287,29.9674,39468.482916915,0
RSPS.US,D,20210806,000000,30.0916,30.1128,30.0391,30.0721,12513.138990648,0
RSPS.US,D,20210809,000000,30.1924,30.2447,30.136,30.2447,28626.513354532,0
RSPS.US,D,20210810,000000,30.3377,30.5258,30.3184,30.5258,41562.602632581,0
RSPS.US,D,20210811,000000,30.5529,30.7294,30.5529,30.6596,56824.918491334,0
RSPS.US,D,20210812,000000,30.6654,30.6654,30.5395,30.5568,23896.691238117,0
RSPS.US,D,20210813,000000,30.6111,30.8901,30.6111,30.8709,15881.267498848,0
RSPS.US,D,20210816,000000,30.8322,31.0376,30.8322,31.0279,32195.801145763,0
RSPS.US,D,20210817,000000,30.9543,31.158,30.9543,31.1036,49423.288461824,0
RSPS.US,D,20210818,000000,31.0106,31.0106,30.6674,30.6674,58263.981054562,0
RSPS.US,D,20210819,000000,30.4811,30.8418,30.4811,30.8183,20672.984779274,0
RSPS.US,D,20210820,000000,30.9485,30.9756,30.8827,30.8845,228300.31245014,0
RSPS.US,D,20210823,000000,30.8341,30.9485,30.7875,30.7875,23649.110582078,0
RSPS.US,D,20210824,000000,30.7392,30.7392,30.5608,30.5627,35388.560022603,0
RSPS.US,D,20210825,000000,30.5337,30.5509,30.4521,30.4949,23463.425090048,0
RSPS.US,D,20210826,000000,30.2718,30.3224,30.2525,30.2622,34434.342910786,0
RSPS.US,D,20210827,000000,30.3474,30.4811,30.2682,30.4388,20353.193098555,0
RSPS.US,D,20210830,000000,30.4133,30.5704,30.4133,30.491,16887.063914007,0
RSPS.US,D,20210831,000000,30.4986,30.6517,30.4986,30.6517,22715.525191597,0
RSPS.US,D,20210901,000000,30.6771,30.7895,30.6014,30.7895,227242.93673165,0
RSPS.US,D,20210902,000000,30.8901,30.8901,30.7469,30.8263,18197.17821888,0
RSPS.US,D,20210903,000000,30.7196,30.803,30.7061,30.7392,19378.344265401,0
RSPS.US,D,20210907,000000,30.7274,30.7274,30.3689,30.3744,22333.83834687,0
RSPS.US,D,20210908,000000,30.5548,30.7023,30.5548,30.6867,29885.048356064,0
RSPS.US,D,20210909,000000,30.6926,30.6926,30.458,30.4753,524442.88258536,0
RSPS.US,D,20210910,000000,30.4678,30.4678,30.2332,30.2795,55050.590456381,0
RSPS.US,D,20210913,000000,30.493,30.6111,30.3783,30.4368,20734.879943283,0
RSPS.US,D,20210914,000000,30.3047,30.3047,30.2215,30.235,20791.617176959,0
RSPS.US,D,20210915,000000,30.2815,30.3921,30.2622,30.3359,32072.010817745,0
RSPS.US,D,20210916,000000,30.394,30.394,30.0701,30.2932,17800.017583151,0
RSPS.US,D,20210917,000000,30.1633,30.2525,30.1555,30.1613,21477.621911401,0
RSPS.US,D,20210920,000000,29.884,29.9947,29.6729,29.8626,71896.390927716,0
RSPS.US,D,20210921,000000,29.8453,29.8725,29.7134,29.7425,24985.014538623,0
RSPS.US,D,20210922,000000,29.8163,30.0024,29.8046,29.8046,24866.382140937,0
RSPS.US,D,20210923,000000,29.8278,30.0431,29.8222,29.9324,84259.949938676,0
RSPS.US,D,20210924,000000,29.8685,30.0293,29.8685,29.9829,18893.498813991,0
RSPS.US,D,20210927,000000,30.0916,30.1846,29.9772,29.9792,33542.020962977,0
RSPS.US,D,20210928,000000,30.0041,30.0293,29.6592,29.7638,44043.567123307,0
RSPS.US,D,20210929,000000,30.1089,30.2196,30.0876,30.0993,17516.331414773,0
RSPS.US,D,20210930,000000,30.1846,30.1846,29.5353,29.5353,81737.722005278,0
RSPS.US,D,20211001,000000,29.6844,29.7543,29.3508,29.6282,84218.686496001,0
RSPS.US,D,20211004,000000,29.6203,29.8298,29.4653,29.6378,60853.262082304,0
RSPS.US,D,20211005,000000,29.6689,29.8222,29.6456,29.7543,19914.769020153,0
RSPS.US,D,20211006,000000,29.5779,29.9577,29.537,29.9577,49923.607704237,0
RSPS.US,D,20211007,000000,29.9363,30.175,29.917,29.917,21854.150825793,0
RSPS.US,D,20211008,000000,29.9112,29.9792,29.8143,29.8453,21843.834965125,0
RSPS.US,D,20211011,000000,29.9927,29.9927,29.7677,29.7677,11507.342575488,0
RSPS.US,D,20211012,000000,29.7618,29.9752,29.7251,29.7795,27068.818393618,0
RSPS.US,D,20211013,000000,29.5719,29.8588,29.5719,29.7929,35878.563404347,0
RSPS.US,D,20211014,000000,29.9732,30.1865,29.9654,30.1478,35971.406150362,0
RSPS.US,D,20211015,000000,30.1944,30.235,29.9287,29.9752,48407.176185997,0
RSPS.US,D,20211018,000000,29.7309,29.981,29.7309,29.8239,133703.87012183,0
RSPS.US,D,20211019,000000,29.7988,29.8008,29.603,29.8008,72365.762588123,0
RSPS.US,D,20211020,000000,29.9267,30.1089,29.9267,29.9984,291634.53902317,0
RSPS.US,D,20211021,000000,29.9442,29.9947,29.884,29.9462,59243.987818046,0
RSPS.US,D,20211022,000000,30.0351,30.1846,30.0351,30.1767,31128.109566594,0
RSPS.US,D,20211025,000000,30.1806,30.1806,30.0626,30.0626,29704.520794369,0
RSPS.US,D,20211026,000000,30.0546,30.1767,30.0546,30.136,245661.9059549,0
RSPS.US,D,20211027,000000,30.2487,30.3066,29.8104,29.8512,63066.014195652,0
RSPS.US,D,20211028,000000,29.8182,29.9714,29.8182,29.9714,41835.97294029,0
RSPS.US,D,20211029,000000,29.8645,30.0838,29.8298,29.8685,77616.53566829,0
RSPS.US,D,20211101,000000,29.8705,30.0936,29.8705,30.0761,42841.769355449,0
RSPS.US,D,20211102,000000,30.014,30.33,30.014,30.2718,378731.35064563,0
RSPS.US,D,20211103,000000,30.2775,30.6093,30.2775,30.6014,71901.54885805,0
RSPS.US,D,20211104,000000,30.5065,30.6441,30.394,30.5045,121046.30908183,0
RSPS.US,D,20211105,000000,30.5627,30.7372,30.5627,30.7061,38266.685149058,0
RSPS.US,D,20211108,000000,30.6944,30.6944,30.3803,30.5433,80345.080815053,0
RSPS.US,D,20211109,000000,30.5277,30.6771,30.4791,30.6692,62968.013519305,0
RSPS.US,D,20211110,000000,30.6906,30.867,30.6906,30.7991,55442.593161776,0
RSPS.US,D,20211111,000000,30.7895,30.7933,30.7121,30.7644,32015.273584069,0
RSPS.US,D,20211112,000000,30.902,30.9097,30.7023,30.7565,40592.91172976,0
RSPS.US,D,20211115,000000,30.7855,31.0589,30.7855,31.0239,46730.848827398,0
RSPS.US,D,20211116,000000,31.0027,31.0996,30.8458,30.8458,30957.897865568,0
RSPS.US,D,20211117,000000,30.7624,30.809,30.7121,30.772,38514.265805098,0
RSPS.US,D,20211118,000000,30.7081,30.7081,30.4193,30.547,294352.76830927,0
RSPS.US,D,20211119,000000,30.5258,30.6364,30.4288,30.4388,201819.49811462,0
RSPS.US,D,20211122,000000,30.4443,30.867,30.4443,30.7604,46524.531614033,0
RSPS.US,D,20211123,000000,30.8243,31.022,30.8243,30.9796,62911.276285629,0
RSPS.US,D,20211124,000000,30.9059,30.9059,30.7274,30.8418,31231.268173278,0
RSPS.US,D,20211126,000000,30.5743,30.6404,30.4133,30.4501,191431.42642164,0
RSPS.US,D,20211129,000000,30.6111,30.6111,30.4521,30.4851,53776.581663847,0
RSPS.US,D,20211130,000000,30.2854,30.2854,29.6262,29.6282,49165.391945117,0
RSPS.US,D,20211201,000000,29.9849,30.0956,29.446,29.4673,83336.680408863,0
RSPS.US,D,20211202,000000,29.506,30.1089,29.506,29.9541,35218.348321576,0
RSPS.US,D,20211203,000000,30.0159,30.3009,30.0159,30.3009,82490.779834056,0
RSPS.US,D,20211206,000000,30.491,30.9426,30.491,30.801,46988.745344106,0
RSPS.US,D,20211207,000000,30.9796,30.9989,30.8341,30.865,49051.917477765,0
RSPS.US,D,20211208,000000,30.813,30.8243,30.5297,30.772,53565.106520148,0
RSPS.US,D,20211209,000000,30.7294,30.935,30.7254,30.8477,29719.994585372,0
RSPS.US,D,20211210,000000,31.0881,31.2877,31.0765,31.2742,31092.004054256,0
RSPS.US,D,20211213,000000,31.214,31.7529,31.1926,31.6735,56046.071010876,0
RSPS.US,D,20211214,000000,31.7395,31.7687,31.6114,31.6699,82841.519096782,0
RSPS.US,D,20211215,000000,31.7493,32.0091,31.7413,31.9876,44574.833947724,0
RSPS.US,D,20211216,000000,31.9274,32.3559,31.9274,32.3308,158828.14877948,0
RSPS.US,D,20211217,000000,32.1912,32.2881,31.8655,31.8695,52744.995597021,0
RSPS.US,D,20211220,000000,31.7182,31.823,31.6271,31.823,58841.669251983,0
RSPS.US,D,20211221,000000,31.7588,31.8345,31.6832,31.7529,328137.21199796,0
RSPS.US,D,20211222,000000,31.6212,31.8715,31.6212,31.8675,46864.955016087,0
RSPS.US,D,20211223,000000,31.9856,32.0091,31.9198,31.9507,25573.018596715,0
RSPS.US,D,20211227,000000,31.9817,32.1873,31.976,32.1873,42614.820420747,0
RSPS.US,D,20211228,000000,32.1291,32.4375,32.1291,32.4375,32917.911392545,0
RSPS.US,D,20211229,000000,32.3833,32.6022,32.3833,32.5672,34496.238074795,0
RSPS.US,D,20211230,000000,32.5364,32.5672,32.5228,32.5247,17124.328709378,0
RSPS.US,D,20211231,000000,32.5849,32.8038,32.5539,32.7788,27976.61413243,0
RSPS.US,D,20220103,000000,32.6468,32.8213,32.4451,32.8193,273875.78488269,0
RSPS.US,D,20220104,000000,32.9318,33.2382,32.9318,33.1237,232142.97054909,0
RSPS.US,D,20220105,000000,33.1546,33.43,33.1546,33.1857,161288.48154886,0
RSPS.US,D,20220106,000000,33.3253,33.432,33.153,33.1798,190178.04935044,0
RSPS.US,D,20220107,000000,33.1877,33.5057,33.1877,33.432,57541.870807781,0
RSPS.US,D,20220110,000000,33.3933,33.4591,33.149,33.1935,186118.75817747,0
RSPS.US,D,20220111,000000,33.023,33.2014,32.8755,33.1877,236434.3685871,0
RSPS.US,D,20220112,000000,33.2168,33.2168,33.023,33.11,46472.952310691,0
RSPS.US,D,20220113,000000,33.2246,33.4281,33.1857,33.374,34919.188362195,0
RSPS.US,D,20220114,000000,33.3758,33.5658,33.1995,33.5502,48783.70510039,0
RSPS.US,D,20220118,000000,33.3758,33.3758,33.0809,33.147,231431.17616298,0
RSPS.US,D,20220119,000000,33.0869,33.3331,33.0676,33.1295,216700.12712865,0
RSPS.US,D,20220120,000000,33.1026,33.2303,32.7613,32.7748,444830.22787776,0
RSPS.US,D,20220121,000000,32.9163,33.1724,32.7457,32.8174,127426.66890518,0
RSPS.US,D,20220124,000000,32.7943,32.8174,32.0904,32.7437,203067.71725548,0
RSPS.US,D,20220125,000000,32.4375,32.5519,32.0729,32.3424,140146.12510919,0
RSPS.US,D,20220126,000000,32.3483,32.3483,31.821,32.0011,129696.15825221,0
RSPS.US,D,20220127,000000,32.2938,32.7107,32.135,32.2417,206410.05611201,0
RSPS.US,D,20220128,000000,32.0574,32.5305,31.976,32.5247,219970.25496049,0
RSPS.US,D,20220131,000000,32.2977,32.5887,32.2977,32.5499,79576.549195268,0
RSPS.US,D,20220201,000000,32.5539,32.6312,32.261,32.6002,186448.86571885,0
RSPS.US,D,20220202,000000,32.5092,32.8755,32.5092,32.8445,117817.44469265,0
RSPS.US,D,20220203,000000,32.8272,33.0072,32.7398,32.7981,522209.49875068,0
RSPS.US,D,20220204,000000,32.5132,32.5132,32.1562,32.228,283856.38007927,0
RSPS.US,D,20220207,000000,32.3734,32.5944,32.23,32.4569,34207.393976082,0
RSPS.US,D,20220208,000000,32.5208,32.703,32.484,32.61,148971.34391092,0
RSPS.US,D,20220209,000000,32.6973,32.8292,32.6312,32.67,521440.9671309,0
RSPS.US,D,20220210,000000,32.4683,32.6641,32.2919,32.3773,117801.97090165,0
RSPS.US,D,20220211,000000,32.4703,32.6934,32.3891,32.488,308155.38988345,0
RSPS.US,D,20220214,000000,32.5364,32.5364,31.9432,32.3269,105103.14641897,0
RSPS.US,D,20220215,000000,32.4935,32.6062,32.259,32.3443,43687.66993025,0
RSPS.US,D,20220216,000000,32.3579,32.5632,32.1175,32.3541,133925.6611262,0
RSPS.US,D,20220217,000000,32.228,32.5519,32.1195,32.4898,79091.703743855,0
RSPS.US,D,20220218,000000,32.5344,32.6798,32.3891,32.6022,176715.85117831,0
RSPS.US,D,20220222,000000,32.5809,32.6237,32.3463,32.4762,93590.645913155,0
RSPS.US,D,20220223,000000,32.5751,32.5944,32.2726,32.2901,92337.268841952,0
RSPS.US,D,20220224,000000,31.8946,31.8946,31.1132,31.7201,80432.765630732,0
RSPS.US,D,20220225,000000,31.9218,32.7613,31.9218,32.7613,62534.747371229,0
RSPS.US,D,20220228,000000,32.3443,32.4239,32.0477,32.3714,63937.704422127,0
RSPS.US,D,20220301,000000,32.455,32.455,31.9916,32.133,162846.17650978,0
RSPS.US,D,20220302,000000,32.1523,32.6295,32.1195,32.5479,82449.516391392,0
RSPS.US,D,20220303,000000,32.7303,33.0442,32.7303,32.9104,42563.241117406,0
RSPS.US,D,20220304,000000,32.5809,33.0191,32.4451,32.9744,119731.03684662,0
RSPS.US,D,20220307,000000,32.8445,33.0112,32.4471,32.4471,106624.73586755,0
RSPS.US,D,20220308,000000,32.5267,32.5267,31.4816,31.4816,430068.23126142,0
RSPS.US,D,20220309,000000,31.8655,31.9374,31.6075,31.6075,71581.757177332,0
RSPS.US,D,20220310,000000,31.534,31.534,31.1655,31.3576,41655.445378596,0
RSPS.US,D,20220311,000000,31.5264,31.5687,30.9776,30.9776,24783.855255591,0
RSPS.US,D,20220314,000000,31.2937,31.2993,31.0106,31.0686,22896.052753291,0
RSPS.US,D,20220315,000000,31.1521,31.5106,31.1521,31.5106,22029.520457155,0
RSPS.US,D,20220316,000000,31.6579,31.6579,31.2762,31.5572,34630.344263482,0
RSPS.US,D,20220317,000000,31.5264,31.8325,31.5264,31.7413,210727.2438017,0
RSPS.US,D,20220318,000000,31.6075,31.7801,31.5224,31.7801,58604.40445661,0
RSPS.US,D,20220321,000000,32.0773,32.0773,31.7101,31.8345,54803.00980034,0
RSPS.US,D,20220322,000000,31.8966,32.1098,31.8518,32.0798,200798.22790845,0
RSPS.US,D,20220323,000000,32.1757,32.1757,31.8767,31.8775,32696.120388177,0
RSPS.US,D,20220324,000000,31.9255,32.1157,31.9255,32.1157,13080.511327404,0
RSPS.US,D,20220325,000000,32.1486,32.4703,32.1486,32.4703,10640.810279352,0
RSPS.US,D,20220328,000000,32.4083,32.5418,32.3056,32.5364,29420.834625991,0
RSPS.US,D,20220329,000000,32.8312,32.8402,32.6246,32.8402,24577.538042224,0
RSPS.US,D,20220330,000000,32.7358,32.895,32.6137,32.895,1056070.7621262,0
RSPS.US,D,20220331,000000,32.9084,33.0092,32.7433,32.8213,131764.4883162,0
RSPS.US,D,20220401,000000,33.0151,33.211,32.8115,33.1955,67898.994918748,0
RSPS.US,D,20220404,000000,33.1355,33.1355,32.6991,33.0908,156176.97258772,0
RSPS.US,D,20220405,000000,32.9434,33.4285,32.9434,33.1219,127101.71929412,0
RSPS.US,D,20220406,000000,32.9959,33.4054,32.9959,33.4054,87040.074388777,0
RSPS.US,D,20220407,000000,33.5755,33.8779,33.4786,33.8052,76621.055113799,0
RSPS.US,D,20220408,000000,33.9826,34.1592,33.8606,34.0214,193427.54546096,0
RSPS.US,D,20220411,000000,34.1222,34.2415,34.0137,34.034,160896.47884347,0
RSPS.US,D,20220412,000000,34.0312,34.2521,33.9614,34.0544,158843.62257049,0
RSPS.US,D,20220413,000000,34.1262,34.2463,34.0349,34.227,175601.73822614,0
RSPS.US,D,20220414,000000,34.3121,34.479,34.3084,34.3084,53668.265126828,0
RSPS.US,D,20220418,000000,34.3278,34.3586,33.9805,34.0407,90253.464986958,0
RSPS.US,D,20220419,000000,34.0525,34.5933,34.0525,34.574,130665.84915502,0
RSPS.US,D,20220420,000000,34.7718,35.0858,34.7635,35.0238,135467.88229612,0
RSPS.US,D,20220421,000000,35.1283,35.3413,35.0353,35.0353,95922.030424189,0
RSPS.US,D,20220422,000000,35.2215,35.2215,34.5382,34.5702,455455.5643661,0
RSPS.US,D,20220425,000000,34.5815,34.7698,34.0835,34.6786,295064.56269539,0
RSPS.US,D,20220426,000000,34.6611,34.6611,34.101,34.1242,122454.42406306,0
RSPS.US,D,20220427,000000,34.2948,34.6128,34.1123,34.3179,286621.03073838,0
RSPS.US,D,20220428,000000,34.2531,34.7253,34.2531,34.7173,194794.39699951,0
RSPS.US,D,20220429,000000,34.4557,34.5322,33.7943,33.8313,149311.76731297,0
RSPS.US,D,20220502,000000,34.0717,34.13,33.0289,33.4184,483411.54677719,0
RSPS.US,D,20220503,000000,33.2905,33.7419,33.2905,33.4844,913959.46555968,0
RSPS.US,D,20220504,000000,33.525,34.1123,33.3524,34.095,728640.18658402,0
RSPS.US,D,20220505,000000,33.9187,33.9826,33.3524,33.56,223977.96683012,0
RSPS.US,D,20220506,000000,33.5289,33.8644,33.4197,33.7558,301805.97764211,0
RSPS.US,D,20220509,000000,33.6164,34.1761,33.5174,33.9187,394060.71959873,0
RSPS.US,D,20220510,000000,34.1222,34.2113,33.5755,33.6647,178443.75784025,0
RSPS.US,D,20220511,000000,33.7345,34.13,33.5872,33.6084,151245.99118828,0
RSPS.US,D,20220512,000000,33.6531,33.8449,33.3196,33.6376,328224.89681362,0
RSPS.US,D,20220513,000000,33.8178,34.1298,33.7538,34.0931,254739.863343,0
RSPS.US,D,20220516,000000,34.033,34.3239,33.9768,34.2133,211583.46023717,0
RSPS.US,D,20220517,000000,34.3568,34.3568,33.6472,34.0525,164171.76460566,0
RSPS.US,D,20220518,000000,33.783,33.783,31.7801,31.8498,304013.57182513,0
RSPS.US,D,20220519,000000,31.6232,31.6232,31.0976,31.3558,235263.51840125,0
RSPS.US,D,20220520,000000,31.5029,31.5456,30.8807,31.4428,570245.30395264,0
RSPS.US,D,20220523,000000,31.7221,32.0652,31.6252,31.9274,207080.58705545,0
RSPS.US,D,20220524,000000,31.9972,32.4451,31.8424,32.4143,383817.06995509,0
RSPS.US,D,20220525,000000,32.3386,32.5228,32.2087,32.4772,325522.14131853,0
RSPS.US,D,20220526,000000,32.6468,32.8795,32.6062,32.7225,82764.150141771,0
RSPS.US,D,20220527,000000,32.7923,33.0782,32.7398,33.0782,154129.27424506,0
RSPS.US,D,20220531,000000,32.8795,33.1257,32.611,32.9531,226510.51062419,0
RSPS.US,D,20220601,000000,32.9338,32.986,32.2594,32.484,147439.43860167,0
RSPS.US,D,20220602,000000,32.4723,32.6874,31.8927,32.6527,1302944.7817096,0
RSPS.US,D,20220603,000000,32.6488,32.6488,32.3656,32.4256,263781.71521876,0
RSPS.US,D,20220606,000000,32.5962,32.7441,32.4723,32.5615,138015.89988118,0
RSPS.US,D,20220607,000000,32.2726,32.7478,32.2551,32.7303,169757.80315754,0
RSPS.US,D,20220608,000000,32.5568,32.7553,32.4511,32.455,75465.678718947,0
RSPS.US,D,20220609,000000,32.4123,32.6661,31.9817,31.9817,119818.7216623,0
RSPS.US,D,20220610,000000,31.7182,32.1409,31.5264,31.9432,398656.43552645,0
RSPS.US,D,20220613,000000,31.4138,31.6075,31.0976,31.2025,459035.16801801,0
RSPS.US,D,20220614,000000,31.2275,31.3769,30.7644,30.9855,468757.86669788,0
RSPS.US,D,20220615,000000,31.214,31.4237,30.7664,31.0358,189048.46260726,0
RSPS.US,D,20220616,000000,30.5686,30.898,30.3532,30.6964,317398.40104226,0
RSPS.US,D,20220617,000000,30.805,30.805,30.456,30.6557,245997.17142661,0
RSPS.US,D,20220621,000000,30.9836,31.5479,30.8571,31.4309,378515.36450322,0
RSPS.US,D,20220622,000000,31.2881,31.6359,31.1649,31.4601,123106.53422905,0
RSPS.US,D,20220623,000000,31.6397,32.0481,31.6397,32.026,273953.87246755,0
RSPS.US,D,20220624,000000,32.2652,32.7597,32.1793,32.7459,209875.22502124,0
RSPS.US,D,20220627,000000,32.8104,32.8104,32.6248,32.7517,128187.99860488,0
RSPS.US,D,20220628,000000,32.8612,32.9804,32.3353,32.3765,221123.01827207,0
RSPS.US,D,20220629,000000,32.4919,32.7028,32.4567,32.5897,236715.38680497,0
RSPS.US,D,20220630,000000,32.4567,32.5564,32.1998,32.3785,201482.87700877,0
RSPS.US,D,20220701,000000,32.4391,32.828,32.3062,32.7968,591865.226293,0
RSPS.US,D,20220705,000000,32.6541,32.7067,32.1843,32.6012,689866.35847995,0
RSPS.US,D,20220706,000000,32.7517,32.9764,32.6639,32.738,298941.5769461,0
RSPS.US,D,20220707,000000,32.7529,32.8691,32.66,32.8416,108327.81407053,0
RSPS.US,D,20220708,000000,32.8534,32.9824,32.6287,32.7028,110845.51847426,0
RSPS.US,D,20220711,000000,32.7146,32.8592,32.6268,32.6735,305363.77008977,0
RSPS.US,D,20220712,000000,32.734,33.1132,32.6287,32.734,203473.50101905,0
RSPS.US,D,20220713,000000,32.6462,33.078,32.5877,32.8455,223323.45098265,0
RSPS.US,D,20220714,000000,32.4216,32.7225,32.3257,32.6892,778482.38929195,0
RSPS.US,D,20220715,000000,32.9609,32.9609,32.605,32.734,60880.344087915,0
RSPS.US,D,20220718,000000,32.8162,32.8494,32.392,32.4509,127619.97992843,0
RSPS.US,D,20220719,000000,32.7752,32.8179,32.66,32.7772,107560.22126451,0
RSPS.US,D,20220720,000000,32.7616,32.7616,32.4252,32.5972,104346.56604998,0
RSPS.US,D,20220721,000000,32.4216,32.6187,32.4177,32.574,176751.0367989,0
RSPS.US,D,20220722,000000,32.7537,32.8514,32.5777,32.7557,243900.05546929,0
RSPS.US,D,20220725,000000,32.7459,33.0058,32.7459,32.9198,165457.18797971,0
RSPS.US,D,20220726,000000,32.6423,32.9491,32.6091,32.9257,320812.85463221,0
RSPS.US,D,20220727,000000,32.8671,33.1309,32.5035,33.0527,340887.96515225,0
RSPS.US,D,20220728,000000,33.1544,33.6018,33.002,33.5784,147551.80645801,0
RSPS.US,D,20220729,000000,33.3439,33.5316,33.3144,33.4884,129513.3755166,0
RSPS.US,D,20220801,000000,33.4611,33.9262,33.4396,33.8284,228282.10050953,0
RSPS.US,D,20220802,000000,33.8148,33.8148,33.4239,33.4728,131509.11681225,0
RSPS.US,D,20220803,000000,33.3907,33.7161,33.3907,33.6564,112477.93250839,0
RSPS.US,D,20220804,000000,33.5588,33.638,33.3029,33.3478,61095.270073601,0
RSPS.US,D,20220805,000000,33.2404,33.3966,33.0839,33.3868,59350.275761252,0
RSPS.US,D,20220808,000000,33.4512,33.5999,33.2559,33.3381,66877.802545597,0
RSPS.US,D,20220809,000000,33.3781,33.465,33.2832,33.3556,50318.267077117,0
RSPS.US,D,20220810,000000,33.6251,33.6701,33.4532,33.553,49402.272995269,0
RSPS.US,D,20220811,000000,33.682,33.8536,33.4748,33.5061,61008.276222251,0
RSPS.US,D,20220812,000000,33.6643,33.7876,33.5588,33.7856,246433.11172914,0
RSPS.US,D,20220815,000000,33.7876,34.1354,33.7365,34.0943,150166.73928384,0
RSPS.US,D,20220816,000000,34.1098,34.4929,34.1098,34.4089,75474.84197299,0
RSPS.US,D,20220817,000000,34.3443,34.4107,34.2946,34.3131,68668.852426304,0
RSPS.US,D,20220818,000000,34.192,34.4304,34.1588,34.3634,652679.0456711,0
RSPS.US,D,20220819,000000,34.3308,34.446,34.2682,34.3288,49760.482971411,0
RSPS.US,D,20220822,000000,34.2466,34.2466,33.9572,34.018,65521.721921633,0
RSPS.US,D,20220823,000000,34.0805,34.0805,33.85,34.0003,90893.222803189,0
RSPS.US,D,20220824,000000,34.0747,34.1626,33.9789,34.1314,623965.95744067,0
RSPS.US,D,20220825,000000,34.0943,34.2095,33.9868,34.2095,101997.73206358,0
RSPS.US,D,20220826,000000,34.2877,34.2877,33.4396,33.4532,454481.46587206,0
RSPS.US,D,20220829,000000,33.2559,33.6028,33.1933,33.4318,122953.01566785,0
RSPS.US,D,20220830,000000,33.3496,33.3683,33.0096,33.078,290728.33392172,0
RSPS.US,D,20220831,000000,33.1875,33.2128,32.8767,32.8767,113373.45744875,0
RSPS.US,D,20220901,000000,32.6344,32.9881,32.5368,32.9669,372175.04792552,0
RSPS.US,D,20220902,000000,33.1016,33.2891,32.5011,32.6032,146487.41110033,0
RSPS.US,D,20220906,000000,32.7264,32.828,32.3453,32.3707,165257.61385014,0
RSPS.US,D,20220907,000000,32.4664,32.9784,32.4177,32.9374,119631.89746048,0
RSPS.US,D,20220908,000000,32.6696,32.827,32.3394,32.7107,89460.382898623,0
RSPS.US,D,20220909,000000,32.83,33.2598,32.7557,33.0467,59647.078312911,0
RSPS.US,D,20220912,000000,33.1796,33.2657,33.0743,33.1681,137491.22341381,0
RSPS.US,D,20220913,000000,32.8592,32.8886,32.0469,32.139,104182.81291803,0
RSPS.US,D,20220914,000000,32.2397,32.2397,31.8645,31.9954,110415.6665029,0
RSPS.US,D,20220915,000000,32.0796,32.0796,31.7728,31.8403,85049.28290671,0
RSPS.US,D,20220916,000000,31.6613,31.8353,31.6574,31.8255,409577.28672004,0
RSPS.US,D,20220919,000000,31.7803,32.0771,31.7449,32.0771,53506.075694716,0
RSPS.US,D,20220920,000000,32.0003,32.0003,31.6526,31.8589,294044.27733675,0
RSPS.US,D,20220921,000000,32.0514,32.4308,31.851,31.855,64598.054109938,0
RSPS.US,D,20220922,000000,31.8117,32.02,31.8097,31.847,81063.027574002,0
RSPS.US,D,20220923,000000,31.735,31.735,31.0158,31.3715,176550.71515129,0
RSPS.US,D,20220926,000000,31.3832,31.5818,31.172,31.3341,278719.03009517,0
RSPS.US,D,20220927,000000,31.454,31.5896,30.7543,30.8094,346313.95360262,0
RSPS.US,D,20220928,000000,30.9273,31.3243,30.6934,31.2358,607041.59118576,0
RSPS.US,D,20220929,000000,31.1454,31.1454,30.5538,30.6993,546549.60431485,0
RSPS.US,D,20220930,000000,30.8388,30.8388,30.206,30.2256,431111.61978064,0
RSPS.US,D,20221003,000000,30.5342,30.7819,30.2905,30.7485,567125.73308144,0
RSPS.US,D,20221004,000000,30.9961,31.2909,30.9961,31.2692,223386.33960639,0
RSPS.US,D,20221005,000000,31.1062,31.2672,30.8408,31.112,190018.81921784,0
RSPS.US,D,20221006,000000,31.0728,31.2142,30.5696,30.66,218201.6029068,0
RSPS.US,D,20221007,000000,30.5283,30.5462,30.1097,30.2336,316009.44743699,0
RSPS.US,D,20221010,000000,30.3731,30.6424,30.2532,30.5538,443073.65705321,0
RSPS.US,D,20221011,000000,30.5087,31.0432,30.5087,30.8259,260814.13466253,0
RSPS.US,D,20221012,000000,30.9332,31.1651,30.8801,30.8801,247656.40246906,0
RSPS.US,D,20221013,000000,30.5676,31.5169,30.5027,31.4166,453463.48270637,0
RSPS.US,D,20221014,000000,31.6132,31.6132,30.8211,30.8801,465913.97407428,0
RSPS.US,D,20221017,000000,31.1533,31.2776,31.057,31.1258,188945.23782077,0
RSPS.US,D,20221018,000000,31.5542,31.6073,31.3263,31.4893,491023.56741333,0
RSPS.US,D,20221019,000000,31.511,31.5738,31.2005,31.3478,213540.93674701,0
RSPS.US,D,20221020,000000,31.4049,31.4049,30.8605,30.8762,325615.71131219,0
RSPS.US,D,20221021,000000,30.8781,31.3245,30.768,31.2692,226561.29122616,0
RSPS.US,D,20221024,000000,31.4069,31.7979,31.3989,31.7272,117529.17862992,0
RSPS.US,D,20221025,000000,31.8176,32.2559,31.6623,32.2204,219310.80074832,0
RSPS.US,D,20221026,000000,32.3306,32.5767,32.2736,32.3797,216960.11541445,0
RSPS.US,D,20221027,000000,32.4387,32.7354,32.4387,32.5134,175736.62499237,0
RSPS.US,D,20221028,000000,32.478,33.2158,32.478,33.2052,95472.423386805,0
RSPS.US,D,20221031,000000,33.1422,33.2897,33.0165,33.0676,118093.95367767,0
RSPS.US,D,20221101,000000,33.0813,33.0813,32.8072,32.8907,116964.40358217,0
RSPS.US,D,20221102,000000,32.8062,33.1325,32.3837,32.3954,174963.2393414,0
RSPS.US,D,20221103,000000,32.1733,32.2946,31.9356,32.1813,216929.58703349,0
RSPS.US,D,20221104,000000,32.4328,32.7099,32.1616,32.5684,183216.07832741,0
RSPS.US,D,20221107,000000,32.6155,32.8749,32.6018,32.8494,72372.61512758,0
RSPS.US,D,20221108,000000,32.8396,33.1639,32.8102,32.9202,89850.113226796,0
RSPS.US,D,20221109,000000,32.9261,33.0047,32.4917,32.5232,82711.560145806,0
RSPS.US,D,20221110,000000,33.1856,33.1856,32.4937,33.0873,457956.24277088,0
RSPS.US,D,20221111,000000,33.1108,33.1108,32.368,32.934,81851.677415452,0
RSPS.US,D,20221114,000000,32.9535,33.2602,32.6804,32.6922,97395.711387243,0
RSPS.US,D,20221115,000000,32.9992,33.0066,32.6195,32.9123,162645.03762431,0
RSPS.US,D,20221116,000000,32.9712,33.2779,32.9712,33.1836,82365.571828267,0
RSPS.US,D,20221117,000000,33.0283,33.1914,32.986,33.1914,62725.646744433,0
RSPS.US,D,20221118,000000,33.4174,33.6061,33.3742,33.5667,118368.7091063,0
RSPS.US,D,20221121,000000,33.616,33.9657,33.5216,33.954,87931.913289851,0
RSPS.US,D,20221122,000000,34.1721,34.2507,34.0582,34.235,139519.78904762,0
RSPS.US,D,20221123,000000,34.3097,34.3362,34.2075,34.2802,68531.127190198,0
RSPS.US,D,20221125,000000,34.3745,34.3745,34.3018,34.3491,100540.13462605,0
RSPS.US,D,20221128,000000,34.2979,34.3942,34.1465,34.1878,105373.79494461,0
RSPS.US,D,20221129,000000,34.2311,34.2311,33.9344,34.07,75690.032525161,0
RSPS.US,D,20221130,000000,33.9638,34.6675,33.9157,34.6438,91717.432528808,0
RSPS.US,D,20221201,000000,34.6183,34.6576,34.4885,34.5986,93121.738052937,0
RSPS.US,D,20221202,000000,34.5161,34.8267,34.406,34.8266,97665.378752384,0
RSPS.US,D,20221205,000000,34.6438,34.6438,34.3356,34.3979,177517.447215,0
RSPS.US,D,20221206,000000,34.4532,34.4706,33.9894,34.1407,111204.71570785,0
RSPS.US,D,20221207,000000,34.2507,34.3628,34.2095,34.3431,183022.73191467,0
RSPS.US,D,20221208,000000,34.4355,34.4964,34.3235,34.4964,83184.750050676,0
RSPS.US,D,20221209,000000,34.4905,34.4905,34.1286,34.1427,71629.75785757,0
RSPS.US,D,20221212,000000,34.296,34.5023,34.0877,34.5004,107032.5036434,0
RSPS.US,D,20221213,000000,34.9996,34.9996,34.2491,34.4167,74341.695699457,0
RSPS.US,D,20221214,000000,34.4728,34.7008,34.2633,34.4197,63951.870046299,0
RSPS.US,D,20221215,000000,34.0817,34.1769,33.6513,33.8616,126336.61653669,0
RSPS.US,D,20221216,000000,33.722,33.7653,33.4155,33.6926,65920.950618176,0
RSPS.US,D,20221219,000000,33.8528,33.9853,33.4935,33.6669,64454.002224106,0
RSPS.US,D,20221220,000000,33.5067,33.7005,33.4196,33.6214,68761.721858162,0
RSPS.US,D,20221221,000000,33.8488,33.9932,33.7816,33.8851,110286.72344795,0
RSPS.US,D,20221222,000000,33.7361,33.8745,33.5541,33.8745,69601.019345548,0
RSPS.US,D,20221223,000000,33.9359,34.0367,33.8098,34.0268,100220.20960827,0
RSPS.US,D,20221227,000000,34.1268,34.257,34.0347,34.2028,52380.252827247,0
RSPS.US,D,20221228,000000,34.2997,34.3417,33.7538,33.7658,82387.66600579,0
RSPS.US,D,20221229,000000,33.9655,33.985,33.8508,33.8785,47086.61144596,0
RSPS.US,D,20221230,000000,33.8745,33.8745,33.5063,33.7242,151680.26880477,0
RSPS.US,D,20230103,000000,33.8548,33.8548,33.3642,33.6392,46383.826200498,0
RSPS.US,D,20230104,000000,33.6807,33.9743,33.5963,33.8073,102141.49301313,0
RSPS.US,D,20230105,000000,33.8389,33.8389,33.4681,33.5897,73190.785707261,0
RSPS.US,D,20230106,000000,33.8469,34.4837,33.8469,34.3855,114018.05806054,0
RSPS.US,D,20230109,000000,34.454,34.563,34.088,34.088,93814.246255749,0
RSPS.US,D,20230110,000000,34.0308,34.1752,33.9655,34.0169,45777.105125279,0
RSPS.US,D,20230111,000000,34.0802,34.2385,33.8879,34.0842,53750.43125545,0
RSPS.US,D,20230112,000000,34.0782,34.0842,33.746,33.8429,73291.905886464,0
RSPS.US,D,20230113,000000,33.6768,34.013,33.6768,34.013,101974.64471745,0
RSPS.US,D,20230117,000000,34.0347,34.3671,34.0347,34.0802,1121033.4746733,0
RSPS.US,D,20230118,000000,34.1692,34.1692,33.034,33.0696,918904.34846409,0
RSPS.US,D,20230119,000000,32.9548,33.0458,32.8223,32.8223,100634.802343,0
RSPS.US,D,20230120,000000,32.8896,33.0735,32.6582,33.0735,174659.82952869,0
RSPS.US,D,20230123,000000,33.1427,33.3425,33.0656,33.2021,199722.4659442,0
RSPS.US,D,20230124,000000,33.303,33.3185,33.0656,33.3185,74464.899965221,0
RSPS.US,D,20230125,000000,33.2871,33.4325,33.0478,33.4276,249524.15420176,0
RSPS.US,D,20230126,000000,33.5067,33.5067,33.1546,33.2416,57734.566316055,0
RSPS.US,D,20230127,000000,33.2673,33.2673,32.943,33.1269,163218.08125185,0
RSPS.US,D,20230130,000000,33.0399,33.392,33.0399,33.1725,68190.392845664,0
RSPS.US,D,20230131,000000,33.3386,33.5205,33.1585,33.5185,172622.25791775,0
RSPS.US,D,20230201,000000,33.4216,33.8686,33.392,33.6847,143853.56693444,0
RSPS.US,D,20230202,000000,33.5581,33.5819,33.3017,33.4078,302005.52720821,0
RSPS.US,D,20230203,000000,33.5403,33.5779,33.0953,33.4354,92838.436526438,0
RSPS.US,D,20230206,000000,33.2199,33.5007,33.2199,33.4928,91963.746976331,0
RSPS.US,D,20230207,000000,33.303,33.3208,33.0122,33.2871,86134.168645268,0
RSPS.US,D,20230208,000000,33.1269,33.1783,33.035,33.0478,65328.691774214,0
RSPS.US,D,20230209,000000,33.1467,33.1831,32.8381,32.8777,164643.87577862,0
RSPS.US,D,20230210,000000,32.8303,33.2041,32.8303,33.2041,113916.93788134,0
RSPS.US,D,20230213,000000,33.1981,33.5227,33.1981,33.5225,170306.60581399,0
RSPS.US,D,20230214,000000,33.473,33.5047,33.1309,33.2139,175033.97419174,0
RSPS.US,D,20230215,000000,33.1229,33.301,33.0763,33.301,57886.24658486,0
RSPS.US,D,20230216,000000,33.036,33.2495,32.8995,33.1269,144505.7920903,0
RSPS.US,D,20230217,000000,33.1368,33.5323,33.1368,33.5245,95801.257777092,0
RSPS.US,D,20230221,000000,33.3959,33.6293,33.3279,33.477,101929.1406368,0
RSPS.US,D,20230222,000000,33.4849,33.7202,33.3464,33.4276,89193.054066164,0
RSPS.US,D,20230223,000000,33.39,33.5541,33.2416,33.394,123376.7306458,0
RSPS.US,D,20230224,000000,33.1507,33.2377,33.0616,33.1981,172050.92890525,0
RSPS.US,D,20230227,000000,33.2654,33.4078,33.1229,33.1803,132214.63430816,0
RSPS.US,D,20230228,000000,33.0182,33.1151,32.9272,32.9272,151740.94091229,0
RSPS.US,D,20230301,000000,32.7789,32.7789,32.4683,32.674,90113.247696913,0
RSPS.US,D,20230302,000000,32.583,33.0142,32.583,33.0142,70511.100958377,0
RSPS.US,D,20230303,000000,32.937,33.1565,32.8599,33.0933,79323.724575934,0
RSPS.US,D,20230306,000000,33.0201,33.1715,33.0201,33.1071,108173.3117026,0
RSPS.US,D,20230307,000000,33.0795,33.1843,32.7294,32.7947,76780.552068974,0
RSPS.US,D,20230308,000000,32.7531,32.8896,32.6568,32.8421,79606.861077702,0
RSPS.US,D,20230309,000000,32.9846,32.9846,32.3954,32.5059,321749.24219763,0
RSPS.US,D,20230310,000000,32.4465,32.583,32.1777,32.2666,531593.83808007,0
RSPS.US,D,20230313,000000,32.2508,32.8362,32.2508,32.4281,287671.74180616,0
RSPS.US,D,20230314,000000,32.5612,32.674,32.4129,32.6582,64812.978860277,0
RSPS.US,D,20230315,000000,32.4011,32.8145,32.3881,32.7986,608253.045934,0
RSPS.US,D,20230316,000000,32.7175,32.8178,32.6186,32.7557,481883.15798379,0
RSPS.US,D,20230317,000000,32.8303,32.8303,32.3417,32.4307,136021.80905516,0
RSPS.US,D,20230320,000000,32.7371,32.9698,32.7192,32.8883,171908.65176326,0
RSPS.US,D,20230321,000000,32.8684,32.9997,32.7013,32.9082,268461.80779321,0
RSPS.US,D,20230322,000000,32.9917,33.0892,32.5541,32.5541,159733.94622887,0
RSPS.US,D,20230323,000000,32.6257,32.7868,32.3989,32.4247,2113030.2305682,0
RSPS.US,D,20230324,000000,32.4705,32.9977,32.4486,32.9659,1835369.5329616,0
RSPS.US,D,20230327,000000,33.0415,33.3319,33.0415,33.2285,1448352.6343226,0
RSPS.US,D,20230328,000000,33.318,33.5627,33.318,33.3936,134067.5356349,0
RSPS.US,D,20230329,000000,33.6303,33.6303,33.499,33.557,91752.642493485,0
RSPS.US,D,20230330,000000,33.6044,33.7139,33.4911,33.6052,151635.90716367,0
RSPS.US,D,20230331,000000,33.6482,33.9038,33.6482,33.9038,121239.35705365,0
RSPS.US,D,20230403,000000,33.8651,34.1615,33.8651,34.1018,147750.25589279,0
RSPS.US,D,20230404,000000,34.0918,34.2013,33.873,33.9904,1999647.630224,0
RSPS.US,D,20230405,000000,33.9983,34.2212,33.9983,34.0949,78718.3685667,0
RSPS.US,D,20230406,000000,34.0879,34.2331,34.07,34.1615,84172.355150025,0
RSPS.US,D,20230410,000000,34.0342,34.2092,33.9824,34.205,80965.310504715,0
RSPS.US,D,20230411,000000,34.2072,34.4993,34.2072,34.3982,114744.84031111,0
RSPS.US,D,20230412,000000,34.4499,34.4499,34.1774,34.2013,62637.904898445,0
RSPS.US,D,20230413,000000,34.1475,34.3664,34.068,34.3147,1313103.8204876,0
RSPS.US,D,20230414,000000,34.2331,34.3107,34.0479,34.0958,44963.972339025,0
RSPS.US,D,20230417,000000,34.2251,34.3843,34.1734,34.3843,1345998.6483229,0
RSPS.US,D,20230418,000000,34.3306,34.4718,34.2152,34.4499,1759305.2703083,0
RSPS.US,D,20230419,000000,34.4082,34.4082,34.3345,34.3902,1009877.246602,0
RSPS.US,D,20230420,000000,34.3405,34.5145,34.3405,34.4559,141879.05190263,0
RSPS.US,D,20230421,000000,34.5593,34.7145,34.4877,34.5554,177865.30992108,0
RSPS.US,D,20230424,000000,34.6164,34.6688,34.5633,34.6668,38640.363931815,0
RSPS.US,D,20230425,000000,34.633,34.8538,34.6099,34.6502,44617.12895262,0
RSPS.US,D,20230426,000000,34.5832,34.6608,34.4698,34.4837,816881.52228846,0
RSPS.US,D,20230427,000000,34.5315,34.9035,34.5116,34.9035,69393.810859725,0
RSPS.US,D,20230428,000000,34.9075,35.0325,34.8816,35.0227,111819.29174752,0
RSPS.US,D,20230501,000000,35.0149,35.2457,35.0149,35.1505,71414.550589215,0
RSPS.US,D,20230502,000000,35.0746,35.1164,34.7066,35.0825,1606467.9780816,0
RSPS.US,D,20230503,000000,34.9413,35.1306,34.818,34.8225,42410.400740565,0
RSPS.US,D,20230504,000000,34.8219,34.8219,34.5932,34.6568,54655.480295385,0
RSPS.US,D,20230505,000000,34.8597,35.0567,34.8418,34.999,520305.29333346,0
RSPS.US,D,20230508,000000,35.0229,35.0229,34.7185,34.7645,92280.44764671,0
RSPS.US,D,20230509,000000,34.7901,34.7901,34.623,34.6389,79718.684999955,0
RSPS.US,D,20230510,000000,34.7642,34.7742,34.3982,34.5454,47442.14320131,0
RSPS.US,D,20230511,000000,34.3743,34.6449,34.3465,34.6449,902959.00270584,0
RSPS.US,D,20230512,000000,34.5892,34.759,34.5892,34.759,79854.40632507,0
RSPS.US,D,20230515,000000,34.7463,34.8239,34.5952,34.6469,195951.43317159,0
RSPS.US,D,20230516,000000,34.3286,34.5414,34.3286,34.3425,57942.952392615,0
RSPS.US,D,20230517,000000,34.5017,34.5017,34.1415,34.3664,57148.731304905,0
RSPS.US,D,20230518,000000,34.2311,34.243,34.0381,34.241,87087.850282125,0
RSPS.US,D,20230519,000000,34.2311,34.3584,34.1475,34.298,176880.07363506,0
RSPS.US,D,20230522,000000,34.3684,34.3684,33.883,33.9148,61738.12278009,0
RSPS.US,D,20230523,000000,33.8113,33.8352,33.7059,33.7278,48070.482669435,0
RSPS.US,D,20230524,000000,33.7775,33.7775,33.4672,33.4911,1208447.5986767,0
RSPS.US,D,20230525,000000,33.1509,33.32,33.0196,33.1907,898480.19897705,0
RSPS.US,D,20230526,000000,33.1429,33.2981,33.1071,33.2523,165574.98992456,0
RSPS.US,D,20230530,000000,33.1011,33.1011,32.8167,32.8604,1088278.9320768,0
RSPS.US,D,20230531,000000,32.8505,33.0395,32.7868,32.9499,140416.27762083,0
RSPS.US,D,20230601,000000,32.8843,32.93,32.7749,32.8624,128030.45002515,0
RSPS.US,D,20230602,000000,32.9678,33.3812,32.9659,33.3717,127351.84339957,0
RSPS.US,D,20230605,000000,33.318,33.5766,33.1767,33.2483,3560096.0256601,0
RSPS.US,D,20230606,000000,33.2782,33.316,32.9121,33.1151,1648365.6538161,0
RSPS.US,D,20230607,000000,33.1568,33.1568,32.6436,32.9758,1143075.160413,0
RSPS.US,D,20230608,000000,32.9519,33.1648,32.94,33.1429,254854.4882715,0
RSPS.US,D,20230609,000000,33.129,33.2464,33.0255,33.0972,115614.462135,0
RSPS.US,D,20230612,000000,33.1429,33.1429,32.936,33.0991,2008122.6729701,0
RSPS.US,D,20230613,000000,33.1449,33.3319,33.0056,33.308,1382281.4825703,0
RSPS.US,D,20230614,000000,33.3936,33.594,33.3598,33.4393,241146.63443488,0
RSPS.US,D,20230615,000000,33.4811,33.6741,33.4811,33.6204,691067.85390685,0
RSPS.US,D,20230616,000000,33.6442,33.8233,33.6442,33.688,213756.06034038,0
RSPS.US,D,20230620,000000,33.656,33.696,33.404,33.404,215105,0
RSPS.US,D,20230621,000000,33.356,33.63,33.234,33.4941,242625,0
RSPS.US,D,20230622,000000,33.554,33.7067,33.542,33.672,110810,0
RSPS.US,D,20230623,000000,33.738,33.738,33.44,33.44,91520,0
RSPS.US,D,20230626,000000,33.42,33.52,33.229,33.4968,77540,0
RSPS.US,D,20230627,000000,33.384,33.568,33.384,33.5551,59920,0
RSPS.US,D,20230628,000000,33.328,33.36,33.023,33.2,111595,0
RSPS.US,D,20230629,000000,33.062,33.289,33.062,33.208,206070,0
RSPS.US,D,20230630,000000,33.244,33.526,33.244,33.484,59290,0
RSPS.US,D,20230703,000000,33.48,33.788,33.4681,33.78,58105,0
RSPS.US,D,20230705,000000,33.74,33.762,33.606,33.726,75980,0
RSPS.US,D,20230706,000000,33.534,33.6584,33.472,33.622,46575,0
RSPS.US,D,20230707,000000,33.536,33.597,33.35,33.362,84705,0
RSPS.US,D,20230710,000000,33.456,33.624,33.26,33.276,65425,0
RSPS.US,D,20230711,000000,33.306,33.4,33.254,33.4,131475,0
RSPS.US,D,20230712,000000,33.562,33.562,33.392,33.418,152950,0
RSPS.US,D,20230713,000000,33.446,33.528,33.405,33.5,56210,0
RSPS.US,D,20230714,000000,33.446,33.557,33.32,33.508,81650,0
RSPS.US,D,20230717,000000,33.4,33.51,33.31,33.41,79637,0
RSPS.US,D,20230718,000000,33.42,33.69,33.3,33.4,119804,0
RSPS.US,D,20230719,000000,33.43,33.82,33.43,33.8,154996,0
RSPS.US,D,20230720,000000,33.72,34.11,33.72,34.1,96068,0
RSPS.US,D,20230721,000000,34.08,34.23,34.04,34.12,68632,0
RSPS.US,D,20230724,000000,34.15,34.3,34.12,34.22,70317,0
RSPS.US,D,20230725,000000,34.19,34.24,34.075,34.21,37084,0
RSPS.US,D,20230726,000000,34.1,34.35,34.1,34.24,150813,0
RSPS.US,D,20230727,000000,34.26,34.41,33.99,34,121019,0
RSPS.US,D,20230728,000000,34.15,34.34,34.15,34.27,29373,0
RSPS.US,D,20230731,000000,34.25,34.31,34.03,34.0957,65761,0
RSPS.US,D,20230801,000000,34,34.15,33.85,33.92,59136,0
RSPS.US,D,20230802,000000,33.87,34.325,33.87,34.08,41240,0
RSPS.US,D,20230803,000000,34.08,34.18,33.99,34,45648,0
RSPS.US,D,20230804,000000,34,34.08,33.7,33.72,54876,0
RSPS.US,D,20230807,000000,33.7,33.885,33.65,33.86,89477,0
RSPS.US,D,20230808,000000,33.85,33.85,33.4215,33.51,28511,0
RSPS.US,D,20230809,000000,33.5499,33.72,33.54,33.57,41921,0
RSPS.US,D,20230810,000000,33.66,33.87,33.43,33.47,26535,0
RSPS.US,D,20230811,000000,33.45,33.59,33.45,33.53,51415,0
RSPS.US,D,20230814,000000,33.59,33.62,33.3179,33.37,32362,0
RSPS.US,D,20230815,000000,33.25,33.25,32.94,32.96,47320,0
RSPS.US,D,20230816,000000,33.11,33.13,32.81,32.84,57946,0
RSPS.US,D,20230817,000000,32.87,32.88,32.52,32.55,76001,0
RSPS.US,D,20230818,000000,32.45,32.77,32.45,32.7,50041,0
RSPS.US,D,20230821,000000,32.61,32.64,32.3289,32.44,29382,0
RSPS.US,D,20230822,000000,32.36,32.36,32.213,32.26,380566,0
RSPS.US,D,20230823,000000,32.32,32.41,32.24,32.355,1441427,0
RSPS.US,D,20230824,000000,32.24,32.5,32.1,32.1,35185,0
RSPS.US,D,20230825,000000,32.19,32.34,32.07,32.23,110339,0
RSPS.US,D,20230828,000000,32.32,32.45,32.305,32.42,39130,0
RSPS.US,D,20230829,000000,32.43,32.56,32.34,32.56,93820,0
RSPS.US,D,20230830,000000,32.61,32.6579,32.5082,32.56,60255,0
RSPS.US,D,20230831,000000,32.45,32.45,32.28,32.3019,36607,0
RSPS.US,D,20230901,000000,32.39,32.39,31.9,31.95,30158,0
RSPS.US,D,20230905,000000,31.89,31.99,31.64,31.64,76546,0
RSPS.US,D,20230906,000000,31.63,31.675,31.47,31.49,53682,0
RSPS.US,D,20230907,000000,31.49,31.7,31.4705,31.55,27710,0
RSPS.US,D,20230908,000000,31.64,31.66,31.5,31.66,31155,0
RSPS.US,D,20230911,000000,31.67,31.86,31.67,31.795,58133,0
RSPS.US,D,20230912,000000,31.79,31.8479,31.515,31.56,35094,0
RSPS.US,D,20230913,000000,31.61,31.62,31.48,31.53,32322,0
RSPS.US,D,20230914,000000,31.58,31.8985,31.58,31.87,28939,0
RSPS.US,D,20230915,000000,31.89,31.92,31.62,31.62,95588,0
RSPS.US,D,20230918,000000,31.49,31.49,31.195,31.35,21816,0
RSPS.US,D,20230919,000000,31.29,31.3,31.147,31.22,50382,0
RSPS.US,D,20230920,000000,31.35,31.47,31.18,31.29,90488,0
RSPS.US,D,20230921,000000,31.27,31.27,30.91,30.91,59501,0
RSPS.US,D,20230922,000000,30.97,30.97,30.605,30.605,59064,0
RSPS.US,D,20230925,000000,30.57,30.57,30.38,30.49,95630,0
RSPS.US,D,20230926,000000,30.36,30.4,30.25,30.26,47507,0
RSPS.US,D,20230927,000000,30.25,30.2598,29.79,29.93,78778,0
RSPS.US,D,20230928,000000,29.97,30.0591,29.87,30,306821,0
RSPS.US,D,20230929,000000,30.13,30.1964,29.91,30.04,125687,0
RSPS.US,D,20231002,000000,30,30,29.5132,29.6588,289654,0
RSPS.US,D,20231003,000000,29.48,29.66,29.39,29.44,66287,0
RSPS.US,D,20231004,000000,29.48,29.64,29.2601,29.64,58649,0
RSPS.US,D,20231005,000000,29.62,29.64,29.07,29.09,37324,0
RSPS.US,D,20231006,000000,28.97,29.0107,28.32,28.92,77654,0
RSPS.US,D,20231009,000000,28.82,28.97,28.6701,28.9631,78150,0
RSPS.US,D,20231010,000000,29.22,29.3969,29.13,29.2311,41846,0
RSPS.US,D,20231011,000000,29.36,29.37,28.8501,28.9544,113901,0
RSPS.US,D,20231012,000000,29.03,29.03,28.2795,28.4,106679,0
RSPS.US,D,20231013,000000,28.47,28.71,28.43,28.67,242832,0
RSPS.US,D,20231016,000000,28.81,29.079,28.67,28.965,57134,0
RSPS.US,D,20231017,000000,28.9,29.24,28.89,29.1717,54735,0
RSPS.US,D,20231018,000000,29.24,29.39,29.08,29.1,55697,0
RSPS.US,D,20231019,000000,29.06,29.25,28.92,28.94,67377,0
RSPS.US,D,20231020,000000,28.97,29.117,28.8313,28.835,85363,0
RSPS.US,D,20231023,000000,28.77,28.94,28.7,28.7,76839,0
RSPS.US,D,20231024,000000,28.84,28.9487,28.82,28.9055,50722,0
RSPS.US,D,20231025,000000,28.89,29.1486,28.81,29.1179,49245,0
RSPS.US,D,20231026,000000,29.14,29.29,29.0139,29.0214,53418,0
RSPS.US,D,20231027,000000,28.95,29.03,28.53,28.5613,51975,0
RSPS.US,D,20231030,000000,28.67,28.9763,28.6601,28.9074,45154,0
RSPS.US,D,20231031,000000,28.97,29.0898,28.86,29.05,43009,0
RSPS.US,D,20231101,000000,29.03,29.03,28.8,28.93,73841,0
RSPS.US,D,20231102,000000,29.15,29.48,29.04,29.43,39070,0
RSPS.US,D,20231103,000000,29.62,29.79,29.54,29.54,76970,0
RSPS.US,D,20231106,000000,29.52,29.65,29.49,29.49,39897,0
RSPS.US,D,20231107,000000,29.44,29.66,29.43,29.545,97917,0
RSPS.US,D,20231108,000000,29.59,29.63,29.36,29.423,54121,0
RSPS.US,D,20231109,000000,29.49,29.49,29.2659,29.33,38502,0
RSPS.US,D,20231110,000000,29.31,29.44,29.2,29.42,62492,0
RSPS.US,D,20231113,000000,29.42,29.54,29.41,29.4597,33272,0
RSPS.US,D,20231114,000000,29.68,30,29.68,29.92,122478,0
RSPS.US,D,20231115,000000,30.1,30.32,30.1,30.16,85882,0
RSPS.US,D,20231116,000000,29.98,30.11,29.9,29.93,313201,0
RSPS.US,D,20231117,000000,30,30.04,29.8,30,50900,0
RSPS.US,D,20231120,000000,29.89,30.0417,29.8621,29.9797,58621,0
RSPS.US,D,20231121,000000,29.98,30.0968,29.89,30.08,43544,0
RSPS.US,D,20231122,000000,30.18,30.325,30.15,30.31,35227,0
RSPS.US,D,20231124,000000,30.33,30.47,30.33,30.42,6907,0
RSPS.US,D,20231127,000000,30.37,30.41,30.21,30.23,45688,0
RSPS.US,D,20231128,000000,30.22,30.38,30.2042,30.305,78454,0
RSPS.US,D,20231129,000000,30.3,30.32,30.065,30.09,44864,0
RSPS.US,D,20231130,000000,30.17,30.46,29.99,30.46,83401,0
RSPS.US,D,20231201,000000,30.42,30.735,30.4199,30.73,233348,0
RSPS.US,D,20231204,000000,30.64,31.02,30.64,30.89,266237,0
RSPS.US,D,20231205,000000,30.81,30.886,30.6152,30.625,116641,0
RSPS.US,D,20231206,000000,30.56,30.7499,30.5197,30.6282,57580,0
RSPS.US,D,20231207,000000,30.71,31.02,30.67,30.91,78708,0
RSPS.US,D,20231208,000000,30.91,30.93,30.672,30.6892,67891,0
RSPS.US,D,20231211,000000,30.8,30.96,30.7979,30.955,41618,0
RSPS.US,D,20231212,000000,31,31.0544,30.85,31.02,43969,0
RSPS.US,D,20231213,000000,31.02,31.71,30.9,31.71,72788,0
RSPS.US,D,20231214,000000,31.73,31.77,31.33,31.34,78182,0
RSPS.US,D,20231215,000000,31.3,31.3,31.0701,31.12,78416,0
RSPS.US,D,20231218,000000,31,31.115,30.855,31.01,90617,0
RSPS.US,D,20231219,000000,31.1,31.22,31.07,31.21,73982,0
RSPS.US,D,20231220,000000,31.02,31.03,30.59,30.61,69540,0
RSPS.US,D,20231221,000000,30.73,30.8501,30.5801,30.81,61938,0
RSPS.US,D,20231222,000000,30.94,31.13,30.8716,31.03,70086,0
RSPS.US,D,20231226,000000,31.05,31.2401,30.98,31.19,47738,0
RSPS.US,D,20231227,000000,31.21,31.28,31.12,31.27,74152,0
RSPS.US,D,20231228,000000,31.22,31.395,31.22,31.38,68441,0
RSPS.US,D,20231229,000000,31.34,31.437,31.29,31.3973,49936,0
RSPS.US,D,20240102,000000,31.31,31.9501,31.31,31.8508,89275,0
RSPS.US,D,20240103,000000,31.9,31.92,31.47,31.5,63965,0
RSPS.US,D,20240104,000000,31.53,31.61,31.35,31.35,34128,0
RSPS.US,D,20240105,000000,31.27,31.5176,31.14,31.29,69134,0
RSPS.US,D,20240108,000000,31.31,31.52,31.24,31.52,306193,0
RSPS.US,D,20240109,000000,31.43,31.655,31.342,31.655,1264191,0
RSPS.US,D,20240110,000000,31.64,31.7,31.3485,31.42,98992,0
RSPS.US,D,20240111,000000,31.39,31.41,31.19,31.395,344301,0
RSPS.US,D,20240112,000000,31.5,31.56,31.3314,31.42,56287,0
RSPS.US,D,20240116,000000,31.4,31.4,31.105,31.235,108812,0
RSPS.US,D,20240117,000000,31.08,31.31,31.08,31.18,49000,0
RSPS.US,D,20240118,000000,31.09,31.1,30.88,31.09,140869,0
RSPS.US,D,20240119,000000,31.08,31.08,30.77,30.92,74210,0
RSPS.US,D,20240122,000000,30.8,30.8415,30.6499,30.7,52585,0
RSPS.US,D,20240123,000000,30.78,31.07,30.78,31.02,34469,0
RSPS.US,D,20240124,000000,31,31,30.58,30.585,61110,0
RSPS.US,D,20240125,000000,30.75,30.96,30.635,30.95,105904,0
RSPS.US,D,20240126,000000,31.07,31.175,31.0593,31.08,238503,0
RSPS.US,D,20240129,000000,31.21,31.25,31.06,31.2194,76477,0
RSPS.US,D,20240130,000000,31.19,31.372,31.11,31.3553,26136,0
RSPS.US,D,20240131,000000,31.38,31.4,31.06,31.1094,67860,0
RSPS.US,D,20240201,000000,31.13,31.73,31,31.73,70606,0
RSPS.US,D,20240202,000000,31.68,31.7699,31.4778,31.63,63311,0
RSPS.US,D,20240205,000000,31.7,31.71,31.325,31.33,33854,0
RSPS.US,D,20240206,000000,31.31,31.499,31.2833,31.3863,42771,0
RSPS.US,D,20240207,000000,31.47,31.48,31.19,31.215,67716,0
RSPS.US,D,20240208,000000,31.16,31.37,31.11,31.18,134176,0
RSPS.US,D,20240209,000000,31.14,31.14,30.82,30.885,77262,0
RSPS.US,D,20240212,000000,30.86,31.225,30.85,31.22,62537,0
RSPS.US,D,20240213,000000,31.08,31.1779,30.66,30.82,47139,0
RSPS.US,D,20240214,000000,30.84,30.84,30.57,30.72,39589,0
RSPS.US,D,20240215,000000,30.78,31.0481,30.78,30.99,25524,0
RSPS.US,D,20240216,000000,30.94,31.2187,30.8963,31.0611,43093,0
RSPS.US,D,20240220,000000,31.12,31.58,31.12,31.41,120488,0
RSPS.US,D,20240221,000000,31.49,31.5415,31.35,31.495,35495,0
RSPS.US,D,20240222,000000,31.31,31.58,31.151,31.55,41076,0
RSPS.US,D,20240223,000000,31.54,31.79,31.46,31.6,36543,0
RSPS.US,D,20240226,000000,31.56,31.57,31.3597,31.39,33233,0
RSPS.US,D,20240227,000000,31.44,31.495,31.37,31.49,31016,0
RSPS.US,D,20240228,000000,31.45,31.5493,31.39,31.49,37090,0
RSPS.US,D,20240229,000000,31.68,31.82,31.58,31.72,23366,0
RSPS.US,D,20240301,000000,31.64,31.725,31.4926,31.67,144009,0
RSPS.US,D,20240304,000000,31.52,31.58,31.45,31.52,83632,0
RSPS.US,D,20240305,000000,31.63,31.91,31.63,31.74,37418,0
RSPS.US,D,20240306,000000,31.83,31.93,31.79,31.9,25726,0
RSPS.US,D,20240307,000000,31.97,32.07,31.9262,32.045,42140,0
RSPS.US,D,20240308,000000,31.97,32.17,31.93,32.09,228648,0
RSPS.US,D,20240311,000000,32.11,32.3951,32.11,32.375,62721,0
RSPS.US,D,20240312,000000,32.4,32.55,32.34,32.43,94408,0
RSPS.US,D,20240313,000000,32.29,32.4982,32.29,32.4297,41131,0
RSPS.US,D,20240314,000000,32.46,32.46,31.89,32.04,734346,0
RSPS.US,D,20240315,000000,31.82,32.1979,31.82,32.16,45007,0
RSPS.US,D,20240318,000000,31.89,32.26,31.87,32.15,57244,0
RSPS.US,D,20240319,000000,32.15,32.38,32.15,32.36,30539,0
RSPS.US,D,20240320,000000,32.43,32.51,32.24,32.36,31697,0
RSPS.US,D,20240321,000000,32.37,32.4998,32.2801,32.42,33210,0
RSPS.US,D,20240322,000000,32.48,32.48,32.285,32.32,40435,0
RSPS.US,D,20240325,000000,32.35,32.4278,32.2243,32.27,127408,0
RSPS.US,D,20240326,000000,32.32,32.465,32.32,32.3814,52710,0
RSPS.US,D,20240327,000000,32.52,32.79,32.52,32.79,112710,0
RSPS.US,D,20240328,000000,32.89,33.05,32.89,32.93,28363,0
RSPS.US,D,20240401,000000,32.91,32.923,32.73,32.74,31100,0
RSPS.US,D,20240402,000000,32.75,32.84,32.59,32.6305,79188,0
RSPS.US,D,20240403,000000,32.57,32.57,32.253,32.29,84622,0
RSPS.US,D,20240404,000000,32.36,32.41,32.07,32.145,48168,0
RSPS.US,D,20240405,000000,32.08,32.15,31.99,32.11,35167,0
RSPS.US,D,20240408,000000,32,32.2,32,32.01,73573,0
RSPS.US,D,20240409,000000,32.07,32.165,31.97,32.1599,28808,0
RSPS.US,D,20240410,000000,31.87,31.95,31.77,31.92,33733,0
RSPS.US,D,20240411,000000,32.01,32.01,31.6451,31.77,48970,0
RSPS.US,D,20240412,000000,31.6578,31.685,31.2,31.22,25713,0
RSPS.US,D,20240415,000000,31.39,31.4199,31.07,31.1704,138583,0
RSPS.US,D,20240416,000000,31.24,31.25,31.1,31.185,39126,0
RSPS.US,D,20240417,000000,31.34,31.41,31.19,31.32,19172,0
RSPS.US,D,20240418,000000,31.45,31.525,31.3701,31.52,20890,0
RSPS.US,D,20240419,000000,31.49,31.892,31.49,31.88,18227,0
RSPS.US,D,20240422,000000,31.92,32.22,31.84,32.1215,23950,0
RSPS.US,D,20240423,000000,32.22,32.28,32.165,32.22,20230,0
RSPS.US,D,20240424,000000,31.96,32.4215,31.96,32.4,16330,0
RSPS.US,D,20240425,000000,32.38,32.49,32.15,32.215,27016,0
RSPS.US,D,20240426,000000,32.14,32.29,32.115,32.1234,28091,0
RSPS.US,D,20240429,000000,32.14,32.2514,32.08,32.2514,34022,0
RSPS.US,D,20240430,000000,32.18,32.18,31.99,32.039,46696,0
RSPS.US,D,20240501,000000,31.85,31.85,31.58,31.61,48762,0
RSPS.US,D,20240502,000000,31.71,32.02,31.7039,31.9108,38214,0
RSPS.US,D,20240503,000000,31.99,32.015,31.819,31.96,25413,0
RSPS.US,D,20240506,000000,32,32,31.654,31.7983,23031,0
RSPS.US,D,20240507,000000,31.94,32.191,31.94,32.19,36888,0
RSPS.US,D,20240508,000000,32.13,32.24,32.115,32.125,45328,0
RSPS.US,D,20240509,000000,32.16,32.3208,32.0766,32.3208,29289,0
RSPS.US,D,20240510,000000,32.34,32.585,32.33,32.565,22114,0
RSPS.US,D,20240513,000000,32.59,32.82,32.53,32.55,43892,0
RSPS.US,D,20240514,000000,32.64,32.7016,32.35,32.475,22568,0
RSPS.US,D,20240515,000000,32.48,32.485,32.28,32.3,23822,0
RSPS.US,D,20240516,000000,32.44,32.77,32.44,32.7,19834,0
RSPS.US,D,20240517,000000,32.65,32.65,32.485,32.4915,18237,0
RSPS.US,D,20240520,000000,32.51,32.51,32.265,32.2783,21603,0
RSPS.US,D,20240521,000000,32.41,32.42,32.21,32.34,24940,0
RSPS.US,D,20240522,000000,32.12,32.26,32.05,32.16,20966,0
RSPS.US,D,20240523,000000,32.02,32.06,31.74,31.7438,15881,0
RSPS.US,D,20240524,000000,31.875,31.89,31.75,31.775,28970,0
RSPS.US,D,20240528,000000,31.64,31.6815,31.35,31.4,46118,0
RSPS.US,D,20240529,000000,31.23,31.3238,31.08,31.0907,39633,0
RSPS.US,D,20240530,000000,31.18,31.2085,31.02,31.05,13901,0
RSPS.US,D,20240531,000000,31.09,31.7,31.09,31.7,16610,0
RSPS.US,D,20240603,000000,31.65,31.83,31.5,31.6613,19353,0
RSPS.US,D,20240604,000000,31.65,31.82,31.61,31.7396,28678,0
RSPS.US,D,20240605,000000,31.3925,31.4881,31.3,31.4798,27919,0
RSPS.US,D,20240606,000000,31.48,31.67,31.4797,31.5287,18230,0
RSPS.US,D,20240607,000000,31.43,31.6136,31.38,31.38,25302,0
RSPS.US,D,20240610,000000,31.33,31.33,31.005,31.25,20563,0
RSPS.US,D,20240611,000000,31.14,31.23,31.01,31.23,19522,0
RSPS.US,D,20240612,000000,31.34,31.34,30.83,30.84,36163,0
RSPS.US,D,20240613,000000,30.89,30.89,30.655,30.82,44656,0
RSPS.US,D,20240614,000000,30.73,30.806,30.66,30.8,56306,0
RSPS.US,D,20240617,000000,30.7,31.23,30.7,31.1895,41087,0
RSPS.US,D,20240618,000000,31.17,31.2,31.07,31.16,31073,0
RSPS.US,D,20240620,000000,31.07,31.3,31.02,31.08,999778,0
RSPS.US,D,20240621,000000,31.14,31.4,31.14,31.2006,43195,0
RSPS.US,D,20240624,000000,31.08,31.43,31.08,31.36,140014,0
RSPS.US,D,20240625,000000,31.24,31.2837,30.99,31.02,32848,0
RSPS.US,D,20240626,000000,30.81,30.9444,30.8,30.9136,26238,0
RSPS.US,D,20240627,000000,30.85,30.85,30.555,30.65,23447,0
RSPS.US,D,20240628,000000,30.69,30.715,30.495,30.61,141007,0
RSPS.US,D,20240701,000000,30.64,30.8557,30.39,30.39,57935,0
RSPS.US,D,20240702,000000,30.45,30.55,30.35,30.55,41842,0
RSPS.US,D,20240703,000000,30.53,30.56,30.35,30.3989,13946,0
RSPS.US,D,20240705,000000,30.32,30.59,30.26,30.55,15770,0
RSPS.US,D,20240708,000000,30.63,30.63,30.455,30.54,30143,0
RSPS.US,D,20240709,000000,30.47,30.5338,30.37,30.37,24590,0
RSPS.US,D,20240710,000000,30.39,30.5396,30.39,30.5396,31782,0
RSPS.US,D,20240711,000000,30.4,30.81,30.4,30.73,50241,0
RSPS.US,D,20240712,000000,30.9,31.06,30.8803,30.92,21845,0
RSPS.US,D,20240715,000000,30.9,30.9,30.69,30.7,49080,0
RSPS.US,D,20240716,000000,30.75,31.025,30.65,31.025,68295,0
RSPS.US,D,20240717,000000,31.04,31.607,31.04,31.55,37355,0
RSPS.US,D,20240718,000000,31.44,31.77,31.38,31.381,248881,0
RSPS.US,D,20240719,000000,31.37,31.39,31.08,31.1223,51033,0
RSPS.US,D,20240722,000000,31.17,31.17,30.9379,31.11,48827,0
RSPS.US,D,20240723,000000,31.08,31.11,30.865,30.87,36584,0
RSPS.US,D,20240724,000000,30.68,30.84,30.55,30.79,41074,0
RSPS.US,D,20240725,000000,30.91,31.37,30.885,30.9,56968,0
RSPS.US,D,20240726,000000,30.96,31.28,30.96,31.25,43301,0
RSPS.US,D,20240729,000000,31.15,31.31,30.99,31.225,29236,0
RSPS.US,D,20240730,000000,31.03,31.35,30.9,31.3,35120,0
RSPS.US,D,20240731,000000,31.29,31.41,31.08,31.2,65013,0
RSPS.US,D,20240801,000000,31.26,31.4,31.09,31.35,38375,0
RSPS.US,D,20240802,000000,31.47,31.71,31.03,31.565,63304,0
RSPS.US,D,20240805,000000,31.5,31.74,30.9502,31.05,84067,0
RSPS.US,D,20240806,000000,31.26,31.62,31.26,31.32,98317,0
RSPS.US,D,20240807,000000,31.47,31.73,31.26,31.27,58914,0
RSPS.US,D,20240808,000000,31.1,31.5037,31.1,31.4,40608,0
RSPS.US,D,20240809,000000,31.34,31.4302,31.17,31.4,49569,0
RSPS.US,D,20240812,000000,31.38,31.38,31.04,31.0595,32026,0
RSPS.US,D,20240813,000000,31.07,31.34,31.01,31.32,61263,0
RSPS.US,D,20240814,000000,31.38,31.6532,31.38,31.5685,64750,0
RSPS.US,D,20240815,000000,31.8,31.91,31.68,31.7253,38432,0
RSPS.US,D,20240816,000000,31.62,31.89,31.62,31.88,23658,0
RSPS.US,D,20240819,000000,31.92,32.12,31.92,32.05,39369,0
RSPS.US,D,20240820,000000,32.1,32.1,31.95,32.0425,62861,0
RSPS.US,D,20240821,000000,32.35,32.47,32.2099,32.29,30344,0
RSPS.US,D,20240822,000000,32.38,32.38,32.1011,32.19,58146,0
RSPS.US,D,20240823,000000,32.31,32.3782,32.23,32.3782,22080,0
RSPS.US,D,20240826,000000,32.41,32.67,32.41,32.508,22442,0
RSPS.US,D,20240827,000000,32.49,32.5918,32.3682,32.43,28101,0
RSPS.US,D,20240828,000000,32.41,32.45,32.245,32.37,24803,0
RSPS.US,D,20240829,000000,32.14,32.14,31.85,31.9291,65098,0
RSPS.US,D,20240830,000000,32.065,32.1461,31.97,32.1461,26036,0
RSPS.US,D,20240903,000000,32.14,32.59,32.14,32.4564,36440,0
RSPS.US,D,20240904,000000,32.39,32.53,32.3,32.49,30925,0
RSPS.US,D,20240905,000000,32.6,32.625,32.3479,32.48,30387,0
RSPS.US,D,20240906,000000,32.49,32.63,32.45,32.4599,186813,0
RSPS.US,D,20240909,000000,32.45,32.745,32.41,32.6202,39685,0
RSPS.US,D,20240910,000000,32.59,32.76,32.38,32.43,23093,0
RSPS.US,D,20240911,000000,32.37,32.37,31.845,32.05,38999,0
RSPS.US,D,20240912,000000,32.02,32.27,32,32.25,24887,0
RSPS.US,D,20240913,000000,32.35,32.5652,32.2656,32.5652,15696,0
RSPS.US,D,20240916,000000,32.71,32.89,32.65,32.71,16934,0
RSPS.US,D,20240917,000000,32.74,32.83,32.58,32.61,23742,0
RSPS.US,D,20240918,000000,32.57,32.7,32.45,32.53,22279,0
RSPS.US,D,20240919,000000,32.65,32.65,32.371,32.4,23519,0
RSPS.US,D,20240920,000000,32.35,32.35,32.185,32.31,24661,0
RSPS.US,D,20240923,000000,32.01,32.3,31.97,32.2,37709,0
RSPS.US,D,20240924,000000,32.23,32.3406,32.135,32.135,26033,0
RSPS.US,D,20240925,000000,32.17,32.17,31.94,31.94,34223,0
RSPS.US,D,20240926,000000,32,32.33,32,32.27,58051,0
RSPS.US,D,20240927,000000,32.41,32.69,32.365,32.47,38375,0
RSPS.US,D,20240930,000000,32.59,32.59,32.31,32.37,54257,0
RSPS.US,D,20241001,000000,32.41,32.41,32.1812,32.28,21976,0
RSPS.US,D,20241002,000000,32.15,32.1518,31.89,31.9413,25879,0
RSPS.US,D,20241003,000000,31.64,31.67,31.55,31.62,23222,0
RSPS.US,D,20241004,000000,31.58,31.8,31.58,31.76,36479,0
RSPS.US,D,20241007,000000,31.73,31.74,31.46,31.5024,37974,0
RSPS.US,D,20241008,000000,31.43,31.6,31.34,31.5993,29197,0
RSPS.US,D,20241009,000000,31.58,31.69,31.53,31.6097,19808,0
RSPS.US,D,20241010,000000,31.62,31.67,31.5,31.5699,23302,0
RSPS.US,D,20241011,000000,31.65,31.8,31.59,31.76,26444,0
RSPS.US,D,20241014,000000,31.76,31.85,31.72,31.81,298057,0
RSPS.US,D,20241015,000000,31.94,32.4,31.94,32.08,41810,0
RSPS.US,D,20241016,000000,32.02,32.27,32.02,32.22,47042,0
RSPS.US,D,20241017,000000,32.18,32.18,32.02,32.1178,33820,0
RSPS.US,D,20241018,000000,32.11,32.19,32.01,32.18,15654,0
RSPS.US,D,20241021,000000,32.17,32.18,31.84,31.8407,29140,0
RSPS.US,D,20241022,000000,31.76,31.85,31.6693,31.82,39447,0
RSPS.US,D,20241023,000000,31.66,31.745,31.5912,31.74,20212,0
RSPS.US,D,20241024,000000,31.76,31.77,31.6701,31.72,14125,0
RSPS.US,D,20241025,000000,31.75,31.754,31.4689,31.4689,21417,0
RSPS.US,D,20241028,000000,31.61,31.7122,31.566288,31.5703,94506,0
RSPS.US,D,20241029,000000,31.4,31.55,31.2492,31.2492,18233,0
RSPS.US,D,20241030,000000,31.16,31.23,31.08,31.09,940968,0
RSPS.US,D,20241031,000000,30.94,31.105,30.91,30.91,38849,0
RSPS.US,D,20241101,000000,31.03,31.09,30.95,30.96,52984,0
RSPS.US,D,20241104,000000,31.01,31.22,31.01,31.0412,16166,0
RSPS.US,D,20241105,000000,31.01,31.25,30.885,31.25,24882,0
RSPS.US,D,20241106,000000,31.43,31.43,30.78,30.798,19310,0
RSPS.US,D,20241107,000000,30.8,31.03,30.79,30.79,51831,0
RSPS.US,D,20241108,000000,30.8,31.06,30.8,31.002,16907,0
RSPS.US,D,20241111,000000,31.08,31.3,30.97,31.01,46874,0
RSPS.US,D,20241112,000000,31.09,31.09,30.941,31.0003,25478,0
RSPS.US,D,20241113,000000,30.94,31.1011,30.9325,31.0928,21176,0
RSPS.US,D,20241114,000000,31.2033,31.245,31.0563,31.0563,31897,0
RSPS.US,D,20241115,000000,30.94,31.01,30.67,30.6763,20615,0
RSPS.US,D,20241118,000000,30.74,30.95,30.71,30.9,28348,0
RSPS.US,D,20241119,000000,30.78,30.9,30.63,30.79,28978,0
RSPS.US,D,20241120,000000,30.5471,30.68,30.45,30.68,28237,0
RSPS.US,D,20241121,000000,30.6601,31,30.6601,30.98,24497,0
RSPS.US,D,20241122,000000,31.08,31.25,31.08,31.24,97026,0
RSPS.US,D,20241125,000000,31.4838,31.6679,31.42,31.5,36957,0
RSPS.US,D,20241126,000000,31.555,31.56,31.4,31.54,39217,0
RSPS.US,D,20241127,000000,31.7269,31.81,31.62,31.65,44510,0
RSPS.US,D,20241129,000000,31.69,31.84,31.65,31.81,27653,0
RSPS.US,D,20241202,000000,31.77,31.85,31.55,31.84,37141,0
RSPS.US,D,20241203,000000,31.66,31.79,31.63,31.692,89220,0
RSPS.US,D,20241204,000000,31.6,31.67,31.41,31.52,101057,0
RSPS.US,D,20241205,000000,31.61,31.73,31.485,31.67,79194,0
RSPS.US,D,20241206,000000,31.85,31.8819,31.48,31.49,46890,0
RSPS.US,D,20241209,000000,31.54,31.97,31.51,31.7,329597,0
RSPS.US,D,20241210,000000,31.65,32.01,31.44,31.9,44056,0
RSPS.US,D,20241211,000000,31.94,31.99,31.54,31.54,43509,0
RSPS.US,D,20241212,000000,31.716,31.716,31.52,31.596,34999,0
RSPS.US,D,20241213,000000,31.49,31.64,31.3526,31.6169,24865,0
RSPS.US,D,20241216,000000,31.5302,31.68,31.35,31.35,44597,0
RSPS.US,D,20241217,000000,31.33,31.41,31.2184,31.26,19633,0
RSPS.US,D,20241218,000000,31,31.195,30.72,30.72,47777,0
RSPS.US,D,20241219,000000,30.455,30.53,30.295,30.31,70071,0
RSPS.US,D,20241220,000000,30.245,30.63,30.24,30.5,54542,0
RSPS.US,D,20241223,000000,30.17,30.19,29.9145,30.17,112246,0
RSPS.US,D,20241224,000000,30.1157,30.28,30.105,30.2706,26840,0
RSPS.US,D,20241226,000000,30.32,30.43,30.25,30.4,77768,0
RSPS.US,D,20241227,000000,30.2903,30.4899,30.235,30.34,41579,0
RSPS.US,D,20241230,000000,30.01,30.2,29.879,29.97,98518,0
RSPS.US,D,20241231,000000,30.1707,30.1707,29.9301,30.1,64478,0
RSPS.US,D,20250102,000000,30.325,30.3544,29.97,30.05,41324,0
RSPS.US,D,20250103,000000,30.045,30.09,29.8569,29.96,59720,0
RSPS.US,D,20250106,000000,30.01,30.09,29.63,29.6333,48869,0
RSPS.US,D,20250107,000000,29.7993,29.92,29.4601,29.4891,30729,0
RSPS.US,D,20250108,000000,29.26,29.42,29.12,29.38,39519,0
RSPS.US,D,20250110,000000,29.2001,29.45,28.9709,29.04,217726,0
RSPS.US,D,20250113,000000,28.99,29.28,28.99,29.2196,31967,0
RSPS.US,D,20250114,000000,29.22,29.29,29.06,29.21,53975,0
RSPS.US,D,20250115,000000,29.49,29.49,29.02,29.05,48206,0
RSPS.US,D,20250116,000000,28.99,29.39,28.92,29.36,61770,0
RSPS.US,D,20250117,000000,29.3907,29.53,29.3907,29.415,38033,0
RSPS.US,D,20250121,000000,29.42,29.5532,29.34,29.4806,70935,0
RSPS.US,D,20250122,000000,29.4699,29.55,29.22,29.24,57974,0
RSPS.US,D,20250123,000000,29.21,29.35,29.091,29.3246,94746,0
RSPS.US,D,20250124,000000,29.37,29.56,29.29,29.52,45064,0
RSPS.US,D,20250127,000000,30,30.3051,29.78,30.22,137549,0
RSPS.US,D,20250128,000000,30.1157,30.239,29.62,29.65,32996,0
RSPS.US,D,20250129,000000,29.7988,29.863,29.69,29.71,57130,0
RSPS.US,D,20250130,000000,29.88,30.07,29.85,30.0228,34421,0
RSPS.US,D,20250131,000000,29.7002,29.8899,29.6,29.6188,47918,0
RSPS.US,D,20250203,000000,29.3,29.62,29.16,29.465,33590,0
RSPS.US,D,20250204,000000,29.158,29.32,28.98,29.04,55884,0
RSPS.US,D,20250205,000000,29,29.05,28.81,29.05,60462,0
RSPS.US,D,20250206,000000,29.385,29.385,29.035,29.09,101486,0
RSPS.US,D,20250207,000000,29.1537,29.17,29.0121,29.1104,68164,0
RSPS.US,D,20250210,000000,29.11,29.1693,29,29.165,43755,0
RSPS.US,D,20250211,000000,29.11,29.41,29.04,29.41,40690,0
RSPS.US,D,20250212,000000,29.1385,29.32,29.11,29.26,54804,0
RSPS.US,D,20250213,000000,29.3576,29.655,29.3127,29.61,53400,0
RSPS.US,D,20250214,000000,29.7333,29.77,29.46,29.47,22964,0
RSPS.US,D,20250218,000000,29.3821,29.73,29.35,29.69,42785,0
RSPS.US,D,20250219,000000,29.705,29.945,29.65,29.9199,40791,0
RSPS.US,D,20250220,000000,29.77,30.0246,29.7,30.02,30694,0
RSPS.US,D,20250221,000000,30.03,30.55,30.03,30.52,240186,0
RSPS.US,D,20250224,000000,30.41,30.86,30.35,30.7,195161,0
RSPS.US,D,20250225,000000,30.9,31.14,30.82,31.04,88091,0
RSPS.US,D,20250226,000000,30.86,31,30.345,30.37,115428,0
RSPS.US,D,20250227,000000,30.28,30.54,30.2301,30.43,48906,0
RSPS.US,D,20250228,000000,30.6278,30.7046,30.3987,30.66,21412,0
RSPS.US,D,20250303,000000,30.6062,30.92,30.53,30.74,356852,0
RSPS.US,D,20250304,000000,30.82,31.06,30.32,30.34,145226,0
RSPS.US,D,20250305,000000,30.54,30.56,30.27,30.47,140323,0
RSPS.US,D,20250306,000000,30.52,30.75,30.365,30.66,31012,0
RSPS.US,D,20250307,000000,30.8,31.53,30.52,31.24,116660,0
RSPS.US,D,20250310,000000,31.54,32.05,31.28,31.35,104407,0
RSPS.US,D,20250311,000000,31.16,31.35,30.71,30.71,88824,0
RSPS.US,D,20250312,000000,30.36,30.47,29.97,29.97,88745,0
RSPS.US,D,20250313,000000,30.0868,30.32,29.94,30.01,51757,0
RSPS.US,D,20250314,000000,29.9039,30.09,29.9039,30.03,49788,0
RSPS.US,D,20250317,000000,30.34,30.5622,30.06,30.47,42012,0
RSPS.US,D,20250318,000000,30.411,30.45,30.195,30.2,39833,0
RSPS.US,D,20250319,000000,30.0254,30.16,29.939,30.12,88223,0
RSPS.US,D,20250320,000000,30,30.1809,29.955,30.01,38911,0
RSPS.US,D,20250321,000000,30.08,30.08,29.91,30.02,31539,0
RSPS.US,D,20250324,000000,29.7389,29.98,29.7389,29.92,61380,0
RSPS.US,D,20250325,000000,29.79,29.84,29.58,29.67,38451,0
RSPS.US,D,20250326,000000,29.7089,30.22,29.7,30.15,46715,0
RSPS.US,D,20250327,000000,30.34,30.658,30.22,30.6,50855,0
RSPS.US,D,20250328,000000,30.7007,30.75,30.37,30.45,45281,0
RSPS.US,D,20250331,000000,30.64,30.93,30.45,30.82,108669,0
RSPS.US,D,20250401,000000,30.87,30.88,30.66,30.86,128694,0
RSPS.US,D,20250402,000000,30.79,30.895,30.6327,30.82,37657,0
RSPS.US,D,20250403,000000,31,31.0606,30.65,30.84,54520,0
RSPS.US,D,20250404,000000,30.68,30.82,29.68,29.7,92226,0
