<TICKER>,<PER>,<DATE>,<TIME>,<OPEN>,<HIGH>,<LOW>,<CLOSE>,<VOL>,<OPENINT>
STPZ.US,D,20090821,000000,42.7889,42.7889,42.7592,42.7592,32827.73037516,0
STPZ.US,D,20090824,000000,42.7532,42.7889,42.7274,42.7889,13035.28156986,0
STPZ.US,D,20090825,000000,42.7532,42.7889,42.6947,42.7433,68915.037542102,0
STPZ.US,D,20090826,000000,42.8167,43.2926,42.7344,42.7671,43670.462456983,0
STPZ.US,D,20090827,000000,42.7671,42.8167,42.7344,42.7592,30872.186006575,0
STPZ.US,D,20090828,000000,42.7433,42.8266,42.7344,42.7988,34406.083617468,0
STPZ.US,D,20090831,000000,42.7592,42.8444,42.6769,42.7274,39024.153583301,0
STPZ.US,D,20090901,000000,42.7532,42.8167,42.7026,42.7988,40450.218429706,0
STPZ.US,D,20090902,000000,42.8444,42.8543,42.782,42.8355,23086.315699471,0
STPZ.US,D,20090903,000000,42.7671,42.897,42.7532,42.897,24701.984641438,0
STPZ.US,D,20090904,000000,42.9485,42.9932,42.8732,42.9208,30723.931740365,0
STPZ.US,D,20090908,000000,43.0675,43.1022,43.0031,43.0358,53989.766211166,0
STPZ.US,D,20090909,000000,43.0289,43.1022,43.0031,43.0933,95870.083616969,0
STPZ.US,D,20090910,000000,43.1379,43.1637,43.0675,43.1379,53393.723549054,0
STPZ.US,D,20090911,000000,43.1558,43.2758,43.129,43.1816,69487.88395848,0
STPZ.US,D,20090914,000000,43.1637,43.2153,43.129,43.1478,49694.426620757,0
STPZ.US,D,20090915,000000,43.1379,43.1816,43.129,43.1726,37476.056313689,0
STPZ.US,D,20090916,000000,43.2242,43.2242,43.1022,43.1875,99991.955630587,0
STPZ.US,D,20090917,000000,43.2153,43.2153,43.0507,43.1726,74656.61262738,0
STPZ.US,D,20090918,000000,43.1816,43.1816,43.0437,43.0765,48838.18259346,0
STPZ.US,D,20090921,000000,43.0854,43.1022,42.9842,43.0437,45289.156996219,0
STPZ.US,D,20090922,000000,43.0765,43.129,43.0675,43.1121,75873.911262182,0
STPZ.US,D,20090923,000000,43.0437,43.1726,43.01,43.1558,55023.511944946,0
STPZ.US,D,20090924,000000,43.1726,43.1726,43.1022,43.1379,40866.742320487,0
STPZ.US,D,20090925,000000,43.129,43.1478,43.0437,43.1379,103433.06825855,0
STPZ.US,D,20090928,000000,43.1379,43.1726,43.0576,43.1726,56133.906142889,0
STPZ.US,D,20090929,000000,43.0854,43.1478,43.0765,43.1201,67569.655289554,0
STPZ.US,D,20090930,000000,43.1379,43.2331,43.1022,43.2153,38137.653583308,0
STPZ.US,D,20091001,000000,43.2678,43.3194,43.1637,43.3194,54650.354948362,0
STPZ.US,D,20091002,000000,43.2758,43.3025,43.2331,43.2599,10727.759385578,0
STPZ.US,D,20091005,000000,43.3194,43.3194,43.2242,43.3124,30880.254265961,0
STPZ.US,D,20091006,000000,43.2242,43.3352,43.2242,43.3194,22238.13993156,0
STPZ.US,D,20091007,000000,43.3263,43.3957,43.3124,43.3957,23948.610921307,0
STPZ.US,D,20091008,000000,43.4195,43.4195,43.362,43.4106,82600.822524926,0
STPZ.US,D,20091009,000000,43.3263,43.3452,43.2758,43.3452,47741.907849442,0
STPZ.US,D,20091012,000000,43.5028,43.5028,43.3352,43.4037,27792.127986122,0
STPZ.US,D,20091013,000000,43.4453,43.4701,43.3868,43.4701,50520.414675358,0
STPZ.US,D,20091014,000000,43.4453,43.4612,43.4037,43.4285,52914.670648034,0
STPZ.US,D,20091015,000000,43.4453,43.4879,43.3957,43.4701,117154.15187618,0
STPZ.US,D,20091016,000000,43.4879,43.5197,43.4285,43.5197,35811.977815409,0
STPZ.US,D,20091019,000000,43.5197,43.6178,43.5117,43.6079,45113.672354582,0
STPZ.US,D,20091020,000000,43.714,43.714,43.5742,43.6178,42833.380545727,0
STPZ.US,D,20091021,000000,43.6,43.6,43.5117,43.5464,43858.049487698,0
STPZ.US,D,20091022,000000,43.5117,43.5117,43.4701,43.4959,33959.30375399,0
STPZ.US,D,20091023,000000,43.479,43.5117,43.479,43.4959,20936.124573209,0
STPZ.US,D,20091026,000000,43.4879,43.5564,43.4195,43.4959,35354.104095276,0
STPZ.US,D,20091027,000000,43.5564,43.6872,43.5464,43.6793,52853.150170219,0
STPZ.US,D,20091028,000000,43.6872,43.714,43.6079,43.6793,81153.578497634,0
STPZ.US,D,20091029,000000,43.6515,43.6872,43.5821,43.6872,38069.07337853,0
STPZ.US,D,20091030,000000,43.6793,43.7229,43.6515,43.6962,52925.76450469,0
STPZ.US,D,20091102,000000,43.7229,43.7448,43.6,43.7061,149167.99658582,0
STPZ.US,D,20091103,000000,43.6436,43.7289,43.6436,43.6962,53038.720136088,0
STPZ.US,D,20091104,000000,43.6872,43.7448,43.6793,43.7368,24989.41638205,0
STPZ.US,D,20091105,000000,43.7785,43.8112,43.7695,43.8042,45983.027303381,0
STPZ.US,D,20091106,000000,43.8112,43.8568,43.7448,43.8469,78290.35494817,0
STPZ.US,D,20091109,000000,43.945,43.9708,43.8746,43.9708,69981.056313425,0
STPZ.US,D,20091110,000000,43.9966,43.9966,43.9014,43.9629,55134.450511498,0
STPZ.US,D,20091111,000000,44.0105,44.0789,43.9807,44.0035,40296.921501379,0
STPZ.US,D,20091112,000000,44.0035,44.0035,43.8667,43.9361,70148.472695676,0
STPZ.US,D,20091113,000000,43.9093,43.9361,43.8469,43.9093,91069.469282537,0
STPZ.US,D,20091116,000000,43.945,44.0521,43.8836,44.0432,36314.226962162,0
STPZ.US,D,20091117,000000,43.9887,44.07,43.9807,44.07,103740.67064762,0
STPZ.US,D,20091118,000000,44.1404,44.1473,44.1067,44.1225,45057.194538883,0
STPZ.US,D,20091119,000000,44.1473,44.1652,44.07,44.1473,49653.076791406,0
STPZ.US,D,20091120,000000,44.2742,44.2742,44.0521,44.1324,87076.689419088,0
STPZ.US,D,20091123,000000,44.1225,44.1751,44.0789,44.1751,30540.378839342,0
STPZ.US,D,20091124,000000,44.1919,44.2663,44.1562,44.2167,94654.802047013,0
STPZ.US,D,20091125,000000,44.2078,44.2742,44.2009,44.2742,38479.546074773,0
STPZ.US,D,20091127,000000,44.2901,44.2901,44.1751,44.2822,15186.481228546,0
STPZ.US,D,20091130,000000,44.2663,44.2822,44.1404,44.2663,53714.436859632,0
STPZ.US,D,20091201,000000,44.2425,44.2822,44.2167,44.2663,36649.059726665,0
STPZ.US,D,20091202,000000,44.2742,44.3089,44.2326,44.2494,33727.341296654,0
STPZ.US,D,20091203,000000,44.2078,44.2167,44.184,44.2078,57089.994880082,0
STPZ.US,D,20091204,000000,44.1166,44.1166,44.0273,44.0432,47374.802047397,0
STPZ.US,D,20091207,000000,44.0273,44.0977,44.0184,44.0789,16824.337883822,0
STPZ.US,D,20091208,000000,44.1404,44.1473,44.0789,44.0977,73632.952217832,0
STPZ.US,D,20091209,000000,44.0521,44.0977,43.9807,44.0035,45839.815699286,0
STPZ.US,D,20091210,000000,43.9807,44.0035,43.9014,44.0035,35595.143344421,0
STPZ.US,D,20091211,000000,43.9807,43.9887,43.9361,43.9887,37098.865187412,0
STPZ.US,D,20091214,000000,44.0184,44.0184,43.945,44.0035,24888.56313973,0
STPZ.US,D,20091215,000000,44.0184,44.0521,43.9966,44.0521,38496.691125967,0
STPZ.US,D,20091216,000000,44.07,45.1914,44.0363,44.1067,64079.124572858,0
STPZ.US,D,20091217,000000,44.0789,44.1919,44.0789,44.184,41104.755972362,0
STPZ.US,D,20091218,000000,44.1562,44.1919,44.1166,44.1404,64380.675767395,0
STPZ.US,D,20091221,000000,44.1067,44.1067,44.0273,44.0789,127576.32593753,0
STPZ.US,D,20091222,000000,44.0035,44.0521,44.0035,44.0432,42348.276450168,0
STPZ.US,D,20091223,000000,44.0105,44.07,44.0105,44.0432,58030.955630928,0
STPZ.US,D,20091224,000000,44.0035,44.0105,43.953,43.9966,36614.769624276,0
STPZ.US,D,20091228,000000,43.9887,44.0035,43.945,43.9807,78172.356654655,0
STPZ.US,D,20091229,000000,43.953,43.9966,43.838,43.9629,48299.626279471,0
STPZ.US,D,20091230,000000,43.9708,44.0035,43.945,43.9887,98339.979521386,0
STPZ.US,D,20091231,000000,43.9093,44.5846,43.8181,43.9708,41076.517064513,0
STPZ.US,D,20100104,000000,43.9887,44.0035,43.9093,44.0035,67625.12457283,0
STPZ.US,D,20100105,000000,44.07,44.1067,44.0273,44.0888,72293.621159822,0
STPZ.US,D,20100106,000000,44.0789,44.1225,44.0363,44.1225,77170.883958418,0
STPZ.US,D,20100107,000000,44.1067,44.1473,44.0888,44.1324,54120.875426182,0
STPZ.US,D,20100108,000000,44.2078,44.2078,44.1324,44.1751,74570.887371408,0
STPZ.US,D,20100111,000000,44.2078,44.2167,44.1652,44.2078,52572.77815657,0
STPZ.US,D,20100112,000000,44.2078,44.2663,44.2078,44.2494,58232.662115568,0
STPZ.US,D,20100113,000000,44.2167,44.2167,44.1473,44.1562,62398.909555807,0
STPZ.US,D,20100114,000000,44.2256,44.2494,44.184,44.2326,122997.5887362,0
STPZ.US,D,20100115,000000,44.2901,44.3347,44.2663,44.3347,40253.554607182,0
STPZ.US,D,20100119,000000,44.3347,44.3714,44.2663,44.3625,77296.950511318,0
STPZ.US,D,20100120,000000,44.3347,44.4051,44.3347,44.3714,109556.87713222,0
STPZ.US,D,20100121,000000,44.3347,44.414,44.3347,44.3793,64523.88737149,0
STPZ.US,D,20100122,000000,44.3347,44.3436,44.2663,44.2663,122710.15699559,0
STPZ.US,D,20100125,000000,44.3169,44.3793,44.2901,44.3436,77813.319111996,0
STPZ.US,D,20100126,000000,44.3793,44.3883,44.3347,44.3883,92741.616040202,0
STPZ.US,D,20100127,000000,44.4051,44.414,44.2742,44.2901,110384.88225166,0
STPZ.US,D,20100128,000000,44.2742,44.3169,44.2574,44.3169,79817.273036894,0
STPZ.US,D,20100129,000000,44.2574,44.3169,44.2425,44.3169,91952.94368526,0
STPZ.US,D,20100201,000000,44.299,44.3625,44.2494,44.3526,87129.133105094,0
STPZ.US,D,20100202,000000,44.3625,44.421,44.3436,44.421,61012.177473907,0
STPZ.US,D,20100203,000000,44.3714,44.4834,44.3347,44.3883,122445.92150071,0
STPZ.US,D,20100204,000000,44.414,44.4577,44.3793,44.4577,80957.923207534,0
STPZ.US,D,20100205,000000,44.4478,44.4834,44.3526,44.4051,85677.85494811,0
STPZ.US,D,20100208,000000,44.3793,44.3883,44.3347,44.3714,71681.44197894,0
STPZ.US,D,20100209,000000,44.3625,44.4051,44.3169,44.3625,62704.494880037,0
STPZ.US,D,20100210,000000,44.3526,44.3714,44.2494,44.2901,110139.80887283,0
STPZ.US,D,20100211,000000,44.2822,44.3089,44.2574,44.299,79012.464163181,0
STPZ.US,D,20100212,000000,44.3625,44.3625,44.299,44.3347,118914.04095467,0
STPZ.US,D,20100216,000000,44.2901,44.3793,44.2574,44.3793,119216.60068163,0
STPZ.US,D,20100217,000000,44.3625,44.3982,44.3089,44.3347,209352.16894028,0
STPZ.US,D,20100218,000000,44.3625,44.3714,44.2901,44.3436,167929.72525461,0
STPZ.US,D,20100219,000000,44.2425,44.2425,44.1919,44.2326,119270.05290006,0
STPZ.US,D,20100222,000000,44.2256,44.2425,44.1751,44.2078,55630.648463712,0
STPZ.US,D,20100223,000000,44.2425,44.2742,44.2256,44.2494,56892.322525135,0
STPZ.US,D,20100224,000000,44.2494,44.2574,44.1751,44.2425,41455.725255636,0
STPZ.US,D,20100225,000000,44.2425,44.2494,44.2009,44.2326,49477.592149769,0
STPZ.US,D,20100226,000000,44.2326,44.2494,44.2167,44.2494,49564.325938164,0
STPZ.US,D,20100301,000000,44.2663,44.2663,44.2167,44.2425,75651.025596655,0
STPZ.US,D,20100302,000000,44.2574,44.299,44.2425,44.2901,134037.99317297,0
STPZ.US,D,20100303,000000,44.2494,44.299,44.2494,44.2901,86909.273036837,0
STPZ.US,D,20100304,000000,44.2494,44.2901,44.2326,44.2663,95885.211603317,0
STPZ.US,D,20100305,000000,44.2167,44.2901,44.2009,44.2663,70649.713310006,0
STPZ.US,D,20100308,000000,44.2742,44.3258,44.2326,44.299,3768412.6637919,0
STPZ.US,D,20100309,000000,44.3526,44.3526,44.2822,44.3258,62742.819112118,0
STPZ.US,D,20100310,000000,44.299,44.3258,44.2901,44.299,137975.30375315,0
STPZ.US,D,20100311,000000,44.299,44.3169,44.2742,44.299,121897.27986249,0
STPZ.US,D,20100312,000000,44.299,44.3526,44.2742,44.2901,183106.12115892,0
STPZ.US,D,20100315,000000,44.3347,44.3347,44.2822,44.3258,69252.895903874,0
STPZ.US,D,20100316,000000,44.3436,44.4388,44.3258,44.4309,163461.92661983,0
STPZ.US,D,20100317,000000,44.3883,44.4478,44.3883,44.4388,65966.088736666,0
STPZ.US,D,20100318,000000,44.3883,44.3883,44.3169,44.3347,78653.426620522,0
STPZ.US,D,20100319,000000,44.2822,44.3169,44.1751,44.2009,104325.61945308,0
STPZ.US,D,20100322,000000,44.1751,44.2494,44.1751,44.2326,66540.95221789,0
STPZ.US,D,20100323,000000,44.2494,44.2742,44.2078,44.2326,77906.10409493,0
STPZ.US,D,20100324,000000,44.1652,44.1751,44.0432,44.0789,73925.42662056,0
STPZ.US,D,20100325,000000,44.0789,44.1067,44.0363,44.0888,153110.34982811,0
STPZ.US,D,20100326,000000,44.07,44.1324,44.0432,44.1225,71201.380545497,0
STPZ.US,D,20100329,000000,44.1225,44.1404,44.0789,44.1166,277520.89248921,0
STPZ.US,D,20100330,000000,44.0521,44.1324,44.0521,44.1225,118778.89760996,0
STPZ.US,D,20100331,000000,44.0888,44.1652,44.07,44.1652,46236.168941604,0
STPZ.US,D,20100401,000000,44.1067,44.1652,44.1067,44.1473,67266.08703017,0
STPZ.US,D,20100405,000000,44.07,44.07,43.9708,44.0363,75449.319112015,0
STPZ.US,D,20100406,000000,44.0888,44.1166,44.0521,44.1166,92255.50341222,0
STPZ.US,D,20100407,000000,44.1473,44.2742,44.1225,44.2663,116664.00511851,0
STPZ.US,D,20100408,000000,44.2742,44.2822,44.2167,44.2326,21624.952218254,0
STPZ.US,D,20100409,000000,44.1919,44.2326,44.1751,44.2326,72679.889077908,0
STPZ.US,D,20100412,000000,44.2494,44.2822,44.2256,44.2574,52970.13993131,0
STPZ.US,D,20100413,000000,44.2822,44.3089,44.2326,44.2742,73110.532422614,0
STPZ.US,D,20100414,000000,44.2425,44.2822,44.2167,44.2574,40403.825938238,0
STPZ.US,D,20100415,000000,44.2494,44.3347,44.2494,44.3258,46301.723549112,0
STPZ.US,D,20100416,000000,44.3526,44.3982,44.3169,44.3714,83171.651876458,0
STPZ.US,D,20100419,000000,44.3436,44.3436,44.2901,44.3347,63501.235494365,0
STPZ.US,D,20100420,000000,44.299,44.3436,44.2901,44.3436,58525.136518296,0
STPZ.US,D,20100421,000000,44.3526,44.3793,44.299,44.3793,363498.28156701,0
STPZ.US,D,20100422,000000,44.3714,44.3883,44.2326,44.2901,92501.585323481,0
STPZ.US,D,20100423,000000,44.2574,44.2911,44.2256,44.2822,54857.104095118,0
STPZ.US,D,20100426,000000,44.2425,44.3436,44.2326,44.3169,102279.3071664,0
STPZ.US,D,20100427,000000,44.3436,44.421,44.3169,44.414,61755.465869806,0
STPZ.US,D,20100428,000000,44.3625,44.3883,44.3169,44.3883,46171.622866519,0
STPZ.US,D,20100429,000000,44.4388,44.4755,44.3883,44.4666,125208.29180786,0
STPZ.US,D,20100430,000000,44.4904,44.5003,44.4666,44.4904,56685.573378379,0
STPZ.US,D,20100503,000000,44.4577,44.4577,44.3714,44.421,112054.00341206,0
STPZ.US,D,20100504,000000,44.5092,44.5172,44.4577,44.5003,92168.769623825,0
STPZ.US,D,20100505,000000,44.5003,44.5598,44.4577,44.4904,55273.627985899,0
STPZ.US,D,20100506,000000,44.5439,44.7105,44.3625,44.6867,59013.266211125,0
STPZ.US,D,20100507,000000,44.4904,44.5439,44.3625,44.4834,78902.534129052,0
STPZ.US,D,20100510,000000,44.4478,44.5846,44.4309,44.4755,39140.134811969,0
STPZ.US,D,20100511,000000,44.5439,44.5439,44.4666,44.5261,49630.889078095,0
STPZ.US,D,20100512,000000,44.5439,44.5767,44.5003,44.5509,70995.639931164,0
STPZ.US,D,20100513,000000,44.5846,44.5935,44.5003,44.5677,20417.738907684,0
STPZ.US,D,20100514,000000,44.5846,44.6203,44.5261,44.5846,62186.109214512,0
STPZ.US,D,20100517,000000,44.5846,44.6114,44.5261,44.5261,46136.324231707,0
STPZ.US,D,20100518,000000,44.5439,44.6203,44.5172,44.5935,205512.68600516,0
STPZ.US,D,20100519,000000,44.5598,44.5767,44.4478,44.4666,36504.839590147,0
STPZ.US,D,20100520,000000,44.3089,44.3883,44.2326,44.3883,78479.959043731,0
STPZ.US,D,20100521,000000,44.3436,44.3436,44.2167,44.2663,51282.865187297,0
STPZ.US,D,20100524,000000,44.3089,44.3347,44.2256,44.2742,126814.88395801,0
STPZ.US,D,20100525,000000,44.2742,44.2901,44.184,44.2078,75632.872013038,0
STPZ.US,D,20100526,000000,44.1404,44.2078,44.1324,44.2078,23864.902730182,0
STPZ.US,D,20100527,000000,44.1166,44.1751,44.0789,44.1562,64703.406142819,0
STPZ.US,D,20100528,000000,44.0363,44.1562,44.0105,44.1473,45108.629692466,0
STPZ.US,D,20100601,000000,44.1324,44.1324,44.0184,44.1166,62322.261091644,0
STPZ.US,D,20100602,000000,44.1166,44.1225,44.0432,44.0611,114619.70989668,0
STPZ.US,D,20100603,000000,44.0273,44.1404,44.0273,44.1166,53903.03242277,0
STPZ.US,D,20100604,000000,44.2256,44.2326,44.1652,44.2326,20916.962457168,0
STPZ.US,D,20100607,000000,44.2167,44.2256,44.1562,44.2256,33980.482934878,0
STPZ.US,D,20100608,000000,44.1751,44.184,44.1067,44.1473,30451.627986101,0
STPZ.US,D,20100609,000000,44.0888,44.1562,44.0888,44.1562,49519.950511543,0
STPZ.US,D,20100610,000000,44.1225,44.1324,44.0521,44.0888,49956.645050789,0
STPZ.US,D,20100611,000000,44.1225,44.1652,44.1067,44.1473,51144.696245318,0
STPZ.US,D,20100614,000000,44.1067,44.1751,44.0611,44.1751,41171.319112294,0
STPZ.US,D,20100615,000000,44.184,44.1919,44.1067,44.1473,36709.571672057,0
STPZ.US,D,20100616,000000,44.1919,44.2167,44.1473,44.2167,45525.153583248,0
STPZ.US,D,20100617,000000,44.2494,44.299,44.2425,44.2822,43817.70819077,0
STPZ.US,D,20100618,000000,44.2574,44.2663,44.2167,44.2574,59964.312286202,0
STPZ.US,D,20100621,000000,44.2167,44.299,44.2078,44.299,23207.339590255,0
STPZ.US,D,20100622,000000,44.299,44.4051,44.2822,44.3714,754614.21501094,0
STPZ.US,D,20100623,000000,44.3625,44.3883,44.299,44.3793,36454.412968987,0
STPZ.US,D,20100624,000000,44.3883,44.3883,44.299,44.3436,53761.837883522,0
STPZ.US,D,20100625,000000,44.3347,44.3982,44.299,44.3982,93973.03412893,0
STPZ.US,D,20100628,000000,44.4051,44.4478,44.4051,44.4478,119865.08702974,0
STPZ.US,D,20100629,000000,44.3883,44.4577,44.3883,44.4478,48451.914675374,0
STPZ.US,D,20100630,000000,44.3565,44.3645,44.2911,44.3645,29852.55972672,0
STPZ.US,D,20100701,000000,44.3258,44.3347,44.2167,44.2326,53635.771330622,0
STPZ.US,D,20100702,000000,44.2167,44.2742,44.1652,44.2009,196287.63993015,0
STPZ.US,D,20100706,000000,44.2167,44.2256,44.1404,44.2078,53027.626279433,0
STPZ.US,D,20100707,000000,44.1562,44.2078,44.1225,44.1225,31095.071672102,0
STPZ.US,D,20100708,000000,44.1225,44.2009,44.0977,44.1473,38875.89931709,0
STPZ.US,D,20100709,000000,44.1225,44.184,44.1225,44.1404,42899.943685658,0
STPZ.US,D,20100712,000000,44.2009,44.2078,44.1473,44.2009,34677.378839309,0
STPZ.US,D,20100713,000000,44.1324,44.184,44.1324,44.1751,19075.382252405,0
STPZ.US,D,20100714,000000,44.2326,44.2663,44.1919,44.2574,40992.808873387,0
STPZ.US,D,20100715,000000,44.2822,44.2901,44.2009,44.2425,36381.798634517,0
STPZ.US,D,20100716,000000,44.2326,44.2574,44.1919,44.2167,43789.469282921,0
STPZ.US,D,20100719,000000,44.2167,44.2167,44.1225,44.1652,40167.82935121,0
STPZ.US,D,20100720,000000,44.184,44.2009,44.1324,44.1751,15976.162115911,0
STPZ.US,D,20100721,000000,44.1751,44.2574,44.1562,44.2256,35967.291808582,0
STPZ.US,D,20100722,000000,44.1919,44.2663,44.1919,44.2326,58930.566552422,0
STPZ.US,D,20100723,000000,44.2078,44.2574,44.1652,44.1652,86867.923207486,0
STPZ.US,D,20100726,000000,44.1562,44.2494,44.1562,44.2425,24375.220136321,0
STPZ.US,D,20100727,000000,44.2078,44.2574,44.184,44.2574,50642.447098565,0
STPZ.US,D,20100728,000000,44.2663,44.3347,44.2167,44.3258,62308.141637719,0
STPZ.US,D,20100729,000000,44.3883,44.4478,44.3526,44.3793,28500.117747209,0
STPZ.US,D,20100730,000000,44.3883,44.4755,44.3793,44.4666,36101.426620867,0
STPZ.US,D,20100802,000000,44.4577,44.5439,44.4388,44.4666,71430.317405563,0
STPZ.US,D,20100803,000000,44.5846,44.6599,44.5439,44.6599,45924.532422835,0
STPZ.US,D,20100804,000000,44.5677,44.6203,44.5261,44.534,40465.346416054,0
STPZ.US,D,20100805,000000,44.5935,44.6203,44.5439,44.6203,61278.430033632,0
STPZ.US,D,20100806,000000,44.6867,44.6867,44.6024,44.654,65123.964163294,0
STPZ.US,D,20100809,000000,44.5846,44.6302,44.5677,44.5846,56751.127985887,0
STPZ.US,D,20100810,000000,44.5935,44.7462,44.5439,44.6946,72722.247439682,0
STPZ.US,D,20100811,000000,44.6946,44.7462,44.6461,44.654,41871.240613994,0
STPZ.US,D,20100812,000000,44.6203,44.654,44.4666,44.4666,115059.4300332,0
STPZ.US,D,20100813,000000,44.5003,44.534,44.4755,44.4834,39149.211603778,0
STPZ.US,D,20100816,000000,44.5509,44.5509,44.4755,44.5003,32236.730375165,0
STPZ.US,D,20100817,000000,44.4755,44.4755,44.4388,44.4755,52873.320818683,0
STPZ.US,D,20100818,000000,44.4577,44.4904,44.3883,44.3982,50366.109214608,0
STPZ.US,D,20100819,000000,44.3714,44.4478,44.3714,44.3793,56963.928327182,0
STPZ.US,D,20100820,000000,44.3625,44.4051,44.3436,44.3714,23922.389078304,0
STPZ.US,D,20100823,000000,44.3436,44.3982,44.299,44.3436,35691.962457048,0
STPZ.US,D,20100824,000000,44.3714,44.4309,44.2742,44.3714,108503.9692824,0
STPZ.US,D,20100825,000000,44.421,44.421,44.3436,44.3625,36195.220136225,0
STPZ.US,D,20100826,000000,44.4051,44.4755,44.3714,44.4577,53098.223549057,0
STPZ.US,D,20100827,000000,44.4388,44.4834,44.3169,44.3436,52789.612627558,0
STPZ.US,D,20100830,000000,44.3883,44.4478,44.3883,44.4388,59958.261091663,0
STPZ.US,D,20100831,000000,44.4706,44.4706,44.4259,44.4706,124854.29692731,0
STPZ.US,D,20100901,000000,44.3625,44.4051,44.3089,44.4051,58813.576791331,0
STPZ.US,D,20100902,000000,44.3883,44.3883,44.3526,44.3793,53185.965869875,0
STPZ.US,D,20100903,000000,44.3436,44.3793,44.3089,44.3258,49778.134811882,0
STPZ.US,D,20100907,000000,44.3714,44.4388,44.3436,44.4388,245061.27644852,0
STPZ.US,D,20100908,000000,44.414,44.414,44.3526,44.3883,38878.92491436,0
STPZ.US,D,20100909,000000,44.3526,44.3793,44.3089,44.3625,61510.392490968,0
STPZ.US,D,20100910,000000,44.3169,44.4051,44.3169,44.3793,95909.416381474,0
STPZ.US,D,20100913,000000,44.4051,44.5092,44.3883,44.5003,42064.878839249,0
STPZ.US,D,20100914,000000,44.5261,44.5439,44.4904,44.5172,45467.667235126,0
STPZ.US,D,20100915,000000,44.5172,44.5509,44.4834,44.5172,40798.16211571,0
STPZ.US,D,20100916,000000,44.4904,44.5261,44.4666,44.5003,43322.518770979,0
STPZ.US,D,20100917,000000,44.5003,44.5092,44.4388,44.4478,63859.264504601,0
STPZ.US,D,20100920,000000,44.4755,44.5092,44.4478,44.4755,26944.960750634,0
STPZ.US,D,20100921,000000,44.5003,44.7105,44.5003,44.7105,52160.288395481,0
STPZ.US,D,20100922,000000,44.7551,44.8087,44.6778,44.6778,41844.010238568,0
STPZ.US,D,20100923,000000,44.6946,44.7383,44.6461,44.6689,47953.699658314,0
STPZ.US,D,20100924,000000,44.6599,44.6867,44.6203,44.654,59258.339589962,0
STPZ.US,D,20100927,000000,44.6689,44.6946,44.6461,44.6946,65100.76791756,0
STPZ.US,D,20100928,000000,44.7194,44.8087,44.7026,44.7809,99060.07167155,0
STPZ.US,D,20100929,000000,44.7383,44.7809,44.7105,44.7462,101051.92320737,0
STPZ.US,D,20100930,000000,44.7581,44.7928,44.655,44.7849,83023.397610247,0
STPZ.US,D,20101001,000000,44.7809,44.8424,44.773,44.7997,79388.646757034,0
STPZ.US,D,20101004,000000,44.8573,44.885,44.8424,44.8751,15258.087030593,0
STPZ.US,D,20101005,000000,44.9019,45.004,44.9019,44.9961,52949.969282846,0
STPZ.US,D,20101006,000000,45.1914,45.2797,45.1071,45.1071,75121.546074475,0
STPZ.US,D,20101007,000000,45.1755,45.1755,45.0724,45.125,74885.549487446,0
STPZ.US,D,20101008,000000,45.1755,45.2628,45.1755,45.2529,102111.89078415,0
STPZ.US,D,20101011,000000,45.2717,45.2955,45.2271,45.2797,117196.51023796,0
STPZ.US,D,20101012,000000,45.2717,45.2797,45.2182,45.244,56598.839589984,0
STPZ.US,D,20101013,000000,45.2955,45.4076,45.2717,45.4076,81551.948804798,0
STPZ.US,D,20101014,000000,45.3808,45.5186,45.3808,45.468,116436.07679086,0
STPZ.US,D,20101015,000000,45.476,45.476,45.3302,45.357,76544.58532361,0
STPZ.US,D,20101018,000000,45.357,45.4076,45.3391,45.357,27041.779863262,0
STPZ.US,D,20101019,000000,45.2876,45.3729,45.2797,45.3481,76249.085323613,0
STPZ.US,D,20101020,000000,45.3391,45.357,45.3035,45.3391,39790.638224933,0
STPZ.US,D,20101021,000000,45.3391,45.3659,45.3035,45.3481,31390.5716721,0
STPZ.US,D,20101022,000000,45.3481,45.3808,45.3213,45.3729,53848.571671918,0
STPZ.US,D,20101025,000000,45.4244,45.4413,45.3986,45.4324,76132.095562522,0
STPZ.US,D,20101026,000000,45.3659,45.3808,45.3124,45.3391,356216.67747151,0
STPZ.US,D,20101027,000000,45.234,45.2717,45.1835,45.2013,50622.276450101,0
STPZ.US,D,20101028,000000,45.234,45.2876,45.2013,45.2628,60469.587030226,0
STPZ.US,D,20101029,000000,45.239,45.2489,45.1954,45.2231,37360.075085021,0
STPZ.US,D,20101101,000000,45.2717,45.2717,45.2013,45.2628,51098.303753851,0
STPZ.US,D,20101102,000000,45.244,45.2876,45.2182,45.244,43860.066552545,0
STPZ.US,D,20101103,000000,45.2876,45.357,45.2271,45.3213,180750.18941833,0
STPZ.US,D,20101104,000000,45.476,45.5028,45.3808,45.3897,161596.14163691,0
STPZ.US,D,20101105,000000,45.4324,45.4413,45.3729,45.4076,53770.914675331,0
STPZ.US,D,20101108,000000,45.4244,45.4324,45.3808,45.3808,41964.025596929,0
STPZ.US,D,20101109,000000,45.4175,45.4175,45.2628,45.2797,79722.470989114,0
STPZ.US,D,20101110,000000,45.2628,45.3302,45.1418,45.3302,77287.873719509,0
STPZ.US,D,20101111,000000,45.357,45.357,45.2628,45.357,570558.05630936,0
STPZ.US,D,20101112,000000,45.2271,45.2876,45.0813,45.0813,54166.259385226,0
STPZ.US,D,20101115,000000,44.9961,45.0813,44.9197,44.9286,116165.79010145,0
STPZ.US,D,20101116,000000,44.9376,44.9872,44.7997,44.8939,75250.638224645,0
STPZ.US,D,20101117,000000,44.8662,44.9465,44.8573,44.9118,539591.068255,0
STPZ.US,D,20101118,000000,44.9197,44.9376,44.8493,44.9376,175186.11603953,0
STPZ.US,D,20101119,000000,44.9019,44.9465,44.8751,44.885,67218.68600628,0
STPZ.US,D,20101122,000000,44.9465,45.0298,44.9465,45.0298,33981.491467301,0
STPZ.US,D,20101123,000000,45.0913,45.0913,45.0129,45.0298,53017.540955201,0
STPZ.US,D,20101124,000000,44.9872,44.9961,44.8751,44.9197,95541.302047006,0
STPZ.US,D,20101126,000000,44.9019,44.9624,44.885,44.9624,40161.77815667,0
STPZ.US,D,20101129,000000,44.9703,45.0129,44.9286,45.004,313726.19794967,0
STPZ.US,D,20101130,000000,45.005,45.0129,44.9108,44.9108,56279.13481183,0
STPZ.US,D,20101201,000000,44.8662,44.8939,44.7898,44.7997,30156.127986103,0
STPZ.US,D,20101202,000000,44.7898,44.885,44.7898,44.8325,54503.109214574,0
STPZ.US,D,20101203,000000,44.8573,44.9118,44.8573,44.885,22362.189419614,0
STPZ.US,D,20101206,000000,44.9554,44.9961,44.9376,44.9961,197831.70307007,0
STPZ.US,D,20101207,000000,44.9624,44.9872,44.8265,44.8662,61568.887371514,0
STPZ.US,D,20101208,000000,44.7284,44.7641,44.6381,44.6946,646821.2610869,0
STPZ.US,D,20101209,000000,44.7383,44.7383,44.6381,44.6599,53942.365187275,0
STPZ.US,D,20101210,000000,44.6689,44.6689,44.5509,44.5509,85521.532422514,0
STPZ.US,D,20101213,000000,44.6203,44.7026,44.5767,44.6867,625364.73378332,0
STPZ.US,D,20101214,000000,44.6946,44.6946,44.5846,44.6461,162750.91126148,0
STPZ.US,D,20101215,000000,44.7105,44.7641,44.6778,44.7194,262349.53924702,0
STPZ.US,D,20101216,000000,44.7274,44.8245,44.6371,44.8166,44080.935153226,0
STPZ.US,D,20101217,000000,44.8325,44.9286,44.8265,44.9118,26009.042661905,0
STPZ.US,D,20101220,000000,44.9554,44.9772,44.8573,44.9286,350379.29180603,0
STPZ.US,D,20101221,000000,44.9772,44.9872,44.9019,44.9624,44646.721842641,0
STPZ.US,D,20101222,000000,44.9286,44.9961,44.9118,44.9961,103824.37883875,0
STPZ.US,D,20101223,000000,44.9554,44.9624,44.9019,44.9465,50201.718429626,0
STPZ.US,D,20101227,000000,44.8662,44.9624,44.8493,44.9554,40429.039248818,0
STPZ.US,D,20101228,000000,44.9019,44.9554,44.8176,44.8573,50285.426620752,0
STPZ.US,D,20101229,000000,44.7918,44.9743,44.7918,44.9604,44152.540955273,0
STPZ.US,D,20101230,000000,44.9058,44.9336,44.8701,44.9237,59167.571671874,0
STPZ.US,D,20101231,000000,44.9049,45.0278,44.9049,45.009,63639.404436343,0
STPZ.US,D,20110103,000000,44.9376,45.0377,44.9376,45.004,181154.61092003,0
STPZ.US,D,20110104,000000,45.0724,45.0992,45.0219,45.0546,37097.856654989,0
STPZ.US,D,20110105,000000,45.0377,45.0625,44.9961,45.0377,45809.55972659,0
STPZ.US,D,20110106,000000,45.1071,45.1488,45.0813,45.1071,1035408.8037459,0
STPZ.US,D,20110107,000000,45.1587,45.2628,45.1587,45.2271,254039.23207985,0
STPZ.US,D,20110110,000000,45.2628,45.3035,45.244,45.3035,80396.170647811,0
STPZ.US,D,20110111,000000,45.3302,45.3808,45.2955,45.3391,339886.52047506,0
STPZ.US,D,20110112,000000,45.3213,45.3897,45.2797,45.357,75877.945391875,0
STPZ.US,D,20110113,000000,45.3481,45.3986,45.3213,45.3986,90619.66382179,0
STPZ.US,D,20110114,000000,45.4076,45.4076,45.3302,45.3481,29751.7064844,0
STPZ.US,D,20110118,000000,45.3481,45.3897,45.2876,45.3808,104962.00341212,0
STPZ.US,D,20110119,000000,45.3729,45.4076,45.357,45.3729,64279.822525075,0
STPZ.US,D,20110120,000000,45.3035,45.3124,45.1587,45.1755,155012.44197826,0
STPZ.US,D,20110121,000000,45.1755,45.244,45.1755,45.244,54139.029009799,0
STPZ.US,D,20110124,000000,45.234,45.2797,45.2102,45.2182,498687.01023486,0
STPZ.US,D,20110125,000000,45.244,45.3035,45.2271,45.2797,180019.00341151,0
STPZ.US,D,20110126,000000,45.2876,45.3035,45.2182,45.2797,210234.63481058,0
STPZ.US,D,20110127,000000,45.3035,45.3035,45.234,45.2797,155002.35665403,0
STPZ.US,D,20110128,000000,45.2628,45.3897,45.2102,45.3808,70940.170647888,0
STPZ.US,D,20110131,000000,45.3897,45.4333,45.3649,45.4254,333002.27815429,0
STPZ.US,D,20110201,000000,45.3302,45.4244,45.3302,45.3897,260727.81911051,0
STPZ.US,D,20110202,000000,45.4244,45.4244,45.2797,45.3302,130612.00853136,0
STPZ.US,D,20110203,000000,45.234,45.2797,45.2013,45.2271,354541.50511657,0
STPZ.US,D,20110204,000000,45.1835,45.2013,45.0913,45.1418,135369.2559716,0
STPZ.US,D,20110207,000000,45.0992,45.1329,45.0546,45.1329,342273.71672077,0
STPZ.US,D,20110208,000000,45.0813,45.125,44.9624,44.9772,98212.904436062,0
STPZ.US,D,20110209,000000,45.004,45.0724,44.9772,45.0457,81800.047780906,0
STPZ.US,D,20110210,000000,45.0129,45.0219,44.9118,44.9286,88833.552900302,0
STPZ.US,D,20110211,000000,44.9772,44.9961,44.9197,44.9465,70298.744026733,0
STPZ.US,D,20110214,000000,44.9465,44.9872,44.9465,44.9624,68604.409555757,0
STPZ.US,D,20110215,000000,44.9624,45.0546,44.9624,45.0546,73962.742320218,0
STPZ.US,D,20110216,000000,45.0129,45.0724,44.9624,45.0377,174796.82252418,0
STPZ.US,D,20110218,000000,45.1329,45.3035,45.1329,45.3035,86192.206483942,0
STPZ.US,D,20110222,000000,45.468,45.5622,45.468,45.5533,100875.43003331,0
STPZ.US,D,20110223,000000,45.5454,45.6713,45.5355,45.6445,96387.46075007,0
STPZ.US,D,20110224,000000,45.6812,45.7288,45.6624,45.6713,115745.23208097,0
STPZ.US,D,20110225,000000,45.6376,45.6713,45.6287,45.6713,62789.211603586,0
STPZ.US,D,20110228,000000,45.6882,45.6961,45.6445,45.6445,95671.402729598,0
STPZ.US,D,20110301,000000,45.6188,45.7556,45.6019,45.7556,136699.5102378,0
STPZ.US,D,20110302,000000,45.7288,45.8032,45.7288,45.7655,139055.44197839,0
STPZ.US,D,20110303,000000,45.6614,45.6951,45.6435,45.6515,192323.09897455,0
STPZ.US,D,20110304,000000,45.7288,45.8032,45.7209,45.7992,173314.27986207,0
STPZ.US,D,20110307,000000,45.7913,45.8766,45.7665,45.8409,254546.52388872,0
STPZ.US,D,20110308,000000,45.8666,45.9004,45.831,45.8855,246144.44027104,0
STPZ.US,D,20110309,000000,45.9242,45.943,45.8587,45.9162,238896.1177455,0
STPZ.US,D,20110310,000000,45.9529,46.0322,45.9004,46.0233,216366.51194364,0
STPZ.US,D,20110311,000000,45.9777,45.9946,45.9242,45.9777,98565.890784182,0
STPZ.US,D,20110314,000000,46.0233,46.0907,46.0233,46.0322,84544.264504433,0
STPZ.US,D,20110315,000000,46.0808,46.0808,45.9946,46.0233,97671.322524804,0
STPZ.US,D,20110316,000000,46.0907,46.1849,46.0709,46.1592,856727.11432751,0
STPZ.US,D,20110317,000000,46.1919,46.2563,46.1582,46.2375,105329.10921416,0
STPZ.US,D,20110318,000000,46.1929,46.2563,46.1681,46.2196,65362.986347592,0
STPZ.US,D,20110321,000000,46.1671,46.2107,46.1324,46.176,1287573.174051,0
STPZ.US,D,20110322,000000,46.0709,46.1324,46.063,46.1235,109592.17576703,0
STPZ.US,D,20110323,000000,46.1413,46.1592,46.0808,46.0907,119812.64334374,0
STPZ.US,D,20110324,000000,46.055,46.1235,46.055,46.0808,832842.04094887,0
STPZ.US,D,20110325,000000,46.0719,46.0907,45.9093,45.9341,106610.95392405,0
STPZ.US,D,20110328,000000,45.9341,45.9688,45.9004,45.9608,401823.52218104,0
STPZ.US,D,20110329,000000,45.9608,45.9777,45.9004,45.9162,469660.43856274,0
STPZ.US,D,20110330,000000,45.9242,45.9946,45.9242,45.9688,155608.48464037,0
STPZ.US,D,20110331,000000,46.0402,46.0402,45.9688,45.9688,79300.904436216,0
STPZ.US,D,20110401,000000,45.8666,46.0392,45.8666,46.0233,88410.977814982,0
STPZ.US,D,20110404,000000,46.0907,46.1681,46.0719,46.1413,161495.28839459,0
STPZ.US,D,20110405,000000,46.1512,46.1701,46.064,46.1086,720138.54265627,0
STPZ.US,D,20110406,000000,46.064,46.0818,46.0233,46.0392,801797.39589792,0
STPZ.US,D,20110407,000000,46.0491,46.1254,46.0402,46.0917,744612.59897006,0
STPZ.US,D,20110408,000000,46.0987,46.1681,46.064,46.1502,122753.52388979,0
STPZ.US,D,20110411,000000,46.1859,46.1929,46.1334,46.1601,187268.33446947,0
STPZ.US,D,20110412,000000,46.1869,46.2305,46.1512,46.2305,250841.17576588,0
STPZ.US,D,20110413,000000,46.1929,46.2652,46.1681,46.2286,241257.09214821,0
STPZ.US,D,20110414,000000,46.2563,46.2652,46.1601,46.2028,98181.639930943,0
STPZ.US,D,20110415,000000,46.2385,46.293,46.2305,46.2851,124452.90102288,0
STPZ.US,D,20110418,000000,46.3386,46.3842,46.2831,46.3753,105949.35665443,0
STPZ.US,D,20110419,000000,46.3753,46.4556,46.3386,46.4556,154465.81740489,0
STPZ.US,D,20110420,000000,46.4388,46.4388,46.3932,46.4209,159606.30716594,0
STPZ.US,D,20110421,000000,46.3773,46.3842,46.3406,46.3773,91451.70307093,0
STPZ.US,D,20110425,000000,46.3842,46.4725,46.3842,46.4457,120616.44368503,0
STPZ.US,D,20110426,000000,46.4388,46.528,46.4388,46.5012,125084.2423198,0
STPZ.US,D,20110427,000000,46.528,46.5925,46.5012,46.5756,92331.14334396,0
STPZ.US,D,20110428,000000,46.6331,46.7223,46.6272,46.6976,136887.09726851,0
STPZ.US,D,20110429,000000,46.6936,46.7293,46.646,46.7104,140731.62286575,0
STPZ.US,D,20110502,000000,46.7035,46.7858,46.6976,46.7481,139461.88054494,0
STPZ.US,D,20110503,000000,46.7699,46.7699,46.7243,46.7501,121135.83788298,0
STPZ.US,D,20110504,000000,46.758,46.7858,46.7035,46.7481,146510.51365069,0
STPZ.US,D,20110505,000000,46.6708,46.7065,46.6034,46.6341,224418.63481046,0
STPZ.US,D,20110506,000000,46.528,46.65,46.5012,46.5845,180197.51365041,0
STPZ.US,D,20110509,000000,46.641,46.6787,46.6182,46.65,148035.41467457,0
STPZ.US,D,20110510,000000,46.6876,46.6876,46.6182,46.6331,139736.20136405,0
STPZ.US,D,20110511,000000,46.6519,46.6519,46.5548,46.5548,124149.3327635,0
STPZ.US,D,20110512,000000,46.5607,46.5607,46.4576,46.5012,150161.40102267,0
STPZ.US,D,20110513,000000,46.4487,46.4755,46.4011,46.4755,115823.89760998,0
STPZ.US,D,20110516,000000,46.5439,46.5439,46.3773,46.4933,78658.469282638,0
STPZ.US,D,20110517,000000,46.4288,46.4834,46.4011,46.4755,112552.21842912,0
STPZ.US,D,20110518,000000,46.5111,46.5359,46.4755,46.5111,389293.5153552,0
STPZ.US,D,20110519,000000,46.4209,46.5111,46.4209,46.4388,554926.81228218,0
STPZ.US,D,20110520,000000,46.4665,46.4755,46.4288,46.4665,84566.452217743,0
STPZ.US,D,20110523,000000,46.5111,46.528,46.4209,46.4755,295759.19283036,0
STPZ.US,D,20110524,000000,46.4933,46.5607,46.4834,46.5607,102287.37542579,0
STPZ.US,D,20110525,000000,46.528,46.5756,46.5111,46.5677,174370.21330916,0
STPZ.US,D,20110526,000000,46.6103,46.6599,46.5677,46.65,59319.860067778,0
STPZ.US,D,20110527,000000,46.5944,46.7065,46.5944,46.7065,93771.32764429,0
STPZ.US,D,20110531,000000,46.6847,46.7293,46.6371,46.6847,392605.53583299,0
STPZ.US,D,20110601,000000,46.6896,46.7699,46.6896,46.76,119483.86177377,0
STPZ.US,D,20110602,000000,46.7333,46.7501,46.6985,46.7243,66670.044368059,0
STPZ.US,D,20110603,000000,46.7501,46.7789,46.7243,46.7789,59377.3464159,0
STPZ.US,D,20110606,000000,46.6619,46.8165,46.6619,46.7977,687305.76961899,0
STPZ.US,D,20110607,000000,46.8215,46.8671,46.7471,46.8671,230834.91808686,0
STPZ.US,D,20110608,000000,46.881,46.9306,46.8483,46.8899,105993.73208105,0
STPZ.US,D,20110609,000000,46.8384,46.881,46.7947,46.8384,398091.9522152,0
STPZ.US,D,20110610,000000,46.8512,46.8512,46.7501,46.7789,144407.72354832,0
STPZ.US,D,20110613,000000,46.7888,46.8344,46.7501,46.8255,183026.44709749,0
STPZ.US,D,20110614,000000,46.8076,46.8076,46.7412,46.7888,76122.01023829,0
STPZ.US,D,20110615,000000,46.8929,46.9603,46.8612,46.9088,159266.43173932,0
STPZ.US,D,20110616,000000,46.9018,46.9107,46.8522,46.8711,226585.97098792,0
STPZ.US,D,20110617,000000,46.8483,46.8483,46.7848,46.8314,494886.86006424,0
STPZ.US,D,20110620,000000,46.8512,46.8512,46.7501,46.8076,90719.508531686,0
STPZ.US,D,20110621,000000,46.7412,46.8076,46.7412,46.7977,136394.93344599,0
STPZ.US,D,20110622,000000,46.8344,46.8344,46.7243,46.7333,163372.16723417,0
STPZ.US,D,20110623,000000,46.8046,46.8046,46.6956,46.7372,102492.1075077,0
STPZ.US,D,20110624,000000,46.7124,46.7848,46.7124,46.7848,181173.77303607,0
STPZ.US,D,20110627,000000,46.767,46.8046,46.6767,46.7124,490349.47269226,0
STPZ.US,D,20110628,000000,46.7303,46.7303,46.6311,46.6668,77813.319111996,0
STPZ.US,D,20110629,000000,46.7154,46.76,46.6708,46.7501,62945.534129182,0
STPZ.US,D,20110630,000000,46.8314,46.8314,46.6757,46.7104,84704.621159722,0
STPZ.US,D,20110701,000000,46.7699,46.7699,46.6797,46.7412,467972.1552863,0
STPZ.US,D,20110705,000000,46.7699,46.885,46.7699,46.885,87454.889077788,0
STPZ.US,D,20110706,000000,46.9345,46.9534,46.9018,46.9286,51046.868600268,0
STPZ.US,D,20110707,000000,46.8939,46.9207,46.8423,46.8939,569774.42661653,0
STPZ.US,D,20110708,000000,46.9712,47.0426,46.9712,47.0139,86651.088736498,0
STPZ.US,D,20110711,000000,47.0724,47.1418,47.0377,47.1338,91459.771330315,0
STPZ.US,D,20110712,000000,47.112,47.1636,47.0952,47.1457,93552.476108455,0
STPZ.US,D,20110713,000000,47.1596,47.2132,47.1338,47.2042,103801.18259301,0
STPZ.US,D,20110714,000000,47.1507,47.1765,47.0813,47.1239,103937.33447015,0
STPZ.US,D,20110715,000000,47.0763,47.1824,47.0704,47.1824,85489.259384971,0
STPZ.US,D,20110718,000000,47.2132,47.2221,47.1765,47.2221,108448.49999912,0
STPZ.US,D,20110719,000000,47.236,47.2608,47.2092,47.2608,43728.957337529,0
STPZ.US,D,20110720,000000,47.23,47.23,47.1864,47.1864,98385.36348043,0
STPZ.US,D,20110721,000000,47.1864,47.2042,47.1071,47.1765,140666.06825824,0
STPZ.US,D,20110722,000000,47.1725,47.2181,47.1547,47.1993,68957.395903877,0
STPZ.US,D,20110725,000000,47.1864,47.2736,47.1765,47.2568,202201.67405979,0
STPZ.US,D,20110726,000000,47.2449,47.2984,47.227,47.2449,69189.358361213,0
STPZ.US,D,20110727,000000,47.2647,47.2826,47.2132,47.23,125425.12627884,0
STPZ.US,D,20110728,000000,47.2984,47.3163,47.2449,47.3083,260877.08190914,0
STPZ.US,D,20110729,000000,47.3549,47.4164,47.3044,47.3629,98589.087029916,0
STPZ.US,D,20110801,000000,47.4015,47.5443,47.4015,47.5017,118358.33958948,0
STPZ.US,D,20110802,000000,47.5443,47.5681,47.4729,47.5443,148912.83788275,0
STPZ.US,D,20110803,000000,47.5017,47.5205,47.2697,47.2984,133301.76450404,0
STPZ.US,D,20110804,000000,47.2796,47.2796,47.0862,47.2697,111259.27986258,0
STPZ.US,D,20110805,000000,47.1031,47.1913,46.9782,47.0238,69898.356654722,0
STPZ.US,D,20110808,000000,47.0505,47.1547,47.0139,47.0505,254978.17576585,0
STPZ.US,D,20110809,000000,47.112,47.4105,47.0505,47.2984,200590.03924752,0
STPZ.US,D,20110810,000000,47.5106,47.6841,47.4283,47.5592,88088.247439558,0
STPZ.US,D,20110811,000000,47.4283,47.584,47.2608,47.2697,55067.887371566,0
STPZ.US,D,20110812,000000,47.3659,47.3916,47.2885,47.3331,311222.01194286,0
STPZ.US,D,20110815,000000,47.2449,47.3163,47.1824,47.2092,63428.621159894,0
STPZ.US,D,20110816,000000,47.1824,47.227,47.1299,47.1913,221385.9778139,0
STPZ.US,D,20110817,000000,47.1378,47.1993,47.0862,47.12,107411.72866807,0
STPZ.US,D,20110818,000000,47.2092,47.2885,46.9445,46.996,132828.76279756,0
STPZ.US,D,20110819,000000,47.0337,47.0952,46.996,47.0862,193552.49999843,0
STPZ.US,D,20110822,000000,47.0704,47.0952,47.0059,47.0426,132590.74914568,0
STPZ.US,D,20110823,000000,47.0763,47.1993,46.8711,46.9107,313399.43344455,0
STPZ.US,D,20110824,000000,46.8522,46.8522,46.7412,46.7699,57220.095562675,0
STPZ.US,D,20110825,000000,46.8939,46.9207,46.8354,46.8622,113160.36348031,0
STPZ.US,D,20110826,000000,46.9534,47.0139,46.8711,46.8939,69680.513651311,0
STPZ.US,D,20110829,000000,46.8522,46.9345,46.8354,46.879,46636.556313614,0
STPZ.US,D,20110830,000000,46.885,47.0337,46.885,46.9445,188713.56143191,0
STPZ.US,D,20110831,000000,46.9841,47.0307,46.9078,47.002,61510.392490968,0
STPZ.US,D,20110901,000000,47.0059,47.1725,46.9782,47.1725,59229.09214969,0
STPZ.US,D,20110902,000000,47.1794,47.1894,47.109,47.1348,137749.39249035,0
STPZ.US,D,20110906,000000,47.0952,47.1299,46.996,46.996,115043.29351442,0
STPZ.US,D,20110907,000000,47.0238,47.0704,46.9613,46.996,114238.48464071,0
STPZ.US,D,20110908,000000,47.0862,47.1993,47.0426,47.1993,311126.20136266,0
STPZ.US,D,20110909,000000,47.1993,47.1993,47.1299,47.1993,189956.0733773,0
STPZ.US,D,20110912,000000,47.1457,47.1457,47.0426,47.0426,31153.566552648,0
STPZ.US,D,20110913,000000,47.0704,47.0704,46.9712,46.9712,49309.167235094,0
STPZ.US,D,20110914,000000,47.0139,47.0505,46.9107,46.9782,40861.699658371,0
STPZ.US,D,20110915,000000,47.0337,47.1031,47.0059,47.0763,55021.494880099,0
STPZ.US,D,20110916,000000,47.112,47.1378,47.0426,47.1299,90445.187712576,0
STPZ.US,D,20110919,000000,47.1636,47.1636,47.0704,47.112,62060.042661612,0
STPZ.US,D,20110920,000000,47.12,47.1824,47.0862,47.1824,45949.745733415,0
STPZ.US,D,20110921,000000,47.227,47.2697,47.0952,47.1299,39485.052900703,0
STPZ.US,D,20110922,000000,47.0763,47.0952,46.8711,46.9345,233056.71501517,0
STPZ.US,D,20110923,000000,46.8423,46.8423,46.6708,46.7412,383694.14334159,0
STPZ.US,D,20110926,000000,46.7412,46.7987,46.7154,46.7154,129986.71842898,0
STPZ.US,D,20110927,000000,46.76,46.8165,46.7154,46.7789,100075.66382171,0
STPZ.US,D,20110928,000000,46.7888,46.8423,46.7412,46.8165,47297.14505081,0
STPZ.US,D,20110929,000000,46.8086,46.8086,46.7333,46.7412,29434.018771092,0
STPZ.US,D,20110930,000000,46.7739,46.7739,46.6291,46.6291,67166.242320274,0
STPZ.US,D,20111003,000000,46.651,46.7243,46.6331,46.7154,612830.69282779,0
STPZ.US,D,20111004,000000,46.7461,46.7461,46.6232,46.6658,257698.18771122,0
STPZ.US,D,20111005,000000,46.646,46.6847,46.5786,46.646,57313.889078033,0
STPZ.US,D,20111006,000000,46.7015,46.7362,46.646,46.6757,2533790.4675562,0
STPZ.US,D,20111007,000000,46.7055,46.7699,46.6609,46.7333,592423.03924434,0
STPZ.US,D,20111010,000000,46.6331,46.7243,46.4992,46.6103,62071.136518267,0
STPZ.US,D,20111011,000000,46.651,46.6976,46.6331,46.6331,52094.733787973,0
STPZ.US,D,20111012,000000,46.6609,46.7055,46.6103,46.6609,73828.607507933,0
STPZ.US,D,20111013,000000,46.7412,46.7501,46.641,46.641,77848.617746808,0
STPZ.US,D,20111014,000000,46.6847,46.7461,46.6371,46.6847,80352.803753614,0
STPZ.US,D,20111017,000000,46.7501,46.8522,46.7501,46.8522,60010.70477767,0
STPZ.US,D,20111018,000000,46.8423,46.9782,46.8423,46.9445,50137.172354542,0
STPZ.US,D,20111019,000000,46.9534,46.9782,46.8711,46.9345,2830230.4197722,0
STPZ.US,D,20111020,000000,46.9782,46.9871,46.9018,46.9018,282068.36518542,0
STPZ.US,D,20111021,000000,46.9673,47.0099,46.9306,47.001,185504.41126129,0
STPZ.US,D,20111024,000000,47.0139,47.0139,46.9345,46.9345,374110.05972392,0
STPZ.US,D,20111025,000000,46.993,47.1269,46.9851,47.0932,72264.37371955,0
STPZ.US,D,20111026,000000,47.0952,47.1378,47.0426,47.112,712526.13992595,0
STPZ.US,D,20111027,000000,47.1636,47.1824,47.0862,47.1299,231125.37542474,0
STPZ.US,D,20111028,000000,47.4789,47.4789,47.1606,47.2241,65472.916381721,0
STPZ.US,D,20111031,000000,47.3143,47.3649,47.3054,47.3649,62127.614333966,0
STPZ.US,D,20111101,000000,47.4263,47.4363,47.3401,47.4263,84585.614333784,0
STPZ.US,D,20111102,000000,47.4422,47.5314,47.3976,47.5314,184672.37201215,0
STPZ.US,D,20111103,000000,47.5275,47.5275,47.4442,47.462,67180.361774198,0
STPZ.US,D,20111104,000000,47.5186,47.5433,47.462,47.4809,189551.65187559,0
STPZ.US,D,20111107,000000,47.5503,47.6167,47.5166,47.5731,85758.537541966,0
STPZ.US,D,20111108,000000,47.582,47.582,47.4789,47.5255,145217.57508414,0
STPZ.US,D,20111109,000000,47.5334,47.5334,47.4263,47.462,82250.861774076,0
STPZ.US,D,20111110,000000,47.471,47.5433,47.4174,47.4809,69049.172354388,0
STPZ.US,D,20111111,000000,47.5067,47.5314,47.4164,47.5166,65888.431740079,0
STPZ.US,D,20111114,000000,47.5067,47.5255,47.4343,47.4789,81749.621159746,0
STPZ.US,D,20111115,000000,47.4601,47.4601,47.3133,47.3629,262842.71160196,0
STPZ.US,D,20111116,000000,47.2945,47.2945,47.2151,47.2409,105190.94027218,0
STPZ.US,D,20111117,000000,47.1517,47.1685,47.0734,47.1348,413281.45904101,0
STPZ.US,D,20111118,000000,47.1437,47.1537,47.0575,47.119,344242.37201086,0
STPZ.US,D,20111121,000000,47.1775,47.1775,47.0654,47.0823,74954.129692224,0
STPZ.US,D,20111122,000000,47.0823,47.1348,47.0386,47.0991,613459.00852744,0
STPZ.US,D,20111123,000000,47.117,47.1685,47.0654,47.1428,67843.976108664,0
STPZ.US,D,20111125,000000,47.1527,47.1527,47.0932,47.1437,21342.563139758,0
STPZ.US,D,20111128,000000,47.1606,47.2151,47.0922,47.1874,93907.479521422,0
STPZ.US,D,20111129,000000,47.1874,47.2409,47.1348,47.2052,132967.94027196,0
STPZ.US,D,20111130,000000,47.2231,47.2935,47.2141,47.2578,82264.981228001,0
STPZ.US,D,20111201,000000,47.2498,47.3401,47.226,47.2964,192548.00170492,0
STPZ.US,D,20111202,000000,47.2776,47.3649,47.2598,47.3649,550432.7918044,0
STPZ.US,D,20111205,000000,47.2964,47.3559,47.2677,47.3401,87157.372012944,0
STPZ.US,D,20111206,000000,47.2855,47.348,47.2598,47.3054,47157.967576409,0
STPZ.US,D,20111207,000000,47.3143,47.3222,47.2598,47.3054,93431.452217671,0
STPZ.US,D,20111208,000000,47.3312,47.3401,47.2151,47.2955,121738.94027205,0
STPZ.US,D,20111209,000000,47.2855,47.2855,47.1983,47.233,78438.60921438,0
STPZ.US,D,20111212,000000,47.2598,47.2677,47.1794,47.2419,213800.80545901,0
STPZ.US,D,20111213,000000,47.2419,47.2855,47.2062,47.2062,75820.459043753,0
STPZ.US,D,20111214,000000,47.1983,47.1983,47.1001,47.1437,112784.18088646,0
STPZ.US,D,20111215,000000,47.1348,47.1695,47.0833,47.1259,238274.86177281,0
STPZ.US,D,20111216,000000,47.1259,47.1437,47.0743,47.1437,70957.315699082,0
STPZ.US,D,20111219,000000,47.118,47.1616,47.0833,47.1527,76273.29010177,0
STPZ.US,D,20111220,000000,47.0833,47.2251,47.0833,47.2151,65896.499999465,0
STPZ.US,D,20111221,000000,47.1794,47.2419,47.118,47.1616,102933.84470906,0
STPZ.US,D,20111222,000000,47.1695,47.1894,47.0743,47.1001,73493.77474343,0
STPZ.US,D,20111223,000000,47.0386,47.4174,47.0109,47.0565,152219.81569842,0
STPZ.US,D,20111227,000000,47.118,47.118,46.992,47.0307,114311.09897518,0
STPZ.US,D,20111228,000000,47.0386,47.0743,47.002,47.0466,51602.569965451,0
STPZ.US,D,20111229,000000,46.992,47.0664,46.992,47.0664,63555.696245218,0
STPZ.US,D,20111230,000000,47.0952,47.1031,47.0327,47.0862,45487.83788359,0
STPZ.US,D,20120103,000000,47.0743,47.1001,47.0386,47.0833,270879.70648244,0
STPZ.US,D,20120104,000000,47.0833,47.1794,47.0833,47.1794,166019.56484507,0
STPZ.US,D,20120105,000000,47.1894,47.2498,47.1794,47.2419,110738.87713221,0
STPZ.US,D,20120106,000000,47.2419,47.3143,47.2419,47.2677,144168.70136402,0
STPZ.US,D,20120109,000000,47.3054,47.3222,47.2598,47.2598,73289.042661521,0
STPZ.US,D,20120110,000000,47.2776,47.3222,47.2151,47.2151,200038.37201203,0
STPZ.US,D,20120111,000000,47.2498,47.2776,47.2151,47.2776,48081.78327606,0
STPZ.US,D,20120112,000000,47.2677,47.2855,47.2151,47.2677,81047.682593198,0
STPZ.US,D,20120113,000000,47.2855,47.3143,47.2498,47.2598,314093.30375172,0
STPZ.US,D,20120117,000000,47.3222,47.3312,47.2677,47.3222,247030.94027103,0
STPZ.US,D,20120118,000000,47.3222,47.3649,47.2598,47.3143,313884.53754011,0
STPZ.US,D,20120119,000000,47.3054,47.3401,47.2419,47.3143,154676.60068134,0
STPZ.US,D,20120120,000000,47.3054,47.3143,47.2419,47.2776,52077.588736778,0
STPZ.US,D,20120123,000000,47.2151,47.2598,47.2151,47.2598,46675.889078119,0
STPZ.US,D,20120124,000000,47.2677,47.3401,47.233,47.3312,96223.069965089,0
STPZ.US,D,20120125,000000,47.3054,47.5086,47.2677,47.4363,362043.97781276,0
STPZ.US,D,20120126,000000,47.6365,47.6831,47.5661,47.6008,89632.310579477,0
STPZ.US,D,20120127,000000,47.6286,47.6643,47.5929,47.6098,147192.28156877,0
STPZ.US,D,20120130,000000,47.6187,47.6732,47.583,47.583,191904.55801892,0
STPZ.US,D,20120131,000000,47.6286,47.6901,47.5999,47.6901,192116.34982779,0
STPZ.US,D,20120201,000000,47.6732,47.7169,47.6286,47.7169,51881.933446678,0
STPZ.US,D,20120202,000000,47.6911,47.7258,47.6643,47.7169,97492.812285898,0
STPZ.US,D,20120203,000000,47.6286,47.6732,47.5751,47.583,76635.353241698,0
STPZ.US,D,20120206,000000,47.6098,47.6544,47.5751,47.6187,924177.76279113,0
STPZ.US,D,20120207,000000,47.6008,47.6732,47.5929,47.6286,54965.0170644,0
STPZ.US,D,20120208,000000,47.5929,47.6455,47.5929,47.6286,101532.99317324,0
STPZ.US,D,20120209,000000,47.6286,47.6365,47.5661,47.6098,116912.10409461,0
STPZ.US,D,20120210,000000,47.5572,47.6365,47.5523,47.6187,63046.387371502,0
STPZ.US,D,20120213,000000,47.6187,47.6643,47.583,47.6455,123017.75938467,0
STPZ.US,D,20120214,000000,47.6455,47.6732,47.6286,47.6544,46869.527303374,0
STPZ.US,D,20120215,000000,47.6455,47.699,47.6187,47.6831,61649.56996537,0
STPZ.US,D,20120216,000000,47.6732,47.6831,47.5572,47.6455,117391.15699563,0
STPZ.US,D,20120217,000000,47.6643,47.6643,47.5751,47.6544,71394.010238328,0
STPZ.US,D,20120221,000000,47.6544,47.6911,47.6187,47.6831,97576.520477023,0
STPZ.US,D,20120222,000000,47.7258,47.7813,47.699,47.7813,124037.38566452,0
STPZ.US,D,20120223,000000,47.7992,47.8755,47.7813,47.8586,68203.013651323,0
STPZ.US,D,20120224,000000,47.8487,47.8676,47.7902,47.8487,91535.411262055,0
STPZ.US,D,20120227,000000,47.8924,47.9003,47.8586,47.8924,265599.03071457,0
STPZ.US,D,20120228,000000,47.9003,47.9201,47.8586,47.8586,245824.73549288,0
STPZ.US,D,20120229,000000,47.8497,47.8497,47.7456,47.819,108860.98976021,0
STPZ.US,D,20120301,000000,47.7635,47.7813,47.699,47.7813,79789.034129045,0
STPZ.US,D,20120302,000000,47.7258,47.7902,47.7258,47.7902,64502.708190602,0
STPZ.US,D,20120305,000000,47.7902,47.818,47.7347,47.7714,112128.63481138,0
STPZ.US,D,20120306,000000,47.7714,47.8081,47.7347,47.7446,114037.78668849,0
STPZ.US,D,20120307,000000,47.7902,47.8259,47.7714,47.8259,39530.436859747,0
STPZ.US,D,20120308,000000,47.8408,47.8487,47.7902,47.8329,216851.61603919,0
STPZ.US,D,20120309,000000,47.8329,47.8755,47.7902,47.8755,155927.18088611,0
STPZ.US,D,20120312,000000,47.8834,47.9102,47.8676,47.8924,55516.68429989,0
STPZ.US,D,20120313,000000,47.8924,47.929,47.8487,47.8834,241954.99658507,0
STPZ.US,D,20120314,000000,47.818,47.8487,47.7446,47.7635,169261.99658566,0
STPZ.US,D,20120315,000000,47.7169,47.7992,47.7169,47.7813,61393.402729877,0
STPZ.US,D,20120316,000000,47.6643,47.7258,47.6544,47.7258,176692.86347979,0
STPZ.US,D,20120319,000000,47.699,47.7069,47.6365,47.6831,71580.58873662,0
STPZ.US,D,20120320,000000,47.6831,47.6831,47.5929,47.6187,55390.61774699,0
STPZ.US,D,20120321,000000,47.6365,47.6643,47.6098,47.6098,158172.17406015,0
STPZ.US,D,20120322,000000,47.6455,47.6455,47.583,47.6008,77199.122866267,0
STPZ.US,D,20120323,000000,47.6187,47.6643,47.6008,47.6455,40184.974402404,0
STPZ.US,D,20120326,000000,47.6643,47.6831,47.6286,47.6643,111243.14334381,0
STPZ.US,D,20120327,000000,47.6911,47.7714,47.6831,47.7635,194302.84812129,0
STPZ.US,D,20120328,000000,47.7069,47.7635,47.7069,47.7169,102079.61774661,0
STPZ.US,D,20120329,000000,47.7714,47.7714,47.7169,47.7446,53841.511944955,0
STPZ.US,D,20120330,000000,47.7169,47.7347,47.6722,47.7069,93477.844709138,0
STPZ.US,D,20120402,000000,47.7347,47.7902,47.7258,47.7813,58534.213310105,0
STPZ.US,D,20120403,000000,47.7992,47.8259,47.6286,47.6365,519635.23719714,0
STPZ.US,D,20120404,000000,47.7069,47.7258,47.6098,47.6286,359037.5426592,0
STPZ.US,D,20120405,000000,47.6098,47.6643,47.6098,47.6455,103554.09214933,0
STPZ.US,D,20120409,000000,47.7169,47.7169,47.6286,47.6365,319758.23037283,0
STPZ.US,D,20120410,000000,47.6911,47.7258,47.6455,47.7069,65552.590443154,0
STPZ.US,D,20120411,000000,47.6911,47.7446,47.6544,47.7258,178478.97440128,0
STPZ.US,D,20120412,000000,47.7635,47.7635,47.7258,47.7347,42269.610921158,0
STPZ.US,D,20120413,000000,47.7545,47.8081,47.7258,47.7446,237829.09044175,0
STPZ.US,D,20120416,000000,47.7635,47.7902,47.7347,47.7714,55691.160409104,0
STPZ.US,D,20120417,000000,47.7823,47.819,47.7456,47.8001,48281.472695854,0
STPZ.US,D,20120418,000000,47.7446,47.7714,47.7069,47.7635,165157.26962323,0
STPZ.US,D,20120419,000000,47.6911,47.7545,47.6831,47.6911,1067281.4539162,0
STPZ.US,D,20120420,000000,47.6643,47.699,47.6455,47.699,42932.216723201,0
STPZ.US,D,20120423,000000,47.7169,47.7545,47.699,47.7446,35061.629692548,0
STPZ.US,D,20120424,000000,47.7714,47.7813,47.7347,47.7545,59771.682593371,0
STPZ.US,D,20120425,000000,47.7258,47.7714,47.699,47.7545,106658.35494794,0
STPZ.US,D,20120426,000000,47.7545,47.8259,47.7545,47.8259,54087.593856216,0
STPZ.US,D,20120427,000000,47.7992,47.8586,47.7813,47.8586,91039.213309841,0
STPZ.US,D,20120430,000000,47.8517,47.8864,47.8358,47.8517,58247.790101916,0
STPZ.US,D,20120501,000000,47.8844,47.9122,47.8259,47.8497,104224.76621076,0
STPZ.US,D,20120502,000000,47.8408,47.8676,47.818,47.8259,130885.32081805,0
STPZ.US,D,20120503,000000,47.8339,47.8765,47.8091,47.8408,73371.742320223,0
STPZ.US,D,20120504,000000,47.8329,47.8329,47.7069,47.7446,770828.39077872,0
STPZ.US,D,20120507,000000,47.7714,47.8081,47.7545,47.7902,102522.3634804,0
STPZ.US,D,20120508,000000,47.7992,47.818,47.7714,47.7714,53788.059726526,0
STPZ.US,D,20120509,000000,47.8001,47.8339,47.7645,47.7645,55256.482934705,0
STPZ.US,D,20120510,000000,47.8091,47.819,47.7555,47.7724,71801.457337301,0
STPZ.US,D,20120511,000000,47.7714,47.7902,47.7347,47.7714,45411.189419426,0
STPZ.US,D,20120514,000000,47.7446,47.7992,47.7347,47.7992,65171.365187184,0
STPZ.US,D,20120515,000000,47.7992,47.8081,47.7813,47.7902,58326.455630926,0
STPZ.US,D,20120516,000000,47.7714,47.7813,47.7258,47.7635,35505.383958756,0
STPZ.US,D,20120517,000000,47.7069,47.7635,47.6643,47.7069,39937.88395872,0
STPZ.US,D,20120518,000000,47.6831,47.7169,47.6732,47.699,41651.380545737,0
STPZ.US,D,20120521,000000,47.7169,47.7635,47.7069,47.7446,45888.2252556,0
STPZ.US,D,20120522,000000,47.7347,47.7446,47.699,47.7258,39917.713310256,0
STPZ.US,D,20120523,000000,47.6831,47.7169,47.6544,47.6643,58568.503412494,0
STPZ.US,D,20120524,000000,47.6544,47.6544,47.5751,47.6286,133518.59897502,0
STPZ.US,D,20120525,000000,47.6365,47.6365,47.5929,47.6187,47971.853241931,0
STPZ.US,D,20120529,000000,47.5929,47.6643,47.583,47.5929,76823.948804837,0
STPZ.US,D,20120530,000000,47.5751,47.6187,47.5334,47.6187,58228.627985875,0
STPZ.US,D,20120531,000000,47.6296,47.6554,47.5751,47.6008,127623.72696142,0
STPZ.US,D,20120601,000000,47.5929,47.6187,47.4799,47.4997,139113.93685894,0
STPZ.US,D,20120604,000000,47.461,47.461,47.3986,47.3986,95924.544367822,0
STPZ.US,D,20120605,000000,47.3887,47.4353,47.3629,47.3887,135573.98805351,0
STPZ.US,D,20120606,000000,47.3986,47.4075,47.347,47.3629,188998.97610768,0
STPZ.US,D,20120607,000000,47.3629,47.4809,47.3629,47.471,58675.407849353,0
STPZ.US,D,20120608,000000,47.4997,47.5076,47.4531,47.471,111227.00682504,0
STPZ.US,D,20120611,000000,47.4799,47.5523,47.4799,47.5423,42167.749146415,0
STPZ.US,D,20120612,000000,47.5265,47.5324,47.461,47.5176,70419.767917517,0
STPZ.US,D,20120613,000000,47.4997,47.5661,47.4997,47.5572,47947.648463774,0
STPZ.US,D,20120614,000000,47.5176,47.5661,47.5176,47.5661,51081.158702657,0
STPZ.US,D,20120615,000000,47.5929,47.7456,47.5929,47.7179,57179.754265747,0
STPZ.US,D,20120618,000000,47.7555,47.7555,47.6911,47.7079,48759.51706445,0
STPZ.US,D,20120619,000000,47.7079,47.7357,47.6365,47.699,925357.74572627,0
STPZ.US,D,20120620,000000,47.7645,47.7724,47.6544,47.6544,67039.16723495,0
STPZ.US,D,20120621,000000,47.6455,47.6455,47.5523,47.5572,67828.848122316,0
STPZ.US,D,20120622,000000,47.5176,47.5265,47.4531,47.4809,46665.803753887,0
STPZ.US,D,20120625,000000,47.4898,47.5076,47.461,47.461,54934.761091704,0
STPZ.US,D,20120626,000000,47.461,47.4898,47.4253,47.4253,217899.4812269,0
STPZ.US,D,20120627,000000,47.461,47.471,47.4164,47.4164,58148.953924442,0
STPZ.US,D,20120628,000000,47.4253,47.461,47.3887,47.4353,244392.61945194,0
STPZ.US,D,20120629,000000,47.4333,47.4888,47.3966,47.469,49263.78327605,0
STPZ.US,D,20120702,000000,47.5265,47.5423,47.4997,47.5324,198663.74231921,0
STPZ.US,D,20120703,000000,47.5176,47.583,47.5176,47.5661,102589.93515275,0
STPZ.US,D,20120705,000000,47.6008,47.6554,47.6008,47.6296,51443.221842586,0
STPZ.US,D,20120706,000000,47.6742,47.6742,47.6296,47.6465,112734.76279772,0
STPZ.US,D,20120709,000000,47.6296,47.6554,47.6296,47.6465,69051.189419234,0
STPZ.US,D,20120710,000000,47.6653,47.6841,47.6375,47.6841,22108.039248967,0
STPZ.US,D,20120711,000000,47.6554,47.6841,47.6465,47.6554,33790.878839316,0
STPZ.US,D,20120712,000000,47.6653,47.6653,47.6296,47.6296,49965.721842598,0
STPZ.US,D,20120713,000000,47.6296,47.6653,47.6098,47.6554,24284.452218233,0
STPZ.US,D,20120716,000000,47.6921,47.7278,47.6921,47.7188,31015.39761067,0
STPZ.US,D,20120717,000000,47.7,47.7089,47.6841,47.6921,265126.02900809,0
STPZ.US,D,20120718,000000,47.7,47.7565,47.7,47.7278,65735.134811753,0
STPZ.US,D,20120719,000000,47.7367,47.7922,47.7367,47.7734,48381.31740575,0
STPZ.US,D,20120720,000000,47.7654,47.7922,47.7654,47.7833,55060.827644604,0
STPZ.US,D,20120723,000000,47.7278,47.7565,47.7188,47.7188,169124.8361761,0
STPZ.US,D,20120724,000000,47.7367,47.7367,47.6742,47.6921,35708.098975819,0
STPZ.US,D,20120725,000000,47.6921,47.6921,47.6098,47.6465,23745.895904244,0
STPZ.US,D,20120726,000000,47.6554,47.6742,47.6008,47.6554,186178.11091999,0
STPZ.US,D,20120727,000000,47.6465,47.7,47.6465,47.6841,41704.832764166,0
STPZ.US,D,20120730,000000,47.7089,47.7654,47.6921,47.7654,113436.70136427,0
STPZ.US,D,20120731,000000,47.7823,47.8269,47.7724,47.82,100895.60068177,0
STPZ.US,D,20120801,000000,47.8606,47.8775,47.8021,47.8111,128370.04095459,0
STPZ.US,D,20120802,000000,47.821,47.8358,47.8021,47.8111,41551.53583584,0
STPZ.US,D,20120803,000000,47.7654,47.8279,47.7367,47.8279,54040.192832326,0
STPZ.US,D,20120806,000000,47.8021,47.8686,47.8021,47.8358,150692.8976097,0
STPZ.US,D,20120807,000000,47.8606,47.9033,47.8358,47.9033,49992.952218024,0
STPZ.US,D,20120808,000000,47.8864,47.8864,47.821,47.821,53229.332764073,0
STPZ.US,D,20120809,000000,47.8279,47.8428,47.8021,47.8279,55332.122866445,0
STPZ.US,D,20120810,000000,47.7833,47.8279,47.7833,47.8021,66522.798634272,0
STPZ.US,D,20120813,000000,47.821,47.8517,47.821,47.8279,53597.447098541,0
STPZ.US,D,20120814,000000,47.8021,47.821,47.7734,47.7734,68631.639931183,0
STPZ.US,D,20120815,000000,47.6653,47.7089,47.6554,47.6841,71384.933446519,0
STPZ.US,D,20120816,000000,47.6841,47.7188,47.6465,47.6921,77139.619453298,0
STPZ.US,D,20120817,000000,47.6465,47.6841,47.6296,47.6296,51353.462456921,0
STPZ.US,D,20120820,000000,47.6098,47.6465,47.6008,47.6197,96727.336176689,0
STPZ.US,D,20120821,000000,47.6197,47.6653,47.5929,47.6375,28714.93515335,0
STPZ.US,D,20120822,000000,47.6921,47.7734,47.6554,47.7466,111923.90272947,0
STPZ.US,D,20120823,000000,47.8279,47.9033,47.821,47.8775,101646.95733706,0
STPZ.US,D,20120824,000000,47.8686,47.8686,47.8111,47.8279,69236.759385103,0
STPZ.US,D,20120827,000000,47.8864,47.8864,47.8517,47.8606,50225.923207783,0
STPZ.US,D,20120828,000000,47.8943,47.9231,47.8775,47.9132,169540.35153446,0
STPZ.US,D,20120829,000000,47.8686,47.8775,47.821,47.8517,43896.37371978,0
STPZ.US,D,20120830,000000,47.8686,47.8686,47.821,47.8279,47583.568258999,0
STPZ.US,D,20120831,000000,47.8497,47.9677,47.8339,47.9677,30354.808873474,0
STPZ.US,D,20120904,000000,47.9409,47.9677,47.9132,47.932,31033.551194287,0
STPZ.US,D,20120905,000000,47.932,47.9677,47.932,47.9608,37921.827644743,0
STPZ.US,D,20120906,000000,47.9132,47.9409,47.8943,47.9231,63952.049487535,0
STPZ.US,D,20120907,000000,48.0242,48.0421,47.9856,48.0044,50564.790101978,0
STPZ.US,D,20120910,000000,48.0143,48.0698,48.0143,48.0698,206111.75426454,0
STPZ.US,D,20120911,000000,48.0698,48.0976,48.0322,48.051,362862.9061404,0
STPZ.US,D,20120912,000000,48.0698,48.0798,48.0421,48.0609,59196.819112147,0
STPZ.US,D,20120913,000000,48.0798,48.291,48.0798,48.291,38102.354948496,0
STPZ.US,D,20120914,000000,48.4397,48.4684,48.3336,48.4308,97132.766210815,0
STPZ.US,D,20120917,000000,48.3782,48.405,48.291,48.3167,188805.33788243,0
STPZ.US,D,20120918,000000,48.2741,48.284,48.1809,48.1888,101882.95392409,0
STPZ.US,D,20120919,000000,48.1987,48.1987,48.1135,48.1135,125895.10238806,0
STPZ.US,D,20120920,000000,48.1135,48.174,48.0698,48.1135,63082.694538737,0
STPZ.US,D,20120921,000000,48.1135,48.1293,48.0877,48.1224,72617.36006767,0
STPZ.US,D,20120924,000000,48.1135,48.1224,48.051,48.0877,995206.68429226,0
STPZ.US,D,20120925,000000,48.1055,48.1055,48.0609,48.0798,79800.1279857,0
STPZ.US,D,20120926,000000,48.05,48.0689,47.9846,48.0411,58739.953924438,0
STPZ.US,D,20120927,000000,48.0599,48.0599,47.9757,48.0034,132222.63481121,0
STPZ.US,D,20120928,000000,48.0133,48.0411,47.94,47.9757,106748.1143336,0
STPZ.US,D,20121001,000000,47.9757,48.051,47.9231,48.051,597635.13480743,0
STPZ.US,D,20121002,000000,48.0133,48.0877,47.9757,48.0599,55460.206484191,0
STPZ.US,D,20121003,000000,48.1125,48.1383,48.0788,48.1046,97889.165528215,0
STPZ.US,D,20121004,000000,48.0966,48.1799,48.0877,48.173,109967.34982846,0
STPZ.US,D,20121005,000000,48.1987,48.2275,48.1293,48.1809,647659.35153058,0
STPZ.US,D,20121008,000000,48.1482,48.2454,48.1482,48.2454,108333.52730287,0
STPZ.US,D,20121009,000000,48.2543,48.2543,48.174,48.2077,77372.590443058,0
STPZ.US,D,20121010,000000,48.1888,48.1888,48.1135,48.174,222152.46245553,0
STPZ.US,D,20121011,000000,48.1571,48.1571,48.1055,48.1135,42271.627986005,0
STPZ.US,D,20121012,000000,48.0976,48.1055,48.051,48.1055,72729.307166645,0
STPZ.US,D,20121015,000000,48.0976,48.1293,48.0698,48.0976,64083.158702551,0
STPZ.US,D,20121016,000000,48.0877,48.1224,48.051,48.0609,104830.8941971,0
STPZ.US,D,20121017,000000,48.0322,48.0798,48.0044,48.0044,65793.629692298,0
STPZ.US,D,20121018,000000,47.9856,47.9945,47.9608,47.9757,95490.875425846,0
STPZ.US,D,20121019,000000,47.9598,48.0034,47.932,47.9409,89022.148463441,0
STPZ.US,D,20121022,000000,47.9757,47.9945,47.9509,47.9677,41303.436859733,0
STPZ.US,D,20121023,000000,47.9598,47.9598,47.9023,47.9221,121097.51365089,0
STPZ.US,D,20121024,000000,47.9231,47.9231,47.8686,47.8775,50700.94197911,0
STPZ.US,D,20121025,000000,47.8021,47.8606,47.8021,47.8606,49164.947098577,0
STPZ.US,D,20121026,000000,47.8606,47.8686,47.8507,47.8686,43221.665528659,0
STPZ.US,D,20121031,000000,47.9757,48.0034,47.931,47.9935,110008.69965781,0
STPZ.US,D,20121101,000000,48.0034,48.0322,47.9757,48.0232,85153.418088046,0
STPZ.US,D,20121102,000000,47.9677,48.0232,47.9499,47.9598,124734.28156895,0
STPZ.US,D,20121105,000000,47.9598,48.0133,47.9409,47.9757,41622.133105464,0
STPZ.US,D,20121106,000000,48.0133,48.0322,47.9677,47.9757,73844.744026704,0
STPZ.US,D,20121107,000000,48.0689,48.0788,47.9757,47.9757,42435.010238563,0
STPZ.US,D,20121108,000000,48.0133,48.0689,47.9935,48.0133,287652.60921268,0
STPZ.US,D,20121109,000000,47.9935,48.0133,47.9677,47.9935,68709.29692777,0
STPZ.US,D,20121112,000000,48.0034,48.0689,48.0034,48.0689,473727.8498255,0
STPZ.US,D,20121113,000000,48.0034,48.0689,47.9935,48.0689,995562.69623765,0
STPZ.US,D,20121114,000000,47.9846,48.0322,47.9598,48.0133,32630.058020213,0
STPZ.US,D,20121115,000000,48.0133,48.0411,47.9846,47.9935,52079.605801625,0
STPZ.US,D,20121116,000000,48.0133,48.0599,47.9935,48.0133,62134.674060929,0
STPZ.US,D,20121119,000000,48.05,48.0788,48.0133,48.0599,113269.28498202,0
STPZ.US,D,20121120,000000,48.0599,48.0599,48.0034,48.0322,52639.341296501,0
STPZ.US,D,20121121,000000,47.9757,48.0322,47.9757,48.0034,34107.558020201,0
STPZ.US,D,20121123,000000,48.0034,48.05,48.0034,48.0133,31782.890784725,0
STPZ.US,D,20121126,000000,48.0599,48.0966,48.0322,48.0877,60614.815699166,0
STPZ.US,D,20121127,000000,48.0877,48.1046,48.0599,48.0966,39089.708190809,0
STPZ.US,D,20121128,000000,48.1046,48.1283,48.0599,48.1283,203986.77644886,0
STPZ.US,D,20121129,000000,48.1046,48.173,48.1046,48.173,196935.11774584,0
STPZ.US,D,20121130,000000,48.165,48.2067,48.1383,48.2067,49254.706484242,0
STPZ.US,D,20121203,000000,48.165,48.2444,48.1561,48.2354,93775.361773982,0
STPZ.US,D,20121204,000000,48.1878,48.2354,48.173,48.1878,121276.0238898,0
STPZ.US,D,20121205,000000,48.2354,48.2533,48.1878,48.2354,81115.254265553,0
STPZ.US,D,20121206,000000,48.2067,48.2632,48.2067,48.2533,52860.209897182,0
STPZ.US,D,20121207,000000,48.283,48.283,48.2166,48.2166,92768.846415629,0
STPZ.US,D,20121210,000000,48.2731,48.283,48.2166,48.2166,79974.604094914,0
STPZ.US,D,20121211,000000,48.2166,48.2265,48.1878,48.1978,219969.99829173,0
STPZ.US,D,20121212,000000,48.2354,48.2632,48.1878,48.2533,938223.59384904,0
STPZ.US,D,20121213,000000,48.1799,48.2166,48.173,48.1878,67199.523890239,0
STPZ.US,D,20121214,000000,48.165,48.1878,48.1383,48.1472,65216.749146228,0
STPZ.US,D,20121217,000000,48.173,48.173,48.0966,48.0966,64341.34300289,0
STPZ.US,D,20121218,000000,48.1383,48.1383,48.0877,48.1125,61269.353241823,0
STPZ.US,D,20121219,000000,48.1383,48.1472,48.0877,48.1383,112635.92662025,0
STPZ.US,D,20121220,000000,48.1561,48.1878,48.1224,48.173,169303.34641501,0
STPZ.US,D,20121221,000000,48.165,48.165,48.1224,48.1561,46712.196245354,0
STPZ.US,D,20121224,000000,48.0966,48.1561,48.0966,48.1472,106546.40784896,0
STPZ.US,D,20121226,000000,48.1224,48.1799,48.1125,48.1799,106722.90102302,0
STPZ.US,D,20121227,000000,48.1383,48.1978,48.1283,48.1878,126328.77133003,0
STPZ.US,D,20121228,000000,48.165,48.1978,48.1383,48.1978,117669.51194444,0
STPZ.US,D,20121231,000000,48.1561,48.1978,48.1283,48.165,83829.215016384,0
STPZ.US,D,20130102,000000,48.1472,48.2067,48.1283,48.1561,96448.981227886,0
STPZ.US,D,20130103,000000,48.1472,48.1978,48.0877,48.1283,167528.32935018,0
STPZ.US,D,20130104,000000,48.1224,48.1283,48.0689,48.1224,69160.11092094,0
STPZ.US,D,20130107,000000,48.0877,48.1472,48.0689,48.1046,121803.48634713,0
STPZ.US,D,20130108,000000,48.1125,48.173,48.1125,48.173,62717.605801538,0
STPZ.US,D,20130109,000000,48.1561,48.2265,48.1561,48.2067,95002.745733017,0
STPZ.US,D,20130110,000000,48.1799,48.2265,48.1799,48.1799,107629.57167148,0
STPZ.US,D,20130111,000000,48.1799,48.1878,48.1472,48.1799,72898.740613742,0
STPZ.US,D,20130114,000000,48.1383,48.1978,48.1383,48.1978,31088.01194514,0
STPZ.US,D,20130115,000000,48.2166,48.2632,48.1978,48.2533,424897.73549143,0
STPZ.US,D,20130116,000000,48.1878,48.2265,48.173,48.2166,143571.65016948,0
STPZ.US,D,20130117,000000,48.1561,48.2067,48.1561,48.1978,95067.291808102,0
STPZ.US,D,20130118,000000,48.2166,48.2354,48.1878,48.2265,57129.327644587,0
STPZ.US,D,20130122,000000,48.1561,48.2354,48.1561,48.2265,95867.058019699,0
STPZ.US,D,20130123,000000,48.2354,48.2444,48.1978,48.1978,69355.766211041,0
STPZ.US,D,20130124,000000,48.2067,48.2354,48.173,48.2265,56253.92150125,0
STPZ.US,D,20130125,000000,48.1978,48.2166,48.165,48.1878,54658.423207747,0
STPZ.US,D,20130128,000000,48.165,48.173,48.1224,48.1561,60827.616040462,0
STPZ.US,D,20130129,000000,48.173,48.2067,48.1561,48.1878,81821.226961793,0
STPZ.US,D,20130130,000000,48.2067,48.283,48.1878,48.2444,69099.598975548,0
STPZ.US,D,20130131,000000,48.29,48.2989,48.2354,48.2632,484661.34982542,0
STPZ.US,D,20130201,000000,48.3247,48.3524,48.29,48.3068,75603.624572765,0
STPZ.US,D,20130204,000000,48.3167,48.3524,48.2989,48.3167,78553.581910625,0
STPZ.US,D,20130205,000000,48.29,48.3068,48.2731,48.29,57161.60068213,0
STPZ.US,D,20130206,000000,48.29,48.3247,48.29,48.3167,78471.890784346,0
STPZ.US,D,20130207,000000,48.283,48.3247,48.2632,48.29,89488.090442959,0
STPZ.US,D,20130208,000000,48.29,48.2989,48.2444,48.2731,751288.07507922,0
STPZ.US,D,20130211,000000,48.2533,48.283,48.2265,48.2354,685328.0375371,0
STPZ.US,D,20130212,000000,48.2067,48.2265,48.1799,48.2265,182769.27132957,0
STPZ.US,D,20130213,000000,48.1799,48.2533,48.1799,48.1978,117173.31399222,0
STPZ.US,D,20130214,000000,48.2265,48.2989,48.2166,48.29,97795.372012858,0
STPZ.US,D,20130215,000000,48.2632,48.2632,48.2067,48.2632,204746.20136352,0
STPZ.US,D,20130219,000000,48.2533,48.2533,48.2067,48.2265,234453.5324213,0
STPZ.US,D,20130220,000000,48.1978,48.2444,48.1978,48.1978,114815.36518678,0
STPZ.US,D,20130221,000000,48.1878,48.2731,48.1878,48.2265,118657.87371917,0
STPZ.US,D,20130222,000000,48.2444,48.2533,48.2067,48.2444,120371.37030619,0
STPZ.US,D,20130225,000000,48.2354,48.2989,48.2166,48.2632,115044.30204685,0
STPZ.US,D,20130226,000000,48.2265,48.2632,48.2166,48.2533,124643.51365086,0
STPZ.US,D,20130227,000000,48.2354,48.2632,48.2166,48.2444,47000.63651839,0
STPZ.US,D,20130228,000000,48.2444,48.2632,48.1978,48.2632,1341361.2337775,0
STPZ.US,D,20130301,000000,48.2166,48.2731,48.1878,48.2731,110409.08702982,0
STPZ.US,D,20130304,000000,48.2444,48.2444,48.2067,48.2265,74412.547780966,0
STPZ.US,D,20130305,000000,48.2265,48.2632,48.2067,48.2444,259763.66211393,0
STPZ.US,D,20130306,000000,48.2265,48.2354,48.1799,48.2166,90298.950511212,0
STPZ.US,D,20130307,000000,48.1978,48.2166,48.173,48.2067,151073.11433324,0
STPZ.US,D,20130308,000000,48.1561,48.2166,48.1561,48.2166,86126.651876434,0
STPZ.US,D,20130311,000000,48.2166,48.2354,48.1878,48.2265,62400.926620654,0
STPZ.US,D,20130312,000000,48.2265,48.2533,48.1978,48.2166,1069889.5187626,0
STPZ.US,D,20130313,000000,48.2067,48.2632,48.2067,48.2354,64539.015357838,0
STPZ.US,D,20130314,000000,48.2444,48.3425,48.2265,48.3336,103665.03071588,0
STPZ.US,D,20130315,000000,48.3247,48.3703,48.3068,48.3703,112412.0324223,0
STPZ.US,D,20130318,000000,48.3782,48.3782,48.3524,48.3703,64492.62286637,0
STPZ.US,D,20130319,000000,48.3524,48.3782,48.283,48.3425,193627.13139774,0
STPZ.US,D,20130320,000000,48.2989,48.3425,48.2989,48.3336,261980.41638012,0
STPZ.US,D,20130321,000000,48.3247,48.3425,48.283,48.2989,96821.129692046,0
STPZ.US,D,20130322,000000,48.2731,48.3068,48.2533,48.29,131947.30545968,0
STPZ.US,D,20130325,000000,48.29,48.3425,48.29,48.3247,75370.653583006,0
STPZ.US,D,20130326,000000,48.29,48.3167,48.2731,48.3068,62239.561432942,0
STPZ.US,D,20130327,000000,48.3624,48.3624,48.2989,48.3425,145959.85494762,0
STPZ.US,D,20130328,000000,48.29,48.3524,48.29,48.3524,97102.510238119,0
STPZ.US,D,20130401,000000,48.3247,48.3782,48.3247,48.3703,80961.957337226,0
STPZ.US,D,20130402,000000,48.3624,48.3624,48.3247,48.3524,172563.93173921,0
STPZ.US,D,20130403,000000,48.3524,48.3624,48.2989,48.3167,51772.003412549,0
STPZ.US,D,20130404,000000,48.29,48.3425,48.283,48.3167,62200.228668437,0
STPZ.US,D,20130405,000000,48.2731,48.3167,48.2632,48.2731,131903.93856548,0
STPZ.US,D,20130408,000000,48.3167,48.3247,48.2354,48.2533,52734.143344282,0
STPZ.US,D,20130409,000000,48.2632,48.2632,48.1978,48.2166,75656.068258771,0
STPZ.US,D,20130410,000000,48.1799,48.2166,48.1283,48.165,241486.02900828,0
STPZ.US,D,20130411,000000,48.1878,48.2067,48.165,48.1878,69409.21842947,0
STPZ.US,D,20130412,000000,48.165,48.2067,48.165,48.1799,142994.76962341,0
STPZ.US,D,20130415,000000,48.173,48.1799,48.0877,48.0966,112508.85153492,0
STPZ.US,D,20130416,000000,48.0689,48.1125,48.0689,48.0877,76932.870306542,0
STPZ.US,D,20130417,000000,48.0689,48.0689,48.0232,48.05,162404.98464032,0
STPZ.US,D,20130418,000000,48.0599,48.0877,47.8408,47.8765,75008.590443077,0
STPZ.US,D,20130419,000000,47.8943,47.9598,47.8943,47.9499,160634.00170518,0
STPZ.US,D,20130422,000000,48.0133,48.0232,47.9677,47.9935,80144.037542011,0
STPZ.US,D,20130423,000000,47.9935,48.0034,47.9598,47.9598,207845.42150002,0
STPZ.US,D,20130424,000000,47.9846,48.0322,47.9499,48.0322,65086.648463635,0
STPZ.US,D,20130425,000000,48.0322,48.1046,48.0322,48.0966,61732.269624072,0
STPZ.US,D,20130426,000000,48.0966,48.1125,48.0788,48.0966,174688.9095549,0
STPZ.US,D,20130429,000000,48.1283,48.1383,48.1046,48.1224,88870.868599961,0
STPZ.US,D,20130430,000000,48.0877,48.1125,48.05,48.0788,107815.14163735,0
STPZ.US,D,20130501,000000,48.0411,48.0411,47.931,47.9677,144903.92150053,0
STPZ.US,D,20130502,000000,47.9935,48.0322,47.931,47.9846,77531.938565923,0
STPZ.US,D,20130503,000000,48.0034,48.0322,47.9677,47.9846,105485.43173976,0
STPZ.US,D,20130506,000000,47.9677,48.0599,47.9677,48.0599,91382.114333729,0
STPZ.US,D,20130507,000000,48.0599,48.0689,48.0232,48.0322,476348.01706098,0
STPZ.US,D,20130508,000000,47.9846,48.0599,47.9846,48.0322,141544.49999885,0
STPZ.US,D,20130509,000000,47.9846,48.0232,47.9757,48.0232,264856.75085109,0
STPZ.US,D,20130510,000000,47.9757,47.9757,47.8943,47.9598,77523.870306538,0
STPZ.US,D,20130513,000000,47.931,47.9598,47.8943,47.8943,90019.587029986,0
STPZ.US,D,20130514,000000,47.9499,47.9499,47.8676,47.8676,496262.49828948,0
STPZ.US,D,20130515,000000,47.9023,47.9023,47.8339,47.9023,130912.55119348,0
STPZ.US,D,20130516,000000,47.8596,47.9023,47.8339,47.8676,77556.14334408,0
STPZ.US,D,20130517,000000,47.819,47.8676,47.8001,47.8091,107484.34300254,0
STPZ.US,D,20130520,000000,47.819,47.8497,47.8001,47.8497,91688.708190382,0
STPZ.US,D,20130521,000000,47.8001,47.8497,47.8001,47.8259,76179.496586412,0
STPZ.US,D,20130522,000000,47.819,47.8676,47.6901,47.7069,152459.84641514,0
STPZ.US,D,20130523,000000,47.7169,47.7169,47.6365,47.6722,332886.29692562,0
STPZ.US,D,20130524,000000,47.6722,47.7069,47.6643,47.6722,122782.77133006,0
STPZ.US,D,20130528,000000,47.6643,47.7069,47.5919,47.5919,122106.04607409,0
STPZ.US,D,20130529,000000,47.583,47.5919,47.5067,47.5414,153980.71330933,0
STPZ.US,D,20130530,000000,47.5414,47.5513,47.4511,47.4601,621898.40784478,0
STPZ.US,D,20130531,000000,47.4888,47.5255,47.4154,47.4987,1443914.861763,0
STPZ.US,D,20130603,000000,47.4601,47.5562,47.4601,47.5255,120273.54266114,0
STPZ.US,D,20130604,000000,47.4987,47.5652,47.4789,47.5314,184551.34812137,0
STPZ.US,D,20130605,000000,47.5414,47.5741,47.5067,47.5166,156731.98975982,0
STPZ.US,D,20130606,000000,47.4601,47.5166,47.4154,47.4987,486893.23207796,0
STPZ.US,D,20130607,000000,47.4511,47.4601,47.3966,47.4154,114321.18429941,0
STPZ.US,D,20130610,000000,47.3966,47.4055,47.3014,47.3272,133943.19112519,0
STPZ.US,D,20130611,000000,47.2112,47.3103,47.1735,47.3103,110320.33617658,0
STPZ.US,D,20130612,000000,47.2915,47.353,47.2013,47.2379,949863.06654519,0
STPZ.US,D,20130613,000000,47.2201,47.345,47.1378,47.3371,302187.57849584,0
STPZ.US,D,20130614,000000,47.3787,47.4154,47.345,47.3698,69337.612627423,0
STPZ.US,D,20130617,000000,47.3966,47.3966,47.2915,47.3371,112582.47440182,0
STPZ.US,D,20130618,000000,47.3183,47.4055,47.3103,47.3867,76338.844709278,0
STPZ.US,D,20130619,000000,47.3698,47.7446,47.12,47.1378,108734.92320731,0
STPZ.US,D,20130620,000000,47.0862,47.1378,46.876,46.9603,601521.01023402,0
STPZ.US,D,20130621,000000,46.9008,46.9326,46.6222,46.6222,183027.45562991,0
STPZ.US,D,20130624,000000,46.3545,46.5696,46.2762,46.4923,374786.78497989,0
STPZ.US,D,20130625,000000,46.5617,46.5954,46.5102,46.5696,103186.98634728,0
STPZ.US,D,20130626,000000,46.6281,46.6748,46.6044,46.6361,186290.05801896,0
STPZ.US,D,20130627,000000,46.7204,46.9326,46.7204,46.876,128722.01877029,0
STPZ.US,D,20130628,000000,46.8037,46.9603,46.8037,46.9177,173602.72013511,0
STPZ.US,D,20130701,000000,46.876,47.0496,46.876,47.0496,183956.31399168,0
STPZ.US,D,20130702,000000,47.0129,47.12,46.994,47.1031,175458.4197938,0
STPZ.US,D,20130703,000000,47.112,47.1467,47.0595,47.0763,58859.969282798,0
STPZ.US,D,20130705,000000,46.9692,47.0327,46.9088,46.9603,145416.25597152,0
STPZ.US,D,20130708,000000,47.0129,47.1467,47.0129,47.1031,951488.82081138,0
STPZ.US,D,20130709,000000,47.12,47.1834,47.0952,47.1735,208904.38054438,0
STPZ.US,D,20130710,000000,47.1378,47.1933,47.0862,47.1031,92395.689419045,0
STPZ.US,D,20130711,000000,47.229,47.2915,47.1467,47.2915,122859.41979422,0
STPZ.US,D,20130712,000000,47.2726,47.3272,47.1933,47.2201,155144.5597257,0
STPZ.US,D,20130715,000000,47.2201,47.3103,47.2201,47.2816,79646.831057374,0
STPZ.US,D,20130716,000000,47.3183,47.4055,47.3183,47.4055,75855.757678565,0
STPZ.US,D,20130717,000000,47.4333,47.4888,47.3787,47.4055,92132.46245659,0
STPZ.US,D,20130718,000000,47.3609,47.4055,47.3103,47.3787,39698.861774422,0
STPZ.US,D,20130719,000000,47.3698,47.4412,47.3698,47.4055,56660.360067799,0
STPZ.US,D,20130722,000000,47.4412,47.4412,47.3698,47.3867,63554.687712794,0
STPZ.US,D,20130723,000000,47.3787,47.4055,47.3014,47.3966,120297.7474393,0
STPZ.US,D,20130724,000000,47.3014,47.3014,47.1933,47.2201,206170.24914508,0
STPZ.US,D,20130725,000000,47.1735,47.229,47.1299,47.2201,211923.92661944,0
STPZ.US,D,20130726,000000,47.2013,47.2637,47.1834,47.2548,137407.49999888,0
STPZ.US,D,20130729,000000,47.229,47.2459,47.1735,47.2459,2830007.5341067,0
STPZ.US,D,20130730,000000,47.2459,47.2548,47.2112,47.2459,227093.26279679,0
STPZ.US,D,20130731,000000,47.1933,47.3272,47.1556,47.3272,266759.85153367,0
STPZ.US,D,20130801,000000,47.3014,47.345,47.2459,47.3014,260942.63651665,0
STPZ.US,D,20130802,000000,47.3787,47.4412,47.353,47.4154,311088.885663,0
STPZ.US,D,20130805,000000,47.4055,47.4154,47.3609,47.3966,114768.97269531,0
STPZ.US,D,20130806,000000,47.4789,47.4789,47.3966,47.4511,146278.55119335,0
STPZ.US,D,20130807,000000,47.4511,47.4601,47.4055,47.4154,291277.27474166,0
STPZ.US,D,20130808,000000,47.4234,47.4333,47.3698,47.3966,124672.76109114,0
STPZ.US,D,20130809,000000,47.3966,47.4234,47.3698,47.4234,89886.460750123,0
STPZ.US,D,20130812,000000,47.4412,47.4412,47.3183,47.3183,978594.13821731,0
STPZ.US,D,20130813,000000,47.345,47.345,47.229,47.2726,117366.95221748,0
STPZ.US,D,20130814,000000,47.2637,47.2726,47.1735,47.229,197597.72354788,0
STPZ.US,D,20130815,000000,47.0763,47.12,46.994,47.0952,137995.47440161,0
STPZ.US,D,20130816,000000,47.0862,47.0862,46.9177,47.0129,142243.41296813,0
STPZ.US,D,20130819,000000,46.9692,46.9692,46.882,46.9177,102624.22525514,0
STPZ.US,D,20130820,000000,46.9861,47.0595,46.9692,47.0595,485016.35323838,0
STPZ.US,D,20130821,000000,47.0496,47.0862,46.8909,46.9177,194671.97098818,0
STPZ.US,D,20130822,000000,46.8671,46.9177,46.7937,46.876,139099.81740501,0
STPZ.US,D,20130823,000000,47.0039,47.0129,46.8314,46.994,111372.23549398,0
STPZ.US,D,20130826,000000,47.0129,47.0952,47.0129,47.0862,151274.82081788,0
STPZ.US,D,20130827,000000,47.1735,47.2013,47.1378,47.1933,183390.52730226,0
STPZ.US,D,20130828,000000,47.1299,47.1834,47.1031,47.1467,134148.93173952,0
STPZ.US,D,20130829,000000,47.0694,47.1299,47.0496,47.0952,138717.58361662,0
STPZ.US,D,20130830,000000,47.1031,47.112,46.994,47.0129,117900.46586935,0
STPZ.US,D,20130903,000000,46.994,47.0039,46.9088,46.9762,81345.199658042,0
STPZ.US,D,20130904,000000,46.9514,46.9762,46.8136,46.8384,108665.33447011,0
STPZ.US,D,20130905,000000,46.7452,46.7739,46.6123,46.6212,195951.79863322,0
STPZ.US,D,20130906,000000,46.765,46.8314,46.7452,46.7838,96521.595562356,0
STPZ.US,D,20130909,000000,46.876,46.882,46.8384,46.8582,80878.249146101,0
STPZ.US,D,20130910,000000,46.7739,46.8215,46.7352,46.765,88664.119453205,0
STPZ.US,D,20130911,000000,46.882,46.9326,46.8483,46.876,62086.264504615,0
STPZ.US,D,20130912,000000,46.9514,46.9861,46.9266,46.9514,62393.866893691,0
STPZ.US,D,20130913,000000,46.9177,46.9603,46.9008,46.9425,66564.148463623,0
STPZ.US,D,20130916,000000,47.1031,47.1299,47.0129,47.0327,78766.38225192,0
STPZ.US,D,20130917,000000,47.1299,47.1299,47.0496,47.0595,97031.912968495,0
STPZ.US,D,20130918,000000,47.0763,47.4055,47.0039,47.3183,103059.91126196,0
STPZ.US,D,20130919,000000,47.4055,47.4055,47.2816,47.3183,74555.75938506,0
STPZ.US,D,20130920,000000,47.3014,47.345,47.2548,47.3183,95155.03412892,0
STPZ.US,D,20130923,000000,47.3014,47.3698,47.2726,47.2915,201390.81399154,0
STPZ.US,D,20130924,000000,47.2915,47.2915,47.229,47.229,231042.67576604,0
STPZ.US,D,20130925,000000,47.2379,47.3014,47.2112,47.2816,86132.703070973,0
STPZ.US,D,20130926,000000,47.2548,47.2816,47.2379,47.2379,73057.080204185,0
STPZ.US,D,20130927,000000,47.2637,47.3183,47.2637,47.2637,47558.354948419,0
STPZ.US,D,20130930,000000,47.2637,47.2915,47.2112,47.2915,43221.665528659,0
STPZ.US,D,20131001,000000,47.3014,47.3014,47.2013,47.2637,1009473.3839508,0
STPZ.US,D,20131002,000000,47.2379,47.3787,47.2379,47.3787,52307.534129268,0
STPZ.US,D,20131003,000000,47.3103,47.4154,47.3014,47.3787,87658.612627274,0
STPZ.US,D,20131004,000000,47.4789,47.4789,47.2915,47.353,105384.57849744,0
STPZ.US,D,20131007,000000,47.3787,47.3867,47.3272,47.3371,113187.59385574,0
STPZ.US,D,20131008,000000,47.353,47.353,47.2726,47.2816,43731.982934798,0
STPZ.US,D,20131009,000000,47.2726,47.3272,47.2459,47.2637,108509.01194451,0
STPZ.US,D,20131010,000000,47.2816,47.3698,47.2816,47.353,71970.890784398,0
STPZ.US,D,20131011,000000,47.3103,47.3609,47.3103,47.3609,48295.592149778,0
STPZ.US,D,20131014,000000,47.3014,47.3609,47.2548,47.3272,139623.24573265,0
STPZ.US,D,20131015,000000,47.3609,47.3609,47.3272,47.353,70487.339589871,0
STPZ.US,D,20131016,000000,47.2816,47.4234,47.2816,47.4154,66482.457337344,0
STPZ.US,D,20131017,000000,47.4154,47.4789,47.4055,47.4412,157036.56655163,0
STPZ.US,D,20131018,000000,47.3966,47.4511,47.3867,47.4154,61404.496586532,0
STPZ.US,D,20131021,000000,47.4789,47.4789,47.3966,47.4511,33301.740614064,0
STPZ.US,D,20131022,000000,47.4154,47.5166,47.4154,47.4511,70734.430033555,0
STPZ.US,D,20131023,000000,47.4333,47.4987,47.3787,47.4234,76022.165528393,0
STPZ.US,D,20131024,000000,47.3698,47.4511,47.353,47.4412,70925.04266154,0
STPZ.US,D,20131025,000000,47.4511,47.4789,47.4154,47.469,118311.94709802,0
STPZ.US,D,20131028,000000,47.469,47.4987,47.4511,47.4789,77807.267917457,0
STPZ.US,D,20131029,000000,47.4888,47.4987,47.4511,47.469,119171.21672258,0
STPZ.US,D,20131030,000000,47.4789,47.5166,47.3966,47.4333,107915.99487967,0
STPZ.US,D,20131031,000000,47.4601,47.469,47.353,47.3966,126396.34300239,0
STPZ.US,D,20131101,000000,47.3787,47.3787,47.2637,47.2726,64131.568258865,0
STPZ.US,D,20131104,000000,47.3103,47.3272,47.2915,47.3103,63077.651876621,0
STPZ.US,D,20131105,000000,47.2548,47.3014,47.2459,47.3014,67195.489760546,0
STPZ.US,D,20131106,000000,47.4055,47.4789,47.4055,47.4234,440279.87201008,0
STPZ.US,D,20131107,000000,47.4888,47.5067,47.4234,47.4412,111268.35665439,0
STPZ.US,D,20131108,000000,47.3183,47.3609,47.2915,47.3103,152189.55972573,0
STPZ.US,D,20131111,000000,47.3787,47.3867,47.2726,47.3609,71744.979521602,0
STPZ.US,D,20131112,000000,47.3966,47.3966,47.3103,47.345,90681.184299605,0
STPZ.US,D,20131113,000000,47.3698,47.4333,47.3609,47.4234,69859.023890218,0
STPZ.US,D,20131114,000000,47.4333,47.5513,47.4234,47.5166,72274.459043782,0
STPZ.US,D,20131115,000000,47.5166,47.5166,47.4601,47.5067,67991.221842451,0
STPZ.US,D,20131118,000000,47.4789,47.5513,47.469,47.5067,266763.88566336,0
STPZ.US,D,20131119,000000,47.4888,47.4888,47.4333,47.4511,176638.40272894,0
STPZ.US,D,20131120,000000,47.4154,47.4789,47.3867,47.4154,62241.578497788,0
STPZ.US,D,20131121,000000,47.3183,47.469,47.3183,47.4601,70936.136518195,0
STPZ.US,D,20131122,000000,47.4234,47.4789,47.4234,47.4333,300798.82934909,0
STPZ.US,D,20131125,000000,47.3787,47.469,47.3787,47.4511,311911.84812033,0
STPZ.US,D,20131126,000000,47.4511,47.4601,47.3787,47.4511,60774.163822032,0
STPZ.US,D,20131127,000000,47.3966,47.4234,47.345,47.4234,78975.148463522,0
STPZ.US,D,20131129,000000,47.3966,47.4055,47.3371,47.345,52152.220136095,0
STPZ.US,D,20131202,000000,47.345,47.3609,47.3014,47.3371,161905.76109084,0
STPZ.US,D,20131203,000000,47.353,47.3609,47.3183,47.3371,82832.784982262,0
STPZ.US,D,20131204,000000,47.2548,47.3014,47.2459,47.2915,98179.622866097,0
STPZ.US,D,20131205,000000,47.2637,47.2915,47.229,47.2915,131134.42832658,0
STPZ.US,D,20131206,000000,47.2459,47.2915,47.1933,47.2112,82885.228668269,0
STPZ.US,D,20131209,000000,47.229,47.2548,47.1735,47.2201,79876.776449863,0
STPZ.US,D,20131210,000000,47.2201,47.2637,47.2013,47.2637,67811.703071122,0
STPZ.US,D,20131211,000000,47.2112,47.2816,47.1933,47.229,908447.68258648,0
STPZ.US,D,20131212,000000,47.1556,47.2013,47.1378,47.1735,77390.744026675,0
STPZ.US,D,20131213,000000,47.1834,47.2201,47.1556,47.2112,255906.02559519,0
STPZ.US,D,20131216,000000,47.2112,47.2548,47.1834,47.2379,504738.20477406,0
STPZ.US,D,20131217,000000,47.2459,47.2915,47.2201,47.2637,216094.20818937,0
STPZ.US,D,20131218,000000,47.2112,47.3183,47.1834,47.2459,129309.99317301,0
STPZ.US,D,20131219,000000,47.1556,47.2013,47.12,47.1299,189361.03924761,0
STPZ.US,D,20131220,000000,47.112,47.1646,47.1031,47.12,140005.47952105,0
STPZ.US,D,20131223,000000,47.0862,47.1556,47.0763,47.1031,141328.67406029,0
STPZ.US,D,20131224,000000,47.12,47.12,47.0763,47.112,56358.808873262,0
STPZ.US,D,20131226,000000,47.112,47.1299,47.0595,47.12,65497.121159878,0
STPZ.US,D,20131227,000000,47.1378,47.1467,47.0763,47.112,64396.812286166,0
STPZ.US,D,20131230,000000,47.0952,47.1646,47.0952,47.1556,94769.774743258,0
STPZ.US,D,20131231,000000,47.0952,47.1735,47.0952,47.1735,124718.14505018,0
STPZ.US,D,20140102,000000,47.1556,47.229,47.1378,47.1933,222915.9214999,0
STPZ.US,D,20140103,000000,47.2013,47.2459,47.1467,47.1646,70629.542661542,0
STPZ.US,D,20140106,000000,47.1933,47.2459,47.1646,47.2013,246298.74573179,0
STPZ.US,D,20140107,000000,47.1735,47.2548,47.1735,47.2112,605629.77132614,0
STPZ.US,D,20140108,000000,47.2013,47.2013,47.1299,47.1467,79338.220135874,0
STPZ.US,D,20140109,000000,47.1834,47.2112,47.1378,47.1834,116159.73890691,0
STPZ.US,D,20140110,000000,47.2637,47.2915,47.2379,47.2816,225697.45392308,0
STPZ.US,D,20140113,000000,47.2637,47.3014,47.2548,47.2915,49158.895904038,0
STPZ.US,D,20140114,000000,47.2726,47.3014,47.1933,47.229,42274.653583274,0
STPZ.US,D,20140115,000000,47.1646,47.229,47.1467,47.2112,202452.79863317,0
STPZ.US,D,20140116,000000,47.2013,47.2459,47.1556,47.1646,76910.682593232,0
STPZ.US,D,20140117,000000,47.1646,47.1933,47.1378,47.1735,68334.122866339,0
STPZ.US,D,20140121,000000,47.2112,47.2201,47.1467,47.1467,70460.109214445,0
STPZ.US,D,20140122,000000,47.112,47.1299,47.0862,47.1299,107064.79351449,0
STPZ.US,D,20140123,000000,47.1556,47.2379,47.1556,47.1933,76353.972695626,0
STPZ.US,D,20140124,000000,47.2013,47.2379,47.1933,47.229,226674.72184116,0
STPZ.US,D,20140127,000000,47.1933,47.2548,47.1556,47.1646,176140.18771188,0
STPZ.US,D,20140128,000000,47.1834,47.2459,47.1834,47.229,124344.9880536,0
STPZ.US,D,20140129,000000,47.2915,47.3183,47.2548,47.2726,69545.370306602,0
STPZ.US,D,20140130,000000,47.2459,47.3103,47.2459,47.3014,61341.967576294,0
STPZ.US,D,20140131,000000,47.353,47.353,47.2726,47.353,148720.20818992,0
STPZ.US,D,20140203,000000,47.3609,47.4154,47.3183,47.3966,63908.682593338,0
STPZ.US,D,20140204,000000,47.3698,47.3867,47.3183,47.3698,230807.68771144,0
STPZ.US,D,20140205,000000,47.3272,47.345,47.3014,47.3103,333245.33446828,0
STPZ.US,D,20140206,000000,47.3103,47.353,47.2915,47.353,45535.23890748,0
STPZ.US,D,20140207,000000,47.3609,47.4412,47.3609,47.4412,50959.12627945,0
STPZ.US,D,20140210,000000,47.3867,47.4511,47.3867,47.4055,82018.89931674,0
STPZ.US,D,20140211,000000,47.3272,47.3787,47.3272,47.3609,84261.875425937,0
STPZ.US,D,20140212,000000,47.3698,47.3698,47.3014,47.3183,61853.293514856,0
STPZ.US,D,20140213,000000,47.345,47.4055,47.345,47.3966,136139.77474292,0
STPZ.US,D,20140214,000000,47.3787,47.3867,47.3371,47.3787,96205.924913894,0
STPZ.US,D,20140218,000000,47.4154,47.4511,47.3787,47.4055,72064.684299756,0
STPZ.US,D,20140219,000000,47.4154,47.4412,47.3371,47.345,76618.208190504,0
STPZ.US,D,20140220,000000,47.3371,47.345,47.2816,47.3103,75237.527303143,0
STPZ.US,D,20140221,000000,47.2816,47.353,47.2816,47.345,53413.894197518,0
STPZ.US,D,20140224,000000,47.3183,47.345,47.3014,47.3272,92478.389077747,0
STPZ.US,D,20140225,000000,47.3609,47.4234,47.3272,47.3698,82647.215016394,0
STPZ.US,D,20140226,000000,47.3698,47.4511,47.3698,47.4511,70143.43003356,0
STPZ.US,D,20140227,000000,47.4601,47.4789,47.4055,47.4333,97595.682593064,0
STPZ.US,D,20140228,000000,47.3966,47.4511,47.3609,47.4511,268258.53071454,0
STPZ.US,D,20140303,000000,47.5166,47.5513,47.4789,47.5314,63275.324231568,0
STPZ.US,D,20140304,000000,47.4987,47.4987,47.4234,47.4601,104177.36518687,0
STPZ.US,D,20140305,000000,47.4154,47.4888,47.4154,47.4789,60210.394197463,0
STPZ.US,D,20140306,000000,47.3966,47.4601,47.3867,47.4412,66226.290101851,0
STPZ.US,D,20140307,000000,47.4055,47.4412,47.3698,47.4055,346389.53753985,0
STPZ.US,D,20140310,000000,47.3966,47.4412,47.3966,47.4333,52596.982934726,0
STPZ.US,D,20140311,000000,47.3966,47.4412,47.3787,47.4234,222353.16040775,0
STPZ.US,D,20140312,000000,47.4789,47.4789,47.4154,47.4154,112463.46757588,0
STPZ.US,D,20140313,000000,47.4154,47.4888,47.3867,47.469,99540.133104994,0
STPZ.US,D,20140314,000000,47.4412,47.4888,47.4234,47.469,79751.718429386,0
STPZ.US,D,20140317,000000,47.4511,47.4511,47.3867,47.3867,57955.315699188,0
STPZ.US,D,20140318,000000,47.3867,47.4412,47.3867,47.4333,45557.42662079,0
STPZ.US,D,20140319,000000,47.3867,47.4154,47.1646,47.1646,55375.489760642,0
STPZ.US,D,20140320,000000,47.0862,47.1299,47.0595,47.1299,538233.58361338,0
STPZ.US,D,20140321,000000,47.0862,47.1646,47.0862,47.1299,69822.716722982,0
STPZ.US,D,20140324,000000,47.0694,47.1299,47.0694,47.112,167982.16894062,0
STPZ.US,D,20140325,000000,47.1031,47.1467,47.0763,47.0763,90730.602388342,0
STPZ.US,D,20140326,000000,47.112,47.1834,47.112,47.1467,79166.76962393,0
STPZ.US,D,20140327,000000,47.112,47.1834,47.112,47.1735,70273.530716153,0
STPZ.US,D,20140328,000000,47.1378,47.1556,47.1031,47.1467,51063.005119039,0
STPZ.US,D,20140331,000000,47.1031,47.2112,47.1031,47.2112,67135.986347578,0
STPZ.US,D,20140401,000000,47.1646,47.2013,47.1299,47.1467,240828.46586835,0
STPZ.US,D,20140402,000000,47.0952,47.1299,47.0862,47.12,88262.723548771,0
STPZ.US,D,20140403,000000,47.1031,47.1556,47.1031,47.1031,78151.177473768,0
STPZ.US,D,20140404,000000,47.1556,47.2112,47.1556,47.1834,60907.290101894,0
STPZ.US,D,20140407,000000,47.2379,47.2548,47.2013,47.2013,324059.62115778,0
STPZ.US,D,20140408,000000,47.2379,47.2379,47.1556,47.2201,123802.39760992,0
STPZ.US,D,20140409,000000,47.1834,47.3014,47.1646,47.3014,69791.452217863,0
STPZ.US,D,20140410,000000,47.2816,47.3698,47.2816,47.3183,43507.080204425,0
STPZ.US,D,20140411,000000,47.3698,47.3698,47.3272,47.345,80499.040954978,0
STPZ.US,D,20140414,000000,47.3183,47.345,47.3014,47.3103,62855.774743517,0
STPZ.US,D,20140415,000000,47.353,47.3867,47.3103,47.345,56370.911262341,0
STPZ.US,D,20140416,000000,47.3371,47.4055,47.3371,47.345,65385.174060902,0
STPZ.US,D,20140417,000000,47.3183,47.4055,47.2816,47.3698,74622.322524991,0
STPZ.US,D,20140421,000000,47.4333,47.469,47.3966,47.4333,43933.689419438,0
STPZ.US,D,20140422,000000,47.4234,47.4333,47.3698,47.4234,60125.677473914,0
STPZ.US,D,20140423,000000,47.4154,47.4888,47.4055,47.4511,94182.808872955,0
STPZ.US,D,20140424,000000,47.4789,47.4888,47.4154,47.4601,96906.854948018,0
STPZ.US,D,20140425,000000,47.469,47.4888,47.4234,47.4412,47919.409555925,0
STPZ.US,D,20140428,000000,47.4333,47.4601,47.3698,47.3867,126780.59385563,0
STPZ.US,D,20140429,000000,47.3787,47.4333,47.3698,47.3966,70915.965869731,0
STPZ.US,D,20140430,000000,47.4333,47.4789,47.4055,47.4789,71052.117746863,0
STPZ.US,D,20140501,000000,47.4789,47.5414,47.4789,47.4987,105593.34470904,0
STPZ.US,D,20140502,000000,47.4511,47.5067,47.4333,47.5067,74404.47952158,0
STPZ.US,D,20140505,000000,47.5414,47.5414,47.4601,47.4789,59482.233787913,0
STPZ.US,D,20140506,000000,47.4601,47.5067,47.4412,47.469,734334.64504523,0
STPZ.US,D,20140507,000000,47.4987,47.5314,47.4333,47.4888,71364.762798055,0
STPZ.US,D,20140508,000000,47.4888,47.5741,47.4888,47.5741,78691.750852603,0
STPZ.US,D,20140509,000000,47.5166,47.5741,47.5166,47.5652,76607.114333849,0
STPZ.US,D,20140512,000000,47.5314,47.5562,47.5067,47.5314,50251.136518363,0
STPZ.US,D,20140513,000000,47.5741,47.5741,47.5255,47.5741,51462.383958626,0
STPZ.US,D,20140514,000000,47.6187,47.7268,47.6098,47.6831,45894.276450139,0
STPZ.US,D,20140515,000000,47.7079,47.7823,47.7079,47.7724,821348.80545408,0
STPZ.US,D,20140516,000000,47.7823,47.7823,47.7357,47.7456,115930.80204684,0
STPZ.US,D,20140519,000000,47.8011,47.8011,47.7357,47.7456,65704.878839057,0
STPZ.US,D,20140520,000000,47.7724,47.82,47.7357,47.8011,92036.651876386,0
STPZ.US,D,20140521,000000,47.8101,47.82,47.7724,47.82,55904.969282822,0
STPZ.US,D,20140522,000000,47.7823,47.8349,47.7555,47.8349,252840.08702866,0
STPZ.US,D,20140523,000000,47.82,47.8507,47.8101,47.8101,50452.843003003,0
STPZ.US,D,20140527,000000,47.8507,47.8775,47.8269,47.8418,114588.44539156,0
STPZ.US,D,20140528,000000,47.8854,47.9231,47.8775,47.9033,61373.232081413,0
STPZ.US,D,20140529,000000,47.8854,47.9677,47.8507,47.9033,54198.532422768,0
STPZ.US,D,20140530,000000,47.8418,47.8686,47.8269,47.8507,109054.62798546,0
STPZ.US,D,20140602,000000,47.8606,47.8606,47.7724,47.7912,49354.551194138,0
STPZ.US,D,20140603,000000,47.7555,47.7912,47.699,47.7079,111691.94027213,0
STPZ.US,D,20140604,000000,47.7357,47.7456,47.6633,47.7179,259190.81569755,0
STPZ.US,D,20140605,000000,47.7555,47.7823,47.7268,47.7823,74505.3327639,0
STPZ.US,D,20140606,000000,47.7645,47.7912,47.7179,47.7555,56135.923207735,0
STPZ.US,D,20140609,000000,47.7179,47.7645,47.7079,47.7555,49847.723549083,0
STPZ.US,D,20140610,000000,47.7179,47.7555,47.699,47.7456,67178.344709352,0
STPZ.US,D,20140611,000000,47.7357,47.7724,47.7357,47.7724,50078.677473996,0
STPZ.US,D,20140612,000000,47.7912,47.8606,47.7823,47.8418,79119.36860004,0
STPZ.US,D,20140613,000000,47.7268,47.7724,47.6901,47.7724,40514.76450479,0
STPZ.US,D,20140616,000000,47.7555,47.7724,47.7357,47.7645,46395.51706447,0
STPZ.US,D,20140617,000000,47.7555,47.7912,47.7555,47.7724,94773.80887295,0
STPZ.US,D,20140618,000000,47.8349,47.8854,47.7823,47.8854,60319.315699169,0
STPZ.US,D,20140619,000000,47.932,47.9677,47.8854,47.932,56837.861774282,0
STPZ.US,D,20140620,000000,47.8943,47.9608,47.8854,47.9608,58474.709897136,0
STPZ.US,D,20140623,000000,47.9608,47.9757,47.9409,47.9757,158895.29180758,0
STPZ.US,D,20140624,000000,48.0322,48.0322,47.932,48.0143,39425.549487734,0
STPZ.US,D,20140625,000000,48.0242,48.0322,47.9677,48.0044,130588.81228563,0
STPZ.US,D,20140626,000000,48.0322,48.0421,47.9945,48.0242,58554.383958569,0
STPZ.US,D,20140627,000000,48.0322,48.051,48.0143,48.0143,43145.017064496,0
STPZ.US,D,20140630,000000,48.051,48.051,48.0044,48.0044,112093.33617656,0
STPZ.US,D,20140701,000000,48.0242,48.0242,47.9677,47.9856,74985.394197343,0
STPZ.US,D,20140702,000000,47.9608,47.9608,47.9231,47.9409,56690.616040495,0
STPZ.US,D,20140703,000000,47.9231,47.932,47.8606,47.9231,214237.49999826,0
STPZ.US,D,20140707,000000,47.9677,47.9677,47.9231,47.932,69587.728668377,0
STPZ.US,D,20140708,000000,47.9231,47.9677,47.9231,47.9409,94874.66211527,0
STPZ.US,D,20140709,000000,47.8775,47.9677,47.8775,47.9608,112509.86006735,0
STPZ.US,D,20140710,000000,48.0044,48.0242,47.9509,47.9757,60066.174060946,0
STPZ.US,D,20140711,000000,48.0044,48.0242,47.9608,47.9945,354371.06313705,0
STPZ.US,D,20140714,000000,47.9757,47.9757,47.9231,47.9509,80534.33958979,0
STPZ.US,D,20140715,000000,47.9231,47.9677,47.8686,47.8775,92525.790101638,0
STPZ.US,D,20140716,000000,47.8606,47.8854,47.8339,47.8606,75983.841296311,0
STPZ.US,D,20140717,000000,47.9033,47.9608,47.8606,47.9409,56609.933446639,0
STPZ.US,D,20140718,000000,47.9231,47.9509,47.8854,47.9132,140952.49146643,0
STPZ.US,D,20140721,000000,47.9231,47.9509,47.8854,47.9231,88927.34641566,0
STPZ.US,D,20140722,000000,47.8854,47.9033,47.8507,47.8775,66879.819112085,0
STPZ.US,D,20140723,000000,47.8606,47.8854,47.8418,47.8686,61746.389077997,0
STPZ.US,D,20140724,000000,47.8259,47.8418,47.8001,47.8091,64165.858361254,0
STPZ.US,D,20140725,000000,47.8418,47.8943,47.8339,47.8943,122825.12969184,0
STPZ.US,D,20140728,000000,47.8854,47.8854,47.819,47.8686,81461.18088671,0
STPZ.US,D,20140729,000000,47.8686,47.9132,47.8686,47.9033,61507.366893698,0
STPZ.US,D,20140730,000000,47.8418,47.8507,47.8001,47.8339,62043.906142841,0
STPZ.US,D,20140731,000000,47.8051,47.8646,47.8051,47.8557,77792.139931109,0
STPZ.US,D,20140801,000000,47.9082,47.9459,47.8557,47.937,81681.040954968,0
STPZ.US,D,20140804,000000,47.937,47.9717,47.8904,47.8983,79307.964163178,0
STPZ.US,D,20140805,000000,47.8557,47.9082,47.8378,47.9082,67584.783275902,0
STPZ.US,D,20140806,000000,47.8904,47.9181,47.8904,47.9082,51765.95221801,0
STPZ.US,D,20140807,000000,47.8983,47.9806,47.8646,47.9647,87460.940272327,0
STPZ.US,D,20140808,000000,47.9647,48.0847,47.9181,47.9271,34844.79522156,0
STPZ.US,D,20140811,000000,47.9647,47.9647,47.9181,47.9459,50061.532422802,0
STPZ.US,D,20140812,000000,47.937,47.9647,47.9082,47.937,121681.45392393,0
STPZ.US,D,20140813,000000,47.9459,47.9994,47.9271,47.9905,65843.047781035,0
STPZ.US,D,20140814,000000,48.0094,48.1868,47.9558,47.9717,98902.740613531,0
STPZ.US,D,20140815,000000,47.9082,48.0094,47.9082,47.9647,54039.184299902,0
STPZ.US,D,20140818,000000,47.9082,47.9271,47.8646,47.8725,119415.281569,0
STPZ.US,D,20140819,000000,47.937,47.937,47.8378,47.8378,61051.510238412,0
STPZ.US,D,20140820,000000,47.814,47.8983,47.7496,47.7674,96219.035835396,0
STPZ.US,D,20140821,000000,47.7595,47.814,47.7496,47.7952,112143.76279772,0
STPZ.US,D,20140822,000000,47.8051,47.8051,47.702,47.7595,62920.320818602,0
STPZ.US,D,20140825,000000,47.7208,47.7595,47.702,47.7119,66243.435153046,0
STPZ.US,D,20140826,000000,47.7397,47.7764,47.7397,47.7595,66498.593856115,0
STPZ.US,D,20140827,000000,47.7863,47.814,47.7674,47.7863,71018.836176898,0
STPZ.US,D,20140828,000000,47.8051,47.8239,47.7674,47.7863,60831.650170154,0
STPZ.US,D,20140829,000000,47.7863,47.7952,47.7496,47.7952,156698.70818985,0
STPZ.US,D,20140902,000000,47.7397,47.7674,47.6861,47.6861,53197.05972653,0
STPZ.US,D,20140903,000000,47.6663,47.7397,47.6663,47.7307,71343.583617168,0
STPZ.US,D,20140904,000000,47.7496,47.7496,47.6663,47.6861,154673.57508407,0
STPZ.US,D,20140905,000000,47.7307,47.7397,47.6762,47.6941,460224.60921128,0
STPZ.US,D,20140908,000000,47.6762,47.6941,47.5939,47.6108,80269.095562488,0
STPZ.US,D,20140909,000000,47.5671,47.584,47.5186,47.5334,112690.3873711,0
STPZ.US,D,20140910,000000,47.4997,47.5086,47.4422,47.47,47892.179180498,0
STPZ.US,D,20140911,000000,47.5086,47.5275,47.4799,47.4997,76977.245733163,0
STPZ.US,D,20140912,000000,47.4521,47.5086,47.4422,47.4799,39238.970989442,0
STPZ.US,D,20140915,000000,47.5275,47.5275,47.4799,47.5086,43704.752559372,0
STPZ.US,D,20140916,000000,47.5086,47.5523,47.4898,47.5334,172866.49146617,0
STPZ.US,D,20140917,000000,47.4343,47.47,47.2717,47.2806,96589.16723471,0
STPZ.US,D,20140918,000000,47.2627,47.2905,47.2092,47.227,73720.69453865,0
STPZ.US,D,20140919,000000,47.2449,47.2449,47.1993,47.2181,81633.639931078,0
STPZ.US,D,20140922,000000,47.2449,47.2528,47.1913,47.227,79220.22184236,0
STPZ.US,D,20140923,000000,47.236,47.3103,47.236,47.3103,77222.319112001,0
STPZ.US,D,20140924,000000,47.3004,47.3272,47.2717,47.3004,491597.02729976,0
STPZ.US,D,20140925,000000,47.3272,47.3698,47.3103,47.3698,324807.95221579,0
STPZ.US,D,20140926,000000,47.3183,47.3272,47.2449,47.2528,103196.06313909,0
STPZ.US,D,20140929,000000,47.2627,47.3183,47.2627,47.2905,163453.85836045,0
STPZ.US,D,20140930,000000,47.2528,47.3103,47.227,47.2449,245875.16211404,0
STPZ.US,D,20141001,000000,47.2905,47.3877,47.2905,47.3698,128371.04948701,0
STPZ.US,D,20141002,000000,47.353,47.3787,47.3103,47.3103,142977.62457222,0
STPZ.US,D,20141003,000000,47.2905,47.2905,47.2092,47.236,83070.798634138,0
STPZ.US,D,20141006,000000,47.2717,47.2905,47.227,47.2717,768166.8737139,0
STPZ.US,D,20141007,000000,47.3004,47.3371,47.2905,47.3183,254192.52900817,0
STPZ.US,D,20141008,000000,47.3272,47.4997,47.3004,47.4997,252658.55119249,0
STPZ.US,D,20141009,000000,47.5086,47.5086,47.4164,47.4244,58655.237200889,0
STPZ.US,D,20141010,000000,47.4065,47.4521,47.3976,47.4244,57948.255972226,0
STPZ.US,D,20141013,000000,47.4422,47.5334,47.4422,47.5334,48771.619453529,0
STPZ.US,D,20141014,000000,47.47,47.4997,47.4065,47.4521,256248.92661908,0
STPZ.US,D,20141015,000000,47.5334,47.6762,47.3787,47.3787,74519.452217825,0
STPZ.US,D,20141016,000000,47.4065,47.4343,47.3609,47.4244,146236.19283158,0
STPZ.US,D,20141017,000000,47.3877,47.4422,47.3787,47.3877,85497.327644357,0
STPZ.US,D,20141020,000000,47.4521,47.4521,47.3976,47.4065,62672.221842494,0
STPZ.US,D,20141021,000000,47.4065,47.4422,47.3698,47.4065,106645.24402644,0
STPZ.US,D,20141022,000000,47.4164,47.4422,47.3698,47.3976,57433.904436394,0
STPZ.US,D,20141023,000000,47.3103,47.3698,47.236,47.3183,61898.6774739,0
STPZ.US,D,20141024,000000,47.2905,47.345,47.2905,47.3371,41349.8293512,0
STPZ.US,D,20141027,000000,47.2627,47.3272,47.2627,47.3004,66342.271330519,0
STPZ.US,D,20141028,000000,47.3183,47.3609,47.2905,47.345,44986.597269259,0
STPZ.US,D,20141029,000000,47.353,47.4065,47.1814,47.2806,75385.781569354,0
STPZ.US,D,20141030,000000,47.2092,47.3272,47.2092,47.3004,93701.738907089,0
STPZ.US,D,20141031,000000,47.3004,47.3371,47.2717,47.2905,149538.12798513,0
STPZ.US,D,20141103,000000,47.2717,47.3103,47.236,47.2806,109383.40955543,0
STPZ.US,D,20141104,000000,47.2449,47.2905,47.227,47.2528,54412.341296486,0
STPZ.US,D,20141105,000000,47.2092,47.3004,47.2092,47.2806,172065.71672215,0
STPZ.US,D,20141106,000000,47.2717,47.3004,47.2449,47.2717,58263.926620687,0
STPZ.US,D,20141107,000000,47.2905,47.3976,47.2905,47.3787,159482.25767789,0
STPZ.US,D,20141110,000000,47.3609,47.3877,47.3103,47.3272,49169.989760693,0
STPZ.US,D,20141111,000000,47.3183,47.353,47.3004,47.3004,55933.208190672,0
STPZ.US,D,20141112,000000,47.3272,47.3698,47.2905,47.3272,80226.737200714,0
STPZ.US,D,20141113,000000,47.3103,47.3371,47.236,47.2449,121512.02047683,0
STPZ.US,D,20141114,000000,47.1913,47.3272,47.1913,47.3004,193402.22866737,0
STPZ.US,D,20141117,000000,47.2806,47.3183,47.2449,47.2717,83320.914675091,0
STPZ.US,D,20141118,000000,47.236,47.2806,47.236,47.2806,66151.658702534,0
STPZ.US,D,20141119,000000,47.1913,47.2627,47.1814,47.1814,54434.529009797,0
STPZ.US,D,20141120,000000,47.2528,47.2627,47.2092,47.236,64801.23378787,0
STPZ.US,D,20141121,000000,47.2627,47.3103,47.2627,47.2717,81180.808873061,0
STPZ.US,D,20141124,000000,47.2528,47.3103,47.2528,47.2717,102375.11774661,0
STPZ.US,D,20141125,000000,47.2717,47.2905,47.2181,47.2627,69186.332763943,0
STPZ.US,D,20141126,000000,47.2449,47.2806,47.227,47.236,90725.559726226,0
STPZ.US,D,20141128,000000,47.1814,47.2181,47.1358,47.1814,29360.395904198,0
STPZ.US,D,20141201,000000,47.2449,47.2449,47.1626,47.1814,74795.790101782,0
STPZ.US,D,20141202,000000,47.1269,47.1537,47.0466,47.0466,142218.19965755,0
STPZ.US,D,20141203,000000,47.0198,47.0565,47.0099,47.0386,70224.112627416,0
STPZ.US,D,20141204,000000,47.0664,47.0664,47.0099,47.0466,252878.41126074,0
STPZ.US,D,20141205,000000,46.9395,46.9395,46.8364,46.8532,52298.457337459,0
STPZ.US,D,20141208,000000,46.7878,46.8364,46.7689,46.8265,60104.498293027,0
STPZ.US,D,20141209,000000,46.8265,46.8969,46.8265,46.8711,64885.950511418,0
STPZ.US,D,20141210,000000,46.8076,46.8969,46.8076,46.8869,69134.89761036,0
STPZ.US,D,20141211,000000,46.88,46.88,46.7779,46.8175,59558.882252076,0
STPZ.US,D,20141212,000000,46.7392,46.8076,46.6678,46.7313,47026.858361393,0
STPZ.US,D,20141215,000000,46.6678,46.6866,46.6063,46.6252,247446.45562939,0
STPZ.US,D,20141216,000000,46.6311,46.7134,46.6153,46.6777,67318.530716177,0
STPZ.US,D,20141217,000000,46.6777,46.7313,46.529,46.5637,141885.38395789,0
STPZ.US,D,20141218,000000,46.5012,46.5637,46.4636,46.4834,131014.41296822,0
STPZ.US,D,20141219,000000,46.5558,46.5706,46.4735,46.5201,114311.09897518,0
STPZ.US,D,20141222,000000,46.5012,46.5706,46.5012,46.5379,129682.14163717,0
STPZ.US,D,20141223,000000,46.5012,46.5558,46.4447,46.4923,142333.17235379,0
STPZ.US,D,20141224,000000,46.3971,46.4447,46.3535,46.3872,53950.433446661,0
STPZ.US,D,20141226,000000,46.3813,46.4447,46.3436,46.3634,71122.715016487,0
STPZ.US,D,20141229,000000,46.5111,46.5201,46.3188,46.406,129837.45563034,0
STPZ.US,D,20141230,000000,46.4636,46.4636,46.3723,46.416,139652.49317293,0
STPZ.US,D,20141231,000000,46.3813,46.6153,46.3813,46.5201,144957.37371896,0
STPZ.US,D,20150102,000000,46.4923,46.6391,46.4923,46.5885,100396.37713229,0
STPZ.US,D,20150105,000000,46.4636,46.5558,46.4636,46.529,93541.3822518,0
STPZ.US,D,20150106,000000,46.4636,46.5706,46.406,46.4249,111978.36348032,0
STPZ.US,D,20150107,000000,46.3872,46.5111,46.3872,46.4834,54262.06996543,0
STPZ.US,D,20150108,000000,46.4636,46.5786,46.4636,46.5637,129614.56996482,0
STPZ.US,D,20150109,000000,46.5468,46.6391,46.5468,46.5984,43430.431740262,0
STPZ.US,D,20150112,000000,46.5637,46.6063,46.5468,46.5706,80219.677473751,0
STPZ.US,D,20150113,000000,46.4636,46.5706,46.4636,46.5637,490382.75426223,0
STPZ.US,D,20150114,000000,46.5885,46.7035,46.5885,46.6866,49934.457337478,0
STPZ.US,D,20150115,000000,46.7223,46.8532,46.7223,46.8364,369476.86177174,0
STPZ.US,D,20150116,000000,46.88,46.88,46.7313,46.7689,72943.116040363,0
STPZ.US,D,20150120,000000,46.7223,46.7878,46.7035,46.7223,88560.240613615,0
STPZ.US,D,20150121,000000,46.7689,46.8076,46.6777,46.7134,69395.098975546,0
STPZ.US,D,20150122,000000,46.8076,46.8076,46.6311,46.6866,171933.59897471,0
STPZ.US,D,20150123,000000,46.7035,46.8076,46.7035,46.8076,123207.36348023,0
STPZ.US,D,20150126,000000,46.7223,46.7689,46.7035,46.7491,132216.58361667,0
STPZ.US,D,20150127,000000,46.8076,46.8869,46.7977,46.8631,155101.1928315,0
STPZ.US,D,20150128,000000,46.8364,46.9246,46.8265,46.88,695847.03071107,0
STPZ.US,D,20150129,000000,46.8532,46.9296,46.8433,46.9246,152989.32593732,0
STPZ.US,D,20150130,000000,47.0297,47.0565,46.9395,47.0565,175294.02900882,0
STPZ.US,D,20150202,000000,47.0664,47.0833,47.0099,47.0565,54621.107508089,0
STPZ.US,D,20150203,000000,47.0565,47.119,47.0386,47.0743,179035.68429889,0
STPZ.US,D,20150204,000000,47.0297,47.0664,46.9573,47.0565,46604.283276072,0
STPZ.US,D,20150205,000000,47.1358,47.1814,46.9831,47.0297,114251.59556221,0
STPZ.US,D,20150206,000000,46.9246,46.9296,46.7977,46.7977,75635.897610307,0
STPZ.US,D,20150209,000000,46.7977,46.7977,46.7392,46.7779,64573.305460226,0
STPZ.US,D,20150210,000000,46.7313,46.7779,46.6579,46.6678,57060.74743981,0
STPZ.US,D,20150211,000000,46.6678,46.7491,46.5984,46.6579,103232.37030633,0
STPZ.US,D,20150212,000000,46.6579,46.7392,46.648,46.6678,55670.98976064,0
STPZ.US,D,20150213,000000,46.6777,46.7223,46.6153,46.6391,46472.165528633,0
STPZ.US,D,20150217,000000,46.6678,46.6678,46.5468,46.5786,86378.784982234,0
STPZ.US,D,20150218,000000,46.5468,46.6777,46.5201,46.6678,114418.00341204,0
STPZ.US,D,20150219,000000,46.5468,46.6153,46.5379,46.6063,96710.191125494,0
STPZ.US,D,20150220,000000,46.6579,46.7035,46.5468,46.5706,56981.073378377,0
STPZ.US,D,20150223,000000,46.5558,46.5984,46.5468,46.5558,2991897.1586788,0
STPZ.US,D,20150224,000000,46.5468,46.6777,46.4834,46.6391,146877.61945273,0
STPZ.US,D,20150225,000000,46.6252,46.7223,46.5984,46.6966,132269.02730268,0
STPZ.US,D,20150226,000000,46.7689,46.7779,46.7134,46.7313,102618.1740606,0
STPZ.US,D,20150227,000000,46.7878,46.8869,46.7689,46.8869,237499.30033937,0
STPZ.US,D,20150302,000000,46.8265,46.8265,46.7223,46.7392,108092.48805373,0
STPZ.US,D,20150303,000000,46.7134,46.7779,46.7134,46.7779,97081.331057232,0
STPZ.US,D,20150304,000000,46.7779,46.8076,46.7223,46.759,92857.59726887,0
STPZ.US,D,20150305,000000,46.7392,46.7689,46.6579,46.6966,86074.208190427,0
STPZ.US,D,20150306,000000,46.6153,46.6252,46.5637,46.5637,120547.86348025,0
STPZ.US,D,20150309,000000,46.5706,46.5984,46.5012,46.529,99417.092149363,0
STPZ.US,D,20150310,000000,46.5012,46.5379,46.4834,46.4923,333396.61433176,0
STPZ.US,D,20150311,000000,46.4923,46.5468,46.4447,46.529,71952.737200781,0
STPZ.US,D,20150312,000000,46.6579,46.6678,46.4447,46.4834,76177.479521566,0
STPZ.US,D,20150313,000000,46.3872,46.4636,46.3723,46.3971,96081.875425841,0
STPZ.US,D,20150316,000000,46.4249,46.4249,46.3267,46.3813,71396.027303174,0
STPZ.US,D,20150317,000000,46.3099,46.3535,46.2662,46.294,66724.505118912,0
STPZ.US,D,20150318,000000,46.294,46.7313,46.2662,46.5984,99087.302046977,0
STPZ.US,D,20150319,000000,46.5637,46.6391,46.4636,46.5706,81401.677473742,0
STPZ.US,D,20150320,000000,46.5786,46.6678,46.5706,46.6311,81848.457337219,0
STPZ.US,D,20150323,000000,46.5885,46.6063,46.5558,46.5885,52267.19283234,0
STPZ.US,D,20150324,000000,46.6153,46.6866,46.5885,46.6866,101640.90614252,0
STPZ.US,D,20150325,000000,46.7223,46.7491,46.6777,46.6966,112985.8873711,0
STPZ.US,D,20150326,000000,46.759,46.759,46.6391,46.6966,50486.124572969,0
STPZ.US,D,20150327,000000,46.6866,46.7223,46.6252,46.6252,56046.16382207,0
STPZ.US,D,20150330,000000,46.6153,46.6678,46.5885,46.6252,67838.933446548,0
STPZ.US,D,20150331,000000,46.5984,46.6966,46.5885,46.6678,133440.94197844,0
STPZ.US,D,20150401,000000,46.7035,46.8433,46.7035,46.8364,79732.556313346,0
STPZ.US,D,20150402,000000,46.7689,46.8076,46.7313,46.759,86740.848122162,0
STPZ.US,D,20150406,000000,46.8869,46.9663,46.8869,46.9494,88633.863480509,0
STPZ.US,D,20150407,000000,46.88,46.9296,46.88,46.8869,95945.723548709,0
STPZ.US,D,20150408,000000,46.8711,46.8869,46.7878,46.8175,38479.546074773,0
STPZ.US,D,20150409,000000,46.8532,46.8532,46.759,46.8265,61416.59897561,0
STPZ.US,D,20150410,000000,46.8265,46.8265,46.7313,46.7779,74284.464163219,0
STPZ.US,D,20150413,000000,46.8175,46.8265,46.7779,46.8076,46036.47952181,0
STPZ.US,D,20150414,000000,46.8532,46.8869,46.7977,46.8711,61830.097269122,0
STPZ.US,D,20150415,000000,46.8969,46.9831,46.8433,46.9732,82893.296927654,0
STPZ.US,D,20150416,000000,47.0297,47.0297,46.8969,47.0198,51248.575084908,0
STPZ.US,D,20150417,000000,47.0565,47.1537,47.0099,47.119,445602.90613973,0
STPZ.US,D,20150420,000000,47.0099,47.1626,47.0099,47.1269,390724.62286372,0
STPZ.US,D,20150421,000000,47.0565,47.1001,46.9831,47.0297,204429.52218264,0
STPZ.US,D,20150422,000000,46.9831,47.0099,46.9494,46.9831,176958.1075071,0
STPZ.US,D,20150423,000000,47.0386,47.0833,46.9911,47.0833,208734.94709728,0
STPZ.US,D,20150424,000000,47.0297,47.1358,47.0297,47.1269,183203.94880397,0
STPZ.US,D,20150427,000000,47.109,47.1437,47.0833,47.1269,207731.4573362,0
STPZ.US,D,20150428,000000,47.0386,47.109,47.001,47.0466,229920.17917902,0
STPZ.US,D,20150429,000000,46.9831,47.0743,46.9395,47.0198,309710.22184049,0
STPZ.US,D,20150430,000000,47.0198,47.0664,46.9296,47.0565,187048.47440121,0
STPZ.US,D,20150501,000000,46.9911,47.0198,46.9296,46.9663,212850.76791636,0
STPZ.US,D,20150504,000000,46.9831,47.0099,46.9246,46.9395,149020.75085203,0
STPZ.US,D,20150505,000000,46.9573,46.9831,46.8969,46.9573,191611.07508377,0
STPZ.US,D,20150506,000000,46.9732,46.9732,46.8076,46.88,158715.77303625,0
STPZ.US,D,20150507,000000,46.8364,46.8711,46.7878,46.8631,94844.406142574,0
STPZ.US,D,20150508,000000,46.9494,46.9663,46.9048,46.9246,121326.45051096,0
STPZ.US,D,20150511,000000,46.88,46.9048,46.7491,46.7878,269674.51023672,0
STPZ.US,D,20150512,000000,46.7977,46.8631,46.7779,46.8631,127887.9624563,0
STPZ.US,D,20150513,000000,46.9296,46.9573,46.88,46.9048,290359.51023655,0
STPZ.US,D,20150514,000000,46.9573,46.9663,46.9147,46.9663,89631.302047054,0
STPZ.US,D,20150515,000000,46.9395,46.9911,46.9147,46.9911,89521.372012925,0
STPZ.US,D,20150518,000000,46.9831,46.9831,46.9048,46.9296,93255.967576034,0
STPZ.US,D,20150519,000000,46.7977,46.8711,46.7977,46.8364,89434.63822453,0
STPZ.US,D,20150520,000000,46.88,46.9573,46.8265,46.9395,72365.22696187,0
STPZ.US,D,20150521,000000,46.9147,46.9831,46.9147,46.9732,68616.511944835,0
STPZ.US,D,20150522,000000,46.9831,46.9911,46.9048,46.9573,183269.50341148,0
STPZ.US,D,20150526,000000,46.9296,46.9573,46.9048,46.9296,108718.78668854,0
STPZ.US,D,20150527,000000,46.8969,46.8969,46.8175,46.88,170703.18941841,0
STPZ.US,D,20150528,000000,46.8433,46.8969,46.8175,46.8969,97605.767917296,0
STPZ.US,D,20150529,000000,46.9494,47.001,46.8969,46.9732,127775.0068249,0
STPZ.US,D,20150601,000000,46.9732,46.9911,46.8532,46.8711,104379.07167151,0
STPZ.US,D,20150602,000000,46.8869,46.8969,46.8175,46.88,77944.428327012,0
STPZ.US,D,20150603,000000,46.8265,46.8433,46.7689,46.8175,71952.737200781,0
STPZ.US,D,20150604,000000,46.8532,46.8869,46.7779,46.8265,74505.3327639,0
STPZ.US,D,20150605,000000,46.6866,46.7977,46.6678,46.7977,77846.600681962,0
STPZ.US,D,20150608,000000,46.8175,46.8433,46.7878,46.8175,75955.602388462,0
STPZ.US,D,20150609,000000,46.7779,46.8364,46.759,46.7878,53526.849828917,0
STPZ.US,D,20150610,000000,46.7878,46.8364,46.7491,46.7689,69064.300340736,0
STPZ.US,D,20150611,000000,46.7779,46.8265,46.7134,46.8076,43922.595562783,0
STPZ.US,D,20150612,000000,46.7878,46.8433,46.7491,46.8076,55379.523890335,0
STPZ.US,D,20150615,000000,46.8711,46.88,46.7977,46.8433,62719.622866385,0
STPZ.US,D,20150616,000000,46.8869,46.9395,46.8631,46.9296,104978.13993089,0
STPZ.US,D,20150617,000000,46.9048,47.0466,46.8175,47.0386,58720.791808397,0
STPZ.US,D,20150618,000000,47.0099,47.0099,46.9395,47.001,48931.976108818,0
STPZ.US,D,20150619,000000,46.9911,47.0386,46.9573,46.9831,45814.602388706,0
STPZ.US,D,20150622,000000,46.9395,46.9663,46.8869,46.8869,50600.08873679,0
STPZ.US,D,20150623,000000,46.88,46.9296,46.8631,46.8711,81458.155289441,0
STPZ.US,D,20150624,000000,46.9048,46.9395,46.8631,46.9246,68616.511944835,0
STPZ.US,D,20150625,000000,46.8532,46.8969,46.8364,46.8631,69725.897610355,0
STPZ.US,D,20150626,000000,46.7977,46.8631,46.7977,46.8631,42816.235494533,0
STPZ.US,D,20150629,000000,46.8532,46.9494,46.8532,46.9395,155912.05289976,0
STPZ.US,D,20150630,000000,46.9395,47.001,46.8869,46.9573,118891.85324136,0
STPZ.US,D,20150701,000000,46.8869,46.9296,46.8631,46.88,87634.407849118,0
STPZ.US,D,20150702,000000,46.9147,47.0099,46.9147,46.9395,130110.76791703,0
STPZ.US,D,20150706,000000,46.9911,47.0297,46.9395,46.9831,79622.626279217,0
STPZ.US,D,20150707,000000,47.0198,47.0386,46.9573,46.9831,45596.759385295,0
STPZ.US,D,20150708,000000,46.9732,47.0099,46.9494,47.0099,57713.26791762,0
STPZ.US,D,20150709,000000,46.9573,47.001,46.9395,46.9732,88410.977814982,0
STPZ.US,D,20150710,000000,46.9296,46.9296,46.8364,46.9296,68280.67064791,0
STPZ.US,D,20150713,000000,46.8433,46.8532,46.7878,46.7878,59160.511944912,0
STPZ.US,D,20150714,000000,46.8631,46.88,46.7977,46.8433,39864.261091826,0
STPZ.US,D,20150715,000000,46.8364,46.8969,46.8175,46.88,60968.81057971,0
STPZ.US,D,20150716,000000,46.8076,46.88,46.7878,46.8532,76284.383958425,0
STPZ.US,D,20150717,000000,46.7779,46.8433,46.7779,46.8265,74284.464163219,0
STPZ.US,D,20150720,000000,46.759,46.8076,46.7392,46.7491,76400.365187093,0
STPZ.US,D,20150721,000000,46.7313,46.8364,46.7313,46.8265,61830.097269122,0
STPZ.US,D,20150722,000000,46.8364,46.8433,46.7491,46.7878,84409.121159724,0
STPZ.US,D,20150723,000000,46.7313,46.8532,46.7134,46.7689,97195.295221054,0
STPZ.US,D,20150724,000000,46.7878,46.8076,46.6966,46.7392,67283.232081365,0
STPZ.US,D,20150727,000000,46.7491,46.7977,46.7392,46.7779,60054.071671867,0
STPZ.US,D,20150728,000000,46.7035,46.759,46.7035,46.7491,66388.663821986,0
STPZ.US,D,20150729,000000,46.6866,46.8532,46.6866,46.7689,53708.385665093,0
STPZ.US,D,20150730,000000,46.7392,46.7779,46.7134,46.759,55712.339589991,0
STPZ.US,D,20150731,000000,46.7689,46.8175,46.7491,46.8175,64821.404436334,0
STPZ.US,D,20150803,000000,46.7689,46.7878,46.7134,46.7223,76928.83617685,0
STPZ.US,D,20150804,000000,46.7313,46.7392,46.5885,46.6153,95897.313992395,0
STPZ.US,D,20150805,000000,46.6311,46.6311,46.5379,46.5379,60823.581910769,0
STPZ.US,D,20150806,000000,46.5706,46.6063,46.5379,46.5706,45571.546074715,0
STPZ.US,D,20150807,000000,46.5558,46.6063,46.5191,46.5885,40071.010238582,0
STPZ.US,D,20150810,000000,46.5637,46.6311,46.5637,46.6252,40289.861774417,0
STPZ.US,D,20150811,000000,46.6678,46.7035,46.6153,46.6966,48627.399317011,0
STPZ.US,D,20150812,000000,46.7392,46.7689,46.6311,46.6311,57493.407849362,0
STPZ.US,D,20150813,000000,46.5984,46.6153,46.5558,46.5885,45509.017064477,0
STPZ.US,D,20150814,000000,46.5102,46.5637,46.5002,46.5102,48506.375426227,0
STPZ.US,D,20150817,000000,46.5706,46.5984,46.5002,46.5002,47615.841296542,0
STPZ.US,D,20150818,000000,46.4725,46.5468,46.4626,46.5002,71034.972695669,0
STPZ.US,D,20150819,000000,46.4239,46.5468,46.3872,46.5002,73810.453924315,0
STPZ.US,D,20150820,000000,46.4824,46.5191,46.4051,46.5191,169927.62798497,0
STPZ.US,D,20150821,000000,46.4626,46.5191,46.4437,46.4824,278369.06825712,0
STPZ.US,D,20150824,000000,46.5637,46.6153,46.4338,46.4725,164513.82593723,0
STPZ.US,D,20150825,000000,46.4824,46.5191,46.4239,46.4626,122088.9010229,0
STPZ.US,D,20150826,000000,46.4239,46.5002,46.3872,46.4437,60709.617746947,0
STPZ.US,D,20150827,000000,46.4725,46.5706,46.4437,46.529,123977.88225155,0
STPZ.US,D,20150828,000000,46.5637,46.6252,46.5468,46.5786,102558.67064763,0
STPZ.US,D,20150831,000000,46.5885,46.648,46.5468,46.6311,251445.28668738,0
STPZ.US,D,20150901,000000,46.6153,46.6391,46.5637,46.6153,55002.332764058,0
STPZ.US,D,20150902,000000,46.5637,46.5984,46.5379,46.5379,57990.614334,0
STPZ.US,D,20150903,000000,46.6063,46.6311,46.5468,46.5786,84552.332763818,0
STPZ.US,D,20150904,000000,46.5468,46.5706,46.5002,46.5468,46369.295221466,0
STPZ.US,D,20150908,000000,46.4536,46.5102,46.4536,46.4725,34752.010238626,0
STPZ.US,D,20150909,000000,46.5002,46.529,46.4536,46.5002,105359.36518686,0
STPZ.US,D,20150910,000000,46.5102,46.5637,46.4725,46.5637,48840.199658306,0
STPZ.US,D,20150911,000000,46.5191,46.5984,46.5191,46.5786,98383.346415583,0
STPZ.US,D,20150914,000000,46.5885,46.6063,46.529,46.5706,340535.00682317,0
STPZ.US,D,20150915,000000,46.5379,46.5468,46.414,46.4536,58100.544368129,0
STPZ.US,D,20150916,000000,46.4725,46.5379,46.4437,46.4913,99823.530715913,0
STPZ.US,D,20150917,000000,46.4437,46.7035,46.3793,46.6866,49348.499999599,0
STPZ.US,D,20150918,000000,46.6391,46.6678,46.5885,46.6579,293386.11603857,0
STPZ.US,D,20150921,000000,46.5885,46.6252,46.5558,46.5786,48254.242320427,0
STPZ.US,D,20150922,000000,46.5637,46.6252,46.5637,46.5984,79573.20819048,0
STPZ.US,D,20150923,000000,46.6153,46.6252,46.5706,46.5786,82168.162115374,0
STPZ.US,D,20150924,000000,46.6063,46.648,46.5558,46.5558,72654.675767328,0
STPZ.US,D,20150925,000000,46.5102,46.5558,46.4824,46.5102,40504.679180558,0
STPZ.US,D,20150928,000000,46.4536,46.5191,46.414,46.4437,57645.696245266,0
STPZ.US,D,20150929,000000,46.4913,46.5468,46.4824,46.5379,39619.187712989,0
STPZ.US,D,20150930,000000,46.5379,46.6153,46.5191,46.5984,177847.63310436,0
STPZ.US,D,20151001,000000,46.6579,46.6966,46.6153,46.6579,186257.78498142,0
STPZ.US,D,20151002,000000,46.7402,46.7888,46.7035,46.7699,71163.056313415,0
STPZ.US,D,20151005,000000,46.7699,46.7987,46.7402,46.76,36000.573378547,0
STPZ.US,D,20151006,000000,46.7501,46.8641,46.7501,46.8443,43937.723549131,0
STPZ.US,D,20151007,000000,46.8086,46.8542,46.7888,46.8274,47631.977815313,0
STPZ.US,D,20151008,000000,46.7987,46.8978,46.7888,46.8443,73594.62798575,0
STPZ.US,D,20151009,000000,46.8086,46.8364,46.7501,46.76,83887.70989693,0
STPZ.US,D,20151012,000000,46.76,46.8274,46.7313,46.7402,57166.643344246,0
STPZ.US,D,20151013,000000,46.6866,46.7313,46.6866,46.7035,92188.940272289,0
STPZ.US,D,20151014,000000,46.7223,46.7888,46.7223,46.7888,76476.005118833,0
STPZ.US,D,20151015,000000,46.7402,46.7789,46.7313,46.7313,42606.460750507,0
STPZ.US,D,20151016,000000,46.7134,46.7699,46.6966,46.7402,43381.013651525,0
STPZ.US,D,20151019,000000,46.7035,46.7134,46.648,46.7035,50708.001706073,0
STPZ.US,D,20151020,000000,46.6391,46.6777,46.6311,46.6579,48917.856654893,0
STPZ.US,D,20151021,000000,46.648,46.7035,46.6391,46.6678,141435.57849714,0
STPZ.US,D,20151022,000000,46.6966,46.7134,46.648,46.6966,123402.01023791,0
STPZ.US,D,20151023,000000,46.6866,46.6966,46.6391,46.6866,588326.3805413,0
STPZ.US,D,20151026,000000,46.6678,46.6866,46.6311,46.6866,73927.443685406,0
STPZ.US,D,20151027,000000,46.6777,46.7223,46.6777,46.6866,53231.349828919,0
STPZ.US,D,20151028,000000,46.6579,46.6966,46.5637,46.5786,58988.052900545,0
STPZ.US,D,20151029,000000,46.5191,46.6153,46.5191,46.5706,85435.807166542,0
STPZ.US,D,20151030,000000,46.5706,46.5984,46.5468,46.5885,48142.295221452,0
STPZ.US,D,20151102,000000,46.5002,46.6063,46.5002,46.5637,56932.663822063,0
STPZ.US,D,20151103,000000,46.5706,46.6063,46.5379,46.5885,63324.742320305,0
STPZ.US,D,20151104,000000,46.5558,46.5984,46.4536,46.5102,136362.66040845,0
STPZ.US,D,20151105,000000,46.4626,46.4725,46.414,46.4725,270588.24061214,0
STPZ.US,D,20151106,000000,46.3862,46.3862,46.3317,46.3862,66735.598975567,0
STPZ.US,D,20151109,000000,46.3793,46.414,46.3515,46.3951,163983.33788263,0
STPZ.US,D,20151110,000000,46.5558,46.5558,46.3703,46.3862,82337.595562471,0
STPZ.US,D,20151111,000000,46.4041,46.4041,46.3515,46.4041,39511.274743706,0
STPZ.US,D,20151112,000000,46.3515,46.3793,46.3247,46.3703,107567.04266124,0
STPZ.US,D,20151113,000000,46.3793,46.414,46.3614,46.3951,574823.13992707,0
STPZ.US,D,20151116,000000,46.4536,46.5102,46.3614,46.3862,85105.008531732,0
STPZ.US,D,20151117,000000,46.3703,46.4239,46.3515,46.3703,76694.856654667,0
STPZ.US,D,20151118,000000,46.3515,46.4041,46.3416,46.3951,86212.377132406,0
STPZ.US,D,20151119,000000,46.3793,46.4338,46.3793,46.4239,186367.71501555,0
STPZ.US,D,20151120,000000,46.4437,46.4626,46.414,46.4239,83115.174060758,0
STPZ.US,D,20151123,000000,46.4239,46.4824,46.4041,46.4536,157481.32935026,0
STPZ.US,D,20151124,000000,46.4824,46.529,46.4725,46.4913,107684.03242233,0
STPZ.US,D,20151125,000000,46.4626,46.5191,46.4239,46.5191,140995.85836063,0
STPZ.US,D,20151127,000000,46.5191,46.529,46.4824,46.5002,58322.421501233,0
STPZ.US,D,20151130,000000,46.4913,46.5102,46.4437,46.4626,91745.186006081,0
STPZ.US,D,20151201,000000,46.4725,46.5786,46.4725,46.5558,80619.056313338,0
STPZ.US,D,20151202,000000,46.4725,46.4913,46.4338,46.4626,69473.764504555,0
STPZ.US,D,20151203,000000,46.4536,46.4536,46.3793,46.4437,80153.11433382,0
STPZ.US,D,20151204,000000,46.4437,46.5002,46.3951,46.4041,77468.401023262,0
STPZ.US,D,20151207,000000,46.3614,46.4041,46.3515,46.3703,61863.378839088,0
STPZ.US,D,20151208,000000,46.3515,46.3951,46.3317,46.3951,45367.822525229,0
STPZ.US,D,20151209,000000,46.3515,46.3951,46.3317,46.3793,69941.72354892,0
STPZ.US,D,20151210,000000,46.3614,46.3703,46.2831,46.2831,125058.0204768,0
STPZ.US,D,20151211,000000,46.3317,46.3862,46.3247,46.3515,109231.12115952,0
STPZ.US,D,20151214,000000,46.2732,46.3168,46.2365,46.2454,67939.786688868,0
STPZ.US,D,20151215,000000,46.2365,46.2831,46.2276,46.2831,95178.230374654,0
STPZ.US,D,20151216,000000,46.2365,46.292,46.1552,46.1552,100823.99487973,0
STPZ.US,D,20151217,000000,46.1552,46.2553,46.0798,46.2177,382919.59044058,0
STPZ.US,D,20151218,000000,46.2454,46.3168,46.2365,46.292,152285.37030593,0
STPZ.US,D,20151221,000000,46.2454,46.2652,46.2276,46.2365,82116.72696179,0
STPZ.US,D,20151222,000000,46.1998,46.2454,46.1829,46.2097,217989.24061256,0
STPZ.US,D,20151223,000000,46.2097,46.292,46.2097,46.2732,105913.04948719,0
STPZ.US,D,20151224,000000,46.292,46.3168,46.2732,46.2831,35027.339590159,0
STPZ.US,D,20151228,000000,46.2652,46.3168,46.2454,46.3168,127395.79863378,0
STPZ.US,D,20151229,000000,46.2831,46.3168,46.2177,46.2831,75698.426620546,0
STPZ.US,D,20151230,000000,46.2177,46.2553,46.174,46.1909,153144.6399305,0
STPZ.US,D,20151231,000000,46.2454,46.414,46.174,46.3793,163613.20648331,0
STPZ.US,D,20160104,000000,46.3793,46.4457,46.3515,46.3862,62393.866893691,0
STPZ.US,D,20160105,000000,46.3366,46.4041,46.3327,46.3951,46929.030716342,0
STPZ.US,D,20160106,000000,46.3862,46.414,46.3237,46.4041,62370.670647958,0
STPZ.US,D,20160107,000000,46.414,46.4239,46.3793,46.414,115342.82764411,0
STPZ.US,D,20160108,000000,46.414,46.4626,46.3793,46.4626,46118.17064809,0
STPZ.US,D,20160111,000000,46.3862,46.4626,46.3614,46.3614,62399.91808823,0
STPZ.US,D,20160112,000000,46.414,46.4269,46.3703,46.3703,74226.977815097,0
STPZ.US,D,20160113,000000,46.4041,46.4626,46.3703,46.4041,96355.187712528,0
STPZ.US,D,20160114,000000,46.414,46.4824,46.3862,46.4824,104316.54266127,0
STPZ.US,D,20160115,000000,46.5468,46.5558,46.3951,46.414,109290.62457249,0
STPZ.US,D,20160119,000000,46.4239,46.4626,46.3862,46.4239,78352.883958408,0
STPZ.US,D,20160120,000000,46.4437,46.4824,46.3862,46.4338,180689.67747294,0
STPZ.US,D,20160121,000000,46.4338,46.4437,46.3703,46.3793,93649.295221082,0
STPZ.US,D,20160122,000000,46.3793,46.4437,46.3703,46.4437,106061.3037534,0
STPZ.US,D,20160125,000000,46.414,46.4536,46.3862,46.4041,103922.2064838,0
STPZ.US,D,20160126,000000,46.4239,46.4943,46.414,46.4725,125433.19453823,0
STPZ.US,D,20160127,000000,46.4437,46.5468,46.414,46.5468,56586.737200906,0
STPZ.US,D,20160128,000000,46.5379,46.6044,46.5379,46.5637,74388.343002809,0
STPZ.US,D,20160129,000000,46.6311,46.6866,46.6073,46.6678,228418.47440088,0
STPZ.US,D,20160201,000000,46.6153,46.6311,46.5637,46.5885,137656.60750741,0
STPZ.US,D,20160202,000000,46.6153,46.6391,46.5984,46.6252,65906.585323697,0
STPZ.US,D,20160203,000000,46.6252,46.7342,46.6252,46.6579,153046.81228545,0
STPZ.US,D,20160204,000000,46.648,46.7313,46.6311,46.6579,75129.614333861,0
STPZ.US,D,20160205,000000,46.6311,46.648,46.5478,46.5984,87124.090442978,0
STPZ.US,D,20160208,000000,46.5468,46.5984,46.5002,46.529,115532.43173968,0
STPZ.US,D,20160209,000000,46.4725,46.5002,46.4041,46.4239,75712.54607447,0
STPZ.US,D,20160210,000000,46.414,46.5002,46.4041,46.5002,190430.0836162,0
STPZ.US,D,20160211,000000,46.5468,46.5706,46.4606,46.5102,113791.70477723,0
STPZ.US,D,20160212,000000,46.529,46.5786,46.4725,46.5102,64550.109214493,0
STPZ.US,D,20160216,000000,46.4626,46.5102,46.4338,46.4338,72658.709897021,0
STPZ.US,D,20160217,000000,46.414,46.4824,46.3951,46.4437,80530.305460097,0
STPZ.US,D,20160218,000000,46.4626,46.5191,46.4239,46.5102,74105.953924313,0
STPZ.US,D,20160219,000000,46.4913,46.5637,46.4437,46.4913,70703.165528436,0
STPZ.US,D,20160222,000000,46.4913,46.5706,46.4913,46.5706,66233.349828814,0
STPZ.US,D,20160223,000000,46.5002,46.6311,46.5002,46.6252,66708.368600141,0
STPZ.US,D,20160224,000000,46.6153,46.7313,46.6153,46.6777,69666.394197386,0
STPZ.US,D,20160225,000000,46.6866,46.7888,46.6866,46.7888,91016.017064107,0
STPZ.US,D,20160226,000000,46.7223,46.7789,46.6777,46.6866,76602.071671733,0
STPZ.US,D,20160229,000000,46.6678,46.8086,46.6579,46.7888,139517.34982822,0
STPZ.US,D,20160301,000000,46.7789,46.7789,46.6777,46.7313,74126.124572777,0
STPZ.US,D,20160302,000000,46.6866,46.76,46.6678,46.7134,68240.329350982,0
STPZ.US,D,20160303,000000,46.7699,46.8086,46.7223,46.7987,64974.70136466,0
STPZ.US,D,20160304,000000,46.7789,46.8086,46.6866,46.7223,92170.786688671,0
STPZ.US,D,20160307,000000,46.6966,46.7313,46.6678,46.7223,62211.322525092,0
STPZ.US,D,20160308,000000,46.7501,46.8542,46.7233,46.8274,138292.99146645,0
STPZ.US,D,20160309,000000,46.76,46.8364,46.76,46.7699,66780.982934611,0
STPZ.US,D,20160310,000000,46.8185,46.8185,46.6966,46.6966,81223.167234835,0
STPZ.US,D,20160311,000000,46.7313,46.7699,46.6866,46.7699,121419.23549389,0
STPZ.US,D,20160314,000000,46.7313,46.7699,46.7035,46.7035,55754.697951766,0
STPZ.US,D,20160315,000000,46.7501,46.7551,46.6311,46.6678,126388.274743,0
STPZ.US,D,20160316,000000,46.7035,46.9673,46.648,46.9673,55995.73720091,0
STPZ.US,D,20160317,000000,47.0317,47.0595,46.9742,46.9742,44032.525596912,0
STPZ.US,D,20160318,000000,47.112,47.1299,47.0496,47.0496,168476.34982798,0
STPZ.US,D,20160321,000000,47.0763,47.1299,47.0317,47.0952,125940.4863471,0
STPZ.US,D,20160322,000000,47.0862,47.112,47.003,47.0317,170801.01706346,0
STPZ.US,D,20160323,000000,47.0218,47.0496,46.9841,47.0218,57417.767917622,0
STPZ.US,D,20160324,000000,46.9742,47.0218,46.9405,47.0218,44725.38737165,0
STPZ.US,D,20160328,000000,47.0119,47.0317,46.9583,46.9583,168662.92832628,0
STPZ.US,D,20160329,000000,47.0119,47.2122,46.993,47.2122,138557.22696133,0
STPZ.US,D,20160330,000000,47.2389,47.2836,47.1943,47.2469,66542.969282736,0
STPZ.US,D,20160331,000000,47.3034,47.3183,47.23,47.2935,288803.34470755,0
STPZ.US,D,20160401,000000,47.4194,47.4194,47.226,47.2836,113467.96586939,0
STPZ.US,D,20160404,000000,47.2935,47.3133,47.2399,47.2469,96162.558019697,0
STPZ.US,D,20160405,000000,47.3034,47.3034,47.2211,47.2558,102748.27474319,0
STPZ.US,D,20160406,000000,47.2746,47.2746,47.1626,47.2469,76429.612627366,0
STPZ.US,D,20160407,000000,47.3133,47.3133,47.23,47.3034,54882.317405698,0
STPZ.US,D,20160408,000000,47.2935,47.3034,47.2399,47.3034,83545.817405465,0
STPZ.US,D,20160411,000000,47.2836,47.3034,47.23,47.2389,53443.141637791,0
STPZ.US,D,20160412,000000,47.2023,47.2389,47.1745,47.2389,51540.040955213,0
STPZ.US,D,20160413,000000,47.2023,47.23,47.1566,47.2122,78494.078497656,0
STPZ.US,D,20160414,000000,47.1467,47.1943,47.1051,47.1378,56293.254265754,0
STPZ.US,D,20160415,000000,47.0952,47.1943,47.0952,47.1745,93190.412968526,0
STPZ.US,D,20160418,000000,47.1031,47.1745,47.0952,47.1656,63245.068258872,0
STPZ.US,D,20160419,000000,47.1745,47.2042,47.1467,47.1943,68094.092149618,0
STPZ.US,D,20160420,000000,47.1943,47.2211,47.1319,47.1656,74107.970989159,0
STPZ.US,D,20160421,000000,47.1467,47.1794,47.0952,47.1566,94518.650169881,0
STPZ.US,D,20160422,000000,47.12,47.1745,47.12,47.1467,41551.53583584,0
STPZ.US,D,20160425,000000,47.1656,47.1844,47.12,47.1378,36223.459044074,0
STPZ.US,D,20160426,000000,47.1467,47.1467,47.0862,47.112,67599.91126225,0
STPZ.US,D,20160427,000000,47.1844,47.2211,47.1279,47.2211,49520.959043966,0
STPZ.US,D,20160428,000000,47.2558,47.347,47.2211,47.3391,586500.9368553,0
STPZ.US,D,20160429,000000,47.3034,47.3391,47.2479,47.3133,36715.622866596,0
STPZ.US,D,20160502,000000,47.4372,47.4372,47.2023,47.2469,55275.645050746,0
STPZ.US,D,20160503,000000,47.3649,47.3649,47.2558,47.2746,106280.15528924,0
STPZ.US,D,20160504,000000,47.3212,47.3212,47.2389,47.3034,110265.87542573,0
STPZ.US,D,20160505,000000,47.2558,47.3391,47.2399,47.3034,80675.534129038,0
STPZ.US,D,20160506,000000,47.3391,47.3649,47.23,47.2389,461778.75767543,0
STPZ.US,D,20160509,000000,47.2746,47.3381,47.23,47.3302,338767.0494853,0
STPZ.US,D,20160510,000000,47.2746,47.3649,47.2568,47.3649,164722.59214883,0
STPZ.US,D,20160511,000000,47.4283,47.4283,47.2945,47.3728,38269.771330747,0
STPZ.US,D,20160512,000000,47.3649,47.3817,47.2746,47.3559,83109.122866219,0
STPZ.US,D,20160513,000000,47.3391,47.3728,47.2469,47.3728,78584.846415744,0
STPZ.US,D,20160516,000000,47.3728,47.3728,47.2836,47.347,42282.72184266,0
STPZ.US,D,20160517,000000,47.2647,47.4194,47.2647,47.3649,44113.208190768,0
STPZ.US,D,20160518,000000,47.2647,47.3173,47.12,47.1517,59177.656996106,0
STPZ.US,D,20160519,000000,47.1656,47.2122,47.1299,47.1566,41659.448805122,0
STPZ.US,D,20160520,000000,47.1378,47.1943,47.12,47.1566,31278.624573125,0
STPZ.US,D,20160523,000000,47.12,47.2161,47.112,47.1566,46443.926620783,0
STPZ.US,D,20160524,000000,47.1656,47.1943,47.112,47.1566,57116.216723086,0
STPZ.US,D,20160525,000000,47.1566,47.2122,47.1299,47.2023,35832.148463873,0
STPZ.US,D,20160526,000000,47.2647,47.2935,47.1656,47.2558,57005.278156534,0
STPZ.US,D,20160527,000000,47.4372,47.4372,47.112,47.1745,46155.486347748,0
STPZ.US,D,20160531,000000,47.1656,47.2647,47.1309,47.2023,69357.783275887,0
STPZ.US,D,20160601,000000,47.1656,47.2697,47.1378,47.1566,73416.117746844,0
STPZ.US,D,20160602,000000,47.1656,47.2568,47.1299,47.2469,45631.049487684,0
STPZ.US,D,20160603,000000,47.3649,47.4333,47.3649,47.3817,37700.959044062,0
STPZ.US,D,20160606,000000,47.4105,47.4372,47.3728,47.4372,56574.634811827,0
STPZ.US,D,20160607,000000,47.4372,47.5225,47.4372,47.5136,72950.175767326,0
STPZ.US,D,20160608,000000,47.5552,47.5632,47.4848,47.5483,62922.337883448,0
STPZ.US,D,20160609,000000,47.5037,47.58,47.5037,47.5483,67685.636518222,0
STPZ.US,D,20160610,000000,47.5711,47.5979,47.5225,47.5711,80018.979521534,0
STPZ.US,D,20160613,000000,47.6722,47.6722,47.4848,47.5711,48970.300340899,0
STPZ.US,D,20160614,000000,47.5305,47.6068,47.5186,47.5503,29373.5068257,0
STPZ.US,D,20160615,000000,47.5552,47.9747,47.461,47.6346,89478.005118727,0
STPZ.US,D,20160616,000000,47.6346,47.6435,47.5305,47.5552,62847.706484131,0
STPZ.US,D,20160617,000000,47.5979,47.6256,47.5037,47.5483,62652.05119403,0
STPZ.US,D,20160620,000000,47.5632,47.6435,47.4779,47.5037,37839.127986041,0
STPZ.US,D,20160621,000000,47.4462,47.5027,47.4333,47.4462,80777.395903781,0
STPZ.US,D,20160622,000000,47.4749,47.5384,47.3976,47.4948,28451.708190895,0
STPZ.US,D,20160623,000000,47.3916,47.5552,47.3916,47.5037,30099.650170404,0
STPZ.US,D,20160624,000000,47.5552,47.6901,47.5225,47.5533,42536.872013306,0
STPZ.US,D,20160627,000000,47.7079,47.7079,47.5394,47.6068,54496.049487612,0
STPZ.US,D,20160628,000000,47.6722,47.6722,47.5552,47.6524,58064.237200894,0
STPZ.US,D,20160629,000000,47.6822,47.7357,47.6068,47.6901,94368.378838824,0
STPZ.US,D,20160630,000000,47.6901,47.7645,47.6455,47.7268,154674.58361649,0
STPZ.US,D,20160701,000000,47.8349,47.9142,47.7625,47.7912,37698.941979216,0
STPZ.US,D,20160705,000000,47.8349,47.8686,47.7912,47.82,30630.138225007,0
STPZ.US,D,20160706,000000,47.8864,47.9142,47.8011,47.8864,31269.547781316,0
STPZ.US,D,20160707,000000,47.9043,47.9043,47.822,47.8428,40770.931740283,0
STPZ.US,D,20160708,000000,47.8269,47.8686,47.7912,47.8517,86866.914675062,0
STPZ.US,D,20160711,000000,47.7823,47.8101,47.7179,47.7456,57669.901023422,0
STPZ.US,D,20160712,000000,47.8517,47.8517,47.7129,47.7555,45077.365187347,0
STPZ.US,D,20160713,000000,47.8269,47.9737,47.7079,47.7724,87775.602388366,0
STPZ.US,D,20160714,000000,47.7179,47.7724,47.699,47.7456,39802.740614011,0
STPZ.US,D,20160715,000000,47.6435,47.7645,47.6157,47.699,216887.92320643,0
STPZ.US,D,20160718,000000,47.6901,47.7545,47.6435,47.7079,141128.98464049,0
STPZ.US,D,20160719,000000,47.7268,47.7268,47.6435,47.6822,78055.366893564,0
STPZ.US,D,20160720,000000,47.6623,47.6623,47.5711,47.6157,59247.245733307,0
STPZ.US,D,20160721,000000,47.6435,47.7179,47.5552,47.6822,53700.317405707,0
STPZ.US,D,20160722,000000,47.6346,47.6623,47.5632,47.6068,142900.97610805,0
STPZ.US,D,20160725,000000,47.5552,47.6068,47.5225,47.5632,73472.595562543,0
STPZ.US,D,20160726,000000,47.5711,47.5711,47.5047,47.5483,81797.022183636,0
STPZ.US,D,20160727,000000,47.58,47.5979,47.3619,47.5632,91542.470989018,0
STPZ.US,D,20160728,000000,47.6068,47.6256,47.5305,47.589,120866.55972598,0
STPZ.US,D,20160729,000000,47.6623,47.7079,47.58,47.6722,40406.851535508,0
STPZ.US,D,20160801,000000,47.4938,47.7079,47.4938,47.5126,162944.54948673,0
STPZ.US,D,20160802,000000,47.464,47.5483,47.4551,47.5027,98113.059726166,0
STPZ.US,D,20160803,000000,47.5384,47.5979,47.4938,47.5483,122833.19795122,0
STPZ.US,D,20160804,000000,47.5711,47.7169,47.5711,47.699,131563.05460644,0
STPZ.US,D,20160805,000000,47.5711,47.6722,47.5305,47.58,115528.39760998,0
STPZ.US,D,20160808,000000,47.5979,47.6356,47.5384,47.5384,67717.909555764,0
STPZ.US,D,20160809,000000,47.58,47.6157,47.5384,47.5979,93985.136518008,0
STPZ.US,D,20160810,000000,47.6435,47.6435,47.5483,47.6157,247490.83105601,0
STPZ.US,D,20160811,000000,47.5384,47.6306,47.5126,47.5632,84603.767917402,0
STPZ.US,D,20160812,000000,47.589,47.6623,47.5483,47.6068,523413.19965445,0
STPZ.US,D,20160815,000000,47.6157,47.6336,47.5215,47.58,105166.73549403,0
STPZ.US,D,20160816,000000,47.58,47.58,47.4501,47.5215,63737.232081394,0
STPZ.US,D,20160817,000000,47.4838,47.6246,47.4838,47.5483,43688.616040601,0
STPZ.US,D,20160818,000000,47.58,47.6722,47.5711,47.6722,88969.704777434,0
STPZ.US,D,20160819,000000,47.5483,47.6524,47.5384,47.5979,106053.23549402,0
STPZ.US,D,20160822,000000,47.5979,47.6435,47.5384,47.6435,27130.530716503,0
STPZ.US,D,20160823,000000,47.7179,47.7179,47.6068,47.6157,33740.452218156,0
STPZ.US,D,20160824,000000,47.6822,47.7436,47.6068,47.6068,51688.295221423,0
STPZ.US,D,20160825,000000,47.5552,47.6316,47.5552,47.58,166320.10750718,0
STPZ.US,D,20160826,000000,47.5711,47.6524,47.4452,47.4938,40829.426620829,0
STPZ.US,D,20160829,000000,47.5552,47.5552,47.4779,47.5483,43776.358361419,0
STPZ.US,D,20160830,000000,47.5632,47.5632,47.4739,47.5215,95661.317405366,0
STPZ.US,D,20160831,000000,47.5215,47.5681,47.4452,47.4838,49007.616040558,0
STPZ.US,D,20160901,000000,47.4838,47.5027,47.3906,47.4452,45047.109214651,0
STPZ.US,D,20160902,000000,47.4739,47.5215,47.4372,47.464,102833.99999916,0
STPZ.US,D,20160906,000000,47.5305,47.6256,47.4452,47.58,37593.04607478,0
STPZ.US,D,20160907,000000,47.6732,47.6831,47.589,47.6435,49777.126279459,0
STPZ.US,D,20160908,000000,47.6435,47.7188,47.58,47.6256,68196.962456784,0
STPZ.US,D,20160909,000000,47.4838,47.5473,47.4838,47.5215,71343.583617168,0
STPZ.US,D,20160912,000000,47.5126,47.5632,47.4551,47.5384,113497.21330966,0
STPZ.US,D,20160913,000000,47.5711,47.589,47.4372,47.5027,54559.587030274,0
STPZ.US,D,20160914,000000,47.5979,47.5979,47.4938,47.5305,138395.86177362,0
STPZ.US,D,20160915,000000,47.5711,47.6068,47.4848,47.58,63880.443685488,0
STPZ.US,D,20160916,000000,47.589,47.6157,47.5552,47.6068,68968.489760532,0
STPZ.US,D,20160919,000000,47.6346,47.6425,47.5711,47.5711,31368.38395879,0
STPZ.US,D,20160920,000000,47.589,47.6157,47.5552,47.589,38220.35324201,0
STPZ.US,D,20160921,000000,47.5711,47.7565,47.5384,47.6435,53824.366893761,0
STPZ.US,D,20160922,000000,47.6157,47.7565,47.6157,47.7367,37504.295221538,0
STPZ.US,D,20160923,000000,47.7555,47.8071,47.7089,47.7466,40018.566552576,0
STPZ.US,D,20160926,000000,47.8279,47.8279,47.7565,47.7833,69941.72354892,0
STPZ.US,D,20160927,000000,47.7734,47.7833,47.7089,47.7833,94148.518770566,0
STPZ.US,D,20160928,000000,47.7565,47.8626,47.7565,47.8448,52007.999999578,0
STPZ.US,D,20160929,000000,47.821,47.8884,47.7972,47.8705,53694.266211168,0
STPZ.US,D,20160930,000000,47.821,47.8884,47.821,47.8795,29469.317405904,0
STPZ.US,D,20161003,000000,47.821,47.8884,47.7565,47.8448,52365.02047739,0
STPZ.US,D,20161004,000000,47.8537,47.8537,47.7367,47.7654,76424.56996525,0
STPZ.US,D,20161005,000000,47.7367,47.7565,47.7089,47.7565,48411.573378446,0
STPZ.US,D,20161006,000000,47.7734,47.7922,47.7218,47.7278,53375.569965437,0
STPZ.US,D,20161007,000000,47.8111,47.8111,47.7089,47.7833,92199.025596521,0
STPZ.US,D,20161010,000000,47.9062,47.9062,47.699,47.7565,48514.443685613,0
STPZ.US,D,20161011,000000,47.8111,47.8111,47.7188,47.7466,51487.597269206,0
STPZ.US,D,20161012,000000,47.7654,47.8021,47.6831,47.7466,59381.380545593,0
STPZ.US,D,20161013,000000,47.7278,47.8111,47.7278,47.7565,26106.870306955,0
STPZ.US,D,20161014,000000,47.7466,47.8279,47.7466,47.8021,24087.788395709,0
STPZ.US,D,20161017,000000,47.7922,47.9013,47.7922,47.8884,77673.133105171,0
STPZ.US,D,20161018,000000,47.8705,47.8973,47.8041,47.8973,99821.513651066,0
STPZ.US,D,20161019,000000,47.8884,47.936,47.8111,47.9261,37395.373719833,0
STPZ.US,D,20161020,000000,47.9162,47.936,47.8537,47.8973,36805.382252261,0
STPZ.US,D,20161021,000000,47.9112,47.9261,47.8547,47.8973,75952.576791192,0
STPZ.US,D,20161024,000000,47.8705,47.9409,47.8279,47.8626,38424.076791497,0
STPZ.US,D,20161025,000000,47.8111,47.8686,47.8111,47.8626,63235.991467063,0
STPZ.US,D,20161026,000000,47.7833,47.8537,47.7833,47.8537,57354.230374961,0
STPZ.US,D,20161027,000000,47.8051,47.8349,47.7734,47.821,96979.469282489,0
STPZ.US,D,20161028,000000,47.7734,47.8705,47.7734,47.8537,33724.315699385,0
STPZ.US,D,20161031,000000,47.8705,47.8973,47.8021,47.8626,37701.967576486,0
STPZ.US,D,20161101,000000,47.821,47.8884,47.8021,47.8795,578338.88395435,0
STPZ.US,D,20161102,000000,47.7833,47.9062,47.7833,47.8795,39499.172354628,0
STPZ.US,D,20161103,000000,47.8537,47.8884,47.7952,47.821,44682.020477453,0
STPZ.US,D,20161104,000000,47.8626,47.8626,47.7873,47.8537,45117.706484275,0
STPZ.US,D,20161107,000000,47.8884,47.8884,47.7922,47.8537,54385.11092106,0
STPZ.US,D,20161108,000000,47.7654,47.8448,47.7565,47.7922,35465.042661828,0
STPZ.US,D,20161109,000000,47.8279,47.8626,47.7188,47.7367,45519.102388709,0
STPZ.US,D,20161110,000000,47.7188,47.8021,47.6831,47.699,99976.827644239,0
STPZ.US,D,20161111,000000,47.7089,47.7387,47.6346,47.6831,30093.598975865,0
STPZ.US,D,20161114,000000,47.6068,47.6068,47.4789,47.5126,112811.41126188,0
STPZ.US,D,20161115,000000,47.5126,47.588,47.5027,47.5384,70174.694538679,0
STPZ.US,D,20161116,000000,47.4273,47.5552,47.4273,47.5552,104440.59214932,0
STPZ.US,D,20161117,000000,47.5126,47.6068,47.5126,47.5384,92223.230374678,0
STPZ.US,D,20161118,000000,47.5384,47.5979,47.4452,47.4938,65186.493173532,0
STPZ.US,D,20161121,000000,47.4273,47.5632,47.4273,47.5215,108961.84300253,0
STPZ.US,D,20161122,000000,47.6068,47.6068,47.4938,47.5632,53417.928327211,0
STPZ.US,D,20161123,000000,47.6435,47.6435,47.4184,47.4838,109316.84641549,0
STPZ.US,D,20161125,000000,47.4551,47.5126,47.3906,47.4452,48763.551194143,0
STPZ.US,D,20161128,000000,47.464,47.5215,47.4462,47.4739,43474.807166882,0
STPZ.US,D,20161129,000000,47.4452,47.5027,47.3649,47.5027,70902.85494823,0
STPZ.US,D,20161130,000000,47.4372,47.5979,47.4372,47.58,121873.07508433,0
STPZ.US,D,20161201,000000,47.5483,47.6157,47.4838,47.5552,157353.24573251,0
STPZ.US,D,20161202,000000,47.5552,47.6256,47.5423,47.5711,47228.564846033,0
STPZ.US,D,20161205,000000,47.58,47.6534,47.5384,47.5711,80618.047780915,0
STPZ.US,D,20161206,000000,47.589,47.6256,47.5711,47.6157,160548.27644921,0
STPZ.US,D,20161207,000000,47.6534,47.6534,47.589,47.6346,109419.71672266,0
STPZ.US,D,20161208,000000,47.6435,47.6911,47.589,47.6732,72047.539248562,0
STPZ.US,D,20161209,000000,47.7367,47.7367,47.5711,47.6256,89858.221842274,0
STPZ.US,D,20161212,000000,47.6068,47.6633,47.589,47.6534,74135.201364586,0
STPZ.US,D,20161213,000000,47.6911,47.6911,47.5533,47.58,108296.21160322,0
STPZ.US,D,20161214,000000,47.6534,47.6534,47.3906,47.4273,70188.813992604,0
STPZ.US,D,20161215,000000,47.2915,47.3381,47.2915,47.2915,86857.837883254,0
STPZ.US,D,20161216,000000,47.3113,47.3381,47.237,47.3014,74613.245733182,0
STPZ.US,D,20161219,000000,47.3292,47.4045,47.3113,47.3906,167251.99146622,0
STPZ.US,D,20161220,000000,47.4372,47.4372,47.3381,47.4372,79929.22013587,0
STPZ.US,D,20161221,000000,47.5632,47.5632,47.4372,47.4551,152693.82593733,0
STPZ.US,D,20161222,000000,47.5027,47.5384,47.4372,47.5305,116080.06484547,0
STPZ.US,D,20161223,000000,47.58,47.58,47.4977,47.5632,78352.883958408,0
STPZ.US,D,20161227,000000,47.5552,47.5552,47.5136,47.5384,119667.4146748,0
STPZ.US,D,20161228,000000,47.589,47.6157,47.4452,47.5711,59711.170647979,0
STPZ.US,D,20161229,000000,47.699,47.699,47.4452,47.6435,47775.189419407,0
STPZ.US,D,20161230,000000,47.699,47.7367,47.6227,47.7188,59080.837883479,0
STPZ.US,D,20170103,000000,47.7922,47.7922,47.6534,47.7089,191396.25767763,0
STPZ.US,D,20170104,000000,47.6435,47.7278,47.6346,47.7278,135211.92491358,0
STPZ.US,D,20170105,000000,47.699,47.8111,47.699,47.7833,98808.947098174,0
STPZ.US,D,20170106,000000,47.7367,47.7367,47.6831,47.7089,207729.44027135,0
STPZ.US,D,20170109,000000,47.7188,47.7466,47.6256,47.7278,217993.27474226,0
STPZ.US,D,20170110,000000,47.7565,47.7972,47.7089,47.7565,89400.348122141,0
STPZ.US,D,20170111,000000,47.7654,47.8705,47.7188,47.7922,68378.49829296,0
STPZ.US,D,20170112,000000,47.8705,47.8973,47.8021,47.8368,47485.740613949,0
STPZ.US,D,20170113,000000,47.8021,47.821,47.7565,47.8021,83954.273036861,0
STPZ.US,D,20170117,000000,47.8448,47.9162,47.8279,47.8795,43740.051194184,0
STPZ.US,D,20170118,000000,47.7565,47.9062,47.7278,47.7278,124785.71672254,0
STPZ.US,D,20170119,000000,47.7734,47.7734,47.6772,47.7654,72530.626279274,0
STPZ.US,D,20170120,000000,47.6732,47.8537,47.6732,47.8279,132809.60068152,0
STPZ.US,D,20170123,000000,47.8111,47.8973,47.7922,47.8705,400719.17917763,0
STPZ.US,D,20170124,000000,47.8626,47.8705,47.7833,47.8626,147705.62457218,0
STPZ.US,D,20170125,000000,47.8021,47.8368,47.7615,47.821,154692.73720011,0
STPZ.US,D,20170126,000000,47.821,47.8705,47.7654,47.8705,100123.0648456,0
STPZ.US,D,20170127,000000,47.8973,47.9162,47.8368,47.8795,90067.996586299,0
STPZ.US,D,20170130,000000,47.8705,47.9261,47.8448,47.9162,91208.646756938,0
STPZ.US,D,20170131,000000,47.9548,47.9806,47.9062,47.9638,92769.854948052,0
STPZ.US,D,20170201,000000,47.936,48.0579,47.8715,47.9638,88536.035835458,0
STPZ.US,D,20170202,000000,48.0203,48.0203,47.9449,47.9449,73698.50682534,0
STPZ.US,D,20170203,000000,48.0004,48.0946,47.9162,47.9806,75861.808873104,0
STPZ.US,D,20170206,000000,48.0004,48.0669,47.9638,48.0203,1836411.4760943,0
STPZ.US,D,20170207,000000,48.0104,48.0104,47.9162,47.9449,81523.709896949,0
STPZ.US,D,20170208,000000,47.9905,48.0123,47.8805,47.9449,138576.38907737,0
STPZ.US,D,20170209,000000,47.9162,47.9697,47.8626,47.8795,59822.109214531,0
STPZ.US,D,20170210,000000,47.8884,47.9538,47.8448,47.8884,42507.624573034,0
STPZ.US,D,20170213,000000,47.8626,47.9261,47.821,47.821,269387.07849611,0
STPZ.US,D,20170214,000000,47.7922,47.8537,47.7367,47.7833,70621.474402157,0
STPZ.US,D,20170215,000000,47.8111,47.8448,47.7565,47.8448,62590.530716215,0
STPZ.US,D,20170216,000000,47.8705,47.9261,47.8448,47.9062,119832.8139922,0
STPZ.US,D,20170217,000000,47.936,47.9449,47.8626,47.9261,159571.00853113,0
STPZ.US,D,20170221,000000,47.8973,47.9548,47.8963,47.9449,508521.20989348,0
STPZ.US,D,20170222,000000,47.9261,47.9806,47.8705,47.9806,211620.35836006,0
STPZ.US,D,20170223,000000,48.0104,48.0391,47.9806,48.0302,205157.68259219,0
STPZ.US,D,20170224,000000,48.0391,48.0946,48.0302,48.0857,70521.62969226,0
STPZ.US,D,20170227,000000,48.1115,48.1115,47.9905,48.0203,155853.55801921,0
STPZ.US,D,20170228,000000,47.9638,48.0213,47.936,47.9707,86666.216722846,0
STPZ.US,D,20170301,000000,47.9261,47.9261,47.8021,47.8626,99315.23037462,0
STPZ.US,D,20170302,000000,47.9707,47.9707,47.7278,47.7565,83923.008531742,0
STPZ.US,D,20170303,000000,47.821,47.8884,47.7188,47.8884,125085.25085223,0
STPZ.US,D,20170306,000000,47.8626,47.8884,47.8448,47.8537,51338.334470573,0
STPZ.US,D,20170307,000000,47.8705,47.8795,47.7932,47.8537,60100.464163334,0
STPZ.US,D,20170308,000000,47.9062,47.9062,47.7139,47.7466,59311.791808392,0
STPZ.US,D,20170309,000000,47.7466,47.7684,47.6831,47.7089,60704.575084831,0
STPZ.US,D,20170310,000000,47.7278,47.7555,47.6633,47.6732,107973.48122779,0
STPZ.US,D,20170313,000000,47.6732,47.7278,47.6435,47.6633,109397.52900935,0
STPZ.US,D,20170314,000000,47.6068,47.6871,47.5999,47.6435,47399.006825554,0
STPZ.US,D,20170315,000000,47.7089,47.8795,47.6435,47.8795,98971.320818309,0
STPZ.US,D,20170316,000000,47.8537,47.9062,47.8111,47.8448,54699.773037098,0
STPZ.US,D,20170317,000000,47.9162,47.9162,47.8448,47.8705,73144.822525003,0
STPZ.US,D,20170320,000000,47.8448,47.9261,47.8269,47.9261,71832.72184242,0
STPZ.US,D,20170321,000000,47.936,48.0104,47.8626,47.9548,57432.89590397,0
STPZ.US,D,20170322,000000,47.9261,48.0104,47.8795,47.9638,247422.25085123,0
STPZ.US,D,20170323,000000,47.9638,47.9905,47.8943,47.9449,50400.399316997,0
STPZ.US,D,20170324,000000,47.9062,48.0302,47.8626,47.9548,118441.03924818,0
STPZ.US,D,20170327,000000,48.0004,48.0649,47.9707,48.0004,59412.645050712,0
STPZ.US,D,20170328,000000,47.9638,48.0332,47.8795,47.9162,685570.08531866,0
STPZ.US,D,20170329,000000,47.9638,48.0203,47.9449,47.9905,182576.64163674,0
STPZ.US,D,20170330,000000,48.0004,48.0104,47.9548,47.9806,207234.25085156,0
STPZ.US,D,20170331,000000,48.0104,48.048,47.9548,48.048,122846.30887272,0
STPZ.US,D,20170403,000000,48.0857,48.1393,48.0738,48.0946,95071.325937794,0
STPZ.US,D,20170404,000000,48.1115,48.1115,48.048,48.048,79070.959043726,0
STPZ.US,D,20170405,000000,48.0302,48.1809,48.0302,48.173,526910.79009811,0
STPZ.US,D,20170406,000000,48.1214,48.1214,48.0669,48.1036,68270.585323678,0
STPZ.US,D,20170407,000000,48.0857,48.0946,47.9905,48.0104,41854.0955628,0
STPZ.US,D,20170410,000000,48.0302,48.0966,47.9905,48.0302,44851.45392455,0
STPZ.US,D,20170411,000000,48.0669,48.0917,48.0104,48.0669,73209.368600088,0
STPZ.US,D,20170412,000000,48.0669,48.165,48.048,48.1283,87736.269623861,0
STPZ.US,D,20170413,000000,48.1561,48.173,48.0669,48.1036,133405.64334363,0
STPZ.US,D,20170417,000000,48.1036,48.1561,48.0203,48.0579,74272.361774141,0
STPZ.US,D,20170418,000000,48.0579,48.0857,47.9806,48.0768,137791.75085212,0
STPZ.US,D,20170419,000000,48.0768,48.0768,47.9806,48.0302,81278.636518111,0
STPZ.US,D,20170420,000000,47.9707,48.0669,47.9707,48.048,93945.803753503,0
STPZ.US,D,20170421,000000,48.0451,48.0619,47.9806,48.0302,39917.713310256,0
STPZ.US,D,20170424,000000,47.9806,48.0302,47.9747,48.0004,43366.8941976,0
STPZ.US,D,20170425,000000,48.0342,48.0669,47.9707,48.0104,48392.411262406,0
STPZ.US,D,20170426,000000,47.9905,48.048,47.9806,48.0302,59508.455630916,0
STPZ.US,D,20170427,000000,48.0302,48.048,47.9875,48.0004,81742.561432783,0
STPZ.US,D,20170428,000000,48.0104,48.0391,47.9875,47.9905,59589.138224772,0
STPZ.US,D,20170501,000000,47.9062,48.0302,47.9062,47.9905,43902.424914319,0
STPZ.US,D,20170502,000000,47.9707,48.0104,47.936,47.9548,55751.672354496,0
STPZ.US,D,20170503,000000,47.9062,47.9449,47.8616,47.8696,75658.085323618,0
STPZ.US,D,20170504,000000,47.8001,47.8279,47.7635,47.8001,28623.158702839,0
STPZ.US,D,20170505,000000,47.7813,47.8358,47.7446,47.8358,87489.179180177,0
STPZ.US,D,20170508,000000,47.8001,47.8101,47.7565,47.7902,134107.58191017,0
STPZ.US,D,20170509,000000,47.8101,47.8101,47.7347,47.7635,37547.662115736,0
STPZ.US,D,20170510,000000,47.7902,47.8279,47.7258,47.8001,96204.916381471,0
STPZ.US,D,20170511,000000,47.8001,47.9062,47.7843,47.8884,54582.783276007,0
STPZ.US,D,20170512,000000,47.8696,47.8973,47.8438,47.8884,49077.204777758,0
STPZ.US,D,20170515,000000,47.8735,47.9261,47.8507,47.8696,55074.947098529,0
STPZ.US,D,20170516,000000,47.8358,47.8696,47.82,47.8616,38350.453924603,0
STPZ.US,D,20170517,000000,47.9162,47.9707,47.9062,47.9548,30945.808873469,0
STPZ.US,D,20170518,000000,47.8914,47.9707,47.8527,47.9449,43536.327644698,0
STPZ.US,D,20170519,000000,47.9449,47.9707,47.9162,47.9548,54208.617747,0
STPZ.US,D,20170522,000000,47.9548,48.0004,47.9261,47.9638,77537.989760462,0
STPZ.US,D,20170523,000000,47.9548,48.0104,47.8864,47.9449,55980.609214562,0
STPZ.US,D,20170524,000000,47.9062,47.9638,47.8973,47.9638,40729.581910932,0
STPZ.US,D,20170525,000000,47.936,47.9697,47.8884,47.9261,96203.907849048,0
STPZ.US,D,20170526,000000,47.9162,47.9638,47.8864,47.9548,18156.60921487,0
STPZ.US,D,20170530,000000,47.9548,48.0004,47.9548,47.9707,28909.581911028,0
STPZ.US,D,20170531,000000,47.8884,48.0104,47.8884,48.0004,41259.061433112,0
STPZ.US,D,20170601,000000,47.9638,48.0104,47.9638,48.0004,69638.155289537,0
STPZ.US,D,20170602,000000,47.9905,48.0579,47.9905,48.0302,37191.650170346,0
STPZ.US,D,20170605,000000,47.9707,48.0302,47.9707,48.0104,44708.242320456,0
STPZ.US,D,20170606,000000,48.0391,48.053,48.0104,48.048,57147.481228205,0
STPZ.US,D,20170607,000000,48.0004,48.0203,47.9548,47.9707,49741.827644647,0
STPZ.US,D,20170608,000000,47.9449,47.9638,47.9062,47.936,43684.581910908,0
STPZ.US,D,20170609,000000,47.9162,47.9469,47.9062,47.9162,32300.267917826,0
STPZ.US,D,20170612,000000,47.9062,47.936,47.8696,47.8884,38111.431740305,0
STPZ.US,D,20170613,000000,47.8438,47.9062,47.8438,47.8884,67691.687712761,0
STPZ.US,D,20170614,000000,47.8616,47.8924,47.7416,47.7813,31220.129692579,0
STPZ.US,D,20170615,000000,47.7446,47.7446,47.6514,47.6812,30676.530716474,0
STPZ.US,D,20170616,000000,47.7258,47.7397,47.698,47.7169,36319.269624278,0
STPZ.US,D,20170619,000000,47.6812,47.7169,47.6415,47.6613,30854.032422958,0
STPZ.US,D,20170620,000000,47.6048,47.6712,47.6018,47.6613,41956.965869966,0
STPZ.US,D,20170621,000000,47.6613,47.6841,47.6415,47.6613,34351.622866615,0
STPZ.US,D,20170622,000000,47.6812,47.7446,47.6613,47.7347,46618.402729997,0
STPZ.US,D,20170623,000000,47.7545,47.7714,47.7069,47.7635,72782.759385074,0
STPZ.US,D,20170626,000000,47.7714,47.82,47.7258,47.8001,88785.143343989,0
STPZ.US,D,20170627,000000,47.8001,47.8051,47.7307,47.7635,21790.351535659,0
STPZ.US,D,20170628,000000,47.7813,47.8358,47.7545,47.8358,73896.179180287,0
STPZ.US,D,20170629,000000,47.7635,47.7813,47.7258,47.7714,56079.445392036,0
STPZ.US,D,20170630,000000,47.7714,47.7714,47.6901,47.7258,32873.114334204,0
STPZ.US,D,20170703,000000,47.7545,47.7545,47.7069,47.7446,19872.122866733,0
STPZ.US,D,20170705,000000,47.7347,47.7635,47.698,47.7446,58404.112627512,0
STPZ.US,D,20170706,000000,47.7258,47.7446,47.6901,47.698,115006.98634719,0
STPZ.US,D,20170707,000000,47.5086,47.6812,47.5086,47.6514,66182.923207654,0
STPZ.US,D,20170710,000000,47.6514,47.6901,47.6237,47.6514,60859.889078004,0
STPZ.US,D,20170711,000000,47.6137,47.7258,47.6048,47.6812,41165.267917754,0
STPZ.US,D,20170712,000000,47.7813,47.8001,47.7258,47.7635,139146.20989648,0
STPZ.US,D,20170713,000000,47.7446,47.7635,47.7069,47.7446,48471.076791415,0
STPZ.US,D,20170714,000000,47.7347,47.7555,47.698,47.7446,61127.150170152,0
STPZ.US,D,20170717,000000,47.7545,47.7714,47.7069,47.7714,55612.494880094,0
STPZ.US,D,20170718,000000,47.8001,47.8358,47.7714,47.8101,65019.076791281,0
STPZ.US,D,20170719,000000,47.8001,47.8378,47.7902,47.8358,66466.320818573,0
STPZ.US,D,20170720,000000,47.8785,47.8884,47.7635,47.8001,63261.204777643,0
STPZ.US,D,20170721,000000,47.8001,47.8249,47.7545,47.8001,55950.353241866,0
STPZ.US,D,20170724,000000,47.7813,47.82,47.7714,47.8101,61841.191125778,0
STPZ.US,D,20170725,000000,47.7635,47.8001,47.7446,47.7714,29423.93344686,0
STPZ.US,D,20170726,000000,47.7714,47.8696,47.7258,47.8438,90377.616040222,0
STPZ.US,D,20170727,000000,47.8358,47.8884,47.82,47.8785,151682.26791686,0
STPZ.US,D,20170728,000000,47.8527,47.8983,47.8527,47.8884,40578.302047452,0
STPZ.US,D,20170731,000000,47.8884,47.9072,47.8438,47.8785,38799.250852927,0
STPZ.US,D,20170801,000000,47.8398,47.9618,47.8398,47.9033,49188.14334431,0
STPZ.US,D,20170802,000000,47.8388,47.8844,47.816,47.8755,58523.11945345,0
STPZ.US,D,20170803,000000,47.8586,47.9231,47.8586,47.8943,201889.0290086,0
STPZ.US,D,20170804,000000,47.8586,47.9132,47.8586,47.9033,69320.467576229,0
STPZ.US,D,20170807,000000,47.8755,47.9419,47.8755,47.9419,33851.390784708,0
STPZ.US,D,20170808,000000,47.9231,47.9618,47.9132,47.9618,38545.100682281,0
STPZ.US,D,20170809,000000,47.9776,48.0312,47.9519,47.9975,37702.976108909,0
STPZ.US,D,20170810,000000,48.0074,48.0272,47.9776,47.9875,33250.305460481,0
STPZ.US,D,20170811,000000,47.9687,48.0074,47.9519,47.9776,55436.001706034,0
STPZ.US,D,20170814,000000,47.9519,47.9776,47.8755,47.8844,108988.06484553,0
STPZ.US,D,20170815,000000,47.8249,47.8676,47.8249,47.8487,37342.930033826,0
STPZ.US,D,20170816,000000,47.7773,47.9132,47.7773,47.8844,48388.377132713,0
STPZ.US,D,20170817,000000,47.8586,47.933,47.8487,47.933,40481.482934825,0
STPZ.US,D,20170818,000000,47.9618,47.9618,47.8844,47.9231,57661.832764037,0
STPZ.US,D,20170821,000000,47.9033,47.9132,47.8755,47.9132,38745.798634498,0
STPZ.US,D,20170822,000000,47.8755,47.9132,47.8586,47.8943,70671.901023317,0
STPZ.US,D,20170823,000000,47.9033,47.9618,47.8676,47.9618,58101.552900552,0
STPZ.US,D,20170824,000000,47.938,47.9677,47.8844,47.9033,84180.184299658,0
STPZ.US,D,20170825,000000,47.9231,47.9419,47.8487,47.9231,38271.788395594,0
STPZ.US,D,20170828,000000,47.9519,47.9618,47.9132,47.933,34038.977815423,0
STPZ.US,D,20170829,000000,47.9975,48.0302,47.9419,47.9875,66728.539248605,0
STPZ.US,D,20170830,000000,47.9975,47.9975,47.933,47.9687,1633551.2303622,0
STPZ.US,D,20170831,000000,48.0074,48.0451,47.9618,48.0272,42446.104095218,0
STPZ.US,D,20170901,000000,48.0272,48.0411,47.9875,48.0074,46014.2918085,0
STPZ.US,D,20170905,000000,48.055,48.1274,48.047,48.1006,81763.74061367,0
STPZ.US,D,20170906,000000,48.1353,48.1442,48.055,48.055,198043.49487894,0
STPZ.US,D,20170907,000000,48.0827,48.1888,48.0827,48.1888,37441.7662113,0
STPZ.US,D,20170908,000000,48.1482,48.2087,48.1472,48.2087,27805.238907624,0
STPZ.US,D,20170911,000000,48.1274,48.1621,48.1095,48.1184,31092.046074833,0
STPZ.US,D,20170912,000000,48.1006,48.1353,48.0738,48.1006,100582.95563058,0
STPZ.US,D,20170913,000000,48.0738,48.1006,48.0451,48.0649,124146.30716623,0
STPZ.US,D,20170914,000000,48.0451,48.1006,48.0451,48.0827,37905.691125972,0
STPZ.US,D,20170915,000000,48.1184,48.1184,48.0649,48.1006,55598.37542617,0
STPZ.US,D,20170918,000000,48.0917,48.1095,48.0649,48.1095,41758.284982596,0
STPZ.US,D,20170919,000000,48.1184,48.1184,48.055,48.055,43876.203071316,0
STPZ.US,D,20170920,000000,48.0451,48.1095,47.9419,47.9875,59349.10750805,0
STPZ.US,D,20170921,000000,47.9519,47.9776,47.9231,47.9231,111313.74061343,0
STPZ.US,D,20170922,000000,47.9618,48.0074,47.9519,48.0074,52972.156996157,0
STPZ.US,D,20170925,000000,47.9975,48.0827,47.9975,48.0649,29604.460750613,0
STPZ.US,D,20170926,000000,48.055,48.055,48.0173,48.0451,55023.511944946,0
STPZ.US,D,20170927,000000,48.0173,48.053,48.0074,48.0272,58341.583617274,0
STPZ.US,D,20170928,000000,48.0361,48.0451,48.0074,48.0272,55163.69795177,0
STPZ.US,D,20170929,000000,48.0272,48.0431,47.9132,47.9132,47777.206484254,0
STPZ.US,D,20171002,000000,47.9132,47.9509,47.9033,47.9132,41379.076791473,0
STPZ.US,D,20171003,000000,47.8844,47.9519,47.8844,47.9419,130823.80034023,0
STPZ.US,D,20171004,000000,47.9419,47.9687,47.9231,47.9231,48416.616040562,0
STPZ.US,D,20171005,000000,47.9519,47.9796,47.9231,47.9618,50831.042661703,0
STPZ.US,D,20171006,000000,47.8943,47.9776,47.8943,47.9618,38059.996586722,0
STPZ.US,D,20171009,000000,47.9687,47.9687,47.9132,47.9519,32160.081911002,0
STPZ.US,D,20171010,000000,47.9618,48.0173,47.9618,47.9875,86975.836176768,0
STPZ.US,D,20171011,000000,47.9875,48.0272,47.9776,48.0074,46872.552900643,0
STPZ.US,D,20171012,000000,47.9875,48.0272,47.9776,48.0272,63761.43685955,0
STPZ.US,D,20171013,000000,48.0272,48.0272,47.9687,47.9975,26733.168941762,0
STPZ.US,D,20171016,000000,47.9975,47.9975,47.8943,47.9132,95941.689419016,0
STPZ.US,D,20171017,000000,47.8398,47.8755,47.8319,47.8676,47218.479521801,0
STPZ.US,D,20171018,000000,47.8844,47.8844,47.8398,47.8755,190974.69112473,0
STPZ.US,D,20171019,000000,47.9132,47.9132,47.8676,47.8844,70809.061432872,0
STPZ.US,D,20171020,000000,47.8676,47.9132,47.8586,47.8586,74375.232081307,0
STPZ.US,D,20171023,000000,47.8943,47.932,47.8844,47.9033,51041.825938152,0
STPZ.US,D,20171024,000000,47.8676,47.8943,47.8487,47.8676,108379.91979434,0
STPZ.US,D,20171025,000000,47.8586,47.8943,47.8299,47.8943,61795.807166734,0
STPZ.US,D,20171026,000000,47.8755,47.8943,47.8398,47.8676,80381.042661463,0
STPZ.US,D,20171027,000000,47.9033,47.9618,47.8775,47.9519,52560.675767491,0
STPZ.US,D,20171030,000000,47.9687,48.0074,47.9618,48.0074,611389.49999503,0
STPZ.US,D,20171031,000000,48.0361,48.0451,47.9776,48.0074,75857.774743411,0
STPZ.US,D,20171101,000000,48.0272,48.054,47.9875,48.0074,34021.832764229,0
STPZ.US,D,20171102,000000,47.9975,48.0361,47.9419,48.0173,44992.648463798,0
STPZ.US,D,20171103,000000,48.0074,48.0639,47.9747,48.0074,118617.53242224,0
STPZ.US,D,20171106,000000,48.0361,48.0917,48.0361,48.0827,48921.890784586,0
STPZ.US,D,20171107,000000,48.0946,48.1095,48.0827,48.1006,40217.247439946,0
STPZ.US,D,20171108,000000,48.1184,48.1184,48.0649,48.0738,44995.674061068,0
STPZ.US,D,20171109,000000,48.0451,48.1006,48.0451,48.0917,47600.713310194,0
STPZ.US,D,20171110,000000,48.0074,48.0451,47.9875,47.9875,55176.808873272,0
STPZ.US,D,20171113,000000,48.0272,48.0361,47.9776,47.9975,213313.68429861,0
STPZ.US,D,20171114,000000,47.9618,47.9975,47.9618,47.9975,57501.476108748,0
STPZ.US,D,20171115,000000,48.0272,48.055,47.9885,48.055,35947.121160118,0
STPZ.US,D,20171116,000000,47.9875,48.0272,47.9776,47.9975,47696.523890398,0
STPZ.US,D,20171117,000000,48.0074,48.0193,47.9846,47.9875,78862.192832124,0
STPZ.US,D,20171120,000000,47.9687,48.0074,47.933,47.9618,68237.303753712,0
STPZ.US,D,20171121,000000,47.9231,47.9409,47.8755,47.9132,61344.993173563,0
STPZ.US,D,20171122,000000,47.9231,47.9975,47.9231,47.9975,59133.281569486,0
STPZ.US,D,20171124,000000,47.9776,47.9975,47.9519,47.9519,22509.435153401,0
STPZ.US,D,20171127,000000,48.0173,48.0173,47.9618,47.9687,74348.001705881,0
STPZ.US,D,20171128,000000,47.9776,48.0074,47.9519,47.9687,44513.595562778,0
STPZ.US,D,20171129,000000,47.9132,47.933,47.9003,47.9033,42046.725255631,0
STPZ.US,D,20171130,000000,47.9033,47.9231,47.8586,47.8676,53910.092149733,0
STPZ.US,D,20171201,000000,47.8398,47.9786,47.8398,47.9618,44482.331057659,0
STPZ.US,D,20171204,000000,47.8755,47.9241,47.8676,47.8844,81548.923207529,0
STPZ.US,D,20171205,000000,47.8943,47.8943,47.8487,47.8943,103448.19624489,0
STPZ.US,D,20171206,000000,47.9419,47.9519,47.8844,47.8844,63153.291808361,0
STPZ.US,D,20171207,000000,47.9033,47.933,47.8844,47.9231,57272.539248682,0
STPZ.US,D,20171208,000000,47.9231,47.9618,47.8943,47.933,95315.390784209,0
STPZ.US,D,20171211,000000,47.9033,47.9419,47.8755,47.8844,81050.708190468,0
STPZ.US,D,20171212,000000,47.8755,47.933,47.8676,47.9231,70746.532422634,0
STPZ.US,D,20171213,000000,47.9419,47.9419,47.8586,47.9419,96078.849828571,0
STPZ.US,D,20171214,000000,47.8943,47.9231,47.8676,47.8844,104856.10750768,0
STPZ.US,D,20171215,000000,47.8487,47.8755,47.8319,47.8676,105601.41296843,0
STPZ.US,D,20171218,000000,47.8487,47.8775,47.8319,47.8586,50234.999999592,0
STPZ.US,D,20171219,000000,47.8844,47.8844,47.8061,47.8487,117363.92662021,0
STPZ.US,D,20171220,000000,47.7674,47.8398,47.7674,47.8398,147929.51877013,0
STPZ.US,D,20171221,000000,47.7397,47.8676,47.7397,47.8676,85704.076791113,0
STPZ.US,D,20171222,000000,47.8319,47.8755,47.8061,47.8586,63166.402729862,0
STPZ.US,D,20171226,000000,47.8398,47.8676,47.8091,47.8676,151357.52047659,0
STPZ.US,D,20171227,000000,47.8586,47.9132,47.8586,47.9132,71590.674060852,0
STPZ.US,D,20171228,000000,47.9231,47.9419,47.8844,47.8943,65812.791808339,0
STPZ.US,D,20171229,000000,47.9697,48.0371,47.9013,47.9618,83090.969282602,0
STPZ.US,D,20180102,000000,47.933,47.9697,47.9231,47.9697,99241.607507726,0
STPZ.US,D,20180103,000000,47.9885,47.9975,47.933,47.9786,114632.82081818,0
STPZ.US,D,20180104,000000,47.9132,47.9647,47.9053,47.9519,79318.04948741,0
STPZ.US,D,20180105,000000,47.9419,47.9697,47.933,47.9519,71933.57508474,0
STPZ.US,D,20180108,000000,47.9697,47.9697,47.9281,47.9618,81879.721842338,0
STPZ.US,D,20180109,000000,47.9519,47.9766,47.9231,47.9231,425177.09897266,0
STPZ.US,D,20180110,000000,47.8844,47.9519,47.8646,47.9519,111052.53071582,0
STPZ.US,D,20180111,000000,47.8943,47.9519,47.8943,47.9231,101936.40614252,0
STPZ.US,D,20180112,000000,47.8586,47.9519,47.8586,47.9033,72203.861774158,0
STPZ.US,D,20180116,000000,47.9419,47.9687,47.9132,47.9519,140278.79180773,0
STPZ.US,D,20180117,000000,47.9618,47.9618,47.8844,47.933,103351.37713227,0
STPZ.US,D,20180118,000000,47.8755,47.9618,47.8755,47.9419,196164.59897452,0
STPZ.US,D,20180119,000000,47.8943,47.9419,47.8755,47.9033,67676.559726413,0
STPZ.US,D,20180122,000000,47.9231,47.9231,47.8586,47.8844,63940.95563088,0
STPZ.US,D,20180123,000000,47.8755,47.9697,47.8755,47.8844,68960.421501146,0
STPZ.US,D,20180124,000000,47.933,47.9419,47.8805,47.9132,62591.539248638,0
STPZ.US,D,20180125,000000,47.9419,47.9697,47.9023,47.9231,112506.83447008,0
STPZ.US,D,20180126,000000,47.8943,47.933,47.8656,47.9132,38603.595562826,0
STPZ.US,D,20180129,000000,47.8586,47.8943,47.8398,47.8398,43541.370306814,0
STPZ.US,D,20180130,000000,47.8586,47.8755,47.7962,47.8319,93447.588736442,0
STPZ.US,D,20180131,000000,47.7773,47.8319,47.7654,47.816,90931.300340558,0
STPZ.US,D,20180201,000000,47.8319,47.8319,47.7307,47.7397,111754.46928237,0
STPZ.US,D,20180202,000000,47.7496,47.8388,47.6861,47.7496,102969.14334387,0
STPZ.US,D,20180205,000000,47.7208,47.8844,47.7208,47.7674,115754.30887278,0
STPZ.US,D,20180206,000000,47.8487,47.8805,47.7397,47.7397,73671.276449914,0
STPZ.US,D,20180207,000000,47.7773,47.816,47.7119,47.7674,59476.182593374,0
STPZ.US,D,20180208,000000,47.7307,47.7496,47.6861,47.7397,45282.097269257,0
STPZ.US,D,20180209,000000,47.6564,47.7674,47.6365,47.6663,157735.4795209,0
STPZ.US,D,20180212,000000,47.6663,47.7307,47.6663,47.6663,67795.56655235,0
STPZ.US,D,20180213,000000,47.6762,47.7397,47.6008,47.6564,47979.921501317,0
STPZ.US,D,20180214,000000,47.6861,47.7307,47.6465,47.6861,29702.288395663,0
STPZ.US,D,20180215,000000,47.6187,47.7357,47.6187,47.7307,39842.073378516,0
STPZ.US,D,20180216,000000,47.7496,47.7674,47.6663,47.7119,32655.271330793,0
STPZ.US,D,20180220,000000,47.5483,47.7883,47.5483,47.7208,43154.093856305,0
STPZ.US,D,20180221,000000,47.6762,47.7496,47.6564,47.702,29580.255972456,0
STPZ.US,D,20180222,000000,47.6941,47.7883,47.6941,47.7496,64985.795221315,0
STPZ.US,D,20180223,000000,47.7674,47.8249,47.702,47.816,33282.578498023,0
STPZ.US,D,20180226,000000,47.7962,47.8844,47.7873,47.8398,45329.498293147,0
STPZ.US,D,20180227,000000,47.8844,47.8934,47.702,47.7119,418488.51194199,0
STPZ.US,D,20180228,000000,47.8061,47.8061,47.7119,47.7208,142131.46586915,0
STPZ.US,D,20180301,000000,47.7208,47.8755,47.702,47.8755,29139.527303518,0
STPZ.US,D,20180302,000000,47.7962,47.8586,47.7307,47.7873,99486.680886564,0
STPZ.US,D,20180305,000000,47.8497,47.9062,47.816,47.8844,64299.993173539,0
STPZ.US,D,20180306,000000,47.8676,47.8785,47.816,47.8586,31074.901023638,0
STPZ.US,D,20180307,000000,47.8755,47.9132,47.8349,47.8844,52213.74061391,0
STPZ.US,D,20180308,000000,47.8844,47.9043,47.8249,47.8844,17077.479522046,0
STPZ.US,D,20180309,000000,47.8319,47.8844,47.816,47.8398,67387.110920954,0
STPZ.US,D,20180312,000000,47.8487,47.8943,47.816,47.8249,40623.686006496,0
STPZ.US,D,20180313,000000,47.8398,47.8844,47.8249,47.8398,42810.184299994,0
STPZ.US,D,20180314,000000,47.8249,47.9231,47.8249,47.9132,41068.448805127,0
STPZ.US,D,20180315,000000,47.8586,47.9231,47.8586,47.8755,47709.634811899,0
STPZ.US,D,20180316,000000,47.8487,47.9132,47.8319,47.8676,40101.266211278,0
STPZ.US,D,20180319,000000,47.8943,47.8943,47.8061,47.8487,48320.805460358,0
STPZ.US,D,20180320,000000,47.7962,47.8676,47.7496,47.816,22684.919795038,0
STPZ.US,D,20180321,000000,47.8319,47.8676,47.7843,47.8319,42410.805460406,0
STPZ.US,D,20180322,000000,47.9132,47.9985,47.8755,47.9033,78973.131398676,0
STPZ.US,D,20180323,000000,47.8844,47.9757,47.8844,47.9697,57989.605801577,0
STPZ.US,D,20180326,000000,47.9132,47.9985,47.9033,47.9033,274336.95562917,0
STPZ.US,D,20180327,000000,47.933,48.0282,47.933,47.9985,238800.3071653,0
STPZ.US,D,20180328,000000,48.0649,48.0649,47.9231,47.9618,216018.56825763,0
STPZ.US,D,20180329,000000,47.9618,48.0282,47.8953,47.9985,347685.50170366,0
STPZ.US,D,20180402,000000,48.0183,48.0649,47.9419,48.0282,485219.06825544,0
STPZ.US,D,20180403,000000,48.0183,48.056,47.9786,47.9885,237410.54948613,0
STPZ.US,D,20180404,000000,48.0461,48.056,47.9885,47.9885,106239.81399231,0
STPZ.US,D,20180405,000000,48.0084,48.0084,47.9419,47.9786,255337.21330851,0
STPZ.US,D,20180406,000000,47.9885,48.0401,47.9846,48.0282,207430.91467408,0
STPZ.US,D,20180409,000000,48.0084,48.0371,47.9618,48.0371,164849.66723416,0
STPZ.US,D,20180410,000000,47.9985,48.0342,47.9786,47.9885,195198.42491309,0
STPZ.US,D,20180411,000000,48.0183,48.0778,48.0183,48.0461,210153.95221672,0
STPZ.US,D,20180412,000000,48.0421,48.0461,47.9786,48.0084,91142.083617007,0
STPZ.US,D,20180413,000000,47.9697,48.0371,47.9697,47.9985,58873.0802043,0
STPZ.US,D,20180416,000000,47.9697,48.0371,47.9697,47.9786,181899.91638078,0
STPZ.US,D,20180417,000000,48.0282,48.0282,47.9786,48.0084,415067.5699625,0
STPZ.US,D,20180418,000000,47.9985,48.0034,47.9697,47.9985,76331.784982315,0
STPZ.US,D,20180419,000000,47.9786,48.0282,47.9618,47.9697,113192.63651785,0
STPZ.US,D,20180420,000000,47.933,47.9519,47.8943,47.8943,118193.9488045,0
STPZ.US,D,20180423,000000,47.9697,47.9697,47.8755,47.9132,168197.99487918,0
STPZ.US,D,20180424,000000,47.9419,47.9419,47.8755,47.8844,80723.943685351,0
STPZ.US,D,20180425,000000,47.8755,47.9132,47.8448,47.8844,72370.269623986,0
STPZ.US,D,20180426,000000,47.9033,47.933,47.8844,47.9033,65024.119453397,0
STPZ.US,D,20180427,000000,47.8943,47.9509,47.8943,47.9132,48347.027303362,0
STPZ.US,D,20180430,000000,47.9132,47.9975,47.9033,47.9419,96073.807166455,0
STPZ.US,D,20180501,000000,47.9697,47.9697,47.8586,47.9132,77969.641637592,0
STPZ.US,D,20180502,000000,47.8943,47.9519,47.8676,47.9132,112527.00511854,0
STPZ.US,D,20180503,000000,47.933,47.9885,47.933,47.9786,73545.209897014,0
STPZ.US,D,20180504,000000,48.0183,48.0183,47.9419,47.9519,36356.585323937,0
STPZ.US,D,20180507,000000,47.9786,48.0084,47.9786,47.9985,99636.952217621,0
STPZ.US,D,20180508,000000,47.9419,47.9697,47.8676,47.9419,65262.133105272,0
STPZ.US,D,20180509,000000,47.9419,47.9786,47.94,47.9519,49827.552900619,0
STPZ.US,D,20180510,000000,47.9618,47.9786,47.9419,47.9697,81911.994879881,0
STPZ.US,D,20180511,000000,47.9519,47.9786,47.9499,47.9786,32482.812286426,0
STPZ.US,D,20180514,000000,47.9489,47.9786,47.9419,47.9618,187827.06143192,0
STPZ.US,D,20180515,000000,47.9618,47.9618,47.8943,47.9132,532062.37371582,0
STPZ.US,D,20180516,000000,47.9519,47.9519,47.8943,47.8943,44383.494880186,0
STPZ.US,D,20180517,000000,47.9231,47.9677,47.9033,47.9231,22205.866894018,0
STPZ.US,D,20180518,000000,47.9697,47.9697,47.934,47.938,33174.665528741,0
STPZ.US,D,20180521,000000,47.933,47.9727,47.933,47.9618,74928.916381644,0
STPZ.US,D,20180522,000000,47.9697,47.9885,47.9419,47.9697,55061.836177027,0
STPZ.US,D,20180523,000000,47.9786,48.056,47.9697,48.0183,46463.088736824,0
STPZ.US,D,20180524,000000,48.053,48.0649,48.0183,48.0282,33041.539248878,0
STPZ.US,D,20180525,000000,48.0084,48.0461,47.9885,48.0461,54709.85836133,0
STPZ.US,D,20180529,000000,48.1283,48.174,48.056,48.1551,64756.858361249,0
STPZ.US,D,20180530,000000,48.1026,48.174,48.0847,48.0936,65776.484641104,0
STPZ.US,D,20180531,000000,48.0936,48.1373,48.0857,48.1026,99436.254265404,0
STPZ.US,D,20180601,000000,48.0351,48.0936,48.0351,48.0659,31316.948805206,0
STPZ.US,D,20180604,000000,48.0183,48.056,47.9885,47.9885,36473.575085028,0
STPZ.US,D,20180605,000000,47.9985,48.056,47.9985,48.056,42967.515358013,0
STPZ.US,D,20180606,000000,48.0461,48.0461,47.9519,47.9786,38161.858361465,0
STPZ.US,D,20180607,000000,47.9885,48.0936,47.9885,48.0936,46967.354948424,0
STPZ.US,D,20180608,000000,48.0659,48.0758,48.0371,48.056,22518.51194521,0
STPZ.US,D,20180611,000000,48.0084,48.0461,48.0084,48.0461,27249.537542441,0
STPZ.US,D,20180612,000000,48.0084,48.0451,48.0054,48.0282,15802.694539121,0
STPZ.US,D,20180613,000000,48.0282,48.0461,47.9519,47.9885,28558.612627754,0
STPZ.US,D,20180614,000000,48.0183,48.0371,47.9985,48.0084,44355.255972336,0
STPZ.US,D,20180615,000000,48.0461,48.0461,47.9985,47.9985,27130.530716503,0
STPZ.US,D,20180618,000000,48.0183,48.0659,48.0183,48.0461,21858.931740437,0
STPZ.US,D,20180619,000000,48.0659,48.0976,48.0659,48.0758,31015.39761067,0
STPZ.US,D,20180620,000000,48.1204,48.1204,48.0282,48.056,70881.675767342,0
STPZ.US,D,20180621,000000,48.0282,48.0758,48.0282,48.0461,30818.733788146,0
STPZ.US,D,20180622,000000,48.056,48.1115,48.056,48.1115,42902.969282928,0
STPZ.US,D,20180625,000000,48.1115,48.1452,48.1026,48.1026,98020.274743231,0
STPZ.US,D,20180626,000000,48.1204,48.1462,48.1115,48.1462,28442.631399086,0
STPZ.US,D,20180627,000000,48.174,48.2285,48.174,48.2027,118304.88737105,0
STPZ.US,D,20180628,000000,48.2414,48.2414,48.174,48.1829,69554.447098411,0
STPZ.US,D,20180629,000000,48.1829,48.2216,48.171,48.2126,45656.262798264,0
STPZ.US,D,20180702,000000,48.2225,48.2463,48.1829,48.2126,31438.981228414,0
STPZ.US,D,20180703,000000,48.2414,48.2513,48.2225,48.2513,25660.090443478,0
STPZ.US,D,20180705,000000,48.2701,48.2801,48.2414,48.2801,167436.55289966,0
STPZ.US,D,20180706,000000,48.2969,48.3068,48.2711,48.3068,102463.86859985,0
STPZ.US,D,20180709,000000,48.2602,48.2969,48.2602,48.2969,43638.189419441,0
STPZ.US,D,20180710,000000,48.291,48.292,48.2513,48.2513,19449.547781412,0
STPZ.US,D,20180711,000000,48.288,48.288,48.2325,48.2414,126744.28668839,0
STPZ.US,D,20180712,000000,48.1829,48.2146,48.1829,48.1928,36062.093856362,0
STPZ.US,D,20180713,000000,48.2027,48.2701,48.2027,48.2701,164601.56825805,0
STPZ.US,D,20180716,000000,48.2027,48.2027,48.1601,48.165,25305.087030511,0
STPZ.US,D,20180717,000000,48.1561,48.165,48.1373,48.1462,42154.638224914,0
STPZ.US,D,20180718,000000,48.1283,48.1541,48.1204,48.1204,39287.380545756,0
STPZ.US,D,20180719,000000,48.1115,48.173,48.1115,48.1551,30037.121160166,0
STPZ.US,D,20180720,000000,48.1551,48.17,48.1283,48.1283,22183.679180707,0
STPZ.US,D,20180723,000000,48.1204,48.1283,48.055,48.055,35421.67576763,0
STPZ.US,D,20180724,000000,48.0451,48.0748,48.0451,48.0649,36009.650170356,0
STPZ.US,D,20180725,000000,48.0748,48.1115,48.0649,48.0649,49618.786689017,0
STPZ.US,D,20180726,000000,48.0748,48.1264,48.055,48.055,53192.017064414,0
STPZ.US,D,20180727,000000,48.0748,48.0936,48.0698,48.0748,53533.909555879,0
STPZ.US,D,20180730,000000,48.1115,48.1115,48.0728,48.0936,57010.32081865,0
STPZ.US,D,20180731,000000,48.1115,48.1204,48.0936,48.1115,26193.60409535,0
STPZ.US,D,20180801,000000,48.0936,48.0936,48.0332,48.055,41528.339590106,0
STPZ.US,D,20180802,000000,48.0748,48.1283,48.0748,48.0936,59439.875426138,0
STPZ.US,D,20180803,000000,48.1115,48.165,48.1115,48.165,76462.894197331,0
STPZ.US,D,20180806,000000,48.1829,48.1928,48.1462,48.1551,44461.151876772,0
STPZ.US,D,20180807,000000,48.1462,48.165,48.1373,48.1551,35976.36860039,0
STPZ.US,D,20180808,000000,48.1551,48.1591,48.1115,48.1115,68030.554606956,0
STPZ.US,D,20180809,000000,48.1551,48.1779,48.1373,48.1373,26296.474402517,0
STPZ.US,D,20180810,000000,48.2126,48.2711,48.2126,48.2364,44221.12116005,0
STPZ.US,D,20180813,000000,48.2325,48.2622,48.2325,48.2612,30746.119453675,0
STPZ.US,D,20180814,000000,48.2325,48.2612,48.2225,48.2325,24542.636518572,0
STPZ.US,D,20180815,000000,48.2414,48.2791,48.2414,48.2711,38692.346416068,0
STPZ.US,D,20180816,000000,48.2612,48.2622,48.2225,48.2325,19163.124573223,0
STPZ.US,D,20180817,000000,48.2711,48.2711,48.2225,48.2325,15609.056313866,0
STPZ.US,D,20180820,000000,48.2612,48.2979,48.2612,48.2979,38507.784982622,0
STPZ.US,D,20180821,000000,48.281,48.2979,48.2711,48.2979,34352.631399038,0
STPZ.US,D,20180822,000000,48.3257,48.3554,48.3257,48.3356,32031.998293255,0
STPZ.US,D,20180823,000000,48.3356,48.3653,48.3356,48.3356,10433.267918004,0
STPZ.US,D,20180824,000000,48.3078,48.3653,48.3078,48.3356,33210.972695976,0
STPZ.US,D,20180827,000000,48.3653,48.3733,48.3257,48.3356,33531.686006554,0
STPZ.US,D,20180828,000000,48.3177,48.3366,48.289,48.3078,30316.484641392,0
STPZ.US,D,20180829,000000,48.281,48.3078,48.281,48.281,56642.206484182,0
STPZ.US,D,20180830,000000,48.3078,48.3356,48.3078,48.3078,18312.931740466,0
STPZ.US,D,20180831,000000,48.3574,48.3733,48.3356,48.3455,20727.358361606,0
STPZ.US,D,20180904,000000,48.3554,48.3822,48.3177,48.3257,21077.319112457,0
STPZ.US,D,20180905,000000,48.3177,48.3356,48.2979,48.3177,22537.67406125,0
STPZ.US,D,20180906,000000,48.3078,48.3554,48.3078,48.3078,23749.930033937,0
STPZ.US,D,20180907,000000,48.2513,48.2979,48.2414,48.2513,26868.312286471,0
STPZ.US,D,20180910,000000,48.2513,48.3078,48.2414,48.2711,97473.650169857,0
STPZ.US,D,20180911,000000,48.2225,48.2513,48.2225,48.2225,17216.656996447,0
STPZ.US,D,20180912,000000,48.2513,48.289,48.2414,48.2711,24990.424914473,0
STPZ.US,D,20180913,000000,48.2325,48.2612,48.174,48.174,40063.95051162,0
STPZ.US,D,20180914,000000,48.1373,48.1928,48.1373,48.1551,31495.459044113,0
STPZ.US,D,20180917,000000,48.174,48.174,48.1462,48.1551,26442.711603881,0
STPZ.US,D,20180918,000000,48.1551,48.2017,48.1283,48.1462,55757.723549035,0
STPZ.US,D,20180919,000000,48.1462,48.1571,48.1234,48.1373,19719.83447083,0
STPZ.US,D,20180920,000000,48.1283,48.165,48.1204,48.1462,33940.14163795,0
STPZ.US,D,20180921,000000,48.1283,48.165,48.1283,48.1373,27796.162115815,0
STPZ.US,D,20180924,000000,48.1283,48.1551,48.1204,48.1462,43985.124573022,0
STPZ.US,D,20180925,000000,48.1283,48.165,48.1204,48.1551,239995.41808679,0
STPZ.US,D,20180926,000000,48.165,48.1928,48.1283,48.165,55425.916381802,0
STPZ.US,D,20180927,000000,48.174,48.2027,48.165,48.2027,30144.025597025,0
STPZ.US,D,20180928,000000,48.1829,48.2325,48.1829,48.2225,27014.549487835,0
STPZ.US,D,20181001,000000,48.2126,48.2225,48.1829,48.2027,28750.233788162,0
STPZ.US,D,20181002,000000,48.1928,48.2325,48.1928,48.2126,23717.656996394,0
STPZ.US,D,20181003,000000,48.1829,48.2126,48.1462,48.1551,69658.325938001,0
STPZ.US,D,20181004,000000,48.1551,48.1551,48.1026,48.1283,33951.235494605,0
STPZ.US,D,20181005,000000,48.1026,48.1115,48.0728,48.0748,44477.288395543,0
STPZ.US,D,20181008,000000,48.1115,48.1283,48.0451,48.1204,67664.457337334,0
STPZ.US,D,20181009,000000,48.0936,48.1204,48.0936,48.1026,25843.6433445,0
STPZ.US,D,20181010,000000,48.1026,48.1214,48.0778,48.1026,17533.336177332,0
STPZ.US,D,20181011,000000,48.0649,48.1204,48.0451,48.055,59249.262798154,0
STPZ.US,D,20181012,000000,48.0351,48.0837,48.0351,48.0748,47728.79692794,0
STPZ.US,D,20181015,000000,48.0936,48.0986,48.0649,48.0748,18985.62286674,0
STPZ.US,D,20181016,000000,48.0649,48.0936,48.0649,48.0649,102855.17918005,0
STPZ.US,D,20181017,000000,48.0837,48.0837,48.0163,48.0351,44983.57167199,0
STPZ.US,D,20181018,000000,48.0163,48.055,48.0064,48.0163,52977.199658273,0
STPZ.US,D,20181019,000000,48.0163,48.0431,47.9965,48.0064,23624.87201346,0
STPZ.US,D,20181022,000000,48.0262,48.0322,47.9965,48.0163,25710.517064638,0
STPZ.US,D,20181023,000000,48.0282,48.0649,47.9965,48.0163,25260.71160389,0
STPZ.US,D,20181024,000000,48.0351,48.0649,48.0262,48.0451,34681.412969002,0
STPZ.US,D,20181025,000000,48.0163,48.0748,47.9677,47.9677,24626.344709698,0
STPZ.US,D,20181026,000000,48.0163,48.1115,48.0163,48.0936,84102.527303071,0
STPZ.US,D,20181029,000000,48.0788,48.1204,48.0649,48.0837,42018.486347782,0
STPZ.US,D,20181030,000000,48.0589,48.0748,48.0213,48.0213,126128.07337782,0
STPZ.US,D,20181031,000000,47.9677,48.0064,47.9588,47.9766,47955.71672316,0
STPZ.US,D,20181101,000000,47.9866,48.0044,47.9588,47.9677,42527.795221498,0
STPZ.US,D,20181102,000000,47.8805,47.93,47.8805,47.9102,24608.19112608,0
STPZ.US,D,20181105,000000,47.9201,47.9588,47.9201,47.9489,249130.70477613,0
STPZ.US,D,20181106,000000,47.9489,47.9489,47.9003,47.9201,37162.402730074,0
STPZ.US,D,20181107,000000,47.9102,47.9588,47.8904,47.8904,37797.77815669,0
STPZ.US,D,20181108,000000,47.9281,47.9281,47.8547,47.8715,48525.537542268,0
STPZ.US,D,20181109,000000,47.8715,47.9172,47.8715,47.9003,35949.138224964,0
STPZ.US,D,20181112,000000,47.9489,48.0232,47.9132,47.9766,43562.549487701,0
STPZ.US,D,20181113,000000,47.939,47.9677,47.93,47.9588,26436.660409342,0
STPZ.US,D,20181114,000000,47.9271,47.9965,47.9271,47.9588,131126.36006719,0
STPZ.US,D,20181115,000000,47.9766,48.0262,47.9766,48.0064,54382.08532379,0
STPZ.US,D,20181116,000000,48.055,48.1204,48.055,48.0936,31499.493173806,0
STPZ.US,D,20181119,000000,48.055,48.1115,48.055,48.0936,85414.627985654,0
STPZ.US,D,20181120,000000,48.05,48.0748,48.0163,48.0262,82472.73890718,0
STPZ.US,D,20181121,000000,48.0351,48.0351,47.9697,47.9766,66014.498292979,0
STPZ.US,D,20181123,000000,47.9866,47.9866,47.9003,47.9003,14098.274743913,0
STPZ.US,D,20181126,000000,47.9003,47.9588,47.9003,47.93,27916.177474176,0
STPZ.US,D,20181127,000000,47.9003,47.9489,47.8547,47.8715,67150.105801502,0
STPZ.US,D,20181128,000000,47.8279,47.9538,47.8279,47.9003,60810.470989267,0
STPZ.US,D,20181129,000000,47.9489,48.0262,47.9489,48.0113,63513.337883443,0
STPZ.US,D,20181130,000000,47.9766,48.0262,47.9677,47.9766,121689.52218331,0
STPZ.US,D,20181203,000000,47.9866,48.0262,47.9766,47.9866,141107.8054596,0
STPZ.US,D,20181204,000000,48.0064,48.055,48.0064,48.0262,54365.948805019,0
STPZ.US,D,20181206,000000,48.0351,48.0837,47.9677,47.9677,162716.62115909,0
STPZ.US,D,20181207,000000,48.0262,48.0748,48.0262,48.0748,64852.668941453,0
STPZ.US,D,20181210,000000,48.0163,48.0629,47.9766,47.9965,53617.617747005,0
STPZ.US,D,20181211,000000,47.9677,47.9965,47.8715,47.9102,76836.051193915,0
STPZ.US,D,20181212,000000,47.939,47.939,47.8596,47.8715,99802.351535026,0
STPZ.US,D,20181213,000000,47.8636,47.9588,47.8636,47.9201,232422.34812098,0
STPZ.US,D,20181214,000000,47.9201,47.9429,47.9102,47.9102,44544.860067898,0
STPZ.US,D,20181217,000000,47.93,47.9766,47.9201,47.9677,144000.27644934,0
STPZ.US,D,20181218,000000,47.9489,48.0064,47.9489,47.9965,98070.701364391,0
STPZ.US,D,20181219,000000,48.0064,48.0451,47.9409,47.9677,102416.46757596,0
STPZ.US,D,20181220,000000,47.9003,47.93,47.8547,47.9102,149440.30034008,0
STPZ.US,D,20181221,000000,47.8904,47.9489,47.8904,47.93,211773.65528838,0
STPZ.US,D,20181224,000000,47.9102,47.9489,47.9003,47.9489,70069.807166666,0
STPZ.US,D,20181226,000000,47.9201,47.9796,47.9201,47.93,172650.66552761,0
STPZ.US,D,20181227,000000,47.9588,48.0054,47.9588,47.9965,85093.914675077,0
STPZ.US,D,20181228,000000,48.052,48.052,47.9965,48.0163,126788.66211501,0
STPZ.US,D,20181231,000000,48.0163,48.1115,48.0163,48.0649,78879.337883318,0
STPZ.US,D,20190102,000000,48.0936,48.1204,48.0758,48.0936,29982.660409313,0
STPZ.US,D,20190103,000000,48.2037,48.2721,48.1393,48.2424,21219.522184128,0
STPZ.US,D,20190104,000000,48.2037,48.3098,48.1839,48.3098,103154.71330974,0
STPZ.US,D,20190107,000000,48.2721,48.2721,48.2037,48.2235,26469.941979307,0
STPZ.US,D,20190108,000000,48.2037,48.2265,48.1938,48.1938,35680.868600393,0
STPZ.US,D,20190109,000000,48.2136,48.3098,48.2136,48.288,18261.496586882,0
STPZ.US,D,20190110,000000,48.3078,48.3078,48.2523,48.2523,32900.34470963,0
STPZ.US,D,20190111,000000,48.3098,48.3475,48.3098,48.3197,123889.13139831,0
STPZ.US,D,20190114,000000,48.3584,48.3584,48.2622,48.2622,18996.716723395,0
STPZ.US,D,20190115,000000,48.282,48.3197,48.2523,48.282,21176.15528993,0
STPZ.US,D,20190116,000000,48.2622,48.2622,48.2136,48.2335,79651.87371949,0
STPZ.US,D,20190117,000000,48.2721,48.2721,48.2136,48.2335,40215.2303751,0
STPZ.US,D,20190118,000000,48.2136,48.2463,48.1938,48.2136,34019.815699382,0
STPZ.US,D,20190122,000000,48.2136,48.2473,48.1938,48.2136,46421.738907473,0
STPZ.US,D,20190123,000000,48.1789,48.2136,48.175,48.2136,43872.168941623,0
STPZ.US,D,20190124,000000,48.2235,48.2523,48.2235,48.2335,22367.23208173,0
STPZ.US,D,20190125,000000,48.2037,48.2235,48.1839,48.1938,69303.322525034,0
STPZ.US,D,20190128,000000,48.1561,48.1839,48.1482,48.166,104190.47610837,0
STPZ.US,D,20190129,000000,48.1839,48.2424,48.1839,48.2424,51671.150170229,0
STPZ.US,D,20190130,000000,48.2335,48.402,48.2335,48.3842,39556.65870275,0
STPZ.US,D,20190131,000000,48.4129,48.4794,48.4129,48.4794,181137.46586884,0
STPZ.US,D,20190201,000000,48.4595,48.4794,48.403,48.4318,36807.399317107,0
STPZ.US,D,20190204,000000,48.3485,48.3931,48.3485,48.3485,30442.551194292,0
STPZ.US,D,20190205,000000,48.3485,48.3842,48.3485,48.3673,46380.389078122,0
STPZ.US,D,20190206,000000,48.3842,48.4129,48.3673,48.3842,32981.027303486,0
STPZ.US,D,20190207,000000,48.3762,48.4318,48.3673,48.3762,85432.781569272,0
STPZ.US,D,20190208,000000,48.403,48.4318,48.403,48.403,22376.308873538,0
STPZ.US,D,20190211,000000,48.3584,48.3802,48.3435,48.3485,28879.325938332,0
STPZ.US,D,20190212,000000,48.3673,48.398,48.3673,48.3762,25301.052900818,0
STPZ.US,D,20190213,000000,48.3762,48.4218,48.3762,48.3762,20316.885665364,0
STPZ.US,D,20190214,000000,48.4407,48.4694,48.4318,48.4407,29405.779863242,0
STPZ.US,D,20190215,000000,48.4595,48.4853,48.4506,48.4595,48679.843003018,0
STPZ.US,D,20190219,000000,48.4595,48.5101,48.4595,48.5071,18300.829351387,0
STPZ.US,D,20190220,000000,48.5071,48.5388,48.4972,48.4972,22902.762798449,0
STPZ.US,D,20190221,000000,48.5071,48.5111,48.4506,48.4873,29492.513651638,0
STPZ.US,D,20190222,000000,48.5071,48.5835,48.5071,48.5646,50974.254265798,0
STPZ.US,D,20190225,000000,48.5071,48.5646,48.4972,48.4972,36827.569965571,0
STPZ.US,D,20190226,000000,48.5458,48.5854,48.5359,48.5458,33541.771330786,0
STPZ.US,D,20190227,000000,48.5458,48.5646,48.516,48.5646,50252.145050786,0
STPZ.US,D,20190228,000000,48.5359,48.5359,48.4794,48.516,17260.023890645,0
STPZ.US,D,20190301,000000,48.4694,48.516,48.4318,48.4318,24379.254266014,0
STPZ.US,D,20190304,000000,48.4407,48.5071,48.4407,48.4595,17953.894197806,0
STPZ.US,D,20190305,000000,48.4318,48.4873,48.4318,48.4318,109003.19283188,0
STPZ.US,D,20190306,000000,48.4506,48.516,48.4506,48.4972,22106.022184121,0
STPZ.US,D,20190307,000000,48.526,48.6023,48.526,48.5934,69678.496586465,0
STPZ.US,D,20190308,000000,48.5458,48.6221,48.5458,48.5934,163873.4078485,0
STPZ.US,D,20190311,000000,48.5934,48.64,48.5934,48.64,76036.284982318,0
STPZ.US,D,20190312,000000,48.6023,48.6677,48.6023,48.6677,24223.940272841,0
STPZ.US,D,20190313,000000,48.6479,48.7054,48.6479,48.7054,25956.598975898,0
STPZ.US,D,20190314,000000,48.6876,48.7342,48.6876,48.7153,13919.764505006,0
STPZ.US,D,20190315,000000,48.6965,48.7639,48.6965,48.7639,28951.940272802,0
STPZ.US,D,20190318,000000,48.7253,48.7828,48.7253,48.7441,35695.996586741,0
STPZ.US,D,20190319,000000,48.7342,48.7639,48.7342,48.7441,30952.868600431,0
STPZ.US,D,20190320,000000,48.7153,48.9236,48.7153,48.9146,35426.718429746,0
STPZ.US,D,20190321,000000,48.876,48.9146,48.8581,48.8581,55665.947098524,0
STPZ.US,D,20190322,000000,48.9146,48.9335,48.876,48.9146,30741.076791559,0
STPZ.US,D,20190325,000000,48.9047,49.0197,48.9047,48.9632,59123.196245254,0
STPZ.US,D,20190326,000000,48.9146,48.9731,48.9146,48.9236,24836.119453723,0
STPZ.US,D,20190327,000000,48.9236,48.9583,48.9146,48.9236,59315.825938085,0
STPZ.US,D,20190328,000000,48.8383,48.8859,48.8363,48.868,32629.04948779,0
STPZ.US,D,20190329,000000,48.9146,48.9236,48.8859,48.8859,26872.346416164,0
STPZ.US,D,20190401,000000,48.9335,48.9335,48.868,48.8958,40655.959044038,0
STPZ.US,D,20190402,000000,48.8958,48.9146,48.876,48.9146,56479.832764046,0
STPZ.US,D,20190403,000000,48.876,48.9047,48.8383,48.8383,136789.26962346,0
STPZ.US,D,20190404,000000,48.867,48.8958,48.8482,48.8859,80339.692832112,0
STPZ.US,D,20190405,000000,48.8482,48.8859,48.8482,48.8859,34123.694538972,0
STPZ.US,D,20190408,000000,48.876,48.9047,48.8581,48.8859,40917.168941647,0
STPZ.US,D,20190409,000000,48.876,48.9236,48.8581,48.8581,21779.257679004,0
STPZ.US,D,20190410,000000,48.9335,49.0108,48.9335,49.0009,17354.825938426,0
STPZ.US,D,20190411,000000,48.9731,48.9731,48.9335,48.9335,31070.866893946,0
STPZ.US,D,20190412,000000,48.876,48.9434,48.876,48.9335,10911.312286601,0
STPZ.US,D,20190415,000000,48.9236,48.9434,48.8958,48.9434,19669.40784967,0
STPZ.US,D,20190416,000000,48.9236,48.9236,48.8869,48.8948,16156.689419664,0
STPZ.US,D,20190417,000000,48.9047,48.9236,48.868,48.9236,28939.837883724,0
STPZ.US,D,20190418,000000,48.9632,48.9741,48.9335,48.9335,54936.77815655,0
STPZ.US,D,20190422,000000,48.9731,49.0108,48.9533,48.9533,19154.047781414,0
STPZ.US,D,20190423,000000,48.9821,49.0366,48.9821,49.0009,25008.57849809,0
STPZ.US,D,20190424,000000,49.0455,49.0882,49.0435,49.0544,25192.131399113,0
STPZ.US,D,20190425,000000,49.0644,49.0941,49.0644,49.0842,34162.018771054,0
STPZ.US,D,20190426,000000,49.0941,49.1219,49.0743,49.0842,20150.477815536,0
STPZ.US,D,20190429,000000,49.0455,49.104,49.0455,49.0544,36248.672354654,0
STPZ.US,D,20190430,000000,49.0941,49.1308,49.0773,49.1129,40185.982934827,0
STPZ.US,D,20190501,000000,49.0941,49.1784,49.0455,49.0455,27375.604095341,0
STPZ.US,D,20190502,000000,48.9821,48.9821,48.9146,48.9434,26757.373719919,0
STPZ.US,D,20190503,000000,48.9632,49.0197,48.9632,49.0009,35137.269624288,0
STPZ.US,D,20190506,000000,49.0366,49.0544,49.0227,49.0544,56116.761091694,0
STPZ.US,D,20190507,000000,49.0544,49.0544,49.0197,49.0366,30405.235494634,0
STPZ.US,D,20190508,000000,49.0544,49.0544,48.9731,48.991,36856.817405844,0
STPZ.US,D,20190509,000000,48.991,49.0336,48.991,49.0197,27335.262798413,0
STPZ.US,D,20190510,000000,49.0009,49.0544,48.9821,49.0455,125225.43685905,0
STPZ.US,D,20190513,000000,49.1219,49.1764,49.104,49.1129,26092.75085303,0
STPZ.US,D,20190514,000000,49.104,49.1685,49.104,49.1685,26039.298634601,0
STPZ.US,D,20190515,000000,49.2062,49.2448,49.1883,49.1972,23489.728668751,0
STPZ.US,D,20190516,000000,49.2349,49.2448,49.1893,49.225,15268.172354825,0
STPZ.US,D,20190517,000000,49.2528,49.2537,49.1883,49.2062,35109.030716438,0
STPZ.US,D,20190520,000000,49.1586,49.1833,49.1318,49.1586,26289.414675554,0
STPZ.US,D,20190521,000000,49.1784,49.1784,49.1169,49.1496,67418.375426074,0
STPZ.US,D,20190522,000000,49.1685,49.1883,49.1219,49.1308,94665.895903668,0
STPZ.US,D,20190523,000000,49.1318,49.1883,49.1318,49.1675,24113.001706289,0
STPZ.US,D,20190524,000000,49.2002,49.2002,49.1496,49.1972,21586.627986173,0
STPZ.US,D,20190528,000000,49.1972,49.225,49.1586,49.1784,1336615.0801939,0
STPZ.US,D,20190529,000000,49.1972,49.2637,49.1972,49.1972,125998.98122765,0
STPZ.US,D,20190530,000000,49.2161,49.2924,49.2161,49.2637,18587.252559576,0
STPZ.US,D,20190531,000000,49.339,49.4322,49.339,49.4322,75847.689419179,0
STPZ.US,D,20190603,000000,49.4421,49.5413,49.4421,49.5284,32340.609214754,0
STPZ.US,D,20190604,000000,49.4421,49.5175,49.4322,49.5135,24435.732081713,0
STPZ.US,D,20190605,000000,49.577,49.6335,49.5096,49.5284,25207.259385461,0
STPZ.US,D,20190606,000000,49.5324,49.5671,49.5056,49.5195,18459.16894183,0
STPZ.US,D,20190607,000000,49.5968,49.6335,49.5671,49.6057,22076.774743848,0
STPZ.US,D,20190610,000000,49.5572,49.577,49.4996,49.4996,15952.965870178,0
STPZ.US,D,20190611,000000,49.462,49.4917,49.462,49.4907,76926.819112003,0
STPZ.US,D,20190612,000000,49.5096,49.5284,49.4521,49.459,22046.518771152,0
STPZ.US,D,20190613,000000,49.5472,49.5472,49.4996,49.5373,29720.441979281,0
STPZ.US,D,20190614,000000,49.4996,49.5155,49.4322,49.4521,15171.353242198,0
STPZ.US,D,20190617,000000,49.4055,49.4521,49.4055,49.4055,29199.030716486,0
STPZ.US,D,20190618,000000,49.5284,49.5671,49.4778,49.4996,45715.766211233,0
STPZ.US,D,20190619,000000,49.4421,49.6613,49.4421,49.6514,39035.247439956,0
STPZ.US,D,20190620,000000,49.7733,49.8318,49.7545,49.7545,42876.747439925,0
STPZ.US,D,20190621,000000,49.7446,49.7634,49.697,49.697,18519.680887222,0
STPZ.US,D,20190624,000000,49.7356,49.7634,49.7267,49.7267,19707.732081751,0
STPZ.US,D,20190625,000000,49.7545,49.7832,49.688,49.688,52495.121159983,0
STPZ.US,D,20190626,000000,49.688,49.7267,49.6781,49.6781,19202.457337728,0
STPZ.US,D,20190627,000000,49.6781,49.7446,49.6781,49.7237,11150.334470899,0
STPZ.US,D,20190628,000000,49.7168,49.7634,49.7168,49.7446,35076.757678896,0
STPZ.US,D,20190701,000000,49.7832,49.7852,49.697,49.7356,134624.95904328,0
STPZ.US,D,20190702,000000,49.697,49.7446,49.697,49.7356,14252.580204662,0
STPZ.US,D,20190703,000000,49.7545,49.8031,49.7446,49.7545,185576.01706334,0
STPZ.US,D,20190705,000000,49.6692,49.688,49.6236,49.688,33840.296928053,0
STPZ.US,D,20190708,000000,49.7069,49.7069,49.6365,49.6514,18083.994880399,0
STPZ.US,D,20190709,000000,49.6414,49.6761,49.6335,49.6514,25180.029010034,0
STPZ.US,D,20190710,000000,49.7356,49.7931,49.7168,49.7733,29864.662115798,0
STPZ.US,D,20190711,000000,49.813,49.8467,49.7634,49.7733,43932.680887015,0
STPZ.US,D,20190712,000000,49.7733,49.8209,49.7545,49.7991,23254.740614146,0
STPZ.US,D,20190715,000000,49.813,49.8219,49.7832,49.8031,29364.430033891,0
STPZ.US,D,20190716,000000,49.7832,49.813,49.7693,49.7931,7896.808873656,0
STPZ.US,D,20190717,000000,49.7832,49.8318,49.7832,49.8219,21928.520477638,0
STPZ.US,D,20190718,000000,49.805,49.8982,49.7872,49.8982,16007.42662103,0
STPZ.US,D,20190719,000000,49.8497,49.8526,49.813,49.813,10841.7235494,0
STPZ.US,D,20190722,000000,49.8318,49.8437,49.813,49.813,60856.863480734,0
STPZ.US,D,20190723,000000,49.8031,49.8407,49.8031,49.8407,14613.634812168,0
STPZ.US,D,20190724,000000,49.8407,49.8596,49.8031,49.8169,22290.583617566,0
STPZ.US,D,20190725,000000,49.813,49.813,49.7733,49.7832,17826.819112483,0
STPZ.US,D,20190726,000000,49.7366,49.7634,49.7267,49.7356,6986.1040955064,0
STPZ.US,D,20190729,000000,49.7545,49.7822,49.7446,49.7446,13479.035836068,0
STPZ.US,D,20190730,000000,49.7634,49.7832,49.7545,49.7832,9452.9744026536,0
STPZ.US,D,20190731,000000,49.813,49.8318,49.687,49.7356,14655.993173942,0
STPZ.US,D,20190801,000000,49.7267,49.8794,49.697,49.8497,23471.575085134,0
STPZ.US,D,20190802,000000,49.8497,49.8735,49.8031,49.8497,29329.131399079,0
STPZ.US,D,20190805,000000,49.8596,49.9657,49.8497,49.927,43911.501706128,0
STPZ.US,D,20190806,000000,49.9359,49.9518,49.9042,49.9359,20173.67406127,0
STPZ.US,D,20190807,000000,50.0212,50.0301,49.8982,49.9558,23614.786689228,0
STPZ.US,D,20190808,000000,49.924,50.0043,49.9121,49.9805,23987.943685812,0
STPZ.US,D,20190809,000000,50.0212,50.0212,49.9468,49.9558,20981.508532253,0
STPZ.US,D,20190812,000000,50.0014,50.0212,49.9756,49.9905,23635.965870115,0
STPZ.US,D,20190813,000000,49.9508,49.9805,49.933,49.9359,17209.597269485,0
STPZ.US,D,20190814,000000,49.9686,49.9855,49.927,49.9558,14766.931740494,0
STPZ.US,D,20190815,000000,49.9558,50.0579,49.9458,50.0579,67538.390784434,0
STPZ.US,D,20190816,000000,49.9855,50.049,49.9855,50.0301,52341.824231657,0
STPZ.US,D,20190819,000000,49.9558,50.0123,49.9558,49.9657,18127.361774597,0
STPZ.US,D,20190820,000000,50.0043,50.0331,49.9855,49.9855,11315.733788304,0
STPZ.US,D,20190821,000000,49.9855,50.0123,49.9458,49.9458,19394.078498136,0
STPZ.US,D,20190822,000000,49.9657,49.9657,49.8883,49.9121,8859.957337812,0
STPZ.US,D,20190823,000000,49.9171,50.049,49.9171,49.9954,12454.366894097,0
STPZ.US,D,20190826,000000,50.047,50.0579,49.9726,49.9756,17314.484641498,0
STPZ.US,D,20190827,000000,49.9855,50.0579,49.9855,50.0529,15406.341296803,0
STPZ.US,D,20190828,000000,50.0876,50.1174,50.0777,50.0777,17585.779863338,0
STPZ.US,D,20190829,000000,50.0777,50.1075,50.04,50.0975,10972.832764416,0
STPZ.US,D,20190830,000000,50.0678,50.0866,50.0212,50.0301,19300.284982778,0
STPZ.US,D,20190903,000000,49.9855,50.049,49.9855,49.9855,15640.320818986,0
STPZ.US,D,20190904,000000,50.0678,50.1174,50.0549,50.0876,62424.122866387,0
STPZ.US,D,20190905,000000,50.0043,50.0212,49.9954,50.0123,69497.969282712,0
STPZ.US,D,20190906,000000,49.9756,50.049,49.9756,50.049,42336.17406109,0
STPZ.US,D,20190909,000000,50.0083,50.0083,49.9567,49.9756,32406.163822262,0
STPZ.US,D,20190910,000000,49.9657,49.9934,49.8497,49.8695,91769.390784238,0
STPZ.US,D,20190911,000000,49.9359,49.9359,49.8497,49.8497,19494.931740456,0
STPZ.US,D,20190912,000000,49.9072,49.9072,49.8031,49.8219,25687.320818904,0
STPZ.US,D,20190913,000000,49.8031,49.8318,49.7069,49.7069,20510.523890618,0
STPZ.US,D,20190916,000000,49.8735,49.9131,49.8685,49.8883,19080.424914521,0
STPZ.US,D,20190917,000000,49.8675,49.9072,49.8447,49.8695,28193.523890556,0
STPZ.US,D,20190918,000000,49.9072,49.9171,49.7545,49.7852,22370.257678999,0
STPZ.US,D,20190919,000000,49.8497,49.8497,49.813,49.813,22532.631399134,0
STPZ.US,D,20190920,000000,49.8536,49.927,49.8407,49.8883,20591.206484474,0
STPZ.US,D,20190923,000000,49.927,49.9905,49.927,49.9657,12234.506825839,0
STPZ.US,D,20190924,000000,49.9458,50.0043,49.9458,49.9855,27537.977815476,0
STPZ.US,D,20190925,000000,49.927,49.929,49.8596,49.9072,21122.703071501,0
STPZ.US,D,20190926,000000,49.927,49.927,49.8784,49.8784,71405.104094983,0
STPZ.US,D,20190927,000000,49.8784,49.9171,49.8784,49.9072,35778.696245443,0
STPZ.US,D,20190930,000000,49.8784,49.8883,49.8219,49.8883,18444.040955482,0
STPZ.US,D,20191001,000000,49.813,49.933,49.813,49.927,18757.694539097,0
STPZ.US,D,20191002,000000,49.9657,50.0043,49.9508,49.9756,27232.392491246,0
STPZ.US,D,20191003,000000,50.0212,50.1273,50.0212,50.0648,13144.203071566,0
STPZ.US,D,20191004,000000,50.0688,50.1045,50.0658,50.0787,23840.697952025,0
STPZ.US,D,20191007,000000,50.0787,50.0787,50.0043,50.0301,19547.375426462,0
STPZ.US,D,20191008,000000,50.0212,50.04,49.9845,50.0043,16281.747440141,0
STPZ.US,D,20191009,000000,50.0301,50.0301,49.9429,49.9558,15511.228668816,0
STPZ.US,D,20191010,000000,49.9627,49.9657,49.923,49.931,18545.902730225,0
STPZ.US,D,20191011,000000,49.8695,49.9458,49.8675,49.8695,26130.066552689,0
STPZ.US,D,20191014,000000,49.8883,49.9855,49.7931,49.8031,19267.003412813,0
STPZ.US,D,20191015,000000,49.8536,49.8665,49.813,49.8407,16839.46587017,0
STPZ.US,D,20191016,000000,49.8407,49.9558,49.8407,49.927,26747.288395687,0
STPZ.US,D,20191017,000000,49.9359,49.9865,49.9072,49.9766,10550.257679095,0
STPZ.US,D,20191018,000000,49.9954,50.0083,49.9855,49.9994,18752.651876981,0
STPZ.US,D,20191021,000000,49.9756,49.9786,49.927,49.927,12315.189419695,0
STPZ.US,D,20191022,000000,49.9954,49.9954,49.9458,49.9954,20272.510238743,0
STPZ.US,D,20191023,000000,49.9855,50.0162,49.9855,49.9984,22175.610921322,0
STPZ.US,D,20191024,000000,50.0123,50.0589,50.0043,50.0043,43313.44197917,0
STPZ.US,D,20191025,000000,50.0123,50.0212,49.9855,50.0043,47920.418088348,0
STPZ.US,D,20191028,000000,49.9855,49.9855,49.927,49.9409,32565.511945128,0
STPZ.US,D,20191029,000000,49.9171,49.9389,49.8784,49.8784,22483.213310398,0
STPZ.US,D,20191030,000000,49.8883,49.9369,49.8784,49.9072,22151.406143165,0
STPZ.US,D,20191031,000000,49.9855,50.04,49.9756,49.9756,28316.564846186,0
STPZ.US,D,20191101,000000,49.9855,50.045,49.9855,50.0301,41741.139931402,0
STPZ.US,D,20191104,000000,50.05,50.0688,50.05,50.0599,42205.064846074,0
STPZ.US,D,20191105,000000,50.0589,50.0589,50.0043,50.0212,39956.037542338,0
STPZ.US,D,20191106,000000,50.0589,50.0787,50.0361,50.0638,14603.549487936,0
STPZ.US,D,20191107,000000,50.04,50.0539,49.9508,49.9954,17741.093856511,0
STPZ.US,D,20191108,000000,49.9359,50.0123,49.9359,49.9756,14606.575085206,0
STPZ.US,D,20191111,000000,49.9696,50.0589,49.9072,50.0123,62100.38395854,0
STPZ.US,D,20191112,000000,49.9954,50.0123,49.9756,49.9756,95149.991466804,0
STPZ.US,D,20191113,000000,50.0043,50.0301,50.0034,50.0133,11997.501706387,0
STPZ.US,D,20191114,000000,50.04,50.0589,50.0301,50.0301,15816.813993046,0
STPZ.US,D,20191115,000000,50.0172,50.05,50.0043,50.0093,33107.093856386,0
STPZ.US,D,20191118,000000,50.048,50.0688,50.04,50.04,15107.815699536,0
STPZ.US,D,20191119,000000,50.0589,50.0589,50.04,50.0589,18241.325938418,0
STPZ.US,D,20191120,000000,50.0688,50.1085,50.0688,50.0985,19926.583617586,0
STPZ.US,D,20191121,000000,50.0886,50.1085,50.0688,50.0886,16260.568259254,0
STPZ.US,D,20191122,000000,50.0787,50.0787,50.05,50.05,42787.996586683,0
STPZ.US,D,20191125,000000,50.0688,50.0985,50.0589,50.0787,28304.462457108,0
STPZ.US,D,20191126,000000,50.0787,50.1382,50.0787,50.0985,20344.11604079,0
STPZ.US,D,20191127,000000,50.0817,50.0886,50.0589,50.0589,27368.544368378,0
STPZ.US,D,20191129,000000,50.0688,50.0688,50.0123,50.0252,4901.467576752,0
STPZ.US,D,20191202,000000,50.0043,50.04,49.9895,50.0301,17906.493173916,0
STPZ.US,D,20191203,000000,50.1085,50.1769,50.1085,50.1471,12769.029010135,0
STPZ.US,D,20191204,000000,50.157,50.162,50.1283,50.1491,30497.011945145,0
STPZ.US,D,20191205,000000,50.1382,50.1481,50.1184,50.1283,18626.585324081,0
STPZ.US,D,20191206,000000,50.0886,50.167,50.0886,50.167,64477.494880022,0
STPZ.US,D,20191209,000000,50.167,50.1878,50.1471,50.1471,16753.740614198,0
STPZ.US,D,20191210,000000,50.157,50.166,50.1382,50.1471,14005.489760978,0
STPZ.US,D,20191211,000000,50.2235,50.2522,50.167,50.2522,20474.216723383,0
STPZ.US,D,20191212,000000,50.2711,50.2711,50.157,50.157,42715.382252213,0
STPZ.US,D,20191213,000000,50.2374,50.281,50.1878,50.281,43102.658702722,0
STPZ.US,D,20191216,000000,50.2334,50.2711,50.2284,50.2334,38854.720136203,0
STPZ.US,D,20191217,000000,50.2612,50.2849,50.2334,50.281,17545.43856641,0
STPZ.US,D,20191218,000000,50.2612,50.3087,50.2612,50.2711,10679.349829265,0
STPZ.US,D,20191219,000000,50.2899,50.3524,50.28,50.3494,19581.665528851,0
STPZ.US,D,20191220,000000,50.3197,50.3395,50.2998,50.3097,31823.232081653,0
STPZ.US,D,20191223,000000,50.3097,50.3097,50.2522,50.2522,49327.320818712,0
STPZ.US,D,20191224,000000,50.2621,50.3097,50.2621,50.2998,17467.781569824,0
STPZ.US,D,20191226,000000,50.2998,50.3583,50.2998,50.3583,27855.665528784,0
STPZ.US,D,20191227,000000,50.3514,50.3871,50.3474,50.3583,41742.148463825,0
STPZ.US,D,20191230,000000,50.3672,50.4158,50.3672,50.4158,39821.902730052,0
STPZ.US,D,20191231,000000,50.3583,50.7034,50.3583,50.3871,55433.984641188,0
STPZ.US,D,20200102,000000,50.5011,50.5209,50.4823,50.5209,32536.264504855,0
STPZ.US,D,20200103,000000,50.5884,50.628,50.5784,50.6181,79134.496586388,0
STPZ.US,D,20200106,000000,50.628,50.628,50.5398,50.5685,48434.76962418,0
STPZ.US,D,20200107,000000,50.5398,50.5398,50.5051,50.516,51360.522183883,0
STPZ.US,D,20200108,000000,50.5011,50.5209,50.4158,50.4674,36332.38054578,0
STPZ.US,D,20200109,000000,50.4079,50.4624,50.4029,50.4446,50495.201364778,0
STPZ.US,D,20200110,000000,50.4723,50.4912,50.4446,50.4753,58804.499999522,0
STPZ.US,D,20200113,000000,50.4912,50.5209,50.4535,50.5209,76308.588736582,0
STPZ.US,D,20200114,000000,50.4634,50.511,50.4634,50.5061,24073.668941784,0
STPZ.US,D,20200115,000000,50.511,50.5398,50.4912,50.516,33076.83788369,0
STPZ.US,D,20200116,000000,50.4912,50.5209,50.4912,50.5061,21264.906143172,0
STPZ.US,D,20200117,000000,50.4823,50.511,50.4723,50.4723,39205.689419477,0
STPZ.US,D,20200121,000000,50.4912,50.5497,50.4912,50.5299,37975.279863173,0
STPZ.US,D,20200122,000000,50.5398,50.5398,50.4823,50.4912,38932.37713279,0
STPZ.US,D,20200123,000000,50.511,50.5209,50.4723,50.4823,98371.244026505,0
STPZ.US,D,20200124,000000,50.4723,50.5011,50.4535,50.4723,43052.232081562,0
STPZ.US,D,20200127,000000,50.4723,50.511,50.4634,50.511,509795.99487641,0
STPZ.US,D,20200128,000000,50.4823,50.5209,50.4723,50.4723,86700.506825234,0
STPZ.US,D,20200129,000000,50.515,50.5824,50.4922,50.5735,38725.627986034,0
STPZ.US,D,20200130,000000,50.5884,50.6082,50.5497,50.5685,16938.302047644,0
STPZ.US,D,20200131,000000,50.6181,50.6945,50.6181,50.6945,7547.8566552288,0
STPZ.US,D,20200203,000000,50.6082,50.6082,50.5586,50.5933,27602.523890561,0
STPZ.US,D,20200204,000000,50.5398,50.5497,50.4892,50.4912,18954.358361621,0
STPZ.US,D,20200205,000000,50.4723,50.5279,50.4723,50.4823,11738.308873625,0
STPZ.US,D,20200206,000000,50.4823,50.5299,50.4823,50.5299,30932.697951967,0
STPZ.US,D,20200207,000000,50.5299,50.6082,50.5299,50.5884,14592.455631281,0
STPZ.US,D,20200210,000000,50.6181,50.6578,50.5983,50.6578,81702.220135855,0
STPZ.US,D,20200211,000000,50.6082,50.6181,50.5784,50.5784,45041.058020112,0
STPZ.US,D,20200212,000000,50.5784,50.6082,50.5715,50.5983,25423.085324026,0
STPZ.US,D,20200213,000000,50.6578,50.6627,50.6181,50.6379,13804.791808762,0
STPZ.US,D,20200214,000000,50.628,50.6677,50.628,50.6379,16983.686006688,0
STPZ.US,D,20200218,000000,50.6479,50.6865,50.6479,50.6578,14569.259385547,0
STPZ.US,D,20200219,000000,50.6677,50.6776,50.6479,50.6617,9166.5511944648,0
STPZ.US,D,20200220,000000,50.6677,50.7321,50.6677,50.7321,14233.418088622,0
STPZ.US,D,20200221,000000,50.6865,50.7708,50.6865,50.752,27241.469283055,0
STPZ.US,D,20200224,000000,50.7996,50.8581,50.7867,50.8581,24027.276450317,0
STPZ.US,D,20200225,000000,50.8382,50.8779,50.8095,50.8095,21538.218429859,0
STPZ.US,D,20200226,000000,50.7787,50.8462,50.7668,50.8194,17629.146757536,0
STPZ.US,D,20200227,000000,50.8581,50.8858,50.8194,50.868,172393.48975969,0
STPZ.US,D,20200228,000000,50.9255,51.0028,50.8581,50.9156,84264.901023206,0
STPZ.US,D,20200302,000000,50.9156,50.983,50.8481,50.8581,71524.110920921,0
STPZ.US,D,20200303,000000,50.9057,51.2914,50.9057,51.1664,31866.59897585,0
STPZ.US,D,20200304,000000,51.2239,51.2497,51.1436,51.1734,12014.646757582,0
STPZ.US,D,20200305,000000,51.2517,51.2715,51.1664,51.1664,49839.655289698,0
STPZ.US,D,20200306,000000,51.1952,51.1991,51.0365,51.0415,116615.59556219,0
STPZ.US,D,20200309,000000,50.7034,50.7896,50.281,50.4912,117580.7610912,0
STPZ.US,D,20200310,000000,50.5011,50.5497,49.8001,49.9151,94315.935152818,0
STPZ.US,D,20200311,000000,50.2126,50.2126,48.756,49.3757,125333.34982833,0
STPZ.US,D,20200312,000000,49.0574,50.2423,47.2508,48.7709,206483.9027287,0
STPZ.US,D,20200313,000000,48.867,49.6454,48.8076,49.3658,61236.071671858,0
STPZ.US,D,20200316,000000,48.5388,49.3955,48.1918,48.4427,136121.6211593,0
STPZ.US,D,20200317,000000,48.5091,49.2676,48.1155,48.1155,128363.98976005,0
STPZ.US,D,20200318,000000,48.0689,48.5537,47.6841,47.7119,106335.62457252,0
STPZ.US,D,20200319,000000,47.5959,48.7025,47.5959,48.4139,113852.21672262,0
STPZ.US,D,20200320,000000,47.9528,49.2805,47.9528,49.2805,169343.68771194,0
STPZ.US,D,20200323,000000,49.2904,49.925,48.4833,49.453,127685.24743924,0
STPZ.US,D,20200324,000000,49.2904,49.9151,49.1169,49.5006,86840.692832059,0
STPZ.US,D,20200325,000000,49.6077,50.0291,49.5106,49.9151,53724.522183864,0
STPZ.US,D,20200326,000000,50.0291,50.4912,49.8863,50.039,63223.889077985,0
STPZ.US,D,20200327,000000,50.2522,50.3831,49.6742,50.039,402952.0699626,0
STPZ.US,D,20200330,000000,50.1372,50.2988,49.7902,49.8477,190167.86518617,0
STPZ.US,D,20200331,000000,49.925,50.044,49.7218,49.7505,47918.401023502,0
STPZ.US,D,20200401,000000,50.1253,50.1253,49.8477,49.8477,64919.232081384,0
STPZ.US,D,20200402,000000,50.0787,50.4168,49.9845,50.3415,173288.05801907,0
STPZ.US,D,20200403,000000,50.5814,50.6409,50.4535,50.514,132447.53754159,0
STPZ.US,D,20200406,000000,50.745,50.745,50.5239,50.5328,30672.496586782,0
STPZ.US,D,20200407,000000,50.5814,50.75,50.4842,50.5427,104825.85153498,0
STPZ.US,D,20200408,000000,50.6211,50.7539,50.3791,50.5616,352944.99829065,0
STPZ.US,D,20200409,000000,50.6974,50.8521,50.4267,50.8323,44468.211603734,0
STPZ.US,D,20200413,000000,50.7351,50.8809,50.7351,50.7847,78642.332763866,0
STPZ.US,D,20200414,000000,50.8045,50.9195,50.7847,50.8134,73079.267917495,0
STPZ.US,D,20200415,000000,50.7649,50.862,50.7549,50.7549,32855.96928301,0
STPZ.US,D,20200416,000000,50.7936,50.7936,50.4743,50.5715,93399.179180129,0
STPZ.US,D,20200417,000000,50.5041,50.5814,50.4367,50.4882,34949.682593573,0
STPZ.US,D,20200420,000000,50.3315,50.4466,50.2671,50.273,46959.286689038,0
STPZ.US,D,20200421,000000,50.282,50.3891,50.282,50.2919,111566.88225165,0
STPZ.US,D,20200422,000000,50.399,50.5616,50.3593,50.4654,45248.815699291,0
STPZ.US,D,20200423,000000,50.512,50.6112,50.4466,50.4466,27225.332764284,0
STPZ.US,D,20200424,000000,50.4704,50.6042,50.4555,50.5616,66873.767917546,0
STPZ.US,D,20200427,000000,50.5527,50.6538,50.5041,50.5715,27578.319112404,0
STPZ.US,D,20200428,000000,50.6796,50.7549,50.631,50.6707,33743.477815426,0
STPZ.US,D,20200429,000000,50.7064,50.7847,50.6895,50.6895,38270.77986317,0
STPZ.US,D,20200430,000000,50.7401,50.7629,50.6211,50.6211,24972.271330855,0
STPZ.US,D,20200501,000000,50.4267,50.4842,50.3593,50.4267,96969.383958257,0
STPZ.US,D,20200504,000000,50.4942,50.5616,50.4555,50.4803,32576.605801783,0
STPZ.US,D,20200505,000000,50.4555,50.5913,50.4555,50.4942,43302.348122515,0
STPZ.US,D,20200506,000000,50.5715,50.5913,50.4942,50.5427,17006.882252422,0
STPZ.US,D,20200507,000000,50.631,50.7133,50.5527,50.6895,35969.308873428,0
STPZ.US,D,20200508,000000,50.6766,50.7252,50.6607,50.7153,25128.593856451,0
STPZ.US,D,20200511,000000,50.6796,50.7153,50.6112,50.631,17665.453924771,0
STPZ.US,D,20200512,000000,50.6012,50.6796,50.5913,50.6607,27976.689419568,0
STPZ.US,D,20200513,000000,50.6895,50.6895,50.4942,50.6508,32342.626279601,0
STPZ.US,D,20200514,000000,50.627,50.6796,50.6012,50.631,18048.696245587,0
STPZ.US,D,20200515,000000,50.6974,50.7153,50.631,50.6607,26864.278156778,0
STPZ.US,D,20200518,000000,50.7252,50.8134,50.7153,50.7847,36268.843003118,0
STPZ.US,D,20200519,000000,50.745,50.8521,50.745,50.8234,16226.278156865,0
STPZ.US,D,20200520,000000,50.7748,50.8898,50.7748,50.8422,178115.90272893,0
STPZ.US,D,20200521,000000,50.8809,50.9047,50.8134,50.8472,60776.180886878,0
STPZ.US,D,20200522,000000,50.8134,50.9394,50.7252,50.8719,25404.931740408,0
STPZ.US,D,20200526,000000,50.9195,50.9195,50.8323,50.8323,45843.849828979,0
STPZ.US,D,20200527,000000,50.7847,50.9096,50.7847,50.8422,38744.790102074,0
STPZ.US,D,20200528,000000,50.8422,50.9513,50.8422,50.9195,53451.209897177,0
STPZ.US,D,20200529,000000,50.9969,51.0375,50.9195,50.9532,62817.450511435,0
STPZ.US,D,20200601,000000,50.9592,51.0415,50.9592,50.9671,33155.5034127,0
STPZ.US,D,20200602,000000,50.977,51.0544,50.9592,50.9592,30094.607508288,0
STPZ.US,D,20200603,000000,51.0068,51.0068,50.9096,51.0068,62742.819112118,0
STPZ.US,D,20200604,000000,51.0058,51.0058,50.9294,50.977,37385.288395601,0
STPZ.US,D,20200605,000000,51.0355,51.0355,50.9671,51.0167,21804.470989584,0
STPZ.US,D,20200608,000000,51.1119,51.1416,51.0544,51.1416,34398.015358082,0
STPZ.US,D,20200609,000000,51.1416,51.2378,51.1416,51.1902,136938.5324221,0
STPZ.US,D,20200610,000000,51.2101,51.3637,51.2001,51.3152,21073.284982764,0
STPZ.US,D,20200611,000000,51.2467,51.3152,51.1803,51.2011,35626.40784954,0
STPZ.US,D,20200612,000000,51.1902,51.2418,51.1615,51.1644,35938.044368309,0
STPZ.US,D,20200615,000000,51.1516,51.2279,51.1516,51.1902,27511.755972473,0
STPZ.US,D,20200616,000000,51.2567,51.2963,51.2101,51.2864,53767.889078062,0
STPZ.US,D,20200617,000000,51.2388,51.2567,51.1803,51.2279,49571.385665126,0
STPZ.US,D,20200618,000000,51.22,51.2765,51.1902,51.2666,26176.459044156,0
STPZ.US,D,20200619,000000,51.3152,51.3429,51.2864,51.3112,18627.593856504,0
STPZ.US,D,20200622,000000,51.335,51.3717,51.3082,51.335,21243.726962285,0
STPZ.US,D,20200623,000000,51.4213,51.4312,51.3737,51.3984,33426.798634541,0
STPZ.US,D,20200624,000000,51.3449,51.3647,51.2963,51.335,24518.431740415,0
STPZ.US,D,20200625,000000,51.2666,51.335,51.2666,51.3152,98318.800340498,0
STPZ.US,D,20200626,000000,51.3251,51.334,51.2864,51.2864,10984.935153494,0
STPZ.US,D,20200629,000000,51.3449,51.4014,51.3251,51.4014,8751.0358361064,0
STPZ.US,D,20200630,000000,51.4113,51.4213,51.3152,51.3449,149259.77303633,0
STPZ.US,D,20200701,000000,51.3251,51.3826,51.3152,51.335,20186.784982771,0
STPZ.US,D,20200702,000000,51.335,51.4312,51.335,51.4312,334137.88566282,0
STPZ.US,D,20200706,000000,51.451,51.5164,51.4113,51.4807,13849.167235382,0
STPZ.US,D,20200707,000000,51.5095,51.5095,51.4341,51.451,16499.590443552,0
STPZ.US,D,20200708,000000,51.4213,51.4807,51.4213,51.4312,38458.366893886,0
STPZ.US,D,20200709,000000,51.4708,51.4708,51.4014,51.4014,31481.339590188,0
STPZ.US,D,20200710,000000,51.451,51.4609,51.4213,51.4609,15193.540955508,0
STPZ.US,D,20200713,000000,51.4411,51.4897,51.4262,51.4708,19932.634812125,0
STPZ.US,D,20200714,000000,51.4996,51.5472,51.4807,51.5095,335554.87371741,0
STPZ.US,D,20200715,000000,51.4897,51.5472,51.4897,51.5273,59458.029009756,0
STPZ.US,D,20200716,000000,51.5125,51.5561,51.4897,51.5561,19363.82252544,0
STPZ.US,D,20200717,000000,51.5293,51.5948,51.5293,51.5749,24354.040955434,0
STPZ.US,D,20200720,000000,51.6146,51.6533,51.5948,51.6146,12090.286689322,0
STPZ.US,D,20200721,000000,51.6632,51.7118,51.6443,51.7068,165372.08702937,0
STPZ.US,D,20200722,000000,51.7019,51.7395,51.6919,51.6919,30208.57167211,0
STPZ.US,D,20200723,000000,51.6731,51.7118,51.6443,51.6443,38556.194538936,0
STPZ.US,D,20200724,000000,51.6245,51.6632,51.6047,51.6295,61908.762798132,0
STPZ.US,D,20200727,000000,51.6344,51.6533,51.5849,51.5849,15115.883958922,0
STPZ.US,D,20200728,000000,51.5849,51.6632,51.5849,51.6632,17286.245733648,0
STPZ.US,D,20200729,000000,51.6344,51.7207,51.6344,51.7098,71700.604094981,0
STPZ.US,D,20200730,000000,51.7019,51.7306,51.6632,51.7207,212776.13651704,0
STPZ.US,D,20200731,000000,51.7306,51.797,51.7118,51.7584,32881.18259359,0
STPZ.US,D,20200803,000000,51.8317,51.8764,51.8317,51.8466,29132.467576555,0
STPZ.US,D,20200804,000000,51.8962,51.9081,51.8665,51.8764,21597.721842828,0
STPZ.US,D,20200805,000000,51.9914,52.0003,51.9567,51.9716,115499.15016971,0
STPZ.US,D,20200806,000000,52.039,52.0578,52.0003,52.0003,22017.271330879,0
STPZ.US,D,20200807,000000,52.0291,52.0291,51.9329,51.9616,28997.324231846,0
STPZ.US,D,20200810,000000,51.9616,52.0102,51.9329,51.9369,104998.31057935,0
STPZ.US,D,20200811,000000,51.9329,51.9418,51.8992,51.9329,16194.005119322,0
STPZ.US,D,20200812,000000,52.039,52.041,51.9864,52.0201,123414.11262698,0
STPZ.US,D,20200813,000000,52.0578,52.0866,52.0102,52.0102,87143.252559019,0
STPZ.US,D,20200814,000000,52.0201,52.0241,51.9815,52.0003,13427.600682485,0
STPZ.US,D,20200817,000000,52.0201,52.0489,52.0201,52.0201,29040.691126044,0
STPZ.US,D,20200818,000000,52.0201,52.1064,52.0201,52.0965,25978.786689209,0
STPZ.US,D,20200819,000000,52.1163,52.1352,52.0102,52.0102,20616.419795054,0
STPZ.US,D,20200820,000000,52.0102,52.0291,51.9716,52.0102,16045.750853112,0
STPZ.US,D,20200821,000000,52.0291,52.0777,52.0291,52.0777,31983.588736942,0
STPZ.US,D,20200824,000000,52.0965,52.1649,52.0965,52.1352,15873.291808745,0
STPZ.US,D,20200825,000000,52.1262,52.1937,52.1064,52.1748,17145.0511944,0
STPZ.US,D,20200826,000000,52.1847,52.2611,52.1847,52.2611,28140.071672126,0
STPZ.US,D,20200827,000000,52.2234,52.2611,52.1937,52.2333,59633.513651393,0
STPZ.US,D,20200828,000000,52.3474,52.3721,52.3196,52.3474,79085.078497651,0
STPZ.US,D,20200831,000000,52.3662,52.386,52.3474,52.3563,27097.249146538,0
STPZ.US,D,20200901,000000,52.1847,52.1847,52.0965,52.1163,34474.663822246,0
STPZ.US,D,20200902,000000,52.1163,52.1163,52.0489,52.0777,43192.418088386,0
STPZ.US,D,20200903,000000,52.039,52.039,51.9517,51.9815,53703.343002977,0
STPZ.US,D,20200904,000000,52.0102,52.0102,51.915,51.9616,26196.62969262,0
STPZ.US,D,20200908,000000,51.915,51.9616,51.8962,51.9616,24361.100682396,0
STPZ.US,D,20200909,000000,51.9616,52.0102,51.9438,51.9815,78722.006825299,0
STPZ.US,D,20200910,000000,51.9914,51.9914,51.9517,51.9716,43740.051194184,0
STPZ.US,D,20200911,000000,51.9616,52.0003,51.9616,51.9815,56923.587030254,0
STPZ.US,D,20200914,000000,51.9815,51.9914,51.9428,51.9914,40847.580204446,0
STPZ.US,D,20200915,000000,51.9815,52.038,51.9716,52.0003,19047.143344555,0
STPZ.US,D,20200916,000000,52.0489,52.0777,52.0291,52.0677,44321.97440237,0
STPZ.US,D,20200917,000000,52.0201,52.0866,52.0201,52.0578,37237.03412939,0
STPZ.US,D,20200918,000000,52.1064,52.1163,52.0777,52.0866,29134.484641402,0
STPZ.US,D,20200921,000000,52.039,52.0578,51.9616,51.9914,28099.730375198,0
STPZ.US,D,20200922,000000,51.9815,51.9914,51.9517,51.9914,63202.709897098,0
STPZ.US,D,20200923,000000,51.9329,51.9815,51.9329,51.9616,32937.660409289,0
STPZ.US,D,20200924,000000,51.8962,51.9319,51.8962,51.9061,68141.493173508,0
STPZ.US,D,20200925,000000,51.8962,51.9418,51.8962,51.9418,86914.315698953,0
STPZ.US,D,20200928,000000,51.9616,52.0221,51.9616,52.0003,13482.061433338,0
STPZ.US,D,20200929,000000,52.0102,52.0677,52.0102,52.0578,62573.385665021,0
STPZ.US,D,20200930,000000,52.0677,52.0866,52.0201,52.0281,76674.686006203,0
STPZ.US,D,20201001,000000,52.0003,52.0578,51.9815,52.039,9679.8941978736,0
STPZ.US,D,20201002,000000,52.0201,52.0231,51.9616,52.0082,89191.581910538,0
STPZ.US,D,20201005,000000,52.034,52.0489,52.0003,52.0102,23645.042661924,0
STPZ.US,D,20201006,000000,52.0677,52.0677,52.0102,52.0201,23333.406143155,0
STPZ.US,D,20201007,000000,52.039,52.0777,52.0172,52.0777,19755.133105642,0
STPZ.US,D,20201008,000000,52.1262,52.1461,52.0895,52.1064,11929.930034033,0
STPZ.US,D,20201009,000000,52.1362,52.153,52.1094,52.1461,69608.907849264,0
STPZ.US,D,20201012,000000,52.0777,52.2244,52.0777,52.1282,16091.134812156,0
STPZ.US,D,20201013,000000,52.0866,52.1223,52.0856,52.0866,21103.54095546,0
STPZ.US,D,20201014,000000,52.0866,52.0965,52.0291,52.0856,31939.213310321,0
STPZ.US,D,20201015,000000,52.0677,52.0866,52.0291,52.0866,19291.20819097,0
STPZ.US,D,20201016,000000,52.0965,52.1163,52.0677,52.1163,98249.211603298,0
STPZ.US,D,20201019,000000,52.0677,52.0965,52.0677,52.0717,13774.535836066,0
STPZ.US,D,20201020,000000,52.0489,52.0965,52.0489,52.0965,26269.24402709,0
STPZ.US,D,20201021,000000,52.1064,52.1064,52.0578,52.1014,49105.443685608,0
STPZ.US,D,20201022,000000,52.0578,52.1163,52.0578,52.1064,44210.027303395,0
STPZ.US,D,20201023,000000,52.0866,52.0965,52.0578,52.0777,146589.1791797,0
STPZ.US,D,20201026,000000,52.0578,52.0677,52.035,52.039,33226.100682324,0
STPZ.US,D,20201027,000000,52.0965,52.0965,52.0677,52.0777,29288.790102151,0
STPZ.US,D,20201028,000000,52.0291,52.039,52.0102,52.0201,37492.19283246,0
STPZ.US,D,20201029,000000,51.9914,51.9914,51.9339,51.9339,21111.609214846,0
STPZ.US,D,20201030,000000,51.9418,51.9418,51.8645,51.923,23848.76621141,0
STPZ.US,D,20201102,000000,51.7574,51.8159,51.7574,51.806,46408.627985971,0
STPZ.US,D,20201103,000000,51.7961,51.8258,51.7574,51.8208,39748.279863158,0
STPZ.US,D,20201104,000000,51.806,51.8308,51.7861,51.7961,22263.35324214,0
STPZ.US,D,20201105,000000,51.8456,51.8456,51.7901,51.806,27891.972696019,0
STPZ.US,D,20201106,000000,51.7673,51.7673,51.7098,51.7475,22946.129692646,0
STPZ.US,D,20201109,000000,51.7772,51.806,51.7475,51.805,22927.976109029,0
STPZ.US,D,20201110,000000,51.8337,51.8774,51.8258,51.8754,48673.791808478,0
STPZ.US,D,20201111,000000,51.9616,52.0102,51.7495,51.8357,27312.066552679,0
STPZ.US,D,20201112,000000,51.8952,51.9051,51.8605,51.8605,24753.419795021,0
STPZ.US,D,20201113,000000,51.8853,51.8853,51.8357,51.8655,17507.114334329,0
STPZ.US,D,20201116,000000,51.8555,51.9041,51.8357,51.8754,26697.87030695,0
STPZ.US,D,20201117,000000,51.8754,51.8952,51.8456,51.8744,347033.98975827,0
STPZ.US,D,20201118,000000,51.8853,51.8942,51.8555,51.8555,111004.12115951,0
STPZ.US,D,20201119,000000,51.9051,51.9051,51.8555,51.8883,47662.233788009,0
STPZ.US,D,20201120,000000,51.9002,51.914,51.8853,51.8952,27920.211603869,0
STPZ.US,D,20201123,000000,51.9329,51.9408,51.9051,51.9051,17469.79863467,0
STPZ.US,D,20201124,000000,51.9329,52.0102,51.9329,52.0003,26851.167235277,0
STPZ.US,D,20201125,000000,52.0102,52.0489,52.0102,52.0291,59534.677473919,0
STPZ.US,D,20201127,000000,52.0578,52.0578,52.039,52.0489,10531.095563054,0
STPZ.US,D,20201130,000000,52.1064,52.1064,52.0578,52.0786,23690.426620968,0
STPZ.US,D,20201201,000000,52.039,52.039,51.9616,52.0102,32591.733788131,0
STPZ.US,D,20201202,000000,51.9815,52.0677,51.9616,52.0578,195493.92491309,0
STPZ.US,D,20201203,000000,52.0866,52.1431,52.0777,52.1213,126826.98634709,0
STPZ.US,D,20201204,000000,52.1461,52.1976,52.1362,52.1857,39034.238907533,0
STPZ.US,D,20201207,000000,52.1857,52.27,52.1857,52.2541,102913.6740606,0
STPZ.US,D,20201208,000000,52.2442,52.2819,52.2442,52.2541,21975.921501528,0
STPZ.US,D,20201209,000000,52.2641,52.2789,52.2343,52.2621,24484.141638026,0
STPZ.US,D,20201210,000000,52.272,52.3117,52.269,52.277,36726.716723251,0
STPZ.US,D,20201211,000000,52.2621,52.2918,52.2621,52.2898,16139.54436847,0
STPZ.US,D,20201214,000000,52.2918,52.3295,52.272,52.3295,75127.597269014,0
STPZ.US,D,20201215,000000,52.3206,52.3781,52.3117,52.3781,29693.211603854,0
STPZ.US,D,20201216,000000,52.4078,52.4515,52.3781,52.4366,94654.802047013,0
STPZ.US,D,20201217,000000,52.4564,52.4753,52.4277,52.4564,31165.668941726,0
STPZ.US,D,20201218,000000,52.4564,52.4743,52.4366,52.4653,33252.322525327,0
STPZ.US,D,20201221,000000,52.4465,52.4564,52.4078,52.4564,45479.769624204,0
STPZ.US,D,20201222,000000,52.4753,52.4852,52.4277,52.4703,26781.578498076,0
STPZ.US,D,20201223,000000,52.4653,52.5,52.4386,52.4911,18221.155289954,0
STPZ.US,D,20201224,000000,52.4753,52.505,52.4753,52.4881,7524.6604094952,0
STPZ.US,D,20201228,000000,52.5238,52.5238,52.4653,52.4852,29897.943685764,0
STPZ.US,D,20201229,000000,52.4852,52.505,52.4753,52.4901,29337.199658465,0
STPZ.US,D,20201230,000000,52.4951,52.5238,52.4753,52.507,188141.72354796,0
STPZ.US,D,20201231,000000,52.5139,52.6022,52.4653,52.5437,76701.91638163,0
STPZ.US,D,20210104,000000,52.6111,52.6408,52.5734,52.6408,142304.93344594,0
STPZ.US,D,20210105,000000,52.621,52.6914,52.621,52.6805,25152.798634608,0
STPZ.US,D,20210106,000000,52.6894,52.6993,52.6309,52.6726,36263.800341002,0
STPZ.US,D,20210107,000000,52.7182,52.7985,52.7182,52.7707,97475.667234703,0
STPZ.US,D,20210108,000000,52.7569,52.7846,52.6993,52.7281,75400.909555702,0
STPZ.US,D,20210111,000000,52.6993,52.6993,52.6508,52.6755,38787.148463849,0
STPZ.US,D,20210112,000000,52.7083,52.7083,52.6587,52.6805,39167.365187395,0
STPZ.US,D,20210113,000000,52.6805,52.6815,52.6408,52.6696,74265.302047178,0
STPZ.US,D,20210114,000000,52.6894,52.7469,52.6607,52.7469,82069.3259379,0
STPZ.US,D,20210115,000000,52.7668,52.8144,52.7281,52.8144,43604.907849475,0
STPZ.US,D,20210119,000000,52.7945,52.854,52.7747,52.854,76509.286688798,0
STPZ.US,D,20210120,000000,52.854,52.9016,52.8441,52.8927,159600.2559714,0
STPZ.US,D,20210121,000000,52.9026,52.9611,52.8877,52.9611,162366.66040824,0
STPZ.US,D,20210122,000000,52.9125,52.9324,52.8828,52.9026,41160.225255638,0
STPZ.US,D,20210125,000000,52.8828,52.9224,52.8828,52.9125,34247.744027026,0
STPZ.US,D,20210126,000000,52.9512,52.9512,52.8828,52.8927,48855.327644654,0
STPZ.US,D,20210127,000000,52.9026,52.9125,52.8729,52.8927,91600.965869563,0
STPZ.US,D,20210128,000000,52.9125,52.9125,52.8748,52.9026,90916.17235421,0
STPZ.US,D,20210129,000000,52.9026,52.9274,52.854,52.9026,98990.48293435,0
STPZ.US,D,20210201,000000,52.8828,52.8828,52.8639,52.8739,104114.83617663,0
STPZ.US,D,20210202,000000,52.8828,52.9423,52.8639,52.8927,62779.126279354,0
STPZ.US,D,20210203,000000,52.9324,52.9423,52.9026,52.9224,51888.99317364,0
STPZ.US,D,20210204,000000,52.9125,52.9403,52.8838,52.9125,83664.824231402,0
STPZ.US,D,20210205,000000,52.9125,52.9611,52.8986,52.9611,83270.488053931,0
STPZ.US,D,20210208,000000,52.9611,52.9809,52.9224,52.9809,47906.298634423,0
STPZ.US,D,20210209,000000,52.971,52.9899,52.9611,52.9809,117233.82593761,0
STPZ.US,D,20210210,000000,52.9512,53.0008,52.9324,52.9909,47393.964163438,0
STPZ.US,D,20210211,000000,53.0008,53.0186,52.971,53.0147,76273.29010177,0
STPZ.US,D,20210212,000000,53.0474,53.0474,53.0107,53.0186,85232.083617055,0
STPZ.US,D,20210216,000000,53.0285,53.0285,52.9423,52.9512,62589.522183792,0
STPZ.US,D,20210217,000000,52.9224,52.9324,52.8828,52.9224,64458.332763982,0
STPZ.US,D,20210218,000000,52.9224,52.9224,52.8342,52.8392,75494.703071059,0
STPZ.US,D,20210219,000000,52.8342,52.8342,52.7083,52.8045,76529.457337262,0
STPZ.US,D,20210222,000000,52.8441,52.9324,52.8144,52.9125,95593.745733012,0
STPZ.US,D,20210223,000000,52.9809,52.9809,52.9423,52.9809,76872.35836115,0
STPZ.US,D,20210224,000000,53.0008,53.0107,52.97,53.0008,95006.77986271,0
STPZ.US,D,20210225,000000,52.8639,52.8639,52.6309,52.6309,95146.965869534,0
STPZ.US,D,20210226,000000,52.6508,52.8828,52.621,52.8828,70424.810579633,0
STPZ.US,D,20210301,000000,53.0186,53.0186,52.9423,52.9909,77139.619453298,0
STPZ.US,D,20210302,000000,53.0186,53.1158,52.9909,53.096,41747.191125941,0
STPZ.US,D,20210303,000000,53.096,53.096,53.0375,53.0771,173319.32252419,0
STPZ.US,D,20210304,000000,53.096,53.1049,52.9512,52.9809,91328.662115299,0
STPZ.US,D,20210305,000000,52.971,53.0375,52.9373,53.0008,68166.706484088,0
STPZ.US,D,20210308,000000,52.9512,52.9611,52.8243,52.8243,79637.754265565,0
STPZ.US,D,20210309,000000,52.9324,52.9324,52.858,52.9224,422049.63992831,0
STPZ.US,D,20210310,000000,52.9423,53.0474,52.9423,53.0474,327967.68429768,0
STPZ.US,D,20210311,000000,53.1445,53.2011,53.086,53.1832,139661.56996474,0
STPZ.US,D,20210312,000000,53.1346,53.1346,53.0623,53.1059,197638.06484481,0
STPZ.US,D,20210315,000000,53.1059,53.1832,53.0801,53.1733,66805.187712768,0
STPZ.US,D,20210316,000000,53.2229,53.2824,53.203,53.2824,689022.29180328,0
STPZ.US,D,20210317,000000,53.2427,53.3676,53.1733,53.2943,258933.63992964,0
STPZ.US,D,20210318,000000,53.203,53.203,53.0573,53.0771,257348.22696037,0
STPZ.US,D,20210319,000000,53.0474,53.0771,53.0137,53.0573,255827.36006618,0
STPZ.US,D,20210322,000000,53.0573,53.1158,53.0523,53.1059,90643.868599946,0
STPZ.US,D,20210323,000000,53.096,53.1247,53.0771,53.096,142412.84641523,0
STPZ.US,D,20210324,000000,53.1346,53.2229,53.1247,53.2229,87244.105801339,0
STPZ.US,D,20210325,000000,53.2992,53.2992,53.1733,53.2526,79595.39590379,0
STPZ.US,D,20210326,000000,53.2992,53.3577,53.2824,53.2903,233003.26279674,0
STPZ.US,D,20210329,000000,53.3091,53.3091,53.213,53.2328,84347.600681909,0
STPZ.US,D,20210330,000000,53.1445,53.1733,53.1247,53.1634,128368.02388974,0
STPZ.US,D,20210331,000000,53.1634,53.203,53.1445,53.1832,48618.322525202,0
STPZ.US,D,20210401,000000,53.1832,53.2526,53.1634,53.2328,335541.76279591,0
STPZ.US,D,20210405,000000,53.1247,53.1832,53.1049,53.1733,119641.19283179,0
STPZ.US,D,20210406,000000,53.2229,53.2625,53.1931,53.1931,382803.60921191,0
STPZ.US,D,20210407,000000,53.2526,53.2725,53.2407,53.2427,175448.33446956,0
STPZ.US,D,20210408,000000,53.2903,53.329,53.2725,53.3091,73908.281569366,0
STPZ.US,D,20210409,000000,53.2725,53.2992,53.2526,53.2903,341188.53583341,0
STPZ.US,D,20210412,000000,53.2526,53.2834,53.2526,53.2625,114346.39760999,0
STPZ.US,D,20210413,000000,53.3389,53.3676,53.329,53.3587,89523.389077771,0
STPZ.US,D,20210414,000000,53.3587,53.3885,53.3488,53.3786,240260.66211409,0
STPZ.US,D,20210415,000000,53.4182,53.447,53.3984,53.4371,96540.757678397,0
STPZ.US,D,20210416,000000,53.4182,53.4371,53.4083,53.4083,152305.54095439,0
STPZ.US,D,20210419,000000,53.4182,53.4182,53.3488,53.4083,227399.85665344,0
STPZ.US,D,20210420,000000,53.3885,53.4033,53.3488,53.3984,192651.88054451,0
STPZ.US,D,20210421,000000,53.3885,53.4271,53.3686,53.3786,267089.64163606,0
STPZ.US,D,20210422,000000,53.4083,53.4172,53.3716,53.3984,140676.15358248,0
STPZ.US,D,20210423,000000,53.4083,53.4182,53.3786,53.4133,74064.604094962,0
STPZ.US,D,20210426,000000,53.3786,53.4371,53.3786,53.4182,102706.92491384,0
STPZ.US,D,20210427,000000,53.4519,53.4846,53.4083,53.4747,253086.16893992,0
STPZ.US,D,20210428,000000,53.5818,53.6502,53.562,53.6502,191858.16552745,0
STPZ.US,D,20210429,000000,53.6502,53.6899,53.6314,53.6899,248315.81057819,0
STPZ.US,D,20210430,000000,53.6701,53.6899,53.6601,53.6701,113144.22696154,0
STPZ.US,D,20210503,000000,53.4747,53.6016,53.4747,53.6016,90711.440272301,0
STPZ.US,D,20210504,000000,53.68,53.6899,53.6364,53.6502,377491.66893891,0
STPZ.US,D,20210505,000000,53.7286,53.7881,53.7236,53.7881,226745.31911079,0
STPZ.US,D,20210506,000000,53.798,53.8029,53.7186,53.7286,376954.12115735,0
STPZ.US,D,20210507,000000,53.7583,53.8247,53.7583,53.7781,372709.2081881,0
STPZ.US,D,20210510,000000,53.8535,53.8882,53.798,53.8158,600248.24231594,0
STPZ.US,D,20210511,000000,53.7385,53.7682,53.7038,53.7385,140318.12457224,0
STPZ.US,D,20210512,000000,53.8446,53.8594,53.7583,53.7682,574947.18941513,0
STPZ.US,D,20210513,000000,53.7682,53.7781,53.7087,53.7186,357881.76450221,0
STPZ.US,D,20210514,000000,53.7385,53.8396,53.7286,53.8347,85035.419794531,0
STPZ.US,D,20210517,000000,53.8446,53.9328,53.8297,53.913,217591.87883782,0
STPZ.US,D,20210518,000000,53.9328,53.9715,53.913,53.9328,145125.79863363,0
STPZ.US,D,20210519,000000,53.8634,53.8932,53.68,53.6988,558812.68770877,0
STPZ.US,D,20210520,000000,53.6899,53.7048,53.6601,53.68,420077.95904096,0
STPZ.US,D,20210521,000000,53.7385,53.7682,53.7137,53.7682,196831.23890625,0
STPZ.US,D,20210524,000000,53.8069,53.8634,53.7881,53.8634,217750.21842827,0
STPZ.US,D,20210525,000000,53.8733,53.9031,53.8634,53.8932,144691.12115923,0
STPZ.US,D,20210526,000000,53.8832,53.8832,53.798,53.8297,330188.47269356,0
STPZ.US,D,20210527,000000,53.7881,53.8347,53.7781,53.8347,522067.8174019,0
STPZ.US,D,20210528,000000,53.8347,53.8634,53.8218,53.8297,488621.85665132,0
STPZ.US,D,20210601,000000,53.6215,53.6403,53.5818,53.6116,233843.37030527,0
STPZ.US,D,20210602,000000,53.6701,53.6701,53.6016,53.6314,794385.69111983,0
STPZ.US,D,20210603,000000,53.562,53.5719,53.5342,53.5441,629041.8429983,0
STPZ.US,D,20210604,000000,53.6502,53.6601,53.6016,53.6364,189698.89760938,0
STPZ.US,D,20210607,000000,53.6403,53.6403,53.562,53.5917,246755.6109195,0
STPZ.US,D,20210608,000000,53.5917,53.5917,53.5243,53.5342,113569.82764413,0
STPZ.US,D,20210609,000000,53.5531,53.5531,53.442,53.4569,123039.94709798,0
STPZ.US,D,20210610,000000,53.5144,53.6116,53.4995,53.5917,144136.42832647,0
STPZ.US,D,20210611,000000,53.6116,53.6116,53.4569,53.4946,287435.77474169,0
STPZ.US,D,20210614,000000,53.5045,53.5045,53.4182,53.4569,93400.187712552,0
STPZ.US,D,20210615,000000,53.5045,53.5511,53.4896,53.5441,65058.409555786,0
STPZ.US,D,20210616,000000,53.5441,53.6106,53.2229,53.2427,188958.63481075,0
STPZ.US,D,20210617,000000,53.2229,53.3389,53.1297,53.3389,272359.22354728,0
STPZ.US,D,20210618,000000,53.2229,53.2625,53.1535,53.2625,184871.05289952,0
STPZ.US,D,20210621,000000,53.2526,53.3191,53.2328,53.2824,87716.098975397,0
STPZ.US,D,20210622,000000,53.3786,53.4668,53.3686,53.4569,102013.05460668,0
STPZ.US,D,20210623,000000,53.4668,53.4946,53.4499,53.4747,88507.796927609,0
STPZ.US,D,20210624,000000,53.4747,53.4846,53.4083,53.4271,167615.06313857,0
STPZ.US,D,20210625,000000,53.4668,53.4747,53.4182,53.4747,343171.31057742,0
STPZ.US,D,20210628,000000,53.4946,53.5045,53.4747,53.4747,75965.687712694,0
STPZ.US,D,20210629,000000,53.4668,53.5243,53.4668,53.5144,164448.27132972,0
STPZ.US,D,20210630,000000,53.5441,53.5719,53.5243,53.5531,109727.31911174,0
STPZ.US,D,20210701,000000,53.6116,53.6116,53.5441,53.5719,117729.01535741,0
STPZ.US,D,20210702,000000,53.6116,53.6909,53.5917,53.681,98928.962456534,0
STPZ.US,D,20210706,000000,53.681,53.7395,53.681,53.7097,56219.631398861,0
STPZ.US,D,20210707,000000,53.7097,53.7097,53.6314,53.6413,146072.81057902,0
STPZ.US,D,20210708,000000,53.6413,53.6711,53.6215,53.6711,177250.58190982,0
STPZ.US,D,20210709,000000,53.4846,53.7196,53.4846,53.7097,190166.85665375,0
STPZ.US,D,20210712,000000,53.7296,53.789,53.7097,53.7791,94127.339589679,0
STPZ.US,D,20210713,000000,53.8753,53.9249,53.8366,53.915,167990.2372,0
STPZ.US,D,20210714,000000,53.9646,53.9794,53.8951,53.915,83114.165528335,0
STPZ.US,D,20210715,000000,53.9646,53.9735,53.9298,53.9546,124670.74402629,0
STPZ.US,D,20210716,000000,53.9447,53.9933,53.9447,53.9596,100384.27474321,0
STPZ.US,D,20210719,000000,53.9646,53.9695,53.8277,53.8555,144118.27474286,0
STPZ.US,D,20210720,000000,53.8852,53.914,53.8654,53.8951,77626.740613704,0
STPZ.US,D,20210721,000000,53.8852,53.9348,53.8852,53.9051,56869.126279402,0
STPZ.US,D,20210722,000000,53.9447,54.0131,53.915,53.9933,79980.655289453,0
STPZ.US,D,20210723,000000,54.0528,54.15,54.0231,54.1401,108424.29522096,0
STPZ.US,D,20210726,000000,54.1599,54.267,54.1599,54.2571,178906.59214872,0
STPZ.US,D,20210727,000000,54.267,54.267,54.2045,54.2571,77643.885664898,0
STPZ.US,D,20210728,000000,54.267,54.3453,54.1589,54.3453,152746.26962333,0
STPZ.US,D,20210729,000000,54.3354,54.3552,54.2868,54.3165,65964.071671819,0
STPZ.US,D,20210730,000000,54.3255,54.3731,54.3255,54.3354,237488.20648271,0
STPZ.US,D,20210802,000000,54.033,54.0429,53.9685,53.9834,153687.23037418,0
STPZ.US,D,20210803,000000,53.9348,54.0231,53.9249,54.0231,169970.99487917,0
STPZ.US,D,20210804,000000,54.0032,54.0032,53.8951,53.91,232505.04777968,0
STPZ.US,D,20210805,000000,53.8466,53.8466,53.7603,53.8079,156265.03924788,0
STPZ.US,D,20210806,000000,53.7296,53.8079,53.7196,53.8079,179048.79522039,0
STPZ.US,D,20210809,000000,53.7791,53.7791,53.7395,53.7494,33949.218429758,0
STPZ.US,D,20210810,000000,53.7692,53.799,53.7553,53.7791,62716.597269115,0
STPZ.US,D,20210811,000000,53.789,53.8654,53.7514,53.8555,108358.74061345,0
STPZ.US,D,20210812,000000,53.8654,53.8852,53.8277,53.8366,54999.307166789,0
STPZ.US,D,20210813,000000,53.8654,53.8753,53.8466,53.8654,46894.740613954,0
STPZ.US,D,20210816,000000,53.8654,53.915,53.8466,53.8753,1515556.9709775,0
STPZ.US,D,20210817,000000,53.9051,53.915,53.8277,53.8277,128014.0290092,0
STPZ.US,D,20210818,000000,53.8366,53.8505,53.7524,53.789,264154.81228454,0
STPZ.US,D,20210819,000000,53.7593,53.7692,53.7048,53.7494,103389.70136435,0
STPZ.US,D,20210820,000000,53.7196,53.7276,53.6314,53.6314,210624.93685836,0
STPZ.US,D,20210823,000000,53.7296,53.7593,53.7097,53.7494,1121290.3822435,0
STPZ.US,D,20210824,000000,53.7791,53.8277,53.7692,53.8178,75968.713309963,0
STPZ.US,D,20210825,000000,53.8366,53.8654,53.8079,53.8555,67977.102388526,0
STPZ.US,D,20210826,000000,53.8753,53.8753,53.8366,53.8555,71544.281569385,0
STPZ.US,D,20210827,000000,53.8852,54.0706,53.8654,54.0429,60899.221842509,0
STPZ.US,D,20210830,000000,54.1103,54.1103,54.033,54.0617,141378.09214902,0
STPZ.US,D,20210831,000000,54.0429,54.0429,53.9953,54.0231,70430.861774172,0
STPZ.US,D,20210901,000000,53.6215,53.6998,53.6195,53.6909,110937.55801958,0
STPZ.US,D,20210902,000000,53.7296,53.7583,53.7196,53.7296,119049.18429937,0
STPZ.US,D,20210903,000000,53.7791,53.7791,53.7395,53.7593,96854.411262012,0
STPZ.US,D,20210907,000000,53.7296,53.7494,53.7097,53.7246,158091.49146629,0
STPZ.US,D,20210908,000000,53.7791,53.8277,53.7692,53.8178,142462.26450396,0
STPZ.US,D,20210909,000000,53.8466,53.9051,53.8317,53.9051,72269.416381666,0
STPZ.US,D,20210910,000000,53.9249,53.9249,53.8366,53.8366,233472.23037353,0
STPZ.US,D,20210913,000000,53.9051,53.9051,53.8079,53.8366,98162.477814902,0
STPZ.US,D,20210914,000000,53.8079,53.8079,53.7791,53.789,80769.327644395,0
STPZ.US,D,20210915,000000,53.8555,53.8555,53.8178,53.8466,57251.360067794,0
STPZ.US,D,20210916,000000,53.8079,53.8178,53.789,53.8079,33298.715016794,0
STPZ.US,D,20210917,000000,53.799,53.799,53.7196,53.7395,249382.83788193,0
STPZ.US,D,20210920,000000,53.7196,53.7395,53.681,53.6998,82105.633105135,0
STPZ.US,D,20210921,000000,53.7097,53.7097,53.6711,53.6711,79088.104094921,0
STPZ.US,D,20210922,000000,53.6909,53.6909,53.5669,53.5818,132956.8464153,0
STPZ.US,D,20210923,000000,53.5531,53.6215,53.5144,53.5818,81887.790101724,0
STPZ.US,D,20210924,000000,53.5342,53.5818,53.5194,53.5818,134683.45392382,0
STPZ.US,D,20210927,000000,53.6016,53.6215,53.5818,53.6116,252241.01876928,0
STPZ.US,D,20210928,000000,53.6611,53.6611,53.5987,53.6215,90241.46416309,0
STPZ.US,D,20210929,000000,53.6116,53.6502,53.6116,53.6215,99854.795221032,0
STPZ.US,D,20210930,000000,53.6215,53.6611,53.5917,53.6611,365665.61774447,0
STPZ.US,D,20211001,000000,53.7097,53.7593,53.6909,53.7296,154578.77303629,0
STPZ.US,D,20211004,000000,53.7296,53.7692,53.7246,53.7593,129097.19283172,0
STPZ.US,D,20211005,000000,53.8079,53.8614,53.8079,53.8565,118880.7593847,0
STPZ.US,D,20211006,000000,53.8178,53.8178,53.7791,53.7791,387893.6723518,0
STPZ.US,D,20211007,000000,53.7791,53.8366,53.7494,53.8366,210020.82593686,0
STPZ.US,D,20211008,000000,53.8961,53.8961,53.8188,53.8366,422963.37030373,0
STPZ.US,D,20211011,000000,53.8366,53.8466,53.8178,53.8178,81638.682593194,0
STPZ.US,D,20211012,000000,53.8079,53.8366,53.7494,53.789,105539.89249061,0
STPZ.US,D,20211013,000000,53.799,53.8565,53.789,53.8466,82274.05801981,0
STPZ.US,D,20211014,000000,53.9358,53.9358,53.8763,53.8862,96778.771330272,0
STPZ.US,D,20211015,000000,53.9259,53.9259,53.8466,53.8664,100154.32935072,0
STPZ.US,D,20211018,000000,53.8079,53.8079,53.7434,53.7593,101580.39419713,0
STPZ.US,D,20211019,000000,53.789,53.8178,53.7643,53.799,179422.9607494,0
STPZ.US,D,20211020,000000,53.8079,53.9507,53.8079,53.916,81803.073378175,0
STPZ.US,D,20211021,000000,53.9061,54.0042,53.8961,53.9745,111305.67235404,0
STPZ.US,D,20211022,000000,54.0042,54.0439,53.9308,54.0042,92125.402729627,0
STPZ.US,D,20211025,000000,54.0538,54.141,54.034,54.1212,97514.999999208,0
STPZ.US,D,20211026,000000,54.141,54.1807,54.1113,54.1807,103278.7627978,0
STPZ.US,D,20211027,000000,54.1807,54.2105,54.1024,54.2005,277456.34641413,0
STPZ.US,D,20211028,000000,54.0627,54.1282,53.9655,54.0141,303886.95562893,0
STPZ.US,D,20211029,000000,53.8565,54.0429,53.8466,54.0042,101721.58873638,0
STPZ.US,D,20211101,000000,54.0439,54.0439,53.8862,53.9358,82775.29863414,0
STPZ.US,D,20211102,000000,54.0141,54.0141,53.9358,54.0042,78477.941978885,0
STPZ.US,D,20211103,000000,53.916,54.024,53.8466,54.0141,84555.358361088,0
STPZ.US,D,20211104,000000,54.1807,54.1906,54.1024,54.1212,188422.09556161,0
STPZ.US,D,20211105,000000,54.151,54.2005,54.1262,54.1807,83601.286688741,0
STPZ.US,D,20211108,000000,54.2303,54.2303,54.1658,54.1906,86774.129692128,0
STPZ.US,D,20211109,000000,54.259,54.3086,54.2105,54.2987,142180.88395789,0
STPZ.US,D,20211110,000000,54.4355,54.4405,54.259,54.2987,138372.66552789,0
STPZ.US,D,20211111,000000,54.2789,54.3275,54.2789,54.2888,87957.138224542,0
STPZ.US,D,20211112,000000,54.3473,54.495,54.3275,54.3473,222324.9214999,0
STPZ.US,D,20211115,000000,54.3959,54.5337,54.3959,54.4851,115935.84470896,0
STPZ.US,D,20211116,000000,54.5535,54.5823,54.5139,54.5436,103892.95904352,0
STPZ.US,D,20211117,000000,54.5436,54.6219,54.5049,54.6219,148569.93685886,0
STPZ.US,D,20211118,000000,54.612,54.6219,54.5436,54.5436,285435.85494649,0
STPZ.US,D,20211119,000000,54.5337,54.5535,54.3086,54.3185,116906.05290007,0
STPZ.US,D,20211122,000000,54.0677,54.1906,54.034,54.1311,250935.97781366,0
STPZ.US,D,20211123,000000,54.0825,54.1757,54.0587,54.1609,127885.94539145,0
STPZ.US,D,20211124,000000,54.1708,54.269,54.1163,54.2491,314397.88054352,0
STPZ.US,D,20211126,000000,54.2491,54.269,54.1708,54.2392,79165.761091507,0
STPZ.US,D,20211129,000000,54.3086,54.3185,54.2293,54.2303,74818.986347515,0
STPZ.US,D,20211130,000000,54.2987,54.3473,54.024,54.024,167660.44709761,0
STPZ.US,D,20211201,000000,54.034,54.034,53.8069,53.8961,130397.19112522,0
STPZ.US,D,20211202,000000,53.8277,53.9061,53.8039,53.9061,118077.96757583,0
STPZ.US,D,20211203,000000,53.9061,54.024,53.8922,53.9844,160999.09044238,0
STPZ.US,D,20211206,000000,54.034,54.0627,53.9655,53.9745,198924.95221681,0
STPZ.US,D,20211207,000000,54.0439,54.0726,54.024,54.0538,203830.45392326,0
STPZ.US,D,20211208,000000,54.0825,54.1301,54.0587,54.1024,115653.45563046,0
STPZ.US,D,20211209,000000,54.1212,54.1311,53.9358,53.9358,366275.77986051,0
STPZ.US,D,20211210,000000,53.9061,54.0042,53.8813,53.9745,89133.087029993,0
STPZ.US,D,20211213,000000,53.9655,54.024,53.9259,53.9358,149728.74061312,0
STPZ.US,D,20211214,000000,53.8763,53.8763,53.7692,53.8079,195912.46586872,0
STPZ.US,D,20211215,000000,53.7692,53.8763,53.6215,53.8763,122735.37030617,0
STPZ.US,D,20211216,000000,53.9844,54.034,53.8961,53.9943,217986.21501529,0
STPZ.US,D,20211217,000000,53.9655,53.9745,53.9061,53.916,603602.62115551,0
STPZ.US,D,20211220,000000,53.9061,53.9457,53.8862,53.9259,186326.3651862,0
STPZ.US,D,20211221,000000,53.9259,53.9259,53.8763,53.9259,195912.46586872,0
STPZ.US,D,20211222,000000,53.8862,54.0389,53.8763,54.0141,463977.35835801,0
STPZ.US,D,20211223,000000,54.024,54.024,53.9556,53.9844,146493.36859949,0
STPZ.US,D,20211227,000000,53.9745,54.0538,53.9695,54.0439,154765.35153458,0
STPZ.US,D,20211228,000000,54.1024,54.1113,54.0538,54.0726,206730.99317238,0
STPZ.US,D,20211229,000000,54.0726,54.1906,54.0538,54.1906,155785.98634686,0
STPZ.US,D,20211230,000000,54.2204,54.2442,54.1906,54.2392,188049.94709745,0
STPZ.US,D,20211231,000000,54.2491,54.3185,54.2005,54.3185,1225558.5153484,0
STPZ.US,D,20220103,000000,54.1807,54.2481,54.1311,54.2392,132765.22525489,0
STPZ.US,D,20220104,000000,54.2491,54.2799,54.151,54.2005,167110.79692697,0
STPZ.US,D,20220105,000000,54.2204,54.2204,53.9834,54.033,157837.34129565,0
STPZ.US,D,20220106,000000,53.915,53.915,53.7593,53.8654,259181.73890574,0
STPZ.US,D,20220107,000000,53.8852,53.9041,53.7772,53.8267,216593.43173886,0
STPZ.US,D,20220110,000000,53.8069,53.8456,53.7524,53.8357,176787.66552757,0
STPZ.US,D,20220111,000000,53.8267,54.0627,53.8168,54.0429,220204.98634633,0
STPZ.US,D,20220112,000000,53.9933,54.033,53.9051,53.9189,244953.36347924,0
STPZ.US,D,20220113,000000,53.8852,53.9497,53.8555,53.9249,300910.77644807,0
STPZ.US,D,20220114,000000,53.8852,53.8852,53.8069,53.8357,868717.55630694,0
STPZ.US,D,20220118,000000,53.8555,53.8555,53.6889,53.7177,146829.20989642,0
STPZ.US,D,20220119,000000,53.7177,53.7177,53.6492,53.6592,140767.93003299,0
STPZ.US,D,20220120,000000,53.7077,53.8069,53.674,53.6839,101728.64846334,0
STPZ.US,D,20220121,000000,53.7573,53.7871,53.6939,53.7672,247255.8430014,0
STPZ.US,D,20220124,000000,53.7474,53.8852,53.7375,53.8357,239798.75426426,0
STPZ.US,D,20220125,000000,53.8654,53.9239,53.8267,53.8555,464061.06654913,0
STPZ.US,D,20220126,000000,53.9051,53.9447,53.6205,53.679,222362.23719956,0
STPZ.US,D,20220127,000000,53.6492,53.6691,53.5699,53.6393,327407.9488028,0
STPZ.US,D,20220128,000000,53.6889,53.7672,53.6889,53.7276,162202.26962326,0
STPZ.US,D,20220131,000000,53.7474,53.8069,53.7286,53.7871,123340.48976009,0
STPZ.US,D,20220201,000000,53.6393,53.6393,53.5065,53.5511,317096.713308,0
STPZ.US,D,20220202,000000,53.5412,53.5997,53.5213,53.565,226467.97269441,0
STPZ.US,D,20220203,000000,53.4519,53.4817,53.3934,53.4222,583744.6177427,0
STPZ.US,D,20220204,000000,53.3438,53.3438,53.2358,53.2943,321243.7986322,0
STPZ.US,D,20220207,000000,53.2754,53.3091,53.1713,53.2655,199086.31740453,0
STPZ.US,D,20220208,000000,53.1664,53.2358,53.1664,53.1664,280500.09726735,0
STPZ.US,D,20220209,000000,53.1961,53.2655,53.1862,53.2159,152852.16552777,0
STPZ.US,D,20220210,000000,53.1475,53.2635,53.0285,53.0484,151178.00170526,0
STPZ.US,D,20220211,000000,53.2457,53.3736,53.1475,53.3587,183036.53242172,0
STPZ.US,D,20220214,000000,53.2844,53.443,53.206,53.4222,156312.44027177,0
STPZ.US,D,20220215,000000,53.324,53.3518,53.2457,53.2943,171083.40614196,0
STPZ.US,D,20220216,000000,53.3339,53.4222,53.324,53.324,158022.91126152,0
STPZ.US,D,20220217,000000,53.3438,53.5213,53.3438,53.4718,188592.53754113,0
STPZ.US,D,20220218,000000,53.5213,53.5392,53.4817,53.5213,336846.80375153,0
STPZ.US,D,20220222,000000,53.5699,53.6195,53.5263,53.5997,163183.57167103,0
STPZ.US,D,20220223,000000,53.5511,53.7573,53.5412,53.7177,404892.48634483,0
STPZ.US,D,20220224,000000,54.2005,54.3086,53.8555,53.9249,522069.83446675,0
STPZ.US,D,20220225,000000,53.7871,53.8456,53.7375,53.8267,143352.79863365,0
STPZ.US,D,20220228,000000,54.0925,54.2888,54.0627,54.259,941270.37029952,0
STPZ.US,D,20220301,000000,54.377,54.6338,54.3582,54.5149,352455.8600654,0
STPZ.US,D,20220302,000000,54.5059,54.5059,54.3086,54.3483,413709.07678845,0
STPZ.US,D,20220303,000000,54.3284,54.3582,54.1609,54.1708,591606.12798154,0
STPZ.US,D,20220304,000000,54.3185,54.5396,54.3185,54.3969,736774.28497695,0
STPZ.US,D,20220307,000000,54.3869,54.5694,54.3592,54.5644,512583.57849413,0
STPZ.US,D,20220308,000000,54.6824,54.7221,54.4762,54.6527,329178.93173794,0
STPZ.US,D,20220309,000000,54.4266,54.4365,54.2303,54.3483,390142.69965553,0
STPZ.US,D,20220310,000000,54.3284,54.5595,54.2303,54.5059,446712.29180525,0
STPZ.US,D,20220311,000000,54.5743,54.7221,54.5496,54.7221,238525.98634619,0
STPZ.US,D,20220314,000000,54.5545,54.5545,54.4068,54.4365,137428.67917977,0
STPZ.US,D,20220315,000000,54.4266,54.4266,54.2541,54.2987,246932.10409356,0
STPZ.US,D,20220316,000000,54.2105,54.2491,53.7801,54.0032,336358.6740587,0
STPZ.US,D,20220317,000000,54.1906,54.4861,54.151,54.4861,331232.30375158,0
STPZ.US,D,20220318,000000,54.3384,54.5297,54.2987,54.377,172334.99487915,0
STPZ.US,D,20220321,000000,54.269,54.3869,54.1113,54.1906,292233.36347886,0
STPZ.US,D,20220322,000000,54.2005,54.2005,54.0429,54.0627,177519.86006682,0
STPZ.US,D,20220323,000000,54.2005,54.4068,54.1906,54.4068,256119.83446891,0
STPZ.US,D,20220324,000000,54.3483,54.4266,54.2491,54.269,215890.48463988,0
STPZ.US,D,20220325,000000,54.1311,54.1708,54.0231,54.1212,615012.14845917,0
STPZ.US,D,20220328,000000,54.0429,54.0528,53.8951,53.9051,164260.68429901,0
STPZ.US,D,20220329,000000,53.7077,53.797,53.6592,53.679,234431.34470799,0
STPZ.US,D,20220330,000000,53.7871,53.8456,53.7424,53.8168,219804.59897432,0
STPZ.US,D,20220331,000000,53.7474,53.8168,53.5897,53.6294,362382.84470695,0
STPZ.US,D,20220401,000000,53.1079,53.1564,53.0186,53.0484,355045.77132817,0
STPZ.US,D,20220404,000000,53.1277,53.1277,53.0385,53.0682,253905.09726756,0
STPZ.US,D,20220405,000000,53.0781,53.1079,52.8957,52.9205,241235.91296732,0
STPZ.US,D,20220406,000000,52.9403,52.9403,52.7241,52.8719,221914.44880366,0
STPZ.US,D,20220407,000000,52.9105,52.98,52.852,52.9205,195032.01706326,0
STPZ.US,D,20220408,000000,52.9105,53.0236,52.8719,53.0186,164458.35665395,0
STPZ.US,D,20220411,000000,52.862,53.0781,52.862,53.0781,107026.46928241,0
STPZ.US,D,20220412,000000,53.1376,53.2655,53.1326,53.1475,439947.05631042,0
STPZ.US,D,20220413,000000,53.2259,53.2665,53.1079,53.1376,223478.68259204,0
STPZ.US,D,20220414,000000,53.1079,53.203,53.0682,53.1376,172997.60068119,0
STPZ.US,D,20220418,000000,53.2159,53.2159,53.1485,53.1763,241956.00511749,0
STPZ.US,D,20220419,000000,53.1079,53.1178,52.9899,53.0186,289239.03071437,0
STPZ.US,D,20220420,000000,53.0186,53.1564,53.0186,53.1178,396887.7645019,0
STPZ.US,D,20220421,000000,53.1564,53.2943,53.0186,53.2844,661428.84470453,0
STPZ.US,D,20220422,000000,53.2358,53.3438,53.206,53.2358,190857.70136364,0
STPZ.US,D,20220425,000000,53.324,53.324,53.1713,53.2159,362441.3395875,0
STPZ.US,D,20220426,000000,53.2259,53.324,53.2021,53.324,206603.91808706,0
STPZ.US,D,20220427,000000,53.3538,53.3617,53.2556,53.3339,426807.89590097,0
STPZ.US,D,20220428,000000,53.3438,53.4618,53.2943,53.4618,230494.03412782,0
STPZ.US,D,20220429,000000,53.4033,53.4817,53.1763,53.2159,252745.28498088,0
STPZ.US,D,20220502,000000,53.1366,53.1366,52.8639,52.9185,482749.17235103,0
STPZ.US,D,20220503,000000,53.0077,53.097,52.8788,52.8788,429773.9897576,0
STPZ.US,D,20220504,000000,52.8491,53.206,52.7499,53.1564,1080801.8395817,0
STPZ.US,D,20220505,000000,53.0077,53.0335,52.7896,52.9383,454009.0238871,0
STPZ.US,D,20220506,000000,52.8491,53.026,52.8193,52.9879,209586.14846246,0
STPZ.US,D,20220509,000000,52.978,52.978,52.8193,52.8392,312579.49658449,0
STPZ.US,D,20220510,000000,52.7202,52.8292,52.5913,52.5913,493827.90101988,0
STPZ.US,D,20220511,000000,52.621,52.8878,52.5913,52.8491,542820.38907409,0
STPZ.US,D,20220512,000000,52.9581,52.9879,52.774,52.8292,736391.04265614,0
STPZ.US,D,20220513,000000,52.8788,53.0573,52.7846,53.0573,471592.78668559,0
STPZ.US,D,20220516,000000,53.1366,53.1664,53.087,53.1465,246938.1552881,0
STPZ.US,D,20220517,000000,53.1267,53.1267,52.9722,53.0176,251306.10921298,0
STPZ.US,D,20220518,000000,53.1465,53.1843,53.0375,53.1267,457925.15528638,0
STPZ.US,D,20220519,000000,53.1664,53.206,52.9978,53.1019,1029208.346408,0
STPZ.US,D,20220520,000000,53.1267,53.1664,53.0573,53.1168,514771.08532005,0
STPZ.US,D,20220523,000000,53.1168,53.1564,53.0573,53.0771,795239.91808228,0
STPZ.US,D,20220524,000000,53.1168,53.2457,53.1069,53.2159,264607.64334256,0
STPZ.US,D,20220525,000000,53.325,53.325,53.2011,53.2953,213133.15699486,0
STPZ.US,D,20220526,000000,53.4638,53.5233,53.4044,53.4638,487578.02559331,0
STPZ.US,D,20220527,000000,53.5431,53.563,53.4936,53.5332,245471.74914476,0
STPZ.US,D,20220531,000000,53.5134,53.5233,53.3647,53.4043,572305.84299876,0
STPZ.US,D,20220601,000000,52.8094,52.8094,52.6408,52.6706,257379.49146549,0
STPZ.US,D,20220602,000000,52.7499,52.7777,52.7202,52.7499,178601.00682449,0
STPZ.US,D,20220603,000000,52.7697,52.9086,52.7367,52.8986,470062.8429996,0
STPZ.US,D,20220606,000000,52.8392,52.8392,52.7301,52.7797,301892.07849584,0
STPZ.US,D,20220607,000000,52.7995,52.8292,52.7646,52.8292,295658.33958804,0
STPZ.US,D,20220608,000000,52.7797,52.8522,52.7797,52.7896,107086.9812278,0
STPZ.US,D,20220609,000000,52.8193,52.8574,52.7598,52.8491,166617.62457203,0
STPZ.US,D,20220610,000000,52.8292,52.8391,52.7301,52.74,139141.16723436,0
STPZ.US,D,20220613,000000,52.4475,52.492,52.2279,52.3335,305179.89419547,0
STPZ.US,D,20220614,000000,52.2244,52.2244,51.6493,51.7385,1002232.1211523,0
STPZ.US,D,20220615,000000,51.808,52.3037,51.7683,52.1748,345509.0887344,0
STPZ.US,D,20220616,000000,51.8327,52.1251,51.7385,52.0955,262160.94368388,0
STPZ.US,D,20220617,000000,51.9864,52.0658,51.8674,52.0261,181167.72184153,0
STPZ.US,D,20220621,000000,51.9468,52.0539,51.9369,51.9369,413724.2047748,0
STPZ.US,D,20220622,000000,51.917,52.0707,51.917,52.0459,245413.25426422,0
STPZ.US,D,20220623,000000,52.1252,52.2617,52.0856,52.1649,723066.31228082,0
STPZ.US,D,20220624,000000,52.2046,52.2707,52.1649,52.2244,168070.91979386,0
STPZ.US,D,20220627,000000,52.1451,52.2046,52.0261,52.0261,142868.70307051,0
STPZ.US,D,20220628,000000,51.9765,52.036,51.9171,51.9269,284414.21160179,0
STPZ.US,D,20220629,000000,51.8873,52.0063,51.808,51.8972,237461.98463971,0
STPZ.US,D,20220630,000000,52.0261,52.0261,51.8476,51.8476,642515.83617226,0
STPZ.US,D,20220701,000000,52.036,52.1798,51.9369,52.1252,145995.15358243,0
STPZ.US,D,20220705,000000,52.0856,52.1252,51.8774,51.9071,342931.2798607,0
STPZ.US,D,20220706,000000,51.8774,51.9071,51.5997,51.5997,294062.84129454,0
STPZ.US,D,20220707,000000,51.7485,51.7485,51.58,51.6096,66622.643344169,0
STPZ.US,D,20220708,000000,51.5898,51.6691,51.5579,51.6096,265130.06313778,0
STPZ.US,D,20220711,000000,51.6592,51.7485,51.6493,51.7187,133940.16552792,0
STPZ.US,D,20220712,000000,51.5601,51.6295,51.5105,51.5105,157325.00682466,0
STPZ.US,D,20220713,000000,51.4411,51.689,51.4411,51.5303,111599.1552892,0
STPZ.US,D,20220714,000000,51.4014,51.5501,51.3518,51.3915,263208.80887158,0
STPZ.US,D,20220715,000000,51.4907,51.7187,51.4907,51.6096,308700.68088486,0
STPZ.US,D,20220718,000000,51.7584,51.8377,51.6295,51.808,461838.2610884,0
STPZ.US,D,20220719,000000,51.7584,51.8575,51.7584,51.7782,169288.21842866,0
STPZ.US,D,20220720,000000,51.798,51.8575,51.7286,51.7286,232710.78839401,0
STPZ.US,D,20220721,000000,51.7683,51.9071,51.7683,51.9071,135407.58020368,0
STPZ.US,D,20220722,000000,52.0162,52.166,52.0162,52.1451,193029.07167079,0
STPZ.US,D,20220725,000000,52.0757,52.1649,52.0659,52.1252,61946.07849779,0
STPZ.US,D,20220726,000000,52.2641,52.2762,52.0658,52.0658,73461.501705888,0
STPZ.US,D,20220727,000000,52.1649,52.3236,52.1352,52.3236,104856.10750768,0
STPZ.US,D,20220728,000000,52.5417,52.6012,52.4626,52.502,119041.11603999,0
STPZ.US,D,20220729,000000,52.6904,52.7598,52.6171,52.74,153970.6279851,0
STPZ.US,D,20220801,000000,52.63,52.695,52.61,52.64,171175,0
STPZ.US,D,20220802,000000,52.61,52.65,52.2714,52.31,231110,0
STPZ.US,D,20220803,000000,52.37,52.39,52.22,52.37,229107,0
STPZ.US,D,20220804,000000,52.41,52.43,52.3418,52.42,180260,0
STPZ.US,D,20220805,000000,52.12,52.16,52.06,52.09,177418,0
STPZ.US,D,20220808,000000,52.13,52.23,52.12,52.12,128270,0
STPZ.US,D,20220809,000000,52.21,52.21,52.1301,52.16,336280,0
STPZ.US,D,20220810,000000,52.13,52.25,52.1,52.1,236885,0
STPZ.US,D,20220811,000000,52.25,52.3077,52.16,52.16,117923,0
STPZ.US,D,20220812,000000,52.26,52.29,52.1901,52.27,185950,0
STPZ.US,D,20220815,000000,52.28,52.3013,52.2566,52.27,195474,0
STPZ.US,D,20220816,000000,52.29,52.29,52.17,52.17,287964,0
STPZ.US,D,20220817,000000,52.17,52.224,52.115,52.15,577673,0
STPZ.US,D,20220818,000000,52.22,52.35,52.195,52.3,247999,0
STPZ.US,D,20220819,000000,52.26,52.31,52.24,52.28,141598,0
STPZ.US,D,20220822,000000,52.26,52.26,52.2,52.25,268109,0
STPZ.US,D,20220823,000000,52.25,52.4207,52.25,52.36,83263,0
STPZ.US,D,20220824,000000,52.34,52.47,52.34,52.45,251739,0
STPZ.US,D,20220825,000000,52.51,52.5599,52.46,52.48,79178,0
STPZ.US,D,20220826,000000,52.51,52.51,52.3393,52.39,1106805,0
STPZ.US,D,20220829,000000,52.31,52.31,52.23,52.23,102381,0
STPZ.US,D,20220830,000000,52.19,52.22,52.08,52.13,462623,0
STPZ.US,D,20220831,000000,52.1,52.1,51.83,51.87,100040,0
STPZ.US,D,20220901,000000,51.12,51.15,51.04,51.06,124454,0
STPZ.US,D,20220902,000000,51.33,51.33,51.1685,51.27,136119,0
STPZ.US,D,20220906,000000,51.2,51.2,51.02,51.05,268355,0
STPZ.US,D,20220907,000000,51.13,51.13,51.02,51.12,177304,0
STPZ.US,D,20220908,000000,51.05,51.05,50.93,50.95,387927,0
STPZ.US,D,20220909,000000,50.95,51.01,50.93,50.96,262188,0
STPZ.US,D,20220912,000000,51.07,51.07,50.92,50.96,274037,0
STPZ.US,D,20220913,000000,50.83,50.87,50.77,50.845,212685,0
STPZ.US,D,20220914,000000,50.83,50.9386,50.83,50.87,244171,0
STPZ.US,D,20220915,000000,50.87,50.87,50.68,50.68,116249,0
STPZ.US,D,20220916,000000,50.69,50.72,50.6,50.6,274828,0
STPZ.US,D,20220919,000000,50.5,50.53,50.41,50.47,1203975,0
STPZ.US,D,20220920,000000,50.38,50.44,50.36,50.41,258941,0
STPZ.US,D,20220921,000000,50.43,50.499,50.21,50.41,139458,0
STPZ.US,D,20220922,000000,50.37,50.37,50.09,50.11,345952,0
STPZ.US,D,20220923,000000,50,50,49.84,49.89,204625,0
STPZ.US,D,20220926,000000,49.84,49.86,49.46,49.46,532979,0
STPZ.US,D,20220927,000000,49.61,49.63,49.41,49.45,265275,0
STPZ.US,D,20220928,000000,49.7,49.98,49.6101,49.98,383503,0
STPZ.US,D,20220929,000000,49.82,49.82,49.54,49.55,209885,0
STPZ.US,D,20220930,000000,49.49,49.57,49.34,49.41,831385,0
STPZ.US,D,20221003,000000,49.57,49.85,49.57,49.755,132273,0
STPZ.US,D,20221004,000000,49.96,50.0225,49.9,49.95,164200,0
STPZ.US,D,20221005,000000,49.84,49.8813,49.71,49.77,144850,0
STPZ.US,D,20221006,000000,49.81,49.8295,49.7401,49.78,129137,0
STPZ.US,D,20221007,000000,49.715,49.85,49.71,49.76,166723,0
STPZ.US,D,20221010,000000,49.84,49.84,49.61,49.6316,117902,0
STPZ.US,D,20221011,000000,49.74,49.86,49.74,49.75,128764,0
STPZ.US,D,20221012,000000,49.79,49.82,49.7,49.72,164874,0
STPZ.US,D,20221013,000000,49.55,49.79,49.5201,49.76,941686,0
STPZ.US,D,20221014,000000,49.77,49.78,49.6101,49.68,127970,0
STPZ.US,D,20221017,000000,49.83,49.889,49.78,49.78,155613,0
STPZ.US,D,20221018,000000,49.86,49.89,49.7099,49.75,383222,0
STPZ.US,D,20221019,000000,49.6,49.6589,49.59,49.64,107082,0
STPZ.US,D,20221020,000000,49.61,49.72,49.5601,49.58,482757,0
STPZ.US,D,20221021,000000,49.66,49.93,49.66,49.85,327295,0
STPZ.US,D,20221024,000000,49.86,49.9511,49.85,49.88,283626,0
STPZ.US,D,20221025,000000,49.93,50.02,49.8905,49.91,357740,0
STPZ.US,D,20221026,000000,49.95,50.03,49.8594,49.88,483056,0
STPZ.US,D,20221027,000000,50.03,50.13,49.9981,50.06,110733,0
STPZ.US,D,20221028,000000,50.04,50.09,49.93,49.96,121338,0
STPZ.US,D,20221031,000000,49.96,49.968,49.87,49.96,218768,0
STPZ.US,D,20221101,000000,50.1,50.1,49.86,49.87,234061,0
STPZ.US,D,20221102,000000,49.95,50.129,49.8091,49.84,71524,0
STPZ.US,D,20221103,000000,49.56,49.67,49.5,49.5,250850,0
STPZ.US,D,20221104,000000,49.62,49.7399,49.61,49.68,166777,0
STPZ.US,D,20221107,000000,49.77,49.7799,49.7201,49.75,144013,0
STPZ.US,D,20221108,000000,49.74,49.82,49.7206,49.74,109863,0
STPZ.US,D,20221109,000000,49.74,49.79,49.6599,49.7,157218,0
STPZ.US,D,20221110,000000,49.87,50.0485,49.87,49.97,239569,0
STPZ.US,D,20221111,000000,49.88,50.05,49.88,50,117894,0
STPZ.US,D,20221114,000000,49.95,49.9757,49.82,49.82,157569,0
STPZ.US,D,20221115,000000,49.89,50,49.89,49.92,109288,0
STPZ.US,D,20221116,000000,49.95,49.98,49.911,49.94,135309,0
STPZ.US,D,20221117,000000,49.84,49.8599,49.72,49.74,167364,0
STPZ.US,D,20221118,000000,49.69,49.7194,49.58,49.61,646734,0
STPZ.US,D,20221121,000000,49.65,49.76,49.6,49.71,160156,0
STPZ.US,D,20221122,000000,49.82,49.84,49.76,49.78,472912,0
STPZ.US,D,20221123,000000,49.73,49.9,49.73,49.87,170410,0
STPZ.US,D,20221125,000000,49.89,49.91,49.85,49.9,78801,0
STPZ.US,D,20221128,000000,49.89,49.89,49.79,49.84,112093,0
STPZ.US,D,20221129,000000,49.77,49.8392,49.7574,49.76,164123,0
STPZ.US,D,20221130,000000,49.78,50.21,49.75,50.17,106712,0
STPZ.US,D,20221201,000000,50.22,50.38,50.22,50.35,142813,0
STPZ.US,D,20221202,000000,50.21,50.48,50.195,50.47,423337,0
STPZ.US,D,20221205,000000,50.4,50.4,50.1517,50.22,169989,0
STPZ.US,D,20221206,000000,50.18,50.195,50.0801,50.13,943489,0
STPZ.US,D,20221207,000000,50.12,50.23,50.12,50.23,131965,0
STPZ.US,D,20221208,000000,50.22,50.24,50.15,50.17,162548,0
STPZ.US,D,20221209,000000,50.14,50.16,50.04,50.04,295696,0
STPZ.US,D,20221212,000000,50.06,50.12,50,50.06,316905,0
STPZ.US,D,20221213,000000,50.25,50.3,50.185,50.19,294876,0
STPZ.US,D,20221214,000000,50.17,50.2585,50.04,50.19,294995,0
STPZ.US,D,20221215,000000,50.17,50.195,50.05,50.14,184461,0
STPZ.US,D,20221216,000000,50,50.11,49.99,50.1,153045,0
STPZ.US,D,20221219,000000,50.07,50.08,49.99,50.03,168201,0
STPZ.US,D,20221220,000000,49.97,50.06,49.97,50.04,157586,0
STPZ.US,D,20221221,000000,50.2,50.23,50.13,50.19,1081783,0
STPZ.US,D,20221222,000000,50.18,50.22,50.05,50.08,339648,0
STPZ.US,D,20221223,000000,50.05,50.1001,50.0187,50.08,148664,0
STPZ.US,D,20221227,000000,50.04,50.09,49.97,49.97,201426,0
STPZ.US,D,20221228,000000,50.02,50.06,49.95,49.97,401653,0
STPZ.US,D,20221229,000000,49.96,49.96,49.9,49.96,226510,0
STPZ.US,D,20221230,000000,49.83,49.96,49.8042,49.87,248161,0
STPZ.US,D,20230103,000000,49.93,49.9631,49.84,49.865,145349,0
STPZ.US,D,20230104,000000,49.93,49.93,49.81,49.81,164785,0
STPZ.US,D,20230105,000000,49.73,49.82,49.69,49.78,133657,0
STPZ.US,D,20230106,000000,49.91,50.04,49.84,50.03,146279,0
STPZ.US,D,20230109,000000,50.06,50.12,50,50.01,121747,0
STPZ.US,D,20230110,000000,50.03,50.03,49.96,50,123050,0
STPZ.US,D,20230111,000000,50.02,50.04,49.97,50.035,199659,0
STPZ.US,D,20230112,000000,50.2,50.27,50.1379,50.25,622510,0
STPZ.US,D,20230113,000000,50.23,50.2771,50.1,50.11,446972,0
STPZ.US,D,20230117,000000,50.08,50.14,50.07,50.07,261983,0
STPZ.US,D,20230118,000000,50.23,50.2725,50.2,50.2,96118,0
STPZ.US,D,20230119,000000,50.21,50.37,50.17,50.35,176125,0
STPZ.US,D,20230120,000000,50.3,50.3,50.245,50.26,104195,0
STPZ.US,D,20230123,000000,50.22,50.3,50.22,50.23,188694,0
STPZ.US,D,20230124,000000,50.25,50.33,50.22,50.31,118441,0
STPZ.US,D,20230125,000000,50.34,50.37,50.3,50.36,117755,0
STPZ.US,D,20230126,000000,50.37,50.42,50.3318,50.37,152459,0
STPZ.US,D,20230127,000000,50.32,50.36,50.3001,50.33,198101,0
STPZ.US,D,20230130,000000,50.31,50.31,50.2,50.21,381270,0
STPZ.US,D,20230131,000000,50.24,50.27,50.1775,50.25,137857,0
STPZ.US,D,20230201,000000,50.33,50.485,50.195,50.45,122400,0
STPZ.US,D,20230202,000000,50.52,50.55,50.44,50.46,159922,0
STPZ.US,D,20230203,000000,50.35,50.35,50.1401,50.17,65519,0
STPZ.US,D,20230206,000000,50.05,50.0843,50.0101,50.02,94963,0
STPZ.US,D,20230207,000000,50.05,50.2869,50.05,50.16,116180,0
STPZ.US,D,20230208,000000,50.26,50.3,50.21,50.28,106071,0
STPZ.US,D,20230209,000000,50.34,50.34,50.18,50.18,152790,0
STPZ.US,D,20230210,000000,50.21,50.2383,50.13,50.13,162043,0
STPZ.US,D,20230213,000000,50.13,50.1499,50.1,50.14,96127,0
STPZ.US,D,20230214,000000,50.08,50.15,50,50.04,207246,0
STPZ.US,D,20230215,000000,50.05,50.14,50.05,50.09,511685,0
STPZ.US,D,20230216,000000,50.15,50.17,50.06,50.08,114473,0
STPZ.US,D,20230217,000000,50.01,50.1,50,50.08,86155,0
STPZ.US,D,20230221,000000,50.01,50.055,49.98,50.01,155427,0
STPZ.US,D,20230222,000000,50.09,50.13,49.95,49.95,195794,0
STPZ.US,D,20230223,000000,50.04,50.06,49.9708,50.03,62228,0
STPZ.US,D,20230224,000000,49.83,49.865,49.8029,49.84,102056,0
STPZ.US,D,20230227,000000,49.93,49.93,49.861,49.89,114155,0
STPZ.US,D,20230228,000000,49.91,50.0506,49.8901,49.98,113658,0
STPZ.US,D,20230301,000000,49.93,49.97,49.8802,49.96,119319,0
STPZ.US,D,20230302,000000,49.92,50.05,49.92,50,228452,0
STPZ.US,D,20230303,000000,50.02,50.23,50.02,50.2,190983,0
STPZ.US,D,20230306,000000,50.24,50.25,50.13,50.13,149752,0
STPZ.US,D,20230307,000000,50.09,50.1,49.85,49.85,268143,0
STPZ.US,D,20230308,000000,49.86,49.889,49.71,49.72,174242,0
STPZ.US,D,20230309,000000,49.84,49.9,49.82,49.84,141355,0
STPZ.US,D,20230310,000000,50,50.12,49.9725,50.1,349147,0
STPZ.US,D,20230313,000000,50.36,50.64,50.36,50.51,107676,0
STPZ.US,D,20230314,000000,50.47,50.5431,50.38,50.435,144151,0
STPZ.US,D,20230315,000000,50.61,50.865,50.61,50.79,161511,0
STPZ.US,D,20230316,000000,50.84,50.88,50.4214,50.45,84436,0
STPZ.US,D,20230317,000000,50.54,50.7,50.54,50.58,118332,0
STPZ.US,D,20230320,000000,50.65,50.65,50.5218,50.62,213688,0
STPZ.US,D,20230321,000000,50.49,50.66,50.49,50.53,142332,0
STPZ.US,D,20230322,000000,50.55,50.97,50.54,50.91,233542,0
STPZ.US,D,20230323,000000,50.98,51.07,50.945,51.01,145430,0
STPZ.US,D,20230324,000000,51.1,51.16,50.95,50.97,297429,0
STPZ.US,D,20230327,000000,50.82,50.87,50.77,50.79,103222,0
STPZ.US,D,20230328,000000,50.8,50.882,50.79,50.85,53678,0
STPZ.US,D,20230329,000000,50.8,50.9128,50.8,50.86,186310,0
STPZ.US,D,20230330,000000,50.92,50.95,50.895,50.9,120068,0
STPZ.US,D,20230331,000000,50.95,51.12,50.94,51.04,117419,0
STPZ.US,D,20230403,000000,51.08,51.1844,51.03,51.03,70656,0
STPZ.US,D,20230404,000000,50.89,51.2,50.8624,51.1,197485,0
STPZ.US,D,20230405,000000,51.06,51.32,50.8775,51.2,176822,0
STPZ.US,D,20230406,000000,51.25,51.2829,51.21,51.24,50279,0
STPZ.US,D,20230410,000000,51.06,51.0699,51.02,51.05,93700,0
STPZ.US,D,20230411,000000,51.05,51.055,51,51.02,67186,0
STPZ.US,D,20230412,000000,51.01,51.0933,50.9801,51.02,82633,0
STPZ.US,D,20230413,000000,51.07,51.1295,50.93,50.93,41944,0
STPZ.US,D,20230414,000000,50.9,50.92,50.835,50.87,153694,0
STPZ.US,D,20230417,000000,50.85,50.8769,50.78,50.78,51477,0
STPZ.US,D,20230418,000000,50.4,50.83,50.4,50.82,103004,0
STPZ.US,D,20230419,000000,50.76,50.8121,50.75,50.75,62617,0
STPZ.US,D,20230420,000000,50.84,50.91,50.84,50.86,100341,0
STPZ.US,D,20230421,000000,50.93,50.9606,50.867,50.89,79464,0
STPZ.US,D,20230424,000000,50.93,51.01,50.93,51,48810,0
STPZ.US,D,20230425,000000,51.09,51.18,51.08,51.16,63699,0
STPZ.US,D,20230426,000000,51.13,51.16,51.0583,51.085,74073,0
STPZ.US,D,20230427,000000,51.06,51.0729,50.94,50.94,535114,0
STPZ.US,D,20230428,000000,51.02,51.06,50.95,51.06,194192,0
STPZ.US,D,20230501,000000,50.83,50.87,50.737,50.77,104422,0
STPZ.US,D,20230502,000000,50.78,50.965,50.78,50.93,84108,0
STPZ.US,D,20230503,000000,51,51.08,50.96,51.07,108939,0
STPZ.US,D,20230504,000000,51.05,51.27,51.05,51.12,159470,0
STPZ.US,D,20230505,000000,51.08,51.09,51.01,51.05,57988,0
STPZ.US,D,20230508,000000,50.99,51.03,50.98,50.99,90384,0
STPZ.US,D,20230509,000000,50.97,50.9887,50.92,50.98,103499,0
STPZ.US,D,20230510,000000,51,51.06,50.98,51,86069,0
STPZ.US,D,20230511,000000,51.05,51.1,51,51.02,125983,0
STPZ.US,D,20230512,000000,50.99,51.0299,50.86,50.88,90263,0
STPZ.US,D,20230515,000000,50.86,50.9,50.86,50.9,46770,0
STPZ.US,D,20230516,000000,50.85,50.86,50.76,50.83,60768,0
STPZ.US,D,20230517,000000,50.81,50.83,50.76,50.78,208743,0
STPZ.US,D,20230518,000000,50.74,50.74,50.6539,50.68,81931,0
STPZ.US,D,20230519,000000,50.63,50.76,50.5901,50.62,66827,0
STPZ.US,D,20230522,000000,50.64,50.66,50.56,50.59,90213,0
STPZ.US,D,20230523,000000,50.6,50.68,50.6,50.67,57500,0
STPZ.US,D,20230524,000000,50.71,50.712,50.54,50.54,88357,0
STPZ.US,D,20230525,000000,50.46,50.5099,50.34,50.34,60999,0
STPZ.US,D,20230526,000000,50.34,50.4083,50.31,50.33,81288,0
STPZ.US,D,20230530,000000,50.39,50.48,50.39,50.47,51910,0
STPZ.US,D,20230531,000000,50.52,50.55,50.465,50.53,132338,0
STPZ.US,D,20230601,000000,50.48,50.56,50.48,50.53,38006,0
STPZ.US,D,20230602,000000,50.54,50.56,50.4101,50.45,174073,0
STPZ.US,D,20230605,000000,50.41,50.54,50.41,50.51,144644,0
STPZ.US,D,20230606,000000,50.47,50.48,50.42,50.45,110756,0
STPZ.US,D,20230607,000000,50.47,50.5,50.36,50.38,55377,0
STPZ.US,D,20230608,000000,50.46,50.5138,50.46,50.5,50692,0
STPZ.US,D,20230609,000000,50.43,50.46,50.36,50.36,56307,0
STPZ.US,D,20230612,000000,50.39,50.43,50.35,50.41,48778,0
STPZ.US,D,20230613,000000,50.45,50.452,50.2601,50.27,169215,0
STPZ.US,D,20230614,000000,50.37,50.43,50.23,50.29,150833,0
STPZ.US,D,20230615,000000,50.47,50.52,50.4584,50.49,346741,0
STPZ.US,D,20230616,000000,50.38,50.42,50.335,50.405,162413,0
STPZ.US,D,20230620,000000,50.41,50.45,50.4,50.4,97047,0
STPZ.US,D,20230621,000000,50.35,50.47,50.35,50.4,138886,0
STPZ.US,D,20230622,000000,50.37,50.44,50.34,50.34,164218,0
STPZ.US,D,20230623,000000,50.43,50.45,50.38,50.391,86021,0
STPZ.US,D,20230626,000000,50.42,50.45,50.381,50.39,52246,0
STPZ.US,D,20230627,000000,50.43,50.45,50.3,50.3,62664,0
STPZ.US,D,20230628,000000,50.38,50.42,50.335,50.37,45455,0
STPZ.US,D,20230629,000000,50.21,50.25,50.2008,50.22,134114,0
STPZ.US,D,20230630,000000,50.23,50.3025,50.205,50.3,64472,0
STPZ.US,D,20230703,000000,50.19,50.25,50.14,50.14,293301,0
STPZ.US,D,20230705,000000,50.15,50.1744,50.0701,50.08,702143,0
STPZ.US,D,20230706,000000,49.93,49.99,49.84,49.95,65183,0
STPZ.US,D,20230707,000000,49.98,50.0902,49.97,49.97,86624,0
STPZ.US,D,20230710,000000,50.04,50.11,50.04,50.07,46671,0
STPZ.US,D,20230711,000000,50.08,50.1,50.03,50.03,59772,0
STPZ.US,D,20230712,000000,50.18,50.3,50.18,50.28,244917,0
STPZ.US,D,20230713,000000,50.43,50.46,50.4055,50.44,74386,0
STPZ.US,D,20230714,000000,50.35,50.4,50.26,50.26,89977,0
STPZ.US,D,20230717,000000,50.31,50.34,50.29,50.3,110431,0
STPZ.US,D,20230718,000000,50.35,50.4,50.28,50.28,178375,0
STPZ.US,D,20230719,000000,50.34,50.37,50.3,50.34,91459,0
STPZ.US,D,20230720,000000,50.29,50.34,50.2383,50.31,72824,0
STPZ.US,D,20230721,000000,50.36,50.39,50.33,50.33,84624,0
STPZ.US,D,20230724,000000,50.35,50.39,50.35,50.365,68671,0
STPZ.US,D,20230725,000000,50.36,50.39,50.26,50.33,57446,0
STPZ.US,D,20230726,000000,50.3,50.41,50.29,50.39,62298,0
STPZ.US,D,20230727,000000,50.37,50.3802,50.221,50.24,100622,0
STPZ.US,D,20230728,000000,50.3,50.3555,50.29,50.34,47186,0
STPZ.US,D,20230731,000000,50.35,50.42,50.35,50.4,51392,0
STPZ.US,D,20230801,000000,50.28,50.3,50.22,50.22,113562,0
STPZ.US,D,20230802,000000,50.23,50.26,50.16,50.22,73390,0
STPZ.US,D,20230803,000000,50.18,50.2,50.146,50.15,67653,0
STPZ.US,D,20230804,000000,50.28,50.4099,50.28,50.39,311872,0
STPZ.US,D,20230807,000000,50.41,50.4762,50.3983,50.47,34472,0
STPZ.US,D,20230808,000000,50.45,50.4865,50.4207,50.43,82521,0
STPZ.US,D,20230809,000000,50.43,50.4694,50.39,50.4,129013,0
STPZ.US,D,20230810,000000,50.45,50.49,50.33,50.34,71435,0
STPZ.US,D,20230811,000000,50.3,50.335,50.27,50.28,85628,0
STPZ.US,D,20230814,000000,50.24,50.2659,50.2,50.2,77570,0
STPZ.US,D,20230815,000000,50.22,50.2863,50.13,50.14,44877,0
STPZ.US,D,20230816,000000,50.16,50.1919,50.06,50.07,72390,0
STPZ.US,D,20230817,000000,50.14,50.1699,50.08,50.11,31358,0
STPZ.US,D,20230818,000000,50.17,50.2173,50.16,50.16,42173,0
STPZ.US,D,20230821,000000,50.12,50.13,50.07,50.1,76439,0
STPZ.US,D,20230822,000000,50.12,50.13,50.09,50.11,49656,0
STPZ.US,D,20230823,000000,50.2,50.31,50.1763,50.31,66669,0
STPZ.US,D,20230824,000000,50.25,50.29,50.17,50.2,32166,0
STPZ.US,D,20230825,000000,50.18,50.2142,50.11,50.18,169573,0
STPZ.US,D,20230828,000000,50.2,50.22,50.17,50.2,62475,0
STPZ.US,D,20230829,000000,50.14,50.35,50.14,50.33,67204,0
STPZ.US,D,20230830,000000,50.38,50.4,50.31,50.31,140187,0
STPZ.US,D,20230831,000000,50.35,50.4,50.33,50.4,77466,0
STPZ.US,D,20230901,000000,50.33,50.33,50.2315,50.24,59329,0
STPZ.US,D,20230905,000000,50.24,50.26,50.2,50.23,45977,0
STPZ.US,D,20230906,000000,50.25,50.2564,50.14,50.14,36463,0
STPZ.US,D,20230907,000000,50.22,50.28,50.2101,50.27,57392,0
STPZ.US,D,20230908,000000,50.34,50.365,50.28,50.29,62544,0
STPZ.US,D,20230911,000000,50.29,50.34,50.285,50.33,46736,0
STPZ.US,D,20230912,000000,50.32,50.35,50.29,50.33,76081,0
STPZ.US,D,20230913,000000,50.34,50.405,50.34,50.375,186123,0
STPZ.US,D,20230914,000000,50.43,50.4362,50.351,50.37,90649,0
STPZ.US,D,20230915,000000,50.32,50.35,50.3,50.31,79954,0
STPZ.US,D,20230918,000000,50.22,50.35,50.22,50.33,46235,0
STPZ.US,D,20230919,000000,50.31,50.35,50.28,50.28,230544,0
STPZ.US,D,20230920,000000,50.32,50.36,50.18,50.19,471052,0
STPZ.US,D,20230921,000000,50.14,50.19,50.14,50.14,77093,0
STPZ.US,D,20230922,000000,50.17,50.24,50.17,50.21,40718,0
STPZ.US,D,20230925,000000,50.15,50.18,50.09,50.09,99973,0
STPZ.US,D,20230926,000000,50.11,50.12,50.02,50.035,65708,0
STPZ.US,D,20230927,000000,50.1,50.1,49.9803,50.025,85621,0
STPZ.US,D,20230928,000000,50.03,50.165,50.0281,50.15,52781,0
STPZ.US,D,20230929,000000,50.23,50.255,49.05,50.09,111444,0
STPZ.US,D,20231002,000000,49.99,50.02,49.93,49.96,56835,0
STPZ.US,D,20231003,000000,49.92,49.96,49.78,49.78,130543,0
STPZ.US,D,20231004,000000,49.82,49.88,49.81,49.88,152883,0
STPZ.US,D,20231005,000000,49.93,49.945,49.89,49.93,81568,0
STPZ.US,D,20231006,000000,49.75,49.87,49.75,49.855,59977,0
STPZ.US,D,20231009,000000,49.95,50.1,49.95,50.1,33787,0
STPZ.US,D,20231010,000000,50.04,50.14,50.04,50.1,49265,0
STPZ.US,D,20231011,000000,50.12,50.14,49.98,50.1394,32719,0
STPZ.US,D,20231012,000000,50.12,50.1405,50.05,50.095,63009,0
STPZ.US,D,20231013,000000,50.26,50.28,50.23,50.25,72156,0
STPZ.US,D,20231016,000000,50.22,50.25,50.2133,50.25,66405,0
STPZ.US,D,20231017,000000,50.13,50.15,50.07,50.07,47657,0
STPZ.US,D,20231018,000000,50.11,50.1494,50.05,50.05,43244,0
STPZ.US,D,20231019,000000,50.02,50.195,50.02,50.17,80323,0
STPZ.US,D,20231020,000000,50.25,50.2621,50.22,50.26,45166,0
STPZ.US,D,20231023,000000,50.15,50.21,50.13,50.21,39509,0
STPZ.US,D,20231024,000000,50.16,50.188,50.115,50.18,51179,0
STPZ.US,D,20231025,000000,50.13,50.155,50.101,50.15,73029,0
STPZ.US,D,20231026,000000,50.16,50.27,50.16,50.27,66090,0
STPZ.US,D,20231027,000000,50.27,50.34,50.25,50.32,129302,0
STPZ.US,D,20231030,000000,50.24,50.31,50.24,50.31,76696,0
STPZ.US,D,20231031,000000,50.3,50.3,50.23,50.25,47394,0
STPZ.US,D,20231101,000000,50.0601,50.265,50.0601,50.26,62127,0
STPZ.US,D,20231102,000000,50.34,50.34,50.2414,50.2533,43648,0
STPZ.US,D,20231103,000000,50.46,50.48,50.3927,50.45,36308,0
STPZ.US,D,20231106,000000,50.4,50.4,50.33,50.37,98126,0
STPZ.US,D,20231107,000000,50.33,50.39,50.282,50.39,78842,0
STPZ.US,D,20231108,000000,50.32,50.35,50.32,50.35,138722,0
STPZ.US,D,20231109,000000,50.32,50.34,50.175,50.2,104475,0
STPZ.US,D,20231110,000000,50.24,50.25,50.1634,50.18,65407,0
STPZ.US,D,20231113,000000,50.12,50.22,50.12,50.22,39731,0
STPZ.US,D,20231114,000000,50.4,50.45,50.4,50.45,33526,0
STPZ.US,D,20231115,000000,50.31,50.33,50.27,50.33,51259,0
STPZ.US,D,20231116,000000,50.37,50.4176,50.37,50.4,59028,0
STPZ.US,D,20231117,000000,50.42,50.43,50.38,50.43,62751,0
STPZ.US,D,20231120,000000,50.41,50.485,50.41,50.4846,45737,0
STPZ.US,D,20231121,000000,50.48,50.51,50.43,50.47,103187,0
STPZ.US,D,20231122,000000,50.44,50.49,50.3844,50.49,125040,0
STPZ.US,D,20231124,000000,50.43,50.43,50.3901,50.3945,15737,0
STPZ.US,D,20231127,000000,50.41,50.46,50.4002,50.46,48165,0
STPZ.US,D,20231128,000000,50.43,50.6254,50.43,50.62,83655,0
STPZ.US,D,20231129,000000,50.72,50.74,50.68,50.7,16069,0
STPZ.US,D,20231130,000000,50.71,50.71,50.63,50.63,45117,0
STPZ.US,D,20231201,000000,50.55,50.75,50.55,50.74,41180,0
STPZ.US,D,20231204,000000,50.63,50.67,50.6,50.65,45012,0
STPZ.US,D,20231205,000000,50.65,50.74,50.65,50.68,82227,0
STPZ.US,D,20231206,000000,50.67,50.67,50.6015,50.66,59320,0
STPZ.US,D,20231207,000000,50.66,50.685,50.63,50.66,122572,0
STPZ.US,D,20231208,000000,50.54,50.59,50.51,50.59,191956,0
STPZ.US,D,20231211,000000,50.52,50.56,50.48,50.55,75327,0
STPZ.US,D,20231212,000000,50.53,50.555,50.49,50.54,122300,0
STPZ.US,D,20231213,000000,50.57,50.94,50.55,50.93,157119,0
STPZ.US,D,20231214,000000,51.13,51.24,51.13,51.2,294086,0
STPZ.US,D,20231215,000000,51.09,51.14,51.09,51.14,80290,0
STPZ.US,D,20231218,000000,51.12,51.14,51.0899,51.1,44924,0
STPZ.US,D,20231219,000000,51.14,51.15,51.071,51.11,116226,0
STPZ.US,D,20231220,000000,51.16,51.2,51.11,51.18,101866,0
STPZ.US,D,20231221,000000,51.22,51.25,51.1635,51.2,86073,0
STPZ.US,D,20231222,000000,51.26,51.26,51.0887,51.15,48273,0
STPZ.US,D,20231226,000000,51.14,51.19,51.14,51.165,29556,0
STPZ.US,D,20231227,000000,51.19,51.27,51.19,51.24,83107,0
STPZ.US,D,20231228,000000,51.21,51.2438,51.1501,51.165,178041,0
STPZ.US,D,20231229,000000,51.12,51.215,51.11,51.15,111239,0
STPZ.US,D,20240102,000000,51.1,51.1468,51.1,51.14,66794,0
STPZ.US,D,20240103,000000,51.08,51.19,51.08,51.19,66053,0
STPZ.US,D,20240104,000000,51.1009,51.13,51.08,51.11,79485,0
STPZ.US,D,20240105,000000,51.05,51.1636,51.0406,51.059,24517,0
STPZ.US,D,20240108,000000,51.03,51.15,51.03,51.11,113924,0
STPZ.US,D,20240109,000000,51.08,51.1179,51.08,51.08,35936,0
STPZ.US,D,20240110,000000,51.14,51.14,51.0542,51.075,202590,0
STPZ.US,D,20240111,000000,51.17,51.27,51.17,51.27,42738,0
STPZ.US,D,20240112,000000,51.36,51.43,51.36,51.4,28871,0
STPZ.US,D,20240116,000000,51.32,51.38,51.26,51.29,50158,0
STPZ.US,D,20240117,000000,51.15,51.2,51.1426,51.1889,73305,0
STPZ.US,D,20240118,000000,51.2,51.24,51.14,51.22,42961,0
STPZ.US,D,20240119,000000,51.2,51.2,51.16,51.19,33321,0
STPZ.US,D,20240122,000000,51.2,51.24,51.2,51.21,57565,0
STPZ.US,D,20240123,000000,51.14,51.18,51.13,51.18,31959,0
STPZ.US,D,20240124,000000,51.18,51.1899,51.12,51.12,37880,0
STPZ.US,D,20240125,000000,51.22,51.26,51.1644,51.25,77834,0
STPZ.US,D,20240126,000000,51.235,51.24,51.21,51.22,23682,0
STPZ.US,D,20240129,000000,51.29,51.32,51.271,51.32,26643,0
STPZ.US,D,20240130,000000,51.315,51.3357,51.2401,51.27,40510,0
STPZ.US,D,20240131,000000,51.35,51.425,51.3116,51.42,58246,0
STPZ.US,D,20240201,000000,51.46,51.5262,51.385,51.39,26183,0
STPZ.US,D,20240202,000000,51.18,51.19,51.085,51.12,70200,0
STPZ.US,D,20240205,000000,51.07,51.08,51.01,51.04,42556,0
STPZ.US,D,20240206,000000,51.08,51.175,51.08,51.16,57351,0
STPZ.US,D,20240207,000000,51.13,51.19,51.12,51.12,26036,0
STPZ.US,D,20240208,000000,51.11,51.13,51.105,51.13,13895,0
STPZ.US,D,20240209,000000,51.09,51.12,51.08,51.09,25560,0
STPZ.US,D,20240212,000000,51.11,51.1196,51.08,51.1,23988,0
STPZ.US,D,20240213,000000,51.01,51.03,50.945,50.95,55636,0
STPZ.US,D,20240214,000000,51.04,51.11,51.04,51.06,40855,0
STPZ.US,D,20240215,000000,51.16,51.1612,51.13,51.13,37753,0
STPZ.US,D,20240216,000000,51.04,51.09,51.0301,51.09,24199,0
STPZ.US,D,20240220,000000,51.13,51.15,51.12,51.13,56473,0
STPZ.US,D,20240221,000000,51.16,51.16,51.045,51.09,48772,0
STPZ.US,D,20240222,000000,51.05,51.0925,51.0089,51.03,173287,0
STPZ.US,D,20240223,000000,51.02,51.08,51.02,51.06,31340,0
STPZ.US,D,20240226,000000,50.97,51.08,50.97,51.08,24723,0
STPZ.US,D,20240227,000000,51.07,51.095,51.0514,51.07,109534,0
STPZ.US,D,20240228,000000,51.11,51.16,51.11,51.155,34522,0
STPZ.US,D,20240229,000000,51.18,51.245,51.18,51.24,38610,0
STPZ.US,D,20240301,000000,51.24,51.375,51.205,51.36,198995,0
STPZ.US,D,20240304,000000,51.33,51.355,51.3001,51.33,54555,0
STPZ.US,D,20240305,000000,51.36,51.41,51.36,51.39,59513,0
STPZ.US,D,20240306,000000,51.43,51.5,51.39,51.39,83869,0
STPZ.US,D,20240307,000000,51.43,51.45,51.405,51.44,102195,0
STPZ.US,D,20240308,000000,51.52,51.53,51.46,51.46,127718,0
STPZ.US,D,20240311,000000,51.45,51.46,51.4,51.41,31296,0
STPZ.US,D,20240312,000000,51.4,51.415,51.36,51.37,83145,0
STPZ.US,D,20240313,000000,51.39,51.41,51.34,51.35,255383,0
STPZ.US,D,20240314,000000,51.31,51.32,51.2428,51.26,69625,0
STPZ.US,D,20240315,000000,51.22,51.2651,51.21,51.21,107892,0
STPZ.US,D,20240318,000000,51.22,51.24,51.2,51.22,54011,0
STPZ.US,D,20240319,000000,51.26,51.31,51.26,51.28,44760,0
STPZ.US,D,20240320,000000,51.3,51.42,51.29,51.42,63417,0
STPZ.US,D,20240321,000000,51.49,51.5039,51.445,51.45,39601,0
STPZ.US,D,20240322,000000,51.56,51.56,51.51,51.52,113635,0
STPZ.US,D,20240325,000000,51.53,51.53,51.46,51.48,17283,0
STPZ.US,D,20240326,000000,51.46,51.4775,51.4457,51.45,49570,0
STPZ.US,D,20240327,000000,51.49,51.5306,51.49,51.525,45437,0
STPZ.US,D,20240328,000000,51.47,51.53,51.47,51.5,27996,0
STPZ.US,D,20240401,000000,51.36,51.38,51.26,51.26,132049,0
STPZ.US,D,20240402,000000,51.27,51.33,51.25,51.33,40244,0
STPZ.US,D,20240403,000000,51.28,51.36,51.26,51.36,57025,0
STPZ.US,D,20240404,000000,51.4,51.47,51.35,51.47,120927,0
STPZ.US,D,20240405,000000,51.4,51.44,51.39,51.395,82843,0
STPZ.US,D,20240408,000000,51.35,51.3803,51.3315,51.34,46482,0
STPZ.US,D,20240409,000000,51.4,51.44,51.4,51.4,66039,0
STPZ.US,D,20240410,000000,51.27,51.29,51.18,51.19,136184,0
STPZ.US,D,20240411,000000,51.23,51.25,51.17,51.195,155570,0
STPZ.US,D,20240412,000000,51.31,51.365,51.29,51.29,78903,0
STPZ.US,D,20240415,000000,51.2,51.28,51.18,51.28,222088,0
STPZ.US,D,20240416,000000,51.23,51.2603,51.21,51.22,22447,0
STPZ.US,D,20240417,000000,51.23,51.295,51.23,51.26,63393,0
STPZ.US,D,20240418,000000,51.28,51.28,51.21,51.25,146409,0
STPZ.US,D,20240419,000000,51.26,51.31,51.26,51.28,62640,0
STPZ.US,D,20240422,000000,51.2699,51.299,51.26,51.285,24255,0
STPZ.US,D,20240423,000000,51.27,51.355,51.26,51.31,48395,0
STPZ.US,D,20240424,000000,51.31,51.31,51.2701,51.3,56878,0
STPZ.US,D,20240425,000000,51.21,51.251,51.21,51.25,29752,0
STPZ.US,D,20240426,000000,51.28,51.325,51.28,51.3,84552,0
STPZ.US,D,20240429,000000,51.31,51.36,51.31,51.32,93988,0
STPZ.US,D,20240430,000000,51.28,51.285,51.225,51.24,151679,0
STPZ.US,D,20240501,000000,51.12,51.2,51.04,51.14,113318,0
STPZ.US,D,20240502,000000,51.18,51.27,51.171,51.265,23434,0
STPZ.US,D,20240503,000000,51.42,51.42,51.35,51.365,24024,0
STPZ.US,D,20240506,000000,51.38,51.38,51.35,51.35,28908,0
STPZ.US,D,20240507,000000,51.37,51.385,51.32,51.33,56770,0
STPZ.US,D,20240508,000000,51.29,51.34,51.29,51.33,140737,0
STPZ.US,D,20240509,000000,51.37,51.44,51.37,51.44,199970,0
STPZ.US,D,20240510,000000,51.43,51.44,51.37,51.3899,106870,0
STPZ.US,D,20240513,000000,51.42,51.44,51.38,51.39,33312,0
STPZ.US,D,20240514,000000,51.4,51.44,51.4,51.44,31251,0
STPZ.US,D,20240515,000000,51.51,51.5563,51.4899,51.55,31415,0
STPZ.US,D,20240516,000000,51.55,51.55,51.5121,51.52,59872,0
STPZ.US,D,20240517,000000,51.54,51.55,51.5126,51.52,75000,0
STPZ.US,D,20240520,000000,51.49,51.525,51.49,51.52,79501,0
STPZ.US,D,20240521,000000,51.56,51.585,51.56,51.58,215082,0
STPZ.US,D,20240522,000000,51.54,51.57,51.52,51.54,106943,0
STPZ.US,D,20240523,000000,51.56,51.57,51.46,51.47,78191,0
STPZ.US,D,20240524,000000,51.45,51.5072,51.45,51.5,22766,0
STPZ.US,D,20240528,000000,51.55,51.565,51.47,51.49,33444,0
STPZ.US,D,20240529,000000,51.48,51.48,51.4124,51.445,36662,0
STPZ.US,D,20240530,000000,51.51,51.5402,51.51,51.54,23205,0
STPZ.US,D,20240531,000000,51.59,51.64,51.58,51.64,245494,0
STPZ.US,D,20240603,000000,51.34,51.405,51.34,51.4,23945,0
STPZ.US,D,20240604,000000,51.44,51.45,51.41,51.45,16909,0
STPZ.US,D,20240605,000000,51.47,51.52,51.41,51.52,18995,0
STPZ.US,D,20240606,000000,51.47,51.52,51.47,51.51,30603,0
STPZ.US,D,20240607,000000,51.35,51.45,51.31,51.45,14679,0
STPZ.US,D,20240610,000000,51.3,51.32,51.3,51.305,13521,0
STPZ.US,D,20240611,000000,51.32,51.375,51.3136,51.35,13817,0
STPZ.US,D,20240612,000000,51.48,51.49,51.345,51.36,45357,0
STPZ.US,D,20240613,000000,51.44,51.5,51.43,51.455,36069,0
STPZ.US,D,20240614,000000,51.48,51.48,51.43,51.45,49436,0
STPZ.US,D,20240617,000000,51.43,51.45,51.42,51.45,23127,0
STPZ.US,D,20240618,000000,51.51,51.571,51.51,51.57,53339,0
STPZ.US,D,20240620,000000,51.5,51.59,51.5,51.58,40527,0
STPZ.US,D,20240621,000000,51.65,51.66,51.57,51.575,17740,0
STPZ.US,D,20240624,000000,51.59,51.59,51.55,51.575,20672,0
STPZ.US,D,20240625,000000,51.59,51.59,51.56,51.59,24790,0
STPZ.US,D,20240626,000000,51.53,51.57,51.5201,51.56,22452,0
STPZ.US,D,20240627,000000,51.61,51.64,51.61,51.64,57771,0
STPZ.US,D,20240628,000000,51.72,51.72,51.64,51.64,413547,0
STPZ.US,D,20240701,000000,51.41,51.45,51.41,51.45,49103,0
STPZ.US,D,20240702,000000,51.52,51.52,51.47,51.47,17296,0
STPZ.US,D,20240703,000000,51.49,51.58,51.49,51.54,18331,0
STPZ.US,D,20240705,000000,51.65,51.6986,51.62,51.66,27030,0
STPZ.US,D,20240708,000000,51.64,51.675,51.64,51.64,25815,0
STPZ.US,D,20240709,000000,51.65,51.67,51.61,51.635,26738,0
STPZ.US,D,20240710,000000,51.65,51.67,51.635,51.65,24928,0
STPZ.US,D,20240711,000000,51.72,51.75,51.7,51.72,34242,0
STPZ.US,D,20240712,000000,51.74,51.75,51.71,51.74,18921,0
STPZ.US,D,20240715,000000,51.78,51.81,51.77,51.8,32295,0
STPZ.US,D,20240716,000000,51.8,51.83,51.7763,51.82,23647,0
STPZ.US,D,20240717,000000,51.8,51.85,51.7943,51.83,21113,0
STPZ.US,D,20240718,000000,51.8,51.84,51.8,51.81,30662,0
STPZ.US,D,20240719,000000,51.76,51.77,51.72,51.74,14061,0
STPZ.US,D,20240722,000000,51.69,51.7,51.65,51.7,30441,0
STPZ.US,D,20240723,000000,51.71,51.75,51.7,51.7,22113,0
STPZ.US,D,20240724,000000,51.76,51.8,51.715,51.78,90474,0
STPZ.US,D,20240725,000000,51.74,51.76,51.711,51.72,28804,0
STPZ.US,D,20240726,000000,51.82,51.83,51.79,51.79,45650,0
STPZ.US,D,20240729,000000,51.84,51.84,51.79,51.83,17842,0
STPZ.US,D,20240730,000000,51.85,51.86,51.81,51.82,44071,0
STPZ.US,D,20240731,000000,51.92,52.01,51.8501,52,40364,0
STPZ.US,D,20240801,000000,51.98,52.0399,51.965,52.01,86469,0
STPZ.US,D,20240802,000000,52.1,52.16,52.04,52.12,115273,0
STPZ.US,D,20240805,000000,52.15,52.19,52.05,52.18,43556,0
STPZ.US,D,20240806,000000,52.065,52.09,52.03,52.04,37804,0
STPZ.US,D,20240807,000000,52.03,52.05,51.995,52.01,24297,0
STPZ.US,D,20240808,000000,51.935,51.98,51.92,51.97,70272,0
STPZ.US,D,20240809,000000,52.04,52.04,51.99,52.02,32073,0
STPZ.US,D,20240812,000000,52,52.12,52,52.12,23779,0
STPZ.US,D,20240813,000000,52.16,52.18,52.14,52.17,29492,0
STPZ.US,D,20240814,000000,52.14,52.21,52.14,52.145,108815,0
STPZ.US,D,20240815,000000,51.95,52.0901,51.95,52.05,32100,0
STPZ.US,D,20240816,000000,52.1,52.104,52.045,52.055,68507,0
STPZ.US,D,20240819,000000,52.065,52.09,52.0315,52.045,19964,0
STPZ.US,D,20240820,000000,52.11,52.15,52.1,52.15,30773,0
STPZ.US,D,20240821,000000,52.176,52.23,52.14,52.205,25974,0
STPZ.US,D,20240822,000000,52.15,52.15,52.08,52.12,12538,0
STPZ.US,D,20240823,000000,52.17,52.34,51.97,52.325,54633,0
STPZ.US,D,20240826,000000,52.3812,52.4068,52.345,52.345,29657,0
STPZ.US,D,20240827,000000,52.33,52.369,52.315,52.35,164071,0
STPZ.US,D,20240828,000000,52.36,52.37,52.345,52.355,46042,0
STPZ.US,D,20240829,000000,52.3374,52.35,52.32,52.335,18833,0
STPZ.US,D,20240830,000000,52.31,52.325,52.26,52.26,21110,0
STPZ.US,D,20240903,000000,52.3,52.325,52.265,52.275,51007,0
STPZ.US,D,20240904,000000,52.27,52.35,52.25,52.34,34408,0
STPZ.US,D,20240905,000000,52.39,52.39,52.325,52.335,48207,0
STPZ.US,D,20240906,000000,52.45,52.49,52.385,52.42,26939,0
STPZ.US,D,20240909,000000,52.44,52.4752,52.42,52.455,15464,0
STPZ.US,D,20240910,000000,52.45,52.525,52.45,52.52,25997,0
STPZ.US,D,20240911,000000,52.53,52.615,52.53,52.565,34049,0
STPZ.US,D,20240912,000000,52.56,52.61,52.55,52.59,60279,0
STPZ.US,D,20240913,000000,52.74,52.74,52.705,52.73,71876,0
STPZ.US,D,20240916,000000,52.76,52.795,52.7525,52.785,17739,0
STPZ.US,D,20240917,000000,52.75,52.79,52.75,52.779,18603,0
STPZ.US,D,20240918,000000,52.73,52.85,52.71,52.7177,24808,0
STPZ.US,D,20240919,000000,52.74,52.84,52.74,52.84,24076,0
STPZ.US,D,20240920,000000,52.82,52.87,52.77,52.859,20185,0
STPZ.US,D,20240923,000000,52.81,52.87,52.79,52.85,15047,0
STPZ.US,D,20240924,000000,52.89,52.97,52.86,52.96,30257,0
STPZ.US,D,20240925,000000,52.92,52.92,52.875,52.879,15129,0
STPZ.US,D,20240926,000000,52.85,52.85,52.7898,52.7898,15433,0
STPZ.US,D,20240927,000000,52.83,52.895,52.83,52.88,33862,0
STPZ.US,D,20240930,000000,52.87,52.88,52.79,52.8249,25018,0
STPZ.US,D,20241001,000000,52.81,52.9199,52.81,52.8651,24120,0
STPZ.US,D,20241002,000000,52.83,52.8838,52.83,52.875,42464,0
STPZ.US,D,20241003,000000,52.81,52.8547,52.79,52.8,13143,0
STPZ.US,D,20241004,000000,52.64,52.66,52.55,52.55,25299,0
STPZ.US,D,20241007,000000,52.5,52.57,52.5,52.555,78760,0
STPZ.US,D,20241008,000000,52.54,52.58,52.51,52.57,52817,0
STPZ.US,D,20241009,000000,52.51,52.535,52.49,52.535,22877,0
STPZ.US,D,20241010,000000,52.6,52.67,52.58,52.65,52481,0
STPZ.US,D,20241011,000000,52.67,52.745,52.67,52.71,13464,0
STPZ.US,D,20241014,000000,52.57,52.89,52.56,52.66,90732,0
STPZ.US,D,20241015,000000,52.65,52.69,52.6401,52.645,89987,0
STPZ.US,D,20241016,000000,52.67,52.675,52.65,52.66,100061,0
STPZ.US,D,20241017,000000,52.6,52.615,52.59,52.61,149184,0
STPZ.US,D,20241018,000000,52.67,52.68,52.65,52.65,29300,0
STPZ.US,D,20241021,000000,52.61,52.6249,52.52,52.522,12825,0
STPZ.US,D,20241022,000000,52.56,52.5613,52.53,52.55,19458,0
STPZ.US,D,20241023,000000,52.48,52.5,52.45,52.46,21158,0
STPZ.US,D,20241024,000000,52.49,52.54,52.47,52.47,27675,0
STPZ.US,D,20241025,000000,52.5,52.51,52.43,52.435,15591,0
STPZ.US,D,20241028,000000,52.39,52.395,52.32,52.36,35539,0
STPZ.US,D,20241029,000000,52.32,52.4153,52.31,52.4153,12691,0
STPZ.US,D,20241030,000000,52.45,52.4549,52.39,52.42,36995,0
STPZ.US,D,20241031,000000,52.42,52.44,52.3403,52.42,117252,0
STPZ.US,D,20241101,000000,52.45,52.48,52.28,52.295,37146,0
STPZ.US,D,20241104,000000,52.39,52.3901,52.28,52.32,16118,0
STPZ.US,D,20241105,000000,52.28,52.315,52.23,52.29,14678,0
STPZ.US,D,20241106,000000,52.27,52.442,52.27,52.405,20442,0
STPZ.US,D,20241107,000000,52.45,52.52,52.43,52.5,18225,0
STPZ.US,D,20241108,000000,52.51,52.53,52.48,52.49,17636,0
STPZ.US,D,20241111,000000,52.44,52.44,52.37,52.4047,49680,0
STPZ.US,D,20241112,000000,52.375,52.395,52.3,52.33,141963,0
STPZ.US,D,20241113,000000,52.38,52.4,52.32,52.344068,16798,0
STPZ.US,D,20241114,000000,52.355,52.4254,52.28,52.4,570040,0
STPZ.US,D,20241115,000000,52.26,52.38,52.26,52.35,37704,0
STPZ.US,D,20241118,000000,52.37,52.43,52.37,52.4,41885,0
STPZ.US,D,20241119,000000,52.47,52.49,52.45,52.46,28316,0
STPZ.US,D,20241120,000000,52.47,52.53,52.45,52.465,88737,0
STPZ.US,D,20241121,000000,52.505,52.505,52.4203,52.43,51565,0
STPZ.US,D,20241122,000000,52.42,52.47,52.42,52.42,24034,0
STPZ.US,D,20241125,000000,52.5132,52.52,52.4723,52.5,38123,0
STPZ.US,D,20241126,000000,52.5,52.53,52.461,52.475,45272,0
STPZ.US,D,20241127,000000,52.56,52.58,52.54,52.545,32225,0
STPZ.US,D,20241129,000000,52.61,52.68,52.58,52.61,22424,0
STPZ.US,D,20241202,000000,52.4712,52.5299,52.47,52.49,82256,0
STPZ.US,D,20241203,000000,52.5618,52.58,52.5271,52.55,19977,0
STPZ.US,D,20241204,000000,52.54,52.6314,52.54,52.615,55133,0
STPZ.US,D,20241205,000000,52.57,52.59,52.55,52.575,20622,0
STPZ.US,D,20241206,000000,52.67,52.67,52.6001,52.614,15501,0
STPZ.US,D,20241209,000000,52.6,52.6,52.58,52.58,48354,0
STPZ.US,D,20241210,000000,52.56,52.59,52.5409,52.575,23801,0
STPZ.US,D,20241211,000000,52.61,52.63,52.5712,52.585,28457,0
STPZ.US,D,20241212,000000,52.6,52.6,52.5419,52.545,93771,0
STPZ.US,D,20241213,000000,52.55,52.55,52.4715,52.485,28696,0
STPZ.US,D,20241216,000000,52.495,52.5,52.445,52.445,18138,0
STPZ.US,D,20241217,000000,52.4399,52.4417,52.41,52.415,27621,0
STPZ.US,D,20241218,000000,52.47,52.49,52.225,52.225,26747,0
STPZ.US,D,20241219,000000,52.275,52.295,52.1248,52.19,28600,0
STPZ.US,D,20241220,000000,52.28,52.295,52.244,52.2501,43039,0
STPZ.US,D,20241223,000000,52.24,52.24,52.21,52.225,66161,0
STPZ.US,D,20241224,000000,52.225,52.2688,52.215,52.265,24768,0
STPZ.US,D,20241226,000000,52.235,52.295,52.22,52.275,27960,0
STPZ.US,D,20241227,000000,52.29,52.2982,52.24,52.24,41276,0
STPZ.US,D,20241230,000000,52.35,52.375,52.32,52.3499,55567,0
STPZ.US,D,20241231,000000,52.335,52.35,52.28,52.2992,36318,0
STPZ.US,D,20250102,000000,52.3601,52.38,52.325,52.345,166482,0
STPZ.US,D,20250103,000000,52.38,52.4539,52.29,52.29,32593,0
STPZ.US,D,20250106,000000,52.29,52.33,52.28,52.31,81512,0
STPZ.US,D,20250107,000000,52.33,52.335,52.29,52.31,22337,0
STPZ.US,D,20250108,000000,52.36,52.4,52.35,52.395,24981,0
STPZ.US,D,20250110,000000,52.37,52.3856,52.29,52.305,123998,0
STPZ.US,D,20250113,000000,52.3345,52.36,52.31,52.339,112907,0
STPZ.US,D,20250114,000000,52.3803,52.4,52.36,52.395,266259,0
STPZ.US,D,20250115,000000,52.55,52.58,52.535,52.58,27225,0
STPZ.US,D,20250116,000000,52.575,52.67,52.56,52.635,21477,0
STPZ.US,D,20250117,000000,52.64,52.65,52.615,52.63,29745,0
STPZ.US,D,20250121,000000,52.59,52.61,52.555,52.57,36030,0
STPZ.US,D,20250122,000000,52.58,52.6,52.49,52.545,319916,0
STPZ.US,D,20250123,000000,52.515,52.61,52.5,52.61,28119,0
STPZ.US,D,20250124,000000,52.595,52.65,52.58,52.635,28012,0
STPZ.US,D,20250127,000000,52.7305,52.75,52.695,52.725,11304,0
STPZ.US,D,20250128,000000,52.7301,52.77,52.705,52.76,14925,0
STPZ.US,D,20250129,000000,52.77,52.78,52.665,52.735,27574,0
STPZ.US,D,20250130,000000,52.7803,52.79,52.74,52.765,27116,0
STPZ.US,D,20250131,000000,52.8,52.83,52.765,52.83,17953,0
STPZ.US,D,20250203,000000,52.83,53.025,52.21,52.895,56884,0
STPZ.US,D,20250204,000000,52.81,52.95,52.8,52.95,129219,0
STPZ.US,D,20250205,000000,52.98,53.025,52.97,52.99,25820,0
STPZ.US,D,20250206,000000,52.98,52.985,52.92,52.92,243440,0
STPZ.US,D,20250207,000000,52.89,52.9189,52.85,52.875,20646,0
STPZ.US,D,20250210,000000,52.955,52.96,52.915,52.93,86332,0
STPZ.US,D,20250211,000000,52.96,52.96,52.92,52.94,58003,0
STPZ.US,D,20250212,000000,52.91,52.91,52.83,52.83,41731,0
STPZ.US,D,20250213,000000,52.915,52.955,52.915,52.935,61167,0
STPZ.US,D,20250214,000000,53.025,53.04,53.0005,53.005,18939,0
STPZ.US,D,20250218,000000,52.97,52.99,52.955,52.955,23974,0
STPZ.US,D,20250219,000000,53,53.04,52.9965,53.035,16509,0
STPZ.US,D,20250220,000000,53.075,53.1,53.07,53.09,31343,0
STPZ.US,D,20250221,000000,53.1,53.155,53.08,53.13,16269,0
STPZ.US,D,20250224,000000,53.12,53.185,53.12,53.185,30080,0
STPZ.US,D,20250225,000000,53.29,53.3,53.265,53.27,27252,0
STPZ.US,D,20250226,000000,53.27,53.31,53.255,53.295,25924,0
STPZ.US,D,20250227,000000,53.29,53.36,53.29,53.36,52241,0
STPZ.US,D,20250228,000000,53.43,53.54,53.43,53.54,70678,0
STPZ.US,D,20250303,000000,53.435,53.59,53.435,53.59,38327,0
STPZ.US,D,20250304,000000,53.66,53.685,53.525,53.559,50910,0
STPZ.US,D,20250305,000000,53.53,53.54,53.39,53.3906,27669,0
STPZ.US,D,20250306,000000,53.38,53.44,53.2944,53.36,24642,0
STPZ.US,D,20250307,000000,53.46,53.49,53.345,53.38,145504,0
STPZ.US,D,20250310,000000,53.485,53.54,53.46,53.512,44633,0
STPZ.US,D,20250311,000000,53.535,53.592,53.47,53.495,94968,0
STPZ.US,D,20250312,000000,53.45,53.515,53.44,53.47,71690,0
STPZ.US,D,20250313,000000,53.44,53.5637,53.43,53.49,99688,0
STPZ.US,D,20250314,000000,53.48,53.48,53.4034,53.41,18155,0
STPZ.US,D,20250317,000000,53.4,53.45,53.3801,53.385,26551,0
STPZ.US,D,20250318,000000,53.41,53.445,53.4,53.425,119969,0
STPZ.US,D,20250319,000000,53.39,53.57,53.3749,53.565,76929,0
STPZ.US,D,20250320,000000,53.64,53.64,53.59,53.63,161673,0
STPZ.US,D,20250321,000000,53.705,53.71,53.64,53.64,221974,0
STPZ.US,D,20250324,000000,53.64,53.65,53.5881,53.605,50523,0
STPZ.US,D,20250325,000000,53.63,53.6785,53.61,53.675,12591,0
STPZ.US,D,20250326,000000,53.665,53.7,53.655,53.68,57758,0
STPZ.US,D,20250327,000000,53.75,53.81,53.75,53.81,59089,0
STPZ.US,D,20250328,000000,53.89,53.97,53.87,53.96,84749,0
STPZ.US,D,20250331,000000,54.05,54.0808,54,54.02,416138,0
STPZ.US,D,20250401,000000,53.69,53.75,53.66,53.68,46024,0
STPZ.US,D,20250402,000000,53.7499,53.76,53.59,53.63,117652,0
STPZ.US,D,20250403,000000,53.99,54.1033,53.96,53.98,122090,0
STPZ.US,D,20250404,000000,54.045,54.0699,53.78,53.85,87916,0
