Symbol,Name,Last Sale,Net Change,% Change,Market Cap,Country,IPO Year,Volume,Sector,Industry,security_category,traded_by_fixed_top3,financial_state
AAL,American Airlines Group Inc. Common Stock,$14.95,0.475,3.282%,9896450767.0,United States,,47090967.0,Consumer Discretionary,Air Freight/Delivery Services,OPERATING_COMMON_EQUITY,False,FRESH
AAOI,"Applied Optoelectronics, Inc. Common Stock",$97.82,-2.33,-2.327%,7849347468.0,United States,2013.0,3100285.0,Technology,Semiconductors,OPERATING_COMMON_EQUITY,False,FRESH
AAON,"AAON, Inc. Common Stock",$101.02,-1.65,-1.607%,8274720944.0,United States,,443987.0,Industrials,Industrial Machinery/Components,OPERATING_COMMON_EQUITY,True,FRESH
AAPG,Ascentage Pharma Group International American Depository Shares,$18.89,0.60,3.28%,1763014052.0,China,2025.0,4835.0,Health Care,Biotechnology: Pharmaceutical Preparations,OPERATING_COMMON_EQUITY,False,MISSING
AAPL,Apple Inc. Common Stock,$336.91,3.89,1.168%,4948317109960.0,United States,1980.0,54737850.0,Technology,Computer Manufacturing,OPERATING_COMMON_EQUITY,False,FRESH
ABAT,American Battery Technology Company Common Stock,$2.27,0.06,2.715%,309660708.0,,,,,,OPERATING_COMMON_EQUITY,False,FRESH
ABCL,AbCellera Biologics Inc. Common Shares,$5.25,-0.06,-1.13%,1546994043.0,Canada,2020.0,3386920.0,Health Care,Pharmaceuticals and Biotechnology,OPERATING_COMMON_EQUITY,False,FRESH
ABEO,Abeona Therapeutics Inc. Common Stock,$6.13,0.08,1.322%,349380233.0,,,,,,OPERATING_COMMON_EQUITY,False,FRESH
ABNB,"Airbnb, Inc. Class A Common Stock",$146.86,5.76,4.082%,88513244992.0,United States,2020.0,3690187.0,Finance,Diversified Commercial Services,OPERATING_COMMON_EQUITY,False,FRESH
ABSI,Absci Corporation Common Stock,$7.56,UNCH,--,1178642223.0,United States,2021.0,2940739.0,Health Care,Biotechnology: Commercial Physical & Biological Resarch,OPERATING_COMMON_EQUITY,False,FRESH
ABTC,American Bitcoin Corp. Class A Common Stock,$5.87,0.15,2.622%,415992501.0,,,,,,OPERATING_COMMON_EQUITY,False,FRESH
ABUS,Arbutus Biopharma Corporation Common Stock,$4.41,0.03,0.685%,871141301.0,Canada,,1052601.0,Health Care,Biotechnology: Pharmaceutical Preparations,OPERATING_COMMON_EQUITY,False,FRESH
ABVX,Abivax SA American Depositary Shares,$128.00,2.30,1.83%,11020100480.0,France,2023.0,120156.0,Health Care,Biotechnology: Pharmaceutical Preparations,FOREIGN_OR_DEPOSITARY,False,FRESH
ACAD,ACADIA Pharmaceuticals Inc. Common Stock,$25.39,0.55,2.214%,4347678739.0,United States,1985.0,17859352.0,Health Care,Biotechnology: Pharmaceutical Preparations,OPERATING_COMMON_EQUITY,False,FRESH
ACDC,ProFrac Holding Corp. Class A Common Stock,$4.01,-0.25,-5.869%,725492220.0,United States,2022.0,1208186.0,Energy,Oilfield Services/Equipment,OPERATING_COMMON_EQUITY,False,FRESH
ACGL,Arch Capital Group Ltd. Common Stock,$103.88,0.52,0.503%,36294590401.0,Bermuda,,1113307.0,Finance,Property-Casualty Insurers,OPERATING_COMMON_EQUITY,True,FRESH
ACHC,"Acadia Healthcare Company, Inc. Common Stock",$32.50,-2.01,-5.824%,2988928378.0,United States,,2122382.0,Health Care,Medical Specialities,OPERATING_COMMON_EQUITY,False,FRESH
ACHV,"Achieve Life Sciences, Inc. Common Shares",$6.18,0.08,1.311%,634432972.0,,,,,,OPERATING_COMMON_EQUITY,False,FRESH
ACIC,American Coastal Insurance Corporation Common Stock,$10.41,0.13,1.265%,504510729.0,United States,,438238.0,Finance,Property-Casualty Insurers,OPERATING_COMMON_EQUITY,False,FRESH
ACIW,"ACI Worldwide, Inc. Common Stock",$57.88,1.57,2.788%,5884171672.0,United States,,734557.0,Technology,Computer Software: Prepackaged Software,OPERATING_COMMON_EQUITY,True,FRESH
ACLS,"Axcelis Technologies, Inc. Common Stock",$128.11,-5.99,-4.467%,3937319545.0,United States,2000.0,396015.0,Technology,Industrial Machinery/Components,OPERATING_COMMON_EQUITY,False,FRESH
ACMR,"ACM Research, Inc. Class A Common Stock",$79.97,-4.35,-5.159%,5296003014.0,United States,2017.0,1087155.0,Technology,Industrial Machinery/Components,OPERATING_COMMON_EQUITY,True,FRESH
ACNB,ACNB Corporation Common Stock,$64.00,1.90,3.06%,653570816.0,United States,,20395.0,Finance,Major Banks,OPERATING_COMMON_EQUITY,False,FRESH
ACRS,"Aclaris Therapeutics, Inc. Common Stock",$5.37,0.14,2.677%,749993962.0,,,,,,OPERATING_COMMON_EQUITY,False,FRESH
ACT,"Enact Holdings, Inc. Common Stock",$47.09,0.33,0.706%,6573799082.0,United States,2021.0,720179.0,Finance,Specialty Insurers,OPERATING_COMMON_EQUITY,False,FRESH
ACTG,Acacia Research Corporation (Acacia Tech) Common Stock,$4.63,-0.03,-0.644%,447207681.0,United States,,216075.0,Miscellaneous,Multi-Sector Companies,OPERATING_COMMON_EQUITY,False,FRESH
ADAM,"Adamas Trust, Inc. Common Stock",$8.71,0.06,0.694%,782690251.0,,,,,,OPERATING_COMMON_EQUITY,False,FRESH
ADBE,Adobe Inc. Common Stock,$237.75,12.64,5.615%,94505625000.0,United States,1986.0,5391532.0,Technology,Computer Software: Prepackaged Software,OPERATING_COMMON_EQUITY,False,FRESH
ADEA,Adeia Inc. Common Stock,$26.07,0.12,0.462%,2875358036.0,United States,2003.0,562079.0,Technology,Computer Software: Prepackaged Software,OPERATING_COMMON_EQUITY,False,FRESH
ADI,"Analog Devices, Inc. Common Stock",$371.89,0.03,0.008%,181142799306.0,United States,,3618204.0,Technology,Semiconductors,OPERATING_COMMON_EQUITY,False,FRESH
ADMA,ADMA Biologics Inc Common Stock,$8.48,0.21,2.539%,1970109920.0,United States,,2530882.0,Health Care,Biotechnology: Biological Products (No Diagnostic Substances),OPERATING_COMMON_EQUITY,True,FRESH
ADP,"Automatic Data Processing, Inc. Common Stock",$254.98,4.89,1.955%,102666259933.0,United States,,1489162.0,Technology,EDP Services,OPERATING_COMMON_EQUITY,False,FRESH
ADPT,Adaptive Biotechnologies Corporation Common Stock,$22.54,0.27,1.212%,3607400596.0,United States,2019.0,964173.0,Health Care,Biotechnology: Biological Products (No Diagnostic Substances),OPERATING_COMMON_EQUITY,False,FRESH
ADSE,ADS-TEC ENERGY PLC Ordinary Shares,$11.98,-0.03,-0.25%,900054165.0,Ireland,,110097.0,Consumer Discretionary,Industrial Specialties,FOREIGN_OR_DEPOSITARY,False,MISSING
ADSK,"Autodesk, Inc. Common Stock",$225.91,16.16,7.704%,47667010000.0,United States,,1901746.0,Technology,Computer Software: Prepackaged Software,OPERATING_COMMON_EQUITY,True,FRESH
ADTN,"ADTRAN Holdings, Inc. Common Stock",$9.50,-0.35,-3.553%,773800536.0,United States,1994.0,530261.0,Utilities,Telecommunications Equipment,OPERATING_COMMON_EQUITY,False,FRESH
ADUR,Aduro Clean Technologies Inc. Common Stock,$13.43,0.52,4.028%,474256665.0,,,,,,OPERATING_COMMON_EQUITY,False,FRESH
ADUS,Addus HomeCare Corporation Common Stock,$115.65,1.10,0.96%,2158581344.0,United States,2009.0,158285.0,Health Care,Medical/Nursing Services,OPERATING_COMMON_EQUITY,False,FRESH
ADV,Advantage Solutions Inc. Class A Common Stock,$37.93,1.49,4.089%,504289970.0,United States,2019.0,1417532.0,Consumer Discretionary,Business Services,OPERATING_COMMON_EQUITY,False,FRESH
AEBI,Aebi Schmidt Holding AG Common Stock ,$13.16,0.07,0.535%,1021207893.0,,,,,,OPERATING_COMMON_EQUITY,False,FRESH
AEHR,Aehr Test Systems Common Stock,$77.48,1.16,1.52%,2487422414.0,,,,,,OPERATING_COMMON_EQUITY,True,FRESH
AEIS,"Advanced Energy Industries, Inc. Common Stock",$291.95,-12.04,-3.961%,11103050311.0,United States,1995.0,325438.0,Technology,Industrial Machinery/Components,OPERATING_COMMON_EQUITY,False,FRESH
AENT,Alliance Entertainment Holding Corporation Class A Common Stock,$5.98,0.07,1.184%,304858187.0,,,,,,OPERATING_COMMON_EQUITY,False,FRESH
AEP,"American Electric Power Company, Inc. Common Stock",$133.59,-1.95,-1.439%,72686991225.0,United States,,2868876.0,Utilities,Electric Utilities: Central,OPERATING_COMMON_EQUITY,False,FRESH
AEVA,"Aeva Technologies, Inc. Common Stock",$15.53,0.68,4.579%,979023950.0,United States,,4127962.0,Consumer Discretionary,Auto Parts:O.E.M.,OPERATING_COMMON_EQUITY,False,FRESH
AFRM,"Affirm Holdings, Inc. Class A Common Stock",$73.05,2.82,4.015%,24464340173.0,United States,2021.0,6078689.0,Finance,Finance: Consumer Services,OPERATING_COMMON_EQUITY,True,FRESH
AFYA,Afya Limited Class A Common Shares,$14.20,0.30,2.158%,1298627247.0,Brazil,2019.0,74026.0,Real Estate,Other Consumer Services,OPERATING_COMMON_EQUITY,False,FRESH
AGCC,Agencia Comercial Spirits Ltd Class A Ordinary Shares,$15.255,0.345,2.314%,568805558.0,,,,,,FOREIGN_OR_DEPOSITARY,False,MISSING
AGIO,"Agios Pharmaceuticals, Inc. Common Stock",$36.97,0.61,1.678%,2198665385.0,United States,2013.0,772781.0,Health Care,Biotechnology: Pharmaceutical Preparations,OPERATING_COMMON_EQUITY,False,FRESH
AGMB,AgomAb Therapeutics NV American Depositary Shares,$12.51,UNCH,--,616092167.0,,,,,,FOREIGN_OR_DEPOSITARY,False,MISSING
AGNC,AGNC Investment Corp. Common Stock,$10.64,0.05,0.472%,12213967454.0,United States,2008.0,13987225.0,Real Estate,Real Estate Investment Trusts,OPERATING_COMMON_EQUITY,False,FRESH
AGNT,"AGNT, Inc. Common Stock",$4.20,0.155,3.832%,690160481.0,,,,,,OPERATING_COMMON_EQUITY,False,FRESH
AGYS,"Agilysys, Inc. Common Stock (DE)",$103.24,4.70,4.77%,2911200958.0,United States,,311064.0,Technology,EDP Services,OPERATING_COMMON_EQUITY,True,FRESH
AHCO,AdaptHealth Corp. Common Stock,$10.96,0.20,1.859%,1491153506.0,United States,2018.0,925548.0,Health Care,Medical/Nursing Services,OPERATING_COMMON_EQUITY,False,FRESH
AHG,Akso Health Group ADS,$1.46,-0.05,-3.311%,1250788098.0,China,2017.0,15876.0,Consumer Discretionary,Business Services,FOREIGN_OR_DEPOSITARY,False,STALE
AIAI,AIAI Holdings Corporation Class A Common Stock,$5.56,-0.68,-10.897%,390945784.0,,,,,,OPERATING_COMMON_EQUITY,False,FRESH
AIIO,Robo.ai Inc. Class B Ordinary Shares,$2.98,0.37,14.176%,515930997.0,,,,,,FOREIGN_OR_DEPOSITARY,False,MISSING
AIIR,Air Global PLC Ordinary Shares,$5.90,-0.02,-0.338%,946280952.0,,,,,,FOREIGN_OR_DEPOSITARY,False,MISSING
AIOT,"PowerFleet, Inc. Common Stock",$3.84,0.11,2.949%,515254572.0,United States,,1333236.0,Telecommunications,Telecommunications Equipment,OPERATING_COMMON_EQUITY,False,FRESH
AIP,"Arteris, Inc. Common Stock",$30.27,0.01,0.033%,1397625895.0,United States,2021.0,319157.0,Technology,Semiconductors,OPERATING_COMMON_EQUITY,False,FRESH
AIRJ,AirJoule Technologies Corporation Class A Common Stock,$4.33,0.16,3.837%,313494546.0,,,,,,OPERATING_COMMON_EQUITY,False,MISSING
AIRS,"AirSculpt Technologies, Inc. Common Stock",$4.69,0.08,1.735%,330859244.0,,,,,,OPERATING_COMMON_EQUITY,False,FRESH
AKAM,"Akamai Technologies, Inc. Common Stock",$112.85,-2.52,-2.184%,16406748145.0,United States,1999.0,3469649.0,Consumer Discretionary,Business Services,OPERATING_COMMON_EQUITY,False,FRESH
AKBA,"Akebia Therapeutics, Inc. Common Stock",$1.28,0.06,4.918%,343370551.0,United States,2014.0,3592106.0,Health Care,Biotechnology: Pharmaceutical Preparations,OPERATING_COMMON_EQUITY,False,FRESH
AKTS,"Aktis Oncology, Inc. Common stock",$24.21,0.32,1.339%,1338266992.0,,,,,,OPERATING_COMMON_EQUITY,False,FRESH
ALAB,"Astera Labs, Inc. Common Stock",$282.52,-9.06,-3.107%,48426170926.0,United States,2024.0,3859305.0,Technology,Semiconductors,OPERATING_COMMON_EQUITY,True,FRESH
ALGM,"Allegro MicroSystems, Inc. Common Stock",$46.80,0.77,1.673%,8719264195.0,United States,2020.0,2214867.0,Technology,Semiconductors,OPERATING_COMMON_EQUITY,False,FRESH
ALGN,"Align Technology, Inc. Common Stock",$168.05,1.035,0.62%,12035426242.0,United States,2001.0,758013.0,Health Care,Industrial Specialties,OPERATING_COMMON_EQUITY,False,FRESH
ALGT,Allegiant Travel Company Common Stock,$99.14,1.06,1.081%,1827872931.0,United States,2006.0,357670.0,Consumer Discretionary,Air Freight/Delivery Services,OPERATING_COMMON_EQUITY,False,FRESH
ALHC,"Alignment Healthcare, Inc. Common Stock",$18.67,-0.76,-3.911%,3859720475.0,United States,2021.0,2740467.0,Health Care,Medical Specialities,OPERATING_COMMON_EQUITY,False,FRESH
ALKS,Alkermes plc Ordinary Shares,$52.73,-0.16,-0.303%,8788815303.0,Ireland,1991.0,992691.0,Health Care,Biotechnology: Pharmaceutical Preparations,FOREIGN_OR_DEPOSITARY,False,FRESH
ALKT,"Alkami Technology, Inc. Common Stock",$17.77,0.98,5.837%,1901730722.0,United States,2021.0,809652.0,Technology,Computer Software: Prepackaged Software,OPERATING_COMMON_EQUITY,False,FRESH
ALLO,"Allogene Therapeutics, Inc. Common Stock",$1.75,0.01,0.575%,604020482.0,,,,,,OPERATING_COMMON_EQUITY,False,FRESH
ALLT,Allot Ltd. Ordinary Shares,$7.63,-0.02,-0.261%,373283245.0,Israel,2006.0,523418.0,Telecommunications,Computer Communications Equipment,FOREIGN_OR_DEPOSITARY,False,FRESH
ALM,Almonty Industries Inc. Common Shares,$13.35,0.01,0.075%,3846255203.0,,,,,,OPERATING_COMMON_EQUITY,False,FRESH
ALMR,"Alamar Biosciences, Inc. Common Stock",$24.40,-1.48,-5.719%,1691192938.0,,,,,,OPERATING_COMMON_EQUITY,False,FRESH
ALMS,Alumis Inc. Common Stock,$27.08,-0.92,-3.286%,3452482818.0,United States,2024.0,682580.0,Health Care,Biotechnology: Pharmaceutical Preparations,OPERATING_COMMON_EQUITY,False,FRESH
ALNT,Allient Inc. Common Stock,$86.78,UNCH,--,1474957311.0,United States,,176095.0,Industrials,Electrical Products,OPERATING_COMMON_EQUITY,False,FRESH
ALNY,"Alnylam Pharmaceuticals, Inc. Common Stock",$278.40,6.63,2.44%,37169900323.0,United States,2004.0,1193506.0,Health Care,Biotechnology: Pharmaceutical Preparations,OPERATING_COMMON_EQUITY,False,FRESH
ALOY,REalloys Inc. Common Stock,$7.75,0.725,10.32%,533061128.0,,,,,,OPERATING_COMMON_EQUITY,False,FRESH
ALRM,"Alarm.com Holdings, Inc. Common Stock",$53.62,1.84,3.553%,2652076460.0,United States,2015.0,534328.0,Technology,Computer Software: Prepackaged Software,OPERATING_COMMON_EQUITY,False,FRESH
ALRS,Alerus Financial Corporation Common Stock,$32.74,0.04,0.122%,822711870.0,United States,2019.0,90849.0,Finance,Major Banks,OPERATING_COMMON_EQUITY,False,FRESH
ALT,"Altimmune, Inc. Common Stock",$2.96,0.19,6.859%,575643496.0,United States,,2140858.0,Health Care,Biotechnology: Pharmaceutical Preparations,OPERATING_COMMON_EQUITY,False,FRESH
ALTI,"AlTi Global, Inc. Class A Common Stock",$3.63,0.22,6.452%,550372759.0,United States,2021.0,132492.0,Finance,Investment Managers,OPERATING_COMMON_EQUITY,False,FRESH
ALTO,"Alto Ingredients, Inc. Common Stock",$4.50,-0.14,-3.017%,348683189.0,,,,,,OPERATING_COMMON_EQUITY,False,FRESH
ALVO,Alvotech Ordinary Shares,$3.08,0.02,0.654%,961431745.0,Luxembourg,,154464.0,Health Care,Biotechnology: Biological Products (No Diagnostic Substances),FOREIGN_OR_DEPOSITARY,False,FRESH
AMAL,Amalgamated Financial Corp. Common Stock (DE),$49.01,-0.43,-0.87%,1463798676.0,United States,2018.0,147209.0,Finance,Major Banks,OPERATING_COMMON_EQUITY,False,FRESH
AMAT,"Applied Materials, Inc. Common Stock",$516.89,-19.36,-3.61%,410389689773.0,United States,1972.0,16540365.0,Technology,Semiconductors,OPERATING_COMMON_EQUITY,False,FRESH
AMBA,"Ambarella, Inc. Ordinary Shares",$68.23,0.17,0.25%,2993126263.0,United States,2012.0,653458.0,Technology,Semiconductors,FOREIGN_OR_DEPOSITARY,False,FRESH
AMCX,AMC Global Media Inc. Class A Common Stock,$10.13,0.34,3.473%,444987723.0,,,,,,OPERATING_COMMON_EQUITY,False,FRESH
AMD,"Advanced Micro Devices, Inc. Common Stock",$494.95,-27.00,-5.173%,807065786273.0,United States,,43419695.0,Technology,Semiconductors,OPERATING_COMMON_EQUITY,True,FRESH
AMGN,Amgen Inc. Common Stock,$376.26,0.22,0.059%,203070635175.0,United States,1983.0,2589330.0,Health Care,Biotechnology: Biological Products (No Diagnostic Substances),OPERATING_COMMON_EQUITY,False,FRESH
AMKR,"Amkor Technology, Inc. Common Stock",$60.71,-4.25,-6.542%,15048340568.0,United States,1998.0,1799094.0,Technology,Semiconductors,OPERATING_COMMON_EQUITY,False,FRESH
AMLX,"Amylyx Pharmaceuticals, Inc. Common Stock",$19.49,1.08,5.866%,2167021318.0,United States,2022.0,799509.0,Health Care,Biotechnology: Pharmaceutical Preparations,OPERATING_COMMON_EQUITY,False,FRESH
AMPH,"Amphastar Pharmaceuticals, Inc. Common Stock",$19.18,0.46,2.457%,845702186.0,United States,2014.0,510675.0,Health Care,Biotechnology: Pharmaceutical Preparations,OPERATING_COMMON_EQUITY,False,FRESH
AMPL,"Amplitude, Inc. Class A Common Stock",$8.67,0.57,7.037%,1149808863.0,United States,,1954227.0,Technology,Computer Software: Prepackaged Software,OPERATING_COMMON_EQUITY,False,FRESH
AMRX,"Amneal Pharmaceuticals, Inc. Class A Common Stock",$18.09,0.17,0.949%,5771122307.0,United States,,1285254.0,Health Care,Biotechnology: Pharmaceutical Preparations,OPERATING_COMMON_EQUITY,False,FRESH
AMSC,American Superconductor Corporation Common Stock,$30.53,0.01,0.033%,1456111406.0,United States,1991.0,399497.0,Consumer Discretionary,Metal Fabrications,OPERATING_COMMON_EQUITY,True,FRESH
AMSF,"AMERISAFE, Inc. Common Stock",$30.06,-0.35,-1.151%,557193903.0,United States,2005.0,99604.0,Finance,Property-Casualty Insurers,OPERATING_COMMON_EQUITY,False,FRESH
AMZN,"Amazon.com, Inc. Common Stock",$231.39,-0.72,-0.31%,2489087552396.0,United States,1997.0,43318478.0,Consumer Discretionary,Catalog/Specialty Distribution,OPERATING_COMMON_EQUITY,False,FRESH
ANAB,"AnaptysBio, Inc. Common Stock",$53.61,-0.54,-0.997%,1587310666.0,United States,2017.0,355554.0,Health Care,Biotechnology: Pharmaceutical Preparations,OPERATING_COMMON_EQUITY,False,FRESH
ANDE,"Andersons, Inc. (The) Common Stock",$74.60,-3.11,-4.002%,2540432578.0,United States,,222013.0,Industrials,Farming/Seeds/Milling,OPERATING_COMMON_EQUITY,False,FRESH
ANGO,"AngioDynamics, Inc. Common Stock",$13.66,0.07,0.515%,564600434.0,United States,2004.0,211196.0,Health Care,Medical/Dental Instruments,OPERATING_COMMON_EQUITY,False,FRESH
ANIP,"ANI Pharmaceuticals, Inc.",$78.37,0.72,0.927%,1760046626.0,United States,,372976.0,Health Care,Biotechnology: Pharmaceutical Preparations,OPERATING_COMMON_EQUITY,True,FRESH
ANL,Adlai Nortye Ltd. American Depositary Shares,$12.06,-0.44,-3.52%,878685293.0,,,,,,FOREIGN_OR_DEPOSITARY,False,MISSING
ANNX,"Annexon, Inc. Common Stock",$5.13,-0.09,-1.724%,840512220.0,,,,,,OPERATING_COMMON_EQUITY,False,FRESH
AOSL,Alpha and Omega Semiconductor Limited Common Shares,$30.82,-0.03,-0.097%,922429594.0,Bermuda,2010.0,269295.0,Technology,Semiconductors,OPERATING_COMMON_EQUITY,True,FRESH
APA,APA Corporation Common Stock,$34.74,-1.41,-3.90%,12279555686.0,United States,,6012638.0,Energy,Oil & Gas Production,OPERATING_COMMON_EQUITY,False,FRESH
APEI,"American Public Education, Inc. Common Stock",$49.44,1.73,3.626%,906902047.0,United States,2007.0,442355.0,Real Estate,Other Consumer Services,OPERATING_COMMON_EQUITY,False,FRESH
APGE,"Apogee Therapeutics, Inc. Common Stock",$134.28,UNCH,--,10123285275.0,United States,2023.0,444797.0,Health Care,Biotechnology: Biological Products (No Diagnostic Substances),OPERATING_COMMON_EQUITY,False,FRESH
API,"Agora, Inc. American Depositary Shares",$3.985,0.135,3.506%,336930893.0,China,2020.0,476540.0,Technology,Computer Software: Prepackaged Software,FOREIGN_OR_DEPOSITARY,False,FRESH
APLD,Applied Digital Corporation Common Stock,$26.375,-0.815,-2.997%,7537171591.0,United States,2022.0,74883576.0,Finance,Finance: Consumer Services,OPERATING_COMMON_EQUITY,False,FRESH
APOG,"Apogee Enterprises, Inc. Common Stock",$40.99,0.25,0.614%,855391371.0,United States,,139386.0,Consumer Discretionary,Auto Parts:O.E.M.,OPERATING_COMMON_EQUITY,False,FRESH
APP,Applovin Corporation Class A Common Stock,$412.73,20.75,5.294%,138652516200.0,United States,2021.0,4740227.0,Technology,Computer Software: Programming Data Processing,OPERATING_COMMON_EQUITY,True,FRESH
APPF,"AppFolio, Inc. Class A Common Stock",$168.74,3.69,2.236%,5976263230.0,United States,2015.0,263350.0,Technology,Computer Software: Prepackaged Software,OPERATING_COMMON_EQUITY,True,FRESH
APPN,Appian Corporation Class A Common Stock,$25.55,1.80,7.579%,1875679666.0,United States,2017.0,728684.0,Technology,Computer Software: Prepackaged Software,OPERATING_COMMON_EQUITY,False,FRESH
APPS,"Digital Turbine, Inc. Common Stock",$8.59,0.14,1.657%,1038840566.0,United States,,1823389.0,Miscellaneous,Multi-Sector Companies,OPERATING_COMMON_EQUITY,True,FRESH
AQST,"Aquestive Therapeutics, Inc. Common Stock",$3.73,0.05,1.359%,467991865.0,,,,,,OPERATING_COMMON_EQUITY,False,FRESH
ARCB,ArcBest Corporation Common Stock,$148.87,-5.43,-3.519%,3314408929.0,United States,,315619.0,Industrials,Trucking Freight/Courier Services,OPERATING_COMMON_EQUITY,True,FRESH
ARCC,Ares Capital Corporation Common Stock,$18.89,0.11,0.586%,13563451542.0,United States,2004.0,2434353.0,Finance,Finance: Consumer Services,OPERATING_COMMON_EQUITY,False,FRESH
ARDX,"Ardelyx, Inc. Common Stock",$5.06,0.03,0.596%,1249968698.0,United States,2014.0,10688292.0,Health Care,Biotechnology: Pharmaceutical Preparations,OPERATING_COMMON_EQUITY,False,FRESH
ARGX,argenx SE American Depositary Shares,$888.82,-29.40,-3.202%,55162736112.0,Netherlands,2017.0,433482.0,Health Care,Biotechnology: Biological Products (No Diagnostic Substances),FOREIGN_OR_DEPOSITARY,False,FRESH
ARHS,"Arhaus, Inc. Class A Common Stock",$7.88,-0.03,-0.379%,1115335704.0,United States,2021.0,1946577.0,Consumer Discretionary,Other Specialty Stores,OPERATING_COMMON_EQUITY,False,FRESH
ARKO,ARKO Corp. Common Stock,$8.00,0.07,0.883%,897485768.0,United States,,1037581.0,Consumer Staples,Food Chains,OPERATING_COMMON_EQUITY,False,FRESH
ARM,Arm Holdings plc American Depositary Shares,$266.33,6.32,2.431%,283389835265.0,United Kingdom,2023.0,4789901.0,Technology,Semiconductors,FOREIGN_OR_DEPOSITARY,False,FRESH
AROW,Arrow Financial Corporation Common Stock,$40.17,0.72,1.825%,663970693.0,United States,,46146.0,Finance,Major Banks,OPERATING_COMMON_EQUITY,False,FRESH
ARQQ,Arqit Quantum Inc. Ordinary Shares,$18.18,1.53,9.189%,437966835.0,,,,,,FOREIGN_OR_DEPOSITARY,False,MISSING
ARQT,"Arcutis Biotherapeutics, Inc. Common Stock",$27.84,0.49,1.792%,3482321132.0,United States,2020.0,1873935.0,Health Care,Biotechnology: Pharmaceutical Preparations,OPERATING_COMMON_EQUITY,False,FRESH
ARRY,"Array Technologies, Inc. Common Stock",$5.51,0.19,3.571%,847583343.0,United States,2020.0,10614599.0,Consumer Discretionary,Miscellaneous manufacturing industries,OPERATING_COMMON_EQUITY,False,FRESH
ARTNA,Artesian Resources Corporation Class A Common Stock,$34.42,-0.03,-0.087%,355367156.0,United States,,29301.0,Utilities,Water Supply,OPERATING_COMMON_EQUITY,False,FRESH
ARVN,"Arvinas, Inc. Common Stock",$8.22,0.19,2.366%,530364248.0,United States,2018.0,1940459.0,Health Care,Biotechnology: Pharmaceutical Preparations,OPERATING_COMMON_EQUITY,False,FRESH
ARWR,"Arrowhead Pharmaceuticals, Inc. Common Stock",$85.53,-0.07,-0.082%,12047501006.0,United States,,1822669.0,Health Care,Biotechnology: Pharmaceutical Preparations,OPERATING_COMMON_EQUITY,True,FRESH
ARXS,"Arxis, Inc. Class A Common Stock",$43.58,1.18,2.783%,17882387664.0,,,,,,OPERATING_COMMON_EQUITY,False,MISSING
ASLE,AerSale Corporation Common Stock,$6.50,0.32,5.178%,307143389.0,,,,,,OPERATING_COMMON_EQUITY,False,MISSING
ASMB,"Assembly Biosciences, Inc. Common Stock",$25.91,0.36,1.409%,411777473.0,,,,,,OPERATING_COMMON_EQUITY,False,FRESH
ASML,ASML Holding N.V. New York Registry Shares,"$1,655.26",-101.83,-5.795%,637966444168.0,Netherlands,1995.0,1095121.0,Technology,Industrial Machinery/Components,OPERATING_COMMON_EQUITY,False,FRESH
ASND,Ascendis Pharma A/S Ordinary Share,$253.42,-0.44,-0.173%,15706314735.0,Denmark,2015.0,502233.0,Health Care,Biotechnology: Pharmaceutical Preparations,FOREIGN_OR_DEPOSITARY,False,FRESH
ASO,"Academy Sports and Outdoors, Inc. Common Stock",$49.90,3.32,7.128%,3094716713.0,United States,2020.0,1346302.0,Consumer Discretionary,Other Specialty Stores,OPERATING_COMMON_EQUITY,False,FRESH
ASPI,ASP Isotopes Inc. Common Stock,$4.05,0.18,4.651%,620902989.0,United States,2022.0,3606711.0,Industrials,Major Chemicals,OPERATING_COMMON_EQUITY,False,FRESH
ASST,"Strive, Inc. Class A Common Stock",$12.19,0.70,6.092%,1019936971.0,,,,,,OPERATING_COMMON_EQUITY,False,FRESH
ASTE,"Astec Industries, Inc. Common Stock",$56.15,-0.25,-0.443%,1291036175.0,United States,1986.0,98368.0,Industrials,Construction/Ag Equipment/Trucks,OPERATING_COMMON_EQUITY,False,FRESH
ASTH,Astrana Health Inc. Common Stock,$38.19,-2.12,-5.259%,2127802442.0,United States,,273426.0,Consumer Discretionary,Professional Services,OPERATING_COMMON_EQUITY,False,FRESH
ASTL,Algoma Steel Group Inc. Common Shares,$4.39,0.07,1.62%,462656037.0,Canada,,549641.0,Industrials,Steel/Iron Ore,OPERATING_COMMON_EQUITY,False,FRESH
ASTS,"AST SpaceMobile, Inc. Class A Common Stock",$58.29,2.09,3.719%,22623781302.0,United States,2019.0,15837262.0,Consumer Discretionary,Telecommunications Equipment,OPERATING_COMMON_EQUITY,False,FRESH
ATAI,AtaiBeckley Inc. Common Stock,$7.17,-0.01,-0.139%,2639755053.0,Germany,2008.0,2753290.0,Health Care,Biotechnology: Pharmaceutical Preparations,OPERATING_COMMON_EQUITY,False,FRESH
ATAT,Atour Lifestyle Holdings Limited American Depositary Shares,$33.55,1.60,5.008%,4564249226.0,China,2022.0,1163606.0,Consumer Discretionary,Hotels/Resorts,FOREIGN_OR_DEPOSITARY,False,FRESH
ATEC,"Alphatec Holdings, Inc. Common Stock",$8.67,0.41,4.964%,1333353274.0,United States,2006.0,1727290.0,Health Care,Medical/Dental Instruments,OPERATING_COMMON_EQUITY,False,FRESH
ATEX,Anterix Inc. Common Stock,$93.76,-0.24,-0.255%,1828176828.0,United States,2015.0,119077.0,Telecommunications,Telecommunications Equipment,OPERATING_COMMON_EQUITY,False,FRESH
ATLC,Atlanticus Holdings Corporation Common Stock,$104.20,4.72,4.745%,1575295287.0,United States,1995.0,41788.0,Finance,Finance: Consumer Services,OPERATING_COMMON_EQUITY,False,FRESH
ATNI,"ATN International, Inc. Common Stock",$23.69,0.24,1.023%,364372408.0,,,,,,OPERATING_COMMON_EQUITY,False,FRESH
ATRC,"AtriCure, Inc. Common Stock",$37.37,2.33,6.65%,1892453049.0,United States,2005.0,550121.0,Health Care,Medical/Dental Instruments,OPERATING_COMMON_EQUITY,False,FRESH
ATRO,Astronics Corporation Common Stock,$70.24,0.39,0.558%,3020913036.0,United States,,274104.0,Industrials,Military/Government/Technical,OPERATING_COMMON_EQUITY,False,FRESH
AUGO,Aura Minerals Inc. Common Shares,$55.78,0.97,1.77%,4673762859.0,,,,,,OPERATING_COMMON_EQUITY,False,FRESH
AUPH,Aurinia Pharmaceuticals Inc Ordinary Shares,$15.22,-0.13,-0.847%,1977661291.0,Canada,,1590708.0,Health Care,Biotechnology: Pharmaceutical Preparations,FOREIGN_OR_DEPOSITARY,False,FRESH
AUR,"Aurora Innovation, Inc. Class A Common Stock",$6.21,0.26,4.37%,12179071183.0,United States,2021.0,41206851.0,Technology,EDP Services,OPERATING_COMMON_EQUITY,False,FRESH
AURA,"Aura Biosciences, Inc. Common Stock",$7.16,0.11,1.56%,740604739.0,,,,,,OPERATING_COMMON_EQUITY,False,FRESH
AUTL,Autolus Therapeutics plc American Depositary Share,$1.46,0.01,0.69%,388587448.0,United Kingdom,2018.0,2827524.0,Health Care,Biotechnology: Biological Products (No Diagnostic Substances),FOREIGN_OR_DEPOSITARY,False,FRESH
AVAH,Aveanna Healthcare Holdings Inc. Common Stock,$9.67,0.22,2.328%,2105692813.0,United States,2021.0,969423.0,Health Care,Medical/Nursing Services,OPERATING_COMMON_EQUITY,False,FRESH
AVAV,"AeroVironment, Inc. Common Stock",$154.24,4.73,3.164%,7805782547.0,United States,2007.0,316654.0,Industrials,Aerospace,OPERATING_COMMON_EQUITY,False,FRESH
AVBH,"Avidbank Holdings, Inc. Common stock",$32.16,0.30,0.942%,352318171.0,,,,,,OPERATING_COMMON_EQUITY,False,FRESH
AVBP,"ArriVent BioPharma, Inc. Common Stock",$30.16,-1.57,-4.948%,1404699828.0,United States,2024.0,137115.0,Health Care,Biotechnology: Pharmaceutical Preparations,OPERATING_COMMON_EQUITY,False,FRESH
AVGO,Broadcom Inc. Common Stock,$383.22,1.30,0.34%,1823199883478.0,United States,2009.0,23094606.0,Technology,Semiconductors,OPERATING_COMMON_EQUITY,False,FRESH
AVIR,"Atea Pharmaceuticals, Inc. Common Stock",$4.82,0.09,1.903%,385730617.0,,,,,,OPERATING_COMMON_EQUITY,False,FRESH
AVLN,Avalyn Pharma Inc. Common Stock,$27.62,-0.33,-1.181%,1224480084.0,,,,,,OPERATING_COMMON_EQUITY,False,FRESH
AVO,"Mission Produce, Inc. Common Stock",$12.70,0.28,2.254%,1121661549.0,United States,2020.0,197916.0,Consumer Staples,Farming/Seeds/Milling,OPERATING_COMMON_EQUITY,False,FRESH
AVPT,"AvePoint, Inc. Class A Common Stock",$12.81,0.57,4.657%,2715940281.0,United States,2019.0,1013662.0,Technology,Computer Software: Prepackaged Software,OPERATING_COMMON_EQUITY,False,FRESH
AVR,Anteris Technologies Global Corp. Common Stock,$8.17,0.04,0.492%,795285799.0,,,,,,OPERATING_COMMON_EQUITY,False,FRESH
AVT,"Avnet, Inc. Common Stock",$88.38,-1.04,-1.163%,7249288279.0,United States,,527571.0,Technology,Electronic Components,OPERATING_COMMON_EQUITY,False,FRESH
AVTX,"Avalo Therapeutics, Inc. Common Stock",$19.50,1.06,5.748%,1031608286.0,,,,,,OPERATING_COMMON_EQUITY,False,FRESH
AXG,Solowin Holdings Class A Ordinary Share,$3.16,UNCH,--,601834093.0,,,,,,FOREIGN_OR_DEPOSITARY,False,MISSING
AXGN,"Axogen, Inc. Common Stock",$41.14,1.65,4.178%,2187735679.0,United States,,503246.0,Health Care,Biotechnology: Electromedical & Electrotherapeutic Apparatus,OPERATING_COMMON_EQUITY,False,FRESH
AXON,"Axon Enterprise, Inc. Common Stock",$525.48,23.14,4.606%,42354779422.0,United States,2001.0,420469.0,Industrials,Ordnance And Accessories,OPERATING_COMMON_EQUITY,True,FRESH
AXSM,"Axsome Therapeutics, Inc. Common Stock",$238.37,-2.63,-1.091%,12266464421.0,United States,2015.0,627882.0,Health Care,Biotechnology: Pharmaceutical Preparations,OPERATING_COMMON_EQUITY,False,FRESH
AXTI,AXT Inc Common Stock,$47.88,0.65,1.376%,3132462050.0,,,,,,OPERATING_COMMON_EQUITY,False,FRESH
AYA,Aya Gold & Silver Inc. Common Shares,$20.59,0.89,4.518%,2951571332.0,,,,,,OPERATING_COMMON_EQUITY,False,FRESH
AZTA,"Azenta, Inc.",$27.52,0.15,0.548%,1268473966.0,United States,,950579.0,Technology,Industrial Machinery/Components,OPERATING_COMMON_EQUITY,False,FRESH
BAND,Bandwidth Inc. Class A Common Stock,$57.18,-2.62,-4.381%,1830749614.0,United States,2017.0,229254.0,Technology,Computer Software: Prepackaged Software,OPERATING_COMMON_EQUITY,True,FRESH
BANF,BancFirst Corporation Common Stock,$115.96,-0.62,-0.532%,3894677437.0,United States,1993.0,79382.0,Finance,Major Banks,OPERATING_COMMON_EQUITY,False,FRESH
BANR,Banner Corporation Common Stock,$70.23,-0.06,-0.085%,2385568637.0,United States,,240520.0,Finance,Major Banks,OPERATING_COMMON_EQUITY,False,FRESH
BATRA,"Atlanta Braves Holdings, Inc. Series A Common Stock",$55.05,0.01,0.018%,3531117346.0,United States,,88869.0,Consumer Discretionary,Services-Misc. Amusement & Recreation,OPERATING_COMMON_EQUITY,False,FRESH
BATRK,"Atlanta Braves Holdings, Inc. Series C Common Stock",$50.74,0.46,0.915%,3254657478.0,United States,,248497.0,Consumer Discretionary,Services-Misc. Amusement & Recreation,OPERATING_COMMON_EQUITY,False,FRESH
BBCP,"Concrete Pumping Holdings, Inc. Common Stock",$10.35,-0.18,-1.709%,521571897.0,United States,2017.0,60803.0,Consumer Discretionary,Engineering & Construction,OPERATING_COMMON_EQUITY,False,FRESH
BBIO,"BridgeBio Pharma, Inc. Common Stock",$84.12,0.10,0.119%,16462931892.0,United States,2019.0,2618489.0,Health Care,Biotechnology: Pharmaceutical Preparations,OPERATING_COMMON_EQUITY,False,FRESH
BBNX,"Beta Bionics, Inc. Common Stock",$15.99,0.14,0.883%,712541503.0,United States,2025.0,439523.0,Health Care,Medical/Dental Instruments,OPERATING_COMMON_EQUITY,False,FRESH
BBOT,"BridgeBio Oncology Therapeutics, Inc. Common Stock  ",$8.75,-0.07,-0.794%,700937160.0,,,,,,OPERATING_COMMON_EQUITY,False,FRESH
BBSI,"Barrett Business Services, Inc. Common Stock",$40.50,0.755,1.90%,994665785.0,United States,1993.0,217733.0,Consumer Discretionary,Professional Services,OPERATING_COMMON_EQUITY,False,FRESH
BCAL,California BanCorp Common Stock,$21.21,0.19,0.904%,682215917.0,United States,,112382.0,Finance,Major Banks,OPERATING_COMMON_EQUITY,False,FRESH
BCAX,Bicara Therapeutics Inc. Common Stock,$27.81,0.79,2.924%,1827224513.0,United States,2024.0,594520.0,Health Care,Biotechnology: Pharmaceutical Preparations,OPERATING_COMMON_EQUITY,False,FRESH
BCML,BayCom Corp Common Stock,$30.57,-1.13,-3.565%,333497821.0,,,,,,OPERATING_COMMON_EQUITY,False,FRESH
BCPC,Balchem Corporation Common Stock,$164.79,1.98,1.216%,5294675674.0,United States,,134512.0,Industrials,Major Chemicals,OPERATING_COMMON_EQUITY,False,FRESH
BCRX,"BioCryst Pharmaceuticals, Inc. Common Stock",$9.58,0.24,2.57%,2434878283.0,United States,1994.0,3698678.0,Health Care,Biotechnology: Biological Products (No Diagnostic Substances),OPERATING_COMMON_EQUITY,False,FRESH
BEAM,Beam Therapeutics Inc. Common Stock,$25.07,-0.03,-0.12%,2579181895.0,United States,2020.0,1656570.0,Health Care,Biotechnology: Biological Products (No Diagnostic Substances),OPERATING_COMMON_EQUITY,False,FRESH
BELFA,Bel Fuse Inc. Class A Common Stock,$225.76,-7.39,-3.17%,2872278332.0,United States,,2862.0,,,OPERATING_COMMON_EQUITY,False,STALE
BELFB,Bel Fuse Inc. Class B Common Stock,$270.26,-2.54,-0.931%,3438438794.0,United States,,89143.0,,,OPERATING_COMMON_EQUITY,False,FRESH
BETR,Better Home & Finance Holding Company Class A Common Stock,$22.31,0.50,2.293%,420985751.0,,,,,,OPERATING_COMMON_EQUITY,False,FRESH
BFC,Bank First Corporation Common Stock,$148.67,-2.11,-1.399%,1647448545.0,United States,,75417.0,Finance,Major Banks,OPERATING_COMMON_EQUITY,False,FRESH
BFST,"Business First Bancshares, Inc. Common Stock",$31.47,0.31,0.995%,1028375653.0,United States,,106982.0,Finance,Major Banks,OPERATING_COMMON_EQUITY,False,FRESH
BGC,"BGC Group, Inc. Class A Common Stock",$11.79,0.14,1.202%,5648077750.0,United States,,1758331.0,Finance,Investment Bankers/Brokers/Service,OPERATING_COMMON_EQUITY,False,FRESH
BHF,"Brighthouse Financial, Inc. Common Stock",$63.16,-0.06,-0.095%,3628275781.0,United States,,902193.0,Finance,Life Insurance,OPERATING_COMMON_EQUITY,False,FRESH
BHRB,Burke & Herbert Financial Services Corp. Common Stock,$72.50,2.03,2.881%,1461974898.0,United States,,36906.0,Finance,Major Banks,OPERATING_COMMON_EQUITY,False,FRESH
BIDU,"Baidu, Inc. ADS",$105.29,-0.05,-0.047%,35825202466.0,China,2005.0,2278263.0,Technology,Computer Software: Programming Data Processing,FOREIGN_OR_DEPOSITARY,False,FRESH
BIIB,Biogen Inc. Common Stock,$200.14,-2.05,-1.014%,29548092596.0,United States,,1803999.0,Health Care,Biotechnology: Biological Products (No Diagnostic Substances),OPERATING_COMMON_EQUITY,False,FRESH
BILI,Bilibili Inc. American Depositary Shares,$17.85,0.69,4.021%,7436732099.0,China,2018.0,5855396.0,Technology,EDP Services,FOREIGN_OR_DEPOSITARY,False,FRESH
BIOA,"BioAge Labs, Inc. Common Stock",$20.88,-0.89,-4.088%,928173086.0,,,,,,OPERATING_COMMON_EQUITY,False,FRESH
BJRI,"BJ's Restaurants, Inc. Common Stock",$68.85,1.99,2.976%,1447015217.0,United States,,843666.0,Consumer Discretionary,Restaurants,OPERATING_COMMON_EQUITY,False,FRESH
BKNG,Booking Holdings Inc. Common Stock,$186.79,9.33,5.258%,144739543060.0,United States,,200481.0,Consumer Discretionary,Transportation Services,OPERATING_COMMON_EQUITY,False,FRESH
BKR,Baker Hughes Company Class A Common Stock,$60.59,3.34,5.834%,60109442351.0,United States,,6160894.0,Industrials,Metal Fabrications,OPERATING_COMMON_EQUITY,True,FRESH
BL,"BlackLine, Inc. Common Stock",$30.66,1.92,6.681%,1798543715.0,United States,2016.0,348681.0,Technology,Computer Software: Prepackaged Software,OPERATING_COMMON_EQUITY,False,FRESH
BLBD,Blue Bird Corporation Common Stock,$76.04,-0.16,-0.21%,2406406628.0,United States,2014.0,331906.0,Consumer Discretionary,Construction/Ag Equipment/Trucks,OPERATING_COMMON_EQUITY,True,FRESH
BLDP,"Ballard Power Systems, Inc. Common Shares",$2.87,-0.03,-1.034%,865235687.0,Canada,,18037934.0,Energy,Industrial Machinery/Components,OPERATING_COMMON_EQUITY,False,FRESH
BLFS,"BioLife Solutions, Inc. Common Stock",$29.79,-0.19,-0.634%,1455462393.0,United States,,745687.0,Health Care,Biotechnology: Electromedical & Electrotherapeutic Apparatus,OPERATING_COMMON_EQUITY,False,FRESH
BLKB,"Blackbaud, Inc. Common Stock",$34.55,1.84,5.625%,1586954262.0,United States,2004.0,252001.0,Technology,Computer Software: Prepackaged Software,OPERATING_COMMON_EQUITY,False,FRESH
BLLN,"BillionToOne, Inc. Class A Common Stock",$127.98,1.90,1.507%,5886502042.0,,,,,,OPERATING_COMMON_EQUITY,False,FRESH
BLMN,"Bloomin' Brands, Inc. Common Stock",$8.54,0.60,7.557%,731146011.0,United States,2012.0,2124418.0,Consumer Discretionary,Restaurants,OPERATING_COMMON_EQUITY,False,FRESH
BLTE,"Belite Bio, Inc American Depositary Shares",$158.43,5.07,3.306%,6232629863.0,United States,2022.0,37706.0,Health Care,Biotechnology: Pharmaceutical Preparations,FOREIGN_OR_DEPOSITARY,False,FRESH
BLZE,"Backblaze, Inc. Class A Common Stock",$12.31,0.70,6.029%,738600000.0,,,,,,OPERATING_COMMON_EQUITY,False,FRESH
BMBL,Bumble Inc. Class A Common Stock,$2.96,0.15,5.338%,386076257.0,United States,2021.0,3268481.0,Technology,Computer Software: Programming Data Processing,OPERATING_COMMON_EQUITY,False,FRESH
BMM,Blue Moon Metals Inc. Common Shares,$5.58,0.24,4.494%,585135546.0,,,,,,OPERATING_COMMON_EQUITY,False,MISSING
BMRC,Bank of Marin Bancorp Common Stock,$30.30,1.53,5.318%,490548122.0,United States,,75355.0,Finance,Major Banks,OPERATING_COMMON_EQUITY,False,FRESH
BMRN,BioMarin Pharmaceutical Inc. Common Stock,$60.27,0.94,1.584%,11649253078.0,United States,1999.0,3493064.0,Health Care,Biotechnology: Pharmaceutical Preparations,OPERATING_COMMON_EQUITY,False,FRESH
BNTC,Benitec Biopharma Inc. Common Stock,$11.58,0.11,0.959%,397823188.0,United States,2015.0,27494.0,Health Care,Biotechnology: Pharmaceutical Preparations,OPERATING_COMMON_EQUITY,False,FRESH
BNTX,BioNTech SE American Depositary Share,$91.09,1.76,1.97%,22893225221.0,Germany,2019.0,733600.0,Health Care,Biotechnology: Biological Products (No Diagnostic Substances),FOREIGN_OR_DEPOSITARY,False,FRESH
BOKF,BOK Financial Corporation Common Stock,$141.13,-1.15,-0.808%,8575208398.0,United States,,167444.0,Finance,Major Banks,OPERATING_COMMON_EQUITY,False,FRESH
BPOP,"Popular, Inc. Common Stock",$171.41,-0.32,-0.186%,11062408700.0,United States,,464570.0,Finance,Major Banks,OPERATING_COMMON_EQUITY,False,FRESH
BRAI,Braiin Limited Common Stock,$6.40,0.22,3.56%,1318964659.0,,,,,,OPERATING_COMMON_EQUITY,False,MISSING
BRBI,BRBI BR Partners S.A. ADSs,$11.45,UNCH,--,574063452.0,,,,,,OPERATING_COMMON_EQUITY,False,MISSING
BRCB,"Black Rock Coffee Bar, Inc. Class A Common Stock",$8.33,0.45,5.711%,416964872.0,,,,,,OPERATING_COMMON_EQUITY,False,FRESH
BRKR,Bruker Corporation Common Stock,$60.05,-0.40,-0.662%,9306886721.0,United States,,1966354.0,Industrials,Biotechnology: Laboratory Analytical Instruments,OPERATING_COMMON_EQUITY,False,FRESH
BRUN,Boost Run Inc. Class A Common Stock,$19.36,-2.38,-10.948%,1189259129.0,,,,,,OPERATING_COMMON_EQUITY,False,MISSING
BRZE,"Braze, Inc. Class A Common Stock",$23.51,1.75,8.042%,2881851074.0,United States,2021.0,784145.0,Technology,Computer Software: Prepackaged Software,OPERATING_COMMON_EQUITY,False,FRESH
BSP,Bending Spoons S.p.A. Ordinary Shares,$33.26,-0.80,-2.349%,22401985634.0,,,,,,FOREIGN_OR_DEPOSITARY,False,MISSING
BSRR,Sierra Bancorp Common Stock,$41.16,-0.72,-1.719%,538339213.0,United States,,29913.0,Finance,Major Banks,OPERATING_COMMON_EQUITY,False,FRESH
BSVN,Bank7 Corp. Common stock,$49.56,0.12,0.243%,471778243.0,United States,2018.0,30948.0,Finance,Major Banks,OPERATING_COMMON_EQUITY,False,FRESH
BSY,"Bentley Systems, Incorporated Class B Common Stock",$33.71,2.31,7.357%,10240985881.0,United States,2020.0,1010742.0,Technology,Computer Software: Prepackaged Software,OPERATING_COMMON_EQUITY,False,FRESH
BTBT,"Bit Digital, Inc. Ordinary Shares",$1.35,-0.02,-1.46%,471407067.0,United States,2018.0,23998304.0,Finance,Finance: Consumer Services,FOREIGN_OR_DEPOSITARY,False,FRESH
BTDR,Bitdeer Technologies Group Class A Ordinary Shares,$11.35,-0.21,-1.817%,2761609962.0,Singapore,,5304028.0,Finance,Finance: Consumer Services,FOREIGN_OR_DEPOSITARY,False,FRESH
BTQ,BTQ Technologies Corp. Common Stock,$3.49,0.16,4.805%,494815446.0,,,,,,OPERATING_COMMON_EQUITY,False,MISSING
BTSG,"BrightSpring Health Services, Inc. Common Stock",$71.98,-0.93,-1.276%,14200565446.0,United States,2024.0,1808698.0,Health Care,Medical/Nursing Services,OPERATING_COMMON_EQUITY,True,FRESH
BULL,Webull Corporation Class A Ordinary Shares,$7.54,0.05,0.668%,4009912734.0,United States,,12063145.0,Finance,Investment Bankers/Brokers/Service,FOREIGN_OR_DEPOSITARY,False,FRESH
BUSE,First Busey Corporation Class A Common Stock,$29.75,-0.10,-0.335%,2516170510.0,United States,,394574.0,Finance,Major Banks,OPERATING_COMMON_EQUITY,False,FRESH
BUUU,BUUU Group Limited Class A Ordinary Share,$22.9855,2.9855,14.928%,383283213.0,,,,,,FOREIGN_OR_DEPOSITARY,False,MISSING
BVC,BitVentures Limited Ordinary Shares,$11.00,0.53,5.062%,1848000000.0,,,,,,FOREIGN_OR_DEPOSITARY,False,MISSING
BVS,Bioventus Inc. Class A Common Stock,$12.45,0.65,5.508%,1040008073.0,United States,2021.0,432934.0,Health Care,Medical/Dental Instruments,OPERATING_COMMON_EQUITY,False,FRESH
BWAY,BrainsWay Ltd. American Depositary Shares,$15.76,-0.21,-1.315%,630920490.0,,,,,,FOREIGN_OR_DEPOSITARY,False,FRESH
BWB,"Bridgewater Bancshares, Inc. Common Stock",$20.64,-0.14,-0.674%,575512695.0,United States,2018.0,93764.0,Finance,Major Banks,OPERATING_COMMON_EQUITY,False,FRESH
BWFG,"Bankwell Financial Group, Inc. Common Stock",$64.37,2.16,3.472%,513233597.0,,,,,,OPERATING_COMMON_EQUITY,False,FRESH
BWIN,"The Baldwin Insurance Group, Inc. Class A Common Stock",$27.40,0.93,3.513%,3906352925.0,United States,2019.0,478357.0,Finance,Specialty Insurers,OPERATING_COMMON_EQUITY,False,FRESH
BWMN,Bowman Consulting Group Ltd. Common Stock,$26.23,0.275,1.06%,459227863.0,United States,2021.0,111803.0,Consumer Discretionary,Professional Services,OPERATING_COMMON_EQUITY,False,FRESH
BXBL,"BOXABL, Inc. Common stock",$3.94,-0.97,-19.756%,948658748.0,,,,,,OPERATING_COMMON_EQUITY,False,MISSING
BZ,KANZHUN LIMITED American Depository Shares,$15.73,0.31,2.01%,7279933708.0,China,2021.0,1609296.0,Technology,Computer Software: Programming Data Processing,OPERATING_COMMON_EQUITY,False,FRESH
CABA,"Cabaletta Bio, Inc. Common Stock",$2.72,0.03,1.115%,443509045.0,,,,,,OPERATING_COMMON_EQUITY,False,FRESH
CAC,Camden National Corporation Common Stock,$54.81,0.18,0.329%,927093611.0,United States,,62976.0,Finance,Major Banks,OPERATING_COMMON_EQUITY,False,FRESH
CACC,Credit Acceptance Corporation Common Stock,$552.73,-21.35,-3.719%,5781595044.0,United States,1992.0,61464.0,Finance,Finance: Consumer Services,OPERATING_COMMON_EQUITY,False,FRESH
CADL,"Candel Therapeutics, Inc. Common Stock",$9.96,0.40,4.184%,729771580.0,,,,,,OPERATING_COMMON_EQUITY,False,FRESH
CAE,CAE Inc. Common Shares,$25.80,0.62,2.462%,8295587520.0,,,,,,OPERATING_COMMON_EQUITY,False,MISSING
CAI,"Caris Life Sciences, Inc. Common Stock",$15.63,0.11,0.709%,4418299263.0,,,,,,OPERATING_COMMON_EQUITY,False,FRESH
CAKE,Cheesecake Factory Incorporated (The) Common Stock,$87.03,2.31,2.727%,4324117142.0,United States,1992.0,1381836.0,Consumer Discretionary,Restaurants,OPERATING_COMMON_EQUITY,False,FRESH
CALM,"Cal-Maine Foods, Inc. Common Stock",$88.72,-1.60,-1.771%,4162483338.0,United States,1996.0,849403.0,Consumer Staples,Farming/Seeds/Milling,OPERATING_COMMON_EQUITY,False,FRESH
CAMT,Camtek Ltd. Ordinary Shares,$151.46,3.67,2.483%,7050252016.0,Israel,2000.0,435888.0,Technology,Electronic Components,FOREIGN_OR_DEPOSITARY,False,FRESH
CAPR,"Capricor Therapeutics, Inc. Common Stock",$6.995,-12.705,-64.492%,405093692.0,United States,,3269054.0,Health Care,Biotechnology: Pharmaceutical Preparations,OPERATING_COMMON_EQUITY,False,FRESH
CAR,"Avis Budget Group, Inc. Common Stock",$163.68,4.20,2.634%,5781993708.0,United States,,1013272.0,Consumer Discretionary,Rental/Leasing Companies,OPERATING_COMMON_EQUITY,False,FRESH
CARE,"Carter Bankshares, Inc. Common Stock",$34.07,0.06,0.176%,757103881.0,United States,,58160.0,Finance,Major Banks,OPERATING_COMMON_EQUITY,False,FRESH
CARG,"CarGurus, Inc. Class A Common Stock ",$34.96,1.59,4.765%,3152940946.0,United States,2017.0,803555.0,Technology,EDP Services,OPERATING_COMMON_EQUITY,False,FRESH
CARL,"Carlsmed, Inc. Common Stock",$11.45,0.65,6.019%,311267483.0,,,,,,OPERATING_COMMON_EQUITY,False,FRESH
CART,Maplebear Inc. Common Stock,$44.06,1.85,4.383%,10355413605.0,United States,2023.0,3001090.0,Consumer Discretionary,Business Services,OPERATING_COMMON_EQUITY,False,FRESH
CASH,"Pathward Financial, Inc. Common Stock",$86.15,0.25,0.291%,1818629429.0,United States,1993.0,183192.0,Finance,Major Banks,OPERATING_COMMON_EQUITY,False,FRESH
CASS,"Cass Information Systems, Inc Common Stock",$54.79,0.54,0.995%,705210254.0,United States,,54341.0,Consumer Discretionary,Business Services,OPERATING_COMMON_EQUITY,False,FRESH
CASY,"Casey's General Stores, Inc. Common Stock",$853.38,-8.25,-0.957%,31579253509.0,United States,1983.0,376892.0,Consumer Discretionary,Retail-Auto Dealers and Gas Stations,OPERATING_COMMON_EQUITY,False,FRESH
CATY,Cathay General Bancorp Common Stock,$62.56,-0.36,-0.572%,4193739316.0,United States,,365550.0,Finance,Major Banks,OPERATING_COMMON_EQUITY,False,FRESH
CBC,"Central Bancompany, Inc. Class A Common Stock",$32.06,0.02,0.062%,7686967274.0,,,,,,OPERATING_COMMON_EQUITY,False,FRESH
CBIO,"Crescent Biopharma, Inc. Common Stock",$16.93,0.63,3.865%,603837705.0,,,,,,OPERATING_COMMON_EQUITY,False,FRESH
CBK,"Commercial Bancgroup, Inc. Common Stock",$33.55,0.44,1.329%,459677575.0,,,,,,OPERATING_COMMON_EQUITY,False,FRESH
CBLL,"CeriBell, Inc. Common Stock",$18.13,1.22,7.215%,687901151.0,United States,2024.0,405591.0,Health Care,Biotechnology: Electromedical & Electrotherapeutic Apparatus,OPERATING_COMMON_EQUITY,False,FRESH
CBNK,"Capital Bancorp, Inc. Common Stock",$36.31,0.18,0.498%,592189594.0,United States,2018.0,149194.0,Finance,Major Banks,OPERATING_COMMON_EQUITY,False,FRESH
CBRL,"Cracker Barrel Old Country Store, Inc Common Stock",$52.43,-1.28,-2.383%,1171887048.0,United States,1981.0,773127.0,Consumer Discretionary,Restaurants,OPERATING_COMMON_EQUITY,False,FRESH
CBRS,Cerebras Systems Inc. Class A Common Stock,$188.61,-10.51,-5.278%,42031845442.0,,,,,,OPERATING_COMMON_EQUITY,False,FRESH
CBSH,"Commerce Bancshares, Inc. Common Stock",$59.00,-0.09,-0.152%,8600852322.0,United States,,443395.0,Finance,Major Banks,OPERATING_COMMON_EQUITY,False,FRESH
CCAP,"Crescent Capital BDC, Inc. Common stock",$10.93,0.09,0.83%,402726255.0,United States,,416819.0,Finance,Finance: Consumer Services,OPERATING_COMMON_EQUITY,False,FRESH
CCB,Coastal Financial Corporation Common Stock,$72.37,0.18,0.249%,1103556235.0,United States,2018.0,77530.0,Finance,Major Banks,OPERATING_COMMON_EQUITY,False,FRESH
CCBG,Capital City Bank Group Common Stock,$52.07,0.47,0.911%,890470367.0,United States,,28901.0,Finance,Major Banks,OPERATING_COMMON_EQUITY,False,FRESH
CCC,CCC Intelligent Solutions Holdings Inc. Common Stock,$5.97,0.15,2.577%,3504035000.0,,,,,,OPERATING_COMMON_EQUITY,False,FRESH
CCCC,"C4 Therapeutics, Inc. Common Stock",$3.59,0.19,5.588%,396936327.0,,,,,,OPERATING_COMMON_EQUITY,False,FRESH
CCEC,Capital Clean Energy Carriers Corp. Common Share,$23.65,0.30,1.285%,1406887723.0,Greece,2007.0,20859.0,Consumer Discretionary,Marine Transportation,OPERATING_COMMON_EQUITY,False,FRESH
CCEP,Coca-Cola Europacific Partners plc Ordinary Shares,$108.70,3.59,3.415%,49347890467.0,United Kingdom,,1662575.0,Consumer Staples,Beverages (Production/Distribution),FOREIGN_OR_DEPOSITARY,False,MISSING
CCNE,CNB Financial Corporation Common Stock,$34.51,-0.16,-0.461%,1022497239.0,United States,,63999.0,Finance,Major Banks,OPERATING_COMMON_EQUITY,False,FRESH
CCOI,"Cogent Communications Holdings, Inc.",$12.22,0.35,2.949%,611949042.0,United States,,810140.0,Consumer Discretionary,Telecommunications Equipment,OPERATING_COMMON_EQUITY,False,FRESH
CCSI,"Consensus Cloud Solutions, Inc. Common Stock",$36.35,-0.02,-0.055%,668765483.0,United States,,154093.0,Technology,Computer Software: Prepackaged Software,OPERATING_COMMON_EQUITY,False,FRESH
CDNA,"CareDx, Inc. Common Stock",$36.36,-0.78,-2.10%,1878338729.0,United States,2014.0,2464011.0,Health Care,Medical Specialities,OPERATING_COMMON_EQUITY,False,FRESH
CDNL,Cardinal Infrastructure Group Inc. Class A Common Stock,$63.26,-0.04,-0.063%,2711757500.0,,,,,,OPERATING_COMMON_EQUITY,False,FRESH
CDNS,"Cadence Design Systems, Inc. Common Stock",$338.61,12.37,3.792%,93394055760.0,United States,,1575130.0,Technology,Computer Software: Prepackaged Software,OPERATING_COMMON_EQUITY,False,FRESH
CDRO,"Codere Online Luxembourg, S.A. Ordinary Shares",$9.39,0.12,1.294%,426962502.0,Luxembourg,,63557.0,Consumer Discretionary,Services-Misc. Amusement & Recreation,FOREIGN_OR_DEPOSITARY,False,MISSING
CDW,CDW Corporation Common Stock,$138.04,4.22,3.153%,17635086376.0,United States,2013.0,961668.0,Consumer Discretionary,Catalog/Specialty Distribution,OPERATING_COMMON_EQUITY,False,FRESH
CDZIP,"Cadiz, Inc. Depositary Shares",$22.30,0.0999,0.45%,1875124178.0,United States,,11321.0,Utilities,Water Supply,FOREIGN_OR_DEPOSITARY,False,FRESH
CECO,CECO Environmental Corp. Common Stock,$73.77,-1.86,-2.459%,4311480199.0,United States,1998.0,167389.0,Industrials,Pollution Control Equipment,OPERATING_COMMON_EQUITY,False,FRESH
CEG,Constellation Energy Corporation Common Stock ,$270.00,-4.35,-1.586%,97521317010.0,United States,,2104914.0,Utilities,Electric Utilities: Central,OPERATING_COMMON_EQUITY,False,FRESH
CELC,Celcuity Inc. Common Stock,$82.27,-0.35,-0.424%,4012002514.0,United States,2017.0,136962.0,Health Care,Medical Specialities,OPERATING_COMMON_EQUITY,False,FRESH
CELH,"Celsius Holdings, Inc. Common Stock",$28.79,1.67,6.158%,7359885964.0,United States,,5495603.0,Consumer Staples,Beverages (Production/Distribution),OPERATING_COMMON_EQUITY,True,FRESH
CENT,Central Garden & Pet Company Common Stock,$43.25,-0.50,-1.143%,2706186192.0,United States,1993.0,116010.0,Consumer Discretionary,Consumer Specialties,OPERATING_COMMON_EQUITY,False,FRESH
CENTA,Central Garden & Pet Company Class A Common Stock Nonvoting,$38.27,-0.18,-0.468%,2394583712.0,United States,,320703.0,Consumer Discretionary,Consumer Specialties,OPERATING_COMMON_EQUITY,False,FRESH
CENX,Century Aluminum Company Common Stock,$44.87,-1.34,-2.90%,4440965489.0,United States,1996.0,1451098.0,Industrials,Aluminum,OPERATING_COMMON_EQUITY,False,FRESH
CERS,Cerus Corporation Common Stock,$3.07,0.14,4.778%,615132750.0,,,,,,OPERATING_COMMON_EQUITY,False,FRESH
CERT,"Certara, Inc. Common Stock",$7.75,0.24,3.196%,1205625712.0,United States,2020.0,1532657.0,Technology,Computer Software: Prepackaged Software,OPERATING_COMMON_EQUITY,False,FRESH
CEVA,"CEVA, Inc. Common Stock",$35.17,-1.18,-3.246%,979814008.0,United States,,387387.0,Technology,Computer Software: Programming Data Processing,OPERATING_COMMON_EQUITY,False,FRESH
CFFN,"Capitol Federal Financial, Inc. Common Stock",$8.64,-0.01,-0.116%,1095291305.0,United States,,4096339.0,Finance,Savings Institutions,OPERATING_COMMON_EQUITY,False,FRESH
CG,The Carlyle Group Inc. Common Stock,$46.28,0.88,1.938%,16659616482.0,United States,2012.0,3457616.0,Finance,Investment Managers,OPERATING_COMMON_EQUITY,True,FRESH
CGBD,"Carlyle Secured Lending, Inc. Common Stock",$10.21,0.17,1.693%,715985878.0,United States,2017.0,226465.0,Finance,Finance: Consumer Services,OPERATING_COMMON_EQUITY,False,FRESH
CGC,Canopy Growth Corporation Common Shares,$0.9243,0.0357,4.018%,397098613.0,,,,,,OPERATING_COMMON_EQUITY,False,FRESH
CGEM,"Cullinan Therapeutics, Inc. Common Stock",$17.43,0.33,1.93%,1071213742.0,United States,2021.0,440235.0,Health Care,Biotechnology: Biological Products (No Diagnostic Substances),OPERATING_COMMON_EQUITY,False,FRESH
CGNT,Cognyte Software Ltd. Ordinary Shares,$8.71,0.40,4.813%,633007568.0,Israel,,188682.0,Technology,Computer Software: Prepackaged Software,FOREIGN_OR_DEPOSITARY,False,FRESH
CGNX,Cognex Corporation Common Stock,$61.29,-0.76,-1.225%,10199848152.0,United States,1989.0,1607104.0,Industrials,Industrial Machinery/Components,OPERATING_COMMON_EQUITY,False,FRESH
CGON,"CG Oncology, Inc. Common stock",$73.52,4.20,6.059%,6484645815.0,United States,2024.0,1233441.0,,,OPERATING_COMMON_EQUITY,False,FRESH
CHA,Chagee Holdings Limited American Depositary Shares,$11.74,0.54,4.821%,2239561447.0,China,2025.0,857401.0,Consumer Discretionary,Restaurants,FOREIGN_OR_DEPOSITARY,False,FRESH
CHCO,City Holding Company Common Stock,$143.90,4.28,3.065%,2030596787.0,United States,,44275.0,Finance,Major Banks,OPERATING_COMMON_EQUITY,False,FRESH
CHDN,"Churchill Downs, Incorporated Common Stock",$88.17,1.67,1.931%,6145176378.0,United States,,702359.0,Consumer Discretionary,Services-Misc. Amusement & Recreation,OPERATING_COMMON_EQUITY,True,FRESH
CHEF,"The Chefs' Warehouse, Inc. Common Stock",$95.68,0.82,0.864%,3901603543.0,United States,2011.0,420187.0,Consumer Discretionary,Food Distributors,OPERATING_COMMON_EQUITY,False,FRESH
CHKP,Check Point Software Technologies Ltd. Ordinary Shares,$132.75,2.18,1.67%,13553859164.0,Israel,1996.0,519217.0,Technology,Computer Software: Prepackaged Software,FOREIGN_OR_DEPOSITARY,False,FRESH
CHMG,Chemung Financial Corp Common Stock,$80.50,-0.48,-0.593%,387995510.0,,,,,,OPERATING_COMMON_EQUITY,False,FRESH
CHRD,Chord Energy Corporation Common Stock,$131.80,-6.56,-4.741%,7420232319.0,United States,,617469.0,Energy,Oil & Gas Production,OPERATING_COMMON_EQUITY,False,FRESH
CHRN,ChronoScale Holdings Corporation Common Stock,$20.26,-1.24,-5.767%,2942052355.0,,,,,,OPERATING_COMMON_EQUITY,False,FRESH
CHRW,"C.H. Robinson Worldwide, Inc. Common Stock",$174.46,-12.045,-6.458%,20564130907.0,United States,1997.0,1634809.0,Consumer Discretionary,Oil Refining/Marketing,OPERATING_COMMON_EQUITY,False,FRESH
CHTR,"Charter Communications, Inc. Class A Common Stock New",$131.61,8.30,6.731%,18291754915.0,United States,,3625442.0,Telecommunications,Cable & Other Pay Television Services,OPERATING_COMMON_EQUITY,False,FRESH
CHYM,"Chime Financial, Inc. Class A Common Stock",$21.86,1.17,5.655%,8329078379.0,,,,,,OPERATING_COMMON_EQUITY,False,FRESH
CIFR,Cipher Digital Inc. Common Stock,$21.65,-1.50,-6.479%,8855915115.0,United States,2020.0,24140594.0,Finance,Finance: Consumer Services,OPERATING_COMMON_EQUITY,False,FRESH
CIGI,Colliers International Group Inc. Subordinate Voting Shares,$101.98,4.49,4.606%,5211567666.0,Canada,,171454.0,Finance,Real Estate,OPERATING_COMMON_EQUITY,False,FRESH
CINF,Cincinnati Financial Corporation Common Stock,$184.23,1.42,0.777%,28497938479.0,United States,,635693.0,Finance,Property-Casualty Insurers,OPERATING_COMMON_EQUITY,True,FRESH
CIVB,"Civista Bancshares, Inc. Common Stock",$28.65,0.07,0.245%,595442920.0,United States,,38208.0,Finance,Major Banks,OPERATING_COMMON_EQUITY,False,FRESH
CLBK,"Columbia Financial, Inc. Common Stock",$10.85,-0.03,-0.276%,1128915039.0,United States,2018.0,118807.0,Finance,Savings Institutions,OPERATING_COMMON_EQUITY,False,FRESH
CLBT,Cellebrite DI Ltd. Ordinary Shares,$14.64,0.425,2.99%,3651798921.0,Israel,,1846312.0,Technology,Computer Software: Prepackaged Software,FOREIGN_OR_DEPOSITARY,False,FRESH
CLDX,"Celldex Therapeutics, Inc.",$35.65,0.37,1.049%,2798242367.0,United States,,705961.0,Health Care,Biotechnology: In Vitro & In Vivo Diagnostic Substances,OPERATING_COMMON_EQUITY,False,FRESH
CLFD,"Clearfield, Inc. Common Stock",$32.12,1.13,3.646%,436493455.0,United States,,245745.0,Utilities,Telecommunications Equipment,OPERATING_COMMON_EQUITY,False,FRESH
CLMB,"Climb Global Solutions, Inc. Common Stock",$27.17,1.71,6.716%,505285924.0,United States,,43303.0,Technology,Retail: Computer Software & Peripheral Equipment,OPERATING_COMMON_EQUITY,False,FRESH
CLMT,"Calumet, Inc. Common Stock",$41.28,-0.41,-0.983%,3597434228.0,United States,2006.0,817252.0,Energy,Integrated oil Companies,OPERATING_COMMON_EQUITY,False,FRESH
CLNE,Clean Energy Fuels Corp. Common Stock,$1.96,-0.07,-3.448%,431640283.0,United States,2007.0,2555921.0,Utilities,Natural Gas Distribution,OPERATING_COMMON_EQUITY,False,FRESH
CLOV,"Clover Health Investments, Corp. Class A Common Stock",$4.27,-0.05,-1.157%,2248942063.0,United States,,5306184.0,Health Care,Medical Specialities,OPERATING_COMMON_EQUITY,False,FRESH
CLPT,"ClearPoint Neuro, Inc. Common Stock",$14.60,0.48,3.399%,437847620.0,United States,,337226.0,Health Care,Medical/Dental Instruments,OPERATING_COMMON_EQUITY,False,FRESH
CLSK,"CleanSpark, Inc. Common Stock",$14.025,-0.495,-3.409%,3598935699.0,United States,,30118086.0,Finance,Finance: Consumer Services,OPERATING_COMMON_EQUITY,False,FRESH
CLYM,"Climb Bio, Inc. Common Stock",$12.79,-0.05,-0.389%,732394064.0,,,,,,OPERATING_COMMON_EQUITY,False,FRESH
CMCO,Columbus McKinnon Corporation Common Stock,$16.38,0.26,1.613%,472274696.0,United States,1996.0,310834.0,Industrials,Construction/Ag Equipment/Trucks,OPERATING_COMMON_EQUITY,False,FRESH
CMCSA,Comcast Corporation Class A Common Stock,$22.80,0.505,2.265%,80908913864.0,United States,,20791588.0,Telecommunications,Cable & Other Pay Television Services,OPERATING_COMMON_EQUITY,False,FRESH
CME,CME Group Inc. Class A Common Stock,$255.36,0.05,0.02%,92532082850.0,United States,2002.0,1516121.0,Finance,Investment Bankers/Brokers/Service,OPERATING_COMMON_EQUITY,False,FRESH
CMPR,Cimpress plc Ordinary Shares (Ireland),$99.42,1.64,1.677%,2409154388.0,Netherlands,2005.0,177978.0,Consumer Discretionary,Publishing,FOREIGN_OR_DEPOSITARY,False,FRESH
CMPS,COMPASS Pathways Plc American Depository Shares,$11.27,0.01,0.089%,1520878836.0,United Kingdom,2020.0,580195.0,Health Care,Biotechnology: Pharmaceutical Preparations,FOREIGN_OR_DEPOSITARY,False,FRESH
CMPX,"Compass Therapeutics, Inc. Common Stock",$2.08,0.01,0.483%,374582863.0,,,,,,OPERATING_COMMON_EQUITY,False,FRESH
CNCK,Coincheck Group N.V. Ordinary Shares,$2.62,-0.10,-3.676%,502510689.0,Netherlands,,56536.0,Finance,Finance: Consumer Services,FOREIGN_OR_DEPOSITARY,False,FRESH
CNOB,"ConnectOne Bancorp, Inc. Common Stock",$32.82,0.46,1.422%,1650468373.0,United States,,122685.0,Finance,Major Banks,OPERATING_COMMON_EQUITY,False,FRESH
CNXC,Concentrix Corporation Common Stock,$24.56,2.31,10.382%,1498610676.0,United States,,975221.0,Technology,Computer Software: Prepackaged Software,OPERATING_COMMON_EQUITY,False,FRESH
CNXN,"PC Connection, Inc. Common Stock",$81.30,0.07,0.086%,2050877621.0,United States,,112337.0,Consumer Discretionary,Catalog/Specialty Distribution,OPERATING_COMMON_EQUITY,False,FRESH
COAG,"Hemab Therapeutics Holdings, Inc. Common Stock",$50.39,3.08,6.51%,2353485610.0,,,,,,OPERATING_COMMON_EQUITY,False,FRESH
COCO,"The Vita Coco Company, Inc. Common Stock",$67.35,1.38,2.092%,3953054235.0,United States,2021.0,1786020.0,Consumer Staples,Beverages (Production/Distribution),OPERATING_COMMON_EQUITY,False,FRESH
COFS,"ChoiceOne Financial Services, Inc. Common Stock",$33.92,1.20,3.667%,507953187.0,United States,,131497.0,Finance,Major Banks,OPERATING_COMMON_EQUITY,False,FRESH
COGT,"Cogent Biosciences, Inc. Common Stock",$40.44,0.68,1.71%,6909902082.0,United States,2018.0,632183.0,Health Care,Biotechnology: Pharmaceutical Preparations,OPERATING_COMMON_EQUITY,False,FRESH
COHU,"Cohu, Inc. Common Stock",$47.81,-2.89,-5.70%,2255453340.0,United States,,312600.0,Industrials,Electrical Products,OPERATING_COMMON_EQUITY,False,FRESH
COIN,"Coinbase Global, Inc. Class A Common Stock",$167.49,9.20,5.812%,44118727484.0,United States,,72627546.0,Finance,Finance: Consumer Services,OPERATING_COMMON_EQUITY,False,FRESH
COKE,"Coca-Cola Consolidated, Inc. Common Stock",$186.28,1.58,0.855%,12399596686.0,United States,1972.0,64342.0,Consumer Staples,Beverages (Production/Distribution),OPERATING_COMMON_EQUITY,False,STALE
COLB,"Columbia Banking System, Inc. Common Stock",$30.90,-0.25,-0.803%,8945252309.0,United States,1992.0,1729504.0,Finance,Savings Institutions,OPERATING_COMMON_EQUITY,False,FRESH
COLL,"Collegium Pharmaceutical, Inc. Common Stock",$35.52,0.32,0.909%,1152047830.0,United States,2015.0,430854.0,Health Care,Biotechnology: Pharmaceutical Preparations,OPERATING_COMMON_EQUITY,False,FRESH
COLM,Columbia Sportswear Company Common Stock,$63.46,1.14,1.829%,3245394660.0,United States,1998.0,622344.0,Consumer Discretionary,Apparel,OPERATING_COMMON_EQUITY,True,FRESH
COO,"The Cooper Companies, Inc. Common Stock",$70.29,-0.02,-0.028%,13708702983.0,United States,,1519774.0,Health Care,Ophthalmic Goods,OPERATING_COMMON_EQUITY,False,FRESH
CORT,Corcept Therapeutics Incorporated Common Stock,$91.12,-4.24,-4.446%,9781877245.0,United States,2004.0,1129565.0,Health Care,Biotechnology: Pharmaceutical Preparations,OPERATING_COMMON_EQUITY,False,FRESH
CORZ,"Core Scientific, Inc. Common Stock",$20.74,-2.01,-8.835%,6592940956.0,United States,,14091168.0,Finance,Finance: Consumer Services,OPERATING_COMMON_EQUITY,False,FRESH
COST,Costco Wholesale Corporation Common Stock,$951.58,16.55,1.77%,422005560310.0,United States,,2033744.0,Consumer Discretionary,Department/Specialty Retail Stores,OPERATING_COMMON_EQUITY,False,FRESH
CPB,The Campbell's Company Common Stock,$22.37,0.53,2.427%,6670873656.0,United States,,2279430.0,Consumer Staples,Packaged Foods,OPERATING_COMMON_EQUITY,False,FRESH
CPRT,"Copart, Inc. (DE) Common Stock",$29.79,1.85,6.621%,27579924049.0,United States,1994.0,4626157.0,Consumer Discretionary,Retail-Auto Dealers and Gas Stations,OPERATING_COMMON_EQUITY,False,FRESH
CRAI,"CRA International, Inc. Common Stock",$173.66,3.89,2.291%,1122515838.0,United States,1998.0,73522.0,Consumer Discretionary,Other Consumer Services,OPERATING_COMMON_EQUITY,False,FRESH
CRCT,"Cricut, Inc. Class A Common Stock",$4.48,0.02,0.448%,940345880.0,United States,2021.0,483688.0,Technology,Industrial Machinery/Components,OPERATING_COMMON_EQUITY,False,FRESH
CRDO,Credo Technology Group Holding Ltd Ordinary Shares,$208.14,-5.01,-2.35%,38813509690.0,United States,2022.0,2892538.0,Technology,Semiconductors,FOREIGN_OR_DEPOSITARY,True,FRESH
CRESY,Cresud S.A.C.I.F. y A. American Depositary Shares,$11.595,0.405,3.619%,822377648.0,Argentina,1997.0,76988.0,Finance,Real Estate,FOREIGN_OR_DEPOSITARY,False,STALE
CRMD,CorMedix Inc. Common Stock,$7.60,-0.27,-3.431%,596234372.0,United States,,1423660.0,Health Care,Biotechnology: Pharmaceutical Preparations,OPERATING_COMMON_EQUITY,False,FRESH
CRML,Critical Metals Corp. Ordinary Shares,$6.04,0.23,3.959%,887208068.0,,,,,,FOREIGN_OR_DEPOSITARY,False,MISSING
CRNC,Cerence Inc. Common Stock,$8.29,-0.155,-1.835%,374606937.0,United States,,554366.0,Technology,Computer Software: Prepackaged Software,OPERATING_COMMON_EQUITY,False,FRESH
CRNX,"Crinetics Pharmaceuticals, Inc. Common Stock",$83.85,0.12,0.143%,8841161441.0,United States,2018.0,530635.0,Health Care,Biotechnology: Pharmaceutical Preparations,OPERATING_COMMON_EQUITY,False,FRESH
CRON,Cronos Group Inc. Common Share,$2.86,0.05,1.779%,1076099902.0,Canada,,2694786.0,Health Care, Medicinal Chemicals and Botanical Products ,OPERATING_COMMON_EQUITY,False,FRESH
CROX,"Crocs, Inc. Common Stock",$134.54,-0.18,-0.134%,6685245242.0,United States,2006.0,925569.0,Consumer Discretionary,Shoe Manufacturing,OPERATING_COMMON_EQUITY,True,FRESH
CRSP,CRISPR Therapeutics AG Common Shares,$46.73,0.19,0.408%,4507052050.0,Switzerland,2016.0,2943919.0,Health Care,Biotechnology: Biological Products (No Diagnostic Substances),OPERATING_COMMON_EQUITY,True,FRESH
CRSR,"Corsair Gaming, Inc. Common Stock",$10.53,0.68,6.904%,1125469682.0,United States,2020.0,637594.0,Technology,Computer peripheral equipment,OPERATING_COMMON_EQUITY,False,FRESH
CRTO,Criteo S.A. American Depositary Shares,$20.85,0.41,2.006%,1044546198.0,France,2013.0,308386.0,Consumer Discretionary,Advertising,FOREIGN_OR_DEPOSITARY,False,FRESH
CRUS,"Cirrus Logic, Inc. Common Stock",$136.12,2.51,1.879%,6867623974.0,United States,1989.0,575566.0,Technology,Semiconductors,OPERATING_COMMON_EQUITY,False,FRESH
CRVL,CorVel Corp. Common Stock,$60.40,0.54,0.902%,3080947164.0,United States,,146526.0,Finance,Specialty Insurers,OPERATING_COMMON_EQUITY,False,FRESH
CRVS,"Corvus Pharmaceuticals, Inc. Common Stock",$12.92,-0.15,-1.148%,1086448278.0,,,,,,OPERATING_COMMON_EQUITY,False,FRESH
CRWD,"CrowdStrike Holdings, Inc. Class A Common Stock",$180.11,-3.17,-1.73%,183398678921.0,United States,2019.0,2133434.0,Technology,Computer Software: Prepackaged Software,OPERATING_COMMON_EQUITY,False,FRESH
CRWV,"CoreWeave, Inc. Class A Common Stock",$70.79,-1.09,-1.516%,38620924793.0,United States,2025.0,42983957.0,Technology,Computer Software: Prepackaged Software,OPERATING_COMMON_EQUITY,False,FRESH
CSCO,"Cisco Systems, Inc. Common Stock (DE)",$114.57,0.40,0.35%,451570169569.0,United States,1990.0,30289903.0,Telecommunications,Computer Communications Equipment,OPERATING_COMMON_EQUITY,False,FRESH
CSGP,"CoStar Group, Inc. Common Stock",$29.17,1.51,5.459%,11911736207.0,United States,1998.0,2618993.0,Consumer Discretionary,Business Services,OPERATING_COMMON_EQUITY,False,FRESH
CSHR,CoinShares PLC Ordinary Shares,$4.19,0.03,0.721%,552159076.0,,,,,,FOREIGN_OR_DEPOSITARY,False,MISSING
CSIQ,Canadian Solar Inc. Common Shares (ON),$13.79,0.44,3.296%,935192624.0,Canada,2006.0,3144225.0,Technology,Semiconductors,OPERATING_COMMON_EQUITY,False,FRESH
CSTL,"Castle Biosciences, Inc. Common Stock",$24.44,-0.245,-0.993%,741264027.0,United States,2019.0,393889.0,Health Care,Medical Specialities,OPERATING_COMMON_EQUITY,False,FRESH
CSWC,Capital Southwest Corporation Common Stock,$23.55,0.10,0.426%,1463414097.0,United States,,341993.0,Consumer Discretionary,Textiles,OPERATING_COMMON_EQUITY,False,FRESH
CSX,CSX Corporation Common Stock,$51.80,-1.43,-2.686%,95958200701.0,United States,,11394258.0,Industrials,Railroads,OPERATING_COMMON_EQUITY,False,FRESH
CTAS,Cintas Corporation Common Stock,$210.98,5.07,2.462%,84420879153.0,United States,1983.0,1431482.0,Consumer Discretionary,Apparel,OPERATING_COMMON_EQUITY,False,FRESH
CTBI,"Community Trust Bancorp, Inc. Common Stock",$76.66,0.51,0.67%,1392430852.0,United States,,48305.0,Finance,Major Banks,OPERATING_COMMON_EQUITY,False,FRESH
CTKB,"Cytek Biosciences, Inc. Common Stock",$4.41,-0.05,-1.121%,569518809.0,United States,2021.0,1443207.0,Industrials,Biotechnology: Laboratory Analytical Instruments,OPERATING_COMMON_EQUITY,False,FRESH
CTMX,"CytomX Therapeutics, Inc. Common Stock",$3.25,0.01,0.309%,707534487.0,,,,,,OPERATING_COMMON_EQUITY,False,FRESH
CTNM,"Contineum Therapeutics, Inc. Class A Common Stock",$13.86,-0.20,-1.422%,518175185.0,,,,,,OPERATING_COMMON_EQUITY,False,FRESH
CTRN,"Citi Trends, Inc. Common Stock",$65.24,2.32,3.687%,543439284.0,,,,,,OPERATING_COMMON_EQUITY,False,FRESH
CTSH,Cognizant Technology Solutions Corporation Class A Common Stock,$47.05,1.60,3.52%,22295558516.0,United States,1998.0,5603561.0,Technology,EDP Services,OPERATING_COMMON_EQUITY,False,FRESH
CUB,Lionheart Holdings Class A Ordinary Shares,$10.82,0.02,0.185%,343735992.0,United States,2024.0,3318.0,Industrials,Industrial Machinery/Components,FOREIGN_OR_DEPOSITARY,False,STALE
CURR,Currenc Group Inc. Ordinary Shares,$3.31,0.07,2.16%,371653039.0,,,,,,FOREIGN_OR_DEPOSITARY,False,STALE
CUVL,Clinuvel Pharmaceuticals Limited American Depositary Shares,$7.01,0.06,0.863%,350925507.0,,,,,,FOREIGN_OR_DEPOSITARY,False,MISSING
CV,"CapsoVision, Inc. Common Stock",$6.61,0.12,1.849%,330259303.0,,,,,,OPERATING_COMMON_EQUITY,False,FRESH
CVBF,CVB Financial Corporation Common Stock,$22.50,-0.06,-0.266%,3970241910.0,United States,,579628.0,Finance,Major Banks,OPERATING_COMMON_EQUITY,False,FRESH
CVLT,"Commvault Systems, Inc. Common Stock",$149.46,7.15,5.024%,6190885638.0,United States,2006.0,442254.0,Technology,Computer Software: Prepackaged Software,OPERATING_COMMON_EQUITY,True,FRESH
CWBC,Community West Bancshares Common Stock,$25.27,0.27,1.08%,685681386.0,United States,,76917.0,Finance,Major Banks,OPERATING_COMMON_EQUITY,False,FRESH
CWCO,Consolidated Water Co. Ltd. Ordinary Shares,$29.52,0.20,0.682%,472325609.0,Cayman Islands,,118086.0,Utilities,Water Supply,FOREIGN_OR_DEPOSITARY,False,FRESH
CWST,"Casella Waste Systems, Inc. Class A Common Stock",$89.30,-0.09,-0.101%,5680367731.0,United States,1997.0,442877.0,Utilities,Environmental Services,OPERATING_COMMON_EQUITY,False,FRESH
CYRX,"CryoPort, Inc. Common Stock",$15.15,-0.22,-1.431%,763595042.0,United States,,475735.0,Health Care,Biotechnology: Pharmaceutical Preparations,OPERATING_COMMON_EQUITY,False,FRESH
CYTK,"Cytokinetics, Incorporated Common Stock",$80.62,-0.12,-0.149%,10031753390.0,United States,2004.0,2128626.0,Health Care,Biotechnology: Pharmaceutical Preparations,OPERATING_COMMON_EQUITY,False,FRESH
CZFS,"Citizens Financial Services, Inc. Common Stock",$75.97,1.09,1.456%,365030988.0,,,,,,OPERATING_COMMON_EQUITY,False,FRESH
CZNC,Citizens & Northern Corp Common Stock,$24.60,0.25,1.027%,440748016.0,,,,,,OPERATING_COMMON_EQUITY,False,FRESH
CZR,"Caesars Entertainment, Inc. Common Stock",$29.97,0.03,0.10%,6104197592.0,United States,,3450440.0,Consumer Discretionary,Hotels/Resorts,OPERATING_COMMON_EQUITY,True,FRESH
DAKT,"Daktronics, Inc. Common Stock",$19.79,0.31,1.591%,955557063.0,United States,1994.0,280565.0,Consumer Discretionary,Miscellaneous manufacturing industries,OPERATING_COMMON_EQUITY,False,FRESH
DASH,"DoorDash, Inc. Class A Common Stock",$184.37,11.46,6.628%,80333460775.0,United States,,4188463.0,Consumer Discretionary,Business Services,OPERATING_COMMON_EQUITY,False,FRESH
DAVE,Dave Inc. Class A Common Stock,$405.65,2.84,0.705%,5197742729.0,United States,,347133.0,Finance,Finance: Consumer Services,OPERATING_COMMON_EQUITY,True,FRESH
DBVT,DBV Technologies S.A. American Depositary Shares,$13.90,0.27,1.981%,823050956.0,France,2014.0,64467.0,Health Care,Biotechnology: Biological Products (No Diagnostic Substances),FOREIGN_OR_DEPOSITARY,False,FRESH
DBX,"Dropbox, Inc. Class A Common Stock",$30.54,1.35,4.625%,7125001820.0,United States,2018.0,6113433.0,Technology,Computer Software: Prepackaged Software,OPERATING_COMMON_EQUITY,False,FRESH
DCBO,Docebo Inc. Common Shares,$20.17,0.80,4.13%,518413777.0,Canada,,116102.0,Technology,Computer Software: Prepackaged Software,OPERATING_COMMON_EQUITY,False,FRESH
DCTH,"Delcath Systems, Inc. Common Stock",$11.94,-0.28,-2.291%,412188465.0,United States,,539300.0,Health Care,Medical/Dental Instruments,OPERATING_COMMON_EQUITY,False,FRESH
DDI,"DoubleDown Interactive Co., Ltd. American Depository Shares",$11.60,0.18,1.576%,574819904.0,South Korea,2021.0,20724.0,Technology,EDP Services,OPERATING_COMMON_EQUITY,False,FRESH
DDOG,"Datadog, Inc. Class A Common Stock",$251.86,5.00,2.025%,89652133202.0,United States,2019.0,3143153.0,Technology,Computer Software: Prepackaged Software,OPERATING_COMMON_EQUITY,False,FRESH
DFTX,"Definium Therapeutics, Inc. Common Shares",$42.65,-0.52,-1.205%,4651698295.0,,,,,,OPERATING_COMMON_EQUITY,False,FRESH
DGICA,"Donegal Group, Inc. Class A Common Stock",$18.91,0.15,0.80%,700607993.0,United States,,105115.0,Finance,Property-Casualty Insurers,OPERATING_COMMON_EQUITY,False,FRESH
DGICB,"Donegal Group, Inc. Class B Common Stock",$21.60,0.74,3.547%,800271425.0,United States,1986.0,587.0,Finance,Property-Casualty Insurers,OPERATING_COMMON_EQUITY,False,MISSING
DGII,Digi International Inc. Common Stock,$67.69,0.74,1.105%,2552061850.0,United States,1989.0,194059.0,Telecommunications,Computer Communications Equipment,OPERATING_COMMON_EQUITY,False,FRESH
DHC,Diversified Healthcare Trust Common Shares of Beneficial Interest,$9.41,0.07,0.749%,2278226174.0,United States,,1184972.0,Real Estate,Real Estate Investment Trusts,OPERATING_COMMON_EQUITY,False,FRESH
DIOD,Diodes Incorporated Common Stock,$85.90,-1.21,-1.389%,3946652651.0,United States,,411594.0,Technology,Semiconductors,OPERATING_COMMON_EQUITY,True,FRESH
DJCO,Daily Journal Corp. (S.C.) Common Stock,$581.16,6.06,1.054%,800694352.0,United States,,34169.0,Consumer Discretionary,Newspapers/Magazines,OPERATING_COMMON_EQUITY,False,FRESH
DJT,Trump Media & Technology Group Corp. Common Stock,$9.56,1.00,11.682%,2647678596.0,United States,2024.0,2691584.0,Technology,Computer Software: Programming Data Processing,OPERATING_COMMON_EQUITY,False,FRESH
DKNG,DraftKings Inc. Class A Common Stock,$24.11,1.10,4.781%,11961665778.0,United States,2019.0,6963852.0,Consumer Discretionary,Services-Misc. Amusement & Recreation,OPERATING_COMMON_EQUITY,False,FRESH
DLO,DLocal Limited Class A Common Shares,$14.96,0.47,3.244%,4412182062.0,Uruguay,2021.0,1563362.0,Consumer Discretionary,Business Services,OPERATING_COMMON_EQUITY,False,FRESH
DLTR,Dollar Tree Inc. Common Stock,$125.54,5.09,4.226%,24125597778.0,United States,1995.0,2662887.0,Consumer Discretionary,Department/Specialty Retail Stores,OPERATING_COMMON_EQUITY,False,FRESH
DMAC,DiaMedica Therapeutics Inc. Common Stock,$6.74,0.005,0.074%,363173745.0,,,,,,OPERATING_COMMON_EQUITY,False,FRESH
DMRA,"Damora Therapeutics, Inc. Ordinary Shares",$29.44,0.62,2.151%,1812126031.0,,,,,,FOREIGN_OR_DEPOSITARY,False,FRESH
DNLI,Denali Therapeutics Inc. Common Stock,$23.57,0.46,1.99%,3740788501.0,United States,2017.0,1087534.0,Health Care,Biotechnology: Biological Products (No Diagnostic Substances),OPERATING_COMMON_EQUITY,False,FRESH
DNTH,"Dianthus Therapeutics, Inc. Common Stock",$104.49,0.62,0.597%,5712074686.0,United States,2018.0,338777.0,Health Care,Biotechnology: Pharmaceutical Preparations,OPERATING_COMMON_EQUITY,False,FRESH
DNUT,"Krispy Kreme, Inc. Common Stock",$3.26,0.11,3.492%,562024000.0,United States,2021.0,4198195.0,Consumer Staples,Food Chains,OPERATING_COMMON_EQUITY,False,FRESH
DOCU,"DocuSign, Inc. Common Stock",$52.91,2.47,4.897%,10102879209.0,United States,1989.0,2012016.0,Technology,Computer Software: Prepackaged Software,OPERATING_COMMON_EQUITY,False,FRESH
DOO,BRP Inc. Common Subordinate Voting Shares,$61.73,1.39,2.304%,4558552655.0,,,,,,OPERATING_COMMON_EQUITY,False,FRESH
DORM,"Dorman Products, Inc. Common Stock",$136.44,2.24,1.669%,4077207731.0,United States,,201685.0,Consumer Discretionary,Auto Parts:O.E.M.,OPERATING_COMMON_EQUITY,False,FRESH
DOX,Amdocs Limited Ordinary Shares,$53.10,1.00,1.919%,5732120521.0,Guernsey,,437258.0,Technology,EDP Services,FOREIGN_OR_DEPOSITARY,False,FRESH
DPZ,Domino's Pizza Inc Common Stock,$343.53,10.56,3.171%,11364568425.0,United States,2004.0,349327.0,Consumer Discretionary,Food Distributors,OPERATING_COMMON_EQUITY,False,FRESH
DRH,Diamondrock Hospitality Company Common Stock,$12.91,0.06,0.467%,2639973530.0,,,,,,OPERATING_COMMON_EQUITY,False,FRESH
DRS,"Leonardo DRS, Inc. Common Stock",$48.45,0.35,0.728%,12924623115.0,Israel,,696098.0,Industrials,Industrial Machinery/Components,OPERATING_COMMON_EQUITY,False,FRESH
DRTS,Alpha Tau Medical Ltd. Ordinary Shares,$12.21,-0.29,-2.32%,1074598889.0,,,,,,FOREIGN_OR_DEPOSITARY,False,FRESH
DRUG,Bright Minds Biosciences Inc. Common Stock,$71.91,0.58,0.813%,705585307.0,,,,,,OPERATING_COMMON_EQUITY,False,FRESH
DRVN,Driven Brands Holdings Inc. Common Stock,$14.37,0.76,5.584%,2370417203.0,United States,2021.0,435310.0,Consumer Discretionary,Automotive Aftermarket,OPERATING_COMMON_EQUITY,False,FRESH
DSGN,"Design Therapeutics, Inc. Common Stock",$11.88,0.10,0.849%,741988851.0,,,,,,OPERATING_COMMON_EQUITY,False,FRESH
DSGR,"Distribution Solutions Group, Inc. Common Stock",$34.52,0.01,0.029%,1594657096.0,United States,,83916.0,Consumer Discretionary,Industrial Specialties,OPERATING_COMMON_EQUITY,False,FRESH
DSGX,Descartes Systems Group Inc. (The) Common Stock,$71.08,2.90,4.253%,6090903983.0,Canada,,257522.0,Technology,Computer Software: Prepackaged Software,OPERATING_COMMON_EQUITY,False,FRESH
DSP,Viant Technology Inc. Class A Common Stock,$11.295,0.595,5.561%,740205649.0,United States,2021.0,183039.0,Technology,Computer Software: Programming Data Processing,OPERATING_COMMON_EQUITY,False,FRESH
DUOL,"Duolingo, Inc. Class A Common Stock",$132.82,10.58,8.655%,6188497800.0,United States,2021.0,698168.0,Technology,Computer Software: Prepackaged Software,OPERATING_COMMON_EQUITY,True,FRESH
DVLT,Datavault AI Inc. Common Stock,$0.3557,-0.0015,-0.42%,304323402.0,,,,,,OPERATING_COMMON_EQUITY,False,FRESH
DXCM,"DexCom, Inc. Common Stock",$73.37,1.83,2.558%,28311500322.0,United States,2005.0,3397874.0,Health Care,Medical/Dental Instruments,OPERATING_COMMON_EQUITY,True,FRESH
DXPE,"DXP Enterprises, Inc. Common Stock",$165.54,-3.40,-2.013%,2566749348.0,United States,,66320.0,Industrials,Industrial Machinery/Components,OPERATING_COMMON_EQUITY,False,FRESH
DYN,"Dyne Therapeutics, Inc. Common Stock",$25.63,1.19,4.869%,4711610034.0,United States,2020.0,2188089.0,Health Care,Biotechnology: Pharmaceutical Preparations,OPERATING_COMMON_EQUITY,False,FRESH
EA,Electronic Arts Inc. Common Stock,$209.07,0.01,0.005%,52424612760.0,United States,,3934769.0,Technology,Computer Software: Prepackaged Software,OPERATING_COMMON_EQUITY,False,FRESH
EBAY,eBay Inc. Common Stock,$113.21,3.82,3.492%,50379715801.0,United States,1998.0,5575074.0,Consumer Discretionary,Business Services,OPERATING_COMMON_EQUITY,False,FRESH
EBC,"Eastern Bankshares, Inc. Common Stock",$23.10,0.18,0.785%,5339405587.0,United States,2020.0,999966.0,Finance,Savings Institutions,OPERATING_COMMON_EQUITY,False,FRESH
ECHO,EchoStar  Corporation Common Stock,$86.69,-1.19,-1.354%,25123931275.0,,,,,,OPERATING_COMMON_EQUITY,False,FRESH
ECPG,Encore Capital Group Inc Common Stock,$94.45,4.295,4.764%,2025046913.0,United States,,163104.0,Finance,Finance Companies,OPERATING_COMMON_EQUITY,False,FRESH
ECX,ECARX Holdings Inc. Class A Ordinary shares,$1.08,0.0801,8.011%,411544783.0,China,,2358955.0,Technology,EDP Services,FOREIGN_OR_DEPOSITARY,False,FRESH
EEFT,"Euronet Worldwide, Inc. Common Stock",$79.18,-0.13,-0.164%,3014785943.0,United States,1997.0,441650.0,Finance,Investment Bankers/Brokers/Service,OPERATING_COMMON_EQUITY,False,FRESH
EFSC,Enterprise Financial Services Corporation Common Stock,$65.66,-0.33,-0.50%,2402223956.0,United States,,219634.0,Finance,Major Banks,OPERATING_COMMON_EQUITY,False,FRESH
EGBN,"Eagle Bancorp, Inc. Common Stock",$28.15,-0.29,-1.02%,858451590.0,,,,,,OPERATING_COMMON_EQUITY,False,FRESH
EH,EHang Holdings Limited ADS,$5.25,0.35,7.143%,377920505.0,China,2019.0,929510.0,Industrials,Aerospace,FOREIGN_OR_DEPOSITARY,False,FRESH
EIKN,"Eikon Therapeutics, Inc. Common Stock",$9.88,0.98,11.011%,534889645.0,,,,,,OPERATING_COMMON_EQUITY,False,FRESH
ELE,Elemental Royalty Corporation Common Stock,$15.89,0.19,1.21%,1023046347.0,,,,,,OPERATING_COMMON_EQUITY,False,FRESH
ELMT,The Elmet Group Co. Common Stock,$14.71,0.46,3.228%,441003785.0,,,,,,OPERATING_COMMON_EQUITY,False,FRESH
ELVA,Electrovaya Inc. Common Shares,$8.40,0.07,0.84%,415862832.0,,,,,,OPERATING_COMMON_EQUITY,False,FRESH
ELVN,"Enliven Therapeutics, Inc. Common Stock",$52.735,-0.215,-0.406%,3211822327.0,United States,2020.0,473950.0,Health Care,Biotechnology: Pharmaceutical Preparations,OPERATING_COMMON_EQUITY,False,FRESH
ELVR,Elevra Lithium Limited American Depository Shares,$56.51,2.06,3.783%,957148127.0,,,,,,OPERATING_COMMON_EQUITY,False,MISSING
EMAT,Evolution Metals & Technologies Corp. Common Stock,$5.02,-0.05,-0.986%,3121389043.0,,,,,,OPERATING_COMMON_EQUITY,False,STALE
ENLT,Enlight Renewable Energy Ltd. Ordinary Shares,$91.33,4.33,4.977%,12735426000.0,Israel,2023.0,12354.0,Utilities,Electric Utilities: Central,FOREIGN_OR_DEPOSITARY,False,FRESH
ENPH,"Enphase Energy, Inc. Common Stock",$38.01,1.31,3.569%,5009650342.0,United States,2012.0,6249593.0,Technology,Semiconductors,OPERATING_COMMON_EQUITY,True,FRESH
ENRD,Einride AB American Depositary Shares,$5.13,-0.02,-0.388%,739568871.0,,,,,,FOREIGN_OR_DEPOSITARY,False,MISSING
ENSG,"The Ensign Group, Inc. Common Stock",$178.07,5.08,2.937%,10407372378.0,United States,2007.0,421674.0,Health Care,Hospital/Nursing Management,OPERATING_COMMON_EQUITY,True,FRESH
ENTA,"Enanta Pharmaceuticals, Inc. Common Stock",$12.73,-0.05,-0.391%,370167777.0,,,,,,OPERATING_COMMON_EQUITY,False,FRESH
ENTG,"Entegris, Inc. Common Stock",$126.37,-2.78,-2.153%,19271425000.0,United States,2000.0,2972688.0,Industrials,Plastic Products,OPERATING_COMMON_EQUITY,False,FRESH
ENVX,Enovix Corporation Common Stock,$4.23,0.28,7.089%,922789051.0,United States,2021.0,4762118.0,Miscellaneous,Industrial Machinery/Components,OPERATING_COMMON_EQUITY,False,FRESH
EOLS,"Evolus, Inc. Common Stock",$6.18,0.20,3.344%,406982361.0,United States,2018.0,1285199.0,Health Care,Biotechnology: Pharmaceutical Preparations,OPERATING_COMMON_EQUITY,False,FRESH
EOSE,"Eos Energy Enterprises, Inc. Class A Common Stock",$3.61,0.14,4.035%,1275043556.0,United States,,11005610.0,Miscellaneous,Industrial Machinery/Components,OPERATING_COMMON_EQUITY,False,FRESH
EPRX,Eupraxia Pharmaceuticals Inc. Common Stock,$6.17,0.36,6.196%,403067263.0,,,,,,OPERATING_COMMON_EQUITY,False,FRESH
EQIX,"Equinix, Inc. Common Stock REIT","$1,046.79",-37.45,-3.454%,103238876564.0,United States,2000.0,589453.0,Real Estate,Real Estate Investment Trusts,OPERATING_COMMON_EQUITY,False,FRESH
EQPT,EquipmentShare.com Inc Class A Common Stock,$19.24,-0.14,-0.722%,4855696866.0,,,,,,OPERATING_COMMON_EQUITY,False,FRESH
ERAS,"Erasca, Inc. Common Stock",$18.87,-0.24,-1.256%,6457983130.0,United States,2021.0,889932.0,Health Care,Biotechnology: Pharmaceutical Preparations,OPERATING_COMMON_EQUITY,False,FRESH
ERIC,Ericsson American Depositary Shares,$9.67,0.33,3.533%,32600971277.0,Sweden,,21548820.0,Technology,Radio And Television Broadcasting And Communications Equipment,FOREIGN_OR_DEPOSITARY,False,FRESH
ERIE,Erie Indemnity Company Class A Common Stock,$228.26,4.71,2.107%,10543696899.0,United States,,118261.0,Finance,Specialty Insurers,OPERATING_COMMON_EQUITY,False,FRESH
ERII,"Energy Recovery, Inc. Common Stock",$8.52,0.10,1.188%,439165607.0,United States,2008.0,676677.0,Technology,Industrial Machinery/Components,OPERATING_COMMON_EQUITY,False,FRESH
ESEA,Euroseas Ltd. Common Stock (Marshall Islands),$76.11,-0.88,-1.143%,537023103.0,,,,,,OPERATING_COMMON_EQUITY,False,FRESH
ESLT,Elbit Systems Ltd. Ordinary Shares,$812.86,-7.35,-0.896%,37805251278.0,Israel,,63951.0,Industrials,Military/Government/Technical,FOREIGN_OR_DEPOSITARY,False,FRESH
ESQ,"Esquire Financial Holdings, Inc. Common Stock",$120.49,0.39,0.325%,1040965041.0,United States,2017.0,41684.0,Finance,Commercial Banks,OPERATING_COMMON_EQUITY,False,FRESH
ESTA,Establishment Labs Holdings Inc. Common Shares,$92.10,-0.22,-0.238%,2710538919.0,Costa Rica,2018.0,305203.0,Health Care,Industrial Specialties,OPERATING_COMMON_EQUITY,False,FRESH
ETON,"Eton Pharmaceuticals, Inc. Common Stock",$42.31,-0.28,-0.657%,1158970667.0,United States,2018.0,400195.0,Health Care,Biotechnology: Pharmaceutical Preparations,OPERATING_COMMON_EQUITY,False,FRESH
ETOR,eToro Group Ltd. Class A Common Shares,$37.81,1.03,2.80%,3045456851.0,Israel,2025.0,2055346.0,Finance,Investment Bankers/Brokers/Service,OPERATING_COMMON_EQUITY,False,FRESH
EVCM,EverCommerce Inc. Common Stock,$11.82,0.26,2.249%,2091557286.0,United States,2021.0,197394.0,Technology,Computer Software: Prepackaged Software,OPERATING_COMMON_EQUITY,False,FRESH
EVER,"EverQuote, Inc. Class A Common Stock",$26.25,1.21,4.832%,928548548.0,United States,2018.0,429778.0,Technology,Computer Software: Programming Data Processing,OPERATING_COMMON_EQUITY,False,FRESH
EVGO,EVgo Inc. Class A Common Stock,$1.56,0.14,9.859%,489620609.0,United States,,4975341.0,Technology,EDP Services,OPERATING_COMMON_EQUITY,False,FRESH
EVLV,"Evolv Technologies Holdings, Inc. Class A Common Stock",$5.45,0.21,4.008%,980299185.0,United States,2020.0,19879450.0,Technology,Computer peripheral equipment,OPERATING_COMMON_EQUITY,False,FRESH
EVRG,"Evergy, Inc. Common Stock",$85.84,-1.34,-1.537%,19787238066.0,United States,,2692851.0,Utilities,Power Generation,OPERATING_COMMON_EQUITY,False,FRESH
EWBC,"East West Bancorp, Inc. Common Stock",$129.89,-1.11,-0.847%,17794444471.0,United States,,590128.0,Finance,Major Banks,OPERATING_COMMON_EQUITY,False,FRESH
EWTX,"Edgewise Therapeutics, Inc. Common Stock",$41.60,0.76,1.861%,4475869050.0,United States,2021.0,1281745.0,Health Care,Biotechnology: Pharmaceutical Preparations,OPERATING_COMMON_EQUITY,False,FRESH
EXC,Exelon Corporation Common Stock,$47.15,-0.38,-0.799%,48244263895.0,United States,,7844097.0,Utilities,Power Generation,OPERATING_COMMON_EQUITY,False,FRESH
EXE,Expand Energy Corporation Common Stock,$90.51,-1.01,-1.104%,21652603123.0,United States,,1919438.0,Energy,Oil & Gas Production,OPERATING_COMMON_EQUITY,False,FRESH
EXEL,"Exelixis, Inc. Common Stock",$55.81,0.44,0.795%,14028127182.0,United States,2000.0,5542258.0,Health Care,Biotechnology: Biological Products (No Diagnostic Substances),OPERATING_COMMON_EQUITY,True,FRESH
EXLS,"ExlService Holdings, Inc. Common Stock",$28.56,0.89,3.216%,4363480509.0,United States,2006.0,1567071.0,Consumer Discretionary,Business Services,OPERATING_COMMON_EQUITY,False,FRESH
EXPE,"Expedia Group, Inc. Common Stock",$278.37,18.43,7.09%,33410545574.0,United States,,1759800.0,Consumer Discretionary,Transportation Services,OPERATING_COMMON_EQUITY,False,FRESH
EXPO,"Exponent, Inc. Common Stock",$62.76,1.32,2.148%,3044589836.0,United States,,458574.0,Consumer Discretionary,Professional Services,OPERATING_COMMON_EQUITY,False,FRESH
EXTR,"Extreme Networks, Inc. Common Stock",$29.95,0.46,1.56%,3916803736.0,United States,1999.0,838856.0,Telecommunications,Computer Communications Equipment,OPERATING_COMMON_EQUITY,False,FRESH
EYE,"National Vision Holdings, Inc. Common Stock",$20.74,0.82,4.116%,1661619632.0,United States,2017.0,2782804.0,Health Care,Ophthalmic Goods,OPERATING_COMMON_EQUITY,False,FRESH
EYPT,"EyePoint, Inc. Common Stock",$12.41,0.22,1.805%,1040470508.0,United States,,1117479.0,Industrials,Biotechnology: Laboratory Analytical Instruments,OPERATING_COMMON_EQUITY,False,FRESH
EZPW,"EZCORP, Inc. Class A Non Voting Common Stock",$30.40,0.86,2.911%,1870693731.0,United States,1991.0,1175514.0,Consumer Discretionary,Other Specialty Stores,OPERATING_COMMON_EQUITY,False,FRESH
FA,First Advantage Corporation Common Stock,$20.01,0.37,1.884%,3432456310.0,United States,2021.0,2113733.0,Consumer Discretionary,Business Services,OPERATING_COMMON_EQUITY,False,FRESH
FAC,Factorial Energy Inc. Class A Common Stock,$4.75,-0.36,-7.045%,508360414.0,,,,,,OPERATING_COMMON_EQUITY,False,FRESH
FANG,"Diamondback Energy, Inc. Common Stock",$195.80,-8.88,-4.338%,55081143553.0,United States,2012.0,2291949.0,Energy,Oil & Gas Production,OPERATING_COMMON_EQUITY,False,FRESH
FAST,Fastenal Company Common Stock,$47.64,0.62,1.319%,54666784378.0,United States,1987.0,2544701.0,Consumer Discretionary,RETAIL: Building Materials,OPERATING_COMMON_EQUITY,False,FRESH
FBIZ,"First Business Financial Services, Inc. Common Stock",$67.48,0.30,0.447%,564278962.0,United States,,31858.0,Finance,Major Banks,OPERATING_COMMON_EQUITY,False,FRESH
FBNC,First Bancorp Common Stock,$62.58,-0.16,-0.255%,2589273346.0,United States,1987.0,155174.0,Finance,Major Banks,OPERATING_COMMON_EQUITY,False,FRESH
FBRX,"Forte Biosciences, Inc. Common Stock",$76.50,21.72,39.65%,1566629501.0,,,,,,OPERATING_COMMON_EQUITY,False,FRESH
FBYD,"Falcon's Beyond Global, Inc. Class A Common Stock",$10.46,-0.03,-0.286%,1268193538.0,United States,,8578.0,Consumer Discretionary,Services-Misc. Amusement & Recreation,OPERATING_COMMON_EQUITY,False,FRESH
FCBC,"First Community Bankshares, Inc. (VA) Common Stock",$48.17,-0.31,-0.639%,908810336.0,United States,,51529.0,Finance,Major Banks,OPERATING_COMMON_EQUITY,False,FRESH
FCCO,First Community Corporation Common Stock,$33.93,0.28,0.832%,318872783.0,,,,,,OPERATING_COMMON_EQUITY,False,FRESH
FCEL,"FuelCell Energy, Inc. Common Stock",$21.49,0.23,1.082%,1718215672.0,,,,,,OPERATING_COMMON_EQUITY,False,FRESH
FCFS,"FirstCash Holdings, Inc. Common Stock",$206.74,11.68,5.988%,9062796670.0,United States,1991.0,370532.0,Consumer Discretionary,Other Specialty Stores,OPERATING_COMMON_EQUITY,False,FRESH
FCNCA,"First Citizens BancShares, Inc. Class A Common Stock","$2,137.36",-23.29,-1.078%,24765534749.0,United States,,59231.0,Finance,Major Banks,OPERATING_COMMON_EQUITY,False,FRESH
FDMT,"4D Molecular Therapeutics, Inc. Common Stock",$10.38,0.31,3.078%,542627517.0,,,,,,OPERATING_COMMON_EQUITY,False,FRESH
FDUS,Fidus Investment Corporation Common Stock,$19.78,0.37,1.906%,750737320.0,United States,2011.0,162844.0,Finance,Finance/Investors Services,OPERATING_COMMON_EQUITY,False,FRESH
FEIM,"Frequency Electronics, Inc. Common Stock",$70.64,-1.82,-2.512%,697222239.0,,,,,,OPERATING_COMMON_EQUITY,False,FRESH
FELE,"Franklin Electric Co., Inc. Common Stock",$105.43,-0.16,-0.152%,4658132720.0,United States,,320731.0,Consumer Discretionary,Metal Fabrications,OPERATING_COMMON_EQUITY,False,FRESH
FENC,Fennec Pharmaceuticals Inc. Common Stock,$10.21,0.22,2.202%,356193707.0,,,,,,OPERATING_COMMON_EQUITY,False,FRESH
FER,Ferrovial N.V. Ordinary Shares,$62.86,-0.39,-0.617%,45225114291.0,Netherlands,,230395.0,Industrials,Military/Government/Technical,FOREIGN_OR_DEPOSITARY,False,MISSING
FFBC,First Financial Bancorp. Common Stock,$33.58,-0.29,-0.856%,3523528379.0,United States,,332587.0,Finance,Major Banks,OPERATING_COMMON_EQUITY,False,FRESH
FFIN,"First Financial Bankshares, Inc. Common Stock",$34.44,-0.24,-0.692%,4934629669.0,United States,,437639.0,Finance,Major Banks,OPERATING_COMMON_EQUITY,False,FRESH
FFIV,"F5, Inc. Common Stock",$407.96,15.75,4.016%,23016796006.0,United States,1999.0,331423.0,Telecommunications,Computer Communications Equipment,OPERATING_COMMON_EQUITY,False,FRESH
FHB,"First Hawaiian, Inc. Common Stock",$27.79,-0.32,-1.138%,3380624960.0,United States,2016.0,563440.0,Finance,Major Banks,OPERATING_COMMON_EQUITY,False,FRESH
FHTX,Foghorn Therapeutics Inc. Common Stock,$5.20,0.35,7.216%,305312394.0,,,,,,OPERATING_COMMON_EQUITY,False,FRESH
FIBK,"First Interstate BancSystem, Inc. Common Stock (DE)",$37.76,-0.36,-0.944%,3668115111.0,United States,2010.0,907335.0,Finance,Major Banks,OPERATING_COMMON_EQUITY,False,FRESH
FIGR,"Figure Technology Solutions, Inc. Class A Common Stock",$28.83,1.24,4.494%,6357470399.0,,,,,,OPERATING_COMMON_EQUITY,False,FRESH
FIP,FTAI Infrastructure Inc. Common Stock ,$4.15,-0.08,-1.891%,490378753.0,United States,,1935876.0,Energy,Oil Refining/Marketing,OPERATING_COMMON_EQUITY,False,FRESH
FISI,"Financial Institutions, Inc. Common Stock",$41.25,0.63,1.551%,812062763.0,United States,1999.0,73609.0,Finance,Major Banks,OPERATING_COMMON_EQUITY,False,FRESH
FISN,"Deep Fission, Inc. Common Stock",$9.79,-0.47,-4.581%,576593044.0,,,,,,OPERATING_COMMON_EQUITY,False,STALE
FISV,"Fiserv, Inc. Common Stock",$52.31,1.29,2.528%,27894516008.0,,,,,,OPERATING_COMMON_EQUITY,False,FRESH
FIVE,"Five Below, Inc. Common Stock",$207.14,3.95,1.944%,11453879006.0,United States,2012.0,2241779.0,Consumer Discretionary,Department/Specialty Retail Stores,OPERATING_COMMON_EQUITY,False,FRESH
FIVN,"Five9, Inc. Common Stock",$25.55,2.43,10.51%,1956209893.0,United States,2014.0,1252521.0,Technology,EDP Services,OPERATING_COMMON_EQUITY,False,FRESH
FIZZ,National Beverage Corp. Common Stock,$31.25,0.55,1.792%,2925378188.0,United States,,170448.0,Consumer Staples,Beverages (Production/Distribution),OPERATING_COMMON_EQUITY,False,FRESH
FLEX,Flex Ltd. Ordinary Shares,$116.07,-2.44,-2.059%,42526835533.0,Singapore,1994.0,2713481.0,Technology,Electrical Products,FOREIGN_OR_DEPOSITARY,False,FRESH
FLGT,"Fulgent Genetics, Inc. Common Stock",$19.58,-0.09,-0.458%,556084198.0,United States,2016.0,312547.0,Health Care,Medical Specialities,OPERATING_COMMON_EQUITY,True,FRESH
FLNC,"Fluence Energy, Inc. Class A Common Stock",$13.51,0.07,0.521%,2489626677.0,United States,2021.0,5456116.0,Miscellaneous,Industrial Machinery/Components,OPERATING_COMMON_EQUITY,False,FRESH
FLXS,"Flexsteel Industries, Inc. Common Stock",$75.84,0.64,0.851%,406163471.0,,,,,,OPERATING_COMMON_EQUITY,False,FRESH
FLY,Firefly Aerospace Inc. Common Stock,$19.88,0.19,0.965%,3185476114.0,,,,,,OPERATING_COMMON_EQUITY,False,FRESH
FLYW,Flywire Corporation Voting Common Stock,$16.14,0.25,1.573%,1961729198.0,United States,2021.0,1684359.0,Consumer Discretionary,Business Services,OPERATING_COMMON_EQUITY,False,FRESH
FMAO,"Farmers & Merchants Bancorp, Inc. Common Stock",$31.20,0.25,0.808%,429567466.0,United States,,18095.0,Finance,Savings Institutions,OPERATING_COMMON_EQUITY,False,FRESH
FMBH,"First Mid Bancshares, Inc. Common Stock",$51.16,0.16,0.314%,1361664123.0,United States,,61963.0,Finance,Major Banks,OPERATING_COMMON_EQUITY,False,FRESH
FMNB,Farmers National Banc Corp. Common Stock,$15.35,0.16,1.053%,908950572.0,United States,,81635.0,Finance,Major Banks,OPERATING_COMMON_EQUITY,False,FRESH
FNKO,"Funko, Inc. Class A Common Stock",$6.12,0.33,5.699%,342296863.0,,,,,,OPERATING_COMMON_EQUITY,False,FRESH
FNLC,"First Bancorp, Inc  (ME) Common Stock",$34.89,-0.09,-0.257%,393411197.0,,,,,,OPERATING_COMMON_EQUITY,False,FRESH
FNRN,First Northern Community Bancorp Common stock,$18.50,0.20,1.093%,303529611.0,,,,,,OPERATING_COMMON_EQUITY,False,FRESH
FORM,"FormFactor, Inc. FormFactor, Inc. Common Stock",$98.80,-5.24,-5.037%,7701931474.0,United States,2003.0,465466.0,Technology,Semiconductors,OPERATING_COMMON_EQUITY,False,FRESH
FORTY,Formula Systems (1985) Ltd. American Depositary Shares,$114.00,UNCH,--,1746214038.0,Israel,,180.0,Technology,EDP Services,FOREIGN_OR_DEPOSITARY,False,STALE
FOX,Fox Corporation Class B Common Stock,$50.81,1.40,2.833%,21349666665.0,United States,,1312133.0,Industrials,Broadcasting,OPERATING_COMMON_EQUITY,False,FRESH
FOXA,Fox Corporation Class A Common Stock,$56.64,1.33,2.405%,23799352882.0,United States,,3573065.0,Industrials,Broadcasting,OPERATING_COMMON_EQUITY,False,FRESH
FOXF,Fox Factory Holding Corp. Common Stock,$18.57,0.06,0.324%,778753990.0,United States,2013.0,655878.0,Consumer Discretionary,Motor Vehicles,OPERATING_COMMON_EQUITY,True,FRESH
FRBA,First Bank Common Stock,$18.63,0.65,3.615%,468253928.0,United States,2013.0,35167.0,Finance,Commercial Banks,OPERATING_COMMON_EQUITY,False,FRESH
FRBT,"Forbright, Inc. Class A Common Stock",$19.72,0.11,0.561%,979838841.0,,,,,,OPERATING_COMMON_EQUITY,False,MISSING
FRHC,Freedom Holding Corp. Common Stock,$156.21,5.19,3.437%,9574514078.0,Kazakhstan,,114727.0,Finance,Investment Bankers/Brokers/Service,OPERATING_COMMON_EQUITY,True,FRESH
FRME,First Merchants Corporation Common Stock,$42.67,-0.51,-1.181%,2689180358.0,United States,,232336.0,Finance,Major Banks,OPERATING_COMMON_EQUITY,False,FRESH
FRMEP,First Merchants Corporation Depository Shares,$25.95,UNCH,--,1635440129.0,United States,,1642.0,Finance,Major Banks,OPERATING_COMMON_EQUITY,False,FRESH
FRMI,Fermi Inc. Common Stock,$7.23,-0.17,-2.297%,4609661748.0,,,,,,OPERATING_COMMON_EQUITY,False,FRESH
FRNM,"Freenome, Inc. Common stock",$11.38,0.14,1.246%,1284320694.0,,,,,,OPERATING_COMMON_EQUITY,False,MISSING
FROG,JFrog Ltd. Ordinary Shares,$81.23,1.07,1.335%,9838555181.0,United States,2020.0,768592.0,Technology,Computer Software: Prepackaged Software,FOREIGN_OR_DEPOSITARY,False,FRESH
FRPH,"FRP Holdings, Inc. Common Stock",$23.55,0.13,0.555%,451459976.0,United States,,56224.0,Finance,Real Estate,OPERATING_COMMON_EQUITY,False,FRESH
FRPT,"Freshpet, Inc. Common Stock",$59.50,1.96,3.406%,2923996065.0,United States,2014.0,1923654.0,Consumer Staples,Packaged Foods,OPERATING_COMMON_EQUITY,True,FRESH
FRSH,Freshworks Inc. Class A Common Stock,$10.82,0.55,5.355%,2991017687.0,United States,2021.0,1863445.0,Technology,Computer Software: Prepackaged Software,OPERATING_COMMON_EQUITY,False,FRESH
FRST,Primis Financial Corp. Common Stock,$15.80,0.46,2.999%,393082212.0,,,,,,OPERATING_COMMON_EQUITY,False,FRESH
FRVO,Fervo Energy Company Class A common stock,$23.98,-0.035,-0.146%,7065586477.0,,,,,,OPERATING_COMMON_EQUITY,False,FRESH
FSBC,Five Star Bancorp Common Stock,$47.21,0.40,0.855%,1137815433.0,United States,2021.0,48227.0,Finance,Major Banks,OPERATING_COMMON_EQUITY,False,FRESH
FSBW,"FS Bancorp, Inc. Common Stock",$43.48,-0.13,-0.298%,322785607.0,United States,2012.0,21017.0,Finance,Banks,OPERATING_COMMON_EQUITY,False,FRESH
FSLR,"First Solar, Inc. Common Stock",$205.83,3.01,1.484%,22117125706.0,United States,2006.0,5256289.0,Technology,Semiconductors,OPERATING_COMMON_EQUITY,True,FRESH
FSLY,"Fastly, Inc. Class A Common Stock",$20.04,-0.20,-0.988%,3136260000.0,,,,,,OPERATING_COMMON_EQUITY,False,FRESH
FSTR,L.B. Foster Company Common Stock,$42.31,-0.09,-0.212%,442506751.0,,,,,,OPERATING_COMMON_EQUITY,False,FRESH
FSUN,FirstSun Capital Bancorp Common Stock,$34.81,0.32,0.928%,1626904701.0,United States,,69743.0,Finance,Major Banks,OPERATING_COMMON_EQUITY,False,FRESH
FSV,FirstService Corporation Common Shares,$140.23,2.77,2.015%,6448022345.0,Canada,,74285.0,Finance,Real Estate,OPERATING_COMMON_EQUITY,False,FRESH
FTAI,FTAI Aviation Ltd. Common Stock,$214.15,-1.83,-0.847%,21968143454.0,United States,,1514431.0,Industrials,Misc Corporate Leasing Services,OPERATING_COMMON_EQUITY,True,FRESH
FTDR,"Frontdoor, Inc. Common Stock",$72.57,1.08,1.511%,5096948290.0,United States,,451289.0,Finance,Diversified Commercial Services,OPERATING_COMMON_EQUITY,False,FRESH
FTH,"Faeth Therapeutics, Inc. Common Stock",$29.24,0.95,3.358%,753770767.0,,,,,,OPERATING_COMMON_EQUITY,False,FRESH
FTNT,"Fortinet, Inc. Common Stock",$152.38,0.01,0.007%,111640961821.0,United States,2009.0,4510482.0,Technology,Computer peripheral equipment,OPERATING_COMMON_EQUITY,True,FRESH
FTRE,Fortrea Holdings Inc. Common Stock,$19.20,-0.32,-1.639%,1816320000.0,United States,,4311094.0,Health Care,Medical Specialities,OPERATING_COMMON_EQUITY,False,FRESH
FULT,Fulton Financial Corporation Common Stock,$24.40,-0.17,-0.692%,4663659498.0,United States,,944505.0,Finance,Major Banks,OPERATING_COMMON_EQUITY,False,FRESH
FUTU,Futu Holdings Limited American Depositary Shares,$104.27,4.91,4.942%,14615278467.0,Hong Kong,2019.0,2234727.0,Finance,Investment Bankers/Brokers/Service,FOREIGN_OR_DEPOSITARY,False,FRESH
FVCB,"FVCBankcorp, Inc. Common Stock",$18.23,0.30,1.673%,328081518.0,,,,,,OPERATING_COMMON_EQUITY,False,FRESH
FWDI,"Forward Industries, Inc. Common Stock",$4.09,0.20,5.141%,305439969.0,,,,,,OPERATING_COMMON_EQUITY,False,FRESH
FWONA,Liberty Media Corporation Series A Liberty Formula One Common Stock,$90.25,1.175,1.319%,22617165147.0,United States,,88438.0,Industrials,Broadcasting,OPERATING_COMMON_EQUITY,False,FRESH
FWONK,Liberty Media Corporation Series C Liberty Formula One Common Stock,$98.33,1.28,1.319%,24642059268.0,United States,,813074.0,Industrials,Broadcasting,OPERATING_COMMON_EQUITY,False,FRESH
FWRD,Forward Air Corporation Common Stock,$14.72,-0.53,-3.475%,465520677.0,United States,,434387.0,Consumer Discretionary,Oil Refining/Marketing,OPERATING_COMMON_EQUITY,False,FRESH
FWRG,"First Watch Restaurant Group, Inc. Common Stock",$12.885,0.765,6.312%,794294343.0,United States,2021.0,529095.0,Consumer Discretionary,Restaurants,OPERATING_COMMON_EQUITY,False,FRESH
GABC,"German American Bancorp, Inc. Common Stock",$48.83,0.40,0.826%,1834265550.0,United States,,102251.0,Finance,Major Banks,OPERATING_COMMON_EQUITY,False,FRESH
GAIN,Gladstone Investment Corporation Business Development Company,$16.28,0.33,2.069%,648301623.0,United States,2005.0,154342.0,Finance,Finance: Consumer Services,OPERATING_COMMON_EQUITY,False,FRESH
GASS,"StealthGas, Inc. Common Stock",$8.86,0.03,0.34%,329465178.0,,,,,,OPERATING_COMMON_EQUITY,False,MISSING
GBDC,"Golub Capital BDC, Inc. Common Stock",$12.88,0.10,0.782%,3355177931.0,United States,2010.0,1082998.0,Finance,Finance: Consumer Services,OPERATING_COMMON_EQUITY,False,FRESH
GBFH,GBank Financial Holdings Inc. Common Stock,$31.30,0.30,0.968%,452922018.0,United States,,32678.0,Finance,Commercial Banks,OPERATING_COMMON_EQUITY,False,FRESH
GBLI,"Global Indemnity Group, LLC Class A Common Stock ",$27.12,0.1199,0.444%,396199524.0,,,,,,OPERATING_COMMON_EQUITY,False,FRESH
GCBC,"Greene County Bancorp, Inc. Common Stock",$33.42,0.42,1.273%,568991709.0,United States,,35098.0,Finance,Banks,OPERATING_COMMON_EQUITY,False,FRESH
GCMG,GCM Grosvenor Inc. Class A Common Stock,$12.52,0.32,2.623%,2529653430.0,United States,,324028.0,Finance,Investment Managers,OPERATING_COMMON_EQUITY,False,FRESH
GCT,GigaCloud Technology Inc Class A Ordinary Shares,$39.17,3.08,8.534%,1460612950.0,United States,2022.0,945221.0,Consumer Discretionary,Catalog/Specialty Distribution,FOREIGN_OR_DEPOSITARY,False,FRESH
GDRX,"GoodRx Holdings, Inc. Class A Common Stock",$3.05,0.09,3.041%,1032959888.0,United States,2020.0,1311359.0,Technology,EDP Services,OPERATING_COMMON_EQUITY,False,FRESH
GDS,GDS Holdings Limited ADS,$31.37,-0.26,-0.822%,6285845720.0,China,2016.0,1477461.0,Technology,Computer Software: Programming Data Processing,FOREIGN_OR_DEPOSITARY,False,FRESH
GDYN,"Grid Dynamics Holdings, Inc. Class A Common Stock",$6.15,0.46,8.084%,514300232.0,United States,2018.0,829938.0,Technology,Computer Software: Prepackaged Software,OPERATING_COMMON_EQUITY,False,FRESH
GEHC,GE HealthCare Technologies Inc. Common Stock ,$61.12,0.54,0.891%,27802985960.0,United States,,3309522.0,Health Care,Medical Electronics,OPERATING_COMMON_EQUITY,False,FRESH
GEMI,"Gemini Space Station, Inc. Class A Common Stock",$4.45,0.16,3.73%,530840202.0,,,,,,OPERATING_COMMON_EQUITY,False,FRESH
GEN,Gen Digital Inc. Common Stock,$26.74,0.90,3.483%,16109081256.0,United States,,3807686.0,Technology,Computer Software: Prepackaged Software,OPERATING_COMMON_EQUITY,False,FRESH
GENB,"Generate Biomedicines, Inc. Common Stock",$13.68,0.28,2.09%,1753673181.0,,,,,,OPERATING_COMMON_EQUITY,False,FRESH
GERN,Geron Corporation Common Stock,$1.48,0.06,4.225%,949451042.0,United States,1996.0,13835778.0,Health Care,Biotechnology: Pharmaceutical Preparations,OPERATING_COMMON_EQUITY,False,FRESH
GEVO,"Gevo, Inc. Common Stock",$1.565,-0.06,-3.692%,380938730.0,,,,,,OPERATING_COMMON_EQUITY,False,FRESH
GFS,GlobalFoundries Inc. Ordinary Shares,$53.18,-0.35,-0.654%,29590269674.0,United States,2021.0,1391915.0,Technology,Semiconductors,FOREIGN_OR_DEPOSITARY,False,FRESH
GFUZ,General Fusion Group Ltd. Common Shares,$7.53,0.80,11.887%,478492284.0,,,,,,OPERATING_COMMON_EQUITY,False,STALE
GGAL,Grupo Financiero Galicia S.A. American Depositary Shares,$50.00,0.70,1.42%,8031268650.0,Argentina,,682791.0,Finance,Commercial Banks,FOREIGN_OR_DEPOSITARY,False,FRESH
GH,"Guardant Health, Inc. Common Stock",$145.47,-1.86,-1.262%,19289311672.0,United States,2018.0,1632207.0,Health Care,Medical Specialities,OPERATING_COMMON_EQUITY,False,FRESH
GHRS,GH Research PLC Ordinary Shares,$27.75,0.47,1.723%,1902461579.0,Ireland,2021.0,76904.0,Health Care,Biotechnology: Pharmaceutical Preparations,FOREIGN_OR_DEPOSITARY,False,FRESH
GIII,"G-III Apparel Group, LTD. Common Stock",$35.93,0.98,2.804%,1515907288.0,United States,1989.0,265670.0,Consumer Discretionary,Apparel,OPERATING_COMMON_EQUITY,False,FRESH
GILD,"Gilead Sciences, Inc. Common Stock",$130.52,1.21,0.936%,162049699954.0,United States,1992.0,6398441.0,Health Care,Biotechnology: Biological Products (No Diagnostic Substances),OPERATING_COMMON_EQUITY,False,FRESH
GILT,Gilat Satellite Networks Ltd. Ordinary Shares,$11.01,0.28,2.61%,830935137.0,Israel,,491593.0,Technology,Radio And Television Broadcasting And Communications Equipment,FOREIGN_OR_DEPOSITARY,False,FRESH
GLAD,Gladstone Capital Corporation Common Stock,$19.03,0.24,1.277%,429946103.0,United States,2001.0,68148.0,Consumer Discretionary,Textiles,OPERATING_COMMON_EQUITY,False,FRESH
GLBE,Global-E Online Ltd. Ordinary Shares,$37.76,1.55,4.281%,6327378555.0,Israel,2021.0,1674200.0,Technology,Computer Software: Prepackaged Software,FOREIGN_OR_DEPOSITARY,False,FRESH
GLIBA,Liberty Capital Corporation Series A GCI Group Common Stock,$22.92,0.60,2.688%,914622462.0,,,,,,OPERATING_COMMON_EQUITY,False,FRESH
GLIBK,Liberty Capital Corporation Series C GCI Group Common Stock,$22.55,0.60,2.733%,899857615.0,,,,,,OPERATING_COMMON_EQUITY,False,FRESH
GLNG,Golar Lng Ltd,$48.98,0.36,0.74%,4975842347.0,Bermuda,,2340116.0,Consumer Discretionary,Marine Transportation,OPERATING_COMMON_EQUITY,False,FRESH
GLPI,"Gaming and Leisure Properties, Inc. Common Stock",$45.04,-0.13,-0.288%,12765274003.0,United States,,2115410.0,Real Estate,Real Estate Investment Trusts,OPERATING_COMMON_EQUITY,False,FRESH
GLRE,"Greenlight Capital Re, Ltd. Class A Ordinary Shares",$17.19,0.20,1.177%,570131241.0,Cayman Islands,2007.0,115913.0,Finance,Property-Casualty Insurers,FOREIGN_OR_DEPOSITARY,False,FRESH
GLUE,"Monte Rosa Therapeutics, Inc. Common Stock",$22.56,-0.22,-0.966%,1905855670.0,,,,,,OPERATING_COMMON_EQUITY,False,FRESH
GLXY,Galaxy Digital Inc. Class A Common Stock,$22.70,0.02,0.088%,8866854491.0,,,,,,OPERATING_COMMON_EQUITY,False,FRESH
GMAB,Genmab A/S ADS,$28.80,-0.07,-0.242%,3700132301.0,Denmark,2019.0,836564.0,Health Care,Biotechnology: Pharmaceutical Preparations,FOREIGN_OR_DEPOSITARY,False,FRESH
GNTX,Gentex Corporation Common Stock,$22.92,0.02,0.087%,4896797239.0,United States,,3070904.0,Consumer Discretionary,Auto Parts:O.E.M.,OPERATING_COMMON_EQUITY,False,FRESH
GO,Grocery Outlet Holding Corp. Common Stock,$9.42,0.41,4.55%,931851570.0,United States,2019.0,3161575.0,Consumer Staples,Food Chains,OPERATING_COMMON_EQUITY,False,FRESH
GOGO,Gogo Inc. Common Stock,$3.99,0.18,4.724%,539601707.0,United States,2013.0,1475930.0,Consumer Discretionary,Telecommunications Equipment,OPERATING_COMMON_EQUITY,False,FRESH
GOOD,Gladstone Commercial Corporation Real Estate Investment Trust,$12.95,-0.01,-0.077%,626870559.0,United States,2003.0,462913.0,Real Estate,Real Estate,OPERATING_COMMON_EQUITY,False,FRESH
GOOG,Alphabet Inc. Class C Capital Stock,$326.57,7.48,2.344%,3993951100000.0,United States,2004.0,36271378.0,Technology,Computer Software: Programming Data Processing,OPERATING_COMMON_EQUITY,False,FRESH
GOOGL,Alphabet Inc. Class A Common Stock,$326.56,6.82,2.133%,3993828800000.0,United States,2004.0,42846925.0,Technology,Computer Software: Programming Data Processing,OPERATING_COMMON_EQUITY,False,FRESH
GPCR,Structure Therapeutics Inc. American Depositary Shares,$48.69,-0.43,-0.875%,3460618184.0,United States,2023.0,827127.0,Health Care,Biotechnology: Pharmaceutical Preparations,FOREIGN_OR_DEPOSITARY,False,FRESH
GPRE,Green Plains Inc. Common Stock,$16.44,-0.51,-3.009%,1152463070.0,United States,,1613496.0,Industrials,Major Chemicals,OPERATING_COMMON_EQUITY,False,FRESH
GRAB,Grab Holdings Limited Class A Ordinary Shares,$3.35,0.04,1.208%,13736613973.0,Singapore,,24671121.0,Consumer Discretionary,Business Services,FOREIGN_OR_DEPOSITARY,False,FRESH
GRAL,"GRAIL, Inc. Common Stock ",$66.77,-1.07,-1.577%,2865540915.0,United States,,2075772.0,Health Care,Medical Specialities,OPERATING_COMMON_EQUITY,False,FRESH
GRFS,"Grifols, S.A. American Depositary Shares",$7.75,0.17,2.243%,5328550537.0,Spain,,908618.0,Health Care,Biotechnology: Pharmaceutical Preparations,FOREIGN_OR_DEPOSITARY,False,STALE
GRPN,"Groupon, Inc. Common Stock",$27.53,1.72,6.664%,1045698969.0,United States,2011.0,1192325.0,Consumer Discretionary,Advertising,OPERATING_COMMON_EQUITY,False,FRESH
GRRR,Gorilla Technology Group Inc. Ordinary shares,$12.13,0.12,0.999%,336698160.0,Taiwan,,1621857.0,Technology,Computer Software: Prepackaged Software,FOREIGN_OR_DEPOSITARY,False,FRESH
GRVY,"GRAVITY Co., Ltd. American Depository Shares",$61.94,0.44,0.715%,430414866.0,South Korea,2005.0,4892.0,Consumer Discretionary,Business Services,OPERATING_COMMON_EQUITY,False,STALE
GSAT,"Globalstar, Inc. Common Stock",$79.03,0.10,0.127%,10178189217.0,United States,2025.0,659576.0,Consumer Discretionary,Telecommunications Equipment,OPERATING_COMMON_EQUITY,False,FRESH
GSBC,"Great Southern Bancorp, Inc. Common Stock",$79.25,UNCH,--,863286338.0,United States,1989.0,22541.0,Finance,Major Banks,OPERATING_COMMON_EQUITY,False,FRESH
GSHD,"Goosehead Insurance, Inc. Class A Common Stock",$62.00,3.25,5.532%,2201986110.0,United States,2018.0,406009.0,Finance,Specialty Insurers,OPERATING_COMMON_EQUITY,True,FRESH
GSM,Ferroglobe PLC Ordinary Shares,$3.30,-0.06,-1.786%,616639706.0,United Kingdom,,790216.0,Basic Materials,Metal Mining,FOREIGN_OR_DEPOSITARY,False,FRESH
GT,The Goodyear Tire & Rubber Company Common Stock,$7.11,-0.10,-1.387%,2043688666.0,United States,,6253360.0,Consumer Discretionary,Automotive Aftermarket,OPERATING_COMMON_EQUITY,False,FRESH
GTLB,GitLab Inc. Class A Common Stock,$32.88,1.60,5.115%,5553432000.0,United States,2021.0,1945863.0,Technology,Computer Software: Prepackaged Software,OPERATING_COMMON_EQUITY,False,FRESH
GTM,ZoomInfo Technologies Inc Common Stock,$3.08,0.16,5.479%,907731545.0,United States,2020.0,5016563.0,Technology,Computer Software: Prepackaged Software,OPERATING_COMMON_EQUITY,False,FRESH
GTX,Garrett Motion Inc. Common Stock,$30.80,-0.71,-2.253%,5765405892.0,Switzerland,,1789146.0,Consumer Discretionary,Auto Parts:O.E.M.,OPERATING_COMMON_EQUITY,False,FRESH
GYRE,"Gyre Therapeutics, Inc. Common Stock",$6.13,0.19,3.199%,683426644.0,United States,2006.0,140695.0,Health Care,Biotechnology: Pharmaceutical Preparations,OPERATING_COMMON_EQUITY,False,FRESH
HAFC,Hanmi Financial Corporation Common Stock,$31.64,-0.05,-0.158%,941810003.0,United States,,162259.0,Finance,Major Banks,OPERATING_COMMON_EQUITY,False,FRESH
HALO,"Halozyme Therapeutics, Inc. Common Stock",$81.48,-0.45,-0.549%,9664587240.0,United States,,3978479.0,Health Care,Biotechnology: Biological Products (No Diagnostic Substances),OPERATING_COMMON_EQUITY,False,FRESH
HAPN,"Happen, Inc. Common Stock",$18.75,0.69,3.821%,2162829844.0,,,,,,OPERATING_COMMON_EQUITY,False,FRESH
HAS,"Hasbro, Inc. Common Stock",$90.61,1.82,2.05%,12820471602.0,United States,,1522656.0,Consumer Discretionary,Recreational Games/Products/Toys,OPERATING_COMMON_EQUITY,False,FRESH
HBAN,Huntington Bancshares Incorporated Common Stock,$17.16,-0.20,-1.152%,34785560873.0,United States,,15203009.0,Finance,Major Banks,OPERATING_COMMON_EQUITY,False,FRESH
HBCP,"Home Bancorp, Inc. Common Stock",$70.28,0.07,0.10%,551180107.0,United States,2008.0,23341.0,Finance,Banks,OPERATING_COMMON_EQUITY,False,FRESH
HBNB,Hotel101 Global Holdings Corp. Class A Ordinary Shares,$5.97,0.07,1.186%,1397173344.0,,,,,,FOREIGN_OR_DEPOSITARY,False,MISSING
HBNC,"Horizon Bancorp, Inc. Common Stock",$20.36,0.30,1.496%,1045073995.0,United States,,150325.0,Finance,Major Banks,OPERATING_COMMON_EQUITY,False,FRESH
HBT,"HBT Financial, Inc. Common Stock",$34.59,1.30,3.905%,1258421488.0,United States,2019.0,34486.0,Finance,Major Banks,OPERATING_COMMON_EQUITY,False,FRESH
HCM,HUTCHMED (China) Limited American Depositary Shares,$11.12,0.11,0.999%,1940056627.0,Hong Kong,2016.0,43874.0,Health Care,Biotechnology: Pharmaceutical Preparations,FOREIGN_OR_DEPOSITARY,False,STALE
HCSG,"Healthcare Services Group, Inc. Common Stock",$22.95,0.21,0.923%,1575407615.0,United States,1983.0,544220.0,Health Care,Hospital/Nursing Management,OPERATING_COMMON_EQUITY,False,FRESH
HDL,SUPER HI INTERNATIONAL HOLDING LTD. American Depositary Shares,$13.01,-0.18,-1.365%,846038999.0,Singapore,2024.0,211.0,Consumer Discretionary,Restaurants,FOREIGN_OR_DEPOSITARY,False,FRESH
HELE,Helen of Troy Limited Common Stock,$28.27,-0.20,-0.702%,658466564.0,Bermuda,,469556.0,Consumer Discretionary,Home Furnishings,OPERATING_COMMON_EQUITY,False,FRESH
HELP,Cybin Inc. Common Stock,$7.70,0.08,1.05%,477277401.0,,,,,,OPERATING_COMMON_EQUITY,False,FRESH
HEPS,D-Market Electronic Services & Trading American Depositary Shares,$2.84,0.025,0.888%,1014519568.0,Turkey,2021.0,127798.0,Consumer Discretionary,Catalog/Specialty Distribution,FOREIGN_OR_DEPOSITARY,False,FRESH
HFWA,Heritage Financial Corporation Common Stock,$29.80,-0.36,-1.194%,1228320747.0,United States,,171504.0,Finance,Banks,OPERATING_COMMON_EQUITY,False,FRESH
HIFS,Hingham Institution for Savings Common Stock,$278.88,-0.49,-0.175%,598866912.0,United States,,76914.0,Finance,Banks,OPERATING_COMMON_EQUITY,False,MISSING
HIMX,"Himax Technologies, Inc. American Depositary Shares",$12.725,0.105,0.832%,2219569756.0,Taiwan,2006.0,1069682.0,Technology,Semiconductors,FOREIGN_OR_DEPOSITARY,False,FRESH
HIVE,HIVE Digital Technologies Ltd. Common Shares,$2.95,-0.01,-0.338%,788920922.0,Canada,,20746533.0,Finance,Finance: Consumer Services,OPERATING_COMMON_EQUITY,False,FRESH
HLIT,Harmonic Inc. Common Stock,$11.35,0.16,1.43%,1231434549.0,United States,1995.0,768742.0,Technology,Radio And Television Broadcasting And Communications Equipment,OPERATING_COMMON_EQUITY,True,FRESH
HLMN,Hillman Solutions Corp. Common Stock,$8.05,0.08,1.004%,1579487328.0,United States,2020.0,740507.0,Consumer Discretionary,Industrial Machinery/Components,OPERATING_COMMON_EQUITY,False,FRESH
HLNE,Hamilton Lane Incorporated Class A Common Stock,$87.71,4.55,5.471%,4870870826.0,United States,2017.0,387017.0,Finance,Investment Managers,OPERATING_COMMON_EQUITY,False,FRESH
HMH,HMH Holding Inc. Class A Common Stock,$19.74,-1.78,-8.271%,868607850.0,,,,,,OPERATING_COMMON_EQUITY,False,FRESH
HNRG,Hallador Energy Company Common Stock,$15.21,-0.03,-0.197%,716853262.0,United States,,728916.0,Energy,Coal Mining,OPERATING_COMMON_EQUITY,False,FRESH
HNST,"The Honest Company, Inc. Common Stock",$3.84,0.05,1.319%,422701882.0,United States,2021.0,3237783.0,Consumer Discretionary,Catalog/Specialty Distribution,OPERATING_COMMON_EQUITY,False,FRESH
HON,Honeywell International Inc. Common Stock,$245.75,2.60,1.069%,77888007458.0,United States,,2895966.0,Industrials,Aerospace,OPERATING_COMMON_EQUITY,False,FRESH
HONA,Honeywell Aerospace Inc. Common Stock ,$210.83,6.76,3.313%,66820407493.0,,,,,,OPERATING_COMMON_EQUITY,False,MISSING
HOOD,"Robinhood Markets, Inc. Class A Common Stock",$95.65,0.74,0.78%,86133308702.0,United States,2021.0,24538706.0,Finance,Investment Bankers/Brokers/Service,OPERATING_COMMON_EQUITY,True,FRESH
HOPE,"Hope Bancorp, Inc. Common Stock",$13.82,0.37,2.751%,1766733363.0,United States,,757741.0,Finance,Major Banks,OPERATING_COMMON_EQUITY,False,FRESH
HPK,"HighPeak Energy, Inc. Common Stock",$6.77,-0.88,-11.503%,855444364.0,United States,,294206.0,Energy,Oil & Gas Production,OPERATING_COMMON_EQUITY,False,FRESH
HQ,Horizon Quantum Holdings Ltd. Class A Ordinary Shares,$12.42,0.72,6.154%,640600424.0,,,,,,FOREIGN_OR_DEPOSITARY,False,MISSING
HQY,"HealthEquity, Inc. Common Stock",$99.05,4.415,4.665%,8280793651.0,United States,2014.0,815837.0,Consumer Discretionary,Business Services,OPERATING_COMMON_EQUITY,False,FRESH
HRMY,"Harmony Biosciences Holdings, Inc. Common Stock",$36.01,0.69,1.954%,2084715263.0,United States,2020.0,410921.0,Health Care,Biotechnology: Pharmaceutical Preparations,OPERATING_COMMON_EQUITY,False,FRESH
HROW,"Harrow, Inc. Common Stock",$37.46,-0.99,-2.575%,1396325508.0,United States,,638294.0,Health Care,Biotechnology: Pharmaceutical Preparations,OPERATING_COMMON_EQUITY,False,FRESH
HSAI,Hesai Group American Depositary Share,$15.43,0.83,5.685%,303088034.0,,,,,,FOREIGN_OR_DEPOSITARY,False,FRESH
HSIC,"Henry Schein, Inc. Common Stock",$84.61,-0.86,-1.006%,9638496810.0,United States,1995.0,1036158.0,Health Care,Medical Specialities,OPERATING_COMMON_EQUITY,False,FRESH
HST,"Host Hotels & Resorts, Inc. Common Stock",$24.97,0.47,1.918%,17101435647.0,United States,,5768478.0,Real Estate,Real Estate Investment Trusts,OPERATING_COMMON_EQUITY,False,FRESH
HSTM,"HealthStream, Inc. Common Stock",$27.87,0.735,2.709%,814227290.0,United States,2000.0,321244.0,Technology,Computer Software: Programming Data Processing,OPERATING_COMMON_EQUITY,False,FRESH
HTFL,"Heartflow, Inc. Common Stock",$25.37,1.25,5.182%,2187929806.0,,,,,,OPERATING_COMMON_EQUITY,False,FRESH
HTHT,H World Group Limited American Depositary Shares,$41.83,1.36,3.361%,12863721349.0,China,2010.0,1456788.0,Consumer Discretionary,Hotels/Resorts,FOREIGN_OR_DEPOSITARY,False,FRESH
HTLD,"Heartland Express, Inc. Common Stock",$13.69,-0.59,-4.132%,1060833938.0,United States,1986.0,680752.0,Industrials,Trucking Freight/Courier Services,OPERATING_COMMON_EQUITY,False,FRESH
HTO,H2O America Common Stock,$63.50,-0.34,-0.533%,2656855685.0,United States,,232575.0,Utilities,Water Supply,OPERATING_COMMON_EQUITY,False,FRESH
HTZ,"Hertz Global Holdings, Inc Common Stock",$2.00,0.19,10.497%,631529046.0,United States,,10514725.0,Consumer Discretionary,Rental/Leasing Companies,OPERATING_COMMON_EQUITY,False,FRESH
HUBG,"Hub Group, Inc. Class A Common Stock",$47.89,-1.39,-2.821%,2928641594.0,United States,1996.0,481190.0,Consumer Discretionary,Oil Refining/Marketing,OPERATING_COMMON_EQUITY,False,STALE
HURN,Huron Consulting Group Inc. Common Stock,$116.51,4.21,3.749%,1888840197.0,United States,2004.0,249125.0,Consumer Discretionary,Professional Services,OPERATING_COMMON_EQUITY,False,FRESH
HUT,Hut 8 Corp. Common Stock,$104.59,-5.40,-4.91%,11776218174.0,United States,,11037622.0,Finance,Finance: Consumer Services,OPERATING_COMMON_EQUITY,False,FRESH
HWC,Hancock Whitney Corporation Common Stock,$75.46,-0.74,-0.971%,6124180265.0,United States,,754636.0,Finance,Major Banks,OPERATING_COMMON_EQUITY,False,FRESH
HWKN,"Hawkins, Inc. Common Stock",$140.39,1.36,0.978%,2935049496.0,United States,,122340.0,Consumer Discretionary,Specialty Chemicals,OPERATING_COMMON_EQUITY,False,FRESH
HYMC,Hycroft Mining Holding Corporation Class A Common Stock,$20.43,0.21,1.039%,1866497078.0,,,,,,OPERATING_COMMON_EQUITY,False,FRESH
IART,Integra LifeSciences Holdings Corporation Common Stock,$19.53,-0.26,-1.314%,1519373516.0,United States,,956351.0,Health Care,Medical/Dental Instruments,OPERATING_COMMON_EQUITY,False,FRESH
IBCP,Independent Bank Corporation Common Stock,$37.58,-0.08,-0.212%,833992008.0,United States,,64868.0,Finance,Major Banks,OPERATING_COMMON_EQUITY,False,FRESH
IBEX,IBEX Limited Common Shares,$34.88,1.42,4.244%,467012366.0,Bermuda,2020.0,157926.0,Technology,EDP Services,OPERATING_COMMON_EQUITY,False,FRESH
IBKR,"Interactive Brokers Group, Inc. Class A Common Stock",$92.27,0.53,0.578%,156522559774.0,United States,2019.0,1159930.0,Finance,Investment Bankers/Brokers/Service,OPERATING_COMMON_EQUITY,False,FRESH
IBOC,International Bancshares Corporation Common Stock,$76.65,-0.14,-0.182%,4766192353.0,United States,,199775.0,Finance,Major Banks,OPERATING_COMMON_EQUITY,False,FRESH
IBRX,"ImmunityBio, Inc. Common Stock",$6.99,-0.11,-1.549%,7321004299.0,United States,2015.0,8765491.0,Health Care,Biotechnology: Biological Products (No Diagnostic Substances),OPERATING_COMMON_EQUITY,False,FRESH
ICFI,"ICF International, Inc. Common Stock",$80.01,0.49,0.616%,1448515442.0,United States,2006.0,224978.0,Consumer Discretionary,Professional Services,OPERATING_COMMON_EQUITY,False,FRESH
ICHR,Ichor Holdings Ordinary Shares,$78.30,-8.25,-9.532%,2730090250.0,United States,2016.0,455367.0,Technology,Semiconductors,FOREIGN_OR_DEPOSITARY,True,FRESH
ICLR,ICON plc Ordinary Shares,$168.78,3.02,1.822%,12923033114.0,Ireland,1998.0,870257.0,Health Care,Biotechnology: Commercial Physical & Biological Resarch,FOREIGN_OR_DEPOSITARY,False,FRESH
ICUI,"ICU Medical, Inc. Common Stock",$161.46,4.02,2.553%,4035464234.0,United States,1992.0,265115.0,Health Care,Medical/Dental Instruments,OPERATING_COMMON_EQUITY,False,FRESH
IDCC,"InterDigital, Inc. Common Stock",$259.26,0.96,0.372%,6700582219.0,United States,,228816.0,Miscellaneous,Multi-Sector Companies,OPERATING_COMMON_EQUITY,True,FRESH
IDXX,"IDEXX Laboratories, Inc. Common Stock",$556.20,11.88,2.183%,43874722931.0,United States,1991.0,524929.0,Health Care,Biotechnology: In Vitro & In Vivo Diagnostic Substances,OPERATING_COMMON_EQUITY,False,FRESH
IDYA,"IDEAYA Biosciences, Inc. Common Stock",$36.77,1.37,3.87%,3230646028.0,United States,2019.0,1400797.0,Health Care,Biotechnology: Pharmaceutical Preparations,OPERATING_COMMON_EQUITY,False,FRESH
IESC,"IES Holdings, Inc. Common Stock",$603.23,-22.84,-3.648%,12018686355.0,United States,,73755.0,Industrials,Engineering & Construction,OPERATING_COMMON_EQUITY,False,FRESH
IGIC,International General Insurance Holdings Ltd. Ordinary Share,$28.89,0.11,0.382%,1237711620.0,Jordan,2018.0,75104.0,Finance,Property-Casualty Insurers,FOREIGN_OR_DEPOSITARY,False,FRESH
IHRT,"iHeartMedia, Inc. Class A Common Stock",$3.62,0.08,2.26%,547171677.0,,,,,,OPERATING_COMMON_EQUITY,False,FRESH
IIIV,"i3 Verticals, Inc. Class A Common Stock",$20.67,0.48,2.377%,577344394.0,United States,2018.0,282575.0,Consumer Discretionary,Business Services,OPERATING_COMMON_EQUITY,False,FRESH
IKT,"Inhibikase Therapeutics, Inc. Common Stock",$2.35,0.02,0.858%,310276695.0,,,,,,OPERATING_COMMON_EQUITY,False,MISSING
ILMN,"Illumina, Inc. Common Stock",$189.47,-4.62,-2.38%,28666811000.0,United States,2000.0,2341745.0,Health Care,Medical Specialities,OPERATING_COMMON_EQUITY,False,FRESH
ILPT,Industrial Logistics Properties Trust Common Shares of Beneficial Interest,$9.01,-0.19,-2.065%,600655894.0,,,,,,OPERATING_COMMON_EQUITY,False,FRESH
IMCR,Immunocore Holdings plc American Depositary Shares,$33.77,-1.23,-3.514%,1623943444.0,United Kingdom,2021.0,416728.0,Health Care,Biotechnology: Biological Products (No Diagnostic Substances),FOREIGN_OR_DEPOSITARY,False,FRESH
IMKTA,"Ingles Markets, Incorporated Class A Common Stock",$87.88,2.05,2.388%,1669225763.0,United States,1987.0,126825.0,Consumer Staples,Food Chains,OPERATING_COMMON_EQUITY,False,STALE
IMMX,"Immix Biopharma, Inc. Common Stock",$8.69,0.17,1.995%,606480453.0,,,,,,OPERATING_COMMON_EQUITY,False,FRESH
IMNM,"Immunome, Inc. Common Stock",$22.58,0.37,1.666%,2557193897.0,United States,2020.0,1128746.0,Health Care,Biotechnology: Pharmaceutical Preparations,OPERATING_COMMON_EQUITY,False,FRESH
IMOS,ChipMOS TECHNOLOGIES INC. American Depositary Shares,$54.94,-0.23,-0.417%,1922853631.0,Taiwan,,21679.0,Technology,Semiconductors,FOREIGN_OR_DEPOSITARY,False,STALE
IMSR,Terrestrial Energy Inc. Common Stock  ,$5.11,0.23,4.713%,541329148.0,,,,,,OPERATING_COMMON_EQUITY,False,FRESH
IMTX,Immatics N.V. Ordinary Shares,$8.63,-0.45,-4.956%,1157253451.0,Germany,,605318.0,Health Care,Biotechnology: Biological Products (No Diagnostic Substances),FOREIGN_OR_DEPOSITARY,False,FRESH
IMVT,"Immunovant, Inc. Common Stock",$40.09,0.68,1.725%,8274669730.0,United States,2019.0,1091699.0,Health Care,Biotechnology: Biological Products (No Diagnostic Substances),OPERATING_COMMON_EQUITY,False,FRESH
IMXI,"International Money Express, Inc. Common Stock",$12.84,-0.19,-1.458%,386413277.0,United States,2017.0,259936.0,Consumer Discretionary,Business Services,OPERATING_COMMON_EQUITY,False,FRESH
INBX,"Inhibrx Biosciences, Inc. Common Stock",$82.45,0.90,1.104%,1209639286.0,,,,,,OPERATING_COMMON_EQUITY,False,FRESH
INCY,Incyte Corp. Common Stock,$118.87,1.20,1.02%,23745203505.0,United States,,1330221.0,Health Care,Biotechnology: Commercial Physical & Biological Resarch,OPERATING_COMMON_EQUITY,True,FRESH
INDB,Independent Bank Corp. Common Stock,$84.72,-0.40,-0.47%,4094272759.0,United States,,356117.0,Finance,Major Banks,OPERATING_COMMON_EQUITY,False,FRESH
INDI,"indie Semiconductor, Inc. Class A Common Stock",$3.44,-0.03,-0.865%,780548859.0,United States,,2150736.0,Technology,Semiconductors,OPERATING_COMMON_EQUITY,False,FRESH
INDV,"Indivior Pharmaceuticals, Inc. Common Stock",$40.03,-0.495,-1.221%,4994535895.0,United Kingdom,,1093693.0,Health Care,Biotechnology: Pharmaceutical Preparations,OPERATING_COMMON_EQUITY,False,FRESH
INIO,INNIO N.V. Ordinary Shares,$26.92,0.64,2.435%,20190000000.0,,,,,,FOREIGN_OR_DEPOSITARY,False,MISSING
INMD,InMode Ltd. Ordinary Shares,$15.38,0.21,1.384%,974457575.0,Israel,2019.0,1038069.0,Health Care,Biotechnology: Electromedical & Electrotherapeutic Apparatus,FOREIGN_OR_DEPOSITARY,False,STALE
INNV,InnovAge Holding Corp. Common Stock,$11.48,-0.08,-0.692%,1558253792.0,United States,2021.0,43601.0,Health Care,Medical/Nursing Services,OPERATING_COMMON_EQUITY,False,FRESH
INOD,Innodata Inc. Common Stock,$59.41,3.52,6.298%,1940054819.0,United States,1993.0,1583881.0,Technology,EDP Services,OPERATING_COMMON_EQUITY,True,FRESH
INSM,Insmed Incorporated Common Stock,$104.73,-2.19,-2.048%,22700484193.0,United States,,1789605.0,Health Care,Biotechnology: Pharmaceutical Preparations,OPERATING_COMMON_EQUITY,False,FRESH
INTA,"Intapp, Inc. Common Stock",$29.45,1.98,7.208%,2269463973.0,United States,2021.0,877673.0,Technology,Computer Software: Prepackaged Software,OPERATING_COMMON_EQUITY,False,FRESH
INTC,Intel Corporation Common Stock,$91.67,-0.65,-0.704%,460733420000.0,United States,,55795144.0,Technology,Semiconductors,OPERATING_COMMON_EQUITY,False,FRESH
INTR,Inter & Co. Inc. Class A Common Shares,$5.56,0.27,5.104%,2453748446.0,Brazil,,1813200.0,Finance,Commercial Banks,OPERATING_COMMON_EQUITY,False,FRESH
INTU,Intuit Inc. Common Stock,$303.91,7.58,2.558%,83130629670.0,United States,1993.0,1555209.0,Technology,Computer Software: Prepackaged Software,OPERATING_COMMON_EQUITY,False,FRESH
INVA,"Innoviva, Inc. Common Stock",$21.30,-0.14,-0.653%,1572126354.0,United States,2004.0,818848.0,Health Care,Biotechnology: Pharmaceutical Preparations,OPERATING_COMMON_EQUITY,False,FRESH
IONS,"Ionis Pharmaceuticals, Inc. Common Stock",$55.96,-0.59,-1.043%,9248092634.0,United States,,893978.0,Health Care,Biotechnology: Pharmaceutical Preparations,OPERATING_COMMON_EQUITY,True,FRESH
IOSP,Innospec Inc. Common Stock,$85.63,0.87,1.026%,2109156555.0,United States,,270451.0,Industrials,Major Chemicals,OPERATING_COMMON_EQUITY,False,FRESH
IOVA,"Iovance Biotherapeutics, Inc. Common Stock",$4.90,-0.09,-1.804%,2187861740.0,United States,,19518760.0,Health Care,Biotechnology: Biological Products (No Diagnostic Substances),OPERATING_COMMON_EQUITY,False,FRESH
IPAR,"Interparfums, Inc. Common Stock",$124.70,2.15,1.754%,3993614891.0,United States,,126474.0,Consumer Discretionary,Package Goods/Cosmetics,OPERATING_COMMON_EQUITY,False,FRESH
IPGP,IPG Photonics Corporation Common Stock,$89.70,-2.00,-2.181%,3807192355.0,United States,2006.0,275752.0,Technology,Semiconductors,OPERATING_COMMON_EQUITY,False,FRESH
IPSC,"Century Therapeutics, Inc. Common Stock",$2.09,-0.02,-0.948%,376941551.0,,,,,,OPERATING_COMMON_EQUITY,False,FRESH
IPX,IperionX Limited American Depositary Share,$22.95,1.39,6.447%,778886441.0,United States,,21101.0,Basic Materials,Other Metals and Minerals,FOREIGN_OR_DEPOSITARY,False,MISSING
IQ,"iQIYI, Inc. American Depositary Shares",$1.23,0.01,0.82%,1186980424.0,China,2018.0,15366552.0,Consumer Discretionary,Consumer Electronics/Video Chains,FOREIGN_OR_DEPOSITARY,False,FRESH
IQMX,IQM Quantum Computers Oyj American Depositary Shares,$10.80,0.05,0.465%,2075649127.0,,,,,,FOREIGN_OR_DEPOSITARY,False,MISSING
IRDM,Iridium Communications Inc Common Stock,$45.96,0.18,0.393%,4869939203.0,United States,,875464.0,Telecommunications,Telecommunications Equipment,OPERATING_COMMON_EQUITY,False,FRESH
IREN,IREN Limited Ordinary Shares,$36.29,-0.78,-2.104%,12969272079.0,Australia,2021.0,25155431.0,Technology,EDP Services,FOREIGN_OR_DEPOSITARY,False,FRESH
IRMD,iRadimed Corporation Common Stock,$95.08,0.59,0.624%,1215410968.0,United States,2014.0,49113.0,Health Care,Medical/Dental Instruments,OPERATING_COMMON_EQUITY,False,FRESH
IRON,"Disc Medicine, Inc. Common Stock",$74.61,0.49,0.661%,2850034030.0,United States,,442392.0,Health Care,Biotechnology: Pharmaceutical Preparations,OPERATING_COMMON_EQUITY,False,FRESH
IRTC,"iRhythm Holdings, Inc. Common Stock",$112.15,2.95,2.701%,3685519057.0,United States,2016.0,664252.0,Health Care,Medical/Dental Instruments,OPERATING_COMMON_EQUITY,False,FRESH
IRWD,"Ironwood Pharmaceuticals, Inc. Class A Common Stock",$3.91,0.20,5.391%,643638417.0,,,,,,OPERATING_COMMON_EQUITY,False,FRESH
ISRG,"Intuitive Surgical, Inc. Common Stock",$356.83,19.33,5.727%,126060202300.0,United States,2000.0,1422892.0,Health Care,Industrial Specialties,OPERATING_COMMON_EQUITY,False,FRESH
ISSC,"Innovative Solutions and Support, Inc. Common Stock",$19.28,0.14,0.731%,344972162.0,,,,,,OPERATING_COMMON_EQUITY,False,FRESH
ISTR,Investar Holding Corporation Common Stock,$30.16,0.30,1.005%,416014524.0,,,,,,OPERATING_COMMON_EQUITY,False,FRESH
ITG,"ITG, Inc. Class A Common Stock",$13.05,-0.41,-3.046%,1582056590.0,,,,,,OPERATING_COMMON_EQUITY,False,MISSING
ITIC,Investors Title Company Common Stock,$284.44,1.89,0.669%,537021582.0,United States,,85746.0,Finance,Specialty Insurers,OPERATING_COMMON_EQUITY,False,FRESH
ITRI,"Itron, Inc. Common Stock",$84.78,0.56,0.665%,3759089839.0,United States,1993.0,301791.0,Industrials,Electrical Products,OPERATING_COMMON_EQUITY,True,FRESH
ITRN,Ituran Location and Control Ltd. Ordinary Shares,$55.33,0.56,1.022%,1100711781.0,Israel,2005.0,52007.0,Technology,Electronic Components,FOREIGN_OR_DEPOSITARY,False,FRESH
IVA,Inventiva S.A. American Depository Shares,$4.60,0.14,3.139%,1086888929.0,,,,,,OPERATING_COMMON_EQUITY,False,MISSING
JANX,"Janux Therapeutics, Inc. Common Stock",$15.57,0.24,1.566%,949526392.0,United States,2021.0,931683.0,Health Care,Biotechnology: Pharmaceutical Preparations,OPERATING_COMMON_EQUITY,False,FRESH
JAZZ,Jazz Pharmaceuticals plc Common Stock (Ireland),$255.43,1.56,0.614%,16045506720.0,Ireland,2007.0,1065895.0,Health Care,Biotechnology: Pharmaceutical Preparations,FOREIGN_OR_DEPOSITARY,False,FRESH
JBHT,"J.B. Hunt Transport Services, Inc. Common Stock",$280.96,-7.34,-2.546%,26494304075.0,United States,,849245.0,Industrials,Trucking Freight/Courier Services,OPERATING_COMMON_EQUITY,False,FRESH
JBIO,"Jade Biosciences, Inc. Common Stock",$19.95,-0.13,-0.647%,984729506.0,,,,,,OPERATING_COMMON_EQUITY,False,FRESH
JBLU,JetBlue Airways Corporation Common Stock,$5.43,0.16,3.036%,2020062594.0,United States,2002.0,19001018.0,Consumer Discretionary,Air Freight/Delivery Services,OPERATING_COMMON_EQUITY,False,FRESH
JBSS,"John B. Sanfilippo & Son, Inc. Common Stock",$83.64,2.45,3.018%,977716053.0,United States,1991.0,72728.0,Consumer Staples,Specialty Foods,OPERATING_COMMON_EQUITY,False,FRESH
JCAP,"Jefferson Capital, Inc. Common Stock",$20.43,0.61,3.078%,1132199281.0,,,,,,OPERATING_COMMON_EQUITY,False,FRESH
JD,"JD.com, Inc. American Depositary Shares",$30.95,0.76,2.517%,42272151655.0,China,2014.0,13346233.0,Consumer Discretionary,Other Specialty Stores,FOREIGN_OR_DEPOSITARY,False,FRESH
JJSF,J & J Snack Foods Corp. Common Stock,$77.71,1.27,1.661%,1457327957.0,United States,1986.0,152433.0,Consumer Staples,Specialty Foods,OPERATING_COMMON_EQUITY,False,FRESH
JKHY,"Jack Henry & Associates, Inc. Common Stock",$152.98,2.40,1.594%,10869348324.0,United States,1985.0,650553.0,Technology,EDP Services,OPERATING_COMMON_EQUITY,False,FRESH
JMSB,"John Marshall Bancorp, Inc. Common Stock",$23.29,0.95,4.252%,328673674.0,,,,,,OPERATING_COMMON_EQUITY,False,FRESH
JOUT,Johnson Outdoors Inc. Class A Common Stock,$47.13,1.14,2.479%,493672234.0,,,,,,OPERATING_COMMON_EQUITY,False,FRESH
JOYY,JOYY Inc. American Depositary Shares,$74.80,0.85,1.149%,3868805002.0,Singapore,2012.0,143253.0,Technology,EDP Services,FOREIGN_OR_DEPOSITARY,False,FRESH
KALU,Kaiser Aluminum Corporation Common Stock,$161.89,-1.28,-0.784%,2646754504.0,United States,,143873.0,Industrials,Metal Fabrications,OPERATING_COMMON_EQUITY,False,FRESH
KARD,"Kardigan, Inc. Common Stock",$21.23,0.49,2.363%,1861286220.0,,,,,,OPERATING_COMMON_EQUITY,False,MISSING
KARO,Karooooo Ltd. Ordinary Shares,$63.49,0.15,0.237%,1961415617.0,Singapore,2021.0,40936.0,Technology,Computer Software: Prepackaged Software,FOREIGN_OR_DEPOSITARY,False,FRESH
KC,Kingsoft Cloud Holdings Limited American Depositary Shares,$9.93,0.46,4.857%,2972740764.0,China,2020.0,934923.0,Technology,Computer Software: Prepackaged Software,FOREIGN_OR_DEPOSITARY,False,FRESH
KDK,"Kodiak AI, Inc. Common Stock ",$4.25,0.10,2.41%,847452814.0,,,,,,OPERATING_COMMON_EQUITY,False,FRESH
KDP,Keurig Dr Pepper Inc. Common Stock,$30.12,0.44,1.482%,40980051267.0,United States,,8741849.0,Consumer Staples,Beverages (Production/Distribution),OPERATING_COMMON_EQUITY,False,FRESH
KE,"Kimball Electronics, Inc. Common Stock",$24.85,-0.01,-0.04%,597615786.0,United States,,174532.0,Technology,Electrical Products,OPERATING_COMMON_EQUITY,False,FRESH
KEEL,Keel Infrastructure Corp. Common Stock,$4.05,-0.21,-4.93%,2441547105.0,,,,,,OPERATING_COMMON_EQUITY,False,FRESH
KELYA,"Kelly Services, Inc. Class A Common Stock",$15.72,0.56,3.694%,544999667.0,United States,,329809.0,Consumer Discretionary,Professional Services,OPERATING_COMMON_EQUITY,False,FRESH
KELYB,"Kelly Services, Inc. Class B Common Stock",$22.99,1.0647,4.856%,797044678.0,United States,,133.0,Consumer Discretionary,Professional Services,OPERATING_COMMON_EQUITY,False,FRESH
KHC,The Kraft Heinz Company Common Stock,$26.22,0.55,2.143%,31091089668.0,United States,,8897073.0,Consumer Staples,Packaged Foods,OPERATING_COMMON_EQUITY,False,FRESH
KIDS,OrthoPediatrics Corp. Common Stock,$19.82,0.95,5.034%,509076581.0,United States,2017.0,86251.0,Health Care,Medical/Dental Instruments,OPERATING_COMMON_EQUITY,False,FRESH
KLAC,KLA Corporation Common Stock,$203.36,-7.16,-3.401%,265644126706.0,United States,1980.0,1132031.0,Technology,Electronic Components,OPERATING_COMMON_EQUITY,False,FRESH
KLIC,"Kulicke and Soffa Industries, Inc. Common Stock",$98.22,-3.11,-3.069%,5140135179.0,Singapore,,418487.0,Technology,Semiconductors,OPERATING_COMMON_EQUITY,True,FRESH
KLRA,"Kailera Therapeutics, Inc. Common Stock",$17.48,-0.21,-1.187%,2264806828.0,,,,,,OPERATING_COMMON_EQUITY,False,FRESH
KMB,Kimberly-Clark Corporation Common Stock,$111.44,1.74,1.586%,36991433384.0,,,,,,OPERATING_COMMON_EQUITY,False,FRESH
KMDA,Kamada Ltd. Ordinary Shares,$6.99,-0.07,-0.992%,403225531.0,Israel,2013.0,37139.0,Health Care,Biotechnology: Pharmaceutical Preparations,FOREIGN_OR_DEPOSITARY,False,FRESH
KMTS,"Kestra Medical Technologies, Ltd. Common Stock",$22.82,1.76,8.357%,1337308982.0,United States,2025.0,104136.0,Health Care,Medical/Dental Instruments,OPERATING_COMMON_EQUITY,False,FRESH
KNSA,"Kiniksa Pharmaceuticals International, plc Class A Ordinary Shares",$63.535,0.695,1.106%,4888256847.0,United States,2018.0,541891.0,Health Care,Biotechnology: Pharmaceutical Preparations,FOREIGN_OR_DEPOSITARY,True,FRESH
KOD,Kodiak Sciences Inc Common Stock,$41.91,0.50,1.207%,2622662462.0,,,,,,OPERATING_COMMON_EQUITY,False,FRESH
KOPN,Kopin Corporation Common Stock,$3.71,0.13,3.631%,678634350.0,,,,,,OPERATING_COMMON_EQUITY,False,FRESH
KRNT,Kornit Digital Ltd. Ordinary Shares,$15.39,0.16,1.051%,713179941.0,Israel,2015.0,418427.0,Industrials,Industrial Machinery/Components,FOREIGN_OR_DEPOSITARY,False,FRESH
KRNY,Kearny Financial Corp Common Stock,$9.45,0.05,0.532%,611784977.0,United States,2005.0,268409.0,Finance,Savings Institutions,OPERATING_COMMON_EQUITY,False,FRESH
KRT,Karat Packaging Inc. Common Stock,$40.95,1.43,3.618%,817514784.0,United States,2021.0,96942.0,Industrials,Plastic Products,OPERATING_COMMON_EQUITY,False,FRESH
KRUS,"Kura Sushi USA, Inc. Class A Common Stock",$46.90,2.73,6.181%,569827308.0,United States,2019.0,239138.0,Consumer Discretionary,Restaurants,OPERATING_COMMON_EQUITY,False,FRESH
KRYS,"Krystal Biotech, Inc. Common Stock",$351.82,16.63,4.961%,10371567756.0,United States,2017.0,526206.0,Health Care,Biotechnology: Biological Products (No Diagnostic Substances),OPERATING_COMMON_EQUITY,False,FRESH
KSPI,Joint Stock Company Kaspi.kz American Depository Shares,$86.48,0.69,0.804%,16373558053.0,Kazakhstan,2024.0,315827.0,,,OPERATING_COMMON_EQUITY,False,FRESH
KTOS,"Kratos Defense & Security Solutions, Inc. Common Stock",$49.45,2.10,4.435%,9272863209.0,United States,,1834934.0,Industrials,Military/Government/Technical,OPERATING_COMMON_EQUITY,False,FRESH
KURA,"Kura Oncology, Inc. Common Stock",$10.15,-0.24,-2.31%,901059805.0,United States,,1067914.0,Health Care,Biotechnology: Pharmaceutical Preparations,OPERATING_COMMON_EQUITY,False,FRESH
KYIV,Kyivstar Group Ltd. Common Shares,$13.655,0.255,1.903%,3152442786.0,,,,,,OPERATING_COMMON_EQUITY,False,FRESH
KYMR,"Kymera Therapeutics, Inc. Common Stock",$110.05,-0.52,-0.47%,9052447559.0,United States,2020.0,442337.0,Health Care,Biotechnology: Biological Products (No Diagnostic Substances),OPERATING_COMMON_EQUITY,False,FRESH
KYTX,"Kyverna Therapeutics, Inc. Common Stock",$7.92,0.51,6.883%,481498079.0,,,,,,OPERATING_COMMON_EQUITY,False,FRESH
LAB,Standard BioTools Inc. Common Stock,$0.7746,-0.0586,-7.033%,303227180.0,United States,2011.0,1628213.0,Industrials,Biotechnology: Laboratory Analytical Instruments,OPERATING_COMMON_EQUITY,False,FRESH
LAES,SEALSQ Corp Ordinary Shares,$2.48,0.05,2.058%,552479518.0,,,,,,FOREIGN_OR_DEPOSITARY,False,MISSING
LAMR,Lamar Advertising Company Class A Common Stock,$160.99,1.53,0.959%,16336476510.0,United States,1996.0,811504.0,Real Estate,Real Estate Investment Trusts,OPERATING_COMMON_EQUITY,False,FRESH
LAND,Gladstone Land Corporation Common Stock,$8.50,-0.025,-0.293%,366660871.0,United States,2013.0,274237.0,Real Estate,Real Estate Investment Trusts,OPERATING_COMMON_EQUITY,False,FRESH
LASR,"nLIGHT, Inc. Common Stock",$67.78,-2.24,-3.199%,3823382296.0,United States,2018.0,449275.0,Technology,Semiconductors,OPERATING_COMMON_EQUITY,False,FRESH
LAUR,"Laureate Education, Inc. Common Stock",$37.48,0.48,1.297%,5246386272.0,United States,2017.0,934125.0,Real Estate,Other Consumer Services,OPERATING_COMMON_EQUITY,False,FRESH
LBRDA,Liberty Broadband Corporation Class A Common Stock,$30.80,1.93,6.685%,4419730084.0,United States,,877944.0,Telecommunications,Cable & Other Pay Television Services,OPERATING_COMMON_EQUITY,False,STALE
LBRDK,Liberty Broadband Corporation Class C Common Stock,$30.92,2.03,7.027%,4436949812.0,United States,,3345719.0,Telecommunications,Cable & Other Pay Television Services,OPERATING_COMMON_EQUITY,False,STALE
LBRX,LB Pharmaceuticals Inc Common Stock,$34.78,-0.23,-0.657%,997373957.0,,,,,,OPERATING_COMMON_EQUITY,False,FRESH
LBTYA,Liberty Global Ltd. Class A Common Shares,$9.83,0.14,1.445%,3323488585.0,United Kingdom,,2283060.0,Telecommunications,Cable & Other Pay Television Services,OPERATING_COMMON_EQUITY,False,FRESH
LBTYB,Liberty Global Ltd. Class B Common Shares,$12.10,UNCH,--,4090967638.0,United Kingdom,,267.0,Telecommunications,Cable & Other Pay Television Services,OPERATING_COMMON_EQUITY,False,FRESH
LBTYK,Liberty Global Ltd. Class C Common Shares,$9.59,-0.01,-0.104%,3242345425.0,United Kingdom,,1229118.0,Telecommunications,Cable & Other Pay Television Services,OPERATING_COMMON_EQUITY,False,FRESH
LCID,"Lucid Group, Inc. Common Stock",$6.50,0.20,3.175%,2536669252.0,United States,,122359216.0,Consumer Discretionary,Auto Manufacturing,OPERATING_COMMON_EQUITY,False,FRESH
LE,"Lands' End, Inc. Common Stock",$12.20,0.45,3.83%,375038577.0,,,,,,OPERATING_COMMON_EQUITY,False,FRESH
LECO,"Lincoln Electric Holdings, Inc. Common Shares",$256.85,5.38,2.139%,14072069204.0,United States,,634781.0,Industrials,Industrial Machinery/Components,OPERATING_COMMON_EQUITY,False,FRESH
LEGH,Legacy Housing Corporation Common Stock (TX),$26.40,-0.09,-0.34%,627834266.0,United States,2018.0,92316.0,Consumer Discretionary,Homebuilding,OPERATING_COMMON_EQUITY,False,FRESH
LEGN,Legend Biotech Corporation American Depositary Shares,$19.27,-2.95,-13.276%,3579205792.0,United States,2020.0,1681539.0,Health Care,Biotechnology: Pharmaceutical Preparations,FOREIGN_OR_DEPOSITARY,False,FRESH
LFST,"LifeStance Health Group, Inc. Common Stock",$10.88,-0.02,-0.183%,4219638620.0,United States,2021.0,1259194.0,Health Care,Medical/Nursing Services,OPERATING_COMMON_EQUITY,False,FRESH
LFTO,"Liftoff Mobile, Inc. Common Stock",$22.81,0.67,3.026%,3932751228.0,,,,,,OPERATING_COMMON_EQUITY,False,MISSING
LFUS,"Littelfuse, Inc. Common Stock",$402.99,-1.87,-0.462%,10191175423.0,United States,,198445.0,Energy,Electrical Products,OPERATING_COMMON_EQUITY,False,FRESH
LGIH,"LGI Homes, Inc. Common Stock",$60.36,0.20,0.332%,1402300360.0,United States,2013.0,282476.0,Consumer Discretionary,Homebuilding,OPERATING_COMMON_EQUITY,False,FRESH
LGN,Legence Corp. Class A Common stock,$67.63,-3.17,-4.477%,7306605341.0,,,,,,OPERATING_COMMON_EQUITY,False,FRESH
LGND,Ligand Pharmaceuticals Incorporated Common Stock,$297.50,-3.03,-1.008%,5962215648.0,United States,,79629.0,Health Care,Biotechnology: Pharmaceutical Preparations,OPERATING_COMMON_EQUITY,False,FRESH
LI,Li Auto Inc. American Depositary Shares,$12.62,0.50,4.125%,13481384448.0,China,2020.0,1978913.0,Consumer Discretionary,Auto Manufacturing,FOREIGN_OR_DEPOSITARY,False,FRESH
LIF,"Life360, Inc. Common Stock",$53.83,4.97,10.172%,4361935927.0,United States,2024.0,1168022.0,,,OPERATING_COMMON_EQUITY,False,FRESH
LIFE,Ethos Technologies Inc. Class A Common Stock,$19.48,0.98,5.297%,1227128224.0,,,,,,OPERATING_COMMON_EQUITY,False,FRESH
LILA,Liberty Latin America Ltd. Class A Common Stock,$7.79,0.27,3.59%,1725796429.0,United States,,652869.0,Telecommunications,Cable & Other Pay Television Services,OPERATING_COMMON_EQUITY,False,FRESH
LILAK,Liberty Latin America Ltd. Class C Common Stock,$7.68,0.245,3.295%,1701427031.0,United States,,1589290.0,Telecommunications,Cable & Other Pay Television Services,OPERATING_COMMON_EQUITY,False,FRESH
LIME,"Neutron Holdings, Inc. Common Stock",$27.14,-1.09,-3.861%,1737663903.0,,,,,,OPERATING_COMMON_EQUITY,False,MISSING
LIN,Linde plc Ordinary Shares,$507.02,-5.26,-1.027%,234547218264.0,United States,,1850524.0,Industrials,Major Chemicals,FOREIGN_OR_DEPOSITARY,False,FRESH
LINC,Lincoln Educational Services Corporation Common Stock,$40.60,0.09,0.222%,1287861557.0,United States,2005.0,374297.0,Real Estate,Other Consumer Services,OPERATING_COMMON_EQUITY,False,FRESH
LIND,Lindblad Expeditions Holdings Inc. Common Stock,$28.09,1.24,4.618%,1841898323.0,United States,2013.0,454716.0,Consumer Discretionary,Transportation Services,OPERATING_COMMON_EQUITY,False,FRESH
LINE,"Lineage, Inc. Common Stock",$42.55,1.13,2.728%,9687544231.0,United States,2024.0,1098274.0,Real Estate,Real Estate Investment Trusts,OPERATING_COMMON_EQUITY,False,FRESH
LITE,Lumentum Holdings Inc. Common Stock,$711.96,-51.03,-6.688%,55390488000.0,United States,,2352670.0,Telecommunications,Telecommunications Equipment,OPERATING_COMMON_EQUITY,True,FRESH
LIVN,LivaNova PLC Ordinary Shares,$80.58,2.39,3.057%,4426544492.0,United Kingdom,,517238.0,Health Care,Biotechnology: Electromedical & Electrotherapeutic Apparatus,FOREIGN_OR_DEPOSITARY,False,FRESH
LKFN,Lakeland Financial Corporation Common Stock,$63.35,2.24,3.666%,1578275673.0,United States,,112522.0,Finance,Major Banks,OPERATING_COMMON_EQUITY,False,FRESH
LKFT,Lakefront Biotherapeutics American Depositary Shares,$28.13,0.29,1.042%,1853684607.0,,,,,,FOREIGN_OR_DEPOSITARY,False,FRESH
LKQ,LKQ Corporation Common Stock,$26.25,0.43,1.665%,6688259419.0,United States,2003.0,1515047.0,Consumer Discretionary,Motor Vehicles,OPERATING_COMMON_EQUITY,False,FRESH
LLYVA,"Liberty Live Holdings, Inc. Series A Liberty Live Group Common Stock",$98.83,3.18,3.325%,9092797718.0,United States,,88047.0,Industrials,Broadcasting,OPERATING_COMMON_EQUITY,False,FRESH
LLYVK,"Liberty Live Holdings, Inc. Series C Liberty Live Group Common Stock",$102.26,3.22,3.251%,9408372910.0,United States,,444151.0,Industrials,Broadcasting,OPERATING_COMMON_EQUITY,False,FRESH
LMAT,"LeMaitre Vascular, Inc. Common Stock",$98.93,3.34,3.494%,2260623609.0,United States,2006.0,140295.0,Health Care,Medical/Dental Instruments,OPERATING_COMMON_EQUITY,False,FRESH
LMB,"Limbach Holdings, Inc. Common Stock",$74.34,1.60,2.20%,886212121.0,United States,,105639.0,Consumer Discretionary,Engineering & Construction,OPERATING_COMMON_EQUITY,False,FRESH
LMRI,"Lumexa Imaging Holdings, Inc. Common Stock",$11.05,0.12,1.098%,1061692122.0,,,,,,OPERATING_COMMON_EQUITY,False,FRESH
LNT,Alliant Energy Corporation Common Stock,$73.93,-1.01,-1.348%,19094421345.0,United States,,2876638.0,Utilities,Power Generation,OPERATING_COMMON_EQUITY,False,FRESH
LNTH,"Lantheus Holdings, Inc. Common Stock",$108.03,3.21,3.062%,7033410038.0,United States,2015.0,914392.0,Health Care,Biotechnology: In Vitro & In Vivo Diagnostic Substances,OPERATING_COMMON_EQUITY,False,FRESH
LOCO,"El Pollo Loco Holdings, Inc. Common Stock",$16.19,0.26,1.632%,493071275.0,,,,,,OPERATING_COMMON_EQUITY,False,FRESH
LOGI,Logitech International S.A. Ordinary Shares,$107.82,2.04,1.929%,15479313183.0,United States,1997.0,1338823.0,Technology,Computer peripheral equipment,FOREIGN_OR_DEPOSITARY,False,FRESH
LOPE,"Grand Canyon Education, Inc. Common Stock",$144.86,4.92,3.516%,3840860919.0,United States,2008.0,166228.0,Real Estate,Other Consumer Services,OPERATING_COMMON_EQUITY,False,FRESH
LOT,Lotus Technology Inc. American Depositary Shares,$0.8666,-0.0074,-0.847%,556435086.0,China,,71365.0,,,FOREIGN_OR_DEPOSITARY,False,FRESH
LPLA,LPL Financial Holdings Inc. Common Stock,$331.72,3.02,0.919%,26531914651.0,United States,2010.0,421001.0,Finance,Investment Bankers/Brokers/Service,OPERATING_COMMON_EQUITY,False,FRESH
LPRO,Open Lending Corporation Common Stock,$3.14,-0.01,-0.317%,371201637.0,,,,,,OPERATING_COMMON_EQUITY,False,FRESH
LPTH,"LightPath Technologies, Inc. Class A Common Stock",$10.92,0.09,0.831%,685660324.0,,,,,,OPERATING_COMMON_EQUITY,False,FRESH
LQDA,Liquidia Corporation Common Stock,$84.42,-1.80,-2.088%,7507310118.0,United States,2018.0,1090985.0,Health Care,Biotechnology: Pharmaceutical Preparations,OPERATING_COMMON_EQUITY,False,FRESH
LQDT,"Liquidity Services, Inc. Common Stock",$38.96,1.40,3.727%,1214820760.0,United States,2006.0,416675.0,Consumer Discretionary,Business Services,OPERATING_COMMON_EQUITY,False,FRESH
LRCX,Lam Research Corporation Common Stock,$291.61,-13.60,-4.456%,364679009310.0,United States,1984.0,10100366.0,Technology,Industrial Machinery/Components,OPERATING_COMMON_EQUITY,False,FRESH
LRMR,"Larimar Therapeutics, Inc. Common Stock",$3.83,-0.17,-4.25%,397871649.0,,,,,,OPERATING_COMMON_EQUITY,False,FRESH
LSAK,"Lesaka Technologies, Inc. Common Stock",$4.57,0.05,1.106%,392091349.0,South Africa,,27670.0,Finance,Investment Bankers/Brokers/Service,OPERATING_COMMON_EQUITY,False,FRESH
LSCC,Lattice Semiconductor Corporation Common Stock,$122.91,-5.51,-4.291%,16839635704.0,United States,,1471468.0,Technology,Semiconductors,OPERATING_COMMON_EQUITY,False,FRESH
LSTR,"Landstar System, Inc. Common Stock",$191.63,-8.65,-4.319%,6501662882.0,United States,1993.0,472605.0,Industrials,Trucking Freight/Courier Services,OPERATING_COMMON_EQUITY,False,FRESH
LULU,lululemon athletica inc. Common Stock,$117.83,3.55,3.106%,12777244473.0,Canada,2007.0,1277499.0,Consumer Discretionary,Apparel,OPERATING_COMMON_EQUITY,False,FRESH
LUNR,"Intuitive Machines, Inc. Class A Common Stock",$13.31,0.39,3.019%,2888548831.0,United States,2021.0,9278471.0,Industrials,Industrial Machinery/Components,OPERATING_COMMON_EQUITY,False,FRESH
LWAY,"Lifeway Foods, Inc. Common Stock",$30.48,0.04,0.131%,465791946.0,United States,,22762.0,Consumer Staples,Packaged Foods,OPERATING_COMMON_EQUITY,False,FRESH
LWLG,"Lightwave Logic, Inc. Common Stock",$6.13,0.08,1.322%,944785281.0,,,,,,OPERATING_COMMON_EQUITY,False,FRESH
LXEO,"Lexeo Therapeutics, Inc. Common Stock",$4.47,-0.19,-4.077%,350991704.0,,,,,,OPERATING_COMMON_EQUITY,False,FRESH
LXRX,"Lexicon Pharmaceuticals, Inc. Common Stock",$2.23,-0.06,-2.62%,990557950.0,,,,,,OPERATING_COMMON_EQUITY,False,FRESH
LYEL,"Lyell Immunopharma, Inc. Common Stock",$12.96,0.33,2.613%,317576480.0,,,,,,OPERATING_COMMON_EQUITY,False,FRESH
LYFT,"Lyft, Inc. Class A Common Stock",$15.09,0.89,6.268%,5729409408.0,United States,2019.0,22299790.0,Consumer Discretionary,Business Services,OPERATING_COMMON_EQUITY,False,FRESH
LYTS,LSI Industries Inc. Common Stock,$23.25,0.02,0.086%,853563393.0,United States,1985.0,85030.0,Consumer Discretionary,Building Products,OPERATING_COMMON_EQUITY,False,FRESH
LZ,"LegalZoom.com, Inc. Common Stock",$7.56,0.38,5.292%,1297657096.0,United States,2021.0,1464985.0,Technology,EDP Services,OPERATING_COMMON_EQUITY,False,FRESH
MAAS,Maase Inc. Class A Ordinary Shares,$17.31,0.56,3.343%,7654059255.0,China,2019.0,11059.0,Finance,Investment Managers,FOREIGN_OR_DEPOSITARY,False,MISSING
MAKO,Mako Mining Corp Common Stock,$7.20,0.12,1.695%,630465458.0,,,,,,OPERATING_COMMON_EQUITY,False,FRESH
MAMA,"Mama's Creations, Inc. Common Stock",$17.75,0.01,0.056%,726715796.0,,,,,,OPERATING_COMMON_EQUITY,False,FRESH
MANH,"Manhattan Associates, Inc. Common Stock",$159.29,7.62,5.024%,9424329453.0,United States,1998.0,451046.0,Technology,Computer Software: Prepackaged Software,OPERATING_COMMON_EQUITY,False,FRESH
MAR,Marriott International Class A Common Stock,$383.06,8.63,2.305%,101008563926.0,United States,,1235055.0,Consumer Discretionary,Hotels/Resorts,OPERATING_COMMON_EQUITY,False,FRESH
MARA,"MARA Holdings, Inc. Common Stock",$11.77,-0.35,-2.888%,4487553820.0,United States,,40908220.0,Technology,EDP Services,OPERATING_COMMON_EQUITY,False,FRESH
MAT,"Mattel, Inc. Common Stock",$14.80,0.46,3.208%,4300880000.0,United States,,4265509.0,Consumer Discretionary,Recreational Games/Products/Toys,OPERATING_COMMON_EQUITY,False,FRESH
MATW,Matthews International Corporation Class A Common Stock,$28.15,0.46,1.661%,878348630.0,United States,1994.0,217723.0,Telecommunications,Metal Fabrications,OPERATING_COMMON_EQUITY,False,FRESH
MAZE,"Maze Therapeutics, Inc. Common Stock",$28.69,1.01,3.649%,1587855538.0,United States,2025.0,84952.0,Health Care,Biotechnology: Biological Products (No Diagnostic Substances),OPERATING_COMMON_EQUITY,False,FRESH
MBIN,Merchants Bancorp Common Stock,$48.37,0.68,1.426%,2221895685.0,United States,2017.0,103588.0,Finance,Major Banks,OPERATING_COMMON_EQUITY,False,FRESH
MBLY,Mobileye Global Inc. Class A Common Stock,$8.01,-0.04,-0.497%,6810002660.0,Israel,2022.0,3223490.0,Technology,Computer Software: Prepackaged Software,OPERATING_COMMON_EQUITY,False,FRESH
MBUU,"Malibu Boats, Inc. Class A Common Stock",$28.34,0.64,2.31%,556514082.0,United States,2014.0,153164.0,Industrials,Marine Transportation,OPERATING_COMMON_EQUITY,False,FRESH
MBWM,Mercantile Bank Corporation Common Stock,$58.62,0.12,0.205%,1012623863.0,United States,1998.0,40727.0,Finance,Major Banks,OPERATING_COMMON_EQUITY,False,FRESH
MBX,"MBX Biosciences, Inc. Common Stock",$61.30,-0.70,-1.129%,2917728957.0,United States,2024.0,167007.0,Health Care,Biotechnology: Pharmaceutical Preparations,OPERATING_COMMON_EQUITY,False,FRESH
MCBS,"MetroCity Bankshares, Inc. Common Stock",$34.66,-1.91,-5.223%,993357056.0,United States,2019.0,34801.0,Finance,Major Banks,OPERATING_COMMON_EQUITY,False,FRESH
MCFT,"MasterCraft Boat Holdings, Inc. Common Stock",$24.86,0.59,2.431%,404718065.0,,,,,,OPERATING_COMMON_EQUITY,False,FRESH
MCHB,Mechanics Bancorp Class A Common Stock,$15.62,-0.06,-0.383%,3458284870.0,,,,,,OPERATING_COMMON_EQUITY,False,FRESH
MCHP,Microchip Technology Incorporated Common Stock,$77.90,-0.96,-1.217%,42300352023.0,United States,1993.0,6589290.0,Technology,Semiconductors,OPERATING_COMMON_EQUITY,False,FRESH
MCRI,"Monarch Casino & Resort, Inc. Common Stock",$121.69,2.15,1.799%,2159938602.0,United States,1993.0,68647.0,Consumer Discretionary,Hotels/Resorts,OPERATING_COMMON_EQUITY,False,FRESH
MDB,"MongoDB, Inc. Class A Common Stock",$309.71,11.49,3.853%,24910572111.0,United States,2017.0,7861160.0,Technology,Computer Software: Prepackaged Software,OPERATING_COMMON_EQUITY,False,FRESH
MDGL,"Madrigal Pharmaceuticals, Inc. Common Stock",$551.25,6.74,1.238%,12709432024.0,United States,2007.0,293345.0,Health Care,Biotechnology: Pharmaceutical Preparations,OPERATING_COMMON_EQUITY,False,FRESH
MDLN,Medline Inc. Class A Common Stock,$39.70,0.95,2.452%,52153420111.0,,,,,,OPERATING_COMMON_EQUITY,False,FRESH
MDLZ,"Mondelez International, Inc. Class A Common Stock",$60.67,0.15,0.248%,77879031303.0,United States,,8015152.0,Consumer Staples,Packaged Foods,OPERATING_COMMON_EQUITY,False,FRESH
MDXG,"MiMedx Group, Inc Common Stock",$4.26,0.06,1.429%,634508814.0,United States,,614556.0,Health Care,Biotechnology: Pharmaceutical Preparations,OPERATING_COMMON_EQUITY,False,FRESH
MEDP,"Medpace Holdings, Inc. Common Stock",$589.37,-12.01,-1.997%,16450292107.0,United States,2016.0,239605.0,Health Care,Biotechnology: Commercial Physical & Biological Resarch,OPERATING_COMMON_EQUITY,True,FRESH
MELI,"MercadoLibre, Inc. Common Stock","$1,819.74",18.30,1.016%,92255689973.0,Argentina,2007.0,280198.0,Consumer Discretionary,Business Services,OPERATING_COMMON_EQUITY,True,FRESH
MEOH,Methanex Corporation Common Stock,$54.18,-1.68,-3.008%,4191595769.0,Canada,,278620.0,Industrials,Major Chemicals,OPERATING_COMMON_EQUITY,False,FRESH
MESO,Mesoblast Limited American Depositary Shares,$14.56,-0.75,-4.899%,1879407989.0,Australia,2015.0,385694.0,Health Care,Biotechnology: Biological Products (No Diagnostic Substances),FOREIGN_OR_DEPOSITARY,False,STALE
META,"Meta Platforms, Inc. Class A Common Stock",$593.87,-1.32,-0.222%,1507493447546.0,United States,2012.0,18518972.0,Technology,Computer Software: Programming Data Processing,OPERATING_COMMON_EQUITY,False,FRESH
METC,"Ramaco Resources, Inc. Class A Common Stock",$10.17,-0.18,-1.739%,675936256.0,United States,2017.0,659595.0,Energy,Coal Mining,OPERATING_COMMON_EQUITY,False,FRESH
METCB,"Ramaco Resources, Inc. Class B Common Stock",$7.07,-0.20,-2.751%,469898656.0,United States,,41465.0,Energy,Coal Mining,OPERATING_COMMON_EQUITY,False,STALE
MFI,mF International Limited Class A Ordinary Shares,$8.30,UNCH,--,416464826.0,,,,,,FOREIGN_OR_DEPOSITARY,False,MISSING
MFIC,MidCap Financial Investment Corporation Common Stock,$9.59,0.07,0.735%,789953503.0,United States,2004.0,276706.0,Finance,Finance/Investors Services,OPERATING_COMMON_EQUITY,False,FRESH
MFP,"Midera Food Processing, Inc. Common Stock",$47.75,0.55,1.165%,2158777500.0,,,,,,OPERATING_COMMON_EQUITY,False,MISSING
MGEE,"MGE Energy, Inc",$81.61,-0.81,-0.983%,2999691599.0,United States,,150222.0,Energy,Electric Utilities: Central,OPERATING_COMMON_EQUITY,False,FRESH
MGNI,"Magnite, Inc. Common Stock",$19.09,0.58,3.133%,2733974407.0,United States,,1708919.0,Technology,Computer Software: Programming Data Processing,OPERATING_COMMON_EQUITY,False,FRESH
MGPI,"MGP Ingredients, Inc.",$17.96,0.27,1.526%,383827417.0,United States,,475332.0,Consumer Staples,Beverages (Production/Distribution),OPERATING_COMMON_EQUITY,False,FRESH
MGRC,McGrath RentCorp Common Stock,$120.00,0.24,0.20%,2947412400.0,United States,1984.0,98432.0,Consumer Discretionary,Diversified Commercial Services,OPERATING_COMMON_EQUITY,False,FRESH
MGRT,Mega Fortune Company Limited Ordinary Shares,$98.05,3.05,3.211%,1348187500.0,,,,,,FOREIGN_OR_DEPOSITARY,False,MISSING
MGTX,MeiraGTx Holdings plc Ordinary Shares,$12.30,0.53,4.503%,1139097047.0,United States,2018.0,600450.0,Health Care,Biotechnology: Biological Products (No Diagnostic Substances),FOREIGN_OR_DEPOSITARY,False,FRESH
MIDD,Middleby Corporation (The) Common Stock,$136.00,2.12,1.584%,6149171456.0,United States,,624978.0,Industrials,Industrial Machinery/Components,OPERATING_COMMON_EQUITY,False,FRESH
MIRM,"Mirum Pharmaceuticals, Inc. Common Stock",$114.20,1.17,1.035%,6964056123.0,United States,2019.0,219847.0,Health Care,Biotechnology: Pharmaceutical Preparations,OPERATING_COMMON_EQUITY,False,FRESH
MITK,"Mitek Systems, Inc. Common Stock",$17.01,0.14,0.83%,768152056.0,United States,,428066.0,Technology,Computer peripheral equipment,OPERATING_COMMON_EQUITY,False,FRESH
MKSI,MKS Inc. Common Stock,$315.70,-13.48,-4.095%,21323681525.0,United States,1999.0,655747.0,Industrials,Industrial Machinery/Components,OPERATING_COMMON_EQUITY,False,FRESH
MKTW,"MarketWise, Inc. Class A Common Stock",$20.40,0.46,2.307%,318761302.0,,,,,,OPERATING_COMMON_EQUITY,False,FRESH
MKTX,"MarketAxess Holdings, Inc. Common Stock",$117.97,1.28,1.097%,4192589270.0,United States,2004.0,530869.0,Finance,Investment Bankers/Brokers/Service,OPERATING_COMMON_EQUITY,False,FRESH
MLAB,"Mesa Laboratories, Inc. Common Stock",$97.77,0.27,0.277%,547099411.0,United States,,35545.0,Industrials,Industrial Machinery/Components,OPERATING_COMMON_EQUITY,False,FRESH
MLCO,Melco Resorts & Entertainment Limited American Depositary Shares,$5.62,0.21,3.882%,2286171068.0,Hong Kong,2006.0,2904459.0,Consumer Discretionary,Hotels/Resorts,FOREIGN_OR_DEPOSITARY,False,FRESH
MLKN,"MillerKnoll, Inc. Common Stock",$22.56,0.48,2.174%,1536860249.0,United States,,345261.0,Consumer Discretionary,Office Equipment/Supplies/Services,OPERATING_COMMON_EQUITY,False,FRESH
MLTX,MoonLake Immunotherapeutics Class A Ordinary Shares,$19.88,0.86,4.522%,1463474072.0,United States,2020.0,351510.0,Health Care,Biotechnology: Pharmaceutical Preparations,FOREIGN_OR_DEPOSITARY,False,FRESH
MLYS,"Mineralys Therapeutics, Inc. Common Stock",$27.21,0.50,1.872%,2244773328.0,United States,2023.0,779283.0,Health Care,Biotechnology: Pharmaceutical Preparations,OPERATING_COMMON_EQUITY,False,FRESH
MMED,"MiniMed Group, Inc. Common Stock",$17.67,0.84,4.991%,4962493071.0,,,,,,OPERATING_COMMON_EQUITY,False,FRESH
MMSI,"Merit Medical Systems, Inc. Common Stock",$76.10,1.78,2.395%,4539734466.0,United States,,723649.0,Health Care,Medical/Dental Instruments,OPERATING_COMMON_EQUITY,False,FRESH
MMYT,MakeMyTrip Limited Ordinary Shares,$52.34,3.11,6.317%,5823475220.0,India,2010.0,691114.0,Consumer Discretionary,Transportation Services,FOREIGN_OR_DEPOSITARY,False,FRESH
MNDY,monday.com Ltd. Ordinary Shares,$82.10,4.67,6.031%,3814609919.0,Israel,2021.0,480775.0,Technology,Computer Software: Prepackaged Software,FOREIGN_OR_DEPOSITARY,False,FRESH
MNKD,MannKind Corporation Common Stock,$3.95,-0.18,-4.358%,1220353156.0,United States,2004.0,2917392.0,Health Care,Biotechnology: Pharmaceutical Preparations,OPERATING_COMMON_EQUITY,False,FRESH
MNPR,Monopar Therapeutics Inc. Common Stock,$110.33,0.46,0.419%,739107510.0,,,,,,OPERATING_COMMON_EQUITY,False,FRESH
MNRO,"Monro, Inc. Common Stock",$16.94,0.15,0.893%,529322063.0,United States,1991.0,1063210.0,Consumer Discretionary,Automotive Aftermarket,OPERATING_COMMON_EQUITY,False,FRESH
MNST,Monster Beverage Corporation,$95.33,1.84,1.968%,93233513126.0,United States,,8603675.0,Consumer Staples,Beverages (Production/Distribution),OPERATING_COMMON_EQUITY,False,FRESH
MOBI,"Mobia Medical, Inc. Common Stock",$11.13,0.28,2.581%,370061437.0,,,,,,OPERATING_COMMON_EQUITY,False,FRESH
MOMO,Hello Group Inc. American Depositary Shares,$5.88,UNCH,--,868754718.0,China,2014.0,420805.0,Technology,Computer Software: Prepackaged Software,FOREIGN_OR_DEPOSITARY,False,STALE
MORN,"Morningstar, Inc. Common Stock",$182.43,9.82,5.689%,6937451324.0,United States,2005.0,175121.0,Finance,Investment Managers,OPERATING_COMMON_EQUITY,False,FRESH
MOVE,"Corvex, Inc. Common Stock",$12.64,0.14,1.12%,349315817.0,,,,,,OPERATING_COMMON_EQUITY,False,FRESH
MPB,Mid Penn Bancorp Common Stock,$37.75,0.58,1.56%,956771561.0,United States,,75592.0,Finance,Major Banks,OPERATING_COMMON_EQUITY,False,FRESH
MPLT,"MapLight Therapeutics, Inc. Common Stock",$9.905,-26.655,-72.908%,449148921.0,,,,,,OPERATING_COMMON_EQUITY,False,FRESH
MPWR,"Monolithic Power Systems, Inc. Common Stock","$1,339.08",5.27,0.395%,65789000400.0,United States,2004.0,362167.0,Technology,Semiconductors,OPERATING_COMMON_EQUITY,False,FRESH
MQ,"Marqeta, Inc. Class A Common Stock",$17.60,0.53,3.105%,1865733373.0,United States,2021.0,7341646.0,Technology,Computer Software: Prepackaged Software,OPERATING_COMMON_EQUITY,False,FRESH
MRAM,"Everspin Technologies, Inc. Common Stock",$14.95,-0.14,-0.928%,350541276.0,,,,,,OPERATING_COMMON_EQUITY,False,FRESH
MRCY,Mercury Systems Inc Common Stock,$103.80,0.53,0.513%,6232492775.0,United States,1998.0,393023.0,Technology,Electrical Products,OPERATING_COMMON_EQUITY,False,FRESH
MRLN,"Merlin, Inc. Common Stock",$3.74,0.27,7.781%,360999954.0,,,,,,OPERATING_COMMON_EQUITY,False,FRESH
MRNA,"Moderna, Inc. Common Stock",$55.63,1.56,2.885%,22073219588.0,United States,2018.0,14874031.0,Health Care,Biotechnology: Biological Products (No Diagnostic Substances),OPERATING_COMMON_EQUITY,True,FRESH
MRTN,"Marten Transport, Ltd. Common Stock",$15.49,-0.81,-4.969%,1263815701.0,United States,1986.0,376116.0,Industrials,Trucking Freight/Courier Services,OPERATING_COMMON_EQUITY,False,FRESH
MRVI,"Maravai LifeSciences Holdings, Inc. Class A Common Stock",$6.69,-0.07,-1.036%,1727292732.0,United States,2020.0,1860282.0,Health Care,Biotechnology: Pharmaceutical Preparations,OPERATING_COMMON_EQUITY,False,FRESH
MRVL,"Marvell Technology, Inc. Common Stock",$189.17,-5.06,-2.605%,165668734239.0,United States,2000.0,18712932.0,Technology,Semiconductors,OPERATING_COMMON_EQUITY,False,FRESH
MRX,Marex Group Limited Ordinary Shares,$64.60,-0.96,-1.464%,4788981270.0,United Kingdom,2024.0,1116974.0,Finance,Investment Bankers/Brokers/Service,FOREIGN_OR_DEPOSITARY,False,FRESH
MSBI,"Midland States Bancorp, Inc. Common Stock",$32.83,0.58,1.798%,680559301.0,United States,2016.0,170682.0,Finance,Major Banks,OPERATING_COMMON_EQUITY,False,FRESH
MSEX,Middlesex Water Company Common Stock,$56.17,-0.02,-0.036%,1046128560.0,United States,,100408.0,Utilities,Water Supply,OPERATING_COMMON_EQUITY,False,FRESH
MSFT,Microsoft Corporation Common Stock,$389.10,7.40,1.939%,2890403943326.0,United States,1986.0,23849781.0,Technology,Computer Software: Prepackaged Software,OPERATING_COMMON_EQUITY,False,FRESH
MSTR,Strategy Inc Common Stock Class A,$98.65,6.98,7.614%,34571682573.0,United States,1998.0,12461115.0,Technology,Computer Software: Prepackaged Software,OPERATING_COMMON_EQUITY,False,FRESH
MTCH,"Match Group, Inc. Common Stock",$38.80,0.89,2.348%,9050741209.0,United States,,3875787.0,Technology,Computer Software: Programming Data Processing,OPERATING_COMMON_EQUITY,False,FRESH
MTLS,Materialise NV American Depositary Shares,$6.44,-0.11,-1.679%,380392678.0,Belgium,2014.0,66226.0,Technology,Computer Software: Prepackaged Software,FOREIGN_OR_DEPOSITARY,False,FRESH
MTRX,Matrix Service Company Common Stock,$12.32,-0.02,-0.162%,346609032.0,United States,1990.0,148566.0,Consumer Discretionary,Engineering & Construction,OPERATING_COMMON_EQUITY,False,FRESH
MTSI,"MACOM Technology Solutions Holdings, Inc. Common Stock",$263.08,-3.91,-1.464%,20071892224.0,United States,2012.0,1306630.0,Technology,Semiconductors,OPERATING_COMMON_EQUITY,False,FRESH
MU,"Micron Technology, Inc. Common Stock",$900.20,-20.75,-2.253%,1016679714530.0,United States,,22609277.0,Technology,Semiconductors,OPERATING_COMMON_EQUITY,True,FRESH
MVBF,MVB Financial Corp. Common Stock,$29.14,0.04,0.137%,374446115.0,,,,,,OPERATING_COMMON_EQUITY,False,FRESH
MWH,"SOLV Energy, Inc. Class A Common Stock",$28.06,0.79,2.897%,5679218656.0,,,,,,OPERATING_COMMON_EQUITY,False,FRESH
MXL,"MaxLinear, Inc. Common Stock",$64.86,-6.73,-9.401%,5882360368.0,United States,2010.0,817701.0,Technology,Semiconductors,OPERATING_COMMON_EQUITY,False,FRESH
MYGN,"Myriad Genetics, Inc. Common Stock",$5.45,-0.16,-2.852%,514742745.0,United States,1995.0,2193341.0,Health Care,Biotechnology: In Vitro & In Vivo Diagnostic Substances,OPERATING_COMMON_EQUITY,False,FRESH
MYRG,"MYR Group, Inc. Common Stock",$369.00,-10.17,-2.682%,5745712284.0,United States,2008.0,193332.0,Industrials,Water Sewer Pipeline Comm & Power Line Construction,OPERATING_COMMON_EQUITY,False,FRESH
MZTI,The Marzetti Company Common Stock,$107.48,0.29,0.271%,2947316560.0,,,,,,OPERATING_COMMON_EQUITY,False,FRESH
NAMS,NewAmsterdam Pharma Company N.V. Ordinary Shares,$30.22,0.58,1.957%,3532838245.0,Netherlands,,501215.0,Health Care,Biotechnology: Pharmaceutical Preparations,FOREIGN_OR_DEPOSITARY,False,FRESH
NATH,"Nathan's Famous, Inc. Common Stock",$99.14,0.96,0.978%,405919312.0,United States,1993.0,13928.0,Consumer Discretionary,Restaurants,OPERATING_COMMON_EQUITY,False,FRESH
NATR,"Nature's Sunshine Products, Inc. Common Stock",$20.60,0.20,0.98%,362248343.0,,,,,,OPERATING_COMMON_EQUITY,False,FRESH
NAVI,Navient Corporation Common Stock,$8.61,0.38,4.617%,809167662.0,United States,,545559.0,Finance,Investment Bankers/Brokers/Service,OPERATING_COMMON_EQUITY,True,FRESH
NAVN,"Navan, Inc. Class A Common Stock",$25.78,2.58,11.121%,6556659934.0,,,,,,OPERATING_COMMON_EQUITY,False,FRESH
NB,NioCorp Developments Ltd. Common Stock,$4.19,0.05,1.208%,610009731.0,,,,,,OPERATING_COMMON_EQUITY,False,FRESH
NBBK,"NB Bancorp, Inc. Common Stock",$22.43,UNCH,--,1002759236.0,United States,2023.0,146290.0,Finance,Banks,OPERATING_COMMON_EQUITY,False,FRESH
NBIS,Nebius Group N.V. Class A Ordinary Shares,$187.88,0.11,0.059%,47702392689.0,Netherlands,2011.0,16647174.0,Technology,Computer Software: Programming Data Processing,FOREIGN_OR_DEPOSITARY,False,FRESH
NBIX,"Neurocrine Biosciences, Inc. Common Stock",$176.41,0.64,0.364%,17738022501.0,United States,1996.0,970641.0,Health Care,Biotechnology: Biological Products (No Diagnostic Substances),OPERATING_COMMON_EQUITY,True,FRESH
NBN,Northeast Bank Common Stock,$133.11,3.87,2.994%,1082184300.0,United States,,36234.0,Finance,Major Banks,OPERATING_COMMON_EQUITY,False,FRESH
NBTB,NBT Bancorp Inc. Common Stock,$52.52,0.14,0.267%,2731577385.0,United States,,204616.0,Finance,Major Banks,OPERATING_COMMON_EQUITY,False,FRESH
NBTX,Nanobiotix S.A. American Depositary Shares,$40.18,0.48,1.209%,1945116532.0,,,,,,FOREIGN_OR_DEPOSITARY,False,MISSING
NCMI,"National CineMedia, Inc. Common Stock",$3.86,0.09,2.387%,361991916.0,United States,2007.0,857829.0,Consumer Discretionary,Advertising,OPERATING_COMMON_EQUITY,False,FRESH
NCNO,"nCino, Inc. Common Stock",$17.65,1.09,6.582%,1933609568.0,United States,2020.0,1373285.0,Technology,Computer Software: Prepackaged Software,OPERATING_COMMON_EQUITY,False,FRESH
NDAQ,"Nasdaq, Inc. Common Stock",$93.94,1.85,2.009%,52510334326.0,United States,,5145241.0,Finance,Investment Bankers/Brokers/Service,OPERATING_COMMON_EQUITY,False,FRESH
NDSN,Nordson Corporation Common Stock,$297.39,1.62,0.548%,16569960556.0,United States,,313932.0,Industrials,Industrial Machinery/Components,OPERATING_COMMON_EQUITY,False,FRESH
NECB,"NorthEast Community Bancorp, Inc. Common Stock",$26.72,0.06,0.225%,369147675.0,United States,2021.0,31021.0,Finance,Banks,OPERATING_COMMON_EQUITY,False,FRESH
NEGG,"Newegg Commerce, Inc. Common Shares",$14.33,0.21,1.487%,300549152.0,,,,,,OPERATING_COMMON_EQUITY,False,MISSING
NEO,"NeoGenomics, Inc. Common Stock",$13.14,-0.75,-5.40%,1710982789.0,United States,,1257334.0,Health Care,Precision Instruments,OPERATING_COMMON_EQUITY,True,FRESH
NEOG,Neogen Corporation Common Stock,$9.34,-0.06,-0.638%,2033066203.0,United States,1989.0,3486728.0,Health Care,Biotechnology: In Vitro & In Vivo Diagnostic Substances,OPERATING_COMMON_EQUITY,False,FRESH
NESR,National Energy Services Reunited Corp Ordinary Shares,$26.87,-0.75,-2.715%,2709765742.0,United States,,119208.0,Energy,Oilfield Services/Equipment,FOREIGN_OR_DEPOSITARY,False,FRESH
NEWT,"NewtekOne, Inc. Common Stock",$14.37,-0.06,-0.416%,415165826.0,,,,,,OPERATING_COMMON_EQUITY,False,FRESH
NEXN,Nexxen International Ltd. Ordinary Shares,$10.25,0.43,4.379%,672017368.0,Israel,2021.0,489434.0,Technology,Computer Software: Programming Data Processing,FOREIGN_OR_DEPOSITARY,False,FRESH
NEXT,NextDecade Corporation Common Stock,$6.435,-0.57,-8.137%,1705229871.0,United States,2015.0,1439958.0,Utilities,Oil & Gas Production,OPERATING_COMMON_EQUITY,False,FRESH
NFLX,"Netflix, Inc. Common Stock",$70.40,0.31,0.442%,293141353190.0,United States,2002.0,4698353.0,Consumer Discretionary,Consumer Electronics/Video Chains,OPERATING_COMMON_EQUITY,False,FRESH
NGNE,Neurogene Inc. Common Stock ,$34.62,-0.28,-0.802%,661788511.0,,,,,,OPERATING_COMMON_EQUITY,False,FRESH
NHP,"National Healthcare Properties, Inc. Class A Common Stock",$16.15,0.15,0.938%,1177413747.0,,,,,,OPERATING_COMMON_EQUITY,False,FRESH
NICE,NICE Ltd American Depositary Shares,$95.01,4.75,5.263%,5643934136.0,Israel,,677742.0,Technology,Computer Software: Prepackaged Software,FOREIGN_OR_DEPOSITARY,False,FRESH
NICM,Nicola Mining Inc. American Depositary Shares,$5.905,0.125,2.163%,1355349312.0,,,,,,FOREIGN_OR_DEPOSITARY,False,FRESH
NKLR,Terra Innovatum Global N.V. Ordinary shares,$5.17,0.12,2.376%,571289694.0,,,,,,FOREIGN_OR_DEPOSITARY,False,FRESH
NKTR,Nektar Therapeutics  Common Stock,$71.35,0.625,0.884%,2410633383.0,,,,,,OPERATING_COMMON_EQUITY,False,FRESH
NMFC,New Mountain Finance Corporation Common Stock,$6.87,0.03,0.439%,648887919.0,United States,,245622.0,Finance,Finance/Investors Services,OPERATING_COMMON_EQUITY,False,FRESH
NMIH,NMI Holdings Inc. Common Stock,$43.05,0.30,0.702%,3270589908.0,United States,2013.0,532362.0,Finance,Property-Casualty Insurers,OPERATING_COMMON_EQUITY,True,FRESH
NMRA,"Neumora Therapeutics, Inc. Common Stock",$1.66,0.17,11.409%,307571845.0,,,,,,OPERATING_COMMON_EQUITY,False,FRESH
NMRK,"Newmark Group, Inc. Class A Common Stock",$15.89,0.50,3.249%,2820915423.0,United States,2017.0,952665.0,Finance,Real Estate,OPERATING_COMMON_EQUITY,True,FRESH
NN,NextNav Inc. Common Stock,$12.68,0.24,1.929%,1730020387.0,United States,,1119274.0,Industrials,Industrial Machinery/Components,OPERATING_COMMON_EQUITY,False,FRESH
NNDM,Nano Dimension Ltd. American Depositary Shares,$1.48,0.01,0.68%,309628715.0,Israel,,730915.0,Technology,Electrical Products,FOREIGN_OR_DEPOSITARY,False,FRESH
NNE,Nano Nuclear Energy Inc. Common Stock,$16.79,1.20,7.697%,874478506.0,United States,2024.0,2597469.0,Utilities,Electric Utilities: Central,OPERATING_COMMON_EQUITY,False,FRESH
NNNN,Anbio Biotechnology Class A Ordinary Shares,$10.18,0.28,2.828%,1464812416.0,Germany,2025.0,120346.0,Health Care,Biotechnology: In Vitro & In Vivo Diagnostic Substances,FOREIGN_OR_DEPOSITARY,False,MISSING
NODK,"NI Holdings, Inc. Common Stock",$15.84,-0.01,-0.063%,324425962.0,,,,,,OPERATING_COMMON_EQUITY,False,FRESH
NOVT,Novanta Inc. Common Stock,$140.80,-0.74,-0.523%,5316067328.0,United States,,264360.0,Miscellaneous,Industrial Machinery/Components,OPERATING_COMMON_EQUITY,False,FRESH
NPCE,"Neuropace, Inc. Common Stock",$15.30,0.49,3.309%,521634299.0,United States,2021.0,871483.0,Health Care,Medical/Dental Instruments,OPERATING_COMMON_EQUITY,False,FRESH
NRC,NRC Health Common Stock,$21.27,0.23,1.093%,479355524.0,United States,,116145.0,Health Care,Biotechnology: Commercial Physical & Biological Resarch,OPERATING_COMMON_EQUITY,False,FRESH
NRDS,"NerdWallet, Inc. Class A Common Stock",$9.31,0.43,4.842%,612586670.0,United States,2021.0,312309.0,Technology,EDP Services,OPERATING_COMMON_EQUITY,False,FRESH
NRIM,Northrim BanCorp Inc Common Stock,$26.74,-0.35,-1.292%,594825043.0,United States,,28900.0,Finance,Savings Institutions,OPERATING_COMMON_EQUITY,False,FRESH
NRIX,"Nurix Therapeutics, Inc. Common stock",$23.43,0.05,0.214%,2431604833.0,United States,2020.0,437891.0,Health Care,Biotechnology: Pharmaceutical Preparations,OPERATING_COMMON_EQUITY,False,FRESH
NSIT,"Insight Enterprises, Inc. Common Stock",$122.93,5.28,4.488%,3712967517.0,United States,1995.0,552387.0,Consumer Discretionary,Catalog/Specialty Distribution,OPERATING_COMMON_EQUITY,False,FRESH
NSSC,"NAPCO Security Technologies, Inc. Common Stock",$36.40,0.66,1.847%,1300475067.0,United States,,316325.0,Telecommunications,Telecommunications Equipment,OPERATING_COMMON_EQUITY,False,FRESH
NTAP,"NetApp, Inc. Common Stock",$169.80,2.06,1.228%,33320578197.0,United States,1995.0,1698732.0,Technology,Electronic Components,OPERATING_COMMON_EQUITY,False,FRESH
NTCT,"NetScout Systems, Inc. Common Stock",$39.98,-0.02,-0.05%,2858378696.0,United States,1999.0,419941.0,Technology,EDP Services,OPERATING_COMMON_EQUITY,False,FRESH
NTES,"NetEase, Inc. American Depositary Shares",$123.77,4.22,3.53%,78981115556.0,China,,2017179.0,Technology,Computer Software: Prepackaged Software,FOREIGN_OR_DEPOSITARY,False,FRESH
NTGR,"NETGEAR, Inc. Common Stock",$25.36,0.43,1.725%,680659940.0,United States,2003.0,814660.0,Utilities,Telecommunications Equipment,OPERATING_COMMON_EQUITY,False,FRESH
NTLA,"Intellia Therapeutics, Inc. Common Stock",$10.67,-0.06,-0.559%,1490836696.0,United States,2016.0,2459226.0,Health Care,Biotechnology: In Vitro & In Vivo Diagnostic Substances,OPERATING_COMMON_EQUITY,False,FRESH
NTNX,"Nutanix, Inc. Class A Common Stock",$56.85,1.81,3.289%,15367720937.0,United States,2016.0,3400532.0,Technology,Computer Software: Prepackaged Software,OPERATING_COMMON_EQUITY,False,FRESH
NTRA,"Natera, Inc. Common Stock",$258.03,-3.96,-1.512%,36953865017.0,United States,2015.0,911150.0,Health Care,Medical Specialities,OPERATING_COMMON_EQUITY,False,FRESH
NTRS,Northern Trust Corporation Common Stock,$182.52,2.00,1.108%,33774825530.0,United States,,1429726.0,Finance,Major Banks,OPERATING_COMMON_EQUITY,False,FRESH
NTSK,"Netskope, Inc. Class A Common Stock",$11.94,0.41,3.556%,4822848369.0,,,,,,OPERATING_COMMON_EQUITY,False,FRESH
NUAI,"New Era Energy & Digital, Inc. Common Stock",$4.775,UNCH,--,483664181.0,,,,,,OPERATING_COMMON_EQUITY,False,FRESH
NUTX,Nutex Health Inc. Common Stock,$148.70,2.83,1.94%,1023255109.0,United States,,214611.0,Consumer Discretionary,Business Services,OPERATING_COMMON_EQUITY,True,FRESH
NVAX,"Novavax, Inc. Common Stock",$7.49,0.03,0.402%,1231641511.0,United States,,8794634.0,Health Care,Biotechnology: Biological Products (No Diagnostic Substances),OPERATING_COMMON_EQUITY,False,FRESH
NVCR,NovoCure Limited Ordinary Shares,$17.03,-0.62,-3.513%,1983072655.0,Jersey,2015.0,725609.0,Health Care,Medical/Dental Instruments,FOREIGN_OR_DEPOSITARY,False,FRESH
NVCT,"Nuvectis Pharma, Inc. Common Stock",$19.54,0.23,1.191%,616008915.0,,,,,,OPERATING_COMMON_EQUITY,False,FRESH
NVDA,NVIDIA Corporation Common Stock,$196.51,-10.33,-4.994%,4755542000000.0,United States,1999.0,226542451.0,Technology,Semiconductors,OPERATING_COMMON_EQUITY,True,FRESH
NVEC,NVE Corporation Common Stock,$117.38,-0.17,-0.145%,567786545.0,United States,,38425.0,Technology,Semiconductors,OPERATING_COMMON_EQUITY,False,FRESH
NVMI,Nova Ltd. Ordinary Shares,$428.88,-9.10,-2.078%,13631081031.0,Israel,2000.0,144568.0,Technology,Electronic Components,FOREIGN_OR_DEPOSITARY,False,FRESH
NVTS,Navitas Semiconductor Corporation Common Stock,$11.41,0.49,4.487%,2741532022.0,United States,,2346627.0,Technology,Semiconductors,OPERATING_COMMON_EQUITY,False,FRESH
NWBI,"Northwest Bancshares, Inc. Common Stock",$15.41,0.01,0.065%,2254708772.0,United States,2009.0,558975.0,Finance,Major Banks,OPERATING_COMMON_EQUITY,False,FRESH
NWE,"NorthWestern Energy Group, Inc. Common Stock",$72.20,-0.66,-0.906%,4440878755.0,United States,,420086.0,Utilities,Power Generation,OPERATING_COMMON_EQUITY,False,FRESH
NWFL,Norwood Financial Corp. Common Stock,$33.71,1.08,3.31%,367125463.0,,,,,,OPERATING_COMMON_EQUITY,False,FRESH
NWL,Newell Brands Inc. Common Stock,$5.18,0.10,1.969%,2201125859.0,United States,,6218687.0,Industrials,Plastic Products,OPERATING_COMMON_EQUITY,False,FRESH
NWPX,"NWPX Infrastructure, Inc. Common Stock",$128.26,-1.05,-0.812%,1236042646.0,United States,1995.0,35540.0,Industrials,Steel/Iron Ore,OPERATING_COMMON_EQUITY,False,FRESH
NWS,News Corporation Class B Common Stock,$30.92,0.73,2.418%,16927053819.0,United States,,570105.0,Consumer Discretionary,Newspapers/Magazines,OPERATING_COMMON_EQUITY,False,FRESH
NWSA,News Corporation Class A Common Stock,$27.29,0.53,1.981%,14939822080.0,United States,,3315353.0,Consumer Discretionary,Newspapers/Magazines,OPERATING_COMMON_EQUITY,False,FRESH
NXPI,NXP Semiconductors N.V. Common Stock,$267.67,-1.57,-0.583%,67578933716.0,Netherlands,2010.0,2094117.0,Technology,Semiconductors,OPERATING_COMMON_EQUITY,False,FRESH
NXST,"Nexstar Media Group, Inc. Common Stock",$185.80,2.49,1.358%,5674139697.0,United States,2003.0,356006.0,Industrials,Broadcasting,OPERATING_COMMON_EQUITY,False,FRESH
NXT,Nextpower Inc. Class A Common Stock,$103.73,3.70,3.699%,15730993178.0,United States,2023.0,4316010.0,Industrials,Industrial Machinery/Components,OPERATING_COMMON_EQUITY,False,FRESH
NYAX,Nayax Ltd. Ordinary Shares,$69.83,0.21,0.302%,2608792587.0,Israel,,15730.0,Technology,Computer Software: Prepackaged Software,FOREIGN_OR_DEPOSITARY,False,FRESH
OBT,"Orange County Bancorp, Inc. Common Stock",$37.68,-0.01,-0.027%,505209823.0,United States,,20553.0,Finance,Major Banks,OPERATING_COMMON_EQUITY,False,FRESH
OCFC,OceanFirst Financial Corp. Common Stock,$19.60,0.04,0.204%,1128961352.0,United States,,404064.0,Finance,Major Banks,OPERATING_COMMON_EQUITY,False,FRESH
OCGN,"Ocugen, Inc. Common Stock",$1.26,0.05,4.132%,426537539.0,,,,,,OPERATING_COMMON_EQUITY,False,FRESH
OCS,Oculis Holding AG Ordinary shares,$11.02,-0.11,-0.988%,638988507.0,Switzerland,,11835.0,Health Care,Biotechnology: Pharmaceutical Preparations,FOREIGN_OR_DEPOSITARY,False,FRESH
OCSL,Oaktree Specialty Lending Corporation Common Stock,$11.78,0.10,0.856%,1037647461.0,United States,,451422.0,Finance,Finance: Consumer Services,OPERATING_COMMON_EQUITY,False,FRESH
OCTV,Octave Intelligence plc Class B Ordinary Shares,$16.99,0.67,4.105%,4560758018.0,,,,,,FOREIGN_OR_DEPOSITARY,False,FRESH
OCUL,"Ocular Therapeutix, Inc. Common Stock",$8.64,0.135,1.587%,1891817493.0,United States,2014.0,1640949.0,Health Care,Biotechnology: Pharmaceutical Preparations,OPERATING_COMMON_EQUITY,False,FRESH
ODD,ODDITY Tech Ltd. Class A Ordinary Shares,$16.43,1.09,7.106%,930869335.0,Israel,2023.0,1795526.0,Consumer Discretionary,Package Goods/Cosmetics,FOREIGN_OR_DEPOSITARY,False,FRESH
ODFL,"Old Dominion Freight Line, Inc. Common Stock",$226.77,-6.22,-2.67%,47160967536.0,United States,1991.0,1098425.0,Industrials,Trucking Freight/Courier Services,OPERATING_COMMON_EQUITY,False,FRESH
ODTX,"Odyssey Therapeutics, Inc. Common Stock",$19.03,0.37,1.983%,914036020.0,,,,,,OPERATING_COMMON_EQUITY,False,FRESH
OFIX,Orthofix Medical Inc. Common Stock (DE),$11.90,0.65,5.778%,481017659.0,Curacao,1992.0,409965.0,Health Care,Medical/Dental Instruments,OPERATING_COMMON_EQUITY,False,FRESH
OFLX,"Omega Flex, Inc. Common Stock",$30.19,0.64,2.166%,304747581.0,,,,,,OPERATING_COMMON_EQUITY,False,FRESH
OIO,OIO Group Ordinary Shares,$1.98,UNCH,--,689083774.0,,,,,,FOREIGN_OR_DEPOSITARY,False,MISSING
OKTA,"Okta, Inc. Class A Common Stock",$137.43,-1.07,-0.773%,23886346172.0,United States,2017.0,3029064.0,Technology,Computer Software: Prepackaged Software,OPERATING_COMMON_EQUITY,False,FRESH
OLED,Universal Display Corporation Common Stock,$81.55,2.28,2.876%,3812535161.0,United States,,574378.0,Technology,Electrical Products,OPERATING_COMMON_EQUITY,False,FRESH
OLLI,"Ollie's Bargain Outlet Holdings, Inc. Common Stock",$66.77,0.46,0.694%,4036466307.0,United States,2015.0,1611183.0,Consumer Discretionary,Department/Specialty Retail Stores,OPERATING_COMMON_EQUITY,False,FRESH
OLMA,"Olema Pharmaceuticals, Inc. Common Stock",$12.01,0.31,2.65%,1049043127.0,United States,2020.0,479940.0,Health Care,Biotechnology: Pharmaceutical Preparations,OPERATING_COMMON_EQUITY,False,FRESH
OMAB,Grupo Aeroportuario del Centro Norte S.A.B. de C.V. ADS,$104.80,1.37,1.325%,5058819454.0,Mexico,2006.0,52785.0,Consumer Discretionary,Aerospace,FOREIGN_OR_DEPOSITARY,False,FRESH
OMCL,"Omnicell, Inc. Common Stock ($0.001 par value)",$41.49,0.49,1.195%,1886919934.0,United States,2001.0,661696.0,Technology,Computer Manufacturing,OPERATING_COMMON_EQUITY,False,FRESH
OMDA,"Omada Health, Inc. Common Stock",$20.58,0.05,0.244%,1223450274.0,,,,,,OPERATING_COMMON_EQUITY,False,FRESH
OMER,Omeros Corporation Common Stock,$11.34,1.55,15.832%,820736526.0,,,,,,OPERATING_COMMON_EQUITY,False,FRESH
ON,ON Semiconductor Corporation Common Stock,$89.04,2.23,2.569%,34895060127.0,United States,,5477992.0,Technology,Semiconductors,OPERATING_COMMON_EQUITY,False,FRESH
ONB,Old National Bancorp Common Stock,$26.41,-0.08,-0.302%,10204110930.0,United States,,4725325.0,Finance,Major Banks,OPERATING_COMMON_EQUITY,False,FRESH
ONC,BeOne Medicines Ltd. American Depositary Shares,$325.90,UNCH,--,36231615073.0,Cayman Islands,2016.0,290199.0,Health Care,Biotechnology: Pharmaceutical Preparations,FOREIGN_OR_DEPOSITARY,False,FRESH
ONDS,Ondas Inc. Common Stock,$8.02,0.22,2.821%,4249305652.0,,,,,,OPERATING_COMMON_EQUITY,True,FRESH
OPAL,OPAL Fuels Inc. Class A Common Stock,$2.25,0.04,1.81%,393202307.0,United States,2021.0,184491.0,Utilities,Natural Gas Distribution,OPERATING_COMMON_EQUITY,False,FRESH
OPCH,"Option Care Health, Inc. Common Stock",$21.81,0.15,0.693%,3424769862.0,United States,,1396952.0,Health Care,Medical/Nursing Services,OPERATING_COMMON_EQUITY,False,FRESH
OPEN,Opendoor Technologies Inc Common Stock,$3.85,0.015,0.391%,3714236033.0,United States,,71080077.0,Finance,Real Estate,OPERATING_COMMON_EQUITY,False,FRESH
OPI,Office Properties Income Trust Common shares of beneficial interest,$18.19,-0.18,-0.98%,1744324684.0,,,,,,OPERATING_COMMON_EQUITY,False,FRESH
OPK,"OPKO Health, Inc. Common Stock",$1.24,0.02,1.639%,936314397.0,United States,,4481494.0,Health Care,Biotechnology: Pharmaceutical Preparations,OPERATING_COMMON_EQUITY,False,FRESH
OPRA,Opera Limited American Depositary Shares,$18.87,0.39,2.11%,1696045280.0,Norway,2018.0,437033.0,Technology,Computer Software: Prepackaged Software,FOREIGN_OR_DEPOSITARY,False,FRESH
ORGO,Organogenesis Holdings Inc. Class A Common Stock,$2.55,0.16,6.695%,328120097.0,United States,2016.0,751915.0,Health Care,Biotechnology: Pharmaceutical Preparations,OPERATING_COMMON_EQUITY,True,FRESH
ORIC,"Oric Pharmaceuticals, Inc. Common Stock",$12.02,-0.08,-0.661%,1244281095.0,United States,2020.0,630636.0,Health Care,Biotechnology: Pharmaceutical Preparations,OPERATING_COMMON_EQUITY,False,FRESH
ORKA,"Oruka Therapeutics, Inc. Common Stock",$90.20,-1.96,-2.127%,5440151510.0,United States,,92459.0,Health Care,Biotechnology: In Vitro & In Vivo Diagnostic Substances,OPERATING_COMMON_EQUITY,False,FRESH
ORLY,"O'Reilly Automotive, Inc. Common Stock",$90.59,3.19,3.65%,75073299007.0,United States,1993.0,322490.0,Consumer Discretionary,Auto & Home Supply Stores,OPERATING_COMMON_EQUITY,False,FRESH
ORRF,"Orrstown Financial Services, Inc. Common Stock",$42.56,UNCH,--,836210879.0,United States,,81156.0,Finance,Major Banks,OPERATING_COMMON_EQUITY,False,FRESH
OSBC,"Old Second Bancorp, Inc. Common Stock",$24.72,0.69,2.871%,1271408236.0,United States,,474795.0,Finance,Major Banks,OPERATING_COMMON_EQUITY,False,FRESH
OSIS,"OSI Systems, Inc. Common Stock (DE)",$217.30,0.60,0.277%,3581731997.0,United States,1997.0,185500.0,Technology,Semiconductors,OPERATING_COMMON_EQUITY,True,FRESH
OSPN,OneSpan Inc. Common Stock,$15.15,UNCH,--,561653678.0,United States,,287455.0,Technology,EDP Services,OPERATING_COMMON_EQUITY,False,FRESH
OSS,"One Stop Systems, Inc. Common Stock",$12.61,0.12,0.961%,312337304.0,,,,,,OPERATING_COMMON_EQUITY,False,FRESH
OSW,OneSpaWorld Holdings Limited Common Shares,$27.21,0.92,3.499%,2762218960.0,Bahamas,,400206.0,Consumer Discretionary,Hotels/Resorts,OPERATING_COMMON_EQUITY,False,FRESH
OTEX,Open Text Corporation Common Shares,$23.62,1.25,5.588%,5919237593.0,Canada,1996.0,1456784.0,Technology,EDP Services,OPERATING_COMMON_EQUITY,False,FRESH
OTLY,Oatly Group AB American Depositary Shares,$14.30,0.93,6.956%,456345289.0,,,,,,FOREIGN_OR_DEPOSITARY,False,FRESH
OTTR,Otter Tail Corporation Common Stock,$92.07,-0.27,-0.292%,3865480691.0,United States,,183808.0,Utilities,Electric Utilities: Central,OPERATING_COMMON_EQUITY,False,FRESH
OUST,"Ouster, Inc. Common Stock",$35.14,1.10,3.231%,2357295460.0,United States,,1456786.0,Industrials,Industrial Machinery/Components,OPERATING_COMMON_EQUITY,False,FRESH
OVID,Ovid Therapeutics Inc. Common Stock,$2.35,0.02,0.858%,438604240.0,,,,,,OPERATING_COMMON_EQUITY,False,FRESH
OXLC,Oxford Lane Capital Corp. Common Stock,$8.44,-0.06,-0.706%,1465184000.0,United States,2011.0,4344674.0,Finance,Investment Managers,OPERATING_COMMON_EQUITY,False,MISSING
OZK,Bank OZK Common Stock,$50.38,0.05,0.099%,5699798330.0,United States,,914480.0,Finance,Major Banks,OPERATING_COMMON_EQUITY,False,FRESH
PACB,"Pacific Biosciences of California, Inc. Common Stock",$1.36,UNCH,--,422418296.0,United States,2010.0,15386670.0,Industrials,Biotechnology: Laboratory Analytical Instruments,OPERATING_COMMON_EQUITY,False,FRESH
PAHC,Phibro Animal Health Corporation Class A Common Stock,$35.24,1.205,3.54%,1429500592.0,United States,2014.0,306154.0,Health Care,Biotechnology: Pharmaceutical Preparations,OPERATING_COMMON_EQUITY,False,FRESH
PALI,"Palisade Bio, Inc. Common Stock",$2.03,0.08,4.103%,352366730.0,,,,,,OPERATING_COMMON_EQUITY,False,FRESH
PAMT,PAMT CORP Common Stock,$17.01,0.79,4.871%,356244461.0,,,,,,OPERATING_COMMON_EQUITY,False,FRESH
PANL,Pangaea Logistics Solutions Ltd. Common Shares,$7.46,-0.20,-2.611%,487995326.0,,,,,,OPERATING_COMMON_EQUITY,False,FRESH
PANW,"Palo Alto Networks, Inc. Common Stock",$317.32,-6.47,-1.998%,258615800000.0,United States,,4210924.0,Technology,Computer peripheral equipment,OPERATING_COMMON_EQUITY,True,FRESH
PATK,"Patrick Industries, Inc. Common Stock",$84.69,0.19,0.225%,2785727056.0,United States,,271559.0,Consumer Discretionary,Auto Parts:O.E.M.,OPERATING_COMMON_EQUITY,False,FRESH
PAX,Patria Investments Limited Class A Common Shares,$11.06,0.26,2.407%,1785015948.0,Cayman Islands,2021.0,953576.0,Finance,Investment Managers,OPERATING_COMMON_EQUITY,False,FRESH
PAYO,Payoneer Global Inc. Common Stock,$7.12,UNCH,--,2383624088.0,United States,,2481782.0,Consumer Discretionary,Business Services,OPERATING_COMMON_EQUITY,False,FRESH
PAYP,PayPay Corporation American Depository Shares,$16.02,0.51,3.288%,10847833023.0,,,,,,OPERATING_COMMON_EQUITY,False,FRESH
PAYS,"Paysign, Inc. Common Stock",$8.89,0.20,2.301%,497002322.0,,,,,,OPERATING_COMMON_EQUITY,False,FRESH
PAYX,"Paychex, Inc. Common Stock",$115.48,1.93,1.70%,41074256673.0,United States,1983.0,1415547.0,Consumer Discretionary,Diversified Commercial Services,OPERATING_COMMON_EQUITY,False,FRESH
PBFS,"Pioneer Bancorp, Inc. Common Stock",$17.94,0.20,1.127%,449877810.0,United States,2019.0,14249.0,Finance,Banks,OPERATING_COMMON_EQUITY,False,FRESH
PBLS,"Parabilis Medicines, Inc. Common Stock",$31.82,0.54,1.726%,3778647879.0,,,,,,OPERATING_COMMON_EQUITY,False,MISSING
PBYI,Puma Biotechnology Inc Common Stock,$7.99,0.01,0.125%,406686653.0,,,,,,OPERATING_COMMON_EQUITY,False,FRESH
PCAR,PACCAR Inc. Common Stock,$133.44,1.20,0.907%,70227634398.0,United States,,2436397.0,Consumer Discretionary,Auto Manufacturing,OPERATING_COMMON_EQUITY,False,FRESH
PCB,PCB Bancorp Common Stock,$27.99,-0.09,-0.321%,398429897.0,,,,,,OPERATING_COMMON_EQUITY,False,FRESH
PCRX,"Pacira BioSciences, Inc. Common Stock",$26.47,0.59,2.28%,1041539548.0,United States,2011.0,1145487.0,Health Care,Biotechnology: Pharmaceutical Preparations,OPERATING_COMMON_EQUITY,False,FRESH
PCT,"PureCycle Technologies, Inc. Common stock",$5.98,0.13,2.222%,1200290949.0,United States,,5959782.0,Industrials,Major Chemicals,OPERATING_COMMON_EQUITY,False,FRESH
PCTY,Paylocity Holding Corporation Common Stock,$130.16,4.89,3.904%,6969294589.0,United States,2014.0,401084.0,Technology,Computer Software: Prepackaged Software,OPERATING_COMMON_EQUITY,True,FRESH
PCVX,"Vaxcyte, Inc. Common Stock",$55.50,0.84,1.537%,8014071351.0,United States,2020.0,1522515.0,Health Care,Biotechnology: Pharmaceutical Preparations,OPERATING_COMMON_EQUITY,False,FRESH
PDD,PDD Holdings Inc. American Depositary Shares,$84.85,2.19,2.649%,120775189801.0,China,2018.0,4360974.0,Consumer Discretionary,Business Services,FOREIGN_OR_DEPOSITARY,False,FRESH
PDFS,"PDF Solutions, Inc. Common Stock",$47.72,-3.26,-6.395%,1905034415.0,United States,2001.0,263992.0,Technology,Computer Software: Prepackaged Software,OPERATING_COMMON_EQUITY,False,FRESH
PDLB,"Ponce Financial Group, Inc. Common Stock",$20.03,-0.17,-0.842%,484483657.0,United States,2017.0,38155.0,Finance,Savings Institutions,OPERATING_COMMON_EQUITY,False,FRESH
PEBO,Peoples Bancorp Inc. Common Stock,$40.66,0.35,0.868%,1460864764.0,United States,,167491.0,Finance,Major Banks,OPERATING_COMMON_EQUITY,False,FRESH
PECO,"Phillips Edison & Company, Inc. Common Stock",$43.33,-0.20,-0.459%,5459580000.0,United States,2021.0,585535.0,Real Estate,Real Estate Investment Trusts,OPERATING_COMMON_EQUITY,False,FRESH
PEGA,Pegasystems Inc. Common Stock,$28.60,1.78,6.637%,4701981427.0,United States,1996.0,500605.0,Technology,EDP Services,OPERATING_COMMON_EQUITY,False,FRESH
PENG,"Penguin Solutions, Inc. Common Stock",$52.49,-1.36,-2.526%,2689729271.0,United States,2017.0,421597.0,Technology,Semiconductors,OPERATING_COMMON_EQUITY,False,FRESH
PENN,"PENN Entertainment, Inc. Common Stock",$21.18,0.70,3.418%,2834802598.0,United States,1994.0,3012529.0,Consumer Discretionary,Hotels/Resorts,OPERATING_COMMON_EQUITY,False,FRESH
PEP,"PepsiCo, Inc. Common Stock",$139.79,3.15,2.305%,190798190893.0,United States,,8896370.0,Consumer Staples,Beverages (Production/Distribution),OPERATING_COMMON_EQUITY,False,FRESH
PERI,Perion Network Ltd. Ordinary Shares,$9.43,0.11,1.18%,370884908.0,Israel,2006.0,631135.0,Technology,EDP Services,FOREIGN_OR_DEPOSITARY,False,FRESH
PESI,"Perma-Fix Environmental Services, Inc. Common Stock",$15.68,-0.30,-1.877%,332471695.0,,,,,,OPERATING_COMMON_EQUITY,False,FRESH
PFG,Principal Financial Group Inc Common Stock,$111.29,1.89,1.728%,24040018215.0,United States,2001.0,1036927.0,Finance,Accident &Health Insurance,OPERATING_COMMON_EQUITY,False,FRESH
PFIS,Peoples Financial Services Corp. Common Stock,$70.25,0.81,1.166%,703264390.0,United States,,34286.0,Finance,Major Banks,OPERATING_COMMON_EQUITY,False,FRESH
PGC,Peapack-Gladstone Financial Corporation Common Stock,$47.04,0.66,1.423%,833472501.0,United States,,108588.0,Finance,Commercial Banks,OPERATING_COMMON_EQUITY,False,FRESH
PGEN,"Precigen, Inc. Common Stock",$5.42,0.02,0.37%,1932289512.0,United States,,2865517.0,Health Care,Biotechnology: Pharmaceutical Preparations,OPERATING_COMMON_EQUITY,False,FRESH
PGNY,"Progyny, Inc. Common Stock",$31.59,0.40,1.282%,2474519568.0,United States,2019.0,1167007.0,Health Care,Misc Health and Biotechnology Services,OPERATING_COMMON_EQUITY,True,FRESH
PGY,Pagaya Technologies Ltd. Class A Ordinary Shares,$16.96,1.07,6.734%,1406398384.0,United States,,1245578.0,Finance,Finance: Consumer Services,FOREIGN_OR_DEPOSITARY,False,FRESH
PHAR,"Pharming Group N.V. ADS, each representing 10 ordinary shares",$13.013,0.398,3.155%,919046118.0,Netherlands,,3566.0,Health Care,Biotechnology: Pharmaceutical Preparations,FOREIGN_OR_DEPOSITARY,False,FRESH
PHAT,"Phathom Pharmaceuticals, Inc. Common Stock",$11.95,0.51,4.458%,953083638.0,,,,,,OPERATING_COMMON_EQUITY,False,FRESH
PHOE,Phoenix Asia Holdings Limited Ordinary Shares,$20.01,0.01,0.05%,432216000.0,,,,,,FOREIGN_OR_DEPOSITARY,False,MISSING
PHVS,Pharvaris N.V. Ordinary Shares,$33.97,-0.20,-0.585%,2366569408.0,Netherlands,2021.0,40381.0,Health Care,Biotechnology: Pharmaceutical Preparations,FOREIGN_OR_DEPOSITARY,False,FRESH
PI,"Impinj, Inc. Common Stock",$130.29,2.74,2.148%,3968527214.0,United States,2016.0,495539.0,Technology,Industrial Machinery/Components,OPERATING_COMMON_EQUITY,False,FRESH
PICS,PicS N.V. Class A Common Shares,$12.72,0.87,7.342%,1648353547.0,,,,,,OPERATING_COMMON_EQUITY,False,FRESH
PKBK,"Parke Bancorp, Inc. Common Stock",$33.44,0.21,0.632%,392282968.0,,,,,,OPERATING_COMMON_EQUITY,False,FRESH
PKOH,Park-Ohio Holdings Corp. Common Stock,$39.10,0.63,1.638%,562968408.0,,,,,,OPERATING_COMMON_EQUITY,False,FRESH
PLAB,"Photronics, Inc. Common Stock",$29.78,-0.55,-1.813%,1755938926.0,United States,1987.0,431776.0,Technology,Semiconductors,OPERATING_COMMON_EQUITY,False,FRESH
PLAY,"Dave & Buster's Entertainment, Inc. Common Stock",$10.43,0.56,5.674%,362846078.0,United States,2014.0,675354.0,Consumer Discretionary,Restaurants,OPERATING_COMMON_EQUITY,False,FRESH
PLBC,Plumas Bancorp,$61.45,0.12,0.196%,428191957.0,,,,,,OPERATING_COMMON_EQUITY,False,FRESH
PLBL,Polibeli Group Ltd Class A Ordinary Shares,$7.19,-0.355,-4.705%,2634325909.0,,,,,,FOREIGN_OR_DEPOSITARY,False,MISSING
PLMR,"Palomar Holdings, Inc. Common stock",$140.80,3.24,2.355%,3731745037.0,United States,2019.0,174858.0,Finance,Property-Casualty Insurers,OPERATING_COMMON_EQUITY,True,FRESH
PLPC,Preformed Line Products Company Common Stock,$311.81,0.59,0.19%,1524131022.0,United States,,11141.0,Industrials,Water Sewer Pipeline Comm & Power Line Construction,OPERATING_COMMON_EQUITY,False,FRESH
PLSE,"Pulse Biosciences, Inc Common Stock (DE)",$32.79,2.56,8.468%,2269386456.0,United States,2016.0,175004.0,Health Care,Medical/Dental Instruments,OPERATING_COMMON_EQUITY,False,FRESH
PLTK,Playtika Holding Corp. Common Stock,$3.88,0.20,5.435%,1475872635.0,Israel,2021.0,1630685.0,Technology,EDP Services,OPERATING_COMMON_EQUITY,False,FRESH
PLTR,Palantir Technologies Inc. Class A Common Stock,$131.53,8.61,7.005%,315318444335.0,United States,,57003724.0,Technology,Computer Software: Prepackaged Software,OPERATING_COMMON_EQUITY,True,FRESH
PLUG,"Plug Power, Inc. Common Stock",$2.06,-0.03,-1.435%,2873842309.0,United States,1999.0,272111925.0,Energy,Industrial Machinery/Components,OPERATING_COMMON_EQUITY,False,FRESH
PLUS,ePlus inc. Common Stock,$89.10,0.08,0.09%,2487706660.0,United States,1996.0,161306.0,Technology,Retail: Computer Software & Peripheral Equipment,OPERATING_COMMON_EQUITY,False,FRESH
PLXS,Plexus Corp. Common Stock,$253.38,-1.07,-0.421%,6779541953.0,United States,,137638.0,Technology,Electrical Products,OPERATING_COMMON_EQUITY,False,FRESH
PNTG,"The Pennant Group, Inc. Common Stock ",$41.34,0.18,0.437%,1437290806.0,United States,,206799.0,Health Care,Medical/Nursing Services,OPERATING_COMMON_EQUITY,False,FRESH
PODD,Insulet Corporation Common Stock,$165.00,1.74,1.066%,11428671210.0,United States,2007.0,836440.0,Health Care,Medical/Dental Instruments,OPERATING_COMMON_EQUITY,True,FRESH
POET,POET Technologies Inc. Common Shares,$7.09,0.20,2.903%,1084015652.0,Canada,,746967.0,Technology,Semiconductors,OPERATING_COMMON_EQUITY,False,FRESH
PONY,Pony AI Inc. American Depositary Shares ,$7.38,0.25,3.506%,3199536661.0,China,2024.0,9171811.0,Technology,EDP Services,FOREIGN_OR_DEPOSITARY,False,FRESH
POOL,Pool Corporation Common Stock,$184.61,0.84,0.457%,6727742784.0,United States,1995.0,825606.0,Consumer Discretionary,Industrial Specialties,OPERATING_COMMON_EQUITY,False,FRESH
POWI,"Power Integrations, Inc. Common Stock",$63.41,-0.05,-0.079%,3533204185.0,United States,1997.0,641359.0,Technology,Semiconductors,OPERATING_COMMON_EQUITY,False,FRESH
POWL,"Powell Industries, Inc. Common Stock",$219.23,-12.98,-5.59%,7986910410.0,United States,,295745.0,Energy,Electrical Products,OPERATING_COMMON_EQUITY,True,FRESH
PPC,Pilgrim's Pride Corporation Common Stock,$29.19,0.51,1.778%,6944941458.0,United States,,1386906.0,Consumer Staples,Meat/Poultry/Fish,OPERATING_COMMON_EQUITY,False,FRESH
PPLI,People Incorporated Common Stock,$42.34,0.65,1.559%,3149566581.0,,,,,,OPERATING_COMMON_EQUITY,False,FRESH
PPTA,Perpetua Resources Corp. Common Shares,$18.24,0.40,2.242%,2281723735.0,Canada,,1147903.0,Basic Materials,Precious Metals,OPERATING_COMMON_EQUITY,False,FRESH
PRAA,"PRA Group, Inc. Common Stock",$17.91,0.93,5.477%,683103304.0,United States,2002.0,619086.0,Finance,Finance: Consumer Services,OPERATING_COMMON_EQUITY,False,FRESH
PRAX,"Praxis Precision Medicines, Inc. Common Stock",$315.80,-9.50,-2.92%,8804116829.0,United States,2020.0,267491.0,Health Care,Biotechnology: Pharmaceutical Preparations,OPERATING_COMMON_EQUITY,False,FRESH
PRCH,"Porch Group, Inc. Common Stock",$12.71,0.87,7.348%,1623263725.0,United States,2020.0,2545859.0,Technology,Computer Software: Prepackaged Software,OPERATING_COMMON_EQUITY,False,FRESH
PRCT,PROCEPT BioRobotics Corporation Common Stock,$17.69,1.00,5.992%,1006894350.0,United States,2021.0,1547306.0,Health Care,Medical/Dental Instruments,OPERATING_COMMON_EQUITY,False,FRESH
PRDO,Perdoceo Education Corporation Common Stock,$31.72,1.36,4.48%,1988943379.0,United States,,324468.0,Real Estate,Other Consumer Services,OPERATING_COMMON_EQUITY,False,FRESH
PRE,Prenetics Global Limited Class A Ordinary Share,$18.93,0.19,1.014%,324525755.0,,,,,,FOREIGN_OR_DEPOSITARY,False,FRESH
PRGS,Progress Software Corporation Common Stock (DE),$38.66,0.81,2.14%,1585560338.0,United States,1991.0,359858.0,Technology,Computer Software: Prepackaged Software,OPERATING_COMMON_EQUITY,False,FRESH
PRLD,Prelude Therapeutics Incorporated Common Stock,$3.89,0.06,1.567%,309820244.0,,,,,,OPERATING_COMMON_EQUITY,False,FRESH
PRME,"Prime Medicine, Inc. Common Stock",$3.01,0.06,2.034%,543658528.0,,,,,,OPERATING_COMMON_EQUITY,False,FRESH
PROK,ProKidney Corp. Class A Ordinary Shares,$1.54,0.04,2.667%,465171824.0,,,,,,FOREIGN_OR_DEPOSITARY,False,FRESH
PRTA,Prothena Corporation plc Ordinary Shares,$8.70,-0.05,-0.571%,455473162.0,United States,,1170871.0,Health Care,Biotechnology: Pharmaceutical Preparations,FOREIGN_OR_DEPOSITARY,False,FRESH
PRTH,"Priority Technology Holdings, Inc. Common Stock",$6.53,0.24,3.816%,537779260.0,United States,2016.0,518196.0,Consumer Discretionary,Business Services,OPERATING_COMMON_EQUITY,False,FRESH
PRVA,"Privia Health Group, Inc. Common Stock",$24.67,-0.83,-3.255%,3108725267.0,United States,2021.0,708330.0,Health Care,Medical/Nursing Services,OPERATING_COMMON_EQUITY,False,FRESH
PSEC,Prospect Capital Corporation Common Stock,$2.23,0.11,5.189%,1117247066.0,United States,2004.0,2936499.0,Finance,Finance: Consumer Services,OPERATING_COMMON_EQUITY,False,FRESH
PSIX,"Power Solutions International, Inc. Common Stock",$30.06,0.10,0.334%,692896527.0,United States,,409476.0,Industrials,Industrial Machinery/Components,OPERATING_COMMON_EQUITY,False,FRESH
PSKY,Paramount Skydance Corporation Class B Common Stock,$8.03,-0.18,-2.192%,8986959656.0,,,,,,OPERATING_COMMON_EQUITY,False,FRESH
PSMT,"PriceSmart, Inc. Common Stock",$188.37,2.13,1.144%,5813196906.0,United States,,177570.0,Consumer Discretionary,Department/Specialty Retail Stores,OPERATING_COMMON_EQUITY,False,FRESH
PSNL,"Personalis, Inc. Common Stock",$11.98,0.20,1.698%,1254558754.0,United States,2019.0,427833.0,Health Care,Medical Specialities,OPERATING_COMMON_EQUITY,False,FRESH
PSNY,Polestar Automotive Holding UK PLC Class A ADS,$14.05,0.375,2.742%,2047014722.0,Sweden,,6027137.0,Consumer Discretionary,Auto Manufacturing,FOREIGN_OR_DEPOSITARY,False,STALE
PSNYW,Polestar Automotive Holding UK PLC Class C-1 ADS (ADW),$2.5899,-0.2001,-7.172%,377335475.0,Sweden,,94733.0,Consumer Discretionary,Auto Manufacturing,FOREIGN_OR_DEPOSITARY,False,MISSING
PTC,PTC Inc. Common Stock,$125.21,6.69,5.645%,14462480091.0,United States,,656218.0,Technology,Computer Software: Prepackaged Software,OPERATING_COMMON_EQUITY,False,FRESH
PTCT,"PTC Therapeutics, Inc. Common Stock",$75.80,-1.02,-1.328%,6287559820.0,United States,2013.0,1556085.0,Health Care,Biotechnology: Pharmaceutical Preparations,OPERATING_COMMON_EQUITY,True,FRESH
PTEN,"Patterson-UTI Energy, Inc. Common Stock",$9.41,-0.79,-7.745%,3572202115.0,United States,1993.0,11265166.0,Energy,Oil & Gas Production,OPERATING_COMMON_EQUITY,False,FRESH
PTGX,"Protagonist Therapeutics, Inc. Common Stock",$135.56,-0.55,-0.404%,8718049724.0,United States,2016.0,647034.0,Health Care,Biotechnology: Pharmaceutical Preparations,OPERATING_COMMON_EQUITY,False,FRESH
PTLO,Portillo's Inc. Class A Common Stock,$4.67,0.32,7.356%,354011704.0,United States,2021.0,3668226.0,Consumer Discretionary,Restaurants,OPERATING_COMMON_EQUITY,False,FRESH
PTON,"Peloton Interactive, Inc. Class A Common Stock",$6.26,0.18,2.961%,2710529451.0,United States,2019.0,12486983.0,Consumer Discretionary,Recreational Games/Products/Toys,OPERATING_COMMON_EQUITY,False,FRESH
PTRN,Pattern Group Inc. Series A Common Stock,$23.29,1.12,5.052%,4119211120.0,,,,,,OPERATING_COMMON_EQUITY,False,FRESH
PUBM,"PubMatic, Inc. Class A Common Stock",$12.79,0.27,2.157%,594010127.0,United States,2020.0,585945.0,Technology,Computer Software: Programming Data Processing,OPERATING_COMMON_EQUITY,False,FRESH
PURR,Hyperliquid Strategies Inc Common Stock,$6.34,0.15,2.423%,1271573801.0,,,,,,OPERATING_COMMON_EQUITY,False,FRESH
PVLA,"Palvella Therapeutics, Inc. Common Stock",$141.77,3.76,2.724%,2033384994.0,,,,,,OPERATING_COMMON_EQUITY,False,FRESH
PWP,Perella Weinberg Partners Class A Common Stock,$16.17,0.50,3.191%,1502750428.0,United States,2020.0,968577.0,Finance,Finance: Consumer Services,OPERATING_COMMON_EQUITY,False,FRESH
PYPL,"PayPal Holdings, Inc. Common Stock",$56.07,-0.08,-0.142%,49459654993.0,United States,,8717851.0,Consumer Discretionary,Business Services,OPERATING_COMMON_EQUITY,False,FRESH
PZZA,"Papa John's International, Inc. Common Stock",$30.29,-0.08,-0.263%,996602004.0,United States,1993.0,1427660.0,Consumer Discretionary,Restaurants,OPERATING_COMMON_EQUITY,False,FRESH
QBTS,D-Wave Quantum Inc. Common Stock,$19.51,3.30,20.358%,7155050596.0,,,,,,OPERATING_COMMON_EQUITY,False,MISSING
QCOM,QUALCOMM Incorporated Common Stock,$170.04,3.07,1.839%,179222160000.0,United States,1991.0,6667966.0,Technology,Radio And Television Broadcasting And Communications Equipment,OPERATING_COMMON_EQUITY,False,FRESH
QCRH,"QCR Holdings, Inc. Common Stock",$100.16,0.01,0.01%,1653620466.0,United States,,119614.0,Finance,Major Banks,OPERATING_COMMON_EQUITY,False,FRESH
QDEL,QuidelOrtho Corporation Common Stock,$16.83,0.78,4.86%,1147654345.0,United States,,1056565.0,Health Care,Biotechnology: In Vitro & In Vivo Diagnostic Substances,OPERATING_COMMON_EQUITY,False,FRESH
QFIN,"Qfin Holdings, Inc. American Depositary Shares",$13.56,0.37,2.805%,1650955547.0,China,2018.0,1408367.0,Finance,Finance: Consumer Services,FOREIGN_OR_DEPOSITARY,False,FRESH
QLYS,"Qualys, Inc. Common Stock",$134.79,-2.69,-1.957%,4756732226.0,United States,2012.0,312104.0,Technology,Computer Software: Prepackaged Software,OPERATING_COMMON_EQUITY,False,FRESH
QMCO,Quantum Corporation Common Stock,$10.97,-0.13,-1.171%,431938265.0,,,,,,OPERATING_COMMON_EQUITY,False,FRESH
QNST,"QuinStreet, Inc. Common Stock",$15.54,0.39,2.574%,892701050.0,United States,2010.0,677107.0,Consumer Discretionary,Business Services,OPERATING_COMMON_EQUITY,False,FRESH
QNT,Quantinuum Inc. Class A Common Stock,$52.83,0.54,1.033%,13787084036.0,,,,,,OPERATING_COMMON_EQUITY,False,MISSING
QRVO,"Qorvo, Inc. Common Stock",$89.76,3.25,3.757%,7918243656.0,United States,,1290182.0,Technology,Semiconductors,OPERATING_COMMON_EQUITY,False,FRESH
QS,QuantumScape Corporation Class A Common Stock,$5.18,0.295,6.039%,3186451494.0,,,,,,OPERATING_COMMON_EQUITY,False,FRESH
QTTB,Q32 Bio Inc. Common Stock,$15.21,0.06,0.396%,452710425.0,,,,,,OPERATING_COMMON_EQUITY,False,FRESH
QUBT,Quantum Computing Inc. Common Stock,$7.96,0.53,7.133%,1795258497.0,United States,,92117476.0,Technology,Computer Software: Prepackaged Software,OPERATING_COMMON_EQUITY,False,FRESH
QURE,uniQure N.V. Ordinary Shares,$38.21,-0.76,-1.95%,2409808602.0,Netherlands,2014.0,1617881.0,Health Care,Biotechnology: Pharmaceutical Preparations,FOREIGN_OR_DEPOSITARY,False,FRESH
RAPP,"Rapport Therapeutics, Inc. Common Stock",$42.125,1.445,3.552%,2014709384.0,United States,2024.0,163466.0,Health Care,Biotechnology: Pharmaceutical Preparations,OPERATING_COMMON_EQUITY,False,FRESH
RARE,Ultragenyx Pharmaceutical Inc. Common Stock,$26.89,-0.01,-0.037%,2648375233.0,United States,2014.0,616692.0,Health Care,Biotechnology: Pharmaceutical Preparations,OPERATING_COMMON_EQUITY,False,FRESH
RBB,RBB Bancorp Common Stock,$26.56,0.28,1.065%,449817185.0,United States,2017.0,36907.0,Finance,Major Banks,OPERATING_COMMON_EQUITY,False,FRESH
RBBN,Ribbon Communications Inc. Common Stock,$2.04,0.03,1.493%,359323697.0,United States,,398285.0,Technology,EDP Services,OPERATING_COMMON_EQUITY,False,FRESH
RBCAA,"Republic Bancorp, Inc. Class A Common Stock",$97.03,3.40,3.631%,1903508342.0,United States,1998.0,26780.0,Finance,Major Banks,OPERATING_COMMON_EQUITY,False,FRESH
RCAT,"Red Cat Holdings, Inc. Common Stock",$7.79,0.15,1.963%,956162992.0,United States,,5004353.0,Technology,Computer Software: Prepackaged Software,OPERATING_COMMON_EQUITY,False,FRESH
RCKT,"Rocket Pharmaceuticals, Inc. Common Stock",$3.25,0.06,1.881%,354879034.0,United States,2015.0,3236039.0,Health Care,Biotechnology: Pharmaceutical Preparations,OPERATING_COMMON_EQUITY,False,FRESH
RCKY,"Rocky Brands, Inc. Common Stock",$41.54,1.17,2.898%,313268219.0,,,,,,OPERATING_COMMON_EQUITY,False,FRESH
RDNT,"RadNet, Inc. Common Stock",$61.51,-0.06,-0.097%,4836791856.0,United States,,671425.0,Health Care,Medical Specialities,OPERATING_COMMON_EQUITY,False,FRESH
RDVT,"Red Violet, Inc. Common Stock ",$63.005,2.145,3.524%,888932568.0,United States,,171207.0,Technology,Computer Software: Prepackaged Software,OPERATING_COMMON_EQUITY,False,FRESH
RDWR,Radware Ltd. Ordinary Shares,$29.30,-0.21,-0.712%,1239594221.0,Israel,1999.0,81012.0,Consumer Discretionary,Business Services,FOREIGN_OR_DEPOSITARY,False,STALE
REAL,"The RealReal, Inc. Common Stock",$11.66,0.53,4.762%,1404886908.0,United States,2019.0,2675901.0,Consumer Discretionary,Other Specialty Stores,OPERATING_COMMON_EQUITY,False,FRESH
REAX,"The Real Brokerage, Inc. Common Shares",$1.76,0.07,4.142%,383581686.0,Canada,,4475997.0,Finance,Real Estate,OPERATING_COMMON_EQUITY,False,FRESH
REG,Regency Centers Corporation Common Stock,$82.34,0.19,0.231%,15076189689.0,United States,1993.0,962901.0,Real Estate,Real Estate Investment Trusts,OPERATING_COMMON_EQUITY,False,FRESH
REGN,"Regeneron Pharmaceuticals, Inc. Common Stock",$667.17,11.16,1.701%,69945456979.0,United States,1991.0,936922.0,Health Care,Biotechnology: Pharmaceutical Preparations,OPERATING_COMMON_EQUITY,False,FRESH
RELY,"Remitly Global, Inc. Common Stock",$22.66,0.13,0.577%,4771314050.0,United States,2021.0,3152805.0,Consumer Discretionary,Business Services,OPERATING_COMMON_EQUITY,False,FRESH
REPL,"Replimune Group, Inc. Common Stock",$8.63,-1.07,-11.031%,724611210.0,United States,2018.0,1689093.0,Health Care,Biotechnology: Biological Products (No Diagnostic Substances),OPERATING_COMMON_EQUITY,False,FRESH
REYN,Reynolds Consumer Products Inc. Common Stock,$25.50,-0.11,-0.43%,5374568114.0,United States,2020.0,1118224.0,Consumer Discretionary,Containers/Packaging,OPERATING_COMMON_EQUITY,False,FRESH
RGC,Regencell Bioscience Holdings Limited Ordinary Shares,$5.83,0.11,1.923%,2882870334.0,Hong Kong,2021.0,35469.0,Health Care, Medicinal Chemicals and Botanical Products ,FOREIGN_OR_DEPOSITARY,False,MISSING
RGEN,Repligen Corporation Common Stock,$131.06,-0.90,-0.682%,7392798404.0,United States,1986.0,1245890.0,Health Care,Biotechnology: Biological Products (No Diagnostic Substances),OPERATING_COMMON_EQUITY,False,FRESH
RGLD,"Royal Gold, Inc. Common Stock",$201.02,0.06,0.03%,17059884334.0,United States,,606842.0,Industrials,Precious Metals,OPERATING_COMMON_EQUITY,False,FRESH
RGNX,REGENXBIO Inc. Common Stock,$9.71,-0.02,-0.206%,501983900.0,United States,2015.0,825335.0,Health Care,Biotechnology: Biological Products (No Diagnostic Substances),OPERATING_COMMON_EQUITY,False,FRESH
RGTI,"Rigetti Computing, Inc. Common Stock",$15.64,1.49,10.53%,5198717341.0,United States,,67589802.0,Technology,EDP Services,OPERATING_COMMON_EQUITY,False,FRESH
RIGL,"Rigel Pharmaceuticals, Inc. Common Stock",$37.39,0.65,1.769%,691792771.0,United States,2000.0,204943.0,Health Care,Biotechnology: Pharmaceutical Preparations,OPERATING_COMMON_EQUITY,False,FRESH
RIOT,"Riot Platforms, Inc. Common Stock ",$21.97,-0.56,-2.486%,8300578128.0,United States,,36915527.0,Finance,Finance: Consumer Services,OPERATING_COMMON_EQUITY,False,FRESH
RIVN,"Rivian Automotive, Inc. Class A Common Stock",$16.48,0.64,4.04%,22193085245.0,United States,2021.0,32231922.0,Consumer Discretionary,Auto Manufacturing,OPERATING_COMMON_EQUITY,False,FRESH
RJET,Republic Airways Holdings Inc. Common Stock,$17.905,0.615,3.557%,838481768.0,,,,,,OPERATING_COMMON_EQUITY,False,FRESH
RKLB,Rocket Lab Corporation Common Stock,$66.94,3.03,4.741%,38749388777.0,United States,2020.0,24452924.0,Industrials,Military/Government/Technical,OPERATING_COMMON_EQUITY,False,FRESH
RLAY,"Relay Therapeutics, Inc. Common Stock",$18.64,0.20,1.085%,3571166116.0,United States,2020.0,1283125.0,Health Care,Biotechnology: Biological Products (No Diagnostic Substances),OPERATING_COMMON_EQUITY,False,FRESH
RLMD,"Relmada Therapeutics, Inc. Common Stock",$5.20,0.02,0.386%,545429160.0,,,,,,OPERATING_COMMON_EQUITY,False,FRESH
RMBS,Rambus Inc. Common Stock,$96.42,0.41,0.427%,10426566358.0,United States,1997.0,870750.0,Technology,Semiconductors,OPERATING_COMMON_EQUITY,True,FRESH
RMIX,"Suncrete, Inc. Class A Common Stock",$17.69,0.13,0.74%,1266633224.0,,,,,,OPERATING_COMMON_EQUITY,False,FRESH
RMNI,"Rimini Street, Inc. (DE) Common Stock",$4.67,0.26,5.896%,432255200.0,United States,2015.0,231028.0,Consumer Discretionary,Business Services,OPERATING_COMMON_EQUITY,False,FRESH
RMR,The RMR Group Inc. Class A Common Stock,$20.35,0.33,1.648%,632750303.0,United States,,107887.0,Consumer Discretionary,Professional Services,OPERATING_COMMON_EQUITY,False,FRESH
RNW,ReNew Energy Global plc Class A Ordinary Shares,$6.03,-0.12,-1.951%,2187497938.0,United Kingdom,,568437.0,Utilities,Electric Utilities: Central,FOREIGN_OR_DEPOSITARY,False,FRESH
ROAD,"Construction Partners, Inc. Class A Common Stock",$105.05,1.76,1.704%,5938974647.0,United States,2018.0,630101.0,Industrials,Military/Government/Technical,OPERATING_COMMON_EQUITY,False,FRESH
ROCK,"Gibraltar Industries, Inc. Common Stock",$45.91,0.72,1.593%,1361778701.0,United States,1993.0,1383289.0,Industrials,Steel/Iron Ore,OPERATING_COMMON_EQUITY,False,FRESH
ROIV,Roivant Sciences Ltd. Common Shares,$34.72,-0.29,-0.828%,24973067767.0,United Kingdom,,3710020.0,Health Care,Biotechnology: Pharmaceutical Preparations,OPERATING_COMMON_EQUITY,False,FRESH
ROKU,"Roku, Inc. Class A Common Stock",$142.92,0.95,0.669%,21092645968.0,United States,2017.0,2116061.0,Telecommunications,Cable & Other Pay Television Services,OPERATING_COMMON_EQUITY,True,FRESH
ROMA,Roma Green Finance Limited Class A Ordinary Shares,$9.255,0.025,0.271%,551270105.0,,,,,,FOREIGN_OR_DEPOSITARY,False,MISSING
ROOT,"Root, Inc. Class A Common Stock",$59.65,1.70,2.934%,944038556.0,United States,2020.0,279953.0,Finance,Property-Casualty Insurers,OPERATING_COMMON_EQUITY,True,FRESH
ROP,"Roper Technologies, Inc. Common Stock",$375.02,7.68,2.091%,37846027972.0,United States,1992.0,611453.0,Industrials,Industrial Machinery/Components,OPERATING_COMMON_EQUITY,False,FRESH
ROST,"Ross Stores, Inc. Common Stock",$243.35,4.46,1.867%,78062074845.0,United States,1985.0,2065028.0,Consumer Discretionary,Clothing/Shoe/Accessory Stores,OPERATING_COMMON_EQUITY,False,FRESH
RPAY,Repay Holdings Corporation Class A Common Stock,$4.04,0.24,6.316%,362279235.0,United States,2018.0,3633872.0,Consumer Discretionary,Business Services,OPERATING_COMMON_EQUITY,False,FRESH
RPD,"Rapid7, Inc. Common Stock",$9.62,0.13,1.37%,642910545.0,United States,2015.0,831548.0,Technology,Computer Software: Prepackaged Software,OPERATING_COMMON_EQUITY,False,FRESH
RPRX,Royalty Pharma plc Class A Ordinary Shares ,$58.73,-0.10,-0.17%,33818625341.0,United States,2020.0,4933510.0,Health Care,Biotechnology: Pharmaceutical Preparations,FOREIGN_OR_DEPOSITARY,False,FRESH
RR,Richtech Robotics Inc. Class B Common Stock,$1.50,-0.05,-3.226%,335393960.0,,,,,,OPERATING_COMMON_EQUITY,False,FRESH
RRBI,"Red River Bancshares, Inc. Common Stock",$99.72,0.23,0.231%,656625885.0,United States,2019.0,16855.0,Consumer Discretionary,Hotels/Resorts,OPERATING_COMMON_EQUITY,False,FRESH
RRR,"Red Rock Resorts, Inc. Class A Common Stock",$65.07,1.15,1.799%,6790148071.0,United States,2016.0,486947.0,Consumer Discretionary,Hotels/Resorts,OPERATING_COMMON_EQUITY,False,FRESH
RSVR,"Reservoir Media, Inc. Common Stock",$10.74,0.11,1.035%,705206808.0,United States,2021.0,54821.0,Consumer Discretionary,Services-Misc. Amusement & Recreation,OPERATING_COMMON_EQUITY,False,FRESH
RUM,RUM Group Inc. Class A Common Stock,$6.04,0.33,5.779%,2632706678.0,United States,2021.0,2271411.0,Technology,Computer Software: Programming Data Processing,OPERATING_COMMON_EQUITY,False,FRESH
RUN,Sunrun Inc. Common Stock,$9.98,0.04,0.402%,2380721884.0,United States,2015.0,12850052.0,Miscellaneous,Industrial Machinery/Components,OPERATING_COMMON_EQUITY,False,FRESH
RUSHA,"Rush Enterprises, Inc. Common Stock Cl A",$77.00,0.43,0.562%,5983846407.0,United States,,452032.0,Consumer Discretionary,Retail-Auto Dealers and Gas Stations,OPERATING_COMMON_EQUITY,False,FRESH
RUSHB,"Rush Enterprises, Inc. Class B",$76.50,0.47,0.618%,5944990262.0,United States,,25151.0,Consumer Discretionary,Retail-Auto Dealers and Gas Stations,OPERATING_COMMON_EQUITY,False,FRESH
RVMD,"Revolution Medicines, Inc. Common Stock",$188.07,-1.16,-0.613%,39983016608.0,United States,2020.0,2130663.0,Health Care,Biotechnology: Biological Products (No Diagnostic Substances),OPERATING_COMMON_EQUITY,False,FRESH
RXRX,"Recursion Pharmaceuticals, Inc. Class A Common Stock",$3.01,0.05,1.689%,1595014649.0,United States,2021.0,22727498.0,Health Care,Biotechnology: Biological Products (No Diagnostic Substances),OPERATING_COMMON_EQUITY,False,FRESH
RXT,"Rackspace Technology, Inc. Common Stock",$3.86,-0.08,-2.03%,980087196.0,,,,,,OPERATING_COMMON_EQUITY,False,FRESH
RYAAY,Ryanair Holdings plc American Depositary Shares,$57.47,0.62,1.091%,30242655854.0,Ireland,1997.0,2902506.0,Consumer Discretionary,Air Freight/Delivery Services,FOREIGN_OR_DEPOSITARY,False,FRESH
RYTM,"Rhythm Pharmaceuticals, Inc. Common Stock",$106.13,4.03,3.947%,7273365581.0,United States,2017.0,687673.0,Health Care,Biotechnology: Pharmaceutical Preparations,OPERATING_COMMON_EQUITY,False,FRESH
RZLT,"Rezolute, Inc. Common Stock (NV)",$4.94,-0.05,-1.002%,475684115.0,United States,,1113825.0,Health Care,Biotechnology: Pharmaceutical Preparations,OPERATING_COMMON_EQUITY,False,FRESH
RZLV,Rezolve AI PLC Ordinary Shares,$2.30,0.06,2.679%,920901062.0,United Kingdom,,5399169.0,Technology,Computer Software: Programming Data Processing,FOREIGN_OR_DEPOSITARY,False,MISSING
SABR,Sabre Corporation Common Stock,$1.78,0.12,7.229%,703657626.0,United States,2014.0,3926601.0,Technology,Computer Software: Programming Data Processing,OPERATING_COMMON_EQUITY,False,FRESH
SAFT,"Safety Insurance Group, Inc. Common Stock",$103.00,-0.20,-0.194%,1512393702.0,United States,2002.0,56917.0,Finance,Property-Casualty Insurers,OPERATING_COMMON_EQUITY,False,FRESH
SAIA,"Saia, Inc. Common Stock",$419.92,-3.76,-0.887%,11199776183.0,United States,,412859.0,Industrials,Trucking Freight/Courier Services,OPERATING_COMMON_EQUITY,False,FRESH
SAIC,Science Applications International Corporation Common Stock,$118.48,-0.51,-0.429%,5008957515.0,United States,,556532.0,Technology,EDP Services,OPERATING_COMMON_EQUITY,False,FRESH
SAIL,"SailPoint, Inc. Common Stock",$15.34,0.39,2.609%,8700587174.0,United States,2025.0,1924566.0,Technology,Computer Software: Prepackaged Software,OPERATING_COMMON_EQUITY,False,FRESH
SANA,"Sana Biotechnology, Inc. Common Stock",$3.28,0.10,3.145%,912796415.0,United States,2021.0,1272675.0,Health Care,Biotechnology: Biological Products (No Diagnostic Substances),OPERATING_COMMON_EQUITY,False,FRESH
SANM,Sanmina Corporation Common Stock,$208.90,0.47,0.225%,11196566842.0,United States,1993.0,218462.0,Technology,Electrical Products,OPERATING_COMMON_EQUITY,False,FRESH
SATL,Satellogic Inc. Class A Common Stock,$3.54,-0.05,-1.393%,524784103.0,Uruguay,,6211412.0,Technology,Radio And Television Broadcasting And Communications Equipment,OPERATING_COMMON_EQUITY,False,FRESH
SBAC,SBA Communications Corporation Class A Common Stock,$172.61,-0.96,-0.553%,18307537364.0,United States,1999.0,1084678.0,Real Estate,Real Estate Investment Trusts,OPERATING_COMMON_EQUITY,True,FRESH
SBC,SBC Medical Group Holdings Incorporated Common Stock,$3.19,0.13,4.248%,328081748.0,United States,2022.0,50127.0,Health Care,Medical/Nursing Services,OPERATING_COMMON_EQUITY,False,FRESH
SBCF,Seacoast Banking Corporation of Florida Common Stock,$33.26,-0.23,-0.687%,3234427637.0,United States,,443016.0,Finance,Major Banks,OPERATING_COMMON_EQUITY,False,FRESH
SBET,"Sharplink, Inc. Common Stock",$6.38,0.57,9.811%,1355082461.0,,,,,,OPERATING_COMMON_EQUITY,False,FRESH
SBGI,"Sinclair, Inc. Class A Common Stock",$13.49,UNCH,--,973513688.0,United States,1995.0,389556.0,Industrials,Broadcasting,OPERATING_COMMON_EQUITY,False,FRESH
SBLK,Star Bulk Carriers Corp. Common Shares,$27.10,-1.04,-3.696%,3022467065.0,Greece,,1417830.0,Consumer Discretionary,Marine Transportation,OPERATING_COMMON_EQUITY,False,FRESH
SBRA,"Sabra Health Care REIT, Inc. Common Stock",$22.39,0.03,0.134%,5646536227.0,United States,,2663448.0,Real Estate,Real Estate Investment Trusts,OPERATING_COMMON_EQUITY,False,FRESH
SBUX,Starbucks Corporation Common Stock,$103.65,0.40,0.387%,118129905000.0,United States,1992.0,13109490.0,Consumer Discretionary,Restaurants,OPERATING_COMMON_EQUITY,False,FRESH
SCHL,Scholastic Corporation Common Stock,$40.76,-2.39,-5.539%,886219246.0,United States,1992.0,254189.0,Consumer Discretionary,Books,OPERATING_COMMON_EQUITY,False,FRESH
SCSC,"ScanSource, Inc. Common Stock",$55.62,0.74,1.348%,1130450303.0,United States,,165861.0,Technology,Retail: Computer Software & Peripheral Equipment,OPERATING_COMMON_EQUITY,False,FRESH
SCTX,Scribe Therapeutics Inc. Common Stock,$18.97,-2.68,-12.379%,306972730.0,,,,,,OPERATING_COMMON_EQUITY,False,MISSING
SCZM,Santacruz Silver Mining Ltd. Common Shares,$6.31,0.02,0.318%,583616311.0,,,,,,OPERATING_COMMON_EQUITY,False,FRESH
SDGR,"Schrodinger, Inc. Common Stock",$15.28,0.31,2.071%,1141732663.0,United States,2020.0,944938.0,Health Care,Biotechnology: Pharmaceutical Preparations,OPERATING_COMMON_EQUITY,False,FRESH
SEDG,"SolarEdge Technologies, Inc. Common Stock",$43.09,0.49,1.15%,2620656324.0,Israel,2015.0,7286057.0,Technology,Semiconductors,OPERATING_COMMON_EQUITY,False,FRESH
SEIC,SEI Investments Company Common Stock,$101.52,2.30,2.318%,12210112524.0,United States,1981.0,765718.0,Finance,Investment Bankers/Brokers/Service,OPERATING_COMMON_EQUITY,False,FRESH
SENEA,Seneca Foods Corp. Class A Common Stock,$166.27,0.05,0.03%,1125721059.0,United States,,19806.0,Consumer Staples,Packaged Foods,OPERATING_COMMON_EQUITY,False,FRESH
SENEB,Seneca Foods Corp. Class B Common Stock,$163.10,UNCH,--,1104258764.0,United States,,982.0,Consumer Staples,Packaged Foods,OPERATING_COMMON_EQUITY,False,FRESH
SEPN,"Septerna, Inc. Common Stock",$33.49,0.39,1.178%,1509579600.0,United States,2024.0,2334234.0,Health Care,Biotechnology: Pharmaceutical Preparations,OPERATING_COMMON_EQUITY,False,FRESH
SERV,Serve Robotics Inc. Common Stock,$4.78,-0.03,-0.624%,369844355.0,United States,,10969819.0,Consumer Discretionary,Industrial Specialties,OPERATING_COMMON_EQUITY,False,FRESH
SEZL,Sezzle Inc. Common Stock,$156.78,2.89,1.878%,5272044039.0,United States,,1026029.0,Consumer Discretionary,Business Services,OPERATING_COMMON_EQUITY,True,FRESH
SFD,"Smithfield Foods, Inc. Common Stock",$26.58,0.32,1.219%,10458625651.0,United States,2025.0,699105.0,Consumer Staples,Meat/Poultry/Fish,OPERATING_COMMON_EQUITY,False,FRESH
SFIX,"Stitch Fix, Inc. Class A Common Stock",$4.02,0.44,12.291%,536371941.0,United States,2017.0,1065799.0,Consumer Discretionary,Catalog/Specialty Distribution,OPERATING_COMMON_EQUITY,False,FRESH
SFM,"Sprouts Farmers Market, Inc. Common Stock",$76.84,1.95,2.604%,7226364089.0,United States,2013.0,1540723.0,Consumer Staples,Food Chains,OPERATING_COMMON_EQUITY,False,FRESH
SFNC,Simmons First National Corporation Class A Common Stock,$22.97,-0.21,-0.906%,3332124881.0,United States,,582648.0,Finance,Major Banks,OPERATING_COMMON_EQUITY,False,FRESH
SFST,"Southern First Bancshares, Inc. Common Stock",$61.59,0.10,0.163%,582343612.0,United States,,22695.0,Finance,Major Banks,OPERATING_COMMON_EQUITY,False,FRESH
SGML,Sigma Lithium Corporation Common Shares,$9.95,0.32,3.323%,1117845814.0,Canada,,3335992.0,Basic Materials,Metal Mining,OPERATING_COMMON_EQUITY,False,FRESH
SGMT,Sagimet Biosciences Inc. Series A Common Stock,$7.45,0.38,5.375%,460050962.0,,,,,,OPERATING_COMMON_EQUITY,False,FRESH
SGP,"SpyGlass Pharma, Inc. Common Stock",$20.82,0.33,1.611%,696082451.0,,,,,,OPERATING_COMMON_EQUITY,False,FRESH
SGRY,"Surgery Partners, Inc. Common Stock",$15.17,-0.56,-3.56%,1984207207.0,United States,2015.0,962869.0,Health Care,Hospital/Nursing Management,OPERATING_COMMON_EQUITY,False,FRESH
SHAZ,"SharonAI Holdings, Inc. Class A Common Stock",$58.79,-6.10,-9.401%,2081461537.0,,,,,,OPERATING_COMMON_EQUITY,False,FRESH
SHBI,Shore Bancshares Inc Common Stock,$23.90,0.29,1.228%,799596751.0,United States,,112439.0,Finance,Major Banks,OPERATING_COMMON_EQUITY,False,FRESH
SHC,Sotera Health Company Common Stock,$17.24,-0.11,-0.634%,4916278977.0,United States,2020.0,948002.0,Health Care,Misc Health and Biotechnology Services,OPERATING_COMMON_EQUITY,False,FRESH
SHEN,Shenandoah Telecommunications Co Common Stock,$11.52,0.10,0.876%,637309452.0,United States,,214226.0,Telecommunications,Telecommunications Equipment,OPERATING_COMMON_EQUITY,False,FRESH
SHIP,Seanergy Maritime Holdings Corp. Common Stock,$16.14,-0.04,-0.247%,349724716.0,,,,,,OPERATING_COMMON_EQUITY,False,FRESH
SHLS,"Shoals Technologies Group, Inc. Class A Common Stock",$9.385,-0.005,-0.053%,1574538503.0,United States,2021.0,11166499.0,Technology,Semiconductors,OPERATING_COMMON_EQUITY,False,FRESH
SHOE,"Shoe Station Group, Inc. Common Stock",$15.11,0.56,3.849%,410256264.0,,,,,,OPERATING_COMMON_EQUITY,False,FRESH
SHOO,"Steven Madden, Ltd. Common Stock",$43.525,0.775,1.813%,3181043602.0,United States,1993.0,1813237.0,Consumer Discretionary,Shoe Manufacturing,OPERATING_COMMON_EQUITY,False,FRESH
SHOP,Shopify Inc. Class A Subordinate Voting Shares,$126.88,13.13,11.543%,164412502852.0,Canada,,96081410.0,Technology,Computer Software: Prepackaged Software,OPERATING_COMMON_EQUITY,False,FRESH
SIBN,"SI-BONE, Inc. Common Stock",$17.05,0.43,2.587%,756155275.0,United States,2018.0,795836.0,Health Care,Medical/Dental Instruments,OPERATING_COMMON_EQUITY,False,FRESH
SIFY,Sify Technologies Limited American Depositary Shares,$14.52,0.41,2.906%,1051750610.0,India,,39310.0,Technology,Computer Software: Programming Data Processing,FOREIGN_OR_DEPOSITARY,False,FRESH
SIGI,"Selective Insurance Group, Inc. Common Stock",$92.78,-3.55,-3.685%,5554694066.0,United States,,301497.0,Finance,Property-Casualty Insurers,OPERATING_COMMON_EQUITY,False,FRESH
SIMO,Silicon Motion Technology Corporation American Depositary Shares,$244.45,-26.45,-9.764%,8288770266.0,Taiwan,2005.0,1207464.0,Technology,Semiconductors,FOREIGN_OR_DEPOSITARY,False,FRESH
SION,"Sionna Therapeutics, Inc. Common Stock",$45.38,-0.32,-0.70%,2048921975.0,United States,2025.0,190842.0,Health Care,Biotechnology: Pharmaceutical Preparations,OPERATING_COMMON_EQUITY,False,FRESH
SIRI,SiriusXM Holdings Inc. Common Stock,$31.22,1.42,4.765%,10509274402.0,United States,,3542695.0,Consumer Discretionary,Broadcasting,OPERATING_COMMON_EQUITY,False,FRESH
SITM,SiTime Corporation Common Stock,$522.67,-31.79,-5.734%,15656851116.0,United States,2019.0,352052.0,Technology,Semiconductors,OPERATING_COMMON_EQUITY,True,FRESH
SKHY,SK hynix Inc. American Depositary Shares,$143.02,-11.55,-7.472%,1042423438100.0,,,,,,FOREIGN_OR_DEPOSITARY,False,MISSING
SKWD,"Skyward Specialty Insurance Group, Inc. Common Stock",$61.45,0.99,1.637%,2491371344.0,United States,2023.0,299662.0,Finance,Property-Casualty Insurers,OPERATING_COMMON_EQUITY,False,FRESH
SKYT,"SkyWater Technology, Inc. Common Stock",$31.59,0.97,3.168%,1554373377.0,United States,2021.0,1367788.0,Technology,Semiconductors,OPERATING_COMMON_EQUITY,False,FRESH
SKYW,"SkyWest, Inc. Common Stock",$110.29,6.64,6.406%,4374132391.0,United States,1986.0,289372.0,Consumer Discretionary,Air Freight/Delivery Services,OPERATING_COMMON_EQUITY,False,FRESH
SLAB,"Silicon Laboratories, Inc. Common Stock",$217.29,0.41,0.189%,7166620320.0,United States,2000.0,513274.0,Technology,Semiconductors,OPERATING_COMMON_EQUITY,False,FRESH
SLBT,SL Science Holding Limited Ordinary Shares,$2.76,-0.36,-11.538%,1547696929.0,,,,,,FOREIGN_OR_DEPOSITARY,False,MISSING
SLDB,Solid Biosciences Inc. Common Stock,$7.89,0.06,0.766%,776767391.0,,,,,,OPERATING_COMMON_EQUITY,False,FRESH
SLDE,"Slide Insurance Holdings, Inc. Common Stock",$20.85,0.59,2.912%,2388560279.0,,,,,,OPERATING_COMMON_EQUITY,False,FRESH
SLDP,"Solid Power, Inc. Class A Common Stock",$2.14,0.06,2.885%,481465101.0,,,,,,OPERATING_COMMON_EQUITY,False,FRESH
SLM,SLM Corporation Common Stock,$25.42,1.13,4.652%,4777611672.0,United States,,1568412.0,Finance,Finance: Consumer Services,OPERATING_COMMON_EQUITY,False,FRESH
SLN,Silence Therapeutics Plc American Depository Share,$12.07,1.05,9.528%,564876000.0,,,,,,FOREIGN_OR_DEPOSITARY,False,FRESH
SLP,"Simulations Plus, Inc. Common Stock",$18.33,-0.01,-0.055%,370721281.0,United States,,211299.0,Technology,EDP Services,OPERATING_COMMON_EQUITY,False,FRESH
SLRC,SLR Investment Corp. Common Stock,$12.93,-0.01,-0.077%,705391418.0,United States,2010.0,117856.0,Finance,Finance/Investors Services,OPERATING_COMMON_EQUITY,False,FRESH
SLS,"SELLAS Life Sciences Group, Inc. Common Stock",$10.835,-0.485,-4.284%,2015662939.0,,,,,,OPERATING_COMMON_EQUITY,False,FRESH
SMBC,"Southern Missouri Bancorp, Inc. Common Stock",$77.55,-0.08,-0.103%,854262262.0,United States,,38004.0,Finance,Banks,OPERATING_COMMON_EQUITY,False,FRESH
SMCI,"Super Micro Computer, Inc. Common Stock",$29.81,-0.29,-0.963%,17928284948.0,United States,2020.0,99288866.0,Technology,Computer Manufacturing,OPERATING_COMMON_EQUITY,True,FRESH
SMMT,Summit Therapeutics Inc. Common Stock ,$13.105,-0.555,-4.063%,10454508534.0,,,,,,OPERATING_COMMON_EQUITY,False,FRESH
SMPL,The Simply Good Foods Company Common Stock,$10.66,0.44,4.305%,942989410.0,United States,,507408.0,Consumer Staples,Packaged Foods,OPERATING_COMMON_EQUITY,False,FRESH
SMTC,Semtech Corporation Common Stock,$121.52,-4.40,-3.494%,11319729935.0,United States,,1443846.0,Technology,Semiconductors,OPERATING_COMMON_EQUITY,False,FRESH
SNDK,Sandisk Corporation Common Stock,"$1,278.23",-158.33,-11.021%,189292771368.0,United States,,2132479.0,Technology,Electronic Components,OPERATING_COMMON_EQUITY,False,FRESH
SNDL,SNDL Inc. Common Shares,$1.35,0.105,8.434%,351405000.0,Canada,2019.0,2322111.0,Health Care, Medicinal Chemicals and Botanical Products ,OPERATING_COMMON_EQUITY,False,FRESH
SNDX,"Syndax Pharmaceuticals, Inc. Common Stock",$20.52,-0.29,-1.394%,1817988853.0,United States,2016.0,2954274.0,Health Care,Biotechnology: Pharmaceutical Preparations,OPERATING_COMMON_EQUITY,True,FRESH
SNEX,StoneX Group Inc. Common Stock,$74.43,0.17,0.229%,8848028880.0,United States,,504797.0,Finance,Investment Bankers/Brokers/Service,OPERATING_COMMON_EQUITY,True,FRESH
SNPS,"Synopsys, Inc. Common Stock",$388.99,15.52,4.156%,74483542632.0,United States,1992.0,948144.0,Technology,Computer Software: Prepackaged Software,OPERATING_COMMON_EQUITY,False,FRESH
SNY,Sanofi ADS,$44.00,0.65,1.499%,107309584448.0,France,,2724304.0,Health Care,Biotechnology: Pharmaceutical Preparations,FOREIGN_OR_DEPOSITARY,False,FRESH
SOFI,"SoFi Technologies, Inc. Common Stock  ",$16.88,0.42,2.552%,21652671456.0,United States,,58250789.0,Finance,Finance: Consumer Services,OPERATING_COMMON_EQUITY,True,FRESH
SOHU,Sohu.com Limited American Depositary Shares,$13.24,0.37,2.875%,345153851.0,China,,40654.0,Technology,EDP Services,FOREIGN_OR_DEPOSITARY,False,STALE
SOLS,Solstice Advanced Materials Inc. Common Stock ,$60.59,0.05,0.083%,9621950901.0,,,,,,OPERATING_COMMON_EQUITY,False,FRESH
SONO,"Sonos, Inc. Common Stock",$15.66,0.97,6.603%,1865554988.0,United States,2018.0,1664150.0,Consumer Staples,Consumer Electronics/Appliances,OPERATING_COMMON_EQUITY,False,FRESH
SOPH,SOPHiA GENETICS SA Ordinary Shares,$5.65,-0.07,-1.224%,405615568.0,,,,,,FOREIGN_OR_DEPOSITARY,False,MISSING
SOUN,"SoundHound AI, Inc Class A Common Stock",$6.41,0.25,4.058%,2774053360.0,United States,,26997130.0,Technology,Computer Software: Prepackaged Software,OPERATING_COMMON_EQUITY,False,FRESH
SPCX,Space Exploration Technologies Corp. Class A Common Stock,$113.50,-1.57,-1.364%,1485811925028.0,,,,,,OPERATING_COMMON_EQUITY,False,MISSING
SPFI,"South Plains Financial, Inc. Common Stock",$44.50,0.05,0.112%,851986053.0,United States,2019.0,38759.0,Finance,Major Banks,OPERATING_COMMON_EQUITY,False,FRESH
SPRY,"ARS Pharmaceuticals, Inc. Common Stock",$5.76,-0.18,-3.03%,571986789.0,United States,2020.0,2214797.0,Health Care,Biotechnology: Pharmaceutical Preparations,OPERATING_COMMON_EQUITY,False,FRESH
SPSC,"SPS Commerce, Inc. Common Stock",$65.65,4.49,7.341%,2410188886.0,United States,2010.0,212381.0,Technology,Computer Software: Prepackaged Software,OPERATING_COMMON_EQUITY,False,FRESH
SPT,"Sprout Social, Inc Class A Common Stock",$8.32,0.75,9.908%,500078076.0,United States,2019.0,620906.0,Technology,Computer Software: Prepackaged Software,OPERATING_COMMON_EQUITY,False,FRESH
SPTX,"Seaport Therapeutics, Inc. Common Stock",$20.54,-0.56,-2.654%,1099517497.0,,,,,,OPERATING_COMMON_EQUITY,False,FRESH
SRAD,Sportradar Group AG Class A Ordinary Shares,$14.68,0.39,2.729%,4576598104.0,Switzerland,2021.0,2392812.0,Technology,Computer Software: Programming Data Processing,FOREIGN_OR_DEPOSITARY,False,FRESH
SRCE,1st Source Corporation Common Stock,$86.79,0.95,1.107%,2090061679.0,United States,,81866.0,Finance,Major Banks,OPERATING_COMMON_EQUITY,False,FRESH
SRPT,"Sarepta Therapeutics, Inc. Common Stock (DE)",$15.89,0.21,1.339%,1677606168.0,United States,,4052764.0,Health Care,Biotechnology: Pharmaceutical Preparations,OPERATING_COMMON_EQUITY,False,FRESH
SRRK,Scholar Rock Holding Corporation Common Stock,$48.93,1.26,2.643%,5863200578.0,United States,2018.0,1075755.0,Health Care,Biotechnology: Biological Products (No Diagnostic Substances),OPERATING_COMMON_EQUITY,False,FRESH
SRTA,"Strata Critical Medical, Inc. Class A Common Stock",$5.14,0.10,1.984%,444746570.0,,,,,,OPERATING_COMMON_EQUITY,False,FRESH
SSII,SS Innovations International Inc. Common Stock,$3.96,0.485,13.957%,792520879.0,India,,14659.0,Health Care,Medical/Dental Instruments,OPERATING_COMMON_EQUITY,False,FRESH
SSNC,"SS&C Technologies Holdings, Inc. Common Stock",$75.04,1.16,1.57%,18072186287.0,United States,2010.0,1558508.0,Technology,Computer Software: Prepackaged Software,OPERATING_COMMON_EQUITY,False,FRESH
SSRM,SSR Mining Inc. Common Stock,$26.29,-0.57,-2.122%,5692109182.0,Canada,,2047347.0,Industrials,Precious Metals,OPERATING_COMMON_EQUITY,False,FRESH
SSYS,"Stratasys, Ltd. Ordinary Shares (Israel)",$8.06,0.03,0.374%,694550664.0,United States,1994.0,466859.0,Technology,Computer peripheral equipment,FOREIGN_OR_DEPOSITARY,False,FRESH
STAA,STAAR Surgical Company Common Stock,$22.95,-0.43,-1.839%,1142645960.0,United States,,889183.0,Health Care,Ophthalmic Goods,OPERATING_COMMON_EQUITY,False,FRESH
STBA,"S&T Bancorp, Inc. Common Stock",$52.13,0.34,0.656%,1875475067.0,United States,,127543.0,Finance,Major Banks,OPERATING_COMMON_EQUITY,False,FRESH
STEP,StepStone Group Inc. Class A Common Stock,$44.65,2.04,4.788%,5388213226.0,United States,2020.0,483544.0,Finance,Investment Managers,OPERATING_COMMON_EQUITY,True,FRESH
STGW,Stagwell Inc. Class A Common Stock,$7.73,0.31,4.178%,1915990274.0,Canada,,1297648.0,Consumer Discretionary,Advertising,OPERATING_COMMON_EQUITY,False,FRESH
STLD,"Steel Dynamics, Inc.",$250.27,3.16,1.279%,36092132701.0,United States,1996.0,1096072.0,Industrials,Steel/Iron Ore,OPERATING_COMMON_EQUITY,False,FRESH
STNE,StoneCo Ltd. Class A Common Shares,$10.89,0.13,1.208%,2648755381.0,Brazil,2018.0,5281468.0,Technology,EDP Services,OPERATING_COMMON_EQUITY,False,FRESH
STOK,"Stoke Therapeutics, Inc. Common Stock",$29.31,0.01,0.034%,1825475308.0,United States,2019.0,719632.0,Health Care,Biotechnology: Pharmaceutical Preparations,OPERATING_COMMON_EQUITY,False,FRESH
STRA,"Strategic Education, Inc. Common Stock",$78.55,2.91,3.847%,1776244002.0,United States,1996.0,245912.0,Real Estate,Other Consumer Services,OPERATING_COMMON_EQUITY,False,FRESH
STRL,"Sterling Infrastructure, Inc. Common Stock",$634.63,-26.305,-3.98%,19474226987.0,United States,,296438.0,Industrials,Military/Government/Technical,OPERATING_COMMON_EQUITY,False,FRESH
STRO,"Sutro Biopharma, Inc. Common Stock",$24.01,1.13,4.939%,397856240.0,,,,,,OPERATING_COMMON_EQUITY,False,FRESH
STRT,STRATTEC SECURITY CORPORATION Common Stock,$87.54,1.76,2.052%,365812064.0,,,,,,OPERATING_COMMON_EQUITY,False,FRESH
STRZ,Starz Entertainment Corp. Common Shares,$24.62,0.20,0.819%,413347125.0,,,,,,OPERATING_COMMON_EQUITY,False,FRESH
STTK,"Shattuck Labs, Inc. Common Stock",$7.04,-0.39,-5.249%,539830840.0,,,,,,OPERATING_COMMON_EQUITY,False,FRESH
STX,Seagate Technology Holdings PLC Ordinary Shares (Ireland),$816.99,-34.70,-4.074%,183192844174.0,Ireland,2002.0,3234920.0,Technology,Electronic Components,FOREIGN_OR_DEPOSITARY,False,FRESH
SUJA,"Suja Life, Inc. Class A Common Stock",$10.48,0.08,0.769%,404790126.0,,,,,,OPERATING_COMMON_EQUITY,False,MISSING
SUPN,"Supernus Pharmaceuticals, Inc. Common Stock",$46.98,0.78,1.688%,2726706093.0,United States,2012.0,548988.0,Health Care,Biotechnology: Pharmaceutical Preparations,OPERATING_COMMON_EQUITY,False,FRESH
SUPX,SuperX AI Technology Limited Ordinary Shares,$6.96,-0.09,-1.277%,300787084.0,,,,,,FOREIGN_OR_DEPOSITARY,False,MISSING
SVC,Service Properties Trust Common Shares of Beneficial Interest,$8.34,-0.12,-1.418%,1079541209.0,United States,,1864374.0,Real Estate,Real Estate Investment Trusts,OPERATING_COMMON_EQUITY,False,FRESH
SVRA,Savara Inc. Common Stock,$5.43,-0.08,-1.452%,1112754761.0,United States,,690595.0,Health Care,Biotechnology: Pharmaceutical Preparations,OPERATING_COMMON_EQUITY,False,FRESH
SWBI,"Smith & Wesson Brands, Inc. Common Stock",$14.89,0.25,1.708%,665986043.0,United States,,272528.0,Industrials,Ordnance And Accessories,OPERATING_COMMON_EQUITY,False,FRESH
SWIM,"Latham Group, Inc. Common Stock",$5.63,0.13,2.364%,661027246.0,United States,2021.0,263962.0,Industrials,Plastic Products,OPERATING_COMMON_EQUITY,False,FRESH
SWKS,"Skyworks Solutions, Inc. Common Stock",$63.44,3.23,5.365%,9541754293.0,United States,,2336687.0,Technology,Semiconductors,OPERATING_COMMON_EQUITY,False,FRESH
SWMR,"Swarmer, Inc Common Stock",$40.06,1.22,3.141%,449082855.0,,,,,,OPERATING_COMMON_EQUITY,False,MISSING
SYBT,"Stock Yards Bancorp, Inc. Common Stock",$82.45,0.65,0.795%,2433527251.0,United States,,109650.0,Finance,Major Banks,OPERATING_COMMON_EQUITY,False,FRESH
SYM,Symbotic Inc. Class A Common Stock,$41.49,1.34,3.337%,25006305754.0,United States,2021.0,1282670.0,Industrials,Industrial Machinery/Components,OPERATING_COMMON_EQUITY,False,FRESH
SYNA,Synaptics Incorporated Common Stock $0.001 Par Value,$116.42,3.42,3.027%,4498199288.0,United States,2002.0,460693.0,Technology,Semiconductors,OPERATING_COMMON_EQUITY,False,FRESH
SYRE,"Spyre Therapeutics, Inc. Common Stock",$100.04,-2.09,-2.046%,8797165159.0,United States,2016.0,340714.0,Health Care,Biotechnology: Pharmaceutical Preparations,OPERATING_COMMON_EQUITY,False,FRESH
TALK,"Talkspace, Inc. Common Stock",$5.22,0.01,0.192%,874415595.0,United States,2020.0,1374753.0,Health Care,Medical/Nursing Services,OPERATING_COMMON_EQUITY,False,FRESH
TARS,"Tarsus Pharmaceuticals, Inc. Common Stock",$60.12,1.46,2.489%,2586600415.0,United States,2020.0,485473.0,Health Care,Biotechnology: Biological Products (No Diagnostic Substances),OPERATING_COMMON_EQUITY,False,FRESH
TASK,"TaskUs, Inc. Class A Common Stock",$5.80,0.28,5.072%,531153589.0,United States,2021.0,542233.0,Technology,EDP Services,OPERATING_COMMON_EQUITY,False,FRESH
TATT,TAT Technologies Ltd. Ordinary Shares,$43.14,1.31,3.132%,560092530.0,Israel,,87694.0,Industrials,Aerospace,FOREIGN_OR_DEPOSITARY,False,FRESH
TBBK,The Bancorp Inc Common Stock,$67.40,0.42,0.627%,2806161189.0,United States,2004.0,395429.0,Finance,Major Banks,OPERATING_COMMON_EQUITY,False,FRESH
TBLA,Taboola.com Ltd. Ordinary Shares,$4.95,0.13,2.697%,1352955542.0,Israel,,2784246.0,Technology,Computer Software: Programming Data Processing,FOREIGN_OR_DEPOSITARY,False,FRESH
TBPH,"Theravance Biopharma, Inc. Ordinary Shares",$16.86,UNCH,--,869183664.0,Cayman Islands,,288747.0,Health Care,Biotechnology: Pharmaceutical Preparations,FOREIGN_OR_DEPOSITARY,False,FRESH
TCBI,"Texas Capital Bancshares, Inc. Common Stock",$98.40,-0.85,-0.856%,4277877910.0,United States,2003.0,351973.0,Finance,Major Banks,OPERATING_COMMON_EQUITY,False,FRESH
TCBK,TriCo Bancshares Common Stock,$57.57,-0.55,-0.946%,1837092666.0,United States,,124746.0,Finance,Major Banks,OPERATING_COMMON_EQUITY,False,FRESH
TCMD,"Tactile Systems Technology, Inc. Common Stock",$27.76,0.28,1.019%,626161778.0,,,,,,OPERATING_COMMON_EQUITY,False,FRESH
TCOM,Trip.com Group Limited American Depositary Shares,$44.77,1.13,2.589%,28191902789.0,China,2003.0,2853822.0,Consumer Discretionary,Business Services,FOREIGN_OR_DEPOSITARY,False,FRESH
TDTH,Trident Digital Tech Holdings Ltd Class B Ordinary Shares,$3.01,0.06,2.034%,3408902207.0,,,,,,FOREIGN_OR_DEPOSITARY,False,MISSING
TDUP,ThredUp Inc. Class A Common Stock,$5.86,0.16,2.807%,756179358.0,United States,2021.0,2409970.0,Consumer Discretionary,Catalog/Specialty Distribution,OPERATING_COMMON_EQUITY,False,FRESH
TEAM,Atlassian Corporation Class A Common Stock,$95.87,8.99,10.348%,24328724930.0,Australia,2015.0,1731268.0,Technology,Computer Software: Prepackaged Software,OPERATING_COMMON_EQUITY,False,FRESH
TECH,Bio-Techne Corp Common Stock,$71.62,0.02,0.028%,11213453947.0,United States,,1616134.0,Health Care,Biotechnology: Biological Products (No Diagnostic Substances),OPERATING_COMMON_EQUITY,False,FRESH
TECX,"Tectonic Therapeutic, Inc. Common Stock",$30.61,0.24,0.79%,577585783.0,United States,2018.0,274878.0,Health Care,Biotechnology: Biological Products (No Diagnostic Substances),OPERATING_COMMON_EQUITY,False,FRESH
TEM,"Tempus AI, Inc. Class A Common Stock",$42.91,0.22,0.515%,7705124152.0,United States,2024.0,10187421.0,Technology,Computer Software: Programming Data Processing,OPERATING_COMMON_EQUITY,False,FRESH
TENB,"Tenable Holdings, Inc. Common Stock",$32.44,0.19,0.589%,3577222804.0,United States,2018.0,739728.0,Technology,Computer Software: Prepackaged Software,OPERATING_COMMON_EQUITY,False,FRESH
TENX,"Tenax Therapeutics, Inc. Common Stock",$16.19,1.66,11.425%,429442324.0,,,,,,OPERATING_COMMON_EQUITY,False,FRESH
TER,"Teradyne, Inc. Common Stock",$334.77,-15.15,-4.33%,52405619573.0,United States,,2183382.0,Industrials,Electrical Products,OPERATING_COMMON_EQUITY,False,FRESH
TFSL,TFS Financial Corporation Common Stock,$18.08,-0.11,-0.605%,5070213109.0,United States,2007.0,218350.0,Finance,Savings Institutions,OPERATING_COMMON_EQUITY,False,FRESH
TGTX,"TG Therapeutics, Inc. Common Stock",$55.75,-0.29,-0.517%,8534409585.0,United States,,1935424.0,Health Care,Biotechnology: Pharmaceutical Preparations,OPERATING_COMMON_EQUITY,False,FRESH
TH,Target Hospitality Corp. Common Stock,$16.10,-0.05,-0.31%,1603326003.0,United States,2018.0,608510.0,Consumer Discretionary,Hotels/Resorts,OPERATING_COMMON_EQUITY,False,FRESH
THFF,First Financial Corporation Common Stock,$77.67,0.16,0.206%,923643562.0,United States,,48703.0,Finance,Major Banks,OPERATING_COMMON_EQUITY,False,FRESH
THRM,Gentherm Inc Common Stock,$42.07,-0.62,-1.452%,1291768101.0,United States,,197583.0,Consumer Discretionary,Auto Parts:O.E.M.,OPERATING_COMMON_EQUITY,False,FRESH
TIGO,Millicom International Cellular S.A. Common Stock,$95.38,0.84,0.889%,15980044270.0,Luxembourg,,493455.0,Telecommunications,Telecommunications Equipment,OPERATING_COMMON_EQUITY,False,FRESH
TIGR,UP Fintech Holding Ltd American Depositary Share representing fifteen Class A Ordinary Shares,$4.91,0.18,3.805%,877420246.0,China,2019.0,1972414.0,Finance,Investment Bankers/Brokers/Service,FOREIGN_OR_DEPOSITARY,False,FRESH
TILE,"Interface, Inc. Common Stock",$33.73,0.75,2.274%,1958235356.0,United States,,323479.0,Consumer Discretionary,Home Furnishings,OPERATING_COMMON_EQUITY,False,FRESH
TIPT,Tiptree Inc. Common Stock,$18.05,0.26,1.461%,678139854.0,United States,,94006.0,Finance,Property-Casualty Insurers,OPERATING_COMMON_EQUITY,False,FRESH
TITN,Titan Machinery Inc. Common Stock,$20.12,0.14,0.701%,468839862.0,United States,2007.0,220716.0,Consumer Discretionary,Other Specialty Stores,OPERATING_COMMON_EQUITY,False,FRESH
TLN,Talen Energy Corporation Common Stock,$347.07,-12.83,-3.565%,16622798258.0,United States,,796714.0,Utilities,Electric Utilities: Central,OPERATING_COMMON_EQUITY,False,FRESH
TLRY,"Tilray Brands, Inc. Common Stock ",$4.03,0.15,3.866%,469586078.0,United States,2018.0,38314144.0,Health Care, Medicinal Chemicals and Botanical Products ,OPERATING_COMMON_EQUITY,False,FRESH
TLS,Telos Corporation Common Stock,$4.63,0.12,2.661%,346412780.0,,,,,,OPERATING_COMMON_EQUITY,False,FRESH
TLX,Telix Pharmaceuticals Limited American Depositary Shares,$9.98,-0.24,-2.348%,3380994949.0,Australia,,11042.0,Health Care,Biotechnology: Pharmaceutical Preparations,FOREIGN_OR_DEPOSITARY,False,STALE
TMC,TMC the metals company Inc. Common Stock,$3.78,0.11,2.997%,1637575902.0,Canada,,9806617.0,Basic Materials,Metal Mining,OPERATING_COMMON_EQUITY,False,FRESH
TMCR,The Metals Royalty Company Inc. Common Stock,$6.39,0.52,8.859%,396465818.0,,,,,,OPERATING_COMMON_EQUITY,False,MISSING
TMDX,"TransMedics Group, Inc. Common Stock",$74.28,2.02,2.795%,2567184469.0,United States,2019.0,976366.0,Health Care,Biotechnology: Electromedical & Electrotherapeutic Apparatus,OPERATING_COMMON_EQUITY,False,FRESH
TMS,Teamshares Inc. Common Stock,$5.75,0.01,0.174%,519702888.0,,,,,,OPERATING_COMMON_EQUITY,False,MISSING
TMUS,"T-Mobile US, Inc. Common Stock",$177.21,-2.88,-1.599%,190088136540.0,United States,,4402168.0,Telecommunications,Telecommunications Equipment,OPERATING_COMMON_EQUITY,False,FRESH
TNDM,"Tandem Diabetes Care, Inc. Common Stock",$17.17,0.05,0.292%,1176644458.0,United States,2013.0,1111898.0,Health Care,Medical/Dental Instruments,OPERATING_COMMON_EQUITY,False,FRESH
TNGX,"Tango Therapeutics, Inc.",$26.72,0.09,0.338%,3864994079.0,,,,,,OPERATING_COMMON_EQUITY,False,FRESH
TOI,"The Oncology Institute, Inc. Common Stock",$5.19,0.21,4.217%,518911422.0,,,,,,OPERATING_COMMON_EQUITY,False,FRESH
TOP,TOP Financial Group Limited Class A Ordinary Shares,$2.14,-0.05,-2.283%,1323648433.0,,,,,,FOREIGN_OR_DEPOSITARY,False,MISSING
TOWN,TowneBank Common Stock,$37.78,1.13,3.083%,2819042727.0,United States,,251107.0,Finance,Major Banks,OPERATING_COMMON_EQUITY,False,FRESH
TPG,TPG Inc. Class A Common Stock,$42.96,0.13,0.304%,16510058298.0,United States,2022.0,934689.0,Finance,Investment Managers,OPERATING_COMMON_EQUITY,False,FRESH
TRAX,"First Tracks Biotherapeutics, Inc. Ordinary Shares ",$42.03,6.51,18.328%,1466526773.0,,,,,,FOREIGN_OR_DEPOSITARY,False,MISSING
TREE,"LendingTree, Inc. Common Stock",$40.40,1.40,3.59%,563701927.0,United States,,221989.0,Finance,Finance: Consumer Services,OPERATING_COMMON_EQUITY,False,FRESH
TRI,Thomson Reuters Corporation Common Shares,$97.76,7.61,8.441%,42643445867.0,United States,,538637.0,Consumer Discretionary,Publishing,OPERATING_COMMON_EQUITY,False,FRESH
TRIP,"TripAdvisor, Inc. Common Stock",$14.28,0.58,4.234%,1661637493.0,United States,,2458076.0,Technology,Computer Software: Programming Data Processing,OPERATING_COMMON_EQUITY,False,FRESH
TRMB,Trimble Inc. Common Stock,$55.77,2.86,5.405%,13000629415.0,United States,1990.0,1025547.0,Industrials,Industrial Machinery/Components,OPERATING_COMMON_EQUITY,False,FRESH
TRMD,TORM plc Class A Common Stock,$29.80,-0.48,-1.585%,3019714669.0,United Kingdom,,558230.0,Consumer Discretionary,Marine Transportation,FOREIGN_OR_DEPOSITARY,False,STALE
TRMK,Trustmark Corporation Common Stock,$46.31,-0.30,-0.644%,2714022882.0,United States,,417332.0,Finance,Major Banks,OPERATING_COMMON_EQUITY,False,FRESH
TRNS,"Transcat, Inc. Common Stock",$86.14,1.29,1.52%,806254033.0,United States,,188080.0,Industrials,Electrical Products,OPERATING_COMMON_EQUITY,False,FRESH
TRON,Tron Inc. Common Stock,$1.56,0.10,6.849%,740036020.0,,,,,,OPERATING_COMMON_EQUITY,False,FRESH
TROW,"T. Rowe Price Group, Inc. Common Stock",$119.21,2.71,2.326%,25542722101.0,United States,1986.0,1493482.0,Finance,Investment Bankers/Brokers/Service,OPERATING_COMMON_EQUITY,False,FRESH
TRS,TriMas Corporation Common Stock,$40.56,0.53,1.324%,1453170904.0,United States,2007.0,486954.0,Industrials,Industrial Specialties,OPERATING_COMMON_EQUITY,False,FRESH
TRST,TrustCo Bank Corp NY Common Stock,$57.41,0.06,0.105%,1003228900.0,United States,,60210.0,Finance,Major Banks,OPERATING_COMMON_EQUITY,False,FRESH
TRUP,"Trupanion, Inc. Common Stock",$24.87,0.88,3.668%,1084841139.0,United States,,725876.0,Health Care,Medical Specialities,OPERATING_COMMON_EQUITY,False,FRESH
TRVG,trivago N.V. American Depositary Shares,$5.40,-0.06,-1.099%,381346240.0,Germany,2016.0,90844.0,Technology,EDP Services,FOREIGN_OR_DEPOSITARY,False,FRESH
TRVI,"Trevi Therapeutics, Inc. Common Stock",$18.12,0.585,3.336%,2572672309.0,United States,2019.0,1652431.0,Health Care,Biotechnology: Pharmaceutical Preparations,OPERATING_COMMON_EQUITY,False,FRESH
TSAT,Telesat Corporation Class A Common Shares and Class B Variable Voting Shares ,$37.75,0.28,0.747%,1365026637.0,,,,,,OPERATING_COMMON_EQUITY,False,FRESH
TSBK,"Timberland Bancorp, Inc. Common Stock",$44.00,0.20,0.457%,344429932.0,,,,,,OPERATING_COMMON_EQUITY,False,FRESH
TSCO,Tractor Supply Company Common Stock,$31.80,0.78,2.515%,16677497789.0,United States,1994.0,5247070.0,Consumer Discretionary,RETAIL: Building Materials,OPERATING_COMMON_EQUITY,False,FRESH
TSEM,Tower Semiconductor Ltd. Ordinary Shares,$224.21,-9.16,-3.925%,25296480694.0,Israel,1994.0,534151.0,Technology,Semiconductors,FOREIGN_OR_DEPOSITARY,False,FRESH
TSHA,"Taysha Gene Therapies, Inc. Common Stock",$5.54,0.02,0.362%,1591980051.0,United States,2020.0,4809303.0,Health Care,Biotechnology: Biological Products (No Diagnostic Substances),OPERATING_COMMON_EQUITY,False,FRESH
TSLA,"Tesla, Inc. Common Stock",$309.22,-3.81,-1.217%,1221279045173.0,United States,2010.0,95895665.0,Consumer Discretionary,Auto Manufacturing,OPERATING_COMMON_EQUITY,True,FRESH
TTAN,"ServiceTitan, Inc. Class A Common Stock",$74.92,4.44,6.30%,7147186619.0,United States,2024.0,423686.0,Technology,Computer Software: Prepackaged Software,OPERATING_COMMON_EQUITY,False,FRESH
TTD,"The Trade Desk, Inc. Class A Common Stock",$17.88,0.59,3.412%,8405537495.0,United States,2016.0,6568344.0,Technology,Computer Software: Programming Data Processing,OPERATING_COMMON_EQUITY,False,FRESH
TTEK,"Tetra Tech, Inc. Common Stock",$31.89,0.18,0.568%,8276242651.0,United States,1991.0,1709154.0,Consumer Discretionary,Military/Government/Technical,OPERATING_COMMON_EQUITY,False,FRESH
TTMI,"TTM Technologies, Inc. Common Stock",$123.71,-7.70,-5.86%,12847290799.0,United States,2000.0,839347.0,Technology,Electrical Products,OPERATING_COMMON_EQUITY,True,FRESH
TTWO,"Take-Two Interactive Software, Inc. Common Stock",$243.95,12.30,5.31%,45293382439.0,United States,1997.0,4381389.0,Technology,Computer Software: Prepackaged Software,OPERATING_COMMON_EQUITY,False,FRESH
TVTX,"Travere Therapeutics, Inc. Common Stock",$56.68,-0.68,-1.185%,5270837855.0,United States,,5966252.0,Health Care,Biotechnology: Pharmaceutical Preparations,OPERATING_COMMON_EQUITY,False,FRESH
TW,Tradeweb Markets Inc. Class A Common Stock,$102.015,2.185,2.189%,24078194532.0,United States,2019.0,840668.0,Finance,Investment Bankers/Brokers/Service,OPERATING_COMMON_EQUITY,False,FRESH
TWFG,"TWFG, Inc. Class A Common Stock",$26.56,0.28,1.065%,1438717299.0,United States,2024.0,115173.0,Finance,Specialty Insurers,OPERATING_COMMON_EQUITY,False,FRESH
TWIN,"Twin Disc, Incorporated Common Stock",$23.25,0.03,0.129%,335330728.0,,,,,,OPERATING_COMMON_EQUITY,False,FRESH
TWST,Twist Bioscience Corporation Common Stock,$86.54,-3.73,-4.132%,5388959514.0,United States,2018.0,1290829.0,Health Care,Biotechnology: Biological Products (No Diagnostic Substances),OPERATING_COMMON_EQUITY,False,FRESH
TXG,"10x Genomics, Inc. Class A Common Stock",$45.92,-0.35,-0.756%,5829828199.0,United States,2019.0,3013489.0,Industrials,Biotechnology: Laboratory Analytical Instruments,OPERATING_COMMON_EQUITY,False,FRESH
TXN,Texas Instruments Incorporated Common Stock,$279.41,-0.17,-0.061%,254289026733.0,United States,,4518714.0,Technology,Semiconductors,OPERATING_COMMON_EQUITY,False,FRESH
TXRH,"Texas Roadhouse, Inc. Common Stock",$201.04,7.77,4.02%,13214281800.0,United States,2004.0,789465.0,Consumer Discretionary,Restaurants,OPERATING_COMMON_EQUITY,False,FRESH
TYRA,"Tyra Biosciences, Inc. Common Stock",$31.06,0.43,1.404%,1847150034.0,United States,2021.0,145379.0,Health Care,Biotechnology: Pharmaceutical Preparations,OPERATING_COMMON_EQUITY,False,FRESH
UAL,"United Airlines Holdings, Inc. Common Stock",$120.57,2.30,1.945%,39135065390.0,United States,,6423702.0,Consumer Discretionary,Air Freight/Delivery Services,OPERATING_COMMON_EQUITY,False,FRESH
UBSI,"United Bankshares, Inc. Common Stock",$47.94,0.14,0.293%,6606064405.0,United States,,568756.0,Finance,Major Banks,OPERATING_COMMON_EQUITY,False,FRESH
UCTT,"Ultra Clean Holdings, Inc. Common Stock",$86.97,-5.78,-6.232%,3898721773.0,United States,2004.0,396338.0,Technology,Semiconductors,OPERATING_COMMON_EQUITY,True,FRESH
UFCS,"United Fire Group, Inc. Common Stock",$51.45,0.12,0.234%,1320009741.0,United States,,84779.0,Finance,Property-Casualty Insurers,OPERATING_COMMON_EQUITY,False,FRESH
UFPI,"UFP Industries, Inc. Common Stock",$88.21,0.27,0.307%,5010318738.0,United States,1993.0,574141.0,Basic Materials,Forest Products,OPERATING_COMMON_EQUITY,False,FRESH
UFPT,"UFP Technologies, Inc. Common Stock",$248.63,11.43,4.819%,1923635144.0,United States,1993.0,87924.0,Health Care,Medical/Dental Instruments,OPERATING_COMMON_EQUITY,False,FRESH
ULCC,"Frontier Group Holdings, Inc. Common Stock",$6.10,0.29,4.991%,1401714944.0,United States,2021.0,2553859.0,Consumer Discretionary,Air Freight/Delivery Services,OPERATING_COMMON_EQUITY,False,FRESH
ULH,"Universal Logistics Holdings, Inc. Common Stock",$14.24,-1.54,-9.759%,375504400.0,United States,2005.0,43955.0,Industrials,Trucking Freight/Courier Services,OPERATING_COMMON_EQUITY,False,FRESH
ULTA,"Ulta Beauty, Inc. Common Stock",$480.51,5.15,1.083%,20656793829.0,United States,2007.0,407785.0,Consumer Discretionary,Other Specialty Stores,OPERATING_COMMON_EQUITY,False,FRESH
UMBF,UMB Financial Corporation Common Stock,$140.97,-0.23,-0.163%,10710721145.0,United States,,392203.0,Finance,Major Banks,OPERATING_COMMON_EQUITY,False,FRESH
UNIT,Uniti Group Inc. Common Stock,$10.77,-0.05,-0.462%,2615124572.0,United States,,2077902.0,Real Estate,Real Estate Investment Trusts,OPERATING_COMMON_EQUITY,False,FRESH
UNTY,"Unity Bancorp, Inc. Common Stock",$58.11,0.065,0.112%,583476815.0,United States,,20238.0,Finance,Major Banks,OPERATING_COMMON_EQUITY,False,FRESH
UPB,"Upstream Bio, Inc. Common Stock",$6.40,-0.01,-0.156%,348287910.0,United States,2024.0,319062.0,Health Care,Biotechnology: Pharmaceutical Preparations,OPERATING_COMMON_EQUITY,False,FRESH
UPBD,"Upbound Group, Inc. Common Stock",$20.61,0.15,0.733%,1201433693.0,United States,,369307.0,Consumer Discretionary,Diversified Commercial Services,OPERATING_COMMON_EQUITY,False,FRESH
UPST,"Upstart Holdings, Inc. Common stock",$27.49,0.56,2.079%,2631111032.0,United States,2020.0,4951358.0,Finance,Finance: Consumer Services,OPERATING_COMMON_EQUITY,False,FRESH
UPWK,Upwork Inc. Common Stock,$9.26,0.43,4.87%,1143777949.0,United States,2018.0,2166930.0,Technology,EDP Services,OPERATING_COMMON_EQUITY,False,FRESH
URBN,"Urban Outfitters, Inc. Common Stock",$72.61,2.64,3.773%,6217963377.0,United States,1993.0,2238742.0,Consumer Discretionary,Clothing/Shoe/Accessory Stores,OPERATING_COMMON_EQUITY,False,FRESH
URGN,UroGen Pharma Ltd. Ordinary Shares,$41.46,0.49,1.196%,2020001723.0,Israel,2017.0,9676034.0,Health Care,Biotechnology: Pharmaceutical Preparations,FOREIGN_OR_DEPOSITARY,False,FRESH
UROY,Uranium Royalty Corp. Common Stock,$2.74,-0.22,-7.432%,401362069.0,,,,,,OPERATING_COMMON_EQUITY,False,FRESH
USAR,"USA Rare Earth, Inc. Class A Common Stock",$14.93,0.78,5.512%,3411855586.0,United States,2023.0,566819.0,Basic Materials,Metal Mining,OPERATING_COMMON_EQUITY,False,FRESH
USCB,"USCB Financial Holdings, Inc. Class A Common Stock",$22.665,0.995,4.592%,413951294.0,United States,2021.0,32699.0,Finance,Major Banks,OPERATING_COMMON_EQUITY,False,FRESH
USLM,"United States Lime & Minerals, Inc. Common Stock",$114.48,3.49,3.144%,3283521771.0,United States,,110535.0,Industrials,Mining & Quarrying of Nonmetallic Minerals (No Fuels),OPERATING_COMMON_EQUITY,False,FRESH
UTHR,United Therapeutics Corporation Common Stock,$527.94,-0.53,-0.10%,22409328220.0,United States,1999.0,518041.0,Health Care,Biotechnology: Pharmaceutical Preparations,OPERATING_COMMON_EQUITY,False,FRESH
UVSP,Univest Financial Corporation Common Stock,$44.205,0.105,0.238%,1230923677.0,United States,,167479.0,Finance,Major Banks,OPERATING_COMMON_EQUITY,False,FRESH
UXIN,Uxin Limited ADS,$1.61,0.11,7.333%,354168220.0,China,2018.0,3842.0,Consumer Discretionary,Business Services,FOREIGN_OR_DEPOSITARY,False,STALE
VALN,Valneva SE American Depositary Shares,$4.96,0.18,3.766%,470632670.0,France,2021.0,6159.0,Health Care,Biotechnology: Biological Products (No Diagnostic Substances),FOREIGN_OR_DEPOSITARY,False,FRESH
VALU,"Value Line, Inc. Common Stock",$37.54,-0.26,-0.688%,352396915.0,United States,1983.0,3403.0,Finance,Investment Managers,OPERATING_COMMON_EQUITY,False,FRESH
VBNK,VersaBank Common Shares,$19.60,-0.25,-1.259%,631035661.0,Canada,,36813.0,Finance,Commercial Banks,OPERATING_COMMON_EQUITY,False,FRESH
VC,Visteon Corporation Common Stock,$105.54,1.79,1.725%,2817435577.0,United States,,345083.0,Consumer Discretionary,Auto Parts:O.E.M.,OPERATING_COMMON_EQUITY,True,FRESH
VCEL,Vericel Corporation Common Stock,$45.32,0.27,0.599%,2314412093.0,United States,,528149.0,Health Care,Biotechnology: Biological Products (No Diagnostic Substances),OPERATING_COMMON_EQUITY,False,FRESH
VCRE,Vicore Pharma Holding AB American Depositary Shares,$11.06,-0.32,-2.812%,3113673059.0,,,,,,FOREIGN_OR_DEPOSITARY,False,MISSING
VCTR,"Victory Capital Holdings, Inc. Class A Common Stock",$99.67,2.47,2.541%,6232475335.0,United States,2018.0,227948.0,Finance,Investment Managers,OPERATING_COMMON_EQUITY,False,FRESH
VCYT,"Veracyte, Inc. Common Stock",$55.61,-1.00,-1.766%,4437269100.0,United States,2013.0,966746.0,Health Care,Medical Specialities,OPERATING_COMMON_EQUITY,False,FRESH
VECO,Veeco Instruments Inc. Common Stock,$48.49,-3.17,-6.136%,2959513688.0,United States,1994.0,483736.0,Technology,Industrial Machinery/Components,OPERATING_COMMON_EQUITY,False,FRESH
VELO,"Velo3D, Inc. Common stock",$10.25,0.58,5.998%,305460271.0,,,,,,OPERATING_COMMON_EQUITY,False,FRESH
VEON,VEON Ltd. ADS,$51.70,0.69,1.353%,3824126316.0,Netherlands,,359647.0,Telecommunications,Telecommunications Equipment,FOREIGN_OR_DEPOSITARY,False,FRESH
VERA,"Vera Therapeutics, Inc. Class A Common Stock",$35.18,-0.27,-0.762%,2525322563.0,United States,2021.0,955321.0,Health Care,Biotechnology: Pharmaceutical Preparations,OPERATING_COMMON_EQUITY,False,FRESH
VERX,"Vertex, Inc. Class A Common Stock",$12.64,0.77,6.487%,2045366008.0,United States,2020.0,513176.0,Technology,Computer Software: Prepackaged Software,OPERATING_COMMON_EQUITY,True,FRESH
VFS,VinFast Auto Ltd. Ordinary Shares,$2.95,0.10,3.509%,6901631230.0,Singapore,,387684.0,Finance,Blank Checks,FOREIGN_OR_DEPOSITARY,False,FRESH
VIAV,Viavi Solutions Inc. Common Stock,$38.16,-1.36,-3.441%,8925924319.0,United States,,3612165.0,Technology,Semiconductors,OPERATING_COMMON_EQUITY,False,FRESH
VICR,Vicor Corporation Common Stock,$206.44,-4.57,-2.166%,9409825661.0,United States,,237705.0,Technology,Industrial Machinery/Components,OPERATING_COMMON_EQUITY,True,FRESH
VINP,Vinci Compass Investments Ltd. Class A Common Shares,$9.72,0.21,2.208%,635902793.0,Brazil,2021.0,111390.0,Finance,Investment Managers,OPERATING_COMMON_EQUITY,False,FRESH
VIR,"Vir Biotechnology, Inc. Common Stock",$8.80,0.11,1.266%,1484137371.0,United States,2019.0,1315001.0,Health Care,Biotechnology: Biological Products (No Diagnostic Substances),OPERATING_COMMON_EQUITY,False,FRESH
VISN,"Vistance Networks, Inc. Common Stock",$11.85,0.05,0.424%,2673000127.0,,,,,,OPERATING_COMMON_EQUITY,True,FRESH
VITL,"Vital Farms, Inc. Common Stock",$13.29,0.27,2.074%,569455954.0,United States,2020.0,917810.0,Consumer Staples,Packaged Foods,OPERATING_COMMON_EQUITY,True,FRESH
VKTX,"Viking Therapeutics, Inc. Common Stock",$34.87,0.08,0.23%,4048603771.0,United States,2015.0,3239352.0,Health Care,Biotechnology: Pharmaceutical Preparations,OPERATING_COMMON_EQUITY,False,FRESH
VLGEA,"Village Super Market, Inc. Class A Common Stock",$42.94,0.32,0.751%,635919544.0,United States,,31154.0,Consumer Staples,Food Chains,OPERATING_COMMON_EQUITY,False,STALE
VLY,Valley National Bancorp Common Stock,$14.35,0.01,0.07%,7951786709.0,United States,,8668208.0,Finance,Major Banks,OPERATING_COMMON_EQUITY,False,FRESH
VMD,"Viemed Healthcare, Inc. Common Shares",$12.12,0.35,2.974%,464642040.0,,,,,,OPERATING_COMMON_EQUITY,False,FRESH
VMET,Versamet Royalties Corporation Common Stock,$9.16,0.12,1.327%,994675158.0,,,,,,OPERATING_COMMON_EQUITY,False,FRESH
VNDA,Vanda Pharmaceuticals Inc. Common Stock,$5.22,0.04,0.772%,313907634.0,,,,,,OPERATING_COMMON_EQUITY,False,FRESH
VNET,"VNET Group, Inc. American Depositary Shares",$7.17,-0.04,-0.555%,2041239080.0,China,2011.0,4783003.0,Technology,Computer Software: Programming Data Processing,FOREIGN_OR_DEPOSITARY,False,FRESH
VNOM,"Viper Energy, Inc. Class A Common Stock",$43.04,-2.09,-4.631%,15336619492.0,United States,2014.0,612118.0,Energy,Oil & Gas Production,OPERATING_COMMON_EQUITY,False,FRESH
VOD,Vodafone Group Plc American Depositary Shares,$15.80,0.65,4.29%,37539233240.0,United Kingdom,,11364774.0,Telecommunications,Telecommunications Equipment,FOREIGN_OR_DEPOSITARY,False,MISSING
VOR,Vor Biopharma Inc. Common Stock,$19.44,0.18,0.935%,1053373449.0,,,,,,OPERATING_COMMON_EQUITY,False,FRESH
VRDN,"Viridian Therapeutics, Inc. Common Stock",$19.70,0.43,2.231%,2030572378.0,United States,2014.0,597678.0,Health Care,Medical Specialities,OPERATING_COMMON_EQUITY,False,FRESH
VREX,Varex Imaging Corporation Common Stock,$10.98,0.06,0.549%,462258000.0,United States,,429536.0,Technology,Industrial Machinery/Components,OPERATING_COMMON_EQUITY,False,FRESH
VRNS,"Varonis Systems, Inc. Common Stock",$46.67,0.93,2.033%,5358376381.0,United States,2014.0,1501189.0,Technology,Computer Software: Prepackaged Software,OPERATING_COMMON_EQUITY,False,FRESH
VRRM,Verra Mobility Corporation Class A Common Stock,$4.19,0.14,3.457%,636488876.0,United States,2017.0,1537191.0,Consumer Discretionary,Transportation Services,OPERATING_COMMON_EQUITY,False,FRESH
VRSK,"Verisk Analytics, Inc. Common Stock",$206.66,5.32,2.642%,27076973454.0,United States,2009.0,749842.0,Technology,EDP Services,OPERATING_COMMON_EQUITY,False,FRESH
VRSN,"VeriSign, Inc. Common Stock",$274.82,-5.18,-1.85%,24816246000.0,United States,1998.0,710630.0,Technology,EDP Services,OPERATING_COMMON_EQUITY,False,FRESH
VRTX,Vertex Pharmaceuticals Incorporated Common Stock,$479.00,1.64,0.344%,121572794743.0,United States,1991.0,1505319.0,Health Care,Biotechnology: Pharmaceutical Preparations,OPERATING_COMMON_EQUITY,False,FRESH
VSAT,"ViaSat, Inc. Common Stock",$74.87,3.17,4.421%,10224917511.0,United States,1996.0,1823617.0,Technology,Radio And Television Broadcasting And Communications Equipment,OPERATING_COMMON_EQUITY,False,FRESH
VSEC,VSE Corporation Common Stock,$200.93,5.51,2.82%,5637523551.0,United States,,175130.0,Consumer Discretionary,Military/Government/Technical,OPERATING_COMMON_EQUITY,False,FRESH
VSNT,"Versant Media Group, Inc. Class A Common Stock ",$35.88,0.50,1.413%,5076948778.0,,,,,,OPERATING_COMMON_EQUITY,False,FRESH
VSTM,"Verastem, Inc. Common Stock",$6.08,0.03,0.496%,534271725.0,United States,2012.0,2063338.0,Health Care,Biotechnology: Pharmaceutical Preparations,OPERATING_COMMON_EQUITY,False,FRESH
VTRS,Viatris Inc. Common Stock,$17.635,0.395,2.291%,20536886053.0,United States,,9508078.0,Health Care,Biotechnology: Pharmaceutical Preparations,OPERATING_COMMON_EQUITY,False,FRESH
VYNE,VYNE Therapeutics Inc. Common Stock,$28.56,3.11,12.22%,953477171.0,,,,,,OPERATING_COMMON_EQUITY,False,MISSING
WABC,Westamerica Bancorporation Common Stock,$60.02,-0.47,-0.777%,1409747059.0,United States,,223846.0,Finance,Major Banks,OPERATING_COMMON_EQUITY,False,FRESH
WAFD,"WaFd, Inc. Common Stock",$36.43,-0.30,-0.817%,2691757326.0,United States,,593662.0,Finance,Major Banks,OPERATING_COMMON_EQUITY,False,FRESH
WAFDP,"WaFd, Inc. Depositary Shares",$16.51,0.07,0.426%,1219898805.0,United States,,5630.0,Finance,Major Banks,FOREIGN_OR_DEPOSITARY,False,FRESH
WASH,"Washington Trust Bancorp, Inc. Common Stock",$38.59,0.20,0.521%,735741234.0,United States,,106386.0,Finance,Major Banks,OPERATING_COMMON_EQUITY,False,FRESH
WAVE,Eco Wave Power Global AB (publ) American Depositary Shares,$7.61,-0.21,-2.685%,355518714.0,Israel,2021.0,20824.0,Utilities,Electric Utilities: Central,FOREIGN_OR_DEPOSITARY,False,STALE
WAY,Waystar Holding Corp. Common Stock,$23.125,0.615,2.732%,4435673104.0,United States,2024.0,3356901.0,Technology,EDP Services,OPERATING_COMMON_EQUITY,False,FRESH
WB,Weibo Corporation American Depositary Share,$7.81,0.08,1.035%,1918702787.0,China,2014.0,653475.0,Technology,Computer Software: Programming Data Processing,FOREIGN_OR_DEPOSITARY,False,FRESH
WBD,"Warner Bros. Discovery, Inc. Series A Common Stock ",$25.28,-0.49,-1.901%,63380415827.0,United States,,33118826.0,Telecommunications,Cable & Other Pay Television Services,OPERATING_COMMON_EQUITY,False,FRESH
WBTN,WEBTOON Entertainment Inc. Common stock,$9.27,0.27,3.00%,1253625947.0,United States,2024.0,453531.0,Consumer Discretionary,Publishing,OPERATING_COMMON_EQUITY,False,FRESH
WDAY,"Workday, Inc. Class A Common Stock",$147.54,12.20,9.014%,36442380000.0,United States,,2328982.0,Technology,EDP Services,OPERATING_COMMON_EQUITY,False,FRESH
WDC,Western Digital Corporation Common Stock,$497.92,-21.88,-4.209%,171624126668.0,United States,,4955613.0,Technology,Electronic Components,OPERATING_COMMON_EQUITY,True,FRESH
WDFC,WD-40 Company Common Stock,$233.55,2.22,0.96%,3134496971.0,United States,1973.0,66592.0,Industrials,Major Chemicals,OPERATING_COMMON_EQUITY,False,FRESH
WEN,Wendy's Company (The) Common Stock,$7.31,0.32,4.578%,1392413478.0,United States,,4245795.0,Consumer Discretionary,Restaurants,OPERATING_COMMON_EQUITY,False,FRESH
WERN,"Werner Enterprises, Inc. Common Stock",$40.43,-1.99,-4.691%,2423783149.0,United States,1986.0,978833.0,Industrials,Trucking Freight/Courier Services,OPERATING_COMMON_EQUITY,False,FRESH
WEST,Westrock Coffee Company Common Stock,$7.88,0.28,3.684%,768756741.0,United States,,531202.0,Consumer Staples,Beverages (Production/Distribution),OPERATING_COMMON_EQUITY,False,FRESH
WEYS,"Weyco Group, Inc. Common Stock",$38.63,0.41,1.073%,368228963.0,United States,,17619.0,Consumer Staples,Apparel,OPERATING_COMMON_EQUITY,False,FRESH
WFRD,Weatherford International plc Ordinary Shares,$85.92,-2.76,-3.112%,6159213263.0,United States,,754420.0,Industrials,Metal Fabrications,FOREIGN_OR_DEPOSITARY,True,FRESH
WGS,GeneDx Holdings Corp. Class A Common Stock,$60.54,1.44,2.437%,1797313155.0,United States,2020.0,1415744.0,Technology,Retail: Computer Software & Peripheral Equipment,OPERATING_COMMON_EQUITY,False,FRESH
WILC,"G. Willi-Food International,  Ltd. Ordinary Shares",$29.40,-0.69,-2.293%,409551114.0,,,,,,FOREIGN_OR_DEPOSITARY,False,MISSING
WINA,Winmark Corporation Common Stock,$341.91,9.39,2.824%,1228198503.0,United States,,40159.0,Consumer Discretionary,Other Specialty Stores,OPERATING_COMMON_EQUITY,False,FRESH
WING,Wingstop Inc. Common Stock,$137.24,2.04,1.509%,3737395574.0,United States,2015.0,891909.0,Consumer Discretionary,Restaurants,OPERATING_COMMON_EQUITY,False,FRESH
WIX,Wix.com Ltd. Ordinary Shares,$56.34,4.93,9.59%,3101373502.0,Israel,2013.0,458705.0,Technology,Computer Software: Programming Data Processing,FOREIGN_OR_DEPOSITARY,False,FRESH
WLDN,"Willdan Group, Inc. Common Stock",$71.86,-0.77,-1.06%,1085848147.0,United States,2006.0,201178.0,Consumer Discretionary,Military/Government/Technical,OPERATING_COMMON_EQUITY,False,FRESH
WLFC,Willis Lease Finance Corporation Common Stock,$70.47,1.425,2.064%,1621469599.0,United States,1996.0,82717.0,Consumer Discretionary,Industrial Specialties,OPERATING_COMMON_EQUITY,False,FRESH
WLTH,Wealthfront Corporation Common Stock,$9.24,0.36,4.054%,1380097636.0,,,,,,OPERATING_COMMON_EQUITY,False,FRESH
WMG,Warner Music Group Corp. Class A Common Stock,$27.61,1.06,3.992%,14401804728.0,United States,2020.0,982297.0,Consumer Discretionary,Services-Misc. Amusement & Recreation,OPERATING_COMMON_EQUITY,False,FRESH
WMT,Walmart Inc. Common Stock,$111.74,2.27,2.074%,889235764780.0,,,,,,OPERATING_COMMON_EQUITY,False,FRESH
WOOF,"Petco Health and Wellness Company, Inc. Class A Common Stock",$2.72,0.11,4.215%,879528412.0,United States,2021.0,2818965.0,Consumer Discretionary,Other Specialty Stores,OPERATING_COMMON_EQUITY,False,FRESH
WRD,WeRide Inc. American Depositary Shares,$5.63,0.31,5.827%,1887493954.0,China,2024.0,15442358.0,Technology,EDP Services,FOREIGN_OR_DEPOSITARY,False,FRESH
WRLD,World Acceptance Corporation Common Stock,$195.83,-8.84,-4.319%,912648678.0,United States,1991.0,39560.0,Finance,Finance: Consumer Services,OPERATING_COMMON_EQUITY,False,FRESH
WSBC,"WesBanco, Inc. Common Stock",$40.98,-0.27,-0.655%,3941479349.0,United States,,561339.0,Finance,Major Banks,OPERATING_COMMON_EQUITY,False,FRESH
WSBF,"Waterstone Financial, Inc. Common Stock (MD)",$20.12,0.06,0.299%,363228010.0,,,,,,OPERATING_COMMON_EQUITY,False,FRESH
WSC,WillScot Holdings Corporation Class A Common Stock,$26.78,0.28,1.057%,4847037504.0,United States,2015.0,1586432.0,Industrials,Misc Corporate Leasing Services,OPERATING_COMMON_EQUITY,False,FRESH
WSE,Wise Group plc Class A Ordinary Shares,$11.91,0.58,5.119%,14643384434.0,,,,,,FOREIGN_OR_DEPOSITARY,False,MISSING
WSFS,WSFS Financial Corporation Common Stock,$80.61,0.77,0.964%,4195270548.0,United States,,298940.0,Finance,Major Banks,OPERATING_COMMON_EQUITY,False,FRESH
WTBA,West Bancorporation Common Stock,$27.71,0.44,1.613%,472282119.0,United States,,30806.0,Finance,Major Banks,OPERATING_COMMON_EQUITY,False,FRESH
WTFC,Wintrust Financial Corporation Common Stock,$158.875,0.215,0.136%,10715762235.0,United States,,398977.0,Finance,Major Banks,OPERATING_COMMON_EQUITY,False,FRESH
WTW,Willis Towers Watson Public Limited Company Ordinary Shares,$302.64,7.53,2.552%,28583735457.0,United Kingdom,,534701.0,Finance,Specialty Insurers,FOREIGN_OR_DEPOSITARY,False,FRESH
WULF,TeraWulf Inc. Common Stock,$17.98,-0.48,-2.60%,8909676957.0,United States,,41555292.0,Technology,EDP Services,OPERATING_COMMON_EQUITY,False,FRESH
WVE,Wave Life Sciences Ltd. Ordinary Shares,$5.92,0.11,1.893%,1139021036.0,Singapore,2015.0,1306178.0,Health Care,Biotechnology: Pharmaceutical Preparations,FOREIGN_OR_DEPOSITARY,False,FRESH
WWD,"Woodward, Inc. Common Stock",$419.76,0.76,0.181%,25010501733.0,United States,,375823.0,Energy,Industrial Machinery/Components,OPERATING_COMMON_EQUITY,False,FRESH
WYFI,"WhiteFiber, Inc. Ordinary Shares",$23.15,-0.48,-2.031%,893919100.0,,,,,,FOREIGN_OR_DEPOSITARY,False,FRESH
WYNN,"Wynn Resorts, Limited Common stock",$99.70,2.78,2.868%,10347536881.0,United States,2002.0,2200178.0,Consumer Discretionary,Hotels/Resorts,OPERATING_COMMON_EQUITY,False,FRESH
XE,"X-Energy, Inc. Class A Common Stock",$15.20,0.64,4.396%,6176764842.0,,,,,,OPERATING_COMMON_EQUITY,False,MISSING
XEL,Xcel Energy Inc. Common Stock,$80.71,-0.96,-1.175%,50384796188.0,United States,,7154049.0,Utilities,Power Generation,OPERATING_COMMON_EQUITY,False,FRESH
XENE,Xenon Pharmaceuticals Inc. Common Shares,$65.78,0.36,0.55%,6358659879.0,Canada,2014.0,966331.0,Health Care,Biotechnology: Pharmaceutical Preparations,OPERATING_COMMON_EQUITY,False,FRESH
XERS,"Xeris Biopharma Holdings, Inc. Common Stock",$8.21,-0.11,-1.322%,1417391272.0,United States,2018.0,1809814.0,Health Care,Biotechnology: Pharmaceutical Preparations,OPERATING_COMMON_EQUITY,False,FRESH
XFOR,"X4 Pharmaceuticals, Inc. Common Stock",$3.94,0.09,2.338%,371619602.0,,,,,,OPERATING_COMMON_EQUITY,False,FRESH
XMAX,"XMAX, Inc. Common Stock",$8.44,0.01,0.119%,536803631.0,,,,,,OPERATING_COMMON_EQUITY,False,FRESH
XMTR,"Xometry, Inc. Class A Common Stock",$85.92,-0.39,-0.452%,4519288724.0,United States,2021.0,582098.0,Consumer Discretionary,Business Services,OPERATING_COMMON_EQUITY,False,FRESH
XNCR,"Xencor, Inc. Common Stock",$19.86,0.42,2.16%,1472452097.0,United States,2013.0,728455.0,Health Care,Biotechnology: Pharmaceutical Preparations,OPERATING_COMMON_EQUITY,False,FRESH
XNDU,Xanadu Quantum Technologies Limited Class B Subordinate Voting Shares,$10.20,-0.08,-0.778%,3044816678.0,,,,,,OPERATING_COMMON_EQUITY,False,FRESH
XNET,Xunlei Limited American Depositary Shares,$5.79,0.27,4.891%,1842777053.0,China,2014.0,150938.0,Technology,Computer Software: Prepackaged Software,FOREIGN_OR_DEPOSITARY,False,STALE
XP,XP Inc. Class A Common Stock,$16.74,0.05,0.30%,8676541859.0,Brazil,2019.0,5280910.0,Finance,Investment Bankers/Brokers/Service,OPERATING_COMMON_EQUITY,False,FRESH
XPEL,"XPEL, Inc. Common Stock",$42.97,0.24,0.562%,1184295525.0,United States,,180554.0,Industrials,Industrial Specialties,OPERATING_COMMON_EQUITY,False,FRESH
XRAY,DENTSPLY SIRONA Inc. Common Stock,$13.02,0.09,0.696%,2608253413.0,United States,1987.0,2470091.0,Health Care,Medical/Dental Instruments,OPERATING_COMMON_EQUITY,False,FRESH
XRX,Xerox Holdings Corporation Common Stock,$2.73,0.15,5.814%,357019171.0,United States,,1888057.0,Technology,Computer peripheral equipment,OPERATING_COMMON_EQUITY,False,FRESH
YB,Yuanbao Inc. American Depositary Shares,$14.18,0.86,6.456%,653417250.0,China,2025.0,27978.0,Finance,Specialty Insurers,FOREIGN_OR_DEPOSITARY,False,MISSING
YORW,York Water Company (The) Common Stock,$30.94,-0.19,-0.61%,501516949.0,United States,,86536.0,Utilities,Water Supply,OPERATING_COMMON_EQUITY,False,FRESH
YSWY,"Yesway, Inc. Class A Common Stock",$19.37,-0.32,-1.625%,1224082249.0,,,,,,OPERATING_COMMON_EQUITY,False,FRESH
Z,"Zillow Group, Inc. Class C Capital Stock",$32.00,1.24,4.031%,7321657920.0,United States,,1957662.0,Consumer Discretionary,Business Services,OPERATING_COMMON_EQUITY,False,FRESH
ZBIO,"Zenas BioPharma, Inc. Common Stock",$32.82,2.43,7.996%,2072037433.0,United States,2024.0,113261.0,Health Care,Biotechnology: Pharmaceutical Preparations,OPERATING_COMMON_EQUITY,False,FRESH
ZBRA,Zebra Technologies Corporation Class A Common Stock,$264.59,4.67,1.797%,12603319189.0,United States,1991.0,410038.0,Industrials,Industrial Machinery/Components,OPERATING_COMMON_EQUITY,False,FRESH
ZD,"Ziff Davis, Inc. Common Stock",$52.36,0.76,1.473%,1928701544.0,United States,,690596.0,Telecommunications,Telecommunications Equipment,OPERATING_COMMON_EQUITY,False,FRESH
ZG,"Zillow Group, Inc. Class A Common Stock",$31.99,1.31,4.27%,7319369902.0,United States,2011.0,475474.0,Consumer Discretionary,Business Services,OPERATING_COMMON_EQUITY,False,FRESH
ZION,Zions Bancorporation N.A. Common Stock,$68.52,-0.77,-1.111%,10078731301.0,United States,,759700.0,Finance,Major Banks,OPERATING_COMMON_EQUITY,False,FRESH
ZLAB,Zai Lab Limited American Depositary Shares,$18.64,-0.58,-3.018%,2094294553.0,China,2017.0,1014184.0,Health Care,Biotechnology: Pharmaceutical Preparations,FOREIGN_OR_DEPOSITARY,False,FRESH
ZM,"Zoom Communications, Inc. Class A Common Stock",$91.22,3.23,3.671%,26748642926.0,United States,2019.0,2110430.0,Technology,Computer Software: Programming Data Processing,OPERATING_COMMON_EQUITY,True,FRESH
ZNTL,"Zentalis Pharmaceuticals, Inc. Common Stock",$4.51,0.18,4.157%,321050429.0,,,,,,OPERATING_COMMON_EQUITY,False,FRESH
ZS,"Zscaler, Inc. Common Stock",$147.30,4.98,3.499%,23819813033.0,United States,2018.0,3083747.0,Technology,EDP Services,OPERATING_COMMON_EQUITY,False,FRESH
ZUMZ,Zumiez Inc. Common Stock,$19.46,0.52,2.746%,328333304.0,,,,,,OPERATING_COMMON_EQUITY,False,FRESH
ZURA,Zura Bio Limited Class A Ordinary Shares,$5.38,0.15,2.868%,511087680.0,,,,,,FOREIGN_OR_DEPOSITARY,False,FRESH
ZVRA,"Zevra Therapeutics, Inc. Common Stock",$9.71,0.185,1.942%,574007466.0,United States,,1473552.0,Health Care,Biotechnology: Pharmaceutical Preparations,OPERATING_COMMON_EQUITY,False,FRESH
ZYME,Zymeworks Inc. Common Stock,$23.00,0.14,0.612%,1679530403.0,United States,,333063.0,Health Care,Biotechnology: Pharmaceutical Preparations,OPERATING_COMMON_EQUITY,False,FRESH
