ticker,provider_ticker,security_identity_type,security_identity_source_url,missing_signal_count,first_missing_signal_date,last_missing_signal_date,absent_price_file_signal_count,history_starts_after_signal_count,stale_or_ended_history_count,internal_price_gap_at_signal_count,no_raw_pit_financial_facts_signal_count,insufficient_growth_history_signal_count,stale_growth_snapshot_signal_count,observed_price_file_first_date,observed_price_file_last_date,remediation_scope,priority_rank,recovery_priority_rank
AKTS,AKTS,,,48,2021-01-29,2024-12-31,0,48,0,0,48,0,0,2026-01-09,2026-07-31,BACKFILL_PRICE_HEAD_PLUS_PIT_FINANCIAL,1,8
BGNE,BGNE,,,48,2021-01-29,2025-01-31,48,0,0,0,48,0,0,,,ACQUIRE_PRICE_AND_PIT_FINANCIAL,2,1117
VRM,VRM,,,48,2021-01-29,2024-12-31,0,48,0,0,48,0,0,2025-02-20,2026-07-17,BACKFILL_PRICE_HEAD_PLUS_PIT_FINANCIAL,3,9
ATIF,ATIF,,,47,2021-01-29,2024-12-31,47,0,0,0,47,0,0,,,ACQUIRE_PRICE_AND_PIT_FINANCIAL,4,1118
MDJH,MDJH,,,47,2021-01-29,2024-12-31,47,0,0,0,47,0,0,,,ACQUIRE_PRICE_AND_PIT_FINANCIAL,5,1119
NUZE,NUZE,,,46,2021-01-29,2024-10-31,46,0,0,0,46,0,0,,,ACQUIRE_PRICE_AND_PIT_FINANCIAL,6,1120
AMSWA,AMSWA,,,45,2021-01-29,2024-09-30,45,0,0,0,45,0,0,,,ACQUIRE_PRICE_AND_PIT_FINANCIAL,7,1121
GRTS,GRTS,,,45,2021-01-29,2024-09-30,45,0,0,0,45,0,0,,,ACQUIRE_PRICE_AND_PIT_FINANCIAL,8,1122
NICK,NICK,,,45,2021-01-29,2024-09-30,45,0,0,0,45,0,0,,,ACQUIRE_PRICE_AND_PIT_FINANCIAL,9,1123
SEEL,SEEL,,,45,2021-01-29,2024-09-30,45,0,0,0,45,0,0,,,ACQUIRE_PRICE_AND_PIT_FINANCIAL,10,1124
VTNR,VTNR,,,45,2021-01-29,2024-09-30,45,0,0,0,45,0,0,,,ACQUIRE_PRICE_AND_PIT_FINANCIAL,11,1125
ABIO,ABIO,,,44,2021-01-29,2024-08-30,44,0,0,0,44,0,0,,,ACQUIRE_PRICE_AND_PIT_FINANCIAL,12,1126
AGBA,AGBA,,,44,2021-01-29,2024-09-30,44,0,0,0,44,0,0,,,ACQUIRE_PRICE_AND_PIT_FINANCIAL,13,1127
BFI,BFI,,,44,2021-01-29,2024-09-30,44,0,0,0,44,0,0,,,ACQUIRE_PRICE_AND_PIT_FINANCIAL,14,1128
CHK,CHK,,,44,2021-02-26,2024-09-30,44,0,0,0,44,0,0,,,ACQUIRE_PRICE_AND_PIT_FINANCIAL,15,1129
RNLX,RNLX,,,44,2021-01-29,2024-09-30,44,0,0,0,44,0,0,,,ACQUIRE_PRICE_AND_PIT_FINANCIAL,16,1130
CALB,CALB,,,43,2021-01-29,2024-07-31,43,0,0,0,43,0,0,,,ACQUIRE_PRICE_AND_PIT_FINANCIAL,17,1131
CATC,CATC,,,43,2021-01-29,2024-07-31,43,0,0,0,43,0,0,,,ACQUIRE_PRICE_AND_PIT_FINANCIAL,18,1132
CERE,CERE,,,43,2021-01-29,2024-07-31,43,0,0,0,43,0,0,,,ACQUIRE_PRICE_AND_PIT_FINANCIAL,19,1133
CONN,CONN,,,43,2021-01-29,2024-07-31,43,0,0,0,43,0,0,,,ACQUIRE_PRICE_AND_PIT_FINANCIAL,20,1134
HIBB,HIBB,,,43,2021-01-29,2024-07-31,43,0,0,0,43,0,0,,,ACQUIRE_PRICE_AND_PIT_FINANCIAL,21,1135
HUGE,HUGE,,,43,2021-01-29,2024-08-30,43,0,0,0,43,0,0,,,ACQUIRE_PRICE_AND_PIT_FINANCIAL,22,1136
IDEX,IDEX,,,43,2021-01-29,2024-07-31,43,0,0,0,43,0,0,,,ACQUIRE_PRICE_AND_PIT_FINANCIAL,23,1137
JAN,JAN,,,43,2021-01-29,2024-07-31,43,0,0,0,43,0,0,,,ACQUIRE_PRICE_AND_PIT_FINANCIAL,24,1138
MCBC,MCBC,,,43,2021-01-29,2024-07-31,43,0,0,0,43,0,0,,,ACQUIRE_PRICE_AND_PIT_FINANCIAL,25,1139
TBLT,TBLT,,,43,2021-01-29,2024-07-31,43,0,0,0,43,0,0,,,ACQUIRE_PRICE_AND_PIT_FINANCIAL,26,1140
TWOU,TWOU,,,43,2021-01-29,2024-07-31,43,0,0,0,43,0,0,,,ACQUIRE_PRICE_AND_PIT_FINANCIAL,27,1141
UCBI,UCBI,,,43,2021-01-29,2024-07-31,43,0,0,0,43,0,0,,,ACQUIRE_PRICE_AND_PIT_FINANCIAL,28,1142
VBIV,VBIV,,,43,2021-01-29,2024-07-31,43,0,0,0,43,0,0,,,ACQUIRE_PRICE_AND_PIT_FINANCIAL,29,1143
AEZS,AEZS,,,42,2021-01-29,2024-07-31,42,0,0,0,42,0,0,,,ACQUIRE_PRICE_AND_PIT_FINANCIAL,30,1144
ASLN,ASLN,,,42,2021-01-29,2024-07-31,42,0,0,0,42,0,0,,,ACQUIRE_PRICE_AND_PIT_FINANCIAL,31,1145
AVRO,AVRO,,,42,2021-01-29,2024-06-28,42,0,0,0,42,0,0,,,ACQUIRE_PRICE_AND_PIT_FINANCIAL,32,1146
BIOL,BIOL,,,42,2021-01-29,2024-06-28,42,0,0,0,42,0,0,,,ACQUIRE_PRICE_AND_PIT_FINANCIAL,33,1147
CAMP,CAMP,,,42,2021-01-29,2024-06-28,0,42,0,0,42,0,0,2024-10-11,2026-07-17,BACKFILL_PRICE_HEAD_PLUS_PIT_FINANCIAL,34,10
CMAX,CMAX,,,42,2021-06-30,2024-11-29,42,0,0,0,42,0,0,,,ACQUIRE_PRICE_AND_PIT_FINANCIAL,35,1148
CNTG,CNTG,,,42,2021-01-29,2024-07-31,42,0,0,0,42,0,0,,,ACQUIRE_PRICE_AND_PIT_FINANCIAL,36,1149
CSSE,CSSE,,,42,2021-01-29,2024-06-28,42,0,0,0,42,0,0,,,ACQUIRE_PRICE_AND_PIT_FINANCIAL,37,1150
CVLY,CVLY,,,42,2021-01-29,2024-06-28,42,0,0,0,42,0,0,,,ACQUIRE_PRICE_AND_PIT_FINANCIAL,38,1151
DCPH,DCPH,,,42,2021-01-29,2024-06-28,42,0,0,0,42,0,0,,,ACQUIRE_PRICE_AND_PIT_FINANCIAL,39,1152
DMTK,DMTK,,,42,2021-01-29,2024-06-28,42,0,0,0,42,0,0,,,ACQUIRE_PRICE_AND_PIT_FINANCIAL,40,1153
DYNT,DYNT,,,42,2021-01-29,2024-06-28,42,0,0,0,42,0,0,,,ACQUIRE_PRICE_AND_PIT_FINANCIAL,41,1154
EVBG,EVBG,,,42,2021-01-29,2024-06-28,42,0,0,0,42,0,0,,,ACQUIRE_PRICE_AND_PIT_FINANCIAL,42,1155
FNCB,FNCB,,,42,2021-01-29,2024-06-28,42,0,0,0,42,0,0,,,ACQUIRE_PRICE_AND_PIT_FINANCIAL,43,1156
GRTX,GRTX,,,42,2021-01-29,2024-06-28,42,0,0,0,42,0,0,,,ACQUIRE_PRICE_AND_PIT_FINANCIAL,44,1157
HOLI,HOLI,,,42,2021-01-29,2024-07-31,42,0,0,0,42,0,0,,,ACQUIRE_PRICE_AND_PIT_FINANCIAL,45,1158
LIFE,LIFE,,,42,2021-01-29,2024-06-28,0,42,0,0,42,0,0,2026-01-29,2026-07-31,BACKFILL_PRICE_HEAD_PLUS_PIT_FINANCIAL,46,11
MOR,MOR,,,42,2021-01-29,2024-07-31,42,0,0,0,42,0,0,,,ACQUIRE_PRICE_AND_PIT_FINANCIAL,47,1159
NWLI,NWLI,,,42,2021-01-29,2024-06-28,42,0,0,0,42,0,0,,,ACQUIRE_PRICE_AND_PIT_FINANCIAL,48,1160
PWFL,PWFL,,,42,2021-01-29,2024-06-28,42,0,0,0,42,0,0,,,ACQUIRE_PRICE_AND_PIT_FINANCIAL,49,1161
QLI,QLI,,,42,2021-01-29,2024-07-31,42,0,0,0,42,0,0,,,ACQUIRE_PRICE_AND_PIT_FINANCIAL,50,1162
SSNT,SSNT,,,42,2021-01-29,2024-06-28,42,0,0,0,42,0,0,,,ACQUIRE_PRICE_AND_PIT_FINANCIAL,51,1163
SWAV,SWAV,,,42,2021-01-29,2024-06-28,42,0,0,0,42,0,0,,,ACQUIRE_PRICE_AND_PIT_FINANCIAL,52,1164
TCON,TCON,,,42,2021-01-29,2024-06-28,42,0,0,0,42,0,0,,,ACQUIRE_PRICE_AND_PIT_FINANCIAL,53,1165
TSRI,TSRI,,,42,2021-01-29,2024-06-28,42,0,0,0,42,0,0,,,ACQUIRE_PRICE_AND_PIT_FINANCIAL,54,1166
VERY,VERY,,,42,2021-01-29,2024-06-28,42,0,0,0,42,0,0,,,ACQUIRE_PRICE_AND_PIT_FINANCIAL,55,1167
WIRE,WIRE,,,42,2021-01-29,2024-06-28,42,0,0,0,42,0,0,,,ACQUIRE_PRICE_AND_PIT_FINANCIAL,56,1168
CYTO,CYTO,,,41,2021-07-30,2024-12-31,41,0,0,0,41,0,0,,,ACQUIRE_PRICE_AND_PIT_FINANCIAL,57,1169
FUSN,FUSN,,,41,2021-01-29,2024-06-28,41,0,0,0,41,0,0,,,ACQUIRE_PRICE_AND_PIT_FINANCIAL,58,1170
KRNL,KRNL,,,41,2021-03-31,2024-07-31,41,0,0,0,41,0,0,,,ACQUIRE_PRICE_AND_PIT_FINANCIAL,59,1171
SLAM,SLAM,,,41,2021-04-30,2024-08-30,41,0,0,0,41,0,0,,,ACQUIRE_PRICE_AND_PIT_FINANCIAL,60,1172
VTRU,VTRU,,,41,2021-01-29,2024-06-28,41,0,0,0,41,0,0,,,ACQUIRE_PRICE_AND_PIT_FINANCIAL,61,1173
ALPN,ALPN,,,40,2021-01-29,2024-04-30,40,0,0,0,40,0,0,,,ACQUIRE_PRICE_AND_PIT_FINANCIAL,62,1174
CONX,CONX,,,40,2021-01-29,2024-04-30,40,0,0,0,40,0,0,,,ACQUIRE_PRICE_AND_PIT_FINANCIAL,63,1175
FUV,FUV,,,40,2021-01-29,2024-04-30,40,0,0,0,40,0,0,,,ACQUIRE_PRICE_AND_PIT_FINANCIAL,64,1176
HYW,HYW,,,40,2021-03-31,2024-07-31,40,0,0,0,40,0,0,,,ACQUIRE_PRICE_AND_PIT_FINANCIAL,65,1177
INBX,INBX,,,40,2021-01-29,2024-04-30,0,40,0,0,40,0,0,2024-05-28,2026-07-31,BACKFILL_PRICE_HEAD_PLUS_PIT_FINANCIAL,66,12
ISUN,ISUN,,,40,2021-01-29,2024-04-30,40,0,0,0,40,0,0,,,ACQUIRE_PRICE_AND_PIT_FINANCIAL,67,1178
LBAI,LBAI,,,40,2021-01-29,2024-04-30,40,0,0,0,40,0,0,,,ACQUIRE_PRICE_AND_PIT_FINANCIAL,68,1179
MACK,MACK,,,40,2021-01-29,2024-04-30,40,0,0,0,40,0,0,,,ACQUIRE_PRICE_AND_PIT_FINANCIAL,69,1180
MYMD,MYMD,,,40,2021-04-30,2024-07-31,40,0,0,0,40,0,0,,,ACQUIRE_PRICE_AND_PIT_FINANCIAL,70,1181
NBSE,NBSE,,,40,2021-01-29,2024-04-30,40,0,0,0,40,0,0,,,ACQUIRE_PRICE_AND_PIT_FINANCIAL,71,1182
OLK,OLK,,,40,2021-03-31,2024-07-31,40,0,0,0,40,0,0,,,ACQUIRE_PRICE_AND_PIT_FINANCIAL,72,1183
SMMF,SMMF,,,40,2021-01-29,2024-04-30,40,0,0,0,40,0,0,,,ACQUIRE_PRICE_AND_PIT_FINANCIAL,73,1184
SP,SP,,,40,2021-01-29,2024-04-30,40,0,0,0,40,0,0,,,ACQUIRE_PRICE_AND_PIT_FINANCIAL,74,1185
TAST,TAST,,,40,2021-01-29,2024-04-30,40,0,0,0,40,0,0,,,ACQUIRE_PRICE_AND_PIT_FINANCIAL,75,1186
WISH,WISH,,,40,2021-01-29,2024-04-30,40,0,0,0,40,0,0,,,ACQUIRE_PRICE_AND_PIT_FINANCIAL,76,1187
YTEN,YTEN,,,40,2021-01-29,2024-04-30,40,0,0,0,40,0,0,,,ACQUIRE_PRICE_AND_PIT_FINANCIAL,77,1188
ACOR,ACOR,,,39,2021-01-29,2024-03-28,39,0,0,0,39,0,0,,,ACQUIRE_PRICE_AND_PIT_FINANCIAL,78,1189
AIH,AIH,,,39,2021-01-29,2024-04-30,39,0,0,0,39,0,0,,,ACQUIRE_PRICE_AND_PIT_FINANCIAL,79,1190
AMNB,AMNB,,,39,2021-01-29,2024-03-28,39,0,0,0,39,0,0,,,ACQUIRE_PRICE_AND_PIT_FINANCIAL,80,1191
BRP,BRP,,,39,2021-01-29,2024-04-30,39,0,0,0,39,0,0,,,ACQUIRE_PRICE_AND_PIT_FINANCIAL,81,1192
CASA,CASA,,,39,2021-01-29,2024-03-28,39,0,0,0,39,0,0,,,ACQUIRE_PRICE_AND_PIT_FINANCIAL,82,1193
CSTR,CSTR,,,39,2021-01-29,2024-03-28,39,0,0,0,39,0,0,,,ACQUIRE_PRICE_AND_PIT_FINANCIAL,83,1194
CVCY,CVCY,,,39,2021-01-29,2024-03-28,39,0,0,0,39,0,0,,,ACQUIRE_PRICE_AND_PIT_FINANCIAL,84,1195
DSKE,DSKE,,,39,2021-01-29,2024-03-28,39,0,0,0,39,0,0,,,ACQUIRE_PRICE_AND_PIT_FINANCIAL,85,1196
EIGR,EIGR,,,39,2021-01-29,2024-03-28,39,0,0,0,39,0,0,,,ACQUIRE_PRICE_AND_PIT_FINANCIAL,86,1197
GAMC,GAMC,,,39,2021-05-28,2024-08-30,39,0,0,0,39,0,0,,,ACQUIRE_PRICE_AND_PIT_FINANCIAL,87,1198
KNTE,KNTE,,,39,2021-01-29,2024-03-28,39,0,0,0,39,0,0,,,ACQUIRE_PRICE_AND_PIT_FINANCIAL,88,1199
LABP,LABP,,,39,2021-02-26,2024-04-30,39,0,0,0,39,0,0,,,ACQUIRE_PRICE_AND_PIT_FINANCIAL,89,1200
NGM,NGM,,,39,2021-01-29,2024-03-28,39,0,0,0,39,0,0,,,ACQUIRE_PRICE_AND_PIT_FINANCIAL,90,1201
NGMS,NGMS,,,39,2021-01-29,2024-04-30,39,0,0,0,39,0,0,,,ACQUIRE_PRICE_AND_PIT_FINANCIAL,91,1202
ONTX,ONTX,,,39,2021-01-29,2024-03-28,39,0,0,0,39,0,0,,,ACQUIRE_PRICE_AND_PIT_FINANCIAL,92,1203
RCRT,RCRT,,,39,2021-07-30,2024-09-30,39,0,0,0,39,0,0,,,ACQUIRE_PRICE_AND_PIT_FINANCIAL,93,1204
RGF,RGF,,,39,2021-11-30,2025-01-31,39,0,0,0,39,0,0,,,ACQUIRE_PRICE_AND_PIT_FINANCIAL,94,1205
SECO,SECO,,,39,2021-01-29,2024-04-30,39,0,0,0,39,0,0,,,ACQUIRE_PRICE_AND_PIT_FINANCIAL,95,1206
TWLV,TWLV,,,39,2021-04-30,2024-06-28,0,39,0,0,39,0,0,2026-01-09,2026-07-17,BACKFILL_PRICE_HEAD_PLUS_PIT_FINANCIAL,96,13
VEV,VEV,,,39,2021-07-30,2024-10-31,39,0,0,0,39,0,0,,,ACQUIRE_PRICE_AND_PIT_FINANCIAL,97,1207
ACRX,ACRX,,,38,2021-01-29,2024-02-29,38,0,0,0,38,0,0,,,ACQUIRE_PRICE_AND_PIT_FINANCIAL,98,1208
ADES,ADES,,,38,2021-01-29,2024-02-29,38,0,0,0,38,0,0,,,ACQUIRE_PRICE_AND_PIT_FINANCIAL,99,1209
AEY,AEY,,,38,2021-01-29,2024-02-29,38,0,0,0,38,0,0,,,ACQUIRE_PRICE_AND_PIT_FINANCIAL,100,1210
AGRX,AGRX,,,38,2021-01-29,2024-02-29,38,0,0,0,38,0,0,,,ACQUIRE_PRICE_AND_PIT_FINANCIAL,101,1211
AMEH,AMEH,,,38,2021-01-29,2024-02-29,38,0,0,0,38,0,0,,,ACQUIRE_PRICE_AND_PIT_FINANCIAL,102,1212
AMTI,AMTI,,,38,2021-01-29,2024-02-29,38,0,0,0,38,0,0,,,ACQUIRE_PRICE_AND_PIT_FINANCIAL,103,1213
ARAV,ARAV,,,38,2021-01-29,2024-02-29,38,0,0,0,38,0,0,,,ACQUIRE_PRICE_AND_PIT_FINANCIAL,104,1214
BCEL,BCEL,,,38,2021-01-29,2024-02-29,38,0,0,0,38,0,0,,,ACQUIRE_PRICE_AND_PIT_FINANCIAL,105,1215
BPTS,BPTS,,,38,2021-02-26,2024-04-30,38,0,0,0,38,0,0,,,ACQUIRE_PRICE_AND_PIT_FINANCIAL,106,1216
CBAY,CBAY,,,38,2021-01-29,2024-02-29,38,0,0,0,38,0,0,,,ACQUIRE_PRICE_AND_PIT_FINANCIAL,107,1217
COMS,COMS,,,38,2021-01-29,2024-02-29,38,0,0,0,38,0,0,,,ACQUIRE_PRICE_AND_PIT_FINANCIAL,108,1218
CPSI,CPSI,,,38,2021-01-29,2024-02-29,38,0,0,0,38,0,0,,,ACQUIRE_PRICE_AND_PIT_FINANCIAL,109,1219
CYAN,CYAN,,,38,2021-01-29,2024-02-29,38,0,0,0,38,0,0,,,ACQUIRE_PRICE_AND_PIT_FINANCIAL,110,1220
EAR,EAR,,,38,2021-01-29,2024-02-29,38,0,0,0,38,0,0,,,ACQUIRE_PRICE_AND_PIT_FINANCIAL,111,1221
EBIX,EBIX,,,38,2021-01-29,2024-02-29,38,0,0,0,38,0,0,,,ACQUIRE_PRICE_AND_PIT_FINANCIAL,112,1222
FIXX,FIXX,,,38,2021-01-29,2024-02-29,38,0,0,0,38,0,0,,,ACQUIRE_PRICE_AND_PIT_FINANCIAL,113,1223
FNCH,FNCH,,,38,2021-03-31,2024-04-30,38,0,0,0,38,0,0,,,ACQUIRE_PRICE_AND_PIT_FINANCIAL,114,1224
GMDA,GMDA,,,38,2021-01-29,2024-03-28,38,0,0,0,38,0,0,,,ACQUIRE_PRICE_AND_PIT_FINANCIAL,115,1225
GROM,GROM,,,38,2021-07-30,2024-08-30,38,0,0,0,38,0,0,,,ACQUIRE_PRICE_AND_PIT_FINANCIAL,116,1226
GTH,GTH,,,38,2021-01-29,2024-03-28,38,0,0,0,38,0,0,,,ACQUIRE_PRICE_AND_PIT_FINANCIAL,117,1227
HALL,HALL,,,38,2021-01-29,2024-02-29,38,0,0,0,38,0,0,,,ACQUIRE_PRICE_AND_PIT_FINANCIAL,118,1228
HARP,HARP,,,38,2021-01-29,2024-02-29,38,0,0,0,38,0,0,,,ACQUIRE_PRICE_AND_PIT_FINANCIAL,119,1229
HCDI,HCDI,,,38,2021-01-29,2024-02-29,38,0,0,0,38,0,0,,,ACQUIRE_PRICE_AND_PIT_FINANCIAL,120,1230
IMGN,IMGN,,,38,2021-01-29,2024-02-29,38,0,0,0,38,0,0,,,ACQUIRE_PRICE_AND_PIT_FINANCIAL,121,1231
INPX,INPX,,,38,2021-01-29,2024-02-29,38,0,0,0,38,0,0,,,ACQUIRE_PRICE_AND_PIT_FINANCIAL,122,1232
KERN,KERN,,,38,2021-01-29,2024-02-29,38,0,0,0,38,0,0,,,ACQUIRE_PRICE_AND_PIT_FINANCIAL,123,1233
KRTX,KRTX,,,38,2021-01-29,2024-02-29,38,0,0,0,38,0,0,,,ACQUIRE_PRICE_AND_PIT_FINANCIAL,124,1234
LAZY,LAZY,,,38,2021-01-29,2024-02-29,38,0,0,0,38,0,0,,,ACQUIRE_PRICE_AND_PIT_FINANCIAL,125,1235
LBC,LBC,,,38,2021-01-29,2024-02-29,38,0,0,0,38,0,0,,,ACQUIRE_PRICE_AND_PIT_FINANCIAL,126,1236
LILM,LILM,,,38,2021-09-30,2024-11-29,38,0,0,0,38,0,0,,,ACQUIRE_PRICE_AND_PIT_FINANCIAL,127,1237
MARK,MARK,,,38,2021-01-29,2024-02-29,38,0,0,0,38,0,0,,,ACQUIRE_PRICE_AND_PIT_FINANCIAL,128,1238
MDGS,MDGS,,,38,2021-01-29,2024-03-28,38,0,0,0,38,0,0,,,ACQUIRE_PRICE_AND_PIT_FINANCIAL,129,1239
MDRX,MDRX,,,38,2021-01-29,2024-02-29,38,0,0,0,38,0,0,,,ACQUIRE_PRICE_AND_PIT_FINANCIAL,130,1240
MDVL,MDVL,,,38,2021-01-29,2024-02-29,38,0,0,0,38,0,0,,,ACQUIRE_PRICE_AND_PIT_FINANCIAL,131,1241
MMAT,MMAT,,,38,2021-07-30,2024-08-30,38,0,0,0,38,0,0,,,ACQUIRE_PRICE_AND_PIT_FINANCIAL,132,1242
MOTS,MOTS,,,38,2021-01-29,2024-03-28,38,0,0,0,38,0,0,,,ACQUIRE_PRICE_AND_PIT_FINANCIAL,133,1243
MRTX,MRTX,,,38,2021-01-29,2024-02-29,38,0,0,0,38,0,0,,,ACQUIRE_PRICE_AND_PIT_FINANCIAL,134,1244
NSTG,NSTG,,,38,2021-01-29,2024-02-29,38,0,0,0,38,0,0,,,ACQUIRE_PRICE_AND_PIT_FINANCIAL,135,1245
NVIV,NVIV,,,38,2021-01-29,2024-02-29,38,0,0,0,38,0,0,,,ACQUIRE_PRICE_AND_PIT_FINANCIAL,136,1246
PBLA,PBLA,,,38,2021-01-29,2024-02-29,38,0,0,0,38,0,0,,,ACQUIRE_PRICE_AND_PIT_FINANCIAL,137,1247
PIK,PIK,,,38,2021-11-30,2024-12-31,38,0,0,0,38,0,0,,,ACQUIRE_PRICE_AND_PIT_FINANCIAL,138,1248
SALM,SALM,,,38,2021-01-29,2024-02-29,38,0,0,0,38,0,0,,,ACQUIRE_PRICE_AND_PIT_FINANCIAL,139,1249
SIEN,SIEN,,,38,2021-01-29,2024-02-29,38,0,0,0,38,0,0,,,ACQUIRE_PRICE_AND_PIT_FINANCIAL,140,1250
SPLK,SPLK,,,38,2021-01-29,2024-02-29,38,0,0,0,38,0,0,,,ACQUIRE_PRICE_AND_PIT_FINANCIAL,141,1251
SUNW,SUNW,,,38,2021-01-29,2024-02-29,38,0,0,0,38,0,0,,,ACQUIRE_PRICE_AND_PIT_FINANCIAL,142,1252
VWE,VWE,,,38,2021-06-30,2024-07-31,38,0,0,0,38,0,0,,,ACQUIRE_PRICE_AND_PIT_FINANCIAL,143,1253
WTER,WTER,,,38,2021-01-29,2024-02-29,38,0,0,0,38,0,0,,,ACQUIRE_PRICE_AND_PIT_FINANCIAL,144,1254
ALYA,ALYA,,,37,2021-01-29,2024-02-29,37,0,0,0,37,0,0,,,ACQUIRE_PRICE_AND_PIT_FINANCIAL,145,1255
ASTR,ASTR,,,37,2021-07-30,2024-07-31,37,0,0,0,37,0,0,,,ACQUIRE_PRICE_AND_PIT_FINANCIAL,146,1256
BNOX,BNOX,,,37,2021-12-31,2024-12-31,37,0,0,0,37,0,0,,,ACQUIRE_PRICE_AND_PIT_FINANCIAL,147,1257
CUEN,CUEN,,,37,2021-02-26,2024-02-29,37,0,0,0,37,0,0,,,ACQUIRE_PRICE_AND_PIT_FINANCIAL,148,1258
CULL,CULL,,,37,2021-07-30,2024-07-31,37,0,0,0,37,0,0,,,ACQUIRE_PRICE_AND_PIT_FINANCIAL,149,1259
FRLN,FRLN,,,37,2021-01-29,2024-02-29,37,0,0,0,37,0,0,,,ACQUIRE_PRICE_AND_PIT_FINANCIAL,150,1260
GENE,GENE,,,37,2021-11-30,2024-12-31,37,0,0,0,37,0,0,,,ACQUIRE_PRICE_AND_PIT_FINANCIAL,151,1261
GMBL,GMBL,,,37,2021-01-29,2024-02-29,37,0,0,0,37,0,0,,,ACQUIRE_PRICE_AND_PIT_FINANCIAL,152,1262
GRCL,GRCL,,,37,2021-01-29,2024-02-29,37,0,0,0,37,0,0,,,ACQUIRE_PRICE_AND_PIT_FINANCIAL,153,1263
LIZI,LIZI,,,37,2021-01-29,2024-02-29,37,0,0,0,37,0,0,,,ACQUIRE_PRICE_AND_PIT_FINANCIAL,154,1264
MDWT,MDWT,,,37,2021-01-29,2024-01-31,37,0,0,0,37,0,0,,,ACQUIRE_PRICE_AND_PIT_FINANCIAL,155,1265
MINM,MINM,,,37,2021-07-30,2024-07-31,0,37,0,0,37,0,0,2025-06-03,2026-07-17,BACKFILL_PRICE_HEAD_PLUS_PIT_FINANCIAL,156,14
NEPT,NEPT,,,37,2021-01-29,2024-02-29,37,0,0,0,37,0,0,,,ACQUIRE_PRICE_AND_PIT_FINANCIAL,157,1266
NMRD,NMRD,,,37,2021-01-29,2024-02-29,37,0,0,0,37,0,0,,,ACQUIRE_PRICE_AND_PIT_FINANCIAL,158,1267
ORTX,ORTX,,,37,2021-01-29,2024-02-29,37,0,0,0,37,0,0,,,ACQUIRE_PRICE_AND_PIT_FINANCIAL,159,1268
PATI,PATI,,,37,2021-01-29,2024-01-31,37,0,0,0,37,0,0,,,ACQUIRE_PRICE_AND_PIT_FINANCIAL,160,1269
PBTS,PBTS,,,37,2021-01-29,2024-02-29,37,0,0,0,37,0,0,,,ACQUIRE_PRICE_AND_PIT_FINANCIAL,161,1270
PFIN,PFIN,,,37,2021-01-29,2024-01-31,37,0,0,0,37,0,0,,,ACQUIRE_PRICE_AND_PIT_FINANCIAL,162,1271
PUCK,PUCK,,,37,2021-03-31,2024-04-30,37,0,0,0,37,0,0,,,ACQUIRE_PRICE_AND_PIT_FINANCIAL,163,1272
PUYI,PUYI,,,37,2021-01-29,2024-02-29,37,0,0,0,37,0,0,,,ACQUIRE_PRICE_AND_PIT_FINANCIAL,164,1273
RWLK,RWLK,,,37,2021-01-29,2024-02-29,37,0,0,0,37,0,0,,,ACQUIRE_PRICE_AND_PIT_FINANCIAL,165,1274
SOLO,SOLO,,,37,2021-01-29,2024-02-29,37,0,0,0,37,0,0,,,ACQUIRE_PRICE_AND_PIT_FINANCIAL,166,1275
TCBC,TCBC,,,37,2021-07-30,2024-07-31,37,0,0,0,37,0,0,,,ACQUIRE_PRICE_AND_PIT_FINANCIAL,167,1276
TEDU,TEDU,,,37,2021-01-29,2024-02-29,37,0,0,0,37,0,0,,,ACQUIRE_PRICE_AND_PIT_FINANCIAL,168,1277
VIEW,VIEW,,,37,2021-03-31,2024-03-28,37,0,0,0,37,0,0,,,ACQUIRE_PRICE_AND_PIT_FINANCIAL,169,1278
VJET,VJET,,,37,2021-01-29,2024-02-29,37,0,0,0,37,0,0,,,ACQUIRE_PRICE_AND_PIT_FINANCIAL,170,1279
YNDX,YNDX,,,37,2021-01-29,2024-08-30,37,0,0,0,37,0,0,,,ACQUIRE_PRICE_AND_PIT_FINANCIAL,171,1280
BSQR,BSQR,,,36,2021-01-29,2023-12-29,36,0,0,0,36,0,0,,,ACQUIRE_PRICE_AND_PIT_FINANCIAL,172,1281
CBRG,CBRG,,,36,2021-12-31,2024-11-29,36,0,0,0,36,0,0,,,ACQUIRE_PRICE_AND_PIT_FINANCIAL,173,1282
CIZN,CIZN,,,36,2021-01-29,2023-12-29,36,0,0,0,36,0,0,,,ACQUIRE_PRICE_AND_PIT_FINANCIAL,174,1283
CTG,CTG,,,36,2021-01-29,2023-12-29,36,0,0,0,36,0,0,,,ACQUIRE_PRICE_AND_PIT_FINANCIAL,175,1284
CWBR,CWBR,,,36,2021-01-29,2023-12-29,36,0,0,0,36,0,0,,,ACQUIRE_PRICE_AND_PIT_FINANCIAL,176,1285
DISH,DISH,,,36,2021-01-29,2023-12-29,36,0,0,0,36,0,0,,,ACQUIRE_PRICE_AND_PIT_FINANCIAL,177,1286
EVLO,EVLO,,,36,2021-01-29,2023-12-29,36,0,0,0,36,0,0,,,ACQUIRE_PRICE_AND_PIT_FINANCIAL,178,1287
JOAN,JOAN,,,36,2021-03-31,2024-02-29,36,0,0,0,36,0,0,,,ACQUIRE_PRICE_AND_PIT_FINANCIAL,179,1288
NLTX,NLTX,,,36,2021-01-29,2024-01-31,36,0,0,0,36,0,0,,,ACQUIRE_PRICE_AND_PIT_FINANCIAL,180,1289
PACW,PACW,,,36,2021-01-29,2023-12-29,36,0,0,0,36,0,0,,,ACQUIRE_PRICE_AND_PIT_FINANCIAL,181,1290
PCTI,PCTI,,,36,2021-01-29,2023-12-29,36,0,0,0,36,0,0,,,ACQUIRE_PRICE_AND_PIT_FINANCIAL,182,1291
PTRS,PTRS,,,36,2021-01-29,2023-12-29,36,0,0,0,36,0,0,,,ACQUIRE_PRICE_AND_PIT_FINANCIAL,183,1292
QIWI,QIWI,,,36,2021-01-29,2024-07-31,36,0,0,0,36,0,0,,,ACQUIRE_PRICE_AND_PIT_FINANCIAL,184,1293
SGEN,SGEN,,,36,2021-01-29,2023-12-29,36,0,0,0,36,0,0,,,ACQUIRE_PRICE_AND_PIT_FINANCIAL,185,1294
SNPO,SNPO,,,36,2021-07-30,2024-06-28,36,0,0,0,36,0,0,,,ACQUIRE_PRICE_AND_PIT_FINANCIAL,186,1295
ABCM,ABCM,,,35,2021-01-29,2023-12-29,35,0,0,0,35,0,0,,,ACQUIRE_PRICE_AND_PIT_FINANCIAL,187,1296
ACER,ACER,,,35,2021-01-29,2023-12-29,35,0,0,0,35,0,0,,,ACQUIRE_PRICE_AND_PIT_FINANCIAL,188,1297
AGLE,AGLE,,,35,2021-01-29,2023-12-29,35,0,0,0,35,0,0,,,ACQUIRE_PRICE_AND_PIT_FINANCIAL,189,1298
ARCE,ARCE,,,35,2021-01-29,2023-12-29,35,0,0,0,35,0,0,,,ACQUIRE_PRICE_AND_PIT_FINANCIAL,190,1299
ARVL,ARVL,,,35,2021-03-31,2024-02-29,35,0,0,0,35,0,0,,,ACQUIRE_PRICE_AND_PIT_FINANCIAL,191,1300
AVID,AVID,,,35,2021-01-29,2023-12-29,35,0,0,0,35,0,0,,,ACQUIRE_PRICE_AND_PIT_FINANCIAL,192,1301
AXLA,AXLA,,,35,2021-01-29,2023-12-29,35,0,0,0,35,0,0,,,ACQUIRE_PRICE_AND_PIT_FINANCIAL,193,1302
BXRX,BXRX,,,35,2021-01-29,2023-12-29,35,0,0,0,35,0,0,,,ACQUIRE_PRICE_AND_PIT_FINANCIAL,194,1303
CFRX,CFRX,,,35,2021-01-29,2023-12-29,35,0,0,0,35,0,0,,,ACQUIRE_PRICE_AND_PIT_FINANCIAL,195,1304
EFTR,EFTR,,,35,2021-08-31,2024-06-28,35,0,0,0,35,0,0,,,ACQUIRE_PRICE_AND_PIT_FINANCIAL,196,1305
FREQ,FREQ,,,35,2021-01-29,2023-12-29,35,0,0,0,35,0,0,,,ACQUIRE_PRICE_AND_PIT_FINANCIAL,197,1306
FRGI,FRGI,,,35,2021-01-29,2023-12-29,35,0,0,0,35,0,0,,,ACQUIRE_PRICE_AND_PIT_FINANCIAL,198,1307
GBNH,GBNH,,,35,2021-03-31,2024-02-29,35,0,0,0,35,0,0,,,ACQUIRE_PRICE_AND_PIT_FINANCIAL,199,1308
ICPT,ICPT,,,35,2021-01-29,2023-12-29,35,0,0,0,35,0,0,,,ACQUIRE_PRICE_AND_PIT_FINANCIAL,200,1309
IONM,IONM,,,35,2021-09-30,2024-07-31,35,0,0,0,35,0,0,,,ACQUIRE_PRICE_AND_PIT_FINANCIAL,201,1310
KBNT,KBNT,,,35,2021-01-29,2023-12-29,35,0,0,0,35,0,0,,,ACQUIRE_PRICE_AND_PIT_FINANCIAL,202,1311
LTRPA,LTRPA,,,35,2021-01-29,2023-12-29,35,0,0,0,35,0,0,,,ACQUIRE_PRICE_AND_PIT_FINANCIAL,203,1312
LTRPB,LTRPB,,,35,2021-01-29,2023-12-29,35,0,0,0,35,0,0,,,ACQUIRE_PRICE_AND_PIT_FINANCIAL,204,1313
NXGN,NXGN,,,35,2021-01-29,2023-12-29,35,0,0,0,35,0,0,,,ACQUIRE_PRICE_AND_PIT_FINANCIAL,205,1314
OSTK,OSTK,,,35,2021-01-29,2023-12-29,35,0,0,0,35,0,0,,,ACQUIRE_PRICE_AND_PIT_FINANCIAL,206,1315
PCYG,PCYG,,,35,2021-01-29,2023-12-29,35,0,0,0,35,0,0,,,ACQUIRE_PRICE_AND_PIT_FINANCIAL,207,1316
RIBT,RIBT,,,35,2021-01-29,2023-12-29,35,0,0,0,35,0,0,,,ACQUIRE_PRICE_AND_PIT_FINANCIAL,208,1317
SELB,SELB,,,35,2021-01-29,2023-12-29,35,0,0,0,35,0,0,,,ACQUIRE_PRICE_AND_PIT_FINANCIAL,209,1318
TRHC,TRHC,,,35,2021-01-29,2023-12-29,35,0,0,0,35,0,0,,,ACQUIRE_PRICE_AND_PIT_FINANCIAL,210,1319
TSP,TSP,,,35,2021-04-30,2024-02-29,35,0,0,0,35,0,0,,,ACQUIRE_PRICE_AND_PIT_FINANCIAL,211,1320
TWNK,TWNK,,,35,2021-01-29,2023-12-29,35,0,0,0,35,0,0,,,ACQUIRE_PRICE_AND_PIT_FINANCIAL,212,1321
VIA,VIA,,,35,2021-08-31,2024-06-28,35,0,0,0,35,0,0,,,ACQUIRE_PRICE_AND_PIT_FINANCIAL,213,1322
VII,VII,,,35,2021-02-26,2023-12-29,35,0,0,0,35,0,0,,,ACQUIRE_PRICE_AND_PIT_FINANCIAL,214,1323
BLEU,BLEU,,,34,2022-01-31,2024-11-29,34,0,0,0,34,0,0,,,ACQUIRE_PRICE_AND_PIT_FINANCIAL,215,1324
GLG,GLG,,,34,2021-01-29,2023-12-29,34,0,0,0,34,0,0,,,ACQUIRE_PRICE_AND_PIT_FINANCIAL,216,1325
GSMG,GSMG,,,34,2021-01-29,2023-12-29,34,0,0,0,34,0,0,,,ACQUIRE_PRICE_AND_PIT_FINANCIAL,217,1326
HLTH,HLTH,,,34,2021-09-30,2024-06-28,34,0,0,0,34,0,0,,,ACQUIRE_PRICE_AND_PIT_FINANCIAL,218,1327
LCA,LCA,,,34,2021-05-28,2024-02-29,34,0,0,0,34,0,0,,,ACQUIRE_PRICE_AND_PIT_FINANCIAL,219,1328
MDNA,MDNA,,,34,2021-01-29,2023-12-29,34,0,0,0,34,0,0,,,ACQUIRE_PRICE_AND_PIT_FINANCIAL,220,1329
MOXC,MOXC,,,34,2021-01-29,2023-12-29,34,0,0,0,34,0,0,,,ACQUIRE_PRICE_AND_PIT_FINANCIAL,221,1330
SWSS,SWSS,,,34,2021-09-30,2024-06-28,34,0,0,0,34,0,0,,,ACQUIRE_PRICE_AND_PIT_FINANCIAL,222,1331
TBCP,TBCP,,,34,2021-03-31,2023-12-29,34,0,0,0,34,0,0,,,ACQUIRE_PRICE_AND_PIT_FINANCIAL,223,1332
ACBA,ACBA,,,33,2021-05-28,2024-04-30,33,0,0,0,33,0,0,,,ACQUIRE_PRICE_AND_PIT_FINANCIAL,224,1333
AKU,AKU,,,33,2021-01-29,2023-09-29,33,0,0,0,33,0,0,,,ACQUIRE_PRICE_AND_PIT_FINANCIAL,225,1334
ATHX,ATHX,,,33,2021-01-29,2023-09-29,33,0,0,0,33,0,0,,,ACQUIRE_PRICE_AND_PIT_FINANCIAL,226,1335
ATVI,ATVI,,,33,2021-01-29,2023-09-29,33,0,0,0,33,0,0,,,ACQUIRE_PRICE_AND_PIT_FINANCIAL,227,1336
BIOC,BIOC,,,33,2021-01-29,2023-09-29,33,0,0,0,33,0,0,,,ACQUIRE_PRICE_AND_PIT_FINANCIAL,228,1337
BLPH,BLPH,,,33,2021-01-29,2023-09-29,33,0,0,0,33,0,0,,,ACQUIRE_PRICE_AND_PIT_FINANCIAL,229,1338
CTIB,CTIB,,,33,2021-01-29,2023-09-29,33,0,0,0,33,0,0,,,ACQUIRE_PRICE_AND_PIT_FINANCIAL,230,1339
HCCI,HCCI,,,33,2021-01-29,2023-09-29,33,0,0,0,33,0,0,,,ACQUIRE_PRICE_AND_PIT_FINANCIAL,231,1340
HSTO,HSTO,,,33,2021-01-29,2023-09-29,33,0,0,0,33,0,0,,,ACQUIRE_PRICE_AND_PIT_FINANCIAL,232,1341
IMPL,IMPL,,,33,2021-04-30,2023-12-29,33,0,0,0,33,0,0,,,ACQUIRE_PRICE_AND_PIT_FINANCIAL,233,1342
NATI,NATI,,,33,2021-01-29,2023-09-29,33,0,0,0,33,0,0,,,ACQUIRE_PRICE_AND_PIT_FINANCIAL,234,1343
NXTP,NXTP,,,33,2021-07-30,2024-03-28,33,0,0,0,33,0,0,,,ACQUIRE_PRICE_AND_PIT_FINANCIAL,235,1344
PFSW,PFSW,,,33,2021-01-29,2023-09-29,33,0,0,0,33,0,0,,,ACQUIRE_PRICE_AND_PIT_FINANCIAL,236,1345
RETA,RETA,,,33,2021-01-29,2023-09-29,33,0,0,0,33,0,0,,,ACQUIRE_PRICE_AND_PIT_FINANCIAL,237,1346
SCPL,SCPL,,,33,2021-01-29,2023-09-29,33,0,0,0,33,0,0,,,ACQUIRE_PRICE_AND_PIT_FINANCIAL,238,1347
SDC,SDC,,,33,2021-01-29,2023-09-29,33,0,0,0,33,0,0,,,ACQUIRE_PRICE_AND_PIT_FINANCIAL,239,1348
SFT,SFT,,,33,2021-01-29,2023-09-29,33,0,0,0,33,0,0,,,ACQUIRE_PRICE_AND_PIT_FINANCIAL,240,1349
SVFD,SVFD,,,33,2021-05-28,2024-02-29,33,0,0,0,33,0,0,,,ACQUIRE_PRICE_AND_PIT_FINANCIAL,241,1350
SYNH,SYNH,,,33,2021-01-29,2023-09-29,33,0,0,0,33,0,0,,,ACQUIRE_PRICE_AND_PIT_FINANCIAL,242,1351
TRKA,TRKA,,,33,2021-04-30,2023-12-29,33,0,0,0,33,0,0,,,ACQUIRE_PRICE_AND_PIT_FINANCIAL,243,1352
ZYNE,ZYNE,,,33,2021-01-29,2023-09-29,33,0,0,0,33,0,0,,,ACQUIRE_PRICE_AND_PIT_FINANCIAL,244,1353
ADMP,ADMP,,,32,2021-01-29,2023-08-31,32,0,0,0,32,0,0,,,ACQUIRE_PRICE_AND_PIT_FINANCIAL,245,1354
AZYO,AZYO,,,32,2021-01-29,2023-08-31,32,0,0,0,32,0,0,,,ACQUIRE_PRICE_AND_PIT_FINANCIAL,246,1355
BIOR,BIOR,,,32,2022-05-31,2024-12-31,32,0,0,0,32,0,0,,,ACQUIRE_PRICE_AND_PIT_FINANCIAL,247,1356
BKSC,BKSC,,,32,2021-01-29,2023-08-31,32,0,0,0,32,0,0,,,ACQUIRE_PRICE_AND_PIT_FINANCIAL,248,1357
BRQS,BRQS,,,32,2021-01-29,2023-09-29,32,0,0,0,32,0,0,,,ACQUIRE_PRICE_AND_PIT_FINANCIAL,249,1358
BTWN,BTWN,,,32,2021-01-29,2023-09-29,32,0,0,0,32,0,0,,,ACQUIRE_PRICE_AND_PIT_FINANCIAL,250,1359
CFMS,CFMS,,,32,2021-01-29,2023-08-31,32,0,0,0,32,0,0,,,ACQUIRE_PRICE_AND_PIT_FINANCIAL,251,1360
CYT,CYT,,,32,2021-07-30,2024-02-29,32,0,0,0,32,0,0,,,ACQUIRE_PRICE_AND_PIT_FINANCIAL,252,1361
DBTX,DBTX,,,32,2021-02-26,2023-09-29,32,0,0,0,32,0,0,,,ACQUIRE_PRICE_AND_PIT_FINANCIAL,253,1362
ELYS,ELYS,,,32,2021-01-29,2023-09-29,32,0,0,0,32,0,0,,,ACQUIRE_PRICE_AND_PIT_FINANCIAL,254,1363
FEXD,FEXD,,,32,2022-01-31,2024-08-30,32,0,0,0,32,0,0,,,ACQUIRE_PRICE_AND_PIT_FINANCIAL,255,1364
FOCS,FOCS,,,32,2021-01-29,2023-08-31,32,0,0,0,32,0,0,,,ACQUIRE_PRICE_AND_PIT_FINANCIAL,256,1365
FWBI,FWBI,,,32,2021-09-30,2024-04-30,32,0,0,0,32,0,0,,,ACQUIRE_PRICE_AND_PIT_FINANCIAL,257,1366
GRPH,GRPH,,,32,2021-07-30,2024-02-29,32,0,0,0,32,0,0,,,ACQUIRE_PRICE_AND_PIT_FINANCIAL,258,1367
HZNP,HZNP,,,32,2021-01-29,2023-09-29,32,0,0,0,32,0,0,,,ACQUIRE_PRICE_AND_PIT_FINANCIAL,259,1368
ICVX,ICVX,,,32,2021-07-30,2024-02-29,32,0,0,0,32,0,0,,,ACQUIRE_PRICE_AND_PIT_FINANCIAL,260,1369
INFI,INFI,,,32,2021-01-29,2023-08-31,32,0,0,0,32,0,0,,,ACQUIRE_PRICE_AND_PIT_FINANCIAL,261,1370
JUPW,JUPW,,,32,2021-01-29,2023-08-31,32,0,0,0,32,0,0,,,ACQUIRE_PRICE_AND_PIT_FINANCIAL,262,1371
KRBP,KRBP,,,32,2021-01-29,2023-08-31,32,0,0,0,32,0,0,,,ACQUIRE_PRICE_AND_PIT_FINANCIAL,263,1372
LMNL,LMNL,,,32,2021-01-29,2023-09-29,32,0,0,0,32,0,0,,,ACQUIRE_PRICE_AND_PIT_FINANCIAL,264,1373
LVOX,LVOX,,,32,2021-07-30,2024-02-29,32,0,0,0,32,0,0,,,ACQUIRE_PRICE_AND_PIT_FINANCIAL,265,1374
METX,METX,,,32,2021-01-29,2023-09-29,32,0,0,0,32,0,0,,,ACQUIRE_PRICE_AND_PIT_FINANCIAL,266,1375
MGTA,MGTA,,,32,2021-01-29,2023-08-31,32,0,0,0,32,0,0,,,ACQUIRE_PRICE_AND_PIT_FINANCIAL,267,1376
NUVA,NUVA,,,32,2021-01-29,2023-08-31,32,0,0,0,32,0,0,,,ACQUIRE_PRICE_AND_PIT_FINANCIAL,268,1377
OMQS,OMQS,,,32,2021-09-30,2024-04-30,32,0,0,0,32,0,0,,,ACQUIRE_PRICE_AND_PIT_FINANCIAL,269,1378
OTEC,OTEC,,,32,2021-07-30,2024-02-29,32,0,0,0,32,0,0,,,ACQUIRE_PRICE_AND_PIT_FINANCIAL,270,1379
PEGY,PEGY,,,32,2022-04-29,2024-11-29,32,0,0,0,32,0,0,,,ACQUIRE_PRICE_AND_PIT_FINANCIAL,271,1380
PETV,PETV,,,32,2021-08-31,2024-03-28,32,0,0,0,32,0,0,,,ACQUIRE_PRICE_AND_PIT_FINANCIAL,272,1381
PNT,PNT,,,32,2021-07-30,2024-02-29,32,0,0,0,32,0,0,,,ACQUIRE_PRICE_AND_PIT_FINANCIAL,273,1382
PRTK,PRTK,,,32,2021-01-29,2023-08-31,32,0,0,0,32,0,0,,,ACQUIRE_PRICE_AND_PIT_FINANCIAL,274,1383
PYR,PYR,,,32,2021-03-31,2023-12-29,32,0,0,0,32,0,0,,,ACQUIRE_PRICE_AND_PIT_FINANCIAL,275,1384
RADI,RADI,,,32,2021-01-29,2023-08-31,32,0,0,0,32,0,0,,,ACQUIRE_PRICE_AND_PIT_FINANCIAL,276,1385
SEAC,SEAC,,,32,2021-01-29,2023-08-31,32,0,0,0,32,0,0,,,ACQUIRE_PRICE_AND_PIT_FINANCIAL,277,1386
SLGG,SLGG,,,32,2021-01-29,2023-08-31,32,0,0,0,32,0,0,,,ACQUIRE_PRICE_AND_PIT_FINANCIAL,278,1387
SURF,SURF,,,32,2021-01-29,2023-08-31,32,0,0,0,32,0,0,,,ACQUIRE_PRICE_AND_PIT_FINANCIAL,279,1388
VBLT,VBLT,,,32,2021-01-29,2023-09-29,32,0,0,0,32,0,0,,,ACQUIRE_PRICE_AND_PIT_FINANCIAL,280,1389
WAVD,WAVD,,,32,2021-12-31,2024-07-31,32,0,0,0,32,0,0,,,ACQUIRE_PRICE_AND_PIT_FINANCIAL,281,1390
ADTH,ADTH,,,31,2021-12-31,2024-06-28,31,0,0,0,31,0,0,,,ACQUIRE_PRICE_AND_PIT_FINANCIAL,282,1391
AHI,AHI,,,31,2021-11-30,2024-07-31,31,0,0,0,31,0,0,,,ACQUIRE_PRICE_AND_PIT_FINANCIAL,283,1392
AMOT,AMOT,,,31,2021-01-29,2023-07-31,31,0,0,0,31,0,0,,,ACQUIRE_PRICE_AND_PIT_FINANCIAL,284,1393
AMRS,AMRS,,,31,2021-01-29,2023-07-31,31,0,0,0,31,0,0,,,ACQUIRE_PRICE_AND_PIT_FINANCIAL,285,1394
BVXV,BVXV,,,31,2021-01-29,2023-08-31,31,0,0,0,31,0,0,,,ACQUIRE_PRICE_AND_PIT_FINANCIAL,286,1395
DFFN,DFFN,,,31,2021-01-29,2023-07-31,31,0,0,0,31,0,0,,,ACQUIRE_PRICE_AND_PIT_FINANCIAL,287,1396
DRTT,DRTT,,,31,2021-01-29,2023-08-31,31,0,0,0,31,0,0,,,ACQUIRE_PRICE_AND_PIT_FINANCIAL,288,1397
EGLX,EGLX,,,31,2021-04-30,2023-12-29,31,0,0,0,31,0,0,,,ACQUIRE_PRICE_AND_PIT_FINANCIAL,289,1398
ENOB,ENOB,,,31,2021-01-29,2023-07-31,31,0,0,0,31,0,0,,,ACQUIRE_PRICE_AND_PIT_FINANCIAL,290,1399
FRBK,FRBK,,,31,2021-01-29,2023-07-31,31,0,0,0,31,0,0,,,ACQUIRE_PRICE_AND_PIT_FINANCIAL,291,1400
FRG,FRG,,,31,2021-01-29,2023-07-31,31,0,0,0,31,0,0,,,ACQUIRE_PRICE_AND_PIT_FINANCIAL,292,1401
HMPT,HMPT,,,31,2021-01-29,2023-07-31,31,0,0,0,31,0,0,,,ACQUIRE_PRICE_AND_PIT_FINANCIAL,293,1402
ISIG,ISIG,,,31,2021-01-29,2023-07-31,31,0,0,0,31,0,0,,,ACQUIRE_PRICE_AND_PIT_FINANCIAL,294,1403
KDNY,KDNY,,,31,2021-01-29,2023-07-31,31,0,0,0,31,0,0,,,ACQUIRE_PRICE_AND_PIT_FINANCIAL,295,1404
MRAI,MRAI,,,31,2021-10-29,2024-04-30,31,0,0,0,31,0,0,,,ACQUIRE_PRICE_AND_PIT_FINANCIAL,296,1405
MSVB,MSVB,,,31,2021-01-29,2023-07-31,31,0,0,0,31,0,0,,,ACQUIRE_PRICE_AND_PIT_FINANCIAL,297,1406
OFED,OFED,,,31,2021-01-29,2023-07-31,31,0,0,0,31,0,0,,,ACQUIRE_PRICE_AND_PIT_FINANCIAL,298,1407
PDCE,PDCE,,,31,2021-01-29,2023-07-31,31,0,0,0,31,0,0,,,ACQUIRE_PRICE_AND_PIT_FINANCIAL,299,1408
ROVR,ROVR,,,31,2021-08-31,2024-02-29,31,0,0,0,31,0,0,,,ACQUIRE_PRICE_AND_PIT_FINANCIAL,300,1409
SAL,SAL,,,31,2021-01-29,2023-07-31,31,0,0,0,31,0,0,,,ACQUIRE_PRICE_AND_PIT_FINANCIAL,301,1410
SGTX,SGTX,,,31,2021-01-29,2023-07-31,31,0,0,0,31,0,0,,,ACQUIRE_PRICE_AND_PIT_FINANCIAL,302,1411
SPPI,SPPI,,,31,2021-01-29,2023-07-31,31,0,0,0,31,0,0,,,ACQUIRE_PRICE_AND_PIT_FINANCIAL,303,1412
STRC,STRC,,,31,2021-09-30,2024-03-28,0,31,0,0,31,0,0,2025-07-25,2026-07-31,BACKFILL_PRICE_HEAD_PLUS_PIT_FINANCIAL,304,15
TRMR,TRMR,,,31,2021-07-30,2024-02-29,31,0,0,0,31,0,0,,,ACQUIRE_PRICE_AND_PIT_FINANCIAL,305,1413
UIHC,UIHC,,,31,2021-01-29,2023-07-31,31,0,0,0,31,0,0,,,ACQUIRE_PRICE_AND_PIT_FINANCIAL,306,1414
VACC,VACC,,,31,2021-04-30,2023-12-29,31,0,0,0,31,0,0,,,ACQUIRE_PRICE_AND_PIT_FINANCIAL,307,1415
APPH,APPH,,,30,2021-02-26,2023-07-31,30,0,0,0,30,0,0,,,ACQUIRE_PRICE_AND_PIT_FINANCIAL,308,1416
APTM,APTM,,,30,2021-09-30,2024-02-29,30,0,0,0,30,0,0,,,ACQUIRE_PRICE_AND_PIT_FINANCIAL,309,1417
ARDS,ARDS,,,30,2021-01-29,2023-06-30,30,0,0,0,30,0,0,,,ACQUIRE_PRICE_AND_PIT_FINANCIAL,310,1418
BBIG,BBIG,,,30,2021-01-29,2023-06-30,30,0,0,0,30,0,0,,,ACQUIRE_PRICE_AND_PIT_FINANCIAL,311,1419
BGCP,BGCP,,,30,2021-01-29,2023-06-30,30,0,0,0,30,0,0,,,ACQUIRE_PRICE_AND_PIT_FINANCIAL,312,1420
CGRN,CGRN,,,30,2021-04-30,2023-09-29,30,0,0,0,30,0,0,,,ACQUIRE_PRICE_AND_PIT_FINANCIAL,313,1421
CTIC,CTIC,,,30,2021-01-29,2023-06-30,30,0,0,0,30,0,0,,,ACQUIRE_PRICE_AND_PIT_FINANCIAL,314,1422
EBET,EBET,,,30,2021-04-30,2023-09-29,30,0,0,0,30,0,0,,,ACQUIRE_PRICE_AND_PIT_FINANCIAL,315,1423
FICV,FICV,,,30,2021-08-31,2024-02-29,30,0,0,0,30,0,0,,,ACQUIRE_PRICE_AND_PIT_FINANCIAL,316,1424
GNUS,GNUS,,,30,2021-01-29,2023-06-30,30,0,0,0,30,0,0,,,ACQUIRE_PRICE_AND_PIT_FINANCIAL,317,1425
GRIL,GRIL,,,30,2021-01-29,2023-06-30,30,0,0,0,30,0,0,,,ACQUIRE_PRICE_AND_PIT_FINANCIAL,318,1426
HGEN,HGEN,,,30,2021-01-29,2023-06-30,30,0,0,0,30,0,0,,,ACQUIRE_PRICE_AND_PIT_FINANCIAL,319,1427
HVBC,HVBC,,,30,2021-01-29,2023-06-30,30,0,0,0,30,0,0,,,ACQUIRE_PRICE_AND_PIT_FINANCIAL,320,1428
IMBI,IMBI,,,30,2021-01-29,2023-06-30,30,0,0,0,30,0,0,,,ACQUIRE_PRICE_AND_PIT_FINANCIAL,321,1429
INDT,INDT,,,30,2021-01-29,2023-06-30,30,0,0,0,30,0,0,,,ACQUIRE_PRICE_AND_PIT_FINANCIAL,322,1430
ISEE,ISEE,,,30,2021-01-29,2023-06-30,30,0,0,0,30,0,0,,,ACQUIRE_PRICE_AND_PIT_FINANCIAL,323,1431
MIRO,MIRO,,,30,2021-07-30,2023-12-29,30,0,0,0,30,0,0,,,ACQUIRE_PRICE_AND_PIT_FINANCIAL,324,1432
MLVF,MLVF,,,30,2021-01-29,2023-06-30,30,0,0,0,30,0,0,,,ACQUIRE_PRICE_AND_PIT_FINANCIAL,325,1433
NBRV,NBRV,,,30,2021-01-29,2023-07-31,30,0,0,0,30,0,0,,,ACQUIRE_PRICE_AND_PIT_FINANCIAL,326,1434
NMTR,NMTR,,,30,2021-01-29,2023-06-30,30,0,0,0,30,0,0,,,ACQUIRE_PRICE_AND_PIT_FINANCIAL,327,1435
NOVN,NOVN,,,30,2021-01-29,2023-06-30,30,0,0,0,30,0,0,,,ACQUIRE_PRICE_AND_PIT_FINANCIAL,328,1436
ONCR,ONCR,,,30,2021-01-29,2023-06-30,30,0,0,0,30,0,0,,,ACQUIRE_PRICE_AND_PIT_FINANCIAL,329,1437
ONCS,ONCS,,,30,2021-01-29,2023-06-30,30,0,0,0,30,0,0,,,ACQUIRE_PRICE_AND_PIT_FINANCIAL,330,1438
RIDE,RIDE,,,30,2021-01-29,2023-06-30,30,0,0,0,30,0,0,,,ACQUIRE_PRICE_AND_PIT_FINANCIAL,331,1439
SLGC,SLGC,,,30,2021-09-30,2024-02-29,30,0,0,0,30,0,0,,,ACQUIRE_PRICE_AND_PIT_FINANCIAL,332,1440
SOVO,SOVO,,,30,2021-09-30,2024-02-29,30,0,0,0,30,0,0,,,ACQUIRE_PRICE_AND_PIT_FINANCIAL,333,1441
SRGA,SRGA,,,30,2021-01-29,2023-06-30,30,0,0,0,30,0,0,,,ACQUIRE_PRICE_AND_PIT_FINANCIAL,334,1442
TCFC,TCFC,,,30,2021-01-29,2023-06-30,30,0,0,0,30,0,0,,,ACQUIRE_PRICE_AND_PIT_FINANCIAL,335,1443
TESS,TESS,,,30,2021-01-29,2023-06-30,30,0,0,0,30,0,0,,,ACQUIRE_PRICE_AND_PIT_FINANCIAL,336,1444
TTCF,TTCF,,,30,2021-01-29,2023-06-30,30,0,0,0,30,0,0,,,ACQUIRE_PRICE_AND_PIT_FINANCIAL,337,1445
VAXX,VAXX,,,30,2021-11-30,2024-04-30,30,0,0,0,30,0,0,,,ACQUIRE_PRICE_AND_PIT_FINANCIAL,338,1446
VRAY,VRAY,,,30,2021-01-29,2023-06-30,30,0,0,0,30,0,0,,,ACQUIRE_PRICE_AND_PIT_FINANCIAL,339,1447
XM,XM,,,30,2021-01-29,2023-06-30,30,0,0,0,30,0,0,,,ACQUIRE_PRICE_AND_PIT_FINANCIAL,340,1448
YELL,YELL,,,30,2021-02-26,2023-07-31,30,0,0,0,30,0,0,,,ACQUIRE_PRICE_AND_PIT_FINANCIAL,341,1449
YVR,YVR,,,30,2021-01-29,2023-07-31,30,0,0,0,30,0,0,,,ACQUIRE_PRICE_AND_PIT_FINANCIAL,342,1450
ZIVO,ZIVO,,,30,2021-06-30,2023-12-29,30,0,0,0,30,0,0,,,ACQUIRE_PRICE_AND_PIT_FINANCIAL,343,1451
ABST,ABST,,,29,2021-01-29,2023-06-30,29,0,0,0,29,0,0,,,ACQUIRE_PRICE_AND_PIT_FINANCIAL,344,1452
APTX,APTX,,,29,2021-01-29,2023-05-31,29,0,0,0,29,0,0,,,ACQUIRE_PRICE_AND_PIT_FINANCIAL,345,1453
ATNX,ATNX,,,29,2021-01-29,2023-05-31,29,0,0,0,29,0,0,,,ACQUIRE_PRICE_AND_PIT_FINANCIAL,346,1454
BLCM,BLCM,,,29,2021-01-29,2023-05-31,29,0,0,0,29,0,0,,,ACQUIRE_PRICE_AND_PIT_FINANCIAL,347,1455
BLU,BLU,,,29,2021-01-29,2023-06-30,29,0,0,0,29,0,0,,,ACQUIRE_PRICE_AND_PIT_FINANCIAL,348,1456
BNSO,BNSO,,,29,2021-01-29,2023-06-30,29,0,0,0,29,0,0,,,ACQUIRE_PRICE_AND_PIT_FINANCIAL,349,1457
CIDM,CIDM,,,29,2021-01-29,2023-05-31,29,0,0,0,29,0,0,,,ACQUIRE_PRICE_AND_PIT_FINANCIAL,350,1458
CLXT,CLXT,,,29,2021-01-29,2023-05-31,29,0,0,0,29,0,0,,,ACQUIRE_PRICE_AND_PIT_FINANCIAL,351,1459
DTOC,DTOC,,,29,2021-04-30,2023-08-31,29,0,0,0,29,0,0,,,ACQUIRE_PRICE_AND_PIT_FINANCIAL,352,1460
ERYP,ERYP,,,29,2021-01-29,2023-06-30,29,0,0,0,29,0,0,,,ACQUIRE_PRICE_AND_PIT_FINANCIAL,353,1461
FHLT,FHLT,,,29,2021-12-31,2024-04-30,29,0,0,0,29,0,0,,,ACQUIRE_PRICE_AND_PIT_FINANCIAL,354,1462
HSKA,HSKA,,,29,2021-01-29,2023-05-31,29,0,0,0,29,0,0,,,ACQUIRE_PRICE_AND_PIT_FINANCIAL,355,1463
HTGM,HTGM,,,29,2021-01-29,2023-05-31,29,0,0,0,29,0,0,,,ACQUIRE_PRICE_AND_PIT_FINANCIAL,356,1464
KBAL,KBAL,,,29,2021-01-29,2023-05-31,29,0,0,0,29,0,0,,,ACQUIRE_PRICE_AND_PIT_FINANCIAL,357,1465
KSPN,KSPN,,,29,2021-01-29,2023-05-31,29,0,0,0,29,0,0,,,ACQUIRE_PRICE_AND_PIT_FINANCIAL,358,1466
LGVC,LGVC,,,29,2021-12-31,2024-04-30,29,0,0,0,29,0,0,,,ACQUIRE_PRICE_AND_PIT_FINANCIAL,359,1467
LMDX,LMDX,,,29,2021-09-30,2024-02-29,29,0,0,0,29,0,0,,,ACQUIRE_PRICE_AND_PIT_FINANCIAL,360,1468
MGI,MGI,,,29,2021-01-29,2023-05-31,29,0,0,0,29,0,0,,,ACQUIRE_PRICE_AND_PIT_FINANCIAL,361,1469
NH,NH,,,29,2021-01-29,2023-05-31,29,0,0,0,29,0,0,,,ACQUIRE_PRICE_AND_PIT_FINANCIAL,362,1470
NYMX,NYMX,,,29,2021-01-29,2023-06-30,29,0,0,0,29,0,0,,,ACQUIRE_PRICE_AND_PIT_FINANCIAL,363,1471
OBNK,OBNK,,,29,2021-01-29,2023-05-31,29,0,0,0,29,0,0,,,ACQUIRE_PRICE_AND_PIT_FINANCIAL,364,1472
PTE,PTE,,,29,2021-01-29,2023-05-31,29,0,0,0,29,0,0,,,ACQUIRE_PRICE_AND_PIT_FINANCIAL,365,1473
RUTH,RUTH,,,29,2021-01-29,2023-05-31,29,0,0,0,29,0,0,,,ACQUIRE_PRICE_AND_PIT_FINANCIAL,366,1474
SNCE,SNCE,,,29,2021-10-29,2024-02-29,29,0,0,0,29,0,0,,,ACQUIRE_PRICE_AND_PIT_FINANCIAL,367,1475
STSA,STSA,,,29,2021-01-29,2023-05-31,29,0,0,0,29,0,0,,,ACQUIRE_PRICE_AND_PIT_FINANCIAL,368,1476
TALS,TALS,,,29,2021-05-28,2023-09-29,29,0,0,0,29,0,0,,,ACQUIRE_PRICE_AND_PIT_FINANCIAL,369,1477
TBIO,TBIO,,,29,2021-01-29,2024-09-30,29,0,0,0,29,0,0,,,ACQUIRE_PRICE_AND_PIT_FINANCIAL,370,1478
TCRR,TCRR,,,29,2021-01-29,2023-05-31,29,0,0,0,29,0,0,,,ACQUIRE_PRICE_AND_PIT_FINANCIAL,371,1479
THRX,THRX,,,29,2021-10-29,2024-02-29,29,0,0,0,29,0,0,,,ACQUIRE_PRICE_AND_PIT_FINANCIAL,372,1480
UNAM,UNAM,,,29,2021-01-29,2023-05-31,29,0,0,0,29,0,0,,,ACQUIRE_PRICE_AND_PIT_FINANCIAL,373,1481
UTRS,UTRS,,,29,2021-10-29,2024-02-29,29,0,0,0,29,0,0,,,ACQUIRE_PRICE_AND_PIT_FINANCIAL,374,1482
AGIL,AGIL,,,28,2021-08-31,2023-12-29,28,0,0,0,28,0,0,,,ACQUIRE_PRICE_AND_PIT_FINANCIAL,375,1483
ANGN,ANGN,,,28,2021-02-26,2023-05-31,28,0,0,0,28,0,0,,,ACQUIRE_PRICE_AND_PIT_FINANCIAL,376,1484
ANPC,ANPC,,,28,2021-01-29,2023-05-31,28,0,0,0,28,0,0,,,ACQUIRE_PRICE_AND_PIT_FINANCIAL,377,1485
AVHI,AVHI,,,28,2021-11-30,2024-03-28,28,0,0,0,28,0,0,,,ACQUIRE_PRICE_AND_PIT_FINANCIAL,378,1486
BBBY,BBBY,,,28,2021-01-29,2023-04-28,28,0,0,0,28,0,0,,,ACQUIRE_PRICE_AND_PIT_FINANCIAL,379,1487
BTTX,BTTX,,,28,2021-11-30,2024-02-29,28,0,0,0,28,0,0,,,ACQUIRE_PRICE_AND_PIT_FINANCIAL,380,1488
CEMI,CEMI,,,28,2021-01-29,2023-04-28,28,0,0,0,28,0,0,,,ACQUIRE_PRICE_AND_PIT_FINANCIAL,381,1489
CSII,CSII,,,28,2021-01-29,2023-04-28,28,0,0,0,28,0,0,,,ACQUIRE_PRICE_AND_PIT_FINANCIAL,382,1490
CYAD,CYAD,,,28,2021-01-29,2023-05-31,28,0,0,0,28,0,0,,,ACQUIRE_PRICE_AND_PIT_FINANCIAL,383,1491
DSEY,DSEY,,,28,2021-03-31,2023-06-30,28,0,0,0,28,0,0,,,ACQUIRE_PRICE_AND_PIT_FINANCIAL,384,1492
EGIO,EGIO,,,28,2022-06-30,2024-09-30,28,0,0,0,28,0,0,,,ACQUIRE_PRICE_AND_PIT_FINANCIAL,385,1493
IDBA,IDBA,,,28,2021-03-31,2023-07-31,28,0,0,0,28,0,0,,,ACQUIRE_PRICE_AND_PIT_FINANCIAL,386,1494
JNCE,JNCE,,,28,2021-01-29,2023-04-28,28,0,0,0,28,0,0,,,ACQUIRE_PRICE_AND_PIT_FINANCIAL,387,1495
LIAN,LIAN,,,28,2021-11-30,2024-02-29,28,0,0,0,28,0,0,,,ACQUIRE_PRICE_AND_PIT_FINANCIAL,388,1496
LMST,LMST,,,28,2021-01-29,2023-04-28,28,0,0,0,28,0,0,,,ACQUIRE_PRICE_AND_PIT_FINANCIAL,389,1497
MF,MF,,,28,2021-07-30,2023-12-29,28,0,0,0,28,0,0,,,ACQUIRE_PRICE_AND_PIT_FINANCIAL,390,1498
PRVB,PRVB,,,28,2021-01-29,2023-04-28,28,0,0,0,28,0,0,,,ACQUIRE_PRICE_AND_PIT_FINANCIAL,391,1499
RXDX,RXDX,,,28,2021-03-31,2023-06-30,28,0,0,0,28,0,0,,,ACQUIRE_PRICE_AND_PIT_FINANCIAL,392,1500
SQL,SQL,,,28,2021-08-31,2023-12-29,28,0,0,0,28,0,0,,,ACQUIRE_PRICE_AND_PIT_FINANCIAL,393,1501
SUMO,SUMO,,,28,2021-01-29,2023-04-28,28,0,0,0,28,0,0,,,ACQUIRE_PRICE_AND_PIT_FINANCIAL,394,1502
TA,TA,,,28,2021-01-29,2023-04-28,28,0,0,0,28,0,0,,,ACQUIRE_PRICE_AND_PIT_FINANCIAL,395,1503
TGAN,TGAN,,,28,2022-03-31,2024-06-28,28,0,0,0,28,0,0,,,ACQUIRE_PRICE_AND_PIT_FINANCIAL,396,1504
TIG,TIG,,,28,2021-01-29,2023-04-28,28,0,0,0,28,0,0,,,ACQUIRE_PRICE_AND_PIT_FINANCIAL,397,1505
UTME,UTME,,,28,2021-04-30,2023-08-31,28,0,0,0,28,0,0,,,ACQUIRE_PRICE_AND_PIT_FINANCIAL,398,1506
AGFS,AGFS,,,27,2021-01-29,2023-03-31,27,0,0,0,27,0,0,,,ACQUIRE_PRICE_AND_PIT_FINANCIAL,399,1507
APEN,APEN,,,27,2021-01-29,2023-03-31,27,0,0,0,27,0,0,,,ACQUIRE_PRICE_AND_PIT_FINANCIAL,400,1508
ASPA,ASPA,,,27,2021-09-30,2023-12-29,27,0,0,0,27,0,0,,,ACQUIRE_PRICE_AND_PIT_FINANCIAL,401,1509
ASPU,ASPU,,,27,2021-01-29,2023-03-31,27,0,0,0,27,0,0,,,ACQUIRE_PRICE_AND_PIT_FINANCIAL,402,1510
BKCC,BKCC,,,27,2021-01-29,2023-09-29,27,0,0,0,27,0,0,,,ACQUIRE_PRICE_AND_PIT_FINANCIAL,403,1511
CDAK,CDAK,,,27,2021-01-29,2023-03-31,27,0,0,0,27,0,0,,,ACQUIRE_PRICE_AND_PIT_FINANCIAL,404,1512
DCT,DCT,,,27,2021-01-29,2023-03-31,27,0,0,0,27,0,0,,,ACQUIRE_PRICE_AND_PIT_FINANCIAL,405,1513
IMV,IMV,,,27,2021-01-29,2023-04-28,27,0,0,0,27,0,0,,,ACQUIRE_PRICE_AND_PIT_FINANCIAL,406,1514
JXJT,JXJT,,,27,2022-10-31,2024-12-31,27,0,0,0,27,0,0,,,ACQUIRE_PRICE_AND_PIT_FINANCIAL,407,1515
MICS,MICS,,,27,2022-06-30,2024-08-30,27,0,0,0,27,0,0,,,ACQUIRE_PRICE_AND_PIT_FINANCIAL,408,1516
PLXP,PLXP,,,27,2021-01-29,2023-03-31,27,0,0,0,27,0,0,,,ACQUIRE_PRICE_AND_PIT_FINANCIAL,409,1517
SAI,SAI,,,27,2022-05-31,2024-08-30,27,0,0,0,27,0,0,,,ACQUIRE_PRICE_AND_PIT_FINANCIAL,410,1518
SVVC,SVVC,,,27,2021-01-29,2023-09-29,27,0,0,0,27,0,0,,,ACQUIRE_PRICE_AND_PIT_FINANCIAL,411,1519
VLON,VLON,,,27,2021-02-26,2023-04-28,27,0,0,0,27,0,0,,,ACQUIRE_PRICE_AND_PIT_FINANCIAL,412,1520
AAWW,AAWW,,,26,2021-01-29,2023-02-28,26,0,0,0,26,0,0,,,ACQUIRE_PRICE_AND_PIT_FINANCIAL,413,1521
AIMC,AIMC,,,26,2021-01-29,2023-02-28,26,0,0,0,26,0,0,,,ACQUIRE_PRICE_AND_PIT_FINANCIAL,414,1522
ALBO,ALBO,,,26,2021-01-29,2023-02-28,26,0,0,0,26,0,0,,,ACQUIRE_PRICE_AND_PIT_FINANCIAL,415,1523
AMYT,AMYT,,,26,2021-01-29,2023-03-31,26,0,0,0,26,0,0,,,ACQUIRE_PRICE_AND_PIT_FINANCIAL,416,1524
BLI,BLI,,,26,2021-01-29,2023-02-28,26,0,0,0,26,0,0,,,ACQUIRE_PRICE_AND_PIT_FINANCIAL,417,1525
CIH,CIH,,,26,2021-01-29,2023-03-31,26,0,0,0,26,0,0,,,ACQUIRE_PRICE_AND_PIT_FINANCIAL,418,1526
CNCE,CNCE,,,26,2021-01-29,2023-02-28,26,0,0,0,26,0,0,,,ACQUIRE_PRICE_AND_PIT_FINANCIAL,419,1527
COUP,COUP,,,26,2021-01-29,2023-02-28,26,0,0,0,26,0,0,,,ACQUIRE_PRICE_AND_PIT_FINANCIAL,420,1528
COWN,COWN,,,26,2021-01-29,2023-02-28,26,0,0,0,26,0,0,,,ACQUIRE_PRICE_AND_PIT_FINANCIAL,421,1529
CYRN,CYRN,,,26,2021-01-29,2023-02-28,26,0,0,0,26,0,0,,,ACQUIRE_PRICE_AND_PIT_FINANCIAL,422,1530
DCFC,DCFC,,,26,2022-02-28,2024-04-30,26,0,0,0,26,0,0,,,ACQUIRE_PRICE_AND_PIT_FINANCIAL,423,1531
DTEA,DTEA,,,26,2021-01-29,2023-03-31,26,0,0,0,26,0,0,,,ACQUIRE_PRICE_AND_PIT_FINANCIAL,424,1532
EVOP,EVOP,,,26,2021-01-29,2023-02-28,26,0,0,0,26,0,0,,,ACQUIRE_PRICE_AND_PIT_FINANCIAL,425,1533
FFBW,FFBW,,,26,2021-01-29,2023-02-28,26,0,0,0,26,0,0,,,ACQUIRE_PRICE_AND_PIT_FINANCIAL,426,1534
FMIV,FMIV,,,26,2021-05-28,2023-06-30,26,0,0,0,26,0,0,,,ACQUIRE_PRICE_AND_PIT_FINANCIAL,427,1535
FSTX,FSTX,,,26,2021-01-29,2023-02-28,26,0,0,0,26,0,0,,,ACQUIRE_PRICE_AND_PIT_FINANCIAL,428,1536
GRAY,GRAY,,,26,2021-01-29,2023-02-28,26,0,0,0,26,0,0,,,ACQUIRE_PRICE_AND_PIT_FINANCIAL,429,1537
HHR,HHR,,,26,2021-01-29,2023-04-28,26,0,0,0,26,0,0,,,ACQUIRE_PRICE_AND_PIT_FINANCIAL,430,1538
IMRA,IMRA,,,26,2021-01-29,2023-02-28,26,0,0,0,26,0,0,,,ACQUIRE_PRICE_AND_PIT_FINANCIAL,431,1539
KMPH,KMPH,,,26,2021-01-29,2023-02-28,26,0,0,0,26,0,0,,,ACQUIRE_PRICE_AND_PIT_FINANCIAL,432,1540
LHCG,LHCG,,,26,2021-01-29,2023-02-28,26,0,0,0,26,0,0,,,ACQUIRE_PRICE_AND_PIT_FINANCIAL,433,1541
LTCH,LTCH,,,26,2021-06-30,2023-07-31,26,0,0,0,26,0,0,,,ACQUIRE_PRICE_AND_PIT_FINANCIAL,434,1542
MICT,MICT,,,26,2021-01-29,2023-02-28,26,0,0,0,26,0,0,,,ACQUIRE_PRICE_AND_PIT_FINANCIAL,435,1543
MTCR,MTCR,,,26,2021-01-29,2023-02-28,26,0,0,0,26,0,0,,,ACQUIRE_PRICE_AND_PIT_FINANCIAL,436,1544
NVCN,NVCN,,,26,2021-01-29,2023-03-31,26,0,0,0,26,0,0,,,ACQUIRE_PRICE_AND_PIT_FINANCIAL,437,1545
ONEM,ONEM,,,26,2021-01-29,2023-02-28,26,0,0,0,26,0,0,,,ACQUIRE_PRICE_AND_PIT_FINANCIAL,438,1546
OPNT,OPNT,,,26,2021-01-29,2023-02-28,26,0,0,0,26,0,0,,,ACQUIRE_PRICE_AND_PIT_FINANCIAL,439,1547
OZON,OZON,,,26,2021-01-29,2023-04-28,26,0,0,0,26,0,0,,,ACQUIRE_PRICE_AND_PIT_FINANCIAL,440,1548
PAYA,PAYA,,,26,2021-01-29,2023-02-28,26,0,0,0,26,0,0,,,ACQUIRE_PRICE_AND_PIT_FINANCIAL,441,1549
QUMU,QUMU,,,26,2021-01-29,2023-02-28,26,0,0,0,26,0,0,,,ACQUIRE_PRICE_AND_PIT_FINANCIAL,442,1550
RCII,RCII,,,26,2021-01-29,2023-02-28,26,0,0,0,26,0,0,,,ACQUIRE_PRICE_AND_PIT_FINANCIAL,443,1551
REED,REED,,,26,2021-01-29,2023-02-28,26,0,0,0,26,0,0,,,ACQUIRE_PRICE_AND_PIT_FINANCIAL,444,1552
RUBY,RUBY,,,26,2021-01-29,2023-02-28,26,0,0,0,26,0,0,,,ACQUIRE_PRICE_AND_PIT_FINANCIAL,445,1553
SBNY,SBNY,,,26,2021-01-29,2023-02-28,26,0,0,0,26,0,0,,,ACQUIRE_PRICE_AND_PIT_FINANCIAL,446,1554
SESN,SESN,,,26,2021-01-29,2023-02-28,26,0,0,0,26,0,0,,,ACQUIRE_PRICE_AND_PIT_FINANCIAL,447,1555
SIVB,SIVB,,,26,2021-01-29,2023-02-28,26,0,0,0,26,0,0,,,ACQUIRE_PRICE_AND_PIT_FINANCIAL,448,1556
SRAX,SRAX,,,26,2021-01-29,2023-02-28,26,0,0,0,26,0,0,,,ACQUIRE_PRICE_AND_PIT_FINANCIAL,449,1557
SRNE,SRNE,,,26,2021-01-29,2023-02-28,26,0,0,0,26,0,0,,,ACQUIRE_PRICE_AND_PIT_FINANCIAL,450,1558
UMPQ,UMPQ,,,26,2021-01-29,2023-02-28,26,0,0,0,26,0,0,,,ACQUIRE_PRICE_AND_PIT_FINANCIAL,451,1559
VECT,VECT,,,26,2021-04-30,2023-06-30,26,0,0,0,26,0,0,,,ACQUIRE_PRICE_AND_PIT_FINANCIAL,452,1560
VLDR,VLDR,,,26,2021-01-29,2023-02-28,26,0,0,0,26,0,0,,,ACQUIRE_PRICE_AND_PIT_FINANCIAL,453,1561
VYNT,VYNT,,,26,2021-03-31,2023-04-28,26,0,0,0,26,0,0,,,ACQUIRE_PRICE_AND_PIT_FINANCIAL,454,1562
AHPI,AHPI,,,25,2021-01-29,2023-01-31,25,0,0,0,25,0,0,,,ACQUIRE_PRICE_AND_PIT_FINANCIAL,455,1563
ARTE,ARTE,,,25,2021-11-30,2023-12-29,25,0,0,0,25,0,0,,,ACQUIRE_PRICE_AND_PIT_FINANCIAL,456,1564
BCOR,BCOR,,,25,2021-01-29,2023-01-31,25,0,0,0,25,0,0,,,ACQUIRE_PRICE_AND_PIT_FINANCIAL,457,1565
BNFT,BNFT,,,25,2021-01-29,2023-01-31,25,0,0,0,25,0,0,,,ACQUIRE_PRICE_AND_PIT_FINANCIAL,458,1566
BTB,BTB,,,25,2021-07-30,2023-08-31,25,0,0,0,25,0,0,,,ACQUIRE_PRICE_AND_PIT_FINANCIAL,459,1567
CALA,CALA,,,25,2021-01-29,2023-01-31,25,0,0,0,25,0,0,,,ACQUIRE_PRICE_AND_PIT_FINANCIAL,460,1568
CNNB,CNNB,,,25,2021-01-29,2023-01-31,25,0,0,0,25,0,0,,,ACQUIRE_PRICE_AND_PIT_FINANCIAL,461,1569
DHHC,DHHC,,,25,2021-03-31,2023-03-31,25,0,0,0,25,0,0,,,ACQUIRE_PRICE_AND_PIT_FINANCIAL,462,1570
ENCP,ENCP,,,25,2022-01-31,2024-02-29,25,0,0,0,25,0,0,,,ACQUIRE_PRICE_AND_PIT_FINANCIAL,463,1571
FCRD,FCRD,,,25,2021-01-29,2023-01-31,25,0,0,0,25,0,0,,,ACQUIRE_PRICE_AND_PIT_FINANCIAL,464,1572
HAPP,HAPP,,,25,2021-01-29,2023-02-28,25,0,0,0,25,0,0,,,ACQUIRE_PRICE_AND_PIT_FINANCIAL,465,1573
HSAQ,HSAQ,,,25,2021-01-29,2023-01-31,25,0,0,0,25,0,0,,,ACQUIRE_PRICE_AND_PIT_FINANCIAL,466,1574
HYRE,HYRE,,,25,2021-01-29,2023-01-31,25,0,0,0,25,0,0,,,ACQUIRE_PRICE_AND_PIT_FINANCIAL,467,1575
IPVI,IPVI,,,25,2021-04-30,2023-04-28,25,0,0,0,25,0,0,,,ACQUIRE_PRICE_AND_PIT_FINANCIAL,468,1576
KINZ,KINZ,,,25,2021-02-26,2023-02-28,25,0,0,0,25,0,0,,,ACQUIRE_PRICE_AND_PIT_FINANCIAL,469,1577
LHDX,LHDX,,,25,2021-02-26,2023-02-28,25,0,0,0,25,0,0,,,ACQUIRE_PRICE_AND_PIT_FINANCIAL,470,1578
MMMB,MMMB,,,25,2021-07-30,2023-07-31,25,0,0,0,25,0,0,,,ACQUIRE_PRICE_AND_PIT_FINANCIAL,471,1579
MOBQ,MOBQ,,,25,2021-12-31,2023-12-29,25,0,0,0,25,0,0,,,ACQUIRE_PRICE_AND_PIT_FINANCIAL,472,1580
MTP,MTP,,,25,2021-01-29,2023-02-28,25,0,0,0,25,0,0,,,ACQUIRE_PRICE_AND_PIT_FINANCIAL,473,1581
OBSV,OBSV,,,25,2021-01-29,2023-02-28,25,0,0,0,25,0,0,,,ACQUIRE_PRICE_AND_PIT_FINANCIAL,474,1582
OIIM,OIIM,,,25,2021-01-29,2023-02-28,25,0,0,0,25,0,0,,,ACQUIRE_PRICE_AND_PIT_FINANCIAL,475,1583
OTMO,OTMO,,,25,2021-08-31,2023-09-29,25,0,0,0,25,0,0,,,ACQUIRE_PRICE_AND_PIT_FINANCIAL,476,1584
PFHD,PFHD,,,25,2021-01-29,2023-01-31,25,0,0,0,25,0,0,,,ACQUIRE_PRICE_AND_PIT_FINANCIAL,477,1585
PHCF,PHCF,,,25,2021-01-29,2023-02-28,25,0,0,0,25,0,0,,,ACQUIRE_PRICE_AND_PIT_FINANCIAL,478,1586
PME,PME,,,25,2021-01-29,2023-02-28,25,0,0,0,25,0,0,,,ACQUIRE_PRICE_AND_PIT_FINANCIAL,479,1587
PTRA,PTRA,,,25,2021-07-30,2023-07-31,25,0,0,0,25,0,0,,,ACQUIRE_PRICE_AND_PIT_FINANCIAL,480,1588
QTT,QTT,,,25,2021-01-29,2023-02-28,25,0,0,0,25,0,0,,,ACQUIRE_PRICE_AND_PIT_FINANCIAL,481,1589
SIOX,SIOX,,,25,2021-01-29,2023-02-28,25,0,0,0,25,0,0,,,ACQUIRE_PRICE_AND_PIT_FINANCIAL,482,1590
SVFA,SVFA,,,25,2021-01-29,2023-01-31,25,0,0,0,25,0,0,,,ACQUIRE_PRICE_AND_PIT_FINANCIAL,483,1591
TCDA,TCDA,,,25,2021-01-29,2023-01-31,25,0,0,0,25,0,0,,,ACQUIRE_PRICE_AND_PIT_FINANCIAL,484,1592
THRN,THRN,,,25,2021-09-30,2023-09-29,25,0,0,0,25,0,0,,,ACQUIRE_PRICE_AND_PIT_FINANCIAL,485,1593
TMDI,TMDI,,,25,2021-01-29,2023-02-28,25,0,0,0,25,0,0,,,ACQUIRE_PRICE_AND_PIT_FINANCIAL,486,1594
VQS,VQS,,,25,2021-08-31,2023-09-29,25,0,0,0,25,0,0,,,ACQUIRE_PRICE_AND_PIT_FINANCIAL,487,1595
ABMD,ABMD,,,24,2021-01-29,2022-12-30,24,0,0,0,24,0,0,,,ACQUIRE_PRICE_AND_PIT_FINANCIAL,488,1596
AEYE,AEYE,,,24,2021-01-29,2022-12-30,0,24,0,0,24,0,0,2023-01-03,2026-07-17,BACKFILL_PRICE_HEAD_PLUS_PIT_FINANCIAL,489,16
AFBI,AFBI,,,24,2021-01-29,2022-12-30,0,24,0,0,24,0,0,2023-01-03,2026-07-17,BACKFILL_PRICE_HEAD_PLUS_PIT_FINANCIAL,490,17
AGEN,AGEN,,,24,2021-01-29,2022-12-30,0,24,0,0,24,0,0,2023-01-03,2026-07-31,BACKFILL_PRICE_HEAD_PLUS_PIT_FINANCIAL,491,18
AIKI,AIKI,,,24,2021-01-29,2022-12-30,24,0,0,0,24,0,0,,,ACQUIRE_PRICE_AND_PIT_FINANCIAL,492,1597
AIRG,AIRG,,,24,2021-01-29,2022-12-30,0,24,0,0,24,0,0,2023-01-03,2026-07-17,BACKFILL_PRICE_HEAD_PLUS_PIT_FINANCIAL,493,19
AIRT,AIRT,,,24,2021-01-29,2022-12-30,0,24,0,0,24,0,0,2023-01-03,2026-07-17,BACKFILL_PRICE_HEAD_PLUS_PIT_FINANCIAL,494,20
ALDX,ALDX,,,24,2021-01-29,2022-12-30,0,24,0,0,24,0,0,2023-01-03,2026-07-17,BACKFILL_PRICE_HEAD_PLUS_PIT_FINANCIAL,495,21
ALEC,ALEC,,,24,2021-01-29,2022-12-30,0,24,0,0,24,0,0,2023-01-03,2026-07-17,BACKFILL_PRICE_HEAD_PLUS_PIT_FINANCIAL,496,22
ALOT,ALOT,,,24,2021-01-29,2022-12-30,0,24,0,0,24,0,0,2023-01-03,2026-07-17,BACKFILL_PRICE_HEAD_PLUS_PIT_FINANCIAL,497,23
ALXO,ALXO,,,24,2021-01-29,2022-12-30,0,24,0,0,24,0,0,2023-01-03,2026-07-17,BACKFILL_PRICE_HEAD_PLUS_PIT_FINANCIAL,498,24
AMLI,AMLI,,,24,2023-01-31,2024-12-31,24,0,0,0,24,0,0,,,ACQUIRE_PRICE_AND_PIT_FINANCIAL,499,1598
AMST,AMST,,,24,2021-01-29,2022-12-30,0,24,0,0,24,0,0,2023-01-03,2026-07-17,BACKFILL_PRICE_HEAD_PLUS_PIT_FINANCIAL,500,25
AMTX,AMTX,,,24,2021-01-29,2022-12-30,0,24,0,0,24,0,0,2023-01-03,2026-07-17,BACKFILL_PRICE_HEAD_PLUS_PIT_FINANCIAL,501,26
ANIK,ANIK,,,24,2021-01-29,2022-12-30,0,24,0,0,24,0,0,2023-01-03,2026-07-17,BACKFILL_PRICE_HEAD_PLUS_PIT_FINANCIAL,502,27
ANIX,ANIX,,,24,2021-01-29,2022-12-30,0,24,0,0,24,0,0,2023-01-03,2026-07-17,BACKFILL_PRICE_HEAD_PLUS_PIT_FINANCIAL,503,28
AOUT,AOUT,,,24,2021-01-29,2022-12-30,0,24,0,0,24,0,0,2023-01-03,2026-07-17,BACKFILL_PRICE_HEAD_PLUS_PIT_FINANCIAL,504,29
APRE,APRE,,,24,2021-01-29,2022-12-30,0,24,0,0,24,0,0,2023-01-03,2026-07-17,BACKFILL_PRICE_HEAD_PLUS_PIT_FINANCIAL,505,30
APVO,APVO,,,24,2021-01-29,2022-12-30,0,24,0,0,24,0,0,2023-01-03,2026-07-17,BACKFILL_PRICE_HEAD_PLUS_PIT_FINANCIAL,506,31
APYX,APYX,,,24,2021-01-29,2022-12-30,0,24,0,0,24,0,0,2023-01-03,2026-07-17,BACKFILL_PRICE_HEAD_PLUS_PIT_FINANCIAL,507,32
AQB,AQB,,,24,2021-01-29,2022-12-30,0,24,0,0,24,0,0,2023-01-03,2026-07-17,BACKFILL_PRICE_HEAD_PLUS_PIT_FINANCIAL,508,33
AQMS,AQMS,,,24,2021-01-29,2022-12-30,0,24,0,0,24,0,0,2023-01-03,2026-07-17,BACKFILL_PRICE_HEAD_PLUS_PIT_FINANCIAL,509,34
ARAY,ARAY,,,24,2021-01-29,2022-12-30,0,24,0,0,24,0,0,2023-01-03,2026-07-17,BACKFILL_PRICE_HEAD_PLUS_PIT_FINANCIAL,510,35
AREC,AREC,,,24,2021-01-29,2022-12-30,0,24,0,0,24,0,0,2023-01-03,2026-07-17,BACKFILL_PRICE_HEAD_PLUS_PIT_FINANCIAL,511,36
ARKR,ARKR,,,24,2021-01-29,2022-12-30,0,24,0,0,24,0,0,2023-01-03,2026-07-17,BACKFILL_PRICE_HEAD_PLUS_PIT_FINANCIAL,512,37
ARTL,ARTL,,,24,2021-01-29,2022-12-30,0,24,0,0,24,0,0,2023-01-03,2026-07-17,BACKFILL_PRICE_HEAD_PLUS_PIT_FINANCIAL,513,38
ARTW,ARTW,,,24,2021-01-29,2022-12-30,0,24,0,0,24,0,0,2023-01-03,2026-07-17,BACKFILL_PRICE_HEAD_PLUS_PIT_FINANCIAL,514,39
ASRV,ASRV,,,24,2021-01-29,2022-12-30,0,24,0,0,24,0,0,2023-01-03,2026-07-17,BACKFILL_PRICE_HEAD_PLUS_PIT_FINANCIAL,515,40
ASTC,ASTC,,,24,2021-01-29,2022-12-30,0,24,0,0,24,0,0,2023-01-03,2026-07-17,BACKFILL_PRICE_HEAD_PLUS_PIT_FINANCIAL,516,41
ASUR,ASUR,,,24,2021-01-29,2022-12-30,0,24,0,0,24,0,0,2023-01-03,2026-07-17,BACKFILL_PRICE_HEAD_PLUS_PIT_FINANCIAL,517,42
ASYS,ASYS,,,24,2021-01-29,2022-12-30,0,24,0,0,24,0,0,2023-01-03,2026-07-17,BACKFILL_PRICE_HEAD_PLUS_PIT_FINANCIAL,518,43
ATCX,ATCX,,,24,2021-01-29,2022-12-30,0,24,0,0,24,0,0,2023-01-03,2026-07-17,BACKFILL_PRICE_HEAD_PLUS_PIT_FINANCIAL,519,44
ATLO,ATLO,,,24,2021-01-29,2022-12-30,0,24,0,0,24,0,0,2023-01-03,2026-07-17,BACKFILL_PRICE_HEAD_PLUS_PIT_FINANCIAL,520,45
ATOM,ATOM,,,24,2021-01-29,2022-12-30,0,24,0,0,24,0,0,2023-01-03,2026-07-17,BACKFILL_PRICE_HEAD_PLUS_PIT_FINANCIAL,521,46
ATOS,ATOS,,,24,2021-01-29,2022-12-30,0,24,0,0,24,0,0,2023-01-03,2026-07-17,BACKFILL_PRICE_HEAD_PLUS_PIT_FINANCIAL,522,47
ATRA,ATRA,,,24,2021-01-29,2022-12-30,0,24,0,0,24,0,0,2023-01-03,2026-07-17,BACKFILL_PRICE_HEAD_PLUS_PIT_FINANCIAL,523,48
AUBN,AUBN,,,24,2021-01-29,2022-12-30,0,24,0,0,24,0,0,2023-01-03,2026-07-17,BACKFILL_PRICE_HEAD_PLUS_PIT_FINANCIAL,524,49
AVCT,AVCT,,,24,2021-01-29,2022-12-30,24,0,0,0,24,0,0,,,ACQUIRE_PRICE_AND_PIT_FINANCIAL,525,1599
AVEO,AVEO,,,24,2021-01-29,2022-12-30,24,0,0,0,24,0,0,,,ACQUIRE_PRICE_AND_PIT_FINANCIAL,526,1600
AVNW,AVNW,,,24,2021-01-29,2022-12-30,0,24,0,0,24,0,0,2023-01-03,2026-07-17,BACKFILL_PRICE_HEAD_PLUS_PIT_FINANCIAL,527,50
AWRE,AWRE,,,24,2021-01-29,2022-12-30,0,24,0,0,24,0,0,2023-01-03,2026-07-17,BACKFILL_PRICE_HEAD_PLUS_PIT_FINANCIAL,528,51
AYTU,AYTU,,,24,2021-01-29,2022-12-30,0,24,0,0,24,0,0,2023-01-03,2026-07-17,BACKFILL_PRICE_HEAD_PLUS_PIT_FINANCIAL,529,52
BANX,BANX,,,24,2021-01-29,2022-12-30,0,24,0,0,24,0,0,2023-01-03,2026-07-17,BACKFILL_PRICE_HEAD_PLUS_PIT_FINANCIAL,530,53
BBGI,BBGI,,,24,2021-01-29,2022-12-30,0,24,0,0,24,0,0,2023-01-03,2026-07-17,BACKFILL_PRICE_HEAD_PLUS_PIT_FINANCIAL,531,54
BCAB,BCAB,,,24,2021-01-29,2022-12-30,0,24,0,0,24,0,0,2023-01-03,2026-07-17,BACKFILL_PRICE_HEAD_PLUS_PIT_FINANCIAL,532,55
BCBP,BCBP,,,24,2021-01-29,2022-12-30,0,24,0,0,24,0,0,2023-01-03,2026-07-17,BACKFILL_PRICE_HEAD_PLUS_PIT_FINANCIAL,533,56
BCDA,BCDA,,,24,2021-01-29,2022-12-30,0,24,0,0,24,0,0,2023-01-03,2026-07-17,BACKFILL_PRICE_HEAD_PLUS_PIT_FINANCIAL,534,57
BDSX,BDSX,,,24,2021-01-29,2022-12-30,0,24,0,0,24,0,0,2023-01-03,2026-07-17,BACKFILL_PRICE_HEAD_PLUS_PIT_FINANCIAL,535,58
BDTX,BDTX,,,24,2021-01-29,2022-12-30,0,24,0,0,24,0,0,2023-01-03,2026-07-17,BACKFILL_PRICE_HEAD_PLUS_PIT_FINANCIAL,536,59
BEEM,BEEM,,,24,2021-01-29,2022-12-30,0,24,0,0,24,0,0,2023-01-03,2026-07-17,BACKFILL_PRICE_HEAD_PLUS_PIT_FINANCIAL,537,60
BGRY,BGRY,,,24,2021-07-30,2023-06-30,24,0,0,0,24,0,0,,,ACQUIRE_PRICE_AND_PIT_FINANCIAL,538,1601
BIVI,BIVI,,,24,2021-01-29,2022-12-30,0,24,0,0,24,0,0,2023-01-03,2026-07-17,BACKFILL_PRICE_HEAD_PLUS_PIT_FINANCIAL,539,61
BLIN,BLIN,,,24,2021-01-29,2022-12-30,0,24,0,0,24,0,0,2023-01-03,2026-07-17,BACKFILL_PRICE_HEAD_PLUS_PIT_FINANCIAL,540,62
BLNK,BLNK,,,24,2021-01-29,2022-12-30,0,24,0,0,24,0,0,2023-01-03,2026-07-17,BACKFILL_PRICE_HEAD_PLUS_PIT_FINANCIAL,541,63
BMRA,BMRA,,,24,2021-01-29,2022-12-30,0,24,0,0,24,0,0,2023-01-03,2026-07-17,BACKFILL_PRICE_HEAD_PLUS_PIT_FINANCIAL,542,64
BNGO,BNGO,,,24,2021-01-29,2022-12-30,0,24,0,0,24,0,0,2023-01-03,2026-07-17,BACKFILL_PRICE_HEAD_PLUS_PIT_FINANCIAL,543,65
BOOM,BOOM,,,24,2021-01-29,2022-12-30,0,24,0,0,24,0,0,2023-01-03,2026-07-17,BACKFILL_PRICE_HEAD_PLUS_PIT_FINANCIAL,544,66
BOTJ,BOTJ,,,24,2021-01-29,2022-12-30,0,24,0,0,24,0,0,2023-01-03,2026-07-17,BACKFILL_PRICE_HEAD_PLUS_PIT_FINANCIAL,545,67
BOXL,BOXL,,,24,2021-01-29,2022-12-30,0,24,0,0,24,0,0,2023-01-03,2026-07-17,BACKFILL_PRICE_HEAD_PLUS_PIT_FINANCIAL,546,68
BPRN,BPRN,,,24,2021-01-29,2022-12-30,0,24,0,0,24,0,0,2023-01-03,2026-07-17,BACKFILL_PRICE_HEAD_PLUS_PIT_FINANCIAL,547,69
BRID,BRID,,,24,2021-01-29,2022-12-30,0,24,0,0,24,0,0,2023-01-03,2026-07-17,BACKFILL_PRICE_HEAD_PLUS_PIT_FINANCIAL,548,70
BSBK,BSBK,,,24,2021-01-29,2022-12-30,0,24,0,0,24,0,0,2023-01-03,2026-07-17,BACKFILL_PRICE_HEAD_PLUS_PIT_FINANCIAL,549,71
BSET,BSET,,,24,2021-01-29,2022-12-30,0,24,0,0,24,0,0,2023-01-03,2026-07-17,BACKFILL_PRICE_HEAD_PLUS_PIT_FINANCIAL,550,72
BTAI,BTAI,,,24,2021-01-29,2022-12-30,0,24,0,0,24,0,0,2023-01-03,2026-07-17,BACKFILL_PRICE_HEAD_PLUS_PIT_FINANCIAL,551,73
BTRS,BTRS,,,24,2021-01-29,2022-12-30,24,0,0,0,24,0,0,,,ACQUIRE_PRICE_AND_PIT_FINANCIAL,552,1602
BWEN,BWEN,,,24,2021-01-29,2022-12-30,0,24,0,0,24,0,0,2023-01-03,2026-07-17,BACKFILL_PRICE_HEAD_PLUS_PIT_FINANCIAL,553,74
BYFC,BYFC,,,24,2021-01-29,2022-12-30,0,24,0,0,24,0,0,2023-01-03,2026-07-17,BACKFILL_PRICE_HEAD_PLUS_PIT_FINANCIAL,554,75
BYSI,BYSI,,,24,2021-01-29,2022-12-30,0,24,0,0,24,0,0,2023-01-03,2026-07-17,BACKFILL_PRICE_HEAD_PLUS_PIT_FINANCIAL,555,76
CBAN,CBAN,,,24,2021-01-29,2022-12-30,0,24,0,0,24,0,0,2023-01-03,2026-07-17,BACKFILL_PRICE_HEAD_PLUS_PIT_FINANCIAL,556,77
CBFV,CBFV,,,24,2021-01-29,2022-12-30,0,24,0,0,24,0,0,2023-01-03,2026-07-17,BACKFILL_PRICE_HEAD_PLUS_PIT_FINANCIAL,557,78
CCD,CCD,,,24,2021-01-29,2022-12-30,0,24,0,0,24,0,0,2023-01-03,2026-07-17,BACKFILL_PRICE_HEAD_PLUS_PIT_FINANCIAL,558,79
CDLX,CDLX,,,24,2021-01-29,2022-12-30,0,24,0,0,24,0,0,2023-01-03,2026-07-17,BACKFILL_PRICE_HEAD_PLUS_PIT_FINANCIAL,559,80
CDXS,CDXS,,,24,2021-01-29,2022-12-30,0,24,0,0,24,0,0,2023-01-03,2026-07-17,BACKFILL_PRICE_HEAD_PLUS_PIT_FINANCIAL,560,81
CDZI,CDZI,,,24,2021-01-29,2022-12-30,0,24,0,0,24,0,0,2023-01-03,2026-07-17,BACKFILL_PRICE_HEAD_PLUS_PIT_FINANCIAL,561,82
CETX,CETX,,,24,2021-01-29,2022-12-30,0,24,0,0,24,0,0,2023-01-03,2026-07-17,BACKFILL_PRICE_HEAD_PLUS_PIT_FINANCIAL,562,83
CFBK,CFBK,,,24,2021-01-29,2022-12-30,0,24,0,0,24,0,0,2023-01-03,2026-07-17,BACKFILL_PRICE_HEAD_PLUS_PIT_FINANCIAL,563,84
CFFI,CFFI,,,24,2021-01-29,2022-12-30,0,24,0,0,24,0,0,2023-01-03,2026-07-17,BACKFILL_PRICE_HEAD_PLUS_PIT_FINANCIAL,564,85
CGO,CGO,,,24,2021-01-29,2022-12-30,0,24,0,0,24,0,0,2023-01-03,2026-07-17,BACKFILL_PRICE_HEAD_PLUS_PIT_FINANCIAL,565,86
CHCI,CHCI,,,24,2021-01-29,2022-12-30,0,24,0,0,24,0,0,2023-01-03,2026-07-17,BACKFILL_PRICE_HEAD_PLUS_PIT_FINANCIAL,566,87
CHI,CHI,,,24,2021-01-29,2022-12-30,0,24,0,0,24,0,0,2023-01-03,2026-07-17,BACKFILL_PRICE_HEAD_PLUS_PIT_FINANCIAL,567,88
CHRS,CHRS,,,24,2021-01-29,2022-12-30,0,24,0,0,24,0,0,2023-01-03,2026-07-17,BACKFILL_PRICE_HEAD_PLUS_PIT_FINANCIAL,568,89
CHW,CHW,,,24,2021-01-29,2022-12-30,0,24,0,0,24,0,0,2023-01-03,2026-07-17,BACKFILL_PRICE_HEAD_PLUS_PIT_FINANCIAL,569,90
CHY,CHY,,,24,2021-01-29,2022-12-30,0,24,0,0,24,0,0,2023-01-03,2026-07-17,BACKFILL_PRICE_HEAD_PLUS_PIT_FINANCIAL,570,91
CLAR,CLAR,,,24,2021-01-29,2022-12-30,0,24,0,0,24,0,0,2023-01-03,2026-07-17,BACKFILL_PRICE_HEAD_PLUS_PIT_FINANCIAL,571,92
CLIR,CLIR,,,24,2021-01-29,2022-12-30,0,24,0,0,24,0,0,2023-01-03,2026-07-17,BACKFILL_PRICE_HEAD_PLUS_PIT_FINANCIAL,572,93
CLNN,CLNN,,,24,2021-01-29,2022-12-30,0,24,0,0,24,0,0,2023-01-03,2026-07-17,BACKFILL_PRICE_HEAD_PLUS_PIT_FINANCIAL,573,94
CLRB,CLRB,,,24,2021-01-29,2022-12-30,0,24,0,0,24,0,0,2023-01-03,2026-07-17,BACKFILL_PRICE_HEAD_PLUS_PIT_FINANCIAL,574,95
CLRO,CLRO,,,24,2021-01-29,2022-12-30,0,24,0,0,24,0,0,2023-01-03,2026-07-17,BACKFILL_PRICE_HEAD_PLUS_PIT_FINANCIAL,575,96
CLVS,CLVS,,,24,2021-01-29,2022-12-30,24,0,0,0,24,0,0,,,ACQUIRE_PRICE_AND_PIT_FINANCIAL,576,1603
CMCT,CMCT,,,24,2021-01-29,2022-12-30,0,24,0,0,24,0,0,2023-01-03,2026-07-17,BACKFILL_PRICE_HEAD_PLUS_PIT_FINANCIAL,577,97
CMTL,CMTL,,,24,2021-01-29,2022-12-30,0,24,0,0,24,0,0,2023-01-03,2026-07-17,BACKFILL_PRICE_HEAD_PLUS_PIT_FINANCIAL,578,98
CNSP,CNSP,,,24,2021-01-29,2022-12-30,0,24,0,0,24,0,0,2023-01-03,2026-07-17,BACKFILL_PRICE_HEAD_PLUS_PIT_FINANCIAL,579,99
CNTY,CNTY,,,24,2021-01-29,2022-12-30,0,24,0,0,24,0,0,2023-01-03,2026-07-17,BACKFILL_PRICE_HEAD_PLUS_PIT_FINANCIAL,580,100
COCP,COCP,,,24,2021-01-29,2022-12-30,0,24,0,0,24,0,0,2023-01-03,2026-07-17,BACKFILL_PRICE_HEAD_PLUS_PIT_FINANCIAL,581,101
CODA,CODA,,,24,2021-01-29,2022-12-30,0,24,0,0,24,0,0,2023-01-03,2026-07-17,BACKFILL_PRICE_HEAD_PLUS_PIT_FINANCIAL,582,102
CPHC,CPHC,,,24,2021-01-29,2022-12-30,0,24,0,0,24,0,0,2023-01-03,2026-07-17,BACKFILL_PRICE_HEAD_PLUS_PIT_FINANCIAL,583,103
CPIX,CPIX,,,24,2021-01-29,2022-12-30,0,24,0,0,24,0,0,2023-01-03,2026-07-17,BACKFILL_PRICE_HEAD_PLUS_PIT_FINANCIAL,584,104
CPSH,CPSH,,,24,2021-01-29,2022-12-30,0,24,0,0,24,0,0,2023-01-03,2026-07-17,BACKFILL_PRICE_HEAD_PLUS_PIT_FINANCIAL,585,105
CPSS,CPSS,,,24,2021-01-29,2022-12-30,0,24,0,0,24,0,0,2023-01-03,2026-07-17,BACKFILL_PRICE_HEAD_PLUS_PIT_FINANCIAL,586,106
CRDF,CRDF,,,24,2021-01-29,2022-12-30,0,24,0,0,24,0,0,2023-01-03,2026-07-17,BACKFILL_PRICE_HEAD_PLUS_PIT_FINANCIAL,587,107
CREX,CREX,,,24,2021-01-29,2022-12-30,0,24,0,0,24,0,0,2023-01-03,2026-07-17,BACKFILL_PRICE_HEAD_PLUS_PIT_FINANCIAL,588,108
CRIS,CRIS,,,24,2021-01-29,2022-12-30,0,24,0,0,24,0,0,2023-01-03,2026-07-17,BACKFILL_PRICE_HEAD_PLUS_PIT_FINANCIAL,589,109
CRWS,CRWS,,,24,2021-01-29,2022-12-30,0,24,0,0,24,0,0,2023-01-03,2026-07-17,BACKFILL_PRICE_HEAD_PLUS_PIT_FINANCIAL,590,110
CSBR,CSBR,,,24,2021-01-29,2022-12-30,0,24,0,0,24,0,0,2023-01-03,2026-07-17,BACKFILL_PRICE_HEAD_PLUS_PIT_FINANCIAL,591,111
CSPI,CSPI,,,24,2021-01-29,2022-12-30,0,24,0,0,24,0,0,2023-01-03,2026-07-17,BACKFILL_PRICE_HEAD_PLUS_PIT_FINANCIAL,592,112
CTSO,CTSO,,,24,2021-01-29,2022-12-30,0,24,0,0,24,0,0,2023-01-03,2026-07-17,BACKFILL_PRICE_HEAD_PLUS_PIT_FINANCIAL,593,113
CTXR,CTXR,,,24,2021-01-29,2022-12-30,0,24,0,0,24,0,0,2023-01-03,2026-07-17,BACKFILL_PRICE_HEAD_PLUS_PIT_FINANCIAL,594,114
CUE,CUE,,,24,2021-01-29,2022-12-30,0,24,0,0,24,0,0,2023-01-03,2026-07-17,BACKFILL_PRICE_HEAD_PLUS_PIT_FINANCIAL,595,115
CVGI,CVGI,,,24,2021-01-29,2022-12-30,0,24,0,0,24,0,0,2023-01-03,2026-07-17,BACKFILL_PRICE_HEAD_PLUS_PIT_FINANCIAL,596,116
CVV,CVV,,,24,2021-01-29,2022-12-30,0,24,0,0,24,0,0,2023-01-03,2026-07-17,BACKFILL_PRICE_HEAD_PLUS_PIT_FINANCIAL,597,117
CXDO,CXDO,,,24,2021-01-29,2022-12-30,0,24,0,0,24,0,0,2023-01-03,2026-07-17,BACKFILL_PRICE_HEAD_PLUS_PIT_FINANCIAL,598,118
CYCN,CYCN,,,24,2021-01-29,2022-12-30,0,24,0,0,24,0,0,2023-01-03,2026-07-17,BACKFILL_PRICE_HEAD_PLUS_PIT_FINANCIAL,599,119
CZWI,CZWI,,,24,2021-01-29,2022-12-30,0,24,0,0,24,0,0,2023-01-03,2026-07-17,BACKFILL_PRICE_HEAD_PLUS_PIT_FINANCIAL,600,120
DAIO,DAIO,,,24,2021-01-29,2022-12-30,0,24,0,0,24,0,0,2023-01-03,2026-07-17,BACKFILL_PRICE_HEAD_PLUS_PIT_FINANCIAL,601,121
DARE,DARE,,,24,2021-01-29,2022-12-30,0,24,0,0,24,0,0,2023-01-03,2026-07-17,BACKFILL_PRICE_HEAD_PLUS_PIT_FINANCIAL,602,122
DGNU,DGNU,,,24,2021-03-31,2023-02-28,24,0,0,0,24,0,0,,,ACQUIRE_PRICE_AND_PIT_FINANCIAL,603,1604
DLHC,DLHC,,,24,2021-01-29,2022-12-30,0,24,0,0,24,0,0,2023-01-03,2026-07-17,BACKFILL_PRICE_HEAD_PLUS_PIT_FINANCIAL,604,123
DLPN,DLPN,,,24,2021-01-29,2022-12-30,0,24,0,0,24,0,0,2023-01-03,2026-07-17,BACKFILL_PRICE_HEAD_PLUS_PIT_FINANCIAL,605,124
DLTH,DLTH,,,24,2021-01-29,2022-12-30,0,24,0,0,24,0,0,2023-01-03,2026-07-17,BACKFILL_PRICE_HEAD_PLUS_PIT_FINANCIAL,606,125
DMRC,DMRC,,,24,2021-01-29,2022-12-30,0,24,0,0,24,0,0,2023-01-03,2026-07-17,BACKFILL_PRICE_HEAD_PLUS_PIT_FINANCIAL,607,126
DNAB,DNAB,,,24,2021-07-30,2023-06-30,24,0,0,0,24,0,0,,,ACQUIRE_PRICE_AND_PIT_FINANCIAL,608,1605
DNAD,DNAD,,,24,2021-07-30,2023-06-30,24,0,0,0,24,0,0,,,ACQUIRE_PRICE_AND_PIT_FINANCIAL,609,1606
DTIL,DTIL,,,24,2021-01-29,2022-12-30,0,24,0,0,24,0,0,2023-01-03,2026-07-17,BACKFILL_PRICE_HEAD_PLUS_PIT_FINANCIAL,610,127
DUOT,DUOT,,,24,2021-01-29,2022-12-30,0,24,0,0,24,0,0,2023-01-03,2026-07-17,BACKFILL_PRICE_HEAD_PLUS_PIT_FINANCIAL,611,128
DWSN,DWSN,,,24,2021-01-29,2022-12-30,0,24,0,0,24,0,0,2023-01-03,2026-07-17,BACKFILL_PRICE_HEAD_PLUS_PIT_FINANCIAL,612,129
DYAI,DYAI,,,24,2021-01-29,2022-12-30,0,24,0,0,24,0,0,2023-01-03,2026-07-17,BACKFILL_PRICE_HEAD_PLUS_PIT_FINANCIAL,613,130
EBMT,EBMT,,,24,2021-01-29,2022-12-30,0,24,0,0,24,0,0,2023-01-03,2026-07-17,BACKFILL_PRICE_HEAD_PLUS_PIT_FINANCIAL,614,131
ECOR,ECOR,,,24,2021-01-29,2022-12-30,0,24,0,0,24,0,0,2023-01-03,2026-07-17,BACKFILL_PRICE_HEAD_PLUS_PIT_FINANCIAL,615,132
EDSA,EDSA,,,24,2021-01-29,2022-12-30,0,24,0,0,24,0,0,2023-01-03,2026-07-17,BACKFILL_PRICE_HEAD_PLUS_PIT_FINANCIAL,616,133
EDUC,EDUC,,,24,2021-01-29,2022-12-30,0,24,0,0,24,0,0,2023-01-03,2026-07-17,BACKFILL_PRICE_HEAD_PLUS_PIT_FINANCIAL,617,134
EFOI,EFOI,,,24,2021-01-29,2022-12-30,0,24,0,0,24,0,0,2023-01-03,2026-07-17,BACKFILL_PRICE_HEAD_PLUS_PIT_FINANCIAL,618,135
EGAN,EGAN,,,24,2021-01-29,2022-12-30,0,24,0,0,24,0,0,2023-01-03,2026-07-17,BACKFILL_PRICE_HEAD_PLUS_PIT_FINANCIAL,619,136
EGLE,EGLE,,,24,2021-01-29,2022-12-30,24,0,0,0,24,0,0,,,ACQUIRE_PRICE_AND_PIT_FINANCIAL,620,1607
EHTH,EHTH,,,24,2021-01-29,2022-12-30,0,24,0,0,24,0,0,2023-01-03,2026-07-17,BACKFILL_PRICE_HEAD_PLUS_PIT_FINANCIAL,621,137
ELOX,ELOX,,,24,2021-01-29,2022-12-30,0,24,0,0,24,0,0,2023-01-03,2026-07-17,BACKFILL_PRICE_HEAD_PLUS_PIT_FINANCIAL,622,138
ELSE,ELSE,,,24,2021-01-29,2022-12-30,0,24,0,0,24,0,0,2023-01-03,2026-07-17,BACKFILL_PRICE_HEAD_PLUS_PIT_FINANCIAL,623,139
EMCF,EMCF,,,24,2021-01-29,2022-12-30,24,0,0,0,24,0,0,,,ACQUIRE_PRICE_AND_PIT_FINANCIAL,624,1608
EML,EML,,,24,2021-01-29,2022-12-30,0,24,0,0,24,0,0,2023-01-03,2026-07-17,BACKFILL_PRICE_HEAD_PLUS_PIT_FINANCIAL,625,140
ENVB,ENVB,,,24,2021-01-29,2022-12-30,0,24,0,0,24,0,0,2023-01-03,2026-07-17,BACKFILL_PRICE_HEAD_PLUS_PIT_FINANCIAL,626,141
EPSN,EPSN,,,24,2021-01-29,2022-12-30,0,24,0,0,24,0,0,2023-01-03,2026-07-17,BACKFILL_PRICE_HEAD_PLUS_PIT_FINANCIAL,627,142
EQ,EQ,,,24,2021-01-29,2022-12-30,0,24,0,0,24,0,0,2023-01-03,2026-07-17,BACKFILL_PRICE_HEAD_PLUS_PIT_FINANCIAL,628,143
EQRX,EQRX,,,24,2021-12-31,2023-12-29,24,0,0,0,24,0,0,,,ACQUIRE_PRICE_AND_PIT_FINANCIAL,629,1609
ESCA,ESCA,,,24,2021-01-29,2022-12-30,0,24,0,0,24,0,0,2023-01-03,2026-07-17,BACKFILL_PRICE_HEAD_PLUS_PIT_FINANCIAL,630,144
FBIO,FBIO,,,24,2021-01-29,2022-12-30,0,24,0,0,24,0,0,2023-01-03,2026-07-17,BACKFILL_PRICE_HEAD_PLUS_PIT_FINANCIAL,631,145
FCAP,FCAP,,,24,2021-01-29,2022-12-30,0,24,0,0,24,0,0,2023-01-03,2026-07-17,BACKFILL_PRICE_HEAD_PLUS_PIT_FINANCIAL,632,146
FGBI,FGBI,,,24,2021-01-29,2022-12-30,0,24,0,0,24,0,0,2023-01-03,2026-07-17,BACKFILL_PRICE_HEAD_PLUS_PIT_FINANCIAL,633,147
FLL,FLL,,,24,2021-01-29,2022-12-30,0,24,0,0,24,0,0,2023-01-03,2026-07-17,BACKFILL_PRICE_HEAD_PLUS_PIT_FINANCIAL,634,148
FLNT,FLNT,,,24,2021-01-29,2022-12-30,0,24,0,0,24,0,0,2023-01-03,2026-07-17,BACKFILL_PRICE_HEAD_PLUS_PIT_FINANCIAL,635,149
FLUX,FLUX,,,24,2021-01-29,2022-12-30,0,24,0,0,24,0,0,2023-01-03,2026-07-17,BACKFILL_PRICE_HEAD_PLUS_PIT_FINANCIAL,636,150
FNWB,FNWB,,,24,2021-01-29,2022-12-30,0,24,0,0,24,0,0,2023-01-03,2026-07-17,BACKFILL_PRICE_HEAD_PLUS_PIT_FINANCIAL,637,151
FORR,FORR,,,24,2021-01-29,2022-12-30,0,24,0,0,24,0,0,2023-01-03,2026-07-17,BACKFILL_PRICE_HEAD_PLUS_PIT_FINANCIAL,638,152
FOSL,FOSL,,,24,2021-01-29,2022-12-30,0,24,0,0,24,0,0,2023-01-03,2026-07-17,BACKFILL_PRICE_HEAD_PLUS_PIT_FINANCIAL,639,153
FRAF,FRAF,,,24,2021-01-29,2022-12-30,0,24,0,0,24,0,0,2023-01-03,2026-07-17,BACKFILL_PRICE_HEAD_PLUS_PIT_FINANCIAL,640,154
FSEA,FSEA,,,24,2021-01-29,2022-12-30,0,24,0,0,24,0,0,2023-01-20,2026-07-17,BACKFILL_PRICE_HEAD_PLUS_PIT_FINANCIAL,641,155
FTEK,FTEK,,,24,2021-01-29,2022-12-30,0,24,0,0,24,0,0,2023-01-03,2026-07-17,BACKFILL_PRICE_HEAD_PLUS_PIT_FINANCIAL,642,156
FTHM,FTHM,,,24,2021-01-29,2022-12-30,0,24,0,0,24,0,0,2023-01-03,2026-07-17,BACKFILL_PRICE_HEAD_PLUS_PIT_FINANCIAL,643,157
FUNC,FUNC,,,24,2021-01-29,2022-12-30,0,24,0,0,24,0,0,2023-01-03,2026-07-17,BACKFILL_PRICE_HEAD_PLUS_PIT_FINANCIAL,644,158
FUSB,FUSB,,,24,2021-01-29,2022-12-30,0,24,0,0,24,0,0,2023-01-03,2026-07-17,BACKFILL_PRICE_HEAD_PLUS_PIT_FINANCIAL,645,159
FXNC,FXNC,,,24,2021-01-29,2022-12-30,0,24,0,0,24,0,0,2023-01-03,2026-07-17,BACKFILL_PRICE_HEAD_PLUS_PIT_FINANCIAL,646,160
GAIA,GAIA,,,24,2021-01-29,2022-12-30,0,24,0,0,24,0,0,2023-01-03,2026-07-17,BACKFILL_PRICE_HEAD_PLUS_PIT_FINANCIAL,647,161
GALT,GALT,,,24,2021-01-29,2022-12-30,0,24,0,0,24,0,0,2023-01-03,2026-07-17,BACKFILL_PRICE_HEAD_PLUS_PIT_FINANCIAL,648,162
GBRG,GBRG,,,24,2021-04-30,2023-04-28,24,0,0,0,24,0,0,,,ACQUIRE_PRICE_AND_PIT_FINANCIAL,649,1610
GECC,GECC,,,24,2021-01-29,2022-12-30,0,24,0,0,24,0,0,2023-01-03,2026-07-17,BACKFILL_PRICE_HEAD_PLUS_PIT_FINANCIAL,650,163
GEG,GEG,,,24,2021-01-29,2022-12-30,0,24,0,0,24,0,0,2023-01-03,2026-07-17,BACKFILL_PRICE_HEAD_PLUS_PIT_FINANCIAL,651,164
GEOS,GEOS,,,24,2021-01-29,2022-12-30,0,24,0,0,24,0,0,2023-01-03,2026-07-17,BACKFILL_PRICE_HEAD_PLUS_PIT_FINANCIAL,652,165
GLSI,GLSI,,,24,2021-01-29,2022-12-30,0,24,0,0,24,0,0,2023-01-03,2026-07-17,BACKFILL_PRICE_HEAD_PLUS_PIT_FINANCIAL,653,166
GMVD,GMVD,,,24,2021-07-30,2023-07-31,24,0,0,0,24,0,0,,,ACQUIRE_PRICE_AND_PIT_FINANCIAL,654,1611
GNLN,GNLN,,,24,2021-01-29,2022-12-30,0,24,0,0,24,0,0,2023-01-03,2026-07-17,BACKFILL_PRICE_HEAD_PLUS_PIT_FINANCIAL,655,167
GNPX,GNPX,,,24,2021-01-29,2022-12-30,0,24,0,0,24,0,0,2023-01-03,2026-07-17,BACKFILL_PRICE_HEAD_PLUS_PIT_FINANCIAL,656,168
GNSS,GNSS,,,24,2021-01-29,2022-12-30,0,24,0,0,24,0,0,2023-01-03,2026-07-17,BACKFILL_PRICE_HEAD_PLUS_PIT_FINANCIAL,657,169
GOSS,GOSS,,,24,2021-01-29,2022-12-30,0,24,0,0,24,0,0,2023-01-03,2026-07-17,BACKFILL_PRICE_HEAD_PLUS_PIT_FINANCIAL,658,170
GOVX,GOVX,,,24,2021-01-29,2022-12-30,0,24,0,0,24,0,0,2023-01-03,2026-07-17,BACKFILL_PRICE_HEAD_PLUS_PIT_FINANCIAL,659,171
GPRO,GPRO,,,24,2021-01-29,2022-12-30,0,24,0,0,24,0,0,2023-01-03,2026-07-17,BACKFILL_PRICE_HEAD_PLUS_PIT_FINANCIAL,660,172
GROW,GROW,,,24,2021-01-29,2022-12-30,0,24,0,0,24,0,0,2023-01-03,2026-07-17,BACKFILL_PRICE_HEAD_PLUS_PIT_FINANCIAL,661,173
GRWG,GRWG,,,24,2021-01-29,2022-12-30,0,24,0,0,24,0,0,2023-01-03,2026-07-17,BACKFILL_PRICE_HEAD_PLUS_PIT_FINANCIAL,662,174
GSIT,GSIT,,,24,2021-01-29,2022-12-30,0,24,0,0,24,0,0,2023-01-03,2026-07-17,BACKFILL_PRICE_HEAD_PLUS_PIT_FINANCIAL,663,175
GTIM,GTIM,,,24,2021-01-29,2022-12-30,0,24,0,0,24,0,0,2023-01-03,2026-07-17,BACKFILL_PRICE_HEAD_PLUS_PIT_FINANCIAL,664,176
GWRS,GWRS,,,24,2021-01-29,2022-12-30,0,24,0,0,24,0,0,2023-01-03,2026-07-17,BACKFILL_PRICE_HEAD_PLUS_PIT_FINANCIAL,665,177
GYRO,GYRO,,,24,2021-01-29,2022-12-30,0,24,0,0,24,0,0,2023-01-03,2026-07-17,BACKFILL_PRICE_HEAD_PLUS_PIT_FINANCIAL,666,178
HAIN,HAIN,,,24,2021-01-29,2022-12-30,0,24,0,0,24,0,0,2023-01-03,2026-07-17,BACKFILL_PRICE_HEAD_PLUS_PIT_FINANCIAL,667,179
HBIO,HBIO,,,24,2021-01-29,2022-12-30,0,24,0,0,24,0,0,2023-01-03,2026-07-17,BACKFILL_PRICE_HEAD_PLUS_PIT_FINANCIAL,668,180
HCAT,HCAT,,,24,2021-01-29,2022-12-30,0,24,0,0,24,0,0,2023-01-03,2026-07-17,BACKFILL_PRICE_HEAD_PLUS_PIT_FINANCIAL,669,181
HFBL,HFBL,,,24,2021-01-29,2022-12-30,0,24,0,0,24,0,0,2023-01-03,2026-07-17,BACKFILL_PRICE_HEAD_PLUS_PIT_FINANCIAL,670,182
HFFG,HFFG,,,24,2021-01-29,2022-12-30,0,24,0,0,24,0,0,2023-01-03,2026-07-17,BACKFILL_PRICE_HEAD_PLUS_PIT_FINANCIAL,671,183
HGBL,HGBL,,,24,2021-01-29,2022-12-30,0,24,0,0,24,0,0,2023-01-03,2026-07-17,BACKFILL_PRICE_HEAD_PLUS_PIT_FINANCIAL,672,184
HNNA,HNNA,,,24,2021-01-29,2022-12-30,0,24,0,0,24,0,0,2023-01-03,2026-07-17,BACKFILL_PRICE_HEAD_PLUS_PIT_FINANCIAL,673,185
HOFT,HOFT,,,24,2021-01-29,2022-12-30,0,24,0,0,24,0,0,2023-01-03,2026-07-17,BACKFILL_PRICE_HEAD_PLUS_PIT_FINANCIAL,674,186
HQI,HQI,,,24,2021-01-29,2022-12-30,0,24,0,0,24,0,0,2023-01-03,2026-07-17,BACKFILL_PRICE_HEAD_PLUS_PIT_FINANCIAL,675,187
HSDT,HSDT,,,24,2021-01-29,2022-12-30,0,24,0,0,24,0,0,2023-01-03,2026-07-17,BACKFILL_PRICE_HEAD_PLUS_PIT_FINANCIAL,676,188
HURC,HURC,,,24,2021-01-29,2022-12-30,0,24,0,0,24,0,0,2023-01-03,2026-07-17,BACKFILL_PRICE_HEAD_PLUS_PIT_FINANCIAL,677,189
HWBK,HWBK,,,24,2021-01-29,2022-12-30,0,24,0,0,24,0,0,2023-01-03,2026-07-17,BACKFILL_PRICE_HEAD_PLUS_PIT_FINANCIAL,678,190
HYFM,HYFM,,,24,2021-01-29,2022-12-30,0,24,0,0,24,0,0,2023-01-03,2026-07-17,BACKFILL_PRICE_HEAD_PLUS_PIT_FINANCIAL,679,191
ICCC,ICCC,,,24,2021-01-29,2022-12-30,0,24,0,0,24,0,0,2023-01-03,2026-07-17,BACKFILL_PRICE_HEAD_PLUS_PIT_FINANCIAL,680,192
ICMB,ICMB,,,24,2021-01-29,2022-12-30,0,24,0,0,24,0,0,2023-01-03,2026-07-17,BACKFILL_PRICE_HEAD_PLUS_PIT_FINANCIAL,681,193
IDN,IDN,,,24,2021-01-29,2022-12-30,0,24,0,0,24,0,0,2023-01-03,2026-07-17,BACKFILL_PRICE_HEAD_PLUS_PIT_FINANCIAL,682,194
IDRA,IDRA,,,24,2021-01-29,2022-12-30,24,0,0,0,24,0,0,,,ACQUIRE_PRICE_AND_PIT_FINANCIAL,683,1612
III,III,,,24,2021-01-29,2022-12-30,0,24,0,0,24,0,0,2023-01-03,2026-07-17,BACKFILL_PRICE_HEAD_PLUS_PIT_FINANCIAL,684,195
IMMR,IMMR,,,24,2021-01-29,2022-12-30,0,24,0,0,24,0,0,2023-01-03,2026-07-17,BACKFILL_PRICE_HEAD_PLUS_PIT_FINANCIAL,685,196
IMUX,IMUX,,,24,2021-01-29,2022-12-30,0,24,0,0,24,0,0,2023-01-03,2026-07-17,BACKFILL_PRICE_HEAD_PLUS_PIT_FINANCIAL,686,197
INBK,INBK,,,24,2021-01-29,2022-12-30,0,24,0,0,24,0,0,2023-01-03,2026-07-17,BACKFILL_PRICE_HEAD_PLUS_PIT_FINANCIAL,687,198
INGN,INGN,,,24,2021-01-29,2022-12-30,0,24,0,0,24,0,0,2023-01-03,2026-07-17,BACKFILL_PRICE_HEAD_PLUS_PIT_FINANCIAL,688,199
INMB,INMB,,,24,2021-01-29,2022-12-30,0,24,0,0,24,0,0,2023-01-03,2026-07-17,BACKFILL_PRICE_HEAD_PLUS_PIT_FINANCIAL,689,200
INO,INO,,,24,2021-01-29,2022-12-30,0,24,0,0,24,0,0,2023-01-03,2026-07-17,BACKFILL_PRICE_HEAD_PLUS_PIT_FINANCIAL,690,201
INSE,INSE,,,24,2021-01-29,2022-12-30,0,24,0,0,24,0,0,2023-01-03,2026-07-17,BACKFILL_PRICE_HEAD_PLUS_PIT_FINANCIAL,691,202
INSG,INSG,,,24,2021-01-29,2022-12-30,0,24,0,0,24,0,0,2023-01-03,2026-07-17,BACKFILL_PRICE_HEAD_PLUS_PIT_FINANCIAL,692,203
INTG,INTG,,,24,2021-01-29,2022-12-30,0,24,0,0,24,0,0,2023-01-03,2026-07-17,BACKFILL_PRICE_HEAD_PLUS_PIT_FINANCIAL,693,204
INTZ,INTZ,,,24,2021-01-29,2022-12-30,0,24,0,0,24,0,0,2023-01-03,2026-07-17,BACKFILL_PRICE_HEAD_PLUS_PIT_FINANCIAL,694,205
INVE,INVE,,,24,2021-01-29,2022-12-30,0,24,0,0,24,0,0,2023-01-03,2026-07-17,BACKFILL_PRICE_HEAD_PLUS_PIT_FINANCIAL,695,206
IPDN,IPDN,,,24,2021-01-29,2022-12-30,0,24,0,0,24,0,0,2023-01-03,2026-07-17,BACKFILL_PRICE_HEAD_PLUS_PIT_FINANCIAL,696,207
IPWR,IPWR,,,24,2021-01-29,2022-12-30,0,24,0,0,24,0,0,2023-01-03,2026-07-17,BACKFILL_PRICE_HEAD_PLUS_PIT_FINANCIAL,697,208
IRIX,IRIX,,,24,2021-01-29,2022-12-30,0,24,0,0,24,0,0,2023-01-03,2026-07-17,BACKFILL_PRICE_HEAD_PLUS_PIT_FINANCIAL,698,209
IZEA,IZEA,,,24,2021-01-29,2022-12-30,0,24,0,0,24,0,0,2023-01-03,2026-07-17,BACKFILL_PRICE_HEAD_PLUS_PIT_FINANCIAL,699,210
JAGX,JAGX,,,24,2021-01-29,2022-12-30,0,24,0,0,24,0,0,2023-01-03,2026-07-17,BACKFILL_PRICE_HEAD_PLUS_PIT_FINANCIAL,700,211
JAKK,JAKK,,,24,2021-01-29,2022-12-30,0,24,0,0,24,0,0,2023-01-03,2026-07-31,BACKFILL_PRICE_HEAD_PLUS_PIT_FINANCIAL,701,212
JRSH,JRSH,,,24,2021-01-29,2022-12-30,0,24,0,0,24,0,0,2023-01-03,2026-07-17,BACKFILL_PRICE_HEAD_PLUS_PIT_FINANCIAL,702,213
JVA,JVA,,,24,2021-01-29,2022-12-30,0,24,0,0,24,0,0,2023-01-03,2026-07-17,BACKFILL_PRICE_HEAD_PLUS_PIT_FINANCIAL,703,214
JYNT,JYNT,,,24,2021-01-29,2022-12-30,0,24,0,0,24,0,0,2023-01-03,2026-07-17,BACKFILL_PRICE_HEAD_PLUS_PIT_FINANCIAL,704,215
KALA,KALA,,,24,2021-01-29,2022-12-30,0,24,0,0,24,0,0,2023-01-03,2026-07-17,BACKFILL_PRICE_HEAD_PLUS_PIT_FINANCIAL,705,216
KEQU,KEQU,,,24,2021-01-29,2022-12-30,0,24,0,0,24,0,0,2023-01-03,2026-07-17,BACKFILL_PRICE_HEAD_PLUS_PIT_FINANCIAL,706,217
KFFB,KFFB,,,24,2021-01-29,2022-12-30,0,24,0,0,24,0,0,2023-01-03,2026-07-17,BACKFILL_PRICE_HEAD_PLUS_PIT_FINANCIAL,707,218
KINS,KINS,,,24,2021-01-29,2022-12-30,0,24,0,0,24,0,0,2023-01-03,2026-07-17,BACKFILL_PRICE_HEAD_PLUS_PIT_FINANCIAL,708,219
KLXE,KLXE,,,24,2021-01-29,2022-12-30,0,24,0,0,24,0,0,2023-01-03,2026-07-17,BACKFILL_PRICE_HEAD_PLUS_PIT_FINANCIAL,709,220
KOSS,KOSS,,,24,2021-01-29,2022-12-30,0,24,0,0,24,0,0,2023-01-03,2026-07-17,BACKFILL_PRICE_HEAD_PLUS_PIT_FINANCIAL,710,221
KPTI,KPTI,,,24,2021-01-29,2022-12-30,0,24,0,0,24,0,0,2023-01-03,2026-07-17,BACKFILL_PRICE_HEAD_PLUS_PIT_FINANCIAL,711,222
KRMD,KRMD,,,24,2021-01-29,2022-12-30,0,24,0,0,24,0,0,2023-01-03,2026-07-17,BACKFILL_PRICE_HEAD_PLUS_PIT_FINANCIAL,712,223
KTCC,KTCC,,,24,2021-01-29,2022-12-30,0,24,0,0,24,0,0,2023-01-03,2026-07-17,BACKFILL_PRICE_HEAD_PLUS_PIT_FINANCIAL,713,224
KTRA,HURA,issuer_rename,https://www.sec.gov/Archives/edgar/data/1498382/000095017024127218/hura-20241018.htm,24,2021-01-29,2022-12-30,0,24,0,0,24,0,0,2023-01-03,2024-11-13,BACKFILL_PRICE_HEAD_PLUS_PIT_FINANCIAL,714,225
KVHI,KVHI,,,24,2021-01-29,2022-12-30,0,24,0,0,24,0,0,2023-01-03,2026-07-17,BACKFILL_PRICE_HEAD_PLUS_PIT_FINANCIAL,715,226
LAKE,LAKE,,,24,2021-01-29,2022-12-30,0,24,0,0,24,0,0,2023-01-03,2026-07-17,BACKFILL_PRICE_HEAD_PLUS_PIT_FINANCIAL,716,227
LARK,LARK,,,24,2021-01-29,2022-12-30,0,24,0,0,24,0,0,2023-01-03,2026-07-17,BACKFILL_PRICE_HEAD_PLUS_PIT_FINANCIAL,717,228
LCNB,LCNB,,,24,2021-01-29,2022-12-30,0,24,0,0,24,0,0,2023-01-03,2026-07-17,BACKFILL_PRICE_HEAD_PLUS_PIT_FINANCIAL,718,229
LCUT,LCUT,,,24,2021-01-29,2022-12-30,0,24,0,0,24,0,0,2023-01-03,2026-07-17,BACKFILL_PRICE_HEAD_PLUS_PIT_FINANCIAL,719,230
LESL,LESL,,,24,2021-01-29,2022-12-30,0,24,0,0,24,0,0,2023-01-03,2026-07-17,BACKFILL_PRICE_HEAD_PLUS_PIT_FINANCIAL,720,231
LFVN,LFVN,,,24,2021-01-29,2022-12-30,0,24,0,0,24,0,0,2023-01-03,2026-07-17,BACKFILL_PRICE_HEAD_PLUS_PIT_FINANCIAL,721,232
LIFW,LIFW,,,24,2023-01-31,2024-12-31,24,0,0,0,24,0,0,,,ACQUIRE_PRICE_AND_PIT_FINANCIAL,722,1613
LIVE,LIVE,,,24,2021-01-29,2022-12-30,0,24,0,0,24,0,0,2023-01-03,2026-07-17,BACKFILL_PRICE_HEAD_PLUS_PIT_FINANCIAL,723,233
LMFA,LMFA,,,24,2021-01-29,2022-12-30,0,24,0,0,24,0,0,2023-01-03,2026-07-17,BACKFILL_PRICE_HEAD_PLUS_PIT_FINANCIAL,724,234
LMNR,LMNR,,,24,2021-01-29,2022-12-30,0,24,0,0,24,0,0,2023-01-03,2026-07-17,BACKFILL_PRICE_HEAD_PLUS_PIT_FINANCIAL,725,235
LNSR,LNSR,,,24,2021-01-29,2022-12-30,0,24,0,0,24,0,0,2023-01-03,2026-07-17,BACKFILL_PRICE_HEAD_PLUS_PIT_FINANCIAL,726,236
LOAN,LOAN,,,24,2021-01-29,2022-12-30,0,24,0,0,24,0,0,2023-01-03,2026-07-17,BACKFILL_PRICE_HEAD_PLUS_PIT_FINANCIAL,727,237
LOVE,LOVE,,,24,2021-01-29,2022-12-30,0,24,0,0,24,0,0,2023-01-03,2026-07-17,BACKFILL_PRICE_HEAD_PLUS_PIT_FINANCIAL,728,238
LPCN,LPCN,,,24,2021-01-29,2022-12-30,0,24,0,0,24,0,0,2023-01-03,2026-07-17,BACKFILL_PRICE_HEAD_PLUS_PIT_FINANCIAL,729,239
LPSN,LPSN,,,24,2021-01-29,2022-12-30,0,24,0,0,24,0,0,2023-01-03,2026-07-17,BACKFILL_PRICE_HEAD_PLUS_PIT_FINANCIAL,730,240
LTRN,LTRN,,,24,2021-01-29,2022-12-30,0,24,0,0,24,0,0,2023-01-03,2026-07-17,BACKFILL_PRICE_HEAD_PLUS_PIT_FINANCIAL,731,241
LTRX,LTRX,,,24,2021-01-29,2022-12-30,0,24,0,0,24,0,0,2023-01-03,2026-07-17,BACKFILL_PRICE_HEAD_PLUS_PIT_FINANCIAL,732,242
LUNG,LUNG,,,24,2021-01-29,2022-12-30,0,24,0,0,24,0,0,2023-01-03,2026-07-17,BACKFILL_PRICE_HEAD_PLUS_PIT_FINANCIAL,733,243
MASS,MASS,,,24,2021-01-29,2022-12-30,0,24,0,0,24,0,0,2023-01-03,2026-07-31,BACKFILL_PRICE_HEAD_PLUS_PIT_FINANCIAL,734,244
MAYS,MAYS,,,24,2021-01-29,2022-12-30,0,24,0,0,24,0,0,2023-01-03,2026-07-17,BACKFILL_PRICE_HEAD_PLUS_PIT_FINANCIAL,735,245
MBIO,MBIO,,,24,2021-01-29,2022-12-30,0,24,0,0,24,0,0,2023-01-03,2026-07-17,BACKFILL_PRICE_HEAD_PLUS_PIT_FINANCIAL,736,246
MBRX,MBRX,,,24,2021-01-29,2022-12-30,0,24,0,0,24,0,0,2023-01-03,2026-07-17,BACKFILL_PRICE_HEAD_PLUS_PIT_FINANCIAL,737,247
MCHX,MCHX,,,24,2021-01-29,2022-12-30,0,24,0,0,24,0,0,2023-01-03,2026-07-17,BACKFILL_PRICE_HEAD_PLUS_PIT_FINANCIAL,738,248
MCRB,MCRB,,,24,2021-01-29,2022-12-30,0,24,0,0,24,0,0,2023-01-03,2026-07-17,BACKFILL_PRICE_HEAD_PLUS_PIT_FINANCIAL,739,249
MDIA,MDIA,,,24,2021-01-29,2022-12-30,0,24,0,0,24,0,0,2023-01-03,2026-07-17,BACKFILL_PRICE_HEAD_PLUS_PIT_FINANCIAL,740,250
MDRR,MDRR,,,24,2021-01-29,2022-12-30,0,24,0,0,24,0,0,2023-01-03,2026-07-17,BACKFILL_PRICE_HEAD_PLUS_PIT_FINANCIAL,741,251
MEDS,SCNX,issuer_rename,https://www.sec.gov/Archives/edgar/data/1382574/000149315224040822/form8-k.htm,24,2021-01-29,2022-12-30,0,24,0,0,24,0,0,2023-01-03,2024-10-10,BACKFILL_PRICE_HEAD_PLUS_PIT_FINANCIAL,742,252
MFIN,MFIN,,,24,2021-01-29,2022-12-30,0,24,0,0,24,0,0,2023-01-03,2026-07-17,BACKFILL_PRICE_HEAD_PLUS_PIT_FINANCIAL,743,253
MGNX,MGNX,,,24,2021-01-29,2022-12-30,0,24,0,0,24,0,0,2023-01-03,2026-07-17,BACKFILL_PRICE_HEAD_PLUS_PIT_FINANCIAL,744,254
MGYR,MGYR,,,24,2021-01-29,2022-12-30,0,24,0,0,24,0,0,2023-01-03,2026-07-17,BACKFILL_PRICE_HEAD_PLUS_PIT_FINANCIAL,745,255
MIND,MIND,,,24,2021-01-29,2022-12-30,0,24,0,0,24,0,0,2023-01-03,2026-07-17,BACKFILL_PRICE_HEAD_PLUS_PIT_FINANCIAL,746,256
MNOV,MNOV,,,24,2021-01-29,2022-12-30,0,24,0,0,24,0,0,2023-01-03,2026-07-17,BACKFILL_PRICE_HEAD_PLUS_PIT_FINANCIAL,747,257
MNSB,MNSB,,,24,2021-01-29,2022-12-30,0,24,0,0,24,0,0,2023-01-03,2026-07-17,BACKFILL_PRICE_HEAD_PLUS_PIT_FINANCIAL,748,258
MNTK,MNTK,,,24,2021-01-29,2022-12-30,0,24,0,0,24,0,0,2023-01-03,2026-07-17,BACKFILL_PRICE_HEAD_PLUS_PIT_FINANCIAL,749,259
MPAA,MPAA,,,24,2021-01-29,2022-12-30,0,24,0,0,24,0,0,2023-01-03,2026-07-17,BACKFILL_PRICE_HEAD_PLUS_PIT_FINANCIAL,750,260
MRBK,MRBK,,,24,2021-01-29,2022-12-30,0,24,0,0,24,0,0,2023-01-03,2026-07-17,BACKFILL_PRICE_HEAD_PLUS_PIT_FINANCIAL,751,261
MRKR,MRKR,,,24,2021-01-29,2022-12-30,0,24,0,0,24,0,0,2023-01-03,2026-07-17,BACKFILL_PRICE_HEAD_PLUS_PIT_FINANCIAL,752,262
MSGM,MSGM,,,24,2021-01-29,2022-12-30,0,24,0,0,24,0,0,2023-01-03,2026-07-17,BACKFILL_PRICE_HEAD_PLUS_PIT_FINANCIAL,753,263
MTBC,MTBC,,,24,2021-01-29,2022-12-30,24,0,0,0,24,0,0,,,ACQUIRE_PRICE_AND_PIT_FINANCIAL,754,1614
MTEX,MTEX,,,24,2021-01-29,2022-12-30,0,24,0,0,24,0,0,2023-01-03,2026-07-17,BACKFILL_PRICE_HEAD_PLUS_PIT_FINANCIAL,755,264
MVIS,MVIS,,,24,2021-01-29,2022-12-30,0,24,0,0,24,0,0,2023-01-03,2026-07-17,BACKFILL_PRICE_HEAD_PLUS_PIT_FINANCIAL,756,265
NAII,NAII,,,24,2021-01-29,2022-12-30,0,24,0,0,24,0,0,2023-01-03,2026-07-17,BACKFILL_PRICE_HEAD_PLUS_PIT_FINANCIAL,757,266
NCSM,NCSM,,,24,2021-01-29,2022-12-30,0,24,0,0,24,0,0,2023-01-03,2026-07-17,BACKFILL_PRICE_HEAD_PLUS_PIT_FINANCIAL,758,267
NDLS,NDLS,,,24,2021-01-29,2022-12-30,0,24,0,0,24,0,0,2023-01-03,2026-07-17,BACKFILL_PRICE_HEAD_PLUS_PIT_FINANCIAL,759,268
NDRA,NDRA,,,24,2021-01-29,2022-12-30,0,24,0,0,24,0,0,2023-01-03,2026-07-17,BACKFILL_PRICE_HEAD_PLUS_PIT_FINANCIAL,760,269
NEPH,NEPH,,,24,2021-01-29,2022-12-30,0,24,0,0,24,0,0,2023-01-03,2026-07-17,BACKFILL_PRICE_HEAD_PLUS_PIT_FINANCIAL,761,270
NERV,NERV,,,24,2021-01-29,2022-12-30,0,24,0,0,24,0,0,2023-01-03,2026-07-17,BACKFILL_PRICE_HEAD_PLUS_PIT_FINANCIAL,762,271
NHTC,NHTC,,,24,2021-01-29,2022-12-30,0,24,0,0,24,0,0,2023-01-03,2026-07-17,BACKFILL_PRICE_HEAD_PLUS_PIT_FINANCIAL,763,272
NKSH,NKSH,,,24,2021-01-29,2022-12-30,0,24,0,0,24,0,0,2023-01-03,2026-07-17,BACKFILL_PRICE_HEAD_PLUS_PIT_FINANCIAL,764,273
NKTX,NKTX,,,24,2021-01-29,2022-12-30,0,24,0,0,24,0,0,2023-01-03,2026-07-17,BACKFILL_PRICE_HEAD_PLUS_PIT_FINANCIAL,765,274
NNBR,NNBR,,,24,2021-01-29,2022-12-30,0,24,0,0,24,0,0,2023-01-03,2026-07-17,BACKFILL_PRICE_HEAD_PLUS_PIT_FINANCIAL,766,275
NRBO,MTVA,issuer_rename,https://www.sec.gov/Archives/edgar/data/1638287/000155837024016344/mtva-20241218x8k.htm,24,2021-01-29,2022-12-30,0,24,0,0,24,0,0,2023-01-03,2024-12-17,BACKFILL_PRICE_HEAD_PLUS_PIT_FINANCIAL,767,276
NSYS,NSYS,,,24,2021-01-29,2022-12-30,0,24,0,0,24,0,0,2023-01-03,2026-07-17,BACKFILL_PRICE_HEAD_PLUS_PIT_FINANCIAL,768,277
NTIC,NTIC,,,24,2021-01-29,2022-12-30,0,24,0,0,24,0,0,2023-01-03,2026-07-17,BACKFILL_PRICE_HEAD_PLUS_PIT_FINANCIAL,769,278
NTWK,NTWK,,,24,2021-01-29,2022-12-30,0,24,0,0,24,0,0,2023-01-03,2026-07-17,BACKFILL_PRICE_HEAD_PLUS_PIT_FINANCIAL,770,279
NXTC,NXTC,,,24,2021-01-29,2022-12-30,0,24,0,0,24,0,0,2023-01-03,2026-07-17,BACKFILL_PRICE_HEAD_PLUS_PIT_FINANCIAL,771,280
NXU,NXU,,,24,2023-05-31,2025-04-30,24,0,0,0,24,0,0,,,ACQUIRE_PRICE_AND_PIT_FINANCIAL,772,1615
OCC,OCC,,,24,2021-01-29,2022-12-30,0,24,0,0,24,0,0,2023-01-03,2026-07-17,BACKFILL_PRICE_HEAD_PLUS_PIT_FINANCIAL,773,281
OCCI,OCCI,,,24,2021-01-29,2022-12-30,0,24,0,0,24,0,0,2023-01-03,2026-07-17,BACKFILL_PRICE_HEAD_PLUS_PIT_FINANCIAL,774,282
OCUP,IRD,issuer_rename,https://www.sec.gov/Archives/edgar/data/1228627/000114036124046028/ef20038443_8k.htm,24,2021-01-29,2022-12-30,0,24,0,0,24,0,0,2023-01-03,2024-11-11,BACKFILL_PRICE_HEAD_PLUS_PIT_FINANCIAL,775,283
OESX,OESX,,,24,2021-01-29,2022-12-30,0,24,0,0,24,0,0,2023-01-03,2026-07-17,BACKFILL_PRICE_HEAD_PLUS_PIT_FINANCIAL,776,284
OFS,OFS,,,24,2021-01-29,2022-12-30,0,24,0,0,24,0,0,2023-01-03,2026-07-17,BACKFILL_PRICE_HEAD_PLUS_PIT_FINANCIAL,777,285
OLB,OLB,,,24,2021-01-29,2022-12-30,0,24,0,0,24,0,0,2023-01-03,2026-07-17,BACKFILL_PRICE_HEAD_PLUS_PIT_FINANCIAL,778,286
OMEG,OMEG,,,24,2021-01-29,2022-12-30,24,0,0,0,24,0,0,,,ACQUIRE_PRICE_AND_PIT_FINANCIAL,779,1616
OMEX,OMEX,,,24,2021-01-29,2022-12-30,0,24,0,0,24,0,0,2023-01-03,2026-07-17,BACKFILL_PRICE_HEAD_PLUS_PIT_FINANCIAL,780,287
ONEW,ONEW,,,24,2021-01-29,2022-12-30,0,24,0,0,24,0,0,2023-01-03,2026-07-17,BACKFILL_PRICE_HEAD_PLUS_PIT_FINANCIAL,781,288
OPBK,OPBK,,,24,2021-01-29,2022-12-30,0,24,0,0,24,0,0,2023-01-03,2026-07-17,BACKFILL_PRICE_HEAD_PLUS_PIT_FINANCIAL,782,289
OPHC,OPHC,,,24,2021-01-29,2022-12-30,0,24,0,0,24,0,0,2023-01-03,2026-07-17,BACKFILL_PRICE_HEAD_PLUS_PIT_FINANCIAL,783,290
OPRT,OPRT,,,24,2021-01-29,2022-12-30,0,24,0,0,24,0,0,2023-01-03,2026-07-17,BACKFILL_PRICE_HEAD_PLUS_PIT_FINANCIAL,784,291
OPRX,OPRX,,,24,2021-01-29,2022-12-30,0,24,0,0,24,0,0,2023-01-03,2026-07-17,BACKFILL_PRICE_HEAD_PLUS_PIT_FINANCIAL,785,292
OSUR,OSUR,,,24,2021-01-29,2022-12-30,0,24,0,0,24,0,0,2023-01-03,2026-07-17,BACKFILL_PRICE_HEAD_PLUS_PIT_FINANCIAL,786,293
OTIC,OTIC,,,24,2021-01-29,2022-12-30,24,0,0,0,24,0,0,,,ACQUIRE_PRICE_AND_PIT_FINANCIAL,787,1617
OTLK,OTLK,,,24,2021-01-29,2022-12-30,0,24,0,0,24,0,0,2023-01-03,2026-07-17,BACKFILL_PRICE_HEAD_PLUS_PIT_FINANCIAL,788,294
OVBC,OVBC,,,24,2021-01-29,2022-12-30,0,24,0,0,24,0,0,2023-01-03,2026-07-17,BACKFILL_PRICE_HEAD_PLUS_PIT_FINANCIAL,789,295
OVLY,OVLY,,,24,2021-01-29,2022-12-30,0,24,0,0,24,0,0,2023-01-03,2026-07-17,BACKFILL_PRICE_HEAD_PLUS_PIT_FINANCIAL,790,296
OYST,OYST,,,24,2021-01-29,2022-12-30,24,0,0,0,24,0,0,,,ACQUIRE_PRICE_AND_PIT_FINANCIAL,791,1618
PASG,PASG,,,24,2021-01-29,2022-12-30,0,24,0,0,24,0,0,2023-01-03,2026-07-17,BACKFILL_PRICE_HEAD_PLUS_PIT_FINANCIAL,792,297
PAVM,PAVM,,,24,2021-01-29,2022-12-30,0,24,0,0,24,0,0,2023-01-03,2026-07-17,BACKFILL_PRICE_HEAD_PLUS_PIT_FINANCIAL,793,298
PBHC,PBHC,,,24,2021-01-29,2022-12-30,0,24,0,0,24,0,0,2023-01-03,2026-07-17,BACKFILL_PRICE_HEAD_PLUS_PIT_FINANCIAL,794,299
PCSA,PCSA,,,24,2021-01-29,2022-12-30,0,24,0,0,24,0,0,2023-01-03,2026-07-17,BACKFILL_PRICE_HEAD_PLUS_PIT_FINANCIAL,795,300
PCSB,PCSB,,,24,2021-01-29,2022-12-30,24,0,0,0,24,0,0,,,ACQUIRE_PRICE_AND_PIT_FINANCIAL,796,1619
PCYO,PCYO,,,24,2021-01-29,2022-12-30,0,24,0,0,24,0,0,2023-01-03,2026-07-17,BACKFILL_PRICE_HEAD_PLUS_PIT_FINANCIAL,797,301
PDEX,PDEX,,,24,2021-01-29,2022-12-30,0,24,0,0,24,0,0,2023-01-03,2026-07-17,BACKFILL_PRICE_HEAD_PLUS_PIT_FINANCIAL,798,302
PDSB,PDSB,,,24,2021-01-29,2022-12-30,0,24,0,0,24,0,0,2023-01-03,2026-07-17,BACKFILL_PRICE_HEAD_PLUS_PIT_FINANCIAL,799,303
PEBK,PEBK,,,24,2021-01-29,2022-12-30,0,24,0,0,24,0,0,2023-01-03,2026-07-17,BACKFILL_PRICE_HEAD_PLUS_PIT_FINANCIAL,800,304
PETS,PETS,,,24,2021-01-29,2022-12-30,0,24,0,0,24,0,0,2023-01-03,2026-07-17,BACKFILL_PRICE_HEAD_PLUS_PIT_FINANCIAL,801,305
PFX,PFX,,,24,2021-01-29,2022-12-30,0,24,0,0,24,0,0,2023-01-03,2026-07-17,BACKFILL_PRICE_HEAD_PLUS_PIT_FINANCIAL,802,306
PHIO,PHIO,,,24,2021-01-29,2022-12-30,0,24,0,0,24,0,0,2023-01-03,2026-07-17,BACKFILL_PRICE_HEAD_PLUS_PIT_FINANCIAL,803,307
PLCE,PLCE,,,24,2021-01-29,2022-12-30,0,24,0,0,24,0,0,2023-01-03,2026-07-17,BACKFILL_PRICE_HEAD_PLUS_PIT_FINANCIAL,804,308
PLRX,PLRX,,,24,2021-01-29,2022-12-30,0,24,0,0,24,0,0,2023-01-03,2026-07-17,BACKFILL_PRICE_HEAD_PLUS_PIT_FINANCIAL,805,309
PMVP,PMVP,,,24,2021-01-29,2022-12-30,0,24,0,0,24,0,0,2023-01-03,2026-07-17,BACKFILL_PRICE_HEAD_PLUS_PIT_FINANCIAL,806,310
POLA,POLA,,,24,2021-01-29,2022-12-30,0,24,0,0,24,0,0,2023-01-03,2026-07-17,BACKFILL_PRICE_HEAD_PLUS_PIT_FINANCIAL,807,311
POSH,POSH,,,24,2021-01-29,2022-12-30,24,0,0,0,24,0,0,,,ACQUIRE_PRICE_AND_PIT_FINANCIAL,808,1620
POWW,POWW,,,24,2021-01-29,2022-12-30,0,24,0,0,24,0,0,2023-01-03,2026-07-17,BACKFILL_PRICE_HEAD_PLUS_PIT_FINANCIAL,809,312
PPIH,PPIH,,,24,2021-01-29,2022-12-30,0,24,0,0,24,0,0,2023-01-03,2026-07-17,BACKFILL_PRICE_HEAD_PLUS_PIT_FINANCIAL,810,313
PPSI,PPSI,,,24,2021-01-29,2022-12-30,0,24,0,0,24,0,0,2023-01-03,2026-07-17,BACKFILL_PRICE_HEAD_PLUS_PIT_FINANCIAL,811,314
PROV,PROV,,,24,2021-01-29,2022-12-30,0,24,0,0,24,0,0,2023-01-03,2026-07-17,BACKFILL_PRICE_HEAD_PLUS_PIT_FINANCIAL,812,315
PRPO,PRPO,,,24,2021-01-29,2022-12-30,0,24,0,0,24,0,0,2023-01-03,2026-07-17,BACKFILL_PRICE_HEAD_PLUS_PIT_FINANCIAL,813,316
PRTS,PRTS,,,24,2021-01-29,2022-12-30,0,24,0,0,24,0,0,2023-01-03,2026-07-17,BACKFILL_PRICE_HEAD_PLUS_PIT_FINANCIAL,814,317
PSTV,PSTV,,,24,2021-01-29,2022-12-30,0,24,0,0,24,0,0,2023-01-03,2026-07-17,BACKFILL_PRICE_HEAD_PLUS_PIT_FINANCIAL,815,318
PTWO,PTWO,,,24,2022-10-31,2024-09-30,24,0,0,0,24,0,0,,,ACQUIRE_PRICE_AND_PIT_FINANCIAL,816,1621
PULM,PULM,,,24,2021-01-29,2022-12-30,0,24,0,0,24,0,0,2023-01-03,2026-07-17,BACKFILL_PRICE_HEAD_PLUS_PIT_FINANCIAL,817,319
PXLW,PXLW,,,24,2021-01-29,2022-12-30,0,24,0,0,24,0,0,2023-01-03,2026-07-17,BACKFILL_PRICE_HEAD_PLUS_PIT_FINANCIAL,818,320
QQQX,QQQX,,,24,2021-01-29,2022-12-30,0,24,0,0,24,0,0,2023-01-03,2026-07-17,BACKFILL_PRICE_HEAD_PLUS_PIT_FINANCIAL,819,321
QRHC,QRHC,,,24,2021-01-29,2022-12-30,0,24,0,0,24,0,0,2023-01-03,2026-07-17,BACKFILL_PRICE_HEAD_PLUS_PIT_FINANCIAL,820,322
QTRX,QTRX,,,24,2021-01-29,2022-12-30,0,24,0,0,24,0,0,2023-01-03,2026-07-17,BACKFILL_PRICE_HEAD_PLUS_PIT_FINANCIAL,821,323
QUIK,QUIK,,,24,2021-01-29,2022-12-30,0,24,0,0,24,0,0,2023-01-03,2026-07-17,BACKFILL_PRICE_HEAD_PLUS_PIT_FINANCIAL,822,324
RAIL,RAIL,,,24,2021-01-29,2022-12-30,0,24,0,0,24,0,0,2023-01-03,2026-07-17,BACKFILL_PRICE_HEAD_PLUS_PIT_FINANCIAL,823,325
RAND,RAND,,,24,2021-01-29,2022-12-30,0,24,0,0,24,0,0,2023-01-03,2026-07-17,BACKFILL_PRICE_HEAD_PLUS_PIT_FINANCIAL,824,326
RAVE,RAVE,,,24,2021-01-29,2022-12-30,0,24,0,0,24,0,0,2023-01-03,2026-07-17,BACKFILL_PRICE_HEAD_PLUS_PIT_FINANCIAL,825,327
RBCN,RBCN,,,24,2021-01-29,2022-12-30,24,0,0,0,24,0,0,,,ACQUIRE_PRICE_AND_PIT_FINANCIAL,826,1622
RBKB,RBKB,,,24,2021-01-29,2022-12-30,0,24,0,0,24,0,0,2023-01-03,2026-07-17,BACKFILL_PRICE_HEAD_PLUS_PIT_FINANCIAL,827,328
RCEL,RCEL,,,24,2021-01-29,2022-12-30,0,24,0,0,24,0,0,2023-01-03,2026-07-17,BACKFILL_PRICE_HEAD_PLUS_PIT_FINANCIAL,828,329
RCMT,RCMT,,,24,2021-01-29,2022-12-30,0,24,0,0,24,0,0,2023-01-03,2026-07-17,BACKFILL_PRICE_HEAD_PLUS_PIT_FINANCIAL,829,330
RDI,RDI,,,24,2021-01-29,2022-12-30,0,24,0,0,24,0,0,2023-01-03,2026-07-17,BACKFILL_PRICE_HEAD_PLUS_PIT_FINANCIAL,830,331
RDIB,RDIB,,,24,2021-01-29,2022-12-30,0,24,0,0,24,0,0,2023-01-03,2026-07-17,BACKFILL_PRICE_HEAD_PLUS_PIT_FINANCIAL,831,332
REFR,REFR,,,24,2021-01-29,2022-12-30,0,24,0,0,24,0,0,2023-01-03,2026-07-17,BACKFILL_PRICE_HEAD_PLUS_PIT_FINANCIAL,832,333
REKR,REKR,,,24,2021-01-29,2022-12-30,0,24,0,0,24,0,0,2023-01-03,2026-07-17,BACKFILL_PRICE_HEAD_PLUS_PIT_FINANCIAL,833,334
RELL,RELL,,,24,2021-01-29,2022-12-30,0,24,0,0,24,0,0,2023-01-03,2026-07-17,BACKFILL_PRICE_HEAD_PLUS_PIT_FINANCIAL,834,335
RFIL,RFIL,,,24,2021-01-29,2022-12-30,0,24,0,0,24,0,0,2023-01-03,2026-07-17,BACKFILL_PRICE_HEAD_PLUS_PIT_FINANCIAL,835,336
RGCO,RGCO,,,24,2021-01-29,2022-12-30,0,24,0,0,24,0,0,2023-01-03,2026-07-17,BACKFILL_PRICE_HEAD_PLUS_PIT_FINANCIAL,836,337
RGP,RGP,,,24,2021-01-29,2022-12-30,0,24,0,0,24,0,0,2023-01-03,2026-07-17,BACKFILL_PRICE_HEAD_PLUS_PIT_FINANCIAL,837,338
RILY,RILY,,,24,2021-01-29,2022-12-30,0,24,0,0,24,0,0,2023-01-03,2026-07-17,BACKFILL_PRICE_HEAD_PLUS_PIT_FINANCIAL,838,339
RKDA,RKDA,,,24,2021-01-29,2022-12-30,0,24,0,0,24,0,0,2023-01-03,2026-07-17,BACKFILL_PRICE_HEAD_PLUS_PIT_FINANCIAL,839,340
RMBI,RMBI,,,24,2021-01-29,2022-12-30,0,24,0,0,24,0,0,2023-01-03,2026-07-17,BACKFILL_PRICE_HEAD_PLUS_PIT_FINANCIAL,840,341
RMCF,RMCF,,,24,2021-01-29,2022-12-30,0,24,0,0,24,0,0,2023-01-03,2026-07-17,BACKFILL_PRICE_HEAD_PLUS_PIT_FINANCIAL,841,342
RMTI,RMTI,,,24,2021-01-29,2022-12-30,0,24,0,0,24,0,0,2023-01-03,2026-07-17,BACKFILL_PRICE_HEAD_PLUS_PIT_FINANCIAL,842,343
RNWK,RNWK,,,24,2021-01-29,2022-12-30,24,0,0,0,24,0,0,,,ACQUIRE_PRICE_AND_PIT_FINANCIAL,843,1623
RRGB,RRGB,,,24,2021-01-29,2022-12-30,0,24,0,0,24,0,0,2023-01-03,2026-07-17,BACKFILL_PRICE_HEAD_PLUS_PIT_FINANCIAL,844,344
RSSS,RSSS,,,24,2021-01-29,2022-12-30,0,24,0,0,24,0,0,2023-01-03,2026-07-17,BACKFILL_PRICE_HEAD_PLUS_PIT_FINANCIAL,845,345
RVSB,RVSB,,,24,2021-01-29,2022-12-30,0,24,0,0,24,0,0,2023-01-03,2026-07-17,BACKFILL_PRICE_HEAD_PLUS_PIT_FINANCIAL,846,346
SAMG,SAMG,,,24,2021-01-29,2022-12-30,0,24,0,0,24,0,0,2023-01-03,2026-07-17,BACKFILL_PRICE_HEAD_PLUS_PIT_FINANCIAL,847,347
SBFG,SBFG,,,24,2021-01-29,2022-12-30,0,24,0,0,24,0,0,2023-01-03,2026-07-17,BACKFILL_PRICE_HEAD_PLUS_PIT_FINANCIAL,848,348
SBSI,SBSI,,,24,2021-01-29,2022-12-30,0,24,0,0,24,0,0,2023-01-03,2026-07-17,BACKFILL_PRICE_HEAD_PLUS_PIT_FINANCIAL,849,349
SCKT,SCKT,,,24,2021-01-29,2022-12-30,0,24,0,0,24,0,0,2023-01-03,2026-07-17,BACKFILL_PRICE_HEAD_PLUS_PIT_FINANCIAL,850,350
SCOR,SCOR,,,24,2021-01-29,2022-12-30,0,24,0,0,24,0,0,2023-01-03,2026-07-17,BACKFILL_PRICE_HEAD_PLUS_PIT_FINANCIAL,851,351
SCPS,SCPS,,,24,2021-01-29,2022-12-30,24,0,0,0,24,0,0,,,ACQUIRE_PRICE_AND_PIT_FINANCIAL,852,1624
SCTL,SCTL,,,24,2022-04-29,2024-03-28,24,0,0,0,24,0,0,,,ACQUIRE_PRICE_AND_PIT_FINANCIAL,853,1625
SCYX,SCYX,,,24,2021-01-29,2022-12-30,0,24,0,0,24,0,0,2023-01-03,2026-07-17,BACKFILL_PRICE_HEAD_PLUS_PIT_FINANCIAL,854,352
SEER,SEER,,,24,2021-01-29,2022-12-30,0,24,0,0,24,0,0,2023-01-03,2026-07-17,BACKFILL_PRICE_HEAD_PLUS_PIT_FINANCIAL,855,353
SELF,SELF,,,24,2021-01-29,2022-12-30,0,24,0,0,24,0,0,2023-01-03,2026-07-17,BACKFILL_PRICE_HEAD_PLUS_PIT_FINANCIAL,856,354
SFBC,SFBC,,,24,2021-01-29,2022-12-30,0,24,0,0,24,0,0,2023-01-03,2026-07-17,BACKFILL_PRICE_HEAD_PLUS_PIT_FINANCIAL,857,355
SFET,SFET,,,24,2021-01-29,2023-01-31,24,0,0,0,24,0,0,,,ACQUIRE_PRICE_AND_PIT_FINANCIAL,858,1626
SGA,SGA,,,24,2021-01-29,2022-12-30,0,24,0,0,24,0,0,2023-01-03,2026-07-17,BACKFILL_PRICE_HEAD_PLUS_PIT_FINANCIAL,859,356
SGC,SGC,,,24,2021-01-29,2022-12-30,0,24,0,0,24,0,0,2023-01-03,2026-07-17,BACKFILL_PRICE_HEAD_PLUS_PIT_FINANCIAL,860,357
SGRP,SGRP,,,24,2021-01-29,2022-12-30,0,24,0,0,24,0,0,2023-01-03,2026-07-17,BACKFILL_PRICE_HEAD_PLUS_PIT_FINANCIAL,861,358
SIEB,SIEB,,,24,2021-01-29,2022-12-30,0,24,0,0,24,0,0,2023-01-03,2026-07-17,BACKFILL_PRICE_HEAD_PLUS_PIT_FINANCIAL,862,359
SINT,SINT,,,24,2021-01-29,2022-12-30,0,24,0,0,24,0,0,2023-01-03,2026-07-17,BACKFILL_PRICE_HEAD_PLUS_PIT_FINANCIAL,863,360
SMID,SMID,,,24,2021-01-29,2022-12-30,0,24,0,0,24,0,0,2023-01-03,2026-07-17,BACKFILL_PRICE_HEAD_PLUS_PIT_FINANCIAL,864,361
SMIT,SMIT,,,24,2021-01-29,2022-12-30,24,0,0,0,24,0,0,,,ACQUIRE_PRICE_AND_PIT_FINANCIAL,865,1627
SMSI,SMSI,,,24,2021-01-29,2022-12-30,0,24,0,0,24,0,0,2023-01-03,2026-07-17,BACKFILL_PRICE_HEAD_PLUS_PIT_FINANCIAL,866,362
SMTI,SMTI,,,24,2021-01-29,2022-12-30,0,24,0,0,24,0,0,2023-01-03,2026-07-31,BACKFILL_PRICE_HEAD_PLUS_PIT_FINANCIAL,867,363
SND,SND,,,24,2021-01-29,2022-12-30,0,24,0,0,24,0,0,2023-01-03,2026-07-17,BACKFILL_PRICE_HEAD_PLUS_PIT_FINANCIAL,868,364
SNES,SNES,,,24,2021-01-29,2022-12-30,0,24,0,0,24,0,0,2023-01-03,2026-07-17,BACKFILL_PRICE_HEAD_PLUS_PIT_FINANCIAL,869,365
SNFCA,SNFCA,,,24,2021-01-29,2022-12-30,0,24,0,0,24,0,0,2023-01-03,2026-07-17,BACKFILL_PRICE_HEAD_PLUS_PIT_FINANCIAL,870,366
SNGX,SNGX,,,24,2021-01-29,2022-12-30,0,24,0,0,24,0,0,2023-01-03,2026-07-17,BACKFILL_PRICE_HEAD_PLUS_PIT_FINANCIAL,871,367
SNOA,SNOA,,,24,2021-01-29,2022-12-30,0,24,0,0,24,0,0,2023-01-03,2026-07-17,BACKFILL_PRICE_HEAD_PLUS_PIT_FINANCIAL,872,368
SONM,SONM,,,24,2021-01-29,2022-12-30,0,24,0,0,24,0,0,2023-01-03,2026-07-17,BACKFILL_PRICE_HEAD_PLUS_PIT_FINANCIAL,873,369
SPNE,SPNE,,,24,2021-01-29,2022-12-30,24,0,0,0,24,0,0,,,ACQUIRE_PRICE_AND_PIT_FINANCIAL,874,1628
SPRB,SPRB,,,24,2021-01-29,2022-12-30,0,24,0,0,24,0,0,2023-01-03,2026-07-17,BACKFILL_PRICE_HEAD_PLUS_PIT_FINANCIAL,875,370
SPRO,SPRO,,,24,2021-01-29,2022-12-30,0,24,0,0,24,0,0,2023-01-03,2026-07-17,BACKFILL_PRICE_HEAD_PLUS_PIT_FINANCIAL,876,371
SPWH,SPWH,,,24,2021-01-29,2022-12-30,0,24,0,0,24,0,0,2023-01-03,2026-07-17,BACKFILL_PRICE_HEAD_PLUS_PIT_FINANCIAL,877,372
SPWR,SPWR,,,24,2021-01-29,2022-12-30,0,24,0,0,24,0,0,2023-01-03,2026-07-17,BACKFILL_PRICE_HEAD_PLUS_PIT_FINANCIAL,878,373
SQFT,SQFT,,,24,2021-01-29,2022-12-30,0,24,0,0,24,0,0,2023-01-03,2026-07-17,BACKFILL_PRICE_HEAD_PLUS_PIT_FINANCIAL,879,374
SRTS,SRTS,,,24,2021-01-29,2022-12-30,0,24,0,0,24,0,0,2023-01-03,2026-07-17,BACKFILL_PRICE_HEAD_PLUS_PIT_FINANCIAL,880,375
SSBI,SSBI,,,24,2021-01-29,2022-12-30,0,24,0,0,24,0,0,2023-01-03,2026-07-17,BACKFILL_PRICE_HEAD_PLUS_PIT_FINANCIAL,881,376
SSP,SSP,,,24,2021-01-29,2022-12-30,0,24,0,0,24,0,0,2023-01-03,2026-07-17,BACKFILL_PRICE_HEAD_PLUS_PIT_FINANCIAL,882,377
SSTI,SSTI,,,24,2021-01-29,2022-12-30,0,24,0,0,24,0,0,2023-01-03,2026-07-17,BACKFILL_PRICE_HEAD_PLUS_PIT_FINANCIAL,883,378
STIM,STIM,,,24,2021-01-29,2022-12-30,0,24,0,0,24,0,0,2023-01-03,2026-07-17,BACKFILL_PRICE_HEAD_PLUS_PIT_FINANCIAL,884,379
STKS,STKS,,,24,2021-01-29,2022-12-30,0,24,0,0,24,0,0,2023-01-03,2026-07-17,BACKFILL_PRICE_HEAD_PLUS_PIT_FINANCIAL,885,380
STRR,STRR,,,24,2021-01-29,2022-12-30,0,24,0,0,24,0,0,2023-01-03,2026-07-17,BACKFILL_PRICE_HEAD_PLUS_PIT_FINANCIAL,886,381
STRS,STRS,,,24,2021-01-29,2022-12-30,0,24,0,0,24,0,0,2023-01-03,2026-07-17,BACKFILL_PRICE_HEAD_PLUS_PIT_FINANCIAL,887,382
SVFB,SVFB,,,24,2021-03-31,2023-02-28,24,0,0,0,24,0,0,,,ACQUIRE_PRICE_AND_PIT_FINANCIAL,888,1629
SYPR,SYPR,,,24,2021-01-29,2022-12-30,0,24,0,0,24,0,0,2023-01-03,2026-07-17,BACKFILL_PRICE_HEAD_PLUS_PIT_FINANCIAL,889,383
TACT,TACT,,,24,2021-01-29,2022-12-30,0,24,0,0,24,0,0,2023-01-03,2026-07-17,BACKFILL_PRICE_HEAD_PLUS_PIT_FINANCIAL,890,384
TARA,TARA,,,24,2021-01-29,2022-12-30,0,24,0,0,24,0,0,2023-01-03,2026-07-17,BACKFILL_PRICE_HEAD_PLUS_PIT_FINANCIAL,891,385
TAYD,TAYD,,,24,2021-01-29,2022-12-30,0,24,0,0,24,0,0,2023-01-03,2026-07-17,BACKFILL_PRICE_HEAD_PLUS_PIT_FINANCIAL,892,386
TELA,TELA,,,24,2021-01-29,2022-12-30,0,24,0,0,24,0,0,2023-01-03,2026-07-17,BACKFILL_PRICE_HEAD_PLUS_PIT_FINANCIAL,893,387
TNXP,TNXP,,,24,2021-01-29,2022-12-30,0,24,0,0,24,0,0,2023-01-03,2026-07-17,BACKFILL_PRICE_HEAD_PLUS_PIT_FINANCIAL,894,388
TOMZ,TOMZ,,,24,2021-01-29,2022-12-30,0,24,0,0,24,0,0,2023-01-03,2026-07-17,BACKFILL_PRICE_HEAD_PLUS_PIT_FINANCIAL,895,389
TTEC,TTEC,,,24,2021-01-29,2022-12-30,0,24,0,0,24,0,0,2023-01-03,2026-07-17,BACKFILL_PRICE_HEAD_PLUS_PIT_FINANCIAL,896,390
TUSK,TUSK,,,24,2021-01-29,2022-12-30,0,24,0,0,24,0,0,2023-01-03,2026-07-17,BACKFILL_PRICE_HEAD_PLUS_PIT_FINANCIAL,897,391
TXMD,TXMD,,,24,2021-01-29,2022-12-30,0,24,0,0,24,0,0,2023-01-03,2026-07-17,BACKFILL_PRICE_HEAD_PLUS_PIT_FINANCIAL,898,392
TZOO,TZOO,,,24,2021-01-29,2022-12-30,0,24,0,0,24,0,0,2023-01-03,2026-07-17,BACKFILL_PRICE_HEAD_PLUS_PIT_FINANCIAL,899,393
UBCP,UBCP,,,24,2021-01-29,2022-12-30,0,24,0,0,24,0,0,2023-01-03,2026-07-17,BACKFILL_PRICE_HEAD_PLUS_PIT_FINANCIAL,900,394
UEIC,UEIC,,,24,2021-01-29,2022-12-30,0,24,0,0,24,0,0,2023-01-03,2026-07-17,BACKFILL_PRICE_HEAD_PLUS_PIT_FINANCIAL,901,395
UG,UG,,,24,2021-01-29,2022-12-30,0,24,0,0,24,0,0,2023-01-03,2026-07-17,BACKFILL_PRICE_HEAD_PLUS_PIT_FINANCIAL,902,396
UK,UK,,,24,2021-01-29,2022-12-30,0,24,0,0,24,0,0,2023-01-03,2026-07-17,BACKFILL_PRICE_HEAD_PLUS_PIT_FINANCIAL,903,397
ULBI,ULBI,,,24,2021-01-29,2022-12-30,0,24,0,0,24,0,0,2023-01-03,2026-07-17,BACKFILL_PRICE_HEAD_PLUS_PIT_FINANCIAL,904,398
UNB,UNB,,,24,2021-01-29,2022-12-30,0,24,0,0,24,0,0,2023-01-03,2026-07-17,BACKFILL_PRICE_HEAD_PLUS_PIT_FINANCIAL,905,399
UONE,UONE,,,24,2021-01-29,2022-12-30,0,24,0,0,24,0,0,2023-01-03,2026-07-17,BACKFILL_PRICE_HEAD_PLUS_PIT_FINANCIAL,906,400
UONEK,UONEK,,,24,2021-01-29,2022-12-30,0,24,0,0,24,0,0,2023-01-03,2026-07-17,BACKFILL_PRICE_HEAD_PLUS_PIT_FINANCIAL,907,401
UPLD,UPLD,,,24,2021-01-29,2022-12-30,0,24,0,0,24,0,0,2023-01-03,2026-07-17,BACKFILL_PRICE_HEAD_PLUS_PIT_FINANCIAL,908,402
USAU,USAU,,,24,2021-01-29,2022-12-30,0,24,0,0,24,0,0,2023-01-03,2026-07-17,BACKFILL_PRICE_HEAD_PLUS_PIT_FINANCIAL,909,403
USIO,USIO,,,24,2021-01-29,2022-12-30,0,24,0,0,24,0,0,2023-01-03,2026-07-17,BACKFILL_PRICE_HEAD_PLUS_PIT_FINANCIAL,910,404
UTMD,UTMD,,,24,2021-01-29,2022-12-30,0,24,0,0,24,0,0,2023-01-03,2026-07-17,BACKFILL_PRICE_HEAD_PLUS_PIT_FINANCIAL,911,405
VERI,VERI,,,24,2021-01-29,2022-12-30,0,24,0,0,24,0,0,2023-01-03,2026-07-17,BACKFILL_PRICE_HEAD_PLUS_PIT_FINANCIAL,912,406
VERU,VERU,,,24,2021-01-29,2022-12-30,0,24,0,0,24,0,0,2023-01-03,2026-07-17,BACKFILL_PRICE_HEAD_PLUS_PIT_FINANCIAL,913,407
VIRC,VIRC,,,24,2021-01-29,2022-12-30,0,24,0,0,24,0,0,2023-01-03,2026-07-17,BACKFILL_PRICE_HEAD_PLUS_PIT_FINANCIAL,914,408
VIVE,VIVE,,,24,2021-01-29,2022-12-30,24,0,0,0,24,0,0,,,ACQUIRE_PRICE_AND_PIT_FINANCIAL,915,1630
VIVO,VIVO,,,24,2021-01-29,2022-12-30,0,24,0,0,24,0,0,2023-01-03,2026-07-17,BACKFILL_PRICE_HEAD_PLUS_PIT_FINANCIAL,916,409
VRA,VRA,,,24,2021-01-29,2022-12-30,0,24,0,0,24,0,0,2023-01-03,2026-07-17,BACKFILL_PRICE_HEAD_PLUS_PIT_FINANCIAL,917,410
VRCA,VRCA,,,24,2021-01-29,2022-12-30,0,24,0,0,24,0,0,2023-01-03,2026-07-17,BACKFILL_PRICE_HEAD_PLUS_PIT_FINANCIAL,918,411
VRME,VRME,,,24,2021-01-29,2022-12-30,0,24,0,0,24,0,0,2023-01-03,2026-07-17,BACKFILL_PRICE_HEAD_PLUS_PIT_FINANCIAL,919,412
VTGN,VTGN,,,24,2021-01-29,2022-12-30,0,24,0,0,24,0,0,2023-01-03,2026-07-17,BACKFILL_PRICE_HEAD_PLUS_PIT_FINANCIAL,920,413
VTSI,VTSI,,,24,2021-01-29,2022-12-30,0,24,0,0,24,0,0,2023-01-03,2026-07-17,BACKFILL_PRICE_HEAD_PLUS_PIT_FINANCIAL,921,414
VTVT,VTVT,,,24,2021-01-29,2022-12-30,0,24,0,0,24,0,0,2023-01-03,2026-07-17,BACKFILL_PRICE_HEAD_PLUS_PIT_FINANCIAL,922,415
VUZI,VUZI,,,24,2021-01-29,2022-12-30,0,24,0,0,24,0,0,2023-01-03,2026-07-17,BACKFILL_PRICE_HEAD_PLUS_PIT_FINANCIAL,923,416
VVOS,VVOS,,,24,2021-01-29,2022-12-30,0,24,0,0,24,0,0,2023-01-03,2026-07-17,BACKFILL_PRICE_HEAD_PLUS_PIT_FINANCIAL,924,417
VYGR,VYGR,,,24,2021-01-29,2022-12-30,0,24,0,0,24,0,0,2023-01-03,2026-07-17,BACKFILL_PRICE_HEAD_PLUS_PIT_FINANCIAL,925,418
WATT,WATT,,,24,2021-01-29,2022-12-30,0,24,0,0,24,0,0,2023-01-03,2026-07-17,BACKFILL_PRICE_HEAD_PLUS_PIT_FINANCIAL,926,419
WHF,WHF,,,24,2021-01-29,2022-12-30,0,24,0,0,24,0,0,2023-01-03,2026-07-17,BACKFILL_PRICE_HEAD_PLUS_PIT_FINANCIAL,927,420
WHLR,WHLR,,,24,2021-01-29,2022-12-30,0,24,0,0,24,0,0,2023-01-03,2026-07-17,BACKFILL_PRICE_HEAD_PLUS_PIT_FINANCIAL,928,421
WKHS,WKHS,,,24,2021-01-29,2022-12-30,0,24,0,0,24,0,0,2023-01-03,2026-07-17,BACKFILL_PRICE_HEAD_PLUS_PIT_FINANCIAL,929,422
WNEB,WNEB,,,24,2021-01-29,2022-12-30,0,24,0,0,24,0,0,2023-01-03,2026-07-17,BACKFILL_PRICE_HEAD_PLUS_PIT_FINANCIAL,930,423
WRAP,WRAP,,,24,2021-01-29,2022-12-30,0,24,0,0,24,0,0,2023-01-03,2026-07-17,BACKFILL_PRICE_HEAD_PLUS_PIT_FINANCIAL,931,424
WVVI,WVVI,,,24,2021-01-29,2022-12-30,0,24,0,0,24,0,0,2023-01-03,2026-07-17,BACKFILL_PRICE_HEAD_PLUS_PIT_FINANCIAL,932,425
WW,WW,,,24,2021-01-29,2022-12-30,0,24,0,0,24,0,0,2023-01-03,2026-07-17,BACKFILL_PRICE_HEAD_PLUS_PIT_FINANCIAL,933,426
XAIR,XAIR,,,24,2021-01-29,2022-12-30,0,24,0,0,24,0,0,2023-01-03,2026-07-17,BACKFILL_PRICE_HEAD_PLUS_PIT_FINANCIAL,934,427
XBIO,XBIO,,,24,2021-01-29,2022-12-30,0,24,0,0,24,0,0,2023-01-03,2026-07-17,BACKFILL_PRICE_HEAD_PLUS_PIT_FINANCIAL,935,428
XBIT,XBIT,,,24,2021-01-29,2022-12-30,0,24,0,0,24,0,0,2023-01-03,2026-07-17,BACKFILL_PRICE_HEAD_PLUS_PIT_FINANCIAL,936,429
XCUR,XCUR,,,24,2021-01-29,2022-12-30,0,24,0,0,24,0,0,2023-01-03,2026-07-17,BACKFILL_PRICE_HEAD_PLUS_PIT_FINANCIAL,937,430
XELB,XELB,,,24,2021-01-29,2022-12-30,0,24,0,0,24,0,0,2023-01-03,2026-07-17,BACKFILL_PRICE_HEAD_PLUS_PIT_FINANCIAL,938,431
XGN,XGN,,,24,2021-01-29,2022-12-30,0,24,0,0,24,0,0,2023-01-03,2026-07-17,BACKFILL_PRICE_HEAD_PLUS_PIT_FINANCIAL,939,432
YMTX,YMTX,,,24,2021-01-29,2022-12-30,24,0,0,0,24,0,0,,,ACQUIRE_PRICE_AND_PIT_FINANCIAL,940,1631
ACIU,ACIU,,,23,2021-01-29,2022-12-30,0,23,0,0,23,0,0,2023-01-03,2026-07-17,BACKFILL_PRICE_HEAD_PLUS_PIT_FINANCIAL,941,433
ACQR,ACQR,,,23,2021-04-30,2023-02-28,23,0,0,0,23,0,0,,,ACQUIRE_PRICE_AND_PIT_FINANCIAL,942,1632
ACST,GRCE,issuer_rename,https://www.sec.gov/Archives/edgar/data/1444192/000114036124046314/ef20038398_8k.htm,23,2021-01-29,2022-12-30,0,23,0,0,23,0,0,2023-01-03,2024-11-12,BACKFILL_PRICE_HEAD_PLUS_PIT_FINANCIAL,943,434
ADXN,ADXN,,,23,2021-01-29,2022-12-30,0,23,0,0,23,0,0,2023-01-03,2026-07-17,BACKFILL_PRICE_HEAD_PLUS_PIT_FINANCIAL,944,435
AEHL,AEHL,,,23,2021-01-29,2022-12-30,0,23,0,0,23,0,0,2023-01-03,2026-07-17,BACKFILL_PRICE_HEAD_PLUS_PIT_FINANCIAL,945,436
AEI,AEI,,,23,2021-02-26,2022-12-30,0,23,0,0,23,0,0,2023-01-03,2026-07-17,BACKFILL_PRICE_HEAD_PLUS_PIT_FINANCIAL,946,437
AERI,AERI,,,23,2021-01-29,2022-11-30,23,0,0,0,23,0,0,,,ACQUIRE_PRICE_AND_PIT_FINANCIAL,947,1633
AESE,AESE,,,23,2021-01-29,2022-11-30,23,0,0,0,23,0,0,,,ACQUIRE_PRICE_AND_PIT_FINANCIAL,948,1634
AGGR,AGGR,,,23,2021-04-30,2023-02-28,23,0,0,0,23,0,0,,,ACQUIRE_PRICE_AND_PIT_FINANCIAL,949,1635
AGMH,AGMH,,,23,2021-01-29,2022-12-30,0,23,0,0,23,0,0,2023-01-03,2026-07-17,BACKFILL_PRICE_HEAD_PLUS_PIT_FINANCIAL,950,438
AGTC,AGTC,,,23,2021-01-29,2022-11-30,23,0,0,0,23,0,0,,,ACQUIRE_PRICE_AND_PIT_FINANCIAL,951,1636
AIHS,AIHS,,,23,2021-01-29,2022-12-30,0,23,0,0,23,0,0,2023-01-03,2026-07-17,BACKFILL_PRICE_HEAD_PLUS_PIT_FINANCIAL,952,439
AKLI,AKLI,,,23,2022-08-31,2024-06-28,23,0,0,0,23,0,0,,,ACQUIRE_PRICE_AND_PIT_FINANCIAL,953,1637
AKTX,AKTX,,,23,2021-01-29,2022-12-30,0,23,0,0,23,0,0,2023-01-03,2026-07-17,BACKFILL_PRICE_HEAD_PLUS_PIT_FINANCIAL,954,440
AKUS,AKUS,,,23,2021-01-29,2022-11-30,23,0,0,0,23,0,0,,,ACQUIRE_PRICE_AND_PIT_FINANCIAL,955,1638
AMPG,AMPG,,,23,2021-02-26,2022-12-30,0,23,0,0,23,0,0,2023-01-03,2026-07-17,BACKFILL_PRICE_HEAD_PLUS_PIT_FINANCIAL,956,441
ANY,ANY,,,23,2021-01-29,2022-12-30,0,23,0,0,23,0,0,2023-01-03,2026-07-17,BACKFILL_PRICE_HEAD_PLUS_PIT_FINANCIAL,957,442
APM,APM,,,23,2021-01-29,2022-12-30,0,23,0,0,23,0,0,2023-01-03,2026-07-17,BACKFILL_PRICE_HEAD_PLUS_PIT_FINANCIAL,958,443
APWC,APWC,,,23,2021-01-29,2022-12-30,0,23,0,0,23,0,0,2023-01-03,2026-07-17,BACKFILL_PRICE_HEAD_PLUS_PIT_FINANCIAL,959,444
ASPS,ASPS,,,23,2021-01-29,2022-12-30,0,23,0,0,23,0,0,2023-01-03,2026-07-17,BACKFILL_PRICE_HEAD_PLUS_PIT_FINANCIAL,960,445
ATHE,ATHE,,,23,2021-01-29,2022-12-30,0,23,0,0,23,0,0,2023-01-03,2026-07-17,BACKFILL_PRICE_HEAD_PLUS_PIT_FINANCIAL,961,446
AUDC,AUDC,,,23,2021-01-29,2022-12-30,0,23,0,0,23,0,0,2023-01-03,2026-07-17,BACKFILL_PRICE_HEAD_PLUS_PIT_FINANCIAL,962,447
AUUD,AUUD,,,23,2021-02-26,2022-12-30,0,23,0,0,23,0,0,2023-01-03,2026-07-17,BACKFILL_PRICE_HEAD_PLUS_PIT_FINANCIAL,963,448
AYLA,AYLA,,,23,2021-01-29,2022-12-30,23,0,0,0,23,0,0,,,ACQUIRE_PRICE_AND_PIT_FINANCIAL,964,1639
BLRX,BLRX,,,23,2021-01-29,2022-12-30,0,23,0,0,23,0,0,2023-01-03,2026-07-17,BACKFILL_PRICE_HEAD_PLUS_PIT_FINANCIAL,965,449
BNR,BNR,,,23,2021-01-29,2022-12-30,0,23,0,0,23,0,0,2023-01-03,2026-07-17,BACKFILL_PRICE_HEAD_PLUS_PIT_FINANCIAL,966,450
BOLT,BOLT,,,23,2021-02-26,2022-12-30,0,23,0,0,23,0,0,2023-01-03,2026-07-17,BACKFILL_PRICE_HEAD_PLUS_PIT_FINANCIAL,967,451
BOSC,BOSC,,,23,2021-01-29,2022-12-30,0,23,0,0,23,0,0,2023-01-03,2026-07-17,BACKFILL_PRICE_HEAD_PLUS_PIT_FINANCIAL,968,452
BRSH,BRSH,,,23,2022-08-31,2024-06-28,23,0,0,0,23,0,0,,,ACQUIRE_PRICE_AND_PIT_FINANCIAL,969,1640
BWV,BWV,,,23,2022-03-31,2024-01-31,23,0,0,0,23,0,0,,,ACQUIRE_PRICE_AND_PIT_FINANCIAL,970,1641
BZUN,BZUN,,,23,2021-01-29,2022-12-30,0,23,0,0,23,0,0,2023-01-03,2026-07-17,BACKFILL_PRICE_HEAD_PLUS_PIT_FINANCIAL,971,453
CAAS,CAAS,,,23,2021-01-29,2022-12-30,0,23,0,0,23,0,0,2023-01-03,2026-07-17,BACKFILL_PRICE_HEAD_PLUS_PIT_FINANCIAL,972,454
CBAT,CBAT,,,23,2021-01-29,2022-12-30,0,23,0,0,23,0,0,2023-01-03,2026-07-17,BACKFILL_PRICE_HEAD_PLUS_PIT_FINANCIAL,973,455
CCNC,CCNC,,,23,2021-01-29,2022-12-30,23,0,0,0,23,0,0,,,ACQUIRE_PRICE_AND_PIT_FINANCIAL,974,1642
CD,CD,,,23,2021-01-29,2022-12-30,0,23,0,0,23,0,0,2023-01-03,2026-07-17,BACKFILL_PRICE_HEAD_PLUS_PIT_FINANCIAL,975,456
CGEN,CGEN,,,23,2021-01-29,2022-12-30,0,23,0,0,23,0,0,2023-01-03,2026-07-17,BACKFILL_PRICE_HEAD_PLUS_PIT_FINANCIAL,976,457
CHNR,CHNR,,,23,2021-01-29,2022-12-30,0,23,0,0,23,0,0,2023-01-03,2026-07-17,BACKFILL_PRICE_HEAD_PLUS_PIT_FINANCIAL,977,458
CLGN,CLGN,,,23,2021-01-29,2022-12-30,0,23,0,0,23,0,0,2023-01-03,2026-07-17,BACKFILL_PRICE_HEAD_PLUS_PIT_FINANCIAL,978,459
CLLS,CLLS,,,23,2021-01-29,2022-12-30,0,23,0,0,23,0,0,2023-01-03,2026-07-17,BACKFILL_PRICE_HEAD_PLUS_PIT_FINANCIAL,979,460
CLPS,CLPS,,,23,2021-01-29,2022-12-30,0,23,0,0,23,0,0,2023-01-03,2026-07-17,BACKFILL_PRICE_HEAD_PLUS_PIT_FINANCIAL,980,461
CLWT,CLWT,,,23,2021-01-29,2022-12-30,0,23,0,0,23,0,0,2023-01-03,2026-07-17,BACKFILL_PRICE_HEAD_PLUS_PIT_FINANCIAL,981,462
CNET,CNET,,,23,2021-01-29,2022-12-30,0,23,0,0,23,0,0,2023-01-03,2026-07-17,BACKFILL_PRICE_HEAD_PLUS_PIT_FINANCIAL,982,463
CREG,CREG,,,23,2021-01-29,2022-12-30,0,23,0,0,23,0,0,2023-01-03,2026-07-17,BACKFILL_PRICE_HEAD_PLUS_PIT_FINANCIAL,983,464
CRGE,CRGE,,,23,2022-04-29,2024-02-29,23,0,0,0,23,0,0,,,ACQUIRE_PRICE_AND_PIT_FINANCIAL,984,1643
CRNT,CRNT,,,23,2021-01-29,2022-12-30,0,23,0,0,23,0,0,2023-01-03,2026-07-17,BACKFILL_PRICE_HEAD_PLUS_PIT_FINANCIAL,985,465
CSTE,CSTE,,,23,2021-01-29,2022-12-30,0,23,0,0,23,0,0,2023-01-03,2026-07-17,BACKFILL_PRICE_HEAD_PLUS_PIT_FINANCIAL,986,466
CTRM,CTRM,,,23,2021-01-29,2022-12-30,0,23,0,0,23,0,0,2023-01-03,2026-07-17,BACKFILL_PRICE_HEAD_PLUS_PIT_FINANCIAL,987,467
CYXT,CYXT,,,23,2021-07-30,2023-05-31,23,0,0,0,23,0,0,,,ACQUIRE_PRICE_AND_PIT_FINANCIAL,988,1644
DICE,DICE,,,23,2021-09-30,2023-07-31,23,0,0,0,23,0,0,,,ACQUIRE_PRICE_AND_PIT_FINANCIAL,989,1645
DOGZ,DOGZ,,,23,2021-01-29,2022-12-30,0,23,0,0,23,0,0,2023-01-03,2026-07-17,BACKFILL_PRICE_HEAD_PLUS_PIT_FINANCIAL,990,468
DOYU,DOYU,,,23,2021-01-29,2022-12-30,0,23,0,0,23,0,0,2023-01-03,2026-07-17,BACKFILL_PRICE_HEAD_PLUS_PIT_FINANCIAL,991,469
DRIO,DRIO,,,23,2021-01-29,2022-12-30,0,23,0,0,23,0,0,2023-01-03,2026-07-17,BACKFILL_PRICE_HEAD_PLUS_PIT_FINANCIAL,992,470
DSWL,DSWL,,,23,2021-01-29,2022-12-30,0,23,0,0,23,0,0,2023-01-03,2026-07-17,BACKFILL_PRICE_HEAD_PLUS_PIT_FINANCIAL,993,471
DTSS,DTSS,,,23,2021-01-29,2022-12-30,0,23,0,0,23,0,0,2023-01-03,2026-07-17,BACKFILL_PRICE_HEAD_PLUS_PIT_FINANCIAL,994,472
DUO,DUO,,,23,2021-01-29,2022-12-30,0,23,0,0,23,0,0,2023-01-03,2026-07-17,BACKFILL_PRICE_HEAD_PLUS_PIT_FINANCIAL,995,473
EBON,EBON,,,23,2021-01-29,2022-12-30,0,23,0,0,23,0,0,2023-01-03,2026-07-17,BACKFILL_PRICE_HEAD_PLUS_PIT_FINANCIAL,996,474
EDRY,EDRY,,,23,2021-01-29,2022-12-30,0,23,0,0,23,0,0,2023-01-03,2026-07-17,BACKFILL_PRICE_HEAD_PLUS_PIT_FINANCIAL,997,475
EDTK,EDTK,,,23,2021-01-29,2022-12-30,0,23,0,0,23,0,0,2023-01-03,2026-07-17,BACKFILL_PRICE_HEAD_PLUS_PIT_FINANCIAL,998,476
ELTK,ELTK,,,23,2021-01-29,2022-12-30,0,23,0,0,23,0,0,2023-01-03,2026-07-17,BACKFILL_PRICE_HEAD_PLUS_PIT_FINANCIAL,999,477
ENLV,ENLV,,,23,2021-01-29,2022-12-30,0,23,0,0,23,0,0,2023-01-03,2026-07-17,BACKFILL_PRICE_HEAD_PLUS_PIT_FINANCIAL,1000,478
ENTX,ENTX,,,23,2021-01-29,2022-12-30,0,23,0,0,23,0,0,2023-01-03,2026-07-17,BACKFILL_PRICE_HEAD_PLUS_PIT_FINANCIAL,1001,479
EVGN,EVGN,,,23,2021-01-29,2022-12-30,0,23,0,0,23,0,0,2023-01-03,2026-07-17,BACKFILL_PRICE_HEAD_PLUS_PIT_FINANCIAL,1002,480
EVK,EVK,,,23,2021-01-29,2022-12-30,23,0,0,0,23,0,0,,,ACQUIRE_PRICE_AND_PIT_FINANCIAL,1003,1646
EZGO,EZGO,,,23,2021-01-29,2022-12-30,0,23,0,0,23,0,0,2023-01-03,2026-07-17,BACKFILL_PRICE_HEAD_PLUS_PIT_FINANCIAL,1004,481
FAMI,FAMI,,,23,2021-01-29,2022-12-30,0,23,0,0,23,0,0,2023-01-03,2026-07-17,BACKFILL_PRICE_HEAD_PLUS_PIT_FINANCIAL,1005,482
FFHL,FFHL,,,23,2021-01-29,2022-12-30,23,0,0,0,23,0,0,,,ACQUIRE_PRICE_AND_PIT_FINANCIAL,1006,1647
FRSG,FRSG,,,23,2021-04-30,2023-02-28,23,0,0,0,23,0,0,,,ACQUIRE_PRICE_AND_PIT_FINANCIAL,1007,1648
FRSX,FRSX,,,23,2021-01-29,2022-12-30,0,23,0,0,23,0,0,2023-01-03,2026-07-17,BACKFILL_PRICE_HEAD_PLUS_PIT_FINANCIAL,1008,483
FTFT,FTFT,,,23,2021-01-29,2022-12-30,0,23,0,0,23,0,0,2023-01-03,2026-07-17,BACKFILL_PRICE_HEAD_PLUS_PIT_FINANCIAL,1009,484
FWP,FWP,,,23,2021-01-29,2022-12-30,23,0,0,0,23,0,0,,,ACQUIRE_PRICE_AND_PIT_FINANCIAL,1010,1649
GGE,GGE,,,23,2022-04-29,2024-03-28,23,0,0,0,23,0,0,,,ACQUIRE_PRICE_AND_PIT_FINANCIAL,1011,1650
GIGM,GIGM,,,23,2021-01-29,2022-12-30,0,23,0,0,23,0,0,2023-01-03,2026-07-17,BACKFILL_PRICE_HEAD_PLUS_PIT_FINANCIAL,1012,485
GLBS,GLBS,,,23,2021-01-29,2022-12-30,0,23,0,0,23,0,0,2023-01-03,2026-07-17,BACKFILL_PRICE_HEAD_PLUS_PIT_FINANCIAL,1013,486
GLMD,GLMD,,,23,2021-01-29,2022-12-30,0,23,0,0,23,0,0,2023-01-03,2026-07-17,BACKFILL_PRICE_HEAD_PLUS_PIT_FINANCIAL,1014,487
GMTX,GMTX,,,23,2021-02-26,2022-12-30,23,0,0,0,23,0,0,,,ACQUIRE_PRICE_AND_PIT_FINANCIAL,1015,1651
GP,GP,,,23,2021-01-29,2022-12-30,0,23,0,0,23,0,0,2023-01-03,2026-07-17,BACKFILL_PRICE_HEAD_PLUS_PIT_FINANCIAL,1016,488
GRNQ,GRNQ,,,23,2021-01-29,2022-12-30,0,23,0,0,23,0,0,2023-01-03,2026-07-17,BACKFILL_PRICE_HEAD_PLUS_PIT_FINANCIAL,1017,489
GTBP,GTBP,,,23,2021-02-26,2022-12-30,0,23,0,0,23,0,0,2023-01-03,2026-07-17,BACKFILL_PRICE_HEAD_PLUS_PIT_FINANCIAL,1018,490
GTEC,GTEC,,,23,2021-01-29,2022-12-30,0,23,0,0,23,0,0,2023-01-03,2026-07-17,BACKFILL_PRICE_HEAD_PLUS_PIT_FINANCIAL,1019,491
GURE,GURE,,,23,2021-01-29,2022-12-30,0,23,0,0,23,0,0,2023-01-03,2026-07-17,BACKFILL_PRICE_HEAD_PLUS_PIT_FINANCIAL,1020,492
HIHO,HIHO,,,23,2021-01-29,2022-12-30,0,23,0,0,23,0,0,2023-01-03,2026-07-17,BACKFILL_PRICE_HEAD_PLUS_PIT_FINANCIAL,1021,493
HTOO,HTOO,,,23,2021-01-29,2022-12-30,0,23,0,0,23,0,0,2023-01-03,2026-07-17,BACKFILL_PRICE_HEAD_PLUS_PIT_FINANCIAL,1022,494
HUDI,HUDI,,,23,2021-01-29,2022-12-30,0,23,0,0,23,0,0,2023-01-03,2026-07-17,BACKFILL_PRICE_HEAD_PLUS_PIT_FINANCIAL,1023,495
HUIZ,HUIZ,,,23,2021-01-29,2022-12-30,0,23,0,0,23,0,0,2023-01-03,2026-07-17,BACKFILL_PRICE_HEAD_PLUS_PIT_FINANCIAL,1024,496
IFRX,IFRX,,,23,2021-01-29,2022-12-30,0,23,0,0,23,0,0,2023-01-03,2026-07-17,BACKFILL_PRICE_HEAD_PLUS_PIT_FINANCIAL,1025,497
IMMP,IMMP,,,23,2021-01-29,2022-12-30,0,23,0,0,23,0,0,2023-01-03,2026-07-17,BACKFILL_PRICE_HEAD_PLUS_PIT_FINANCIAL,1026,498
IMRN,IMRN,,,23,2021-01-29,2022-12-30,0,23,0,0,23,0,0,2023-01-03,2026-07-17,BACKFILL_PRICE_HEAD_PLUS_PIT_FINANCIAL,1027,499
IMTE,IMTE,,,23,2021-01-29,2022-12-30,0,23,0,0,23,0,0,2023-01-03,2026-07-17,BACKFILL_PRICE_HEAD_PLUS_PIT_FINANCIAL,1028,500
INM,INM,,,23,2021-01-29,2022-12-30,0,23,0,0,23,0,0,2023-01-03,2026-07-17,BACKFILL_PRICE_HEAD_PLUS_PIT_FINANCIAL,1029,501
IPHA,IPHA,,,23,2021-01-29,2022-12-30,0,23,0,0,23,0,0,2023-01-03,2026-07-17,BACKFILL_PRICE_HEAD_PLUS_PIT_FINANCIAL,1030,502
JCIC,JCIC,,,23,2021-03-31,2023-01-31,23,0,0,0,23,0,0,,,ACQUIRE_PRICE_AND_PIT_FINANCIAL,1031,1652
JFU,JFU,,,23,2021-01-29,2022-12-30,0,23,0,0,23,0,0,2023-01-03,2026-07-17,BACKFILL_PRICE_HEAD_PLUS_PIT_FINANCIAL,1032,503
JG,JG,,,23,2021-01-29,2022-12-30,0,23,0,0,23,0,0,2023-01-03,2026-07-17,BACKFILL_PRICE_HEAD_PLUS_PIT_FINANCIAL,1033,504
JNVR,JNVR,,,23,2023-07-31,2025-05-30,23,0,0,0,23,0,0,,,ACQUIRE_PRICE_AND_PIT_FINANCIAL,1034,1653
JRVR,JRVR,,,23,2021-01-29,2022-12-30,0,23,0,0,23,0,0,2023-01-03,2026-07-17,BACKFILL_PRICE_HEAD_PLUS_PIT_FINANCIAL,1035,505
KNDI,KNDI,,,23,2021-01-29,2022-12-30,0,23,0,0,23,0,0,2023-01-03,2026-07-17,BACKFILL_PRICE_HEAD_PLUS_PIT_FINANCIAL,1036,506
KRKR,KRKR,,,23,2021-01-29,2022-12-30,0,23,0,0,23,0,0,2023-01-03,2026-07-17,BACKFILL_PRICE_HEAD_PLUS_PIT_FINANCIAL,1037,507
KXIN,KXIN,,,23,2021-01-29,2022-12-30,0,23,0,0,23,0,0,2023-01-03,2026-07-17,BACKFILL_PRICE_HEAD_PLUS_PIT_FINANCIAL,1038,508
KZIA,KZIA,,,23,2021-01-29,2022-12-30,0,23,0,0,23,0,0,2023-01-03,2026-07-17,BACKFILL_PRICE_HEAD_PLUS_PIT_FINANCIAL,1039,509
LEDS,LEDS,,,23,2021-01-29,2022-12-30,0,23,0,0,23,0,0,2023-01-03,2026-07-17,BACKFILL_PRICE_HEAD_PLUS_PIT_FINANCIAL,1040,510
LEXX,LEXX,,,23,2021-01-29,2022-12-30,0,23,0,0,23,0,0,2023-01-03,2026-07-17,BACKFILL_PRICE_HEAD_PLUS_PIT_FINANCIAL,1041,511
LGHL,LGHL,,,23,2021-01-29,2022-12-30,0,23,0,0,23,0,0,2023-01-03,2026-07-17,BACKFILL_PRICE_HEAD_PLUS_PIT_FINANCIAL,1042,512
LGVN,LGVN,,,23,2021-02-26,2022-12-30,0,23,0,0,23,0,0,2023-01-03,2026-07-17,BACKFILL_PRICE_HEAD_PLUS_PIT_FINANCIAL,1043,513
LIQT,LIQT,,,23,2021-01-29,2022-12-30,0,23,0,0,23,0,0,2023-01-03,2026-07-17,BACKFILL_PRICE_HEAD_PLUS_PIT_FINANCIAL,1044,514
LOB,LOB,,,23,2021-01-29,2022-11-30,23,0,0,0,23,0,0,,,ACQUIRE_PRICE_AND_PIT_FINANCIAL,1045,1654
LOOP,LOOP,,,23,2021-01-29,2022-12-30,0,23,0,0,23,0,0,2023-01-03,2026-07-17,BACKFILL_PRICE_HEAD_PLUS_PIT_FINANCIAL,1046,515
LOTZ,LOTZ,,,23,2021-01-29,2022-11-30,23,0,0,0,23,0,0,,,ACQUIRE_PRICE_AND_PIT_FINANCIAL,1047,1655
LSXMB,LSXMB,,,23,2021-01-29,2023-11-30,0,18,0,5,23,0,0,2022-07-08,2026-07-17,REPAIR_MULTIPLE_PRICE_GAPS_PLUS_PIT_FINANCIAL,1048,516
LXEH,LXEH,,,23,2021-01-29,2022-12-30,0,23,0,0,23,0,0,2023-01-03,2026-07-17,BACKFILL_PRICE_HEAD_PLUS_PIT_FINANCIAL,1049,517
MBOT,MBOT,,,23,2021-01-29,2022-12-30,0,23,0,0,23,0,0,2023-01-03,2026-07-17,BACKFILL_PRICE_HEAD_PLUS_PIT_FINANCIAL,1050,518
MDWD,MDWD,,,23,2021-01-29,2022-12-30,0,23,0,0,23,0,0,2023-01-03,2026-07-17,BACKFILL_PRICE_HEAD_PLUS_PIT_FINANCIAL,1051,519
MIST,MIST,,,23,2021-01-29,2022-12-30,0,23,0,0,23,0,0,2023-01-03,2026-07-17,BACKFILL_PRICE_HEAD_PLUS_PIT_FINANCIAL,1052,520
MITO,MITO,,,23,2021-01-29,2022-11-30,23,0,0,0,23,0,0,,,ACQUIRE_PRICE_AND_PIT_FINANCIAL,1053,1656
MNDO,MNDO,,,23,2021-01-29,2022-12-30,0,23,0,0,23,0,0,2023-01-03,2026-07-17,BACKFILL_PRICE_HEAD_PLUS_PIT_FINANCIAL,1054,521
MNTV,MNTV,,,23,2021-07-30,2023-05-31,23,0,0,0,23,0,0,,,ACQUIRE_PRICE_AND_PIT_FINANCIAL,1055,1657
MRM,MRM,,,23,2021-01-29,2022-12-30,0,23,0,0,23,0,0,2023-01-03,2026-07-17,BACKFILL_PRICE_HEAD_PLUS_PIT_FINANCIAL,1056,522
MTC,MTC,,,23,2021-01-29,2022-12-30,0,23,0,0,23,0,0,2023-01-03,2026-07-31,BACKFILL_PRICE_HEAD_PLUS_PIT_FINANCIAL,1057,523
MYSZ,MYSZ,,,23,2021-01-29,2022-12-30,0,23,0,0,23,0,0,2023-01-03,2026-07-17,BACKFILL_PRICE_HEAD_PLUS_PIT_FINANCIAL,1058,524
NCNA,NCNA,,,23,2021-01-29,2022-12-30,0,23,0,0,23,0,0,2023-01-03,2026-07-17,BACKFILL_PRICE_HEAD_PLUS_PIT_FINANCIAL,1059,525
NCTY,NCTY,,,23,2021-01-29,2022-12-30,0,23,0,0,23,0,0,2023-01-03,2026-07-17,BACKFILL_PRICE_HEAD_PLUS_PIT_FINANCIAL,1060,526
NEON,NEON,,,23,2021-01-29,2022-12-30,0,23,0,0,23,0,0,2023-01-03,2026-07-17,BACKFILL_PRICE_HEAD_PLUS_PIT_FINANCIAL,1061,527
NHIC,NHIC,,,23,2021-01-29,2023-04-28,0,23,0,0,23,0,0,2025-04-17,2026-07-17,BACKFILL_PRICE_HEAD_PLUS_PIT_FINANCIAL,1062,528
NIU,NIU,,,23,2021-01-29,2022-12-30,0,23,0,0,23,0,0,2023-01-03,2026-07-17,BACKFILL_PRICE_HEAD_PLUS_PIT_FINANCIAL,1063,529
OCG,OCG,,,23,2021-01-29,2022-12-30,0,23,0,0,23,0,0,2023-01-03,2026-07-17,BACKFILL_PRICE_HEAD_PLUS_PIT_FINANCIAL,1064,530
OGI,OGI,,,23,2021-01-29,2022-12-30,0,23,0,0,23,0,0,2023-01-03,2026-07-17,BACKFILL_PRICE_HEAD_PLUS_PIT_FINANCIAL,1065,531
ONCY,ONCY,,,23,2021-01-29,2022-12-30,0,23,0,0,23,0,0,2023-01-03,2026-07-17,BACKFILL_PRICE_HEAD_PLUS_PIT_FINANCIAL,1066,532
ORMP,ORMP,,,23,2021-01-29,2022-12-30,0,23,0,0,23,0,0,2023-01-03,2026-07-17,BACKFILL_PRICE_HEAD_PLUS_PIT_FINANCIAL,1067,533
OXBR,OXBR,,,23,2021-01-29,2022-12-30,0,23,0,0,23,0,0,2023-01-03,2026-07-17,BACKFILL_PRICE_HEAD_PLUS_PIT_FINANCIAL,1068,534
PETZ,PETZ,,,23,2021-01-29,2022-12-30,0,23,0,0,23,0,0,2023-01-03,2026-07-17,BACKFILL_PRICE_HEAD_PLUS_PIT_FINANCIAL,1069,535
PHIC,PHIC,,,23,2021-01-29,2022-11-30,23,0,0,0,23,0,0,,,ACQUIRE_PRICE_AND_PIT_FINANCIAL,1070,1658
PHUN,PHUN,,,23,2021-01-29,2022-12-30,0,23,0,0,23,0,0,2023-01-03,2026-07-17,BACKFILL_PRICE_HEAD_PLUS_PIT_FINANCIAL,1071,536
PLBY,PLBY,,,23,2021-02-26,2022-12-30,0,23,0,0,23,0,0,2023-01-03,2026-07-17,BACKFILL_PRICE_HEAD_PLUS_PIT_FINANCIAL,1072,537
PPBT,PPBT,,,23,2021-01-29,2022-12-30,0,23,0,0,23,0,0,2023-01-03,2026-07-17,BACKFILL_PRICE_HEAD_PLUS_PIT_FINANCIAL,1073,538
PRFX,PRFX,,,23,2021-01-29,2022-12-30,0,23,0,0,23,0,0,2023-01-03,2026-07-17,BACKFILL_PRICE_HEAD_PLUS_PIT_FINANCIAL,1074,539
PROF,PROF,,,23,2021-01-29,2022-12-30,0,23,0,0,23,0,0,2023-01-03,2026-07-17,BACKFILL_PRICE_HEAD_PLUS_PIT_FINANCIAL,1075,540
PRQR,PRQR,,,23,2021-01-29,2022-12-30,0,23,0,0,23,0,0,2023-01-03,2026-07-17,BACKFILL_PRICE_HEAD_PLUS_PIT_FINANCIAL,1076,541
PSHG,PSHG,,,23,2021-01-29,2022-12-30,0,23,0,0,23,0,0,2023-01-03,2026-07-17,BACKFILL_PRICE_HEAD_PLUS_PIT_FINANCIAL,1077,542
PTIC,PTIC,,,23,2021-01-29,2022-11-30,23,0,0,0,23,0,0,,,ACQUIRE_PRICE_AND_PIT_FINANCIAL,1078,1659
PXS,PXS,,,23,2021-01-29,2022-12-30,0,23,0,0,23,0,0,2023-01-03,2026-07-17,BACKFILL_PRICE_HEAD_PLUS_PIT_FINANCIAL,1079,543
PYPD,PYPD,,,23,2021-01-29,2022-12-30,0,23,0,0,23,0,0,2023-01-03,2026-07-17,BACKFILL_PRICE_HEAD_PLUS_PIT_FINANCIAL,1080,544
QTNT,QTNT,,,23,2021-01-29,2022-12-30,23,0,0,0,23,0,0,,,ACQUIRE_PRICE_AND_PIT_FINANCIAL,1081,1660
RCON,RCON,,,23,2021-01-29,2022-12-30,0,23,0,0,23,0,0,2023-01-03,2026-07-17,BACKFILL_PRICE_HEAD_PLUS_PIT_FINANCIAL,1082,545
RDCM,RDCM,,,23,2021-01-29,2022-12-30,0,23,0,0,23,0,0,2023-01-03,2026-07-17,BACKFILL_PRICE_HEAD_PLUS_PIT_FINANCIAL,1083,546
RDHL,RDHL,,,23,2021-01-29,2022-12-30,0,23,0,0,23,0,0,2023-01-03,2026-07-17,BACKFILL_PRICE_HEAD_PLUS_PIT_FINANCIAL,1084,547
RETO,RETO,,,23,2021-01-29,2022-12-30,0,23,0,0,23,0,0,2023-01-03,2026-07-17,BACKFILL_PRICE_HEAD_PLUS_PIT_FINANCIAL,1085,548
SEED,SEED,,,23,2021-01-29,2022-12-30,0,23,0,0,23,0,0,2023-01-03,2026-07-17,BACKFILL_PRICE_HEAD_PLUS_PIT_FINANCIAL,1086,549
SILC,SILC,,,23,2021-01-29,2022-12-30,0,23,0,0,23,0,0,2023-01-03,2026-07-17,BACKFILL_PRICE_HEAD_PLUS_PIT_FINANCIAL,1087,550
SJ,SJ,,,23,2021-01-29,2022-12-30,0,23,0,0,23,0,0,2023-01-03,2026-07-17,BACKFILL_PRICE_HEAD_PLUS_PIT_FINANCIAL,1088,551
SLGL,SLGL,,,23,2021-01-29,2022-12-30,0,23,0,0,23,0,0,2023-01-03,2026-07-17,BACKFILL_PRICE_HEAD_PLUS_PIT_FINANCIAL,1089,552
SLVR,SLVR,,,23,2021-11-30,2023-09-29,23,0,0,0,23,0,0,,,ACQUIRE_PRICE_AND_PIT_FINANCIAL,1090,1661
SOFO,SOFO,,,23,2022-02-28,2023-12-29,23,0,0,0,23,0,0,,,ACQUIRE_PRICE_AND_PIT_FINANCIAL,1091,1662
SPCB,SPCB,,,23,2021-01-29,2022-12-30,0,23,0,0,23,0,0,2023-01-03,2026-07-17,BACKFILL_PRICE_HEAD_PLUS_PIT_FINANCIAL,1092,553
SWIR,SWIR,,,23,2021-01-29,2022-12-30,23,0,0,0,23,0,0,,,ACQUIRE_PRICE_AND_PIT_FINANCIAL,1093,1663
SXTC,SXTC,,,23,2021-01-29,2022-12-30,0,23,0,0,23,0,0,2023-01-03,2026-07-17,BACKFILL_PRICE_HEAD_PLUS_PIT_FINANCIAL,1094,554
SY,SY,,,23,2021-01-29,2022-12-30,0,23,0,0,23,0,0,2023-01-03,2026-07-17,BACKFILL_PRICE_HEAD_PLUS_PIT_FINANCIAL,1095,555
TANH,TANH,,,23,2021-01-29,2022-12-30,0,23,0,0,23,0,0,2023-01-03,2026-07-17,BACKFILL_PRICE_HEAD_PLUS_PIT_FINANCIAL,1096,556
TAOP,TAOP,,,23,2021-01-29,2022-12-30,0,23,0,0,23,0,0,2023-01-03,2026-07-17,BACKFILL_PRICE_HEAD_PLUS_PIT_FINANCIAL,1097,557
TBK,TBK,,,23,2021-01-29,2022-11-30,23,0,0,0,23,0,0,,,ACQUIRE_PRICE_AND_PIT_FINANCIAL,1098,1664
TC,TC,,,23,2021-01-29,2022-12-30,0,23,0,0,23,0,0,2023-01-03,2026-07-17,BACKFILL_PRICE_HEAD_PLUS_PIT_FINANCIAL,1099,558
TCX,TCX,,,23,2021-01-29,2022-12-30,0,23,0,0,23,0,0,2023-01-03,2026-07-17,BACKFILL_PRICE_HEAD_PLUS_PIT_FINANCIAL,1100,559
THCA,THCA,,,23,2021-01-29,2022-11-30,23,0,0,0,23,0,0,,,ACQUIRE_PRICE_AND_PIT_FINANCIAL,1101,1665
TLSA,TLSA,,,23,2021-01-29,2022-12-30,0,23,0,0,23,0,0,2023-01-03,2026-07-17,BACKFILL_PRICE_HEAD_PLUS_PIT_FINANCIAL,1102,560
TOUR,TOUR,,,23,2021-01-29,2022-12-30,0,23,0,0,23,0,0,2023-01-03,2026-07-17,BACKFILL_PRICE_HEAD_PLUS_PIT_FINANCIAL,1103,561
UCL,UCL,,,23,2021-01-29,2022-12-30,0,23,0,0,23,0,0,2023-01-03,2026-07-17,BACKFILL_PRICE_HEAD_PLUS_PIT_FINANCIAL,1104,562
UTSI,UTSI,,,23,2021-01-29,2022-12-30,0,23,0,0,23,0,0,2023-01-03,2026-07-17,BACKFILL_PRICE_HEAD_PLUS_PIT_FINANCIAL,1105,563
VFF,VFF,,,23,2021-01-29,2022-12-30,0,23,0,0,23,0,0,2023-01-03,2026-07-17,BACKFILL_PRICE_HEAD_PLUS_PIT_FINANCIAL,1106,564
VIOT,VIOT,,,23,2021-01-29,2022-12-30,0,23,0,0,23,0,0,2023-01-03,2026-07-17,BACKFILL_PRICE_HEAD_PLUS_PIT_FINANCIAL,1107,565
VMAR,VMAR,,,23,2021-01-29,2022-12-30,0,23,0,0,23,0,0,2023-01-03,2026-07-17,BACKFILL_PRICE_HEAD_PLUS_PIT_FINANCIAL,1108,566
VPCB,VPCB,,,23,2021-04-30,2023-02-28,23,0,0,0,23,0,0,,,ACQUIRE_PRICE_AND_PIT_FINANCIAL,1109,1666
VS,VS,,,23,2021-01-29,2022-12-30,0,23,0,0,23,0,0,2023-01-03,2026-07-17,BACKFILL_PRICE_HEAD_PLUS_PIT_FINANCIAL,1110,567
WAFU,WAFU,,,23,2021-01-29,2022-12-30,0,23,0,0,23,0,0,2023-01-03,2026-07-17,BACKFILL_PRICE_HEAD_PLUS_PIT_FINANCIAL,1111,568
WKEY,WKEY,,,23,2021-01-29,2022-12-30,0,23,0,0,23,0,0,2023-01-03,2026-07-17,BACKFILL_PRICE_HEAD_PLUS_PIT_FINANCIAL,1112,569
WNW,WNW,,,23,2021-01-29,2022-12-30,0,23,0,0,23,0,0,2023-01-03,2026-07-17,BACKFILL_PRICE_HEAD_PLUS_PIT_FINANCIAL,1113,570
WPRT,WPRT,,,23,2021-01-29,2022-12-30,0,23,0,0,23,0,0,2023-01-03,2026-07-17,BACKFILL_PRICE_HEAD_PLUS_PIT_FINANCIAL,1114,571
WTRH,WTRH,,,23,2021-01-29,2022-11-30,23,0,0,0,23,0,0,,,ACQUIRE_PRICE_AND_PIT_FINANCIAL,1115,1667
XTLB,XTLB,,,23,2021-01-29,2022-12-30,0,23,0,0,23,0,0,2023-01-03,2026-07-17,BACKFILL_PRICE_HEAD_PLUS_PIT_FINANCIAL,1116,572
YI,YI,,,23,2021-01-29,2022-12-30,0,23,0,0,23,0,0,2023-01-03,2026-07-17,BACKFILL_PRICE_HEAD_PLUS_PIT_FINANCIAL,1117,573
YJ,YJ,,,23,2021-01-29,2022-12-30,0,23,0,0,23,0,0,2023-01-03,2026-07-17,BACKFILL_PRICE_HEAD_PLUS_PIT_FINANCIAL,1118,574
YQ,YQ,,,23,2021-01-29,2022-12-30,0,23,0,0,23,0,0,2023-01-03,2026-07-17,BACKFILL_PRICE_HEAD_PLUS_PIT_FINANCIAL,1119,575
YTRA,YTRA,,,23,2021-01-29,2022-12-30,0,23,0,0,23,0,0,2023-01-03,2026-07-17,BACKFILL_PRICE_HEAD_PLUS_PIT_FINANCIAL,1120,576
ZCMD,ZCMD,,,23,2021-01-29,2022-12-30,0,23,0,0,23,0,0,2023-01-03,2026-07-17,BACKFILL_PRICE_HEAD_PLUS_PIT_FINANCIAL,1121,577
ZKIN,ZKIN,,,23,2021-01-29,2022-12-30,0,23,0,0,23,0,0,2023-01-03,2026-07-17,BACKFILL_PRICE_HEAD_PLUS_PIT_FINANCIAL,1122,578
ADAG,ADAG,,,22,2021-02-26,2022-12-30,0,22,0,0,22,0,0,2023-01-03,2026-07-17,BACKFILL_PRICE_HEAD_PLUS_PIT_FINANCIAL,1123,579
AFCG,AFCG,,,22,2021-03-31,2022-12-30,0,22,0,0,22,0,0,2023-01-03,2026-07-17,BACKFILL_PRICE_HEAD_PLUS_PIT_FINANCIAL,1124,580
AVCO,AVCO,,,22,2021-01-29,2022-10-31,22,0,0,0,22,0,0,,,ACQUIRE_PRICE_AND_PIT_FINANCIAL,1125,1668
BAOS,BAOS,,,22,2021-02-26,2022-12-30,0,22,0,0,22,0,0,2023-01-03,2026-07-17,BACKFILL_PRICE_HEAD_PLUS_PIT_FINANCIAL,1126,581
BHSE,BHSE,,,22,2021-01-29,2022-10-31,22,0,0,0,22,0,0,,,ACQUIRE_PRICE_AND_PIT_FINANCIAL,1127,1669
BRIV,BRIV,,,22,2021-07-30,2023-04-28,22,0,0,0,22,0,0,,,ACQUIRE_PRICE_AND_PIT_FINANCIAL,1128,1670
CECE,CECE,,,22,2021-01-29,2022-10-31,22,0,0,0,22,0,0,,,ACQUIRE_PRICE_AND_PIT_FINANCIAL,1129,1671
CLIN,CLIN,,,22,2022-04-29,2024-01-31,22,0,0,0,22,0,0,,,ACQUIRE_PRICE_AND_PIT_FINANCIAL,1130,1672
CNEY,CNEY,,,22,2021-02-26,2022-12-30,0,22,0,0,22,0,0,2023-01-03,2026-07-17,BACKFILL_PRICE_HEAD_PLUS_PIT_FINANCIAL,1131,582
CNXA,CNXA,,,22,2022-06-30,2024-03-28,22,0,0,0,22,0,0,,,ACQUIRE_PRICE_AND_PIT_FINANCIAL,1132,1673
CSCW,CSCW,,,22,2021-01-29,2022-10-31,22,0,0,0,22,0,0,,,ACQUIRE_PRICE_AND_PIT_FINANCIAL,1133,1674
CSLR,CSLR,,,22,2023-07-31,2025-04-30,22,0,0,0,22,0,0,,,ACQUIRE_PRICE_AND_PIT_FINANCIAL,1134,1675
CYBE,CYBE,,,22,2021-01-29,2022-10-31,22,0,0,0,22,0,0,,,ACQUIRE_PRICE_AND_PIT_FINANCIAL,1135,1676
EEIQ,EEIQ,,,22,2021-03-31,2022-12-30,0,22,0,0,22,0,0,2023-01-03,2026-07-17,BACKFILL_PRICE_HEAD_PLUS_PIT_FINANCIAL,1136,583
EQOS,EQOS,,,22,2021-01-29,2022-11-30,22,0,0,0,22,0,0,,,ACQUIRE_PRICE_AND_PIT_FINANCIAL,1137,1677
EVAX,EVAX,,,22,2021-02-26,2022-12-30,0,22,0,0,22,0,0,2023-01-03,2026-07-17,BACKFILL_PRICE_HEAD_PLUS_PIT_FINANCIAL,1138,584
FINM,FINM,,,22,2021-03-31,2022-12-30,22,0,0,0,22,0,0,,,ACQUIRE_PRICE_AND_PIT_FINANCIAL,1139,1678
FKWL,FKWL,,,22,2021-03-31,2022-12-30,0,22,0,0,22,0,0,2023-01-03,2026-07-17,BACKFILL_PRICE_HEAD_PLUS_PIT_FINANCIAL,1140,585
FNHC,FNHC,,,22,2021-01-29,2022-10-31,22,0,0,0,22,0,0,,,ACQUIRE_PRICE_AND_PIT_FINANCIAL,1141,1679
GANX,GANX,,,22,2021-03-31,2022-12-30,0,22,0,0,22,0,0,2023-01-03,2026-07-17,BACKFILL_PRICE_HEAD_PLUS_PIT_FINANCIAL,1142,586
GBS,GBS,,,22,2021-01-29,2022-10-31,22,0,0,0,22,0,0,,,ACQUIRE_PRICE_AND_PIT_FINANCIAL,1143,1680
GDNR,GDNR,,,22,2022-01-31,2023-12-29,22,0,0,0,22,0,0,,,ACQUIRE_PRICE_AND_PIT_FINANCIAL,1144,1681
HCII,HCII,,,22,2021-03-31,2022-12-30,22,0,0,0,22,0,0,,,ACQUIRE_PRICE_AND_PIT_FINANCIAL,1145,1682
HEXO,HEXO,,,22,2021-08-31,2023-06-30,22,0,0,0,22,0,0,,,ACQUIRE_PRICE_AND_PIT_FINANCIAL,1146,1683
KNBE,KNBE,,,22,2021-04-30,2023-01-31,22,0,0,0,22,0,0,,,ACQUIRE_PRICE_AND_PIT_FINANCIAL,1147,1684
KSI,KSI,,,22,2021-05-28,2023-02-28,22,0,0,0,22,0,0,,,ACQUIRE_PRICE_AND_PIT_FINANCIAL,1148,1685
LDHA,LDHA,,,22,2021-05-28,2023-02-28,22,0,0,0,22,0,0,,,ACQUIRE_PRICE_AND_PIT_FINANCIAL,1149,1686
LEGA,LEGA,,,22,2021-05-28,2023-02-28,22,0,0,0,22,0,0,,,ACQUIRE_PRICE_AND_PIT_FINANCIAL,1150,1687
LINK,LINK,,,22,2021-03-31,2022-12-30,0,22,0,0,22,0,0,2023-01-03,2026-07-17,BACKFILL_PRICE_HEAD_PLUS_PIT_FINANCIAL,1151,587
LITT,LITT,,,22,2021-08-31,2023-05-31,22,0,0,0,22,0,0,,,ACQUIRE_PRICE_AND_PIT_FINANCIAL,1152,1688
LNDC,LNDC,,,22,2021-01-29,2022-10-31,22,0,0,0,22,0,0,,,ACQUIRE_PRICE_AND_PIT_FINANCIAL,1153,1689
LYL,LYL,,,22,2021-01-29,2022-11-30,22,0,0,0,22,0,0,,,ACQUIRE_PRICE_AND_PIT_FINANCIAL,1154,1690
MCLD,MCLD,,,22,2021-11-30,2023-09-29,22,0,0,0,22,0,0,,,ACQUIRE_PRICE_AND_PIT_FINANCIAL,1155,1691
NLOK,NLOK,,,22,2021-01-29,2022-10-31,22,0,0,0,22,0,0,,,ACQUIRE_PRICE_AND_PIT_FINANCIAL,1156,1692
ORIA,ORIA,,,22,2021-07-30,2023-04-28,22,0,0,0,22,0,0,,,ACQUIRE_PRICE_AND_PIT_FINANCIAL,1157,1693
PACX,PACX,,,22,2021-03-31,2022-12-30,22,0,0,0,22,0,0,,,ACQUIRE_PRICE_AND_PIT_FINANCIAL,1158,1694
PHAS,PHAS,,,22,2021-01-29,2022-10-31,22,0,0,0,22,0,0,,,ACQUIRE_PRICE_AND_PIT_FINANCIAL,1159,1695
POW,POW,,,22,2021-03-31,2022-12-30,22,0,0,0,22,0,0,,,ACQUIRE_PRICE_AND_PIT_FINANCIAL,1160,1696
RADA,RADA,,,22,2021-01-29,2022-11-30,22,0,0,0,22,0,0,,,ACQUIRE_PRICE_AND_PIT_FINANCIAL,1161,1697
SBTX,SBTX,,,22,2021-01-29,2022-10-31,22,0,0,0,22,0,0,,,ACQUIRE_PRICE_AND_PIT_FINANCIAL,1162,1698
SCOA,SCOA,,,22,2021-02-26,2022-12-30,22,0,0,0,22,0,0,,,ACQUIRE_PRICE_AND_PIT_FINANCIAL,1163,1699
SCOB,SCOB,,,22,2021-04-30,2023-02-28,22,0,0,0,22,0,0,,,ACQUIRE_PRICE_AND_PIT_FINANCIAL,1164,1700
SVA,SVA,,,22,2021-01-29,2022-12-30,0,22,0,0,22,0,0,2023-01-03,2026-07-17,BACKFILL_PRICE_HEAD_PLUS_PIT_FINANCIAL,1165,588
TETC,TETC,,,22,2021-05-28,2023-02-28,22,0,0,0,22,0,0,,,ACQUIRE_PRICE_AND_PIT_FINANCIAL,1166,1701
TIL,TIL,,,22,2021-03-31,2022-12-30,0,22,0,0,22,0,0,2023-01-03,2026-07-17,BACKFILL_PRICE_HEAD_PLUS_PIT_FINANCIAL,1167,589
TIOA,TIOA,,,22,2021-06-30,2023-04-28,22,0,0,0,22,0,0,,,ACQUIRE_PRICE_AND_PIT_FINANCIAL,1168,1702
USWS,USWS,,,22,2021-01-29,2022-10-31,22,0,0,0,22,0,0,,,ACQUIRE_PRICE_AND_PIT_FINANCIAL,1169,1703
WETF,WETF,,,22,2021-01-29,2022-10-31,22,0,0,0,22,0,0,,,ACQUIRE_PRICE_AND_PIT_FINANCIAL,1170,1704
WSTG,WSTG,,,22,2021-01-29,2022-10-31,22,0,0,0,22,0,0,,,ACQUIRE_PRICE_AND_PIT_FINANCIAL,1171,1705
XSPA,XSPA,,,22,2021-01-29,2022-10-31,22,0,0,0,22,0,0,,,ACQUIRE_PRICE_AND_PIT_FINANCIAL,1172,1706
ZVO,ZVO,,,22,2021-01-29,2022-10-31,22,0,0,0,22,0,0,,,ACQUIRE_PRICE_AND_PIT_FINANCIAL,1173,1707
ABTX,ABTX,,,21,2021-01-29,2022-09-30,21,0,0,0,21,0,0,,,ACQUIRE_PRICE_AND_PIT_FINANCIAL,1174,1708
ATER,ATER,,,21,2021-04-30,2022-12-30,0,21,0,0,21,0,0,2023-01-03,2026-07-17,BACKFILL_PRICE_HEAD_PLUS_PIT_FINANCIAL,1175,590
ATY,ATY,,,21,2021-06-30,2023-03-31,21,0,0,0,21,0,0,,,ACQUIRE_PRICE_AND_PIT_FINANCIAL,1176,1709
BBQ,BBQ,,,21,2021-01-29,2022-09-30,21,0,0,0,21,0,0,,,ACQUIRE_PRICE_AND_PIT_FINANCIAL,1177,1710
BCTX,BCTX,,,21,2021-03-31,2022-12-30,0,21,0,0,21,0,0,2023-01-03,2026-07-17,BACKFILL_PRICE_HEAD_PLUS_PIT_FINANCIAL,1178,591
BMEA,BMEA,,,21,2021-04-30,2022-12-30,0,21,0,0,21,0,0,2023-01-03,2026-07-17,BACKFILL_PRICE_HEAD_PLUS_PIT_FINANCIAL,1179,592
CACO,CACO,,,21,2023-01-31,2024-09-30,21,0,0,0,21,0,0,,,ACQUIRE_PRICE_AND_PIT_FINANCIAL,1180,1711
CBTX,CBTX,,,21,2021-01-29,2022-09-30,21,0,0,0,21,0,0,,,ACQUIRE_PRICE_AND_PIT_FINANCIAL,1181,1712
CCXI,CCXI,,,21,2021-01-29,2022-09-30,0,21,0,0,21,0,0,2026-02-09,2026-07-17,BACKFILL_PRICE_HEAD_PLUS_PIT_FINANCIAL,1182,593
CHNG,CHNG,,,21,2021-01-29,2022-09-30,21,0,0,0,21,0,0,,,ACQUIRE_PRICE_AND_PIT_FINANCIAL,1183,1713
CLSN,CLSN,,,21,2021-01-29,2022-09-30,21,0,0,0,21,0,0,,,ACQUIRE_PRICE_AND_PIT_FINANCIAL,1184,1714
CMMB,CMMB,,,21,2021-03-31,2022-12-30,0,21,0,0,21,0,0,2023-01-03,2026-07-17,BACKFILL_PRICE_HEAD_PLUS_PIT_FINANCIAL,1185,594
CNTB,CNTB,,,21,2021-03-31,2022-12-30,0,21,0,0,21,0,0,2023-01-03,2026-07-17,BACKFILL_PRICE_HEAD_PLUS_PIT_FINANCIAL,1186,595
COLI,COLI,,,21,2021-04-30,2022-12-30,21,0,0,0,21,0,0,,,ACQUIRE_PRICE_AND_PIT_FINANCIAL,1187,1715
CRZN,CRZN,,,21,2021-05-28,2023-02-28,21,0,0,0,21,0,0,,,ACQUIRE_PRICE_AND_PIT_FINANCIAL,1188,1716
CTXS,CTXS,,,21,2021-01-29,2022-09-30,21,0,0,0,21,0,0,,,ACQUIRE_PRICE_AND_PIT_FINANCIAL,1189,1717
CVET,CVET,,,21,2021-01-29,2022-09-30,21,0,0,0,21,0,0,,,ACQUIRE_PRICE_AND_PIT_FINANCIAL,1190,1718
EMBK,EMBK,,,21,2021-11-30,2023-07-31,21,0,0,0,21,0,0,,,ACQUIRE_PRICE_AND_PIT_FINANCIAL,1191,1719
FMTX,FMTX,,,21,2021-01-29,2022-09-30,21,0,0,0,21,0,0,,,ACQUIRE_PRICE_AND_PIT_FINANCIAL,1192,1720
FSSI,FSSI,,,21,2021-03-31,2022-11-30,21,0,0,0,21,0,0,,,ACQUIRE_PRICE_AND_PIT_FINANCIAL,1193,1721
FTCI,FTCI,,,21,2021-04-30,2022-12-30,0,21,0,0,21,0,0,2023-01-03,2026-07-17,BACKFILL_PRICE_HEAD_PLUS_PIT_FINANCIAL,1194,596
GBT,GBT,,,21,2021-01-29,2022-09-30,21,0,0,0,21,0,0,,,ACQUIRE_PRICE_AND_PIT_FINANCIAL,1195,1722
GIIX,GIIX,,,21,2021-04-30,2022-12-30,21,0,0,0,21,0,0,,,ACQUIRE_PRICE_AND_PIT_FINANCIAL,1196,1723
HIII,HIII,,,21,2021-04-30,2022-12-30,21,0,0,0,21,0,0,,,ACQUIRE_PRICE_AND_PIT_FINANCIAL,1197,1724
HILS,HILS,,,21,2022-01-31,2023-09-29,21,0,0,0,21,0,0,,,ACQUIRE_PRICE_AND_PIT_FINANCIAL,1198,1725
HLAH,HLAH,,,21,2021-03-31,2022-11-30,21,0,0,0,21,0,0,,,ACQUIRE_PRICE_AND_PIT_FINANCIAL,1199,1726
HOWL,HOWL,,,21,2021-04-30,2022-12-30,0,21,0,0,21,0,0,2023-01-03,2026-07-17,BACKFILL_PRICE_HEAD_PLUS_PIT_FINANCIAL,1200,597
IEA,IEA,,,21,2021-01-29,2022-09-30,21,0,0,0,21,0,0,,,ACQUIRE_PRICE_AND_PIT_FINANCIAL,1201,1727
IMCC,IMCC,,,21,2021-03-31,2022-12-30,0,21,0,0,21,0,0,2023-01-03,2026-07-17,BACKFILL_PRICE_HEAD_PLUS_PIT_FINANCIAL,1202,598
JWEL,JWEL,,,21,2021-03-31,2022-12-30,0,21,0,0,21,0,0,2023-01-03,2026-07-17,BACKFILL_PRICE_HEAD_PLUS_PIT_FINANCIAL,1203,599
KA,KA,,,21,2023-01-31,2024-09-30,21,0,0,0,21,0,0,,,ACQUIRE_PRICE_AND_PIT_FINANCIAL,1204,1728
LEE,LEE,,,21,2021-04-30,2022-12-30,0,21,0,0,21,0,0,2023-01-03,2026-07-17,BACKFILL_PRICE_HEAD_PLUS_PIT_FINANCIAL,1205,600
LVRA,LVRA,,,21,2021-05-28,2023-02-28,21,0,0,0,21,0,0,,,ACQUIRE_PRICE_AND_PIT_FINANCIAL,1206,1729
MEKA,MEKA,,,21,2021-09-30,2023-05-31,21,0,0,0,21,0,0,,,ACQUIRE_PRICE_AND_PIT_FINANCIAL,1207,1730
NMMC,NMMC,,,21,2021-01-29,2022-09-30,21,0,0,0,21,0,0,,,ACQUIRE_PRICE_AND_PIT_FINANCIAL,1208,1731
NUBI,NUBI,,,21,2022-05-31,2024-02-29,21,0,0,0,21,0,0,,,ACQUIRE_PRICE_AND_PIT_FINANCIAL,1209,1732
NUWE,NUWE,,,21,2021-04-30,2022-12-30,0,21,0,0,21,0,0,2023-01-03,2026-07-17,BACKFILL_PRICE_HEAD_PLUS_PIT_FINANCIAL,1210,601
NVVE,NVVE,,,21,2021-03-31,2022-12-30,0,21,0,0,21,0,0,2023-01-03,2026-07-17,BACKFILL_PRICE_HEAD_PLUS_PIT_FINANCIAL,1211,602
OEPW,OEPW,,,21,2021-03-31,2022-11-30,21,0,0,0,21,0,0,,,ACQUIRE_PRICE_AND_PIT_FINANCIAL,1212,1733
PRDS,PRDS,,,21,2021-12-31,2023-08-31,21,0,0,0,21,0,0,,,ACQUIRE_PRICE_AND_PIT_FINANCIAL,1213,1734
PXMD,PXMD,,,21,2022-08-31,2024-04-30,21,0,0,0,21,0,0,,,ACQUIRE_PRICE_AND_PIT_FINANCIAL,1214,1735
RACB,RACB,,,21,2021-03-31,2022-11-30,21,0,0,0,21,0,0,,,ACQUIRE_PRICE_AND_PIT_FINANCIAL,1215,1736
RAIN,RAIN,,,21,2021-04-30,2022-12-30,0,21,0,0,21,0,0,2023-01-03,2026-07-17,BACKFILL_PRICE_HEAD_PLUS_PIT_FINANCIAL,1216,603
RNDB,RNDB,,,21,2021-01-29,2022-09-30,21,0,0,0,21,0,0,,,ACQUIRE_PRICE_AND_PIT_FINANCIAL,1217,1737
ROCC,ROCC,,,21,2021-10-29,2023-06-30,21,0,0,0,21,0,0,,,ACQUIRE_PRICE_AND_PIT_FINANCIAL,1218,1738
ROLL,ROLL,,,21,2021-01-29,2022-09-30,21,0,0,0,21,0,0,,,ACQUIRE_PRICE_AND_PIT_FINANCIAL,1219,1739
SASI,SASI,,,21,2022-06-30,2024-02-29,21,0,0,0,21,0,0,,,ACQUIRE_PRICE_AND_PIT_FINANCIAL,1220,1740
SLNA,SLNA,,,21,2022-11-30,2024-07-31,21,0,0,0,21,0,0,,,ACQUIRE_PRICE_AND_PIT_FINANCIAL,1221,1741
SLNG,SLNG,,,21,2021-04-30,2022-12-30,0,21,0,0,21,0,0,2023-01-03,2026-07-17,BACKFILL_PRICE_HEAD_PLUS_PIT_FINANCIAL,1222,604
UPC,UPC,,,21,2021-03-31,2022-12-30,0,21,0,0,21,0,0,2023-01-03,2026-07-17,BACKFILL_PRICE_HEAD_PLUS_PIT_FINANCIAL,1223,605
USCT,USCT,,,21,2021-12-31,2023-08-31,21,0,0,0,21,0,0,,,ACQUIRE_PRICE_AND_PIT_FINANCIAL,1224,1742
VABK,VABK,,,21,2021-04-30,2022-12-30,0,21,0,0,21,0,0,2023-01-03,2026-07-17,BACKFILL_PRICE_HEAD_PLUS_PIT_FINANCIAL,1225,606
WETG,WETG,,,21,2022-07-29,2024-03-28,21,0,0,0,21,0,0,,,ACQUIRE_PRICE_AND_PIT_FINANCIAL,1226,1743
WFCF,WFCF,,,21,2021-04-30,2022-12-30,0,21,0,0,21,0,0,2023-01-03,2026-07-17,BACKFILL_PRICE_HEAD_PLUS_PIT_FINANCIAL,1227,607
ZFOX,ZFOX,,,21,2022-08-31,2024-04-30,21,0,0,0,21,0,0,,,ACQUIRE_PRICE_AND_PIT_FINANCIAL,1228,1744
ALJJ,ALJJ,,,20,2021-01-29,2022-08-31,20,0,0,0,20,0,0,,,ACQUIRE_PRICE_AND_PIT_FINANCIAL,1229,1745
ALNA,ALNA,,,20,2021-01-29,2022-08-31,20,0,0,0,20,0,0,,,ACQUIRE_PRICE_AND_PIT_FINANCIAL,1230,1746
AUTO,AUTO,,,20,2021-01-29,2022-08-31,20,0,0,0,20,0,0,,,ACQUIRE_PRICE_AND_PIT_FINANCIAL,1231,1747
BBI,BBI,,,20,2021-01-29,2022-08-31,20,0,0,0,20,0,0,,,ACQUIRE_PRICE_AND_PIT_FINANCIAL,1232,1748
BIOX,BIOX,,,20,2021-04-30,2022-12-30,0,20,0,0,20,0,0,2023-01-03,2026-07-17,BACKFILL_PRICE_HEAD_PLUS_PIT_FINANCIAL,1233,608
CDEV,CDEV,,,20,2021-01-29,2022-08-31,20,0,0,0,20,0,0,,,ACQUIRE_PRICE_AND_PIT_FINANCIAL,1234,1749
CLBS,CLBS,,,20,2021-01-29,2022-08-31,20,0,0,0,20,0,0,,,ACQUIRE_PRICE_AND_PIT_FINANCIAL,1235,1750
CRTD,CRTD,,,20,2021-01-29,2022-08-31,20,0,0,0,20,0,0,,,ACQUIRE_PRICE_AND_PIT_FINANCIAL,1236,1751
DHBC,DHBC,,,20,2021-04-30,2022-11-30,20,0,0,0,20,0,0,,,ACQUIRE_PRICE_AND_PIT_FINANCIAL,1237,1752
DTST,DTST,,,20,2021-05-28,2022-12-30,0,20,0,0,20,0,0,2023-01-03,2026-07-17,BACKFILL_PRICE_HEAD_PLUS_PIT_FINANCIAL,1238,609
EYES,EYES,,,20,2021-01-29,2022-08-31,20,0,0,0,20,0,0,,,ACQUIRE_PRICE_AND_PIT_FINANCIAL,1239,1753
FAZE,FAZE,,,20,2022-07-29,2024-02-29,20,0,0,0,20,0,0,,,ACQUIRE_PRICE_AND_PIT_FINANCIAL,1240,1754
GBOX,GBOX,,,20,2021-02-26,2022-09-30,20,0,0,0,20,0,0,,,ACQUIRE_PRICE_AND_PIT_FINANCIAL,1241,1755
GGMC,GGMC,,,20,2021-05-28,2022-12-30,20,0,0,0,20,0,0,,,ACQUIRE_PRICE_AND_PIT_FINANCIAL,1242,1756
GSEV,GSEV,,,20,2021-04-30,2022-11-30,20,0,0,0,20,0,0,,,ACQUIRE_PRICE_AND_PIT_FINANCIAL,1243,1757
HLBZ,HLBZ,,,20,2021-08-31,2023-03-31,20,0,0,0,20,0,0,,,ACQUIRE_PRICE_AND_PIT_FINANCIAL,1244,1758
HMTV,HMTV,,,20,2021-01-29,2022-08-31,20,0,0,0,20,0,0,,,ACQUIRE_PRICE_AND_PIT_FINANCIAL,1245,1759
IFBD,IFBD,,,20,2021-04-30,2022-12-30,0,20,0,0,20,0,0,2023-01-03,2026-07-17,BACKFILL_PRICE_HEAD_PLUS_PIT_FINANCIAL,1246,610
IIVI,IIVI,,,20,2021-01-29,2022-08-31,20,0,0,0,20,0,0,,,ACQUIRE_PRICE_AND_PIT_FINANCIAL,1247,1760
INVZ,INVZ,,,20,2021-04-30,2022-12-30,0,20,0,0,20,0,0,2023-01-03,2026-07-17,BACKFILL_PRICE_HEAD_PLUS_PIT_FINANCIAL,1248,611
IPW,IPW,,,20,2021-05-28,2022-12-30,0,20,0,0,20,0,0,2023-01-03,2026-07-17,BACKFILL_PRICE_HEAD_PLUS_PIT_FINANCIAL,1249,612
JGGC,JGGC,,,20,2022-04-29,2023-12-29,20,0,0,0,20,0,0,,,ACQUIRE_PRICE_AND_PIT_FINANCIAL,1250,1761
LGO,LGO,,,20,2021-04-30,2022-12-30,0,20,0,0,20,0,0,2023-01-03,2026-07-17,BACKFILL_PRICE_HEAD_PLUS_PIT_FINANCIAL,1251,613
MANT,MANT,,,20,2021-01-29,2022-08-31,20,0,0,0,20,0,0,,,ACQUIRE_PRICE_AND_PIT_FINANCIAL,1252,1762
MGAM,MGAM,,,20,2022-08-31,2024-03-28,20,0,0,0,20,0,0,,,ACQUIRE_PRICE_AND_PIT_FINANCIAL,1253,1763
MOHO,MOHO,,,20,2021-01-29,2022-09-30,20,0,0,0,20,0,0,,,ACQUIRE_PRICE_AND_PIT_FINANCIAL,1254,1764
NBEV,NBEV,,,20,2021-01-29,2022-08-31,20,0,0,0,20,0,0,,,ACQUIRE_PRICE_AND_PIT_FINANCIAL,1255,1765
QK,QK,,,20,2021-01-29,2022-09-30,20,0,0,0,20,0,0,,,ACQUIRE_PRICE_AND_PIT_FINANCIAL,1256,1766
RVLP,RVLP,,,20,2022-02-28,2023-09-29,20,0,0,0,20,0,0,,,ACQUIRE_PRICE_AND_PIT_FINANCIAL,1257,1767
SKIN,SKIN,,,20,2021-05-28,2022-12-30,0,20,0,0,20,0,0,2023-01-03,2026-07-17,BACKFILL_PRICE_HEAD_PLUS_PIT_FINANCIAL,1258,614
STIX,STIX,,,20,2022-08-31,2024-03-28,20,0,0,0,20,0,0,,,ACQUIRE_PRICE_AND_PIT_FINANCIAL,1259,1768
TENK,TENK,,,20,2022-12-30,2024-07-31,20,0,0,0,20,0,0,,,ACQUIRE_PRICE_AND_PIT_FINANCIAL,1260,1769
TGA,TGA,,,20,2021-01-29,2022-09-30,20,0,0,0,20,0,0,,,ACQUIRE_PRICE_AND_PIT_FINANCIAL,1261,1770
TSIB,TSIB,,,20,2021-04-30,2022-11-30,20,0,0,0,20,0,0,,,ACQUIRE_PRICE_AND_PIT_FINANCIAL,1262,1771
TYME,TYME,,,20,2021-01-29,2022-08-31,20,0,0,0,20,0,0,,,ACQUIRE_PRICE_AND_PIT_FINANCIAL,1263,1772
USAK,USAK,,,20,2021-01-29,2022-08-31,20,0,0,0,20,0,0,,,ACQUIRE_PRICE_AND_PIT_FINANCIAL,1264,1773
XPER,XPER,,,20,2021-01-29,2022-08-31,0,20,0,0,20,0,0,2022-09-20,2026-07-17,BACKFILL_PRICE_HEAD_PLUS_PIT_FINANCIAL,1265,615
ZEAL,ZEAL,,,20,2021-01-29,2022-09-30,20,0,0,0,20,0,0,,,ACQUIRE_PRICE_AND_PIT_FINANCIAL,1266,1774
CRTX,CRTX,,,19,2021-01-29,2022-07-29,19,0,0,0,19,0,0,,,ACQUIRE_PRICE_AND_PIT_FINANCIAL,1267,1775
DIBS,DIBS,,,19,2021-06-30,2022-12-30,0,19,0,0,19,0,0,2023-01-03,2026-07-17,BACKFILL_PRICE_HEAD_PLUS_PIT_FINANCIAL,1268,616
EJH,EJH,,,19,2021-05-28,2022-12-30,0,19,0,0,19,0,0,2023-01-03,2026-07-17,BACKFILL_PRICE_HEAD_PLUS_PIT_FINANCIAL,1269,617
EPZM,EPZM,,,19,2021-01-29,2022-07-29,19,0,0,0,19,0,0,,,ACQUIRE_PRICE_AND_PIT_FINANCIAL,1270,1776
EVFM,EVFM,,,19,2021-01-29,2022-07-29,19,0,0,0,19,0,0,,,ACQUIRE_PRICE_AND_PIT_FINANCIAL,1271,1777
FLJ,FLJ,,,19,2022-10-31,2024-04-30,19,0,0,0,19,0,0,,,ACQUIRE_PRICE_AND_PIT_FINANCIAL,1272,1778
GTPA,GTPA,,,19,2021-05-28,2022-11-30,19,0,0,0,19,0,0,,,ACQUIRE_PRICE_AND_PIT_FINANCIAL,1273,1779
GTPB,GTPB,,,19,2021-05-28,2022-11-30,19,0,0,0,19,0,0,,,ACQUIRE_PRICE_AND_PIT_FINANCIAL,1274,1780
HLG,HLG,,,19,2021-01-29,2022-08-31,19,0,0,0,19,0,0,,,ACQUIRE_PRICE_AND_PIT_FINANCIAL,1275,1781
IMAC,IMAC,,,19,2021-01-29,2022-07-29,19,0,0,0,19,0,0,,,ACQUIRE_PRICE_AND_PIT_FINANCIAL,1276,1782
ISAA,ISAA,,,19,2021-06-30,2022-12-30,19,0,0,0,19,0,0,,,ACQUIRE_PRICE_AND_PIT_FINANCIAL,1277,1783
ITAQ,ITAQ,,,19,2022-04-29,2023-12-29,19,0,0,0,19,0,0,,,ACQUIRE_PRICE_AND_PIT_FINANCIAL,1278,1784
JZXN,JZXN,,,19,2021-05-28,2022-12-30,0,19,0,0,19,0,0,2023-01-03,2026-07-17,BACKFILL_PRICE_HEAD_PLUS_PIT_FINANCIAL,1279,618
KPLT,KPLT,,,19,2021-06-30,2022-12-30,0,19,0,0,19,0,0,2023-01-03,2026-07-17,BACKFILL_PRICE_HEAD_PLUS_PIT_FINANCIAL,1280,619
LJPC,LJPC,,,19,2021-01-29,2022-07-29,19,0,0,0,19,0,0,,,ACQUIRE_PRICE_AND_PIT_FINANCIAL,1281,1785
LMPX,LMPX,,,19,2021-01-29,2022-07-29,19,0,0,0,19,0,0,,,ACQUIRE_PRICE_AND_PIT_FINANCIAL,1282,1786
MKD,MKD,,,19,2021-01-29,2022-08-31,19,0,0,0,19,0,0,,,ACQUIRE_PRICE_AND_PIT_FINANCIAL,1283,1787
NAUT,NAUT,,,19,2021-06-30,2022-12-30,0,19,0,0,19,0,0,2023-01-03,2026-07-17,BACKFILL_PRICE_HEAD_PLUS_PIT_FINANCIAL,1284,620
NMTC,NMTC,,,19,2021-06-30,2022-12-30,0,19,0,0,19,0,0,2023-01-03,2026-07-17,BACKFILL_PRICE_HEAD_PLUS_PIT_FINANCIAL,1285,621
NRXP,NRXP,,,19,2021-06-30,2022-12-30,0,19,0,0,19,0,0,2023-01-03,2026-07-17,BACKFILL_PRICE_HEAD_PLUS_PIT_FINANCIAL,1286,622
NSPR,NSPR,,,19,2021-05-28,2022-12-30,0,19,0,0,19,0,0,2023-01-03,2026-07-17,BACKFILL_PRICE_HEAD_PLUS_PIT_FINANCIAL,1287,623
OBCI,OBCI,,,19,2021-01-29,2022-07-29,19,0,0,0,19,0,0,,,ACQUIRE_PRICE_AND_PIT_FINANCIAL,1288,1788
OEG,OEG,,,19,2021-01-29,2022-07-29,19,0,0,0,19,0,0,,,ACQUIRE_PRICE_AND_PIT_FINANCIAL,1289,1789
QSI,QSI,,,19,2021-06-30,2022-12-30,0,19,0,0,19,0,0,2023-01-03,2026-07-17,BACKFILL_PRICE_HEAD_PLUS_PIT_FINANCIAL,1290,624
SAFM,SAFM,,,19,2021-01-29,2022-07-29,19,0,0,0,19,0,0,,,ACQUIRE_PRICE_AND_PIT_FINANCIAL,1291,1790
SEV,SEV,,,19,2021-11-30,2023-06-30,0,19,0,0,19,0,0,2025-10-16,2026-07-17,BACKFILL_PRICE_HEAD_PLUS_PIT_FINANCIAL,1292,625
SMED,SMED,,,19,2021-01-29,2022-07-29,19,0,0,0,19,0,0,,,ACQUIRE_PRICE_AND_PIT_FINANCIAL,1293,1791
SYNL,SYNL,,,19,2021-01-29,2022-07-29,19,0,0,0,19,0,0,,,ACQUIRE_PRICE_AND_PIT_FINANCIAL,1294,1792
TPTX,TPTX,,,19,2021-01-29,2022-07-29,19,0,0,0,19,0,0,,,ACQUIRE_PRICE_AND_PIT_FINANCIAL,1295,1793
TUEM,TUEM,,,19,2021-06-30,2022-12-30,19,0,0,0,19,0,0,,,ACQUIRE_PRICE_AND_PIT_FINANCIAL,1296,1794
UBOH,UBOH,,,19,2021-01-29,2022-07-29,19,0,0,0,19,0,0,,,ACQUIRE_PRICE_AND_PIT_FINANCIAL,1297,1795
VCKA,VCKA,,,19,2021-03-31,2022-10-31,19,0,0,0,19,0,0,,,ACQUIRE_PRICE_AND_PIT_FINANCIAL,1298,1796
ZEST,ZEST,,,19,2021-08-31,2023-02-28,19,0,0,0,19,0,0,,,ACQUIRE_PRICE_AND_PIT_FINANCIAL,1299,1797
AATC,AATC,,,18,2021-07-30,2022-12-30,18,0,0,0,18,0,0,,,ACQUIRE_PRICE_AND_PIT_FINANCIAL,1300,1798
ABOS,ABOS,,,18,2021-07-30,2022-12-30,0,18,0,0,18,0,0,2023-01-03,2026-07-17,BACKFILL_PRICE_HEAD_PLUS_PIT_FINANCIAL,1301,626
ACB,ACB,,,18,2021-06-30,2022-12-30,0,18,0,0,18,0,0,2023-01-03,2026-07-17,BACKFILL_PRICE_HEAD_PLUS_PIT_FINANCIAL,1302,627
ACXP,ACXP,,,18,2021-07-30,2022-12-30,0,18,0,0,18,0,0,2023-01-03,2026-07-17,BACKFILL_PRICE_HEAD_PLUS_PIT_FINANCIAL,1303,628
ALF,ALF,,,18,2021-05-28,2022-10-31,0,18,0,0,18,0,0,2024-08-01,2026-07-17,BACKFILL_PRICE_HEAD_PLUS_PIT_FINANCIAL,1304,629
ALZN,ALZN,,,18,2021-07-30,2022-12-30,0,18,0,0,18,0,0,2023-01-03,2026-07-17,BACKFILL_PRICE_HEAD_PLUS_PIT_FINANCIAL,1305,630
BLCT,BLCT,,,18,2021-01-29,2022-07-29,18,0,0,0,18,0,0,,,ACQUIRE_PRICE_AND_PIT_FINANCIAL,1306,1799
CCMP,CCMP,,,18,2021-01-29,2022-06-30,18,0,0,0,18,0,0,,,ACQUIRE_PRICE_AND_PIT_FINANCIAL,1307,1800
CDK,CDK,,,18,2021-01-29,2022-06-30,18,0,0,0,18,0,0,,,ACQUIRE_PRICE_AND_PIT_FINANCIAL,1308,1801
CELU,CELU,,,18,2021-07-30,2022-12-30,0,18,0,0,18,0,0,2023-01-03,2026-07-17,BACKFILL_PRICE_HEAD_PLUS_PIT_FINANCIAL,1309,631
CIIG,CIIG,,,18,2021-11-30,2023-04-28,18,0,0,0,18,0,0,,,ACQUIRE_PRICE_AND_PIT_FINANCIAL,1310,1802
CMRA,CMRA,,,18,2022-06-30,2023-12-29,18,0,0,0,18,0,0,,,ACQUIRE_PRICE_AND_PIT_FINANCIAL,1311,1803
CRBU,CRBU,,,18,2021-07-30,2022-12-30,0,18,0,0,18,0,0,2023-01-03,2026-07-17,BACKFILL_PRICE_HEAD_PLUS_PIT_FINANCIAL,1312,632
CVRX,CVRX,,,18,2021-07-30,2022-12-30,0,18,0,0,18,0,0,2023-01-03,2026-07-17,BACKFILL_PRICE_HEAD_PLUS_PIT_FINANCIAL,1313,633
CVT,CVT,,,18,2021-12-31,2023-05-31,18,0,0,0,18,0,0,,,ACQUIRE_PRICE_AND_PIT_FINANCIAL,1314,1804
DNAY,DNAY,,,18,2021-07-30,2022-12-30,18,0,0,0,18,0,0,,,ACQUIRE_PRICE_AND_PIT_FINANCIAL,1315,1805
ENDP,ENDP,,,18,2021-01-29,2022-07-29,18,0,0,0,18,0,0,,,ACQUIRE_PRICE_AND_PIT_FINANCIAL,1316,1806
ENSC,ENSC,,,18,2021-07-30,2022-12-30,0,18,0,0,18,0,0,2023-01-03,2026-07-17,BACKFILL_PRICE_HEAD_PLUS_PIT_FINANCIAL,1317,634
ETTX,ETTX,,,18,2021-01-29,2022-06-30,18,0,0,0,18,0,0,,,ACQUIRE_PRICE_AND_PIT_FINANCIAL,1318,1807
FEMY,FEMY,,,18,2021-07-30,2022-12-30,0,18,0,0,18,0,0,2023-01-03,2026-07-17,BACKFILL_PRICE_HEAD_PLUS_PIT_FINANCIAL,1319,635
FRTX,FRTX,,,18,2022-09-30,2024-02-29,18,0,0,0,18,0,0,,,ACQUIRE_PRICE_AND_PIT_FINANCIAL,1320,1808
GIW,GIW,,,18,2021-07-30,2022-12-30,0,18,0,0,18,0,0,2025-10-27,2026-07-17,BACKFILL_PRICE_HEAD_PLUS_PIT_FINANCIAL,1321,636
GTYH,GTYH,,,18,2021-01-29,2022-06-30,18,0,0,0,18,0,0,,,ACQUIRE_PRICE_AND_PIT_FINANCIAL,1322,1809
HCWB,HCWB,,,18,2021-07-30,2022-12-30,0,18,0,0,18,0,0,2023-01-03,2026-07-17,BACKFILL_PRICE_HEAD_PLUS_PIT_FINANCIAL,1323,637
HITI,HITI,,,18,2021-06-30,2022-12-30,0,18,0,0,18,0,0,2023-01-03,2026-07-17,BACKFILL_PRICE_HEAD_PLUS_PIT_FINANCIAL,1324,638
IMGO,IMGO,,,18,2021-07-30,2022-12-30,18,0,0,0,18,0,0,,,ACQUIRE_PRICE_AND_PIT_FINANCIAL,1325,1810
INAB,INAB,,,18,2021-07-30,2022-12-30,0,18,0,0,18,0,0,2023-01-03,2026-07-17,BACKFILL_PRICE_HEAD_PLUS_PIT_FINANCIAL,1326,639
ISPC,ISPC,,,18,2021-07-30,2022-12-30,0,18,0,0,18,0,0,2023-01-03,2026-07-17,BACKFILL_PRICE_HEAD_PLUS_PIT_FINANCIAL,1327,640
MBII,MBII,,,18,2021-01-29,2022-06-30,18,0,0,0,18,0,0,,,ACQUIRE_PRICE_AND_PIT_FINANCIAL,1328,1811
MILE,MILE,,,18,2021-02-26,2022-07-29,18,0,0,0,18,0,0,,,ACQUIRE_PRICE_AND_PIT_FINANCIAL,1329,1812
MXCT,MXCT,,,18,2021-07-30,2022-12-30,0,18,0,0,18,0,0,2023-01-03,2026-07-17,BACKFILL_PRICE_HEAD_PLUS_PIT_FINANCIAL,1330,641
MYPS,MYPS,,,18,2021-07-30,2022-12-30,0,18,0,0,18,0,0,2023-01-03,2026-07-17,BACKFILL_PRICE_HEAD_PLUS_PIT_FINANCIAL,1331,642
NSEC,NSEC,,,18,2021-01-29,2022-06-30,18,0,0,0,18,0,0,,,ACQUIRE_PRICE_AND_PIT_FINANCIAL,1332,1813
NTUS,NTUS,,,18,2021-01-29,2022-06-30,18,0,0,0,18,0,0,,,ACQUIRE_PRICE_AND_PIT_FINANCIAL,1333,1814
OAS,OAS,,,18,2021-01-29,2022-06-30,18,0,0,0,18,0,0,,,ACQUIRE_PRICE_AND_PIT_FINANCIAL,1334,1815
PBIP,PBIP,,,18,2021-01-29,2022-06-30,18,0,0,0,18,0,0,,,ACQUIRE_PRICE_AND_PIT_FINANCIAL,1335,1816
PSTI,PSTI,,,18,2021-01-29,2022-07-29,18,0,0,0,18,0,0,,,ACQUIRE_PRICE_AND_PIT_FINANCIAL,1336,1817
RANI,RANI,,,18,2021-07-30,2022-12-30,0,18,0,0,18,0,0,2023-01-03,2026-07-17,BACKFILL_PRICE_HEAD_PLUS_PIT_FINANCIAL,1337,643
RLYB,RLYB,,,18,2021-07-30,2022-12-30,0,18,0,0,18,0,0,2023-01-03,2026-07-17,BACKFILL_PRICE_HEAD_PLUS_PIT_FINANCIAL,1338,644
RNAZ,RNAZ,,,18,2021-07-30,2022-12-30,0,18,0,0,18,0,0,2023-01-03,2026-07-17,BACKFILL_PRICE_HEAD_PLUS_PIT_FINANCIAL,1339,645
RPID,RPID,,,18,2021-07-30,2022-12-30,0,18,0,0,18,0,0,2023-01-03,2026-07-17,BACKFILL_PRICE_HEAD_PLUS_PIT_FINANCIAL,1340,646
RTL,RTL,,,18,2022-03-31,2023-08-31,18,0,0,0,18,0,0,,,ACQUIRE_PRICE_AND_PIT_FINANCIAL,1341,1818
SERA,SERA,,,18,2021-07-30,2022-12-30,0,18,0,0,18,0,0,2023-01-03,2026-07-17,BACKFILL_PRICE_HEAD_PLUS_PIT_FINANCIAL,1342,647
SGHT,SGHT,,,18,2021-07-30,2022-12-30,0,18,0,0,18,0,0,2023-01-03,2026-07-17,BACKFILL_PRICE_HEAD_PLUS_PIT_FINANCIAL,1343,648
SMFR,SMFR,,,18,2021-07-30,2022-12-30,18,0,0,0,18,0,0,,,ACQUIRE_PRICE_AND_PIT_FINANCIAL,1344,1819
SREV,SREV,,,18,2021-01-29,2022-06-30,18,0,0,0,18,0,0,,,ACQUIRE_PRICE_AND_PIT_FINANCIAL,1345,1820
TCBS,TCBS,,,18,2021-07-30,2022-12-30,0,18,0,0,18,0,0,2023-01-03,2026-07-17,BACKFILL_PRICE_HEAD_PLUS_PIT_FINANCIAL,1346,649
TCJH,TCJH,,,18,2023-04-28,2024-09-30,18,0,0,0,18,0,0,,,ACQUIRE_PRICE_AND_PIT_FINANCIAL,1347,1821
TCRX,TCRX,,,18,2021-07-30,2022-12-30,0,18,0,0,18,0,0,2023-01-03,2026-07-17,BACKFILL_PRICE_HEAD_PLUS_PIT_FINANCIAL,1348,650
TNYA,TNYA,,,18,2021-07-30,2022-12-30,0,18,0,0,18,0,0,2023-01-03,2026-07-17,BACKFILL_PRICE_HEAD_PLUS_PIT_FINANCIAL,1349,651
TPST,TPST,,,18,2021-07-30,2022-12-30,0,18,0,0,18,0,0,2023-01-03,2026-07-17,BACKFILL_PRICE_HEAD_PLUS_PIT_FINANCIAL,1350,652
TVTY,TVTY,,,18,2021-01-29,2022-06-30,18,0,0,0,18,0,0,,,ACQUIRE_PRICE_AND_PIT_FINANCIAL,1351,1822
UNCY,UNCY,,,18,2021-07-30,2022-12-30,0,18,0,0,18,0,0,2023-01-03,2026-07-17,BACKFILL_PRICE_HEAD_PLUS_PIT_FINANCIAL,1352,653
VEEE,VEEE,,,18,2021-07-30,2022-12-30,0,18,0,0,18,0,0,2023-01-03,2026-07-17,BACKFILL_PRICE_HEAD_PLUS_PIT_FINANCIAL,1353,654
VG,VG,,,18,2021-01-29,2022-06-30,18,0,0,0,18,0,0,,,ACQUIRE_PRICE_AND_PIT_FINANCIAL,1354,1823
WEJO,WEJO,,,18,2021-11-30,2023-05-31,18,0,0,0,18,0,0,,,ACQUIRE_PRICE_AND_PIT_FINANCIAL,1355,1824
ZY,ZY,,,18,2021-04-30,2022-09-30,18,0,0,0,18,0,0,,,ACQUIRE_PRICE_AND_PIT_FINANCIAL,1356,1825
ABVC,ABVC,,,17,2021-08-31,2022-12-30,0,17,0,0,17,0,0,2023-01-03,2026-07-17,BACKFILL_PRICE_HEAD_PLUS_PIT_FINANCIAL,1357,655
ADAL,ADAL,,,17,2021-12-31,2023-04-28,17,0,0,0,17,0,0,,,ACQUIRE_PRICE_AND_PIT_FINANCIAL,1358,1826
ANAT,ANAT,,,17,2021-01-29,2022-05-31,17,0,0,0,17,0,0,,,ACQUIRE_PRICE_AND_PIT_FINANCIAL,1359,1827
ATRS,ATRS,,,17,2021-01-29,2022-05-31,17,0,0,0,17,0,0,,,ACQUIRE_PRICE_AND_PIT_FINANCIAL,1360,1828
AUID,AUID,,,17,2021-08-31,2022-12-30,0,17,0,0,17,0,0,2023-01-03,2026-07-17,BACKFILL_PRICE_HEAD_PLUS_PIT_FINANCIAL,1361,656
AWIN,AWIN,,,17,2023-02-28,2024-06-28,17,0,0,0,17,0,0,,,ACQUIRE_PRICE_AND_PIT_FINANCIAL,1362,1829
BON,BON,,,17,2021-07-30,2022-12-30,0,17,0,0,17,0,0,2023-01-03,2026-07-17,BACKFILL_PRICE_HEAD_PLUS_PIT_FINANCIAL,1363,657
BSKY,BSKY,,,17,2021-07-30,2022-11-30,17,0,0,0,17,0,0,,,ACQUIRE_PRICE_AND_PIT_FINANCIAL,1364,1830
CENQ,CENQ,,,17,2021-10-29,2023-02-28,17,0,0,0,17,0,0,,,ACQUIRE_PRICE_AND_PIT_FINANCIAL,1365,1831
CERN,CERN,,,17,2021-01-29,2022-05-31,17,0,0,0,17,0,0,,,ACQUIRE_PRICE_AND_PIT_FINANCIAL,1366,1832
CMPI,CMPI,,,17,2021-01-29,2022-05-31,17,0,0,0,17,0,0,,,ACQUIRE_PRICE_AND_PIT_FINANCIAL,1367,1833
CNFRL,CNFRL,,,17,2021-01-29,2022-05-31,17,0,0,0,17,0,0,,,ACQUIRE_PRICE_AND_PIT_FINANCIAL,1368,1834
CPOP,CPOP,,,17,2021-07-30,2022-12-30,0,17,0,0,17,0,0,2023-01-03,2026-07-17,BACKFILL_PRICE_HEAD_PLUS_PIT_FINANCIAL,1369,658
DPRO,DPRO,,,17,2021-07-30,2022-12-30,0,17,0,0,17,0,0,2023-01-03,2026-07-17,BACKFILL_PRICE_HEAD_PLUS_PIT_FINANCIAL,1370,659
DRMA,DRMA,,,17,2021-08-31,2022-12-30,0,17,0,0,17,0,0,2023-01-03,2026-07-17,BACKFILL_PRICE_HEAD_PLUS_PIT_FINANCIAL,1371,660
EPAY,EPAY,,,17,2021-01-29,2022-05-31,17,0,0,0,17,0,0,,,ACQUIRE_PRICE_AND_PIT_FINANCIAL,1372,1835
ESBK,ESBK,,,17,2021-01-29,2022-05-31,17,0,0,0,17,0,0,,,ACQUIRE_PRICE_AND_PIT_FINANCIAL,1373,1836
FB,FB,,,17,2021-01-29,2022-05-31,17,0,0,0,17,0,0,,,ACQUIRE_PRICE_AND_PIT_FINANCIAL,1374,1837
FGMC,FGMC,,,17,2022-04-29,2023-08-31,0,17,0,0,17,0,0,2025-02-11,2026-07-17,BACKFILL_PRICE_HEAD_PLUS_PIT_FINANCIAL,1375,661
FLMN,FLMN,,,17,2021-01-29,2022-05-31,17,0,0,0,17,0,0,,,ACQUIRE_PRICE_AND_PIT_FINANCIAL,1376,1838
GAME,GAME,,,17,2021-07-30,2022-12-30,0,17,0,0,17,0,0,2023-01-03,2026-07-17,BACKFILL_PRICE_HEAD_PLUS_PIT_FINANCIAL,1377,662
GECCN,GECCN,,,17,2021-01-29,2022-05-31,17,0,0,0,17,0,0,,,ACQUIRE_PRICE_AND_PIT_FINANCIAL,1378,1839
GNCA,GNCA,,,17,2021-01-29,2022-05-31,17,0,0,0,17,0,0,,,ACQUIRE_PRICE_AND_PIT_FINANCIAL,1379,1840
GRNA,GRNA,,,17,2022-02-28,2023-06-30,17,0,0,0,17,0,0,,,ACQUIRE_PRICE_AND_PIT_FINANCIAL,1380,1841
GSD,GSD,,,17,2022-10-31,2024-02-29,17,0,0,0,17,0,0,,,ACQUIRE_PRICE_AND_PIT_FINANCIAL,1381,1842
HRYU,HRYU,,,17,2023-08-31,2024-12-31,17,0,0,0,17,0,0,,,ACQUIRE_PRICE_AND_PIT_FINANCIAL,1382,1843
HUSN,HUSN,,,17,2021-01-29,2022-05-31,17,0,0,0,17,0,0,,,ACQUIRE_PRICE_AND_PIT_FINANCIAL,1383,1844
IIN,IIN,,,17,2021-01-29,2022-05-31,17,0,0,0,17,0,0,,,ACQUIRE_PRICE_AND_PIT_FINANCIAL,1384,1845
IRCP,IRCP,,,17,2021-01-29,2022-05-31,17,0,0,0,17,0,0,,,ACQUIRE_PRICE_AND_PIT_FINANCIAL,1385,1846
ISO,ISO,,,17,2021-10-29,2023-02-28,17,0,0,0,17,0,0,,,ACQUIRE_PRICE_AND_PIT_FINANCIAL,1386,1847
LIDR,LIDR,,,17,2021-08-31,2022-12-30,0,17,0,0,17,0,0,2023-01-03,2026-07-17,BACKFILL_PRICE_HEAD_PLUS_PIT_FINANCIAL,1387,663
LLNW,LLNW,,,17,2021-01-29,2022-05-31,17,0,0,0,17,0,0,,,ACQUIRE_PRICE_AND_PIT_FINANCIAL,1388,1848
LOV,LOV,,,17,2022-03-31,2023-08-31,17,0,0,0,17,0,0,,,ACQUIRE_PRICE_AND_PIT_FINANCIAL,1389,1849
LQR,LQR,,,17,2023-08-31,2024-12-31,17,0,0,0,17,0,0,,,ACQUIRE_PRICE_AND_PIT_FINANCIAL,1390,1850
MIME,MIME,,,17,2021-01-29,2022-05-31,17,0,0,0,17,0,0,,,ACQUIRE_PRICE_AND_PIT_FINANCIAL,1391,1851
MNTS,MNTS,,,17,2021-08-31,2022-12-30,0,17,0,0,17,0,0,2023-01-03,2026-07-17,BACKFILL_PRICE_HEAD_PLUS_PIT_FINANCIAL,1392,664
MOLN,MOLN,,,17,2021-07-30,2022-12-30,0,17,0,0,17,0,0,2023-01-03,2026-07-17,BACKFILL_PRICE_HEAD_PLUS_PIT_FINANCIAL,1393,665
NCBS,NCBS,,,17,2021-01-29,2022-05-31,17,0,0,0,17,0,0,,,ACQUIRE_PRICE_AND_PIT_FINANCIAL,1394,1852
NOGN,NOGN,,,17,2022-09-30,2024-01-31,17,0,0,0,17,0,0,,,ACQUIRE_PRICE_AND_PIT_FINANCIAL,1395,1853
NYXH,NYXH,,,17,2021-07-30,2022-12-30,0,17,0,0,17,0,0,2023-01-03,2026-07-17,BACKFILL_PRICE_HEAD_PLUS_PIT_FINANCIAL,1396,666
OCDX,OCDX,,,17,2021-01-29,2022-05-31,17,0,0,0,17,0,0,,,ACQUIRE_PRICE_AND_PIT_FINANCIAL,1397,1854
PCOM,PCOM,,,17,2021-01-29,2022-05-31,17,0,0,0,17,0,0,,,ACQUIRE_PRICE_AND_PIT_FINANCIAL,1398,1855
PEAR,PEAR,,,17,2021-12-31,2023-04-28,17,0,0,0,17,0,0,,,ACQUIRE_PRICE_AND_PIT_FINANCIAL,1399,1856
PMCB,PMCB,,,17,2021-08-31,2022-12-30,0,17,0,0,17,0,0,2023-01-03,2026-07-17,BACKFILL_PRICE_HEAD_PLUS_PIT_FINANCIAL,1400,667
PMTS,PMTS,,,17,2021-08-31,2022-12-30,0,17,0,0,17,0,0,2023-01-03,2026-07-17,BACKFILL_PRICE_HEAD_PLUS_PIT_FINANCIAL,1401,668
REDU,REDU,,,17,2021-01-29,2022-05-31,17,0,0,0,17,0,0,,,ACQUIRE_PRICE_AND_PIT_FINANCIAL,1402,1857
REGI,REGI,,,17,2021-01-29,2022-05-31,17,0,0,0,17,0,0,,,ACQUIRE_PRICE_AND_PIT_FINANCIAL,1403,1858
RNXT,RNXT,,,17,2021-08-31,2022-12-30,0,17,0,0,17,0,0,2023-01-03,2026-07-17,BACKFILL_PRICE_HEAD_PLUS_PIT_FINANCIAL,1404,669
SDH,SDH,,,17,2021-02-26,2022-07-29,17,0,0,0,17,0,0,,,ACQUIRE_PRICE_AND_PIT_FINANCIAL,1405,1859
SGLB,SGLB,,,17,2021-01-29,2022-05-31,17,0,0,0,17,0,0,,,ACQUIRE_PRICE_AND_PIT_FINANCIAL,1406,1860
SNTG,SNTG,,,17,2021-07-30,2022-12-30,0,17,0,0,17,0,0,2023-01-03,2026-07-17,BACKFILL_PRICE_HEAD_PLUS_PIT_FINANCIAL,1407,670
SOTK,SOTK,,,17,2021-08-31,2022-12-30,0,17,0,0,17,0,0,2023-01-03,2026-07-17,BACKFILL_PRICE_HEAD_PLUS_PIT_FINANCIAL,1408,671
SRRA,SRRA,,,17,2021-01-29,2022-05-31,17,0,0,0,17,0,0,,,ACQUIRE_PRICE_AND_PIT_FINANCIAL,1409,1861
SRZN,SRZN,,,17,2021-08-31,2022-12-30,0,17,0,0,17,0,0,2023-01-03,2026-07-17,BACKFILL_PRICE_HEAD_PLUS_PIT_FINANCIAL,1410,672
SUMR,SUMR,,,17,2021-01-29,2022-05-31,17,0,0,0,17,0,0,,,ACQUIRE_PRICE_AND_PIT_FINANCIAL,1411,1862
TSC,TSC,,,17,2021-01-29,2022-05-31,17,0,0,0,17,0,0,,,ACQUIRE_PRICE_AND_PIT_FINANCIAL,1412,1863
TSCAP,TSCAP,,,17,2021-01-29,2022-05-31,17,0,0,0,17,0,0,,,ACQUIRE_PRICE_AND_PIT_FINANCIAL,1413,1864
UEPS,UEPS,,,17,2021-01-29,2022-05-31,17,0,0,0,17,0,0,,,ACQUIRE_PRICE_AND_PIT_FINANCIAL,1414,1865
WVFC,WVFC,,,17,2021-01-29,2022-05-31,17,0,0,0,17,0,0,,,ACQUIRE_PRICE_AND_PIT_FINANCIAL,1415,1866
XENT,XENT,,,17,2021-01-29,2022-05-31,17,0,0,0,17,0,0,,,ACQUIRE_PRICE_AND_PIT_FINANCIAL,1416,1867
XOS,XOS,,,17,2021-08-31,2022-12-30,0,17,0,0,17,0,0,2023-01-03,2026-07-17,BACKFILL_PRICE_HEAD_PLUS_PIT_FINANCIAL,1417,673
XXII,XXII,,,17,2021-08-31,2022-12-30,0,17,0,0,17,0,0,2023-01-03,2026-07-17,BACKFILL_PRICE_HEAD_PLUS_PIT_FINANCIAL,1418,674
ZNGA,ZNGA,,,17,2021-01-29,2022-05-31,17,0,0,0,17,0,0,,,ACQUIRE_PRICE_AND_PIT_FINANCIAL,1419,1868
ZSAN,ZSAN,,,17,2021-01-29,2022-05-31,17,0,0,0,17,0,0,,,ACQUIRE_PRICE_AND_PIT_FINANCIAL,1420,1869
BRAG,BRAG,,,16,2021-08-31,2022-12-30,0,16,0,0,16,0,0,2023-01-03,2026-07-17,BACKFILL_PRICE_HEAD_PLUS_PIT_FINANCIAL,1421,675
BRLT,BRLT,,,16,2021-09-30,2022-12-30,0,16,0,0,16,0,0,2023-01-03,2026-07-17,BACKFILL_PRICE_HEAD_PLUS_PIT_FINANCIAL,1422,676
BTCS,BTCS,,,16,2021-09-30,2022-12-30,0,16,0,0,16,0,0,2023-01-03,2026-07-17,BACKFILL_PRICE_HEAD_PLUS_PIT_FINANCIAL,1423,677
CHPM,CHPM,,,16,2021-01-29,2022-04-29,16,0,0,0,16,0,0,,,ACQUIRE_PRICE_AND_PIT_FINANCIAL,1424,1870
CRDL,CRDL,,,16,2021-08-31,2022-12-30,0,16,0,0,16,0,0,2023-01-03,2026-07-17,BACKFILL_PRICE_HEAD_PLUS_PIT_FINANCIAL,1425,678
DBGI,DBGI,,,16,2023-08-31,2024-11-29,0,0,0,16,16,0,0,2021-05-14,2026-07-17,FILL_INTERNAL_PRICE_GAPS_PLUS_PIT_FINANCIAL,1426,679
DXLG,DXLG,,,16,2021-09-30,2022-12-30,0,16,0,0,16,0,0,2023-01-03,2026-07-17,BACKFILL_PRICE_HEAD_PLUS_PIT_FINANCIAL,1427,680
ECOL,ECOL,,,16,2021-01-29,2022-04-29,16,0,0,0,16,0,0,,,ACQUIRE_PRICE_AND_PIT_FINANCIAL,1428,1871
EVOL,EVOL,,,16,2021-01-29,2022-04-29,16,0,0,0,16,0,0,,,ACQUIRE_PRICE_AND_PIT_FINANCIAL,1429,1872
FCUV,FCUV,,,16,2021-09-30,2022-12-30,0,16,0,0,16,0,0,2023-01-03,2026-07-17,BACKFILL_PRICE_HEAD_PLUS_PIT_FINANCIAL,1430,681
GENQ,GENQ,,,16,2022-04-29,2023-07-31,16,0,0,0,16,0,0,,,ACQUIRE_PRICE_AND_PIT_FINANCIAL,1431,1873
GET,GET,,,16,2021-10-29,2023-02-28,16,0,0,0,16,0,0,,,ACQUIRE_PRICE_AND_PIT_FINANCIAL,1432,1874
GNOG,GNOG,,,16,2021-01-29,2022-04-29,16,0,0,0,16,0,0,,,ACQUIRE_PRICE_AND_PIT_FINANCIAL,1433,1875
GREE,GREE,,,16,2021-09-30,2022-12-30,0,16,0,0,16,0,0,2023-01-03,2026-07-17,BACKFILL_PRICE_HEAD_PLUS_PIT_FINANCIAL,1434,682
GWGH,GWGH,,,16,2021-01-29,2022-04-29,16,0,0,0,16,0,0,,,ACQUIRE_PRICE_AND_PIT_FINANCIAL,1435,1876
HBP,HBP,,,16,2021-01-29,2022-04-29,16,0,0,0,16,0,0,,,ACQUIRE_PRICE_AND_PIT_FINANCIAL,1436,1877
ICCM,ICCM,,,16,2021-08-31,2022-12-30,0,16,0,0,16,0,0,2023-01-03,2026-07-17,BACKFILL_PRICE_HEAD_PLUS_PIT_FINANCIAL,1437,683
JSPR,JSPR,,,16,2021-09-30,2022-12-30,0,16,0,0,16,0,0,2023-01-03,2026-07-17,BACKFILL_PRICE_HEAD_PLUS_PIT_FINANCIAL,1438,684
KTTA,KTTA,,,16,2021-09-30,2022-12-30,0,16,0,0,16,0,0,2023-01-03,2026-07-17,BACKFILL_PRICE_HEAD_PLUS_PIT_FINANCIAL,1439,685
LAWS,LAWS,,,16,2021-01-29,2022-04-29,16,0,0,0,16,0,0,,,ACQUIRE_PRICE_AND_PIT_FINANCIAL,1440,1878
LSDI,LSDI,,,16,2023-03-31,2024-06-28,16,0,0,0,16,0,0,,,ACQUIRE_PRICE_AND_PIT_FINANCIAL,1441,1879
LYLT,LYLT,,,16,2021-11-30,2023-02-28,16,0,0,0,16,0,0,,,ACQUIRE_PRICE_AND_PIT_FINANCIAL,1442,1880
MITC,MITC,,,16,2021-03-31,2022-07-29,16,0,0,0,16,0,0,,,ACQUIRE_PRICE_AND_PIT_FINANCIAL,1443,1881
OSA,OSA,,,16,2022-12-30,2024-03-28,16,0,0,0,16,0,0,,,ACQUIRE_PRICE_AND_PIT_FINANCIAL,1444,1882
PONO,PONO,,,16,2021-10-29,2023-01-31,0,16,0,0,16,0,0,2026-05-05,2026-07-17,BACKFILL_PRICE_HEAD_PLUS_PIT_FINANCIAL,1445,686
PROG,PROG,,,16,2021-01-29,2022-04-29,16,0,0,0,16,0,0,,,ACQUIRE_PRICE_AND_PIT_FINANCIAL,1446,1883
SFE,SFE,,,16,2022-11-30,2024-02-29,16,0,0,0,16,0,0,,,ACQUIRE_PRICE_AND_PIT_FINANCIAL,1447,1884
SGMS,SGMS,,,16,2021-01-29,2022-04-29,16,0,0,0,16,0,0,,,ACQUIRE_PRICE_AND_PIT_FINANCIAL,1448,1885
STAB,STAB,,,16,2021-09-30,2022-12-30,16,0,0,0,16,0,0,,,ACQUIRE_PRICE_AND_PIT_FINANCIAL,1449,1886
VORB,VORB,,,16,2021-12-31,2023-03-31,16,0,0,0,16,0,0,,,ACQUIRE_PRICE_AND_PIT_FINANCIAL,1450,1887
WKSP,WKSP,,,16,2021-08-31,2022-12-30,0,16,0,0,16,0,0,2023-01-03,2026-07-17,BACKFILL_PRICE_HEAD_PLUS_PIT_FINANCIAL,1451,687
ARBK,ARBK,,,15,2021-09-30,2022-12-30,0,15,0,0,15,0,0,2023-01-03,2026-07-17,BACKFILL_PRICE_HEAD_PLUS_PIT_FINANCIAL,1452,688
ARNA,ARNA,,,15,2021-01-29,2022-03-31,15,0,0,0,15,0,0,,,ACQUIRE_PRICE_AND_PIT_FINANCIAL,1453,1888
BBLG,BBLG,,,15,2021-10-29,2022-12-30,0,15,0,0,15,0,0,2023-01-03,2026-07-17,BACKFILL_PRICE_HEAD_PLUS_PIT_FINANCIAL,1454,689
BDSI,BDSI,,,15,2021-01-29,2022-03-31,15,0,0,0,15,0,0,,,ACQUIRE_PRICE_AND_PIT_FINANCIAL,1455,1889
BEAT,BEAT,,,15,2021-01-29,2022-12-30,0,15,0,0,15,0,0,2023-01-03,2026-07-17,BACKFILL_PRICE_HEAD_PLUS_PIT_FINANCIAL,1456,690
BFRA,BFRA,,,15,2021-01-29,2022-03-31,15,0,0,0,15,0,0,,,ACQUIRE_PRICE_AND_PIT_FINANCIAL,1457,1890
BRPM,BRPM,,,15,2021-04-30,2022-06-30,15,0,0,0,15,0,0,,,ACQUIRE_PRICE_AND_PIT_FINANCIAL,1458,1891
BTNB,BTNB,,,15,2021-01-29,2022-03-31,15,0,0,0,15,0,0,,,ACQUIRE_PRICE_AND_PIT_FINANCIAL,1459,1892
CGTX,CGTX,,,15,2021-10-29,2022-12-30,0,15,0,0,15,0,0,2023-01-03,2026-07-17,BACKFILL_PRICE_HEAD_PLUS_PIT_FINANCIAL,1460,691
CLST,CLST,,,15,2021-10-29,2022-12-30,0,15,0,0,15,0,0,2023-01-03,2026-07-17,BACKFILL_PRICE_HEAD_PLUS_PIT_FINANCIAL,1461,692
CNTX,CNTX,,,15,2021-10-29,2022-12-30,0,15,0,0,15,0,0,2023-01-03,2026-07-17,BACKFILL_PRICE_HEAD_PLUS_PIT_FINANCIAL,1462,693
CONE,CONE,,,15,2021-01-29,2022-03-31,15,0,0,0,15,0,0,,,ACQUIRE_PRICE_AND_PIT_FINANCIAL,1463,1893
CYN,CYN,,,15,2021-10-29,2022-12-30,0,15,0,0,15,0,0,2023-01-03,2026-07-17,BACKFILL_PRICE_HEAD_PLUS_PIT_FINANCIAL,1464,694
DISCA,DISCA,,,15,2021-01-29,2022-03-31,15,0,0,0,15,0,0,,,ACQUIRE_PRICE_AND_PIT_FINANCIAL,1465,1894
DISCB,DISCB,,,15,2021-01-29,2022-03-31,15,0,0,0,15,0,0,,,ACQUIRE_PRICE_AND_PIT_FINANCIAL,1466,1895
DISCK,DISCK,,,15,2021-01-29,2022-03-31,15,0,0,0,15,0,0,,,ACQUIRE_PRICE_AND_PIT_FINANCIAL,1467,1896
FLDM,FLDM,,,15,2021-01-29,2022-03-31,15,0,0,0,15,0,0,,,ACQUIRE_PRICE_AND_PIT_FINANCIAL,1468,1897
FRTA,FRTA,,,15,2021-01-29,2022-03-31,15,0,0,0,15,0,0,,,ACQUIRE_PRICE_AND_PIT_FINANCIAL,1469,1898
GDEV,GDEV,,,15,2021-08-31,2022-12-30,0,15,0,0,15,0,0,2023-01-03,2026-07-17,BACKFILL_PRICE_HEAD_PLUS_PIT_FINANCIAL,1470,695
GFAI,GFAI,,,15,2021-09-30,2022-12-30,0,15,0,0,15,0,0,2023-01-03,2026-07-17,BACKFILL_PRICE_HEAD_PLUS_PIT_FINANCIAL,1471,696
GFED,GFED,,,15,2021-01-29,2022-03-31,15,0,0,0,15,0,0,,,ACQUIRE_PRICE_AND_PIT_FINANCIAL,1472,1899
GIPR,GIPR,,,15,2021-10-29,2022-12-30,0,15,0,0,15,0,0,2023-01-03,2026-07-17,BACKFILL_PRICE_HEAD_PLUS_PIT_FINANCIAL,1473,697
GSKY,GSKY,,,15,2021-01-29,2022-03-31,15,0,0,0,15,0,0,,,ACQUIRE_PRICE_AND_PIT_FINANCIAL,1474,1900
HCTI,HCTI,,,15,2021-10-29,2022-12-30,0,15,0,0,15,0,0,2023-01-03,2026-07-17,BACKFILL_PRICE_HEAD_PLUS_PIT_FINANCIAL,1475,698
HGSH,HGSH,,,15,2021-01-29,2022-03-31,15,0,0,0,15,0,0,,,ACQUIRE_PRICE_AND_PIT_FINANCIAL,1476,1901
HMHC,HMHC,,,15,2021-01-29,2022-03-31,15,0,0,0,15,0,0,,,ACQUIRE_PRICE_AND_PIT_FINANCIAL,1477,1902
INCR,INCR,,,15,2021-09-30,2022-12-30,0,15,0,0,15,0,0,2023-01-03,2026-07-17,BACKFILL_PRICE_HEAD_PLUS_PIT_FINANCIAL,1478,699
INKT,INKT,,,15,2021-10-29,2022-12-30,0,15,0,0,15,0,0,2023-01-03,2026-07-17,BACKFILL_PRICE_HEAD_PLUS_PIT_FINANCIAL,1479,700
ISBC,ISBC,,,15,2021-01-29,2022-03-31,15,0,0,0,15,0,0,,,ACQUIRE_PRICE_AND_PIT_FINANCIAL,1480,1903
JCS,JCS,,,15,2021-01-29,2022-03-31,15,0,0,0,15,0,0,,,ACQUIRE_PRICE_AND_PIT_FINANCIAL,1481,1904
KLDO,KLDO,,,15,2021-01-29,2022-03-31,15,0,0,0,15,0,0,,,ACQUIRE_PRICE_AND_PIT_FINANCIAL,1482,1905
LBPS,LBPS,,,15,2021-03-31,2022-05-31,15,0,0,0,15,0,0,,,ACQUIRE_PRICE_AND_PIT_FINANCIAL,1483,1906
LEVL,LEVL,,,15,2021-01-29,2022-03-31,15,0,0,0,15,0,0,,,ACQUIRE_PRICE_AND_PIT_FINANCIAL,1484,1907
LGTO,LGTO,,,15,2021-12-31,2023-02-28,15,0,0,0,15,0,0,,,ACQUIRE_PRICE_AND_PIT_FINANCIAL,1485,1908
LION,LION,,,15,2021-12-31,2023-02-28,0,15,0,0,15,0,0,2024-05-15,2026-07-17,BACKFILL_PRICE_HEAD_PLUS_PIT_FINANCIAL,1486,701
LUCD,LUCD,,,15,2021-10-29,2022-12-30,0,15,0,0,15,0,0,2023-01-03,2026-07-17,BACKFILL_PRICE_HEAD_PLUS_PIT_FINANCIAL,1487,702
LVO,LVO,,,15,2021-10-29,2022-12-30,0,15,0,0,15,0,0,2023-01-03,2026-07-17,BACKFILL_PRICE_HEAD_PLUS_PIT_FINANCIAL,1488,703
NCNC,NCNC,,,15,2023-09-29,2024-11-29,15,0,0,0,15,0,0,,,ACQUIRE_PRICE_AND_PIT_FINANCIAL,1489,1909
NTRB,NTRB,,,15,2021-10-29,2022-12-30,0,15,0,0,15,0,0,2023-01-03,2026-07-17,BACKFILL_PRICE_HEAD_PLUS_PIT_FINANCIAL,1490,704
NUAN,NUAN,,,15,2021-01-29,2022-03-31,15,0,0,0,15,0,0,,,ACQUIRE_PRICE_AND_PIT_FINANCIAL,1491,1910
NVNO,NVNO,,,15,2021-10-29,2022-12-30,0,15,0,0,15,0,0,2023-01-03,2026-07-17,BACKFILL_PRICE_HEAD_PLUS_PIT_FINANCIAL,1492,705
OBAS,OBAS,,,15,2021-01-29,2022-03-31,15,0,0,0,15,0,0,,,ACQUIRE_PRICE_AND_PIT_FINANCIAL,1493,1911
ORPH,ORPH,,,15,2021-01-29,2022-03-31,15,0,0,0,15,0,0,,,ACQUIRE_PRICE_AND_PIT_FINANCIAL,1494,1912
PBCT,PBCT,,,15,2021-01-29,2022-03-31,15,0,0,0,15,0,0,,,ACQUIRE_PRICE_AND_PIT_FINANCIAL,1495,1913
PYXS,PYXS,,,15,2021-10-29,2022-12-30,0,15,0,0,15,0,0,2023-01-03,2026-07-17,BACKFILL_PRICE_HEAD_PLUS_PIT_FINANCIAL,1496,706
QTEK,QTEK,,,15,2022-03-31,2023-05-31,15,0,0,0,15,0,0,,,ACQUIRE_PRICE_AND_PIT_FINANCIAL,1497,1914
RENT,RENT,,,15,2021-10-29,2022-12-30,0,15,0,0,15,0,0,2023-01-03,2026-07-17,BACKFILL_PRICE_HEAD_PLUS_PIT_FINANCIAL,1498,707
REPH,REPH,,,15,2021-01-29,2022-03-31,15,0,0,0,15,0,0,,,ACQUIRE_PRICE_AND_PIT_FINANCIAL,1499,1915
RESN,RESN,,,15,2021-01-29,2022-03-31,15,0,0,0,15,0,0,,,ACQUIRE_PRICE_AND_PIT_FINANCIAL,1500,1916
SABS,SABS,,,15,2021-10-29,2022-12-30,0,15,0,0,15,0,0,2023-01-03,2026-07-17,BACKFILL_PRICE_HEAD_PLUS_PIT_FINANCIAL,1501,708
SBIG,SBIG,,,15,2022-06-30,2023-08-31,15,0,0,0,15,0,0,,,ACQUIRE_PRICE_AND_PIT_FINANCIAL,1502,1917
SEVN,SEVN,,,15,2021-10-29,2022-12-30,0,15,0,0,15,0,0,2023-01-03,2026-07-17,BACKFILL_PRICE_HEAD_PLUS_PIT_FINANCIAL,1503,709
STXB,STXB,,,15,2021-01-29,2022-03-31,15,0,0,0,15,0,0,,,ACQUIRE_PRICE_AND_PIT_FINANCIAL,1504,1918
SUNS,SUNS,,,15,2021-01-29,2022-03-31,0,15,0,0,15,0,0,2024-07-09,2026-07-17,BACKFILL_PRICE_HEAD_PLUS_PIT_FINANCIAL,1505,710
SVFC,SVFC,,,15,2021-03-31,2022-05-31,15,0,0,0,15,0,0,,,ACQUIRE_PRICE_AND_PIT_FINANCIAL,1506,1919
TACO,TACO,,,15,2021-01-29,2022-03-31,0,15,0,0,15,0,0,2025-06-05,2026-07-31,BACKFILL_PRICE_HEAD_PLUS_PIT_FINANCIAL,1507,711
TLMD,TLMD,,,15,2021-01-29,2022-03-31,15,0,0,0,15,0,0,,,ACQUIRE_PRICE_AND_PIT_FINANCIAL,1508,1920
VEDU,VEDU,,,15,2022-07-29,2023-09-29,15,0,0,0,15,0,0,,,ACQUIRE_PRICE_AND_PIT_FINANCIAL,1509,1921
VWTR,VWTR,,,15,2021-03-31,2022-05-31,15,0,0,0,15,0,0,,,ACQUIRE_PRICE_AND_PIT_FINANCIAL,1510,1922
XLO,XLO,,,15,2021-10-29,2022-12-30,0,15,0,0,15,0,0,2023-01-03,2026-07-17,BACKFILL_PRICE_HEAD_PLUS_PIT_FINANCIAL,1511,712
ZGNX,ZGNX,,,15,2021-01-29,2022-03-31,15,0,0,0,15,0,0,,,ACQUIRE_PRICE_AND_PIT_FINANCIAL,1512,1923
ACBI,ACBI,,,14,2021-01-29,2022-02-28,14,0,0,0,14,0,0,,,ACQUIRE_PRICE_AND_PIT_FINANCIAL,1513,1924
ACTD,ACTD,,,14,2021-05-28,2022-06-30,14,0,0,0,14,0,0,,,ACQUIRE_PRICE_AND_PIT_FINANCIAL,1514,1925
AERC,AERC,,,14,2021-11-30,2022-12-30,14,0,0,0,14,0,0,,,ACQUIRE_PRICE_AND_PIT_FINANCIAL,1515,1926
AFIN,AFIN,,,14,2021-01-29,2022-02-28,14,0,0,0,14,0,0,,,ACQUIRE_PRICE_AND_PIT_FINANCIAL,1516,1927
APR,APR,,,14,2021-02-26,2022-03-31,14,0,0,0,14,0,0,,,ACQUIRE_PRICE_AND_PIT_FINANCIAL,1517,1928
ARBE,ARBE,,,14,2021-10-29,2022-12-30,0,14,0,0,14,0,0,2023-01-03,2026-07-17,BACKFILL_PRICE_HEAD_PLUS_PIT_FINANCIAL,1518,713
ARCK,ARCK,,,14,2021-12-31,2023-01-31,14,0,0,0,14,0,0,,,ACQUIRE_PRICE_AND_PIT_FINANCIAL,1519,1929
ARGU,ARGU,,,14,2021-11-30,2022-12-30,14,0,0,0,14,0,0,,,ACQUIRE_PRICE_AND_PIT_FINANCIAL,1520,1930
ATVC,ATVC,,,14,2021-05-28,2022-06-30,14,0,0,0,14,0,0,,,ACQUIRE_PRICE_AND_PIT_FINANCIAL,1521,1931
BAFN,BAFN,,,14,2021-11-30,2022-12-30,0,14,0,0,14,0,0,2023-01-03,2026-07-17,BACKFILL_PRICE_HEAD_PLUS_PIT_FINANCIAL,1522,714
BFRI,BFRI,,,14,2021-11-30,2022-12-30,0,14,0,0,14,0,0,2023-01-03,2026-07-17,BACKFILL_PRICE_HEAD_PLUS_PIT_FINANCIAL,1523,715
BIRD,BIRD,,,14,2021-11-30,2022-12-30,0,14,0,0,14,0,0,2023-01-03,2026-07-17,BACKFILL_PRICE_HEAD_PLUS_PIT_FINANCIAL,1524,716
BJDX,BJDX,,,14,2021-11-30,2022-12-30,0,14,0,0,14,0,0,2023-01-03,2026-07-17,BACKFILL_PRICE_HEAD_PLUS_PIT_FINANCIAL,1525,717
BRCN,BRCN,,,14,2021-06-30,2022-08-31,14,0,0,0,14,0,0,,,ACQUIRE_PRICE_AND_PIT_FINANCIAL,1526,1932
BRTX,BRTX,,,14,2021-11-30,2022-12-30,0,14,0,0,14,0,0,2023-01-03,2026-07-17,BACKFILL_PRICE_HEAD_PLUS_PIT_FINANCIAL,1527,718
BTBD,BTBD,,,14,2021-11-30,2022-12-30,0,14,0,0,14,0,0,2023-01-03,2026-07-17,BACKFILL_PRICE_HEAD_PLUS_PIT_FINANCIAL,1528,719
CINC,CINC,,,14,2022-01-31,2023-02-28,14,0,0,0,14,0,0,,,ACQUIRE_PRICE_AND_PIT_FINANCIAL,1529,1933
DCGO,DCGO,,,14,2021-11-30,2022-12-30,0,14,0,0,14,0,0,2023-01-03,2026-07-17,BACKFILL_PRICE_HEAD_PLUS_PIT_FINANCIAL,1530,720
DERM,DERM,,,14,2021-11-30,2022-12-30,0,14,0,0,14,0,0,2023-01-03,2026-07-17,BACKFILL_PRICE_HEAD_PLUS_PIT_FINANCIAL,1531,721
ETAO,ETAO,,,14,2023-03-31,2024-04-30,14,0,0,0,14,0,0,,,ACQUIRE_PRICE_AND_PIT_FINANCIAL,1532,1934
EXFY,EXFY,,,14,2021-11-30,2022-12-30,0,14,0,0,14,0,0,2023-01-03,2026-07-17,BACKFILL_PRICE_HEAD_PLUS_PIT_FINANCIAL,1533,722
FINW,FINW,,,14,2021-11-30,2022-12-30,0,14,0,0,14,0,0,2023-01-03,2026-07-17,BACKFILL_PRICE_HEAD_PLUS_PIT_FINANCIAL,1534,723
FMBI,FMBI,,,14,2021-01-29,2022-02-28,14,0,0,0,14,0,0,,,ACQUIRE_PRICE_AND_PIT_FINANCIAL,1535,1935
FNWD,FNWD,,,14,2021-11-30,2022-12-30,0,14,0,0,14,0,0,2023-01-03,2026-07-17,BACKFILL_PRICE_HEAD_PLUS_PIT_FINANCIAL,1536,724
HTBX,HTBX,,,14,2021-01-29,2022-02-28,14,0,0,0,14,0,0,,,ACQUIRE_PRICE_AND_PIT_FINANCIAL,1537,1936
KPRX,KPRX,,,14,2021-11-30,2022-12-30,0,14,0,0,14,0,0,2023-01-03,2026-07-17,BACKFILL_PRICE_HEAD_PLUS_PIT_FINANCIAL,1538,725
LVLU,LVLU,,,14,2021-11-30,2022-12-30,0,14,0,0,14,0,0,2023-01-03,2026-07-17,BACKFILL_PRICE_HEAD_PLUS_PIT_FINANCIAL,1539,726
MCFE,MCFE,,,14,2021-01-29,2022-02-28,14,0,0,0,14,0,0,,,ACQUIRE_PRICE_AND_PIT_FINANCIAL,1540,1937
NXTD,NXTD,,,14,2021-01-29,2022-02-28,14,0,0,0,14,0,0,,,ACQUIRE_PRICE_AND_PIT_FINANCIAL,1541,1938
PAE,PAE,,,14,2021-01-29,2022-02-28,14,0,0,0,14,0,0,,,ACQUIRE_PRICE_AND_PIT_FINANCIAL,1542,1939
PLIN,PLIN,,,14,2021-01-29,2022-02-28,14,0,0,0,14,0,0,,,ACQUIRE_PRICE_AND_PIT_FINANCIAL,1543,1940
SLNH,SLNH,,,14,2021-11-30,2022-12-30,0,14,0,0,14,0,0,2023-01-03,2026-07-17,BACKFILL_PRICE_HEAD_PLUS_PIT_FINANCIAL,1544,727
SNT,SNT,,,14,2021-10-29,2022-12-30,0,14,0,0,14,0,0,2023-01-03,2026-07-17,BACKFILL_PRICE_HEAD_PLUS_PIT_FINANCIAL,1545,728
STFC,STFC,,,14,2021-01-29,2022-02-28,14,0,0,0,14,0,0,,,ACQUIRE_PRICE_AND_PIT_FINANCIAL,1546,1941
SURG,SURG,,,14,2021-11-30,2022-12-30,0,14,0,0,14,0,0,2023-01-03,2026-07-17,BACKFILL_PRICE_HEAD_PLUS_PIT_FINANCIAL,1547,729
VGFC,VGFC,,,14,2021-10-29,2022-12-30,14,0,0,0,14,0,0,,,ACQUIRE_PRICE_AND_PIT_FINANCIAL,1548,1942
VIAC,VIAC,,,14,2021-01-29,2022-02-28,14,0,0,0,14,0,0,,,ACQUIRE_PRICE_AND_PIT_FINANCIAL,1549,1943
VIACA,VIACA,,,14,2021-01-29,2022-02-28,14,0,0,0,14,0,0,,,ACQUIRE_PRICE_AND_PIT_FINANCIAL,1550,1944
XLNX,XLNX,,,14,2021-01-29,2022-02-28,14,0,0,0,14,0,0,,,ACQUIRE_PRICE_AND_PIT_FINANCIAL,1551,1945
XRTX,XRTX,,,14,2021-10-29,2022-12-30,0,14,0,0,14,0,0,2023-01-03,2026-07-17,BACKFILL_PRICE_HEAD_PLUS_PIT_FINANCIAL,1552,730
YS,YS,,,14,2023-03-31,2024-04-30,14,0,0,0,14,0,0,,,ACQUIRE_PRICE_AND_PIT_FINANCIAL,1553,1946
ADGI,ADGI,,,13,2021-08-31,2022-08-31,13,0,0,0,13,0,0,,,ACQUIRE_PRICE_AND_PIT_FINANCIAL,1554,1947
ALLR,ALLR,,,13,2021-12-31,2022-12-30,0,13,0,0,13,0,0,2023-01-03,2026-07-17,BACKFILL_PRICE_HEAD_PLUS_PIT_FINANCIAL,1555,731
ALR,ALR,,,13,2022-02-28,2023-02-28,13,0,0,0,13,0,0,,,ACQUIRE_PRICE_AND_PIT_FINANCIAL,1556,1948
BOMN,BOMN,,,13,2021-01-29,2022-01-31,13,0,0,0,13,0,0,,,ACQUIRE_PRICE_AND_PIT_FINANCIAL,1557,1949
BZFD,BZFD,,,13,2021-12-31,2022-12-30,0,13,0,0,13,0,0,2023-01-03,2026-07-17,BACKFILL_PRICE_HEAD_PLUS_PIT_FINANCIAL,1558,732
CELZ,CELZ,,,13,2021-12-31,2022-12-30,0,13,0,0,13,0,0,2023-01-03,2026-07-17,BACKFILL_PRICE_HEAD_PLUS_PIT_FINANCIAL,1559,733
CING,CING,,,13,2021-12-31,2022-12-30,0,13,0,0,13,0,0,2023-01-03,2026-07-17,BACKFILL_PRICE_HEAD_PLUS_PIT_FINANCIAL,1560,734
DNAA,DNAA,,,13,2021-07-30,2022-07-29,13,0,0,0,13,0,0,,,ACQUIRE_PRICE_AND_PIT_FINANCIAL,1561,1950
FNGR,FNGR,,,13,2021-12-31,2022-12-30,0,13,0,0,13,0,0,2023-01-03,2026-07-17,BACKFILL_PRICE_HEAD_PLUS_PIT_FINANCIAL,1562,735
FVE,FVE,,,13,2021-01-29,2022-01-31,13,0,0,0,13,0,0,,,ACQUIRE_PRICE_AND_PIT_FINANCIAL,1563,1951
GMBT,GMBT,,,13,2021-03-31,2022-03-31,13,0,0,0,13,0,0,,,ACQUIRE_PRICE_AND_PIT_FINANCIAL,1564,1952
GRVI,GRVI,,,13,2021-07-30,2022-07-29,13,0,0,0,13,0,0,,,ACQUIRE_PRICE_AND_PIT_FINANCIAL,1565,1953
HBMD,HBMD,,,13,2021-01-29,2022-01-31,13,0,0,0,13,0,0,,,ACQUIRE_PRICE_AND_PIT_FINANCIAL,1566,1954
HCCC,HCCC,,,13,2021-03-31,2022-03-31,13,0,0,0,13,0,0,,,ACQUIRE_PRICE_AND_PIT_FINANCIAL,1567,1955
HHS,HHS,,,13,2021-12-31,2022-12-30,0,13,0,0,13,0,0,2023-01-03,2026-07-17,BACKFILL_PRICE_HEAD_PLUS_PIT_FINANCIAL,1568,736
HYPR,HYPR,,,13,2021-12-31,2022-12-30,0,13,0,0,13,0,0,2023-01-03,2026-07-17,BACKFILL_PRICE_HEAD_PLUS_PIT_FINANCIAL,1569,737
JRJC,JRJC,,,13,2021-01-29,2022-01-31,13,0,0,0,13,0,0,,,ACQUIRE_PRICE_AND_PIT_FINANCIAL,1570,1956
KOR,KOR,,,13,2021-01-29,2022-01-31,13,0,0,0,13,0,0,,,ACQUIRE_PRICE_AND_PIT_FINANCIAL,1571,1957
MCMJ,MCMJ,,,13,2021-01-29,2022-01-31,13,0,0,0,13,0,0,,,ACQUIRE_PRICE_AND_PIT_FINANCIAL,1572,1958
MDXH,MDXH,,,13,2021-11-30,2022-12-30,0,13,0,0,13,0,0,2023-01-03,2026-07-17,BACKFILL_PRICE_HEAD_PLUS_PIT_FINANCIAL,1573,738
MRLN,MRLN,,,13,2021-01-29,2022-01-31,0,13,0,0,13,0,0,2024-12-02,2026-07-31,BACKFILL_PRICE_HEAD_PLUS_PIT_FINANCIAL,1574,739
MVLA,MVLA,,,13,2023-03-31,2024-03-28,13,0,0,0,13,0,0,,,ACQUIRE_PRICE_AND_PIT_FINANCIAL,1575,1959
NAKD,NAKD,,,13,2021-01-29,2022-01-31,13,0,0,0,13,0,0,,,ACQUIRE_PRICE_AND_PIT_FINANCIAL,1576,1960
NXGL,NXGL,,,13,2021-12-31,2022-12-30,0,13,0,0,13,0,0,2023-01-03,2026-07-17,BACKFILL_PRICE_HEAD_PLUS_PIT_FINANCIAL,1577,740
ODT,ODT,,,13,2021-01-29,2022-01-31,13,0,0,0,13,0,0,,,ACQUIRE_PRICE_AND_PIT_FINANCIAL,1578,1961
OIG,OIG,,,13,2022-08-31,2023-08-31,13,0,0,0,13,0,0,,,ACQUIRE_PRICE_AND_PIT_FINANCIAL,1579,1962
OSMT,OSMT,,,13,2021-01-29,2022-01-31,13,0,0,0,13,0,0,,,ACQUIRE_PRICE_AND_PIT_FINANCIAL,1580,1963
PCX,PCX,,,13,2021-12-31,2022-12-30,13,0,0,0,13,0,0,,,ACQUIRE_PRICE_AND_PIT_FINANCIAL,1581,1964
PIII,PIII,,,13,2021-12-31,2022-12-30,0,13,0,0,13,0,0,2023-01-03,2026-07-17,BACKFILL_PRICE_HEAD_PLUS_PIT_FINANCIAL,1582,741
PPGH,PPGH,,,13,2021-03-31,2022-03-31,13,0,0,0,13,0,0,,,ACQUIRE_PRICE_AND_PIT_FINANCIAL,1583,1965
PRSO,PRSO,,,13,2021-12-31,2022-12-30,0,13,0,0,13,0,0,2023-01-03,2026-07-17,BACKFILL_PRICE_HEAD_PLUS_PIT_FINANCIAL,1584,742
QNRX,QNRX,,,13,2021-11-30,2022-12-30,0,13,0,0,13,0,0,2023-01-03,2026-07-17,BACKFILL_PRICE_HEAD_PLUS_PIT_FINANCIAL,1585,743
SIDU,SIDU,,,13,2021-12-31,2022-12-30,0,13,0,0,13,0,0,2023-01-03,2026-07-17,BACKFILL_PRICE_HEAD_PLUS_PIT_FINANCIAL,1586,744
SLHG,SLHG,,,13,2021-06-30,2022-07-29,13,0,0,0,13,0,0,,,ACQUIRE_PRICE_AND_PIT_FINANCIAL,1587,1966
STRN,STRN,,,13,2021-11-30,2022-11-30,13,0,0,0,13,0,0,,,ACQUIRE_PRICE_AND_PIT_FINANCIAL,1588,1967
TRIT,TRIT,,,13,2021-01-29,2022-01-31,13,0,0,0,13,0,0,,,ACQUIRE_PRICE_AND_PIT_FINANCIAL,1589,1968
TROO,TROO,,,13,2021-11-30,2022-12-30,0,13,0,0,13,0,0,2023-01-03,2026-07-17,BACKFILL_PRICE_HEAD_PLUS_PIT_FINANCIAL,1590,745
ZIOP,ZIOP,,,13,2021-01-29,2022-01-31,13,0,0,0,13,0,0,,,ACQUIRE_PRICE_AND_PIT_FINANCIAL,1591,1969
AMAM,AMAM,,,12,2023-03-31,2024-02-29,12,0,0,0,12,0,0,,,ACQUIRE_PRICE_AND_PIT_FINANCIAL,1592,1970
APGN,APGN,,,12,2022-08-31,2023-07-31,12,0,0,0,12,0,0,,,ACQUIRE_PRICE_AND_PIT_FINANCIAL,1593,1971
BMTC,BMTC,,,12,2021-01-29,2021-12-31,12,0,0,0,12,0,0,,,ACQUIRE_PRICE_AND_PIT_FINANCIAL,1594,1972
BTX,BTX,,,12,2021-10-29,2022-09-30,12,0,0,0,12,0,0,,,ACQUIRE_PRICE_AND_PIT_FINANCIAL,1595,1973
CRXT,CRXT,,,12,2021-09-30,2022-08-31,12,0,0,0,12,0,0,,,ACQUIRE_PRICE_AND_PIT_FINANCIAL,1596,1974
DNAC,DNAC,,,12,2021-07-30,2022-06-30,12,0,0,0,12,0,0,,,ACQUIRE_PRICE_AND_PIT_FINANCIAL,1597,1975
DYNS,DYNS,,,12,2021-06-30,2022-05-31,12,0,0,0,12,0,0,,,ACQUIRE_PRICE_AND_PIT_FINANCIAL,1598,1976
FCCY,FCCY,,,12,2021-01-29,2021-12-31,12,0,0,0,12,0,0,,,ACQUIRE_PRICE_AND_PIT_FINANCIAL,1599,1977
FTRP,FTRP,,,12,2021-07-30,2022-07-29,12,0,0,0,12,0,0,,,ACQUIRE_PRICE_AND_PIT_FINANCIAL,1600,1978
GNTA,GNTA,,,12,2021-12-31,2022-12-30,0,12,0,0,12,0,0,2023-01-03,2026-07-17,BACKFILL_PRICE_HEAD_PLUS_PIT_FINANCIAL,1601,746
HHRS,HHRS,,,12,2023-03-31,2024-02-29,12,0,0,0,12,0,0,,,ACQUIRE_PRICE_AND_PIT_FINANCIAL,1602,1979
HORI,HORI,,,12,2022-02-28,2023-02-28,12,0,0,0,12,0,0,,,ACQUIRE_PRICE_AND_PIT_FINANCIAL,1603,1980
HOUR,HOUR,,,12,2022-01-31,2022-12-30,0,12,0,0,12,0,0,2023-01-03,2026-07-17,BACKFILL_PRICE_HEAD_PLUS_PIT_FINANCIAL,1604,747
IMPP,IMPP,,,12,2021-12-31,2022-12-30,0,12,0,0,12,0,0,2023-01-03,2026-07-17,BACKFILL_PRICE_HEAD_PLUS_PIT_FINANCIAL,1605,748
MGLN,MGLN,,,12,2021-01-29,2021-12-31,12,0,0,0,12,0,0,,,ACQUIRE_PRICE_AND_PIT_FINANCIAL,1606,1981
NFTG,NFTG,,,12,2023-03-31,2024-02-29,12,0,0,0,12,0,0,,,ACQUIRE_PRICE_AND_PIT_FINANCIAL,1607,1982
NIR,NIR,,,12,2023-03-31,2024-02-29,12,0,0,0,12,0,0,,,ACQUIRE_PRICE_AND_PIT_FINANCIAL,1608,1983
NRSN,NRSN,,,12,2021-12-31,2022-12-30,0,12,0,0,12,0,0,2023-01-03,2026-07-17,BACKFILL_PRICE_HEAD_PLUS_PIT_FINANCIAL,1609,749
NTBL,NTBL,,,12,2023-10-31,2024-09-30,12,0,0,0,12,0,0,,,ACQUIRE_PRICE_AND_PIT_FINANCIAL,1610,1984
RBNC,RBNC,,,12,2021-01-29,2021-12-31,12,0,0,0,12,0,0,,,ACQUIRE_PRICE_AND_PIT_FINANCIAL,1611,1985
REUN,REUN,,,12,2022-08-31,2023-07-31,12,0,0,0,12,0,0,,,ACQUIRE_PRICE_AND_PIT_FINANCIAL,1612,1986
REVB,REVB,,,12,2022-01-31,2022-12-30,0,12,0,0,12,0,0,2023-01-03,2026-07-17,BACKFILL_PRICE_HEAD_PLUS_PIT_FINANCIAL,1613,750
SANG,SANG,,,12,2021-12-31,2022-12-30,0,12,0,0,12,0,0,2023-01-03,2026-07-17,BACKFILL_PRICE_HEAD_PLUS_PIT_FINANCIAL,1614,751
SGLY,SGLY,,,12,2022-01-31,2022-12-30,0,12,0,0,12,0,0,2023-01-03,2026-07-17,BACKFILL_PRICE_HEAD_PLUS_PIT_FINANCIAL,1615,752
SHPW,SHPW,,,12,2023-08-31,2024-07-31,12,0,0,0,12,0,0,,,ACQUIRE_PRICE_AND_PIT_FINANCIAL,1616,1987
SINO,SINO,,,12,2021-01-29,2021-12-31,12,0,0,0,12,0,0,,,ACQUIRE_PRICE_AND_PIT_FINANCIAL,1617,1988
SPRC,SPRC,,,12,2021-12-31,2022-12-30,0,12,0,0,12,0,0,2023-01-03,2026-07-17,BACKFILL_PRICE_HEAD_PLUS_PIT_FINANCIAL,1618,753
TDTH,TDTH,,,12,2025-07-31,2026-06-30,0,0,0,12,12,0,0,2024-09-10,2026-07-31,FILL_INTERNAL_PRICE_GAPS_PLUS_PIT_FINANCIAL,1619,754
TMPO,TMPO,,,12,2022-12-30,2023-12-29,12,0,0,0,12,0,0,,,ACQUIRE_PRICE_AND_PIT_FINANCIAL,1620,1989
VLNS,VLNS,,,12,2021-12-31,2022-12-30,12,0,0,0,12,0,0,,,ACQUIRE_PRICE_AND_PIT_FINANCIAL,1621,1990
WLTW,WLTW,,,12,2021-01-29,2021-12-31,12,0,0,0,12,0,0,,,ACQUIRE_PRICE_AND_PIT_FINANCIAL,1622,1991
YGF,YGF,,,12,2023-03-31,2024-02-29,12,0,0,0,12,0,0,,,ACQUIRE_PRICE_AND_PIT_FINANCIAL,1623,1992
ADXS,ADXS,,,11,2021-01-29,2021-11-30,11,0,0,0,11,0,0,,,ACQUIRE_PRICE_AND_PIT_FINANCIAL,1624,1993
AGC,AGC,,,11,2021-01-29,2021-11-30,11,0,0,0,11,0,0,,,ACQUIRE_PRICE_AND_PIT_FINANCIAL,1625,1994
BHTG,BHTG,,,11,2021-01-29,2021-11-30,11,0,0,0,11,0,0,,,ACQUIRE_PRICE_AND_PIT_FINANCIAL,1626,1995
BRFH,BRFH,,,11,2022-02-28,2022-12-30,0,11,0,0,11,0,0,2023-01-03,2026-07-17,BACKFILL_PRICE_HEAD_PLUS_PIT_FINANCIAL,1627,755
BRKS,BRKS,,,11,2021-01-29,2021-11-30,11,0,0,0,11,0,0,,,ACQUIRE_PRICE_AND_PIT_FINANCIAL,1628,1996
CISO,CISO,,,11,2022-02-28,2022-12-30,0,11,0,0,11,0,0,2023-01-03,2026-07-17,BACKFILL_PRICE_HEAD_PLUS_PIT_FINANCIAL,1629,756
CORZ_PRE2024,CORZ,ticker_reuse,https://www.sec.gov/Archives/edgar/data/1839341/000119312524013078/d661343d8k.htm,11,2022-02-28,2022-12-30,11,0,0,0,0,11,0,,,ACQUIRE_PRICE_AND_PIT_FINANCIAL,1630,7
DGNS,DGNS,,,11,2021-01-29,2021-11-30,11,0,0,0,11,0,0,,,ACQUIRE_PRICE_AND_PIT_FINANCIAL,1631,1997
DRCT,DRCT,,,11,2022-02-28,2022-12-30,0,11,0,0,11,0,0,2023-01-03,2026-07-17,BACKFILL_PRICE_HEAD_PLUS_PIT_FINANCIAL,1632,757
DRNA,DRNA,,,11,2021-01-29,2021-11-30,11,0,0,0,11,0,0,,,ACQUIRE_PRICE_AND_PIT_FINANCIAL,1633,1998
DSPG,DSPG,,,11,2021-01-29,2021-11-30,11,0,0,0,11,0,0,,,ACQUIRE_PRICE_AND_PIT_FINANCIAL,1634,1999
DXR,DXR,,,11,2022-02-28,2022-12-30,0,11,0,0,11,0,0,2023-01-03,2026-07-17,BACKFILL_PRICE_HEAD_PLUS_PIT_FINANCIAL,1635,758
ELMS,ELMS,,,11,2021-07-30,2022-05-31,11,0,0,0,11,0,0,,,ACQUIRE_PRICE_AND_PIT_FINANCIAL,1636,2000
ESXB,ESXB,,,11,2021-01-29,2021-11-30,11,0,0,0,11,0,0,,,ACQUIRE_PRICE_AND_PIT_FINANCIAL,1637,2001
FGI,FGI,,,11,2022-02-28,2022-12-30,0,11,0,0,11,0,0,2023-01-03,2026-07-17,BACKFILL_PRICE_HEAD_PLUS_PIT_FINANCIAL,1638,759
GMII,GMII,,,11,2021-03-31,2022-01-31,11,0,0,0,11,0,0,,,ACQUIRE_PRICE_AND_PIT_FINANCIAL,1639,2002
HX,HX,,,11,2021-01-29,2021-11-30,11,0,0,0,11,0,0,,,ACQUIRE_PRICE_AND_PIT_FINANCIAL,1640,2003
ICBK,ICBK,,,11,2021-01-29,2021-11-30,11,0,0,0,11,0,0,,,ACQUIRE_PRICE_AND_PIT_FINANCIAL,1641,2004
IDAI,IDAI,,,11,2022-02-28,2022-12-30,0,11,0,0,11,0,0,2023-01-03,2026-07-17,BACKFILL_PRICE_HEAD_PLUS_PIT_FINANCIAL,1642,760
IKNX,IKNX,,,11,2021-01-29,2021-11-30,11,0,0,0,11,0,0,,,ACQUIRE_PRICE_AND_PIT_FINANCIAL,1643,2005
ITMR,ITMR,,,11,2021-01-29,2021-11-30,11,0,0,0,11,0,0,,,ACQUIRE_PRICE_AND_PIT_FINANCIAL,1644,2006
KSCP,KSCP,,,11,2022-02-28,2022-12-30,0,11,0,0,11,0,0,2023-01-03,2026-07-17,BACKFILL_PRICE_HEAD_PLUS_PIT_FINANCIAL,1645,761
LLL,LLL,,,11,2021-10-29,2022-09-30,11,0,0,0,11,0,0,,,ACQUIRE_PRICE_AND_PIT_FINANCIAL,1646,2007
MCOM,MCOM,,,11,2023-04-28,2024-02-29,11,0,0,0,11,0,0,,,ACQUIRE_PRICE_AND_PIT_FINANCIAL,1647,2008
MNDT,MNDT,,,11,2021-10-29,2022-08-31,11,0,0,0,11,0,0,,,ACQUIRE_PRICE_AND_PIT_FINANCIAL,1648,2009
MODD,MODD,,,11,2022-02-28,2022-12-30,0,11,0,0,11,0,0,2023-01-03,2026-07-17,BACKFILL_PRICE_HEAD_PLUS_PIT_FINANCIAL,1649,762
MOSY,MOSY,,,11,2021-01-29,2021-11-30,11,0,0,0,11,0,0,,,ACQUIRE_PRICE_AND_PIT_FINANCIAL,1650,2010
NSTS,NSTS,,,11,2022-02-28,2022-12-30,0,11,0,0,11,0,0,2023-01-03,2026-07-17,BACKFILL_PRICE_HEAD_PLUS_PIT_FINANCIAL,1651,763
NVA,NVA,,,11,2025-07-31,2026-05-29,0,0,0,11,11,0,0,2024-07-25,2026-07-17,FILL_INTERNAL_PRICE_GAPS_PLUS_PIT_FINANCIAL,1652,764
NXPL,NXPL,,,11,2022-02-28,2022-12-30,0,11,0,0,11,0,0,2023-01-03,2026-07-17,BACKFILL_PRICE_HEAD_PLUS_PIT_FINANCIAL,1653,765
PPD,PPD,,,11,2021-01-29,2021-11-30,11,0,0,0,11,0,0,,,ACQUIRE_PRICE_AND_PIT_FINANCIAL,1654,2011
PTHR,PTHR,,,11,2023-04-28,2024-02-29,11,0,0,0,11,0,0,,,ACQUIRE_PRICE_AND_PIT_FINANCIAL,1655,2012
QTI,QTI,,,11,2024-03-28,2025-01-31,0,0,0,11,11,0,0,2023-01-03,2026-07-17,FILL_INTERNAL_PRICE_GAPS_PLUS_PIT_FINANCIAL,1656,766
RAVN,RAVN,,,11,2021-01-29,2021-11-30,11,0,0,0,11,0,0,,,ACQUIRE_PRICE_AND_PIT_FINANCIAL,1657,2013
RIVE,RIVE,,,11,2021-01-29,2021-11-30,11,0,0,0,11,0,0,,,ACQUIRE_PRICE_AND_PIT_FINANCIAL,1658,2014
SKYX,SKYX,,,11,2022-02-28,2022-12-30,0,11,0,0,11,0,0,2023-01-03,2026-07-17,BACKFILL_PRICE_HEAD_PLUS_PIT_FINANCIAL,1659,767
SOLY,SOLY,,,11,2021-01-29,2021-11-30,11,0,0,0,11,0,0,,,ACQUIRE_PRICE_AND_PIT_FINANCIAL,1660,2015
TCRT,TCRT,,,11,2022-02-28,2022-12-30,0,11,0,0,11,0,0,2023-01-03,2026-07-17,BACKFILL_PRICE_HEAD_PLUS_PIT_FINANCIAL,1661,768
ZIXI,ZIXI,,,11,2021-01-29,2021-11-30,11,0,0,0,11,0,0,,,ACQUIRE_PRICE_AND_PIT_FINANCIAL,1662,2016
ADMS,ADMS,,,10,2021-01-29,2021-10-29,10,0,0,0,10,0,0,,,ACQUIRE_PRICE_AND_PIT_FINANCIAL,1663,2017
AILE,AILE,,,10,2024-04-30,2025-01-31,10,0,0,0,10,0,0,,,ACQUIRE_PRICE_AND_PIT_FINANCIAL,1664,2018
AMTBB,AMTBB,,,10,2021-01-29,2021-10-29,10,0,0,0,10,0,0,,,ACQUIRE_PRICE_AND_PIT_FINANCIAL,1665,2019
ANGH,ANGH,,,10,2022-02-28,2022-12-30,0,10,0,0,10,0,0,2023-01-03,2026-07-17,BACKFILL_PRICE_HEAD_PLUS_PIT_FINANCIAL,1666,769
AONC,AONC,,,10,2023-09-29,2024-06-28,10,0,0,0,10,0,0,,,ACQUIRE_PRICE_AND_PIT_FINANCIAL,1667,2020
APOP,APOP,,,10,2021-01-29,2021-10-29,10,0,0,0,10,0,0,,,ACQUIRE_PRICE_AND_PIT_FINANCIAL,1668,2021
AVTA,AVTA,,,10,2023-02-28,2023-12-29,10,0,0,0,10,0,0,,,ACQUIRE_PRICE_AND_PIT_FINANCIAL,1669,2022
BTOG,BTOG,,,10,2022-03-31,2022-12-30,0,10,0,0,10,0,0,2023-01-03,2026-07-17,BACKFILL_PRICE_HEAD_PLUS_PIT_FINANCIAL,1670,770
CBMB,CBMB,,,10,2021-01-29,2021-10-29,10,0,0,0,10,0,0,,,ACQUIRE_PRICE_AND_PIT_FINANCIAL,1671,2023
CENN,CENN,,,10,2022-02-28,2022-12-30,0,10,0,0,10,0,0,2023-01-03,2026-07-17,BACKFILL_PRICE_HEAD_PLUS_PIT_FINANCIAL,1672,771
CLDB,CLDB,,,10,2021-01-29,2021-10-29,10,0,0,0,10,0,0,,,ACQUIRE_PRICE_AND_PIT_FINANCIAL,1673,2024
CNBKA,CNBKA,,,10,2021-01-29,2021-10-29,10,0,0,0,10,0,0,,,ACQUIRE_PRICE_AND_PIT_FINANCIAL,1674,2025
COSM,COSM,,,10,2022-03-31,2022-12-30,0,10,0,0,10,0,0,2023-01-03,2026-07-17,BACKFILL_PRICE_HEAD_PLUS_PIT_FINANCIAL,1675,772
CXDC,CXDC,,,10,2021-01-29,2021-10-29,10,0,0,0,10,0,0,,,ACQUIRE_PRICE_AND_PIT_FINANCIAL,1676,2026
DFPH,DFPH,,,10,2021-01-29,2021-10-29,10,0,0,0,10,0,0,,,ACQUIRE_PRICE_AND_PIT_FINANCIAL,1677,2027
EBSB,EBSB,,,10,2021-01-29,2021-10-29,10,0,0,0,10,0,0,,,ACQUIRE_PRICE_AND_PIT_FINANCIAL,1678,2028
ENNV,ENNV,,,10,2021-04-30,2022-01-31,10,0,0,0,10,0,0,,,ACQUIRE_PRICE_AND_PIT_FINANCIAL,1679,2029
EYEG,EYEG,,,10,2021-01-29,2021-10-29,0,10,0,0,10,0,0,2023-12-18,2024-12-27,BACKFILL_PRICE_HEAD_PLUS_PIT_FINANCIAL,1680,773
FLXN,FLXN,,,10,2021-01-29,2021-10-29,10,0,0,0,10,0,0,,,ACQUIRE_PRICE_AND_PIT_FINANCIAL,1681,2030
FSII,FSII,,,10,2021-02-26,2021-11-30,10,0,0,0,10,0,0,,,ACQUIRE_PRICE_AND_PIT_FINANCIAL,1682,2031
FSRD,FSRD,,,10,2022-02-28,2022-11-30,10,0,0,0,10,0,0,,,ACQUIRE_PRICE_AND_PIT_FINANCIAL,1683,2032
GIA,GIA,,,10,2023-05-31,2024-02-29,10,0,0,0,10,0,0,,,ACQUIRE_PRICE_AND_PIT_FINANCIAL,1684,2033
HTCR,HTCR,,,10,2022-02-28,2022-12-30,0,10,0,0,10,0,0,2023-01-03,2026-07-17,BACKFILL_PRICE_HEAD_PLUS_PIT_FINANCIAL,1685,774
IFMK,IFMK,,,10,2021-01-29,2021-10-29,10,0,0,0,10,0,0,,,ACQUIRE_PRICE_AND_PIT_FINANCIAL,1686,2034
INOV,INOV,,,10,2021-01-29,2021-10-29,0,10,0,0,10,0,0,2023-11-02,2026-08-07,BACKFILL_PRICE_HEAD_PLUS_PIT_FINANCIAL,1687,775
KDMN,KDMN,,,10,2021-01-29,2021-10-29,10,0,0,0,10,0,0,,,ACQUIRE_PRICE_AND_PIT_FINANCIAL,1688,2035
LORL,LORL,,,10,2021-01-29,2021-10-29,10,0,0,0,10,0,0,,,ACQUIRE_PRICE_AND_PIT_FINANCIAL,1689,2036
MLHR,MLHR,,,10,2021-01-29,2021-10-29,10,0,0,0,10,0,0,,,ACQUIRE_PRICE_AND_PIT_FINANCIAL,1690,2037
MSON,MSON,,,10,2021-01-29,2021-10-29,10,0,0,0,10,0,0,,,ACQUIRE_PRICE_AND_PIT_FINANCIAL,1691,2038
MTEK,MTEK,,,10,2022-02-28,2022-12-30,0,10,0,0,10,0,0,2023-01-03,2026-07-17,BACKFILL_PRICE_HEAD_PLUS_PIT_FINANCIAL,1692,776
NETE,NETE,,,10,2021-01-29,2021-10-29,10,0,0,0,10,0,0,,,ACQUIRE_PRICE_AND_PIT_FINANCIAL,1693,2039
NVX,NVX,,,10,2022-02-28,2022-12-30,0,10,0,0,10,0,0,2023-01-03,2026-07-17,BACKFILL_PRICE_HEAD_PLUS_PIT_FINANCIAL,1694,777
QADA,QADA,,,10,2021-01-29,2021-10-29,10,0,0,0,10,0,0,,,ACQUIRE_PRICE_AND_PIT_FINANCIAL,1695,2040
QADB,QADB,,,10,2021-01-29,2021-10-29,10,0,0,0,10,0,0,,,ACQUIRE_PRICE_AND_PIT_FINANCIAL,1696,2041
RDBX,RDBX,,,10,2021-10-29,2022-07-29,10,0,0,0,10,0,0,,,ACQUIRE_PRICE_AND_PIT_FINANCIAL,1697,2042
SBEA,SBEA,,,10,2021-04-30,2022-01-31,10,0,0,0,10,0,0,,,ACQUIRE_PRICE_AND_PIT_FINANCIAL,1698,2043
SFR,SFR,,,10,2022-12-30,2023-09-29,10,0,0,0,10,0,0,,,ACQUIRE_PRICE_AND_PIT_FINANCIAL,1699,2044
SGOC,SGOC,,,10,2021-01-29,2021-10-29,10,0,0,0,10,0,0,,,ACQUIRE_PRICE_AND_PIT_FINANCIAL,1700,2045
SVBI,SVBI,,,10,2021-01-29,2021-10-29,10,0,0,0,10,0,0,,,ACQUIRE_PRICE_AND_PIT_FINANCIAL,1701,2046
TDAC,TDAC,,,10,2021-01-29,2021-10-29,0,10,0,0,10,0,0,2025-02-13,2026-07-17,BACKFILL_PRICE_HEAD_PLUS_PIT_FINANCIAL,1702,778
TELL,TELL,,,10,2021-01-29,2021-10-29,10,0,0,0,10,0,0,,,ACQUIRE_PRICE_AND_PIT_FINANCIAL,1703,2047
TIO,TIO,,,10,2023-03-31,2023-12-29,10,0,0,0,10,0,0,,,ACQUIRE_PRICE_AND_PIT_FINANCIAL,1704,2048
TKLF,TKLF,,,10,2022-02-28,2022-12-30,0,10,0,0,10,0,0,2023-01-03,2026-07-17,BACKFILL_PRICE_HEAD_PLUS_PIT_FINANCIAL,1705,779
TRIL,TRIL,,,10,2021-01-29,2021-10-29,10,0,0,0,10,0,0,,,ACQUIRE_PRICE_AND_PIT_FINANCIAL,1706,2049
TUGC,TUGC,,,10,2021-07-30,2022-04-29,10,0,0,0,10,0,0,,,ACQUIRE_PRICE_AND_PIT_FINANCIAL,1707,2050
VIVK,VIVK,,,10,2022-03-31,2022-12-30,0,10,0,0,10,0,0,2023-01-03,2026-07-17,BACKFILL_PRICE_HEAD_PLUS_PIT_FINANCIAL,1708,780
XLRN,XLRN,,,10,2021-01-29,2021-10-29,10,0,0,0,10,0,0,,,ACQUIRE_PRICE_AND_PIT_FINANCIAL,1709,2051
XOG,XOG,,,10,2021-01-29,2021-10-29,10,0,0,0,10,0,0,,,ACQUIRE_PRICE_AND_PIT_FINANCIAL,1710,2052
XONE,XONE,,,10,2021-01-29,2021-10-29,0,10,0,0,10,0,0,2022-09-16,2026-08-07,BACKFILL_PRICE_HEAD_PLUS_PIT_FINANCIAL,1711,781
ZGYH,ZGYH,,,10,2021-01-29,2021-10-29,10,0,0,0,10,0,0,,,ACQUIRE_PRICE_AND_PIT_FINANCIAL,1712,2053
ACON,ACON,,,9,2022-04-29,2022-12-30,0,9,0,0,9,0,0,2023-01-03,2026-07-17,BACKFILL_PRICE_HEAD_PLUS_PIT_FINANCIAL,1713,782
ALTA,ALTA,,,9,2021-01-29,2021-09-30,9,0,0,0,9,0,0,,,ACQUIRE_PRICE_AND_PIT_FINANCIAL,1714,2054
ANTX,ANTX,,,9,2022-04-29,2022-12-30,0,9,0,0,9,0,0,2023-01-03,2026-07-17,BACKFILL_PRICE_HEAD_PLUS_PIT_FINANCIAL,1715,783
ASRVP,ASRVP,,,9,2021-01-29,2021-09-30,9,0,0,0,9,0,0,,,ACQUIRE_PRICE_AND_PIT_FINANCIAL,1716,2055
BKYI,BKYI,,,9,2025-07-31,2026-03-31,0,0,0,9,9,0,0,2017-07-25,2026-07-17,FILL_INTERNAL_PRICE_GAPS_PLUS_PIT_FINANCIAL,1717,784
BNBX,BNBX,,,9,2025-11-28,2026-07-17,9,0,0,0,9,0,0,,,ACQUIRE_PRICE_AND_PIT_FINANCIAL,1718,2056
BNMV,BNMV,,,9,2023-03-31,2023-12-29,9,0,0,0,9,0,0,,,ACQUIRE_PRICE_AND_PIT_FINANCIAL,1719,2057
BOCH,BOCH,,,9,2021-01-29,2021-09-30,9,0,0,0,9,0,0,,,ACQUIRE_PRICE_AND_PIT_FINANCIAL,1720,2058
CREE,CREE,,,9,2021-01-29,2021-09-30,9,0,0,0,9,0,0,,,ACQUIRE_PRICE_AND_PIT_FINANCIAL,1721,2059
CSOD,CSOD,,,9,2021-01-29,2021-09-30,9,0,0,0,9,0,0,,,ACQUIRE_PRICE_AND_PIT_FINANCIAL,1722,2060
ENFA,ENFA,,,9,2021-03-31,2021-11-30,9,0,0,0,9,0,0,,,ACQUIRE_PRICE_AND_PIT_FINANCIAL,1723,2061
ENJY,ENJY,,,9,2021-10-29,2022-06-30,9,0,0,0,9,0,0,,,ACQUIRE_PRICE_AND_PIT_FINANCIAL,1724,2062
FEAM,FEAM,,,9,2022-04-29,2022-12-30,0,9,0,0,9,0,0,2023-01-03,2026-07-17,BACKFILL_PRICE_HEAD_PLUS_PIT_FINANCIAL,1725,785
FEYE,FEYE,,,9,2021-01-29,2021-09-30,9,0,0,0,9,0,0,,,ACQUIRE_PRICE_AND_PIT_FINANCIAL,1726,2063
GRUB,GRUB,,,9,2021-07-30,2022-03-31,9,0,0,0,9,0,0,,,ACQUIRE_PRICE_AND_PIT_FINANCIAL,1727,2064
HJLI,HJLI,,,9,2021-01-29,2021-09-30,9,0,0,0,9,0,0,,,ACQUIRE_PRICE_AND_PIT_FINANCIAL,1728,2065
IEC,IEC,,,9,2021-01-29,2021-09-30,9,0,0,0,9,0,0,,,ACQUIRE_PRICE_AND_PIT_FINANCIAL,1729,2066
ITAC,ITAC,,,9,2021-01-29,2021-09-30,9,0,0,0,9,0,0,,,ACQUIRE_PRICE_AND_PIT_FINANCIAL,1730,2067
IVDA,IVDA,,,9,2022-04-29,2022-12-30,0,9,0,0,9,0,0,2023-01-03,2026-07-17,BACKFILL_PRICE_HEAD_PLUS_PIT_FINANCIAL,1731,786
IXHL,IXHL,,,9,2022-03-31,2022-12-30,0,9,0,0,9,0,0,2023-01-03,2026-07-17,BACKFILL_PRICE_HEAD_PLUS_PIT_FINANCIAL,1732,787
JCOM,JCOM,,,9,2021-01-29,2021-09-30,9,0,0,0,9,0,0,,,ACQUIRE_PRICE_AND_PIT_FINANCIAL,1733,2068
KAL,KAL,,,9,2022-07-29,2023-03-31,9,0,0,0,9,0,0,,,ACQUIRE_PRICE_AND_PIT_FINANCIAL,1734,2069
KBSF,KBSF,,,9,2021-01-29,2021-09-30,9,0,0,0,9,0,0,,,ACQUIRE_PRICE_AND_PIT_FINANCIAL,1735,2070
LIVX,LIVX,,,9,2021-01-29,2021-09-30,9,0,0,0,9,0,0,,,ACQUIRE_PRICE_AND_PIT_FINANCIAL,1736,2071
MAGS,MAGS,,,9,2021-01-29,2021-09-30,0,9,0,0,9,0,0,2023-04-12,2025-01-10,BACKFILL_PRICE_HEAD_PLUS_PIT_FINANCIAL,1737,788
MKUL,MKUL,,,9,2023-01-31,2023-09-29,9,0,0,0,9,0,0,,,ACQUIRE_PRICE_AND_PIT_FINANCIAL,1738,2072
OPT,OPT,,,9,2025-03-31,2025-11-28,0,0,9,0,9,0,0,2020-10-19,2025-03-17,RESTORE_PRICE_TAIL_PLUS_PIT_FINANCIAL,1739,789
PMBC,PMBC,,,9,2021-01-29,2021-09-30,9,0,0,0,9,0,0,,,ACQUIRE_PRICE_AND_PIT_FINANCIAL,1740,2073
PVAC,PVAC,,,9,2021-01-29,2021-09-30,9,0,0,0,9,0,0,,,ACQUIRE_PRICE_AND_PIT_FINANCIAL,1741,2074
RMRM,RMRM,,,9,2021-01-29,2021-09-30,9,0,0,0,9,0,0,,,ACQUIRE_PRICE_AND_PIT_FINANCIAL,1742,2075
SBBP,SBBP,,,9,2021-01-29,2021-09-30,9,0,0,0,9,0,0,,,ACQUIRE_PRICE_AND_PIT_FINANCIAL,1743,2076
SBFM,SBFM,,,9,2022-03-31,2022-12-30,0,9,0,0,9,0,0,2023-01-03,2026-07-17,BACKFILL_PRICE_HEAD_PLUS_PIT_FINANCIAL,1744,790
SIC,SIC,,,9,2021-01-29,2021-09-30,9,0,0,0,9,0,0,,,ACQUIRE_PRICE_AND_PIT_FINANCIAL,1745,2077
SLCT,SLCT,,,9,2021-01-29,2021-09-30,9,0,0,0,9,0,0,,,ACQUIRE_PRICE_AND_PIT_FINANCIAL,1746,2078
STMP,STMP,,,9,2021-01-29,2021-09-30,9,0,0,0,9,0,0,,,ACQUIRE_PRICE_AND_PIT_FINANCIAL,1747,2079
TBHC,TBHC,,,9,2025-08-29,2026-04-30,9,0,0,0,9,0,0,,,ACQUIRE_PRICE_AND_PIT_FINANCIAL,1748,2080
TLGT,TLGT,,,9,2021-01-29,2021-09-30,9,0,0,0,9,0,0,,,ACQUIRE_PRICE_AND_PIT_FINANCIAL,1749,2081
TRMT,TRMT,,,9,2021-01-29,2021-09-30,9,0,0,0,9,0,0,,,ACQUIRE_PRICE_AND_PIT_FINANCIAL,1750,2082
TYDE,TYDE,,,9,2022-07-29,2023-03-31,9,0,0,0,9,0,0,,,ACQUIRE_PRICE_AND_PIT_FINANCIAL,1751,2083
TYHT,TYHT,,,9,2021-01-29,2021-09-30,9,0,0,0,9,0,0,,,ACQUIRE_PRICE_AND_PIT_FINANCIAL,1752,2084
VIH,VIH,,,9,2021-01-29,2021-09-30,9,0,0,0,9,0,0,,,ACQUIRE_PRICE_AND_PIT_FINANCIAL,1753,2085
XPON,XPON,,,9,2022-04-29,2022-12-30,0,9,0,0,9,0,0,2023-01-03,2026-07-17,BACKFILL_PRICE_HEAD_PLUS_PIT_FINANCIAL,1754,791
AKAN,AKAN,,,8,2022-04-29,2022-12-30,0,8,0,0,8,0,0,2023-01-03,2026-07-17,BACKFILL_PRICE_HEAD_PLUS_PIT_FINANCIAL,1755,792
ALTS,ALTS,,,8,2024-08-30,2025-03-31,0,8,0,0,8,0,0,2025-04-14,2026-07-17,BACKFILL_PRICE_HEAD_PLUS_PIT_FINANCIAL,1756,793
AZRX,AZRX,,,8,2021-01-29,2021-08-31,8,0,0,0,8,0,0,,,ACQUIRE_PRICE_AND_PIT_FINANCIAL,1757,2086
CATB,CATB,,,8,2021-01-29,2021-08-31,8,0,0,0,8,0,0,,,ACQUIRE_PRICE_AND_PIT_FINANCIAL,1758,2087
CBLI,CBLI,,,8,2021-01-29,2021-08-31,8,0,0,0,8,0,0,,,ACQUIRE_PRICE_AND_PIT_FINANCIAL,1759,2088
CORE,CORE,,,8,2021-01-29,2021-08-31,8,0,0,0,8,0,0,,,ACQUIRE_PRICE_AND_PIT_FINANCIAL,1760,2089
EDBL,EDBL,,,8,2022-05-31,2022-12-30,0,8,0,0,8,0,0,2023-01-03,2026-07-17,BACKFILL_PRICE_HEAD_PLUS_PIT_FINANCIAL,1761,794
ETHM,ETHM,,,8,2025-09-30,2026-04-30,8,0,0,0,8,0,0,,,ACQUIRE_PRICE_AND_PIT_FINANCIAL,1762,2090
EXFO,EXFO,,,8,2021-01-29,2021-08-31,8,0,0,0,8,0,0,,,ACQUIRE_PRICE_AND_PIT_FINANCIAL,1763,2091
FOUN,FOUN,,,8,2021-12-31,2022-07-29,8,0,0,0,8,0,0,,,ACQUIRE_PRICE_AND_PIT_FINANCIAL,1764,2092
GAQ,GAQ,,,8,2024-04-30,2024-11-29,8,0,0,0,8,0,0,,,ACQUIRE_PRICE_AND_PIT_FINANCIAL,1765,2093
GCTK,GCTK,,,8,2022-04-29,2022-12-30,0,8,0,0,8,0,0,2023-01-03,2026-07-17,BACKFILL_PRICE_HEAD_PLUS_PIT_FINANCIAL,1766,795
GGR,GGR,,,8,2022-04-29,2022-12-30,0,8,0,0,8,0,0,2023-01-03,2026-07-17,BACKFILL_PRICE_HEAD_PLUS_PIT_FINANCIAL,1767,796
HNVR,HNVR,,,8,2022-05-31,2022-12-30,0,8,0,0,8,0,0,2023-01-03,2026-07-17,BACKFILL_PRICE_HEAD_PLUS_PIT_FINANCIAL,1768,797
JCSE,JCSE,,,8,2022-04-29,2022-12-30,0,8,0,0,8,0,0,2023-01-03,2026-07-17,BACKFILL_PRICE_HEAD_PLUS_PIT_FINANCIAL,1769,798
KIN,KIN,,,8,2021-01-29,2021-08-31,8,0,0,0,8,0,0,,,ACQUIRE_PRICE_AND_PIT_FINANCIAL,1770,2094
LCFY,LCFY,,,8,2022-04-29,2022-12-30,0,8,0,0,8,0,0,2023-01-03,2026-07-17,BACKFILL_PRICE_HEAD_PLUS_PIT_FINANCIAL,1771,799
MFNC,MFNC,,,8,2021-01-29,2021-08-31,8,0,0,0,8,0,0,,,ACQUIRE_PRICE_AND_PIT_FINANCIAL,1772,2095
MKTY,MKTY,,,8,2021-03-31,2021-10-29,8,0,0,0,8,0,0,,,ACQUIRE_PRICE_AND_PIT_FINANCIAL,1773,2096
ORBC,ORBC,,,8,2021-01-29,2021-08-31,8,0,0,0,8,0,0,,,ACQUIRE_PRICE_AND_PIT_FINANCIAL,1774,2097
OSAT,OSAT,,,8,2021-06-30,2022-01-31,8,0,0,0,8,0,0,,,ACQUIRE_PRICE_AND_PIT_FINANCIAL,1775,2098
OSN,OSN,,,8,2021-01-29,2021-08-31,8,0,0,0,8,0,0,,,ACQUIRE_PRICE_AND_PIT_FINANCIAL,1776,2099
PEPG,PEPG,,,8,2022-05-31,2022-12-30,0,8,0,0,8,0,0,2023-01-03,2026-07-17,BACKFILL_PRICE_HEAD_PLUS_PIT_FINANCIAL,1777,800
PFBI,PFBI,,,8,2021-01-29,2021-08-31,8,0,0,0,8,0,0,,,ACQUIRE_PRICE_AND_PIT_FINANCIAL,1778,2100
PFPT,PFPT,,,8,2021-01-29,2021-08-31,8,0,0,0,8,0,0,,,ACQUIRE_PRICE_AND_PIT_FINANCIAL,1779,2101
PHXM,PHXM,,,8,2023-07-31,2024-02-29,8,0,0,0,8,0,0,,,ACQUIRE_PRICE_AND_PIT_FINANCIAL,1780,2102
RVSN,RVSN,,,8,2022-04-29,2022-12-30,0,8,0,0,8,0,0,2023-01-03,2026-07-17,BACKFILL_PRICE_HEAD_PLUS_PIT_FINANCIAL,1781,801
SBLX,SBLX,,,8,2025-09-30,2026-04-30,8,0,0,0,8,0,0,,,ACQUIRE_PRICE_AND_PIT_FINANCIAL,1782,2103
SDM,SDM,,,8,2025-10-31,2026-06-30,0,0,8,0,8,0,0,2025-05-02,2025-09-26,RESTORE_PRICE_TAIL_PLUS_PIT_FINANCIAL,1783,802
SHSP,SHSP,,,8,2021-01-29,2021-08-31,8,0,0,0,8,0,0,,,ACQUIRE_PRICE_AND_PIT_FINANCIAL,1784,2104
SPRT,SPRT,,,8,2021-01-29,2021-08-31,8,0,0,0,8,0,0,,,ACQUIRE_PRICE_AND_PIT_FINANCIAL,1785,2105
SQBG,SQBG,,,8,2021-01-29,2021-08-31,8,0,0,0,8,0,0,,,ACQUIRE_PRICE_AND_PIT_FINANCIAL,1786,2106
SWVL,SWVL,,,8,2022-04-29,2022-12-30,0,8,0,0,8,0,0,2023-01-03,2026-07-17,BACKFILL_PRICE_HEAD_PLUS_PIT_FINANCIAL,1787,803
SYKE,SYKE,,,8,2021-01-29,2021-08-31,8,0,0,0,8,0,0,,,ACQUIRE_PRICE_AND_PIT_FINANCIAL,1788,2107
TLC,TLC,,,8,2021-01-29,2021-08-31,8,0,0,0,8,0,0,,,ACQUIRE_PRICE_AND_PIT_FINANCIAL,1789,2108
TNON,TNON,,,8,2022-05-31,2022-12-30,0,8,0,0,8,0,0,2023-01-03,2026-07-17,BACKFILL_PRICE_HEAD_PLUS_PIT_FINANCIAL,1790,804
TWCT,TWCT,,,8,2021-01-29,2021-08-31,8,0,0,0,8,0,0,,,ACQUIRE_PRICE_AND_PIT_FINANCIAL,1791,2109
ZTEK,ZTEK,,,8,2022-04-29,2022-12-30,0,8,0,0,8,0,0,2023-01-03,2026-07-17,BACKFILL_PRICE_HEAD_PLUS_PIT_FINANCIAL,1792,805
ACGN,ACGN,,,7,2023-01-31,2023-07-31,7,0,0,0,7,0,0,,,ACQUIRE_PRICE_AND_PIT_FINANCIAL,1793,2110
AMRB,AMRB,,,7,2021-01-29,2021-07-30,7,0,0,0,7,0,0,,,ACQUIRE_PRICE_AND_PIT_FINANCIAL,1794,2111
AMV,AMV,,,7,2022-10-31,2023-04-28,7,0,0,0,7,0,0,,,ACQUIRE_PRICE_AND_PIT_FINANCIAL,1795,2112
ARPO,ARPO,,,7,2021-01-29,2021-07-30,7,0,0,0,7,0,0,,,ACQUIRE_PRICE_AND_PIT_FINANCIAL,1796,2113
ATON,ATON,,,7,2025-10-31,2026-04-30,7,0,0,0,7,0,0,,,ACQUIRE_PRICE_AND_PIT_FINANCIAL,1797,2114
AXAS,AXAS,,,7,2021-01-29,2021-07-30,7,0,0,0,7,0,0,,,ACQUIRE_PRICE_AND_PIT_FINANCIAL,1798,2115
CELL,CELL,,,7,2023-03-31,2023-09-29,7,0,0,0,7,0,0,,,ACQUIRE_PRICE_AND_PIT_FINANCIAL,1799,2116
CERC,CERC,,,7,2021-01-29,2021-07-30,7,0,0,0,7,0,0,,,ACQUIRE_PRICE_AND_PIT_FINANCIAL,1800,2117
CHMA,CHMA,,,7,2021-01-29,2021-07-30,7,0,0,0,7,0,0,,,ACQUIRE_PRICE_AND_PIT_FINANCIAL,1801,2118
CLRC,CLRC,,,7,2024-06-28,2025-04-30,0,0,2,5,7,0,0,2022-06-02,2025-03-18,REPAIR_MULTIPLE_PRICE_GAPS_PLUS_PIT_FINANCIAL,1802,806
EGOX,EGOX,,,7,2023-10-31,2024-04-30,7,0,0,0,7,0,0,,,ACQUIRE_PRICE_AND_PIT_FINANCIAL,1803,2119
ELBM,ELBM,,,7,2022-05-31,2022-12-30,0,7,0,0,7,0,0,2023-01-03,2026-07-17,BACKFILL_PRICE_HEAD_PLUS_PIT_FINANCIAL,1804,807
ETHZ,ETHZ,,,7,2025-09-30,2026-03-31,7,0,0,0,7,0,0,,,ACQUIRE_PRICE_AND_PIT_FINANCIAL,1805,2120
GRSV,GRSV,,,7,2021-01-29,2021-07-30,7,0,0,0,7,0,0,,,ACQUIRE_PRICE_AND_PIT_FINANCIAL,1806,2121
HSCS,HSCS,,,7,2022-06-30,2022-12-30,0,7,0,0,7,0,0,2023-01-03,2026-07-17,BACKFILL_PRICE_HEAD_PLUS_PIT_FINANCIAL,1807,808
ICON,ICON,,,7,2021-01-29,2021-07-30,0,7,0,0,7,0,0,2024-07-12,2026-07-17,BACKFILL_PRICE_HEAD_PLUS_PIT_FINANCIAL,1808,809
LEGO,LEGO,,,7,2021-03-31,2021-09-30,7,0,0,0,7,0,0,,,ACQUIRE_PRICE_AND_PIT_FINANCIAL,1809,2122
MDCA,MDCA,,,7,2021-01-29,2021-07-30,7,0,0,0,7,0,0,,,ACQUIRE_PRICE_AND_PIT_FINANCIAL,1810,2123
MEHA,MEHA,,,7,2025-12-31,2026-06-30,7,0,0,0,7,0,0,,,ACQUIRE_PRICE_AND_PIT_FINANCIAL,1811,2124
MMAC,MMAC,,,7,2021-01-29,2021-07-30,7,0,0,0,7,0,0,,,ACQUIRE_PRICE_AND_PIT_FINANCIAL,1812,2125
MXIM,MXIM,,,7,2021-01-29,2021-07-30,7,0,0,0,7,0,0,,,ACQUIRE_PRICE_AND_PIT_FINANCIAL,1813,2126
NEOV,NEOV,,,7,2022-06-30,2022-12-30,0,7,0,0,7,0,0,2023-01-03,2026-07-17,BACKFILL_PRICE_HEAD_PLUS_PIT_FINANCIAL,1814,810
NTEC,NTEC,,,7,2021-01-29,2021-07-30,7,0,0,0,7,0,0,,,ACQUIRE_PRICE_AND_PIT_FINANCIAL,1815,2127
OST,OST,,,7,2022-05-31,2022-12-30,0,7,0,0,7,0,0,2023-01-03,2026-07-17,BACKFILL_PRICE_HEAD_PLUS_PIT_FINANCIAL,1816,811
SCR,SCR,,,7,2021-03-31,2021-09-30,7,0,0,0,7,0,0,,,ACQUIRE_PRICE_AND_PIT_FINANCIAL,1817,2128
SCWO,SCWO,,,7,2022-06-30,2022-12-30,0,7,0,0,7,0,0,2023-01-03,2026-07-17,BACKFILL_PRICE_HEAD_PLUS_PIT_FINANCIAL,1818,812
SNTI,SNTI,,,7,2022-06-30,2022-12-30,0,7,0,0,7,0,0,2023-01-03,2026-07-17,BACKFILL_PRICE_HEAD_PLUS_PIT_FINANCIAL,1819,813
SOBR,SOBR,,,7,2022-06-30,2022-12-30,0,7,0,0,7,0,0,2023-01-03,2026-07-17,BACKFILL_PRICE_HEAD_PLUS_PIT_FINANCIAL,1820,814
SPKE,SPKE,,,7,2021-01-29,2021-07-30,7,0,0,0,7,0,0,,,ACQUIRE_PRICE_AND_PIT_FINANCIAL,1821,2129
USCR,USCR,,,7,2021-01-29,2021-07-30,7,0,0,0,7,0,0,,,ACQUIRE_PRICE_AND_PIT_FINANCIAL,1822,2130
ZGM,ZGM,,,7,2025-10-31,2026-04-30,7,0,0,0,7,0,0,,,ACQUIRE_PRICE_AND_PIT_FINANCIAL,1823,2131
ACTC,ACTC,,,6,2021-01-29,2021-06-30,6,0,0,0,6,0,0,,,ACQUIRE_PRICE_AND_PIT_FINANCIAL,1824,2132
AFRI,AFRI,,,6,2022-07-29,2022-12-30,0,6,0,0,6,0,0,2023-01-03,2026-07-17,BACKFILL_PRICE_HEAD_PLUS_PIT_FINANCIAL,1825,815
ALSK,ALSK,,,6,2021-01-29,2021-06-30,6,0,0,0,6,0,0,,,ACQUIRE_PRICE_AND_PIT_FINANCIAL,1826,2133
ALXN,ALXN,,,6,2021-01-29,2021-06-30,6,0,0,0,6,0,0,,,ACQUIRE_PRICE_AND_PIT_FINANCIAL,1827,2134
BETS,BETS,,,6,2023-09-29,2024-02-29,6,0,0,0,6,0,0,,,ACQUIRE_PRICE_AND_PIT_FINANCIAL,1828,2135
BNRG,BNRG,,,6,2022-07-29,2022-12-30,0,6,0,0,6,0,0,2023-01-03,2026-07-17,BACKFILL_PRICE_HEAD_PLUS_PIT_FINANCIAL,1829,816
BPFH,BPFH,,,6,2021-01-29,2021-06-30,6,0,0,0,6,0,0,,,ACQUIRE_PRICE_AND_PIT_FINANCIAL,1830,2136
BPYU,BPYU,,,6,2021-01-29,2021-06-30,6,0,0,0,6,0,0,,,ACQUIRE_PRICE_AND_PIT_FINANCIAL,1831,2137
BTMD,BTMD,,,6,2022-06-30,2022-12-30,0,6,0,0,6,0,0,2023-01-03,2026-07-17,BACKFILL_PRICE_HEAD_PLUS_PIT_FINANCIAL,1832,817
CATM,CATM,,,6,2021-01-29,2021-06-30,6,0,0,0,6,0,0,,,ACQUIRE_PRICE_AND_PIT_FINANCIAL,1833,2138
CCRC,CCRC,,,6,2021-01-29,2021-06-30,6,0,0,0,6,0,0,,,ACQUIRE_PRICE_AND_PIT_FINANCIAL,1834,2139
CMLF,CMLF,,,6,2021-01-29,2021-06-30,6,0,0,0,6,0,0,,,ACQUIRE_PRICE_AND_PIT_FINANCIAL,1835,2140
CMLT,CMLT,,,6,2021-06-30,2021-11-30,6,0,0,0,6,0,0,,,ACQUIRE_PRICE_AND_PIT_FINANCIAL,1836,2141
CNST,CNST,,,6,2021-01-29,2021-06-30,6,0,0,0,6,0,0,,,ACQUIRE_PRICE_AND_PIT_FINANCIAL,1837,2142
CODX,CODX,,,6,2025-07-31,2025-12-31,0,0,0,6,6,0,0,2017-07-12,2026-07-17,FILL_INTERNAL_PRICE_GAPS_PLUS_PIT_FINANCIAL,1838,818
CPTA,CPTA,,,6,2021-01-29,2021-06-30,6,0,0,0,6,0,0,,,ACQUIRE_PRICE_AND_PIT_FINANCIAL,1839,2143
CVII,CVII,,,6,2024-03-28,2024-08-30,6,0,0,0,6,0,0,,,ACQUIRE_PRICE_AND_PIT_FINANCIAL,1840,2144
DMK,DMK,,,6,2023-09-29,2024-02-29,6,0,0,0,6,0,0,,,ACQUIRE_PRICE_AND_PIT_FINANCIAL,1841,2145
EARS,EARS,,,6,2021-01-29,2021-06-30,6,0,0,0,6,0,0,,,ACQUIRE_PRICE_AND_PIT_FINANCIAL,1842,2146
FCBP,FCBP,,,6,2021-01-29,2021-06-30,6,0,0,0,6,0,0,,,ACQUIRE_PRICE_AND_PIT_FINANCIAL,1843,2147
FIII,FIII,,,6,2021-01-29,2021-06-30,6,0,0,0,6,0,0,,,ACQUIRE_PRICE_AND_PIT_FINANCIAL,1844,2148
FRGT,FRGT,,,6,2022-07-29,2022-12-30,0,6,0,0,6,0,0,2023-01-03,2026-07-17,BACKFILL_PRICE_HEAD_PLUS_PIT_FINANCIAL,1845,819
GSUN,GSUN,,,6,2022-07-29,2022-12-30,0,6,0,0,6,0,0,2023-01-03,2026-07-17,BACKFILL_PRICE_HEAD_PLUS_PIT_FINANCIAL,1846,820
GWAV,GWAV,,,6,2022-07-29,2022-12-30,0,6,0,0,6,0,0,2023-01-03,2026-07-17,BACKFILL_PRICE_HEAD_PLUS_PIT_FINANCIAL,1847,821
HEC,HEC,,,6,2021-01-29,2021-06-30,6,0,0,0,6,0,0,,,ACQUIRE_PRICE_AND_PIT_FINANCIAL,1848,2149
HGAS,HGAS,,,6,2024-01-31,2024-06-28,6,0,0,0,6,0,0,,,ACQUIRE_PRICE_AND_PIT_FINANCIAL,1849,2150
HOL,HOL,,,6,2021-01-29,2021-06-30,6,0,0,0,6,0,0,,,ACQUIRE_PRICE_AND_PIT_FINANCIAL,1850,2151
HWCC,HWCC,,,6,2021-01-29,2021-06-30,6,0,0,0,6,0,0,,,ACQUIRE_PRICE_AND_PIT_FINANCIAL,1851,2152
ILAG,ILAG,,,6,2022-07-29,2022-12-30,0,6,0,0,6,0,0,2023-01-03,2026-07-17,BACKFILL_PRICE_HEAD_PLUS_PIT_FINANCIAL,1852,822
IONR,IONR,,,6,2022-07-29,2022-12-30,0,6,0,0,6,0,0,2023-01-03,2026-07-17,BACKFILL_PRICE_HEAD_PLUS_PIT_FINANCIAL,1853,823
ISNS,ISNS,,,6,2021-01-29,2021-06-30,6,0,0,0,6,0,0,,,ACQUIRE_PRICE_AND_PIT_FINANCIAL,1854,2153
LCY,LCY,,,6,2021-01-29,2021-06-30,6,0,0,0,6,0,0,,,ACQUIRE_PRICE_AND_PIT_FINANCIAL,1855,2154
LMNX,LMNX,,,6,2021-01-29,2021-06-30,6,0,0,0,6,0,0,,,ACQUIRE_PRICE_AND_PIT_FINANCIAL,1856,2155
MKGI,MKGI,,,6,2021-01-29,2021-06-30,6,0,0,0,6,0,0,,,ACQUIRE_PRICE_AND_PIT_FINANCIAL,1857,2156
MLND,MLND,,,6,2021-01-29,2021-06-30,6,0,0,0,6,0,0,,,ACQUIRE_PRICE_AND_PIT_FINANCIAL,1858,2157
MTSL,MTSL,,,6,2021-01-29,2021-06-30,6,0,0,0,6,0,0,,,ACQUIRE_PRICE_AND_PIT_FINANCIAL,1859,2158
MYT,MYT,,,6,2021-01-29,2021-06-30,6,0,0,0,6,0,0,,,ACQUIRE_PRICE_AND_PIT_FINANCIAL,1860,2159
NAAS,NAAS,,,6,2022-07-29,2022-12-30,0,6,0,0,6,0,0,2023-01-03,2026-07-17,BACKFILL_PRICE_HEAD_PLUS_PIT_FINANCIAL,1861,824
NCPL,NCPL,,,6,2022-07-29,2022-12-30,0,6,0,0,6,0,0,2023-01-03,2026-07-17,BACKFILL_PRICE_HEAD_PLUS_PIT_FINANCIAL,1862,825
NCRA,NCRA,,,6,2022-07-29,2022-12-30,0,6,0,0,6,0,0,2023-01-03,2026-07-17,BACKFILL_PRICE_HEAD_PLUS_PIT_FINANCIAL,1863,826
NEWA,NEWA,,,6,2021-01-29,2021-06-30,6,0,0,0,6,0,0,,,ACQUIRE_PRICE_AND_PIT_FINANCIAL,1864,2160
OBLN,OBLN,,,6,2021-01-29,2021-06-30,6,0,0,0,6,0,0,,,ACQUIRE_PRICE_AND_PIT_FINANCIAL,1865,2161
OKYO,OKYO,,,6,2022-07-29,2022-12-30,0,6,0,0,6,0,0,2023-01-03,2026-07-17,BACKFILL_PRICE_HEAD_PLUS_PIT_FINANCIAL,1866,827
PMN,PMN,,,6,2022-07-29,2022-12-30,0,6,0,0,6,0,0,2023-01-03,2026-07-17,BACKFILL_PRICE_HEAD_PLUS_PIT_FINANCIAL,1867,828
PRAH,PRAH,,,6,2021-01-29,2021-06-30,6,0,0,0,6,0,0,,,ACQUIRE_PRICE_AND_PIT_FINANCIAL,1868,2162
RENO,RENO,,,6,2021-12-31,2022-05-31,6,0,0,0,6,0,0,,,ACQUIRE_PRICE_AND_PIT_FINANCIAL,1869,2163
RTPY,RTPY,,,6,2021-05-28,2021-10-29,6,0,0,0,6,0,0,,,ACQUIRE_PRICE_AND_PIT_FINANCIAL,1870,2164
RYZB,RYZB,,,6,2023-09-29,2024-02-29,6,0,0,0,6,0,0,,,ACQUIRE_PRICE_AND_PIT_FINANCIAL,1871,2165
STAY,STAY,,,6,2021-01-29,2021-06-30,6,0,0,0,6,0,0,,,ACQUIRE_PRICE_AND_PIT_FINANCIAL,1872,2166
SVMK,SVMK,,,6,2021-01-29,2021-06-30,6,0,0,0,6,0,0,,,ACQUIRE_PRICE_AND_PIT_FINANCIAL,1873,2167
SVRE,SVRE,,,6,2022-07-29,2022-12-30,0,6,0,0,6,0,0,2023-01-03,2026-07-17,BACKFILL_PRICE_HEAD_PLUS_PIT_FINANCIAL,1874,829
THCB,THCB,,,6,2021-01-29,2021-06-30,6,0,0,0,6,0,0,,,ACQUIRE_PRICE_AND_PIT_FINANCIAL,1875,2168
TLND,TLND,,,6,2021-01-29,2021-06-30,6,0,0,0,6,0,0,,,ACQUIRE_PRICE_AND_PIT_FINANCIAL,1876,2169
TRCH,TRCH,,,6,2021-01-29,2021-06-30,6,0,0,0,6,0,0,,,ACQUIRE_PRICE_AND_PIT_FINANCIAL,1877,2170
USEA,USEA,,,6,2022-07-29,2022-12-30,0,6,0,0,6,0,0,2023-01-03,2026-07-17,BACKFILL_PRICE_HEAD_PLUS_PIT_FINANCIAL,1878,830
VRAX,VRAX,,,6,2022-07-29,2022-12-30,0,6,0,0,6,0,0,2023-01-03,2026-07-17,BACKFILL_PRICE_HEAD_PLUS_PIT_FINANCIAL,1879,831
XWIN,XWIN,,,6,2025-12-31,2026-05-29,6,0,0,0,6,0,0,,,ACQUIRE_PRICE_AND_PIT_FINANCIAL,1880,2171
AACG,AACG,,,5,2022-07-29,2026-02-27,5,0,0,0,5,0,0,,,ACQUIRE_PRICE_AND_PIT_FINANCIAL,1881,2172
ACNT,ACNT,,,5,2022-08-31,2022-12-30,0,5,0,0,5,0,0,2023-01-03,2026-07-17,BACKFILL_PRICE_HEAD_PLUS_PIT_FINANCIAL,1882,832
AIMD,AIMD,,,5,2022-08-31,2022-12-30,0,5,0,0,5,0,0,2023-01-03,2026-07-17,BACKFILL_PRICE_HEAD_PLUS_PIT_FINANCIAL,1883,833
ASTI,ASTI,,,5,2022-08-31,2022-12-30,0,5,0,0,5,0,0,2023-01-03,2026-07-17,BACKFILL_PRICE_HEAD_PLUS_PIT_FINANCIAL,1884,834
CMII,CMII,,,5,2021-04-30,2021-08-31,0,5,0,0,5,0,0,2026-02-27,2026-07-17,BACKFILL_PRICE_HEAD_PLUS_PIT_FINANCIAL,1885,835
DFHT,DFHT,,,5,2021-01-29,2021-05-28,5,0,0,0,5,0,0,,,ACQUIRE_PRICE_AND_PIT_FINANCIAL,1886,2173
ECBK,ECBK,,,5,2022-08-31,2022-12-30,0,5,0,0,5,0,0,2023-01-03,2026-07-17,BACKFILL_PRICE_HEAD_PLUS_PIT_FINANCIAL,1887,836
EDAP,EDAP,,,5,2022-07-29,2026-02-27,5,0,0,0,5,0,0,,,ACQUIRE_PRICE_AND_PIT_FINANCIAL,1888,2174
EPOW,EPOW,,,5,2022-08-31,2022-12-30,0,5,0,0,5,0,0,2023-01-03,2026-07-17,BACKFILL_PRICE_HEAD_PLUS_PIT_FINANCIAL,1889,837
FMTO,FMTO,,,5,2025-02-28,2025-06-30,5,0,0,0,5,0,0,,,ACQUIRE_PRICE_AND_PIT_FINANCIAL,1890,2175
GFN,GFN,,,5,2021-01-29,2021-05-28,5,0,0,0,5,0,0,,,ACQUIRE_PRICE_AND_PIT_FINANCIAL,1891,2176
GHVI,GHVI,,,5,2021-02-26,2021-06-30,5,0,0,0,5,0,0,,,ACQUIRE_PRICE_AND_PIT_FINANCIAL,1892,2177
HCAP,HCAP,,,5,2021-01-29,2021-05-28,5,0,0,0,5,0,0,,,ACQUIRE_PRICE_AND_PIT_FINANCIAL,1893,2178
ILLM,ILLM,,,5,2023-04-28,2023-08-31,5,0,0,0,5,0,0,,,ACQUIRE_PRICE_AND_PIT_FINANCIAL,1894,2179
JZ,JZ,,,5,2022-08-31,2022-12-30,0,5,0,0,5,0,0,2023-01-03,2026-07-17,BACKFILL_PRICE_HEAD_PLUS_PIT_FINANCIAL,1895,838
LUCY,LUCY,,,5,2022-08-31,2022-12-30,0,5,0,0,5,0,0,2023-01-03,2026-07-17,BACKFILL_PRICE_HEAD_PLUS_PIT_FINANCIAL,1896,839
MEGL,MEGL,,,5,2022-08-31,2022-12-30,0,5,0,0,5,0,0,2023-01-03,2026-07-17,BACKFILL_PRICE_HEAD_PLUS_PIT_FINANCIAL,1897,840
MOB,MOB,,,5,2025-07-31,2025-11-28,0,0,0,5,5,0,0,2022-08-25,2026-07-17,FILL_INTERNAL_PRICE_GAPS_PLUS_PIT_FINANCIAL,1898,841
ONFO,ONFO,,,5,2022-08-31,2022-12-30,0,5,0,0,5,0,0,2023-01-03,2026-07-17,BACKFILL_PRICE_HEAD_PLUS_PIT_FINANCIAL,1899,842
PFHC,PFHC,,,5,2022-06-30,2022-10-31,5,0,0,0,5,0,0,,,ACQUIRE_PRICE_AND_PIT_FINANCIAL,1900,2180
PLUR,PLUR,,,5,2022-08-31,2022-12-30,0,5,0,0,5,0,0,2023-01-03,2026-07-17,BACKFILL_PRICE_HEAD_PLUS_PIT_FINANCIAL,1901,843
PTVCA,PTVCA,,,5,2021-01-29,2021-05-28,5,0,0,0,5,0,0,,,ACQUIRE_PRICE_AND_PIT_FINANCIAL,1902,2181
PTVCB,PTVCB,,,5,2021-01-29,2021-05-28,5,0,0,0,5,0,0,,,ACQUIRE_PRICE_AND_PIT_FINANCIAL,1903,2182
QNCX,QNCX,,,5,2022-08-31,2022-12-30,0,5,0,0,5,0,0,2023-01-03,2026-07-17,BACKFILL_PRICE_HEAD_PLUS_PIT_FINANCIAL,1904,844
REBN,REBN,,,5,2022-08-31,2022-12-30,0,5,0,0,5,0,0,2023-01-03,2026-07-17,BACKFILL_PRICE_HEAD_PLUS_PIT_FINANCIAL,1905,845
STKH,STKH,,,5,2022-08-31,2022-12-30,0,5,0,0,5,0,0,2023-01-03,2026-07-17,BACKFILL_PRICE_HEAD_PLUS_PIT_FINANCIAL,1906,846
STND,STND,,,5,2021-01-29,2021-05-28,5,0,0,0,5,0,0,,,ACQUIRE_PRICE_AND_PIT_FINANCIAL,1907,2183
TCF,TCF,,,5,2021-01-29,2021-05-28,5,0,0,0,5,0,0,,,ACQUIRE_PRICE_AND_PIT_FINANCIAL,1908,2184
TGL,TGL,,,5,2022-08-31,2022-12-30,0,5,0,0,5,0,0,2023-01-03,2026-07-17,BACKFILL_PRICE_HEAD_PLUS_PIT_FINANCIAL,1909,847
TPCO,TPCO,,,5,2021-01-29,2021-05-28,5,0,0,0,5,0,0,,,ACQUIRE_PRICE_AND_PIT_FINANCIAL,1910,2185
TSIA,TSIA,,,5,2021-01-29,2021-05-28,5,0,0,0,5,0,0,,,ACQUIRE_PRICE_AND_PIT_FINANCIAL,1911,2186
UPXI,UPXI,,,5,2022-08-31,2022-12-30,0,5,0,0,5,0,0,2023-01-03,2026-07-17,BACKFILL_PRICE_HEAD_PLUS_PIT_FINANCIAL,1912,848
WALD,WALD,,,5,2022-08-31,2022-12-30,0,5,0,0,5,0,0,2023-01-03,2026-07-17,BACKFILL_PRICE_HEAD_PLUS_PIT_FINANCIAL,1913,849
WIFI,WIFI,,,5,2021-01-29,2021-05-28,5,0,0,0,5,0,0,,,ACQUIRE_PRICE_AND_PIT_FINANCIAL,1914,2187
AEGN,AEGN,,,4,2021-01-29,2021-04-30,4,0,0,0,4,0,0,,,ACQUIRE_PRICE_AND_PIT_FINANCIAL,1915,2188
APHA,APHA,,,4,2021-01-29,2021-04-30,4,0,0,0,4,0,0,,,ACQUIRE_PRICE_AND_PIT_FINANCIAL,1916,2189
ATXG,ATXG,,,4,2022-09-30,2022-12-30,0,4,0,0,4,0,0,2023-01-03,2026-07-17,BACKFILL_PRICE_HEAD_PLUS_PIT_FINANCIAL,1917,850
BIAF,BIAF,,,4,2022-09-30,2022-12-30,0,4,0,0,4,0,0,2023-01-03,2026-07-17,BACKFILL_PRICE_HEAD_PLUS_PIT_FINANCIAL,1918,851
EXPC,EXPC,,,4,2021-01-29,2021-04-30,4,0,0,0,4,0,0,,,ACQUIRE_PRICE_AND_PIT_FINANCIAL,1919,2190
FANH,FANH,,,4,2022-07-29,2024-04-30,4,0,0,0,4,0,0,,,ACQUIRE_PRICE_AND_PIT_FINANCIAL,1920,2191
FLIR,FLIR,,,4,2021-01-29,2021-04-30,4,0,0,0,4,0,0,,,ACQUIRE_PRICE_AND_PIT_FINANCIAL,1921,2192
GWPH,GWPH,,,4,2021-01-29,2021-04-30,4,0,0,0,4,0,0,,,ACQUIRE_PRICE_AND_PIT_FINANCIAL,1922,2193
HOLO,HOLO,,,4,2022-09-30,2022-12-30,0,4,0,0,4,0,0,2023-01-03,2026-07-17,BACKFILL_PRICE_HEAD_PLUS_PIT_FINANCIAL,1923,852
IGAP,IGAP,,,4,2021-12-31,2022-03-31,4,0,0,0,4,0,0,,,ACQUIRE_PRICE_AND_PIT_FINANCIAL,1924,2194
IVVD,IVVD,,,4,2022-09-30,2022-12-30,0,4,0,0,4,0,0,2023-01-03,2026-07-17,BACKFILL_PRICE_HEAD_PLUS_PIT_FINANCIAL,1925,853
KITT,KITT,,,4,2022-09-30,2022-12-30,0,4,0,0,4,0,0,2023-01-03,2026-07-17,BACKFILL_PRICE_HEAD_PLUS_PIT_FINANCIAL,1926,854
LLIT,LLIT,,,4,2021-01-29,2021-04-30,4,0,0,0,4,0,0,,,ACQUIRE_PRICE_AND_PIT_FINANCIAL,1927,2195
LSTA,LSTA,,,4,2022-09-30,2022-12-30,0,4,0,0,4,0,0,2023-01-03,2026-07-17,BACKFILL_PRICE_HEAD_PLUS_PIT_FINANCIAL,1928,855
NUVO,NUVO,,,4,2024-05-31,2024-08-30,4,0,0,0,4,0,0,,,ACQUIRE_PRICE_AND_PIT_FINANCIAL,1929,2196
NXL,NXL,,,4,2022-09-30,2022-12-30,0,4,0,0,4,0,0,2023-01-03,2026-07-17,BACKFILL_PRICE_HEAD_PLUS_PIT_FINANCIAL,1930,856
RNET,RNET,,,4,2021-01-29,2021-04-30,4,0,0,0,4,0,0,,,ACQUIRE_PRICE_AND_PIT_FINANCIAL,1931,2197
SHOT,SHOT,,,4,2025-07-31,2025-10-31,0,0,0,4,4,0,0,2020-11-02,2026-07-17,FILL_INTERNAL_PRICE_GAPS_PLUS_PIT_FINANCIAL,1932,857
SHPH,SHPH,,,4,2022-09-30,2022-12-30,0,4,0,0,4,0,0,2023-01-03,2026-07-17,BACKFILL_PRICE_HEAD_PLUS_PIT_FINANCIAL,1933,858
TLF,TLF,,,4,2022-09-30,2022-12-30,0,4,0,0,4,0,0,2023-01-03,2026-07-17,BACKFILL_PRICE_HEAD_PLUS_PIT_FINANCIAL,1934,859
VANI,VANI,,,4,2022-09-30,2022-12-30,0,4,0,0,4,0,0,2023-01-03,2026-07-17,BACKFILL_PRICE_HEAD_PLUS_PIT_FINANCIAL,1935,860
WLDS,WLDS,,,4,2022-09-30,2022-12-30,0,4,0,0,4,0,0,2023-01-03,2026-07-17,BACKFILL_PRICE_HEAD_PLUS_PIT_FINANCIAL,1936,861
AKER,AKER,,,3,2021-01-29,2021-03-31,3,0,0,0,3,0,0,,,ACQUIRE_PRICE_AND_PIT_FINANCIAL,1937,2198
ALPS,ALPS,,,3,2022-10-31,2022-12-30,0,3,0,0,3,0,0,2023-01-03,2026-07-17,BACKFILL_PRICE_HEAD_PLUS_PIT_FINANCIAL,1938,862
BINI,BINI,,,3,2025-08-29,2025-10-31,3,0,0,0,3,0,0,,,ACQUIRE_PRICE_AND_PIT_FINANCIAL,1939,2199
CBPO,CBPO,,,3,2021-01-29,2021-03-31,3,0,0,0,3,0,0,,,ACQUIRE_PRICE_AND_PIT_FINANCIAL,1940,2200
CGRO,CGRO,,,3,2021-01-29,2021-03-31,0,3,0,0,3,0,0,2023-10-18,2026-08-06,BACKFILL_PRICE_HEAD_PLUS_PIT_FINANCIAL,1941,863
CHFS,CHFS,,,3,2021-01-29,2021-03-31,3,0,0,0,3,0,0,,,ACQUIRE_PRICE_AND_PIT_FINANCIAL,1942,2201
CHG,CHG,,,3,2022-08-31,2022-10-31,3,0,0,0,3,0,0,,,ACQUIRE_PRICE_AND_PIT_FINANCIAL,1943,2202
CPST,CPST,,,3,2021-01-29,2021-03-31,0,3,0,0,3,0,0,2024-09-05,2026-08-06,BACKFILL_PRICE_HEAD_PLUS_PIT_FINANCIAL,1944,864
DFLI,DFLI,,,3,2022-10-31,2022-12-30,0,3,0,0,3,0,0,2023-01-03,2026-07-17,BACKFILL_PRICE_HEAD_PLUS_PIT_FINANCIAL,1945,865
EGOV,EGOV,,,3,2021-01-29,2021-03-31,3,0,0,0,3,0,0,,,ACQUIRE_PRICE_AND_PIT_FINANCIAL,1946,2203
ERNA,ERNA,,,3,2022-10-31,2022-12-30,0,3,0,0,3,0,0,2023-01-03,2026-07-17,BACKFILL_PRICE_HEAD_PLUS_PIT_FINANCIAL,1947,866
FBSS,FBSS,,,3,2021-01-29,2021-03-31,3,0,0,0,3,0,0,,,ACQUIRE_PRICE_AND_PIT_FINANCIAL,1948,2204
FPRX,FPRX,,,3,2021-01-29,2021-03-31,3,0,0,0,3,0,0,,,ACQUIRE_PRICE_AND_PIT_FINANCIAL,1949,2205
GLLI,GLLI,,,3,2024-06-28,2024-12-31,0,0,1,2,3,0,0,2021-12-23,2024-12-16,REPAIR_MULTIPLE_PRICE_GAPS_PLUS_PIT_FINANCIAL,1950,867
GLUU,GLUU,,,3,2021-01-29,2021-03-31,3,0,0,0,3,0,0,,,ACQUIRE_PRICE_AND_PIT_FINANCIAL,1951,2206
GNMK,GNMK,,,3,2021-01-29,2021-03-31,3,0,0,0,3,0,0,,,ACQUIRE_PRICE_AND_PIT_FINANCIAL,1952,2207
HMSY,HMSY,,,3,2021-01-29,2021-03-31,3,0,0,0,3,0,0,,,ACQUIRE_PRICE_AND_PIT_FINANCIAL,1953,2208
IMNN,IMNN,,,3,2022-10-31,2022-12-30,0,3,0,0,3,0,0,2023-01-03,2026-07-17,BACKFILL_PRICE_HEAD_PLUS_PIT_FINANCIAL,1954,868
IPHI,IPHI,,,3,2021-01-29,2021-03-31,3,0,0,0,3,0,0,,,ACQUIRE_PRICE_AND_PIT_FINANCIAL,1955,2209
LASE,LASE,,,3,2022-10-31,2022-12-30,0,3,0,0,3,0,0,2023-01-03,2026-07-17,BACKFILL_PRICE_HEAD_PLUS_PIT_FINANCIAL,1956,869
MIK,MIK,,,3,2021-01-29,2021-03-31,3,0,0,0,3,0,0,,,ACQUIRE_PRICE_AND_PIT_FINANCIAL,1957,2210
MJID,MJID,,,3,2025-08-29,2025-10-31,3,0,0,0,3,0,0,,,ACQUIRE_PRICE_AND_PIT_FINANCIAL,1958,2211
MTSC,MTSC,,,3,2021-01-29,2021-03-31,3,0,0,0,3,0,0,,,ACQUIRE_PRICE_AND_PIT_FINANCIAL,1959,2212
MWK,MWK,,,3,2021-01-29,2021-03-31,3,0,0,0,3,0,0,,,ACQUIRE_PRICE_AND_PIT_FINANCIAL,1960,2213
OTEL,OTEL,,,3,2021-01-29,2021-03-31,3,0,0,0,3,0,0,,,ACQUIRE_PRICE_AND_PIT_FINANCIAL,1961,2214
PAND,PAND,,,3,2021-01-29,2021-03-31,3,0,0,0,3,0,0,,,ACQUIRE_PRICE_AND_PIT_FINANCIAL,1962,2215
PHLT,PHLT,,,3,2025-01-31,2025-10-31,0,2,1,0,3,0,0,2025-03-12,2025-10-01,REPAIR_MULTIPLE_PRICE_GAPS_PLUS_PIT_FINANCIAL,1963,870
PS,PS,,,3,2021-01-29,2021-03-31,3,0,0,0,3,0,0,,,ACQUIRE_PRICE_AND_PIT_FINANCIAL,1964,2216
ROI,ROI,,,3,2023-11-30,2024-02-29,3,0,0,0,3,0,0,,,ACQUIRE_PRICE_AND_PIT_FINANCIAL,1965,2217
RP,RP,,,3,2021-01-29,2021-03-31,3,0,0,0,3,0,0,,,ACQUIRE_PRICE_AND_PIT_FINANCIAL,1966,2218
RUHN,RUHN,,,3,2021-01-29,2021-03-31,3,0,0,0,3,0,0,,,ACQUIRE_PRICE_AND_PIT_FINANCIAL,1967,2219
SHFS,SHFS,,,3,2022-10-31,2022-12-30,0,3,0,0,3,0,0,2023-01-03,2026-07-17,BACKFILL_PRICE_HEAD_PLUS_PIT_FINANCIAL,1968,871
SILO,SILO,,,3,2022-10-31,2022-12-30,0,3,0,0,3,0,0,2023-01-03,2026-07-17,BACKFILL_PRICE_HEAD_PLUS_PIT_FINANCIAL,1969,872
SMTX,SMTX,,,3,2021-01-29,2021-03-31,3,0,0,0,3,0,0,,,ACQUIRE_PRICE_AND_PIT_FINANCIAL,1970,2220
SNCA,SNCA,,,3,2021-01-29,2021-03-31,3,0,0,0,3,0,0,,,ACQUIRE_PRICE_AND_PIT_FINANCIAL,1971,2221
SYNC,SYNC,,,3,2021-01-29,2021-03-31,3,0,0,0,3,0,0,,,ACQUIRE_PRICE_AND_PIT_FINANCIAL,1972,2222
THCH,THCH,,,3,2022-10-31,2022-12-30,0,3,0,0,3,0,0,2023-01-03,2026-07-17,BACKFILL_PRICE_HEAD_PLUS_PIT_FINANCIAL,1973,873
USAT,USAT,,,3,2021-01-29,2021-03-31,3,0,0,0,3,0,0,,,ACQUIRE_PRICE_AND_PIT_FINANCIAL,1974,2223
VBFC,VBFC,,,3,2023-02-28,2025-04-30,0,0,1,2,3,0,0,2005-02-25,2025-03-31,REPAIR_MULTIPLE_PRICE_GAPS_PLUS_PIT_FINANCIAL,1975,874
VOXR,VOXR,,,3,2022-10-31,2022-12-30,0,3,0,0,3,0,0,2023-01-03,2026-07-31,BACKFILL_PRICE_HEAD_PLUS_PIT_FINANCIAL,1976,875
WENA,WENA,,,3,2024-07-31,2024-09-30,3,0,0,0,3,0,0,,,ACQUIRE_PRICE_AND_PIT_FINANCIAL,1977,2224
ACIA,ACIA,,,2,2021-01-29,2021-02-26,2,0,0,0,2,0,0,,,ACQUIRE_PRICE_AND_PIT_FINANCIAL,1978,2225
ACRV,ACRV,,,2,2022-11-30,2022-12-30,0,2,0,0,2,0,0,2023-01-03,2026-07-17,BACKFILL_PRICE_HEAD_PLUS_PIT_FINANCIAL,1979,876
AINV,AINV,,,2,2022-06-30,2022-07-29,2,0,0,0,2,0,0,,,ACQUIRE_PRICE_AND_PIT_FINANCIAL,1980,2226
ALBT,ALBT,,,2,2022-11-30,2022-12-30,0,2,0,0,2,0,0,2023-01-03,2026-07-17,BACKFILL_PRICE_HEAD_PLUS_PIT_FINANCIAL,1981,877
ANCN,ANCN,,,2,2021-01-29,2021-02-26,2,0,0,0,2,0,0,,,ACQUIRE_PRICE_AND_PIT_FINANCIAL,1982,2227
APRN,APRN,,,2,2023-10-31,2023-12-29,2,0,0,0,2,0,0,,,ACQUIRE_PRICE_AND_PIT_FINANCIAL,1983,2228
ASAP,ASAP,,,2,2022-12-30,2023-01-31,2,0,0,0,2,0,0,,,ACQUIRE_PRICE_AND_PIT_FINANCIAL,1984,2229
BASI,BASI,,,2,2021-01-29,2021-02-26,2,0,0,0,2,0,0,,,ACQUIRE_PRICE_AND_PIT_FINANCIAL,1985,2230
BYU,BYU,,,2,2024-09-30,2024-11-29,0,0,1,1,2,0,0,2015-04-22,2024-11-20,REPAIR_MULTIPLE_PRICE_GAPS_PLUS_PIT_FINANCIAL,1986,878
CDIO,CDIO,,,2,2022-11-30,2022-12-30,0,2,0,0,2,0,0,2023-01-03,2026-07-17,BACKFILL_PRICE_HEAD_PLUS_PIT_FINANCIAL,1987,879
CGIX,CGIX,,,2,2021-01-29,2021-02-26,2,0,0,0,2,0,0,,,ACQUIRE_PRICE_AND_PIT_FINANCIAL,1988,2231
CIIC,CIIC,,,2,2021-01-29,2021-02-26,2,0,0,0,2,0,0,,,ACQUIRE_PRICE_AND_PIT_FINANCIAL,1989,2232
CMND,CMND,,,2,2022-11-30,2022-12-30,0,2,0,0,2,0,0,2023-01-03,2026-07-17,BACKFILL_PRICE_HEAD_PLUS_PIT_FINANCIAL,1990,880
CPAH,CPAH,,,2,2021-01-29,2021-02-26,2,0,0,0,2,0,0,,,ACQUIRE_PRICE_AND_PIT_FINANCIAL,1991,2233
EGHT,EGHT,,,2,2022-11-30,2022-12-30,0,2,0,0,2,0,0,2023-01-03,2026-07-17,BACKFILL_PRICE_HEAD_PLUS_PIT_FINANCIAL,1992,881
FUND,FUND,,,2,2022-06-30,2022-07-29,0,2,0,0,2,0,0,2023-01-03,2026-07-17,BACKFILL_PRICE_HEAD_PLUS_PIT_FINANCIAL,1993,882
GSUM,GSUM,,,2,2021-01-29,2021-02-26,2,0,0,0,2,0,0,,,ACQUIRE_PRICE_AND_PIT_FINANCIAL,1994,2234
HVBT,HVBT,,,2,2021-07-30,2021-08-31,2,0,0,0,2,0,0,,,ACQUIRE_PRICE_AND_PIT_FINANCIAL,1995,2235
ICCH,ICCH,,,2,2024-02-29,2025-03-31,0,0,1,1,2,0,0,2017-03-28,2025-03-12,REPAIR_MULTIPLE_PRICE_GAPS_PLUS_PIT_FINANCIAL,1996,883
ICU,ICU,,,2,2022-11-30,2022-12-30,0,2,0,0,2,0,0,2023-01-03,2026-07-17,BACKFILL_PRICE_HEAD_PLUS_PIT_FINANCIAL,1997,884
IDXG,IDXG,,,2,2021-01-29,2021-02-26,2,0,0,0,2,0,0,,,ACQUIRE_PRICE_AND_PIT_FINANCIAL,1998,2236
INBS,INBS,,,2,2022-11-30,2022-12-30,0,2,0,0,2,0,0,2023-01-03,2026-07-17,BACKFILL_PRICE_HEAD_PLUS_PIT_FINANCIAL,1999,885
LFCR,LFCR,,,2,2022-11-30,2022-12-30,0,2,0,0,2,0,0,2023-01-03,2026-07-17,BACKFILL_PRICE_HEAD_PLUS_PIT_FINANCIAL,2000,886
NEOS,NEOS,,,2,2021-01-29,2021-02-26,2,0,0,0,2,0,0,,,ACQUIRE_PRICE_AND_PIT_FINANCIAL,2001,2237
NHLD,NHLD,,,2,2021-01-29,2021-02-26,2,0,0,0,2,0,0,,,ACQUIRE_PRICE_AND_PIT_FINANCIAL,2002,2238
NK,NK,,,2,2021-01-29,2021-02-26,2,0,0,0,2,0,0,,,ACQUIRE_PRICE_AND_PIT_FINANCIAL,2003,2239
OCSI,OCSI,,,2,2021-01-29,2021-02-26,2,0,0,0,2,0,0,,,ACQUIRE_PRICE_AND_PIT_FINANCIAL,2004,2240
OXFD,OXFD,,,2,2021-01-29,2021-02-26,2,0,0,0,2,0,0,,,ACQUIRE_PRICE_AND_PIT_FINANCIAL,2005,2241
OXSQ,OXSQ,,,2,2022-06-30,2022-07-29,0,2,0,0,2,0,0,2023-01-03,2026-07-17,BACKFILL_PRICE_HEAD_PLUS_PIT_FINANCIAL,2006,887
PBBK,PBBK,,,2,2024-10-31,2026-01-30,0,0,1,1,2,0,0,2021-07-15,2026-01-02,REPAIR_MULTIPLE_PRICE_GAPS_PLUS_PIT_FINANCIAL,2007,888
PICO,PICO,,,2,2021-01-29,2021-02-26,2,0,0,0,2,0,0,,,ACQUIRE_PRICE_AND_PIT_FINANCIAL,2008,2242
PKBO,PKBO,,,2,2022-11-30,2022-12-30,2,0,0,0,2,0,0,,,ACQUIRE_PRICE_AND_PIT_FINANCIAL,2009,2243
POCI,POCI,,,2,2022-11-30,2022-12-30,0,2,0,0,2,0,0,2023-01-03,2026-07-17,BACKFILL_PRICE_HEAD_PLUS_PIT_FINANCIAL,2010,889
PRGX,PRGX,,,2,2021-01-29,2021-02-26,2,0,0,0,2,0,0,,,ACQUIRE_PRICE_AND_PIT_FINANCIAL,2011,2244
SCLX,SCLX,,,2,2022-11-30,2022-12-30,0,2,0,0,2,0,0,2023-01-03,2026-07-17,BACKFILL_PRICE_HEAD_PLUS_PIT_FINANCIAL,2012,890
SG,SG,,,2,2021-01-29,2021-02-26,0,2,0,0,2,0,0,2021-11-18,2026-07-17,BACKFILL_PRICE_HEAD_PLUS_PIT_FINANCIAL,2013,891
SINA,SINA,,,2,2021-01-29,2021-02-26,2,0,0,0,2,0,0,,,ACQUIRE_PRICE_AND_PIT_FINANCIAL,2014,2245
SNAL,SNAL,,,2,2022-11-30,2022-12-30,0,2,0,0,2,0,0,2023-01-03,2026-07-17,BACKFILL_PRICE_HEAD_PLUS_PIT_FINANCIAL,2015,892
SNDE,SNDE,,,2,2021-01-29,2021-02-26,2,0,0,0,2,0,0,,,ACQUIRE_PRICE_AND_PIT_FINANCIAL,2016,2246
SNSS,SNSS,,,2,2021-01-29,2021-02-26,2,0,0,0,2,0,0,,,ACQUIRE_PRICE_AND_PIT_FINANCIAL,2017,2247
SONA,SONA,,,2,2021-01-29,2021-02-26,2,0,0,0,2,0,0,,,ACQUIRE_PRICE_AND_PIT_FINANCIAL,2018,2248
THCP,THCP,,,2,2021-08-31,2024-12-31,0,1,1,0,2,0,0,2021-09-13,2024-12-10,REPAIR_MULTIPLE_PRICE_GAPS_PLUS_PIT_FINANCIAL,2019,893
UHALB,UHALB,,,2,2022-11-30,2022-12-30,2,0,0,0,2,0,0,,,ACQUIRE_PRICE_AND_PIT_FINANCIAL,2020,2249
UROV,UROV,,,2,2021-01-29,2021-02-26,2,0,0,0,2,0,0,,,ACQUIRE_PRICE_AND_PIT_FINANCIAL,2021,2250
VIE,VIE,,,2,2021-01-29,2021-02-26,2,0,0,0,2,0,0,,,ACQUIRE_PRICE_AND_PIT_FINANCIAL,2022,2251
XWEL,XWEL,,,2,2022-11-30,2022-12-30,0,2,0,0,2,0,0,2023-01-03,2026-07-17,BACKFILL_PRICE_HEAD_PLUS_PIT_FINANCIAL,2023,894
ACCD,ACCD,,,1,2025-04-30,2025-04-30,0,0,1,0,1,0,0,2020-07-02,2025-04-07,RESTORE_PRICE_TAIL_PLUS_PIT_FINANCIAL,2024,895
ACHL,ACHL,,,1,2025-03-31,2025-03-31,0,0,1,0,1,0,0,2021-03-31,2025-03-20,RESTORE_PRICE_TAIL_PLUS_PIT_FINANCIAL,2025,896
ADVM,ADVM,,,1,2025-12-31,2025-12-31,0,0,1,0,1,0,0,2014-07-31,2025-12-08,RESTORE_PRICE_TAIL_PLUS_PIT_FINANCIAL,2026,897
AFMD,AFMD,,,1,2025-05-30,2025-05-30,0,0,1,0,1,0,0,2014-09-12,2025-05-19,RESTORE_PRICE_TAIL_PLUS_PIT_FINANCIAL,2027,898
AKRO,AKRO,,,1,2025-12-31,2025-12-31,0,0,1,0,0,1,0,2019-06-20,2025-12-01,RESTORE_PRICE_TAIL_PLUS_PIT_FINANCIAL,2028,1
AKYA,AKYA,,,1,2025-07-31,2025-07-31,0,0,1,0,1,0,0,2021-04-16,2025-07-07,RESTORE_PRICE_TAIL_PLUS_PIT_FINANCIAL,2029,899
ALIM,ALIM,,,1,2024-09-30,2024-09-30,0,0,1,0,1,0,0,2010-04-21,2024-09-13,RESTORE_PRICE_TAIL_PLUS_PIT_FINANCIAL,2030,900
ALLK,ALLK,,,1,2025-05-30,2025-05-30,0,0,1,0,1,0,0,2018-07-19,2025-05-14,RESTORE_PRICE_TAIL_PLUS_PIT_FINANCIAL,2031,901
APTO,APTO,,,1,2025-04-30,2025-04-30,0,0,1,0,1,0,0,2008-11-03,2025-04-01,RESTORE_PRICE_TAIL_PLUS_PIT_FINANCIAL,2032,902
ASRT,ASRT,,,1,2026-06-30,2026-06-30,0,0,1,0,1,0,0,2005-02-25,2026-06-15,RESTORE_PRICE_TAIL_PLUS_PIT_FINANCIAL,2033,903
ATLN,ATLN,,,1,2026-07-17,2026-07-17,0,0,1,0,1,0,0,2024-12-11,2026-07-01,RESTORE_PRICE_TAIL_PLUS_PIT_FINANCIAL,2034,904
ATRI,ATRI,,,1,2024-08-30,2024-08-30,0,0,1,0,1,0,0,2005-02-25,2024-08-20,RESTORE_PRICE_TAIL_PLUS_PIT_FINANCIAL,2035,905
ATSG,ATSG,,,1,2025-04-30,2025-04-30,0,0,1,0,0,0,1,2005-02-25,2025-04-10,RESTORE_PRICE_TAIL_PLUS_PIT_FINANCIAL,2036,2
ATXS,ATXS,,,1,2026-01-30,2026-01-30,0,0,1,0,1,0,0,2015-06-25,2026-01-22,RESTORE_PRICE_TAIL_PLUS_PIT_FINANCIAL,2037,906
AVGR,AVGR,,,1,2025-02-28,2025-02-28,0,0,1,0,1,0,0,2015-01-30,2025-02-14,RESTORE_PRICE_TAIL_PLUS_PIT_FINANCIAL,2038,907
AXDX,AXDX,,,1,2025-05-30,2025-05-30,0,0,1,0,1,0,0,2005-02-25,2025-05-14,RESTORE_PRICE_TAIL_PLUS_PIT_FINANCIAL,2039,908
AXNX,AXNX,,,1,2024-11-29,2024-11-29,0,0,1,0,1,0,0,2018-10-31,2024-11-14,RESTORE_PRICE_TAIL_PLUS_PIT_FINANCIAL,2040,909
AY,AY,,,1,2024-12-31,2024-12-31,0,0,1,0,1,0,0,2014-06-13,2024-12-11,RESTORE_PRICE_TAIL_PLUS_PIT_FINANCIAL,2041,910
BCOV,BCOV,,,1,2025-02-28,2025-02-28,0,0,1,0,1,0,0,2012-02-17,2025-02-03,RESTORE_PRICE_TAIL_PLUS_PIT_FINANCIAL,2042,911
BDGE,BDGE,,,1,2021-01-29,2021-01-29,1,0,0,0,1,0,0,,,ACQUIRE_PRICE_AND_PIT_FINANCIAL,2043,2252
BFIN,BFIN,,,1,2026-01-30,2026-01-30,0,0,1,0,1,0,0,2005-06-23,2025-12-31,RESTORE_PRICE_TAIL_PLUS_PIT_FINANCIAL,2044,912
BLFY,BLFY,,,1,2026-04-30,2026-04-30,0,0,1,0,1,0,0,2021-07-19,2026-03-31,RESTORE_PRICE_TAIL_PLUS_PIT_FINANCIAL,2045,913
BLUE,BLUE,,,1,2025-06-30,2025-06-30,0,0,1,0,1,0,0,2013-06-19,2025-05-30,RESTORE_PRICE_TAIL_PLUS_PIT_FINANCIAL,2046,914
BRKL,BRKL,,,1,2025-09-30,2025-09-30,0,0,1,0,1,0,0,2005-02-25,2025-08-29,RESTORE_PRICE_TAIL_PLUS_PIT_FINANCIAL,2047,915
BROG,BROG,,,1,2025-06-30,2025-06-30,0,0,1,0,1,0,0,2018-07-16,2025-06-18,RESTORE_PRICE_TAIL_PLUS_PIT_FINANCIAL,2048,916
BRY,BRY,,,1,2025-12-31,2025-12-31,0,0,1,0,1,0,0,2018-07-26,2025-12-17,RESTORE_PRICE_TAIL_PLUS_PIT_FINANCIAL,2049,917
CALT,CALT,,,1,2024-09-30,2024-09-30,0,0,1,0,1,0,0,2020-06-05,2024-09-20,RESTORE_PRICE_TAIL_PLUS_PIT_FINANCIAL,2050,918
CANB,CANB,,,1,2023-05-31,2023-05-31,1,0,0,0,1,0,0,,,ACQUIRE_PRICE_AND_PIT_FINANCIAL,2051,2253
CBMG,CBMG,,,1,2021-01-29,2021-01-29,1,0,0,0,1,0,0,,,ACQUIRE_PRICE_AND_PIT_FINANCIAL,2052,2254
CDTX,CDTX,,,1,2026-01-30,2026-01-30,0,0,1,0,1,0,0,2015-04-15,2026-01-06,RESTORE_PRICE_TAIL_PLUS_PIT_FINANCIAL,2053,919
CEPT,CEPT,,,1,2026-07-17,2026-07-17,0,0,1,0,1,0,0,2025-05-02,2026-07-01,RESTORE_PRICE_TAIL_PLUS_PIT_FINANCIAL,2054,920
CFB,CFB,,,1,2025-03-31,2025-03-31,0,0,1,0,1,0,0,2019-08-15,2025-02-28,RESTORE_PRICE_TAIL_PLUS_PIT_FINANCIAL,2055,921
CFSB,CFSB,,,1,2025-11-28,2025-11-28,0,0,1,0,1,0,0,2022-01-13,2025-10-31,RESTORE_PRICE_TAIL_PLUS_PIT_FINANCIAL,2056,922
CGBS,CGBS,,,1,2025-07-31,2025-07-31,0,0,1,0,1,0,0,2024-07-10,2025-07-16,RESTORE_PRICE_TAIL_PLUS_PIT_FINANCIAL,2057,923
CGNTV,CGNTV,,,1,2021-01-29,2021-01-29,1,0,0,0,1,0,0,,,ACQUIRE_PRICE_AND_PIT_FINANCIAL,2058,2255
CKPT,CKPT,,,1,2025-06-30,2025-06-30,0,0,1,0,1,0,0,2016-12-19,2025-05-29,RESTORE_PRICE_TAIL_PLUS_PIT_FINANCIAL,2059,924
CLCT,CLCT,,,1,2021-01-29,2021-01-29,1,0,0,0,1,0,0,,,ACQUIRE_PRICE_AND_PIT_FINANCIAL,2060,2256
CLEU,CLEU,,,1,2025-06-30,2025-06-30,0,0,1,0,1,0,0,2020-05-08,2025-06-02,RESTORE_PRICE_TAIL_PLUS_PIT_FINANCIAL,2061,925
CLOE,CLOE,,,1,2023-12-29,2023-12-29,0,0,0,1,1,0,0,2021-09-10,2024-09-03,FILL_INTERNAL_PRICE_GAPS_PLUS_PIT_FINANCIAL,2062,926
CLSD,CLSD,,,1,2025-12-31,2025-12-31,0,0,1,0,1,0,0,2016-06-02,2025-11-28,RESTORE_PRICE_TAIL_PLUS_PIT_FINANCIAL,2063,927
CMRX,CMRX,,,1,2025-04-30,2025-04-30,0,0,1,0,1,0,0,2013-04-11,2025-04-17,RESTORE_PRICE_TAIL_PLUS_PIT_FINANCIAL,2064,928
CPTN,CPTN,,,1,2025-01-31,2025-01-31,0,0,1,0,1,0,0,2021-03-29,2025-01-06,RESTORE_PRICE_TAIL_PLUS_PIT_FINANCIAL,2065,929
CRGX,CRGX,,,1,2025-08-29,2025-08-29,0,0,1,0,1,0,0,2023-11-10,2025-08-18,RESTORE_PRICE_TAIL_PLUS_PIT_FINANCIAL,2066,930
CTLP,CTLP,,,1,2026-05-29,2026-05-29,0,0,1,0,1,0,0,2018-01-02,2026-05-07,RESTORE_PRICE_TAIL_PLUS_PIT_FINANCIAL,2067,931
CUTR,CUTR,,,1,2025-03-31,2025-03-31,0,0,1,0,1,0,0,2005-02-25,2025-03-12,RESTORE_PRICE_TAIL_PLUS_PIT_FINANCIAL,2068,932
CVAC,CVAC,,,1,2026-01-30,2026-01-30,0,0,1,0,1,0,0,2020-08-14,2026-01-05,RESTORE_PRICE_TAIL_PLUS_PIT_FINANCIAL,2069,933
CVLB,CVLB,,,1,2021-01-29,2021-01-29,1,0,0,0,1,0,0,,,ACQUIRE_PRICE_AND_PIT_FINANCIAL,2070,2257
DADA,DADA,,,1,2025-06-30,2025-06-30,0,0,1,0,1,0,0,2020-06-05,2025-06-16,RESTORE_PRICE_TAIL_PLUS_PIT_FINANCIAL,2071,934
DAWN,DAWN,,,1,2026-04-30,2026-04-30,0,0,1,0,1,0,0,2021-05-27,2026-04-22,RESTORE_PRICE_TAIL_PLUS_PIT_FINANCIAL,2072,935
DENN,DENN,,,1,2026-01-30,2026-01-30,0,0,1,0,1,0,0,2005-02-25,2026-01-16,RESTORE_PRICE_TAIL_PLUS_PIT_FINANCIAL,2073,936
DHIL,DHIL,,,1,2026-04-30,2026-04-30,0,0,1,0,1,0,0,2005-02-25,2026-04-21,RESTORE_PRICE_TAIL_PLUS_PIT_FINANCIAL,2074,937
DRRX,DRRX,,,1,2025-09-30,2025-09-30,0,0,1,0,1,0,0,2005-02-25,2025-09-10,RESTORE_PRICE_TAIL_PLUS_PIT_FINANCIAL,2075,938
ECDA,ECDA,,,1,2026-01-30,2026-01-30,0,0,1,0,1,0,0,2022-12-09,2026-01-15,RESTORE_PRICE_TAIL_PLUS_PIT_FINANCIAL,2076,939
EIGI,EIGI,,,1,2021-01-29,2021-01-29,1,0,0,0,1,0,0,,,ACQUIRE_PRICE_AND_PIT_FINANCIAL,2077,2258
ELEV,ELEV,,,1,2025-07-31,2025-07-31,0,0,1,0,1,0,0,2021-06-25,2025-07-22,RESTORE_PRICE_TAIL_PLUS_PIT_FINANCIAL,2078,940
EMKR,EMKR,,,1,2025-03-31,2025-03-31,0,0,1,0,1,0,0,2005-02-25,2025-02-28,RESTORE_PRICE_TAIL_PLUS_PIT_FINANCIAL,2079,941
ENG,ENGC,issuer_rename,https://www.sec.gov/Archives/edgar/data/933738/000165495425002684/eng_8k.htm,1,2024-12-31,2024-12-31,0,0,1,0,1,0,0,2005-02-25,2024-12-05,RESTORE_PRICE_TAIL_PLUS_PIT_FINANCIAL,2080,942
EPIX,EPIX,,,1,2025-10-31,2025-10-31,0,0,1,0,1,0,0,2015-07-09,2025-10-08,RESTORE_PRICE_TAIL_PLUS_PIT_FINANCIAL,2081,943
ESSA,ESSA,,,1,2025-07-31,2025-07-31,0,0,1,0,1,0,0,2007-04-04,2025-07-09,RESTORE_PRICE_TAIL_PLUS_PIT_FINANCIAL,2082,944
ETNB,ETNB,,,1,2025-10-31,2025-10-31,0,0,1,0,0,1,0,2019-11-11,2025-10-01,RESTORE_PRICE_TAIL_PLUS_PIT_FINANCIAL,2083,3
EUDA,EUDA,,,1,2022-12-30,2022-12-30,0,1,0,0,1,0,0,2023-01-03,2026-07-17,BACKFILL_PRICE_HEAD_PLUS_PIT_FINANCIAL,2084,945
EVGR,EVGR,,,1,2025-02-28,2025-02-28,0,0,1,0,1,0,0,2022-04-04,2025-02-12,RESTORE_PRICE_TAIL_PLUS_PIT_FINANCIAL,2085,946
EVOK,EVOK,,,1,2025-12-31,2025-12-31,0,0,1,0,1,0,0,2013-09-25,2025-12-16,RESTORE_PRICE_TAIL_PLUS_PIT_FINANCIAL,2086,947
EVTV,EVTV,,,1,2026-07-17,2026-07-17,0,0,1,0,1,0,0,2022-07-06,2026-07-01,RESTORE_PRICE_TAIL_PLUS_PIT_FINANCIAL,2087,948
EWCZ,EWCZ,,,1,2026-05-29,2026-05-29,0,0,1,0,1,0,0,2021-08-05,2026-05-07,RESTORE_PRICE_TAIL_PLUS_PIT_FINANCIAL,2088,949
EXAI,EXAI,,,1,2024-11-29,2024-11-29,0,0,1,0,1,0,0,2021-10-01,2024-11-19,RESTORE_PRICE_TAIL_PLUS_PIT_FINANCIAL,2089,950
FAAS,FAAS,,,1,2025-09-30,2025-09-30,0,0,1,0,1,0,0,2021-09-15,2025-09-18,RESTORE_PRICE_TAIL_PLUS_PIT_FINANCIAL,2090,951
FARO,FARO,,,1,2025-07-31,2025-07-31,0,0,1,0,1,0,0,2005-02-25,2025-07-09,RESTORE_PRICE_TAIL_PLUS_PIT_FINANCIAL,2091,952
FFIC,FFIC,,,1,2026-06-30,2026-06-30,0,0,1,0,1,0,0,2005-02-25,2026-06-01,RESTORE_PRICE_TAIL_PLUS_PIT_FINANCIAL,2092,953
FFNW,FFNW,,,1,2025-04-30,2025-04-30,0,0,1,0,1,0,0,2007-10-10,2025-04-21,RESTORE_PRICE_TAIL_PLUS_PIT_FINANCIAL,2093,954
FLIC,FLIC,,,1,2025-06-30,2025-06-30,0,0,1,0,1,0,0,2005-02-25,2025-05-30,RESTORE_PRICE_TAIL_PLUS_PIT_FINANCIAL,2094,955
FONR,FONR,,,1,2026-06-30,2026-06-30,0,0,1,0,1,0,0,2005-02-25,2026-06-02,RESTORE_PRICE_TAIL_PLUS_PIT_FINANCIAL,2095,956
FORA,FORA,,,1,2026-05-29,2026-05-29,0,0,1,0,1,0,0,2021-03-03,2026-05-14,RESTORE_PRICE_TAIL_PLUS_PIT_FINANCIAL,2096,957
FORTY,FORTY,,,1,2024-06-28,2024-06-28,0,0,0,1,1,0,0,2005-02-25,2026-07-31,FILL_INTERNAL_PRICE_GAPS_PLUS_PIT_FINANCIAL,2097,958
FPAY,FPAY,,,1,2025-10-31,2025-10-31,0,0,1,0,1,0,0,2016-12-02,2025-10-22,RESTORE_PRICE_TAIL_PLUS_PIT_FINANCIAL,2098,959
FRES,FRES,,,1,2024-12-31,2024-12-31,0,0,1,0,1,0,0,2020-01-30,2024-12-23,RESTORE_PRICE_TAIL_PLUS_PIT_FINANCIAL,2099,960
FSDC,FSDC,,,1,2021-01-29,2021-01-29,1,0,0,0,1,0,0,,,ACQUIRE_PRICE_AND_PIT_FINANCIAL,2100,2259
GEHCV,GEHCV,,,1,2022-12-30,2022-12-30,1,0,0,0,1,0,0,,,ACQUIRE_PRICE_AND_PIT_FINANCIAL,2101,2260
GGPI,GGPI,,,1,2022-06-30,2022-06-30,1,0,0,0,1,0,0,,,ACQUIRE_PRICE_AND_PIT_FINANCIAL,2102,2261
GHIX,GHIX,,,1,2024-12-31,2024-12-31,0,0,1,0,1,0,0,2022-03-22,2024-12-04,RESTORE_PRICE_TAIL_PLUS_PIT_FINANCIAL,2103,961
GIFI,GIFI,,,1,2026-01-30,2026-01-30,0,0,1,0,1,0,0,2005-02-25,2026-01-16,RESTORE_PRICE_TAIL_PLUS_PIT_FINANCIAL,2104,962
GLDD,GLDD,,,1,2026-04-30,2026-04-30,0,0,1,0,1,0,0,2005-03-04,2026-03-31,RESTORE_PRICE_TAIL_PLUS_PIT_FINANCIAL,2105,963
GNFT,GNFT,,,1,2025-11-28,2025-11-28,0,0,1,0,1,0,0,2019-03-27,2025-11-19,RESTORE_PRICE_TAIL_PLUS_PIT_FINANCIAL,2106,964
GOGL,GOGL,,,1,2025-08-29,2025-08-29,0,0,0,1,1,0,0,2005-02-25,2026-08-07,FILL_INTERNAL_PRICE_GAPS_PLUS_PIT_FINANCIAL,2107,965
GRDI,GRDI,,,1,2024-11-29,2024-11-29,0,0,1,0,1,0,0,2024-01-30,2024-10-30,RESTORE_PRICE_TAIL_PLUS_PIT_FINANCIAL,2108,966
GRIN,GRIN,,,1,2024-08-30,2024-08-30,0,0,0,1,1,0,0,2018-06-18,2025-07-08,FILL_INTERNAL_PRICE_GAPS_PLUS_PIT_FINANCIAL,2109,967
GTHX,GTHX,,,1,2024-09-30,2024-09-30,0,0,1,0,1,0,0,2017-05-17,2024-09-17,RESTORE_PRICE_TAIL_PLUS_PIT_FINANCIAL,2110,968
HA,HA,,,1,2024-09-30,2024-09-30,0,0,1,0,1,0,0,2005-02-25,2024-09-17,RESTORE_PRICE_TAIL_PLUS_PIT_FINANCIAL,2111,969
HAYN,HAYN,,,1,2024-11-29,2024-11-29,0,0,1,0,1,0,0,2005-02-25,2024-11-20,RESTORE_PRICE_TAIL_PLUS_PIT_FINANCIAL,2112,970
HFEN,HFEN,,,1,2021-01-29,2021-01-29,1,0,0,0,1,0,0,,,ACQUIRE_PRICE_AND_PIT_FINANCIAL,2113,2262
HLVX,HLVX,,,1,2025-09-30,2025-09-30,0,0,1,0,1,0,0,2022-04-29,2025-09-16,RESTORE_PRICE_TAIL_PLUS_PIT_FINANCIAL,2114,971
HONE,HONE,,,1,2025-11-28,2025-11-28,0,0,1,0,1,0,0,2016-07-01,2025-10-31,RESTORE_PRICE_TAIL_PLUS_PIT_FINANCIAL,2115,972
HOOK,HOOK,,,1,2025-08-29,2025-08-29,0,0,1,0,1,0,0,2019-04-18,2025-08-07,RESTORE_PRICE_TAIL_PLUS_PIT_FINANCIAL,2116,973
HSII,HSII,,,1,2025-12-31,2025-12-31,0,0,1,0,1,0,0,2005-02-25,2025-12-09,RESTORE_PRICE_TAIL_PLUS_PIT_FINANCIAL,2117,974
HTBK,HTBK,,,1,2026-04-30,2026-04-30,0,0,1,0,1,0,0,2005-02-25,2026-04-21,RESTORE_PRICE_TAIL_PLUS_PIT_FINANCIAL,2118,975
HTLF,HTLF,,,1,2025-02-28,2025-02-28,0,0,1,0,1,0,0,2005-02-25,2025-01-31,RESTORE_PRICE_TAIL_PLUS_PIT_FINANCIAL,2119,976
HURA,HURA,,,1,2024-10-31,2024-10-31,0,1,0,0,1,0,0,2024-11-14,2026-07-17,BACKFILL_PRICE_HEAD_PLUS_PIT_FINANCIAL,2120,977
IAIC,IAIC,,,1,2021-11-30,2021-11-30,1,0,0,0,1,0,0,,,ACQUIRE_PRICE_AND_PIT_FINANCIAL,2121,2263
IAS,IAS,,,1,2025-12-31,2025-12-31,0,0,1,0,1,0,0,2021-06-30,2025-12-22,RESTORE_PRICE_TAIL_PLUS_PIT_FINANCIAL,2122,978
IBTX,IBTX,,,1,2025-01-31,2025-01-31,0,0,1,0,1,0,0,2013-04-03,2024-12-31,RESTORE_PRICE_TAIL_PLUS_PIT_FINANCIAL,2123,979
ICAD,ICAD,,,1,2025-07-31,2025-07-31,0,0,1,0,1,0,0,2005-02-25,2025-07-16,RESTORE_PRICE_TAIL_PLUS_PIT_FINANCIAL,2124,980
ICCT,ICCT,,,1,2025-05-30,2025-05-30,0,0,1,0,1,0,0,2023-08-28,2025-05-21,RESTORE_PRICE_TAIL_PLUS_PIT_FINANCIAL,2125,981
IGMS,IGMS,,,1,2025-08-29,2025-08-29,0,0,1,0,1,0,0,2019-09-18,2025-08-13,RESTORE_PRICE_TAIL_PLUS_PIT_FINANCIAL,2126,982
IMCI,IMCI,,,1,2023-05-31,2023-05-31,1,0,0,0,1,0,0,,,ACQUIRE_PRICE_AND_PIT_FINANCIAL,2127,2264
INFN,INFN,,,1,2025-03-31,2025-03-31,0,0,1,0,1,0,0,2007-06-06,2025-02-27,RESTORE_PRICE_TAIL_PLUS_PIT_FINANCIAL,2128,983
INZY,INZY,,,1,2025-07-31,2025-07-31,0,0,1,0,1,0,0,2020-07-24,2025-06-30,RESTORE_PRICE_TAIL_PLUS_PIT_FINANCIAL,2129,984
IRBT,IRBT,,,1,2025-12-31,2025-12-31,0,0,1,0,1,0,0,2005-11-08,2025-12-19,RESTORE_PRICE_TAIL_PLUS_PIT_FINANCIAL,2130,985
IRD,IRD,,,1,2024-10-31,2024-10-31,0,1,0,0,1,0,0,2024-11-12,2026-07-31,BACKFILL_PRICE_HEAD_PLUS_PIT_FINANCIAL,2131,986
IROQ,IROQ,,,1,2026-03-31,2026-03-31,0,0,1,0,1,0,0,2011-07-13,2026-03-12,RESTORE_PRICE_TAIL_PLUS_PIT_FINANCIAL,2132,987
ISRL,ISRL,,,1,2025-03-31,2025-03-31,0,0,0,1,1,0,0,2023-02-28,2026-07-17,FILL_INTERNAL_PRICE_GAPS_PLUS_PIT_FINANCIAL,2133,988
ITI,ITI,,,1,2024-11-29,2024-11-29,0,0,1,0,1,0,0,2005-02-25,2024-10-31,RESTORE_PRICE_TAIL_PLUS_PIT_FINANCIAL,2134,989
ITOS,ITOS,,,1,2025-09-30,2025-09-30,0,0,1,0,1,0,0,2020-07-24,2025-08-28,RESTORE_PRICE_TAIL_PLUS_PIT_FINANCIAL,2135,990
IVAC,IVAC,,,1,2025-04-30,2025-04-30,0,0,1,0,1,0,0,2005-02-25,2025-03-28,RESTORE_PRICE_TAIL_PLUS_PIT_FINANCIAL,2136,991
KALV,KALV,,,1,2026-06-30,2026-06-30,0,0,1,0,1,0,0,2015-04-09,2026-06-10,RESTORE_PRICE_TAIL_PLUS_PIT_FINANCIAL,2137,992
KRON,KRON,,,1,2025-06-30,2025-06-30,0,0,1,0,1,0,0,2020-10-12,2025-06-20,RESTORE_PRICE_TAIL_PLUS_PIT_FINANCIAL,2138,993
KZR,KZR,,,1,2026-05-29,2026-05-29,0,0,1,0,1,0,0,2018-06-21,2026-05-08,RESTORE_PRICE_TAIL_PLUS_PIT_FINANCIAL,2139,994
LATG,LATG,,,1,2022-08-31,2022-08-31,0,0,0,1,1,0,0,2022-03-21,2025-01-10,FILL_INTERNAL_PRICE_GAPS_PLUS_PIT_FINANCIAL,2140,995
LAZR,LAZR,,,1,2025-12-31,2025-12-31,0,0,0,1,1,0,0,2019-10-18,2026-08-07,FILL_INTERNAL_PRICE_GAPS_PLUS_PIT_FINANCIAL,2141,996
LBPH,LBPH,,,1,2024-12-31,2024-12-31,0,0,1,0,1,0,0,2021-03-12,2024-11-29,RESTORE_PRICE_TAIL_PLUS_PIT_FINANCIAL,2142,997
LCW,LCW,,,1,2024-09-30,2024-09-30,1,0,0,0,1,0,0,,,ACQUIRE_PRICE_AND_PIT_FINANCIAL,2143,2265
LFLY,LFLY,,,1,2025-01-31,2025-01-31,0,0,1,0,1,0,0,2019-12-16,2025-01-16,RESTORE_PRICE_TAIL_PLUS_PIT_FINANCIAL,2144,998
LGTY,LGTY,,,1,2025-04-30,2025-04-30,0,0,1,0,1,0,0,2005-02-25,2025-04-04,RESTORE_PRICE_TAIL_PLUS_PIT_FINANCIAL,2145,999
LIXT,LIXT,,,1,2026-07-17,2026-07-17,0,0,1,0,1,0,0,2020-11-25,2026-07-01,RESTORE_PRICE_TAIL_PLUS_PIT_FINANCIAL,2146,1000
LRFC,LRFC,,,1,2025-07-31,2025-07-31,0,0,1,0,1,0,0,2013-09-25,2025-07-09,RESTORE_PRICE_TAIL_PLUS_PIT_FINANCIAL,2147,1001
LSB,LSB,,,1,2025-09-30,2025-09-30,0,0,1,0,1,0,0,2023-03-20,2025-09-19,RESTORE_PRICE_TAIL_PLUS_PIT_FINANCIAL,2148,1002
LUMO,LUMO,,,1,2024-12-31,2024-12-31,0,0,1,0,1,0,0,2011-11-15,2024-12-11,RESTORE_PRICE_TAIL_PLUS_PIT_FINANCIAL,2149,1003
LUXH,LUXH,,,1,2025-01-31,2025-01-31,0,0,1,0,1,0,0,2022-08-12,2025-01-10,RESTORE_PRICE_TAIL_PLUS_PIT_FINANCIAL,2150,1004
LVTX,LVTX,,,1,2025-11-28,2025-11-28,0,0,1,0,1,0,0,2021-03-25,2025-11-20,RESTORE_PRICE_TAIL_PLUS_PIT_FINANCIAL,2151,1005
MATH,MATH,,,1,2022-12-30,2022-12-30,0,1,0,0,1,0,0,2023-01-03,2026-07-17,BACKFILL_PRICE_HEAD_PLUS_PIT_FINANCIAL,2152,1006
MBCN,MBCN,,,1,2026-03-31,2026-03-31,0,0,1,0,1,0,0,2014-09-16,2026-02-27,RESTORE_PRICE_TAIL_PLUS_PIT_FINANCIAL,2153,1007
MCAA,MCAA,,,1,2024-11-29,2024-11-29,0,0,1,0,1,0,0,2021-12-29,2024-11-06,RESTORE_PRICE_TAIL_PLUS_PIT_FINANCIAL,2154,1008
MCW,MCW,,,1,2026-05-29,2026-05-29,0,0,1,0,1,0,0,2021-06-25,2026-05-18,RESTORE_PRICE_TAIL_PLUS_PIT_FINANCIAL,2155,1009
MGOL,MGOL,,,1,2025-02-28,2025-02-28,0,0,1,0,1,0,0,2023-01-13,2025-02-19,RESTORE_PRICE_TAIL_PLUS_PIT_FINANCIAL,2156,1010
MGRM,MGRM,,,1,2025-10-31,2025-10-31,0,0,1,0,1,0,0,2023-05-18,2025-10-06,RESTORE_PRICE_TAIL_PLUS_PIT_FINANCIAL,2157,1011
MLGO,MLGO,,,1,2022-12-30,2022-12-30,0,1,0,0,1,0,0,2023-01-03,2026-07-17,BACKFILL_PRICE_HEAD_PLUS_PIT_FINANCIAL,2158,1012
MMV,MMV,,,1,2025-01-31,2025-01-31,0,0,1,0,1,0,0,2021-06-10,2025-01-08,RESTORE_PRICE_TAIL_PLUS_PIT_FINANCIAL,2159,1013
MNTX,MNTX,,,1,2025-01-31,2025-01-31,0,0,1,0,1,0,0,2005-02-25,2024-12-31,RESTORE_PRICE_TAIL_PLUS_PIT_FINANCIAL,2160,1014
MORF,MORF,,,1,2024-08-30,2024-08-30,0,0,1,0,1,0,0,2019-06-27,2024-08-15,RESTORE_PRICE_TAIL_PLUS_PIT_FINANCIAL,2161,1015
MRNS,MRNS,,,1,2025-02-28,2025-02-28,0,0,1,0,1,0,0,2014-07-31,2025-02-10,RESTORE_PRICE_TAIL_PLUS_PIT_FINANCIAL,2162,1016
MRSN,MRSN,,,1,2026-01-30,2026-01-30,0,0,1,0,1,0,0,2017-06-28,2026-01-05,RESTORE_PRICE_TAIL_PLUS_PIT_FINANCIAL,2163,1017
MSW,MSW,,,1,2026-07-17,2026-07-17,0,0,1,0,1,0,0,2024-11-22,2026-07-01,RESTORE_PRICE_TAIL_PLUS_PIT_FINANCIAL,2164,1018
MTSR,MTSR,,,1,2025-11-28,2025-11-28,0,0,1,0,1,0,0,2025-01-31,2025-11-13,RESTORE_PRICE_TAIL_PLUS_PIT_FINANCIAL,2165,1019
MTTR,MTTR,,,1,2025-03-31,2025-03-31,0,0,1,0,1,0,0,2021-02-03,2025-02-27,RESTORE_PRICE_TAIL_PLUS_PIT_FINANCIAL,2166,1020
MURA,MURA,,,1,2025-12-31,2025-12-31,0,0,1,0,1,0,0,2023-11-16,2025-12-04,RESTORE_PRICE_TAIL_PLUS_PIT_FINANCIAL,2167,1021
MYNA,MYNA,,,1,2025-02-28,2025-02-28,0,0,1,0,1,0,0,2021-11-12,2025-02-14,RESTORE_PRICE_TAIL_PLUS_PIT_FINANCIAL,2168,1022
NARI,NARI,,,1,2025-02-28,2025-02-28,0,0,1,0,1,0,0,2020-05-22,2025-02-18,RESTORE_PRICE_TAIL_PLUS_PIT_FINANCIAL,2169,1023
NBIS,NBIS,,,1,2024-09-30,2024-09-30,0,1,0,0,1,0,0,2024-10-22,2026-07-31,BACKFILL_PRICE_HEAD_PLUS_PIT_FINANCIAL,2170,1024
NOVS,NOVS,,,1,2021-01-29,2021-01-29,1,0,0,0,1,0,0,,,ACQUIRE_PRICE_AND_PIT_FINANCIAL,2171,2266
NURO,NURO,,,1,2025-05-30,2025-05-30,0,0,1,0,1,0,0,2011-10-04,2025-05-01,RESTORE_PRICE_TAIL_PLUS_PIT_FINANCIAL,2172,1025
NVEE,NVEE,,,1,2025-08-29,2025-08-29,0,0,1,0,1,0,0,2013-10-03,2025-08-01,RESTORE_PRICE_TAIL_PLUS_PIT_FINANCIAL,2173,1026
NVEI,NVEI,,,1,2024-11-29,2024-11-29,0,0,1,0,1,0,0,2021-10-06,2024-11-15,RESTORE_PRICE_TAIL_PLUS_PIT_FINANCIAL,2174,1027
NYAX,NYAX,,,1,2022-12-30,2022-12-30,0,0,0,1,1,0,0,2022-09-22,2026-07-31,FILL_INTERNAL_PRICE_GAPS_PLUS_PIT_FINANCIAL,2175,1028
OLPX,OLPX,,,1,2026-07-17,2026-07-17,0,0,1,0,1,0,0,2021-09-30,2026-07-06,RESTORE_PRICE_TAIL_PLUS_PIT_FINANCIAL,2176,1029
OMIC,OMIC,,,1,2025-02-28,2025-02-28,0,0,1,0,1,0,0,2021-05-27,2025-02-20,RESTORE_PRICE_TAIL_PLUS_PIT_FINANCIAL,2177,1030
ONCT,ONCT,,,1,2024-12-31,2024-12-31,0,0,1,0,1,0,0,2005-02-25,2024-12-02,RESTORE_PRICE_TAIL_PLUS_PIT_FINANCIAL,2178,1031
OP,OP,,,1,2025-11-28,2025-11-28,0,0,1,0,1,0,0,2021-11-30,2025-11-14,RESTORE_PRICE_TAIL_PLUS_PIT_FINANCIAL,2179,1032
OPGN,OPGN,,,1,2024-08-30,2024-08-30,0,0,1,0,1,0,0,2015-05-05,2024-08-19,RESTORE_PRICE_TAIL_PLUS_PIT_FINANCIAL,2180,1033
OPI_PRE_REORG,OPI,ticker_reuse,https://www.sec.gov/Archives/edgar/data/1456772/000110465926076652/tm2618043d2_8k.htm,1,2025-10-31,2025-10-31,0,0,1,0,0,0,1,2009-06-02,2025-10-06,RESTORE_PRICE_TAIL_PLUS_PIT_FINANCIAL,2181,4
OPOF,OPOF,,,1,2025-09-30,2025-09-30,0,0,1,0,1,0,0,2005-02-25,2025-08-29,RESTORE_PRICE_TAIL_PLUS_PIT_FINANCIAL,2182,1034
OPTN,OPTN,,,1,2025-05-30,2025-05-30,0,0,1,0,1,0,0,2017-10-13,2025-05-20,RESTORE_PRICE_TAIL_PLUS_PIT_FINANCIAL,2183,1035
ORGN,ORGN,,,1,2026-07-17,2026-07-17,0,0,1,0,1,0,0,2020-09-08,2026-07-01,RESTORE_PRICE_TAIL_PLUS_PIT_FINANCIAL,2184,1036
OS,OS,,,1,2026-04-30,2026-04-30,0,0,1,0,1,0,0,2024-07-24,2026-03-31,RESTORE_PRICE_TAIL_PLUS_PIT_FINANCIAL,2185,1037
OTRK,OTRK,,,1,2025-08-29,2025-08-29,0,0,1,0,1,0,0,2013-04-29,2025-08-15,RESTORE_PRICE_TAIL_PLUS_PIT_FINANCIAL,2186,1038
PARAA,PARAA,,,1,2025-08-29,2025-08-29,0,0,1,0,1,0,0,2019-12-06,2025-08-06,RESTORE_PRICE_TAIL_PLUS_PIT_FINANCIAL,2187,1039
PBPB,PBPB,,,1,2025-10-31,2025-10-31,0,0,1,0,1,0,0,2013-10-04,2025-10-22,RESTORE_PRICE_TAIL_PLUS_PIT_FINANCIAL,2188,1040
PEIX,PEIX,,,1,2021-01-29,2021-01-29,1,0,0,0,1,0,0,,,ACQUIRE_PRICE_AND_PIT_FINANCIAL,2189,2267
PFC,PFC,,,1,2025-03-31,2025-03-31,0,0,1,0,1,0,0,2005-02-25,2025-02-28,RESTORE_PRICE_TAIL_PLUS_PIT_FINANCIAL,2190,1041
PFIE,PFIE,,,1,2025-01-31,2025-01-31,0,0,1,0,1,0,0,2014-03-28,2025-01-02,RESTORE_PRICE_TAIL_PLUS_PIT_FINANCIAL,2191,1042
PLL,PLL,,,1,2025-09-30,2025-09-30,0,0,1,0,1,0,0,2018-12-17,2025-08-29,RESTORE_PRICE_TAIL_PLUS_PIT_FINANCIAL,2192,1043
PLYA,PLYA,,,1,2025-06-30,2025-06-30,0,0,1,0,1,0,0,2017-03-14,2025-06-13,RESTORE_PRICE_TAIL_PLUS_PIT_FINANCIAL,2193,1044
PRPH,PRPH,,,1,2026-01-30,2026-01-30,0,0,1,0,1,0,0,2005-02-25,2026-01-02,RESTORE_PRICE_TAIL_PLUS_PIT_FINANCIAL,2194,1045
PSTX,PSTX,,,1,2025-01-31,2025-01-31,0,0,1,0,1,0,0,2020-07-10,2025-01-07,RESTORE_PRICE_TAIL_PLUS_PIT_FINANCIAL,2195,1046
PTNR,PTNR,,,1,2022-07-29,2022-07-29,1,0,0,0,1,0,0,,,ACQUIRE_PRICE_AND_PIT_FINANCIAL,2196,2268
PTVE,PTVE,,,1,2025-04-30,2025-04-30,0,0,1,0,1,0,0,2020-09-17,2025-03-31,RESTORE_PRICE_TAIL_PLUS_PIT_FINANCIAL,2197,1047
PVBC,PVBC,,,1,2025-11-28,2025-11-28,0,0,1,0,1,0,0,2015-07-16,2025-11-14,RESTORE_PRICE_TAIL_PLUS_PIT_FINANCIAL,2198,1048
PWOD,PWOD,,,1,2025-07-31,2025-07-31,0,0,1,0,1,0,0,2005-02-28,2025-07-09,RESTORE_PRICE_TAIL_PLUS_PIT_FINANCIAL,2199,1049
PXDT,PXDT,,,1,2024-11-29,2024-11-29,0,0,1,0,1,0,0,2023-08-01,2024-11-15,RESTORE_PRICE_TAIL_PLUS_PIT_FINANCIAL,2200,1050
PYCR,PYCR,,,1,2025-04-30,2025-04-30,0,0,1,0,1,0,0,2021-07-21,2025-04-11,RESTORE_PRICE_TAIL_PLUS_PIT_FINANCIAL,2201,1051
QIPT,QIPT,,,1,2026-03-31,2026-03-31,0,0,1,0,1,0,0,2021-05-28,2026-03-13,RESTORE_PRICE_TAIL_PLUS_PIT_FINANCIAL,2202,1052
RAPT,RAPT,,,1,2026-03-31,2026-03-31,0,0,1,0,1,0,0,2019-10-31,2026-03-02,RESTORE_PRICE_TAIL_PLUS_PIT_FINANCIAL,2203,1053
RAYA,RAYA,,,1,2022-12-30,2022-12-30,0,1,0,0,1,0,0,2023-01-03,2026-07-17,BACKFILL_PRICE_HEAD_PLUS_PIT_FINANCIAL,2204,1054
RCM,RCM,,,1,2024-11-29,2024-11-29,0,0,1,0,1,0,0,2017-03-16,2024-11-18,RESTORE_PRICE_TAIL_PLUS_PIT_FINANCIAL,2205,1055
RDUS,RDUS,,,1,2025-07-31,2025-07-31,0,0,1,0,1,0,0,2023-09-01,2025-07-09,RESTORE_PRICE_TAIL_PLUS_PIT_FINANCIAL,2206,1056
REE,REE,,,1,2026-07-17,2026-07-17,0,0,1,0,1,0,0,2021-07-26,2026-07-06,RESTORE_PRICE_TAIL_PLUS_PIT_FINANCIAL,2207,1057
RGC,RGC,,,1,2022-10-31,2022-10-31,0,0,0,1,1,0,0,2021-07-16,2026-07-31,FILL_INTERNAL_PRICE_GAPS_PLUS_PIT_FINANCIAL,2208,1058
RNAM,RNAM,,,1,2026-03-31,2026-03-31,1,0,0,0,1,0,0,,,ACQUIRE_PRICE_AND_PIT_FINANCIAL,2209,2269
RSTN,RSTN,,,1,2024-08-30,2024-08-30,1,0,0,0,1,0,0,,,ACQUIRE_PRICE_AND_PIT_FINANCIAL,2210,2270
SASR,SASR,,,1,2025-04-30,2025-04-30,0,0,1,0,1,0,0,2005-02-25,2025-03-31,RESTORE_PRICE_TAIL_PLUS_PIT_FINANCIAL,2211,1059
SBT,SBT,,,1,2025-04-30,2025-04-30,0,0,1,0,1,0,0,2017-11-17,2025-03-31,RESTORE_PRICE_TAIL_PLUS_PIT_FINANCIAL,2212,1060
SCPH,SCPH,,,1,2025-10-31,2025-10-31,0,0,1,0,1,0,0,2017-11-17,2025-10-06,RESTORE_PRICE_TAIL_PLUS_PIT_FINANCIAL,2213,1061
SCWX,SCWX,,,1,2025-02-28,2025-02-28,0,0,1,0,1,0,0,2016-04-22,2025-01-31,RESTORE_PRICE_TAIL_PLUS_PIT_FINANCIAL,2214,1062
SDIG,SDIG,,,1,2025-03-31,2025-03-31,0,0,1,0,1,0,0,2021-10-20,2025-03-14,RESTORE_PRICE_TAIL_PLUS_PIT_FINANCIAL,2215,1063
SELX,SELX,,,1,2026-06-30,2026-06-30,0,0,1,0,1,0,0,2024-02-16,2026-06-09,RESTORE_PRICE_TAIL_PLUS_PIT_FINANCIAL,2216,1064
SHLT,SHLT,,,1,2025-04-30,2025-04-30,0,0,1,0,1,0,0,2023-04-05,2025-04-02,RESTORE_PRICE_TAIL_PLUS_PIT_FINANCIAL,2217,1065
SILK,SILK,,,1,2024-09-30,2024-09-30,0,0,1,0,1,0,0,2019-04-04,2024-09-16,RESTORE_PRICE_TAIL_PLUS_PIT_FINANCIAL,2218,1066
SLNO,SLNO,,,1,2026-05-29,2026-05-29,0,0,1,0,0,1,0,2014-11-14,2026-05-15,RESTORE_PRICE_TAIL_PLUS_PIT_FINANCIAL,2219,5
SLRN,SLRN,,,1,2025-05-30,2025-05-30,0,0,1,0,1,0,0,2023-05-05,2025-05-20,RESTORE_PRICE_TAIL_PLUS_PIT_FINANCIAL,2220,1067
SMLR,SMLR,,,1,2026-01-30,2026-01-30,0,0,1,0,1,0,0,2021-09-28,2026-01-15,RESTORE_PRICE_TAIL_PLUS_PIT_FINANCIAL,2221,1068
SNCY,SNCY,,,1,2026-05-29,2026-05-29,0,0,1,0,1,0,0,2021-03-17,2026-05-12,RESTORE_PRICE_TAIL_PLUS_PIT_FINANCIAL,2222,1069
SONN,SONN,,,1,2025-12-31,2025-12-31,0,0,1,0,1,0,0,2013-01-18,2025-12-02,RESTORE_PRICE_TAIL_PLUS_PIT_FINANCIAL,2223,1070
SPI,SPI,,,1,2025-01-31,2025-01-31,0,0,1,0,1,0,0,2016-01-19,2025-01-14,RESTORE_PRICE_TAIL_PLUS_PIT_FINANCIAL,2224,1071
SPNS,SPNS,,,1,2025-12-31,2025-12-31,0,0,1,0,1,0,0,2005-02-25,2025-12-16,RESTORE_PRICE_TAIL_PLUS_PIT_FINANCIAL,2225,1072
SPTN,SPTN,,,1,2025-09-30,2025-09-30,0,0,1,0,1,0,0,2005-02-25,2025-09-19,RESTORE_PRICE_TAIL_PLUS_PIT_FINANCIAL,2226,1073
SRCL,SRCL,,,1,2024-11-29,2024-11-29,0,0,1,0,1,0,0,2005-02-25,2024-11-01,RESTORE_PRICE_TAIL_PLUS_PIT_FINANCIAL,2227,1074
SRDX,SRDX,,,1,2025-11-28,2025-11-28,0,0,1,0,1,0,0,2005-02-25,2025-11-18,RESTORE_PRICE_TAIL_PLUS_PIT_FINANCIAL,2228,1075
STAF,STAF,,,1,2025-02-28,2025-02-28,0,0,1,0,1,0,0,2015-09-29,2025-02-12,RESTORE_PRICE_TAIL_PLUS_PIT_FINANCIAL,2229,1076
STCN,STCN,,,1,2025-01-31,2025-01-31,0,0,1,0,1,0,0,2005-02-25,2025-01-02,RESTORE_PRICE_TAIL_PLUS_PIT_FINANCIAL,2230,1077
STER,STER,,,1,2024-11-29,2024-11-29,0,0,1,0,1,0,0,2021-09-23,2024-10-30,RESTORE_PRICE_TAIL_PLUS_PIT_FINANCIAL,2231,1078
STHOV,STHOV,,,1,2023-03-31,2023-03-31,1,0,0,0,1,0,0,,,ACQUIRE_PRICE_AND_PIT_FINANCIAL,2232,2271
STRM,STRM,,,1,2025-08-29,2025-08-29,0,0,1,0,1,0,0,2005-02-25,2025-08-11,RESTORE_PRICE_TAIL_PLUS_PIT_FINANCIAL,2233,1079
SWAG,SWAG,,,1,2022-12-30,2022-12-30,0,1,0,0,1,0,0,2023-01-03,2026-07-17,BACKFILL_PRICE_HEAD_PLUS_PIT_FINANCIAL,2234,1080
SWKH,SWKH,,,1,2026-04-30,2026-04-30,0,0,1,0,1,0,0,2020-01-24,2026-04-02,RESTORE_PRICE_TAIL_PLUS_PIT_FINANCIAL,2235,1081
TBH,TBH,,,1,2026-07-17,2026-07-17,0,0,1,0,1,0,0,2025-03-06,2026-06-30,RESTORE_PRICE_TAIL_PLUS_PIT_FINANCIAL,2236,1082
TBNK,TBNK,,,1,2025-04-30,2025-04-30,0,0,1,0,1,0,0,2009-07-10,2025-04-01,RESTORE_PRICE_TAIL_PLUS_PIT_FINANCIAL,2237,1083
TBRG,TBRG,,,1,2026-07-17,2026-07-17,0,0,1,0,1,0,0,2005-02-25,2026-07-08,RESTORE_PRICE_TAIL_PLUS_PIT_FINANCIAL,2238,1084
TCBP,TCBP,,,1,2025-03-31,2025-03-31,0,0,1,0,1,0,0,2022-02-11,2025-03-21,RESTORE_PRICE_TAIL_PLUS_PIT_FINANCIAL,2239,1085
TFFP,TFFP,,,1,2024-12-31,2024-12-31,0,0,1,0,1,0,0,2019-10-25,2024-12-12,RESTORE_PRICE_TAIL_PLUS_PIT_FINANCIAL,2240,1086
TNAV,TNAV,,,1,2021-01-29,2021-01-29,1,0,0,0,1,0,0,,,ACQUIRE_PRICE_AND_PIT_FINANCIAL,2241,2272
TNT,TNT,,,1,2021-09-30,2021-09-30,1,0,0,0,1,0,0,,,ACQUIRE_PRICE_AND_PIT_FINANCIAL,2242,2273
TOPW,TOPW,,,1,2025-05-30,2025-05-30,1,0,0,0,1,0,0,,,ACQUIRE_PRICE_AND_PIT_FINANCIAL,2243,2274
TPIC,TPIC,,,1,2025-08-29,2025-08-29,0,0,1,0,1,0,0,2016-07-22,2025-08-18,RESTORE_PRICE_TAIL_PLUS_PIT_FINANCIAL,2244,1087
TRIB,TRIB,,,1,2022-07-29,2022-07-29,0,1,0,0,1,0,0,2023-01-03,2026-07-17,BACKFILL_PRICE_HEAD_PLUS_PIT_FINANCIAL,2245,1088
TRUE,TRUE,,,1,2026-01-30,2026-01-30,0,0,1,0,1,0,0,2014-05-16,2026-01-21,RESTORE_PRICE_TAIL_PLUS_PIT_FINANCIAL,2246,1089
TSBX,TSBX,,,1,2025-08-29,2025-08-29,0,0,1,0,1,0,0,2023-07-21,2025-08-08,RESTORE_PRICE_TAIL_PLUS_PIT_FINANCIAL,2247,1090
TSVT,TSVT,,,1,2025-05-30,2025-05-30,0,0,1,0,1,0,0,2021-11-03,2025-05-12,RESTORE_PRICE_TAIL_PLUS_PIT_FINANCIAL,2248,1091
TTNP,TTNP,,,1,2025-10-31,2025-10-31,0,0,1,0,1,0,0,1996-01-18,2025-10-01,RESTORE_PRICE_TAIL_PLUS_PIT_FINANCIAL,2249,1092
TWKS,TWKS,,,1,2024-11-29,2024-11-29,0,0,1,0,1,0,0,2021-09-15,2024-11-12,RESTORE_PRICE_TAIL_PLUS_PIT_FINANCIAL,2250,1093
UBFO,UBFO,,,1,2026-04-30,2026-04-30,0,0,1,0,1,0,0,2005-02-25,2026-03-31,RESTORE_PRICE_TAIL_PLUS_PIT_FINANCIAL,2251,1094
UBX,UBX,,,1,2025-07-31,2025-07-31,0,0,1,0,1,0,0,2018-05-03,2025-07-08,RESTORE_PRICE_TAIL_PLUS_PIT_FINANCIAL,2252,1095
UDMY,UDMY,,,1,2026-05-29,2026-05-29,0,0,1,0,1,0,0,2021-10-29,2026-05-08,RESTORE_PRICE_TAIL_PLUS_PIT_FINANCIAL,2253,1096
ULY,ULY,,,1,2026-03-31,2026-03-31,0,0,1,0,1,0,0,2023-10-19,2026-03-17,RESTORE_PRICE_TAIL_PLUS_PIT_FINANCIAL,2254,1097
UNIT,UNIT,,,1,2025-07-31,2025-07-31,0,0,0,1,1,0,0,2015-04-27,2026-07-31,FILL_INTERNAL_PRICE_GAPS_PLUS_PIT_FINANCIAL,2255,1098
USAP,USAP,,,1,2025-01-31,2025-01-31,0,0,1,0,1,0,0,2005-02-25,2025-01-22,RESTORE_PRICE_TAIL_PLUS_PIT_FINANCIAL,2256,1099
USEG,USEG,,,1,2026-06-30,2026-06-30,0,0,1,0,1,0,0,2005-02-25,2026-06-09,RESTORE_PRICE_TAIL_PLUS_PIT_FINANCIAL,2257,1100
VBTX,VBTX,,,1,2025-10-31,2025-10-31,0,0,1,0,1,0,0,2014-10-09,2025-10-17,RESTORE_PRICE_TAIL_PLUS_PIT_FINANCIAL,2258,1101
VCSA,VCSA,,,1,2025-05-30,2025-05-30,0,0,1,0,1,0,0,2021-12-08,2025-04-30,RESTORE_PRICE_TAIL_PLUS_PIT_FINANCIAL,2259,1102
VERV,VERV,,,1,2025-07-31,2025-07-31,0,0,1,0,1,0,0,2021-06-17,2025-07-09,RESTORE_PRICE_TAIL_PLUS_PIT_FINANCIAL,2260,1103
VIGL,VIGL,,,1,2025-08-29,2025-08-29,0,0,1,0,1,0,0,2022-01-07,2025-08-04,RESTORE_PRICE_TAIL_PLUS_PIT_FINANCIAL,2261,1104
VIRX,VIRX,,,1,2025-02-28,2025-02-28,0,0,1,0,1,0,0,2011-03-17,2025-02-03,RESTORE_PRICE_TAIL_PLUS_PIT_FINANCIAL,2262,1105
VMCA,VMCA,,,1,2024-12-31,2024-12-31,0,0,0,1,1,0,0,2022-04-25,2026-07-17,FILL_INTERNAL_PRICE_GAPS_PLUS_PIT_FINANCIAL,2263,1106
VOXX,VOXX,,,1,2025-04-30,2025-04-30,0,0,1,0,1,0,0,2005-02-25,2025-03-31,RESTORE_PRICE_TAIL_PLUS_PIT_FINANCIAL,2264,1107
VRNA,VRNA,,,1,2025-10-31,2025-10-31,0,0,1,0,0,1,0,2017-04-27,2025-10-01,RESTORE_PRICE_TAIL_PLUS_PIT_FINANCIAL,2265,6
VRTU,VRTU,,,1,2021-01-29,2021-01-29,1,0,0,0,1,0,0,,,ACQUIRE_PRICE_AND_PIT_FINANCIAL,2266,2275
VTYX,VTYX,,,1,2026-03-31,2026-03-31,0,0,1,0,1,0,0,2021-10-21,2026-03-03,RESTORE_PRICE_TAIL_PLUS_PIT_FINANCIAL,2267,1108
WAI,WAI,,,1,2026-07-17,2026-07-17,0,0,1,0,1,0,0,2023-04-18,2026-07-01,RESTORE_PRICE_TAIL_PLUS_PIT_FINANCIAL,2268,1109
WMPN,WMPN,,,1,2025-05-30,2025-05-30,0,0,1,0,1,0,0,2021-03-26,2025-04-30,RESTORE_PRICE_TAIL_PLUS_PIT_FINANCIAL,2269,1110
WSG,WSG,,,1,2021-01-29,2021-01-29,1,0,0,0,1,0,0,,,ACQUIRE_PRICE_AND_PIT_FINANCIAL,2270,2276
WTO,WTO,,,1,2026-07-17,2026-07-17,0,0,1,0,1,0,0,2021-04-06,2026-07-01,RESTORE_PRICE_TAIL_PLUS_PIT_FINANCIAL,2271,1111
XTKG,XTKG,,,1,2026-04-30,2026-04-30,0,0,1,0,1,0,0,2019-04-02,2026-04-01,RESTORE_PRICE_TAIL_PLUS_PIT_FINANCIAL,2272,1112
XYLO,XYLO,,,1,2025-08-29,2025-08-29,0,0,1,0,1,0,0,2015-08-05,2025-08-21,RESTORE_PRICE_TAIL_PLUS_PIT_FINANCIAL,2273,1113
YMAB,YMAB,,,1,2025-09-30,2025-09-30,0,0,1,0,1,0,0,2018-09-21,2025-09-15,RESTORE_PRICE_TAIL_PLUS_PIT_FINANCIAL,2274,1114
YRCW,YRCW,,,1,2021-01-29,2021-01-29,1,0,0,0,1,0,0,,,ACQUIRE_PRICE_AND_PIT_FINANCIAL,2275,2277
ZAGG,ZAGG,,,1,2021-01-29,2021-01-29,1,0,0,0,1,0,0,,,ACQUIRE_PRICE_AND_PIT_FINANCIAL,2276,2278
ZIMV,ZIMV,,,1,2025-10-31,2025-10-31,0,0,1,0,1,0,0,2022-02-16,2025-10-17,RESTORE_PRICE_TAIL_PLUS_PIT_FINANCIAL,2277,1115
ZYXI,ZYXI,,,1,2025-12-31,2025-12-31,0,0,1,0,1,0,0,2019-02-12,2025-12-23,RESTORE_PRICE_TAIL_PLUS_PIT_FINANCIAL,2278,1116
