imp_date,ticker,action,price,short_ma,long_ma,50d_ma,rsi,adx,volume_avg_w,volume_avg_w_pct,k,d,j
2025-06-23,LSEA,sell,11.31,11.294,11.278,8.9743,82.98,70.01,1654148.0,0.95,78.35,61.05,112.95
2025-06-23,WDC,sell,60.38,58.968,55.215,47.7998,82.26,50.2,4626889.0,-0.41,88.93,85.78,95.23
2025-06-23,FARO,sell,43.75,43.77,42.74,37.4367,81.08,60.18,761689.0,-0.45,88.41,84.9,95.43
2025-06-23,TSSI,sell,26.96,23.945,18.4603,12.4096,80.64,54.41,3247445.0,0.12,93.56,90.82,99.04
2025-06-23,INSM,sell,105.42,101.886,83.5145,74.7888,80.33,40.97,3505259.0,-0.01,97.09,94.42,102.43
2025-06-23,TLN,sell,291.59,287.486,263.8248,237.9712,79.8,43.66,783594.0,-0.05,91.52,89.69,95.18
2025-06-23,OUST,sell,23.7,20.894,15.9578,11.5617,79.71,63.29,7139094.0,0.55,89.7,88.06,92.98
2025-06-23,CAR,sell,147.0,133.33,124.2165,106.1911,79.39,29.64,1712916.0,0.54,92.45,86.82,103.71
2025-06-23,MU,sell,122.08,121.536,108.815,92.6804,79.36,42.98,23399220.0,0.02,93.73,93.63,93.93
2025-06-23,ITRI,sell,130.81,126.758,120.625,113.2102,79.25,39.83,852372.0,0.33,93.43,91.95,96.39
2025-06-23,RDWR,sell,28.25,27.702,25.02,23.5739,79.21,35.33,235742.0,-0.81,86.0,83.48,91.04
2025-06-23,EYE,sell,22.69,22.656,21.091,17.184,79.15,57.36,3413361.0,0.37,86.16,88.71,81.06
2025-06-23,SAGE,sell,9.3,9.184,7.281,7.2032,78.92,32.23,1788577.0,-0.81,90.73,78.66,114.87
2025-06-23,ZS,sell,310.46,306.228,290.654,251.1748,78.9,49.8,3054869.0,0.13,90.6,90.76,90.28
2025-06-23,STX,sell,133.08,131.45,125.157,103.9872,78.52,56.21,4372694.0,0.11,87.73,85.56,92.07
2025-06-23,BELFB,sell,93.31,89.81,79.8638,74.6849,78.33,30.37,163878.0,-0.07,93.65,90.19,100.57
2025-06-23,VRNA,sell,97.05,93.584,86.0072,74.3666,78.3,35.88,1224726.0,0.16,93.98,91.75,98.44
2025-06-23,GRPN,sell,36.93,36.367,32.4788,25.6807,77.78,42.09,2170717.0,0.03,76.3,84.52,59.86
2025-06-23,NTRS,sell,120.81,112.836,108.8735,101.7369,77.27,40.07,15633152.0,6.28,80.3,76.01,88.88
2025-06-23,TRUP,sell,56.445,54.627,50.3165,44.3568,76.52,27.72,348088.0,-0.34,93.83,91.34,98.81
2025-06-23,FLEX,sell,46.35,45.548,43.497,39.1635,76.08,37.44,2758556.0,-0.47,85.46,84.29,87.8
2025-06-23,FWONK,sell,104.28,101.294,98.142,93.0202,75.9,42.47,1343411.0,0.0,84.34,71.59,109.84
2025-06-23,BPMC,sell,128.4,128.24,121.0885,104.2477,75.84,42.77,3407460.0,-0.18,94.56,96.22,91.24
2025-06-23,CRMD,sell,16.56,14.406,13.5905,11.3956,75.2,39.57,7091502.0,4.61,66.39,67.63,63.91
2025-06-23,SITM,sell,232.34,225.586,209.9755,183.5034,74.96,30.48,208896.0,-0.22,90.19,82.54,105.49
2025-06-23,CTLP,sell,10.99,10.988,9.448,8.5644,74.71,39.68,3658279.0,-0.61,96.76,92.62,105.04
2025-06-23,TTMI,sell,36.95,36.82,33.6183,27.6514,74.63,55.8,1572387.0,-0.04,87.94,88.24,87.34
2025-06-23,MOMO,sell,8.4,8.426,7.332,6.439,74.49,49.64,1177415.0,-0.45,91.45,92.13,90.09
2025-06-23,CRDO,sell,84.57,82.91,72.178,57.6154,74.48,39.98,7332518.0,0.04,88.36,82.56,99.96
2025-06-23,BSY,sell,51.83,50.74,48.9175,46.4976,74.29,36.32,1862134.0,-0.24,90.44,82.29,106.74
2025-06-23,CWCO,sell,30.03,29.214,27.9402,25.7521,74.11,48.58,278451.0,0.01,89.49,86.48,95.51
2025-06-23,MSFT,sell,486.0,480.164,469.254,437.0274,74.1,46.28,24863115.0,0.15,89.24,89.34,89.04
2025-06-23,WWD,sell,241.67,238.012,229.2752,205.1069,73.57,41.18,420373.0,-0.28,92.02,89.94,96.18
2025-06-23,MTSI,sell,138.65,134.371,128.1428,117.3323,73.52,35.82,734375.0,-0.12,90.85,86.48,99.59
2025-06-23,GOGO,sell,14.08,13.544,11.7845,10.0764,73.46,37.6,2062135.0,-0.37,80.48,76.74,87.96
2025-06-23,GSAT,sell,23.79,23.564,20.855,19.8964,73.11,34.74,517878.0,-0.15,89.47,90.26,87.89
2025-06-23,DHC,sell,3.68,3.662,3.3795,2.8948,73.07,47.55,733754.0,-0.35,80.23,83.59,73.51
2025-06-23,STRL,sell,222.5,219.07,201.258,177.4614,72.93,35.5,666557.0,-0.26,77.18,80.44,70.66
2025-06-23,CLFD,sell,41.68,39.586,38.8062,34.5031,72.77,30.2,122009.0,0.18,83.6,74.02,102.76
2025-06-23,SEZL,sell,144.98,145.07,126.5135,88.6073,72.56,47.88,1038232.0,0.08,86.08,86.93,84.38
2025-06-23,TMC,sell,6.56,6.18,4.8225,3.8106,72.55,53.35,8765956.0,-0.67,74.39,68.44,86.29
2025-06-23,MYRG,sell,173.33,168.352,163.425,148.7453,72.55,21.29,134834.0,-0.48,84.97,78.26,98.39
2025-06-23,ABCL,sell,3.33,3.298,2.6665,2.4286,72.53,44.36,5319841.0,-0.34,84.34,82.5,88.02
2025-06-23,WLDN,sell,58.41,58.031,55.9138,47.5122,72.52,54.35,123944.0,-0.25,82.64,83.44,81.04
2025-06-23,AEVA,sell,27.32,26.326,21.4135,14.5549,72.37,63.52,2796150.0,-0.01,88.89,90.39,85.89
2025-06-23,SNDK,sell,46.95,45.69,41.014,37.4411,71.77,25.49,1791589.0,-0.49,87.7,84.58,93.94
2025-06-23,DH,sell,3.97,3.822,3.5645,3.1614,71.76,42.24,991441.0,0.12,83.47,79.98,90.45
2025-06-23,LITE,sell,89.16,87.881,81.521,70.7188,71.59,38.84,1537359.0,-0.3,89.52,86.53,95.5
2025-06-23,CASY,sell,510.43,506.206,470.4435,460.2138,71.57,27.18,308401.0,-0.32,90.36,85.15,100.78
2025-06-23,IRTC,sell,150.95,146.396,144.962,130.4718,71.53,29.55,472411.0,0.3,74.75,67.93,88.39
2025-06-23,CRSP,sell,45.55,43.8,40.3192,38.6177,71.5,24.06,2234188.0,-0.38,77.14,72.2,87.02
2025-06-23,SAIL,sell,23.52,23.084,20.009,18.6514,71.39,32.87,1794547.0,-0.26,86.79,84.35,91.67
2025-06-23,DASH,sell,230.32,222.496,215.5085,200.1784,71.24,15.43,5159584.0,0.09,88.29,86.32,92.23
2025-06-23,ORIC,sell,10.0,9.394,8.697,6.591,71.17,37.15,816572.0,-0.21,80.24,79.73,81.26
2025-06-23,PLAY,sell,31.66,32.35,26.3882,22.5178,71.11,46.07,1193403.0,-0.19,93.11,93.24,92.85
2025-06-23,BBIO,sell,42.175,41.023,37.8498,36.1248,71.06,33.27,2589689.0,-0.32,93.78,90.75,99.84
2025-06-23,VSAT,sell,12.83,13.056,10.6185,9.8643,71.02,34.43,2068841.0,-0.42,81.46,79.92,84.54
2025-06-23,MGNI,sell,18.89,18.647,17.3078,14.7149,70.85,43.48,1620898.0,-0.31,85.43,86.21,83.87
2025-06-23,AGYS,sell,113.15,109.886,109.2515,90.527,70.81,52.86,325236.0,0.86,62.46,62.9,61.58
2025-06-23,LFMD,sell,14.3,14.234,12.72,9.6238,70.71,61.54,3441000.0,0.47,76.72,79.25,71.66
2025-06-23,URGN,sell,14.3,14.28,8.1765,9.096,70.61,41.54,2094370.0,-0.59,88.76,84.34,97.6
2025-06-23,COIN,sell,307.59,285.336,260.455,230.817,70.49,21.34,17553390.0,-0.22,80.84,65.42,111.68
2025-06-23,COOP,sell,152.34,146.004,136.991,126.163,70.46,36.29,936004.0,-0.18,89.38,83.44,101.26
2025-06-23,RKLB,sell,32.78,28.728,27.6235,24.3481,70.39,26.89,44056812.0,1.11,58.45,41.12,93.11
2025-06-23,AMED,sell,97.84,97.608,95.5365,94.607,70.29,40.6,213627.0,-0.63,85.45,81.38,93.59
2025-06-23,ALGM,sell,31.88,31.163,28.5345,24.3464,70.21,38.43,1347507.0,-0.35,91.41,86.92,100.39
2025-06-23,FTDR,sell,59.03,57.856,56.565,50.9527,70.14,33.61,658532.0,-0.02,85.26,80.44,94.9
2025-06-23,KTOS,sell,43.63,42.668,39.9735,36.4154,70.0,31.97,5487512.0,0.61,77.98,82.16,69.62
2025-06-23,IONS,sell,37.67,36.696,35.2345,32.7565,69.71,26.73,1438543.0,-0.24,85.07,79.36,96.49
2025-06-23,TDUP,sell,8.4,8.246,7.65,6.1332,69.65,51.4,3750220.0,0.3,85.27,82.86,90.09
2025-06-23,DKNG,sell,41.46,39.51,36.6615,35.5484,69.6,17.16,8010004.0,-0.19,93.89,88.01,105.65
2025-06-23,PCT,sell,13.11,13.164,10.991,8.6889,69.36,47.32,4041068.0,-0.56,69.94,76.97,55.88
2025-06-23,MIRM,sell,50.275,50.507,47.1317,44.2103,69.26,32.2,353549.0,-0.38,90.25,89.86,91.03
2025-06-23,ARM,sell,149.33,145.436,135.9072,124.3043,69.17,26.06,4742264.0,0.08,88.25,82.42,99.91
2025-06-23,ASTL,sell,6.87,6.736,5.8915,5.5419,69.14,24.91,1153132.0,-0.3,90.71,87.18,97.77
2025-06-23,ALLT,sell,9.36,8.88,8.6155,7.3558,69.09,34.5,661430.0,0.25,73.01,67.1,84.83
2025-06-23,AVDX,sell,9.79,9.778,9.7775,9.0887,69.03,44.75,929983.0,-0.67,55.09,48.73,67.81
2025-06-23,BLBD,sell,42.88,42.014,40.3898,38.3469,69.02,34.15,356830.0,-0.02,85.75,78.97,99.31
2025-06-23,IDCC,sell,232.47,225.784,221.2215,211.8338,68.96,16.14,230300.0,-0.07,76.83,69.71,91.07
2025-06-23,CSCO,sell,67.38,66.076,64.719,61.3188,68.91,31.38,34029979.0,0.25,86.19,77.94,102.69
2025-06-23,DDOG,sell,129.52,126.766,120.996,110.956,68.88,30.78,4531361.0,-0.16,83.54,81.4,87.82
2025-06-23,AMD,sell,129.58,127.62,119.138,107.8921,68.59,31.39,65152859.0,-0.18,80.03,78.32,83.45
2025-06-23,NMIH,sell,41.88,40.685,39.8168,37.5109,68.55,31.65,426333.0,-0.3,80.51,75.42,90.69
2025-06-23,KYMR,sell,46.29,46.358,42.138,34.8682,68.48,43.87,378336.0,-0.4,67.68,77.33,48.38
2025-06-23,AEIS,sell,130.03,127.486,122.0522,111.0496,68.32,32.2,469935.0,0.03,85.71,81.51,94.11
2025-06-23,PBPB,sell,11.84,11.256,10.8815,9.7073,68.11,33.33,294868.0,0.04,79.64,74.28,90.36
2025-06-23,SANM,sell,91.71,89.708,87.2825,82.6302,68.02,17.5,278713.0,-0.45,88.15,83.83,96.79
2025-06-23,SRAD,sell,25.89,25.19,24.3835,23.7128,68.01,17.77,1638080.0,0.13,78.79,73.45,89.47
2025-06-23,GPRE,sell,5.57,5.695,4.6963,4.2873,67.92,30.56,1501394.0,-0.43,83.58,81.24,88.26
2025-06-23,SIMO,sell,70.02,69.936,66.347,56.845,67.86,46.18,231611.0,-0.37,83.37,85.96,78.19
2025-06-23,NAGE,sell,13.64,13.776,12.5227,9.9708,67.72,55.34,728355.0,-0.11,78.51,83.24,69.05
2025-06-23,EVLV,sell,6.06,5.544,5.472,4.6946,67.59,31.98,5623355.0,1.34,72.92,51.96,114.84
2025-06-23,NDAQ,sell,86.73,86.366,84.9215,80.077,67.47,42.39,3940363.0,-0.02,77.86,79.61,74.36
2025-06-23,STOK,sell,11.59,11.62,10.8225,9.7426,67.37,37.02,421726.0,-0.28,79.24,83.81,70.1
2025-06-23,RDFN,sell,11.54,10.946,10.381,9.6752,67.37,28.11,4346401.0,-0.18,86.22,78.28,102.1
2025-06-23,AAOI,sell,22.57,19.932,17.5298,15.6683,67.32,17.18,6023547.0,-0.29,75.05,58.18,108.79
2025-06-23,CRWV,sell,173.68,171.538,144.463,90.9048,67.19,62.68,26820736.0,0.04,85.88,85.43,86.78
2025-06-23,GLDD,sell,12.15,11.806,11.5073,10.4849,67.09,36.65,872320.0,0.34,84.74,81.22,91.78
2025-06-23,NFLX,sell,1253.54,1230.652,1219.7287,1145.1441,67.06,20.22,2667154.0,-0.08,66.12,58.17,82.02
2025-06-23,ULTA,sell,471.56,472.512,457.8688,416.2613,67.05,36.96,587907.0,-0.29,69.2,68.13,71.34
2025-06-23,NN,sell,14.63,14.468,12.8428,12.699,67.05,20.78,1382100.0,-0.23,82.04,75.02,96.08
2025-06-23,SLAB,sell,142.4,141.952,131.8385,117.8806,67.04,32.18,353981.0,-0.17,86.15,84.46,89.53
2025-06-23,AMSC,sell,32.42,30.63,29.936,24.5064,66.78,32.39,1465423.0,0.36,51.53,52.64,49.31
2025-06-23,AVXL,sell,9.3,8.99,8.113,8.486,66.77,26.52,678176.0,-0.34,89.41,83.55,101.13
2025-06-23,CVAC,sell,5.395,5.469,4.7978,3.9899,66.75,45.32,763859.0,-0.49,82.01,80.07,85.89
2025-06-23,PSNL,sell,6.21,6.368,5.4485,4.6609,66.69,45.32,1214352.0,-0.21,82.55,83.76,80.13
2025-06-23,LAUR,sell,23.03,22.57,22.307,21.5462,66.47,20.54,901165.0,-0.19,75.22,64.46,96.74
2025-06-23,TRS,sell,27.88,27.234,26.6492,24.5589,66.45,33.88,339416.0,-0.16,78.75,72.72,90.81
2025-06-23,MQ,sell,5.59,5.55,5.414,4.7473,66.38,34.78,4465819.0,-0.29,80.2,80.69,79.22
2025-06-23,LLYVK,sell,80.86,78.744,75.9828,74.1107,66.37,12.87,255978.0,-0.18,84.51,74.98,103.57
2025-06-23,DOOO,sell,47.85,47.688,45.167,39.1244,66.36,41.47,311959.0,0.07,67.89,76.68,50.31
2025-06-23,METC,sell,11.6,11.252,10.048,9.6631,66.32,35.46,896516.0,-0.34,80.53,80.64,80.31
2025-06-23,AUTL,sell,2.21,2.08,2.026,1.6302,66.23,40.53,2232882.0,0.02,54.18,60.49,41.56
2025-06-23,MCHP,sell,68.58,68.29,64.448,55.2264,66.23,38.35,7497854.0,-0.27,80.01,80.43,79.17
2025-06-23,RGLS,sell,8.14,8.13,8.0685,6.5176,66.16,74.57,5004547.0,-0.03,56.02,59.4,49.26
2025-06-23,CAKE,sell,60.11,59.432,57.229,53.2036,66.16,31.45,1333156.0,-0.06,90.36,86.1,98.88
2025-06-23,PLUS,sell,73.71,71.308,70.9433,66.0562,66.16,24.65,141554.0,-0.38,71.38,62.02,90.1
2025-06-23,VITL,sell,36.1,34.922,32.577,33.5472,66.1,21.69,584040.0,-0.52,80.43,67.77,105.75
2025-06-23,TXN,sell,201.39,198.97,192.4075,176.6616,66.09,25.4,4565237.0,-0.33,82.51,81.29,84.95
2025-06-23,ALNY,sell,313.13,310.528,302.871,276.415,65.87,34.61,503127.0,-0.41,78.94,80.89,75.04
2025-06-23,FWRD,sell,22.11,22.558,19.316,17.544,65.77,31.08,1065213.0,0.39,80.74,80.76,80.7
2025-06-23,SPRY,sell,16.57,15.652,14.836,14.3311,65.77,24.27,1408296.0,-0.13,85.7,76.76,103.58
2025-06-23,COGT,sell,7.26,7.368,6.404,5.46,65.73,40.07,1428613.0,-0.48,81.09,84.06,75.15
2025-06-23,EXTR,sell,17.2,16.745,16.3903,14.8131,65.68,25.76,1201356.0,0.22,80.56,75.14,91.4
2025-06-23,ALT,sell,6.99,6.912,6.145,5.5906,65.67,36.12,5564349.0,0.02,75.57,73.98,78.75
2025-06-23,RPRX,sell,35.4,34.966,33.8385,33.1078,65.66,20.76,3356997.0,-0.28,87.39,83.31,95.55
2025-06-23,PGY,sell,18.74,18.616,17.6085,14.2268,65.56,38.81,1590099.0,0.03,82.85,83.07,82.41
2025-06-23,CIGI,sell,131.72,128.939,125.4265,121.7992,65.54,19.98,196882.0,0.46,83.35,78.31,93.43
2025-06-23,INTU,sell,762.55,762.3,759.7415,680.2594,65.39,42.82,1222613.0,-0.37,55.89,65.06,37.55
2025-06-23,DLTR,sell,100.51,98.82,94.151,87.0634,65.36,33.41,5544323.0,0.36,91.83,87.0,101.49
2025-06-23,IREN,sell,10.66,10.22,9.6095,7.9204,65.34,32.66,27106021.0,0.45,80.82,78.53,85.4
2025-06-23,ILMN,sell,90.61,90.216,85.572,80.6358,65.33,25.13,2151039.0,-0.08,89.55,85.62,97.41
2025-06-23,HOOD,sell,76.35,76.98,71.796,59.4816,65.22,37.47,35289749.0,0.11,82.92,83.22,82.32
2025-06-23,AXON,sell,783.24,777.9,767.855,689.0878,65.2,20.29,391484.0,-0.39,59.94,63.37,53.08
2025-06-23,AVO,sell,12.26,12.45,11.4583,10.821,65.18,29.65,336960.0,-0.47,90.06,90.58,89.02
2025-06-23,SHYF,sell,11.94,12.002,11.325,9.763,65.1,32.1,116583.0,-0.5,68.84,77.13,52.26
2025-06-23,TTWO,sell,241.59,238.916,232.193,226.6846,65.09,13.34,1718858.0,-0.3,85.62,80.18,96.5
2025-06-23,ACT,sell,37.33,36.078,35.309,35.597,65.09,12.13,546344.0,-0.37,80.6,63.38,115.04
2025-06-23,LMB,sell,141.17,140.036,135.2795,116.5932,64.91,45.56,122787.0,-0.18,77.42,80.41,71.44
2025-06-23,RMR,sell,16.51,16.286,15.636,15.1322,64.88,22.73,163763.0,0.03,86.57,84.45,90.81
2025-06-23,OLPX,sell,1.5,1.432,1.3345,1.3007,64.86,20.02,1961861.0,0.58,73.03,66.28,86.53
2025-06-23,ADPT,sell,10.56,10.368,9.9795,9.0165,64.78,30.64,1389108.0,-0.21,74.28,74.51,73.82
2025-06-23,INDV,sell,13.95,13.962,13.2635,11.7284,64.76,46.87,1013066.0,0.1,80.89,84.57,73.53
2025-06-23,CLMT,sell,15.85,16.477,14.5522,12.6723,64.66,28.96,1032690.0,-0.24,77.36,75.88,80.32
2025-06-23,GDRX,sell,4.69,4.518,4.189,4.2861,64.65,27.26,1474001.0,-0.13,84.25,78.54,95.67
2025-06-23,CEG,sell,315.21,308.054,302.9605,268.8503,64.56,36.54,2314443.0,-0.11,39.39,34.06,50.05
2025-06-23,KRUS,sell,80.01,78.468,74.509,66.293,64.4,28.23,179395.0,-0.18,73.04,73.53,72.06
2025-06-23,DIOD,sell,51.71,50.758,48.5055,43.867,64.37,25.97,506354.0,-0.18,82.58,78.77,90.2
2025-06-23,SKBL,sell,12.96,12.088,10.766,11.5636,64.32,16.39,2192438.0,1.05,91.03,83.88,105.33
2025-06-23,SBRA,sell,18.59,18.232,17.8665,17.7734,64.32,9.77,2189198.0,-0.26,84.43,77.33,98.63
2025-06-23,BPOP,sell,107.54,104.688,104.539,99.4958,64.31,15.85,619012.0,0.05,61.02,53.68,75.7
2025-06-23,NVMI,sell,234.1,231.16,218.8795,201.1297,64.26,31.49,115395.0,-0.3,87.57,85.03,92.65
2025-06-23,IESC,sell,281.39,274.284,267.589,239.5058,64.24,19.04,258575.0,0.4,75.51,70.67,85.19
2025-06-23,APEI,sell,30.11,28.924,28.4802,26.619,64.22,18.08,351620.0,0.12,69.33,54.89,98.21
2025-06-23,CMPO,sell,14.05,13.964,13.7685,12.3259,64.2,48.58,402826.0,-0.47,64.19,65.85,60.87
2025-06-23,LRCX,sell,91.61,92.082,87.398,79.3984,64.12,26.51,12550981.0,-0.07,78.51,82.93,69.67
2025-06-23,BYRN,sell,31.67,31.15,28.5958,24.9225,64.06,34.95,440172.0,0.15,74.63,73.73,76.43
2025-06-23,IRDM,sell,29.2,28.865,27.4593,25.7941,64.06,25.75,953221.0,-0.24,86.81,86.23,87.97
2025-06-23,SLNO,sell,81.42,79.306,77.5635,74.9208,64.06,16.26,1038479.0,-0.05,81.94,75.66,94.5
2025-06-23,LASR,sell,17.6,18.248,17.068,12.4926,64.04,61.42,1370417.0,0.46,68.52,78.96,47.64
2025-06-23,HAS,sell,70.6,68.886,67.418,63.0614,64.03,26.27,2581823.0,0.12,79.6,73.82,91.16
2025-06-23,EWBC,sell,97.51,94.086,92.8675,88.8002,63.98,16.64,848515.0,-0.24,75.63,64.61,97.67
2025-06-23,FIVE,sell,124.41,124.25,121.5228,98.8351,63.97,55.9,1361479.0,0.08,41.18,49.21,25.12
2025-06-23,LGND,sell,114.975,114.247,108.0482,106.6637,63.95,25.45,115168.0,-0.26,87.26,85.33,91.12
2025-06-23,GDEN,sell,29.64,28.619,28.0242,27.2395,63.91,15.6,134928.0,-0.49,79.09,61.48,114.31
2025-06-23,FTAI,sell,130.23,127.342,122.8615,112.1504,63.75,18.08,1476433.0,0.11,79.05,72.37,92.41
2025-06-23,HDSN,sell,7.91,7.841,7.3685,6.9154,63.73,31.41,240896.0,-0.64,79.86,74.93,89.72
2025-06-23,TSCO,sell,53.66,52.176,50.6305,50.8044,63.72,14.73,4457492.0,-0.07,92.49,86.08,105.31
2025-06-23,ON,sell,53.17,53.014,48.9703,43.4356,63.64,37.16,5670650.0,-0.39,84.64,84.51,84.9
2025-06-23,SSRM,sell,13.03,12.926,12.43,11.3808,63.59,33.3,2161956.0,-0.52,72.53,72.47,72.65
2025-06-23,SWTX,sell,46.97,46.888,46.748,44.8602,63.56,25.7,2619344.0,-0.67,80.24,80.05,80.62
2025-06-23,PANW,sell,203.32,200.5,195.306,187.174,63.56,12.71,4478725.0,-0.1,83.89,81.76,88.15
2025-06-23,LILAK,sell,5.86,5.7,5.3175,5.2756,63.55,18.34,511624.0,-0.64,90.95,85.46,101.93
2025-06-23,ESQ,sell,93.73,90.512,90.3738,87.3463,63.54,13.73,191796.0,0.52,61.7,56.28,72.54
2025-06-23,NTES,sell,130.33,129.664,127.551,115.3462,63.51,31.48,512784.0,-0.48,65.3,73.06,49.78
2025-06-23,MTRX,sell,13.1,12.728,12.406,12.0588,63.44,24.01,141156.0,-0.28,82.64,71.15,105.62
2025-06-23,WBD,sell,10.68,10.622,10.0565,9.1906,63.41,41.17,41873528.0,-0.32,73.05,69.29,80.57
2025-06-23,AFRM,sell,62.19,61.336,57.2305,51.852,63.39,25.6,4296031.0,-0.11,73.55,73.75,73.15
2025-06-23,LILA,sell,5.74,5.586,5.2095,5.2016,63.39,19.93,235536.0,-0.4,90.93,85.19,102.41
2025-06-23,PRDO,sell,33.05,32.224,32.5835,29.8852,63.32,31.44,463142.0,-0.28,38.22,35.24,44.18
2025-06-23,LAND,sell,10.46,10.168,9.9777,9.7743,63.27,16.04,405780.0,0.34,76.91,72.94,84.85
2025-06-23,NTRA,sell,170.37,169.802,163.9835,156.8342,63.24,25.12,767123.0,-0.45,84.15,82.78,86.89
2025-06-23,EA,sell,154.41,151.48,148.151,148.0654,63.23,15.65,2752015.0,-0.25,85.67,80.26,96.49
2025-06-23,FULC,sell,7.17,6.751,6.8628,5.5402,63.22,38.22,1026998.0,0.74,51.93,46.77,62.25
2025-06-23,RRR,sell,50.93,50.47,49.3115,45.8752,63.18,33.87,641450.0,-0.15,78.08,73.43,87.38
2025-06-23,ACAD,sell,22.48,22.616,22.0958,18.6703,63.14,49.6,1294654.0,-0.58,63.73,59.03,73.13
2025-06-23,WING,sell,360.19,351.296,354.896,299.2783,63.13,43.44,622293.0,-0.0,37.12,45.67,20.02
2025-06-23,NWSA,sell,28.86,28.254,28.0315,27.5618,63.06,13.39,2705325.0,-0.56,75.82,61.46,104.54
2025-06-23,COMM,sell,6.46,6.036,6.0325,5.1074,63.04,19.68,3814699.0,-0.25,74.99,64.61,95.75
2025-06-23,NVDA,sell,144.17,144.462,140.8425,126.0898,62.99,38.03,154308941.0,-0.15,82.0,84.94,76.12
2025-06-23,SATS,sell,25.15,24.926,19.7232,21.365,62.88,27.09,2365030.0,-0.7,84.49,71.87,109.73
2025-06-23,NTCT,sell,24.14,23.814,23.4505,22.2632,62.88,24.22,404408.0,-0.23,79.28,74.84,88.16
2025-06-23,CARE,sell,16.93,16.53,16.479,15.7841,62.81,27.35,113758.0,-0.32,62.64,55.74,76.44
2025-06-23,META,sell,698.53,695.2,677.818,617.4716,62.77,33.87,11080054.0,-0.21,75.65,79.18,68.59
2025-06-23,LECO,sell,206.73,202.738,199.002,191.1396,62.75,18.13,260813.0,-0.38,82.02,78.55,88.96
2025-06-23,AKBA,sell,3.64,3.592,3.458,2.7868,62.73,46.55,5316760.0,0.04,56.67,61.81,46.39
2025-06-23,AVGO,sell,253.77,251.298,248.221,219.6668,62.73,33.59,19746475.0,-0.31,50.04,54.16,41.8
2025-06-23,SOFI,sell,15.36,15.05,14.138,13.167,62.7,22.54,60990914.0,-0.21,84.39,80.85,91.47
2025-06-23,AVAV,sell,191.23,189.264,185.402,167.6278,62.69,31.83,969743.0,0.16,55.8,61.08,45.24
2025-06-23,UPST,sell,59.07,56.924,52.662,48.7494,62.62,21.77,6190843.0,-0.05,74.79,70.29,83.79
2025-06-23,CRCT,sell,6.67,6.59,6.3492,5.721,62.51,35.87,269608.0,-0.4,87.14,83.53,94.36
2025-06-23,MLCO,sell,6.64,6.43,6.2675,5.8014,62.44,28.96,2348096.0,0.23,81.03,69.94,103.21
2025-06-23,CRWD,sell,491.81,484.938,474.136,439.1572,62.43,18.17,4431248.0,0.26,82.65,79.19,89.57
2025-06-23,ROKU,sell,80.9,81.224,76.512,69.384,62.42,30.38,4781258.0,-0.1,68.99,71.31,64.35
2025-06-23,RDUS,sell,29.66,29.612,29.5965,29.4,62.36,34.04,399108.0,-0.34,65.93,62.05,73.69
2025-06-23,CELH,sell,42.83,43.584,40.415,38.1782,62.25,17.82,5833458.0,-0.23,82.29,84.73,77.41
2025-06-23,PARA,sell,12.32,12.134,12.049,11.6968,62.22,18.04,6341014.0,-0.52,68.01,57.96,88.11
2025-06-23,NWS,sell,33.18,32.442,32.2735,31.8374,62.22,12.27,886734.0,-0.41,69.32,49.49,108.98
2025-06-23,AKRO,sell,54.03,54.856,52.2277,45.5562,62.21,29.34,1272092.0,-0.08,68.66,76.79,52.4
2025-06-23,AZ,sell,10.265,10.244,9.428,8.624,62.21,28.36,241973.0,-0.58,73.23,69.58,80.53
2025-06-23,VSEC,sell,137.62,135.492,133.1908,125.22,62.18,27.09,138178.0,-0.15,66.85,68.05,64.45
2025-06-23,SEPN,sell,10.53,10.454,10.0895,8.3878,62.17,41.98,537462.0,-0.08,62.64,65.75,56.42
2025-06-23,PLTR,sell,139.92,139.358,131.9025,119.945,62.12,20.67,70501077.0,-0.05,78.21,77.76,79.11
2025-06-23,FLNC,sell,5.62,5.54,4.975,4.6644,62.1,25.55,5245488.0,-0.38,71.19,67.98,77.61
2025-06-23,FITB,sell,40.15,38.94,38.648,37.4018,62.08,14.32,8297092.0,0.45,69.67,59.43,90.15
2025-06-23,MXL,sell,13.09,12.848,12.2093,11.4392,62.08,12.88,694659.0,-0.36,82.96,77.88,93.12
2025-06-23,TXG,sell,10.79,10.808,9.8735,9.0244,62.02,26.22,3104763.0,-0.12,83.01,82.77,83.49
2025-06-23,BWIN,sell,41.86,39.554,38.984,40.0267,61.87,18.28,1521806.0,1.07,67.06,54.62,91.94
2025-06-23,FFIV,sell,295.09,289.526,289.251,277.5528,61.83,13.69,452294.0,-0.07,63.4,62.49,65.22
2025-06-23,TCBI,sell,77.26,75.854,74.4335,71.6019,61.8,25.9,365766.0,0.01,49.27,50.34,47.13
2025-06-23,INTR,sell,7.48,7.488,7.1635,6.7466,61.8,24.28,3069847.0,0.29,82.36,75.19,96.7
2025-06-23,KE,sell,19.24,19.042,18.6625,16.8456,61.77,27.93,156816.0,-0.22,67.04,68.3,64.52
2025-06-23,TASK,sell,16.75,16.73,16.716,15.4072,61.7,37.06,325101.0,0.05,57.8,58.93,55.54
2025-06-23,PAX,sell,13.68,13.856,13.383,12.0104,61.59,41.69,339156.0,-0.46,82.77,86.31,75.69
2025-06-23,VRNS,sell,49.44,49.452,49.161,45.7674,61.55,36.06,1680865.0,0.42,48.42,59.78,25.7
2025-06-23,ANIP,sell,66.03,64.778,61.729,64.7614,61.55,18.14,179534.0,-0.48,91.14,84.94,103.54
2025-06-23,STNE,sell,14.96,14.882,14.0085,13.4876,61.54,25.57,3587155.0,-0.25,78.03,73.81,86.47
2025-06-23,WEN,sell,12.31,11.622,11.492,12.0374,61.45,19.39,11826864.0,0.26,66.58,50.08,99.58
2025-06-23,PAA,sell,18.25,18.14,17.4165,17.2894,61.43,23.87,2127379.0,-0.63,78.36,79.91,75.26
2025-06-23,KLAC,sell,856.28,872.564,821.908,753.979,61.42,32.84,1427192.0,-0.15,72.82,81.05,56.36
2025-06-23,NBIS,sell,47.48,48.512,44.7845,34.4291,61.4,44.14,12395989.0,-0.0,66.02,69.63,58.8
2025-06-23,LAB,sell,1.23,1.098,1.0598,1.0979,61.31,15.15,20731554.0,14.91,50.74,57.45,37.32
2025-06-23,PZZA,sell,49.0,49.286,47.7215,40.4942,61.29,44.61,1079012.0,-0.12,47.1,56.86,27.58
2025-06-23,CYBR,sell,397.06,389.666,390.173,365.8302,61.28,24.66,873945.0,0.19,48.02,52.19,39.68
2025-06-23,ARCB,sell,71.06,69.046,66.2555,63.9832,61.28,15.06,249110.0,-0.16,76.93,71.92,86.95
2025-06-23,EBAY,sell,76.86,77.424,76.2268,71.5269,61.25,40.38,5935095.0,-0.14,62.94,70.81,47.2
2025-06-23,ORRF,sell,31.36,30.076,30.231,29.6284,61.23,28.04,157477.0,0.36,48.03,39.64,64.81
2025-06-23,IMKTA,sell,63.46,61.776,61.329,61.8546,61.19,8.81,121371.0,-0.07,66.91,49.35,102.03
2025-06-23,LINC,sell,23.09,22.694,22.6855,20.2964,61.15,32.89,176712.0,0.04,63.27,54.19,81.43
2025-06-23,CSX,sell,32.42,32.28,31.921,30.1152,61.14,34.43,12350380.0,-0.28,63.15,66.65,56.15
2025-06-23,JOYY,sell,49.18,49.878,48.4432,44.2947,61.13,38.48,214804.0,-0.5,74.89,81.85,60.97
2025-06-23,SHEN,sell,13.85,14.02,13.2705,12.5844,61.12,29.54,317095.0,-0.26,76.22,82.49,63.68
2025-06-23,SYBT,sell,77.455,74.561,74.6222,73.5512,61.1,18.05,138259.0,0.27,56.34,55.08,58.86
2025-06-23,NBIX,sell,125.8,125.908,124.511,115.7294,60.98,44.03,1057642.0,0.06,66.63,69.61,60.67
2025-06-23,ADI,sell,230.98,229.644,223.215,208.995,60.97,23.58,3572310.0,0.03,73.72,73.72,73.72
2025-06-23,WGS,sell,79.71,68.413,69.9317,76.3317,60.89,12.73,2392221.0,2.61,49.84,36.48,76.56
2025-06-23,CSQ,sell,17.58,17.454,17.405,16.6366,60.82,20.13,234073.0,0.27,59.4,63.26,51.68
2025-06-23,SFM,sell,173.29,164.574,166.2903,165.0801,60.73,13.78,1899414.0,-0.2,40.97,29.73,63.45
2025-06-23,ATRO,sell,33.47,33.798,32.865,28.2042,60.72,52.96,534131.0,-0.35,50.19,63.81,22.95
2025-06-23,PAGP,sell,19.43,19.34,18.5585,18.4423,60.72,24.47,1795434.0,-0.05,78.79,80.57,75.23
2025-06-23,HOLX,sell,64.43,64.44,63.3365,59.3678,60.66,35.4,3148461.0,-0.09,70.1,71.43,67.44
2025-06-23,PENN,sell,17.11,16.88,15.9515,15.5286,60.62,15.64,5302881.0,-0.21,83.54,81.03,88.56
2025-06-23,GILT,sell,6.61,6.402,6.0422,6.1932,60.6,16.64,418343.0,-0.25,85.8,79.27,98.86
2025-06-23,CALM,sell,101.55,101.508,97.1215,95.6122,60.6,14.84,741222.0,-0.19,79.94,74.96,89.9
2025-06-23,IDXX,sell,524.65,523.556,520.5015,484.106,60.59,30.88,399603.0,-0.34,70.59,73.11,65.55
2025-06-23,CECO,sell,28.91,29.172,27.766,25.0776,60.55,27.6,174332.0,-0.52,67.56,67.56,67.56
2025-06-23,CBLL,sell,18.49,17.832,17.4712,16.5762,60.37,14.16,318510.0,-0.13,82.21,73.71,99.21
2025-06-23,SYM,sell,32.89,33.24,30.1938,26.1423,60.33,32.67,1968044.0,-0.56,60.06,59.66,60.86
2025-06-23,CCEP,sell,92.99,92.652,91.8125,89.9118,60.29,29.71,1926760.0,0.01,63.13,68.96,51.47
2025-06-23,NTAP,sell,104.27,103.422,102.1095,95.5198,60.27,18.77,2523247.0,0.11,66.02,67.41,63.24
2025-06-23,SNRE,sell,54.16,53.284,52.524,52.5184,60.22,12.22,263073.0,0.5,81.18,74.04,95.46
2025-06-23,TIPT,sell,23.49,23.134,22.742,22.1918,60.21,16.61,124510.0,-0.26,70.16,70.72,69.04
2025-06-23,AIP,sell,8.69,8.552,8.044,7.2968,60.12,31.34,911630.0,-0.13,56.99,60.71,49.55
2025-06-23,ASML,sell,779.72,766.596,758.8208,720.1347,60.1,18.21,1302503.0,-0.2,59.25,60.8,56.15
2025-06-23,MDLZ,sell,68.495,67.343,67.0488,66.6913,60.08,10.92,4783231.0,-0.43,67.99,59.52,84.93
2025-06-23,ADSK,sell,300.95,297.9,297.4515,285.6422,60.06,17.31,1828706.0,0.14,66.86,55.42,89.74
2025-06-23,TRMB,sell,72.71,72.172,71.826,67.3818,60.06,16.83,897926.0,-0.51,64.75,64.52,65.21
2025-06-23,FOXA,sell,56.08,55.088,54.788,52.5318,60.04,16.91,3327835.0,-0.43,67.77,50.48,102.35
2025-06-23,ODD,sell,74.03,71.622,73.1542,62.4357,60.0,26.65,1075460.0,0.47,33.03,34.51,30.07
2025-06-23,CRUS,sell,105.66,104.354,101.8325,98.4157,59.95,13.21,411081.0,-0.16,80.37,71.44,98.23
2025-06-23,EVRG,sell,68.47,67.28,66.6735,67.123,59.92,14.16,2309970.0,-0.05,75.77,70.06,87.19
2025-06-23,ENSG,sell,152.17,153.71,150.2658,140.5463,59.91,33.99,318151.0,-0.24,68.78,77.49,51.36
2025-06-23,ROAD,sell,107.1,104.464,104.8625,94.9748,59.87,22.06,667972.0,0.26,46.34,45.27,48.48
2025-06-23,APPF,sell,228.53,224.75,218.982,216.4314,59.81,12.25,218599.0,-0.24,76.47,74.99,79.43
2025-06-23,OSBC,sell,17.19,16.808,16.737,16.2944,59.8,11.27,163585.0,-0.35,61.06,55.33,72.52
2025-06-23,OSW,sell,19.79,19.42,19.2215,18.4591,59.78,9.16,523533.0,0.0,61.41,57.93,68.37
2025-06-23,SCSC,sell,41.44,40.804,40.943,37.6709,59.74,23.56,160126.0,-0.47,51.14,55.28,42.86
2025-06-23,ESLT,sell,439.56,443.482,422.189,406.2966,59.74,22.95,125489.0,-0.44,55.81,65.93,35.57
2025-06-23,TSLA,sell,348.68,327.674,330.338,305.1746,59.72,22.58,190716815.0,1.03,65.97,56.11,85.69
2025-06-23,COCO,sell,36.0,34.956,34.7165,33.772,59.67,11.83,616717.0,0.01,67.09,47.29,106.69
2025-06-23,DGII,sell,34.0,33.344,33.4035,30.9037,59.66,17.4,139053.0,-0.02,50.51,53.96,43.61
2025-06-23,RMBS,sell,60.0,60.048,57.5985,53.4632,59.59,22.92,663102.0,-0.22,68.46,71.39,62.6
2025-06-23,IBOC,sell,65.53,62.92,63.4685,62.4914,59.53,13.6,237718.0,-0.16,48.23,39.26,66.17
2025-06-23,QUBT,sell,17.5,19.296,15.2262,10.9263,59.4,55.98,41031535.0,-0.13,70.21,73.45,63.73
2025-06-23,GH,sell,48.55,49.418,46.035,44.4456,59.4,27.47,2432603.0,0.04,80.03,85.72,68.65
2025-06-23,VC,sell,90.45,90.896,87.0302,82.3945,59.36,28.02,305755.0,-0.36,79.54,79.14,80.34
2025-06-23,QRVO,sell,80.92,80.41,79.0705,72.6016,59.36,22.96,1129921.0,-0.52,64.16,67.22,58.04
2025-06-23,ICLR,sell,147.3,145.252,138.8375,139.2243,59.29,27.05,1823957.0,0.48,82.36,79.42,88.24
2025-06-23,AMKR,sell,20.26,20.31,19.45,18.4604,59.25,19.01,1645026.0,-0.05,83.59,82.91,84.95
2025-06-23,SVC,sell,2.44,2.448,2.365,2.1368,59.24,24.55,610331.0,-0.5,64.38,68.99,55.16
2025-06-23,KALU,sell,76.57,75.88,75.8622,68.9341,59.24,18.81,116807.0,-0.35,43.77,55.04,21.23
2025-06-23,ADTN,sell,8.46,7.964,8.021,7.8946,59.18,12.77,1212549.0,0.28,54.66,40.71,82.56
2025-06-23,NNE,sell,35.59,35.795,32.5508,27.2515,59.14,38.94,4479112.0,-0.28,69.11,65.02,77.29
2025-06-23,RBBN,sell,3.94,3.886,3.7305,3.5695,59.11,26.08,429774.0,-0.29,54.87,55.33,53.95
2025-06-23,CAMT,sell,74.85,74.69,71.4145,67.4419,59.03,18.36,330523.0,0.35,76.24,75.58,77.56
2025-06-23,TER,sell,87.36,86.804,83.691,79.431,59.03,16.41,3744064.0,-0.11,75.76,74.74,77.8
2025-06-23,LFUS,sell,223.44,219.914,215.8835,198.3642,59.01,28.32,176175.0,-0.05,69.91,69.35,71.03
2025-06-23,BUSE,sell,22.96,22.482,22.4192,21.7099,58.99,20.26,465998.0,-0.33,52.51,51.73,54.07
2025-06-23,NXST,sell,174.6,169.558,169.6327,163.1035,58.99,15.69,348377.0,-0.01,58.59,44.61,86.55
2025-06-23,RDVT,sell,48.7,48.048,47.483,44.05,58.97,15.74,145708.0,0.27,73.15,59.69,100.07
2025-06-23,FOX,sell,51.4,50.554,50.2505,48.5068,58.92,13.2,925617.0,-0.53,69.65,51.48,105.99
2025-06-23,VIRT,sell,42.41,42.292,41.2035,40.5256,58.92,10.73,680411.0,-0.16,80.91,74.41,93.91
2025-06-23,TENB,sell,33.47,32.738,32.374,32.2592,58.88,12.15,1964694.0,-0.2,72.56,61.63,94.42
2025-06-23,CSTL,sell,18.85,18.818,17.549,18.2627,58.86,24.3,255273.0,-0.36,84.62,86.29,81.28
2025-06-23,HROW,sell,31.0,31.026,29.5065,26.8221,58.83,19.07,343216.0,-0.02,73.09,76.63,66.01
2025-06-23,ROIV,sell,11.5,11.316,11.1848,10.9433,58.83,18.01,5421115.0,-0.43,64.55,64.88,63.89
2025-06-23,OZK,sell,46.28,45.156,45.0842,43.9463,58.82,16.63,543540.0,-0.29,62.25,55.3,76.15
2025-06-23,CBRL,sell,59.86,59.156,57.215,51.0322,58.76,23.12,1097433.0,-0.03,72.32,60.35,96.26
2025-06-23,CG,sell,47.21,46.856,46.161,42.8414,58.75,14.03,2551667.0,-0.03,72.21,70.86,74.91
2025-06-23,DAVE,sell,214.73,209.51,213.2398,159.9565,58.74,43.15,324087.0,-0.35,44.18,49.37,33.8
2025-06-23,EXPI,sell,9.15,8.988,8.703,8.5823,58.67,25.1,803426.0,-0.43,70.65,71.36,69.23
2025-06-23,WTFC,sell,122.43,119.4,120.093,115.5416,58.64,14.95,253781.0,-0.35,52.42,45.16,66.94
2025-06-23,NVEE,sell,22.41,22.766,22.489,20.0212,58.55,37.57,1009457.0,0.07,59.9,72.07,35.56
2025-06-23,RWAY,sell,10.19,10.206,9.9835,9.5841,58.55,18.91,223404.0,-0.03,81.53,82.85,78.89
2025-06-23,SFD,sell,23.61,23.52,23.3205,22.273,58.51,23.62,352738.0,-0.27,58.64,61.38,53.16
2025-06-23,SBAC,sell,234.12,230.078,229.025,230.0228,58.5,11.07,573869.0,-0.34,69.6,58.72,91.36
2025-06-23,ASND,sell,175.78,174.8,170.6125,164.3438,58.42,18.15,399955.0,-0.03,70.65,71.12,69.71
2025-06-23,PTGX,sell,53.36,54.098,52.22,47.7568,58.39,39.41,550120.0,-0.58,62.63,73.87,40.15
2025-06-23,VBTX,sell,25.09,24.376,24.488,23.8062,58.38,12.62,259966.0,-0.52,44.18,42.08,48.38
2025-06-23,AMBR,sell,11.69,11.94,10.4962,10.3154,58.34,26.21,156203.0,-0.52,74.59,77.33,69.11
2025-06-23,PAHC,sell,24.46,24.292,24.249,21.7456,58.32,14.49,182762.0,-0.33,60.03,60.37,59.35
2025-06-23,TBBK,sell,53.57,51.08,51.4815,50.4498,58.22,13.96,291075.0,-0.32,48.35,41.39,62.27
2025-06-23,DAKT,sell,14.87,14.206,14.357,13.8319,58.2,25.55,406297.0,0.03,65.41,47.71,100.81
2025-06-23,VIAV,sell,9.62,9.372,9.308,9.5392,58.2,16.08,1714095.0,-0.12,72.58,64.22,89.3
2025-06-23,VRRM,sell,24.41,24.146,24.0955,23.2254,58.16,23.68,1672713.0,0.17,60.89,57.39,67.89
2025-06-23,SHBI,sell,15.02,14.64,14.6825,14.131,58.15,20.27,115897.0,-0.26,46.25,45.78,47.19
2025-06-23,BLKB,sell,64.55,61.812,62.2098,62.407,58.12,11.37,474727.0,-0.04,48.81,36.6,73.23
2025-06-23,SBUX,sell,92.34,92.562,89.491,85.9685,58.08,23.06,7532968.0,0.05,74.16,77.67,67.14
2025-06-23,ZION,sell,49.47,48.302,48.086,46.7578,57.96,9.27,1207965.0,-0.17,60.36,55.78,69.52
2025-06-23,MREO,sell,2.74,2.804,2.5715,2.4344,57.95,29.5,1407817.0,0.22,80.12,84.72,70.92
2025-06-23,HTBK,sell,9.55,9.292,9.3265,9.1574,57.94,13.36,323245.0,-0.23,46.55,44.78,50.09
2025-06-23,CARG,sell,32.53,31.796,31.7765,30.236,57.92,11.91,809422.0,-0.16,53.95,47.33,67.19
2025-06-23,BL,sell,56.37,55.284,55.94,51.9932,57.84,25.62,766867.0,-0.04,28.68,30.06,25.92
2025-06-23,INOD,sell,47.26,46.188,43.5152,39.2421,57.81,18.65,3714225.0,0.21,61.04,56.1,70.92
2025-06-23,DRS,sell,44.73,44.388,43.8872,40.8295,57.79,20.49,1167307.0,-0.32,53.64,62.65,35.62
2025-06-23,VRSN,sell,282.89,281.964,277.903,272.9898,57.77,18.61,651633.0,-0.1,77.91,76.32,81.09
2025-06-23,EFSC,sell,54.2,52.724,52.8955,52.161,57.76,11.12,122613.0,-0.56,57.69,48.13,76.81
2025-06-23,AOSL,sell,24.39,24.078,23.1195,21.4089,57.7,17.41,188278.0,-0.47,71.55,71.04,72.57
2025-06-23,MRVL,sell,70.78,71.93,66.968,61.829,57.69,25.42,26862063.0,-0.27,73.43,78.06,64.17
2025-06-23,WBA,sell,11.35,11.368,11.2922,11.1424,57.68,27.77,8997112.0,0.33,74.67,79.7,64.61
2025-06-23,HOPE,sell,10.48,10.158,10.175,10.0667,57.68,14.65,901289.0,-0.1,50.24,45.16,60.4
2025-06-23,ACLS,sell,66.53,67.376,63.406,57.2458,57.67,26.64,316975.0,-0.38,62.26,65.32,56.14
2025-06-23,LAMR,sell,120.92,119.952,120.0455,116.4698,57.64,10.52,573037.0,-0.05,52.88,55.46,47.72
2025-06-23,TBLA,sell,3.63,3.608,3.5885,3.2892,57.63,21.59,1479290.0,-0.26,46.52,46.84,45.88
2025-06-23,NMRK,sell,11.77,11.384,11.265,11.1002,57.59,13.69,1594381.0,0.08,60.51,60.51,60.51
2025-06-23,MASI,sell,168.12,163.586,163.088,159.2788,57.57,10.99,404007.0,-0.09,51.68,53.08,48.88
2025-06-23,SMTC,sell,41.06,41.19,39.399,35.3754,57.56,17.68,1523297.0,-0.18,76.04,76.11,75.9
2025-06-23,NTLA,sell,9.23,9.314,8.4502,8.2814,57.55,18.07,3948416.0,-0.42,64.96,62.04,70.8
2025-06-23,PATK,sell,91.11,89.604,88.649,84.9734,57.55,14.98,210662.0,-0.32,71.84,71.75,72.02
2025-06-23,LYTS,sell,16.63,16.256,16.2285,15.9622,57.54,6.64,104745.0,-0.03,51.59,49.52,55.73
2025-06-23,LIF,sell,61.78,62.274,62.7965,52.5835,57.51,36.22,593989.0,-0.24,42.9,48.83,31.04
2025-06-23,LIND,sell,11.1,11.01,10.873,9.9457,57.5,26.63,301039.0,0.35,55.82,57.81,51.84
2025-06-23,NVTS,sell,6.52,6.916,6.5545,3.8432,57.44,52.19,42358347.0,0.1,45.08,55.33,24.58
2025-06-23,MKSI,sell,92.07,92.114,88.978,81.2288,57.43,22.0,1097101.0,0.19,72.64,73.96,70.0
2025-06-23,VOD,sell,10.21,10.146,10.1705,9.7252,57.42,16.9,14729161.0,-0.25,54.7,44.78,74.54
2025-06-23,INVA,sell,20.82,21.304,20.738,19.3372,57.41,37.31,885711.0,-0.11,63.43,76.88,36.53
2025-06-23,AMAT,sell,171.96,172.98,166.7935,158.8781,57.4,16.79,6838783.0,-0.25,74.42,78.43,66.4
2025-06-23,TWST,sell,35.33,34.964,32.1702,33.9263,57.38,19.5,925883.0,-0.12,81.89,80.17,85.33
2025-06-23,PRGS,sell,63.56,63.168,62.8145,61.0422,57.34,15.27,493958.0,-0.06,56.96,62.69,45.5
2025-06-23,ARQT,sell,14.4,13.71,13.681,13.8713,57.33,12.26,3175140.0,0.59,54.37,44.73,73.65
2025-06-23,HSIC,sell,71.89,71.184,71.132,68.7904,57.32,10.96,1890683.0,-0.18,58.25,47.1,80.55
2025-06-23,HBAN,sell,16.07,15.764,15.805,15.157,57.24,17.34,22795406.0,-0.09,45.79,45.07,47.23
2025-06-23,CFFN,sell,5.91,5.828,5.788,5.6593,57.24,12.9,598815.0,-0.56,62.52,63.16,61.24
2025-06-23,ZBRA,sell,296.25,292.888,291.9802,271.8399,57.22,15.4,411803.0,-0.28,58.62,54.6,66.66
2025-06-23,DCOM,sell,27.13,26.31,26.2735,26.1042,57.2,11.85,213215.0,-0.16,53.37,52.09,55.93
2025-06-23,IRON,sell,51.68,51.09,49.481,46.9375,57.18,18.81,288302.0,-0.26,67.36,70.35,61.38
2025-06-23,LIVN,sell,45.57,45.22,44.8495,41.4496,57.15,28.12,466722.0,-0.24,54.13,59.23,43.93
2025-06-23,FLYW,sell,11.02,10.882,10.624,10.1944,57.15,16.97,2085939.0,-0.1,74.28,64.92,93.0
2025-06-23,CATY,sell,44.54,43.164,43.5473,42.5825,57.07,17.85,399924.0,-0.56,46.47,43.26,52.89
2025-06-23,BLMN,sell,9.08,9.25,8.226,8.0914,57.06,21.0,2793826.0,-0.13,80.13,76.58,87.23
2025-06-23,AMRX,sell,7.915,7.937,7.5872,7.4735,57.04,22.83,1341006.0,-0.42,79.92,79.55,80.66
2025-06-23,PLXS,sell,133.705,131.416,132.0715,128.7516,56.99,9.87,105483.0,-0.36,40.82,41.71,39.04
2025-06-23,HAFC,sell,23.63,22.888,23.068,22.9068,56.98,14.68,138559.0,-0.4,45.91,42.21,53.31
2025-06-23,TRI,sell,195.89,195.594,195.4758,188.9977,56.97,15.25,454048.0,-0.15,59.57,56.42,65.87
2025-06-23,NWBI,sell,12.53,12.212,12.2938,12.1629,56.96,13.92,730805.0,0.03,43.66,37.46,56.06
2025-06-23,MLTX,sell,44.87,43.554,43.649,40.7433,56.93,22.36,393300.0,0.31,33.05,39.4,20.35
2025-06-23,INDI,sell,3.13,3.216,2.9705,2.4962,56.89,34.3,3453749.0,-0.16,59.04,65.88,45.36
2025-06-23,KNSA,sell,28.72,28.29,28.432,25.8236,56.87,24.22,701101.0,0.16,47.6,51.47,39.86
2025-06-23,SWKS,sell,72.35,71.922,71.3222,67.3047,56.85,12.09,2642451.0,-0.27,55.15,56.34,52.77
2025-06-23,SANA,sell,2.6,2.66,2.49,2.0646,56.84,36.43,16165242.0,1.84,55.43,62.08,42.13
2025-06-23,LENZ,sell,30.48,29.646,29.5752,27.6734,56.84,8.78,181656.0,-0.44,38.8,37.12,42.16
2025-06-23,PENG,sell,19.59,19.598,19.1135,18.1298,56.76,16.03,684876.0,-0.3,65.61,69.5,57.83
2025-06-23,EYPT,sell,8.28,8.666,8.1115,6.9139,56.7,35.54,581027.0,0.0,60.6,72.63,36.54
2025-06-23,RGLD,sell,183.07,180.21,179.9215,179.1758,56.69,18.24,485432.0,-0.3,54.19,48.63,65.31
2025-06-23,CSGP,sell,80.04,80.218,77.9805,77.78,56.67,19.14,2688448.0,-0.23,71.88,76.41,62.82
2025-06-23,CZR,sell,28.5,27.42,27.0142,27.3679,56.66,15.55,4817505.0,-0.23,70.03,53.82,102.45
2025-06-23,ETNB,sell,10.0,10.014,9.9535,8.4332,56.64,23.6,1288972.0,-0.47,56.97,61.36,48.19
2025-06-23,TRMD,sell,18.23,18.728,17.3788,16.8818,56.5,19.74,1209645.0,0.35,79.34,80.48,77.06
2025-06-23,QSG,sell,10.275,12.337,8.6972,7.0294,56.42,49.73,2108841.0,-0.38,66.79,73.3,53.77
2025-06-23,CORT,sell,74.28,71.93,72.655,71.5132,56.39,28.16,967253.0,-0.09,48.98,32.41,82.12
2025-06-23,SEIC,sell,84.73,83.788,84.4455,81.0032,56.38,12.82,1119374.0,0.1,35.44,32.12,42.08
2025-06-23,NRIX,sell,11.98,11.678,11.635,10.8177,56.35,20.31,544731.0,-0.27,44.74,56.03,22.16
2025-06-23,GCT,sell,18.42,18.198,18.292,16.021,56.34,34.99,624919.0,0.18,40.72,43.96,34.24
2025-06-23,HST,sell,15.77,15.676,15.576,14.9,56.32,22.02,9113903.0,-0.08,52.68,54.94,48.16
2025-06-23,AMAL,sell,30.8,30.066,30.277,29.4022,56.31,14.08,120410.0,-0.41,40.19,40.25,40.07
2025-06-23,QLYS,sell,140.38,138.55,139.1485,132.8367,56.23,10.45,227978.0,-0.51,46.3,50.86,37.18
2025-06-23,TILE,sell,20.75,20.29,20.317,19.8152,56.19,12.62,316732.0,-0.2,40.47,43.5,34.41
2025-06-23,TBPH,sell,10.57,10.634,10.4125,9.7605,56.13,28.89,142559.0,-0.18,36.96,50.11,10.66
2025-06-23,CCCS,sell,9.22,9.194,8.94,8.9436,56.12,17.33,12708848.0,0.28,69.69,72.35,64.37
2025-06-23,ESGR,sell,336.09,336.256,335.576,334.6874,56.11,33.19,129457.0,0.12,63.95,60.09,71.67
2025-06-23,ZVRA,sell,9.0,9.009,8.9282,8.1521,56.1,28.04,358513.0,-0.29,50.78,59.78,32.78
2025-06-23,BJRI,sell,44.41,45.288,44.4502,39.8985,56.08,29.04,344417.0,-0.34,70.68,70.84,70.36
2025-06-23,SSYS,sell,10.745,10.566,10.487,10.1652,56.06,12.77,420869.0,-0.25,63.15,56.9,75.65
2025-06-23,AVT,sell,51.72,51.274,50.9135,50.0874,56.06,9.55,679205.0,-0.12,65.33,63.83,68.33
2025-06-23,SHOP,sell,109.98,107.45,107.297,100.5184,56.05,14.19,8834016.0,0.24,36.74,38.84,32.54
2025-06-23,PWP,sell,18.65,18.024,18.018,17.548,56.0,12.97,947239.0,-0.14,46.17,44.92,48.67
2025-06-23,COLL,sell,29.88,29.692,29.5475,28.4687,55.97,12.89,287785.0,-0.32,45.27,45.55,44.71
2025-06-23,CHDN,sell,99.83,98.47,96.9473,96.5723,55.94,12.11,641136.0,-0.08,60.95,60.07,62.71
2025-06-23,TPG,sell,50.69,50.033,49.3692,48.0739,55.86,9.65,1091845.0,-0.3,68.01,66.73,70.57
2025-06-23,HRTX,sell,2.11,2.018,1.988,2.035,55.82,14.8,2127935.0,0.39,49.88,48.37,52.9
2025-06-23,COHU,sell,18.47,18.324,18.1403,16.966,55.79,17.18,351114.0,0.13,49.67,55.08,38.85
2025-06-23,HON,sell,224.74,222.858,225.1995,215.6794,55.76,19.52,2579057.0,-0.31,28.52,31.59,22.38
2025-06-23,FBNC,sell,41.82,40.732,41.2365,40.6476,55.74,18.07,117874.0,-0.41,37.85,30.89,51.77
2025-06-23,IDYA,sell,21.42,21.852,21.2255,19.4856,55.7,30.6,950501.0,0.08,57.54,69.25,34.12
2025-06-23,SKYT,sell,9.07,8.77,8.9725,8.1095,55.69,25.6,839216.0,0.17,46.34,38.73,61.56
2025-06-23,ADEA,sell,13.61,13.336,13.2355,12.9188,55.59,14.77,498002.0,-0.27,52.82,50.16,58.14
2025-06-23,BANR,sell,63.26,61.844,61.956,61.9588,55.53,9.26,193315.0,-0.4,58.95,47.56,81.73
2025-06-23,WYNN,sell,89.7,88.196,87.7285,85.6028,55.48,14.45,1862230.0,-0.06,65.61,49.4,98.03
2025-06-23,PECO,sell,35.93,35.38,35.4455,35.4104,55.45,11.13,461662.0,-0.4,47.24,47.57,46.58
2025-06-23,MANH,sell,192.67,190.322,189.8785,183.0944,55.43,12.6,740171.0,0.03,62.76,63.59,61.1
2025-06-23,SBCF,sell,25.77,25.002,25.4297,24.6443,55.43,12.25,429684.0,-0.27,34.51,35.57,32.39
2025-06-23,USAR,sell,12.53,12.662,11.1725,10.8954,55.41,24.42,1738756.0,-0.54,63.47,68.71,52.99
2025-06-23,FULT,sell,17.66,17.2,17.3125,17.0964,55.39,11.47,1570585.0,-0.19,41.68,35.81,53.42
2025-06-23,SPNS,sell,29.0,28.54,28.7582,28.0109,55.36,14.16,131036.0,-0.12,33.09,35.63,28.01
2025-06-23,GDS,sell,27.54,27.436,26.0855,25.369,55.36,12.8,624326.0,-0.55,76.82,70.64,89.18
2025-06-23,QFIN,sell,43.18,42.88,42.2478,41.6079,55.31,9.61,673854.0,-0.39,76.98,69.32,92.3
2025-06-23,MBLY,sell,16.42,15.368,16.0312,15.162,55.29,17.98,8221323.0,1.84,31.32,24.13,45.7
2025-06-23,NAVI,sell,13.63,13.402,13.4935,12.8863,55.29,16.6,688501.0,-0.19,44.12,42.33,47.7
2025-06-23,MGTX,sell,6.31,6.416,5.9335,5.8527,55.24,22.82,259364.0,-0.21,66.77,72.37,55.57
2025-06-23,IPAR,sell,134.73,134.536,136.0875,123.3136,55.23,35.49,181298.0,-0.24,32.4,44.77,7.66
2025-06-23,DXPE,sell,83.805,80.161,81.1592,83.7293,55.23,31.8,217805.0,0.33,61.66,39.91,105.16
2025-06-23,UPB,sell,10.72,10.744,10.612,9.4584,55.22,18.63,526544.0,-0.05,54.52,65.03,33.5
2025-06-23,MEDP,sell,308.64,303.918,300.7152,299.7223,55.22,13.9,566578.0,-0.05,51.69,45.17,64.73
2025-06-23,GOOD,sell,14.57,14.484,14.4405,14.191,55.19,17.71,391259.0,-0.47,40.46,50.0,21.38
2025-06-23,NXTT,sell,2.14,1.924,1.7485,1.2814,55.15,25.85,2719726.0,-0.26,37.98,25.83,62.28
2025-06-23,CCSI,sell,22.78,22.28,22.268,21.4309,55.15,14.28,144343.0,-0.16,56.13,55.08,58.23
2025-06-23,PNFP,sell,107.54,104.468,106.0205,103.8398,55.14,14.96,489098.0,-0.1,45.91,35.59,66.55
2025-06-23,MRCY,sell,51.83,51.176,50.9625,49.115,55.13,16.88,935376.0,0.06,54.35,60.85,41.35
2025-06-23,ADV,sell,1.51,1.568,1.3855,1.3131,55.1,32.49,299215.0,-0.66,68.99,69.7,67.57
2025-06-23,HWC,sell,55.36,54.004,54.52,53.4918,55.04,13.44,771559.0,-0.19,44.95,38.47,57.91
2025-06-23,TTEK,sell,35.39,35.547,35.4713,33.5783,55.01,24.01,1248325.0,-0.41,58.64,63.99,47.94
2025-06-23,MAR,sell,264.11,259.188,262.147,252.4254,54.98,17.13,1728375.0,0.06,45.23,40.05,55.59
2025-06-23,SWIM,sell,6.1,5.866,5.8555,5.7466,54.98,10.1,411073.0,-0.09,62.99,54.27,80.43
2025-06-23,CSWC,sell,21.23,21.096,20.96,20.5124,54.93,11.32,559538.0,-0.05,58.92,54.39,67.98
2025-06-23,FCFS,sell,130.14,129.652,128.4728,128.1807,54.84,18.74,226211.0,-0.18,63.16,63.02,63.44
2025-06-23,CDNA,sell,18.95,19.122,18.5235,17.6217,54.83,18.28,730877.0,-0.36,67.01,70.82,59.39
2025-06-23,AKAM,sell,79.28,79.006,77.5155,77.757,54.78,11.59,3152774.0,-0.17,76.83,73.31,83.87
2025-06-23,NBBK,sell,16.95,16.334,16.5615,16.8604,54.75,21.92,407546.0,0.07,63.31,51.87,86.19
2025-06-23,GRAL,sell,43.07,44.342,41.401,36.7283,54.75,17.05,1049095.0,-0.3,69.92,72.6,64.56
2025-06-23,TCBK,sell,40.41,39.112,39.858,39.3892,54.73,21.02,111547.0,-0.08,64.12,60.67,71.02
2025-06-23,FHB,sell,24.05,23.372,23.7298,23.4267,54.73,14.87,646018.0,-0.15,38.29,33.38,48.11
2025-06-23,REG,sell,72.27,70.934,71.477,71.7016,54.73,13.16,792029.0,-0.42,45.74,34.13,68.96
2025-06-23,FIP,sell,6.14,6.426,6.2355,5.106,54.68,26.02,1285081.0,-0.05,55.62,69.23,28.4
2025-06-23,APGE,sell,41.35,41.752,39.7657,38.1555,54.63,19.07,570987.0,-0.27,68.41,70.61,64.01
2025-06-23,SYNA,sell,63.57,63.426,62.108,59.075,54.61,12.92,284438.0,-0.14,60.35,62.08,56.89
2025-06-23,CNTA,sell,13.0,12.662,12.6265,12.6635,54.58,18.85,942208.0,-0.35,61.55,54.76,75.13
2025-06-23,BTSG,sell,22.77,22.018,22.8325,21.0962,54.57,22.54,2985980.0,-0.05,34.19,30.22,42.13
2025-06-23,IPGP,sell,67.43,67.018,67.3605,62.6498,54.54,17.06,200509.0,-0.38,34.46,41.33,20.72
2025-06-23,LOPE,sell,191.67,188.19,190.9762,186.9493,54.53,21.86,147244.0,-0.54,35.47,27.49,51.43
2025-06-23,NXPI,sell,210.86,212.334,206.4915,196.0809,54.52,20.21,1847480.0,-0.27,67.83,72.22,59.05
2025-06-23,BILI,sell,19.91,20.33,19.4592,18.3123,54.51,19.16,1985283.0,-0.38,66.08,71.48,55.28
2025-06-23,ACMR,sell,24.68,24.982,24.1358,22.3245,54.49,19.32,762770.0,0.09,56.28,62.49,43.86
2025-06-23,MTCH,sell,30.95,30.58,30.7132,29.8768,54.48,13.38,2880563.0,-0.51,41.72,45.65,33.86
2025-06-23,NDSN,sell,213.02,213.722,211.858,199.4658,54.47,27.61,429796.0,-0.48,40.74,55.21,11.8
2025-06-23,WSFS,sell,53.34,51.724,52.596,52.0884,54.45,9.88,424327.0,-0.21,41.62,30.87,63.12
2025-06-23,THRM,sell,27.96,27.666,27.5407,26.5365,54.43,15.34,263171.0,-0.27,60.55,60.68,60.29
2025-06-23,CWST,sell,117.83,116.742,116.7605,116.3019,54.42,19.0,292974.0,-0.06,68.94,67.54,71.74
2025-06-23,JBHT,sell,142.69,140.582,140.1515,137.6218,54.4,14.74,1081244.0,-0.15,47.79,45.59,52.19
2025-06-23,ARRY,sell,7.39,7.544,7.2765,6.2715,54.35,15.6,2970408.0,-0.56,61.99,68.71,48.55
2025-06-23,PEBO,sell,29.88,29.184,29.437,29.2532,54.35,12.08,160658.0,0.02,38.41,32.64,49.95
2025-06-23,PDFS,sell,19.82,19.928,19.2135,18.862,54.35,11.89,185559.0,-0.22,73.25,74.85,70.05
2025-06-23,ROCK,sell,59.815,58.171,58.9772,57.3599,54.31,11.17,123891.0,-0.63,36.97,33.3,44.31
2025-06-23,ECPG,sell,38.95,38.586,38.4215,36.5618,54.3,11.42,161073.0,-0.35,49.75,47.78,53.69
2025-06-23,SSNC,sell,80.77,79.996,80.388,78.4424,54.28,11.13,1042164.0,0.05,44.89,47.78,39.11
2025-06-23,MAT,sell,19.12,19.066,19.0125,17.7436,54.24,17.53,2367599.0,-0.34,59.62,57.68,63.5
2025-06-23,NWTN,sell,1.87,1.882,1.8715,1.215,54.22,36.0,158375.0,-0.24,54.1,50.74,60.82
2025-06-23,MDB,sell,203.24,203.398,202.379,185.5424,54.22,24.86,1609944.0,-0.33,35.95,42.75,22.35
2025-06-23,GLPI,sell,47.21,46.461,46.5723,47.1487,54.22,18.05,1159129.0,-0.1,43.67,39.98,51.05
2025-06-23,CVBF,sell,19.05,18.482,18.754,18.7026,54.18,14.7,600265.0,-0.36,41.06,34.25,54.68
2025-06-23,HBNC,sell,15.09,14.644,14.824,14.7266,54.17,14.93,151051.0,-0.19,40.86,34.35,53.88
2025-06-23,ATAT,sell,31.11,31.024,31.3305,28.2836,54.16,25.58,690776.0,-0.49,31.9,35.01,25.68
2025-06-23,SNEX,sell,86.48,85.456,85.1062,85.5835,54.16,14.31,297747.0,-0.18,63.58,55.26,80.22
2025-06-23,MNST,sell,63.21,63.23,63.394,61.4144,54.15,15.43,5739161.0,-0.34,43.57,44.02,42.67
2025-06-23,LOGI,sell,85.93,85.25,85.0308,81.3114,53.97,15.79,423277.0,-0.09,42.01,46.12,33.79
2025-06-23,EQIX,sell,889.98,886.924,892.552,860.7989,53.96,19.01,693031.0,0.11,26.31,37.37,4.19
2025-06-23,TRMK,sell,34.89,34.076,34.5148,34.3061,53.96,13.8,391605.0,0.2,38.04,29.82,54.48
2025-06-23,CHEF,sell,62.88,62.201,62.6982,59.9991,53.95,14.03,282042.0,-0.44,31.72,30.97,33.22
2025-06-23,HIMX,sell,8.79,9.066,8.7195,7.8995,53.93,25.94,1285981.0,-0.34,64.94,72.51,49.8
2025-06-23,NRDS,sell,10.86,10.796,10.815,10.1366,53.93,24.35,423271.0,0.25,45.23,49.06,37.57
2025-06-23,STRK,sell,103.01,103.738,104.2865,96.0024,53.87,28.81,152666.0,-0.31,42.11,52.6,21.13
2025-06-23,PRCH,sell,10.44,10.842,10.3442,8.6481,53.85,42.46,2247422.0,0.23,59.52,64.1,50.36
2025-06-23,GFS,sell,38.05,37.37,37.3385,36.3404,53.85,13.01,1602647.0,-0.24,48.82,47.69,51.08
2025-06-23,AVDL,sell,9.54,9.382,9.4485,8.9759,53.83,22.02,1517153.0,-0.55,30.65,36.64,18.67
2025-06-23,ALGN,sell,183.42,180.58,180.4455,178.4184,53.79,12.43,717950.0,-0.4,52.63,51.27,55.35
2025-06-23,FIBK,sell,27.45,26.496,27.081,26.9391,53.72,14.92,1078825.0,0.05,33.62,31.82,37.22
2025-06-23,ONC,sell,257.51,255.176,254.642,244.97,53.69,18.19,450660.0,0.49,36.55,48.93,11.79
2025-06-23,BBSI,sell,41.96,41.386,41.6458,41.2313,53.66,9.91,138531.0,0.0,36.98,36.4,38.14
2025-06-23,FORM,sell,33.12,33.49,32.6155,30.5154,53.62,18.07,447671.0,-0.46,59.82,66.57,46.32
2025-06-23,STKL,sell,5.93,5.928,5.9405,5.3232,53.57,28.61,787340.0,0.24,47.83,42.76,57.97
2025-06-23,ANAB,sell,22.82,23.42,22.617,21.1261,53.55,25.07,444355.0,-0.12,74.16,76.9,68.68
2025-06-23,INTC,sell,21.19,21.06,20.5275,20.5364,53.53,18.39,81460981.0,-0.19,55.48,51.17,64.1
2025-06-23,ANDE,sell,36.51,36.944,35.6088,36.165,53.45,20.25,189326.0,-0.66,74.06,76.21,69.76
2025-06-23,WVE,sell,6.96,6.774,6.654,6.6005,53.45,14.57,1286659.0,0.57,56.02,61.08,45.9
2025-06-23,POWI,sell,54.87,54.708,53.6995,51.5322,53.4,15.01,401283.0,-0.34,56.48,62.16,45.12
2025-06-23,MEOH,sell,34.9,36.274,34.166,32.3502,53.33,19.06,1408175.0,0.62,76.37,78.66,71.79
2025-06-23,NEXT,sell,8.23,8.364,8.1695,7.7772,53.3,27.94,1651751.0,-0.02,61.45,69.77,44.81
2025-06-23,CRSR,sell,9.06,9.154,9.1262,8.025,53.3,15.8,496721.0,-0.05,43.1,56.16,16.98
2025-06-23,STBA,sell,37.16,36.172,36.713,36.6027,53.21,11.64,151808.0,-0.08,39.17,34.74,48.03
2025-06-23,CNDT,sell,2.58,2.7,2.528,2.3002,53.13,40.1,1091996.0,-0.45,61.0,70.37,42.26
2025-06-23,OLED,sell,152.2,152.992,151.294,140.9765,53.09,21.31,382334.0,-0.31,49.97,59.12,31.67
2025-06-23,SBLK,sell,16.55,16.73,16.534,15.6007,53.07,31.1,2329245.0,0.89,51.63,61.91,31.07
2025-06-23,ZYME,sell,12.47,12.494,12.203,11.9813,53.07,16.98,384774.0,-0.23,57.31,63.92,44.09
2025-06-23,OCFC,sell,17.11,16.842,16.951,16.7176,53.06,15.22,317300.0,-0.15,32.73,35.56,27.07
2025-06-23,AGNC,sell,9.2,9.244,9.1375,8.9018,53.04,14.07,34293324.0,0.41,68.6,73.29,59.22
2025-06-23,SRRK,sell,33.28,33.384,32.1185,31.4484,53.02,18.62,2140695.0,-0.16,62.15,63.37,59.71
2025-06-23,AGIO,sell,33.34,34.738,33.3885,30.5344,52.98,32.4,520399.0,-0.38,54.87,71.67,21.27
2025-06-23,OCUL,sell,8.37,8.376,8.3385,7.8523,52.96,23.09,1719814.0,-0.02,38.27,52.59,9.63
2025-06-23,HFWA,sell,23.37,22.706,23.136,23.0182,52.92,11.31,155597.0,-0.18,34.18,29.71,43.12
2025-06-23,ALKT,sell,29.06,27.874,28.79,28.0172,52.91,18.73,1147299.0,0.13,34.38,28.08,46.98
2025-06-23,TH,sell,7.12,7.05,7.1095,6.9678,52.89,26.44,300369.0,-0.52,51.63,44.25,66.39
2025-06-23,MLKN,sell,17.315,17.059,17.0668,16.7829,52.89,8.06,418430.0,-0.16,43.56,45.69,39.3
2025-06-23,JKHY,sell,181.02,180.332,180.7543,177.7055,52.86,8.38,506124.0,-0.25,46.33,41.79,55.41
2025-06-23,BHF,sell,58.89,58.628,58.6075,56.9059,52.84,9.82,591537.0,-0.16,62.5,51.27,84.96
2025-06-23,VTRS,sell,8.85,8.848,8.767,8.4702,52.83,11.56,8442037.0,-0.31,58.81,63.14,50.15
2025-06-23,CACC,sell,500.35,500.512,493.5075,489.4325,52.83,8.15,165472.0,-0.02,61.55,63.0,58.65
2025-06-23,PGEN,sell,1.48,1.476,1.4335,1.4303,52.78,11.27,1283984.0,-0.36,60.38,62.04,57.06
2025-06-23,XP,sell,19.25,19.714,19.593,17.5822,52.72,44.5,6336149.0,0.37,37.67,51.93,9.15
2025-06-23,SRCE,sell,60.92,59.508,60.511,59.6814,52.72,15.21,119735.0,-0.51,41.7,39.24,46.62
2025-06-23,PODD,sell,307.67,304.718,312.764,290.7487,52.71,21.3,1171071.0,0.25,30.16,27.18,36.12
2025-06-23,MPWR,sell,692.62,693.844,690.243,644.087,52.69,15.26,480558.0,-0.25,45.17,52.17,31.17
2025-06-23,FTNT,sell,103.15,101.73,102.4255,101.792,52.68,9.04,4523240.0,-0.04,40.82,35.55,51.36
2025-06-23,CHRD,sell,99.81,104.21,97.3545,94.6702,52.65,28.92,884101.0,-0.22,73.38,81.07,58.0
2025-06-23,FUTU,sell,112.75,118.884,111.064,102.1471,52.65,26.97,1698866.0,-0.21,64.3,69.11,54.68
2025-06-23,ASO,sell,44.01,44.744,43.219,41.2534,52.61,18.41,1687767.0,-0.1,53.09,57.12,45.03
2025-06-23,LKFN,sell,59.91,58.72,59.6995,58.0722,52.6,13.63,115204.0,-0.23,36.61,39.17,31.49
2025-06-23,WERN,sell,27.64,27.786,27.0715,27.1846,52.58,15.81,638695.0,-0.32,69.15,71.57,64.31
2025-06-23,HEPS,sell,2.8,2.892,2.742,2.7166,52.58,12.55,204124.0,-0.16,73.49,75.74,68.99
2025-06-23,MITK,sell,9.68,9.65,9.702,9.0668,52.57,37.69,369955.0,-0.33,36.12,47.42,13.52
2025-06-23,PYPL,sell,72.01,70.712,71.853,68.8963,52.57,23.57,11447842.0,-0.14,43.35,47.34,35.37
2025-06-23,LEGN,sell,33.85,34.656,32.775,32.2998,52.56,26.91,816406.0,-0.47,58.66,65.74,44.5
2025-06-23,QCOM,sell,153.14,153.884,151.6715,147.3606,52.56,13.42,6860507.0,-0.28,52.17,60.05,36.41
2025-06-23,VLY,sell,8.85,8.628,8.7595,8.701,52.5,13.77,12948143.0,0.31,38.21,34.08,46.47
2025-06-23,WSBC,sell,30.98,30.284,30.7612,30.3185,52.48,13.04,538543.0,0.06,31.72,31.79,31.58
2025-06-23,IIIV,sell,25.22,24.804,24.715,25.1185,52.47,30.49,416905.0,-0.2,68.67,57.83,90.35
2025-06-23,RYAAY,sell,54.98,55.302,56.107,51.582,52.46,37.44,1453036.0,0.41,31.81,40.23,14.97
2025-06-23,WAFD,sell,28.79,28.1,28.5475,28.4881,52.43,11.66,412804.0,-0.41,32.19,27.77,41.03
2025-06-23,VRDN,sell,14.71,15.041,14.6752,13.6869,52.4,29.79,536543.0,-0.4,54.08,65.93,30.38
2025-06-23,XRX,sell,5.33,5.43,5.1645,4.9158,52.4,17.24,3197849.0,-0.19,57.19,61.73,48.11
2025-06-23,PACB,sell,1.19,1.29,1.1247,1.1312,52.35,27.74,8057061.0,-0.33,68.62,75.15,55.56
2025-06-23,MRUS,sell,52.74,52.963,54.9682,47.4741,52.28,28.72,748945.0,-0.32,16.19,29.07,-9.57
2025-06-23,INCY,sell,67.26,68.804,67.5638,63.2337,52.26,36.26,1349027.0,-0.42,57.49,66.69,39.09
2025-06-23,LBRDK,sell,93.39,90.806,93.4015,90.312,52.24,17.38,1473222.0,-0.0,37.53,28.22,56.15
2025-06-23,CVGW,sell,27.09,27.352,26.7615,26.4388,52.23,16.93,349648.0,-0.13,83.63,79.82,91.25
2025-06-23,TEM,sell,65.65,69.034,64.748,58.2636,52.16,25.58,10491393.0,0.17,65.82,74.14,49.18
2025-06-23,HONE,sell,11.34,11.136,11.3132,11.0191,52.16,13.45,215930.0,-0.39,34.71,32.55,39.03
2025-06-23,LSCC,sell,49.69,49.568,48.1645,48.1136,52.15,10.8,1545897.0,-0.48,72.64,68.94,80.04
2025-06-23,NCNO,sell,26.53,26.752,26.892,25.0206,52.13,34.44,1096213.0,-0.26,42.37,47.02,33.07
2025-06-23,ADUS,sell,113.01,114.086,113.5395,108.6192,52.13,28.94,154742.0,-0.0,47.45,53.23,35.89
2025-06-23,LBRDA,sell,92.45,89.992,92.613,89.3322,52.11,14.52,126950.0,-0.26,38.78,29.16,58.02
2025-06-23,ECX,sell,1.68,1.782,1.6522,1.4486,52.1,26.18,1429391.0,-0.42,52.35,58.99,39.07
2025-06-23,TIGO,sell,36.46,36.91,36.8135,34.7986,52.09,23.31,474370.0,-0.38,37.49,46.21,20.05
2025-06-23,OTTR,sell,78.09,76.536,77.3215,78.0266,52.08,17.3,146718.0,-0.44,34.48,34.03,35.38
2025-06-23,DGICA,sell,19.58,19.168,19.5335,19.44,52.07,16.64,179392.0,-0.15,25.4,17.66,40.88
2025-06-23,STRA,sell,87.04,85.048,87.46,85.3946,52.03,25.03,165313.0,-0.11,27.67,22.59,37.83
2025-06-23,LNT,sell,61.34,60.488,61.121,61.1494,52.03,11.13,1596846.0,-0.14,37.92,31.98,49.8
2025-06-23,PLUG,sell,1.09,1.148,1.0512,0.9416,52.0,28.76,52652043.0,-0.24,47.04,55.33,30.46
2025-06-23,SHLS,sell,4.95,5.151,4.9232,4.4551,51.97,13.78,2229488.0,-0.64,63.82,73.11,45.24
2025-06-23,CLBK,sell,14.35,13.944,14.166,14.2766,51.96,11.46,141434.0,-0.13,38.78,27.71,60.92
2025-06-23,GRRR,sell,20.4,20.584,19.637,18.3272,51.95,25.11,5887443.0,0.41,45.95,51.1,35.65
2025-06-23,RLAY,sell,3.23,3.222,3.203,3.0431,51.86,18.36,1529064.0,-0.29,44.34,51.94,29.14
2025-06-23,FELE,sell,87.22,86.064,86.1885,87.116,51.82,14.44,215210.0,-0.26,45.61,42.76,51.31
2025-06-23,ODP,sell,17.1,16.852,17.181,15.7595,51.79,28.51,628141.0,0.15,34.93,44.08,16.63
2025-06-23,TOWN,sell,33.93,32.992,33.8925,33.5126,51.78,15.65,235307.0,-0.14,30.71,25.43,41.27
2025-06-23,MTSR,sell,29.0,27.712,29.0365,25.3301,51.72,21.13,1024240.0,-0.27,33.09,35.88,27.51
2025-06-23,ARCT,sell,12.51,12.46,12.464,11.98,51.69,22.61,306107.0,-0.31,36.97,41.78,27.35
2025-06-23,LSTR,sell,139.92,137.934,138.9145,138.3888,51.69,9.77,258499.0,-0.28,36.75,36.81,36.63
2025-06-23,MELI,sell,2452.8899,2420.738,2481.6405,2375.038,51.67,24.37,350564.0,0.11,29.38,26.22,35.7
2025-06-23,UBSI,sell,35.9,35.032,35.9068,35.3047,51.65,18.97,964862.0,-0.12,30.33,26.93,37.13
2025-06-23,TROW,sell,93.99,92.826,93.691,92.1492,51.59,13.26,1324967.0,-0.16,44.51,40.17,53.19
2025-06-23,FFIN,sell,35.67,35.294,35.675,34.6805,51.55,12.5,465653.0,-0.5,32.16,43.1,10.28
2025-06-23,SIGA,sell,6.19,6.306,6.1755,6.0094,51.52,17.96,323104.0,-0.13,54.46,65.21,32.96
2025-06-23,RUSHA,sell,50.63,49.8,50.097,50.5314,51.5,9.21,347291.0,-0.4,35.99,39.03,29.91
2025-06-23,HCSG,sell,14.3,14.502,14.3825,13.5578,51.48,34.73,432249.0,-0.58,42.92,54.85,19.06
2025-06-23,ZLAB,sell,36.01,37.068,35.788,32.6573,51.48,20.31,759569.0,-0.18,50.2,63.33,23.94
2025-06-23,CYRX,sell,6.56,6.676,6.4305,6.1863,51.46,13.83,572872.0,-0.15,69.6,73.14,62.52
2025-06-23,ONB,sell,21.04,20.596,20.899,20.8252,51.45,12.03,2124955.0,-0.27,33.29,30.7,38.47
2025-06-23,NUVL,sell,75.98,75.778,76.117,73.6858,51.41,16.99,373957.0,-0.2,46.43,58.0,23.29
2025-06-23,SABR,sell,2.72,2.664,2.6942,2.5483,51.38,13.16,6099237.0,0.19,38.01,43.18,27.67
2025-06-23,CLDX,sell,20.39,20.422,20.2285,19.7494,51.33,21.03,680419.0,-0.38,31.89,39.85,15.97
2025-06-23,ARKO,sell,4.5,4.356,4.417,4.4275,51.33,13.98,774378.0,-0.27,44.36,39.81,53.46
2025-06-23,BRKR,sell,38.73,38.388,38.0615,38.3304,51.33,10.93,1770464.0,-0.08,45.86,50.35,36.88
2025-06-23,KLIC,sell,33.77,34.23,33.5263,32.5281,51.3,17.2,332687.0,-0.36,53.08,60.83,37.58
2025-06-23,LI,sell,28.08,27.13,28.4182,26.7119,51.28,22.29,7057284.0,1.05,23.99,25.08,21.81
2025-06-23,DOX,sell,91.93,92.348,92.2065,89.6628,51.26,24.94,579873.0,-0.19,41.05,52.55,18.05
2025-06-23,AMZN,sell,208.47,212.32,209.912,198.1996,51.25,20.92,37311719.0,-0.19,51.35,65.55,22.95
2025-06-23,XERS,sell,4.64,4.534,4.622,4.564,51.24,12.19,1614514.0,-0.32,31.63,25.62,43.65
2025-06-23,PRAX,sell,41.63,42.842,41.7692,38.2964,51.15,19.35,229037.0,-0.09,54.0,66.36,29.28
2025-06-23,IAC,sell,36.84,37.174,36.6025,36.0218,51.11,10.59,959149.0,-0.34,65.78,65.03,67.28
2025-06-23,APPS,sell,5.13,5.995,5.131,4.1845,51.09,38.44,9097110.0,-0.71,48.51,56.93,31.67
2025-06-23,XPEL,sell,36.12,36.46,36.5088,33.443,51.09,25.29,283721.0,0.5,39.04,49.58,17.96
2025-06-23,PFG,sell,77.33,76.488,76.951,76.503,51.07,14.62,804833.0,-0.41,49.82,34.29,80.88
2025-06-23,MVST,sell,3.74,4.196,3.941,2.9944,51.05,46.77,7532422.0,-0.2,53.96,67.67,26.54
2025-06-23,AZTA,sell,29.13,29.742,28.838,27.5353,51.03,24.28,571481.0,-0.21,70.48,76.88,57.68
2025-06-23,ELVN,sell,20.29,21.61,20.0318,18.8233,50.98,23.3,624604.0,-0.13,54.01,64.21,33.61
2025-06-23,CINF,sell,147.24,146.07,148.2825,143.7578,50.97,14.65,590901.0,-0.18,30.81,32.49,27.45
2025-06-23,Z,sell,69.06,68.68,69.0035,67.2598,50.95,13.35,1713389.0,-0.01,40.38,51.72,17.7
2025-06-23,TMDX,sell,127.53,130.65,132.7828,113.1663,50.93,45.29,1016545.0,-0.21,38.33,56.66,1.67
2025-06-23,RVMD,sell,40.04,39.708,39.9725,39.2427,50.93,13.55,1754063.0,-0.2,42.77,52.21,23.89
2025-06-23,TSEM,sell,40.11,39.764,40.4455,38.622,50.92,16.51,680432.0,0.0,42.09,41.06,44.15
2025-06-23,CORZ,sell,11.35,11.816,11.7165,9.8812,50.89,29.81,10726575.0,0.33,46.08,58.51,21.22
2025-06-23,GLNG,sell,41.17,42.036,41.488,39.9873,50.86,15.64,913363.0,0.05,44.15,63.59,5.27
2025-06-23,INDB,sell,62.63,61.784,62.5682,60.9606,50.84,19.03,354167.0,-0.23,26.68,35.62,8.8
2025-06-23,LPLA,sell,374.36,378.2,380.3335,354.7947,50.83,15.72,440960.0,0.22,39.93,45.11,29.57
2025-06-23,SIRI,sell,21.91,21.7,21.8952,21.5175,50.82,9.03,2660958.0,-0.08,42.83,46.59,35.31
2025-06-23,PCH,sell,39.18,38.464,38.9735,38.988,50.81,16.65,330330.0,-0.47,38.77,39.38,37.55
2025-06-23,HNST,sell,4.85,4.57,4.8525,4.8228,50.8,16.04,3267481.0,0.34,32.03,21.37,53.35
2025-06-23,BOKF,sell,94.66,92.93,94.2745,93.7847,50.8,13.0,192587.0,-0.35,35.78,34.36,38.62
2025-06-23,PNTG,sell,28.22,28.082,28.368,27.5798,50.79,12.32,195953.0,0.05,29.9,31.63,26.44
2025-06-23,APLD,sell,9.87,10.67,10.5475,7.348,50.78,43.2,38424524.0,0.11,33.07,48.15,2.91
2025-06-23,HSII,sell,43.21,43.208,43.598,41.8064,50.78,16.63,155541.0,-0.34,34.65,43.56,16.83
2025-06-23,KRNY,sell,6.18,6.092,6.11,6.1696,50.78,16.09,335442.0,-0.28,47.27,50.74,40.33
2025-06-23,FRME,sell,37.09,35.962,36.9625,36.9098,50.78,11.48,286234.0,-0.44,30.22,22.49,45.68
2025-06-23,ACDC,sell,8.25,9.517,8.6105,6.472,50.77,39.29,1363995.0,0.2,56.68,74.06,21.92
2025-06-23,CHKP,sell,223.37,220.09,225.5705,220.1292,50.76,18.89,561412.0,-0.28,22.95,25.25,18.35
2025-06-23,CHTR,sell,392.58,381.046,393.5495,385.351,50.72,15.34,787199.0,-0.44,36.77,28.93,52.45
2025-06-23,DOMO,sell,12.16,12.856,13.2055,10.0726,50.64,42.71,655376.0,0.05,21.56,39.94,-15.2
2025-06-23,ARHS,sell,8.65,8.664,8.7123,8.3715,50.62,10.8,1050338.0,-0.11,42.56,47.81,32.06
2025-06-23,HTLD,sell,8.78,8.744,8.819,8.5433,50.62,10.77,390080.0,-0.21,33.47,36.19,28.03
2025-06-23,RZLV,sell,2.04,1.994,2.028,1.9738,50.61,29.63,17081222.0,4.11,21.03,22.5,18.09
2025-06-23,GEN,sell,28.81,29.398,29.0195,27.4394,50.6,29.87,4153723.0,-0.36,52.8,67.55,23.3
2025-06-23,RARE,sell,36.83,37.018,36.5652,36.3349,50.59,13.6,771535.0,-0.18,46.0,57.47,23.06
2025-06-23,ENVX,sell,8.11,8.428,8.2505,7.3568,50.58,25.3,3070654.0,-0.12,55.48,64.08,38.28
2025-06-23,AVBP,sell,22.8,24.662,22.9872,21.0822,50.56,27.71,1350731.0,2.5,64.26,77.04,38.7
2025-06-23,MBIN,sell,32.11,31.358,31.976,31.974,50.55,14.97,127522.0,-0.3,36.85,34.59,41.37
2025-06-23,PSNY,sell,1.07,1.068,1.0624,1.0651,50.45,12.98,2017042.0,-0.58,60.71,53.69,74.75
2025-06-23,PRTH,sell,7.99,7.94,8.208,7.5627,50.44,16.14,1459874.0,0.85,30.0,37.8,14.4
2025-06-23,XMTR,sell,32.36,31.882,33.361,29.9244,50.4,24.58,768788.0,0.06,31.09,30.27,32.73
2025-06-23,PTCT,sell,49.6,50.59,50.1215,47.7244,50.38,15.67,1148752.0,-0.31,49.13,62.31,22.77
2025-06-23,WLFC,sell,141.71,141.808,139.716,141.0301,50.28,15.05,160384.0,-0.28,58.53,65.4,44.79
2025-06-23,URBN,sell,66.89,68.808,70.4712,60.654,50.26,28.05,2098795.0,0.38,21.97,28.58,8.75
2025-06-23,TW,sell,140.1,139.222,140.384,139.4117,50.26,15.6,750848.0,-0.37,47.25,38.59,64.57
2025-06-23,DBX,sell,28.72,28.668,28.814,28.5526,50.05,14.61,2609358.0,-0.45,44.25,42.12,48.51
2025-06-23,PLMR,sell,160.06,158.518,163.647,157.3284,49.94,16.9,188355.0,-0.3,23.09,27.27,14.73
2025-06-23,DRVN,sell,17.43,17.114,17.5355,17.2715,49.86,8.24,446126.0,-0.16,23.8,25.44,20.52
2025-06-23,IMVT,sell,15.47,15.586,15.514,15.0547,49.85,16.71,1071099.0,-0.23,42.02,53.16,19.74
2025-06-23,RIOT,sell,9.27,9.72,9.391,8.4738,49.82,28.5,40675621.0,-0.06,53.95,64.7,32.45
2025-06-23,CTAS,sell,220.9,220.752,223.9275,216.8486,49.8,17.6,1238222.0,-0.26,20.37,26.23,8.65
2025-06-23,WB,sell,9.28,9.512,9.452,8.721,49.78,29.03,1259357.0,0.23,41.7,57.49,10.12
2025-06-23,ENTG,sell,75.97,76.486,74.639,75.6612,49.72,11.32,2175636.0,-0.27,66.58,68.88,61.98
2025-06-23,MORN,sell,302.84,301.762,305.4938,296.8377,49.71,15.95,294322.0,0.06,36.38,32.67,43.8
2025-06-23,NXT,sell,56.2,58.65,57.8978,50.8759,49.61,21.18,2938424.0,0.04,55.65,70.76,25.43
2025-06-23,UAL,sell,76.97,75.546,78.5658,74.6477,49.59,21.98,11985202.0,0.38,26.82,31.0,18.46
2025-06-23,ABUS,sell,3.41,3.468,3.4495,3.339,49.56,16.48,1070937.0,0.48,46.08,59.02,20.2
2025-06-23,TXRH,sell,188.59,192.396,192.6188,180.9527,49.54,20.05,1844805.0,0.03,58.37,53.83,67.45
2025-06-23,DLO,sell,10.26,10.172,10.4815,9.9096,49.53,19.52,2483699.0,0.21,33.0,26.85,45.3
2025-06-23,BKNG,sell,5333.4199,5318.7599,5444.232,5164.5058,49.5,26.03,175602.0,-0.33,18.89,26.64,3.39
2025-06-23,DORM,sell,124.87,123.168,126.168,121.9758,49.5,15.08,153633.0,-0.19,30.66,28.82,34.34
2025-06-23,MOFG,sell,28.42,27.76,28.509,28.328,49.5,14.22,242658.0,0.09,31.35,30.87,32.31
2025-06-23,BZ,sell,17.68,17.892,17.941,16.6976,49.5,14.2,1675952.0,-0.48,42.7,53.92,20.26
2025-06-23,ACLX,sell,63.62,63.482,64.461,62.3624,49.4,18.16,365791.0,-0.41,36.01,44.44,19.15
2025-06-23,ZG,sell,67.48,67.222,67.8795,66.1798,49.36,14.55,766238.0,0.42,35.09,47.52,10.23
2025-06-23,CFLT,sell,23.26,23.628,23.5435,22.4651,49.36,12.58,5134784.0,-0.13,44.67,56.52,20.97
2025-06-23,ESTA,sell,36.58,37.748,37.0788,34.4665,49.34,18.09,292265.0,-0.08,60.57,65.87,49.97
2025-06-23,FFBC,sell,23.74,23.268,23.7785,23.7364,49.29,10.01,373303.0,-0.12,27.42,24.52,33.22
2025-06-23,AMPL,sell,11.81,11.828,12.301,10.8755,49.27,22.64,892549.0,-0.35,22.55,28.09,11.47
2025-06-23,HQY,sell,101.21,101.12,104.2195,95.5337,49.26,26.46,691136.0,-0.48,20.51,27.94,5.65
2025-06-23,RCAT,sell,7.18,7.571,7.4458,6.4257,49.23,23.29,9394424.0,-0.43,41.02,55.01,13.04
2025-06-23,MNRO,sell,14.74,14.458,15.2615,14.3354,49.2,19.29,1183904.0,0.31,17.22,25.41,0.84
2025-06-23,ROP,sell,566.18,562.432,567.4602,565.8709,49.19,17.69,374901.0,-0.37,33.79,30.73,39.91
2025-06-23,NSSC,sell,27.59,28.096,28.2775,25.9858,49.17,30.77,266761.0,-0.19,47.87,54.06,35.49
2025-06-23,SONO,sell,10.06,10.068,10.17,9.7059,49.09,9.14,1381392.0,-0.25,31.42,35.11,24.04
2025-06-23,UFPT,sell,233.14,236.282,236.1493,226.6607,49.08,18.42,121239.0,0.08,37.22,44.66,22.34
2025-06-23,SLM,sell,31.7,31.608,32.194,30.8734,49.05,16.33,1561714.0,-0.36,27.17,20.68,40.15
2025-06-23,CGON,sell,25.66,25.838,26.19,24.6734,49.02,15.52,597778.0,-0.41,29.71,37.91,13.31
2025-06-23,UMBF,sell,101.7,100.26,102.6765,100.2162,48.85,12.51,594831.0,-0.43,27.77,28.37,26.57
2025-06-23,CORZW,sell,5.71,6.096,6.0645,4.8333,48.82,21.71,210851.0,0.32,47.95,59.2,25.45
2025-06-23,LYFT,sell,14.95,14.818,15.3555,14.2096,48.8,22.47,14875350.0,0.06,27.95,23.47,36.91
2025-06-23,REPL,sell,9.23,9.465,9.4825,8.7878,48.71,23.85,794173.0,-0.19,29.53,47.28,-5.97
2025-06-23,POWL,sell,180.52,182.18,181.387,180.2547,48.7,10.9,198740.0,-0.48,45.45,57.57,21.21
2025-06-23,NFBK,sell,11.56,11.558,11.7535,11.1634,48.68,17.39,155382.0,-0.38,37.46,49.89,12.6
2025-06-23,EXPE,sell,165.82,163.952,168.0345,162.9644,48.67,13.41,1532212.0,-0.16,25.93,33.11,11.57
2025-06-23,ARWR,sell,15.51,15.53,16.093,14.6056,48.59,23.0,1544073.0,-0.15,23.11,31.52,6.29
2025-06-23,VCTR,sell,61.74,62.098,62.5265,60.5114,48.58,9.64,341358.0,-0.34,34.09,38.64,24.99
2025-06-23,AVPT,sell,18.34,18.55,18.781,17.6006,48.54,18.04,1527453.0,-0.08,26.24,34.58,9.56
2025-06-23,MIDD,sell,143.62,142.366,145.7415,140.6258,48.53,14.89,724576.0,-0.05,24.95,25.45,23.95
2025-06-23,BAND,sell,14.06,14.124,14.377,13.571,48.52,17.9,142713.0,-0.28,25.54,32.79,11.04
2025-06-23,GRFS,sell,8.37,8.76,8.6135,7.8497,48.4,36.33,1192861.0,0.46,51.64,68.46,18.0
2025-06-23,CMPR,sell,43.67,43.624,44.2848,43.366,48.4,15.04,268072.0,-0.16,25.25,32.96,9.83
2025-06-23,RZLT,sell,4.03,4.138,4.196,3.788,48.38,28.8,654916.0,-0.29,25.4,41.47,-6.74
2025-06-23,PTEN,sell,6.04,6.365,5.9838,5.9315,48.38,23.35,16953398.0,0.25,69.07,75.69,55.83
2025-06-23,GEHC,sell,71.16,71.666,71.584,69.4352,48.38,13.87,3142248.0,-0.2,47.78,56.48,30.38
2025-06-23,CGNX,sell,29.83,29.97,30.3005,28.6776,48.36,13.46,1551123.0,0.04,27.75,37.04,9.17
2025-06-23,CIFR,sell,3.53,3.748,3.6598,3.266,48.35,17.76,36263624.0,0.37,52.12,61.81,32.74
2025-06-23,MNDY,sell,288.69,287.102,296.7598,281.262,48.33,18.16,381396.0,-0.26,30.23,37.12,16.45
2025-06-23,CMCSA,sell,34.59,34.604,34.7,34.4892,48.32,10.41,28768973.0,0.23,37.73,45.71,21.77
2025-06-23,BNTX,sell,103.01,105.048,105.3698,102.0324,48.31,15.74,626240.0,-0.31,24.62,35.64,2.58
2025-06-23,ERAS,sell,1.39,1.386,1.426,1.3593,48.31,14.92,995654.0,-0.39,34.62,48.37,7.12
2025-06-23,TYRA,sell,9.71,9.65,9.792,9.7094,48.29,16.56,323358.0,0.06,24.67,33.16,7.69
2025-06-23,IMNM,sell,8.74,8.962,9.0575,8.4213,48.28,18.99,509009.0,-0.48,32.64,47.78,2.36
2025-06-23,SKYW,sell,97.79,96.844,100.0585,95.8676,48.2,22.85,258585.0,0.01,24.36,27.73,17.62
2025-06-23,MATW,sell,21.38,21.364,21.89,20.9124,48.2,15.79,197688.0,-0.14,27.32,39.9,2.16
2025-06-23,SMCI,sell,40.89,43.496,42.3635,38.4135,48.18,15.64,69270700.0,0.89,54.88,65.23,34.18
2025-06-23,PRCT,sell,58.74,59.608,60.2407,56.7995,48.04,12.33,441422.0,-0.37,32.89,44.76,9.15
2025-06-23,CELC,sell,11.45,11.82,11.7695,11.0199,48.01,18.54,152915.0,0.06,38.22,52.99,8.68
2025-06-23,ALRM,sell,56.8,56.828,57.602,55.7466,48.0,16.9,415718.0,0.16,20.4,28.63,3.94
2025-06-23,APA,sell,18.39,19.99,18.6995,17.2629,47.98,30.41,16563032.0,0.52,63.55,77.35,35.95
2025-06-23,SHOO,sell,23.93,23.604,24.576,23.3426,47.98,14.67,1253913.0,-0.03,22.31,24.92,17.09
2025-06-23,CRAI,sell,182.84,182.226,186.14,179.2562,47.9,22.46,105467.0,-0.36,48.82,49.47,47.52
2025-06-23,ETSY,sell,53.92,54.76,56.994,50.1148,47.85,28.52,5431893.0,-0.26,20.84,37.42,-12.32
2025-06-23,ANSS,sell,335.0,336.39,337.9885,329.339,47.72,12.49,490861.0,-0.33,43.47,55.01,20.39
2025-06-23,VCEL,sell,41.8,41.738,42.3588,41.4524,47.62,15.23,360900.0,-0.23,39.14,46.71,24.0
2025-06-23,GHRS,sell,11.68,12.108,12.3595,10.9952,47.5,20.48,112695.0,-0.34,35.86,46.77,14.04
2025-06-23,BLDP,sell,1.44,1.584,1.4995,1.356,47.49,24.45,6959592.0,-0.37,55.41,68.09,30.05
2025-06-23,VRSK,sell,308.41,307.48,313.4565,304.4986,47.49,16.71,786536.0,-0.18,17.18,19.51,12.52
2025-06-23,PTC,sell,166.46,168.028,168.8785,162.2622,47.49,15.79,797934.0,-0.25,37.73,48.96,15.27
2025-06-23,API,sell,3.65,3.72,3.7585,3.4518,47.49,10.31,323959.0,-0.16,42.83,53.49,21.51
2025-06-23,CSGS,sell,63.225,63.383,64.323,62.6713,47.47,15.31,196696.0,-0.1,30.65,33.21,25.53
2025-06-23,MRVI,sell,2.11,2.086,2.197,2.0863,47.44,28.06,1704948.0,0.04,17.76,21.22,10.84
2025-06-23,TSHA,sell,2.49,2.526,2.6615,2.2827,47.39,31.66,3086824.0,-0.36,15.63,20.56,5.77
2025-06-23,AMLX,sell,5.02,5.188,5.1995,4.9066,47.36,21.39,822946.0,-0.22,32.41,44.91,7.41
2025-06-23,TITN,sell,18.91,19.172,19.3125,18.5898,47.34,28.11,159960.0,-0.22,36.41,38.73,31.77
2025-06-23,BGC,sell,9.37,9.522,9.4985,9.2228,47.25,23.0,2379541.0,-0.22,47.61,56.66,29.51
2025-06-23,BKR,sell,37.83,38.88,38.0385,37.4784,47.18,22.98,8625843.0,-0.05,60.54,73.01,35.6
2025-06-23,PUBM,sell,11.11,11.11,11.5755,10.7059,47.18,21.58,534236.0,-0.25,23.06,26.36,16.46
2025-06-23,SION,sell,14.1,14.296,15.033,13.2457,47.03,25.71,113930.0,-0.08,25.64,40.44,-3.96
2025-06-23,NOVT,sell,122.73,122.404,124.4075,122.1228,46.92,17.83,143345.0,-0.4,21.46,29.9,4.58
2025-06-23,XRAY,sell,15.48,15.508,15.9002,15.0295,46.91,13.19,2819818.0,0.16,19.15,26.0,5.45
2025-06-23,HPK,sell,10.41,11.288,10.8135,9.7611,46.9,28.94,271190.0,-0.3,59.93,74.96,29.87
2025-06-23,UPBD,sell,23.92,24.456,24.413,23.3222,46.85,21.43,623680.0,-0.0,36.4,48.87,11.46
2025-06-23,FANG,sell,141.15,148.548,143.141,138.5818,46.84,19.52,4573724.0,0.26,54.15,68.23,25.99
2025-06-23,LIN,sell,459.75,460.362,466.437,457.0358,46.84,15.71,1610534.0,-0.24,22.27,33.35,0.11
2025-06-23,NTGR,sell,27.93,27.152,29.0578,27.3477,46.82,21.74,496340.0,0.12,16.14,17.77,12.88
2025-06-23,SKWD,sell,58.78,58.23,60.7465,58.5734,46.81,23.71,318719.0,-0.2,15.45,18.83,8.69
2025-06-23,IBRX,sell,2.76,2.888,2.893,2.6696,46.65,25.94,6737564.0,-0.14,27.16,40.01,1.46
2025-06-23,SERV,sell,10.26,10.766,11.737,9.0186,46.64,41.84,4090657.0,0.18,10.45,19.08,-6.81
2025-06-23,RPAY,sell,4.62,4.616,4.8575,4.4396,46.56,27.96,1238873.0,-0.06,17.38,31.98,-11.82
2025-06-23,IMTX,sell,5.42,5.824,5.734,5.0692,46.53,29.13,1165492.0,0.49,39.5,59.69,-0.88
2025-06-23,TRML,sell,17.02,17.528,17.8138,16.608,46.51,19.85,193443.0,-0.22,32.94,52.15,-5.48
2025-06-23,ATAI,sell,2.02,2.258,2.2875,1.8212,46.49,38.39,4709205.0,0.69,33.91,40.69,20.35
2025-06-23,TNDM,sell,20.22,20.191,20.6888,20.1733,46.31,12.54,1328848.0,0.24,24.95,29.46,15.93
2025-06-23,OTEX,sell,27.75,28.14,28.2925,27.381,46.28,25.21,1155919.0,-0.25,35.08,48.52,8.2
2025-06-23,CSIQ,sell,10.13,10.432,10.637,9.7644,46.25,32.08,908497.0,-0.12,24.18,39.44,-6.34
2025-06-23,LZMH,sell,15.38,17.762,20.638,14.5542,46.19,24.68,686777.0,-0.37,45.79,42.71,51.95
2025-06-23,MGRC,sell,111.97,112.476,114.181,110.9764,46.12,16.46,131057.0,-0.27,22.33,32.54,1.91
2025-06-23,EVGO,sell,3.79,4.228,4.071,3.5076,46.01,35.81,5843140.0,-0.19,39.55,57.74,3.17
2025-06-23,WSC,sell,26.72,26.294,27.2975,26.6689,45.96,13.07,2426620.0,-0.12,19.35,24.46,9.13
2025-06-23,IAS,sell,7.92,8.124,8.1138,7.6233,45.92,27.69,768413.0,-0.26,40.02,51.39,17.28
2025-06-23,ANGI,sell,15.2,15.238,15.9467,14.5443,45.83,21.74,1155560.0,-0.05,13.25,21.27,-2.79
2025-06-23,AZN,sell,70.64,71.174,72.165,70.1992,45.8,20.8,2949832.0,-0.32,25.14,43.75,-12.08
2025-06-23,HUT,sell,15.89,17.014,16.971,15.0084,45.73,25.4,7321418.0,0.32,39.8,53.92,11.56
2025-06-23,OPAL,sell,2.8,3.134,3.216,2.4116,45.7,38.45,329691.0,1.37,19.24,28.29,1.14
2025-06-23,RNW,sell,6.62,6.742,6.8305,6.5988,45.7,25.77,699415.0,-0.55,23.65,34.59,1.77
2025-06-23,ANGO,sell,9.99,10.242,10.4585,9.7954,45.64,22.27,503677.0,-0.3,28.25,40.9,2.95
2025-06-23,HSAI,sell,18.22,18.308,19.6622,17.5297,45.54,21.85,1373169.0,-0.5,17.33,24.2,3.59
2025-06-23,ALAB,sell,85.95,93.353,93.4912,80.6845,45.54,20.93,7161935.0,0.54,36.06,46.71,14.76
2025-06-23,ABNB,sell,130.53,133.002,133.555,127.8652,45.52,15.19,4250018.0,-0.14,35.12,47.76,9.84
2025-06-23,GERN,sell,1.42,1.496,1.52,1.4078,45.51,25.64,8855007.0,0.05,32.92,46.11,6.54
2025-06-23,ACTG,sell,3.61,3.65,3.749,3.4745,45.5,14.35,124010.0,-0.28,16.63,25.51,-1.13
2025-06-23,EVER,sell,23.85,24.284,24.3765,23.7254,45.37,13.86,559770.0,0.01,39.18,50.82,15.9
2025-06-23,BTBT,sell,2.32,2.422,2.506,2.2372,45.28,19.98,10645682.0,-0.12,30.22,44.98,0.7
2025-06-23,ASPI,sell,7.31,7.672,8.1845,6.9102,45.23,26.3,2817339.0,-0.17,22.56,34.93,-2.18
2025-06-23,PCVX,sell,33.25,33.498,34.1295,32.9142,45.23,14.25,1123409.0,-0.16,24.07,37.42,-2.63
2025-06-23,CLNE,sell,1.76,1.924,1.8605,1.7142,45.15,23.83,4351296.0,0.21,52.31,62.41,32.11
2025-06-23,FOXF,sell,24.58,24.97,25.774,23.5114,45.15,23.53,399201.0,-0.19,22.49,37.15,-6.83
2025-06-23,GILD,sell,106.19,108.304,109.6105,105.9852,45.07,10.48,8173378.0,-0.32,31.79,46.26,2.85
2025-06-23,FIVN,sell,26.55,27.2,27.653,26.1563,44.91,16.56,1541490.0,0.26,29.99,41.13,7.71
2025-06-23,TCPC,sell,7.47,7.452,7.732,7.3304,44.88,20.06,291886.0,-0.54,34.55,39.42,24.81
2025-06-23,CENX,sell,17.18,17.55,18.088,16.9932,44.85,21.97,1668444.0,0.15,32.31,49.9,-2.87
2025-06-23,ARCC,sell,21.47,21.422,21.8745,21.2897,44.71,15.61,4348232.0,-0.12,24.65,34.16,5.63
2025-06-23,WDFC,sell,236.96,240.81,242.4065,235.6188,44.7,22.16,150042.0,-0.49,48.75,55.96,34.33
2025-06-23,OM,sell,17.37,19.064,19.3412,15.9177,44.67,33.75,535349.0,-0.17,36.21,52.26,4.11
2025-06-23,HUMA,sell,2.21,2.324,2.516,1.9714,44.58,33.27,2864409.0,0.47,15.54,22.84,0.94
2025-06-23,BMBL,sell,5.1,5.204,5.4045,5.06,44.56,18.7,2985338.0,-0.09,34.11,27.29,47.75
2025-06-23,SNPS,sell,470.98,473.988,480.5265,470.7492,44.49,17.58,897269.0,-0.24,36.6,48.42,12.96
2025-06-23,WULF,sell,3.57,3.886,3.9905,3.4502,44.39,19.63,41500687.0,0.01,32.06,47.14,1.9
2025-06-23,ADP,sell,310.24,307.76,317.6498,309.2219,44.36,26.26,1707010.0,-0.25,15.12,16.51,12.34
2025-06-23,WFRD,sell,47.06,50.578,48.4732,46.2758,44.21,21.23,1505893.0,0.35,63.71,74.44,42.25
2025-06-23,ASTE,sell,38.62,39.406,39.7445,38.4232,44.15,21.12,165284.0,-0.15,35.08,45.7,13.84
2025-06-23,FDUS,sell,19.67,19.799,20.1708,19.5405,44.03,19.24,178096.0,-0.07,32.49,37.4,22.67
2025-06-23,NTNX,sell,73.28,73.136,75.662,72.8252,43.95,18.48,1832782.0,-0.43,20.8,20.96,20.48
2025-06-23,LZ,sell,8.65,8.618,9.0505,8.3862,43.66,25.7,1761039.0,-0.18,11.3,14.07,5.76
2025-06-23,NICE,sell,162.56,164.78,168.9155,162.1669,43.42,13.52,532668.0,-0.02,20.76,33.76,-5.24
2025-06-23,NYMT,sell,6.46,6.658,6.6765,6.372,43.21,15.87,956477.0,-0.12,39.68,51.42,16.2
2025-06-23,BCRX,sell,9.91,10.046,10.614,9.6174,43.18,32.4,2690611.0,-0.31,15.9,24.14,-0.58
2025-06-23,BBNX,sell,15.8,17.83,17.833,14.5326,43.17,29.94,372242.0,0.02,39.61,61.27,-3.71
2025-06-23,ORKA,sell,10.9,11.792,11.9775,10.631,43.04,22.05,199028.0,0.18,31.91,50.34,-4.95
2025-06-23,OS,sell,26.64,27.924,28.3492,25.3419,42.93,20.95,2367161.0,0.29,30.08,38.77,12.7
2025-06-23,FRSH,sell,14.6,15.012,15.2585,14.5498,42.86,15.87,3178603.0,0.25,22.78,38.82,-9.3
2025-06-23,FA,sell,16.75,17.192,17.659,16.4078,42.73,25.46,1103844.0,0.1,26.25,41.24,-3.73
2025-06-23,GOOGL,sell,165.19,171.574,172.138,164.4506,42.68,21.15,57670843.0,0.47,35.42,51.69,2.88
2025-06-23,OPRA,sell,17.58,18.206,18.3748,17.293,42.22,15.17,616929.0,0.19,31.35,44.98,4.09
2025-06-23,SFIX,sell,3.86,3.89,4.3345,3.8496,42.17,28.37,1765015.0,-0.28,10.09,16.69,-3.11
2025-06-23,BIIB,sell,124.76,127.188,130.21,124.4468,41.78,17.72,1190194.0,-0.3,20.19,33.79,-7.01
2025-06-23,WINA,sell,401.75,436.294,427.591,396.2124,41.69,45.44,162317.0,-0.29,52.9,69.22,20.26
2025-06-23,APP,sell,335.4,347.12,379.1485,331.6885,41.07,21.15,5498920.0,0.04,12.9,21.55,-4.4
2025-06-23,DXCM,sell,79.84,81.136,84.0905,79.6532,39.8,23.73,5672429.0,0.41,14.3,17.19,8.52
2025-06-23,PINC,sell,21.89,22.154,22.7202,21.8154,37.53,25.46,1339273.0,-0.46,15.35,21.34,3.37
2025-06-23,EXEL,buy,43.37,41.517,42.2262,40.1817,59.46,26.81,9380108.0,1.67,20.45,17.34,26.67
2025-06-23,LANC,buy,171.89,169.266,168.04,172.125,56.36,15.63,163373.0,-0.21,70.37,63.89,83.33
2025-06-23,FER,buy,51.27,50.854,51.336,49.5922,53.97,30.46,143873.0,-0.05,25.56,23.4,29.88
2025-06-23,UFPI,buy,99.74,96.592,97.288,100.3505,53.67,12.31,443976.0,-0.34,41.97,32.53,60.85
2025-06-23,AEP,buy,103.31,101.958,102.292,104.0418,53.38,17.94,3327606.0,0.19,52.06,43.98,68.22
2025-06-23,SIGI,buy,87.44,85.596,86.6135,87.7476,53.21,16.0,458598.0,0.15,33.41,25.17,49.89
2025-06-23,HTZ,buy,6.42,6.04,6.3175,6.4741,53.12,13.3,7513880.0,0.21,34.43,22.51,58.27
2025-06-23,CCOI,buy,49.275,47.503,47.5382,50.1684,52.7,34.17,674315.0,-0.42,64.76,57.41,79.46
2025-06-23,FROG,buy,41.52,41.332,42.3442,38.4873,52.57,30.57,723243.0,-0.08,21.97,20.0,25.91
2025-06-23,LMAT,buy,83.38,81.992,82.2125,83.7884,52.52,16.86,120431.0,-0.48,50.78,47.82,56.7
2025-06-23,ATEX,buy,28.34,27.903,27.376,28.8144,52.41,23.57,125468.0,-0.14,74.86,69.12,86.34
2025-06-23,KRYS,buy,137.92,133.107,132.0568,144.0762,52.37,25.94,610804.0,0.48,57.67,58.87,55.27
2025-06-23,GO,buy,13.86,13.242,13.528,14.4144,52.07,21.55,4120208.0,0.14,49.65,36.46,76.03
2025-06-23,CEVA,buy,21.27,20.622,20.191,22.0852,51.96,16.36,267700.0,0.21,68.14,65.19,74.04
2025-06-23,ORGO,buy,3.34,3.242,3.059,3.6983,51.29,17.89,668158.0,-0.18,58.78,55.2,65.94
2025-06-23,HTZWW,buy,3.41,3.234,3.4248,3.4997,51.25,9.04,227014.0,0.57,36.74,24.03,62.16
2025-06-23,SAIA,buy,270.0,262.944,262.7335,278.1618,51.19,10.11,708230.0,-0.15,56.62,45.91,78.04
2025-06-23,CURI,buy,5.35,4.938,5.751,4.7778,51.02,29.65,824799.0,0.63,18.36,15.23,24.62
2025-06-23,PRTA,buy,6.06,5.778,5.227,7.1454,50.75,32.26,2452215.0,-0.29,76.94,66.89,97.04
2025-06-23,COST,buy,1004.48,984.35,1010.1565,1001.857,50.63,17.94,2080734.0,-0.03,14.62,11.28,21.3
2025-06-23,ARVN,buy,7.4,7.432,7.3178,7.4289,50.62,12.55,1989065.0,-0.07,49.86,55.15,39.28
2025-06-23,ODFL,buy,161.36,157.994,160.984,159.4474,50.59,10.65,1256414.0,-0.29,21.84,21.3,22.92
2025-06-23,WIX,buy,158.685,157.779,153.7928,161.8222,50.41,19.41,621297.0,-0.56,83.87,72.4,106.81
2025-06-23,AAPL,buy,201.5,198.628,200.0365,202.408,50.39,18.55,55814122.0,-0.0,39.71,33.25,52.63
2025-06-23,LBTYK,buy,10.11,10.094,9.9825,10.264,50.36,19.01,1372487.0,0.02,59.62,59.45,59.96
2025-06-23,LINE,buy,45.57,44.538,44.3848,47.7868,50.24,19.29,630634.0,-0.24,56.25,50.57,67.61
2025-06-23,MGEE,buy,89.48,88.656,89.2135,90.1154,50.21,26.29,304623.0,0.95,43.64,34.89,61.14
2025-06-23,CENTA,buy,31.16,30.512,31.2935,31.1672,50.1,22.65,511680.0,-0.0,28.56,26.78,32.12
2025-06-23,LBTYA,buy,9.83,9.818,9.7335,9.9684,50.1,15.29,2972553.0,0.96,55.38,57.1,51.94
2025-06-23,KDP,buy,33.26,33.204,33.04,33.7946,49.99,15.76,9095061.0,-0.17,54.21,46.79,69.05
2025-06-23,TFSL,buy,12.99,12.71,13.042,12.9908,49.85,19.24,308588.0,-0.23,25.96,19.72,38.44
2025-06-23,GABC,buy,37.84,37.066,37.8988,37.7267,49.63,20.3,183690.0,-0.25,27.26,26.01,29.76
2025-06-23,TGTX,buy,36.56,35.675,36.6835,37.2022,49.56,16.1,1583174.0,-0.14,30.34,35.27,20.48
2025-06-23,MKTX,buy,220.81,221.956,220.8188,220.8921,49.47,10.99,355624.0,-0.2,57.99,65.95,42.07
2025-06-23,LNTH,buy,80.81,78.946,78.415,87.3354,49.42,18.69,767667.0,-0.28,51.64,51.49,51.94
2025-06-23,NSIT,buy,133.37,132.852,132.8195,134.1582,49.3,10.02,159364.0,-0.58,47.22,48.45,44.76
2025-06-23,WMG,buy,26.84,26.544,26.356,27.7276,49.27,26.72,1033273.0,-0.32,73.53,65.48,89.63
2025-06-23,CNOB,buy,22.72,22.174,22.703,22.8296,49.14,10.43,273011.0,-0.18,24.42,23.74,25.78
2025-06-23,WASH,buy,27.62,27.048,27.5515,27.8476,48.96,10.13,112093.0,-0.17,27.72,23.88,35.4
2025-06-23,CASH,buy,76.17,73.938,76.3012,77.214,48.9,18.15,189663.0,-0.01,25.81,17.43,42.57
2025-06-23,GPCR,buy,22.1,21.398,21.955,22.965,48.85,15.05,1710336.0,1.61,36.46,29.83,49.72
2025-06-23,RXRX,buy,4.83,4.962,4.8172,4.9285,48.77,21.67,21545396.0,-0.26,42.86,48.96,30.66
2025-06-23,FISI,buy,25.33,24.75,25.4925,25.146,48.77,16.94,228682.0,0.22,22.39,21.82,23.53
2025-06-23,APOG,buy,39.3,38.284,38.9475,40.7734,48.7,19.1,289437.0,-0.02,27.32,27.68,26.6
2025-06-23,MRTN,buy,13.08,12.988,13.0945,13.1691,48.68,12.04,352357.0,-0.2,25.3,28.89,18.12
2025-06-23,HUBG,buy,33.44,33.068,33.5255,33.3966,48.67,10.69,344365.0,-0.47,24.1,22.13,28.04
2025-06-23,MSBI,buy,16.81,16.408,16.7705,16.9504,48.65,14.3,151992.0,-0.04,23.02,22.54,23.98
2025-06-23,CTKB,buy,3.12,3.126,3.069,3.2684,48.63,24.87,1678689.0,0.05,45.72,56.35,24.46
2025-06-23,ZYBT,buy,7.425,7.907,7.4762,8.5268,48.61,11.42,460455.0,0.02,63.69,55.08,80.91
2025-06-23,WABC,buy,47.61,46.45,47.7385,48.006,48.37,11.71,124086.0,-0.37,29.79,24.08,41.21
2025-06-23,NCMI,buy,5.23,5.246,5.2455,5.4106,48.24,12.86,318881.0,-0.38,47.31,51.38,39.17
2025-06-23,EXC,buy,43.2,42.648,43.0995,44.5658,48.23,27.02,5131179.0,-0.19,38.4,33.92,47.36
2025-06-23,RYTM,buy,62.13,61.992,63.3582,62.226,48.12,13.39,694382.0,0.35,21.2,32.17,-0.74
2025-06-23,JJSF,buy,115.25,112.996,114.438,120.807,48.11,19.64,231976.0,0.0,30.12,30.08,30.2
2025-06-23,PRAA,buy,14.75,14.642,14.4525,15.5496,48.05,20.98,752800.0,0.04,54.33,56.41,50.17
2025-06-23,WTW,buy,303.69,299.162,305.4575,309.5878,48.02,29.53,410656.0,-0.49,25.84,22.31,32.9
2025-06-23,CME,buy,272.66,271.192,276.492,273.6748,47.95,19.18,2363139.0,-0.48,30.7,26.64,38.82
2025-06-23,PPBI,buy,20.86,20.476,21.0335,20.8612,47.93,15.35,727739.0,-0.22,27.09,25.25,30.77
2025-06-23,CDW,buy,173.77,171.508,176.6765,171.2854,47.87,20.9,1268036.0,-0.15,21.06,17.91,27.36
2025-06-23,HLIT,buy,9.06,8.866,9.151,9.1336,47.85,15.01,498285.0,-0.59,23.97,25.29,21.33
2025-06-23,QNST,buy,15.51,15.246,15.4445,16.0406,47.79,15.64,345028.0,-0.42,29.11,30.84,25.65
2025-06-23,SATL,buy,3.54,3.468,3.564,3.8342,47.73,13.25,1533937.0,0.36,48.81,36.02,74.39
2025-06-23,BRKL,buy,10.31,10.116,10.3472,10.3981,47.71,15.08,401823.0,-0.51,23.26,23.81,22.16
2025-06-23,VICR,buy,43.83,44.492,44.0915,44.4381,47.63,11.18,185069.0,0.13,51.16,60.68,32.12
2025-06-23,XENE,buy,31.49,31.832,30.99,32.998,47.51,18.13,812797.0,0.17,63.75,71.0,49.25
2025-06-23,AAL,buy,10.9,10.712,11.194,10.761,47.5,19.78,79689184.0,0.36,26.6,26.55,26.7
2025-06-23,KROS,buy,13.76,13.584,14.153,13.9887,47.47,20.53,289260.0,-0.37,15.27,17.43,10.95
2025-06-23,SEAT,buy,1.85,1.894,1.7485,2.109,47.47,16.5,2298958.0,1.44,83.78,80.51,90.32
2025-06-23,CYTK,buy,32.64,32.824,32.3085,34.5286,47.47,15.88,1056563.0,-0.32,55.26,64.21,37.36
2025-06-23,MGPI,buy,29.47,29.8,29.469,30.0182,47.4,14.96,302227.0,0.14,63.61,58.87,73.09
2025-06-23,TECH,buy,49.3,50.09,49.4845,49.5976,47.34,11.98,1375010.0,-0.37,48.02,57.63,28.8
2025-06-23,TTD,buy,68.87,68.73,72.1595,65.0684,47.19,18.89,6036911.0,-0.22,17.72,17.66,17.84
2025-06-23,RYET,buy,8.04,8.05,9.2868,8.6673,47.11,14.08,154408.0,-0.54,22.91,19.39,29.95
2025-06-23,SOUN,buy,9.49,9.508,9.8805,9.5618,47.11,10.41,37174520.0,0.44,27.96,23.77,36.34
2025-06-23,SFNC,buy,18.62,18.294,18.6968,18.8003,47.1,10.55,979967.0,-0.03,25.2,23.67,28.26
2025-06-23,SBGI,buy,13.55,13.27,13.5222,14.2398,47.04,26.2,365720.0,-0.47,46.53,34.15,71.29
2025-06-23,MDGL,buy,282.99,283.22,280.485,295.5974,47.01,17.03,300077.0,-0.02,47.94,52.71,38.4
2025-06-23,EVCM,buy,9.83,9.662,9.931,10.097,46.99,22.41,224419.0,-0.16,28.57,28.34,29.03
2025-06-23,TATT,buy,27.1,26.256,27.1208,28.9728,46.96,17.58,581944.0,1.5,34.57,20.82,62.07
2025-06-23,ERIE,buy,356.87,353.348,357.343,369.3444,46.95,22.61,136673.0,-0.37,22.17,26.74,13.03
2025-06-23,XEL,buy,67.91,66.654,68.4113,69.5203,46.95,20.76,3405037.0,-0.18,32.09,21.98,52.31
2025-06-23,PLAB,buy,18.32,18.372,18.2375,18.7187,46.91,14.58,465410.0,-0.18,58.15,58.22,58.01
2025-06-23,VFS,buy,3.42,3.472,3.4795,3.4376,46.84,23.48,454806.0,-0.31,39.84,48.35,22.82
2025-06-23,CRNC,buy,8.68,8.514,9.004,8.8818,46.84,12.62,1917865.0,0.19,20.3,24.91,11.08
2025-06-23,FWRG,buy,15.58,15.488,15.551,16.8546,46.7,22.82,817178.0,0.06,58.97,53.29,70.33
2025-06-23,FFIC,buy,11.83,11.504,11.93,12.1208,46.65,18.65,179861.0,-0.16,32.52,27.86,41.84
2025-06-23,FTRE,buy,5.1,5.424,5.045,5.2302,46.59,32.23,1498440.0,-0.44,55.16,63.03,39.42
2025-06-23,COFS,buy,28.5,27.93,29.0078,28.5489,46.53,21.03,206160.0,-0.07,24.67,24.3,25.41
2025-06-23,GNTX,buy,21.54,21.54,21.6403,21.8139,46.53,14.64,1800116.0,-0.28,32.15,38.51,19.43
2025-06-23,CHRW,buy,93.95,93.488,95.1525,93.5336,46.51,14.56,625751.0,-0.49,18.57,16.74,22.23
2025-06-23,VERA,buy,21.65,21.286,23.1502,22.5649,46.41,19.6,1804962.0,0.32,13.56,19.99,0.7
2025-06-23,HELE,buy,27.45,26.892,27.2785,28.9567,46.36,17.35,436310.0,-0.16,32.81,37.52,23.39
2025-06-23,PI,buy,106.34,104.756,111.8755,101.5972,46.32,24.13,304035.0,-0.24,13.63,13.38,14.13
2025-06-23,COLB,buy,22.905,22.445,23.2508,23.2917,46.1,15.85,1842442.0,-0.26,25.53,23.09,30.41
2025-06-23,ICFI,buy,83.8,84.36,84.868,84.9684,46.06,13.24,123277.0,-0.02,36.89,46.43,17.81
2025-06-23,ACGL,buy,91.11,90.574,92.6565,92.5826,46.05,21.26,1587388.0,-0.22,22.3,24.21,18.48
2025-06-23,GOGL,buy,7.61,7.762,7.665,7.6128,45.98,9.0,1767564.0,0.11,52.3,68.09,20.72
2025-06-23,EBC,buy,14.66,14.408,14.809,14.9828,45.97,16.15,1792293.0,-0.29,24.92,25.74,23.28
2025-06-23,ABSI,buy,2.76,2.766,2.81,2.8897,45.92,24.61,4670583.0,-0.01,24.99,31.97,11.03
2025-06-23,PAYO,buy,6.66,6.586,6.7715,6.7922,45.9,20.53,2658377.0,-0.01,23.9,28.09,15.52
2025-06-23,NWL,buy,5.28,5.466,5.4365,5.2954,45.88,11.54,12264159.0,0.13,53.74,60.08,41.06
2025-06-23,POOL,buy,293.96,288.69,297.859,301.888,45.87,13.37,425198.0,-0.34,24.25,20.09,32.57
2025-06-23,ZD,buy,31.61,31.548,32.2085,31.8546,45.76,12.02,449075.0,-0.11,24.75,32.46,9.33
2025-06-23,PCRX,buy,24.74,24.37,25.32,25.4362,45.72,15.84,421769.0,-0.06,23.62,22.81,25.24
2025-06-23,SUPN,buy,31.99,32.405,32.4332,32.1156,45.7,14.66,836210.0,-0.04,41.7,49.86,25.38
2025-06-23,VRTX,buy,443.54,445.142,446.9825,459.7854,45.64,19.43,950040.0,-0.36,37.21,50.64,10.35
2025-06-23,PCAR,buy,91.75,91.452,93.007,92.1064,45.57,18.8,2455974.0,-0.32,23.12,25.53,18.3
2025-06-23,BULL,buy,10.42,10.571,11.209,,45.54,31.08,3835279.0,-0.11,18.15,15.8,22.85
2025-06-23,TREE,buy,35.61,34.836,35.3075,39.8107,45.54,20.21,216183.0,-0.11,35.87,32.56,42.49
2025-06-23,CLSK,buy,8.85,9.11,9.334,8.9356,45.4,16.95,29475314.0,-0.03,33.98,42.03,17.88
2025-06-23,CART,buy,43.86,43.634,45.1485,44.0176,45.39,15.81,3703545.0,-0.24,15.49,15.92,14.63
2025-06-23,BBCP,buy,6.21,6.044,6.5412,6.4759,45.36,34.94,102435.0,-0.2,22.36,22.03,23.02
2025-06-23,RPD,buy,23.22,23.403,23.4032,23.5936,45.35,11.49,575448.0,-0.59,40.13,49.04,22.31
2025-06-23,DPZ,buy,457.61,452.978,462.975,473.5638,45.32,20.96,538616.0,-0.16,27.39,21.14,39.89
2025-06-23,ALGT,buy,51.57,51.881,54.6055,51.648,45.26,15.65,307814.0,-0.17,21.82,28.58,8.3
2025-06-23,VIR,buy,5.05,5.166,5.13,5.3158,45.05,15.19,1031372.0,-0.3,40.37,53.84,13.43
2025-06-23,PDD,buy,101.95,102.146,101.558,104.5624,45.03,17.59,4732076.0,-0.32,69.29,61.66,84.55
2025-06-23,SPSC,buy,136.65,134.642,139.62,140.1906,45.0,16.16,241781.0,-0.16,15.06,14.58,16.02
2025-06-23,RIVN,buy,13.65,13.628,14.2372,13.8015,44.96,16.57,22203913.0,-0.04,20.56,17.63,26.42
2025-06-23,MRNA,buy,25.67,25.704,26.719,26.2817,44.93,15.67,6523374.0,-0.35,18.04,24.88,4.36
2025-06-23,PTLO,buy,11.3,11.54,11.719,11.5495,44.92,10.42,2377992.0,0.37,30.38,35.6,19.94
2025-06-23,MYGN,buy,4.86,4.95,4.7975,5.6346,44.9,20.83,1282457.0,-0.41,62.9,70.68,47.34
2025-06-23,RGTI,buy,10.79,11.368,12.067,10.7989,44.84,18.75,33264780.0,-0.04,18.3,21.55,11.8
2025-06-23,VECO,buy,19.72,20.279,20.3228,19.7558,44.79,17.77,475297.0,-0.38,34.4,49.28,4.64
2025-06-23,RMNI,buy,3.14,3.236,3.235,3.2964,44.75,14.08,412204.0,0.29,46.82,51.63,37.2
2025-06-23,STLD,buy,127.43,129.744,130.685,128.9465,44.71,12.68,1240553.0,-0.42,31.19,41.24,11.09
2025-06-23,ZBIO,buy,9.47,9.524,10.292,10.0124,44.66,14.64,113659.0,-0.27,19.53,31.85,-5.11
2025-06-23,HTHT,buy,34.21,33.744,34.873,35.218,44.64,13.74,733691.0,-0.49,20.41,18.0,25.23
2025-06-23,CBSH,buy,61.36,60.726,62.314,62.0608,44.59,19.53,1078819.0,0.18,23.1,20.56,28.18
2025-06-23,VREX,buy,7.83,7.858,8.077,7.973,44.59,14.72,276830.0,-0.6,26.53,39.77,0.05
2025-06-23,DSP,buy,13.05,12.922,13.486,13.8292,44.57,17.16,129358.0,-0.47,25.08,23.77,27.7
2025-06-23,UCTT,buy,19.93,20.22,20.478,20.4407,44.57,10.74,330291.0,-0.4,33.57,44.37,11.97
2025-06-23,OSPN,buy,15.53,15.566,15.9952,15.5668,44.45,18.07,238254.0,-0.59,20.79,29.51,3.35
2025-06-23,KC,buy,11.92,12.094,12.2162,12.9025,44.4,13.09,1637514.0,0.03,41.52,49.81,24.94
2025-06-23,ICHR,buy,17.21,17.432,17.451,18.0723,44.38,13.4,530029.0,0.46,45.45,54.31,27.73
2025-06-23,RGTIW,buy,3.7567,4.1213,4.3736,3.7888,44.32,22.14,324237.0,0.32,22.18,27.83,10.88
2025-06-23,MSTR,buy,367.18,372.668,376.1545,372.9278,44.32,13.39,10614707.0,0.03,31.5,39.62,15.26
2025-06-23,CCRN,buy,13.3,13.864,13.3665,13.6934,44.27,20.23,272157.0,-0.36,64.72,64.63,64.9
2025-06-23,IQ,buy,1.7,1.718,1.7045,1.7856,44.26,14.67,15196788.0,-0.0,41.62,49.85,25.16
2025-06-23,TTGT,buy,7.09,6.902,7.33,7.7336,44.25,11.67,473772.0,-0.13,17.56,17.33,18.02
2025-06-23,OLMA,buy,4.19,4.124,4.4282,4.6175,44.24,16.78,870148.0,-0.06,24.05,18.56,35.03
2025-06-23,NBTB,buy,40.75,40.146,41.343,41.8394,44.17,13.93,206500.0,-0.36,18.72,19.19,17.78
2025-06-23,NAMS,buy,18.21,18.522,19.034,18.434,44.16,24.34,915465.0,-0.27,24.61,40.83,-7.83
2025-06-23,WBTN,buy,8.37,8.454,8.7085,8.8192,44.14,20.73,194009.0,-0.42,23.8,28.78,13.84
2025-06-23,JAZZ,buy,106.76,107.84,109.1112,107.939,44.06,9.83,509657.0,-0.27,25.64,36.96,3.0
2025-06-23,KIDS,buy,20.59,20.502,20.824,21.3656,44.05,17.08,161652.0,0.4,37.04,43.48,24.16
2025-06-23,LGIH,buy,49.49,48.636,50.408,53.9969,43.99,16.34,370452.0,-0.01,19.77,23.62,12.07
2025-06-23,ATRC,buy,31.9,31.964,33.3355,32.497,43.99,15.85,277778.0,-0.43,17.17,23.25,5.01
2025-06-23,BIDU,buy,84.23,85.13,85.1865,86.5069,43.98,12.36,3250926.0,0.69,35.41,48.01,10.21
2025-06-23,FYBR,buy,36.2,36.204,36.304,36.3308,43.96,20.8,1627146.0,-0.28,33.84,28.75,44.02
2025-06-23,AMRK,buy,20.74,21.202,20.881,22.1353,43.94,16.93,189073.0,-0.4,47.59,60.46,21.85
2025-06-23,BEAM,buy,16.71,16.75,17.0538,17.6149,43.89,8.68,1346216.0,-0.4,32.88,39.88,18.88
2025-06-23,ARLP,buy,25.77,26.044,25.9675,26.3615,43.88,16.35,172433.0,-0.37,35.28,38.76,28.32
2025-06-23,BVS,buy,6.52,6.49,6.5765,6.9184,43.87,22.15,350416.0,-0.03,29.52,31.93,24.7
2025-06-23,SEDG,buy,16.06,17.9,18.4108,16.4705,43.85,22.61,4286522.0,-0.71,35.73,49.85,7.49
2025-06-23,EXAS,buy,52.54,52.748,54.931,51.6728,43.83,21.39,2266390.0,-0.25,21.42,21.02,22.22
2025-06-23,SCVL,buy,18.79,19.564,19.435,18.8074,43.82,14.91,454474.0,-0.37,46.89,60.71,19.25
2025-06-23,CDNS,buy,293.56,297.122,299.014,295.6022,43.8,16.59,2134512.0,0.33,40.66,49.63,22.72
2025-06-23,IGIC,buy,22.51,22.698,22.9605,23.6946,43.78,15.55,170884.0,-0.08,28.52,33.32,18.92
2025-06-23,GAMB,buy,11.76,11.774,11.896,12.3974,43.74,13.24,357859.0,-0.15,31.74,37.17,20.88
2025-06-23,TFIN,buy,55.62,55.698,57.8105,55.9488,43.71,14.46,219026.0,-0.22,19.56,26.62,5.44
2025-06-23,HCKT,buy,24.15,23.964,24.478,25.1754,43.68,25.14,333026.0,0.29,30.31,29.34,32.25
2025-06-23,USLM,buy,97.59,98.542,101.889,98.822,43.65,21.74,163353.0,-0.4,19.69,22.13,14.81
2025-06-23,ACIC,buy,10.52,10.394,10.8155,11.0606,43.64,17.02,210679.0,-0.32,13.11,11.22,16.89
2025-06-23,DAWN,buy,6.48,6.47,6.666,6.8524,43.61,15.39,1362162.0,0.16,25.15,34.48,6.49
2025-06-23,PTON,buy,6.37,6.363,7.0138,6.6091,43.61,14.85,12148241.0,-0.28,18.37,28.36,-1.61
2025-06-23,ASTH,buy,25.07,24.586,25.0525,28.1477,43.57,24.86,298612.0,-0.12,25.44,30.42,15.48
2025-06-23,AMPH,buy,24.68,25.234,25.6695,24.7476,43.51,15.38,408977.0,-0.11,19.46,34.18,-9.98
2025-06-23,GAIN,buy,13.99,14.064,14.403,14.1198,43.49,17.82,132018.0,-0.36,11.98,14.29,7.36
2025-06-23,UNIT,buy,4.19,4.105,4.2502,4.4841,43.46,21.49,1554623.0,-0.19,25.27,20.14,35.53
2025-06-23,SNCY,buy,10.87,10.896,11.415,10.936,43.46,18.43,875976.0,-0.15,21.35,26.38,11.29
2025-06-23,ARDX,buy,3.63,3.602,3.7435,4.0981,43.45,23.49,3514024.0,-0.06,17.38,17.41,17.32
2025-06-23,XNCR,buy,8.41,8.534,8.7147,9.0644,43.38,17.58,585179.0,-0.35,35.28,48.93,7.98
2025-06-23,LX,buy,7.13,7.07,7.2545,7.6939,43.31,19.06,2023597.0,-0.29,22.54,20.61,26.4
2025-06-23,RDNT,buy,54.87,56.242,57.0585,55.3824,43.27,11.42,616058.0,-0.12,24.18,35.99,0.56
2025-06-23,STAA,buy,16.68,16.698,17.4205,17.8572,43.23,19.54,1154140.0,0.28,22.42,27.13,13.0
2025-06-23,LNW,buy,82.66,84.904,86.97,85.1316,43.21,8.29,1277981.0,0.0,29.4,35.57,17.06
2025-06-23,MARA,buy,14.18,14.596,15.1865,14.6222,43.16,18.91,48736161.0,0.08,26.56,36.36,6.96
2025-06-23,STGW,buy,4.43,4.409,4.5412,5.0268,43.1,16.4,1173282.0,-0.14,39.8,42.43,34.54
2025-06-23,REYN,buy,21.52,21.3,21.7245,22.6418,43.05,37.56,769245.0,-0.43,30.28,22.75,45.34
2025-06-23,QURE,buy,13.95,14.632,15.3752,13.9573,42.96,17.2,1979001.0,0.03,22.55,36.56,-5.47
2025-06-23,OSIS,buy,215.69,221.72,224.763,216.7848,42.95,17.41,279820.0,-0.1,28.08,44.07,-3.9
2025-06-23,NVCR,buy,16.61,17.087,17.6838,17.5059,42.95,13.02,773541.0,-0.41,21.69,28.23,8.61
2025-06-23,KRT,buy,27.73,27.024,29.5527,28.2396,42.87,31.22,141491.0,0.12,17.63,17.71,17.47
2025-06-23,CHX,buy,24.79,26.068,25.2765,25.0806,42.79,20.45,4271391.0,0.08,65.42,75.83,44.6
2025-06-23,VRNT,buy,16.94,16.948,17.7653,17.5127,42.79,17.6,1698677.0,-0.06,11.46,17.14,0.1
2025-06-23,BLFS,buy,21.36,21.626,22.2425,22.6883,42.6,11.24,594771.0,0.01,31.96,41.24,13.4
2025-06-23,EOSE,buy,4.19,4.464,4.464,5.0956,42.54,18.07,13319629.0,0.0,50.11,41.56,67.21
2025-06-23,DVAX,buy,9.77,10.044,10.017,10.3284,42.47,14.22,1318547.0,-0.56,40.26,56.52,7.74
2025-06-23,APLS,buy,17.62,17.826,18.289,18.2252,42.42,17.67,2409809.0,0.49,31.24,46.16,1.4
2025-06-23,WOOF,buy,2.72,2.546,3.0542,3.1513,42.35,32.84,3994185.0,-0.25,14.67,11.72,20.57
2025-06-23,ROOT,buy,131.22,137.142,139.7145,138.4217,42.31,16.65,443724.0,0.17,29.23,46.21,-4.73
2025-06-23,DNLI,buy,13.62,14.046,14.124,14.2938,42.3,15.05,1441245.0,0.2,34.3,49.15,4.6
2025-06-23,VNET,buy,5.45,5.52,5.7042,5.8363,42.28,9.71,1906706.0,-0.47,23.3,32.92,4.06
2025-06-23,TMCI,buy,5.74,5.582,5.8005,6.4128,42.27,31.64,287375.0,-0.17,24.24,21.28,30.16
2025-06-23,ULCC,buy,3.505,3.452,3.812,3.6411,42.27,17.69,5613425.0,0.43,17.19,19.51,12.55
2025-06-23,PAYX,buy,151.25,151.378,155.5738,151.6725,42.24,18.36,2337708.0,-0.03,14.47,18.93,5.55
2025-06-23,NNOX,buy,4.95,5.062,5.217,5.158,42.2,11.01,1312766.0,0.46,19.26,27.07,3.64
2025-06-23,CAN,buy,0.6087,0.6407,0.6462,0.6991,42.19,15.55,30274241.0,0.2,30.26,39.17,12.44
2025-06-23,GSHD,buy,101.76,99.984,106.8105,105.3726,42.12,16.93,213458.0,-0.25,13.04,15.58,7.96
2025-06-23,PPTA,buy,13.02,13.1,14.7602,14.0109,42.1,21.87,4751804.0,0.02,10.23,20.35,-10.01
2025-06-23,KALV,buy,11.93,12.315,12.7905,12.4693,42.03,19.64,623199.0,-0.63,20.67,37.1,-12.19
2025-06-23,REGN,buy,511.92,513.352,524.829,557.2334,41.99,21.36,1075879.0,-0.19,49.14,41.37,64.68
2025-06-23,TIGR,buy,8.03,8.304,8.411,8.3481,41.99,11.37,2764665.0,-0.09,33.4,45.53,9.14
2025-06-23,GRAB,buy,4.56,4.644,4.8275,4.7316,41.98,16.86,26692252.0,-0.42,13.45,18.82,2.71
2025-06-23,PSMT,buy,102.19,103.082,106.048,102.5356,41.97,25.78,198760.0,-0.29,20.3,29.45,2.0
2025-06-23,GOOG,buy,166.01,172.578,173.3565,166.024,41.97,21.03,36975570.0,0.2,33.79,50.54,0.29
2025-06-23,FIZZ,buy,43.38,43.632,44.9495,44.3484,41.97,15.71,212205.0,-0.09,21.27,32.07,-0.33
2025-06-23,PPC,buy,46.08,45.856,47.1432,49.0926,41.92,24.58,977648.0,-0.22,24.34,23.11,26.8
2025-06-23,RGEN,buy,120.11,120.72,124.2875,128.5658,41.87,17.87,854503.0,-0.13,30.31,43.06,4.81
2025-06-23,CEP,buy,31.315,33.743,38.8582,32.6345,41.83,22.91,728178.0,0.51,8.13,11.77,0.85
2025-06-23,LUNR,buy,10.0,10.282,11.112,10.0052,41.83,16.74,5783921.0,0.01,13.37,14.32,11.47
2025-06-23,GMAB,buy,20.68,21.658,21.819,20.7892,41.8,17.09,3563690.0,1.1,32.65,57.3,-16.65
2025-06-23,CNXC,buy,51.77,53.718,55.5882,53.1546,41.79,21.54,873437.0,-0.0,29.22,41.32,5.02
2025-06-23,VCYT,buy,26.71,26.664,27.025,29.0601,41.77,26.19,608821.0,-0.35,31.79,34.22,26.93
2025-06-23,OMCL,buy,28.37,28.476,29.8335,29.5318,41.76,18.09,419649.0,-0.18,13.08,23.55,-7.86
2025-06-23,PGNY,buy,20.79,21.202,21.395,21.9004,41.74,14.02,1115080.0,0.01,26.16,34.9,8.68
2025-06-23,GYRE,buy,7.77,8.058,8.499,9.0776,41.72,24.53,145087.0,0.09,19.46,21.22,15.94
2025-06-23,AUPH,buy,7.83,7.914,8.0315,8.0136,41.72,11.39,1067502.0,0.03,25.42,35.84,4.58
2025-06-23,FUFU,buy,3.2,3.188,3.3895,3.669,41.71,13.6,187386.0,-0.63,25.69,25.18,26.71
2025-06-23,EOLS,buy,9.38,9.434,9.6935,10.2347,41.69,17.27,900965.0,-0.22,26.47,39.59,0.23
2025-06-23,LCID,buy,2.16,2.174,2.255,2.4164,41.69,15.17,163735330.0,0.32,34.28,25.35,52.14
2025-06-23,RELY,buy,19.88,20.142,20.718,21.0832,41.68,18.18,2638326.0,-0.48,33.0,29.26,40.48
2025-06-23,REAX,buy,4.02,3.98,4.141,4.3025,41.65,15.32,1150576.0,-0.02,25.98,24.76,28.42
2025-06-23,MNMD,buy,6.645,6.927,7.3282,6.7101,41.64,26.02,1890187.0,0.75,22.51,29.0,9.53
2025-06-23,DNTH,buy,17.2,17.397,17.971,19.1538,41.62,13.76,237403.0,-0.05,22.54,32.97,1.68
2025-06-23,FSLR,buy,144.67,150.498,158.5885,149.4772,41.57,16.68,3707628.0,-0.61,32.04,45.3,5.52
2025-06-23,GSM,buy,3.64,3.804,3.8555,3.7125,41.53,13.11,863057.0,-0.2,29.85,41.61,6.33
2025-06-23,RNA,buy,29.15,29.388,31.844,30.3079,41.48,21.15,1026545.0,-0.25,10.4,17.92,-4.64
2025-06-23,CLBT,buy,16.12,15.82,16.4005,17.8878,41.4,24.94,1571251.0,0.15,20.49,15.35,30.77
2025-06-23,PEP,buy,129.09,129.586,130.658,133.5127,41.4,21.79,12839742.0,-0.03,24.47,34.7,4.01
2025-06-23,AMBA,buy,51.565,52.179,54.7833,52.7833,41.38,21.07,493586.0,-0.37,20.16,19.28,21.92
2025-06-23,AIOT,buy,4.48,4.678,4.6845,5.0008,41.35,16.48,1829683.0,-0.4,31.78,37.92,19.5
2025-06-23,MCW,buy,6.43,6.188,6.604,7.042,41.3,36.08,1220619.0,-0.01,23.04,13.87,41.38
2025-06-23,NUTX,buy,116.85,119.802,136.065,137.0684,41.29,25.63,142165.0,-0.14,15.59,17.85,11.07
2025-06-23,HSTM,buy,27.26,27.236,27.8245,29.4968,41.23,25.97,207396.0,-0.36,29.78,26.34,36.66
2025-06-23,PONY,buy,11.36,12.13,14.506,12.6731,41.22,21.73,7042522.0,-0.14,7.36,8.15,5.78
2025-06-23,NMFC,buy,10.29,10.288,10.6235,10.3175,41.21,17.75,653702.0,0.19,21.11,26.67,9.99
2025-06-23,GLPG,buy,27.05,27.882,28.431,27.0938,41.18,20.0,472306.0,0.25,27.04,37.23,6.66
2025-06-23,HALO,buy,52.8,53.158,54.055,56.8167,41.17,15.68,1939236.0,-0.23,19.36,25.04,8.0
2025-06-23,CVLT,buy,172.16,179.664,182.6995,173.0632,41.15,20.8,457766.0,-0.24,36.02,53.5,1.06
2025-06-23,OPCH,buy,31.05,31.56,31.7965,32.0998,41.1,17.1,1865840.0,-0.13,26.84,32.4,15.72
2025-06-23,AMWD,buy,52.14,51.138,54.586,56.8457,41.06,8.62,121157.0,-0.41,14.73,14.99,14.21
2025-06-23,CMCO,buy,14.45,14.712,15.348,15.367,41.05,14.17,413908.0,0.18,27.24,31.19,19.34
2025-06-23,ZM,buy,77.27,77.702,79.2015,78.2035,41.04,17.6,1685683.0,-0.18,21.04,21.31,20.5
2025-06-23,ABVX,buy,6.11,6.182,6.7782,6.5777,41.02,22.98,239576.0,-0.16,19.22,30.97,-4.28
2025-06-23,RIGL,buy,18.845,19.345,20.1588,19.205,40.95,26.29,126650.0,-0.35,20.53,35.68,-9.77
2025-06-23,KURA,buy,5.87,6.094,6.2405,6.1715,40.95,18.02,999654.0,-0.32,26.94,44.63,-8.44
2025-06-23,NEO,buy,7.01,7.072,7.3305,8.0377,40.94,14.47,1790402.0,-0.41,17.74,24.71,3.8
2025-06-23,COLM,buy,60.27,60.494,62.2375,63.9664,40.86,23.4,1014708.0,0.03,21.95,23.38,19.09
2025-06-23,OFIX,buy,10.8,10.587,10.9982,12.1525,40.83,36.44,525071.0,-0.16,22.68,23.21,21.62
2025-06-23,NVAX,buy,6.31,6.508,7.0165,6.6992,40.8,17.21,3750713.0,-0.39,11.09,15.48,2.31
2025-06-23,IEP,buy,8.15,8.49,8.4255,8.6068,40.78,16.8,716802.0,-0.04,45.42,51.47,33.32
2025-06-23,FRHC,buy,141.54,144.464,153.6985,151.034,40.77,25.86,168623.0,-0.08,13.5,14.0,12.5
2025-06-23,REAL,buy,4.9,5.112,5.413,5.5835,40.76,12.2,4302195.0,0.81,15.74,22.98,1.26
2025-06-23,BIGC,buy,4.83,4.898,5.0425,5.1168,40.67,13.75,1030044.0,0.42,21.5,30.46,3.58
2025-06-23,EWTX,buy,14.18,14.424,14.7372,14.5815,40.67,11.77,521677.0,-0.12,26.58,39.58,0.58
2025-06-23,ALKS,buy,29.26,29.374,30.385,29.7452,40.63,16.86,1484649.0,-0.38,14.41,23.71,-4.19
2025-06-23,MFIC,buy,12.26,12.256,12.7132,12.3099,40.62,22.07,460877.0,0.21,18.07,21.58,11.05
2025-06-23,MLAB,buy,97.91,95.108,100.9208,110.6559,40.58,32.37,129518.0,-0.23,37.18,27.73,56.08
2025-06-23,ERIC,buy,8.22,8.318,8.468,8.3326,40.48,12.22,23145009.0,0.66,21.47,20.66,23.09
2025-06-23,TALK,buy,2.76,2.774,3.044,2.9938,40.47,20.4,1393073.0,-0.47,12.45,17.93,1.49
2025-06-23,DSGX,buy,100.77,99.103,105.9722,106.7156,40.44,37.67,295704.0,-0.13,12.08,11.1,14.04
2025-06-23,UTHR,buy,286.39,288.86,304.8275,300.2896,40.41,28.18,811892.0,-0.07,24.3,27.43,18.04
2025-06-23,SYRE,buy,14.68,15.426,16.192,14.8982,40.4,23.89,757046.0,-0.1,27.78,42.76,-2.18
2025-06-23,CTSH,buy,76.72,78.238,79.728,77.2356,40.38,18.55,4741521.0,-0.17,23.5,32.77,4.96
2025-06-23,CRON,buy,1.87,1.896,1.951,1.9176,40.37,24.13,1570599.0,0.39,13.4,15.72,8.76
2025-06-23,POET,buy,3.96,4.062,4.2288,4.2062,40.34,9.98,819911.0,0.09,12.76,14.97,8.34
2025-06-23,NESR,buy,5.72,6.092,6.0645,6.1716,40.33,12.12,813801.0,0.26,50.13,53.93,42.53
2025-06-23,ICUI,buy,128.07,129.52,131.7565,135.2248,40.28,17.14,134898.0,-0.3,25.84,33.43,10.66
2025-06-23,MMSI,buy,92.32,92.784,94.2012,94.4619,40.24,16.23,537233.0,-0.06,22.77,27.65,13.01
2025-06-23,TVTX,buy,14.49,14.395,14.9342,16.8431,40.23,34.73,885032.0,-0.44,26.38,21.85,35.44
2025-06-23,ISRG,buy,515.09,513.018,534.8445,527.3666,40.21,29.75,1218157.0,-0.31,23.63,28.09,14.71
2025-06-23,PLSE,buy,15.49,15.242,16.595,16.9094,40.19,20.95,193188.0,-0.2,20.14,20.42,19.58
2025-06-23,TARS,buy,40.6,40.606,42.091,45.0494,40.09,36.93,718073.0,-0.12,22.5,24.25,19.0
2025-06-23,BCPC,buy,159.04,158.828,164.233,162.8906,40.06,20.31,254383.0,0.59,19.26,15.89,26.0
2025-06-23,EMBC,buy,9.82,9.842,10.185,11.2588,40.02,21.01,712534.0,-0.23,22.54,19.42,28.78
2025-06-23,RUN,buy,6.24,6.804,7.6975,8.0837,40.01,18.12,17233993.0,-0.7,28.44,40.89,3.54
2025-06-23,TRVI,buy,5.75,6.047,6.2945,6.3295,40.0,19.94,1207306.0,-0.35,30.12,36.45,17.46
2025-06-23,CROX,buy,97.37,99.852,102.3675,102.3306,40.0,19.28,1611055.0,0.18,25.65,27.55,21.85
2025-06-23,RGNX,buy,7.86,8.536,9.268,8.6524,39.99,16.59,940278.0,-0.28,19.52,33.44,-8.32
2025-06-23,TCOM,buy,57.61,58.224,61.149,60.5434,39.99,14.3,3868947.0,-0.07,14.82,17.03,10.4
2025-06-23,AVAH,buy,4.87,4.826,5.217,5.0838,39.98,16.33,323334.0,-0.11,11.51,13.49,7.55
2025-06-23,AXSM,buy,101.65,101.704,105.8525,106.4163,39.97,19.76,638683.0,-0.27,19.31,27.63,2.67
2025-06-23,CLPT,buy,11.36,11.328,12.2105,12.7634,39.93,16.35,329419.0,0.23,14.13,18.2,5.99
2025-06-23,KELYA,buy,11.23,11.494,11.744,11.7388,39.86,15.46,273251.0,-0.32,16.72,26.72,-3.28
2025-06-23,STEP,buy,53.2,53.244,56.549,54.1098,39.84,19.29,374872.0,-0.39,18.54,17.0,21.62
2025-06-23,IOSP,buy,83.64,83.318,85.6465,87.6912,39.81,13.41,163179.0,-0.37,14.33,20.75,1.49
2025-06-23,CRNX,buy,29.91,30.524,31.2945,31.3456,39.74,13.07,585236.0,0.05,21.32,38.84,-13.72
2025-06-23,GT,buy,10.15,10.388,11.0545,10.7856,39.73,19.76,7342737.0,-0.03,14.4,25.36,-7.52
2025-06-23,ACIW,buy,45.37,45.058,46.2405,49.0444,39.67,32.17,654038.0,-0.05,21.09,23.67,15.93
2025-06-23,IOVA,buy,1.85,1.994,1.9725,2.4652,39.65,20.02,9108877.0,-0.09,37.92,50.48,12.8
2025-06-23,TTAN,buy,103.97,105.162,109.244,115.1028,39.54,26.86,1044178.0,-0.29,27.6,25.23,32.34
2025-06-23,XNET,buy,4.3,4.639,5.5255,4.7965,39.53,24.45,934171.0,0.12,6.96,13.45,-6.02
2025-06-23,EZPW,buy,13.18,13.262,13.3375,14.4108,39.47,40.55,1256829.0,0.1,36.34,40.5,28.02
2025-06-23,SVRA,buy,2.16,2.102,2.2718,2.7546,39.46,29.0,869541.0,-0.18,22.05,26.16,13.83
2025-06-23,IMCR,buy,31.12,31.886,34.6945,31.5224,39.46,20.69,325630.0,-0.21,12.5,27.63,-17.76
2025-06-23,RUM,buy,8.26,8.738,8.9675,8.6317,39.44,15.8,2552664.0,-0.1,16.95,22.57,5.71
2025-06-23,FLGT,buy,19.33,20.072,20.7558,19.793,39.38,22.97,251700.0,0.08,18.19,32.93,-11.29
2025-06-23,CGBD,buy,13.71,13.838,13.9685,14.1382,39.36,24.66,481560.0,0.06,28.73,34.93,16.33
2025-06-23,QDEL,buy,27.65,28.252,29.8355,29.5446,39.32,13.0,1113769.0,-0.07,12.95,16.71,5.43
2025-06-23,VKTX,buy,24.86,26.108,27.0855,26.7216,39.25,14.48,6869788.0,1.62,19.65,28.09,2.77
2025-06-23,ERII,buy,12.19,12.206,12.466,13.4546,39.24,25.78,330630.0,-0.31,19.23,23.12,11.45
2025-06-23,KRNT,buy,18.97,19.14,21.3385,20.3004,39.16,27.99,242529.0,-0.41,13.24,19.07,1.58
2025-06-23,TMUS,buy,226.98,224.382,235.6695,243.479,39.09,26.11,7468931.0,-0.03,14.54,15.45,12.72
2025-06-23,GLBE,buy,31.35,31.322,32.5225,33.9676,39.02,14.87,1240722.0,-0.34,20.99,30.23,2.51
2025-06-23,HLMN,buy,6.86,6.756,7.1885,7.4499,39.01,26.03,1909570.0,0.31,16.66,17.79,14.4
2025-06-23,CRESY,buy,10.61,10.742,11.4045,11.3918,38.98,16.39,203849.0,0.13,13.67,16.11,8.79
2025-06-23,MLYS,buy,13.77,13.642,15.1565,14.768,38.96,21.59,793769.0,-0.5,19.31,22.16,13.61
2025-06-23,AUR,buy,5.42,5.374,5.7595,6.3662,38.92,22.98,27311576.0,0.13,14.88,13.71,17.22
2025-06-23,PLTK,buy,4.55,4.591,4.7408,4.9323,38.75,17.74,1405408.0,-0.11,20.85,28.98,4.59
2025-06-23,PERI,buy,9.43,9.566,10.184,9.7498,38.73,26.47,153079.0,-0.26,9.02,11.79,3.48
2025-06-23,ALVO,buy,9.13,9.21,10.3382,9.4861,38.72,25.55,188402.0,0.26,12.01,14.64,6.75
2025-06-23,SMPL,buy,32.6,32.686,33.578,35.1104,38.67,22.05,757111.0,-0.37,13.79,15.71,9.95
2025-06-23,INTA,buy,52.87,53.508,55.331,54.9159,38.66,19.47,486692.0,-0.12,17.79,24.98,3.41
2025-06-23,WAY,buy,37.75,38.098,39.2965,38.7191,38.66,16.9,1117360.0,-0.09,16.36,26.49,-3.9
2025-06-23,SNY,buy,48.18,48.258,49.8655,51.2078,38.65,20.55,1415668.0,-0.55,16.16,18.43,11.62
2025-06-23,VNOM,buy,38.68,40.678,40.732,40.6342,38.56,17.72,1893881.0,0.4,39.15,55.48,6.49
2025-06-23,SPT,buy,20.11,20.212,21.243,21.3176,38.56,17.11,542146.0,-0.25,16.05,19.03,10.09
2025-06-23,JANX,buy,22.88,23.144,24.568,26.689,38.56,12.98,622464.0,-0.16,16.51,26.48,-3.43
2025-06-23,EXPO,buy,73.75,74.412,76.2425,77.5622,38.52,18.67,258078.0,-0.46,14.12,16.88,8.6
2025-06-23,UDMY,buy,6.74,6.903,7.2592,6.887,38.52,15.97,1400425.0,0.39,11.19,21.34,-9.11
2025-06-23,TRIP,buy,13.06,13.132,13.8885,13.5284,38.51,16.85,2997887.0,-0.06,13.09,17.31,4.65
2025-06-23,JD,buy,31.59,32.436,32.882,33.779,38.48,9.98,9278678.0,-0.16,25.24,40.88,-6.04
2025-06-23,HURN,buy,133.87,134.09,140.1405,142.7769,38.39,29.59,148348.0,-0.26,14.19,15.18,12.21
2025-06-23,INMD,buy,13.49,13.382,14.1212,14.5056,38.32,27.3,1095994.0,-0.07,15.48,18.65,9.14
2025-06-23,SNDL,buy,1.24,1.274,1.2945,1.3354,38.27,13.14,1547807.0,0.13,24.94,38.35,-1.88
2025-06-23,KLTR,buy,1.97,2.012,2.112,2.1118,38.25,18.84,343900.0,0.05,14.25,18.95,4.85
2025-06-23,CGNT,buy,9.17,9.119,10.2768,9.9978,38.22,35.5,328604.0,-0.32,11.24,17.41,-1.1
2025-06-23,MESO,buy,10.16,11.271,11.3302,11.2716,38.22,19.81,404044.0,1.01,29.46,45.62,-2.86
2025-06-23,EH,buy,15.55,16.204,16.425,16.8949,38.13,13.03,1877710.0,0.39,29.06,39.57,8.04
2025-06-23,TRIN,buy,14.18,14.292,14.484,14.4412,38.12,12.33,965976.0,-0.12,21.34,25.94,12.14
2025-06-23,SIBN,buy,16.52,16.934,18.2335,16.8226,37.83,30.02,674871.0,0.72,12.77,17.97,2.37
2025-06-23,RXST,buy,13.54,13.722,14.943,14.709,37.72,15.81,579557.0,-0.02,10.93,14.98,2.83
2025-06-23,SAIC,buy,104.21,104.592,107.066,114.6797,37.62,32.33,537314.0,-0.12,46.55,37.77,64.11
2025-06-23,LQDA,buy,13.26,13.55,15.2818,15.1792,37.52,19.88,2048271.0,0.14,7.93,14.42,-5.05
2025-06-23,TEAM,buy,192.74,195.386,205.2825,210.0228,37.49,18.23,2998111.0,0.03,12.67,18.02,1.97
2025-06-23,COO,buy,69.52,69.46,71.829,77.148,37.45,28.46,4444668.0,0.29,46.88,40.83,58.98
2025-06-23,WRD,buy,7.49,7.708,8.9205,8.6297,37.41,16.09,9504028.0,0.27,6.5,7.78,3.94
2025-06-23,NNDM,buy,1.42,1.406,1.5035,1.539,37.37,20.71,1350172.0,-0.17,21.26,17.95,27.88
2025-06-23,ADBE,buy,380.12,383.898,404.67,388.6311,37.36,28.16,3840548.0,-0.42,16.44,28.25,-7.18
2025-06-23,ACHC,buy,20.85,21.18,22.148,23.2514,37.36,22.11,2222592.0,0.25,26.29,27.45,23.97
2025-06-23,BTDR,buy,10.91,12.049,13.2412,12.0265,37.34,17.39,5267625.0,-0.01,14.91,22.8,-0.87
2025-06-23,CGEM,buy,7.58,8.094,8.5098,8.136,37.31,18.28,275810.0,-0.28,20.14,39.19,-17.96
2025-06-23,HIVE,buy,1.67,1.758,1.876,1.7992,37.3,16.77,18031920.0,0.02,17.06,26.41,-1.64
2025-06-23,NWE,buy,51.73,51.134,52.9675,55.4714,37.28,36.84,444272.0,-0.23,17.71,12.91,27.31
2025-06-23,ALHC,buy,13.97,14.28,14.8515,16.021,37.24,19.89,1915801.0,-0.53,18.68,26.42,3.2
2025-06-23,JACK,buy,18.03,17.598,19.2788,22.6271,37.23,28.21,879901.0,-0.2,15.13,16.15,13.09
2025-06-23,HRMY,buy,31.93,32.334,34.0635,32.4928,37.23,24.2,649558.0,0.05,12.61,20.75,-3.67
2025-06-23,SLRC,buy,15.95,16.15,16.5895,16.0527,37.23,17.82,351974.0,0.46,17.16,28.61,-5.74
2025-06-23,BULLZ,buy,0.48,0.6501,1.3438,,37.21,14.3,893330.0,1.07,8.79,8.43,9.51
2025-06-23,SDGR,buy,20.35,20.788,22.5378,23.6354,37.13,19.9,713370.0,-0.45,11.36,22.21,-10.34
2025-06-23,AMSF,buy,44.21,43.948,45.606,46.9978,37.06,45.36,145444.0,-0.19,11.77,10.34,14.63
2025-06-23,KSPI,buy,79.72,83.047,83.7222,85.0837,37.05,14.98,367051.0,0.01,35.93,54.95,-2.11
2025-06-23,OCSL,buy,13.56,13.686,14.225,14.1262,36.83,18.72,654538.0,0.01,23.56,33.93,2.82
2025-06-23,ARGX,buy,540.76,542.552,570.526,584.4639,36.82,18.05,405256.0,0.06,12.27,20.65,-4.49
2025-06-23,BCAX,buy,9.18,9.52,10.3975,12.3214,36.78,17.34,509405.0,-0.18,15.46,27.67,-8.96
2025-06-23,TECX,buy,18.75,20.084,22.0502,20.8523,36.76,20.24,223968.0,-0.04,13.39,22.45,-4.73
2025-06-23,GTX,buy,9.72,10.098,10.361,10.3361,36.66,27.6,2998830.0,1.07,16.09,18.74,10.79
2025-06-23,MBX,buy,9.73,10.07,11.5635,10.6158,36.65,23.08,297311.0,0.11,7.03,10.02,1.05
2025-06-23,AHCO,buy,8.3,8.46,8.7802,8.6078,36.6,14.92,1239722.0,-0.36,16.58,18.74,12.26
2025-06-23,DEFT,buy,2.86,2.782,3.231,,36.53,71.4,2162313.0,-0.09,17.38,14.17,23.8
2025-06-23,DOCU,buy,73.92,74.958,81.528,81.97,36.53,25.02,3025881.0,-0.22,6.05,10.12,-2.09
2025-06-23,FOLD,buy,5.71,5.786,6.0445,6.3842,36.42,26.7,5706513.0,-0.36,13.99,19.71,2.55
2025-06-23,ADAP,buy,0.2424,0.2524,0.2703,0.2692,36.41,11.84,643521.0,0.06,15.02,21.08,2.9
2025-06-23,OPK,buy,1.27,1.294,1.3338,1.3463,36.32,16.6,4295238.0,-0.32,19.73,30.19,-1.19
2025-06-23,HNRG,buy,15.03,15.76,16.713,16.0322,36.2,25.42,628586.0,0.04,18.36,25.54,4.0
2025-06-23,AMGN,buy,272.44,287.402,287.4225,281.8632,36.17,22.11,5764863.0,0.72,42.81,61.52,5.39
2025-06-23,WDAY,buy,236.58,240.0,245.5035,246.8542,36.12,19.43,1750604.0,-0.38,16.01,24.78,-1.53
2025-06-23,DJTWW,buy,11.48,11.4858,12.666,13.8393,36.02,20.07,127736.0,2.37,14.39,10.92,21.33
2025-06-23,SHC,buy,11.09,11.138,11.916,11.8977,35.97,22.96,1741516.0,0.08,18.06,18.13,17.92
2025-06-23,KHC,buy,25.92,25.788,26.393,27.7126,35.91,30.71,15043648.0,-0.07,20.58,20.66,20.42
2025-06-23,MMYT,buy,91.51,93.992,99.161,102.1138,35.9,27.26,2031653.0,-0.67,28.94,31.3,24.22
2025-06-23,MNKD,buy,3.795,3.787,4.0525,4.4077,35.89,32.36,3152078.0,-0.15,16.6,16.44,16.92
2025-06-23,CLOV,buy,2.83,2.914,3.0275,3.3114,35.89,26.6,10297045.0,0.36,25.62,21.05,34.76
2025-06-23,MDXG,buy,5.94,5.898,6.303,6.6352,35.83,28.58,487873.0,-0.3,12.61,12.93,11.97
2025-06-23,JBLU,buy,4.1,4.198,4.808,4.5291,35.8,23.4,28769138.0,0.25,8.69,9.93,6.21
2025-06-23,OKTA,buy,98.66,99.006,104.1262,108.8293,35.7,36.05,3532562.0,0.09,16.5,12.67,24.16
2025-06-23,CVCO,buy,409.73,402.94,423.6428,469.6056,35.62,43.16,202960.0,-0.24,19.33,13.65,30.69
2025-06-23,THRY,buy,12.27,12.71,13.25,13.1698,35.59,11.97,309863.0,-0.24,11.5,17.3,-0.1
2025-06-23,HLNE,buy,138.84,137.19,149.4855,152.7772,35.58,26.67,672497.0,-0.25,17.58,12.98,26.78
2025-06-23,FRPT,buy,71.6,72.364,78.0195,78.6128,35.38,21.45,1493642.0,0.35,13.26,14.34,11.1
2025-06-23,EXLS,buy,43.95,45.85,46.6055,46.0064,35.35,18.37,3273936.0,0.65,31.62,53.56,-12.26
2025-06-23,GBDC,buy,14.25,14.512,14.9625,14.6133,35.32,22.55,3249183.0,2.01,23.57,34.87,0.97
2025-06-23,ELPW,buy,1.1,1.066,1.6003,2.9435,35.31,27.19,270143.0,0.57,35.96,21.94,64.0
2025-06-23,IMXI,buy,10.09,10.064,10.826,11.4278,35.24,27.99,246397.0,-0.47,13.23,18.07,3.55
2025-06-23,ATEC,buy,10.86,10.912,11.868,11.7202,35.06,33.95,2143358.0,0.43,14.25,14.36,14.03
2025-06-23,PCTY,buy,177.8,177.418,186.756,189.3826,35.03,27.24,532260.0,-0.3,9.57,10.14,8.43
2025-06-23,CERT,buy,10.46,10.58,11.2978,12.1985,34.83,20.99,1556177.0,-0.38,14.29,23.72,-4.57
2025-06-23,NEOG,buy,4.77,5.124,5.5498,5.5791,34.82,17.31,7011312.0,0.41,29.6,39.14,10.52
2025-06-23,CAPR,buy,7.68,10.49,11.5525,10.7906,34.78,25.16,5498354.0,0.06,34.88,48.63,7.38
2025-06-23,VERX,buy,34.99,35.686,38.479,38.6651,34.73,27.0,2674260.0,0.56,12.42,17.54,2.18
2025-06-23,DUOL,buy,448.54,470.008,498.2645,459.3022,34.71,24.8,1246004.0,0.68,9.03,13.82,-0.55
2025-06-23,OPEN,buy,0.53,0.5535,0.613,0.7311,34.63,18.66,66847858.0,-0.21,9.92,13.3,3.16
2025-06-23,TLRY,buy,0.3605,0.3821,0.4111,0.4411,34.58,18.38,26673730.0,-0.25,15.21,24.61,-3.59
2025-06-23,LKQ,buy,37.36,37.308,39.1295,39.9532,34.57,25.52,1803235.0,-0.27,11.1,12.06,9.18
2025-06-23,SNDX,buy,9.19,9.598,10.4472,11.0957,34.51,18.64,1411446.0,-0.32,11.64,23.39,-11.86
2025-06-23,GDYN,buy,11.56,11.564,12.1145,13.121,34.44,27.42,1324128.0,0.47,19.82,14.22,31.02
2025-06-23,SGRY,buy,20.2,20.567,22.488,22.3197,34.44,23.33,2322208.0,-0.49,20.15,25.27,9.91
2025-06-23,CCAP,buy,14.26,14.358,14.889,15.3739,34.37,29.81,287992.0,-0.08,14.82,17.97,8.52
2025-06-23,EEFT,buy,100.35,102.154,107.604,104.3005,34.32,21.96,428163.0,-0.34,17.64,29.08,-5.24
2025-06-23,SWBI,buy,8.685,9.894,9.888,9.6177,34.3,27.25,2406494.0,-0.05,43.57,65.66,-0.61
2025-06-23,PSEC,buy,3.16,3.19,3.2665,3.4607,34.14,40.96,4270130.0,0.42,25.32,32.16,11.64
2025-06-23,IART,buy,11.62,11.934,12.699,13.9986,34.14,25.47,1658267.0,0.02,13.2,21.04,-2.48
2025-06-23,ADMA,buy,17.87,18.606,20.012,20.826,34.04,19.58,3820280.0,-0.27,15.35,29.97,-13.89
2025-06-23,TKNO,buy,5.28,5.444,5.7305,6.0808,34.0,12.73,170213.0,-0.26,22.15,23.17,20.11
2025-06-23,ENPH,buy,34.56,37.528,41.0858,45.2716,33.94,18.0,8131098.0,-0.53,28.57,42.96,-0.21
2025-06-23,PNBK,buy,1.1,1.0036,1.5359,3.0297,33.89,40.01,1057749.0,-0.34,19.83,10.1,39.29
2025-06-23,TBRG,buy,22.45,22.868,23.626,24.4647,33.89,18.21,203894.0,1.35,18.06,22.3,9.58
2025-06-23,BCYC,buy,7.23,7.548,8.215,8.1548,33.89,15.03,145783.0,-0.57,10.05,20.2,-10.25
2025-06-23,CRVL,buy,103.27,102.714,107.8885,110.7732,33.55,19.31,120276.0,-0.09,9.19,7.31,12.95
2025-06-23,GIII,buy,21.79,21.648,24.7145,25.4656,33.5,31.88,1377354.0,-0.01,14.67,14.28,15.45
2025-06-23,DYN,buy,10.16,11.188,12.799,11.4739,33.47,32.03,1810691.0,-0.65,18.84,38.27,-20.02
2025-06-23,DCTH,buy,13.26,14.266,15.721,14.2835,33.47,23.82,691705.0,0.14,7.69,11.64,-0.21
2025-06-23,NPCE,buy,10.57,10.69,12.438,12.6831,33.32,33.71,503957.0,1.02,9.39,10.13,7.91
2025-06-23,AXGN,buy,9.79,9.618,10.4605,12.8398,33.29,44.41,342461.0,-0.5,17.07,13.15,24.91
2025-06-23,VEON,buy,39.0,39.816,47.362,47.0087,33.0,31.35,266676.0,-0.43,24.53,23.33,26.93
2025-06-23,NEXN,buy,9.6,9.908,10.7125,10.4336,32.94,23.69,340028.0,-0.03,8.76,9.14,8.0
2025-06-23,PRVA,buy,21.61,22.11,22.7255,23.3812,32.63,16.77,938083.0,-0.24,16.64,25.35,-0.78
2025-06-23,DNUT,buy,2.62,2.7,2.8425,3.4288,32.61,41.35,3440946.0,-0.11,15.85,19.76,8.03
2025-06-23,APPN,buy,28.09,29.364,30.816,30.5,32.45,19.07,708720.0,0.28,18.11,22.96,8.41
2025-06-23,GTLB,buy,40.71,41.492,45.1505,46.1194,32.44,25.39,4235844.0,-0.17,10.47,16.66,-1.91
2025-06-23,MFH,buy,3.29,3.688,3.764,5.1406,32.43,17.79,263939.0,0.72,30.2,41.68,7.24
2025-06-23,CPRX,buy,22.12,22.86,24.471,23.8614,32.04,22.07,1299604.0,-0.19,10.94,21.34,-9.86
2025-06-23,NFE,buy,2.04,2.256,2.704,4.2043,31.95,22.6,11015698.0,-0.4,15.7,27.06,-7.02
2025-06-23,KMTS,buy,16.0,15.651,19.466,22.0022,31.78,28.77,546400.0,-0.03,14.35,11.91,19.23
2025-06-23,BMRN,buy,54.08,55.112,56.641,58.7876,31.63,13.04,2309785.0,-0.14,15.5,21.78,2.94
2025-06-23,CRTO,buy,23.68,23.718,25.274,28.0541,31.6,22.61,410014.0,-0.18,10.51,14.05,3.43
2025-06-23,SGML,buy,4.61,4.892,5.1352,6.5249,31.59,33.17,1443123.0,-0.19,22.16,31.38,3.72
2025-06-23,RCKT,buy,2.63,2.752,2.9832,5.2582,31.42,39.33,3311207.0,-0.34,27.13,32.63,16.13
2025-06-23,MRX,buy,38.1,39.03,41.4175,42.4766,31.42,33.14,1377446.0,1.28,13.16,12.04,15.4
2025-06-23,ALMS,buy,2.8,2.962,3.4487,4.3273,31.42,18.45,1044636.0,0.1,3.99,4.25,3.47
2025-06-23,LQDT,buy,22.96,23.322,23.763,26.8602,31.08,36.95,270500.0,0.1,23.56,32.86,4.96
2025-06-23,RGC,buy,23.7,52.612,492.174,300.6071,30.67,40.96,1857873.0,-0.4,6.68,16.12,-12.2
2025-06-23,BITF,buy,0.7473,0.7944,0.8972,0.9557,30.37,34.19,8108126.0,-0.18,10.2,9.78,11.04
2025-06-23,GGAL,buy,50.37,53.073,56.0782,58.7231,29.75,19.4,1592999.0,0.42,10.71,15.66,0.81
2025-06-23,CPB,buy,32.01,31.956,33.443,35.0903,29.62,27.11,4884331.0,-0.36,11.32,14.31,5.34
2025-06-23,DJT,buy,17.89,18.294,20.606,22.615,29.43,28.74,14827252.0,0.22,5.36,6.04,4.0
2025-06-23,LFST,buy,4.96,4.986,5.5905,5.9888,29.07,30.91,3263826.0,0.38,10.03,12.58,4.93
2025-06-23,ROST,buy,127.87,128.758,137.0002,141.0493,28.91,29.22,4898411.0,0.06,9.15,13.41,0.63
2025-06-23,GCMG,buy,11.53,11.596,12.2802,12.4116,28.72,38.71,507192.0,-0.36,8.55,13.71,-1.77
2025-06-23,VSTM,buy,4.62,5.138,6.2895,6.5906,28.31,25.38,2914241.0,-0.0,4.64,5.16,3.6
2025-06-23,UPWK,buy,13.07,13.376,14.7695,14.6968,26.66,24.56,3296082.0,0.29,6.03,7.14,3.81
2025-06-23,CMPS,buy,2.35,4.18,4.39,4.0047,26.33,34.81,36057534.0,15.62,39.28,50.47,16.9
2025-06-23,JAMF,buy,9.12,9.268,10.1065,10.7868,26.25,22.87,923992.0,-0.16,7.52,9.99,2.58
2025-06-23,ETON,buy,13.51,13.712,16.446,16.4894,26.13,32.47,371452.0,-0.02,5.32,5.05,5.86
2025-06-23,BRZE,buy,25.98,26.612,31.608,31.926,25.73,36.51,1842391.0,-0.25,5.86,8.08,1.42
2025-06-23,VMEO,buy,3.89,4.072,4.3438,4.6432,24.81,33.56,1567666.0,-0.45,7.42,14.56,-6.86
2025-06-23,AAON,buy,72.44,72.566,86.1985,90.5145,24.62,34.23,882836.0,-0.08,4.5,5.22,3.06
2025-06-23,LULU,buy,225.56,231.633,279.2345,280.838,24.47,38.21,4699604.0,0.13,2.87,5.32,-2.03
2025-06-23,OXLC,buy,4.01,4.104,4.3605,4.5198,22.03,32.99,9078118.0,0.25,11.9,14.57,6.56
2025-06-23,FAST,buy,41.3,41.504,41.6365,64.2637,21.51,55.26,5746178.0,-0.09,38.89,44.24,28.19
2025-06-23,SRPT,buy,18.87,20.444,34.018,43.2492,19.61,32.97,6940796.0,-0.65,8.07,13.57,-2.93
2025-06-23,CPRT,buy,47.72,47.992,50.1685,56.6873,18.63,46.81,7425697.0,-0.34,7.22,5.86,9.94
2025-06-23,SLP,buy,17.07,17.95,25.418,29.6088,17.34,45.77,359784.0,-0.19,2.68,5.35,-2.66
2025-06-23,COKE,buy,108.64,106.972,161.4415,823.3726,8.97,79.46,671961.0,-0.25,25.01,14.86,45.31
2025-06-23,ORLY,buy,91.26,89.238,791.435,1142.4854,5.33,47.84,5008648.0,-0.19,1.38,5.22,-6.3
2025-06-13,MOMO,sell,8.27,8.212,6.761,6.1648,84.31,37.8,3078922.0,1.56,92.78,86.61,105.12
2025-06-13,LSEA,sell,11.28,11.282,11.26,8.4409,83.12,67.29,759595.0,0.63,29.95,34.44,20.97
2025-06-13,INVA,sell,21.69,21.514,20.1,18.9644,82.75,39.46,1196260.0,-0.02,88.12,89.61,85.14
2025-06-13,TMDX,sell,142.88,141.813,130.7723,107.1241,81.98,56.31,697656.0,-0.2,90.22,90.05,90.56
2025-06-13,ASTS,sell,38.37,36.458,28.3622,25.5634,81.22,36.89,20293318.0,0.07,88.69,83.35,99.37
2025-06-13,ZS,sell,301.95,300.222,276.975,239.0739,80.64,50.11,1966299.0,-0.47,90.31,90.21,90.51
2025-06-13,EYE,sell,21.51,21.278,20.1875,16.0539,78.88,53.68,1981951.0,-0.25,86.05,84.27,89.61
2025-06-13,ABCL,sell,3.2,3.022,2.3485,2.3054,78.86,34.71,11721242.0,1.79,80.63,81.37,79.15
2025-06-13,MU,sell,115.6,114.58,102.702,87.5436,78.68,35.58,19850480.0,-0.04,93.53,91.46,97.67
2025-06-13,LASR,sell,18.04,17.83,15.8475,11.3602,78.06,65.77,803828.0,-0.21,89.01,88.32,90.39
2025-06-13,VRNA,sell,92.2,89.233,80.8812,70.5756,78.05,30.03,1356887.0,-0.2,91.73,91.21,92.77
2025-06-13,RGLS,sell,8.11,8.188,8.012,5.8725,77.06,86.16,1033656.0,-0.35,59.1,68.54,40.22
2025-06-13,RDWR,sell,26.6,24.854,24.01,22.8143,76.55,21.36,262395.0,1.09,82.11,79.35,87.63
2025-06-13,FARO,sell,42.49,42.526,42.3245,35.4963,76.53,56.49,620543.0,0.14,70.57,73.92,63.87
2025-06-13,TLN,sell,277.16,267.817,251.9728,227.7805,76.17,34.19,1705862.0,0.95,86.67,82.21,95.59
2025-06-13,TTMI,sell,35.38,36.053,31.7178,25.8082,76.06,53.78,1719798.0,0.17,87.63,89.35,84.19
2025-06-13,PLAY,sell,30.17,28.552,23.5763,20.9551,75.9,36.3,2845998.0,1.32,90.94,87.85,97.12
2025-06-13,BPMC,sell,127.96,128.012,114.4162,99.6289,75.68,37.71,4974210.0,-0.7,98.57,96.67,102.37
2025-06-13,PSNL,sell,6.01,5.722,5.07,4.3449,75.57,39.13,1036800.0,0.29,84.41,78.76,95.71
2025-06-13,PTGX,sell,56.37,56.016,50.1155,46.7148,75.11,41.2,971213.0,-0.11,89.39,90.73,86.71
2025-06-13,APA,sell,21.01,19.696,17.9822,16.8363,75.01,25.24,9667682.0,0.57,92.18,84.64,107.26
2025-06-13,GRPN,sell,33.89,32.564,29.9815,23.771,74.81,38.67,1759405.0,0.25,88.91,88.34,90.05
2025-06-13,STX,sell,127.27,127.598,119.149,97.7972,74.32,55.99,4420714.0,-0.03,79.57,85.11,68.49
2025-06-13,NAGE,sell,13.63,13.758,11.7252,9.1877,74.1,57.55,1034637.0,0.0,88.35,90.12,84.81
2025-06-13,CASY,sell,506.16,488.434,457.16,452.3778,73.78,20.13,760557.0,0.41,79.53,64.41,109.77
2025-06-13,BELFB,sell,86.16,82.577,76.0377,72.1703,73.4,18.3,193134.0,0.58,91.54,81.45,111.72
2025-06-13,GPRE,sell,5.58,4.732,4.449,4.117,73.31,19.31,2256096.0,1.02,79.2,59.32,118.96
2025-06-13,DOOO,sell,47.89,48.378,42.444,37.8938,73.25,42.73,211349.0,-0.02,90.44,92.26,86.8
2025-06-13,ORIC,sell,9.63,9.66,7.7165,6.1251,73.19,39.04,910781.0,-0.51,89.93,89.09,91.61
2025-06-13,AEVA,sell,23.06,22.822,18.796,12.5907,73.11,62.43,1724031.0,-0.04,91.14,91.83,89.76
2025-06-13,ATRO,sell,34.85,34.086,32.001,27.0684,72.97,53.67,763740.0,1.15,85.99,89.49,78.99
2025-06-13,EYPT,sell,9.03,8.968,7.4405,6.5057,72.64,34.5,766934.0,-0.13,86.92,87.67,85.42
2025-06-13,KYMR,sell,46.96,47.68,38.158,32.4878,72.45,40.55,689530.0,-0.74,86.46,83.28,92.82
2025-06-13,SAIL,sell,22.61,21.454,18.6975,18.0266,72.39,24.1,3701014.0,2.57,83.3,76.22,97.46
2025-06-13,WDC,sell,55.7,56.024,53.0065,45.177,72.32,46.02,6458497.0,0.02,80.28,84.16,72.52
2025-06-13,OUST,sell,18.07,17.825,13.3648,10.2071,72.28,55.04,6865254.0,1.83,83.92,87.52,76.72
2025-06-13,SEZL,sell,133.54,131.966,114.8678,77.3037,72.24,51.96,1391174.0,0.62,86.26,88.29,82.2
2025-06-13,KLAC,sell,867.67,860.11,799.513,728.8184,71.91,31.98,1523507.0,0.45,92.14,86.37,103.68
2025-06-13,URGN,sell,12.03,8.896,6.16,8.678,71.89,33.31,10218384.0,0.63,74.2,62.88,96.84
2025-06-13,WLDN,sell,55.82,56.364,54.02,45.5779,71.7,51.98,112010.0,-0.32,77.47,84.25,63.91
2025-06-13,MSFT,sell,474.96,474.024,463.15,425.7282,71.47,44.19,16801660.0,0.02,87.52,89.97,82.62
2025-06-13,CVAC,sell,5.57,4.798,4.427,3.7186,71.3,42.22,5834270.0,8.99,73.3,67.79,84.32
2025-06-13,ESLT,sell,454.9,429.359,410.311,399.6812,71.2,18.17,183553.0,0.45,86.4,82.52,94.16
2025-06-13,QSG,sell,10.95,10.142,7.405,6.2337,71.02,42.91,3574228.0,4.44,73.72,61.06,99.04
2025-06-13,NVEE,sell,22.92,22.804,22.3375,19.4824,71.01,41.93,1115937.0,0.63,80.99,80.35,82.27
2025-06-13,CRMD,sell,14.56,14.65,13.109,10.5914,70.99,44.98,1894123.0,0.17,81.9,83.12,79.46
2025-06-13,DRS,sell,46.07,44.816,43.1203,39.5721,70.95,26.37,852959.0,-0.11,85.28,83.0,89.84
2025-06-13,DHC,sell,3.48,3.406,3.2505,2.7548,70.86,43.19,783896.0,0.23,90.59,85.02,101.73
2025-06-13,HPK,sell,11.9,11.396,10.3485,9.5907,70.76,29.84,298402.0,-0.02,89.18,85.1,97.34
2025-06-13,KTOS,sell,41.76,40.658,38.087,35.0932,70.35,27.99,2651713.0,0.03,86.81,84.95,90.53
2025-06-13,AVAV,sell,195.1,192.016,179.5295,160.7288,70.21,33.81,666277.0,-0.16,73.66,75.26,70.46
2025-06-13,MIRM,sell,49.63,48.628,45.685,43.3006,70.14,27.56,498659.0,0.25,85.49,79.06,98.35
2025-06-13,AMED,sell,97.16,96.466,94.666,94.0446,70.06,31.16,444983.0,0.84,76.17,64.29,99.93
2025-06-13,SBLK,sell,17.4,16.854,16.4083,15.2751,69.99,30.8,1712039.0,0.28,86.18,73.8,110.94
2025-06-13,SIMO,sell,66.96,67.144,64.975,54.0178,69.74,43.01,284328.0,-0.31,85.34,84.98,86.06
2025-06-13,CLMT,sell,15.13,14.112,13.897,12.0374,69.68,21.28,966097.0,0.47,64.6,53.29,87.22
2025-06-13,AKRO,sell,55.62,54.273,49.6088,43.7524,69.42,30.49,1812290.0,0.18,80.69,82.01,78.05
2025-06-13,PHH,sell,19.8,19.268,15.8705,14.538,69.33,28.04,332870.0,-0.05,82.12,81.09,84.18
2025-06-13,TRML,sell,19.68,19.311,17.4203,16.1205,69.24,24.2,270575.0,-0.35,86.93,83.32,94.15
2025-06-13,ACDC,sell,9.15,9.188,7.8438,6.0398,69.15,36.75,790340.0,-0.25,85.18,86.87,81.8
2025-06-13,TIGO,sell,37.68,36.798,36.7435,33.9366,69.12,25.68,552671.0,-0.06,52.55,46.48,64.69
2025-06-13,SEDG,sell,23.3,20.96,18.8465,16.0849,69.08,25.71,4206334.0,0.53,79.71,68.76,101.61
2025-06-13,FANG,sell,154.91,148.172,140.5755,136.5942,69.08,17.78,2840391.0,0.27,87.21,78.46,104.71
2025-06-13,CHRD,sell,106.04,101.43,94.653,93.256,69.07,23.09,760716.0,0.03,88.52,75.92,113.72
2025-06-13,JFIN,sell,18.17,18.07,15.111,12.9798,69.06,41.05,223166.0,-0.39,88.33,87.04,90.91
2025-06-13,GRFS,sell,8.87,8.93,8.4292,7.6483,69.04,40.6,578375.0,-0.29,85.48,88.51,79.42
2025-06-13,ZLAB,sell,41.0,40.66,34.603,31.9784,69.02,24.65,1237929.0,0.02,88.09,88.67,86.93
2025-06-13,PCT,sell,11.34,11.208,9.906,7.9979,68.93,38.43,3100577.0,0.31,86.92,85.68,89.4
2025-06-13,COGT,sell,7.08,7.176,5.817,5.1888,68.9,34.77,2201358.0,-0.05,84.75,84.59,85.07
2025-06-13,ALNT,sell,33.83,34.05,31.9265,26.5799,68.8,44.61,147717.0,0.57,81.92,79.87,86.02
2025-06-13,WFRD,sell,53.025,51.685,47.5692,45.4388,68.78,20.24,1228268.0,-0.01,88.57,79.98,105.75
2025-06-13,PAX,sell,13.61,13.708,13.116,11.6478,68.74,40.32,502815.0,-0.39,85.13,85.35,84.69
2025-06-13,PZZA,sell,50.42,50.314,45.6965,39.1354,68.69,44.49,2323630.0,1.13,72.27,80.79,55.23
2025-06-13,SHYF,sell,11.87,12.064,10.7385,9.3738,68.67,30.8,226816.0,0.01,87.46,91.1,80.18
2025-06-13,CWCO,sell,28.18,28.258,27.2898,25.2155,68.6,43.03,124891.0,0.59,80.91,84.04,74.65
2025-06-13,METC,sell,10.98,10.27,9.5185,9.2719,68.51,23.06,708245.0,0.02,85.53,78.55,99.49
2025-06-13,STOK,sell,11.53,11.468,10.3485,9.1922,68.4,31.21,455391.0,-0.32,89.98,86.26,97.42
2025-06-13,SWBI,sell,10.51,10.548,9.828,9.5159,68.4,21.84,538102.0,0.68,84.71,80.57,92.99
2025-06-13,INDV,sell,13.89,13.72,12.621,11.2666,68.3,43.07,956198.0,-0.43,89.09,87.66,91.95
2025-06-13,AVDX,sell,9.75,9.776,9.7642,8.8781,68.28,46.74,3095089.0,-0.44,45.84,58.51,20.5
2025-06-13,SHEN,sell,13.84,13.838,12.588,12.4272,68.26,29.3,234245.0,-0.14,90.42,90.64,89.98
2025-06-13,NXT,sell,60.71,59.656,57.7628,48.8819,68.24,25.52,1488870.0,-0.1,85.11,77.41,100.51
2025-06-13,BLDP,sell,1.64,1.66,1.445,1.3064,67.84,24.62,12664738.0,0.34,83.39,79.58,91.01
2025-06-13,WWD,sell,232.06,232.868,222.2918,197.8025,67.83,40.0,604653.0,0.01,87.04,89.09,82.94
2025-06-13,STRL,sell,202.99,202.61,192.7965,167.002,67.83,32.25,426203.0,0.1,81.29,82.61,78.65
2025-06-13,GSAT,sell,21.95,21.812,19.599,19.4492,67.83,24.55,696896.0,0.21,89.8,85.04,99.32
2025-06-13,EBAY,sell,77.36,78.163,74.9002,70.0131,67.8,41.5,5058513.0,-0.15,77.68,84.29,64.46
2025-06-13,TRMD,sell,18.65,17.655,17.1493,16.4842,67.76,14.76,806536.0,0.04,79.55,62.68,113.29
2025-06-13,ITRI,sell,121.96,122.476,117.476,110.166,67.67,32.89,523991.0,-0.07,87.62,89.53,83.8
2025-06-13,BBIO,sell,39.78,39.52,35.9465,35.2051,67.6,26.29,2463440.0,-0.11,89.88,85.78,98.08
2025-06-13,VRDN,sell,15.88,15.584,14.2605,13.3674,67.56,34.51,820298.0,0.33,86.47,86.39,86.63
2025-06-13,LFMD,sell,12.46,12.48,11.872,8.7093,67.52,60.34,1795866.0,0.02,71.61,75.25,64.33
2025-06-13,AGYS,sell,109.3,111.414,105.4435,86.4704,67.34,58.59,212802.0,-0.3,76.24,85.57,57.58
2025-06-13,APGE,sell,44.48,42.186,39.3983,37.1843,67.2,20.22,1007215.0,0.03,80.79,67.33,107.71
2025-06-13,UPB,sell,11.36,11.496,10.179,9.0112,67.14,22.52,338830.0,-0.13,84.51,86.68,80.17
2025-06-13,NDAQ,sell,85.59,86.2,83.707,78.4038,67.1,40.48,3395455.0,0.17,84.26,90.5,71.78
2025-06-13,INTU,sell,753.98,762.284,736.084,661.1664,67.05,48.5,1297918.0,-0.12,81.53,89.42,65.75
2025-06-13,AGIO,sell,34.3,34.276,32.1485,29.6642,67.03,29.16,498726.0,-0.26,84.31,85.83,81.27
2025-06-13,JOYY,sell,49.02,49.362,46.7248,43.2531,67.02,35.68,310957.0,-0.01,86.76,87.59,85.1
2025-06-13,IMTX,sell,6.12,6.032,5.5655,4.8584,66.93,32.4,997419.0,0.19,80.61,77.89,86.05
2025-06-13,ALT,sell,6.92,6.66,5.8315,5.311,66.84,26.17,5113489.0,0.66,75.4,67.67,90.86
2025-06-13,NVTS,sell,7.32,7.696,5.479,3.3255,66.83,51.61,90670804.0,0.24,72.33,76.66,63.67
2025-06-13,COOP,sell,143.08,140.002,132.782,124.0928,66.55,29.09,965059.0,-0.01,82.07,73.93,98.35
2025-06-13,HOOD,sell,72.6,73.446,68.5295,55.4748,66.51,38.54,37876835.0,-0.2,72.49,76.97,63.53
2025-06-13,CRDO,sell,73.49,71.818,66.722,53.0228,66.4,34.97,6314623.0,-0.4,62.92,62.7,63.36
2025-06-13,AXON,sell,780.63,776.13,757.249,663.3626,66.37,24.32,466721.0,-0.14,69.47,75.06,58.29
2025-06-13,GH,sell,49.29,49.392,43.4315,43.665,66.22,26.04,1950043.0,-0.36,89.64,86.72,95.48
2025-06-13,DYN,sell,14.41,14.524,12.9765,11.1461,66.05,34.53,2398164.0,0.08,81.49,82.22,80.03
2025-06-13,PLUG,sell,1.29,1.294,0.9618,0.9469,66.0,32.25,129408130.0,-0.04,71.75,71.22,72.81
2025-06-13,EVGO,sell,4.29,4.256,3.9355,3.3386,65.9,37.2,3867947.0,0.11,73.98,68.05,85.84
2025-06-13,FIP,sell,6.41,6.33,5.9025,4.8349,65.88,26.54,878488.0,-0.21,79.76,81.38,76.52
2025-06-13,MVST,sell,4.05,4.148,3.785,2.7515,65.75,49.47,5847515.0,0.03,77.92,73.66,86.44
2025-06-13,LRCX,sell,89.52,90.286,85.272,76.5476,65.75,27.42,10645844.0,0.21,87.21,84.84,91.95
2025-06-13,QUBT,sell,16.68,16.526,13.3432,9.6749,65.66,52.4,63127384.0,2.45,66.41,68.15,62.93
2025-06-13,VERV,sell,6.16,6.271,5.1182,4.7646,65.63,26.24,2245028.0,-0.46,84.87,82.58,89.45
2025-06-13,MEOH,sell,36.0,34.422,33.408,31.5898,65.62,15.68,773943.0,1.44,75.17,65.24,95.03
2025-06-13,VSEC,sell,137.95,136.694,132.0463,122.7566,65.44,30.05,177695.0,-0.18,85.37,78.91,98.29
2025-06-13,IRDM,sell,28.64,28.828,26.61,25.3226,65.44,23.15,1050125.0,-0.08,88.48,85.08,95.28
2025-06-13,ENSG,sell,151.24,150.097,148.7037,137.9933,65.32,30.75,363073.0,0.0,77.0,77.4,76.2
2025-06-13,IRON,sell,53.71,52.354,48.9478,45.8119,65.3,20.74,499599.0,0.37,83.67,77.16,96.69
2025-06-13,GMAB,sell,22.82,22.726,21.5015,20.476,65.21,18.05,1077617.0,-0.12,91.85,91.63,92.29
2025-06-13,SLAB,sell,137.87,137.872,128.1015,113.0448,65.18,27.89,529997.0,0.93,82.81,75.14,98.15
2025-06-13,LMB,sell,137.66,138.388,131.941,109.8328,65.11,50.71,252743.0,0.69,84.84,84.61,85.3
2025-06-13,GEN,sell,29.78,29.67,28.7235,26.9476,65.11,29.87,4729119.0,0.12,85.64,85.5,85.92
2025-06-13,BBNX,sell,19.09,19.274,17.194,13.8024,65.01,37.03,437094.0,-0.42,83.95,85.03,81.79
2025-06-13,HWKN,sell,135.77,135.308,131.8615,123.7747,64.98,48.55,125784.0,0.16,72.81,80.52,57.39
2025-06-13,NBIS,sell,47.13,50.614,42.1935,31.7105,64.97,43.9,19413205.0,-0.21,72.94,75.63,67.56
2025-06-13,PGY,sell,17.94,17.978,16.5845,13.3189,64.97,38.68,2039468.0,-0.03,80.59,86.27,69.23
2025-06-13,ARRY,sell,7.96,7.674,7.2212,5.9503,64.94,14.64,4832296.0,-0.03,82.04,75.04,96.04
2025-06-13,ONC,sell,269.63,267.154,249.541,242.2344,64.93,21.93,460129.0,0.79,78.14,81.34,71.74
2025-06-13,TRUP,sell,50.83,51.26,47.9857,42.3827,64.85,27.11,424632.0,-0.21,84.81,85.73,82.97
2025-06-13,LEGN,sell,36.83,36.75,31.328,31.994,64.82,30.66,2458140.0,-0.13,81.6,76.69,91.42
2025-06-13,TSSI,sell,18.39,20.104,15.7085,10.6909,64.78,48.93,2410948.0,-0.3,81.53,84.93,74.73
2025-06-13,NTES,sell,129.38,131.328,125.096,112.0054,64.61,35.2,993543.0,-0.04,85.56,90.61,75.46
2025-06-13,FWRD,sell,20.21,19.84,18.1505,16.5856,64.61,21.32,569121.0,0.44,76.81,71.11,88.21
2025-06-13,RPRX,sell,34.84,34.226,33.422,32.7522,64.56,15.55,5834067.0,0.88,83.31,75.46,99.01
2025-06-13,NMIH,sell,40.34,40.002,39.179,36.8418,64.54,31.91,497426.0,0.04,84.52,84.66,84.24
2025-06-13,CHX,sell,26.67,26.04,25.0475,24.9372,64.54,16.61,2556521.0,-0.21,84.04,68.13,115.86
2025-06-13,AUTL,sell,2.12,2.238,1.873,1.553,64.52,43.55,2499188.0,-0.28,76.67,83.96,62.09
2025-06-13,GOGO,sell,12.09,11.878,11.5,9.4636,64.39,30.63,1690598.0,0.25,63.69,50.26,90.55
2025-06-13,PTEN,sell,6.53,6.264,5.8505,5.901,64.23,17.66,12201884.0,0.04,83.16,70.44,108.6
2025-06-13,WBA,sell,11.39,11.354,11.2598,11.082,64.19,27.0,5681466.0,-0.13,85.39,78.4,99.37
2025-06-13,IDYA,sell,22.18,22.144,20.4305,18.8144,64.18,31.45,1133665.0,-0.05,81.91,83.22,79.29
2025-06-13,TTEK,sell,36.06,35.734,35.4415,32.9276,64.18,28.34,2028318.0,0.1,75.08,66.32,92.6
2025-06-13,HOLX,sell,64.75,64.852,61.176,58.9556,64.12,34.2,2329605.0,-0.09,74.91,72.25,80.23
2025-06-13,ALNY,sell,307.99,303.54,297.7605,269.331,64.12,30.49,605554.0,-0.31,79.02,77.54,81.98
2025-06-13,TASK,sell,16.72,16.724,16.715,14.9868,64.09,40.32,207217.0,-0.12,58.6,56.38,63.04
2025-06-13,CRWV,sell,147.19,152.572,124.8125,78.628,64.08,60.43,22250596.0,-0.47,75.63,79.74,67.41
2025-06-13,FIVE,sell,121.825,124.501,117.7868,92.3079,64.07,59.52,1328852.0,-0.57,59.06,67.41,42.36
2025-06-13,MRCY,sell,52.98,52.64,49.9005,48.339,63.94,21.18,769531.0,0.28,79.28,82.74,72.36
2025-06-13,ADPT,sell,10.32,10.454,9.6645,8.7523,63.93,29.51,1140422.0,-0.11,80.41,82.63,75.97
2025-06-13,FLEX,sell,43.13,43.584,42.543,37.4777,63.92,31.25,3773483.0,0.37,77.6,84.33,64.14
2025-06-13,DASH,sell,218.96,217.164,210.6345,195.0844,63.74,17.68,3037027.0,-0.25,85.71,85.53,86.07
2025-06-13,KRUS,sell,78.21,80.042,71.2065,63.0542,63.71,31.03,334675.0,-0.17,78.68,80.14,75.76
2025-06-13,ULTA,sell,459.17,461.82,442.3718,404.2351,63.67,36.0,673553.0,-0.12,64.88,68.55,57.54
2025-06-13,LITE,sell,82.465,82.879,78.7887,67.2327,63.67,32.22,1761375.0,-0.36,80.07,78.21,83.79
2025-06-13,PRAX,sell,44.3,44.857,40.5618,37.1508,63.66,23.13,237181.0,-0.49,82.17,82.43,81.65
2025-06-13,SSRM,sell,12.71,12.528,11.9685,11.0408,63.56,29.78,2370549.0,-0.46,67.38,71.72,58.7
2025-06-13,PLTR,sell,137.4,134.77,128.2785,114.1048,63.45,17.44,78245469.0,-0.22,79.16,72.79,91.9
2025-06-13,AZN,sell,74.42,74.0,71.774,69.8784,63.31,25.09,3327047.0,-0.21,87.93,88.15,87.49
2025-06-13,BSY,sell,49.34,48.508,48.187,45.399,63.24,31.02,1420962.0,-0.32,62.24,57.94,70.84
2025-06-13,CSGP,sell,81.16,81.062,76.8445,77.2912,63.16,21.44,2720834.0,-0.05,86.41,82.76,93.71
2025-06-13,CNDT,sell,2.67,2.726,2.423,2.2692,63.07,38.48,1598450.0,0.03,76.17,78.22,72.07
2025-06-13,ATAT,sell,32.3,31.59,31.281,27.729,63.03,31.25,1310621.0,0.27,50.71,43.52,65.09
2025-06-13,AMBR,sell,11.79,10.93,10.0242,10.1442,62.96,21.98,159302.0,0.41,84.76,70.98,112.32
2025-06-13,DOMO,sell,13.04,13.66,12.273,9.52,62.94,48.56,611861.0,-0.4,70.83,81.81,48.87
2025-06-13,CSTL,sell,18.75,18.444,16.9225,18.2921,62.91,26.75,461329.0,0.12,92.02,85.8,104.46
2025-06-13,FTDR,sell,56.43,56.694,55.6795,48.9825,62.88,33.33,442241.0,-0.1,72.11,79.4,57.53
2025-06-13,FSLR,sell,175.2,167.134,162.48,147.327,62.84,15.41,3166293.0,-0.09,75.2,64.01,97.58
2025-06-13,MCHP,sell,65.73,68.18,62.3695,52.3026,62.83,37.75,10862016.0,-0.02,79.32,83.97,70.02
2025-06-13,PAA,sell,18.05,17.774,17.1105,17.2002,62.78,22.03,3244619.0,0.19,88.33,79.68,105.63
2025-06-13,ETNB,sell,10.41,10.184,9.6382,8.0016,62.73,26.71,2990664.0,0.4,71.15,75.16,63.13
2025-06-13,NVDA,sell,141.97,143.278,138.226,121.7312,62.71,36.17,170375151.0,-0.13,85.45,85.88,84.59
2025-06-13,MQ,sell,5.38,5.456,5.322,4.5759,62.68,35.22,6377868.0,-0.18,75.91,81.38,64.97
2025-06-13,AKBA,sell,3.56,3.706,3.2585,2.6036,62.64,51.41,7355466.0,-0.12,69.88,78.9,51.84
2025-06-13,SBUX,sell,93.26,93.014,87.4865,85.0869,62.64,23.42,8829370.0,0.04,86.4,85.95,87.3
2025-06-13,MGNI,sell,17.1,17.474,16.5465,13.8056,62.61,41.7,1607020.0,-0.29,81.94,85.3,75.22
2025-06-13,MGTX,sell,6.63,6.576,5.6295,5.7745,62.51,23.3,557517.0,0.34,81.43,81.44,81.41
2025-06-13,VRNS,sell,49.02,49.936,48.4105,44.7458,62.49,45.18,1492981.0,0.08,69.36,80.33,47.42
2025-06-13,META,sell,682.87,693.366,663.515,600.928,62.45,34.93,9959967.0,-0.25,79.37,84.45,69.21
2025-06-13,WINA,sell,430.02,425.516,423.7685,385.0912,62.43,47.84,426183.0,-0.43,68.78,65.09,76.16
2025-06-13,PAGP,sell,19.2,18.886,18.2295,18.3597,62.42,21.05,1993895.0,-0.01,88.15,79.79,104.87
2025-06-13,RDFN,sell,10.8,10.568,10.1485,9.5394,62.41,23.44,6020070.0,-0.36,78.06,67.99,98.2
2025-06-13,SITM,sell,210.27,213.65,204.992,173.6682,62.38,27.43,284181.0,0.61,67.91,71.03,61.67
2025-06-13,CTLP,sell,9.5,9.634,8.8245,8.2168,62.27,29.9,1054307.0,-0.34,81.19,79.39,84.79
2025-06-13,MREO,sell,2.76,2.698,2.438,2.3478,62.26,23.52,1242059.0,-0.37,84.24,78.45,95.82
2025-06-13,MTSI,sell,128.97,129.426,125.1705,113.2128,62.24,30.62,568276.0,-0.12,84.01,83.64,84.75
2025-06-13,OM,sell,19.96,20.511,19.3582,15.0306,62.23,44.07,326947.0,0.18,69.07,72.28,62.65
2025-06-13,TEM,sell,71.28,69.922,62.942,55.6096,62.23,27.39,14145197.0,-0.08,83.7,75.12,100.86
2025-06-13,IDXX,sell,522.7,523.666,517.7445,470.5828,62.21,37.7,379054.0,-0.19,78.12,79.24,75.88
2025-06-13,CRWD,sell,480.62,474.274,463.135,424.592,62.14,17.83,2816457.0,-0.62,74.18,71.69,79.16
2025-06-13,INDI,sell,3.19,3.232,2.7965,2.3538,62.09,30.27,5213563.0,0.87,76.21,79.24,70.15
2025-06-13,SNDK,sell,42.5,41.488,39.3835,36.2477,62.08,18.34,4749201.0,0.12,76.88,69.46,91.72
2025-06-13,DH,sell,3.65,3.688,3.416,3.0285,62.06,39.62,707477.0,0.15,76.26,76.92,74.94
2025-06-13,HCSG,sell,14.65,14.692,14.4085,13.1034,62.05,37.96,632644.0,-0.02,79.26,68.61,100.56
2025-06-13,TXG,sell,10.415,10.503,9.3845,8.7202,62.04,20.97,4339433.0,-0.0,81.35,80.49,83.07
2025-06-13,BATRK,sell,42.51,42.71,41.23,40.0008,62.03,23.98,370379.0,0.94,76.86,70.76,89.06
2025-06-13,ON,sell,51.02,52.392,46.6652,41.644,61.96,32.55,10736025.0,-0.32,82.64,83.14,81.64
2025-06-13,AZTA,sell,30.6,30.304,28.321,27.4755,61.88,24.93,637791.0,-0.05,87.25,82.68,96.39
2025-06-13,IREN,sell,9.83,10.226,9.241,7.4796,61.79,35.19,18145676.0,0.16,78.9,81.42,73.86
2025-06-13,AMGN,sell,295.22,293.546,283.8975,282.4286,61.73,24.16,2117215.0,-0.09,88.5,87.72,90.06
2025-06-13,RCAT,sell,8.34,8.582,7.234,6.339,61.66,28.44,10873238.0,-0.13,76.03,75.4,77.29
2025-06-13,USAR,sell,13.24,13.22,10.367,10.415,61.64,23.36,4609937.0,0.64,79.51,75.93,86.67
2025-06-13,HIMX,sell,8.88,8.99,8.5275,7.6265,61.57,24.8,1229338.0,0.15,73.27,75.42,68.97
2025-06-13,PLYA,sell,13.48,13.49,13.464,13.424,61.56,25.94,1677970.0,0.11,74.83,83.42,57.65
2025-06-13,WING,sell,354.06,370.22,348.3795,287.4301,61.55,53.07,915276.0,0.47,68.06,82.6,38.98
2025-06-13,VC,sell,89.86,89.692,85.5432,80.486,61.52,24.57,450320.0,0.97,78.55,68.35,98.95
2025-06-13,ZVRA,sell,9.13,9.27,8.8465,7.9504,61.51,34.41,607477.0,-0.1,77.36,81.24,69.6
2025-06-13,CSX,sell,32.12,32.284,31.5955,29.64,61.48,34.07,13986362.0,-0.18,72.15,79.75,56.95
2025-06-13,BYRN,sell,29.82,29.874,26.9652,23.3679,61.45,29.96,488391.0,-0.27,71.4,73.83,66.54
2025-06-13,GLNG,sell,42.25,41.976,40.6965,39.0655,61.39,15.52,1236578.0,0.09,87.21,86.88,87.87
2025-06-13,CELH,sell,41.16,42.008,38.879,37.3826,61.36,17.72,7388064.0,-0.04,79.02,81.12,74.82
2025-06-13,SWTX,sell,46.78,46.756,46.5845,44.011,61.35,23.86,4339670.0,0.07,84.82,86.69,81.08
2025-06-13,ALGM,sell,28.65,29.776,27.4477,23.3787,61.33,36.03,1806817.0,0.08,74.67,80.09,63.83
2025-06-13,FULC,sell,6.85,6.896,6.8095,5.1311,61.29,45.43,327529.0,-0.15,61.01,67.24,48.55
2025-06-13,ACAD,sell,21.71,22.05,21.9087,17.9121,61.21,51.92,1536982.0,0.06,39.33,46.84,24.31
2025-06-13,CAR,sell,121.91,125.2,118.8978,99.8183,61.19,29.16,845146.0,-0.42,72.9,76.37,65.96
2025-06-13,IPAR,sell,136.06,139.276,134.813,120.305,61.14,45.53,154173.0,-0.04,77.55,87.65,57.35
2025-06-13,TXN,sell,195.0,199.17,189.224,172.4666,61.07,24.98,5314990.0,-0.06,81.72,85.48,74.2
2025-06-13,ASTL,sell,6.15,6.132,5.604,5.3439,61.05,18.37,1419702.0,-0.05,80.89,73.87,94.93
2025-06-13,XP,sell,19.64,19.89,19.3295,16.9324,61.04,46.57,6433912.0,0.07,66.19,73.36,51.85
2025-06-13,CCEP,sell,92.85,92.838,90.8035,89.12,60.96,24.09,1313492.0,-0.21,87.45,85.86,90.63
2025-06-13,AVGO,sell,248.7,249.318,242.9555,210.4494,60.81,36.5,22972466.0,-0.3,62.26,67.33,52.12
2025-06-13,IONS,sell,35.59,36.2,34.5015,31.8161,60.77,25.09,1674718.0,0.36,72.22,76.9,62.86
2025-06-13,MYRG,sell,163.39,164.718,161.8582,142.6759,60.71,27.34,167050.0,-0.09,70.08,69.49,71.26
2025-06-13,WB,sell,9.55,9.686,9.253,8.6022,60.69,29.52,1149315.0,0.24,71.01,77.55,57.93
2025-06-13,ORKA,sell,12.56,12.752,11.6675,10.2182,60.69,21.74,149285.0,-0.03,75.64,81.36,64.2
2025-06-13,HEPS,sell,2.85,2.768,2.7065,2.6904,60.62,10.1,369024.0,-0.33,72.19,55.42,105.73
2025-06-13,NBIX,sell,124.39,124.814,123.358,112.6306,60.57,43.99,726832.0,-0.28,70.3,75.17,60.56
2025-06-13,SEPN,sell,10.17,10.25,9.8645,7.8882,60.55,42.13,415391.0,-0.35,63.65,64.83,61.29
2025-06-13,AVBP,sell,23.27,23.657,21.8553,20.2926,60.49,24.99,363058.0,-0.21,75.07,80.59,64.03
2025-06-13,SANA,sell,2.59,2.714,2.2988,1.944,60.45,35.92,3311343.0,-0.12,66.55,75.73,48.19
2025-06-13,SFD,sell,23.555,23.496,23.2195,21.8974,60.41,24.04,514025.0,0.28,69.19,67.18,73.21
2025-06-13,ELVN,sell,21.91,20.643,18.8688,18.4409,60.36,21.14,940028.0,0.58,69.8,68.42,72.56
2025-06-13,TIPT,sell,23.24,23.202,22.4405,22.079,60.31,17.53,189114.0,0.75,79.92,80.18,79.4
2025-06-13,TDUP,sell,7.3,7.564,7.3823,5.5898,60.28,53.46,1876768.0,-0.18,64.08,74.96,42.32
2025-06-13,OCUL,sell,8.73,8.862,8.0868,7.665,60.25,27.01,4533154.0,1.23,79.78,82.66,74.02
2025-06-13,SYRE,sell,17.29,17.744,16.101,14.6424,60.25,26.93,533401.0,0.33,70.72,78.01,56.14
2025-06-13,BKR,sell,39.04,38.822,37.6325,37.305,60.24,19.17,7102157.0,0.18,84.33,79.18,94.63
2025-06-13,SPRY,sell,15.39,14.67,14.4695,14.0599,60.21,17.99,786515.0,-0.28,67.44,60.76,80.8
2025-06-13,CRSP,sell,41.36,41.838,38.9302,37.5147,60.19,17.21,2505671.0,-0.04,65.09,66.54,62.19
2025-06-13,SBRA,sell,18.21,18.122,17.729,17.6442,60.15,10.23,2864507.0,0.13,77.92,69.37,95.02
2025-06-13,IRTC,sell,143.85,146.544,143.678,125.9666,60.14,35.15,425968.0,-0.18,66.76,74.19,51.9
2025-06-13,APLD,sell,11.18,12.248,9.612,6.8098,60.1,47.83,68359480.0,-0.65,63.75,71.5,48.25
2025-06-13,CMPO,sell,13.66,13.84,13.418,11.9441,60.08,49.46,654983.0,0.13,69.82,81.97,45.52
2025-06-13,AEIS,sell,122.8,125.968,119.4647,106.7132,60.07,31.38,266404.0,0.26,76.13,79.37,69.65
2025-06-13,HROW,sell,30.31,30.88,28.6125,26.0751,60.05,19.5,416323.0,-0.22,79.08,81.67,73.9
2025-06-13,RDUS,sell,29.53,29.562,29.5485,29.3272,60.03,44.48,697378.0,-0.24,49.1,57.72,31.86
2025-06-13,RUN,sell,10.0,8.86,8.619,8.0482,60.02,17.46,20308991.0,0.0,72.93,55.58,107.63
2025-06-13,SLNO,sell,79.15,79.206,76.3785,73.622,59.96,14.84,720968.0,0.12,78.91,75.61,85.51
2025-06-13,PBPB,sell,10.86,11.072,10.5975,9.4689,59.95,33.71,184713.0,-0.03,75.43,81.34,63.61
2025-06-13,ILMN,sell,86.93,87.112,83.5525,79.0268,59.93,20.31,2116210.0,0.25,75.34,72.67,80.68
2025-06-13,AMZN,sell,212.1,214.626,207.834,194.6962,59.9,23.38,33141867.0,-0.1,74.6,78.19,67.42
2025-06-13,DDOG,sell,120.45,120.568,118.2935,107.3802,59.88,25.24,4610372.0,-0.03,70.47,73.08,65.25
2025-06-13,CORZ,sell,11.89,12.352,11.4705,9.407,59.84,35.57,7925458.0,-0.4,69.81,77.14,55.15
2025-06-13,GLDD,sell,11.47,11.514,11.2948,10.1363,59.78,35.71,397075.0,-0.17,74.88,79.01,66.62
2025-06-13,TRS,sell,26.81,27.14,26.2562,23.9439,59.71,37.95,539759.0,1.45,72.82,77.88,62.7
2025-06-13,STRK,sell,104.5,106.428,103.106,93.9176,59.66,38.98,303050.0,-0.35,69.18,77.27,53.0
2025-06-13,AMAT,sell,170.59,172.388,164.548,155.0601,59.65,16.44,5585765.0,-0.11,82.66,76.06,95.86
2025-06-13,PTCT,sell,51.26,51.298,49.069,46.9716,59.64,18.3,750388.0,-0.37,79.05,83.07,71.01
2025-06-13,GLPG,sell,28.76,28.476,28.577,26.6808,59.59,23.21,206545.0,0.11,53.47,50.1,60.21
2025-06-13,DLTR,sell,95.19,94.492,91.5775,84.179,59.49,30.68,3097580.0,-0.67,77.77,75.62,82.07
2025-06-13,LIVN,sell,45.76,46.598,44.549,40.4956,59.44,31.66,669701.0,0.03,76.14,79.72,68.98
2025-06-13,NTRA,sell,165.34,165.172,159.731,153.7548,59.4,21.62,1002955.0,-0.13,74.21,73.97,74.69
2025-06-13,CECO,sell,27.75,27.34,27.2985,24.1408,59.39,24.23,271892.0,0.16,54.1,46.98,68.34
2025-06-13,FTRE,sell,5.91,5.704,4.79,5.3212,59.32,32.58,2946657.0,0.04,77.91,72.94,87.85
2025-06-13,ICLR,sell,145.66,144.546,134.928,140.022,59.32,29.53,1181358.0,0.0,81.64,75.2,94.52
2025-06-13,SIGA,sell,6.36,6.284,6.1102,5.9378,59.32,14.68,420479.0,-0.12,78.34,76.36,82.3
2025-06-13,CENX,sell,19.06,19.462,17.7065,16.7798,59.3,27.4,1217733.0,-0.59,77.49,77.9,76.67
2025-06-13,AFRM,sell,59.11,61.2,54.408,49.578,59.25,22.22,7098351.0,0.28,75.88,79.93,67.78
2025-06-13,APPF,sell,225.57,225.362,215.869,215.8006,59.18,13.28,377292.0,0.68,79.86,75.97,87.64
2025-06-13,AMLX,sell,5.52,5.532,5.228,4.7318,59.16,22.9,961615.0,0.25,64.96,67.38,60.12
2025-06-13,BLBD,sell,40.8,41.132,39.9512,37.3781,59.14,28.68,357457.0,-0.19,69.06,67.01,73.16
2025-06-13,TBPH,sell,10.69,10.718,10.101,9.5465,59.12,31.19,233392.0,-0.66,60.16,63.82,52.84
2025-06-13,NVMI,sell,222.19,226.15,208.0745,195.2793,59.1,30.22,239540.0,-0.08,83.04,84.64,79.84
2025-06-13,INCY,sell,67.75,69.156,66.4482,62.3365,59.09,36.4,1890906.0,-0.23,69.14,74.02,59.38
2025-06-13,NCNO,sell,26.99,27.222,26.569,24.5726,59.0,39.54,1090628.0,-0.35,51.45,56.4,41.55
2025-06-13,HAS,sell,67.81,68.554,67.018,61.533,58.94,27.73,1989804.0,0.38,72.8,65.97,86.46
2025-06-13,FORM,sell,33.63,34.49,32.1525,29.701,58.93,20.89,594947.0,-0.22,76.02,75.54,76.98
2025-06-13,GOOGL,sell,174.67,176.482,171.0515,162.2228,58.92,22.85,34190539.0,-0.06,68.15,70.09,64.27
2025-06-13,BILI,sell,20.02,20.144,18.9588,17.9205,58.88,19.4,4751854.0,0.54,74.62,71.11,81.64
2025-06-13,SION,sell,16.38,17.07,14.882,12.7989,58.79,35.54,111818.0,-0.34,73.77,79.68,61.95
2025-06-13,NDSN,sell,214.36,218.89,208.653,195.868,58.77,31.27,432799.0,0.03,79.73,82.96,73.27
2025-06-13,GOGL,sell,7.96,7.814,7.652,7.544,58.77,9.51,1617190.0,-0.15,87.67,77.23,108.55
2025-06-13,PACB,sell,1.2,1.18,1.052,1.13,58.73,21.08,8872841.0,0.25,77.09,72.7,85.87
2025-06-13,OPAL,sell,3.1,3.134,3.055,2.2405,58.69,42.37,110817.0,-0.43,37.27,45.47,20.87
2025-06-13,GOOG,sell,175.88,177.856,172.345,163.9112,58.64,23.15,21787760.0,-0.06,67.89,70.14,63.39
2025-06-13,AGNC,sell,9.3,9.312,9.083,8.866,58.64,15.72,21754154.0,-0.11,83.83,80.03,91.43
2025-06-13,NWTN,sell,1.97,1.922,1.9295,1.0643,58.63,40.77,435995.0,0.3,51.7,43.45,68.2
2025-06-13,ABUS,sell,3.53,3.534,3.373,3.3081,58.62,17.62,498284.0,-0.1,82.49,82.58,82.31
2025-06-13,DIOD,sell,49.15,50.674,47.6785,42.447,58.59,26.15,385829.0,-0.06,75.76,77.09,73.1
2025-06-13,ANAB,sell,23.32,23.498,21.9288,20.5733,58.56,28.46,652433.0,-0.42,76.49,74.21,81.05
2025-06-13,VNOM,sell,42.52,41.656,40.786,40.4268,58.41,16.25,1675737.0,-0.31,75.85,66.33,94.89
2025-06-13,PRCH,sell,10.62,11.117,10.1778,8.1415,58.4,45.2,1884636.0,-0.16,66.92,60.92,78.92
2025-06-13,CSQ,sell,17.38,17.566,17.3365,16.349,58.17,24.57,149079.0,-0.11,76.0,83.41,61.18
2025-06-13,ADI,sell,225.03,230.138,221.3185,203.6214,58.14,24.25,3415864.0,0.02,74.54,75.38,72.86
2025-06-13,NFLX,sell,1212.15,1215.028,1209.9552,1111.2111,58.13,25.33,2706526.0,0.09,49.33,59.51,28.97
2025-06-13,DAVE,sell,208.235,225.491,208.7128,146.7633,58.1,57.56,547112.0,0.5,69.71,82.01,45.11
2025-06-13,LECO,sell,201.27,203.266,198.033,188.3048,57.97,18.15,378297.0,0.18,81.8,77.52,90.36
2025-06-13,EVRG,sell,67.985,67.741,66.5415,66.9836,57.96,17.4,3034707.0,0.57,82.37,69.24,108.63
2025-06-13,CLDX,sell,21.26,20.732,20.2315,19.3112,57.88,14.51,1505143.0,0.38,56.9,59.89,50.92
2025-06-13,ACLS,sell,65.07,68.056,61.7705,54.981,57.87,27.82,994314.0,0.91,66.6,68.63,62.54
2025-06-13,AMKR,sell,19.89,20.184,19.164,18.0093,57.85,17.17,1737158.0,0.03,80.06,75.11,89.96
2025-06-13,LIF,sell,61.09,62.828,62.3768,49.7351,57.82,42.03,784218.0,-0.45,52.73,66.44,25.31
2025-06-13,AMSC,sell,29.35,31.158,28.4205,23.1212,57.81,40.64,2510218.0,1.14,62.2,76.73,33.14
2025-06-13,FTAI,sell,123.77,122.744,120.3825,109.0508,57.81,15.77,1036721.0,0.14,62.69,68.48,51.11
2025-06-13,CELC,sell,12.11,12.598,11.4795,10.7083,57.8,23.36,135821.0,-0.25,71.68,77.3,60.44
2025-06-13,SHLS,sell,5.11,5.09,4.8175,4.268,57.76,12.84,4633620.0,0.03,76.99,75.71,79.55
2025-06-13,PGEN,sell,1.52,1.516,1.411,1.4121,57.69,13.29,1461839.0,-0.13,69.48,62.11,84.22
2025-06-13,CAKE,sell,57.02,57.918,55.8265,51.8376,57.62,28.86,1407186.0,0.14,77.75,82.85,67.55
2025-06-13,CORZW,sell,6.18,6.584,5.9199,4.5184,57.62,27.8,178838.0,-0.7,70.72,76.21,59.74
2025-06-13,ARM,sell,135.55,138.758,132.4873,119.0901,57.61,20.62,4310962.0,0.35,71.62,70.86,73.14
2025-06-13,STRF,sell,103.5,104.675,102.4252,95.7655,57.59,32.7,361431.0,-0.27,55.48,61.54,43.36
2025-06-13,ODD,sell,72.275,71.787,71.497,59.2525,57.56,32.57,1948020.0,1.07,50.25,61.7,27.35
2025-06-13,MDB,sell,205.63,211.43,198.671,180.8486,57.56,26.41,2184218.0,-0.61,52.37,59.1,38.91
2025-06-13,LINC,sell,22.46,21.93,22.3735,19.6348,57.49,38.92,251417.0,0.03,42.76,45.44,37.4
2025-06-13,CSIQ,sell,11.04,11.062,10.668,9.4938,57.48,38.58,875990.0,0.02,67.19,67.71,66.15
2025-06-13,ANGO,sell,10.66,10.942,10.272,9.707,57.48,28.74,658915.0,-0.34,58.86,66.4,43.78
2025-06-13,NTRS,sell,107.75,108.78,107.412,99.2495,57.47,33.87,1618342.0,0.39,64.01,68.38,55.27
2025-06-13,WBD,sell,10.03,10.048,9.6715,8.9738,57.33,34.08,75339091.0,1.02,56.09,60.89,46.49
2025-06-13,IBRX,sell,3.07,3.256,2.8645,2.6516,57.3,29.78,15332332.0,0.33,59.89,65.89,47.89
2025-06-13,NEXT,sell,8.32,8.372,7.951,7.5864,57.26,23.68,2012746.0,0.1,77.92,79.19,75.38
2025-06-13,HUT,sell,17.48,18.288,16.946,14.475,57.24,29.72,4761162.0,-0.38,69.54,70.28,68.06
2025-06-13,BASE,sell,19.05,19.41,18.768,17.3228,57.23,17.79,684767.0,-0.29,74.0,75.18,71.64
2025-06-13,PANW,sell,196.27,196.122,192.639,183.0586,57.22,11.02,3394823.0,-0.13,76.92,78.34,74.08
2025-06-13,TRI,sell,195.2,194.36,195.1082,186.1593,57.19,18.79,652751.0,0.12,52.3,52.69,51.52
2025-06-13,NYMT,sell,6.85,6.898,6.7205,6.2814,57.19,18.75,521553.0,-0.11,71.33,64.19,85.61
2025-06-13,RMBS,sell,58.1,59.74,56.4345,52.0428,57.03,22.2,833087.0,-0.09,72.43,76.77,63.75
2025-06-13,NUVL,sell,78.24,77.72,75.6425,72.5632,57.01,21.35,489657.0,0.12,79.33,79.09,79.81
2025-06-13,ZYME,sell,12.67,12.834,12.0485,11.7927,56.79,18.31,540054.0,0.73,76.72,74.26,81.64
2025-06-13,NRIX,sell,11.93,12.37,11.1645,10.6255,56.69,28.42,725345.0,-0.42,76.32,81.7,65.56
2025-06-13,LAND,sell,10.12,10.152,9.8448,9.7235,56.66,14.92,259278.0,0.07,78.52,77.3,80.96
2025-06-13,NXPI,sell,210.9,215.502,205.151,191.5545,56.64,21.28,2217671.0,-0.13,77.89,76.55,80.57
2025-06-13,QRVO,sell,79.42,81.582,78.4675,70.2956,56.56,27.72,1515908.0,-0.3,73.87,77.99,65.63
2025-06-13,QCOM,sell,154.72,157.488,151.1355,145.2692,56.56,14.99,8530025.0,0.37,73.47,71.46,77.49
2025-06-13,RIOT,sell,9.72,10.21,9.2025,8.2111,56.55,34.5,41098220.0,-0.06,75.56,77.13,72.42
2025-06-13,HQY,sell,104.76,106.338,103.7338,93.4623,56.54,35.29,1020768.0,-0.48,45.18,58.0,19.54
2025-06-13,MKTX,sell,225.25,224.97,220.0382,219.6259,56.5,12.46,392790.0,-0.34,82.0,75.57,94.86
2025-06-13,REPL,sell,9.78,9.951,9.2392,8.5871,56.45,27.41,891420.0,-0.41,70.33,75.16,60.67
2025-06-13,MRUS,sell,54.61,55.282,52.3145,46.0114,56.4,33.72,1097962.0,-0.52,53.45,63.89,32.57
2025-06-13,CEG,sell,296.89,296.028,298.753,256.8725,56.35,36.59,2546285.0,-0.51,22.96,29.34,10.2
2025-06-13,FUTU,sell,111.5,111.366,108.735,98.5699,56.33,22.76,1763544.0,-0.2,60.65,53.3,75.35
2025-06-13,IMNM,sell,9.2,9.464,8.8675,8.1215,56.32,23.14,779430.0,-0.09,76.84,81.82,66.88
2025-06-13,TYRA,sell,10.43,10.382,9.8295,9.5124,56.31,18.42,473754.0,0.01,52.24,53.61,49.5
2025-06-13,ASND,sell,170.8,171.788,166.795,161.0268,56.29,15.44,343464.0,-0.43,68.96,73.01,60.86
2025-06-13,ACLX,sell,66.0,66.43,64.0195,61.823,56.27,23.99,468237.0,-0.13,67.47,69.08,64.25
2025-06-13,RWAY,sell,10.02,10.122,9.88,9.4945,56.25,18.6,221974.0,-0.41,81.86,78.86,87.86
2025-06-13,OLED,sell,153.52,158.066,150.5615,137.1883,56.24,26.98,547145.0,0.09,74.43,75.54,72.21
2025-06-13,AMRX,sell,7.75,7.782,7.452,7.4162,56.21,20.03,1630721.0,-0.11,75.56,71.22,84.24
2025-06-13,Z,sell,70.37,71.01,68.5865,66.9134,56.21,15.97,1541927.0,-0.11,76.82,78.69,73.08
2025-06-13,OSIS,sell,229.54,232.91,226.7035,212.5912,56.2,18.95,212203.0,0.17,73.72,71.27,78.62
2025-06-13,CVLT,sell,184.62,187.43,182.0585,169.7478,56.19,21.8,417673.0,-0.25,73.31,78.68,62.57
2025-06-13,SNRE,sell,53.29,52.792,51.881,51.9596,56.19,12.28,208496.0,-0.18,74.6,69.38,85.04
2025-06-13,PAHC,sell,23.93,24.28,24.1005,21.2166,56.18,18.94,168441.0,-0.21,59.94,63.57,52.68
2025-06-13,GDRX,sell,4.37,4.406,4.034,4.2583,56.16,25.75,1882772.0,0.49,74.43,69.97,83.35
2025-06-13,ASML,sell,761.0,777.294,753.3648,706.0199,56.16,22.09,1517932.0,0.29,70.99,72.84,67.29
2025-06-13,CYBR,sell,386.69,393.682,382.128,358.9812,56.11,24.36,517979.0,-0.34,64.91,76.37,41.99
2025-06-13,NRDS,sell,10.96,10.982,10.8545,9.883,56.09,24.56,463726.0,0.13,59.82,59.36,60.74
2025-06-13,GHRS,sell,12.76,13.184,12.242,10.7312,56.03,24.24,249208.0,0.41,67.38,72.25,57.64
2025-06-13,ABNB,sell,135.54,137.996,133.3995,125.6438,56.02,17.77,4139864.0,-0.32,66.2,67.42,63.76
2025-06-13,TCBI,sell,75.36,76.908,74.0295,70.4643,55.99,22.35,540953.0,0.23,60.66,60.86,60.26
2025-06-13,TMC,sell,4.34,4.418,4.34,3.3716,55.98,46.49,7094407.0,0.33,42.95,44.55,39.75
2025-06-13,MRVL,sell,67.19,68.61,64.4705,59.9772,55.98,20.24,14841649.0,-0.33,76.15,75.09,78.27
2025-06-13,CG,sell,46.19,46.948,45.9625,41.8858,55.96,15.0,2028429.0,0.32,72.9,71.24,76.22
2025-06-13,PATK,sell,89.92,91.134,88.2095,83.856,55.87,17.77,286399.0,-0.24,81.5,79.48,85.54
2025-06-13,ROIV,sell,11.32,11.304,11.0818,10.7657,55.86,18.26,5017303.0,-0.12,76.32,71.39,86.18
2025-06-13,NAMS,sell,20.21,20.748,19.106,18.1956,55.84,30.81,1081057.0,0.11,72.14,73.42,69.58
2025-06-13,CVGW,sell,27.66,25.956,26.544,26.0386,55.84,20.09,1290807.0,3.49,70.54,63.67,84.28
2025-06-13,ARCB,sell,68.1,69.17,65.229,63.4792,55.84,13.67,356612.0,0.34,72.37,66.91,83.29
2025-06-13,STKL,sell,5.96,5.858,5.995,5.1412,55.83,32.02,945915.0,-0.35,39.61,32.48,53.87
2025-06-13,URBN,sell,68.01,69.07,69.1883,58.4066,55.74,33.74,1704454.0,-0.15,29.82,47.1,-4.74
2025-06-13,EXPI,sell,8.92,9.124,8.42,8.6133,55.68,28.44,1020782.0,0.05,81.63,79.05,86.79
2025-06-13,SVC,sell,2.35,2.418,2.3005,2.0883,55.66,24.09,1017853.0,0.09,71.17,77.72,58.07
2025-06-13,EQIX,sell,892.64,899.516,888.572,849.1643,55.62,22.24,463941.0,-0.01,58.87,69.44,37.73
2025-06-13,RGLD,sell,182.29,177.262,178.7805,177.1522,55.6,18.37,721694.0,0.41,44.72,44.12,45.92
2025-06-13,ESTA,sell,37.44,38.092,36.81,33.8775,55.58,21.8,447559.0,0.28,66.1,68.05,62.2
2025-06-13,GRAL,sell,41.31,41.856,40.0,34.642,55.56,18.66,1309125.0,-0.19,66.26,62.56,73.66
2025-06-13,TCPC,sell,7.77,7.842,7.79,7.2852,55.52,13.6,614687.0,0.47,54.9,69.19,26.32
2025-06-13,ROAD,sell,103.67,104.144,104.103,91.6984,55.5,29.41,536209.0,0.04,47.79,55.96,31.45
2025-06-13,PTC,sell,169.34,170.494,169.7735,159.7588,55.5,19.04,852667.0,0.36,69.14,63.76,79.9
2025-06-13,FCFS,sell,130.14,131.014,127.7948,127.3893,55.49,21.01,289279.0,0.28,68.48,61.49,82.46
2025-06-13,ZG,sell,69.08,69.914,67.6045,65.8546,55.46,17.92,366143.0,0.01,75.29,78.17,69.53
2025-06-13,IAS,sell,8.15,8.176,8.0922,7.5151,55.41,28.53,1067798.0,-0.1,60.04,59.43,61.26
2025-06-13,CSCO,sell,64.09,64.886,64.076,60.2628,55.4,30.19,16228472.0,-0.03,60.21,67.77,45.09
2025-06-13,SCHL,sell,18.65,19.0,17.956,17.7402,55.4,17.62,279596.0,0.19,72.55,69.95,77.75
2025-06-13,POWI,sell,55.13,57.084,53.0765,50.5078,55.39,19.08,367398.0,-0.53,75.89,74.26,79.15
2025-06-13,VRSN,sell,279.9,279.982,277.8825,268.9982,55.39,18.66,646163.0,-0.08,73.07,69.14,80.93
2025-06-13,SANM,sell,86.33,87.548,85.596,80.7668,55.27,14.98,399192.0,-0.18,75.66,81.96,63.06
2025-06-13,ANDE,sell,36.47,35.642,35.1712,36.3186,55.22,24.05,286011.0,0.23,75.47,68.93,88.55
2025-06-13,VTRS,sell,8.92,8.968,8.728,8.3562,55.22,13.97,11602219.0,-0.29,77.81,74.28,84.87
2025-06-13,RYAAY,sell,55.22,56.882,55.6965,50.1475,55.21,49.13,1291520.0,0.12,55.29,72.44,20.99
2025-06-13,MKSI,sell,89.37,92.506,87.886,78.408,55.21,22.87,1042840.0,0.35,73.92,73.98,73.8
2025-06-13,FWONK,sell,96.72,97.322,97.0705,91.043,55.19,35.38,756356.0,-0.01,46.79,54.51,31.35
2025-06-13,PEGA,sell,98.84,101.01,99.523,88.9926,55.12,33.85,625928.0,-0.29,63.2,64.45,60.7
2025-06-13,BJRI,sell,43.24,43.692,43.7688,38.5095,55.1,32.89,440709.0,-0.14,51.15,62.15,29.15
2025-06-13,SRAD,sell,24.33,24.514,24.0165,23.3013,55.08,15.23,1661748.0,-0.07,67.32,67.17,67.62
2025-06-13,CRSR,sell,9.05,9.462,8.9568,7.7859,55.05,18.98,605803.0,0.05,73.5,82.56,55.38
2025-06-13,INTR,sell,7.06,7.016,7.0315,6.5282,55.04,20.44,1727293.0,0.09,50.74,47.18,57.86
2025-06-13,RZLT,sell,4.2,4.33,4.123,3.6376,55.03,34.27,685590.0,-0.2,65.15,70.95,53.55
2025-06-13,CLNE,sell,1.89,1.888,1.864,1.6666,55.03,25.78,2290811.0,-0.18,58.64,52.96,70.0
2025-06-13,SOFI,sell,14.09,14.508,13.721,12.6812,54.98,21.09,70989423.0,0.2,73.71,73.85,73.43
2025-06-13,CWST,sell,117.77,117.396,116.4155,115.4777,54.93,17.16,364083.0,-0.01,77.53,72.69,87.21
2025-06-13,MLTX,sell,44.21,45.018,42.468,39.9652,54.87,24.14,542860.0,-0.68,48.44,56.07,33.18
2025-06-13,FOXF,sell,26.05,27.156,25.8155,23.0596,54.8,30.02,500096.0,-0.24,71.09,78.71,55.85
2025-06-13,MNST,sell,63.06,63.076,63.3225,60.8334,54.79,17.59,5221617.0,0.07,41.06,45.71,31.76
2025-06-13,PENG,sell,19.28,19.916,18.8545,17.7382,54.79,17.41,706831.0,0.24,75.21,77.1,71.43
2025-06-13,POWL,sell,187.85,189.996,180.5835,179.0381,54.79,11.94,214248.0,-0.21,80.04,74.54,91.04
2025-06-13,ADV,sell,1.44,1.506,1.2975,1.2835,54.78,26.41,941870.0,0.58,66.37,67.16,64.79
2025-06-13,CYRX,sell,6.67,6.844,6.3795,6.0504,54.78,14.67,472060.0,-0.11,76.99,71.69,87.59
2025-06-13,ACMR,sell,24.37,25.269,23.7368,21.8317,54.76,19.28,871116.0,-0.13,67.71,69.57,63.99
2025-06-13,CRCT,sell,6.27,6.452,6.2492,5.547,54.72,37.48,326834.0,-0.34,74.93,77.98,68.83
2025-06-13,EXLS,sell,47.25,47.636,46.669,45.7812,54.72,13.39,1217918.0,0.03,80.62,80.22,81.42
2025-06-13,AMD,sell,116.16,120.154,115.6425,103.8951,54.71,27.03,42762423.0,0.31,66.86,73.33,53.92
2025-06-13,KNSA,sell,28.3,29.27,27.9475,25.0302,54.69,33.05,808033.0,-0.14,63.95,76.56,38.73
2025-06-13,LFUS,sell,216.15,223.422,214.417,192.2046,54.69,32.89,167179.0,-0.16,74.64,76.45,71.02
2025-06-13,HSAI,sell,20.07,20.214,20.0538,17.1607,54.68,29.41,2919617.0,0.32,46.69,45.87,48.33
2025-06-13,HON,sell,224.29,225.91,225.404,212.7354,54.65,26.21,2363042.0,-0.07,50.47,62.94,25.53
2025-06-13,FLNC,sell,5.01,4.906,4.8888,4.5352,54.65,16.89,2522946.0,-0.19,61.79,47.72,89.93
2025-06-13,TSCO,sell,51.54,51.316,50.447,50.7252,54.65,14.66,4525196.0,-0.42,81.43,68.89,106.51
2025-06-13,ROOT,sell,146.69,152.288,138.7255,136.3579,54.59,17.95,414112.0,-0.15,76.35,77.14,74.77
2025-06-13,NTCT,sell,23.25,23.654,23.3465,21.8524,54.55,23.03,464609.0,0.16,65.02,69.58,55.9
2025-06-13,FA,sell,17.77,18.338,17.823,16.0694,54.53,31.0,864597.0,-0.03,66.67,72.35,55.31
2025-06-13,CFFN,sell,5.84,5.914,5.7748,5.6067,54.53,15.62,1120319.0,0.34,77.71,74.39,84.35
2025-06-13,KLIC,sell,33.96,34.566,33.2168,32.0585,54.5,16.12,940567.0,0.34,67.06,68.37,64.44
2025-06-13,ENVX,sell,8.22,8.552,8.103,7.1351,54.45,26.18,4092913.0,0.2,67.39,71.25,59.67
2025-06-13,TRMB,sell,71.08,72.228,71.655,65.953,54.42,21.6,895571.0,-0.31,64.63,75.29,43.31
2025-06-13,NN,sell,12.87,12.525,12.5382,12.452,54.38,12.23,938656.0,-0.38,63.49,50.59,89.29
2025-06-13,AVDL,sell,9.57,9.82,9.391,8.7285,54.3,27.66,1710897.0,0.56,53.55,63.95,32.75
2025-06-13,IESC,sell,261.89,270.386,262.187,228.8994,54.3,22.89,184248.0,-0.07,64.75,72.51,49.23
2025-06-13,AIP,sell,7.94,8.246,7.74,7.0544,54.29,27.34,348419.0,0.81,67.16,72.65,56.18
2025-06-13,RARE,sell,37.49,37.768,36.3142,35.9265,54.28,13.78,1386205.0,0.37,75.22,76.74,72.18
2025-06-13,AZ,sell,9.13,9.21,9.1552,8.2912,54.25,24.3,129915.0,-0.22,55.71,53.14,60.85
2025-06-13,BNTX,sell,106.57,106.562,103.6302,100.481,54.25,18.81,938773.0,-0.61,45.37,49.96,36.19
2025-06-13,QLYS,sell,138.78,140.592,138.717,130.9775,54.25,11.23,267650.0,-0.08,66.56,74.3,51.08
2025-06-13,ICFI,sell,87.08,86.194,85.712,84.767,54.21,14.66,193388.0,0.27,69.23,55.95,95.79
2025-06-13,HDSN,sell,7.28,7.344,7.3028,6.6783,54.19,25.64,341077.0,0.15,67.38,56.43,89.28
2025-06-13,WERN,sell,27.6,27.672,26.873,27.1752,54.12,15.13,903891.0,-0.06,71.37,66.48,81.15
2025-06-13,CFLT,sell,23.65,24.128,23.097,22.1883,54.1,13.86,3999953.0,-0.27,69.08,75.45,56.34
2025-06-13,ACT,sell,35.64,34.97,35.34,35.3022,54.07,10.93,405522.0,-0.0,39.25,27.08,63.59
2025-06-13,EXTR,sell,16.08,16.628,16.2255,14.2758,54.05,30.47,850635.0,-0.15,67.55,77.93,46.79
2025-06-13,CIFR,sell,3.72,3.968,3.649,3.1154,54.03,20.48,23127944.0,-0.09,69.78,72.15,65.04
2025-06-13,OPRA,sell,18.43,18.88,18.3525,16.9292,54.02,17.73,358800.0,-0.06,66.14,71.68,55.06
2025-06-13,MITK,sell,9.72,10.076,9.719,8.853,54.01,45.08,377205.0,-0.16,66.59,72.18,55.41
2025-06-13,SCSC,sell,40.435,41.487,40.7855,36.6653,53.98,29.01,160229.0,-0.11,66.29,76.22,46.43
2025-06-13,WVE,sell,6.95,7.124,6.5335,6.5273,53.93,18.03,917948.0,-0.22,77.66,77.7,77.58
2025-06-13,CDNA,sell,18.59,19.414,18.1,17.4771,53.9,19.97,895226.0,-0.22,72.29,79.11,58.65
2025-06-13,ETSY,sell,55.99,60.238,55.087,49.065,53.88,38.78,7866007.0,0.06,68.91,80.56,45.61
2025-06-13,SMTC,sell,39.14,41.296,38.912,34.0938,53.88,19.03,2238347.0,0.22,73.17,73.6,72.31
2025-06-13,STLD,sell,133.48,132.56,131.665,127.3559,53.87,12.89,1277753.0,-0.27,53.07,52.25,54.71
2025-06-13,ERAS,sell,1.48,1.554,1.3908,1.3377,53.86,19.12,1210630.0,-0.35,73.58,76.31,68.12
2025-06-13,GILD,sell,109.98,110.884,109.146,105.8268,53.86,12.48,7322420.0,-0.17,66.72,73.64,52.88
2025-06-13,IMCR,sell,34.68,35.574,34.5545,30.9984,53.83,20.67,659424.0,0.31,60.9,70.7,41.3
2025-06-13,NFBK,sell,11.81,12.046,11.7925,11.0052,53.83,16.03,169572.0,0.05,77.99,79.25,75.47
2025-06-13,BPOP,sell,103.81,105.408,104.36,97.3648,53.74,19.43,539309.0,-0.1,62.01,71.5,43.03
2025-06-13,PRDO,sell,31.85,31.992,32.3125,29.2208,53.7,40.76,672050.0,0.09,38.62,50.61,14.64
2025-06-13,AUPH,sell,8.18,8.158,8.1115,7.9874,53.7,10.49,905598.0,-0.09,55.9,49.01,69.68
2025-06-13,ROKU,sell,74.41,78.228,73.853,67.0942,53.64,27.49,3218060.0,-0.13,67.74,79.01,45.2
2025-06-13,PRCT,sell,60.63,62.2,59.8838,56.0455,53.58,15.85,692334.0,-0.36,59.5,67.48,43.54
2025-06-13,DGII,sell,33.05,34.26,33.272,30.0299,53.57,23.96,165841.0,0.22,67.14,77.48,46.46
2025-06-13,ASPI,sell,8.07,8.712,8.135,6.6074,53.54,33.61,4389710.0,-0.02,53.17,64.36,30.79
2025-06-13,SWKS,sell,71.25,72.84,71.4032,65.5602,53.51,15.42,3287961.0,-0.08,60.5,65.14,51.22
2025-06-13,GEHC,sell,72.25,72.87,71.5225,68.6132,53.41,15.38,3242361.0,0.53,72.96,70.84,77.2
2025-06-13,ADUS,sell,112.8,114.816,112.8635,107.1298,53.31,33.51,178305.0,0.44,53.78,61.95,37.44
2025-06-13,ASO,sell,43.55,44.728,43.003,40.523,53.28,18.75,2645562.0,0.95,57.35,56.53,58.99
2025-06-13,LILAK,sell,5.36,5.372,5.1875,5.2582,53.25,13.82,959809.0,0.18,75.98,71.3,85.34
2025-06-13,RIGL,sell,20.52,21.284,20.3387,18.9818,53.22,33.69,153925.0,-0.21,67.1,72.73,55.84
2025-06-13,GOOD,sell,14.48,14.674,14.3385,14.12,53.17,21.94,318616.0,0.19,71.93,80.55,54.69
2025-06-13,OTEX,sell,28.26,28.598,28.2955,26.9772,53.16,30.98,1288810.0,-0.61,67.78,69.22,64.9
2025-06-13,PRGS,sell,62.62,63.578,62.6365,60.3788,53.16,19.49,354265.0,0.13,69.67,78.71,51.59
2025-06-13,INDB,sell,63.45,64.85,62.9272,60.3998,53.16,17.48,250040.0,-0.07,66.12,68.41,61.54
2025-06-13,WULF,sell,4.02,4.348,4.0095,3.3168,53.15,24.01,41096590.0,-0.22,66.15,71.56,55.33
2025-06-13,ODP,sell,17.29,18.034,17.2585,15.4055,53.12,37.5,466070.0,0.04,69.48,71.55,65.34
2025-06-13,BIIB,sell,130.65,133.132,130.348,123.8764,53.1,21.46,1151640.0,-0.24,64.36,74.14,44.8
2025-06-13,RVMD,sell,40.59,41.01,39.9195,38.5087,53.1,17.19,1146786.0,-0.35,75.18,75.32,74.9
2025-06-13,LILA,sell,5.26,5.26,5.0805,5.2048,53.09,15.93,312977.0,0.01,75.04,69.15,86.82
2025-06-13,STNE,sell,13.76,13.834,13.6165,13.0814,53.04,21.63,7053778.0,-0.09,57.72,57.97,57.22
2025-06-13,NNE,sell,30.5,31.744,30.2655,25.979,53.01,34.51,3785929.0,0.08,44.77,48.62,37.07
2025-06-13,DKNG,sell,36.5,37.224,35.813,34.891,53.01,13.24,8822059.0,-0.31,77.57,69.7,93.31
2025-06-13,CGEM,sell,8.61,8.866,8.4298,8.0718,52.96,19.47,276748.0,-0.22,70.33,76.32,58.35
2025-06-13,CMPS,sell,4.39,4.586,4.4185,3.8617,52.9,33.34,2136844.0,0.58,51.77,57.65,40.01
2025-06-13,RBBN,sell,3.74,3.908,3.666,3.5247,52.9,24.39,766197.0,-0.08,54.33,54.57,53.85
2025-06-13,UPST,sell,52.02,55.916,50.018,46.863,52.84,18.5,5941340.0,0.27,65.0,72.84,49.32
2025-06-13,DOX,sell,91.95,93.05,91.966,88.8258,52.81,30.15,705157.0,0.44,66.4,71.1,57.0
2025-06-13,MESO,sell,11.78,12.074,11.3575,11.2181,52.78,19.49,240766.0,0.56,62.19,63.24,60.09
2025-06-13,TPG,sell,49.82,50.65,49.206,47.28,52.78,11.11,1857301.0,0.2,76.0,71.79,84.42
2025-06-13,XPEL,sell,36.22,37.243,36.601,32.4796,52.74,32.01,107418.0,-0.26,62.74,65.95,56.32
2025-06-13,LAUR,sell,22.12,21.938,22.257,21.2068,52.72,25.27,659743.0,0.23,46.55,47.03,45.59
2025-06-13,SRRK,sell,32.45,33.454,31.444,30.8134,52.69,17.63,732853.0,-0.48,65.45,67.52,61.31
2025-06-13,TECH,sell,50.52,50.974,49.059,49.824,52.65,15.39,2507533.0,0.32,72.14,71.41,73.6
2025-06-13,ATAI,sell,2.11,2.21,2.1965,1.7235,52.62,42.9,2041102.0,-0.48,37.67,55.88,1.25
2025-06-13,KSPI,sell,86.03,86.832,83.61,85.3082,52.57,15.93,274536.0,0.54,81.0,76.34,90.32
2025-06-13,RLAY,sell,3.22,3.372,3.1223,2.9337,52.55,20.96,1420568.0,-0.02,67.72,73.84,55.48
2025-06-13,CALM,sell,96.38,95.504,95.992,94.6938,52.55,9.93,651322.0,0.07,51.53,50.11,54.37
2025-06-13,NTAP,sell,100.49,102.326,101.3775,93.118,52.52,22.07,2482964.0,-0.12,63.85,71.73,48.09
2025-06-13,ALLT,sell,8.14,8.494,8.389,6.9636,52.49,36.74,306125.0,-0.04,51.65,69.12,16.71
2025-06-13,ALAB,sell,89.73,92.484,93.2418,76.9856,52.49,22.56,3211150.0,-0.05,38.45,44.84,25.67
2025-06-13,QURE,sell,15.34,16.158,15.4398,13.3935,52.47,22.66,929088.0,-0.38,58.55,68.2,39.25
2025-06-13,CMCSA,sell,35.01,35.136,34.859,34.4406,52.47,12.03,17346407.0,-0.13,64.11,57.77,76.79
2025-06-13,AMPH,sell,25.82,26.37,25.515,24.7808,52.43,17.45,515363.0,0.03,63.62,73.62,43.62
2025-06-13,FLYW,sell,10.7,10.604,10.765,10.0102,52.42,17.72,2637904.0,0.02,45.4,35.06,66.08
2025-06-13,VIRT,sell,41.12,40.854,41.0435,39.8225,52.42,10.45,715118.0,-0.25,54.0,49.11,63.78
2025-06-13,FFIV,sell,286.61,291.91,288.2825,273.3878,52.41,15.64,254112.0,-0.34,68.91,79.05,48.63
2025-06-13,BTBT,sell,2.49,2.624,2.517,2.1897,52.37,24.63,12948747.0,-0.16,68.95,76.85,53.15
2025-06-13,TTWO,sell,230.23,233.568,230.0475,222.9014,52.37,9.6,1550466.0,-0.22,70.19,68.65,73.27
2025-06-13,EWTX,sell,15.29,15.434,14.7838,14.3573,52.28,12.05,1069342.0,0.02,68.82,69.57,67.32
2025-06-13,GCT,sell,17.81,18.522,18.3622,15.4921,52.27,39.36,482007.0,0.09,50.37,61.06,28.99
2025-06-13,XNCR,sell,9.19,9.486,8.5548,9.0602,52.24,22.56,543934.0,-0.38,73.25,74.88,69.99
2025-06-13,SMCI,sell,41.56,42.832,42.3235,37.3351,52.24,15.34,28815031.0,-0.13,59.15,58.88,59.69
2025-06-13,OLLI,sell,114.48,113.938,114.447,111.9736,52.2,9.5,1180995.0,-0.41,57.58,57.41,57.92
2025-06-13,CTAS,sell,221.98,222.818,224.2125,214.3698,52.18,21.66,1498937.0,0.22,39.82,54.49,10.48
2025-06-13,VRRM,sell,23.94,24.256,24.039,23.0218,52.17,26.84,783027.0,-0.02,60.89,62.63,57.41
2025-06-13,IMVT,sell,15.66,16.156,15.274,14.9553,52.17,21.66,1550839.0,0.13,68.07,74.85,54.51
2025-06-13,GERN,sell,1.51,1.566,1.4895,1.3968,52.16,32.02,8532563.0,-0.3,60.21,71.54,37.55
2025-06-13,MTSR,sell,29.38,32.502,29.3312,24.2365,52.16,27.32,1660429.0,2.1,54.26,60.58,41.62
2025-06-13,COMM,sell,5.81,6.12,5.952,4.8764,52.14,23.57,3775066.0,-0.25,68.77,75.22,55.87
2025-06-13,LOGI,sell,85.0,86.682,85.3608,79.7594,52.14,19.35,516390.0,0.05,57.54,58.13,56.36
2025-06-13,CAMT,sell,70.33,73.956,69.0788,65.4363,52.14,17.53,315106.0,-0.09,68.79,75.62,55.13
2025-06-13,APPS,sell,4.68,5.042,4.7558,3.8295,52.12,36.64,3828970.0,-0.31,53.32,61.59,36.78
2025-06-13,LPLA,sell,374.08,378.032,381.26,346.7685,52.12,18.27,466432.0,0.01,43.73,55.95,19.29
2025-06-13,PDFS,sell,19.38,19.928,19.0345,18.604,52.09,13.42,189020.0,-0.06,73.92,71.02,79.72
2025-06-13,IDCC,sell,218.51,222.378,218.7175,208.9202,52.08,18.08,241640.0,-0.0,61.05,70.49,42.17
2025-06-13,LIN,sell,465.98,470.556,465.969,454.8064,52.07,14.83,1839547.0,-0.04,64.98,77.85,39.24
2025-06-13,AVPT,sell,18.59,18.944,18.815,17.1348,52.06,21.94,1192662.0,-0.2,47.32,57.18,27.6
2025-06-13,TER,sell,83.08,86.256,82.1445,78.0322,52.05,15.98,2830584.0,0.13,69.37,74.82,58.47
2025-06-13,HUMA,sell,2.37,2.51,2.52,1.8738,52.04,42.83,3743801.0,-0.23,35.85,53.72,0.11
2025-06-13,KURA,sell,6.44,6.712,6.271,6.1503,52.04,21.49,1193919.0,-0.12,72.12,76.44,63.48
2025-06-13,VFS,sell,3.52,3.54,3.5005,3.3737,52.03,21.84,783104.0,0.83,55.3,50.74,64.42
2025-06-13,TSLA,sell,325.31,321.104,333.997,297.0884,52.01,25.66,129773693.0,-0.12,49.4,45.58,57.04
2025-06-13,KRNY,sell,6.24,6.282,6.14,6.1428,52.01,15.91,345007.0,-0.21,74.59,63.0,97.77
2025-06-13,RNW,sell,6.79,6.868,6.8485,6.505,51.99,27.59,803658.0,0.02,48.55,56.9,31.85
2025-06-13,DNLI,sell,14.55,14.914,14.079,14.0992,51.99,19.02,1614964.0,-0.24,70.27,70.15,70.51
2025-06-13,VOD,sell,9.98,9.906,10.156,9.5704,51.95,16.91,13389705.0,-0.23,24.77,33.46,7.39
2025-06-13,EA,sell,148.48,148.058,147.8345,146.5958,51.95,11.75,2530640.0,-0.13,71.45,63.07,88.21
2025-06-13,MANH,sell,189.31,191.69,190.041,179.4696,51.94,15.03,696665.0,-0.26,68.21,69.53,65.57
2025-06-13,OS,sell,27.51,28.226,28.4367,24.4493,51.9,26.26,1227297.0,-0.07,34.7,50.17,3.76
2025-06-13,EVER,sell,24.66,25.678,24.164,23.4848,51.88,16.41,343021.0,-0.06,72.41,78.08,61.07
2025-06-13,MATW,sell,21.85,22.592,21.714,20.7824,51.86,16.26,167267.0,-0.28,68.34,77.58,49.86
2025-06-13,TBLA,sell,3.48,3.556,3.5425,3.197,51.81,25.54,1546874.0,0.13,39.59,56.04,6.69
2025-06-13,MDLZ,sell,66.93,67.188,66.596,66.5508,51.8,9.46,5707631.0,-0.01,66.2,68.01,62.58
2025-06-13,FLGT,sell,20.69,21.399,20.9175,19.4992,51.73,28.7,213208.0,-0.25,60.32,70.28,40.4
2025-06-13,LAMR,sell,119.26,120.95,119.418,115.1824,51.7,14.06,333560.0,-0.19,73.33,81.66,56.67
2025-06-13,IBKR,sell,202.16,204.274,207.5285,186.3162,51.69,16.73,1170641.0,-0.09,44.23,51.84,29.01
2025-06-13,APLS,sell,18.83,19.266,18.274,18.4546,51.68,22.0,1875491.0,-0.31,75.44,76.14,74.04
2025-06-13,PSMT,sell,105.45,107.452,106.615,100.7012,51.65,29.44,166743.0,0.02,56.72,70.06,30.04
2025-06-13,SYM,sell,27.97,28.65,28.9028,24.6895,51.65,27.43,1309579.0,0.66,32.26,46.52,3.74
2025-06-13,PINC,sell,22.57,22.712,22.9612,21.5352,51.63,30.03,1318283.0,-0.04,28.37,38.33,8.45
2025-06-13,BMRC,sell,21.86,22.626,21.632,21.098,51.55,30.51,134785.0,-0.06,65.45,72.83,50.69
2025-06-13,NMRK,sell,11.38,11.63,11.184,11.039,51.55,15.82,845580.0,-0.08,77.94,76.93,79.96
2025-06-13,KALV,sell,12.96,13.696,12.6882,12.3312,51.48,25.93,682570.0,0.01,63.1,71.68,45.94
2025-06-13,MSTR,sell,382.87,386.608,384.602,363.2378,51.48,13.76,8722539.0,-0.11,52.78,42.65,73.04
2025-06-13,NSSC,sell,27.6,28.404,28.299,25.2446,51.46,37.58,297398.0,-0.21,48.03,63.45,17.19
2025-06-13,APEI,sell,27.63,27.056,28.4118,25.989,51.45,16.53,266436.0,-0.33,33.04,34.24,30.64
2025-06-13,ANSS,sell,338.01,343.24,340.054,325.2208,51.44,15.15,533360.0,-0.33,72.13,70.91,74.57
2025-06-13,ABVX,sell,6.98,7.418,6.7108,6.5069,51.4,28.37,218364.0,-0.34,57.18,64.45,42.64
2025-06-13,TITN,sell,19.32,19.65,19.674,18.1572,51.27,29.38,222959.0,0.03,38.6,29.18,57.44
2025-06-13,MAT,sell,18.8,19.14,19.1805,17.4242,51.22,22.86,1930183.0,-0.23,56.0,52.42,63.16
2025-06-13,RGTIW,sell,4.22,4.28,4.4078,3.6451,51.16,25.7,754008.0,1.27,29.03,27.75,31.59
2025-06-13,RRR,sell,47.73,48.672,48.25,44.7304,51.12,33.69,586853.0,-0.03,50.25,68.02,14.71
2025-06-13,CAPR,sell,11.78,13.226,11.57,10.6538,51.12,24.28,2158719.0,-0.05,65.8,75.21,46.98
2025-06-13,CNXC,sell,55.32,56.448,56.1688,52.6,51.03,21.62,510114.0,-0.2,58.12,59.98,54.4
2025-06-13,COHU,sell,17.86,18.819,17.9405,16.5248,51.01,22.28,369073.0,-0.38,63.94,73.28,45.26
2025-06-13,LENZ,sell,29.0,29.576,29.182,26.7572,51.01,8.94,459063.0,1.21,38.32,52.76,9.44
2025-06-13,RDVT,sell,46.19,45.892,47.8475,42.8482,50.93,19.47,122506.0,0.11,37.0,32.99,45.02
2025-06-13,PLUS,sell,68.94,71.28,69.657,64.6484,50.9,31.27,131049.0,-0.17,62.48,77.17,33.1
2025-06-13,WDFC,sell,241.51,243.088,243.423,234.8962,50.88,22.09,247247.0,-0.37,58.5,60.3,54.9
2025-06-13,BUSE,sell,22.3,22.75,22.3583,21.4217,50.87,21.71,641889.0,0.12,61.01,68.7,45.63
2025-06-13,VECO,sell,20.43,21.322,20.266,19.5561,50.87,20.81,614699.0,0.08,68.08,71.04,62.16
2025-06-13,LIND,sell,10.6,11.158,10.72,9.6697,50.86,35.1,296673.0,0.35,61.32,73.44,37.08
2025-06-13,GRRR,sell,19.31,20.928,18.6585,18.0572,50.86,24.32,1297646.0,-0.36,60.3,69.21,42.48
2025-06-13,RXRX,sell,4.92,5.262,4.6697,4.8697,50.85,21.51,38841450.0,0.11,58.08,64.11,46.02
2025-06-13,SERV,sell,10.91,12.048,11.671,8.483,50.84,49.28,6301691.0,-0.07,33.96,49.99,1.9
2025-06-13,VCEL,sell,42.67,43.77,42.4738,41.4416,50.78,19.65,332138.0,-0.33,63.41,69.02,52.19
2025-06-13,BCRX,sell,10.37,10.7,10.6725,9.2966,50.75,41.57,3066193.0,-0.22,41.37,59.42,5.27
2025-06-13,ARCT,sell,12.38,12.58,12.4135,11.6622,50.75,21.8,421560.0,-0.26,48.91,51.92,42.89
2025-06-13,NTLA,sell,8.31,8.356,8.4163,8.0184,50.75,13.93,4304742.0,-0.26,48.94,45.57,55.68
2025-06-13,ARVN,sell,7.39,7.656,7.0788,7.3407,50.74,15.77,2114380.0,-0.18,66.48,72.43,54.58
2025-06-13,RAPP,sell,11.19,12.06,10.9335,10.4936,50.73,24.75,127437.0,-0.69,56.87,60.67,49.27
2025-06-13,CGNX,sell,30.15,30.832,30.4635,28.1906,50.71,15.14,1770350.0,0.07,53.98,58.67,44.6
2025-06-13,AMAL,sell,30.25,30.83,30.37,29.0526,50.7,17.86,150702.0,0.1,67.75,67.87,67.51
2025-06-13,SHBI,sell,14.62,15.012,14.709,13.885,50.66,25.73,263502.0,1.26,67.17,69.95,61.61
2025-06-13,VBTX,sell,24.47,25.034,24.567,23.5488,50.63,15.2,306420.0,-0.03,60.76,64.22,53.84
2025-06-13,BLMN,sell,8.06,8.358,7.941,7.8454,50.61,14.86,2652961.0,0.18,64.16,56.43,79.62
2025-06-13,THRM,sell,27.44,28.056,27.4948,26.2585,50.57,17.93,165211.0,-0.26,66.03,66.82,64.45
2025-06-13,SYBT,sell,74.72,76.302,74.8105,72.5519,50.55,20.36,105395.0,-0.07,72.48,74.34,68.76
2025-06-13,GSM,sell,3.84,3.954,3.858,3.6579,50.5,14.49,901043.0,-0.26,51.71,58.3,38.53
2025-06-13,ECPG,sell,38.12,38.826,38.6455,35.7696,50.5,14.1,273241.0,0.4,50.93,49.83,53.13
2025-06-13,ARWR,sell,15.74,16.448,16.1325,14.1482,50.49,31.67,1400063.0,-0.1,52.78,66.58,25.18
2025-06-13,RPAY,sell,4.78,5.084,4.7795,4.4966,50.45,39.61,1180481.0,-0.28,68.3,81.35,42.2
2025-06-13,UPBD,sell,24.44,25.888,24.4025,23.0528,50.45,27.04,563526.0,0.07,66.22,70.95,56.76
2025-06-13,IPGP,sell,65.91,67.888,67.0775,61.276,50.44,21.33,195322.0,-0.2,51.55,66.25,22.15
2025-06-13,BGC,sell,9.45,9.716,9.5165,9.0736,50.43,27.76,2425500.0,0.02,66.03,62.82,72.45
2025-06-13,CGON,sell,25.86,26.604,26.172,23.8142,50.38,18.99,828014.0,0.1,50.77,59.39,33.53
2025-06-13,XRX,sell,5.16,5.44,5.1305,4.7766,50.35,18.59,2897640.0,0.02,63.37,67.82,54.47
2025-06-13,API,sell,3.71,3.902,3.7195,3.4082,50.35,12.37,436835.0,0.1,67.61,75.36,52.11
2025-06-13,CRNX,sell,31.77,32.326,31.3445,31.0004,50.34,10.25,526786.0,-0.15,67.6,70.89,61.02
2025-06-13,ECX,sell,1.58,1.628,1.6012,1.3706,50.28,20.07,966359.0,-0.32,39.5,47.98,22.54
2025-06-13,RGNX,sell,9.27,9.802,9.543,8.401,50.26,17.05,839161.0,-0.51,57.97,59.24,55.43
2025-06-13,OCSL,sell,14.35,14.486,14.3715,14.1378,50.26,12.1,443524.0,-0.3,65.8,64.63,68.14
2025-06-13,MBUU,sell,31.08,32.356,31.148,29.6888,50.21,14.02,166973.0,0.22,64.07,67.79,56.63
2025-06-13,COIN,sell,242.71,249.202,255.2595,218.6264,50.15,16.72,6539077.0,-0.21,24.18,31.68,9.18
2025-06-13,SHOP,sell,105.34,109.348,107.029,97.9032,50.15,14.84,9002790.0,0.13,49.94,60.52,28.78
2025-06-13,PLMR,sell,160.93,159.822,164.1095,155.0878,50.11,20.12,306498.0,0.09,35.05,44.12,16.91
2025-06-13,OSBC,sell,16.67,17.006,16.754,16.1134,50.09,13.55,174848.0,0.01,61.73,61.13,62.93
2025-06-13,CRUS,sell,100.88,102.866,101.949,96.4337,50.05,11.86,487622.0,-0.06,55.52,53.47,59.62
2025-06-13,MNMD,sell,7.17,7.504,7.3575,6.557,50.0,34.52,1050056.0,-0.04,43.23,56.94,15.81
2025-06-13,AOSL,sell,22.69,24.414,22.631,20.9744,49.93,20.17,353299.0,-0.18,70.85,73.7,65.15
2025-06-13,BZ,sell,17.65,18.364,17.9555,16.4844,49.93,17.75,3709456.0,0.14,64.29,73.59,45.69
2025-06-13,PARA,sell,11.89,12.048,11.9705,11.5874,49.91,17.93,6572660.0,0.09,46.5,58.0,23.5
2025-06-13,SYNA,sell,61.55,64.156,62.099,57.553,49.9,15.43,446653.0,-0.05,63.32,65.63,58.7
2025-06-13,EXEL,sell,41.59,42.048,42.8985,39.5412,49.89,30.03,2343209.0,-0.09,18.37,20.79,13.53
2025-06-13,UFPT,sell,232.995,236.307,236.9472,222.6839,49.84,19.02,348530.0,-0.24,45.01,48.94,37.15
2025-06-13,CDNS,sell,300.0,304.48,304.563,290.128,49.8,21.82,1516034.0,-0.09,56.15,53.4,61.65
2025-06-13,FFIN,sell,35.56,36.66,35.683,34.3969,49.78,15.42,452483.0,-0.09,70.09,79.1,52.07
2025-06-13,MGRC,sell,113.75,116.122,114.868,110.2408,49.76,20.32,165190.0,0.17,56.88,62.55,45.54
2025-06-13,ACTG,sell,3.68,3.792,3.7745,3.4079,49.76,18.98,208364.0,0.38,45.65,58.08,20.79
2025-06-13,CLSK,sell,9.3,9.846,9.5215,8.7552,49.7,20.9,24999867.0,0.03,54.69,52.01,60.05
2025-06-13,RYTM,sell,62.9,64.97,63.3338,61.4206,49.7,19.03,586793.0,-0.03,53.26,66.14,27.5
2025-06-13,EWBC,sell,91.52,93.918,92.6715,86.841,49.6,18.91,786469.0,0.31,60.05,64.58,50.99
2025-06-13,CBLL,sell,17.27,17.749,17.4528,16.6242,49.55,16.32,266099.0,-0.08,68.64,67.98,69.96
2025-06-13,TSHA,sell,2.54,2.654,2.738,2.1511,49.51,36.66,3813272.0,-0.2,29.86,38.55,12.48
2025-06-13,RZLV,sell,2.03,2.044,2.0895,1.9018,49.51,29.28,4792252.0,0.86,30.54,27.74,36.14
2025-06-13,ORRF,sell,30.23,30.868,30.3495,29.3054,49.49,33.19,124551.0,-0.45,58.63,58.72,58.45
2025-06-13,HIVE,sell,1.89,1.974,1.949,1.766,49.49,14.61,16645952.0,-0.04,48.91,49.59,47.55
2025-06-13,PTON,sell,6.96,7.388,7.074,6.5018,49.44,15.87,13320779.0,-0.24,54.04,62.04,38.04
2025-06-13,COLL,sell,29.18,29.856,29.54,28.2259,49.44,14.74,301373.0,0.25,46.78,57.61,25.12
2025-06-13,VRSK,sell,310.41,312.272,314.771,302.4414,49.34,17.56,557035.0,-0.25,28.85,45.42,-4.29
2025-06-13,ZBIO,sell,10.33,11.524,10.6785,9.8104,49.27,15.3,343499.0,0.81,61.29,64.14,55.59
2025-06-13,PECO,sell,35.45,35.846,35.421,35.3488,49.26,11.41,751538.0,-0.34,68.64,73.05,59.82
2025-06-13,CEP,sell,36.56,36.854,40.913,30.3312,49.25,26.87,768229.0,-0.2,17.52,26.39,-0.22
2025-06-13,JBHT,sell,139.85,141.698,140.8915,137.045,49.23,14.93,814578.0,0.06,48.11,47.85,48.63
2025-06-13,PODD,sell,304.63,302.976,317.7625,285.6779,49.22,25.86,884375.0,0.12,23.0,25.76,17.48
2025-06-13,ADSK,sell,292.16,296.45,296.864,280.8252,49.22,23.86,1119156.0,-0.0,37.59,46.04,20.69
2025-06-13,HSIC,sell,70.19,70.936,71.3575,68.1766,49.21,12.89,1117434.0,-0.29,34.99,37.35,30.27
2025-06-13,PCVX,sell,34.56,35.772,34.1735,32.6778,49.2,16.73,1383871.0,-0.03,58.75,66.35,43.55
2025-06-13,BRKR,sell,38.3,39.552,37.78,38.299,49.2,14.52,1966987.0,0.19,63.37,69.09,51.93
2025-06-13,AVT,sell,50.49,51.46,50.7915,49.292,49.2,9.68,505825.0,-0.01,63.52,66.8,56.96
2025-06-13,MASI,sell,161.2,166.692,160.5025,158.0554,49.18,13.1,614481.0,-0.14,65.2,74.7,46.2
2025-06-13,BCYC,sell,8.37,8.6,8.3975,8.0866,49.08,16.14,222295.0,-0.03,48.69,56.68,32.71
2025-06-13,MPWR,sell,673.01,710.106,690.221,624.337,49.01,19.71,672264.0,0.44,59.84,63.9,51.72
2025-06-13,VREX,sell,8.19,8.574,8.0825,8.0325,48.95,16.95,376888.0,0.18,68.66,76.61,52.76
2025-06-13,PENN,sell,15.61,16.44,15.5075,15.3172,48.91,14.56,3878147.0,-0.08,71.41,75.8,62.63
2025-06-13,RGTI,sell,11.4,11.716,12.257,10.4839,48.89,22.45,84433989.0,1.41,22.66,25.15,17.68
2025-06-13,MRNA,sell,26.67,27.518,26.881,26.2671,48.87,21.17,8403035.0,-0.2,46.61,51.7,36.43
2025-06-13,TNDM,sell,20.76,21.18,21.222,19.8616,48.86,17.08,1464628.0,0.04,44.97,41.08,52.75
2025-06-13,ENTG,sell,75.34,78.308,74.2995,74.924,48.86,14.18,4462029.0,0.18,72.8,67.52,83.36
2025-06-13,APP,sell,364.49,379.142,382.6608,321.4527,48.76,21.24,5450925.0,0.0,41.2,58.13,7.34
2025-06-13,GDS,sell,25.68,26.308,26.2115,24.6982,48.74,11.96,1640246.0,-0.04,52.5,46.07,65.36
2025-06-13,EVLV,sell,5.05,5.328,5.521,4.4416,48.72,35.95,2498058.0,0.08,18.89,30.43,-4.19
2025-06-13,NVAX,sell,6.94,7.158,7.217,6.6772,48.71,20.91,5176434.0,-0.22,25.7,32.65,11.8
2025-06-13,HTBK,sell,9.29,9.528,9.324,9.0846,48.71,16.03,429814.0,-0.05,65.0,71.7,51.6
2025-06-13,NVCR,sell,17.55,17.678,17.9075,17.4452,48.71,15.09,1672707.0,-0.36,36.93,34.45,41.89
2025-06-13,MLCO,sell,6.02,6.254,6.2275,5.6474,48.63,30.61,2228581.0,-0.08,50.33,50.68,49.63
2025-06-13,SEIC,sell,82.99,83.81,84.7395,79.6212,48.61,16.33,824357.0,-0.26,28.86,40.28,6.02
2025-06-13,MARA,sell,15.04,15.994,15.548,14.295,48.6,21.74,50501210.0,0.05,56.84,57.39,55.74
2025-06-13,TECX,sell,21.89,23.494,22.7162,20.4305,48.55,22.45,178579.0,0.26,44.52,57.89,17.78
2025-06-13,RKLB,sell,25.41,27.196,26.8595,23.2663,48.48,24.99,28171982.0,0.45,27.05,42.26,-3.37
2025-06-13,FOXA,sell,53.69,54.2,54.9415,52.0044,48.48,17.75,2972996.0,-0.18,24.63,28.02,17.85
2025-06-13,HTLD,sell,8.7,8.83,8.8688,8.5167,48.48,12.89,351601.0,-0.23,42.16,46.2,34.08
2025-06-13,RNA,sell,31.37,32.36,32.179,29.9497,48.46,21.44,2313134.0,0.81,35.52,52.28,2.0
2025-06-13,CHEF,sell,61.47,62.19,63.1945,58.8372,48.45,17.23,324545.0,-0.36,28.36,35.52,14.04
2025-06-13,EEFT,sell,107.73,111.274,109.347,103.4701,48.44,19.23,419596.0,-0.1,62.7,73.19,41.72
2025-06-13,OZK,sell,44.68,45.673,45.2692,43.2951,48.34,20.52,522344.0,-0.17,58.89,60.38,55.91
2025-06-13,VERA,sell,22.74,22.434,23.0048,22.5337,48.3,25.25,1746746.0,-0.76,30.47,36.37,18.67
2025-06-13,GT,sell,10.94,11.492,11.1545,10.6854,48.28,20.27,6331777.0,0.23,51.47,59.47,35.47
2025-06-13,VCTR,sell,61.6,62.836,62.7505,59.6466,48.16,8.39,309339.0,0.37,48.23,58.33,28.03
2025-06-13,NWBI,sell,12.27,12.458,12.3668,12.0691,48.12,16.59,610783.0,-0.05,56.08,54.22,59.8
2025-06-13,HST,sell,15.22,15.774,15.4425,14.658,48.1,25.69,9385750.0,0.01,61.06,73.87,35.44
2025-06-13,CATY,sell,43.28,44.46,43.7422,42.1135,48.1,22.81,413009.0,0.02,62.77,66.86,54.59
2025-06-13,MTCH,sell,30.2,31.206,30.4378,29.6786,48.07,18.11,3880644.0,0.22,57.86,71.29,31.0
2025-06-13,SNPS,sell,478.86,494.95,489.579,463.292,48.06,21.1,1166406.0,-0.06,66.18,65.33,67.88
2025-06-13,XRAY,sell,15.63,16.077,16.1092,14.8139,48.06,17.53,1909144.0,-0.05,43.23,49.87,29.95
2025-06-13,JKHY,sell,179.1,179.709,181.5613,176.8889,48.04,8.29,457564.0,0.1,29.85,34.47,20.61
2025-06-13,HOPE,sell,10.13,10.394,10.2198,9.9945,47.98,17.86,755726.0,0.21,57.72,57.36,58.44
2025-06-13,DCTH,sell,15.34,15.82,16.4825,13.9713,47.94,25.49,449425.0,0.13,16.59,23.95,1.87
2025-06-13,MTRX,sell,12.17,12.302,12.344,11.8306,47.92,30.73,194452.0,0.28,48.4,51.66,41.88
2025-06-13,NXST,sell,166.54,169.665,170.6797,161.7125,47.86,18.52,196278.0,-0.3,37.15,40.73,29.99
2025-06-13,ZBRA,sell,283.61,293.46,292.3427,265.4069,47.84,19.36,345969.0,-0.24,49.3,63.62,20.66
2025-06-13,FOX,sell,49.3,49.754,50.464,48.045,47.8,14.13,1230243.0,0.24,24.32,27.21,18.54
2025-06-13,FROG,sell,40.68,41.865,42.7463,37.3171,47.78,37.78,1036952.0,-0.44,14.23,27.21,-11.73
2025-06-13,ZION,sell,47.43,48.832,48.037,46.2426,47.75,11.2,1080500.0,-0.03,60.08,67.87,44.5
2025-06-13,DCOM,sell,26.22,27.148,26.2755,25.9992,47.69,14.68,208563.0,-0.15,67.25,69.72,62.31
2025-06-13,NMFC,sell,10.58,10.758,10.7305,10.2689,47.68,16.04,454839.0,0.37,39.99,54.5,10.97
2025-06-13,TILE,sell,20.06,20.798,20.3515,19.6396,47.64,15.18,389691.0,0.27,61.28,70.13,43.58
2025-06-13,WTFC,sell,117.99,120.86,120.4035,113.4292,47.63,18.61,321119.0,-0.01,53.16,66.39,26.7
2025-06-13,PYPL,sell,70.83,73.712,72.1855,67.8245,47.61,27.86,9754259.0,0.35,68.18,76.86,50.82
2025-06-13,HAFC,sell,22.98,23.466,23.2045,22.7028,47.6,15.38,100075.0,0.0,64.08,67.48,57.28
2025-06-13,OCFC,sell,16.87,17.286,17.0465,16.5566,47.58,20.09,240163.0,-0.23,54.73,57.48,49.23
2025-06-13,CINF,sell,146.36,147.524,148.955,142.4442,47.57,15.61,417885.0,-0.09,41.35,54.48,15.09
2025-06-13,HBAN,sell,15.51,16.02,15.8135,14.88,47.56,21.56,36170189.0,0.55,54.16,66.67,29.14
2025-06-13,PLXS,sell,130.22,133.716,132.2235,127.1398,47.5,11.31,149182.0,0.46,56.12,69.01,30.34
2025-06-13,NAVI,sell,13.21,13.632,13.5048,12.6821,47.41,21.94,549979.0,0.28,54.98,67.85,29.24
2025-06-13,NICE,sell,165.68,173.608,168.7975,160.3773,47.41,17.04,464956.0,0.22,59.09,75.37,26.53
2025-06-13,MLKN,sell,16.91,17.428,17.0695,16.7864,47.38,10.76,387523.0,0.01,57.03,62.37,46.35
2025-06-13,LSCC,sell,47.85,49.946,48.1385,47.2756,47.36,12.4,2049544.0,-0.06,64.94,62.12,70.58
2025-06-13,MNRO,sell,14.61,15.958,14.959,14.3948,47.35,26.31,913976.0,-0.1,56.43,63.53,42.23
2025-06-13,CDTX,sell,22.84,24.916,24.4688,21.5704,47.3,24.02,242292.0,0.15,51.03,58.66,35.77
2025-06-13,LI,sell,27.76,29.051,28.7958,26.2045,47.26,27.83,4003057.0,-0.06,39.54,55.57,7.48
2025-06-13,BL,sell,54.06,55.952,55.831,50.893,47.25,33.31,660348.0,-0.33,36.27,55.63,-2.45
2025-06-13,HONE,sell,11.22,11.488,11.4152,10.8637,47.23,13.43,292280.0,-0.43,49.31,52.75,42.43
2025-06-13,ANGI,sell,15.44,16.22,16.2038,14.2691,47.2,27.22,893815.0,0.13,35.16,51.65,2.18
2025-06-13,FITB,sell,37.98,39.092,38.579,36.9584,47.15,16.23,3915264.0,0.0,58.18,68.06,38.42
2025-06-13,CTSH,sell,78.95,80.316,80.363,76.3868,47.12,18.59,2280067.0,-0.23,46.02,55.83,26.4
2025-06-13,ALGN,sell,177.85,182.804,180.312,175.7694,47.12,12.41,736010.0,0.19,58.27,64.98,44.85
2025-06-13,JAZZ,sell,108.5,110.833,109.4445,108.1696,47.12,10.32,662373.0,-0.09,55.49,64.97,36.53
2025-06-13,MRVI,sell,2.13,2.222,2.2362,2.0747,47.09,36.7,1610977.0,0.27,35.07,46.22,12.77
2025-06-13,EXAS,sell,53.52,54.8,55.971,50.7274,47.07,20.85,2233069.0,-0.11,21.7,30.77,3.56
2025-06-13,QFIN,sell,41.69,41.986,42.3867,41.1291,47.06,11.66,1254500.0,0.22,50.23,47.08,56.53
2025-06-13,MXL,sell,11.67,12.318,11.9867,11.1422,47.05,11.99,829926.0,-0.36,61.76,67.43,50.42
2025-06-13,FRSH,sell,14.94,15.614,15.2165,14.3056,46.99,15.87,2367019.0,0.13,61.42,73.28,37.7
2025-06-13,ODFL,sell,160.18,162.96,163.4995,159.109,46.99,13.59,1532492.0,0.13,36.31,38.51,31.91
2025-06-13,BBSI,sell,41.29,41.834,41.8228,41.0351,46.91,12.13,151410.0,0.38,50.69,59.04,33.99
2025-06-13,DADA,sell,1.985,1.981,2.0332,1.9651,46.89,27.22,992153.0,1.07,19.35,19.57,18.91
2025-06-13,EXPE,sell,165.63,172.266,167.783,161.2164,46.89,12.99,1197123.0,-0.33,62.43,75.67,35.95
2025-06-13,LBRDK,sell,92.23,94.166,95.4985,89.0538,46.74,15.15,1235052.0,-0.01,29.92,31.56,26.64
2025-06-13,TFIN,sell,57.31,59.446,58.946,55.4958,46.68,11.78,149336.0,0.08,49.41,59.33,29.57
2025-06-13,GFS,sell,36.72,38.206,37.647,35.8968,46.67,16.04,1416990.0,-0.01,53.71,58.73,43.67
2025-06-13,SSNC,sell,79.16,81.008,80.263,77.9912,46.63,10.43,890406.0,-0.04,60.55,72.31,37.03
2025-06-13,SABR,sell,2.63,2.87,2.7118,2.5005,46.58,17.75,5990144.0,0.13,59.33,63.3,51.39
2025-06-13,CSWC,sell,20.65,21.21,20.9705,20.3622,46.56,13.06,645256.0,0.6,53.54,59.09,42.44
2025-06-13,SCVL,sell,19.05,19.784,19.5125,18.8198,46.55,18.34,455980.0,-0.03,64.26,65.92,60.94
2025-06-13,BKNG,sell,5298.3799,5450.8,5446.5905,5067.8238,46.51,30.84,219444.0,0.2,44.4,64.23,4.74
2025-06-13,PRTH,sell,7.8,8.314,8.0875,7.4345,46.5,18.96,416793.0,0.21,52.5,70.39,16.72
2025-06-13,LBRDA,sell,91.29,93.304,94.64,88.0352,46.49,15.18,228125.0,0.36,30.21,32.51,25.61
2025-06-13,GAIN,sell,14.13,14.042,14.578,13.9622,46.48,22.78,166588.0,-0.37,15.8,21.11,5.18
2025-06-13,IBEX,sell,27.89,29.332,28.9912,26.4892,46.46,42.13,195898.0,0.57,61.12,71.9,39.56
2025-06-13,POET,sell,4.17,4.186,4.3578,4.1601,46.46,10.86,683837.0,-0.36,18.61,21.27,13.29
2025-06-13,INOD,sell,39.19,43.223,41.1382,37.9099,46.45,17.79,2826738.0,-0.01,42.77,60.5,7.31
2025-06-13,HWC,sell,53.78,54.886,54.9935,52.8092,46.45,16.59,750984.0,0.74,49.51,50.12,48.29
2025-06-13,CBRL,sell,52.06,55.6,56.3985,48.8012,46.44,24.12,2041653.0,0.97,25.58,38.38,-0.02
2025-06-13,DORM,sell,124.55,127.114,127.6535,121.184,46.44,16.3,139203.0,-0.21,41.88,51.16,23.32
2025-06-13,ALRM,sell,56.64,58.308,57.9935,55.1946,46.41,21.97,306405.0,-0.07,44.15,56.65,19.15
2025-06-13,ARHS,sell,8.43,8.71,8.6602,8.2737,46.4,9.31,1184582.0,-0.19,53.77,65.29,30.73
2025-06-13,SONO,sell,9.92,10.228,10.243,9.563,46.39,11.09,1358632.0,-0.03,39.73,46.97,25.25
2025-06-13,ERIC,sell,8.38,8.456,8.561,8.2078,46.35,11.57,14360342.0,-0.34,21.34,24.75,14.52
2025-06-13,FULT,sell,17.16,17.534,17.445,16.9386,46.32,13.64,992527.0,0.33,47.51,48.91,44.71
2025-06-13,ADEA,sell,13.02,13.662,13.2255,12.758,46.29,16.93,403820.0,-0.17,59.03,64.82,47.45
2025-06-13,TRIN,sell,14.45,14.558,14.594,14.4324,46.22,11.75,701796.0,0.02,41.71,43.39,38.35
2025-06-13,SGRY,sell,22.74,23.138,23.1468,22.3914,46.2,13.82,761661.0,-0.37,37.61,47.7,17.43
2025-06-13,BTDR,sell,12.68,13.622,14.0255,11.6466,46.14,18.64,2840534.0,-0.19,31.98,36.44,23.06
2025-06-13,LKFN,sell,58.92,60.634,60.159,57.6254,46.09,15.24,96753.0,-0.14,58.81,72.4,31.63
2025-06-13,XNET,sell,5.02,5.593,5.7092,4.673,46.07,29.09,2361046.0,3.5,24.54,36.93,-0.24
2025-06-13,SNEX,sell,84.24,84.886,85.5175,84.2399,46.03,18.32,248571.0,-0.05,43.1,40.86,47.58
2025-06-13,EFSC,sell,52.3,53.422,53.1735,51.7322,45.95,12.11,175379.0,0.21,54.6,57.11,49.58
2025-06-13,TIGR,sell,8.31,8.544,8.58,8.2447,45.88,12.89,2658499.0,-0.27,55.52,50.88,64.8
2025-06-13,WAY,sell,38.93,40.072,39.575,38.5186,45.85,16.6,1491066.0,-0.05,54.24,66.42,29.88
2025-06-13,LZMH,sell,16.1,18.64,19.5855,13.622,45.83,28.26,796084.0,1.0,27.2,40.92,-0.24
2025-06-13,DXCM,sell,81.99,83.666,85.2815,77.7554,45.8,27.99,2654977.0,0.14,20.93,34.63,-6.47
2025-06-13,CSGS,sell,63.07,64.412,64.6152,62.1534,45.77,17.42,224016.0,-0.37,38.99,44.02,28.93
2025-06-13,TBBK,sell,50.6,52.662,52.0085,49.7984,45.74,15.06,587717.0,0.04,49.84,54.44,40.64
2025-06-13,CRMT,sell,49.17,53.49,50.8108,49.0582,45.65,19.12,253865.0,2.3,52.02,66.76,22.54
2025-06-13,CARG,sell,30.78,32.13,31.844,29.7046,45.6,13.65,800124.0,0.13,47.97,57.76,28.39
2025-06-13,FIVN,sell,26.65,28.326,27.5775,25.7902,45.57,21.81,1587946.0,-0.18,50.53,63.5,24.59
2025-06-13,FTNT,sell,100.83,101.644,103.0225,100.6236,45.57,8.85,3657163.0,-0.04,30.03,39.43,11.23
2025-06-13,PWP,sell,17.64,18.584,18.1065,17.386,45.52,16.27,842429.0,-0.07,53.12,56.4,46.56
2025-06-13,BHF,sell,57.04,57.746,58.9698,56.1049,45.51,11.84,442433.0,-0.16,26.78,27.83,24.68
2025-06-13,DUOL,sell,478.48,483.538,511.118,442.9806,45.41,32.64,862012.0,0.17,17.57,26.55,-0.39
2025-06-13,WSBC,sell,30.44,31.293,31.0698,30.0947,45.4,14.71,600200.0,0.46,53.45,58.51,43.33
2025-06-13,HNRG,sell,16.18,16.302,17.535,15.576,45.37,24.56,648340.0,-0.12,32.51,36.84,23.85
2025-06-13,LUNR,sell,10.45,11.112,11.4955,9.7203,45.35,21.64,5645367.0,-0.18,16.02,24.89,-1.72
2025-06-13,SBCF,sell,24.91,25.898,25.5008,24.4379,45.35,12.39,560370.0,-0.03,56.1,72.34,23.62
2025-06-13,PNTG,sell,27.67,28.048,28.6515,27.2522,45.26,16.2,229652.0,0.27,30.58,43.12,5.5
2025-06-13,LYFT,sell,14.78,15.418,15.752,13.8098,45.16,27.52,12378547.0,-0.0,21.43,26.86,10.57
2025-06-13,PEBO,sell,29.17,29.818,29.7235,29.0816,45.13,12.09,108062.0,0.02,46.2,45.45,47.7
2025-06-13,CHTR,sell,388.72,397.348,403.025,381.4112,45.11,15.04,1025727.0,-0.06,35.17,35.09,35.33
2025-06-13,FBNC,sell,40.7,41.58,41.527,40.2522,45.07,23.1,177164.0,0.12,39.61,43.09,32.65
2025-06-13,IBOC,sell,62.5,64.46,63.842,61.9638,45.05,15.54,141466.0,-0.08,49.74,57.94,33.34
2025-06-13,OSW,sell,18.55,19.388,19.1015,18.0939,45.02,11.02,519787.0,-0.07,52.84,67.1,24.32
2025-06-13,STBA,sell,36.46,37.294,37.096,36.4125,44.97,12.38,131793.0,0.06,51.29,51.51,50.85
2025-06-13,CCSI,sell,21.65,22.61,22.381,21.2437,44.87,15.35,125224.0,-0.25,57.49,63.82,44.83
2025-06-13,BAND,sell,13.76,14.588,14.3735,13.3958,44.74,22.45,292665.0,0.14,39.92,57.16,5.44
2025-06-13,SLRC,sell,16.31,16.822,16.6885,15.9513,44.73,20.75,141238.0,0.56,53.75,71.97,17.31
2025-06-13,SSYS,sell,10.2,10.512,10.5652,10.016,44.65,14.1,430056.0,0.15,44.93,47.18,40.43
2025-06-13,GDEN,sell,27.0,27.532,27.9775,26.9022,44.64,13.3,211560.0,-0.01,31.28,34.87,24.1
2025-06-13,AAOI,sell,15.47,16.404,17.1152,14.8637,44.61,9.95,6474418.0,1.47,26.98,32.96,15.02
2025-06-13,MORN,sell,299.12,303.806,307.2052,293.6853,44.53,16.09,161341.0,-0.09,22.75,34.37,-0.49
2025-06-13,ARCC,sell,21.53,22.158,21.962,21.1589,44.52,15.12,5189338.0,0.54,58.2,77.33,19.94
2025-06-13,NOVT,sell,122.2,126.882,125.487,120.7892,44.48,13.38,207814.0,0.33,51.07,63.12,26.97
2025-06-13,PAYX,sell,153.22,154.607,156.9412,150.9447,44.45,16.53,1724508.0,0.41,27.45,42.65,-2.95
2025-06-13,FHB,sell,23.41,24.054,23.8977,23.2853,44.43,16.94,834773.0,0.36,48.56,58.5,28.68
2025-06-13,RUM,sell,8.65,8.994,9.209,8.5172,44.4,17.9,2725599.0,0.62,20.9,24.83,13.04
2025-06-13,DAKT,sell,13.7,14.124,14.6457,13.5921,44.39,30.07,310105.0,-0.45,31.62,34.49,25.88
2025-06-13,LZ,sell,8.74,9.124,9.2685,8.3,44.3,34.11,1306245.0,-0.23,23.65,33.95,3.05
2025-06-13,RDNT,sell,55.41,57.644,57.8375,54.738,44.23,14.3,511718.0,-0.02,43.65,53.92,23.11
2025-06-13,UMBF,sell,100.7,104.128,103.842,99.0965,44.21,10.88,484061.0,-0.05,43.22,54.21,21.24
2025-06-13,SKWD,sell,58.6,59.218,61.827,57.8006,44.02,22.09,332312.0,0.07,26.02,37.24,3.58
2025-06-13,MAR,sell,254.99,263.65,264.107,248.448,43.86,17.64,1340110.0,0.16,45.79,54.4,28.57
2025-06-13,LLYVK,sell,73.24,75.172,75.6953,72.7727,43.73,11.61,215402.0,-0.44,49.25,55.71,36.33
2025-06-13,MBLY,sell,15.24,15.958,16.1642,15.0083,43.64,23.57,3404488.0,0.22,29.02,41.88,3.3
2025-06-13,TTD,sell,67.96,70.952,73.9015,63.0164,43.63,19.69,5838582.0,-0.15,12.7,21.56,-5.02
2025-06-13,WSFS,sell,51.71,53.04,53.209,51.6418,43.54,10.54,322655.0,0.22,35.85,39.78,27.99
2025-06-13,WSC,sell,26.71,27.888,27.849,26.4937,43.51,13.06,1392600.0,0.01,48.97,53.7,39.51
2025-06-13,UBSI,sell,35.23,36.332,36.3442,35.0119,43.43,21.78,539787.0,0.19,39.91,47.55,24.63
2025-06-13,SLM,sell,31.2,31.588,32.6685,30.3112,43.41,19.44,1665342.0,0.02,9.61,14.44,-0.05
2025-06-13,SKYT,sell,8.19,8.918,9.012,7.8675,43.26,29.47,582885.0,-0.04,26.69,42.98,-5.89
2025-06-13,ROCK,sell,57.2,59.412,59.68,56.848,43.21,13.41,178969.0,0.07,40.54,50.31,21.0
2025-06-13,ALVO,sell,9.74,10.138,10.5562,9.4229,43.15,20.71,161058.0,-0.42,22.76,36.89,-5.5
2025-06-13,SPNS,sell,27.94,29.084,28.6612,27.6959,43.13,18.12,165702.0,0.43,43.98,64.67,2.6
2025-06-13,AMPL,sell,11.37,12.242,12.3652,10.5917,42.92,29.74,1240359.0,-0.17,29.62,51.13,-13.4
2025-06-13,ALKS,sell,29.83,30.802,30.7975,29.772,42.92,16.31,1526589.0,0.36,46.71,59.85,20.43
2025-06-13,HRMY,sell,32.97,34.542,34.7415,32.176,42.88,28.91,658810.0,0.06,37.85,53.45,6.65
2025-06-13,SIBN,sell,17.42,18.49,18.8245,16.4796,42.86,34.29,539729.0,-0.02,29.71,41.93,5.27
2025-06-13,CHRW,sell,93.54,95.006,96.487,93.2605,42.85,11.96,899821.0,0.02,19.85,26.46,6.63
2025-06-13,CRAI,sell,180.68,184.918,188.372,177.5578,42.84,18.04,130279.0,-0.05,49.63,50.65,47.59
2025-06-13,NXTT,sell,1.21,1.318,1.7975,1.1142,42.73,25.42,1648536.0,1.62,4.8,8.88,-3.36
2025-06-13,MIDD,sell,141.19,146.116,147.487,139.901,42.73,11.82,675775.0,0.02,28.68,42.47,1.1
2025-06-13,TROW,sell,91.58,94.434,94.6175,91.2848,42.7,12.2,1252121.0,-0.1,45.62,51.06,34.74
2025-06-13,SFIX,sell,3.96,4.372,4.4155,3.7515,42.4,34.02,4752253.0,1.83,27.21,49.23,-16.83
2025-06-13,UAL,sell,74.0,79.346,78.7898,73.1661,42.24,28.85,7565698.0,0.29,41.02,58.75,5.56
2025-06-13,XMTR,sell,30.16,33.194,33.9005,28.8154,42.22,32.15,1277490.0,1.52,25.78,44.84,-12.34
2025-06-13,TXRH,sell,182.29,188.144,192.2018,177.7337,42.16,25.61,782810.0,0.18,19.03,34.71,-12.33
2025-06-13,PI,sell,104.39,111.436,115.908,98.2408,42.07,26.79,332620.0,-0.38,16.52,28.58,-7.6
2025-06-13,GBDC,sell,14.69,15.126,15.0875,14.5459,42.04,21.14,1132459.0,0.15,54.5,68.43,26.64
2025-06-13,SNCY,sell,10.91,11.56,11.611,10.9,41.96,14.48,839021.0,0.03,42.6,53.03,21.74
2025-06-13,NWSA,sell,27.42,27.738,27.9965,27.234,41.88,15.41,2602530.0,-0.18,34.3,44.07,14.76
2025-06-13,OSPN,sell,15.49,16.314,16.122,15.4198,41.69,15.68,331842.0,-0.06,49.21,65.07,17.49
2025-06-13,TSEM,sell,38.09,40.43,40.764,37.8316,41.64,19.72,570272.0,0.45,35.54,46.93,12.76
2025-06-13,SKYW,sell,95.81,100.098,100.9555,94.465,41.12,26.53,223144.0,-0.21,38.22,55.24,4.18
2025-06-13,UDMY,sell,6.9,7.278,7.2655,6.8461,41.03,14.58,1203929.0,0.07,36.39,54.52,0.13
2025-06-13,USLM,sell,97.85,99.98,103.355,97.7062,40.9,25.02,228452.0,0.98,18.81,34.34,-12.25
2025-06-13,CDW,sell,170.42,175.416,180.318,169.11,40.82,19.18,1055959.0,-0.1,21.74,30.22,4.78
2025-06-13,MELI,sell,2371.98,2394.568,2523.979,2320.731,40.65,32.27,410583.0,0.16,17.57,27.99,-3.27
2025-06-13,FDUS,sell,19.54,20.294,20.263,19.4156,40.57,23.5,201317.0,0.2,44.53,57.45,18.69
2025-06-13,MNDY,sell,279.95,299.43,298.3288,275.4064,40.46,14.24,498693.0,-0.03,49.31,68.9,10.13
2025-06-13,NTGR,sell,27.445,29.445,29.8768,26.7363,40.38,28.27,434557.0,0.06,30.2,44.33,1.94
2025-06-13,MBX,sell,10.37,10.969,12.0675,10.2208,40.31,26.18,219671.0,-0.05,10.16,25.02,-19.56
2025-06-13,DLO,sell,9.81,10.274,10.8558,9.715,40.01,22.48,793286.0,-0.03,14.52,20.5,2.56
2025-06-13,BMBL,sell,4.95,5.118,5.536,4.9368,39.99,25.31,2010164.0,-0.04,9.62,14.68,-0.5
2025-06-13,STEP,sell,53.86,56.586,57.7555,53.3134,39.92,19.14,578619.0,-0.13,15.41,23.38,-0.53
2025-06-13,PUBM,sell,10.71,11.434,11.657,10.4199,39.57,28.17,454190.0,-0.27,24.07,43.56,-14.91
2025-06-13,BTSG,sell,21.18,22.154,23.279,20.6292,39.45,28.93,5116647.0,1.67,26.67,37.35,5.31
2025-06-13,ADBE,sell,391.68,410.104,412.8843,385.4745,39.31,26.34,5197641.0,0.98,53.15,64.01,31.43
2025-06-13,NTNX,sell,72.13,74.004,77.734,71.6284,38.38,18.0,2890699.0,0.07,18.17,28.91,-3.31
2025-06-13,CURI,sell,4.59,5.186,6.0615,4.5359,37.89,35.92,927765.0,-0.15,11.03,23.72,-14.35
2025-06-13,XENE,buy,32.76,32.286,30.713,32.826,55.84,24.84,789288.0,0.01,83.8,76.28,98.84
2025-06-13,AMRK,buy,22.22,21.576,20.763,22.2218,55.8,19.89,207716.0,-0.05,81.18,71.3,100.94
2025-06-13,CYTK,buy,34.38,33.672,31.9128,34.9614,55.49,18.28,1555459.0,0.39,82.54,77.2,93.22
2025-06-13,MDGL,buy,295.57,289.936,280.9315,298.6502,55.21,23.25,304248.0,0.02,71.4,58.97,96.26
2025-06-13,TWST,buy,33.52,34.022,30.8722,34.1525,54.02,20.45,1158565.0,-0.14,75.7,74.56,77.98
2025-06-13,VRTX,buy,455.45,453.124,445.489,463.0284,52.59,18.93,1062224.0,-0.12,82.8,80.25,87.9
2025-06-13,ENPH,buy,45.6,44.783,43.3795,47.0278,52.22,13.85,5412539.0,-0.09,72.61,58.21,101.41
2025-06-13,DMLP,buy,28.1,28.036,27.7318,28.1598,51.8,11.62,107155.0,0.28,71.18,58.05,97.44
2025-06-13,SKBL,buy,11.07,10.84,10.6885,11.5904,51.41,12.62,1180810.0,1.37,76.57,60.08,109.55
2025-06-13,CTKB,buy,3.22,3.41,2.935,3.32,51.28,32.81,1427836.0,-0.37,72.99,75.62,67.73
2025-06-13,IOVA,buy,2.24,2.276,1.9192,2.5738,51.22,24.88,15764128.0,0.51,74.48,71.18,81.08
2025-06-13,ADMA,buy,20.81,21.202,20.3905,20.8276,51.03,14.51,3067777.0,0.67,67.01,69.92,61.19
2025-06-13,ANIP,buy,62.56,62.702,60.3915,64.9208,51.01,15.51,220524.0,-0.44,75.11,73.62,78.09
2025-06-13,DVAX,buy,10.27,10.312,9.988,10.5594,50.72,17.36,1277824.0,-0.14,78.79,73.15,90.07
2025-06-13,RMNI,buy,3.29,3.302,3.277,3.305,50.05,13.8,254610.0,-0.36,51.73,45.96,63.27
2025-06-13,VIR,buy,5.22,5.308,4.993,5.3586,49.65,20.44,1034723.0,-0.2,71.28,75.4,63.04
2025-06-13,AEP,buy,102.9,102.228,102.5665,104.2218,49.61,18.93,2371247.0,0.1,56.43,48.23,72.83
2025-06-13,RGEN,buy,127.52,131.074,125.1545,128.1436,49.51,15.55,526055.0,-0.35,74.35,73.82,75.41
2025-06-13,GILT,buy,6.08,6.206,5.9568,6.1262,49.5,15.3,358589.0,-0.25,69.91,65.16,79.41
2025-06-13,BWIN,buy,39.12,39.092,38.73,40.2753,49.13,16.13,978951.0,1.47,54.78,52.54,59.26
2025-06-13,KRYS,buy,137.07,138.262,131.1003,147.6113,49.08,32.45,373788.0,0.3,79.61,77.94,82.95
2025-06-13,NCMI,buy,5.265,5.317,5.1975,5.4664,48.98,16.29,571052.0,-0.31,59.08,58.31,60.62
2025-06-13,AVXL,buy,8.03,8.1,7.8525,8.4098,48.75,23.84,526859.0,-0.44,69.06,64.4,78.38
2025-06-13,MEDP,buy,298.25,301.755,300.0888,298.5527,48.4,17.54,291724.0,-0.27,41.61,45.53,33.77
2025-06-13,PCH,buy,39.11,39.648,39.1895,39.1544,48.35,14.57,517378.0,0.21,60.9,60.82,61.06
2025-06-13,BIDU,buy,86.0,87.502,85.778,86.1827,48.25,14.21,2381467.0,-0.05,62.6,51.53,84.74
2025-06-13,LNT,buy,61.08,61.016,61.589,61.2052,48.15,10.31,1582793.0,-0.16,42.25,36.5,53.75
2025-06-13,ARGX,buy,577.89,579.738,579.3095,586.3733,48.11,11.98,266157.0,0.16,49.69,53.71,41.65
2025-06-13,SBAC,buy,227.83,226.36,229.6325,228.7334,48.09,12.86,627890.0,0.15,41.87,37.0,51.61
2025-06-13,LAB,buy,1.05,1.068,1.044,1.0967,48.08,12.15,830250.0,-0.24,66.99,67.51,65.95
2025-06-13,OTTR,buy,77.59,78.95,77.823,78.0804,48.01,17.41,163795.0,0.18,58.48,56.83,61.78
2025-06-13,RPD,buy,23.52,23.842,23.3595,23.6577,47.97,13.67,638488.0,-0.1,62.69,61.81,64.45
2025-06-13,ARLP,buy,25.99,25.868,26.114,26.3325,47.74,20.02,230116.0,0.11,27.05,24.24,32.67
2025-06-13,MYGN,buy,5.03,5.164,4.6105,5.9554,47.7,28.25,1522730.0,-0.48,81.28,80.79,82.26
2025-06-13,EOLS,buy,9.93,9.974,9.7705,10.3323,47.69,17.46,1279169.0,0.26,69.76,67.88,73.52
2025-06-13,LBTYA,buy,9.75,9.846,9.717,10.0298,47.69,15.59,1647109.0,-0.23,61.32,60.39,63.18
2025-06-13,AKAM,buy,77.03,78.016,77.1085,77.2156,47.42,12.07,2206303.0,0.19,62.65,61.27,65.41
2025-06-13,IGIC,buy,23.14,23.058,23.1745,23.7418,47.37,14.84,137836.0,0.1,47.9,35.74,72.22
2025-06-13,LBTYK,buy,9.99,10.092,9.9635,10.337,47.36,19.72,1338454.0,0.01,60.9,60.56,61.58
2025-06-13,GNTX,buy,21.72,21.989,21.8947,21.8301,47.28,14.5,1855937.0,-0.06,56.1,46.5,75.3
2025-06-13,SAGE,buy,6.7,6.774,6.71,6.9688,47.26,17.35,561114.0,-0.25,43.75,44.7,41.85
2025-06-13,CCRN,buy,13.38,13.204,13.351,13.7556,47.2,23.27,246325.0,0.13,42.44,27.63,72.06
2025-06-13,NESR,buy,6.05,6.096,6.122,6.1802,47.16,13.43,456524.0,-0.43,49.14,45.2,57.02
2025-06-13,CAN,buy,0.666,0.6976,0.674,0.7108,47.15,17.22,39039090.0,0.09,52.42,44.9,67.46
2025-06-13,AFYA,buy,18.11,17.88,18.2752,18.3903,47.09,16.09,189378.0,1.1,40.15,29.07,62.31
2025-06-13,DNTH,buy,18.31,18.532,18.3808,19.0119,47.07,11.26,356451.0,0.51,60.21,53.56,73.51
2025-06-13,KIDS,buy,21.16,21.738,21.294,21.5738,47.03,13.82,127963.0,-0.46,65.53,57.7,81.19
2025-06-13,LANC,buy,167.4,169.066,167.2035,172.9062,46.97,16.5,119758.0,-0.13,65.27,71.77,52.27
2025-06-13,CNTA,buy,12.38,12.194,12.6315,12.5671,46.96,20.36,1185113.0,-0.12,44.99,45.42,44.13
2025-06-13,KC,buy,12.43,12.966,12.6252,12.9978,46.94,12.66,2084829.0,0.05,65.94,56.18,85.46
2025-06-13,PLAB,buy,18.36,18.7,18.7055,18.6686,46.9,17.84,691376.0,-0.22,54.72,48.68,66.8
2025-06-13,VICR,buy,43.65,45.142,43.6225,44.4409,46.87,13.66,139050.0,-0.14,68.23,76.04,52.61
2025-06-13,CHDN,buy,95.84,99.454,96.3828,97.0301,46.79,15.76,848694.0,-0.01,61.94,69.37,47.08
2025-06-13,ICHR,buy,17.6,18.678,17.459,18.1419,46.65,15.97,387222.0,-0.37,69.92,70.16,69.44
2025-06-13,GTX,buy,10.31,10.31,10.7055,10.1195,46.59,28.37,1485492.0,-0.32,20.23,16.98,26.73
2025-06-13,CACC,buy,484.71,503.018,491.6515,487.2369,46.59,9.29,263799.0,-0.12,62.23,68.22,50.25
2025-06-13,INTC,buy,20.14,20.83,20.54,20.4606,46.43,12.5,115393433.0,0.59,41.5,43.13,38.24
2025-06-13,CRON,buy,1.93,1.958,1.998,1.8982,46.41,30.67,1359534.0,-0.41,25.05,24.33,26.49
2025-06-13,DAWN,buy,6.67,6.834,6.642,6.924,46.2,18.68,1156032.0,-0.17,52.33,60.47,36.05
2025-06-13,GO,buy,13.63,13.448,13.6795,14.4656,46.09,24.41,3359310.0,0.06,38.66,36.22,43.54
2025-06-13,IQ,buy,1.73,1.792,1.729,1.7917,46.08,17.82,24846362.0,0.58,63.19,55.71,78.15
2025-06-13,PTLO,buy,11.44,11.682,11.9122,11.5103,46.04,11.44,1537337.0,-0.06,38.01,38.37,37.29
2025-06-13,EH,buy,16.65,16.978,16.822,16.9403,46.0,16.09,1424740.0,0.58,60.29,49.64,81.59
2025-06-13,OLPX,buy,1.26,1.32,1.2915,1.2702,45.98,15.97,598048.0,-0.56,49.31,54.82,38.29
2025-06-13,EXC,buy,43.25,42.978,43.455,44.8222,45.92,28.53,6762020.0,0.11,48.03,38.85,66.39
2025-06-13,CCCS,buy,8.8,8.984,8.8895,8.8816,45.92,18.96,10059350.0,-0.06,65.81,67.36,62.71
2025-06-13,KDP,buy,33.02,32.988,33.145,33.9002,45.91,19.55,9339921.0,-0.17,36.66,32.65,44.68
2025-06-13,MGPI,buy,29.24,29.082,29.965,29.7644,45.91,19.31,243916.0,-0.24,37.54,29.89,52.84
2025-06-13,ABSI,buy,2.78,2.926,2.8085,2.8468,45.84,27.85,2788501.0,0.11,45.93,52.08,33.63
2025-06-13,PEP,buy,130.85,130.968,131.0535,135.0953,45.83,24.79,10099976.0,0.34,60.83,63.15,56.19
2025-06-13,OPCH,buy,31.6,31.796,32.113,32.2978,45.82,18.02,1037458.0,-0.42,35.47,36.83,32.75
2025-06-13,LSTR,buy,137.62,140.224,139.9055,138.243,45.74,12.45,288375.0,-0.21,47.63,51.74,39.41
2025-06-13,BLFS,buy,22.03,23.364,22.5125,22.6995,45.7,11.55,730945.0,0.24,60.21,62.26,56.11
2025-06-13,SUPN,buy,32.03,32.896,32.5495,32.0731,45.68,16.03,654438.0,0.7,55.34,61.03,43.96
2025-06-13,BEAM,buy,17.06,17.728,17.254,17.4987,45.66,11.14,1485290.0,-0.31,53.57,57.24,46.23
2025-06-13,ICUI,buy,132.04,134.382,133.1655,136.4358,45.58,14.47,153534.0,-0.27,50.03,50.22,49.65
2025-06-13,REGN,buy,529.24,522.162,546.847,563.7062,45.55,23.48,1189256.0,-0.42,32.74,28.15,41.92
2025-06-13,OPK,buy,1.33,1.356,1.3382,1.3689,45.53,14.99,2329260.0,-0.14,56.36,65.44,38.2
2025-06-13,RUSHA,buy,49.72,51.122,50.4125,50.6436,45.46,11.55,351427.0,0.05,56.29,59.68,49.51
2025-06-13,OMCL,buy,29.25,30.5,29.753,29.915,45.44,21.36,542200.0,0.11,50.98,69.17,14.6
2025-06-13,MRTN,buy,13.0,13.234,13.1912,13.1791,45.37,11.57,394383.0,-0.22,42.48,43.33,40.78
2025-06-13,TGTX,buy,36.01,38.194,36.4272,37.3411,45.35,18.21,1868762.0,-0.0,54.3,69.56,23.78
2025-06-13,ALHC,buy,14.94,14.978,15.1575,16.4316,45.3,22.14,2687680.0,-0.01,47.35,46.49,49.07
2025-06-13,BANR,buy,61.52,62.486,62.4305,61.565,45.23,10.92,154442.0,0.04,48.47,47.02,51.37
2025-06-13,ARQT,buy,13.43,13.752,13.7875,13.9613,45.14,12.97,1937216.0,0.1,40.91,44.71,33.31
2025-06-13,IMKTA,buy,60.55,60.71,61.1975,61.9594,45.08,8.09,105588.0,-0.08,30.82,34.81,22.84
2025-06-13,HALO,buy,53.98,54.104,54.0877,57.4855,45.03,16.76,1397736.0,-0.28,41.2,45.55,32.5
2025-06-13,PRAA,buy,14.55,14.864,14.4175,15.9232,45.0,23.23,393980.0,-0.22,67.44,66.56,69.2
2025-06-13,TRVI,buy,6.09,6.286,6.3662,6.2998,44.98,23.98,1888996.0,-0.66,42.21,47.37,31.89
2025-06-13,JANX,buy,24.9,25.62,24.9735,26.9298,44.97,14.18,543169.0,-0.17,55.42,57.65,50.96
2025-06-13,TRNS,buy,79.16,76.738,84.0265,81.8522,44.94,21.28,157193.0,0.19,14.79,14.26,15.85
2025-06-13,HRTX,buy,1.93,2.048,1.9615,2.0302,44.89,16.01,850851.0,-0.29,51.28,62.41,29.02
2025-06-13,TENB,buy,31.86,32.006,32.305,32.2372,44.88,15.04,2035556.0,0.3,39.88,45.31,29.02
2025-06-13,CMPR,buy,43.0,45.321,44.4108,43.2766,44.79,19.34,241337.0,0.34,47.88,62.5,18.64
2025-06-13,NEOG,buy,5.53,5.643,5.8498,5.7835,44.79,16.79,4606715.0,-0.47,53.19,48.14,63.29
2025-06-13,SEAT,buy,1.79,1.802,1.7535,2.1809,44.66,22.07,1085692.0,-0.22,69.08,56.97,93.3
2025-06-13,JJSF,buy,115.05,116.442,114.9415,122.7782,44.59,22.33,149805.0,0.31,45.72,51.9,33.36
2025-06-13,NSIT,buy,131.05,134.082,133.3795,134.2234,44.57,11.02,241303.0,0.19,51.02,54.74,43.58
2025-06-13,IAC,buy,35.75,36.63,36.58,35.8044,44.56,12.64,884879.0,-0.09,52.15,54.43,47.59
2025-06-13,CORT,buy,70.06,71.064,73.573,71.7588,44.54,27.35,1084840.0,-0.55,22.21,25.26,16.11
2025-06-13,PSNY,buy,1.03,1.05,1.0844,1.0538,44.52,13.16,1831358.0,-0.44,30.74,29.23,33.76
2025-06-13,SAIA,buy,260.81,259.18,266.0455,285.178,44.52,11.4,769185.0,-0.05,34.97,29.77,45.37
2025-06-13,TH,buy,6.88,6.922,7.1785,6.9208,44.5,26.02,302084.0,-0.02,25.37,34.88,6.35
2025-06-13,NWL,buy,5.24,5.53,5.489,5.2489,44.41,12.52,9450718.0,-0.28,57.88,61.16,51.32
2025-06-13,BVS,buy,6.62,6.724,6.64,7.0964,44.39,22.69,269150.0,-0.22,48.7,49.18,47.74
2025-06-13,BOKF,buy,93.4,95.41,94.9997,93.5769,44.39,10.91,197564.0,-0.04,55.44,60.34,45.64
2025-06-13,ACGL,buy,90.99,90.882,93.451,92.4652,44.36,18.83,1782256.0,0.71,28.94,37.57,11.68
2025-06-13,ZYBT,buy,6.34,6.4,7.6615,8.1479,44.36,12.47,534178.0,-0.0,34.02,28.88,44.3
2025-06-13,STAA,buy,17.08,17.466,17.9925,17.7958,44.35,16.8,647082.0,-0.43,37.49,38.19,36.09
2025-06-13,LMAT,buy,81.13,82.518,82.5195,83.6452,44.34,15.27,137401.0,0.03,50.98,57.88,37.18
2025-06-13,CMCO,buy,15.04,15.982,15.9865,15.2942,44.31,17.59,369588.0,-0.49,35.87,36.13,35.35
2025-06-13,SIRI,buy,21.29,22.12,22.0568,21.3723,44.14,10.43,3856508.0,0.31,53.36,60.25,39.58
2025-06-13,PCAR,buy,91.88,93.722,94.088,91.9954,44.1,13.41,1673937.0,-0.2,39.21,44.24,29.15
2025-06-13,BCAX,buy,10.84,11.67,11.766,12.403,44.07,15.66,551986.0,-0.72,55.57,51.25,64.21
2025-06-13,GPCR,buy,21.68,21.792,22.7875,22.3288,44.01,18.17,961313.0,0.11,31.14,24.98,43.46
2025-06-13,SNDL,buy,1.29,1.324,1.306,1.3436,43.89,11.93,1392459.0,0.12,58.97,58.59,59.73
2025-06-13,VKTX,buy,26.08,28.064,27.5375,26.3348,43.85,13.34,4233418.0,0.67,45.85,52.7,32.15
2025-06-13,ASTH,buy,25.75,26.054,25.4445,28.7435,43.8,25.51,230008.0,0.35,58.28,51.93,70.98
2025-06-13,FIBK,buy,26.68,27.578,27.232,26.7841,43.75,11.62,807531.0,-0.14,49.56,64.1,20.48
2025-06-13,VITL,buy,31.65,32.028,32.5955,33.3228,43.72,20.68,653082.0,-0.31,41.18,33.38,56.78
2025-06-13,SWIM,buy,5.61,5.914,5.919,5.7079,43.72,9.69,430598.0,-0.06,51.45,53.97,46.41
2025-06-13,CRNC,buy,8.43,9.378,9.0705,8.7612,43.7,14.93,1587206.0,-0.22,39.14,51.52,14.38
2025-06-13,CVBF,buy,18.54,18.996,18.9865,18.552,43.69,15.52,516060.0,-0.48,46.99,48.38,44.21
2025-06-13,UCTT,buy,19.87,21.136,20.7015,20.3211,43.68,10.17,743883.0,0.73,58.14,62.62,49.18
2025-06-13,JD,buy,32.76,33.566,33.1995,34.1299,43.56,9.55,7269612.0,-0.17,61.9,60.63,64.44
2025-06-13,HTZ,buy,5.87,6.158,6.475,6.2571,43.55,13.75,5326659.0,-0.05,14.38,20.99,1.16
2025-06-13,HBNC,buy,14.6,15.05,15.016,14.6126,43.54,17.57,144181.0,-0.11,49.26,48.36,51.06
2025-06-13,ORGO,buy,3.07,3.28,3.026,3.7663,43.47,24.27,1131171.0,0.14,51.71,51.14,52.85
2025-06-13,NNOX,buy,5.04,5.352,5.304,5.0936,43.46,12.33,843847.0,-0.27,40.91,55.2,12.33
2025-06-13,GLPI,buy,46.2,47.166,46.6985,47.2532,43.38,20.02,1130244.0,-0.17,51.86,55.7,44.18
2025-06-13,HFWA,buy,22.76,23.4,23.3595,22.9262,43.34,11.38,156168.0,-0.04,44.58,52.11,29.52
2025-06-13,HUBG,buy,32.9,33.616,34.016,33.4312,43.29,10.78,455999.0,0.24,27.4,31.75,18.7
2025-06-13,AHCO,buy,8.6,8.757,8.9282,8.7376,43.28,9.3,932716.0,0.08,24.01,32.1,7.83
2025-06-13,MSBI,buy,16.62,17.094,17.0455,16.9086,43.19,18.57,112683.0,0.03,40.97,41.28,40.35
2025-06-13,SNY,buy,49.67,49.966,50.914,51.5506,43.17,17.53,1762638.0,-0.18,31.36,31.16,31.76
2025-06-13,CGBD,buy,13.9,14.072,14.0385,14.2132,43.12,24.93,433937.0,0.23,51.3,55.01,43.88
2025-06-13,PGNY,buy,21.03,21.734,21.482,22.0052,43.03,17.62,832574.0,0.01,47.08,52.77,35.7
2025-06-13,TCOM,buy,59.98,61.296,62.531,60.2738,43.02,12.27,2098362.0,-0.24,24.02,29.41,13.24
2025-06-13,QDEL,buy,28.9,30.176,30.681,29.6,43.02,10.96,925762.0,-0.08,27.87,31.89,19.83
2025-06-13,SNDX,buy,10.25,10.83,10.5668,11.2719,42.98,14.95,1142716.0,-0.35,48.93,62.75,21.29
2025-06-13,PFG,buy,75.9,76.602,77.7335,76.269,42.9,13.63,1162862.0,0.15,23.44,24.15,22.02
2025-06-13,MMYT,buy,98.72,99.274,101.4315,101.9214,42.86,22.63,556201.0,0.04,27.64,27.9,27.12
2025-06-13,GYRE,buy,7.99,8.4,9.2565,8.9994,42.85,24.64,194282.0,-0.39,16.82,20.87,8.72
2025-06-13,TW,buy,137.26,137.17,141.9232,138.7709,42.78,18.32,1028426.0,-0.14,23.56,23.6,23.48
2025-06-13,ONB,buy,20.42,21.092,21.104,20.6164,42.74,12.18,2436659.0,0.03,41.78,49.8,25.74
2025-06-13,KROS,buy,13.56,13.766,14.2825,13.6369,42.72,19.14,957921.0,0.66,20.88,36.69,-10.74
2025-06-13,MOFG,buy,27.99,29.056,28.9088,28.2148,42.7,11.14,115723.0,0.15,51.44,56.43,41.46
2025-06-13,REAX,buy,4.1,4.184,4.207,4.3329,42.67,8.49,987141.0,-0.14,30.99,38.29,16.39
2025-06-13,TRMK,buy,33.96,34.76,34.8683,34.0433,42.66,17.52,236537.0,-0.11,35.91,41.82,24.09
2025-06-13,WAFD,buy,28.07,28.872,28.8705,28.2411,42.6,14.4,389987.0,0.11,37.47,44.0,24.41
2025-06-13,BRKL,buy,10.23,10.518,10.5167,10.3773,42.53,13.18,521597.0,0.08,45.76,45.79,45.7
2025-06-13,GAMB,buy,11.76,12.112,12.03,12.408,42.39,15.61,323885.0,-0.54,50.38,47.38,56.38
2025-06-13,PPBI,buy,20.59,21.376,21.3615,20.755,42.37,13.76,731374.0,-0.21,36.89,43.51,23.65
2025-06-13,CHKP,buy,218.93,224.4,225.764,219.7384,42.36,16.26,834728.0,0.62,35.67,56.89,-6.77
2025-06-13,MBIN,buy,31.27,32.404,32.2735,32.208,42.36,13.84,134254.0,0.15,45.98,55.7,26.54
2025-06-13,WDAY,buy,244.54,250.444,253.5435,244.9078,42.34,16.79,1792999.0,0.13,44.07,41.98,48.25
2025-06-13,HELE,buy,27.06,28.406,27.9258,30.4565,42.32,18.69,668819.0,0.32,53.58,53.5,53.74
2025-06-13,COST,buy,990.21,1000.63,1021.09,996.7346,42.31,18.83,1983323.0,-0.07,12.4,24.06,-10.92
2025-06-13,SOUN,buy,9.1,9.624,10.026,9.3956,42.3,13.61,25095001.0,-0.13,14.2,21.33,-0.06
2025-06-13,LOPE,buy,184.86,184.222,192.9252,185.0453,42.26,28.83,207430.0,-0.14,14.19,20.64,1.29
2025-06-13,ROP,buy,560.75,569.52,571.0243,564.1675,42.23,11.46,364069.0,-0.26,36.94,42.49,25.84
2025-06-13,ALGT,buy,51.05,54.91,55.1903,51.1369,42.22,18.03,391425.0,0.12,38.56,54.4,6.88
2025-06-13,CME,buy,269.5,268.912,278.486,272.2426,42.15,19.35,2435959.0,0.18,21.92,28.02,9.72
2025-06-13,FOLD,buy,6.03,6.096,6.2,6.5308,42.13,23.25,4185058.0,-0.06,37.31,36.44,39.05
2025-06-13,GSHD,buy,104.22,107.106,109.3145,106.3908,42.09,11.27,163436.0,-0.14,28.25,42.18,0.39
2025-06-13,WASH,buy,27.21,27.768,28.0105,27.8198,42.05,11.57,104117.0,-0.23,37.3,35.98,39.94
2025-06-13,OLMA,buy,4.17,4.18,4.6352,4.5249,42.03,16.01,856084.0,-0.32,16.42,21.33,6.6
2025-06-13,PONY,buy,11.78,12.8,16.0285,12.1037,42.02,29.03,7273065.0,-0.69,6.81,12.94,-5.45
2025-06-13,VRNT,buy,17.17,18.544,17.8958,17.3591,41.92,22.9,1148554.0,-0.4,31.97,42.65,10.61
2025-06-13,AXSM,buy,104.1,107.642,107.141,106.3353,41.87,14.36,589662.0,-0.25,46.73,58.88,22.43
2025-06-13,ARKO,buy,4.21,4.51,4.558,4.3727,41.86,14.18,438379.0,-0.05,43.05,43.96,41.23
2025-06-13,WYNN,buy,84.18,86.028,89.154,83.8398,41.82,19.27,1828277.0,-0.38,27.24,26.28,29.16
2025-06-13,GABC,buy,37.37,38.324,38.4047,37.5367,41.82,18.03,116717.0,0.08,44.27,46.95,38.91
2025-06-13,UFPI,buy,95.67,97.826,98.2235,101.1763,41.82,11.86,405378.0,0.05,38.49,42.07,31.33
2025-06-13,LNW,buy,82.14,86.98,86.4635,84.7288,41.82,9.79,864714.0,-0.16,37.53,50.36,11.87
2025-06-13,THRY,buy,12.85,13.404,13.5135,13.0118,41.75,13.61,299688.0,-0.06,27.79,37.25,8.87
2025-06-13,VLY,buy,8.53,8.886,8.831,8.654,41.74,13.38,9825005.0,0.07,42.98,52.13,24.68
2025-06-13,PLTK,buy,4.68,4.804,4.775,4.9524,41.71,13.18,1032656.0,-0.04,55.37,62.73,40.65
2025-06-13,TTGT,buy,7.07,7.344,7.5805,7.9468,41.7,13.78,560267.0,-0.16,22.75,27.62,13.01
2025-06-13,APOG,buy,38.55,39.832,39.442,41.4402,41.69,18.71,162713.0,0.17,47.07,49.69,41.83
2025-06-13,KELYA,buy,11.51,11.996,11.927,11.7868,41.67,17.31,231136.0,0.07,45.27,50.16,35.49
2025-06-13,CEVA,buy,19.89,21.092,20.176,22.2334,41.64,19.53,237011.0,-0.24,68.3,67.6,69.7
2025-06-13,EBC,buy,14.62,15.098,15.0335,15.0103,41.64,14.38,1214817.0,-0.2,44.05,46.81,38.53
2025-06-13,FFBC,buy,23.35,23.96,24.13,23.6604,41.59,11.7,292871.0,-0.13,35.89,40.67,26.33
2025-06-13,XERS,buy,4.35,4.436,4.72,4.5538,41.55,13.25,1747345.0,-0.42,15.23,22.8,0.09
2025-06-13,PRVA,buy,22.65,22.92,23.27,23.3798,41.43,12.55,650973.0,-0.21,38.71,35.64,44.85
2025-06-13,LGIH,buy,49.7,51.928,51.9585,55.2421,41.4,17.27,344138.0,-0.01,42.57,41.02,45.67
2025-06-13,PDD,buy,100.58,102.236,105.4935,104.4682,41.35,18.85,6367139.0,-0.14,38.85,29.26,58.03
2025-06-13,DRVN,buy,16.88,17.564,17.769,17.1451,41.29,10.49,650867.0,-0.42,34.77,50.01,4.29
2025-06-13,SHOO,buy,23.02,24.754,25.085,23.226,41.25,15.28,1652088.0,0.46,28.31,41.05,2.83
2025-06-13,TALK,buy,2.85,3.041,3.0832,2.9883,41.22,19.48,2013146.0,-0.07,32.19,48.46,-0.35
2025-06-13,COCO,buy,33.06,33.422,35.0795,33.1358,41.15,12.88,450024.0,0.01,11.79,16.58,2.21
2025-06-13,TLRY,buy,0.404,0.4152,0.4296,0.4584,41.11,18.11,25247724.0,-0.35,40.22,38.88,42.9
2025-06-13,TRDA,buy,7.59,7.942,7.929,8.2132,41.1,16.14,96992.0,-0.23,37.5,47.62,17.26
2025-06-13,VNET,buy,5.44,5.89,5.8982,5.9209,41.08,9.92,2379971.0,-0.38,46.01,49.14,39.75
2025-06-13,CLBK,buy,13.91,14.232,14.389,14.224,41.01,11.43,112169.0,-0.14,31.03,31.49,30.11
2025-06-13,SFM,buy,157.92,160.495,166.7508,163.5057,40.98,14.84,1814434.0,0.13,16.37,28.11,-7.11
2025-06-13,SDGR,buy,21.43,24.511,22.8608,23.4086,40.96,21.42,1776378.0,0.85,47.36,64.64,12.8
2025-06-13,PSEC,buy,3.29,3.34,3.3615,3.5115,40.91,39.5,3020763.0,-0.02,56.13,43.37,81.65
2025-06-13,QNST,buy,15.1,15.678,15.473,16.0734,40.91,16.51,382397.0,-0.36,45.72,58.2,20.76
2025-06-13,MMSI,buy,92.97,94.191,95.3722,94.6483,40.9,12.04,527798.0,0.2,33.64,36.66,27.6
2025-06-13,LQDA,buy,14.1,15.136,16.1518,15.1086,40.89,20.07,4688181.0,0.7,26.04,39.94,-1.76
2025-06-13,VIAV,buy,9.18,9.4,9.269,9.6016,40.8,17.77,2008439.0,-0.08,61.77,67.95,49.41
2025-06-13,CPRX,buy,23.53,25.076,24.8615,23.838,40.75,16.69,1567224.0,0.42,42.08,63.7,-1.16
2025-06-13,AAPL,buy,196.45,199.71,201.897,201.4312,40.72,17.05,56775280.0,0.25,35.21,44.94,15.75
2025-06-13,TOWN,buy,33.25,34.114,34.3735,33.2936,40.72,15.27,236965.0,-0.02,35.55,43.39,19.87
2025-06-13,XEL,buy,67.62,68.456,69.5495,69.7091,40.7,14.89,2754321.0,0.16,17.96,20.36,13.16
2025-06-13,REAL,buy,4.96,5.524,5.4595,5.5969,40.7,11.78,3766522.0,0.76,30.81,47.45,-2.47
2025-06-13,ZD,buy,30.78,32.954,32.3165,32.0568,40.68,11.43,494983.0,0.02,47.19,63.88,13.81
2025-06-13,IEP,buy,8.23,8.282,8.509,8.5847,40.66,20.61,817096.0,0.72,25.88,24.19,29.26
2025-06-13,ATEX,buy,26.95,27.546,27.4685,29.3657,40.65,30.5,96357.0,-0.35,57.36,55.84,60.4
2025-06-13,RXST,buy,14.21,14.876,15.464,14.9284,40.63,14.52,567136.0,-0.18,21.25,32.85,-1.95
2025-06-13,CCOI,buy,46.98,48.152,47.7762,50.9139,40.55,37.24,756559.0,-0.05,61.38,62.63,58.88
2025-06-13,SIGI,buy,85.12,85.494,87.2935,87.8166,40.51,16.08,266365.0,-0.21,18.77,27.99,0.33
2025-06-13,RIVN,buy,13.42,14.066,14.8938,13.5691,40.47,18.56,21881075.0,-0.2,12.29,16.69,3.49
2025-06-13,DBX,buy,28.09,28.584,28.8275,28.3044,40.44,17.82,3364031.0,0.1,29.6,43.54,1.72
2025-06-13,CCAP,buy,14.8,14.812,15.18,15.4729,40.43,27.69,362423.0,0.41,26.66,24.34,31.3
2025-06-13,CERT,buy,11.01,11.626,11.5528,12.0901,40.4,16.86,2350162.0,0.61,44.55,55.42,22.81
2025-06-13,FELE,buy,84.61,86.382,86.751,87.3086,40.4,16.34,236341.0,-0.01,43.06,51.29,26.6
2025-06-13,ARDX,buy,3.6,3.704,3.8465,4.1893,40.39,23.83,5804981.0,0.1,22.09,30.17,5.93
2025-06-13,IOSP,buy,84.77,87.334,86.7445,88.0142,40.39,9.89,249949.0,0.59,45.89,49.6,38.47
2025-06-13,LNTH,buy,77.83,80.472,77.9885,88.9838,40.38,23.5,1104880.0,-0.04,58.73,65.31,45.57
2025-06-13,REG,buy,70.25,71.43,71.9145,71.479,40.36,12.75,1055739.0,0.16,29.27,36.25,15.31
2025-06-13,SATS,buy,16.84,16.983,18.9738,21.081,40.35,26.78,4778595.0,-0.28,34.94,30.55,43.72
2025-06-13,CNOB,buy,22.28,23.046,23.026,22.7946,40.35,11.77,322260.0,-0.1,40.64,45.78,30.36
2025-06-13,CART,buy,43.37,44.344,45.8725,43.4738,40.28,14.91,3380270.0,-0.04,14.14,27.02,-11.62
2025-06-13,CZR,buy,25.56,27.155,27.4348,27.0615,40.24,17.48,5336304.0,0.08,36.41,36.88,35.47
2025-06-13,GLBE,buy,31.97,33.51,32.785,33.9804,40.23,13.52,973626.0,-0.6,52.63,58.4,41.09
2025-06-13,BCPC,buy,161.53,165.232,166.7235,162.6128,40.23,11.73,162755.0,0.48,18.56,29.03,-2.38
2025-06-13,PPC,buy,46.14,45.65,48.1143,49.506,40.22,23.95,1256978.0,0.26,20.54,20.45,20.72
2025-06-13,PPTA,buy,12.835,15.221,14.7498,13.6977,40.21,28.52,3807152.0,1.05,36.47,60.43,-11.45
2025-06-13,HLIT,buy,8.85,9.302,9.264,9.1042,40.18,12.58,717066.0,0.15,38.2,53.7,7.2
2025-06-13,SPSC,buy,134.8,138.902,142.9065,139.4916,40.16,14.67,429120.0,0.44,20.8,29.13,4.14
2025-06-13,STGW,buy,4.38,4.71,4.689,5.1102,40.14,16.07,1912759.0,-0.4,54.66,49.7,64.58
2025-06-13,WMG,buy,26.34,26.484,26.467,28.0152,40.02,32.03,1522532.0,0.17,59.8,51.54,76.32
2025-06-13,GGAL,buy,54.67,55.672,58.488,58.316,40.02,17.75,2829341.0,1.51,21.11,20.74,21.85
2025-06-13,CLPT,buy,11.54,12.614,12.545,12.7657,40.01,15.83,335880.0,-0.07,30.9,45.87,0.96
2025-06-13,NBTB,buy,40.76,41.916,42.0915,41.7556,40.01,12.65,148653.0,-0.18,35.7,38.96,29.18
2025-06-13,BLKB,buy,60.6,61.968,62.5505,62.3764,39.99,12.06,225893.0,0.13,31.74,46.45,2.32
2025-06-13,TRIP,buy,13.3,13.992,14.2185,13.3982,39.96,13.34,2196233.0,-0.04,32.95,42.43,13.99
2025-06-13,SFNC,buy,18.34,18.92,18.9918,18.8165,39.96,12.09,573011.0,0.26,38.53,41.82,31.95
2025-06-13,JBLU,buy,4.47,4.816,5.004,4.5103,39.94,19.05,22240622.0,-0.12,14.01,25.61,-9.19
2025-06-13,ATRC,buy,31.62,32.908,33.606,32.4912,39.91,18.61,436761.0,-0.21,29.05,51.54,-15.93
2025-06-13,WGS,buy,64.57,68.638,70.156,78.0534,39.87,11.31,735910.0,0.16,32.81,48.64,1.15
2025-06-13,COLB,buy,22.6,23.546,23.7395,23.1786,39.72,12.18,2231346.0,0.23,32.86,39.36,19.86
2025-06-13,NEO,buy,7.07,7.538,7.5045,8.2035,39.61,12.46,2211598.0,0.18,35.36,41.53,23.02
2025-06-13,WABC,buy,46.98,48.256,48.5208,47.9492,39.6,11.6,101025.0,-0.21,30.5,36.69,18.12
2025-06-13,TATT,buy,26.29,26.246,28.7372,28.9804,39.53,20.54,147678.0,-0.5,9.06,9.27,8.64
2025-06-13,MLYS,buy,14.32,15.402,15.7335,14.6554,39.53,16.57,531341.0,0.07,26.82,41.92,-3.38
2025-06-13,PNFP,buy,102.06,106.072,107.084,102.394,39.43,15.59,403312.0,0.29,32.36,42.75,11.58
2025-06-13,PLSE,buy,15.77,16.662,17.062,16.8816,39.39,15.67,201625.0,0.32,24.3,39.83,-6.76
2025-06-13,ERII,buy,12.36,12.63,12.6265,13.7004,39.37,24.3,337199.0,-0.15,38.54,42.16,31.3
2025-06-13,PAYO,buy,6.51,6.842,6.8905,6.7658,39.37,15.22,2227748.0,-0.2,43.31,50.62,28.69
2025-06-13,AMWD,buy,52.91,55.444,56.676,57.3434,39.36,10.66,126111.0,-0.18,22.77,28.58,11.15
2025-06-13,FWRG,buy,15.02,15.724,15.769,16.9552,39.28,24.71,563026.0,-0.68,47.44,46.48,49.36
2025-06-13,LX,buy,7.02,7.274,7.6325,7.7599,39.27,16.44,1558733.0,-0.03,20.86,20.19,22.2
2025-06-13,CENTA,buy,30.23,31.384,31.6985,31.2382,39.23,19.74,276436.0,-0.16,35.1,45.87,13.56
2025-06-13,BMRN,buy,56.22,57.004,57.618,59.3208,39.22,8.95,1985218.0,-0.11,37.74,33.82,45.58
2025-06-13,GRAB,buy,4.57,4.718,4.9105,4.6564,39.18,18.0,60506276.0,1.12,17.33,29.79,-7.59
2025-06-13,INTA,buy,53.47,56.342,56.233,54.8647,39.18,13.15,606739.0,0.55,40.66,55.91,10.16
2025-06-13,WBTN,buy,8.17,8.63,8.801,8.7154,39.16,20.37,231459.0,-0.2,29.8,41.82,5.76
2025-06-13,FRME,buy,35.98,37.07,37.628,36.9156,39.13,12.21,240631.0,-0.03,25.42,29.61,17.04
2025-06-13,EXPO,buy,75.1,76.362,77.3475,77.8804,39.1,11.51,257358.0,-0.03,20.59,32.03,-2.29
2025-06-13,DGICA,buy,18.845,19.111,19.864,19.3706,39.08,20.11,119953.0,0.11,12.4,17.96,1.28
2025-06-13,NBBK,buy,16.22,16.444,16.7965,16.841,39.06,21.96,476540.0,0.01,50.88,43.18,66.28
2025-06-13,STRA,buy,83.95,84.266,88.5485,84.8854,38.96,30.37,183294.0,0.4,18.94,29.47,-2.12
2025-06-13,WRD,buy,7.85,8.646,9.2972,8.9367,38.9,18.21,8914649.0,-0.38,8.48,17.14,-8.84
2025-06-13,ADTN,buy,7.5,7.898,8.0395,7.8606,38.75,14.21,816797.0,0.27,24.67,37.32,-0.63
2025-06-13,PCRX,buy,24.24,24.664,25.776,25.4474,38.74,13.69,701702.0,0.37,21.46,30.55,3.28
2025-06-13,POOL,buy,288.9,297.854,303.884,303.749,38.72,10.1,623204.0,0.0,20.36,27.14,6.8
2025-06-13,FFIC,buy,11.63,12.144,12.1855,12.1096,38.69,15.06,173618.0,-0.08,38.81,40.79,34.85
2025-06-13,EZPW,buy,13.17,13.548,13.429,14.6224,38.64,43.74,731991.0,0.01,46.61,48.45,42.93
2025-06-13,SAIC,buy,105.43,104.254,111.624,115.3599,38.56,32.46,594297.0,-0.53,27.6,24.62,33.56
2025-06-13,HCKT,buy,24.1,24.726,24.8385,25.476,38.53,23.27,177362.0,0.48,40.91,45.42,31.89
2025-06-13,WIX,buy,149.1,154.386,156.95,161.4019,38.44,22.11,1303916.0,0.87,45.49,40.48,55.51
2025-06-13,OFIX,buy,11.0,11.232,11.298,12.557,38.43,35.96,409144.0,-0.25,41.11,36.99,49.35
2025-06-13,EOSE,buy,4.03,4.09,4.929,5.019,38.37,23.33,12594821.0,-0.3,13.37,12.27,15.57
2025-06-13,VERX,buy,36.92,38.0,39.2087,38.7003,38.37,23.0,1700122.0,1.14,24.77,42.59,-10.87
2025-06-13,NWS,buy,31.35,31.738,32.3015,31.4388,38.36,12.49,603577.0,-0.07,15.32,23.32,-0.68
2025-06-13,CROX,buy,97.49,102.566,105.874,101.9726,38.31,16.79,1346832.0,-0.06,23.78,24.88,21.58
2025-06-13,MFIC,buy,12.21,12.632,12.8378,12.2251,38.22,23.26,561701.0,0.66,24.79,45.45,-16.53
2025-06-13,MFH,buy,3.79,4.09,4.125,5.2552,38.19,22.92,797663.0,5.29,49.88,44.54,60.56
2025-06-13,ACIC,buy,10.43,10.68,10.965,11.0958,38.11,17.04,258347.0,-0.48,9.91,21.03,-12.33
2025-06-13,LINE,buy,43.65,45.021,44.9622,48.6476,38.06,22.46,974839.0,0.14,50.03,47.39,55.31
2025-06-13,VCYT,buy,26.44,27.358,27.46,29.3627,37.94,25.39,906172.0,-0.07,37.66,42.37,28.24
2025-06-13,AMBA,buy,50.73,53.454,57.63,51.9096,37.91,22.37,739705.0,-0.41,16.04,22.3,3.52
2025-06-13,KLTR,buy,1.99,2.086,2.1495,2.091,37.88,18.42,382700.0,0.12,20.63,35.95,-10.01
2025-06-13,NFE,buy,2.74,2.982,2.8612,4.5824,37.82,20.94,7939151.0,0.05,54.98,53.65,57.64
2025-06-13,AVAH,buy,4.91,5.23,5.4245,5.1012,37.8,15.47,629574.0,0.0,19.84,31.78,-4.04
2025-06-13,TVTX,buy,14.5,14.8,15.519,16.908,37.78,31.96,1829539.0,0.32,14.58,14.05,15.64
2025-06-13,PERI,buy,9.46,9.94,10.4785,9.5502,37.78,25.33,296736.0,0.44,11.55,20.81,-6.97
2025-06-13,SATL,buy,3.22,3.372,3.6772,3.8221,37.75,16.42,1339797.0,-0.13,13.45,17.47,5.41
2025-06-13,CBSH,buy,60.68,62.424,63.262,61.6526,37.71,15.03,512633.0,0.07,23.14,32.11,5.2
2025-06-13,DSP,buy,12.63,13.362,13.8995,13.8143,37.71,14.7,312287.0,0.28,19.66,24.17,10.64
2025-06-13,SVRA,buy,2.21,2.276,2.505,2.8212,37.57,25.13,709597.0,-0.44,39.6,36.89,45.02
2025-06-13,CRESY,buy,10.62,10.968,11.6495,11.347,37.53,16.68,285087.0,0.29,14.4,22.18,-1.16
2025-06-13,TEAM,buy,196.82,205.136,209.8005,209.806,37.42,13.23,2290397.0,0.04,26.35,39.99,-0.93
2025-06-13,FYBR,buy,36.1,36.196,36.434,36.2792,37.38,23.47,2649662.0,-0.15,14.43,17.41,8.47
2025-06-13,AAL,buy,10.37,11.186,11.4165,10.6671,37.29,21.82,56582707.0,0.18,26.38,40.16,-1.18
2025-06-13,OPEN,buy,0.575,0.5906,0.6589,0.7766,37.22,18.73,79162061.0,-0.09,18.62,21.83,12.2
2025-06-13,ACHC,buy,21.23,22.146,22.998,23.9012,37.21,18.82,2826026.0,1.13,28.0,30.28,23.44
2025-06-13,LCID,buy,2.1,2.172,2.407,2.4374,37.19,18.9,105534118.0,-0.4,9.82,12.6,4.26
2025-06-13,SPTN,buy,17.62,18.272,19.0595,19.3748,37.12,12.4,322629.0,-0.13,7.16,11.89,-2.3
2025-06-13,UTHR,buy,283.35,291.144,309.544,300.6838,37.04,28.57,1283464.0,1.99,26.42,42.63,-6.0
2025-06-13,OXLC,buy,4.37,4.434,4.502,4.5566,36.95,24.58,5109709.0,0.02,25.26,25.47,24.84
2025-06-13,ULCC,buy,3.43,3.816,3.9335,3.6602,36.9,18.25,4362698.0,0.76,27.66,38.46,6.06
2025-06-13,AIOT,buy,4.45,4.72,4.9685,4.9938,36.87,21.46,1742040.0,0.11,27.85,27.15,29.25
2025-06-13,IART,buy,12.16,13.108,13.005,14.7346,36.83,24.74,1691985.0,0.68,38.56,53.16,9.36
2025-06-13,HSTM,buy,27.25,27.786,28.132,29.9026,36.82,20.93,186402.0,0.02,24.69,39.51,-4.95
2025-06-13,BITF,buy,0.8385,0.8976,0.9781,0.9538,36.79,26.96,15413045.0,0.54,11.02,15.75,1.56
2025-06-13,SPT,buy,20.3,21.344,21.831,21.3216,36.78,12.39,556876.0,-0.15,26.46,36.02,7.34
2025-06-13,TARS,buy,40.89,41.416,42.927,45.68,36.72,32.53,589648.0,0.11,26.76,35.91,8.46
2025-06-13,WTW,buy,296.33,298.28,308.5415,310.8534,36.68,29.34,581711.0,0.2,20.38,30.12,0.9
2025-06-13,HURN,buy,134.7,137.266,144.572,143.3999,36.65,22.93,204882.0,0.03,16.55,22.81,4.03
2025-06-13,DPZ,buy,452.15,454.698,472.15,472.8986,36.63,21.69,652077.0,0.29,15.43,17.24,11.81
2025-06-13,VSTM,buy,5.6,5.936,6.928,6.5945,36.57,21.11,1275028.0,-0.64,6.78,12.48,-4.62
2025-06-13,BIGC,buy,4.77,5.158,5.0745,5.1686,36.55,12.96,730417.0,-0.45,39.15,54.77,7.91
2025-06-13,COLM,buy,59.62,62.252,63.535,64.535,36.49,20.09,565989.0,-0.14,26.45,30.1,19.15
2025-06-13,QVCGP,buy,8.18,8.774,9.99,17.623,36.48,36.81,107220.0,-0.66,40.1,32.99,54.32
2025-06-13,NEXN,buy,9.94,10.376,11.0415,10.241,36.46,21.87,270432.0,-0.23,7.37,14.31,-6.51
2025-06-13,ATEC,buy,11.06,11.658,12.345,11.6276,36.32,27.51,2017278.0,0.43,18.17,28.95,-3.39
2025-06-13,KRNT,buy,19.54,21.506,22.2195,20.058,36.29,26.66,380645.0,0.47,28.94,47.04,-7.26
2025-06-13,WEN,buy,11.18,11.388,11.585,12.197,36.26,19.13,5903327.0,0.05,35.33,39.34,27.31
2025-06-13,FRPT,buy,74.27,77.054,81.686,79.3244,36.25,16.0,1061756.0,0.25,14.68,19.95,4.14
2025-06-13,HNST,buy,4.54,4.81,5.0205,4.7983,36.21,11.67,2483377.0,0.07,16.24,27.38,-6.04
2025-06-13,CASH,buy,74.37,76.355,77.7693,76.675,36.16,15.36,130385.0,-0.11,21.85,25.44,14.67
2025-06-13,NNDM,buy,1.44,1.506,1.5485,1.5412,36.12,16.75,1944457.0,0.65,26.27,25.21,28.39
2025-06-13,COO,buy,69.7,71.332,74.714,77.695,35.98,24.94,1962973.0,-0.55,35.05,34.49,36.17
2025-06-13,AUR,buy,5.46,5.772,5.982,6.4302,35.98,20.75,17416644.0,-0.06,18.14,22.6,9.22
2025-06-13,SGML,buy,5.02,5.374,5.4023,6.842,35.93,33.67,1819404.0,0.2,40.96,40.02,42.84
2025-06-13,APPN,buy,29.46,30.904,31.4485,30.2454,35.9,12.16,448821.0,-0.25,22.71,34.49,-0.85
2025-06-13,SRPT,buy,36.18,38.016,38.567,46.6126,35.87,23.0,3558219.0,0.23,18.4,30.52,-5.84
2025-06-13,UNIT,buy,4.1,4.208,4.347,4.5248,35.86,19.62,1587696.0,0.13,20.47,25.22,10.97
2025-06-13,SBGI,buy,13.0,13.304,13.8335,14.2992,35.81,27.91,512190.0,-0.01,25.22,25.13,25.4
2025-06-13,ZM,buy,76.63,78.374,80.5445,77.3849,35.73,16.04,2049705.0,-0.04,13.14,22.06,-4.7
2025-06-13,ALMS,buy,3.14,3.28,4.0118,4.9131,35.61,16.69,724910.0,-0.32,3.24,5.05,-0.38
2025-06-13,TKNO,buy,5.48,5.82,5.9998,6.025,35.57,11.12,219959.0,-0.26,21.57,24.81,15.09
2025-06-13,TREE,buy,34.16,35.682,35.8305,40.8073,35.46,20.78,246662.0,-0.13,36.05,41.64,24.87
2025-06-13,LKQ,buy,38.12,39.116,40.1705,40.285,35.4,17.46,1521870.0,-0.19,22.12,26.91,12.54
2025-06-13,ADP,buy,306.82,312.405,321.1802,307.3297,35.38,24.84,1605695.0,0.02,19.92,36.9,-14.04
2025-06-13,DOCU,buy,74.06,76.386,85.0595,81.8836,35.37,23.89,5449844.0,-0.29,12.11,24.76,-13.19
2025-06-13,TMCI,buy,5.67,5.956,6.0315,6.6086,35.16,29.64,324557.0,0.08,28.92,30.16,26.44
2025-06-13,HLMN,buy,6.86,7.274,7.4355,7.5529,35.0,18.38,911274.0,-0.27,29.96,36.26,17.36
2025-06-13,EVCM,buy,9.42,9.952,10.047,10.105,34.99,16.51,199030.0,-0.14,30.38,43.87,3.4
2025-06-13,ALKT,buy,26.68,28.734,29.392,27.609,34.95,21.86,903087.0,-0.02,23.36,38.14,-6.2
2025-06-13,MRX,buy,39.21,39.844,42.7695,42.275,34.92,29.3,883136.0,0.4,11.62,15.2,4.46
2025-06-13,DJT,buy,19.52,20.42,22.265,22.5806,34.88,22.57,6000707.0,-0.38,8.88,12.68,1.28
2025-06-13,SHC,buy,11.43,11.98,12.2795,11.8323,34.84,15.09,1828953.0,0.35,19.91,29.37,0.99
2025-06-13,NPCE,buy,11.07,12.0,14.1895,12.8203,34.79,30.3,324417.0,0.11,16.68,23.38,3.28
2025-06-13,ISRG,buy,512.18,520.668,545.1965,523.8726,34.79,22.27,2616981.0,1.09,34.9,47.63,9.44
2025-06-13,TFSL,buy,12.7,13.056,13.2,12.903,34.77,15.29,357154.0,0.24,21.74,32.24,0.74
2025-06-13,EMBC,buy,9.56,9.95,10.664,11.4868,34.72,19.29,717170.0,0.26,8.22,9.73,5.2
2025-06-13,BBCP,buy,5.96,6.031,6.8178,6.4117,34.59,33.5,133000.0,0.04,22.44,28.76,9.8
2025-06-13,RELY,buy,19.35,19.9,21.339,21.0012,34.54,20.38,3414478.0,0.22,11.67,14.1,6.81
2025-06-13,MLAB,buy,97.1,101.742,106.1077,112.0968,34.42,26.45,164073.0,0.07,19.58,23.75,11.24
2025-06-13,KHC,buy,26.08,26.406,26.7785,28.05,34.37,30.49,10760249.0,-0.05,25.51,30.02,16.49
2025-06-13,ADAP,buy,0.2423,0.2639,0.2775,0.27,34.28,11.67,826197.0,0.51,20.71,35.85,-9.57
2025-06-13,JACK,buy,18.3,20.0,20.2738,23.3339,34.27,25.95,1016774.0,0.18,29.34,36.46,15.1
2025-06-13,ELPW,buy,1.05,1.076,2.8278,2.9334,34.26,30.42,358798.0,-0.47,2.78,3.36,1.62
2025-06-13,IMXI,buy,10.28,11.002,11.151,11.6186,34.22,20.75,399422.0,0.57,31.63,46.04,2.81
2025-06-13,INMD,buy,13.36,14.163,14.4008,14.7144,34.21,18.52,1289613.0,0.18,26.09,39.46,-0.65
2025-06-13,DSGX,buy,99.2,99.838,109.574,106.5943,33.99,36.07,513547.0,-0.12,11.6,20.21,-5.62
2025-06-13,ACIW,buy,45.07,46.836,46.8735,49.6324,33.92,27.76,552838.0,-0.06,40.96,47.89,27.1
2025-06-13,HTHT,buy,33.3,34.544,35.535,35.1692,33.68,12.86,1484586.0,0.15,15.6,23.07,0.66
2025-06-13,MDXG,buy,6.04,6.312,6.5785,6.755,33.64,20.65,573325.0,0.22,16.41,16.15,16.93
2025-06-13,CRVL,buy,105.07,107.092,110.639,111.575,33.6,11.99,124042.0,0.31,7.46,10.86,0.66
2025-06-13,FUFU,buy,3.07,3.264,3.547,3.7736,33.55,14.33,712515.0,-0.02,17.96,23.49,6.9
2025-06-13,AMSF,buy,44.45,45.174,46.469,47.5842,33.43,37.97,151987.0,0.15,14.64,21.07,1.78
2025-06-13,GCMG,buy,11.94,12.3,12.5028,12.502,33.22,32.91,387385.0,-0.08,25.76,39.41,-1.54
2025-06-13,VMEO,buy,4.24,4.42,4.4658,4.7176,33.21,24.07,1038563.0,0.13,27.31,39.66,2.61
2025-06-13,LQDT,buy,23.4,24.278,24.1345,27.4924,33.12,36.82,198922.0,-0.35,49.83,55.78,37.93
2025-06-13,ROST,buy,131.845,136.789,143.1282,141.2395,33.05,22.69,3748321.0,0.61,25.89,38.03,1.61
2025-06-13,RCKT,buy,2.93,3.042,3.9427,5.5042,33.01,37.84,3879502.0,-0.39,34.04,22.8,56.52
2025-06-13,SMPL,buy,32.32,33.308,34.3,35.2794,32.99,18.84,1184063.0,0.14,15.3,19.76,6.38
2025-06-13,REYN,buy,21.12,21.644,22.1005,22.8462,32.95,33.09,1239381.0,0.17,17.28,20.31,11.22
2025-06-13,UPWK,buy,13.83,14.742,15.56,14.5863,32.69,18.13,2059578.0,-0.02,10.95,14.63,3.59
2025-06-13,IIIV,buy,22.84,24.302,24.8885,24.9988,32.38,29.21,327923.0,-0.23,30.8,39.2,14.0
2025-06-13,HLNE,buy,138.95,147.236,157.215,152.7462,32.33,23.03,724626.0,0.24,8.46,14.01,-2.64
2025-06-13,TMUS,buy,228.0,232.514,240.059,246.3182,32.18,20.39,4952459.0,0.71,17.7,32.16,-11.22
2025-06-13,CPB,buy,32.79,33.57,34.2055,35.7301,31.99,21.78,5218428.0,-0.06,21.62,31.43,2.0
2025-06-13,GTLB,buy,41.23,45.092,47.076,46.235,31.84,18.38,11831773.0,2.25,26.33,37.44,4.11
2025-06-13,OKTA,buy,97.48,100.016,110.6372,108.4599,31.79,33.79,3797264.0,0.14,3.1,6.59,-3.88
2025-06-13,PRTA,buy,5.08,5.152,5.5445,7.6428,31.74,43.87,1063956.0,-0.24,40.67,30.61,60.79
2025-06-13,KRT,buy,26.44,28.359,30.5978,28.0082,31.47,24.66,239101.0,3.22,18.91,34.03,-11.33
2025-06-13,CLOV,buy,2.885,2.951,3.181,3.363,30.87,29.6,5264141.0,0.13,7.15,6.14,9.17
2025-06-13,CRTO,buy,24.15,25.57,26.1855,28.7105,30.74,20.44,555613.0,0.01,25.39,30.36,15.45
2025-06-13,CLBT,buy,15.78,16.214,16.6995,18.1288,30.64,23.45,1498795.0,-0.07,14.19,18.78,5.01
2025-06-13,PNBK,buy,1.01,1.16,2.743,3.0643,30.6,39.25,946558.0,-0.38,1.1,2.59,-1.88
2025-06-13,GDYN,buy,11.48,12.02,12.636,13.3542,30.6,22.29,582558.0,-0.17,9.01,10.29,6.45
2025-06-13,TTAN,buy,100.19,102.608,114.548,113.5796,30.5,28.4,3681620.0,1.46,11.85,16.94,1.67
2025-06-13,MCW,buy,6.32,6.524,6.9125,7.1482,30.42,31.27,981217.0,-0.58,13.88,17.76,6.12
2025-06-13,VEON,buy,38.265,45.139,51.202,46.9765,30.23,23.31,423514.0,2.37,16.9,18.21,14.28
2025-06-13,PCTY,buy,176.81,183.588,192.1735,189.4954,30.22,18.18,658046.0,0.34,11.24,21.17,-8.62
2025-06-13,LFST,buy,5.26,5.576,5.7845,6.1568,30.12,20.66,1616339.0,0.11,19.36,35.46,-12.84
2025-06-13,NWE,buy,51.62,52.474,54.1315,55.95,29.7,30.92,410691.0,-0.06,11.5,14.33,5.84
2025-06-13,KMTS,buy,17.61,19.505,21.5115,22.7515,29.6,18.92,160932.0,0.1,11.23,16.58,0.53
2025-06-13,WOOF,buy,2.47,2.61,3.3238,3.195,29.49,35.4,5844751.0,-0.38,8.65,20.08,-14.21
2025-06-13,MNKD,buy,3.71,3.942,4.185,4.5014,29.43,31.92,3253930.0,0.71,13.47,25.53,-10.65
2025-06-13,ETON,buy,14.3,15.092,17.9475,16.3242,28.98,29.44,495425.0,-0.04,3.98,9.6,-7.26
2025-06-13,DNUT,buy,2.64,2.82,2.935,3.5938,28.87,43.58,3069765.0,0.19,16.86,26.18,-1.78
2025-06-13,CGNT,buy,8.96,10.034,10.6325,9.9997,28.6,38.91,817866.0,1.54,25.68,47.19,-17.34
2025-06-13,JAMF,buy,9.47,10.202,10.5355,10.9552,28.06,13.73,808620.0,-0.07,17.06,25.5,0.18
2025-06-13,BRZE,buy,27.31,28.794,33.82,32.3944,27.82,29.1,2351649.0,-0.07,8.53,21.44,-17.29
2025-06-13,AXGN,buy,9.75,10.21,10.9308,13.529,27.37,41.93,735324.0,0.52,10.8,13.83,4.74
2025-06-13,LULU,buy,239.11,251.192,301.8427,283.7907,27.02,33.08,4499532.0,-0.22,7.38,20.55,-18.96
2025-06-13,CVCO,buy,396.53,418.8,451.9532,477.118,22.96,38.7,224369.0,0.1,5.32,6.72,2.52
2025-06-13,AAON,buy,72.99,79.102,93.9673,90.8865,22.61,29.2,1718263.0,2.41,5.68,9.66,-2.28
2025-06-13,GIII,buy,20.54,21.554,26.292,25.7582,22.24,28.59,1361861.0,0.35,8.85,21.08,-15.61
2025-06-13,FAST,buy,42.17,42.506,49.7748,67.5585,20.94,51.08,5123602.0,0.2,58.06,38.13,97.92
2025-06-13,SLP,buy,19.07,24.042,28.8875,30.2963,20.02,33.54,815965.0,1.01,9.86,17.25,-4.92
2025-06-13,CPRT,buy,48.59,49.902,53.7025,57.4577,19.89,43.61,7468245.0,0.19,5.02,4.93,5.2
2025-06-13,COKE,buy,108.62,109.568,423.148,945.4468,8.31,74.51,499723.0,-0.3,9.33,3.79,20.41
2025-06-12,TVTX,buy,14.94,14.964,15.8515,16.9768,40.15,31.62,1891122.0,0.37,17.57,13.79,25.13
2025-06-12,OPEN,buy,0.6014,0.6116,0.6667,0.7853,39.5,18.93,81748537.0,-0.06,24.05,23.43,25.29
2025-06-12,EMBC,buy,10.04,9.996,10.769,11.546,38.94,18.41,775867.0,0.37,12.2,10.49,15.62
2025-06-12,CCAP,buy,14.7,14.86,15.237,15.5181,38.22,27.97,391669.0,0.52,23.33,23.18,23.63
2025-06-12,NWE,buy,52.73,52.636,54.3225,56.0956,35.19,29.62,364054.0,-0.16,15.86,15.74,16.1
2025-06-12,RCKT,buy,3.07,3.069,4.1325,5.5716,34.13,37.85,4072339.0,-0.36,18.76,17.18,21.92
2025-06-10,MDXG,buy,6.53,6.446,6.7105,6.8392,44.69,18.91,412350.0,-0.12,18.77,16.19,23.93
2025-06-10,PDD,buy,102.39,100.718,107.944,105.517,44.18,21.08,6730538.0,-0.09,23.11,20.5,28.33
2025-06-10,GDYN,buy,12.15,12.136,13.0265,13.574,36.41,20.76,525961.0,-0.25,9.35,8.63,10.79
2025-06-09,DPZ,buy,467.95,465.326,478.6555,473.5956,43.79,16.94,501537.0,-0.01,25.06,24.83,25.52
2025-06-09,IGIC,buy,22.87,22.908,23.2695,23.996,42.56,16.97,194825.0,0.56,22.66,21.05,25.88
2025-06-09,TMCI,buy,5.9,5.812,6.2197,6.7972,37.26,32.36,258456.0,-0.14,16.17,13.08,22.35
2025-06-09,AFYA,buy,17.55,17.768,18.5328,18.3989,36.05,14.19,116460.0,0.29,12.4,12.29,12.62
2025-06-09,CCRN,buy,13.1,12.99,13.4955,13.8904,33.82,24.92,211244.0,-0.03,12.28,8.66,19.52
2025-06-05,KIDS,buy,20.86,20.268,21.666,21.974,45.28,17.71,234109.0,1.25,21.45,17.81,28.73
2025-06-05,ACHC,buy,22.63,22.388,23.9345,24.819,42.88,17.64,1437210.0,0.15,20.51,17.33,26.87
2025-06-05,JAMF,buy,10.54,10.522,10.916,11.2324,41.93,14.21,900033.0,-0.07,22.92,19.61,29.54
2025-06-05,PTEN,buy,5.57,5.594,5.8405,6.1646,41.84,12.79,13193301.0,-0.15,25.14,23.88,27.66
2025-06-05,IQ,buy,1.67,1.644,1.7805,1.8495,40.41,22.24,17474564.0,-0.36,20.46,16.59,28.2
2025-06-02,AKAM,buy,76.17,76.5,78.375,77.9062,44.85,16.11,1262808.0,-0.36,23.01,20.71,27.61
2025-06-02,GLBE,buy,32.2,31.75,34.4515,34.592,42.27,19.46,2707175.0,-0.43,8.53,8.3,8.99
2025-06-02,ACIW,buy,46.12,46.274,48.5195,51.1122,36.25,32.06,709427.0,0.09,15.7,14.73,17.64
2025-06-02,VMEO,buy,4.39,4.39,4.6088,4.8883,35.94,24.64,989793.0,-0.26,9.27,8.42,10.97
2025-06-02,ASTH,buy,24.5,24.65,27.3412,29.6749,32.62,32.13,194980.0,-0.1,10.98,10.87,11.2
2025-06-02,AXGN,buy,10.97,11.004,12.148,14.9286,29.63,42.63,370466.0,-0.23,17.14,14.08,23.26
2025-05-29,AMED,buy,93.94,93.706,94.696,93.4826,49.04,21.22,164057.0,-0.23,19.48,18.68,21.08
2025-05-29,FCFS,buy,127.24,127.27,129.933,125.3915,48.58,24.06,192035.0,-0.3,26.11,25.89,26.55
2025-05-29,BBIO,buy,33.37,33.008,34.6215,34.5331,45.65,18.39,2223980.0,0.15,19.36,15.31,27.46
2025-05-29,ADMA,buy,19.77,19.95,20.88,20.6818,44.54,19.87,2448190.0,0.18,26.36,25.32,28.44
2025-05-29,AXSM,buy,104.64,104.206,107.9135,109.0183,44.34,18.92,482591.0,-0.02,18.98,17.79,21.36
2025-05-29,GO,buy,13.74,13.654,14.4945,14.3456,42.73,25.03,3734509.0,0.28,21.2,16.95,29.7
2025-05-29,CERT,buy,11.4,11.435,11.8523,11.8089,42.44,21.26,1008861.0,-0.3,24.45,22.19,28.97
2025-05-29,VERA,buy,19.93,19.422,21.5275,22.6572,40.24,28.92,1494945.0,0.96,12.18,9.07,18.4
2025-05-29,JANX,buy,24.04,24.482,25.81,27.8592,39.81,17.42,1528741.0,0.58,26.73,25.45,29.29
2025-05-29,TWST,buy,28.89,28.61,31.5225,36.1998,37.93,29.16,1208223.0,0.13,21.23,17.0,29.69
2025-05-29,EZPW,buy,13.42,13.288,14.1865,14.9261,36.38,44.82,822659.0,0.07,15.06,11.44,22.3
2025-05-29,LNTH,buy,75.52,74.814,83.6365,93.1714,32.55,37.94,900677.0,-0.15,13.33,9.34,21.31
2025-05-29,KRYS,buy,125.61,125.152,136.1158,158.9353,31.06,51.99,287538.0,-0.2,10.85,9.34,13.87
2025-05-28,SNEX,buy,86.33,86.164,88.706,82.7207,50.34,15.86,266216.0,0.0,22.36,22.11,22.86
2025-05-28,TRVI,buy,6.26,6.184,6.5028,6.3116,48.48,21.51,1061428.0,0.14,24.89,23.9,26.87
2025-05-28,RGEN,buy,121.18,120.506,128.2685,130.784,42.3,22.48,573089.0,-0.12,20.08,18.21,23.82
2025-05-28,SDGR,buy,21.52,21.23,23.344,22.8233,39.95,21.62,958514.0,-0.34,22.63,21.54,24.81
2025-05-28,CSTL,buy,16.23,16.008,17.0842,18.9879,36.71,34.58,535689.0,0.81,19.17,15.29,26.93
2025-05-28,JJSF,buy,112.7,112.77,117.922,126.0946,36.61,27.62,177846.0,0.45,15.77,13.84,19.63
2025-05-28,TREE,buy,35.44,35.444,39.3785,44.8375,36.04,21.4,370649.0,0.39,15.76,12.17,22.94
2025-05-28,XNCR,buy,7.55,7.616,8.6492,9.708,35.7,24.77,1037183.0,0.13,13.32,11.18,17.6
2025-05-28,TWST,buy,28.33,28.526,31.994,36.4334,35.67,28.55,1216198.0,0.14,18.17,14.88,24.75
2025-05-28,LNTH,buy,74.18,74.736,85.0775,93.7054,29.18,37.43,894943.0,-0.15,8.51,7.35,10.83
