trade_id,signal_date,execution_date,ticker,side,action,reason,weight_before,target_weight_after,execution_price,shares,gross_notional,transaction_cost,cash_after,portfolio_value_after,entry_date,entry_price,realized_pnl,realized_return
1,2019-02-28,2019-03-01,MASI,BUY,BUY,MONTHLY_REBALANCE,0.0,0.1,134.45,743.0278906664182,99900.09990009991,99.90009990009992,-1.4438228390645236e-10,999000.999000999,,,,
2,2019-02-28,2019-03-01,CASY,BUY,BUY,MONTHLY_REBALANCE,0.0,0.1,131.128,761.8517776531322,99900.09990009991,99.90009990009992,-1.4438228390645236e-10,999000.999000999,,,,
3,2019-02-28,2019-03-01,ZBRA,BUY,BUY,MONTHLY_REBALANCE,0.0,0.1,202.21,494.0413426640617,99900.09990009991,99.90009990009992,-1.4438228390645236e-10,999000.999000999,,,,
4,2019-02-28,2019-03-01,CSGP,BUY,BUY,MONTHLY_REBALANCE,0.0,0.1,47.688,2094.8687279839774,99900.09990009991,99.90009990009992,-1.4438228390645236e-10,999000.999000999,,,,
5,2019-02-28,2019-03-01,FTNT,BUY,BUY,MONTHLY_REBALANCE,0.0,0.1,17.386,5746.008276780163,99900.09990009991,99.90009990009992,-1.4438228390645236e-10,999000.999000999,,,,
6,2019-02-28,2019-03-01,SPSC,BUY,BUY,MONTHLY_REBALANCE,0.0,0.1,54.01,1849.6593204980545,99900.09990009991,99.90009990009992,-1.4438228390645236e-10,999000.999000999,,,,
7,2019-02-28,2019-03-01,PCTY,BUY,BUY,MONTHLY_REBALANCE,0.0,0.1,87.04,1147.7493095140155,99900.09990009991,99.90009990009992,-1.4438228390645236e-10,999000.999000999,,,,
8,2019-02-28,2019-03-01,NEO,BUY,BUY,MONTHLY_REBALANCE,0.0,0.1,19.32,5170.8126242287735,99900.09990009991,99.90009990009992,-1.4438228390645236e-10,999000.999000999,,,,
9,2019-02-28,2019-03-01,CZR,BUY,BUY,MONTHLY_REBALANCE,0.0,0.1,47.96,2082.9879045058365,99900.09990009991,99.90009990009992,-1.4438228390645236e-10,999000.999000999,,,,
10,2019-02-28,2019-03-01,SNPS,BUY,BUY,MONTHLY_REBALANCE,0.0,0.1,103.19,968.1180337251664,99900.09990009991,99.90009990009992,-1.4438228390645236e-10,999000.999000999,,,,
11,2019-03-29,2019-04-01,MASI,SELL,REDUCE,MONTHLY_REBALANCE,0.1014159725829448,0.1,139.8,11.113535254144036,1553.6722285293363,1.5536722285293363,-5.002220859751105e-11,1023216.2688663593,2019-03-01,134.45,57.90374138114151,0.039791744142804175
12,2019-03-29,2019-04-01,CASY,SELL,SELL,MONTHLY_REBALANCE,0.09361349992687576,0.0,125.856,761.8517776531322,95883.6173283126,95.8836173283126,-5.002220859751105e-11,1023216.2688663593,2019-03-01,131.128,-4112.366189115619,-0.040204990543590946
13,2019-03-29,2019-04-01,ZBRA,SELL,SELL,MONTHLY_REBALANCE,0.10221363125391704,0.0,211.91,494.0413426640617,104692.30092394131,104.6923009239413,-5.002220859751105e-11,1023216.2688663593,2019-03-01,202.21,4687.508722917451,0.047969932248652425
14,2019-03-29,2019-04-01,CSGP,SELL,SELL,MONTHLY_REBALANCE,0.0980666597173737,0.0,47.948,2094.868727983977,100444.76576937574,100.44476576937573,-5.002220859751105e-11,1023216.2688663593,2019-03-01,47.688,444.221103506454,0.005452105351451131
15,2019-03-29,2019-04-01,FTNT,SELL,SELL,MONTHLY_REBALANCE,0.09561628045356983,0.0,17.044,5746.008276780163,97934.96506944111,97.9349650694411,-5.002220859751105e-11,1023216.2688663593,2019-03-01,17.386,-2063.0697957282496,-0.019670999654894716
16,2019-03-29,2019-04-01,TREE,BUY,BUY,MONTHLY_REBALANCE,0.0,0.1,362.01,282.64861989071,102321.62688663593,102.32162688663594,-5.002220859751105e-11,1023216.2688663593,,,,
17,2019-03-29,2019-04-01,SPSC,BUY,INCREASE,MONTHLY_REBALANCE,0.0953227018660926,0.1,52.785,88.80097857622678,4687.35965414613,4.68735965414613,-5.002220859751105e-11,1023216.2688663593,2019-03-01,54.01,,
18,2019-03-29,2019-04-01,PCTY,SELL,REDUCE,MONTHLY_REBALANCE,0.10003377253209565,0.1,89.27,1.5453564879604047,137.95397368022532,0.13795397368022533,-5.002220859751105e-11,1023216.2688663593,2019-03-01,87.04,3.3081909944714614,0.025620404411764497
19,2019-03-29,2019-04-01,COLM,BUY,BUY,MONTHLY_REBALANCE,0.0,0.1,101.12,1011.8831772808142,102321.62688663593,102.32162688663594,-5.002220859751105e-11,1023216.2688663593,,,,
20,2019-03-29,2019-04-01,NEO,SELL,REDUCE,MONTHLY_REBALANCE,0.10379489246811241,0.1,20.56,194.07979900329215,3990.2806675076863,3.9902806675076863,-5.002220859751105e-11,1023216.2688663593,2019-03-01,19.32,236.6686700965743,0.06418219461697716
21,2019-03-29,2019-04-01,LULU,BUY,BUY,MONTHLY_REBALANCE,0.0,0.1,165.52,618.1828593924355,102321.62688663593,102.32162688663594,-5.002220859751105e-11,1023216.2688663593,,,,
22,2019-03-29,2019-04-01,EEFT,BUY,BUY,MONTHLY_REBALANCE,0.0,0.1,144.95,705.9098094973159,102321.62688663593,102.32162688663594,-5.002220859751105e-11,1023216.2688663593,,,,
23,2019-03-29,2019-04-01,CZR,SELL,SELL,MONTHLY_REBALANCE,0.098795765608692,0.0,48.58,2082.987904505836,101191.55240089352,101.19155240089351,-5.002220859751105e-11,1023216.2688663593,2019-03-01,47.96,1190.2609483927195,0.012927439532944174
24,2019-03-29,2019-04-01,SNPS,SELL,REDUCE,MONTHLY_REBALANCE,0.11112682359032643,0.1,117.57,97.81415614894817,11500.010338431835,11.500010338431835,-5.002220859751105e-11,1023216.2688663593,2019-03-01,103.19,1395.0675550834424,0.1393545886229286
25,2019-03-29,2019-04-01,IONS,BUY,BUY,MONTHLY_REBALANCE,0.0,0.1,81.31,1258.4138099450981,102321.62688663593,102.32162688663594,-5.002220859751105e-11,1023216.2688663593,,,,
26,2019-04-30,2019-05-01,CDNS,BUY,BUY,MONTHLY_REBALANCE,0.0,0.1,68.54,1499.126374962884,102750.12173995608,102.75012173995609,-1.227817847393453e-10,1027501.2173995607,,,,
27,2019-04-30,2019-05-01,MASI,SELL,SELL,MONTHLY_REBALANCE,0.0918790687924441,0.0,129.14,731.9143554122741,94519.41985794106,94.51941985794106,-1.227817847393453e-10,1027501.2173995607,2019-03-01,134.45,-3980.984647097118,-0.03949423577538125
28,2019-04-30,2019-05-01,CSGP,BUY,BUY,MONTHLY_REBALANCE,0.0,0.1,49.6,2071.57503507976,102750.12173995608,102.75012173995609,-1.227817847393453e-10,1027501.2173995607,,,,
29,2019-04-30,2019-05-01,FTNT,BUY,BUY,MONTHLY_REBALANCE,0.0,0.1,18.378,5590.930555009038,102750.12173995608,102.75012173995609,-1.227817847393453e-10,1027501.2173995607,,,,
30,2019-04-30,2019-05-01,TREE,SELL,SELL,MONTHLY_REBALANCE,0.10576341096941703,0.0,384.94,282.64861989071017,108802.75974072998,108.80275974072998,-1.227817847393453e-10,1027501.2173995607,2019-04-01,362.01,6372.330094353256,0.06334079169083728
31,2019-04-30,2019-05-01,SPSC,BUY,INCREASE,MONTHLY_REBALANCE,0.09901109070724956,0.1,52.545,17.008760588028462,893.7253250979556,0.8937253250979557,-1.227817847393453e-10,1027501.2173995607,2019-03-01,53.953882679047986,,
32,2019-04-30,2019-05-01,PCTY,SELL,REDUCE,MONTHLY_REBALANCE,0.10590331646566387,0.1,95.05,65.19267748732781,6196.563995170509,6.196563995170509,-1.227817847393453e-10,1027501.2173995607,2019-03-01,87.04,515.9967826783246,0.0920266544117645
33,2019-04-30,2019-05-01,COLM,SELL,SELL,MONTHLY_REBALANCE,0.09352218170800523,0.0,95.0799,1011.8831772808146,96209.75130754212,96.20975130754212,-1.227817847393453e-10,1027501.2173995607,2019-04-01,101.12,-6208.0853304014,-0.05973200158227854
34,2019-04-30,2019-05-01,NEO,SELL,REDUCE,MONTHLY_REBALANCE,0.10401077295439985,0.1,21.5,197.65739546008516,4249.634002391831,4.249634002391831,-1.227817847393453e-10,1027501.2173995607,2019-03-01,19.32,426.64348810059374,0.11283643892339534
35,2019-04-30,2019-05-01,LULU,SELL,SELL,MONTHLY_REBALANCE,0.10556260475500243,0.0,175.67,618.1828593924356,108596.18290946915,108.59618290946915,-1.227817847393453e-10,1027501.2173995607,2019-04-01,165.52,6165.9598399237375,0.0613218946350893
36,2019-04-30,2019-05-01,FOXF,BUY,BUY,MONTHLY_REBALANCE,0.0,0.1,75.74,1356.616341958755,102750.12173995608,102.75012173995609,-1.227817847393453e-10,1027501.2173995607,,,,
37,2019-04-30,2019-05-01,NMIH,BUY,BUY,MONTHLY_REBALANCE,0.0,0.1,27.84,3690.73713146394,102750.12173995608,102.75012173995609,-1.227817847393453e-10,1027501.2173995607,,,,
38,2019-04-30,2019-05-01,EEFT,SELL,REDUCE,MONTHLY_REBALANCE,0.10275704001167471,0.1,149.75,19.765423921648978,2959.8722322669346,2.959872232266935,-1.227817847393453e-10,1027501.2173995607,2019-04-01,144.95,91.91416259164839,0.03311486719558476
39,2019-04-30,2019-05-01,SNPS,SELL,SELL,MONTHLY_REBALANCE,0.10159522602758973,0.0,120.09,870.3038775762178,104514.792658128,104.514792658128,-1.227817847393453e-10,1027501.2173995607,2019-03-01,103.19,14603.620738379957,0.16377555964725277
40,2019-04-30,2019-05-01,IONS,SELL,SELL,MONTHLY_REBALANCE,0.08999528760855342,0.0,73.57,1258.4138099450981,92581.50399766085,92.58150399766086,-1.227817847393453e-10,1027501.2173995607,2019-04-01,81.31,-9832.704392972732,-0.09519124338949714
41,2019-04-30,2019-05-01,BAND,BUY,BUY,MONTHLY_REBALANCE,0.0,0.1,75.26,1365.268691734734,102750.12173995608,102.75012173995609,-1.227817847393453e-10,1027501.2173995607,,,,
42,2019-05-31,2019-06-03,CDNS,SELL,SELL,MARKET_REGIME_TO_CASH,0.0956314424962235,0.0,61.7,1499.1263749628843,92496.09733520997,92.49609733520997,966247.071317823,966247.071317823,2019-05-01,68.54,-10346.520502081343,-0.09979573971403566
43,2019-05-31,2019-06-03,CSGP,SELL,SELL,MARKET_REGIME_TO_CASH,0.10700837802254266,0.0,49.962,2071.5750350797603,103500.031902655,103.500031902655,966247.071317823,966247.071317823,2019-05-01,49.6,646.4101307962221,0.007298387096774217
44,2019-05-31,2019-06-03,FTNT,SELL,SELL,MARKET_REGIME_TO_CASH,0.08052162151708403,0.0,13.93,5590.930555009039,77881.66263127592,77.88166263127592,966247.071317823,966247.071317823,2019-05-01,18.378,-24946.340771311487,-0.24202851235172496
45,2019-05-31,2019-06-03,SPSC,SELL,SELL,MARKET_REGIME_TO_CASH,0.10309932988145089,0.0,50.995,1955.4690596623104,99719.14469747951,99.7191446974795,966247.071317823,966247.071317823,2019-03-01,53.941628152152695,-5861.759326562007,-0.05462623678768408
46,2019-05-31,2019-06-03,PCTY,SELL,SELL,MARKET_REGIME_TO_CASH,0.10044359846489978,0.0,89.87,1081.0112755387277,97150.48333266546,97.15048333266546,966247.071317823,966247.071317823,2019-03-01,87.04,2962.111426441932,0.03251378676470584
47,2019-05-31,2019-06-03,NEO,SELL,SELL,MARKET_REGIME_TO_CASH,0.1076165482764264,0.0,21.78,4779.0754297654,104088.26286029042,104.08826286029041,966247.071317823,966247.071317823,2019-03-01,19.32,11652.437294362599,0.1273291925465838
48,2019-05-31,2019-06-03,FOXF,SELL,SELL,MARKET_REGIME_TO_CASH,0.09463353256290341,0.0,67.47,1356.6163419587551,91530.90459195721,91.53090459195721,966247.071317823,966247.071317823,2019-05-01,75.74,-11310.748052590856,-0.10918933192500657
49,2019-05-31,2019-06-03,NMIH,SELL,SELL,MARKET_REGIME_TO_CASH,0.10222641375714672,0.0,26.79,3690.73713146394,98874.84775191895,98.87484775191895,966247.071317823,966247.071317823,2019-05-01,27.84,-3974.1488357890585,-0.03771551724137934
50,2019-05-31,2019-06-03,EEFT,SELL,SELL,MARKET_REGIME_TO_CASH,0.10936151383904881,0.0,154.16,686.144385575667,105776.01848034482,105.77601848034482,966247.071317823,966247.071317823,2019-04-01,144.95,6213.613772671554,0.06353915143152822
51,2019-05-31,2019-06-03,BAND,SELL,SELL,MARKET_REGIME_TO_CASH,0.099457621182274,0.0,70.46,1365.268691734734,96196.83201962935,96.19683201962935,966247.071317823,966247.071317823,2019-05-01,75.26,-6649.486552346368,-0.06377889981397833
52,2019-06-28,2019-07-01,PODD,BUY,BUY,MONTHLY_REBALANCE,0.0,0.1,118.5,814.5837886314723,96528.17895282948,96.52817895282948,2.7625901566352695e-11,965281.7895282947,,,,
53,2019-06-28,2019-07-01,WWD,BUY,BUY,MONTHLY_REBALANCE,0.0,0.1,112.158,860.6446169941464,96528.17895282948,96.52817895282948,2.7625901566352695e-11,965281.7895282947,,,,
54,2019-06-28,2019-07-01,TREE,BUY,BUY,MONTHLY_REBALANCE,0.0,0.1,415.69,232.21193426069783,96528.17895282948,96.52817895282948,2.7625901566352695e-11,965281.7895282947,,,,
55,2019-06-28,2019-07-01,SPSC,BUY,BUY,MONTHLY_REBALANCE,0.0,0.1,50.705,1903.7211113860462,96528.17895282948,96.52817895282948,2.7625901566352695e-11,965281.7895282947,,,,
56,2019-06-28,2019-07-01,ARWR,BUY,BUY,MONTHLY_REBALANCE,0.0,0.1,26.49,3643.9478653389765,96528.17895282948,96.52817895282948,2.7625901566352695e-11,965281.7895282947,,,,
57,2019-06-28,2019-07-01,FOXF,BUY,BUY,MONTHLY_REBALANCE,0.0,0.1,84.59,1141.1299084150546,96528.17895282948,96.52817895282948,2.7625901566352695e-11,965281.7895282947,,,,
58,2019-06-28,2019-07-01,OSIS,BUY,BUY,MONTHLY_REBALANCE,0.0,0.1,115.2,837.9182200766447,96528.17895282948,96.52817895282948,2.7625901566352695e-11,965281.7895282947,,,,
59,2019-06-28,2019-07-01,NMIH,BUY,BUY,MONTHLY_REBALANCE,0.0,0.1,28.77,3355.1678468136765,96528.17895282948,96.52817895282948,2.7625901566352695e-11,965281.7895282947,,,,
60,2019-06-28,2019-07-01,EEFT,BUY,BUY,MONTHLY_REBALANCE,0.0,0.1,167.47,576.3908697249028,96528.17895282948,96.52817895282948,2.7625901566352695e-11,965281.7895282947,,,,
61,2019-06-28,2019-07-01,TRMB,BUY,BUY,MONTHLY_REBALANCE,0.0,0.1,45.78,2108.5229129058425,96528.17895282948,96.52817895282948,2.7625901566352695e-11,965281.7895282947,,,,
62,2019-07-31,2019-08-01,PODD,SELL,REDUCE,MONTHLY_REBALANCE,0.10831032248945857,0.1,122.56,63.703154719285656,7807.45864239565,7.80745864239565,-1.1436895874794573e-10,920279.3049227758,2019-07-01,118.50000000000001,250.82734951790337,0.034261603375527416
63,2019-07-31,2019-08-01,ENPH,BUY,BUY,MONTHLY_REBALANCE,0.0,0.1,30.1,3057.406328647096,92027.93049227759,92.02793049227759,-1.1436895874794573e-10,920279.3049227758,,,,
64,2019-07-31,2019-08-01,MASI,BUY,BUY,MONTHLY_REBALANCE,0.0,0.1,153.75,598.5556454782283,92027.93049227759,92.02793049227759,-1.1436895874794573e-10,920279.3049227758,,,,
65,2019-07-31,2019-08-01,WWD,SELL,SELL,MONTHLY_REBALANCE,0.10223497901878909,0.0,109.494,860.6446169941464,94235.42169315707,94.23542169315708,-1.1436895874794573e-10,920279.3049227758,2019-07-01,112.158,-2386.9926813655643,-0.02375220670839351
66,2019-07-31,2019-08-01,MEDP,BUY,BUY,MONTHLY_REBALANCE,0.0,0.1,78.44,1173.2270588000713,92027.93049227759,92.02793049227759,-1.1436895874794573e-10,920279.3049227758,,,,
67,2019-07-31,2019-08-01,DIOD,BUY,BUY,MONTHLY_REBALANCE,0.0,0.1,42.92,2144.1735902208197,92027.93049227759,92.02793049227759,-1.1436895874794573e-10,920279.3049227758,,,,
68,2019-07-31,2019-08-01,MSFT,BUY,BUY,MONTHLY_REBALANCE,0.0,0.1,131.156,701.6677124361645,92027.93049227759,92.02793049227759,-1.1436895874794573e-10,920279.3049227758,,,,
69,2019-07-31,2019-08-01,MTCH,BUY,BUY,MONTHLY_REBALANCE,0.0,0.1,75.44,1219.8824296431283,92027.93049227759,92.02793049227759,-1.1436895874794573e-10,920279.3049227758,,,,
70,2019-07-31,2019-08-01,TREE,SELL,SELL,MONTHLY_REBALANCE,0.08161587965449153,0.0,323.97,232.21193426069783,75229.70034243829,75.22970034243829,-1.1436895874794573e-10,920279.3049227758,2019-07-01,415.69,-21373.708310733637,-0.22064519233082336
71,2019-07-31,2019-08-01,SPSC,SELL,REDUCE,MONTHLY_REBALANCE,0.11488377134434855,0.1,55.625,249.28640590689898,13866.556328571256,13.866556328571257,-1.1436895874794573e-10,920279.3049227758,2019-07-01,50.705,1212.6225607333722,0.09703185090227784
72,2019-07-31,2019-08-01,ARWR,SELL,SELL,MONTHLY_REBALANCE,0.1167403351130873,0.0,29.53,3643.9478653389756,107605.78046345996,107.60578046345996,-1.1436895874794573e-10,920279.3049227758,2019-07-01,26.49,10969.995730167035,0.11476028690071738
73,2019-07-31,2019-08-01,COLM,BUY,BUY,MONTHLY_REBALANCE,0.0,0.1,99.6769,923.2623656261138,92027.93049227759,92.02793049227759,-1.1436895874794573e-10,920279.3049227758,,,,
74,2019-07-31,2019-08-01,FOXF,SELL,SELL,MONTHLY_REBALANCE,0.09569735093737788,0.0,77.3,1141.1299084150546,88209.34192048371,88.20934192048371,-1.1436895874794573e-10,920279.3049227758,2019-07-01,84.59,-8407.046374266238,-0.08618039957441781
75,2019-07-31,2019-08-01,OSIS,SELL,SELL,MONTHLY_REBALANCE,0.10156796864461258,0.0,111.73,837.9182200766448,93620.60272916353,93.62060272916352,-1.1436895874794573e-10,920279.3049227758,2019-07-01,115.2,-3001.1968263951203,-0.030121527777777768
76,2019-07-31,2019-08-01,NMIH,SELL,REDUCE,MONTHLY_REBALANCE,0.09281961560357414,0.0,25.5,3355.167846813675,85556.78009374872,85.55678009374873,-1.1436895874794573e-10,920279.3049227758,2019-07-01,28.77,-11056.955639174465,-0.11366006256517203
77,2019-07-31,2019-08-01,EEFT,SELL,SELL,MONTHLY_REBALANCE,0.09890688887152124,0.0,158.17,576.3908697249026,91167.74386438784,91.16774386438784,-1.1436895874794573e-10,920279.3049227758,2019-07-01,167.47,-5451.602832305989,-0.05553233414939995
78,2019-07-31,2019-08-01,CINF,BUY,BUY,MONTHLY_REBALANCE,0.0,0.1,97.2083,946.7085680160809,92027.93049227759,92.02793049227759,-1.1436895874794573e-10,920279.3049227758,,,,
79,2019-07-31,2019-08-01,TRMB,SELL,SELL,MONTHLY_REBALANCE,0.08722288832273914,0.0,38.13,2108.5229129058425,80397.97866909979,80.39797866909979,-1.1436895874794573e-10,920279.3049227758,2019-07-01,45.78,-16210.598262398793,-0.16710353866317162
80,2019-08-30,2019-09-03,PODD,SELL,SELL,MONTHLY_REBALANCE,0.13658261142862532,0.0,167.95,750.8806339121862,126110.40246555167,126.11040246555167,-4.092726157978177e-11,922017.3367061019,2019-07-01,118.50000000000001,37004.93694449204,0.41729957805907136
81,2019-08-30,2019-09-03,ENPH,BUY,INCREASE,MONTHLY_REBALANCE,0.09172282656707027,0.1,27.7,271.1761143352214,7511.578367085633,7.511578367085633,-4.092726157978177e-11,922017.3367061019,2019-08-01,30.1,,
82,2019-08-30,2019-09-03,MASI,SELL,SELL,MONTHLY_REBALANCE,0.09859381955254148,0.0,152.09,598.5556454782281,91034.32812078373,91.03432812078373,-4.092726157978177e-11,922017.3367061019,2019-08-01,153.75,-1084.6366996146405,-0.010796747967479647
83,2019-08-30,2019-09-03,ACGL,BUY,BUY,MONTHLY_REBALANCE,0.0,0.1,40.12,2298.148895080015,92201.73367061019,92.2017336706102,-4.092726157978177e-11,922017.3367061019,,,,
84,2019-08-30,2019-09-03,MEDP,SELL,SELL,MONTHLY_REBALANCE,0.10222394088118868,0.0,80.45,1173.227058800071,94386.11688046572,94.38611688046572,-4.092726157978177e-11,922017.3367061019,2019-08-01,78.44,2263.800271307683,0.02562468128505868
85,2019-08-30,2019-09-03,CSGP,BUY,BUY,MONTHLY_REBALANCE,0.0,0.1,61.185,1506.9336221395797,92201.73367061019,92.2017336706102,-4.092726157978177e-11,922017.3367061019,,,,
86,2019-08-30,2019-09-03,DIOD,SELL,SELL,MONTHLY_REBALANCE,0.08290346050933205,0.0,35.7,2144.1735902208197,76546.99717088327,76.54699717088327,-4.092726157978177e-11,922017.3367061019,2019-08-01,42.92,-15557.480318565198,-0.16821994408201302
87,2019-08-30,2019-09-03,MSFT,BUY,INCREASE,MONTHLY_REBALANCE,0.09854218831280552,0.1,129.672,9.370396566628585,1215.0780635878618,1.215078063587862,-4.092726157978177e-11,922017.3367061019,2019-08-01,131.156,,
88,2019-08-30,2019-09-03,KLAC,BUY,BUY,MONTHLY_REBALANCE,0.0,0.1,143.026,644.6501592060897,92201.73367061019,92.2017336706102,-4.092726157978177e-11,922017.3367061019,,,,
89,2019-08-30,2019-09-03,MTCH,SELL,SELL,MONTHLY_REBALANCE,0.11095282049310096,0.0,83.98,1219.8824296431283,102445.72644142991,102.44572644142991,-4.092726157978177e-11,922017.3367061019,2019-08-01,75.44,10315.350222710893,0.11320254506892913
90,2019-08-30,2019-09-03,SPSC,SELL,SELL,MONTHLY_REBALANCE,0.08412590103627203,0.0,46.95,1654.4347054791476,77675.70942224599,77.67570942224599,-4.092726157978177e-11,922017.3367061019,2019-07-01,50.705,-6290.078028496438,-0.07405581303618969
91,2019-08-30,2019-09-03,SBAC,BUY,BUY,MONTHLY_REBALANCE,0.0,0.1,259.46,355.3601081885848,92201.73367061019,92.2017336706102,-4.092726157978177e-11,922017.3367061019,,,,
92,2019-08-30,2019-09-03,ARWR,BUY,BUY,MONTHLY_REBALANCE,0.0,0.1,33.23,2774.6534357691903,92201.73367061019,92.2017336706102,-4.092726157978177e-11,922017.3367061019,,,,
93,2019-08-30,2019-09-03,COLM,SELL,SELL,MONTHLY_REBALANCE,0.08870209758936362,0.0,88.7083,923.2623656261137,81901.03490867098,81.90103490867098,-4.092726157978177e-11,922017.3367061019,2019-08-01,99.6769,-10208.79661851527,-0.11004154422940526
94,2019-08-30,2019-09-03,NEO,BUY,BUY,MONTHLY_REBALANCE,0.0,0.1,24.16,3816.2969234524085,92201.73367061019,92.2017336706102,-4.092726157978177e-11,922017.3367061019,,,,
95,2019-08-30,2019-09-03,CINF,SELL,REDUCE,MONTHLY_REBALANCE,0.10565033362970011,0.1,103.041,51.902290217824394,5348.063886334843,5.3480638863348435,-4.092726157978177e-11,922017.3367061019,2019-08-01,97.2083,297.38242426716965,0.060002078011857085
96,2019-08-30,2019-09-03,VIAV,BUY,BUY,MONTHLY_REBALANCE,0.0,0.1,13.91,6628.449580920934,92201.73367061019,92.2017336706102,-4.092726157978177e-11,922017.3367061019,,,,
97,2019-09-30,2019-10-01,PODD,BUY,BUY,MONTHLY_REBALANCE,0.0,0.1,162.83,530.1657081780031,86326.88226262425,86.32688226262425,2.1827872842550278e-11,863268.8226262424,,,,
98,2019-09-30,2019-10-01,ENPH,SELL,SELL,MONTHLY_REBALANCE,0.08362467253343081,0.0,21.71,3328.5824429823183,72263.52483714613,72.26352483714614,2.1827872842550278e-11,863268.8226262424,2019-08-01,29.904474521646094,-27348.24754705426,-0.27402168580874386
99,2019-09-30,2019-10-01,ACGL,SELL,REDUCE,MONTHLY_REBALANCE,0.11018142494529663,0.1,41.43,214.46841565389354,8885.42646054081,8.88542646054081,2.1827872842550278e-11,863268.8226262424,2019-09-03,40.12,272.0681980460602,0.03265204386839482
100,2019-09-30,2019-10-01,MEDP,BUY,BUY,MONTHLY_REBALANCE,0.0,0.1,82.4,1047.6563381386436,86326.88226262425,86.32688226262425,2.1827872842550278e-11,863268.8226262424,,,,
101,2019-09-30,2019-10-01,CSGP,SELL,REDUCE,MONTHLY_REBALANCE,0.10413407124931824,0.1,59.715,61.28542214587278,3659.6589834407932,3.659658983440793,2.1827872842550278e-11,863268.8226262424,2019-09-03,61.185,-93.7492295378737,-0.02402549644520713
102,2019-09-30,2019-10-01,MSFT,SELL,SELL,MONTHLY_REBALANCE,0.1075080163445703,0.0,130.657,711.0381090027934,92902.10620797798,92.90210620797798,2.1827872842550278e-11,863268.8226262424,2019-08-01,131.13644314597374,-433.80445409549094,-0.003656063367831641
103,2019-09-30,2019-10-01,KLAC,SELL,SELL,MONTHLY_REBALANCE,0.112649128045946,0.0,151.004,644.6501592060897,97344.75264075636,97.34475264075635,2.1827872842550278e-11,863268.8226262424,2019-09-03,143.026,5045.674217505415,0.05578006795967161
104,2019-09-30,2019-10-01,SBAC,BUY,INCREASE,MONTHLY_REBALANCE,0.09513376687598366,0.1,231.34,17.800098704405013,4117.874834277056,4.117874834277056,2.1827872842550278e-11,863268.8226262424,2019-09-03,259.46,,
105,2019-09-30,2019-10-01,ARWR,SELL,SELL,MONTHLY_REBALANCE,0.09035415476186254,0.0,28.14,2774.653435769191,78078.74768254504,78.07874768254504,2.1827872842550278e-11,863268.8226262424,2019-09-03,33.23,-14201.064735747717,-0.15317484201023157
106,2019-09-30,2019-10-01,NEO,SELL,SELL,MONTHLY_REBALANCE,0.08373283174578809,0.0,18.96,3816.29692345241,72356.9896686577,72.3569896686577,2.1827872842550278e-11,863268.8226262424,2019-09-03,24.16,-19917.100991621184,-0.2152317880794702
107,2019-09-30,2019-10-01,NMIH,BUY,INCREASE,MONTHLY_REBALANCE,0.0,0.1,26.56,3250.2591213337446,86326.88226262425,86.32688226262425,2.1827872842550278e-11,863268.8226262424,2019-07-01,28.77,,
108,2019-09-30,2019-10-01,CINF,SELL,REDUCE,MONTHLY_REBALANCE,0.1086690981400604,0.1,104.945,72.21461299646299,7578.562560913808,7.578562560913808,2.1827872842550278e-11,863268.8226262424,2019-08-01,97.2083,551.1242338088213,0.0795888828423088
109,2019-09-30,2019-10-01,SANM,BUY,BUY,MONTHLY_REBALANCE,0.0,0.1,31.5,2740.535944845214,86326.88226262425,86.32688226262425,2.1827872842550278e-11,863268.8226262424,,,,
110,2019-09-30,2019-10-01,APPF,BUY,BUY,MONTHLY_REBALANCE,0.0,0.1,94.66,911.967908964972,86326.88226262425,86.32688226262425,2.1827872842550278e-11,863268.8226262424,,,,
111,2019-09-30,2019-10-01,VIAV,SELL,REDUCE,MONTHLY_REBALANCE,0.10401283535774328,0.1,13.56,262.1603285150148,3554.8940546636004,3.5548940546636003,2.1827872842550278e-11,863268.8226262424,2019-09-03,13.91,-95.31100903491868,-0.025161754133716685
112,2019-10-31,2019-11-01,VRTX,BUY,BUY,MONTHLY_REBALANCE,0.0,0.1,200.94,430.9126277796155,86587.58342603594,86.58758342603595,-1.0322764865122736e-10,865875.8342603593,,,,
113,2019-10-31,2019-11-01,EQIX,BUY,BUY,MONTHLY_REBALANCE,0.0,0.1,533.056,162.43618574040238,86587.58342603594,86.58758342603595,-1.0322764865122736e-10,865875.8342603593,,,,
114,2019-10-31,2019-11-01,PODD,SELL,SELL,MONTHLY_REBALANCE,0.08954458652962856,0.0,146.48,530.1657081780031,77658.67293391388,77.65867293391389,-1.0322764865122736e-10,865875.8342603593,2019-10-01,162.83,-8745.868001644278,-0.10041147208745327
115,2019-10-31,2019-11-01,ACGL,SELL,REDUCE,MONTHLY_REBALANCE,0.10047650550202997,0.1,41.82,13.197853265531236,551.9342235645163,0.5519342235645163,-1.0322764865122736e-10,865875.8342603593,2019-09-03,40.12,21.884416327838625,0.04237288135593231
116,2019-10-31,2019-11-01,MEDP,SELL,SELL,MONTHLY_REBALANCE,0.09060026724600537,0.0,75.0,1047.656338138644,78574.22536039831,78.57422536039832,-1.0322764865122736e-10,865875.8342603593,2019-10-01,82.4,-7831.23112758637,-0.08980582524271852
117,2019-10-31,2019-11-01,CSGP,SELL,SELL,MONTHLY_REBALANCE,0.09136663692515783,0.0,54.812,1445.648199993708,79238.86913805512,79.23886913805512,-1.0322764865122736e-10,865875.8342603593,2019-09-03,61.185,-9292.354847697963,-0.10415951622129616
118,2019-10-31,2019-11-01,DIOD,BUY,BUY,MONTHLY_REBALANCE,0.0,0.1,48.15,1798.2883369893239,86587.58342603594,86.58758342603595,-1.0322764865122736e-10,865875.8342603593,,,,
119,2019-10-31,2019-11-01,MSFT,BUY,BUY,MONTHLY_REBALANCE,0.0,0.1,136.988,632.0815211991995,86587.58342603594,86.58758342603595,-1.0322764865122736e-10,865875.8342603593,,,,
120,2019-10-31,2019-11-01,INCY,BUY,BUY,MONTHLY_REBALANCE,0.0,0.1,83.58,1035.98448703082,86587.58342603594,86.58758342603595,-1.0322764865122736e-10,865875.8342603593,,,,
121,2019-10-31,2019-11-01,SBAC,SELL,SELL,MONTHLY_REBALANCE,0.10084709507141364,0.0,234.379,373.1602068929897,87460.91613137204,87.46091613137204,-1.0322764865122736e-10,865875.8342603593,2019-09-03,258.11864911016244,-8946.15328964657,-0.09197184779946144
122,2019-10-31,2019-11-01,ARWR,BUY,BUY,MONTHLY_REBALANCE,0.0,0.1,41.48,2087.453795227482,86587.58342603594,86.58758342603595,-1.0322764865122736e-10,865875.8342603593,,,,
123,2019-10-31,2019-11-01,ANIP,BUY,BUY,MONTHLY_REBALANCE,0.0,0.1,78.48,1103.3076379464314,86587.58342603594,86.58758342603595,-1.0322764865122736e-10,865875.8342603593,,,,
124,2019-10-31,2019-11-01,NMIH,SELL,REDUCE,MONTHLY_REBALANCE,0.10960212691075137,0.0,29.245,3250.2591213337446,95053.82800340536,95.05382800340536,-1.0322764865122736e-10,865875.8342603593,2019-07-01,26.56,8631.891912777706,0.10109186746987953
125,2019-10-31,2019-11-01,OLED,BUY,BUY,MONTHLY_REBALANCE,0.0,0.1,195.265,443.4362708423729,86587.58342603594,86.58758342603595,-1.0322764865122736e-10,865875.8342603593,,,,
126,2019-10-31,2019-11-01,CINF,SELL,SELL,MONTHLY_REBALANCE,0.09771554348592248,0.0,103.022,822.5916648017939,84745.0384912104,84.74503849121041,-1.0322764865122736e-10,865875.8342603593,2019-08-01,97.2083,4697.556123166987,0.05980662145104909
127,2019-10-31,2019-11-01,SANM,SELL,SELL,MONTHLY_REBALANCE,0.09767510309896284,0.0,30.91,2740.5359448452145,84709.96605516558,84.70996605516558,-1.0322764865122736e-10,865875.8342603593,2019-10-01,31.5,-1701.6261735138416,-0.018730158730158708
128,2019-10-31,2019-11-01,APPF,SELL,SELL,MONTHLY_REBALANCE,0.10391393153351927,0.0,98.82,911.9679089649717,90120.6687639185,90.1206687639185,-1.0322764865122736e-10,865875.8342603593,2019-10-01,94.66,3703.6658325303606,0.043946756813860066
129,2019-10-31,2019-11-01,VIAV,SELL,REDUCE,MONTHLY_REBALANCE,0.1182582036966088,0.1,16.11,991.5168485551421,15973.336430223339,15.97333643022334,-1.0322764865122736e-10,865875.8342603593,2019-09-03,13.91,2165.3637303910887,0.15815959741193386
130,2019-11-29,2019-12-02,VRTX,SELL,SELL,MONTHLY_REBALANCE,0.10583274197369959,0.0,220.79,430.9126277796156,95141.19908746133,95.14119908746133,179578.1565263022,897890.7826315115,2019-11-01,200.94,8458.474462337905,0.09878570717627144
131,2019-11-29,2019-12-02,EQIX,SELL,SELL,MONTHLY_REBALANCE,0.09459502968191068,0.0,523.521,162.43618574040246,85038.75439500123,85.03875439500123,179578.1565263022,897890.7826315115,2019-11-01,533.056,-1633.867785429752,-0.017887426461760225
132,2019-11-29,2019-12-02,CDNS,BUY,BUY,MONTHLY_REBALANCE,0.0,0.1,67.48,1330.6028195487722,89789.07826315115,89.78907826315115,179578.1565263022,897890.7826315115,,,,
133,2019-11-29,2019-12-02,CPRT,BUY,BUY,MONTHLY_REBALANCE,0.0,0.1,21.99,4083.1777291110125,89789.07826315115,89.78907826315115,179578.1565263022,897890.7826315115,,,,
134,2019-11-29,2019-12-02,ACGL,BUY,INCREASE,MONTHLY_REBALANCE,0.09562696293568405,0.1,41.52,92.067428346903,3822.6396249634126,3.8226396249634127,179578.1565263022,897890.7826315115,2019-09-03,40.12,,
135,2019-11-29,2019-12-02,ADSK,BUY,BUY,MONTHLY_REBALANCE,0.0,0.1,175.63,511.23998327820505,89789.07826315115,89.78907826315115,179578.1565263022,897890.7826315115,,,,
136,2019-11-29,2019-12-02,DIOD,SELL,REDUCE,MONTHLY_REBALANCE,0.09263722481903894,0.0,46.31,1798.2883369893223,83278.73288597552,83.27873288597553,179578.1565263022,897890.7826315115,2019-11-01,48.15,-3392.1292729463216,-0.03821391484942882
137,2019-11-29,2019-12-02,MSFT,SELL,SELL,MONTHLY_REBALANCE,0.10057595558412145,0.0,143.044,632.0815211991995,90415.4691184183,90.4154691184183,179578.1565263022,897890.7826315115,2019-11-01,136.988,3737.470223263941,0.044208251817677624
138,2019-11-29,2019-12-02,ANSS,BUY,BUY,MONTHLY_REBALANCE,0.0,0.1,250.7,358.1534832993664,89789.07826315115,89.78907826315115,179578.1565263022,897890.7826315115,,,,
139,2019-11-29,2019-12-02,INCY,SELL,REDUCE,MONTHLY_REBALANCE,0.10886758652898833,0.1,94.47,85.53378031809454,8080.376226650391,8.08037622665039,179578.1565263022,897890.7826315115,2019-11-01,83.58,923.3824914373993,0.13029432878679104
140,2019-11-29,2019-12-02,ARWR,SELL,REDUCE,MONTHLY_REBALANCE,0.1470543199039324,0.1,63.33,669.6568859719762,42409.37058860525,42.40937058860525,179578.1565263022,897890.7826315115,2019-11-01,41.48,14589.593587899077,0.5267598842815815
141,2019-11-29,2019-12-02,ANIP,SELL,SELL,MONTHLY_REBALANCE,0.07369890988073644,0.0,60.05,1103.307637946431,66253.62365868318,66.25362365868318,179578.1565263022,897890.7826315115,2019-11-01,78.48,-20400.213391011413,-0.23483690112130484
142,2019-11-29,2019-12-02,BHF,BUY,BUY,MONTHLY_REBALANCE,0.0,0.1,40.6,2211.5536518017525,89789.07826315115,89.78907826315115,179578.1565263022,897890.7826315115,,,,
143,2019-11-29,2019-12-02,OLED,SELL,SELL,MONTHLY_REBALANCE,0.09364193215612324,0.0,189.84,443.436270842373,84181.9416567161,84.18194165671609,179578.1565263022,897890.7826315115,2019-11-01,195.265,-2489.823710976582,-0.027782756766445482
144,2019-11-29,2019-12-02,VIAV,SELL,REDUCE,MONTHLY_REBALANCE,0.0874693365357651,0.0,14.63,5374.772403850772,78632.9202683368,78.6329202683368,179578.1565263022,897890.7826315115,2019-09-03,13.91,3791.2032105042226,0.0517613227893603
145,2019-12-31,2020-01-02,MCHP,BUY,BUY,MONTHLY_REBALANCE,0.0,0.1,51.6229,1762.308595676544,90975.48040375067,90.97548040375067,1.5006662579253316e-11,909754.8040375067,,,,
146,2019-12-31,2020-01-02,CDNS,SELL,SELL,MONTHLY_REBALANCE,0.10436181331984666,0.0,71.44,1330.6028195487715,95058.26542856423,95.05826542856424,1.5006662579253316e-11,909754.8040375067,2019-12-02,67.48,5174.128899984563,0.058684054534676955
147,2019-12-31,2020-01-02,ACIW,BUY,BUY,MONTHLY_REBALANCE,0.0,0.1,38.2,2381.5570786322164,90975.48040375067,90.97548040375067,1.5006662579253316e-11,909754.8040375067,,,,
148,2019-12-31,2020-01-02,CPRT,SELL,REDUCE,MONTHLY_REBALANCE,0.10476319325845174,0.1,23.37,190.3458761477842,4448.383125573717,4.4483831255737165,1.5006662579253316e-11,909754.8040375067,2019-12-02,21.99,258.22892595836896,0.06275579809004106
149,2019-12-31,2020-01-02,ACGL,SELL,SELL,MONTHLY_REBALANCE,0.10304042212907327,0.0,43.4,2162.5500545074938,93854.67236562523,93.85467236562523,1.5006662579253316e-11,909754.8040375067,2019-09-03,40.179602967069826,6870.4151067332905,0.08015004617067834
150,2019-12-31,2020-01-02,MEDP,BUY,BUY,MONTHLY_REBALANCE,0.0,0.1,82.97,1096.4864457484714,90975.48040375067,90.97548040375067,1.5006662579253316e-11,909754.8040375067,,,,
151,2019-12-31,2020-01-02,ADSK,SELL,SELL,MONTHLY_REBALANCE,0.10542448829017106,0.0,187.83,511.2399832782049,96026.20605914523,96.02620605914524,1.5006662579253316e-11,909754.8040375067,2019-12-02,175.63,6141.101589934963,0.06946421454193485
152,2019-12-31,2020-01-02,MSFT,BUY,BUY,MONTHLY_REBALANCE,0.0,0.1,153.613,592.2381595551852,90975.48040375067,90.97548040375067,1.5006662579253316e-11,909754.8040375067,,,,
153,2019-12-31,2020-01-02,ANSS,SELL,REDUCE,MONTHLY_REBALANCE,0.10207252754534168,0.1,259.59,7.695143595407704,1997.5823259318859,1.997582325931886,1.5006662579253316e-11,909754.8040375067,2019-12-02,250.69999999999996,66.41224423724272,0.0354607100119666
154,2019-12-31,2020-01-02,INCY,SELL,SELL,MONTHLY_REBALANCE,0.08970739716334511,0.0,85.97,950.4507067127253,81710.24725609299,81.71024725609298,1.5006662579253316e-11,909754.8040375067,2019-11-01,83.58,2189.866941787321,0.028595357741086458
155,2019-12-31,2020-01-02,SBAC,BUY,BUY,MONTHLY_REBALANCE,0.0,0.1,233.465,389.67502796458,90975.48040375067,90.97548040375067,1.5006662579253316e-11,909754.8040375067,,,,
156,2019-12-31,2020-01-02,ARWR,BUY,INCREASE,MONTHLY_REBALANCE,0.09825004245465765,0.1,63.12,23.512983072610947,1484.139491543203,1.484139491543203,1.5006662579253316e-11,909754.8040375067,2019-11-01,41.48,,
157,2019-12-31,2020-01-02,NMIH,BUY,INCREASE,MONTHLY_REBALANCE,0.0,0.1,32.27,2819.19678970408,90975.48040375067,90.97548040375067,1.5006662579253316e-11,909754.8040375067,2019-07-01,26.56,,
158,2019-12-31,2020-01-02,BHF,SELL,SELL,MONTHLY_REBALANCE,0.09522627589445277,0.0,39.22,2211.553651801752,86737.13422366472,86.73713422366473,1.5006662579253316e-11,909754.8040375067,2019-12-02,40.6,-3138.6811737100884,-0.03399014778325127
159,2019-12-31,2020-01-02,APPF,BUY,BUY,MONTHLY_REBALANCE,0.0,0.1,113.49,801.6167098753253,90975.48040375067,90.97548040375067,1.5006662579253316e-11,909754.8040375067,,,,
160,2020-01-31,2020-02-03,VRTX,BUY,BUY,MONTHLY_REBALANCE,0.0,0.1,230.51,395.41190797403203,91146.39890709412,91.14639890709412,-2.8194335754960775e-11,911463.9890709411,,,,
161,2020-01-31,2020-02-03,PODD,BUY,BUY,MONTHLY_REBALANCE,0.0,0.1,194.84,467.8012672300047,91146.39890709412,91.14639890709412,-2.8194335754960775e-11,911463.9890709411,,,,
162,2020-01-31,2020-02-03,ENPH,BUY,BUY,MONTHLY_REBALANCE,0.0,0.1,32.92,2768.7241466310484,91146.39890709412,91.14639890709412,-2.8194335754960775e-11,911463.9890709411,,,,
163,2020-01-31,2020-02-03,MCHP,SELL,SELL,MONTHLY_REBALANCE,0.09035520813907291,0.0,46.7971,1762.3085956765442,82470.9315827348,82.4709315827348,-2.8194335754960775e-11,911463.9890709411,2020-01-02,51.6229,-8587.019752598604,-0.09348176874991532
164,2020-01-31,2020-02-03,ACIW,SELL,SELL,MONTHLY_REBALANCE,0.09067093494434465,0.0,34.75,2381.557078632216,82759.1084824695,82.7591084824695,-2.8194335754960775e-11,911463.9890709411,2020-01-02,38.2,-8299.131029763621,-0.09031413612565453
165,2020-01-31,2020-02-03,CPRT,SELL,REDUCE,MONTHLY_REBALANCE,0.10747772778212727,0.1,25.2,275.911261411874,6952.963787579225,6.952963787579225,-2.8194335754960775e-11,911463.9890709411,2019-12-02,21.99,878.7221853445366,0.14597544338335622
166,2020-01-31,2020-02-03,ACGL,BUY,BUY,MONTHLY_REBALANCE,0.0,0.1,44.68,2039.9820704363053,91146.39890709412,91.14639890709412,-2.8194335754960775e-11,911463.9890709411,,,,
167,2020-01-31,2020-02-03,MEDP,SELL,SELL,MONTHLY_REBALANCE,0.10518681636141848,0.0,87.56,1096.4864457484712,96008.35318973614,96.00835318973614,-2.8194335754960775e-11,911463.9890709411,2020-01-02,82.97,4936.86443279575,0.05532120043389188
168,2020-01-31,2020-02-03,PENN,BUY,BUY,MONTHLY_REBALANCE,0.0,0.1,29.91,3047.3553629921134,91146.39890709412,91.14639890709412,-2.8194335754960775e-11,911463.9890709411,,,,
169,2020-01-31,2020-02-03,FTNT,BUY,BUY,MONTHLY_REBALANCE,0.0,0.1,23.298,3912.198425061985,91146.39890709412,91.14639890709412,-2.8194335754960775e-11,911463.9890709411,,,,
170,2020-01-31,2020-02-03,ADSK,BUY,BUY,MONTHLY_REBALANCE,0.0,0.1,199.26,457.42446505617846,91146.39890709412,91.14639890709412,-2.8194335754960775e-11,911463.9890709411,,,,
171,2020-01-31,2020-02-03,MSFT,SELL,REDUCE,MONTHLY_REBALANCE,0.10822667313446678,0.1,166.796,45.783814684240596,7636.557154072594,7.6365571540725945,-2.8194335754960775e-11,911463.9890709411,2020-01-02,153.613,595.9314718282708,0.08581955954248666
172,2020-01-31,2020-02-03,ANSS,SELL,SELL,MONTHLY_REBALANCE,0.10802013997008482,0.0,281.33,350.45833970395864,98594.44470891469,98.5944447089147,-2.8194335754960775e-11,911463.9890709411,2019-12-02,250.69999999999996,10635.944500423346,0.12217790187475086
173,2020-01-31,2020-02-03,SBAC,SELL,SELL,MONTHLY_REBALANCE,0.1041384667614599,0.0,243.925,389.6750279645799,95051.48119626015,95.05148119626016,-2.8194335754960775e-11,911463.9890709411,2020-01-02,233.465,3980.9493113132485,0.04480328957231272
174,2020-01-31,2020-02-03,ARWR,SELL,SELL,MONTHLY_REBALANCE,0.06831186980398089,0.0,43.26,1441.3098923281157,62351.06594211428,62.35106594211428,-2.8194335754960775e-11,911463.9890709411,2019-11-01,41.83302675462069,1994.3595887106383,0.03411116421839333
175,2020-01-31,2020-02-03,NMIH,SELL,SELL,MONTHLY_REBALANCE,0.10127892877828698,0.0,32.79,2819.1967897040813,92441.46273439682,92.44146273439682,-2.8194335754960775e-11,911463.9890709411,2019-07-01,32.269999999999996,1373.5408679117343,0.01611403780601184
176,2020-01-31,2020-02-03,APPF,SELL,REDUCE,MONTHLY_REBALANCE,0.11633323432475727,0.1,132.46,113.51162979761003,15035.750482991425,15.035750482991425,-2.8194335754960775e-11,911463.9890709411,2020-01-02,113.49,2138.2798667776724,0.16715129086263114
177,2020-02-28,2020-03-02,VRTX,SELL,SELL,MONTHLY_REBALANCE,0.09993798352178179,0.0,232.29,395.41190797403203,91850.2321032879,91.8502321032879,-7.389644451905042e-11,917760.9848730136,2020-02-03,230.51,611.9829640904895,0.007722007722007707
178,2020-02-28,2020-03-02,PODD,BUY,INCREASE,MONTHLY_REBALANCE,0.09238729995888165,0.1,181.51,37.82430980322439,6865.490472383259,6.865490472383259,-7.389644451905042e-11,917760.9848730136,2020-02-03,194.84,,
179,2020-02-28,2020-03-02,ENPH,SELL,REDUCE,MONTHLY_REBALANCE,0.1548435542604237,0.0,51.4,2768.724146631047,142312.42113683582,142.31242113683584,-7.389644451905042e-11,917760.9848730136,2020-02-03,32.92,51023.70980860491,0.5613608748481165
180,2020-02-28,2020-03-02,CPRT,SELL,SELL,MONTHLY_REBALANCE,0.08529003839017155,0.0,21.6725,3616.920591551354,78387.71152039671,78.3877115203967,-7.389644451905042e-11,917760.9848730136,2019-12-02,21.99,-1226.759999337948,-0.014438381082310103
181,2020-02-28,2020-03-02,ACGL,SELL,REDUCE,MONTHLY_REBALANCE,0.09431122929839876,0.0,42.49,2039.9820704363042,86678.83817283857,86.67883817283857,-7.389644451905042e-11,917760.9848730136,2020-02-03,44.68,-4554.23957242834,-0.049015219337511184
182,2020-02-28,2020-03-02,MEDP,BUY,BUY,MONTHLY_REBALANCE,0.0,0.1,94.84,967.6939950158305,91776.09848730137,91.77609848730137,-7.389644451905042e-11,917760.9848730136,,,,
183,2020-02-28,2020-03-02,PENN,SELL,SELL,MONTHLY_REBALANCE,0.09356866548573341,0.0,28.22,3047.3553629921134,85996.36834363744,85.99636834363744,-7.389644451905042e-11,917760.9848730136,2020-02-03,29.91,-5236.026931800313,-0.05650284185891008
184,2020-02-28,2020-03-02,CSGP,BUY,BUY,MONTHLY_REBALANCE,0.0,0.1,70.58,1300.3130984315865,91776.09848730137,91.77609848730137,-7.389644451905042e-11,917760.9848730136,,,,
185,2020-02-28,2020-03-02,DXCM,BUY,BUY,MONTHLY_REBALANCE,0.0,0.1,71.4325,1284.7947151128878,91776.09848730137,91.77609848730137,-7.389644451905042e-11,917760.9848730136,,,,
186,2020-02-28,2020-03-02,FTNT,SELL,SELL,MONTHLY_REBALANCE,0.09373213573357808,0.0,22.02,3912.198425061984,86146.60931986489,86.1466093198649,-7.389644451905042e-11,917760.9848730136,2020-02-03,23.298,-5085.936196549075,-0.05485449394797837
187,2020-02-28,2020-03-02,ADSK,BUY,INCREASE,MONTHLY_REBALANCE,0.09497654419867997,0.1,190.83,23.506722321599298,4485.787820630794,4.485787820630795,-7.389644451905042e-11,917760.9848730136,2020-02-03,199.26,,
188,2020-02-28,2020-03-02,MSFT,BUY,INCREASE,MONTHLY_REBALANCE,0.09853360525211638,0.1,165.722,7.341158968625792,1216.5915465986036,1.2165915465986037,-7.389644451905042e-11,917760.9848730136,2020-01-02,153.613,,
189,2020-02-28,2020-03-02,CWST,BUY,BUY,MONTHLY_REBALANCE,0.0,0.1,49.42,1857.0639111149608,91776.09848730137,91.77609848730137,-7.389644451905042e-11,917760.9848730136,,,,
190,2020-02-28,2020-03-02,EYE,BUY,BUY,MONTHLY_REBALANCE,0.0,0.1,36.33,2526.1794243683285,91776.09848730137,91.77609848730137,-7.389644451905042e-11,917760.9848730136,,,,
191,2020-02-28,2020-03-02,SBAC,BUY,BUY,MONTHLY_REBALANCE,0.0,0.1,278.611,329.4058687105009,91776.09848730137,91.77609848730137,-7.389644451905042e-11,917760.9848730136,,,,
192,2020-02-28,2020-03-02,NFLX,BUY,BUY,MONTHLY_REBALANCE,0.0,0.1,38.105000000000004,2408.505405781429,91776.09848730137,91.77609848730137,-7.389644451905042e-11,917760.9848730136,,,,
193,2020-02-28,2020-03-02,APPF,SELL,SELL,MONTHLY_REBALANCE,0.09241894390023461,0.0,123.44,688.1050800777149,84939.69108479313,84.93969108479313,-7.389644451905042e-11,917760.9848730136,2020-01-02,113.49,6761.705855688472,0.08767292272446925
194,2020-03-31,2020-04-01,PODD,SELL,SELL,MARKET_REGIME_TO_CASH,0.11079904657534803,0.0,159.17,505.62557703322886,80480.42309637903,80.48042309637903,725637.4956133517,725637.4956133517,2020-02-03,193.84282328944795,-17611.94670619468,-0.1788708124503231
195,2020-03-31,2020-04-01,MEDP,SELL,SELL,MARKET_REGIME_TO_CASH,0.09119211135712044,0.0,68.45,967.6939950158303,66238.65395883359,66.2386539588336,725637.4956133517,725637.4956133517,2020-03-02,94.84,-25603.683182426594,-0.27825811893715735
196,2020-03-31,2020-04-01,CSGP,SELL,SELL,MARKET_REGIME_TO_CASH,0.09659744751382895,0.0,53.96,1300.3130984315862,70164.8947913684,70.1648947913684,725637.4956133517,725637.4956133517,2020-03-02,70.58,-21681.368590724327,-0.23547747237177663
197,2020-03-31,2020-04-01,DXCM,SELL,SELL,MARKET_REGIME_TO_CASH,0.11267718550710853,0.0,63.7025,1284.794715112888,81844.63533947876,81.84463533947876,725637.4956133517,725637.4956133517,2020-03-02,71.4325,-10013.307783162109,-0.10821404822734759
198,2020-03-31,2020-04-01,ADSK,SELL,SELL,MARKET_REGIME_TO_CASH,0.09217864990602441,0.0,139.22,480.93118737777763,66955.2399067342,66.9552399067342,725637.4956133517,725637.4956133517,2020-02-03,198.84796253108155,-28743.902060897417,-0.2998671033491792
199,2020-03-31,2020-04-01,MSFT,SELL,SELL,MARKET_REGIME_TO_CASH,0.11121901491180078,0.0,145.876,553.7955038395709,80785.47291810124,80.78547291810123,725637.4956133517,725637.4956133517,2020-01-02,153.7735179047767,-4454.395380075941,-0.051358114273402866
200,2020-03-31,2020-04-01,CWST,SELL,SELL,MARKET_REGIME_TO_CASH,0.0916561862835387,0.0,35.85,1857.06391111496,66575.74121347132,66.57574121347132,725637.4956133517,725637.4956133517,2020-03-02,49.42,-25266.93301504348,-0.2745851881829219
201,2020-03-31,2020-04-01,EYE,SELL,SELL,MARKET_REGIME_TO_CASH,0.05731485173808763,0.0,16.48,2526.1794243683285,41631.436913590056,41.63143691359006,725637.4956133517,725637.4956133517,2020-03-02,36.33,-50186.293010624904,-0.5463804018717313
202,2020-03-31,2020-04-01,SBAC,SELL,SELL,MARKET_REGIME_TO_CASH,0.11564245030327036,0.0,255.0,329.405868710501,83998.49652117776,83.99849652117776,725637.4956133517,725637.4956133517,2020-03-02,278.611,-7861.600462644814,-0.08474539770504397
203,2020-03-31,2020-04-01,NFLX,SELL,SELL,MARKET_REGIME_TO_CASH,0.12072305590387236,0.0,36.408,2408.505405781429,87688.86481369028,87.68886481369027,725637.4956133517,725637.4956133517,2020-03-02,38.105000000000004,-4174.922538424782,-0.04453483794777591
204,2020-04-30,2020-05-01,PODD,BUY,BUY,MONTHLY_REBALANCE,0.0,0.1,194.89,371.9598660938588,72491.25830303214,72.49125830303214,-2.6830093702301383e-11,724912.5830303214,,,,
205,2020-04-30,2020-05-01,RGEN,BUY,BUY,MONTHLY_REBALANCE,0.0,0.1,112.91,642.0269090694549,72491.25830303214,72.49125830303214,-2.6830093702301383e-11,724912.5830303214,,,,
206,2020-04-30,2020-05-01,DXCM,BUY,BUY,MONTHLY_REBALANCE,0.0,0.1,85.38,849.042613059641,72491.25830303214,72.49125830303214,-2.6830093702301383e-11,724912.5830303214,,,,
207,2020-04-30,2020-05-01,MSFT,BUY,BUY,MONTHLY_REBALANCE,0.0,0.1,167.444,432.92837189169,72491.25830303214,72.49125830303214,-2.6830093702301383e-11,724912.5830303214,,,,
208,2020-04-30,2020-05-01,MRCY,BUY,BUY,MONTHLY_REBALANCE,0.0,0.1,86.62,836.8882279269468,72491.25830303214,72.49125830303214,-2.6830093702301383e-11,724912.5830303214,,,,
209,2020-04-30,2020-05-01,STRA,BUY,BUY,MONTHLY_REBALANCE,0.0,0.1,137.891,525.7142112467974,72491.25830303214,72.49125830303214,-2.6830093702301383e-11,724912.5830303214,,,,
210,2020-04-30,2020-05-01,INCY,BUY,BUY,MONTHLY_REBALANCE,0.0,0.1,97.3,745.0283484381515,72491.25830303214,72.49125830303214,-2.6830093702301383e-11,724912.5830303214,,,,
211,2020-04-30,2020-05-01,SBAC,BUY,BUY,MONTHLY_REBALANCE,0.0,0.1,280.726,258.22780327804384,72491.25830303214,72.49125830303214,-2.6830093702301383e-11,724912.5830303214,,,,
212,2020-04-30,2020-05-01,NFLX,BUY,BUY,MONTHLY_REBALANCE,0.0,0.1,41.527,1745.641589882056,72491.25830303214,72.49125830303214,-2.6830093702301383e-11,724912.5830303214,,,,
213,2020-04-30,2020-05-01,GSHD,BUY,BUY,MONTHLY_REBALANCE,0.0,0.1,56.073,1292.801496317874,72491.25830303214,72.49125830303214,-2.6830093702301383e-11,724912.5830303214,,,,
214,2020-05-29,2020-06-01,NBIX,BUY,BUY,MONTHLY_REBALANCE,0.0,0.1,123.4,625.6535393968109,77205.64676156646,77.20564676156646,3.5697667044587433e-11,772056.4676156646,,,,
215,2020-05-29,2020-06-01,PODD,SELL,SELL,MONTHLY_REBALANCE,0.09078648265360571,0.0,188.78,371.9598660938588,70218.58352119867,70.21858352119867,3.5697667044587433e-11,772056.4676156646,2020-05-01,194.89,-2342.8933653546706,-0.03135101852326949
216,2020-05-29,2020-06-01,ENPH,BUY,INCREASE,MONTHLY_REBALANCE,0.0,0.1,59.68,1293.6603009645855,77205.64676156646,77.20564676156646,3.5697667044587433e-11,772056.4676156646,2020-02-03,32.92,,
217,2020-05-29,2020-06-01,RGEN,SELL,SELL,MONTHLY_REBALANCE,0.1078736442459702,0.0,129.955,642.026909069455,83434.60696812104,83.43460696812103,3.5697667044587433e-11,772056.4676156646,2020-05-01,112.90999999999998,10859.914058120758,0.1509609423434597
218,2020-05-29,2020-06-01,DXCM,SELL,REDUCE,MONTHLY_REBALANCE,0.10392832495978846,0.1,94.675,33.561791706945726,3177.4626298550866,3.1774626298550865,3.5697667044587433e-11,772056.4676156646,2020-05-01,85.38,308.7793912862055,0.1088662450222535
219,2020-05-29,2020-06-01,ADSK,BUY,BUY,MONTHLY_REBALANCE,0.0,0.1,219.29,352.0709871018581,77205.64676156646,77.20564676156646,3.5697667044587433e-11,772056.4676156646,,,,
220,2020-05-29,2020-06-01,MSFT,SELL,SELL,MONTHLY_REBALANCE,0.098419378973321,0.0,175.831,432.9283718916901,76122.22855808777,76.12222855808777,3.5697667044587433e-11,772056.4676156646,2020-05-01,167.444,3554.8480264975174,0.05008838775948976
221,2020-05-29,2020-06-01,MRCY,SELL,SELL,MONTHLY_REBALANCE,0.09561839288552108,0.0,88.37,836.8882279269473,73955.81270190433,73.95581270190434,3.5697667044587433e-11,772056.4676156646,2020-05-01,86.62,1390.5985861702534,0.020203186331101408
222,2020-05-29,2020-06-01,BMRN,BUY,BUY,MONTHLY_REBALANCE,0.0,0.1,107.39,718.9277098572163,77205.64676156646,77.20564676156646,3.5697667044587433e-11,772056.4676156646,,,,
223,2020-05-29,2020-06-01,STRA,SELL,SELL,MONTHLY_REBALANCE,0.10802511233681197,0.0,158.93,525.7142112467973,83551.75959345349,83.5517595934535,3.5697667044587433e-11,772056.4676156646,2020-05-01,137.891,10976.949530827922,0.15257703548454948
224,2020-05-29,2020-06-01,SEDG,BUY,BUY,MONTHLY_REBALANCE,0.0,0.1,150.7,512.3135153388617,77205.64676156646,77.20564676156646,3.5697667044587433e-11,772056.4676156646,,,,
225,2020-05-29,2020-06-01,INCY,SELL,SELL,MONTHLY_REBALANCE,0.09801134341837911,0.0,101.75,745.028348438151,75806.63445358186,75.80663445358186,3.5697667044587433e-11,772056.4676156646,2020-05-01,97.3,3239.5695160961923,0.04573484069886957
226,2020-05-29,2020-06-01,SBAC,SELL,SELL,MONTHLY_REBALANCE,0.1039922317433303,0.0,311.479,258.22780327804384,80432.53793724181,80.43253793724182,3.5697667044587433e-11,772056.4676156646,2020-05-01,280.726,7860.847096272436,0.10954810028283801
227,2020-05-29,2020-06-01,LULU,BUY,BUY,MONTHLY_REBALANCE,0.0,0.1,308.69,250.10737879933416,77205.64676156646,77.20564676156646,3.5697667044587433e-11,772056.4676156646,,,,
228,2020-05-29,2020-06-01,NFLX,SELL,SELL,MONTHLY_REBALANCE,0.09612851653782611,0.0,42.592000000000006,1745.641589882056,74350.36659625654,74.35036659625655,3.5697667044587433e-11,772056.4676156646,2020-05-01,41.527,1784.7579266281414,0.025645965275604032
229,2020-05-29,2020-06-01,MKTX,BUY,BUY,MONTHLY_REBALANCE,0.0,0.1,510.557,151.2184668148051,77205.64676156646,77.20564676156646,3.5697667044587433e-11,772056.4676156646,,,,
230,2020-05-29,2020-06-01,GSHD,SELL,SELL,MONTHLY_REBALANCE,0.09721657224544603,0.0,58.162,1292.801496317874,75191.92062884018,75.19192062884018,3.5697667044587433e-11,772056.4676156646,2020-05-01,56.073,2625.4704051791964,0.037255006866049545
231,2020-05-29,2020-06-01,ZM,BUY,BUY,MONTHLY_REBALANCE,0.0,0.1,204.15,378.1809785038768,77205.64676156646,77.20564676156646,3.5697667044587433e-11,772056.4676156646,,,,
232,2020-05-29,2020-06-01,PLMR,BUY,BUY,MONTHLY_REBALANCE,0.0,0.1,76.42,1010.2806433075956,77205.64676156646,77.20564676156646,3.5697667044587433e-11,772056.4676156646,,,,
233,2020-06-30,2020-07-01,NBIX,BUY,INCREASE,MONTHLY_REBALANCE,0.09709906568718081,0.1,125.84,17.91539961659411,2254.473887752203,2.2544738877522033,-5.115907697472721e-12,809867.152854469,2020-06-01,123.39999999999999,,
234,2020-06-30,2020-07-01,ENPH,SELL,REDUCE,MONTHLY_REBALANCE,0.07827268477898965,0.0,49.06,1293.6603009645853,63466.97436532256,63.466974365322564,-5.115907697472721e-12,809867.152854469,2020-02-03,59.679999999999964,-13802.13937060917,-0.17794906166219782
235,2020-06-30,2020-07-01,CRSP,BUY,BUY,MONTHLY_REBALANCE,0.0,0.1,78.5,1031.6779017254382,80986.7152854469,80.9867152854469,-5.115907697472721e-12,809867.152854469,,,,
236,2020-06-30,2020-07-01,STAA,BUY,BUY,MONTHLY_REBALANCE,0.0,0.1,60.43,1340.174007702249,80986.7152854469,80.9867152854469,-5.115907697472721e-12,809867.152854469,,,,
237,2020-06-30,2020-07-01,DXCM,SELL,REDUCE,MONTHLY_REBALANCE,0.10062408905701188,0.1,100.052,6.034580543447099,603.7718525329692,0.6037718525329692,-5.115907697472721e-12,809867.152854469,2020-05-01,85.38,87.93559388092294,0.17184352307331952
238,2020-06-30,2020-07-01,ADSK,SELL,REDUCE,MONTHLY_REBALANCE,0.10473841240038977,0.1,241.22,16.33300813889116,3939.848223263325,3.939848223263325,-5.115907697472721e-12,809867.152854469,2020-06-01,219.28999999999996,354.2430202626204,0.10000456017146253
239,2020-06-30,2020-07-01,BMRN,SELL,SELL,MONTHLY_REBALANCE,0.11157486456651555,0.0,125.84,718.9277098572161,90469.86300843208,90.46986300843207,-5.115907697472721e-12,809867.152854469,2020-06-01,107.39,13173.746383857208,0.1718037061178881
240,2020-06-30,2020-07-01,SEDG,SELL,SELL,MONTHLY_REBALANCE,0.08933403352445916,0.0,141.39,512.3135153388615,72436.00793376162,72.43600793376162,-5.115907697472721e-12,809867.152854469,2020-06-01,150.7,-4842.074835738563,-0.06177836761778366
241,2020-06-30,2020-07-01,PCTY,BUY,BUY,MONTHLY_REBALANCE,0.0,0.1,150.88,536.7624289862599,80986.7152854469,80.9867152854469,-5.115907697472721e-12,809867.152854469,,,,
242,2020-06-30,2020-07-01,LULU,SELL,SELL,MONTHLY_REBALANCE,0.09519475210883392,0.0,308.62,250.10737879933416,77188.13924505051,77.18813924505051,-5.115907697472721e-12,809867.152854469,2020-06-01,308.69,-94.6956557610022,-0.00022676471541027698
243,2020-06-30,2020-07-01,ACMR,BUY,BUY,MONTHLY_REBALANCE,0.0,0.1,20.217,4005.872052502691,80986.7152854469,80.9867152854469,-5.115907697472721e-12,809867.152854469,,,,
244,2020-06-30,2020-07-01,MKTX,SELL,SELL,MONTHLY_REBALANCE,0.09269567696970081,0.0,497.041,151.21846681480523,75161.77796409761,75.16177796409761,-5.115907697472721e-12,809867.152854469,2020-06-01,510.557,-2119.030575433008,-0.026473048063193727
245,2020-06-30,2020-07-01,ZM,SELL,SELL,MONTHLY_REBALANCE,0.12085922690680867,0.0,259.13,378.18097850387693,97998.03695970963,97.99803695970964,-5.115907697472721e-12,809867.152854469,2020-06-01,204.15,20694.392161183438,0.26931178055351457
246,2020-06-30,2020-07-01,APPF,BUY,BUY,MONTHLY_REBALANCE,0.0,0.1,167.45,483.6471501071777,80986.7152854469,80.9867152854469,-5.115907697472721e-12,809867.152854469,,,,
247,2020-06-30,2020-07-01,PLMR,SELL,REDUCE,MONTHLY_REBALANCE,0.10960719400010982,0.1,87.97,89.6632136674123,7887.672906322259,7.887672906322259,-5.115907697472721e-12,809867.152854469,2020-06-01,76.42,1027.7224449522896,0.1511384454331326
248,2020-06-30,2020-07-01,APPS,BUY,BUY,MONTHLY_REBALANCE,0.0,0.1,25.36,3193.482463937181,80986.7152854469,80.9867152854469,-5.115907697472721e-12,809867.152854469,,,,
249,2020-07-31,2020-08-03,NBIX,SELL,SELL,MONTHLY_REBALANCE,0.088283969043427,0.0,123.01,643.5689390134054,79165.415188039,79.165415188039,-3.660716174636036e-11,895960.3131195998,2020-06-01,123.46792368682601,-373.8708764677591,-0.0037088473925220855
250,2020-07-31,2020-08-03,CRSP,SELL,SELL,MONTHLY_REBALANCE,0.10642219616128755,0.0,92.5,1031.6779017254382,95430.20590960304,95.43020590960305,-3.660716174636036e-11,895960.3131195998,2020-07-01,78.5,14348.060418246532,0.17834394904458595
251,2020-07-31,2020-08-03,STAA,BUY,INCREASE,MONTHLY_REBALANCE,0.09044956155962773,0.1,60.52,140.26272911136616,8488.700365819881,8.48870036581988,-3.660716174636036e-11,895960.3131195998,2020-07-01,60.43,,
252,2020-07-31,2020-08-03,DXCM,SELL,REDUCE,MONTHLY_REBALANCE,0.10012358617569556,0.1,110.918,1.678057899711682,186.12682612022036,0.18612682612022036,-3.660716174636036e-11,895960.3131195998,2020-05-01,85.38,42.66811581671673,0.2991098617943313
253,2020-07-31,2020-08-03,ADSK,BUY,INCREASE,MONTHLY_REBALANCE,0.08966358047633335,0.1,239.48,38.389427550979654,9193.500109908608,9.193500109908607,-3.660716174636036e-11,895960.3131195998,2020-06-01,219.28999999999996,,
254,2020-07-31,2020-08-03,EA,BUY,BUY,MONTHLY_REBALANCE,0.0,0.1,140.663,636.9552143204679,89596.03131195999,89.59603131195999,-3.660716174636036e-11,895960.3131195998,,,,
255,2020-07-31,2020-08-03,AMD,BUY,BUY,MONTHLY_REBALANCE,0.0,0.1,77.67,1153.5474612071582,89596.03131195999,89.59603131195999,-3.660716174636036e-11,895960.3131195998,,,,
256,2020-07-31,2020-08-03,PCTY,SELL,SELL,MONTHLY_REBALANCE,0.08065981830698314,0.0,134.75,536.7624289862599,72328.73730589852,72.32873730589853,-3.660716174636036e-11,895960.3131195998,2020-07-01,150.88,-8730.30671685427,-0.10690615058324493
257,2020-07-31,2020-08-03,POWI,BUY,BUY,MONTHLY_REBALANCE,0.0,0.1,59.5694,1504.0613353829312,89596.03131195999,89.59603131195999,-3.660716174636036e-11,895960.3131195998,,,,
258,2020-07-31,2020-08-03,ACMR,SELL,REDUCE,MONTHLY_REBALANCE,0.16015208233477554,0.1,35.85,1506.680105167685,54014.48177026151,54.01448177026151,-3.660716174636036e-11,895960.3131195998,2020-07-01,20.217,23499.915602316163,0.7732601276153734
259,2020-07-31,2020-08-03,APPF,SELL,SELL,MONTHLY_REBALANCE,0.0784384482039676,0.0,145.43,483.6471501071776,70336.80504008684,70.33680504008684,-3.660716174636036e-11,895960.3131195998,2020-07-01,167.45,-10720.24705040013,-0.13150194087787392
260,2020-07-31,2020-08-03,LITE,BUY,BUY,MONTHLY_REBALANCE,0.0,0.1,94.58,947.3042008031296,89596.03131195999,89.59603131195999,-3.660716174636036e-11,895960.3131195998,,,,
261,2020-07-31,2020-08-03,PLMR,BUY,INCREASE,MONTHLY_REBALANCE,0.09982190063834002,0.1,97.23,0.868030731718202,84.39862804496079,0.08439862804496079,-3.660716174636036e-11,895960.3131195998,2020-06-01,76.42,,
262,2020-07-31,2020-08-03,APPS,SELL,REDUCE,MONTHLY_REBALANCE,0.10598485709956247,0.1,29.76,182.8631322180969,5442.006814810564,5.442006814810564,-3.660716174636036e-11,895960.3131195998,2020-07-01,25.36,799.1557749448161,0.17350157728706628
263,2020-08-31,2020-09-01,ENPH,BUY,INCREASE,MONTHLY_REBALANCE,0.0,0.1,78.71,1212.1670566074004,95409.66902556847,95.40966902556846,7.048583938740194e-12,954096.6902556847,2020-02-03,59.679999999999964,,
264,2020-08-31,2020-09-01,STAA,SELL,SELL,MONTHLY_REBALANCE,0.07521178218039946,0.0,48.53,1480.4367368136152,71845.59483756474,71.84559483756475,7.048583938740194e-12,954096.6902556847,2020-07-01,60.43852697403822,-17701.666408539615,-0.1970353608908041
265,2020-08-31,2020-09-01,DXCM,SELL,SELL,MONTHLY_REBALANCE,0.08925293080701215,0.0,105.548,807.7681829095364,85258.31616973576,85.25831616973576,7.048583938740194e-12,954096.6902556847,2020-05-01,85.38,16205.8103967498,0.23621457015694558
266,2020-08-31,2020-09-01,ADSK,BUY,INCREASE,MONTHLY_REBALANCE,0.09928882093817734,0.1,253.51,2.2272502079515526,564.6302002177981,0.5646302002177981,7.048583938740194e-12,954096.6902556847,2020-06-01,221.3617074685235,,
267,2020-08-31,2020-09-01,LOGI,BUY,BUY,MONTHLY_REBALANCE,0.0,0.1,72.7612,1311.2712410676083,95409.66902556847,95.40966902556846,7.048583938740194e-12,954096.6902556847,,,,
268,2020-08-31,2020-09-01,EA,SELL,SELL,MONTHLY_REBALANCE,0.09111801876973394,0.0,136.65,636.9552143204678,87039.93003689194,87.03993003689193,7.048583938740194e-12,954096.6902556847,2020-08-03,140.663,-2643.1412051049324,-0.028529179670560123
269,2020-08-31,2020-09-01,AMD,SELL,REDUCE,MONTHLY_REBALANCE,0.11131608052743329,0.1,92.18,118.51091287163533,10924.335948507345,10.924335948507345,7.048583938740194e-12,954096.6902556847,2020-08-03,77.67,1708.6690098189217,0.18681601647997947
270,2020-08-31,2020-09-01,PTC,BUY,BUY,MONTHLY_REBALANCE,0.0,0.1,95.44,999.6821985076327,95409.66902556847,95.40966902556846,7.048583938740194e-12,954096.6902556847,,,,
271,2020-08-31,2020-09-01,VIRT,BUY,BUY,MONTHLY_REBALANCE,0.0,0.1,24.5747,3882.4347408338035,95409.66902556847,95.40966902556846,7.048583938740194e-12,954096.6902556847,,,,
272,2020-08-31,2020-09-01,POWI,SELL,SELL,MONTHLY_REBALANCE,0.08802290935861001,0.0,55.9042,1504.0613353829312,84083.34570551447,84.08334570551447,7.048583938740194e-12,954096.6902556847,2020-08-03,59.5694,-5596.768952151032,-0.06152823429478893
273,2020-08-31,2020-09-01,EXPI,BUY,BUY,MONTHLY_REBALANCE,0.0,0.1,22.4406,4251.654101297134,95409.66902556847,95.40966902556846,7.048583938740194e-12,954096.6902556847,,,,
274,2020-08-31,2020-09-01,ACMR,SELL,SELL,MONTHLY_REBALANCE,0.0789150583110622,0.0,30.163,2499.1919473350067,75383.12670746581,75.3831267074658,7.048583938740194e-12,954096.6902556847,2020-07-01,20.217,24781.579981486513,0.4919622100212693
275,2020-08-31,2020-09-01,ZM,BUY,BUY,MONTHLY_REBALANCE,0.0,0.1,457.69,208.45915144654344,95409.66902556847,95.40966902556846,7.048583938740194e-12,954096.6902556847,,,,
276,2020-08-31,2020-09-01,LITE,SELL,SELL,MONTHLY_REBALANCE,0.08556286820818917,0.0,86.28,947.3042008031292,81733.406445294,81.733406445294,7.048583938740194e-12,954096.6902556847,2020-08-03,94.58,-7944.358273111264,-0.08775639670120527
277,2020-08-31,2020-09-01,PLMR,SELL,REDUCE,MONTHLY_REBALANCE,0.11168832224937363,0.1,115.78,97.42544114951018,11279.917576290289,11.27991757629029,7.048583938740194e-12,954096.6902556847,2020-06-01,76.43960282641872,3821.4756320568094,0.5146598846532027
278,2020-08-31,2020-09-01,APPS,SELL,REDUCE,MONTHLY_REBALANCE,0.16962320865000888,0.1,53.82,1237.864426004325,66621.86340755277,66.62186340755277,7.048583938740194e-12,954096.6902556847,2020-07-01,25.36,35162.99970067554,1.1222397476340693
279,2020-09-30,2020-10-01,FRPT,BUY,BUY,MONTHLY_REBALANCE,0.0,0.1,113.33,844.7802183806887,95738.94214908345,95.73894214908346,-7.980816008057445e-11,957389.4214908344,,,,
280,2020-09-30,2020-10-01,ENPH,SELL,REDUCE,MONTHLY_REBALANCE,0.11323720373010936,0.1,89.51,142.5777129688857,12762.131087844959,12.762131087844958,-7.980816008057445e-11,957389.4214908344,2020-02-03,78.70999999999998,1527.0771689761243,0.13721255240757246
281,2020-09-30,2020-10-01,DXCM,BUY,BUY,MONTHLY_REBALANCE,0.0,0.1,103.46,925.3715653304026,95738.94214908345,95.73894214908346,-7.980816008057445e-11,957389.4214908344,,,,
282,2020-09-30,2020-10-01,ADSK,SELL,SELL,MONTHLY_REBALANCE,0.09189545006398413,0.0,233.96,376.35465672189844,88051.93548665536,88.05193548665537,-7.980816008057445e-11,957389.4214908344,2020-06-01,221.55195964143317,4581.771834253228,0.05600510317601537
283,2020-09-30,2020-10-01,LOGI,SELL,REDUCE,MONTHLY_REBALANCE,0.10426176946841087,0.1,76.1864,54.6303950756279,4162.093131389818,4.162093131389819,-7.980816008057445e-11,957389.4214908344,2020-09-01,72.7612,182.9579360816511,0.0470745397272172
284,2020-09-30,2020-10-01,AMD,SELL,SELL,MONTHLY_REBALANCE,0.09166716821197483,0.0,84.86,1035.0365483355226,87833.20149175245,87.83320149175245,-7.980816008057445e-11,957389.4214908344,2020-08-03,77.67,7354.0795810406535,0.09257113428608221
285,2020-09-30,2020-10-01,SEDG,BUY,BUY,MONTHLY_REBALANCE,0.0,0.1,248.87,384.69458813470266,95738.94214908345,95.73894214908346,-7.980816008057445e-11,957389.4214908344,,,,
286,2020-09-30,2020-10-01,PTC,SELL,SELL,MONTHLY_REBALANCE,0.08777441626515288,0.0,84.13,999.6821985076325,84103.26336044712,84.10326336044712,-7.980816008057445e-11,957389.4214908344,2020-09-01,95.44,-11390.508928481773,-0.11850377200335294
287,2020-09-30,2020-10-01,VIRT,SELL,SELL,MONTHLY_REBALANCE,0.08588134450055458,0.0,21.1953,3882.4347408338044,82289.36906239473,82.28936906239474,-7.980816008057445e-11,957389.4214908344,2020-09-01,24.5747,-13202.589332236155,-0.13751541219221397
288,2020-09-30,2020-10-01,EXPI,SELL,REDUCE,MONTHLY_REBALANCE,0.09996083634871977,0.1,22.5277,1.8220212763838908,41.045948707993375,0.04104594870799338,-7.980816008057445e-11,957389.4214908344,2020-09-01,22.4406,0.11765210446504262,0.00388135789595645
289,2020-09-30,2020-10-01,TRUP,BUY,BUY,MONTHLY_REBALANCE,0.0,0.1,81.16,1179.6321112504122,95738.94214908345,95.73894214908346,-7.980816008057445e-11,957389.4214908344,,,,
290,2020-09-30,2020-10-01,ZM,SELL,REDUCE,MONTHLY_REBALANCE,0.10507858285271496,0.1,482.99,10.237775954124407,4944.743408082548,4.944743408082548,-7.980816008057445e-11,957389.4214908344,2020-09-01,457.69,254.07098823126506,0.05527758963490581
291,2020-09-30,2020-10-01,PLMR,BUY,INCREASE,MONTHLY_REBALANCE,0.08999361082374957,0.1,104.64,90.87635452649499,9509.301737652437,9.509301737652438,-7.980816008057445e-11,957389.4214908344,2020-06-01,76.43960282641872,,
292,2020-09-30,2020-10-01,APPS,SELL,REDUCE,MONTHLY_REBALANCE,0.13024961773462904,0.1,70.4,412.8267501880075,29063.00321323573,29.06300321323573,-7.980816008057445e-11,957389.4214908344,2020-07-01,25.36,18564.653825254623,1.7760252365930604
293,2020-10-30,2020-11-02,FRPT,SELL,REDUCE,MONTHLY_REBALANCE,0.108148539542535,0.1,118.51,64.89970949756555,7691.264572556494,7.691264572556495,-5.9117155615240335e-12,924236.3910773892,2020-10-01,113.33,328.4892306248335,0.04570722668313776
294,2020-10-30,2020-11-02,ENPH,SELL,REDUCE,MONTHLY_REBALANCE,0.11996701323518466,0.0,103.83,1069.5893436385143,111055.46154998694,111.05546154998694,-5.9117155615240335e-12,924236.3910773892,2020-02-03,78.70999999999998,26757.028850649513,0.3191462330072421
295,2020-10-30,2020-11-02,ENSG,BUY,BUY,MONTHLY_REBALANCE,0.0,0.1,60.5428,1526.583493127819,92423.63910773893,92.42363910773894,-5.9117155615240335e-12,924236.3910773892,,,,
296,2020-10-30,2020-11-02,NVCR,BUY,BUY,MONTHLY_REBALANCE,0.0,0.1,112.16,824.033872215932,92423.63910773893,92.42363910773894,-5.9117155615240335e-12,924236.3910773892,,,,
297,2020-10-30,2020-11-02,AMZN,BUY,BUY,MONTHLY_REBALANCE,0.0,0.1,150.224,615.2388373877606,92423.63910773893,92.42363910773894,-5.9117155615240335e-12,924236.3910773892,,,,
298,2020-10-30,2020-11-02,DXCM,SELL,SELL,MONTHLY_REBALANCE,0.07797092353254538,0.0,78.0,925.3715653304027,72178.98209577141,72.17898209577142,-5.9117155615240335e-12,924236.3910773892,2020-10-01,103.46,-23632.139035407818,-0.24608544364971963
299,2020-10-30,2020-11-02,ADSK,BUY,BUY,MONTHLY_REBALANCE,0.0,0.1,240.74,383.91475910832816,92423.63910773893,92.42363910773894,-5.9117155615240335e-12,924236.3910773892,,,,
300,2020-10-30,2020-11-02,LOGI,SELL,REDUCE,MONTHLY_REBALANCE,0.11206124306677638,0.1,82.551,137.0464242679686,11313.319369745077,11.313319369745077,-5.9117155615240335e-12,924236.3910773892,2020-09-01,72.7612,1330.343764928814,0.13454698383204233
301,2020-10-30,2020-11-02,SEDG,SELL,SELL,MONTHLY_REBALANCE,0.11125481558984279,0.0,267.72,384.6945881347027,102990.43513542262,102.99043513542263,-5.9117155615240335e-12,924236.3910773892,2020-10-01,248.87,7148.502551203733,0.07574235544661878
302,2020-10-30,2020-11-02,POWI,BUY,BUY,MONTHLY_REBALANCE,0.0,0.1,58.8484,1570.5378414322042,92423.63910773893,92.42363910773894,-5.9117155615240335e-12,924236.3910773892,,,,
303,2020-10-30,2020-11-02,EXPI,SELL,REDUCE,MONTHLY_REBALANCE,0.09410933982793453,0.0,20.4993,4249.832080020748,87118.58275796933,87.11858275796934,-5.9117155615240335e-12,924236.3910773892,2020-09-01,22.4406,-8337.31759970224,-0.08650838212882006
304,2020-10-30,2020-11-02,COOP,BUY,BUY,MONTHLY_REBALANCE,0.0,0.1,21.78,4243.509600906286,92423.63910773893,92.42363910773894,-5.9117155615240335e-12,924236.3910773892,,,,
305,2020-10-30,2020-11-02,TRUP,SELL,SELL,MONTHLY_REBALANCE,0.09966227512985423,0.0,78.21,1179.6321112504127,92259.02742089477,92.25902742089477,-5.9117155615240335e-12,924236.3910773892,2020-10-01,81.16,-3572.1737556096155,-0.03634795465746676
306,2020-10-30,2020-11-02,FSLR,BUY,BUY,MONTHLY_REBALANCE,0.0,0.1,88.89,1039.7529430502748,92423.63910773893,92.42363910773894,-5.9117155615240335e-12,924236.3910773892,,,,
307,2020-10-30,2020-11-02,ZM,SELL,SELL,MONTHLY_REBALANCE,0.09699974948121624,0.0,453.0,198.22137549241896,89794.28309806579,89.79428309806579,-5.9117155615240335e-12,924236.3910773892,2020-09-01,457.69,-1019.4525341575102,-0.010247110489632671
308,2020-10-30,2020-11-02,PLMR,SELL,SELL,MONTHLY_REBALANCE,0.08986120660208945,0.0,90.92,914.9363737488861,83186.01510124873,83.18601510124873,-5.9117155615240335e-12,924236.3910773892,2020-06-01,79.24061649782153,10602.706774004484,0.14739137601863006
309,2020-10-30,2020-11-02,BPMC,BUY,BUY,MONTHLY_REBALANCE,0.0,0.1,98.47,938.596924014816,92423.63910773893,92.42363910773894,-5.9117155615240335e-12,924236.3910773892,,,,
310,2020-10-30,2020-11-02,APPS,SELL,SELL,MONTHLY_REBALANCE,0.08996489399202144,0.0,61.24,1359.9281555267532,83282.00024445837,83.28200024445837,-5.9117155615240335e-12,924236.3910773892,2020-07-01,25.36,48710.940220055454,1.414826498422713
311,2020-11-30,2020-12-01,FRPT,SELL,REDUCE,MONTHLY_REBALANCE,0.10139900727201134,0.1,135.24,11.703413152758635,1582.769594779078,1.582769594779078,-8.776623872108757e-11,1038882.7042657455,2020-10-01,113.33,254.83901258216272,0.1933292155651638
312,2020-11-30,2020-12-01,ENPH,BUY,INCREASE,MONTHLY_REBALANCE,0.0,0.1,128.85,806.2729563568068,103888.27042657456,103.88827042657456,-8.776623872108757e-11,1038882.7042657455,2020-02-03,78.70999999999998,,
313,2020-11-30,2020-12-01,ENSG,SELL,SELL,MONTHLY_REBALANCE,0.10446345292858017,0.0,71.1776,1526.5834931278198,108658.54924045471,108.65854924045472,-8.776623872108757e-11,1038882.7042657455,2020-11-02,60.5428,16126.25158347528,0.17565755135210126
314,2020-11-30,2020-12-01,NVCR,SELL,SELL,MONTHLY_REBALANCE,0.10058811233592961,0.0,126.97,824.033872215932,104627.58075525689,104.62758075525689,-8.776623872108757e-11,1038882.7042657455,2020-11-02,112.16,12099.314066762698,0.13204350927246788
315,2020-11-30,2020-12-01,AMZN,SELL,SELL,MONTHLY_REBALANCE,0.0952315566353665,0.0,161.004,615.2388373877607,99055.91377477901,99.05591377477901,-8.776623872108757e-11,1038882.7042657455,2020-11-02,150.224,6533.218753265282,0.07175950580466495
316,2020-11-30,2020-12-01,ADSK,SELL,REDUCE,MONTHLY_REBALANCE,0.1030174225250203,0.1,279.11,11.702117402281997,3266.1779881509283,3.2661779881509285,-8.776623872108757e-11,1038882.7042657455,2020-11-02,240.74,445.7440667374094,0.15938356733405334
317,2020-11-30,2020-12-01,LOGI,SELL,SELL,MONTHLY_REBALANCE,0.09213525302076853,0.0,85.5982,1119.5944217240124,95835.26722961637,95.83526722961636,-8.776623872108757e-11,1038882.7042657455,2020-09-01,72.7612,14276.398324441534,0.17642644706244548
318,2020-11-30,2020-12-01,AMD,BUY,BUY,MONTHLY_REBALANCE,0.0,0.1,92.63,1121.5402183587883,103888.27042657456,103.88827042657456,-8.776623872108757e-11,1038882.7042657455,,,,
319,2020-11-30,2020-12-01,ETSY,BUY,BUY,MONTHLY_REBALANCE,0.0,0.1,154.67,671.6769278242359,103888.27042657456,103.88827042657456,-8.776623872108757e-11,1038882.7042657455,,,,
320,2020-11-30,2020-12-01,FLGT,BUY,BUY,MONTHLY_REBALANCE,0.0,0.1,45.85,2265.8292350397937,103888.27042657456,103.88827042657456,-8.776623872108757e-11,1038882.7042657455,,,,
321,2020-11-30,2020-12-01,TSLA,BUY,BUY,MONTHLY_REBALANCE,0.0,0.1,194.92,532.9790192210885,103888.27042657456,103.88827042657456,-8.776623872108757e-11,1038882.7042657455,,,,
322,2020-11-30,2020-12-01,POWI,SELL,SELL,MONTHLY_REBALANCE,0.10869500601638264,0.0,71.9881,1570.537841432204,113060.03518280564,113.06003518280565,-8.776623872108757e-11,1038882.7042657455,2020-11-02,58.8484,20523.336039883932,0.22328049700586594
323,2020-11-30,2020-12-01,COOP,SELL,SELL,MONTHLY_REBALANCE,0.10811141154047414,0.0,26.5,4243.509600906285,112453.00442401657,112.45300442401657,-8.776623872108757e-11,1038882.7042657455,2020-11-02,21.78,19916.912311853644,0.21671258034894403
324,2020-11-30,2020-12-01,FSLR,BUY,INCREASE,MONTHLY_REBALANCE,0.09102449516259874,0.1,91.06,101.12417562504397,9208.367432416504,9.208367432416503,-8.776623872108757e-11,1038882.7042657455,2020-11-02,88.89,,
325,2020-11-30,2020-12-01,BPMC,BUY,INCREASE,MONTHLY_REBALANCE,0.09533428256286802,0.1,105.65,44.727926213055206,4725.505404409283,4.725505404409283,-8.776623872108757e-11,1038882.7042657455,2020-11-02,98.47,,
326,2020-11-30,2020-12-01,APPS,BUY,BUY,MONTHLY_REBALANCE,0.0,0.1,89.14,1165.4506442290167,103888.27042657456,103.88827042657456,-8.776623872108757e-11,1038882.7042657455,,,,
327,2020-12-31,2021-01-04,FRPT,BUY,INCREASE,MONTHLY_REBALANCE,0.0900385391999835,0.1,138.18,84.10714942629855,11621.925907725934,11.621925907725934,8.594724931754172e-11,1177686.3699574778,2020-10-01,113.33,,
328,2020-12-31,2021-01-04,ENPH,SELL,REDUCE,MONTHLY_REBALANCE,0.11779802469026947,0.1,172.24,122.52564449110939,21103.817007148682,21.10381700714868,8.594724931754172e-11,1177686.3699574778,2020-02-03,128.84999999999985,5295.283897462107,0.3367481567714412
329,2020-12-31,2021-01-04,ADSK,BUY,INCREASE,MONTHLY_REBALANCE,0.09372068199311807,0.1,296.84,24.52848818125958,7281.036431725093,7.281036431725093,8.594724931754172e-11,1177686.3699574778,2020-11-02,240.74,,
330,2020-12-31,2021-01-04,VCEL,BUY,BUY,MONTHLY_REBALANCE,0.0,0.1,30.93,3807.5860651712833,117768.63699574779,117.76863699574778,8.594724931754172e-11,1177686.3699574778,,,,
331,2020-12-31,2021-01-04,LOGI,BUY,BUY,MONTHLY_REBALANCE,0.0,0.1,95.5426,1232.6296018294227,117768.63699574779,117.76863699574778,8.594724931754172e-11,1177686.3699574778,,,,
332,2020-12-31,2021-01-04,AMD,SELL,SELL,MONTHLY_REBALANCE,0.0878088826824842,0.0,92.3,1121.540218358789,103518.1621545162,103.5181621545162,8.594724931754172e-11,1177686.3699574778,2020-12-01,92.63,-473.62643421291466,-0.003562560725466901
333,2020-12-31,2021-01-04,ALRM,BUY,BUY,MONTHLY_REBALANCE,0.0,0.1,100.45,1172.410522605752,117768.63699574779,117.76863699574778,8.594724931754172e-11,1177686.3699574778,,,,
334,2020-12-31,2021-01-04,ETSY,SELL,SELL,MONTHLY_REBALANCE,0.09804212729841098,0.0,172.08,671.6769278242361,115582.16573999457,115.58216573999457,8.594724931754172e-11,1177686.3699574778,2020-12-01,154.67,11578.313147679974,0.11256222926230053
335,2020-12-31,2021-01-04,NFLX,BUY,BUY,MONTHLY_REBALANCE,0.0,0.1,52.286,2252.393317441529,117768.63699574779,117.76863699574778,8.594724931754172e-11,1177686.3699574778,,,,
336,2020-12-31,2021-01-04,FLGT,SELL,REDUCE,MONTHLY_REBALANCE,0.11397346909659847,0.1,59.3,279.84884725315294,16595.03664211197,16.595036642111967,8.594724931754172e-11,1177686.3699574778,2020-12-01,45.85,3747.3719589127936,0.29334787350054525
337,2020-12-31,2021-01-04,TSLA,SELL,REDUCE,MONTHLY_REBALANCE,0.10997585772098947,0.1,243.257,48.84644751401414,11882.240282916537,11.882240282916538,8.594724931754172e-11,1177686.3699574778,2020-12-01,194.92,2349.2084932019857,0.2479837882208087
338,2020-12-31,2021-01-04,FSLR,SELL,SELL,MONTHLY_REBALANCE,0.09797446588779224,0.0,101.24,1140.8771186753188,115502.39949468928,115.50239949468929,8.594724931754172e-11,1177686.3699574778,2020-11-02,89.0823427663806,13754.890555039146,0.1364766221461302
339,2020-12-31,2021-01-04,PRPL,BUY,BUY,MONTHLY_REBALANCE,0.0,0.1,33.0,3568.7465756287206,117768.63699574779,117.76863699574778,8.594724931754172e-11,1177686.3699574778,,,,
340,2020-12-31,2021-01-04,BPMC,SELL,SELL,MONTHLY_REBALANCE,0.08722199595826131,0.0,104.57,983.3248502278708,102826.27958832844,102.82627958832845,8.594724931754172e-11,1177686.3699574778,2020-11-02,98.7965924888762,5574.308796591939,0.05843731413888431
341,2020-12-31,2021-01-04,APPS,SELL,SELL,MONTHLY_REBALANCE,0.10344595547209232,0.0,104.64,1165.450644229017,121952.75541212433,121.95275541212433,8.594724931754172e-11,1177686.3699574778,2020-12-01,89.14,17942.53223013764,0.17388377832622837
342,2021-01-29,2021-02-01,FRPT,BUY,INCREASE,MONTHLY_REBALANCE,0.08510926756815328,0.1,142.18,147.86302010171258,21023.164198061495,21.023164198061494,-3.0945557227823883e-10,1422009.3817443594,2020-10-01,115.78230705028383,,
343,2021-01-29,2021-02-01,ENPH,SELL,REDUCE,MONTHLY_REBALANCE,0.0894861051286319,0.0,186.34,683.747311865698,127409.47409305416,127.40947409305416,-3.0945557227823883e-10,1422009.3817443594,2020-02-03,128.84999999999985,39181.223485066024,0.4461777260380304
344,2021-01-29,2021-02-01,FRHC,BUY,BUY,MONTHLY_REBALANCE,0.0,0.1,51.82,2744.1323460910066,142200.93817443596,142.20093817443595,-3.0945557227823883e-10,1422009.3817443594,,,,
345,2021-01-29,2021-02-01,HOLX,BUY,BUY,MONTHLY_REBALANCE,0.0,0.1,82.89,1715.5379198267096,142200.93817443596,142.20093817443595,-3.0945557227823883e-10,1422009.3817443594,,,,
346,2021-01-29,2021-02-01,ADSK,SELL,SELL,MONTHLY_REBALANCE,0.0797834466646914,0.0,286.32,396.74112988730565,113594.92030933335,113.59492030933335,-3.0945557227823883e-10,1422009.3817443594,2020-11-02,244.20837795052793,16593.817592985386,0.172441348666601
347,2021-01-29,2021-02-01,VCEL,SELL,REDUCE,MONTHLY_REBALANCE,0.11865691157741479,0.1,44.37,602.6967666714881,26741.655537213926,26.741655537213926,-3.0945557227823883e-10,1422009.3817443594,2021-01-04,30.93,8073.502888527585,0.43452958292919486
348,2021-01-29,2021-02-01,LOGI,BUY,INCREASE,MONTHLY_REBALANCE,0.08900046268738854,0.1,102.803,150.6076400257365,15482.917217565788,15.482917217565788,-3.0945557227823883e-10,1422009.3817443594,2021-01-04,95.5426,,
349,2021-01-29,2021-02-01,PTC,BUY,BUY,MONTHLY_REBALANCE,0.0,0.1,137.0,1037.9630523681456,142200.93817443596,142.20093817443595,-3.0945557227823883e-10,1422009.3817443594,,,,
350,2021-01-29,2021-02-01,ALRM,SELL,SELL,MONTHLY_REBALANCE,0.07868822185842025,0.0,95.56,1172.4105226057522,112035.54954020568,112.0355495402057,-3.0945557227823883e-10,1422009.3817443594,2021-01-04,100.45,-5845.123005082334,-0.04868093578894972
351,2021-01-29,2021-02-01,NFLX,SELL,SELL,MONTHLY_REBALANCE,0.08527448526887811,0.0,53.903999999999996,2252.393317441529,121413.00938336816,121.41300938336816,-3.0945557227823883e-10,1422009.3817443594,2021-01-04,52.286,3522.959378237014,0.03094518609187924
352,2021-01-29,2021-02-01,FLGT,SELL,REDUCE,MONTHLY_REBALANCE,0.19236435322834627,0.1,137.91,954.866341129864,131685.61710521954,131.68561710521954,-3.0945557227823883e-10,1422009.3817443594,2020-12-01,45.85,87773.30974731006,2.007851690294438
353,2021-01-29,2021-02-01,VIRT,BUY,BUY,MONTHLY_REBALANCE,0.0,0.1,27.5798,5155.981485523316,142200.93817443596,142.20093817443595,-3.0945557227823883e-10,1422009.3817443594,,,,
354,2021-01-29,2021-02-01,TSLA,SELL,SELL,MONTHLY_REBALANCE,0.09518718625012224,0.0,279.937,484.1325717070744,135526.6197259633,135.52661972596331,-3.0945557227823883e-10,1422009.3817443594,2020-12-01,194.92,41023.9722290944,0.4361635542786786
355,2021-01-29,2021-02-01,EXPI,BUY,INCREASE,MONTHLY_REBALANCE,0.0,0.1,56.7971,2503.665471906769,142200.93817443596,142.20093817443595,-3.0945557227823883e-10,1422009.3817443594,2020-09-01,22.4406,,
356,2021-01-29,2021-02-01,FSLR,BUY,BUY,MONTHLY_REBALANCE,0.0,0.1,98.31,1446.4544621547752,142200.93817443596,142.20093817443595,-3.0945557227823883e-10,1422009.3817443594,,,,
357,2021-01-29,2021-02-01,PRPL,SELL,SELL,MONTHLY_REBALANCE,0.0864495597679532,0.0,34.49,3568.7465756287215,123086.0693934346,123.08606939343461,-3.0945557227823883e-10,1422009.3817443594,2021-01-04,33.0,5194.346328293367,0.045151515151515165
358,2021-02-26,2021-03-01,AMKR,BUY,BUY,MONTHLY_REBALANCE,0.0,0.1,24.3332,5825.653572207507,141756.79350323972,141.75679350323972,2.2737367544323206e-11,1417567.935032397,,,,
359,2021-02-26,2021-03-01,FRPT,SELL,SELL,MONTHLY_REBALANCE,0.11169232607382444,0.0,158.53,1000.1472652583767,158553.34596141046,158.55334596141046,2.2737367544323206e-11,1417567.935032397,2020-10-01,119.68497492615346,38692.19225053929,0.3245605816253394
360,2021-02-26,2021-03-01,FRHC,SELL,REDUCE,MONTHLY_REBALANCE,0.10834991977162611,0.1,56.05,215.0191702972568,12051.824495161243,12.051824495161243,2.2737367544323206e-11,1417567.935032397,2021-02-01,51.82,897.4792658622345,0.08162871478193745
361,2021-02-26,2021-03-01,HOLX,SELL,SELL,MONTHLY_REBALANCE,0.09020277053638497,0.0,74.64,1715.53791982671,128047.75033586564,128.04775033586563,2.2737367544323206e-11,1417567.935032397,2021-02-01,82.89,-14281.235588906224,-0.09952949692363378
362,2021-02-26,2021-03-01,VCEL,SELL,SELL,MONTHLY_REBALANCE,0.10875208784872972,0.0,48.17,3204.8892984997974,154379.51750873524,154.37951750873523,2.2737367544323206e-11,1417567.935032397,2021-01-04,30.93,55097.91198862778,0.5573876495311996
363,2021-02-26,2021-03-01,LOGI,SELL,REDUCE,MONTHLY_REBALANCE,0.10161409396809616,0.1,104.282,23.877107764523696,2489.95255190006,2.48995255190006,2.2737367544323206e-11,1417567.935032397,2021-01-04,96.33311638905869,187.30639803420183,0.08251454856747609
364,2021-02-26,2021-03-01,PTC,SELL,REDUCE,MONTHLY_REBALANCE,0.1039824282465816,0.1,142.21,41.14993442116799,5851.9321740343,5.8519321740343,2.2737367544323206e-11,1417567.935032397,2021-02-01,137.0,208.53922616025127,0.038029197080291954
365,2021-02-26,2021-03-01,UCTT,BUY,BUY,MONTHLY_REBALANCE,0.0,0.1,50.69,2796.5435688151456,141756.79350323972,141.75679350323972,2.2737367544323206e-11,1417567.935032397,,,,
366,2021-02-26,2021-03-01,ETSY,BUY,BUY,MONTHLY_REBALANCE,0.0,0.1,244.58,579.5927447184549,141756.79350323972,141.75679350323972,2.2737367544323206e-11,1417567.935032397,,,,
367,2021-02-26,2021-03-01,IAC,BUY,BUY,MONTHLY_REBALANCE,0.0,0.1,137.646,1029.8649688566304,141756.79350323972,141.75679350323972,2.2737367544323206e-11,1417567.935032397,,,,
368,2021-02-26,2021-03-01,WSC,BUY,BUY,MONTHLY_REBALANCE,0.0,0.1,27.78,5102.836339209493,141756.79350323972,141.75679350323972,2.2737367544323206e-11,1417567.935032397,,,,
369,2021-02-26,2021-03-01,FLGT,SELL,REDUCE,MONTHLY_REBALANCE,0.08090248114016665,0.0,111.38,1031.1140466567756,114845.48251663167,114.84548251663168,2.2737367544323206e-11,1417567.935032397,2020-12-01,45.85,67454.05799490189,1.4292257360959648
370,2021-02-26,2021-03-01,VIRT,SELL,SELL,MONTHLY_REBALANCE,0.09384179704103746,0.0,25.8367,5155.981485523316,133213.54684702028,133.21354684702027,2.2737367544323206e-11,1417567.935032397,2021-02-01,27.5798,-9120.604874262704,-0.06320205367696641
371,2021-02-26,2021-03-01,EXPI,SELL,REDUCE,MONTHLY_REBALANCE,0.1141634665109128,0.0,64.7296,2503.665471906769,162061.26453033643,162.06126453033642,2.2737367544323206e-11,1417567.935032397,2020-09-01,56.79709999999997,19698.26509137019,0.13966382086409412
372,2021-02-26,2021-03-01,FSLR,SELL,SELL,MONTHLY_REBALANCE,0.08649862886264023,0.0,84.89,1446.4544621547757,122789.5192923189,122.7895192923189,2.2737367544323206e-11,1417567.935032397,2021-02-01,98.31,-19534.208401409414,-0.13650696775506055
373,2021-02-26,2021-03-01,KLIC,BUY,BUY,MONTHLY_REBALANCE,0.0,0.1,50.9605,2781.6994241273087,141756.79350323972,141.75679350323972,2.2737367544323206e-11,1417567.935032397,,,,
374,2021-02-26,2021-03-01,APPS,BUY,BUY,MONTHLY_REBALANCE,0.0,0.1,189.48,748.1359167365407,141756.79350323972,141.75679350323972,2.2737367544323206e-11,1417567.935032397,,,,
375,2021-03-31,2021-04-01,AMKR,SELL,REDUCE,MONTHLY_REBALANCE,0.10012012669540139,0.1,24.1854,11.648025685073723,281.71216040378204,0.28171216040378205,-7.02584657119587e-11,1406140.4974486358,2021-03-01,24.3332,-2.00329035665768,-0.006074005884963762
376,2021-03-31,2021-04-01,FRHC,SELL,REDUCE,MONTHLY_REBALANCE,0.10173839443662717,0.1,56.61,45.20486021587387,2559.04713682062,2.55904713682062,-7.02584657119587e-11,1406140.4974486358,2021-02-01,51.82,213.97223329721518,0.09243535314550355
377,2021-03-31,2021-04-01,LOGI,SELL,SELL,MONTHLY_REBALANCE,0.10120432647997706,0.0,104.771,1359.3601340906373,142421.52060881015,142.42152060881017,-7.02584657119587e-11,1406140.4974486358,2021-01-04,96.33311638905869,11327.701076201563,0.0875906845664931
378,2021-03-31,2021-04-01,AMAT,BUY,BUY,MONTHLY_REBALANCE,0.0,0.1,139.489,1008.0655087129708,140614.0497448636,140.6140497448636,-7.02584657119587e-11,1406140.4974486358,,,,
379,2021-03-31,2021-04-01,ICHR,BUY,BUY,MONTHLY_REBALANCE,0.0,0.1,58.73,2394.2456963198297,140614.0497448636,140.6140497448636,-7.02584657119587e-11,1406140.4974486358,,,,
380,2021-03-31,2021-04-01,PTC,SELL,REDUCE,MONTHLY_REBALANCE,0.10190780534285063,0.1,143.87,19.444314549023538,2797.4535341680166,2.797453534168017,-7.02584657119587e-11,1406140.4974486358,2021-02-01,137.0,130.78498741762377,0.05014598540145987
381,2021-03-31,2021-04-01,UCTT,SELL,REDUCE,MONTHLY_REBALANCE,0.12646641902603525,0.1,63.64,587.0204741441278,37357.98297453229,37.35798297453229,-7.02584657119587e-11,1406140.4974486358,2021-03-01,50.69,7564.5571571919245,0.25547445255474455
382,2021-03-31,2021-04-01,ETSY,SELL,SELL,MONTHLY_REBALANCE,0.08574861738412538,0.0,208.2,579.5927447184552,120671.20945038236,120.67120945038236,-7.02584657119587e-11,1406140.4974486358,2021-03-01,244.58000000000004,-21206.25526230781,-0.14874478698176485
383,2021-03-31,2021-04-01,IAC,SELL,SELL,MONTHLY_REBALANCE,0.09054358763658962,0.0,123.724,1029.8649688566304,127419.01340681776,127.41901340681775,-7.02584657119587e-11,1406140.4974486358,2021-03-01,137.646,-14465.199109828809,-0.10114351306975855
384,2021-03-31,2021-04-01,WSC,SELL,REDUCE,MONTHLY_REBALANCE,0.10508324643844212,0.1,28.98,250.72972275457272,7266.147365427518,7.266147365427518,-7.02584657119587e-11,1406140.4974486358,2021-03-01,27.779999999999998,293.60951994006047,0.043196544276457916
385,2021-03-31,2021-04-01,VIRT,BUY,BUY,MONTHLY_REBALANCE,0.0,0.1,29.5624,4756.516715316198,140614.0497448636,140.6140497448636,-7.02584657119587e-11,1406140.4974486358,,,,
386,2021-03-31,2021-04-01,KLIC,BUY,INCREASE,MONTHLY_REBALANCE,0.099714187105689,0.1,50.4456,5.739911411638865,289.5532751069695,0.28955327510696954,-7.02584657119587e-11,1406140.4974486358,2021-03-01,50.9605,,
387,2021-03-31,2021-04-01,LRCX,BUY,BUY,MONTHLY_REBALANCE,0.0,0.1,61.4258,2289.1692048758596,140614.0497448636,140.6140497448636,-7.02584657119587e-11,1406140.4974486358,,,,
388,2021-03-31,2021-04-01,APPS,SELL,SELL,MONTHLY_REBALANCE,0.0874732894542624,0.0,164.54,748.1359167365407,123098.28373983041,123.0982837398304,-7.02584657119587e-11,1406140.4974486358,2021-03-01,189.48,-18781.60804714915,-0.13162339033143344
389,2021-04-30,2021-05-03,AMKR,SELL,REDUCE,MONTHLY_REBALANCE,0.0871016194146557,0.0,19.6367,5814.005546522427,114167.88271539695,114.16788271539694,-4.956746124662459e-11,1308647.5820370258,2021-03-01,24.3332,-27419.644931957973,-0.19300790689264047
390,2021-04-30,2021-05-03,CG,BUY,BUY,MONTHLY_REBALANCE,0.0,0.1,41.5368,3150.5739056379543,130864.75820370259,130.8647582037026,-4.956746124662459e-11,1308647.5820370258,,,,
391,2021-04-30,2021-05-03,NAVI,BUY,BUY,MONTHLY_REBALANCE,0.0,0.1,15.8345,8264.533657753802,130864.75820370259,130.8647582037026,-4.956746124662459e-11,1308647.5820370258,,,,
392,2021-04-30,2021-05-03,FRHC,SELL,SELL,MONTHLY_REBALANCE,0.09333060452042402,0.0,49.25,2483.908315577877,122332.48454221044,122.33248454221044,-4.956746124662459e-11,1308647.5820370258,2021-02-01,51.82,-6505.976855577355,-0.04959475106136624
393,2021-04-30,2021-05-03,CROX,BUY,BUY,MONTHLY_REBALANCE,0.0,0.1,98.13,1333.5856333812553,130864.75820370259,130.8647582037026,-4.956746124662459e-11,1308647.5820370258,,,,
394,2021-04-30,2021-05-03,PGNY,BUY,BUY,MONTHLY_REBALANCE,0.0,0.1,55.53,2356.649706531651,130864.75820370259,130.8647582037026,-4.956746124662459e-11,1308647.5820370258,,,,
395,2021-04-30,2021-05-03,LOGI,BUY,BUY,MONTHLY_REBALANCE,0.0,0.1,107.014,1222.875121046803,130864.75820370259,130.8647582037026,-4.956746124662459e-11,1308647.5820370258,,,,
396,2021-04-30,2021-05-03,AMAT,SELL,SELL,MONTHLY_REBALANCE,0.10071322203192169,0.0,130.953,1008.0655087129708,132009.20256248966,132.00920256248966,-4.956746124662459e-11,1308647.5820370258,2021-04-01,139.489,-8736.856384936409,-0.06119478955329816
397,2021-04-30,2021-05-03,ICHR,SELL,SELL,MONTHLY_REBALANCE,0.10360655188019029,0.0,56.72,2394.2456963198288,135801.61589526068,135.80161589526068,-4.956746124662459e-11,1308647.5820370258,2021-04-01,58.73,-4948.235465498112,-0.03422441682274813
398,2021-04-30,2021-05-03,PTC,SELL,SELL,MONTHLY_REBALANCE,0.09712219459652228,0.0,130.25,977.3688033979538,127302.28664258348,127.30228664258348,-4.956746124662459e-11,1308647.5820370258,2021-02-01,137.0,-6724.541709578772,-0.0492700729927007
399,2021-04-30,2021-05-03,UCTT,SELL,SELL,MONTHLY_REBALANCE,0.08482452968699841,0.0,50.32,2209.523094671018,111183.20212384562,111.18320212384562,-4.956746124662459e-11,1308647.5820370258,2021-03-01,50.69,-928.7067471521166,-0.007299270072992692
400,2021-04-30,2021-05-03,WSC,SELL,REDUCE,MONTHLY_REBALANCE,0.10687088397549706,0.1,28.87,319.20886087118237,9215.559813351036,9.215559813351035,-4.956746124662459e-11,1308647.5820370258,2021-03-01,27.779999999999998,338.72209853623883,0.03923686105111601
401,2021-04-30,2021-05-03,VIRT,SELL,SELL,MONTHLY_REBALANCE,0.10094243899608846,0.0,27.8165,4756.516715316197,132309.64721159302,132.30964721159302,-4.956746124662459e-11,1308647.5820370258,2021-04-01,29.5624,-8436.712180482136,-0.05905812789218734
402,2021-04-30,2021-05-03,COOP,BUY,BUY,MONTHLY_REBALANCE,0.0,0.1,33.65,3888.997272026823,130864.75820370259,130.8647582037026,-4.956746124662459e-11,1308647.5820370258,,,,
403,2021-04-30,2021-05-03,CINF,BUY,BUY,MONTHLY_REBALANCE,0.0,0.1,110.33,1186.1212562648652,130864.75820370259,130.8647582037026,-4.956746124662459e-11,1308647.5820370258,,,,
404,2021-04-30,2021-05-03,ORGO,BUY,BUY,MONTHLY_REBALANCE,0.0,0.1,46.46,2816.7188593134433,130864.75820370259,130.8647582037026,-4.956746124662459e-11,1308647.5820370258,,,,
405,2021-04-30,2021-05-03,KLIC,SELL,REDUCE,MONTHLY_REBALANCE,0.12191255616167387,0.1,57.3272,504.6702799474926,28931.334072605896,28.931334072605896,-4.956746124662459e-11,1308647.5820370258,2021-03-01,50.95943971490315,3184.688031645747,0.12495742340814209
406,2021-04-30,2021-05-03,LRCX,SELL,SELL,MONTHLY_REBALANCE,0.1035753987360281,0.0,59.3057,2289.1692048758596,135760.78211360626,135.76078211360627,-4.956746124662459e-11,1308647.5820370258,2021-04-01,61.4258,-4989.028413370917,-0.03451481299388859
407,2021-05-28,2021-06-01,CG,SELL,REDUCE,MONTHLY_REBALANCE,0.09730897372929811,0.0,41.4799,3150.573905637953,130685.49054847173,130.68549054847173,7.185008144006133e-11,1341920.6496353783,2021-05-03,41.5368,-309.95314577926763,-0.0013698696095991725
408,2021-05-28,2021-06-01,NAVI,SELL,REDUCE,MONTHLY_REBALANCE,0.10778146835716358,0.1,17.5146,602.8077283270469,10557.936238556897,10.557936238556897,7.185008144006133e-11,1341920.6496353783,2021-05-03,15.8345,1002.2193281237154,0.10610376077552197
409,2021-05-28,2021-06-01,CROX,SELL,REDUCE,MONTHLY_REBALANCE,0.10240742494663944,0.1,103.13,32.392334016009606,3340.6214070710703,3.3406214070710702,7.185008144006133e-11,1341920.6496353783,2021-05-03,98.13,158.62104867297697,0.050952817690818275
410,2021-05-28,2021-06-01,PGNY,SELL,REDUCE,MONTHLY_REBALANCE,0.11290199343796564,0.1,64.34,270.97881807131847,17434.77715470863,17.43477715470863,7.185008144006133e-11,1341920.6496353783,2021-05-03,55.53,2369.888610053608,0.15865298037097064
411,2021-05-28,2021-06-01,BGFV,BUY,BUY,MONTHLY_REBALANCE,0.0,0.1,28.745,4668.361974727355,134192.06496353782,134.19206496353783,7.185008144006133e-11,1341920.6496353783,,,,
412,2021-05-28,2021-06-01,LOGI,SELL,REDUCE,MONTHLY_REBALANCE,0.11271524705355719,0.1,123.787,138.81891996318546,17183.97764548284,17.183977645482837,7.185008144006133e-11,1341920.6496353783,2021-05-03,107.014,2311.2257668970287,0.1567365017661242
413,2021-05-28,2021-06-01,CELH,BUY,BUY,MONTHLY_REBALANCE,0.0,0.1,22.1567,6056.500515128057,134192.06496353782,134.19206496353783,7.185008144006133e-11,1341920.6496353783,,,,
414,2021-05-28,2021-06-01,NVDA,BUY,BUY,MONTHLY_REBALANCE,0.0,0.1,16.2288,8268.76078105207,134192.06496353782,134.19206496353783,7.185008144006133e-11,1341920.6496353783,,,,
415,2021-05-28,2021-06-01,WSC,SELL,SELL,MONTHLY_REBALANCE,0.09801624374091247,0.0,29.04,4532.897755583742,131635.35082215187,131.63535082215188,7.185008144006133e-11,1341920.6496353783,2021-03-01,27.779999999999998,5579.81582121337,0.04535637149028093
416,2021-05-28,2021-06-01,MRNA,BUY,BUY,MONTHLY_REBALANCE,0.0,0.1,184.66,726.6980665197543,134192.06496353782,134.19206496353783,7.185008144006133e-11,1341920.6496353783,,,,
417,2021-05-28,2021-06-01,COOP,SELL,REDUCE,MONTHLY_REBALANCE,0.10056988226483622,0.1,34.73,25.131307053086417,872.8102939536911,0.8728102939536911,7.185008144006133e-11,1341920.6496353783,2021-05-03,33.65,26.269001323379594,0.032095096582466454
418,2021-05-28,2021-06-01,CINF,SELL,REDUCE,MONTHLY_REBALANCE,0.1033324576160886,0.1,116.999,39.17072708480582,4582.9358981951955,4.5829358981951955,7.185008144006133e-11,1341920.6496353783,2021-05-03,110.33,256.64664303037466,0.06044593492250527
419,2021-05-28,2021-06-01,ORGO,SELL,SELL,MONTHLY_REBALANCE,0.07613347386999951,0.0,36.3,2816.7188593134433,102246.89459307799,102.246894593078,7.185008144006133e-11,1341920.6496353783,2021-05-03,46.46,-28720.11050521767,-0.21868273783900138
420,2021-05-28,2021-06-01,KLIC,SELL,SELL,MONTHLY_REBALANCE,0.0888328349835393,0.0,52.262,2282.769055591457,119302.07638332073,119.30207638332074,7.185008144006133e-11,1341920.6496353783,2021-03-01,50.95943971490315,2854.1422354781603,0.025560726185062776
421,2021-06-30,2021-07-01,NAVI,SELL,REDUCE,MONTHLY_REBALANCE,0.10083600874535874,0.0,18.4323,7661.725929426752,141223.23084897274,141.22323084897275,5.911715561524034e-11,1398797.1525348523,2021-05-03,15.8345,19762.408388615855,0.16405949035334255
422,2021-06-30,2021-07-01,FRHC,BUY,BUY,MONTHLY_REBALANCE,0.0,0.1,65.61,2131.9877343923977,139879.71525348522,139.87971525348522,5.911715561524034e-11,1398797.1525348523,,,,
423,2021-06-30,2021-07-01,SWBI,BUY,BUY,MONTHLY_REBALANCE,0.0,0.1,33.956,4119.440312565826,139879.71525348522,139.87971525348522,5.911715561524034e-11,1398797.1525348523,,,,
424,2021-06-30,2021-07-01,CROX,SELL,SELL,MONTHLY_REBALANCE,0.10870191228933075,0.0,117.0,1301.1932993652456,152239.61602573373,152.23961602573374,5.911715561524034e-11,1398797.1525348523,2021-05-03,98.13,24401.277942996458,0.19229593396514844
425,2021-06-30,2021-07-01,PGNY,BUY,INCREASE,MONTHLY_REBALANCE,0.08999282351451725,0.1,60.43,229.0687318190842,13842.623463827258,13.842623463827259,5.911715561524034e-11,1398797.1525348523,2021-05-03,55.53,,
426,2021-06-30,2021-07-01,BGFV,SELL,SELL,MONTHLY_REBALANCE,0.07932980485944555,0.0,23.7992,4668.361974727356,111103.28030893128,111.10328030893129,5.911715561524034e-11,1398797.1525348523,2021-06-01,28.745,-23199.8879349155,-0.17205774917376937
427,2021-06-30,2021-07-01,LOGI,SELL,SELL,MONTHLY_REBALANCE,0.09035092981141062,0.0,116.727,1084.056201083618,126538.62818388747,126.53862818388747,5.911715561524034e-11,1398797.1525348523,2021-05-03,107.014,10402.899252941303,0.09076382529388693
428,2021-06-30,2021-07-01,CELH,SELL,REDUCE,MONTHLY_REBALANCE,0.10483903108705694,0.1,24.2433,286.6706960240054,6949.843684918771,6.949843684918771,5.911715561524034e-11,1398797.1525348523,2021-06-01,22.1567,591.2172306387711,0.0941746740263667
429,2021-06-30,2021-07-01,AMD,BUY,BUY,MONTHLY_REBALANCE,0.0,0.1,93.31,1499.0860063603602,139879.71525348522,139.87971525348522,5.911715561524034e-11,1398797.1525348523,,,,
430,2021-06-30,2021-07-01,NVDA,SELL,REDUCE,MONTHLY_REBALANCE,0.11910119389072889,0.0,20.1728,8268.760781052068,166804.05748400715,166.80405748400716,5.911715561524034e-11,1398797.1525348523,2021-06-01,16.2288,32445.188462985338,0.2430247461303361
431,2021-06-30,2021-07-01,WSC,BUY,BUY,MONTHLY_REBALANCE,0.0,0.1,27.72,5046.165773935253,139879.71525348522,139.87971525348522,5.911715561524034e-11,1398797.1525348523,,,,
432,2021-06-30,2021-07-01,MRNA,SELL,REDUCE,MONTHLY_REBALANCE,0.12199291548465019,0.1,235.11,131.74372492014018,30974.26716597416,30.97426716597416,5.911715561524034e-11,1398797.1525348523,2021-06-01,184.66,6615.4966550551,0.27320480883786424
433,2021-06-30,2021-07-01,COOP,SELL,REDUCE,MONTHLY_REBALANCE,0.09164972899173951,0.0,33.22,3863.8659649737347,128357.62735642746,128.35762735642746,5.911715561524034e-11,1398797.1525348523,2021-05-03,33.65,-1789.8199922951321,-0.012778603268944977
434,2021-06-30,2021-07-01,CINF,BUY,INCREASE,MONTHLY_REBALANCE,0.09320565132576147,0.1,113.812,82.09135790992318,9342.981626444176,9.342981626444177,5.911715561524034e-11,1398797.1525348523,2021-05-03,110.33,,
435,2021-06-30,2021-07-01,KLIC,BUY,BUY,MONTHLY_REBALANCE,0.0,0.1,58.7417,2381.267740863564,139879.71525348522,139.87971525348522,5.911715561524034e-11,1398797.1525348523,,,,
436,2021-06-30,2021-07-01,ROKU,BUY,BUY,MONTHLY_REBALANCE,0.0,0.1,435.67,321.06804520275716,139879.71525348522,139.87971525348522,5.911715561524034e-11,1398797.1525348523,,,,
437,2021-07-30,2021-08-02,RGEN,BUY,BUY,MONTHLY_REBALANCE,0.0,0.1,247.87,568.5577169788064,140928.40130753675,140.92840130753675,-1.0959411156363785e-10,1409284.0130753675,,,,
438,2021-07-30,2021-08-02,CG,BUY,INCREASE,MONTHLY_REBALANCE,0.0,0.1,47.6898,2955.1057313626134,140928.40130753675,140.92840130753675,-1.0959411156363785e-10,1409284.0130753675,2021-05-03,41.5368,,
439,2021-07-30,2021-08-02,NAVI,BUY,INCREASE,MONTHLY_REBALANCE,0.0,0.1,19.6069,7187.694194775143,140928.40130753675,140.92840130753675,-1.0959411156363785e-10,1409284.0130753675,2021-05-03,15.8345,,
440,2021-07-30,2021-08-02,FRHC,SELL,SELL,MONTHLY_REBALANCE,0.09532511566376214,0.0,63.1,2131.9877343923968,134528.42604016024,134.52842604016024,-1.0959411156363785e-10,1409284.0130753675,2021-07-01,65.61,-5485.817639365072,-0.03825636335924398
441,2021-07-30,2021-08-02,SWBI,SELL,SELL,MONTHLY_REBALANCE,0.06851377394974342,0.0,23.4718,4119.440312565827,96690.6791284826,96.6906791284826,-1.0959411156363785e-10,1409284.0130753675,2021-07-01,33.956,-43285.72680413114,-0.3087583932147485
442,2021-07-30,2021-08-02,CROX,BUY,BUY,MONTHLY_REBALANCE,0.0,0.1,136.64,1031.3846699907551,140928.40130753675,140.92840130753675,-1.0959411156363785e-10,1409284.0130753675,,,,
443,2021-07-30,2021-08-02,PGNY,SELL,SELL,MONTHLY_REBALANCE,0.09196572126539446,0.0,56.07,2314.7396202794175,129787.45050906694,129.78745050906696,-1.0959411156363785e-10,1409284.0130753675,2021-05-03,56.01490844329956,-2.2648414716895644,0.0009835159644366875
444,2021-07-30,2021-08-02,CELH,SELL,REDUCE,MONTHLY_REBALANCE,0.09440178725254741,0.0,23.09,5769.829819104049,133225.3705231125,133.2253705231125,-1.0959411156363785e-10,1409284.0130753675,2021-06-01,22.1567,5251.756799646692,0.04212269877734487
445,2021-07-30,2021-08-02,AMD,SELL,REDUCE,MONTHLY_REBALANCE,0.11539038158474188,0.1,108.63,201.76113010576455,21917.3115633892,21.9173115633892,-1.0959411156363785e-10,1409284.0130753675,2021-07-01,93.31,3069.063201656922,0.16418390311863673
446,2021-07-30,2021-08-02,SBAC,BUY,BUY,MONTHLY_REBALANCE,0.0,0.1,338.199,416.70259612694525,140928.40130753675,140.92840130753675,-1.0959411156363785e-10,1409284.0130753675,,,,
447,2021-07-30,2021-08-02,WSC,SELL,SELL,MONTHLY_REBALANCE,0.10194173264872002,0.0,28.51,5046.165773935252,143866.18621489406,143.86618621489407,-1.0959411156363785e-10,1409284.0130753675,2021-07-01,27.720000000000002,3842.604775193951,0.028499278499278358
448,2021-07-30,2021-08-02,MRNA,SELL,REDUCE,MONTHLY_REBALANCE,0.14612280696621102,0.1,346.61,188.36364511787158,65288.72303430547,65.28872303430548,-1.0959411156363785e-10,1409284.0130753675,2021-06-01,184.66,30440.203603805003,0.8770172208382976
449,2021-07-30,2021-08-02,MAT,BUY,BUY,MONTHLY_REBALANCE,0.0,0.1,21.91,6432.149763009436,140928.40130753675,140.92840130753675,-1.0959411156363785e-10,1409284.0130753675,,,,
450,2021-07-30,2021-08-02,COOP,BUY,INCREASE,MONTHLY_REBALANCE,0.0,0.1,37.02,3806.8179715704146,140928.40130753675,140.92840130753675,-1.0959411156363785e-10,1409284.0130753675,2021-05-03,33.65,,
451,2021-07-30,2021-08-02,CINF,SELL,REDUCE,MONTHLY_REBALANCE,0.10012545336745936,0.1,114.97,3.2577581212381,374.54445119874435,0.37454445119874435,-1.0959411156363785e-10,1409284.0130753675,2021-05-03,110.56257312158755,13.983786255712506,0.039863642406056554
452,2021-07-30,2021-08-02,KLIC,SELL,SELL,MONTHLY_REBALANCE,0.09034957393859316,0.0,53.5457,2381.2677408635636,127506.6480719581,127.50664807195811,-1.0959411156363785e-10,1409284.0130753675,2021-07-01,58.7417,-12500.573829599047,-0.08845504981980445
453,2021-07-30,2021-08-02,ROKU,SELL,SELL,MONTHLY_REBALANCE,0.09586365336282714,0.0,421.37,321.0680452027571,135288.44220708575,135.28844220708575,-1.0959411156363785e-10,1409284.0130753675,2021-07-01,435.67,-4726.561488606516,-0.032823008240181806
454,2021-08-31,2021-09-01,RGEN,SELL,REDUCE,MONTHLY_REBALANCE,0.10857752680464795,0.1,285.87,45.544949591312196,13019.934739668417,13.019934739668416,7.639755494892597e-11,1495136.5981306299,2021-08-02,247.87,1717.6881497301952,0.1533061685560979
455,2021-08-31,2021-09-01,CG,SELL,REDUCE,MONTHLY_REBALANCE,0.09529054854032488,0.0,48.2703,2955.105731362613,142643.84018459273,142.64384018459273,7.639755494892597e-11,1495136.5981306299,2021-05-03,47.6898,1572.795036871406,0.012172414226941708
456,2021-08-31,2021-09-01,NAVI,SELL,REDUCE,MONTHLY_REBALANCE,0.10528094329825992,0.1,21.9262,368.7442712561094,8085.160640415706,8.085160640415706,7.639755494892597e-11,1495136.5981306299,2021-05-03,19.606899999999996,847.1434276838809,0.11828998974850724
457,2021-08-31,2021-09-01,STAA,BUY,BUY,MONTHLY_REBALANCE,0.0,0.1,157.17,951.2862493673283,149513.659813063,149.513659813063,7.639755494892597e-11,1495136.5981306299,,,,
458,2021-08-31,2021-09-01,CROX,BUY,INCREASE,MONTHLY_REBALANCE,0.09877464308953676,0.1,143.36,11.539854374918384,1654.3535231882997,1.6543535231882998,7.639755494892597e-11,1495136.5981306299,2021-08-02,136.64,,
459,2021-08-31,2021-09-01,OPCH,BUY,BUY,MONTHLY_REBALANCE,0.0,0.1,27.69,5399.554345000469,149513.659813063,149.513659813063,7.639755494892597e-11,1495136.5981306299,,,,
460,2021-08-31,2021-09-01,CELH,BUY,INCREASE,MONTHLY_REBALANCE,0.0,0.1,28.0333,5333.430591941119,149513.659813063,149.513659813063,7.639755494892597e-11,1495136.5981306299,2021-06-01,22.1567,,
461,2021-08-31,2021-09-01,AMD,SELL,SELL,MONTHLY_REBALANCE,0.09532323060482065,0.0,109.99,1297.3248762545957,142692.76313924298,142.69276313924297,7.639755494892597e-11,1495136.5981306299,2021-07-01,93.31,21496.686172787402,0.17875897545815023
462,2021-08-31,2021-09-01,EYE,BUY,BUY,MONTHLY_REBALANCE,0.0,0.1,59.77,2501.4833497249956,149513.659813063,149.513659813063,7.639755494892597e-11,1495136.5981306299,,,,
463,2021-08-31,2021-09-01,SBAC,SELL,SELL,MONTHLY_REBALANCE,0.1009162193823058,0.0,362.525,416.70259612694525,151065.1086609208,151.06510866092083,7.639755494892597e-11,1495136.5981306299,2021-08-02,338.199,9985.642244723134,0.07192806602030144
464,2021-08-31,2021-09-01,MRNA,SELL,SELL,MONTHLY_REBALANCE,0.10591367296395678,0.0,389.94,406.5906964817426,158545.9761860907,158.5459761860907,7.639755494892597e-11,1495136.5981306299,2021-06-01,184.66,83306.39219758604,1.1116646810354163
465,2021-08-31,2021-09-01,MAT,SELL,SELL,MONTHLY_REBALANCE,0.09255473709284137,0.0,21.54,6432.149763009437,138548.50589522326,138.54850589522326,7.639755494892597e-11,1495136.5981306299,2021-08-02,21.91,-2518.4439182087212,-0.016887266088544073
466,2021-08-31,2021-09-01,COOP,SELL,REDUCE,MONTHLY_REBALANCE,0.10080743431600458,0.1,39.64,35.03038799163034,1388.6045799882268,1.3886045799882267,7.639755494892597e-11,1495136.5981306299,2021-05-03,37.02,90.39101195808318,0.07077255537547256
467,2021-08-31,2021-09-01,CINF,SELL,SELL,MONTHLY_REBALANCE,0.09656104390730146,0.0,117.921,1225.784128968746,144545.6902721235,144.5456902721235,7.639755494892597e-11,1495136.5981306299,2021-05-03,110.56257312158755,8875.297191462902,0.06655441050852051
468,2021-08-31,2021-09-01,ON,BUY,BUY,MONTHLY_REBALANCE,0.0,0.1,44.68,3346.3218400416963,149513.659813063,149.513659813063,7.639755494892597e-11,1495136.5981306299,,,,
469,2021-08-31,2021-09-01,KLIC,BUY,BUY,MONTHLY_REBALANCE,0.0,0.1,69.9515,2137.3903320595414,149513.659813063,149.513659813063,7.639755494892597e-11,1495136.5981306299,,,,
470,2021-09-30,2021-10-01,RGEN,SELL,SELL,MONTHLY_REBALANCE,0.10420149357719018,0.0,281.6,523.0127673874949,147280.39529631857,147.28039529631857,1.5279510989785194e-10,1411718.1923868458,2021-08-02,247.87,17493.940248683895,0.13607939645782063
471,2021-09-30,2021-10-01,CG,BUY,INCREASE,MONTHLY_REBALANCE,0.0,0.1,46.3731,3044.2609883463597,141171.81923868458,141.17181923868458,1.5279510989785194e-10,1411718.1923868458,2021-05-03,47.6898,,
472,2021-09-30,2021-10-01,NAVI,SELL,REDUCE,MONTHLY_REBALANCE,0.08793739796946409,0.0,18.2275,6818.949923519028,124292.40973094308,124.29240973094308,1.5279510989785194e-10,1411718.1923868458,2021-05-03,19.606899999999996,-9530.351934233067,-0.07035278396890876
473,2021-09-30,2021-10-01,THRM,BUY,BUY,MONTHLY_REBALANCE,0.0,0.1,83.39,1692.9106516211125,141171.81923868458,141.17181923868458,1.5279510989785194e-10,1411718.1923868458,,,,
474,2021-09-30,2021-10-01,STAA,SELL,SELL,MONTHLY_REBALANCE,0.0860076521038936,0.0,127.79,951.2862493673285,121564.86980665092,121.56486980665093,1.5279510989785194e-10,1411718.1923868458,2021-09-01,157.17,-28070.354876218746,-0.18693134822167068
475,2021-09-30,2021-10-01,CROX,SELL,REDUCE,MONTHLY_REBALANCE,0.10413607974219515,0.1,141.13,42.62820722059734,6016.118885042903,6.016118885042903,1.5279510989785194e-10,1411718.1923868458,2021-08-02,136.7143561203018,182.2148634310941,0.0322983189549797
476,2021-09-30,2021-10-01,OPCH,SELL,SELL,MONTHLY_REBALANCE,0.09481754285068388,0.0,24.82,5399.55434500047,134016.93884291165,134.01693884291166,1.5279510989785194e-10,1411718.1923868458,2021-09-01,27.69,-15630.737908994264,-0.10364752618273743
477,2021-09-30,2021-10-01,CELH,SELL,REDUCE,MONTHLY_REBALANCE,0.11847307307451525,0.1,31.3967,837.0402312126178,26280.301027313195,26.280301027313197,1.5279510989785194e-10,1411718.1923868458,2021-06-01,28.033299999999997,2789.0208126332072,0.11997873957043947
478,2021-09-30,2021-10-01,LFUS,BUY,BUY,MONTHLY_REBALANCE,0.0,0.1,275.264,512.8597246232147,141171.81923868458,141.17181923868458,1.5279510989785194e-10,1411718.1923868458,,,,
479,2021-09-30,2021-10-01,EYE,BUY,INCREASE,MONTHLY_REBALANCE,0.09801207208469997,0.1,55.38,47.66470442243244,2639.671330914309,2.6396713309143087,1.5279510989785194e-10,1411718.1923868458,2021-09-01,59.77,,
480,2021-09-30,2021-10-01,ARCB,BUY,BUY,MONTHLY_REBALANCE,0.0,0.1,84.4244,1672.168463603941,141171.81923868458,141.17181923868458,1.5279510989785194e-10,1411718.1923868458,,,,
481,2021-09-30,2021-10-01,WSC,BUY,BUY,MONTHLY_REBALANCE,0.0,0.1,32.17,4388.306473070705,141171.81923868458,141.17181923868458,1.5279510989785194e-10,1411718.1923868458,,,,
482,2021-09-30,2021-10-01,COOP,SELL,REDUCE,MONTHLY_REBALANCE,0.11093184952549172,0.1,41.57,375.78519631189175,15621.39061068534,15.62139061068534,1.5279510989785194e-10,1411718.1923868458,2021-05-03,37.02,1694.201252608421,0.12290653700702325
483,2021-09-30,2021-10-01,CINF,BUY,BUY,MONTHLY_REBALANCE,0.0,0.1,111.399,1267.2628949872492,141171.81923868458,141.17181923868458,1.5279510989785194e-10,1411718.1923868458,,,,
484,2021-09-30,2021-10-01,ON,SELL,SELL,MONTHLY_REBALANCE,0.10798334661634611,0.0,45.61,3346.3218400416977,152625.73912430182,152.62573912430182,1.5279510989785194e-10,1411718.1923868458,2021-09-01,44.68,2959.453572114476,0.020814682184422617
485,2021-09-30,2021-10-01,KLIC,SELL,SELL,MONTHLY_REBALANCE,0.08749949245552004,0.0,57.8619,2137.390332059542,123673.465654596,123.673465654596,1.5279510989785194e-10,1411718.1923868458,2021-09-01,69.9515,-25963.867624121627,-0.17282831676232813
486,2021-10-29,2021-11-01,VICR,BUY,BUY,MONTHLY_REBALANCE,0.0,0.1,150.51,1017.5648651963637,153153.6878607047,153.1536878607047,-9.367795428261161e-11,1531536.8786070468,,,,
487,2021-10-29,2021-11-01,CG,SELL,REDUCE,MONTHLY_REBALANCE,0.10649353423088931,0.1,53.6509,189.62690279132312,10173.653998966998,10.173653998966998,-9.367795428261161e-11,1531536.8786070468,2021-05-03,46.3731,1369.8930191357242,0.156940122614188
488,2021-10-29,2021-11-01,CDMO,BUY,BUY,MONTHLY_REBALANCE,0.0,0.1,32.42,4724.049594716369,153153.6878607047,153.1536878607047,-9.367795428261161e-11,1531536.8786070468,,,,
489,2021-10-29,2021-11-01,THRM,SELL,SELL,MONTHLY_REBALANCE,0.08532531058074336,0.0,77.3,1692.9106516211127,130861.993370312,130.861993370312,-9.367795428261161e-11,1531536.8786070468,2021-10-01,83.39,-10440.687861742894,-0.07303033936922898
490,2021-10-29,2021-11-01,FRHC,BUY,BUY,MONTHLY_REBALANCE,0.0,0.1,67.33,2274.6723282445373,153153.6878607047,153.1536878607047,-9.367795428261161e-11,1531536.8786070468,,,,
491,2021-10-29,2021-11-01,CROX,SELL,REDUCE,MONTHLY_REBALANCE,0.10939658453697072,0.1,167.73,87.1997461040893,14626.013414038898,14.626013414038898,-9.367795428261161e-11,1531536.8786070468,2021-08-02,136.7143561203018,2689.9302581504944,0.22686457194302245
492,2021-10-29,2021-11-01,CELH,SELL,SELL,MONTHLY_REBALANCE,0.09909347413980238,0.0,33.8,4496.390360728504,151977.99419262342,151.9779941926234,-9.367795428261161e-11,1531536.8786070468,2021-06-01,28.033299999999997,25777.356299020437,0.20570892474307345
493,2021-10-29,2021-11-01,LFUS,SELL,SELL,MONTHLY_REBALANCE,0.09916355379359754,0.0,296.544,512.8597246232143,152085.47417866645,152.08547417866646,-9.367795428261161e-11,1531536.8786070468,2021-10-01,275.264,10761.56946580332,0.07730760288305039
494,2021-10-29,2021-11-01,EYE,SELL,SELL,MONTHLY_REBALANCE,0.10378206329456365,0.0,62.44,2549.148054147427,159168.80450096534,159.16880450096534,-9.367795428261161e-11,1531536.8786070468,2021-09-01,59.687914515763794,6856.304552487134,0.046107918270613446
495,2021-10-29,2021-11-01,SLAB,BUY,BUY,MONTHLY_REBALANCE,0.0,0.1,193.17,792.8440640922747,153153.6878607047,153.1536878607047,-9.367795428261161e-11,1531536.8786070468,,,,
496,2021-10-29,2021-11-01,ARCB,SELL,REDUCE,MONTHLY_REBALANCE,0.10490107456195157,0.1,96.2134,80.3560148108957,7731.325395406631,7.731325395406632,-9.367795428261161e-11,1531536.8786070468,2021-10-01,84.4244,939.5857332102418,0.13963972500840982
497,2021-10-29,2021-11-01,WSC,SELL,SELL,MONTHLY_REBALANCE,0.09920079176006204,0.0,34.67,4388.306473070707,152142.58542136144,152.14258542136145,-9.367795428261161e-11,1531536.8786070468,2021-10-01,32.17,10818.623597255408,0.07771215418091382
498,2021-10-29,2021-11-01,TSLA,BUY,BUY,MONTHLY_REBALANCE,0.0,0.1,402.863,380.16320153676236,153153.6878607047,153.1536878607047,-9.367795428261161e-11,1531536.8786070468,,,,
499,2021-10-29,2021-11-01,COOP,SELL,REDUCE,MONTHLY_REBALANCE,0.09603327844315139,0.0,43.37,3396.002387266888,147284.62353576493,147.28462353576492,-9.367795428261161e-11,1531536.8786070468,2021-05-03,37.02,21417.330535608955,0.17152890329551584
500,2021-10-29,2021-11-01,CINF,SELL,SELL,MONTHLY_REBALANCE,0.09661033465826802,0.0,116.921,1267.2628949872499,148169.64494480425,148.16964494480425,-9.367795428261161e-11,1531536.8786070468,2021-10-01,111.399,6849.656061174796,0.049569565256420756
501,2021-10-29,2021-11-01,ON,BUY,BUY,MONTHLY_REBALANCE,0.0,0.1,54.99,2785.118891811324,153153.6878607047,153.1536878607047,-9.367795428261161e-11,1531536.8786070468,,,,
502,2021-10-29,2021-11-01,MTSI,BUY,BUY,MONTHLY_REBALANCE,0.0,0.1,70.77,2164.104675154793,153153.6878607047,153.1536878607047,-9.367795428261161e-11,1531536.8786070468,,,,
503,2021-11-30,2021-12-01,VICR,SELL,SELL,MONTHLY_REBALANCE,0.09416436174805189,0.0,140.34,1017.5648651963637,142805.05318165768,142.80505318165768,-2.5056579033844173e-10,1514393.4908320296,2021-11-01,150.51,-10491.439732228664,-0.06757026111221842
504,2021-11-30,2021-12-01,CG,BUY,INCREASE,MONTHLY_REBALANCE,0.098210794903777,0.1,52.1754,47.87071715281038,2497.6738157347427,2.4976738157347427,-2.5056579033844173e-10,1514393.4908320296,2021-05-03,46.3731,,
505,2021-11-30,2021-12-01,CDMO,SELL,SELL,MONTHLY_REBALANCE,0.09516311614348219,0.0,30.55,4724.049594716371,144319.71511858513,144.31971511858512,-2.5056579033844173e-10,1514393.4908320296,2021-11-01,32.42,-8978.292457238203,-0.0576804441702653
506,2021-11-30,2021-12-01,FRHC,BUY,INCREASE,MONTHLY_REBALANCE,0.09827334188151289,0.1,65.52,36.673048483226125,2402.8181366209756,2.4028181366209758,-2.5056579033844173e-10,1514393.4908320296,2021-11-01,67.33,,
507,2021-11-30,2021-12-01,CROX,SELL,SELL,MONTHLY_REBALANCE,0.09798374068311391,0.0,162.74,913.0965710409866,148597.33597121018,148.59733597121019,-2.5056579033844173e-10,1514393.4908320296,2021-08-02,136.7143561203018,23615.328849715064,0.19036511320579197
508,2021-11-30,2021-12-01,NMRK,BUY,BUY,MONTHLY_REBALANCE,0.0,0.1,15.3378,9873.603064533569,151439.34908320298,151.43934908320298,-2.5056579033844173e-10,1514393.4908320296,,,,
509,2021-11-30,2021-12-01,AMD,BUY,BUY,MONTHLY_REBALANCE,0.0,0.1,149.11,1015.6216825377437,151439.34908320298,151.43934908320298,-2.5056579033844173e-10,1514393.4908320296,,,,
510,2021-11-30,2021-12-01,NXPI,BUY,BUY,MONTHLY_REBALANCE,0.0,0.1,218.011,694.6408625399772,151439.34908320298,151.43934908320298,-2.5056579033844173e-10,1514393.4908320296,,,,
511,2021-11-30,2021-12-01,SLAB,SELL,SELL,MONTHLY_REBALANCE,0.10219581257990801,0.0,195.48,792.8440640922747,154985.15764875786,154.98515764875785,-2.5056579033844173e-10,1514393.4908320296,2021-11-01,193.17,1676.4846304043986,0.0119583786302222
512,2021-11-30,2021-12-01,NVDA,BUY,INCREASE,MONTHLY_REBALANCE,0.0,0.1,31.3832,4825.490997833331,151439.34908320298,151.43934908320298,-2.5056579033844173e-10,1514393.4908320296,2021-06-01,16.2288,,
513,2021-11-30,2021-12-01,FANG,BUY,BUY,MONTHLY_REBALANCE,0.0,0.1,96.5229,1568.9473594680949,151439.34908320298,151.43934908320298,-2.5056579033844173e-10,1514393.4908320296,,,,
514,2021-11-30,2021-12-01,ACLS,BUY,BUY,MONTHLY_REBALANCE,0.0,0.1,63.48,2385.6230164335693,151439.34908320298,151.43934908320298,-2.5056579033844173e-10,1514393.4908320296,,,,
515,2021-11-30,2021-12-01,ARCB,SELL,SELL,MONTHLY_REBALANCE,0.10423160955735065,0.0,99.3035,1591.812448793045,158072.54750872013,158.07254750872013,-2.5056579033844173e-10,1514393.4908320296,2021-10-01,84.4244,23526.664059327864,0.1762417026357308
516,2021-11-30,2021-12-01,TSLA,BUY,INCREASE,MONTHLY_REBALANCE,0.09149680574225073,0.1,365.0,34.739124718588165,12679.78052228468,12.67978052228468,-2.5056579033844173e-10,1514393.4908320296,2021-11-01,402.863,,
517,2021-11-30,2021-12-01,ON,SELL,REDUCE,MONTHLY_REBALANCE,0.1133109537281936,0.0,61.7,2785.1188918113226,171841.83562475862,171.84183562475863,-2.5056579033844173e-10,1514393.4908320296,2021-11-01,54.989999999999995,18516.305928429236,0.12202218585197322
518,2021-11-30,2021-12-01,MTSI,SELL,SELL,MONTHLY_REBALANCE,0.10496946303235917,0.0,73.56,2164.1046751547938,159191.53990438665,159.19153990438664,-2.5056579033844173e-10,1514393.4908320296,2021-11-01,70.77,5878.660503777502,0.039423484527342234
519,2021-11-30,2021-12-01,SITM,BUY,BUY,MONTHLY_REBALANCE,0.0,0.1,302.44,500.7252647903815,151439.34908320298,151.43934908320298,-2.5056579033844173e-10,1514393.4908320296,,,,
520,2021-12-31,2022-01-03,CG,SELL,REDUCE,MONTHLY_REBALANCE,0.09497581820962461,0.0,52.6911,2902.5048027078456,152936.17080995935,152.93617080995935,-2.1327650756575167e-10,1607689.436592562,2021-05-03,46.468796745058484,17907.328910562446,0.13390282707509948
521,2021-12-31,2022-01-03,COKE,BUY,BUY,MONTHLY_REBALANCE,0.0,0.1,61.561800000000005,2611.50492122154,160768.9436592562,160.76894365925622,-2.1327650756575167e-10,1607689.436592562,,,,
522,2021-12-31,2022-01-03,FRHC,SELL,SELL,MONTHLY_REBALANCE,0.1003619513135969,0.0,69.92,2311.3453767277624,161609.26874080516,161.60926874080516,-2.1327650756575167e-10,1607689.436592562,2021-11-01,67.30128156682122,5891.153474738749,0.03891037989490198
523,2021-12-31,2022-01-03,SGH,BUY,BUY,MONTHLY_REBALANCE,0.0,0.1,36.5,4404.62859340428,160768.9436592562,160.76894365925622,-2.1327650756575167e-10,1607689.436592562,,,,
524,2021-12-31,2022-01-03,NMRK,SELL,REDUCE,MONTHLY_REBALANCE,0.11141482519396886,0.1,18.1704,1025.7547145106685,18638.373464544653,18.638373464544653,-2.1327650756575167e-10,1607689.436592562,2021-12-01,15.337800000000001,2886.914430858374,0.1846809842350272
525,2021-12-31,2022-01-03,CACC,BUY,BUY,MONTHLY_REBALANCE,0.0,0.1,648.84,247.7790266618214,160768.9436592562,160.76894365925622,-2.1327650756575167e-10,1607689.436592562,,,,
526,2021-12-31,2022-01-03,OPCH,BUY,BUY,MONTHLY_REBALANCE,0.0,0.1,28.45,5650.929478356985,160768.9436592562,160.76894365925622,-2.1327650756575167e-10,1607689.436592562,,,,
527,2021-12-31,2022-01-03,AMD,SELL,SELL,MONTHLY_REBALANCE,0.09475897851298001,0.0,150.24,1015.6216825377433,152587.00158447056,152.58700158447056,-2.1327650756575167e-10,1607689.436592562,2021-12-01,149.11,995.0654996831747,0.0075782979008784945
528,2021-12-31,2022-01-03,NXPI,SELL,SELL,MONTHLY_REBALANCE,0.09776306493941951,0.0,226.627,694.6408625399774,157424.37475484746,157.42437475484746,-2.1327650756575167e-10,1607689.436592562,2021-12-01,218.01100000000002,5827.601296889588,0.03952094160386399
529,2021-12-31,2022-01-03,NVDA,SELL,REDUCE,MONTHLY_REBALANCE,0.0901142880905097,0.0,30.0711,4825.490997833328,145107.8223449458,145.10782234494582,-2.1327650756575167e-10,1607689.436592562,2021-06-01,31.38319999999999,-6476.634560602009,-0.04180899334675847
530,2021-12-31,2022-01-03,FANG,SELL,SELL,MONTHLY_REBALANCE,0.10211586167644585,0.0,104.805,1568.947359468095,164433.52800905373,164.43352800905373,-2.1327650756575167e-10,1607689.436592562,2021-12-01,96.5229,12829.745397841656,0.08580450856739685
531,2021-12-31,2022-01-03,ACLS,SELL,REDUCE,MONTHLY_REBALANCE,0.11373553851661634,0.1,76.77,291.4593631932908,22375.335312348936,22.375335312348938,-2.1327650756575167e-10,1607689.436592562,2021-12-01,63.48,3851.119601526486,0.20935727788279768
532,2021-12-31,2022-01-03,PCH,BUY,BUY,MONTHLY_REBALANCE,0.0,0.1,56.3079,2855.1756264974583,160768.9436592562,160.76894365925622,-2.1327650756575167e-10,1607689.436592562,,,,
533,2021-12-31,2022-01-03,ARCB,BUY,BUY,MONTHLY_REBALANCE,0.0,0.1,112.067,1434.5788114186712,160768.9436592562,160.76894365925622,-2.1327650756575167e-10,1607689.436592562,,,,
534,2021-12-31,2022-01-03,WSC,BUY,BUY,MONTHLY_REBALANCE,0.0,0.1,40.33,3986.336316867251,160768.9436592562,160.76894365925622,-2.1327650756575167e-10,1607689.436592562,,,,
535,2021-12-31,2022-01-03,TSLA,SELL,SELL,MONTHLY_REBALANCE,0.10304559390097853,0.0,399.927,414.90232625535066,165930.64263232364,165.93064263232364,-2.1327650756575167e-10,1607689.436592562,2021-11-01,399.69279005904536,-68.75639329810842,0.0005859748956693611
536,2021-12-31,2022-01-03,SITM,SELL,SELL,MONTHLY_REBALANCE,0.09171407964585984,0.0,294.94,500.72526479038146,147683.9095972751,147.68390959727512,-2.1327650756575167e-10,1607689.436592562,2021-12-01,302.44,-3903.123395525136,-0.024798307102235184
537,2021-12-31,2022-01-03,AOSL,BUY,BUY,MONTHLY_REBALANCE,0.0,0.1,62.21,2584.294223746282,160768.9436592562,160.76894365925622,-2.1327650756575167e-10,1607689.436592562,,,,
538,2022-01-31,2022-02-01,COKE,SELL,SELL,MARKET_REGIME_TO_CASH,0.10917587043100525,0.0,56.608000000000004,2611.504921221539,147832.07058050888,147.83207058050888,1352718.6724218412,1352718.6724218412,2022-01-03,61.561800000000005,-13084.705149327772,-0.08046873223330053
539,2022-01-31,2022-02-01,SGH,SELL,SELL,MARKET_REGIME_TO_CASH,0.09280450715690684,0.0,28.53,4404.62859340428,125664.05376982411,125.66405376982411,1352718.6724218412,1352718.6724218412,2022-01-03,36.5,-35230.55394320193,-0.21835616438356165
540,2022-01-31,2022-02-01,NMRK,SELL,SELL,MARKET_REGIME_TO_CASH,0.09925001344118509,0.0,15.1892,8847.848350022909,134391.73815816795,134.39173815816795,1352718.6724218412,1352718.6724218412,2021-12-01,15.337800000000001,-1449.1820029715884,-0.009688482050880909
541,2022-01-31,2022-02-01,CACC,SELL,SELL,MARKET_REGIME_TO_CASH,0.09631022984408813,0.0,526.32,247.77902666182155,130411.05731264992,130.41105731264992,1352718.6724218412,1352718.6724218412,2022-01-03,648.84,-30488.29740391902,-0.1888292953578694
542,2022-01-31,2022-02-01,OPCH,SELL,SELL,MARKET_REGIME_TO_CASH,0.09890681953024782,0.0,23.7,5650.929478356984,133927.02863706052,133.92702863706052,1352718.6724218412,1352718.6724218412,2022-01-03,28.45,-26975.842050832733,-0.1669595782073814
543,2022-01-31,2022-02-01,ACLS,SELL,SELL,MARKET_REGIME_TO_CASH,0.09785126745474114,0.0,63.27,2094.163653240279,132497.73434051246,132.49773434051247,1352718.6724218412,1352718.6724218412,2021-12-01,63.48,-572.2721015209579,-0.0033081285444233055
544,2022-01-31,2022-02-01,PCH,SELL,SELL,MARKET_REGIME_TO_CASH,0.10614230456579178,0.0,50.3382,2855.175626497458,143724.40172175434,143.72440172175433,1352718.6724218412,1352718.6724218412,2022-01-03,56.30789999999999,-17188.266339223595,-0.10601887124186815
545,2022-01-31,2022-02-01,ARCB,SELL,SELL,MARKET_REGIME_TO_CASH,0.0986651145164896,0.0,93.1282,1434.5788114186712,133599.7424655603,133.5997424655603,1352718.6724218412,1352718.6724218412,2022-01-03,112.067,-27302.80093616147,-0.16899533314891968
546,2022-01-31,2022-02-01,WSC,SELL,SELL,MARKET_REGIME_TO_CASH,0.11151721369615719,0.0,37.88,3986.33631686725,151002.41968293145,151.00241968293145,1352718.6724218412,1352718.6724218412,2022-01-03,40.33,-9917.526396007675,-0.06074882221671207
547,2022-01-31,2022-02-01,AOSL,SELL,SELL,MARKET_REGIME_TO_CASH,0.0893766593633873,0.0,46.83,2584.294223746283,121022.49849803843,121.02249849803843,1352718.6724218412,1352718.6724218412,2022-01-03,62.21,-39867.467659715876,-0.24722713390130213
548,2023-01-31,2023-02-01,CHX,BUY,BUY,MONTHLY_REBALANCE,0.0,0.1,32.5,4158.053246512998,135136.73051167245,135.13673051167245,3.410605131648481e-12,1351367.3051167245,,,,
549,2023-01-31,2023-02-01,STLD,BUY,BUY,MONTHLY_REBALANCE,0.0,0.1,125.32,1078.3333108176864,135136.73051167245,135.13673051167245,3.410605131648481e-12,1351367.3051167245,,,,
550,2023-01-31,2023-02-01,VC,BUY,BUY,MONTHLY_REBALANCE,0.0,0.1,157.48,858.11995498903,135136.73051167245,135.13673051167245,3.410605131648481e-12,1351367.3051167245,,,,
551,2023-01-31,2023-02-01,AEHR,BUY,BUY,MONTHLY_REBALANCE,0.0,0.1,34.49,3918.142374939763,135136.73051167245,135.13673051167245,3.410605131648481e-12,1351367.3051167245,,,,
552,2023-01-31,2023-02-01,TH,BUY,BUY,MONTHLY_REBALANCE,0.0,0.1,15.61,8657.061531817582,135136.73051167245,135.13673051167245,3.410605131648481e-12,1351367.3051167245,,,,
553,2023-01-31,2023-02-01,IRDM,BUY,BUY,MONTHLY_REBALANCE,0.0,0.1,60.94,2217.53742224602,135136.73051167245,135.13673051167245,3.410605131648481e-12,1351367.3051167245,,,,
554,2023-01-31,2023-02-01,ACLS,BUY,BUY,MONTHLY_REBALANCE,0.0,0.1,115.15,1173.5712593284622,135136.73051167245,135.13673051167245,3.410605131648481e-12,1351367.3051167245,,,,
555,2023-01-31,2023-02-01,ALGM,BUY,BUY,MONTHLY_REBALANCE,0.0,0.1,39.68,3405.663571362713,135136.73051167245,135.13673051167245,3.410605131648481e-12,1351367.3051167245,,,,
556,2023-01-31,2023-02-01,AXON,BUY,BUY,MONTHLY_REBALANCE,0.0,0.1,198.39,681.167047289039,135136.73051167245,135.13673051167245,3.410605131648481e-12,1351367.3051167245,,,,
557,2023-01-31,2023-02-01,PFG,BUY,BUY,MONTHLY_REBALANCE,0.0,0.1,92.08,1467.6013304916644,135136.73051167245,135.13673051167245,3.410605131648481e-12,1351367.3051167245,,,,
558,2023-02-28,2023-03-01,CHX,SELL,REDUCE,MONTHLY_REBALANCE,0.09424121442423879,0.0,32.05,4158.053246512996,133265.60655074153,133.26560655074152,-3.128661774098873e-10,1412379.2419068415,2023-02-01,32.5,-2004.3895674816017,-0.013846153846153952
559,2023-02-28,2023-03-01,STLD,SELL,SELL,MONTHLY_REBALANCE,0.09846215397409486,0.0,129.12,1078.3333108176864,139234.39709277966,139.23439709277966,-3.128661774098873e-10,1412379.2419068415,2023-02-01,125.31999999999998,3958.4321840144567,0.030322374720715084
560,2023-02-28,2023-03-01,VC,SELL,REDUCE,MONTHLY_REBALANCE,0.10295566725745864,0.1,169.66,25.643683677677437,4350.707372754754,4.350707372754754,-3.128661774098873e-10,1412379.2419068415,2023-02-01,157.48,307.98935982135663,0.07734315468630948
561,2023-02-28,2023-03-01,AEHR,SELL,REDUCE,MONTHLY_REBALANCE,0.09972059321422296,0.0,35.99,3918.142374939762,141013.94407408204,141.01394407408205,-3.128661774098873e-10,1412379.2419068415,2023-02-01,34.49,5736.19961833556,0.043490866917947235
562,2023-02-28,2023-03-01,BKNG,BUY,BUY,MONTHLY_REBALANCE,0.0,0.1,2552.32,55.33707536307522,141237.92419068416,141.23792419068417,-3.128661774098873e-10,1412379.2419068415,,,,
563,2023-02-28,2023-03-01,TH,SELL,REDUCE,MONTHLY_REBALANCE,0.09170755424478023,0.0,14.98,8657.06153181758,129682.78174662737,129.68278174662737,-3.128661774098873e-10,1412379.2419068415,2023-02-01,15.609999999999998,-5583.631546791679,-0.04035874439461862
564,2023-02-28,2023-03-01,VRRM,BUY,BUY,MONTHLY_REBALANCE,0.0,0.1,16.86,8377.101078925514,141237.92419068416,141.23792419068417,-3.128661774098873e-10,1412379.2419068415,,,,
565,2023-02-28,2023-03-01,MELI,BUY,BUY,MONTHLY_REBALANCE,0.0,0.1,1208.72,116.84916621772136,141237.92419068416,141.23792419068417,-3.128661774098873e-10,1412379.2419068415,,,,
566,2023-02-28,2023-03-01,IRDM,SELL,SELL,MONTHLY_REBALANCE,0.0965837259341754,0.0,61.59,2217.537422246019,136578.1298361323,136.57812983613232,-3.128661774098873e-10,1412379.2419068415,2023-02-01,60.93999999999999,1304.8211946238084,0.010666229077781697
567,2023-02-28,2023-03-01,ACLS,SELL,REDUCE,MONTHLY_REBALANCE,0.10974761708833787,0.1,132.24,105.52888039104391,13955.139142911648,13.955139142911648,-3.128661774098873e-10,1412379.2419068415,2023-02-01,115.15000000000002,1789.5334267400278,0.14841511072514102
568,2023-02-28,2023-03-01,ALGM,SELL,REDUCE,MONTHLY_REBALANCE,0.10541467744203259,0.0,43.77,3405.6635713627115,149065.8945185459,149.0658945185459,-3.128661774098873e-10,1412379.2419068415,2023-02-01,39.68,13780.098112354955,0.10307459677419373
569,2023-02-28,2023-03-01,AXON,SELL,REDUCE,MONTHLY_REBALANCE,0.10648454740382751,0.1,221.06,42.2548777844517,9340.863283030892,9.340863283030894,-3.128661774098873e-10,1412379.2419068415,2023-02-01,198.39,948.5772160904899,0.11426987247341103
570,2023-02-28,2023-03-01,WFRD,BUY,BUY,MONTHLY_REBALANCE,0.0,0.1,68.35,2066.392453411619,141237.92419068416,141.23792419068417,-3.128661774098873e-10,1412379.2419068415,,,,
571,2023-02-28,2023-03-01,AGYS,BUY,BUY,MONTHLY_REBALANCE,0.0,0.1,80.73,1749.5097756804678,141237.92419068416,141.23792419068417,-3.128661774098873e-10,1412379.2419068415,,,,
572,2023-02-28,2023-03-01,AAON,BUY,BUY,MONTHLY_REBALANCE,0.0,0.1,60.2257,2345.143754089768,141237.92419068416,141.23792419068417,-3.128661774098873e-10,1412379.2419068415,,,,
573,2023-02-28,2023-03-01,PFG,BUY,INCREASE,MONTHLY_REBALANCE,0.09468224901683124,0.1,91.23,80.5508583791463,7348.654809929518,7.348654809929518,-3.128661774098873e-10,1412379.2419068415,2023-02-01,92.08,,
574,2023-03-31,2023-04-03,SNEX,BUY,BUY,MONTHLY_REBALANCE,0.0,0.1,45.3511,3076.1646786668393,139507.4519586877,139.5074519586877,2.5784174795262516e-10,1395074.5195868772,,,,
575,2023-03-31,2023-04-03,ADI,BUY,BUY,MONTHLY_REBALANCE,0.0,0.1,196.28,710.7573464371699,139507.4519586877,139.5074519586877,2.5784174795262516e-10,1395074.5195868772,,,,
576,2023-03-31,2023-04-03,SMCI,BUY,BUY,MONTHLY_REBALANCE,0.0,0.1,11.272,12376.45954211211,139507.4519586877,139.5074519586877,2.5784174795262516e-10,1395074.5195868772,,,,
577,2023-03-31,2023-04-03,VC,SELL,SELL,MONTHLY_REBALANCE,0.0902300221600612,0.0,151.36,832.4762713113525,126003.60842568634,126.00360842568634,2.5784174795262516e-10,1395074.5195868772,2023-02-01,157.48,-5220.7583888511435,-0.038862077724155286
578,2023-03-31,2023-04-03,BKNG,SELL,REDUCE,MONTHLY_REBALANCE,0.10561180352620742,0.1,2665.19,2.992795233445526,7976.367928226682,7.976367928226682,2.5784174795262516e-10,1395074.5195868772,2023-03-01,2552.32,329.82043007076953,0.04422251128385146
579,2023-03-31,2023-04-03,VRRM,SELL,SELL,MONTHLY_REBALANCE,0.10089922461565956,0.0,16.82,8377.101078925516,140902.8401475272,140.9028401475272,2.5784174795262516e-10,1395074.5195868772,2023-03-01,16.86,-475.9868833045407,-0.0023724792408066353
580,2023-03-31,2023-04-03,MELI,SELL,REDUCE,MONTHLY_REBALANCE,0.109918315343432,0.1,1313.64,10.650015796991404,13990.28675155979,13.99028675155979,2.5784174795262516e-10,1395074.5195868772,2023-03-01,1208.72,1103.409370668779,0.08680256800582442
581,2023-03-31,2023-04-03,LNTH,BUY,BUY,MONTHLY_REBALANCE,0.0,0.1,82.41,1692.8461589453673,139507.4519586877,139.5074519586877,2.5784174795262516e-10,1395074.5195868772,,,,
582,2023-03-31,2023-04-03,CALM,BUY,BUY,MONTHLY_REBALANCE,0.0,0.1,61.01,2286.6325513635097,139507.4519586877,139.5074519586877,2.5784174795262516e-10,1395074.5195868772,,,,
583,2023-03-31,2023-04-03,ACLS,SELL,REDUCE,MONTHLY_REBALANCE,0.10127684196319035,0.0,132.42,1068.0423789374172,141430.17181889276,141.43017181889277,2.5784174795262516e-10,1395074.5195868772,2023-02-01,115.15000000000002,18303.661712430265,0.14997828918801526
584,2023-03-31,2023-04-03,AXON,SELL,REDUCE,MONTHLY_REBALANCE,0.10403527119712846,0.1,227.39,25.39595525291535,5774.786264960421,5.774786264960421,2.5784174795262516e-10,1395074.5195868772,2023-02-01,198.39,730.7079160695847,0.14617672261706738
585,2023-03-31,2023-04-03,WFRD,SELL,SELL,MONTHLY_REBALANCE,0.09223123322303094,0.0,62.33,2066.39245341162,128798.24162114626,128.79824162114625,2.5784174795262516e-10,1395074.5195868772,2023-03-01,68.35,-12568.480811159092,-0.0880760790051206
586,2023-03-31,2023-04-03,AGYS,SELL,REDUCE,MONTHLY_REBALANCE,0.10568686759140972,0.1,84.36,95.79412894400788,8081.192717716505,8.081192717716505,2.5784174795262516e-10,1395074.5195868772,2023-03-01,80.73,339.6514953490316,0.04496469713861018
587,2023-03-31,2023-04-03,AAON,SELL,REDUCE,MONTHLY_REBALANCE,0.1084718271275396,0.1,64.5921,185.32154736963065,11970.30791985392,11.97030791985392,2.5784174795262516e-10,1395074.5195868772,2023-03-01,60.2257,797.2176965149011,0.07250061020461351
588,2023-03-31,2023-04-03,PFG,SELL,SELL,MONTHLY_REBALANCE,0.08163859325234102,0.0,73.64,1548.1521888708116,114005.92718844657,114.00592718844658,2.5784174795262516e-10,1395074.5195868772,2023-02-01,92.03577422548346,-28593.46406034393,-0.19987634569591006
589,2023-04-28,2023-05-01,FCFS,BUY,BUY,MONTHLY_REBALANCE,0.0,0.1,100.79,1313.9180301913032,132429.79826298147,132.42979826298148,4.547473508864641e-12,1324297.9826298147,,,,
590,2023-04-28,2023-05-01,SNEX,SELL,SELL,MONTHLY_REBALANCE,0.102485195669678,0.0,44.1645,3076.1646786668416,135857.27495098172,135.85727495098172,4.547473508864641e-12,1324297.9826298147,2023-04-03,45.3511,-3786.034282657073,-0.02616474572832861
591,2023-04-28,2023-05-01,ADI,SELL,SELL,MONTHLY_REBALANCE,0.09787181425156677,0.0,182.54,710.7573464371698,129741.64601864095,129.74164601864095,4.547473508864641e-12,1324297.9826298147,2023-04-03,196.28000000000003,-9895.54758606538,-0.07000203790503379
592,2023-04-28,2023-05-01,SMCI,BUY,INCREASE,MONTHLY_REBALANCE,0.09813381848792913,0.1,10.511,222.703074478267,2340.8320158410643,2.3408320158410643,4.547473508864641e-12,1324297.9826298147,2023-04-03,11.272,,
593,2023-04-28,2023-05-01,BKNG,SELL,SELL,MONTHLY_REBALANCE,0.10626143814357429,0.0,2691.09,52.344280129629716,140863.16881404523,140.86316881404522,4.547473508864641e-12,1324297.9826298147,2023-03-01,2552.32,7122.95258477467,0.054370141675025074
594,2023-04-28,2023-05-01,MELI,SELL,REDUCE,MONTHLY_REBALANCE,0.10347707076566638,0.1,1291.65,3.6715320543137344,4742.334377954336,4.742334377954336,4.547473508864641e-12,1324297.9826298147,2023-03-01,1208.72,299.7378188862839,0.06860976901184723
595,2023-04-28,2023-05-01,LNTH,SELL,REDUCE,MONTHLY_REBALANCE,0.1064646741930285,0.1,83.37,104.38750159882174,8702.78600829377,8.702786008293769,4.547473508864641e-12,1324297.9826298147,2023-04-03,82.41,91.50921552657593,0.011649071714597836
596,2023-04-28,2023-05-01,CHDN,BUY,BUY,MONTHLY_REBALANCE,0.0,0.1,149.08,888.313645445274,132429.79826298147,132.42979826298148,4.547473508864641e-12,1324297.9826298147,,,,
597,2023-04-28,2023-05-01,FTAI,BUY,BUY,MONTHLY_REBALANCE,0.0,0.1,27.91,4744.887074990378,132429.79826298147,132.42979826298148,4.547473508864641e-12,1324297.9826298147,,,,
598,2023-04-28,2023-05-01,CALM,SELL,SELL,MONTHLY_REBALANCE,0.08069280910116851,0.0,46.78,2286.6325513635097,106968.67075278498,106.96867075278499,4.547473508864641e-12,1324297.9826298147,2023-04-03,61.00999999999999,-32645.749876655504,-0.2332404523848548
599,2023-04-28,2023-05-01,IRDM,BUY,BUY,MONTHLY_REBALANCE,0.0,0.1,63.48,2086.1656941238416,132429.79826298147,132.42979826298148,4.547473508864641e-12,1324297.9826298147,,,,
600,2023-04-28,2023-05-01,AXON,SELL,REDUCE,MONTHLY_REBALANCE,0.09996731589049178,0.1,216.0,0.41529636749867305,89.70401537971338,0.08970401537971338,4.547473508864641e-12,1324297.9826298147,2023-02-01,198.39,7.223665016271925,0.08876455466505373
601,2023-04-28,2023-05-01,WFRD,BUY,BUY,MONTHLY_REBALANCE,0.0,0.1,64.63,2049.0453081074033,132429.79826298147,132.42979826298148,4.547473508864641e-12,1324297.9826298147,,,,
602,2023-04-28,2023-05-01,AGYS,SELL,SELL,MONTHLY_REBALANCE,0.09845236373599194,0.0,78.92,1653.71564673646,130511.23884044142,130.51123884044142,4.547473508864641e-12,1324297.9826298147,2023-03-01,80.73,-3123.736559433438,-0.022420413724761556
603,2023-04-28,2023-05-01,AAON,SELL,REDUCE,MONTHLY_REBALANCE,0.10619349976090457,0.1,65.1781,128.00786627477973,8343.30950884422,8.343309508844222,4.547473508864641e-12,1324297.9826298147,2023-03-01,60.2257,625.6028474303746,0.08223067560858555
604,2023-05-31,2023-06-01,FCFS,SELL,SELL,MONTHLY_REBALANCE,0.08929924845677387,0.0,97.4,1313.918030191303,127975.6161406329,127.97561614063291,-3.3287506084889174e-10,1430789.8881320518,2023-05-01,100.79000000000002,-4582.15773848917,-0.03363428911598387
605,2023-05-31,2023-06-01,SMCI,SELL,REDUCE,MONTHLY_REBALANCE,0.20310089426481284,0.1,23.102,6405.803218564017,147986.8659552659,147.9868659552659,-3.3287506084889174e-10,1430789.8881320518,2023-04-03,11.258548547325296,75718.83256849504,1.0519518926343632
606,2023-05-31,2023-06-01,BKNG,BUY,BUY,MONTHLY_REBALANCE,0.0,0.1,2550.0,56.10940737772752,143078.9888132052,143.0789888132052,-3.3287506084889174e-10,1430789.8881320518,,,,
607,2023-05-31,2023-06-01,HLIT,BUY,BUY,MONTHLY_REBALANCE,0.0,0.1,17.52,8166.60895052541,143078.9888132052,143.0789888132052,-3.3287506084889174e-10,1430789.8881320518,,,,
608,2023-05-31,2023-06-01,MELI,BUY,INCREASE,MONTHLY_REBALANCE,0.09000134288853519,0.1,1258.02,11.205858695319844,14097.19435588627,14.09719435588627,-3.3287506084889174e-10,1430789.8881320518,2023-03-01,1208.72,,
609,2023-05-31,2023-06-01,LNTH,SELL,SELL,MONTHLY_REBALANCE,0.09873626599669129,0.0,89.08,1588.4586573465458,141499.8971964303,141.4998971964303,-3.3287506084889174e-10,1430789.8881320518,2023-04-03,82.41,10453.519347305033,0.08093677951704903
610,2023-05-31,2023-06-01,CHDN,SELL,SELL,MONTHLY_REBALANCE,0.08525422839785152,0.0,137.54,888.3136454452738,122178.65879454295,122.17865879454295,-3.3287506084889174e-10,1430789.8881320518,2023-05-01,149.08,-10373.31812723302,-0.07740810303192924
611,2023-05-31,2023-06-01,FTAI,SELL,SELL,MONTHLY_REBALANCE,0.09489047962213652,0.0,28.66,4744.887074990377,135988.4635692242,135.9884635692242,-3.3287506084889174e-10,1430789.8881320518,2023-05-01,27.910000000000004,3422.6768426735416,0.0268720888570404
612,2023-05-31,2023-06-01,RMBS,BUY,BUY,MONTHLY_REBALANCE,0.0,0.1,66.07,2165.566653749133,143078.9888132052,143.0789888132052,-3.3287506084889174e-10,1430789.8881320518,,,,
613,2023-05-31,2023-06-01,IRDM,SELL,SELL,MONTHLY_REBALANCE,0.08895731330393121,0.0,61.11,2086.1656941238416,127485.58556790795,127.48558556790796,-3.3287506084889174e-10,1430789.8881320518,2023-05-01,63.48,-5071.698280641407,-0.037334593572778796
614,2023-05-31,2023-06-01,BSY,BUY,BUY,MONTHLY_REBALANCE,0.0,0.1,49.39,2896.9222274388576,143078.9888132052,143.0789888132052,-3.3287506084889174e-10,1430789.8881320518,,,,
615,2023-05-31,2023-06-01,ACLS,BUY,INCREASE,MONTHLY_REBALANCE,0.0,0.1,162.09,882.7132384058559,143078.9888132052,143.0789888132052,-3.3287506084889174e-10,1430789.8881320518,2023-02-01,115.15000000000002,,
616,2023-05-31,2023-06-01,PANW,BUY,BUY,MONTHLY_REBALANCE,0.0,0.1,108.395,1319.9777555533483,143078.9888132052,143.0789888132052,-3.3287506084889174e-10,1430789.8881320518,,,,
617,2023-05-31,2023-06-01,AXON,SELL,SELL,MONTHLY_REBALANCE,0.08219971796102632,0.0,192.14,613.1009178841734,117801.21036226508,117.80121036226508,-3.3287506084889174e-10,1430789.8881320518,2023-02-01,198.39,-3949.681947138349,-0.031503604012299014
618,2023-05-31,2023-06-01,WFRD,SELL,SELL,MONTHLY_REBALANCE,0.08480082166558643,0.0,59.31,2049.0453081074033,121528.8772238501,121.5288772238501,-3.3287506084889174e-10,1430789.8881320518,2023-05-01,64.63,-11022.449916355223,-0.08231471452885641
619,2023-05-31,2023-06-01,AAON,SELL,REDUCE,MONTHLY_REBALANCE,0.08275968744265476,0.0,58.3733,2031.8143404453554,118603.70803911886,118.60370803911887,-3.3287506084889174e-10,1430789.8881320518,2023-03-01,60.2257,-3882.336592280101,-0.030757633369143167
620,2023-05-31,2023-06-01,NSSC,BUY,BUY,MONTHLY_REBALANCE,0.0,0.1,36.92,3875.378895265579,143078.9888132052,143.0789888132052,-3.3287506084889174e-10,1430789.8881320518,,,,
621,2023-05-31,2023-06-01,AVGO,BUY,BUY,MONTHLY_REBALANCE,0.0,0.1,76.9649,1859.016107514012,143078.9888132052,143.0789888132052,-3.3287506084889174e-10,1430789.8881320518,,,,
622,2023-06-30,2023-07-03,UAL,BUY,BUY,MONTHLY_REBALANCE,0.0,0.1,55.06,2700.8387775033134,148708.18308933245,148.70818308933246,1.1141310096718371e-10,1487081.8308933245,,,,
623,2023-06-30,2023-07-03,LNW,BUY,BUY,MONTHLY_REBALANCE,0.0,0.1,68.99,2155.5034510701907,148708.18308933245,148.70818308933246,1.1141310096718371e-10,1487081.8308933245,,,,
624,2023-06-30,2023-07-03,SMCI,SELL,REDUCE,MONTHLY_REBALANCE,0.10363948669391208,0.1,24.92,225.93632060532948,5630.333109484811,5.630333109484811,1.1141310096718371e-10,1487081.8308933245,2023-04-03,11.258548547325296,3080.9877422361715,1.2134291907388248
625,2023-06-30,2023-07-03,AEHR,BUY,INCREASE,MONTHLY_REBALANCE,0.0,0.1,44.24,3361.3965436105887,148708.18308933245,148.70818308933246,1.1141310096718371e-10,1487081.8308933245,2023-02-01,34.49,,
626,2023-06-30,2023-07-03,BKNG,SELL,SELL,MONTHLY_REBALANCE,0.10251363590946021,0.0,2720.79,56.109407377727514,152661.91449924724,152.66191449924725,1.1141310096718371e-10,1487081.8308933245,2023-06-01,2550.0,9430.263771542834,0.06697647058823519
627,2023-06-30,2023-07-03,HLIT,SELL,SELL,MONTHLY_REBALANCE,0.08944306109766079,0.0,16.31,8166.608950525413,133197.39198306948,133.19739198306948,1.1141310096718371e-10,1487081.8308933245,2023-06-01,17.52,-10014.794222118826,-0.06906392694063934
628,2023-06-30,2023-07-03,IDCC,BUY,BUY,MONTHLY_REBALANCE,0.0,0.1,96.09,1547.5927056856326,148708.18308933245,148.70818308933246,1.1141310096718371e-10,1487081.8308933245,,,,
629,2023-06-30,2023-07-03,MELI,SELL,SELL,MONTHLY_REBALANCE,0.09117014255918579,0.0,1193.75,113.73347706173602,135769.33824244738,135.7693382424474,1.1141310096718371e-10,1487081.8308933245,2023-03-01,1213.577398612542,-2390.808323535899,-0.016337976164693235
630,2023-06-30,2023-07-03,FTAI,BUY,BUY,MONTHLY_REBALANCE,0.0,0.1,31.445,4729.151950686355,148708.18308933245,148.70818308933246,1.1141310096718371e-10,1487081.8308933245,,,,
631,2023-06-30,2023-07-03,RMBS,BUY,INCREASE,MONTHLY_REBALANCE,0.09295211036986172,0.1,63.92,160.90679883741944,10285.162581687851,10.285162581687851,1.1141310096718371e-10,1487081.8308933245,2023-06-01,66.07,,
632,2023-06-30,2023-07-03,UFPT,BUY,BUY,MONTHLY_REBALANCE,0.0,0.1,196.39,757.2085294023752,148708.18308933245,148.70818308933246,1.1141310096718371e-10,1487081.8308933245,,,,
633,2023-06-30,2023-07-03,BSY,SELL,SELL,MONTHLY_REBALANCE,0.10335407027513706,0.0,53.13,2896.922227438857,153913.4779438265,153.9134779438265,1.1141310096718371e-10,1487081.8308933245,2023-06-01,49.39,10680.575652677506,0.07572383073496658
634,2023-06-30,2023-07-03,ACLS,SELL,REDUCE,MONTHLY_REBALANCE,0.10772613942308892,0.1,181.74,64.46638526767865,11716.120858547918,11.716120858547919,1.1141310096718371e-10,1487081.8308933245,2023-02-01,162.08999999999992,1255.0483496513434,0.12122894688136276
635,2023-06-30,2023-07-03,STRL,BUY,BUY,MONTHLY_REBALANCE,0.0,0.1,58.2,2555.123420778908,148708.18308933245,148.70818308933246,1.1141310096718371e-10,1487081.8308933245,,,,
636,2023-06-30,2023-07-03,PANW,SELL,SELL,MONTHLY_REBALANCE,0.112853277157308,0.0,127.32,1319.977755553348,168059.56783705228,168.05956783705227,1.1141310096718371e-10,1487081.8308933245,2023-06-01,108.395,24812.519456010057,0.17459292402786097
637,2023-06-30,2023-07-03,NSSC,SELL,SELL,MONTHLY_REBALANCE,0.0891824105592136,0.0,34.27,3875.378895265581,132809.23474075148,132.8092347407515,1.1141310096718371e-10,1487081.8308933245,2023-06-01,36.92,-10402.563307194536,-0.07177681473456121
638,2023-06-30,2023-07-03,AVGO,SELL,SELL,MONTHLY_REBALANCE,0.10716566595517205,0.0,85.8463,1859.0161075140127,159589.6544704802,159.58965447048018,1.1141310096718371e-10,1487081.8308933245,2023-06-01,76.9649,16351.076002804471,0.11539545948867591
639,2023-07-31,2023-08-01,UAL,SELL,SELL,MONTHLY_REBALANCE,0.09180302057761616,0.0,53.26,2700.8387775033134,143846.67328982646,143.84667328982647,-2.1236701286397874e-10,1565281.0134047812,2023-07-03,55.06000000000001,-5005.356472795822,-0.03269160915365077
640,2023-07-31,2023-08-01,LNW,SELL,SELL,MONTHLY_REBALANCE,0.09668021861644666,0.0,70.28,2155.503451070191,151488.78254121303,151.48878254121303,-2.1236701286397874e-10,1565281.0134047812,2023-07-03,68.99,2629.110669339347,0.01869836208146114
641,2023-07-31,2023-08-01,SMCI,SELL,REDUCE,MONTHLY_REBALANCE,0.1285567711605773,0.1,33.756,1330.3777716834513,44908.23206094658,44.90823206094658,-2.1236701286397874e-10,1565281.0134047812,2023-04-03,11.258548547325296,29885.201100105052,1.9982550466524787
642,2023-07-31,2023-08-01,AEHR,SELL,REDUCE,MONTHLY_REBALANCE,0.11517820383388279,0.1,53.69,445.9914152723862,23945.279085974413,23.945279085974413,-2.1236701286397874e-10,1565281.0134047812,2023-02-01,44.24,4190.673595238073,0.21360759493670867
643,2023-07-31,2023-08-01,BKNG,BUY,BUY,MONTHLY_REBALANCE,0.0,0.1,2914.31,53.7101754241924,156528.10134047814,156.52810134047814,-2.1236701286397874e-10,1565281.0134047812,,,,
644,2023-07-31,2023-08-01,IDCC,SELL,SELL,MONTHLY_REBALANCE,0.091261119873718,0.0,92.4,1547.592705685633,142997.5660053525,142.9975660053525,-2.1236701286397874e-10,1565281.0134047812,2023-07-03,96.09,-5853.614649985335,-0.03840149859506714
645,2023-07-31,2023-08-01,FTAI,SELL,SELL,MONTHLY_REBALANCE,0.09739561005976827,0.0,32.27,4729.151950686357,152609.73344864877,152.60973344864877,-2.1236701286397874e-10,1565281.0134047812,2023-07-03,31.445000000000004,3748.940625867592,0.0262362855779934
646,2023-07-31,2023-08-01,RMBS,BUY,INCREASE,MONTHLY_REBALANCE,0.08146859185207822,0.1,54.87,526.2347912712597,28874.50299705402,28.87450299705402,-2.1236701286397874e-10,1565281.0134047812,2023-06-01,65.92129870400376,,
647,2023-07-31,2023-08-01,UFPT,SELL,SELL,MONTHLY_REBALANCE,0.09249421677394878,0.0,191.4,757.208529402375,144929.71252761458,144.92971252761458,-2.1236701286397874e-10,1565281.0134047812,2023-07-03,196.39,-3923.4002742454513,-0.025408625693772446
648,2023-07-31,2023-08-01,ACLS,SELL,REDUCE,MONTHLY_REBALANCE,0.10246195308686715,0.1,196.21,20.488831933966942,4020.1137137636542,4.020113713763655,-2.1236701286397874e-10,1565281.0134047812,2023-02-01,162.08999999999992,695.0588318731902,0.21050033931766365
649,2023-07-31,2023-08-01,MAR,BUY,BUY,MONTHLY_REBALANCE,0.0,0.1,204.74,764.5213506910136,156528.10134047814,156.52810134047814,-2.1236701286397874e-10,1565281.0134047812,,,,
650,2023-07-31,2023-08-01,ALGM,BUY,INCREASE,MONTHLY_REBALANCE,0.0,0.1,45.24,3459.9491896657414,156528.10134047814,156.52810134047814,-2.1236701286397874e-10,1565281.0134047812,2023-02-01,39.68,,
651,2023-07-31,2023-08-01,STRL,SELL,REDUCE,MONTHLY_REBALANCE,0.10270029416509667,0.1,62.98,69.76137980593053,4393.571700177505,4.393571700177505,-2.1236701286397874e-10,1565281.0134047812,2023-07-03,58.2,329.06582377217,0.08213058419243979
652,2023-07-31,2023-08-01,WFRD,BUY,BUY,MONTHLY_REBALANCE,0.0,0.1,84.1,1861.2140468546747,156528.10134047814,156.52810134047814,-2.1236701286397874e-10,1565281.0134047812,,,,
653,2023-07-31,2023-08-01,AAON,BUY,INCREASE,MONTHLY_REBALANCE,0.0,0.1,70.9867,2205.0342013430422,156528.10134047814,156.52810134047814,-2.1236701286397874e-10,1565281.0134047812,2023-03-01,60.2257,,
654,2023-08-31,2023-09-01,SMCI,SELL,SELL,MONTHLY_REBALANCE,0.08306116055237273,0.0,28.216,4637.045305737588,130838.8703466918,130.8388703466918,-5.2295945351943374e-11,1573296.2349114066,2023-04-03,11.258548547325296,78501.63178555158,1.5061845122747464
655,2023-08-31,2023-09-01,AEHR,SELL,SELL,MONTHLY_REBALANCE,0.09557545100864961,0.0,51.64,2915.405128338204,150551.52082738487,150.55152082738488,-5.2295945351943374e-11,1573296.2349114066,2023-02-01,44.24,21423.44642887532,0.1672694394213381
656,2023-08-31,2023-09-01,BKNG,SELL,REDUCE,MONTHLY_REBALANCE,0.10620879814638594,0.1,3114.89,3.201289559477848,9971.664835921954,9.971664835921954,-5.2295945351943374e-11,1573296.2349114066,2023-08-01,2914.31,632.1429950041446,0.06882589703909336
657,2023-08-31,2023-09-01,MELI,BUY,BUY,MONTHLY_REBALANCE,0.0,0.1,1421.64,110.66769610530137,157329.62349114066,157.32962349114067,-5.2295945351943374e-11,1573296.2349114066,,,,
658,2023-08-31,2023-09-01,LSCC,BUY,BUY,MONTHLY_REBALANCE,0.0,0.1,97.02,1621.6205266042123,157329.62349114066,157.32962349114067,-5.2295945351943374e-11,1573296.2349114066,,,,
659,2023-08-31,2023-09-01,RMBS,SELL,SELL,MONTHLY_REBALANCE,0.10369788768245215,0.0,57.26,2852.7082438578122,163346.07404329831,163.34607404329833,-5.2295945351943374e-11,1573296.2349114066,2023-06-01,63.88268228422114,-19055.926422692035,-0.1036694460441735
660,2023-08-31,2023-09-01,COCO,BUY,BUY,MONTHLY_REBALANCE,0.0,0.1,27.13,5799.101492485834,157329.62349114066,157.32962349114067,-5.2295945351943374e-11,1573296.2349114066,,,,
661,2023-08-31,2023-09-01,BKR,BUY,BUY,MONTHLY_REBALANCE,0.0,0.1,36.81,4274.100067675649,157329.62349114066,157.32962349114067,-5.2295945351943374e-11,1573296.2349114066,,,,
662,2023-08-31,2023-09-01,ACLS,SELL,REDUCE,MONTHLY_REBALANCE,0.09769326318770057,0.0,192.9,797.7580212042101,153887.52229029214,153.88752229029214,-5.2295945351943374e-11,1573296.2349114066,2023-02-01,162.08999999999992,24425.03711101149,0.19007958541551062
663,2023-08-31,2023-09-01,MAR,SELL,SELL,MONTHLY_REBALANCE,0.09989376944997368,0.0,205.82,764.5213506910139,157353.78439922447,157.35378439922448,-5.2295945351943374e-11,1573296.2349114066,2023-08-01,204.74,668.3292743470583,0.00527498290514794
664,2023-08-31,2023-09-01,ALGM,SELL,REDUCE,MONTHLY_REBALANCE,0.08432358113774573,0.0,38.39,3459.9491896657414,132827.44939126782,132.8274493912678,-5.2295945351943374e-11,1573296.2349114066,2023-02-01,45.24,-23833.4793986016,-0.1514146772767463
665,2023-08-31,2023-09-01,STRL,SELL,REDUCE,MONTHLY_REBALANCE,0.13116218734978877,0.1,83.13,592.7886800787076,49278.522974942956,49.27852297494296,-5.2295945351943374e-11,1573296.2349114066,2023-07-03,58.2,14728.943271387232,0.42835051546391734
666,2023-08-31,2023-09-01,WFRD,SELL,REDUCE,MONTHLY_REBALANCE,0.10647080074968093,0.1,90.11,115.24108612733262,10384.374270933942,10.384374270933943,-5.2295945351943374e-11,1573296.2349114066,2023-08-01,84.1,682.2145533543357,0.07146254458977408
667,2023-08-31,2023-09-01,AAON,BUY,INCREASE,MONTHLY_REBALANCE,0.09191310073524994,0.1,65.66,191.0916514004953,12547.077830956521,12.547077830956521,-5.2295945351943374e-11,1573296.2349114066,2023-03-01,70.9867,,
668,2023-08-31,2023-09-01,AVGO,BUY,BUY,MONTHLY_REBALANCE,0.0,0.1,85.4625,1840.9199764942596,157329.62349114066,157.32962349114067,-5.2295945351943374e-11,1573296.2349114066,,,,
669,2023-08-31,2023-09-01,ARRY,BUY,BUY,MONTHLY_REBALANCE,0.0,0.1,24.95,6305.796532711049,157329.62349114066,157.32962349114067,-5.2295945351943374e-11,1573296.2349114066,,,,
670,2023-09-29,2023-10-02,CHX,BUY,INCREASE,MONTHLY_REBALANCE,0.0,0.1,34.84,4179.200429132722,145603.34295098405,145.60334295098406,1.5916157281026244e-11,1456033.4295098404,2023-02-01,32.5,,
671,2023-09-29,2023-10-02,BKNG,SELL,REDUCE,MONTHLY_REBALANCE,0.10717040400525885,0.1,3093.76,3.445331176896473,10659.027781835233,10.659027781835233,1.5916157281026244e-11,1456033.4295098404,2023-08-01,2914.31,607.6056519122378,0.06157546726326313
672,2023-09-29,2023-10-02,ACGL,BUY,INCREASE,MONTHLY_REBALANCE,0.0,0.1,79.37,1834.488382902659,145603.34295098405,145.60334295098406,1.5916157281026244e-11,1456033.4295098404,2020-02-03,44.68,,
673,2023-09-29,2023-10-02,CHRD,BUY,BUY,MONTHLY_REBALANCE,0.0,0.1,158.13,920.7825393725673,145603.34295098405,145.60334295098406,1.5916157281026244e-11,1456033.4295098404,,,,
674,2023-09-29,2023-10-02,MELI,SELL,SELL,MONTHLY_REBALANCE,0.0955891203773891,0.0,1259.41,110.66769610530135,139376.00315197758,139.37600315197759,1.5916157281026244e-11,1456033.4295098404,2023-09-01,1421.64,-18092.99634231502,-0.11411468444894635
675,2023-09-29,2023-10-02,LSCC,SELL,SELL,MONTHLY_REBALANCE,0.09532376495728798,0.0,85.71,1621.6205266042123,138989.09533524702,138.98909533524701,1.5916157281026244e-11,1456033.4295098404,2023-09-01,97.02,-18479.517251228892,-0.11657390228818798
676,2023-09-29,2023-10-02,PCAR,BUY,BUY,MONTHLY_REBALANCE,0.0,0.1,84.76,1717.8308512386036,145603.34295098405,145.60334295098406,1.5916157281026244e-11,1456033.4295098404,,,,
677,2023-09-29,2023-10-02,COCO,SELL,REDUCE,MONTHLY_REBALANCE,0.10841940512335253,0.0,27.26,5799.101492485832,158083.5066851638,158.0835066851638,1.5916157281026244e-11,1456033.4295098404,2023-09-01,27.13,595.7996873380092,0.004791743457427389
678,2023-09-29,2023-10-02,BKR,SELL,REDUCE,MONTHLY_REBALANCE,0.10130686561022241,0.1,34.56,61.040375806898595,2109.5553878864157,2.1095553878864157,1.5916157281026244e-11,1456033.4295098404,2023-09-01,36.81,-139.45040095340826,-0.06112469437652812
679,2023-09-29,2023-10-02,STRL,SELL,SELL,MONTHLY_REBALANCE,0.09385805352499321,0.0,72.31,1892.5733608942712,136851.97972626475,136.85197972626474,1.5916157281026244e-11,1456033.4295098404,2023-07-03,58.2,26567.358142491903,0.24243986254295535
680,2023-09-29,2023-10-02,WFRD,SELL,REDUCE,MONTHLY_REBALANCE,0.10841726886614739,0.1,90.54,137.8070346064649,12477.048913269333,12.477048913269334,1.5916157281026244e-11,1456033.4295098404,2023-08-01,84.1,875.0002539523663,0.07657550535077307
681,2023-09-29,2023-10-02,ACMR,BUY,BUY,MONTHLY_REBALANCE,0.0,0.1,18.62,7819.728407679057,145603.34295098405,145.60334295098406,1.5916157281026244e-11,1456033.4295098404,,,,
682,2023-09-29,2023-10-02,AAON,SELL,REDUCE,MONTHLY_REBALANCE,0.0937202536905774,0.0,57.03,2396.125852743537,136651.0573819639,136.6510573819639,1.5916157281026244e-11,1456033.4295098404,2023-03-01,70.56189430861716,-32560.77284685266,-0.1917733989599626
683,2023-09-29,2023-10-02,AVGO,SELL,SELL,MONTHLY_REBALANCE,0.10381833040094085,0.0,82.2278,1840.9199764942596,151374.7996431747,151.3747996431747,1.5916157281026244e-11,1456033.4295098404,2023-09-01,85.4625,-6106.198647609163,-0.037849349129735255
684,2023-09-29,2023-10-02,GSHD,BUY,BUY,MONTHLY_REBALANCE,0.0,0.1,73.57,1979.1129937608273,145603.34295098405,145.60334295098406,1.5916157281026244e-11,1456033.4295098404,,,,
685,2023-09-29,2023-10-02,CEG,BUY,BUY,MONTHLY_REBALANCE,0.0,0.1,104.73,1390.2734932778005,145603.34295098405,145.60334295098406,1.5916157281026244e-11,1456033.4295098404,,,,
686,2023-09-29,2023-10-02,ARRY,SELL,SELL,MONTHLY_REBALANCE,0.09237653344383033,0.0,21.36,6305.7965327110505,134691.81393870804,134.69181393870804,1.5916157281026244e-11,1456033.4295098404,2023-09-01,24.95,-22772.50136637138,-0.14388777555110221
687,2023-10-31,2023-11-01,NBIX,BUY,BUY,MONTHLY_REBALANCE,0.0,0.1,111.54,1264.0658378193973,140993.90355037557,140.99390355037556,-2.7853275241795927e-10,1409939.0355037556,,,,
688,2023-10-31,2023-11-01,CHX,SELL,REDUCE,MONTHLY_REBALANCE,0.08964389514799367,0.0,30.28,4179.200429132721,126546.18899413879,126.5461889941388,-2.7853275241795927e-10,1409939.0355037556,2023-02-01,34.84,-19183.700145839357,-0.13088404133180254
689,2023-10-31,2023-11-01,BKNG,BUY,INCREASE,MONTHLY_REBALANCE,0.09222415004500532,0.1,2766.23,3.9061418126086953,10805.286666292552,10.805286666292552,-2.7853275241795927e-10,1409939.0355037556,2023-08-01,2914.31,,
690,2023-10-31,2023-11-01,ACGL,SELL,REDUCE,MONTHLY_REBALANCE,0.11695778197578104,0.1,90.0,267.8894545651536,24110.05091086382,24.110050910863823,-2.7853275241795927e-10,1409939.0355037556,2020-02-03,79.36999999999999,2823.5548511167217,0.1339296963588259
691,2023-10-31,2023-11-01,CHRD,SELL,SELL,MONTHLY_REBALANCE,0.10785317209808545,0.0,165.35,920.7825393725673,152251.392885254,152.251392885254,-2.7853275241795927e-10,1409939.0355037556,2023-10-02,158.13,6495.798541384681,0.04565863530006964
692,2023-10-31,2023-11-01,MELI,BUY,BUY,MONTHLY_REBALANCE,0.0,0.1,1300.01,108.45601460786884,140993.90355037557,140.99390355037556,-2.7853275241795927e-10,1409939.0355037556,,,,
693,2023-10-31,2023-11-01,PCAR,SELL,REDUCE,MONTHLY_REBALANCE,0.10118457222654616,0.1,83.15,22.173562599089827,1843.7317301143194,1.8437317301143195,-2.7853275241795927e-10,1409939.0355037556,2023-10-02,84.76,-37.54316751464893,-0.01899480887210947
694,2023-10-31,2023-11-01,COCO,BUY,INCREASE,MONTHLY_REBALANCE,0.0,0.1,28.04,5028.313250726661,140993.90355037557,140.99390355037556,-2.7853275241795927e-10,1409939.0355037556,2023-09-01,27.13,,
695,2023-10-31,2023-11-01,BKR,SELL,REDUCE,MONTHLY_REBALANCE,0.10397942392449655,0.1,34.84,166.16234541710097,5789.096114331798,5.789096114331798,-2.7853275241795927e-10,1409939.0355037556,2023-09-01,36.81,-333.1289165860205,-0.05351806574300455
696,2023-10-31,2023-11-01,STRL,BUY,BUY,MONTHLY_REBALANCE,0.0,0.1,75.16,1875.9167582540658,140993.90355037557,140.99390355037556,-2.7853275241795927e-10,1409939.0355037556,,,,
697,2023-10-31,2023-11-01,PANW,BUY,BUY,MONTHLY_REBALANCE,0.0,0.1,122.43,1151.6287147788578,140993.90355037557,140.99390355037556,-2.7853275241795927e-10,1409939.0355037556,,,,
698,2023-10-31,2023-11-01,MANH,BUY,BUY,MONTHLY_REBALANCE,0.0,0.1,198.14,711.5872794507701,140993.90355037557,140.99390355037556,-2.7853275241795927e-10,1409939.0355037556,,,,
699,2023-10-31,2023-11-01,WFRD,SELL,REDUCE,MONTHLY_REBALANCE,0.10856639195828854,0.0,95.3,1608.165926120875,153258.21275931937,153.25821275931938,-2.7853275241795927e-10,1409939.0355037556,2023-08-01,84.1,17858.200159794484,0.13317479191438775
700,2023-10-31,2023-11-01,ACMR,SELL,REDUCE,MONTHLY_REBALANCE,0.07522515439227404,0.0,13.58,7819.728407679056,106191.91177628157,106.19191177628157,-2.7853275241795927e-10,1409939.0355037556,2023-10-02,18.62,-39517.62308647873,-0.2706766917293233
701,2023-10-31,2023-11-01,GSHD,SELL,SELL,MONTHLY_REBALANCE,0.09125496649089161,0.0,65.09,1979.1129937608275,128820.46476389228,128.8204647638923,-2.7853275241795927e-10,1409939.0355037556,2023-10-02,73.57,-16911.698651855688,-0.1152643740655157
702,2023-10-31,2023-11-01,CEG,SELL,SELL,MONTHLY_REBALANCE,0.11311049174063754,0.0,114.85,1390.273493277801,159672.91070295544,159.67291070295545,-2.7853275241795927e-10,1409939.0355037556,2023-10-02,104.73,13909.894841268377,0.09662942805308883
703,2023-11-30,2023-12-01,NBIX,SELL,SELL,MONTHLY_REBALANCE,0.09826715332394226,0.0,117.12,1264.0658378193975,148047.39092540785,148.04739092540785,-2.219167072325945e-10,1504731.0648992357,2023-11-01,111.53999999999999,6905.439984106846,0.05002689618074241
704,2023-11-30,2023-12-01,WWD,BUY,BUY,MONTHLY_REBALANCE,0.0,0.1,135.49,1110.5845928845197,150473.10648992358,150.4731064899236,-2.219167072325945e-10,1504731.0648992357,,,,
705,2023-11-30,2023-12-01,BKNG,SELL,SELL,MONTHLY_REBALANCE,0.10689226305169827,0.0,3159.56,50.96969650042681,161041.81427488851,161.0418142748885,-2.219167072325945e-10,1504731.0648992357,2023-08-01,2902.9616593323985,12917.69773206588,0.08839191514730915
706,2023-11-30,2023-12-01,WDAY,BUY,BUY,MONTHLY_REBALANCE,0.0,0.1,272.92,551.345106587731,150473.10648992358,150.4731064899236,-2.219167072325945e-10,1504731.0648992357,,,,
707,2023-11-30,2023-12-01,ACGL,BUY,INCREASE,MONTHLY_REBALANCE,0.0859217660539248,0.1,82.63,254.44798549431695,21025.037041395408,21.025037041395407,-2.219167072325945e-10,1504731.0648992357,2020-02-03,79.36999999999999,,
708,2023-11-30,2023-12-01,IDCC,BUY,BUY,MONTHLY_REBALANCE,0.0,0.1,100.99,1489.9802603220476,150473.10648992358,150.4731064899236,-2.219167072325945e-10,1504731.0648992357,,,,
709,2023-11-30,2023-12-01,MELI,SELL,REDUCE,MONTHLY_REBALANCE,0.11892521098302118,0.1,1652.01,17.37115041823103,28697.31420242184,28.69731420242184,-2.219167072325945e-10,1504731.0648992357,2023-11-01,1300.01,6085.9476330149,0.2707671479450158
710,2023-11-30,2023-12-01,PCAR,SELL,SELL,MONTHLY_REBALANCE,0.104874138010765,0.0,93.18,1695.6572886395134,158001.34615542987,158.00134615542987,-2.219167072325945e-10,1504731.0648992357,2023-10-02,84.76,14119.433024189275,0.09933931099575277
711,2023-11-30,2023-12-01,NVDA,BUY,INCREASE,MONTHLY_REBALANCE,0.0,0.1,46.7477,3218.8344344197376,150473.10648992358,150.4731064899236,-2.219167072325945e-10,1504731.0648992357,2021-06-01,31.38319999999999,,
712,2023-11-30,2023-12-01,COCO,SELL,REDUCE,MONTHLY_REBALANCE,0.09275097618945467,0.0,27.79,5028.313250726661,139736.8252376939,139.73682523769392,-2.219167072325945e-10,1504731.0648992357,2023-09-01,28.040000000000003,-1396.815137919377,-0.008915834522111421
713,2023-11-30,2023-12-01,BKR,SELL,SELL,MONTHLY_REBALANCE,0.09076491330107074,0.0,33.79,4046.8973464516553,136744.66133660142,136.7446613366014,-2.219167072325945e-10,1504731.0648992357,2023-09-01,36.81,-12358.374647620612,-0.08204292311871786
714,2023-11-30,2023-12-01,STRL,SELL,SELL,MONTHLY_REBALANCE,0.08076033739071453,0.0,64.86,1875.9167582540665,121671.96094035875,121.67196094035876,-2.219167072325945e-10,1504731.0648992357,2023-11-01,75.16,-19443.614570957237,-0.13704097924427883
715,2023-11-30,2023-12-01,PANW,SELL,REDUCE,MONTHLY_REBALANCE,0.11319220183097778,0.1,148.08,135.46781195657593,20060.073594529764,20.060073594529765,-2.219167072325945e-10,1504731.0648992357,2023-11-01,122.43,3454.6893030916435,0.20950747365841704
716,2023-11-30,2023-12-01,ROAD,BUY,BUY,MONTHLY_REBALANCE,0.0,0.1,41.41,3633.738384204868,150473.10648992358,150.4731064899236,-2.219167072325945e-10,1504731.0648992357,,,,
717,2023-11-30,2023-12-01,MANH,SELL,REDUCE,MONTHLY_REBALANCE,0.10765103986443085,0.1,227.92,51.38586452481524,11711.86624249589,11.711866242495889,-2.219167072325945e-10,1504731.0648992357,2023-11-01,198.14,1518.5591793065018,0.1502977692540628
718,2023-11-30,2023-12-01,CEG,BUY,BUY,MONTHLY_REBALANCE,0.0,0.1,119.88,1255.1977518345311,150473.10648992358,150.4731064899236,-2.219167072325945e-10,1504731.0648992357,,,,
719,2023-12-29,2024-01-02,NBIX,BUY,BUY,MONTHLY_REBALANCE,0.0,0.1,131.73,1114.5034705438213,146813.54217473758,146.8135421747376,-1.1823431123048067e-11,1468135.4217473757,,,,
720,2023-12-29,2024-01-02,AMPH,BUY,BUY,MONTHLY_REBALANCE,0.0,0.1,62.29,2356.9359796875515,146813.54217473758,146.8135421747376,-1.1823431123048067e-11,1468135.4217473757,,,,
721,2023-12-29,2024-01-02,WWD,SELL,SELL,MONTHLY_REBALANCE,0.10196397461202013,0.0,134.98,1110.5845928845197,149906.70834755246,149.90670834755247,-1.1823431123048067e-11,1468135.4217473757,2023-12-01,135.49,-716.304850718679,-0.0037641154328734716
722,2023-12-29,2024-01-02,WDAY,SELL,REDUCE,MONTHLY_REBALANCE,0.10060915702686729,0.1,268.28,4.105125319139875,1101.3230206188455,1.1013230206188456,-1.1823431123048067e-11,1468135.4217473757,2023-12-01,272.92,-20.14910450142804,-0.017001319067858844
723,2023-12-29,2024-01-02,ACGL,SELL,SELL,MONTHLY_REBALANCE,0.09357962296042605,0.0,75.55,1821.0469138318238,137580.09433999428,137.58009433999428,-1.1823431123048067e-11,1468135.4217473757,2020-02-03,79.82550744816675,-7923.479737889029,-0.05356066732106868
724,2023-12-29,2024-01-02,AMZN,BUY,BUY,MONTHLY_REBALANCE,0.0,0.1,149.93,979.2139143249354,146813.54217473758,146.8135421747376,-1.1823431123048067e-11,1468135.4217473757,,,,
725,2023-12-29,2024-01-02,IDCC,SELL,REDUCE,MONTHLY_REBALANCE,0.10769015808972014,0.1,106.26,108.33578286357172,11511.760287083132,11.511760287083133,-1.1823431123048067e-11,1468135.4217473757,2023-12-01,100.99,559.417815403941,0.05218338449351423
726,2023-12-29,2024-01-02,MELI,SELL,SELL,MONTHLY_REBALANCE,0.09473813530285094,0.0,1529.16,91.08486418963784,139283.3309242266,139.28333092422662,-1.1823431123048067e-11,1468135.4217473757,2023-11-01,1300.01,20732.813298131292,0.17626787486250106
727,2023-12-29,2024-01-02,NVDA,SELL,REDUCE,MONTHLY_REBALANCE,0.10542883338394177,0.1,48.1543,170.01964166524553,8187.176830640732,8.187176830640732,-1.1823431123048067e-11,1468135.4217473757,2021-06-01,46.74769999999998,230.9624511356968,0.030089180858096087
728,2023-12-29,2024-01-02,MAR,BUY,BUY,MONTHLY_REBALANCE,0.0,0.1,221.84,661.7992344696069,146813.54217473758,146.8135421747376,-1.1823431123048067e-11,1468135.4217473757,,,,
729,2023-12-29,2024-01-02,STRL,BUY,BUY,MONTHLY_REBALANCE,0.0,0.1,84.91,1729.0489008919749,146813.54217473758,146.8135421747376,-1.1823431123048067e-11,1468135.4217473757,,,,
730,2023-12-29,2024-01-02,PANW,SELL,SELL,MONTHLY_REBALANCE,0.09984717457039179,0.0,144.46,1016.1609028222827,146794.60402170697,146.79460402170696,-1.1823431123048067e-11,1468135.4217473757,2023-11-01,122.43,22239.23008515318,0.17993955729804778
731,2023-12-29,2024-01-02,ROAD,SELL,SELL,MONTHLY_REBALANCE,0.10489498371265857,0.0,42.44,3633.7383842048685,154215.8570256546,154.2158570256546,-1.1823431123048067e-11,1468135.4217473757,2023-12-01,41.41,3588.534678705364,0.024873219029220017
732,2023-12-29,2024-01-02,MANH,SELL,SELL,MONTHLY_REBALANCE,0.09285165876030094,0.0,206.77,660.2014149259547,136509.84656423968,136.50984656423967,-1.1823431123048067e-11,1468135.4217473757,2023-11-01,198.14,5561.028364246766,0.043555062077319295
733,2023-12-29,2024-01-02,AXON,BUY,BUY,MONTHLY_REBALANCE,0.0,0.1,251.63,583.4500742150681,146813.54217473758,146.8135421747376,-1.1823431123048067e-11,1468135.4217473757,,,,
734,2023-12-29,2024-01-02,CCOI,BUY,BUY,MONTHLY_REBALANCE,0.0,0.1,76.49,1919.3821698880583,146813.54217473758,146.8135421747376,-1.1823431123048067e-11,1468135.4217473757,,,,
735,2023-12-29,2024-01-02,CEG,SELL,SELL,MONTHLY_REBALANCE,0.09839630158082252,0.0,115.25,1255.1977518345307,144661.54089892967,144.66154089892967,-1.1823431123048067e-11,1468135.4217473757,2023-12-01,119.88,-5956.2271318928015,-0.03862195528862189
736,2024-01-31,2024-02-01,NBIX,SELL,SELL,MONTHLY_REBALANCE,0.10389689721578307,0.0,142.45,1114.5034705438215,158761.01937896738,158.76101937896738,-6.548361852765083e-11,1525605.305922918,2024-01-02,131.73,11788.716184850799,0.08137857739315257
737,2024-01-31,2024-02-01,OTEX,BUY,BUY,MONTHLY_REBALANCE,0.0,0.1,44.09,3460.207089868265,152560.53059229182,152.56053059229183,-6.548361852765083e-11,1525605.305922918,,,,
738,2024-01-31,2024-02-01,SMCI,BUY,BUY,MONTHLY_REBALANCE,0.0,0.1,58.35,2614.57635976507,152560.53059229182,152.56053059229183,-6.548361852765083e-11,1525605.305922918,,,,
739,2024-01-31,2024-02-01,AMPH,SELL,SELL,MONTHLY_REBALANCE,0.08250477480218413,0.0,53.49,2356.9359796875515,126072.50555348714,126.07250555348713,-6.548361852765083e-11,1525605.305922918,2024-01-02,62.29,-20867.10912680393,-0.1412746829346604
740,2024-01-31,2024-02-01,WDAY,SELL,SELL,MONTHLY_REBALANCE,0.10528920559177314,0.0,294.0,547.239981268591,160888.55449296575,160.88855449296574,-6.548361852765083e-11,1525605.305922918,2023-12-01,272.92,11374.930250648924,0.07723875128242708
741,2024-01-31,2024-02-01,AMZN,SELL,SELL,MONTHLY_REBALANCE,0.10206986073707205,0.0,159.28,979.2139143249357,155969.19227367576,155.96919227367576,-6.548361852765083e-11,1525605.305922918,2024-01-02,149.93,8999.680906664467,0.06236243580337497
742,2024-01-31,2024-02-01,IDCC,SELL,SELL,MONTHLY_REBALANCE,0.09471287859511116,0.0,104.75,1381.6444774584754,144727.2590137753,144.7272590137753,-6.548361852765083e-11,1525605.305922918,2023-12-01,100.99,5050.255976230099,0.03723140905040112
743,2024-01-31,2024-02-01,NVDA,SELL,REDUCE,MONTHLY_REBALANCE,0.12571671331232898,0.1,63.0091,627.568804598942,39542.545565855195,39.54254556585519,-6.548361852765083e-11,1525605.305922918,2021-06-01,46.74769999999998,10165.604813539392,0.34785454685471207
744,2024-01-31,2024-02-01,MAR,SELL,SELL,MONTHLY_REBALANCE,0.10553269354695369,0.0,243.67,661.7992344696067,161260.61946320906,161.26061946320905,-6.548361852765083e-11,1525605.305922918,2024-01-02,221.84,14285.816669008294,0.09840425531914887
745,2024-01-31,2024-02-01,STRL,SELL,SELL,MONTHLY_REBALANCE,0.08866667089875746,0.0,78.36,1729.0489008919747,135488.27187389514,135.48827187389514,-6.548361852765083e-11,1525605.305922918,2024-01-02,84.91,-11460.758572716324,-0.07714050170769049
746,2024-01-31,2024-02-01,PANW,BUY,BUY,MONTHLY_REBALANCE,0.0,0.1,169.985,897.4940764908187,152560.53059229182,152.56053059229183,-6.548361852765083e-11,1525605.305922918,,,,
747,2024-01-31,2024-02-01,POWL,BUY,BUY,MONTHLY_REBALANCE,0.0,0.1,116.0,1315.1769878645846,152560.53059229182,152.56053059229183,-6.548361852765083e-11,1525605.305922918,,,,
748,2024-01-31,2024-02-01,ROAD,BUY,BUY,MONTHLY_REBALANCE,0.0,0.1,47.24,3229.4777856115966,152560.53059229182,152.56053059229183,-6.548361852765083e-11,1525605.305922918,,,,
749,2024-01-31,2024-02-01,MANH,BUY,BUY,MONTHLY_REBALANCE,0.0,0.1,249.07,612.5206993708267,152560.53059229182,152.56053059229183,-6.548361852765083e-11,1525605.305922918,,,,
750,2024-01-31,2024-02-01,AXON,SELL,SELL,MONTHLY_REBALANCE,0.09648674163969094,0.0,252.7,583.450074215068,147437.83375414766,147.43783375414768,-6.548361852765083e-11,1525605.305922918,2024-01-02,251.63,476.85374565597107,0.004252275165918196
751,2024-01-31,2024-02-01,CCOI,BUY,INCREASE,MONTHLY_REBALANCE,0.09512356366034531,0.1,75.73,95.15012368505396,7205.718866669136,7.2057188666691365,-6.548361852765083e-11,1525605.305922918,2024-01-02,76.49,,
752,2024-01-31,2024-02-01,GSHD,BUY,BUY,MONTHLY_REBALANCE,0.0,0.1,78.45,1944.6849023874036,152560.53059229182,152.56053059229183,-6.548361852765083e-11,1525605.305922918,,,,
753,2024-01-31,2024-02-01,MGRC,BUY,BUY,MONTHLY_REBALANCE,0.0,0.1,127.73,1194.3985797564535,152560.53059229182,152.56053059229183,-6.548361852765083e-11,1525605.305922918,,,,
754,2024-02-29,2024-03-01,OTEX,SELL,REDUCE,MONTHLY_REBALANCE,0.07936210347189458,0.0,39.26,3460.207089868263,135847.730348228,135.84773034822803,-3.228706191293895e-11,1709324.7290346492,2024-02-01,44.09,-16848.647974411957,-0.10954865048763907
755,2024-02-29,2024-03-01,SMCI,SELL,SELL,MONTHLY_REBALANCE,0.13830598548061268,0.0,90.548,2614.5763597650694,236744.6602240075,236.7446602240075,-3.228706191293895e-11,1709324.7290346492,2024-02-01,58.35,83947.3849714917,0.5518080548414739
756,2024-02-29,2024-03-01,BLBD,BUY,BUY,MONTHLY_REBALANCE,0.0,0.1,34.43,4964.63760974339,170932.47290346492,170.9324729034649,-3.228706191293895e-11,1709324.7290346492,,,,
757,2024-02-29,2024-03-01,AMZN,BUY,BUY,MONTHLY_REBALANCE,0.0,0.1,178.22,959.1093755104081,170932.47290346492,170.9324729034649,-3.228706191293895e-11,1709324.7290346492,,,,
758,2024-02-29,2024-03-01,CELH,BUY,BUY,MONTHLY_REBALANCE,0.0,0.1,79.27,2156.3324448525914,170932.47290346492,170.9324729034649,-3.228706191293895e-11,1709324.7290346492,,,,
759,2024-02-29,2024-03-01,FTAI,BUY,BUY,MONTHLY_REBALANCE,0.0,0.1,58.2,2936.98407050627,170932.47290346492,170.9324729034649,-3.228706191293895e-11,1709324.7290346492,,,,
760,2024-02-29,2024-03-01,NVDA,SELL,REDUCE,MONTHLY_REBALANCE,0.11634967432169212,0.1,82.2556,343.18111593451044,28228.568599862716,28.228568599862715,-3.228706191293895e-11,1709324.7290346492,2021-06-01,46.74769999999998,12157.412177891147,0.7595646416829072
761,2024-02-29,2024-03-01,PANW,SELL,SELL,MONTHLY_REBALANCE,0.07927644472448599,0.0,151.2,897.4940764908187,135701.10436541177,135.70110436541177,-3.228706191293895e-11,1709324.7290346492,2024-02-01,169.985,-16995.127331245465,-0.11050975086037018
762,2024-02-29,2024-03-01,POWL,SELL,REDUCE,MONTHLY_REBALANCE,0.13831387282758872,0.1,180.02,365.6576405505917,65825.68845191752,65.82568845191753,-3.228706191293895e-11,1709324.7290346492,2024-02-01,116.0,23343.576459596967,0.5518965517241381
763,2024-02-29,2024-03-01,ROAD,SELL,SELL,MONTHLY_REBALANCE,0.09201229017466574,0.0,48.77,3229.477785611597,157501.6316042776,157.50163160427758,-3.228706191293895e-11,1709324.7290346492,2024-02-01,47.24,4783.59938038147,0.03238780694326837
764,2024-02-29,2024-03-01,MANH,SELL,SELL,MONTHLY_REBALANCE,0.09187386887964645,0.0,256.75,612.5206993708265,157264.6895634597,157.26468956345968,-3.228706191293895e-11,1709324.7290346492,2024-02-01,249.07000000000002,4546.894281604475,0.030834705102982918
765,2024-02-29,2024-03-01,ACMR,BUY,INCREASE,MONTHLY_REBALANCE,0.0,0.1,33.91,5040.768885386758,170932.47290346492,170.9324729034649,-3.228706191293895e-11,1709324.7290346492,2023-10-02,18.62,,
766,2024-02-29,2024-03-01,CCOI,BUY,INCREASE,MONTHLY_REBALANCE,0.09244452733756757,0.1,78.55,161.56538820237884,12690.961243296857,12.690961243296858,-3.228706191293895e-11,1709324.7290346492,2024-01-02,76.4541037802018,,
767,2024-02-29,2024-03-01,GSHD,SELL,SELL,MONTHLY_REBALANCE,0.08503580561106282,0.0,74.85,1944.684902387403,145559.6649436971,145.5596649436971,-3.228706191293895e-11,1709324.7290346492,2024-02-01,78.45,-7146.425313538365,-0.04588910133843227
768,2024-02-29,2024-03-01,DUOL,BUY,BUY,MONTHLY_REBALANCE,0.0,0.1,236.49,722.7894325487966,170932.47290346492,170.9324729034649,-3.228706191293895e-11,1709324.7290346492,,,,
769,2024-02-29,2024-03-01,MGRC,SELL,SELL,MONTHLY_REBALANCE,0.08702542717078328,0.0,124.72,1194.3985797564537,148965.3908672249,148.9653908672249,-3.228706191293895e-11,1709324.7290346492,2024-02-01,127.73000000000002,-3744.1051159341737,-0.023565333124559773
770,2024-02-29,2024-03-01,APP,BUY,BUY,MONTHLY_REBALANCE,0.0,0.1,62.26,2745.462141077175,170932.47290346492,170.9324729034649,-3.228706191293895e-11,1709324.7290346492,,,,
771,2024-03-28,2024-04-01,ESGR,BUY,BUY,MONTHLY_REBALANCE,0.0,0.1,306.52,553.3939459421307,169626.3123101819,169.6263123101819,-3.333298081997782e-10,1696263.1231018188,,,,
772,2024-03-28,2024-04-01,ACGL,BUY,BUY,MONTHLY_REBALANCE,0.0,0.1,92.31,1837.5724440492027,169626.3123101819,169.6263123101819,-3.333298081997782e-10,1696263.1231018188,,,,
773,2024-03-28,2024-04-01,BLBD,SELL,REDUCE,MONTHLY_REBALANCE,0.11217371622585345,0.1,38.38,544.9838236521483,20916.479151769454,20.916479151769455,-3.333298081997782e-10,1696263.1231018188,2024-03-01,34.43,2131.7696242742177,0.11472553006099351
774,2024-03-28,2024-04-01,AMZN,SELL,REDUCE,MONTHLY_REBALANCE,0.10218174318165797,0.1,180.97,21.792072586266574,3943.711375936662,3.943711375936662,-3.333298081997782e-10,1696263.1231018188,2024-03-01,178.22,55.984488236296414,0.015430366962181585
775,2024-03-28,2024-04-01,CELH,SELL,SELL,MONTHLY_REBALANCE,0.10476739540520669,0.0,82.53,2156.332444852592,177962.11667368442,177.96211667368442,-3.333298081997782e-10,1696263.1231018188,2024-03-01,79.27,6851.6816535457765,0.04112526807114936
776,2024-03-28,2024-04-01,FTAI,SELL,REDUCE,MONTHLY_REBALANCE,0.11721030863197891,0.1,67.79,434.7519963038537,29471.837829438242,29.471837829438243,-3.333298081997782e-10,1696263.1231018188,2024-03-01,58.199999999999996,4139.799806724523,0.1647766323024058
777,2024-03-28,2024-04-01,NVDA,SELL,REDUCE,MONTHLY_REBALANCE,0.11052128972503775,0.0,90.3417,2078.06487222104,187735.9132667315,187.73591326673153,-3.333298081997782e-10,1696263.1231018188,2021-06-01,46.74769999999998,90403.42412633733,0.932537857477481
778,2024-03-28,2024-04-01,STEP,BUY,BUY,MONTHLY_REBALANCE,0.0,0.1,34.83,4870.120939138154,169626.3123101819,169.6263123101819,-3.333298081997782e-10,1696263.1231018188,,,,
779,2024-03-28,2024-04-01,POWL,SELL,SELL,MONTHLY_REBALANCE,0.07636333627129327,0.0,136.61,949.5193473139922,129713.83803656448,129.71383803656448,-3.333298081997782e-10,1696263.1231018188,2024-02-01,116.0,19439.879910104828,0.1776724137931036
780,2024-03-28,2024-04-01,ITRI,BUY,BUY,MONTHLY_REBALANCE,0.0,0.1,89.5,1895.2660593316414,169626.3123101819,169.6263123101819,-3.333298081997782e-10,1696263.1231018188,,,,
781,2024-03-28,2024-04-01,ROAD,BUY,BUY,MONTHLY_REBALANCE,0.0,0.1,56.48,3003.298730704354,169626.3123101819,169.6263123101819,-3.333298081997782e-10,1696263.1231018188,,,,
782,2024-03-28,2024-04-01,WFRD,BUY,INCREASE,MONTHLY_REBALANCE,0.0,0.1,118.33,1433.5021745134954,169626.3123101819,169.6263123101819,-3.333298081997782e-10,1696263.1231018188,2023-08-01,84.1,,
783,2024-03-28,2024-04-01,ACMR,SELL,SELL,MONTHLY_REBALANCE,0.08997556188228231,0.0,30.32,5040.768885386761,152836.1126049266,152.8361126049266,-3.333298081997782e-10,1696263.1231018188,2023-10-02,33.90999999999999,-18249.196411143344,-0.10586847537599497
784,2024-03-28,2024-04-01,CCOI,SELL,SELL,MONTHLY_REBALANCE,0.0822070398419351,0.0,64.17,2176.0976817754918,139640.1882395333,139.6401882395333,-3.333298081997782e-10,1696263.1231018188,2024-01-02,76.60971457342103,-27209.674233409834,-0.16237776948638916
785,2024-03-28,2024-04-01,APPF,BUY,BUY,MONTHLY_REBALANCE,0.0,0.1,241.18,703.3183195546144,169626.3123101819,169.6263123101819,-3.333298081997782e-10,1696263.1231018188,,,,
786,2024-03-28,2024-04-01,DUOL,SELL,SELL,MONTHLY_REBALANCE,0.09285066708364133,0.0,218.21,722.7894325487966,157719.88207647292,157.7198820764729,-3.333298081997782e-10,1696263.1231018188,2024-03-01,236.49,-13370.310709068477,-0.07729713729967436
787,2024-03-28,2024-04-01,APP,SELL,SELL,MONTHLY_REBALANCE,0.11174894175111326,0.0,69.14,2745.462141077175,189821.2524340759,189.8212524340759,-3.333298081997782e-10,1696263.1231018188,2024-03-01,62.26,18698.9582781769,0.1105043366527465
788,2024-04-30,2024-05-01,ESGR,SELL,SELL,MONTHLY_REBALANCE,0.09730193150183378,0.0,292.95,553.3939459421308,162116.7564637472,162.1167564637472,-2.4556356947869062e-11,1664454.520147231,2024-04-01,306.52,-7671.6726028984585,-0.0442711731697768
789,2024-04-30,2024-05-01,VITL,BUY,BUY,MONTHLY_REBALANCE,0.0,0.1,27.33,6090.210465229532,166445.4520147231,166.4454520147231,-2.4556356947869062e-11,1664454.520147231,,,,
790,2024-04-30,2024-05-01,WWD,BUY,BUY,MONTHLY_REBALANCE,0.0,0.1,165.86,1003.5297963024423,166445.4520147231,166.4454520147231,-2.4556356947869062e-11,1664454.520147231,,,,
791,2024-04-30,2024-05-01,ACGL,SELL,SELL,MONTHLY_REBALANCE,0.10565827937684813,0.0,95.8,1837.5724440492038,176039.44013991373,176.03944013991372,-2.4556356947869062e-11,1664454.520147231,2024-04-01,92.31,6237.088389591799,0.037807388148629606
792,2024-04-30,2024-05-01,BLBD,SELL,SELL,MONTHLY_REBALANCE,0.08708687128967407,0.0,32.83,4419.653786091243,145097.2337973755,145.09723379737548,-2.4556356947869062e-11,1664454.520147231,2024-03-01,34.43,-7216.54329154337,-0.046471100784199915
793,2024-04-30,2024-05-01,AMZN,SELL,REDUCE,MONTHLY_REBALANCE,0.10070086950250323,0.1,179.0,7.454442506694259,1334.3452086982725,1.3343452086982726,-2.4556356947869062e-11,1664454.520147231,2024-03-01,178.22,4.480119946523258,0.004376613174727817
794,2024-04-30,2024-05-01,FTAI,SELL,REDUCE,MONTHLY_REBALANCE,0.10993404880032392,0.1,73.2,228.38710132368763,16717.935816893936,16.717935816893938,-2.4556356947869062e-11,1664454.520147231,2024-03-01,58.199999999999996,3409.0885840384226,0.2577319587628868
795,2024-04-30,2024-05-01,STEP,SELL,REDUCE,MONTHLY_REBALANCE,0.10373834156947082,0.1,35.49,180.1955512902228,6395.140115290007,6.395140115290007,-2.4556356947869062e-11,1664454.520147231,2024-04-01,34.83,112.5339237362577,0.018949181739879473
796,2024-04-30,2024-05-01,FWRG,BUY,BUY,MONTHLY_REBALANCE,0.0,0.1,24.97,6665.817061062198,166445.4520147231,166.4454520147231,-2.4556356947869062e-11,1664454.520147231,,,,
797,2024-04-30,2024-05-01,ITRI,SELL,REDUCE,MONTHLY_REBALANCE,0.10412970755176662,0.1,91.54,76.98495801283937,7047.203056495317,7.0472030564953165,-2.4556356947869062e-11,1664454.520147231,2024-04-01,89.5,150.0021112896975,0.022793296089385517
798,2024-04-30,2024-05-01,ROAD,SELL,SELL,MONTHLY_REBALANCE,0.09205723908715792,0.0,51.07,3003.298730704355,153378.46617707142,153.37846617707143,-2.4556356947869062e-11,1664454.520147231,2024-04-01,56.48,-16401.22459928762,-0.09578611898016987
799,2024-04-30,2024-05-01,WFRD,SELL,REDUCE,MONTHLY_REBALANCE,0.10225654089511119,0.1,118.85,33.035603081243785,3926.2814262058237,3.926281426205824,-2.4556356947869062e-11,1664454.520147231,2023-08-01,118.32999999999994,13.25223217604269,0.004394489985633854
800,2024-04-30,2024-05-01,AAON,BUY,INCREASE,MONTHLY_REBALANCE,0.0,0.1,94.47,1761.886863710417,166445.4520147231,166.4454520147231,-2.4556356947869062e-11,1664454.520147231,2023-03-01,70.56189430861716,,
801,2024-04-30,2024-05-01,WING,BUY,BUY,MONTHLY_REBALANCE,0.0,0.1,383.98,433.47427474015075,166445.4520147231,166.4454520147231,-2.4556356947869062e-11,1664454.520147231,,,,
802,2024-04-30,2024-05-01,APPF,SELL,SELL,MONTHLY_REBALANCE,0.09713617042531039,0.0,230.11,703.3183195546145,161840.57851271235,161.84057851271237,-2.4556356947869062e-11,1664454.520147231,2024-04-01,241.18,-7947.57437598229,-0.04589932830251264
803,2024-05-31,2024-06-03,FRPT,BUY,BUY,MONTHLY_REBALANCE,0.0,0.1,131.57,1355.199092805014,178303.54464035569,178.30354464035568,-6.366462912410498e-11,1783035.4464035567,,,,
804,2024-05-31,2024-06-03,VITL,SELL,REDUCE,MONTHLY_REBALANCE,0.14704225431473808,0.1,43.11,1954.1969036346454,84245.42851568956,84.24542851568957,-6.366462912410498e-11,1783035.4464035567,2024-05-01,27.33,30752.981710839016,0.5773874862788146
805,2024-05-31,2024-06-03,WWD,SELL,SELL,MONTHLY_REBALANCE,0.10377946131152066,0.0,184.65,1003.5297963024423,185301.77688724597,185.30177688724598,-6.366462912410498e-11,1783035.4464035567,2024-05-01,165.86,18671.023095635635,0.11328831544676232
806,2024-05-31,2024-06-03,ACGL,BUY,BUY,MONTHLY_REBALANCE,0.0,0.1,101.7,1753.2305274371256,178303.54464035569,178.30354464035568,-6.366462912410498e-11,1783035.4464035567,,,,
807,2024-05-31,2024-06-03,BLBD,BUY,BUY,MONTHLY_REBALANCE,0.0,0.1,55.92,3188.546935628678,178303.54464035569,178.30354464035568,-6.366462912410498e-11,1783035.4464035567,,,,
808,2024-05-31,2024-06-03,AMZN,SELL,SELL,MONTHLY_REBALANCE,0.09287514235904541,0.0,178.34,929.8628604174478,165831.74252684764,165.83174252684765,-6.366462912410498e-11,1783035.4464035567,2024-03-01,178.22,-54.24819927674969,0.0006733251038042454
809,2024-05-31,2024-06-03,FTAI,SELL,REDUCE,MONTHLY_REBALANCE,0.10559709564938555,0.1,82.92,123.53690919860952,10243.680510748702,10.243680510748701,-6.366462912410498e-11,1783035.4464035567,2024-03-01,58.199999999999996,3043.5887148788793,0.42474226804123716
810,2024-05-31,2024-06-03,NVDA,BUY,INCREASE,MONTHLY_REBALANCE,0.0,0.1,114.973,1550.8297134140685,178303.54464035569,178.30354464035568,-6.366462912410498e-11,1783035.4464035567,2021-06-01,46.74769999999998,,
811,2024-05-31,2024-06-03,HOOD,BUY,BUY,MONTHLY_REBALANCE,0.0,0.1,21.28,8378.925969941527,178303.54464035569,178.30354464035568,-6.366462912410498e-11,1783035.4464035567,,,,
812,2024-05-31,2024-06-03,STEP,SELL,REDUCE,MONTHLY_REBALANCE,0.1177252479948217,0.1,44.82,711.711540450436,31898.911242988543,31.898911242988543,-6.366462912410498e-11,1783035.4464035567,2024-04-01,34.83,7078.099377856869,0.28682170542635665
813,2024-05-31,2024-06-03,FWRG,SELL,REDUCE,MONTHLY_REBALANCE,0.07126743809662935,0.0,19.09,6665.817061062195,127250.4476956773,127.25044769567731,-6.366462912410498e-11,1783035.4464035567,2024-05-01,24.97,-39322.254766741375,-0.23548257909491388
814,2024-05-31,2024-06-03,POWL,BUY,BUY,MONTHLY_REBALANCE,0.0,0.1,171.34,1040.6416752676298,178303.54464035569,178.30354464035568,-6.366462912410498e-11,1783035.4464035567,,,,
815,2024-05-31,2024-06-03,ITRI,SELL,SELL,MONTHLY_REBALANCE,0.10743488237317285,0.0,105.5,1818.281101318802,191828.65618913362,191.82865618913362,-6.366462912410498e-11,1783035.4464035567,2024-04-01,89.5,28900.6689649117,0.17877094972067042
816,2024-05-31,2024-06-03,WFRD,SELL,REDUCE,MONTHLY_REBALANCE,0.08984619069566996,0.0,114.55,1400.4665714322516,160423.44575756442,160.42344575756442,-6.366462912410498e-11,1783035.4464035567,2023-08-01,118.32999999999994,-5454.187085771397,-0.03194456181864236
817,2024-05-31,2024-06-03,AAON,SELL,REDUCE,MONTHLY_REBALANCE,0.07300022063905828,0.0,73.98,1761.886863710416,130344.39017729659,130.3443901772966,-6.366462912410498e-11,1783035.4464035567,2023-03-01,94.46999999999997,-36231.406227603664,-0.2168942521435373
818,2024-05-31,2024-06-03,WING,SELL,SELL,MONTHLY_REBALANCE,0.09143206656595815,0.0,376.62,433.4742747401507,163255.08135263555,163.25508135263556,-6.366462912410498e-11,1783035.4464035567,2024-05-01,383.98,-3353.6257434401505,-0.01916766498255118
819,2024-05-31,2024-06-03,APP,BUY,BUY,MONTHLY_REBALANCE,0.0,0.1,82.7,2156.028351153031,178303.54464035569,178.30354464035568,-6.366462912410498e-11,1783035.4464035567,,,,
820,2024-06-28,2024-07-01,FRPT,BUY,INCREASE,MONTHLY_REBALANCE,0.09578234842648559,0.1,129.0,58.498748948303046,7546.338614331093,7.546338614331093,-2.2873791749589145e-10,1823670.2158617792,2024-06-03,131.57,,
821,2024-06-28,2024-07-01,VITL,SELL,REDUCE,MONTHLY_REBALANCE,0.103061172398508,0.1,45.48,126.1845909225518,5738.875195157656,5.738875195157656,-2.2873791749589145e-10,1823670.2158617792,2024-05-01,27.33,2284.5114500491577,0.66410537870472
822,2024-06-28,2024-07-01,ACGL,SELL,SELL,MONTHLY_REBALANCE,0.0966819656975508,0.0,100.65,1753.230527437126,176462.65258654676,176.46265258654677,-2.2873791749589145e-10,1823670.2158617792,2024-06-03,101.7,-2017.354706395524,-0.010324483775811188
823,2024-06-28,2024-07-01,BLBD,BUY,INCREASE,MONTHLY_REBALANCE,0.0889033105865572,0.1,50.89,395.00624940134577,20101.868032034487,20.10186803203449,-2.2873791749589145e-10,1823670.2158617792,2024-06-03,55.92,,
824,2024-06-28,2024-07-01,FTAI,SELL,REDUCE,MONTHLY_REBALANCE,0.12370368901001381,0.1,105.0,413.4792866689039,43415.32510023491,43.41532510023492,-2.2873791749589145e-10,1823670.2158617792,2024-03-01,58.199999999999996,19307.41529100447,0.8041237113402062
825,2024-06-28,2024-07-01,NVDA,SELL,REDUCE,MONTHLY_REBALANCE,0.10559856740411029,0.0,124.28,1550.829713414068,192737.11678310038,192.7371167831004,-2.2873791749589145e-10,1823670.2158617792,2021-06-01,114.97299999999984,14240.835025961876,0.08094944030337703
826,2024-06-28,2024-07-01,HOOD,SELL,REDUCE,MONTHLY_REBALANCE,0.10462256107002713,0.0,22.79,8378.925969941523,190955.72285496732,190.95572285496732,-2.2873791749589145e-10,1823670.2158617792,2024-06-03,21.28,12461.222491756716,0.07095864661654128
827,2024-06-28,2024-07-01,STEP,BUY,INCREASE,MONTHLY_REBALANCE,0.0996740246475094,0.1,45.73,9.693906509742261,443.30234469051356,0.44330234469051355,-2.2873791749589145e-10,1823670.2158617792,2024-04-01,34.83,,
828,2024-06-28,2024-07-01,POWL,SELL,SELL,MONTHLY_REBALANCE,0.0817775097084296,0.0,143.43,1040.6416752676298,149259.23548363615,149.25923548363616,-2.2873791749589145e-10,1823670.2158617792,2024-06-03,171.34,-29193.568392203182,-0.1628924944554686
829,2024-06-28,2024-07-01,VERX,BUY,BUY,MONTHLY_REBALANCE,0.0,0.1,35.75,5101.175428983998,182367.02158617793,182.36702158617794,-2.2873791749589145e-10,1823670.2158617792,,,,
830,2024-06-28,2024-07-01,AGYS,BUY,BUY,MONTHLY_REBALANCE,0.0,0.1,103.43,1763.1927060444543,182367.02158617793,182.36702158617794,-2.2873791749589145e-10,1823670.2158617792,,,,
831,2024-06-28,2024-07-01,CRWD,BUY,BUY,MONTHLY_REBALANCE,0.0,0.1,98.0375,1860.176173262047,182367.02158617793,182.36702158617794,-2.2873791749589145e-10,1823670.2158617792,,,,
832,2024-06-28,2024-07-01,APPF,BUY,BUY,MONTHLY_REBALANCE,0.0,0.1,243.36,749.3713904757475,182367.02158617793,182.36702158617794,-2.2873791749589145e-10,1823670.2158617792,,,,
833,2024-06-28,2024-07-01,APP,SELL,REDUCE,MONTHLY_REBALANCE,0.10019485105080803,0.1,84.82,5.980937970080584,507.30315862223506,0.5073031586222351,-2.2873791749589145e-10,1823670.2158617792,2024-06-03,82.7,12.172285337948544,0.02563482466747269
834,2024-07-31,2024-08-01,NBIX,BUY,BUY,MONTHLY_REBALANCE,0.0,0.1,153.15,1107.0921601315952,169551.1643241538,169.5511643241538,-3.23325366480276e-10,1695511.6432415377,,,,
835,2024-07-31,2024-08-01,FRPT,SELL,SELL,MONTHLY_REBALANCE,0.1029203442321986,0.0,123.61,1413.697841753319,174747.19021912775,174.74719021912776,-3.23325366480276e-10,1695511.6432415377,2024-06-03,131.46365352315266,-11277.440225778391,-0.059740113047820564
836,2024-07-31,2024-08-01,VITL,SELL,SELL,MONTHLY_REBALANCE,0.08622410813547732,0.0,36.51,4009.8289706723413,146398.85571924716,146.39885571924717,-3.23325366480276e-10,1695511.6432415377,2024-05-01,27.33,36663.83109505284,0.33589462129528
837,2024-07-31,2024-08-01,BLBD,SELL,REDUCE,MONTHLY_REBALANCE,0.10495988406733454,0.0,49.73,3583.5531850300226,178210.099891543,178.21009989154302,-3.23325366480276e-10,1695511.6432415377,2024-06-03,55.36555547751076,-20373.52288073863,-0.10178811408836852
838,2024-07-31,2024-08-01,FTAI,SELL,REDUCE,MONTHLY_REBALANCE,0.11141807931215816,0.1,108.92,180.1710068665817,19624.22606790808,19.62422606790808,-3.23325366480276e-10,1695511.6432415377,2024-03-01,58.199999999999996,9118.649242205118,0.8714776632302408
839,2024-07-31,2024-08-01,NVDA,BUY,INCREASE,MONTHLY_REBALANCE,0.0,0.1,109.193,1552.7658762388962,169551.1643241538,169.5511643241538,-3.23325366480276e-10,1695511.6432415377,2021-06-01,114.97299999999984,,
840,2024-07-31,2024-08-01,CVLT,BUY,BUY,MONTHLY_REBALANCE,0.0,0.1,147.25,1151.4510310638627,169551.1643241538,169.5511643241538,-3.23325366480276e-10,1695511.6432415377,,,,
841,2024-07-31,2024-08-01,STEP,SELL,REDUCE,MONTHLY_REBALANCE,0.11508857496307581,0.1,49.0,527.6799105571592,25856.315617300803,25.856315617300805,-3.23325366480276e-10,1695511.6432415377,2024-04-01,34.85649599425982,7437.386613096503,0.40576379243826866
842,2024-07-31,2024-08-01,POWL,BUY,BUY,MONTHLY_REBALANCE,0.0,0.1,161.11,1052.3937950726447,169551.1643241538,169.5511643241538,-3.23325366480276e-10,1695511.6432415377,,,,
843,2024-07-31,2024-08-01,ERIE,BUY,BUY,MONTHLY_REBALANCE,0.0,0.1,439.72,385.58893005583957,169551.1643241538,169.5511643241538,-3.23325366480276e-10,1695511.6432415377,,,,
844,2024-07-31,2024-08-01,ROAD,BUY,BUY,MONTHLY_REBALANCE,0.0,0.1,59.13,2867.4304807061353,169551.1643241538,169.5511643241538,-3.23325366480276e-10,1695511.6432415377,,,,
845,2024-07-31,2024-08-01,VERX,SELL,REDUCE,MONTHLY_REBALANCE,0.11443852736081679,0.0,38.09,5101.1754289839955,194303.77209000042,194.30377209000042,-3.23325366480276e-10,1695511.6432415377,2024-07-01,35.75,11742.446731732565,0.06545454545454565
846,2024-07-31,2024-08-01,COOP,BUY,INCREASE,MONTHLY_REBALANCE,0.0,0.1,87.08,1947.073545293452,169551.1643241538,169.5511643241538,-3.23325366480276e-10,1695511.6432415377,2021-05-03,37.02,,
847,2024-07-31,2024-08-01,AGYS,SELL,REDUCE,MONTHLY_REBALANCE,0.11325471789767753,0.1,109.06,208.53321288331608,22742.632197054452,22.74263219705445,-3.23325366480276e-10,1695511.6432415377,2024-07-01,103.43,1151.2993563360142,0.05443294982113511
848,2024-07-31,2024-08-01,CRWD,SELL,SELL,MONTHLY_REBALANCE,0.061412879782207455,0.0,56.055,1860.1761732620473,104272.17539220407,104.27217539220406,-3.23325366480276e-10,1695511.6432415377,2024-07-01,98.0375,-78199.1183693661,-0.4282289940073951
849,2024-07-31,2024-08-01,APPF,SELL,SELL,MONTHLY_REBALANCE,0.09519587886728868,0.0,215.69,749.3713904757474,161631.91521171396,161.63191521171396,-3.23325366480276e-10,1695511.6432415377,2024-07-01,243.36,-20896.738289675657,-0.11369986850756086
850,2024-07-31,2024-08-01,APP,SELL,SELL,MONTHLY_REBALANCE,0.0950870053817652,0.0,75.09,2150.047413182952,161447.06025590785,161.44706025590787,-3.23325366480276e-10,1695511.6432415377,2024-06-03,82.7,-16523.30787457817,-0.09201934703748482
851,2024-08-30,2024-09-03,NBIX,SELL,SELL,MONTHLY_REBALANCE,0.08068392731527496,0.0,125.1,1107.092160131595,138497.22923246253,138.49722923246253,-9.5042196335271e-11,1714127.6551283225,2024-08-01,153.15,-31192.432320923715,-0.1831537708129286
852,2024-08-30,2024-09-03,PEGA,BUY,BUY,MONTHLY_REBALANCE,0.0,0.1,33.905,5055.678086206526,171412.76551283227,171.41276551283227,-9.5042196335271e-11,1714127.6551283225,,,,
853,2024-08-30,2024-09-03,ACIW,BUY,BUY,MONTHLY_REBALANCE,0.0,0.1,48.95,3501.7929624684834,171412.76551283227,171.41276551283227,-9.5042196335271e-11,1714127.6551283225,,,,
854,2024-08-30,2024-09-03,ACGL,BUY,BUY,MONTHLY_REBALANCE,0.0,0.1,113.25,1513.5785034245675,171412.76551283227,171.41276551283227,-9.5042196335271e-11,1714127.6551283225,,,,
855,2024-08-30,2024-09-03,FTAI,SELL,SELL,MONTHLY_REBALANCE,0.10694571461601723,0.0,117.93,1556.6577701446374,183576.6508331571,183.5766508331571,-9.5042196335271e-11,1714127.6551283225,2024-03-01,58.199999999999996,92795.59195990606,1.0262886597938148
856,2024-08-30,2024-09-03,NVDA,SELL,REDUCE,MONTHLY_REBALANCE,0.09768127814084891,0.0,107.984,1552.7658762388962,167673.87037978097,167.67387037978096,-9.5042196335271e-11,1714127.6551283225,2021-06-01,109.19300000000001,-2044.9678147526336,-0.011072138323885428
857,2024-08-30,2024-09-03,CVLT,SELL,REDUCE,MONTHLY_REBALANCE,0.10003602705246077,0.1,149.13,2.0326342769504304,303.12674972161767,0.3031267497216177,-9.5042196335271e-11,1714127.6551283225,2024-08-01,147.25,3.518225690945182,0.012767402376909986
858,2024-08-30,2024-09-03,STEP,SELL,REDUCE,MONTHLY_REBALANCE,0.10843068095102784,0.1,53.79,273.52463619573297,14712.890180968476,14.712890180968476,-9.5042196335271e-11,1714127.6551283225,2024-04-01,34.85649599425982,5164.066904899568,0.5431843754133565
859,2024-08-30,2024-09-03,POWL,SELL,SELL,MONTHLY_REBALANCE,0.09356366291499144,0.0,152.61,1052.3937950726447,160605.81706603634,160.60581706603634,-9.5042196335271e-11,1714127.6551283225,2024-08-01,161.11,-9105.953075183515,-0.052758984544720944
860,2024-08-30,2024-09-03,ERIE,SELL,SELL,MONTHLY_REBALANCE,0.11065343727022393,0.0,492.6,385.58893005583946,189941.10694550653,189.94110694550653,-9.5042196335271e-11,1714127.6551283225,2024-08-01,439.7200000000001,20200.00151440726,0.12025834622032194
861,2024-08-30,2024-09-03,ROAD,SELL,SELL,MONTHLY_REBALANCE,0.10131404314795812,0.0,60.65,2867.4304807061367,173909.6586548272,173.90965865482718,-9.5042196335271e-11,1714127.6551283225,2024-08-01,59.13,4184.584672018489,0.025706071368171823
862,2024-08-30,2024-09-03,COOP,SELL,REDUCE,MONTHLY_REBALANCE,0.10393599718328027,0.0,91.63,1947.0735452934523,178410.34895523902,178.41034895523902,-9.5042196335271e-11,1714127.6551283225,2021-05-03,87.07999999999986,8680.77428213024,0.05225080385852254
863,2024-08-30,2024-09-03,AGYS,BUY,INCREASE,MONTHLY_REBALANCE,0.09675523140791671,0.1,106.83,49.87823512522586,5328.4918584278785,5.328491858427879,-9.5042196335271e-11,1714127.6551283225,2024-07-01,103.43,,
864,2024-08-30,2024-09-03,TGTX,BUY,BUY,MONTHLY_REBALANCE,0.0,0.1,22.61,7581.281093004523,171412.76551283227,171.41276551283227,-9.5042196335271e-11,1714127.6551283225,,,,
865,2024-08-30,2024-09-03,ADMA,BUY,BUY,MONTHLY_REBALANCE,0.0,0.1,16.57,10344.765571082213,171412.76551283227,171.41276551283227,-9.5042196335271e-11,1714127.6551283225,,,,
866,2024-08-30,2024-09-03,APP,BUY,BUY,MONTHLY_REBALANCE,0.0,0.1,88.13,1944.9990413347587,171412.76551283227,171.41276551283227,-9.5042196335271e-11,1714127.6551283225,,,,
867,2024-08-30,2024-09-03,PLMR,BUY,BUY,MONTHLY_REBALANCE,0.0,0.1,98.1,1747.3268655742331,171412.76551283227,171.41276551283227,-9.5042196335271e-11,1714127.6551283225,,,,
868,2024-09-30,2024-10-01,PEGA,SELL,SELL,MONTHLY_REBALANCE,0.09616561914979145,0.0,35.195,5055.678086206528,177934.59024403876,177.93459024403876,-1.9554136088117957e-11,1848401.2802048563,2024-09-03,33.905,6343.890140962378,0.03804748562158977
869,2024-09-30,2024-10-01,ACIW,BUY,INCREASE,MONTHLY_REBALANCE,0.09549863439061015,0.1,50.46,161.3090593405853,8139.655134325934,8.139655134325935,-1.9554136088117957e-11,1848401.2802048563,2024-09-03,48.95,,
870,2024-09-30,2024-10-01,ACGL,SELL,SELL,MONTHLY_REBALANCE,0.0928535525255501,0.0,113.51,1513.5785034245678,171806.2959237227,171.8062959237227,-1.9554136088117957e-11,1848401.2802048563,2024-09-03,113.25,221.7241149666727,0.0022958057395143783
871,2024-09-30,2024-10-01,IDCC,BUY,BUY,MONTHLY_REBALANCE,0.0,0.1,142.66,1295.668919251967,184840.12802048563,184.84012802048562,-1.9554136088117957e-11,1848401.2802048563,,,,
872,2024-09-30,2024-10-01,CVLT,BUY,INCREASE,MONTHLY_REBALANCE,0.09305086489362394,0.1,149.79,84.57671650827189,12668.746365774045,12.668746365774044,-1.9554136088117957e-11,1848401.2802048563,2024-08-01,147.25,,
873,2024-09-30,2024-10-01,STEP,SELL,REDUCE,MONTHLY_REBALANCE,0.10002940250334769,0.1,58.08,4.194115892541784,243.59425103882677,0.2435942510388268,-1.9554136088117957e-11,1848401.2802048563,2024-04-01,34.85649599425982,97.15847297994384,0.6662604298941763
874,2024-09-30,2024-10-01,POWL,BUY,BUY,MONTHLY_REBALANCE,0.0,0.1,228.51,808.892950069956,184840.12802048563,184.84012802048562,-1.9554136088117957e-11,1848401.2802048563,,,,
875,2024-09-30,2024-10-01,AXON,BUY,BUY,MONTHLY_REBALANCE,0.0,0.1,399.22,463.00317624489156,184840.12802048563,184.84012802048562,-1.9554136088117957e-11,1848401.2802048563,,,,
876,2024-09-30,2024-10-01,AGYS,SELL,SELL,MONTHLY_REBALANCE,0.09236336940822208,0.0,106.51,1604.537728286364,170899.31343978064,170.89931343978066,-1.9554136088117957e-11,1848401.2802048563,2024-07-01,103.53569150007266,4601.490890256467,0.02872737368953837
877,2024-09-30,2024-10-01,META,BUY,BUY,MONTHLY_REBALANCE,0.0,0.1,576.47,320.64136558795013,184840.12802048563,184.84012802048562,-1.9554136088117957e-11,1848401.2802048563,,,,
878,2024-09-30,2024-10-01,SEZL,BUY,BUY,MONTHLY_REBALANCE,0.0,0.1,27.285,6774.422870459433,184840.12802048563,184.84012802048562,-1.9554136088117957e-11,1848401.2802048563,,,,
879,2024-09-30,2024-10-01,TGTX,SELL,REDUCE,MONTHLY_REBALANCE,0.09354228198546563,0.0,22.83,7581.281093004521,173080.6473532932,173.08064735329322,-1.9554136088117957e-11,1848401.2802048563,2024-09-03,22.61,1494.8011931076928,0.009730207872622687
880,2024-09-30,2024-10-01,ADMA,SELL,REDUCE,MONTHLY_REBALANCE,0.11053168028922164,0.1,19.77,995.2396216393373,19675.8873198097,19.6758873198097,-1.9554136088117957e-11,1848401.2802048563,2024-09-03,16.57,3165.090901926069,0.19312009656004814
881,2024-09-30,2024-10-01,APP,SELL,REDUCE,MONTHLY_REBALANCE,0.13733722098560278,0.1,130.65,530.2257690769271,69273.99672990054,69.27399672990053,-1.9554136088117957e-11,1848401.2802048563,2024-09-03,88.13,22475.925704421046,0.4824690797685238
882,2024-09-30,2024-10-01,PLMR,SELL,SELL,MONTHLY_REBALANCE,0.0886273738685644,0.0,93.85,1747.3268655742324,163986.6263341417,163.9866263341417,-1.9554136088117957e-11,1848401.2802048563,2024-09-03,98.1,-7590.12580502463,-0.04332313965341483
883,2024-10-31,2024-11-01,ACIW,SELL,SELL,MONTHLY_REBALANCE,0.08913763541403769,0.0,49.49,3663.102021809069,181286.91905933083,181.28691905933084,-2.8194335754960775e-11,2030909.698288391,2024-09-03,49.016494648020746,1553.211493113296,0.009660122686850903
884,2024-10-31,2024-11-01,SKYW,BUY,BUY,MONTHLY_REBALANCE,0.0,0.1,101.33,2004.253131637611,203090.96982883912,203.09096982883912,-2.8194335754960775e-11,2030909.698288391,,,,
885,2024-10-31,2024-11-01,SFM,BUY,BUY,MONTHLY_REBALANCE,0.0,0.1,130.21,1559.7186838863306,203090.96982883912,203.09096982883912,-2.8194335754960775e-11,2030909.698288391,,,,
886,2024-10-31,2024-11-01,IDCC,SELL,SELL,MONTHLY_REBALANCE,0.1055628702902553,0.0,165.7,1295.6689192519673,214692.33992005096,214.69233992005096,-2.8194335754960775e-11,2030909.698288391,2024-10-01,142.66,29637.519559645265,0.1615028739660731
887,2024-10-31,2024-11-01,NVDA,BUY,INCREASE,MONTHLY_REBALANCE,0.0,0.1,135.361,1500.3654658937148,203090.96982883912,203.09096982883912,-2.8194335754960775e-11,2030909.698288391,2021-06-01,109.19300000000001,,
888,2024-10-31,2024-11-01,CVLT,SELL,SELL,MONTHLY_REBALANCE,0.09446453681629362,0.0,155.69,1233.9951132951842,192120.69918892722,192.12069918892723,-2.8194335754960775e-11,2030909.698288391,2024-08-01,147.4240889065252,10007.973197091409,0.05606893116847278
889,2024-10-31,2024-11-01,STEP,BUY,INCREASE,MONTHLY_REBALANCE,0.09232435995102814,0.1,59.0,259.7107363456359,15322.933444392518,15.322933444392518,-2.8194335754960775e-11,2030909.698288391,2024-04-01,34.85649599425982,,
890,2024-10-31,2024-11-01,EXEL,BUY,BUY,MONTHLY_REBALANCE,0.0,0.1,34.12,5952.255856648275,203090.96982883912,203.09096982883912,-2.8194335754960775e-11,2030909.698288391,,,,
891,2024-10-31,2024-11-01,POWL,SELL,SELL,MONTHLY_REBALANCE,0.11109724071373274,0.0,279.33,808.8929500699561,225948.06774304083,225.94806774304084,-2.8194335754960775e-11,2030909.698288391,2024-10-01,228.51,40881.991654812125,0.22239726926611514
892,2024-10-31,2024-11-01,ITRI,BUY,BUY,MONTHLY_REBALANCE,0.0,0.1,111.81,1816.393612636071,203090.96982883912,203.09096982883912,-2.8194335754960775e-11,2030909.698288391,,,,
893,2024-10-31,2024-11-01,AXON,SELL,SELL,MONTHLY_REBALANCE,0.09694492175186442,0.0,425.84,463.00317624489156,197165.2725721246,197.16527257212462,-2.8194335754960775e-11,2030909.698288391,2024-10-01,399.22,12127.979279066863,0.06668002605079892
894,2024-10-31,2024-11-01,META,SELL,SELL,MONTHLY_REBALANCE,0.08941693604321337,0.0,567.16,320.6413655879502,181854.95690686183,181.85495690686184,-2.8194335754960775e-11,2030909.698288391,2024-10-01,576.47,-3167.026070530697,-0.016150016479608786
895,2024-10-31,2024-11-01,SEZL,SELL,REDUCE,MONTHLY_REBALANCE,0.11824840638298673,0.1,35.5,1053.5504809146703,37401.042072470795,37.401042072470794,-2.8194335754960775e-11,2030909.698288391,2024-10-01,27.285,8617.516158641545,0.3010811801356057
896,2024-10-31,2024-11-01,TGTX,BUY,INCREASE,MONTHLY_REBALANCE,0.0,0.1,26.9,7549.850179510749,203090.96982883912,203.09096982883912,-2.8194335754960775e-11,2030909.698288391,2024-09-03,22.61,,
897,2024-10-31,2024-11-01,DUOL,BUY,BUY,MONTHLY_REBALANCE,0.0,0.1,293.68,691.538306418003,203090.96982883912,203.09096982883912,-2.8194335754960775e-11,2030909.698288391,,,,
898,2024-10-31,2024-11-01,ADMA,SELL,REDUCE,MONTHLY_REBALANCE,0.08904588467268681,0.0,19.37,9349.52594944287,181100.3176407084,181.10031764070843,-2.8194335754960775e-11,2030909.698288391,2024-09-03,16.57,25997.572340799336,0.1689800844900422
899,2024-10-31,2024-11-01,APP,SELL,REDUCE,MONTHLY_REBALANCE,0.1137572079639012,0.1,163.53,172.85454279633143,28266.90338348408,28.26690338348408,-2.8194335754960775e-11,2030909.698288391,2024-09-03,88.13,13004.965623459906,0.8555542947917849
900,2024-11-29,2024-12-02,SKYW,SELL,SELL,MONTHLY_REBALANCE,0.08769748415180031,0.0,114.43,2004.2531316376114,229346.68585329188,229.3466858532919,2.1327650756575167e-10,2611444.1815471104,2024-11-01,101.33,26026.369338599434,0.12928056843975133
901,2024-11-29,2024-12-02,COIN,BUY,BUY,MONTHLY_REBALANCE,0.0,0.1,302.4,863.5728113581715,261144.41815471105,261.14441815471105,2.1327650756575167e-10,2611444.1815471104,,,,
902,2024-11-29,2024-12-02,SFM,SELL,SELL,MONTHLY_REBALANCE,0.0900093731008166,0.0,150.92,1559.7186838863306,235392.743772125,235.392743772125,2.1327650756575167e-10,2611444.1815471104,2024-11-01,130.21,32066.38119951375,0.1590507641502188
903,2024-11-29,2024-12-02,NVDA,SELL,REDUCE,MONTHLY_REBALANCE,0.07952755298702628,0.0,138.62,1500.3654658937157,207980.66088218687,207.98066088218687,2.1327650756575167e-10,2611444.1815471104,2021-06-01,135.3609999999999,4681.710392465582,0.024076358773945872
904,2024-11-29,2024-12-02,HOOD,BUY,INCREASE,MONTHLY_REBALANCE,0.0,0.1,37.62,6941.637909481953,261144.41815471105,261.14441815471105,2.1327650756575167e-10,2611444.1815471104,2024-06-03,21.28,,
905,2024-11-29,2024-12-02,STEP,SELL,SELL,MONTHLY_REBALANCE,0.0852919951473264,0.0,64.8,3442.2198276074446,223055.8448289624,223.05584482896242,2.1327650756575167e-10,2611444.1815471104,2024-04-01,36.67809005777809,96578.7401484782,0.7667223101836043
906,2024-11-29,2024-12-02,DAVE,BUY,BUY,MONTHLY_REBALANCE,0.0,0.1,93.01,2807.7025927826153,261144.41815471105,261.14441815471105,2.1327650756575167e-10,2611444.1815471104,,,,
907,2024-11-29,2024-12-02,EXEL,BUY,INCREASE,MONTHLY_REBALANCE,0.08100358589614153,0.1,35.59,1385.3226247990697,49303.6322165989,49.3036322165989,2.1327650756575167e-10,2611444.1815471104,2024-11-01,34.12,,
908,2024-11-29,2024-12-02,ITRI,SELL,SELL,MONTHLY_REBALANCE,0.08215158513719811,0.0,118.28,1816.3936126360709,214843.03650259448,214.8430365025945,2.1327650756575167e-10,2611444.1815471104,2024-11-01,111.81,11537.223637252782,0.05786602271710928
909,2024-11-29,2024-12-02,AXON,BUY,BUY,MONTHLY_REBALANCE,0.0,0.1,636.39,410.3527996271328,261144.41815471105,261.14441815471105,2.1327650756575167e-10,2611444.1815471104,,,,
910,2024-11-29,2024-12-02,IESC,BUY,BUY,MONTHLY_REBALANCE,0.0,0.1,297.31,878.3573312526019,261144.41815471105,261.14441815471105,2.1327650756575167e-10,2611444.1815471104,,,,
911,2024-11-29,2024-12-02,INOD,BUY,BUY,MONTHLY_REBALANCE,0.0,0.1,40.52,6444.827693847755,261144.41815471105,261.14441815471105,2.1327650756575167e-10,2611444.1815471104,,,,
912,2024-11-29,2024-12-02,SEZL,SELL,REDUCE,MONTHLY_REBALANCE,0.13964563158175033,0.1,63.8367,1630.0528742078047,104057.19631494136,104.05719631494136,2.1327650756575167e-10,2611444.1815471104,2024-10-01,27.285,59477.14644586647,1.339626168224299
913,2024-11-29,2024-12-02,TGTX,SELL,REDUCE,MONTHLY_REBALANCE,0.1013016146183058,0.0,35.09,7549.850179510747,264924.24279903213,264.92424279903213,2.1327650756575167e-10,2611444.1815471104,2024-09-03,26.899999999999995,61568.34872739405,0.30446096654275134
914,2024-11-29,2024-12-02,DUOL,SELL,SELL,MONTHLY_REBALANCE,0.09163032216916205,0.0,346.52,691.5383064180031,239631.85393996642,239.63185393996642,2.1327650756575167e-10,2611444.1815471104,2024-11-01,293.68,36301.252257187305,0.17992372650503952
915,2024-11-29,2024-12-02,ADMA,BUY,INCREASE,MONTHLY_REBALANCE,0.0,0.1,19.69,13262.794218116354,261144.41815471105,261.14441815471105,2.1327650756575167e-10,2611444.1815471104,2024-09-03,16.57,,
916,2024-11-29,2024-12-02,APP,SELL,REDUCE,MONTHLY_REBALANCE,0.16174085521047268,0.1,340.59,475.17743302087956,161840.68191258135,161.84068191258135,2.1327650756575167e-10,2611444.1815471104,2024-09-03,88.13,119801.45405853866,2.8646317939407693
917,2024-12-31,2025-01-02,FRPT,BUY,BUY,MONTHLY_REBALANCE,0.0,0.1,144.32,1630.031526870674,235246.14995797566,235.24614995797566,-1.4551915228366852e-11,2352461.4995797565,,,,
918,2024-12-31,2025-01-02,ROIV,BUY,BUY,MONTHLY_REBALANCE,0.0,0.1,12.08,19474.019036256264,235246.14995797566,235.24614995797566,-1.4551915228366852e-11,2352461.4995797565,,,,
919,2024-12-31,2025-01-02,SKYW,BUY,BUY,MONTHLY_REBALANCE,0.0,0.1,101.08,2327.326374732644,235246.14995797566,235.24614995797566,-1.4551915228366852e-11,2352461.4995797565,,,,
920,2024-12-31,2025-01-02,COIN,SELL,SELL,MONTHLY_REBALANCE,0.0942314114465834,0.0,257.21,863.5728113581712,222119.56280943519,222.1195628094352,-1.4551915228366852e-11,2352461.4995797565,2024-12-02,302.4,-39246.97490808519,-0.14943783068783068
921,2024-12-31,2025-01-02,VCEL,BUY,BUY,MONTHLY_REBALANCE,0.0,0.1,55.11,4268.665395717214,235246.14995797566,235.24614995797566,-1.4551915228366852e-11,2352461.4995797565,,,,
922,2024-12-31,2025-01-02,HOOD,SELL,REDUCE,MONTHLY_REBALANCE,0.11614693367345959,0.0,39.44,6941.637909481955,273778.1991499683,273.77819914996826,-1.4551915228366852e-11,2352461.4995797565,2024-06-03,37.61999999999999,12360.002796107241,0.048378522062732854
923,2024-12-31,2025-01-02,DAVE,SELL,SELL,MONTHLY_REBALANCE,0.10280662590488529,0.0,86.31,2807.7025927826153,242332.8107830675,242.33281078306752,-1.4551915228366852e-11,2352461.4995797565,2024-12-02,93.01,-19053.9401824266,-0.07203526502526614
924,2024-12-31,2025-01-02,HQY,BUY,BUY,MONTHLY_REBALANCE,0.0,0.1,96.81,2429.9777911163687,235246.14995797566,235.24614995797566,-1.4551915228366852e-11,2352461.4995797565,,,,
925,2024-12-31,2025-01-02,EXEL,SELL,SELL,MONTHLY_REBALANCE,0.10565096876384648,0.0,33.94,7337.578481447345,249037.4136603229,249.0374136603229,-1.4551915228366852e-11,2352461.4995797565,2024-11-01,34.39753355737231,-3606.225798775477,-0.013301347801847108
926,2024-12-31,2025-01-02,EBC,BUY,BUY,MONTHLY_REBALANCE,0.0,0.1,16.95,13878.828906075261,235246.14995797566,235.24614995797566,-1.4551915228366852e-11,2352461.4995797565,,,,
927,2024-12-31,2025-01-02,AXON,SELL,SELL,MONTHLY_REBALANCE,0.10384114165692282,0.0,596.49,410.35279962713287,244771.34144958848,244.77134144958848,-1.4551915228366852e-11,2352461.4995797565,2024-12-02,636.39,-16617.84804657218,-0.06269740253618061
928,2024-12-31,2025-01-02,IESC,SELL,SELL,MONTHLY_REBALANCE,0.07813719855696433,0.0,209.69,878.3573312526021,184182.74879035814,184.18274879035815,-1.4551915228366852e-11,2352461.4995797565,2024-12-02,297.31,-77145.85211314337,-0.2947092260603411
929,2024-12-31,2025-01-02,VERX,BUY,INCREASE,MONTHLY_REBALANCE,0.0,0.1,53.2,4421.9201119920235,235246.14995797566,235.24614995797566,-1.4551915228366852e-11,2352461.4995797565,2024-07-01,35.75,,
930,2024-12-31,2025-01-02,AGYS,BUY,BUY,MONTHLY_REBALANCE,0.0,0.1,129.61,1815.0308614919809,235246.14995797566,235.24614995797566,-1.4551915228366852e-11,2352461.4995797565,,,,
931,2024-12-31,2025-01-02,INOD,SELL,SELL,MONTHLY_REBALANCE,0.1079983928312166,0.0,39.5,6444.827693847755,254570.69390698633,254.57069390698632,-1.4551915228366852e-11,2352461.4995797565,2024-12-02,40.52,-6828.294941631716,-0.025172754195459057
932,2024-12-31,2025-01-02,SEZL,SELL,SELL,MONTHLY_REBALANCE,0.07890352411124946,0.0,45.465,4090.819515336963,185989.10926479503,185.98910926479502,-1.4551915228366852e-11,2352461.4995797565,2024-10-01,27.285,74185.10967956121,0.6663001649257836
933,2024-12-31,2025-01-02,PLTR,BUY,BUY,MONTHLY_REBALANCE,0.0,0.1,75.19,3128.689319829441,235246.14995797566,235.24614995797566,-1.4551915228366852e-11,2352461.4995797565,,,,
934,2024-12-31,2025-01-02,ADMA,SELL,REDUCE,MONTHLY_REBALANCE,0.10110950742721103,0.0,17.97,13262.794218116358,238332.41209955094,238.33241209955094,-1.4551915228366852e-11,2352461.4995797565,2024-09-03,19.69,-23050.338467259717,-0.08735398679532769
935,2024-12-31,2025-01-02,APP,SELL,SELL,MONTHLY_REBALANCE,0.11117429562766111,0.0,341.78,766.7412964406205,262056.84029747528,262.0568402974753,-1.4551915228366852e-11,2352461.4995797565,2024-09-03,88.13,194221.8730018659,2.8781345739248834
936,2024-12-31,2025-01-02,PLMR,BUY,BUY,MONTHLY_REBALANCE,0.0,0.1,104.38,2253.7473649930607,235246.14995797566,235.24614995797566,-1.4551915228366852e-11,2352461.4995797565,,,,
937,2025-01-31,2025-02-03,FRPT,SELL,SELL,MONTHLY_REBALANCE,0.10696687433459717,0.0,159.2,1630.0315268706738,259501.01907781124,259.50101907781124,-1.3778844731859863e-10,2423083.6110247737,2025-01-02,144.32,23995.368100757805,0.10310421286031035
938,2025-01-31,2025-02-03,CORT,BUY,BUY,MONTHLY_REBALANCE,0.0,0.1,33.275,7281.9943231398165,242308.36110247739,242.3083611024774,-1.3778844731859863e-10,2423083.6110247737,,,,
939,2025-01-31,2025-02-03,ROIV,SELL,REDUCE,MONTHLY_REBALANCE,0.08589138498393714,0.0,10.7,19474.019036256257,208372.00368794193,208.37200368794194,-1.3778844731859863e-10,2423083.6110247737,2025-01-02,12.08,-27082.51827372159,-0.11423841059602657
940,2025-01-31,2025-02-03,SKYW,SELL,REDUCE,MONTHLY_REBALANCE,0.1133830830010823,0.1,118.19,277.1667918366517,32758.343127173866,32.758343127173866,-1.3778844731859863e-10,2423083.6110247737,2025-01-02,101.08,4709.565465197937,0.16927186387020177
941,2025-01-31,2025-02-03,VCEL,SELL,REDUCE,MONTHLY_REBALANCE,0.10391919980190518,0.0,59.06,4268.665395717212,252107.37827105858,252.1073782710586,-1.3778844731859863e-10,2423083.6110247737,2025-01-02,55.11,16609.12093481194,0.07167483215387405
942,2025-01-31,2025-02-03,HOOD,BUY,INCREASE,MONTHLY_REBALANCE,0.0,0.1,51.9,4668.754549180682,242308.36110247739,242.3083611024774,-1.3778844731859863e-10,2423083.6110247737,2024-06-03,37.61999999999999,,
943,2025-01-31,2025-02-03,CVLT,BUY,BUY,MONTHLY_REBALANCE,0.0,0.1,159.31,1520.9865112201205,242308.36110247739,242.3083611024774,-1.3778844731859863e-10,2423083.6110247737,,,,
944,2025-01-31,2025-02-03,DAVE,BUY,BUY,MONTHLY_REBALANCE,0.0,0.1,91.08,2660.3904381036164,242308.36110247739,242.3083611024774,-1.3778844731859863e-10,2423083.6110247737,,,,
945,2025-01-31,2025-02-03,HQY,SELL,REDUCE,MONTHLY_REBALANCE,0.11049113295929258,0.1,110.31,233.36496270119807,25742.48903556916,25.74248903556916,-1.3778844731859863e-10,2423083.6110247737,2025-01-02,96.81,3124.6845074306048,0.13944840409048642
946,2025-01-31,2025-02-03,EBC,SELL,REDUCE,MONTHLY_REBALANCE,0.10337635434648207,0.1,18.07,469.4010642115433,8482.077230302588,8.482077230302588,-1.3778844731859863e-10,2423083.6110247737,2025-01-02,16.95,517.2471146866263,0.06607669616519174
947,2025-01-31,2025-02-03,VERX,SELL,REDUCE,MONTHLY_REBALANCE,0.10482490986077718,0.0,57.51,4421.920111992022,254304.62564066116,254.30462564066116,-1.3778844731859863e-10,2423083.6110247737,2024-07-01,53.19999999999999,18804.171057044994,0.0810150375939851
948,2025-01-31,2025-02-03,AGYS,SELL,SELL,MONTHLY_REBALANCE,0.06372075294878866,0.0,85.17,1815.0308614919816,154586.17847327207,154.58617847327207,-1.3778844731859863e-10,2423083.6110247737,2025-01-02,129.61,-80814.55766317695,-0.342874778180696
949,2025-01-31,2025-02-03,META,BUY,BUY,MONTHLY_REBALANCE,0.0,0.1,697.46,347.4154232536309,242308.36110247739,242.3083611024774,-1.3778844731859863e-10,2423083.6110247737,,,,
950,2025-01-31,2025-02-03,PLTR,SELL,REDUCE,MONTHLY_REBALANCE,0.10799549367017038,0.1,83.74,235.10965536231183,19688.08254003999,19.688082540039993,-1.3778844731859863e-10,2423083.6110247737,2025-01-02,75.19,1990.4994708077256,0.1137119297778959
951,2025-01-31,2025-02-03,DUOL,BUY,BUY,MONTHLY_REBALANCE,0.0,0.1,364.44,664.878611300838,242308.36110247739,242.3083611024774,-1.3778844731859863e-10,2423083.6110247737,,,,
952,2025-01-31,2025-02-03,PLMR,SELL,SELL,MONTHLY_REBALANCE,0.09943081409296732,0.0,107.03,2253.7473649930607,241218.5804752073,241.21858047520732,-1.3778844731859863e-10,2423083.6110247737,2025-01-02,104.38,5731.211936756416,0.0253880053650124
953,2025-02-28,2025-03-03,PODD,BUY,BUY,MONTHLY_REBALANCE,0.0,0.1,272.64,830.5389522178187,226438.1399326661,226.4381399326661,1.7780621419660747e-10,2264381.3993266607,,,,
954,2025-02-28,2025-03-03,CORT,SELL,SELL,MONTHLY_REBALANCE,0.09484829702613176,0.0,29.535,7281.994323139816,215073.70233393446,215.07370233393448,1.7780621419660747e-10,2264381.3993266607,2025-02-03,33.275,-27449.732470876836,-0.11239669421487597
955,2025-02-28,2025-03-03,SKYW,SELL,SELL,MONTHLY_REBALANCE,0.08720314054403608,0.0,96.45,2050.159582895993,197737.89177031853,197.73789177031853,1.7780621419660747e-10,2264381.3993266607,2025-01-02,101.08,-9689.976760578758,-0.04580530273051042
956,2025-02-28,2025-03-03,IDCC,BUY,BUY,MONTHLY_REBALANCE,0.0,0.1,208.33,1086.9204624041956,226438.1399326661,226.4381399326661,1.7780621419660747e-10,2264381.3993266607,,,,
957,2025-02-28,2025-03-03,ROOT,BUY,BUY,MONTHLY_REBALANCE,0.0,0.1,127.58,1774.87176620682,226438.1399326661,226.4381399326661,1.7780621419660747e-10,2264381.3993266607,,,,
958,2025-02-28,2025-03-03,HOOD,SELL,SELL,MONTHLY_REBALANCE,0.09654360275170948,0.0,46.89,4668.754549180683,218917.90081108225,218.91790081108226,1.7780621419660747e-10,2264381.3993266607,2024-06-03,51.89999999999999,-23609.37819220626,-0.09653179190751426
959,2025-02-28,2025-03-03,CVLT,SELL,REDUCE,MONTHLY_REBALANCE,0.1101456094008527,0.1,164.21,142.03188036532453,23323.05507478994,23.32305507478994,1.7780621419660747e-10,2264381.3993266607,2025-02-03,159.31,672.633158715301,0.030757642332559287
960,2025-02-28,2025-03-03,DAVE,SELL,REDUCE,MONTHLY_REBALANCE,0.11149318805756432,0.1,95.03,277.58353572893407,26378.763400320604,26.378763400320604,1.7780621419660747e-10,2264381.3993266607,2025-02-03,91.08,1070.0762027289697,0.04336846728151089
961,2025-02-28,2025-03-03,HQY,SELL,REDUCE,MONTHLY_REBALANCE,0.1015406402346203,0.1,104.82,36.35581703694076,3810.81674181213,3.8108167418121304,1.7780621419660747e-10,2264381.3993266607,2025-01-02,96.81,287.39927772408305,0.08273938642702183
962,2025-02-28,2025-03-03,EXEL,BUY,BUY,MONTHLY_REBALANCE,0.0,0.1,38.55,5873.8817103155925,226438.1399326661,226.4381399326661,1.7780621419660747e-10,2264381.3993266607,,,,
963,2025-02-28,2025-03-03,EBC,SELL,SELL,MONTHLY_REBALANCE,0.10484825567602882,0.0,17.73,13409.42784186372,237749.15563624375,237.74915563624376,1.7780621419660747e-10,2264381.3993266607,2025-01-02,16.95,10221.604561017473,0.046017699115044275
964,2025-02-28,2025-03-03,META,SELL,SELL,MONTHLY_REBALANCE,0.10036118305794829,0.0,655.05,347.4154232536307,227574.47300229076,227.57447300229077,1.7780621419660747e-10,2264381.3993266607,2025-02-03,697.46,-14961.462573188797,-0.06080635448627891
965,2025-02-28,2025-03-03,DASH,BUY,BUY,MONTHLY_REBALANCE,0.0,0.1,198.1,1143.0496715429888,226438.1399326661,226.4381399326661,1.7780621419660747e-10,2264381.3993266607,,,,
966,2025-02-28,2025-03-03,CPRX,BUY,BUY,MONTHLY_REBALANCE,0.0,0.1,22.32,10145.077953972495,226438.1399326661,226.4381399326661,1.7780621419660747e-10,2264381.3993266607,,,,
967,2025-02-28,2025-03-03,PLTR,SELL,SELL,MONTHLY_REBALANCE,0.10645053674251877,0.0,83.42,2893.5796644671286,241382.41560984787,241.38241560984787,1.7780621419660747e-10,2264381.3993266607,2025-01-02,75.19,23572.778222954632,0.1094560446867936
968,2025-02-28,2025-03-03,DUOL,SELL,SELL,MONTHLY_REBALANCE,0.08656554650858964,0.0,295.23,664.8786113008377,196292.11241434634,196.29211241434635,1.7780621419660747e-10,2264381.3993266607,2025-02-03,364.44,-46212.540800545314,-0.1899078037537043
969,2025-02-28,2025-03-03,PLMR,BUY,BUY,MONTHLY_REBALANCE,0.0,0.1,128.2,1766.2881430005157,226438.1399326661,226.4381399326661,1.7780621419660747e-10,2264381.3993266607,,,,
970,2025-03-31,2025-04-01,PODD,SELL,SELL,MARKET_REGIME_TO_CASH,0.0996556272118633,0.0,263.18,830.5389522178187,218581.24144468555,218.58124144468556,2191172.4035313316,2191172.4035313316,2025-03-03,272.64,-8075.479729425234,-0.034697769953051516
971,2025-03-31,2025-04-01,IDCC,SELL,SELL,MARKET_REGIME_TO_CASH,0.10155287981516853,0.0,204.93,1086.9204624041954,222742.61036049176,222.74261036049177,2191172.4035313316,2191172.4035313316,2025-03-03,208.33,-3918.272182534762,-0.01632026112417806
972,2025-03-31,2025-04-01,ROOT,SELL,SELL,MARKET_REGIME_TO_CASH,0.10406313088718239,0.0,128.6,1774.871766206821,228248.50913419717,228.24850913419718,2191172.4035313316,2191172.4035313316,2025-03-03,127.58,1582.1206923967532,0.007994983539739708
973,2025-03-31,2025-04-01,CVLT,SELL,SELL,MARKET_REGIME_TO_CASH,0.10243930615508938,0.0,162.94,1378.9546308547967,224686.8675514806,224.6868675514806,2191172.4035313316,2191172.4035313316,2025-02-03,159.31,4780.918442451425,0.022785763605548848
974,2025-03-31,2025-04-01,DAVE,SELL,SELL,MARKET_REGIME_TO_CASH,0.09183086117093708,0.0,84.53,2382.806902374683,201418.66745773196,201.41866745773197,2191172.4035313316,2191172.4035313316,2025-02-03,91.08,-15808.803878011899,-0.07191480017566976
975,2025-03-31,2025-04-01,HQY,SELL,SELL,MARKET_REGIME_TO_CASH,0.08573598415390425,0.0,87.05,2160.257011378231,188050.372840475,188.050372840475,2191172.4035313316,2191172.4035313316,2025-01-02,96.81,-21272.15880389202,-0.1008160314017148
976,2025-03-31,2025-04-01,EXEL,SELL,SELL,MARKET_REGIME_TO_CASH,0.09745321935362383,0.0,36.39,5873.881710315592,213750.55543838438,213.7505554383844,2191172.4035313316,2191172.4035313316,2025-03-03,38.55,-12901.335049720043,-0.05603112840466917
977,2025-03-31,2025-04-01,DASH,SELL,SELL,MARKET_REGIME_TO_CASH,0.09506627850281366,0.0,182.42,1143.049671542989,208515.12108287204,208.51512108287204,2191172.4035313316,2191172.4035313316,2025-03-03,198.1,-18131.53397087695,-0.07915194346289756
978,2025-03-31,2025-04-01,CPRX,SELL,SELL,MARKET_REGIME_TO_CASH,0.11063830212705425,0.0,23.92,10145.077953972495,242670.26465902213,242.67026465902214,2191172.4035313316,2191172.4035313316,2025-03-03,22.32,15989.454461696985,0.07168458781362008
979,2025-03-31,2025-04-01,PLMR,SELL,SELL,MARKET_REGIME_TO_CASH,0.11156441062236325,0.0,138.54,1766.2881430005154,244701.55933129138,244.70155933129138,2191172.4035313316,2191172.4035313316,2025-03-03,128.2,18018.717839294044,0.0806552262090483
980,2025-05-30,2025-06-02,NUTX,BUY,BUY,MONTHLY_REBALANCE,0.0,0.1,167.96,1303.2766254532153,218898.34201112203,218.89834201112203,1.864464138634503e-11,2188983.4201112203,,,,
981,2025-05-30,2025-06-02,HOOD,BUY,BUY,MONTHLY_REBALANCE,0.0,0.1,67.98,3220.04033555637,218898.34201112203,218.89834201112203,1.864464138634503e-11,2188983.4201112203,,,,
982,2025-05-30,2025-06-02,BTSG,BUY,BUY,MONTHLY_REBALANCE,0.0,0.1,23.93,9147.444296327707,218898.34201112203,218.89834201112203,1.864464138634503e-11,2188983.4201112203,,,,
983,2025-05-30,2025-06-02,DAVE,BUY,BUY,MONTHLY_REBALANCE,0.0,0.1,209.08,1046.9597379525637,218898.34201112203,218.89834201112203,1.864464138634503e-11,2188983.4201112203,,,,
984,2025-05-30,2025-06-02,EXEL,BUY,BUY,MONTHLY_REBALANCE,0.0,0.1,42.88,5104.905364065346,218898.34201112203,218.89834201112203,1.864464138634503e-11,2188983.4201112203,,,,
985,2025-05-30,2025-06-02,SEZL,BUY,BUY,MONTHLY_REBALANCE,0.0,0.1,112.52,1945.4171881543018,218898.34201112203,218.89834201112203,1.864464138634503e-11,2188983.4201112203,,,,
986,2025-05-30,2025-06-02,CPRX,BUY,BUY,MONTHLY_REBALANCE,0.0,0.1,24.9,8791.098072735826,218898.34201112203,218.89834201112203,1.864464138634503e-11,2188983.4201112203,,,,
987,2025-05-30,2025-06-02,PLTR,BUY,BUY,MONTHLY_REBALANCE,0.0,0.1,132.04,1657.818403598319,218898.34201112203,218.89834201112203,1.864464138634503e-11,2188983.4201112203,,,,
988,2025-05-30,2025-06-02,DUOL,BUY,BUY,MONTHLY_REBALANCE,0.0,0.1,526.85,415.48513241173396,218898.34201112203,218.89834201112203,1.864464138634503e-11,2188983.4201112203,,,,
989,2025-05-30,2025-06-02,PLMR,BUY,BUY,MONTHLY_REBALANCE,0.0,0.1,175.67,1246.0769739347757,218898.34201112203,218.89834201112203,1.864464138634503e-11,2188983.4201112203,,,,
990,2025-06-30,2025-07-01,TTMI,BUY,BUY,MONTHLY_REBALANCE,0.0,0.1,40.62,5533.952459840088,224789.14891870436,224.78914891870437,-1.382431946694851e-10,2247891.4891870436,,,,
991,2025-06-30,2025-07-01,CRDO,BUY,BUY,MONTHLY_REBALANCE,0.0,0.1,87.59,2566.3791405263655,224789.14891870436,224.78914891870437,-1.382431946694851e-10,2247891.4891870436,,,,
992,2025-06-30,2025-07-01,LIF,BUY,BUY,MONTHLY_REBALANCE,0.0,0.1,64.38,3491.5990823035786,224789.14891870436,224.78914891870437,-1.382431946694851e-10,2247891.4891870436,,,,
993,2025-06-30,2025-07-01,NUTX,SELL,SELL,MONTHLY_REBALANCE,0.07633666833937695,0.0,131.8,1303.2766254532148,171771.85923473374,171.77185923473374,-1.382431946694851e-10,2247891.4891870436,2025-06-02,167.96,-47298.25463562298,-0.21528935460824006
994,2025-06-30,2025-07-01,HOOD,SELL,REDUCE,MONTHLY_REBALANCE,0.13212510108108144,0.1,92.33,785.4129238948914,72517.17526321532,72.51717526321532,-1.382431946694851e-10,2247891.4891870436,2025-06-02,67.98,19052.287521577386,0.35819358634892606
995,2025-06-30,2025-07-01,BTSG,BUY,INCREASE,MONTHLY_REBALANCE,0.09053180424253802,0.1,22.27,946.3657134928767,21075.564439486363,21.075564439486364,-1.382431946694851e-10,2247891.4891870436,2025-06-02,23.93,,
996,2025-06-30,2025-07-01,DAVE,SELL,REDUCE,MONTHLY_REBALANCE,0.12128363863592967,0.1,260.67,184.60830158203962,48121.84597339027,48.12184597339027,-1.382431946694851e-10,2247891.4891870436,2025-06-02,209.08,9475.820432644034,0.2467476563994644
997,2025-06-30,2025-07-01,SOFI,BUY,BUY,MONTHLY_REBALANCE,0.0,0.1,17.64,12743.149031672583,224789.14891870436,224.78914891870437,-1.382431946694851e-10,2247891.4891870436,,,,
998,2025-06-30,2025-07-01,EXEL,BUY,INCREASE,MONTHLY_REBALANCE,0.09895882769131098,0.1,43.62,48.44513842673089,2113.1769381740014,2.1131769381740013,-1.382431946694851e-10,2247891.4891870436,2025-06-02,42.88,,
999,2025-06-30,2025-07-01,SEZL,SELL,REDUCE,MONTHLY_REBALANCE,0.14488256290686322,0.1,167.58,604.0330795571878,101223.86347219354,101.22386347219354,-1.382431946694851e-10,2247891.4891870436,2025-06-02,112.52,33156.83749694657,0.48933522929257034
1000,2025-06-30,2025-07-01,DASH,BUY,BUY,MONTHLY_REBALANCE,0.0,0.1,238.01,944.4525394676878,224789.14891870436,224.78914891870437,-1.382431946694851e-10,2247891.4891870436,,,,
1001,2025-06-30,2025-07-01,CPRX,SELL,REDUCE,MONTHLY_REBALANCE,0.08278568885393785,0.0,21.19,8791.09807273582,186283.36816127205,186.28336816127205,-1.382431946694851e-10,2247891.4891870436,2025-06-02,24.9,-32801.257218011146,-0.14899598393574287
1002,2025-06-30,2025-07-01,PLTR,SELL,REDUCE,MONTHLY_REBALANCE,0.09627804597369553,0.0,130.68,1657.818403598318,216643.70898222819,216.6437089822282,-1.382431946694851e-10,2247891.4891870436,2025-06-02,132.04,-2471.2767378759163,-0.010299909118448802
1003,2025-06-30,2025-07-01,DUOL,SELL,SELL,MONTHLY_REBALANCE,0.07442286306616062,0.0,403.06,415.4851324117341,167465.43746987355,167.46543746987356,-1.382431946694851e-10,2247891.4891870436,2025-06-02,526.85,-51600.36997871845,-0.23496251304925508
1004,2025-06-30,2025-07-01,PLMR,SELL,SELL,MONTHLY_REBALANCE,0.08239479920910567,0.0,148.79,1246.076973934775,185403.79295175517,185.40379295175518,-1.382431946694851e-10,2247891.4891870436,2025-06-02,175.67,-33679.95285231851,-0.15301417430409292
1005,2025-07-31,2025-08-01,AMSC,BUY,BUY,MONTHLY_REBALANCE,0.0,0.1,53.75,4288.946646038825,230530.88222458685,230.53088222458686,-1.3324097380973399e-10,2305308.8222458684,,,,
1006,2025-07-31,2025-08-01,TTMI,SELL,REDUCE,MONTHLY_REBALANCE,0.10391395072483643,0.1,43.34,214.8273508279316,9310.617384882557,9.310617384882557,-1.3324097380973399e-10,2305308.8222458684,2025-07-01,40.62,575.0197768670927,0.06696208764155598
1007,2025-07-31,2025-08-01,CRDO,SELL,REDUCE,MONTHLY_REBALANCE,0.11959723410691704,0.1,107.56,423.10206517691574,45508.85813042906,45.508858130429054,-1.3324097380973399e-10,2305308.8222458684,2025-07-01,87.59,8403.839383452578,0.22799406324922944
1008,2025-07-31,2025-08-01,STX,BUY,BUY,MONTHLY_REBALANCE,0.0,0.1,154.81,1489.1213889579926,230530.88222458685,230.53088222458686,-1.3324097380973399e-10,2305308.8222458684,,,,
1009,2025-07-31,2025-08-01,ALAB,BUY,BUY,MONTHLY_REBALANCE,0.0,0.1,131.1,1758.4354097985267,230530.88222458685,230.53088222458686,-1.3324097380973399e-10,2305308.8222458684,,,,
1010,2025-07-31,2025-08-01,LIF,SELL,SELL,MONTHLY_REBALANCE,0.11255034535376109,0.0,74.4,3491.5990823035786,259774.97172338626,259.7749717233863,-1.3324097380973399e-10,2305308.8222458684,2025-07-01,64.38,34726.0478329585,0.15563839701770754
1011,2025-07-31,2025-08-01,IDCC,BUY,BUY,MONTHLY_REBALANCE,0.0,0.1,252.8,911.9101353820682,230530.88222458685,230.53088222458686,-1.3324097380973399e-10,2305308.8222458684,,,,
1012,2025-07-31,2025-08-01,WDC,BUY,BUY,MONTHLY_REBALANCE,0.0,0.1,76.55,3011.5072792238648,230530.88222458685,230.53088222458686,-1.3324097380973399e-10,2305308.8222458684,,,,
1013,2025-07-31,2025-08-01,HOOD,SELL,REDUCE,MONTHLY_REBALANCE,0.10537741030946236,0.1,99.9,127.01097297692473,12688.396200394782,12.688396200394783,-1.3324097380973399e-10,2305308.8222458684,2025-06-02,67.98,4041.501861223043,0.46954986760812
1014,2025-07-31,2025-08-01,BTSG,SELL,SELL,MONTHLY_REBALANCE,0.08589069860685075,0.0,19.64,10093.810009820583,198242.42859287627,198.24242859287628,-1.3324097380973399e-10,2305308.8222458684,2025-06-02,23.77436331941361,-41929.72028632502,-0.17390006469858144
1015,2025-07-31,2025-08-01,DAVE,SELL,SELL,MONTHLY_REBALANCE,0.08695332354155613,0.0,232.73,862.3514363705237,200695.04978651198,200.695049786512,-1.3324097380973399e-10,2305308.8222458684,2025-06-02,209.08,20193.916420376358,0.1131145972833365
1016,2025-07-31,2025-08-01,SOFI,SELL,REDUCE,MONTHLY_REBALANCE,0.11721313508458385,0.1,21.23,1884.4169438446606,40006.171717822144,40.00617171782215,-1.3324097380973399e-10,2305308.8222458684,2025-07-01,17.64,6725.050656684509,0.20351473922902485
1017,2025-07-31,2025-08-01,EXEL,SELL,REDUCE,MONTHLY_REBALANCE,0.0831920944120864,0.0,37.26,5153.350502492075,192013.8397228547,192.0138397228547,-1.3324097380973399e-10,2305308.8222458684,2025-06-02,42.88695652322085,-29189.693066164105,-0.13120437959206033
1018,2025-07-31,2025-08-01,INOD,BUY,BUY,MONTHLY_REBALANCE,0.0,0.1,44.955,5128.036530410118,230530.88222458685,230.53088222458686,-1.3324097380973399e-10,2305308.8222458684,,,,
1019,2025-07-31,2025-08-01,SEZL,SELL,SELL,MONTHLY_REBALANCE,0.08368838263718208,0.0,144.0,1341.3841085971135,193159.31163798436,193.15931163798436,-1.3324097380973399e-10,2305308.8222458684,2025-06-02,112.52,42033.612426999156,0.2797724848915748
1020,2025-07-31,2025-08-01,DASH,SELL,SELL,MONTHLY_REBALANCE,0.1016234252227639,0.0,248.35,944.4525394676879,234554.78817680027,234.5547881768003,-1.3324097380973399e-10,2305308.8222458684,2025-07-01,238.01,9531.084469919097,0.04344355279189949
1021,2025-08-29,2025-09-02,AMSC,SELL,SELL,MONTHLY_REBALANCE,0.08467413418204053,0.0,48.76,4288.946646038825,209129.0384608531,209.1290384608531,4.0472514228895307e-11,2467340.245422914,2025-08-01,53.75,-21610.9728021946,-0.09283720930232564
1022,2025-08-29,2025-09-02,TTMI,SELL,REDUCE,MONTHLY_REBALANCE,0.09682843927856578,0.0,44.96,5319.125109012154,239147.86490118646,239.14786490118647,4.0472514228895307e-11,2467340.245422914,2025-07-01,40.62,22845.855108211577,0.1068439192516002
1023,2025-08-29,2025-09-02,CRDO,SELL,REDUCE,MONTHLY_REBALANCE,0.10784028848419933,0.1,124.27,157.80974983008562,19611.01761138474,19.611017611384742,4.0472514228895307e-11,2467340.245422914,2025-07-01,87.59,5768.850606156155,0.4187692658979334
1024,2025-08-29,2025-09-02,STX,SELL,SELL,MONTHLY_REBALANCE,0.10279947788078758,0.0,170.5,1489.1213889579924,253895.1968173377,253.8951968173377,4.0472514228895307e-11,2467340.245422914,2025-08-01,154.81,23110.419395933557,0.10135004198695174
1025,2025-08-29,2025-09-02,ALAB,SELL,REDUCE,MONTHLY_REBALANCE,0.12405398134114795,0.1,174.24,342.3769585686634,59655.76126100391,59.65576126100391,4.0472514228895307e-11,2467340.245422914,2025-08-01,131.1,14710.48623139114,0.3290617848970252
1026,2025-08-29,2025-09-02,LIF,BUY,BUY,MONTHLY_REBALANCE,0.0,0.1,87.09,2833.0924852714593,246734.02454229142,246.73402454229142,4.0472514228895307e-11,2467340.245422914,,,,
1027,2025-08-29,2025-09-02,IDCC,SELL,REDUCE,MONTHLY_REBALANCE,0.10245562418808245,0.1,277.49,22.746473476084546,6311.918924878701,6.311918924878701,4.0472514228895307e-11,2467340.245422914,2025-08-01,252.8,555.2985111996487,0.09766613924050627
1028,2025-08-29,2025-09-02,AFRM,BUY,BUY,MONTHLY_REBALANCE,0.0,0.1,82.22,3000.9003228203774,246734.02454229142,246.73402454229142,4.0472514228895307e-11,2467340.245422914,,,,
1029,2025-08-29,2025-09-02,WDC,BUY,INCREASE,MONTHLY_REBALANCE,0.09987510918277874,0.1,81.91,0.7503760354625517,61.46330106473761,0.06146330106473761,4.0472514228895307e-11,2467340.245422914,2025-08-01,76.55,,
1030,2025-08-29,2025-09-02,HOOD,SELL,SELL,MONTHLY_REBALANCE,0.09421778390096146,0.0,100.84,2307.616438684553,232700.04167695032,232.70004167695032,4.0472514228895307e-11,2467340.245422914,2025-06-02,67.98,75595.57613349747,0.48337746395998815
1031,2025-08-29,2025-09-02,SOFI,SELL,REDUCE,MONTHLY_REBALANCE,0.10951894953684274,0.1,24.91,953.71303755528,23756.991765502025,23.756991765502026,4.0472514228895307e-11,2467340.245422914,2025-07-01,17.64,6909.736791261384,0.4121315192743764
1032,2025-08-29,2025-09-02,CECO,BUY,BUY,MONTHLY_REBALANCE,0.0,0.1,45.52,5420.343245656665,246734.02454229142,246.73402454229142,4.0472514228895307e-11,2467340.245422914,,,,
1033,2025-08-29,2025-09-02,INOD,SELL,SELL,MONTHLY_REBALANCE,0.0777362120245934,0.0,37.44,5128.036530410121,191993.68769855492,191.9936876985549,4.0472514228895307e-11,2467340.245422914,2025-08-01,44.955,-38729.18821373061,-0.16716716716716717
1034,2025-08-29,2025-09-02,LITE,BUY,BUY,MONTHLY_REBALANCE,0.0,0.1,132.555,1861.3709369114058,246734.02454229142,246.73402454229142,4.0472514228895307e-11,2467340.245422914,,,,
1035,2025-08-29,2025-09-02,APP,BUY,BUY,MONTHLY_REBALANCE,0.0,0.1,481.73,512.1832240929388,246734.02454229142,246.73402454229142,4.0472514228895307e-11,2467340.245422914,,,,
1036,2025-09-30,2025-10-01,TTMI,BUY,INCREASE,MONTHLY_REBALANCE,0.0,0.1,59.07,5083.4589818804225,300279.92205967655,300.27992205967655,2.1191226551309228e-10,3002799.220596765,2025-07-01,40.62,,
1037,2025-09-30,2025-10-01,CRDO,SELL,SELL,MONTHLY_REBALANCE,0.09569912690945134,0.0,144.91,1985.467325519364,287714.07014101103,287.71407014101106,2.1191226551309228e-10,3002799.220596765,2025-07-01,87.59,113519.27302862893,0.6544126041785592
1038,2025-09-30,2025-10-01,STX,BUY,BUY,MONTHLY_REBALANCE,0.0,0.1,256.84,1169.1322304145638,300279.92205967655,300.27992205967655,2.1191226551309228e-10,3002799.220596765,,,,
1039,2025-09-30,2025-10-01,ALAB,SELL,SELL,MONTHLY_REBALANCE,0.09161100779074322,0.0,194.5,1416.0584512298635,275423.36876420846,275.4233687642085,2.1191226551309228e-10,3002799.220596765,2025-08-01,131.1,89502.68243920914,0.4836003051106026
1040,2025-09-30,2025-10-01,LIF,SELL,REDUCE,MONTHLY_REBALANCE,0.10000112096137638,0.1,106.12,3.46638218366674,367.85247733071446,0.36785247733071447,2.1191226551309228e-10,3002799.220596765,2025-09-02,87.09,65.59740047784734,0.21850958778275342
1041,2025-09-30,2025-10-01,IDCC,SELL,SELL,MONTHLY_REBALANCE,0.10303725052172659,0.0,348.39,889.1636619059839,309775.7281714257,309.7757281714257,2.1191226551309228e-10,3002799.220596765,2025-08-01,252.8,84685.37871342155,0.3781249999999998
1042,2025-09-30,2025-10-01,AFRM,SELL,SELL,MONTHLY_REBALANCE,0.07428277351384094,0.0,74.42,3000.900322820378,223327.00202429254,223.32700202429254,2.1191226551309228e-10,3002799.220596765,2025-09-02,82.22,-23630.349520023232,-0.09486742884942834
1043,2025-09-30,2025-10-01,WDC,SELL,REDUCE,MONTHLY_REBALANCE,0.13084252405993183,0.1,130.59,712.8478837632196,93090.80514063884,93.09080514063884,2.1191226551309228e-10,3002799.220596765,2025-08-01,76.55133521630962,38428.257027303065,0.7059140723149293
1044,2025-09-30,2025-10-01,HOOD,BUY,BUY,MONTHLY_REBALANCE,0.0,0.1,139.14,2158.1135694960226,300279.92205967655,300.27992205967655,2.1191226551309228e-10,3002799.220596765,,,,
1045,2025-09-30,2025-10-01,BTSG,BUY,BUY,MONTHLY_REBALANCE,0.0,0.1,29.84,10063.000069024014,300279.92205967655,300.27992205967655,2.1191226551309228e-10,3002799.220596765,,,,
1046,2025-09-30,2025-10-01,SOFI,SELL,SELL,MONTHLY_REBALANCE,0.08486879748163756,0.0,25.76,9905.019050272642,255153.29073502327,255.15329073502326,2.1191226551309228e-10,3002799.220596765,2025-07-01,17.64,80173.60139747884,0.46031746031746046
1047,2025-09-30,2025-10-01,CECO,BUY,INCREASE,MONTHLY_REBALANCE,0.09358897545959644,0.1,51.91,364.2824923451969,18909.904177639168,18.909904177639167,2.1191226551309228e-10,3002799.220596765,2025-09-02,45.52,,
1048,2025-09-30,2025-10-01,INOD,BUY,BUY,MONTHLY_REBALANCE,0.0,0.1,82.36,3645.9436869800456,300279.92205967655,300.27992205967655,2.1191226551309228e-10,3002799.220596765,,,,
1049,2025-09-30,2025-10-01,DASH,BUY,BUY,MONTHLY_REBALANCE,0.0,0.1,267.64,1121.9545735304011,300279.92205967655,300.27992205967655,2.1191226551309228e-10,3002799.220596765,,,,
1050,2025-09-30,2025-10-01,LITE,SELL,SELL,MONTHLY_REBALANCE,0.10611838234347847,0.0,171.4,1861.3709369114054,319038.9785866149,319.0389785866149,2.1191226551309228e-10,3002799.220596765,2025-09-02,132.555,71985.91506573693,0.29304816868469685
1051,2025-09-30,2025-10-01,APP,SELL,REDUCE,MONTHLY_REBALANCE,0.11995004095821715,0.1,704.09,85.70376541624059,60343.164191920834,60.343164191920835,2.1191226551309228e-10,3002799.220596765,2025-09-02,481.73,18996.74611376334,0.4615863658065722
1052,2025-10-31,2025-11-03,TTMI,SELL,REDUCE,MONTHLY_REBALANCE,0.1156712365209191,0.1,69.87,693.9839459062666,48488.65830047085,48.48865830047085,2.1236701286397874e-10,3066926.207635142,2025-07-01,59.069999999999986,7446.537957487221,0.18283392585068592
1053,2025-10-31,2025-11-03,CRDO,BUY,BUY,MONTHLY_REBALANCE,0.0,0.1,180.64,1697.811230976053,306692.6207635142,306.6926207635142,2.1236701286397874e-10,3066926.207635142,,,,
1054,2025-10-31,2025-11-03,STX,SELL,REDUCE,MONTHLY_REBALANCE,0.10110793726771329,0.1,265.55,14.198618049608092,3770.443023073429,3.7704430230734287,2.1236701286397874e-10,3066926.207635142,2025-10-01,256.84,119.89952018901357,0.033912163214452784
1055,2025-10-31,2025-11-03,LIF,SELL,SELL,MONTHLY_REBALANCE,0.0915252819380346,0.0,99.32,2829.626103087794,281038.46455867967,281.03846455867966,2.1236701286397874e-10,3066926.207635142,2025-09-02,87.09,34325.28877620501,0.14042944080835906
1056,2025-10-31,2025-11-03,WDC,SELL,REDUCE,MONTHLY_REBALANCE,0.11833241865977663,0.1,158.02,358.56291183584597,56660.11132830038,56.66011132830038,2.1236701286397874e-10,3066926.207635142,2025-08-01,76.55133521630962,29154.981556890165,1.0642357125905897
1057,2025-10-31,2025-11-03,AUPH,BUY,BUY,MONTHLY_REBALANCE,0.0,0.1,13.17,23287.214940282018,306692.6207635142,306.6926207635142,2.1236701286397874e-10,3066926.207635142,,,,
1058,2025-10-31,2025-11-03,INCY,BUY,BUY,MONTHLY_REBALANCE,0.0,0.1,101.57,3019.5197475978557,306692.6207635142,306.6926207635142,2.1236701286397874e-10,3066926.207635142,,,,
1059,2025-10-31,2025-11-03,HOOD,SELL,REDUCE,MONTHLY_REBALANCE,0.10337207356476409,0.1,147.08,72.90401847947254,10722.723037960823,10.722723037960822,2.1236701286397874e-10,3066926.207635142,2025-10-01,139.14,568.1351836890531,0.05706482679315816
1060,2025-10-31,2025-11-03,BTSG,SELL,SELL,MONTHLY_REBALANCE,0.109753387770809,0.0,33.49,10063.000069024014,337009.8723116142,337.00987231161423,2.1236701286397874e-10,3066926.207635142,2025-10-01,29.839999999999996,36392.94037962609,0.12231903485254714
1061,2025-10-31,2025-11-03,CECO,SELL,SELL,MONTHLY_REBALANCE,0.09796116031738611,0.0,52.0,5784.6257380018615,300800.5383760968,300.8005383760968,2.1236701286397874e-10,3066926.207635142,2025-09-02,45.922405485076354,34855.809117790166,0.13234486414041857
1062,2025-10-31,2025-11-03,COMM,BUY,BUY,MONTHLY_REBALANCE,0.0,0.1,16.13,19013.80165923833,306692.6207635142,306.6926207635142,2.1236701286397874e-10,3066926.207635142,,,,
1063,2025-10-31,2025-11-03,INOD,SELL,SELL,MONTHLY_REBALANCE,0.08603667091759247,0.0,72.46,3645.943686980046,264185.0795585741,264.18507955857416,2.1236701286397874e-10,3066926.207635142,2025-10-01,82.36,-36359.027580661044,-0.12020398251578446
1064,2025-10-31,2025-11-03,DASH,SELL,SELL,MONTHLY_REBALANCE,0.08844141280148694,0.0,242.05,1121.9545735304016,271569.1045230337,271.56910452303373,2.1236701286397874e-10,3066926.207635142,2025-10-01,267.64,-28982.386641165984,-0.095613510685996
1065,2025-10-31,2025-11-03,PLTR,BUY,INCREASE,MONTHLY_REBALANCE,0.0,0.1,207.18,1480.3196291317413,306692.6207635142,306.6926207635142,2.1236701286397874e-10,3066926.207635142,2025-06-02,132.04,,
1066,2025-10-31,2025-11-03,MU,BUY,BUY,MONTHLY_REBALANCE,0.0,0.1,234.7,1306.7431647358935,306692.6207635142,306.6926207635142,2.1236701286397874e-10,3066926.207635142,,,,
1067,2025-10-31,2025-11-03,APP,SELL,SELL,MONTHLY_REBALANCE,0.08779842024151782,0.0,632.14,426.47945867669847,269594.72500788816,269.59472500788814,2.1236701286397874e-10,3066926.207635142,2025-09-02,481.73,63877.180654554315,0.3122288418823822
1068,2025-11-28,2025-12-01,ADI,BUY,BUY,MONTHLY_REBALANCE,0.0,0.1,266.51,1159.9319094609139,309133.45319042815,309.13345319042816,618266.9063808566,3091334.531904282,,,,
1069,2025-11-28,2025-12-01,TTMI,SELL,REDUCE,MONTHLY_REBALANCE,0.09625784240075153,0.0,67.9,4389.475035974155,298045.3549426451,298.04535494264513,618266.9063808566,3091334.531904282,2025-07-01,59.069999999999986,38461.01921270922,0.1494836634501442
1070,2025-11-28,2025-12-01,CRDO,BUY,INCREASE,MONTHLY_REBALANCE,0.09383596348221682,0.1,171.13,108.61343559572396,18587.01723349624,18.58701723349624,618266.9063808566,3091334.531904282,2025-11-03,180.64,,
1071,2025-11-28,2025-12-01,STX,SELL,SELL,MONTHLY_REBALANCE,0.10074775334438248,0.0,270.1,1154.9336123649568,311947.56869977486,311.9475686997749,618266.9063808566,3091334.531904282,2025-10-01,256.84,15002.472131259607,0.05162747235633103
1072,2025-11-28,2025-12-01,SMTC,BUY,BUY,MONTHLY_REBALANCE,0.0,0.1,72.01,4292.923943763757,309133.45319042815,309.13345319042816,618266.9063808566,3091334.531904282,,,,
1073,2025-11-28,2025-12-01,PTCT,BUY,BUY,MONTHLY_REBALANCE,0.0,0.1,79.2,3903.2001665458097,309133.45319042815,309.13345319042816,618266.9063808566,3091334.531904282,,,,
1074,2025-11-28,2025-12-01,WDC,SELL,REDUCE,MONTHLY_REBALANCE,0.10251065954947201,0.0,163.54,1940.846859660258,317406.09542883857,317.40609542883857,618266.9063808566,3091334.531904282,2025-08-01,76.55133521630962,168514.2707760355,1.136344187046355
1075,2025-11-28,2025-12-01,AUPH,SELL,REDUCE,MONTHLY_REBALANCE,0.12161337377301248,0.0,16.17,23287.21494028201,376554.26558436017,376.55426558436017,618266.9063808566,3091334.531904282,2025-11-03,13.17,69485.09055526172,0.22779043280182254
1076,2025-11-28,2025-12-01,INCY,SELL,SELL,MONTHLY_REBALANCE,0.09950893754056506,0.0,102.04,3019.519747597856,308111.79504488525,308.11179504488524,618266.9063808566,3091334.531904282,2025-11-03,101.57,1111.0624863261467,0.0046273505956484495
1077,2025-11-28,2025-12-01,HOOD,SELL,SELL,MONTHLY_REBALANCE,0.0829956174530499,0.0,123.24,2085.2095510165495,256981.22506727953,256.9812250672795,618266.9063808566,3091334.531904282,2025-10-01,139.14,-33411.813086230395,-0.11427339370418277
1078,2025-11-28,2025-12-01,GOOGL,BUY,BUY,MONTHLY_REBALANCE,0.0,0.1,314.89,981.7188643349365,309133.45319042815,309.13345319042816,618266.9063808566,3091334.531904282,,,,
1079,2025-11-28,2025-12-01,COMM,SELL,REDUCE,MONTHLY_REBALANCE,0.1209731392088106,0.0,19.7,19013.801659238325,374571.892686995,374.571892686995,618266.9063808566,3091334.531904282,2025-11-03,16.13,67504.70003079383,0.22132672039677614
1080,2025-11-28,2025-12-01,GOOG,BUY,BUY,MONTHLY_REBALANCE,0.0,0.1,315.12,981.002326702298,309133.45319042815,309.13345319042816,618266.9063808566,3091334.531904282,,,,
1081,2025-11-28,2025-12-01,PLTR,SELL,REDUCE,MONTHLY_REBALANCE,0.08007522094339353,0.0,167.49,1480.3196291317408,247938.73468327528,247.9387346832753,618266.9063808566,3091334.531904282,2025-06-02,207.17999999999998,-59001.82481492202,-0.1915725456125107
1082,2025-11-28,2025-12-01,SSRM,BUY,BUY,MONTHLY_REBALANCE,0.0,0.1,22.46,13763.733445700273,309133.45319042815,309.13345319042816,618266.9063808566,3091334.531904282,,,,
1083,2025-11-28,2025-12-01,LITE,BUY,BUY,MONTHLY_REBALANCE,0.0,0.1,317.93,972.331812633058,309133.45319042815,309.13345319042816,618266.9063808566,3091334.531904282,,,,
1084,2025-11-28,2025-12-01,MU,SELL,SELL,MONTHLY_REBALANCE,0.10148149230434556,0.0,240.46,1306.743164735893,314219.46139239287,314.2194613923929,618266.9063808566,3091334.531904282,2025-11-03,234.7,7212.621167486376,0.02454196847038781
1085,2025-12-31,2026-01-02,KRYS,BUY,BUY,MONTHLY_REBALANCE,0.0,0.1,246.91,1256.517832246357,310246.81795994804,310.24681795994803,-5.593392415903509e-10,3102468.1795994802,,,,
1086,2025-12-31,2026-01-02,VICR,BUY,BUY,MONTHLY_REBALANCE,0.0,0.1,116.86,2654.85895909591,310246.81795994804,310.24681795994803,-5.593392415903509e-10,3102468.1795994802,,,,
1087,2025-12-31,2026-01-02,ADI,SELL,SELL,MONTHLY_REBALANCE,0.10217981288573505,0.0,273.74,1159.931909460914,317519.76089583064,317.51976089583064,-5.593392415903509e-10,3102468.1795994802,2025-12-01,266.51,8068.7879445066,0.027128437957300022
1088,2025-12-31,2026-01-02,CRDO,SELL,SELL,MONTHLY_REBALANCE,0.08325644607883294,0.0,143.22,1806.4246665717767,258716.14074640986,258.71614074640985,-5.593392415903509e-10,3102468.1795994802,2025-11-03,180.0681999179763,-66822.21339134693,-0.2046346880502009
1089,2025-12-31,2026-01-02,SMTC,SELL,SELL,MONTHLY_REBALANCE,0.10397088782072907,0.0,75.26,4292.923943763758,323085.4560076604,323.0854560076604,-5.593392415903509e-10,3102468.1795994802,2025-12-01,72.01,13628.917361224552,0.04513262046937916
1090,2025-12-31,2026-01-02,PTCT,BUY,INCREASE,MONTHLY_REBALANCE,0.09639110583603629,0.1,76.74,139.6304036906788,10715.237179222691,10.715237179222692,-5.593392415903509e-10,3102468.1795994802,2025-12-01,79.2,,
1091,2025-12-31,2026-01-02,WLDN,BUY,BUY,MONTHLY_REBALANCE,0.0,0.1,106.66,2908.745714981699,310246.81795994804,310.24681795994803,-5.593392415903509e-10,3102468.1795994802,,,,
1092,2025-12-31,2026-01-02,FTAI,BUY,BUY,MONTHLY_REBALANCE,0.0,0.1,210.35,1474.9076204418732,310246.81795994804,310.24681795994803,-5.593392415903509e-10,3102468.1795994802,,,,
1093,2025-12-31,2026-01-02,NDAQ,BUY,BUY,MONTHLY_REBALANCE,0.0,0.1,96.66,3209.671197599297,310246.81795994804,310.24681795994803,-5.593392415903509e-10,3102468.1795994802,,,,
1094,2025-12-31,2026-01-02,NUTX,BUY,BUY,MONTHLY_REBALANCE,0.0,0.1,148.19,2093.5745864089886,310246.81795994804,310.24681795994803,-5.593392415903509e-10,3102468.1795994802,,,,
1095,2025-12-31,2026-01-02,CECO,BUY,BUY,MONTHLY_REBALANCE,0.0,0.1,59.79,5188.941594914669,310246.81795994804,310.24681795994803,-5.593392415903509e-10,3102468.1795994802,,,,
1096,2025-12-31,2026-01-02,GOOGL,SELL,SELL,MONTHLY_REBALANCE,0.09956318748632206,0.0,315.15,981.7188643349359,309388.70009515504,309.38870009515506,-5.593392415903509e-10,3102468.1795994802,2025-12-01,314.89,-54.141795368080636,0.000825685159897116
1097,2025-12-31,2026-01-02,ACMR,BUY,BUY,MONTHLY_REBALANCE,0.0,0.1,44.88,6912.807886808111,310246.81795994804,310.24681795994803,-5.593392415903509e-10,3102468.1795994802,,,,
1098,2025-12-31,2026-01-02,GOOG,SELL,SELL,MONTHLY_REBALANCE,0.09954418597879053,0.0,315.32,981.002326702298,309329.6536557686,309.3296536557686,-5.593392415903509e-10,3102468.1795994802,2025-12-01,315.12,-113.12918831532016,0.0006346788525006808
1099,2025-12-31,2026-01-02,SSRM,SELL,SELL,MONTHLY_REBALANCE,0.09531754859201637,0.0,21.52,13763.733445700282,296195.54375147005,296.19554375147004,-5.593392415903509e-10,3102468.1795994802,2025-12-01,22.46,-13234.104982709752,-0.04185218165627791
1100,2025-12-31,2026-01-02,LITE,SELL,SELL,MONTHLY_REBALANCE,0.12081473039805357,0.0,386.11,972.3318126330578,375427.03617574996,375.42703617574995,-5.593392415903509e-10,3102468.1795994802,2025-12-01,317.93,65918.15594914614,0.2144497216368384
1101,2025-12-31,2026-01-02,MU,BUY,BUY,MONTHLY_REBALANCE,0.0,0.1,315.42,983.5990677824742,310246.81795994804,310.24681795994803,-5.593392415903509e-10,3102468.1795994802,,,,
1102,2026-01-30,2026-02-02,AEIS,BUY,BUY,MONTHLY_REBALANCE,0.0,0.1,261.82,1422.7278276887807,372498.59984547656,372.4985998454766,-4.18367562815547e-11,3724985.9984547654,,,,
1103,2026-01-30,2026-02-02,KNSA,BUY,BUY,MONTHLY_REBALANCE,0.0,0.1,44.67,8338.898586198266,372498.59984547656,372.4985998454766,-4.18367562815547e-11,3724985.9984547654,,,,
1104,2026-01-30,2026-02-02,KRYS,BUY,INCREASE,MONTHLY_REBALANCE,0.09511863971387875,0.1,282.27,63.135690428657675,17821.3113372972,17.8213113372972,-4.18367562815547e-11,3724985.9984547654,2026-01-02,246.91,,
1105,2026-01-30,2026-02-02,VICR,SELL,REDUCE,MONTHLY_REBALANCE,0.11772749530044044,0.1,165.35,402.07032985202335,66482.32904103206,66.48232904103206,-4.18367562815547e-11,3724985.9984547654,2026-01-02,116.86,19429.90796548358,0.4149409549888756
1106,2026-01-30,2026-02-02,TTMI,BUY,INCREASE,MONTHLY_REBALANCE,0.0,0.1,102.76,3624.937717453061,372498.59984547656,372.4985998454766,-4.18367562815547e-11,3724985.9984547654,2025-07-01,59.069999999999986,,
1107,2026-01-30,2026-02-02,PTCT,SELL,REDUCE,MONTHLY_REBALANCE,0.0811864642598824,0.0,74.88,4042.8305702364873,302727.15309930814,302.72715309930817,-4.18367562815547e-11,3724985.9984547654,2025-12-01,79.11503705458055,-17424.264423441884,-0.053530115288435653
1108,2026-01-30,2026-02-02,WLDN,SELL,SELL,MONTHLY_REBALANCE,0.09997479135534926,0.0,128.16,2908.7457149817005,372784.85083205474,372.78485083205476,-4.18367562815547e-11,3724985.9984547654,2026-01-02,106.66,62165.24802127451,0.20157509844365284
1109,2026-01-30,2026-02-02,FTAI,SELL,REDUCE,MONTHLY_REBALANCE,0.10853388535231351,0.1,274.39,117.35596095910539,32201.302127568924,32.20130212756892,-4.18367562815547e-11,3724985.9984547654,2026-01-02,210.35,7483.274437693539,0.3044449726646066
1110,2026-01-30,2026-02-02,NDAQ,SELL,REDUCE,MONTHLY_REBALANCE,0.08333223240191957,0.0,96.81,3209.6711975992953,310728.2686395878,310.7282686395878,-4.18367562815547e-11,3724985.9984547654,2026-01-02,96.66,170.72241100032477,0.0015518311607698454
1111,2026-01-30,2026-02-02,NUTX,SELL,SELL,MONTHLY_REBALANCE,0.09053581434933355,0.0,161.25,2093.574586408988,337588.90205844934,337.5889020584493,-4.18367562815547e-11,3724985.9984547654,2026-01-02,148.19,27004.49519644294,0.08813010324583304
1112,2026-01-30,2026-02-02,MPWR,BUY,BUY,MONTHLY_REBALANCE,0.0,0.1,1173.22,317.5010653121124,372498.59984547656,372.4985998454766,-4.18367562815547e-11,3724985.9984547654,,,,
1113,2026-01-30,2026-02-02,CECO,BUY,INCREASE,MONTHLY_REBALANCE,0.09479505282571661,0.1,68.12,279.3291015838157,19027.898399889527,19.027898399889526,-4.18367562815547e-11,3724985.9984547654,2026-01-02,59.79,,
1114,2026-01-30,2026-02-02,ACMR,SELL,SELL,MONTHLY_REBALANCE,0.11331048132674267,0.0,61.12,6912.807886808115,422510.81804171193,422.51081804171196,-4.18367562815547e-11,3724985.9984547654,2026-01-02,44.88,111841.48926372203,0.3618538324420677
1115,2026-01-30,2026-02-02,LITE,BUY,BUY,MONTHLY_REBALANCE,0.0,0.1,423.42,879.7378485793693,372498.59984547656,372.4985998454766,-4.18367562815547e-11,3724985.9984547654,,,,
1116,2026-01-30,2026-02-02,MU,SELL,REDUCE,MONTHLY_REBALANCE,0.11548514311442343,0.1,437.8,132.75713117791446,58121.07202969096,58.12107202969096,-4.18367562815547e-11,3724985.9984547654,2026-01-02,315.42,16188.69664152348,0.38799061568702053
1117,2026-02-27,2026-03-02,AEIS,SELL,REDUCE,MONTHLY_REBALANCE,0.1149286650592987,0.1,340.42,186.30001160010676,63420.24994890834,63.42024994890834,-1.2005330063402653e-09,4209047.571529063,2026-02-02,261.82,14579.760661819488,0.3002062485677184
1118,2026-02-27,2026-03-02,KNSA,SELL,SELL,MONTHLY_REBALANCE,0.09102443514600067,0.0,46.0,8338.898586198267,383589.3349651203,383.5893349651203,-1.2005330063402653e-09,4209047.571529063,2026-02-02,44.67,10707.145784678562,0.029773897470338095
1119,2026-02-27,2026-03-02,KRYS,SELL,SELL,MONTHLY_REBALANCE,0.08104616004922009,0.0,258.81,1319.6535226750152,341539.5282035207,341.5395282035207,-1.2005330063402653e-09,4209047.571529063,2026-01-02,248.60171526858957,13129.859378071826,0.04106280892061176
1120,2026-02-27,2026-03-02,VICR,SELL,REDUCE,MONTHLY_REBALANCE,0.11182858612752018,0.1,209.19,240.71942348402024,50356.096198622196,50.3560961986222,-1.2005330063402653e-09,4209047.571529063,2026-01-02,116.86,22175.268274080965,0.790090706828684
1121,2026-02-27,2026-03-02,TTMI,SELL,REDUCE,MONTHLY_REBALANCE,0.09720093919365065,0.0,113.0,3624.9377174530605,409617.96207219583,409.61796207219584,-1.2005330063402653e-09,4209047.571529063,2025-07-01,102.75999999999998,36709.74426464723,0.09964966913195816
1122,2026-02-27,2026-03-02,STOK,BUY,BUY,MONTHLY_REBALANCE,0.0,0.1,36.69,11471.920336683195,420904.7571529064,420.90475715290637,-1.2005330063402653e-09,4209047.571529063,,,,
1123,2026-02-27,2026-03-02,VISN,BUY,BUY,MONTHLY_REBALANCE,0.0,0.1,8.925,47160.19687987746,420904.7571529064,420.90475715290637,-1.2005330063402653e-09,4209047.571529063,,,,
1124,2026-02-27,2026-03-02,FTAI,BUY,INCREASE,MONTHLY_REBALANCE,0.09604352270476066,0.1,298.14,54.21716440167114,16164.305394714233,16.164305394714233,-1.2005330063402653e-09,4209047.571529063,2026-01-02,210.35,,
1125,2026-02-27,2026-03-02,BTSG,BUY,BUY,MONTHLY_REBALANCE,0.0,0.1,41.58,10122.769532296932,420904.7571529064,420.90475715290637,-1.2005330063402653e-09,4209047.571529063,,,,
1126,2026-02-27,2026-03-02,MPWR,SELL,SELL,MONTHLY_REBALANCE,0.0860841654147722,0.0,1142.58,317.50106531211253,362770.3672043135,362.7703672043135,-1.2005330063402653e-09,4209047.571529063,2026-02-02,1173.22,-10091.003008367474,-0.02611615894717112
1127,2026-02-27,2026-03-02,TMDX,BUY,BUY,MONTHLY_REBALANCE,0.0,0.1,147.0,2863.2976677068464,420904.7571529064,420.90475715290637,-1.2005330063402653e-09,4209047.571529063,,,,
1128,2026-02-27,2026-03-02,CECO,SELL,REDUCE,MONTHLY_REBALANCE,0.0750143660656235,0.0,57.81,5468.270696498481,316120.7289645772,316.1207289645772,-1.2005330063402653e-09,4209047.571529063,2026-01-02,60.21551138108124,-13470.108124224713,-0.03994836755363029
1129,2026-02-27,2026-03-02,MTSI,BUY,BUY,MONTHLY_REBALANCE,0.0,0.1,258.54,1628.006332300249,420904.7571529064,420.90475715290637,-1.2005330063402653e-09,4209047.571529063,,,,
1130,2026-02-27,2026-03-02,SSRM,BUY,BUY,MONTHLY_REBALANCE,0.0,0.1,31.94,13177.98237798705,420904.7571529064,420.90475715290637,-1.2005330063402653e-09,4209047.571529063,,,,
1131,2026-02-27,2026-03-02,LITE,SELL,REDUCE,MONTHLY_REBALANCE,0.16351031270993396,0.1,783.25,342.35545834265514,268149.9127468846,268.14991274688464,-1.2005330063402653e-09,4209047.571529063,2026-02-02,423.42,122921.61466269071,0.849818147465873
1132,2026-02-27,2026-03-02,MU,SELL,SELL,MONTHLY_REBALANCE,0.08331884752921936,0.0,412.67,850.8419366045604,351116.94197860395,351.11694197860396,-1.2005330063402653e-09,4209047.571529063,2026-01-02,315.42,82393.2613928149,0.3083190666413036
1133,2026-03-31,2026-04-01,AEIS,SELL,SELL,MARKET_REGIME_TO_CASH,0.10845015420672112,0.0,332.82,1236.427816088674,411507.90575063246,411.50790575063246,3790648.347638813,3790648.347638813,2026-02-02,261.82,87374.86703654521,0.27117867237033066
1134,2026-03-31,2026-04-01,VICR,SELL,REDUCE,MARKET_REGIME_TO_CASH,0.08386708751694764,0.0,158.16,2012.069205759865,318228.8655829803,318.2288655829803,3790648.347638813,3790648.347638813,2026-01-02,116.86,82780.22933229945,0.35341434194762966
1135,2026-03-31,2026-04-01,STOK,SELL,REDUCE,MARKET_REGIME_TO_CASH,0.09671689674598583,0.0,31.99,11471.920336683193,366986.73157049535,366.98673157049535,3790648.347638813,3790648.347638813,2026-03-02,36.69,-54285.0123139815,-0.12810029980921234
1136,2026-03-31,2026-04-01,VISN,SELL,REDUCE,MARKET_REGIME_TO_CASH,0.11403382005501986,0.0,9.175,47160.19687987745,432694.8063728756,432.6948063728756,3790648.347638813,3790648.347638813,2026-03-02,8.925,11357.354413596486,0.028011204481792618
1137,2026-03-31,2026-04-01,FTAI,SELL,SELL,MARKET_REGIME_TO_CASH,0.09294486420618181,0.0,249.81,1411.768823884438,352673.96989457146,352.6739698945715,3790648.347638813,3790648.347638813,2026-01-02,213.72146194355423,50595.998957762655,0.16885781019960033
1138,2026-03-31,2026-04-01,BTSG,SELL,REDUCE,MARKET_REGIME_TO_CASH,0.11212713616755049,0.0,42.03,10122.769532296927,425460.00344243983,425.4600034424398,3790648.347638813,3790648.347638813,2026-03-02,41.58,4129.7862860912055,0.010822510822510845
1139,2026-03-31,2026-04-01,TMDX,SELL,SELL,MARKET_REGIME_TO_CASH,0.07576213470996812,0.0,100.4,2863.297667706848,287475.0858377676,287.4750858377676,3790648.347638813,3790648.347638813,2026-03-02,147.0,-133717.14640097687,-0.3170068027210884
1140,2026-03-31,2026-04-01,MTSI,SELL,SELL,MARKET_REGIME_TO_CASH,0.09840694747545391,0.0,229.36,1628.0063323002491,373399.5323763852,373.3995323763852,3790648.347638813,3790648.347638813,2026-03-02,258.54,-47878.62430889767,-0.11286454707201987
1141,2026-03-31,2026-04-01,SSRM,SELL,REDUCE,MARKET_REGIME_TO_CASH,0.10939852511510222,0.0,31.5,13177.982377987046,415106.44490659196,415.10644490659195,3790648.347638813,3790648.347638813,2026-03-02,31.94,-6213.418691220909,-0.013775829680651275
1142,2026-03-31,2026-04-01,LITE,SELL,SELL,MARKET_REGIME_TO_CASH,0.10829243380106937,0.0,764.65,537.3823902367144,410909.4446945036,410.90944469450363,3790648.347638813,3790648.347638813,2026-02-02,423.42,182960.08357577954,0.8058901327287327
1143,2026-04-30,2026-05-01,KNSA,BUY,BUY,MONTHLY_REBALANCE,0.0,0.1,55.27,6851.567733223557,378686.148615266,378.686148615266,8.594724931754172e-11,3786861.48615266,,,,
1144,2026-04-30,2026-05-01,TTMI,BUY,INCREASE,MONTHLY_REBALANCE,0.0,0.1,158.99,2381.823690894182,378686.148615266,378.686148615266,8.594724931754172e-11,3786861.48615266,2025-07-01,102.75999999999998,,
1145,2026-04-30,2026-05-01,STX,BUY,BUY,MONTHLY_REBALANCE,0.0,0.1,726.93,520.9389468246819,378686.148615266,378.686148615266,8.594724931754172e-11,3786861.48615266,,,,
1146,2026-04-30,2026-05-01,VISN,BUY,INCREASE,MONTHLY_REBALANCE,0.0,0.1,11.93,31742.342717122046,378686.148615266,378.686148615266,8.594724931754172e-11,3786861.48615266,2026-03-02,8.925,,
1147,2026-04-30,2026-05-01,AMD,BUY,BUY,MONTHLY_REBALANCE,0.0,0.1,360.54,1050.3304726667388,378686.148615266,378.686148615266,8.594724931754172e-11,3786861.48615266,,,,
1148,2026-04-30,2026-05-01,BTSG,BUY,INCREASE,MONTHLY_REBALANCE,0.0,0.1,52.58,7202.094876669191,378686.148615266,378.686148615266,8.594724931754172e-11,3786861.48615266,2026-03-02,41.58,,
1149,2026-04-30,2026-05-01,MYRG,BUY,BUY,MONTHLY_REBALANCE,0.0,0.1,433.49,873.5752811258991,378686.148615266,378.686148615266,8.594724931754172e-11,3786861.48615266,,,,
1150,2026-04-30,2026-05-01,LITE,BUY,BUY,MONTHLY_REBALANCE,0.0,0.1,949.93,398.6463724856211,378686.148615266,378.686148615266,8.594724931754172e-11,3786861.48615266,,,,
1151,2026-04-30,2026-05-01,MU,BUY,BUY,MONTHLY_REBALANCE,0.0,0.1,542.21,698.4123284617879,378686.148615266,378.686148615266,8.594724931754172e-11,3786861.48615266,,,,
1152,2026-04-30,2026-05-01,INDV,BUY,BUY,MONTHLY_REBALANCE,0.0,0.1,37.66,10055.394280808976,378686.148615266,378.686148615266,8.594724931754172e-11,3786861.48615266,,,,
1153,2026-05-29,2026-06-01,KNSA,SELL,SELL,MONTHLY_REBALANCE,0.07528700719838126,0.0,48.43,6851.567733223557,331821.42532001686,331.8214253200169,-3.255991032347083e-10,4401235.325127263,2026-05-01,55.27,-47196.544720569174,-0.12375610638682832
1154,2026-05-29,2026-06-01,TTMI,SELL,REDUCE,MONTHLY_REBALANCE,0.09318869582461926,0.0,172.44,2381.823690894182,410721.67725779273,410.72167725779275,-3.255991032347083e-10,4401235.325127263,2025-07-01,158.98999999999992,31624.806965269134,0.08459651550412017
1155,2026-05-29,2026-06-01,SKYT,BUY,BUY,MONTHLY_REBALANCE,0.0,0.1,38.4,11461.550325852248,440123.53251272626,440.1235325127263,-3.255991032347083e-10,4401235.325127263,,,,
1156,2026-05-29,2026-06-01,LQDA,BUY,BUY,MONTHLY_REBALANCE,0.0,0.1,58.745,7492.102008898226,440123.53251272626,440.1235325127263,-3.255991032347083e-10,4401235.325127263,,,,
1157,2026-05-29,2026-06-01,CRDO,BUY,BUY,MONTHLY_REBALANCE,0.0,0.1,226.1,1946.587936809935,440123.53251272626,440.1235325127263,-3.255991032347083e-10,4401235.325127263,,,,
1158,2026-05-29,2026-06-01,STX,SELL,REDUCE,MONTHLY_REBALANCE,0.10888916103787401,0.1,921.26,43.19810003579898,39796.68163898017,39.79668163898017,-3.255991032347083e-10,4401235.325127263,2026-05-01,726.93,8354.890098317837,0.26732972913485487
1159,2026-05-29,2026-06-01,ALAB,BUY,BUY,MONTHLY_REBALANCE,0.0,0.1,320.09,1374.9993205433668,440123.53251272626,440.1235325127263,-3.255991032347083e-10,4401235.325127263,,,,
1160,2026-05-29,2026-06-01,VISN,SELL,SELL,MONTHLY_REBALANCE,0.08836883876085473,0.0,12.27,31742.342717122072,389478.54513908783,389.4785451390878,-3.255991032347083e-10,4401235.325127263,2026-03-02,11.929999999999998,10402.91797868247,0.02849958088851645
1161,2026-05-29,2026-06-01,AMD,SELL,SELL,MONTHLY_REBALANCE,0.12156888657430906,0.0,510.13,1050.3304726667386,535805.0840214833,535.8050840214834,-3.255991032347083e-10,4401235.325127263,2026-05-01,360.54,156583.13032219594,0.4149054196483053
1162,2026-05-29,2026-06-01,MRVL,BUY,BUY,MONTHLY_REBALANCE,0.0,0.1,219.43,2005.7582487022114,440123.53251272626,440.1235325127263,-3.255991032347083e-10,4401235.325127263,,,,
1163,2026-05-29,2026-06-01,BTSG,BUY,INCREASE,MONTHLY_REBALANCE,0.09801237401910079,0.1,59.98,135.74327792778217,8141.881810108374,8.141881810108375,-3.255991032347083e-10,4401235.325127263,2026-03-02,52.57999999999999,,
1164,2026-05-29,2026-06-01,ONDS,BUY,BUY,MONTHLY_REBALANCE,0.0,0.1,13.46,32698.627972713686,440123.53251272626,440.1235325127263,-3.255991032347083e-10,4401235.325127263,,,,
1165,2026-05-29,2026-06-01,MYRG,SELL,SELL,MONTHLY_REBALANCE,0.08916279428460265,0.0,449.85,873.575281125899,392977.84021448565,392.97784021448564,-3.255991032347083e-10,4401235.325127263,2026-05-01,433.49,13898.713759005233,0.037740201619414604
1166,2026-05-29,2026-06-01,LITE,SELL,SELL,MONTHLY_REBALANCE,0.08185628013266312,0.0,905.0,398.6463724856212,360774.9670994872,360.7749670994872,-3.255991032347083e-10,4401235.325127263,2026-05-01,949.93,-18271.956482878428,-0.04729822197425071
1167,2026-05-29,2026-06-01,MU,SELL,REDUCE,MONTHLY_REBALANCE,0.16408829756801244,0.1,1035.5,273.37753125007737,283082.4336094551,283.0824336094551,-3.255991032347083e-10,4401235.325127263,2026-05-01,542.21,134571.31995674118,0.909776654801645
1168,2026-05-29,2026-06-01,INDV,SELL,REDUCE,MONTHLY_REBALANCE,0.07957766459958253,0.0,34.88,10055.394280808972,350732.15251461696,350.732152514617,-3.255991032347083e-10,4401235.325127263,2026-05-01,37.66,-28304.728253163503,-0.07381837493361643
1169,2026-05-29,2026-06-01,OSS,BUY,BUY,MONTHLY_REBALANCE,0.0,0.1,18.96,23213.266482738727,440123.53251272626,440.1235325127263,-3.255991032347083e-10,4401235.325127263,,,,
1170,2026-06-30,2026-07-01,TER,BUY,BUY,MONTHLY_REBALANCE,0.0,0.1,427.34,1098.2294183495778,469317.3596375086,469.31735963750856,8.094502845779061e-11,4693173.596375085,,,,
1171,2026-06-30,2026-07-01,KNSA,BUY,BUY,MONTHLY_REBALANCE,0.0,0.1,62.885,7463.1050272323855,469317.3596375086,469.31735963750856,8.094502845779061e-11,4693173.596375085,,,,
1172,2026-06-30,2026-07-01,VICR,BUY,INCREASE,MONTHLY_REBALANCE,0.0,0.1,350.21,1340.1026802133251,469317.3596375086,469.31735963750856,8.094502845779061e-11,4693173.596375085,2026-01-02,116.86,,
1173,2026-06-30,2026-07-01,SKYT,SELL,REDUCE,MONTHLY_REBALANCE,0.08491752327261251,0.0,34.82,11461.550325852242,399091.1823461751,399.09118234617506,8.094502845779061e-11,4693173.596375085,2026-06-01,38.4,-41431.44134889718,-0.09322916666666659
1174,2026-06-30,2026-07-01,LQDA,SELL,REDUCE,MONTHLY_REBALANCE,0.12644788624916825,0.1,79.32,1575.342558097563,124956.17170829867,124.95617170829867,8.094502845779061e-11,4693173.596375085,2026-06-01,58.745,32287.716961149054,0.35024257383607105
1175,2026-06-30,2026-07-01,CRDO,SELL,SELL,MONTHLY_REBALANCE,0.1073123894669935,0.0,259.09,1946.5879368099347,504341.46854808595,504.34146854808597,8.094502845779061e-11,4693173.596375085,2026-06-01,226.1,63713.59456681162,0.145908889871738
1176,2026-06-30,2026-07-01,STX,SELL,SELL,MONTHLY_REBALANCE,0.09303124383753647,0.0,915.19,477.7408467888829,437223.64557271777,437.22364557271777,8.094502845779061e-11,4693173.596375085,2026-05-01,726.93,89502.26817090243,0.2589795441101621
1177,2026-06-30,2026-07-01,ALAB,SELL,REDUCE,MONTHLY_REBALANCE,0.12605609437620058,0.1,430.86,285.74211486748976,123114.84761180665,123.11484761180665,8.094502845779061e-11,4693173.596375085,2026-06-01,320.09,31528.539216260044,0.346058920928489
1178,2026-06-30,2026-07-01,PDFS,BUY,BUY,MONTHLY_REBALANCE,0.0,0.1,66.88,7017.305018503418,469317.3596375086,469.31735963750856,8.094502845779061e-11,4693173.596375085,,,,
1179,2026-06-30,2026-07-01,VISN,BUY,BUY,MONTHLY_REBALANCE,0.0,0.1,12.37,37939.96440076868,469317.3596375086,469.31735963750856,8.094502845779061e-11,4693173.596375085,,,,
1180,2026-06-30,2026-07-01,AMD,BUY,BUY,MONTHLY_REBALANCE,0.0,0.1,540.88,867.6922046248865,469317.3596375086,469.31735963750856,8.094502845779061e-11,4693173.596375085,,,,
1181,2026-06-30,2026-07-01,MRVL,SELL,SELL,MONTHLY_REBALANCE,0.11610542262642974,0.0,272.05,2005.7582487022107,545666.5315594365,545.6665315594365,8.094502845779061e-11,4693173.596375085,2026-06-01,219.43,104997.33251515089,0.23980312628172995
1182,2026-06-30,2026-07-01,BTSG,SELL,REDUCE,MONTHLY_REBALANCE,0.10905855159777186,0.1,69.85,618.9067353055096,43230.63546108984,43.23063546108984,8.094502845779061e-11,4693173.596375085,2026-03-02,52.716893215072645,10560.564550438972,0.3250022097286398
1183,2026-06-30,2026-07-01,ONDS,SELL,SELL,MONTHLY_REBALANCE,0.055103590526385984,0.0,7.92,32698.627972713693,258973.13354389244,258.97313354389246,8.094502845779061e-11,4693173.596375085,2026-06-01,13.46,-181409.3721023778,-0.411589895988113
1184,2026-06-30,2026-07-01,LGND,BUY,BUY,MONTHLY_REBALANCE,0.0,0.1,312.01,1504.1740958222767,469317.3596375086,469.31735963750856,8.094502845779061e-11,4693173.596375085,,,,
1185,2026-06-30,2026-07-01,MU,SELL,SELL,MONTHLY_REBALANCE,0.09335706429439934,0.0,1032.28,425.03479721171055,438754.9204657046,438.7549204657046,8.094502845779061e-11,4693173.596375085,2026-05-01,542.21,207858.04814907728,0.9038379963482781
1186,2026-06-30,2026-07-01,OSS,SELL,REDUCE,MONTHLY_REBALANCE,0.08861023375250181,0.0,17.94,23213.266482738716,416446.0007003326,416.4460007003326,8.094502845779061e-11,4693173.596375085,2026-06-01,18.96,-24093.977813093814,-0.05379746835443033
