date,strategy,benchmark,invested,turnover,holdings,portfolio_value,cash
2019-01-02,0.0,0.004620769722476492,0.0,0.0,0,1000000.0,1000000.0
2019-01-03,0.0,-0.030369295708771782,0.0,0.0,0,1000000.0,1000000.0
2019-01-04,0.0,0.042602289781078495,0.0,0.0,0,1000000.0,1000000.0
2019-01-07,0.0,0.012555580803809141,0.0,0.0,0,1000000.0,1000000.0
2019-01-08,0.0,0.010776012475294472,0.0,0.0,0,1000000.0,1000000.0
2019-01-09,0.0,0.008711048281861755,0.0,0.0,0,1000000.0,1000000.0
2019-01-10,0.0,0.0041669349185731175,0.0,0.0,0,1000000.0,1000000.0
2019-01-11,0.0,-0.002088413144684109,0.0,0.0,0,1000000.0,1000000.0
2019-01-14,0.0,-0.009404043330827894,0.0,0.0,0,1000000.0,1000000.0
2019-01-15,0.0,0.017073786216373676,0.0,0.0,0,1000000.0,1000000.0
2019-01-16,0.0,0.0015461364875555272,0.0,0.0,0,1000000.0,1000000.0
2019-01-17,0.0,0.007074952941422463,0.0,0.0,0,1000000.0,1000000.0
2019-01-18,0.0,0.010271777947789884,0.0,0.0,0,1000000.0,1000000.0
2019-01-22,0.0,-0.019123334027270178,0.0,0.0,0,1000000.0,1000000.0
2019-01-23,0.0,0.0007706300071597116,0.0,0.0,0,1000000.0,1000000.0
2019-01-24,0.0,0.006787868091326477,0.0,0.0,0,1000000.0,1000000.0
2019-01-25,0.0,0.012921526381714177,0.0,0.0,0,1000000.0,1000000.0
2019-01-28,0.0,-0.011051116296077246,0.0,0.0,0,1000000.0,1000000.0
2019-01-29,0.0,-0.008099462349429709,0.0,0.0,0,1000000.0,1000000.0
2019-01-30,0.0,0.022023863557138368,0.0,0.0,0,1000000.0,1000000.0
2019-01-31,0.0,0.013735068887788193,0.0,0.0,0,1000000.0,1000000.0
2019-02-01,0.0,-0.0024540974422569972,0.0,0.0,0,1000000.0,1000000.0
2019-02-04,0.0,0.011518639354522575,0.0,0.0,0,1000000.0,1000000.0
2019-02-05,0.0,0.007422906169956223,0.0,0.0,0,1000000.0,1000000.0
2019-02-06,0.0,-0.0036206444185871156,0.0,0.0,0,1000000.0,1000000.0
2019-02-07,0.0,-0.011786630793315878,0.0,0.0,0,1000000.0,1000000.0
2019-02-08,0.0,0.0013514855714740204,0.0,0.0,0,1000000.0,1000000.0
2019-02-11,0.0,0.0013290537028567417,0.0,0.0,0,1000000.0,1000000.0
2019-02-12,0.0,0.014603401997884458,0.0,0.0,0,1000000.0,1000000.0
2019-02-13,0.0,0.0007768166031865142,0.0,0.0,0,1000000.0,1000000.0
2019-02-14,0.0,0.0008854398411597408,0.0,0.0,0,1000000.0,1000000.0
2019-02-15,0.0,0.006120951235138117,0.0,0.0,0,1000000.0,1000000.0
2019-02-19,0.0,0.0019217092766132815,0.0,0.0,0,1000000.0,1000000.0
2019-02-20,0.0,0.00030718186881650844,0.0,0.0,0,1000000.0,1000000.0
2019-02-21,0.0,-0.003920353366181795,0.0,0.0,0,1000000.0,1000000.0
2019-02-22,0.0,0.009092846772863705,0.0,0.0,0,1000000.0,1000000.0
2019-02-25,0.0,0.0035762015213469667,0.0,0.0,0,1000000.0,1000000.0
2019-02-26,0.0,-0.0006830666917291284,0.0,0.0,0,1000000.0,1000000.0
2019-02-27,0.0,0.000690130229031416,0.0,0.0,0,1000000.0,1000000.0
2019-02-28,0.0,-0.0029095203503475275,0.0,0.0,0,1000000.0,1000000.0
2019-03-01,-0.0009990009990009652,0.0083398674373647,0.9999999999999999,0.9990009990009989,3,999000.999000999,8.86757334228605e-11
2019-03-04,-0.025296182852726612,-0.002340945416064444,0.9999999999999999,0.0,3,973730.0870602132,8.86757334228605e-11
2019-03-05,-0.002019286680177257,-0.00015966860509819547,0.9999999999999999,0.0,3,971763.8468653247,8.86757334228605e-11
2019-03-06,-0.030797483791778824,-0.009297340798184672,0.9999999999999999,0.0,3,941835.9655420532,8.86757334228605e-11
2019-03-07,0.0027447020974809,-0.011252438225459849,0.9999999999999999,0.0,3,944421.0246921594,8.86757334228605e-11
2019-03-08,0.011127689130449259,-0.0017947816197891875,0.9999999999999999,0.0,3,954930.2482631941,8.86757334228605e-11
2019-03-11,0.026459076455760844,0.020237198267889056,0.9999999999999999,0.0,3,980196.8207119087,8.86757334228605e-11
2019-03-12,0.0003863028980466421,0.0043621907690307715,0.9999999999999999,0.0,3,980575.4735844058,8.86757334228605e-11
2019-03-13,0.002824445786489216,0.006900302248846302,0.9999999999999999,0.0,3,983345.0558491059,8.86757334228605e-11
2019-03-14,0.012334031558242309,-0.0016353956771808509,0.9999999999999999,0.0,3,995473.6648005903,8.86757334228605e-11
2019-03-15,0.0015382674446418054,0.007550816152966933,0.9999999999999999,0.0,3,997004.9695311512,8.86757334228605e-11
2019-03-18,-0.010299706573150491,0.0033751836404405378,0.9999999999999999,0.0,3,986736.1108930075,8.86757334228605e-11
2019-03-19,0.007524365829765234,0.0012275876014975484,0.9999999999999999,0.0,3,994160.6743688063,8.86757334228605e-11
2019-03-20,0.00990247169320857,0.0006499265104014107,0.9999999999999999,0.0,3,1004005.3223052445,8.86757334228605e-11
2019-03-21,0.03187151974151603,0.01423084798541474,0.9999999999999999,0.0,3,1036004.4977556834,8.86757334228605e-11
2019-03-22,-0.03929095458666565,-0.02504032422668312,0.9999999999999999,0.0,3,995298.8920827835,8.86757334228605e-11
2019-03-25,0.01331235958884247,-0.0006712183133802396,0.9999999999999999,0.0,3,1008548.668832566,8.86757334228605e-11
2019-03-26,0.004815527483162274,0.007067720758254792,0.9999999999999999,0.0,3,1013405.3626654359,8.86757334228605e-11
2019-03-27,-0.01790804719621175,-0.0062588539066401605,0.9999999999999999,0.0,3,995257.2516019292,8.86757334228605e-11
2019-03-28,0.004997254969271836,0.003374161737008441,0.9999999999999999,0.0,3,1000230.8058482008,8.86757334228605e-11
2019-03-29,0.017822722125479418,0.007843078297170125,0.9999999999999999,0.0,3,1018057.6415621776,8.86757334228605e-11
2019-04-01,0.014201726597604658,0.012884756042828016,1.0,0.672000959635792,3,1032515.8178482458,-3.54702933691442e-11
2019-04-02,0.0037319359575478384,0.002526494683768421,1.0,0.0,3,1036369.1007556107,-3.54702933691442e-11
2019-04-03,0.017311888004667653,0.005970410424802175,1.0,0.0,3,1054310.60655939,-3.54702933691442e-11
2019-04-04,-0.02827690260367377,-0.0004774841645606154,1.0,0.0,3,1024497.9682236899,-3.54702933691442e-11
2019-04-05,0.014323371716013389,0.005944172441304074,1.0,0.0,3,1039172.2334448582,-3.54702933691442e-11
2019-04-08,0.0036073913549254932,0.0019134139500776026,1.0,0.0,3,1042920.9343760657,-3.54702933691442e-11
2019-04-09,-0.0028441466711481844,-0.005607338878727552,1.0,0.0,3,1039954.7142722893,-3.54702933691442e-11
2019-04-10,0.021344606067125405,0.006948850134243623,1.0,0.0,3,1062152.1379760813,-3.54702933691442e-11
2019-04-11,-0.0071611014665780015,-0.0021195116641509193,1.0,0.0,3,1054545.958743092,-3.54702933691442e-11
2019-04-12,0.0070668531953204106,0.0046305062892646465,1.0,0.0,3,1061998.2802212478,-3.54702933691442e-11
2019-04-15,-0.0014649362719050263,-0.0010208212004564343,1.0,0.0,3,1060442.520419851,-3.54702933691442e-11
2019-04-16,-0.013730889142046454,0.00303663117364783,1.0,0.0,3,1045881.7017304536,-3.54702933691442e-11
2019-04-17,-0.057178234968788266,-0.000518722586725584,1.0,0.0,3,986080.0320393536,-3.54702933691442e-11
2019-04-18,-0.004683582684858911,0.0002476213313571396,1.0,0.0,3,981461.644675409,-3.54702933691442e-11
2019-04-22,0.012119179449780804,0.0021517592747273273,1.0,0.0,3,993356.1544703073,-3.54702933691442e-11
2019-04-23,0.027036382210115617,0.013168589454877866,1.0,0.0,3,1020212.9111333371,-3.54702933691442e-11
2019-04-24,-0.017491016341296572,-0.0023162686112060404,1.0,0.0,3,1002368.3504331021,-3.54702933691442e-11
2019-04-25,0.00950436368599572,0.0020575635442949824,1.0,0.0,3,1011895.2237829498,-3.54702933691442e-11
2019-04-26,0.01563488513580502,0.0034143111093352108,1.0,0.0,3,1027716.0893762659,-3.54702933691442e-11
2019-04-29,0.005662201167846659,0.0018965678323745738,1.0,0.0,3,1033535.224617747,-3.54702933691442e-11
2019-04-30,0.001956880514098147,-0.006625960944810716,1.0,0.0,3,1035557.7295594356,-3.54702933691442e-11
2019-05-01,0.0008038382001698263,-0.007169653307876334,1.0,1.332889036987671,3,1036390.1504209365,2.5693225325085223e-11
2019-05-02,-0.0063624343210760825,-0.0015988416674677097,1.0,0.0,3,1029796.1861578731,2.5693225325085223e-11
2019-05-03,-0.011319930700102399,0.015830986826797178,1.0,0.0,3,1018138.9646953363,2.5693225325085223e-11
2019-05-06,0.00661913304806383,-0.0049865262126408405,1.0,0.0,3,1024878.1619640726,2.5693225325085223e-11
2019-05-07,-0.003464976035972178,-0.019638619327883133,1.0,0.0,3,1021326.9836930758,2.5693225325085223e-11
2019-05-08,0.003744663537630588,-0.0025666268839499295,1.0,0.0,3,1025151.5096089096,2.5693225325085223e-11
2019-05-09,0.0008052059858896232,-0.004120443444817656,1.0,0.0,3,1025976.9677408906,2.5693225325085223e-11
2019-05-10,0.010135664540960487,0.0008027340767942093,1.0,0.0,3,1036375.9261126642,2.5693225325085223e-11
2019-05-13,-0.049657975042176394,-0.03409396855469371,1.0,0.0,3,984911.596239449,2.5693225325085223e-11
2019-05-14,0.023759558976573336,0.011438468841457272,1.0,0.0,3,1008312.6613970111,2.5693225325085223e-11
2019-05-15,0.01713211791007274,0.011333610584961296,1.0,0.0,3,1025587.1928022839,2.5693225325085223e-11
2019-05-16,0.04332018144772576,0.009703201929178062,1.0,0.0,3,1070015.8160849425,2.5693225325085223e-11
2019-05-17,-0.0068512330923243825,-0.010353188707419858,1.0,0.0,3,1062684.888316471,2.5693225325085223e-11
2019-05-20,-0.0021073360959968923,-0.014572136990285367,1.0,0.0,3,1060445.4540926511,2.5693225325085223e-11
2019-05-21,0.01620844675755695,0.010820071339249226,1.0,0.0,3,1077633.6277746053,2.5693225325085223e-11
2019-05-22,-0.0019371060264187223,-0.004480047972954426,1.0,0.0,3,1075546.1371799717,2.5693225325085223e-11
2019-05-23,-0.023577238941651646,-0.01581248008764158,1.0,0.0,3,1050187.728910909,2.5693225325085223e-11
2019-05-24,0.015301904156782564,0.0011444257721118234,1.0,0.0,3,1066257.600885333,2.5693225325085223e-11
2019-05-28,0.00825611432194373,-0.0038836797093019237,1.0,0.0,3,1075060.7455348838,2.5693225325085223e-11
2019-05-29,-0.01776439625032722,-0.007892367146347001,1.0,0.0,3,1055962.94045803,2.5693225325085223e-11
2019-05-30,-3.334126262555248e-05,0.002704287982018938,1.0,0.0,3,1055927.7333203093,2.5693225325085223e-11
2019-05-31,-0.019217186135398356,-0.015139341436011255,1.0,0.0,3,1035635.7735235636,2.5693225325085223e-11
2019-06-03,-0.052255499898554825,-0.016118004013309872,0.0,1.0,0,981518.1084652633,981518.1084652633
2019-06-04,0.0,0.02646932641667421,0.0,0.0,0,981518.1084652633,981518.1084652633
2019-06-05,0.0,0.006424754668123311,0.0,0.0,0,981518.1084652633,981518.1084652633
2019-06-06,0.0,0.005289407403887392,0.0,0.0,0,981518.1084652633,981518.1084652633
2019-06-07,0.0,0.01661735571606404,0.0,0.0,0,981518.1084652633,981518.1084652633
2019-06-10,0.0,0.010471293183099029,0.0,0.0,0,981518.1084652633,981518.1084652633
2019-06-11,0.0,-7.670803621429023e-05,0.0,0.0,0,981518.1084652633,981518.1084652633
2019-06-12,0.0,-0.0038158304448751013,0.0,0.0,0,981518.1084652633,981518.1084652633
2019-06-13,0.0,0.0056988700813356274,0.0,0.0,0,981518.1084652633,981518.1084652633
2019-06-14,0.0,-0.005163841931470348,0.0,0.0,0,981518.1084652633,981518.1084652633
2019-06-17,0.0,0.006202630197991832,0.0,0.0,0,981518.1084652633,981518.1084652633
2019-06-18,0.0,0.01387630624268632,0.0,0.0,0,981518.1084652633,981518.1084652633
2019-06-19,0.0,0.004204224909154064,0.0,0.0,0,981518.1084652633,981518.1084652633
2019-06-20,0.0,0.008015204299194334,0.0,0.0,0,981518.1084652633,981518.1084652633
2019-06-21,0.0,-0.002438078690952694,0.0,0.0,0,981518.1084652633,981518.1084652633
2019-06-24,0.0,-0.003238388836250272,0.0,0.0,0,981518.1084652633,981518.1084652633
2019-06-25,0.0,-0.01511173251279141,0.0,0.0,0,981518.1084652633,981518.1084652633
2019-06-26,0.0,0.0032023964528253845,0.0,0.0,0,981518.1084652633,981518.1084652633
2019-06-27,0.0,0.007305918801059352,0.0,0.0,0,981518.1084652633,981518.1084652633
2019-06-28,0.0,0.0048295130583631,0.0,0.0,0,981518.1084652633,981518.1084652633
2019-07-01,-0.0009990009990009652,0.01060672648817107,1.0,0.999000999000999,3,980537.5708943689,-2.2282620193436742e-11
2019-07-02,-0.007113956150321066,0.002215949203428158,1.0,0.0,3,973562.0696112841,-2.2282620193436742e-11
2019-07-03,0.010239705423372936,0.007539711793548065,1.0,0.0,3,983531.058415473,-2.2282620193436742e-11
2019-07-05,0.0034252430317209814,-0.0010330186543096032,1.0,0.0,3,986899.8913197917,-2.2282620193436742e-11
2019-07-08,-0.011193842019695532,-0.007769141328066498,1.0,0.0,3,975852.6898471032,-2.2282620193436742e-11
2019-07-09,-0.003228658788191563,0.0053529348505865215,1.0,0.0,3,972701.994484048,-2.2282620193436742e-11
2019-07-10,5.35436701321057e-05,0.00746773720081606,1.0,0.0,3,972754.0765187775,-2.2282620193436742e-11
2019-07-11,0.011703370954459613,-0.0007912558396766523,1.0,0.0,3,984138.5783237396,-2.2282620193436742e-11
2019-07-12,0.013032331978428902,0.005868639001273657,1.0,0.0,3,996964.1989892337,-2.2282620193436742e-11
2019-07-15,-0.029932444769797173,0.0017043379517736046,1.0,0.0,3,967122.6231655234,-2.2282620193436742e-11
2019-07-16,-0.011234704040854582,-0.0042855151414283865,1.0,0.0,3,956257.2867230438,-2.2282620193436742e-11
2019-07-17,-0.014446030475989469,-0.004571411309320816,1.0,0.0,3,942443.1648161557,-2.2282620193436742e-11
2019-07-18,0.002023343574676595,0.002691464238547381,1.0,0.0,3,944350.0511381843,-2.2282620193436742e-11
2019-07-19,-0.010345380224915601,-0.007402000979574108,1.0,0.0,3,934580.3907937412,-2.2282620193436742e-11
2019-07-22,0.009668419297029995,0.007076593549452781,1.0,0.0,3,943616.3058787172,-2.2282620193436742e-11
2019-07-23,0.011316102524737026,0.005760604073582476,1.0,0.0,3,954294.3647400545,-2.2282620193436742e-11
2019-07-24,0.00586547403520532,0.008495479143152407,1.0,0.0,3,959891.75355838,-2.2282620193436742e-11
2019-07-25,-0.07360981036290803,-0.009969356486210335,1.0,0.0,3,889234.3036100283,-2.2282620193436742e-11
2019-07-26,-0.015231169593504235,0.0111269715265081,1.0,0.0,3,875690.2251233824,-2.2282620193436742e-11
2019-07-29,-0.013260742616819421,-0.004427247332300155,1.0,0.0,3,864077.9224359565,-2.2282620193436742e-11
2019-07-30,0.0037701578242397282,-0.002377778258217389,1.0,0.0,3,867335.6325759813,-2.2282620193436742e-11
2019-07-31,-0.013515574465594593,-0.011867914399256718,1.0,0.0,3,855613.093247237,-2.2282620193436742e-11
2019-08-01,0.004782491470873618,-0.007865014982288532,1.0,1.998001998001998,3,859705.0555680597,4.547473508864641e-13
2019-08-02,-0.02403816554276217,-0.013197967565540036,1.0,0.0,3,839039.3231243651,4.547473508864641e-13
2019-08-05,-0.03557117792997222,-0.034736053900979225,1.0,0.0,3,809193.7060712648,4.547473508864641e-13
2019-08-06,0.033008988112937176,0.013879037644123127,1.0,0.0,3,835904.3714960348,4.547473508864641e-13
2019-08-07,0.017383859046825823,0.0037736602976790046,1.0,0.0,3,850435.6152667474,4.547473508864641e-13
2019-08-08,0.03593857749397311,0.022425780254364147,1.0,0.0,3,880999.0615296462,4.547473508864641e-13
2019-08-09,-0.002083695580651579,-0.009953788456660062,1.0,0.0,3,879163.3276785787,4.547473508864641e-13
2019-08-12,-0.01732203761800899,-0.012027668667372704,1.0,0.0,3,863934.4274441564,4.547473508864641e-13
2019-08-13,0.022139452066501475,0.01945081028584772,1.0,0.0,3,883061.4622891566,4.547473508864641e-13
2019-08-14,-0.045468269661807725,-0.0302406582319239,1.0,0.0,3,842910.185593843,4.547473508864641e-13
2019-08-15,0.004715674415251225,-0.0009415817583050545,1.0,0.0,3,846885.0755904025,4.547473508864641e-13
2019-08-16,0.033748207713762746,0.01665719429227641,1.0,0.0,3,875465.929031113,4.547473508864641e-13
2019-08-19,0.025121485379945074,0.013528372920219578,1.0,0.0,3,897458.9335679081,4.547473508864641e-13
2019-08-20,0.0038142667431344535,-0.006778868837584939,1.0,0.0,3,900882.081331545,4.547473508864641e-13
2019-08-21,0.009788149315179018,0.009014198684866193,1.0,0.0,3,909700.0496589874,4.547473508864641e-13
2019-08-22,-0.01761851196132569,-0.003593409648874557,1.0,0.0,3,893672.488452852,4.547473508864641e-13
2019-08-23,-0.015948073375004146,-0.029984783248160896,1.0,0.0,3,879420.1340337833,4.547473508864641e-13
2019-08-26,0.024311109859405766,0.01315444085673323,1.0,0.0,3,900799.813524852,4.547473508864641e-13
2019-08-27,-0.012820866455575786,-0.003411113599097626,1.0,0.0,3,889250.7794124424,4.547473508864641e-13
2019-08-28,0.009144857079615987,0.0038239287634664887,1.0,0.0,3,897382.8506981062,4.547473508864641e-13
2019-08-29,-0.01790219351810929,0.01482906719752708,1.0,0.0,3,881317.7292450762,4.547473508864641e-13
2019-08-30,-0.019986748346123795,-0.0013181595115984157,1.0,0.0,3,863703.0535776776,4.547473508864641e-13
2019-09-03,-0.028109909657285992,-0.011141659941398818,1.0,1.998001998001998,3,839424.438770887,-9.322320693172514e-12
2019-09-04,0.020161829691829114,0.013045162581274417,1.0,0.0,3,856348.7713445448,-9.322320693172514e-12
2019-09-05,-0.030794913551553504,0.01754447876293086,1.0,0.0,3,829977.5849610105,-9.322320693172514e-12
2019-09-06,-0.0032503080310539723,-0.0016952800330266582,1.0,0.0,3,827279.902151017,-9.322320693172514e-12
2019-09-09,-0.06812930791953575,-0.0019288862598715317,1.0,0.0,3,770917.894961727,-9.322320693172514e-12
2019-09-10,-0.03165280717223573,-0.000405530061497017,1.0,0.0,3,746516.1794868775,-9.322320693172514e-12
2019-09-11,0.034350185372459485,0.010578711688568498,1.0,0.0,3,772159.148635792,-9.322320693172514e-12
2019-09-12,0.0020498837881064436,0.003034329299695271,1.0,0.0,3,773741.9851564185,-9.322320693172514e-12
2019-09-13,-0.02314677954962585,-0.0021672787441021635,1.0,0.0,3,755832.349997713,-9.322320693172514e-12
2019-09-16,0.0023249949020562877,-0.0028336580360560637,1.0,0.0,3,757589.6563582668,-9.322320693172514e-12
2019-09-17,0.007525085209648674,0.003983545797285659,1.0,0.0,3,763290.5830763113,-9.322320693172514e-12
2019-09-18,0.001776693692860487,-0.0010542241528851415,1.0,0.0,3,764646.7166410828,-9.322320693172514e-12
2019-09-19,-0.00390863826729515,0.0006713388908767826,1.0,0.0,3,761657.9892234579,-9.322320693172514e-12
2019-09-20,0.005898774559319753,-0.007969076999407076,1.0,0.0,3,766150.8379931918,-9.322320693172514e-12
2019-09-23,-0.005498651322625281,-0.0006417974694929995,1.0,0.0,3,761938.04167453,-9.322320693172514e-12
2019-09-24,-0.024348174328894467,-0.014647850343792124,1.0,0.0,3,743386.2414080221,-9.322320693172514e-12
2019-09-25,-0.02167843628781707,0.010477092515879471,1.0,0.0,3,727270.7901364185,-9.322320693172514e-12
2019-09-26,-0.015263812250986053,-0.005784016671049441,1.0,0.0,3,716169.86534015,-9.322320693172514e-12
2019-09-27,-0.025824366169385327,-0.011335344508786482,1.0,0.0,3,697675.2324981266,-9.322320693172514e-12
2019-09-30,0.021250480879171585,0.007520489084761994,1.0,0.0,3,712501.1666861996,-9.322320693172514e-12
2019-10-01,-0.010422797827159047,-0.011333385287620845,1.0,1.3328890369876707,3,705074.9110742144,3.342393029015511e-11
2019-10-02,-0.020571838790317987,-0.015606927689401306,1.0,0.0,3,690570.2236684979,3.342393029015511e-11
2019-10-03,0.010095553670387725,0.011177547284929812,1.0,0.0,3,697541.9124247148,3.342393029015511e-11
2019-10-04,-0.0013443465889861894,0.013998529013867556,1.0,0.0,3,696604.1743340717,3.342393029015511e-11
2019-10-07,0.0029108970945632695,-0.0032797115860200288,1.0,0.0,3,698631.9174012014,3.342393029015511e-11
2019-10-08,-0.016186152685451427,-0.016654772513319593,1.0,0.0,3,687323.7545152159,3.342393029015511e-11
2019-10-09,0.008869088815352422,0.010220175163927703,1.0,0.0,3,693419.6899389129,3.342393029015511e-11
2019-10-10,0.006329697423695935,0.005951562021231371,1.0,0.0,3,697808.8267638593,3.342393029015511e-11
2019-10-11,-0.00236529720108003,0.013364751970617927,1.0,0.0,3,696158.3014990258,3.342393029015511e-11
2019-10-14,-0.0024024496895888037,-0.0010413377617586317,1.0,0.0,3,694485.8162036848,3.342393029015511e-11
2019-10-15,0.0064625291834146115,0.012431911096046022,1.0,0.0,3,698973.9510583687,3.342393029015511e-11
2019-10-16,-0.007726616566286704,-0.003010267882891937,1.0,0.0,3,693573.2473487182,3.342393029015511e-11
2019-10-17,0.012276871254969679,0.004021316513880269,1.0,0.0,3,702088.1568123096,3.342393029015511e-11
2019-10-18,0.002580249252251754,-0.008251972167540478,1.0,0.0,3,703899.7192539393,3.342393029015511e-11
2019-10-21,0.00502319881422042,0.009079651006114187,1.0,0.0,3,707435.5474890259,3.342393029015511e-11
2019-10-22,-0.01721651743143149,-0.0071898163004042726,1.0,0.0,3,695255.9710540668,3.342393029015511e-11
2019-10-23,-0.004552241482015051,0.0019113557472294485,1.0,0.0,3,692090.9979820158,3.342393029015511e-11
2019-10-24,0.0039227491543507575,0.00812949595987078,1.0,0.0,3,694805.8973590835,3.342393029015511e-11
2019-10-25,-0.0155161508012166,0.007002406777649295,1.0,0.0,3,684025.1842780854,3.342393029015511e-11
2019-10-28,-0.00044055506873230676,0.010053244280645579,1.0,0.0,3,683723.8335160111,3.342393029015511e-11
2019-10-29,-0.003348123880795306,-0.005902072764870758,1.0,0.0,3,681434.6414211473,3.342393029015511e-11
2019-10-30,0.013002826746384644,0.0032779259393573845,1.0,0.0,3,690295.2180025312,3.342393029015511e-11
2019-10-31,-0.007330123848358738,-0.0013993409546181335,1.0,0.0,3,685235.2685626429,3.342393029015511e-11
2019-11-01,0.0002452708109970114,0.011340558714741933,1.0,1.998001998001998,3,685403.3367726869,-5.5933924159035087e-11
2019-11-04,-0.018283266850045887,0.0055804394934444446,1.0,0.0,3,672871.92466656,-5.5933924159035087e-11
2019-11-05,-0.013306849786498876,0.00017543755216453683,1.0,0.0,3,663918.1190394697,-5.5933924159035087e-11
2019-11-06,-0.006419159916371209,-0.002851299735780244,1.0,0.0,3,659656.322461979,-5.5933924159035087e-11
2019-11-07,-0.0028983973966832943,0.0028404055681965357,1.0,0.0,3,657744.3762942496,-5.5933924159035087e-11
2019-11-08,0.02471809221733623,0.004836090544339866,1.0,0.0,3,674002.5624429252,-5.5933924159035087e-11
2019-11-11,0.008658812141786987,-0.001301344790991532,1.0,0.0,3,679838.6240142015,-5.5933924159035087e-11
2019-11-12,0.01544507143781848,0.002576651437216526,1.0,0.0,3,690338.780128289,-5.5933924159035087e-11
2019-11-13,0.024914004344261498,-0.00047020478147663525,1.0,0.0,3,707537.8834954174,-5.5933924159035087e-11
2019-11-14,-0.00020297919623901706,-0.00036312943083094407,1.0,0.0,3,707394.2680245169,-5.5933924159035087e-11
2019-11-15,-0.005651631029214177,0.0072898287355041,1.0,0.0,3,703396.3366294613,-5.5933924159035087e-11
2019-11-18,-0.002105804495798891,0.0010666761770614652,1.0,0.0,3,701915.1214614585,-5.5933924159035087e-11
2019-11-19,0.02095511860746968,0.002423385313890636,1.0,0.0,3,716623.8360840599,-5.5933924159035087e-11
2019-11-20,-0.024882030599166494,-0.005125591141741936,1.0,0.0,3,698792.7798665243,-5.5933924159035087e-11
2019-11-21,-0.0005592924871156146,-0.0024066082538906075,1.0,0.0,3,698401.9503146943,-5.5933924159035087e-11
2019-11-22,-0.003973153353047709,0.001607049437998942,1.0,0.0,3,695627.0922640264,-5.5933924159035087e-11
2019-11-25,0.07925054860142189,0.013217357676603037,1.0,0.0,3,750755.9209479624,-5.5933924159035087e-11
2019-11-26,0.07624365291303481,0.0017885337419787373,1.0,0.0,3,807996.2948071247,-5.5933924159035087e-11
2019-11-27,0.010395419567382325,0.006618948347834053,1.0,0.0,3,816395.755300535,-5.5933924159035087e-11
2019-11-29,0.021651701582184657,-0.004560531322886807,1.0,0.0,3,834072.1125672645,-5.5933924159035087e-11
2019-12-02,-0.07082732591390495,-0.0112491882580813,1.0,1.3328890369876705,3,774997.0152147636,6.821210263296962e-13
2019-12-03,0.026312055266239254,-0.005526453566671918,1.0,0.0,3,795388.7795102649,6.821210263296962e-13
2019-12-04,-0.006339218292478077,0.005402211824567793,1.0,0.0,3,790346.6364095616,6.821210263296962e-13
2019-12-05,-0.00786640987496412,0.00047046285745167005,1.0,0.0,3,784129.4458242648,6.821210263296962e-13
2019-12-06,0.015806489727878237,0.010014362653823827,1.0,0.0,3,796523.7798550129,6.821210263296962e-13
2019-12-09,0.002720001414612483,-0.004008557562606985,1.0,0.0,3,798690.325662991,6.821210263296962e-13
2019-12-10,0.018284256363075624,-0.0006553597014163914,1.0,0.0,3,813293.7843321215,6.821210263296962e-13
2019-12-11,-0.013763275152945065,0.004395230986187437,1.0,0.0,3,802100.1981981786,6.821210263296962e-13
2019-12-12,-0.014859029350373087,0.007311085730058897,1.0,0.0,3,790181.7678112118,6.821210263296962e-13
2019-12-13,-0.0062660406416370495,0.002014334611520452,1.0,0.0,3,785230.4567398261,6.821210263296962e-13
2019-12-16,0.007685462837598411,0.009084337839607715,1.0,0.0,3,791265.3162340506,6.821210263296962e-13
2019-12-17,-0.007596184276917661,0.0010358136198049817,1.0,0.0,3,785254.7190800032,6.821210263296962e-13
2019-12-18,0.007209070190308697,0.0004952874870667312,1.0,0.0,3,790915.6754671221,6.821210263296962e-13
2019-12-19,0.005951767449239087,0.006738900785428381,1.0,0.0,3,795623.0216394602,6.821210263296962e-13
2019-12-20,-0.026794328767976272,0.004246581188940279,1.0,0.0,3,774304.8368222818,6.821210263296962e-13
2019-12-23,0.0017862645755450934,0.0023182624908124616,1.0,0.0,3,775687.9501229707,6.821210263296962e-13
2019-12-24,0.010561422547049393,0.0008081581189445242,1.0,0.0,3,783880.318328874,6.821210263296962e-13
2019-12-26,0.00403741639455113,0.007763948670862941,1.0,0.0,3,787045.169577461,6.821210263296962e-13
2019-12-27,-0.009918582051974045,-0.0017478185601739193,1.0,0.0,3,779238.7974843971,6.821210263296962e-13
2019-12-30,-0.008940740685296933,-0.0067317039385285105,1.0,0.0,3,772271.8254641665,6.821210263296962e-13
2019-12-31,-0.006347269261066657,0.002974449938476287,1.0,0.0,3,767370.0082452099,6.821210263296962e-13
2020-01-02,-8.409098247819102e-05,0.013328444969281872,1.0,1.9980019980019983,3,767305.4793472923,-4.774847184307873e-11
2020-01-03,-0.0022333608112447,-0.007855191857838673,1.0,0.0,3,765591.8093594648,-4.774847184307873e-11
2020-01-06,0.0021854112796297898,0.005619309971283348,1.0,0.0,3,767264.9423352312,-4.774847184307873e-11
2020-01-07,0.0001299769845235499,-0.00031746819144873317,1.0,0.0,3,767364.6691187666,-4.774847184307873e-11
2020-01-08,0.007900606029906942,0.006689040547814162,1.0,0.0,3,773427.3150507438,-4.774847184307873e-11
2020-01-09,0.01161038539311865,0.008126579909684128,1.0,0.0,3,782407.1042520478,-4.774847184307873e-11
2020-01-10,-0.00028558530335720533,-0.0026695808846131097,1.0,0.0,3,782183.6602818312,-4.774847184307873e-11
2020-01-13,0.010440361335920745,0.010357418661689266,1.0,0.0,3,790349.9403262266,-4.774847184307873e-11
2020-01-14,-0.018448097398377383,-0.002436895763831548,1.0,0.0,3,775769.4876482866,-4.774847184307873e-11
2020-01-15,0.016488589550857524,0.0007966530131704452,1.0,0.0,3,788560.8323161983,-4.774847184307873e-11
2020-01-16,0.006093488643667433,0.010631049485758437,1.0,0.0,3,793365.9187927579,-4.774847184307873e-11
2020-01-17,0.0022834534189453137,0.0033996001273852716,1.0,0.0,3,795177.5329125,-4.774847184307873e-11
2020-01-21,-0.009558984544583371,-0.001931080529598339,1.0,0.0,3,787576.4431651895,-4.774847184307873e-11
2020-01-22,0.006193488433892336,0.0013830075044956036,1.0,0.0,3,792454.2887567391,-4.774847184307873e-11
2020-01-23,-0.0059986559891274105,0.0019939748093769083,1.0,0.0,3,787700.6280913788,-4.774847184307873e-11
2020-01-24,-0.009927609259072767,-0.00931353167922011,1.0,0.0,3,779880.6440425614,-4.774847184307873e-11
2020-01-27,-0.00803423724809682,-0.018851561231368552,1.0,0.0,3,773614.897923125,-4.774847184307873e-11
2020-01-28,0.013041354642741698,0.014264764594472235,1.0,0.0,3,783703.8841638488,-4.774847184307873e-11
2020-01-29,-0.002547672287046665,0.0005912286268099365,1.0,0.0,3,781707.2634969137,-4.774847184307873e-11
2020-01-30,0.013955178335862906,0.002562705062495896,1.0,0.0,3,792616.1277654525,-4.774847184307873e-11
2020-01-31,-0.016072823014837034,-0.015914659511836238,1.0,0.0,3,779876.549025173,-4.774847184307873e-11
2020-02-03,0.013012951392743721,0.013382231185769866,1.0,1.332889036987671,3,790025.0446499783,-7.048583938740194e-12
2020-02-04,0.0279583869704072,0.020981440637460214,1.0,0.0,3,812112.8705646156,-7.048583938740194e-12
2020-02-05,-0.016343554671524707,0.004299760274898423,1.0,0.0,3,798840.0594650939,-7.048583938740194e-12
2020-02-06,0.020249762438436347,0.0066750276592026925,1.0,0.0,3,815016.3808955684,-7.048583938740194e-12
2020-02-07,-0.009628461522083076,-0.005394879712713352,1.0,0.0,3,807169.027032248,-7.048583938740194e-12
2020-02-10,0.008513410248731867,0.011331304968563938,1.0,0.0,3,814040.7880994433,-7.048583938740194e-12
2020-02-11,-0.0004361825841090461,0.0010958011088375574,1.0,0.0,3,813685.71768492,-7.048583938740194e-12
2020-02-12,-0.0029026542814885037,0.009027921782771786,1.0,0.0,3,811323.8693526958,-7.048583938740194e-12
2020-02-13,0.011714191033181276,-0.001438449263620245,1.0,0.0,3,820827.872148073,-7.048583938740194e-12
2020-02-14,0.016930193265951132,0.001977971574602444,1.0,0.0,3,834724.6466616194,-7.048583938740194e-12
2020-02-18,0.0030525432576324896,0.0001603608244948873,1.0,0.0,3,837272.6797537659,-7.048583938740194e-12
2020-02-19,0.014050212000931817,0.008675819786086558,1.0,0.0,3,849036.5384068945,-7.048583938740194e-12
2020-02-20,-0.006277850965925258,-0.006745287549335677,1.0,0.0,3,843706.413554151,-7.048583938740194e-12
2020-02-21,-0.037867591180638316,-0.017882362352014458,1.0,0.0,3,811757.2840091998,-7.048583938740194e-12
2020-02-24,-0.03791617028005323,-0.037101881506922174,1.0,0.0,3,780978.5566026334,-7.048583938740194e-12
2020-02-25,-0.03714866365222014,-0.027726074002977774,1.0,0.0,3,751966.2468838058,-7.048583938740194e-12
2020-02-26,-0.029904671293989216,0.0016908051235420274,1.0,0.0,3,729478.9434465709,-7.048583938740194e-12
2020-02-27,-0.018678659547296528,-0.04613067955925165,1.0,0.0,3,715853.2546150108,-7.048583938740194e-12
2020-02-28,0.022492983644930797,0.0001038466147211814,1.0,0.0,3,731954.9301632368,-7.048583938740194e-12
2020-03-02,0.009137097897721214,0.044914576527982586,0.9999999999999999,1.3352925711080068,3,738642.874016858,6.889422365929931e-11
2020-03-03,-0.026450639034655388,-0.029945823525981186,0.9999999999999999,0.0,3,719105.2979807177,6.889422365929931e-11
2020-03-04,0.04213790323759281,0.03846114074039164,0.9999999999999999,0.0,3,749406.8874446696,6.889422365929931e-11
2020-03-05,0.0034795962681317683,-0.030993259792112537,0.9999999999999999,0.0,3,752014.5208535343,6.889422365929931e-11
2020-03-06,-0.02059905084133362,-0.018649427851619715,0.9999999999999999,0.0,3,736523.7355050512,6.889422365929931e-11
2020-03-09,-0.05923853912146326,-0.07287401875463217,0.9999999999999998,0.0,3,692893.1453854489,6.889422365929931e-11
2020-03-10,0.05257976774518336,0.04950139989280422,0.9999999999999999,0.0,3,729325.3060420455,6.889422365929931e-11
2020-03-11,-0.0558109109796574,-0.047002450789465855,0.9999999999999998,0.0,3,688620.9963113215,6.889422365929931e-11
2020-03-12,-0.03216647956904284,-0.09434674315042646,0.9999999999999998,0.0,3,666470.4831026595,6.889422365929931e-11
2020-03-13,0.01735857410244357,0.09336974349106453,0.9999999999999998,0.0,3,678039.4603706883,6.889422365929931e-11
2020-03-16,-0.14072385509973573,-0.12314095473462161,0.9999999999999998,0.0,3,582623.1335975806,6.889422365929931e-11
2020-03-17,0.004407838167645339,0.06230493229300893,0.9999999999999998,0.0,3,585191.2420832051,6.889422365929931e-11
2020-03-18,-0.03239346652962638,-0.047027996668693506,0.9999999999999998,0.0,3,566234.8691693523,6.889422365929931e-11
2020-03-19,0.02377284252159151,0.022996278112125124,0.9999999999999998,0.0,3,579695.8815443494,6.889422365929931e-11
2020-03-20,-0.012652938629965638,-0.03790742795818758,0.9999999999999998,0.0,3,572361.0251311249,6.889422365929931e-11
2020-03-23,-0.016932921455337535,-0.00274003128125222,0.9999999999999998,0.0,3,562669.2808484831,6.889422365929931e-11
2020-03-24,0.11391741944337341,0.08121510116672437,0.9999999999999998,0.0,3,626767.1133228011,6.889422365929931e-11
2020-03-25,0.024826871043825305,-0.00452555055670445,0.9999999999999998,0.0,3,642327.7796197769,6.889422365929931e-11
2020-03-26,0.06731202222889476,0.05596340338746186,0.9999999999999998,0.0,3,685564.16139978,6.889422365929931e-11
2020-03-27,0.008097382594056235,-0.037852976708038666,0.9999999999999998,0.0,3,691115.4367074072,6.889422365929931e-11
2020-03-30,0.038111753548694116,0.03622450523999721,0.9999999999999999,0.0,3,717455.0579048981,6.889422365929931e-11
2020-03-31,-0.03781040687059123,-0.009525131487367,0.9999999999999998,0.0,3,690327.7902541503,6.889422365929931e-11
2020-04-01,-0.04368770091517482,-0.04409293328537367,0.0,0.9999999999999998,0,660168.9562200934,660168.9562200934
2020-04-02,0.0,0.017217392960644506,0.0,0.0,0,660168.9562200934,660168.9562200934
2020-04-03,0.0,-0.015256480428131214,0.0,0.0,0,660168.9562200934,660168.9562200934
2020-04-06,0.0,0.07326111918952294,0.0,0.0,0,660168.9562200934,660168.9562200934
2020-04-07,0.0,-0.0032831557419424895,0.0,0.0,0,660168.9562200934,660168.9562200934
2020-04-08,0.0,0.025818865507638122,0.0,0.0,0,660168.9562200934,660168.9562200934
2020-04-09,0.0,0.007746999811479638,0.0,0.0,0,660168.9562200934,660168.9562200934
2020-04-13,0.0,0.004763527128408329,0.0,0.0,0,660168.9562200934,660168.9562200934
2020-04-14,0.0,0.03946578714794624,0.0,0.0,0,660168.9562200934,660168.9562200934
2020-04-15,0.0,-0.014392230988916177,0.0,0.0,0,660168.9562200934,660168.9562200934
2020-04-16,0.0,0.016582595032488046,0.0,0.0,0,660168.9562200934,660168.9562200934
2020-04-17,0.0,0.013803823851603836,0.0,0.0,0,660168.9562200934,660168.9562200934
2020-04-20,0.0,-0.010336145326487078,0.0,0.0,0,660168.9562200934,660168.9562200934
2020-04-21,0.0,-0.03475170722872312,0.0,0.0,0,660168.9562200934,660168.9562200934
2020-04-22,0.0,0.02809426652203406,0.0,0.0,0,660168.9562200934,660168.9562200934
2020-04-23,0.0,-7.414618385692684e-05,0.0,0.0,0,660168.9562200934,660168.9562200934
2020-04-24,0.0,0.016453633126342737,0.0,0.0,0,660168.9562200934,660168.9562200934
2020-04-27,0.0,0.011076551509322519,0.0,0.0,0,660168.9562200934,660168.9562200934
2020-04-28,0.0,-0.014023763275271883,0.0,0.0,0,660168.9562200934,660168.9562200934
2020-04-29,0.0,0.03566323318324138,0.0,0.0,0,660168.9562200934,660168.9562200934
2020-04-30,0.0,-0.0028223240015657902,0.0,0.0,0,660168.9562200934,660168.9562200934
2020-05-01,-0.0009990009990009652,-0.03201507459916597,0.9999999999999998,0.9990009990009988,3,659509.4467733201,1.2516920833149925e-10
2020-05-04,0.009311337000411646,0.012290576649705676,0.9999999999999998,0.0,3,665650.3614871815,1.2516920833149925e-10
2020-05-05,0.032484238713824,0.011297598014398558,0.9999999999999998,0.0,3,687273.5067296744,1.2516920833149925e-10
2020-05-06,0.003925964968215068,0.005138935499358288,0.9999999999999998,0.0,3,689971.7184406774,1.2516920833149925e-10
2020-05-07,0.04689986305710936,0.014147852721547283,0.9999999999999999,0.0,3,722331.2975488235,1.2516920833149925e-10
2020-05-08,0.010971750095728039,0.015775663760639658,0.9999999999999999,0.0,3,730256.5360318522,1.2516920833149925e-10
2020-05-11,0.029869412079584823,0.00778609868573521,0.9999999999999999,0.0,3,752068.8694303979,1.2516920833149925e-10
2020-05-12,-0.0226132260937969,-0.02064653876263356,0.9999999999999999,0.0,3,735062.166047862,1.2516920833149925e-10
2020-05-13,-0.04785079421903082,-0.015482269256649972,0.9999999999999999,0.0,3,699888.8576021107,1.2516920833149925e-10
2020-05-14,0.005444001165201717,0.009088148022526221,0.9999999999999999,0.0,3,703699.0533584083,1.2516920833149925e-10
2020-05-15,0.018589504170939186,0.007920630607419543,0.9999999999999999,0.0,3,716780.4698459004,1.2516920833149925e-10
2020-05-18,-0.001643899825188977,0.02443497073334555,0.9999999999999999,0.0,3,715602.1545568219,1.2516920833149925e-10
2020-05-19,-0.023088144701730484,-0.005385101778970447,0.9999999999999999,0.0,3,699080.2284635439,1.2516920833149925e-10
2020-05-20,-0.005183347278166495,0.020759785773036166,0.9999999999999998,0.0,3,695456.6528641174,1.2516920833149925e-10
2020-05-21,-0.005815962023822396,-0.009695235712807837,0.9999999999999998,0.0,3,691411.9033818451,1.2516920833149925e-10
2020-05-22,0.012148907294875277,0.004276835072470897,0.9999999999999999,0.0,3,699811.8024986044,1.2516920833149925e-10
2020-05-26,-0.032940813055473694,0.0016762024212582105,0.9999999999999998,0.0,3,676759.4327384838,1.2516920833149925e-10
2020-05-27,-0.016871114775211415,0.007723662003368048,0.9999999999999998,0.0,3,665341.7466735458,1.2516920833149925e-10
2020-05-28,0.02154482966747473,-0.004607792111317677,0.9999999999999998,0.0,3,679676.4212762875,1.2516920833149925e-10
2020-05-29,0.026108905483640088,0.01290212684820613,0.9999999999999998,0.0,3,697422.0287188488,1.2516920833149925e-10
2020-06-01,0.0025965570110830782,0.006552218243746077,1.0,1.9980019980019976,3,699232.9247772025,2.319211489520967e-11
2020-06-02,0.006815617666660279,0.005897174028552499,1.0,0.0,3,703998.6290524246,2.319211489520967e-11
2020-06-03,0.03657791130847765,0.007756801955759451,1.0,0.0,3,729749.4284671941,2.319211489520967e-11
2020-06-04,-0.013926563345496912,-0.006929796787746745,1.0,0.0,3,719586.5268253055,2.319211489520967e-11
2020-06-05,-0.01632402922349685,0.020619220663437243,1.0,0.0,3,707839.9753325747,2.319211489520967e-11
2020-06-08,-0.0007071986503884853,0.011276645276208974,1.0,0.0,3,707339.3918573285,2.319211489520967e-11
2020-06-09,-0.0023934526492496166,0.0029219879593944675,1.0,0.0,3,705646.408515969,2.319211489520967e-11
2020-06-10,0.014948761581944137,0.006685902298128932,1.0,0.0,3,716194.9484380293,2.319211489520967e-11
2020-06-11,-0.01535148320376356,-0.0526500514485605,1.0,0.0,3,705200.2937164626,2.319211489520967e-11
2020-06-12,0.00027449628112563573,0.010121334425326811,1.0,0.0,3,705393.8685745364,2.319211489520967e-11
2020-06-15,0.04771411910875667,0.014309377881483787,1.0,0.0,3,739051.1156382886,2.319211489520967e-11
2020-06-16,0.01964299415553361,0.01746352657425776,1.0,0.0,3,753568.292383412,2.319211489520967e-11
2020-06-17,-0.0011567334150148767,0.0014814462853549593,1.0,0.0,3,752696.6147591164,2.319211489520967e-11
2020-06-18,0.001096014533689571,0.003281307762108332,1.0,0.0,3,753521.5811883514,2.319211489520967e-11
2020-06-19,0.028597984813311772,0.00030878855700788854,1.0,0.0,3,775070.7799236786,2.319211489520967e-11
2020-06-22,0.00962778704082301,0.011097784753272721,1.0,0.0,3,782532.9963343485,2.319211489520967e-11
2020-06-23,0.00287438651841021,0.007447959031472218,1.0,0.0,3,784782.2986292231,2.319211489520967e-11
2020-06-24,0.0004513440425140125,-0.021934825515335432,1.0,0.0,3,785136.5054443799,2.319211489520967e-11
2020-06-25,0.009739993566758143,0.010881849951931866,1.0,0.0,3,792783.7299564352,2.319211489520967e-11
2020-06-26,-0.017212096801966004,-0.025933942298093315,1.0,0.0,3,779138.2596534013,2.319211489520967e-11
2020-06-29,-0.010664084771189408,0.011984018357196646,1.0,0.0,3,770829.4632039805,2.319211489520967e-11
2020-06-30,0.013795784620972418,0.01870028230479459,1.0,0.0,3,781463.6604578424,2.319211489520967e-11
2020-07-01,0.024705838894787613,0.00952397919282566,1.0,1.332889036987671,3,800770.3757552449,-1.8189894035458565e-11
2020-07-02,0.009398790035289872,0.005219309681102624,1.0,0.0,3,808296.6483834486,-1.8189894035458565e-11
2020-07-06,0.03554786586949188,0.022140366869405792,1.0,0.0,3,837029.8692229433,-1.8189894035458565e-11
2020-07-07,0.008713253964590661,-0.008597148006331268,1.0,0.0,3,844323.1230494309,-1.8189894035458565e-11
2020-07-08,0.024721946010956675,0.014365915588282263,1.0,0.0,3,865196.4337132613,-1.8189894035458565e-11
2020-07-09,-0.00035713219625288506,0.00527041219919,1.0,0.0,3,864887.4442106991,-1.8189894035458565e-11
2020-07-10,-0.008178916478209897,0.006598589404398725,1.0,0.0,3,857813.6020414473,-1.8189894035458565e-11
2020-07-13,-0.049626188071644095,-0.021342380569917996,1.0,0.0,3,815243.582896124,-1.8189894035458565e-11
2020-07-14,0.025154143548562713,0.009410276579479238,1.0,0.0,3,835750.3370073377,-1.8189894035458565e-11
2020-07-15,0.004770262611677456,0.005902619745450588,1.0,0.0,3,839737.0855926606,-1.8189894035458565e-11
2020-07-16,-0.021023099177778892,-0.007266022577794629,1.0,0.0,3,822083.2095589871,-1.8189894035458565e-11
2020-07-17,0.008933973676382267,0.0028032056773577008,1.0,0.0,3,829427.679312983,-1.8189894035458565e-11
2020-07-20,0.03180750510788588,0.025125641824030875,1.0,0.0,3,855809.7044593525,-1.8189894035458565e-11
2020-07-21,-0.011394111542698537,-0.008055045663313831,1.0,0.0,3,846058.5132274188,-1.8189894035458565e-11
2020-07-22,-0.003669357843314125,0.0024127931113635537,1.0,0.0,3,842954.021786005,-1.8189894035458565e-11
2020-07-23,-0.02080071701618058,-0.02285882034739739,1.0,0.0,3,825419.973721183,-1.8189894035458565e-11
2020-07-24,-0.014386798825755887,-0.009386907703102687,1.0,0.0,3,813544.8226124956,-1.8189894035458565e-11
2020-07-27,0.023908971792891087,0.01670329595678388,1.0,0.0,3,832995.8428285903,-1.8189894035458565e-11
2020-07-28,-0.029657926922940225,-0.012736938256066033,1.0,0.0,3,808290.912994867,-1.8189894035458565e-11
2020-07-29,0.01662797364174806,0.013535805790592548,1.0,0.0,3,821731.1529910101,-1.8189894035458565e-11
2020-07-30,0.022737754609954974,0.004258733204005161,1.0,0.0,3,840415.4743030751,-1.8189894035458565e-11
2020-07-31,0.023211516445137415,0.014875611833914837,1.0,0.0,3,859922.791905609,-1.8189894035458565e-11
2020-08-03,0.07235590474702303,0.014657571490001686,0.9999999999999999,0.6936873453258149,3,922143.2835265254,1.0197709343628958e-10
2020-08-04,0.04031212107962179,0.0035220677903302633,0.9999999999999999,0.0,3,959316.8352248067,1.0197709343628958e-10
2020-08-05,0.02843545759934818,0.005227963930319213,0.9999999999999999,0.0,3,986595.4484171825,1.0197709343628958e-10
2020-08-06,0.10610592124485096,0.009974104961663288,1.0,0.0,3,1091279.0673674645,1.0197709343628958e-10
2020-08-07,0.0317703596089427,-0.008741333215989466,1.0,0.0,3,1125949.3957714406,1.0197709343628958e-10
2020-08-10,0.007969727387065806,-0.003868822087003898,1.0,0.0,3,1134922.9055073704,1.0197709343628958e-10
2020-08-11,-0.029351959086729162,-0.016921391746420933,1.0,0.0,3,1101610.6948183263,1.0197709343628958e-10
2020-08-12,0.041233336189042236,0.021274660037738924,1.0,0.0,3,1147033.7789472148,1.0197709343628958e-10
2020-08-13,0.014134306629657534,0.0027514755861413054,1.0,0.0,3,1163246.3060934297,1.0197709343628958e-10
2020-08-14,-0.011272147245166453,-0.002100991623273707,1.0,0.0,3,1150134.0224487486,1.0197709343628958e-10
2020-08-17,0.029621356799163,0.010018821704079528,1.0,0.0,3,1184202.5526945596,1.0197709343628958e-10
2020-08-18,0.01359534500068782,0.007286773097446186,1.0,0.0,3,1200302.1949491373,1.0197709343628958e-10
2020-08-19,0.021006110510401577,-0.005735522990964581,1.0,0.0,3,1225515.8755021165,1.0197709343628958e-10
2020-08-20,0.015108373832363853,0.01063113981967434,1.0,0.0,3,1244031.427486699,1.0197709343628958e-10
2020-08-21,-0.0003342220956953357,0.004154442964935612,1.0,0.0,3,1243615.6446958936,1.0197709343628958e-10
2020-08-24,-0.03209143106261225,0.0060026168426352555,1.0,0.0,3,1203706.2389657493,1.0197709343628958e-10
2020-08-25,-0.012796441219571575,0.007627599890549064,1.0,0.0,3,1188303.0828331925,1.0197709343628958e-10
2020-08-26,-0.018920605303470506,0.01731998430209747,1.0,0.0,3,1165819.6692220084,1.0197709343628958e-10
2020-08-27,-0.0188392117489925,-0.0034118697109108975,1.0,0.0,3,1143856.5456123946,1.0197709343628958e-10
2020-08-28,0.033095249188346054,0.006047138672500951,1.0,0.0,3,1181712.7630251576,1.0197709343628958e-10
2020-08-31,0.027580168461424526,0.00683166342322461,1.0,0.0,3,1214304.600102407,1.0197709343628958e-10
2020-09-01,0.05811899923377095,0.013944223175236692,0.9999999999999998,1.4296428594360784,3,1284878.7682253232,1.2778400559909642e-10
2020-09-02,-0.01904401730112748,0.009774131514625584,0.9999999999999998,0.0,3,1260409.5147333888,1.2778400559909642e-10
2020-09-03,-0.09859455573522824,-0.04962516009338913,0.9999999999999998,0.0,3,1136139.9985837957,1.2778400559909642e-10
2020-09-04,-0.02708245676433807,-0.012654803594131736,0.9999999999999998,0.0,3,1105370.536193915,1.2778400559909642e-10
2020-09-08,-0.03337745959960903,-0.041138097997475476,0.9999999999999998,0.0,3,1068476.0757795044,1.2778400559909642e-10
2020-09-09,0.09312117563051214,0.02709324507327371,0.9999999999999998,0.0,3,1167973.824089168,1.2778400559909642e-10
2020-09-10,-0.01606904180177182,-0.019925325623800005,0.9999999999999998,0.0,3,1149205.603886504,1.2778400559909642e-10
2020-09-11,-0.00528572960413487,-0.006053298877369051,0.9999999999999998,0.0,3,1143131.2138048033,1.2778400559909642e-10
2020-09-14,0.023073197513943988,0.01872208964850053,0.9999999999999998,0.0,3,1169506.906085276,1.2778400559909642e-10
2020-09-15,0.0025928242912924837,0.012083134894079972,0.9999999999999998,0.0,3,1172539.2320002082,1.2778400559909642e-10
2020-09-16,0.003363237855994461,-0.012492945005816658,0.9999999999999998,0.0,3,1176482.76033291,1.2778400559909642e-10
2020-09-17,-0.024534237134453907,-0.012687226822315711,0.9999999999999998,0.0,3,1147618.6533063056,1.2778400559909642e-10
2020-09-18,0.002327012329950362,-0.010723811640813041,0.9999999999999998,0.0,3,1150289.1760626305,1.2778400559909642e-10
2020-09-21,0.021956256239239913,-0.001343426039180362,0.9999999999999998,0.0,3,1175545.2199614858,1.2778400559909642e-10
2020-09-22,0.03785408851526939,0.01714474741427141,0.9999999999999998,0.0,3,1220044.4127716098,1.2778400559909642e-10
2020-09-23,-0.02874082751530449,-0.03015429348587295,0.9999999999999998,0.0,3,1184979.32674313,1.2778400559909642e-10
2020-09-24,-0.01926126848507581,0.003696021818865969,0.9999999999999998,0.0,3,1162155.1217814663,1.2778400559909642e-10
2020-09-25,0.034887036331873844,0.022609915812147552,0.9999999999999998,0.0,3,1202699.2697383296,1.2778400559909642e-10
2020-09-28,0.01825183744905634,0.018683148317077736,0.9999999999999998,0.0,3,1224650.7413096924,1.2778400559909642e-10
2020-09-29,-0.007022900871611726,-0.002905311445918657,0.9999999999999998,0.0,3,1216050.1405511287,1.2778400559909642e-10
2020-09-30,-0.00863422240917533,0.007424295323056107,0.9999999999999998,0.0,3,1205550.4931769012,1.2778400559909642e-10
2020-10-01,0.05123397479034009,0.014237743451981144,1.0,1.3328890369876707,3,1267315.6367528087,-1.000444171950221e-11
2020-10-02,-0.004863601626582503,-0.022204564516841052,1.0,0.0,3,1261151.9183605043,-1.000444171950221e-11
2020-10-05,0.04211222774700585,0.023250564334085677,1.0,0.0,3,1314261.8351700753,-1.000444171950221e-11
2020-10-06,-0.0029623274973373803,-0.01569824840061773,1.0,0.0,3,1310368.56119705,-1.000444171950221e-11
2020-10-07,0.043682484963724955,0.018826314482861317,1.0,0.0,3,1367608.716168478,-1.000444171950221e-11
2020-10-08,-0.01564165918519289,0.004962814528019166,1.0,0.0,3,1346217.0467314713,-1.000444171950221e-11
2020-10-09,0.02743293085783005,0.01391300236406634,1.0,0.0,3,1383147.725894088,-1.000444171950221e-11
2020-10-12,-0.0005323366605128887,0.02559602326113275,1.0,0.0,3,1382411.4256526895,-1.000444171950221e-11
2020-10-13,0.0381019657064523,-0.0010440457220523003,1.0,0.0,3,1435084.0183851162,-1.000444171950221e-11
2020-10-14,0.013272149163349845,-0.008024359341385012,1.0,0.0,3,1454130.667539063,-1.000444171950221e-11
2020-10-15,-0.003607158379747566,-0.004656402072337529,1.0,0.0,3,1448885.3879164015,-1.000444171950221e-11
2020-10-16,0.016468198229309117,-0.003611162683268221,1.0,0.0,3,1472745.9196961583,-1.000444171950221e-11
2020-10-19,0.0019126344381170668,-0.016510093440833873,1.0,0.0,3,1475562.7442607656,-1.000444171950221e-11
2020-10-20,-0.01652970383357466,0.0032755402250899124,1.0,0.0,3,1451172.1291102786,-1.000444171950221e-11
2020-10-21,-0.07758956996757427,-0.0027612382234186716,1.0,0.0,3,1338576.3076636828,-1.000444171950221e-11
2020-10-22,-0.0004963345303073963,0.0018546239456909142,1.0,0.0,3,1337911.926020738,-1.000444171950221e-11
2020-10-23,0.0025251090013111988,0.003676325395445934,1.0,0.0,3,1341290.2994680945,-1.000444171950221e-11
2020-10-26,-0.013862610584272406,-0.016400630679851314,1.0,0.0,3,1322696.5143661061,-1.000444171950221e-11
2020-10-27,-0.005960627616114489,0.006382660068046775,1.0,0.0,3,1314812.4129948372,-1.000444171950221e-11
2020-10-28,-0.013609025709490852,-0.03730951458930609,1.0,0.0,3,1296919.0970632327,-1.000444171950221e-11
2020-10-29,-0.0017293859115143917,0.01641988509046377,1.0,0.0,3,1294676.2234483976,-1.000444171950221e-11
2020-10-30,-0.0653960324111923,-0.024495781164918462,1.0,0.0,3,1210009.535177766,-1.000444171950221e-11
2020-11-02,0.03403988496206489,0.004215697210883773,1.0,1.998001998001998,3,1251198.1205582188,-3.3651303965598345e-11
2020-11-03,0.006709332341123142,0.018525955264873994,1.0,0.0,3,1259592.8245736326,-3.3651303965598345e-11
2020-11-04,0.010876097320536404,0.03854633401596108,1.0,0.0,3,1273292.2787179449,-3.3651303965598345e-11
2020-11-05,0.035547992548355944,0.02589127628621446,1.0,0.0,3,1318555.2631536894,-3.3651303965598345e-11
2020-11-06,-0.008262981131135327,0.00036160423982689593,1.0,0.0,3,1307660.0658938913,-3.3651303965598345e-11
2020-11-09,-0.0342159638752183,-0.015249882049063634,1.0,0.0,3,1262917.2163182003,-3.3651303965598345e-11
2020-11-10,-0.023025009879631964,-0.01365051501050929,1.0,0.0,3,1233838.5349353165,-3.3651303965598345e-11
2020-11-11,0.03304565979836904,0.02012307462854701,1.0,0.0,3,1274611.543406907,-3.3651303965598345e-11
2020-11-12,-0.01205934361090677,-0.006516052178237586,1.0,0.0,3,1259240.564834535,-3.3651303965598345e-11
2020-11-13,-0.0025330445957912895,0.010222399064781174,1.0,0.0,3,1256050.8523269796,-3.3651303965598345e-11
2020-11-16,-0.00023861307063677284,0.008013982366056771,1.0,0.0,3,1255751.14217623,-3.3651303965598345e-11
2020-11-17,0.021032645306040765,-0.0020798048349075504,1.0,0.0,3,1282162.910542278,-3.3651303965598345e-11
2020-11-18,-0.013132554244380201,-0.008210583953855988,1.0,0.0,3,1265324.8365694492,-3.3651303965598345e-11
2020-11-19,0.010925584040972769,0.008736154715840438,1.0,0.0,3,1279149.249410519,-3.3651303965598345e-11
2020-11-20,0.0074592523820322665,-0.004174838439022555,1.0,0.0,3,1288690.7464961591,-3.3651303965598345e-11
2020-11-23,0.016000123643708175,0.0021593926613243664,1.0,0.0,3,1309309.9577786003,-3.3651303965598345e-11
2020-11-24,0.010657473133897533,0.013147501410619045,1.0,0.0,3,1323263.8934775703,-3.3651303965598345e-11
2020-11-25,0.013624000270373582,0.004785374929970887,1.0,0.0,3,1341292.0411200842,-3.3651303965598345e-11
2020-11-27,0.02084474216572918,0.009210824539925166,1.0,0.0,3,1369250.927886177,-3.3651303965598345e-11
2020-11-30,0.006280772236322729,-0.000581657909873412,1.0,0.0,3,1377850.8810986038,-3.3651303965598345e-11
2020-12-01,-0.021687587387269835,0.012821546348028123,1.0,1.9980019980019978,3,1347968.619708151,6.275513442233205e-11
2020-12-02,-0.022439000125389685,-0.0004646014218057104,1.0,0.0,3,1317721.5516814985,6.275513442233205e-11
2020-12-03,0.0038751400725778318,0.0022523747008165174,1.0,0.0,3,1322827.907270919,6.275513442233205e-11
2020-12-04,0.012620214122552209,0.007033168197192907,1.0,0.0,3,1339522.2787079657,6.275513442233205e-11
2020-12-07,0.007089087214606105,0.004469821984384614,1.0,0.0,3,1349018.2689676343,6.275513442233205e-11
2020-12-08,0.01595738848203565,0.005018240774582239,1.0,0.0,3,1370545.0775549142,6.275513442233205e-11
2020-12-09,-0.03988745118467096,-0.01937730993391329,1.0,0.0,3,1315877.5276775514,6.275513442233205e-11
2020-12-10,0.029799776444022763,0.005418247355198913,1.0,0.0,3,1355090.3838300558,6.275513442233205e-11
2020-12-11,0.016555360459014956,-0.0022518886838218677,1.0,0.0,3,1377524.3935889073,6.275513442233205e-11
2020-12-14,0.035652557620440284,0.005022503019723512,1.0,0.0,3,1426636.661404898,6.275513442233205e-11
2020-12-15,0.03160284891694776,0.01246134256803022,1.0,0.0,3,1471722.4442746558,6.275513442233205e-11
2020-12-16,0.01300362060895055,0.0050121160204752435,1.0,0.0,3,1490860.164581681,6.275513442233205e-11
2020-12-17,0.043175755391641646,0.008418077232621224,1.0,0.0,3,1555229.1783708022,6.275513442233205e-11
2020-12-18,0.02783348278047404,-0.0007134807572460877,1.0,0.0,3,1598516.6229266769,6.275513442233205e-11
2020-12-21,-0.004375915121094032,-0.0010286510410999483,1.0,0.0,3,1591521.6498650918,6.275513442233205e-11
2020-12-22,0.022445727837865137,0.005132534023930546,1.0,0.0,3,1627244.5116660336,6.275513442233205e-11
2020-12-23,-0.03532762715373261,-0.0028735115262293887,1.0,0.0,3,1569757.8242699383,6.275513442233205e-11
2020-12-24,0.012108686415592818,0.0026325110879321656,1.0,0.0,3,1588765.5295124464,6.275513442233205e-11
2020-12-28,-0.041585805822737076,0.007394803909404057,1.0,0.0,3,1522695.4347042837,6.275513442233205e-11
2020-12-29,-0.023578890620792547,-0.0038142946689498913,1.0,0.0,3,1486791.9656006112,6.275513442233205e-11
2020-12-30,0.044558454462370944,0.0015393743393061765,1.0,0.0,3,1553041.117694845,6.275513442233205e-11
2020-12-31,-0.013616754497416061,0.0014203727396466803,1.0,0.0,3,1531893.7380708016,6.275513442233205e-11
2021-01-04,-0.039014662561472235,-0.014729263144160454,0.9999999999999999,1.9980019980019978,3,1472127.4207999369,1.7007550923153758e-10
2021-01-05,0.04477308568641725,0.009490349264984488,0.9999999999999999,0.0,3,1538039.1079527368,1.7007550923153758e-10
2021-01-06,0.06696030441550604,-0.00609769435273988,0.9999999999999999,0.0,3,1641026.6748242055,1.7007550923153758e-10
2021-01-07,0.06269997493177049,0.025640913946500588,0.9999999999999999,0.0,3,1743919.0061980498,1.7007550923153758e-10
2021-01-08,-0.021292251205872414,0.010292428620224836,0.9999999999999999,0.0,3,1706787.0446353855,1.7007550923153758e-10
2021-01-11,-0.04283817163169523,-0.012539403572295549,0.9999999999999999,0.0,3,1633671.408278541,1.7007550923153758e-10
2021-01-12,0.06374244872720336,0.002761714523592751,0.9999999999999999,0.0,3,1737805.624257834,1.7007550923153758e-10
2021-01-13,-0.0029061650079607038,0.004323418403134882,0.9999999999999999,0.0,3,1732755.2743619785,1.7007550923153758e-10
2021-01-14,0.0011230252752769676,-0.0012425592685575415,0.9999999999999999,0.0,3,1734701.2023309565,1.7007550923153758e-10
2021-01-15,-0.02938834073512664,-0.00870425177689449,0.9999999999999999,0.0,3,1683721.2123232204,1.7007550923153758e-10
2021-01-19,0.05501922139047721,0.015284661263274879,0.9999999999999999,0.0,3,1776358.2424638744,1.7007550923153758e-10
2021-01-20,-0.03460275392695167,0.019706354381155977,0.9999999999999999,0.0,3,1714891.3553137847,1.7007550923153758e-10
2021-01-21,0.0032587428220076653,0.005474150435512692,0.9999999999999999,0.0,3,1720479.7452084364,1.7007550923153758e-10
2021-01-22,0.015089011525059481,0.0008976850419943894,0.9999999999999999,0.0,3,1746440.0839125179,1.7007550923153758e-10
2021-01-25,0.0015173037043283433,0.006861867975715974,0.9999999999999999,0.0,3,1749089.9639212259,1.7007550923153758e-10
2021-01-26,0.0023533310563683685,-0.0007280511644763843,0.9999999999999999,0.0,3,1753206.151653704,1.7007550923153758e-10
2021-01-27,0.027598956103558114,-0.026087268264435415,0.9999999999999999,0.0,3,1801592.8112736826,1.7007550923153758e-10
2021-01-28,0.04300824474540188,0.005015636936985812,0.9999999999999999,0.0,3,1879076.1558324976,1.7007550923153758e-10
2021-01-29,0.047004848626593265,-0.019979061206606974,0.9999999999999999,0.0,3,1967401.8460952449,1.7007550923153758e-10
2021-02-01,0.13541075211670162,0.025453904158710294,1.0,1.3328890369876707,3,2233809.209790789,-1.0504663805477321e-10
2021-02-02,-0.0669829086853524,0.015621624805566947,1.0,0.0,3,2084182.1714708735,-1.0504663805477321e-10
2021-02-03,0.028732109745675416,-0.0001641325609580413,1.0,0.0,3,2144065.1223515547,-1.0504663805477321e-10
2021-02-04,-0.018526172801097918,0.012284609071070873,1.0,0.0,3,2104343.8013980626,-1.0504663805477321e-10
2021-02-05,0.0665383950135896,0.005701419953886067,1.0,0.0,3,2244363.4604998855,-1.0504663805477321e-10
2021-02-08,0.05902899518739968,0.009479135040700193,1.0,0.0,3,2376845.980408509,-1.0504663805477321e-10
2021-02-09,0.057230749679092696,0.0014338156905593369,1.0,0.0,3,2512874.657739026,-1.0504663805477321e-10
2021-02-10,-0.015037081974535904,-0.0025102698357137854,1.0,0.0,3,2475088.3555188705,-1.0504663805477321e-10
2021-02-11,-0.008335389284358286,0.0038103467300871774,1.0,0.0,3,2454457.5305624385,-1.0504663805477321e-10
2021-02-12,-0.02709070260130153,0.004969365541769966,1.0,0.0,3,2387964.5515544466,-1.0504663805477321e-10
2021-02-16,-0.0062120199861643854,-0.0034035465115552777,1.0,0.0,3,2373130.468033938,-1.0504663805477321e-10
2021-02-17,-0.036462926024143805,-0.005837615649589956,1.0,0.0,3,2286599.187332375,-1.0504663805477321e-10
2021-02-18,-0.011744002004041132,-0.007170501244886052,1.0,0.0,3,2259745.361893905,-1.0504663805477321e-10
2021-02-19,-0.009085692023347303,0.0006568457620867996,1.0,0.0,3,2239214.0114845494,-1.0504663805477321e-10
2021-02-22,-0.08853545959727249,-0.024607439038234813,1.0,0.0,3,2040964.1698411126,-1.0504663805477321e-10
2021-02-23,0.0020752216820181246,-0.00501363037368685,1.0,0.0,3,2045199.6229385892,-1.0504663805477321e-10
2021-02-24,0.0015408604082292054,0.009860055383365873,1.0,0.0,3,2048350.9900645004,-1.0504663805477321e-10
2021-02-25,-0.020462992864356155,-0.03519166815377628,1.0,0.0,3,2006435.5983711137,-1.0504663805477321e-10
2021-02-26,-0.004716083130355098,0.005557642070551205,1.0,0.0,3,1996973.0812934916,-1.0504663805477321e-10
2021-03-01,0.026611825398304756,0.03005412123962392,1.0,1.9980019980019978,3,2050116.1802579889,-7.275957614183426e-11
2021-03-02,-0.03338072037475781,-0.01692868570469308,1.0,0.0,3,1981681.8253090302,-7.275957614183426e-11
2021-03-03,-0.055364277413943896,-0.027026038913368078,1.0,0.0,3,1871967.4429864504,-7.275957614183426e-11
2021-03-04,-0.08700824143045094,-0.02110213366126701,1.0,0.0,3,1709090.8477571413,-7.275957614183426e-11
2021-03-05,-0.02151015373393239,0.015457715051152121,1.0,0.0,3,1672328.0408766284,-7.275957614183426e-11
2021-03-08,-0.08002258766765624,-0.024069880007174804,1.0,0.0,3,1538504.0236164986,-7.275957614183426e-11
2021-03-09,0.09434124899281038,0.03685123033284099,1.0,0.0,3,1683648.4147849432,-7.275957614183426e-11
2021-03-10,0.019218194845253,-0.0003818469579848216,1.0,0.0,3,1716005.0980711817,-7.275957614183426e-11
2021-03-11,0.08342856043034286,0.02523874360004008,1.0,0.0,3,1859168.9330943897,-7.275957614183426e-11
2021-03-12,-0.00031270841892527823,-0.005881821325752323,1.0,0.0,3,1858587.5553168068,-7.275957614183426e-11
2021-03-15,0.006913113826639838,0.010498883235619871,1.0,0.0,3,1871436.182643488,-7.275957614183426e-11
2021-03-16,-0.018484367835710613,0.0008811038099785229,1.0,0.0,3,1836843.8678624476,-7.275957614183426e-11
2021-03-17,0.021148191291292973,0.003981325884915288,1.0,0.0,3,1875689.7933522412,-7.275957614183426e-11
2021-03-18,-0.04450211118825187,-0.030242365102995494,1.0,0.0,3,1792217.6376138106,-7.275957614183426e-11
2021-03-19,0.019905627185545782,0.0075530749529892915,1.0,0.0,3,1827892.8537435106,-7.275957614183426e-11
2021-03-22,0.045219028392683214,0.012281778953403988,1.0,0.0,3,1910548.3925957212,-7.275957614183426e-11
2021-03-23,-0.03581296757949737,-0.011201213197461812,1.0,0.0,3,1842125.9849526298,-7.275957614183426e-11
2021-03-24,-0.08755271627836403,-0.02009478248341834,1.0,0.0,3,1680842.8512430703,-7.275957614183426e-11
2021-03-25,-0.001795792754324732,0.0012181942978437554,1.0,0.0,3,1677824.4058296494,-7.275957614183426e-11
2021-03-26,0.026387868888843924,0.012409375460237237,1.0,0.0,3,1722098.6162691847,-7.275957614183426e-11
2021-03-29,-0.039659850594352175,-0.0060187044334576445,1.0,0.0,3,1653800.4424392083,-7.275957614183426e-11
2021-03-30,0.029729944913910566,-0.001091300595310929,1.0,0.0,3,1702967.838491527,-7.275957614183426e-11
2021-03-31,0.050860798183290035,0.015444270389829873,1.0,0.0,3,1789582.142037678,-7.275957614183426e-11
2021-04-01,0.03259643713652127,0.01760675394508815,0.9999999999999998,1.9980019980019978,3,1847916.1438312503,3.5151970223523676e-10
2021-04-05,0.0280796657574105,0.016727413594797236,0.9999999999999998,0.0,3,1899805.0114977548,3.5151970223523676e-10
2021-04-06,-0.04332320869383821,-0.0005262742082925431,0.9999999999999998,0.0,3,1817499.3625070378,3.5151970223523676e-10
2021-04-07,-0.01387479065556707,-0.0006962940194117362,0.9999999999999998,0.0,3,1792281.939335626,3.5151970223523676e-10
2021-04-08,0.014332350705801522,0.010261481727402266,0.9999999999999998,0.0,3,1817969.5526538584,3.5151970223523676e-10
2021-04-09,-0.014721803938793632,0.005125049771103507,0.9999999999999998,0.0,3,1791205.761332992,3.5151970223523676e-10
2021-04-12,-0.008603790060425776,-0.0036104913851688902,0.9999999999999998,0.0,3,1775794.603007458,3.5151970223523676e-10
2021-04-13,-0.01920927004016404,0.01054870834286703,0.9999999999999998,0.0,3,1741682.8849424217,3.5151970223523676e-10
2021-04-14,0.013880375902848963,-0.00987838139408359,0.9999999999999998,0.0,3,1765858.0980889811,3.5151970223523676e-10
2021-04-15,-0.002539889218673652,0.013055707282746853,0.9999999999999998,0.0,3,1761373.0141439373,3.5151970223523676e-10
2021-04-16,-0.0056318300035352875,0.0009671863057285623,0.9999999999999998,0.0,3,1751453.260755464,3.5151970223523676e-10
2021-04-19,-0.023818209952280567,-0.00979026855153775,0.9999999999999998,0.0,3,1709736.779269184,3.5151970223523676e-10
2021-04-20,-0.023156774248249246,-0.009234578841917473,0.9999999999999997,0.0,3,1670144.7906477188,3.5151970223523676e-10
2021-04-21,0.046267247633815956,0.011892282441095192,0.9999999999999998,0.0,3,1747417.7932609445,3.5151970223523676e-10
2021-04-22,-0.018517817878886733,-0.009448289083465955,0.9999999999999998,0.0,3,1715059.4288070123,3.5151970223523676e-10
2021-04-23,0.036649209095154456,0.014357256405947316,0.9999999999999998,0.0,3,1777915.0004239767,3.5151970223523676e-10
2021-04-26,0.019025075625468846,0.008701539143620707,0.9999999999999998,0.0,3,1811739.9677626982,3.5151970223523676e-10
2021-04-27,-0.005982588575957348,-0.0034344982946684643,0.9999999999999998,0.0,3,1800901.0729289558,3.5151970223523676e-10
2021-04-28,-0.004994503916445292,-0.002781043282530815,0.9999999999999998,0.0,3,1791906.4654670816,3.5151970223523676e-10
2021-04-29,-0.02552847994722296,0.002242938725995014,0.9999999999999998,0.0,3,1746161.817196106,3.5151970223523676e-10
2021-04-30,-0.025651633731069268,-0.008511550457648398,0.9999999999999998,0.0,3,1701369.9138262132,3.5151970223523676e-10
2021-05-03,-0.004735892071152326,-0.004838855596334679,0.9999999999999999,1.3328890369876707,3,1693312.4095412265,2.828528522513807e-10
2021-05-04,0.01902516918844821,-0.018827857110276458,0.9999999999999999,0.0,3,1725527.9646216473,2.828528522513807e-10
2021-05-05,0.0204134246603338,-0.0037465133043687038,0.9999999999999999,0.0,3,1760751.8997267503,2.828528522513807e-10
2021-05-06,0.004857874567159914,0.0037119292572853624,0.9999999999999999,0.0,3,1769305.4115995115,2.828528522513807e-10
2021-05-07,0.012765861529227429,0.00875785854127642,0.9999999999999999,0.0,3,1791892.1194869038,2.828528522513807e-10
2021-05-10,-0.029402366560725923,-0.025477958083079177,0.9999999999999999,0.0,3,1739206.2505524738,2.828528522513807e-10
2021-05-11,-0.008141715870040533,-0.0009276027664643083,0.9999999999999999,0.0,3,1725046.127421077,2.828528522513807e-10
2021-05-12,-0.028337774461847265,-0.02671847959305318,0.9999999999999999,0.0,3,1676162.1593259356,2.828528522513807e-10
2021-05-13,0.016840212901860108,0.007160058794258184,0.9999999999999999,0.0,3,1704389.086947026,2.828528522513807e-10
2021-05-14,0.010844389426314383,0.02323736928588338,0.9999999999999999,0.0,3,1722872.1459398398,2.828528522513807e-10
2021-05-17,0.0049848269400474265,-0.003792306890141317,0.9999999999999999,0.0,3,1731460.365427178,2.828528522513807e-10
2021-05-18,-0.005940982974223408,-0.0056365894317486065,0.9999999999999999,0.0,3,1721173.7888756327,2.828528522513807e-10
2021-05-19,-0.007483298538169203,-0.0002930326782775161,0.9999999999999999,0.0,3,1708293.7315774045,2.828528522513807e-10
2021-05-20,0.004357025327161423,0.017744861772570397,0.9999999999999999,0.0,3,1715736.8106321185,2.828528522513807e-10
2021-05-21,0.006663635083333341,-0.004783418073071144,0.9999999999999999,0.0,3,1727169.8546372133,2.828528522513807e-10
2021-05-24,0.010969389860862933,0.014117571829638464,0.9999999999999999,0.0,3,1746115.854128659,2.828528522513807e-10
2021-05-25,-0.002430837892550275,-0.00029251521130702063,0.9999999999999999,0.0,3,1741871.3295456602,2.828528522513807e-10
2021-05-26,0.013459310801160917,0.005917864207014789,0.9999999999999999,0.0,3,1765315.7171456467,2.828528522513807e-10
2021-05-27,-0.012254048587061472,-0.00012517838210612808,0.9999999999999999,0.0,3,1743683.4525762408,2.828528522513807e-10
2021-05-28,0.0020199900213644373,0.0009072983495947984,0.9999999999999999,0.0,3,1747205.675750863,2.828528522513807e-10
2021-06-01,0.005702132296736995,-0.0008917763748547136,0.9999999999999999,1.3328890369876707,3,1757168.4736636041,2.2464519133791327e-10
2021-06-02,0.01897696520354275,0.001445028392468073,0.9999999999999999,0.0,3,1790514.1986450807,2.2464519133791327e-10
2021-06-03,-0.005972877582047675,-0.010309459710361346,0.9999999999999999,0.0,3,1779819.6765276555,2.2464519133791327e-10
2021-06-04,-0.031236669059618194,0.014688927255154027,0.9999999999999999,0.0,3,1724224.0383061643,2.2464519133791327e-10
2021-06-07,-0.0022413645404362192,0.004866730759276017,0.9999999999999999,0.0,3,1720359.4236869372,2.2464519133791327e-10
2021-06-08,0.019515793585787478,0.003111314579322899,0.9999999999999999,0.0,3,1753933.6030929757,2.2464519133791327e-10
2021-06-09,-0.020227357840499227,-0.0009451478652527934,0.9999999999999999,0.0,3,1718456.1604747379,2.2464519133791327e-10
2021-06-10,-0.019964053177599417,0.0078051287580642725,0.9999999999999999,0.0,3,1684148.8103036468,2.2464519133791327e-10
2021-06-11,0.006160715011194862,0.003501400430360624,0.9999999999999999,0.0,3,1694524.3711603705,2.2464519133791327e-10
2021-06-14,-0.004290209474253293,0.007443076666721726,0.9999999999999999,0.0,3,1687254.5066488653,2.2464519133791327e-10
2021-06-15,-0.02203057953811871,-0.007145913210587107,0.9999999999999999,0.0,3,1650083.3120390882,2.2464519133791327e-10
2021-06-16,-0.006382525202104916,-0.0023572186809210915,0.9999999999999999,0.0,3,1639551.613714426,2.2464519133791327e-10
2021-06-17,-0.02654701001388715,0.00866593603291732,0.9999999999999999,0.0,3,1596026.4206068644,2.2464519133791327e-10
2021-06-18,-0.0066796331835640155,-0.009248736487040943,0.9999999999999999,0.0,3,1585365.5495659339,2.2464519133791327e-10
2021-06-21,0.01920817993075241,0.007918854063497571,0.9999999999999999,0.0,3,1615817.5362980126,2.2464519133791327e-10
2021-06-22,-0.005761448548925352,0.007904978548745278,0.9999999999999999,0.0,3,1606508.0866981803,2.2464519133791327e-10
2021-06-23,-0.005201611174747378,0.0012954081283504948,0.9999999999999999,0.0,3,1598151.656282089,2.2464519133791327e-10
2021-06-24,-0.011965102279577255,0.0068650810745303215,0.9999999999999999,0.0,3,1579029.608256398,2.2464519133791327e-10
2021-06-25,0.0005830396629078471,-0.0006486770191380664,0.9999999999999999,0.0,3,1579950.2451469174,2.2464519133791327e-10
2021-06-28,0.00612955648486091,0.00975740369460909,0.9999999999999999,0.0,3,1589634.6394178153,2.2464519133791327e-10
2021-06-29,-0.012928373823113293,0.0019190500349235418,0.9999999999999999,0.0,3,1569083.2485572519,2.2464519133791327e-10
2021-06-30,-0.0035319070102119987,-0.0016782308502659715,0.9999999999999999,0.0,3,1563541.3924320664,2.2464519133791327e-10
2021-07-01,0.024363105695543785,0.0012701985364251822,1.0,1.9980019980019978,3,1601634.1166352464,7.321432349272072e-11
2021-07-02,-0.005190905574929294,0.008053034847741003,1.0,0.0,3,1593320.1851702076,7.321432349272072e-11
2021-07-06,0.011766593436042694,0.001660964536808196,1.0,0.0,3,1612068.1360025457,7.321432349272072e-11
2021-07-07,-0.028355576826637252,9.703592980847553e-05,1.0,0.0,3,1566357.0141223515,7.321432349272072e-11
2021-07-08,-0.004622313254029731,-0.007178850606408882,1.0,0.0,3,1559116.8213354314,7.321432349272072e-11
2021-07-09,0.013631329839288275,0.009762073962464868,1.0,0.0,3,1580369.6569850375,7.321432349272072e-11
2021-07-12,0.013404300616839393,0.002130361363916755,1.0,0.0,3,1601553.4069529963,7.321432349272072e-11
2021-07-13,-0.013497157133549154,-0.003772829509393727,1.0,0.0,3,1579936.9889615807,7.321432349272072e-11
2021-07-14,0.004251983017020011,-0.002227958334456659,1.0,0.0,3,1586654.8542066072,7.321432349272072e-11
2021-07-15,0.010297022782252307,-0.006952450189304571,1.0,0.0,3,1602992.6753879439,7.321432349272072e-11
2021-07-16,0.02944813845112937,-0.007969155863779442,1.0,0.0,3,1650197.8256289142,7.321432349272072e-11
2021-07-19,0.037526897489523314,-0.010553156978987288,1.0,0.0,3,1712124.6302687246,7.321432349272072e-11
2021-07-20,0.003962469978261218,0.015684325371311703,1.0,0.0,3,1718908.872715206,7.321432349272072e-11
2021-07-21,0.03142313829068355,0.00917837924547249,1.0,0.0,3,1772922.3839316189,7.321432349272072e-11
2021-07-22,0.001691263194792958,0.00359778329266347,1.0,0.0,3,1775920.8623067872,7.321432349272072e-11
2021-07-23,0.07113794600714884,0.010377847149183328,1.0,0.0,3,1902256.2247225367,7.321432349272072e-11
2021-07-26,-0.011958726306348422,0.0002508392671958237,1.0,0.0,3,1879507.6631665323,7.321432349272072e-11
2021-07-27,-0.03055764998115984,-0.012138008545398149,1.0,0.0,3,1822074.3258585818,7.321432349272072e-11
2021-07-28,0.03252222287352202,0.00695796663162529,1.0,0.0,3,1881332.233176277,7.321432349272072e-11
2021-07-29,-0.01635191592172147,0.0010621243543811332,1.0,0.0,3,1850568.846678554,7.321432349272072e-11
2021-07-30,-0.005165966922826892,-0.007144682362109966,1.0,0.0,3,1841008.8692281987,7.321432349272072e-11
2021-08-02,-0.014423931413933166,0.0005719201478813218,1.0,1.332889036987671,3,1814454.2835660086,0.0
2021-08-03,0.028437024032977654,0.0054645610861603355,1.0,0.0,3,1866051.9636345142,0.0
2021-08-04,0.04148947506736356,0.0013032935206787055,1.0,0.0,3,1943473.480054133,0.0
2021-08-05,0.0016782056708366522,0.007752359028563305,1.0,0.0,3,1946735.0282694804,0.0
2021-08-06,-0.009165465094975067,-0.00398489647332223,1.0,0.0,3,1928892.2963187112,0.0
2021-08-09,0.06156803091239427,0.0016456923812682156,1.0,0.0,3,2047650.396845141,0.0
2021-08-10,-0.022334176292627905,-0.004851214152445271,1.0,0.0,3,2001917.811896332,0.0
2021-08-11,-0.05815028077613327,-0.0015520668870292464,1.0,0.0,3,1885505.729043818,0.0
2021-08-12,0.018252769119224688,0.0034626774961783457,1.0,0.0,3,1919921.4297890305,0.0
2021-08-13,0.004102035125542969,0.00044787275861901676,1.0,0.0,3,1927797.0149323079,0.0
2021-08-16,-0.011674391793261574,-0.001965526645515858,1.0,0.0,3,1905291.157282108,0.0
2021-08-17,-0.002745351563371856,-0.009299939629287102,1.0,0.0,3,1900060.463224785,0.0
2021-08-18,-0.003692091983034773,-0.008888229114191626,1.0,0.0,3,1893045.2652212314,0.0
2021-08-19,-0.028396831688770163,0.0010928055811647575,1.0,0.0,3,1839288.7774455207,0.0
2021-08-20,0.018178119661760972,0.011888152874404811,1.0,0.0,3,1872723.5889344595,0.0
2021-08-23,0.03210724076174243,0.015494014266626221,1.0,0.0,3,1932851.5760845724,0.0
2021-08-24,-0.006729360298841747,0.005162905383270022,1.0,0.0,3,1919844.7214249151,0.0
2021-08-25,0.006114861008059247,0.0014686347550383339,1.0,0.0,3,1931584.3050534846,0.0
2021-08-26,0.0005038514044182207,-0.006385567357820587,1.0,0.0,3,1932557.5365183381,0.0
2021-08-27,-0.013034033325315608,0.012290630584592899,1.0,0.0,3,1907368.5171842682,0.0
2021-08-30,-0.00564981811540366,0.009014745430136806,1.0,0.0,3,1896592.2319831299,0.0
2021-08-31,-0.0005011743500834553,-0.000435886815269515,1.0,0.0,3,1895641.7086038925,0.0
2021-09-01,0.01460093360892456,0.003286239361639298,0.9999999999999999,1.998001998001998,3,1923319.847337526,1.5916157281026244e-10
2021-09-02,0.005390006790456425,0.0014236957158730856,0.9999999999999999,0.0,3,1933686.554374895,1.5916157281026244e-10
2021-09-03,0.006943226669949842,0.002109348840070968,0.9999999999999999,0.0,3,1947112.5784305541,1.5916157281026244e-10
2021-09-07,0.007181914204424045,0.000703712632022846,0.9999999999999999,0.0,3,1961096.5739151973,1.5916157281026244e-10
2021-09-08,-0.007677439508673056,-0.005703625233783427,0.9999999999999999,0.0,3,1946040.3735982974,1.5916157281026244e-10
2021-09-09,0.002360173624632811,-0.0025109380331556075,0.9999999999999999,0.0,3,1950633.3667605345,1.5916157281026244e-10
2021-09-10,-0.005525508215083574,-0.008706557542303206,0.9999999999999999,0.0,3,1939855.126067883,1.5916157281026244e-10
2021-09-13,-0.03012999822277751,-0.0006557575911461111,0.9999999999999999,0.0,3,1881407.294567012,1.5916157281026244e-10
2021-09-14,0.004059327295120152,-0.0044899428568856425,0.9999999999999999,0.0,3,1889044.542551086,1.5916157281026244e-10
2021-09-15,0.01870599220911262,0.008230648040451483,0.9999999999999999,0.0,3,1924380.9950467134,1.5916157281026244e-10
2021-09-16,0.026933895986267498,0.0013451479462562865,0.9999999999999999,0.0,3,1976212.0726052513,1.5916157281026244e-10
2021-09-17,-0.01291888576949718,-0.00908685893944483,0.9999999999999999,0.0,3,1950681.6145829628,1.5916157281026244e-10
2021-09-20,-0.034029014816629566,-0.02193998979444778,0.9999999999999999,0.0,3,1884301.8410177922,1.5916157281026244e-10
2021-09-21,0.006130541425444669,0.002208401084163647,0.9999999999999999,0.0,3,1895853.6315121935,1.5916157281026244e-10
2021-09-22,0.011560158636341189,0.010202505391571082,0.9999999999999999,0.0,3,1917770.000243758,1.5916157281026244e-10
2021-09-23,0.023053133463476927,0.010431495517001288,0.9999999999999999,0.0,3,1961980.6080116297,1.5916157281026244e-10
2021-09-24,-0.0007955396156749117,-0.0003019416885486903,0.9999999999999999,0.0,3,1960419.7747127705,1.5916157281026244e-10
2021-09-27,-0.028705584466586553,-0.0051655405232979845,0.9999999999999999,0.0,3,1904144.7792797864,1.5916157281026244e-10
2021-09-28,-0.0333355276975047,-0.028275748614240648,0.9999999999999999,0.0,3,1840669.1082500461,1.5916157281026244e-10
2021-09-29,-0.05484728269969397,-0.00235395250873216,0.9999999999999999,0.0,3,1739713.4093132622,1.5916157281026244e-10
2021-09-30,0.012253915417337113,-0.004400314367527081,0.9999999999999999,0.0,3,1761031.7102813942,1.5916157281026244e-10
2021-10-01,0.00502818192695309,0.00817493421551263,1.0,1.3328890369876705,3,1769886.4980998226,-8.230927051045e-11
2021-10-04,-0.015244709574883664,-0.02136468504772182,1.0,0.0,3,1742905.092455783,-8.230927051045e-11
2021-10-05,0.02606260882742184,0.012510672734488137,1.0,0.0,3,1788329.7461037794,-8.230927051045e-11
2021-10-06,0.006336609810496441,0.004716766064746691,1.0,0.0,3,1799661.6939173434,-8.230927051045e-11
2021-10-07,0.008257786032911163,0.010488583121986084,1.0,0.0,3,1814522.9151173392,-8.230927051045e-11
2021-10-08,-0.01734685738313313,-0.005082463539891502,1.0,0.0,3,1783046.6448903717,-8.230927051045e-11
2021-10-11,0.007611559917904298,-0.00640191107302035,1.0,0.0,3,1796618.411264373,-8.230927051045e-11
2021-10-12,0.001861196111332175,-0.0013996354958561996,1.0,0.0,3,1799962.270464966,-8.230927051045e-11
2021-10-13,-0.017018165857709322,0.007307517594727031,1.0,0.0,3,1769330.2140085741,-8.230927051045e-11
2021-10-14,0.0015545764105651116,0.0172797975969039,1.0,0.0,3,1772080.7730217718,-8.230927051045e-11
2021-10-15,-0.010651806665181951,0.004986032348505587,1.0,0.0,3,1753204.9112324577,-8.230927051045e-11
2021-10-18,0.018992084808234555,0.008355169558527553,1.0,0.0,3,1786501.927592798,-8.230927051045e-11
2021-10-19,0.007086398208644873,0.007141629594346499,1.0,0.0,3,1799161.791652232,-8.230927051045e-11
2021-10-20,0.00421311803769564,-0.0004898576251427533,1.0,0.0,3,1806741.872649375,-8.230927051045e-11
2021-10-21,0.017203641714174323,0.00621766285776193,1.0,0.0,3,1837824.4124964313,-8.230927051045e-11
2021-10-22,-0.0034325114471314144,-0.008248059461634205,1.0,0.0,3,1831516.0591627196,-8.230927051045e-11
2021-10-25,0.027953866433445773,0.009045996619713614,1.0,0.0,3,1882714.014451265,-8.230927051045e-11
2021-10-26,-0.007195498879564388,0.0005916381350528077,1.0,0.0,3,1869166.947869741,-8.230927051045e-11
2021-10-27,-0.02406385586321269,8.079699680418884e-06,1.0,0.0,3,1824187.5838519223,-8.230927051045e-11
2021-10-28,0.03142092185799039,0.013932958685521246,1.0,0.0,3,1881505.23937845,-8.230927051045e-11
2021-10-29,-0.016317102331374622,0.0032541503987195686,1.0,0.0,3,1850804.5258504944,-8.230927051045e-11
2021-11-01,0.0369174865207742,0.006292673508698554,1.0,1.998001998001998,3,1919131.5769861678,-4.274625098332763e-11
2021-11-02,0.0012459359638634648,0.0034424078356416477,1.0,0.0,3,1921522.6920373207,-4.274625098332763e-11
2021-11-03,0.025100977581918427,0.010350518487610039,1.0,0.0,3,1969754.7900532968,-4.274625098332763e-11
2021-11-04,0.0003393094278041353,0.008141094529175552,1.0,0.0,3,1970423.1464240241,-4.274625098332763e-11
2021-11-05,0.008094857567440439,0.0019623397982608815,1.0,0.0,3,1986373.4411419143,-4.274625098332763e-11
2021-11-08,-0.01209987839097626,0.0006742911266826024,1.0,0.0,3,1962338.5640650322,-4.274625098332763e-11
2021-11-09,-0.04811384152003828,-0.005995010473236029,1.0,0.0,3,1867922.9173849477,-4.274625098332763e-11
2021-11-10,-0.0024292093436361073,-0.016607634524389625,1.0,0.0,3,1863385.341580844,-4.274625098332763e-11
2021-11-11,0.00852419992490483,0.0052216373206712685,1.0,0.0,3,1879269.2107696163,-4.274625098332763e-11
2021-11-12,-0.0014398602570222518,0.009976693489161415,1.0,0.0,3,1876563.3257207836,-4.274625098332763e-11
2021-11-15,-0.01694676090711389,-0.00044835248917507453,1.0,0.0,3,1844761.655712735,-4.274625098332763e-11
2021-11-16,0.022034887777593548,0.007569696003178805,1.0,0.0,3,1885410.7717727725,-4.274625098332763e-11
2021-11-17,0.008971848997995524,-0.0032731108654387997,1.0,0.0,3,1902326.3925163122,-4.274625098332763e-11
2021-11-18,0.008558838684617598,0.004530878180346365,1.0,0.0,3,1918608.09723535,-4.274625098332763e-11
2021-11-19,0.013165405613041692,0.003984535170388881,1.0,0.0,3,1943867.3510479196,-4.274625098332763e-11
2021-11-22,-0.01606240810479065,-0.012622169633230707,1.0,0.0,3,1912644.1603538096,-4.274625098332763e-11
2021-11-23,-0.03241706334196226,-0.005021779645224211,1.0,0.0,3,1850641.853456986,-4.274625098332763e-11
2021-11-24,0.010089331783331268,0.004442870603730498,1.0,0.0,3,1869313.5931286328,-4.274625098332763e-11
2021-11-26,-0.019095786072063747,-0.02231387604856827,1.0,0.0,3,1833617.5806526477,-4.274625098332763e-11
2021-11-29,0.015279965985695032,0.018795716703568832,1.0,0.0,3,1861635.1949157924,-4.274625098332763e-11
2021-11-30,-0.008967876236390282,-0.015532292869582354,1.0,0.0,3,1844940.2808904792,-4.274625098332763e-11
2021-12-01,-0.02299984367261354,-0.01825487525481906,0.9999999999999999,1.3328890369876707,3,1802506.9428446905,1.4097167877480388e-10
2021-12-02,-0.0029301079882634307,0.008343193118040881,0.9999999999999999,0.0,3,1797225.402852561,1.4097167877480388e-10
2021-12-03,-0.04236136644626942,-0.01923421484397625,0.9999999999999999,0.0,3,1721092.4789757796,1.4097167877480388e-10
2021-12-06,0.008289673854193769,0.009259279575593249,0.9999999999999999,0.0,3,1735359.7742993946,1.4097167877480388e-10
2021-12-07,0.07334177369653139,0.030329003671115906,0.9999999999999999,0.0,3,1862634.1381481246,1.4097167877480388e-10
2021-12-08,0.016186243067393136,0.006379348241553728,0.9999999999999999,0.0,3,1892783.1870538145,1.4097167877480388e-10
2021-12-09,-0.036764867200457796,-0.0170785076213682,0.9999999999999999,0.0,3,1823195.2645425217,1.4097167877480388e-10
2021-12-10,-0.02343833962849884,0.007297016135485501,0.9999999999999999,0.0,3,1780462.5947231033,1.4097167877480388e-10
2021-12-13,-0.04831264756568043,-0.013903394089667898,0.9999999999999999,0.0,3,1694443.732880369,1.4097167877480388e-10
2021-12-14,-0.0034042440977102295,-0.01139553520923653,0.9999999999999999,0.0,3,1688675.432803809,1.4097167877480388e-10
2021-12-15,0.04593240030347112,0.02152192915758433,0.9999999999999999,0.0,3,1766240.348765991,1.4097167877480388e-10
2021-12-16,-0.06147250022675932,-0.024743589751826223,0.9999999999999999,0.0,3,1657665.1385259621,1.4097167877480388e-10
2021-12-17,0.0018584880940797355,-0.0007083459916227275,0.9999999999999999,0.0,3,1660745.8894498835,1.4097167877480388e-10
2021-12-20,-0.002870639715817025,-0.012441744327712279,0.9999999999999999,0.0,3,1655978.4863417489,1.4097167877480388e-10
2021-12-21,0.03747012678296069,0.02404004666114412,0.9999999999999999,0.0,3,1718028.2101748295,1.4097167877480388e-10
2021-12-22,0.015038925322753194,0.011785716434472349,0.9999999999999999,0.0,3,1743865.5081300319,1.4097167877480388e-10
2021-12-23,0.01227919668567945,0.00847070672296768,0.9999999999999999,0.0,3,1765278.775697733,1.4097167877480388e-10
2021-12-27,0.03450038474273942,0.013919535813812445,0.9999999999999999,0.0,3,1826181.5726374967,1.4097167877480388e-10
2021-12-28,-0.016836900597921867,-0.005641523761151235,0.9999999999999999,0.0,3,1795434.3350252425,1.4097167877480388e-10
2021-12-29,-0.004024634602471822,-0.0009826429858396102,0.9999999999999999,0.0,3,1788208.367874034,1.4097167877480388e-10
2021-12-30,-0.001992494782120824,-0.0015635521112173922,0.9999999999999999,0.0,3,1784645.3720317,1.4097167877480388e-10
2021-12-31,-0.003114201723529164,-0.0061362261673546525,0.9999999999999999,0.0,3,1779087.6263382307,1.4097167877480388e-10
2022-01-03,0.011323986475216818,0.012005653676296246,0.9999999999999999,1.998001998001998,3,1799233.9905571104,1.446096575818956e-10
2022-01-04,0.0025328703853000345,-0.013268658476225936,0.9999999999999999,0.0,3,1803791.2170480175,1.446096575818956e-10
2022-01-05,-0.08809700650403529,-0.033447763266404085,0.9999999999999999,0.0,3,1644882.6104678167,1.446096575818956e-10
2022-01-06,0.012032593344534659,-0.0012787005140298957,0.9999999999999999,0.0,3,1664674.8140190726,1.446096575818956e-10
2022-01-07,-0.033759480681575194,-0.009612432581122654,0.9999999999999999,0.0,3,1608476.2567940908,1.446096575818956e-10
2022-01-10,-0.022611450601585092,0.00046376176532603175,0.9999999999999999,0.0,3,1572106.2753697687,1.446096575818956e-10
2022-01-11,-0.013085927285910737,0.014095062767937483,0.9999999999999999,0.0,3,1551533.806964556,1.446096575818956e-10
2022-01-12,-0.0025207850065338544,0.002306036193135075,0.9999999999999999,0.0,3,1547622.7238068294,1.446096575818956e-10
2022-01-13,-0.0227282830972666,-0.025123139100315273,0.9999999999999999,0.0,3,1512447.916412385,1.446096575818956e-10
2022-01-14,-0.0015654901774333485,0.005871648607693292,0.9999999999999999,0.0,3,1510080.194055362,1.446096575818956e-10
2022-01-18,-0.021917427859668992,-0.025974407028063307,0.9999999999999999,0.0,3,1476983.1203398386,1.446096575818956e-10
2022-01-19,-0.027930084233933394,-0.011487060654220671,0.9999999999999999,0.0,3,1435730.857376649,1.446096575818956e-10
2022-01-20,-0.025282588434699993,-0.012986826335980917,0.9999999999999999,0.0,3,1399431.8650065963,1.446096575818956e-10
2022-01-21,-0.033393359445369364,-0.02720771811797229,0.9999999999999998,0.0,3,1352700.1337191274,1.446096575818956e-10
2022-01-24,0.03285881224512055,0.006261056648160679,0.9999999999999998,0.0,3,1397148.2534369535,1.446096575818956e-10
2022-01-25,-0.034258656631608875,-0.022795527886028677,0.9999999999999998,0.0,3,1349283.831159005,1.446096575818956e-10
2022-01-26,0.008307766331857147,0.00020859284186203197,0.9999999999999998,0.0,3,1360493.365943627,1.446096575818956e-10
2022-01-27,-0.0345956712650447,-0.013981260879621149,0.9999999999999998,0.0,3,1313426.184697167,1.446096575818956e-10
2022-01-28,0.013316920407772104,0.031288608055884515,0.9999999999999998,0.0,3,1330916.976660263,1.446096575818956e-10
2022-01-31,0.05585067501049479,0.0340806147415853,0.9999999999999999,0.0,3,1405249.5881896657,1.446096575818956e-10
2022-02-01,0.031671571819194666,0.007452315548552191,0.0,0.9999999999999999,0,1449756.0514459084,1449756.0514459084
2022-02-02,0.0,0.004987033705395438,0.0,0.0,0,1449756.0514459084,1449756.0514459084
2022-02-03,0.0,-0.03736616941402138,0.0,0.0,0,1449756.0514459084,1449756.0514459084
2022-02-04,0.0,0.0157930159241797,0.0,0.0,0,1449756.0514459084,1449756.0514459084
2022-02-07,0.0,-0.005840456822591378,0.0,0.0,0,1449756.0514459084,1449756.0514459084
2022-02-08,0.0,0.012756231097939885,0.0,0.0,0,1449756.0514459084,1449756.0514459084
2022-02-09,0.0,0.020847429359933667,0.0,0.0,0,1449756.0514459084,1449756.0514459084
2022-02-10,0.0,-0.02102992103791934,0.0,0.0,0,1449756.0514459084,1449756.0514459084
2022-02-11,0.0,-0.02780891489603121,0.0,0.0,0,1449756.0514459084,1449756.0514459084
2022-02-14,0.0,-1.706891206343375e-05,0.0,0.0,0,1449756.0514459084,1449756.0514459084
2022-02-15,0.0,0.025294753926803137,0.0,0.0,0,1449756.0514459084,1449756.0514459084
2022-02-16,0.0,-0.0011076640299781948,0.0,0.0,0,1449756.0514459084,1449756.0514459084
2022-02-17,0.0,-0.028842620263654806,0.0,0.0,0,1449756.0514459084,1449756.0514459084
2022-02-18,0.0,-0.01229546238128032,0.0,0.0,0,1449756.0514459084,1449756.0514459084
2022-02-22,0.0,-0.01229317951181419,0.0,0.0,0,1449756.0514459084,1449756.0514459084
2022-02-23,0.0,-0.025709290679353902,0.0,0.0,0,1449756.0514459084,1449756.0514459084
2022-02-24,0.0,0.03344952059895756,0.0,0.0,0,1449756.0514459084,1449756.0514459084
2022-02-25,0.0,0.01640535907852292,0.0,0.0,0,1449756.0514459084,1449756.0514459084
2022-02-28,0.0,0.004145816635783506,0.0,0.0,0,1449756.0514459084,1449756.0514459084
2022-03-01,0.0,-0.015921317796936285,0.0,0.0,0,1449756.0514459084,1449756.0514459084
2022-03-02,0.0,0.016224516179949244,0.0,0.0,0,1449756.0514459084,1449756.0514459084
2022-03-03,0.0,-0.015566822396069657,0.0,0.0,0,1449756.0514459084,1449756.0514459084
2022-03-04,0.0,-0.016583237684866914,0.0,0.0,0,1449756.0514459084,1449756.0514459084
2022-03-07,0.0,-0.036239818886758646,0.0,0.0,0,1449756.0514459084,1449756.0514459084
2022-03-08,0.0,-0.0027597385352692294,0.0,0.0,0,1449756.0514459084,1449756.0514459084
2022-03-09,0.0,0.035949532086611447,0.0,0.0,0,1449756.0514459084,1449756.0514459084
2022-03-10,0.0,-0.009473996842332855,0.0,0.0,0,1449756.0514459084,1449756.0514459084
2022-03-11,0.0,-0.021794067674022144,0.0,0.0,0,1449756.0514459084,1449756.0514459084
2022-03-14,0.0,-0.020444630453667068,0.0,0.0,0,1449756.0514459084,1449756.0514459084
2022-03-15,0.0,0.029202285593797672,0.0,0.0,0,1449756.0514459084,1449756.0514459084
2022-03-16,0.0,0.03768212817656691,0.0,0.0,0,1449756.0514459084,1449756.0514459084
2022-03-17,0.0,0.013264451379705333,0.0,0.0,0,1449756.0514459084,1449756.0514459084
2022-03-18,0.0,0.02049652476236652,0.0,0.0,0,1449756.0514459084,1449756.0514459084
2022-03-21,0.0,-0.003985716861265365,0.0,0.0,0,1449756.0514459084,1449756.0514459084
2022-03-22,0.0,0.019536668097461796,0.0,0.0,0,1449756.0514459084,1449756.0514459084
2022-03-23,0.0,-0.01319833510638535,0.0,0.0,0,1449756.0514459084,1449756.0514459084
2022-03-24,0.0,0.01933793350231272,0.0,0.0,0,1449756.0514459084,1449756.0514459084
2022-03-25,0.0,-0.0015881733268547915,0.0,0.0,0,1449756.0514459084,1449756.0514459084
2022-03-28,0.0,0.013098918268353632,0.0,0.0,0,1449756.0514459084,1449756.0514459084
2022-03-29,0.0,0.01844202032639397,0.0,0.0,0,1449756.0514459084,1449756.0514459084
2022-03-30,0.0,-0.01213171816586378,0.0,0.0,0,1449756.0514459084,1449756.0514459084
2022-03-31,0.0,-0.015354631400716245,0.0,0.0,0,1449756.0514459084,1449756.0514459084
2022-04-01,0.0,0.002881849892591104,0.0,0.0,0,1449756.0514459084,1449756.0514459084
2022-04-04,0.0,0.01900597412614391,0.0,0.0,0,1449756.0514459084,1449756.0514459084
2022-04-05,0.0,-0.02259655851125464,0.0,0.0,0,1449756.0514459084,1449756.0514459084
2022-04-06,0.0,-0.022201272189965593,0.0,0.0,0,1449756.0514459084,1449756.0514459084
2022-04-07,0.0,0.0006107359435800763,0.0,0.0,0,1449756.0514459084,1449756.0514459084
2022-04-08,0.0,-0.013405748072010337,0.0,0.0,0,1449756.0514459084,1449756.0514459084
2022-04-11,0.0,-0.02181023157026507,0.0,0.0,0,1449756.0514459084,1449756.0514459084
2022-04-12,0.0,-0.003011104398112363,0.0,0.0,0,1449756.0514459084,1449756.0514459084
2022-04-13,0.0,0.020342829866225376,0.0,0.0,0,1449756.0514459084,1449756.0514459084
2022-04-14,0.0,-0.021439215518904264,0.0,0.0,0,1449756.0514459084,1449756.0514459084
2022-04-18,0.0,-0.0014022611850154076,0.0,0.0,0,1449756.0514459084,1449756.0514459084
2022-04-19,0.0,0.02154898727812382,0.0,0.0,0,1449756.0514459084,1449756.0514459084
2022-04-20,0.0,-0.012231645024930904,0.0,0.0,0,1449756.0514459084,1449756.0514459084
2022-04-21,0.0,-0.020695208989320646,0.0,0.0,0,1449756.0514459084,1449756.0514459084
2022-04-22,0.0,-0.025454821521881055,0.0,0.0,0,1449756.0514459084,1449756.0514459084
2022-04-25,0.0,0.012894752070850002,0.0,0.0,0,1449756.0514459084,1449756.0514459084
2022-04-26,0.0,-0.039532113109318257,0.0,0.0,0,1449756.0514459084,1449756.0514459084
2022-04-27,0.0,-0.00014495534581171476,0.0,0.0,0,1449756.0514459084,1449756.0514459084
2022-04-28,0.0,0.03063469971805266,0.0,0.0,0,1449756.0514459084,1449756.0514459084
2022-04-29,0.0,-0.04171126607485032,0.0,0.0,0,1449756.0514459084,1449756.0514459084
2022-05-02,0.0,0.016326216778964397,0.0,0.0,0,1449756.0514459084,1449756.0514459084
2022-05-03,0.0,0.002212839905394004,0.0,0.0,0,1449756.0514459084,1449756.0514459084
2022-05-04,0.0,0.0319249786875071,0.0,0.0,0,1449756.0514459084,1449756.0514459084
2022-05-05,0.0,-0.04991680007540389,0.0,0.0,0,1449756.0514459084,1449756.0514459084
2022-05-06,0.0,-0.01404721829611677,0.0,0.0,0,1449756.0514459084,1449756.0514459084
2022-05-09,0.0,-0.042933602903616364,0.0,0.0,0,1449756.0514459084,1449756.0514459084
2022-05-10,0.0,0.009844313740875243,0.0,0.0,0,1449756.0514459084,1449756.0514459084
2022-05-11,0.0,-0.031815127820630895,0.0,0.0,0,1449756.0514459084,1449756.0514459084
2022-05-12,0.0,0.0005919007978312241,0.0,0.0,0,1449756.0514459084,1449756.0514459084
2022-05-13,0.0,0.03817092202199701,0.0,0.0,0,1449756.0514459084,1449756.0514459084
2022-05-16,0.0,-0.012046673096709481,0.0,0.0,0,1449756.0514459084,1449756.0514459084
2022-05-17,0.0,0.027586149833260354,0.0,0.0,0,1449756.0514459084,1449756.0514459084
2022-05-18,0.0,-0.04725830336586201,0.0,0.0,0,1449756.0514459084,1449756.0514459084
2022-05-19,0.0,-0.0025975476614464865,0.0,0.0,0,1449756.0514459084,1449756.0514459084
2022-05-20,0.0,-0.002974747734667771,0.0,0.0,0,1449756.0514459084,1449756.0514459084
2022-05-23,0.0,0.015910461516923657,0.0,0.0,0,1449756.0514459084,1449756.0514459084
2022-05-24,0.0,-0.023478089086463316,0.0,0.0,0,1449756.0514459084,1449756.0514459084
2022-05-25,0.0,0.015117651302262614,0.0,0.0,0,1449756.0514459084,1449756.0514459084
2022-05-26,0.0,0.026752702260782524,0.0,0.0,0,1449756.0514459084,1449756.0514459084
2022-05-27,0.0,0.033258847397414915,0.0,0.0,0,1449756.0514459084,1449756.0514459084
2022-05-31,0.0,-0.0041001371108772,0.0,0.0,0,1449756.0514459084,1449756.0514459084
2022-06-01,0.0,-0.007195495591749701,0.0,0.0,0,1449756.0514459084,1449756.0514459084
2022-06-02,0.0,0.026882277318028613,0.0,0.0,0,1449756.0514459084,1449756.0514459084
2022-06-03,0.0,-0.02469485337315125,0.0,0.0,0,1449756.0514459084,1449756.0514459084
2022-06-06,0.0,0.004048678542331041,0.0,0.0,0,1449756.0514459084,1449756.0514459084
2022-06-07,0.0,0.009440163020949077,0.0,0.0,0,1449756.0514459084,1449756.0514459084
2022-06-08,0.0,-0.0073067112301454795,0.0,0.0,0,1449756.0514459084,1449756.0514459084
2022-06-09,0.0,-0.027472899932200034,0.0,0.0,0,1449756.0514459084,1449756.0514459084
2022-06-10,0.0,-0.03523849329555151,0.0,0.0,0,1449756.0514459084,1449756.0514459084
2022-06-13,0.0,-0.04680755360632205,0.0,0.0,0,1449756.0514459084,1449756.0514459084
2022-06-14,0.0,0.0017688686227439465,0.0,0.0,0,1449756.0514459084,1449756.0514459084
2022-06-15,0.0,0.025009231096122075,0.0,0.0,0,1449756.0514459084,1449756.0514459084
2022-06-16,0.0,-0.04081893879067888,0.0,0.0,0,1449756.0514459084,1449756.0514459084
2022-06-17,0.0,0.014301107449822048,0.0,0.0,0,1449756.0514459084,1449756.0514459084
2022-06-21,0.0,0.025092084442237317,0.0,0.0,0,1449756.0514459084,1449756.0514459084
2022-06-22,0.0,-0.0014655485028881587,0.0,0.0,0,1449756.0514459084,1449756.0514459084
2022-06-23,0.0,0.016204740975323206,0.0,0.0,0,1449756.0514459084,1449756.0514459084
2022-06-24,0.0,0.03342425829529061,0.0,0.0,0,1449756.0514459084,1449756.0514459084
2022-06-27,0.0,-0.008296679178878441,0.0,0.0,0,1449756.0514459084,1449756.0514459084
2022-06-28,0.0,-0.02864793366707674,0.0,0.0,0,1449756.0514459084,1449756.0514459084
2022-06-29,0.0,-0.0003261089259620764,0.0,0.0,0,1449756.0514459084,1449756.0514459084
2022-06-30,0.0,-0.013344034693620666,0.0,0.0,0,1449756.0514459084,1449756.0514459084
2022-07-01,0.0,0.008986460950001662,0.0,0.0,0,1449756.0514459084,1449756.0514459084
2022-07-05,0.0,0.01746902524619176,0.0,0.0,0,1449756.0514459084,1449756.0514459084
2022-07-06,0.0,0.003498804957921209,0.0,0.0,0,1449756.0514459084,1449756.0514459084
2022-07-07,0.0,0.022839067885730868,0.0,0.0,0,1449756.0514459084,1449756.0514459084
2022-07-08,0.0,0.0012014013144794333,0.0,0.0,0,1449756.0514459084,1449756.0514459084
2022-07-11,0.0,-0.022578603766350014,0.0,0.0,0,1449756.0514459084,1449756.0514459084
2022-07-12,0.0,-0.009485176061696077,0.0,0.0,0,1449756.0514459084,1449756.0514459084
2022-07-13,0.0,-0.0015220519093782636,0.0,0.0,0,1449756.0514459084,1449756.0514459084
2022-07-14,0.0,0.000320379971446183,0.0,0.0,0,1449756.0514459084,1449756.0514459084
2022-07-15,0.0,0.017885706355121433,0.0,0.0,0,1449756.0514459084,1449756.0514459084
2022-07-18,0.0,-0.008065805545096505,0.0,0.0,0,1449756.0514459084,1449756.0514459084
2022-07-19,0.0,0.03108258020637389,0.0,0.0,0,1449756.0514459084,1449756.0514459084
2022-07-20,0.0,0.015751863450878645,0.0,0.0,0,1449756.0514459084,1449756.0514459084
2022-07-21,0.0,0.013612602567931953,0.0,0.0,0,1449756.0514459084,1449756.0514459084
2022-07-22,0.0,-0.018698623854268348,0.0,0.0,0,1449756.0514459084,1449756.0514459084
2022-07-25,0.0,-0.004347204339712585,0.0,0.0,0,1449756.0514459084,1449756.0514459084
2022-07-26,0.0,-0.01867928701365207,0.0,0.0,0,1449756.0514459084,1449756.0514459084
2022-07-27,0.0,0.04063530247442659,0.0,0.0,0,1449756.0514459084,1449756.0514459084
2022-07-28,0.0,0.010818261715186184,0.0,0.0,0,1449756.0514459084,1449756.0514459084
2022-07-29,0.0,0.018753789076947358,0.0,0.0,0,1449756.0514459084,1449756.0514459084
2022-08-01,0.0,-0.001752275650564239,0.0,0.0,0,1449756.0514459084,1449756.0514459084
2022-08-02,0.0,-0.0016345573517018153,0.0,0.0,0,1449756.0514459084,1449756.0514459084
2022-08-03,0.0,0.025865063124001164,0.0,0.0,0,1449756.0514459084,1449756.0514459084
2022-08-04,0.0,0.004138004517657112,0.0,0.0,0,1449756.0514459084,1449756.0514459084
2022-08-05,0.0,-0.004954601087728605,0.0,0.0,0,1449756.0514459084,1449756.0514459084
2022-08-08,0.0,-0.001034615319497667,0.0,0.0,0,1449756.0514459084,1449756.0514459084
2022-08-09,0.0,-0.011904763976062549,0.0,0.0,0,1449756.0514459084,1449756.0514459084
2022-08-10,0.0,0.028884026776619276,0.0,0.0,0,1449756.0514459084,1449756.0514459084
2022-08-11,0.0,-0.005826039504124192,0.0,0.0,0,1449756.0514459084,1449756.0514459084
2022-08-12,0.0,0.020913555422654273,0.0,0.0,0,1449756.0514459084,1449756.0514459084
2022-08-15,0.0,0.006198057044563443,0.0,0.0,0,1449756.0514459084,1449756.0514459084
2022-08-16,0.0,-0.0019427024390296088,0.0,0.0,0,1449756.0514459084,1449756.0514459084
2022-08-17,0.0,-0.012549146163073344,0.0,0.0,0,1449756.0514459084,1449756.0514459084
2022-08-18,0.0,0.0021037672929837825,0.0,0.0,0,1449756.0514459084,1449756.0514459084
2022-08-19,0.0,-0.02006325818575805,0.0,0.0,0,1449756.0514459084,1449756.0514459084
2022-08-22,0.0,-0.02547313092258774,0.0,0.0,0,1449756.0514459084,1449756.0514459084
2022-08-23,0.0,-2.200043529199114e-05,0.0,0.0,0,1449756.0514459084,1449756.0514459084
2022-08-24,0.0,0.004056641609094802,0.0,0.0,0,1449756.0514459084,1449756.0514459084
2022-08-25,0.0,0.01671060160081872,0.0,0.0,0,1449756.0514459084,1449756.0514459084
2022-08-26,0.0,-0.03936586315584678,0.0,0.0,0,1449756.0514459084,1449756.0514459084
2022-08-29,0.0,-0.010216114534114085,0.0,0.0,0,1449756.0514459084,1449756.0514459084
2022-08-30,0.0,-0.011194533741897383,0.0,0.0,0,1449756.0514459084,1449756.0514459084
2022-08-31,0.0,-0.005632654213259869,0.0,0.0,0,1449756.0514459084,1449756.0514459084
2022-09-01,0.0,-0.002630041117015036,0.0,0.0,0,1449756.0514459084,1449756.0514459084
2022-09-02,0.0,-0.01308952488076931,0.0,0.0,0,1449756.0514459084,1449756.0514459084
2022-09-06,0.0,-0.007390259036897162,0.0,0.0,0,1449756.0514459084,1449756.0514459084
2022-09-07,0.0,0.021393862500018734,0.0,0.0,0,1449756.0514459084,1449756.0514459084
2022-09-08,0.0,0.005955741108171209,0.0,0.0,0,1449756.0514459084,1449756.0514459084
2022-09-09,0.0,0.02109045535662668,0.0,0.0,0,1449756.0514459084,1449756.0514459084
2022-09-12,0.0,0.012722894580624367,0.0,0.0,0,1449756.0514459084,1449756.0514459084
2022-09-13,0.0,-0.051590969948159815,0.0,0.0,0,1449756.0514459084,1449756.0514459084
2022-09-14,0.0,0.007401293748571458,0.0,0.0,0,1449756.0514459084,1449756.0514459084
2022-09-15,0.0,-0.014276868723104852,0.0,0.0,0,1449756.0514459084,1449756.0514459084
2022-09-16,0.0,-0.008998518345701534,0.0,0.0,0,1449756.0514459084,1449756.0514459084
2022-09-19,0.0,0.007565788672032614,0.0,0.0,0,1449756.0514459084,1449756.0514459084
2022-09-20,0.0,-0.009533464594489782,0.0,0.0,0,1449756.0514459084,1449756.0514459084
2022-09-21,0.0,-0.017930633621340286,0.0,0.0,0,1449756.0514459084,1449756.0514459084
2022-09-22,0.0,-0.013670594454333829,0.0,0.0,0,1449756.0514459084,1449756.0514459084
2022-09-23,0.0,-0.017970849528875288,0.0,0.0,0,1449756.0514459084,1449756.0514459084
2022-09-26,0.0,-0.005981260932053978,0.0,0.0,0,1449756.0514459084,1449756.0514459084
2022-09-27,0.0,0.0024606305818057894,0.0,0.0,0,1449756.0514459084,1449756.0514459084
2022-09-28,0.0,0.020511816797074145,0.0,0.0,0,1449756.0514459084,1449756.0514459084
2022-09-29,0.0,-0.028423916613183553,0.0,0.0,0,1449756.0514459084,1449756.0514459084
2022-09-30,0.0,-0.015076760050953708,0.0,0.0,0,1449756.0514459084,1449756.0514459084
2022-10-03,0.0,0.02267626109945664,0.0,0.0,0,1449756.0514459084,1449756.0514459084
2022-10-04,0.0,0.03337551502553571,0.0,0.0,0,1449756.0514459084,1449756.0514459084
2022-10-05,0.0,-0.002484394512786703,0.0,0.0,0,1449756.0514459084,1449756.0514459084
2022-10-06,0.0,-0.006756717302176085,0.0,0.0,0,1449756.0514459084,1449756.0514459084
2022-10-07,0.0,-0.03801087308081896,0.0,0.0,0,1449756.0514459084,1449756.0514459084
2022-10-10,0.0,-0.010354723393290688,0.0,0.0,0,1449756.0514459084,1449756.0514459084
2022-10-11,0.0,-0.010994980355719663,0.0,0.0,0,1449756.0514459084,1449756.0514459084
2022-10-12,0.0,-0.0008721113636951383,0.0,0.0,0,1449756.0514459084,1449756.0514459084
2022-10-13,0.0,0.022276231502694976,0.0,0.0,0,1449756.0514459084,1449756.0514459084
2022-10-14,0.0,-0.03077837472565781,0.0,0.0,0,1449756.0514459084,1449756.0514459084
2022-10-17,0.0,0.034337637143730504,0.0,0.0,0,1449756.0514459084,1449756.0514459084
2022-10-18,0.0,0.009048642046599387,0.0,0.0,0,1449756.0514459084,1449756.0514459084
2022-10-19,0.0,-0.008530548473853483,0.0,0.0,0,1449756.0514459084,1449756.0514459084
2022-10-20,0.0,-0.006148022287854049,0.0,0.0,0,1449756.0514459084,1449756.0514459084
2022-10-21,0.0,0.023068827447088713,0.0,0.0,0,1449756.0514459084,1449756.0514459084
2022-10-24,0.0,0.0085541373007203,0.0,0.0,0,1449756.0514459084,1449756.0514459084
2022-10-25,0.0,0.022506404477259156,0.0,0.0,0,1449756.0514459084,1449756.0514459084
2022-10-26,0.0,-0.020369734209002455,0.0,0.0,0,1449756.0514459084,1449756.0514459084
2022-10-27,0.0,-0.01625353447977107,0.0,0.0,0,1449756.0514459084,1449756.0514459084
2022-10-28,0.0,0.028702551104384133,0.0,0.0,0,1449756.0514459084,1449756.0514459084
2022-10-31,0.0,-0.010295617487960151,0.0,0.0,0,1449756.0514459084,1449756.0514459084
2022-11-01,0.0,-0.008854979213735459,0.0,0.0,0,1449756.0514459084,1449756.0514459084
2022-11-02,0.0,-0.03361068645018084,0.0,0.0,0,1449756.0514459084,1449756.0514459084
2022-11-03,0.0,-0.017278860744571745,0.0,0.0,0,1449756.0514459084,1449756.0514459084
2022-11-04,0.0,0.012792735419803858,0.0,0.0,0,1449756.0514459084,1449756.0514459084
2022-11-07,0.0,0.008521472828312726,0.0,0.0,0,1449756.0514459084,1449756.0514459084
2022-11-08,0.0,0.0048919120268553495,0.0,0.0,0,1449756.0514459084,1449756.0514459084
2022-11-09,0.0,-0.0247758515330182,0.0,0.0,0,1449756.0514459084,1449756.0514459084
2022-11-10,0.0,0.07350128967203373,0.0,0.0,0,1449756.0514459084,1449756.0514459084
2022-11-11,0.0,0.018821472256101535,0.0,0.0,0,1449756.0514459084,1449756.0514459084
2022-11-14,0.0,-0.011225530621461699,0.0,0.0,0,1449756.0514459084,1449756.0514459084
2022-11-15,0.0,0.014486093508321085,0.0,0.0,0,1449756.0514459084,1449756.0514459084
2022-11-16,0.0,-0.01538525171418803,0.0,0.0,0,1449756.0514459084,1449756.0514459084
2022-11-17,0.0,-0.0034604240676811004,0.0,0.0,0,1449756.0514459084,1449756.0514459084
2022-11-18,0.0,9.910311012384376e-05,0.0,0.0,0,1449756.0514459084,1449756.0514459084
2022-11-21,0.0,-0.010905357833764118,0.0,0.0,0,1449756.0514459084,1449756.0514459084
2022-11-22,0.0,0.013596567147419858,0.0,0.0,0,1449756.0514459084,1449756.0514459084
2022-11-23,0.0,0.009925467001548727,0.0,0.0,0,1449756.0514459084,1449756.0514459084
2022-11-25,0.0,-0.005224655887835272,0.0,0.0,0,1449756.0514459084,1449756.0514459084
2022-11-28,0.0,-0.015753687828610086,0.0,0.0,0,1449756.0514459084,1449756.0514459084
2022-11-29,0.0,-0.005947753830286784,0.0,0.0,0,1449756.0514459084,1449756.0514459084
2022-11-30,0.0,0.04408471681509485,0.0,0.0,0,1449756.0514459084,1449756.0514459084
2022-12-01,0.0,0.0012602986497352031,0.0,0.0,0,1449756.0514459084,1449756.0514459084
2022-12-02,0.0,-0.0018247065268965912,0.0,0.0,0,1449756.0514459084,1449756.0514459084
2022-12-05,0.0,-0.01933077311514575,0.0,0.0,0,1449756.0514459084,1449756.0514459084
2022-12-06,0.0,-0.020022166493363525,0.0,0.0,0,1449756.0514459084,1449756.0514459084
2022-12-07,0.0,-0.005114522436974744,0.0,0.0,0,1449756.0514459084,1449756.0514459084
2022-12-08,0.0,0.011265099700154657,0.0,0.0,0,1449756.0514459084,1449756.0514459084
2022-12-09,0.0,-0.006983006654870949,0.0,0.0,0,1449756.0514459084,1449756.0514459084
2022-12-12,0.0,0.012642066277416708,0.0,0.0,0,1449756.0514459084,1449756.0514459084
2022-12-13,0.0,0.010146971954644535,0.0,0.0,0,1449756.0514459084,1449756.0514459084
2022-12-14,0.0,-0.007633314703135219,0.0,0.0,0,1449756.0514459084,1449756.0514459084
2022-12-15,0.0,-0.03225888057749238,0.0,0.0,0,1449756.0514459084,1449756.0514459084
2022-12-16,0.0,-0.009723143546460533,0.0,0.0,0,1449756.0514459084,1449756.0514459084
2022-12-19,0.0,-0.014887971498458885,0.0,0.0,0,1449756.0514459084,1449756.0514459084
2022-12-20,0.0,0.00010241766566965183,0.0,0.0,0,1449756.0514459084,1449756.0514459084
2022-12-21,0.0,0.0153840971239112,0.0,0.0,0,1449756.0514459084,1449756.0514459084
2022-12-22,0.0,-0.02178008583343294,0.0,0.0,0,1449756.0514459084,1449756.0514459084
2022-12-23,0.0,0.0020755968686916315,0.0,0.0,0,1449756.0514459084,1449756.0514459084
2022-12-27,0.0,-0.013777727511464222,0.0,0.0,0,1449756.0514459084,1449756.0514459084
2022-12-28,0.0,-0.013516414293491819,0.0,0.0,0,1449756.0514459084,1449756.0514459084
2022-12-29,0.0,0.025926890283257675,0.0,0.0,0,1449756.0514459084,1449756.0514459084
2022-12-30,0.0,-0.001107597227505308,0.0,0.0,0,1449756.0514459084,1449756.0514459084
2023-01-03,0.0,-0.007595389220297233,0.0,0.0,0,1449756.0514459084,1449756.0514459084
2023-01-04,0.0,0.006910311716651796,0.0,0.0,0,1449756.0514459084,1449756.0514459084
2023-01-05,0.0,-0.014678649767878249,0.0,0.0,0,1449756.0514459084,1449756.0514459084
2023-01-06,0.0,0.025623146016223286,0.0,0.0,0,1449756.0514459084,1449756.0514459084
2023-01-09,0.0,0.006278139356121093,0.0,0.0,0,1449756.0514459084,1449756.0514459084
2023-01-10,0.0,0.010058671170563471,0.0,0.0,0,1449756.0514459084,1449756.0514459084
2023-01-11,0.0,0.01759727382956755,0.0,0.0,0,1449756.0514459084,1449756.0514459084
2023-01-12,0.0,0.006351599918728024,0.0,0.0,0,1449756.0514459084,1449756.0514459084
2023-01-13,0.0,0.007094896698781383,0.0,0.0,0,1449756.0514459084,1449756.0514459084
2023-01-17,0.0,0.0014402811650946479,0.0,0.0,0,1449756.0514459084,1449756.0514459084
2023-01-18,0.0,-0.01244697519222282,0.0,0.0,0,1449756.0514459084,1449756.0514459084
2023-01-19,0.0,-0.009559466879142997,0.0,0.0,0,1449756.0514459084,1449756.0514459084
2023-01-20,0.0,0.026553441194949956,0.0,0.0,0,1449756.0514459084,1449756.0514459084
2023-01-23,0.0,0.020105095361360403,0.0,0.0,0,1449756.0514459084,1449756.0514459084
2023-01-24,0.0,-0.002652367269862066,0.0,0.0,0,1449756.0514459084,1449756.0514459084
2023-01-25,0.0,-0.0018452090193886717,0.0,0.0,0,1449756.0514459084,1449756.0514459084
2023-01-26,0.0,0.01759475043190961,0.0,0.0,0,1449756.0514459084,1449756.0514459084
2023-01-27,0.0,0.009493830620098231,0.0,0.0,0,1449756.0514459084,1449756.0514459084
2023-01-30,0.0,-0.019609463667566884,0.0,0.0,0,1449756.0514459084,1449756.0514459084
2023-01-31,0.0,0.016740425254421876,0.0,0.0,0,1449756.0514459084,1449756.0514459084
2023-02-01,-0.0009990009990010762,0.02000660051431602,1.0,0.9990009990009989,3,1448307.743702206,1.1050360626541078e-10
2023-02-02,0.02671844848959215,0.03253966740726111,1.0,0.0,3,1487004.279549391,1.1050360626541078e-10
2023-02-03,-0.011542614158037257,-0.015889368536130433,1.0,0.0,3,1469840.3628992022,1.1050360626541078e-10
2023-02-06,-0.008016763450082953,-0.009952973006453592,1.0,0.0,3,1458057.0004004552,1.1050360626541078e-10
2023-02-07,-0.002191575500903431,0.01903990310722814,1.0,0.0,3,1454861.5583994568,1.1050360626541078e-10
2023-02-08,-0.02571044038847714,-0.016779692023784265,1.0,0.0,3,1417456.4270287405,1.1050360626541078e-10
2023-02-09,-0.01455399794013068,-0.010154165806607662,1.0,0.0,3,1396826.7691095392,1.1050360626541078e-10
2023-02-10,-0.0322993916107579,-0.006061200267955313,1.0,0.0,3,1351710.1142816804,1.1050360626541078e-10
2023-02-13,0.029192770697057613,0.0148205512930355,1.0,0.0,3,1391170.277696799,1.1050360626541078e-10
2023-02-14,0.03121953440641212,0.00574820150485178,1.0,0.0,3,1434601.9660465322,1.1050360626541078e-10
2023-02-15,0.02017729995671247,0.009234611736119724,1.0,0.0,3,1463548.3602339425,1.1050360626541078e-10
2023-02-16,0.015404980146079161,-0.01779190165374478,1.0,0.0,3,1486094.2936661732,1.1050360626541078e-10
2023-02-17,-0.02625220698797659,-0.00578301787963631,1.0,0.0,3,1447081.038665198,1.1050360626541078e-10
2023-02-21,-0.0244393010945555,-0.02502451054936672,1.0,0.0,3,1411715.3894530372,1.1050360626541078e-10
2023-02-22,0.008825166727877365,0.0012851647600451432,1.0,0.0,3,1424174.0131372707,1.1050360626541078e-10
2023-02-23,0.008511545411624244,0.007241730329917262,1.0,0.0,3,1436295.9349241436,1.1050360626541078e-10
2023-02-24,-0.012327555592043238,-0.016863954340701315,1.0,0.0,3,1418589.9169397405,1.1050360626541078e-10
2023-02-27,0.011057010538787493,0.006321936855243404,1.0,0.0,3,1434275.280601561,1.1050360626541078e-10
2023-02-28,0.022349062068574232,-0.0009972634903550048,1.0,0.0,3,1466329.9878711472,1.1050360626541078e-10
2023-03-01,0.06369437239011377,-0.006639536338383878,1.0,1.3328890369876707,3,1559726.9561654031,3.092281986027956e-11
2023-03-02,-0.008977745831486583,0.007337502918849381,1.0,0.0,3,1545724.1239864319,3.092281986027956e-11
2023-03-03,0.015406208760009088,0.019717776040358848,1.0,0.0,3,1569537.872525949,3.092281986027956e-11
2023-03-06,-0.005193250340999822,-0.0011351350246131542,1.0,0.0,3,1561386.8694342414,3.092281986027956e-11
2023-03-07,-0.003491549064424948,-0.012453628945557016,1.0,0.0,3,1555935.210571063,3.092281986027956e-11
2023-03-08,0.006294439665443408,0.003961108838843375,1.0,0.0,3,1565728.9508773414,3.092281986027956e-11
2023-03-09,-0.009433034839653853,-0.02052956974819531,1.0,0.0,3,1550959.3751342609,3.092281986027956e-11
2023-03-10,-0.028139290435820086,-0.017592217636165808,1.0,0.0,3,1507316.4788231999,3.092281986027956e-11
2023-03-13,-0.015844378399224368,0.0044847476108409445,1.0,0.0,3,1483433.9861653387,3.092281986027956e-11
2023-03-14,0.03346178825242596,0.021387877573898928,1.0,0.0,3,1533072.3400968555,3.092281986027956e-11
2023-03-15,-0.027246421771005003,0.0005165666207134212,1.0,0.0,3,1491301.604513115,3.092281986027956e-11
2023-03-16,0.03851726741847328,0.024770274348416166,1.0,0.0,3,1548742.467215745,3.092281986027956e-11
2023-03-17,-0.019334858074745442,-0.007404681517967915,1.0,0.0,3,1518797.7514177975,3.092281986027956e-11
2023-03-20,0.01118657374089338,0.0038712305545025583,1.0,0.0,3,1535787.8944615358,3.092281986027956e-11
2023-03-21,0.021129788042511866,0.01580837631800458,1.0,0.0,3,1568238.7671497636,3.092281986027956e-11
2023-03-22,-0.01535716159254552,-0.016033013995638168,1.0,0.0,3,1544155.0709869503,3.092281986027956e-11
2023-03-23,0.006826233575883522,0.010063645397946352,1.0,0.0,3,1554695.8341788922,3.092281986027956e-11
2023-03-24,-0.009568878458836805,0.0031017531400312492,1.0,0.0,3,1539819.1387011744,3.092281986027956e-11
2023-03-27,0.010144388884267386,-0.004662067530674885,1.0,0.0,3,1555439.6628555967,3.092281986027956e-11
2023-03-28,-0.007749721470119986,-0.004482669352199986,1.0,0.0,3,1543385.4387048886,3.092281986027956e-11
2023-03-29,0.020133159595702388,0.01793741577441077,1.0,0.0,3,1574458.664060017,3.092281986027956e-11
2023-03-30,0.004859029476084853,0.007314579202157834,1.0,0.0,3,1582109.005117562,3.092281986027956e-11
2023-03-31,0.016659691267182142,0.017350063762167967,1.0,0.0,3,1608466.452693849,3.092281986027956e-11
2023-04-03,0.0021564867355001738,-0.0026554041136397366,1.0,0.6700086854081034,3,1611935.0892635803,-1.141415850725025e-10
2023-04-04,-0.027311472706881057,-0.0051786577019322655,1.0,0.0,3,1567910.768067894,-1.141415850725025e-10
2023-04-05,-0.014003944699951809,-0.010676423201547935,1.0,0.0,3,1545953.8323774124,-1.141415850725025e-10
2023-04-06,0.005596607243161245,0.007593219403144946,1.0,0.0,3,1554605.9287932888,-1.141415850725025e-10
2023-04-10,0.011240960840996683,-0.0002978667336490659,1.0,0.0,3,1572081.1931620354,-1.141415850725025e-10
2023-04-11,0.002750116237889122,-0.004342680915006114,1.0,0.0,3,1576404.5991786304,-1.141415850725025e-10
2023-04-12,0.010825031877835567,-0.008522369369301286,1.0,0.0,3,1593469.2292171055,-1.141415850725025e-10
2023-04-13,0.007970046076037018,0.01986150630048855,1.0,0.0,3,1606169.2523947132,-1.141415850725025e-10
2023-04-14,-0.0028095617784433813,-0.0035183909877402053,1.0,0.0,3,1601656.620653474,-1.141415850725025e-10
2023-04-17,0.0030640514395601226,0.002825743113821444,1.0,0.0,3,1606564.1789276684,-1.141415850725025e-10
2023-04-18,0.010931747151179394,-0.0003547127852124854,1.0,0.0,3,1624126.7323138479,-1.141415850725025e-10
2023-04-19,0.0020182878303929286,0.00031394478213608856,1.0,0.0,3,1627404.6875326927,-1.141415850725025e-10
2023-04-20,-0.0009109196626017058,-0.00803382245091988,1.0,0.0,3,1625922.2526038089,-1.141415850725025e-10
2023-04-21,-0.002113290085187125,0.0010695665983633251,1.0,0.0,3,1622486.2072280962,-1.141415850725025e-10
2023-04-24,-0.00810407219531184,-0.0029200354681760965,1.0,0.0,3,1609337.461868822,-1.141415850725025e-10
2023-04-25,-0.017502219915102035,-0.019775929528352942,1.0,0.0,3,1581170.4836935818,-1.141415850725025e-10
2023-04-26,-0.027476346620127545,0.004677740881357195,1.0,0.0,3,1537725.6954181022,-1.141415850725025e-10
2023-04-27,0.017788680924533562,0.024285404550123735,1.0,0.0,3,1565079.8071633514,-1.141415850725025e-10
2023-04-28,-0.005098446795748113,0.006946470487241285,1.0,0.0,3,1557100.3310354294,-1.141415850725025e-10
2023-05-01,0.010011073124220227,-0.0011439254005861654,0.9999999999999999,1.9980019980019978,3,1572688.5763111727,1.191438059322536e-10
2023-05-02,-0.006761401542662471,-0.010816028108417974,0.9999999999999999,0.0,3,1562054.9973451747,1.191438059322536e-10
2023-05-03,0.0979873891511549,-0.004567507392219339,0.9999999999999999,0.0,3,1715116.6882455426,1.191438059322536e-10
2023-05-04,-0.011833187987015159,-0.004900465044276103,0.9999999999999999,0.0,3,1694821.3900538662,1.191438059322536e-10
2023-05-05,0.017606290322885743,0.022480841018965192,0.9999999999999999,0.0,3,1724660.9074925913,1.191438059322536e-10
2023-05-08,-0.00818477209175883,0.0017575949274650782,0.9999999999999999,0.0,3,1710544.9510291985,1.191438059322536e-10
2023-05-09,-0.006341335119360192,-0.006311970105372322,0.9999999999999999,0.0,3,1699697.8122579928,1.191438059322536e-10
2023-05-10,0.005033988237500786,0.01041817405987322,0.9999999999999999,0.0,3,1708254.0710522055,1.191438059322536e-10
2023-05-11,0.0028512827199640434,0.0017929959833880016,0.9999999999999999,0.0,3,1713124.7863663048,1.191438059322536e-10
2023-05-12,-0.0015428419344718503,-0.003549789176415019,0.9999999999999999,0.0,3,1710481.7056069158,1.191438059322536e-10
2023-05-15,0.016794239713814774,0.006550059589361279,0.9999999999999999,0.0,3,1739207.945396973,1.191438059322536e-10
2023-05-16,0.013701798962780343,-0.0017918257588691588,0.9999999999999999,0.0,3,1763038.2230192728,1.191438059322536e-10
2023-05-17,0.024629085782076343,0.012761324433136378,0.9999999999999999,0.0,3,1806460.242651094,1.191438059322536e-10
2023-05-18,0.03859987288931932,0.015061037554266354,0.9999999999999999,0.0,3,1876189.3783970352,1.191438059322536e-10
2023-05-19,-0.0018260588432696956,-0.0024383950873863025,0.9999999999999999,0.0,3,1872763.3461909646,1.191438059322536e-10
2023-05-22,8.413271585849813e-06,0.004967562740968656,0.9999999999999999,0.0,3,1872779.1022576122,1.191438059322536e-10
2023-05-23,-0.019193215064615687,-0.012619614947402158,0.9999999999999999,0.0,3,1836834.450179464,1.191438059322536e-10
2023-05-24,0.006959256804506042,-0.006057445487270052,0.9999999999999999,0.0,3,1849617.4528256266,1.191438059322536e-10
2023-05-25,0.1061628071034093,0.01713624817479742,0.9999999999999999,0.0,3,2045978.033685053,1.191438059322536e-10
2023-05-26,0.026130743993291627,0.021861052877086173,1.0,0.0,3,2099440.9618991753,1.191438059322536e-10
2023-05-30,0.03435364215186043,0.003216654223523907,1.0,0.0,3,2171564.4054232175,1.191438059322536e-10
2023-05-31,-0.023101808562527748,-0.006310049410844343,1.0,0.0,3,2121397.340247931,1.191438059322536e-10
2023-06-01,0.023507649443359924,0.012809628658206895,1.0,1.3328890369876707,3,2171266.4052525554,-2.2509993868879974e-10
2023-06-02,-0.01797257060245616,0.01066975028298267,1.0,0.0,3,2132243.1664874125,-2.2509993868879974e-10
2023-06-05,-0.0009545657836583787,-0.0008562118190507118,1.0,0.0,3,2130207.8001182443,-2.2509993868879974e-10
2023-06-06,0.01673932177765014,0.0035518767337245905,1.0,0.0,3,2165866.033937684,-2.2509993868879974e-10
2023-06-07,0.014955594120475535,-0.012919410943524001,1.0,0.0,3,2198257.84726058,-2.2509993868879974e-10
2023-06-08,0.0230454517946439,0.010196869574188527,1.0,0.0,3,2248917.692511821,-2.2509993868879974e-10
2023-06-09,0.005098072815358234,0.001557590629782668,1.0,0.0,3,2260382.838663994,-2.2509993868879974e-10
2023-06-12,-0.004566529687599186,0.015293393458684523,1.0,0.0,3,2250060.733325895,-2.2509993868879974e-10
2023-06-13,-0.017418316600149475,0.008275148905384055,1.0,0.0,3,2210868.46310326,-2.2509993868879974e-10
2023-06-14,-0.0003645721634479848,0.00391623411406572,1.0,0.0,3,2210062.4420045675,-2.2509993868879974e-10
2023-06-15,-0.023626234629110177,0.011473523537258279,1.0,0.0,3,2157846.9882047833,-2.2509993868879974e-10
2023-06-16,-0.014031751150501037,-0.006765596443276567,1.0,0.0,3,2127568.6162454356,-2.2509993868879974e-10
2023-06-20,-0.010056932789204387,-0.001627326342936608,1.0,0.0,3,2106171.8016674346,-2.2509993868879974e-10
2023-06-21,-0.0050147010480342535,-0.012079618775154843,1.0000000000000002,0.0,3,2095609.9797262729,-2.2509993868879974e-10
2023-06-22,0.007908213102043593,0.00951031810509173,1.0,0.0,3,2112182.5100247175,-2.2509993868879974e-10
2023-06-23,-0.046498577717682954,-0.010131081162892075,1.0000000000000002,0.0,3,2013969.0274284026,-2.2509993868879974e-10
2023-06-26,-0.013719641161308305,-0.011616610619297751,1.0000000000000002,0.0,3,1986338.095062096,-2.2509993868879974e-10
2023-06-27,0.01933319953504875,0.01648907135776234,1.0000000000000002,0.0,3,2024740.3657980002,-2.2509993868879974e-10
2023-06-28,0.015820399639769667,0.002661402371253674,1.0000000000000002,0.0,3,2056772.5675516978,-2.2509993868879974e-10
2023-06-29,0.020614390166261654,-3.082016664524012e-05,1.0,0.0,3,2099171.6797424722,-2.2509993868879974e-10
2023-06-30,0.02506931409958968,0.014464499360184124,1.0,0.0,3,2151796.4739308995,-2.2509993868879974e-10
2023-07-03,-8.299544685952398e-06,0.002092381877186078,1.0,1.3487152876738087,3,2151778.614999909,-9.822542779147625e-11
2023-07-05,-0.04879399446193711,-0.0018179498866323085,1.0,0.0,3,2046784.7411762888,-9.822542779147625e-11
2023-07-06,-0.02379865288678673,-0.008165177110044053,1.0,0.0,3,1998074.0215870626,-9.822542779147625e-11
2023-07-07,0.01103167845822317,-0.0013398013296690436,1.0,0.0,3,2020116.13172894,-9.822542779147625e-11
2023-07-10,0.021860996638378705,0.001812906465706643,1.0,0.0,3,2064277.883693801,-9.822542779147625e-11
2023-07-11,-0.012123380604636913,0.005496174946392429,1.0,0.0,3,2039251.8572360466,-9.822542779147625e-11
2023-07-12,0.01002919781138556,0.011501137965431285,1.0,0.0,3,2059703.9174995022,-9.822542779147625e-11
2023-07-13,0.037115670233326625,0.015777569175071227,1.0,0.0,3,2136151.2088797046,-9.822542779147625e-11
2023-07-14,0.042519261312041534,-0.0017588199847899944,1.0,0.0,3,2226978.780332094,-9.822542779147625e-11
2023-07-17,0.04016336194680448,0.009299125755309445,1.0,0.0,3,2316421.735134425,-9.822542779147625e-11
2023-07-18,-0.01207615125869077,0.007630382257199031,1.0,0.0,3,2288448.275882023,-9.822542779147625e-11
2023-07-19,-0.021135837658714296,0.00030487034698767346,1.0,0.0,3,2240080.004632616,-9.822542779147625e-11
2023-07-20,-0.020297695711696928,-0.020525951958301536,1.0,0.0,3,2194611.5423287265,-9.822542779147625e-11
2023-07-21,0.015421060961775757,-0.002168828488742447,1.0,0.0,3,2228454.7807103945,-9.822542779147625e-11
2023-07-24,-0.005047341582840148,0.0018571125801307709,1.0,0.0,3,2217207.008230236,-9.822542779147625e-11
2023-07-25,0.029875850707267615,0.006095050538285962,1.0,0.0,3,2283447.95379523,-9.822542779147625e-11
2023-07-26,-0.009643394046404019,-0.0012212119183072634,1.0,0.0,3,2261427.7653923277,-9.822542779147625e-11
2023-07-27,-0.022665333021779643,-0.0054628200178515884,1.0,0.0,3,2210171.7519850116,-9.822542779147625e-11
2023-07-28,0.01682922095550654,0.01897137099464441,1.0,0.0,3,2247367.2207487863,-9.822542779147625e-11
2023-07-31,0.015826323192587033,0.0020511911118470394,1.0,0.0,3,2282934.780716783,-9.822542779147625e-11
2023-08-01,-0.027876310237758606,-0.0043294436561424066,1.0,1.3328890369876707,3,2219294.9825169523,1.546140993013978e-10
2023-08-02,-0.02724655472231452,-0.021735346457687377,1.0,0.0,3,2158826.840330846,1.546140993013978e-10
2023-08-03,-0.014319761047911772,-0.0009827567747008326,1.0,0.0,3,2127912.95583349,1.546140993013978e-10
2023-08-04,-0.013978657089777746,-0.003615869000418215,1.0,0.0,3,2098167.590306998,1.546140993013978e-10
2023-08-07,-0.02382229117137058,0.006122556689534875,0.9999999999999999,0.0,3,2048184.431044372,1.546140993013978e-10
2023-08-08,0.017130751669238053,-0.007865589992064326,0.9999999999999999,0.0,3,2083271.3699053929,1.546140993013978e-10
2023-08-09,-0.004302678715495167,-0.011690061227466741,0.9999999999999999,0.0,3,2074307.7225235004,1.546140993013978e-10
2023-08-10,0.004671510918878408,0.0011638086171537054,0.9999999999999999,0.0,3,2083997.8736983829,1.546140993013978e-10
2023-08-11,-0.014634871326747012,-0.006779436524950722,0.9999999999999999,0.0,3,2053498.8329715927,1.546140993013978e-10
2023-08-14,0.004389859300682586,0.010515432870729535,0.9999999999999999,0.0,3,2062513.4039224538,1.546140993013978e-10
2023-08-15,-0.025402909932939255,-0.011407051285561298,0.9999999999999999,0.0,3,2010119.5616871316,1.546140993013978e-10
2023-08-16,-0.013702369449848373,-0.011475200778598982,0.9999999999999999,0.0,3,1982576.1608145272,1.546140993013978e-10
2023-08-17,-0.030657171235014657,-0.011703202579716465,0.9999999999999999,0.0,3,1921795.9839659783,1.546140993013978e-10
2023-08-18,0.01605488575816505,-0.0019640560442616417,0.9999999999999999,0.0,3,1952650.1989390524,1.546140993013978e-10
2023-08-21,0.001987436755522376,0.015560671083143074,0.9999999999999999,0.0,3,1956530.967715102,1.546140993013978e-10
2023-08-22,-0.018045757263750573,0.0006136799326943443,0.9999999999999999,0.0,3,1921223.8847927044,1.546140993013978e-10
2023-08-23,0.027642638599118863,0.01593078803569381,0.9999999999999999,0.0,3,1974331.5823080244,1.546140993013978e-10
2023-08-24,-0.02453636997964115,-0.01873477856862693,0.9999999999999999,0.0,3,1925888.6521420244,1.546140993013978e-10
2023-08-25,0.012260943174989603,0.009408427381052853,0.9999999999999999,0.0,3,1949501.863467295,1.546140993013978e-10
2023-08-28,0.029291997194535124,0.008423764093930197,0.9999999999999999,0.0,3,2006606.6665827201,1.546140993013978e-10
2023-08-29,0.03569229153330156,0.017411428007593877,0.9999999999999999,0.0,3,2078227.056719057,1.546140993013978e-10
2023-08-30,0.0171371848507218,0.005418460826855487,1.0,0.0,3,2113842.017951823,1.546140993013978e-10
2023-08-31,0.011732482905367103,0.0011168380927151222,1.0,0.0,3,2138642.633292089,1.546140993013978e-10
2023-09-01,0.021903907062203132,-0.00022467454467545167,1.0,1.3328890369876707,3,2185487.2627709843,1.0186340659856796e-10
2023-09-05,-0.005034569748536333,-0.0007741265393723662,1.0,0.0,3,2174484.274712026,1.0186340659856796e-10
2023-09-06,0.00610141499217276,-0.01058996557016989,1.0,0.0,3,2187751.705665998,1.0186340659856796e-10
2023-09-07,-0.001529004462864747,-0.008912521977790133,1.0,0.0,3,2184406.623544395,1.0186340659856796e-10
2023-09-08,-0.0014954024064122162,0.0009232347882350833,1.0,0.0,3,2181140.056622964,1.0186340659856796e-10
2023-09-11,-0.0018615732728012313,0.011362773780877466,1.0,0.0,3,2177079.7045893185,1.0186340659856796e-10
2023-09-12,0.0038573964889292434,-0.01036652490791623,1.0,0.0,3,2185477.5641979203,1.0186340659856796e-10
2023-09-13,-0.021443424197213123,0.002901976135631923,1.0,0.0,3,2138613.441715332,1.0186340659856796e-10
2023-09-14,0.005498135619726563,0.00814181836214134,1.0,0.0,3,2150371.8284560535,1.0186340659856796e-10
2023-09-15,-0.002046126447890262,-0.015633841454585462,1.0,0.0,3,2145971.8957850514,1.0186340659856796e-10
2023-09-18,0.011617212884083017,0.00013876958799174943,1.0,0.0,3,2170902.108141646,1.0186340659856796e-10
2023-09-19,-0.017730985287894407,-0.002337800528076972,1.0,0.0,3,2132409.8748007272,1.0186340659856796e-10
2023-09-20,-0.010893944845540848,-0.015284015558935105,1.0,0.0,3,2109179.5192365614,1.0186340659856796e-10
2023-09-21,-0.024738022034139884,-0.018200324610474605,1.0,0.0,3,2057002.5898157307,1.0186340659856796e-10
2023-09-22,0.0020357157878416743,-0.0009209629042693512,1.0,0.0,3,2061190.06246345,1.0186340659856796e-10
2023-09-25,0.006799041623144264,0.004504508868605317,1.0,0.0,3,2075204.1794913504,1.0186340659856796e-10
2023-09-26,-0.008793108667458749,-0.01565103629147102,1.0,0.0,3,2056956.6836339184,1.0186340659856796e-10
2023-09-27,0.029721330028667836,0.0022382175633635093,1.0,0.0,3,2118092.1720828763,1.0186340659856796e-10
2023-09-28,0.0022779681119393658,0.008281452212011375,1.0,0.0,3,2122917.1185090295,1.0186340659856796e-10
2023-09-29,-0.023413800766081128,0.0013669814533994185,1.0,0.0,3,2073211.560053356,1.0186340659856796e-10
2023-10-02,-0.012699231274413192,0.006690978402122738,0.9999999999999999,1.332889036987671,3,2046883.3669714516,1.2823875294998288e-10
2023-10-03,-0.01764449266835788,-0.018658772533119206,0.9999999999999999,0.0,3,2010767.14840994,1.2823875294998288e-10
2023-10-04,-0.014438990383948469,0.013518470257795734,0.9999999999999999,0.0,3,1981733.7008896894,1.2823875294998288e-10
2023-10-05,-0.011832192230233685,-0.0012221054716957669,0.9999999999999999,0.0,3,1958285.4467916302,1.2823875294998288e-10
2023-10-06,0.012069311014034856,0.015999202410559743,0.9999999999999999,0.0,3,1981920.6029032168,1.2823875294998288e-10
2023-10-09,0.019367250418779847,0.00393843777681524,0.9999999999999999,0.0,3,2020304.9555297827,1.2823875294998288e-10
2023-10-10,0.014383637187344256,0.005829361097144048,0.9999999999999999,0.0,3,2049364.289017917,1.2823875294998288e-10
2023-10-11,0.0074853692296987795,0.00713957938526133,0.9999999999999999,0.0,3,2064704.537407375,1.2823875294998288e-10
2023-10-12,-0.0176052783144115,-0.006256158271621737,0.9999999999999999,0.0,3,2028354.83938929,1.2823875294998288e-10
2023-10-13,-0.0070572153859812525,-0.012301650016759313,0.9999999999999999,0.0,3,2014040.3024085222,1.2823875294998288e-10
2023-10-16,0.008284524939715654,0.011989721012112708,0.9999999999999999,0.0,3,2030725.6695234182,1.2823875294998288e-10
2023-10-17,0.016269547103954674,-0.0025233152923814783,0.9999999999999999,0.0,3,2063764.6564589392,1.2823875294998288e-10
2023-10-18,-0.02415819763651439,-0.016214607704617134,0.9999999999999999,0.0,3,2013907.822012951,1.2823875294998288e-10
2023-10-19,-0.00902786996325744,-0.009623252744584199,0.9999999999999999,0.0,3,1995726.524077831,1.2823875294998288e-10
2023-10-20,-0.013551065177383026,-0.015346996966322912,0.9999999999999999,0.0,3,1968682.3038738202,1.2823875294998288e-10
2023-10-23,-0.005360851968177038,0.0026588117340864414,0.9999999999999999,0.0,3,1958128.489470383,1.2823875294998288e-10
2023-10-24,0.009265980728617729,0.00933652076747693,0.9999999999999999,0.0,3,1976272.4703179728,1.2823875294998288e-10
2023-10-25,-0.014509672888740055,-0.024250641653744798,0.9999999999999999,0.0,3,1947597.4032346369,1.2823875294998288e-10
2023-10-26,-0.012202413820257774,-0.01759731281830912,0.9999999999999999,0.0,3,1923832.0137651083,1.2823875294998288e-10
2023-10-27,-0.003624386970361604,0.003763630100990456,0.9999999999999999,0.0,3,1916859.3020812536,1.2823875294998288e-10
2023-10-30,-0.00511564916921925,0.011585191492403002,0.9999999999999999,0.0,3,1907053.3223850515,1.2823875294998288e-10
2023-10-31,0.005911708986801045,0.004828647326650115,0.9999999999999999,0.0,3,1918327.266649304,1.2823875294998288e-10
2023-11-01,0.005050977040712112,0.016358773768905932,0.9999999999999999,1.9980019980019976,3,1928016.6936297214,1.446096575818956e-10
2023-11-02,-0.003629383170863587,0.017817414225266726,0.9999999999999999,0.0,3,1921019.1822887177,1.446096575818956e-10
2023-11-03,0.013051430914370554,0.01384761271359558,0.9999999999999999,0.0,3,1946091.2314315396,1.446096575818956e-10
2023-11-06,-0.007108130579691063,0.0030045443769870506,0.9999999999999999,0.0,3,1932258.1608385325,1.446096575818956e-10
2023-11-07,-0.007352404204619134,0.00895614887358942,0.9999999999999999,0.0,3,1918051.4178123737,1.446096575818956e-10
2023-11-08,-0.009920719706298153,0.0007740991097742178,0.9999999999999999,0.0,3,1899022.9673139893,1.446096575818956e-10
2023-11-09,-0.0029413966227739285,-0.009447764665249214,0.9999999999999999,0.0,3,1893437.187571362,1.446096575818956e-10
2023-11-10,0.0175376911685885,0.020460766916963857,0.9999999999999999,0.0,3,1926643.7042141093,1.446096575818956e-10
2023-11-13,0.004543305100963568,-0.002200606149797002,0.9999999999999999,0.0,3,1935397.0343832045,1.446096575818956e-10
2023-11-14,0.011582874811113308,0.02372491956415912,0.9999999999999999,0.0,3,1957814.4959422653,1.446096575818956e-10
2023-11-15,-0.007695135125980634,0.0006707708173478988,0.9999999999999999,0.0,3,1942748.848844386,1.446096575818956e-10
2023-11-16,-0.002752968325547722,0.0006974698280486358,0.9999999999999999,0.0,3,1937400.522799023,1.446096575818956e-10
2023-11-17,-0.00142930235238381,0.0008366709419771468,0.9999999999999999,0.0,3,1934631.3916742767,1.446096575818956e-10
2023-11-20,0.013385387268728621,0.0112599914647864,0.9999999999999999,0.0,3,1960527.1820740763,1.446096575818956e-10
2023-11-21,0.009860564586287035,-0.0059191149544098876,0.9999999999999999,0.0,3,1979859.0869760888,1.446096575818956e-10
2023-11-22,0.0036471473521915154,0.00463909025690068,0.9999999999999999,0.0,3,1987079.9248028658,1.446096575818956e-10
2023-11-24,0.00782589399348721,-0.0010516647951354097,0.9999999999999999,0.0,3,2002630.6016509598,1.446096575818956e-10
2023-11-27,0.017890305328414735,-0.0006899235410761095,0.9999999999999999,0.0,3,2038458.2745745224,1.446096575818956e-10
2023-11-28,-0.01274439758953183,0.0028602861908266775,0.9999999999999999,0.0,3,2012479.3518536736,1.446096575818956e-10
2023-11-29,-0.006465628545129221,-0.0016290503886849939,0.9999999999999999,0.0,3,1999467.4079098452,1.446096575818956e-10
2023-11-30,0.010903774979026837,-0.002263311160392023,0.9999999999999999,0.0,3,2021269.1506035922,1.446096575818956e-10
2023-12-01,0.002998034411011874,0.005540010392641959,1.0,1.3328890369876707,3,2027328.9850710186,-7.003109203651547e-11
2023-12-04,-0.016597698418777673,-0.008356367069205173,1.0,0.0,3,1993679.9899811633,-7.003109203651547e-11
2023-12-05,0.0064615073558225156,0.0031312268495462536,1.0,0.0,3,2006562.1679015826,-7.003109203651547e-11
2023-12-06,-0.008607626992686246,-0.005846852701219429,1.0,0.0,3,1989290.42922265,-7.003109203651547e-11
2023-12-07,0.01948209352767316,0.013662694297181588,1.0,0.0,3,2028045.9714184706,-7.003109203651547e-11
2023-12-08,0.005899275123082415,0.0044615499527995706,1.0,0.0,3,2040009.9725661273,-7.003109203651547e-11
2023-12-11,0.00968497024865611,0.0019795649848739494,1.0,0.0,3,2059767.408457392,-7.003109203651547e-11
2023-12-12,0.0024020755487239587,0.006991879146976965,1.0,0.0,3,2064715.1253853058,-7.003109203651547e-11
2023-12-13,0.009439024478452351,0.013800449193001718,1.0,0.0,3,2084204.0219948487,-7.003109203651547e-11
2023-12-14,-0.010065133689087014,0.0018728632829079217,1.0,0.0,3,2063226.2298781378,-7.003109203651547e-11
2023-12-15,0.012788314462207406,0.00354713898571668,1.0,0.0,3,2089611.415712494,-7.003109203651547e-11
2023-12-18,0.0028609799817880255,0.00613568863700964,1.0,0.0,3,2095589.752142563,-7.003109203651547e-11
2023-12-19,0.006093216443955551,0.006602571712822858,1.0,0.0,3,2108358.6340801027,-7.003109203651547e-11
2023-12-20,-0.015271230867772378,-0.01501551973137294,1.0,0.0,3,2076161.4026270043,-7.003109203651547e-11
2023-12-21,0.002048650845045241,0.012581169622098543,1.0,0.0,3,2080414.7324389464,-7.003109203651547e-11
2023-12-22,-0.004860852287243533,0.0019451189693209248,1.0,0.0,3,2070302.1437283554,-7.003109203651547e-11
2023-12-26,0.0029074053890258966,0.005442583110953025,1.0,0.0,3,2076321.3513379432,-7.003109203651547e-11
2023-12-27,-0.003775803155942392,0.0016321258103677572,1.0,0.0,3,2068481.570626811,-7.003109203651547e-11
2023-12-28,-0.007155854679868012,-0.0002675708784335429,1.0,0.0,3,2053679.8170994204,-7.003109203651547e-11
2023-12-29,-0.005681451093358936,-0.005550410152959984,1.0,0.0,3,2042011.9356571517,-7.003109203651547e-11
2024-01-02,-0.023923687901522106,-0.01634849358177426,1.0,1.3328890369876707,3,1993159.479417307,9.822542779147625e-11
2024-01-03,-0.006414128733225888,-0.011765495856189911,1.0,0.0,3,1980375.097930475,9.822542779147625e-11
2024-01-04,0.004205680373632337,-0.005613344034110623,1.0,0.0,3,1988703.9226122713,9.822542779147625e-11
2024-01-05,0.004518346089979808,0.000949215398016845,1.0,0.0,3,1997689.575205134,9.822542779147625e-11
2024-01-08,0.02913796015755743,0.02201141481440616,1.0,0.0,3,2055898.1744546292,9.822542779147625e-11
2024-01-09,0.003471058636551394,0.0009392089283848382,1.0,0.0,3,2063034.3175689403,9.822542779147625e-11
2024-01-10,0.0032871529437481506,0.0075340950927162975,1.0,0.0,3,2069815.8268989907,9.822542779147625e-11
2024-01-11,-0.0030477746461344823,3.575234033204033e-05,1.0,0.0,3,2063507.4946996002,9.822542779147625e-11
2024-01-12,0.0015831740679725925,0.00017202192683707374,1.0,0.0,3,2066774.3862542755,9.822542779147625e-11
2024-01-16,0.014112050437362189,-0.001897652829507046,1.0,0.0,3,2095940.8106357441,9.822542779147625e-11
2024-01-17,0.005858670134590849,-0.005937000912860202,1.0,0.0,3,2108220.236466886,9.822542779147625e-11
2024-01-18,0.011526973585205713,0.01346468688106972,1.0,0.0,3,2132521.6354444358,9.822542779147625e-11
2024-01-19,0.021694272413338878,0.016958379554081526,1.0,0.0,3,2178785.1407311065,9.822542779147625e-11
2024-01-22,0.008465170132587962,0.0032210504681486896,1.0,0.0,3,2197228.9276297498,9.822542779147625e-11
2024-01-23,-9.87021652398834e-05,0.004274543027365185,1.0,0.0,3,2197012.056377065,9.822542779147625e-11
2024-01-24,0.006126734592853067,0.0036286014118267484,1.0,0.0,3,2210472.5661437856,9.822542779147625e-11
2024-01-25,0.004266154807360367,0.0018458371889065184,1.0,0.0,3,2219902.784308378,9.822542779147625e-11
2024-01-26,-0.0011634548717268656,-0.003554483570289091,1.0,0.0,3,2217320.0275992146,9.822542779147625e-11
2024-01-29,0.013225412867016617,0.01117292402955039,1.0,0.0,3,2246645.0004225187,9.822542779147625e-11
2024-01-30,0.0035688116402128323,-0.00756002435083869,1.0,0.0,3,2254662.8532514526,9.822542779147625e-11
2024-01-31,-0.019628916182354406,-0.022300909615999176,1.0,0.0,3,2210406.265085512,9.822542779147625e-11
2024-02-01,0.013274338172295064,0.013032824288839118,1.0,1.3328890369876707,3,2239747.9453464164,1.3960743672214448e-10
2024-02-02,0.03353657234155416,0.017401297788382175,1.0,0.0,3,2314861.4143423736,1.3960743672214448e-10
2024-02-05,0.030584421445214893,-0.00200124076121011,1.0,0.0,3,2385660.111425887,1.3960743672214448e-10
2024-02-06,-0.005710312681806884,0.0007258260409652717,1.0,0.0,3,2372037.246237131,1.3960743672214448e-10
2024-02-07,0.02451378852333108,0.009459063291570757,1.0,0.0,3,2430184.8656608523,1.3960743672214448e-10
2024-02-08,0.02655901520101578,0.002352677310197615,1.0,0.0,3,2494728.1824492174,1.3960743672214448e-10
2024-02-09,0.03877810164184159,0.012470106146275306,1.0,0.0,3,2591469.005477,1.3960743672214448e-10
2024-02-12,0.021981479613093935,-0.003009205852807506,1.0,0.0,3,2648433.3285888573,1.3960743672214448e-10
2024-02-13,-0.016531369665409024,-0.017998776343418177,1.0,0.0,3,2604651.098199765,1.3960743672214448e-10
2024-02-14,0.04201242181818343,0.013001604422842261,1.0,0.0,3,2714078.7988265287,1.3960743672214448e-10
2024-02-15,0.00715533218602693,0.002965310901188678,1.0,0.0,3,2733498.9342111857,1.3960743672214448e-10
2024-02-16,-0.004234136846012149,-0.008205587443034235,1.0,0.0,3,2721924.9256553072,1.3960743672214448e-10
2024-02-20,-0.034153117874683225,-0.009183207063557464,1.0,0.0,3,2628962.7028233632,1.3960743672214448e-10
2024-02-21,-0.0030900753132467873,-0.003193320472898664,1.0,0.0,3,2620839.010075922,1.3960743672214448e-10
2024-02-22,-0.0016434326677353672,0.029571649504455566,1.0,0.0,3,2616531.837629888,1.3960743672214448e-10
2024-02-23,0.0293347493561944,-0.00279260429608319,1.0,0.0,3,2693287.1432692637,1.3960743672214448e-10
2024-02-26,0.010021304137670661,-0.0012860178388419685,1.0,0.0,3,2720277.392862043,1.3960743672214448e-10
2024-02-27,0.009095995895774367,0.003696098665450398,1.0,0.0,3,2745021.024862884,1.3960743672214448e-10
2024-02-28,0.01042953063806773,-0.00546060850944563,1.0,0.0,3,2773650.3057438317,1.3960743672214448e-10
2024-02-29,0.02726310256917941,0.0090410688517506,1.0,0.0,3,2849268.6185203614,1.3960743672214448e-10
2024-03-01,-0.0019632802207091293,0.011373314496802678,1.0,0.6668889629876625,3,2843674.7057981333,-1.3142198440618813e-10
2024-03-04,0.05272233658320169,-0.00414327759115618,1.0,0.0,3,2993599.8807703597,-1.3142198440618813e-10
2024-03-05,-0.030465095561143296,-0.01653072577503545,1.0,0.0,3,2902399.5743308635,-1.3142198440618813e-10
2024-03-06,0.006444847468689341,0.005768975997177295,1.0,0.0,3,2921105.0968806148,-1.3142198440618813e-10
2024-03-07,0.010193995379673693,0.015084761335824037,1.0,0.0,3,2950882.828741757,-1.3142198440618813e-10
2024-03-08,-0.028942960308093957,-0.011568694262867996,1.0,0.0,3,2865475.5441556484,-1.3142198440618813e-10
2024-03-11,-0.019841395249121763,-0.004093157366818256,1.0,0.0,3,2808620.511307364,-1.3142198440618813e-10
2024-03-12,0.06277245117799501,0.015379054871549114,1.0,0.0,3,2984924.505230921,-1.3142198440618813e-10
2024-03-13,0.03475597585540058,-0.005402131316638248,1.0,0.0,3,3088668.4692649203,-1.3142198440618813e-10
2024-03-14,-0.033003386482511776,-0.003043516525946255,1.0,0.0,3,2986731.9500574223,-1.3142198440618813e-10
2024-03-15,-0.005653825443058591,-0.009632341369153807,1.0,0.0,3,2969845.4889665917,-1.3142198440618813e-10
2024-03-18,-0.02389497949104924,0.008155824360966957,1.0,0.0,3,2898881.09191615,-1.3142198440618813e-10
2024-03-19,-0.02355014532649613,0.003933492952149065,1.0,0.0,3,2830612.0209172927,-1.3142198440618813e-10
2024-03-20,0.007880488239085048,0.012532864437970526,1.0,0.0,3,2852918.625657544,-1.3142198440618813e-10
2024-03-21,0.012627245170936163,0.0019810552455434838,1.0,0.0,3,2888943.128596452,-1.3142198440618813e-10
2024-03-22,0.023026656842083604,0.0016450902304174786,1.0,0.0,3,2955465.8306549382,-1.3142198440618813e-10
2024-03-25,-0.0010643392459247503,-0.0026996220251604974,1.0,0.0,3,2952320.2123813825,-1.3142198440618813e-10
2024-03-26,-0.019047001283707732,-0.004197182663276955,1.0,0.0,3,2896087.365506238,-1.3142198440618813e-10
2024-03-27,-0.04181218692668742,0.0051375858374236305,1.0,0.0,3,2774995.6192236734,-1.3142198440618813e-10
2024-03-28,0.002454930860394944,-0.0012234198418532571,1.0,0.0,3,2781808.041606766,-1.3142198440618813e-10
2024-04-01,-0.01439081211063542,0.001060718858951093,1.0,1.9980019980019983,3,2741775.5647521485,9.094947017729282e-13
2024-04-02,-0.01383482647609613,-0.009537378927831908,1.0,0.0,3,2703843.575577402,9.094947017729282e-13
2024-04-03,0.02679525546554662,0.002278803963131848,1.0,0.0,3,2776293.7549238754,9.094947017729282e-13
2024-04-04,-0.020672359547222352,-0.014030200538683646,1.0,0.0,3,2718901.212213381,9.094947017729282e-13
2024-04-05,0.03418913288548975,0.012426785532032358,1.0,0.0,3,2811858.0870602634,9.094947017729282e-13
2024-04-08,-0.006380794638045861,0.0003344673750449445,1.0,0.0,3,2793916.1980554033,9.094947017729282e-13
2024-04-09,-0.008506808936002974,0.003241278794968494,1.0,0.0,3,2770148.8867753423,9.094947017729282e-13
2024-04-10,-0.01724309527090062,-0.008357228151501306,1.0,0.0,3,2722382.9456060957,9.094947017729282e-13
2024-04-11,0.030155583694195798,0.01681081270149054,1.0,0.0,3,2804477.9923699717,9.094947017729282e-13
2024-04-12,-0.01498758643983289,-0.016245000295672107,1.0,0.0,3,2762445.636040718,9.094947017729282e-13
2024-04-15,-0.010017117343579796,-0.017933447780068,1.0,0.0,3,2734773.893949238,9.094947017729282e-13
2024-04-16,0.0059992104314401384,-0.00124441780634732,1.0,0.0,3,2751180.378021449,9.094947017729282e-13
2024-04-17,-0.02388587808205045,-0.011463978729362667,1.0,0.0,3,2685466.018930299,9.094947017729282e-13
2024-04-18,-0.010160639364066859,-0.005220376044001496,1.0,0.0,3,2658179.967187492,9.094947017729282e-13
2024-04-19,0.0003120101238178741,-0.020478109186815918,1.0,0.0,3,2659009.3462481843,9.094947017729282e-13
2024-04-22,0.021255959319076423,0.011078117486876593,1.0,0.0,3,2715529.1407410796,9.094947017729282e-13
2024-04-23,0.024941223183546413,0.01587787496819759,1.0,0.0,3,2783257.759101727,9.094947017729282e-13
2024-04-24,-0.007346715307666507,0.0010262960997078352,1.0,0.0,3,2762809.956717753,9.094947017729282e-13
2024-04-25,-0.011045037946841418,-0.006427213977643231,1.0,0.0,3,2732294.615905894,9.094947017729282e-13
2024-04-26,-0.004801213055871334,0.020250157832943483,1.0,0.0,3,2719176.2873235196,9.094947017729282e-13
2024-04-29,0.015869204060798836,0.003464587209498049,1.0,0.0,3,2762327.4507043418,9.094947017729282e-13
2024-04-30,-0.030616232685142464,-0.020350371680459167,1.0,0.0,3,2677755.390721021,9.094947017729282e-13
2024-05-01,0.0069148043633942,-0.003342795632570117,1.0,1.3328890369876707,3,2696271.545380881,1.8326318240724504e-10
2024-05-02,0.05140289567339473,0.015089351873502688,1.0,0.0,3,2834867.7103352374,1.8326318240724504e-10
2024-05-03,0.03625999416457337,0.019908524471815348,1.0,0.0,3,2937659.9969693306,1.8326318240724504e-10
2024-05-06,0.012060294748927225,0.011940646340302896,1.0,0.0,3,2973089.0424049133,1.8326318240724504e-10
2024-05-07,0.0006272307399752819,-0.0010208055416576212,1.0,0.0,3,2974953.8552449937,1.8326318240724504e-10
2024-05-08,0.014538241498045279,-0.0018245644189047727,1.0,0.0,3,3018204.452838086,1.8326318240724504e-10
2024-05-09,0.0869411776539537,0.002668794176081679,1.0,0.0,3,3280610.702368236,1.8326318240724504e-10
2024-05-10,-0.017754422534169034,-0.00033013046907359733,1.0,0.0,3,3222365.3537882734,1.8326318240724504e-10
2024-05-13,-0.020473222382145995,0.002898872900767957,1.0,0.0,3,3156393.1513036434,1.8326318240724504e-10
2024-05-14,0.0245461532870348,0.007501806951391465,1.0,0.0,3,3233870.461429689,1.8326318240724504e-10
2024-05-15,0.006572685036571713,0.014003293780395332,1.0,0.0,3,3255125.6734217396,1.8326318240724504e-10
2024-05-16,0.0065551013200819686,-0.0026322585019608047,1.0,0.0,3,3276463.352020619,1.8326318240724504e-10
2024-05-17,-0.0022418905876961936,-0.0007398049491241787,1.0,0.0,3,3269117.8796707923,1.8326318240724504e-10
2024-05-20,0.021986488942597138,0.006526933758492337,1.0,0.0,3,3340994.3037842205,1.8326318240724504e-10
2024-05-21,0.02219883698315761,0.0022477094947119802,1.0,0.0,3,3415160.4916955843,1.8326318240724504e-10
2024-05-22,-0.01429340557271963,-0.0018465331461966494,1.0,0.0,3,3366346.217691851,1.8326318240724504e-10
2024-05-23,0.00277134495269471,-0.0038990347493679245,1.0,0.0,3,3375675.524291274,1.8326318240724504e-10
2024-05-24,0.02067277349712593,0.011039754629549758,1.0,0.0,3,3445460.0998047395,1.8326318240724504e-10
2024-05-28,0.0008254502288915777,0.005855871463816387,1.0,0.0,3,3448304.1556327604,1.8326318240724504e-10
2024-05-29,-0.015309895472888968,-0.005834400404059248,1.0,0.0,3,3395510.979451294,1.8326318240724504e-10
2024-05-30,0.0122395425774795,-0.010844900051624196,1.0,0.0,3,3437070.4806565875,1.8326318240724504e-10
2024-05-31,0.0043532040451848,-0.00012322939450226666,1.0,0.0,3,3452032.7497765673,1.8326318240724504e-10
2024-06-03,0.004919799644656164,0.005596307899468078,0.9999999999999999,0.7465548932674438,3,3469016.0592722595,2.72393663180992e-10
2024-06-04,-0.01585311802072975,0.0016862295219184364,0.9999999999999999,0.0,3,3414021.3382688095,2.72393663180992e-10
2024-06-05,0.04338600537867987,0.01962724562390572,0.9999999999999999,0.0,3,3562142.0864138682,2.72393663180992e-10
2024-06-06,-0.006726024439011269,-0.0008600932226506819,0.9999999999999999,0.0,3,3538183.031685418,2.72393663180992e-10
2024-06-07,-0.016341403408465682,-0.002328994232737358,0.9999999999999999,0.0,3,3480364.1554316585,2.72393663180992e-10
2024-06-10,0.009500421262158554,0.0034672192025679838,0.9999999999999999,0.0,3,3513429.081053976,2.72393663180992e-10
2024-06-11,-0.007076399732902305,0.008783908252522288,0.9999999999999999,0.0,3,3488566.6524432343,2.72393663180992e-10
2024-06-12,0.034069729762465695,0.015273035067584706,0.9999999999999999,0.0,3,3607421.1755503253,2.72393663180992e-10
2024-06-13,0.0023383576023614516,0.0033577656572612025,0.9999999999999999,0.0,3,3615856.616281093,2.72393663180992e-10
2024-06-14,-0.007491506110986257,0.0012068615811446914,0.9999999999999999,0.0,3,3588768.404343773,2.72393663180992e-10
2024-06-17,0.031158579183619306,0.009505218724158215,0.9999999999999999,0.0,3,3700589.3288421896,2.72393663180992e-10
2024-06-18,0.029207722439207107,0.0002919244166139645,0.9999999999999999,0.0,3,3808675.114820504,2.72393663180992e-10
2024-06-20,-0.024232972202745562,-0.00787384783998235,0.9999999999999999,0.0,3,3716379.59663377,2.72393663180992e-10
2024-06-21,-0.004048908397824014,-0.00181849392852651,0.9999999999999999,0.0,3,3701332.3160754577,2.72393663180992e-10
2024-06-24,-0.010227216398969063,-0.01088478530878334,0.9999999999999999,0.0,3,3663477.9895144566,2.72393663180992e-10
2024-06-25,0.060253276934321365,0.012621604693754396,0.9999999999999999,0.0,3,3884214.5433594617,2.72393663180992e-10
2024-06-26,0.007989350399535411,0.004938684236547308,0.9999999999999999,0.0,3,3915246.8943733317,2.72393663180992e-10
2024-06-27,-0.01590614959786507,0.003006286459873886,0.9999999999999999,0.0,3,3852970.391558853,2.72393663180992e-10
2024-06-28,0.02164738525078147,-0.007059876462563008,0.9999999999999999,0.0,3,3936377.125984782,2.72393663180992e-10
2024-07-01,-0.0012904288098172234,0.008272631821943044,0.9999999999999999,0.7129241359763655,3,3931297.5115351058,5.156834959052503e-10
2024-07-02,-0.007103185559862002,0.008359662292796388,0.9999999999999999,0.0,3,3903372.775819648,5.156834959052503e-10
2024-07-03,0.01699214471288024,0.008849031617181868,0.9999999999999999,0.0,3,3969699.4508946924,5.156834959052503e-10
2024-07-05,-0.010478015737023227,0.009042021121621113,0.9999999999999999,0.0,3,3928104.8775769654,5.156834959052503e-10
2024-07-08,0.009173044740024894,0.0027777021306627514,0.9999999999999999,0.0,3,3964137.5593624893,5.156834959052503e-10
2024-07-09,-0.008675611501060332,0.0013884516060522767,0.9999999999999999,0.0,3,3929746.2419606987,5.156834959052503e-10
2024-07-10,-0.03236423453127513,0.011837476547524206,0.9999999999999999,0.0,3,3802563.0129374857,5.156834959052503e-10
2024-07-11,-0.016156480901848735,-0.019522302122285562,0.9999999999999999,0.0,3,3741126.976240885,5.156834959052503e-10
2024-07-12,0.00945968806239983,0.006291994978484761,0.9999999999999999,0.0,3,3776516.8704379527,5.156834959052503e-10
2024-07-15,0.0214063694680231,0.0040286610521378385,0.9999999999999999,0.0,3,3857358.38586877,5.156834959052503e-10
2024-07-16,0.011811391287403161,0.0019907033599837476,0.9999999999999999,0.0,3,3902919.1551000117,5.156834959052503e-10
2024-07-17,-0.04957305669958756,-0.027684185688784058,0.9999999999999999,0.0,3,3709439.5225303327,5.156834959052503e-10
2024-07-18,-0.0023037692145367883,-0.006984588110552692,0.9999999999999999,0.0,3,3700893.829955141,5.156834959052503e-10
2024-07-19,-0.007601265613405461,-0.008073493482905203,0.9999999999999999,0.0,3,3672762.3529466386,5.156834959052503e-10
2024-07-22,0.013691223400150943,0.015830645780677388,0.9999999999999999,0.0,3,3723046.962816495,5.156834959052503e-10
2024-07-23,0.00863797355933782,-0.0005673614434249519,0.9999999999999999,0.0,3,3755206.5440414767,5.156834959052503e-10
2024-07-24,-0.02892646879903782,-0.03639077096210086,0.9999999999999999,0.0,3,3646581.679111318,5.156834959052503e-10
2024-07-25,-0.023497155541373105,-0.009265693868998337,0.9999999999999999,0.0,3,3560897.382202918,5.156834959052503e-10
2024-07-26,0.023394185813323753,0.010252538909859998,0.9999999999999999,0.0,3,3644201.677224351,5.156834959052503e-10
2024-07-29,0.0025148020698502194,0.0007097813420300358,0.9999999999999999,0.0,3,3653366.123145187,5.156834959052503e-10
2024-07-30,-0.022384851328690725,-0.012825712116679377,0.9999999999999999,0.0,3,3571586.0656293067,5.156834959052503e-10
2024-07-31,0.0173330505396323,0.026358746997215077,0.9999999999999999,0.0,3,3633492.5474115056,5.156834959052503e-10
2024-08-01,-0.01838806137177329,-0.023026687886480546,0.9999999999999999,1.3328890369876707,3,3566679.663455822,6.175469025038183e-10
2024-08-02,-0.05760854994273146,-0.024309461863601056,0.9999999999999999,0.0,3,3361208.4199339026,6.175469025038183e-10
2024-08-05,-0.03445265520936869,-0.03433932194308953,0.9999999999999999,0.0,3,3245405.865155093,6.175469025038183e-10
2024-08-06,0.03483282380337238,0.01029454665723284,0.9999999999999999,0.0,3,3358452.5158264716,6.175469025038183e-10
2024-08-07,-0.00587782869037734,-0.010450926902294988,0.9999999999999999,0.0,3,3338712.107273677,6.175469025038183e-10
2024-08-08,0.03878356153432305,0.028662717286118022,0.9999999999999999,0.0,3,3468199.2537315153,6.175469025038183e-10
2024-08-09,0.031514406641067305,0.005118912961787014,0.9999999999999999,0.0,3,3577497.4953258564,6.175469025038183e-10
2024-08-12,-0.01600076703799902,0.0021084539725877427,0.9999999999999999,0.0,3,3520254.7913241223,6.175469025038183e-10
2024-08-13,0.017726672862274473,0.024254065528752422,0.9999999999999999,0.0,3,3582657.196401779,6.175469025038183e-10
2024-08-14,0.00861645426635027,0.00029056982067210413,0.9999999999999999,0.0,3,3613526.9982865853,6.175469025038183e-10
2024-08-15,0.01011443141905044,0.02337601425022262,0.9999999999999999,0.0,3,3650075.7692916426,6.175469025038183e-10
2024-08-16,0.02641546623056823,0.0021156957146388766,0.9999999999999999,0.0,3,3746494.222514381,6.175469025038183e-10
2024-08-19,0.0068284952425994305,0.013898291843971622,0.9999999999999999,0.0,3,3772077.1404892467,6.175469025038183e-10
2024-08-20,-0.007097464622463079,-0.0033470249368012794,0.9999999999999999,0.0,3,3745304.9564314224,6.175469025038183e-10
2024-08-21,0.015623707449631485,0.005727628555693087,0.9999999999999999,0.0,3,3803820.505380362,6.175469025038183e-10
2024-08-22,-0.006407108002404405,-0.016721526261784136,0.9999999999999999,0.0,3,3779449.016580629,6.175469025038183e-10
2024-08-23,0.02224486675648496,0.01466793319062476,0.9999999999999999,0.0,3,3863522.3563673934,6.175469025038183e-10
2024-08-26,0.005263937191082313,-0.008503700652535917,0.9999999999999999,0.0,3,3883859.695387654,6.175469025038183e-10
2024-08-27,-0.005149395193365325,0.0016391224309093566,0.9999999999999999,0.0,3,3863860.1669405196,6.175469025038183e-10
2024-08-28,-0.009332615209324602,-0.011196565025217264,0.9999999999999999,0.0,3,3827800.246779827,6.175469025038183e-10
2024-08-29,0.019665113207844698,-0.0022554988849898816,0.9999999999999999,0.0,3,3903074.3719697683,6.175469025038183e-10
2024-08-30,0.018933237243848433,0.011257733646486079,0.9999999999999999,0.0,3,3976972.205034657,6.175469025038183e-10
2024-09-03,-0.04670031725920776,-0.03259221079818497,0.9999999999999999,1.364316804936181,3,3791246.3413284873,5.811671144329011e-10
2024-09-04,-0.000853321962835496,-0.003034605115545652,0.9999999999999999,0.0,3,3788011.1875589117,5.811671144329011e-10
2024-09-05,0.0001202676386411472,0.0025381963480157754,0.9999999999999999,0.0,3,3788466.7627195856,5.811671144329011e-10
2024-09-06,-0.045892866178021685,-0.025504254223819744,0.9999999999999999,0.0,3,3614603.1645582127,5.811671144329011e-10
2024-09-09,0.008547749200849886,0.011609457215793872,0.9999999999999999,0.0,3,3645499.885869455,5.811671144329011e-10
2024-09-10,-0.0017018897095103513,0.008367232313154283,0.9999999999999999,0.0,3,3639295.6471276726,5.811671144329011e-10
2024-09-11,0.05309648898997965,0.021711082214841637,0.9999999999999999,0.0,3,3832529.4683866682,5.811671144329011e-10
2024-09-12,0.032057674541675185,0.010010881415337236,0.9999999999999999,0.0,3,3955391.4507555873,5.811671144329011e-10
2024-09-13,0.030375396350875716,0.006505572516027902,0.9999999999999999,0.0,3,4075538.0337951533,5.811671144329011e-10
2024-09-16,0.020142282387347388,-0.005193944895855673,0.9999999999999999,0.0,3,4157628.67175223,5.811671144329011e-10
2024-09-17,0.023066058868493,0.0020425898471514436,0.9999999999999998,0.0,3,4253528.779448201,5.811671144329011e-10
2024-09-18,-0.006358225886950675,-0.0031063939223489045,0.9999999999999998,0.0,3,4226483.882651824,5.811671144329011e-10
2024-09-19,0.020727930873347677,0.025076660612330715,0.9999999999999998,0.0,3,4314090.148408748,5.811671144329011e-10
2024-09-20,0.005299439772821657,-0.0036449578703608987,0.9999999999999998,0.0,3,4336952.409324763,5.811671144329011e-10
2024-09-23,0.014184904547137389,0.001445773173548659,0.9999999999999998,0.0,3,4398471.6652765125,5.811671144329011e-10
2024-09-24,0.0045762690670754225,0.005577528477582971,0.9999999999999998,0.0,3,4418600.255100725,5.811671144329011e-10
2024-09-25,0.002850442217379179,0.0004251066895464284,0.9999999999999998,0.0,3,4431195.219809587,5.811671144329011e-10
2024-09-26,-0.0005160375920170157,0.005977473400077926,0.9999999999999998,0.0,3,4428908.556498599,5.811671144329011e-10
2024-09-27,-0.007506642148115361,-0.0038867547528513846,0.9999999999999998,0.0,3,4395662.324858238,5.811671144329011e-10
2024-09-30,0.015738905414724336,0.0038400482995482044,0.9999999999999998,0.0,3,4464845.238424249,5.811671144329011e-10
2024-10-01,-0.015216677647223675,-0.015328379554033433,1.0,1.3328890369876705,3,4396905.127686406,-3.2105162972584367e-10
2024-10-02,-0.0054688911304008325,0.0008243050667089413,1.0,0.0,3,4372858.932232387,-3.2105162972584367e-10
2024-10-03,-0.017025519170485892,-0.0003708984312128516,1.0,0.0,3,4298408.738651834,-3.2105162972584367e-10
2024-10-04,0.03798578686981369,0.012242950635987793,1.0,0.0,3,4461687.176877608,-3.2105162972584367e-10
2024-10-07,0.01625733037614352,-0.01179551626671349,1.0,0.0,3,4534222.29934711,-3.2105162972584367e-10
2024-10-08,0.014774520186671802,0.014450629487014366,1.0,0.0,3,4601213.258239672,-3.2105162972584367e-10
2024-10-09,-0.018910211355449236,0.005978205035980011,1.0,0.0,3,4514203.343034864,-3.2105162972584367e-10
2024-10-10,-0.0447136022899558,-0.0005231030091751299,1.0,0.0,3,4312357.0500984145,-3.2105162972584367e-10
2024-10-11,0.050310922352778675,0.003330518404479843,1.0,0.0,3,4529315.710803374,-3.2105162972584367e-10
2024-10-14,-0.0009241314535820555,0.008708964962673038,1.0,0.0,3,4525130.027691817,-3.2105162972584367e-10
2024-10-15,0.025229111035609986,-0.010112024008622988,1.0,0.0,3,4639295.035611027,-3.2105162972584367e-10
2024-10-16,0.005043300703700959,0.002811386994723497,1.0,0.0,3,4662692.395528801,-3.2105162972584367e-10
2024-10-17,0.02043369219235558,0.0003555982048120132,1.0,0.0,3,4757968.416726673,-3.2105162972584367e-10
2024-10-18,0.012411661260550932,0.006310317013705546,1.0,0.0,3,4817022.709003484,-3.2105162972584367e-10
2024-10-21,-0.030081860993244502,0.0027287409716514333,1.0,0.0,3,4672117.701469939,-3.2105162972584367e-10
2024-10-22,-0.001477490356575628,0.001786569010746586,1.0,0.0,3,4665214.692621231,-3.2105162972584367e-10
2024-10-23,-0.002437759588717059,-0.015962555452894156,1.0,0.0,3,4653842.02077087,-3.2105162972584367e-10
2024-10-24,0.03896426769132133,0.007596138643384043,1.0,0.0,3,4835175.567061306,-3.2105162972584367e-10
2024-10-25,0.011707415932254328,0.005599591469924947,1.0,0.0,3,4891782.978530366,-3.2105162972584367e-10
2024-10-28,0.034409967845560496,0.0026235236773093362,1.0,0.0,3,5060109.073529056,-3.2105162972584367e-10
2024-10-29,0.009564203586184927,0.007839554823308115,1.0,0.0,3,5108504.986876589,-3.2105162972584367e-10
2024-10-30,0.02550000758705373,-0.005601336586160355,1.0,0.0,3,5238771.9028004445,-3.2105162972584367e-10
2024-10-31,-0.03963655021101842,-0.02755713053029496,1.0,0.0,3,5031125.057231022,-3.2105162972584367e-10
2024-11-01,0.02838280211542732,0.008000353509081792,1.0,0.6668889629876625,3,5173922.484148378,3.4924596548080444e-10
2024-11-04,-0.0365110771562176,-0.0032858481052382427,1.0,0.0,3,4985017.001129347,3.4924596548080444e-10
2024-11-05,0.03783791858974106,0.014256640396236975,1.0,0.0,3,5173639.668586554,3.4924596548080444e-10
2024-11-06,0.09220378900572368,0.029518405815003756,1.0,0.0,3,5650668.848980551,3.4924596548080444e-10
2024-11-07,0.15507456815634835,0.015065437369473189,1.0,0.0,3,6526943.88053074,3.4924596548080444e-10
2024-11-08,0.29827285025829786,0.0008987434468192834,1.0,0.0,3,8473754.035252599,3.4924596548080444e-10
2024-11-11,-0.0060045576200433715,0.0006214827813664225,1.0,0.0,3,8422872.89088985,3.4924596548080444e-10
2024-11-12,-0.0575304486460122,-0.0008997104824907121,1.0,0.0,3,7938301.234588623,3.4924596548080444e-10
2024-11-13,0.007043820714369486,-0.0026274128926858653,1.0,0.0,3,7994217.205261724,3.4924596548080444e-10
2024-11-14,-0.011787936816920919,-0.0064006792624654585,1.0,0.0,3,7899981.877945357,3.4924596548080444e-10
2024-11-15,0.023050661153641183,-0.0223747708928147,1.0,0.0,3,8082081.683333782,3.4924596548080444e-10
2024-11-18,0.01992971535239274,0.0059788423962625625,1.0,0.0,3,8243155.270737411,3.4924596548080444e-10
2024-11-19,0.056151054334835804,0.01041210162305517,1.0,0.0,3,8706017.130235076,3.4924596548080444e-10
2024-11-20,-0.030155221413574407,-0.0011231723524938175,1.0,0.0,3,8443485.256042466,3.4924596548080444e-10
2024-11-21,0.046085210508297836,0.0003309739957348956,1.0,0.0,3,8832605.051490892,3.4924596548080444e-10
2024-11-22,0.03893935409531779,0.001646099979054183,1.0,0.0,3,9176540.987174988,3.4924596548080444e-10
2024-11-25,-0.011503178605962616,0.002693456200393962,1.0,0.0,3,9070981.597214578,3.4924596548080444e-10
2024-11-26,-0.0181657533537829,0.006269327147551129,1.0,0.0,3,8906200.382842874,3.4924596548080444e-10
2024-11-27,-0.01590869755386448,-0.005936087283596847,1.0,0.0,3,8764514.334598115,3.4924596548080444e-10
2024-11-29,0.01975844657210346,0.00827310897357103,1.0,0.0,3,8937687.522808706,3.4924596548080444e-10
2024-12-02,-0.03385606111178807,0.009666963018219343,1.0,0.6668889629876626,3,8635092.627838429,-3.9108272176235914e-11
2024-12-03,0.014217019219010085,0.0039663527636977225,1.0,0.0,3,8757857.905686341,-3.9108272176235914e-11
2024-12-04,-0.013141400776046197,0.01304892827851556,1.0,0.0,3,8642767.385008052,-3.9108272176235914e-11
2024-12-05,0.01183860596111952,-0.0017662628085394205,1.0,0.0,3,8745085.702492777,-3.9108272176235914e-11
2024-12-06,0.02473896549582677,0.008097132617218783,1.0,0.0,3,8961430.075944794,-3.9108272176235914e-11
2024-12-09,-0.10764318866463474,-0.0061976487606851816,1.0,0.0,3,7996793.1675749365,-3.9108272176235914e-11
2024-12-10,-0.029861080627970327,-0.0025053492380269216,1.0,0.0,3,7758000.282032779,-3.9108272176235914e-11
2024-12-11,0.03212399492005891,0.017658760758274106,1.0,0.0,3,8007218.243682616,-3.9108272176235914e-11
2024-12-12,-0.026916633238785015,-0.006591135281496019,1.0,0.0,3,7791690.886954503,-3.9108272176235914e-11
2024-12-13,0.014175437057139861,0.0011999693430715386,1.0,0.0,3,7902141.510691216,-3.9108272176235914e-11
2024-12-16,0.07858899972275557,0.012403744466865207,1.0,0.0,3,8523162.907684103,-3.9108272176235914e-11
2024-12-17,-0.009601350732281189,-0.0032135645664698176,1.0,0.0,3,8441329.031259058,-3.9108272176235914e-11
2024-12-18,-0.1423812568221704,-0.03562409591437643,1.0,0.0,3,7239441.994538919,-3.9108272176235914e-11
2024-12-19,-0.0046271950945956375,-0.0010274900752054172,1.0,0.0,3,7205943.684054179,-3.9108272176235914e-11
2024-12-20,0.05993842504047775,0.010315000113871209,1.0,0.0,3,7637856.599406764,-3.9108272176235914e-11
2024-12-23,0.0027374204321977125,0.009824301451820228,1.0,0.0,3,7658764.624120176,-3.9108272176235914e-11
2024-12-24,0.018826838444849114,0.013470465560214251,1.0,0.0,3,7802954.948385611,-3.9108272176235914e-11
2024-12-26,0.036574456523148946,-0.000537643238945007,1.0,0.0,3,8088343.78489743,-3.9108272176235914e-11
2024-12-27,-0.029297813143358997,-0.014901142574008208,1.0,0.0,3,7851373.000048256,-3.9108272176235914e-11
2024-12-30,-0.022607342401623542,-0.011928081728214801,1.0,0.0,3,7673874.322313302,-3.9108272176235914e-11
2024-12-31,-0.042343536250788794,-0.009031464050827553,1.0,0.0,3,7348935.346762432,-3.9108272176235914e-11
2025-01-02,0.03337845886744906,-0.0015534319645424954,0.9999999999999999,1.9980019980019974,3,7594231.482953884,1.1477823136374354e-09
2025-01-03,0.012636662861285286,0.01768001450977663,0.9999999999999999,0.0,3,7690197.22589453,1.1477823136374354e-09
2025-01-06,-0.014055491110326224,0.012399694038395248,0.9999999999999999,0.0,3,7582107.727149314,1.1477823136374354e-09
2025-01-07,-0.02230373676948816,-0.018892583357934867,0.9999999999999999,0.0,3,7412998.392245074,1.1477823136374354e-09
2025-01-08,-0.004114967268735392,-0.0005542779648657348,0.9999999999999999,0.0,3,7382494.146497797,1.1477823136374354e-09
2025-01-10,-0.013829468408046552,-0.016286873211427966,0.9999999999999999,0.0,3,7280398.176926217,1.1477823136374354e-09
2025-01-13,-0.0006837205199229368,-0.003837116754229597,0.9999999999999999,0.0,3,7275420.419299443,1.1477823136374354e-09
2025-01-14,0.013325443296609008,-0.0022898557916311013,0.9999999999999999,0.0,3,7372368.62155581,1.1477823136374354e-09
2025-01-15,0.03427853933174796,0.024513346779041045,0.9999999999999999,0.0,3,7625082.649317955,1.1477823136374354e-09
2025-01-16,0.010672506590382547,-0.008863883056010047,0.9999999999999999,0.0,3,7706461.394145013,1.1477823136374354e-09
2025-01-17,0.01902347220619882,0.015094928951082665,0.9999999999999999,0.0,3,7853065.048284675,1.1477823136374354e-09
2025-01-21,0.00773456929255123,0.006448233087721356,0.9999999999999999,0.0,3,7913805.124059546,1.1477823136374354e-09
2025-01-22,0.019194151776832813,0.012783485413536244,0.9999999999999999,0.0,3,8065703.900743022,1.1477823136374354e-09
2025-01-23,0.009598289620593947,0.002215860215437848,0.9999999999999999,0.0,3,8143120.862776308,1.1477823136374354e-09
2025-01-24,0.0032818822677671555,-0.004955544887409791,0.9999999999999999,0.0,3,8169845.626740138,1.1477823136374354e-09
2025-01-27,-0.008040798947407835,-0.03069347335888617,0.9999999999999999,0.0,3,8104153.540624161,1.1477823136374354e-09
2025-01-28,0.024632027411859214,0.020254123781643374,0.9999999999999999,0.0,3,8303775.272786732,1.1477823136374354e-09
2025-01-29,-0.004694090742930035,-0.005131535672895593,0.9999999999999999,0.0,3,8264796.598147373,1.1477823136374354e-09
2025-01-30,0.005231608691574241,0.0025175676746096443,0.9999999999999999,0.0,3,8308034.7798643345,1.1477823136374354e-09
2025-01-31,0.0027228109303936154,-0.0027592366287790826,0.9999999999999999,0.0,3,8330655.987773039,1.1477823136374354e-09
2025-02-03,0.000766001318488474,-0.011997809352776945,0.9999999999999999,1.3328890369876705,3,8337037.281243547,9.713403414934874e-10
2025-02-04,0.10200748808673099,0.013513877205707736,0.9999999999999998,0.0,3,9187477.51238863,9.713403414934874e-10
2025-02-05,-0.0057639361363802655,0.0019494489461990838,0.9999999999999998,0.0,3,9134521.478752792,9.713403414934874e-10
2025-02-06,0.028353218213464926,0.005060858694421411,0.9999999999999998,0.0,3,9393514.559515452,9.713403414934874e-10
2025-02-07,0.0035619869677809834,-0.013570535215806534,0.9999999999999998,0.0,3,9426974.135958107,9.713403414934874e-10
2025-02-10,0.018025877223372788,0.009776328790807032,0.9999999999999998,0.0,3,9596903.6143208,9.713403414934874e-10
2025-02-11,-0.03581344664816888,-0.0035717275752975564,0.9999999999999998,0.0,3,9253205.418741703,9.713403414934874e-10
2025-02-12,0.03069253264405636,0.0003103107737683075,0.9999999999999998,0.0,3,9537209.728118593,9.713403414934874e-10
2025-02-13,0.022558003433684526,0.015048042460278355,0.9999999999999998,0.0,3,9752350.137913262,9.713403414934874e-10
2025-02-14,0.009675042448681559,0.004067499548585651,0.9999999999999998,0.0,3,9846704.539471978,9.713403414934874e-10
2025-02-18,0.010716157097051315,0.0007233516708189391,0.9999999999999998,0.0,3,9952223.372205209,9.713403414934874e-10
2025-02-19,-0.056451137944735885,0.0007480667457842038,0.9999999999999998,0.0,3,9390409.037764028,9.713403414934874e-10
2025-02-20,-0.029008248998851682,-0.004681368183846124,0.9999999999999998,0.0,3,9118009.714195501,9.713403414934874e-10
2025-02-21,-0.059616922354713386,-0.021959095590560196,0.9999999999999998,0.0,3,8574422.037034785,9.713403414934874e-10
2025-02-24,-0.03880402599653887,-0.012143004935272983,0.9999999999999999,0.0,3,8241699.941404392,9.713403414934874e-10
2025-02-25,-0.010151416866362672,-0.013508586215435159,0.9999999999999999,0.0,3,8158035.009611719,9.713403414934874e-10
2025-02-26,0.014808677574414286,0.002568906055083975,0.9999999999999999,0.0,3,8278844.7197098425,9.713403414934874e-10
2025-02-27,-0.03591000807924438,-0.02782900977667735,0.9999999999999999,0.0,3,7981551.338938252,9.713403414934874e-10
2025-02-28,-0.05738616734400759,0.016331669184764808,0.9999999999999999,0.0,3,7523520.698137154,9.713403414934874e-10
2025-03-03,-0.03330810223071823,-0.026374517620694427,1.0,1.9980019980019976,3,7272926.501588677,3.2014213502407074e-10
2025-03-04,0.00501452269822833,-0.0035437940990631356,1.0,0.0,3,7309396.75661344,3.2014213502407074e-10
2025-03-05,0.02868546632479796,0.01463330204767499,1.0,0.0,3,7519070.211129863,3.2014213502407074e-10
2025-03-06,-0.03186775306300338,-0.026059689616426573,1.0,0.0,3,7279454.338378192,3.2014213502407074e-10
2025-03-07,0.026918128107089156,0.007026564940064928,1.0,0.0,3,7475403.622808362,3.2014213502407074e-10
2025-03-10,-0.017717039916047117,-0.0400027243019756,1.0,0.0,3,7342961.598434503,3.2014213502407074e-10
2025-03-11,0.004843986527288235,-0.0018448594802946694,1.0,0.0,3,7378530.805487715,3.2014213502407074e-10
2025-03-12,0.015081718836396307,0.01217895930681312,1.0,0.0,3,7489811.732521769,3.2014213502407074e-10
2025-03-13,-0.026934828267569877,-0.019573136205077946,1.0,0.0,3,7288074.939749865,3.2014213502407074e-10
2025-03-14,0.058480349057061565,0.026068996292824886,1.0,0.0,3,7714284.106180459,3.2014213502407074e-10
2025-03-17,0.008350400394571578,0.0030741205324462673,1.0,0.0,3,7778701.467224546,3.2014213502407074e-10
2025-03-18,-0.009965486799525691,-0.017101052515219317,1.0,0.0,3,7701182.920435469,3.2014213502407074e-10
2025-03-19,0.016924065414078537,0.014092330231884054,1.0,0.0,3,7831518.243946703,3.2014213502407074e-10
2025-03-20,-0.005459500907468939,-0.0033330345673047157,1.0,0.0,3,7788762.0629870165,3.2014213502407074e-10
2025-03-21,0.014139863313892498,0.00522415490672512,1.0,0.0,3,7898894.093942083,3.2014213502407074e-10
2025-03-24,0.05424310825697831,0.022747404657660786,1.0,0.0,3,8327354.661390191,3.2014213502407074e-10
2025-03-25,-0.015163357577628322,0.0045777980459160705,1.0,0.0,3,8201084.004983801,3.2014213502407074e-10
2025-03-26,-0.050215641776909625,-0.020405147140092228,1.0,0.0,3,7789261.308407191,3.2014213502407074e-10
2025-03-27,-0.017945748790749394,-0.005306571161377005,1.0,0.0,3,7649477.181701012,3.2014213502407074e-10
2025-03-28,-0.03860683926576436,-0.027018765613175844,1.0,0.0,3,7354155.045679949,3.2014213502407074e-10
2025-03-31,-0.012342406810270212,-0.0013683030311937294,1.0,0.0,3,7263387.072360366,3.2014213502407074e-10
2025-04-01,-0.02114678448148133,0.008705763372179431,0.0,1.0,0,7109789.791335584,7109789.791335584
2025-04-02,0.0,0.00866230645595012,0.0,0.0,0,7109789.791335584,7109789.791335584
2025-04-03,0.0,-0.05968062047491052,0.0,0.0,0,7109789.791335584,7109789.791335584
2025-04-04,0.0,-0.05817427042170764,0.0,0.0,0,7109789.791335584,7109789.791335584
2025-04-07,0.0,0.000992802948457161,0.0,0.0,0,7109789.791335584,7109789.791335584
2025-04-08,0.0,-0.02149221146499125,0.0,0.0,0,7109789.791335584,7109789.791335584
2025-04-09,0.0,0.12163152801806287,0.0,0.0,0,7109789.791335584,7109789.791335584
2025-04-10,0.0,-0.043075233632343224,0.0,0.0,0,7109789.791335584,7109789.791335584
2025-04-11,0.0,0.020573516319227547,0.0,0.0,0,7109789.791335584,7109789.791335584
2025-04-14,0.0,0.006399568736921157,0.0,0.0,0,7109789.791335584,7109789.791335584
2025-04-15,0.0,-0.0004940978348885183,0.0,0.0,0,7109789.791335584,7109789.791335584
2025-04-16,0.0,-0.03067245122916218,0.0,0.0,0,7109789.791335584,7109789.791335584
2025-04-17,0.0,-0.0012701721051345816,0.0,0.0,0,7109789.791335584,7109789.791335584
2025-04-21,0.0,-0.02551488930308332,0.0,0.0,0,7109789.791335584,7109789.791335584
2025-04-22,0.0,0.027063215644652416,0.0,0.0,0,7109789.791335584,7109789.791335584
2025-04-23,0.0,0.025007505942485686,0.0,0.0,0,7109789.791335584,7109789.791335584
2025-04-24,0.0,0.027411468009182816,0.0,0.0,0,7109789.791335584,7109789.791335584
2025-04-25,0.0,0.012635206611098404,0.0,0.0,0,7109789.791335584,7109789.791335584
2025-04-28,0.0,-0.0009668502844413229,0.0,0.0,0,7109789.791335584,7109789.791335584
2025-04-29,0.0,0.005481105154280463,0.0,0.0,0,7109789.791335584,7109789.791335584
2025-04-30,0.0,-0.0008577015582054148,0.0,0.0,0,7109789.791335584,7109789.791335584
2025-05-01,0.0,0.015154947841271804,0.0,0.0,0,7109789.791335584,7109789.791335584
2025-05-02,0.0,0.015074937410012978,0.0,0.0,0,7109789.791335584,7109789.791335584
2025-05-05,0.0,-0.007425203912719058,0.0,0.0,0,7109789.791335584,7109789.791335584
2025-05-06,0.0,-0.008662851332835064,0.0,0.0,0,7109789.791335584,7109789.791335584
2025-05-07,0.0,0.0027419353981639194,0.0,0.0,0,7109789.791335584,7109789.791335584
2025-05-08,0.0,0.010710049830923385,0.0,0.0,0,7109789.791335584,7109789.791335584
2025-05-09,0.0,4.335642494779357e-05,0.0,0.0,0,7109789.791335584,7109789.791335584
2025-05-12,0.0,0.04347322504048745,0.0,0.0,0,7109789.791335584,7109789.791335584
2025-05-13,0.0,0.016128643092393924,0.0,0.0,0,7109789.791335584,7109789.791335584
2025-05-14,0.0,0.0071922144057858794,0.0,0.0,0,7109789.791335584,7109789.791335584
2025-05-15,0.0,-0.0018013550310416182,0.0,0.0,0,7109789.791335584,7109789.791335584
2025-05-16,0.0,0.005168561863222232,0.0,0.0,0,7109789.791335584,7109789.791335584
2025-05-19,0.0,0.00022701977693961872,0.0,0.0,0,7109789.791335584,7109789.791335584
2025-05-20,0.0,-0.0037859145199149458,0.0,0.0,0,7109789.791335584,7109789.791335584
2025-05-21,0.0,-0.014108354160926151,0.0,0.0,0,7109789.791335584,7109789.791335584
2025-05-22,0.0,0.0028131619469127234,0.0,0.0,0,7109789.791335584,7109789.791335584
2025-05-23,0.0,-0.009961431140025012,0.0,0.0,0,7109789.791335584,7109789.791335584
2025-05-27,0.0,0.024654533623928332,0.0,0.0,0,7109789.791335584,7109789.791335584
2025-05-28,0.0,-0.0051161914908577355,0.0,0.0,0,7109789.791335584,7109789.791335584
2025-05-29,0.0,0.003923032573662999,0.0,0.0,0,7109789.791335584,7109789.791335584
2025-05-30,0.0,-0.003238731616213353,0.0,0.0,0,7109789.791335584,7109789.791335584
2025-06-02,-0.0009990009990010762,0.006741094491605759,0.9999999999999999,0.9990009990009988,3,7102687.104231352,1.2587406672537327e-09
2025-06-03,0.025753549898130723,0.008124868361824689,0.9999999999999999,0.0,3,7285606.510980983,1.2587406672537327e-09
2025-06-04,0.011400644025059359,0.00317188702464799,0.9999999999999999,0.0,3,7368667.117319332,1.2587406672537327e-09
2025-06-05,-0.01219194668732082,-0.008326569071753553,0.9999999999999999,0.0,3,7278828.7206683615,1.2587406672537327e-09
2025-06-06,0.05474562731681698,0.0119959846307236,0.9999999999999999,0.0,3,7677312.765113016,1.2587406672537327e-09
2025-06-09,0.0036142110606505184,0.0031379082011211423,0.9999999999999999,0.0,3,7705060.193824761,1.2587406672537327e-09
2025-06-10,-0.027756212073286934,0.00631670192248146,0.9999999999999999,0.0,3,7491196.909047519,1.2587406672537327e-09
2025-06-11,0.04309696201062008,-0.005027205621014774,0.9999999999999999,0.0,3,7814044.7376508145,1.2587406672537327e-09
2025-06-12,0.01657656149707898,0.0023760038870555,0.9999999999999999,0.0,3,7943574.730785409,1.2587406672537327e-09
2025-06-13,-0.01782444688864826,-0.013002334537135174,0.9999999999999999,0.0,3,7801984.904890516,1.2587406672537327e-09
2025-06-16,0.06250424201203009,0.01516923462734976,0.9999999999999999,0.0,3,8289642.057559999,1.2587406672537327e-09
2025-06-17,-0.02100358456405138,-0.009142640146790115,0.9999999999999999,0.0,3,8115529.85959832,1.2587406672537327e-09
2025-06-18,0.016301612637277696,0.0012899688325833658,0.9999999999999999,0.0,3,8247826.083715753,1.2587406672537327e-09
2025-06-20,0.005080615133578492,-0.005057905308947563,0.9999999999999999,0.0,3,8289730.113735802,1.2587406672537327e-09
2025-06-23,-0.008594426525102339,0.00943901517539869,0.9999999999999999,0.0,3,8218484.637360371,1.2587406672537327e-09
2025-06-24,0.06996883686383648,0.014342405598140706,0.9999999999999998,0.0,3,8793522.448219785,1.2587406672537327e-09
2025-06-25,-0.010495770042183161,0.003064402162859192,0.9999999999999998,0.0,3,8701227.658742495,1.2587406672537327e-09
2025-06-26,0.03252499041329693,0.009730869074350945,0.9999999999999998,0.0,3,8984235.00492701,1.2587406672537327e-09
2025-06-27,-0.029834992742577726,0.00523356163330746,0.9999999999999998,0.0,3,8716190.4187574,1.2587406672537327e-09
2025-06-30,0.08726796457776631,0.004748572764589731,0.9999999999999998,0.0,3,9476834.615474587,1.2587406672537327e-09
2025-07-01,-0.041998671520127706,-0.008190584754928065,1.0,0.6668889629876622,3,9078820.151408695,-3.9744918467476964e-10
2025-07-02,0.04175555544435605,0.009416474573687328,1.0,0.0,3,9457911.329610178,-3.9744918467476964e-10
2025-07-03,0.020855218679764587,0.010198042183813705,1.0,0.0,3,9655158.13864302,-3.9744918467476964e-10
2025-07-07,-0.0068183169941776756,-0.0091538801326142,1.0,0.0,3,9589326.209824838,-3.9744918467476964e-10
2025-07-08,-0.06166214001860815,0.0002909978777729805,1.0,0.0,3,8998027.83439051,-3.9744918467476964e-10
2025-07-09,-0.0061921408978518055,0.009446353936584995,1.0,0.0,3,8942310.778237171,-3.9744918467476964e-10
2025-07-10,-0.0394991264502188,0.0009373480812018276,1.0,0.0,3,8589097.314050427,-3.9744918467476964e-10
2025-07-11,-0.06752623588840023,-0.0021875209033546117,1.0,0.0,3,8009107.902753433,-3.9744918467476964e-10
2025-07-14,0.02557525001955785,0.002662064080934723,1.0,0.0,3,8213942.8397999685,-3.9744918467476964e-10
2025-07-15,-0.023489237800852658,0.0018153779518059743,1.0,0.0,3,8021003.583153296,-3.9744918467476964e-10
2025-07-16,0.02473634935489999,0.002548143419512927,1.0,0.0,3,8219413.92996308,-3.9744918467476964e-10
2025-07-17,0.01732031214375529,0.007484627715022674,1.0,0.0,3,8361776.74486877,-3.9744918467476964e-10
2025-07-18,0.036602464959679004,0.0004792764410013195,1.0,0.0,3,8667838.385173488,-3.9744918467476964e-10
2025-07-21,-0.06024076481764684,0.003757239541608115,1.0,0.0,3,8145681.171534881,-3.9744918467476964e-10
2025-07-22,-0.015313171130703296,-0.0038852550541927933,1.0,0.0,3,8020944.96177902,-3.9744918467476964e-10
2025-07-23,0.033374317107838,0.006094957659811939,1.0,0.0,3,8288638.522437949,-3.9744918467476964e-10
2025-07-24,0.0023885693217784443,0.001804945951526138,1.0,0.0,3,8308436.510131955,-3.9744918467476964e-10
2025-07-25,0.031671236399299696,0.0023914947126881803,1.0,0.0,3,8571574.966952916,-3.9744918467476964e-10
2025-07-28,0.005572267679300857,0.0033285453318880887,1.0,0.0,3,8619338.077101972,-3.9744918467476964e-10
2025-07-29,-0.012104284230369244,-0.0037910945870781587,1.0,0.0,3,8515007.159139086,-3.9744918467476964e-10
2025-07-30,0.0559979354023441,0.0014873243281801063,1.0,0.0,3,8991829.979987053,-3.9744918467476964e-10
2025-07-31,-0.008946092822567642,-0.000341699610074242,1.0,0.0,3,8911388.234341342,-3.9744918467476964e-10
2025-08-01,-0.03883525262601195,-0.022361042398017283,1.0,1.3328890369876707,3,8565312.221012225,-7.239577826112509e-10
2025-08-04,0.041671609250514274,0.019537407270559637,1.0,0.0,3,8922242.564994901,-7.239577826112509e-10
2025-08-05,-0.006389248432234207,-0.0065086317861381415,1.0,0.0,3,8865236.140674494,-7.239577826112509e-10
2025-08-06,-0.005094876875760601,0.01208946982174397,1.0,0.0,3,8820068.854063215,-7.239577826112509e-10
2025-08-07,0.024101539116848203,0.003461596963922675,1.0,0.0,3,9032646.088562714,-7.239577826112509e-10
2025-08-08,-0.008409594986617086,0.00975958799964216,1.0,0.0,3,8956685.19330045,-7.239577826112509e-10
2025-08-11,0.008461470234119917,-0.0030125846036507253,1.0,0.0,3,9032471.918459944,-7.239577826112509e-10
2025-08-12,0.04176539781903532,0.013864599212546791,1.0,0.0,3,9409716.70142369,-7.239577826112509e-10
2025-08-13,-0.024459845199484742,0.0014408331373172434,1.0,0.0,3,9179556.48753586,-7.239577826112509e-10
2025-08-14,-0.012279312578073243,-0.00011375600212593096,1.0,0.0,3,9066837.844097327,-7.239577826112509e-10
2025-08-15,0.02329857462719631,-0.004039027814433993,1.0,0.0,3,9278082.242240718,-7.239577826112509e-10
2025-08-18,0.0115759690740731,0.0003140177718334858,1.0,0.0,3,9385485.035343602,-7.239577826112509e-10
2025-08-19,-0.0703665491920491,-0.014554939789003796,1.0,0.0,3,8725060.840912856,-7.239577826112509e-10
2025-08-20,-0.01494285599418288,-0.006666213150863576,1.0,0.0,3,8594683.513226612,-7.239577826112509e-10
2025-08-21,0.018833218539451968,-0.0034265564500969292,1.0,0.0,3,8756549.066108633,-7.239577826112509e-10
2025-08-22,0.04849012746119796,0.018777923167953237,1.0,0.0,3,9181155.246444475,-7.239577826112509e-10
2025-08-25,0.005892229411927241,-0.00219756397893045,1.0,0.0,3,9235252.719423044,-7.239577826112509e-10
2025-08-26,0.010357978817620683,0.004428118599729913,1.0,0.0,3,9330911.271466201,-7.239577826112509e-10
2025-08-27,-0.028404642965592086,0.002129104397596171,1.0,0.0,3,9065870.068256585,-7.239577826112509e-10
2025-08-28,0.028613864374928966,0.005327431873994426,1.0,0.0,3,9325279.644830408,-7.239577826112509e-10
2025-08-29,-0.02861157131799774,-0.011500030407516015,1.0,0.0,3,9058468.74121207,-7.239577826112509e-10
2025-09-02,-0.027400625287720914,-0.008199277110118253,1.0,1.332889036987671,3,8810261.033553585,-2.546585164964199e-10
2025-09-03,0.008248298507520513,0.010249238356117907,1.0,0.0,3,8882930.696487512,-2.546585164964199e-10
2025-09-04,0.053858828675133585,0.009766612567931654,1.0,0.0,3,9361354.939002719,-2.546585164964199e-10
2025-09-05,0.011173402573018354,-0.000336286357507376,1.0,0.0,3,9465953.12636511,-2.546585164964199e-10
2025-09-08,0.015688565306191782,0.004530333325806657,1.0,0.0,3,9614460.35017344,-2.546585164964199e-10
2025-09-09,0.013245812139711655,0.003706184313743588,1.0,0.0,3,9741811.685796544,-2.546585164964199e-10
2025-09-10,0.017755840913298737,0.00030028122227721,1.0,0.0,3,9914785.744296862,-2.546585164964199e-10
2025-09-11,-0.01829229323020054,0.007173972839332299,1.0,0.0,3,9733421.576147571,-2.546585164964199e-10
2025-09-12,0.01975716371589553,0.004447202680933238,1.0,0.0,3,9925726.379743349,-2.546585164964199e-10
2025-09-15,0.040891767882263785,0.009378486163740707,1.0,0.0,3,10331606.878926676,-2.546585164964199e-10
2025-09-16,-1.4022692691351146e-05,-0.0006617819788579116,1.0,0.0,3,10331462.001978405,-2.546585164964199e-10
2025-09-17,-0.0016282122106258123,-0.0032519983021370713,1.0,0.0,3,10314640.189393166,-2.546585164964199e-10
2025-09-18,0.027421213621859453,0.009406446065890917,1.0,0.0,3,10597480.141459133,-2.546585164964199e-10
2025-09-19,0.017093184895433433,0.007153750679216975,1.0,0.0,3,10778624.82894278,-2.546585164964199e-10
2025-09-22,-0.015516092985740526,0.006959332752431546,1.0,0.0,3,10611382.683838492,-2.546585164964199e-10
2025-09-23,-0.036972074910457065,-0.009456763751602648,1.0,0.0,3,10219057.848348089,-2.546585164964199e-10
2025-09-24,-0.04147877868331051,-0.003349950184885264,1.0,0.0,3,9795183.80950451,-2.546585164964199e-10
2025-09-25,-0.027654509382295855,-0.005029369473082856,1.0,0.0,3,9524302.806943256,-2.546585164964199e-10
2025-09-26,-0.01388316621967045,0.004439192841539041,1.0,0.0,3,9392075.32794799,-2.546585164964199e-10
2025-09-29,0.004367798008795054,0.004762482949039137,1.0,0.0,3,9433098.015863854,-2.546585164964199e-10
2025-09-30,-0.028301746857059218,0.0030480962677861267,1.0,0.0,3,9166124.863741048,-2.546585164964199e-10
2025-10-01,-0.0070598481307493355,0.004199027273156686,1.0,1.998001998001998,3,9101413.41425555,3.4924596548080444e-10
2025-10-02,0.026472783063692162,0.003906366731765365,1.0,0.0,3,9342353.157144114,3.4924596548080444e-10
2025-10-03,-0.006387206688807545,-0.002781468259787645,1.0,0.0,3,9282681.616569601,3.4924596548080444e-10
2025-10-06,-0.04238783344955033,0.007074468482048957,1.0,0.0,3,8889208.854241246,3.4924596548080444e-10
2025-10-07,0.024363133989893537,-0.006682599828172875,1.0,0.0,3,9105777.840621274,3.4924596548080444e-10
2025-10-08,0.03621821409685566,0.011190800917661559,1.0,0.0,3,9435572.851971298,3.4924596548080444e-10
2025-10-09,-0.015442150552486766,-0.0008136827149489712,1.0,0.0,3,9289867.3154422,3.4924596548080444e-10
2025-10-10,-0.0793051848528552,-0.03562272227610175,1.0,0.0,3,8553132.67073256,3.4924596548080444e-10
2025-10-13,0.007680220772706692,0.02207577496922908,1.0,0.0,3,8618822.617942035,3.4924596548080444e-10
2025-10-14,-0.03953805180028558,-0.007618989707247614,1.0,0.0,3,8278051.16281637,3.4924596548080444e-10
2025-10-15,0.03609579489418224,0.0065883126051764496,1.0,0.0,3,8576853.999712937,3.4924596548080444e-10
2025-10-16,-0.011590543536002529,-0.004743697419682724,1.0,0.0,3,8477443.600027326,3.4924596548080444e-10
2025-10-17,-0.016080427132700525,0.005204644512541545,1.0,0.0,3,8341122.685945509,3.4924596548080444e-10
2025-10-20,-0.01751895118881619,0.013693580723431298,1.0,0.0,3,8194994.964750502,3.4924596548080444e-10
2025-10-21,-0.012404918771573126,-0.0016037030883138126,1.0,0.0,3,8093336.717879321,3.4924596548080444e-10
2025-10-22,-0.02853691196987873,-0.009291324655272826,1.0,0.0,3,7862377.880418612,3.4924596548080444e-10
2025-10-23,0.04192619974282241,0.008856484494555783,1.0,0.0,3,8192017.505886592,3.4924596548080444e-10
2025-10-24,0.04283510871711815,0.01146684218326377,1.0,0.0,3,8542923.466363778,3.4924596548080444e-10
2025-10-27,0.03874231700563713,0.018642207433181124,1.0,0.0,3,8873896.115452541,3.4924596548080444e-10
2025-10-28,-0.022969704808161517,0.008039357866708396,1.0,0.0,3,8670065.341182305,3.4924596548080444e-10
2025-10-29,0.01221080859089585,0.005497012064636264,1.0,0.0,3,8775933.849534042,3.4924596548080444e-10
2025-10-30,-0.039040700894426794,-0.0157493362472646,1.0,0.0,3,8433315.241045108,3.4924596548080444e-10
2025-10-31,0.031013281892186217,0.006098941781440548,1.0,0.0,3,8694860.02390131,3.4924596548080444e-10
2025-11-03,-0.01290432705708755,0.004626351319454436,0.9999999999999998,1.998001998001998,3,8582658.706437292,1.724401954561472e-09
2025-11-04,-0.04673342339259812,-0.020393778487853065,0.9999999999999998,0.0,3,8181561.683275189,1.724401954561472e-09
2025-11-05,0.04911991648811842,0.006474038744869182,0.9999999999999998,0.0,3,8583439.309900057,1.724401954561472e-09
2025-11-06,-0.01762961469022395,-0.01897079975148719,0.9999999999999998,0.0,3,8432116.582149597,1.724401954561472e-09
2025-11-07,0.007400874143698832,-0.0021449649279799976,0.9999999999999998,0.0,3,8494521.615739083,1.724401954561472e-09
2025-11-10,0.03914461353620169,0.0227185590322605,0.9999999999999998,0.0,3,8827036.3815621,1.724401954561472e-09
2025-11-11,-0.015330059815345742,-0.0025022133983815253,0.9999999999999998,0.0,3,8691717.38584052,1.724401954561472e-09
2025-11-12,0.0003723425035706551,-0.002635043867685316,0.9999999999999998,0.0,3,8694953.681652293,1.724401954561472e-09
2025-11-13,-0.07111731478792005,-0.0229043605910505,0.9999999999999998,0.0,3,8076591.923607842,1.724401954561472e-09
2025-11-14,0.007639443085314168,0.001322235995513843,0.9999999999999998,0.0,3,8138292.587931553,1.724401954561472e-09
2025-11-17,0.0045101674255700885,-0.008406770305917854,0.9999999999999998,0.0,3,8174997.650061401,1.724401954561472e-09
2025-11-18,-0.029429540186694636,-0.012119920363113268,0.9999999999999998,0.0,3,7934411.228192785,1.724401954561472e-09
2025-11-19,0.014763912608867447,0.005856589777937238,0.9999999999999998,0.0,3,8051554.18216864,1.724401954561472e-09
2025-11-20,-0.05465223129146457,-0.021546491947653457,0.9999999999999998,0.0,3,7611518.780749001,1.724401954561472e-09
2025-11-21,0.009626494522974705,0.00883366058143742,0.9999999999999998,0.0,3,7684791.0246034,1.724401954561472e-09
2025-11-24,0.10220952771733982,0.026890308839190524,0.9999999999999998,0.0,3,8470249.885834565,1.724401954561472e-09
2025-11-25,0.026481297537581217,0.006714757469938215,0.9999999999999998,0.0,3,8694553.093279013,1.724401954561472e-09
2025-11-26,0.02561342911113429,0.008212601718349033,0.9999999999999998,0.0,3,8917250.41258671,1.724401954561472e-09
2025-11-28,0.03966276042186889,0.006504502106209564,0.9999999999999998,0.0,3,9270933.179322947,1.724401954561472e-09
2025-12-01,-0.012798943173407018,-0.00384195801621956,1.0,1.4071644113413364,3,9152275.032396339,-3.255991032347083e-10
2025-12-02,0.014897339332839543,0.005918133418571614,1.0,0.0,3,9288619.579221422,-3.255991032347083e-10
2025-12-03,-0.00972692348638693,0.001726341919058516,1.0,0.0,3,9198269.88728018,-3.255991032347083e-10
2025-12-04,0.018668786876204324,0.0021765926539891733,1.0,0.0,3,9369990.427435622,-3.255991032347083e-10
2025-12-05,-0.008084851754772027,0.003105278249778687,1.0,0.0,3,9294235.443886172,-3.255991032347083e-10
2025-12-08,0.0156442541038444,-0.0013669447068108687,1.0,0.0,3,9439636.824871285,-3.255991032347083e-10
2025-12-09,-0.012309477202280927,0.0012991646103992505,1.0,0.0,3,9323439.83057772,-3.255991032347083e-10
2025-12-10,-0.015099267836093055,0.0032943835151033607,1.0,0.0,3,9182662.71542213,-3.255991032347083e-10
2025-12-11,0.0051707083840957235,-0.0025492344686938173,1.0,0.0,3,9230143.586513085,-3.255991032347083e-10
2025-12-12,-0.06919166355423712,-0.01689804042238119,1.0,0.0,3,8591494.596917773,-3.255991032347083e-10
2025-12-15,0.010361778501664531,-0.005939167507718168,1.0,0.0,3,8680517.760929283,-3.255991032347083e-10
2025-12-16,-0.027627966512562607,0.0023441488007542866,1.0,0.0,3,8440692.706918623,-3.255991032347083e-10
2025-12-17,-0.010645292454161348,-0.018092323029354263,1.0,0.0,3,8350839.064537767,-3.255991032347083e-10
2025-12-18,0.027260241784926365,0.013794367681767117,1.0,0.0,3,8578484.956544075,-3.255991032347083e-10
2025-12-19,0.08026152384553997,0.013094639916962025,1.0,0.0,3,9267007.231442343,-3.255991032347083e-10
2025-12-22,0.02011057600416377,0.005200445176298585,1.0,0.0,3,9453372.0847014,-3.255991032347083e-10
2025-12-23,-0.011413575610843107,0.005677193440730921,1.0,0.0,3,9345475.307635227,-3.255991032347083e-10
2025-12-24,0.01603943171026878,0.002184464371203676,1.0,0.0,3,9495371.420632046,-3.255991032347083e-10
2025-12-26,-0.014496804342545189,-0.0008558732342057729,1.0,0.0,3,9357718.878987348,-3.255991032347083e-10
2025-12-29,-0.022656525460721277,-0.005033251247186676,1.0,0.0,3,9145705.482951298,-3.255991032347083e-10
2025-12-30,-0.0071786041297509096,-0.002354484788716027,1.0,0.0,3,9080052.0838019,-3.255991032347083e-10
2025-12-31,-0.005735024495188479,-0.007561782956461149,1.0,0.0,3,9027977.762683708,-3.255991032347083e-10
2026-01-02,0.01858751877849052,-0.00027364266140728066,1.0,1.9980019980019978,3,9195785.468879387,7.275957614183426e-11
2026-01-05,0.11633438459327516,0.006894153504768186,1.0,0.0,3,10265571.512253253,7.275957614183426e-11
2026-01-06,0.041424428491771303,0.006469104310086182,1.0,0.0,3,10690816.945289753,7.275957614183426e-11
2026-01-07,0.014755782756571412,0.0015755608848113667,1.0,0.0,3,10848568.317624722,7.275957614183426e-11
2026-01-08,0.0008960743642147939,-0.004420319136441364,1.0,0.0,3,10858289.44158258,7.275957614183426e-11
2026-01-09,0.028220824504501696,0.008148630197078122,1.0,0.0,3,11164719.322332565,7.275957614183426e-11
2026-01-12,-0.01904210827828645,0.0026424348421194566,1.0,0.0,3,10952119.52810003,7.275957614183426e-11
2026-01-13,-0.004559668147759877,-0.001012475825717729,1.0,0.0,3,10902181.497537294,7.275957614183426e-11
2026-01-14,0.0012801223108827031,-0.010043074888221648,1.0,0.0,3,10916137.623309584,7.275957614183426e-11
2026-01-15,0.016952331578947044,0.0024825588207100235,1.0,0.0,3,11101191.607861347,7.275957614183426e-11
2026-01-16,-0.0019146131388265708,-0.0006217589275318014,1.0,0.0,3,11079937.120552305,7.275957614183426e-11
2026-01-20,0.028238917040177336,-0.02385969358790141,1.0,0.0,3,11392822.545709964,7.275957614183426e-11
2026-01-21,0.0070936314247298515,0.011784274158415542,1.0,0.0,3,11473639.029736582,7.275957614183426e-11
2026-01-22,0.04143234060437173,0.009093719563811442,1.0,0.0,3,11949018.749988241,7.275957614183426e-11
2026-01-23,-0.03686483723703138,0.0027828957305890967,1.0,0.0,3,11508520.118627688,7.275957614183426e-11
2026-01-26,0.014114168691923279,0.004260200738343878,1.0,0.0,3,11670953.312976392,7.275957614183426e-11
2026-01-27,-0.006655356364262066,0.009140998654314725,1.0,0.0,3,11593278.95956787,7.275957614183426e-11
2026-01-28,-0.00950129953268819,0.0016941609179959016,1.0,0.0,3,11483127.743607003,7.275957614183426e-11
2026-01-29,0.009623368114821673,-0.007223320178812109,1.0,0.0,3,11593634.108993255,7.275957614183426e-11
2026-01-30,-0.03553191693659474,-0.009427860192390836,1.0,0.0,3,11181690.064839235,7.275957614183426e-11
2026-02-02,0.041677484706710066,0.005553277622963648,1.0,1.998001998001998,3,11647714.781511744,3.965396899729967e-10
2026-02-03,-0.0026200002683408607,-0.014281045654670255,1.0,0.0,3,11617197.765658626,3.965396899729967e-10
2026-02-04,-0.01731299093760974,-0.015076634506103637,1.0,0.0,3,11416069.326021358,3.965396899729967e-10
2026-02-05,0.026783388811936426,-0.01589158150902581,1.0,0.0,3,11721830.349484209,3.965396899729967e-10
2026-02-06,0.04992137317926071,0.021766067347837703,1.0,0.0,3,12307000.216704793,3.965396899729967e-10
2026-02-09,0.019581050842949255,0.009007776838472648,1.0,0.0,3,12547984.213672277,3.965396899729967e-10
2026-02-10,-0.01645738121526763,-0.00586092061206589,1.0,0.0,3,12341477.253984712,3.965396899729967e-10
2026-02-11,0.03819770297321812,-0.0015582749377014427,1.0,0.0,3,12812893.336383149,3.965396899729967e-10
2026-02-12,0.007372258395509146,-0.020346416248346655,1.0,0.0,3,12907353.296853064,3.965396899729967e-10
2026-02-13,-0.011862539001884609,-0.0022339100284771707,1.0,0.0,3,12754239.31495804,3.965396899729967e-10
2026-02-17,0.018897376530427,0.0014064161137765652,1.0,0.0,3,12995260.977651976,3.965396899729967e-10
2026-02-18,0.010167405159736909,0.007761850053015218,1.0,0.0,3,13127389.061168281,3.965396899729967e-10
2026-02-19,0.038257550880030466,-0.0031159863283353184,1.0,0.0,3,13629610.816097882,3.965396899729967e-10
2026-02-20,0.032482475243987174,0.00896452940188408,1.0,0.0,3,14072334.312016962,3.965396899729967e-10
2026-02-23,-0.00234932871490956,-0.011308188780336681,1.0,0.0,3,14039273.772931933,3.965396899729967e-10
2026-02-24,-0.017109206154948486,0.01044801250880023,1.0,0.0,3,13799072.943685079,3.965396899729967e-10
2026-02-25,0.02573938289163835,0.012613892426766027,1.0,0.0,3,14154252.565732237,3.965396899729967e-10
2026-02-26,-0.03399099581334619,-0.011821831990905363,1.0,0.0,3,13673135.426029388,3.965396899729967e-10
2026-02-27,0.020322379396489287,-0.009186402184070852,1.0,0.0,3,13951006.071696736,3.965396899729967e-10
2026-03-02,0.062299859822200654,0.00355784598783937,1.0,1.332889036987671,3,14820151.794342112,-8.076312951743603e-10
2026-03-03,-0.06357999779045942,-0.010205786136096573,1.0,0.0,3,13877886.576003566,-8.076312951743603e-10
2026-03-04,0.00640541272942019,0.012914420369956714,1.0,0.0,3,13966780.167334948,-8.076312951743603e-10
2026-03-05,-0.026353798251858795,-0.002564509538098836,1.0,0.0,3,13598702.46057694,-8.076312951743603e-10
2026-03-06,-0.06127868902568756,-0.01588246335331811,1.0,0.0,3,12765391.801342394,-8.076312951743603e-10
2026-03-09,0.06828039849019119,0.013769626866205087,1.0,0.0,3,13637017.840421472,-8.076312951743603e-10
2026-03-10,0.0007733058923375946,5.066983316392992e-05,1.0,0.0,3,13647563.426671382,-8.076312951743603e-10
2026-03-11,-0.014085678205600805,0.0008384331037887272,1.0,0.0,3,13455328.239952762,-8.076312951743603e-10
2026-03-12,-0.07798760005864713,-0.01779132272970796,1.0,0.0,3,12405979.482517505,-8.076312951743603e-10
2026-03-13,-0.019815473649279602,-0.009260495930885515,1.0,0.0,3,12160149.122988176,-8.076312951743603e-10
2026-03-16,0.027329518419021426,0.012160851485793378,1.0,0.0,3,12492480.14242293,-8.076312951743603e-10
2026-03-17,0.04221664952549409,0.004708552447508563,1.0,0.0,3,13019870.798299793,-8.076312951743603e-10
2026-03-18,0.038564979221586526,-0.01455146081790859,1.0,0.0,3,13521981.845103966,-8.076312951743603e-10
2026-03-19,0.04092062992509349,-0.0027866029986791663,1.0,0.0,3,14075309.860041298,-8.076312951743603e-10
2026-03-20,-0.06484317281359786,-0.020057318263938306,1.0,0.0,3,13162622.110381702,-8.076312951743603e-10
2026-03-23,0.03335800830553315,0.013819077487075893,1.0,0.0,3,13601700.96806241,-8.076312951743603e-10
2026-03-24,0.05116837091377047,-0.008423566849958708,1.0,0.0,3,14297677.848254418,-8.076312951743603e-10
2026-03-25,0.0012046887757686253,0.007717160595885897,1.0,0.0,3,14314902.100277767,-8.076312951743603e-10
2026-03-26,-0.06329979129924268,-0.023791794099635055,1.0,0.0,3,13408771.784861093,-8.076312951743603e-10
2026-03-27,0.0010222471793353005,-0.021474134999495575,1.0,0.0,3,13422478.863996519,-8.076312951743603e-10
2026-03-30,-0.0422342542122679,-0.007338044601104876,1.0,0.0,3,12855590.479495697,-8.076312951743603e-10
2026-03-31,0.05435511958851791,0.03827861410440381,1.0,0.0,3,13554357.637389699,-8.076312951743603e-10
2026-04-01,0.02856519370245625,0.011593918287701621,0.0,1.0,0,13941540.488814104,13941540.488814104
2026-04-02,0.0,0.0017503817370581043,0.0,0.0,0,13941540.488814104,13941540.488814104
2026-04-06,0.0,0.00535486247656447,0.0,0.0,0,13941540.488814104,13941540.488814104
2026-04-07,0.0,0.000977889958056588,0.0,0.0,0,13941540.488814104,13941540.488814104
2026-04-08,0.0,0.02802907640845964,0.0,0.0,0,13941540.488814104,13941540.488814104
2026-04-09,0.0,0.008280542646583733,0.0,0.0,0,13941540.488814104,13941540.488814104
2026-04-10,0.0,0.003525918811414508,0.0,0.0,0,13941540.488814104,13941540.488814104
2026-04-13,0.0,0.012262644583281856,0.0,0.0,0,13941540.488814104,13941540.488814104
2026-04-14,0.0,0.019640489411975715,0.0,0.0,0,13941540.488814104,13941540.488814104
2026-04-15,0.0,0.01594562901771135,0.0,0.0,0,13941540.488814104,13941540.488814104
2026-04-16,0.0,0.0036092574872939043,0.0,0.0,0,13941540.488814104,13941540.488814104
2026-04-17,0.0,0.01517589315719814,0.0,0.0,0,13941540.488814104,13941540.488814104
2026-04-20,0.0,-0.002619288161749278,0.0,0.0,0,13941540.488814104,13941540.488814104
2026-04-21,0.0,-0.005918197504629297,0.0,0.0,0,13941540.488814104,13941540.488814104
2026-04-22,0.0,0.016389557113861697,0.0,0.0,0,13941540.488814104,13941540.488814104
2026-04-23,0.0,-0.008884492673041144,0.0,0.0,0,13941540.488814104,13941540.488814104
2026-04-24,0.0,0.016289870491233094,0.0,0.0,0,13941540.488814104,13941540.488814104
2026-04-27,0.0,0.002033289580699371,0.0,0.0,0,13941540.488814104,13941540.488814104
2026-04-28,0.0,-0.008972519899867804,0.0,0.0,0,13941540.488814104,13941540.488814104
2026-04-29,0.0,0.0003827471841322261,0.0,0.0,0,13941540.488814104,13941540.488814104
2026-04-30,0.0,0.00887885012264289,0.0,0.0,0,13941540.488814104,13941540.488814104
2026-05-01,-0.0009990009990009652,0.00892363946937813,0.9999999999999999,0.9990009990009988,3,13927612.875938166,2.1136656869202852e-09
2026-05-04,0.02051122976469988,-0.0018570989438745356,0.9999999999999999,0.0,3,14213285.343710328,2.1136656869202852e-09
2026-05-05,0.0074351781114894155,0.010305252156152633,0.9999999999999999,0.0,3,14318963.651790237,2.1136656869202852e-09
2026-05-06,0.01719769025679474,0.02024825743214609,0.9999999999999999,0.0,3,14565216.753472028,2.1136656869202852e-09
2026-05-07,-0.03862281947085355,-0.0012670798415104212,0.9999999999999999,0.0,3,14002667.016248826,2.1136656869202852e-09
2026-05-08,0.0014993205692206413,0.017084266571599116,0.9999999999999999,0.0,3,14023661.502930235,2.1136656869202852e-09
2026-05-11,0.01407253782308815,0.0010305908314371948,0.9999999999999999,0.0,3,14221010.009848407,2.1136656869202852e-09
2026-05-12,-0.010662077280289006,-0.007076542591514912,0.9999999999999999,0.0,3,14069384.50211964,2.1136656869202852e-09
2026-05-13,0.004753850191536513,0.012041459357103879,0.9999999999999999,0.0,3,14136268.248329842,2.1136656869202852e-09
2026-05-14,-0.0004367701873373431,0.008820430310343852,0.9999999999999999,0.0,3,14130093.947798768,2.1136656869202852e-09
2026-05-15,-0.020328103638244777,-0.01539615591686505,0.9999999999999999,0.0,3,13842855.93360978,2.1136656869202852e-09
2026-05-18,-0.025771503020113107,-0.005125234793789457,0.9999999999999999,0.0,3,13486104.730109764,2.1136656869202852e-09
2026-05-19,0.009923230090639334,-0.008432880183881442,0.9999999999999999,0.0,3,13619930.450373104,2.1136656869202852e-09
2026-05-20,0.03561799802173149,0.015447971856976439,0.9999999999999999,0.0,3,14105045.106210614,2.1136656869202852e-09
2026-05-21,0.01705724556789545,0.0008656143273255701,0.9999999999999999,0.0,3,14345638.324333489,2.1136656869202852e-09
2026-05-22,0.042737406921618204,0.0019347281225874369,0.9999999999999999,0.0,3,14958733.70695089,2.1136656869202852e-09
2026-05-26,0.02565585746689303,0.011851288928737658,0.9999999999999999,0.0,3,15342512.84682163,2.1136656869202852e-09
2026-05-27,-0.022142159139314832,0.0006958986621488084,0.9999999999999999,0.0,3,15002796.485770324,2.1136656869202852e-09
2026-05-28,-0.012826397514339893,0.009099998387987585,0.9999999999999999,0.0,3,14810364.654217092,2.1136656869202852e-09
2026-05-29,-0.02976108970580227,0.0020488552601711785,0.9999999999999999,0.0,3,14369592.063167294,2.1136656869202852e-09
2026-06-01,-0.0200299783650445,0.004233552394984352,1.0,1.9980019980019978,3,14081769.445027538,9.022187441587448e-10
2026-06-02,0.016453665065122802,0.0002617510146081248,1.0,0.0,3,14313466.163000302,9.022187441587448e-10
2026-06-03,-0.06398342961795978,-0.008855129752453617,1.0,0.0,3,13397641.508170923,9.022187441587448e-10
2026-06-04,-0.014411085796989909,-0.0008572286119227224,1.0,0.0,3,13204566.94691936,9.022187441587448e-10
2026-06-05,-0.1026633254969932,-0.0417998461478829,1.0,0.0,3,11848942.19240094,9.022187441587448e-10
2026-06-08,0.0557424194959919,0.008566117568534093,1.0,0.0,3,12509430.89867351,9.022187441587448e-10
2026-06-09,-0.002974522567635862,-0.009673863830069518,1.0,0.0,3,12472221.314157125,9.022187441587448e-10
2026-06-10,-0.01990913542486694,-0.019834244719967642,1.0,0.0,3,12223910.170964658,9.022187441587448e-10
2026-06-11,0.09938868385967581,0.025433957766344273,1.0,0.0,3,13438828.51447574,9.022187441587448e-10
2026-06-12,-0.03933479941952589,0.0030678435903457313,1.0,0.0,3,12910214.890425432,9.022187441587448e-10
2026-06-15,0.056043347246838016,0.03071207516443364,1.0,0.0,3,13633746.546560843,9.022187441587448e-10
2026-06-16,-0.06083109131699216,-0.011527533040472937,1.0,0.0,3,12804390.865394274,9.022187441587448e-10
2026-06-17,0.0219461686925726,-0.013446899759405606,1.0,0.0,3,13085398.187331852,9.022187441587448e-10
2026-06-18,0.07114914632155322,0.01907141973263804,1.0,0.0,3,14016413.097638113,9.022187441587448e-10
2026-06-19,0.0,0.0,1.0,0.0,3,14016413.097638113,9.022187441587448e-10
2026-06-22,0.06103040247603886,-0.01324877168014249,1.0,0.0,3,14871840.430257391,9.022187441587448e-10
2026-06-23,-0.09968899389233021,-0.02214884623909863,1.0,0.0,3,13389281.620437752,9.022187441587448e-10
2026-06-24,-0.02791723659574885,-0.004314684308931449,1.0,0.0,3,13015489.87759288,9.022187441587448e-10
2026-06-25,0.05581797482047435,-0.004633264041098095,1.0,0.0,3,13741988.163856497,9.022187441587448e-10
2026-06-26,-0.06822860951116116,-0.0024047068844494923,1.0,0.0,3,12804391.419517733,9.022187441587448e-10
2026-06-29,0.022211213823059683,0.020654907457697602,1.0,0.0,3,13088792.495210793,9.022187441587448e-10
2026-06-30,0.05064932870540395,0.01524313965764712,1.0,0.0,3,13751731.048657548,9.022187441587448e-10
2026-07-01,-0.06961004759359524,-0.006625919556629167,0.9999999999999999,1.9980019980019978,3,12794472.395866174,1.3242242857813835e-09
2026-07-02,-0.04856549310414826,-0.007963124466446536,0.9999999999999999,0.0,3,12173102.53495352,1.3242242857813835e-09
2026-07-03,0.0,0.0,0.9999999999999999,0.0,3,12173102.53495352,1.3242242857813835e-09
2026-07-06,-0.001133096172383552,0.011167641594926225,0.9999999999999999,0.0,3,12159309.239065131,1.3242242857813835e-09
2026-07-07,-0.04222156989664616,-0.011579501063505693,0.9999999999999999,0.0,3,11645924.114133008,1.3242242857813835e-09
2026-07-08,-0.0016786656543843481,0.0020124955991183135,0.9999999999999999,0.0,3,11626374.501309047,1.3242242857813835e-09
2026-07-09,0.04354813210542341,0.012996967606148102,0.9999999999999999,0.0,3,12132681.393999178,1.3242242857813835e-09
2026-07-10,-0.01665415060337272,0.002851158607526605,0.9999999999999999,0.0,3,11930621.890840778,1.3242242857813835e-09
2026-07-13,-0.07104931261280156,-0.015540524343828244,0.9999999999999998,0.0,3,11082959.406453298,1.3242242857813835e-09
2026-07-14,0.014350706844859396,0.009037543896807332,0.9999999999999999,0.0,3,11242007.707868787,1.3242242857813835e-09
2026-07-15,-0.016056804709767114,0.006213656791796529,0.9999999999999998,0.0,3,11061496.985557841,1.3242242857813835e-09
2026-07-16,-0.03983640506786501,-0.014742723711353545,0.9999999999999998,0.0,3,10620846.71098419,1.3242242857813835e-09
2026-07-17,-0.0016318850308265631,-0.013975376662113903,0.9999999999999998,0.0,3,10603514.710221833,1.3242242857813835e-09
