effective_date,ticker,target_weight,base_transaction_cost_bps,signal_date,sue
2012-01-03,VRTX,0.03333333333333333,10.0,2011-12-30,15.12557569202741
2012-01-03,CERN,0.03333333333333333,10.0,2011-12-30,8.346418287804605
2012-01-03,ALXN,0.03333333333333333,10.0,2011-12-30,7.639992581898891
2012-01-03,LULU,0.03333333333333333,10.0,2011-12-30,6.076953943793843
2012-01-03,FFIV,0.03333333333333333,10.0,2011-12-30,5.469247644380426
2012-01-03,NFLX,0.03333333333333333,10.0,2011-12-30,3.017036868346992
2012-01-03,BKNG,0.03333333333333333,10.0,2011-12-30,2.9401461700488647
2012-01-03,SIAL,0.03333333333333333,10.0,2011-12-30,2.6588499072500267
2012-01-03,ORLY,0.03333333333333333,10.0,2011-12-30,2.5327239838125783
2012-01-03,KLAC,0.03333333333333333,10.0,2011-12-30,2.4654569458329205
2012-01-03,WFM,0.03333333333333333,10.0,2011-12-30,2.396293137439105
2012-01-03,GMCR,0.03333333333333333,10.0,2011-12-30,2.288796508439376
2012-01-03,GOOGL,0.03333333333333333,10.0,2011-12-30,2.163187489217806
2012-01-03,ISRG,0.03333333333333333,10.0,2011-12-30,2.1534963219735945
2012-01-03,WYNN,0.03333333333333333,10.0,2011-12-30,2.0631674943820073
2012-01-03,SWKS,0.03333333333333333,10.0,2011-12-30,2.05903465630263
2012-01-03,MNST,0.03333333333333333,10.0,2011-12-30,2.042841430539497
2012-01-03,AAPL,0.03333333333333333,10.0,2011-12-30,1.9406493133587184
2012-01-03,CHRW,0.03333333333333333,10.0,2011-12-30,1.85232058077273
2012-01-03,CELG,0.03333333333333333,10.0,2011-12-30,1.7771631344154735
2012-01-03,ROST,0.03333333333333333,10.0,2011-12-30,1.7508485226898352
2012-01-03,ATVI,0.03333333333333333,10.0,2011-12-30,1.586517344605786
2012-01-03,RGLD,0.03333333333333333,10.0,2011-12-30,1.5688150661171734
2012-01-03,ADP,0.03333333333333333,10.0,2011-12-30,1.5644855048130222
2012-01-03,ZION,0.03333333333333333,10.0,2011-12-30,1.4876031538708652
2012-01-03,CTSH,0.03333333333333333,10.0,2011-12-30,1.4803617834485783
2012-01-03,SBUX,0.03333333333333333,10.0,2011-12-30,1.407595957389872
2012-01-03,BIIB,0.03333333333333333,10.0,2011-12-30,1.2671072221646777
2012-01-03,GT,0.03333333333333333,10.0,2011-12-30,1.260288782704019
2012-01-03,SLM,0.03333333333333333,10.0,2011-12-30,1.1340845818781773
2012-02-01,VRTX,0.03333333333333333,10.0,2012-01-31,15.12557569202741
2012-02-01,CERN,0.03333333333333333,10.0,2012-01-31,8.346418287804605
2012-02-01,ALXN,0.03333333333333333,10.0,2012-01-31,7.639992581898891
2012-02-01,AAPL,0.03333333333333333,10.0,2012-01-31,7.617761125894194
2012-02-01,LULU,0.03333333333333333,10.0,2012-01-31,6.076953943793843
2012-02-01,FFIV,0.03333333333333333,10.0,2012-01-31,5.469247644380426
2012-02-01,EBAY,0.03333333333333333,10.0,2012-01-31,4.73501176506129
2012-02-01,BKNG,0.03333333333333333,10.0,2012-01-31,2.9401461700488647
2012-02-01,ORLY,0.03333333333333333,10.0,2012-01-31,2.5327239838125783
2012-02-01,WFM,0.03333333333333333,10.0,2012-01-31,2.396293137439105
2012-02-01,GMCR,0.03333333333333333,10.0,2012-01-31,2.288796508439376
2012-02-01,WYNN,0.03333333333333333,10.0,2012-01-31,2.0631674943820073
2012-02-01,SWKS,0.03333333333333333,10.0,2012-01-31,2.05903465630263
2012-02-01,MNST,0.03333333333333333,10.0,2012-01-31,2.042841430539497
2012-02-01,CHRW,0.03333333333333333,10.0,2012-01-31,1.85232058077273
2012-02-01,CELG,0.03333333333333333,10.0,2012-01-31,1.7771631344154735
2012-02-01,ROST,0.03333333333333333,10.0,2012-01-31,1.7508485226898352
2012-02-01,ATVI,0.03333333333333333,10.0,2012-01-31,1.586517344605786
2012-02-01,ADP,0.03333333333333333,10.0,2012-01-31,1.5644855048130222
2012-02-01,ZION,0.03333333333333333,10.0,2012-01-31,1.4876031538708652
2012-02-01,CTSH,0.03333333333333333,10.0,2012-01-31,1.4803617834485783
2012-02-01,BIIB,0.03333333333333333,10.0,2012-01-31,1.2671072221646777
2012-02-01,GT,0.03333333333333333,10.0,2012-01-31,1.260288782704019
2012-02-01,SLM,0.03333333333333333,10.0,2012-01-31,1.1340845818781773
2012-02-01,CME,0.03333333333333333,10.0,2012-01-31,1.0484173192506265
2012-02-01,ORCL,0.03333333333333333,10.0,2012-01-31,0.9160547711378896
2012-02-01,EXPE,0.03333333333333333,10.0,2012-01-31,0.9133908547142838
2012-02-01,DLTR,0.03333333333333333,10.0,2012-01-31,0.9089376723286862
2012-02-01,PCAR,0.03333333333333333,10.0,2012-01-31,0.8861555632998142
2012-02-01,PTEN,0.03333333333333333,10.0,2012-01-31,0.6718010877444677
2012-03-01,CME,0.03333333333333333,10.0,2012-02-29,8.14699062298221
2012-03-01,CERN,0.03333333333333333,10.0,2012-02-29,7.7668345859566195
2012-03-01,AAPL,0.03333333333333333,10.0,2012-02-29,7.617761125894194
2012-03-01,LULU,0.03333333333333333,10.0,2012-02-29,6.076953943793843
2012-03-01,ATVI,0.03333333333333333,10.0,2012-02-29,5.969519127861356
2012-03-01,EBAY,0.03333333333333333,10.0,2012-02-29,4.73501176506129
2012-03-01,GMCR,0.03333333333333333,10.0,2012-02-29,4.554827672119069
2012-03-01,ADP,0.03333333333333333,10.0,2012-02-29,4.32931546039338
2012-03-01,WFM,0.03333333333333333,10.0,2012-02-29,3.985937693528386
2012-03-01,CELG,0.03333333333333333,10.0,2012-02-29,3.75827815074381
2012-03-01,TSCO,0.03333333333333333,10.0,2012-02-29,3.7005045499068854
2012-03-01,FFIV,0.03333333333333333,10.0,2012-02-29,3.2726675732630532
2012-03-01,CMCSA,0.03333333333333333,10.0,2012-02-29,2.91718765035281
2012-03-01,MNST,0.03333333333333333,10.0,2012-02-29,2.280450853149576
2012-03-01,STX,0.03333333333333333,10.0,2012-02-29,2.1270215443705087
2012-03-01,VRTX,0.03333333333333333,10.0,2012-02-29,1.9864482708877473
2012-03-01,CTSH,0.03333333333333333,10.0,2012-02-29,1.9565502029958675
2012-03-01,ISRG,0.03333333333333333,10.0,2012-02-29,1.9283912614363192
2012-03-01,SIRI,0.03333333333333333,10.0,2012-02-29,1.822831876638826
2012-03-01,ROST,0.03333333333333333,10.0,2012-02-29,1.7508485226898352
2012-03-01,MYL,0.03333333333333333,10.0,2012-02-29,1.7283898195191454
2012-03-01,ZION,0.03333333333333333,10.0,2012-02-29,1.673594164852798
2012-03-01,AKAM,0.03333333333333333,10.0,2012-02-29,1.6582230401235236
2012-03-01,MAT,0.03333333333333333,10.0,2012-02-29,1.493069889123312
2012-03-01,ALXN,0.03333333333333333,10.0,2012-02-29,1.4775099301490842
2012-03-01,GT,0.03333333333333333,10.0,2012-02-29,1.4670960447343677
2012-03-01,ORLY,0.03333333333333333,10.0,2012-02-29,1.4632190310533768
2012-03-01,FAST,0.03333333333333333,10.0,2012-02-29,1.2596170857921327
2012-03-01,FOSL,0.03333333333333333,10.0,2012-02-29,1.1614763529323038
2012-03-01,CSCO,0.03333333333333333,10.0,2012-02-29,1.15006028778353
2012-04-02,LULU,0.03333333333333333,10.0,2012-03-30,9.965287045610886
2012-04-02,CME,0.03333333333333333,10.0,2012-03-30,8.14699062298221
2012-04-02,CERN,0.03333333333333333,10.0,2012-03-30,7.7668345859566195
2012-04-02,AAPL,0.03333333333333333,10.0,2012-03-30,7.617761125894194
2012-04-02,ATVI,0.03333333333333333,10.0,2012-03-30,5.969519127861356
2012-04-02,EBAY,0.03333333333333333,10.0,2012-03-30,4.73501176506129
2012-04-02,GMCR,0.03333333333333333,10.0,2012-03-30,4.554827672119069
2012-04-02,ADP,0.03333333333333333,10.0,2012-03-30,4.32931546039338
2012-04-02,WFM,0.03333333333333333,10.0,2012-03-30,3.985937693528386
2012-04-02,CELG,0.03333333333333333,10.0,2012-03-30,3.75827815074381
2012-04-02,TSCO,0.03333333333333333,10.0,2012-03-30,3.7005045499068854
2012-04-02,FFIV,0.03333333333333333,10.0,2012-03-30,3.2726675732630532
2012-04-02,CMCSA,0.03333333333333333,10.0,2012-03-30,2.91718765035281
2012-04-02,ROST,0.03333333333333333,10.0,2012-03-30,2.5356004042543
2012-04-02,MNST,0.03333333333333333,10.0,2012-03-30,2.280450853149576
2012-04-02,DLTR,0.03333333333333333,10.0,2012-03-30,2.268916810740547
2012-04-02,STX,0.03333333333333333,10.0,2012-03-30,2.1270215443705087
2012-04-02,VRTX,0.03333333333333333,10.0,2012-03-30,1.9864482708877473
2012-04-02,CTSH,0.03333333333333333,10.0,2012-03-30,1.9565502029958675
2012-04-02,ISRG,0.03333333333333333,10.0,2012-03-30,1.9283912614363192
2012-04-02,SIRI,0.03333333333333333,10.0,2012-03-30,1.822831876638826
2012-04-02,MYL,0.03333333333333333,10.0,2012-03-30,1.7283898195191454
2012-04-02,COST,0.03333333333333333,10.0,2012-03-30,1.711625262112432
2012-04-02,ZION,0.03333333333333333,10.0,2012-03-30,1.673594164852798
2012-04-02,AKAM,0.03333333333333333,10.0,2012-03-30,1.6582230401235236
2012-04-02,MAT,0.03333333333333333,10.0,2012-03-30,1.493069889123312
2012-04-02,ALXN,0.03333333333333333,10.0,2012-03-30,1.4775099301490842
2012-04-02,GT,0.03333333333333333,10.0,2012-03-30,1.4670960447343677
2012-04-02,ORLY,0.03333333333333333,10.0,2012-03-30,1.4632190310533768
2012-04-02,FAST,0.03333333333333333,10.0,2012-03-30,1.2596170857921327
2012-05-01,LULU,0.03333333333333333,10.0,2012-04-30,9.965287045610886
2012-05-01,CME,0.03333333333333333,10.0,2012-04-30,8.14699062298221
2012-05-01,CERN,0.03333333333333333,10.0,2012-04-30,7.119072433706163
2012-05-01,ATVI,0.03333333333333333,10.0,2012-04-30,5.969519127861356
2012-05-01,GMCR,0.03333333333333333,10.0,2012-04-30,4.554827672119069
2012-05-01,REGN,0.03333333333333333,10.0,2012-04-30,4.509597824216324
2012-05-01,ADP,0.03333333333333333,10.0,2012-04-30,4.32931546039338
2012-05-01,WFM,0.03333333333333333,10.0,2012-04-30,3.985937693528386
2012-05-01,GOOGL,0.03333333333333333,10.0,2012-04-30,3.9759916049284443
2012-05-01,QCOM,0.03333333333333333,10.0,2012-04-30,3.7967669303807976
2012-05-01,CELG,0.03333333333333333,10.0,2012-04-30,3.75827815074381
2012-05-01,TSCO,0.03333333333333333,10.0,2012-04-30,3.7005045499068854
2012-05-01,STX,0.03333333333333333,10.0,2012-04-30,3.3768344272194786
2012-05-01,FAST,0.03333333333333333,10.0,2012-04-30,3.3272547113751063
2012-05-01,FFIV,0.03333333333333333,10.0,2012-04-30,3.2726675732630532
2012-05-01,ISRG,0.03333333333333333,10.0,2012-04-30,3.1448238257664007
2012-05-01,AAPL,0.03333333333333333,10.0,2012-04-30,3.105466282522703
2012-05-01,CMCSA,0.03333333333333333,10.0,2012-04-30,2.91718765035281
2012-05-01,ROST,0.03333333333333333,10.0,2012-04-30,2.5356004042543
2012-05-01,MNST,0.03333333333333333,10.0,2012-04-30,2.280450853149576
2012-05-01,DLTR,0.03333333333333333,10.0,2012-04-30,2.268916810740547
2012-05-01,VRTX,0.03333333333333333,10.0,2012-04-30,1.9864482708877473
2012-05-01,CTSH,0.03333333333333333,10.0,2012-04-30,1.9565502029958675
2012-05-01,SIRI,0.03333333333333333,10.0,2012-04-30,1.822831876638826
2012-05-01,COST,0.03333333333333333,10.0,2012-04-30,1.711625262112432
2012-05-01,ZION,0.03333333333333333,10.0,2012-04-30,1.673594164852798
2012-05-01,AKAM,0.03333333333333333,10.0,2012-04-30,1.6582230401235236
2012-05-01,SHPG,0.03333333333333333,10.0,2012-04-30,1.6146236008129407
2012-05-01,ALXN,0.03333333333333333,10.0,2012-04-30,1.4775099301490842
2012-05-01,ORLY,0.03333333333333333,10.0,2012-04-30,1.4632190310533768
2012-06-01,LULU,0.03333333333333333,10.0,2012-05-31,9.965287045610886
2012-06-01,AGNC,0.03333333333333333,10.0,2012-05-31,9.067435922761547
2012-06-01,CERN,0.03333333333333333,10.0,2012-05-31,7.119072433706163
2012-06-01,REGN,0.03333333333333333,10.0,2012-05-31,4.509597824216324
2012-06-01,GOOGL,0.03333333333333333,10.0,2012-05-31,3.9759916049284443
2012-06-01,ORLY,0.03333333333333333,10.0,2012-05-31,3.9675913028381693
2012-06-01,WFM,0.03333333333333333,10.0,2012-05-31,3.963666867422308
2012-06-01,TSCO,0.03333333333333333,10.0,2012-05-31,3.8274442101412176
2012-06-01,QCOM,0.03333333333333333,10.0,2012-05-31,3.7967669303807976
2012-06-01,MNST,0.03333333333333333,10.0,2012-05-31,3.4842098721002457
2012-06-01,STX,0.03333333333333333,10.0,2012-05-31,3.3768344272194786
2012-06-01,FAST,0.03333333333333333,10.0,2012-05-31,3.3272547113751063
2012-06-01,PCAR,0.03333333333333333,10.0,2012-05-31,3.2413136733705827
2012-06-01,ISRG,0.03333333333333333,10.0,2012-05-31,3.1448238257664007
2012-06-01,AAPL,0.03333333333333333,10.0,2012-05-31,3.105466282522703
2012-06-01,ROST,0.03333333333333333,10.0,2012-05-31,2.5356004042543
2012-06-01,CMCSA,0.03333333333333333,10.0,2012-05-31,2.470274271213905
2012-06-01,FFIV,0.03333333333333333,10.0,2012-05-31,2.466233616569899
2012-06-01,CTRX,0.03333333333333333,10.0,2012-05-31,2.449410244797076
2012-06-01,CTSH,0.03333333333333333,10.0,2012-05-31,2.190057604439684
2012-06-01,GEN,0.03333333333333333,10.0,2012-05-31,2.1841116706909647
2012-06-01,CELG,0.03333333333333333,10.0,2012-05-31,1.948233992171367
2012-06-01,COST,0.03333333333333333,10.0,2012-05-31,1.711625262112432
2012-06-01,CHRW,0.03333333333333333,10.0,2012-05-31,1.6763839525144362
2012-06-01,DLTR,0.03333333333333333,10.0,2012-05-31,1.435711341251211
2012-06-01,VRTX,0.03333333333333333,10.0,2012-05-31,1.418995562266872
2012-06-01,ALXN,0.03333333333333333,10.0,2012-05-31,1.3591398527532623
2012-06-01,ADP,0.03333333333333333,10.0,2012-05-31,1.2398407485115543
2012-06-01,ORCL,0.03333333333333333,10.0,2012-05-31,1.1279835090437846
2012-06-01,PTEN,0.03333333333333333,10.0,2012-05-31,1.0025058253732713
2012-07-02,AGNC,0.03333333333333333,10.0,2012-06-29,9.067435922761547
2012-07-02,CERN,0.03333333333333333,10.0,2012-06-29,7.119072433706163
2012-07-02,LULU,0.03333333333333333,10.0,2012-06-29,4.885336462459921
2012-07-02,REGN,0.03333333333333333,10.0,2012-06-29,4.509597824216324
2012-07-02,ULTA,0.03333333333333333,10.0,2012-06-29,4.054747823059643
2012-07-02,GOOGL,0.03333333333333333,10.0,2012-06-29,3.9759916049284443
2012-07-02,ORLY,0.03333333333333333,10.0,2012-06-29,3.9675913028381693
2012-07-02,WFM,0.03333333333333333,10.0,2012-06-29,3.963666867422308
2012-07-02,TSCO,0.03333333333333333,10.0,2012-06-29,3.8274442101412176
2012-07-02,QCOM,0.03333333333333333,10.0,2012-06-29,3.7967669303807976
2012-07-02,MNST,0.03333333333333333,10.0,2012-06-29,3.4842098721002457
2012-07-02,STX,0.03333333333333333,10.0,2012-06-29,3.3768344272194786
2012-07-02,FAST,0.03333333333333333,10.0,2012-06-29,3.3272547113751063
2012-07-02,PCAR,0.03333333333333333,10.0,2012-06-29,3.2413136733705827
2012-07-02,ROST,0.03333333333333333,10.0,2012-06-29,3.2125697822226638
2012-07-02,ISRG,0.03333333333333333,10.0,2012-06-29,3.1448238257664007
2012-07-02,AAPL,0.03333333333333333,10.0,2012-06-29,3.105466282522703
2012-07-02,CMCSA,0.03333333333333333,10.0,2012-06-29,2.470274271213905
2012-07-02,FFIV,0.03333333333333333,10.0,2012-06-29,2.466233616569899
2012-07-02,CTRX,0.03333333333333333,10.0,2012-06-29,2.449410244797076
2012-07-02,COST,0.03333333333333333,10.0,2012-06-29,2.3479663406760714
2012-07-02,CTSH,0.03333333333333333,10.0,2012-06-29,2.190057604439684
2012-07-02,GEN,0.03333333333333333,10.0,2012-06-29,2.1841116706909647
2012-07-02,CELG,0.03333333333333333,10.0,2012-06-29,1.948233992171367
2012-07-02,WDC,0.03333333333333333,10.0,2012-06-29,1.775999720409242
2012-07-02,CHRW,0.03333333333333333,10.0,2012-06-29,1.6763839525144362
2012-07-02,DLTR,0.03333333333333333,10.0,2012-06-29,1.435711341251211
2012-07-02,VRTX,0.03333333333333333,10.0,2012-06-29,1.418995562266872
2012-07-02,ALXN,0.03333333333333333,10.0,2012-06-29,1.3591398527532623
2012-07-02,ADP,0.03333333333333333,10.0,2012-06-29,1.2398407485115543
2012-08-01,AGNC,0.03333333333333333,10.0,2012-07-31,9.067435922761547
2012-08-01,FAST,0.03333333333333333,10.0,2012-07-31,7.3918397350304
2012-08-01,CERN,0.03333333333333333,10.0,2012-07-31,5.757980220607421
2012-08-01,LULU,0.03333333333333333,10.0,2012-07-31,4.885336462459921
2012-08-01,ISRG,0.03333333333333333,10.0,2012-07-31,4.403136864109891
2012-08-01,REGN,0.03333333333333333,10.0,2012-07-31,4.232980474915397
2012-08-01,ULTA,0.03333333333333333,10.0,2012-07-31,4.054747823059643
2012-08-01,ORLY,0.03333333333333333,10.0,2012-07-31,3.9675913028381693
2012-08-01,WFM,0.03333333333333333,10.0,2012-07-31,3.963666867422308
2012-08-01,TSCO,0.03333333333333333,10.0,2012-07-31,3.8274442101412176
2012-08-01,MNST,0.03333333333333333,10.0,2012-07-31,3.4842098721002457
2012-08-01,PCAR,0.03333333333333333,10.0,2012-07-31,3.2413136733705827
2012-08-01,ROST,0.03333333333333333,10.0,2012-07-31,3.2125697822226638
2012-08-01,CMCSA,0.03333333333333333,10.0,2012-07-31,2.470274271213905
2012-08-01,FFIV,0.03333333333333333,10.0,2012-07-31,2.466233616569899
2012-08-01,CTRX,0.03333333333333333,10.0,2012-07-31,2.449410244797076
2012-08-01,COST,0.03333333333333333,10.0,2012-07-31,2.3479663406760714
2012-08-01,CTSH,0.03333333333333333,10.0,2012-07-31,2.190057604439684
2012-08-01,CELG,0.03333333333333333,10.0,2012-07-31,1.948233992171367
2012-08-01,WDC,0.03333333333333333,10.0,2012-07-31,1.775999720409242
2012-08-01,CHRW,0.03333333333333333,10.0,2012-07-31,1.6763839525144362
2012-08-01,DLTR,0.03333333333333333,10.0,2012-07-31,1.435711341251211
2012-08-01,VRTX,0.03333333333333333,10.0,2012-07-31,1.418995562266872
2012-08-01,BIIB,0.03333333333333333,10.0,2012-07-31,1.3881297984949879
2012-08-01,ADP,0.03333333333333333,10.0,2012-07-31,1.2398407485115543
2012-08-01,RGLD,0.03333333333333333,10.0,2012-07-31,0.9714275453921088
2012-08-01,SBUX,0.03333333333333333,10.0,2012-07-31,0.9307135848558115
2012-08-01,INTU,0.03333333333333333,10.0,2012-07-31,0.8863761414786154
2012-08-01,AAPL,0.03333333333333333,10.0,2012-07-31,0.799273859611209
2012-08-01,BKNG,0.03333333333333333,10.0,2012-07-31,0.7883210745262796
2012-09-04,SIRI,0.03333333333333333,10.0,2012-08-31,37.545363049960216
2012-09-04,FAST,0.03333333333333333,10.0,2012-08-31,7.3918397350304
2012-09-04,CERN,0.03333333333333333,10.0,2012-08-31,5.757980220607421
2012-09-04,LULU,0.03333333333333333,10.0,2012-08-31,4.885336462459921
2012-09-04,ISRG,0.03333333333333333,10.0,2012-08-31,4.403136864109891
2012-09-04,WFM,0.03333333333333333,10.0,2012-08-31,4.300207096651987
2012-09-04,MNST,0.03333333333333333,10.0,2012-08-31,4.289822332016156
2012-09-04,REGN,0.03333333333333333,10.0,2012-08-31,4.232980474915397
2012-09-04,ULTA,0.03333333333333333,10.0,2012-08-31,4.054747823059643
2012-09-04,ROST,0.03333333333333333,10.0,2012-08-31,3.2125697822226638
2012-09-04,WDC,0.03333333333333333,10.0,2012-08-31,3.1557388795369397
2012-09-04,DLTR,0.03333333333333333,10.0,2012-08-31,2.9493532244262477
2012-09-04,CTSH,0.03333333333333333,10.0,2012-08-31,2.691665283625725
2012-09-04,TSCO,0.03333333333333333,10.0,2012-08-31,2.5701085369118797
2012-09-04,CMCSA,0.03333333333333333,10.0,2012-08-31,2.3746430478133407
2012-09-04,COST,0.03333333333333333,10.0,2012-08-31,2.3479663406760714
2012-09-04,NUAN,0.03333333333333333,10.0,2012-08-31,2.255099557536173
2012-09-04,PRGO,0.03333333333333333,10.0,2012-08-31,2.1905163329300423
2012-09-04,PCAR,0.03333333333333333,10.0,2012-08-31,2.0152855382424826
2012-09-04,CTRX,0.03333333333333333,10.0,2012-08-31,1.9722060144136038
2012-09-04,FFIV,0.03333333333333333,10.0,2012-08-31,1.7908625776569085
2012-09-04,STX,0.03333333333333333,10.0,2012-08-31,1.7012574894253372
2012-09-04,SBUX,0.03333333333333333,10.0,2012-08-31,1.6734440164755937
2012-09-04,BIIB,0.03333333333333333,10.0,2012-08-31,1.3881297984949879
2012-09-04,CELG,0.03333333333333333,10.0,2012-08-31,1.1008821308390548
2012-09-04,BKNG,0.03333333333333333,10.0,2012-08-31,0.991537195793763
2012-09-04,ORLY,0.03333333333333333,10.0,2012-08-31,0.9450461891225961
2012-09-04,CHRW,0.03333333333333333,10.0,2012-08-31,0.9200331177755947
2012-09-04,AAPL,0.03333333333333333,10.0,2012-08-31,0.799273859611209
2012-09-04,SLM,0.03333333333333333,10.0,2012-08-31,0.7915307587337
2012-10-01,SIRI,0.03333333333333333,10.0,2012-09-28,37.545363049960216
2012-10-01,LULU,0.03333333333333333,10.0,2012-09-28,7.4885968315309945
2012-10-01,FAST,0.03333333333333333,10.0,2012-09-28,7.3918397350304
2012-10-01,CERN,0.03333333333333333,10.0,2012-09-28,5.757980220607421
2012-10-01,ROST,0.03333333333333333,10.0,2012-09-28,4.940117197557796
2012-10-01,ULTA,0.03333333333333333,10.0,2012-09-28,4.448885950176575
2012-10-01,ISRG,0.03333333333333333,10.0,2012-09-28,4.403136864109891
2012-10-01,WFM,0.03333333333333333,10.0,2012-09-28,4.300207096651987
2012-10-01,MNST,0.03333333333333333,10.0,2012-09-28,4.289822332016156
2012-10-01,REGN,0.03333333333333333,10.0,2012-09-28,4.232980474915397
2012-10-01,WDC,0.03333333333333333,10.0,2012-09-28,3.1557388795369397
2012-10-01,DLTR,0.03333333333333333,10.0,2012-09-28,2.9493532244262477
2012-10-01,JBHT,0.03333333333333333,10.0,2012-09-28,2.6927129505026905
2012-10-01,CTSH,0.03333333333333333,10.0,2012-09-28,2.691665283625725
2012-10-01,TSCO,0.03333333333333333,10.0,2012-09-28,2.5701085369118797
2012-10-01,CMCSA,0.03333333333333333,10.0,2012-09-28,2.3746430478133407
2012-10-01,NUAN,0.03333333333333333,10.0,2012-09-28,2.255099557536173
2012-10-01,PCAR,0.03333333333333333,10.0,2012-09-28,2.0152855382424826
2012-10-01,CTRX,0.03333333333333333,10.0,2012-09-28,1.9722060144136038
2012-10-01,FFIV,0.03333333333333333,10.0,2012-09-28,1.7908625776569085
2012-10-01,STX,0.03333333333333333,10.0,2012-09-28,1.7012574894253372
2012-10-01,SBUX,0.03333333333333333,10.0,2012-09-28,1.6734440164755937
2012-10-01,BIIB,0.03333333333333333,10.0,2012-09-28,1.3881297984949879
2012-10-01,INTU,0.03333333333333333,10.0,2012-09-28,1.3192466030374377
2012-10-01,CSCO,0.03333333333333333,10.0,2012-09-28,1.2607642317096097
2012-10-01,CELG,0.03333333333333333,10.0,2012-09-28,1.1008821308390548
2012-10-01,BKNG,0.03333333333333333,10.0,2012-09-28,0.991537195793763
2012-10-01,ORLY,0.03333333333333333,10.0,2012-09-28,0.9450461891225961
2012-10-01,CHRW,0.03333333333333333,10.0,2012-09-28,0.9200331177755947
2012-10-01,AAPL,0.03333333333333333,10.0,2012-09-28,0.799273859611209
2012-11-01,SIRI,0.03333333333333333,10.0,2012-10-31,37.545363049960216
2012-11-01,CMCSA,0.03333333333333333,10.0,2012-10-31,8.584973817064936
2012-11-01,LULU,0.03333333333333333,10.0,2012-10-31,7.4885968315309945
2012-11-01,ISRG,0.03333333333333333,10.0,2012-10-31,7.054846858596335
2012-11-01,COST,0.03333333333333333,10.0,2012-10-31,6.9543324389100905
2012-11-01,ROST,0.03333333333333333,10.0,2012-10-31,4.940117197557796
2012-11-01,ULTA,0.03333333333333333,10.0,2012-10-31,4.448885950176575
2012-11-01,FAST,0.03333333333333333,10.0,2012-10-31,4.386819578638176
2012-11-01,WFM,0.03333333333333333,10.0,2012-10-31,4.300207096651987
2012-11-01,MNST,0.03333333333333333,10.0,2012-10-31,4.289822332016156
2012-11-01,REGN,0.03333333333333333,10.0,2012-10-31,4.062051023230214
2012-11-01,CERN,0.03333333333333333,10.0,2012-10-31,3.841785995956063
2012-11-01,WDC,0.03333333333333333,10.0,2012-10-31,3.1557388795369397
2012-11-01,TROW,0.03333333333333333,10.0,2012-10-31,3.042790702369369
2012-11-01,DLTR,0.03333333333333333,10.0,2012-10-31,2.9493532244262477
2012-11-01,MAT,0.03333333333333333,10.0,2012-10-31,2.730630405819769
2012-11-01,CTSH,0.03333333333333333,10.0,2012-10-31,2.691665283625725
2012-11-01,TSCO,0.03333333333333333,10.0,2012-10-31,2.5701085369118797
2012-11-01,NUAN,0.03333333333333333,10.0,2012-10-31,2.255099557536173
2012-11-01,ALXN,0.03333333333333333,10.0,2012-10-31,2.118224725264564
2012-11-01,PCAR,0.03333333333333333,10.0,2012-10-31,2.0152855382424826
2012-11-01,CTRX,0.03333333333333333,10.0,2012-10-31,1.9722060144136038
2012-11-01,JBHT,0.03333333333333333,10.0,2012-10-31,1.87728170040196
2012-11-01,FFIV,0.03333333333333333,10.0,2012-10-31,1.7908625776569085
2012-11-01,SBUX,0.03333333333333333,10.0,2012-10-31,1.6734440164755937
2012-11-01,INTU,0.03333333333333333,10.0,2012-10-31,1.3192466030374377
2012-11-01,CSCO,0.03333333333333333,10.0,2012-10-31,1.2607642317096097
2012-11-01,BKNG,0.03333333333333333,10.0,2012-10-31,0.991537195793763
2012-11-01,MYL,0.03333333333333333,10.0,2012-10-31,0.962110053230987
2012-11-01,ORLY,0.03333333333333333,10.0,2012-10-31,0.9450461891225961
2012-12-03,YHOO,0.03333333333333333,10.0,2012-11-30,25.957466333520628
2012-12-03,CMCSA,0.03333333333333333,10.0,2012-11-30,8.584973817064936
2012-12-03,LULU,0.03333333333333333,10.0,2012-11-30,7.4885968315309945
2012-12-03,ISRG,0.03333333333333333,10.0,2012-11-30,7.054846858596335
2012-12-03,COST,0.03333333333333333,10.0,2012-11-30,6.9543324389100905
2012-12-03,DLTR,0.03333333333333333,10.0,2012-11-30,6.176303792879953
2012-12-03,WFM,0.03333333333333333,10.0,2012-11-30,5.6601370045673445
2012-12-03,ROST,0.03333333333333333,10.0,2012-11-30,4.940117197557796
2012-12-03,FAST,0.03333333333333333,10.0,2012-11-30,4.386819578638176
2012-12-03,REGN,0.03333333333333333,10.0,2012-11-30,4.062051023230214
2012-12-03,CERN,0.03333333333333333,10.0,2012-11-30,3.841785995956063
2012-12-03,CTSH,0.03333333333333333,10.0,2012-11-30,3.204329053788863
2012-12-03,TROW,0.03333333333333333,10.0,2012-11-30,3.042790702369369
2012-12-03,MAT,0.03333333333333333,10.0,2012-11-30,2.730630405819769
2012-12-03,AMGN,0.03333333333333333,10.0,2012-11-30,2.2771123340506048
2012-12-03,ALXN,0.03333333333333333,10.0,2012-11-30,2.118224725264564
2012-12-03,JBHT,0.03333333333333333,10.0,2012-11-30,1.87728170040196
2012-12-03,BKNG,0.03333333333333333,10.0,2012-11-30,1.3153997932292294
2012-12-03,WDC,0.03333333333333333,10.0,2012-11-30,0.9681095458736312
2012-12-03,MYL,0.03333333333333333,10.0,2012-11-30,0.962110053230987
2012-12-03,INTU,0.03333333333333333,10.0,2012-11-30,0.9334716356728838
2012-12-03,AKAM,0.03333333333333333,10.0,2012-11-30,0.8464488408517552
2012-12-03,ORLY,0.03333333333333333,10.0,2012-11-30,0.8184152437507025
2012-12-03,AAPL,0.03333333333333333,10.0,2012-11-30,0.8152903098235168
2012-12-03,STX,0.03333333333333333,10.0,2012-11-30,0.7747647432013994
2012-12-03,BIIB,0.03333333333333333,10.0,2012-11-30,0.7628360120085594
2012-12-03,CRUS,0.03333333333333333,10.0,2012-11-30,0.757578881756362
2012-12-03,PAYX,0.03333333333333333,10.0,2012-11-30,0.7264574207901676
2012-12-03,ESRX,0.03333333333333333,10.0,2012-11-30,0.7217453050395783
2012-12-03,ILMN,0.03333333333333333,10.0,2012-11-30,0.6969170704254899
2013-01-02,YHOO,0.03333333333333333,10.0,2012-12-31,25.957466333520628
2013-01-02,CMCSA,0.03333333333333333,10.0,2012-12-31,8.584973817064936
2013-01-02,ISRG,0.03333333333333333,10.0,2012-12-31,7.054846858596335
2013-01-02,LULU,0.03333333333333333,10.0,2012-12-31,6.5170930962678435
2013-01-02,DLTR,0.03333333333333333,10.0,2012-12-31,6.176303792879953
2013-01-02,WFM,0.03333333333333333,10.0,2012-12-31,5.6601370045673445
2013-01-02,ULTA,0.03333333333333333,10.0,2012-12-31,5.00917303609368
2013-01-02,FAST,0.03333333333333333,10.0,2012-12-31,4.386819578638176
2013-01-02,REGN,0.03333333333333333,10.0,2012-12-31,4.062051023230214
2013-01-02,CERN,0.03333333333333333,10.0,2012-12-31,3.841785995956063
2013-01-02,CTSH,0.03333333333333333,10.0,2012-12-31,3.204329053788863
2013-01-02,TROW,0.03333333333333333,10.0,2012-12-31,3.042790702369369
2013-01-02,MAT,0.03333333333333333,10.0,2012-12-31,2.730630405819769
2013-01-02,COST,0.03333333333333333,10.0,2012-12-31,2.6007761720778104
2013-01-02,AMGN,0.03333333333333333,10.0,2012-12-31,2.2771123340506048
2013-01-02,ALXN,0.03333333333333333,10.0,2012-12-31,2.118224725264564
2013-01-02,ROST,0.03333333333333333,10.0,2012-12-31,2.0668554590954877
2013-01-02,ORCL,0.03333333333333333,10.0,2012-12-31,1.3681539289062148
2013-01-02,BKNG,0.03333333333333333,10.0,2012-12-31,1.3153997932292294
2013-01-02,TSCO,0.03333333333333333,10.0,2012-12-31,1.308509171872007
2013-01-02,PAYX,0.03333333333333333,10.0,2012-12-31,1.2465409418284736
2013-01-02,WDC,0.03333333333333333,10.0,2012-12-31,0.9681095458736312
2013-01-02,MYL,0.03333333333333333,10.0,2012-12-31,0.962110053230987
2013-01-02,INTU,0.03333333333333333,10.0,2012-12-31,0.9334716356728838
2013-01-02,AKAM,0.03333333333333333,10.0,2012-12-31,0.8464488408517552
2013-01-02,ORLY,0.03333333333333333,10.0,2012-12-31,0.8184152437507025
2013-01-02,AAPL,0.03333333333333333,10.0,2012-12-31,0.8152903098235168
2013-01-02,STX,0.03333333333333333,10.0,2012-12-31,0.7747647432013994
2013-01-02,BIIB,0.03333333333333333,10.0,2012-12-31,0.7628360120085594
2013-01-02,CRUS,0.03333333333333333,10.0,2012-12-31,0.757578881756362
2013-02-01,YHOO,0.03333333333333333,10.0,2013-01-31,25.957466333520628
2013-02-01,CMCSA,0.03333333333333333,10.0,2013-01-31,8.584973817064936
2013-02-01,LULU,0.03333333333333333,10.0,2013-01-31,6.5170930962678435
2013-02-01,DLTR,0.03333333333333333,10.0,2013-01-31,6.176303792879953
2013-02-01,WFM,0.03333333333333333,10.0,2013-01-31,5.6601370045673445
2013-02-01,ULTA,0.03333333333333333,10.0,2013-01-31,5.00917303609368
2013-02-01,CERN,0.03333333333333333,10.0,2013-01-31,3.841785995956063
2013-02-01,CTSH,0.03333333333333333,10.0,2013-01-31,3.204329053788863
2013-02-01,COST,0.03333333333333333,10.0,2013-01-31,2.6007761720778104
2013-02-01,AMGN,0.03333333333333333,10.0,2013-01-31,2.2771123340506048
2013-02-01,ALXN,0.03333333333333333,10.0,2013-01-31,2.118224725264564
2013-02-01,ROST,0.03333333333333333,10.0,2013-01-31,2.0668554590954877
2013-02-01,SBUX,0.03333333333333333,10.0,2013-01-31,1.5951606681219723
2013-02-01,CRUS,0.03333333333333333,10.0,2013-01-31,1.4781372320667028
2013-02-01,QCOM,0.03333333333333333,10.0,2013-01-31,1.4180043696668188
2013-02-01,ORCL,0.03333333333333333,10.0,2013-01-31,1.3681539289062148
2013-02-01,BKNG,0.03333333333333333,10.0,2013-01-31,1.3153997932292294
2013-02-01,TSCO,0.03333333333333333,10.0,2013-01-31,1.308509171872007
2013-02-01,PAYX,0.03333333333333333,10.0,2013-01-31,1.2465409418284736
2013-02-01,WDC,0.03333333333333333,10.0,2013-01-31,0.9681095458736312
2013-02-01,INTU,0.03333333333333333,10.0,2013-01-31,0.9334716356728838
2013-02-01,AKAM,0.03333333333333333,10.0,2013-01-31,0.8464488408517552
2013-02-01,ORLY,0.03333333333333333,10.0,2013-01-31,0.8184152437507025
2013-02-01,ESRX,0.03333333333333333,10.0,2013-01-31,0.7217453050395783
2013-02-01,ILMN,0.03333333333333333,10.0,2013-01-31,0.6969170704254899
2013-02-01,CELG,0.03333333333333333,10.0,2013-01-31,0.6772891257709439
2013-02-01,CSCO,0.03333333333333333,10.0,2013-01-31,0.617521325464949
2013-02-01,MNST,0.03333333333333333,10.0,2013-01-31,0.5795705071901655
2013-02-01,SWKS,0.03333333333333333,10.0,2013-01-31,0.5665312084527995
2013-02-01,EQIX,0.03333333333333333,10.0,2013-01-31,0.5592790505921396
2013-03-01,LULU,0.03333333333333333,10.0,2013-02-28,6.5170930962678435
2013-03-01,ULTA,0.03333333333333333,10.0,2013-02-28,5.00917303609368
2013-03-01,REGN,0.03333333333333333,10.0,2013-02-28,4.879072111766562
2013-03-01,FOSL,0.03333333333333333,10.0,2013-02-28,4.584070579220516
2013-03-01,CERN,0.03333333333333333,10.0,2013-02-28,4.4834899539567745
2013-03-01,WFM,0.03333333333333333,10.0,2013-02-28,3.8116538058777887
2013-03-01,CTSH,0.03333333333333333,10.0,2013-02-28,2.9782307067342497
2013-03-01,FAST,0.03333333333333333,10.0,2013-02-28,2.9343696466609193
2013-03-01,COST,0.03333333333333333,10.0,2013-02-28,2.6007761720778104
2013-03-01,ALXN,0.03333333333333333,10.0,2013-02-28,2.5435684558609513
2013-03-01,ESRX,0.03333333333333333,10.0,2013-02-28,2.432309171125763
2013-03-01,EQIX,0.03333333333333333,10.0,2013-02-28,2.396642311192045
2013-03-01,FSLR,0.03333333333333333,10.0,2013-02-28,2.2239857354170267
2013-03-01,ROST,0.03333333333333333,10.0,2013-02-28,2.0668554590954877
2013-03-01,AGNC,0.03333333333333333,10.0,2013-02-28,2.0393661913266445
2013-03-01,ISRG,0.03333333333333333,10.0,2013-02-28,1.9159073371643274
2013-03-01,CSCO,0.03333333333333333,10.0,2013-02-28,1.8520255417334566
2013-03-01,TROW,0.03333333333333333,10.0,2013-02-28,1.7897651845229507
2013-03-01,ATVI,0.03333333333333333,10.0,2013-02-28,1.6943782082419765
2013-03-01,SBUX,0.03333333333333333,10.0,2013-02-28,1.5951606681219723
2013-03-01,CRUS,0.03333333333333333,10.0,2013-02-28,1.4781372320667028
2013-03-01,QCOM,0.03333333333333333,10.0,2013-02-28,1.4180043696668188
2013-03-01,ORCL,0.03333333333333333,10.0,2013-02-28,1.3681539289062148
2013-03-01,NTRS,0.03333333333333333,10.0,2013-02-28,1.3311966438849547
2013-03-01,PAYX,0.03333333333333333,10.0,2013-02-28,1.2465409418284736
2013-03-01,EA,0.03333333333333333,10.0,2013-02-28,0.9943013174018458
2013-03-01,BKNG,0.03333333333333333,10.0,2013-02-28,0.9912509794780798
2013-03-01,GILD,0.03333333333333333,10.0,2013-02-28,0.984319855878849
2013-03-01,INTU,0.03333333333333333,10.0,2013-02-28,0.9334716356728838
2013-03-01,NTAP,0.03333333333333333,10.0,2013-02-28,0.7695746801564076
2013-04-01,CHRW,0.03333333333333333,10.0,2013-03-28,29.482031519665036
2013-04-01,LULU,0.03333333333333333,10.0,2013-03-28,12.177049870186918
2013-04-01,REGN,0.03333333333333333,10.0,2013-03-28,4.879072111766562
2013-04-01,FOSL,0.03333333333333333,10.0,2013-03-28,4.584070579220516
2013-04-01,CERN,0.03333333333333333,10.0,2013-03-28,4.4834899539567745
2013-04-01,COST,0.03333333333333333,10.0,2013-03-28,3.8164905345094198
2013-04-01,WFM,0.03333333333333333,10.0,2013-03-28,3.8116538058777887
2013-04-01,CTRX,0.03333333333333333,10.0,2013-03-28,3.162194270741383
2013-04-01,DLTR,0.03333333333333333,10.0,2013-03-28,3.1439520359841833
2013-04-01,CTSH,0.03333333333333333,10.0,2013-03-28,2.9782307067342497
2013-04-01,FAST,0.03333333333333333,10.0,2013-03-28,2.9343696466609193
2013-04-01,ALXN,0.03333333333333333,10.0,2013-03-28,2.5435684558609513
2013-04-01,ESRX,0.03333333333333333,10.0,2013-03-28,2.432309171125763
2013-04-01,EQIX,0.03333333333333333,10.0,2013-03-28,2.396642311192045
2013-04-01,FSLR,0.03333333333333333,10.0,2013-03-28,2.2239857354170267
2013-04-01,AGNC,0.03333333333333333,10.0,2013-03-28,2.0393661913266445
2013-04-01,ISRG,0.03333333333333333,10.0,2013-03-28,1.9159073371643274
2013-04-01,CSCO,0.03333333333333333,10.0,2013-03-28,1.8520255417334566
2013-04-01,TROW,0.03333333333333333,10.0,2013-03-28,1.7897651845229507
2013-04-01,ATVI,0.03333333333333333,10.0,2013-03-28,1.6943782082419765
2013-04-01,SBUX,0.03333333333333333,10.0,2013-03-28,1.5951606681219723
2013-04-01,PAYX,0.03333333333333333,10.0,2013-03-28,1.510648565011064
2013-04-01,CRUS,0.03333333333333333,10.0,2013-03-28,1.4781372320667028
2013-04-01,QCOM,0.03333333333333333,10.0,2013-03-28,1.4180043696668188
2013-04-01,AKAM,0.03333333333333333,10.0,2013-03-28,1.1750233234046183
2013-04-01,EA,0.03333333333333333,10.0,2013-03-28,0.9943013174018458
2013-04-01,BKNG,0.03333333333333333,10.0,2013-03-28,0.9912509794780798
2013-04-01,GILD,0.03333333333333333,10.0,2013-03-28,0.984319855878849
2013-04-01,NTAP,0.03333333333333333,10.0,2013-03-28,0.7695746801564076
2013-04-01,ADP,0.03333333333333333,10.0,2013-03-28,0.7441593553447389
2013-05-01,CHRW,0.03333333333333333,10.0,2013-04-30,29.482031519665036
2013-05-01,LULU,0.03333333333333333,10.0,2013-04-30,12.177049870186918
2013-05-01,ULTA,0.03333333333333333,10.0,2013-04-30,8.739209533689293
2013-05-01,ROST,0.03333333333333333,10.0,2013-04-30,5.825742057552036
2013-05-01,CERN,0.03333333333333333,10.0,2013-04-30,5.639320493422366
2013-05-01,REGN,0.03333333333333333,10.0,2013-04-30,4.879072111766562
2013-05-01,FOSL,0.03333333333333333,10.0,2013-04-30,4.584070579220516
2013-05-01,COST,0.03333333333333333,10.0,2013-04-30,3.8164905345094198
2013-05-01,WFM,0.03333333333333333,10.0,2013-04-30,3.8116538058777887
2013-05-01,ISRG,0.03333333333333333,10.0,2013-04-30,3.544372620747731
2013-05-01,SBUX,0.03333333333333333,10.0,2013-04-30,3.3607830529340825
2013-05-01,CTRX,0.03333333333333333,10.0,2013-04-30,3.162194270741383
2013-05-01,DLTR,0.03333333333333333,10.0,2013-04-30,3.1439520359841833
2013-05-01,CTSH,0.03333333333333333,10.0,2013-04-30,2.9782307067342497
2013-05-01,ALXN,0.03333333333333333,10.0,2013-04-30,2.915872495293521
2013-05-01,BIIB,0.03333333333333333,10.0,2013-04-30,2.8156005769577988
2013-05-01,URBN,0.03333333333333333,10.0,2013-04-30,2.6408419555817155
2013-05-01,FSLR,0.03333333333333333,10.0,2013-04-30,2.2239857354170267
2013-05-01,AGNC,0.03333333333333333,10.0,2013-04-30,2.0393661913266445
2013-05-01,CSCO,0.03333333333333333,10.0,2013-04-30,1.8520255417334566
2013-05-01,TROW,0.03333333333333333,10.0,2013-04-30,1.7933043336584973
2013-05-01,FAST,0.03333333333333333,10.0,2013-04-30,1.7521093400440708
2013-05-01,ATVI,0.03333333333333333,10.0,2013-04-30,1.6943782082419765
2013-05-01,PAYX,0.03333333333333333,10.0,2013-04-30,1.510648565011064
2013-05-01,AKAM,0.03333333333333333,10.0,2013-04-30,1.1750233234046183
2013-05-01,EA,0.03333333333333333,10.0,2013-04-30,0.9943013174018458
2013-05-01,BKNG,0.03333333333333333,10.0,2013-04-30,0.9912509794780798
2013-05-01,GILD,0.03333333333333333,10.0,2013-04-30,0.984319855878849
2013-05-01,ESRX,0.03333333333333333,10.0,2013-04-30,0.9505673877653912
2013-05-01,GOOGL,0.03333333333333333,10.0,2013-04-30,0.900328174562698
2013-06-03,LULU,0.03333333333333333,10.0,2013-05-31,12.177049870186918
2013-06-03,ULTA,0.03333333333333333,10.0,2013-05-31,8.739209533689293
2013-06-03,TSLA,0.03333333333333333,10.0,2013-05-31,7.379820957577643
2013-06-03,ROST,0.03333333333333333,10.0,2013-05-31,5.825742057552036
2013-06-03,CERN,0.03333333333333333,10.0,2013-05-31,5.639320493422366
2013-06-03,AKAM,0.03333333333333333,10.0,2013-05-31,4.379095390188108
2013-06-03,WFM,0.03333333333333333,10.0,2013-05-31,4.207328530009908
2013-06-03,CTRX,0.03333333333333333,10.0,2013-05-31,4.188846391534677
2013-06-03,CTSH,0.03333333333333333,10.0,2013-05-31,3.9303439347130626
2013-06-03,COST,0.03333333333333333,10.0,2013-05-31,3.8164905345094198
2013-06-03,ISRG,0.03333333333333333,10.0,2013-05-31,3.544372620747731
2013-06-03,SBUX,0.03333333333333333,10.0,2013-05-31,3.3607830529340825
2013-06-03,ALXN,0.03333333333333333,10.0,2013-05-31,2.915872495293521
2013-06-03,BIIB,0.03333333333333333,10.0,2013-05-31,2.8156005769577988
2013-06-03,URBN,0.03333333333333333,10.0,2013-05-31,2.6408419555817155
2013-06-03,TRIP,0.03333333333333333,10.0,2013-05-31,2.539232470463277
2013-06-03,GILD,0.03333333333333333,10.0,2013-05-31,2.426283992967985
2013-06-03,SWKS,0.03333333333333333,10.0,2013-05-31,2.0844844393418214
2013-06-03,INTU,0.03333333333333333,10.0,2013-05-31,1.8196274597796227
2013-06-03,TROW,0.03333333333333333,10.0,2013-05-31,1.7933043336584973
2013-06-03,FAST,0.03333333333333333,10.0,2013-05-31,1.7521093400440708
2013-06-03,ADP,0.03333333333333333,10.0,2013-05-31,1.6512327256919226
2013-06-03,PAYX,0.03333333333333333,10.0,2013-05-31,1.510648565011064
2013-06-03,FSLR,0.03333333333333333,10.0,2013-05-31,1.402472467514065
2013-06-03,GMCR,0.03333333333333333,10.0,2013-05-31,1.293292458650773
2013-06-03,FOSL,0.03333333333333333,10.0,2013-05-31,1.2613438480228134
2013-06-03,DLTR,0.03333333333333333,10.0,2013-05-31,1.2471733592473513
2013-06-03,BKNG,0.03333333333333333,10.0,2013-05-31,0.9855125190576041
2013-06-03,CHTR,0.03333333333333333,10.0,2013-05-31,0.9713779757794264
2013-06-03,ESRX,0.03333333333333333,10.0,2013-05-31,0.9505673877653912
2013-07-01,TSLA,0.03333333333333333,10.0,2013-06-28,7.379820957577643
2013-07-01,AKAM,0.03333333333333333,10.0,2013-06-28,4.379095390188108
2013-07-01,WFM,0.03333333333333333,10.0,2013-06-28,4.207328530009908
2013-07-01,CTRX,0.03333333333333333,10.0,2013-06-28,4.188846391534677
2013-07-01,CTSH,0.03333333333333333,10.0,2013-06-28,3.9303439347130626
2013-07-01,ISRG,0.03333333333333333,10.0,2013-06-28,3.544372620747731
2013-07-01,SBUX,0.03333333333333333,10.0,2013-06-28,3.3607830529340825
2013-07-01,ALXN,0.03333333333333333,10.0,2013-06-28,2.915872495293521
2013-07-01,BIIB,0.03333333333333333,10.0,2013-06-28,2.8156005769577988
2013-07-01,ROST,0.03333333333333333,10.0,2013-06-28,2.7246253716576714
2013-07-01,TRIP,0.03333333333333333,10.0,2013-06-28,2.539232470463277
2013-07-01,GILD,0.03333333333333333,10.0,2013-06-28,2.426283992967985
2013-07-01,ULTA,0.03333333333333333,10.0,2013-06-28,2.3513725722243852
2013-07-01,SWKS,0.03333333333333333,10.0,2013-06-28,2.0844844393418214
2013-07-01,INTU,0.03333333333333333,10.0,2013-06-28,1.8196274597796227
2013-07-01,TROW,0.03333333333333333,10.0,2013-06-28,1.7933043336584973
2013-07-01,FAST,0.03333333333333333,10.0,2013-06-28,1.7521093400440708
2013-07-01,ADP,0.03333333333333333,10.0,2013-06-28,1.6512327256919226
2013-07-01,FSLR,0.03333333333333333,10.0,2013-06-28,1.402472467514065
2013-07-01,COST,0.03333333333333333,10.0,2013-06-28,1.3993436781787354
2013-07-01,ORCL,0.03333333333333333,10.0,2013-06-28,1.393975837806036
2013-07-01,GMCR,0.03333333333333333,10.0,2013-06-28,1.293292458650773
2013-07-01,FOSL,0.03333333333333333,10.0,2013-06-28,1.2613438480228134
2013-07-01,DLTR,0.03333333333333333,10.0,2013-06-28,1.2471733592473513
2013-07-01,MXIM,0.03333333333333333,10.0,2013-06-28,1.0231466923554111
2013-07-01,BKNG,0.03333333333333333,10.0,2013-06-28,0.9855125190576041
2013-07-01,CHTR,0.03333333333333333,10.0,2013-06-28,0.9713779757794264
2013-07-01,ESRX,0.03333333333333333,10.0,2013-06-28,0.9505673877653912
2013-07-01,GOOGL,0.03333333333333333,10.0,2013-06-28,0.900328174562698
2013-07-01,SLM,0.03333333333333333,10.0,2013-06-28,0.8929410920276413
2013-08-01,TSLA,0.03333333333333333,10.0,2013-07-31,7.379820957577643
2013-08-01,CERN,0.03333333333333333,10.0,2013-07-31,5.028353680703596
2013-08-01,ALXN,0.03333333333333333,10.0,2013-07-31,4.7646192696512495
2013-08-01,AKAM,0.03333333333333333,10.0,2013-07-31,4.379095390188108
2013-08-01,WFM,0.03333333333333333,10.0,2013-07-31,4.207328530009908
2013-08-01,CTRX,0.03333333333333333,10.0,2013-07-31,4.188846391534677
2013-08-01,CTSH,0.03333333333333333,10.0,2013-07-31,3.9303439347130626
2013-08-01,ESRX,0.03333333333333333,10.0,2013-07-31,3.268378553306156
2013-08-01,SBUX,0.03333333333333333,10.0,2013-07-31,3.200661875274695
2013-08-01,ROST,0.03333333333333333,10.0,2013-07-31,2.7246253716576714
2013-08-01,GILD,0.03333333333333333,10.0,2013-07-31,2.426283992967985
2013-08-01,ULTA,0.03333333333333333,10.0,2013-07-31,2.3513725722243852
2013-08-01,MSFT,0.03333333333333333,10.0,2013-07-31,2.242955646831413
2013-08-01,TRIP,0.03333333333333333,10.0,2013-07-31,2.111266181887645
2013-08-01,BIIB,0.03333333333333333,10.0,2013-07-31,2.0260782481664092
2013-08-01,INTU,0.03333333333333333,10.0,2013-07-31,1.8196274597796227
2013-08-01,ADP,0.03333333333333333,10.0,2013-07-31,1.6512327256919226
2013-08-01,TROW,0.03333333333333333,10.0,2013-07-31,1.6385372051499842
2013-08-01,XLNX,0.03333333333333333,10.0,2013-07-31,1.4959536954072845
2013-08-01,FAST,0.03333333333333333,10.0,2013-07-31,1.4677220984258412
2013-08-01,FSLR,0.03333333333333333,10.0,2013-07-31,1.402472467514065
2013-08-01,COST,0.03333333333333333,10.0,2013-07-31,1.3993436781787354
2013-08-01,MU,0.03333333333333333,10.0,2013-07-31,1.3244471002682527
2013-08-01,GMCR,0.03333333333333333,10.0,2013-07-31,1.293292458650773
2013-08-01,FOSL,0.03333333333333333,10.0,2013-07-31,1.2613438480228134
2013-08-01,DLTR,0.03333333333333333,10.0,2013-07-31,1.2471733592473513
2013-08-01,SWKS,0.03333333333333333,10.0,2013-07-31,1.1402321485463596
2013-08-01,CMCSA,0.03333333333333333,10.0,2013-07-31,1.0675688111585524
2013-08-01,CELG,0.03333333333333333,10.0,2013-07-31,1.026409510798286
2013-08-01,BKNG,0.03333333333333333,10.0,2013-07-31,0.9855125190576041
2013-09-03,CTSH,0.03333333333333333,10.0,2013-08-30,6.256857110233556
2013-09-03,AGNC,0.03333333333333333,10.0,2013-08-30,5.427476445316044
2013-09-03,CERN,0.03333333333333333,10.0,2013-08-30,5.028353680703596
2013-09-03,ALXN,0.03333333333333333,10.0,2013-08-30,4.7646192696512495
2013-09-03,WFM,0.03333333333333333,10.0,2013-08-30,4.471543742915062
2013-09-03,CTRX,0.03333333333333333,10.0,2013-08-30,4.156332616764986
2013-09-03,ESRX,0.03333333333333333,10.0,2013-08-30,3.268378553306156
2013-09-03,SBUX,0.03333333333333333,10.0,2013-08-30,3.200661875274695
2013-09-03,ROST,0.03333333333333333,10.0,2013-08-30,2.7246253716576714
2013-09-03,FITB,0.03333333333333333,10.0,2013-08-30,2.6481861956842474
2013-09-03,MSFT,0.03333333333333333,10.0,2013-08-30,2.242955646831413
2013-09-03,ORLY,0.03333333333333333,10.0,2013-08-30,2.203420239427699
2013-09-03,TRIP,0.03333333333333333,10.0,2013-08-30,2.111266181887645
2013-09-03,BIIB,0.03333333333333333,10.0,2013-08-30,2.0260782481664092
2013-09-03,AKAM,0.03333333333333333,10.0,2013-08-30,1.6508497415964425
2013-09-03,TROW,0.03333333333333333,10.0,2013-08-30,1.6385372051499842
2013-09-03,TSLA,0.03333333333333333,10.0,2013-08-30,1.5405496443836935
2013-09-03,XLNX,0.03333333333333333,10.0,2013-08-30,1.4959536954072845
2013-09-03,FAST,0.03333333333333333,10.0,2013-08-30,1.4677220984258412
2013-09-03,GMCR,0.03333333333333333,10.0,2013-08-30,1.4139079013697264
2013-09-03,COST,0.03333333333333333,10.0,2013-08-30,1.3993436781787354
2013-09-03,BKNG,0.03333333333333333,10.0,2013-08-30,1.371927701369302
2013-09-03,MU,0.03333333333333333,10.0,2013-08-30,1.3244471002682527
2013-09-03,SWKS,0.03333333333333333,10.0,2013-08-30,1.1402321485463596
2013-09-03,FOSL,0.03333333333333333,10.0,2013-08-30,1.1323839547685584
2013-09-03,LRCX,0.03333333333333333,10.0,2013-08-30,1.0819639388758144
2013-09-03,CMCSA,0.03333333333333333,10.0,2013-08-30,1.0675688111585524
2013-09-03,CELG,0.03333333333333333,10.0,2013-08-30,1.026409510798286
2013-09-03,MYL,0.03333333333333333,10.0,2013-08-30,0.9493200319945481
2013-09-03,SLM,0.03333333333333333,10.0,2013-08-30,0.9492860990709265
2013-10-01,CTSH,0.03333333333333333,10.0,2013-09-30,6.256857110233556
2013-10-01,AGNC,0.03333333333333333,10.0,2013-09-30,5.427476445316044
2013-10-01,ALXN,0.03333333333333333,10.0,2013-09-30,4.7646192696512495
2013-10-01,WFM,0.03333333333333333,10.0,2013-09-30,4.471543742915062
2013-10-01,ESRX,0.03333333333333333,10.0,2013-09-30,3.268378553306156
2013-10-01,ROST,0.03333333333333333,10.0,2013-09-30,3.2495993256127
2013-10-01,SBUX,0.03333333333333333,10.0,2013-09-30,3.200661875274695
2013-10-01,ULTA,0.03333333333333333,10.0,2013-09-30,2.8629799772840685
2013-10-01,FITB,0.03333333333333333,10.0,2013-09-30,2.6481861956842474
2013-10-01,MSFT,0.03333333333333333,10.0,2013-09-30,2.242955646831413
2013-10-01,ORLY,0.03333333333333333,10.0,2013-09-30,2.203420239427699
2013-10-01,TRIP,0.03333333333333333,10.0,2013-09-30,2.111266181887645
2013-10-01,BIIB,0.03333333333333333,10.0,2013-09-30,2.0260782481664092
2013-10-01,PAYX,0.03333333333333333,10.0,2013-09-30,1.9687352751256264
2013-10-01,KRFT,0.03333333333333333,10.0,2013-09-30,1.9247674978723437
2013-10-01,AKAM,0.03333333333333333,10.0,2013-09-30,1.6508497415964425
2013-10-01,TROW,0.03333333333333333,10.0,2013-09-30,1.6385372051499842
2013-10-01,TSLA,0.03333333333333333,10.0,2013-09-30,1.5405496443836935
2013-10-01,XLNX,0.03333333333333333,10.0,2013-09-30,1.4959536954072845
2013-10-01,FAST,0.03333333333333333,10.0,2013-09-30,1.4677220984258412
2013-10-01,GMCR,0.03333333333333333,10.0,2013-09-30,1.4139079013697264
2013-10-01,BKNG,0.03333333333333333,10.0,2013-09-30,1.371927701369302
2013-10-01,MU,0.03333333333333333,10.0,2013-09-30,1.3244471002682527
2013-10-01,SWKS,0.03333333333333333,10.0,2013-09-30,1.1402321485463596
2013-10-01,FOSL,0.03333333333333333,10.0,2013-09-30,1.1323839547685584
2013-10-01,LRCX,0.03333333333333333,10.0,2013-09-30,1.0819639388758144
2013-10-01,CMCSA,0.03333333333333333,10.0,2013-09-30,1.0675688111585524
2013-10-01,CELG,0.03333333333333333,10.0,2013-09-30,1.026409510798286
2013-10-01,MYL,0.03333333333333333,10.0,2013-09-30,0.9493200319945481
2013-10-01,GOOGL,0.03333333333333333,10.0,2013-09-30,0.9295307499193263
2013-11-01,MU,0.03333333333333333,10.0,2013-10-31,7.088529870314282
2013-11-01,CTSH,0.03333333333333333,10.0,2013-10-31,6.256857110233556
2013-11-01,AGNC,0.03333333333333333,10.0,2013-10-31,5.427476445316044
2013-11-01,CERN,0.03333333333333333,10.0,2013-10-31,4.938984692058804
2013-11-01,WFM,0.03333333333333333,10.0,2013-10-31,4.471543742915062
2013-11-01,CTRX,0.03333333333333333,10.0,2013-10-31,4.156332616764986
2013-11-01,ROST,0.03333333333333333,10.0,2013-10-31,3.2495993256127
2013-11-01,ULTA,0.03333333333333333,10.0,2013-10-31,2.8629799772840685
2013-11-01,FITB,0.03333333333333333,10.0,2013-10-31,2.6481861956842474
2013-11-01,ORLY,0.03333333333333333,10.0,2013-10-31,2.203420239427699
2013-11-01,AMZN,0.03333333333333333,10.0,2013-10-31,2.1240848577792595
2013-11-01,PAYX,0.03333333333333333,10.0,2013-10-31,1.9687352751256264
2013-11-01,BIIB,0.03333333333333333,10.0,2013-10-31,1.859246137751843
2013-11-01,WBA,0.03333333333333333,10.0,2013-10-31,1.8543481160655586
2013-11-01,FAST,0.03333333333333333,10.0,2013-10-31,1.722955743060427
2013-11-01,GOOGL,0.03333333333333333,10.0,2013-10-31,1.7177050813260775
2013-11-01,AKAM,0.03333333333333333,10.0,2013-10-31,1.6508497415964425
2013-11-01,TSLA,0.03333333333333333,10.0,2013-10-31,1.5405496443836935
2013-11-01,NTRS,0.03333333333333333,10.0,2013-10-31,1.4648679350843705
2013-11-01,GMCR,0.03333333333333333,10.0,2013-10-31,1.4139079013697264
2013-11-01,MAT,0.03333333333333333,10.0,2013-10-31,1.389768300415485
2013-11-01,BKNG,0.03333333333333333,10.0,2013-10-31,1.371927701369302
2013-11-01,FOSL,0.03333333333333333,10.0,2013-10-31,1.1323839547685584
2013-11-01,LRCX,0.03333333333333333,10.0,2013-10-31,1.0819639388758144
2013-11-01,TROW,0.03333333333333333,10.0,2013-10-31,0.9384734738729797
2013-11-01,TXN,0.03333333333333333,10.0,2013-10-31,0.7929718428556846
2013-11-01,GILD,0.03333333333333333,10.0,2013-10-31,0.7843805869349475
2013-11-01,XLNX,0.03333333333333333,10.0,2013-10-31,0.7426698483729854
2013-11-01,SBAC,0.03333333333333333,10.0,2013-10-31,0.68549396198094
2013-11-01,CSCO,0.03333333333333333,10.0,2013-10-31,0.6722247278253427
2013-12-02,MU,0.03333333333333333,10.0,2013-11-29,7.088529870314282
2013-12-02,CTSH,0.03333333333333333,10.0,2013-11-29,4.987906709594111
2013-12-02,SBAC,0.03333333333333333,10.0,2013-11-29,4.444298191045036
2013-12-02,CTRX,0.03333333333333333,10.0,2013-11-29,4.175614308561392
2013-12-02,BKNG,0.03333333333333333,10.0,2013-11-29,3.7938228429907066
2013-12-02,ROST,0.03333333333333333,10.0,2013-11-29,3.2495993256127
2013-12-02,AKAM,0.03333333333333333,10.0,2013-11-29,2.7680424618964627
2013-12-02,AMZN,0.03333333333333333,10.0,2013-11-29,2.1240848577792595
2013-12-02,ORLY,0.03333333333333333,10.0,2013-11-29,1.9839404138705439
2013-12-02,PAYX,0.03333333333333333,10.0,2013-11-29,1.9687352751256264
2013-12-02,BIIB,0.03333333333333333,10.0,2013-11-29,1.859246137751843
2013-12-02,WBA,0.03333333333333333,10.0,2013-11-29,1.8543481160655586
2013-12-02,FAST,0.03333333333333333,10.0,2013-11-29,1.722955743060427
2013-12-02,GOOGL,0.03333333333333333,10.0,2013-11-29,1.7177050813260775
2013-12-02,WFM,0.03333333333333333,10.0,2013-11-29,1.5233015787436992
2013-12-02,MDLZ,0.03333333333333333,10.0,2013-11-29,1.4748045418011224
2013-12-02,NTAP,0.03333333333333333,10.0,2013-11-29,1.445048889438984
2013-12-02,MAT,0.03333333333333333,10.0,2013-11-29,1.389768300415485
2013-12-02,TSLA,0.03333333333333333,10.0,2013-11-29,1.2448649977382233
2013-12-02,META,0.03333333333333333,10.0,2013-11-29,1.2206110835171957
2013-12-02,GMCR,0.03333333333333333,10.0,2013-11-29,1.1519623195904636
2013-12-02,FOSL,0.03333333333333333,10.0,2013-11-29,1.124383431410562
2013-12-02,LRCX,0.03333333333333333,10.0,2013-11-29,1.0316353971135508
2013-12-02,FFIV,0.03333333333333333,10.0,2013-11-29,0.9699996299284895
2013-12-02,TROW,0.03333333333333333,10.0,2013-11-29,0.9384734738729797
2013-12-02,WYNN,0.03333333333333333,10.0,2013-11-29,0.9331978287647477
2013-12-02,CHTR,0.03333333333333333,10.0,2013-11-29,0.8681738203921534
2013-12-02,ADP,0.03333333333333333,10.0,2013-11-29,0.8558429452778352
2013-12-02,EA,0.03333333333333333,10.0,2013-11-29,0.8250372449471866
2013-12-02,GILD,0.03333333333333333,10.0,2013-11-29,0.7843805869349475
2014-01-02,MU,0.03333333333333333,10.0,2013-12-31,7.088529870314282
2014-01-02,CTSH,0.03333333333333333,10.0,2013-12-31,4.987906709594111
2014-01-02,SBAC,0.03333333333333333,10.0,2013-12-31,4.444298191045036
2014-01-02,CTRX,0.03333333333333333,10.0,2013-12-31,4.175614308561392
2014-01-02,BKNG,0.03333333333333333,10.0,2013-12-31,3.7938228429907066
2014-01-02,MCHP,0.03333333333333333,10.0,2013-12-31,3.7581256187028567
2014-01-02,PAYX,0.03333333333333333,10.0,2013-12-31,3.5076769332928066
2014-01-02,AKAM,0.03333333333333333,10.0,2013-12-31,2.7680424618964627
2014-01-02,AMAT,0.03333333333333333,10.0,2013-12-31,2.2487509908708594
2014-01-02,AMZN,0.03333333333333333,10.0,2013-12-31,2.1240848577792595
2014-01-02,ORLY,0.03333333333333333,10.0,2013-12-31,1.9839404138705439
2014-01-02,BIIB,0.03333333333333333,10.0,2013-12-31,1.859246137751843
2014-01-02,FAST,0.03333333333333333,10.0,2013-12-31,1.722955743060427
2014-01-02,GOOGL,0.03333333333333333,10.0,2013-12-31,1.7177050813260775
2014-01-02,WFM,0.03333333333333333,10.0,2013-12-31,1.5233015787436992
2014-01-02,MDLZ,0.03333333333333333,10.0,2013-12-31,1.4748045418011224
2014-01-02,AVGO,0.03333333333333333,10.0,2013-12-31,1.4707821048680187
2014-01-02,NTAP,0.03333333333333333,10.0,2013-12-31,1.445048889438984
2014-01-02,MAT,0.03333333333333333,10.0,2013-12-31,1.389768300415485
2014-01-02,ADSK,0.03333333333333333,10.0,2013-12-31,1.3843195942090487
2014-01-02,ROST,0.03333333333333333,10.0,2013-12-31,1.3754008861801263
2014-01-02,WBA,0.03333333333333333,10.0,2013-12-31,1.323617572985878
2014-01-02,TSLA,0.03333333333333333,10.0,2013-12-31,1.2448649977382233
2014-01-02,META,0.03333333333333333,10.0,2013-12-31,1.2206110835171957
2014-01-02,GMCR,0.03333333333333333,10.0,2013-12-31,1.1519623195904636
2014-01-02,FOSL,0.03333333333333333,10.0,2013-12-31,1.124383431410562
2014-01-02,LRCX,0.03333333333333333,10.0,2013-12-31,1.0316353971135508
2014-01-02,FFIV,0.03333333333333333,10.0,2013-12-31,0.9699996299284895
2014-01-02,TROW,0.03333333333333333,10.0,2013-12-31,0.9384734738729797
2014-01-02,WYNN,0.03333333333333333,10.0,2013-12-31,0.9331978287647477
2014-02-03,CTSH,0.03333333333333333,10.0,2014-01-31,4.987906709594111
2014-02-03,SBAC,0.03333333333333333,10.0,2014-01-31,4.444298191045036
2014-02-03,CTRX,0.03333333333333333,10.0,2014-01-31,4.175614308561392
2014-02-03,BKNG,0.03333333333333333,10.0,2014-01-31,3.7938228429907066
2014-02-03,MCHP,0.03333333333333333,10.0,2014-01-31,3.7581256187028567
2014-02-03,PAYX,0.03333333333333333,10.0,2014-01-31,3.5076769332928066
2014-02-03,XLNX,0.03333333333333333,10.0,2014-01-31,3.063023305265672
2014-02-03,AKAM,0.03333333333333333,10.0,2014-01-31,2.7680424618964627
2014-02-03,AMAT,0.03333333333333333,10.0,2014-01-31,2.2487509908708594
2014-02-03,ULTA,0.03333333333333333,10.0,2014-01-31,2.058920794459056
2014-02-03,ORLY,0.03333333333333333,10.0,2014-01-31,1.9839404138705439
2014-02-03,SWKS,0.03333333333333333,10.0,2014-01-31,1.8639916979412468
2014-02-03,WFM,0.03333333333333333,10.0,2014-01-31,1.5233015787436992
2014-02-03,MDLZ,0.03333333333333333,10.0,2014-01-31,1.4748045418011224
2014-02-03,AVGO,0.03333333333333333,10.0,2014-01-31,1.4707821048680187
2014-02-03,NTAP,0.03333333333333333,10.0,2014-01-31,1.445048889438984
2014-02-03,ADSK,0.03333333333333333,10.0,2014-01-31,1.3843195942090487
2014-02-03,ROST,0.03333333333333333,10.0,2014-01-31,1.3754008861801263
2014-02-03,WBA,0.03333333333333333,10.0,2014-01-31,1.323617572985878
2014-02-03,TSLA,0.03333333333333333,10.0,2014-01-31,1.2448649977382233
2014-02-03,GMCR,0.03333333333333333,10.0,2014-01-31,1.1519623195904636
2014-02-03,FOSL,0.03333333333333333,10.0,2014-01-31,1.124383431410562
2014-02-03,META,0.03333333333333333,10.0,2014-01-31,1.1008808752765753
2014-02-03,LRCX,0.03333333333333333,10.0,2014-01-31,1.0316353971135508
2014-02-03,FFIV,0.03333333333333333,10.0,2014-01-31,0.9699996299284895
2014-02-03,WYNN,0.03333333333333333,10.0,2014-01-31,0.9331978287647477
2014-02-03,CHTR,0.03333333333333333,10.0,2014-01-31,0.8681738203921534
2014-02-03,ADP,0.03333333333333333,10.0,2014-01-31,0.8558429452778352
2014-02-03,AMZN,0.03333333333333333,10.0,2014-01-31,0.831033819800165
2014-02-03,EA,0.03333333333333333,10.0,2014-01-31,0.8250372449471866
2014-03-03,CTSH,0.03333333333333333,10.0,2014-02-28,7.977754998006092
2014-03-03,KRFT,0.03333333333333333,10.0,2014-02-28,6.233629491621465
2014-03-03,VRSN,0.03333333333333333,10.0,2014-02-28,5.661955991625015
2014-03-03,CHTR,0.03333333333333333,10.0,2014-02-28,4.071118143729082
2014-03-03,PAYX,0.03333333333333333,10.0,2014-02-28,3.5076769332928066
2014-03-03,BIIB,0.03333333333333333,10.0,2014-02-28,3.4935094346445084
2014-03-03,XLNX,0.03333333333333333,10.0,2014-02-28,3.063023305265672
2014-03-03,EXPE,0.03333333333333333,10.0,2014-02-28,2.663533008786865
2014-03-03,GT,0.03333333333333333,10.0,2014-02-28,2.413427240775108
2014-03-03,TROW,0.03333333333333333,10.0,2014-02-28,2.2975317159519824
2014-03-03,ULTA,0.03333333333333333,10.0,2014-02-28,2.058920794459056
2014-03-03,WYNN,0.03333333333333333,10.0,2014-02-28,1.848591023705154
2014-03-03,CTXS,0.03333333333333333,10.0,2014-02-28,1.8069220778134105
2014-03-03,BKNG,0.03333333333333333,10.0,2014-02-28,1.584970415062777
2014-03-03,LRCX,0.03333333333333333,10.0,2014-02-28,1.5032159617723917
2014-03-03,ORLY,0.03333333333333333,10.0,2014-02-28,1.4777892858593162
2014-03-03,AVGO,0.03333333333333333,10.0,2014-02-28,1.4707821048680187
2014-03-03,WFM,0.03333333333333333,10.0,2014-02-28,1.4660357579573031
2014-03-03,MAT,0.03333333333333333,10.0,2014-02-28,1.4190864015478142
2014-03-03,ADSK,0.03333333333333333,10.0,2014-02-28,1.3843195942090487
2014-03-03,ROST,0.03333333333333333,10.0,2014-02-28,1.3754008861801263
2014-03-03,WBA,0.03333333333333333,10.0,2014-02-28,1.323617572985878
2014-03-03,TSLA,0.03333333333333333,10.0,2014-02-28,1.179926480160046
2014-03-03,META,0.03333333333333333,10.0,2014-02-28,1.1008808752765753
2014-03-03,NFLX,0.03333333333333333,10.0,2014-02-28,1.0903076246985681
2014-03-03,SBAC,0.03333333333333333,10.0,2014-02-28,1.0381937088615187
2014-03-03,GMCR,0.03333333333333333,10.0,2014-02-28,1.0139840400452997
2014-03-03,GOOGL,0.03333333333333333,10.0,2014-02-28,1.00882588021443
2014-03-03,CMCSA,0.03333333333333333,10.0,2014-02-28,0.9157445416007475
2014-03-03,AMGN,0.03333333333333333,10.0,2014-02-28,0.9150483588410675
2014-04-01,CTSH,0.03333333333333333,10.0,2014-03-31,7.977754998006092
2014-04-01,KRFT,0.03333333333333333,10.0,2014-03-31,6.233629491621465
2014-04-01,PAYX,0.03333333333333333,10.0,2014-03-31,4.385891456612087
2014-04-01,CHTR,0.03333333333333333,10.0,2014-03-31,4.071118143729082
2014-04-01,MDLZ,0.03333333333333333,10.0,2014-03-31,4.054235917929184
2014-04-01,BIIB,0.03333333333333333,10.0,2014-03-31,3.4935094346445084
2014-04-01,XLNX,0.03333333333333333,10.0,2014-03-31,3.063023305265672
2014-04-01,EXPE,0.03333333333333333,10.0,2014-03-31,2.663533008786865
2014-04-01,GT,0.03333333333333333,10.0,2014-03-31,2.413427240775108
2014-04-01,TROW,0.03333333333333333,10.0,2014-03-31,2.2975317159519824
2014-04-01,SWKS,0.03333333333333333,10.0,2014-03-31,1.8639916979412468
2014-04-01,WYNN,0.03333333333333333,10.0,2014-03-31,1.848591023705154
2014-04-01,CTXS,0.03333333333333333,10.0,2014-03-31,1.8069220778134105
2014-04-01,BKNG,0.03333333333333333,10.0,2014-03-31,1.584970415062777
2014-04-01,LRCX,0.03333333333333333,10.0,2014-03-31,1.5032159617723917
2014-04-01,ORLY,0.03333333333333333,10.0,2014-03-31,1.4777892858593162
2014-04-01,WFM,0.03333333333333333,10.0,2014-03-31,1.4660357579573031
2014-04-01,MAT,0.03333333333333333,10.0,2014-03-31,1.4190864015478142
2014-04-01,TSLA,0.03333333333333333,10.0,2014-03-31,1.179926480160046
2014-04-01,META,0.03333333333333333,10.0,2014-03-31,1.1008808752765753
2014-04-01,NFLX,0.03333333333333333,10.0,2014-03-31,1.0903076246985681
2014-04-01,SBAC,0.03333333333333333,10.0,2014-03-31,1.0381937088615187
2014-04-01,GMCR,0.03333333333333333,10.0,2014-03-31,1.0139840400452997
2014-04-01,GOOGL,0.03333333333333333,10.0,2014-03-31,1.00882588021443
2014-04-01,CMCSA,0.03333333333333333,10.0,2014-03-31,0.9157445416007475
2014-04-01,AMGN,0.03333333333333333,10.0,2014-03-31,0.9150483588410675
2014-04-01,AVGO,0.03333333333333333,10.0,2014-03-31,0.9117994840535033
2014-04-01,AKAM,0.03333333333333333,10.0,2014-03-31,0.8642694840126257
2014-04-01,PCAR,0.03333333333333333,10.0,2014-03-31,0.852115153998182
2014-04-01,AMZN,0.03333333333333333,10.0,2014-03-31,0.831033819800165
2014-05-01,CTSH,0.03333333333333333,10.0,2014-04-30,7.977754998006092
2014-05-01,KRFT,0.03333333333333333,10.0,2014-04-30,6.233629491621465
2014-05-01,PAYX,0.03333333333333333,10.0,2014-04-30,4.385891456612087
2014-05-01,MDLZ,0.03333333333333333,10.0,2014-04-30,4.054235917929184
2014-05-01,XLNX,0.03333333333333333,10.0,2014-04-30,3.063023305265672
2014-05-01,TROW,0.03333333333333333,10.0,2014-04-30,2.752312065563447
2014-05-01,EXPE,0.03333333333333333,10.0,2014-04-30,2.663533008786865
2014-05-01,SWKS,0.03333333333333333,10.0,2014-04-30,1.8639916979412468
2014-05-01,WYNN,0.03333333333333333,10.0,2014-04-30,1.848591023705154
2014-05-01,CTXS,0.03333333333333333,10.0,2014-04-30,1.8069220778134105
2014-05-01,CTRX,0.03333333333333333,10.0,2014-04-30,1.7218775343982933
2014-05-01,ALXN,0.03333333333333333,10.0,2014-04-30,1.5992757832092517
2014-05-01,BKNG,0.03333333333333333,10.0,2014-04-30,1.584970415062777
2014-05-01,ULTA,0.03333333333333333,10.0,2014-04-30,1.5621493523655041
2014-05-01,LRCX,0.03333333333333333,10.0,2014-04-30,1.5032159617723917
2014-05-01,ORLY,0.03333333333333333,10.0,2014-04-30,1.4777892858593162
2014-05-01,WFM,0.03333333333333333,10.0,2014-04-30,1.4660357579573031
2014-05-01,MU,0.03333333333333333,10.0,2014-04-30,1.322321628816203
2014-05-01,TSLA,0.03333333333333333,10.0,2014-04-30,1.179926480160046
2014-05-01,NFLX,0.03333333333333333,10.0,2014-04-30,1.1699392904823227
2014-05-01,META,0.03333333333333333,10.0,2014-04-30,1.039870682499589
2014-05-01,SBAC,0.03333333333333333,10.0,2014-04-30,1.0381937088615187
2014-05-01,GMCR,0.03333333333333333,10.0,2014-04-30,1.0139840400452997
2014-05-01,CMCSA,0.03333333333333333,10.0,2014-04-30,1.0053941432349929
2014-05-01,AVGO,0.03333333333333333,10.0,2014-04-30,0.9117994840535033
2014-05-01,BIIB,0.03333333333333333,10.0,2014-04-30,0.9048270079250825
2014-05-01,AKAM,0.03333333333333333,10.0,2014-04-30,0.8642694840126257
2014-05-01,PCAR,0.03333333333333333,10.0,2014-04-30,0.852115153998182
2014-05-01,KLAC,0.03333333333333333,10.0,2014-04-30,0.8345716822039212
2014-05-01,TXN,0.03333333333333333,10.0,2014-04-30,0.8265767947263543
2014-06-02,CTSH,0.03333333333333333,10.0,2014-05-30,13.23767299412044
2014-06-02,GILD,0.03333333333333333,10.0,2014-05-30,10.198765811478696
2014-06-02,ILMN,0.03333333333333333,10.0,2014-05-30,2.774515562573
2014-06-02,TROW,0.03333333333333333,10.0,2014-05-30,2.752312065563447
2014-06-02,INTU,0.03333333333333333,10.0,2014-05-30,2.5049650757953623
2014-06-02,GMCR,0.03333333333333333,10.0,2014-05-30,2.2238960367295997
2014-06-02,ADP,0.03333333333333333,10.0,2014-05-30,1.777299239805422
2014-06-02,EXPE,0.03333333333333333,10.0,2014-05-30,1.6153610685579975
2014-06-02,ALXN,0.03333333333333333,10.0,2014-05-30,1.5992757832092517
2014-06-02,SHPG,0.03333333333333333,10.0,2014-05-30,1.5780107845090157
2014-06-02,ULTA,0.03333333333333333,10.0,2014-05-30,1.5621493523655041
2014-06-02,BKNG,0.03333333333333333,10.0,2014-05-30,1.554610357012419
2014-06-02,ORLY,0.03333333333333333,10.0,2014-05-30,1.4817753358272774
2014-06-02,LRCX,0.03333333333333333,10.0,2014-05-30,1.479958603531334
2014-06-02,MU,0.03333333333333333,10.0,2014-05-30,1.322321628816203
2014-06-02,NFLX,0.03333333333333333,10.0,2014-05-30,1.1699392904823227
2014-06-02,NVDA,0.03333333333333333,10.0,2014-05-30,1.1504110966267767
2014-06-02,META,0.03333333333333333,10.0,2014-05-30,1.039870682499589
2014-06-02,CMCSA,0.03333333333333333,10.0,2014-05-30,1.0053941432349929
2014-06-02,SWKS,0.03333333333333333,10.0,2014-05-30,0.9437494606101666
2014-06-02,FFIV,0.03333333333333333,10.0,2014-05-30,0.9143686410352053
2014-06-02,AVGO,0.03333333333333333,10.0,2014-05-30,0.9117994840535033
2014-06-02,BIIB,0.03333333333333333,10.0,2014-05-30,0.9048270079250825
2014-06-02,KLAC,0.03333333333333333,10.0,2014-05-30,0.8345716822039212
2014-06-02,AMAT,0.03333333333333333,10.0,2014-05-30,0.8113296733629284
2014-06-02,XLNX,0.03333333333333333,10.0,2014-05-30,0.7186581324199368
2014-06-02,SBAC,0.03333333333333333,10.0,2014-05-30,0.7089160788947316
2014-06-02,ADI,0.03333333333333333,10.0,2014-05-30,0.6466974648969438
2014-06-02,CTRX,0.03333333333333333,10.0,2014-05-30,0.6442304820109397
2014-06-02,TRIP,0.03333333333333333,10.0,2014-05-30,0.5916123726790643
2014-07-01,CTSH,0.03333333333333333,10.0,2014-06-30,13.23767299412044
2014-07-01,GILD,0.03333333333333333,10.0,2014-06-30,10.198765811478696
2014-07-01,AVGO,0.03333333333333333,10.0,2014-06-30,4.419067285546388
2014-07-01,ILMN,0.03333333333333333,10.0,2014-06-30,2.774515562573
2014-07-01,TROW,0.03333333333333333,10.0,2014-06-30,2.752312065563447
2014-07-01,INTU,0.03333333333333333,10.0,2014-06-30,2.5049650757953623
2014-07-01,GMCR,0.03333333333333333,10.0,2014-06-30,2.2238960367295997
2014-07-01,ULTA,0.03333333333333333,10.0,2014-06-30,2.10764539084261
2014-07-01,ADP,0.03333333333333333,10.0,2014-06-30,1.777299239805422
2014-07-01,EXPE,0.03333333333333333,10.0,2014-06-30,1.6153610685579975
2014-07-01,ALXN,0.03333333333333333,10.0,2014-06-30,1.5992757832092517
2014-07-01,SHPG,0.03333333333333333,10.0,2014-06-30,1.5780107845090157
2014-07-01,BKNG,0.03333333333333333,10.0,2014-06-30,1.554610357012419
2014-07-01,ORLY,0.03333333333333333,10.0,2014-06-30,1.4817753358272774
2014-07-01,LRCX,0.03333333333333333,10.0,2014-06-30,1.479958603531334
2014-07-01,MU,0.03333333333333333,10.0,2014-06-30,1.322321628816203
2014-07-01,NFLX,0.03333333333333333,10.0,2014-06-30,1.1699392904823227
2014-07-01,NVDA,0.03333333333333333,10.0,2014-06-30,1.1504110966267767
2014-07-01,META,0.03333333333333333,10.0,2014-06-30,1.039870682499589
2014-07-01,CMCSA,0.03333333333333333,10.0,2014-06-30,1.0053941432349929
2014-07-01,SWKS,0.03333333333333333,10.0,2014-06-30,0.9437494606101666
2014-07-01,FFIV,0.03333333333333333,10.0,2014-06-30,0.9143686410352053
2014-07-01,BIIB,0.03333333333333333,10.0,2014-06-30,0.9048270079250825
2014-07-01,AMAT,0.03333333333333333,10.0,2014-06-30,0.8113296733629284
2014-07-01,XLNX,0.03333333333333333,10.0,2014-06-30,0.7186581324199368
2014-07-01,SBAC,0.03333333333333333,10.0,2014-06-30,0.7089160788947316
2014-07-01,ADI,0.03333333333333333,10.0,2014-06-30,0.6466974648969438
2014-07-01,TRIP,0.03333333333333333,10.0,2014-06-30,0.5916123726790643
2014-07-01,TXN,0.03333333333333333,10.0,2014-06-30,0.5323043759827473
2014-07-01,NTAP,0.03333333333333333,10.0,2014-06-30,0.4959051538788312
2014-08-01,CTSH,0.03333333333333333,10.0,2014-07-31,13.23767299412044
2014-08-01,GILD,0.03333333333333333,10.0,2014-07-31,10.198765811478696
2014-08-01,AVGO,0.03333333333333333,10.0,2014-07-31,4.419067285546388
2014-08-01,BIIB,0.03333333333333333,10.0,2014-07-31,4.222557856252184
2014-08-01,SWKS,0.03333333333333333,10.0,2014-07-31,3.7782135494024254
2014-08-01,TROW,0.03333333333333333,10.0,2014-07-31,2.821619737205438
2014-08-01,ILMN,0.03333333333333333,10.0,2014-07-31,2.774515562573
2014-08-01,MNST,0.03333333333333333,10.0,2014-07-31,2.5951122701239773
2014-08-01,INTU,0.03333333333333333,10.0,2014-07-31,2.5049650757953623
2014-08-01,QCOM,0.03333333333333333,10.0,2014-07-31,2.4944936322489513
2014-08-01,GMCR,0.03333333333333333,10.0,2014-07-31,2.2238960367295997
2014-08-01,INTC,0.03333333333333333,10.0,2014-07-31,1.986396827049935
2014-08-01,ADP,0.03333333333333333,10.0,2014-07-31,1.777299239805422
2014-08-01,CHTR,0.03333333333333333,10.0,2014-07-31,1.7038073955866038
2014-08-01,EXPE,0.03333333333333333,10.0,2014-07-31,1.6153610685579975
2014-08-01,SHPG,0.03333333333333333,10.0,2014-07-31,1.5780107845090157
2014-08-01,BKNG,0.03333333333333333,10.0,2014-07-31,1.554610357012419
2014-08-01,ORLY,0.03333333333333333,10.0,2014-07-31,1.4817753358272774
2014-08-01,LRCX,0.03333333333333333,10.0,2014-07-31,1.479958603531334
2014-08-01,ALXN,0.03333333333333333,10.0,2014-07-31,1.3103832467250436
2014-08-01,CELG,0.03333333333333333,10.0,2014-07-31,1.3054865614397266
2014-08-01,META,0.03333333333333333,10.0,2014-07-31,1.1810521173357271
2014-08-01,NVDA,0.03333333333333333,10.0,2014-07-31,1.1504110966267767
2014-08-01,MU,0.03333333333333333,10.0,2014-07-31,0.9933622113206271
2014-08-01,NFLX,0.03333333333333333,10.0,2014-07-31,0.965502086644184
2014-08-01,FFIV,0.03333333333333333,10.0,2014-07-31,0.9143686410352053
2014-08-01,HBAN,0.03333333333333333,10.0,2014-07-31,0.8398420826897429
2014-08-01,AMAT,0.03333333333333333,10.0,2014-07-31,0.8113296733629284
2014-08-01,MRVL,0.03333333333333333,10.0,2014-07-31,0.7848883817614453
2014-08-01,SBAC,0.03333333333333333,10.0,2014-07-31,0.7089160788947316
2014-09-02,CTSH,0.03333333333333333,10.0,2014-08-29,8.791299829811852
2014-09-02,JBLU,0.03333333333333333,10.0,2014-08-29,7.682361467566473
2014-09-02,GILD,0.03333333333333333,10.0,2014-08-29,5.553127730375359
2014-09-02,AVGO,0.03333333333333333,10.0,2014-08-29,4.419067285546388
2014-09-02,BIIB,0.03333333333333333,10.0,2014-08-29,4.222557856252184
2014-09-02,SWKS,0.03333333333333333,10.0,2014-08-29,3.7782135494024254
2014-09-02,ORLY,0.03333333333333333,10.0,2014-08-29,3.290245344710747
2014-09-02,GMCR,0.03333333333333333,10.0,2014-08-29,2.901845001635529
2014-09-02,TROW,0.03333333333333333,10.0,2014-08-29,2.821619737205438
2014-09-02,ADP,0.03333333333333333,10.0,2014-08-29,2.63510096617756
2014-09-02,BKNG,0.03333333333333333,10.0,2014-08-29,2.5096733488107517
2014-09-02,QCOM,0.03333333333333333,10.0,2014-08-29,2.4944936322489513
2014-09-02,MNST,0.03333333333333333,10.0,2014-08-29,2.364500505036851
2014-09-02,SHPG,0.03333333333333333,10.0,2014-08-29,2.130467833080668
2014-09-02,INTC,0.03333333333333333,10.0,2014-08-29,1.986396827049935
2014-09-02,FFIV,0.03333333333333333,10.0,2014-08-29,1.981249326278822
2014-09-02,TSCO,0.03333333333333333,10.0,2014-08-29,1.80167535084983
2014-09-02,FAST,0.03333333333333333,10.0,2014-08-29,1.7252276986740704
2014-09-02,CHTR,0.03333333333333333,10.0,2014-08-29,1.7038073955866038
2014-09-02,LRCX,0.03333333333333333,10.0,2014-08-29,1.5289479663068186
2014-09-02,EQIX,0.03333333333333333,10.0,2014-08-29,1.4542400484259461
2014-09-02,ALXN,0.03333333333333333,10.0,2014-08-29,1.3103832467250436
2014-09-02,CELG,0.03333333333333333,10.0,2014-08-29,1.3054865614397266
2014-09-02,WYNN,0.03333333333333333,10.0,2014-08-29,1.2941092930370823
2014-09-02,WDC,0.03333333333333333,10.0,2014-08-29,1.258322179915809
2014-09-02,META,0.03333333333333333,10.0,2014-08-29,1.1810521173357271
2014-09-02,MU,0.03333333333333333,10.0,2014-08-29,0.9933622113206271
2014-09-02,NFLX,0.03333333333333333,10.0,2014-08-29,0.965502086644184
2014-09-02,AMGN,0.03333333333333333,10.0,2014-08-29,0.9464511592166962
2014-09-02,AKAM,0.03333333333333333,10.0,2014-08-29,0.8827131709835764
2014-10-01,CTSH,0.03333333333333333,10.0,2014-09-30,8.791299829811852
2014-10-01,JBLU,0.03333333333333333,10.0,2014-09-30,7.682361467566473
2014-10-01,GILD,0.03333333333333333,10.0,2014-09-30,5.553127730375359
2014-10-01,BIIB,0.03333333333333333,10.0,2014-09-30,4.222557856252184
2014-10-01,SWKS,0.03333333333333333,10.0,2014-09-30,3.7782135494024254
2014-10-01,ORLY,0.03333333333333333,10.0,2014-09-30,3.290245344710747
2014-10-01,GMCR,0.03333333333333333,10.0,2014-09-30,2.901845001635529
2014-10-01,TROW,0.03333333333333333,10.0,2014-09-30,2.821619737205438
2014-10-01,ADP,0.03333333333333333,10.0,2014-09-30,2.63510096617756
2014-10-01,BKNG,0.03333333333333333,10.0,2014-09-30,2.5096733488107517
2014-10-01,QCOM,0.03333333333333333,10.0,2014-09-30,2.4944936322489513
2014-10-01,MNST,0.03333333333333333,10.0,2014-09-30,2.364500505036851
2014-10-01,SHPG,0.03333333333333333,10.0,2014-09-30,2.130467833080668
2014-10-01,INTC,0.03333333333333333,10.0,2014-09-30,1.986396827049935
2014-10-01,FFIV,0.03333333333333333,10.0,2014-09-30,1.981249326278822
2014-10-01,TSCO,0.03333333333333333,10.0,2014-09-30,1.80167535084983
2014-10-01,CHTR,0.03333333333333333,10.0,2014-09-30,1.7038073955866038
2014-10-01,LRCX,0.03333333333333333,10.0,2014-09-30,1.5289479663068186
2014-10-01,EQIX,0.03333333333333333,10.0,2014-09-30,1.4542400484259461
2014-10-01,ROST,0.03333333333333333,10.0,2014-09-30,1.3611039747267957
2014-10-01,ALXN,0.03333333333333333,10.0,2014-09-30,1.3103832467250436
2014-10-01,CELG,0.03333333333333333,10.0,2014-09-30,1.3054865614397266
2014-10-01,WYNN,0.03333333333333333,10.0,2014-09-30,1.2941092930370823
2014-10-01,STLD,0.03333333333333333,10.0,2014-09-30,1.2783503774272094
2014-10-01,WDC,0.03333333333333333,10.0,2014-09-30,1.258322179915809
2014-10-01,META,0.03333333333333333,10.0,2014-09-30,1.1810521173357271
2014-10-01,MU,0.03333333333333333,10.0,2014-09-30,0.9933622113206271
2014-10-01,NFLX,0.03333333333333333,10.0,2014-09-30,0.965502086644184
2014-10-01,AMGN,0.03333333333333333,10.0,2014-09-30,0.9464511592166962
2014-10-01,AKAM,0.03333333333333333,10.0,2014-09-30,0.8827131709835764
2014-11-03,CTSH,0.03333333333333333,10.0,2014-10-31,8.791299829811852
2014-11-03,GILD,0.03333333333333333,10.0,2014-10-31,5.553127730375359
2014-11-03,BIIB,0.03333333333333333,10.0,2014-10-31,5.07697763342475
2014-11-03,ULTA,0.03333333333333333,10.0,2014-10-31,4.084302963836814
2014-11-03,ORLY,0.03333333333333333,10.0,2014-10-31,3.290245344710747
2014-11-03,GMCR,0.03333333333333333,10.0,2014-10-31,2.901845001635529
2014-11-03,BKNG,0.03333333333333333,10.0,2014-10-31,2.5096733488107517
2014-11-03,TROW,0.03333333333333333,10.0,2014-10-31,2.4829630445462176
2014-11-03,MNST,0.03333333333333333,10.0,2014-10-31,2.364500505036851
2014-11-03,CMCSA,0.03333333333333333,10.0,2014-10-31,1.9828983250404046
2014-11-03,FFIV,0.03333333333333333,10.0,2014-10-31,1.981249326278822
2014-11-03,ILMN,0.03333333333333333,10.0,2014-10-31,1.5737463716484896
2014-11-03,LRCX,0.03333333333333333,10.0,2014-10-31,1.5289479663068186
2014-11-03,ALXN,0.03333333333333333,10.0,2014-10-31,1.4852890028229988
2014-11-03,EQIX,0.03333333333333333,10.0,2014-10-31,1.4542400484259461
2014-11-03,TXN,0.03333333333333333,10.0,2014-10-31,1.4481163327277355
2014-11-03,CELG,0.03333333333333333,10.0,2014-10-31,1.397866061644252
2014-11-03,ROST,0.03333333333333333,10.0,2014-10-31,1.3611039747267957
2014-11-03,WYNN,0.03333333333333333,10.0,2014-10-31,1.2941092930370823
2014-11-03,STLD,0.03333333333333333,10.0,2014-10-31,1.2783503774272094
2014-11-03,SHPG,0.03333333333333333,10.0,2014-10-31,1.276998951567673
2014-11-03,EXPE,0.03333333333333333,10.0,2014-10-31,1.260122003773753
2014-11-03,WDC,0.03333333333333333,10.0,2014-10-31,1.258322179915809
2014-11-03,PAYX,0.03333333333333333,10.0,2014-10-31,1.2521706845895089
2014-11-03,ESRX,0.03333333333333333,10.0,2014-10-31,1.103536073371672
2014-11-03,XLNX,0.03333333333333333,10.0,2014-10-31,1.0899135331749765
2014-11-03,COST,0.03333333333333333,10.0,2014-10-31,1.0265574011494552
2014-11-03,META,0.03333333333333333,10.0,2014-10-31,1.0208321626004684
2014-11-03,AKAM,0.03333333333333333,10.0,2014-10-31,0.8827131709835764
2014-11-03,EA,0.03333333333333333,10.0,2014-10-31,0.8768916339738619
2014-12-01,MYL,0.03333333333333333,10.0,2014-11-28,8.228570330228926
2014-12-01,SWKS,0.03333333333333333,10.0,2014-11-28,6.301953674472196
2014-12-01,BIIB,0.03333333333333333,10.0,2014-11-28,5.07697763342475
2014-12-01,YHOO,0.03333333333333333,10.0,2014-11-28,4.2247057770881
2014-12-01,ULTA,0.03333333333333333,10.0,2014-11-28,4.084302963836814
2014-12-01,BKNG,0.03333333333333333,10.0,2014-11-28,4.061759702484745
2014-12-01,ORLY,0.03333333333333333,10.0,2014-11-28,3.2959379334049093
2014-12-01,SBUX,0.03333333333333333,10.0,2014-11-28,3.103036047470389
2014-12-01,CTSH,0.03333333333333333,10.0,2014-11-28,3.058157852671886
2014-12-01,FFIV,0.03333333333333333,10.0,2014-11-28,2.9610239844249873
2014-12-01,TROW,0.03333333333333333,10.0,2014-11-28,2.4829630445462176
2014-12-01,EA,0.03333333333333333,10.0,2014-11-28,2.0357987893152214
2014-12-01,CMCSA,0.03333333333333333,10.0,2014-11-28,1.9828983250404046
2014-12-01,GILD,0.03333333333333333,10.0,2014-11-28,1.85535153487367
2014-12-01,MNST,0.03333333333333333,10.0,2014-11-28,1.8211337149372764
2014-12-01,LBTYA,0.03333333333333333,10.0,2014-11-28,1.6803728674846665
2014-12-01,LBTYK,0.03333333333333333,10.0,2014-11-28,1.6803728674846665
2014-12-01,ILMN,0.03333333333333333,10.0,2014-11-28,1.5737463716484896
2014-12-01,ALXN,0.03333333333333333,10.0,2014-11-28,1.4852890028229988
2014-12-01,TXN,0.03333333333333333,10.0,2014-11-28,1.4481163327277355
2014-12-01,CELG,0.03333333333333333,10.0,2014-11-28,1.397866061644252
2014-12-01,ROST,0.03333333333333333,10.0,2014-11-28,1.3611039747267957
2014-12-01,SHPG,0.03333333333333333,10.0,2014-11-28,1.276998951567673
2014-12-01,EXPE,0.03333333333333333,10.0,2014-11-28,1.260122003773753
2014-12-01,PAYX,0.03333333333333333,10.0,2014-11-28,1.2521706845895089
2014-12-01,QCOM,0.03333333333333333,10.0,2014-11-28,1.2319644345835838
2014-12-01,ESRX,0.03333333333333333,10.0,2014-11-28,1.103536073371672
2014-12-01,XLNX,0.03333333333333333,10.0,2014-11-28,1.0899135331749765
2014-12-01,NVDA,0.03333333333333333,10.0,2014-11-28,1.0679890723989287
2014-12-01,GMCR,0.03333333333333333,10.0,2014-11-28,1.0532890263141435
2015-01-02,AMBA,0.03333333333333333,10.0,2014-12-31,10.838697171456326
2015-01-02,MYL,0.03333333333333333,10.0,2014-12-31,8.228570330228926
2015-01-02,SWKS,0.03333333333333333,10.0,2014-12-31,6.301953674472196
2015-01-02,BIIB,0.03333333333333333,10.0,2014-12-31,5.07697763342475
2015-01-02,YHOO,0.03333333333333333,10.0,2014-12-31,4.2247057770881
2015-01-02,BKNG,0.03333333333333333,10.0,2014-12-31,4.061759702484745
2015-01-02,FISV,0.03333333333333333,10.0,2014-12-31,3.3871578704174055
2015-01-02,ORLY,0.03333333333333333,10.0,2014-12-31,3.2959379334049093
2015-01-02,SBUX,0.03333333333333333,10.0,2014-12-31,3.103036047470389
2015-01-02,CTSH,0.03333333333333333,10.0,2014-12-31,3.058157852671886
2015-01-02,BMRN,0.03333333333333333,10.0,2014-12-31,3.0392622319366733
2015-01-02,FFIV,0.03333333333333333,10.0,2014-12-31,2.9610239844249873
2015-01-02,TROW,0.03333333333333333,10.0,2014-12-31,2.4829630445462176
2015-01-02,PAYX,0.03333333333333333,10.0,2014-12-31,2.224024390616443
2015-01-02,EA,0.03333333333333333,10.0,2014-12-31,2.0357987893152214
2015-01-02,CMCSA,0.03333333333333333,10.0,2014-12-31,1.9828983250404046
2015-01-02,GILD,0.03333333333333333,10.0,2014-12-31,1.85535153487367
2015-01-02,MNST,0.03333333333333333,10.0,2014-12-31,1.8211337149372764
2015-01-02,LBTYK,0.03333333333333333,10.0,2014-12-31,1.6803728674846665
2015-01-02,LBTYA,0.03333333333333333,10.0,2014-12-31,1.6803728674846665
2015-01-02,ILMN,0.03333333333333333,10.0,2014-12-31,1.5737463716484896
2015-01-02,ALXN,0.03333333333333333,10.0,2014-12-31,1.4852890028229988
2015-01-02,TXN,0.03333333333333333,10.0,2014-12-31,1.4481163327277355
2015-01-02,CELG,0.03333333333333333,10.0,2014-12-31,1.397866061644252
2015-01-02,SHPG,0.03333333333333333,10.0,2014-12-31,1.276998951567673
2015-01-02,EXPE,0.03333333333333333,10.0,2014-12-31,1.260122003773753
2015-01-02,QCOM,0.03333333333333333,10.0,2014-12-31,1.2319644345835838
2015-01-02,ROST,0.03333333333333333,10.0,2014-12-31,1.1220389374263613
2015-01-02,ESRX,0.03333333333333333,10.0,2014-12-31,1.103536073371672
2015-01-02,XLNX,0.03333333333333333,10.0,2014-12-31,1.0899135331749765
2015-02-02,AMBA,0.03333333333333333,10.0,2015-01-30,10.838697171456326
2015-02-02,MYL,0.03333333333333333,10.0,2015-01-30,8.228570330228926
2015-02-02,SWKS,0.03333333333333333,10.0,2015-01-30,6.301953674472196
2015-02-02,AGIO,0.03333333333333333,10.0,2015-01-30,5.194791549626099
2015-02-02,YHOO,0.03333333333333333,10.0,2015-01-30,4.2247057770881
2015-02-02,AAPL,0.03333333333333333,10.0,2015-01-30,4.146553874124416
2015-02-02,BKNG,0.03333333333333333,10.0,2015-01-30,4.061759702484745
2015-02-02,ORLY,0.03333333333333333,10.0,2015-01-30,3.2959379334049093
2015-02-02,CTSH,0.03333333333333333,10.0,2015-01-30,3.058157852671886
2015-02-02,FFIV,0.03333333333333333,10.0,2015-01-30,2.9610239844249873
2015-02-02,PAYX,0.03333333333333333,10.0,2015-01-30,2.224024390616443
2015-02-02,EA,0.03333333333333333,10.0,2015-01-30,2.0357987893152214
2015-02-02,INCY,0.03333333333333333,10.0,2015-01-30,1.9127061379742476
2015-02-02,GILD,0.03333333333333333,10.0,2015-01-30,1.85535153487367
2015-02-02,MNST,0.03333333333333333,10.0,2015-01-30,1.8211337149372764
2015-02-02,STX,0.03333333333333333,10.0,2015-01-30,1.702938064232694
2015-02-02,LBTYK,0.03333333333333333,10.0,2015-01-30,1.6803728674846665
2015-02-02,LBTYA,0.03333333333333333,10.0,2015-01-30,1.6803728674846665
2015-02-02,ILMN,0.03333333333333333,10.0,2015-01-30,1.5737463716484896
2015-02-02,TXN,0.03333333333333333,10.0,2015-01-30,1.4481163327277355
2015-02-02,NFLX,0.03333333333333333,10.0,2015-01-30,1.4263348862461482
2015-02-02,SHPG,0.03333333333333333,10.0,2015-01-30,1.276998951567673
2015-02-02,EXPE,0.03333333333333333,10.0,2015-01-30,1.260122003773753
2015-02-02,ROST,0.03333333333333333,10.0,2015-01-30,1.1220389374263613
2015-02-02,NVDA,0.03333333333333333,10.0,2015-01-30,1.0679890723989287
2015-02-02,GMCR,0.03333333333333333,10.0,2015-01-30,1.0532890263141435
2015-02-02,COST,0.03333333333333333,10.0,2015-01-30,0.9828948385258738
2015-02-02,PCAR,0.03333333333333333,10.0,2015-01-30,0.9376409798111354
2015-02-02,FANG,0.03333333333333333,10.0,2015-01-30,0.9182708416333444
2015-02-02,MU,0.03333333333333333,10.0,2015-01-30,0.8330187535109942
2015-03-02,GT,0.03333333333333333,10.0,2015-02-27,20.388672762643235
2015-03-02,SHPG,0.03333333333333333,10.0,2015-02-27,12.37857221174231
2015-03-02,AMBA,0.03333333333333333,10.0,2015-02-27,10.838697171456326
2015-03-02,GOOGL,0.03333333333333333,10.0,2015-02-27,4.73531136797775
2015-03-02,FAST,0.03333333333333333,10.0,2015-02-27,4.354010757248981
2015-03-02,AAPL,0.03333333333333333,10.0,2015-02-27,4.146553874124416
2015-03-02,SWKS,0.03333333333333333,10.0,2015-02-27,3.8479871218621104
2015-03-02,BIIB,0.03333333333333333,10.0,2015-02-27,3.680950465556919
2015-03-02,CELG,0.03333333333333333,10.0,2015-02-27,3.6666965977755526
2015-03-02,ORLY,0.03333333333333333,10.0,2015-02-27,3.1369765314805083
2015-03-02,CTSH,0.03333333333333333,10.0,2015-02-27,3.007314546151218
2015-03-02,ALXN,0.03333333333333333,10.0,2015-02-27,2.8637635197995706
2015-03-02,EA,0.03333333333333333,10.0,2015-02-27,2.764749104515007
2015-03-02,FFIV,0.03333333333333333,10.0,2015-02-27,2.6252725707961053
2015-03-02,GILD,0.03333333333333333,10.0,2015-02-27,2.4498324211286793
2015-03-02,TXN,0.03333333333333333,10.0,2015-02-27,2.283255762874211
2015-03-02,AAL,0.03333333333333333,10.0,2015-02-27,2.2695681563877366
2015-03-02,PAYX,0.03333333333333333,10.0,2015-02-27,2.224024390616443
2015-03-02,TROW,0.03333333333333333,10.0,2015-02-27,2.131532583119408
2015-03-02,ILMN,0.03333333333333333,10.0,2015-02-27,1.7162029786234139
2015-03-02,INTC,0.03333333333333333,10.0,2015-02-27,1.707232226798452
2015-03-02,STX,0.03333333333333333,10.0,2015-02-27,1.702938064232694
2015-03-02,TRIP,0.03333333333333333,10.0,2015-02-27,1.6197270763604985
2015-03-02,NFLX,0.03333333333333333,10.0,2015-02-27,1.4263348862461482
2015-03-02,PTEN,0.03333333333333333,10.0,2015-02-27,1.370871755743338
2015-03-02,CSCO,0.03333333333333333,10.0,2015-02-27,1.2566141877470127
2015-03-02,ATVI,0.03333333333333333,10.0,2015-02-27,1.1336293082588136
2015-03-02,ROST,0.03333333333333333,10.0,2015-02-27,1.1220389374263613
2015-03-02,AMGN,0.03333333333333333,10.0,2015-02-27,1.119723988979614
2015-03-02,BKNG,0.03333333333333333,10.0,2015-02-27,1.0461787518511825
2015-04-01,SHPG,0.03333333333333333,10.0,2015-03-31,12.37857221174231
2015-04-01,GOOG,0.03333333333333333,10.0,2015-03-31,4.73531136797775
2015-04-01,GOOGL,0.03333333333333333,10.0,2015-03-31,4.73531136797775
2015-04-01,AMBA,0.03333333333333333,10.0,2015-03-31,4.4524552004926115
2015-04-01,FAST,0.03333333333333333,10.0,2015-03-31,4.354010757248981
2015-04-01,AAPL,0.03333333333333333,10.0,2015-03-31,4.146553874124416
2015-04-01,SWKS,0.03333333333333333,10.0,2015-03-31,3.8479871218621104
2015-04-01,BIIB,0.03333333333333333,10.0,2015-03-31,3.680950465556919
2015-04-01,CELG,0.03333333333333333,10.0,2015-03-31,3.6666965977755526
2015-04-01,CERN,0.03333333333333333,10.0,2015-03-31,3.6162988236687164
2015-04-01,ORLY,0.03333333333333333,10.0,2015-03-31,3.1369765314805083
2015-04-01,CTSH,0.03333333333333333,10.0,2015-03-31,3.007314546151218
2015-04-01,ALXN,0.03333333333333333,10.0,2015-03-31,2.8637635197995706
2015-04-01,MNST,0.03333333333333333,10.0,2015-03-31,2.81902763397804
2015-04-01,EA,0.03333333333333333,10.0,2015-03-31,2.764749104515007
2015-04-01,FFIV,0.03333333333333333,10.0,2015-03-31,2.6252725707961053
2015-04-01,GILD,0.03333333333333333,10.0,2015-03-31,2.4498324211286793
2015-04-01,UTHR,0.03333333333333333,10.0,2015-03-31,2.285798249297609
2015-04-01,TXN,0.03333333333333333,10.0,2015-03-31,2.283255762874211
2015-04-01,AAL,0.03333333333333333,10.0,2015-03-31,2.2695681563877366
2015-04-01,TROW,0.03333333333333333,10.0,2015-03-31,2.131532583119408
2015-04-01,AVGO,0.03333333333333333,10.0,2015-03-31,1.9523195957335702
2015-04-01,COST,0.03333333333333333,10.0,2015-03-31,1.924256506921334
2015-04-01,ILMN,0.03333333333333333,10.0,2015-03-31,1.7162029786234139
2015-04-01,INTC,0.03333333333333333,10.0,2015-03-31,1.707232226798452
2015-04-01,STX,0.03333333333333333,10.0,2015-03-31,1.702938064232694
2015-04-01,AKAM,0.03333333333333333,10.0,2015-03-31,1.6445753587491831
2015-04-01,ROST,0.03333333333333333,10.0,2015-03-31,1.6270451215026343
2015-04-01,TRIP,0.03333333333333333,10.0,2015-03-31,1.6197270763604985
2015-04-01,PAYX,0.03333333333333333,10.0,2015-03-31,1.446393484806498
2015-05-01,SHPG,0.03333333333333333,10.0,2015-04-30,12.37857221174231
2015-05-01,SWKS,0.03333333333333333,10.0,2015-04-30,3.8479871218621104
2015-05-01,ULTA,0.03333333333333333,10.0,2015-04-30,3.627996785372643
2015-05-01,CERN,0.03333333333333333,10.0,2015-04-30,3.6162988236687164
2015-05-01,ORLY,0.03333333333333333,10.0,2015-04-30,3.1369765314805083
2015-05-01,CTSH,0.03333333333333333,10.0,2015-04-30,3.007314546151218
2015-05-01,WBA,0.03333333333333333,10.0,2015-04-30,2.852507163606598
2015-05-01,MNST,0.03333333333333333,10.0,2015-04-30,2.81902763397804
2015-05-01,EA,0.03333333333333333,10.0,2015-04-30,2.764749104515007
2015-05-01,EBAY,0.03333333333333333,10.0,2015-04-30,2.717374110336829
2015-05-01,CELG,0.03333333333333333,10.0,2015-04-30,2.7081048155435594
2015-05-01,FAST,0.03333333333333333,10.0,2015-04-30,2.6856787319751985
2015-05-01,FFIV,0.03333333333333333,10.0,2015-04-30,2.6252725707961053
2015-05-01,BIIB,0.03333333333333333,10.0,2015-04-30,2.5124502716097843
2015-05-01,GILD,0.03333333333333333,10.0,2015-04-30,2.4498324211286793
2015-05-01,AMGN,0.03333333333333333,10.0,2015-04-30,2.2834698492693817
2015-05-01,TXN,0.03333333333333333,10.0,2015-04-30,2.283255762874211
2015-05-01,AVGO,0.03333333333333333,10.0,2015-04-30,1.9523195957335702
2015-05-01,COST,0.03333333333333333,10.0,2015-04-30,1.924256506921334
2015-05-01,JBLU,0.03333333333333333,10.0,2015-04-30,1.923446467458618
2015-05-01,ILMN,0.03333333333333333,10.0,2015-04-30,1.7162029786234139
2015-05-01,CTRX,0.03333333333333333,10.0,2015-04-30,1.6669204981178054
2015-05-01,AKAM,0.03333333333333333,10.0,2015-04-30,1.6445753587491831
2015-05-01,ROST,0.03333333333333333,10.0,2015-04-30,1.6270451215026343
2015-05-01,TRIP,0.03333333333333333,10.0,2015-04-30,1.6197270763604985
2015-05-01,AAPL,0.03333333333333333,10.0,2015-04-30,1.5137335431661483
2015-05-01,PAYX,0.03333333333333333,10.0,2015-04-30,1.446393484806498
2015-05-01,MAR,0.03333333333333333,10.0,2015-04-30,1.433677338737865
2015-05-01,CSCO,0.03333333333333333,10.0,2015-04-30,1.2566141877470127
2015-05-01,ATVI,0.03333333333333333,10.0,2015-04-30,1.1336293082588136
2015-06-01,ORLY,0.03333333333333333,10.0,2015-05-29,4.6876145443023045
2015-06-01,WBA,0.03333333333333333,10.0,2015-05-29,2.852507163606598
2015-06-01,EBAY,0.03333333333333333,10.0,2015-05-29,2.717374110336829
2015-06-01,CELG,0.03333333333333333,10.0,2015-05-29,2.7081048155435594
2015-06-01,FAST,0.03333333333333333,10.0,2015-05-29,2.6856787319751985
2015-06-01,SWKS,0.03333333333333333,10.0,2015-05-29,2.6558434352168456
2015-06-01,CTSH,0.03333333333333333,10.0,2015-05-29,2.652896333505439
2015-06-01,BIIB,0.03333333333333333,10.0,2015-05-29,2.5124502716097843
2015-06-01,AMGN,0.03333333333333333,10.0,2015-05-29,2.2834698492693817
2015-06-01,JAZZ,0.03333333333333333,10.0,2015-05-29,2.205289002523825
2015-06-01,AVGO,0.03333333333333333,10.0,2015-05-29,1.9523195957335702
2015-06-01,COST,0.03333333333333333,10.0,2015-05-29,1.924256506921334
2015-06-01,JBLU,0.03333333333333333,10.0,2015-05-29,1.923446467458618
2015-06-01,WFM,0.03333333333333333,10.0,2015-05-29,1.846053769208387
2015-06-01,PCAR,0.03333333333333333,10.0,2015-05-29,1.8385118706186676
2015-06-01,ILMN,0.03333333333333333,10.0,2015-05-29,1.7412269940998195
2015-06-01,GILD,0.03333333333333333,10.0,2015-05-29,1.7265461554677521
2015-06-01,FFIV,0.03333333333333333,10.0,2015-05-29,1.6329816538384698
2015-06-01,ROST,0.03333333333333333,10.0,2015-05-29,1.6270451215026343
2015-06-01,CTRX,0.03333333333333333,10.0,2015-05-29,1.519971104448456
2015-06-01,AAPL,0.03333333333333333,10.0,2015-05-29,1.5137335431661483
2015-06-01,MAR,0.03333333333333333,10.0,2015-05-29,1.433677338737865
2015-06-01,HBAN,0.03333333333333333,10.0,2015-05-29,1.4066431657281113
2015-06-01,CME,0.03333333333333333,10.0,2015-05-29,1.232643458341585
2015-06-01,TXN,0.03333333333333333,10.0,2015-05-29,1.1437975957068214
2015-06-01,IONS,0.03333333333333333,10.0,2015-05-29,0.9638228611154261
2015-06-01,ISRG,0.03333333333333333,10.0,2015-05-29,0.9574975706056192
2015-06-01,EXPE,0.03333333333333333,10.0,2015-05-29,0.8387101685610574
2015-06-01,ESRX,0.03333333333333333,10.0,2015-05-29,0.8359349165940367
2015-06-01,ATVI,0.03333333333333333,10.0,2015-05-29,0.677302343421812
2015-07-01,ORLY,0.03333333333333333,10.0,2015-06-30,4.6876145443023045
2015-07-01,AMBA,0.03333333333333333,10.0,2015-06-30,3.2092866126891417
2015-07-01,WBA,0.03333333333333333,10.0,2015-06-30,2.852507163606598
2015-07-01,EBAY,0.03333333333333333,10.0,2015-06-30,2.717374110336829
2015-07-01,CELG,0.03333333333333333,10.0,2015-06-30,2.7081048155435594
2015-07-01,SWKS,0.03333333333333333,10.0,2015-06-30,2.6558434352168456
2015-07-01,CTSH,0.03333333333333333,10.0,2015-06-30,2.652896333505439
2015-07-01,LULU,0.03333333333333333,10.0,2015-06-30,2.6193804964632337
2015-07-01,BIIB,0.03333333333333333,10.0,2015-06-30,2.5124502716097843
2015-07-01,ROST,0.03333333333333333,10.0,2015-06-30,2.3098767975484664
2015-07-01,AMGN,0.03333333333333333,10.0,2015-06-30,2.2834698492693817
2015-07-01,JBLU,0.03333333333333333,10.0,2015-06-30,1.923446467458618
2015-07-01,WFM,0.03333333333333333,10.0,2015-06-30,1.846053769208387
2015-07-01,PCAR,0.03333333333333333,10.0,2015-06-30,1.8385118706186676
2015-07-01,ILMN,0.03333333333333333,10.0,2015-06-30,1.7412269940998195
2015-07-01,GILD,0.03333333333333333,10.0,2015-06-30,1.7265461554677521
2015-07-01,FFIV,0.03333333333333333,10.0,2015-06-30,1.6329816538384698
2015-07-01,CTRX,0.03333333333333333,10.0,2015-06-30,1.519971104448456
2015-07-01,AAPL,0.03333333333333333,10.0,2015-06-30,1.5137335431661483
2015-07-01,MAR,0.03333333333333333,10.0,2015-06-30,1.433677338737865
2015-07-01,HBAN,0.03333333333333333,10.0,2015-06-30,1.4066431657281113
2015-07-01,AVGO,0.03333333333333333,10.0,2015-06-30,1.2970127656386412
2015-07-01,CME,0.03333333333333333,10.0,2015-06-30,1.232643458341585
2015-07-01,TXN,0.03333333333333333,10.0,2015-06-30,1.1437975957068214
2015-07-01,IONS,0.03333333333333333,10.0,2015-06-30,0.9638228611154261
2015-07-01,ISRG,0.03333333333333333,10.0,2015-06-30,0.9574975706056192
2015-07-01,EXPE,0.03333333333333333,10.0,2015-06-30,0.8387101685610574
2015-07-01,ESRX,0.03333333333333333,10.0,2015-06-30,0.8359349165940367
2015-07-01,ADBE,0.03333333333333333,10.0,2015-06-30,0.7470797241498067
2015-07-01,ATVI,0.03333333333333333,10.0,2015-06-30,0.677302343421812
2015-08-03,EXPE,0.03333333333333333,10.0,2015-07-31,6.853202387163091
2015-08-03,ORLY,0.03333333333333333,10.0,2015-07-31,4.6876145443023045
2015-08-03,ULTA,0.03333333333333333,10.0,2015-07-31,4.038356903284585
2015-08-03,AMBA,0.03333333333333333,10.0,2015-07-31,3.2092866126891417
2015-08-03,SWKS,0.03333333333333333,10.0,2015-07-31,2.6558434352168456
2015-08-03,CTSH,0.03333333333333333,10.0,2015-07-31,2.652896333505439
2015-08-03,LULU,0.03333333333333333,10.0,2015-07-31,2.6193804964632337
2015-08-03,PAYX,0.03333333333333333,10.0,2015-07-31,2.3830734989315885
2015-08-03,ROST,0.03333333333333333,10.0,2015-07-31,2.3098767975484664
2015-08-03,MAR,0.03333333333333333,10.0,2015-07-31,1.9955506062794353
2015-08-03,WFM,0.03333333333333333,10.0,2015-07-31,1.846053769208387
2015-08-03,PCAR,0.03333333333333333,10.0,2015-07-31,1.8385118706186676
2015-08-03,GILD,0.03333333333333333,10.0,2015-07-31,1.7265461554677521
2015-08-03,ILMN,0.03333333333333333,10.0,2015-07-31,1.5721584166633271
2015-08-03,FFIV,0.03333333333333333,10.0,2015-07-31,1.5231941273459297
2015-08-03,BIIB,0.03333333333333333,10.0,2015-07-31,1.4979950346430186
2015-08-03,HBAN,0.03333333333333333,10.0,2015-07-31,1.4066431657281113
2015-08-03,TROW,0.03333333333333333,10.0,2015-07-31,1.3860219566108174
2015-08-03,AAPL,0.03333333333333333,10.0,2015-07-31,1.3341398266460038
2015-08-03,AVGO,0.03333333333333333,10.0,2015-07-31,1.2970127656386412
2015-08-03,CME,0.03333333333333333,10.0,2015-07-31,1.232643458341585
2015-08-03,TXN,0.03333333333333333,10.0,2015-07-31,1.1437975957068214
2015-08-03,AMZN,0.03333333333333333,10.0,2015-07-31,1.1279345190815344
2015-08-03,GOOGL,0.03333333333333333,10.0,2015-07-31,1.0537909054647587
2015-08-03,GOOG,0.03333333333333333,10.0,2015-07-31,1.0537909054647587
2015-08-03,IONS,0.03333333333333333,10.0,2015-07-31,0.9638228611154261
2015-08-03,WBA,0.03333333333333333,10.0,2015-07-31,0.8676453687303622
2015-08-03,ADBE,0.03333333333333333,10.0,2015-07-31,0.7470797241498067
2015-08-03,ATVI,0.03333333333333333,10.0,2015-07-31,0.677302343421812
2015-08-03,COST,0.03333333333333333,10.0,2015-07-31,0.6494365409906735
2015-09-01,EXPE,0.03333333333333333,10.0,2015-08-31,6.853202387163091
2015-09-01,ORLY,0.03333333333333333,10.0,2015-08-31,4.3869313940275125
2015-09-01,ULTA,0.03333333333333333,10.0,2015-08-31,4.038356903284585
2015-09-01,PCAR,0.03333333333333333,10.0,2015-08-31,3.7091325583141854
2015-09-01,CTSH,0.03333333333333333,10.0,2015-08-31,3.5466074112687265
2015-09-01,AMBA,0.03333333333333333,10.0,2015-08-31,3.2092866126891417
2015-09-01,IONS,0.03333333333333333,10.0,2015-08-31,2.78731334341259
2015-09-01,SWKS,0.03333333333333333,10.0,2015-08-31,2.6227289644864005
2015-09-01,LULU,0.03333333333333333,10.0,2015-08-31,2.6193804964632337
2015-09-01,PAYX,0.03333333333333333,10.0,2015-08-31,2.3830734989315885
2015-09-01,HBAN,0.03333333333333333,10.0,2015-08-31,2.351700897763927
2015-09-01,CTXS,0.03333333333333333,10.0,2015-08-31,2.3495075817036
2015-09-01,ROST,0.03333333333333333,10.0,2015-08-31,2.3098767975484664
2015-09-01,MNST,0.03333333333333333,10.0,2015-08-31,2.0191254870358537
2015-09-01,MAR,0.03333333333333333,10.0,2015-08-31,1.9955506062794353
2015-09-01,ILMN,0.03333333333333333,10.0,2015-08-31,1.5721584166633271
2015-09-01,FFIV,0.03333333333333333,10.0,2015-08-31,1.5231941273459297
2015-09-01,BIIB,0.03333333333333333,10.0,2015-08-31,1.4979950346430186
2015-09-01,TROW,0.03333333333333333,10.0,2015-08-31,1.3860219566108174
2015-09-01,CAR,0.03333333333333333,10.0,2015-08-31,1.3637105300039662
2015-09-01,AAPL,0.03333333333333333,10.0,2015-08-31,1.3341398266460038
2015-09-01,AVGO,0.03333333333333333,10.0,2015-08-31,1.2970127656386412
2015-09-01,ADP,0.03333333333333333,10.0,2015-08-31,1.1906830194003117
2015-09-01,AMZN,0.03333333333333333,10.0,2015-08-31,1.1279345190815344
2015-09-01,INCY,0.03333333333333333,10.0,2015-08-31,1.105567930392609
2015-09-01,GOOGL,0.03333333333333333,10.0,2015-08-31,1.0537909054647587
2015-09-01,GOOG,0.03333333333333333,10.0,2015-08-31,1.0537909054647587
2015-09-01,ADI,0.03333333333333333,10.0,2015-08-31,0.9020560722111551
2015-09-01,WBA,0.03333333333333333,10.0,2015-08-31,0.8676453687303622
2015-09-01,REGN,0.03333333333333333,10.0,2015-08-31,0.7823357946102302
2015-10-01,PAYX,0.03333333333333333,10.0,2015-09-30,8.130073040638152
2015-10-01,EXPE,0.03333333333333333,10.0,2015-09-30,6.853202387163091
2015-10-01,ORLY,0.03333333333333333,10.0,2015-09-30,4.3869313940275125
2015-10-01,PCAR,0.03333333333333333,10.0,2015-09-30,3.7091325583141854
2015-10-01,CTSH,0.03333333333333333,10.0,2015-09-30,3.5466074112687265
2015-10-01,ULTA,0.03333333333333333,10.0,2015-09-30,2.9960912388390106
2015-10-01,SWKS,0.03333333333333333,10.0,2015-09-30,2.6227289644864005
2015-10-01,AMBA,0.03333333333333333,10.0,2015-09-30,2.6010000014701093
2015-10-01,AVGO,0.03333333333333333,10.0,2015-09-30,2.5402705106832326
2015-10-01,HBAN,0.03333333333333333,10.0,2015-09-30,2.351700897763927
2015-10-01,CTXS,0.03333333333333333,10.0,2015-09-30,2.3495075817036
2015-10-01,MNST,0.03333333333333333,10.0,2015-09-30,2.0191254870358537
2015-10-01,MAR,0.03333333333333333,10.0,2015-09-30,1.9955506062794353
2015-10-01,ADBE,0.03333333333333333,10.0,2015-09-30,1.6953088366502833
2015-10-01,ILMN,0.03333333333333333,10.0,2015-09-30,1.5721584166633271
2015-10-01,FFIV,0.03333333333333333,10.0,2015-09-30,1.5231941273459297
2015-10-01,BIIB,0.03333333333333333,10.0,2015-09-30,1.4979950346430186
2015-10-01,TROW,0.03333333333333333,10.0,2015-09-30,1.3860219566108174
2015-10-01,CAR,0.03333333333333333,10.0,2015-09-30,1.3637105300039662
2015-10-01,AAPL,0.03333333333333333,10.0,2015-09-30,1.3341398266460038
2015-10-01,ADP,0.03333333333333333,10.0,2015-09-30,1.1906830194003117
2015-10-01,AMZN,0.03333333333333333,10.0,2015-09-30,1.1279345190815344
2015-10-01,INCY,0.03333333333333333,10.0,2015-09-30,1.105567930392609
2015-10-01,ROST,0.03333333333333333,10.0,2015-09-30,1.059154278426444
2015-10-01,GOOGL,0.03333333333333333,10.0,2015-09-30,1.0537909054647587
2015-10-01,GOOG,0.03333333333333333,10.0,2015-09-30,1.0537909054647587
2015-10-01,ADI,0.03333333333333333,10.0,2015-09-30,0.9020560722111551
2015-10-01,WBA,0.03333333333333333,10.0,2015-09-30,0.8676453687303622
2015-10-01,SBAC,0.03333333333333333,10.0,2015-09-30,0.7965223554160767
2015-10-01,REGN,0.03333333333333333,10.0,2015-09-30,0.7823357946102302
2015-11-02,MDLZ,0.03333333333333333,10.0,2015-10-30,9.393224833518772
2015-11-02,PAYX,0.03333333333333333,10.0,2015-10-30,8.130073040638152
2015-11-02,UTHR,0.03333333333333333,10.0,2015-10-30,4.871015189493654
2015-11-02,TSCO,0.03333333333333333,10.0,2015-10-30,4.6023475845682995
2015-11-02,ORLY,0.03333333333333333,10.0,2015-10-30,4.3869313940275125
2015-11-02,PCAR,0.03333333333333333,10.0,2015-10-30,3.7091325583141854
2015-11-02,CTSH,0.03333333333333333,10.0,2015-10-30,3.5466074112687265
2015-11-02,ULTA,0.03333333333333333,10.0,2015-10-30,2.9960912388390106
2015-11-02,SWKS,0.03333333333333333,10.0,2015-10-30,2.6227289644864005
2015-11-02,AMBA,0.03333333333333333,10.0,2015-10-30,2.6010000014701093
2015-11-02,AVGO,0.03333333333333333,10.0,2015-10-30,2.5402705106832326
2015-11-02,AMZN,0.03333333333333333,10.0,2015-10-30,2.411166534417483
2015-11-02,GOOG,0.03333333333333333,10.0,2015-10-30,2.4092467453173225
2015-11-02,GOOGL,0.03333333333333333,10.0,2015-10-30,2.4092467453173225
2015-11-02,CTXS,0.03333333333333333,10.0,2015-10-30,2.3495075817036
2015-11-02,MNST,0.03333333333333333,10.0,2015-10-30,2.0191254870358537
2015-11-02,CHTR,0.03333333333333333,10.0,2015-10-30,1.80169862566832
2015-11-02,ADBE,0.03333333333333333,10.0,2015-10-30,1.6953088366502833
2015-11-02,WBA,0.03333333333333333,10.0,2015-10-30,1.6269679200289975
2015-11-02,JBLU,0.03333333333333333,10.0,2015-10-30,1.4102003717459783
2015-11-02,AAPL,0.03333333333333333,10.0,2015-10-30,1.3839437907465653
2015-11-02,TMUS,0.03333333333333333,10.0,2015-10-30,1.2023080144207443
2015-11-02,ADP,0.03333333333333333,10.0,2015-10-30,1.1906830194003117
2015-11-02,ESRX,0.03333333333333333,10.0,2015-10-30,1.1202596368545845
2015-11-02,INCY,0.03333333333333333,10.0,2015-10-30,1.105567930392609
2015-11-02,COST,0.03333333333333333,10.0,2015-10-30,1.080307191073003
2015-11-02,ROST,0.03333333333333333,10.0,2015-10-30,1.059154278426444
2015-11-02,ADI,0.03333333333333333,10.0,2015-10-30,0.9020560722111551
2015-11-02,BIIB,0.03333333333333333,10.0,2015-10-30,0.8108993296131533
2015-11-02,SBAC,0.03333333333333333,10.0,2015-10-30,0.7965223554160767
2015-12-01,MDLZ,0.03333333333333333,10.0,2015-11-30,9.393224833518772
2015-12-01,PAYX,0.03333333333333333,10.0,2015-11-30,8.130073040638152
2015-12-01,ORLY,0.03333333333333333,10.0,2015-11-30,7.896146539969174
2015-12-01,UTHR,0.03333333333333333,10.0,2015-11-30,4.871015189493654
2015-12-01,CTSH,0.03333333333333333,10.0,2015-11-30,3.0601675680560274
2015-12-01,ULTA,0.03333333333333333,10.0,2015-11-30,2.9960912388390106
2015-12-01,AMBA,0.03333333333333333,10.0,2015-11-30,2.6010000014701093
2015-12-01,AVGO,0.03333333333333333,10.0,2015-11-30,2.5402705106832326
2015-12-01,AMZN,0.03333333333333333,10.0,2015-11-30,2.411166534417483
2015-12-01,GOOGL,0.03333333333333333,10.0,2015-11-30,2.4092467453173225
2015-12-01,GOOG,0.03333333333333333,10.0,2015-11-30,2.4092467453173225
2015-12-01,AMGN,0.03333333333333333,10.0,2015-11-30,2.204892595727397
2015-12-01,TRIP,0.03333333333333333,10.0,2015-11-30,2.1920031053470637
2015-12-01,PCAR,0.03333333333333333,10.0,2015-11-30,1.8071545394965642
2015-12-01,CHTR,0.03333333333333333,10.0,2015-11-30,1.80169862566832
2015-12-01,LRCX,0.03333333333333333,10.0,2015-11-30,1.7551522188004445
2015-12-01,GILD,0.03333333333333333,10.0,2015-11-30,1.699822384025532
2015-12-01,ADBE,0.03333333333333333,10.0,2015-11-30,1.6953088366502833
2015-12-01,WBA,0.03333333333333333,10.0,2015-11-30,1.6269679200289975
2015-12-01,CME,0.03333333333333333,10.0,2015-11-30,1.4835692822748117
2015-12-01,SWKS,0.03333333333333333,10.0,2015-11-30,1.4821675601739057
2015-12-01,JBLU,0.03333333333333333,10.0,2015-11-30,1.4102003717459783
2015-12-01,AAPL,0.03333333333333333,10.0,2015-11-30,1.3839437907465653
2015-12-01,BKNG,0.03333333333333333,10.0,2015-11-30,1.326829626728411
2015-12-01,TMUS,0.03333333333333333,10.0,2015-11-30,1.2023080144207443
2015-12-01,NVDA,0.03333333333333333,10.0,2015-11-30,1.140881931997324
2015-12-01,ESRX,0.03333333333333333,10.0,2015-11-30,1.1202596368545845
2015-12-01,VRSK,0.03333333333333333,10.0,2015-11-30,1.1183811263563386
2015-12-01,ATVI,0.03333333333333333,10.0,2015-11-30,1.0918655044292889
2015-12-01,COST,0.03333333333333333,10.0,2015-11-30,1.080307191073003
2016-01-04,MDLZ,0.03333333333333333,10.0,2015-12-31,9.393224833518772
2016-01-04,ORLY,0.03333333333333333,10.0,2015-12-31,7.896146539969174
2016-01-04,CTSH,0.03333333333333333,10.0,2015-12-31,3.0601675680560274
2016-01-04,ULTA,0.03333333333333333,10.0,2015-12-31,2.7029518069041214
2016-01-04,AMZN,0.03333333333333333,10.0,2015-12-31,2.411166534417483
2016-01-04,GOOGL,0.03333333333333333,10.0,2015-12-31,2.4092467453173225
2016-01-04,GOOG,0.03333333333333333,10.0,2015-12-31,2.4092467453173225
2016-01-04,FSLR,0.03333333333333333,10.0,2015-12-31,2.3156894088771125
2016-01-04,AMGN,0.03333333333333333,10.0,2015-12-31,2.204892595727397
2016-01-04,TRIP,0.03333333333333333,10.0,2015-12-31,2.1920031053470637
2016-01-04,AMBA,0.03333333333333333,10.0,2015-12-31,1.961579702651748
2016-01-04,PCAR,0.03333333333333333,10.0,2015-12-31,1.8071545394965642
2016-01-04,CHTR,0.03333333333333333,10.0,2015-12-31,1.80169862566832
2016-01-04,LRCX,0.03333333333333333,10.0,2015-12-31,1.7551522188004445
2016-01-04,GILD,0.03333333333333333,10.0,2015-12-31,1.699822384025532
2016-01-04,PAYX,0.03333333333333333,10.0,2015-12-31,1.6897278275432521
2016-01-04,WBA,0.03333333333333333,10.0,2015-12-31,1.6269679200289975
2016-01-04,CME,0.03333333333333333,10.0,2015-12-31,1.4835692822748117
2016-01-04,SWKS,0.03333333333333333,10.0,2015-12-31,1.4821675601739057
2016-01-04,JBLU,0.03333333333333333,10.0,2015-12-31,1.4102003717459783
2016-01-04,AVGO,0.03333333333333333,10.0,2015-12-31,1.4040175107938822
2016-01-04,AAPL,0.03333333333333333,10.0,2015-12-31,1.3839437907465653
2016-01-04,BKNG,0.03333333333333333,10.0,2015-12-31,1.326829626728411
2016-01-04,ROST,0.03333333333333333,10.0,2015-12-31,1.3237339564038506
2016-01-04,TMUS,0.03333333333333333,10.0,2015-12-31,1.2023080144207443
2016-01-04,NVDA,0.03333333333333333,10.0,2015-12-31,1.140881931997324
2016-01-04,ESRX,0.03333333333333333,10.0,2015-12-31,1.1202596368545845
2016-01-04,VRSK,0.03333333333333333,10.0,2015-12-31,1.1183811263563386
2016-01-04,ATVI,0.03333333333333333,10.0,2015-12-31,1.0918655044292889
2016-01-04,MNST,0.03333333333333333,10.0,2015-12-31,1.02980502079639
2016-02-01,MDLZ,0.03333333333333333,10.0,2016-01-29,9.393224833518772
2016-02-01,ORLY,0.03333333333333333,10.0,2016-01-29,7.896146539969174
2016-02-01,META,0.03333333333333333,10.0,2016-01-29,3.5655504788092984
2016-02-01,CTSH,0.03333333333333333,10.0,2016-01-29,3.0601675680560274
2016-02-01,ULTA,0.03333333333333333,10.0,2016-01-29,2.7029518069041214
2016-02-01,GOOGL,0.03333333333333333,10.0,2016-01-29,2.4092467453173225
2016-02-01,GOOG,0.03333333333333333,10.0,2016-01-29,2.4092467453173225
2016-02-01,FSLR,0.03333333333333333,10.0,2016-01-29,2.3156894088771125
2016-02-01,MXIM,0.03333333333333333,10.0,2016-01-29,2.209731089207277
2016-02-01,AMGN,0.03333333333333333,10.0,2016-01-29,2.204892595727397
2016-02-01,TRIP,0.03333333333333333,10.0,2016-01-29,2.1920031053470637
2016-02-01,PCAR,0.03333333333333333,10.0,2016-01-29,1.8071545394965642
2016-02-01,CHTR,0.03333333333333333,10.0,2016-01-29,1.80169862566832
2016-02-01,LRCX,0.03333333333333333,10.0,2016-01-29,1.7551522188004445
2016-02-01,GILD,0.03333333333333333,10.0,2016-01-29,1.699822384025532
2016-02-01,PAYX,0.03333333333333333,10.0,2016-01-29,1.6897278275432521
2016-02-01,ADBE,0.03333333333333333,10.0,2016-01-29,1.6154171496196117
2016-02-01,CME,0.03333333333333333,10.0,2016-01-29,1.4835692822748117
2016-02-01,SWKS,0.03333333333333333,10.0,2016-01-29,1.4821675601739057
2016-02-01,WBA,0.03333333333333333,10.0,2016-01-29,1.4386289933998202
2016-02-01,JBLU,0.03333333333333333,10.0,2016-01-29,1.4102003717459783
2016-02-01,AVGO,0.03333333333333333,10.0,2016-01-29,1.4040175107938822
2016-02-01,BKNG,0.03333333333333333,10.0,2016-01-29,1.326829626728411
2016-02-01,ROST,0.03333333333333333,10.0,2016-01-29,1.3237339564038506
2016-02-01,NVDA,0.03333333333333333,10.0,2016-01-29,1.140881931997324
2016-02-01,ATVI,0.03333333333333333,10.0,2016-01-29,1.0918655044292889
2016-02-01,MNST,0.03333333333333333,10.0,2016-01-29,1.02980502079639
2016-02-01,ADP,0.03333333333333333,10.0,2016-01-29,0.9891649685998464
2016-02-01,AMZN,0.03333333333333333,10.0,2016-01-29,0.9751710541723784
2016-02-01,REGN,0.03333333333333333,10.0,2016-01-29,0.9275738730602243
2016-03-01,SWKS,0.03333333333333333,10.0,2016-02-29,4.7850386943333945
2016-03-01,CTSH,0.03333333333333333,10.0,2016-02-29,4.434856744618867
2016-03-01,ORLY,0.03333333333333333,10.0,2016-02-29,3.751323027396354
2016-03-01,META,0.03333333333333333,10.0,2016-02-29,3.5655504788092984
2016-03-01,FITB,0.03333333333333333,10.0,2016-02-29,3.5576650526566733
2016-03-01,BMRN,0.03333333333333333,10.0,2016-02-29,3.0640286670778694
2016-03-01,ULTA,0.03333333333333333,10.0,2016-02-29,2.7029518069041214
2016-03-01,ESRX,0.03333333333333333,10.0,2016-02-29,2.686678484329629
2016-03-01,EQIX,0.03333333333333333,10.0,2016-02-29,2.4508807270667146
2016-03-01,AAL,0.03333333333333333,10.0,2016-02-29,2.0218924215514607
2016-03-01,PAYX,0.03333333333333333,10.0,2016-02-29,1.6897278275432521
2016-03-01,ADBE,0.03333333333333333,10.0,2016-02-29,1.6154171496196117
2016-03-01,INCY,0.03333333333333333,10.0,2016-02-29,1.5865988837625111
2016-03-01,AMGN,0.03333333333333333,10.0,2016-02-29,1.5553148215158668
2016-03-01,WBA,0.03333333333333333,10.0,2016-02-29,1.4386289933998202
2016-03-01,AVGO,0.03333333333333333,10.0,2016-02-29,1.4040175107938822
2016-03-01,ROST,0.03333333333333333,10.0,2016-02-29,1.3237339564038506
2016-03-01,GILD,0.03333333333333333,10.0,2016-02-29,1.266687006372699
2016-03-01,CTXS,0.03333333333333333,10.0,2016-02-29,1.165908359416955
2016-03-01,JBLU,0.03333333333333333,10.0,2016-02-29,1.1626149467736806
2016-03-01,TMUS,0.03333333333333333,10.0,2016-02-29,1.0890078123573235
2016-03-01,AMZN,0.03333333333333333,10.0,2016-02-29,0.9751710541723784
2016-03-01,CSCO,0.03333333333333333,10.0,2016-02-29,0.9445520639861873
2016-03-01,VRTX,0.03333333333333333,10.0,2016-02-29,0.9173869253599135
2016-03-01,HBAN,0.03333333333333333,10.0,2016-02-29,0.85958111287
2016-03-01,NCLH,0.03333333333333333,10.0,2016-02-29,0.8319039996945706
2016-03-01,MAT,0.03333333333333333,10.0,2016-02-29,0.8205862800419422
2016-03-01,ISRG,0.03333333333333333,10.0,2016-02-29,0.6728738892529239
2016-03-01,BKNG,0.03333333333333333,10.0,2016-02-29,0.5969175591579177
2016-03-01,LBTYK,0.03333333333333333,10.0,2016-02-29,0.5189856670137348
2016-04-01,ULTA,0.03333333333333333,10.0,2016-03-31,5.203013124400097
2016-04-01,SWKS,0.03333333333333333,10.0,2016-03-31,4.7850386943333945
2016-04-01,CTSH,0.03333333333333333,10.0,2016-03-31,4.434856744618867
2016-04-01,ORLY,0.03333333333333333,10.0,2016-03-31,3.751323027396354
2016-04-01,META,0.03333333333333333,10.0,2016-03-31,3.5655504788092984
2016-04-01,FITB,0.03333333333333333,10.0,2016-03-31,3.5576650526566733
2016-04-01,BMRN,0.03333333333333333,10.0,2016-03-31,3.0640286670778694
2016-04-01,ESRX,0.03333333333333333,10.0,2016-03-31,2.686678484329629
2016-04-01,ADBE,0.03333333333333333,10.0,2016-03-31,2.683254137091295
2016-04-01,EQIX,0.03333333333333333,10.0,2016-03-31,2.4508807270667146
2016-04-01,AAL,0.03333333333333333,10.0,2016-03-31,2.0218924215514607
2016-04-01,INCY,0.03333333333333333,10.0,2016-03-31,1.5865988837625111
2016-04-01,AMGN,0.03333333333333333,10.0,2016-03-31,1.5553148215158668
2016-04-01,WBA,0.03333333333333333,10.0,2016-03-31,1.4386289933998202
2016-04-01,GILD,0.03333333333333333,10.0,2016-03-31,1.266687006372699
2016-04-01,PAYX,0.03333333333333333,10.0,2016-03-31,1.1835338906576796
2016-04-01,CTXS,0.03333333333333333,10.0,2016-03-31,1.165908359416955
2016-04-01,JBLU,0.03333333333333333,10.0,2016-03-31,1.1626149467736806
2016-04-01,TMUS,0.03333333333333333,10.0,2016-03-31,1.0890078123573235
2016-04-01,AMZN,0.03333333333333333,10.0,2016-03-31,0.9751710541723784
2016-04-01,CSCO,0.03333333333333333,10.0,2016-03-31,0.9445520639861873
2016-04-01,VRTX,0.03333333333333333,10.0,2016-03-31,0.9173869253599135
2016-04-01,ROST,0.03333333333333333,10.0,2016-03-31,0.9041956162452276
2016-04-01,HBAN,0.03333333333333333,10.0,2016-03-31,0.85958111287
2016-04-01,NCLH,0.03333333333333333,10.0,2016-03-31,0.8319039996945706
2016-04-01,MAT,0.03333333333333333,10.0,2016-03-31,0.8205862800419422
2016-04-01,ISRG,0.03333333333333333,10.0,2016-03-31,0.6728738892529239
2016-04-01,BKNG,0.03333333333333333,10.0,2016-03-31,0.5969175591579177
2016-04-01,LBTYK,0.03333333333333333,10.0,2016-03-31,0.5189856670137348
2016-04-01,LBTYA,0.03333333333333333,10.0,2016-03-31,0.5189856670137348
2016-05-02,ULTA,0.03333333333333333,10.0,2016-04-29,5.203013124400097
2016-05-02,SWKS,0.03333333333333333,10.0,2016-04-29,4.7850386943333945
2016-05-02,CTSH,0.03333333333333333,10.0,2016-04-29,4.434856744618867
2016-05-02,ORLY,0.03333333333333333,10.0,2016-04-29,3.751323027396354
2016-05-02,FITB,0.03333333333333333,10.0,2016-04-29,3.5576650526566733
2016-05-02,META,0.03333333333333333,10.0,2016-04-29,3.0759134018314844
2016-05-02,BMRN,0.03333333333333333,10.0,2016-04-29,3.0640286670778694
2016-05-02,TMUS,0.03333333333333333,10.0,2016-04-29,2.9323527338543327
2016-05-02,ADBE,0.03333333333333333,10.0,2016-04-29,2.683254137091295
2016-05-02,EQIX,0.03333333333333333,10.0,2016-04-29,2.4508807270667146
2016-05-02,AMZN,0.03333333333333333,10.0,2016-04-29,1.9936590921801665
2016-05-02,FSLR,0.03333333333333333,10.0,2016-04-29,1.6851762698082722
2016-05-02,SIRI,0.03333333333333333,10.0,2016-04-29,1.614052349488289
2016-05-02,INCY,0.03333333333333333,10.0,2016-04-29,1.5865988837625111
2016-05-02,AMGN,0.03333333333333333,10.0,2016-04-29,1.5553148215158668
2016-05-02,UTHR,0.03333333333333333,10.0,2016-04-29,1.2810673704881093
2016-05-02,GILD,0.03333333333333333,10.0,2016-04-29,1.266687006372699
2016-05-02,PAYX,0.03333333333333333,10.0,2016-04-29,1.1835338906576796
2016-05-02,CTXS,0.03333333333333333,10.0,2016-04-29,1.165908359416955
2016-05-02,JBLU,0.03333333333333333,10.0,2016-04-29,1.1626149467736806
2016-05-02,ESRX,0.03333333333333333,10.0,2016-04-29,1.0434021730806278
2016-05-02,CSCO,0.03333333333333333,10.0,2016-04-29,0.9445520639861873
2016-05-02,VRTX,0.03333333333333333,10.0,2016-04-29,0.9173869253599135
2016-05-02,ROST,0.03333333333333333,10.0,2016-04-29,0.9041956162452276
2016-05-02,BIIB,0.03333333333333333,10.0,2016-04-29,0.8928234934313756
2016-05-02,NCLH,0.03333333333333333,10.0,2016-04-29,0.8319039996945706
2016-05-02,MAR,0.03333333333333333,10.0,2016-04-29,0.7707354599155736
2016-05-02,BKNG,0.03333333333333333,10.0,2016-04-29,0.5969175591579177
2016-05-02,ISRG,0.03333333333333333,10.0,2016-04-29,0.5823038858778936
2016-05-02,LBTYK,0.03333333333333333,10.0,2016-04-29,0.5189856670137348
2016-06-01,GEN,0.03333333333333333,10.0,2016-05-31,28.893645656971373
2016-06-01,ULTA,0.03333333333333333,10.0,2016-05-31,5.203013124400097
2016-06-01,ORLY,0.03333333333333333,10.0,2016-05-31,4.74273523102038
2016-06-01,CTSH,0.03333333333333333,10.0,2016-05-31,4.060982542141309
2016-06-01,META,0.03333333333333333,10.0,2016-05-31,3.0759134018314844
2016-06-01,MNST,0.03333333333333333,10.0,2016-05-31,3.0582661195910754
2016-06-01,TMUS,0.03333333333333333,10.0,2016-05-31,2.9323527338543327
2016-06-01,ADBE,0.03333333333333333,10.0,2016-05-31,2.683254137091295
2016-06-01,INTU,0.03333333333333333,10.0,2016-05-31,2.669131440974953
2016-06-01,FISV,0.03333333333333333,10.0,2016-05-31,2.6330663845047666
2016-06-01,EA,0.03333333333333333,10.0,2016-05-31,2.427023017664848
2016-06-01,AMZN,0.03333333333333333,10.0,2016-05-31,1.9936590921801665
2016-06-01,FSLR,0.03333333333333333,10.0,2016-05-31,1.6851762698082722
2016-06-01,CTXS,0.03333333333333333,10.0,2016-05-31,1.6719846130760818
2016-06-01,SIRI,0.03333333333333333,10.0,2016-05-31,1.614052349488289
2016-06-01,VRTX,0.03333333333333333,10.0,2016-05-31,1.4350948607527891
2016-06-01,REGN,0.03333333333333333,10.0,2016-05-31,1.3914815831431948
2016-06-01,CERN,0.03333333333333333,10.0,2016-05-31,1.274558705813414
2016-06-01,NCLH,0.03333333333333333,10.0,2016-05-31,1.223249542628206
2016-06-01,PAYX,0.03333333333333333,10.0,2016-05-31,1.1835338906576796
2016-06-01,GOOGL,0.03333333333333333,10.0,2016-05-31,1.153037737199028
2016-06-01,GOOG,0.03333333333333333,10.0,2016-05-31,1.153037737199028
2016-06-01,NVDA,0.03333333333333333,10.0,2016-05-31,1.1139873735813095
2016-06-01,WYNN,0.03333333333333333,10.0,2016-05-31,1.0519850471178216
2016-06-01,ESRX,0.03333333333333333,10.0,2016-05-31,1.0434021730806278
2016-06-01,ADP,0.03333333333333333,10.0,2016-05-31,1.0099916654023207
2016-06-01,SWKS,0.03333333333333333,10.0,2016-05-31,0.9535048611984719
2016-06-01,ROST,0.03333333333333333,10.0,2016-05-31,0.9041956162452276
2016-06-01,BIIB,0.03333333333333333,10.0,2016-05-31,0.8928234934313756
2016-06-01,AMGN,0.03333333333333333,10.0,2016-05-31,0.8067887562192606
2016-07-01,GEN,0.03333333333333333,10.0,2016-06-30,28.893645656971373
2016-07-01,ULTA,0.03333333333333333,10.0,2016-06-30,6.687524547663236
2016-07-01,ORLY,0.03333333333333333,10.0,2016-06-30,4.74273523102038
2016-07-01,CTSH,0.03333333333333333,10.0,2016-06-30,4.060982542141309
2016-07-01,META,0.03333333333333333,10.0,2016-06-30,3.0759134018314844
2016-07-01,MNST,0.03333333333333333,10.0,2016-06-30,3.0582661195910754
2016-07-01,TMUS,0.03333333333333333,10.0,2016-06-30,2.9323527338543327
2016-07-01,INTU,0.03333333333333333,10.0,2016-06-30,2.669131440974953
2016-07-01,FISV,0.03333333333333333,10.0,2016-06-30,2.6330663845047666
2016-07-01,EA,0.03333333333333333,10.0,2016-06-30,2.427023017664848
2016-07-01,DLTR,0.03333333333333333,10.0,2016-06-30,2.062602320540629
2016-07-01,SBAC,0.03333333333333333,10.0,2016-06-30,2.041737057317051
2016-07-01,AMZN,0.03333333333333333,10.0,2016-06-30,1.9936590921801665
2016-07-01,FSLR,0.03333333333333333,10.0,2016-06-30,1.6851762698082722
2016-07-01,CTXS,0.03333333333333333,10.0,2016-06-30,1.6719846130760818
2016-07-01,SIRI,0.03333333333333333,10.0,2016-06-30,1.614052349488289
2016-07-01,VRTX,0.03333333333333333,10.0,2016-06-30,1.4350948607527891
2016-07-01,REGN,0.03333333333333333,10.0,2016-06-30,1.3914815831431948
2016-07-01,ADBE,0.03333333333333333,10.0,2016-06-30,1.3472829631150414
2016-07-01,CERN,0.03333333333333333,10.0,2016-06-30,1.274558705813414
2016-07-01,GOOGL,0.03333333333333333,10.0,2016-06-30,1.153037737199028
2016-07-01,GOOG,0.03333333333333333,10.0,2016-06-30,1.153037737199028
2016-07-01,NVDA,0.03333333333333333,10.0,2016-06-30,1.1139873735813095
2016-07-01,WYNN,0.03333333333333333,10.0,2016-06-30,1.0519850471178216
2016-07-01,ESRX,0.03333333333333333,10.0,2016-06-30,1.0434021730806278
2016-07-01,ADP,0.03333333333333333,10.0,2016-06-30,1.0099916654023207
2016-07-01,SWKS,0.03333333333333333,10.0,2016-06-30,0.9535048611984719
2016-07-01,ROST,0.03333333333333333,10.0,2016-06-30,0.9390502025647154
2016-07-01,BIIB,0.03333333333333333,10.0,2016-06-30,0.8928234934313756
2016-07-01,AMGN,0.03333333333333333,10.0,2016-06-30,0.8067887562192606
2016-08-01,GEN,0.03333333333333333,10.0,2016-07-29,28.893645656971373
2016-08-01,ULTA,0.03333333333333333,10.0,2016-07-29,6.687524547663236
2016-08-01,ORLY,0.03333333333333333,10.0,2016-07-29,4.74273523102038
2016-08-01,CTSH,0.03333333333333333,10.0,2016-07-29,4.060982542141309
2016-08-01,META,0.03333333333333333,10.0,2016-07-29,3.229269230077878
2016-08-01,MNST,0.03333333333333333,10.0,2016-07-29,3.0582661195910754
2016-08-01,INTU,0.03333333333333333,10.0,2016-07-29,2.669131440974953
2016-08-01,FISV,0.03333333333333333,10.0,2016-07-29,2.6330663845047666
2016-08-01,MSFT,0.03333333333333333,10.0,2016-07-29,2.46365279695351
2016-08-01,EA,0.03333333333333333,10.0,2016-07-29,2.427023017664848
2016-08-01,AMZN,0.03333333333333333,10.0,2016-07-29,2.2411032363113312
2016-08-01,DLTR,0.03333333333333333,10.0,2016-07-29,2.062602320540629
2016-08-01,SBAC,0.03333333333333333,10.0,2016-07-29,2.041737057317051
2016-08-01,ESRX,0.03333333333333333,10.0,2016-07-29,1.8706901510632223
2016-08-01,SIRI,0.03333333333333333,10.0,2016-07-29,1.7928208819927438
2016-08-01,PAYX,0.03333333333333333,10.0,2016-07-29,1.767471923017791
2016-08-01,CTXS,0.03333333333333333,10.0,2016-07-29,1.6719846130760818
2016-08-01,VRTX,0.03333333333333333,10.0,2016-07-29,1.4350948607527891
2016-08-01,REGN,0.03333333333333333,10.0,2016-07-29,1.3914815831431948
2016-08-01,ADBE,0.03333333333333333,10.0,2016-07-29,1.3472829631150414
2016-08-01,CHRW,0.03333333333333333,10.0,2016-07-29,1.2824895964747407
2016-08-01,CERN,0.03333333333333333,10.0,2016-07-29,1.274558705813414
2016-08-01,ISRG,0.03333333333333333,10.0,2016-07-29,1.1957326314561285
2016-08-01,AMD,0.03333333333333333,10.0,2016-07-29,1.162400990900213
2016-08-01,GOOG,0.03333333333333333,10.0,2016-07-29,1.153037737199028
2016-08-01,GOOGL,0.03333333333333333,10.0,2016-07-29,1.153037737199028
2016-08-01,NVDA,0.03333333333333333,10.0,2016-07-29,1.1139873735813095
2016-08-01,WYNN,0.03333333333333333,10.0,2016-07-29,1.0519850471178216
2016-08-01,ADP,0.03333333333333333,10.0,2016-07-29,1.0099916654023207
2016-08-01,SWKS,0.03333333333333333,10.0,2016-07-29,0.9535048611984719
2016-09-01,CHTR,0.03333333333333333,10.0,2016-08-31,41.682331913909834
2016-09-01,NVDA,0.03333333333333333,10.0,2016-08-31,4.054500557113538
2016-09-01,ULTA,0.03333333333333333,10.0,2016-08-31,3.707222199492966
2016-09-01,META,0.03333333333333333,10.0,2016-08-31,3.229269230077878
2016-09-01,ORLY,0.03333333333333333,10.0,2016-08-31,3.123938109309082
2016-09-01,AMAT,0.03333333333333333,10.0,2016-08-31,2.49229807329263
2016-09-01,MSFT,0.03333333333333333,10.0,2016-08-31,2.46365279695351
2016-09-01,AMZN,0.03333333333333333,10.0,2016-08-31,2.2411032363113312
2016-09-01,DLTR,0.03333333333333333,10.0,2016-08-31,2.062602320540629
2016-09-01,ESRX,0.03333333333333333,10.0,2016-08-31,1.8706901510632223
2016-09-01,SIRI,0.03333333333333333,10.0,2016-08-31,1.7928208819927438
2016-09-01,PAYX,0.03333333333333333,10.0,2016-08-31,1.767471923017791
2016-09-01,GOOGL,0.03333333333333333,10.0,2016-08-31,1.7486629698300582
2016-09-01,GOOG,0.03333333333333333,10.0,2016-08-31,1.7486629698300582
2016-09-01,CERN,0.03333333333333333,10.0,2016-08-31,1.6265082523271743
2016-09-01,FISV,0.03333333333333333,10.0,2016-08-31,1.5612012674829474
2016-09-01,ADSK,0.03333333333333333,10.0,2016-08-31,1.4987333220080428
2016-09-01,LRCX,0.03333333333333333,10.0,2016-08-31,1.4490831453853639
2016-09-01,CHRW,0.03333333333333333,10.0,2016-08-31,1.4127550797374402
2016-09-01,ADBE,0.03333333333333333,10.0,2016-08-31,1.3472829631150414
2016-09-01,LBTYK,0.03333333333333333,10.0,2016-08-31,1.2086277781398793
2016-09-01,LBTYA,0.03333333333333333,10.0,2016-08-31,1.2086277781398793
2016-09-01,ISRG,0.03333333333333333,10.0,2016-08-31,1.1957326314561285
2016-09-01,AMD,0.03333333333333333,10.0,2016-08-31,1.162400990900213
2016-09-01,CME,0.03333333333333333,10.0,2016-08-31,1.0594481798555095
2016-09-01,VRTX,0.03333333333333333,10.0,2016-08-31,1.0193666210052608
2016-09-01,ROST,0.03333333333333333,10.0,2016-08-31,0.9390502025647154
2016-09-01,AMGN,0.03333333333333333,10.0,2016-08-31,0.8813609707381791
2016-09-01,BIIB,0.03333333333333333,10.0,2016-08-31,0.7833335827507018
2016-09-01,CELG,0.03333333333333333,10.0,2016-08-31,0.7477329846635998
2016-10-03,CHTR,0.03333333333333333,10.0,2016-09-30,41.682331913909834
2016-10-03,NVDA,0.03333333333333333,10.0,2016-09-30,4.054500557113538
2016-10-03,ULTA,0.03333333333333333,10.0,2016-09-30,3.707222199492966
2016-10-03,META,0.03333333333333333,10.0,2016-09-30,3.229269230077878
2016-10-03,ORLY,0.03333333333333333,10.0,2016-09-30,3.123938109309082
2016-10-03,ROST,0.03333333333333333,10.0,2016-09-30,2.537758231210321
2016-10-03,DLTR,0.03333333333333333,10.0,2016-09-30,2.512794135863691
2016-10-03,AMAT,0.03333333333333333,10.0,2016-09-30,2.49229807329263
2016-10-03,MSFT,0.03333333333333333,10.0,2016-09-30,2.46365279695351
2016-10-03,AMZN,0.03333333333333333,10.0,2016-09-30,2.2411032363113312
2016-10-03,ESRX,0.03333333333333333,10.0,2016-09-30,1.8706901510632223
2016-10-03,SIRI,0.03333333333333333,10.0,2016-09-30,1.7928208819927438
2016-10-03,GOOG,0.03333333333333333,10.0,2016-09-30,1.7486629698300582
2016-10-03,GOOGL,0.03333333333333333,10.0,2016-09-30,1.7486629698300582
2016-10-03,NTAP,0.03333333333333333,10.0,2016-09-30,1.7399839990468682
2016-10-03,CERN,0.03333333333333333,10.0,2016-09-30,1.6265082523271743
2016-10-03,ZION,0.03333333333333333,10.0,2016-09-30,1.5779231615954006
2016-10-03,FISV,0.03333333333333333,10.0,2016-09-30,1.5612012674829474
2016-10-03,ADSK,0.03333333333333333,10.0,2016-09-30,1.4987333220080428
2016-10-03,LRCX,0.03333333333333333,10.0,2016-09-30,1.4490831453853639
2016-10-03,CHRW,0.03333333333333333,10.0,2016-09-30,1.4127550797374402
2016-10-03,ADBE,0.03333333333333333,10.0,2016-09-30,1.4004595520292704
2016-10-03,ISRG,0.03333333333333333,10.0,2016-09-30,1.1957326314561285
2016-10-03,AMD,0.03333333333333333,10.0,2016-09-30,1.162400990900213
2016-10-03,CSCO,0.03333333333333333,10.0,2016-09-30,1.1608619929899588
2016-10-03,CME,0.03333333333333333,10.0,2016-09-30,1.0594481798555095
2016-10-03,VRTX,0.03333333333333333,10.0,2016-09-30,1.0193666210052608
2016-10-03,PAYX,0.03333333333333333,10.0,2016-09-30,0.892496152209724
2016-10-03,AMGN,0.03333333333333333,10.0,2016-09-30,0.8813609707381791
2016-10-03,BIIB,0.03333333333333333,10.0,2016-09-30,0.7833335827507018
2016-11-01,CHTR,0.03333333333333333,10.0,2016-10-31,41.682331913909834
2016-11-01,NVDA,0.03333333333333333,10.0,2016-10-31,4.054500557113538
2016-11-01,ULTA,0.03333333333333333,10.0,2016-10-31,3.707222199492966
2016-11-01,ORLY,0.03333333333333333,10.0,2016-10-31,3.123938109309082
2016-11-01,ROST,0.03333333333333333,10.0,2016-10-31,2.537758231210321
2016-11-01,DLTR,0.03333333333333333,10.0,2016-10-31,2.512794135863691
2016-11-01,AMAT,0.03333333333333333,10.0,2016-10-31,2.49229807329263
2016-11-01,GOOGL,0.03333333333333333,10.0,2016-10-31,1.7486629698300582
2016-11-01,GOOG,0.03333333333333333,10.0,2016-10-31,1.7486629698300582
2016-11-01,NTAP,0.03333333333333333,10.0,2016-10-31,1.7399839990468682
2016-11-01,CERN,0.03333333333333333,10.0,2016-10-31,1.6265082523271743
2016-11-01,ZION,0.03333333333333333,10.0,2016-10-31,1.5779231615954006
2016-11-01,ADSK,0.03333333333333333,10.0,2016-10-31,1.4987333220080428
2016-11-01,ESRX,0.03333333333333333,10.0,2016-10-31,1.486814047883559
2016-11-01,ADBE,0.03333333333333333,10.0,2016-10-31,1.4004595520292704
2016-11-01,XLNX,0.03333333333333333,10.0,2016-10-31,1.3821822051626602
2016-11-01,ISRG,0.03333333333333333,10.0,2016-10-31,1.3220660281810666
2016-11-01,CSCO,0.03333333333333333,10.0,2016-10-31,1.1608619929899588
2016-11-01,TMUS,0.03333333333333333,10.0,2016-10-31,1.0604629610842684
2016-11-01,CME,0.03333333333333333,10.0,2016-10-31,1.0594481798555095
2016-11-01,TROW,0.03333333333333333,10.0,2016-10-31,0.9130645657595312
2016-11-01,PAYX,0.03333333333333333,10.0,2016-10-31,0.892496152209724
2016-11-01,KLAC,0.03333333333333333,10.0,2016-10-31,0.8157189343915727
2016-11-01,BKNG,0.03333333333333333,10.0,2016-10-31,0.7082724044202365
2016-11-01,SIRI,0.03333333333333333,10.0,2016-10-31,0.7033425798772672
2016-11-01,NFLX,0.03333333333333333,10.0,2016-10-31,0.6950446773593391
2016-11-01,AKAM,0.03333333333333333,10.0,2016-10-31,0.6884627789812708
2016-11-01,TXN,0.03333333333333333,10.0,2016-10-31,0.6792371623120544
2016-11-01,CELG,0.03333333333333333,10.0,2016-10-31,0.6215377560711126
2016-11-01,AMGN,0.03333333333333333,10.0,2016-10-31,0.6197769186650216
2016-12-01,TSLA,0.03333333333333333,10.0,2016-11-30,4.948159252044694
2016-12-01,ADI,0.03333333333333333,10.0,2016-11-30,4.783333796331868
2016-12-01,NVDA,0.03333333333333333,10.0,2016-11-30,3.223263672830304
2016-12-01,CME,0.03333333333333333,10.0,2016-11-30,2.807243391177914
2016-12-01,META,0.03333333333333333,10.0,2016-11-30,2.7268488271658446
2016-12-01,ROST,0.03333333333333333,10.0,2016-11-30,2.537758231210321
2016-12-01,DLTR,0.03333333333333333,10.0,2016-11-30,2.512794135863691
2016-12-01,GOOGL,0.03333333333333333,10.0,2016-11-30,2.017293220847551
2016-12-01,GOOG,0.03333333333333333,10.0,2016-11-30,2.017293220847551
2016-12-01,CTXS,0.03333333333333333,10.0,2016-11-30,2.0013051309472902
2016-12-01,NTAP,0.03333333333333333,10.0,2016-11-30,1.7399839990468682
2016-12-01,SBAC,0.03333333333333333,10.0,2016-11-30,1.7052924473273547
2016-12-01,ESRX,0.03333333333333333,10.0,2016-11-30,1.486814047883559
2016-12-01,ORLY,0.03333333333333333,10.0,2016-11-30,1.4497427355812293
2016-12-01,TXN,0.03333333333333333,10.0,2016-11-30,1.4239757071112646
2016-12-01,ADBE,0.03333333333333333,10.0,2016-11-30,1.4004595520292704
2016-12-01,XLNX,0.03333333333333333,10.0,2016-11-30,1.3821822051626602
2016-12-01,KHC,0.03333333333333333,10.0,2016-11-30,1.3796859516744067
2016-12-01,ISRG,0.03333333333333333,10.0,2016-11-30,1.3220660281810666
2016-12-01,INCY,0.03333333333333333,10.0,2016-11-30,1.2999849612092558
2016-12-01,FITB,0.03333333333333333,10.0,2016-11-30,1.1350092449248281
2016-12-01,WFM,0.03333333333333333,10.0,2016-11-30,1.100845097829502
2016-12-01,HSIC,0.03333333333333333,10.0,2016-11-30,1.0987876208914027
2016-12-01,FANG,0.03333333333333333,10.0,2016-11-30,1.0779604346207565
2016-12-01,TMUS,0.03333333333333333,10.0,2016-11-30,1.0604629610842684
2016-12-01,STLD,0.03333333333333333,10.0,2016-11-30,1.0320606268001813
2016-12-01,QCOM,0.03333333333333333,10.0,2016-11-30,0.9225224858923403
2016-12-01,TROW,0.03333333333333333,10.0,2016-11-30,0.9130645657595312
2016-12-01,PAYX,0.03333333333333333,10.0,2016-11-30,0.892496152209724
2016-12-01,REGN,0.03333333333333333,10.0,2016-11-30,0.8616878369728309
2017-01-03,TSLA,0.03333333333333333,10.0,2016-12-30,4.948159252044694
2017-01-03,ADI,0.03333333333333333,10.0,2016-12-30,4.783333796331868
2017-01-03,ULTA,0.03333333333333333,10.0,2016-12-30,3.859737018934369
2017-01-03,AMAT,0.03333333333333333,10.0,2016-12-30,3.4714150301276954
2017-01-03,NVDA,0.03333333333333333,10.0,2016-12-30,3.223263672830304
2017-01-03,ROST,0.03333333333333333,10.0,2016-12-30,3.189852507721874
2017-01-03,CME,0.03333333333333333,10.0,2016-12-30,2.807243391177914
2017-01-03,META,0.03333333333333333,10.0,2016-12-30,2.7268488271658446
2017-01-03,GOOG,0.03333333333333333,10.0,2016-12-30,2.017293220847551
2017-01-03,GOOGL,0.03333333333333333,10.0,2016-12-30,2.017293220847551
2017-01-03,CTXS,0.03333333333333333,10.0,2016-12-30,2.0013051309472902
2017-01-03,SBAC,0.03333333333333333,10.0,2016-12-30,1.7052924473273547
2017-01-03,ESRX,0.03333333333333333,10.0,2016-12-30,1.486814047883559
2017-01-03,ORLY,0.03333333333333333,10.0,2016-12-30,1.4497427355812293
2017-01-03,TXN,0.03333333333333333,10.0,2016-12-30,1.4239757071112646
2017-01-03,PAYX,0.03333333333333333,10.0,2016-12-30,1.3835946852117813
2017-01-03,XLNX,0.03333333333333333,10.0,2016-12-30,1.3821822051626602
2017-01-03,KHC,0.03333333333333333,10.0,2016-12-30,1.3796859516744067
2017-01-03,ISRG,0.03333333333333333,10.0,2016-12-30,1.3220660281810666
2017-01-03,LULU,0.03333333333333333,10.0,2016-12-30,1.3205673436573584
2017-01-03,INCY,0.03333333333333333,10.0,2016-12-30,1.2999849612092558
2017-01-03,FITB,0.03333333333333333,10.0,2016-12-30,1.1350092449248281
2017-01-03,COST,0.03333333333333333,10.0,2016-12-30,1.1265897035481731
2017-01-03,WFM,0.03333333333333333,10.0,2016-12-30,1.100845097829502
2017-01-03,HSIC,0.03333333333333333,10.0,2016-12-30,1.0987876208914027
2017-01-03,FANG,0.03333333333333333,10.0,2016-12-30,1.0779604346207565
2017-01-03,TMUS,0.03333333333333333,10.0,2016-12-30,1.0604629610842684
2017-01-03,STLD,0.03333333333333333,10.0,2016-12-30,1.0320606268001813
2017-01-03,QCOM,0.03333333333333333,10.0,2016-12-30,0.9225224858923403
2017-01-03,TROW,0.03333333333333333,10.0,2016-12-30,0.9130645657595312
2017-02-01,TSLA,0.03333333333333333,10.0,2017-01-31,4.948159252044694
2017-02-01,ADI,0.03333333333333333,10.0,2017-01-31,4.783333796331868
2017-02-01,ULTA,0.03333333333333333,10.0,2017-01-31,3.859737018934369
2017-02-01,ADBE,0.03333333333333333,10.0,2017-01-31,3.4818839826994052
2017-02-01,AMAT,0.03333333333333333,10.0,2017-01-31,3.4714150301276954
2017-02-01,NVDA,0.03333333333333333,10.0,2017-01-31,3.223263672830304
2017-02-01,ROST,0.03333333333333333,10.0,2017-01-31,3.189852507721874
2017-02-01,CME,0.03333333333333333,10.0,2017-01-31,2.807243391177914
2017-02-01,META,0.03333333333333333,10.0,2017-01-31,2.7268488271658446
2017-02-01,HAS,0.03333333333333333,10.0,2017-01-31,2.563996716852018
2017-02-01,GOOGL,0.03333333333333333,10.0,2017-01-31,2.017293220847551
2017-02-01,GOOG,0.03333333333333333,10.0,2017-01-31,2.017293220847551
2017-02-01,CTXS,0.03333333333333333,10.0,2017-01-31,2.0013051309472902
2017-02-01,ALXN,0.03333333333333333,10.0,2017-01-31,1.7815215047768445
2017-02-01,ORLY,0.03333333333333333,10.0,2017-01-31,1.4497427355812293
2017-02-01,TXN,0.03333333333333333,10.0,2017-01-31,1.4239757071112646
2017-02-01,PAYX,0.03333333333333333,10.0,2017-01-31,1.3835946852117813
2017-02-01,KHC,0.03333333333333333,10.0,2017-01-31,1.3796859516744067
2017-02-01,LULU,0.03333333333333333,10.0,2017-01-31,1.3205673436573584
2017-02-01,INCY,0.03333333333333333,10.0,2017-01-31,1.2999849612092558
2017-02-01,LRCX,0.03333333333333333,10.0,2017-01-31,1.2659748482205946
2017-02-01,FITB,0.03333333333333333,10.0,2017-01-31,1.1350092449248281
2017-02-01,COST,0.03333333333333333,10.0,2017-01-31,1.1265897035481731
2017-02-01,WFM,0.03333333333333333,10.0,2017-01-31,1.100845097829502
2017-02-01,FANG,0.03333333333333333,10.0,2017-01-31,1.0779604346207565
2017-02-01,STLD,0.03333333333333333,10.0,2017-01-31,1.0320606268001813
2017-02-01,KLAC,0.03333333333333333,10.0,2017-01-31,0.9686739056844947
2017-02-01,REGN,0.03333333333333333,10.0,2017-01-31,0.8616878369728309
2017-02-01,NFLX,0.03333333333333333,10.0,2017-01-31,0.7611976631076669
2017-02-01,ADP,0.03333333333333333,10.0,2017-01-31,0.745227744265135
2017-03-01,ESRX,0.03333333333333333,10.0,2017-02-28,16.135828218374044
2017-03-01,LBTYK,0.03333333333333333,10.0,2017-02-28,6.840728256919599
2017-03-01,EBAY,0.03333333333333333,10.0,2017-02-28,4.7865645057433674
2017-03-01,META,0.03333333333333333,10.0,2017-02-28,4.16376305912302
2017-03-01,EXEL,0.03333333333333333,10.0,2017-02-28,3.9828568339470762
2017-03-01,ADP,0.03333333333333333,10.0,2017-02-28,3.971679644152154
2017-03-01,ULTA,0.03333333333333333,10.0,2017-02-28,3.859737018934369
2017-03-01,AMAT,0.03333333333333333,10.0,2017-02-28,3.766642497541924
2017-03-01,ADBE,0.03333333333333333,10.0,2017-02-28,3.4818839826994052
2017-03-01,ROST,0.03333333333333333,10.0,2017-02-28,3.189852507721874
2017-03-01,HBAN,0.03333333333333333,10.0,2017-02-28,3.1407242206461152
2017-03-01,TXN,0.03333333333333333,10.0,2017-02-28,2.953314316301218
2017-03-01,STLD,0.03333333333333333,10.0,2017-02-28,2.597349572266356
2017-03-01,REGN,0.03333333333333333,10.0,2017-02-28,2.3953611608746956
2017-03-01,ORLY,0.03333333333333333,10.0,2017-02-28,2.352951374705792
2017-03-01,SIRI,0.03333333333333333,10.0,2017-02-28,1.9322731036648049
2017-03-01,CME,0.03333333333333333,10.0,2017-02-28,1.7570340131723141
2017-03-01,TSCO,0.03333333333333333,10.0,2017-02-28,1.6948945409986083
2017-03-01,CTXS,0.03333333333333333,10.0,2017-02-28,1.6661515846302177
2017-03-01,TROW,0.03333333333333333,10.0,2017-02-28,1.6161243589791918
2017-03-01,PAYX,0.03333333333333333,10.0,2017-02-28,1.3835946852117813
2017-03-01,FANG,0.03333333333333333,10.0,2017-02-28,1.3125357742490573
2017-03-01,LRCX,0.03333333333333333,10.0,2017-02-28,1.2659748482205946
2017-03-01,CMCSA,0.03333333333333333,10.0,2017-02-28,1.2290977463180364
2017-03-01,COST,0.03333333333333333,10.0,2017-02-28,1.1265897035481731
2017-03-01,KLAC,0.03333333333333333,10.0,2017-02-28,0.9686739056844947
2017-03-01,HAS,0.03333333333333333,10.0,2017-02-28,0.9071171039410173
2017-03-01,VRTX,0.03333333333333333,10.0,2017-02-28,0.8963980048022476
2017-03-01,GOOGL,0.03333333333333333,10.0,2017-02-28,0.8812801038465221
2017-03-01,GOOG,0.03333333333333333,10.0,2017-02-28,0.8812801038465221
2017-04-03,ESRX,0.03333333333333333,10.0,2017-03-31,16.135828218374044
2017-04-03,ULTA,0.03333333333333333,10.0,2017-03-31,7.905635929580865
2017-04-03,LBTYK,0.03333333333333333,10.0,2017-03-31,6.840728256919599
2017-04-03,EBAY,0.03333333333333333,10.0,2017-03-31,4.7865645057433674
2017-04-03,META,0.03333333333333333,10.0,2017-03-31,4.16376305912302
2017-04-03,EXEL,0.03333333333333333,10.0,2017-03-31,3.9828568339470762
2017-04-03,ADP,0.03333333333333333,10.0,2017-03-31,3.971679644152154
2017-04-03,ROST,0.03333333333333333,10.0,2017-03-31,3.910242711805439
2017-04-03,AMAT,0.03333333333333333,10.0,2017-03-31,3.766642497541924
2017-04-03,NVDA,0.03333333333333333,10.0,2017-03-31,3.5047921557454162
2017-04-03,HBAN,0.03333333333333333,10.0,2017-03-31,3.1407242206461152
2017-04-03,TXN,0.03333333333333333,10.0,2017-03-31,2.953314316301218
2017-04-03,ADBE,0.03333333333333333,10.0,2017-03-31,2.9138690846702833
2017-04-03,STLD,0.03333333333333333,10.0,2017-03-31,2.597349572266356
2017-04-03,REGN,0.03333333333333333,10.0,2017-03-31,2.3953611608746956
2017-04-03,MU,0.03333333333333333,10.0,2017-03-31,2.376101588402257
2017-04-03,PAYX,0.03333333333333333,10.0,2017-03-31,2.3570950916980813
2017-04-03,ORLY,0.03333333333333333,10.0,2017-03-31,2.352951374705792
2017-04-03,SIRI,0.03333333333333333,10.0,2017-03-31,1.9322731036648049
2017-04-03,YHOO,0.03333333333333333,10.0,2017-03-31,1.7768271062414782
2017-04-03,CME,0.03333333333333333,10.0,2017-03-31,1.7570340131723141
2017-04-03,TSCO,0.03333333333333333,10.0,2017-03-31,1.6948945409986083
2017-04-03,CTXS,0.03333333333333333,10.0,2017-03-31,1.6661515846302177
2017-04-03,TROW,0.03333333333333333,10.0,2017-03-31,1.6161243589791918
2017-04-03,TSLA,0.03333333333333333,10.0,2017-03-31,1.413299182253839
2017-04-03,FANG,0.03333333333333333,10.0,2017-03-31,1.3125357742490573
2017-04-03,LRCX,0.03333333333333333,10.0,2017-03-31,1.2659748482205946
2017-04-03,CMCSA,0.03333333333333333,10.0,2017-03-31,1.2290977463180364
2017-04-03,MYL,0.03333333333333333,10.0,2017-03-31,1.1622327038107279
2017-04-03,NTRS,0.03333333333333333,10.0,2017-03-31,0.9415576174343682
2017-05-01,ULTA,0.03333333333333333,10.0,2017-04-28,7.905635929580865
2017-05-01,LBTYK,0.03333333333333333,10.0,2017-04-28,6.840728256919599
2017-05-01,NFLX,0.03333333333333333,10.0,2017-04-28,5.215468732152132
2017-05-01,VRTX,0.03333333333333333,10.0,2017-04-28,4.962548224397595
2017-05-01,LRCX,0.03333333333333333,10.0,2017-04-28,4.6980216325095405
2017-05-01,META,0.03333333333333333,10.0,2017-04-28,4.16376305912302
2017-05-01,ADP,0.03333333333333333,10.0,2017-04-28,3.971679644152154
2017-05-01,ROST,0.03333333333333333,10.0,2017-04-28,3.910242711805439
2017-05-01,AMAT,0.03333333333333333,10.0,2017-04-28,3.766642497541924
2017-05-01,ISRG,0.03333333333333333,10.0,2017-04-28,3.5206370861430756
2017-05-01,NVDA,0.03333333333333333,10.0,2017-04-28,3.5047921557454162
2017-05-01,TXN,0.03333333333333333,10.0,2017-04-28,2.953314316301218
2017-05-01,ADBE,0.03333333333333333,10.0,2017-04-28,2.9138690846702833
2017-05-01,STLD,0.03333333333333333,10.0,2017-04-28,2.597349572266356
2017-05-01,REGN,0.03333333333333333,10.0,2017-04-28,2.3953611608746956
2017-05-01,MU,0.03333333333333333,10.0,2017-04-28,2.376101588402257
2017-05-01,PAYX,0.03333333333333333,10.0,2017-04-28,2.3570950916980813
2017-05-01,ORLY,0.03333333333333333,10.0,2017-04-28,2.352951374705792
2017-05-01,INTC,0.03333333333333333,10.0,2017-04-28,1.8164115689557627
2017-05-01,YHOO,0.03333333333333333,10.0,2017-04-28,1.7768271062414782
2017-05-01,CME,0.03333333333333333,10.0,2017-04-28,1.7570340131723141
2017-05-01,TSCO,0.03333333333333333,10.0,2017-04-28,1.6948945409986083
2017-05-01,CTXS,0.03333333333333333,10.0,2017-04-28,1.6661515846302177
2017-05-01,LULU,0.03333333333333333,10.0,2017-04-28,1.626746365552832
2017-05-01,CMCSA,0.03333333333333333,10.0,2017-04-28,1.4975492733979998
2017-05-01,TSLA,0.03333333333333333,10.0,2017-04-28,1.413299182253839
2017-05-01,TROW,0.03333333333333333,10.0,2017-04-28,1.338372684928876
2017-05-01,FANG,0.03333333333333333,10.0,2017-04-28,1.3125357742490573
2017-05-01,HBAN,0.03333333333333333,10.0,2017-04-28,1.3070513066579004
2017-05-01,KLAC,0.03333333333333333,10.0,2017-04-28,1.1643774292363571
2017-06-01,HOLX,0.03333333333333333,10.0,2017-05-31,15.942439469494651
2017-06-01,ULTA,0.03333333333333333,10.0,2017-05-31,7.905635929580865
2017-06-01,ILMN,0.03333333333333333,10.0,2017-05-31,6.315506753079206
2017-06-01,NFLX,0.03333333333333333,10.0,2017-05-31,5.215468732152132
2017-06-01,VRTX,0.03333333333333333,10.0,2017-05-31,4.962548224397595
2017-06-01,LRCX,0.03333333333333333,10.0,2017-05-31,4.6980216325095405
2017-06-01,ROST,0.03333333333333333,10.0,2017-05-31,3.910242711805439
2017-06-01,ISRG,0.03333333333333333,10.0,2017-05-31,3.5206370861430756
2017-06-01,AAOI,0.03333333333333333,10.0,2017-05-31,3.1125787931894813
2017-06-01,AMAT,0.03333333333333333,10.0,2017-05-31,3.0964323802796567
2017-06-01,GOOGL,0.03333333333333333,10.0,2017-05-31,3.0531132110314125
2017-06-01,GOOG,0.03333333333333333,10.0,2017-05-31,3.0531132110314125
2017-06-01,ADBE,0.03333333333333333,10.0,2017-05-31,2.9138690846702833
2017-06-01,TXN,0.03333333333333333,10.0,2017-05-31,2.6362878313434677
2017-06-01,PCAR,0.03333333333333333,10.0,2017-05-31,2.518008672634278
2017-06-01,MAR,0.03333333333333333,10.0,2017-05-31,2.4264165908328565
2017-06-01,MU,0.03333333333333333,10.0,2017-05-31,2.376101588402257
2017-06-01,PAYX,0.03333333333333333,10.0,2017-05-31,2.3570950916980813
2017-06-01,FFIV,0.03333333333333333,10.0,2017-05-31,2.010005847649324
2017-06-01,INTC,0.03333333333333333,10.0,2017-05-31,1.8164115689557627
2017-06-01,REGN,0.03333333333333333,10.0,2017-05-31,1.7360840366572698
2017-06-01,NVDA,0.03333333333333333,10.0,2017-05-31,1.71618096046947
2017-06-01,LULU,0.03333333333333333,10.0,2017-05-31,1.626746365552832
2017-06-01,META,0.03333333333333333,10.0,2017-05-31,1.6144543228961985
2017-06-01,CTSH,0.03333333333333333,10.0,2017-05-31,1.5116620395266744
2017-06-01,CMCSA,0.03333333333333333,10.0,2017-05-31,1.4975492733979998
2017-06-01,TROW,0.03333333333333333,10.0,2017-05-31,1.338372684928876
2017-06-01,HBAN,0.03333333333333333,10.0,2017-05-31,1.3070513066579004
2017-06-01,TMUS,0.03333333333333333,10.0,2017-05-31,1.0762225341822325
2017-06-01,QRVO,0.03333333333333333,10.0,2017-05-31,1.061513534703016
2017-07-03,HOLX,0.03333333333333333,10.0,2017-06-30,15.942439469494651
2017-07-03,ILMN,0.03333333333333333,10.0,2017-06-30,6.315506753079206
2017-07-03,ULTA,0.03333333333333333,10.0,2017-06-30,5.3618124805464396
2017-07-03,NFLX,0.03333333333333333,10.0,2017-06-30,5.215468732152132
2017-07-03,VRTX,0.03333333333333333,10.0,2017-06-30,4.962548224397595
2017-07-03,LRCX,0.03333333333333333,10.0,2017-06-30,4.6980216325095405
2017-07-03,ISRG,0.03333333333333333,10.0,2017-06-30,3.5206370861430756
2017-07-03,COST,0.03333333333333333,10.0,2017-06-30,3.456045016936398
2017-07-03,ADBE,0.03333333333333333,10.0,2017-06-30,3.2676726261833444
2017-07-03,AAOI,0.03333333333333333,10.0,2017-06-30,3.1125787931894813
2017-07-03,AMAT,0.03333333333333333,10.0,2017-06-30,3.0964323802796567
2017-07-03,GOOGL,0.03333333333333333,10.0,2017-06-30,3.0531132110314125
2017-07-03,GOOG,0.03333333333333333,10.0,2017-06-30,3.0531132110314125
2017-07-03,ROST,0.03333333333333333,10.0,2017-06-30,2.995090553265191
2017-07-03,MU,0.03333333333333333,10.0,2017-06-30,2.909320207236398
2017-07-03,NTAP,0.03333333333333333,10.0,2017-06-30,2.695175534741852
2017-07-03,TXN,0.03333333333333333,10.0,2017-06-30,2.6362878313434677
2017-07-03,PCAR,0.03333333333333333,10.0,2017-06-30,2.518008672634278
2017-07-03,ALGN,0.03333333333333333,10.0,2017-06-30,2.5050868008155573
2017-07-03,MAR,0.03333333333333333,10.0,2017-06-30,2.4264165908328565
2017-07-03,PAYX,0.03333333333333333,10.0,2017-06-30,2.3570950916980813
2017-07-03,AVGO,0.03333333333333333,10.0,2017-06-30,2.3449748583448984
2017-07-03,INTC,0.03333333333333333,10.0,2017-06-30,1.8164115689557627
2017-07-03,REGN,0.03333333333333333,10.0,2017-06-30,1.7360840366572698
2017-07-03,NVDA,0.03333333333333333,10.0,2017-06-30,1.71618096046947
2017-07-03,META,0.03333333333333333,10.0,2017-06-30,1.6144543228961985
2017-07-03,CTSH,0.03333333333333333,10.0,2017-06-30,1.5116620395266744
2017-07-03,CMCSA,0.03333333333333333,10.0,2017-06-30,1.4975492733979998
2017-07-03,HBAN,0.03333333333333333,10.0,2017-06-30,1.3070513066579004
2017-07-03,KLAC,0.03333333333333333,10.0,2017-06-30,1.1643774292363571
2017-08-01,ILMN,0.03333333333333333,10.0,2017-07-31,6.315506753079206
2017-08-01,ULTA,0.03333333333333333,10.0,2017-07-31,5.3618124805464396
2017-08-01,COST,0.03333333333333333,10.0,2017-07-31,3.456045016936398
2017-08-01,HBAN,0.03333333333333333,10.0,2017-07-31,3.2746416360486013
2017-08-01,ISRG,0.03333333333333333,10.0,2017-07-31,3.2695388120129856
2017-08-01,ADBE,0.03333333333333333,10.0,2017-07-31,3.2676726261833444
2017-08-01,AAOI,0.03333333333333333,10.0,2017-07-31,3.1125787931894813
2017-08-01,AMAT,0.03333333333333333,10.0,2017-07-31,3.0964323802796567
2017-08-01,ROST,0.03333333333333333,10.0,2017-07-31,2.995090553265191
2017-08-01,MU,0.03333333333333333,10.0,2017-07-31,2.909320207236398
2017-08-01,NTAP,0.03333333333333333,10.0,2017-07-31,2.695175534741852
2017-08-01,TXN,0.03333333333333333,10.0,2017-07-31,2.6362878313434677
2017-08-01,PCAR,0.03333333333333333,10.0,2017-07-31,2.518008672634278
2017-08-01,ALGN,0.03333333333333333,10.0,2017-07-31,2.5050868008155573
2017-08-01,PYPL,0.03333333333333333,10.0,2017-07-31,2.473237480205108
2017-08-01,MAR,0.03333333333333333,10.0,2017-07-31,2.4264165908328565
2017-08-01,TROW,0.03333333333333333,10.0,2017-07-31,2.3701909209401766
2017-08-01,AVGO,0.03333333333333333,10.0,2017-07-31,2.3449748583448984
2017-08-01,INTC,0.03333333333333333,10.0,2017-07-31,2.3235727858220527
2017-08-01,FAST,0.03333333333333333,10.0,2017-07-31,2.3226611745981094
2017-08-01,META,0.03333333333333333,10.0,2017-07-31,2.0812108579740443
2017-08-01,PAYX,0.03333333333333333,10.0,2017-07-31,1.876420572302652
2017-08-01,TMUS,0.03333333333333333,10.0,2017-07-31,1.7544884874722826
2017-08-01,CELG,0.03333333333333333,10.0,2017-07-31,1.751036419881978
2017-08-01,REGN,0.03333333333333333,10.0,2017-07-31,1.7360840366572698
2017-08-01,NVDA,0.03333333333333333,10.0,2017-07-31,1.71618096046947
2017-08-01,CMCSA,0.03333333333333333,10.0,2017-07-31,1.5259497923567573
2017-08-01,CTSH,0.03333333333333333,10.0,2017-07-31,1.5116620395266744
2017-08-01,AMGN,0.03333333333333333,10.0,2017-07-31,1.490928617351695
2017-08-01,CSX,0.03333333333333333,10.0,2017-07-31,1.3951731255005166
2017-09-01,REGN,0.03333333333333333,10.0,2017-08-31,4.571475758030319
2017-09-01,HBAN,0.03333333333333333,10.0,2017-08-31,3.2746416360486013
2017-09-01,ISRG,0.03333333333333333,10.0,2017-08-31,3.2695388120129856
2017-09-01,ADBE,0.03333333333333333,10.0,2017-08-31,3.2676726261833444
2017-09-01,AAOI,0.03333333333333333,10.0,2017-08-31,3.181565984027432
2017-09-01,ROST,0.03333333333333333,10.0,2017-08-31,2.995090553265191
2017-09-01,MCHP,0.03333333333333333,10.0,2017-08-31,2.916084876490786
2017-09-01,MU,0.03333333333333333,10.0,2017-08-31,2.909320207236398
2017-09-01,ULTA,0.03333333333333333,10.0,2017-08-31,2.694837691732795
2017-09-01,BMRN,0.03333333333333333,10.0,2017-08-31,2.581213924723825
2017-09-01,CTSH,0.03333333333333333,10.0,2017-08-31,2.5703469732343778
2017-09-01,PYPL,0.03333333333333333,10.0,2017-08-31,2.473237480205108
2017-09-01,TROW,0.03333333333333333,10.0,2017-08-31,2.3701909209401766
2017-09-01,AVGO,0.03333333333333333,10.0,2017-08-31,2.3449748583448984
2017-09-01,INTC,0.03333333333333333,10.0,2017-08-31,2.3235727858220527
2017-09-01,FAST,0.03333333333333333,10.0,2017-08-31,2.3226611745981094
2017-09-01,WDC,0.03333333333333333,10.0,2017-08-31,2.3146585615389212
2017-09-01,CME,0.03333333333333333,10.0,2017-08-31,2.276460118865187
2017-09-01,MAR,0.03333333333333333,10.0,2017-08-31,2.127148148315179
2017-09-01,META,0.03333333333333333,10.0,2017-08-31,2.0812108579740443
2017-09-01,AMAT,0.03333333333333333,10.0,2017-08-31,1.991694796389138
2017-09-01,PAYX,0.03333333333333333,10.0,2017-08-31,1.876420572302652
2017-09-01,TXN,0.03333333333333333,10.0,2017-08-31,1.8642709733708356
2017-09-01,ORLY,0.03333333333333333,10.0,2017-08-31,1.8084790857176931
2017-09-01,NVDA,0.03333333333333333,10.0,2017-08-31,1.8021506393804412
2017-09-01,TMUS,0.03333333333333333,10.0,2017-08-31,1.7544884874722826
2017-09-01,CELG,0.03333333333333333,10.0,2017-08-31,1.751036419881978
2017-09-01,LRCX,0.03333333333333333,10.0,2017-08-31,1.5956857567277065
2017-09-01,FANG,0.03333333333333333,10.0,2017-08-31,1.5734454495182038
2017-09-01,CMCSA,0.03333333333333333,10.0,2017-08-31,1.5259497923567573
2017-10-02,ADBE,0.03333333333333333,10.0,2017-09-29,5.062762385624504
2017-10-02,REGN,0.03333333333333333,10.0,2017-09-29,4.571475758030319
2017-10-02,ROST,0.03333333333333333,10.0,2017-09-29,3.9039141384684863
2017-10-02,HBAN,0.03333333333333333,10.0,2017-09-29,3.2746416360486013
2017-10-02,ISRG,0.03333333333333333,10.0,2017-09-29,3.2695388120129856
2017-10-02,AAOI,0.03333333333333333,10.0,2017-09-29,3.181565984027432
2017-10-02,MCHP,0.03333333333333333,10.0,2017-09-29,2.916084876490786
2017-10-02,MU,0.03333333333333333,10.0,2017-09-29,2.909320207236398
2017-10-02,ULTA,0.03333333333333333,10.0,2017-09-29,2.694837691732795
2017-10-02,BMRN,0.03333333333333333,10.0,2017-09-29,2.581213924723825
2017-10-02,CTSH,0.03333333333333333,10.0,2017-09-29,2.5703469732343778
2017-10-02,PYPL,0.03333333333333333,10.0,2017-09-29,2.473237480205108
2017-10-02,TROW,0.03333333333333333,10.0,2017-09-29,2.3701909209401766
2017-10-02,INTC,0.03333333333333333,10.0,2017-09-29,2.3235727858220527
2017-10-02,FAST,0.03333333333333333,10.0,2017-09-29,2.3226611745981094
2017-10-02,WDC,0.03333333333333333,10.0,2017-09-29,2.3146585615389212
2017-10-02,CME,0.03333333333333333,10.0,2017-09-29,2.276460118865187
2017-10-02,MAR,0.03333333333333333,10.0,2017-09-29,2.127148148315179
2017-10-02,META,0.03333333333333333,10.0,2017-09-29,2.0812108579740443
2017-10-02,AMAT,0.03333333333333333,10.0,2017-09-29,1.991694796389138
2017-10-02,PAYX,0.03333333333333333,10.0,2017-09-29,1.876420572302652
2017-10-02,TXN,0.03333333333333333,10.0,2017-09-29,1.8642709733708356
2017-10-02,ORLY,0.03333333333333333,10.0,2017-09-29,1.8084790857176931
2017-10-02,NVDA,0.03333333333333333,10.0,2017-09-29,1.8021506393804412
2017-10-02,TMUS,0.03333333333333333,10.0,2017-09-29,1.7544884874722826
2017-10-02,CELG,0.03333333333333333,10.0,2017-09-29,1.751036419881978
2017-10-02,LRCX,0.03333333333333333,10.0,2017-09-29,1.5956857567277065
2017-10-02,FANG,0.03333333333333333,10.0,2017-09-29,1.5734454495182038
2017-10-02,CMCSA,0.03333333333333333,10.0,2017-09-29,1.5259497923567573
2017-10-02,AMGN,0.03333333333333333,10.0,2017-09-29,1.490928617351695
2017-11-01,ISRG,0.03333333333333333,10.0,2017-10-31,7.944961994518116
2017-11-01,ADBE,0.03333333333333333,10.0,2017-10-31,5.062762385624504
2017-11-01,REGN,0.03333333333333333,10.0,2017-10-31,4.571475758030319
2017-11-01,ROST,0.03333333333333333,10.0,2017-10-31,3.9039141384684863
2017-11-01,HBAN,0.03333333333333333,10.0,2017-10-31,3.499348081030982
2017-11-01,AAOI,0.03333333333333333,10.0,2017-10-31,3.181565984027432
2017-11-01,MCHP,0.03333333333333333,10.0,2017-10-31,2.916084876490786
2017-11-01,CELG,0.03333333333333333,10.0,2017-10-31,2.7101227371411145
2017-11-01,ULTA,0.03333333333333333,10.0,2017-10-31,2.694837691732795
2017-11-01,CTSH,0.03333333333333333,10.0,2017-10-31,2.5703469732343778
2017-11-01,MU,0.03333333333333333,10.0,2017-10-31,2.4707092611538153
2017-11-01,NTRS,0.03333333333333333,10.0,2017-10-31,2.411001533383542
2017-11-01,WDC,0.03333333333333333,10.0,2017-10-31,2.3146585615389212
2017-11-01,CME,0.03333333333333333,10.0,2017-10-31,2.276460118865187
2017-11-01,MAR,0.03333333333333333,10.0,2017-10-31,2.127148148315179
2017-11-01,COST,0.03333333333333333,10.0,2017-10-31,2.092718052141994
2017-11-01,KLAC,0.03333333333333333,10.0,2017-10-31,2.083057879084769
2017-11-01,LRCX,0.03333333333333333,10.0,2017-10-31,2.0463070087575304
2017-11-01,AMAT,0.03333333333333333,10.0,2017-10-31,1.991694796389138
2017-11-01,GOOG,0.03333333333333333,10.0,2017-10-31,1.9658227135250195
2017-11-01,GOOGL,0.03333333333333333,10.0,2017-10-31,1.9658227135250195
2017-11-01,TXN,0.03333333333333333,10.0,2017-10-31,1.8642709733708356
2017-11-01,ORLY,0.03333333333333333,10.0,2017-10-31,1.8084790857176931
2017-11-01,NVDA,0.03333333333333333,10.0,2017-10-31,1.8021506393804412
2017-11-01,FAST,0.03333333333333333,10.0,2017-10-31,1.7552818974856488
2017-11-01,PYPL,0.03333333333333333,10.0,2017-10-31,1.5316952585858372
2017-11-01,INTC,0.03333333333333333,10.0,2017-10-31,1.3588026145513574
2017-11-01,NFLX,0.03333333333333333,10.0,2017-10-31,1.348195554891465
2017-11-01,ALGN,0.03333333333333333,10.0,2017-10-31,1.3480463340743714
2017-11-01,NCLH,0.03333333333333333,10.0,2017-10-31,1.3060219778991375
2017-12-01,ISRG,0.03333333333333333,10.0,2017-11-30,7.944961994518116
2017-12-01,ADBE,0.03333333333333333,10.0,2017-11-30,5.062762385624504
2017-12-01,BKNG,0.03333333333333333,10.0,2017-11-30,4.299231651059462
2017-12-01,ROST,0.03333333333333333,10.0,2017-11-30,3.9039141384684863
2017-12-01,HBAN,0.03333333333333333,10.0,2017-11-30,3.499348081030982
2017-12-01,MAR,0.03333333333333333,10.0,2017-11-30,3.398094154790591
2017-12-01,FITB,0.03333333333333333,10.0,2017-11-30,3.2546934134856356
2017-12-01,META,0.03333333333333333,10.0,2017-11-30,3.040152797460349
2017-12-01,CELG,0.03333333333333333,10.0,2017-11-30,2.7101227371411145
2017-12-01,AMD,0.03333333333333333,10.0,2017-11-30,2.6116844407904574
2017-12-01,WDC,0.03333333333333333,10.0,2017-11-30,2.5073814288959717
2017-12-01,MU,0.03333333333333333,10.0,2017-11-30,2.4707092611538153
2017-12-01,ON,0.03333333333333333,10.0,2017-11-30,2.3572814065324876
2017-12-01,ALGN,0.03333333333333333,10.0,2017-11-30,2.3154998006948078
2017-12-01,REGN,0.03333333333333333,10.0,2017-11-30,2.1232478013235747
2017-12-01,COST,0.03333333333333333,10.0,2017-11-30,2.092718052141994
2017-12-01,TXN,0.03333333333333333,10.0,2017-11-30,2.0919031411580367
2017-12-01,KLAC,0.03333333333333333,10.0,2017-11-30,2.083057879084769
2017-12-01,LRCX,0.03333333333333333,10.0,2017-11-30,2.0463070087575304
2017-12-01,ULTA,0.03333333333333333,10.0,2017-11-30,2.0399140218582485
2017-12-01,GOOG,0.03333333333333333,10.0,2017-11-30,1.9658227135250195
2017-12-01,GOOGL,0.03333333333333333,10.0,2017-11-30,1.9658227135250195
2017-12-01,NVDA,0.03333333333333333,10.0,2017-11-30,1.919975965663212
2017-12-01,PYPL,0.03333333333333333,10.0,2017-11-30,1.5316952585858372
2017-12-01,NCLH,0.03333333333333333,10.0,2017-11-30,1.426842741105429
2017-12-01,INTC,0.03333333333333333,10.0,2017-11-30,1.3588026145513574
2017-12-01,NFLX,0.03333333333333333,10.0,2017-11-30,1.348195554891465
2017-12-01,WYNN,0.03333333333333333,10.0,2017-11-30,1.3334732017584445
2017-12-01,SHPG,0.03333333333333333,10.0,2017-11-30,1.2761160241355451
2017-12-01,BIIB,0.03333333333333333,10.0,2017-11-30,1.242387178507379
2018-01-02,ISRG,0.03333333333333333,10.0,2017-12-29,7.944961994518116
2018-01-02,BKNG,0.03333333333333333,10.0,2017-12-29,4.299231651059462
2018-01-02,HBAN,0.03333333333333333,10.0,2017-12-29,3.499348081030982
2018-01-02,MAR,0.03333333333333333,10.0,2017-12-29,3.398094154790591
2018-01-02,PAYX,0.03333333333333333,10.0,2017-12-29,3.289312603121095
2018-01-02,FITB,0.03333333333333333,10.0,2017-12-29,3.2546934134856356
2018-01-02,ROST,0.03333333333333333,10.0,2017-12-29,3.135592339166642
2018-01-02,META,0.03333333333333333,10.0,2017-12-29,3.040152797460349
2018-01-02,CELG,0.03333333333333333,10.0,2017-12-29,2.7101227371411145
2018-01-02,AMD,0.03333333333333333,10.0,2017-12-29,2.6116844407904574
2018-01-02,WDC,0.03333333333333333,10.0,2017-12-29,2.5073814288959717
2018-01-02,ON,0.03333333333333333,10.0,2017-12-29,2.3572814065324876
2018-01-02,ALGN,0.03333333333333333,10.0,2017-12-29,2.3154998006948078
2018-01-02,REGN,0.03333333333333333,10.0,2017-12-29,2.1232478013235747
2018-01-02,TXN,0.03333333333333333,10.0,2017-12-29,2.0919031411580367
2018-01-02,KLAC,0.03333333333333333,10.0,2017-12-29,2.083057879084769
2018-01-02,LRCX,0.03333333333333333,10.0,2017-12-29,2.0463070087575304
2018-01-02,ULTA,0.03333333333333333,10.0,2017-12-29,2.0399140218582485
2018-01-02,GOOG,0.03333333333333333,10.0,2017-12-29,1.9658227135250195
2018-01-02,GOOGL,0.03333333333333333,10.0,2017-12-29,1.9658227135250195
2018-01-02,NVDA,0.03333333333333333,10.0,2017-12-29,1.919975965663212
2018-01-02,MU,0.03333333333333333,10.0,2017-12-29,1.8401775902439843
2018-01-02,AMAT,0.03333333333333333,10.0,2017-12-29,1.705228417893886
2018-01-02,CGNX,0.03333333333333333,10.0,2017-12-29,1.5750527513580486
2018-01-02,PYPL,0.03333333333333333,10.0,2017-12-29,1.5316952585858372
2018-01-02,INTC,0.03333333333333333,10.0,2017-12-29,1.3588026145513574
2018-01-02,NFLX,0.03333333333333333,10.0,2017-12-29,1.348195554891465
2018-01-02,WYNN,0.03333333333333333,10.0,2017-12-29,1.3334732017584445
2018-01-02,SHPG,0.03333333333333333,10.0,2017-12-29,1.2761160241355451
2018-01-02,BIIB,0.03333333333333333,10.0,2017-12-29,1.242387178507379
2018-02-01,CMCSA,0.03333333333333333,10.0,2018-01-31,59.28366750147367
2018-02-01,SBUX,0.03333333333333333,10.0,2018-01-31,10.442035736486726
2018-02-01,BKNG,0.03333333333333333,10.0,2018-01-31,4.299231651059462
2018-02-01,HBAN,0.03333333333333333,10.0,2018-01-31,3.499348081030982
2018-02-01,ADBE,0.03333333333333333,10.0,2018-01-31,3.432874499553067
2018-02-01,MAR,0.03333333333333333,10.0,2018-01-31,3.398094154790591
2018-02-01,NKTR,0.03333333333333333,10.0,2018-01-31,3.3362540174354867
2018-02-01,PAYX,0.03333333333333333,10.0,2018-01-31,3.289312603121095
2018-02-01,FITB,0.03333333333333333,10.0,2018-01-31,3.2546934134856356
2018-02-01,ROST,0.03333333333333333,10.0,2018-01-31,3.135592339166642
2018-02-01,META,0.03333333333333333,10.0,2018-01-31,3.040152797460349
2018-02-01,NTNX,0.03333333333333333,10.0,2018-01-31,2.8166010482950137
2018-02-01,SPLK,0.03333333333333333,10.0,2018-01-31,2.8005024626348183
2018-02-01,AMD,0.03333333333333333,10.0,2018-01-31,2.6116844407904574
2018-02-01,WDC,0.03333333333333333,10.0,2018-01-31,2.5073814288959717
2018-02-01,ON,0.03333333333333333,10.0,2018-01-31,2.3572814065324876
2018-02-01,ALGN,0.03333333333333333,10.0,2018-01-31,2.3154998006948078
2018-02-01,REGN,0.03333333333333333,10.0,2018-01-31,2.1232478013235747
2018-02-01,TXN,0.03333333333333333,10.0,2018-01-31,2.0919031411580367
2018-02-01,NFLX,0.03333333333333333,10.0,2018-01-31,2.08789968745482
2018-02-01,ULTA,0.03333333333333333,10.0,2018-01-31,2.0399140218582485
2018-02-01,NVDA,0.03333333333333333,10.0,2018-01-31,1.919975965663212
2018-02-01,MU,0.03333333333333333,10.0,2018-01-31,1.8401775902439843
2018-02-01,AMAT,0.03333333333333333,10.0,2018-01-31,1.705228417893886
2018-02-01,CGNX,0.03333333333333333,10.0,2018-01-31,1.5750527513580486
2018-02-01,WYNN,0.03333333333333333,10.0,2018-01-31,1.3334732017584445
2018-02-01,COST,0.03333333333333333,10.0,2018-01-31,1.2359644727387398
2018-02-01,WDAY,0.03333333333333333,10.0,2018-01-31,1.2237520082344402
2018-02-01,AVGO,0.03333333333333333,10.0,2018-01-31,1.1577143426516043
2018-02-01,OLED,0.03333333333333333,10.0,2018-01-31,1.0995209969288053
2018-03-01,CSX,0.03333333333333333,10.0,2018-02-28,66.39432527586122
2018-03-01,CMCSA,0.03333333333333333,10.0,2018-02-28,59.28366750147367
2018-03-01,KHC,0.03333333333333333,10.0,2018-02-28,14.522478620514372
2018-03-01,TMUS,0.03333333333333333,10.0,2018-02-28,11.88101353808016
2018-03-01,SBUX,0.03333333333333333,10.0,2018-02-28,10.442035736486726
2018-03-01,CERN,0.03333333333333333,10.0,2018-02-28,9.166218662673929
2018-03-01,ON,0.03333333333333333,10.0,2018-02-28,8.38856100030395
2018-03-01,PYPL,0.03333333333333333,10.0,2018-02-28,6.23953679182551
2018-03-01,WYNN,0.03333333333333333,10.0,2018-02-28,5.849579833916365
2018-03-01,CHTR,0.03333333333333333,10.0,2018-02-28,5.504934129654451
2018-03-01,ESRX,0.03333333333333333,10.0,2018-02-28,4.340953281731876
2018-03-01,ORLY,0.03333333333333333,10.0,2018-02-28,4.278506856715959
2018-03-01,FAST,0.03333333333333333,10.0,2018-02-28,3.4991105106224434
2018-03-01,ADBE,0.03333333333333333,10.0,2018-02-28,3.432874499553067
2018-03-01,PAYX,0.03333333333333333,10.0,2018-02-28,3.289312603121095
2018-03-01,NVDA,0.03333333333333333,10.0,2018-02-28,3.2318589766644865
2018-03-01,HBAN,0.03333333333333333,10.0,2018-02-28,3.2097236200511103
2018-03-01,ROST,0.03333333333333333,10.0,2018-02-28,3.135592339166642
2018-03-01,SHPG,0.03333333333333333,10.0,2018-02-28,3.086581609656578
2018-03-01,AMZN,0.03333333333333333,10.0,2018-02-28,2.625840757011758
2018-03-01,NFLX,0.03333333333333333,10.0,2018-02-28,2.08789968745482
2018-03-01,ULTA,0.03333333333333333,10.0,2018-02-28,2.0399140218582485
2018-03-01,MU,0.03333333333333333,10.0,2018-02-28,1.8401775902439843
2018-03-01,COST,0.03333333333333333,10.0,2018-02-28,1.2359644727387398
2018-03-01,WDAY,0.03333333333333333,10.0,2018-02-28,1.2237520082344402
2018-03-01,AAPL,0.03333333333333333,10.0,2018-02-28,1.19339511325798
2018-03-01,GEN,0.03333333333333333,10.0,2018-02-28,1.1849187119984927
2018-03-01,AVGO,0.03333333333333333,10.0,2018-02-28,1.1577143426516043
2018-03-01,VRTX,0.03333333333333333,10.0,2018-02-28,0.6846312715983173
2018-03-01,PCAR,0.03333333333333333,10.0,2018-02-28,0.5948859397035586
2018-04-02,CSX,0.03333333333333333,10.0,2018-03-29,66.39432527586122
2018-04-02,CMCSA,0.03333333333333333,10.0,2018-03-29,59.28366750147367
2018-04-02,CME,0.03333333333333333,10.0,2018-03-29,29.140417604185277
2018-04-02,KHC,0.03333333333333333,10.0,2018-03-29,14.522478620514372
2018-04-02,TMUS,0.03333333333333333,10.0,2018-03-29,11.88101353808016
2018-04-02,SBUX,0.03333333333333333,10.0,2018-03-29,10.442035736486726
2018-04-02,CERN,0.03333333333333333,10.0,2018-03-29,9.166218662673929
2018-04-02,ON,0.03333333333333333,10.0,2018-03-29,8.38856100030395
2018-04-02,DLTR,0.03333333333333333,10.0,2018-03-29,7.910562850399701
2018-04-02,FISV,0.03333333333333333,10.0,2018-03-29,6.735319268280496
2018-04-02,PYPL,0.03333333333333333,10.0,2018-03-29,6.23953679182551
2018-04-02,WYNN,0.03333333333333333,10.0,2018-03-29,5.849579833916365
2018-04-02,ADBE,0.03333333333333333,10.0,2018-03-29,5.728645948408425
2018-04-02,CHTR,0.03333333333333333,10.0,2018-03-29,5.504934129654451
2018-04-02,AVGO,0.03333333333333333,10.0,2018-03-29,5.479473126556668
2018-04-02,ESRX,0.03333333333333333,10.0,2018-03-29,4.340953281731876
2018-04-02,ORLY,0.03333333333333333,10.0,2018-03-29,4.278506856715959
2018-04-02,FAST,0.03333333333333333,10.0,2018-03-29,3.4991105106224434
2018-04-02,NVDA,0.03333333333333333,10.0,2018-03-29,3.2318589766644865
2018-04-02,SHPG,0.03333333333333333,10.0,2018-03-29,3.086581609656578
2018-04-02,AMZN,0.03333333333333333,10.0,2018-03-29,2.625840757011758
2018-04-02,COST,0.03333333333333333,10.0,2018-03-29,2.4543020334792476
2018-04-02,NFLX,0.03333333333333333,10.0,2018-03-29,2.08789968745482
2018-04-02,MU,0.03333333333333333,10.0,2018-03-29,1.6312209766654298
2018-04-02,AAPL,0.03333333333333333,10.0,2018-03-29,1.19339511325798
2018-04-02,GEN,0.03333333333333333,10.0,2018-03-29,1.1849187119984927
2018-04-02,WBA,0.03333333333333333,10.0,2018-03-29,0.7146750703954202
2018-04-02,VRTX,0.03333333333333333,10.0,2018-03-29,0.6846312715983173
2018-04-02,PCAR,0.03333333333333333,10.0,2018-03-29,0.5948859397035586
2018-04-02,WDAY,0.03333333333333333,10.0,2018-03-29,0.5944574760686953
2018-05-01,CME,0.03333333333333333,10.0,2018-04-30,29.140417604185277
2018-05-01,ROST,0.03333333333333333,10.0,2018-04-30,15.592744061142355
2018-05-01,KHC,0.03333333333333333,10.0,2018-04-30,14.522478620514372
2018-05-01,TMUS,0.03333333333333333,10.0,2018-04-30,11.88101353808016
2018-05-01,SBUX,0.03333333333333333,10.0,2018-04-30,10.442035736486726
2018-05-01,CERN,0.03333333333333333,10.0,2018-04-30,9.166218662673929
2018-05-01,ULTA,0.03333333333333333,10.0,2018-04-30,8.96597701491737
2018-05-01,DLTR,0.03333333333333333,10.0,2018-04-30,7.910562850399701
2018-05-01,WYNN,0.03333333333333333,10.0,2018-04-30,5.849579833916365
2018-05-01,ADBE,0.03333333333333333,10.0,2018-04-30,5.728645948408425
2018-05-01,AVGO,0.03333333333333333,10.0,2018-04-30,5.479473126556668
2018-05-01,ESRX,0.03333333333333333,10.0,2018-04-30,4.340953281731876
2018-05-01,ORLY,0.03333333333333333,10.0,2018-04-30,4.278506856715959
2018-05-01,NVDA,0.03333333333333333,10.0,2018-04-30,3.2318589766644865
2018-05-01,FAST,0.03333333333333333,10.0,2018-04-30,2.546088946753175
2018-05-01,COST,0.03333333333333333,10.0,2018-04-30,2.4543020334792476
2018-05-01,META,0.03333333333333333,10.0,2018-04-30,2.3219986129240984
2018-05-01,NFLX,0.03333333333333333,10.0,2018-04-30,2.0449031486522844
2018-05-01,SPLK,0.03333333333333333,10.0,2018-04-30,1.9773746253280664
2018-05-01,VRSN,0.03333333333333333,10.0,2018-04-30,1.8951574732319731
2018-05-01,PYPL,0.03333333333333333,10.0,2018-04-30,1.735037555926385
2018-05-01,AMZN,0.03333333333333333,10.0,2018-04-30,1.703972829206983
2018-05-01,MU,0.03333333333333333,10.0,2018-04-30,1.6312209766654298
2018-05-01,XEL,0.03333333333333333,10.0,2018-04-30,1.4031224930240458
2018-05-01,GOOG,0.03333333333333333,10.0,2018-04-30,1.200564192953817
2018-05-01,GOOGL,0.03333333333333333,10.0,2018-04-30,1.200564192953817
2018-05-01,AAPL,0.03333333333333333,10.0,2018-04-30,1.19339511325798
2018-05-01,GEN,0.03333333333333333,10.0,2018-04-30,1.1849187119984927
2018-05-01,BIIB,0.03333333333333333,10.0,2018-04-30,1.1448505816823074
2018-05-01,ISRG,0.03333333333333333,10.0,2018-04-30,1.039984919040086
2018-06-01,ROST,0.03333333333333333,10.0,2018-05-31,15.592744061142355
2018-06-01,PAYX,0.03333333333333333,10.0,2018-05-31,12.929816680895991
2018-06-01,ULTA,0.03333333333333333,10.0,2018-05-31,8.96597701491737
2018-06-01,NVDA,0.03333333333333333,10.0,2018-05-31,5.842300653039404
2018-06-01,ADBE,0.03333333333333333,10.0,2018-05-31,5.728645948408425
2018-06-01,AVGO,0.03333333333333333,10.0,2018-05-31,5.479473126556668
2018-06-01,LULU,0.03333333333333333,10.0,2018-05-31,3.364397201722607
2018-06-01,ADI,0.03333333333333333,10.0,2018-05-31,2.673720112385971
2018-06-01,REGN,0.03333333333333333,10.0,2018-05-31,2.6488410949972496
2018-06-01,FAST,0.03333333333333333,10.0,2018-05-31,2.546088946753175
2018-06-01,COST,0.03333333333333333,10.0,2018-05-31,2.4543020334792476
2018-06-01,META,0.03333333333333333,10.0,2018-05-31,2.3219986129240984
2018-06-01,ORLY,0.03333333333333333,10.0,2018-05-31,2.3171497813267443
2018-06-01,NFLX,0.03333333333333333,10.0,2018-05-31,2.0449031486522844
2018-06-01,SPLK,0.03333333333333333,10.0,2018-05-31,1.9773746253280664
2018-06-01,FITB,0.03333333333333333,10.0,2018-05-31,1.8489057832932874
2018-06-01,PYPL,0.03333333333333333,10.0,2018-05-31,1.735037555926385
2018-06-01,AMZN,0.03333333333333333,10.0,2018-05-31,1.703972829206983
2018-06-01,MU,0.03333333333333333,10.0,2018-05-31,1.6312209766654298
2018-06-01,INCY,0.03333333333333333,10.0,2018-05-31,1.46418579733447
2018-06-01,XEL,0.03333333333333333,10.0,2018-05-31,1.4031224930240458
2018-06-01,AAPL,0.03333333333333333,10.0,2018-05-31,1.3551034896439043
2018-06-01,INTU,0.03333333333333333,10.0,2018-05-31,1.2163667294261322
2018-06-01,GOOGL,0.03333333333333333,10.0,2018-05-31,1.200564192953817
2018-06-01,GOOG,0.03333333333333333,10.0,2018-05-31,1.200564192953817
2018-06-01,ALGN,0.03333333333333333,10.0,2018-05-31,1.1747625321366288
2018-06-01,BIIB,0.03333333333333333,10.0,2018-05-31,1.1448505816823074
2018-06-01,STX,0.03333333333333333,10.0,2018-05-31,1.094624285743887
2018-06-01,ISRG,0.03333333333333333,10.0,2018-05-31,1.039984919040086
2018-06-01,TXN,0.03333333333333333,10.0,2018-05-31,0.9402676683222047
2018-07-02,ADBE,0.03333333333333333,10.0,2018-06-29,8.24839879758112
2018-07-02,NVDA,0.03333333333333333,10.0,2018-06-29,5.842300653039404
2018-07-02,LULU,0.03333333333333333,10.0,2018-06-29,3.364397201722607
2018-07-02,ADI,0.03333333333333333,10.0,2018-06-29,2.673720112385971
2018-07-02,REGN,0.03333333333333333,10.0,2018-06-29,2.6488410949972496
2018-07-02,META,0.03333333333333333,10.0,2018-06-29,2.3219986129240984
2018-07-02,ORLY,0.03333333333333333,10.0,2018-06-29,2.3171497813267443
2018-07-02,ROST,0.03333333333333333,10.0,2018-06-29,2.1967173512903546
2018-07-02,ULTA,0.03333333333333333,10.0,2018-06-29,2.092976362209643
2018-07-02,NFLX,0.03333333333333333,10.0,2018-06-29,2.0449031486522844
2018-07-02,FITB,0.03333333333333333,10.0,2018-06-29,1.8489057832932874
2018-07-02,PYPL,0.03333333333333333,10.0,2018-06-29,1.735037555926385
2018-07-02,AMZN,0.03333333333333333,10.0,2018-06-29,1.703972829206983
2018-07-02,MU,0.03333333333333333,10.0,2018-06-29,1.5440533592075651
2018-07-02,INCY,0.03333333333333333,10.0,2018-06-29,1.46418579733447
2018-07-02,XEL,0.03333333333333333,10.0,2018-06-29,1.4031224930240458
2018-07-02,AVGO,0.03333333333333333,10.0,2018-06-29,1.3830472318942701
2018-07-02,AAPL,0.03333333333333333,10.0,2018-06-29,1.3551034896439043
2018-07-02,INTU,0.03333333333333333,10.0,2018-06-29,1.2163667294261322
2018-07-02,GOOG,0.03333333333333333,10.0,2018-06-29,1.200564192953817
2018-07-02,GOOGL,0.03333333333333333,10.0,2018-06-29,1.200564192953817
2018-07-02,ALGN,0.03333333333333333,10.0,2018-06-29,1.1747625321366288
2018-07-02,BIIB,0.03333333333333333,10.0,2018-06-29,1.1448505816823074
2018-07-02,STX,0.03333333333333333,10.0,2018-06-29,1.094624285743887
2018-07-02,ISRG,0.03333333333333333,10.0,2018-06-29,1.039984919040086
2018-07-02,TXN,0.03333333333333333,10.0,2018-06-29,0.9402676683222047
2018-07-02,WBA,0.03333333333333333,10.0,2018-06-29,0.9142972718292259
2018-07-02,AMAT,0.03333333333333333,10.0,2018-06-29,0.8638553699550424
2018-07-02,LRCX,0.03333333333333333,10.0,2018-06-29,0.8252595452099839
2018-07-02,INTC,0.03333333333333333,10.0,2018-06-29,0.8058021922929958
2018-08-01,ADBE,0.03333333333333333,10.0,2018-07-31,8.24839879758112
2018-08-01,NFLX,0.03333333333333333,10.0,2018-07-31,5.928002011154688
2018-08-01,NVDA,0.03333333333333333,10.0,2018-07-31,5.842300653039404
2018-08-01,AMZN,0.03333333333333333,10.0,2018-07-31,4.121571331059077
2018-08-01,LULU,0.03333333333333333,10.0,2018-07-31,3.364397201722607
2018-08-01,FAST,0.03333333333333333,10.0,2018-07-31,3.3085373638917153
2018-08-01,ADI,0.03333333333333333,10.0,2018-07-31,2.673720112385971
2018-08-01,REGN,0.03333333333333333,10.0,2018-07-31,2.6488410949972496
2018-08-01,ORLY,0.03333333333333333,10.0,2018-07-31,2.3171497813267443
2018-08-01,ROST,0.03333333333333333,10.0,2018-07-31,2.1967173512903546
2018-08-01,ULTA,0.03333333333333333,10.0,2018-07-31,2.092976362209643
2018-08-01,PAYX,0.03333333333333333,10.0,2018-07-31,2.0915842452010094
2018-08-01,FITB,0.03333333333333333,10.0,2018-07-31,1.8489057832932874
2018-08-01,VRTX,0.03333333333333333,10.0,2018-07-31,1.7519246649887399
2018-08-01,MU,0.03333333333333333,10.0,2018-07-31,1.5440533592075651
2018-08-01,PYPL,0.03333333333333333,10.0,2018-07-31,1.5389522167700442
2018-08-01,META,0.03333333333333333,10.0,2018-07-31,1.500066305669167
2018-08-01,AVGO,0.03333333333333333,10.0,2018-07-31,1.3830472318942701
2018-08-01,AAPL,0.03333333333333333,10.0,2018-07-31,1.3551034896439043
2018-08-01,XEL,0.03333333333333333,10.0,2018-07-31,1.3367969487130147
2018-08-01,TSCO,0.03333333333333333,10.0,2018-07-31,1.3177587538620201
2018-08-01,INTU,0.03333333333333333,10.0,2018-07-31,1.2163667294261322
2018-08-01,ALGN,0.03333333333333333,10.0,2018-07-31,1.1747625321366288
2018-08-01,INTC,0.03333333333333333,10.0,2018-07-31,1.12868891601757
2018-08-01,STX,0.03333333333333333,10.0,2018-07-31,1.094624285743887
2018-08-01,HBAN,0.03333333333333333,10.0,2018-07-31,1.0677569865054488
2018-08-01,TXN,0.03333333333333333,10.0,2018-07-31,0.9402676683222047
2018-08-01,WBA,0.03333333333333333,10.0,2018-07-31,0.9142972718292259
2018-08-01,AMAT,0.03333333333333333,10.0,2018-07-31,0.8638553699550424
2018-08-01,ADP,0.03333333333333333,10.0,2018-07-31,0.7825334537283976
2018-09-04,ADBE,0.03333333333333333,10.0,2018-08-31,8.24839879758112
2018-09-04,NFLX,0.03333333333333333,10.0,2018-08-31,5.928002011154688
2018-09-04,ORLY,0.03333333333333333,10.0,2018-08-31,4.154651683011371
2018-09-04,AMZN,0.03333333333333333,10.0,2018-08-31,4.121571331059077
2018-09-04,FAST,0.03333333333333333,10.0,2018-08-31,3.3085373638917153
2018-09-04,NVDA,0.03333333333333333,10.0,2018-08-31,3.201978531131427
2018-09-04,STX,0.03333333333333333,10.0,2018-08-31,2.7913935140444823
2018-09-04,ADI,0.03333333333333333,10.0,2018-08-31,2.4397196015940845
2018-09-04,LULU,0.03333333333333333,10.0,2018-08-31,2.2999078638326735
2018-09-04,ROST,0.03333333333333333,10.0,2018-08-31,2.1967173512903546
2018-09-04,PAYX,0.03333333333333333,10.0,2018-08-31,2.0915842452010094
2018-09-04,LRCX,0.03333333333333333,10.0,2018-08-31,2.0661218260595877
2018-09-04,ULTA,0.03333333333333333,10.0,2018-08-31,1.969508039271462
2018-09-04,VRTX,0.03333333333333333,10.0,2018-08-31,1.7519246649887399
2018-09-04,MNST,0.03333333333333333,10.0,2018-08-31,1.7385269870176008
2018-09-04,ALGN,0.03333333333333333,10.0,2018-08-31,1.6095103615754045
2018-09-04,REGN,0.03333333333333333,10.0,2018-08-31,1.5839652583958361
2018-09-04,MU,0.03333333333333333,10.0,2018-08-31,1.5440533592075651
2018-09-04,PYPL,0.03333333333333333,10.0,2018-08-31,1.5389522167700442
2018-09-04,META,0.03333333333333333,10.0,2018-08-31,1.500066305669167
2018-09-04,AAPL,0.03333333333333333,10.0,2018-08-31,1.3854878289890427
2018-09-04,AVGO,0.03333333333333333,10.0,2018-08-31,1.3830472318942701
2018-09-04,MAR,0.03333333333333333,10.0,2018-08-31,1.3780988352597725
2018-09-04,XEL,0.03333333333333333,10.0,2018-08-31,1.3367969487130147
2018-09-04,ADSK,0.03333333333333333,10.0,2018-08-31,1.1928381609365761
2018-09-04,INTC,0.03333333333333333,10.0,2018-08-31,1.12868891601757
2018-09-04,HBAN,0.03333333333333333,10.0,2018-08-31,1.0677569865054488
2018-09-04,WBA,0.03333333333333333,10.0,2018-08-31,0.9142972718292259
2018-09-04,FITB,0.03333333333333333,10.0,2018-08-31,0.9066389736314024
2018-09-04,TXN,0.03333333333333333,10.0,2018-08-31,0.8663186407036628
2018-10-01,NFLX,0.03333333333333333,10.0,2018-09-28,5.928002011154688
2018-10-01,TSCO,0.03333333333333333,10.0,2018-09-28,5.386503674629472
2018-10-01,ORLY,0.03333333333333333,10.0,2018-09-28,4.154651683011371
2018-10-01,AMZN,0.03333333333333333,10.0,2018-09-28,4.121571331059077
2018-10-01,ADBE,0.03333333333333333,10.0,2018-09-28,4.036463264887671
2018-10-01,FAST,0.03333333333333333,10.0,2018-09-28,3.3085373638917153
2018-10-01,NVDA,0.03333333333333333,10.0,2018-09-28,3.201978531131427
2018-10-01,STX,0.03333333333333333,10.0,2018-09-28,2.7913935140444823
2018-10-01,ADI,0.03333333333333333,10.0,2018-09-28,2.4397196015940845
2018-10-01,LULU,0.03333333333333333,10.0,2018-09-28,2.2999078638326735
2018-10-01,LRCX,0.03333333333333333,10.0,2018-09-28,2.0661218260595877
2018-10-01,ULTA,0.03333333333333333,10.0,2018-09-28,1.969508039271462
2018-10-01,VRTX,0.03333333333333333,10.0,2018-09-28,1.7519246649887399
2018-10-01,MNST,0.03333333333333333,10.0,2018-09-28,1.7385269870176008
2018-10-01,ALGN,0.03333333333333333,10.0,2018-09-28,1.6095103615754045
2018-10-01,ROST,0.03333333333333333,10.0,2018-09-28,1.600011482147619
2018-10-01,REGN,0.03333333333333333,10.0,2018-09-28,1.5839652583958361
2018-10-01,PYPL,0.03333333333333333,10.0,2018-09-28,1.5389522167700442
2018-10-01,META,0.03333333333333333,10.0,2018-09-28,1.500066305669167
2018-10-01,DXCM,0.03333333333333333,10.0,2018-09-28,1.4671059711854229
2018-10-01,AAPL,0.03333333333333333,10.0,2018-09-28,1.3854878289890427
2018-10-01,MAR,0.03333333333333333,10.0,2018-09-28,1.3780988352597725
2018-10-01,XEL,0.03333333333333333,10.0,2018-09-28,1.3367969487130147
2018-10-01,ADSK,0.03333333333333333,10.0,2018-09-28,1.1928381609365761
2018-10-01,INTC,0.03333333333333333,10.0,2018-09-28,1.12868891601757
2018-10-01,HBAN,0.03333333333333333,10.0,2018-09-28,1.0677569865054488
2018-10-01,ROKU,0.03333333333333333,10.0,2018-09-28,0.9335298351694421
2018-10-01,FITB,0.03333333333333333,10.0,2018-09-28,0.9066389736314024
2018-10-01,FTNT,0.03333333333333333,10.0,2018-09-28,0.8688065874949109
2018-10-01,TXN,0.03333333333333333,10.0,2018-09-28,0.8663186407036628
2018-11-01,TSCO,0.03333333333333333,10.0,2018-10-31,5.386503674629472
2018-11-01,ORLY,0.03333333333333333,10.0,2018-10-31,4.154651683011371
2018-11-01,ADBE,0.03333333333333333,10.0,2018-10-31,4.036463264887671
2018-11-01,WBA,0.03333333333333333,10.0,2018-10-31,3.7167399188099557
2018-11-01,NVDA,0.03333333333333333,10.0,2018-10-31,3.201978531131427
2018-11-01,EXPE,0.03333333333333333,10.0,2018-10-31,3.1583603781700114
2018-11-01,TROW,0.03333333333333333,10.0,2018-10-31,3.0639202762754176
2018-11-01,AMZN,0.03333333333333333,10.0,2018-10-31,2.9039197873792713
2018-11-01,STX,0.03333333333333333,10.0,2018-10-31,2.7913935140444823
2018-11-01,NFLX,0.03333333333333333,10.0,2018-10-31,2.759217867064192
2018-11-01,ADI,0.03333333333333333,10.0,2018-10-31,2.4397196015940845
2018-11-01,FAST,0.03333333333333333,10.0,2018-10-31,2.336620847108188
2018-11-01,LULU,0.03333333333333333,10.0,2018-10-31,2.2999078638326735
2018-11-01,VRTX,0.03333333333333333,10.0,2018-10-31,2.0266968649293284
2018-11-01,ULTA,0.03333333333333333,10.0,2018-10-31,1.969508039271462
2018-11-01,MNST,0.03333333333333333,10.0,2018-10-31,1.7385269870176008
2018-11-01,COST,0.03333333333333333,10.0,2018-10-31,1.6692431157491792
2018-11-01,ALGN,0.03333333333333333,10.0,2018-10-31,1.6095103615754045
2018-11-01,ROST,0.03333333333333333,10.0,2018-10-31,1.600011482147619
2018-11-01,MU,0.03333333333333333,10.0,2018-10-31,1.585403720005864
2018-11-01,REGN,0.03333333333333333,10.0,2018-10-31,1.5839652583958361
2018-11-01,HBAN,0.03333333333333333,10.0,2018-10-31,1.5354252241867439
2018-11-01,MAR,0.03333333333333333,10.0,2018-10-31,1.3780988352597725
2018-11-01,ADSK,0.03333333333333333,10.0,2018-10-31,1.1928381609365761
2018-11-01,ALXN,0.03333333333333333,10.0,2018-10-31,0.9658309049006506
2018-11-01,PAYX,0.03333333333333333,10.0,2018-10-31,0.9608792195202819
2018-11-01,INTC,0.03333333333333333,10.0,2018-10-31,0.9371636591237912
2018-11-01,ROKU,0.03333333333333333,10.0,2018-10-31,0.9335298351694421
2018-11-01,XLNX,0.03333333333333333,10.0,2018-10-31,0.9246585413423667
2018-11-01,FITB,0.03333333333333333,10.0,2018-10-31,0.9066389736314024
2018-12-03,MNST,0.03333333333333333,10.0,2018-11-30,4.351168850168226
2018-12-03,ADBE,0.03333333333333333,10.0,2018-11-30,4.036463264887671
2018-12-03,WBA,0.03333333333333333,10.0,2018-11-30,3.7167399188099557
2018-12-03,ORLY,0.03333333333333333,10.0,2018-11-30,3.544784823091673
2018-12-03,EXPE,0.03333333333333333,10.0,2018-11-30,3.1583603781700114
2018-12-03,TROW,0.03333333333333333,10.0,2018-11-30,3.0639202762754176
2018-12-03,AMZN,0.03333333333333333,10.0,2018-11-30,2.9039197873792713
2018-12-03,TSLA,0.03333333333333333,10.0,2018-11-30,2.760562624181864
2018-12-03,NFLX,0.03333333333333333,10.0,2018-11-30,2.759217867064192
2018-12-03,DXCM,0.03333333333333333,10.0,2018-11-30,2.672211742220376
2018-12-03,NVDA,0.03333333333333333,10.0,2018-11-30,2.5664974147905175
2018-12-03,TTD,0.03333333333333333,10.0,2018-11-30,2.4498613399027738
2018-12-03,FAST,0.03333333333333333,10.0,2018-11-30,2.336620847108188
2018-12-03,ROKU,0.03333333333333333,10.0,2018-11-30,2.1146579723731067
2018-12-03,REGN,0.03333333333333333,10.0,2018-11-30,2.0663568344140053
2018-12-03,VRTX,0.03333333333333333,10.0,2018-11-30,2.0266968649293284
2018-12-03,AAPL,0.03333333333333333,10.0,2018-11-30,1.9984015085166669
2018-12-03,STX,0.03333333333333333,10.0,2018-11-30,1.8447203029693615
2018-12-03,EQIX,0.03333333333333333,10.0,2018-11-30,1.817904809815053
2018-12-03,COST,0.03333333333333333,10.0,2018-11-30,1.6692431157491792
2018-12-03,ROST,0.03333333333333333,10.0,2018-11-30,1.600011482147619
2018-12-03,MU,0.03333333333333333,10.0,2018-11-30,1.585403720005864
2018-12-03,HBAN,0.03333333333333333,10.0,2018-11-30,1.5354252241867439
2018-12-03,TSCO,0.03333333333333333,10.0,2018-11-30,1.3717117281152529
2018-12-03,EA,0.03333333333333333,10.0,2018-11-30,1.3435852656576024
2018-12-03,ADP,0.03333333333333333,10.0,2018-11-30,1.1062343658386797
2018-12-03,FTNT,0.03333333333333333,10.0,2018-11-30,1.048186278784825
2018-12-03,ALXN,0.03333333333333333,10.0,2018-11-30,0.9658309049006506
2018-12-03,PAYX,0.03333333333333333,10.0,2018-11-30,0.9608792195202819
2018-12-03,INTC,0.03333333333333333,10.0,2018-11-30,0.9371636591237912
2019-01-02,MNST,0.03333333333333333,10.0,2018-12-31,4.351168850168226
2019-01-02,ORLY,0.03333333333333333,10.0,2018-12-31,3.544784823091673
2019-01-02,EXPE,0.03333333333333333,10.0,2018-12-31,3.1583603781700114
2019-01-02,TROW,0.03333333333333333,10.0,2018-12-31,3.0639202762754176
2019-01-02,AMZN,0.03333333333333333,10.0,2018-12-31,2.9039197873792713
2019-01-02,TSLA,0.03333333333333333,10.0,2018-12-31,2.760562624181864
2019-01-02,NFLX,0.03333333333333333,10.0,2018-12-31,2.759217867064192
2019-01-02,VRSN,0.03333333333333333,10.0,2018-12-31,2.7195426372350853
2019-01-02,DXCM,0.03333333333333333,10.0,2018-12-31,2.672211742220376
2019-01-02,NVDA,0.03333333333333333,10.0,2018-12-31,2.5664974147905175
2019-01-02,TTD,0.03333333333333333,10.0,2018-12-31,2.4498613399027738
2019-01-02,FAST,0.03333333333333333,10.0,2018-12-31,2.336620847108188
2019-01-02,ROKU,0.03333333333333333,10.0,2018-12-31,2.1146579723731067
2019-01-02,REGN,0.03333333333333333,10.0,2018-12-31,2.0663568344140053
2019-01-02,VRTX,0.03333333333333333,10.0,2018-12-31,2.0266968649293284
2019-01-02,ZION,0.03333333333333333,10.0,2018-12-31,2.009801186277283
2019-01-02,AAPL,0.03333333333333333,10.0,2018-12-31,1.9984015085166669
2019-01-02,STX,0.03333333333333333,10.0,2018-12-31,1.8447203029693615
2019-01-02,COST,0.03333333333333333,10.0,2018-12-31,1.836478977947752
2019-01-02,EQIX,0.03333333333333333,10.0,2018-12-31,1.817904809815053
2019-01-02,ULTA,0.03333333333333333,10.0,2018-12-31,1.6324537277283298
2019-01-02,HBAN,0.03333333333333333,10.0,2018-12-31,1.5354252241867439
2019-01-02,ROST,0.03333333333333333,10.0,2018-12-31,1.4423860738418541
2019-01-02,LULU,0.03333333333333333,10.0,2018-12-31,1.3992538023973082
2019-01-02,TSCO,0.03333333333333333,10.0,2018-12-31,1.3717117281152529
2019-01-02,EA,0.03333333333333333,10.0,2018-12-31,1.3435852656576024
2019-01-02,PAYX,0.03333333333333333,10.0,2018-12-31,1.194248432777133
2019-01-02,ADSK,0.03333333333333333,10.0,2018-12-31,1.1915012370120197
2019-01-02,ADP,0.03333333333333333,10.0,2018-12-31,1.1062343658386797
2019-01-02,FTNT,0.03333333333333333,10.0,2018-12-31,1.048186278784825
2019-02-01,MNST,0.03333333333333333,10.0,2019-01-31,4.351168850168226
2019-02-01,XLNX,0.03333333333333333,10.0,2019-01-31,4.250635302062239
2019-02-01,ORLY,0.03333333333333333,10.0,2019-01-31,3.544784823091673
2019-02-01,QCOM,0.03333333333333333,10.0,2019-01-31,3.1862343879625756
2019-02-01,KLAC,0.03333333333333333,10.0,2019-01-31,3.0942986408392352
2019-02-01,MSFT,0.03333333333333333,10.0,2019-01-31,3.029069330564268
2019-02-01,ADBE,0.03333333333333333,10.0,2019-01-31,2.839803364490385
2019-02-01,META,0.03333333333333333,10.0,2019-01-31,2.835018821779996
2019-02-01,TSLA,0.03333333333333333,10.0,2019-01-31,2.760562624181864
2019-02-01,DXCM,0.03333333333333333,10.0,2019-01-31,2.672211742220376
2019-02-01,SIRI,0.03333333333333333,10.0,2019-01-31,2.6020183289664245
2019-02-01,NVDA,0.03333333333333333,10.0,2019-01-31,2.5664974147905175
2019-02-01,TTD,0.03333333333333333,10.0,2019-01-31,2.4498613399027738
2019-02-01,ROKU,0.03333333333333333,10.0,2019-01-31,2.1146579723731067
2019-02-01,LRCX,0.03333333333333333,10.0,2019-01-31,2.110514761045098
2019-02-01,REGN,0.03333333333333333,10.0,2019-01-31,2.0663568344140053
2019-02-01,STX,0.03333333333333333,10.0,2019-01-31,1.8447203029693615
2019-02-01,COST,0.03333333333333333,10.0,2019-01-31,1.836478977947752
2019-02-01,EQIX,0.03333333333333333,10.0,2019-01-31,1.817904809815053
2019-02-01,ULTA,0.03333333333333333,10.0,2019-01-31,1.6324537277283298
2019-02-01,HBAN,0.03333333333333333,10.0,2019-01-31,1.5354252241867439
2019-02-01,ROST,0.03333333333333333,10.0,2019-01-31,1.4423860738418541
2019-02-01,LULU,0.03333333333333333,10.0,2019-01-31,1.3992538023973082
2019-02-01,EA,0.03333333333333333,10.0,2019-01-31,1.3435852656576024
2019-02-01,PAYX,0.03333333333333333,10.0,2019-01-31,1.194248432777133
2019-02-01,ADSK,0.03333333333333333,10.0,2019-01-31,1.1915012370120197
2019-02-01,FTNT,0.03333333333333333,10.0,2019-01-31,1.048186278784825
2019-02-01,WBA,0.03333333333333333,10.0,2019-01-31,0.984054331599039
2019-02-01,ADP,0.03333333333333333,10.0,2019-01-31,0.9164280815171751
2019-02-01,FANG,0.03333333333333333,10.0,2019-01-31,0.8889664283170381
2019-03-01,VRTX,0.03333333333333333,10.0,2019-02-28,11.67859518119409
2019-03-01,PEP,0.03333333333333333,10.0,2019-02-28,9.343337716618784
2019-03-01,FTNT,0.03333333333333333,10.0,2019-02-28,6.839378957869717
2019-03-01,REGN,0.03333333333333333,10.0,2019-02-28,6.30321684212421
2019-03-01,TTD,0.03333333333333333,10.0,2019-02-28,5.355238767773424
2019-03-01,XLNX,0.03333333333333333,10.0,2019-02-28,4.250635302062239
2019-03-01,ATVI,0.03333333333333333,10.0,2019-02-28,3.7413432168232377
2019-03-01,TTWO,0.03333333333333333,10.0,2019-02-28,3.634912576935508
2019-03-01,ALGN,0.03333333333333333,10.0,2019-02-28,3.6007715465479992
2019-03-01,CTSH,0.03333333333333333,10.0,2019-02-28,3.5187176552939072
2019-03-01,MNST,0.03333333333333333,10.0,2019-02-28,3.3053163378956065
2019-03-01,GOOG,0.03333333333333333,10.0,2019-02-28,3.1986031710009812
2019-03-01,GOOGL,0.03333333333333333,10.0,2019-02-28,3.1986031710009812
2019-03-01,QCOM,0.03333333333333333,10.0,2019-02-28,3.1862343879625756
2019-03-01,KLAC,0.03333333333333333,10.0,2019-02-28,3.0942986408392352
2019-03-01,ISRG,0.03333333333333333,10.0,2019-02-28,3.061497660534191
2019-03-01,MSFT,0.03333333333333333,10.0,2019-02-28,3.029069330564268
2019-03-01,BIIB,0.03333333333333333,10.0,2019-02-28,2.981519044326094
2019-03-01,CELG,0.03333333333333333,10.0,2019-02-28,2.8799441590039065
2019-03-01,ADBE,0.03333333333333333,10.0,2019-02-28,2.839803364490385
2019-03-01,CSCO,0.03333333333333333,10.0,2019-02-28,2.838428478310737
2019-03-01,INTC,0.03333333333333333,10.0,2019-02-28,2.837151821279655
2019-03-01,META,0.03333333333333333,10.0,2019-02-28,2.835018821779996
2019-03-01,NTAP,0.03333333333333333,10.0,2019-02-28,2.807271015324113
2019-03-01,AMGN,0.03333333333333333,10.0,2019-02-28,2.7677972206557153
2019-03-01,SIRI,0.03333333333333333,10.0,2019-02-28,2.6020183289664245
2019-03-01,HSIC,0.03333333333333333,10.0,2019-02-28,2.5305298656931803
2019-03-01,SWKS,0.03333333333333333,10.0,2019-02-28,2.4568243250676653
2019-03-01,CTXS,0.03333333333333333,10.0,2019-02-28,2.4177891983397246
2019-03-01,INTU,0.03333333333333333,10.0,2019-02-28,2.299761338577825
2019-04-01,VRTX,0.03333333333333333,10.0,2019-03-29,11.67859518119409
2019-04-01,PEP,0.03333333333333333,10.0,2019-03-29,9.343337716618784
2019-04-01,FTNT,0.03333333333333333,10.0,2019-03-29,6.839378957869717
2019-04-01,REGN,0.03333333333333333,10.0,2019-03-29,6.30321684212421
2019-04-01,TTD,0.03333333333333333,10.0,2019-03-29,5.355238767773424
2019-04-01,XLNX,0.03333333333333333,10.0,2019-03-29,4.250635302062239
2019-04-01,PAYX,0.03333333333333333,10.0,2019-03-29,4.187451464385291
2019-04-01,ATVI,0.03333333333333333,10.0,2019-03-29,3.7413432168232377
2019-04-01,LULU,0.03333333333333333,10.0,2019-03-29,3.6683182805627577
2019-04-01,TTWO,0.03333333333333333,10.0,2019-03-29,3.634912576935508
2019-04-01,ALGN,0.03333333333333333,10.0,2019-03-29,3.6007715465479992
2019-04-01,CTSH,0.03333333333333333,10.0,2019-03-29,3.5187176552939072
2019-04-01,MNST,0.03333333333333333,10.0,2019-03-29,3.3053163378956065
2019-04-01,GOOG,0.03333333333333333,10.0,2019-03-29,3.1986031710009812
2019-04-01,GOOGL,0.03333333333333333,10.0,2019-03-29,3.1986031710009812
2019-04-01,QCOM,0.03333333333333333,10.0,2019-03-29,3.1862343879625756
2019-04-01,KLAC,0.03333333333333333,10.0,2019-03-29,3.0942986408392352
2019-04-01,ISRG,0.03333333333333333,10.0,2019-03-29,3.061497660534191
2019-04-01,ADSK,0.03333333333333333,10.0,2019-03-29,3.0293250191976693
2019-04-01,MSFT,0.03333333333333333,10.0,2019-03-29,3.029069330564268
2019-04-01,BIIB,0.03333333333333333,10.0,2019-03-29,2.981519044326094
2019-04-01,CELG,0.03333333333333333,10.0,2019-03-29,2.8799441590039065
2019-04-01,CSCO,0.03333333333333333,10.0,2019-03-29,2.838428478310737
2019-04-01,INTC,0.03333333333333333,10.0,2019-03-29,2.837151821279655
2019-04-01,META,0.03333333333333333,10.0,2019-03-29,2.835018821779996
2019-04-01,NTAP,0.03333333333333333,10.0,2019-03-29,2.807271015324113
2019-04-01,AMGN,0.03333333333333333,10.0,2019-03-29,2.7677972206557153
2019-04-01,COST,0.03333333333333333,10.0,2019-03-29,2.748639566610161
2019-04-01,SIRI,0.03333333333333333,10.0,2019-03-29,2.6020183289664245
2019-04-01,SWKS,0.03333333333333333,10.0,2019-03-29,2.4568243250676653
2019-05-01,VRTX,0.03333333333333333,10.0,2019-04-30,11.67859518119409
2019-05-01,REGN,0.03333333333333333,10.0,2019-04-30,6.30321684212421
2019-05-01,TTD,0.03333333333333333,10.0,2019-04-30,5.355238767773424
2019-05-01,PAYX,0.03333333333333333,10.0,2019-04-30,4.187451464385291
2019-05-01,FIVE,0.03333333333333333,10.0,2019-04-30,4.1491791148814805
2019-05-01,ATVI,0.03333333333333333,10.0,2019-04-30,3.7413432168232377
2019-05-01,LULU,0.03333333333333333,10.0,2019-04-30,3.6683182805627577
2019-05-01,TTWO,0.03333333333333333,10.0,2019-04-30,3.634912576935508
2019-05-01,ALGN,0.03333333333333333,10.0,2019-04-30,3.6007715465479992
2019-05-01,CTSH,0.03333333333333333,10.0,2019-04-30,3.5187176552939072
2019-05-01,MNST,0.03333333333333333,10.0,2019-04-30,3.3053163378956065
2019-05-01,QCOM,0.03333333333333333,10.0,2019-04-30,3.1862343879625756
2019-05-01,KLAC,0.03333333333333333,10.0,2019-04-30,3.0942986408392352
2019-05-01,MDB,0.03333333333333333,10.0,2019-04-30,3.0774071655154565
2019-05-01,ADSK,0.03333333333333333,10.0,2019-04-30,3.0293250191976693
2019-05-01,CSCO,0.03333333333333333,10.0,2019-04-30,2.838428478310737
2019-05-01,NTAP,0.03333333333333333,10.0,2019-04-30,2.807271015324113
2019-05-01,AMGN,0.03333333333333333,10.0,2019-04-30,2.7677972206557153
2019-05-01,COST,0.03333333333333333,10.0,2019-04-30,2.748639566610161
2019-05-01,CTXS,0.03333333333333333,10.0,2019-04-30,2.4177891983397246
2019-05-01,INTU,0.03333333333333333,10.0,2019-04-30,2.299761338577825
2019-05-01,FANG,0.03333333333333333,10.0,2019-04-30,2.000776774958378
2019-05-01,PYPL,0.03333333333333333,10.0,2019-04-30,1.9621255618088622
2019-05-01,EA,0.03333333333333333,10.0,2019-04-30,1.9222059533611886
2019-05-01,MAR,0.03333333333333333,10.0,2019-04-30,1.890631159995469
2019-05-01,EQIX,0.03333333333333333,10.0,2019-04-30,1.8251661566038972
2019-05-01,BKNG,0.03333333333333333,10.0,2019-04-30,1.8211521325747748
2019-05-01,GILD,0.03333333333333333,10.0,2019-04-30,1.7820613501147016
2019-05-01,AMAT,0.03333333333333333,10.0,2019-04-30,1.759822641424512
2019-05-01,AMZN,0.03333333333333333,10.0,2019-04-30,1.718878945721961
2019-06-03,PAYX,0.03333333333333333,10.0,2019-05-31,4.187451464385291
2019-06-03,FIVE,0.03333333333333333,10.0,2019-05-31,4.1491791148814805
2019-06-03,MNST,0.03333333333333333,10.0,2019-05-31,3.956186640137563
2019-06-03,LULU,0.03333333333333333,10.0,2019-05-31,3.6683182805627577
2019-06-03,MDB,0.03333333333333333,10.0,2019-05-31,3.0774071655154565
2019-06-03,ADSK,0.03333333333333333,10.0,2019-05-31,3.0293250191976693
2019-06-03,COST,0.03333333333333333,10.0,2019-05-31,2.748639566610161
2019-06-03,EQIX,0.03333333333333333,10.0,2019-05-31,2.308859855675197
2019-06-03,PYPL,0.03333333333333333,10.0,2019-05-31,1.9621255618088622
2019-06-03,AMZN,0.03333333333333333,10.0,2019-05-31,1.718878945721961
2019-06-03,INTU,0.03333333333333333,10.0,2019-05-31,1.6582024706095984
2019-06-03,WYNN,0.03333333333333333,10.0,2019-05-31,1.6511082171819425
2019-06-03,ULTA,0.03333333333333333,10.0,2019-05-31,1.5383849359725463
2019-06-03,ADBE,0.03333333333333333,10.0,2019-05-31,1.465205795408784
2019-06-03,ALXN,0.03333333333333333,10.0,2019-05-31,1.3166802548154581
2019-06-03,CELG,0.03333333333333333,10.0,2019-05-31,1.3120261280996044
2019-06-03,ADP,0.03333333333333333,10.0,2019-05-31,1.2928424978198767
2019-06-03,SPLK,0.03333333333333333,10.0,2019-05-31,1.055473955948079
2019-06-03,CDNS,0.03333333333333333,10.0,2019-05-31,1.052593017948546
2019-06-03,FAST,0.03333333333333333,10.0,2019-05-31,0.9892028189270388
2019-06-03,XEL,0.03333333333333333,10.0,2019-05-31,0.825994943752348
2019-06-03,XLNX,0.03333333333333333,10.0,2019-05-31,0.8082174732769842
2019-06-03,UAL,0.03333333333333333,10.0,2019-05-31,0.6858270142290243
2019-06-03,ORLY,0.03333333333333333,10.0,2019-05-31,0.5151726249691391
2019-06-03,MELI,0.03333333333333333,10.0,2019-05-31,0.4550993759668137
2019-06-03,NFLX,0.03333333333333333,10.0,2019-05-31,0.4430322216442529
2019-06-03,EXPE,0.03333333333333333,10.0,2019-05-31,0.4366460949176625
2019-06-03,BIIB,0.03333333333333333,10.0,2019-05-31,0.3778417744357134
2019-06-03,HBAN,0.03333333333333333,10.0,2019-05-31,0.36866097298659883
2019-06-03,FITB,0.03333333333333333,10.0,2019-05-31,0.21536975364030264
2019-07-01,PAYX,0.03333333333333333,10.0,2019-06-28,4.187451464385291
2019-07-01,MNST,0.03333333333333333,10.0,2019-06-28,3.956186640137563
2019-07-01,COST,0.03333333333333333,10.0,2019-06-28,3.3907464039683006
2019-07-01,EQIX,0.03333333333333333,10.0,2019-06-28,2.308859855675197
2019-07-01,PYPL,0.03333333333333333,10.0,2019-06-28,1.9621255618088622
2019-07-01,AMZN,0.03333333333333333,10.0,2019-06-28,1.718878945721961
2019-07-01,INTU,0.03333333333333333,10.0,2019-06-28,1.6582024706095984
2019-07-01,WYNN,0.03333333333333333,10.0,2019-06-28,1.6511082171819425
2019-07-01,ULTA,0.03333333333333333,10.0,2019-06-28,1.5383849359725463
2019-07-01,ALXN,0.03333333333333333,10.0,2019-06-28,1.3166802548154581
2019-07-01,CELG,0.03333333333333333,10.0,2019-06-28,1.3120261280996044
2019-07-01,ADP,0.03333333333333333,10.0,2019-06-28,1.2928424978198767
2019-07-01,CDNS,0.03333333333333333,10.0,2019-06-28,1.052593017948546
2019-07-01,FAST,0.03333333333333333,10.0,2019-06-28,0.9892028189270388
2019-07-01,XEL,0.03333333333333333,10.0,2019-06-28,0.825994943752348
2019-07-01,XLNX,0.03333333333333333,10.0,2019-06-28,0.8082174732769842
2019-07-01,UAL,0.03333333333333333,10.0,2019-06-28,0.6858270142290243
2019-07-01,ADSK,0.03333333333333333,10.0,2019-06-28,0.678047160969066
2019-07-01,FIVE,0.03333333333333333,10.0,2019-06-28,0.5352433142189666
2019-07-01,LULU,0.03333333333333333,10.0,2019-06-28,0.5257456871058602
2019-07-01,ORLY,0.03333333333333333,10.0,2019-06-28,0.5151726249691391
2019-07-01,MELI,0.03333333333333333,10.0,2019-06-28,0.4550993759668137
2019-07-01,NFLX,0.03333333333333333,10.0,2019-06-28,0.4430322216442529
2019-07-01,EXPE,0.03333333333333333,10.0,2019-06-28,0.4366460949176625
2019-07-01,BIIB,0.03333333333333333,10.0,2019-06-28,0.3778417744357134
2019-07-01,NTAP,0.03333333333333333,10.0,2019-06-28,0.32920184669324026
2019-07-01,FITB,0.03333333333333333,10.0,2019-06-28,0.21536975364030264
2019-07-01,BKNG,0.03333333333333333,10.0,2019-06-28,0.2058561606403787
2019-07-01,TMUS,0.03333333333333333,10.0,2019-06-28,0.20137511920697151
2019-07-01,MSFT,0.03333333333333333,10.0,2019-06-28,0.19656686391552466
2019-08-01,MNST,0.03333333333333333,10.0,2019-07-31,3.956186640137563
2019-08-01,PYPL,0.03333333333333333,10.0,2019-07-31,3.7715181669206723
2019-08-01,COST,0.03333333333333333,10.0,2019-07-31,3.3907464039683006
2019-08-01,ALXN,0.03333333333333333,10.0,2019-07-31,3.174485168531568
2019-08-01,EXPE,0.03333333333333333,10.0,2019-07-31,2.3390474342835383
2019-08-01,EQIX,0.03333333333333333,10.0,2019-07-31,2.308859855675197
2019-08-01,UAL,0.03333333333333333,10.0,2019-07-31,1.8315745124148257
2019-08-01,MDLZ,0.03333333333333333,10.0,2019-07-31,1.7198850359205913
2019-08-01,CSGP,0.03333333333333333,10.0,2019-07-31,1.7107436007615604
2019-08-01,INTU,0.03333333333333333,10.0,2019-07-31,1.6582024706095984
2019-08-01,WYNN,0.03333333333333333,10.0,2019-07-31,1.6511082171819425
2019-08-01,ULTA,0.03333333333333333,10.0,2019-07-31,1.5383849359725463
2019-08-01,ADP,0.03333333333333333,10.0,2019-07-31,1.2928424978198767
2019-08-01,GOOG,0.03333333333333333,10.0,2019-07-31,1.1520048082209082
2019-08-01,GOOGL,0.03333333333333333,10.0,2019-07-31,1.1520048082209082
2019-08-01,BIIB,0.03333333333333333,10.0,2019-07-31,1.0248148967937596
2019-08-01,ILMN,0.03333333333333333,10.0,2019-07-31,0.966503023164276
2019-08-01,CELG,0.03333333333333333,10.0,2019-07-31,0.9533580076146163
2019-08-01,AAL,0.03333333333333333,10.0,2019-07-31,0.8120822943825348
2019-08-01,ETSY,0.03333333333333333,10.0,2019-07-31,0.7436143283146696
2019-08-01,CDNS,0.03333333333333333,10.0,2019-07-31,0.6900420302120477
2019-08-01,ADSK,0.03333333333333333,10.0,2019-07-31,0.678047160969066
2019-08-01,SBUX,0.03333333333333333,10.0,2019-07-31,0.6493207216812078
2019-08-01,LULU,0.03333333333333333,10.0,2019-07-31,0.5257456871058602
2019-08-01,XLNX,0.03333333333333333,10.0,2019-07-31,0.5182153753945158
2019-08-01,ORLY,0.03333333333333333,10.0,2019-07-31,0.5151726249691391
2019-08-01,TSLA,0.03333333333333333,10.0,2019-07-31,0.5141047495566197
2019-08-01,MELI,0.03333333333333333,10.0,2019-07-31,0.4550993759668137
2019-08-01,ISRG,0.03333333333333333,10.0,2019-07-31,0.3997899780007802
2019-08-01,NTAP,0.03333333333333333,10.0,2019-07-31,0.32920184669324026
2019-09-03,ADP,0.03333333333333333,10.0,2019-08-30,4.0179485405394955
2019-09-03,EQIX,0.03333333333333333,10.0,2019-08-30,3.8493110248669993
2019-09-03,PYPL,0.03333333333333333,10.0,2019-08-30,3.7715181669206723
2019-09-03,EA,0.03333333333333333,10.0,2019-08-30,3.740816639526603
2019-09-03,COST,0.03333333333333333,10.0,2019-08-30,3.3907464039683006
2019-09-03,ALXN,0.03333333333333333,10.0,2019-08-30,3.174485168531568
2019-09-03,MNST,0.03333333333333333,10.0,2019-08-30,2.7278102639113464
2019-09-03,EXPE,0.03333333333333333,10.0,2019-08-30,2.3390474342835383
2019-09-03,SBAC,0.03333333333333333,10.0,2019-08-30,2.0959486739722277
2019-09-03,UAL,0.03333333333333333,10.0,2019-08-30,1.8315745124148257
2019-09-03,MDLZ,0.03333333333333333,10.0,2019-08-30,1.7198850359205913
2019-09-03,CSGP,0.03333333333333333,10.0,2019-08-30,1.7107436007615604
2019-09-03,TTD,0.03333333333333333,10.0,2019-08-30,1.1932522118122957
2019-09-03,GOOG,0.03333333333333333,10.0,2019-08-30,1.1520048082209082
2019-09-03,GOOGL,0.03333333333333333,10.0,2019-08-30,1.1520048082209082
2019-09-03,ALGN,0.03333333333333333,10.0,2019-08-30,1.0755736230606328
2019-09-03,BIIB,0.03333333333333333,10.0,2019-08-30,1.0248148967937596
2019-09-03,FANG,0.03333333333333333,10.0,2019-08-30,0.9735844095102875
2019-09-03,ILMN,0.03333333333333333,10.0,2019-08-30,0.966503023164276
2019-09-03,CELG,0.03333333333333333,10.0,2019-08-30,0.9533580076146163
2019-09-03,AAL,0.03333333333333333,10.0,2019-08-30,0.8120822943825348
2019-09-03,ULTA,0.03333333333333333,10.0,2019-08-30,0.7190264204827824
2019-09-03,CDNS,0.03333333333333333,10.0,2019-08-30,0.6900420302120477
2019-09-03,ADSK,0.03333333333333333,10.0,2019-08-30,0.678047160969066
2019-09-03,SBUX,0.03333333333333333,10.0,2019-08-30,0.6493207216812078
2019-09-03,MSFT,0.03333333333333333,10.0,2019-08-30,0.6128083110585296
2019-09-03,ETSY,0.03333333333333333,10.0,2019-08-30,0.6107582027476163
2019-09-03,FIVE,0.03333333333333333,10.0,2019-08-30,0.547130359370293
2019-09-03,LULU,0.03333333333333333,10.0,2019-08-30,0.5257456871058602
2019-09-03,XLNX,0.03333333333333333,10.0,2019-08-30,0.5182153753945158
2019-10-01,ADP,0.03333333333333333,10.0,2019-09-30,4.0179485405394955
2019-10-01,EQIX,0.03333333333333333,10.0,2019-09-30,3.8493110248669993
2019-10-01,PYPL,0.03333333333333333,10.0,2019-09-30,3.7715181669206723
2019-10-01,EA,0.03333333333333333,10.0,2019-09-30,3.740816639526603
2019-10-01,ALXN,0.03333333333333333,10.0,2019-09-30,3.174485168531568
2019-10-01,ENPH,0.03333333333333333,10.0,2019-09-30,2.8849287623964726
2019-10-01,MNST,0.03333333333333333,10.0,2019-09-30,2.7278102639113464
2019-10-01,STX,0.03333333333333333,10.0,2019-09-30,2.7004590413643483
2019-10-01,EXPE,0.03333333333333333,10.0,2019-09-30,2.3390474342835383
2019-10-01,SBAC,0.03333333333333333,10.0,2019-09-30,2.0959486739722277
2019-10-01,UAL,0.03333333333333333,10.0,2019-09-30,1.8315745124148257
2019-10-01,MDLZ,0.03333333333333333,10.0,2019-09-30,1.7198850359205913
2019-10-01,CSGP,0.03333333333333333,10.0,2019-09-30,1.7107436007615604
2019-10-01,ADBE,0.03333333333333333,10.0,2019-09-30,1.2747965705161128
2019-10-01,TTD,0.03333333333333333,10.0,2019-09-30,1.1932522118122957
2019-10-01,GOOGL,0.03333333333333333,10.0,2019-09-30,1.1520048082209082
2019-10-01,GOOG,0.03333333333333333,10.0,2019-09-30,1.1520048082209082
2019-10-01,ALGN,0.03333333333333333,10.0,2019-09-30,1.0755736230606328
2019-10-01,BIIB,0.03333333333333333,10.0,2019-09-30,1.0248148967937596
2019-10-01,FANG,0.03333333333333333,10.0,2019-09-30,0.9735844095102875
2019-10-01,ILMN,0.03333333333333333,10.0,2019-09-30,0.966503023164276
2019-10-01,CELG,0.03333333333333333,10.0,2019-09-30,0.9533580076146163
2019-10-01,ADSK,0.03333333333333333,10.0,2019-09-30,0.9309637248797323
2019-10-01,AAL,0.03333333333333333,10.0,2019-09-30,0.8120822943825348
2019-10-01,LULU,0.03333333333333333,10.0,2019-09-30,0.7672536755051674
2019-10-01,ULTA,0.03333333333333333,10.0,2019-09-30,0.7190264204827824
2019-10-01,SBUX,0.03333333333333333,10.0,2019-09-30,0.6493207216812078
2019-10-01,TSCO,0.03333333333333333,10.0,2019-09-30,0.6385108929259605
2019-10-01,MSFT,0.03333333333333333,10.0,2019-09-30,0.6128083110585296
2019-10-01,ETSY,0.03333333333333333,10.0,2019-09-30,0.6107582027476163
2019-11-01,ENPH,0.03333333333333333,10.0,2019-10-31,6.812347983097465
2019-11-01,ADP,0.03333333333333333,10.0,2019-10-31,4.0179485405394955
2019-11-01,EQIX,0.03333333333333333,10.0,2019-10-31,3.8493110248669993
2019-11-01,EA,0.03333333333333333,10.0,2019-10-31,3.740816639526603
2019-11-01,MNST,0.03333333333333333,10.0,2019-10-31,2.7278102639113464
2019-11-01,STX,0.03333333333333333,10.0,2019-10-31,2.7004590413643483
2019-11-01,SBAC,0.03333333333333333,10.0,2019-10-31,2.0959486739722277
2019-11-01,CSGP,0.03333333333333333,10.0,2019-10-31,2.0846213501437223
2019-11-01,NFLX,0.03333333333333333,10.0,2019-10-31,1.7950323000613562
2019-11-01,ADBE,0.03333333333333333,10.0,2019-10-31,1.2747965705161128
2019-11-01,TTD,0.03333333333333333,10.0,2019-10-31,1.1932522118122957
2019-11-01,COST,0.03333333333333333,10.0,2019-10-31,1.1719564050889986
2019-11-01,XEL,0.03333333333333333,10.0,2019-10-31,1.1193564880976323
2019-11-01,CELG,0.03333333333333333,10.0,2019-10-31,1.0984381122701405
2019-11-01,FANG,0.03333333333333333,10.0,2019-10-31,0.9735844095102875
2019-11-01,ADSK,0.03333333333333333,10.0,2019-10-31,0.9309637248797323
2019-11-01,UAL,0.03333333333333333,10.0,2019-10-31,0.8349849565699221
2019-11-01,MDLZ,0.03333333333333333,10.0,2019-10-31,0.795781960635779
2019-11-01,LULU,0.03333333333333333,10.0,2019-10-31,0.7672536755051674
2019-11-01,ULTA,0.03333333333333333,10.0,2019-10-31,0.7190264204827824
2019-11-01,FAST,0.03333333333333333,10.0,2019-10-31,0.6989032173043521
2019-11-01,ISRG,0.03333333333333333,10.0,2019-10-31,0.6616333393668717
2019-11-01,TSCO,0.03333333333333333,10.0,2019-10-31,0.6385108929259605
2019-11-01,AAL,0.03333333333333333,10.0,2019-10-31,0.6246432292931636
2019-11-01,MELI,0.03333333333333333,10.0,2019-10-31,0.4977753050912285
2019-11-01,ZS,0.03333333333333333,10.0,2019-10-31,0.4891081110397609
2019-11-01,META,0.03333333333333333,10.0,2019-10-31,0.46987220180559036
2019-11-01,ROST,0.03333333333333333,10.0,2019-10-31,0.4463888899357912
2019-11-01,CTAS,0.03333333333333333,10.0,2019-10-31,0.44134042790028566
2019-11-01,ILMN,0.03333333333333333,10.0,2019-10-31,0.3741966260637873
2019-12-02,MNST,0.03333333333333333,10.0,2019-11-29,3.0900036225453404
2019-12-02,FANG,0.03333333333333333,10.0,2019-11-29,2.1047717065415603
2019-12-02,CSGP,0.03333333333333333,10.0,2019-11-29,2.0846213501437223
2019-12-02,NFLX,0.03333333333333333,10.0,2019-11-29,1.7950323000613562
2019-12-02,ADBE,0.03333333333333333,10.0,2019-11-29,1.2747965705161128
2019-12-02,EA,0.03333333333333333,10.0,2019-11-29,1.1985096461745424
2019-12-02,COST,0.03333333333333333,10.0,2019-11-29,1.1719564050889986
2019-12-02,XEL,0.03333333333333333,10.0,2019-11-29,1.1193564880976323
2019-12-02,ADSK,0.03333333333333333,10.0,2019-11-29,0.9309637248797323
2019-12-02,UAL,0.03333333333333333,10.0,2019-11-29,0.8349849565699221
2019-12-02,MDLZ,0.03333333333333333,10.0,2019-11-29,0.795781960635779
2019-12-02,LULU,0.03333333333333333,10.0,2019-11-29,0.7672536755051674
2019-12-02,ORLY,0.03333333333333333,10.0,2019-11-29,0.7561029102717637
2019-12-02,TTWO,0.03333333333333333,10.0,2019-11-29,0.7243003651649534
2019-12-02,FAST,0.03333333333333333,10.0,2019-11-29,0.6989032173043521
2019-12-02,ISRG,0.03333333333333333,10.0,2019-11-29,0.6616333393668717
2019-12-02,AAL,0.03333333333333333,10.0,2019-11-29,0.6246432292931636
2019-12-02,ADP,0.03333333333333333,10.0,2019-11-29,0.5134987636384053
2019-12-02,META,0.03333333333333333,10.0,2019-11-29,0.46987220180559036
2019-12-02,CDW,0.03333333333333333,10.0,2019-11-29,0.4533066278482567
2019-12-02,ROST,0.03333333333333333,10.0,2019-11-29,0.4463888899357912
2019-12-02,CTAS,0.03333333333333333,10.0,2019-11-29,0.44134042790028566
2019-12-02,CTXS,0.03333333333333333,10.0,2019-11-29,0.4409055837329483
2019-12-02,ILMN,0.03333333333333333,10.0,2019-11-29,0.3741966260637873
2019-12-02,FITB,0.03333333333333333,10.0,2019-11-29,0.3446876876333993
2019-12-02,ALXN,0.03333333333333333,10.0,2019-11-29,0.3122955195515004
2019-12-02,QCOM,0.03333333333333333,10.0,2019-11-29,0.26837095652165394
2019-12-02,MSFT,0.03333333333333333,10.0,2019-11-29,0.2622101123962152
2019-12-02,REGN,0.03333333333333333,10.0,2019-11-29,0.2576656763068161
2019-12-02,PYPL,0.03333333333333333,10.0,2019-11-29,0.24793327950623711
