imp_date,ticker,action,price,rsi,adx
2025-04-25 00:00:00,AMED,sell,94.5,71.67,28.42
2025-04-25 00:00:00,GRPN,sell,19.89,71.32,26.44
2025-04-25 00:00:00,PPTA,sell,14.29,70.65,28.95
2025-04-25 00:00:00,STOK,sell,9.76,69.57,33.76
2025-04-25 00:00:00,EZPW,sell,16.32,68.19,30.1
2025-04-25 00:00:00,DJT,sell,26.14,67.32,26.05
2025-04-25 00:00:00,GPCR,sell,23.74,65.79,29.51
2025-04-25 00:00:00,SDGR,sell,26.45,64.69,29.0
2025-04-25 00:00:00,ATEC,sell,11.51,64.36,16.22
2025-04-25 00:00:00,KYMR,sell,33.26,64.02,27.42
2025-04-25 00:00:00,KALV,sell,12.99,63.87,21.81
2025-04-25 00:00:00,ALGN,sell,183.35,63.38,22.54
2025-04-25 00:00:00,ROIV,sell,11.01,62.83,20.83
2025-04-25 00:00:00,CRMD,sell,9.1,62.23,23.09
2025-04-25 00:00:00,NTES,sell,105.86,61.48,16.08
2025-04-25 00:00:00,XENE,sell,37.62,61.48,34.29
2025-04-25 00:00:00,AVAV,sell,149.59,60.63,26.03
2025-04-25 00:00:00,HSTM,sell,33.28,60.58,27.17
2025-04-25 00:00:00,ANIP,sell,69.82,60.32,23.91
2025-04-25 00:00:00,HAS,sell,60.99,60.29,29.84
2025-04-25 00:00:00,NAGE,sell,7.38,60.01,20.65
2025-04-25 00:00:00,MMYT,sell,107.64,59.7,14.09
2025-04-25 00:00:00,TREE,sell,51.54,59.67,15.78
2025-04-25 00:00:00,PERI,sell,8.91,59.5,21.97
2025-04-25 00:00:00,AEVA,sell,7.32,59.44,35.55
2025-04-25 00:00:00,PRGS,sell,59.11,59.38,15.17
2025-04-25 00:00:00,IMCR,sell,30.16,59.11,18.72
2025-04-25 00:00:00,BKNG,sell,4838.4399,58.93,17.89
2025-04-25 00:00:00,RGEN,sell,144.75,58.58,23.29
2025-04-25 00:00:00,LENZ,sell,26.87,58.52,19.71
2025-04-25 00:00:00,TEM,sell,52.9,58.43,20.53
2025-04-25 00:00:00,BITF,sell,1.03,58.33,27.83
2025-04-25 00:00:00,MARA,sell,14.3,58.23,16.44
2025-04-25 00:00:00,ULTA,sell,383.67,58.2,15.15
2025-04-25 00:00:00,EA,sell,146.6,57.92,15.91
2025-04-25 00:00:00,EXEL,sell,37.43,57.87,18.17
2025-04-25 00:00:00,CME,sell,266.3,57.8,20.26
2025-04-25 00:00:00,ABCL,sell,2.57,57.75,23.88
2025-04-25 00:00:00,SNDX,sell,13.33,57.75,19.87
2025-04-25 00:00:00,OSIS,sell,201.68,57.73,10.62
2025-04-25 00:00:00,CELC,sell,10.8,57.7,21.18
2025-04-25 00:00:00,BTDR,sell,10.53,57.52,22.73
2025-04-25 00:00:00,ROST,sell,139.71,57.51,16.25
2025-04-25 00:00:00,RNA,sell,30.84,57.46,18.62
2025-04-25 00:00:00,AVXL,sell,9.42,57.07,19.03
2025-04-25 00:00:00,APEI,sell,23.96,56.85,15.07
2025-04-25 00:00:00,FWONK,sell,87.63,56.74,24.55
2025-04-25 00:00:00,DSGX,sell,105.55,56.59,20.37
2025-04-25 00:00:00,TBLA,sell,2.99,56.4,21.51
2025-04-25 00:00:00,CVAC,sell,3.23,56.34,15.54
2025-04-25 00:00:00,XMTR,sell,25.16,56.3,23.41
2025-04-25 00:00:00,FIVE,sell,75.39,56.26,19.61
2025-04-25 00:00:00,AFRM,sell,49.09,56.25,21.46
2025-04-25 00:00:00,LIF,sell,40.14,56.23,20.66
2025-04-25 00:00:00,SOUN,sell,9.52,56.2,15.57
2025-04-25 00:00:00,CAMT,sell,66.55,56.16,20.62
2025-04-25 00:00:00,ROAD,sell,79.81,56.11,13.5
2025-04-25 00:00:00,AMSC,sell,20.29,55.99,16.55
2025-04-25 00:00:00,TLN,sell,211.56,55.96,10.04
2025-04-25 00:00:00,HWC,sell,52.01,55.86,22.82
2025-04-25 00:00:00,PUBM,sell,9.96,55.8,30.95
2025-04-25 00:00:00,CWST,sell,115.6,55.74,11.32
2025-04-25 00:00:00,NTRA,sell,153.79,55.71,12.85
2025-04-25 00:00:00,SNDL,sell,1.49,55.66,30.12
2025-04-25 00:00:00,NXPI,sell,193.55,55.63,16.06
2025-04-25 00:00:00,STX,sell,82.7,55.57,23.31
2025-04-25 00:00:00,PLSE,sell,17.91,55.46,20.57
2025-04-25 00:00:00,MTSI,sell,106.28,55.4,19.52
2025-04-25 00:00:00,PCRX,sell,25.72,55.4,14.46
2025-04-25 00:00:00,ONB,sell,20.84,55.21,19.28
2025-04-25 00:00:00,ODD,sell,44.25,55.1,11.94
2025-04-25 00:00:00,CYBR,sell,349.29,54.91,17.81
2025-04-25 00:00:00,UPWK,sell,13.54,54.59,15.91
2025-04-25 00:00:00,MCHP,sell,46.89,54.5,26.89
2025-04-25 00:00:00,COST,sell,977.16,54.3,14.76
2025-04-25 00:00:00,HLNE,sell,148.34,54.26,15.64
2025-04-25 00:00:00,LCID,sell,2.5,54.14,9.31
2025-04-25 00:00:00,CART,sell,41.91,54.1,15.89
2025-04-25 00:00:00,COOP,sell,116.72,54.06,17.82
2025-04-25 00:00:00,NVMI,sell,196.65,54.05,18.33
2025-04-25 00:00:00,CRESY,sell,11.65,54.01,15.99
2025-04-25 00:00:00,SYM,sell,21.93,53.99,16.09
2025-04-25 00:00:00,OZK,sell,42.72,53.89,22.46
2025-04-25 00:00:00,WULF,sell,3.0,53.81,20.04
2025-04-25 00:00:00,NICE,sell,155.01,53.72,10.44
2025-04-25 00:00:00,SMCI,sell,36.47,53.69,12.35
2025-04-25 00:00:00,AKRO,sell,41.0,53.64,22.71
2025-04-25 00:00:00,SIBN,sell,14.41,53.48,25.66
2025-04-25 00:00:00,PLAY,sell,19.51,53.42,18.55
2025-04-25 00:00:00,EOLS,sell,11.65,53.24,27.37
2025-04-25 00:00:00,IMTX,sell,4.52,53.24,14.83
2025-04-25 00:00:00,KMTS,sell,24.24,53.23,26.89
2025-04-25 00:00:00,EVRG,sell,67.88,53.1,16.8
2025-04-25 00:00:00,RUM,sell,8.08,53.1,17.34
2025-04-25 00:00:00,EXAS,sell,45.46,53.06,30.22
2025-04-25 00:00:00,PODD,sell,260.71,53.06,19.69
2025-04-25 00:00:00,QFIN,sell,40.93,52.97,17.71
2025-04-25 00:00:00,CRDO,sell,43.68,52.95,16.02
2025-04-25 00:00:00,RIOT,sell,7.77,52.9,19.81
2025-04-25 00:00:00,OS,sell,21.29,52.79,20.12
2025-04-25 00:00:00,TWST,sell,40.11,52.57,13.26
2025-04-25 00:00:00,PNFP,sell,100.28,52.56,25.93
2025-04-25 00:00:00,ALT,sell,5.07,52.55,22.18
2025-04-25 00:00:00,GLBE,sell,36.22,52.55,27.98
2025-04-25 00:00:00,MAR,sell,236.2,52.45,32.3
2025-04-25 00:00:00,NSSC,sell,22.88,52.26,28.61
2025-04-25 00:00:00,UBSI,sell,34.09,52.22,20.52
2025-04-25 00:00:00,QUBT,sell,7.13,52.19,11.7
2025-04-25 00:00:00,ON,sell,39.63,52.17,26.8
2025-04-25 00:00:00,NBIS,sell,24.48,52.03,16.82
2025-04-25 00:00:00,ASML,sell,677.27,51.95,12.81
2025-04-25 00:00:00,GFS,sell,35.29,51.73,18.68
2025-04-25 00:00:00,ARCC,sell,21.11,51.62,24.37
2025-04-25 00:00:00,SWKS,sell,61.52,51.61,30.86
2025-04-25 00:00:00,CRWV,sell,41.54,51.57,
2025-04-25 00:00:00,LSCC,sell,49.04,51.41,28.15
2025-04-25 00:00:00,WIX,sell,166.435,51.39,16.69
2025-04-25 00:00:00,BCYC,sell,8.42,51.3,34.62
2025-04-25 00:00:00,IONS,sell,29.7,51.27,31.02
2025-04-25 00:00:00,SLM,sell,27.75,51.25,14.84
2025-04-25 00:00:00,RDFN,sell,9.19,51.2,14.08
2025-04-25 00:00:00,ETNB,sell,6.94,51.14,19.39
2025-04-25 00:00:00,MTCH,sell,30.07,51.09,22.37
2025-04-25 00:00:00,CRON,sell,1.8,51.04,21.56
2025-04-25 00:00:00,CYTK,sell,40.43,51.03,21.48
2025-04-25 00:00:00,MKSI,sell,74.08,50.91,21.6
2025-04-25 00:00:00,ARWR,sell,13.25,50.85,24.58
2025-04-25 00:00:00,EXPE,sell,160.11,50.84,24.72
2025-04-25 00:00:00,KSPI,sell,89.66,50.84,28.27
2025-04-25 00:00:00,IBKR,sell,169.28,50.79,24.49
2025-04-25 00:00:00,SHC,sell,11.155,50.79,18.0
2025-04-25 00:00:00,CTLP,sell,7.88,50.69,23.92
2025-04-25 00:00:00,ANGO,sell,9.6,50.63,13.41
2025-04-25 00:00:00,TW,sell,135.29,50.62,25.27
2025-04-25 00:00:00,SKYW,sell,87.92,50.4,13.81
2025-04-25 00:00:00,ZG,sell,65.19,50.13,30.73
2025-04-25 00:00:00,IQ,sell,1.92,50.06,21.03
2025-04-25 00:00:00,MESO,sell,11.82,49.98,29.18
2025-04-25 00:00:00,ERII,sell,15.17,49.8,15.1
2025-04-25 00:00:00,OSW,sell,17.02,49.68,18.01
2025-04-25 00:00:00,Z,sell,66.27,49.63,32.05
2025-04-25 00:00:00,STGW,sell,5.58,49.4,20.13
2025-04-25 00:00:00,TRIP,sell,12.73,49.21,23.75
2025-04-25 00:00:00,LFUS,sell,176.06,49.18,35.78
2025-04-25 00:00:00,OMER,sell,7.31,49.11,16.3
2025-04-25 00:00:00,TRMB,sell,61.71,49.11,30.2
2025-04-25 00:00:00,AZN,sell,69.57,49.07,31.65
2025-04-25 00:00:00,PAGP,sell,19.39,49.07,33.69
2025-04-25 00:00:00,LAB,sell,1.16,48.92,24.03
2025-04-25 00:00:00,ACMR,sell,21.23,48.32,28.43
2025-04-25 00:00:00,HTBK,sell,8.96,48.23,26.06
2025-04-25 00:00:00,VERA,sell,23.22,48.22,37.18
2025-04-25 00:00:00,ARHS,sell,8.21,48.07,21.46
2025-04-25 00:00:00,AXGN,sell,16.4,47.98,20.99
2025-04-25 00:00:00,EEFT,sell,96.79,47.77,21.75
2025-04-25 00:00:00,TROW,sell,88.44,47.58,31.81
2025-04-25 00:00:00,PCAR,sell,91.89,47.41,27.19
2025-04-25 00:00:00,UAL,sell,68.2,47.34,21.57
2025-04-25 00:00:00,KRYS,sell,168.06,47.25,27.86
2025-04-25 00:00:00,CTSH,sell,72.17,47.05,23.87
2025-04-25 00:00:00,MRNA,sell,27.22,47.01,18.69
2025-04-25 00:00:00,PLAB,sell,18.67,46.92,16.19
2025-04-25 00:00:00,XRAY,sell,13.75,46.73,38.99
2025-04-25 00:00:00,HEPS,sell,2.8,46.72,19.78
2025-04-25 00:00:00,DIOD,sell,38.53,46.63,35.06
2025-04-25 00:00:00,JOYY,sell,40.73,46.59,20.29
2025-04-25 00:00:00,COLB,sell,22.63,46.46,20.08
2025-04-25 00:00:00,ZION,sell,44.84,46.4,29.58
2025-04-25 00:00:00,ASTL,sell,5.13,46.35,43.81
2025-04-25 00:00:00,COMM,sell,3.91,46.35,27.1
2025-04-25 00:00:00,PONY,sell,7.01,46.17,43.73
2025-04-25 00:00:00,CHRD,sell,94.62,46.05,19.58
2025-04-25 00:00:00,WBD,sell,8.59,45.68,19.12
2025-04-25 00:00:00,TXG,sell,8.3,45.56,31.47
2025-04-25 00:00:00,MIRM,sell,40.8,45.26,36.75
2025-04-25 00:00:00,FOXA,sell,49.35,44.95,28.02
2025-04-25 00:00:00,ADTN,sell,7.82,44.87,18.19
2025-04-25 00:00:00,MATW,sell,20.54,44.73,35.53
2025-04-25 00:00:00,CGBD,sell,14.78,44.6,50.02
2025-04-25 00:00:00,ADAP,sell,0.2653,44.48,25.06
2025-04-25 00:00:00,REYN,sell,23.22,44.46,17.25
2025-04-25 00:00:00,COLL,sell,26.79,43.8,26.92
2025-04-25 00:00:00,KIDS,sell,21.54,43.45,14.61
2025-04-25 00:00:00,QDEL,sell,28.09,43.38,43.09
2025-04-25 00:00:00,SRPT,sell,60.44,43.26,45.25
2025-04-25 00:00:00,SGML,sell,8.24,43.16,28.97
2025-04-25 00:00:00,PAHC,sell,17.99,42.54,36.8
2025-04-25 00:00:00,LOT,sell,1.324,42.52,17.7
2025-04-25 00:00:00,ASO,sell,38.21,42.09,30.95
2025-04-25 00:00:00,BBNX,sell,10.96,42.09,39.12
2025-04-25 00:00:00,MOMO,sell,5.68,41.7,42.0
2025-04-25 00:00:00,SNDK,sell,32.85,41.34,23.46
2025-04-25 00:00:00,IMVT,sell,14.72,41.22,46.49
2025-04-25 00:00:00,GNTX,sell,21.36,40.09,34.78
2025-04-25 00:00:00,TLRY,sell,0.4871,39.27,29.25
2025-04-25 00:00:00,ANGI,sell,12.32,39.14,26.07
2025-04-25 00:00:00,WEN,sell,12.78,37.59,41.54
2025-04-25 00:00:00,NCNO,sell,23.04,37.19,38.84
2025-04-25 00:00:00,UPBD,sell,20.55,37.06,43.67
2025-04-25 00:00:00,ULCC,sell,3.23,32.17,47.62
2025-04-25 00:00:00,ACHC,sell,22.15,31.0,40.39
2025-04-25 00:00:00,HTZWW,buy,4.44,75.75,37.7
2025-04-25 00:00:00,TMDX,buy,93.5,73.45,32.55
2025-04-25 00:00:00,TIGO,buy,32.77,66.19,25.45
2025-04-25 00:00:00,DUOL,buy,381.83,65.6,15.64
2025-04-25 00:00:00,CVGW,buy,27.21,65.1,25.52
2025-04-25 00:00:00,PINC,buy,20.095,64.97,21.22
2025-04-25 00:00:00,GO,buy,15.69,64.44,18.98
2025-04-25 00:00:00,TFSL,buy,12.94,63.88,20.7
2025-04-25 00:00:00,BPOP,buy,95.94,63.86,25.01
2025-04-25 00:00:00,HNRG,buy,14.69,63.18,23.91
2025-04-25 00:00:00,QURE,buy,14.18,63.17,33.09
2025-04-25 00:00:00,BYRN,buy,23.17,63.14,22.09
2025-04-25 00:00:00,PHH,buy,14.27,62.7,51.82
2025-04-25 00:00:00,MPB,buy,27.77,62.07,25.04
2025-04-25 00:00:00,LANC,buy,190.21,61.72,29.15
2025-04-25 00:00:00,TRVI,buy,6.47,61.62,30.03
2025-04-25 00:00:00,SVRA,buy,3.18,61.47,22.93
2025-04-25 00:00:00,FLGT,buy,18.88,60.56,20.59
2025-04-25 00:00:00,AFYA,buy,18.58,60.47,11.25
2025-04-25 00:00:00,DNTH,buy,21.67,60.23,17.12
2025-04-25 00:00:00,GGAL,buy,63.41,59.7,24.11
2025-04-25 00:00:00,ROOT,buy,149.07,59.45,17.58
2025-04-25 00:00:00,IDYA,buy,19.0,59.35,26.59
2025-04-25 00:00:00,IMNM,buy,8.4,59.15,26.91
2025-04-25 00:00:00,CAPR,buy,13.03,59.0,26.0
2025-04-25 00:00:00,ADMA,buy,21.86,58.93,14.19
2025-04-25 00:00:00,AVBP,buy,20.82,58.69,33.42
2025-04-25 00:00:00,LINC,buy,17.38,58.3,15.65
2025-04-25 00:00:00,MREO,buy,2.5,58.29,22.12
2025-04-25 00:00:00,NWE,buy,58.28,58.16,14.91
2025-04-25 00:00:00,VERX,buy,39.74,57.86,22.52
2025-04-25 00:00:00,CELH,buy,36.74,57.71,25.34
2025-04-25 00:00:00,TYRA,buy,10.04,57.42,25.82
2025-04-25 00:00:00,ARGX,buy,614.76,57.38,17.49
2025-04-25 00:00:00,RARE,buy,38.09,57.22,27.77
2025-04-25 00:00:00,RYAAY,buy,46.28,57.14,15.5
2025-04-25 00:00:00,VRNS,buy,42.28,57.05,11.73
2025-04-25 00:00:00,WSFS,buy,51.66,56.99,23.73
2025-04-25 00:00:00,SPSC,buy,137.81,56.55,19.46
2025-04-25 00:00:00,GTX,buy,9.15,56.41,22.19
2025-04-25 00:00:00,CLDX,buy,19.57,56.38,18.14
2025-04-25 00:00:00,MNST,buy,58.67,56.29,24.42
2025-04-25 00:00:00,BSY,buy,43.44,55.94,14.79
2025-04-25 00:00:00,KLTR,buy,2.05,55.73,14.83
2025-04-25 00:00:00,FIZZ,buy,43.52,55.53,17.88
2025-04-25 00:00:00,IRTC,buy,105.99,55.47,13.74
2025-04-25 00:00:00,JANX,buy,31.05,55.36,21.48
2025-04-25 00:00:00,AVO,buy,10.64,55.34,15.53
2025-04-25 00:00:00,PCTY,buy,191.11,54.93,19.83
2025-04-25 00:00:00,OCFC,buy,16.55,54.86,20.44
2025-04-25 00:00:00,ORGO,buy,4.56,54.84,18.43
2025-04-25 00:00:00,LNTH,buy,101.77,54.83,10.95
2025-04-25 00:00:00,EVGO,buy,2.73,54.78,11.81
2025-04-25 00:00:00,CASY,buy,447.34,54.65,24.22
2025-04-25 00:00:00,TSEM,buy,37.45,54.58,21.63
2025-04-25 00:00:00,MLTX,buy,39.42,54.48,18.96
2025-04-25 00:00:00,BATRK,buy,39.25,54.41,16.46
2025-04-25 00:00:00,RGTI,buy,9.37,54.22,10.1
2025-04-25 00:00:00,CPRX,buy,23.45,54.03,16.23
2025-04-25 00:00:00,MKTX,buy,219.0,53.99,17.42
2025-04-25 00:00:00,WAFD,buy,28.22,53.97,24.27
2025-04-25 00:00:00,BPMC,buy,87.66,53.92,21.41
2025-04-25 00:00:00,ERAS,buy,1.39,53.92,22.53
2025-04-25 00:00:00,CALM,buy,94.81,53.85,14.17
2025-04-25 00:00:00,VITL,buy,33.38,53.77,8.6
2025-04-25 00:00:00,NTLA,buy,8.31,53.76,18.39
2025-04-25 00:00:00,CRNX,buy,32.39,53.75,25.67
2025-04-25 00:00:00,VRTX,buy,493.84,53.59,25.9
2025-04-25 00:00:00,BCAL,buy,13.69,53.55,16.86
2025-04-25 00:00:00,KNSA,buy,21.365,53.4,17.54
2025-04-25 00:00:00,PTCT,buy,49.53,53.35,26.4
2025-04-25 00:00:00,AEP,buy,106.74,53.28,14.17
2025-04-25 00:00:00,LAUR,buy,19.74,53.24,16.7
2025-04-25 00:00:00,LGND,buy,108.07,53.03,13.85
2025-04-25 00:00:00,LOPE,buy,175.64,52.63,14.83
2025-04-25 00:00:00,VFS,buy,3.24,52.61,16.52
2025-04-25 00:00:00,HOPE,buy,10.06,52.59,19.52
2025-04-25 00:00:00,MOFG,buy,28.24,52.38,17.46
2025-04-25 00:00:00,LEGN,buy,34.28,52.36,20.47
2025-04-25 00:00:00,ARVN,buy,9.05,52.19,30.38
2025-04-25 00:00:00,ARQT,buy,14.61,52.13,18.36
2025-04-25 00:00:00,FFIC,buy,12.25,51.93,36.5
2025-04-25 00:00:00,STBA,buy,36.03,51.58,33.61
2025-04-25 00:00:00,COO,buy,80.89,51.25,23.59
2025-04-25 00:00:00,SBAC,buy,222.09,51.25,12.71
2025-04-25 00:00:00,AMRK,buy,24.96,51.19,20.76
2025-04-25 00:00:00,NRIX,buy,11.56,51.19,34.09
2025-04-25 00:00:00,RXRX,buy,5.73,51.08,16.83
2025-04-25 00:00:00,CGEM,buy,8.14,50.98,19.8
2025-04-25 00:00:00,EFSC,buy,51.34,50.93,20.44
2025-04-25 00:00:00,ACLX,buy,63.71,50.91,27.11
2025-04-25 00:00:00,BLMN,buy,8.09,50.87,23.29
2025-04-25 00:00:00,ACIW,buy,52.39,50.71,15.77
2025-04-25 00:00:00,BELFB,buy,71.21,50.52,14.26
2025-04-25 00:00:00,TRMK,buy,33.34,50.49,20.19
2025-04-25 00:00:00,REG,buy,71.42,50.46,24.22
2025-04-25 00:00:00,CRSP,buy,38.27,50.42,17.8
2025-04-25 00:00:00,SRAD,buy,22.45,50.39,11.35
2025-04-25 00:00:00,IRON,buy,45.42,50.38,33.13
2025-04-25 00:00:00,ASTS,buy,23.76,50.37,11.91
2025-04-25 00:00:00,UFPI,buy,106.74,50.31,13.69
2025-04-25 00:00:00,BEAM,buy,19.52,50.24,27.34
2025-04-25 00:00:00,MBUU,buy,28.84,50.24,18.05
2025-04-25 00:00:00,LBTYK,buy,11.29,50.16,25.91
2025-04-25 00:00:00,REGN,buy,602.64,50.14,34.26
2025-04-25 00:00:00,REPL,buy,9.05,50.08,27.62
2025-04-25 00:00:00,ALLO,buy,1.55,49.83,14.96
2025-04-25 00:00:00,WAY,buy,37.02,49.7,21.39
2025-04-25 00:00:00,VRDN,buy,13.5,49.53,27.36
2025-04-25 00:00:00,CMPO,buy,10.79,49.48,29.67
2025-04-25 00:00:00,NBBK,buy,17.09,49.45,31.23
2025-04-25 00:00:00,KURA,buy,6.43,49.36,30.38
2025-04-25 00:00:00,VKTX,buy,24.99,49.25,15.72
2025-04-25 00:00:00,STRA,buy,80.93,49.18,32.49
2025-04-25 00:00:00,SSRM,buy,10.25,49.07,17.98
2025-04-25 00:00:00,TBBK,buy,47.99,49.01,18.19
2025-04-25 00:00:00,LIND,buy,8.89,48.86,36.16
2025-04-25 00:00:00,HQY,buy,85.87,48.82,33.09
2025-04-25 00:00:00,PRAX,buy,36.0,48.79,40.91
2025-04-25 00:00:00,CROX,buy,97.68,48.76,
2025-04-25 00:00:00,CHEF,buy,53.11,48.66,27.66
2025-04-25 00:00:00,CNOB,buy,22.39,48.51,15.4
2025-04-25 00:00:00,XNCR,buy,10.51,48.43,44.53
2025-04-25 00:00:00,ARKO,buy,4.18,48.37,22.78
2025-04-25 00:00:00,SLRC,buy,15.69,48.28,31.97
2025-04-25 00:00:00,BUSE,buy,20.67,48.2,24.85
2025-04-25 00:00:00,UFPT,buy,206.8,48.18,17.69
2025-04-25 00:00:00,KHC,buy,29.49,48.15,12.03
2025-04-25 00:00:00,CSGS,buy,59.1,47.87,16.86
2025-04-25 00:00:00,MEOH,buy,31.07,47.82,36.18
2025-04-25 00:00:00,SANA,buy,1.77,47.51,17.97
2025-04-25 00:00:00,ENSG,buy,126.04,47.34,12.83
2025-04-25 00:00:00,FANG,buy,136.76,47.31,19.68
2025-04-25 00:00:00,DHC,buy,2.27,47.17,20.15
2025-04-25 00:00:00,MDLZ,buy,65.59,47.14,14.5
2025-04-25 00:00:00,OLLI,buy,107.31,47.14,18.41
2025-04-25 00:00:00,MMSI,buy,94.61,47.11,34.22
2025-04-25 00:00:00,SBCF,buy,23.73,47.11,19.53
2025-04-25 00:00:00,FFIN,buy,33.37,47.02,17.73
2025-04-25 00:00:00,CLMT,buy,10.48,46.82,34.44
2025-04-25 00:00:00,TCOM,buy,57.52,46.75,15.82
2025-04-25 00:00:00,ACIC,buy,11.18,46.72,9.61
2025-04-25 00:00:00,BTSG,buy,16.92,46.58,28.18
2025-04-25 00:00:00,CASS,buy,40.57,46.55,22.58
2025-04-25 00:00:00,FUTU,buy,87.85,46.54,19.48
2025-04-25 00:00:00,FHB,buy,22.85,46.45,26.29
2025-04-25 00:00:00,BMRC,buy,20.82,46.43,12.17
2025-04-25 00:00:00,ADP,buy,291.76,46.39,20.19
2025-04-25 00:00:00,TER,buy,77.12,46.39,35.67
2025-04-25 00:00:00,COCO,buy,30.82,46.37,20.54
2025-04-25 00:00:00,LAND,buy,9.81,46.25,32.12
2025-04-25 00:00:00,CRVL,buy,110.31,46.08,17.36
2025-04-25 00:00:00,VRSK,buy,286.05,45.86,12.83
2025-04-25 00:00:00,PTGX,buy,44.49,45.84,15.99
2025-04-25 00:00:00,ORLY,buy,1347.0,45.82,17.4
2025-04-25 00:00:00,GOOD,buy,14.12,45.76,47.88
2025-04-25 00:00:00,SYRE,buy,14.13,45.76,44.32
2025-04-25 00:00:00,LI,buy,23.48,45.72,22.78
2025-04-25 00:00:00,EXPO,buy,79.15,45.68,11.82
2025-04-25 00:00:00,CINF,buy,133.69,45.65,34.96
2025-04-25 00:00:00,KRNT,buy,18.49,45.26,25.63
2025-04-25 00:00:00,AVAH,buy,4.57,45.25,20.61
2025-04-25 00:00:00,IMXI,buy,12.43,45.24,31.92
2025-04-25 00:00:00,PRDO,buy,24.92,45.22,14.88
2025-04-25 00:00:00,TH,buy,6.35,45.14,11.27
2025-04-25 00:00:00,HSIC,buy,65.17,45.11,30.27
2025-04-25 00:00:00,IPAR,buy,108.45,44.89,21.98
2025-04-25 00:00:00,BFST,buy,22.73,44.86,20.86
2025-04-25 00:00:00,MRVI,buy,2.045,44.59,44.87
2025-04-25 00:00:00,CLBK,buy,13.69,44.46,21.45
2025-04-25 00:00:00,IDCC,buy,193.75,44.31,16.77
2025-04-25 00:00:00,CTKB,buy,3.77,44.21,31.31
2025-04-25 00:00:00,NESR,buy,6.4,43.96,37.76
2025-04-25 00:00:00,SEDG,buy,12.56,43.84,16.74
2025-04-25 00:00:00,WVE,buy,6.73,43.5,24.08
2025-04-25 00:00:00,PFG,buy,73.46,43.36,26.74
2025-04-25 00:00:00,PRCT,buy,52.49,43.19,25.88
2025-04-25 00:00:00,NMIH,buy,33.4,43.1,20.06
2025-04-25 00:00:00,HPK,buy,9.55,42.98,30.05
2025-04-25 00:00:00,CLOV,buy,3.43,42.92,28.31
2025-04-25 00:00:00,LGIH,buy,59.45,42.88,39.95
2025-04-25 00:00:00,MNRO,buy,14.52,42.84,22.52
2025-04-25 00:00:00,ADV,buy,1.33,42.74,28.23
2025-04-25 00:00:00,CHX,buy,25.0,42.7,22.31
2025-04-25 00:00:00,HOLX,buy,58.02,42.67,29.42
2025-04-25 00:00:00,MDXG,buy,6.91,42.58,48.57
2025-04-25 00:00:00,ORIC,buy,5.1,42.24,30.2
2025-04-25 00:00:00,ANDE,buy,38.02,42.03,23.29
2025-04-25 00:00:00,RWAY,buy,9.25,41.78,32.17
2025-04-25 00:00:00,PTEN,buy,6.09,41.53,21.83
2025-04-25 00:00:00,ECX,buy,1.12,41.44,23.43
2025-04-25 00:00:00,CBLL,buy,15.31,41.41,56.22
2025-04-25 00:00:00,WFRD,buy,42.74,41.38,26.28
2025-04-25 00:00:00,XRX,buy,4.27,41.32,36.03
2025-04-25 00:00:00,MAZE,buy,8.21,41.27,31.09
2025-04-25 00:00:00,JJSF,buy,128.52,41.24,12.41
2025-04-25 00:00:00,TECH,buy,50.24,40.99,42.2
2025-04-25 00:00:00,BIIB,buy,118.84,40.59,32.6
2025-04-25 00:00:00,FUFU,buy,3.9,40.33,18.19
2025-04-25 00:00:00,MGRC,buy,103.37,40.22,32.53
2025-04-25 00:00:00,PHAT,buy,4.11,40.22,16.42
2025-04-25 00:00:00,COGT,buy,4.64,40.18,33.73
2025-04-25 00:00:00,LSTR,buy,135.0,39.94,33.95
2025-04-25 00:00:00,HLMN,buy,7.67,39.79,31.9
2025-04-25 00:00:00,LKFN,buy,53.5,39.75,24.03
2025-04-25 00:00:00,FLYW,buy,8.94,39.36,41.75
2025-04-25 00:00:00,POOL,buy,291.59,39.22,26.54
2025-04-25 00:00:00,ACDC,buy,4.77,39.07,26.56
2025-04-25 00:00:00,VCEL,buy,39.73,39.07,42.15
2025-04-25 00:00:00,PCH,buy,39.08,39.06,39.02
2025-04-25 00:00:00,DNUT,buy,4.33,38.92,43.52
2025-04-25 00:00:00,HURN,buy,134.14,38.65,20.84
2025-04-25 00:00:00,THRM,buy,24.74,37.91,28.29
2025-04-25 00:00:00,CCOI,buy,53.53,37.86,54.11
2025-04-25 00:00:00,BVS,buy,7.65,37.7,28.56
2025-04-25 00:00:00,PTLO,buy,10.73,37.7,22.86
2025-04-25 00:00:00,FRPT,buy,74.65,37.57,51.82
2025-04-25 00:00:00,RXT,buy,1.38,36.92,52.78
2025-04-25 00:00:00,ENPH,buy,46.83,36.86,24.25
2025-04-25 00:00:00,SHOO,buy,20.8,36.79,46.56
2025-04-25 00:00:00,AZTA,buy,26.73,36.08,51.39
2025-04-25 00:00:00,LKQ,buy,37.41,35.55,18.6
2025-04-25 00:00:00,VNET,buy,5.38,34.97,40.29
2025-04-25 00:00:00,PRTA,buy,9.7,34.02,39.43
2025-04-25 00:00:00,PCVX,buy,32.92,33.66,54.23
2025-04-25 00:00:00,RMR,buy,14.8,33.07,59.98
2025-04-25 00:00:00,JD,buy,32.53,32.55,23.57
2025-04-25 00:00:00,OPEN,buy,0.7637,31.62,26.0
2025-04-25 00:00:00,MYGN,buy,7.42,29.3,44.21
2025-04-25 00:00:00,CHDN,buy,88.35,28.65,37.43
2025-04-25 00:00:00,APLS,buy,17.49,26.8,45.9
2025-04-24 00:00:00,HTZWW,sell,4.59,79.7733,37.1314
2025-04-24 00:00:00,HTZ,sell,8.65,77.1003,33.6882
2025-04-24 00:00:00,LMB,sell,93.35,66.387,14.8629
2025-04-24 00:00:00,DUOL,sell,375.02,64.1631,14.1572
2025-04-24 00:00:00,DRS,sell,36.71,61.6152,17.4837
2025-04-24 00:00:00,ROOT,sell,150.15,60.1419,17.1598
2025-04-24 00:00:00,RLAY,sell,3.19,59.7792,23.6549
2025-04-24 00:00:00,KTOS,sell,33.29,59.2224,15.1867
2025-04-24 00:00:00,DYN,sell,11.11,59.1578,37.6265
2025-04-24 00:00:00,TGTX,sell,40.3,58.8305,20.1243
2025-04-24 00:00:00,GSM,sell,3.75,58.5716,17.8883
2025-04-24 00:00:00,KLTR,sell,2.07,57.3546,15.2399
2025-04-24 00:00:00,EA,sell,146.19,57.3387,16.5815
2025-04-24 00:00:00,GTX,sell,9.17,56.8394,21.6081
2025-04-24 00:00:00,IMTX,sell,4.67,56.768,14.3627
2025-04-24 00:00:00,POWL,sell,184.34,55.9478,10.7347
2025-04-24 00:00:00,PPC,sell,53.97,55.8954,11.8865
2025-04-24 00:00:00,MGTX,sell,6.55,55.892,22.4047
2025-04-24 00:00:00,TLN,sell,211.01,55.6872,10.5516
2025-04-24 00:00:00,RARE,sell,37.64,55.5376,29.1369
2025-04-24 00:00:00,SOFI,sell,12.31,55.3817,18.0594
2025-04-24 00:00:00,SFD,sell,20.47,55.0721,21.3705
2025-04-24 00:00:00,AFRM,sell,48.2,54.9043,21.9622
2025-04-24 00:00:00,RCKT,sell,7.43,54.8867,35.4389
2025-04-24 00:00:00,BATRK,sell,39.3,54.844,17.4931
2025-04-24 00:00:00,TBLA,sell,2.96,54.8001,22.0347
2025-04-24 00:00:00,CLBT,sell,19.56,54.7469,13.0864
2025-04-24 00:00:00,ALKT,sell,26.53,54.6194,31.3154
2025-04-24 00:00:00,RGTI,sell,9.3,53.6869,9.8544
2025-04-24 00:00:00,SKBL,sell,11.91,53.4295,19.5056
2025-04-24 00:00:00,SLM,sell,28.14,53.4253,14.8371
2025-04-24 00:00:00,PTON,sell,6.28,53.3319,15.9
2025-04-24 00:00:00,SIBN,sell,14.39,53.2606,26.7115
2025-04-24 00:00:00,NICE,sell,154.52,53.2455,10.6239
2025-04-24 00:00:00,GYRE,sell,9.12,53.1606,19.3648
2025-04-24 00:00:00,ARGX,sell,600.51,53.0251,18.7612
2025-04-24 00:00:00,TMUS,sell,262.18,53.0242,17.858
2025-04-24 00:00:00,MKTX,sell,218.19,53.001,18.4982
2025-04-24 00:00:00,PSNY,sell,1.06,52.9528,14.8995
2025-04-24 00:00:00,AGYS,sell,73.64,52.7866,21.7698
2025-04-24 00:00:00,UPST,sell,46.71,52.5839,20.5353
2025-04-24 00:00:00,NRDS,sell,9.08,52.498,27.9273
2025-04-24 00:00:00,SIGI,sell,89.26,52.3113,16.8988
2025-04-24 00:00:00,LCID,sell,2.45,51.9951,9.4502
2025-04-24 00:00:00,HONE,sell,10.06,51.8232,18.2681
2025-04-24 00:00:00,GBDC,sell,14.46,51.469,40.2661
2025-04-24 00:00:00,VRRM,sell,22.09,51.4601,18.1114
2025-04-24 00:00:00,NSSC,sell,22.77,51.4497,30.6902
2025-04-24 00:00:00,TPG,sell,46.71,51.153,25.9023
2025-04-24 00:00:00,CRDO,sell,42.39,51.0414,16.4311
2025-04-24 00:00:00,QLYS,sell,124.89,50.9233,16.8484
2025-04-24 00:00:00,WAY,sell,37.28,50.9096,21.9038
2025-04-24 00:00:00,IBKR,sell,169.05,50.6484,25.4735
2025-04-24 00:00:00,APP,sell,267.88,50.3708,20.6294
2025-04-24 00:00:00,BL,sell,46.86,50.3122,27.6297
2025-04-24 00:00:00,CROX,sell,98.73,49.9343,
2025-04-24 00:00:00,LPLA,sell,315.84,49.8947,22.9113
2025-04-24 00:00:00,SSRM,sell,10.3,49.8167,18.1337
2025-04-24 00:00:00,PENG,sell,17.0,49.8093,18.5662
2025-04-24 00:00:00,NOVT,sell,120.55,49.6971,34.6658
2025-04-24 00:00:00,OXLC,sell,4.54,49.455,32.0488
2025-04-24 00:00:00,TRIN,sell,14.71,49.4106,36.0069
2025-04-24 00:00:00,SATL,sell,3.61,49.2096,19.4132
2025-04-24 00:00:00,LNT,sell,61.33,48.7412,27.4659
2025-04-24 00:00:00,AVDX,sell,7.87,48.5671,29.533
2025-04-24 00:00:00,MFIC,sell,11.95,48.5524,38.0189
2025-04-24 00:00:00,PAGP,sell,19.34,48.5522,34.5957
2025-04-24 00:00:00,SLRC,sell,15.69,48.2807,32.9999
2025-04-24 00:00:00,GILD,sell,106.15,48.0853,28.0229
2025-04-24 00:00:00,WASH,sell,28.04,48.0381,21.8918
2025-04-24 00:00:00,SMPL,sell,35.42,48.0216,18.8523
2025-04-24 00:00:00,MEOH,sell,30.93,47.2799,38.7844
2025-04-24 00:00:00,MMSI,sell,94.67,47.2268,36.1688
2025-04-24 00:00:00,INDI,sell,2.0,46.4189,24.1194
2025-04-24 00:00:00,FDUS,sell,19.0,46.1765,50.972
2025-04-24 00:00:00,VTRS,sell,8.03,46.0464,48.6969
2025-04-24 00:00:00,DIOD,sell,38.23,45.7088,36.8514
2025-04-24 00:00:00,AXGN,sell,16.16,45.5244,21.9473
2025-04-24 00:00:00,NAMS,sell,17.47,45.1152,31.6878
2025-04-24 00:00:00,ENSG,sell,124.87,44.9828,12.5295
2025-04-24 00:00:00,CSWC,sell,19.96,44.8549,37.9295
2025-04-24 00:00:00,AMRX,sell,7.42,44.545,29.2597
2025-04-24 00:00:00,COMM,sell,3.8,44.4251,28.2484
2025-04-24 00:00:00,OPCH,sell,32.18,44.1672,33.954
2025-04-24 00:00:00,EMBC,sell,11.75,44.1369,24.8749
2025-04-24 00:00:00,BIGC,sell,5.25,42.9921,14.9875
2025-04-24 00:00:00,CGBD,sell,14.59,41.8344,50.5942
2025-04-24 00:00:00,PTEN,sell,6.1,41.6461,22.5721
2025-04-24 00:00:00,MAT,sell,15.77,41.6267,44.4117
2025-04-24 00:00:00,CRCT,sell,4.49,41.1187,25.1978
2025-04-24 00:00:00,SNDK,sell,32.29,40.0081,24.2906
2025-04-24 00:00:00,CCSI,sell,19.39,39.0311,36.691
2025-04-24 00:00:00,BZ,sell,14.6,38.8294,30.7389
2025-04-24 00:00:00,IRDM,sell,23.04,37.6434,37.9801
2025-04-24 00:00:00,ALKS,sell,27.67,34.6839,39.6771
2025-04-24 00:00:00,NUTX,buy,140.51,75.4829,49.798
2025-04-24 00:00:00,PSMT,buy,101.71,73.3513,23.807
2025-04-24 00:00:00,STNE,buy,13.43,72.5686,30.9704
2025-04-24 00:00:00,SLP,buy,35.88,72.32,43.3166
2025-04-24 00:00:00,PEGA,buy,91.34,71.7936,35.1231
2025-04-24 00:00:00,KROS,buy,14.42,71.4584,30.5915
2025-04-24 00:00:00,GRPN,buy,19.64,69.9421,26.0535
2025-04-24 00:00:00,EZPW,buy,16.38,69.6122645837977,29.797869248999223
2025-04-24 00:00:00,CERT,buy,14.42,69.32216243393164,36.995910321958775
2025-04-24 00:00:00,TIGO,buy,33.12,69.09727559987246,24.815135695528426
2025-04-24 00:00:00,CPRT,buy,61.97,68.5395,15.8159
2025-04-24 00:00:00,RGLD,buy,183.6,68.25718822395844,50.282087516976375
2025-04-24 00:00:00,CASH,buy,79.32,67.6094957173488,22.8086959795933
2025-04-24 00:00:00,MPB,buy,28.38,67.43331119558103,24.13512749421229
2025-04-24 00:00:00,DJT,buy,26.15,67.36817430821166,24.3172761657751
2025-04-24 00:00:00,CKPT,buy,4.09,67.29773866940705,31.65725242085732
2025-04-24 00:00:00,SVRA,buy,3.27,66.6464,21.8946
2025-04-24 00:00:00,GO,buy,15.84,66.5979,17.9454
2025-04-24 00:00:00,CAR,buy,91.39,66.53556545487282,24.227579295478197
2025-04-24 00:00:00,SFM,buy,166.68,66.4811,12.4002
2025-04-24 00:00:00,BANF,buy,119.15,66.47377919589314,26.06927433950413
2025-04-24 00:00:00,SLNO,buy,74.23,66.2817,26.2499
2025-04-24 00:00:00,CVGW,buy,27.33,66.1012,24.7988
2025-04-24 00:00:00,SIGA,buy,6.48,66.0314712847799,22.137633837585916
2025-04-24 00:00:00,PLSE,buy,19.27,65.96542843335594,20.259675759501103
2025-04-24 00:00:00,GPCR,buy,23.65,65.5243,29.2162
2025-04-24 00:00:00,GLPG,buy,26.49,65.43526338500357,21.580661440896048
2025-04-24 00:00:00,HNRG,buy,14.925,65.30562053783474,23.50414934018167
2025-04-24 00:00:00,SNEX,buy,85.99,65.2995,15.3564
2025-04-24 00:00:00,KYMR,buy,33.56,65.11046839925605,26.886200642985067
2025-04-24 00:00:00,FER,buy,47.84,64.83900757610941,25.94158020963704
2025-04-24 00:00:00,SNRE,buy,52.81,64.78563330215987,24.60814986481465
2025-04-24 00:00:00,XP,buy,15.56,64.74546964028669,23.92179778840429
2025-04-24 00:00:00,DGICA,buy,19.55,64.5922,29.4723
2025-04-24 00:00:00,ALGN,buy,184.27,64.5009,21.8491
2025-04-24 00:00:00,ETON,buy,15.79,64.47995107093011,24.51494014294861
2025-04-24 00:00:00,PLMR,buy,153.15,64.46186648167269,24.731629026722374
2025-04-24 00:00:00,XENE,buy,38.2,64.08858459622515,36.51343878125044
2025-04-24 00:00:00,BPOP,buy,95.94,63.856235374502,24.47099081471448
2025-04-24 00:00:00,MVST,buy,2.15,63.74539458749239,30.56724671618506
2025-04-24 00:00:00,QURE,buy,14.26,63.734270276311136,33.23633829169823
2025-04-24 00:00:00,TFSL,buy,12.93,63.71850756716817,20.539868461368005
2025-04-24 00:00:00,SDGR,buy,26.13,63.68583072867021,28.175977761916904
2025-04-24 00:00:00,ZBIO,buy,9.98,63.5737,18.2667
2025-04-24 00:00:00,KALV,buy,12.88,62.98641246359902,21.15754580179845
2025-04-24 00:00:00,CRMD,buy,9.15,62.95389215434732,22.57499526025098
2025-04-24 00:00:00,STRL,buy,146.0,62.88433549769999,21.0446002340918
2025-04-24 00:00:00,AVDL,buy,8.6,62.832,20.3894
2025-04-24 00:00:00,PHH,buy,14.26,62.65767115327827,51.12136949238265
2025-04-24 00:00:00,MRX,buy,40.68,62.644282229616685,25.458921510013536
2025-04-24 00:00:00,TRML,buy,17.32,62.58390053951673,27.730790707685145
2025-04-24 00:00:00,BCRX,buy,8.22,62.5254,26.4431
2025-04-24 00:00:00,BYRN,buy,22.94,62.4213760952748,21.67414516419547
2025-04-24 00:00:00,HAFC,buy,23.22,62.3135,22.8928
2025-04-24 00:00:00,RNW,buy,6.51,62.31045778410861,22.780329812205952
2025-04-24 00:00:00,LANC,buy,190.33,61.9856,29.3608
2025-04-24 00:00:00,UVSP,buy,29.39,61.6476,29.092
2025-04-24 00:00:00,ANAB,buy,20.61,61.5316,26.1312
2025-04-24 00:00:00,INVA,buy,18.38,61.4574,19.4259
2025-04-24 00:00:00,IDXX,buy,440.98,61.3995,23.0657
2025-04-24 00:00:00,AVBP,buy,21.17,61.3699,34.719
2025-04-24 00:00:00,TCMD,buy,14.35,61.2785913581439,26.4751628289824
2025-04-24 00:00:00,CLPT,buy,14.29,61.11901436108249,23.87703376540068
2025-04-24 00:00:00,ITRI,buy,109.16,61.1186,16.7447
2025-04-24 00:00:00,DPZ,buy,487.97,61.0672,12.5516
2025-04-24 00:00:00,CELC,buy,11.04,61.0129,21.4842
2025-04-24 00:00:00,IMNM,buy,8.52,60.9334,28.1575
2025-04-24 00:00:00,CAPR,buy,13.28,60.706619157915455,25.28977151032695
2025-04-24 00:00:00,CVBF,buy,18.91,60.5986,23.425
2025-04-24 00:00:00,GLNG,buy,40.17,60.52046338727064,20.38996587896569
2025-04-24 00:00:00,EVLV,buy,3.53,60.4432,18.8137
2025-04-24 00:00:00,ARLP,buy,27.45,60.3795,14.1318
2025-04-24 00:00:00,PERI,buy,8.95,60.304123436768094,21.67130482752245
2025-04-24 00:00:00,AVAV,buy,148.95,60.1794,26.6091
2025-04-24 00:00:00,MREO,buy,2.54,60.1677,23.2316
2025-04-24 00:00:00,JANX,buy,32.07,60.14550903133906,21.33498081180022
2025-04-24 00:00:00,KRNY,buy,6.45,60.0813,19.917
2025-04-24 00:00:00,CELH,buy,37.2,60.062,26.9221
2025-04-24 00:00:00,HSTM,buy,33.21,60.0602,28.9522
2025-04-24 00:00:00,NAGE,buy,7.38,60.0061,20.421
2025-04-24 00:00:00,IDYA,buy,19.07,59.8877,26.5995
2025-04-24 00:00:00,SPRY,buy,14.64,59.8691,32.8045
2025-04-24 00:00:00,TECX,buy,22.38,59.86519121374202,31.75680363918913
2025-04-24 00:00:00,ANIP,buy,69.64,59.83460219354314,23.899119789787328
2025-04-24 00:00:00,CSGP,buy,83.22,59.8072,13.4275
2025-04-24 00:00:00,COIN,buy,203.87,59.794736605256496,20.71759140719779
2025-04-24 00:00:00,RLAY,buy,3.19,59.77920322182246,23.654931017609357
2025-04-24 00:00:00,VRNA,buy,64.78,59.6017,29.7664
2025-04-24 00:00:00,TRVI,buy,6.35,59.53562215732965,29.622080536383717
2025-04-24 00:00:00,ABVX,buy,6.93,59.49084522079917,23.9644489516351
2025-04-24 00:00:00,GGAL,buy,63.24,59.466693916991154,23.89804562043207
2025-04-24 00:00:00,ABCL,buy,2.6,59.39217844824643,23.08381332551659
2025-04-24 00:00:00,TEM,buy,53.5,59.39033854740205,20.37969017285355
2025-04-24 00:00:00,ULTA,buy,385.93,59.3081,15.1962
2025-04-24 00:00:00,SRRK,buy,34.38,59.2071756307189,28.35917691270236
2025-04-24 00:00:00,DYN,buy,11.11,59.15776714731065,37.62649269473866
2025-04-24 00:00:00,APPN,buy,30.69,59.155914636698334,20.752321119386966
2025-04-24 00:00:00,WSFS,buy,52.15,59.13071344705864,24.869934563090798
2025-04-24 00:00:00,GH,buy,47.41,59.1113,12.4078
2025-04-24 00:00:00,COHU,buy,16.85,59.09685454087425,30.64423195459108
2025-04-24 00:00:00,KRUS,buy,61.06,59.0456,22.5359
2025-04-24 00:00:00,RGEN,buy,145.23,59.032850335096384,23.289241367734245
2025-04-24 00:00:00,FIZZ,buy,43.98,58.9595,18.7054
2025-04-24 00:00:00,WBTN,buy,9.13,58.92466291311471,25.459583504727515
2025-04-24 00:00:00,AVPT,buy,15.76,58.8944862336804,21.31426219447084
2025-04-24 00:00:00,DNLI,buy,15.49,58.8872,26.8677
2025-04-24 00:00:00,VRSN,buy,252.59,58.86764741090402,20.4395217791042
2025-04-24 00:00:00,BBIO,buy,35.96,58.8488,15.5628
2025-04-24 00:00:00,LNTH,buy,103.64,58.8447,11.6987
2025-04-24 00:00:00,TGTX,buy,40.3,58.83053665886493,20.124281444192523
2025-04-24 00:00:00,CLSK,buy,8.86,58.7786,13.5252
2025-04-24 00:00:00,RVMD,buy,38.58,58.7332,20.7526
2025-04-24 00:00:00,RKLB,buy,21.88,58.467,18.481
2025-04-24 00:00:00,SPSC,buy,139.03,58.3167,20.0179
2025-04-24 00:00:00,AXON,buy,590.67,58.3147,10.5369
2025-04-24 00:00:00,ZYME,buy,12.52,58.2412,23.5795
2025-04-24 00:00:00,CATY,buy,42.65,58.2214581849667,24.46651890911212
2025-04-24 00:00:00,CRNX,buy,33.39,58.0876,27.242
2025-04-24 00:00:00,TYRA,buy,10.09,58.08697546393344,27.64897085534425
2025-04-24 00:00:00,MMYT,buy,106.0,58.0026,14.2251
2025-04-24 00:00:00,ROST,buy,139.93,57.941,17.0652
2025-04-24 00:00:00,ERIC,buy,8.23,57.84274586365273,21.513751728862
2025-04-24 00:00:00,RNA,buy,30.93,57.809,18.5975
2025-04-24 00:00:00,SOUNW,buy,4.1999,57.76601986859017,20.142074524577996
2025-04-24 00:00:00,KALU,buy,62.42,57.7499,30.1735
2025-04-24 00:00:00,FIBK,buy,28.31,57.7157,20.9283
2025-04-24 00:00:00,CTAS,buy,209.75,57.6986,13.9819
2025-04-24 00:00:00,UPB,buy,8.96,57.6842,25.0882
2025-04-24 00:00:00,KMTS,buy,24.99,57.6741,27.8429
2025-04-24 00:00:00,BITF,buy,1.02,57.6647,27.8489
2025-04-24 00:00:00,FWRG,buy,19.37,57.564054752484296,20.1689253626766
2025-04-24 00:00:00,FIVE,buy,76.07,57.2594,19.9641
2025-04-24 00:00:00,ASND,buy,160.45,57.2337,18.6334
2025-04-24 00:00:00,ACT,buy,35.49,57.1434,15.9111
2025-04-24 00:00:00,OCUL,buy,7.9,57.0708,17.1245
2025-04-24 00:00:00,VERX,buy,39.54,57.062,22.7967
2025-04-24 00:00:00,HWC,buy,52.3,56.9987,22.1086
2025-04-24 00:00:00,SPTN,buy,20.44,56.9518,14.6321
2025-04-24 00:00:00,CGNT,buy,9.53,56.94191505204669,22.50005386105655
2025-04-24 00:00:00,DSGX,buy,105.7,56.93461589236938,21.469101520783
2025-04-24 00:00:00,LLYVK,buy,71.54,56.8665,14.6489
2025-04-24 00:00:00,USAR,buy,13.23,56.85025469072732,26.864688912842663
2025-04-24 00:00:00,BTDR,buy,10.4,56.8498,22.5295
2025-04-24 00:00:00,GTX,buy,9.17,56.839435682495335,21.608050413634714
2025-04-24 00:00:00,ABSI,buy,3.22,56.8192,26.4775
2025-04-24 00:00:00,LZMH,buy,9.47,56.81669926982196,24.062419634740117
2025-04-24 00:00:00,CAMT,buy,66.94,56.79462490401937,20.321167113386764
2025-04-24 00:00:00,TITN,buy,17.03,56.7882,13.4578
2025-04-24 00:00:00,LLYVA,buy,70.28,56.6788,13.7233
2025-04-24 00:00:00,EWBC,buy,85.97,56.6737,30.3974
2025-04-24 00:00:00,MARA,buy,14.01,56.6643,15.3182
2025-04-24 00:00:00,IIIV,buy,25.51,56.6557,11.7781
2025-04-24 00:00:00,BWB,buy,13.82,56.6162,16.7095
2025-04-24 00:00:00,HBNC,buy,14.83,56.57824007556237,28.485089955946428
2025-04-24 00:00:00,SWTX,buy,44.93,56.56321714126194,26.294624321350515
2025-04-24 00:00:00,CLDX,buy,19.58,56.4537,17.8373
2025-04-24 00:00:00,WTFC,buy,111.38,56.43450378861057,25.058745188705736
2025-04-24 00:00:00,BBCP,buy,6.16,56.4277,19.9043
2025-04-24 00:00:00,CRON,buy,1.85,56.34067446901003,21.08445931366122
2025-04-24 00:00:00,SAGE,buy,7.79,56.3068,22.8786
2025-04-24 00:00:00,WAFD,buy,28.53,56.2747,24.6775
2025-04-24 00:00:00,BLFS,buy,24.8,56.22528774741659,24.70529023399498
2025-04-24 00:00:00,STX,buy,83.04,56.15485892121303,23.333574339641547
2025-04-24 00:00:00,NUVL,buy,73.98,55.979,26.2175
2025-04-24 00:00:00,NBTB,buy,42.36,55.9007,21.5621
2025-04-24 00:00:00,MNST,buy,58.59,55.8996,26.151
2025-04-24 00:00:00,MGTX,buy,6.55,55.89197497788084,22.40466520610161
2025-04-24 00:00:00,ECPG,buy,34.81,55.84094978380399,32.89762607699425
2025-04-24 00:00:00,APGE,buy,37.05,55.839,22.602
2025-04-24 00:00:00,SHEN,buy,12.96,55.78656873108174,21.5068731367748
2025-04-24 00:00:00,LIF,buy,39.95,55.7689,22.2044
2025-04-24 00:00:00,WOOF,buy,3.16,55.7688,28.0016
2025-04-24 00:00:00,CNXC,buy,51.11,55.7656,14.9283
2025-04-24 00:00:00,EBAY,buy,67.2,55.6758,11.4492
2025-04-24 00:00:00,DAVE,buy,89.96,55.6481,11.5389
2025-04-24 00:00:00,FWONK,buy,87.08,55.5899,26.4283
2025-04-24 00:00:00,RARE,buy,37.64,55.53762103897216,29.136869549757733
2025-04-24 00:00:00,COO,buy,82.58,55.47440549483176,25.08725153477059
2025-04-24 00:00:00,TCBK,buy,39.43,55.44577742705873,20.83886008000705
2025-04-24 00:00:00,NWS,buy,31.0,55.4304,24.5299
2025-04-24 00:00:00,PLUS,buy,62.55,55.425,29.6111
2025-04-24 00:00:00,VITL,buy,33.61,55.3871,9.2126
2025-04-24 00:00:00,CWST,buy,115.4,55.3598,11.375
2025-04-24 00:00:00,LAB,buy,1.23,55.34393965686445,24.13538972532652
2025-04-24 00:00:00,TEAM,buy,225.08,55.27400632433521,26.947265704426645
2025-04-24 00:00:00,NEO,buy,10.09,55.2632,22.1883
2025-04-24 00:00:00,MANH,buy,174.21,55.2307,25.3687
2025-04-24 00:00:00,CBSH,buy,61.37,55.2109,19.5436
2025-04-24 00:00:00,MGNI,buy,12.22,55.20360612518227,30.90905785502421
2025-04-24 00:00:00,XMTR,buy,24.86,55.0915,24.3
2025-04-24 00:00:00,SFD,buy,20.47,55.07205365634399,21.37052373710041
2025-04-24 00:00:00,ANSS,buy,316.36,55.05650086082176,23.772698914788204
2025-04-24 00:00:00,HBAN,buy,14.55,55.04166895443795,24.924954423433316
2025-04-24 00:00:00,GLDD,buy,9.06,55.0349,17.2339
2025-04-24 00:00:00,UBSI,buy,34.46,55.0105,19.9094
2025-04-24 00:00:00,WDC,buy,40.17,54.91480135704826,22.23292020024652
2025-04-24 00:00:00,AFRM,buy,48.2,54.904289664411806,21.962232098599383
2025-04-24 00:00:00,RCKT,buy,7.43,54.88666034007004,35.438940956427686
2025-04-24 00:00:00,CRTO,buy,33.97,54.84232346765945,22.933144009212004
2025-04-24 00:00:00,TBLA,buy,2.96,54.80013377556592,22.034748277084876
2025-04-24 00:00:00,MTSI,buy,105.68,54.79186070902004,20.128667130319283
2025-04-24 00:00:00,VICR,buy,50.67,54.7115,14.4202
2025-04-24 00:00:00,SNDL,buy,1.48,54.69798409994166,30.9309703777988
2025-04-24 00:00:00,ARDX,buy,5.02,54.69631048961493,23.56769531430874
2025-04-24 00:00:00,WULF,buy,3.04,54.68228574282826,20.01027392505864
2025-04-24 00:00:00,PUBM,buy,9.85,54.6798,32.1276
2025-04-24 00:00:00,MLYS,buy,14.09,54.6689,21.8451
2025-04-24 00:00:00,CASY,buy,447.29,54.63019616925896,25.398937898337238
2025-04-24 00:00:00,AUPH,buy,8.1,54.6227,24.516
2025-04-24 00:00:00,ALKT,buy,26.53,54.61942400488703,31.315442043628167
2025-04-24 00:00:00,MLTX,buy,39.45,54.6053,20.3408
2025-04-24 00:00:00,TARS,buy,49.97,54.6021,14.2768
2025-04-24 00:00:00,ZLAB,buy,33.8,54.5956,18.9327
2025-04-24 00:00:00,ALT,buy,5.17,54.5882,23.2499
2025-04-24 00:00:00,OLPX,buy,1.33,54.562126979644965,24.737982749016027
2025-04-24 00:00:00,ERAS,buy,1.4,54.5409,22.4665
2025-04-24 00:00:00,PGEN,buy,1.59,54.4951,21.3163
2025-04-24 00:00:00,VOD,buy,9.31,54.4855,17.4331
2025-04-24 00:00:00,CRESY,buy,11.69,54.4427,16.7432
2025-04-24 00:00:00,CEVA,buy,26.56,54.4375053639113,24.28136087223378
2025-04-24 00:00:00,LQDT,buy,31.49,54.4364,11.1884
2025-04-24 00:00:00,STBA,buy,36.47,54.4154,36.1512
2025-04-24 00:00:00,IBOC,buy,61.56,54.34780528358296,20.248751351961435
2025-04-24 00:00:00,WABC,buy,48.43,54.2775,23.8677
2025-04-24 00:00:00,MRUS,buy,44.36,54.24902835029032,22.04115757638616
2025-04-24 00:00:00,OCFC,buy,16.5,54.2288,20.4178
2025-04-24 00:00:00,CME,buy,263.27,54.22142418823708,20.37257956338499
2025-04-24 00:00:00,WBA,buy,11.03,54.1287,18.3997
2025-04-24 00:00:00,VLY,buy,8.73,54.0646,18.3422
2025-04-24 00:00:00,HLNE,buy,148.01,54.0293,16.6978
2025-04-24 00:00:00,EBC,buy,15.79,53.9589,29.7657
2025-04-24 00:00:00,SWBI,buy,9.6,53.93031988181074,24.676243037196176
2025-04-24 00:00:00,COST,buy,975.48,53.8806,15.6137
2025-04-24 00:00:00,ARM,buy,112.01,53.81332023181867,21.4815016849335
2025-04-24 00:00:00,DASH,buy,187.22,53.7991,14.7242
2025-04-24 00:00:00,IBCP,buy,30.9,53.76768749545096,28.41068552495309
2025-04-24 00:00:00,GABC,buy,37.0,53.7344,17.8338
2025-04-24 00:00:00,PNTG,buy,25.56,53.65949467846628,20.03593333046637
2025-04-24 00:00:00,RIVN,buy,12.09,53.6513,11.2314
2025-04-24 00:00:00,NWSA,buy,26.84,53.63291115319918,23.872171219612916
2025-04-24 00:00:00,NWBI,buy,11.79,53.6279,17.7629
2025-04-24 00:00:00,TASK,buy,13.49,53.6246,10.8337
2025-04-24 00:00:00,AKRO,buy,40.99,53.614949439295565,24.197900881429558
2025-04-24 00:00:00,OZK,buy,42.63,53.5597,22.1757
2025-04-24 00:00:00,EXAS,buy,45.6,53.54439310126317,32.02614203087501
2025-04-24 00:00:00,AEIS,buy,96.92,53.51676649209482,23.40047783251938
2025-04-24 00:00:00,PTCT,buy,49.55,53.40864820817597,27.973900300789406
2025-04-24 00:00:00,NVAX,buy,7.07,53.401,19.7179
2025-04-24 00:00:00,CRSP,buy,39.11,53.3558,18.561
2025-04-24 00:00:00,AVO,buy,10.53,53.3523,15.6059
2025-04-24 00:00:00,BCYC,buy,8.6,53.34726029054326,35.96373662196074
2025-04-24 00:00:00,NBIX,buy,105.76,53.3176,34.3396
2025-04-24 00:00:00,BLMN,buy,8.29,53.30830111520866,24.017862895367653
2025-04-24 00:00:00,CEG,buy,218.07,53.29756027891038,20.182922593054837
2025-04-24 00:00:00,HFWA,buy,22.99,53.2893,25.1888
2025-04-24 00:00:00,ADPT,buy,7.89,53.268,11.0898
2025-04-24 00:00:00,SIBN,buy,14.39,53.26064197563628,26.711512964913776
2025-04-24 00:00:00,EYE,buy,12.17,53.1984,17.9185
2025-04-24 00:00:00,ARVN,buy,9.14,53.18624463344093,32.42254253719008
2025-04-24 00:00:00,BANR,buy,62.26,53.1488,17.3013
2025-04-24 00:00:00,QNST,buy,17.28,53.1454,34.0371
2025-04-24 00:00:00,RIOT,buy,7.79,53.1211,20.2903
2025-04-24 00:00:00,NDAQ,buy,74.74,53.1161,18.459
2025-04-24 00:00:00,FFIC,buy,12.31,52.97281886643991,38.97004123511595
2025-04-24 00:00:00,FFBC,buy,24.0,52.9506,21.2166
2025-04-24 00:00:00,GLBE,buy,36.33,52.87417196536335,29.51440072328424
2025-04-24 00:00:00,BEAM,buy,20.17,52.8703,28.985
2025-04-24 00:00:00,UFPI,buy,107.97,52.8703,14.2439
2025-04-24 00:00:00,SHBI,buy,13.17,52.8414,26.3979
2025-04-24 00:00:00,TOWN,buy,33.01,52.8365,16.8042
2025-04-24 00:00:00,VRTX,buy,492.47,52.792441000271296,26.17552828614053
2025-04-24 00:00:00,CZR,buy,27.17,52.7531,21.6476
2025-04-24 00:00:00,FCNCA,buy,1790.65,52.7421,22.9806
2025-04-24 00:00:00,BLKB,buy,63.43,52.73654895283835,25.54287404714884
2025-04-24 00:00:00,AGIO,buy,29.26,52.7226,28.7077
2025-04-24 00:00:00,SHC,buy,11.3,52.722,18.5628
2025-04-24 00:00:00,TWST,buy,40.17,52.715,13.8642
2025-04-24 00:00:00,PNFP,buy,100.35,52.6846,26.955
2025-04-24 00:00:00,UPST,buy,46.71,52.58390660597881,20.53527394601513
2025-04-24 00:00:00,NTLA,buy,8.18,52.5279,18.7297
2025-04-24 00:00:00,NRDS,buy,9.08,52.498038673011415,27.927281156209744
2025-04-24 00:00:00,VCTR,buy,58.39,52.4951,18.7563
2025-04-24 00:00:00,TSEM,buy,36.8,52.49441422586422,22.099057227185742
2025-04-24 00:00:00,MAR,buy,236.26,52.4936,34.6255
2025-04-24 00:00:00,SKYW,buy,89.1,52.4903,13.6675
2025-04-24 00:00:00,BFST,buy,23.64,52.4635,22.1037
2025-04-24 00:00:00,HNST,buy,4.76,52.4376,22.6234
2025-04-24 00:00:00,EOLS,buy,11.55,52.37134832078272,28.990724120352933
2025-04-24 00:00:00,ORRF,buy,28.79,52.3708,25.582
2025-04-24 00:00:00,VCYT,buy,32.14,52.355574750646106,21.77652358705006
2025-04-24 00:00:00,UMBF,buy,96.77,52.322,23.6827
2025-04-24 00:00:00,CNTA,buy,13.61,52.279865673368896,33.0458481530572
2025-04-24 00:00:00,BRKL,buy,10.44,52.2797,22.751
2025-04-24 00:00:00,MITK,buy,8.3,52.26289631393119,28.813976376667195
2025-04-24 00:00:00,EQIX,buy,817.19,52.253736832853534,42.118070602897305
2025-04-24 00:00:00,FUTU,buy,93.89,52.2393,20.8305
2025-04-24 00:00:00,URBN,buy,50.84,52.2342,15.0032
2025-04-24 00:00:00,HTBK,buy,9.11,52.1903,27.4396
2025-04-24 00:00:00,LEGN,buy,34.24,52.1837,21.9257
2025-04-24 00:00:00,IRON,buy,46.17,52.152473127260514,35.059612677214815
2025-04-24 00:00:00,PCTY,buy,188.51,52.0714,21.0499
2025-04-24 00:00:00,DGII,buy,27.51,52.0683,25.0749
2025-04-24 00:00:00,BHF,buy,53.86,52.0332,15.8291
2025-04-24 00:00:00,CNOB,buy,22.8,51.9902,15.6261
2025-04-24 00:00:00,CENX,buy,17.25,51.979,29.1384
2025-04-24 00:00:00,DAWN,buy,7.9,51.9786,35.6172
2025-04-24 00:00:00,TIGR,buy,7.59,51.9477,15.4145
2025-04-24 00:00:00,MTCH,buy,30.19,51.89402976584505,24.08410903976739
2025-04-24 00:00:00,LOPE,buy,174.95,51.8705,14.9837
2025-04-24 00:00:00,VSEC,buy,113.7,51.8484,18.0922
2025-04-24 00:00:00,LAUR,buy,19.61,51.8231,17.341
2025-04-24 00:00:00,OB,buy,3.8,51.81940462973923,28.588923878106133
2025-04-24 00:00:00,AMRK,buy,25.06,51.7833,21.3931
2025-04-24 00:00:00,GAMB,buy,12.55,51.7673,19.7372
2025-04-24 00:00:00,PRVA,buy,23.46,51.766,17.1446
2025-04-24 00:00:00,SERV,buy,6.66,51.760765023652425,23.94007117101372
2025-04-24 00:00:00,PTC,buy,151.64,51.6452,33.2674
2025-04-24 00:00:00,NTAP,buy,88.17,51.631208830328376,26.106159771687256
2025-04-24 00:00:00,VBTX,buy,23.13,51.6061,21.4589
2025-04-24 00:00:00,NVTS,buy,2.03,51.604934845197015,25.687412184762486
2025-04-24 00:00:00,BUSE,buy,21.01,51.56726692112237,25.450425211483708
2025-04-24 00:00:00,PRTH,buy,7.35,51.507373128659296,28.063943804036512
2025-04-24 00:00:00,WSBC,buy,29.85,51.5061,17.187
2025-04-24 00:00:00,LQDA,buy,14.03,51.5038,30.4987
2025-04-24 00:00:00,NSSC,buy,22.77,51.44974446286103,30.69023171944152
2025-04-24 00:00:00,TRMK,buy,33.47,51.43375104762872,20.55650758070085
2025-04-24 00:00:00,ACLX,buy,63.97,51.4328,28.2676
2025-04-24 00:00:00,FISI,buy,23.96,51.4327,17.7995
2025-04-24 00:00:00,ARWR,buy,13.34,51.41719535188808,25.95987355804303
2025-04-24 00:00:00,STEP,buy,50.28,51.3809,19.5597
2025-04-24 00:00:00,XNCR,buy,10.84,51.3463,47.189
2025-04-24 00:00:00,COLB,buy,23.32,51.2652,21.4881
2025-04-24 00:00:00,ICFI,buy,85.85,51.1706,19.5889
2025-04-24 00:00:00,DLO,buy,9.05,51.0467,23.0437
2025-04-24 00:00:00,FA,buy,14.28,51.0417,17.8441
2025-04-24 00:00:00,BBSI,buy,40.44,51.034,27.832
2025-04-24 00:00:00,AROW,buy,25.205,51.0211,19.778
2025-04-24 00:00:00,EEFT,buy,98.94,51.0,21.9999
2025-04-24 00:00:00,LINE,buy,56.38,50.9861,18.7902
2025-04-24 00:00:00,CGEM,buy,8.14,50.9846580398784,20.480248502725583
2025-04-24 00:00:00,FTDR,buy,40.48,50.9344,25.5279
2025-04-24 00:00:00,CSTL,buy,20.93,50.93305680601748,26.659486319079868
2025-04-24 00:00:00,VIR,buy,6.29,50.9173,41.8564
2025-04-24 00:00:00,LITE,buy,58.77,50.9113,13.5804
2025-04-24 00:00:00,SAIA,buy,354.22,50.8884,16.8583
2025-04-24 00:00:00,MQ,buy,3.99,50.881,12.6533
2025-04-24 00:00:00,NRIX,buy,11.52,50.844490116161,36.58532098428525
2025-04-24 00:00:00,VRNT,buy,17.96,50.82923683054498,37.07173929707716
2025-04-24 00:00:00,UNIT,buy,4.8,50.81983651299369,22.131503012379028
2025-04-24 00:00:00,MSBI,buy,16.8,50.786,32.4511
2025-04-24 00:00:00,MDGL,buy,319.93,50.755,20.6075
2025-04-24 00:00:00,ETNB,buy,6.9,50.7462,20.8133
2025-04-24 00:00:00,CMPO,buy,10.87,50.74511585605032,30.43466693557807
2025-04-24 00:00:00,LAMR,buy,112.23,50.7165,23.6829
2025-04-24 00:00:00,BPMC,buy,86.09,50.62200909143317,22.8638037745982
2025-04-24 00:00:00,REG,buy,71.45,50.57419937453373,24.51937568150294
2025-04-24 00:00:00,IONS,buy,29.57,50.5741,32.1692
2025-04-24 00:00:00,THRY,buy,12.94,50.538,30.1663
2025-04-24 00:00:00,AMZN,buy,186.54,50.464,24.5433
2025-04-24 00:00:00,EXPE,buy,159.55,50.3688,26.369
2025-04-24 00:00:00,QUBT,buy,6.94,50.3437,11.5183
2025-04-24 00:00:00,TW,buy,135.03,50.2058,26.5408
2025-04-24 00:00:00,REPL,buy,9.06,50.2016,29.4401
2025-04-24 00:00:00,ARKO,buy,4.23,50.1241,22.9135
2025-04-24 00:00:00,SBGI,buy,14.57,50.0897,23.391
2025-04-24 00:00:00,VRDN,buy,13.56,50.0358,28.5386
2025-04-24 00:00:00,SYRE,buy,14.93,50.0079,46.1875
2025-04-24 00:00:00,CDNA,buy,18.49,49.9758,17.4934
2025-04-24 00:00:00,ASTH,buy,31.4,49.9692,15.9585
2025-04-24 00:00:00,LIVN,buy,37.26,49.9455,39.6743
2025-04-24 00:00:00,ERII,buy,15.18,49.941,15.9327
2025-04-24 00:00:00,GRFS,buy,7.18,49.9319,21.3613
2025-04-24 00:00:00,ACGL,buy,92.1,49.8685,19.9435
2025-04-24 00:00:00,BMBL,buy,4.44,49.839182178471205,25.960494137818667
2025-04-24 00:00:00,OCSL,buy,14.57,49.7874,40.3796
2025-04-24 00:00:00,ELVN,buy,18.3,49.7843,19.9946
2025-04-24 00:00:00,FFIN,buy,33.78,49.7324,18.3153
2025-04-24 00:00:00,CALM,buy,92.68,49.5921,14.4656
2025-04-24 00:00:00,IQ,buy,1.91,49.5674,22.6269
2025-04-24 00:00:00,GLPI,buy,49.03,49.54704818383085,25.79307796118044
2025-04-24 00:00:00,RPRX,buy,32.03,49.4981,15.6158
2025-04-24 00:00:00,DCTH,buy,12.06,49.4395,22.539
2025-04-24 00:00:00,OSW,buy,16.99,49.4023,19.0572
2025-04-24 00:00:00,ODFL,buy,158.9,49.3803,30.3318
2025-04-24 00:00:00,KURA,buy,6.43,49.363,31.9453
2025-04-24 00:00:00,HON,buy,200.74,49.2011,20.9587
2025-04-24 00:00:00,ARHS,buy,8.32,49.1933,22.8742
2025-04-24 00:00:00,ROP,buy,559.66,49.1918,26.0807
2025-04-24 00:00:00,BILI,buy,17.67,49.1338,21.6504
2025-04-24 00:00:00,TCBI,buy,68.21,49.0937,29.7021
2025-04-24 00:00:00,ERIE,buy,408.73,49.0274,13.4238
2025-04-24 00:00:00,OMER,buy,7.3,48.9868,17.1439
2025-04-24 00:00:00,ALNY,buy,242.61,48.9744,27.0396
2025-04-24 00:00:00,DRVN,buy,16.25,48.9089,19.9936
2025-04-24 00:00:00,PRAX,buy,36.0,48.793691461917874,43.230137823248086
2025-04-24 00:00:00,OSBC,buy,15.6,48.788,40.502
2025-04-24 00:00:00,INDB,buy,58.36,48.7641,15.3376
2025-04-24 00:00:00,HQY,buy,85.83,48.7567,34.8192
2025-04-24 00:00:00,LIND,buy,8.88,48.7237,38.5207
2025-04-24 00:00:00,ADP,buy,294.55,48.6893,19.839
2025-04-24 00:00:00,DAKT,buy,12.46,48.6,20.517
2025-04-24 00:00:00,NTRS,buy,92.4,48.5667,32.3169
2025-04-24 00:00:00,UAL,buy,69.05,48.5223,22.4401
2025-04-24 00:00:00,BMRN,buy,62.74,48.5155,34.8976
2025-04-24 00:00:00,ZVRA,buy,7.24,48.5,23.9466
2025-04-24 00:00:00,AMAL,buy,27.71,48.4926013251331,23.89082673504077
2025-04-24 00:00:00,CGON,buy,21.52,48.49134433286802,24.52735325539265
2025-04-24 00:00:00,NMRK,buy,11.2,48.4656,40.0022
2025-04-24 00:00:00,WERN,buy,28.84,48.4647,30.3235
2025-04-24 00:00:00,RRR,buy,41.83,48.439,28.2088
2025-04-24 00:00:00,AMWD,buy,57.67,48.4195,30.071
2025-04-24 00:00:00,GCT,buy,13.42,48.396,33.0281
2025-04-24 00:00:00,TRMD,buy,16.06,48.32382772499806,28.04904319142066
2025-04-24 00:00:00,FULT,buy,16.6,48.248,24.7665
2025-04-24 00:00:00,SBCF,buy,23.87,48.2257,19.3573
2025-04-24 00:00:00,CINF,buy,135.36,48.1798,35.4059
2025-04-24 00:00:00,RUSHA,buy,52.26,48.1766,19.1559
2025-04-24 00:00:00,KRYS,buy,169.12,48.1073,29.4943
2025-04-24 00:00:00,HSIC,buy,66.23,48.0662,31.0116
2025-04-24 00:00:00,FHB,buy,23.04,47.93996937094124,28.07823310927947
2025-04-24 00:00:00,IBRX,buy,2.69,47.8955,13.2556
2025-04-24 00:00:00,PDD,buy,103.27,47.8955,22.5562
2025-04-24 00:00:00,HEPS,buy,2.82,47.789924411426114,20.97326101151753
2025-04-24 00:00:00,DHC,buy,2.28,47.7869,21.4872
2025-04-24 00:00:00,JOYY,buy,41.02,47.7792,21.5982
2025-04-24 00:00:00,IOSP,buy,90.33,47.7144,32.0259
2025-04-24 00:00:00,ZION,buy,45.25,47.689,30.3165
2025-04-24 00:00:00,JKHY,buy,172.54,47.6723,17.3007
2025-04-24 00:00:00,MRNA,buy,27.39,47.6144,19.8748
2025-04-24 00:00:00,LBTYA,buy,10.77,47.5681,31.1325
2025-04-24 00:00:00,SANA,buy,1.77,47.5069,18.9561
2025-04-24 00:00:00,HST,buy,13.93,47.5026,22.8424
2025-04-24 00:00:00,CLBK,buy,13.9,47.4453,22.0832
2025-04-24 00:00:00,SSNC,buy,77.43,47.44,36.5228
2025-04-24 00:00:00,EXLS,buy,44.82,47.4327,21.7034
2025-04-24 00:00:00,SCSC,buy,32.61,47.3808,41.6759
2025-04-24 00:00:00,CHEF,buy,52.73,47.24006048739769,28.01019180779881
2025-04-24 00:00:00,RELY,buy,19.98,47.1523,24.5132
2025-04-24 00:00:00,NCMI,buy,5.81,47.0355,13.1837
2025-04-24 00:00:00,PAYX,buy,144.21,46.9994,21.0923
2025-04-24 00:00:00,IEP,buy,8.64,46.9127,21.2402
2025-04-24 00:00:00,CTSH,buy,72.12,46.9105,25.1133
2025-04-24 00:00:00,REYN,buy,23.45,46.8546,16.491
2025-04-24 00:00:00,AMSF,buy,49.63,46.8172,20.5262
2025-04-24 00:00:00,TRS,buy,21.39,46.7406,21.8375
2025-04-24 00:00:00,DCOM,buy,26.02,46.7371,16.222
2025-04-24 00:00:00,URGN,buy,10.11,46.6932,16.5587
2025-04-24 00:00:00,SUPN,buy,31.35,46.6809,28.4598
2025-04-24 00:00:00,STRA,buy,80.02,46.5346,33.892
2025-04-24 00:00:00,MRTN,buy,13.32,46.5125,27.2674
2025-04-24 00:00:00,NDSN,buy,189.45,46.454,
2025-04-24 00:00:00,XRAY,buy,13.71,46.2368,41.3503
2025-04-24 00:00:00,LBTYK,buy,11.1,46.2109,26.7062
2025-04-24 00:00:00,CHRD,buy,94.75,46.2063,20.9725
2025-04-24 00:00:00,ADEA,buy,12.28,46.1657,23.5235
2025-04-24 00:00:00,PFG,buy,75.0,46.1478,27.0313
2025-04-24 00:00:00,CSX,buy,28.14,46.0201,40.3258
2025-04-24 00:00:00,CTKB,buy,3.82,45.9864,33.5686
2025-04-24 00:00:00,IMXI,buy,12.49,45.96867371831582,34.23975756466937
2025-04-24 00:00:00,PENN,buy,15.15,45.9669,28.3186
2025-04-24 00:00:00,COCO,buy,30.73,45.89623635554658,20.21908328712757
2025-04-24 00:00:00,LSTR,buy,139.92,45.8349,34.7682
2025-04-24 00:00:00,GDS,buy,23.07,45.77961119475341,27.47552712888997
2025-04-24 00:00:00,PATK,buy,79.96,45.7204,21.9759
2025-04-24 00:00:00,FUFU,buy,4.2,45.6576,17.6016
2025-04-24 00:00:00,PWP,buy,16.83,45.6546,41.3285
2025-04-24 00:00:00,TXG,buy,8.31,45.6526,33.1327
2025-04-24 00:00:00,BRKR,buy,38.97,45.549,31.9753
2025-04-24 00:00:00,RBBN,buy,3.58,45.4375,14.4404
2025-04-24 00:00:00,FLWS,buy,5.42,45.426,24.4924
2025-04-24 00:00:00,INCY,buy,58.97,45.3308,33.6906
2025-04-24 00:00:00,LILAK,buy,5.6,45.3083,23.7925
2025-04-24 00:00:00,TILE,buy,18.6,45.2651,34.043
2025-04-24 00:00:00,AAOI,buy,12.79,45.2123,20.0168
2025-04-24 00:00:00,WSC,buy,24.89,45.1247,33.9134
2025-04-24 00:00:00,CMPR,buy,42.61,45.106,25.8538
2025-04-24 00:00:00,DORM,buy,114.2,45.0879,17.8693
2025-04-24 00:00:00,SRPT,buy,61.76,44.9662,47.6216
2025-04-24 00:00:00,ADAP,buy,0.2666,44.74733810855264,25.96981649474805
2025-04-24 00:00:00,ODP,buy,13.055,44.7326,30.0015
2025-04-24 00:00:00,AXSM,buy,105.41,44.6968,37.7032
2025-04-24 00:00:00,AUTL,buy,1.4,44.674748975921744,28.826566088920945
2025-04-24 00:00:00,NFBK,buy,10.06,44.6558,26.9998
2025-04-24 00:00:00,WBD,buy,8.5,44.64,20.2587
2025-04-24 00:00:00,EH,buy,16.74,44.6191,30.389
2025-04-24 00:00:00,KC,buy,12.54,44.5557,21.6253
2025-04-24 00:00:00,GERN,buy,1.42,44.5435,36.9567
2025-04-24 00:00:00,ALGT,buy,46.97,44.497,42.3445
2025-04-24 00:00:00,FOX,buy,45.74,44.4913,28.6103
2025-04-24 00:00:00,RCAT,buy,5.28,44.437,12.4584
2025-04-24 00:00:00,LGIH,buy,60.23,44.2616,41.335
2025-04-24 00:00:00,LULU,buy,270.64,44.2449,21.7554
2025-04-24 00:00:00,WVE,buy,6.79,44.0827,25.7255
2025-04-24 00:00:00,SATS,buy,22.51,43.9571,28.7703
2025-04-24 00:00:00,CSCO,buy,56.29,43.9192,32.0217
2025-04-24 00:00:00,HUBG,buy,33.46,43.8825,36.5779
2025-04-24 00:00:00,HOLX,buy,58.29,43.6969,30.0557
2025-04-24 00:00:00,AGNC,buy,8.72,43.6667,50.5506
2025-04-24 00:00:00,JAZZ,buy,108.98,43.6389,44.3952
2025-04-24 00:00:00,FOXA,buy,49.02,43.6136,28.428
2025-04-24 00:00:00,GCMG,buy,12.42,43.534,32.3562
2025-04-24 00:00:00,JBHT,buy,132.98,43.4862,30.4679
2025-04-24 00:00:00,TNDM,buy,17.67,43.387,32.2215
2025-04-24 00:00:00,MNRO,buy,14.58,43.3681,24.2021
2025-04-24 00:00:00,ORIC,buy,5.19,43.3177,31.4036
2025-04-24 00:00:00,LKFN,buy,54.59,43.2803,24.957
2025-04-24 00:00:00,GDYN,buy,14.01,42.7651,24.3471
2025-04-24 00:00:00,MOMO,buy,5.72,42.6568,42.8458
2025-04-24 00:00:00,ATRO,buy,21.2,42.5825,33.4577
2025-04-24 00:00:00,VCEL,buy,41.09,42.5778,42.0179
2025-04-24 00:00:00,ANDE,buy,38.1,42.3812,24.1637
2025-04-24 00:00:00,MCW,buy,7.09,42.3795,27.0917
2025-04-24 00:00:00,AAL,buy,9.61,42.2757,25.725
2025-04-24 00:00:00,HRMY,buy,29.43,42.1489,29.9854
2025-04-24 00:00:00,TECH,buy,50.78,42.0571,43.8049
2025-04-24 00:00:00,OMCL,buy,31.21,41.8008,33.0864
2025-04-24 00:00:00,ACAD,buy,14.83,41.5655,39.989
2025-04-24 00:00:00,JBLU,buy,3.94,41.5504,28.2228
2025-04-24 00:00:00,ASO,buy,38.05,41.5373,31.6403
2025-04-24 00:00:00,CWCO,buy,23.89,41.52520491132695,23.82584782667259
2025-04-24 00:00:00,OPK,buy,1.46,41.3812,33.5464
2025-04-24 00:00:00,ROCK,buy,52.85,41.3656,31.3447
2025-04-24 00:00:00,ESTA,buy,29.79,41.331,25.4471
2025-04-24 00:00:00,COLM,buy,65.96,41.1675,42.1123
2025-04-24 00:00:00,NXST,buy,150.96,40.8319,28.9226
2025-04-24 00:00:00,HTLD,buy,8.46,40.7275,38.451
2025-04-24 00:00:00,MLKN,buy,16.41,40.6205,29.0333
2025-04-24 00:00:00,ADV,buy,1.3,40.5454,29.3934
2025-04-24 00:00:00,PHAT,buy,4.12,40.3315,16.9456
2025-04-24 00:00:00,AMGN,buy,279.84,40.1153,30.856
2025-04-24 00:00:00,CECO,buy,19.4,39.863,33.3424
2025-04-24 00:00:00,TLRY,buy,0.4923,39.8602,30.2249
2025-04-24 00:00:00,SNCY,buy,9.43,39.8402,35.2753
2025-04-24 00:00:00,SBUX,buy,83.86,39.8194,41.9583
2025-04-24 00:00:00,AMPH,buy,24.07,39.545,42.6274
2025-04-24 00:00:00,SEDG,buy,11.715,39.3236,16.6421
2025-04-24 00:00:00,PZZA,buy,33.19,39.2888,37.2862
2025-04-24 00:00:00,BKR,buy,36.38,38.8438,26.2282
2025-04-24 00:00:00,MDXG,buy,6.8,38.8351,50.779
2025-04-24 00:00:00,WFRD,buy,41.44,38.4625,26.0038
2025-04-24 00:00:00,WEN,buy,12.83,38.1811,41.8076
2025-04-24 00:00:00,XRX,buy,4.16,38.1343,38.5647
2025-04-24 00:00:00,EGBN,buy,18.78,38.10536507062914,21.803061177721336
2025-04-24 00:00:00,UPBD,buy,20.72,38.0172,44.994
2025-04-24 00:00:00,THRM,buy,24.74,37.9131,30.2094
2025-04-24 00:00:00,NCNO,buy,23.18,37.8299,39.6799
2025-04-24 00:00:00,ASLE,buy,6.55,37.7641,33.125
2025-04-24 00:00:00,SABR,buy,2.17,37.7322,37.7807
2025-04-24 00:00:00,COGT,buy,4.51,37.7298,34.2046
2025-04-24 00:00:00,AHCO,buy,8.03,37.6822,35.1141
2025-04-24 00:00:00,KELYA,buy,11.41,37.2479,28.9373
2025-04-24 00:00:00,IART,buy,16.7,36.1502,37.2068
2025-04-24 00:00:00,VNET,buy,5.42,35.2613,40.9478
2025-04-24 00:00:00,DVAX,buy,10.9,34.9114,46.7096
2025-04-24 00:00:00,ZD,buy,31.07,34.1352,29.65
2025-04-24 00:00:00,RPAY,buy,4.39,32.9929,45.4897
2025-04-24 00:00:00,RMR,buy,14.78,32.6259,59.5969
2025-04-24 00:00:00,ULCC,buy,3.23,32.171,49.0066
2025-04-24 00:00:00,NEOG,buy,5.2,32.1239,48.0617
2025-04-24 00:00:00,MYGN,buy,7.37,27.9873,44.5275
2025-04-24 00:00:00,PLUG,buy,0.8486,27.218,57.2089
2025-04-24 00:00:00,APLS,buy,17.54,27.0006,44.6901
2025-04-24 00:00:00,CCRN,buy,13.94,24.5226,50.8834
2025-04-23 00:00:00,SLP,sell,35.26,71.05810711534717,42.2835861227918
2025-04-23 00:00:00,KROS,sell,14.3,70.7953666824183,29.376430154452727
2025-04-23 00:00:00,STNE,sell,13.03,70.02372796895044,29.10034700688248
2025-04-23 00:00:00,CERT,sell,14.25,68.42718887747805,36.011624306329914
2025-04-23 00:00:00,TIGO,sell,32.5,66.69263131971019,23.903609414396573
2025-04-23 00:00:00,GO,sell,15.82,66.45873330715565,17.03547627962143
2025-04-23 00:00:00,SFM,sell,164.67,64.64116305261814,12.245758215821477
2025-04-23 00:00:00,QURE,sell,14.39,64.60790128081526,33.257822393567906
2025-04-23 00:00:00,GPCR,sell,23.32,64.60586602145987,28.983954000543566
2025-04-23 00:00:00,ZBIO,sell,9.91,63.14161392065003,17.68411223552328
2025-04-23 00:00:00,BECN,sell,124.01,63.03596435822565,16.08063045925976
2025-04-23 00:00:00,FWRG,sell,20.0,62.86953607169556,20.828581278557373
2025-04-23 00:00:00,GGAL,sell,64.39,61.74252095718666,23.550350287688882
2025-04-23 00:00:00,SDGR,sell,25.46,61.56601793465735,27.446212692590557
2025-04-23 00:00:00,VSTA,sell,4.82,61.27576213532039,22.816324894810187
2025-04-23 00:00:00,FYBR,sell,36.15,61.2265909979832,15.544597526806324
2025-04-23 00:00:00,MRCY,sell,48.06,61.131595051735765,15.535404993583082
2025-04-23 00:00:00,ANAB,sell,20.42,60.71274924123236,25.63744902466878
2025-04-23 00:00:00,CELH,sell,37.27,60.410096055480864,28.271333231849365
2025-04-23 00:00:00,PLSE,sell,18.18,60.37902859056846,18.77830651462903
2025-04-23 00:00:00,DPZ,sell,485.88,60.32180042018873,12.712160837700823
2025-04-23 00:00:00,MSTR,sell,345.73,60.19528835664121,13.209625345812487
2025-04-23 00:00:00,CAPR,sell,13.15,60.14895178397482,23.997651240100314
2025-04-23 00:00:00,RAPP,sell,11.38,59.59063525661297,19.613803341403536
2025-04-23 00:00:00,NEXN,sell,9.07,59.55591692434557,13.171331416013134
2025-04-23 00:00:00,EOSE,sell,4.86,59.42493673013296,17.9713962625345
2025-04-23 00:00:00,SKWD,sell,54.84,59.110044819634425,14.18897606667733
2025-04-23 00:00:00,BCRX,sell,7.96,59.04001038035073,26.885285028465386
2025-04-23 00:00:00,MNST,sell,59.09,58.94968479263581,27.73365124365037
2025-04-23 00:00:00,FIZZ,sell,43.93,58.702149814919245,18.821348188982572
2025-04-23 00:00:00,AVDL,sell,8.31,58.65601705968901,19.930950130376136
2025-04-23 00:00:00,AVAV,sell,146.21,58.26734299576075,27.362038809346593
2025-04-23 00:00:00,MELI,sell,2139.92,58.22937076960103,16.32619652276867
2025-04-23 00:00:00,SPTN,sell,20.52,58.08785919811056,14.66422229379411
2025-04-23 00:00:00,RNW,sell,6.34,57.945547140765605,21.711731881782782
2025-04-23 00:00:00,VERX,sell,39.71,57.93227606143557,22.458179923613724
2025-04-23 00:00:00,XEL,sell,71.55,57.88469342802946,11.834482671629951
2025-04-23 00:00:00,TYRA,sell,10.02,57.44855676424847,29.523813315744626
2025-04-23 00:00:00,OCUL,sell,7.85,56.55293331692318,16.786101319606853
2025-04-23 00:00:00,ULTA,sell,377.74,56.52491972621587,15.279202384718664
2025-04-23 00:00:00,CRMD,sell,8.45,56.375677488770215,22.086233819146134
2025-04-23 00:00:00,ANIP,sell,68.37,56.345320647042186,24.18994726329404
2025-04-23 00:00:00,LAB,sell,1.24,56.325095390088464,22.745408371443926
2025-04-23 00:00:00,VITL,sell,33.73,56.20703990738584,9.599459376076592
2025-04-23 00:00:00,ASPI,sell,5.66,56.13268034135464,17.962398244102555
2025-04-23 00:00:00,ABSI,sell,3.19,56.03897924538276,26.328121932430548
2025-04-23 00:00:00,CGEM,sell,8.38,55.84885691976324,20.938181218782013
2025-04-23 00:00:00,ERAS,sell,1.42,55.73909189730389,21.946696759915852
2025-04-23 00:00:00,ACT,sell,35.23,55.56732461511632,16.064765835590435
2025-04-23 00:00:00,ROST,sell,138.22,55.52775710844246,18.180314795402694
2025-04-23 00:00:00,IMKTA,sell,64.31,55.02924382262555,12.702241022617818
2025-04-23 00:00:00,MMYT,sell,103.13,54.91462575950209,14.397812898716781
2025-04-23 00:00:00,BLMN,sell,8.42,54.896724203686034,24.602209797974485
2025-04-23 00:00:00,LNTH,sell,101.2,54.832605464506926,12.233473380804766
2025-04-23 00:00:00,RVMD,sell,37.44,54.55170865772448,21.25542470432168
2025-04-23 00:00:00,DGICA,sell,18.55,54.33925608120322,28.09996965636409
2025-04-23 00:00:00,GMAB,sell,20.13,54.12351745020689,18.101694457839457
2025-04-23 00:00:00,SHEN,sell,12.84,53.96834135610635,21.177218426416744
2025-04-23 00:00:00,GSM,sell,3.63,53.78319706856427,16.94880763616869
2025-04-23 00:00:00,LKQ,sell,42.13,53.44378248436708,14.895370378837685
2025-04-23 00:00:00,BBCP,sell,6.01,53.43372483738171,21.076622950594874
2025-04-23 00:00:00,SWBI,sell,9.57,53.278470555968326,24.990554512345053
2025-04-23 00:00:00,FCFS,sell,120.71,53.19663625541682,25.5606975429183
2025-04-23 00:00:00,NEO,sell,9.91,53.03332050639546,22.21844558026165
2025-04-23 00:00:00,GLPI,sell,49.56,52.923689427096846,26.863811543611515
2025-04-23 00:00:00,VFS,sell,3.23,52.84208802912013,17.32206710691152
2025-04-23 00:00:00,WBA,sell,10.99,52.80245476763524,18.936958900112124
2025-04-23 00:00:00,ROAD,sell,77.18,52.78501462530629,13.797273543459637
2025-04-23 00:00:00,BLBD,sell,34.5,52.57466972037628,11.15815739862372
2025-04-23 00:00:00,LEGN,sell,34.3,52.45208946973827,23.393330911067807
2025-04-23 00:00:00,RCKT,sell,7.14,52.41711699155367,36.52314125236469
2025-04-23 00:00:00,WOOF,sell,3.06,52.415244480653925,28.246068560839625
2025-04-23 00:00:00,REG,sell,71.96,52.40783016011953,25.42455924122211
2025-04-23 00:00:00,UFCS,sell,27.76,52.18514032450068,24.967421615884923
2025-04-23 00:00:00,BATRK,sell,38.91,52.08014900383845,18.52218816686085
2025-04-23 00:00:00,LIF,sell,38.36,51.833793717327126,23.823455949815987
2025-04-23 00:00:00,NTLA,sell,8.09,51.701545390499874,18.875138082505675
2025-04-23 00:00:00,CRSP,sell,38.54,51.581670572487525,19.164523831453728
2025-04-23 00:00:00,OLLI,sell,110.94,51.271242598934776,16.286636428445316
2025-04-23 00:00:00,PNTG,sell,25.25,51.26007667418738,20.230660180725554
2025-04-23 00:00:00,CHEF,sell,53.85,51.12218204367911,28.711167433736563
2025-04-23 00:00:00,EVLV,sell,3.25,51.04930794002528,18.747845058408927
2025-04-23 00:00:00,URBN,sell,50.24,50.941411418247576,14.541018420331005
2025-04-23 00:00:00,WTW,sell,325.68,50.918295647530975,24.004867699009473
2025-04-23 00:00:00,ODD,sell,42.65,50.89647795597734,13.631116032375258
2025-04-23 00:00:00,ACGL,sell,92.51,50.89624307307531,20.452944677122368
2025-04-23 00:00:00,CALM,sell,93.3,50.861568913110375,14.304998667106602
2025-04-23 00:00:00,PTGX,sell,46.16,50.85423258675878,17.90742709224957
2025-04-23 00:00:00,CZR,sell,26.72,50.81221613151784,21.687893825743203
2025-04-23 00:00:00,DLO,sell,9.03,50.72571891883361,24.430554283452583
2025-04-23 00:00:00,XMTR,sell,23.8,50.59529537869098,25.33033517886786
2025-04-23 00:00:00,AMRK,sell,24.81,50.44637754687916,21.924057454551782
2025-04-23 00:00:00,ERIE,sell,411.66,50.42306474261821,12.899304860070512
2025-04-23 00:00:00,TECX,sell,19.54,50.35820811208038,33.177373140598334
2025-04-23 00:00:00,PRAX,sell,36.59,50.19353129903341,45.56221763685035
2025-04-23 00:00:00,GRFS,sell,7.19,50.163305752660726,22.414265221732915
2025-04-23 00:00:00,ABUS,sell,3.24,50.1011446486333,19.92723277305405
2025-04-23 00:00:00,IRON,sell,45.15,49.93017081729639,37.199505410058705
2025-04-23 00:00:00,ARKO,sell,4.22,49.78571051020264,22.96045229351804
2025-04-23 00:00:00,VRDN,sell,13.51,49.63753173288371,29.559452068908303
2025-04-23 00:00:00,GILT,sell,6.26,49.519288464730856,13.967926516354712
2025-04-23 00:00:00,UFPI,sell,106.23,49.49568524537073,14.770155032363798
2025-04-23 00:00:00,TASK,sell,13.13,49.4850636788382,10.17119492827773
2025-04-23 00:00:00,VCYT,sell,31.465,49.40503624843882,21.78984229590359
2025-04-23 00:00:00,CNXC,sell,48.11,49.286320780405184,14.848038985389682
2025-04-23 00:00:00,VRSK,sell,290.05,49.23219360256428,12.53862555827028
2025-04-23 00:00:00,RXRX,sell,5.58,49.21706375735842,17.525342063294335
2025-04-23 00:00:00,LGND,sell,105.76,49.208171460821895,14.569258511649005
2025-04-23 00:00:00,TSEM,sell,35.81,49.197133708645886,22.8141834304673
2025-04-23 00:00:00,UFPT,sell,208.15,49.141177231960725,17.464974425131523
2025-04-23 00:00:00,ADUS,sell,98.86,49.138655759078574,19.826422530453893
2025-04-23 00:00:00,EXAS,sell,44.09,48.90942961726383,33.844472547788556
2025-04-23 00:00:00,OTTR,sell,78.95,48.807475791846,23.893299721960933
2025-04-23 00:00:00,ZVRA,sell,7.25,48.68647376766708,25.14954533901041
2025-04-23 00:00:00,REYN,sell,23.6,48.43537377307081,16.241365692231444
2025-04-23 00:00:00,MTCH,sell,29.64,48.43420388353045,25.61284029878527
2025-04-23 00:00:00,EXPO,sell,79.98,48.416424487413096,12.878627330837178
2025-04-23 00:00:00,LAMR,sell,110.75,48.34994537366208,24.972675056961382
2025-04-23 00:00:00,AMSC,sell,18.57,48.332190227635415,16.913503726515387
2025-04-23 00:00:00,LI,sell,23.98,48.29005238885368,23.857095949487615
2025-04-23 00:00:00,MAZE,sell,9.55,48.21802742164971,32.95055336190089
2025-04-23 00:00:00,KURA,sell,6.37,48.17450604460281,34.089693329292174
2025-04-23 00:00:00,UNIT,sell,4.7,48.11878687296699,23.786316407410826
2025-04-23 00:00:00,IONS,sell,29.1,48.09726081033113,33.25285406376223
2025-04-23 00:00:00,ETNB,sell,6.62,47.99844835540389,22.30178339787975
2025-04-23 00:00:00,ICFI,sell,84.55,47.90436362329056,20.61930642506791
2025-04-23 00:00:00,IBRX,sell,2.69,47.89545121015411,13.084203030476596
2025-04-23 00:00:00,MRUS,sell,41.83,47.85559397549551,22.997395096344125
2025-04-23 00:00:00,SHLS,sell,3.3,47.83606557573276,14.036500582269792
2025-04-23 00:00:00,COOP,sell,110.88,47.725291507969615,18.966048963015087
2025-04-23 00:00:00,SBGI,sell,14.32,47.65832744380478,24.243352360707966
2025-04-23 00:00:00,URGN,sell,10.2,47.63824116419485,16.71223966503377
2025-04-23 00:00:00,EVER,sell,22.77,47.56979608050358,31.524932820730502
2025-04-23 00:00:00,REPL,sell,8.83,47.45025266576599,31.21273693070704
2025-04-23 00:00:00,OSW,sell,16.75,47.26271430280573,20.0406962955557
2025-04-23 00:00:00,ANGO,sell,9.35,47.22495674327295,13.265258518662078
2025-04-23 00:00:00,APOG,sell,45.92,47.14288050759328,13.248856345349674
2025-04-23 00:00:00,TXRH,sell,163.41,46.93949256391157,25.150142891158843
2025-04-23 00:00:00,INSM,sell,70.8,46.8194525236221,27.68941147326469
2025-04-23 00:00:00,POOL,sell,309.31,46.72084725870299,25.042910058413188
2025-04-23 00:00:00,STGW,sell,5.46,46.51547135824044,22.49345643784142
2025-04-23 00:00:00,DHC,sell,2.26,46.48549919952067,23.014640752431497
2025-04-23 00:00:00,TH,sell,6.42,46.43054210286009,11.876497477156411
2025-04-23 00:00:00,JOYY,sell,40.68,46.29090574934429,22.697719289290347
2025-04-23 00:00:00,FANG,sell,135.54,46.20858376505764,22.06682828615333
2025-04-23 00:00:00,GDEN,sell,25.98,46.19230485633599,16.960470098550008
2025-04-23 00:00:00,NXT,sell,40.13,46.10227005767419,14.127015191580139
2025-04-23 00:00:00,ACIC,sell,11.16,46.05308633962043,10.179998073230436
2025-04-23 00:00:00,DAKT,sell,12.27,46.04857147039028,21.891447662304692
2025-04-23 00:00:00,HNST,sell,4.51,45.81461473481963,24.240622938704707
2025-04-23 00:00:00,DRVN,sell,15.98,45.70232390518088,20.21710586964675
2025-04-23 00:00:00,HON,sell,197.31,45.66958675720102,21.21975661855796
2025-04-23 00:00:00,CDNA,sell,17.84,45.64684836703642,17.901094427933792
2025-04-23 00:00:00,SANA,sell,1.71,45.51601111156025,19.77796541816087
2025-04-23 00:00:00,UTHR,sell,293.46,45.48218092493923,30.18804244518819
2025-04-23 00:00:00,EVGO,sell,2.54,45.42168050489474,12.830576357706871
2025-04-23 00:00:00,HST,sell,13.77,45.38307423508088,24.116237874996347
2025-04-23 00:00:00,PAYX,sell,143.22,45.37546380829486,20.307923104843514
2025-04-23 00:00:00,MDGL,sell,308.79,45.32657005503246,20.812538940814797
2025-04-23 00:00:00,ROP,sell,551.08,45.2852604019853,26.42506436759526
2025-04-23 00:00:00,KRYS,sell,165.8,45.21802279829464,30.453980852743946
2025-04-23 00:00:00,CSIQ,sell,7.86,45.20164600418762,21.660853536535885
2025-04-23 00:00:00,BELFB,sell,67.94,45.01269314274612,15.126663935635486
2025-04-23 00:00:00,BCPC,sell,158.31,45.00219168826141,32.24167045956473
2025-04-23 00:00:00,NTRS,sell,90.6,44.98823516945663,34.30321128528063
2025-04-23 00:00:00,PLTK,sell,4.89,44.961983745994125,23.306881726474224
2025-04-23 00:00:00,OMER,sell,6.97,44.89510420472149,18.402099840545443
2025-04-23 00:00:00,SPOK,sell,15.43,44.7841240778192,22.74193148712319
2025-04-23 00:00:00,GIII,sell,24.69,44.74560411857553,25.969084654866435
2025-04-23 00:00:00,PCT,sell,6.3,44.59585844036453,21.22959031029901
2025-04-23 00:00:00,DXCM,sell,66.86,44.48344304248381,19.34640948221703
2025-04-23 00:00:00,ARHS,sell,7.89,44.483038590575326,24.442346078685535
2025-04-23 00:00:00,WEST,sell,5.89,44.47006995091308,24.908524943830766
2025-04-23 00:00:00,GHRS,sell,9.5,44.40050244178485,24.313891601553376
2025-04-23 00:00:00,SCHL,sell,17.06,44.30929402748496,19.123795607680506
2025-04-23 00:00:00,PODD,sell,246.49,44.18607217996031,22.67654012065439
2025-04-23 00:00:00,HALO,sell,58.41,44.18096446925165,37.65685264417142
2025-04-23 00:00:00,TROW,sell,86.66,44.15560244676956,35.055979585354095
2025-04-23 00:00:00,CCAP,sell,15.58,43.96164592210659,45.77594928518166
2025-04-23 00:00:00,AMSF,sell,49.25,43.94911388944793,20.370736151522753
2025-04-23 00:00:00,ERII,sell,14.76,43.912657384770526,16.865306123788407
2025-04-23 00:00:00,CTKB,sell,3.77,43.8932910889228,35.735813138330535
2025-04-23 00:00:00,WERN,sell,28.26,43.85560878424685,32.29953360152308
2025-04-23 00:00:00,RUSHA,sell,51.0,43.7612587894327,19.85489522894898
2025-04-23 00:00:00,INMD,sell,15.58,43.73907231133396,34.123750251404076
2025-04-23 00:00:00,NTGR,sell,22.0,43.69630803953251,17.38926005401611
2025-04-23 00:00:00,SSYS,sell,9.14,43.68283753563862,20.37645412297187
2025-04-23 00:00:00,EXLS,sell,44.08,43.66769097489526,21.63189821839632
2025-04-23 00:00:00,NAMS,sell,17.27,43.58918020671466,33.40115287166538
2025-04-23 00:00:00,PACB,sell,1.17,43.41490944323406,10.902916529179489
2025-04-23 00:00:00,LGIH,sell,59.83,43.393263797745554,43.11435420939396
2025-04-23 00:00:00,WING,sell,216.38,43.35632087154784,20.409241852815136
2025-04-23 00:00:00,IOVA,sell,3.19,43.262951750735766,21.60267400216758
2025-04-23 00:00:00,PAGP,sell,18.84,43.242523554548434,35.321402524707146
2025-04-23 00:00:00,ADAP,sell,0.26,43.14134873013428,27.40188525978427
2025-04-23 00:00:00,QCRH,sell,66.32,43.12017698609341,34.02019955175202
2025-04-23 00:00:00,NMIH,sell,33.49,43.0848408066379,21.673664769685136
2025-04-23 00:00:00,RBBN,sell,3.52,43.05105160452085,15.138742929184435
2025-04-23 00:00:00,ORIC,sell,5.17,43.01698883563523,32.980665763064344
2025-04-23 00:00:00,IMXI,sell,12.28,42.98702563776468,36.84566785307276
2025-04-23 00:00:00,BCAL,sell,13.06,42.9630467609915,15.545027483190804
2025-04-23 00:00:00,NN,sell,11.08,42.838190239318166,13.202549068657015
2025-04-23 00:00:00,QRVO,sell,59.91,42.758472799689706,
2025-04-23 00:00:00,CYTK,sell,38.0,42.72421395822448,22.421640489505304
2025-04-23 00:00:00,JACK,sell,25.42,42.47897352172469,43.592912881438046
2025-04-23 00:00:00,AXSM,sell,104.23,42.43318489982344,37.90791902392807
2025-04-23 00:00:00,CORZW,sell,2.81,42.32134422895598,16.682880989299953
2025-04-23 00:00:00,HPK,sell,9.49,42.226451732936056,32.04342396868639
2025-04-23 00:00:00,ENVX,sell,6.32,42.11067658413617,21.214386491174242
2025-04-23 00:00:00,FOXF,sell,20.35,42.07974802833636,26.05160799374846
2025-04-23 00:00:00,XERS,sell,4.13,42.01699976205549,30.23036728317592
2025-04-23 00:00:00,SFIX,sell,3.07,41.88786026664031,16.045761002531815
2025-04-23 00:00:00,INCY,sell,58.0,41.86138786318224,33.99641609226443
2025-04-23 00:00:00,GNTX,sell,21.67,41.82058443568796,39.03680478500543
2025-04-23 00:00:00,NFBK,sell,9.94,41.78120341224339,28.770824543967525
2025-04-23 00:00:00,VIAV,sell,9.99,41.73755395197957,15.352750317564608
2025-04-23 00:00:00,PDFS,sell,17.71,41.73007975592038,23.696123312946323
2025-04-23 00:00:00,ADEA,sell,11.97,41.7197476332066,24.477184899488613
2025-04-23 00:00:00,MRTN,sell,13.09,41.67140041645986,28.225874582014438
2025-04-23 00:00:00,DOOO,sell,33.46,41.5818745863927,27.004293676169386
2025-04-23 00:00:00,CSWC,sell,19.65,41.46886631313875,38.625266901520845
2025-04-23 00:00:00,FLWS,sell,5.22,41.398186560230194,26.034646960670383
2025-04-23 00:00:00,ASTL,sell,4.93,41.38529870418781,48.99371976544386
2025-04-23 00:00:00,ACLS,sell,45.94,41.32913256745738,31.087281889576214
2025-04-23 00:00:00,ESTA,sell,29.78,41.30502595372487,25.108654568868012
2025-04-23 00:00:00,CHRW,sell,90.61,41.218710498715176,25.319994239172342
2025-04-23 00:00:00,OUST,sell,7.06,41.20983428629191,20.859804067137873
2025-04-23 00:00:00,PCAR,sell,89.08,41.20074875435783,29.881406890085607
2025-04-23 00:00:00,HAS,sell,52.69,41.01961653492025,31.678658341885896
2025-04-23 00:00:00,ATAT,sell,24.34,40.96144839811879,31.498284537598703
2025-04-23 00:00:00,MNRO,sell,14.36,40.90201029237257,26.03840450123818
2025-04-23 00:00:00,PLAB,sell,18.025,40.88149738811839,18.483905620173513
2025-04-23 00:00:00,CMPR,sell,41.59,40.75225213350997,26.83419680069829
2025-04-23 00:00:00,ARRY,sell,4.33,40.61245891898236,38.900705912527705
2025-04-23 00:00:00,GCMG,sell,12.3,40.57848274103404,31.833024595458557
2025-04-23 00:00:00,ODP,sell,12.43,40.44906080946542,30.532151995239243
2025-04-23 00:00:00,NESR,sell,6.24,40.35319470482509,38.692782315474055
2025-04-23 00:00:00,LFUS,sell,162.95,40.32990796435104,40.07423517372213
2025-04-23 00:00:00,ASO,sell,37.61,40.0841536972164,32.29838980366637
2025-04-23 00:00:00,AXGN,sell,15.62,39.55198874053556,22.73864267888519
2025-04-23 00:00:00,NXST,sell,149.97,39.45550852535432,30.14644759945401
2025-04-23 00:00:00,MATW,sell,19.93,39.3543959473208,35.985154598201774
2025-04-23 00:00:00,ADTN,sell,7.51,39.21436339513262,20.578144294130663
2025-04-23 00:00:00,AAL,sell,9.32,39.08723978348962,27.310851855373095
2025-04-23 00:00:00,NYMT,sell,5.55,38.98425832781817,44.245958267667056
2025-04-23 00:00:00,DOMO,sell,6.83,38.948417927027165,20.19815762031522
2025-04-23 00:00:00,ACAD,sell,14.62,38.90818542134394,39.477646736732886
2025-04-23 00:00:00,WFRD,sell,41.74,38.87662558575206,26.041596408676348
2025-04-23 00:00:00,PHAT,sell,4.02,38.74820604686963,17.53050590570129
2025-04-23 00:00:00,VCEL,sell,40.05,38.66189879808321,42.080187901988005
2025-04-23 00:00:00,IMVT,sell,14.45,38.46380177820662,45.93485304400007
2025-04-23 00:00:00,AMGN,sell,277.9,38.34062313677081,30.433025211659896
2025-04-23 00:00:00,THRM,sell,24.82,38.31734626127973,32.21510193905129
2025-04-23 00:00:00,HRMY,sell,28.9,38.06330658760504,30.53353898392857
2025-04-23 00:00:00,PTEN,sell,5.88,37.97588492459917,23.567726543378903
2025-04-23 00:00:00,PTLO,sell,10.82,37.7412831694913,21.962559709629414
2025-04-23 00:00:00,MNKD,sell,4.61,37.6257022018814,47.47545437574429
2025-04-23 00:00:00,MIDD,sell,128.16,37.51822762955035,30.41516897023772
2025-04-23 00:00:00,SBUX,sell,82.81,37.41334507316186,42.9690494228323
2025-04-23 00:00:00,STKL,sell,4.04,37.31811518348525,58.052951079791974
2025-04-23 00:00:00,EMBC,sell,11.24,37.31368579404826,25.982354429219818
2025-04-23 00:00:00,XRX,sell,4.13,37.271052442251325,40.92787470296663
2025-04-23 00:00:00,MGRC,sell,102.42,37.26989498831264,32.3081588981609
2025-04-23 00:00:00,ATRO,sell,20.46,37.18741122560135,33.63996484324779
2025-04-23 00:00:00,APLD,sell,4.08,37.18081751765616,24.539148256576702
2025-04-23 00:00:00,LILA,sell,5.36,36.59359266742704,27.513665764603786
2025-04-23 00:00:00,KIDS,sell,20.77,36.54444650852886,15.89801201572634
2025-04-23 00:00:00,HSII,sell,37.76,36.47363783964777,19.05682054926678
2025-04-23 00:00:00,PAHC,sell,17.2,36.32174958299822,37.07509738023788
2025-04-23 00:00:00,WEN,sell,12.73,36.32114152754082,42.059863304623
2025-04-23 00:00:00,NSIT,sell,133.04,36.2804150494922,27.719717459794207
2025-04-23 00:00:00,FRPT,sell,74.12,36.26984545278438,52.97613112798802
2025-04-23 00:00:00,ASLE,sell,6.48,35.96881231054322,32.8058564023494
2025-04-23 00:00:00,BVS,sell,7.59,35.900385592797065,28.501105124667987
2025-04-23 00:00:00,SNDK,sell,30.36,35.29176903537847,25.037250461976516
2025-04-23 00:00:00,OPEN,sell,0.841,35.22050572470964,23.093841012332415
2025-04-23 00:00:00,NCNO,sell,22.8,35.01383885288635,40.528098847214885
2025-04-23 00:00:00,UPBD,sell,20.39,35.00486227988695,46.134939167645605
2025-04-23 00:00:00,CECO,sell,18.71,34.57763674133443,33.57845664825142
2025-04-23 00:00:00,TNDM,sell,16.57,33.53860048367435,33.60862100317824
2025-04-23 00:00:00,RPAY,sell,4.41,33.29824068776833,45.829846245171986
2025-04-23 00:00:00,FLYW,sell,8.6,32.57104589908864,45.2703258348542
2025-04-23 00:00:00,DVAX,sell,10.77,32.53751873304183,47.060129362583496
2025-04-23 00:00:00,PRTA,sell,9.59,32.27166212944322,41.218716512035925
2025-04-23 00:00:00,FTRE,sell,5.32,31.312517922720467,65.74834485222195
2025-04-23 00:00:00,SVC,sell,1.78,31.27126668064173,22.322990637093124
2025-04-23 00:00:00,ZD,sell,30.45,30.9138367428131,30.973454405662
2025-04-23 00:00:00,TLRY,sell,0.44,30.01041785756081,30.59750040916246
2025-04-23 00:00:00,MERC,sell,4.7,29.818565348865977,32.715503827859436
2025-04-23 00:00:00,HCKT,sell,25.52,29.29309158173756,28.40043283151122
2025-04-23 00:00:00,TMCI,sell,6.41,28.746674890079863,32.31763671086013
2025-04-23 00:00:00,RXST,sell,14.47,25.40190921934103,47.86698966259171
2025-04-23 00:00:00,ACHC,sell,21.2,25.3812760014502,40.23852575998175
2025-04-23 00:00:00,NUTX,buy,145.04,80.10424368955451,49.92172450138397
2025-04-23 00:00:00,PPTA,buy,13.68,67.6246858230769,27.19635483249928
2025-04-23 00:00:00,RGLD,buy,180.57,65.5845253440703,51.62237575812004
2025-04-23 00:00:00,INVA,buy,18.37,61.27979921770882,18.70731117215919
2025-04-23 00:00:00,NWE,buy,58.43,59.46193119089204,14.563145546322687
2025-04-23 00:00:00,KALV,buy,12.45,59.37395628352723,20.548904102851633
2025-04-23 00:00:00,PPC,buy,54.58,58.90932755294256,12.051521431876976
2025-04-23 00:00:00,IMCR,buy,29.8,57.953784492036576,18.020877241858333
2025-04-23 00:00:00,RYTM,buy,59.84,56.9436695260088,14.692175597702775
2025-04-23 00:00:00,KDP,buy,35.19,56.67157980812816,11.844472821189663
2025-04-23 00:00:00,SJW,buy,54.75,56.007132716578525,13.641729285673488
2025-04-23 00:00:00,JJSF,buy,136.01,55.97514560106235,12.95366018580655
2025-04-23 00:00:00,MSEX,buy,62.68,54.77559109010826,33.50196409382655
2025-04-23 00:00:00,CRESY,buy,11.72,54.749677357801694,17.714225084379827
2025-04-23 00:00:00,CART,buy,42.01,54.70152658405157,18.152099835324012
2025-04-23 00:00:00,CVAC,buy,3.17,54.64006326287259,14.37175380625053
2025-04-23 00:00:00,EA,buy,143.73,53.77547807433204,17.545082550883087
2025-04-23 00:00:00,PCRX,buy,25.2,53.19858666909536,14.620254537864392
2025-04-23 00:00:00,CME,buy,261.48,51.98978219982656,20.464138374855622
2025-04-23 00:00:00,PECO,buy,35.79,51.64226973943288,20.551865819779376
2025-04-23 00:00:00,ORLY,buy,1380.5,51.21503017755907,16.963335378359115
2025-04-23 00:00:00,USAR,buy,10.88,51.17793270518195,26.916089783740812
2025-04-23 00:00:00,CWST,buy,113.25,51.13679942999507,11.381232704123331
2025-04-23 00:00:00,ARGX,buy,594.65,51.11750774254582,19.480263677461295
2025-04-23 00:00:00,EXE,buy,105.02,50.73428983663389,23.178563398389365
2025-04-23 00:00:00,TMUS,buy,259.35,50.51767076817194,18.2748305725173
2025-04-23 00:00:00,RUN,buy,6.66,49.75576181697798,12.419291728492967
2025-04-23 00:00:00,AUTL,buy,1.51,49.38649611309511,31.002286812128638
2025-04-23 00:00:00,GILD,buy,106.38,48.683055596929,27.551971260454653
2025-04-23 00:00:00,MGPI,buy,28.4,47.18912168281239,20.625440737627134
2025-04-23 00:00:00,LAND,buy,9.8,45.56520614060803,33.953812775389395
2025-04-23 00:00:00,GOOD,buy,14.12,45.237519628838726,49.1592372557155
2025-04-23 00:00:00,CPB,buy,37.5,44.30897783670492,18.45762811003153
2025-04-23 00:00:00,PEP,buy,142.26,43.58376377985477,19.346100003522633
2025-04-23 00:00:00,CHRD,buy,92.79,43.57995265532137,22.373259228871344
2025-04-23 00:00:00,LOT,buy,1.31,41.60721183628343,19.79815783469163
2025-04-23 00:00:00,CSX,buy,27.59,40.82990967059535,41.74999499054594
2025-04-23 00:00:00,PATK,buy,77.96,40.671413081120285,23.395561941267868
2025-04-23 00:00:00,INDI,buy,1.82,39.86239574852456,25.877190782747704
2025-04-23 00:00:00,CHX,buy,24.59,39.63522417317966,24.60063988286013
2025-04-23 00:00:00,BIIB,buy,118.17,39.17828051846395,33.549932112933156
2025-04-23 00:00:00,XPEL,buy,25.95,35.27724838775326,
2025-04-23 00:00:00,FLNC,buy,3.67,31.73939869448476,41.10041317858235
2025-04-23 00:00:00,MYGN,buy,7.29,25.95228938826232,44.97692858707991
2025-04-22 00:00:00,NUTX,sell,146.0,81.08108940760376,48.526751854572765
2025-04-22 00:00:00,TTAN,sell,120.59,72.65502461517735,26.776219960847698
2025-04-22 00:00:00,TIGO,sell,32.34,66.05976419446901,23.190977859179025
2025-04-22 00:00:00,SDGR,sell,25.99,64.32412861839089,26.66031184870064
2025-04-22 00:00:00,PLYA,sell,13.41,62.54051274446362,17.918347789970444
2025-04-22 00:00:00,ZBIO,sell,9.805,62.52242086658492,16.34858355985617
2025-04-22 00:00:00,FWRG,sell,19.88,62.254220618052905,20.139639170528884
2025-04-22 00:00:00,EXC,sell,47.37,62.14391364246868,20.57513600632647
2025-04-22 00:00:00,GRPN,sell,18.45,61.98452389769362,26.399430967415714
2025-04-22 00:00:00,CASY,sell,458.89,61.14556309718093,27.234493126240448
2025-04-22 00:00:00,KDP,sell,35.48,60.04549530715551,12.64767527281438
2025-04-22 00:00:00,FAST,sell,81.44,59.93350652060813,13.390607487278894
2025-04-22 00:00:00,ABL,sell,8.135,59.01128949347295,18.97771914698105
2025-04-22 00:00:00,SJW,sell,55.23,58.63419220969938,14.44750633335806
2025-04-22 00:00:00,ANIP,sell,68.95,58.50049840493685,24.503146080916657
2025-04-22 00:00:00,CBRL,sell,44.54,57.37117373089989,14.66786031646241
2025-04-22 00:00:00,JJSF,sell,136.49,57.17632065964644,11.822335195621514
2025-04-22 00:00:00,ABSI,sell,3.21,56.67285111344794,25.856681533429832
2025-04-22 00:00:00,KRUS,sell,58.9,56.44384256565679,22.05937902435235
2025-04-22 00:00:00,EOSE,sell,4.65,56.38368435600428,17.599729443039156
2025-04-22 00:00:00,CART,sell,42.35,56.32313399491263,18.91191716269264
2025-04-22 00:00:00,CGEM,sell,8.37,55.68527929261361,20.143790799809164
2025-04-22 00:00:00,VERX,sell,39.09,55.64116397738294,21.94261303379616
2025-04-22 00:00:00,CVAC,sell,3.19,55.47170868713639,13.927177364568651
2025-04-22 00:00:00,GTX,sell,9.01,55.384209053296175,20.609309348113616
2025-04-22 00:00:00,FSV,sell,172.04,54.9147521132394,14.28521459601179
2025-04-22 00:00:00,AVXL,sell,9.21,54.848348534278834,19.496045802455686
2025-04-22 00:00:00,MLTX,sell,39.45,54.65822448152179,22.448125980033613
2025-04-22 00:00:00,TRVI,sell,6.07,54.43659716606437,29.23677637880582
2025-04-22 00:00:00,CRSP,sell,39.23,53.88552582742327,19.62500446777849
2025-04-22 00:00:00,ERAS,sell,1.38,53.856429549750615,21.260377996923403
2025-04-22 00:00:00,ORLY,sell,1393.54,53.4624735038189,18.07407975979304
2025-04-22 00:00:00,WBTN,sell,8.67,53.35232991942309,26.29351855154878
2025-04-22 00:00:00,JANX,sell,30.01,52.94275578680199,19.56668155956873
2025-04-22 00:00:00,BBIO,sell,34.18,52.31992323619431,17.883146931679025
2025-04-22 00:00:00,LNTH,sell,99.57,51.9254043586755,12.69914259415674
2025-04-22 00:00:00,TTWO,sell,209.97,51.84271807404778,15.311095209400497
2025-04-22 00:00:00,VRTX,sell,490.47,51.74887154636391,27.143629887618932
2025-04-22 00:00:00,KLTR,sell,1.98,51.6639541088319,15.81767680837443
2025-04-22 00:00:00,GLPI,sell,49.29,51.35547922387168,28.16124972993805
2025-04-22 00:00:00,GH,sell,43.8,50.95724769761328,13.540767474746804
2025-04-22 00:00:00,AXON,sell,555.52,50.66838966806097,11.580394641222211
2025-04-22 00:00:00,CRWD,sell,368.45,50.513167637065656,10.49531131248105
2025-04-22 00:00:00,BATRK,sell,38.69,50.49294111470736,19.914326076797472
2025-04-22 00:00:00,LLYVK,sell,67.9,49.95684940539707,16.722836476022756
2025-04-22 00:00:00,LQDT,sell,30.72,49.87997640188108,11.873937639662225
2025-04-22 00:00:00,RXRX,sell,5.63,49.81449896013551,17.981296588833953
2025-04-22 00:00:00,VFS,sell,3.15,49.57524134149175,17.89549395802063
2025-04-22 00:00:00,LLYVA,sell,66.41,49.32548703087944,15.683869308462842
2025-04-22 00:00:00,GDRX,sell,4.45,49.26711014858876,12.663608919306379
2025-04-22 00:00:00,ASTE,sell,33.84,49.12415776788183,14.99696310076037
2025-04-22 00:00:00,EXAS,sell,44.15,49.09014374355158,35.80267464292622
2025-04-22 00:00:00,CPRX,sell,22.6,49.01766811134242,19.04471493977492
2025-04-22 00:00:00,ALT,sell,4.85,48.83865341290055,25.78365910823401
2025-04-22 00:00:00,IESC,sell,177.52,48.8380809317369,13.821636890573387
2025-04-22 00:00:00,PRAX,sell,35.98,48.782868998345045,48.5371188406936
2025-04-22 00:00:00,TLN,sell,197.59,48.62703698695248,12.13249930727689
2025-04-22 00:00:00,EVLV,sell,3.19,48.62149606919997,19.881690239011423
2025-04-22 00:00:00,COCO,sell,31.29,48.34198179010723,20.668211526171444
2025-04-22 00:00:00,VNOM,sell,40.67,48.27725538863228,22.008391297564433
2025-04-22 00:00:00,BWIN,sell,41.77,48.15777807298968,17.456143400702025
2025-04-22 00:00:00,NTRA,sell,144.62,48.11409277982777,13.552147655226577
2025-04-22 00:00:00,IGIC,sell,24.45,48.08803607187821,17.198607124351582
2025-04-22 00:00:00,NCMI,sell,5.84,47.90155840713253,14.27653196787126
2025-04-22 00:00:00,ODD,sell,41.53,47.76977760223357,14.43900950210678
2025-04-22 00:00:00,TSEM,sell,35.39,47.768999654999575,23.58431934169359
2025-04-22 00:00:00,IONS,sell,29.03,47.73504635602887,34.667104397666684
2025-04-22 00:00:00,MYRG,sell,113.28,47.435570217211456,21.066789311218706
2025-04-22 00:00:00,PSNY,sell,1.0,47.43492558331096,17.039780919432207
2025-04-22 00:00:00,SYM,sell,20.28,47.43207226975855,16.735544370951537
2025-04-22 00:00:00,ERIE,sell,405.3,47.40526255992041,12.824001303688474
2025-04-22 00:00:00,NBIX,sell,101.74,47.38092326403759,38.91159511331095
2025-04-22 00:00:00,SANM,sell,74.5,47.33198907166748,15.01031233034316
2025-04-22 00:00:00,ADP,sell,292.89,47.286994401983264,19.425792352590964
2025-04-22 00:00:00,NEXT,sell,7.2,47.09260721541978,16.827134810515524
2025-04-22 00:00:00,LAND,sell,9.88,47.040962746051015,35.40795124797988
2025-04-22 00:00:00,JFIN,sell,10.67,47.0331029458977,21.06650127802796
2025-04-22 00:00:00,AGIO,sell,28.0,46.91424236179309,32.66100125404005
2025-04-22 00:00:00,GLDD,sell,8.6,46.853098900817656,19.077358162399783
2025-04-22 00:00:00,EVER,sell,22.59,46.79395047655967,32.49941004024783
2025-04-22 00:00:00,CMPO,sell,10.6,46.74047798218184,32.49648127813836
2025-04-22 00:00:00,RIVN,sell,11.36,46.59163080705475,11.691260781795217
2025-04-22 00:00:00,DXPE,sell,79.18,46.554038088324376,19.184833462920487
2025-04-22 00:00:00,EVGO,sell,2.56,46.3121413729707,13.662653465720547
2025-04-22 00:00:00,FLEX,sell,31.27,46.19791387511492,17.67558074771818
2025-04-22 00:00:00,AVPT,sell,14.32,46.04275845006479,23.703061643530628
2025-04-22 00:00:00,OSW,sell,16.61,46.026467114418566,21.21092919045964
2025-04-22 00:00:00,URGN,sell,10.05,45.94507597772401,17.070370400561192
2025-04-22 00:00:00,ALNY,sell,236.75,45.8019607416947,29.140928562654683
2025-04-22 00:00:00,ARWR,sell,12.36,45.61192075952848,29.112705006170927
2025-04-22 00:00:00,SEIC,sell,71.9,45.4132808023416,31.263641514306084
2025-04-22 00:00:00,LYFT,sell,11.0,44.99241569578936,14.409625895970692
2025-04-22 00:00:00,SNDL,sell,1.39,44.96159967530996,34.398692432653924
2025-04-22 00:00:00,DAKT,sell,12.18,44.84433880504464,23.47538625925801
2025-04-22 00:00:00,NVAX,sell,6.25,44.8424344059832,19.3136350209455
2025-04-22 00:00:00,ISRG,sell,478.74,44.8367193515118,21.919413617767447
2025-04-22 00:00:00,BWB,sell,12.88,44.79604916763002,16.42247758153673
2025-04-22 00:00:00,IRTC,sell,99.48,44.7515522038554,14.192733184593582
2025-04-22 00:00:00,OCSL,sell,14.23,44.71677265064901,43.64837468368844
2025-04-22 00:00:00,GBDC,sell,14.01,44.57563429998198,43.01292535430501
2025-04-22 00:00:00,GOOD,sell,14.08,44.3876314413596,50.015115791085066
2025-04-22 00:00:00,POWL,sell,165.845,44.233231996272565,10.857602413633172
2025-04-22 00:00:00,SLRC,sell,15.37,43.88343332446335,35.34648802763048
2025-04-22 00:00:00,TRIN,sell,14.3,43.87453216802072,37.6869240696045
2025-04-22 00:00:00,CYBR,sell,321.69,43.79893530461181,21.30497591932098
2025-04-22 00:00:00,MPWR,sell,511.82,43.76659796043436,17.099610562270364
2025-04-22 00:00:00,MTSI,sell,95.87,43.5805492660698,22.156232920763745
2025-04-22 00:00:00,OXLC,sell,4.38,43.531130331174914,34.50311977341734
2025-04-22 00:00:00,NTGR,sell,21.96,43.4184718620684,18.013775808952516
2025-04-22 00:00:00,PACB,sell,1.17,43.41490944323407,11.692837487181809
2025-04-22 00:00:00,PAGP,sell,18.86,43.40892577670169,35.988116522854675
2025-04-22 00:00:00,GHRS,sell,9.41,43.28639742226556,24.416692154549438
2025-04-22 00:00:00,TSCO,sell,50.28,43.24552029512184,20.360069384364767
2025-04-22 00:00:00,MQ,sell,3.82,43.21590821417785,14.604803666377384
2025-04-22 00:00:00,PRTH,sell,6.77,43.07144538404294,31.58552709387644
2025-04-22 00:00:00,BLDP,sell,1.12,43.05651929758975,18.27169846019853
2025-04-22 00:00:00,IBKR,sell,157.48,43.05575353784148,27.466534442475865
2025-04-22 00:00:00,APP,sell,237.71,43.04479693613956,22.869672037174333
2025-04-22 00:00:00,KSPI,sell,84.92,43.020819787812776,32.26720168511638
2025-04-22 00:00:00,GCT,sell,12.65,42.92101844562577,37.421852600137065
2025-04-22 00:00:00,NVTS,sell,1.8,42.86967561201432,29.25112459151242
2025-04-22 00:00:00,ODFL,sell,152.07,42.8292137975526,33.836718282172406
2025-04-22 00:00:00,LBTYA,sell,10.56,42.80150902172401,30.584883752183696
2025-04-22 00:00:00,AZN,sell,67.87,42.8000815931739,33.88024661571327
2025-04-22 00:00:00,TEAM,sell,200.3,42.78391010699501,30.54878295497362
2025-04-22 00:00:00,STEP,sell,46.35,42.74174008766521,22.16969354968129
2025-04-22 00:00:00,COLL,sell,26.89,42.51918901333951,25.52513663097093
2025-04-22 00:00:00,PODD,sell,244.02,42.44274710853927,23.5214115355001
2025-04-22 00:00:00,SUPN,sell,30.84,42.43361592251925,28.755925385816564
2025-04-22 00:00:00,WAY,sell,35.45,42.20617366040848,22.940675916462073
2025-04-22 00:00:00,TPG,sell,43.28,42.15747609961444,29.32463504983735
2025-04-22 00:00:00,EOLS,sell,10.46,42.07526341215647,32.84758994533478
2025-04-22 00:00:00,CCAP,sell,15.43,42.06286591745494,47.24730206442806
2025-04-22 00:00:00,TBRG,sell,24.56,42.00231064131917,22.370317302094804
2025-04-22 00:00:00,TRMD,sell,15.38,41.99071152870984,29.792507729391932
2025-04-22 00:00:00,HRZN,sell,8.32,41.86091507893599,32.594614722392784
2025-04-22 00:00:00,GOGO,sell,6.86,41.83888930480747,19.147931727175315
2025-04-22 00:00:00,ORRF,sell,27.61,41.77930662789328,26.32240896616273
2025-04-22 00:00:00,AXSM,sell,103.82,41.66279514427134,38.23090517796156
2025-04-22 00:00:00,AMWD,sell,55.3,41.65648642300417,31.871413713147142
2025-04-22 00:00:00,PENG,sell,15.79,41.64813549959515,21.04933421084164
2025-04-22 00:00:00,LASR,sell,7.18,41.531590130854056,28.660323605495524
2025-04-22 00:00:00,RBBN,sell,3.48,41.466182050396064,15.985945514759573
2025-04-22 00:00:00,ANDE,sell,37.88,41.09597586774667,26.50290574586874
2025-04-22 00:00:00,GEN,sell,24.24,41.0731374088803,25.149387111621387
2025-04-22 00:00:00,LION,sell,6.52,41.06165324687908,21.822634861527376
2025-04-22 00:00:00,SMCI,sell,30.58,41.05020136922328,13.823162489334196
2025-04-22 00:00:00,GSAT,sell,18.99,40.89835789824572,38.23178413577794
2025-04-22 00:00:00,POWI,sell,46.24,40.72836380316349,19.82689377429221
2025-04-22 00:00:00,MLCO,sell,4.82,40.64793374029587,20.420187454322154
2025-04-22 00:00:00,INDI,sell,1.85,40.63186053452952,27.82568145642315
2025-04-22 00:00:00,NVDA,sell,98.89,40.59682965915539,28.32737103664861
2025-04-22 00:00:00,CHRW,sell,90.28,40.32184028464658,25.855807190944795
2025-04-22 00:00:00,WASH,sell,27.0,40.314350264570805,23.565386511394404
2025-04-22 00:00:00,SCSC,sell,31.49,39.7211278326554,45.50626078899848
2025-04-22 00:00:00,PCH,sell,39.3,39.7026811281901,40.69566881167111
2025-04-22 00:00:00,CSWC,sell,19.48,39.57968209261376,39.07081332213013
2025-04-22 00:00:00,NOVT,sell,112.82,39.57957230202825,38.30995884690377
2025-04-22 00:00:00,ROKU,sell,59.23,39.4586777528993,15.67793814168831
2025-04-22 00:00:00,TTD,sell,48.66,39.42816190103552,36.72192592849801
2025-04-22 00:00:00,ASTL,sell,4.85,39.38567830705059,50.43581959454837
2025-04-22 00:00:00,DOOO,sell,32.88,39.21390681477953,27.632498458670437
2025-04-22 00:00:00,HAS,sell,52.1,39.0798973599541,32.7263427425391
2025-04-22 00:00:00,AAL,sell,9.31,38.97931712286408,29.18828826821426
2025-04-22 00:00:00,WING,sell,210.24,38.97069055578387,21.63875681665244
2025-04-22 00:00:00,ACLS,sell,45.1,38.96934549634481,32.61522133167814
2025-04-22 00:00:00,LYTS,sell,15.61,38.859449656708136,22.841170140792876
2025-04-22 00:00:00,DSP,sell,12.02,38.81553760814796,23.856560458338087
2025-04-22 00:00:00,ADEA,sell,11.77,38.68618737329373,25.42520833992173
2025-04-22 00:00:00,AIOT,sell,4.58,38.6061409536943,23.951764902973327
2025-04-22 00:00:00,CBLL,sell,14.77,38.54938614017671,54.2573475886522
2025-04-22 00:00:00,ICUI,sell,130.68,38.52125255887518,22.71408807352275
2025-04-22 00:00:00,VERA,sell,21.39,38.30128635459465,43.78472872372034
2025-04-22 00:00:00,WBD,sell,7.95,38.25990261894917,22.78330306562046
2025-04-22 00:00:00,HIMX,sell,6.37,38.151706714868766,33.06344354567382
2025-04-22 00:00:00,SERV,sell,5.27,38.0472565536192,26.9983665118776
2025-04-22 00:00:00,PLAB,sell,17.68,37.34129699463084,19.62497550908032
2025-04-22 00:00:00,AXGN,sell,15.43,37.3063354246545,23.27521175178632
2025-04-22 00:00:00,PDFS,sell,17.16,37.17276248342903,25.11954241298406
2025-04-22 00:00:00,CFLT,sell,20.64,37.13562772433056,16.822423989827644
2025-04-22 00:00:00,TCPC,sell,6.77,37.11924321863822,56.06853815937673
2025-04-22 00:00:00,NVEE,sell,15.59,37.09157870458368,30.556707616173405
2025-04-22 00:00:00,EMBC,sell,11.22,37.03362805362765,27.00571218410741
2025-04-22 00:00:00,DNUT,sell,4.32,36.90737275052564,47.66679865752239
2025-04-22 00:00:00,APLD,sell,4.03,36.60882422861874,23.626710331106644
2025-04-22 00:00:00,MIDD,sell,127.44,36.57429969493668,30.530779852321206
2025-04-22 00:00:00,ANGI,sell,12.14,36.55007886026743,27.75947118545804
2025-04-22 00:00:00,SATS,sell,21.31,36.53210173845153,30.73595367736832
2025-04-22 00:00:00,KIDS,sell,20.76,36.455258415850565,16.79659532604793
2025-04-22 00:00:00,VCEL,sell,39.42,36.21512643576155,42.31494551115262
2025-04-22 00:00:00,BIGC,sell,5.04,36.17794805534747,16.135436628424117
2025-04-22 00:00:00,HLMN,sell,7.52,36.02136684914203,34.29117087255785
2025-04-22 00:00:00,FOLD,sell,6.91,35.84187470000961,55.14046976857558
2025-04-22 00:00:00,THRM,sell,24.49,35.69090236444092,34.179611413580965
2025-04-22 00:00:00,BAND,sell,11.78,35.468720062168785,40.20255392103825
2025-04-22 00:00:00,ROCK,sell,51.22,35.46816018948042,32.88450788137668
2025-04-22 00:00:00,MRVL,sell,50.62,35.29641379757979,41.16612659098414
2025-04-22 00:00:00,JD,sell,33.67,35.12948927995989,21.58284607542418
2025-04-22 00:00:00,JAMF,sell,10.69,34.87557701807782,38.55015144988379
2025-04-22 00:00:00,CECO,sell,18.77,34.824772686819855,33.86217477281423
2025-04-22 00:00:00,WRD,sell,8.79,33.54574772937906,26.551211263848803
2025-04-22 00:00:00,NNE,sell,19.19,33.4571003288176,17.720206842248714
2025-04-22 00:00:00,RXT,sell,1.34,33.44383583545985,56.576674202393
2025-04-22 00:00:00,SNDK,sell,29.62,33.42841684676516,25.77025709906156
2025-04-22 00:00:00,AMBA,sell,40.95,33.40490218770393,29.85962136577244
2025-04-22 00:00:00,FLYW,sell,8.68,33.365751352284306,46.93818725412042
2025-04-22 00:00:00,EWTX,sell,13.53,33.1280226824105,35.86308110488158
2025-04-22 00:00:00,GDYN,sell,13.08,32.67983054077758,27.457223805781407
2025-04-22 00:00:00,GEHC,sell,61.65,32.36301097381272,54.038538969531494
2025-04-22 00:00:00,TNDM,sell,16.35,31.319767306746137,34.93600947147711
2025-04-22 00:00:00,AMPL,sell,7.94,30.698658926639453,34.22441278658364
2025-04-22 00:00:00,CCSI,sell,18.41,30.34951782374829,38.50184358437207
2025-04-22 00:00:00,LZ,sell,6.77,29.40234301715324,33.18979156978604
2025-04-22 00:00:00,MAT,sell,14.58,29.05515100082453,46.9595530630913
2025-04-22 00:00:00,PCVX,sell,31.26,28.3926675072188,56.57645383640896
2025-04-22 00:00:00,PLUG,sell,0.875,27.62930398560429,55.10816461369951
2025-04-22 00:00:00,AZTA,sell,25.05,27.282932001664307,55.11733408586785
2025-04-22 00:00:00,QDEL,sell,24.46,26.27521025030457,47.77660907827693
2025-04-22 00:00:00,VREX,sell,7.29,26.0727351250189,46.43512946348775
2025-04-22 00:00:00,NEOG,sell,4.75,24.81427487684868,47.99652245200557
2025-04-22 00:00:00,TMCI,sell,6.26,24.28118915157588,31.655666093651288
2025-04-22 00:00:00,RXST,sell,14.32,24.23987921276497,48.137414996117634
2025-04-22 00:00:00,GO,buy,16.12,70.55352852114464,15.716871640888195
2025-04-22 00:00:00,SIGA,buy,6.13,58.867080972449216,19.7203874719192
2025-04-22 00:00:00,CSTL,buy,21.98,58.49398963509704,27.047303376821088
2025-04-22 00:00:00,PERI,buy,8.74,57.97416232026219,22.00978813379883
2025-04-22 00:00:00,IMCR,buy,29.52,56.66773575556847,17.86888231693028
2025-04-22 00:00:00,ASND,buy,159.13,56.21782356882079,20.889474522236025
2025-04-22 00:00:00,DRS,buy,35.14,56.03742138938035,17.02798337533769
2025-04-22 00:00:00,FCFS,buy,121.61,55.900780297562,24.435747944408728
2025-04-22 00:00:00,SHEN,buy,12.94,55.74217105501285,20.822205661415754
2025-04-22 00:00:00,GMAB,buy,20.27,55.53946920720274,19.226393651094064
2025-04-22 00:00:00,AMED,buy,92.43,55.00736836613017,26.51100245265045
2025-04-22 00:00:00,BBCP,buy,6.04,54.12441372712053,22.52991341045089
2025-04-22 00:00:00,CWST,buy,113.71,52.11628490066915,11.788009492649993
2025-04-22 00:00:00,GAIN,buy,13.44,51.81423028308002,17.62115342547308
2025-04-22 00:00:00,MRUS,buy,43.21,51.50079699727122,24.02718934860655
2025-04-22 00:00:00,CHEF,buy,53.85,51.122182043679096,29.890617421964663
2025-04-22 00:00:00,RPRX,buy,32.19,50.74360750267019,16.702562413570632
2025-04-22 00:00:00,IMTX,buy,4.32,49.85677418033724,14.07826913236952
2025-04-22 00:00:00,GABC,buy,36.38,48.998087727789965,17.31595946439605
2025-04-22 00:00:00,ONB,buy,19.93,48.95681427641364,19.194841558039293
2025-04-22 00:00:00,ZEUS,buy,30.76,48.88575996292536,12.963216774485293
2025-04-22 00:00:00,SFD,buy,19.76,48.74824611042117,23.93867604807151
2025-04-22 00:00:00,FTDR,buy,39.94,48.04365438404135,29.31675808810204
2025-04-22 00:00:00,HEPS,buy,2.82,47.74914904474542,23.698947748359043
2025-04-22 00:00:00,ADUS,buy,98.04,47.22804688312659,21.099432135105623
2025-04-22 00:00:00,TATT,buy,26.325,46.62833269462291,17.07380305914578
2025-04-22 00:00:00,FTNT,buy,94.37,46.56335741493894,15.85033773216277
2025-04-22 00:00:00,DHC,buy,2.26,46.48549919952067,24.537636874155226
2025-04-22 00:00:00,CENTA,buy,30.96,46.046920806496,17.104557188612535
2025-04-22 00:00:00,APOG,buy,45.61,45.505074576442354,13.862719932835052
2025-04-22 00:00:00,CSIQ,buy,7.89,45.455900001221536,22.94495622134481
2025-04-22 00:00:00,ASTH,buy,30.39,45.41507553979333,17.683162059385808
2025-04-22 00:00:00,PLTK,buy,4.9,45.24386652334385,23.742008992235917
2025-04-22 00:00:00,PEBO,buy,28.09,45.12570514472702,12.393537934628515
2025-04-22 00:00:00,AMSF,buy,49.39,44.775200481127584,19.83996928102534
2025-04-22 00:00:00,BLKB,buy,61.43,44.3224349861978,29.333334243353793
2025-04-22 00:00:00,OPEN,buy,0.992,44.25850112424455,22.381506814123597
2025-04-22 00:00:00,BCPC,buy,157.5,43.68358677918073,32.52111458734565
2025-04-22 00:00:00,WFRD,buy,44.97,43.56572606067871,26.139377384768306
2025-04-22 00:00:00,BKR,buy,38.36,43.45336961396875,25.132031387787077
2025-04-22 00:00:00,KNSA,buy,20.02,43.43538018658003,21.52006031588391
2025-04-22 00:00:00,TCBI,buy,65.89,43.337208082460094,33.5419027321443
2025-04-22 00:00:00,MORN,buy,272.96,43.17110262345952,27.621771564825337
2025-04-22 00:00:00,GLBE,buy,32.94,43.06657821640491,33.22218905824106
2025-04-22 00:00:00,CGON,buy,20.48,43.02073371406894,26.933387535376433
2025-04-22 00:00:00,PRCT,buy,52.8,42.426944509402624,28.47762227339937
2025-04-22 00:00:00,FWRD,buy,15.35,42.29619579471227,34.21723765242884
2025-04-22 00:00:00,CYTK,buy,37.81,42.01206506301736,22.248385598388836
2025-04-22 00:00:00,LSTR,buy,137.38,41.8207953186121,37.53747673831578
2025-04-22 00:00:00,OSPN,buy,14.37,41.74292929086772,32.629200106315615
2025-04-22 00:00:00,TRS,buy,20.79,41.52666233008414,21.64439710096937
2025-04-22 00:00:00,CHX,buy,24.98,41.36373049497215,25.658163960751384
2025-04-22 00:00:00,INDV,buy,8.81,40.89872057404768,18.270462954782317
2025-04-22 00:00:00,VSAT,buy,8.16,40.89220125320399,21.65482068605621
2025-04-22 00:00:00,ODP,buy,12.38,40.10420860666924,31.1626782181117
2025-04-22 00:00:00,ZION,buy,43.13,39.991247161753485,31.909270534108447
2025-04-22 00:00:00,THRY,buy,11.9,39.77483541120414,34.679509632877355
2025-04-22 00:00:00,CLMT,buy,9.55,39.51204866247284,36.73234012034276
2025-04-22 00:00:00,ESTA,buy,28.78,38.78977125300327,24.74830662377185
2025-04-22 00:00:00,PTEN,buy,5.88,37.97588492459917,24.539970781584824
2025-04-22 00:00:00,BBNX,buy,10.39,37.950917010845295,45.66682580998025
2025-04-22 00:00:00,DOMO,buy,6.74,37.55824617739357,20.27689337779006
2025-04-22 00:00:00,NCNO,buy,23.28,36.97846117236672,41.47438212048353
2025-04-22 00:00:00,HEES,buy,89.3,36.13392102890011,25.398654928584516
2025-04-22 00:00:00,MGRC,buy,101.86,35.80961614043459,32.72859904238109
2025-04-22 00:00:00,ACAD,buy,14.35,35.400963735498166,39.00184684395712
2025-04-22 00:00:00,LILAK,buy,5.3,35.2487962923496,25.62014844076083
2025-04-22 00:00:00,LILA,buy,5.3,34.41426958642308,27.731632346110576
2025-04-22 00:00:00,MDB,buy,152.15,34.21339548321514,25.67051366114136
2025-04-22 00:00:00,ALGT,buy,41.72,34.07614171217047,47.51747283502176
2025-04-22 00:00:00,ATRO,buy,20.03,33.83272294208066,33.69945674000717
2025-04-22 00:00:00,WEN,buy,12.57,33.34149728391388,42.4035096572551
2025-04-22 00:00:00,WSC,buy,22.51,33.29959207769977,38.08610409622589
2025-04-22 00:00:00,ASLE,buy,6.36,32.88712574588168,32.561857205533734
2025-04-22 00:00:00,SVC,buy,1.81,32.13752027447425,23.12469061622978
2025-04-22 00:00:00,ZD,buy,30.31,30.198020441683184,32.64633443091158
2025-04-22 00:00:00,HCKT,buy,25.64,30.09586750606345,28.18262119346316
2025-04-22 00:00:00,RMR,buy,14.66,29.485221746824,58.893329619985366
2025-04-22 00:00:00,CCOI,buy,51.15,29.29294835680859,55.13340237433358
2025-04-22 00:00:00,LFST,buy,6.13,29.07168365378458,15.696699720037827
2025-04-22 00:00:00,ICLR,buy,136.79,27.722636908882954,53.0437344203311
2025-04-22 00:00:00,MYGN,buy,7.43,27.20143422248762,45.54952228521467
2025-04-22 00:00:00,TTGT,buy,7.16,25.28796668510273,42.65749348566346
2025-04-22 00:00:00,PONY,buy,4.16,21.891820362863683,49.99916180070245
2025-04-22 00:00:00,CNDT,buy,1.98,18.258349028345744,66.64845140875465
2025-04-21 00:00:00,RDUS,sell,28.95,77.02,55.02
2025-04-21 00:00:00,RGLD,sell,185.92,75.35,53.39
2025-04-21 00:00:00,TMDX,sell,87.72,69.48,24.43
2025-04-21 00:00:00,TDUP,sell,3.34,67.17,24.06
2025-04-21 00:00:00,ANAB,sell,20.62,65.4,22.6
2025-04-21 00:00:00,TIGO,sell,32.08,65.06,22.58
2025-04-21 00:00:00,STNE,sell,12.06,63.52,25.3
2025-04-21 00:00:00,EZPW,sell,15.76,62.85,31.03
2025-04-21 00:00:00,QURE,sell,13.29,60.68,33.06
2025-04-21 00:00:00,RYTM,sell,60.48,58.8,15.82
2025-04-21 00:00:00,ERIC,sell,8.15,58.29,22.57
2025-04-21 00:00:00,NEXN,sell,8.92,57.64,12.42
2025-04-21 00:00:00,AKBA,sell,2.07,57.0,13.4
2025-04-21 00:00:00,METC,sell,9.48,57.0,16.07
2025-04-21 00:00:00,MDLZ,sell,67.76,56.96,15.57
2025-04-21 00:00:00,SRAD,sell,23.01,56.38,12.57
2025-04-21 00:00:00,KRUS,sell,58.42,55.83,22.32
2025-04-21 00:00:00,KALV,sell,12.01,55.44,20.66
2025-04-21 00:00:00,ETON,sell,14.26,55.18,24.2
2025-04-21 00:00:00,AFYA,sell,17.99,55.02,11.53
2025-04-21 00:00:00,MSTR,sell,317.76,54.55,11.91
2025-04-21 00:00:00,TWFG,sell,31.98,54.53,16.09
2025-04-21 00:00:00,MREO,sell,2.33,54.01,25.0
2025-04-21 00:00:00,LNTH,sell,100.62,54.0,13.51
2025-04-21 00:00:00,DPZ,sell,468.27,53.94,12.18
2025-04-21 00:00:00,GMAB,sell,20.07,53.94,20.62
2025-04-21 00:00:00,ABSI,sell,3.07,53.23,26.11
2025-04-21 00:00:00,WAFD,sell,27.94,53.16,25.13
2025-04-21 00:00:00,SSRM,sell,10.54,53.14,20.54
2025-04-21 00:00:00,SKWD,sell,52.71,52.68,15.33
2025-04-21 00:00:00,PLTR,sell,90.8,52.02,14.02
2025-04-21 00:00:00,ARGX,sell,595.7,51.65,20.77
2025-04-21 00:00:00,RVMD,sell,36.56,51.09,22.41
2025-04-21 00:00:00,ADMA,sell,19.64,50.95,16.69
2025-04-21 00:00:00,PFBC,sell,81.28,50.85,18.69
2025-04-21 00:00:00,STRK,sell,85.0,50.14,10.45
2025-04-21 00:00:00,JANX,sell,29.3,50.1,19.49
2025-04-21 00:00:00,PTGX,sell,45.8,49.78,19.78
2025-04-21 00:00:00,BLBD,sell,33.71,49.45,10.51
2025-04-21 00:00:00,REYN,sell,23.65,49.12,16.73
2025-04-21 00:00:00,NUVL,sell,69.95,49.05,30.93
2025-04-21 00:00:00,SFD,sell,19.75,48.64,23.82
2025-04-21 00:00:00,GYRE,sell,8.4,48.37,19.57
2025-04-21 00:00:00,VEON,sell,41.84,48.27,23.29
2025-04-21 00:00:00,GRAL,sell,26.42,48.16,13.6
2025-04-21 00:00:00,IMTX,sell,4.24,48.16,15.02
2025-04-21 00:00:00,ROIV,sell,10.04,48.13,19.86
2025-04-21 00:00:00,HAFC,sell,21.58,48.1,24.56
2025-04-21 00:00:00,CLSK,sell,7.47,47.46,9.4
2025-04-21 00:00:00,IBCP,sell,29.99,47.39,33.07
2025-04-21 00:00:00,MARA,sell,12.29,47.24,12.44
2025-04-21 00:00:00,RXRX,sell,5.41,47.2,19.34
2025-04-21 00:00:00,EXEL,sell,35.59,46.82,22.2
2025-04-21 00:00:00,TGTX,sell,36.97,46.78,22.91
2025-04-21 00:00:00,VRDN,sell,13.13,46.76,32.04
2025-04-21 00:00:00,AMRK,sell,24.09,46.71,23.3
2025-04-21 00:00:00,SRRK,sell,29.81,46.3,32.7
2025-04-21 00:00:00,BPMC,sell,84.18,46.21,25.95
2025-04-21 00:00:00,LCID,sell,2.32,46.18,10.21
2025-04-21 00:00:00,ACLX,sell,60.93,46.14,33.21
2025-04-21 00:00:00,AUTL,sell,1.44,45.91,34.76
2025-04-21 00:00:00,CRNX,sell,30.15,45.91,32.33
2025-04-21 00:00:00,MTSR,sell,19.51,45.69,22.1
2025-04-21 00:00:00,CPRX,sell,22.02,45.45,19.31
2025-04-21 00:00:00,VKTX,sell,23.72,45.43,20.02
2025-04-21 00:00:00,COIN,sell,175.0,45.13,21.53
2025-04-21 00:00:00,ARQT,sell,13.53,45.06,21.48
2025-04-21 00:00:00,APGE,sell,32.85,45.01,25.75
2025-04-21 00:00:00,MRTN,sell,13.29,44.93,29.11
2025-04-21 00:00:00,AUPH,sell,7.66,44.78,28.49
2025-04-21 00:00:00,DHC,sell,2.23,44.7,25.41
2025-04-21 00:00:00,WYNN,sell,74.96,44.08,20.11
2025-04-21 00:00:00,PGEN,sell,1.37,44.06,24.66
2025-04-21 00:00:00,AKRO,sell,37.67,43.74,28.54
2025-04-21 00:00:00,BITF,sell,0.835,43.73,29.56
2025-04-21 00:00:00,KNSA,sell,20.05,43.62,21.76
2025-04-21 00:00:00,XMTR,sell,22.18,42.9,28.11
2025-04-21 00:00:00,IRON,sell,42.06,42.79,40.89
2025-04-21 00:00:00,CGON,sell,20.41,42.66,27.94
2025-04-21 00:00:00,MBUU,sell,27.12,42.38,19.9
2025-04-21 00:00:00,ALLO,sell,1.42,42.06,15.24
2025-04-21 00:00:00,NVAX,sell,6.01,41.55,19.67
2025-04-21 00:00:00,SANA,sell,1.59,41.54,21.92
2025-04-21 00:00:00,NRDS,sell,8.42,41.51,33.01
2025-04-21 00:00:00,WABC,sell,45.9,41.5,28.06
2025-04-21 00:00:00,ECPG,sell,30.52,41.34,38.25
2025-04-21 00:00:00,KRYS,sell,161.91,41.3,31.07
2025-04-21 00:00:00,UMBF,sell,90.42,40.77,27.17
2025-04-21 00:00:00,CIFR,sell,2.34,40.5,20.4
2025-04-21 00:00:00,CNTA,sell,12.15,40.01,38.86
2025-04-21 00:00:00,IOVA,sell,3.08,40.0,24.11
2025-04-21 00:00:00,FWRD,sell,14.85,39.98,34.98
2025-04-21 00:00:00,BTDR,sell,7.6,39.89,23.49
2025-04-21 00:00:00,GDS,sell,21.21,39.18,31.42
2025-04-21 00:00:00,SHC,sell,10.32,39.09,20.93
2025-04-21 00:00:00,ADAP,sell,0.242,38.78,30.62
2025-04-21 00:00:00,FFBC,sell,22.63,38.66,21.75
2025-04-21 00:00:00,ORIC,sell,4.87,38.57,35.88
2025-04-21 00:00:00,CRTO,sell,29.6,38.43,26.96
2025-04-21 00:00:00,IREN,sell,5.51,37.93,32.12
2025-04-21 00:00:00,WULF,sell,2.25,37.6,22.52
2025-04-21 00:00:00,HUT,sell,10.64,37.29,17.55
2025-04-21 00:00:00,UTHR,sell,284.25,37.21,32.23
2025-04-21 00:00:00,REGN,sell,561.49,36.8,42.29
2025-04-21 00:00:00,RIOT,sell,6.29,36.71,23.28
2025-04-21 00:00:00,BMRN,sell,58.65,36.65,39.18
2025-04-21 00:00:00,AMAL,sell,26.32,36.17,25.33
2025-04-21 00:00:00,SBCF,sell,22.5,35.8,21.97
2025-04-21 00:00:00,APLD,sell,3.95,35.74,22.47
2025-04-21 00:00:00,NESR,sell,6.01,35.32,39.27
2025-04-21 00:00:00,VTRS,sell,7.57,35.21,53.47
2025-04-21 00:00:00,CGBD,sell,14.1,34.59,50.38
2025-04-21 00:00:00,MATW,sell,19.38,34.08,35.15
2025-04-21 00:00:00,COGT,sell,4.3,33.96,35.84
2025-04-21 00:00:00,EWTX,sell,13.3,31.68,36.63
2025-04-21 00:00:00,FOLD,sell,6.71,30.53,54.37
2025-04-21 00:00:00,LFST,sell,6.16,29.61,13.61
2025-04-21 00:00:00,TFIN,sell,46.72,29.52,28.19
2025-04-21 00:00:00,BZ,sell,13.62,28.22,33.72
2025-04-21 00:00:00,APLS,sell,18.03,27.55,41.18
2025-04-21 00:00:00,RXT,sell,1.27,27.53,57.07
2025-04-21 00:00:00,PCVX,sell,30.39,26.44,56.49
2025-04-21 00:00:00,HTZWW,buy,4.24,77.54,33.6
2025-04-21 00:00:00,HTZ,buy,7.83,74.59,23.7
2025-04-21 00:00:00,SNRE,buy,52.64,68.44,21.88
2025-04-21 00:00:00,GRPN,buy,18.78,66.24,26.94
2025-04-21 00:00:00,PPTA,buy,13.3,65.53,25.58
2025-04-21 00:00:00,CKPT,buy,4.04,63.61,31.46
2025-04-21 00:00:00,INVA,buy,18.28,61.31,17.26
2025-04-21 00:00:00,SLNO,buy,68.93,60.16,25.41
2025-04-21 00:00:00,KDP,buy,35.31,58.71,12.83
2025-04-21 00:00:00,SFM,buy,158.53,58.54,12.06
2025-04-21 00:00:00,CCEP,buy,88.47,58.36,15.18
2025-04-21 00:00:00,MRCY,buy,47.24,58.33,13.94
2025-04-21 00:00:00,AVAV,buy,144.2,58.26,28.34
2025-04-21 00:00:00,FIZZ,buy,43.38,57.94,17.39
2025-04-21 00:00:00,ABL,buy,8.06,57.92,18.12
2025-04-21 00:00:00,DNTH,buy,20.45,57.04,13.75
2025-04-21 00:00:00,CVAC,buy,3.21,56.27,13.72
2025-04-21 00:00:00,PPC,buy,53.64,55.72,12.6
2025-04-21 00:00:00,PLSE,buy,17.29,55.4,16.23
2025-04-21 00:00:00,INTR,buy,5.69,55.39,14.62
2025-04-21 00:00:00,SKBL,buy,11.95,55.19,20.77
2025-04-21 00:00:00,VOD,buy,9.23,54.47,18.65
2025-04-21 00:00:00,XENE,buy,34.7,54.3,44.32
2025-04-21 00:00:00,SJW,buy,54.17,54.23,15.09
2025-04-21 00:00:00,ASPI,buy,5.42,53.75,16.84
2025-04-21 00:00:00,ABCL,buy,2.45,53.72,22.02
2025-04-21 00:00:00,WOOF,buy,3.09,53.7,28.58
2025-04-21 00:00:00,CSTL,buy,21.14,53.49,27.18
2025-04-21 00:00:00,GLNG,buy,37.45,53.27,19.03
2025-04-21 00:00:00,MELI,buy,2056.43,53.15,15.96
2025-04-21 00:00:00,LENZ,buy,24.11,53.14,18.64
2025-04-21 00:00:00,AVDL,buy,7.96,53.13,20.64
2025-04-21 00:00:00,PINC,buy,19.32,53.01,17.12
2025-04-21 00:00:00,VITL,buy,33.06,52.75,10.07
2025-04-21 00:00:00,WBTN,buy,8.62,52.73,27.5
2025-04-21 00:00:00,SYBT,buy,68.08,52.13,14.17
2025-04-21 00:00:00,MRX,buy,37.07,51.89,23.79
2025-04-21 00:00:00,EBAY,buy,65.63,51.03,13.99
2025-04-21 00:00:00,TTEK,buy,30.0,50.95,22.2
2025-04-21 00:00:00,RPRX,buy,32.19,50.74,17.97
2025-04-21 00:00:00,NTES,buy,99.64,50.66,14.91
2025-04-21 00:00:00,AVT,buy,46.94,50.5,20.21
2025-04-21 00:00:00,LMAT,buy,84.72,50.02,18.29
2025-04-21 00:00:00,VFS,buy,3.16,49.98,18.81
2025-04-21 00:00:00,SAGE,buy,7.44,49.84,27.78
2025-04-21 00:00:00,RGEN,buy,131.64,49.82,24.21
2025-04-21 00:00:00,RLAY,buy,2.75,49.65,23.75
2025-04-21 00:00:00,CRSP,buy,37.82,49.62,20.57
2025-04-21 00:00:00,BBIO,buy,33.51,49.61,18.04
2025-04-21 00:00:00,NAGE,buy,6.53,49.57,20.61
2025-04-21 00:00:00,AVXL,buy,8.76,49.5,20.52
2025-04-21 00:00:00,CCB,buy,83.89,49.44,12.06
2025-04-21 00:00:00,GLPG,buy,24.64,49.38,23.97
2025-04-21 00:00:00,LKQ,buy,41.21,49.02,16.31
2025-04-21 00:00:00,MLYS,buy,13.24,48.99,23.88
2025-04-21 00:00:00,IIIV,buy,24.49,48.98,12.07
2025-04-21 00:00:00,IDXX,buy,406.65,48.94,25.17
2025-04-21 00:00:00,ITRI,buy,101.48,48.86,18.48
2025-04-21 00:00:00,REG,buy,70.78,48.73,27.0
2025-04-21 00:00:00,TYRA,buy,9.06,47.59,33.66
2025-04-21 00:00:00,HTHT,buy,34.45,47.26,21.33
2025-04-21 00:00:00,CVBF,buy,17.72,47.24,21.68
2025-04-21 00:00:00,BATRK,buy,38.21,46.93,20.68
2025-04-21 00:00:00,UVSP,buy,27.11,46.78,35.31
2025-04-21 00:00:00,TRMK,buy,32.69,46.67,20.73
2025-04-21 00:00:00,COO,buy,78.7,46.64,29.58
2025-04-21 00:00:00,RARE,buy,35.4,46.57,34.58
2025-04-21 00:00:00,BASE,buy,14.67,46.45,16.11
2025-04-21 00:00:00,CNXC,buy,46.87,46.44,16.05
2025-04-21 00:00:00,GRFS,buy,7.01,46.28,24.39
2025-04-21 00:00:00,APEI,buy,22.35,46.21,15.61
2025-04-21 00:00:00,CASH,buy,70.31,46.17,20.12
2025-04-21 00:00:00,SHLS,buy,3.25,46.17,14.55
2025-04-21 00:00:00,CORT,buy,62.9,46.02,22.25
2025-04-21 00:00:00,URBN,buy,47.91,46.01,14.53
2025-04-21 00:00:00,EXAS,buy,43.1,45.84,36.61
2025-04-21 00:00:00,NBIX,buy,100.68,45.77,40.54
2025-04-21 00:00:00,BPOP,buy,86.08,45.72,22.78
2025-04-21 00:00:00,ODD,buy,40.8,45.68,14.59
2025-04-21 00:00:00,TASK,buy,12.8,45.6,9.48
2025-04-21 00:00:00,PLXS,buy,121.02,45.5,
2025-04-21 00:00:00,GRAB,buy,4.07,45.38,17.51
2025-04-21 00:00:00,CAMT,buy,58.62,45.32,21.35
2025-04-21 00:00:00,DNLI,buy,13.15,45.15,29.17
2025-04-21 00:00:00,IONS,buy,28.51,45.09,35.15
2025-04-21 00:00:00,VNOM,buy,39.56,44.92,23.64
2025-04-21 00:00:00,GOOD,buy,14.11,44.87,51.31
2025-04-21 00:00:00,ICFI,buy,83.38,44.86,23.6
2025-04-21 00:00:00,IEP,buy,8.55,44.73,25.78
2025-04-21 00:00:00,OZK,buy,40.25,44.68,22.51
2025-04-21 00:00:00,EGBN,buy,20.07,44.66,22.61
2025-04-21 00:00:00,SRDX,buy,28.55,44.48,34.88
2025-04-21 00:00:00,RGTI,buy,8.11,44.4,9.77
2025-04-21 00:00:00,REAL,buy,5.27,44.35,16.21
2025-04-21 00:00:00,LYFT,buy,10.94,44.31,14.73
2025-04-21 00:00:00,LI,buy,23.21,44.25,25.74
2025-04-21 00:00:00,LAND,buy,9.745,44.21,36.9
2025-04-21 00:00:00,MOFG,buy,27.06,44.2,20.89
2025-04-21 00:00:00,OCFC,buy,15.73,44.2,18.31
2025-04-21 00:00:00,IBOC,buy,58.69,44.13,21.91
2025-04-21 00:00:00,SANM,buy,73.06,43.92,15.99
2025-04-21 00:00:00,AGIO,buy,27.34,43.72,33.91
2025-04-21 00:00:00,ALNY,buy,232.75,43.6,29.09
2025-04-21 00:00:00,GOGL,buy,7.12,43.59,27.06
2025-04-21 00:00:00,SOFI,buy,10.69,43.53,20.18
2025-04-21 00:00:00,FIBK,buy,25.99,43.36,21.31
2025-04-21 00:00:00,CHRD,buy,92.84,43.32,25.36
2025-04-21 00:00:00,TRUP,buy,34.01,43.32,23.6
2025-04-21 00:00:00,UAL,buy,65.3,43.18,25.72
2025-04-21 00:00:00,ARDX,buy,4.56,43.17,27.74
2025-04-21 00:00:00,GILD,buy,104.33,43.07,27.02
2025-04-21 00:00:00,FHB,buy,22.46,42.94,33.13
2025-04-21 00:00:00,BIDU,buy,82.98,42.84,23.32
2025-04-21 00:00:00,HWC,buy,48.18,42.82,21.17
2025-04-21 00:00:00,ATRC,buy,31.74,42.79,28.13
2025-04-21 00:00:00,MGTX,buy,5.65,42.71,25.17
2025-04-21 00:00:00,RGTIW,buy,2.61,42.69,9.76
2025-04-21 00:00:00,SWKS,buy,56.78,42.69,37.04
2025-04-21 00:00:00,COLL,buy,26.91,42.63,25.7
2025-04-21 00:00:00,VC,buy,71.67,42.55,19.12
2025-04-21 00:00:00,SAIA,buy,326.66,42.38,18.7
2025-04-21 00:00:00,STBA,buy,34.46,42.34,43.73
2025-04-21 00:00:00,VSAT,buy,8.33,42.26,21.29
2025-04-21 00:00:00,NXPI,buy,171.5,42.21,16.91
2025-04-21 00:00:00,TEM,buy,40.98,41.98,21.96
2025-04-21 00:00:00,HST,buy,13.51,41.96,26.6
2025-04-21 00:00:00,PLUS,buy,58.58,41.93,35.47
2025-04-21 00:00:00,TXRH,buy,159.52,41.9,26.44
2025-04-21 00:00:00,MFIC,buy,11.48,41.84,43.84
2025-04-21 00:00:00,COLB,buy,22.06,41.83,25.08
2025-04-21 00:00:00,KRNY,buy,5.88,41.83,17.95
2025-04-21 00:00:00,PNFP,buy,93.68,41.83,31.16
2025-04-21 00:00:00,BFST,buy,22.48,41.71,26.23
2025-04-21 00:00:00,ERII,buy,14.63,41.64,18.51
2025-04-21 00:00:00,EXPO,buy,78.23,41.57,12.98
2025-04-21 00:00:00,NPCE,buy,10.54,41.56,16.62
2025-04-21 00:00:00,STX,buy,73.93,41.5,25.77
2025-04-21 00:00:00,GDEN,buy,25.42,41.44,18.24
2025-04-21 00:00:00,CHX,buy,24.99,41.41,26.17
2025-04-21 00:00:00,RUM,buy,7.14,41.41,17.76
2025-04-21 00:00:00,URGN,buy,9.66,41.37,16.83
2025-04-21 00:00:00,ZION,buy,43.62,41.25,31.12
2025-04-21 00:00:00,EOLS,buy,10.38,41.23,33.38
2025-04-21 00:00:00,HTBK,buy,8.7,41.23,30.45
2025-04-21 00:00:00,BLKB,buy,60.75,41.17,30.22
2025-04-21 00:00:00,UPST,buy,39.75,41.09,24.16
2025-04-21 00:00:00,HFWA,buy,21.88,41.07,29.07
2025-04-21 00:00:00,QCOM,buy,136.14,41.04,30.35
2025-04-21 00:00:00,OMER,buy,6.7,41.0,20.37
2025-04-21 00:00:00,CTKB,buy,3.7,40.98,39.41
2025-04-21 00:00:00,COHU,buy,14.3,40.9,34.52
2025-04-21 00:00:00,POWI,buy,46.26,40.77,20.86
2025-04-21 00:00:00,SIRI,buy,20.16,40.75,25.34
2025-04-21 00:00:00,ODFL,buy,149.87,40.67,34.51
2025-04-21 00:00:00,TRST,buy,28.43,40.57,16.2
2025-04-21 00:00:00,APP,buy,228.13,40.56,22.63
2025-04-21 00:00:00,EWBC,buy,76.28,40.54,32.27
2025-04-21 00:00:00,NVMI,buy,172.87,40.41,20.7
2025-04-21 00:00:00,AEIS,buy,86.04,40.39,26.65
2025-04-21 00:00:00,TSCO,buy,49.59,40.38,19.9
2025-04-21 00:00:00,VMEO,buy,4.84,40.38,27.71
2025-04-21 00:00:00,GHRS,buy,9.17,40.33,24.29
2025-04-21 00:00:00,IMXI,buy,12.1,40.21,41.87
2025-04-21 00:00:00,JOYY,buy,39.28,40.18,25.31
2025-04-21 00:00:00,ARHS,buy,7.53,40.17,27.21
2025-04-21 00:00:00,SITM,buy,126.57,40.13,16.04
2025-04-21 00:00:00,INDI,buy,1.83,39.91,28.79
2025-04-21 00:00:00,SHBI,buy,12.39,39.9,30.84
2025-04-21 00:00:00,MSBI,buy,15.97,39.73,38.12
2025-04-21 00:00:00,SNY,buy,50.93,39.68,28.72
2025-04-21 00:00:00,QRVO,buy,58.2,39.62,
2025-04-21 00:00:00,MCHP,buy,39.43,39.61,32.12
2025-04-21 00:00:00,VCEL,buy,40.87,39.59,42.33
2025-04-21 00:00:00,JACK,buy,24.81,39.57,47.66
2025-04-21 00:00:00,CRUS,buy,85.78,39.55,30.59
2025-04-21 00:00:00,TCOM,buy,55.25,39.49,20.17
2025-04-21 00:00:00,CSIQ,buy,7.32,39.45,24.11
2025-04-21 00:00:00,ASTL,buy,4.85,39.39,51.7
2025-04-21 00:00:00,AMKR,buy,15.89,39.37,30.37
2025-04-21 00:00:00,SFIX,buy,3.0,39.37,17.71
2025-04-21 00:00:00,ROKU,buy,59.17,39.34,16.56
2025-04-21 00:00:00,NTAP,buy,81.68,39.33,30.79
2025-04-21 00:00:00,PYPL,buy,60.285,39.31,32.62
2025-04-21 00:00:00,BUSE,buy,19.89,39.24,27.26
2025-04-21 00:00:00,PI,buy,69.67,39.23,38.74
2025-04-21 00:00:00,ACLS,buy,45.23,39.2,32.99
2025-04-21 00:00:00,ELVN,buy,16.22,39.2,23.58
2025-04-21 00:00:00,CSX,buy,27.46,39.1,44.43
2025-04-21 00:00:00,WEST,buy,5.61,39.07,26.71
2025-04-21 00:00:00,CBLL,buy,14.93,39.02,53.53
2025-04-21 00:00:00,ADI,buy,174.99,39.0,19.69
2025-04-21 00:00:00,INTC,buy,18.84,38.99,12.84
2025-04-21 00:00:00,ON,buy,34.74,38.97,32.62
2025-04-21 00:00:00,FFIC,buy,11.49,38.96,46.77
2025-04-21 00:00:00,MITK,buy,7.68,38.96,34.28
2025-04-21 00:00:00,DCOM,buy,25.12,38.93,18.87
2025-04-21 00:00:00,GLBE,buy,31.7,38.9,34.17
2025-04-21 00:00:00,LSTR,buy,135.53,38.9,37.18
2025-04-21 00:00:00,DOOO,buy,32.79,38.86,27.3
2025-04-21 00:00:00,CROX,buy,89.46,38.83,
2025-04-21 00:00:00,TXG,buy,7.68,38.64,37.74
2025-04-21 00:00:00,HPK,buy,9.09,38.57,34.01
2025-04-21 00:00:00,PTON,buy,5.32,38.55,17.6
2025-04-21 00:00:00,OPEN,buy,0.933,38.54,22.83
2025-04-21 00:00:00,IPGP,buy,51.98,38.5,17.43
2025-04-21 00:00:00,VBTX,buy,21.53,38.48,20.28
2025-04-21 00:00:00,FORM,buy,24.99,38.45,24.83
2025-04-21 00:00:00,MRNA,buy,25.13,38.42,21.55
2025-04-21 00:00:00,CATY,buy,38.6,38.3,25.67
2025-04-21 00:00:00,DOMO,buy,6.82,38.28,19.53
2025-04-21 00:00:00,NBTB,buy,39.64,38.26,21.09
2025-04-21 00:00:00,CEVA,buy,22.68,38.25,27.49
2025-04-21 00:00:00,IPAR,buy,105.04,38.19,27.32
2025-04-21 00:00:00,BILI,buy,16.19,38.05,24.11
2025-04-21 00:00:00,FULT,buy,15.74,37.96,28.91
2025-04-21 00:00:00,ANDE,buy,37.28,37.93,26.27
2025-04-21 00:00:00,TCBK,buy,36.93,37.9,22.11
2025-04-21 00:00:00,FOXF,buy,19.59,37.88,28.73
2025-04-21 00:00:00,KLIC,buy,29.42,37.79,29.22
2025-04-21 00:00:00,SYNA,buy,48.95,37.65,37.04
2025-04-21 00:00:00,GFS,buy,31.36,37.57,22.06
2025-04-21 00:00:00,TIGR,buy,6.64,37.56,16.99
2025-04-21 00:00:00,OLED,buy,113.78,37.42,30.38
2025-04-21 00:00:00,EFSC,buy,48.3,37.4,23.06
2025-04-21 00:00:00,PLAB,buy,17.69,37.4,20.2
2025-04-21 00:00:00,ASO,buy,36.78,37.38,32.6
2025-04-21 00:00:00,GNTX,buy,21.29,37.25,42.3
2025-04-21 00:00:00,FUTU,buy,80.22,37.16,24.86
2025-04-21 00:00:00,IAC,buy,32.9,37.14,26.69
2025-04-21 00:00:00,QFIN,buy,35.49,37.13,21.61
2025-04-21 00:00:00,NMFC,buy,9.56,37.1,55.47
2025-04-21 00:00:00,SEAT,buy,2.43,37.07,38.28
2025-04-21 00:00:00,PCAR,buy,87.29,37.06,30.66
2025-04-21 00:00:00,LIND,buy,8.08,37.0,45.22
2025-04-21 00:00:00,ARRY,buy,4.18,36.99,39.9
2025-04-21 00:00:00,ARCB,buy,59.36,36.91,27.64
2025-04-21 00:00:00,RWAY,buy,9.03,36.67,38.28
2025-04-21 00:00:00,JBHT,buy,127.12,36.64,33.48
2025-04-21 00:00:00,VERA,buy,21.11,36.64,44.49
2025-04-21 00:00:00,TRS,buy,20.24,36.49,22.35
2025-04-21 00:00:00,ACDC,buy,4.65,36.46,27.88
2025-04-21 00:00:00,FISI,buy,22.29,36.34,19.85
2025-04-21 00:00:00,INMD,buy,14.8,36.11,37.04
2025-04-21 00:00:00,ENTG,buy,67.52,36.01,34.4
2025-04-21 00:00:00,ILMN,buy,72.0,36.01,38.48
2025-04-21 00:00:00,LSCC,buy,41.76,35.97,33.41
2025-04-21 00:00:00,KC,buy,11.0,35.88,23.55
2025-04-21 00:00:00,LOGI,buy,71.09,35.88,36.89
2025-04-21 00:00:00,BTBT,buy,1.76,35.83,20.96
2025-04-21 00:00:00,KALU,buy,53.65,35.7,34.52
2025-04-21 00:00:00,ADV,buy,1.23,35.59,32.77
2025-04-21 00:00:00,UCTT,buy,18.65,35.55,31.23
2025-04-21 00:00:00,NAMS,buy,16.26,35.49,36.11
2025-04-21 00:00:00,XPEL,buy,25.97,35.27,
2025-04-21 00:00:00,LFUS,buy,156.13,35.12,42.89
2025-04-21 00:00:00,DIOD,buy,35.03,35.03,40.83
2025-04-21 00:00:00,LULU,buy,253.91,35.01,26.29
2025-04-21 00:00:00,TCPC,buy,6.68,34.46,56.01
2025-04-21 00:00:00,NSIT,buy,132.08,34.36,29.48
2025-04-21 00:00:00,FIP,buy,3.48,34.32,35.91
2025-04-21 00:00:00,XRAY,buy,12.82,34.3,47.09
2025-04-21 00:00:00,NVCR,buy,15.58,34.24,35.49
2025-04-21 00:00:00,HRMY,buy,28.5,34.1,30.74
2025-04-21 00:00:00,SRPT,buy,55.23,34.08,54.88
2025-04-21 00:00:00,ICHR,buy,17.21,34.02,35.48
2025-04-21 00:00:00,HUBG,buy,31.64,34.01,41.05
2025-04-21 00:00:00,OB,buy,3.21,33.97,32.62
2025-04-21 00:00:00,AMPH,buy,23.5,33.93,43.59
2025-04-21 00:00:00,HTLD,buy,8.25,33.8,41.27
2025-04-21 00:00:00,FITB,buy,33.32,33.71,29.85
2025-04-21 00:00:00,ACGLN,buy,16.82,33.64,62.22
2025-04-21 00:00:00,BCAL,buy,12.6,33.57,15.64
2025-04-21 00:00:00,WEN,buy,12.59,33.52,41.97
2025-04-21 00:00:00,LILAK,buy,5.25,33.46,25.29
2025-04-21 00:00:00,SLAB,buy,90.43,33.3,39.11
2025-04-21 00:00:00,MEOH,buy,27.5,32.96,46.19
2025-04-21 00:00:00,OSBC,buy,14.68,32.82,47.67
2025-04-21 00:00:00,SVC,buy,1.83,32.7,23.56
2025-04-21 00:00:00,MIRM,buy,38.39,32.65,38.91
2025-04-21 00:00:00,ORRF,buy,26.8,32.5,27.84
2025-04-21 00:00:00,SCVL,buy,16.75,32.35,31.16
2025-04-21 00:00:00,LILA,buy,5.24,32.25,27.56
2025-04-21 00:00:00,NFBK,buy,9.57,32.17,32.38
2025-04-21 00:00:00,UDMY,buy,6.01,32.08,30.83
2025-04-21 00:00:00,CGNX,buy,23.49,31.86,44.74
2025-04-21 00:00:00,SIMO,buy,38.95,31.59,37.39
2025-04-21 00:00:00,ZD,buy,30.95,31.59,32.84
2025-04-21 00:00:00,GDYN,buy,12.98,31.5,27.56
2025-04-21 00:00:00,PSEC,buy,3.49,31.45,45.93
2025-04-21 00:00:00,WRD,buy,8.44,31.38,25.51
2025-04-21 00:00:00,RPAY,buy,4.36,31.13,45.83
2025-04-21 00:00:00,SHOO,buy,19.99,30.98,50.08
2025-04-21 00:00:00,KE,buy,13.19,30.13,40.0
2025-04-21 00:00:00,FLNC,buy,3.61,29.83,42.27
2025-04-21 00:00:00,CMCO,buy,12.98,29.77,50.56
2025-04-21 00:00:00,SGML,buy,7.0,29.16,33.56
2025-04-21 00:00:00,WB,buy,7.67,29.14,30.03
2025-04-21 00:00:00,PZZA,buy,30.88,29.09,37.48
2025-04-21 00:00:00,MAT,buy,14.55,28.71,46.51
2025-04-21 00:00:00,FTRE,buy,5.2,28.45,68.18
2025-04-21 00:00:00,ULCC,buy,3.06,28.25,52.34
2025-04-21 00:00:00,ALKS,buy,27.0,28.1,37.66
2025-04-21 00:00:00,PRTA,buy,9.3,28.03,42.35
2025-04-21 00:00:00,AZTA,buy,25.03,27.19,54.9
2025-04-21 00:00:00,IAS,buy,6.38,27.13,43.42
2025-04-21 00:00:00,CCRN,buy,14.13,27.1,51.56
2025-04-21 00:00:00,DVAX,buy,10.44,26.61,46.45
2025-04-21 00:00:00,QDEL,buy,24.56,26.47,47.07
2025-04-21 00:00:00,TMCI,buy,6.44,26.1,30.33
2025-04-21 00:00:00,OFIX,buy,12.92,24.92,39.54
2025-04-21 00:00:00,VREX,buy,7.21,24.88,45.69
2025-04-17 00:00:00,CUB,buy,10.27,67.04302579137871,31.609542267052586
2025-04-17 00:00:00,WYHG,buy,9.61,57.94622292711513,36.82671168008624
2025-04-17 00:00:00,RILYK,buy,22.15,56.07758295781064,37.90036369668419
2025-04-17 00:00:00,SENEB,buy,86.92,55.60630453844172,41.47974817294001
2025-04-17 00:00:00,BCAX,buy,14.5,53.86703294960925,21.21146856130365
2025-04-17 00:00:00,AGNCP,buy,25.29,53.73386863208487,42.64478368662777
2025-04-17 00:00:00,MDLZ,buy,66.19,53.05874552253557,23.42600553446372
2025-04-17 00:00:00,UMBFP,buy,25.348,52.978088007873126,42.6881139144247
2025-04-17 00:00:00,GEHC,buy,89.4,52.10212147648314,34.27623197869234
2025-04-17 00:00:00,METCL,buy,25.68,51.98398682525674,20.68632865050423
2025-04-17 00:00:00,HBANP,buy,18.24,51.3822829123562,20.847034936544063
2025-04-17 00:00:00,CCNEP,buy,24.63,51.132860214795336,20.13408579828792
2025-04-17 00:00:00,FER,buy,44.07,49.916140692414245,20.615270211372003
2025-04-17 00:00:00,ONBPP,buy,25.07,49.602287579578814,29.94107046371658
2025-04-17 00:00:00,FSUN,buy,41.33,49.2527072911046,22.58377118823228
2025-04-17 00:00:00,RADX,buy,5.7,49.03598467782688,47.68328382595212
2025-04-17 00:00:00,XOMAP,buy,24.95,47.350927702251546,20.583915631613376
2025-04-17 00:00:00,NEWTI,buy,25.0,46.18204875598658,21.919736179803884
2025-04-17 00:00:00,FTAIM,buy,26.1016,45.05209824561023,24.172775326374087
2025-04-17 00:00:00,FAST,buy,73.24,41.31763273471087,25.94989994756156
2025-04-17 00:00:00,AGNCL,buy,24.84,38.44802250406126,40.95953967986407
2025-04-17 00:00:00,NHPBP,buy,13.2921,33.5824170095682,29.111672973061747
2025-04-17,CUB,buy,10.27,67.04302579137871,31.609542267052586
2025-04-17,WYHG,buy,9.61,57.94622292711513,36.82671168008624
2025-04-17,RILYK,buy,22.15,56.07758295781064,37.90036369668419
2025-04-17,SENEB,buy,86.92,55.60630453844172,41.47974817294001
2025-04-17,BCAX,buy,14.5,53.86703294960925,21.21146856130365
2025-04-17,AGNCP,buy,25.29,53.73386863208487,42.64478368662777
2025-04-17,MDLZ,buy,66.19,53.05874552253557,23.42600553446372
2025-04-17,UMBFP,buy,25.348,52.978088007873126,42.6881139144247
2025-04-17,GEHC,buy,89.4,52.10212147648314,34.27623197869234
2025-04-17,METCL,buy,25.68,51.98398682525674,20.68632865050423
2025-04-17,HBANP,buy,18.24,51.3822829123562,20.847034936544063
2025-04-17,CCNEP,buy,24.63,51.132860214795336,20.13408579828792
2025-04-17,FER,buy,44.07,49.916140692414245,20.615270211372003
2025-04-17,ONBPP,buy,25.07,49.602287579578814,29.94107046371658
2025-04-17,FSUN,buy,41.33,49.2527072911046,22.58377118823228
2025-04-17,RADX,buy,5.7,49.03598467782688,47.68328382595212
2025-04-17,XOMAP,buy,24.95,47.350927702251546,20.583915631613376
2025-04-17,NEWTI,buy,25.0,46.18204875598658,21.919736179803884
2025-04-17,FTAIM,buy,26.1016,45.05209824561023,24.172775326374087
2025-04-17,FAST,buy,73.24,41.31763273471087,25.94989994756156
2025-04-17,AGNCL,buy,24.84,38.44802250406126,40.95953967986407
2025-04-17,NHPBP,buy,13.2921,33.5824170095682,29.111672973061747
2025-04-16 00:00:00,HTBK,buy,10.46,69.98986573799324,22.78924627546596
2025-04-16 00:00:00,OLED,buy,161.59,69.83867557251816,20.055024608304045
2025-04-16 00:00:00,RRBI,buy,58.95,68.40239063261046,21.274548825275662
2025-04-16 00:00:00,PANW,buy,201.88,68.17855124594227,20.051617696955937
2025-04-16 00:00:00,TMDX,buy,85.38,67.94548457132022,20.458653198040327
2025-04-16 00:00:00,WTFCP,buy,25.37,67.61973354196887,48.13872452947952
2025-04-16 00:00:00,CCRN,buy,18.21,67.55530450082956,53.43855164621564
2025-04-16 00:00:00,BAND,buy,19.61,67.42670554326207,20.035923576382626
2025-04-16 00:00:00,CERT,buy,13.53,66.64309095934296,33.5456095690965
2025-04-16 00:00:00,VC,buy,90.68,65.89852216641012,20.07476142314093
2025-04-16 00:00:00,TDUP,buy,3.28,65.75049733656823,23.79804005259984
2025-04-16 00:00:00,HWKN,buy,121.22,65.53029871283876,21.850082550840224
2025-04-16 00:00:00,PLMR,buy,150.44,65.47406057047954,28.40015538820117
2025-04-16 00:00:00,EXEEZ,buy,107.02,65.33989092228703,23.43032187803207
2025-04-16 00:00:00,DRVN,buy,17.86,65.26050658738602,20.18219812034948
2025-04-16 00:00:00,KLAC,buy,777.63,64.35559769555906,20.2612755913602
2025-04-16 00:00:00,HEPS,buy,3.63,64.02432267523855,20.21954674650535
2025-04-16 00:00:00,SFM,buy,158.34,63.64009359355023,20.051199352355308
2025-04-16 00:00:00,DGNX,buy,121.0,63.393095900391806,30.235150833958297
2025-04-16 00:00:00,CHSCO,buy,26.92,63.33090356185953,20.26398112151368
2025-04-16 00:00:00,PSEC,buy,4.45,62.04127587648245,21.13580391048367
2025-04-16 00:00:00,RYTM,buy,60.23,61.93766204085044,20.199492478274163
2025-04-16 00:00:00,AEVA,buy,7.17,61.89114503665753,42.85853240616398
2025-04-16 00:00:00,PSMT,buy,93.26,61.439752557487736,20.188542553883043
2025-04-16 00:00:00,ESGR,buy,333.97,61.30836263073144,20.792527147977243
2025-04-16 00:00:00,CRVL,buy,117.12,61.11822637752143,21.01106111176468
2025-04-16 00:00:00,CZR,buy,36.05,60.93905012068214,20.344380088641763
2025-04-16 00:00:00,CRESY,buy,11.96,60.89624956304497,20.854711963649063
2025-04-16 00:00:00,PAX,buy,12.21,60.79901279701375,20.06490788075681
2025-04-16 00:00:00,JD,buy,44.83,60.680543618504856,20.242888787017336
2025-04-16 00:00:00,REGN,buy,723.47,59.93094557741778,20.125298362775563
2025-04-16 00:00:00,GEGGL,buy,23.9,59.78132826553237,20.41451901660718
2025-04-16 00:00:00,PRTA,buy,15.81,59.48693924482805,20.470362643370624
2025-04-16 00:00:00,PZZA,buy,48.97,59.43330934475885,28.4510245955613
2025-04-16 00:00:00,CINF,buy,147.59,59.403859405699855,20.564292077445533
2025-04-16 00:00:00,WAY,buy,43.69,59.28468540176001,30.32007564477536
2025-04-16 00:00:00,LFUS,buy,249.22,59.02003345290217,20.21997493286685
2025-04-16 00:00:00,PERI,buy,8.68,59.00414449128428,20.962333216699896
2025-04-16 00:00:00,NYMT,buy,6.88,58.96096841418406,20.18031516603884
2025-04-16 00:00:00,SLMBP,buy,75.6899,58.49049304685234,20.065759805408124
2025-04-16 00:00:00,KALU,buy,73.96,57.959972038649575,20.954452757919054
2025-04-16 00:00:00,ACLX,buy,71.58,57.950611011496655,20.09777423703021
2025-04-16 00:00:00,FLGT,buy,18.32,57.73329262026097,20.1127667262676
2025-04-16 00:00:00,CGBDL,buy,26.14,57.18728085818554,31.50087017203612
2025-04-16 00:00:00,SCHL,buy,21.03,57.17910518412804,20.51497160153539
2025-04-16 00:00:00,NMRK,buy,14.44,57.06418416904312,20.69103942284445
2025-04-16 00:00:00,SWBI,buy,11.02,56.967309359733264,21.30977654347152
2025-04-16 00:00:00,AVDL,buy,8.15,56.74823743721063,22.87588819888217
2025-04-16 00:00:00,RBCAA,buy,76.69,56.71053272541483,20.92237897919158
2025-04-16 00:00:00,GAIN,buy,13.71,56.56340361477774,21.164778933166264
2025-04-16 00:00:00,STKL,buy,7.81,56.25419925561612,20.22700317179645
2025-04-16 00:00:00,MCBS,buy,34.69,55.71349078606923,20.6083135420141
2025-04-16 00:00:00,TRMD,buy,19.4,55.252405664076186,20.5798344105306
2025-04-16 00:00:00,BHF,buy,57.98,54.859906453676345,21.0260217990159
2025-04-16 00:00:00,COIN,buy,311.64,54.81120743415361,37.629413440620496
2025-04-16 00:00:00,EA,buy,142.97,54.691006589074085,22.041646276929782
2025-04-16 00:00:00,OSIS,buy,197.43,54.3600616782842,21.06441008695656
2025-04-16 00:00:00,MSEX,buy,62.3,54.21139456643852,36.79746414311565
2025-04-16 00:00:00,ETON,buy,14.08,54.165191128212,27.54771416477704
2025-04-16 00:00:00,MU,buy,99.41,54.1233076405163,20.72210992378136
2025-04-16 00:00:00,BSY,buy,49.74,53.99242158425093,20.704859270487862
2025-04-16 00:00:00,METCB,buy,7.85,53.55596406811125,22.063891226460186
2025-04-16 00:00:00,CME,buy,261.39,53.20429538520247,20.76381634560765
2025-04-16 00:00:00,AEP,buy,105.92,52.986967203354816,20.2954792339276
2025-04-16 00:00:00,FIVE,buy,81.49,52.96585895168053,20.58961368248768
2025-04-16 00:00:00,WSFS,buy,56.54,52.63648377782869,20.04680269275846
2025-04-16 00:00:00,NICE,buy,182.19,52.4257545063434,20.553820189957552
2025-04-16 00:00:00,SCVL,buy,23.0,52.35384250647187,29.87839745679992
2025-04-16 00:00:00,STOK,buy,7.56,52.07415481280769,37.21169682430512
2025-04-16 00:00:00,ALRM,buy,62.13,51.81125552415919,20.47488839363869
2025-04-16 00:00:00,NDAQ,buy,77.67,51.79968748683591,20.108625116073465
2025-04-16 00:00:00,VNOM,buy,45.37,51.538348340245136,20.814570056336063
2025-04-16 00:00:00,FWRG,buy,17.74,51.460680623587166,21.18777850731665
2025-04-16 00:00:00,RNW,buy,6.08,51.38139239486434,20.05285982980731
2025-04-16 00:00:00,CRESW,buy,0.885,51.24201022972839,20.622317384205445
2025-04-16 00:00:00,RPRX,buy,32.19,51.15113473062279,20.43769141157573
2025-04-16 00:00:00,BKNG,buy,4612.44,51.14863795655037,22.480689016866386
2025-04-16 00:00:00,NUVL,buy,76.66,50.97844983665036,20.928066571790065
2025-04-16 00:00:00,STEP,buy,56.54,50.85971494459223,20.56313007470169
2025-04-16 00:00:00,CATY,buy,48.33,50.85065375994603,20.680288286012978
2025-04-16 00:00:00,FRBA,buy,14.86,50.79842641800727,21.801077984830894
2025-04-16 00:00:00,RMBS,buy,56.82,50.74734289882178,21.271398169961664
2025-04-16 00:00:00,CRMT,buy,45.26,50.645249261095614,20.215669853024377
2025-04-16 00:00:00,NVDA,buy,112.2,50.35757944356234,26.56407981360398
2025-04-16 00:00:00,ESQ,buy,75.68,50.25047013530608,20.5154253060813
2025-04-16 00:00:00,MGEE,buy,94.18,50.22988769613145,23.77290951142668
2025-04-16 00:00:00,LMAT,buy,84.67,50.18026262749397,20.703193838997542
2025-04-16 00:00:00,AVPT,buy,14.83,50.10674937595443,24.960931060412413
2025-04-16 00:00:00,WBTN,buy,8.38,49.99942351377612,30.84611705291772
2025-04-16 00:00:00,RVMD,buy,36.2,49.85188539502812,25.239110166062364
2025-04-16 00:00:00,SIGA,buy,9.33,49.67947801310888,24.15530980564302
2025-04-16 00:00:00,NHPAP,buy,14.9836,49.48318362153433,20.06575000804168
2025-04-16 00:00:00,ARGX,buy,587.59,49.40951348026565,21.98102982911064
2025-04-16 00:00:00,DAKT,buy,13.25,49.35984779916528,32.98035120132381
2025-04-16 00:00:00,NEWTI,buy,25.075,49.14305559087048,21.29052937484537
2025-04-16 00:00:00,AKBA,buy,2.04,49.133285478878285,20.907872981608
2025-04-16 00:00:00,COCO,buy,35.15,49.11146304867569,20.2368011505686
2025-04-16 00:00:00,ALVO,buy,11.55,49.050702936152405,20.728286554427022
2025-04-16 00:00:00,LULU,buy,341.53,48.96302148914286,28.95190980083034
2025-04-16 00:00:00,UFPT,buy,208.43,48.93482825388881,20.20249754768327
2025-04-16 00:00:00,TLX,buy,16.54,48.76901815980504,22.49568434816724
2025-04-16 00:00:00,PARAA,buy,22.6,48.6751664846015,20.12547484439918
2025-04-16 00:00:00,NEO,buy,9.56,48.5896341710103,26.266468650818048
2025-04-16 00:00:00,INDV,buy,9.89,48.51597473538723,20.578278093614184
2025-04-16 00:00:00,RCAT,buy,6.16,48.35028934569496,20.43921460455971
2025-04-16 00:00:00,PGEN,buy,1.71,48.17071691267025,26.915155104886782
2025-04-16 00:00:00,PLAB,buy,23.48,47.95098400070678,20.693533362276177
2025-04-16 00:00:00,BVS,buy,9.8,47.76251073817348,23.403779618301567
2025-04-16 00:00:00,JANX,buy,28.69,47.74583245613391,20.23456274807111
2025-04-16 00:00:00,ABLLL,buy,25.4,47.68216452974478,28.07331019998465
2025-04-16 00:00:00,IMNM,buy,7.17,47.59338386800558,35.88847960349948
2025-04-16 00:00:00,SWKHL,buy,25.17,47.28380164635037,23.33007057565774
2025-04-16 00:00:00,MLTX,buy,40.12,47.05568497076769,20.111316585526275
2025-04-16 00:00:00,SPSC,buy,130.75,46.89569224497648,24.19666019512381
2025-04-16 00:00:00,CALM,buy,88.72,46.35223432615822,20.37413831894824
2025-04-16 00:00:00,ISRG,buy,488.27,46.29342333563465,24.26580680869408
2025-04-16 00:00:00,EXAS,buy,43.67,46.00183272434373,36.16073358418953
2025-04-16 00:00:00,ULH,buy,25.91,45.5196796806211,29.14047637404796
2025-04-16 00:00:00,FIBK,buy,29.25,45.38022282264525,20.665798166527857
2025-04-16 00:00:00,CTLP,buy,7.71,45.247287498009314,28.11373181197068
2025-04-16 00:00:00,SOUN,buy,9.85,44.82511979028887,20.655674149262698
2025-04-16 00:00:00,LAMR,buy,109.36,44.80408493240683,25.768053643655133
2025-04-16 00:00:00,DCBO,buy,29.4,44.72680707350612,36.74136202895522
2025-04-16 00:00:00,FSLR,buy,130.05,44.47562861475372,26.28809878410448
2025-04-16 00:00:00,BSVN,buy,39.27,44.22307624978457,22.422729758875203
2025-04-16 00:00:00,LAB,buy,1.16,44.17448817602035,20.174394385708304
2025-04-16 00:00:00,IESC,buy,179.37,44.06623341692169,20.30020381174685
2025-04-16 00:00:00,NOVT,buy,143.37,44.02169423715758,20.87806450006582
2025-04-16 00:00:00,MLKN,buy,19.22,43.739247960147885,32.577955254587295
2025-04-16 00:00:00,AUPH,buy,8.0,43.56645460001396,20.0780363293531
2025-04-16 00:00:00,CCCS,buy,8.84,43.54706078262449,31.924037020962007
2025-04-16 00:00:00,FFIV,buy,270.08,43.51658533012532,20.009038929615684
2025-04-16 00:00:00,RUMBW,buy,2.41,43.42898066190995,24.573012444559108
2025-04-16 00:00:00,DNUT,buy,9.07,43.131438122266765,23.14821658368726
2025-04-16 00:00:00,ZG,buy,68.8,42.82176673666709,29.76838688076799
2025-04-16 00:00:00,LUNR,buy,7.79,42.43110590908067,23.861734488310923
2025-04-16 00:00:00,TWST,buy,39.26,41.99029284147446,20.54405995370237
2025-04-16 00:00:00,MGRC,buy,112.4,41.75136243550632,21.240010274188187
2025-04-16 00:00:00,OSPN,buy,15.91,41.68368104817663,29.432056685999537
2025-04-16 00:00:00,DOOO,buy,34.16,41.469685023922494,24.673039618951258
2025-04-16 00:00:00,HELE,buy,57.24,41.401626204626496,20.984755696260784
2025-04-16 00:00:00,CRDO,buy,44.95,41.36930578024961,25.190205785026627
2025-04-16 00:00:00,SITM,buy,156.4,41.18912485850951,21.22627557284328
2025-04-16 00:00:00,SFD,buy,18.95,40.78217071412378,20.437290935861263
2025-04-16 00:00:00,MXL,buy,12.74,40.489485870712905,26.495807368074995
2025-04-16 00:00:00,QCRH,buy,71.96,39.93901609208114,31.87480283552673
2025-04-16 00:00:00,UPBD,buy,24.42,39.80343667679242,27.62774251068421
2025-04-16 00:00:00,MORN,buy,290.88,39.42323754251625,20.14599494641855
2025-04-16 00:00:00,AIOT,buy,5.59,39.381145679162366,20.11769743422468
2025-04-16 00:00:00,NRIM,buy,73.25,39.25533923646661,20.627442187523705
2025-04-16 00:00:00,PENG,buy,17.46,39.14933293511899,20.625179173504417
2025-04-16 00:00:00,NEWTG,buy,24.72,39.02870090397748,20.90867519274866
2025-04-16 00:00:00,ARM,buy,114.93,38.8813826151563,22.002633152091686
2025-04-16 00:00:00,OLPX,buy,1.34,38.77084413332867,20.57370095644215
2025-04-16 00:00:00,LPLA,buy,312.75,38.493768674484215,20.746367665756647
2025-04-16 00:00:00,AXON,buy,593.42,38.46859809283988,20.25150091768154
2025-04-16 00:00:00,LLYVK,buy,63.47,37.91352268642251,20.06735126895558
2025-04-16 00:00:00,DLO,buy,8.87,37.78371891034216,35.17881641850253
2025-04-16 00:00:00,WSC,buy,34.28,37.56804448580561,20.051964855306704
2025-04-16 00:00:00,DJT,buy,19.83,37.48198600533683,28.74384959721505
2025-04-16 00:00:00,RICK,buy,44.57,37.41611378754951,26.23932285099241
2025-04-16 00:00:00,AGYS,buy,73.11,37.22025799940586,35.948459651058826
2025-04-16 00:00:00,ARLP,buy,24.665,35.87386570082269,21.86954877591482
2025-04-16 00:00:00,IPGP,buy,58.78,35.03396160242196,23.19422644179976
2025-04-16 00:00:00,TW,buy,130.6,34.98169317580602,39.080908249272
2025-04-16 00:00:00,PDCO,buy,30.94,33.74105200323936,52.112638467083904
2025-04-16 00:00:00,ORRF,buy,34.33,33.545597618411875,20.52322604712706
2025-04-16 00:00:00,PRAA,buy,17.94,32.95641329170119,20.293488964312512
2025-04-16 00:00:00,TRINI,buy,25.09,32.07891572761638,20.024176468411333
2025-04-16 00:00:00,TSEM,buy,45.5,31.48231208327369,39.69881763742081
2025-04-16,HTBK,buy,10.46,69.98986573799324,22.78924627546596
2025-04-16,OLED,buy,161.59,69.83867557251816,20.055024608304045
2025-04-16,RRBI,buy,58.95,68.40239063261046,21.274548825275662
2025-04-16,PANW,buy,201.88,68.17855124594227,20.051617696955937
2025-04-16,TMDX,buy,85.38,67.94548457132022,20.458653198040327
2025-04-16,WTFCP,buy,25.37,67.61973354196887,48.13872452947952
2025-04-16,CCRN,buy,18.21,67.55530450082956,53.43855164621564
2025-04-16,BAND,buy,19.61,67.42670554326207,20.035923576382626
2025-04-16,CERT,buy,13.53,66.64309095934296,33.5456095690965
2025-04-16,VC,buy,90.68,65.89852216641012,20.07476142314093
2025-04-16,TDUP,buy,3.28,65.75049733656823,23.79804005259984
2025-04-16,HWKN,buy,121.22,65.53029871283876,21.850082550840224
2025-04-16,PLMR,buy,150.44,65.47406057047954,28.40015538820117
2025-04-16,EXEEZ,buy,107.02,65.33989092228703,23.43032187803207
2025-04-16,DRVN,buy,17.86,65.26050658738602,20.18219812034948
2025-04-16,KLAC,buy,777.63,64.35559769555906,20.2612755913602
2025-04-16,HEPS,buy,3.63,64.02432267523855,20.21954674650535
2025-04-16,SFM,buy,158.34,63.64009359355023,20.051199352355308
2025-04-16,DGNX,buy,121.0,63.393095900391806,30.235150833958297
2025-04-16,CHSCO,buy,26.92,63.33090356185953,20.26398112151368
2025-04-16,PSEC,buy,4.45,62.04127587648245,21.13580391048367
2025-04-16,RYTM,buy,60.23,61.93766204085044,20.199492478274163
2025-04-16,AEVA,buy,7.17,61.89114503665753,42.85853240616398
2025-04-16,PSMT,buy,93.26,61.439752557487736,20.188542553883043
2025-04-16,ESGR,buy,333.97,61.30836263073144,20.792527147977243
2025-04-16,CRVL,buy,117.12,61.11822637752143,21.01106111176468
2025-04-16,CZR,buy,36.05,60.93905012068214,20.344380088641763
2025-04-16,CRESY,buy,11.96,60.89624956304497,20.854711963649063
2025-04-16,PAX,buy,12.21,60.79901279701375,20.06490788075681
2025-04-16,JD,buy,44.83,60.680543618504856,20.242888787017336
2025-04-16,REGN,buy,723.47,59.93094557741778,20.125298362775563
2025-04-16,GEGGL,buy,23.9,59.78132826553237,20.41451901660718
2025-04-16,PRTA,buy,15.81,59.48693924482805,20.470362643370624
2025-04-16,PZZA,buy,48.97,59.43330934475885,28.4510245955613
2025-04-16,CINF,buy,147.59,59.403859405699855,20.564292077445533
2025-04-16,WAY,buy,43.69,59.28468540176001,30.32007564477536
2025-04-16,LFUS,buy,249.22,59.02003345290217,20.21997493286685
2025-04-16,PERI,buy,8.68,59.00414449128428,20.962333216699896
2025-04-16,NYMT,buy,6.88,58.96096841418406,20.18031516603884
2025-04-16,SLMBP,buy,75.6899,58.49049304685234,20.065759805408124
2025-04-16,KALU,buy,73.96,57.959972038649575,20.954452757919054
2025-04-16,ACLX,buy,71.58,57.950611011496655,20.09777423703021
2025-04-16,FLGT,buy,18.32,57.73329262026097,20.1127667262676
2025-04-16,CGBDL,buy,26.14,57.18728085818554,31.50087017203612
2025-04-16,SCHL,buy,21.03,57.17910518412804,20.51497160153539
2025-04-16,NMRK,buy,14.44,57.06418416904312,20.69103942284445
2025-04-16,SWBI,buy,11.02,56.967309359733264,21.30977654347152
2025-04-16,AVDL,buy,8.15,56.74823743721063,22.87588819888217
2025-04-16,RBCAA,buy,76.69,56.71053272541483,20.92237897919158
2025-04-16,GAIN,buy,13.71,56.56340361477774,21.164778933166264
2025-04-16,STKL,buy,7.81,56.25419925561612,20.22700317179645
2025-04-16,MCBS,buy,34.69,55.71349078606923,20.6083135420141
2025-04-16,TRMD,buy,19.4,55.252405664076186,20.5798344105306
2025-04-16,BHF,buy,57.98,54.859906453676345,21.0260217990159
2025-04-16,COIN,buy,311.64,54.81120743415361,37.629413440620496
2025-04-16,EA,buy,142.97,54.691006589074085,22.041646276929782
2025-04-16,OSIS,buy,197.43,54.3600616782842,21.06441008695656
2025-04-16,MSEX,buy,62.3,54.21139456643852,36.79746414311565
2025-04-16,ETON,buy,14.08,54.165191128212,27.54771416477704
2025-04-16,MU,buy,99.41,54.1233076405163,20.72210992378136
2025-04-16,BSY,buy,49.74,53.99242158425093,20.704859270487862
2025-04-16,METCB,buy,7.85,53.55596406811125,22.063891226460186
2025-04-16,CME,buy,261.39,53.20429538520247,20.76381634560765
2025-04-16,AEP,buy,105.92,52.986967203354816,20.2954792339276
2025-04-16,FIVE,buy,81.49,52.96585895168053,20.58961368248768
2025-04-16,WSFS,buy,56.54,52.63648377782869,20.04680269275846
2025-04-16,NICE,buy,182.19,52.4257545063434,20.553820189957552
2025-04-16,SCVL,buy,23.0,52.35384250647187,29.87839745679992
2025-04-16,STOK,buy,7.56,52.07415481280769,37.21169682430512
2025-04-16,ALRM,buy,62.13,51.81125552415919,20.47488839363869
2025-04-16,NDAQ,buy,77.67,51.79968748683591,20.108625116073465
2025-04-16,VNOM,buy,45.37,51.538348340245136,20.814570056336063
2025-04-16,FWRG,buy,17.74,51.460680623587166,21.18777850731665
2025-04-16,RNW,buy,6.08,51.38139239486434,20.05285982980731
2025-04-16,CRESW,buy,0.885,51.24201022972839,20.622317384205445
2025-04-16,RPRX,buy,32.19,51.15113473062279,20.43769141157573
2025-04-16,BKNG,buy,4612.44,51.14863795655037,22.480689016866386
2025-04-16,NUVL,buy,76.66,50.97844983665036,20.928066571790065
2025-04-16,STEP,buy,56.54,50.85971494459223,20.56313007470169
2025-04-16,CATY,buy,48.33,50.85065375994603,20.680288286012978
2025-04-16,FRBA,buy,14.86,50.79842641800727,21.801077984830894
2025-04-16,RMBS,buy,56.82,50.74734289882178,21.271398169961664
2025-04-16,CRMT,buy,45.26,50.645249261095614,20.215669853024377
2025-04-16,NVDA,buy,112.2,50.35757944356234,26.56407981360398
2025-04-16,ESQ,buy,75.68,50.25047013530608,20.5154253060813
2025-04-16,MGEE,buy,94.18,50.22988769613145,23.77290951142668
2025-04-16,LMAT,buy,84.67,50.18026262749397,20.703193838997542
2025-04-16,AVPT,buy,14.83,50.10674937595443,24.960931060412413
2025-04-16,WBTN,buy,8.38,49.99942351377612,30.84611705291772
2025-04-16,RVMD,buy,36.2,49.85188539502812,25.239110166062364
2025-04-16,SIGA,buy,9.33,49.67947801310888,24.15530980564302
2025-04-16,NHPAP,buy,14.9836,49.48318362153433,20.06575000804168
2025-04-16,ARGX,buy,587.59,49.40951348026565,21.98102982911064
2025-04-16,DAKT,buy,13.25,49.35984779916528,32.98035120132381
2025-04-16,NEWTI,buy,25.075,49.14305559087048,21.29052937484537
2025-04-16,AKBA,buy,2.04,49.133285478878285,20.907872981608
2025-04-16,COCO,buy,35.15,49.11146304867569,20.2368011505686
2025-04-16,ALVO,buy,11.55,49.050702936152405,20.728286554427022
2025-04-16,LULU,buy,341.53,48.96302148914286,28.95190980083034
2025-04-16,UFPT,buy,208.43,48.93482825388881,20.20249754768327
2025-04-16,TLX,buy,16.54,48.76901815980504,22.49568434816724
2025-04-16,PARAA,buy,22.6,48.6751664846015,20.12547484439918
2025-04-16,NEO,buy,9.56,48.5896341710103,26.266468650818048
2025-04-16,INDV,buy,9.89,48.51597473538723,20.578278093614184
2025-04-16,RCAT,buy,6.16,48.35028934569496,20.43921460455971
2025-04-16,PGEN,buy,1.71,48.17071691267025,26.915155104886782
2025-04-16,PLAB,buy,23.48,47.95098400070678,20.693533362276177
2025-04-16,BVS,buy,9.8,47.76251073817348,23.403779618301567
2025-04-16,JANX,buy,28.69,47.74583245613391,20.23456274807111
2025-04-16,ABLLL,buy,25.4,47.68216452974478,28.07331019998465
2025-04-16,IMNM,buy,7.17,47.59338386800558,35.88847960349948
2025-04-16,SWKHL,buy,25.17,47.28380164635037,23.33007057565774
2025-04-16,MLTX,buy,40.12,47.05568497076769,20.111316585526275
2025-04-16,SPSC,buy,130.75,46.89569224497648,24.19666019512381
2025-04-16,CALM,buy,88.72,46.35223432615822,20.37413831894824
2025-04-16,ISRG,buy,488.27,46.29342333563465,24.26580680869408
2025-04-16,EXAS,buy,43.67,46.00183272434373,36.16073358418953
2025-04-16,ULH,buy,25.91,45.5196796806211,29.14047637404796
2025-04-16,FIBK,buy,29.25,45.38022282264525,20.665798166527857
2025-04-16,CTLP,buy,7.71,45.247287498009314,28.11373181197068
2025-04-16,SOUN,buy,9.85,44.82511979028887,20.655674149262698
2025-04-16,LAMR,buy,109.36,44.80408493240683,25.768053643655133
2025-04-16,DCBO,buy,29.4,44.72680707350612,36.74136202895522
2025-04-16,FSLR,buy,130.05,44.47562861475372,26.28809878410448
2025-04-16,BSVN,buy,39.27,44.22307624978457,22.422729758875203
2025-04-16,LAB,buy,1.16,44.17448817602035,20.174394385708304
2025-04-16,IESC,buy,179.37,44.06623341692169,20.30020381174685
2025-04-16,NOVT,buy,143.37,44.02169423715758,20.87806450006582
2025-04-16,MLKN,buy,19.22,43.739247960147885,32.577955254587295
2025-04-16,AUPH,buy,8.0,43.56645460001396,20.0780363293531
2025-04-16,CCCS,buy,8.84,43.54706078262449,31.924037020962007
2025-04-16,FFIV,buy,270.08,43.51658533012532,20.009038929615684
2025-04-16,RUMBW,buy,2.41,43.42898066190995,24.573012444559108
2025-04-16,DNUT,buy,9.07,43.131438122266765,23.14821658368726
2025-04-16,ZG,buy,68.8,42.82176673666709,29.76838688076799
2025-04-16,LUNR,buy,7.79,42.43110590908067,23.861734488310923
2025-04-16,TWST,buy,39.26,41.99029284147446,20.54405995370237
2025-04-16,MGRC,buy,112.4,41.75136243550632,21.240010274188187
2025-04-16,OSPN,buy,15.91,41.68368104817663,29.432056685999537
2025-04-16,DOOO,buy,34.16,41.469685023922494,24.673039618951258
2025-04-16,HELE,buy,57.24,41.401626204626496,20.984755696260784
2025-04-16,CRDO,buy,44.95,41.36930578024961,25.190205785026627
2025-04-16,SITM,buy,156.4,41.18912485850951,21.22627557284328
2025-04-16,SFD,buy,18.95,40.78217071412378,20.437290935861263
2025-04-16,MXL,buy,12.74,40.489485870712905,26.495807368074995
2025-04-16,QCRH,buy,71.96,39.93901609208114,31.87480283552673
2025-04-16,UPBD,buy,24.42,39.80343667679242,27.62774251068421
2025-04-16,MORN,buy,290.88,39.42323754251625,20.14599494641855
2025-04-16,AIOT,buy,5.59,39.381145679162366,20.11769743422468
2025-04-16,NRIM,buy,73.25,39.25533923646661,20.627442187523705
2025-04-16,PENG,buy,17.46,39.14933293511899,20.625179173504417
2025-04-16,NEWTG,buy,24.72,39.02870090397748,20.90867519274866
2025-04-16,ARM,buy,114.93,38.8813826151563,22.002633152091686
2025-04-16,OLPX,buy,1.34,38.77084413332867,20.57370095644215
2025-04-16,LPLA,buy,312.75,38.493768674484215,20.746367665756647
2025-04-16,AXON,buy,593.42,38.46859809283988,20.25150091768154
2025-04-16,LLYVK,buy,63.47,37.91352268642251,20.06735126895558
2025-04-16,DLO,buy,8.87,37.78371891034216,35.17881641850253
2025-04-16,WSC,buy,34.28,37.56804448580561,20.051964855306704
2025-04-16,DJT,buy,19.83,37.48198600533683,28.74384959721505
2025-04-16,RICK,buy,44.57,37.41611378754951,26.23932285099241
2025-04-16,AGYS,buy,73.11,37.22025799940586,35.948459651058826
2025-04-16,ARLP,buy,24.665,35.87386570082269,21.86954877591482
2025-04-16,IPGP,buy,58.78,35.03396160242196,23.19422644179976
2025-04-16,TW,buy,130.6,34.98169317580602,39.080908249272
2025-04-16,PDCO,buy,30.94,33.74105200323936,52.112638467083904
2025-04-16,ORRF,buy,34.33,33.545597618411875,20.52322604712706
2025-04-16,PRAA,buy,17.94,32.95641329170119,20.293488964312512
2025-04-16,TRINI,buy,25.09,32.07891572761638,20.024176468411333
2025-04-16,TSEM,buy,45.5,31.48231208327369,39.69881763742081
2025-04-15 00:00:00,CORT,sell,69.59,50.92951668514532,25.85768505646704
2025-04-15 00:00:00,MKTX,buy,223.98,62.48504372775295,23.69570889784148
2025-04-15 00:00:00,ANIP,buy,69.55,61.5318448143816,26.493090545135072
2025-04-15 00:00:00,MNST,buy,58.64,58.70822296972828,35.405506944505866
2025-04-15 00:00:00,SSRM,buy,10.81,58.30207385581835,22.942915256836404
2025-04-15 00:00:00,ALTI,buy,3.31,58.19340185713671,26.265569623875884
2025-04-15 00:00:00,HSTM,buy,32.7,57.18721413776434,38.16028332143615
2025-04-15 00:00:00,GAIN,buy,13.71,56.56340361477774,21.164778933166264
2025-04-15 00:00:00,GGAL,buy,59.53,56.33281059752174,23.69281035700253
2025-04-15 00:00:00,CART,buy,41.86,55.94612510319177,24.6628350801417
2025-04-15 00:00:00,FCFS,buy,120.97,55.14958211974957,23.38068657438725
2025-04-15 00:00:00,ORLY,buy,1397.93,54.88271573734186,22.451643563490737
2025-04-15 00:00:00,ABSI,buy,3.12,54.66000436928384,28.45491765213494
2025-04-15 00:00:00,KMTS,buy,24.13,54.46199339291478,34.09850180226981
2025-04-15 00:00:00,LZMH,buy,8.78,54.15889185725867,28.851861221875307
2025-04-15 00:00:00,UPB,buy,7.77,53.86603669223747,27.13649536422478
2025-04-15 00:00:00,CSTL,buy,21.05,53.5748554381973,29.081620117521418
2025-04-15 00:00:00,SATL,buy,3.91,53.39112124720388,21.58933438967872
2025-04-15 00:00:00,ABCL,buy,2.43,53.00137439863334,24.413952909666826
2025-04-15 00:00:00,CRSP,buy,38.95,52.74612001424169,24.73060923982009
2025-04-15 00:00:00,DSGX,buy,103.58,52.702811915905535,27.998781384982543
2025-04-15 00:00:00,CSWI,buy,297.68,52.70232909643614,29.630643096505263
2025-04-15 00:00:00,CLOV,buy,3.72,52.14461033656409,28.877666557465524
2025-04-15 00:00:00,NWS,buy,30.52,51.92236413496529,27.580886571026905
2025-04-15 00:00:00,BKNG,buy,4612.44,51.14863795655037,22.480689016866386
2025-04-15 00:00:00,MSFT,buy,385.73,50.88705468226027,23.61441157634548
2025-04-15 00:00:00,USLM,buy,92.53,50.81152991445366,22.51418207313754
2025-04-15 00:00:00,IBKR,buy,173.43,50.69123889128232,27.08335529202709
2025-04-15 00:00:00,KRUS,buy,53.99,50.38105945260212,24.617408027824894
2025-04-15 00:00:00,NVDA,buy,112.2,50.35757944356234,26.56407981360398
2025-04-15 00:00:00,AVPT,buy,14.83,50.10674937595443,24.960931060412413
2025-04-15 00:00:00,AVPTW,buy,4.68,49.91529763603734,28.248147742784223
2025-04-15 00:00:00,CHEF,buy,53.55,49.8077382922076,31.78594044990912
2025-04-15 00:00:00,AVGO,buy,178.95,49.686010150172685,24.23954247822736
2025-04-15 00:00:00,PARAA,buy,22.6,48.6751664846015,20.12547484439918
2025-04-15 00:00:00,OSW,buy,16.98,48.391970961797256,24.978450665909808
2025-04-15 00:00:00,ALGN,buy,164.15,48.36673672206516,24.844316526685585
2025-04-15 00:00:00,CEG,buy,208.42,47.61301870572456,26.57636933808208
2025-04-15 00:00:00,SPSC,buy,130.75,46.89569224497648,24.19666019512381
2025-04-15 00:00:00,ISRG,buy,488.27,46.29342333563465,24.26580680869408
2025-04-15 00:00:00,EXAS,buy,43.67,46.00183272434373,36.16073358418953
2025-04-15 00:00:00,ULH,buy,25.91,45.5196796806211,29.14047637404796
2025-04-15 00:00:00,CTLP,buy,7.71,45.247287498009314,28.11373181197068
2025-04-15 00:00:00,LAMR,buy,109.36,44.80408493240683,25.768053643655133
2025-04-15 00:00:00,DCBO,buy,29.4,44.72680707350612,36.74136202895522
2025-04-15 00:00:00,CCCS,buy,8.84,43.54706078262449,31.924037020962007
2025-04-15 00:00:00,RUMBW,buy,2.41,43.42898066190995,24.573012444559108
2025-04-15 00:00:00,ARKO,buy,3.98,42.32224811630999,26.364015424291985
2025-04-15 00:00:00,DOOO,buy,34.16,41.469685023922494,24.673039618951258
2025-04-15,CORT,sell,69.59,50.92951668514532,25.85768505646704
2025-04-15,MKTX,buy,223.98,62.48504372775295,23.69570889784148
2025-04-15,ANIP,buy,69.55,61.5318448143816,26.493090545135072
2025-04-15,MNST,buy,58.64,58.70822296972828,35.405506944505866
2025-04-15,SSRM,buy,10.81,58.30207385581835,22.942915256836404
2025-04-15,ALTI,buy,3.31,58.19340185713671,26.265569623875884
2025-04-15,HSTM,buy,32.7,57.18721413776434,38.16028332143615
2025-04-15,GAIN,buy,13.71,56.56340361477774,21.164778933166264
2025-04-15,GGAL,buy,59.53,56.33281059752174,23.69281035700253
2025-04-15,CART,buy,41.86,55.94612510319177,24.6628350801417
2025-04-15,FCFS,buy,120.97,55.14958211974957,23.38068657438725
2025-04-15,ORLY,buy,1397.93,54.88271573734186,22.451643563490737
2025-04-15,ABSI,buy,3.12,54.66000436928384,28.45491765213494
2025-04-15,KMTS,buy,24.13,54.46199339291478,34.09850180226981
2025-04-15,LZMH,buy,8.78,54.15889185725867,28.851861221875307
2025-04-15,UPB,buy,7.77,53.86603669223747,27.13649536422478
2025-04-15,CSTL,buy,21.05,53.5748554381973,29.081620117521418
2025-04-15,SATL,buy,3.91,53.39112124720388,21.58933438967872
2025-04-15,ABCL,buy,2.43,53.00137439863334,24.413952909666826
2025-04-15,CRSP,buy,38.95,52.74612001424169,24.73060923982009
2025-04-15,DSGX,buy,103.58,52.702811915905535,27.998781384982543
2025-04-15,CSWI,buy,297.68,52.70232909643614,29.630643096505263
2025-04-15,CLOV,buy,3.72,52.14461033656409,28.877666557465524
2025-04-15,NWS,buy,30.52,51.92236413496529,27.580886571026905
2025-04-15,BKNG,buy,4612.44,51.14863795655037,22.480689016866386
2025-04-15,MSFT,buy,385.73,50.88705468226027,23.61441157634548
2025-04-15,USLM,buy,92.53,50.81152991445366,22.51418207313754
2025-04-15,IBKR,buy,173.43,50.69123889128232,27.08335529202709
2025-04-15,KRUS,buy,53.99,50.38105945260212,24.617408027824894
2025-04-15,NVDA,buy,112.2,50.35757944356234,26.56407981360398
2025-04-15,AVPT,buy,14.83,50.10674937595443,24.960931060412413
2025-04-15,AVPTW,buy,4.68,49.91529763603734,28.248147742784223
2025-04-15,CHEF,buy,53.55,49.8077382922076,31.78594044990912
2025-04-15,AVGO,buy,178.95,49.686010150172685,24.23954247822736
2025-04-15,PARAA,buy,22.6,48.6751664846015,20.12547484439918
2025-04-15,OSW,buy,16.98,48.391970961797256,24.978450665909808
2025-04-15,ALGN,buy,164.15,48.36673672206516,24.844316526685585
2025-04-15,CEG,buy,208.42,47.61301870572456,26.57636933808208
2025-04-15,SPSC,buy,130.75,46.89569224497648,24.19666019512381
2025-04-15,ISRG,buy,488.27,46.29342333563465,24.26580680869408
2025-04-15,EXAS,buy,43.67,46.00183272434373,36.16073358418953
2025-04-15,ULH,buy,25.91,45.5196796806211,29.14047637404796
2025-04-15,CTLP,buy,7.71,45.247287498009314,28.11373181197068
2025-04-15,LAMR,buy,109.36,44.80408493240683,25.768053643655133
2025-04-15,DCBO,buy,29.4,44.72680707350612,36.74136202895522
2025-04-15,CCCS,buy,8.84,43.54706078262449,31.924037020962007
2025-04-15,RUMBW,buy,2.41,43.42898066190995,24.573012444559108
2025-04-15,ARKO,buy,3.98,42.32224811630999,26.364015424291985
2025-04-15,DOOO,buy,34.16,41.469685023922494,24.673039618951258
2025-04-14 00:00:00,VLGEA,sell,35.63,53.08700366926493,23.66130043007658
2025-04-14 00:00:00,COOP,sell,115.89,52.308647582307046,25.06811455358872
2025-04-14 00:00:00,GRPN,buy,18.94,69.05520097248164,29.95212355889245
2025-04-14 00:00:00,SDGR,buy,26.54,68.70663628319184,20.89268516002728
2025-04-14 00:00:00,ESLT,buy,408.29,66.28022240166615,29.81079737235048
2025-04-14 00:00:00,EXEEZ,buy,107.02,65.33989092228704,23.17390442734825
2025-04-14 00:00:00,HNRG,buy,13.79,63.89965554276842,23.34308676644288
2025-04-14 00:00:00,STNE,buy,11.76,63.267765595487646,22.47806531637864
2025-04-14 00:00:00,ESGR,buy,333.97,61.30836263073144,20.793095389587048
2025-04-14 00:00:00,PRVA,buy,24.05,57.96252700821888,23.24216540537704
2025-04-14 00:00:00,USAR,buy,11.75,57.52772787101065,22.02620765092029
2025-04-14 00:00:00,GTX,buy,9.05,56.64683220641663,22.08007184215836
2025-04-14 00:00:00,BNTX,buy,102.34,56.53774916645925,21.52500668904891
2025-04-14 00:00:00,BYRN,buy,20.43,56.04213035251093,23.099700428626097
2025-04-14 00:00:00,FA,buy,15.01,54.859491646416544,23.134345626487065
2025-04-14 00:00:00,BBCP,buy,5.99,54.64520978973284,29.218526247866787
2025-04-14 00:00:00,TTEK,buy,30.42,53.86068775842667,24.86381350273422
2025-04-14 00:00:00,AAON,buy,84.01,51.79276308966138,25.037901161403987
2025-04-14 00:00:00,FWRG,buy,17.74,51.460680623587166,21.18777850731665
2025-04-14 00:00:00,VCYT,buy,32.14,51.25974065286709,26.80742560908278
2025-04-14 00:00:00,PGNY,buy,22.08,50.85841939929534,22.531855121936218
2025-04-14 00:00:00,CYBR,buy,343.35,50.68035392881083,22.74772046254227
2025-04-14 00:00:00,CDNA,buy,18.9,50.39107597269648,22.22209387685828
2025-04-14 00:00:00,KLTR,buy,1.95,50.30104327117607,21.52665488946017
2025-04-14 00:00:00,DBX,buy,26.74,48.97539224517076,21.648651301947417
2025-04-14 00:00:00,UFPT,buy,208.43,48.93482825388881,20.20249754768327
2025-04-14 00:00:00,PLTK,buy,5.04,48.677842548171526,28.06762200942192
2025-04-14,VLGEA,sell,35.63,53.08700366926493,23.66130043007658
2025-04-14,COOP,sell,115.89,52.308647582307046,25.06811455358872
2025-04-14,GRPN,buy,18.94,69.05520097248164,29.95212355889245
2025-04-14,SDGR,buy,26.54,68.70663628319184,20.89268516002728
2025-04-14,ESLT,buy,408.29,66.28022240166615,29.81079737235048
2025-04-14,EXEEZ,buy,107.02,65.33989092228704,23.17390442734825
2025-04-14,HNRG,buy,13.79,63.89965554276842,23.34308676644288
2025-04-14,STNE,buy,11.76,63.267765595487646,22.47806531637864
2025-04-14,ESGR,buy,333.97,61.30836263073144,20.793095389587048
2025-04-14,PRVA,buy,24.05,57.96252700821888,23.24216540537704
2025-04-14,USAR,buy,11.75,57.52772787101065,22.02620765092029
2025-04-14,GTX,buy,9.05,56.64683220641663,22.08007184215836
2025-04-14,BNTX,buy,102.34,56.53774916645925,21.52500668904891
2025-04-14,BYRN,buy,20.43,56.04213035251093,23.099700428626097
2025-04-14,FA,buy,15.01,54.859491646416544,23.134345626487065
2025-04-14,BBCP,buy,5.99,54.64520978973284,29.218526247866787
2025-04-14,TTEK,buy,30.42,53.86068775842667,24.86381350273422
2025-04-14,AAON,buy,84.01,51.79276308966138,25.037901161403987
2025-04-14,FWRG,buy,17.74,51.460680623587166,21.18777850731665
2025-04-14,VCYT,buy,32.14,51.25974065286709,26.80742560908278
2025-04-14,PGNY,buy,22.08,50.85841939929534,22.531855121936218
2025-04-14,CYBR,buy,343.35,50.68035392881083,22.74772046254227
2025-04-14,CDNA,buy,18.9,50.39107597269648,22.22209387685828
2025-04-14,KLTR,buy,1.95,50.30104327117607,21.52665488946017
2025-04-14,DBX,buy,26.74,48.97539224517076,21.648651301947417
2025-04-14,UFPT,buy,208.43,48.93482825388881,20.20249754768327
2025-04-14,PLTK,buy,5.04,48.677842548171526,28.06762200942192
2025-04-11 00:00:00,FCFS,sell,120.62,54.62328468703313,22.341233862734065
2025-04-11 00:00:00,PGNY,sell,22.34,53.31397489612301,23.282427609112524
2025-04-11 00:00:00,CERT,buy,12.91,69.1777406260904,31.76884397815764
2025-04-11 00:00:00,PYCR,buy,22.49,63.08908915848187,42.94908939857298
2025-04-11 00:00:00,AVAV,buy,146.33,62.64088161929804,35.43344287856814
2025-04-11 00:00:00,KROS,buy,12.18,61.29365953424987,23.998610707535203
2025-04-11 00:00:00,EVLV,buy,3.36,56.003653368182015,23.50845486855173
2025-04-11 00:00:00,SIGA,buy,9.34,49.833492813637775,25.5258613719094
2025-04-11 00:00:00,NTRA,buy,151.15,48.69222811160894,20.518117029961413
2025-04-11 00:00:00,HTLD,buy,11.32,48.17446536957083,21.653363051342406
2025-04-11,FCFS,sell,120.62,54.62328468703313,22.341233862734065
2025-04-11,PGNY,sell,22.34,53.31397489612301,23.282427609112524
2025-04-11,CERT,buy,12.91,69.1777406260904,31.76884397815764
2025-04-11,AVAV,buy,146.33,62.64088161929804,35.43344287856814
2025-04-11,KROS,buy,12.18,61.29365953424987,23.998610707535203
2025-04-11,PYCR,buy,22.45,59.455340225106056,43.59089730790732
2025-04-11,EVLV,buy,3.36,56.003653368182015,23.50845486855173
2025-04-11,SIGA,buy,9.34,49.833492813637775,25.5258613719094
2025-04-11,NTRA,buy,151.15,48.69222811160894,20.518117029961413
2025-04-11,HTLD,buy,11.32,48.17446536957083,21.653363051342406
2025-04-09 00:00:00,VFSWW,sell,0.262167,45.22470698674726,22.678705641531938
2025-04-09,VFSWW,sell,0.262167,45.22470698674726,22.678705641531938
2025-04-21 00:00:00,RDUS,sell,28.95,77.02,55.02
2025-04-21 00:00:00,RGLD,sell,185.92,75.35,53.39
2025-04-21 00:00:00,TMDX,sell,87.72,69.48,24.43
2025-04-21 00:00:00,TDUP,sell,3.34,67.17,24.06
2025-04-21 00:00:00,ANAB,sell,20.62,65.4,22.6
2025-04-21 00:00:00,TIGO,sell,32.08,65.06,22.58
2025-04-21 00:00:00,STNE,sell,12.06,63.52,25.3
2025-04-21 00:00:00,EZPW,sell,15.76,62.85,31.03
2025-04-21 00:00:00,QURE,sell,13.29,60.68,33.06
2025-04-21 00:00:00,RYTM,sell,60.48,58.8,15.82
2025-04-21 00:00:00,ERIC,sell,8.15,58.29,22.57
2025-04-21 00:00:00,NEXN,sell,8.92,57.64,12.42
2025-04-21 00:00:00,AKBA,sell,2.07,57.0,13.4
2025-04-21 00:00:00,METC,sell,9.48,57.0,16.07
2025-04-21 00:00:00,MDLZ,sell,67.76,56.96,15.57
2025-04-21 00:00:00,SRAD,sell,23.01,56.38,12.57
2025-04-21 00:00:00,KRUS,sell,58.42,55.83,22.32
2025-04-21 00:00:00,KALV,sell,12.01,55.44,20.66
2025-04-21 00:00:00,ETON,sell,14.26,55.18,24.2
2025-04-21 00:00:00,AFYA,sell,17.99,55.02,11.53
2025-04-21 00:00:00,MSTR,sell,317.76,54.55,11.91
2025-04-21 00:00:00,TWFG,sell,31.98,54.53,16.09
2025-04-21 00:00:00,MREO,sell,2.33,54.01,25.0
2025-04-21 00:00:00,LNTH,sell,100.62,54.0,13.51
2025-04-21 00:00:00,DPZ,sell,468.27,53.94,12.18
2025-04-21 00:00:00,GMAB,sell,20.07,53.94,20.62
2025-04-21 00:00:00,ABSI,sell,3.07,53.23,26.11
2025-04-21 00:00:00,WAFD,sell,27.94,53.16,25.13
2025-04-21 00:00:00,SSRM,sell,10.54,53.14,20.54
2025-04-21 00:00:00,SKWD,sell,52.71,52.68,15.33
2025-04-21 00:00:00,PLTR,sell,90.8,52.02,14.02
2025-04-21 00:00:00,ARGX,sell,595.7,51.65,20.77
2025-04-21 00:00:00,RVMD,sell,36.56,51.09,22.41
2025-04-21 00:00:00,ADMA,sell,19.64,50.95,16.69
2025-04-21 00:00:00,PFBC,sell,81.28,50.85,18.69
2025-04-21 00:00:00,STRK,sell,85.0,50.14,10.45
2025-04-21 00:00:00,JANX,sell,29.3,50.1,19.49
2025-04-21 00:00:00,PTGX,sell,45.8,49.78,19.78
2025-04-21 00:00:00,BLBD,sell,33.71,49.45,10.51
2025-04-21 00:00:00,REYN,sell,23.65,49.12,16.73
2025-04-21 00:00:00,NUVL,sell,69.95,49.05,30.93
2025-04-21 00:00:00,SFD,sell,19.75,48.64,23.82
2025-04-21 00:00:00,GYRE,sell,8.4,48.37,19.57
2025-04-21 00:00:00,VEON,sell,41.84,48.27,23.29
2025-04-21 00:00:00,GRAL,sell,26.42,48.16,13.6
2025-04-21 00:00:00,IMTX,sell,4.24,48.16,15.02
2025-04-21 00:00:00,ROIV,sell,10.04,48.13,19.86
2025-04-21 00:00:00,HAFC,sell,21.58,48.1,24.56
2025-04-21 00:00:00,CLSK,sell,7.47,47.46,9.4
2025-04-21 00:00:00,IBCP,sell,29.99,47.39,33.07
2025-04-21 00:00:00,MARA,sell,12.29,47.24,12.44
2025-04-21 00:00:00,RXRX,sell,5.41,47.2,19.34
2025-04-21 00:00:00,EXEL,sell,35.59,46.82,22.2
2025-04-21 00:00:00,TGTX,sell,36.97,46.78,22.91
2025-04-21 00:00:00,VRDN,sell,13.13,46.76,32.04
2025-04-21 00:00:00,AMRK,sell,24.09,46.71,23.3
2025-04-21 00:00:00,SRRK,sell,29.81,46.3,32.7
2025-04-21 00:00:00,BPMC,sell,84.18,46.21,25.95
2025-04-21 00:00:00,LCID,sell,2.32,46.18,10.21
2025-04-21 00:00:00,ACLX,sell,60.93,46.14,33.21
2025-04-21 00:00:00,AUTL,sell,1.44,45.91,34.76
2025-04-21 00:00:00,CRNX,sell,30.15,45.91,32.33
2025-04-21 00:00:00,MTSR,sell,19.51,45.69,22.1
2025-04-21 00:00:00,CPRX,sell,22.02,45.45,19.31
2025-04-21 00:00:00,VKTX,sell,23.72,45.43,20.02
2025-04-21 00:00:00,COIN,sell,175.0,45.13,21.53
2025-04-21 00:00:00,ARQT,sell,13.53,45.06,21.48
2025-04-21 00:00:00,APGE,sell,32.85,45.01,25.75
2025-04-21 00:00:00,MRTN,sell,13.29,44.93,29.11
2025-04-21 00:00:00,AUPH,sell,7.66,44.78,28.49
2025-04-21 00:00:00,DHC,sell,2.23,44.7,25.41
2025-04-21 00:00:00,WYNN,sell,74.96,44.08,20.11
2025-04-21 00:00:00,PGEN,sell,1.37,44.06,24.66
2025-04-21 00:00:00,AKRO,sell,37.67,43.74,28.54
2025-04-21 00:00:00,BITF,sell,0.835,43.73,29.56
2025-04-21 00:00:00,KNSA,sell,20.05,43.62,21.76
2025-04-21 00:00:00,XMTR,sell,22.18,42.9,28.11
2025-04-21 00:00:00,IRON,sell,42.06,42.79,40.89
2025-04-21 00:00:00,CGON,sell,20.41,42.66,27.94
2025-04-21 00:00:00,MBUU,sell,27.12,42.38,19.9
2025-04-21 00:00:00,ALLO,sell,1.42,42.06,15.24
2025-04-21 00:00:00,NVAX,sell,6.01,41.55,19.67
2025-04-21 00:00:00,SANA,sell,1.59,41.54,21.92
2025-04-21 00:00:00,NRDS,sell,8.42,41.51,33.01
2025-04-21 00:00:00,WABC,sell,45.9,41.5,28.06
2025-04-21 00:00:00,ECPG,sell,30.52,41.34,38.25
2025-04-21 00:00:00,KRYS,sell,161.91,41.3,31.07
2025-04-21 00:00:00,UMBF,sell,90.42,40.77,27.17
2025-04-21 00:00:00,CIFR,sell,2.34,40.5,20.4
2025-04-21 00:00:00,CNTA,sell,12.15,40.01,38.86
2025-04-21 00:00:00,IOVA,sell,3.08,40.0,24.11
2025-04-21 00:00:00,FWRD,sell,14.85,39.98,34.98
2025-04-21 00:00:00,BTDR,sell,7.6,39.89,23.49
2025-04-21 00:00:00,GDS,sell,21.21,39.18,31.42
2025-04-21 00:00:00,SHC,sell,10.32,39.09,20.93
2025-04-21 00:00:00,ADAP,sell,0.242,38.78,30.62
2025-04-21 00:00:00,FFBC,sell,22.63,38.66,21.75
2025-04-21 00:00:00,ORIC,sell,4.87,38.57,35.88
2025-04-21 00:00:00,CRTO,sell,29.6,38.43,26.96
2025-04-21 00:00:00,IREN,sell,5.51,37.93,32.12
2025-04-21 00:00:00,WULF,sell,2.25,37.6,22.52
2025-04-21 00:00:00,HUT,sell,10.64,37.29,17.55
2025-04-21 00:00:00,UTHR,sell,284.25,37.21,32.23
2025-04-21 00:00:00,REGN,sell,561.49,36.8,42.29
2025-04-21 00:00:00,RIOT,sell,6.29,36.71,23.28
2025-04-21 00:00:00,BMRN,sell,58.65,36.65,39.18
2025-04-21 00:00:00,AMAL,sell,26.32,36.17,25.33
2025-04-21 00:00:00,SBCF,sell,22.5,35.8,21.97
2025-04-21 00:00:00,APLD,sell,3.95,35.74,22.47
2025-04-21 00:00:00,NESR,sell,6.01,35.32,39.27
2025-04-21 00:00:00,VTRS,sell,7.57,35.21,53.47
2025-04-21 00:00:00,CGBD,sell,14.1,34.59,50.38
2025-04-21 00:00:00,MATW,sell,19.38,34.08,35.15
2025-04-21 00:00:00,COGT,sell,4.3,33.96,35.84
2025-04-21 00:00:00,EWTX,sell,13.3,31.68,36.63
2025-04-21 00:00:00,FOLD,sell,6.71,30.53,54.37
2025-04-21 00:00:00,LFST,sell,6.16,29.61,13.61
2025-04-21 00:00:00,TFIN,sell,46.72,29.52,28.19
2025-04-21 00:00:00,BZ,sell,13.62,28.22,33.72
2025-04-21 00:00:00,APLS,sell,18.03,27.55,41.18
2025-04-21 00:00:00,RXT,sell,1.27,27.53,57.07
2025-04-21 00:00:00,PCVX,sell,30.39,26.44,56.49
2025-04-21 00:00:00,HTZWW,buy,4.24,77.54,33.6
2025-04-21 00:00:00,HTZ,buy,7.83,74.59,23.7
2025-04-21 00:00:00,SNRE,buy,52.64,68.44,21.88
2025-04-21 00:00:00,GRPN,buy,18.78,66.24,26.94
2025-04-21 00:00:00,PPTA,buy,13.3,65.53,25.58
2025-04-21 00:00:00,CKPT,buy,4.04,63.61,31.46
2025-04-21 00:00:00,INVA,buy,18.28,61.31,17.26
2025-04-21 00:00:00,SLNO,buy,68.93,60.16,25.41
2025-04-21 00:00:00,KDP,buy,35.31,58.71,12.83
2025-04-21 00:00:00,SFM,buy,158.53,58.54,12.06
2025-04-21 00:00:00,CCEP,buy,88.47,58.36,15.18
2025-04-21 00:00:00,MRCY,buy,47.24,58.33,13.94
2025-04-21 00:00:00,AVAV,buy,144.2,58.26,28.34
2025-04-21 00:00:00,FIZZ,buy,43.38,57.94,17.39
2025-04-21 00:00:00,ABL,buy,8.06,57.92,18.12
2025-04-21 00:00:00,DNTH,buy,20.45,57.04,13.75
2025-04-21 00:00:00,CVAC,buy,3.21,56.27,13.72
2025-04-21 00:00:00,PPC,buy,53.64,55.72,12.6
2025-04-21 00:00:00,PLSE,buy,17.29,55.4,16.23
2025-04-21 00:00:00,INTR,buy,5.69,55.39,14.62
2025-04-21 00:00:00,SKBL,buy,11.95,55.19,20.77
2025-04-21 00:00:00,VOD,buy,9.23,54.47,18.65
2025-04-21 00:00:00,XENE,buy,34.7,54.3,44.32
2025-04-21 00:00:00,SJW,buy,54.17,54.23,15.09
2025-04-21 00:00:00,ASPI,buy,5.42,53.75,16.84
2025-04-21 00:00:00,ABCL,buy,2.45,53.72,22.02
2025-04-21 00:00:00,WOOF,buy,3.09,53.7,28.58
2025-04-21 00:00:00,CSTL,buy,21.14,53.49,27.18
2025-04-21 00:00:00,GLNG,buy,37.45,53.27,19.03
2025-04-21 00:00:00,MELI,buy,2056.43,53.15,15.96
2025-04-21 00:00:00,LENZ,buy,24.11,53.14,18.64
2025-04-21 00:00:00,AVDL,buy,7.96,53.13,20.64
2025-04-21 00:00:00,PINC,buy,19.32,53.01,17.12
2025-04-21 00:00:00,VITL,buy,33.06,52.75,10.07
2025-04-21 00:00:00,WBTN,buy,8.62,52.73,27.5
2025-04-21 00:00:00,SYBT,buy,68.08,52.13,14.17
2025-04-21 00:00:00,MRX,buy,37.07,51.89,23.79
2025-04-21 00:00:00,EBAY,buy,65.63,51.03,13.99
2025-04-21 00:00:00,TTEK,buy,30.0,50.95,22.2
2025-04-21 00:00:00,RPRX,buy,32.19,50.74,17.97
2025-04-21 00:00:00,NTES,buy,99.64,50.66,14.91
2025-04-21 00:00:00,AVT,buy,46.94,50.5,20.21
2025-04-21 00:00:00,LMAT,buy,84.72,50.02,18.29
2025-04-21 00:00:00,VFS,buy,3.16,49.98,18.81
2025-04-21 00:00:00,SAGE,buy,7.44,49.84,27.78
2025-04-21 00:00:00,RGEN,buy,131.64,49.82,24.21
2025-04-21 00:00:00,RLAY,buy,2.75,49.65,23.75
2025-04-21 00:00:00,CRSP,buy,37.82,49.62,20.57
2025-04-21 00:00:00,BBIO,buy,33.51,49.61,18.04
2025-04-21 00:00:00,NAGE,buy,6.53,49.57,20.61
2025-04-21 00:00:00,AVXL,buy,8.76,49.5,20.52
2025-04-21 00:00:00,CCB,buy,83.89,49.44,12.06
2025-04-21 00:00:00,GLPG,buy,24.64,49.38,23.97
2025-04-21 00:00:00,LKQ,buy,41.21,49.02,16.31
2025-04-21 00:00:00,MLYS,buy,13.24,48.99,23.88
2025-04-21 00:00:00,IIIV,buy,24.49,48.98,12.07
2025-04-21 00:00:00,IDXX,buy,406.65,48.94,25.17
2025-04-21 00:00:00,ITRI,buy,101.48,48.86,18.48
2025-04-21 00:00:00,REG,buy,70.78,48.73,27.0
2025-04-21 00:00:00,TYRA,buy,9.06,47.59,33.66
2025-04-21 00:00:00,HTHT,buy,34.45,47.26,21.33
2025-04-21 00:00:00,CVBF,buy,17.72,47.24,21.68
2025-04-21 00:00:00,BATRK,buy,38.21,46.93,20.68
2025-04-21 00:00:00,UVSP,buy,27.11,46.78,35.31
2025-04-21 00:00:00,TRMK,buy,32.69,46.67,20.73
2025-04-21 00:00:00,COO,buy,78.7,46.64,29.58
2025-04-21 00:00:00,RARE,buy,35.4,46.57,34.58
2025-04-21 00:00:00,BASE,buy,14.67,46.45,16.11
2025-04-21 00:00:00,CNXC,buy,46.87,46.44,16.05
2025-04-21 00:00:00,GRFS,buy,7.01,46.28,24.39
2025-04-21 00:00:00,APEI,buy,22.35,46.21,15.61
2025-04-21 00:00:00,CASH,buy,70.31,46.17,20.12
2025-04-21 00:00:00,SHLS,buy,3.25,46.17,14.55
2025-04-21 00:00:00,CORT,buy,62.9,46.02,22.25
2025-04-21 00:00:00,URBN,buy,47.91,46.01,14.53
2025-04-21 00:00:00,EXAS,buy,43.1,45.84,36.61
2025-04-21 00:00:00,NBIX,buy,100.68,45.77,40.54
2025-04-21 00:00:00,BPOP,buy,86.08,45.72,22.78
2025-04-21 00:00:00,ODD,buy,40.8,45.68,14.59
2025-04-21 00:00:00,TASK,buy,12.8,45.6,9.48
2025-04-21 00:00:00,PLXS,buy,121.02,45.5,
2025-04-21 00:00:00,GRAB,buy,4.07,45.38,17.51
2025-04-21 00:00:00,CAMT,buy,58.62,45.32,21.35
2025-04-21 00:00:00,DNLI,buy,13.15,45.15,29.17
2025-04-21 00:00:00,IONS,buy,28.51,45.09,35.15
2025-04-21 00:00:00,VNOM,buy,39.56,44.92,23.64
2025-04-21 00:00:00,GOOD,buy,14.11,44.87,51.31
2025-04-21 00:00:00,ICFI,buy,83.38,44.86,23.6
2025-04-21 00:00:00,IEP,buy,8.55,44.73,25.78
2025-04-21 00:00:00,OZK,buy,40.25,44.68,22.51
2025-04-21 00:00:00,EGBN,buy,20.07,44.66,22.61
2025-04-21 00:00:00,SRDX,buy,28.55,44.48,34.88
2025-04-21 00:00:00,RGTI,buy,8.11,44.4,9.77
2025-04-21 00:00:00,REAL,buy,5.27,44.35,16.21
2025-04-21 00:00:00,LYFT,buy,10.94,44.31,14.73
2025-04-21 00:00:00,LI,buy,23.21,44.25,25.74
2025-04-21 00:00:00,LAND,buy,9.745,44.21,36.9
2025-04-21 00:00:00,MOFG,buy,27.06,44.2,20.89
2025-04-21 00:00:00,OCFC,buy,15.73,44.2,18.31
2025-04-21 00:00:00,IBOC,buy,58.69,44.13,21.91
2025-04-21 00:00:00,SANM,buy,73.06,43.92,15.99
2025-04-21 00:00:00,AGIO,buy,27.34,43.72,33.91
2025-04-21 00:00:00,ALNY,buy,232.75,43.6,29.09
2025-04-21 00:00:00,GOGL,buy,7.12,43.59,27.06
2025-04-21 00:00:00,SOFI,buy,10.69,43.53,20.18
2025-04-21 00:00:00,FIBK,buy,25.99,43.36,21.31
2025-04-21 00:00:00,CHRD,buy,92.84,43.32,25.36
2025-04-21 00:00:00,TRUP,buy,34.01,43.32,23.6
2025-04-21 00:00:00,UAL,buy,65.3,43.18,25.72
2025-04-21 00:00:00,ARDX,buy,4.56,43.17,27.74
2025-04-21 00:00:00,GILD,buy,104.33,43.07,27.02
2025-04-21 00:00:00,FHB,buy,22.46,42.94,33.13
2025-04-21 00:00:00,BIDU,buy,82.98,42.84,23.32
2025-04-21 00:00:00,HWC,buy,48.18,42.82,21.17
2025-04-21 00:00:00,ATRC,buy,31.74,42.79,28.13
2025-04-21 00:00:00,MGTX,buy,5.65,42.71,25.17
2025-04-21 00:00:00,RGTIW,buy,2.61,42.69,9.76
2025-04-21 00:00:00,SWKS,buy,56.78,42.69,37.04
2025-04-21 00:00:00,COLL,buy,26.91,42.63,25.7
2025-04-21 00:00:00,VC,buy,71.67,42.55,19.12
2025-04-21 00:00:00,SAIA,buy,326.66,42.38,18.7
2025-04-21 00:00:00,STBA,buy,34.46,42.34,43.73
2025-04-21 00:00:00,VSAT,buy,8.33,42.26,21.29
2025-04-21 00:00:00,NXPI,buy,171.5,42.21,16.91
2025-04-21 00:00:00,TEM,buy,40.98,41.98,21.96
2025-04-21 00:00:00,HST,buy,13.51,41.96,26.6
2025-04-21 00:00:00,PLUS,buy,58.58,41.93,35.47
2025-04-21 00:00:00,TXRH,buy,159.52,41.9,26.44
2025-04-21 00:00:00,MFIC,buy,11.48,41.84,43.84
2025-04-21 00:00:00,COLB,buy,22.06,41.83,25.08
2025-04-21 00:00:00,KRNY,buy,5.88,41.83,17.95
2025-04-21 00:00:00,PNFP,buy,93.68,41.83,31.16
2025-04-21 00:00:00,BFST,buy,22.48,41.71,26.23
2025-04-21 00:00:00,ERII,buy,14.63,41.64,18.51
2025-04-21 00:00:00,EXPO,buy,78.23,41.57,12.98
2025-04-21 00:00:00,NPCE,buy,10.54,41.56,16.62
2025-04-21 00:00:00,STX,buy,73.93,41.5,25.77
2025-04-21 00:00:00,GDEN,buy,25.42,41.44,18.24
2025-04-21 00:00:00,CHX,buy,24.99,41.41,26.17
2025-04-21 00:00:00,RUM,buy,7.14,41.41,17.76
2025-04-21 00:00:00,URGN,buy,9.66,41.37,16.83
2025-04-21 00:00:00,ZION,buy,43.62,41.25,31.12
2025-04-21 00:00:00,EOLS,buy,10.38,41.23,33.38
2025-04-21 00:00:00,HTBK,buy,8.7,41.23,30.45
2025-04-21 00:00:00,BLKB,buy,60.75,41.17,30.22
2025-04-21 00:00:00,UPST,buy,39.75,41.09,24.16
2025-04-21 00:00:00,HFWA,buy,21.88,41.07,29.07
2025-04-21 00:00:00,QCOM,buy,136.14,41.04,30.35
2025-04-21 00:00:00,OMER,buy,6.7,41.0,20.37
2025-04-21 00:00:00,CTKB,buy,3.7,40.98,39.41
2025-04-21 00:00:00,COHU,buy,14.3,40.9,34.52
2025-04-21 00:00:00,POWI,buy,46.26,40.77,20.86
2025-04-21 00:00:00,SIRI,buy,20.16,40.75,25.34
2025-04-21 00:00:00,ODFL,buy,149.87,40.67,34.51
2025-04-21 00:00:00,TRST,buy,28.43,40.57,16.2
2025-04-21 00:00:00,APP,buy,228.13,40.56,22.63
2025-04-21 00:00:00,EWBC,buy,76.28,40.54,32.27
2025-04-21 00:00:00,NVMI,buy,172.87,40.41,20.7
2025-04-21 00:00:00,AEIS,buy,86.04,40.39,26.65
2025-04-21 00:00:00,TSCO,buy,49.59,40.38,19.9
2025-04-21 00:00:00,VMEO,buy,4.84,40.38,27.71
2025-04-21 00:00:00,GHRS,buy,9.17,40.33,24.29
2025-04-21 00:00:00,IMXI,buy,12.1,40.21,41.87
2025-04-21 00:00:00,JOYY,buy,39.28,40.18,25.31
2025-04-21 00:00:00,ARHS,buy,7.53,40.17,27.21
2025-04-21 00:00:00,SITM,buy,126.57,40.13,16.04
2025-04-21 00:00:00,INDI,buy,1.83,39.91,28.79
2025-04-21 00:00:00,SHBI,buy,12.39,39.9,30.84
2025-04-21 00:00:00,MSBI,buy,15.97,39.73,38.12
2025-04-21 00:00:00,SNY,buy,50.93,39.68,28.72
2025-04-21 00:00:00,QRVO,buy,58.2,39.62,
2025-04-21 00:00:00,MCHP,buy,39.43,39.61,32.12
2025-04-21 00:00:00,VCEL,buy,40.87,39.59,42.33
2025-04-21 00:00:00,JACK,buy,24.81,39.57,47.66
2025-04-21 00:00:00,CRUS,buy,85.78,39.55,30.59
2025-04-21 00:00:00,TCOM,buy,55.25,39.49,20.17
2025-04-21 00:00:00,CSIQ,buy,7.32,39.45,24.11
2025-04-21 00:00:00,ASTL,buy,4.85,39.39,51.7
2025-04-21 00:00:00,AMKR,buy,15.89,39.37,30.37
2025-04-21 00:00:00,SFIX,buy,3.0,39.37,17.71
2025-04-21 00:00:00,ROKU,buy,59.17,39.34,16.56
2025-04-21 00:00:00,NTAP,buy,81.68,39.33,30.79
2025-04-21 00:00:00,PYPL,buy,60.285,39.31,32.62
2025-04-21 00:00:00,BUSE,buy,19.89,39.24,27.26
2025-04-21 00:00:00,PI,buy,69.67,39.23,38.74
2025-04-21 00:00:00,ACLS,buy,45.23,39.2,32.99
2025-04-21 00:00:00,ELVN,buy,16.22,39.2,23.58
2025-04-21 00:00:00,CSX,buy,27.46,39.1,44.43
2025-04-21 00:00:00,WEST,buy,5.61,39.07,26.71
2025-04-21 00:00:00,CBLL,buy,14.93,39.02,53.53
2025-04-21 00:00:00,ADI,buy,174.99,39.0,19.69
2025-04-21 00:00:00,INTC,buy,18.84,38.99,12.84
2025-04-21 00:00:00,ON,buy,34.74,38.97,32.62
2025-04-21 00:00:00,FFIC,buy,11.49,38.96,46.77
2025-04-21 00:00:00,MITK,buy,7.68,38.96,34.28
2025-04-21 00:00:00,DCOM,buy,25.12,38.93,18.87
2025-04-21 00:00:00,GLBE,buy,31.7,38.9,34.17
2025-04-21 00:00:00,LSTR,buy,135.53,38.9,37.18
2025-04-21 00:00:00,DOOO,buy,32.79,38.86,27.3
2025-04-21 00:00:00,CROX,buy,89.46,38.83,
2025-04-21 00:00:00,TXG,buy,7.68,38.64,37.74
2025-04-21 00:00:00,HPK,buy,9.09,38.57,34.01
2025-04-21 00:00:00,PTON,buy,5.32,38.55,17.6
2025-04-21 00:00:00,OPEN,buy,0.933,38.54,22.83
2025-04-21 00:00:00,IPGP,buy,51.98,38.5,17.43
2025-04-21 00:00:00,VBTX,buy,21.53,38.48,20.28
2025-04-21 00:00:00,FORM,buy,24.99,38.45,24.83
2025-04-21 00:00:00,MRNA,buy,25.13,38.42,21.55
2025-04-21 00:00:00,CATY,buy,38.6,38.3,25.67
2025-04-21 00:00:00,DOMO,buy,6.82,38.28,19.53
2025-04-21 00:00:00,NBTB,buy,39.64,38.26,21.09
2025-04-21 00:00:00,CEVA,buy,22.68,38.25,27.49
2025-04-21 00:00:00,IPAR,buy,105.04,38.19,27.32
2025-04-21 00:00:00,BILI,buy,16.19,38.05,24.11
2025-04-21 00:00:00,FULT,buy,15.74,37.96,28.91
2025-04-21 00:00:00,ANDE,buy,37.28,37.93,26.27
2025-04-21 00:00:00,TCBK,buy,36.93,37.9,22.11
2025-04-21 00:00:00,FOXF,buy,19.59,37.88,28.73
2025-04-21 00:00:00,KLIC,buy,29.42,37.79,29.22
2025-04-21 00:00:00,SYNA,buy,48.95,37.65,37.04
2025-04-21 00:00:00,GFS,buy,31.36,37.57,22.06
2025-04-21 00:00:00,TIGR,buy,6.64,37.56,16.99
2025-04-21 00:00:00,OLED,buy,113.78,37.42,30.38
2025-04-21 00:00:00,EFSC,buy,48.3,37.4,23.06
2025-04-21 00:00:00,PLAB,buy,17.69,37.4,20.2
2025-04-21 00:00:00,ASO,buy,36.78,37.38,32.6
2025-04-21 00:00:00,GNTX,buy,21.29,37.25,42.3
2025-04-21 00:00:00,FUTU,buy,80.22,37.16,24.86
2025-04-21 00:00:00,IAC,buy,32.9,37.14,26.69
2025-04-21 00:00:00,QFIN,buy,35.49,37.13,21.61
2025-04-21 00:00:00,NMFC,buy,9.56,37.1,55.47
2025-04-21 00:00:00,SEAT,buy,2.43,37.07,38.28
2025-04-21 00:00:00,PCAR,buy,87.29,37.06,30.66
2025-04-21 00:00:00,LIND,buy,8.08,37.0,45.22
2025-04-21 00:00:00,ARRY,buy,4.18,36.99,39.9
2025-04-21 00:00:00,ARCB,buy,59.36,36.91,27.64
2025-04-21 00:00:00,RWAY,buy,9.03,36.67,38.28
2025-04-21 00:00:00,JBHT,buy,127.12,36.64,33.48
2025-04-21 00:00:00,VERA,buy,21.11,36.64,44.49
2025-04-21 00:00:00,TRS,buy,20.24,36.49,22.35
2025-04-21 00:00:00,ACDC,buy,4.65,36.46,27.88
2025-04-21 00:00:00,FISI,buy,22.29,36.34,19.85
2025-04-21 00:00:00,INMD,buy,14.8,36.11,37.04
2025-04-21 00:00:00,ENTG,buy,67.52,36.01,34.4
2025-04-21 00:00:00,ILMN,buy,72.0,36.01,38.48
2025-04-21 00:00:00,LSCC,buy,41.76,35.97,33.41
2025-04-21 00:00:00,KC,buy,11.0,35.88,23.55
2025-04-21 00:00:00,LOGI,buy,71.09,35.88,36.89
2025-04-21 00:00:00,BTBT,buy,1.76,35.83,20.96
2025-04-21 00:00:00,KALU,buy,53.65,35.7,34.52
2025-04-21 00:00:00,ADV,buy,1.23,35.59,32.77
2025-04-21 00:00:00,UCTT,buy,18.65,35.55,31.23
2025-04-21 00:00:00,NAMS,buy,16.26,35.49,36.11
2025-04-21 00:00:00,XPEL,buy,25.97,35.27,
2025-04-21 00:00:00,LFUS,buy,156.13,35.12,42.89
2025-04-21 00:00:00,DIOD,buy,35.03,35.03,40.83
2025-04-21 00:00:00,LULU,buy,253.91,35.01,26.29
2025-04-21 00:00:00,TCPC,buy,6.68,34.46,56.01
2025-04-21 00:00:00,NSIT,buy,132.08,34.36,29.48
2025-04-21 00:00:00,FIP,buy,3.48,34.32,35.91
2025-04-21 00:00:00,XRAY,buy,12.82,34.3,47.09
2025-04-21 00:00:00,NVCR,buy,15.58,34.24,35.49
2025-04-21 00:00:00,HRMY,buy,28.5,34.1,30.74
2025-04-21 00:00:00,SRPT,buy,55.23,34.08,54.88
2025-04-21 00:00:00,ICHR,buy,17.21,34.02,35.48
2025-04-21 00:00:00,HUBG,buy,31.64,34.01,41.05
2025-04-21 00:00:00,OB,buy,3.21,33.97,32.62
2025-04-21 00:00:00,AMPH,buy,23.5,33.93,43.59
2025-04-21 00:00:00,HTLD,buy,8.25,33.8,41.27
2025-04-21 00:00:00,FITB,buy,33.32,33.71,29.85
2025-04-21 00:00:00,ACGLN,buy,16.82,33.64,62.22
2025-04-21 00:00:00,BCAL,buy,12.6,33.57,15.64
2025-04-21 00:00:00,WEN,buy,12.59,33.52,41.97
2025-04-21 00:00:00,LILAK,buy,5.25,33.46,25.29
2025-04-21 00:00:00,SLAB,buy,90.43,33.3,39.11
2025-04-21 00:00:00,MEOH,buy,27.5,32.96,46.19
2025-04-21 00:00:00,OSBC,buy,14.68,32.82,47.67
2025-04-21 00:00:00,SVC,buy,1.83,32.7,23.56
2025-04-21 00:00:00,MIRM,buy,38.39,32.65,38.91
2025-04-21 00:00:00,ORRF,buy,26.8,32.5,27.84
2025-04-21 00:00:00,SCVL,buy,16.75,32.35,31.16
2025-04-21 00:00:00,LILA,buy,5.24,32.25,27.56
2025-04-21 00:00:00,NFBK,buy,9.57,32.17,32.38
2025-04-21 00:00:00,UDMY,buy,6.01,32.08,30.83
2025-04-21 00:00:00,CGNX,buy,23.49,31.86,44.74
2025-04-21 00:00:00,SIMO,buy,38.95,31.59,37.39
2025-04-21 00:00:00,ZD,buy,30.95,31.59,32.84
2025-04-21 00:00:00,GDYN,buy,12.98,31.5,27.56
2025-04-21 00:00:00,PSEC,buy,3.49,31.45,45.93
2025-04-21 00:00:00,WRD,buy,8.44,31.38,25.51
2025-04-21 00:00:00,RPAY,buy,4.36,31.13,45.83
2025-04-21 00:00:00,SHOO,buy,19.99,30.98,50.08
2025-04-21 00:00:00,KE,buy,13.19,30.13,40.0
2025-04-21 00:00:00,FLNC,buy,3.61,29.83,42.27
2025-04-21 00:00:00,CMCO,buy,12.98,29.77,50.56
2025-04-21 00:00:00,SGML,buy,7.0,29.16,33.56
2025-04-21 00:00:00,WB,buy,7.67,29.14,30.03
2025-04-21 00:00:00,PZZA,buy,30.88,29.09,37.48
2025-04-21 00:00:00,MAT,buy,14.55,28.71,46.51
2025-04-21 00:00:00,FTRE,buy,5.2,28.45,68.18
2025-04-21 00:00:00,ULCC,buy,3.06,28.25,52.34
2025-04-21 00:00:00,ALKS,buy,27.0,28.1,37.66
2025-04-21 00:00:00,PRTA,buy,9.3,28.03,42.35
2025-04-21 00:00:00,AZTA,buy,25.03,27.19,54.9
2025-04-21 00:00:00,IAS,buy,6.38,27.13,43.42
2025-04-21 00:00:00,CCRN,buy,14.13,27.1,51.56
2025-04-21 00:00:00,DVAX,buy,10.44,26.61,46.45
2025-04-21 00:00:00,QDEL,buy,24.56,26.47,47.07
2025-04-21 00:00:00,TMCI,buy,6.44,26.1,30.33
2025-04-21 00:00:00,OFIX,buy,12.92,24.92,39.54
2025-04-21 00:00:00,VREX,buy,7.21,24.88,45.69
