<TICKER>,<PER>,<DATE>,<TIME>,<OPEN>,<HIGH>,<LOW>,<CLOSE>,<VOL>,<OPENINT>
AOK.US,D,20081110,000000,19.8597,19.8597,19.7928,19.7928,368.85906840312,0
AOK.US,D,20081111,000000,20.8104,21.7163,19.7449,19.7449,762.77649743144,0
AOK.US,D,20081113,000000,20.6698,20.6698,19.6661,19.7099,879.04729073242,0
AOK.US,D,20081114,000000,19.8597,19.8597,19.8597,19.8597,150.35016375127,0
AOK.US,D,20081118,000000,19.6831,19.6831,19.6831,19.6831,227.52991447692,0
AOK.US,D,20081119,000000,19.3229,19.3229,19.3229,19.3229,1604.7374144386,0
AOK.US,D,20081120,000000,18.862,18.862,18.862,18.862,150.35016375127,0
AOK.US,D,20081125,000000,19.9485,20.5121,19.265,20.3156,6789.8133950073,0
AOK.US,D,20081126,000000,20.3884,20.3884,18.1137,18.1137,201607.54157735,0
AOK.US,D,20081128,000000,19.5483,19.6023,19.5085,19.6023,2268.2828037942,0
AOK.US,D,20081201,000000,19.7099,19.7099,19.4855,19.4855,573.33529110484,0
AOK.US,D,20081202,000000,19.9714,19.9714,19.5175,19.5803,2202.1287317436,0
AOK.US,D,20081203,000000,17.8793,19.6501,17.8793,19.6501,9071.1265463266,0
AOK.US,D,20081204,000000,19.7759,20.4542,19.5483,19.6661,5038.7351545176,0
AOK.US,D,20081205,000000,19.5403,19.6581,18.7942,19.6411,3397.9137007787,0
AOK.US,D,20081208,000000,22.1593,22.1593,19.9554,19.9554,4289.9913390362,0
AOK.US,D,20081209,000000,19.9714,20.578,19.9714,20.578,1826.2533223654,0
AOK.US,D,20081210,000000,22.9394,22.9394,19.7759,20.3006,9905.0687879337,0
AOK.US,D,20081211,000000,20.0243,20.0243,20.0243,20.0243,1014.3624381086,0
AOK.US,D,20081212,000000,20.1679,20.1679,19.6831,19.9095,3057.1199962758,0
AOK.US,D,20081215,000000,20.0572,20.0572,19.8855,19.9654,2003.6665155919,0
AOK.US,D,20081216,000000,19.8367,20.3006,19.8297,19.9554,3086.1876946011,0
AOK.US,D,20081217,000000,20.4542,20.4772,20.4542,20.4772,4382.206106137,0
AOK.US,D,20081218,000000,20.5032,20.562,20.4872,20.562,1073.5001691841,0
AOK.US,D,20081219,000000,20.3724,20.8524,20.3156,20.7156,11338.407015696,0
AOK.US,D,20081222,000000,20.2148,20.2148,20.2148,20.2148,368.85906840312,0
AOK.US,D,20081226,000000,20.3724,20.4064,20.1899,20.3884,780.8185170816,0
AOK.US,D,20081229,000000,20.2308,20.2308,20.2308,20.2308,368.85906840312,0
AOK.US,D,20081230,000000,20.6448,20.6448,20.1759,20.1839,3530.2218448798,0
AOK.US,D,20081231,000000,20.3006,21.8041,20.2846,20.4952,1952.5474599165,0
AOK.US,D,20090102,000000,20.3485,20.6069,20.3485,20.4064,1035.4114610337,0
AOK.US,D,20090105,000000,20.1899,20.1899,20.0313,20.0313,192763.9449455,0
AOK.US,D,20090106,000000,20.3006,20.3644,20.2058,20.2058,2888.7278128744,0
AOK.US,D,20090108,000000,20.1839,20.3156,20.1839,20.2767,7729.0007512403,0
AOK.US,D,20090109,000000,20.2677,20.2677,20.2677,20.2677,1506.5086407877,0
AOK.US,D,20090112,000000,20.145,20.145,19.9654,20.137,4630.7850435391,0
AOK.US,D,20090113,000000,20.145,20.1839,20.145,20.1759,8386.5321340458,0
AOK.US,D,20090114,000000,19.8696,20.0472,19.8696,20.0113,11151.972812645,0
AOK.US,D,20090115,000000,19.8925,20.6926,19.8925,20.145,6140.3006876019,0
AOK.US,D,20090116,000000,20.6528,20.6528,19.9933,20.122,4930.4830366166,0
AOK.US,D,20090120,000000,19.9235,20.4952,19.7928,19.8696,9642.4571685814,0
AOK.US,D,20090121,000000,19.5883,20.1759,19.5563,19.7519,5701.2782094482,0
AOK.US,D,20090122,000000,19.7519,19.7519,19.6501,19.7519,3080.173688051,0
AOK.US,D,20090123,000000,19.7099,20.3325,19.6581,19.8147,4282.9749980612,0
AOK.US,D,20090126,000000,19.6661,19.8925,19.6661,19.8925,227.52991447692,0
AOK.US,D,20090127,000000,19.9395,19.9783,19.7449,19.9485,4722.9998106399,0
AOK.US,D,20090128,000000,20.4872,20.4872,19.9654,20.0572,6882.0281621081,0
AOK.US,D,20090129,000000,19.9714,19.9783,19.9714,19.9714,1952.5474599165,0
AOK.US,D,20090130,000000,19.7997,19.7997,19.7997,19.7997,227.52991447692,0
AOK.US,D,20090202,000000,19.6241,19.9095,19.6241,19.8207,8258.2333276448,0
AOK.US,D,20090203,000000,19.7859,19.8597,19.7859,19.7928,638.48702873039,0
AOK.US,D,20090204,000000,19.7928,19.8297,19.7928,19.8297,1097.5561953843,0
AOK.US,D,20090205,000000,19.8447,19.8517,19.7928,19.8517,5565.963062072,0
AOK.US,D,20090206,000000,19.8057,19.8855,19.8057,19.8147,11515.820208922,0
AOK.US,D,20090209,000000,20.0113,20.0741,20.0113,20.0651,1257.9297033856,0
AOK.US,D,20090210,000000,20.4064,20.4064,19.9554,19.9554,2896.7464882745,0
AOK.US,D,20090211,000000,20.6448,20.6448,19.7449,19.8696,3954.2093066584,0
AOK.US,D,20090212,000000,19.0824,19.8597,19.0824,19.7449,12897.037046584,0
AOK.US,D,20090213,000000,19.8597,19.8597,19.8597,19.8597,227.52991447692,0
AOK.US,D,20090217,000000,19.0376,19.7179,19.0376,19.5803,2825.5807440989,0
AOK.US,D,20090218,000000,19.5563,19.5563,19.5563,19.5563,1014.3624381086,0
AOK.US,D,20090219,000000,19.5643,19.5643,19.4595,19.4595,2345.4625545198,0
AOK.US,D,20090220,000000,19.4416,19.4516,19.4257,19.4257,862.00760550728,0
AOK.US,D,20090223,000000,20.0991,20.0991,19.3618,19.3678,13039.368534935,0
AOK.US,D,20090224,000000,19.3618,19.3837,19.3159,19.3159,2034.7388827672,0
AOK.US,D,20090225,000000,19.7099,19.7099,19.3678,19.3897,11195.073192919,0
AOK.US,D,20090226,000000,19.274,19.2979,19.2551,19.2551,4867.3359678411,0
AOK.US,D,20090227,000000,19.2231,19.2231,19.1483,19.1483,1540.588011238,0
AOK.US,D,20090302,000000,19.281,19.281,18.3582,19.0036,6423.9613298793,0
AOK.US,D,20090303,000000,19.6241,19.6241,18.9188,18.9268,15559.237279407,0
AOK.US,D,20090304,000000,18.9578,19.0376,18.9488,19.0116,2736.3729802731,0
AOK.US,D,20090305,000000,18.9268,18.9268,18.9268,18.9268,8600.0293665726,0
AOK.US,D,20090306,000000,18.837,18.9418,18.837,18.9418,2304.3668430945,0
AOK.US,D,20090309,000000,19.2231,19.2231,18.5457,18.7222,13940.467183018,0
AOK.US,D,20090310,000000,18.9657,18.9657,18.9578,18.9657,1423.314883512,0
AOK.US,D,20090311,000000,19.0206,19.1024,18.7942,18.7942,2852.6437735741,0
AOK.US,D,20090312,000000,19.2052,19.2231,19.1812,19.1812,1593.7117357635,0
AOK.US,D,20090313,000000,19.29,19.3528,19.29,19.3528,4080.5034442095,0
AOK.US,D,20090316,000000,19.2979,19.3229,19.2471,19.2471,3084.183025751,0
AOK.US,D,20090317,000000,19.2141,19.4995,18.6256,19.2052,6066.1279401512,0
AOK.US,D,20090318,000000,19.3229,19.6731,19.3229,19.4775,765.78350070647,0
AOK.US,D,20090319,000000,19.7689,19.7689,19.6501,19.6501,1911.4517484911,0
AOK.US,D,20090320,000000,19.5953,20.8902,19.4675,19.5175,57970.011470365,0
AOK.US,D,20090323,000000,19.6501,19.7519,19.6501,19.7519,3072.1550126509,0
AOK.US,D,20090324,000000,19.7099,19.7928,19.6241,19.6241,26931.723665552,0
AOK.US,D,20090325,000000,20.0991,20.0991,19.6103,19.6103,5309.3654492698,0
AOK.US,D,20090326,000000,19.9395,19.9395,19.7279,19.8517,3672.553333231,0
AOK.US,D,20090327,000000,19.7759,19.8597,19.4675,19.7859,2805.5340555987,0
AOK.US,D,20090330,000000,20.13,20.13,19.5953,19.6023,10607.705219865,0
AOK.US,D,20090331,000000,19.7001,19.7001,19.7001,19.7001,102.23811135086,0
AOK.US,D,20090401,000000,19.7279,19.7359,19.7179,19.7279,1657.861138964,0
AOK.US,D,20090402,000000,19.8207,20.569,19.4775,19.8207,10031.362925485,0
AOK.US,D,20090403,000000,19.8147,19.8147,19.7599,19.8057,2430.6609806455,0
AOK.US,D,20090406,000000,19.7759,20.2427,19.281,19.7599,18675.495006758,0
AOK.US,D,20090407,000000,19.6581,20.2427,19.3837,19.6731,11852.604575725,0
AOK.US,D,20090408,000000,19.6731,19.7359,19.6731,19.7359,1423.314883512,0
AOK.US,D,20090409,000000,19.8517,19.9485,19.1343,19.9485,3774.7914445819,0
AOK.US,D,20090413,000000,20.4064,20.4064,19.7928,20.0173,9967.2135222842,0
AOK.US,D,20090414,000000,19.9554,19.9654,19.4935,19.9095,2842.620429324,0
AOK.US,D,20090415,000000,19.9095,20.0741,19.9015,19.9933,2766.4430130234,0
AOK.US,D,20090417,000000,20.0243,20.2767,20.0023,20.0243,3746.7260806816,0
AOK.US,D,20090420,000000,19.6411,19.9095,19.6411,19.8517,1174.7359461099,0
AOK.US,D,20090421,000000,19.8776,19.9145,19.8776,19.9145,853.98893010721,0
AOK.US,D,20090422,000000,19.9554,19.9554,19.8855,19.9015,1318.0697688861,0
AOK.US,D,20090423,000000,19.9145,20.0023,19.9145,20.0023,1290.0044049859,0
AOK.US,D,20090424,000000,20.4482,20.4482,19.9485,20.0821,3598.3805857804,0
AOK.US,D,20090427,000000,20.0572,20.0572,20.0243,20.0243,1627.7911062137,0
AOK.US,D,20090428,000000,20.0173,20.0392,19.9933,20.0023,4049.4310770342,0
AOK.US,D,20090430,000000,20.0821,20.1899,19.9554,20.0651,5502.8159932965,0
AOK.US,D,20090501,000000,20.0313,20.569,20.0313,20.0313,4544.5842829884,0
AOK.US,D,20090504,000000,20.122,20.1679,20.122,20.145,1736.0432241147,0
AOK.US,D,20090505,000000,20.1759,20.1759,20.1599,20.1599,6928.1355456585,0
AOK.US,D,20090506,000000,20.2378,20.2587,20.2378,20.2587,2517.8640756213,0
AOK.US,D,20090507,000000,20.2587,20.2587,19.9554,20.137,12152.302568802,0
AOK.US,D,20090508,000000,20.7226,20.965,20.2427,20.965,7964.5493411173,0
AOK.US,D,20090511,000000,20.8842,20.8842,19.9145,20.2218,22808.119841068,0
AOK.US,D,20090512,000000,20.2148,20.6848,20.1988,20.6848,22727.933087067,0
AOK.US,D,20090513,000000,20.1899,20.1899,20.1679,20.1679,1483.4549490125,0
AOK.US,D,20090514,000000,20.0991,20.2218,20.0991,20.2058,5679.226852098,0
AOK.US,D,20090515,000000,20.1839,20.2308,20.1839,20.1899,1939.5171123914,0
AOK.US,D,20090518,000000,20.2148,21.5267,19.9315,20.3395,14465.690421722,0
AOK.US,D,20090519,000000,20.562,20.562,20.3006,20.3395,5771.4416191987,0
AOK.US,D,20090520,000000,20.7716,20.7716,20.3804,20.3804,6122.2586679517,0
AOK.US,D,20090521,000000,20.2308,20.7226,19.8597,20.6698,25910.344886469,0
AOK.US,D,20090522,000000,20.1899,20.7226,20.1759,20.7226,4718.9904729399,0
AOK.US,D,20090526,000000,20.2427,20.3724,20.2148,20.3724,5983.9365173005,0
AOK.US,D,20090527,000000,20.562,20.562,20.1759,20.1759,10495.443764264,0
AOK.US,D,20090528,000000,20.1599,20.2308,20.1599,20.2148,1014.3624381086,0
AOK.US,D,20090529,000000,20.3724,20.3964,20.3724,20.3964,3289.6615828778,0
AOK.US,D,20090601,000000,20.569,20.569,20.3156,20.537,4037.4030639341,0
AOK.US,D,20090602,000000,21.3432,21.3432,20.4952,20.4952,7537.5548760637,0
AOK.US,D,20090603,000000,20.9062,20.9062,20.0821,20.3575,9975.2321976843,0
AOK.US,D,20090604,000000,20.973,20.973,20.4682,20.5032,36886.909174737,0
AOK.US,D,20090605,000000,20.3804,20.4482,20.3804,20.4403,1055.4581495339,0
AOK.US,D,20090608,000000,20.3325,20.3325,19.9554,20.3086,7439.3261024128,0
AOK.US,D,20090609,000000,20.3325,20.4154,20.137,20.3485,4665.8667484144,0
AOK.US,D,20090610,000000,20.4403,20.4403,20.3156,20.3156,3207.4701600271,0
AOK.US,D,20090611,000000,20.4243,20.529,20.4243,20.4872,12231.486988379,0
AOK.US,D,20090612,000000,20.4542,21.417,20.4542,20.973,9695.5808931069,0
AOK.US,D,20090615,000000,20.9322,20.9322,20.2846,20.3325,2317.3971906196,0
AOK.US,D,20090616,000000,20.3006,20.562,20.1839,20.3006,14257.20486132,0
AOK.US,D,20090617,000000,20.2218,20.4154,20.2218,20.2846,32444.563003099,0
AOK.US,D,20090618,000000,20.2587,20.2906,20.2308,20.2906,4847.2892793409,0
AOK.US,D,20090619,000000,20.2906,20.3006,20.2846,20.2846,4206.7975817605,0
AOK.US,D,20090622,000000,20.1599,20.2058,20.0472,20.2058,2504.8337280962,0
AOK.US,D,20090623,000000,20.2427,20.2427,20.2378,20.2378,1596.7187390385,0
AOK.US,D,20090624,000000,20.3644,20.5201,20.2378,20.2378,12749.693886108,0
AOK.US,D,20090625,000000,20.4772,20.4772,20.2218,20.3485,10644.79159359,0
AOK.US,D,20090629,000000,20.8434,20.8434,20.3485,20.4323,2417.6306331204,0
AOK.US,D,20090630,000000,20.3804,20.4323,20.3644,20.4323,2412.6189609954,0
AOK.US,D,20090701,000000,20.1759,20.4952,20.1599,20.4952,1224.8526673603,0
AOK.US,D,20090702,000000,20.3325,20.973,20.2507,20.2677,27869.90868736,0
AOK.US,D,20090706,000000,20.2218,20.2767,20.1839,20.2767,5243.2113772193,0
AOK.US,D,20090707,000000,20.1899,20.2148,20.1599,20.1679,16379.146839064,0
AOK.US,D,20090708,000000,20.3256,20.3256,19.8776,20.2148,13822.191720867,0
AOK.US,D,20090709,000000,20.2507,20.4064,20.1679,20.1759,21365.760603481,0
AOK.US,D,20090710,000000,20.3575,20.3575,19.9235,20.13,3774.7914445819,0
AOK.US,D,20090713,000000,20.1988,20.2378,19.7997,20.2378,2806.5363900237,0
AOK.US,D,20090714,000000,19.9145,20.2767,19.9145,20.137,3091.1993667261,0
AOK.US,D,20090715,000000,20.3325,20.7226,20.122,20.3575,16197.724308137,0
AOK.US,D,20090716,000000,19.9783,20.4154,19.9783,20.4154,7401.2373942625,0
AOK.US,D,20090717,000000,20.4323,20.4323,20.3884,20.3884,2117.9326400429,0
AOK.US,D,20090720,000000,20.4952,20.7156,20.4323,20.5201,5657.1754947478,0
AOK.US,D,20090721,000000,20.5201,20.562,20.5201,20.547,3480.1051236294,0
AOK.US,D,20090722,000000,19.9863,20.8434,19.9863,20.3006,15501.101882756,0
AOK.US,D,20090723,000000,20.537,20.6628,20.537,20.6069,6539.2297887552,0
AOK.US,D,20090724,000000,20.585,20.6528,20.13,20.5999,8185.0629146191,0
AOK.US,D,20090727,000000,20.578,21.1047,20.578,20.6148,23693.18113835,0
AOK.US,D,20090728,000000,20.4403,21.0379,20.4403,20.6628,19565.567976165,0
AOK.US,D,20090729,000000,20.6148,20.6768,20.6148,20.6768,1266.9507132107,0
AOK.US,D,20090730,000000,20.9232,20.9232,20.7556,20.8174,6810.8624179325,0
AOK.US,D,20090731,000000,20.6448,20.8434,20.529,20.529,3480.1051236294,0
AOK.US,D,20090803,000000,20.593,20.8672,20.593,20.8613,6490.1154019298,0
AOK.US,D,20090804,000000,20.8174,20.8672,20.8174,20.8672,2781.4780293985,0
AOK.US,D,20090805,000000,20.8613,20.8613,20.8344,20.8344,2204.1334005936,0
AOK.US,D,20090806,000000,20.8104,20.8613,20.8104,20.8254,1820.2393158154,0
AOK.US,D,20090807,000000,20.8524,20.9142,20.8174,20.8174,1166.7172707099,0
AOK.US,D,20090810,000000,21.2015,21.2015,20.8672,20.9142,15689.540754658,0
AOK.US,D,20090811,000000,20.8344,20.8752,20.7636,20.8174,4187.7532276854,0
AOK.US,D,20090812,000000,20.973,21.1466,20.8254,20.9411,10861.295829392,0
AOK.US,D,20090813,000000,20.973,20.979,20.973,20.973,3547.261530105,0
AOK.US,D,20090814,000000,20.7476,21.1466,20.7476,20.8992,16449.310248814,0
AOK.US,D,20090817,000000,20.8434,20.8434,20.7156,20.7306,5603.0494357973,0
AOK.US,D,20090818,000000,20.8613,20.9062,20.7716,20.8992,4635.7967156642,0
AOK.US,D,20090819,000000,21.1466,21.6085,20.8024,20.8174,7627.7649743144,0
AOK.US,D,20090820,000000,20.8902,20.979,20.8902,20.979,701.63409750593,0
AOK.US,D,20090821,000000,21.1307,21.1307,20.987,21.1117,4999.6441119422,0
AOK.US,D,20090824,000000,21.2434,21.3432,21.1207,21.1856,55555.38784052,0
AOK.US,D,20090825,000000,21.2524,21.2524,20.987,21.1686,15033.011706277,0
AOK.US,D,20090826,000000,21.3282,21.3282,21.1207,21.1616,7998.6287115676,0
AOK.US,D,20090827,000000,21.2085,21.4389,20.987,21.1856,32147.872013297,0
AOK.US,D,20090828,000000,21.1945,21.2015,21.1756,21.1945,22257.838241738,0
AOK.US,D,20090831,000000,21.1856,21.1856,20.987,21.1536,15951.150039584,0
AOK.US,D,20090901,000000,21.3282,21.3282,20.9062,21.0299,11954.842687076,0
AOK.US,D,20090902,000000,21.0558,21.0558,20.7226,20.973,3997.3096869338,0
AOK.US,D,20090903,000000,21.1945,21.1945,20.7636,20.987,803.87220885679,0
AOK.US,D,20090904,000000,21.2015,21.2015,20.9062,21.0738,12085.146162327,0
AOK.US,D,20090908,000000,21.2933,21.2933,21.1466,21.1616,3013.0172815754,0
AOK.US,D,20090909,000000,21.6085,21.6085,21.1945,21.2215,2004.6688500169,0
AOK.US,D,20090910,000000,21.2085,21.3432,21.1307,21.3432,9631.4314899064,0
AOK.US,D,20090911,000000,21.6015,21.6015,21.0379,21.3432,26283.213292572,0
AOK.US,D,20090914,000000,21.408,21.408,21.2085,21.3671,953.22003818305,0
AOK.US,D,20090915,000000,21.3671,21.408,21.3511,21.408,2418.6329675454,0
AOK.US,D,20090916,000000,21.6225,21.6225,21.3991,21.5098,4856.310289166,0
AOK.US,D,20090917,000000,21.5267,21.5497,21.3991,21.5267,33429.857742882,0
AOK.US,D,20090918,000000,21.4739,21.5497,21.3911,21.5497,18994.23735391,0
AOK.US,D,20090921,000000,21.5567,21.6225,21.3751,21.5028,4777.1258695903,0
AOK.US,D,20090922,000000,21.4809,21.5497,21.4809,21.5337,4610.7383550389,0
AOK.US,D,20090923,000000,21.5427,21.5567,21.4879,21.4879,14277.25154982,0
AOK.US,D,20090924,000000,21.3841,21.4479,21.3591,21.4479,5642.1404783727,0
AOK.US,D,20090925,000000,21.5098,21.5098,21.3511,21.417,6270.604162853,0
AOK.US,D,20090928,000000,21.5667,21.6015,21.3511,21.5098,7564.6179055389,0
AOK.US,D,20090929,000000,21.5427,21.5427,21.3841,21.5028,4536.5656075883,0
AOK.US,D,20090930,000000,21.6015,21.6015,21.4389,21.5098,26532.7945644,0
AOK.US,D,20091001,000000,21.5826,21.5826,21.3432,21.3671,28477.323348916,0
AOK.US,D,20091002,000000,21.2773,21.3123,21.1307,21.2594,31297.892420889,0
AOK.US,D,20091005,000000,21.3432,21.3671,21.2524,21.3671,9974.2298632592,0
AOK.US,D,20091006,000000,21.5497,21.5497,21.3342,21.431,32165.914032947,0
AOK.US,D,20091007,000000,21.4739,21.4809,21.3991,21.4809,27059.020137529,0
AOK.US,D,20091008,000000,21.4809,21.5826,21.4579,21.5337,14479.723103673,0
AOK.US,D,20091009,000000,21.3841,21.4948,21.3841,21.4739,15458.00150248,0
AOK.US,D,20091012,000000,21.6595,21.6595,21.5098,21.5337,4751.0651745401,0
AOK.US,D,20091013,000000,21.5667,21.5667,21.4948,21.5337,5849.6237043494,0
AOK.US,D,20091014,000000,21.8809,21.8809,21.5337,21.6225,3387.8903565286,0
AOK.US,D,20091015,000000,21.4479,21.6165,21.4479,21.6165,4492.4628928879,0
AOK.US,D,20091016,000000,21.5187,21.5916,21.5187,21.5916,16781.082943492,0
AOK.US,D,20091019,000000,21.5427,21.6933,21.4479,21.6863,18127.218076278,0
AOK.US,D,20091020,000000,21.6375,21.9947,21.6295,21.6375,4454.3741847376,0
AOK.US,D,20091021,000000,21.6685,21.6774,21.5916,21.5916,13883.334120793,0
AOK.US,D,20091022,000000,21.5267,21.6295,21.4879,21.6295,7086.5043848099,0
AOK.US,D,20091023,000000,21.6165,21.6165,21.4739,21.4739,10458.357390538,0
AOK.US,D,20091026,000000,21.5187,21.5826,21.3841,21.4479,4024.372716409,0
AOK.US,D,20091027,000000,21.6933,21.6933,21.4809,21.4809,1392.2425163368,0
AOK.US,D,20091028,000000,21.4739,21.4739,21.3192,21.3432,7441.3307712629,0
AOK.US,D,20091029,000000,21.3751,21.4389,21.3751,21.417,2868.6811243742,0
AOK.US,D,20091030,000000,21.431,21.4479,21.3033,21.3511,19795.102559492,0
AOK.US,D,20091102,000000,21.3591,21.408,21.3033,21.3751,7347.1113353121,0
AOK.US,D,20091103,000000,21.2773,21.3282,21.2773,21.3123,8986.9304546259,0
AOK.US,D,20091104,000000,21.3911,21.5667,21.3751,21.3751,5502.8159932965,0
AOK.US,D,20091105,000000,21.4389,21.4649,21.3591,21.4649,38102.740832271,0
AOK.US,D,20091106,000000,21.423,21.4739,21.3991,21.4739,3328.7526254531,0
AOK.US,D,20091109,000000,21.7641,21.7641,21.5737,21.6165,11118.895776619,0
AOK.US,D,20091110,000000,21.5916,21.7423,21.4948,21.6455,28779.026010843,0
AOK.US,D,20091111,000000,21.6933,21.6983,21.6863,21.6983,989.30407748336,0
AOK.US,D,20091112,000000,21.7073,21.7073,21.6225,21.6525,15814.832557784,0
AOK.US,D,20091113,000000,21.6015,21.6933,21.4579,21.6685,10951.505927643,0
AOK.US,D,20091116,000000,21.8251,21.8709,21.7971,21.8709,3011.0126127254,0
AOK.US,D,20091117,000000,21.9039,21.9039,21.7573,21.8629,31937.381784045,0
AOK.US,D,20091118,000000,21.7721,21.847,21.7721,21.8041,23446.606869798,0
AOK.US,D,20091119,000000,21.7971,21.7971,21.7073,21.7573,7115.5720831351,0
AOK.US,D,20091120,000000,21.7513,21.7513,21.6685,21.6983,5135.9615937434,0
AOK.US,D,20091123,000000,21.7971,21.8101,21.7423,21.7811,19369.110428863,0
AOK.US,D,20091124,000000,21.7073,21.8171,21.7073,21.7721,32532.7684325,0
AOK.US,D,20091125,000000,21.8041,21.8041,21.7971,21.8041,650.51504183049,0
AOK.US,D,20091127,000000,21.5667,21.7573,21.5667,21.7423,13103.517938136,0
AOK.US,D,20091130,000000,21.6863,21.7573,21.6863,21.7573,14301.307576021,0
AOK.US,D,20091201,000000,21.9039,21.9039,21.6863,21.8559,10832.228131066,0
AOK.US,D,20091202,000000,21.8709,21.8709,21.7971,21.8101,20881.633076202,0
AOK.US,D,20091203,000000,21.8629,21.8629,21.7423,21.7721,6628.437552581,0
AOK.US,D,20091204,000000,21.8559,21.8559,21.7811,21.7811,2345.4625545198,0
AOK.US,D,20091207,000000,21.7721,21.8041,21.7423,21.7721,14211.09747777,0
AOK.US,D,20091208,000000,21.7353,21.7423,21.6933,21.6933,6864.988476883,0
AOK.US,D,20091209,000000,21.6933,21.7073,21.6525,21.6595,7847.2762133913,0
AOK.US,D,20091210,000000,21.6295,21.6983,21.6295,21.6863,12243.515001478,0
AOK.US,D,20091211,000000,21.6933,21.6983,21.6525,21.6983,5476.7552982463,0
AOK.US,D,20091214,000000,21.6983,21.7811,21.6983,21.7811,8626.0900616229,0
AOK.US,D,20091215,000000,21.6685,21.9857,21.408,21.6685,41954.712027579,0
AOK.US,D,20091216,000000,21.7721,21.7971,21.7721,21.7811,3119.2647306263,0
AOK.US,D,20091217,000000,21.7353,21.7513,21.7073,21.7163,1869.3537026408,0
AOK.US,D,20091218,000000,21.6774,21.7423,21.6774,21.7073,5757.4089372486,0
AOK.US,D,20091221,000000,21.7811,21.7881,21.6863,21.7641,6521.1877691051,0
AOK.US,D,20091222,000000,21.7641,21.7641,21.6933,21.7641,6930.1402145085,0
AOK.US,D,20091223,000000,21.7573,21.7573,21.7573,21.7573,102.23811135086,0
AOK.US,D,20091224,000000,21.8809,21.8809,21.8101,21.8411,6979.2546013339,0
AOK.US,D,20091228,000000,21.8331,21.8331,21.7423,21.7423,7750.0497741655,0
AOK.US,D,20091229,000000,21.5187,21.7423,21.5187,21.6863,18987.221012936,0
AOK.US,D,20091230,000000,21.7353,21.7513,21.7163,21.7513,6064.1232713012,0
AOK.US,D,20091231,000000,21.7573,21.7641,21.6085,21.6085,72087.891846609,0
AOK.US,D,20100104,000000,21.7353,21.7881,21.7353,21.7641,1663.8751455141,0
AOK.US,D,20100105,000000,21.8331,21.8331,21.7641,21.8171,78540.920874814,0
AOK.US,D,20100106,000000,21.8331,21.847,21.7641,21.8101,9556.2564080307,0
AOK.US,D,20100107,000000,21.8251,21.8411,21.7811,21.8101,15051.053725928,0
AOK.US,D,20100108,000000,21.8969,21.8969,21.8101,21.8559,43801.012038445,0
AOK.US,D,20100111,000000,21.8331,21.9477,21.8331,21.8809,34657.717413518,0
AOK.US,D,20100112,000000,21.8809,21.8899,21.8331,21.8899,55115.36302794,0
AOK.US,D,20100113,000000,21.8899,21.8969,21.8331,21.8969,9005.9748087011,0
AOK.US,D,20100114,000000,21.9129,21.9308,21.8629,21.9229,6708.6243065817,0
AOK.US,D,20100115,000000,21.8809,21.8899,21.847,21.8899,8116.9041737186,0
AOK.US,D,20100119,000000,21.8809,21.9397,21.8809,21.8969,10846.260813017,0
AOK.US,D,20100120,000000,21.8709,21.8709,21.8709,21.8709,2475.7660297709,0
AOK.US,D,20100121,000000,21.8331,21.8629,21.7721,21.8041,8189.0722523192,0
AOK.US,D,20100122,000000,21.6983,21.7641,21.6525,21.6863,26063.702053495,0
AOK.US,D,20100125,000000,21.6685,21.7073,21.5737,21.6983,4527.5445977632,0
AOK.US,D,20100126,000000,21.6375,21.7253,21.6165,21.6455,5229.1786952692,0
AOK.US,D,20100127,000000,21.6165,21.6595,21.5028,21.6375,9048.0728545514,0
AOK.US,D,20100128,000000,21.5497,21.6085,21.5427,21.5916,3930.1532804582,0
AOK.US,D,20100129,000000,21.5497,21.6595,21.5497,21.5737,5750.3925962736,0
AOK.US,D,20100201,000000,21.5826,21.6595,21.5826,21.6455,4218.8255948606,0
AOK.US,D,20100202,000000,21.6525,21.7353,21.6455,21.7353,3021.0359569755,0
AOK.US,D,20100203,000000,21.6085,21.6933,21.6085,21.6165,29849.519176752,0
AOK.US,D,20100204,000000,21.5427,21.5427,21.4649,21.4649,3713.6490446564,0
AOK.US,D,20100205,000000,21.4879,21.4879,21.3511,21.4479,11284.280956746,0
AOK.US,D,20100208,000000,21.5337,21.5337,21.4479,21.4479,3050.1036553008,0
AOK.US,D,20100209,000000,21.4389,21.5427,21.4389,21.5098,5466.7319539962,0
AOK.US,D,20100210,000000,21.5098,21.5098,21.417,21.4579,4932.4877054667,0
AOK.US,D,20100211,000000,21.431,21.5028,21.431,21.5028,3968.2419886085,0
AOK.US,D,20100212,000000,21.4739,21.5187,21.4649,21.5187,1565.6463718632,0
AOK.US,D,20100216,000000,21.6295,21.6295,21.4879,21.5826,7794.1524888658,0
AOK.US,D,20100217,000000,21.5916,21.6525,21.5826,21.6165,6942.1682276086,0
AOK.US,D,20100218,000000,21.6455,21.6455,21.5826,21.6165,6221.4897760275,0
AOK.US,D,20100219,000000,21.6375,21.6595,21.6085,21.6455,12386.848824255,0
AOK.US,D,20100222,000000,21.6863,21.6863,21.6015,21.6455,17650.106889974,0
AOK.US,D,20100223,000000,21.6295,21.6863,21.5667,21.6165,42509.002964609,0
AOK.US,D,20100224,000000,21.6375,21.6455,21.6165,21.6375,4150.6668539601,0
AOK.US,D,20100225,000000,21.5737,21.5916,21.5187,21.5567,11778.431828275,0
AOK.US,D,20100226,000000,21.6375,21.6983,21.6375,21.6983,1786.1599453651,0
AOK.US,D,20100301,000000,21.7353,21.7573,21.6983,21.7163,9548.2377326306,0
AOK.US,D,20100302,000000,21.7253,21.7811,21.7073,21.7423,14511.797805273,0
AOK.US,D,20100303,000000,21.7253,21.7881,21.7253,21.7811,8283.29168827,0
AOK.US,D,20100304,000000,21.8101,21.8101,21.7423,21.7971,6478.0873888297,0
AOK.US,D,20100305,000000,21.847,21.8709,21.7971,21.8251,21426.903003406,0
AOK.US,D,20100308,000000,21.9039,21.9039,21.8809,21.8809,9025.0191627762,0
AOK.US,D,20100309,000000,21.9039,21.9477,21.8809,21.9229,6253.5644776278,0
AOK.US,D,20100310,000000,21.8411,21.9477,21.8411,21.8969,6777.7853819072,0
AOK.US,D,20100311,000000,21.9229,21.9697,21.8559,21.9607,9314.6938116037,0
AOK.US,D,20100312,000000,22.0106,22.0106,21.9308,21.9477,12048.059788602,0
AOK.US,D,20100315,000000,21.9229,21.9947,21.8969,21.9947,5336.4284787451,0
AOK.US,D,20100316,000000,21.9537,22.0805,21.9537,22.0805,8017.6730656427,0
AOK.US,D,20100317,000000,22.1213,22.1453,22.0655,22.1383,12250.531342453,0
AOK.US,D,20100318,000000,22.1383,22.1383,22.0745,22.0805,9194.4136806027,0
AOK.US,D,20100319,000000,22.0415,22.0415,22.0355,22.0355,3072.1550126509,0
AOK.US,D,20100322,000000,21.9308,22.0495,21.9308,22.0495,2337.4438791197,0
AOK.US,D,20100323,000000,22.0106,22.1054,22.0106,22.0745,32968.783907378,0
AOK.US,D,20100324,000000,21.9857,22.0415,21.9857,22.0276,10737.00636069,0
AOK.US,D,20100325,000000,21.9947,22.0415,21.9477,21.9947,13462.353662289,0
AOK.US,D,20100326,000000,22.0276,22.0415,21.9777,21.9947,8744.3655237739,0
AOK.US,D,20100329,000000,22.0186,22.0495,21.9947,21.9947,6235.5224579777,0
AOK.US,D,20100330,000000,22.0575,22.0655,21.9777,22.0575,10246.864826862,0
AOK.US,D,20100331,000000,22.0495,22.0745,21.9777,22.0495,37862.180570269,0
AOK.US,D,20100401,000000,22.1523,22.1523,22.0495,22.1054,13647.785530916,0
AOK.US,D,20100405,000000,22.0495,22.0575,22.0027,22.0415,21638.395567083,0
AOK.US,D,20100406,000000,22.0355,22.1144,22.0355,22.0905,12748.691551682,0
AOK.US,D,20100407,000000,22.0495,22.0905,22.0495,22.0495,4776.1235351653,0
AOK.US,D,20100408,000000,22.0745,22.1054,22.0415,22.0805,23747.3071973,0
AOK.US,D,20100409,000000,22.1303,22.1653,22.1054,22.1653,21543.173796707,0
AOK.US,D,20100412,000000,22.1653,22.2062,22.1303,22.1902,22988.540037569,0
AOK.US,D,20100413,000000,22.2151,22.2231,22.1453,22.2151,22985.533034294,0
AOK.US,D,20100414,000000,22.1992,22.28,22.1992,22.28,8400.564815996,0
AOK.US,D,20100415,000000,22.28,22.287,22.2321,22.287,3877.0295559327,0
AOK.US,D,20100416,000000,22.28,22.28,22.1453,22.1902,16657.795809215,0
AOK.US,D,20100419,000000,22.1812,22.1812,22.0905,22.1653,17117.867310295,0
AOK.US,D,20100420,000000,22.264,22.264,22.2151,22.2481,13618.71783259,0
AOK.US,D,20100421,000000,22.2321,22.264,22.2062,22.2481,4500.481568288,0
AOK.US,D,20100422,000000,22.2321,22.28,22.1732,22.2321,20589.953758524,0
AOK.US,D,20100423,000000,22.2022,22.3159,22.2022,22.284,7405.2467319625,0
AOK.US,D,20100426,000000,22.3648,22.3648,22.28,22.28,15279.585974829,0
AOK.US,D,20100427,000000,22.2321,22.264,22.1902,22.2151,7131.6094339352,0
AOK.US,D,20100428,000000,22.2321,22.2321,22.1453,22.1453,15100.168112753,0
AOK.US,D,20100429,000000,22.287,22.3339,22.2551,22.3339,6814.8717556326,0
AOK.US,D,20100430,000000,22.1653,22.3039,22.1653,22.2321,1393.2448507618,0
AOK.US,D,20100503,000000,22.272,22.3199,22.2401,22.287,2378.5395905451,0
AOK.US,D,20100504,000000,22.2062,22.2062,22.0984,22.1383,8070.7967901682,0
AOK.US,D,20100505,000000,22.0905,22.1054,21.9397,22.0984,16990.570838319,0
AOK.US,D,20100506,000000,22.0186,22.9474,21.5667,21.7073,38355.329107374,0
AOK.US,D,20100507,000000,21.9229,21.9229,21.7641,21.8171,6530.2087789302,0
AOK.US,D,20100510,000000,22.2551,22.2551,22.0027,22.0355,11678.198385774,0
AOK.US,D,20100511,000000,22.0495,22.1213,22.0355,22.0805,7057.4366864846,0
AOK.US,D,20100512,000000,22.1054,22.1653,22.1054,22.1653,12539.203656856,0
AOK.US,D,20100513,000000,22.1653,22.1812,22.1054,22.1453,20682.168525624,0
AOK.US,D,20100514,000000,22.1144,22.1144,21.9308,21.9308,55658.628286295,0
AOK.US,D,20100517,000000,21.9697,21.9697,21.9039,21.9229,12720.626187783,0
AOK.US,D,20100518,000000,22.0027,22.0027,21.8709,21.8809,10782.111409816,0
AOK.US,D,20100519,000000,21.8171,21.8809,21.7881,21.8629,9822.877365083,0
AOK.US,D,20100520,000000,21.6525,21.7573,21.3432,21.6595,14653.126959198,0
AOK.US,D,20100521,000000,21.5098,21.7573,21.5098,21.6863,11445.656799171,0
AOK.US,D,20100524,000000,21.7811,21.7811,21.6774,21.6774,4238.8722833608,0
AOK.US,D,20100525,000000,21.4479,21.6774,21.3991,21.6774,54572.097769586,0
AOK.US,D,20100526,000000,21.6774,21.7573,21.6085,21.6085,43674.717900894,0
AOK.US,D,20100527,000000,21.6685,21.8041,21.6685,21.7641,21930.07488476,0
AOK.US,D,20100528,000000,21.7971,21.8411,21.7641,21.8331,10269.918518637,0
AOK.US,D,20100601,000000,21.6983,21.8041,21.6933,21.6933,4688.9204401896,0
AOK.US,D,20100602,000000,21.7163,21.7721,21.6525,21.7721,10468.380734788,0
AOK.US,D,20100603,000000,21.7353,21.8041,21.7353,21.8041,21780.727055434,0
AOK.US,D,20100604,000000,21.6595,21.7423,21.5737,21.6165,18762.698101733,0
AOK.US,D,20100607,000000,21.6375,21.6375,21.5826,21.5826,7481.4241482632,0
AOK.US,D,20100608,000000,21.5737,21.6165,21.4879,21.6165,10586.656196939,0
AOK.US,D,20100609,000000,21.6685,21.6933,21.6085,21.6085,9051.0798578264,0
AOK.US,D,20100610,000000,21.6983,21.6983,21.6685,21.6983,3132.2950781515,0
AOK.US,D,20100611,000000,21.7073,21.7971,21.7073,21.7971,2063.8065810924,0
AOK.US,D,20100614,000000,21.8251,21.8629,21.8251,21.8411,28133.522641138,0
AOK.US,D,20100615,000000,21.9129,21.9697,21.8629,21.9397,8074.8061278682,0
AOK.US,D,20100616,000000,21.9477,21.9947,21.9129,21.9537,29704.180685126,0
AOK.US,D,20100617,000000,21.9607,21.9947,21.9607,21.9697,12219.458975279,0
AOK.US,D,20100618,000000,21.9777,22.0106,21.9477,22.0027,8988.9351234759,0
AOK.US,D,20100621,000000,22.0575,22.1593,21.9857,21.9947,35116.786580172,0
AOK.US,D,20100622,000000,21.9607,22.0106,21.8969,21.9229,9206.4416937028,0
AOK.US,D,20100623,000000,21.8101,21.9697,21.8101,21.9397,2099.8906203927,0
AOK.US,D,20100624,000000,21.9947,22.0027,21.7721,21.7721,34158.554869863,0
AOK.US,D,20100625,000000,21.8101,21.8629,21.8101,21.8629,1827.2556567904,0
AOK.US,D,20100628,000000,21.8559,21.8899,21.8559,21.8809,13457.341990164,0
AOK.US,D,20100629,000000,21.7163,21.7513,21.6685,21.6774,9158.3296413024,0
AOK.US,D,20100630,000000,21.7103,21.7363,21.6893,21.6893,2412.6189609954,0
AOK.US,D,20100701,000000,21.6595,21.6774,21.5737,21.6295,10405.233666013,0
AOK.US,D,20100702,000000,21.5567,21.5567,21.5028,21.5187,7847.2762133913,0
AOK.US,D,20100706,000000,21.5567,21.6375,21.5098,21.5427,10486.422754438,0
AOK.US,D,20100707,000000,21.6165,21.6774,21.6015,21.6595,3027.0499635256,0
AOK.US,D,20100708,000000,21.7353,21.7513,21.6863,21.7353,19591.628671216,0
AOK.US,D,20100709,000000,21.7641,21.7971,21.7423,21.7811,2114.9256367679,0
AOK.US,D,20100712,000000,21.7811,21.8251,21.7573,21.8101,16428.261225889,0
AOK.US,D,20100713,000000,21.8709,21.9039,21.8629,21.9039,3244.5565337524,0
AOK.US,D,20100714,000000,21.8969,21.9129,21.8709,21.9039,5935.8244649001,0
AOK.US,D,20100715,000000,21.9397,21.9397,21.847,21.9308,23392.480810848,0
AOK.US,D,20100716,000000,21.9039,21.9039,21.7721,21.7721,107824.12110143,0
AOK.US,D,20100719,000000,21.7253,21.7881,21.7253,21.7881,3157.3534387767,0
AOK.US,D,20100720,000000,21.7423,21.8331,21.7423,21.8171,18203.395492579,0
AOK.US,D,20100721,000000,21.8559,21.8559,21.7971,21.7971,2220.1707513938,0
AOK.US,D,20100722,000000,21.9537,21.9777,21.9229,21.9397,19195.706573338,0
AOK.US,D,20100723,000000,21.9477,22.0106,21.9129,22.0106,8740.3561860738,0
AOK.US,D,20100726,000000,22.0027,22.0805,21.9947,22.0805,34959.420075445,0
AOK.US,D,20100727,000000,22.1593,22.1593,22.0276,22.0655,2197.1170596186,0
AOK.US,D,20100728,000000,22.0575,22.0745,22.0106,22.0415,7916.4372887169,0
AOK.US,D,20100729,000000,22.0805,22.0805,21.9947,22.0495,11462.696484397,0
AOK.US,D,20100730,000000,22.0106,22.0905,21.9947,22.0905,27220.395979955,0
AOK.US,D,20100802,000000,22.1593,22.2151,22.1303,22.2151,18447.965092281,0
AOK.US,D,20100803,000000,22.1902,22.2062,22.1383,22.1902,11771.415487299,0
AOK.US,D,20100804,000000,22.1992,22.1992,22.1453,22.1902,21883.96750121,0
AOK.US,D,20100805,000000,22.1812,22.1992,22.1453,22.1812,11840.576562625,0
AOK.US,D,20100806,000000,22.1812,22.1992,22.1213,22.1732,17518.801080298,0
AOK.US,D,20100809,000000,22.2231,22.2231,22.1732,22.1902,5069.8075216928,0
AOK.US,D,20100810,000000,22.1523,22.2481,22.1303,22.2321,7823.2201871911,0
AOK.US,D,20100811,000000,22.0745,22.0745,22.0027,22.0355,8584.9943501975,0
AOK.US,D,20100812,000000,22.0106,22.0106,21.9308,21.9607,21060.048603853,0
AOK.US,D,20100813,000000,21.9697,21.9857,21.9537,21.9537,18958.15331461,0
AOK.US,D,20100816,000000,22.0355,22.0355,21.9947,22.0186,2261.2664628191,0
AOK.US,D,20100817,000000,22.0575,22.1054,22.0415,22.0805,9329.7288279788,0
AOK.US,D,20100818,000000,22.0745,22.1054,22.0655,22.0905,15346.742381305,0
AOK.US,D,20100819,000000,22.0186,22.0276,21.9777,22.0027,10624.74490509,0
AOK.US,D,20100820,000000,21.9857,21.9857,21.9229,21.9697,15715.601449707,0
AOK.US,D,20100823,000000,21.9308,21.9777,21.9308,21.9777,3359.8249926284,0
AOK.US,D,20100824,000000,21.8559,21.9229,21.8559,21.8809,5114.9125708182,0
AOK.US,D,20100825,000000,21.847,21.9129,21.8251,21.9039,7196.7611715608,0
AOK.US,D,20100826,000000,21.9129,21.9777,21.8899,21.9229,9773.7629782576,0
AOK.US,D,20100827,000000,21.9537,21.9537,21.9308,21.9308,15401.87077468,0
AOK.US,D,20100830,000000,21.9857,21.9857,21.9477,21.9537,6844.9417883828,0
AOK.US,D,20100831,000000,21.9467,21.9847,21.9378,21.9677,10823.207121242,0
AOK.US,D,20100901,000000,22.0745,22.1054,22.0355,22.0905,9491.1046704052,0
AOK.US,D,20100902,000000,22.1054,22.1303,22.0655,22.1213,7531.5408695136,0
AOK.US,D,20100903,000000,22.1902,22.1992,22.1453,22.1992,5905.7544321499,0
AOK.US,D,20100907,000000,22.1453,22.1812,22.1213,22.1593,5909.7637698499,0
AOK.US,D,20100908,000000,22.1523,22.1812,22.1523,22.1732,3256.5845468525,0
AOK.US,D,20100909,000000,22.1812,22.1812,22.1303,22.1303,2191.1030530685,0
AOK.US,D,20100910,000000,22.1732,22.1732,22.1383,22.1732,8099.8644884934,0
AOK.US,D,20100913,000000,22.1992,22.3039,22.1992,22.3039,25778.036742368,0
AOK.US,D,20100914,000000,22.295,22.3428,22.272,22.3199,17728.288975125,0
AOK.US,D,20100915,000000,22.295,22.3199,22.272,22.3039,5883.7030747997,0
AOK.US,D,20100916,000000,22.28,22.28,22.2231,22.272,6722.6569885318,0
AOK.US,D,20100917,000000,22.295,22.295,22.2481,22.2551,8349.4457603205,0
AOK.US,D,20100920,000000,22.3339,22.3728,22.3279,22.3428,1335.1094541113,0
AOK.US,D,20100921,000000,22.3728,22.4835,22.3728,22.4586,10119.568354886,0
AOK.US,D,20100922,000000,22.4835,22.4905,22.4067,22.4316,6128.2726745018,0
AOK.US,D,20100923,000000,22.4226,22.4226,22.3568,22.3568,8144.9695376188,0
AOK.US,D,20100924,000000,22.4396,22.4666,22.4226,22.4496,11150.970478219,0
AOK.US,D,20100927,000000,22.5134,22.5134,22.4396,22.4666,28624.666509392,0
AOK.US,D,20100928,000000,22.4666,22.5284,22.4666,22.5134,17314.324857596,0
AOK.US,D,20100929,000000,22.4756,22.5284,22.4666,22.4666,4399.2457913622,0
AOK.US,D,20100930,000000,22.5334,22.5334,22.4276,22.4955,17054.720241519,0
AOK.US,D,20101001,000000,22.4756,22.5214,22.4756,22.5214,7185.7354928857,0
AOK.US,D,20101004,000000,22.4756,22.5044,22.3818,22.4067,5361.4868393703,0
AOK.US,D,20101005,000000,22.4985,22.6122,22.4985,22.6052,10272.925521911,0
AOK.US,D,20101006,000000,22.6571,22.678,22.6202,22.6372,10306.002557937,0
AOK.US,D,20101007,000000,22.669,22.669,22.5902,22.6282,9717.6322504571,0
AOK.US,D,20101008,000000,22.6631,22.7469,22.6422,22.704,9700.5925652319,0
AOK.US,D,20101011,000000,22.704,22.722,22.669,22.714,4077.4964409344,0
AOK.US,D,20101012,000000,22.714,22.714,22.6372,22.6571,12290.624719454,0
AOK.US,D,20101013,000000,22.7469,22.7888,22.731,22.7888,9401.8969065794,0
AOK.US,D,20101014,000000,22.7888,22.8048,22.7469,22.7469,4797.1725580905,0
AOK.US,D,20101015,000000,22.7538,22.7798,22.686,22.696,15225.459915879,0
AOK.US,D,20101018,000000,22.704,22.7968,22.704,22.7968,11394.537743496,0
AOK.US,D,20101019,000000,22.696,22.7469,22.678,22.696,14282.263221945,0
AOK.US,D,20101020,000000,22.722,22.8048,22.714,22.7888,8501.8005929218,0
AOK.US,D,20101021,000000,22.8048,22.8416,22.714,22.7628,9674.5318701817,0
AOK.US,D,20101022,000000,22.731,22.7888,22.731,22.7798,13443.309308213,0
AOK.US,D,20101025,000000,22.8606,22.8766,22.8288,22.8416,11061.762714394,0
AOK.US,D,20101026,000000,22.731,22.7888,22.731,22.7718,12052.069126301,0
AOK.US,D,20101027,000000,22.722,22.722,22.6571,22.696,6668.5309295813,0
AOK.US,D,20101028,000000,22.7628,22.7628,22.686,22.739,16044.36714111,0
AOK.US,D,20101029,000000,22.7469,22.7878,22.72,22.7618,18603.326928157,0
AOK.US,D,20101101,000000,22.8416,22.8416,22.704,22.704,23018.610070319,0
AOK.US,D,20101102,000000,22.8288,22.8346,22.7798,22.8346,8393.5484750209,0
AOK.US,D,20101103,000000,22.8288,22.8676,22.7888,22.8128,3832.9268412324,0
AOK.US,D,20101104,000000,22.9304,23.0172,22.9304,23.0122,63692.338702738,0
AOK.US,D,20101105,000000,23.0172,23.0272,22.9644,22.9794,8956.8604218757,0
AOK.US,D,20101108,000000,23.0033,23.0033,22.9564,22.9794,13863.287432292,0
AOK.US,D,20101109,000000,22.9794,23.0033,22.6122,22.8288,22332.010989189,0
AOK.US,D,20101110,000000,22.8048,22.8516,22.3568,22.8516,49757.88552627,0
AOK.US,D,20101111,000000,22.8128,22.8346,22.8128,22.8346,4870.3429711161,0
AOK.US,D,20101112,000000,22.7628,22.8208,22.696,22.696,12865.964679409,0
AOK.US,D,20101115,000000,22.714,22.739,22.6282,22.6282,3364.8366647534,0
AOK.US,D,20101116,000000,22.5693,22.5693,22.4666,22.4835,6184.4034023022,0
AOK.US,D,20101117,000000,22.5214,22.5763,22.5214,22.5354,10210.780787561,0
AOK.US,D,20101118,000000,22.6422,22.6422,22.6052,22.6122,10359.126282462,0
AOK.US,D,20101119,000000,22.6122,22.669,22.5843,22.669,14069.768323844,0
AOK.US,D,20101122,000000,22.686,22.696,22.6282,22.6631,20754.336604226,0
AOK.US,D,20101123,000000,22.6282,22.6282,22.5843,22.6052,8621.0783894978,0
AOK.US,D,20101124,000000,22.5982,22.6571,22.5982,22.6202,27193.33295048,0
AOK.US,D,20101126,000000,22.6372,22.6372,22.5982,22.6282,2972.9239045751,0
AOK.US,D,20101129,000000,22.5902,22.6122,22.5354,22.6052,19121.533825886,0
AOK.US,D,20101130,000000,22.5992,22.6062,22.5713,22.5713,4400.2481257872,0
AOK.US,D,20101201,000000,22.6052,22.6631,22.6052,22.6122,16504.43864219,0
AOK.US,D,20101202,000000,22.6571,22.686,22.6122,22.6422,10474.394741338,0
AOK.US,D,20101203,000000,22.6122,22.669,22.6122,22.6571,11310.341651795,0
AOK.US,D,20101206,000000,22.731,22.7628,22.696,22.7628,13250.861098612,0
AOK.US,D,20101207,000000,22.7538,22.7628,22.6512,22.6512,63254.318559009,0
AOK.US,D,20101208,000000,22.6282,22.6372,22.5693,22.6122,10774.092734416,0
AOK.US,D,20101209,000000,22.5982,22.6512,22.5693,22.5843,28502.381709541,0
AOK.US,D,20101210,000000,22.6631,22.6631,22.5902,22.6282,14696.227339474,0
AOK.US,D,20101213,000000,22.6571,22.714,22.6282,22.678,13682.867235791,0
AOK.US,D,20101214,000000,22.6422,22.6512,22.5524,22.5524,6664.5215918813,0
AOK.US,D,20101215,000000,22.6282,22.6631,22.5284,22.5284,5391.5568721205,0
AOK.US,D,20101216,000000,22.5892,22.6192,22.5344,22.5892,11338.407015696,0
AOK.US,D,20101217,000000,22.5982,22.686,22.5982,22.686,11773.42015615,0
AOK.US,D,20101220,000000,22.731,22.731,22.669,22.704,133022.80854615,0
AOK.US,D,20101221,000000,22.7628,22.7628,22.704,22.7538,2908.7745013746,0
AOK.US,D,20101222,000000,22.8208,22.8208,22.739,22.7798,12365.799801329,0
AOK.US,D,20101223,000000,22.731,22.7538,22.731,22.7469,11424.607776247,0
AOK.US,D,20101228,000000,22.722,22.7628,22.696,22.714,4776.1235351653,0
AOK.US,D,20101229,000000,22.718,22.8088,22.718,22.7928,10408.240669288,0
AOK.US,D,20101230,000000,22.7668,22.8088,22.7508,22.7668,4656.8457385893,0
AOK.US,D,20101231,000000,22.8148,22.8726,22.8148,22.8556,3882.0412280578,0
AOK.US,D,20110103,000000,22.8676,22.9394,22.8128,22.8846,13785.105347142,0
AOK.US,D,20110104,000000,22.9564,22.9564,22.8516,22.8846,64029.123069541,0
AOK.US,D,20110105,000000,22.8128,22.8676,22.8048,22.8606,8553.9219830222,0
AOK.US,D,20110106,000000,22.8676,22.8676,22.8048,22.8416,8790.4729073242,0
AOK.US,D,20110107,000000,22.8676,22.8676,22.7888,22.8288,16264.880714612,0
AOK.US,D,20110110,000000,22.8516,22.8766,22.7968,22.8766,14634.082605124,0
AOK.US,D,20110111,000000,22.8846,22.8936,22.8416,22.8846,5796.499979824,0
AOK.US,D,20110112,000000,22.9304,22.9644,22.9006,22.9224,16990.570838319,0
AOK.US,D,20110113,000000,22.9644,22.9874,22.9394,22.9644,9797.8190044578,0
AOK.US,D,20110114,000000,22.9724,23.0172,22.9724,23.0033,21268.534164254,0
AOK.US,D,20110118,000000,23.0033,23.0272,22.9724,23.0033,15005.948676802,0
AOK.US,D,20110119,000000,23.0033,23.0332,22.9304,22.9724,20169.975634446,0
AOK.US,D,20110120,000000,22.9224,22.9224,22.8606,22.8606,6897.0631784833,0
AOK.US,D,20110121,000000,22.9224,22.9224,22.8676,22.8766,7823.2201871911,0
AOK.US,D,20110124,000000,22.9145,22.9564,22.8936,22.9564,5652.1638226227,0
AOK.US,D,20110125,000000,22.9474,22.9794,22.9006,22.9724,10702.926990241,0
AOK.US,D,20110126,000000,23.0033,23.0272,22.9874,23.0033,25593.607208166,0
AOK.US,D,20110127,000000,22.9874,23.0412,22.9874,23.0412,17301.294510072,0
AOK.US,D,20110128,000000,22.9874,23.0332,22.9096,22.9145,9545.2307293556,0
AOK.US,D,20110131,000000,22.9444,22.9534,22.9444,22.9534,6165.3590482271,0
AOK.US,D,20110201,000000,22.9874,23.0492,22.9874,23.0272,15133.245148778,0
AOK.US,D,20110202,000000,23.0033,23.0272,22.9724,22.9724,1866.3466993658,0
AOK.US,D,20110203,000000,22.9644,22.9644,22.9304,22.9644,25253.815838088,0
AOK.US,D,20110204,000000,22.9224,22.9304,22.8936,22.9304,6908.0888571583,0
AOK.US,D,20110207,000000,22.9304,22.9724,22.9145,22.9564,5733.3529110484,0
AOK.US,D,20110208,000000,22.9644,22.9724,22.9224,22.9224,14005.618920643,0
AOK.US,D,20110209,000000,22.9145,22.9564,22.9006,22.9474,12490.089270031,0
AOK.US,D,20110210,000000,22.8846,22.9096,22.8766,22.8936,15908.04965931,0
AOK.US,D,20110211,000000,22.9474,22.9794,22.9394,22.9794,5277.2907476696,0
AOK.US,D,20110214,000000,22.9794,23.0033,22.9794,22.9794,9400.8945721544,0
AOK.US,D,20110215,000000,22.9954,23.0033,22.9564,22.9874,6288.6461825031,0
AOK.US,D,20110216,000000,23.0172,23.0272,22.9954,23.0033,6303.6811988782,0
AOK.US,D,20110217,000000,23.0033,23.0801,22.9874,23.0492,9419.9389262296,0
AOK.US,D,20110218,000000,23.0801,23.11,23.0412,23.0941,27725.57253016,0
AOK.US,D,20110222,000000,23.0632,23.102,23.0172,23.0332,28691.822915867,0
AOK.US,D,20110223,000000,23.0172,23.0332,22.9794,23.0033,23880.617675827,0
AOK.US,D,20110224,000000,23.0492,23.0572,23.0033,23.0492,12167.337585177,0
AOK.US,D,20110225,000000,23.0801,23.129,23.0801,23.129,24370.759209655,0
AOK.US,D,20110228,000000,23.1729,23.1809,23.118,23.135,14406.552690647,0
AOK.US,D,20110301,000000,23.1729,23.1729,23.0861,23.1011,15117.207797977,0
AOK.US,D,20110302,000000,23.0801,23.144,23.0801,23.1011,39724.517931935,0
AOK.US,D,20110303,000000,23.11,23.1649,23.0861,23.159,34494.336902241,0
AOK.US,D,20110304,000000,23.1739,23.1908,23.129,23.144,20013.611464144,0
AOK.US,D,20110307,000000,23.3744,23.3744,23.0871,23.137,42147.160237181,0
AOK.US,D,20110308,000000,23.0492,23.1739,23.0492,23.1739,29619.984593426,0
AOK.US,D,20110309,000000,23.129,23.1908,23.12,23.1739,10778.102072116,0
AOK.US,D,20110310,000000,23.136,23.136,23.0712,23.129,14867.626526151,0
AOK.US,D,20110311,000000,23.0492,23.137,23.0492,23.137,14834.549490125,0
AOK.US,D,20110314,000000,23.11,23.11,23.0562,23.0871,17121.876647994,0
AOK.US,D,20110315,000000,22.9874,23.0632,22.9474,23.0632,17903.697499501,0
AOK.US,D,20110316,000000,23.0492,23.0712,22.9794,22.9794,13960.513871518,0
AOK.US,D,20110317,000000,23.0791,23.0791,23.0402,23.0402,14022.658605868,0
AOK.US,D,20110318,000000,23.119,23.119,23.0712,23.0941,10909.407881792,0
AOK.US,D,20110321,000000,23.144,23.1739,23.137,23.1739,12209.435631029,0
AOK.US,D,20110322,000000,23.151,23.16,23.102,23.102,5992.9575271256,0
AOK.US,D,20110323,000000,23.144,23.144,23.0871,23.11,11597.009297348,0
AOK.US,D,20110324,000000,23.16,23.1649,23.129,23.1649,4914.4456858165,0
AOK.US,D,20110325,000000,23.2158,23.2158,23.144,23.159,28415.178614565,0
AOK.US,D,20110328,000000,23.1649,23.1739,23.137,23.137,26388.458407198,0
AOK.US,D,20110329,000000,23.11,23.1649,23.11,23.137,18822.838167234,0
AOK.US,D,20110330,000000,23.1739,23.2427,23.1649,23.2248,37475.279482217,0
AOK.US,D,20110331,000000,23.2627,23.2627,23.2108,23.2198,9326.7218247038,0
AOK.US,D,20110401,000000,23.2427,23.2906,23.2427,23.2906,4667.8714172644,0
AOK.US,D,20110404,000000,23.3206,23.3295,23.2816,23.2966,13872.308442117,0
AOK.US,D,20110405,000000,23.2657,23.3355,23.2657,23.3016,10687.891973865,0
AOK.US,D,20110406,000000,23.2906,23.3295,23.2906,23.2906,7560.6085678389,0
AOK.US,D,20110407,000000,23.2886,23.3106,23.2747,23.2747,14962.848296527,0
AOK.US,D,20110408,000000,23.2767,23.2966,23.2677,23.2816,100920.04158198,0
AOK.US,D,20110411,000000,23.2966,23.2966,23.2248,23.2248,11833.56022165,0
AOK.US,D,20110412,000000,23.2048,23.2567,23.2048,23.2567,8844.5989662747,0
AOK.US,D,20110413,000000,23.2767,23.2767,23.2427,23.2677,2874.6951309243,0
AOK.US,D,20110414,000000,23.2507,23.2767,23.2158,23.2597,4973.583416892,0
AOK.US,D,20110415,000000,23.3036,23.3365,23.3036,23.3295,16793.110956591,0
AOK.US,D,20110418,000000,23.2816,23.2816,23.2078,23.2767,12482.070594631,0
AOK.US,D,20110419,000000,23.2816,23.3295,23.2677,23.3295,7464.384463038,0
AOK.US,D,20110420,000000,23.3435,23.4093,23.3435,23.3595,19649.764067866,0
AOK.US,D,20110421,000000,23.4093,23.4333,23.3834,23.4004,56847.396914355,0
AOK.US,D,20110425,000000,23.4093,23.4423,23.3914,23.4423,29443.573734624,0
AOK.US,D,20110426,000000,23.4553,23.5141,23.4553,23.4852,45081.995433606,0
AOK.US,D,20110427,000000,23.4652,23.5091,23.4652,23.4872,26050.67170597,0
AOK.US,D,20110428,000000,23.549,23.566,23.5161,23.549,4345.1197324117,0
AOK.US,D,20110429,000000,23.5819,23.9161,23.566,23.5819,19202.722914312,0
AOK.US,D,20110502,000000,23.6069,23.6139,23.5919,23.6139,26685.149397001,0
AOK.US,D,20110503,000000,23.6079,23.6079,23.5411,23.5839,23792.412246426,0
AOK.US,D,20110504,000000,23.5889,23.5969,23.5071,23.5321,16612.69076009,0
AOK.US,D,20110505,000000,23.5101,23.55,23.4802,23.5171,47072.631601673,0
AOK.US,D,20110506,000000,23.564,23.5799,23.5141,23.5141,11409.572759872,0
AOK.US,D,20110509,000000,23.4991,23.5799,23.4991,23.5799,13798.135694667,0
AOK.US,D,20110510,000000,23.5889,23.6049,23.5391,23.5969,28610.633827441,0
AOK.US,D,20110511,000000,23.5989,23.5989,23.5171,23.5261,4833.2565973908,0
AOK.US,D,20110512,000000,23.5231,23.5461,23.5071,23.5321,21494.059409881,0
AOK.US,D,20110513,000000,23.5321,23.5321,23.4852,23.4991,6004.9855402257,0
AOK.US,D,20110516,000000,23.5071,23.5231,23.4632,23.4991,22718.912077242,0
AOK.US,D,20110517,000000,23.4712,23.4712,23.4303,23.4553,8501.8005929218,0
AOK.US,D,20110518,000000,23.4632,23.5321,23.4632,23.5321,4164.6995359102,0
AOK.US,D,20110519,000000,23.4921,23.5231,23.4921,23.5071,6100.2073106015,0
AOK.US,D,20110520,000000,23.4882,23.5171,23.4802,23.5101,3249.5682058774,0
AOK.US,D,20110523,000000,23.4403,23.4921,23.3904,23.4303,40064.309302014,0
AOK.US,D,20110524,000000,23.4553,23.4632,23.4073,23.4483,12898.039381009,0
AOK.US,D,20110525,000000,23.4403,23.4782,23.4303,23.4782,3395.9090319287,0
AOK.US,D,20110526,000000,23.4632,23.5141,23.4403,23.5141,18654.445983833,0
AOK.US,D,20110527,000000,23.55,23.558,23.5261,23.5341,3027.0499635256,0
AOK.US,D,20110531,000000,23.5969,23.6119,23.555,23.5969,35627.977136926,0
AOK.US,D,20110601,000000,23.564,23.6049,23.5321,23.5461,121282.46542602,0
AOK.US,D,20110602,000000,23.4732,23.5411,23.4732,23.4951,16645.767796115,0
AOK.US,D,20110603,000000,23.4732,23.5011,23.4573,23.4732,10222.808800661,0
AOK.US,D,20110606,000000,23.4333,23.4573,23.3844,23.4103,16668.821487891,0
AOK.US,D,20110607,000000,23.4103,23.4423,23.4004,23.4263,6493.1224052048,0
AOK.US,D,20110608,000000,23.4263,23.4333,23.3744,23.4103,15687.536085808,0
AOK.US,D,20110609,000000,23.4083,23.4423,23.3824,23.4423,12417.921191429,0
AOK.US,D,20110610,000000,23.4573,23.4573,23.3216,23.3295,10827.216458941,0
AOK.US,D,20110613,000000,23.2966,23.3435,23.2966,23.3365,13603.682816215,0
AOK.US,D,20110614,000000,23.3365,23.3844,23.3365,23.3744,6301.6765300282,0
AOK.US,D,20110615,000000,23.3295,23.3435,23.2966,23.3136,59289.083573676,0
AOK.US,D,20110616,000000,23.2946,23.3435,23.2657,23.2946,11705.261415249,0
AOK.US,D,20110617,000000,23.3515,23.3515,23.2966,23.3435,63757.490440363,0
AOK.US,D,20110620,000000,23.2966,23.3435,23.2966,23.3365,9378.8432148042,0
AOK.US,D,20110621,000000,23.3844,23.4503,23.3435,23.4333,146438.05249046,0
AOK.US,D,20110622,000000,23.3744,23.4423,23.3744,23.4103,9184.3903363526,0
AOK.US,D,20110623,000000,23.3365,23.4103,23.2966,23.4103,20012.609129719,0
AOK.US,D,20110624,000000,23.2238,23.4323,23.2238,23.3665,33595.242923009,0
AOK.US,D,20110627,000000,23.4103,23.4173,23.3744,23.4173,26809.438865701,0
AOK.US,D,20110628,000000,23.4173,23.4423,23.4103,23.4263,8036.7174197179,0
AOK.US,D,20110629,000000,23.4652,23.4802,23.4503,23.4732,30190.312881255,0
AOK.US,D,20110630,000000,23.4931,23.5241,23.4642,23.4931,81945.850916567,0
AOK.US,D,20110701,000000,23.5211,23.5969,23.4901,23.5969,40913.286559996,0
AOK.US,D,20110705,000000,23.6349,23.6349,23.5729,23.5969,14567.928533073,0
AOK.US,D,20110706,000000,23.5919,23.6488,23.5919,23.6398,13797.133360242,0
AOK.US,D,20110707,000000,23.6448,23.6877,23.6349,23.6787,61756.830928047,0
AOK.US,D,20110708,000000,23.6787,23.6957,23.6209,23.6957,7651.8210005146,0
AOK.US,D,20110711,000000,23.6239,23.6577,23.5829,23.5919,32067.685259296,0
AOK.US,D,20110712,000000,23.6279,23.6279,23.5789,23.5789,31777.008276044,0
AOK.US,D,20110713,000000,23.6079,23.6987,23.6079,23.6737,11716.287093924,0
AOK.US,D,20110714,000000,23.6577,23.6817,23.5829,23.5829,10402.226662738,0
AOK.US,D,20110715,000000,23.563,23.6279,23.563,23.6279,4722.9998106399,0
AOK.US,D,20110718,000000,23.6239,23.6239,23.5171,23.5749,21694.526294883,0
AOK.US,D,20110719,000000,23.6398,23.6667,23.6079,23.6577,75940.865376341,0
AOK.US,D,20110720,000000,23.6817,23.6917,23.6488,23.6817,17047.703900544,0
AOK.US,D,20110721,000000,23.6917,23.7207,23.6817,23.7047,34993.499445895,0
AOK.US,D,20110722,000000,23.7316,23.7465,23.6957,23.7465,13145.615983986,0
AOK.US,D,20110725,000000,23.6667,23.7286,23.6667,23.6917,7129.6047650852,0
AOK.US,D,20110726,000000,23.7137,23.7217,23.6987,23.6987,6760.7456966821,0
AOK.US,D,20110727,000000,23.6987,23.6987,23.558,23.558,31157.565601388,0
AOK.US,D,20110728,000000,23.567,23.6488,23.558,23.558,38712.160162677,0
AOK.US,D,20110729,000000,23.56,23.6607,23.5021,23.6329,38520.714287501,0
AOK.US,D,20110801,000000,23.9061,23.9061,23.5301,23.6448,17576.936476949,0
AOK.US,D,20110802,000000,23.6488,23.7425,23.6079,23.6159,26536.803902099,0
AOK.US,D,20110803,000000,23.554,23.5969,23.5301,23.5301,19083.445117736,0
AOK.US,D,20110804,000000,23.5341,23.5341,23.3495,23.3994,207731.80491416,0
AOK.US,D,20110805,000000,23.3874,23.3874,23.1669,23.2617,38675.073788952,0
AOK.US,D,20110808,000000,23.1669,23.1669,22.9374,22.9944,83167.696580652,0
AOK.US,D,20110809,000000,23.0013,23.2527,22.9944,23.2527,34691.796783968,0
AOK.US,D,20110810,000000,23.2258,23.2617,23.152,23.1749,20181.00131312,0
AOK.US,D,20110811,000000,23.1839,23.2617,23.13,23.2617,43721.827618869,0
AOK.US,D,20110812,000000,23.3475,23.3475,22.9374,23.2926,38636.985080801,0
AOK.US,D,20110815,000000,23.3395,23.4203,23.3395,23.3874,127559.08359543,0
AOK.US,D,20110816,000000,23.3784,23.3874,23.3545,23.3784,25210.715457813,0
AOK.US,D,20110817,000000,23.4543,23.4543,23.3784,23.4283,57221.267654884,0
AOK.US,D,20110818,000000,23.3395,23.3395,23.144,23.1669,62006.412199874,0
AOK.US,D,20110819,000000,23.0911,23.2567,23.0821,23.148,53089.645154999,0
AOK.US,D,20110822,000000,23.2457,23.2457,23.0801,23.0801,25271.857857739,0
AOK.US,D,20110823,000000,23.0712,23.2457,23.0712,23.2457,14419.583038172,0
AOK.US,D,20110824,000000,23.1998,23.1998,23.137,23.1839,14758.372073824,0
AOK.US,D,20110825,000000,23.1749,23.3146,22.8656,23.102,71940.548686133,0
AOK.US,D,20110826,000000,23.156,23.2657,23.0821,23.2128,33921.001611136,0
AOK.US,D,20110829,000000,23.2926,23.3704,23.2617,23.3395,118110.07697087,0
AOK.US,D,20110830,000000,23.3395,23.4373,23.3395,23.4044,22409.190739914,0
AOK.US,D,20110831,000000,23.5001,23.5161,23.4303,23.4553,32722.209638827,0
AOK.US,D,20110901,000000,23.4981,23.4981,23.4543,23.4543,138395.32106419,0
AOK.US,D,20110902,000000,23.3565,23.4153,23.3485,23.3984,15110.191457003,0
AOK.US,D,20110906,000000,23.2228,23.3275,23.2228,23.3186,72262.29803656,0
AOK.US,D,20110907,000000,23.3874,23.4383,23.3545,23.4283,33127.15274653,0
AOK.US,D,20110908,000000,23.4283,23.4383,23.3784,23.3964,35070.679196621,0
AOK.US,D,20110909,000000,23.3365,23.3585,23.2657,23.2816,16515.464320864,0
AOK.US,D,20110912,000000,23.132,23.2657,23.132,23.2657,14520.818815097,0
AOK.US,D,20110913,000000,23.3186,23.3186,23.2398,23.2886,41308.206323449,0
AOK.US,D,20110914,000000,23.3275,23.3665,23.2886,23.3365,4510.5049125381,0
AOK.US,D,20110915,000000,23.3914,23.4253,23.3495,23.4253,24378.777885056,0
AOK.US,D,20110916,000000,23.4253,23.4423,23.4253,23.4423,37352.994682366,0
AOK.US,D,20110919,000000,23.3585,23.4323,23.3495,23.4253,50854.43938723,0
AOK.US,D,20110920,000000,23.4423,23.4792,23.4423,23.4423,16518.47132414,0
AOK.US,D,20110921,000000,23.4493,23.4732,23.3016,23.3016,17271.224477321,0
AOK.US,D,20110922,000000,23.141,23.2128,23.0971,23.124,24048.007524803,0
AOK.US,D,20110923,000000,23.12,23.152,23.0801,23.129,28430.21363094,0
AOK.US,D,20110926,000000,23.1709,23.1869,23.0821,23.1869,33221.37218248,0
AOK.US,D,20110927,000000,23.4423,23.4423,23.2048,23.2487,25802.092768568,0
AOK.US,D,20110928,000000,23.2816,23.2816,23.1629,23.1709,9543.2260605056,0
AOK.US,D,20110929,000000,23.2228,23.2487,23.0752,23.148,24182.320337755,0
AOK.US,D,20110930,000000,23.12,23.12,23.0402,23.0402,7656.8326726397,0
AOK.US,D,20111003,000000,22.9584,23.0752,22.9414,22.9414,17098.822956219,0
AOK.US,D,20111004,000000,22.8636,22.9444,22.741,22.8806,19636.733720341,0
AOK.US,D,20111005,000000,23.0053,23.0981,22.9973,23.0981,41604.897313252,0
AOK.US,D,20111006,000000,23.105,23.1779,23.0821,23.1779,61672.634836346,0
AOK.US,D,20111007,000000,23.1998,23.1998,23.12,23.137,23652.085426925,0
AOK.US,D,20111010,000000,23.1659,23.2527,23.1659,23.2447,27641.376438458,0
AOK.US,D,20111011,000000,23.1998,23.2916,23.1998,23.2846,19984.543765819,0
AOK.US,D,20111012,000000,23.2846,23.3704,23.2777,23.3635,17121.876647994,0
AOK.US,D,20111013,000000,23.2527,23.3146,23.2527,23.2916,11604.025638323,0
AOK.US,D,20111014,000000,23.3635,23.3964,23.3325,23.3964,15480.05285983,0
AOK.US,D,20111017,000000,23.3395,23.3704,23.2916,23.2916,49669.680096869,0
AOK.US,D,20111018,000000,23.3395,23.4383,23.2986,23.4383,49676.696437845,0
AOK.US,D,20111019,000000,23.4203,23.4543,23.3545,23.3635,13390.185583688,0
AOK.US,D,20111020,000000,23.3874,23.4283,23.3325,23.4044,17823.5107455,0
AOK.US,D,20111021,000000,23.4583,23.4951,23.4263,23.4503,18522.137839731,0
AOK.US,D,20111024,000000,23.4612,23.6119,23.4612,23.6119,8809.5172613994,0
AOK.US,D,20111025,000000,23.5401,23.5979,23.5241,23.5481,22872.269244268,0
AOK.US,D,20111026,000000,23.6448,23.6448,23.5221,23.5969,22618.678634741,0
AOK.US,D,20111027,000000,23.7257,23.7735,23.6797,23.7475,110285.85444926,0
AOK.US,D,20111028,000000,23.7445,23.7705,23.7077,23.7535,72357.519806936,0
AOK.US,D,20111031,000000,23.7365,23.7515,23.6997,23.7057,37069.334040088,0
AOK.US,D,20111101,000000,23.5819,23.6478,23.5819,23.6319,22022.289651861,0
AOK.US,D,20111102,000000,23.6677,23.7237,23.6508,23.7237,14457.671746322,0
AOK.US,D,20111103,000000,23.7217,23.8025,23.7217,23.7955,29196.999466071,0
AOK.US,D,20111104,000000,23.7505,23.7765,23.7217,23.7765,16059.402157485,0
AOK.US,D,20111107,000000,23.7385,23.8213,23.7385,23.8213,31884.258059519,0
AOK.US,D,20111108,000000,23.7985,23.8463,23.7985,23.8463,29237.092843072,0
AOK.US,D,20111109,000000,23.7415,23.7675,23.6388,23.6388,35287.183432423,0
AOK.US,D,20111110,000000,23.6987,23.6987,23.6478,23.6737,28242.777093463,0
AOK.US,D,20111111,000000,23.6677,23.7625,23.6677,23.7535,14223.12549087,0
AOK.US,D,20111114,000000,23.7306,23.7306,23.6607,23.6677,34319.93071229,0
AOK.US,D,20111115,000000,23.7077,23.7306,23.6508,23.7167,14022.658605868,0
AOK.US,D,20111116,000000,23.6677,23.7007,23.6179,23.6508,67662.585360197,0
AOK.US,D,20111117,000000,23.56,23.5759,23.4732,23.4951,25957.454604444,0
AOK.US,D,20111118,000000,23.4931,23.5481,23.4931,23.5081,35502.6853338,0
AOK.US,D,20111121,000000,23.4093,23.4583,23.3834,23.4004,22744.972772292,0
AOK.US,D,20111122,000000,23.3924,23.4004,23.3435,23.3675,4231.8559423857,0
AOK.US,D,20111123,000000,23.3026,23.3365,23.2816,23.2896,6527.2017756551,0
AOK.US,D,20111125,000000,23.2936,23.3255,23.2368,23.2797,4334.0940537366,0
AOK.US,D,20111128,000000,23.4093,23.4343,23.3744,23.4343,42440.844223708,0
AOK.US,D,20111129,000000,23.4503,23.4732,23.4263,23.4583,15539.190590906,0
AOK.US,D,20111130,000000,23.571,23.6528,23.571,23.6199,57738.472218187,0
AOK.US,D,20111201,000000,23.6857,23.6857,23.5859,23.6179,64008.074046615,0
AOK.US,D,20111202,000000,23.6987,23.7217,23.6577,23.7137,171288.92988969,0
AOK.US,D,20111205,000000,23.6817,23.9301,23.6817,23.7855,128118.38620458,0
AOK.US,D,20111206,000000,23.6947,23.7465,23.6877,23.7395,82745.713787724,0
AOK.US,D,20111207,000000,23.7356,23.7675,23.6737,23.7286,22080.425048511,0
AOK.US,D,20111208,000000,23.7286,23.7286,23.6319,23.6577,70047.138957291,0
AOK.US,D,20111209,000000,23.6737,23.7286,23.6737,23.7217,118391.7329443,0
AOK.US,D,20111212,000000,23.6917,23.6917,23.6069,23.6657,93275.236922438,0
AOK.US,D,20111213,000000,23.6917,23.6987,23.6069,23.6319,27701.516503959,0
AOK.US,D,20111214,000000,23.5739,23.5979,23.5481,23.5979,29221.055492272,0
AOK.US,D,20111215,000000,23.5819,23.6388,23.557,23.5919,217291.06832546,0
AOK.US,D,20111216,000000,23.5241,23.6657,23.5241,23.6069,44062.621323372,0
AOK.US,D,20111219,000000,23.6577,23.6657,23.5481,23.5481,14579.956546174,0
AOK.US,D,20111220,000000,23.6817,23.7595,23.6388,23.7505,32655.05323235,0
AOK.US,D,20111221,000000,23.7286,23.7286,23.6657,23.7286,12532.187315881,0
AOK.US,D,20111222,000000,23.7505,23.7855,23.7286,23.7765,54414.73126486,0
AOK.US,D,20111223,000000,23.7765,23.8025,23.7286,23.8025,21069.069613678,0
AOK.US,D,20111227,000000,23.8184,23.8184,23.7855,23.8184,41585.852959176,0
AOK.US,D,20111228,000000,23.7047,23.7217,23.6917,23.7047,17759.3613423,0
AOK.US,D,20111229,000000,23.7356,23.7765,23.6987,23.7765,97885.975277477,0
AOK.US,D,20111230,000000,23.7845,23.7845,23.7267,23.7485,91424.927573872,0
AOK.US,D,20120103,000000,23.7855,23.8363,23.7595,23.7595,62570.726481153,0
AOK.US,D,20120104,000000,23.7675,23.8025,23.7505,23.8025,22548.515224991,0
AOK.US,D,20120105,000000,23.7675,23.8184,23.7415,23.7675,38983.792791854,0
AOK.US,D,20120106,000000,23.7855,23.8263,23.7675,23.8025,81164.030065061,0
AOK.US,D,20120109,000000,23.8263,23.8363,23.7855,23.7955,39850.812069487,0
AOK.US,D,20120110,000000,23.8513,23.8963,23.8263,23.8263,70143.363062092,0
AOK.US,D,20120111,000000,23.8573,23.8923,23.8393,23.8573,203838.73800742,0
AOK.US,D,20120112,000000,23.8833,23.9061,23.8223,23.8653,113784.00159253,0
AOK.US,D,20120113,000000,23.8363,23.8863,23.8363,23.8613,53610.859056003,0
AOK.US,D,20120117,000000,23.9241,23.9551,23.8873,23.8873,68532.611641104,0
AOK.US,D,20120118,000000,23.9301,23.9711,23.9221,23.9621,124973.06077891,0
AOK.US,D,20120119,000000,23.985,23.993,23.9541,23.9621,33721.53706056,0
AOK.US,D,20120120,000000,23.993,23.993,23.9301,23.9301,12396.872168505,0
AOK.US,D,20120123,000000,23.9161,23.9621,23.9161,23.9301,36086.043969155,0
AOK.US,D,20120124,000000,23.9471,23.9711,23.9221,23.9711,102428.55489161,0
AOK.US,D,20120125,000000,23.9711,24.1017,23.9221,24.0758,114035.58753321,0
AOK.US,D,20120126,000000,24.1596,24.1596,24.0339,24.0947,130855.76151928,0
AOK.US,D,20120127,000000,24.0907,24.1157,24.0559,24.1067,17761.36601115,0
AOK.US,D,20120130,000000,24.0947,24.1267,24.0599,24.1107,347150.50942629,0
AOK.US,D,20120131,000000,24.1067,24.1486,24.0718,24.1486,33806.735486686,0
AOK.US,D,20120201,000000,24.2105,24.2424,24.1745,24.1745,63495.881155437,0
AOK.US,D,20120202,000000,24.2314,24.2314,24.1955,24.2155,19744.985838241,0
AOK.US,D,20120203,000000,24.2564,24.2933,24.2225,24.2933,40712.819674994,0
AOK.US,D,20120206,000000,24.2314,24.3033,24.2225,24.3033,103353.7095659,0
AOK.US,D,20120207,000000,24.2893,24.3162,24.2624,24.2624,22166.625809062,0
AOK.US,D,20120208,000000,24.3162,24.3162,24.2624,24.3083,35875.553739903,0
AOK.US,D,20120209,000000,24.3382,24.3382,24.2524,24.2893,25509.411116465,0
AOK.US,D,20120210,000000,24.1955,24.2384,24.1875,24.2384,31203.672984939,0
AOK.US,D,20120213,000000,24.3202,24.3202,24.2474,24.3202,78337.446986537,0
AOK.US,D,20120214,000000,24.3033,24.3033,24.2663,24.2663,36143.17703138,0
AOK.US,D,20120215,000000,24.3402,24.3402,24.2384,24.2384,164136.27143283,0
AOK.US,D,20120216,000000,24.2753,24.3571,24.2564,24.3492,31117.472224388,0
AOK.US,D,20120217,000000,24.3402,24.3571,24.3113,24.3492,42092.031843805,0
AOK.US,D,20120221,000000,24.3402,24.3911,24.3113,24.3202,39551.114076409,0
AOK.US,D,20120222,000000,24.3113,24.3661,24.3113,24.3661,19572.58431714,0
AOK.US,D,20120223,000000,24.3571,24.414,24.3342,24.414,35627.977136926,0
AOK.US,D,20120224,000000,24.41,24.4599,24.41,24.441,73656.545221747,0
AOK.US,D,20120227,000000,24.405,24.4539,24.3661,24.437,43845.114753146,0
AOK.US,D,20120228,000000,24.4709,24.4978,24.4539,24.4878,20185.010650821,0
AOK.US,D,20120229,000000,24.4828,24.4828,24.3941,24.3941,10443.322374163,0
AOK.US,D,20120301,000000,24.422,24.4439,24.405,24.4439,39784.657997436,0
AOK.US,D,20120302,000000,24.4619,24.6225,24.3901,24.428,33891.933912811,0
AOK.US,D,20120305,000000,24.3881,24.3881,24.3382,24.3631,43848.121756421,0
AOK.US,D,20120306,000000,24.2733,24.2733,24.1945,24.1945,45976.077740713,0
AOK.US,D,20120307,000000,24.2125,24.2993,24.2125,24.2624,10220.804131811,0
AOK.US,D,20120308,000000,24.3651,24.3731,24.3392,24.3731,2170.0540301433,0
AOK.US,D,20120309,000000,24.3631,24.402,24.3382,24.3541,20789.418309101,0
AOK.US,D,20120312,000000,24.3701,24.402,24.3631,24.3791,6836.9231129827,0
AOK.US,D,20120313,000000,24.41,24.4599,24.402,24.4599,47600.861843652,0
AOK.US,D,20120314,000000,24.4669,24.4669,24.3541,24.3701,22316.975972813,0
AOK.US,D,20120315,000000,24.3881,24.433,24.3791,24.433,69538.955403812,0
AOK.US,D,20120316,000000,24.433,24.441,24.402,24.402,17235.140438021,0
AOK.US,D,20120319,000000,24.3881,24.4499,24.3881,24.441,24952.11317616,0
AOK.US,D,20120320,000000,24.3631,24.395,24.3452,24.3881,338523.41703023,0
AOK.US,D,20120321,000000,24.41,24.418,24.3631,24.395,13537.528744165,0
AOK.US,D,20120322,000000,24.3452,24.3631,24.3083,24.3312,38585.866025126,0
AOK.US,D,20120323,000000,24.3312,24.41,24.3162,24.41,20547.855712674,0
AOK.US,D,20120326,000000,24.4599,24.5028,24.433,24.4669,15010.960348927,0
AOK.US,D,20120327,000000,24.5128,24.5208,24.4848,24.4848,17367.448582121,0
AOK.US,D,20120328,000000,24.4499,24.4599,24.402,24.441,8743.3631893488,0
AOK.US,D,20120329,000000,24.41,24.4499,24.3631,24.4499,44905.584574805,0
AOK.US,D,20120330,000000,24.4609,24.4868,24.434,24.4609,10116.561351611,0
AOK.US,D,20120402,000000,24.4669,24.5497,24.433,24.5347,45554.094947785,0
AOK.US,D,20120403,000000,24.5437,24.5437,24.398,24.421,30655.396054459,0
AOK.US,D,20120404,000000,24.3761,24.3761,24.2873,24.3142,8218.1399506444,0
AOK.US,D,20120405,000000,24.3362,24.3522,24.3142,24.3222,9958.1925124591,0
AOK.US,D,20120409,000000,24.2833,24.3482,24.2733,24.3252,32877.571474703,0
AOK.US,D,20120410,000000,24.3013,24.3013,24.1775,24.1775,64424.042832994,0
AOK.US,D,20120411,000000,24.2733,24.2733,24.2374,24.2374,13947.483523993,0
AOK.US,D,20120412,000000,24.3103,24.398,24.3103,24.3901,43915.278162896,0
AOK.US,D,20120413,000000,24.3821,24.3821,24.3192,24.3252,22225.763540137,0
AOK.US,D,20120416,000000,24.413,24.413,24.3192,24.3392,18175.330128679,0
AOK.US,D,20120417,000000,24.3442,24.4589,24.3442,24.4489,19212.746258562,0
AOK.US,D,20120418,000000,24.413,24.436,24.398,24.428,15059.072401327,0
AOK.US,D,20120419,000000,24.3901,24.4529,24.3342,24.3482,47449.509345475,0
AOK.US,D,20120420,000000,24.413,24.428,24.3821,24.3821,9607.3754637061,0
AOK.US,D,20120423,000000,24.3103,24.3482,24.2653,24.3252,36758.610368336,0
AOK.US,D,20120424,000000,24.3482,24.3731,24.3252,24.3342,38782.323572427,0
AOK.US,D,20120425,000000,24.3901,24.4529,24.3731,24.4429,28130.515637863,0
AOK.US,D,20120426,000000,24.4619,24.5437,24.4619,24.5308,45418.779800409,0
AOK.US,D,20120427,000000,24.5327,24.5567,24.5188,24.5407,11141.949468395,0
AOK.US,D,20120430,000000,24.5397,24.5467,24.4798,24.5078,9125.2526052771,0
AOK.US,D,20120501,000000,24.4828,24.5996,24.4828,24.5497,1801269.1344877,0
AOK.US,D,20120502,000000,24.5098,24.5477,24.5098,24.5327,17734.302981675,0
AOK.US,D,20120503,000000,24.5407,24.5407,24.4589,24.4669,79701.624138974,0
AOK.US,D,20120504,000000,24.4569,24.4569,24.3591,24.4,68809.255942406,0
AOK.US,D,20120507,000000,24.3931,24.43,24.3861,24.43,2302.3621742444,0
AOK.US,D,20120508,000000,24.3422,24.3761,24.3142,24.3761,20606.993443749,0
AOK.US,D,20120509,000000,24.2783,24.3292,24.2424,24.3142,12248.526673603,0
AOK.US,D,20120510,000000,24.3691,24.3691,24.2783,24.2973,80084.515889327,0
AOK.US,D,20120511,000000,24.2334,24.3422,24.2334,24.2873,13318.017505087,0
AOK.US,D,20120514,000000,24.2414,24.2494,24.2005,24.2005,25720.903680143,0
AOK.US,D,20120515,000000,24.2005,24.2334,24.1646,24.1646,448631.85828626,0
AOK.US,D,20120516,000000,24.1586,24.2085,24.1247,24.1327,24584.256442182,0
AOK.US,D,20120517,000000,24.1087,24.1087,24.0069,24.0309,381739.06576447,0
AOK.US,D,20120518,000000,24.0589,24.0589,23.9691,23.9831,33268.481900456,0
AOK.US,D,20120521,000000,23.9761,24.0997,23.9761,24.0997,10996.610976768,0
AOK.US,D,20120522,000000,24.1167,24.1327,24.0479,24.0579,49824.039598321,0
AOK.US,D,20120523,000000,23.9761,24.0828,23.9531,24.0738,35819.423012103,0
AOK.US,D,20120524,000000,24.0229,24.0479,23.99,24.0479,11791.462175799,0
AOK.US,D,20120525,000000,24.0589,24.0649,24.0149,24.0489,13942.471851868,0
AOK.US,D,20120529,000000,24.0927,24.1247,24.0927,24.0997,20195.033995071,0
AOK.US,D,20120530,000000,24.0579,24.0738,24.0229,24.0738,13514.475052389,0
AOK.US,D,20120531,000000,24.1037,24.1037,24.0439,24.0957,9310.6844739036,0
AOK.US,D,20120601,000000,23.991,23.991,23.9271,23.9271,18610.343269132,0
AOK.US,D,20120604,000000,23.9611,23.9611,23.8843,23.9451,37692.786052443,0
AOK.US,D,20120605,000000,23.9331,23.9801,23.9331,23.9801,24429.896940732,0
AOK.US,D,20120606,000000,24.0459,24.0907,24.0379,24.0639,22616.673965891,0
AOK.US,D,20120607,000000,24.1885,24.1885,24.0808,24.0808,16418.237881639,0
AOK.US,D,20120608,000000,24.1007,24.1407,24.0738,24.1097,37613.601632868,0
AOK.US,D,20120611,000000,24.1656,24.2015,24.0409,24.0409,12706.593505832,0
AOK.US,D,20120612,000000,24.1007,24.1407,24.0319,24.1407,29681.12699335,0
AOK.US,D,20120613,000000,24.0838,24.1506,24.0649,24.1007,30940.059031162,0
AOK.US,D,20120614,000000,24.1097,24.1506,24.1007,24.1257,8711.2884877486,0
AOK.US,D,20120615,000000,24.2175,24.2504,24.1965,24.2504,12635.427761657,0
AOK.US,D,20120618,000000,24.2344,24.2783,24.2265,24.2504,10910.410216217,0
AOK.US,D,20120619,000000,24.3292,24.3771,24.3292,24.3691,40192.608108414,0
AOK.US,D,20120620,000000,24.3442,24.3611,24.3063,24.3442,16246.838694962,0
AOK.US,D,20120621,000000,24.3063,24.3063,24.1656,24.1656,21146.249364403,0
AOK.US,D,20120622,000000,24.1885,24.2155,24.1636,24.2155,10727.985350866,0
AOK.US,D,20120625,000000,24.1167,24.1506,24.1097,24.1407,31373.067502765,0
AOK.US,D,20120626,000000,24.1097,24.1825,24.1097,24.1407,110261.79842305,0
AOK.US,D,20120627,000000,24.1905,24.2175,24.1736,24.1905,1118705.451752,0
AOK.US,D,20120628,000000,24.2015,24.2344,24.1596,24.2344,7279.9549288365,0
AOK.US,D,20120629,000000,24.3531,24.402,24.3442,24.395,31269.827056989,0
AOK.US,D,20120702,000000,24.4,24.5577,24.3522,24.4659,26080.74173872,0
AOK.US,D,20120703,000000,24.4699,24.5317,24.4529,24.4878,4143.650512985,0
AOK.US,D,20120705,000000,24.4928,24.5198,24.424,24.5108,15201.403889679,0
AOK.US,D,20120706,000000,24.424,24.44,24.417,24.424,7406.2490663876,0
AOK.US,D,20120709,000000,24.4928,24.4928,24.3861,24.44,29109.796371096,0
AOK.US,D,20120710,000000,24.4579,24.4928,24.3931,24.3931,15932.10568551,0
AOK.US,D,20120711,000000,24.3861,24.424,24.3861,24.408,8887.6993465501,0
AOK.US,D,20120712,000000,24.3761,24.3861,24.3282,24.3591,146509.21823464,0
AOK.US,D,20120713,000000,24.3641,24.4778,24.3641,24.4699,87732.327552141,0
AOK.US,D,20120716,000000,24.4928,24.5008,24.4579,24.4659,5621.0914554475,0
AOK.US,D,20120717,000000,24.4699,24.5148,24.42,24.5058,15204.410892953,0
AOK.US,D,20120718,000000,24.4749,24.5826,24.4749,24.5577,38882.557014928,0
AOK.US,D,20120719,000000,24.5996,24.6126,24.5666,24.5736,53744.169534529,0
AOK.US,D,20120720,000000,24.5198,24.5577,24.5108,24.5198,11793.46684465,0
AOK.US,D,20120723,000000,24.424,24.4479,24.3591,24.4479,16937.447113793,0
AOK.US,D,20120724,000000,24.3591,24.408,24.3422,24.3851,6133.2843466268,0
AOK.US,D,20120725,000000,24.3861,24.417,24.3591,24.3931,11638.105008774,0
AOK.US,D,20120726,000000,24.4749,24.5337,24.4659,24.5268,8558.9336551473,0
AOK.US,D,20120727,000000,24.5527,24.6156,24.5317,24.5866,24644.396507683,0
AOK.US,D,20120730,000000,24.6126,24.6375,24.5906,24.6375,31997.521849545,0
AOK.US,D,20120731,000000,24.6894,24.6894,24.6016,24.6146,40301.862560741,0
AOK.US,D,20120801,000000,24.6554,24.6554,24.5906,24.5906,25516.42745744,0
AOK.US,D,20120802,000000,24.5616,24.5786,24.5148,24.5387,40292.841550915,0
AOK.US,D,20120803,000000,24.6335,24.6854,24.6156,24.6604,20176.99197542,0
AOK.US,D,20120806,000000,24.7084,24.7652,24.6914,24.7392,11450.668471296,0
AOK.US,D,20120807,000000,24.7322,24.7392,24.7153,24.7223,5842.6073633743,0
AOK.US,D,20120808,000000,24.7322,24.7322,24.6994,24.7223,6532.2134477802,0
AOK.US,D,20120809,000000,24.6994,24.7153,24.6774,24.6854,13065.429229985,0
AOK.US,D,20120810,000000,24.6854,24.7153,24.6854,24.6994,31760.970925243,0
AOK.US,D,20120813,000000,24.6994,24.7223,24.6854,24.6994,7769.0941282406,0
AOK.US,D,20120814,000000,24.6854,24.7322,24.6854,24.7084,12038.036444352,0
AOK.US,D,20120815,000000,24.6604,24.6854,24.6096,24.6096,40506.338783442,0
AOK.US,D,20120816,000000,24.6694,24.6854,24.6245,24.6694,14062.751982869,0
AOK.US,D,20120817,000000,24.7084,24.7223,24.6774,24.6774,26874.590603327,0
AOK.US,D,20120820,000000,24.6914,24.6994,24.6774,24.6854,63380.612696561,0
AOK.US,D,20120821,000000,24.7392,24.7482,24.6854,24.6914,14126.901386069,0
AOK.US,D,20120822,000000,24.6854,24.7572,24.6694,24.7482,9844.9287224332,0
AOK.US,D,20120823,000000,24.7482,24.7652,24.7084,24.7392,12042.045782051,0
AOK.US,D,20120824,000000,24.7322,24.7652,24.7223,24.7482,7891.3789280917,0
AOK.US,D,20120827,000000,24.7652,24.7972,24.7482,24.7482,10445.327043014,0
AOK.US,D,20120828,000000,24.7742,24.806,24.7742,24.806,13027.340521835,0
AOK.US,D,20120829,000000,24.7892,24.7892,24.7392,24.7802,18720.600055883,0
AOK.US,D,20120830,000000,24.7223,24.7482,24.6994,24.7084,17255.187126521,0
AOK.US,D,20120831,000000,24.7892,24.7892,24.7392,24.7892,31081.388185087,0
AOK.US,D,20120904,000000,24.7412,24.7832,24.7252,24.7832,4595.7033386638,0
AOK.US,D,20120905,000000,24.7762,24.7832,24.7412,24.7762,21507.089757406,0
AOK.US,D,20120906,000000,24.7992,24.875,24.7992,24.853,21719.584655508,0
AOK.US,D,20120907,000000,24.9468,24.9786,24.877,24.9538,31201.668316088,0
AOK.US,D,20120910,000000,24.9208,24.9538,24.9038,24.9038,17013.624530093,0
AOK.US,D,20120911,000000,24.9707,24.9707,24.9388,24.9538,6860.979139183,0
AOK.US,D,20120912,000000,24.9538,24.9628,24.9128,24.9128,6082.1652909514,0
AOK.US,D,20120913,000000,24.9786,25.1234,24.9786,25.1234,690047.11155282,0
AOK.US,D,20120914,000000,25.1314,25.1712,25.1224,25.1543,22436.253769389,0
AOK.US,D,20120917,000000,25.1882,25.1882,25.0814,25.1314,24662.438527333,0
AOK.US,D,20120918,000000,25.1154,25.1314,25.0734,25.1074,18302.626600655,0
AOK.US,D,20120919,000000,25.1393,25.1393,25.1074,25.1074,19396.173458339,0
AOK.US,D,20120920,000000,25.0655,25.0904,25.0486,25.0904,11357.451369771,0
AOK.US,D,20120921,000000,25.0974,25.1314,25.0734,25.1054,10913.417219492,0
AOK.US,D,20120924,000000,25.0486,25.0984,25.0486,25.0814,18346.729315355,0
AOK.US,D,20120925,000000,25.1553,25.1553,25.0655,25.0655,7564.6179055389,0
AOK.US,D,20120926,000000,25.0436,25.0436,24.9338,24.9806,13328.040849337,0
AOK.US,D,20120927,000000,24.9806,25.0754,24.9806,25.0346,8581.9873469225,0
AOK.US,D,20120928,000000,25.0126,25.0326,24.9866,25.0126,16495.417632364,0
AOK.US,D,20121001,000000,25.0974,25.0974,25.0206,25.0396,18778.735452534,0
AOK.US,D,20121002,000000,25.0934,25.0934,25.0166,25.0436,25633.700585166,0
AOK.US,D,20121003,000000,25.0754,25.0934,25.0506,25.0506,7237.8568829861,0
AOK.US,D,20121004,000000,24.9806,25.1513,24.9806,25.1344,205124.73307471,0
AOK.US,D,20121005,000000,25.1792,25.1792,25.0894,25.1054,4154.6761916601,0
AOK.US,D,20121008,000000,25.1453,25.1453,25.0734,25.0974,6133.2843466268,0
AOK.US,D,20121009,000000,25.0734,25.0734,25.0206,25.0206,10435.303698764,0
AOK.US,D,20121010,000000,24.9946,24.9946,24.9688,24.9767,5877.6890682496,0
AOK.US,D,20121011,000000,25.0306,25.0306,24.9846,25.0206,12686.546817332,0
AOK.US,D,20121012,000000,24.9846,25.0116,24.9767,25.0036,7491.4474925133,0
AOK.US,D,20121015,000000,24.9846,25.0645,24.9846,25.0645,26373.423390823,0
AOK.US,D,20121016,000000,25.1134,25.1314,25.0794,25.0894,9354.787188604,0
AOK.US,D,20121017,000000,25.1453,25.1453,25.1134,25.1134,23901.666698752,0
AOK.US,D,20121018,000000,25.1314,25.1383,25.0894,25.1134,10502.460105239,0
AOK.US,D,20121019,000000,25.0934,25.0934,24.9806,24.9906,26177.968177946,0
AOK.US,D,20121022,000000,24.9946,25.0306,24.9688,25.0036,24445.934291531,0
AOK.US,D,20121023,000000,24.9448,24.9518,24.883,24.9088,17947.800214202,0
AOK.US,D,20121024,000000,24.9288,24.9458,24.8928,24.8928,17155.956018445,0
AOK.US,D,20121025,000000,24.885,24.9688,24.885,24.9018,16503.436307764,0
AOK.US,D,20121026,000000,24.8978,24.9488,24.872,24.9488,15053.058394777,0
AOK.US,D,20121031,000000,25.0316,25.0734,24.9368,24.9777,41108.741772872,0
AOK.US,D,20121101,000000,24.9767,25.0734,24.9767,25.0545,23817.470607051,0
AOK.US,D,20121102,000000,25.0605,25.0605,24.9727,24.9727,14949.817949001,0
AOK.US,D,20121105,000000,25.0066,25.0266,24.9806,24.9806,14091.819681194,0
AOK.US,D,20121106,000000,25.0466,25.0784,25.0196,25.0376,11015.655330843,0
AOK.US,D,20121107,000000,25.0376,25.0376,24.8998,24.9757,13896.364468317,0
AOK.US,D,20121108,000000,24.9348,24.9348,24.873,24.873,15463.013174605,0
AOK.US,D,20121109,000000,24.7153,24.9058,24.7153,24.872,12894.030043309,0
AOK.US,D,20121112,000000,24.9058,24.9058,24.872,24.88,10703.929324665,0
AOK.US,D,20121113,000000,24.858,24.8978,24.818,24.851,7419.2794139127,0
AOK.US,D,20121114,000000,24.7952,24.827,24.7472,24.7552,21429.910006681,0
AOK.US,D,20121115,000000,24.7302,24.7792,24.7064,24.7302,27995.200490486,0
AOK.US,D,20121116,000000,24.7722,24.7872,24.6974,24.7632,35537.767038675,0
AOK.US,D,20121119,000000,24.858,24.9058,24.851,24.8978,14452.660074197,0
AOK.US,D,20121120,000000,24.866,24.9148,24.866,24.8978,8577.9780092225,0
AOK.US,D,20121121,000000,24.9058,24.9248,24.872,24.88,7225.828869886,0
AOK.US,D,20121123,000000,25.0096,25.0096,24.9836,25.0096,8062.7781147681,0
AOK.US,D,20121126,000000,24.9658,25.0166,24.9658,25.0166,10382.179974238,0
AOK.US,D,20121127,000000,24.9727,25.0346,24.9727,25.0066,16593.646406015,0
AOK.US,D,20121128,000000,24.9806,25.0506,24.9338,25.0436,23825.489282451,0
AOK.US,D,20121129,000000,25.0684,25.1344,25.0684,25.1024,18624.375951083,0
AOK.US,D,20121130,000000,25.1144,25.1393,25.1144,25.1234,8305.3430456201,0
AOK.US,D,20121203,000000,25.1712,25.1712,25.0964,25.1054,29373.410324873,0
AOK.US,D,20121204,000000,25.1453,25.1543,25.1054,25.1453,18453.979098831,0
AOK.US,D,20121205,000000,25.1712,25.1962,25.1304,25.1383,18024.979964927,0
AOK.US,D,20121206,000000,25.1622,25.1962,25.1622,25.1622,7178.7191519106,0
AOK.US,D,20121207,000000,25.2042,25.2042,25.1792,25.1792,14389.513005422,0
AOK.US,D,20121210,000000,25.2042,25.2191,25.1792,25.2132,12541.208325706,0
AOK.US,D,20121211,000000,25.2042,25.267,25.2042,25.252,31565.515712366,0
AOK.US,D,20121212,000000,25.285,25.294,25.2191,25.2361,7958.5353345672,0
AOK.US,D,20121213,000000,25.2191,25.2191,25.1453,25.1453,40825.081130595,0
AOK.US,D,20121214,000000,25.1792,25.1962,25.1622,25.1792,11536.869231847,0
AOK.US,D,20121217,000000,25.1962,25.2132,25.1712,25.2132,29231.078836522,0
AOK.US,D,20121218,000000,25.2271,25.267,25.1712,25.2441,21669.467934258,0
AOK.US,D,20121219,000000,25.267,25.294,25.2361,25.2361,26186.989187772,0
AOK.US,D,20121220,000000,25.2441,25.3019,25.2361,25.3019,213138.39680266,0
AOK.US,D,20121221,000000,25.2361,25.267,25.2042,25.26,28397.136594915,0
AOK.US,D,20121224,000000,25.2191,25.2441,25.2191,25.2441,8383.5251307708,0
AOK.US,D,20121226,000000,25.3259,25.3259,25.1872,25.2042,13841.236074942,0
AOK.US,D,20121227,000000,25.262,25.262,25.1732,25.2281,16844.230012267,0
AOK.US,D,20121228,000000,25.2381,25.2381,25.1812,25.1982,26257.152597522,0
AOK.US,D,20121231,000000,25.2122,25.275,25.1682,25.275,116206.64389778,0
AOK.US,D,20130102,000000,25.3638,25.4037,25.3458,25.4037,64677.633442521,0
AOK.US,D,20130103,000000,25.3798,25.4237,25.3458,25.3638,55497.252443869,0
AOK.US,D,20130104,000000,25.3638,25.3967,25.3368,25.3967,44340.267959099,0
AOK.US,D,20130107,000000,25.3708,25.3857,25.3289,25.3638,8151.9858785939,0
AOK.US,D,20130108,000000,25.3798,25.3798,25.3289,25.3638,35573.851077976,0
AOK.US,D,20130109,000000,25.3648,25.3917,25.3648,25.3648,34614.617033242,0
AOK.US,D,20130110,000000,25.5444,25.5444,25.3867,25.4526,15376.812414055,0
AOK.US,D,20130111,000000,25.3967,25.4516,25.3907,25.4237,28873.245446794,0
AOK.US,D,20130114,000000,25.4326,25.4616,25.4237,25.4326,68939.559417657,0
AOK.US,D,20130115,000000,25.4326,25.4765,25.3857,25.4765,41114.755779422,0
AOK.US,D,20130116,000000,25.4835,25.4835,25.4326,25.4616,11595.004628498,0
AOK.US,D,20130117,000000,25.4925,25.4995,25.4516,25.4765,25366.077293689,0
AOK.US,D,20130118,000000,25.4785,25.5164,25.4616,25.5005,17386.492936197,0
AOK.US,D,20130122,000000,25.4995,25.5434,25.4995,25.5434,85867.985521625,0
AOK.US,D,20130123,000000,25.5533,25.5613,25.5184,25.5533,33621.303618059,0
AOK.US,D,20130124,000000,25.5434,25.5763,25.5334,25.5673,28018.254182262,0
AOK.US,D,20130125,000000,25.5763,25.5763,25.5344,25.5444,29313.270259373,0
AOK.US,D,20130128,000000,25.5523,25.5523,25.5005,25.5254,16458.331258639,0
AOK.US,D,20130129,000000,25.5095,25.5683,25.4526,25.5683,61298.764095818,0
AOK.US,D,20130130,000000,25.5603,25.5603,25.5254,25.5254,14989.911326002,0
AOK.US,D,20130131,000000,25.5075,25.5503,25.4985,25.5154,11124.909783169,0
AOK.US,D,20130201,000000,25.5943,25.6092,25.5763,25.5863,25978.50362737,0
AOK.US,D,20130204,000000,25.5095,25.5344,25.4526,25.4845,19806.128238167,0
AOK.US,D,20130205,000000,25.5105,25.5533,25.4935,25.5364,36060.985608529,0
AOK.US,D,20130206,000000,25.5105,25.5533,25.5025,25.5533,67171.441491942,0
AOK.US,D,20130207,000000,25.5184,25.5533,25.4705,25.5184,37731.877095018,0
AOK.US,D,20130208,000000,25.6092,25.6092,25.5164,25.5683,23635.0457417,0
AOK.US,D,20130211,000000,25.4925,25.5523,25.4925,25.5444,21389.816629681,0
AOK.US,D,20130212,000000,25.5164,25.5943,25.5164,25.5863,29836.488829227,0
AOK.US,D,20130213,000000,25.5863,25.5943,25.5444,25.5763,38026.563415971,0
AOK.US,D,20130214,000000,25.5523,25.6431,25.5444,25.5763,53598.831042902,0
AOK.US,D,20130215,000000,25.5953,25.6023,25.5364,25.5464,18414.888056255,0
AOK.US,D,20130219,000000,25.5863,25.6381,25.5863,25.6092,28905.320148394,0
AOK.US,D,20130220,000000,25.6092,25.6431,25.5254,25.5254,23523.786620523,0
AOK.US,D,20130221,000000,25.4845,25.4925,25.4526,25.4616,15477.045856556,0
AOK.US,D,20130222,000000,25.5464,25.5693,25.5025,25.5693,50303.155453475,0
AOK.US,D,20130225,000000,25.5763,25.5763,25.4336,25.4336,8705.2744811985,0
AOK.US,D,20130226,000000,25.4426,25.5164,25.4426,25.5095,18867.943216359,0
AOK.US,D,20130227,000000,25.5364,25.6112,25.5184,25.6023,13473.379340964,0
AOK.US,D,20130228,000000,25.5773,25.6441,25.5773,25.6023,38589.875362826,0
AOK.US,D,20130301,000000,25.5274,25.6301,25.5105,25.6212,23442.597532098,0
AOK.US,D,20130304,000000,25.6023,25.6401,25.5783,25.6301,14727.29970665,0
AOK.US,D,20130305,000000,25.704,25.7259,25.6711,25.696,53474.541574202,0
AOK.US,D,20130306,000000,25.7449,25.7449,25.6871,25.7109,39447.873630634,0
AOK.US,D,20130307,000000,25.6411,25.7259,25.6411,25.7189,30480.989864507,0
AOK.US,D,20130308,000000,25.71,25.7259,25.6691,25.7259,17553.882785173,0
AOK.US,D,20130311,000000,25.6851,25.7329,25.6851,25.7259,28481.332686616,0
AOK.US,D,20130312,000000,25.5783,25.7499,25.5783,25.71,30639.358703659,0
AOK.US,D,20130313,000000,25.7329,25.7329,25.6851,25.7259,17639.081211299,0
AOK.US,D,20130314,000000,25.7499,25.7819,25.7429,25.7819,49010.144045214,0
AOK.US,D,20130315,000000,25.7659,25.7997,25.7659,25.7848,13798.135694667,0
AOK.US,D,20130318,000000,25.7429,25.7908,25.7429,25.7589,45538.057596984,0
AOK.US,D,20130319,000000,25.7589,25.7908,25.702,25.7259,22679.821034666,0
AOK.US,D,20130320,000000,25.7819,25.7987,25.7639,25.7987,27183.30960623,0
AOK.US,D,20130321,000000,25.7589,25.7729,25.71,25.71,16727.959218966,0
AOK.US,D,20130322,000000,25.8247,25.8247,25.7599,25.7848,17304.301513346,0
AOK.US,D,20130325,000000,25.8057,25.8137,25.702,25.7429,14468.697424997,0
AOK.US,D,20130326,000000,25.7259,25.7908,25.7259,25.7908,6148.3193630019,0
AOK.US,D,20130327,000000,25.7659,25.8077,25.7189,25.7759,18114.187728753,0
AOK.US,D,20130328,000000,25.7659,25.8417,25.7659,25.8167,33770.651447385,0
AOK.US,D,20130401,000000,25.8137,25.8217,25.7499,25.7729,19486.38355659,0
AOK.US,D,20130402,000000,25.8027,25.8367,25.7967,25.8117,56926.58133393,0
AOK.US,D,20130403,000000,25.7997,25.7997,25.7599,25.7659,10260.897508811,0
AOK.US,D,20130404,000000,25.8027,25.8287,25.7799,25.8197,15126.228807803,0
AOK.US,D,20130405,000000,25.7519,25.8417,25.7519,25.8417,19679.834100616,0
AOK.US,D,20130408,000000,25.8247,25.9365,25.7997,25.9365,13727.972284916,0
AOK.US,D,20130409,000000,25.8417,25.9125,25.8417,25.8775,32910.648510728,0
AOK.US,D,20130410,000000,25.9075,25.9933,25.9075,25.9753,27095.104176829,0
AOK.US,D,20130411,000000,26.0123,26.0472,25.9613,25.9613,127592.16063146,0
AOK.US,D,20130412,000000,26.0093,26.0163,25.9653,26.0163,58200.548388117,0
AOK.US,D,20130415,000000,25.9893,25.9893,25.8327,25.8327,17989.898260052,0
AOK.US,D,20130416,000000,25.8965,25.9703,25.8865,25.9703,26164.937830421,0
AOK.US,D,20130417,000000,25.9075,25.9075,25.8117,25.8197,22769.028798493,0
AOK.US,D,20130418,000000,25.8077,25.8247,25.7519,25.7848,25170.622080812,0
AOK.US,D,20130419,000000,25.8287,25.8726,25.7888,25.8726,56720.100442379,0
AOK.US,D,20130422,000000,25.8447,25.9225,25.8287,25.9225,27185.314275079,0
AOK.US,D,20130423,000000,25.9753,26.0013,25.9753,26.0013,18305.63360393,0
AOK.US,D,20130424,000000,26.0333,26.0591,25.9843,26.0422,25926.382237269,0
AOK.US,D,20130425,000000,26.0651,26.1081,26.0422,26.0731,28171.611349288,0
AOK.US,D,20130426,000000,26.0901,26.0901,26.0521,26.0731,20009.602126444,0
AOK.US,D,20130429,000000,26.1081,26.1759,26.1081,26.1589,23620.010725325,0
AOK.US,D,20130430,000000,26.1899,26.1939,26.128,26.1939,32618.969193051,0
AOK.US,D,20130501,000000,26.1679,26.1849,26.133,26.133,14788.442106575,0
AOK.US,D,20130502,000000,26.1799,26.1989,26.1201,26.1799,21426.903003406,0
AOK.US,D,20130503,000000,26.2447,26.2647,26.2198,26.2268,20954.803489227,0
AOK.US,D,20130506,000000,26.2357,26.2357,26.2039,26.2128,20300.279109697,0
AOK.US,D,20130507,000000,26.2647,26.2747,26.2268,26.2747,19787.083884093,0
AOK.US,D,20130508,000000,26.2916,26.3415,26.2847,26.3415,33707.504378609,0
AOK.US,D,20130509,000000,26.3245,26.3245,26.2387,26.2387,19094.470796411,0
AOK.US,D,20130510,000000,26.2357,26.2647,26.2039,26.2547,12400.881506205,0
AOK.US,D,20130513,000000,26.2268,26.2357,26.1589,26.2268,18244.491204004,0
AOK.US,D,20130514,000000,26.2268,26.2886,26.2268,26.2547,20450.629273448,0
AOK.US,D,20130515,000000,26.2747,26.3036,26.2357,26.3036,39001.834811505,0
AOK.US,D,20130516,000000,26.3036,26.3475,26.2747,26.2747,28572.545119292,0
AOK.US,D,20130517,000000,26.3245,26.3515,26.2986,26.3515,33808.740155536,0
AOK.US,D,20130520,000000,26.3575,26.3744,26.3225,26.3375,38497.660595725,0
AOK.US,D,20130521,000000,26.3475,26.3984,26.3225,26.3904,52941.299660097,0
AOK.US,D,20130522,000000,26.4064,26.4682,26.2268,26.2447,38786.332910128,0
AOK.US,D,20130523,000000,26.1429,26.1909,26.0243,26.1679,44267.097546073,0
AOK.US,D,20130524,000000,26.2148,26.2148,26.1101,26.136,23607.982712225,0
AOK.US,D,20130528,000000,26.2307,26.2477,26.1201,26.128,81527.877461339,0
AOK.US,D,20130529,000000,26.0751,26.0831,26.0033,26.0601,25244.794828264,0
AOK.US,D,20130530,000000,26.0591,26.124,26.0591,26.0981,48546.063206435,0
AOK.US,D,20130531,000000,25.9545,26.0393,25.9365,25.9465,29209.027479172,0
AOK.US,D,20130603,000000,25.9225,25.9415,25.8197,25.9415,30380.756422007,0
AOK.US,D,20130604,000000,25.9673,25.9863,25.8746,25.9245,35738.233923677,0
AOK.US,D,20130605,000000,25.9005,25.9005,25.7569,25.7569,55353.918621093,0
AOK.US,D,20130606,000000,25.7309,25.8207,25.7309,25.8207,21877.95349466,0
AOK.US,D,20130607,000000,25.8855,25.9255,25.8755,25.9195,5093.863547893,0
AOK.US,D,20130610,000000,25.9255,25.9255,25.8567,25.9015,24175.303996779,0
AOK.US,D,20130611,000000,25.7329,25.8317,25.7259,25.7987,17279.243152721,0
AOK.US,D,20130612,000000,25.8667,25.8667,25.71,25.7259,25797.081096443,0
AOK.US,D,20130613,000000,25.7259,25.9255,25.7259,25.9255,17633.067204749,0
AOK.US,D,20130614,000000,25.9195,25.9255,25.8317,25.8387,74623.79794188,0
AOK.US,D,20130617,000000,25.9594,26.0113,25.9015,25.9445,56759.191484954,0
AOK.US,D,20130618,000000,25.9435,26.0033,25.9245,25.9943,24906.005792611,0
AOK.US,D,20130619,000000,25.9525,26.0541,25.7429,25.7639,23829.498620151,0
AOK.US,D,20130620,000000,25.6023,25.6023,25.4147,25.4247,45410.761125009,0
AOK.US,D,20130621,000000,25.5673,25.5673,25.3259,25.3897,26964.800701578,0
AOK.US,D,20130624,000000,25.2281,25.3109,25.1134,25.2201,91422.922905022,0
AOK.US,D,20130625,000000,25.3079,25.3339,25.274,25.3339,22121.520759937,0
AOK.US,D,20130626,000000,25.4207,25.4665,25.4027,25.4406,34834.128272319,0
AOK.US,D,20130627,000000,25.5673,25.5993,25.5424,25.5673,53512.630282352,0
AOK.US,D,20130628,000000,25.5943,25.6851,25.5863,25.6601,15536.183587631,0
AOK.US,D,20130701,000000,25.6082,25.6581,25.6082,25.6272,41757.252145853,0
AOK.US,D,20130702,000000,25.6521,25.6841,25.5863,25.6192,14091.819681194,0
AOK.US,D,20130703,000000,25.5773,25.6202,25.5773,25.6202,18267.544895779,0
AOK.US,D,20130705,000000,25.5154,25.5324,25.4905,25.4975,15474.038853281,0
AOK.US,D,20130708,000000,25.6182,25.6581,25.5933,25.6501,34694.803787243,0
AOK.US,D,20130709,000000,25.6831,25.7239,25.6671,25.7239,18020.970627227,0
AOK.US,D,20130710,000000,25.7239,25.7309,25.6921,25.7,61111.327558341,0
AOK.US,D,20130711,000000,25.8457,25.9245,25.8457,25.9245,23396.490148547,0
AOK.US,D,20130712,000000,25.9515,25.9515,25.8845,25.8925,21365.760603481,0
AOK.US,D,20130715,000000,25.9594,25.9773,25.9185,25.9594,50243.015387975,0
AOK.US,D,20130716,000000,26.0123,26.0123,25.9205,25.9883,21031.983239953,0
AOK.US,D,20130717,000000,26.1041,26.1041,26.0063,26.0482,22847.210883643,0
AOK.US,D,20130718,000000,26.0452,26.0831,26.0363,26.0541,22488.37515949,0
AOK.US,D,20130719,000000,26.0851,26.1031,26.0611,26.0851,27342.680779806,0
AOK.US,D,20130722,000000,26.0831,26.1539,26.0831,26.1539,6124.2633368017,0
AOK.US,D,20130723,000000,26.127,26.1539,26.1201,26.1439,18810.810154134,0
AOK.US,D,20130724,000000,26.0931,26.0931,26.0103,26.0601,18164.304450003,0
AOK.US,D,20130725,000000,25.9594,26.0541,25.9594,26.0273,26484.682511999,0
AOK.US,D,20130726,000000,26.0373,26.0611,25.9793,26.0611,13995.595576393,0
AOK.US,D,20130729,000000,26.0183,26.0183,25.9673,25.9773,21973.175265035,0
AOK.US,D,20130730,000000,26.0611,26.0611,25.9693,26.0123,27832.822313635,0
AOK.US,D,20130731,000000,26.1031,26.1031,25.9455,26.0462,22630.706647841,0
AOK.US,D,20130801,000000,26.1131,26.1131,26.0482,26.0771,26073.725397745,0
AOK.US,D,20130802,000000,26.1121,26.138,26.0681,26.128,19199.715911037,0
AOK.US,D,20130805,000000,26.128,26.128,26.0771,26.0941,32092.743619921,0
AOK.US,D,20130806,000000,26.1131,26.1131,26.0482,26.0571,44764.255420878,0
AOK.US,D,20130807,000000,26.0681,26.1121,26.0123,26.1121,32116.799646121,0
AOK.US,D,20130808,000000,26.0681,26.128,26.0611,26.1121,21164.291384054,0
AOK.US,D,20130809,000000,26.1031,26.1121,26.0681,26.0851,17680.176922724,0
AOK.US,D,20130812,000000,26.0771,26.1121,26.0681,26.0681,12113.211526227,0
AOK.US,D,20130813,000000,26.0611,26.0941,26.0203,26.0771,30200.336225505,0
AOK.US,D,20130814,000000,26.0462,26.0681,26.0293,26.0293,9745.6976143573,0
AOK.US,D,20130815,000000,25.9025,25.9205,25.8397,25.8855,153223.85654777,0
AOK.US,D,20130816,000000,25.8567,25.9025,25.8057,25.8567,20715.24556165,0
AOK.US,D,20130819,000000,25.7987,25.8317,25.7329,25.7499,32933.702202503,0
AOK.US,D,20130820,000000,25.7439,25.8407,25.7439,25.8327,53465.520564377,0
AOK.US,D,20130821,000000,25.7908,25.7987,25.6841,25.6841,54203.238701183,0
AOK.US,D,20130822,000000,25.7169,25.9115,25.709,25.8057,22627.699644566,0
AOK.US,D,20130823,000000,25.8327,25.8965,25.8157,25.8965,24387.798894881,0
AOK.US,D,20130826,000000,25.8667,25.9115,25.8397,25.8397,20860.584053276,0
AOK.US,D,20130827,000000,25.7749,25.7838,25.7339,25.7339,17636.074208024,0
AOK.US,D,20130828,000000,25.7329,25.7729,25.7169,25.7249,17857.590115951,0
AOK.US,D,20130829,000000,25.7249,25.7987,25.7249,25.7589,28343.010535964,0
AOK.US,D,20130830,000000,25.9135,25.9135,25.7749,25.7838,19614.68236299,0
AOK.US,D,20130903,000000,25.8237,25.8237,25.71,25.7439,3816.8894904322,0
AOK.US,D,20130904,000000,25.6691,25.8067,25.6691,25.7649,13345.080534562,0
AOK.US,D,20130905,000000,25.7749,25.7749,25.71,25.71,14069.768323844,0
AOK.US,D,20130906,000000,25.7918,25.8237,25.7749,25.7997,11787.4528381,0
AOK.US,D,20130909,000000,25.8687,25.9125,25.8487,25.9125,22297.931618739,0
AOK.US,D,20130910,000000,25.9265,25.9713,25.9265,25.9713,40855.151163345,0
AOK.US,D,20130911,000000,25.9983,26.0571,25.9545,26.0571,28901.310810694,0
AOK.US,D,20130912,000000,26.0482,26.0771,25.9713,25.9713,25057.358290786,0
AOK.US,D,20130913,000000,26.0213,26.0482,25.9983,26.0393,29941.733943853,0
AOK.US,D,20130916,000000,26.2098,26.2098,26.0303,26.0303,25705.868663768,0
AOK.US,D,20130917,000000,26.1041,26.1659,26.1041,26.1659,20183.005981971,0
AOK.US,D,20130918,000000,26.1749,26.4133,26.1221,26.4133,8641.125077998,0
AOK.US,D,20130919,000000,26.4473,26.4473,26.3465,26.3734,39578.177105885,0
AOK.US,D,20130920,000000,26.3904,26.3974,26.2946,26.2946,29293.223570872,0
AOK.US,D,20130923,000000,26.3205,26.3205,26.2527,26.2807,21664.456262133,0
AOK.US,D,20130924,000000,26.3205,26.3365,26.2527,26.3016,12945.149098984,0
AOK.US,D,20130925,000000,26.2807,26.3285,26.2807,26.2946,11722.301100474,0
AOK.US,D,20130926,000000,26.2807,26.3365,26.2807,26.3016,22775.042805042,0
AOK.US,D,20130927,000000,26.2527,26.3106,26.2527,26.2946,30816.771896885,0
AOK.US,D,20130930,000000,26.3146,26.3595,26.3056,26.3315,22638.725323242,0
AOK.US,D,20131001,000000,26.2178,26.3016,26.2178,26.2727,11078.802399619,0
AOK.US,D,20131002,000000,26.2867,26.2996,26.2397,26.2867,8161.0068884189,0
AOK.US,D,20131003,000000,26.2397,26.2697,26.2158,26.2697,25915.356558594,0
AOK.US,D,20131004,000000,26.2597,26.2926,26.2597,26.2926,10670.852288641,0
AOK.US,D,20131007,000000,26.2317,26.2697,26.2158,26.2317,19958.483070768,0
AOK.US,D,20131008,000000,26.1889,26.1939,26.128,26.128,19484.378887739,0
AOK.US,D,20131009,000000,26.137,26.1449,26.0761,26.1449,16289.939075237,0
AOK.US,D,20131010,000000,26.1809,26.2926,26.1809,26.2867,36838.797122336,0
AOK.US,D,20131011,000000,26.3096,26.3605,26.3096,26.3435,15463.013174605,0
AOK.US,D,20131014,000000,26.3275,26.3784,26.3275,26.3605,16679.847166566,0
AOK.US,D,20131015,000000,26.3964,26.3964,26.3096,26.3096,8863.6433203499,0
AOK.US,D,20131016,000000,26.3784,26.4602,26.3345,26.4373,12890.020705609,0
AOK.US,D,20131017,000000,26.4602,26.58,26.4602,26.565,31466.284604291,0
AOK.US,D,20131018,000000,26.6099,26.6628,26.5889,26.5889,124159.1652258,0
AOK.US,D,20131021,000000,26.6358,26.6448,26.5889,26.5889,94827.852946776,0
AOK.US,D,20131022,000000,26.7536,26.7536,26.6977,26.6977,231621.44359981,0
AOK.US,D,20131023,000000,26.6448,26.7056,26.6448,26.6977,22972.502686769,0
AOK.US,D,20131024,000000,26.7376,26.7376,26.6977,26.7056,27778.696254684,0
AOK.US,D,20131025,000000,26.7456,26.7456,26.7056,26.7376,25200.692113563,0
AOK.US,D,20131028,000000,26.7216,26.7536,26.6887,26.6887,31538.452682891,0
AOK.US,D,20131029,000000,26.7296,26.7854,26.7296,26.7854,39093.04724418,0
AOK.US,D,20131030,000000,26.8014,26.8094,26.6628,26.6628,59779.225107505,0
AOK.US,D,20131031,000000,26.7844,26.7844,26.7036,26.7196,29194.994797221,0
AOK.US,D,20131101,000000,26.6797,26.6797,26.58,26.6258,22218.747199162,0
AOK.US,D,20131104,000000,26.6977,26.7056,26.6438,26.7056,17458.661014798,0
AOK.US,D,20131105,000000,26.6438,26.6438,26.572,26.5949,15422.919797605,0
AOK.US,D,20131106,000000,26.6348,26.6877,26.6348,26.6698,28982.49989912,0
AOK.US,D,20131107,000000,26.6787,26.6877,26.572,26.579,90297.301345737,0
AOK.US,D,20131108,000000,26.5111,26.5949,26.5011,26.5949,21467.998714832,0
AOK.US,D,20131111,000000,26.6019,26.6019,26.564,26.5949,19517.455923765,0
AOK.US,D,20131112,000000,26.5869,26.5869,26.5281,26.554,4688.9204401896,0
AOK.US,D,20131113,000000,26.545,26.6438,26.5281,26.6178,34626.645046343,0
AOK.US,D,20131114,000000,26.6258,26.7376,26.6258,26.7056,54183.192012682,0
AOK.US,D,20131115,000000,26.7446,26.7944,26.7206,26.7944,24622.345150333,0
AOK.US,D,20131118,000000,26.8344,26.8344,26.7056,26.7056,42796.672944586,0
AOK.US,D,20131119,000000,26.7685,26.7765,26.7126,26.7286,55334.874267018,0
AOK.US,D,20131120,000000,26.7526,26.7526,26.6258,26.6528,21306.622872405,0
AOK.US,D,20131121,000000,26.6698,26.7446,26.6618,26.7126,22916.371958969,0
AOK.US,D,20131122,000000,26.7526,26.7944,26.7376,26.7944,19969.508749444,0
AOK.US,D,20131125,000000,26.8014,26.8014,26.7526,26.7854,26851.536911551,0
AOK.US,D,20131126,000000,26.7765,26.8174,26.7606,26.8014,23011.593729345,0
AOK.US,D,20131127,000000,26.8264,26.8264,26.7854,26.8174,19672.817759641,0
AOK.US,D,20131129,000000,26.8603,26.8792,26.8603,26.8603,8455.6932093714,0
AOK.US,D,20131202,000000,26.7606,26.7854,26.7446,26.7446,13406.222934488,0
AOK.US,D,20131203,000000,26.6867,26.7436,26.6777,26.6957,84914.765483442,0
AOK.US,D,20131204,000000,26.586,26.6867,26.586,26.6328,35655.040166401,0
AOK.US,D,20131205,000000,26.6508,26.6508,26.5999,26.6079,12414.914188155,0
AOK.US,D,20131206,000000,26.6957,26.7106,26.6867,26.6957,5481.7669703713,0
AOK.US,D,20131209,000000,26.7036,26.7516,26.7036,26.7286,24403.836245681,0
AOK.US,D,20131210,000000,26.7596,26.8004,26.7036,26.8004,21683.500616208,0
AOK.US,D,20131211,000000,26.7286,26.7286,26.6079,26.6159,47396.385620951,0
AOK.US,D,20131212,000000,26.5999,26.5999,26.5261,26.571,23702.202148175,0
AOK.US,D,20131213,000000,26.535,26.5929,26.5261,26.571,16431.268229164,0
AOK.US,D,20131216,000000,26.6508,26.6508,26.6159,26.6418,10095.512328685,0
AOK.US,D,20131217,000000,26.5999,26.6328,26.578,26.6328,43578.493796093,0
AOK.US,D,20131218,000000,26.6508,26.7516,26.5929,26.7196,16036.34846571,0
AOK.US,D,20131219,000000,26.6688,26.7286,26.6688,26.7036,28792.056358368,0
AOK.US,D,20131220,000000,26.7196,26.7924,26.7196,26.7675,28305.924162239,0
AOK.US,D,20131223,000000,26.8424,26.8792,26.8154,26.8514,31583.557732017,0
AOK.US,D,20131224,000000,26.8514,26.8514,26.8244,26.8244,34804.058239569,0
AOK.US,D,20131226,000000,26.8603,26.8872,26.8424,26.8603,12268.573362104,0
AOK.US,D,20131227,000000,26.8892,26.9172,26.8732,26.8812,43589.519474768,0
AOK.US,D,20131230,000000,26.9422,26.9422,26.8982,26.9332,20501.748329123,0
AOK.US,D,20131231,000000,26.9422,26.984,26.9242,26.951,79638.477070198,0
AOK.US,D,20140102,000000,26.8632,26.8732,26.8094,26.8184,24908.01046146,0
AOK.US,D,20140103,000000,26.8812,26.8892,26.8184,26.8732,25481.345752565,0
AOK.US,D,20140106,000000,26.8732,26.8812,26.8354,26.8354,46128.432573315,0
AOK.US,D,20140107,000000,26.8812,26.9242,26.8812,26.9242,34233.729951739,0
AOK.US,D,20140108,000000,26.9172,26.9172,26.8632,26.8892,20019.625470694,0
AOK.US,D,20140109,000000,26.9332,26.9332,26.8544,26.9172,43199.611383439,0
AOK.US,D,20140110,000000,26.975,27.016,26.9332,27.009,42112.078532305,0
AOK.US,D,20140113,000000,27.016,27.016,26.8982,26.9242,75894.757992791,0
AOK.US,D,20140114,000000,26.9422,27.001,26.9422,26.967,26200.019535296,0
AOK.US,D,20140115,000000,26.994,27.0428,26.994,27.0348,40977.435963196,0
AOK.US,D,20140116,000000,27.0528,27.0528,26.994,27.0428,16018.306446061,0
AOK.US,D,20140117,000000,27.0918,27.0918,27.001,27.026,41899.583634204,0
AOK.US,D,20140121,000000,27.0918,27.0918,27.001,27.0608,63891.803253315,0
AOK.US,D,20140122,000000,27.0778,27.0778,27.016,27.026,33263.470228331,0
AOK.US,D,20140123,000000,26.967,27.0428,26.967,27.001,139642.2250889,0
AOK.US,D,20140124,000000,26.951,26.951,26.7695,26.7695,26827.480885352,0
AOK.US,D,20140127,000000,26.7775,26.8014,26.6887,26.7126,89146.621425828,0
AOK.US,D,20140128,000000,26.7216,26.8184,26.7216,26.8014,30011.897353603,0
AOK.US,D,20140129,000000,26.7775,26.7954,26.7296,26.7536,38782.323572427,0
AOK.US,D,20140130,000000,26.7695,26.8354,26.7606,26.8014,26549.834249624,0
AOK.US,D,20140131,000000,26.7136,26.7854,26.7056,26.7616,11681.205389048,0
AOK.US,D,20140203,000000,26.7606,26.7606,26.564,26.5959,29770.334757177,0
AOK.US,D,20140204,000000,26.5909,26.6488,26.584,26.6228,65040.478504374,0
AOK.US,D,20140205,000000,26.6059,26.6578,26.55,26.6139,236320.38738424,0
AOK.US,D,20140206,000000,26.6748,26.7406,26.6578,26.7406,13271.910121537,0
AOK.US,D,20140207,000000,26.8054,26.8682,26.7824,26.8682,23391.478476422,0
AOK.US,D,20140210,000000,26.8682,26.8682,26.8304,26.8682,6684.5682803815,0
AOK.US,D,20140211,000000,26.8304,27.021,26.8304,27.021,23608.985046649,0
AOK.US,D,20140212,000000,26.9282,26.998,26.9282,26.947,21637.393232658,0
AOK.US,D,20140213,000000,26.9282,27.0478,26.8583,27.021,28739.934968268,0
AOK.US,D,20140214,000000,26.998,27.0728,26.998,27.0578,14082.798671369,0
AOK.US,D,20140218,000000,27.1336,27.1476,27.0878,27.1476,41543.754913326,0
AOK.US,D,20140219,000000,27.0878,27.1726,27.0299,27.0299,26969.812373703,0
AOK.US,D,20140220,000000,27.0658,27.1157,27.0299,27.1058,13130.580967611,0
AOK.US,D,20140221,000000,27.1476,27.1546,27.1246,27.1246,61549.34770207,0
AOK.US,D,20140224,000000,27.0958,27.2294,27.0958,27.1546,22294.924615464,0
AOK.US,D,20140225,000000,27.1726,27.2055,27.1546,27.1636,18952.13930806,0
AOK.US,D,20140226,000000,27.2204,27.2294,27.1816,27.2204,27802.752280885,0
AOK.US,D,20140227,000000,27.2294,27.2793,27.1975,27.2793,25815.123116093,0
AOK.US,D,20140228,000000,27.2883,27.3292,27.2364,27.2704,27468.974917357,0
AOK.US,D,20140303,000000,27.2144,27.2204,27.1636,27.2055,13563.589439214,0
AOK.US,D,20140304,000000,27.3282,27.3542,27.3142,27.3372,15239.492597828,0
AOK.US,D,20140305,000000,27.3372,27.3462,27.3052,27.3282,27293.566392981,0
AOK.US,D,20140306,000000,27.399,27.399,27.3542,27.3641,21094.127974303,0
AOK.US,D,20140307,000000,27.2863,27.3721,27.2614,27.3641,48644.291980086,0
AOK.US,D,20140310,000000,27.2863,27.2863,27.2194,27.2773,27745.61921866,0
AOK.US,D,20140311,000000,27.2614,27.2953,27.1886,27.1965,24513.090698007,0
AOK.US,D,20140312,000000,27.1316,27.2194,27.1316,27.2124,24463.976311181,0
AOK.US,D,20140313,000000,27.2614,27.2614,27.0808,27.1137,22130.541769762,0
AOK.US,D,20140314,000000,27.1227,27.1456,27.0868,27.1137,22964.484011369,0
AOK.US,D,20140317,000000,27.1886,27.2194,27.1706,27.1796,30966.119726211,0
AOK.US,D,20140318,000000,27.2274,27.2863,27.2045,27.2863,27463.963245232,0
AOK.US,D,20140319,000000,27.2863,27.2863,27.1137,27.1137,44904.582240379,0
AOK.US,D,20140320,000000,27.1038,27.1616,27.0808,27.1316,57731.455877212,0
AOK.US,D,20140321,000000,27.2124,27.2124,27.1137,27.1137,15298.630328904,0
AOK.US,D,20140324,000000,27.2194,27.2424,27.0938,27.1227,20205.057339321,0
AOK.US,D,20140325,000000,27.2045,27.2194,27.1616,27.1965,25455.285057515,0
AOK.US,D,20140326,000000,27.2194,27.2614,27.1706,27.1796,41613.918323076,0
AOK.US,D,20140327,000000,27.1616,27.1965,27.1396,27.1706,12882.002030209,0
AOK.US,D,20140328,000000,27.2274,27.2773,27.2045,27.2354,22192.686504113,0
AOK.US,D,20140331,000000,27.3142,27.3202,27.2524,27.3202,49203.59458924,0
AOK.US,D,20140401,000000,27.3052,27.409,27.3052,27.409,12449.995893031,0
AOK.US,D,20140402,000000,27.2903,27.3771,27.2903,27.3671,24321.64482283,0
AOK.US,D,20140403,000000,27.396,27.396,27.3162,27.3591,30548.146270983,0
AOK.US,D,20140404,000000,27.43,27.43,27.2903,27.3162,18475.028121756,0
AOK.US,D,20140407,000000,27.3162,27.3162,27.2164,27.2564,30657.400723309,0
AOK.US,D,20140408,000000,27.2324,27.2903,27.2085,27.2903,16327.025448963,0
AOK.US,D,20140409,000000,27.2823,27.404,27.2734,27.3502,38378.382799149,0
AOK.US,D,20140410,000000,27.422,27.422,27.2394,27.2394,11172.019501145,0
AOK.US,D,20140411,000000,27.2324,27.2474,27.1416,27.1416,29607.956580325,0
AOK.US,D,20140414,000000,27.2324,27.3412,27.1416,27.1995,23314.298725697,0
AOK.US,D,20140415,000000,27.2324,27.2394,27.1346,27.2394,38130.806196172,0
AOK.US,D,20140416,000000,27.3003,27.3322,27.2474,27.3322,25644.726263842,0
AOK.US,D,20140417,000000,27.3671,27.3671,27.3162,27.3162,20554.872053648,0
AOK.US,D,20140421,000000,27.396,27.396,27.3502,27.3671,22645.741664216,0
AOK.US,D,20140422,000000,27.3502,27.43,27.3322,27.43,28598.605814341,0
AOK.US,D,20140423,000000,27.438,27.438,27.3861,27.422,13823.194055292,0
AOK.US,D,20140424,000000,27.5387,27.5387,27.3771,27.43,13007.293833335,0
AOK.US,D,20140425,000000,27.3671,27.3861,27.3162,27.3162,9691.5715554069,0
AOK.US,D,20140428,000000,27.396,27.4848,27.2734,27.3771,35883.572415303,0
AOK.US,D,20140429,000000,27.3771,27.422,27.3671,27.413,12197.407617928,0
AOK.US,D,20140430,000000,27.404,27.4609,27.3771,27.438,30883.928303361,0
AOK.US,D,20140501,000000,27.4848,27.5208,27.4459,27.4848,11418.593769696,0
AOK.US,D,20140502,000000,27.4649,27.5168,27.426,27.5078,21568.232157332,0
AOK.US,D,20140505,000000,27.433,27.4998,27.433,27.4998,10622.74023624,0
AOK.US,D,20140506,000000,27.5078,27.5078,27.426,27.426,10009.311568135,0
AOK.US,D,20140507,000000,27.4649,27.4799,27.426,27.4649,11639.107343198,0
AOK.US,D,20140508,000000,27.5078,27.5597,27.4489,27.4998,21149.256367679,0
AOK.US,D,20140509,000000,27.4429,27.4898,27.4429,27.4898,12968.20279076,0
AOK.US,D,20140512,000000,27.5337,27.5677,27.4898,27.5527,14692.218001774,0
AOK.US,D,20140513,000000,27.5527,27.5986,27.5527,27.5597,26172.956505821,0
AOK.US,D,20140514,000000,27.5597,27.6075,27.5527,27.5527,25330.995588814,0
AOK.US,D,20140515,000000,27.5766,27.5766,27.4898,27.5078,17276.236149446,0
AOK.US,D,20140516,000000,27.5597,27.5677,27.4898,27.5597,7273.9409222864,0
AOK.US,D,20140519,000000,27.5677,27.6075,27.5597,27.5766,17810.480397975,0
AOK.US,D,20140520,000000,27.5866,27.5866,27.4898,27.5168,14860.610185176,0
AOK.US,D,20140521,000000,27.5168,27.5766,27.5168,27.5597,12430.951538955,0
AOK.US,D,20140522,000000,27.5986,27.6155,27.5766,27.5986,32676.102255276,0
AOK.US,D,20140523,000000,27.5766,27.6844,27.5766,27.6844,11927.779657601,0
AOK.US,D,20140527,000000,27.6594,27.7363,27.6594,27.7173,26071.720728896,0
AOK.US,D,20140528,000000,27.7263,27.7711,27.7093,27.7542,18397.84837103,0
AOK.US,D,20140529,000000,27.9827,27.9827,27.7632,27.7711,35937.698474253,0
AOK.US,D,20140530,000000,27.7801,27.7961,27.7363,27.7961,15508.118223731,0
AOK.US,D,20140602,000000,27.7632,27.8231,27.7542,27.7632,14499.769792173,0
AOK.US,D,20140603,000000,27.7552,27.7552,27.6943,27.7273,70091.241671992,0
AOK.US,D,20140604,000000,27.7273,27.7463,27.6854,27.7273,26042.65303057,0
AOK.US,D,20140605,000000,27.7373,27.841,27.7183,27.841,172955.81203848,0
AOK.US,D,20140606,000000,27.841,27.9009,27.841,27.8919,38320.247402499,0
AOK.US,D,20140609,000000,27.8829,27.9199,27.8589,27.8919,23623.0177286,0
AOK.US,D,20140610,000000,27.7801,27.8669,27.7801,27.8669,32109.783305146,0
AOK.US,D,20140611,000000,27.8669,27.8669,27.8061,27.8341,27665.432464659,0
AOK.US,D,20140612,000000,27.8749,27.8749,27.7881,27.8241,16050.381147661,0
AOK.US,D,20140613,000000,27.7801,27.8341,27.7642,27.8341,16877.307048293,0
AOK.US,D,20140616,000000,27.9109,27.9109,27.7881,27.8341,16490.405960239,0
AOK.US,D,20140617,000000,27.8151,27.841,27.7971,27.8341,26015.590001095,0
AOK.US,D,20140618,000000,27.8669,27.9527,27.8241,27.9527,22763.014791942,0
AOK.US,D,20140619,000000,28.0007,28.0735,27.9199,27.9527,18767.709773858,0
AOK.US,D,20140620,000000,27.9587,27.9837,27.9387,27.9837,41759.256814703,0
AOK.US,D,20140623,000000,27.9677,28.0067,27.9527,27.9677,40087.362993788,0
AOK.US,D,20140624,000000,27.9587,28.0007,27.9109,27.9298,21507.089757406,0
AOK.US,D,20140625,000000,27.9109,27.9737,27.8829,27.9737,33378.738687207,0
AOK.US,D,20140626,000000,27.9587,27.9837,27.9109,27.9737,17328.357539547,0
AOK.US,D,20140627,000000,27.9527,28.0067,27.9527,28.0067,11351.437363221,0
AOK.US,D,20140630,000000,28.0156,28.0255,27.9677,28.0156,44986.77366323,0
AOK.US,D,20140701,000000,27.9298,28.0994,27.9298,28.0505,59404.352032552,0
AOK.US,D,20140702,000000,28.0107,28.0775,28.0107,28.0107,21972.172930611,0
AOK.US,D,20140703,000000,28.0625,28.0865,28.0205,28.0865,14450.655405347,0
AOK.US,D,20140707,000000,28.0625,28.0625,27.9957,28.0205,20768.369286175,0
AOK.US,D,20140708,000000,27.9627,28.0205,27.9337,27.9407,65031.457494549,0
AOK.US,D,20140709,000000,28.0047,28.0107,27.9407,27.9957,24645.398842108,0
AOK.US,D,20140710,000000,27.9049,27.9487,27.8609,27.9337,21668.465599833,0
AOK.US,D,20140711,000000,27.9239,27.9627,27.9239,27.9627,24413.859589931,0
AOK.US,D,20140714,000000,28.0455,28.0455,27.9787,28.0047,16147.607586886,0
AOK.US,D,20140715,000000,27.9707,28.0107,27.9239,27.9627,39901.931125162,0
AOK.US,D,20140716,000000,28.0305,28.0305,27.9627,27.9887,35983.805857804,0
AOK.US,D,20140717,000000,27.9487,27.9887,27.8869,27.8869,22906.348614719,0
AOK.US,D,20140718,000000,27.9337,28.0047,27.9239,27.9957,52692.720722695,0
AOK.US,D,20140721,000000,27.9487,27.9707,27.9239,27.9407,52763.886466871,0
AOK.US,D,20140722,000000,28.0375,28.0375,27.9887,28.0305,44618.916929252,0
AOK.US,D,20140723,000000,28.0205,28.0545,28.0205,28.0375,20539.837037273,0
AOK.US,D,20140724,000000,28.0305,28.0545,28.0107,28.0305,24382.787222756,0
AOK.US,D,20140725,000000,28.0205,28.0205,27.9627,27.9707,16738.984897641,0
AOK.US,D,20140728,000000,27.9627,28.0047,27.9557,27.9957,132989.73151013,0
AOK.US,D,20140729,000000,28.0305,28.0625,27.9787,27.9787,23946.771747878,0
AOK.US,D,20140730,000000,28.0107,28.0107,27.8949,27.9337,26667.10737735,0
AOK.US,D,20140731,000000,27.7921,27.8191,27.7203,27.7303,23526.793623799,0
AOK.US,D,20140801,000000,27.6714,27.7403,27.6545,27.7303,61337.855138393,0
AOK.US,D,20140804,000000,27.6923,27.7961,27.6923,27.7961,56289.096639626,0
AOK.US,D,20140805,000000,27.7622,27.7622,27.6505,27.6923,37914.301960371,0
AOK.US,D,20140806,000000,27.6065,27.6923,27.6065,27.6923,17164.97702827,0
AOK.US,D,20140807,000000,27.6923,27.7353,27.6145,27.6325,19060.391425961,0
AOK.US,D,20140808,000000,27.7013,27.7542,27.6585,27.7542,25011.250907236,0
AOK.US,D,20140811,000000,27.8231,27.8331,27.7711,27.8051,12473.049584805,0
AOK.US,D,20140812,000000,27.8141,27.8141,27.7443,27.7801,20910.700774526,0
AOK.US,D,20140813,000000,27.8579,27.8659,27.8141,27.8659,60241.301277434,0
AOK.US,D,20140814,000000,27.8999,27.9288,27.8819,27.9288,13232.819078962,0
AOK.US,D,20140815,000000,27.9587,28.0007,27.8999,27.9457,34876.22631817,0
AOK.US,D,20140818,000000,27.9527,28.0067,27.9527,27.9927,50922.59812813,0
AOK.US,D,20140819,000000,27.9927,28.0335,27.9927,28.0335,27399.813842032,0
AOK.US,D,20140820,000000,27.9677,28.0067,27.9587,27.9927,15060.074735752,0
AOK.US,D,20140821,000000,27.9927,28.0645,27.9927,28.0425,49912.245027722,0
AOK.US,D,20140822,000000,28.0156,28.0335,27.9737,28.0255,26705.196085501,0
AOK.US,D,20140825,000000,28.0825,28.1004,28.0585,28.0825,19019.295714536,0
AOK.US,D,20140826,000000,28.0745,28.1243,28.0745,28.1004,11815.518202,0
AOK.US,D,20140827,000000,28.0825,28.1243,28.0825,28.1243,34366.038095841,0
AOK.US,D,20140828,000000,28.1163,28.1163,28.0425,28.1004,23018.610070319,0
AOK.US,D,20140829,000000,28.0745,28.1243,28.0745,28.1243,35036.599826171,0
AOK.US,D,20140902,000000,28.0335,28.1163,28.0335,28.1004,48674.362012837,0
AOK.US,D,20140903,000000,28.1563,28.1563,28.1113,28.1283,11068.779055369,0
AOK.US,D,20140904,000000,28.1113,28.1473,27.8351,27.8351,96652.101600291,0
AOK.US,D,20140905,000000,28.0445,28.0865,28.0295,28.0685,44942.67094853,0
AOK.US,D,20140908,000000,28.0865,28.0865,28.0037,28.0365,18158.290443454,0
AOK.US,D,20140909,000000,28.1922,28.1922,27.9397,27.9557,80197.779679353,0
AOK.US,D,20140910,000000,27.8939,27.9707,27.8859,27.9707,15101.170447178,0
AOK.US,D,20140911,000000,27.9039,27.9557,27.8939,27.9557,18846.894193434,0
AOK.US,D,20140912,000000,27.8939,27.8939,27.8519,27.8599,27290.559389705,0
AOK.US,D,20140915,000000,27.8599,27.8599,27.8351,27.844,33165.24145468,0
AOK.US,D,20140916,000000,27.7911,27.9327,27.7911,27.8859,28980.49523027,0
AOK.US,D,20140917,000000,27.9039,27.9327,27.844,27.8599,24925.050146685,0
AOK.US,D,20140918,000000,27.9397,27.9397,27.9139,27.9327,17388.497605047,0
AOK.US,D,20140919,000000,27.9777,27.9777,27.8859,27.9229,16286.932071962,0
AOK.US,D,20140922,000000,27.8689,27.9327,27.8181,27.8271,24967.148192535,0
AOK.US,D,20140923,000000,27.7821,27.844,27.7731,27.7911,12439.97254878,0
AOK.US,D,20140924,000000,27.7652,27.8351,27.7652,27.8351,38021.551743846,0
AOK.US,D,20140925,000000,27.7911,27.8351,27.6863,27.7113,22569.564247915,0
AOK.US,D,20140926,000000,27.6355,27.7652,27.6355,27.7562,39670.391872985,0
AOK.US,D,20140929,000000,27.6355,27.7113,27.6355,27.6863,20298.274440847,0
AOK.US,D,20140930,000000,27.6863,27.7383,27.6535,27.6863,52168.499818415,0
AOK.US,D,20141001,000000,27.6445,27.6694,27.5876,27.6165,40762.936396244,0
AOK.US,D,20141002,000000,27.6245,27.6245,27.5068,27.5986,20855.572381151,0
AOK.US,D,20141003,000000,27.6245,27.6594,27.6075,27.6515,19279.902665038,0
AOK.US,D,20141006,000000,27.7273,27.7273,27.6425,27.6684,22433.246766115,0
AOK.US,D,20141007,000000,27.5986,27.6594,27.5517,27.5597,31905.307082445,0
AOK.US,D,20141008,000000,27.5856,27.7642,27.4988,27.7552,48756.553435687,0
AOK.US,D,20141009,000000,27.6764,27.7183,27.4988,27.5158,56268.0476167,0
AOK.US,D,20141010,000000,27.4699,27.4888,27.397,27.397,89336.062632155,0
AOK.US,D,20141013,000000,27.4639,27.4639,27.3182,27.3182,45631.27469851,0
AOK.US,D,20141014,000000,27.3691,27.4419,27.3342,27.3611,33857.854542361,0
AOK.US,D,20141015,000000,27.3432,27.416,27.1995,27.3611,44883.533217454,0
AOK.US,D,20141016,000000,27.2654,27.3781,27.2394,27.3182,57197.211628683,0
AOK.US,D,20141017,000000,27.416,27.4888,27.397,27.4559,34545.455957917,0
AOK.US,D,20141020,000000,27.4888,27.5597,27.4419,27.5597,72541.949341138,0
AOK.US,D,20141021,000000,27.6155,27.7103,27.5417,27.6844,65013.415474899,0
AOK.US,D,20141022,000000,27.6425,27.7183,27.6155,27.6155,37099.404072839,0
AOK.US,D,20141023,000000,27.7273,27.7273,27.6515,27.6764,15580.286302331,0
AOK.US,D,20141024,000000,27.7273,27.7273,27.6764,27.7183,27217.388976679,0
AOK.US,D,20141027,000000,27.6425,27.7273,27.6335,27.7183,41170.886507223,0
AOK.US,D,20141028,000000,27.7273,27.843,27.7273,27.8261,59157.777764,0
AOK.US,D,20141029,000000,27.8171,27.8589,27.7373,27.7721,18529.154180707,0
AOK.US,D,20141030,000000,27.8171,27.8929,27.7373,27.8769,42138.139227356,0
AOK.US,D,20141031,000000,27.9318,28.0027,27.9318,27.9767,38264.116674698,0
AOK.US,D,20141103,000000,27.9547,27.9937,27.9487,27.9617,39283.490784932,0
AOK.US,D,20141104,000000,27.8859,27.9327,27.8779,27.9327,30082.060763354,0
AOK.US,D,20141105,000000,27.9397,28.0037,27.9139,27.9617,16604.672084691,0
AOK.US,D,20141106,000000,27.9139,27.9487,27.9039,27.9139,32494.679724349,0
AOK.US,D,20141107,000000,27.9557,27.9777,27.9327,27.9617,91649.450485074,0
AOK.US,D,20141110,000000,27.9557,28.0195,27.9557,27.9877,93902.698272493,0
AOK.US,D,20141111,000000,28.0097,28.0295,27.9777,28.0295,38491.646589175,0
AOK.US,D,20141112,000000,27.9397,28.0097,27.9397,27.9777,19913.378021643,0
AOK.US,D,20141113,000000,28.0365,28.0365,27.9707,27.9947,69259.304099235,0
AOK.US,D,20141114,000000,27.9487,28.0037,27.9487,27.9877,45333.581374283,0
AOK.US,D,20141117,000000,27.9947,28.0097,27.9617,27.9777,56234.970580675,0
AOK.US,D,20141118,000000,28.0535,28.0625,27.9777,28.0535,34884.24499357,0
AOK.US,D,20141119,000000,28.0097,28.0295,27.9617,27.9947,21976.182268311,0
AOK.US,D,20141120,000000,27.9707,28.0195,27.9707,28.0097,52372.976041118,0
AOK.US,D,20141121,000000,28.1044,28.1473,28.0775,28.1044,36639.332571759,0
AOK.US,D,20141124,000000,28.1383,28.1473,28.0865,28.1473,32713.188629001,0
AOK.US,D,20141125,000000,28.1563,28.1832,28.1283,28.1733,39880.882102237,0
AOK.US,D,20141126,000000,28.1733,28.2251,28.1733,28.2251,43091.359265539,0
AOK.US,D,20141128,000000,28.1733,28.1991,28.1643,28.1643,15000.937004677,0
AOK.US,D,20141201,000000,28.1733,28.1832,28.0445,28.0685,20965.829167902,0
AOK.US,D,20141202,000000,28.0435,28.0935,28.0345,28.0935,44395.396352475,0
AOK.US,D,20141203,000000,28.0345,28.1183,28.0345,28.1093,8512.8262715969,0
AOK.US,D,20141204,000000,28.1363,28.1463,28.0845,28.0935,45790.645872086,0
AOK.US,D,20141205,000000,28.0845,28.1263,28.0755,28.1024,53497.595265977,0
AOK.US,D,20141208,000000,28.1024,28.1024,28.0077,28.0165,22227.768208988,0
AOK.US,D,20141209,000000,27.9597,28.0515,27.9387,28.0515,82175.385499894,0
AOK.US,D,20141210,000000,28.0515,28.0515,27.8919,27.8919,23504.742266449,0
AOK.US,D,20141211,000000,27.9298,27.9927,27.8829,27.9109,33361.699001981,0
AOK.US,D,20141212,000000,27.841,27.8669,27.7881,27.7881,109585.22268618,0
AOK.US,D,20141215,000000,27.7622,27.7801,27.6055,27.6315,32816.429074777,0
AOK.US,D,20141216,000000,27.5966,27.7622,27.5906,27.6405,78161.036127735,0
AOK.US,D,20141217,000000,27.7443,27.849,27.6824,27.8341,70147.372399792,0
AOK.US,D,20141218,000000,27.9298,27.9847,27.9109,27.9687,118065.97425617,0
AOK.US,D,20141219,000000,28.0435,28.0935,27.9847,28.0755,49183.54790074,0
AOK.US,D,20141222,000000,28.1024,28.1183,28.0515,28.1183,35827.441687502,0
AOK.US,D,20141223,000000,28.1543,28.1543,28.0665,28.0755,74207.829155502,0
AOK.US,D,20141224,000000,28.0845,28.1263,28.0165,28.0935,35894.598093979,0
AOK.US,D,20141226,000000,28.0974,28.1922,28.0974,28.1852,77630.801216906,0
AOK.US,D,20141229,000000,28.1852,28.1922,28.1203,28.1583,67724.730094547,0
AOK.US,D,20141230,000000,28.1063,28.1403,28.1063,28.1203,51333.555242383,0
AOK.US,D,20141231,000000,28.1203,28.1303,28.0195,28.0195,118332.59521322,0
AOK.US,D,20150102,000000,28.0535,28.0535,27.9557,28.0365,66453.770043636,0
AOK.US,D,20150105,000000,27.9397,27.9487,27.8171,27.8599,95129.555608704,0
AOK.US,D,20150106,000000,27.9139,27.9139,27.7552,27.7811,29999.869340503,0
AOK.US,D,20150107,000000,27.8081,27.9039,27.8081,27.9039,38475.609238375,0
AOK.US,D,20150108,000000,28.0635,28.0635,27.9397,28.0535,66767.500718664,0
AOK.US,D,20150109,000000,28.1203,28.1203,27.9777,27.9947,34003.193033987,0
AOK.US,D,20150112,000000,27.9707,27.9877,27.9397,27.9557,18785.751793508,0
AOK.US,D,20150113,000000,28.0795,28.0795,27.9327,27.9617,33457.923106783,0
AOK.US,D,20150114,000000,27.8859,27.9707,27.8859,27.9557,20176.99197542,0
AOK.US,D,20150115,000000,27.9707,28.0195,27.9487,27.9487,46061.276166839,0
AOK.US,D,20150116,000000,27.8939,28.0195,27.8939,28.0195,86510.481888055,0
AOK.US,D,20150120,000000,28.0795,28.0795,28.0037,28.0535,107226.72978413,0
AOK.US,D,20150121,000000,28.0195,28.1203,28.0195,28.0795,39117.103270381,0
AOK.US,D,20150122,000000,28.2081,28.2261,28.0885,28.2081,24043.998187103,0
AOK.US,D,20150123,000000,28.2341,28.2869,28.2081,28.2171,63080.914703482,0
AOK.US,D,20150126,000000,28.2081,28.277,28.1852,28.2431,68580.723693505,0
AOK.US,D,20150127,000000,28.2341,28.2601,28.2011,28.2171,23488.704915648,0
AOK.US,D,20150128,000000,28.2341,28.2521,28.1123,28.1123,44564.790870302,0
AOK.US,D,20150129,000000,28.1852,28.2171,28.0795,28.2011,38363.347782774,0
AOK.US,D,20150130,000000,28.2171,28.2171,28.1123,28.1203,17391.504608322,0
AOK.US,D,20150202,000000,28.0635,28.2081,28.0195,28.1663,340831.79321103,0
AOK.US,D,20150203,000000,28.1753,28.2441,28.0635,28.1753,77720.008980731,0
AOK.US,D,20150204,000000,28.1063,28.2171,28.0445,28.1922,44300.174582099,0
AOK.US,D,20150205,000000,28.1922,28.269,28.1063,28.2341,45164.186856456,0
AOK.US,D,20150206,000000,28.0974,28.1852,27.9877,27.9877,60158.107520158,0
AOK.US,D,20150209,000000,27.9397,28.0445,27.9397,27.9947,30947.075372136,0
AOK.US,D,20150210,000000,27.9557,28.0365,27.9487,27.9947,34896.27300667,0
AOK.US,D,20150211,000000,28.0097,28.0445,27.9487,27.9877,30092.084107604,0
AOK.US,D,20150212,000000,28.0885,28.1203,28.0705,28.1203,16500.429304489,0
AOK.US,D,20150213,000000,28.1123,28.1753,28.1123,28.1493,37576.515259142,0
AOK.US,D,20150217,000000,27.9947,28.1583,27.9707,28.0795,48628.254629286,0
AOK.US,D,20150218,000000,28.1403,28.2081,28.0705,28.1493,13631.748180115,0
AOK.US,D,20150219,000000,28.2261,28.2261,28.1303,28.1753,45145.142502381,0
AOK.US,D,20150220,000000,28.2171,28.2969,28.1663,28.278,44649.989296428,0
AOK.US,D,20150223,000000,28.2081,28.2969,28.1852,28.269,35056.646514671,0
AOK.US,D,20150224,000000,28.1852,28.4296,28.1852,28.3777,87914.752417493,0
AOK.US,D,20150225,000000,28.5603,28.5603,28.3608,28.4296,64399.986806794,0
AOK.US,D,20150226,000000,28.4296,28.4865,28.3069,28.3688,64763.834203072,0
AOK.US,D,20150227,000000,28.4027,28.4536,28.3429,28.3857,65092.599894475,0
AOK.US,D,20150302,000000,28.3777,28.4785,28.278,28.278,60088.946444832,0
AOK.US,D,20150303,000000,28.4955,28.4955,28.2531,28.2611,190095.73070613,0
AOK.US,D,20150304,000000,28.2969,28.4107,28.1403,28.2081,45987.103419388,0
AOK.US,D,20150305,000000,28.2081,28.3149,28.2081,28.2441,64221.571279142,0
AOK.US,D,20150306,000000,28.2441,28.269,27.9707,28.0365,58877.124124997,0
AOK.US,D,20150309,000000,28.1123,28.1303,28.0037,28.0705,37389.078721666,0
AOK.US,D,20150310,000000,28.0365,28.0535,27.9617,27.9947,31935.377115195,0
AOK.US,D,20150311,000000,27.9777,28.0635,27.9557,28.0365,15791.778866008,0
AOK.US,D,20150312,000000,28.1063,28.1583,28.0635,28.1203,50860.453393779,0
AOK.US,D,20150313,000000,27.9947,28.0705,27.9707,27.9877,36348.655588507,0
AOK.US,D,20150316,000000,28.1303,28.1922,28.0885,28.1753,15907.047324884,0
AOK.US,D,20150317,000000,28.1753,28.1922,28.0885,28.1922,24852.882068085,0
AOK.US,D,20150318,000000,28.1922,28.4955,28.1403,28.4785,41694.105077077,0
AOK.US,D,20150319,000000,28.4296,28.5354,28.269,28.3688,78032.737321334,0
AOK.US,D,20150320,000000,28.4197,28.5524,28.3429,28.4626,38437.520530225,0
AOK.US,D,20150323,000000,28.5354,28.6581,28.4875,28.5524,68398.298828152,0
AOK.US,D,20150324,000000,28.6421,28.6681,28.4955,28.6681,38669.059782401,0
AOK.US,D,20150325,000000,28.5524,28.6252,28.3857,28.4626,55972.358961323,0
AOK.US,D,20150326,000000,28.3518,28.4446,28.2969,28.3429,24735.608940359,0
AOK.US,D,20150327,000000,28.3429,28.4107,28.269,28.3688,33213.353507081,0
AOK.US,D,20150330,000000,28.4446,28.6342,28.3777,28.4955,62241.960789751,0
AOK.US,D,20150331,000000,28.3339,28.4875,28.3339,28.4356,22349.050674414,0
AOK.US,D,20150401,000000,28.4536,28.4715,28.0705,28.4715,22176.649153312,0
AOK.US,D,20150402,000000,28.4805,28.4975,28.4386,28.4975,20165.966296745,0
AOK.US,D,20150406,000000,28.5204,28.6272,28.4655,28.5912,130393.68534935,0
AOK.US,D,20150407,000000,28.6451,28.6711,28.5823,28.6182,78734.37141884,0
AOK.US,D,20150408,000000,28.6451,28.726,28.5633,28.6272,34307.90269919,0
AOK.US,D,20150409,000000,28.5992,28.6182,28.5474,28.6092,26072.72306332,0
AOK.US,D,20150410,000000,28.68,28.68,28.5912,28.6531,86465.37683893,0
AOK.US,D,20150413,000000,28.707,28.707,28.5912,28.5992,139664.27644625,0
AOK.US,D,20150414,000000,28.6711,28.7399,28.6451,28.6451,51461.854048784,0
AOK.US,D,20150415,000000,28.7858,28.7998,28.689,28.726,67736.758107647,0
AOK.US,D,20150416,000000,28.7329,28.7858,28.698,28.7489,16872.295376168,0
AOK.US,D,20150417,000000,28.707,28.707,28.5823,28.6531,29666.091976975,0
AOK.US,D,20150420,000000,28.6531,28.707,28.6451,28.689,21134.221351304,0
AOK.US,D,20150421,000000,28.6531,28.7399,28.6451,28.68,66573.047840213,0
AOK.US,D,20150422,000000,28.6711,28.689,28.6092,28.6092,24622.345150333,0
AOK.US,D,20150423,000000,28.5992,28.7768,28.5912,28.7329,68038.460769575,0
AOK.US,D,20150424,000000,28.7489,28.8188,28.716,28.8098,31332.974125765,0
AOK.US,D,20150427,000000,28.8098,28.8536,28.7688,28.7998,97361.754373197,0
AOK.US,D,20150428,000000,28.8098,28.8098,28.68,28.7489,114859.50643057,0
AOK.US,D,20150429,000000,28.6092,28.7928,28.5633,28.5633,60271.371310184,0
AOK.US,D,20150430,000000,28.6092,28.6092,28.4975,28.5294,21095.130308729,0
AOK.US,D,20150501,000000,28.5633,28.5723,28.4975,28.5065,49955.345407997,0
AOK.US,D,20150504,000000,28.5504,28.5773,28.5084,28.5504,14702.241346024,0
AOK.US,D,20150505,000000,28.5015,28.5015,28.3747,28.4167,39016.86982788,0
AOK.US,D,20150506,000000,28.4765,28.4765,28.2401,28.3109,32389.434609723,0
AOK.US,D,20150507,000000,28.3109,28.4077,28.2939,28.3917,27066.036478504,0
AOK.US,D,20150508,000000,28.5244,28.6412,28.5174,28.6042,28942.406522119,0
AOK.US,D,20150511,000000,28.5015,28.5873,28.3578,28.4346,53953.657429356,0
AOK.US,D,20150512,000000,28.4007,28.4346,28.2491,28.4266,49694.738457494,0
AOK.US,D,20150513,000000,28.5084,28.5244,28.3668,28.4516,27492.028609132,0
AOK.US,D,20150514,000000,28.5084,28.5773,28.4426,28.5683,45273.441308783,0
AOK.US,D,20150515,000000,28.5174,28.6571,28.5084,28.6042,69045.806866708,0
AOK.US,D,20150518,000000,28.5873,28.6042,28.5084,28.5873,90709.260794416,0
AOK.US,D,20150519,000000,28.5873,28.5873,28.4765,28.5015,39105.07525728,0
AOK.US,D,20150520,000000,28.5015,28.5683,28.4695,28.5344,17266.212805196,0
AOK.US,D,20150521,000000,28.5344,28.6322,28.4765,28.6232,61946.272134373,0
AOK.US,D,20150522,000000,28.5084,28.5873,28.4935,28.5593,36356.674263907,0
AOK.US,D,20150526,000000,28.5593,28.5593,28.4077,28.5084,235387.21403456,0
AOK.US,D,20150527,000000,28.4346,28.5873,28.4167,28.5873,36820.755102686,0
AOK.US,D,20150528,000000,29.148,29.2298,28.4516,28.5504,48083.987036506,0
AOK.US,D,20150529,000000,28.5344,28.5504,28.4426,28.4935,23040.661427669,0
AOK.US,D,20150601,000000,28.4935,28.6571,28.3917,28.4346,51136.095360657,0
AOK.US,D,20150602,000000,28.3359,28.4336,28.3269,28.4047,28150.562326363,0
AOK.US,D,20150603,000000,28.3718,28.5075,28.2899,28.2989,31573.534387767,0
AOK.US,D,20150604,000000,28.3169,28.3638,28.2091,28.28,61182.493302517,0
AOK.US,D,20150605,000000,28.0815,28.2021,28.0815,28.1223,18273.55890233,0
AOK.US,D,20150608,000000,28.0905,28.1872,28.0905,28.1513,30418.845130157,0
AOK.US,D,20150609,000000,28.0725,28.0994,27.9897,28.0725,28295.900817989,0
AOK.US,D,20150610,000000,28.1223,28.262,28.0315,28.1423,32724.214307677,0
AOK.US,D,20150611,000000,28.2021,28.3089,28.1323,28.2989,23441.595197673,0
AOK.US,D,20150612,000000,28.1323,28.28,28.1223,28.1223,15498.094879481,0
AOK.US,D,20150615,000000,28.1513,28.1872,28.0635,28.0815,78992.973700492,0
AOK.US,D,20150616,000000,28.1773,28.2461,28.1513,28.2271,21505.085088557,0
AOK.US,D,20150617,000000,28.1513,28.271,28.0815,28.1603,44873.509873204,0
AOK.US,D,20150618,000000,28.3089,28.3089,28.1872,28.2899,37818.077855569,0
AOK.US,D,20150619,000000,28.3359,28.3359,28.2551,28.3269,17924.746522427,0
AOK.US,D,20150622,000000,28.3359,28.4147,28.28,28.3638,35625.972468076,0
AOK.US,D,20150623,000000,28.2989,28.3977,28.2361,28.2899,45461.880180684,0
AOK.US,D,20150624,000000,28.2899,28.3089,28.2191,28.2899,45453.861505284,0
AOK.US,D,20150625,000000,28.262,28.3169,28.2091,28.2361,32963.772235253,0
AOK.US,D,20150626,000000,28.2361,28.2361,28.1223,28.1773,24402.833911257,0
AOK.US,D,20150629,000000,28.0117,28.1143,28.0117,28.0635,50884.50941998,0
AOK.US,D,20150630,000000,28.0815,28.1143,28.0057,28.0555,18623.373616657,0
AOK.US,D,20150701,000000,28.0465,28.1423,28.0057,28.0635,87894.705728992,0
AOK.US,D,20150702,000000,28.1343,28.1533,28.0565,28.0735,13593.659471965,0
AOK.US,D,20150706,000000,28.0735,28.0994,27.9907,28.0645,23146.908876721,0
AOK.US,D,20150707,000000,28.0645,28.1613,27.9807,28.0735,263237.07603342,0
AOK.US,D,20150708,000000,28.0475,28.0475,27.9149,27.9637,22338.024995739,0
AOK.US,D,20150709,000000,28.0645,28.1343,27.9417,27.9907,66675.285951563,0
AOK.US,D,20150710,000000,28.0825,28.1163,27.9977,28.0825,34893.266003395,0
AOK.US,D,20150713,000000,28.2111,28.2111,28.0325,28.1083,105705.18612697,0
AOK.US,D,20150714,000000,28.0994,28.2031,28.0994,28.1613,138189.84250707,0
AOK.US,D,20150715,000000,28.1892,28.2471,28.0994,28.1703,29013.572266295,0
AOK.US,D,20150716,000000,28.3009,28.3009,28.1792,28.2571,33046.965992529,0
AOK.US,D,20150717,000000,28.264,28.272,28.1792,28.272,18309.642941629,0
AOK.US,D,20150720,000000,28.1613,28.2919,28.1613,28.2381,135073.58477972,0
AOK.US,D,20150721,000000,28.1343,28.264,28.1343,28.2111,37657.704347568,0
AOK.US,D,20150722,000000,28.2211,28.2291,28.1243,28.2111,117225.01567359,0
AOK.US,D,20150723,000000,28.1703,28.2211,28.1243,28.2031,75305.385350886,0
AOK.US,D,20150724,000000,28.1243,28.1892,28.0475,28.1533,93845.565210267,0
AOK.US,D,20150727,000000,28.0565,28.0994,28.0057,28.0825,35121.798252297,0
AOK.US,D,20150728,000000,28.0475,28.1703,28.0057,28.1613,28095.433932987,0
AOK.US,D,20150729,000000,28.1343,28.2211,28.1243,28.2031,15429.93613858,0
AOK.US,D,20150730,000000,28.1703,28.2571,28.0735,28.2031,33046.965992529,0
AOK.US,D,20150731,000000,28.2571,28.3099,28.2211,28.2919,21995.226622385,0
AOK.US,D,20150803,000000,28.2571,28.3099,28.1892,28.2471,17265.210470771,0
AOK.US,D,20150804,000000,28.2091,28.28,28.1603,28.1683,47042.561568923,0
AOK.US,D,20150805,000000,28.1872,28.2191,28.1513,28.1872,38183.929920698,0
AOK.US,D,20150806,000000,28.1513,28.1942,28.0984,28.1513,49662.663755894,0
AOK.US,D,20150807,000000,28.1143,28.2021,28.1143,28.2021,10813.183776992,0
AOK.US,D,20150810,000000,28.2899,28.2899,28.1423,28.1683,26568.878603699,0
AOK.US,D,20150811,000000,28.1423,28.2091,28.1323,28.1603,29192.990128372,0
AOK.US,D,20150812,000000,28.1323,28.1603,28.0715,28.0984,19785.079215242,0
AOK.US,D,20150813,000000,28.0805,28.2021,28.0375,28.0984,35312.241793048,0
AOK.US,D,20150814,000000,28.1323,28.1683,28.0805,28.1513,11844.585900325,0
AOK.US,D,20150817,000000,28.0984,28.2091,28.0895,28.2021,25875.263181594,0
AOK.US,D,20150818,000000,28.1073,28.1872,28.0805,28.1143,19439.273838614,0
AOK.US,D,20150819,000000,28.0545,28.1513,27.9887,28.1513,13342.073531288,0
AOK.US,D,20150820,000000,27.9397,28.0635,27.8769,27.8769,27487.016937007,0
AOK.US,D,20150821,000000,27.8769,27.9327,27.6575,27.6575,87756.383578341,0
AOK.US,D,20150824,000000,27.2194,27.5537,13.0376,27.3681,314614.73399051,0
AOK.US,D,20150825,000000,27.5257,27.5537,27.2354,27.2803,190809.39281674,0
AOK.US,D,20150826,000000,27.5946,27.5946,27.3082,27.4988,38532.742300601,0
AOK.US,D,20150827,000000,27.5357,27.7253,27.5168,27.6734,35659.049504102,0
AOK.US,D,20150828,000000,27.6045,27.7253,27.6045,27.7163,32550.81045215,0
AOK.US,D,20150831,000000,27.6993,27.6993,27.5617,27.5706,76947.20913905,0
AOK.US,D,20150901,000000,27.416,27.5617,27.3252,27.3512,31854.188026769,0
AOK.US,D,20150902,000000,27.5417,27.5417,27.403,27.5048,83175.715256052,0
AOK.US,D,20150903,000000,27.6285,27.6455,27.4958,27.5138,161643.46571784,0
AOK.US,D,20150904,000000,27.4469,27.4469,27.395,27.431,15049.049057077,0
AOK.US,D,20150908,000000,27.5946,27.5946,27.4958,27.5417,20567.902401174,0
AOK.US,D,20150909,000000,27.6105,27.6714,27.5048,27.5138,23896.655026627,0
AOK.US,D,20150910,000000,27.4619,27.5876,27.4619,27.5876,56972.688717481,0
AOK.US,D,20150911,000000,27.5237,27.6105,27.5237,27.5597,8614.0620485228,0
AOK.US,D,20150914,000000,27.6634,27.6634,27.5048,27.5946,30096.093445305,0
AOK.US,D,20150915,000000,27.5517,27.5946,27.4858,27.5776,128895.19538397,0
AOK.US,D,20150916,000000,27.6285,27.6634,27.5776,27.6375,25155.587064437,0
AOK.US,D,20150917,000000,27.6185,27.84,27.6185,27.8131,33252.444549656,0
AOK.US,D,20150918,000000,27.6545,27.7323,27.6105,27.7043,26997.877737603,0
AOK.US,D,20150921,000000,27.6545,27.6545,27.5417,27.6185,26767.340819851,0
AOK.US,D,20150922,000000,27.4858,27.5138,27.403,27.4389,22976.512024469,0
AOK.US,D,20150923,000000,27.4958,27.5327,27.3851,27.4529,38897.592031303,0
AOK.US,D,20150924,000000,27.3571,27.4529,27.3402,27.4469,45158.172849907,0
AOK.US,D,20150925,000000,27.4958,27.5048,27.3302,27.3751,47332.23621775,0
AOK.US,D,20150928,000000,27.395,27.403,27.2594,27.2763,63233.269536084,0
AOK.US,D,20150929,000000,27.2404,27.3232,27.2005,27.2594,20449.626939023,0
AOK.US,D,20150930,000000,27.4469,27.4469,27.3042,27.3851,37798.031167069,0
AOK.US,D,20151001,000000,27.422,27.4689,27.3661,27.422,128895.19538397,0
AOK.US,D,20151002,000000,27.436,27.6445,27.436,27.5996,15476.043522131,0
AOK.US,D,20151005,000000,27.7492,27.7941,27.6265,27.7123,32620.973861901,0
AOK.US,D,20151006,000000,27.7123,27.8979,27.7123,27.7403,39103.07058843,0
AOK.US,D,20151007,000000,27.8899,27.8979,27.7841,27.8899,48446.832098359,0
AOK.US,D,20151008,000000,27.8021,27.9517,27.8021,27.9447,42770.612249537,0
AOK.US,D,20151009,000000,27.9517,28.0007,27.8809,27.9447,16513.459652014,0
AOK.US,D,20151012,000000,27.9927,28.0335,27.8639,28.0156,32092.743619921,0
AOK.US,D,20151013,000000,27.9837,27.9837,27.8719,27.8809,32913.655514003,0
AOK.US,D,20151014,000000,27.8899,27.9927,27.8899,27.9179,53091.649823849,0
AOK.US,D,20151015,000000,27.9927,28.0685,27.8979,28.0685,23505.744600874,0
AOK.US,D,20151016,000000,28.0156,28.0865,28.0007,28.0605,175683.16400893,0
AOK.US,D,20151019,000000,28.0255,28.0775,27.9837,28.0605,47486.595719201,0
AOK.US,D,20151020,000000,28.0007,28.0156,27.9667,27.9667,31534.443345192,0
AOK.US,D,20151021,000000,28.0515,28.0775,27.9667,28.0007,189784.00469996,0
AOK.US,D,20151022,000000,28.0775,28.1842,28.0685,28.1653,162723.982228,0
AOK.US,D,20151023,000000,28.2431,28.2431,28.1113,28.1743,34170.582882964,0
AOK.US,D,20151026,000000,28.2161,28.2431,28.1393,28.1573,33829.789178461,0
AOK.US,D,20151027,000000,28.1842,28.1842,28.1203,28.1653,48850.772871637,0
AOK.US,D,20151028,000000,28.1113,28.2601,28.1113,28.1922,25915.356558594,0
AOK.US,D,20151029,000000,28.1044,28.1044,28.0255,28.0255,26834.497226326,0
AOK.US,D,20151030,000000,28.1044,28.1203,28.0335,28.0955,70294.715560269,0
AOK.US,D,20151102,000000,28.1044,28.1653,28.0775,28.1653,32919.669520553,0
AOK.US,D,20151103,000000,28.1203,28.1583,28.0515,28.1054,47574.801148601,0
AOK.US,D,20151104,000000,28.1763,28.1763,28.0515,28.0875,29287.209564322,0
AOK.US,D,20151105,000000,28.0265,28.1054,28.0077,28.0265,95314.98747733,0
AOK.US,D,20151106,000000,28.0017,28.0017,27.8649,27.9457,136215.2436898,0
AOK.US,D,20151109,000000,27.9189,27.9189,27.7771,27.839,63204.201837759,0
AOK.US,D,20151110,000000,27.8311,27.8909,27.7951,27.8569,69315.434827035,0
AOK.US,D,20151111,000000,27.9377,27.9377,27.839,27.847,66562.022161537,0
AOK.US,D,20151112,000000,27.7592,27.8569,27.7592,27.8031,120864.4919708,0
AOK.US,D,20151113,000000,27.6953,27.8311,27.6953,27.7313,119606.56226741,0
AOK.US,D,20151116,000000,27.6624,27.847,27.6624,27.8221,51782.601064787,0
AOK.US,D,20151117,000000,27.7951,27.8989,27.7951,27.8569,53270.0653515,0
AOK.US,D,20151118,000000,27.8311,27.9677,27.8311,27.9677,150535.5956199,0
AOK.US,D,20151119,000000,28.0077,28.0265,27.9747,27.9927,120177.89288967,0
AOK.US,D,20151120,000000,27.9587,28.0615,27.9587,27.9747,46856.127365871,0
AOK.US,D,20151123,000000,27.9457,28.0077,27.9457,27.9587,28528.442404591,0
AOK.US,D,20151124,000000,27.9677,28.0165,27.9457,27.9927,86500.458543805,0
AOK.US,D,20151125,000000,28.0345,28.0345,27.9847,28.0165,38495.655926876,0
AOK.US,D,20151127,000000,28.0265,28.0345,28.0017,28.0017,21195.363751229,0
AOK.US,D,20151130,000000,28.0515,28.0515,27.9587,27.9927,285140.08788871,0
AOK.US,D,20151201,000000,28.0077,28.1673,28.0077,28.1583,224042.79301231,0
AOK.US,D,20151202,000000,28.1203,28.1203,28.0265,28.0265,81751.398038116,0
AOK.US,D,20151203,000000,28.0515,28.0515,27.7213,27.8031,133933.93053848,0
AOK.US,D,20151204,000000,27.8729,27.9927,27.7851,27.9677,118227.3500986,0
AOK.US,D,20151207,000000,27.9089,27.9527,27.8819,27.9189,100245.47051395,0
AOK.US,D,20151208,000000,27.8221,27.8729,27.7851,27.8031,166806.49034106,0
AOK.US,D,20151209,000000,27.7681,27.8729,27.7592,27.8121,224538.9485527,0
AOK.US,D,20151210,000000,27.7851,27.8569,27.7771,27.7771,282282.43244301,0
AOK.US,D,20151211,000000,27.6794,27.7502,27.6365,27.6445,135299.11002534,0
AOK.US,D,20151214,000000,27.6953,27.7771,27.5217,27.5936,244582.63004959,0
AOK.US,D,20151215,000000,27.6953,27.6953,27.5936,27.6275,286746.829972,0
AOK.US,D,20151216,000000,27.6624,27.8311,27.6445,27.7851,144005.38684096,0
AOK.US,D,20151217,000000,27.847,27.847,27.6704,27.6873,101388.13175846,0
AOK.US,D,20151218,000000,27.5936,27.7033,27.5936,27.6535,106765.65594863,0
AOK.US,D,20151221,000000,27.8031,27.8031,27.5936,27.6365,101846.19859069,0
AOK.US,D,20151222,000000,27.6704,27.7133,27.6275,27.7133,190139.83342083,0
AOK.US,D,20151223,000000,27.7313,27.8121,27.7213,27.8121,88668.507905099,0
AOK.US,D,20151224,000000,27.7502,27.8539,27.7502,27.8031,42699.446505361,0
AOK.US,D,20151228,000000,27.7652,27.8191,27.7183,27.7741,100437.91872355,0
AOK.US,D,20151229,000000,27.8539,27.8619,27.7183,27.845,99083.764915362,0
AOK.US,D,20151230,000000,27.7821,27.8091,27.7183,27.7741,105282.20099961,0
AOK.US,D,20151231,000000,27.6415,27.7741,27.6415,27.7093,81783.472739716,0
AOK.US,D,20160104,000000,27.4559,27.6325,27.4559,27.5637,168978.54904005,0
AOK.US,D,20160105,000000,27.6065,27.6065,27.4998,27.5906,80204.796020328,0
AOK.US,D,20160106,000000,27.3781,27.5477,27.3781,27.5367,86965.54171701,0
AOK.US,D,20160107,000000,27.2514,27.406,27.2514,27.3252,87797.479289767,0
AOK.US,D,20160108,000000,27.3512,27.405,27.2414,27.2614,46982.421503422,0
AOK.US,D,20160111,000000,27.3252,27.3252,27.1686,27.2015,232270.95630721,0
AOK.US,D,20160112,000000,27.2514,27.3252,27.2254,27.2883,173658.44847041,0
AOK.US,D,20160113,000000,27.3781,27.3881,27.1506,27.1686,90583.96899129,0
AOK.US,D,20160114,000000,27.2105,27.2883,27.1276,27.2344,240581.31102495,0
AOK.US,D,20160115,000000,26.978,27.1167,26.9342,27.019,232816.22623441,0
AOK.US,D,20160119,000000,27.1506,27.1506,26.952,27.0648,555133.90028111,0
AOK.US,D,20160120,000000,26.8514,27.019,26.7576,26.9342,100842.86183125,0
AOK.US,D,20160121,000000,26.9242,27.0378,26.8514,26.97,121955.0318252,0
AOK.US,D,20160122,000000,27.1177,27.1686,27.0378,27.1078,83240.866993678,0
AOK.US,D,20160125,000000,27.0978,27.1346,27.011,27.0568,43654.671212394,0
AOK.US,D,20160126,000000,27.1676,27.2015,27.0888,27.2015,22109.492746837,0
AOK.US,D,20160127,000000,27.1426,27.2414,27.0938,27.1276,42998.142164013,0
AOK.US,D,20160128,000000,27.1456,27.2184,27.1028,27.1686,29355.368305223,0
AOK.US,D,20160129,000000,27.3072,27.422,27.2793,27.416,171809.14145628,0
AOK.US,D,20160201,000000,27.3601,27.397,27.2883,27.3601,112959.08036076,0
AOK.US,D,20160202,000000,27.3292,27.3292,27.2144,27.2214,46750.882251245,0
AOK.US,D,20160203,000000,27.3022,27.3382,27.2015,27.2753,39966.080528363,0
AOK.US,D,20160204,000000,27.2923,27.3731,27.2624,27.3022,55667.64929612,0
AOK.US,D,20160205,000000,27.2654,27.2654,27.1556,27.1896,26871.583600052,0
AOK.US,D,20160208,000000,27.0588,27.1546,27.0508,27.1386,69637.184177463,0
AOK.US,D,20160209,000000,27.0408,27.1636,27.0329,27.1117,36717.51465691,0
AOK.US,D,20160210,000000,27.1546,27.2144,27.0838,27.1456,130582.12422126,0
AOK.US,D,20160211,000000,26.981,27.1018,26.981,27.0678,36013.875890554,0
AOK.US,D,20160212,000000,27.1018,27.1386,26.991,27.1386,49307.837369442,0
AOK.US,D,20160216,000000,27.2564,27.2564,27.1386,27.1816,52545.377562219,0
AOK.US,D,20160217,000000,27.3292,27.406,27.2564,27.3382,132104.67021284,0
AOK.US,D,20160218,000000,27.393,27.4449,27.3472,27.3831,108161.90780267,0
AOK.US,D,20160219,000000,27.411,27.42,27.3472,27.3731,59482.534117702,0
AOK.US,D,20160222,000000,27.437,27.5407,27.437,27.5407,76619.445782073,0
AOK.US,D,20160223,000000,27.4449,27.4519,27.3831,27.42,36986.140282812,0
AOK.US,D,20160224,000000,27.3022,27.4469,27.3022,27.437,28845.180082894,0
AOK.US,D,20160225,000000,27.6714,27.6714,27.4449,27.5677,55807.976115622,0
AOK.US,D,20160226,000000,27.5876,27.6105,27.4749,27.5038,133426.74931943,0
AOK.US,D,20160229,000000,27.5317,27.5597,27.4609,27.4948,23331.338410922,0
AOK.US,D,20160301,000000,27.5776,27.6634,27.5457,27.6375,35793.362317052,0
AOK.US,D,20160302,000000,27.5896,27.6744,27.5886,27.6744,43421.127291367,0
AOK.US,D,20160303,000000,27.6744,27.8181,27.6575,27.7642,98104.484182129,0
AOK.US,D,20160304,000000,27.8529,27.8609,27.7911,27.8351,47599.859509227,0
AOK.US,D,20160307,000000,27.7731,27.8689,27.7363,27.8271,50202.922010974,0
AOK.US,D,20160308,000000,27.7991,27.8699,27.7911,27.7911,24410.852586656,0
AOK.US,D,20160309,000000,27.8351,27.8509,27.7731,27.8081,48946.996976439,0
AOK.US,D,20160310,000000,27.8609,27.9149,27.6664,27.7911,74811.234479357,0
AOK.US,D,20160311,000000,27.8529,27.9827,27.8529,27.9727,29043.642299046,0
AOK.US,D,20160314,000000,27.8869,27.9997,27.8869,27.9827,234069.14426567,0
AOK.US,D,20160315,000000,27.8609,27.9997,27.844,27.8789,22799.098831243,0
AOK.US,D,20160316,000000,27.844,28.0435,27.844,28.0335,22200.705179512,0
AOK.US,D,20160317,000000,28.0255,28.1922,28.0255,28.1483,59262.0205442,0
AOK.US,D,20160318,000000,28.1852,28.2261,28.1753,28.2011,14816.507470475,0
AOK.US,D,20160321,000000,28.1852,28.2261,28.1663,28.2011,31471.296276416,0
AOK.US,D,20160322,000000,28.1203,28.2171,28.1123,28.1203,101114.49446043,0
AOK.US,D,20160323,000000,28.1113,28.1812,28.0865,28.1203,17180.012044645,0
AOK.US,D,20160324,000000,28.0865,28.1044,28.0245,28.1044,33029.926307304,0
AOK.US,D,20160328,000000,28.1663,28.1663,28.0605,28.1483,51894.862520388,0
AOK.US,D,20160329,000000,28.1753,28.3179,28.0865,28.3169,26154.914486171,0
AOK.US,D,20160330,000000,28.3448,28.3887,28.3159,28.3269,59503.583140628,0
AOK.US,D,20160331,000000,28.27,28.3887,28.27,28.3359,45116.074804056,0
AOK.US,D,20160401,000000,28.2261,28.3638,28.2011,28.3448,231244.565856,0
AOK.US,D,20160404,000000,28.3857,28.4027,28.272,28.3229,28492.358365291,0
AOK.US,D,20160405,000000,28.1703,28.267,28.1163,28.2401,40684.754311094,0
AOK.US,D,20160406,000000,28.2401,28.3229,28.2131,28.3229,43365.998897991,0
AOK.US,D,20160407,000000,28.3039,28.3319,28.1971,28.1971,140091.27091131,0
AOK.US,D,20160408,000000,28.3857,28.3937,28.2949,28.3598,37317.912977491,0
AOK.US,D,20160411,000000,28.4107,28.4197,28.3229,28.3419,55055.22296244,0
AOK.US,D,20160412,000000,28.3688,28.4456,28.3279,28.4197,47533.705437177,0
AOK.US,D,20160413,000000,28.4965,28.5474,28.4546,28.5474,150177.76223017,0
AOK.US,D,20160414,000000,28.5743,28.5743,28.5025,28.5214,37341.96900369,0
AOK.US,D,20160415,000000,28.5404,28.6112,28.4965,28.5653,19300.951687963,0
AOK.US,D,20160418,000000,28.4635,28.6292,28.4635,28.6202,550210.43358547,0
AOK.US,D,20160419,000000,28.691,28.729,28.6202,28.71,54708.415251387,0
AOK.US,D,20160420,000000,28.7638,28.7638,28.6561,28.682,53288.10737115,0
AOK.US,D,20160421,000000,28.6382,28.699,28.5653,28.6012,17956.821224027,0
AOK.US,D,20160422,000000,28.6292,28.6292,28.5104,28.6202,30447.912828482,0
AOK.US,D,20160425,000000,28.6012,28.6012,28.4725,28.5474,30918.007673812,0
AOK.US,D,20160426,000000,28.5474,28.5932,28.4965,28.5653,34694.803787243,0
AOK.US,D,20160427,000000,28.5743,28.6641,28.5134,28.6641,39182.255008006,0
AOK.US,D,20160428,000000,28.6202,28.6561,28.5404,28.5743,34972.450422971,0
AOK.US,D,20160429,000000,28.5214,28.5563,28.4596,28.5563,25184.654762763,0
AOK.US,D,20160502,000000,28.6641,28.6641,28.4875,28.6012,33294.542595506,0
AOK.US,D,20160503,000000,28.5294,28.5723,28.4526,28.5204,30408.821785907,0
AOK.US,D,20160504,000000,28.4526,28.4735,28.3927,28.4326,101956.45537743,0
AOK.US,D,20160505,000000,28.4436,28.4705,28.4087,28.4705,17314.324857596,0
AOK.US,D,20160506,000000,28.3757,28.5025,28.3757,28.4705,59957.640635157,0
AOK.US,D,20160509,000000,28.5114,28.5174,28.4177,28.4616,43756.909323745,0
AOK.US,D,20160510,000000,28.5194,28.6092,28.4895,28.6092,36849.822801011,0
AOK.US,D,20160511,000000,28.5912,28.6182,28.5025,28.5384,94344.727753922,0
AOK.US,D,20160512,000000,28.6461,28.6461,28.4436,28.5384,54003.774150606,0
AOK.US,D,20160513,000000,28.4436,28.5204,28.4007,28.4865,140250.64208488,0
AOK.US,D,20160516,000000,28.4276,28.5543,28.4276,28.5543,59156.775429574,0
AOK.US,D,20160517,000000,28.5294,28.5543,28.4276,28.4526,33913.985270161,0
AOK.US,D,20160518,000000,28.4775,28.5723,28.2919,28.2919,79359.828100045,0
AOK.US,D,20160519,000000,28.2471,28.3578,28.2281,28.3389,30922.017011511,0
AOK.US,D,20160520,000000,28.4356,28.4436,28.3099,28.4276,65628.848811855,0
AOK.US,D,20160523,000000,28.4526,28.4526,28.3229,28.3927,81762.42371679,0
AOK.US,D,20160524,000000,28.3837,28.5184,28.3668,28.4945,59990.717671182,0
AOK.US,D,20160525,000000,28.5025,28.6092,28.4616,28.5294,100853.88750993,0
AOK.US,D,20160526,000000,28.6092,28.6541,28.5474,28.6372,76679.585847573,0
AOK.US,D,20160527,000000,28.6372,28.681,28.5404,28.6182,69738.419954389,0
AOK.US,D,20160531,000000,28.6541,28.7848,28.5633,28.6272,35423.500914225,0
AOK.US,D,20160601,000000,28.5992,28.6541,28.5543,28.6272,33730.558070385,0
AOK.US,D,20160602,000000,28.5773,28.694,28.5683,28.685,28445.248647315,0
AOK.US,D,20160603,000000,28.7389,28.8466,28.6721,28.7928,429245.70817218,0
AOK.US,D,20160606,000000,28.8876,28.8876,28.7758,28.8466,47445.500007776,0
AOK.US,D,20160607,000000,28.8736,28.9524,28.8466,28.8976,44404.4173623,0
AOK.US,D,20160608,000000,28.9374,28.9874,28.8766,28.9454,39822.746705586,0
AOK.US,D,20160609,000000,28.8876,28.9794,28.8626,28.9145,56808.30587178,0
AOK.US,D,20160610,000000,28.8098,28.8626,28.6322,28.7758,44367.330988574,0
AOK.US,D,20160613,000000,28.6671,29.0312,28.6132,28.6671,30998.194427812,0
AOK.US,D,20160614,000000,28.7469,28.7469,28.5244,28.5593,42175.225601081,0
AOK.US,D,20160615,000000,28.6132,28.7469,28.6132,28.685,23785.395905451,0
AOK.US,D,20160616,000000,28.6132,28.722,28.4985,28.703,70303.736570094,0
AOK.US,D,20160617,000000,28.7568,28.7568,28.6232,28.713,30892.949313186,0
AOK.US,D,20160620,000000,28.8297,28.8876,28.7479,28.7848,48231.330196982,0
AOK.US,D,20160621,000000,28.9056,28.9056,28.7329,28.7848,67699.671733922,0
AOK.US,D,20160622,000000,28.8806,28.8976,28.7479,28.7998,46206.614658465,0
AOK.US,D,20160623,000000,28.9374,28.9374,28.8198,28.9374,43412.106281542,0
AOK.US,D,20160624,000000,28.3339,28.8386,28.2061,28.5244,39386.731230708,0
AOK.US,D,20160627,000000,28.4576,28.6412,28.3429,28.4655,42570.145364535,0
AOK.US,D,20160628,000000,28.6501,28.731,28.5254,28.685,58738.801974346,0
AOK.US,D,20160629,000000,28.8198,28.8976,28.7668,28.7918,44783.299774953,0
AOK.US,D,20160630,000000,28.8386,28.9944,28.7978,28.9244,48663.336334161,0
AOK.US,D,20160701,000000,28.9714,29.153,28.9145,29.0462,31842.160013669,0
AOK.US,D,20160705,000000,28.9145,29.0602,28.8436,29.0312,18828.852173784,0
AOK.US,D,20160706,000000,28.9704,29.0881,28.8606,29.0692,67227.572219743,0
AOK.US,D,20160707,000000,29.0692,29.115,28.9444,29.0402,27934.058090561,0
AOK.US,D,20160708,000000,29.163,29.2607,29.119,29.2348,94571.255333974,0
AOK.US,D,20160711,000000,29.2956,29.3395,29.2428,29.2607,74319.088276678,0
AOK.US,D,20160712,000000,29.3485,29.3844,29.2148,29.3146,63900.82426314,0
AOK.US,D,20160713,000000,29.3146,29.3934,29.1888,29.3574,48998.116032113,0
AOK.US,D,20160714,000000,29.3574,29.4273,29.3046,29.3664,43460.218333942,0
AOK.US,D,20160715,000000,29.4363,29.4363,29.2248,29.2517,33019.902963054,0
AOK.US,D,20160718,000000,29.2428,29.3485,29.2248,29.2428,48029.860977556,0
AOK.US,D,20160719,000000,29.2248,29.2786,29.2218,29.2686,51365.629943984,0
AOK.US,D,20160720,000000,29.3574,29.3574,29.2607,29.3236,39741.55761716,0
AOK.US,D,20160721,000000,29.2428,29.3395,29.2428,29.3046,45512.999236359,0
AOK.US,D,20160722,000000,29.3325,29.4024,29.2607,29.3574,43975.418228397,0
AOK.US,D,20160725,000000,29.4273,29.4273,29.2607,29.3046,47399.392624225,0
AOK.US,D,20160726,000000,29.3325,29.3924,29.2686,29.2686,46368.992835317,0
AOK.US,D,20160727,000000,29.3236,29.4522,29.2786,29.3744,44119.754385597,0
AOK.US,D,20160728,000000,29.2876,29.4702,29.2876,29.4114,82852.9635712,0
AOK.US,D,20160729,000000,29.3934,29.574,29.3934,29.5301,98690.849820759,0
AOK.US,D,20160801,000000,29.538,29.5889,29.3934,29.4632,66638.199577838,0
AOK.US,D,20160802,000000,29.3914,29.4173,29.3026,29.3026,51776.587058238,0
AOK.US,D,20160803,000000,29.3306,29.3465,29.2926,29.3465,52392.020395193,0
AOK.US,D,20160804,000000,29.4353,29.4433,29.3256,29.4253,37599.568950917,0
AOK.US,D,20160805,000000,29.4433,29.4772,29.3425,29.4353,22661.779015016,0
AOK.US,D,20160808,000000,29.4353,29.5201,29.3834,29.4353,15051.053725928,0
AOK.US,D,20160809,000000,29.5101,29.565,29.4702,29.555,88561.258121623,0
AOK.US,D,20160810,000000,29.6358,29.6438,29.5301,29.5979,59539.667179928,0
AOK.US,D,20160811,000000,29.6179,29.6358,29.563,29.5829,54136.082294707,0
AOK.US,D,20160812,000000,29.7007,29.7007,29.555,29.6179,73147.359333843,0
AOK.US,D,20160815,000000,29.7266,29.7266,29.5301,29.6268,521143.73759465,0
AOK.US,D,20160816,000000,29.7087,29.7087,29.537,29.565,64384.951790419,0
AOK.US,D,20160817,000000,29.547,29.6268,29.4253,29.5889,58506.260387744,0
AOK.US,D,20160818,000000,29.547,29.6727,29.545,29.6538,34008.204706112,0
AOK.US,D,20160819,000000,29.6079,29.6627,29.3824,29.6079,35685.110199151,0
AOK.US,D,20160822,000000,29.5829,29.6987,29.555,29.6179,59255.004203225,0
AOK.US,D,20160823,000000,29.6378,29.7525,29.5979,29.6079,62969.655582307,0
AOK.US,D,20160824,000000,29.6827,29.7266,29.555,29.5979,31604.606754942,0
AOK.US,D,20160825,000000,29.6627,29.6627,29.565,29.573,51324.534232559,0
AOK.US,D,20160826,000000,29.6249,29.7306,29.4702,29.4862,41858.487922779,0
AOK.US,D,20160829,000000,29.4862,29.6268,29.4862,29.555,34323.94004999,0
AOK.US,D,20160830,000000,29.5301,29.6538,29.5301,29.565,34001.188365137,0
AOK.US,D,20160831,000000,29.5101,29.6179,29.4772,29.5201,72318.428764361,0
AOK.US,D,20160901,000000,29.4772,29.6358,29.4702,29.555,43768.937336844,0
AOK.US,D,20160902,000000,29.5879,29.6607,29.549,29.6159,20222.097024546,0
AOK.US,D,20160906,000000,29.6607,29.7865,29.6338,29.7336,31959.433141395,0
AOK.US,D,20160907,000000,29.7246,29.7865,29.7077,29.7425,58307.798171592,0
AOK.US,D,20160908,000000,29.7246,29.7246,29.5879,29.6607,51339.569248934,0
AOK.US,D,20160909,000000,29.572,29.572,29.3196,29.3445,39003.839480355,0
AOK.US,D,20160912,000000,29.2826,29.4492,29.2826,29.4492,25591.602539316,0
AOK.US,D,20160913,000000,29.3704,29.3704,29.12,29.2098,79513.185267072,0
AOK.US,D,20160914,000000,29.148,29.2996,29.148,29.2098,19829.181929943,0
AOK.US,D,20160915,000000,29.1858,29.3574,29.12,29.3365,72208.17197761,0
AOK.US,D,20160916,000000,29.2647,29.3296,29.2018,29.2647,52294.793955967,0
AOK.US,D,20160919,000000,29.2996,29.3984,29.2468,29.2468,57676.327483837,0
AOK.US,D,20160920,000000,29.3804,29.4163,29.2826,29.3445,48466.878786859,0
AOK.US,D,20160921,000000,29.4333,29.536,29.3545,29.5181,76165.388287544,0
AOK.US,D,20160922,000000,29.6338,29.6897,29.5191,29.6518,59798.26946158,0
AOK.US,D,20160923,000000,29.6059,29.6318,29.545,29.5849,40700.791661894,0
AOK.US,D,20160926,000000,29.4842,29.563,29.4842,29.5181,35874.551405478,0
AOK.US,D,20160927,000000,29.54,29.6338,29.5011,29.572,25102.463339912,0
AOK.US,D,20160928,000000,29.5879,29.6607,29.536,29.6059,26054.68104367,0
AOK.US,D,20160929,000000,29.6807,29.6807,29.5261,29.563,57858.752349188,0
AOK.US,D,20160930,000000,29.6159,29.6607,29.553,29.6159,26382.444400648,0
AOK.US,D,20161003,000000,29.7336,29.7336,29.5081,29.572,49960.357080122,0
AOK.US,D,20161004,000000,29.5899,29.6189,29.4183,29.5031,94283.585353996,0
AOK.US,D,20161005,000000,29.4612,29.5899,29.4353,29.4702,63240.285877059,0
AOK.US,D,20161006,000000,29.4512,29.4772,29.3824,29.4512,35849.493044853,0
AOK.US,D,20161007,000000,29.5111,29.5111,29.3465,29.4253,41538.743241201,0
AOK.US,D,20161010,000000,29.4702,29.4772,29.4094,29.4612,29874.577537377,0
AOK.US,D,20161011,000000,29.4253,29.4253,29.2328,29.3306,38225.025632123,0
AOK.US,D,20161012,000000,29.3914,29.3914,29.2318,29.3306,73022.067530717,0
AOK.US,D,20161013,000000,29.2118,29.3016,29.1798,29.2946,34237.739289439,0
AOK.US,D,20161014,000000,29.3385,29.3385,29.2488,29.2577,24309.616809731,0
AOK.US,D,20161017,000000,29.2488,29.3266,29.2268,29.2577,22026.298989561,0
AOK.US,D,20161018,000000,29.3555,29.4004,29.2388,29.4004,190447.55008931,0
AOK.US,D,20161019,000000,29.3824,29.4383,29.3385,29.3914,29811.430468602,0
AOK.US,D,20161020,000000,29.4702,29.4702,29.3604,29.4353,36290.520191857,0
AOK.US,D,20161021,000000,29.3385,29.4353,29.3385,29.4253,28616.647833992,0
AOK.US,D,20161024,000000,29.2038,29.4512,29.2038,29.3914,43038.235541014,0
AOK.US,D,20161025,000000,29.4004,29.4094,29.3584,29.3824,38148.848215822,0
AOK.US,D,20161026,000000,29.3644,29.3644,29.2398,29.3186,29334.319282298,0
AOK.US,D,20161027,000000,29.3824,29.3824,29.1759,29.2218,44433.485060625,0
AOK.US,D,20161028,000000,29.1868,29.2577,29.1699,29.1948,38845.470641203,0
AOK.US,D,20161031,000000,29.2218,29.2696,29.16,29.2398,42438.839554858,0
AOK.US,D,20161101,000000,29.2118,29.2567,29.098,29.1699,52398.034401743,0
AOK.US,D,20161102,000000,29.165,29.1988,29.098,29.145,49149.46853029,0
AOK.US,D,20161103,000000,29.0322,29.1729,28.9874,29.0512,51775.584723812,0
AOK.US,D,20161104,000000,29.0712,29.155,29.0242,29.0812,35980.798854529,0
AOK.US,D,20161107,000000,29.1739,29.2448,29.098,29.2368,336568.86490147,0
AOK.US,D,20161108,000000,29.2168,29.2896,29.1948,29.2537,48311.516950983,0
AOK.US,D,20161109,000000,29.0032,29.2906,28.9944,29.0612,268898.26086587,0
AOK.US,D,20161110,000000,29.0322,29.0322,28.8716,28.8876,113392.08883236,0
AOK.US,D,20161111,000000,28.8616,28.9534,28.7918,28.8796,212659.2809475,0
AOK.US,D,20161114,000000,28.8376,28.8376,28.5204,28.7838,130488.90711973,0
AOK.US,D,20161115,000000,28.7838,28.9374,28.721,28.8876,76458.069939646,0
AOK.US,D,20161116,000000,28.8287,28.9304,28.7918,28.8876,97388.817402672,0
AOK.US,D,20161117,000000,28.8456,28.9304,28.7918,28.8616,363576.76598332,0
AOK.US,D,20161118,000000,28.9304,28.9304,28.691,28.7558,255577.23635751,0
AOK.US,D,20161121,000000,28.8546,28.9374,28.7459,28.8456,74631.816617281,0
AOK.US,D,20161122,000000,28.8088,28.9234,28.7918,28.8456,240049.07144527,0
AOK.US,D,20161123,000000,28.8456,28.8546,28.691,28.7918,111752.26971305,0
AOK.US,D,20161125,000000,28.8616,28.9234,28.7838,28.8456,39715.496922111,0
AOK.US,D,20161128,000000,28.9874,28.9874,28.8088,28.8616,132561.73471064,0
AOK.US,D,20161129,000000,28.8088,28.9444,28.7838,28.9046,147818.26699369,0
AOK.US,D,20161130,000000,28.9714,28.9714,28.7748,28.8796,90601.008676515,0
AOK.US,D,20161201,000000,28.9145,28.9145,28.6561,28.73,120947.68572807,0
AOK.US,D,20161202,000000,28.7738,28.8706,28.7349,28.8078,101216.73257178,0
AOK.US,D,20161205,000000,28.8606,28.9354,28.7998,28.8536,408394.14512873,0
AOK.US,D,20161206,000000,28.9444,28.9704,28.8536,28.8956,189104.4219598,0
AOK.US,D,20161207,000000,28.9944,29.098,28.9304,29.0712,104224.73818123,0
AOK.US,D,20161208,000000,29.0612,29.107,28.9804,29.0712,209429.75943012,0
AOK.US,D,20161209,000000,29.107,29.107,28.9944,29.0512,103268.51113978,0
AOK.US,D,20161212,000000,29.0512,29.0612,28.9036,28.9804,139491.87492515,0
AOK.US,D,20161213,000000,29.127,29.164,29.0013,29.127,220573.71356737,0
AOK.US,D,20161214,000000,29.1988,29.2268,28.9364,28.9364,279959.02124584,0
AOK.US,D,20161215,000000,28.9304,28.9704,28.9036,28.9704,224118.97042862,0
AOK.US,D,20161216,000000,28.9364,29.0122,28.9036,28.9036,213593.45663161,0
AOK.US,D,20161219,000000,29.0422,29.0422,28.9224,28.9874,182186.30975839,0
AOK.US,D,20161220,000000,29.0512,29.0512,28.9135,29.0132,270783.65191931,0
AOK.US,D,20161221,000000,29.09,29.09,28.9704,28.9704,146517.23691004,0
AOK.US,D,20161222,000000,29.0322,29.0422,28.9484,29.0032,184465.61824086,0
AOK.US,D,20161223,000000,29.0032,29.0612,28.9874,29.0422,119604.55759856,0
AOK.US,D,20161227,000000,29.0422,29.0512,28.9804,29.0132,156119.60070162,0
AOK.US,D,20161228,000000,29.0682,29.0682,28.9784,29.0102,61563.38038402,0
AOK.US,D,20161229,000000,29.0582,29.095,29.0422,29.0582,109217.3659522,0
AOK.US,D,20161230,000000,29.162,29.162,29.0482,29.105,315317.37042244,0
AOK.US,D,20170103,000000,29.162,29.162,29.0592,29.134,166185.04299755,0
AOK.US,D,20170104,000000,29.1719,29.2696,29.143,29.2517,137880.12116974,0
AOK.US,D,20170105,000000,29.3056,29.3684,29.1968,29.3684,99962.812206094,0
AOK.US,D,20170106,000000,29.3415,29.3415,29.2428,29.2886,82618.417315748,0
AOK.US,D,20170109,000000,29.2248,29.3096,29.1968,29.1968,137637.55623889,0
AOK.US,D,20170110,000000,29.2058,29.3415,29.2058,29.2966,48171.190131481,0
AOK.US,D,20170111,000000,29.3256,29.3505,29.2607,29.3156,44001.478923446,0
AOK.US,D,20170112,000000,29.3764,29.4293,29.3156,29.3306,125059.26153946,0
AOK.US,D,20170113,000000,29.3246,29.4014,29.2816,29.3056,74960.582308684,0
AOK.US,D,20170117,000000,29.4044,29.4044,29.3256,29.3415,253836.18146127,0
AOK.US,D,20170118,000000,29.3505,29.3505,29.2248,29.2607,103299.58350695,0
AOK.US,D,20170119,000000,29.2517,29.2657,29.143,29.2058,205951.65897534,0
AOK.US,D,20170120,000000,29.1719,29.2428,29.152,29.2058,112419.82444009,0
AOK.US,D,20170123,000000,29.2607,29.3256,29.2388,29.3056,207421.0812424,0
AOK.US,D,20170124,000000,29.2886,29.3156,29.2696,29.3056,139904.83670826,0
AOK.US,D,20170125,000000,29.3764,29.3764,29.2996,29.3505,114404.44660161,0
AOK.US,D,20170126,000000,29.3156,29.3584,29.2786,29.3505,111951.73426362,0
AOK.US,D,20170127,000000,29.3954,29.3954,29.3056,29.3584,69381.588899086,0
AOK.US,D,20170130,000000,29.3256,29.3256,29.2258,29.2607,140994.37422824,0
AOK.US,D,20170131,000000,29.1798,29.3335,29.1798,29.2886,63007.744290458,0
AOK.US,D,20170201,000000,29.3256,29.3764,29.2517,29.3764,169793.44692759,0
AOK.US,D,20170202,000000,29.3944,29.3944,29.2826,29.2956,30720.547792084,0
AOK.US,D,20170203,000000,29.2956,29.4383,29.2956,29.3674,34255.78130909,0
AOK.US,D,20170206,000000,29.4383,29.4383,29.3495,29.4203,47740.186328728,0
AOK.US,D,20170207,000000,29.4124,29.4383,29.3674,29.4034,35522.7320223,0
AOK.US,D,20170208,000000,29.4732,29.5351,29.4453,29.5351,86897.382976109,0
AOK.US,D,20170209,000000,29.5161,29.5351,29.4732,29.5351,116372.02907791,0
AOK.US,D,20170210,000000,29.5351,29.571,29.4742,29.571,35564.83006815,0
AOK.US,D,20170213,000000,29.4812,29.5799,29.4812,29.5351,133562.0644668,0
AOK.US,D,20170214,000000,29.5869,29.5869,29.4462,29.5211,80673.888531232,0
AOK.US,D,20170215,000000,29.5261,29.571,29.4912,29.543,88362.795905471,0
AOK.US,D,20170216,000000,29.543,29.6149,29.543,29.5949,96978.862622844,0
AOK.US,D,20170217,000000,29.6149,29.6637,29.5809,29.6508,47650.978564902,0
AOK.US,D,20170221,000000,29.6508,29.6997,29.5959,29.6408,82727.671768074,0
AOK.US,D,20170222,000000,29.6239,29.7575,29.6239,29.7077,54236.315737208,0
AOK.US,D,20170223,000000,29.7675,29.7675,29.6917,29.7575,31845.167016944,0
AOK.US,D,20170224,000000,29.7246,29.7775,29.7047,29.7675,34169.580548539,0
AOK.US,D,20170227,000000,29.7425,29.7865,29.7336,29.7336,38693.115808602,0
AOK.US,D,20170228,000000,29.7077,29.7815,29.7057,29.7336,50325.206810825,0
AOK.US,D,20170301,000000,29.7865,29.7955,29.7246,29.7775,43251.732773541,0
AOK.US,D,20170302,000000,29.7057,29.7306,29.6478,29.6767,45167.193859731,0
AOK.US,D,20170303,000000,29.6568,29.7057,29.6209,29.6667,27955.107113486,0
AOK.US,D,20170306,000000,29.7057,29.7057,29.6209,29.6867,52687.70905057,0
AOK.US,D,20170307,000000,29.6767,29.6767,29.6019,29.6119,95405.197575581,0
AOK.US,D,20170308,000000,29.6119,29.6119,29.5131,29.5131,63534.972198011,0
AOK.US,D,20170309,000000,29.558,29.558,29.4173,29.4882,42104.059856906,0
AOK.US,D,20170310,000000,29.5131,29.558,29.4712,29.5321,155667.54787594,0
AOK.US,D,20170313,000000,29.5849,29.5849,29.5041,29.5321,69430.703285911,0
AOK.US,D,20170314,000000,29.4622,29.555,29.4622,29.5231,27622.332084384,0
AOK.US,D,20170315,000000,29.5231,29.7555,29.5231,29.6967,60535.987598386,0
AOK.US,D,20170316,000000,29.7745,29.7745,29.6967,29.7057,53345.240433376,0
AOK.US,D,20170317,000000,29.7555,29.7935,29.7406,29.7745,21457.975370581,0
AOK.US,D,20170320,000000,29.7845,29.8005,29.7525,29.7935,39011.858155755,0
AOK.US,D,20170321,000000,29.8463,29.8463,29.6867,29.6867,37573.508255868,0
AOK.US,D,20170322,000000,29.6867,29.7935,29.6867,29.7845,51660.316264936,0
AOK.US,D,20170323,000000,29.8005,29.8244,29.7316,29.7475,37064.322367963,0
AOK.US,D,20170324,000000,29.7645,29.8273,29.7475,29.8094,55043.19494934,0
AOK.US,D,20170327,000000,29.8273,29.8563,29.7475,29.8323,78775.467130265,0
AOK.US,D,20170328,000000,29.8743,29.8932,29.8094,29.8653,43778.960681095,0
AOK.US,D,20170329,000000,29.8653,29.9241,29.8363,29.9241,43310.870504616,0
AOK.US,D,20170330,000000,29.9241,29.9241,29.8273,29.8563,33170.253126805,0
AOK.US,D,20170331,000000,29.8813,29.8982,29.8174,29.8982,23298.261374896,0
AOK.US,D,20170403,000000,29.8273,29.9161,29.8273,29.9161,120712.1371382,0
AOK.US,D,20170404,000000,29.9211,29.9301,29.8803,29.8853,141532.62781447,0
AOK.US,D,20170405,000000,30.0309,30.0309,29.9141,29.9141,71217.865565701,0
AOK.US,D,20170406,000000,29.9301,29.9391,29.8853,29.9391,64792.901901397,0
AOK.US,D,20170407,000000,29.9691,29.9691,29.8813,29.8942,54854.756077438,0
AOK.US,D,20170410,000000,29.9042,29.9211,29.8803,29.9211,62450.446350152,0
AOK.US,D,20170411,000000,29.9591,29.9959,29.8853,29.9959,50279.099427274,0
AOK.US,D,20170412,000000,29.9471,30.0119,29.9042,30.0119,34167.575879689,0
AOK.US,D,20170413,000000,30.0219,30.0219,29.9042,30.0039,41250.070926798,0
AOK.US,D,20170417,000000,29.9959,30.0399,29.9491,30.0219,64570.383659045,0
AOK.US,D,20170418,000000,29.9691,30.0579,29.9691,30.0489,66471.812063286,0
AOK.US,D,20170419,000000,30.0579,30.0579,29.9691,30.0039,44009.497598847,0
AOK.US,D,20170420,000000,30.0489,30.0629,29.9939,30.0489,84218.143058061,0
AOK.US,D,20170421,000000,30.0489,30.0777,30.0309,30.0399,33749.60242446,0
AOK.US,D,20170424,000000,30.2923,30.2923,30.1037,30.1586,48714.455389837,0
AOK.US,D,20170425,000000,30.2225,30.2265,30.1635,30.1775,99780.387340743,0
AOK.US,D,20170426,000000,30.1775,30.2125,30.1447,30.2035,51852.764474538,0
AOK.US,D,20170427,000000,30.1945,30.2315,30.1655,30.2315,73081.205261793,0
AOK.US,D,20170428,000000,30.1775,30.2315,30.1487,30.2315,55490.236102894,0
AOK.US,D,20170501,000000,30.3641,30.3641,30.1845,30.2315,29444.576069049,0
AOK.US,D,20170502,000000,30.2285,30.2843,30.2005,30.2633,140237.61173736,0
AOK.US,D,20170503,000000,30.2005,30.2633,30.1995,30.2285,41550.771254301,0
AOK.US,D,20170504,000000,30.2454,30.2454,30.1785,30.2355,89860.283536434,0
AOK.US,D,20170505,000000,30.2793,30.3163,30.2065,30.3163,70280.682878318,0
AOK.US,D,20170508,000000,30.2713,30.2713,30.2005,30.2355,41012.517668071,0
AOK.US,D,20170509,000000,30.2533,30.2533,30.2065,30.2533,45725.494134461,0
AOK.US,D,20170510,000000,30.2355,30.2713,30.2285,30.2583,72718.360199939,0
AOK.US,D,20170511,000000,30.2005,30.2633,30.1645,30.2285,101025.2866966,0
AOK.US,D,20170512,000000,30.2893,30.3332,30.2355,30.3332,85325.722597695,0
AOK.US,D,20170515,000000,30.3252,30.3791,30.3252,30.3791,44697.099014403,0
AOK.US,D,20170516,000000,30.3791,30.424,30.3711,30.414,63072.896028083,0
AOK.US,D,20170517,000000,30.3521,30.414,30.3252,30.3421,89188.719471679,0
AOK.US,D,20170518,000000,30.3332,30.3791,30.2713,30.3421,76999.33052915,0
AOK.US,D,20170519,000000,30.407,30.4898,30.3183,30.4699,51190.221419608,0
AOK.US,D,20170522,000000,30.4898,30.4998,30.424,30.4998,39194.283021106,0
AOK.US,D,20170523,000000,30.5078,30.5217,30.3881,30.407,55345.899945692,0
AOK.US,D,20170524,000000,30.407,30.5217,30.407,30.4599,72000.688751633,0
AOK.US,D,20170525,000000,30.4699,30.5547,30.4699,30.5377,54543.030071261,0
AOK.US,D,20170526,000000,30.5367,30.5577,30.423,30.5377,98539.497322582,0
AOK.US,D,20170530,000000,30.5377,30.5716,30.5307,30.5676,96494.735095565,0
AOK.US,D,20170531,000000,30.5756,30.5926,30.5267,30.5676,147906.4724231,0
AOK.US,D,20170601,000000,30.5676,30.6455,30.5676,30.6455,35811.404336703,0
AOK.US,D,20170602,000000,30.7362,30.7842,30.7183,30.7592,80584.680767405,0
AOK.US,D,20170605,000000,30.7592,30.7592,30.6784,30.7183,62022.449550674,0
AOK.US,D,20170606,000000,30.7183,30.7592,30.6704,30.7422,41487.624185526,0
AOK.US,D,20170607,000000,30.7273,30.7871,30.6694,30.7362,50706.093892328,0
AOK.US,D,20170608,000000,30.6884,30.7502,30.6674,30.6983,50097.676896349,0
AOK.US,D,20170609,000000,30.6884,30.7293,30.6056,30.6784,49459.189867617,0
AOK.US,D,20170612,000000,30.6145,30.6494,30.5956,30.6315,35166.903301422,0
AOK.US,D,20170613,000000,30.6594,30.7273,30.6225,30.7183,58368.940571518,0
AOK.US,D,20170614,000000,30.7592,30.825,30.7362,30.7782,44221.992496948,0
AOK.US,D,20170615,000000,30.7083,30.7083,30.5866,30.6594,73959.250218099,0
AOK.US,D,20170616,000000,30.6983,30.7362,30.6834,30.7362,113924.32841204,0
AOK.US,D,20170619,000000,30.851,30.851,30.7083,30.7083,53455.497220127,0
AOK.US,D,20170620,000000,30.7782,30.7812,30.6884,30.7273,67851.024232098,0
AOK.US,D,20170621,000000,30.7422,30.7422,30.6494,30.6784,54973.031539589,0
AOK.US,D,20170622,000000,30.7183,30.7592,30.7003,30.7422,47309.182525974,0
AOK.US,D,20170623,000000,30.7422,30.7782,30.6884,30.7682,60776.547860388,0
AOK.US,D,20170626,000000,30.824,30.869,30.7742,30.7961,44314.20726405,0
AOK.US,D,20170627,000000,30.7502,30.7871,30.6225,30.6225,87209.108982287,0
AOK.US,D,20170628,000000,30.7273,30.7782,30.6614,30.7682,43982.434569371,0
AOK.US,D,20170629,000000,30.7083,30.7083,30.5786,30.5956,64162.433548067,0
AOK.US,D,20170630,000000,30.6395,30.6644,30.6016,30.6225,26999.882406453,0
AOK.US,D,20170703,000000,31.0226,31.0226,30.5956,30.5956,18326.682626854,0
AOK.US,D,20170705,000000,30.5956,30.6225,30.5217,30.6225,96130.887699287,0
AOK.US,D,20170706,000000,30.5018,30.5337,30.4349,30.4449,48959.024989539,0
AOK.US,D,20170707,000000,30.4928,30.5337,30.3641,30.4729,57865.768690164,0
AOK.US,D,20170710,000000,30.5247,30.5786,30.4629,30.5617,51072.948291881,0
AOK.US,D,20170711,000000,30.5786,30.5866,30.5018,30.5706,76336.787474219,0
AOK.US,D,20170712,000000,30.6494,30.7412,30.6395,30.7273,86115.562124602,0
AOK.US,D,20170713,000000,30.7512,30.7512,30.6594,30.7362,97589.284287674,0
AOK.US,D,20170714,000000,30.7692,30.825,30.7183,30.817,53853.423986855,0
AOK.US,D,20170717,000000,30.817,30.871,30.7602,30.817,48133.101423332,0
AOK.US,D,20170718,000000,30.817,30.8809,30.8071,30.851,50667.002849753,0
AOK.US,D,20170719,000000,30.8909,30.9448,30.871,30.8909,51075.955295156,0
AOK.US,D,20170720,000000,30.9538,30.9886,30.8929,30.9727,32020.575541321,0
AOK.US,D,20170721,000000,30.9806,30.9806,30.8998,30.9268,50936.63081008,0
AOK.US,D,20170724,000000,30.9448,30.9638,30.8919,30.9448,33193.306818581,0
AOK.US,D,20170725,000000,30.9538,30.9538,30.861,30.8998,61875.106390198,0
AOK.US,D,20170726,000000,30.9088,30.9836,30.8809,30.9727,48476.902131109,0
AOK.US,D,20170727,000000,30.9538,30.9638,30.861,30.8998,62934.573877432,0
AOK.US,D,20170728,000000,30.9178,30.9538,30.843,30.9538,41314.220329999,0
AOK.US,D,20170731,000000,30.9448,30.9727,30.9088,30.9178,73211.508737044,0
AOK.US,D,20170801,000000,30.9966,31.0516,30.9448,31.0416,46641.627798919,0
AOK.US,D,20170802,000000,30.9886,31.0614,30.9886,30.9966,36873.878827212,0
AOK.US,D,20170803,000000,31.0516,31.0604,30.9727,31.0516,28357.043217915,0
AOK.US,D,20170804,000000,31.0516,31.0516,30.9727,31.0416,48778.604793037,0
AOK.US,D,20170807,000000,31.0336,31.0694,31.0066,31.0066,56218.933229875,0
AOK.US,D,20170808,000000,31.0336,31.0714,30.9966,31.0246,122563.44882119,0
AOK.US,D,20170809,000000,30.9448,31.0336,30.9368,31.0246,53348.24743665,0
AOK.US,D,20170810,000000,30.9727,30.9727,30.856,30.9088,62408.348304302,0
AOK.US,D,20170811,000000,30.8909,30.9268,30.828,30.9088,39370.693879907,0
AOK.US,D,20170814,000000,30.9368,31.0066,30.9088,30.9966,52248.686572416,0
AOK.US,D,20170815,000000,30.9368,30.9538,30.8809,30.9088,32811.417402652,0
AOK.US,D,20170816,000000,30.9448,31.0156,30.9258,30.9638,49735.83416892,0
AOK.US,D,20170817,000000,30.9368,30.9806,30.851,30.851,65749.128942856,0
AOK.US,D,20170818,000000,30.9538,30.9538,30.862,30.9088,79763.768873324,0
AOK.US,D,20170821,000000,30.9268,30.9368,30.863,30.9268,21750.657022684,0
AOK.US,D,20170822,000000,30.9428,31.0046,30.9248,30.9448,48435.806419684,0
AOK.US,D,20170823,000000,30.9368,31.0246,30.9178,31.0246,45975.075406289,0
AOK.US,D,20170824,000000,30.9886,31.0336,30.9448,30.9448,87982.911158393,0
AOK.US,D,20170825,000000,31.0416,31.0694,30.9966,31.0166,102019.60244621,0
AOK.US,D,20170828,000000,31.0336,31.0664,30.9856,31.0604,59923.561264706,0
AOK.US,D,20170829,000000,31.0246,31.0794,30.9966,31.0336,72871.717366965,0
AOK.US,D,20170830,000000,31.0336,31.0794,30.9806,31.0246,70627.490589372,0
AOK.US,D,20170831,000000,31.1164,31.1932,31.0744,31.1842,41858.487922779,0
AOK.US,D,20170901,000000,31.2112,31.2112,31.1164,31.1762,66753.468036714,0
AOK.US,D,20170905,000000,31.1423,31.1842,31.0964,31.1433,637735.27791164,0
AOK.US,D,20170906,000000,31.238,31.238,31.1502,31.1762,68646.877765555,0
AOK.US,D,20170907,000000,31.248,31.281,31.1832,31.266,43211.63939654,0
AOK.US,D,20170908,000000,31.266,31.283,31.2112,31.257,45048.91839758,0
AOK.US,D,20170911,000000,31.3428,31.3428,31.267,31.303,21728.605665334,0
AOK.US,D,20170912,000000,31.2202,31.303,31.2202,31.294,35266.134409497,0
AOK.US,D,20170913,000000,31.238,31.273,31.2202,31.2202,37734.884098294,0
AOK.US,D,20170914,000000,31.1592,31.257,31.1592,31.2291,71311.082667227,0
AOK.US,D,20170915,000000,31.266,31.275,31.2022,31.266,225353.84644023,0
AOK.US,D,20170918,000000,31.294,31.3129,31.238,31.294,78576.002579689,0
AOK.US,D,20170919,000000,31.294,31.294,31.248,31.294,46172.535288015,0
AOK.US,D,20170920,000000,31.294,31.3229,31.1842,31.2112,147086.56286345,0
AOK.US,D,20170921,000000,31.275,31.294,31.2112,31.2291,51992.088959615,0
AOK.US,D,20170922,000000,31.248,31.275,31.2202,31.257,58077.26125384,0
AOK.US,D,20170925,000000,31.2291,31.257,31.2202,31.257,48133.101423332,0
AOK.US,D,20170926,000000,31.257,31.275,31.2022,31.248,91607.352439223,0
AOK.US,D,20170927,000000,31.2202,31.2202,31.1762,31.1762,59085.609685399,0
AOK.US,D,20170928,000000,31.0874,31.238,31.0874,31.238,72350.503465961,0
AOK.US,D,20170929,000000,31.2291,31.294,31.2022,31.294,42823.735974061,0
AOK.US,D,20171002,000000,31.257,31.3139,31.238,31.303,79705.633476673,0
AOK.US,D,20171003,000000,31.3798,31.3798,31.275,31.3618,111237.06981859,0
AOK.US,D,20171004,000000,31.303,31.3798,31.303,31.3798,45554.094947785,0
AOK.US,D,20171005,000000,31.3798,31.3967,31.3229,31.3878,36436.861017908,0
AOK.US,D,20171006,000000,31.285,31.3798,31.275,31.3229,62633.873549929,0
AOK.US,D,20171009,000000,31.3967,31.3967,31.3129,31.3618,64764.836537497,0
AOK.US,D,20171010,000000,31.4027,31.4496,31.3798,31.4306,70122.314039167,0
AOK.US,D,20171011,000000,31.4406,31.4596,31.3798,31.4596,39224.353053857,0
AOK.US,D,20171012,000000,31.4875,31.4875,31.4406,31.4686,39229.364725982,0
AOK.US,D,20171013,000000,31.5533,31.5713,31.4875,31.5713,55870.120849972,0
AOK.US,D,20171016,000000,31.5533,31.5803,31.4875,31.5434,63197.185496784,0
AOK.US,D,20171017,000000,31.5613,31.5613,31.5064,31.5434,92316.002877705,0
AOK.US,D,20171018,000000,31.4775,31.5244,31.4775,31.5164,39497.990351884,0
AOK.US,D,20171019,000000,31.4775,31.5244,31.4686,31.4875,54275.406779783,0
AOK.US,D,20171020,000000,31.5244,31.5244,31.4406,31.5064,56930.590671631,0
AOK.US,D,20171023,000000,31.5803,31.5803,31.4686,31.4775,47507.644742126,0
AOK.US,D,20171024,000000,31.4725,31.4775,31.4686,31.4686,49942.315060472,0
AOK.US,D,20171025,000000,31.4117,31.4306,31.303,31.3967,96412.543672715,0
AOK.US,D,20171026,000000,31.4496,31.4496,31.3858,31.4087,77220.846437078,0
AOK.US,D,20171027,000000,31.5064,31.5064,31.4306,31.4965,124681.38146122,0
AOK.US,D,20171030,000000,31.4875,31.5244,31.4586,31.5164,71361.199388478,0
AOK.US,D,20171031,000000,31.5244,31.5723,31.4825,31.5164,105162.92320304,0
AOK.US,D,20171101,000000,31.8297,31.8297,31.5134,31.5613,79630.458394798,0
AOK.US,D,20171102,000000,31.6431,31.6431,31.5434,31.5932,105208.02825217,0
AOK.US,D,20171103,000000,31.5982,31.6162,31.5613,31.5982,74492.492132204,0
AOK.US,D,20171106,000000,31.5613,31.6611,31.5613,31.6511,60387.642103485,0
AOK.US,D,20171107,000000,31.6511,31.6511,31.5434,31.5434,122327.90023131,0
AOK.US,D,20171108,000000,31.6351,31.6611,31.5883,31.5893,124675.36745468,0
AOK.US,D,20171109,000000,31.5803,31.5803,31.4686,31.5613,93170.994142237,0
AOK.US,D,20171110,000000,31.4875,31.5094,31.3708,31.4686,38144.838878123,0
AOK.US,D,20171113,000000,31.3967,31.4775,31.3798,31.4686,59225.9365049,0
AOK.US,D,20171114,000000,31.3967,31.4686,31.3937,31.4306,56322.173675651,0
AOK.US,D,20171115,000000,31.4306,31.4686,31.3917,31.4596,78339.451655386,0
AOK.US,D,20171116,000000,31.5334,31.5593,31.4406,31.5434,149138.34143143,0
AOK.US,D,20171117,000000,31.5434,31.5613,31.4875,31.5533,64828.985940698,0
AOK.US,D,20171120,000000,31.5533,31.5713,31.5164,31.5334,83147.649892152,0
AOK.US,D,20171121,000000,31.5893,31.6711,31.5803,31.6162,78860.665556391,0
AOK.US,D,20171122,000000,31.6511,31.705,31.6351,31.705,204335.89588223,0
AOK.US,D,20171124,000000,31.687,31.7698,31.687,31.7339,54179.182674983,0
AOK.US,D,20171127,000000,31.7439,31.7529,31.6611,31.696,180116.48917075,0
AOK.US,D,20171128,000000,31.7339,31.7698,31.708,31.7339,364651.26848693,0
AOK.US,D,20171129,000000,31.7249,31.7529,31.6351,31.6351,602657.58237404,0
AOK.US,D,20171130,000000,31.7339,31.7439,31.6781,31.7249,179934.0643054,0
AOK.US,D,20171201,000000,31.715,31.7529,31.6781,31.687,830331.83300816,0
AOK.US,D,20171204,000000,31.7878,31.8217,31.696,31.7249,93809.481170968,0
AOK.US,D,20171205,000000,31.715,31.7349,31.687,31.7249,102772.35559939,0
AOK.US,D,20171206,000000,31.7778,31.7778,31.6781,31.6781,67612.468638946,0
AOK.US,D,20171207,000000,31.6711,31.7639,31.6611,31.6611,48688.394694786,0
AOK.US,D,20171208,000000,31.7349,31.7968,31.6781,31.7698,84061.77888776,0
AOK.US,D,20171211,000000,31.8517,31.8517,31.7249,31.7539,263318.26512185,0
AOK.US,D,20171212,000000,31.7639,31.7778,31.705,31.7698,102096.78219694,0
AOK.US,D,20171213,000000,31.8027,31.8905,31.7449,31.8417,86378.173743954,0
AOK.US,D,20171214,000000,31.8985,31.8985,31.7539,31.8117,101306.94267003,0
AOK.US,D,20171215,000000,31.8217,31.8706,31.6781,31.7778,63154.085116508,0
AOK.US,D,20171218,000000,31.9175,31.9275,31.8377,31.8905,692132.96949127,0
AOK.US,D,20171219,000000,31.9275,31.9275,31.7698,31.7778,123918.6049638,0
AOK.US,D,20171220,000000,31.8027,31.8027,31.705,31.7459,120660.0157481,0
AOK.US,D,20171221,000000,31.7249,31.8317,31.7249,31.7449,126850.43315694,0
AOK.US,D,20171222,000000,31.7539,31.8027,31.7249,31.7539,78614.091287839,0
AOK.US,D,20171226,000000,31.7968,31.8317,31.7639,31.8217,89539.536520432,0
AOK.US,D,20171227,000000,31.8517,31.8626,31.7778,31.8517,93835.541866017,0
AOK.US,D,20171228,000000,31.8905,31.9185,31.8417,31.8806,72269.314377536,0
AOK.US,D,20171229,000000,31.9465,31.9713,31.9085,31.9375,259390.11651024,0
AOK.US,D,20180102,000000,31.9275,31.9893,31.8746,31.9893,85944.162937926,0
AOK.US,D,20180103,000000,31.9634,32.0253,31.9465,32.0163,85415.932695946,0
AOK.US,D,20180104,000000,32.0253,32.1211,32.0163,32.0831,132957.65680852,0
AOK.US,D,20180105,000000,32.1309,32.1779,32.0601,32.1779,58896.168479072,0
AOK.US,D,20180108,000000,32.1479,32.1779,32.1211,32.1779,72571.017039463,0
AOK.US,D,20180109,000000,32.1779,32.1989,32.0961,32.1309,87134.936234836,0
AOK.US,D,20180110,000000,32.0641,32.1111,32.0163,32.1011,55278.743539217,0
AOK.US,D,20180111,000000,32.1309,32.1859,32.1111,32.1579,142703.35442288,0
AOK.US,D,20180112,000000,32.1479,32.2587,32.1399,32.2587,54470.86199266,0
AOK.US,D,20180116,000000,32.3065,32.3065,32.1779,32.2029,238549.57914547,0
AOK.US,D,20180117,000000,32.2777,32.3065,32.1949,32.2287,97771.709153025,0
AOK.US,D,20180118,000000,32.2387,32.2597,32.1579,32.1949,82391.889735696,0
AOK.US,D,20180119,000000,32.2387,32.2966,32.1949,32.2128,93698.222049791,0
AOK.US,D,20180122,000000,32.2877,32.2976,32.2387,32.2976,102281.21173114,0
AOK.US,D,20180123,000000,32.3065,32.3973,32.2976,32.3615,106023.92847412,0
AOK.US,D,20180124,000000,32.3973,32.4991,32.3255,32.3255,142710.37076386,0
AOK.US,D,20180125,000000,32.4712,32.5031,32.3535,32.4433,68592.751706605,0
AOK.US,D,20180126,000000,32.4612,32.5081,32.4143,32.4762,76262.614726769,0
AOK.US,D,20180129,000000,32.4143,32.4333,32.3345,32.3874,90872.641305693,0
AOK.US,D,20180130,000000,32.2687,32.3155,32.1779,32.1989,77089.540627401,0
AOK.US,D,20180131,000000,32.2777,32.2976,32.1579,32.2587,107805.07674736,0
AOK.US,D,20180201,000000,32.2128,32.2587,32.1309,32.1309,116651.68038249,0
AOK.US,D,20180202,000000,32.0253,32.1211,31.8027,31.8117,134112.34606613,0
AOK.US,D,20180205,000000,31.7778,31.8407,31.5124,31.5294,76735.716575373,0
AOK.US,D,20180206,000000,31.3997,31.695,31.288,31.695,110340.98284263,0
AOK.US,D,20180207,000000,31.5962,31.7659,31.4835,31.4925,150855.34030147,0
AOK.US,D,20180208,000000,31.5773,31.5773,31.269,31.269,71560.663939054,0
AOK.US,D,20180209,000000,31.3268,31.3288,31.0486,31.3169,119777.96145409,0
AOK.US,D,20180212,000000,31.3828,31.4835,31.3169,31.4077,77158.701702726,0
AOK.US,D,20180213,000000,31.3648,31.4546,31.3468,31.4256,53253.025666274,0
AOK.US,D,20180214,000000,31.3558,31.5683,31.241,31.5683,51465.863386485,0
AOK.US,D,20180215,000000,31.6511,31.7339,31.5294,31.7239,50806.327334829,0
AOK.US,D,20180216,000000,31.6511,31.8706,31.6511,31.7778,81104.892333985,0
AOK.US,D,20180220,000000,31.6601,31.704,31.6601,31.6601,41899.583634204,0
AOK.US,D,20180221,000000,31.714,31.7968,31.5962,31.6122,62287.065838876,0
AOK.US,D,20180222,000000,31.5494,31.686,31.5214,31.5214,46046.241150464,0
AOK.US,D,20180223,000000,31.704,31.7529,31.5494,31.7529,55988.396312123,0
AOK.US,D,20180226,000000,31.9085,31.9085,31.7858,31.8417,55764.875735346,0
AOK.US,D,20180227,000000,31.8905,31.8905,31.6232,31.6601,77808.214410132,0
AOK.US,D,20180228,000000,31.8317,31.8317,31.6192,31.6411,68432.378198603,0
AOK.US,D,20180301,000000,31.5214,31.6511,31.4556,31.5593,83079.491151252,0
AOK.US,D,20180302,000000,31.5124,31.5494,31.3997,31.5494,96148.929718937,0
AOK.US,D,20180305,000000,31.5124,31.6332,31.4885,31.6232,52897.196945396,0
AOK.US,D,20180306,000000,31.5593,31.6661,31.5593,31.6332,82454.034470046,0
AOK.US,D,20180307,000000,31.6232,31.6701,31.5504,31.6701,68311.095733177,0
AOK.US,D,20180308,000000,31.6332,31.7339,31.6152,31.7339,30180.289537005,0
AOK.US,D,20180309,000000,31.7529,31.8317,31.6781,31.8317,42892.897049387,0
AOK.US,D,20180312,000000,31.8217,31.8706,31.7968,31.8517,64147.398531692,0
AOK.US,D,20180313,000000,31.8317,31.8945,31.7968,31.8027,35746.252599077,0
AOK.US,D,20180314,000000,31.8317,31.8517,31.7868,31.8087,23791.409912001,0
AOK.US,D,20180315,000000,31.8317,31.8337,31.7569,31.8027,44390.38468035,0
AOK.US,D,20180316,000000,31.7439,31.8217,31.7249,31.7768,36633.31856521,0
AOK.US,D,20180319,000000,31.6232,31.707,31.6052,31.6701,54712.424589087,0
AOK.US,D,20180320,000000,31.6232,31.6781,31.6232,31.6411,30629.335359409,0
AOK.US,D,20180321,000000,31.6142,31.6701,31.6052,31.6351,32799.389389552,0
AOK.US,D,20180322,000000,31.6052,31.6332,31.4745,31.5394,67890.115274673,0
AOK.US,D,20180323,000000,31.4735,31.4925,31.278,31.278,67412.001753944,0
AOK.US,D,20180326,000000,31.4925,31.5294,31.3967,31.5124,43681.734241869,0
AOK.US,D,20180327,000000,31.5962,31.6052,31.4446,31.4646,37123.460099038,0
AOK.US,D,20180328,000000,31.4646,31.5124,31.4256,31.5024,29706.185353976,0
AOK.US,D,20180329,000000,31.5494,31.686,31.4735,31.6601,63074.900696933,0
AOK.US,D,20180402,000000,31.5962,31.5962,31.3738,31.4646,98972.505794186,0
AOK.US,D,20180403,000000,31.5683,31.5683,31.3927,31.5214,35655.040166401,0
AOK.US,D,20180404,000000,31.298,31.5294,31.288,31.5294,118386.72127218,0
AOK.US,D,20180405,000000,31.5494,31.6232,31.5494,31.5593,65209.873022201,0
AOK.US,D,20180406,000000,31.5294,31.6511,31.4166,31.4735,25825.146460343,0
AOK.US,D,20180409,000000,31.5683,31.6511,31.5124,31.5773,22665.788352717,0
AOK.US,D,20180410,000000,31.6781,31.7249,31.6142,31.705,80921.465134209,0
AOK.US,D,20180411,000000,31.6511,31.7249,31.6232,31.6701,31485.328958366,0
AOK.US,D,20180412,000000,31.6701,31.7239,31.6332,31.6781,44081.665677447,0
AOK.US,D,20180413,000000,31.705,31.714,31.5683,31.6142,39298.525801307,0
AOK.US,D,20180416,000000,31.6781,31.7349,31.5863,31.7349,53258.037338399,0
AOK.US,D,20180417,000000,31.7698,31.8027,31.715,31.7928,24574.233097932,0
AOK.US,D,20180418,000000,31.8616,31.8616,31.7639,31.7968,51830.713117188,0
AOK.US,D,20180419,000000,31.7639,31.7639,31.6411,31.705,40345.965275441,0
AOK.US,D,20180420,000000,31.686,31.686,31.5593,31.5962,55464.175407843,0
AOK.US,D,20180423,000000,31.5863,31.5962,31.4735,31.5024,113274.81570464,0
AOK.US,D,20180424,000000,31.5773,31.5773,31.3927,31.4356,45153.161177782,0
AOK.US,D,20180425,000000,31.3997,31.4356,31.3069,31.4256,36448.889031007,0
AOK.US,D,20180426,000000,31.4446,31.5593,31.4077,31.5494,28018.254182262,0
AOK.US,D,20180427,000000,31.6052,31.6052,31.5124,31.5683,35706.159222077,0
AOK.US,D,20180430,000000,31.5124,31.6142,31.4835,31.4835,32906.639173028,0
AOK.US,D,20180501,000000,31.5394,31.5394,31.3738,31.4546,59416.380045652,0
AOK.US,D,20180502,000000,31.4925,31.5024,31.3927,31.3927,31409.151542066,0
AOK.US,D,20180503,000000,31.3997,31.4725,31.3368,31.4077,51793.626743463,0
AOK.US,D,20180504,000000,31.4256,31.5394,31.4077,31.5394,67524.263209545,0
AOK.US,D,20180507,000000,31.4835,31.5394,31.4835,31.4925,58935.259521648,0
AOK.US,D,20180508,000000,31.4925,31.5024,31.4087,31.4835,36233.387129631,0
AOK.US,D,20180509,000000,31.4446,31.5394,31.4446,31.5294,77585.69616778,0
AOK.US,D,20180510,000000,31.6052,31.6701,31.5942,31.6511,76631.473795172,0
AOK.US,D,20180511,000000,31.705,31.715,31.6601,31.696,38279.151691073,0
AOK.US,D,20180514,000000,31.6511,31.715,31.6511,31.6601,164846.92654017,0
AOK.US,D,20180515,000000,31.6332,31.6332,31.4646,31.4835,40794.008763419,0
AOK.US,D,20180516,000000,31.5394,31.5563,31.5024,31.5394,30241.431936931,0
AOK.US,D,20180517,000000,31.5494,31.5494,31.4735,31.5394,42553.105679309,0
AOK.US,D,20180518,000000,31.4925,31.5244,31.4696,31.4835,42158.185915856,0
AOK.US,D,20180521,000000,31.5494,31.6142,31.5494,31.5962,38657.031769301,0
AOK.US,D,20180522,000000,31.6052,31.6481,31.5773,31.5863,39074.002890105,0
AOK.US,D,20180523,000000,31.5294,31.6302,31.4925,31.5962,44855.467853554,0
AOK.US,D,20180524,000000,31.6142,31.6441,31.5603,31.6142,31726.891554793,0
AOK.US,D,20180525,000000,31.6332,31.6701,31.5972,31.6411,34198.648246863,0
AOK.US,D,20180529,000000,31.6052,31.6232,31.5214,31.6052,46430.135235242,0
AOK.US,D,20180530,000000,31.5683,31.6701,31.5683,31.6601,27564.196687733,0
AOK.US,D,20180531,000000,31.6411,31.6771,31.5863,31.5962,46381.020848417,0
AOK.US,D,20180601,000000,31.5962,31.686,31.5962,31.686,31799.059633394,0
AOK.US,D,20180604,000000,31.7249,31.7359,31.6601,31.6601,34841.144613294,0
AOK.US,D,20180605,000000,31.696,31.715,31.6411,31.686,31711.856538418,0
AOK.US,D,20180606,000000,31.6511,31.715,31.6332,31.715,31794.047961269,0
AOK.US,D,20180607,000000,31.696,31.7539,31.6701,31.6781,29506.720803399,0
AOK.US,D,20180608,000000,31.6781,31.7539,31.6601,31.715,32945.730215603,0
AOK.US,D,20180611,000000,31.686,31.7629,31.6781,31.705,72535.935334587,0
AOK.US,D,20180612,000000,31.705,31.7359,31.6511,31.6601,39942.024502162,0
AOK.US,D,20180613,000000,31.686,31.7529,31.686,31.715,57814.649634488,0
AOK.US,D,20180614,000000,31.7639,31.7758,31.715,31.7708,52715.77441447,0
AOK.US,D,20180615,000000,31.7788,31.7788,31.6781,31.715,31237.752355389,0
AOK.US,D,20180618,000000,31.6701,31.705,31.6232,31.686,49425.110497167,0
AOK.US,D,20180619,000000,31.5962,31.6511,31.5603,31.6511,41224.010231748,0
AOK.US,D,20180620,000000,31.6701,31.696,31.6052,31.6052,69136.016964959,0
AOK.US,D,20180621,000000,31.6142,31.6511,31.5294,31.5773,56003.431328498,0
AOK.US,D,20180622,000000,31.6332,31.6701,31.5962,31.5962,25050.341949811,0
AOK.US,D,20180625,000000,31.5863,31.6012,31.4356,31.5024,30592.248985684,0
AOK.US,D,20180626,000000,31.4646,31.5494,31.4446,31.4835,39216.334378456,0
AOK.US,D,20180627,000000,31.5394,31.5883,31.4256,31.4735,36360.683601608,0
AOK.US,D,20180628,000000,31.4735,31.5294,31.4166,31.5214,54246.339081458,0
AOK.US,D,20180629,000000,31.5024,31.6232,31.5024,31.5773,29523.760488624,0
AOK.US,D,20180702,000000,31.3738,31.5124,31.3738,31.5124,59796.26479273,0
AOK.US,D,20180703,000000,31.5394,31.6052,31.4735,31.4735,27782.705592385,0
AOK.US,D,20180705,000000,31.5494,31.6342,31.5494,31.6052,38090.712819172,0
AOK.US,D,20180706,000000,31.6342,31.7798,31.6052,31.7459,48642.287311235,0
AOK.US,D,20180709,000000,31.7459,31.8357,31.7459,31.7988,41106.737104023,0
AOK.US,D,20180710,000000,31.8357,31.8457,31.7459,31.8357,39557.128082959,0
AOK.US,D,20180711,000000,31.7459,31.8057,31.6621,31.706,38177.915914147,0
AOK.US,D,20180712,000000,31.7459,31.8347,31.7259,31.7988,64638.542399946,0
AOK.US,D,20180713,000000,31.7988,31.8646,31.7898,31.8357,42416.788197508,0
AOK.US,D,20180716,000000,31.8457,31.8746,31.7898,31.8157,35356.344507748,0
AOK.US,D,20180717,000000,31.7798,31.8845,31.7649,31.8257,98168.633585329,0
AOK.US,D,20180718,000000,31.8157,31.8845,31.7988,31.8257,52755.867791471,0
AOK.US,D,20180719,000000,31.7718,31.8746,31.7718,31.8257,27860.887677536,0
AOK.US,D,20180720,000000,31.7988,31.8726,31.7988,31.8157,32362.371580248,0
AOK.US,D,20180723,000000,31.7988,31.8157,31.7559,31.7798,28778.023676418,0
AOK.US,D,20180724,000000,31.7898,31.8357,31.7639,31.8057,44044.579303722,0
AOK.US,D,20180725,000000,31.7988,31.9594,31.7988,31.9594,82213.474208044,0
AOK.US,D,20180726,000000,31.9315,31.9594,31.8646,31.9215,44997.799341905,0
AOK.US,D,20180727,000000,31.9594,31.9594,31.8845,31.9215,15593.316649857,0
AOK.US,D,20180730,000000,31.8547,31.9025,31.8457,31.8457,40803.029773245,0
AOK.US,D,20180731,000000,31.8646,31.9315,31.8547,31.8746,36720.521660185,0
AOK.US,D,20180801,000000,31.8057,31.8816,31.7898,31.8646,28511.402719366,0
AOK.US,D,20180802,000000,31.7718,31.8646,31.7419,31.8357,36943.039902537,0
AOK.US,D,20180803,000000,31.8457,31.9594,31.8367,31.9594,26044.65769942,0
AOK.US,D,20180806,000000,31.8646,31.9415,31.8457,31.9025,53195.892604049,0
AOK.US,D,20180807,000000,31.8547,31.9673,31.8547,31.9415,26935.733003253,0
AOK.US,D,20180808,000000,31.9415,32.0043,31.8257,31.9594,55219.605808142,0
AOK.US,D,20180809,000000,31.9673,31.9673,31.9315,31.9673,23542.830974599,0
AOK.US,D,20180810,000000,31.8646,31.9115,31.8357,31.8547,43831.082071195,0
AOK.US,D,20180813,000000,31.8157,31.8646,31.7898,31.8057,41512.682546151,0
AOK.US,D,20180814,000000,31.8057,31.8646,31.7898,31.8457,58562.391115545,0
AOK.US,D,20180815,000000,31.7798,31.8157,31.706,31.7259,80011.345476301,0
AOK.US,D,20180816,000000,31.7898,31.9415,31.7898,31.7988,25591.602539316,0
AOK.US,D,20180817,000000,31.8457,31.9405,31.8147,31.8746,32938.713874628,0
AOK.US,D,20180820,000000,31.8746,32.0133,31.8746,31.9494,39300.530470157,0
AOK.US,D,20180821,000000,31.9594,32.0323,31.9494,31.9943,51061.922613206,0
AOK.US,D,20180822,000000,32.0422,32.0611,32.0113,32.0373,21927.067881486,0
AOK.US,D,20180823,000000,32.0422,32.0981,31.9763,31.9843,42045.924460255,0
AOK.US,D,20180824,000000,31.9843,32.0801,31.9594,32.0611,29712.199360526,0
AOK.US,D,20180827,000000,32.0711,32.1669,32.0611,32.128,44568.800208001,0
AOK.US,D,20180828,000000,32.0891,32.1469,32.0611,32.0611,38381.389802424,0
AOK.US,D,20180829,000000,32.0611,32.1659,32.0611,32.1379,46933.307116596,0
AOK.US,D,20180830,000000,32.0711,32.1379,32.0233,32.0323,31409.151542066,0
AOK.US,D,20180831,000000,32.0801,32.1111,32.0422,32.1081,27231.42165863,0
AOK.US,D,20180904,000000,32.0323,32.0611,31.9215,31.9494,36020.892231529,0
AOK.US,D,20180905,000000,31.9215,31.9594,31.8646,31.8746,36367.699942582,0
AOK.US,D,20180906,000000,31.8935,31.9763,31.8746,31.8746,113886.23970388,0
AOK.US,D,20180907,000000,31.7798,31.8646,31.7798,31.8057,40723.845353669,0
AOK.US,D,20180910,000000,31.8257,31.8746,31.8157,31.8157,56601.824980228,0
AOK.US,D,20180911,000000,31.8257,31.8447,31.7798,31.8057,61042.166483016,0
AOK.US,D,20180912,000000,31.8157,31.9295,31.8157,31.8935,27203.35629473,0
AOK.US,D,20180913,000000,31.9415,31.9933,31.9115,31.9594,32462.605022749,0
AOK.US,D,20180914,000000,31.9494,31.9763,31.8845,31.8845,38354.326772949,0
AOK.US,D,20180917,000000,31.8935,31.9594,31.8746,31.8746,54263.378766683,0
AOK.US,D,20180918,000000,31.8845,31.9584,31.8845,31.8935,98080.428155928,0
AOK.US,D,20180919,000000,31.9025,31.9683,31.8935,31.9494,26954.777357327,0
AOK.US,D,20180920,000000,31.9943,32.0611,31.9494,32.0422,43576.489127243,0
AOK.US,D,20180921,000000,32.0233,32.0621,31.9943,32.0133,26773.354826402,0
AOK.US,D,20180924,000000,32.0043,32.0043,31.9325,31.9943,58018.123522765,0
AOK.US,D,20180925,000000,32.0571,32.0571,31.9494,31.9943,37257.77291199,0
AOK.US,D,20180926,000000,32.0133,32.0711,31.9594,32.0133,67878.087261573,0
AOK.US,D,20180927,000000,31.9763,32.0511,31.9693,32.0033,25417.196349365,0
AOK.US,D,20180928,000000,32.0043,32.0511,31.9763,32.0133,42059.957142205,0
AOK.US,D,20181001,000000,32.0422,32.0711,31.9415,31.9953,56329.190016626,0
AOK.US,D,20181002,000000,31.9763,32.0303,31.9335,31.9494,39334.609840607,0
AOK.US,D,20181003,000000,31.9673,31.9763,31.8845,31.9025,110390.09722946,0
AOK.US,D,20181004,000000,31.8057,31.8547,31.6771,31.715,28269.840122938,0
AOK.US,D,20181005,000000,31.696,31.7339,31.5563,31.6132,39188.269014556,0
AOK.US,D,20181008,000000,31.5563,31.6222,31.5184,31.5743,102025.61645276,0
AOK.US,D,20181009,000000,31.5743,31.6571,31.5464,31.5833,52478.221155744,0
AOK.US,D,20181010,000000,31.5653,31.5653,31.302,31.302,75114.941810134,0
AOK.US,D,20181011,000000,31.3109,31.3658,31.1054,31.2162,117864.50503674,0
AOK.US,D,20181012,000000,31.3408,31.3967,31.1882,31.245,195790.99490903,0
AOK.US,D,20181015,000000,31.235,31.3258,31.2261,31.282,31380.08384374,0
AOK.US,D,20181016,000000,31.3109,31.4636,31.3109,31.4136,68190.815602176,0
AOK.US,D,20181017,000000,31.4037,31.4705,31.3508,31.3878,60063.888084207,0
AOK.US,D,20181018,000000,31.302,31.3578,31.1882,31.235,44242.039185448,0
AOK.US,D,20181019,000000,31.255,31.3398,31.1922,31.2072,44495.629794976,0
AOK.US,D,20181022,000000,31.264,31.3967,31.1792,31.1792,115766.6190852,0
AOK.US,D,20181023,000000,31.0854,31.2162,31.0366,31.1972,408690.83611852,0
AOK.US,D,20181024,000000,31.1512,31.2072,30.8819,30.8909,29528.772160749,0
AOK.US,D,20181025,000000,30.9558,31.0854,30.9278,31.0764,61435.081577619,0
AOK.US,D,20181026,000000,30.9747,31.0664,30.8909,31.0286,87346.428798513,0
AOK.US,D,20181029,000000,31.0764,31.2162,30.8819,30.9098,78190.103826061,0
AOK.US,D,20181030,000000,30.9188,31.0376,30.9058,31.0286,102684.15017,0
AOK.US,D,20181031,000000,31.0764,31.1512,31.0664,31.0854,44623.928601377,0
AOK.US,D,20181101,000000,31.1234,31.302,31.1034,31.2261,105377.42276999,0
AOK.US,D,20181102,000000,31.273,31.3508,31.1144,31.1752,46993.447182097,0
AOK.US,D,20181105,000000,31.2162,31.256,31.1552,31.235,68154.731562876,0
AOK.US,D,20181106,000000,31.245,31.3308,31.2072,31.292,114047.61554631,0
AOK.US,D,20181107,000000,31.3688,31.4795,31.3508,31.4616,283648.61426429,0
AOK.US,D,20181108,000000,31.4516,31.5104,31.3788,31.3878,49154.480202415,0
AOK.US,D,20181109,000000,31.3598,31.3598,31.2261,31.292,94191.370586895,0
AOK.US,D,20181112,000000,31.3109,31.3878,31.1144,31.1512,289728.77488639,0
AOK.US,D,20181113,000000,31.1702,31.263,31.1054,31.1702,49263.734654741,0
AOK.US,D,20181114,000000,31.1792,31.3209,31.1324,31.1512,36317.583221332,0
AOK.US,D,20181115,000000,31.0664,31.235,31.0664,31.2072,87919.764089618,0
AOK.US,D,20181116,000000,31.1702,31.302,31.1702,31.282,80649.832505031,0
AOK.US,D,20181119,000000,31.282,31.3408,31.1234,31.1234,73694.633929898,0
AOK.US,D,20181120,000000,31.0186,31.0954,30.9208,30.9548,109003.86871967,0
AOK.US,D,20181121,000000,31.0186,31.1104,30.9826,31.0664,72641.180449213,0
AOK.US,D,20181123,000000,30.9826,31.0854,30.9158,31.0186,102113.82188217,0
AOK.US,D,20181126,000000,31.0854,31.1792,31.0565,31.1324,203788.62128617,0
AOK.US,D,20181127,000000,31.0466,31.1602,31.0306,31.1144,151342.47483202,0
AOK.US,D,20181128,000000,31.1144,31.3598,31.1054,31.3109,114203.97971661,0
AOK.US,D,20181129,000000,31.3308,31.4186,31.282,31.3688,178187.99773703,0
AOK.US,D,20181130,000000,31.255,31.4146,31.255,31.3598,108826.45552644,0
AOK.US,D,20181203,000000,31.4705,31.5573,31.3907,31.5374,112531.08356127,0
AOK.US,D,20181204,000000,31.5194,31.5663,31.254,31.302,83930.473078084,0
AOK.US,D,20181206,000000,31.1224,31.282,31.1044,31.282,151553.9673957,0
AOK.US,D,20181207,000000,31.3109,31.3209,31.0844,31.1592,144794.22403344,0
AOK.US,D,20181210,000000,31.1314,31.1692,30.9538,31.0754,254972.82869923,0
AOK.US,D,20181211,000000,31.254,31.254,31.0924,31.1224,1448085.5741572,0
AOK.US,D,20181212,000000,31.272,31.3109,31.1642,31.2251,356620.56507376,0
AOK.US,D,20181213,000000,31.3109,31.3109,31.1792,31.1792,434854.77161453,0
AOK.US,D,20181214,000000,31.0944,31.2222,31.0555,31.0555,184566.85401778,0
AOK.US,D,20181217,000000,31.1134,31.1134,30.9268,30.9638,439359.26252051,0
AOK.US,D,20181218,000000,31.0276,31.1404,30.9548,31.0276,491929.69844335,0
AOK.US,D,20181219,000000,31.0844,31.1314,30.87,30.9448,225239.58031578,0
AOK.US,D,20181220,000000,30.8899,30.9638,30.7193,30.832,296463.45988803,0
AOK.US,D,20181221,000000,30.7832,30.8889,30.6026,30.6694,665246.35087485,0
AOK.US,D,20181224,000000,30.6894,30.7552,30.4829,30.4908,111176.92975309,0
AOK.US,D,20181226,000000,30.4829,30.7832,30.4539,30.7832,545490.44077811,0
AOK.US,D,20181227,000000,30.9448,30.9448,30.5926,30.841,628559.90858511,0
AOK.US,D,20181228,000000,30.9747,30.9956,30.822,30.8799,841535.92721091,0
AOK.US,D,20181231,000000,31.0565,31.1423,30.8799,30.9648,420530.41034673,0
AOK.US,D,20190102,000000,30.8899,31.0286,30.872,31.0286,326555.54399564,0
AOK.US,D,20190103,000000,30.9168,30.9846,30.851,30.8988,72535.935334587,0
AOK.US,D,20190104,000000,31.0096,31.1802,30.9806,31.1522,120260.08431252,0
AOK.US,D,20190107,000000,31.1802,31.255,31.1324,31.1892,180877.26099932,0
AOK.US,D,20190108,000000,31.284,31.284,31.1712,31.2271,375721.04987673,0
AOK.US,D,20190109,000000,31.236,31.3997,31.236,31.3628,77870.359144482,0
AOK.US,D,20190110,000000,31.264,31.3818,31.2271,31.3718,138351.2183495,0
AOK.US,D,20190111,000000,31.3428,31.3748,31.303,31.3229,1347545.4173224,0
AOK.US,D,20190114,000000,31.264,31.3328,31.264,31.3328,372057.51755331,0
AOK.US,D,20190115,000000,31.284,31.3907,31.284,31.3628,94422.909839073,0
AOK.US,D,20190116,000000,31.3328,31.4646,31.3229,31.4546,79730.691837298,0
AOK.US,D,20190117,000000,31.3718,31.5104,31.3718,31.4646,186313.92292058,0
AOK.US,D,20190118,000000,31.5214,31.6132,31.5214,31.5793,167549.22014999,0
AOK.US,D,20190122,000000,31.5793,31.6072,31.4356,31.4835,668990.06995225,0
AOK.US,D,20190123,000000,31.4835,31.5982,31.4596,31.4935,197973.07695227,0
AOK.US,D,20190124,000000,31.5214,31.6711,31.5214,31.5504,337690.47712305,0
AOK.US,D,20190125,000000,31.6541,31.6781,31.6272,31.6641,164586.31958966,0
AOK.US,D,20190128,000000,31.5982,31.5982,31.5214,31.5883,614650.51376927,0
AOK.US,D,20190129,000000,31.6361,31.6541,31.5883,31.6182,202631.92735972,0
AOK.US,D,20190130,000000,31.6272,31.8127,31.6272,31.7768,206176.18188654,0
AOK.US,D,20190131,000000,31.8127,31.9385,31.7997,31.9285,197126.10436314,0
AOK.US,D,20190201,000000,31.9564,31.9663,31.8427,31.8616,114136.82331014,0
AOK.US,D,20190204,000000,31.8716,31.9285,31.8327,31.9285,150296.03769232,0
AOK.US,D,20190205,000000,32.0023,32.0412,31.9753,32.0123,137255.66682296,0
AOK.US,D,20190206,000000,32.0412,32.0501,31.9465,31.9743,55966.344954773,0
AOK.US,D,20190207,000000,31.9653,31.9653,31.8327,31.8995,76517.207670721,0
AOK.US,D,20190208,000000,31.8427,31.9095,31.8387,31.9095,49379.003113617,0
AOK.US,D,20190211,000000,31.9185,31.9554,31.8915,31.9095,68721.050513006,0
AOK.US,D,20190212,000000,31.9743,32.0223,31.9564,32.0123,187120.8021327,0
AOK.US,D,20190213,000000,32.0123,32.0961,31.9743,31.9743,79173.393896993,0
AOK.US,D,20190214,000000,32.0313,32.0751,32.0023,32.0412,63569.051568462,0
AOK.US,D,20190215,000000,32.0891,32.1379,32.0891,32.128,48483.918472085,0
AOK.US,D,20190219,000000,32.1569,32.2517,32.1379,32.2517,43743.878976219,0
AOK.US,D,20190220,000000,32.2517,32.2807,32.2148,32.2227,35890.588756278,0
AOK.US,D,20190221,000000,32.2317,32.2317,32.1569,32.1719,53152.792223774,0
AOK.US,D,20190222,000000,32.2227,32.3185,32.1949,32.2996,45465.889518384,0
AOK.US,D,20190225,000000,32.3375,32.3575,32.3095,32.3185,38771.297893753,0
AOK.US,D,20190226,000000,32.2717,32.3814,32.2557,32.3285,104386.11402366,0
AOK.US,D,20190227,000000,32.2617,32.3095,32.2227,32.2996,59369.270327677,0
AOK.US,D,20190228,000000,32.2996,32.2996,32.1739,32.2417,45120.084141756,0
AOK.US,D,20190301,000000,32.2517,32.3095,32.2227,32.2317,77892.410501833,0
AOK.US,D,20190304,000000,32.3185,32.3185,32.2049,32.2617,41616.925326352,0
AOK.US,D,20190305,000000,32.2807,32.2807,32.2069,32.2617,29960.778297928,0
AOK.US,D,20190306,000000,32.2907,32.2907,32.2267,32.2617,55574.432194594,0
AOK.US,D,20190307,000000,32.2517,32.2517,32.1569,32.1669,50454.507951651,0
AOK.US,D,20190308,000000,32.0891,32.1669,32.0701,32.1669,83092.521498776,0
AOK.US,D,20190311,000000,32.2049,32.3475,32.2049,32.3475,35541.776376375,0
AOK.US,D,20190312,000000,32.3575,32.4023,32.3185,32.3665,59698.036019079,0
AOK.US,D,20190313,000000,32.4023,32.4503,32.3854,32.4113,57933.927431064,0
AOK.US,D,20190314,000000,32.4203,32.4373,32.3844,32.4113,19854.240290568,0
AOK.US,D,20190315,000000,32.4203,32.5271,32.4203,32.5271,31291.878414339,0
AOK.US,D,20190318,000000,32.555,32.6199,32.5171,32.6199,48195.246157682,0
AOK.US,D,20190319,000000,32.6468,32.6667,32.545,32.5919,153194.78884944,0
AOK.US,D,20190320,000000,32.6019,32.7066,32.5211,32.6667,53720.113508329,0
AOK.US,D,20190321,000000,32.6667,32.7466,32.6009,32.7466,47095.685293448,0
AOK.US,D,20190322,000000,32.7266,32.7266,32.6109,32.6199,37101.408741688,0
AOK.US,D,20190325,000000,32.6019,32.6468,32.555,32.5829,36088.048638004,0
AOK.US,D,20190326,000000,32.6667,32.7306,32.6468,32.6468,44631.947276777,0
AOK.US,D,20190327,000000,32.7166,32.7555,32.6468,32.7266,37052.294354863,0
AOK.US,D,20190328,000000,32.7266,32.7366,32.6578,32.7366,29667.094311401,0
AOK.US,D,20190329,000000,32.7745,32.7914,32.7166,32.7914,71999.686417208,0
AOK.US,D,20190401,000000,32.8852,32.8852,32.7914,32.8304,59213.908491801,0
AOK.US,D,20190402,000000,32.8493,32.8493,32.8014,32.8404,56152.779157824,0
AOK.US,D,20190403,000000,32.8583,32.8952,32.8304,32.8583,170884.98911642,0
AOK.US,D,20190404,000000,32.8583,32.9052,32.8483,32.9052,33117.12940228,0
AOK.US,D,20190405,000000,32.9152,32.975,32.8802,32.965,33703.49504091,0
AOK.US,D,20190408,000000,32.965,32.965,32.8882,32.9252,67079.226724842,0
AOK.US,D,20190409,000000,32.9052,32.9351,32.8952,32.9351,32210.016747647,0
AOK.US,D,20190410,000000,32.9451,32.994,32.9351,32.994,54576.107107286,0
AOK.US,D,20190411,000000,32.994,32.994,32.9351,32.984,28164.595008312,0
AOK.US,D,20190412,000000,32.975,33.0219,32.9451,33.004,32973.795579503,0
AOK.US,D,20190415,000000,33.013,33.0868,32.965,33.004,61169.462954991,0
AOK.US,D,20190416,000000,32.984,33.0408,32.955,32.955,38841.461303503,0
AOK.US,D,20190417,000000,33.0219,33.0688,32.9451,32.975,23666.118108875,0
AOK.US,D,20190418,000000,33.0219,33.0219,32.9451,33.004,62679.980933479,0
AOK.US,D,20190422,000000,32.9351,33.004,32.9351,32.975,39209.318037481,0
AOK.US,D,20190423,000000,33.004,33.0588,32.965,33.0588,45863.816285112,0
AOK.US,D,20190424,000000,33.1058,33.1256,33.0588,33.0688,66925.869557815,0
AOK.US,D,20190425,000000,33.0868,33.0868,32.988,33.0219,48124.080413506,0
AOK.US,D,20190426,000000,33.0408,33.1456,33.0408,33.0868,53868.45900323,0
AOK.US,D,20190429,000000,33.0868,33.1456,33.0868,33.1426,69933.875167266,0
AOK.US,D,20190430,000000,33.1058,33.1656,33.0968,33.1356,36012.873556129,0
AOK.US,D,20190501,000000,33.1456,33.2414,33.1256,33.1256,31620.644105742,0
AOK.US,D,20190502,000000,33.0588,33.1028,32.961,32.984,43437.164642167,0
AOK.US,D,20190503,000000,33.0588,33.1656,33.0588,33.1656,64212.550269318,0
AOK.US,D,20190506,000000,33.0408,33.1356,32.9351,33.0868,41745.224132753,0
AOK.US,D,20190507,000000,33.013,33.0488,32.9351,32.994,128746.84988906,0
AOK.US,D,20190508,000000,32.975,33.0219,32.9451,32.9451,47515.663417526,0
AOK.US,D,20190509,000000,32.8772,32.9052,32.8104,32.9052,42918.957744437,0
AOK.US,D,20190510,000000,32.8772,32.9451,32.8104,32.8952,60582.094981937,0
AOK.US,D,20190513,000000,32.8104,32.8852,32.6807,32.7356,79969.247430451,0
AOK.US,D,20190514,000000,32.7356,32.8523,32.7356,32.8004,56699.051419454,0
AOK.US,D,20190515,000000,32.7735,32.9152,32.7735,32.8583,32843.492104252,0
AOK.US,D,20190516,000000,32.8673,33.018,32.8673,32.955,32847.501441953,0
AOK.US,D,20190517,000000,32.9052,32.959,32.8573,32.8673,26343.353358072,0
AOK.US,D,20190520,000000,32.8483,32.8952,32.7825,32.8194,29660.077970426,0
AOK.US,D,20190521,000000,32.8194,32.9252,32.8194,32.8772,44924.628928879,0
AOK.US,D,20190522,000000,32.8583,32.9052,32.8294,32.8294,74568.669548505,0
AOK.US,D,20190523,000000,32.7645,32.8483,32.7506,32.8144,38274.140018948,0
AOK.US,D,20190524,000000,32.8962,32.8992,32.8104,32.8583,37487.307495317,0
AOK.US,D,20190528,000000,32.8583,32.9371,32.8463,32.8583,27613.311074558,0
AOK.US,D,20190529,000000,32.8294,32.8394,32.7555,32.8194,38150.852884672,0
AOK.US,D,20190530,000000,32.8294,32.8852,32.8294,32.8483,20057.714178845,0
AOK.US,D,20190531,000000,32.7645,32.9242,32.7356,32.8673,279415.75598749,0
AOK.US,D,20190603,000000,32.8483,32.955,32.8483,32.8952,67074.215052717,0
AOK.US,D,20190604,000000,33.0219,33.0748,32.9252,33.0718,51546.050140486,0
AOK.US,D,20190605,000000,33.0868,33.1326,33.0688,33.1256,56480.542514802,0
AOK.US,D,20190606,000000,33.1556,33.1856,33.0778,33.1656,60353.562733035,0
AOK.US,D,20190607,000000,33.2624,33.3701,33.2624,33.3342,35064.665190071,0
AOK.US,D,20190610,000000,33.3532,33.38,33.2892,33.2892,53659.973442828,0
AOK.US,D,20190611,000000,33.3342,33.43,33.3242,33.3532,79125.281844594,0
AOK.US,D,20190612,000000,33.3082,33.41,33.2803,33.3162,37661.713685268,0
AOK.US,D,20190613,000000,33.3342,33.41,33.3152,33.39,102984.8504975,0
AOK.US,D,20190614,000000,33.4,33.404,33.3082,33.3622,83845.274651958,0
AOK.US,D,20190617,000000,33.3532,33.38,33.3082,33.3622,69946.90551479,0
AOK.US,D,20190618,000000,33.4988,33.5766,33.4988,33.5467,54683.356890762,0
AOK.US,D,20190619,000000,33.5666,33.6894,33.5188,33.6335,43489.286032268,0
AOK.US,D,20190620,000000,33.7941,33.8999,33.7841,33.843,65278.031763102,0
AOK.US,D,20190621,000000,33.7462,33.7751,33.7273,33.7273,97994.227395378,0
AOK.US,D,20190624,000000,33.7751,33.7961,33.7273,33.7662,56096.648430024,0
AOK.US,D,20190625,000000,33.8031,33.8031,33.6894,33.7083,74677.92400083,0
AOK.US,D,20190626,000000,33.7083,33.7562,33.6524,33.6624,152585.36951904,0
AOK.US,D,20190627,000000,33.6894,33.7562,33.6644,33.7562,76488.139972396,0
AOK.US,D,20190628,000000,33.7083,33.8131,33.7083,33.8131,32904.634504178,0
AOK.US,D,20190701,000000,33.8619,33.9687,33.8231,33.8709,57105.999196008,0
AOK.US,D,20190702,000000,33.8999,33.9487,33.8231,33.8899,85106.211358619,0
AOK.US,D,20190703,000000,33.9787,34.0315,33.9298,34.0076,30657.400723309,0
AOK.US,D,20190705,000000,33.8709,33.9687,33.8031,33.8899,42756.579567586,0
AOK.US,D,20190708,000000,33.8899,33.8899,33.8131,33.8619,44758.241414328,0
AOK.US,D,20190709,000000,33.7841,33.8231,33.7532,33.7841,38086.703481472,0
AOK.US,D,20190710,000000,33.8899,33.8899,33.843,33.8899,88589.323485523,0
AOK.US,D,20190711,000000,33.8899,33.8899,33.7841,33.833,127783.60650663,0
AOK.US,D,20190712,000000,33.843,33.8619,33.8231,33.8619,53054.563450124,0
AOK.US,D,20190715,000000,33.8799,33.9099,33.843,33.852,125313.85448341,0
AOK.US,D,20190716,000000,33.8899,33.8899,33.8031,33.843,99322.320508514,0
AOK.US,D,20190717,000000,33.8899,33.8899,33.7941,33.8899,47979.744256305,0
AOK.US,D,20190718,000000,33.852,33.9687,33.7941,33.9587,82906.087295725,0
AOK.US,D,20190719,000000,33.9298,33.9787,33.8619,33.8799,40692.772986494,0
AOK.US,D,20190722,000000,33.9198,33.9687,33.8809,33.9387,63248.30455246,0
AOK.US,D,20190723,000000,33.9298,33.9987,33.8899,33.9298,37646.678668893,0
AOK.US,D,20190724,000000,33.9198,34.0365,33.9198,33.9987,31621.646440167,0
AOK.US,D,20190725,000000,33.9987,33.9987,33.9298,33.9487,55516.296797944,0
AOK.US,D,20190726,000000,33.9987,33.9987,33.9487,33.9887,35532.75536655,0
AOK.US,D,20190729,000000,33.9987,34.0555,33.9587,34.0166,84343.434861187,0
AOK.US,D,20190730,000000,33.9387,33.9887,33.8999,33.9687,179944.08764965,0
AOK.US,D,20190731,000000,33.9487,33.9987,33.7941,33.8999,37900.26927842,0
AOK.US,D,20190801,000000,33.8899,34.0695,33.8899,33.9487,47886.527154779,0
AOK.US,D,20190802,000000,33.9587,33.9887,33.8131,33.8999,61146.409263216,0
AOK.US,D,20190805,000000,33.6604,33.7652,33.6026,33.7073,54747.506293962,0
AOK.US,D,20190806,000000,33.7652,33.8619,33.6784,33.8619,74399.275030679,0
AOK.US,D,20190807,000000,33.8131,33.9148,33.7362,33.833,28855.203427144,0
AOK.US,D,20190808,000000,33.9298,34.0325,33.8619,33.9687,144639.86453199,0
AOK.US,D,20190809,000000,34.0076,34.0156,33.9099,33.9387,60922.88868644,0
AOK.US,D,20190812,000000,33.8709,33.9387,33.852,33.8949,376157.0653516,0
AOK.US,D,20190813,000000,33.852,34.0076,33.833,33.9797,97392.826740373,0
AOK.US,D,20190814,000000,33.9099,33.9099,33.7751,33.7841,82574.314601047,0
AOK.US,D,20190815,000000,33.7652,33.9198,33.7652,33.9198,42175.225601081,0
AOK.US,D,20190816,000000,33.9099,34.0265,33.9099,34.0265,36035.927247904,0
AOK.US,D,20190819,000000,34.0905,34.0905,34.0265,34.0455,61756.830928047,0
AOK.US,D,20190820,000000,34.0455,34.0905,34.0215,34.0615,105610.96669102,0
AOK.US,D,20190821,000000,34.1193,34.1483,34.0815,34.1043,81478.763074513,0
AOK.US,D,20190822,000000,34.1393,34.1393,33.9987,34.0455,135224.9372779,0
AOK.US,D,20190823,000000,34.0365,34.0715,33.8959,33.9298,46805.008310196,0
AOK.US,D,20190826,000000,33.9987,34.0315,33.9487,34.0265,78667.215012364,0
AOK.US,D,20190827,000000,34.0455,34.1093,34.0166,34.0265,77123.619997851,0
AOK.US,D,20190828,000000,34.0076,34.1393,34.0076,34.1093,137727.76633713,0
AOK.US,D,20190829,000000,34.1683,34.2171,34.1553,34.2071,60043.841395707,0
AOK.US,D,20190830,000000,34.2071,34.3039,34.1483,34.2471,72242.25134806,0
AOK.US,D,20190903,000000,34.1871,34.2371,34.1293,34.2161,86922.441336734,0
AOK.US,D,20190904,000000,34.2949,34.4017,34.2471,34.3637,46307.850435391,0
AOK.US,D,20190905,000000,34.3727,34.3827,34.3139,34.3339,51928.941890839,0
AOK.US,D,20190906,000000,34.4287,34.4386,34.3339,34.4187,76808.886988399,0
AOK.US,D,20190909,000000,34.3727,34.4187,34.2949,34.3339,74247.922532502,0
AOK.US,D,20190910,000000,34.2849,34.2849,34.1583,34.2171,250210.73784602,0
AOK.US,D,20190911,000000,34.2271,34.2849,34.2171,34.2849,60652.258391688,0
AOK.US,D,20190912,000000,34.3727,34.3727,34.2749,34.2949,43598.540484593,0
AOK.US,D,20190913,000000,34.2949,34.3339,34.1683,34.1971,137221.58745251,0
AOK.US,D,20190916,000000,34.2171,34.2371,34.1683,34.2371,100158.26741898,0
AOK.US,D,20190917,000000,34.2071,34.2849,34.1783,34.2749,63042.825995333,0
AOK.US,D,20190918,000000,34.2271,34.3538,34.2171,34.2371,65008.403802774,0
AOK.US,D,20190919,000000,34.3239,34.3917,34.2651,34.3339,48194.243823257,0
AOK.US,D,20190920,000000,34.3727,34.4017,34.3339,34.3827,42738.537547936,0
AOK.US,D,20190923,000000,34.3917,34.4287,34.3239,34.3637,313215.47513319,0
AOK.US,D,20190924,000000,34.4187,34.4386,34.2849,34.3727,399107.51668102,0
AOK.US,D,20190925,000000,34.3239,34.3419,34.2471,34.2651,63181.148145983,0
AOK.US,D,20190926,000000,34.3339,34.3538,34.2919,34.3339,429742.86604698,0
AOK.US,D,20190927,000000,34.3139,34.3339,34.2371,34.2949,18689.527688708,0
AOK.US,D,20190930,000000,34.3139,34.3667,34.2561,34.3538,91437.957921397,0
AOK.US,D,20191001,000000,34.3139,34.3637,34.2371,34.2541,47080.650277073,0
AOK.US,D,20191002,000000,34.2651,34.2651,34.0715,34.0815,76266.624064469,0
AOK.US,D,20191003,000000,34.1393,34.2949,34.1193,34.2749,79576.332335848,0
AOK.US,D,20191004,000000,34.2651,34.4386,34.2651,34.4017,65217.891697601,0
AOK.US,D,20191007,000000,34.4017,34.4097,34.2949,34.3439,93221.110863487,0
AOK.US,D,20191008,000000,34.2849,34.3229,34.1783,34.2071,65255.980405751,0
AOK.US,D,20191009,000000,34.2949,34.2949,34.1971,34.2651,40775.96674377,0
AOK.US,D,20191010,000000,34.2849,34.2849,34.1703,34.2471,38285.165697624,0
AOK.US,D,20191011,000000,34.2471,34.3747,34.2471,34.3139,64898.147016023,0
AOK.US,D,20191014,000000,34.2849,34.3439,34.2651,34.3439,112233.39023704,0
AOK.US,D,20191015,000000,34.3727,34.4047,34.3139,34.3677,54481.887671335,0
AOK.US,D,20191016,000000,34.3339,34.4187,34.3299,34.4097,52203.581523291,0
AOK.US,D,20191017,000000,34.4097,34.4456,34.3767,34.4187,57906.864401589,0
AOK.US,D,20191018,000000,34.4187,34.4486,34.3827,34.4187,38682.090129927,0
AOK.US,D,20191021,000000,34.4486,34.4486,34.3727,34.4187,71692.972083156,0
AOK.US,D,20191022,000000,34.4017,34.4855,34.3917,34.4277,53996.757809631,0
AOK.US,D,20191023,000000,34.4187,34.5144,34.4187,34.4675,46846.10402162,0
AOK.US,D,20191024,000000,34.6132,34.6531,34.4865,34.5045,48530.025855635,0
AOK.US,D,20191025,000000,34.4675,34.5244,34.4675,34.4995,72528.918993613,0
AOK.US,D,20191028,000000,34.4945,34.5244,34.4685,34.4865,69171.098669834,0
AOK.US,D,20191029,000000,34.4945,34.5533,34.4855,34.5045,46856.127365871,0
AOK.US,D,20191030,000000,34.5344,34.5943,34.4855,34.5873,57515.953975836,0
AOK.US,D,20191031,000000,34.7189,34.7189,34.5633,34.6531,44937.659276405,0
AOK.US,D,20191101,000000,34.6232,34.7589,34.6232,34.7489,43048.258885264,0
AOK.US,D,20191104,000000,34.8167,34.8167,34.6731,34.6731,158074.15283038,0
AOK.US,D,20191105,000000,34.71,34.71,34.6132,34.6132,96877.626845918,0
AOK.US,D,20191106,000000,34.6232,34.682,34.6232,34.6731,60985.03342079,0
AOK.US,D,20191107,000000,34.7189,34.7189,34.6142,34.6431,59869.435205756,0
AOK.US,D,20191108,000000,34.6132,34.6431,34.5543,34.6232,107046.30958763,0
AOK.US,D,20191111,000000,34.5933,34.6331,34.5144,34.6331,72472.788265812,0
AOK.US,D,20191112,000000,34.6232,34.682,34.5344,34.6232,90359.446080088,0
AOK.US,D,20191113,000000,34.5733,34.6331,34.5733,34.5933,61164.451282866,0
AOK.US,D,20191114,000000,34.6431,34.7369,34.6242,34.71,67836.991550148,0
AOK.US,D,20191115,000000,34.7389,34.7848,34.6232,34.7788,74320.090611103,0
AOK.US,D,20191118,000000,34.8078,34.8616,34.7409,34.7878,88626.409859249,0
AOK.US,D,20191119,000000,34.8078,34.8367,34.7878,34.8078,92657.798916632,0
AOK.US,D,20191120,000000,34.7978,34.9015,34.7688,34.8367,74570.674217355,0
AOK.US,D,20191121,000000,34.7878,34.8167,34.71,34.7788,102287.22573769,0
AOK.US,D,20191122,000000,34.8367,34.8926,34.7189,34.7589,92689.873618232,0
AOK.US,D,20191125,000000,34.7978,34.9015,34.7978,34.9015,74736.059397481,0
AOK.US,D,20191126,000000,34.9414,34.9414,34.8466,34.8926,348543.75427704,0
AOK.US,D,20191127,000000,34.9414,34.9604,34.8586,34.9504,144591.75247959,0
AOK.US,D,20191129,000000,34.9414,34.9414,34.8646,34.8666,280420.09508134,0
AOK.US,D,20191202,000000,34.9015,34.9015,34.682,34.691,97500.076523849,0
AOK.US,D,20191203,000000,34.7499,34.8087,34.6541,34.7499,142313.44633155,0
AOK.US,D,20191204,000000,34.8177,34.8836,34.8177,34.8177,80514.517357655,0
AOK.US,D,20191205,000000,34.8476,34.8566,34.7299,34.8476,72349.501131536,0
AOK.US,D,20191206,000000,34.8566,34.9125,34.8177,34.8936,84021.68551076,0
AOK.US,D,20191209,000000,34.9225,34.9504,34.8836,34.8836,52960.344014172,0
AOK.US,D,20191210,000000,34.8746,34.9025,34.8566,34.8836,77511.52342033,0
AOK.US,D,20191211,000000,34.8656,35.0102,34.8656,35.0003,47290.138171899,0
AOK.US,D,20191212,000000,34.9704,35.0302,34.8836,35.0053,61392.983531769,0
AOK.US,D,20191213,000000,35.0492,35.135,35.0003,35.0592,43214.646399815,0
AOK.US,D,20191216,000000,35.165,35.1978,35.125,35.165,123536.71554787,0
AOK.US,D,20191217,000000,35.1938,35.2238,35.145,35.1748,75290.350334511,0
AOK.US,D,20191218,000000,35.1838,35.2038,35.115,35.135,135059.55209777,0
AOK.US,D,20191219,000000,35.135,35.1748,35.095,35.105,77391.243289329,0
AOK.US,D,20191220,000000,35.1748,35.2238,35.115,35.2038,70687.630654872,0
AOK.US,D,20191223,000000,35.2138,35.2418,35.165,35.1938,94541.185301224,0
AOK.US,D,20191224,000000,35.2038,35.2338,35.133,35.1748,42867.838688762,0
AOK.US,D,20191226,000000,35.2238,35.3016,35.2038,35.2716,61769.861275572,0
AOK.US,D,20191227,000000,35.3395,35.3584,35.2916,35.3196,116699.79243489,0
AOK.US,D,20191230,000000,35.2916,35.2916,35.1838,35.2716,78884.721582592,0
AOK.US,D,20191231,000000,35.2716,35.2826,35.1938,35.2518,83820.216291333,0
AOK.US,D,20200102,000000,35.2338,35.4174,35.2338,35.4174,182301.57821727,0
AOK.US,D,20200103,000000,35.3196,35.4084,35.155,35.3884,70281.685212744,0
AOK.US,D,20200106,000000,35.3395,35.3984,35.2936,35.3884,67894.124612374,0
AOK.US,D,20200107,000000,35.3884,35.3884,35.3395,35.3494,73448.059661345,0
AOK.US,D,20200108,000000,35.3494,35.3884,35.3306,35.3316,71010.382339725,0
AOK.US,D,20200109,000000,35.3884,35.4174,35.3405,35.4084,94536.173629099,0
AOK.US,D,20200110,000000,35.4174,35.4862,35.4174,35.4572,77148.678358476,0
AOK.US,D,20200113,000000,35.4672,35.5151,35.4084,35.5151,83257.906678903,0
AOK.US,D,20200114,000000,35.5151,35.535,35.4582,35.5151,56229.95890855,0
AOK.US,D,20200115,000000,35.4572,35.583,35.4572,35.545,48110.047731557,0
AOK.US,D,20200116,000000,35.5839,35.6418,35.555,35.6418,71472.458509654,0
AOK.US,D,20200117,000000,35.565,35.6807,35.565,35.6807,89681.868008783,0
AOK.US,D,20200121,000000,35.6907,35.6907,35.6138,35.6138,130515.97014921,0
AOK.US,D,20200122,000000,35.6518,35.7286,35.6518,35.6707,151256.27407148,0
AOK.US,D,20200123,000000,35.6997,35.7485,35.6238,35.7186,123250.04790232,0
AOK.US,D,20200124,000000,35.6907,35.7485,35.6338,35.6807,102675.12916017,0
AOK.US,D,20200127,000000,35.6608,35.6608,35.4822,35.535,109991.1681283,0
AOK.US,D,20200128,000000,35.574,35.6608,35.535,35.6138,199469.56224881,0
AOK.US,D,20200129,000000,35.6707,35.7386,35.545,35.6608,72170.083269459,0
AOK.US,D,20200130,000000,35.6238,35.6518,35.525,35.6418,66133.023027633,0
AOK.US,D,20200131,000000,35.6238,35.6238,35.4174,35.5071,552972.86726079,0
AOK.US,D,20200203,000000,35.535,35.5839,35.5071,35.5151,90964.856072794,0
AOK.US,D,20200204,000000,35.6029,35.7086,35.583,35.6508,68715.036506455,0
AOK.US,D,20200205,000000,35.7376,35.7575,35.6697,35.7376,77524.553767854,0
AOK.US,D,20200206,000000,35.8154,35.8214,35.7476,35.7575,45001.808679605,0
AOK.US,D,20200207,000000,35.7865,35.8154,35.7476,35.7815,63085.926375607,0
AOK.US,D,20200210,000000,35.8443,35.8733,35.7954,35.8733,93752.348108741,0
AOK.US,D,20200211,000000,35.9421,35.9611,35.8733,35.9022,48629.256963711,0
AOK.US,D,20200212,000000,35.9321,35.9611,35.9022,35.9221,61911.190429498,0
AOK.US,D,20200213,000000,35.9221,35.9611,35.8613,35.9221,38877.545342803,0
AOK.US,D,20200214,000000,35.981,35.981,35.8922,35.9421,57634.229437987,0
AOK.US,D,20200218,000000,35.8633,35.9521,35.8473,35.9321,74397.270361828,0
AOK.US,D,20200219,000000,35.9022,36.0009,35.9022,35.981,50683.040200553,0
AOK.US,D,20200220,000000,35.9521,36.0009,35.8733,35.981,57833.693988563,0
AOK.US,D,20200221,000000,35.8733,35.9611,35.8733,35.9321,56236.975249525,0
AOK.US,D,20200224,000000,35.6987,35.6987,35.554,35.573,107852.18646534,0
AOK.US,D,20200225,000000,35.6128,35.6498,35.2528,35.3276,162256.89438595,0
AOK.US,D,20200226,000000,35.3375,35.4472,35.2696,35.3176,204193.56439387,0
AOK.US,D,20200227,000000,35.0831,35.2118,34.9394,34.9394,238937.48256794,0
AOK.US,D,20200228,000000,34.6671,34.9873,34.5483,34.9873,247231.79993488,0
AOK.US,D,20200302,000000,34.9294,35.2796,34.9294,35.2796,205458.51043824,0
AOK.US,D,20200303,000000,35.3276,35.6128,35.113,35.1918,139316.46640078,0
AOK.US,D,20200304,000000,35.3964,35.539,35.2986,35.5051,83111.565852852,0
AOK.US,D,20200305,000000,35.3375,35.556,35.2218,35.3176,85284.626886271,0
AOK.US,D,20200306,000000,35.103,35.2996,35.096,35.2796,84204.110376111,0
AOK.US,D,20200309,000000,34.7349,34.9294,34.4027,34.4217,207251.68672457,0
AOK.US,D,20200310,000000,34.7249,34.7349,34.3459,34.5972,410570.21316542,0
AOK.US,D,20200311,000000,34.3558,34.3827,33.7223,33.7402,214583.76304351,0
AOK.US,D,20200312,000000,32.972,33.0598,28.2471,32.2517,473445.64931178,0
AOK.US,D,20200313,000000,32.1629,32.952,32.0452,32.952,222087.23854912,0
AOK.US,D,20200316,000000,31.8017,32.2617,30.6924,31.9574,647892.93497467,0
AOK.US,D,20200317,000000,31.8507,32.1141,31.5693,31.8995,347527.38717008,0
AOK.US,D,20200318,000000,31.247,31.5494,29.7465,30.7402,333875.59230147,0
AOK.US,D,20200319,000000,30.4878,31.0226,30.3511,30.7023,795139.87134611,0
AOK.US,D,20200320,000000,31.0126,31.3848,30.5746,30.8001,149429.01841469,0
AOK.US,D,20200323,000000,30.6724,31.266,30.3023,31.0126,384258.93450895,0
AOK.US,D,20200324,000000,31.3448,31.8706,31.257,31.7439,254029.63200529,0
AOK.US,D,20200325,000000,31.8407,32.4642,31.5793,32.2417,168527.4985488,0
AOK.US,D,20200326,000000,32.3784,33.0778,32.3784,33.0588,269476.6078291,0
AOK.US,D,20200327,000000,32.6887,33.0868,32.6099,32.8264,351923.62595817,0
AOK.US,D,20200330,000000,32.8463,33.1226,32.8124,33.0968,139855.72232143,0
AOK.US,D,20200331,000000,33.1666,33.1766,32.8922,32.9022,88411.910292297,0
AOK.US,D,20200401,000000,32.7086,32.963,32.561,32.6099,280493.26549437,0
AOK.US,D,20200402,000000,32.7286,32.9132,32.5121,32.9132,117153.84992942,0
AOK.US,D,20200403,000000,32.8264,32.9052,32.5121,32.5999,81909.766877266,0
AOK.US,D,20200406,000000,33.0608,33.3412,32.9361,33.3412,291456.79943511,0
AOK.US,D,20200407,000000,33.6165,33.6165,33.2474,33.3512,250032.32231836,0
AOK.US,D,20200408,000000,33.3042,33.6854,33.2863,33.5966,146061.17474666,0
AOK.US,D,20200409,000000,33.7253,34.1033,33.7253,34.0176,118050.9392398,0
AOK.US,D,20200413,000000,33.9987,33.9987,33.6993,33.7442,230740.39164022,0
AOK.US,D,20200414,000000,33.9587,34.1633,33.9587,34.1343,113136.49355398,0
AOK.US,D,20200415,000000,33.831,34.0375,33.7831,33.9587,148494.84273058,0
AOK.US,D,20200416,000000,33.9687,34.0475,33.8789,33.9587,370445.7637979,0
AOK.US,D,20200417,000000,34.0855,34.3009,34.0275,34.2021,411930.38098015,0
AOK.US,D,20200420,000000,33.9887,34.1633,33.9577,33.9987,280339.90832734,0
AOK.US,D,20200421,000000,33.9288,34.0017,33.6265,33.7741,232408.27612344,0
AOK.US,D,20200422,000000,33.9487,34.0595,33.851,33.9587,81818.554444591,0
AOK.US,D,20200423,000000,33.8699,34.1533,33.8699,34.0275,68236.922985727,0
AOK.US,D,20200424,000000,34.0655,34.1143,33.9387,34.0954,71055.48738885,0
AOK.US,D,20200427,000000,34.1921,34.2611,34.1243,34.2221,430032.54069581,0
AOK.US,D,20200428,000000,34.2909,34.5135,34.1733,34.2321,312902.74679259,0
AOK.US,D,20200429,000000,34.4935,34.6321,34.3977,34.5533,403429.58272165,0
AOK.US,D,20200430,000000,34.3199,34.4825,34.2611,34.4077,178727.25365769,0
AOK.US,D,20200501,000000,34.1243,34.2511,33.9787,34.0755,764413.30954748,0
AOK.US,D,20200504,000000,34.0755,34.1243,33.9787,34.1243,307869.0233102,0
AOK.US,D,20200505,000000,34.1243,34.2809,34.1243,34.1733,295436.0671024,0
AOK.US,D,20200506,000000,34.1832,34.2121,33.9787,33.9987,94522.140947148,0
AOK.US,D,20200507,000000,34.0755,34.271,34.0755,34.2221,138126.69543829,0
AOK.US,D,20200508,000000,34.2511,34.3877,34.2511,34.3099,262130.49882821,0
AOK.US,D,20200511,000000,34.2221,34.3498,34.2221,34.3299,128089.31850625,0
AOK.US,D,20200512,000000,34.3099,34.3947,34.1733,34.1733,369410.35233687,0
AOK.US,D,20200513,000000,34.2611,34.2611,33.9887,34.0655,140497.21635343,0
AOK.US,D,20200514,000000,33.9487,34.1533,33.8011,34.1533,83425.29652788,0
AOK.US,D,20200515,000000,34.1533,34.1832,34.0375,34.1832,48334.570642758,0
AOK.US,D,20200518,000000,34.4845,34.5633,34.4077,34.5144,238823.21644349,0
AOK.US,D,20200519,000000,34.4167,34.5633,34.3877,34.4655,154917.80172603,0
AOK.US,D,20200520,000000,34.6132,34.7309,34.5633,34.6631,124398.72315338,0
AOK.US,D,20200521,000000,34.7309,34.8486,34.5733,34.6731,105372.41109787,0
AOK.US,D,20200522,000000,34.6531,34.6531,34.5214,34.6431,39438.852620808,0
AOK.US,D,20200526,000000,34.7908,34.9185,34.7309,34.8676,208869.45448654,0
AOK.US,D,20200527,000000,34.8586,35.0342,34.8257,35.0142,610489.82357106,0
AOK.US,D,20200528,000000,35.091,35.151,34.9464,35.0342,165750.0298571,0
AOK.US,D,20200529,000000,34.9554,35.141,34.9235,35.121,128132.41888653,0
AOK.US,D,20200601,000000,35.121,35.2776,35.121,35.161,125139.44829346,0
AOK.US,D,20200602,000000,35.2576,35.3366,35.2268,35.3266,208232.97212666,0
AOK.US,D,20200603,000000,35.4642,35.553,35.4342,35.5131,398386.83822944,0
AOK.US,D,20200604,000000,35.4542,35.4852,35.3554,35.4154,158454.03757746,0
AOK.US,D,20200605,000000,35.7376,35.7675,35.6398,35.7176,409914.68645147,0
AOK.US,D,20200608,000000,35.7775,35.9131,35.7176,35.9131,276671.36433182,0
AOK.US,D,20200609,000000,35.8164,35.8743,35.7376,35.8254,167606.35321222,0
AOK.US,D,20200610,000000,35.8543,35.9032,35.7116,35.7476,114466.59133597,0
AOK.US,D,20200611,000000,35.5231,35.5231,35.0342,35.0342,136463.8226272,0
AOK.US,D,20200612,000000,35.4442,35.4442,35.0722,35.3266,97018.955999845,0
AOK.US,D,20200615,000000,35.0532,35.4482,34.9943,35.3554,107813.09542276,0
AOK.US,D,20200616,000000,35.7176,35.7176,35.4692,35.572,104430.21673835,0
AOK.US,D,20200617,000000,35.572,35.6588,35.4952,35.5041,303586.04831214,0
AOK.US,D,20200618,000000,35.4154,35.5919,35.3076,35.5919,181579.89743125,0
AOK.US,D,20200619,000000,35.6218,35.7376,35.4442,35.553,226530.58705519,0
AOK.US,D,20200622,000000,35.572,35.6318,35.4942,35.6318,191073.00677052,0
AOK.US,D,20200623,000000,35.7675,35.7675,35.6218,35.6687,315017.67242936,0
AOK.US,D,20200624,000000,35.582,35.6019,35.2388,35.4054,200036.88353336,0
AOK.US,D,20200625,000000,35.3654,35.553,35.3076,35.553,79207.473267444,0
AOK.US,D,20200626,000000,35.543,35.543,35.2576,35.3464,292838.01627277,0
AOK.US,D,20200629,000000,35.2876,35.4333,35.2388,35.3754,128386.00949606,0
AOK.US,D,20200630,000000,35.4742,35.6119,35.4054,35.6019,192975.43750918,0
AOK.US,D,20200701,000000,35.563,35.6498,35.5231,35.6498,116695.78309718,0
AOK.US,D,20200702,000000,35.7076,35.8753,35.6687,35.6977,128607.52540398,0
AOK.US,D,20200706,000000,35.9241,36.0618,35.8852,35.9241,172761.35916004,0
AOK.US,D,20200707,000000,35.8074,35.993,35.8074,35.9141,146012.06035983,0
AOK.US,D,20200708,000000,35.9141,36.0129,35.8174,36.0029,137782.89473052,0
AOK.US,D,20200709,000000,36.0319,36.0519,35.7974,35.983,126347.26127559,0
AOK.US,D,20200710,000000,35.9341,36.0419,35.8214,36.0419,98594.625715958,0
AOK.US,D,20200713,000000,35.9441,36.1795,35.8264,35.8413,106151.22494609,0
AOK.US,D,20200714,000000,35.8174,36.1197,35.8174,36.1197,112056.97937825,0
AOK.US,D,20200715,000000,36.1895,36.2394,36.1217,36.1895,134007.10095151,0
AOK.US,D,20200716,000000,36.2394,36.2394,36.1107,36.1895,113714.84051721,0
AOK.US,D,20200717,000000,36.2793,36.3093,36.1745,36.2993,66140.039368609,0
AOK.US,D,20200720,000000,36.3093,36.4529,36.2593,36.3281,142334.49535448,0
AOK.US,D,20200721,000000,36.5028,36.5227,36.4041,36.4229,118320.56720013,0
AOK.US,D,20200722,000000,36.4928,36.5427,36.4529,36.4629,118129.12132495,0
AOK.US,D,20200723,000000,36.4928,36.6055,36.3751,36.4429,98098.470175579,0
AOK.US,D,20200724,000000,36.3951,36.4011,36.2793,36.3651,107229.73678741,0
AOK.US,D,20200727,000000,36.3751,36.4729,36.3651,36.4729,185969.11987837,0
AOK.US,D,20200728,000000,36.5227,36.5227,36.3551,36.3951,65851.367054206,0
AOK.US,D,20200729,000000,36.3851,36.6105,36.3651,36.6105,131950.31071139,0
AOK.US,D,20200730,000000,36.4629,36.5327,36.3281,36.5327,107649.71491148,0
AOK.US,D,20200731,000000,36.4829,36.5327,36.3281,36.4729,65459.454294028,0
AOK.US,D,20200803,000000,36.4429,36.6005,36.4429,36.5427,85555.257181023,0
AOK.US,D,20200804,000000,36.5527,36.7003,36.5427,36.6903,130567.08920488,0
AOK.US,D,20200805,000000,36.6903,36.7761,36.6903,36.7303,315254.22335366,0
AOK.US,D,20200806,000000,36.6604,36.842,36.6604,36.828,57545.021674161,0
AOK.US,D,20200807,000000,36.7801,36.9048,36.7003,36.7801,62022.449550674,0
AOK.US,D,20200810,000000,36.7801,36.846,36.7213,36.7801,99751.319642417,0
AOK.US,D,20200811,000000,36.7402,36.854,36.6305,36.6804,161130.27049223,0
AOK.US,D,20200812,000000,36.7901,36.861,36.7402,36.828,65392.297887552,0
AOK.US,D,20200813,000000,36.8001,36.837,36.6505,36.7303,118861.82778963,0
AOK.US,D,20200814,000000,36.6903,36.7203,36.5726,36.6804,282875.81442261,0
AOK.US,D,20200817,000000,36.6604,36.7901,36.6604,36.7003,129561.7477766,0
AOK.US,D,20200818,000000,36.837,36.854,36.7233,36.7303,62733.104658005,0
AOK.US,D,20200819,000000,36.855,36.855,36.7003,36.7103,109780.67789906,0
AOK.US,D,20200820,000000,36.7003,36.7672,36.5427,36.6604,125044.22652308,0
AOK.US,D,20200821,000000,36.7203,36.7702,36.6005,36.7003,75869.699632166,0
AOK.US,D,20200824,000000,36.8001,36.8949,36.7692,36.846,217769.18184619,0
AOK.US,D,20200825,000000,36.9148,36.9946,36.7662,36.7901,101459.29750263,0
AOK.US,D,20200826,000000,36.8949,36.9846,36.8001,36.9846,62992.709274082,0
AOK.US,D,20200827,000000,37.0535,37.0535,36.828,36.8849,93754.352777592,0
AOK.US,D,20200828,000000,36.9747,37.0036,36.837,36.9946,60402.67711986,0
AOK.US,D,20200831,000000,36.9747,37.0136,36.8001,36.9547,494758.28619073,0
AOK.US,D,20200901,000000,36.9148,37.0724,36.9148,37.0425,140555.35175009,0
AOK.US,D,20200902,000000,37.2002,37.288,37.0525,37.279,92918.405867135,0
AOK.US,D,20200903,000000,37.259,37.259,36.8001,36.8849,136515.9440173,0
AOK.US,D,20200904,000000,36.7003,36.8101,36.5028,36.7303,124487.9309172,0
AOK.US,D,20200908,000000,36.7003,36.7003,36.414,36.4629,137908.18653364,0
AOK.US,D,20200909,000000,36.6505,36.7901,36.5796,36.7103,108062.67669459,0
AOK.US,D,20200910,000000,36.7103,36.7901,36.4529,36.5327,73980.299241025,0
AOK.US,D,20200911,000000,36.6405,36.7303,36.4729,36.5816,62440.423005902,0
AOK.US,D,20200914,000000,36.6305,36.7801,36.6305,36.7402,78733.369084415,0
AOK.US,D,20200915,000000,36.837,36.8849,36.8001,36.819,377509.21449094,0
AOK.US,D,20200916,000000,36.9448,36.9448,36.8001,36.846,89027.343629252,0
AOK.US,D,20200917,000000,36.7203,36.8001,36.6505,36.7402,90799.470892667,0
AOK.US,D,20200918,000000,36.7003,36.7881,36.5327,36.6105,152992.31729559,0
AOK.US,D,20200921,000000,36.3851,36.5527,36.2195,36.3651,296542.6443076,0
AOK.US,D,20200922,000000,36.3093,36.4229,36.2493,36.414,109193.30992599,0
AOK.US,D,20200923,000000,36.3751,36.414,36.1197,36.1695,88938.135865427,0
AOK.US,D,20200924,000000,36.0419,36.2533,36.0129,36.1895,86046.401049277,0
AOK.US,D,20200925,000000,36.1007,36.3093,36.0129,36.3093,57481.874605386,0
AOK.US,D,20200928,000000,36.414,36.5127,36.412,36.4928,133601.15550937,0
AOK.US,D,20200929,000000,36.5227,36.5277,36.4439,36.4829,251090.78747117,0
AOK.US,D,20200930,000000,36.4829,36.5856,36.4529,36.4729,71724.044450331,0
AOK.US,D,20201001,000000,36.4629,36.6305,36.4629,36.5906,69880.75144274,0
AOK.US,D,20201002,000000,36.4968,36.5467,36.408,36.5467,186240.75250754,0
AOK.US,D,20201005,000000,36.5946,36.7043,36.5467,36.7043,134498.24481976,0
AOK.US,D,20201006,000000,36.7043,36.7841,36.5467,36.5766,91587.305750723,0
AOK.US,D,20201007,000000,36.5766,36.7442,36.5766,36.7243,76887.06907355,0
AOK.US,D,20201008,000000,36.822,36.8799,36.7662,36.86,73633.491529972,0
AOK.US,D,20201009,000000,36.9298,36.9597,36.86,36.9398,119105.39505491,0
AOK.US,D,20201012,000000,36.9996,37.1752,36.9996,37.1562,83290.983714928,0
AOK.US,D,20201013,000000,36.9896,37.1114,36.9896,36.9996,237636.45248428,0
AOK.US,D,20201014,000000,37.1064,37.1064,36.9697,36.9697,105134.85783913,0
AOK.US,D,20201015,000000,37.0674,37.0674,36.7841,36.9498,107402.13830851,0
AOK.US,D,20201016,000000,37.0186,37.0386,36.9198,36.9697,467276.28092584,0
AOK.US,D,20201019,000000,36.9996,36.9996,36.7742,36.8041,75086.876446234,0
AOK.US,D,20201020,000000,36.7841,36.9288,36.7841,36.85,88349.765557946,0
AOK.US,D,20201021,000000,36.832,36.9198,36.7841,36.8041,250415.21406872,0
AOK.US,D,20201022,000000,36.8141,36.8141,36.6744,36.7243,95680.839542458,0
AOK.US,D,20201023,000000,36.86,36.8699,36.7542,36.8699,66157.079053834,0
AOK.US,D,20201026,000000,36.7742,36.8141,36.5467,36.6744,127846.75357541,0
AOK.US,D,20201027,000000,36.6943,36.7143,36.6345,36.6744,89739.001071008,0
AOK.US,D,20201028,000000,36.4869,36.5117,36.1526,36.1526,136685.33853513,0
AOK.US,D,20201029,000000,36.1427,36.3691,36.1427,36.3223,215248.31076729,0
AOK.US,D,20201030,000000,36.2225,36.2523,36.0349,36.1925,170278.57678929,0
AOK.US,D,20201102,000000,36.3691,36.3691,36.2225,36.2923,140478.17199936,0
AOK.US,D,20201103,000000,36.4369,36.5267,36.2623,36.5067,189351.99856278,0
AOK.US,D,20201104,000000,36.5467,36.9098,36.5467,36.832,112877.89127233,0
AOK.US,D,20201105,000000,36.9198,37.1064,36.9198,37.0724,227373.55030662,0
AOK.US,D,20201106,000000,37.0774,37.0774,36.9298,37.0186,143574.38303821,0
AOK.US,D,20201109,000000,37.4016,37.8486,37.1314,37.1363,422135.14776116,0
AOK.US,D,20201110,000000,37.1952,37.1952,37.0674,37.1363,155135.30829626,0
AOK.US,D,20201111,000000,37.244,37.264,37.1572,37.264,115697.45800988,0
AOK.US,D,20201112,000000,37.244,37.274,37.1164,37.1662,155846.96573802,0
AOK.US,D,20201113,000000,37.1662,37.3718,37.1662,37.3128,118359.6582427,0
AOK.US,D,20201116,000000,37.4616,37.5014,37.3957,37.4616,169576.94269178,0
AOK.US,D,20201117,000000,37.3818,37.5464,37.3228,37.4616,115363.68064635,0
AOK.US,D,20201118,000000,37.5902,37.5902,37.4116,37.4516,106957.1018238,0
AOK.US,D,20201119,000000,37.4116,37.5404,37.3548,37.5304,278721.13823095,0
AOK.US,D,20201120,000000,37.5404,37.5802,37.4756,37.5114,160538.89318148,0
AOK.US,D,20201123,000000,37.5902,37.674,37.5114,37.5304,142359.55371511,0
AOK.US,D,20201124,000000,37.6581,37.7549,37.5802,37.717,132261.03438314,0
AOK.US,D,20201125,000000,37.6581,37.7549,37.6282,37.697,85956.190951026,0
AOK.US,D,20201127,000000,37.7848,37.9524,37.7449,37.7748,38533.744635025,0
AOK.US,D,20201130,000000,37.8536,37.8536,37.6082,37.687,193668.05059686,0
AOK.US,D,20201201,000000,37.707,37.8536,37.707,37.8048,347078.34134768,0
AOK.US,D,20201202,000000,37.9723,37.9723,37.6581,37.7459,130212.26281843,0
AOK.US,D,20201203,000000,37.687,37.8636,37.687,37.8048,171315.99291917,0
AOK.US,D,20201204,000000,37.8147,37.8636,37.7549,37.8536,180852.2026387,0
AOK.US,D,20201207,000000,37.7948,37.8836,37.7948,37.8536,98052.362792028,0
AOK.US,D,20201208,000000,37.8636,37.9424,37.8347,37.8447,113153.5332392,0
AOK.US,D,20201209,000000,37.9913,37.9913,37.7319,37.8536,105158.91386534,0
AOK.US,D,20201210,000000,37.7948,37.9105,37.7648,37.8347,141193.83877882,0
AOK.US,D,20201211,000000,37.8636,37.9035,37.8048,37.9035,125193.57435241,0
AOK.US,D,20201214,000000,37.9524,37.9763,37.8247,37.8736,69417.672938387,0
AOK.US,D,20201215,000000,37.9035,38.0003,37.8836,38.0003,92589.640175732,0
AOK.US,D,20201216,000000,38.0502,38.0601,37.9335,38.0302,114410.46060817,0
AOK.US,D,20201217,000000,38.0003,38.1689,38.0003,38.0701,144051.49422452,0
AOK.US,D,20201218,000000,38.0402,38.0991,38.0103,38.0701,104632.68829221,0
AOK.US,D,20201221,000000,37.9335,38.0003,37.8048,37.9624,117690.09884679,0
AOK.US,D,20201222,000000,37.9723,38.0003,37.8836,37.8836,168785.09849603,0
AOK.US,D,20201223,000000,38.0103,38.0502,37.9095,37.9723,202774.25884806,0
AOK.US,D,20201224,000000,38.0402,38.0701,37.9913,37.9913,559134.21697132,0
AOK.US,D,20201228,000000,38.0502,38.1599,38.0502,38.1499,142124.00512523,0
AOK.US,D,20201229,000000,38.2487,38.2887,38.0801,38.1899,470446.66471215,0
AOK.US,D,20201230,000000,38.3085,38.3085,38.1799,38.1799,120361.32008944,0
AOK.US,D,20201231,000000,38.2197,38.2887,38.1899,38.2487,98146.582227979,0
AOK.US,D,20210104,000000,38.2287,38.3475,38.0901,38.1899,209267.38125327,0
AOK.US,D,20210105,000000,38.2098,38.3175,38.1499,38.3085,475746.00681717,0
AOK.US,D,20210106,000000,38.1799,38.3275,38.129,38.2587,210922.23538896,0
AOK.US,D,20210107,000000,38.2887,38.3725,38.2587,38.3485,170885.99145084,0
AOK.US,D,20210108,000000,38.4163,38.4652,38.3165,38.4463,155492.13935157,0
AOK.US,D,20210111,000000,38.3175,38.3175,38.2587,38.2887,152303.71354561,0
AOK.US,D,20210112,000000,38.2197,38.3275,38.1949,38.3275,122675.71027678,0
AOK.US,D,20210113,000000,38.3475,38.4453,38.3085,38.4163,148823.60842199,0
AOK.US,D,20210114,000000,38.3575,38.5451,38.3575,38.4463,387457.38365914,0
AOK.US,D,20210115,000000,38.4063,38.4263,38.2487,38.3175,188403.79019672,0
AOK.US,D,20210119,000000,38.4363,38.4652,38.3275,38.4652,146054.15840569,0
AOK.US,D,20210120,000000,38.5151,38.6837,38.4851,38.6049,133999.0822761,0
AOK.US,D,20210121,000000,38.6249,38.6837,38.5151,38.5451,228528.23956423,0
AOK.US,D,20210122,000000,38.5251,38.5271,38.4263,38.5051,137436.08701946,0
AOK.US,D,20210125,000000,38.5451,38.6049,38.4263,38.6049,141730.0876962,0
AOK.US,D,20210126,000000,38.6737,38.7047,38.5451,38.5649,114122.79062818,0
AOK.US,D,20210127,000000,38.5151,38.5151,38.1799,38.2487,174641.73854135,0
AOK.US,D,20210128,000000,38.2387,38.4093,38.2387,38.2787,89996.601018235,0
AOK.US,D,20210129,000000,38.2287,38.2287,38.0103,38.0801,139785.55891168,0
AOK.US,D,20210201,000000,38.1799,38.2887,38.1001,38.2287,356820.02962434,0
AOK.US,D,20210202,000000,38.4063,38.4063,38.2587,38.3675,128595.49739089,0
AOK.US,D,20210203,000000,38.3675,38.4043,38.3095,38.3475,126870.47984544,0
AOK.US,D,20210204,000000,38.3775,38.4652,38.3475,38.4652,83401.240501679,0
AOK.US,D,20210205,000000,38.4951,38.5351,38.4652,38.5151,90801.475561517,0
AOK.US,D,20210208,000000,38.5151,38.6049,38.5131,38.5949,106970.13217133,0
AOK.US,D,20210209,000000,38.5351,38.6737,38.5351,38.6438,110906.29945834,0
AOK.US,D,20210210,000000,38.6049,38.7326,38.5949,38.6149,110252.77741323,0
AOK.US,D,20210211,000000,38.6737,38.7415,38.6149,38.7116,99785.399012868,0
AOK.US,D,20210212,000000,38.6837,38.7116,38.6149,38.7116,164357.78734077,0
AOK.US,D,20210216,000000,38.7116,38.7316,38.5949,38.6338,112327.609673,0
AOK.US,D,20210217,000000,38.555,38.6438,38.5051,38.6438,106798.73298465,0
AOK.US,D,20210218,000000,38.4951,38.6079,38.4063,38.5151,81237.200478086,0
AOK.US,D,20210219,000000,38.4751,38.6149,38.4463,38.4751,118789.65971103,0
AOK.US,D,20210222,000000,38.4063,38.4203,38.2986,38.2986,126740.1763702,0
AOK.US,D,20210223,000000,38.1899,38.3873,38.1001,38.3375,183691.81606475,0
AOK.US,D,20210224,000000,38.2287,38.4363,38.13,38.4263,106355.70116879,0
AOK.US,D,20210225,000000,38.3575,38.3873,37.8137,37.9335,195467.24088975,0
AOK.US,D,20210226,000000,37.9424,38.0601,37.7638,38.0003,128411.06785669,0
AOK.US,D,20210301,000000,38.13,38.3085,38.0701,38.2387,113503.34795353,0
AOK.US,D,20210302,000000,38.2287,38.2587,38.134,38.1399,145753.45807818,0
AOK.US,D,20210303,000000,38.12,38.12,37.9773,37.9823,119390.05803161,0
AOK.US,D,20210304,000000,37.9823,38.0591,37.6471,37.7449,306177.08280079,0
AOK.US,D,20210305,000000,37.8337,37.8935,37.5584,37.8935,105152.89985878,0
AOK.US,D,20210308,000000,37.8536,37.9424,37.716,37.7359,93224.117866762,0
AOK.US,D,20210309,000000,37.7359,38.0701,37.6471,38.0003,360718.1082032,0
AOK.US,D,20210310,000000,38.0801,38.13,37.9524,38.12,136497.90199765,0
AOK.US,D,20210311,000000,38.1899,38.3175,38.1499,38.2687,113444.21022246,0
AOK.US,D,20210312,000000,38.13,38.1399,38.0253,38.1399,106298.56810657,0
AOK.US,D,20210315,000000,38.1599,38.1899,38.0771,38.1699,638191.34007501,0
AOK.US,D,20210316,000000,38.1999,38.3085,38.1499,38.1699,131465.18084969,0
AOK.US,D,20210317,000000,38.13,38.3175,38.0253,38.2487,111262.12817921,0
AOK.US,D,20210318,000000,38.1001,38.1499,37.9235,37.9424,168198.73285739,0
AOK.US,D,20210319,000000,37.9913,38.0502,37.8686,38.0402,93601.99794499,0
AOK.US,D,20210322,000000,38.0402,38.1699,38.0282,38.0901,89203.754488054,0
AOK.US,D,20210323,000000,38.13,38.13,37.9624,38.0103,87541.88401139,0
AOK.US,D,20210324,000000,38.0402,38.0651,37.9235,37.9624,77445.369348279,0
AOK.US,D,20210325,000000,37.9624,38.0442,37.8706,38.0302,92094.486969778,0
AOK.US,D,20210326,000000,38.0402,38.1999,37.9913,38.1999,119034.22931073,0
AOK.US,D,20210329,000000,38.0901,38.1999,38.0302,38.0901,135218.92327134,0
AOK.US,D,20210330,000000,38.0003,38.13,37.9933,38.0701,42098.045850356,0
AOK.US,D,20210331,000000,38.1399,38.2098,38.1081,38.1499,242790.45609768,0
AOK.US,D,20210401,000000,38.1799,38.3475,38.1799,38.3175,402469.3463425,0
AOK.US,D,20210405,000000,38.3775,38.5151,38.3675,38.4951,754937.23989345,0
AOK.US,D,20210406,000000,38.555,38.555,38.4363,38.5051,660174.5386843,0
AOK.US,D,20210407,000000,38.5051,38.554,38.4463,38.5051,264889.92550026,0
AOK.US,D,20210408,000000,38.5849,38.6249,38.5451,38.6249,245612.02750407,0
AOK.US,D,20210409,000000,38.5949,38.6537,38.5241,38.6537,89968.535654334,0
AOK.US,D,20210412,000000,38.5949,38.6249,38.5251,38.5849,574285.50413975,0
AOK.US,D,20210413,000000,38.6149,38.6927,38.559,38.6927,156688.92665502,0
AOK.US,D,20210414,000000,38.6438,38.7226,38.6249,38.6637,129972.70489085,0
AOK.US,D,20210415,000000,38.7226,38.9042,38.7226,38.8912,107610.62386891,0
AOK.US,D,20210416,000000,38.8214,38.9112,38.7755,38.9112,139691.33947573,0
AOK.US,D,20210419,000000,38.7915,38.9481,38.7525,38.7725,151075.85387497,0
AOK.US,D,20210420,000000,38.7915,38.7915,38.6338,38.6537,136264.35807663,0
AOK.US,D,20210421,000000,38.7027,38.8713,38.6338,38.8713,72015.723768008,0
AOK.US,D,20210422,000000,38.8912,38.8912,38.7256,38.8014,95516.456696756,0
AOK.US,D,20210423,000000,38.8114,38.96,38.8114,38.8812,116302.86800258,0
AOK.US,D,20210426,000000,38.989,38.989,38.9022,38.9301,72665.236475414,0
AOK.US,D,20210427,000000,38.8313,38.9112,38.8114,38.8114,85193.414453595,0
AOK.US,D,20210428,000000,38.8014,38.9501,38.8014,38.8613,110897.27844851,0
AOK.US,D,20210429,000000,38.9501,38.96,38.7994,38.9012,71242.923926327,0
AOK.US,D,20210430,000000,38.9012,38.9012,38.7625,38.8313,74207.829155502,0
AOK.US,D,20210503,000000,38.969,38.969,38.8393,38.8613,89684.875012058,0
AOK.US,D,20210504,000000,38.8613,38.8762,38.6547,38.8114,106370.73618517,0
AOK.US,D,20210505,000000,38.8713,38.8912,38.8194,38.8313,47402.3996275,0
AOK.US,D,20210506,000000,38.8912,38.9401,38.8014,38.9401,113945.37743496,0
AOK.US,D,20210507,000000,38.9501,39.1286,38.9501,39.0888,125938.30883019,0
AOK.US,D,20210510,000000,39.0987,39.0987,38.8912,38.9211,147991.67084923,0
AOK.US,D,20210511,000000,38.7825,38.7825,38.6338,38.7625,78731.364415565,0
AOK.US,D,20210512,000000,38.6438,38.6438,38.3775,38.3873,87984.915827243,0
AOK.US,D,20210513,000000,38.4563,38.6049,38.4563,38.5749,140459.12764529,0
AOK.US,D,20210514,000000,38.7027,38.8214,38.6488,38.7226,141558.68850952,0
AOK.US,D,20210517,000000,38.7425,38.7625,38.6577,38.7525,61971.330494998,0
AOK.US,D,20210518,000000,38.8513,38.8513,38.7126,38.7326,144204.85139154,0
AOK.US,D,20210519,000000,38.6049,38.6637,38.5451,38.6438,65640.876824955,0
AOK.US,D,20210520,000000,38.6438,38.8613,38.6438,38.8313,56256.0196036,0
AOK.US,D,20210521,000000,38.8713,38.9301,38.7785,38.8413,80100.553240126,0
AOK.US,D,20210524,000000,38.9211,38.96,38.8623,38.8912,132391.33785839,0
AOK.US,D,20210525,000000,39.0289,39.0289,38.9401,38.9401,92142.599022178,0
AOK.US,D,20210526,000000,39.0389,39.0788,38.969,39.0389,104245.78720415,0
AOK.US,D,20210527,000000,39.0688,39.0938,38.96,39.0389,64948.263737273,0
AOK.US,D,20210528,000000,39.0987,39.1286,39.0089,39.0488,128887.17670856,0
AOK.US,D,20210601,000000,39.1187,39.2064,39.0389,39.1087,88188.38971552,0
AOK.US,D,20210602,000000,39.1187,39.1286,39.0588,39.1286,96956.811265494,0
AOK.US,D,20210603,000000,39.0389,39.0389,38.9112,39.0089,63200.192500059,0
AOK.US,D,20210604,000000,39.1586,39.2164,39.0658,39.2164,65671.949192129,0
AOK.US,D,20210607,000000,39.1286,39.2164,39.1187,39.1965,77204.809086277,0
AOK.US,D,20210608,000000,39.2863,39.2962,39.1776,39.2264,67397.969071995,0
AOK.US,D,20210609,000000,39.376,39.376,39.2064,39.2664,196833.42271104,0
AOK.US,D,20210610,000000,39.1486,39.3362,39.1486,39.3062,85205.442466694,0
AOK.US,D,20210611,000000,39.386,39.392,39.2863,39.2962,59050.527980524,0
AOK.US,D,20210614,000000,39.2962,39.3362,39.2664,39.3362,111463.59739864,0
AOK.US,D,20210615,000000,39.2664,39.3362,39.2264,39.2264,151000.6787931,0
AOK.US,D,20210616,000000,39.2264,39.3262,39.1087,39.1676,132516.62966151,0
AOK.US,D,20210617,000000,39.1386,39.2464,39.0987,39.1965,65610.806792204,0
AOK.US,D,20210618,000000,39.0987,39.1187,39.0089,39.0888,78603.065609164,0
AOK.US,D,20210621,000000,39.0987,39.1676,39.0189,39.0888,52600.505955594,0
AOK.US,D,20210622,000000,39.1087,39.2264,39.0398,39.2064,56668.981386703,0
AOK.US,D,20210623,000000,39.2264,39.2464,39.1187,39.1187,101721.90912198,0
AOK.US,D,20210624,000000,39.2064,39.2962,39.1965,39.2863,84974.905548943,0
AOK.US,D,20210625,000000,39.3062,39.3312,39.2064,39.2164,88992.261924377,0
AOK.US,D,20210628,000000,39.3462,39.3462,39.2764,39.3162,113182.60093753,0
AOK.US,D,20210629,000000,39.3262,39.3362,39.2863,39.3162,106009.89579217,0
AOK.US,D,20210630,000000,39.3462,39.3562,39.2823,39.3362,122078.31895948,0
AOK.US,D,20210701,000000,39.3562,39.385,39.2863,39.376,60139.063166083,0
AOK.US,D,20210702,000000,39.3562,39.4848,39.3512,39.4848,81005.661225909,0
AOK.US,D,20210706,000000,39.4848,39.4888,39.398,39.405,64208.540931617,0
AOK.US,D,20210707,000000,39.5238,39.5736,39.4748,39.5337,119046.25732383,0
AOK.US,D,20210708,000000,39.376,39.4848,39.2972,39.4748,126989.75764203,0
AOK.US,D,20210709,000000,39.4748,39.5636,39.431,39.5636,100197.35846155,0
AOK.US,D,20210712,000000,39.4549,39.5936,39.4549,39.5936,79529.222617871,0
AOK.US,D,20210713,000000,39.5836,39.5836,39.4549,39.4848,51752.531032037,0
AOK.US,D,20210714,000000,39.5238,39.6116,39.5208,39.6036,58990.387915023,0
AOK.US,D,20210715,000000,39.5636,39.5826,39.4948,39.5636,69275.341450035,0
AOK.US,D,20210716,000000,39.5736,39.5736,39.435,39.4748,69630.167836488,0
AOK.US,D,20210719,000000,39.445,39.445,39.2863,39.3062,151437.6966024,0
AOK.US,D,20210720,000000,39.445,39.5238,39.377,39.5048,100366.75297937,0
AOK.US,D,20210721,000000,39.4948,39.5636,39.4568,39.5636,50556.746063002,0
AOK.US,D,20210722,000000,39.5836,39.6225,39.5088,39.6136,43126.440970415,0
AOK.US,D,20210723,000000,39.5238,39.6914,39.5238,39.6914,64184.484905417,0
AOK.US,D,20210726,000000,39.6514,39.6764,39.5636,39.6714,60244.308280708,0
AOK.US,D,20210727,000000,39.6514,39.6514,39.5248,39.6514,103973.15224055,0
AOK.US,D,20210728,000000,39.6315,39.7213,39.5496,39.7213,135064.56376989,0
AOK.US,D,20210729,000000,39.7312,39.7612,39.6914,39.7612,57863.764021313,0
AOK.US,D,20210730,000000,39.7013,39.7312,39.6524,39.7213,51093.997314807,0
AOK.US,D,20210802,000000,39.7612,39.841,39.7312,39.7811,79869.01398795,0
AOK.US,D,20210803,000000,39.7113,39.851,39.7113,39.851,75811.564235515,0
AOK.US,D,20210804,000000,39.86,39.8699,39.7432,39.7911,46883.190395346,0
AOK.US,D,20210805,000000,39.8111,39.827,39.7502,39.8011,55133.405047591,0
AOK.US,D,20210806,000000,39.7013,39.7342,39.6514,39.6814,133640.24655196,0
AOK.US,D,20210809,000000,39.7213,39.7213,39.6036,39.6514,52730.809430846,0
AOK.US,D,20210810,000000,39.6315,39.6514,39.5936,39.6315,132760.1969268,0
AOK.US,D,20210811,000000,39.6036,39.7153,39.6036,39.6414,69094.921253533,0
AOK.US,D,20210812,000000,39.6315,39.7113,39.6116,39.6514,57647.259785512,0
AOK.US,D,20210813,000000,39.6814,39.831,39.6714,39.831,71529.591571879,0
AOK.US,D,20210816,000000,39.8111,39.831,39.7362,39.7712,143617.48341849,0
AOK.US,D,20210817,000000,39.7312,39.7312,39.6235,39.7013,111337.30326109,0
AOK.US,D,20210818,000000,39.6914,39.7113,39.5986,39.6136,109319.60406355,0
AOK.US,D,20210819,000000,39.5337,39.6126,39.4748,39.5836,120889.55033142,0
AOK.US,D,20210820,000000,39.5238,39.6614,39.5218,39.6614,86901.392313809,0
AOK.US,D,20210823,000000,39.6514,39.8011,39.6364,39.7013,73792.862703549,0
AOK.US,D,20210824,000000,39.7213,39.821,39.7213,39.7213,153210.82620024,0
AOK.US,D,20210825,000000,39.7911,39.8111,39.7213,39.7811,89312.006605954,0
AOK.US,D,20210826,000000,39.7612,39.7612,39.6724,39.6914,67505.21885547,0
AOK.US,D,20210827,000000,39.6714,39.8999,39.6714,39.8999,114974.77488944,0
AOK.US,D,20210830,000000,39.8799,39.9797,39.856,39.9797,103842.8487653,0
AOK.US,D,20210831,000000,39.9996,39.9996,39.8929,39.9298,70761.803402322,0
AOK.US,D,20210901,000000,39.9198,40.0196,39.9198,39.9897,150023.40272871,0
AOK.US,D,20210902,000000,39.9897,40.0615,39.9497,40.0096,102337.34245894,0
AOK.US,D,20210903,000000,39.9897,39.9996,39.9068,39.9897,60042.839061282,0
AOK.US,D,20210907,000000,39.9996,39.9996,39.841,39.841,84197.094035137,0
AOK.US,D,20210908,000000,39.8999,39.8999,39.7911,39.8799,48593.17292441,0
AOK.US,D,20210909,000000,39.8799,39.9388,39.815,39.9098,58981.366905198,0
AOK.US,D,20210910,000000,39.9497,39.9637,39.7811,39.8011,61298.764095818,0
AOK.US,D,20210913,000000,39.841,39.9098,39.8011,39.841,86830.226569634,0
AOK.US,D,20210914,000000,39.831,39.9188,39.824,39.831,52735.821102971,0
AOK.US,D,20210915,000000,39.831,39.9198,39.7951,39.9198,213902.1756345,0
AOK.US,D,20210916,000000,39.841,39.851,39.7412,39.841,95738.974939109,0
AOK.US,D,20210917,000000,39.7712,39.841,39.6414,39.6814,74647.85396808,0
AOK.US,D,20210920,000000,39.4648,39.5337,39.3462,39.425,149547.29387684,0
AOK.US,D,20210921,000000,39.5437,39.6036,39.5048,39.5536,95913.38112906,0
AOK.US,D,20210922,000000,39.5636,39.7312,39.5387,39.6714,169208.08362338,0
AOK.US,D,20210923,000000,39.7113,39.7312,39.6364,39.6914,101353.05005358,0
AOK.US,D,20210924,000000,39.5836,39.6155,39.5337,39.6036,56948.632691281,0
AOK.US,D,20210927,000000,39.5836,39.5836,39.4818,39.5128,122709.78964723,0
AOK.US,D,20210928,000000,39.376,39.376,39.1716,39.2064,205133.75408453,0
AOK.US,D,20210929,000000,39.2164,39.2863,39.1576,39.2064,80900.416111283,0
AOK.US,D,20210930,000000,39.2564,39.2564,39.1017,39.1376,78675.233687764,0
AOK.US,D,20211001,000000,39.1766,39.3262,39.0678,39.2962,124932.96740191,0
AOK.US,D,20211004,000000,39.1866,39.2554,39.0478,39.1177,327285.24345704,0
AOK.US,D,20211005,000000,39.0878,39.1965,39.0638,39.1666,109033.93875242,0
AOK.US,D,20211006,000000,39.0379,39.1476,38.9281,39.1446,75324.429704961,0
AOK.US,D,20211007,000000,39.2164,39.2813,39.1666,39.2364,116381.05008774,0
AOK.US,D,20211008,000000,39.2564,39.2564,39.0778,39.1766,61827.996672222,0
AOK.US,D,20211011,000000,39.1376,39.1666,39.0179,39.0578,59837.360504156,0
AOK.US,D,20211012,000000,39.0578,39.1276,38.982,39.0978,86239.851593303,0
AOK.US,D,20211013,000000,39.1666,39.2364,39.1077,39.2364,51278.426849008,0
AOK.US,D,20211014,000000,39.3162,39.45,39.2863,39.445,81492.795756464,0
AOK.US,D,20211015,000000,39.415,39.4948,39.405,39.435,88849.930436026,0
AOK.US,D,20211018,000000,39.3362,39.4848,39.3182,39.4848,290162.78569242,0
AOK.US,D,20211019,000000,39.5536,39.5586,39.435,39.4848,666028.17172635,0
AOK.US,D,20211020,000000,39.5337,39.5437,39.446,39.5337,53886.501022881,0
AOK.US,D,20211021,000000,39.5138,39.5138,39.3661,39.4848,128320.85775843,0
AOK.US,D,20211022,000000,39.5337,39.5536,39.435,39.5437,72195.141630085,0
AOK.US,D,20211025,000000,39.5736,39.5836,39.4928,39.5437,69027.764847058,0
AOK.US,D,20211026,000000,39.6824,39.6824,39.5536,39.5936,94165.309891846,0
AOK.US,D,20211027,000000,39.6036,39.7472,39.6036,39.6325,101445.26482069,0
AOK.US,D,20211028,000000,39.5936,39.7422,39.5936,39.7422,109356.69043727,0
AOK.US,D,20211029,000000,39.5337,39.7123,39.5337,39.7123,151299.37445175,0
AOK.US,D,20211101,000000,39.6824,39.7223,39.5936,39.6724,157483.77785405,0
AOK.US,D,20211102,000000,39.6325,39.7522,39.6325,39.7422,126754.20905215,0
AOK.US,D,20211103,000000,39.6924,39.821,39.6774,39.7722,107909.31952756,0
AOK.US,D,20211104,000000,39.822,39.8909,39.817,39.8909,60027.804044907,0
AOK.US,D,20211105,000000,40.0206,40.1064,39.9567,40.0904,76288.67542182,0
AOK.US,D,20211108,000000,40.1093,40.1093,39.9707,39.9807,125959.35785311,0
AOK.US,D,20211109,000000,40.0405,40.0944,40.0006,40.0904,127564.09526755,0
AOK.US,D,20211110,000000,40.0206,40.0206,39.7223,39.7223,124674.36512025,0
AOK.US,D,20211111,000000,39.7722,39.8709,39.7322,39.7322,167065.09262272,0
AOK.US,D,20211112,000000,39.8021,39.8809,39.7931,39.8121,154615.09672968,0
AOK.US,D,20211115,000000,39.8909,39.9208,39.7023,39.7023,132428.42423212,0
AOK.US,D,20211116,000000,39.7722,39.822,39.7123,39.7921,72034.768122083,0
AOK.US,D,20211117,000000,39.7023,39.7921,39.7023,39.7921,115257.4331973,0
AOK.US,D,20211118,000000,39.7921,39.832,39.7422,39.7722,94555.217983174,0
AOK.US,D,20211119,000000,39.7821,39.8909,39.7821,39.852,69067.858224058,0
AOK.US,D,20211122,000000,39.7422,39.86,39.6325,39.6524,122665.68693254,0
AOK.US,D,20211123,000000,39.6136,39.6524,39.5138,39.5546,65050.501848624,0
AOK.US,D,20211124,000000,39.5138,39.6136,39.386,39.6136,113310.89974393,0
AOK.US,D,20211126,000000,39.4648,39.5836,39.378,39.4848,96665.131947816,0
AOK.US,D,20211129,000000,39.425,39.5836,39.415,39.5736,110116.45993143,0
AOK.US,D,20211130,000000,39.6036,39.6514,39.38,39.4549,167010.96656376,0
AOK.US,D,20211201,000000,39.5836,39.6036,39.2962,39.3661,241145.62530624,0
AOK.US,D,20211202,000000,39.395,39.5337,39.3661,39.5138,194425.81542216,0
AOK.US,D,20211203,000000,39.5636,39.5636,39.3512,39.435,1222455.0834157,0
AOK.US,D,20211206,000000,39.5048,39.5836,39.4948,39.5636,135301.11469419,0
AOK.US,D,20211207,000000,39.6524,39.8011,39.6524,39.7223,137800.93675017,0
AOK.US,D,20211208,000000,39.7921,39.7921,39.6664,39.6924,294389.62996268,0
AOK.US,D,20211209,000000,39.7322,39.7322,39.6136,39.6136,174114.5106338,0
AOK.US,D,20211210,000000,39.6724,39.7622,39.6624,39.6624,225785.85257741,0
AOK.US,D,20211213,000000,39.6824,39.7801,39.6644,39.7023,182748.61937081,0
AOK.US,D,20211214,000000,39.6036,39.6036,39.5048,39.5048,231734.70738984,0
AOK.US,D,20211215,000000,39.6524,39.7023,39.4648,39.6325,242693.22965845,0
AOK.US,D,20211216,000000,39.7921,39.7921,39.6235,39.6824,143330.81577294,0
AOK.US,D,20211217,000000,39.5536,39.6824,39.5437,39.5437,248198.05032059,0
AOK.US,D,20211220,000000,39.395,39.4798,39.3562,39.3661,322226.46161403,0
AOK.US,D,20211221,000000,39.4848,39.6136,39.395,39.6136,198571.47060401,0
AOK.US,D,20211222,000000,39.7223,39.7422,39.5786,39.7422,258418.85445241,0
AOK.US,D,20211223,000000,39.7821,39.7921,39.5826,39.7821,170628.39150362,0
AOK.US,D,20211227,000000,39.8121,39.9418,39.7792,39.9418,241837.23605949,0
AOK.US,D,20211228,000000,39.9916,39.9916,39.8819,39.8819,333204.02823672,0
AOK.US,D,20211229,000000,39.9617,39.9617,39.7821,39.7821,164452.00677671,0
AOK.US,D,20211230,000000,39.9019,39.9228,39.8121,39.8121,220846.34853097,0
AOK.US,D,20211231,000000,39.8819,39.9118,39.827,39.8719,162306.00877277,0
AOK.US,D,20220103,000000,39.822,39.822,39.6824,39.6824,344745.90914069,0
AOK.US,D,20220104,000000,39.6924,39.7612,39.6524,39.7023,186007.20858652,0
AOK.US,D,20220105,000000,39.7722,39.7722,39.4638,39.5038,238540.55813564,0
AOK.US,D,20220106,000000,39.414,39.4648,39.3302,39.444,176219.41292632,0
AOK.US,D,20220107,000000,39.424,39.424,39.2754,39.374,112276.49061732,0
AOK.US,D,20220110,000000,39.2744,39.2744,39.0249,39.2744,695835.59285725,0
AOK.US,D,20220111,000000,39.2144,39.4638,39.1945,39.4638,129334.21786212,0
AOK.US,D,20220112,000000,39.5526,39.5526,39.4688,39.5328,117055.62115576,0
AOK.US,D,20220113,000000,39.5328,39.5328,39.374,39.444,194610.24495636,0
AOK.US,D,20220114,000000,39.2644,39.3332,39.1846,39.2344,207951.31615323,0
AOK.US,D,20220118,000000,39.0848,39.0848,38.8703,38.8852,509700.08546433,0
AOK.US,D,20220119,000000,39.0249,39.0578,38.9052,38.9351,109675.43278442,0
AOK.US,D,20220120,000000,38.965,39.0948,38.8154,38.8752,158711.6375247,0
AOK.US,D,20220121,000000,38.8553,38.9102,38.7057,38.7655,2024216.3759735,0
AOK.US,D,20220124,000000,38.6957,38.7057,38.2777,38.7057,1306674.2288082,0
AOK.US,D,20220125,000000,38.5371,38.6358,38.4223,38.4971,221539.96395307,0
AOK.US,D,20220126,000000,38.6358,38.7445,38.2877,38.4073,208661.97126057,0
AOK.US,D,20220127,000000,38.4672,38.6169,38.3175,38.3175,289635.55778487,0
AOK.US,D,20220128,000000,38.2577,38.5769,38.2078,38.5769,374558.34194371,0
AOK.US,D,20220131,000000,38.5669,38.7755,38.4682,38.7755,331348.70721603,0
AOK.US,D,20220201,000000,38.7954,38.8752,38.6757,38.8752,367892.81801741,0
AOK.US,D,20220202,000000,38.8453,38.9351,38.8353,38.8653,131227.62759096,0
AOK.US,D,20220203,000000,38.7256,38.7256,38.5669,38.6069,337383.762789,0
AOK.US,D,20220204,000000,38.4672,38.5271,38.3385,38.4573,137009.0925544,0
AOK.US,D,20220207,000000,38.4373,38.5231,38.3873,38.4871,127740.50612636,0
AOK.US,D,20220208,000000,38.3575,38.4871,38.3375,38.4672,165228.8159561,0
AOK.US,D,20220209,000000,38.6169,38.7057,38.6169,38.6957,87606.03341459,0
AOK.US,D,20220210,000000,38.4473,38.5679,38.2078,38.2377,58921.226839697,0
AOK.US,D,20220211,000000,38.3075,38.3775,38.1429,38.2577,128329.87876826,0
AOK.US,D,20220214,000000,38.118,38.118,37.9684,37.9783,122320.88389033,0
AOK.US,D,20220215,000000,38.1579,38.1929,38.1001,38.118,82683.569053374,0
AOK.US,D,20220216,000000,38.118,38.2877,38.0831,38.2877,78679.243025465,0
AOK.US,D,20220217,000000,38.1679,38.2078,38.0482,38.118,135823.33092962,0
AOK.US,D,20220218,000000,38.118,38.119,37.9863,38.0681,66555.005820562,0
AOK.US,D,20220222,000000,38.0183,38.0183,37.7688,37.9185,116863.17294616,0
AOK.US,D,20220223,000000,37.9484,37.9684,37.5603,37.6501,97323.665665047,0
AOK.US,D,20220224,000000,37.281,37.6402,36.9318,37.6102,413032.94884766,0
AOK.US,D,20220225,000000,37.6601,37.9883,37.6601,37.9883,117171.89194907,0
AOK.US,D,20220228,000000,37.8686,38.0382,37.8536,38.0382,362111.35305396,0
AOK.US,D,20220301,000000,38.0581,38.1031,37.8786,37.9185,154945.86708993,0
AOK.US,D,20220302,000000,37.8885,37.9384,37.7788,37.7888,48664.338668586,0
AOK.US,D,20220303,000000,37.8985,37.8985,37.71,37.71,69100.935260084,0
AOK.US,D,20220304,000000,37.68,37.715,37.5902,37.71,94306.639045771,0
AOK.US,D,20220307,000000,37.5204,37.5204,37.1512,37.1512,292951.2800628,0
AOK.US,D,20220308,000000,37.1812,37.3308,37.0216,37.0714,128454.16823696,0
AOK.US,D,20220309,000000,37.231,37.4506,37.231,37.4106,325376.79871182,0
AOK.US,D,20220310,000000,37.1712,37.1812,37.0316,37.1512,102043.65847241,0
AOK.US,D,20220311,000000,37.1912,37.242,36.9617,37.0116,61613.49710527,0
AOK.US,D,20220314,000000,36.9018,36.9617,36.6933,36.6933,232902.42699497,0
AOK.US,D,20220315,000000,36.833,36.9218,36.7732,36.9118,1574447.8704492,0
AOK.US,D,20220316,000000,37.0714,37.306,36.9118,37.291,70338.818274969,0
AOK.US,D,20220317,000000,37.251,37.5004,37.251,37.4406,107920.34520624,0
AOK.US,D,20220318,000000,37.4904,37.68,37.4306,37.6102,97761.685808775,0
AOK.US,D,20220321,000000,37.4506,37.5703,37.3208,37.3508,147461.43593839,0
AOK.US,D,20220322,000000,37.3508,37.4406,37.3508,37.4006,930988.26063636,0
AOK.US,D,20220323,000000,37.3408,37.4056,37.3308,37.3608,279764.56836739,0
AOK.US,D,20220324,000000,37.4006,37.4606,37.281,37.4606,228507.19054131,0
AOK.US,D,20220325,000000,37.3408,37.3708,37.2261,37.291,164218.46285569,0
AOK.US,D,20220328,000000,37.291,37.4506,37.251,37.4506,151745.41327089,0
AOK.US,D,20220329,000000,37.5404,37.688,37.5404,37.67,193288.16584978,0
AOK.US,D,20220330,000000,37.6402,37.71,37.6012,37.6402,162492.44297582,0
AOK.US,D,20220331,000000,37.6202,37.7,37.5304,37.5404,146181.45487766,0
AOK.US,D,20220401,000000,37.4805,37.5802,37.4136,37.5802,95700.886230959,0
AOK.US,D,20220404,000000,37.5703,37.6501,37.4954,37.6501,84406.581929963,0
AOK.US,D,20220405,000000,37.4805,37.5892,37.1912,37.1912,560247.81051751,0
AOK.US,D,20220406,000000,37.0316,37.1413,36.9318,37.0814,104914.34426563,0
AOK.US,D,20220407,000000,36.9418,37.0216,36.8819,37.0016,119852.13420153,0
AOK.US,D,20220408,000000,36.9218,36.9717,36.835,36.8919,165238.83930034,0
AOK.US,D,20220411,000000,36.7532,36.7632,36.5637,36.6235,165676.85944407,0
AOK.US,D,20220412,000000,36.7233,36.823,36.5836,36.6435,65971.647185207,0
AOK.US,D,20220413,000000,36.7033,36.8031,36.5836,36.8031,124466.88189428,0
AOK.US,D,20220414,000000,36.7732,36.7732,36.5137,36.5337,103033.96488432,0
AOK.US,D,20220418,000000,36.4938,36.5297,36.3641,36.3941,156320.06758662,0
AOK.US,D,20220419,000000,36.3641,36.4639,36.3143,36.4339,1714815.7856619,0
AOK.US,D,20220420,000000,36.5237,36.6135,36.5137,36.5736,244705.91718387,0
AOK.US,D,20220421,000000,36.5337,36.6195,36.2345,36.2443,164054.08000998,0
AOK.US,D,20220422,000000,36.1447,36.2045,35.9461,35.9461,1263480.6314314,0
AOK.US,D,20220425,000000,35.9651,36.1546,35.9651,36.1546,467586.00226318,0
AOK.US,D,20220426,000000,36.1447,36.1546,35.8663,35.8663,209042.85834206,0
AOK.US,D,20220427,000000,35.8862,36.0089,35.8264,35.8363,264193.30307488,0
AOK.US,D,20220428,000000,35.8862,36.1047,35.7865,36.0748,226917.48814324,0
AOK.US,D,20220429,000000,36.0049,36.0149,35.6268,35.6268,116817.06556261,0
AOK.US,D,20220502,000000,35.4872,35.5969,35.3276,35.5171,199953.68977609,0
AOK.US,D,20220503,000000,35.6368,35.7745,35.6368,35.6468,472768.07124047,0
AOK.US,D,20220504,000000,35.6268,36.0459,35.537,36.0159,243448.98981491,0
AOK.US,D,20220505,000000,35.7466,35.8164,35.3176,35.4772,651200.6385772,0
AOK.US,D,20220506,000000,35.2576,35.4074,35.1778,35.2576,156665.87296325,0
AOK.US,D,20220509,000000,35.138,35.138,34.9684,35.0482,297154.06830686,0
AOK.US,D,20220510,000000,35.2378,35.3076,35.0781,35.148,235059.45067759,0
AOK.US,D,20220511,000000,35.0282,35.2676,35.0182,35.098,355649.30301593,0
AOK.US,D,20220512,000000,35.138,35.2178,34.9983,35.158,318412.57912686,0
AOK.US,D,20220513,000000,35.158,35.3235,35.158,35.2478,593217.59675931,0
AOK.US,D,20220516,000000,35.2876,35.3774,35.2669,35.2876,125356.95486368,0
AOK.US,D,20220517,000000,35.3874,35.4074,35.2976,35.3574,103156.24968417,0
AOK.US,D,20220518,000000,35.2378,35.2976,35.0781,35.0781,301040.11887261,0
AOK.US,D,20220519,000000,35.128,35.2776,35.128,35.1978,225751.77320696,0
AOK.US,D,20220520,000000,35.3076,35.3076,35.0582,35.2976,153544.60356377,0
AOK.US,D,20220523,000000,35.2876,35.3674,35.2876,35.3176,126436.46903942,0
AOK.US,D,20220524,000000,35.2976,35.5071,35.2976,35.4273,114957.73520422,0
AOK.US,D,20220525,000000,35.4872,35.6368,35.4672,35.6368,188097.07586267,0
AOK.US,D,20220526,000000,35.6967,35.8214,35.6967,35.8064,417030.2585346,0
AOK.US,D,20220527,000000,35.9161,36.0459,35.9161,36.0459,1221732.4002953,0
AOK.US,D,20220531,000000,35.9161,35.9461,35.7688,35.8663,1655030.5465478,0
AOK.US,D,20220601,000000,35.8763,35.9343,35.5962,35.6368,114645.00686362,0
AOK.US,D,20220602,000000,35.7366,35.8663,35.5969,35.8663,367542.00096865,0
AOK.US,D,20220603,000000,35.6667,35.6867,35.557,35.6368,441296.77496405,0
AOK.US,D,20220606,000000,35.6767,35.8084,35.4972,35.4972,183725.8954352,0
AOK.US,D,20220607,000000,35.4472,35.7066,35.3974,35.6867,253484.36207809,0
AOK.US,D,20220608,000000,35.6168,35.6279,35.4372,35.4372,110589.56178003,0
AOK.US,D,20220609,000000,35.3574,35.4622,35.2028,35.2378,104887.28123617,0
AOK.US,D,20220610,000000,34.9584,34.9634,34.7001,34.7289,313374.84630677,0
AOK.US,D,20220613,000000,34.3399,34.3399,33.8609,33.9607,2947597.9206584,0
AOK.US,D,20220614,000000,34.0405,34.0905,33.7313,33.8111,2065782.1822441,0
AOK.US,D,20220615,000000,34.0206,34.3299,33.8709,34.2799,197079.99697959,0
AOK.US,D,20220616,000000,33.9009,33.9807,33.7113,33.9308,220996.69869472,0
AOK.US,D,20220617,000000,34.0206,34.0705,33.841,33.9907,121915.94078263,0
AOK.US,D,20220621,000000,34.1004,34.1779,33.9907,34.0505,518524.6377421,0
AOK.US,D,20220622,000000,34.1603,34.2999,34.0805,34.2201,178536.81011693,0
AOK.US,D,20220623,000000,34.2501,34.4695,34.2501,34.3498,242683.2063142,0
AOK.US,D,20220624,000000,34.3897,34.6092,34.3897,34.5793,124660.3324383,0
AOK.US,D,20220627,000000,34.5893,34.5893,34.4496,34.4995,268362.01194849,0
AOK.US,D,20220628,000000,34.4795,34.5693,34.2999,34.2999,348454.54651322,0
AOK.US,D,20220629,000000,34.2999,34.4297,34.2401,34.3897,145359.54064915,0
AOK.US,D,20220630,000000,34.3897,34.5294,34.2899,34.4895,201979.40764904,0
AOK.US,D,20220701,000000,34.4995,34.709,34.4995,34.6691,140467.14632068,0
AOK.US,D,20220705,000000,34.4396,34.5473,34.3299,34.5194,412904.65004127,0
AOK.US,D,20220706,000000,34.5593,34.699,34.3657,34.3997,139840.68730506,0
AOK.US,D,20220707,000000,34.5493,34.5767,34.4853,34.5493,84981.921889917,0
AOK.US,D,20220708,000000,34.4396,34.5194,34.3762,34.4595,208901.52918814,0
AOK.US,D,20220711,000000,34.4795,34.4795,34.3697,34.4297,339239.08380969,0
AOK.US,D,20220712,000000,34.3997,34.5693,34.3695,34.4097,88219.462082695,0
AOK.US,D,20220713,000000,34.1703,34.4656,34.1203,34.4496,125187.56034586,0
AOK.US,D,20220714,000000,34.0805,34.3099,34.0305,34.2899,145350.51963933,0
AOK.US,D,20220715,000000,34.4297,34.5394,34.3304,34.5194,1592895.8355415,0
AOK.US,D,20220718,000000,34.5095,34.5893,34.3897,34.3897,211895.50211564,0
AOK.US,D,20220719,000000,34.5693,34.6876,34.527,34.679,166452.66628903,0
AOK.US,D,20220720,000000,34.699,34.7339,34.6207,34.679,71858.357263282,0
AOK.US,D,20220721,000000,34.6591,35.0082,34.6591,35.0082,88383.844928397,0
AOK.US,D,20220722,000000,35.0781,35.2178,34.9606,35.0382,152617.44422064,0
AOK.US,D,20220725,000000,35.0082,35.0481,34.9784,35.0182,514303.80747839,0
AOK.US,D,20220726,000000,35.0582,35.0805,34.8985,34.9185,133729.45431578,0
AOK.US,D,20220727,000000,35.0282,35.2776,35.0282,35.2078,247696.88310809,0
AOK.US,D,20220728,000000,35.3674,35.547,35.3276,35.547,4810283.0923696,0
AOK.US,D,20220729,000000,35.537,35.7066,35.4772,35.6667,252834.84937069,0
AOK.US,D,20220801,000000,35.6368,35.7964,35.6306,35.7466,179143.22244407,0
AOK.US,D,20220802,000000,35.6966,35.6966,35.387,35.417,113921.29595439,0
AOK.US,D,20220803,000000,35.417,35.6467,35.367,35.6167,40095.674565492,0
AOK.US,D,20220804,000000,35.6267,35.7366,35.6267,35.7366,47781.004252228,0
AOK.US,D,20220805,000000,35.397,35.4569,35.3298,35.4569,97716.624122728,0
AOK.US,D,20220808,000000,35.5468,35.6866,35.5268,35.5668,193073.3834628,0
AOK.US,D,20220809,000000,35.4869,35.4869,35.4098,35.4369,73115.759644772,0
AOK.US,D,20220810,000000,35.7665,35.7965,35.6766,35.7066,101656.40686339,0
AOK.US,D,20220811,000000,35.7865,35.8962,35.5802,35.5867,204899.74019284,0
AOK.US,D,20220812,000000,35.6866,35.8364,35.6699,35.8364,110686.36888067,0
AOK.US,D,20220815,000000,35.8364,35.9263,35.8343,35.9163,146934.37252562,0
AOK.US,D,20220816,000000,35.8564,35.9163,35.7565,35.8564,126336.36736079,0
AOK.US,D,20220817,000000,35.7166,35.7565,35.5668,35.6567,204973.8301351,0
AOK.US,D,20220818,000000,35.7166,35.7365,35.6467,35.6808,65413.409295624,0
AOK.US,D,20220819,000000,35.5168,35.5168,35.3271,35.387,119800.43299458,0
AOK.US,D,20220822,000000,35.2172,35.2771,35.0274,35.0874,188054.29048214,0
AOK.US,D,20220823,000000,34.9975,35.2017,34.9975,35.0374,64811.678818588,0
AOK.US,D,20220824,000000,35.0574,35.0674,34.9738,35.0075,82475.1215405,0
AOK.US,D,20220825,000000,35.0674,35.3271,35.0474,35.3271,93811.883922328,0
AOK.US,D,20220826,000000,35.3371,35.3371,34.9176,34.9475,174427.74839818,0
AOK.US,D,20220829,000000,34.7578,34.8177,34.7278,34.7478,155893.24824694,0
AOK.US,D,20220830,000000,34.7777,34.8377,34.578,34.6479,1105050.4876521,0
AOK.US,D,20220831,000000,34.7378,34.7378,34.4681,34.4681,99274.515341144,0
AOK.US,D,20220901,000000,34.2384,34.3682,34.1285,34.3682,1466587.3791609,0
AOK.US,D,20220902,000000,34.4182,34.543,34.28,34.3183,229294.35429098,0
AOK.US,D,20220906,000000,34.2084,34.2584,34.0286,34.0786,1323022.0965774,0
AOK.US,D,20220907,000000,34.0486,34.3632,34.0486,34.3483,165177.51898497,0
AOK.US,D,20220908,000000,34.3383,34.3806,34.2184,34.3383,105788.42296776,0
AOK.US,D,20220909,000000,34.3982,34.548,34.3982,34.4981,111143.92433492,0
AOK.US,D,20220912,000000,34.578,34.7278,34.568,34.6279,194970.68671402,0
AOK.US,D,20220913,000000,34.3283,34.3283,34.0386,34.1085,165949.45608613,0
AOK.US,D,20220914,000000,34.0586,34.1934,34.0404,34.1185,70716.847460116,0
AOK.US,D,20220915,000000,34.0786,34.1285,33.9488,33.9887,1714819.7234238,0
AOK.US,D,20220916,000000,33.8788,33.9288,33.749,33.8988,278968.65693268,0
AOK.US,D,20220919,000000,33.729,33.9487,33.719,33.9487,137484.90124065,0
AOK.US,D,20220920,000000,33.759,33.759,33.6191,33.699,160286.58158011,0
AOK.US,D,20220921,000000,33.759,33.8289,33.5243,33.5492,225708.00059922,0
AOK.US,D,20220922,000000,33.3994,33.4394,33.2296,33.2796,1627765.042479,0
AOK.US,D,20220923,000000,33.2096,33.2096,32.8601,33.0099,372565.27953627,0
AOK.US,D,20220926,000000,32.8201,32.915,32.5604,32.5604,344929.7310718,0
AOK.US,D,20220927,000000,32.6603,32.7302,32.3607,32.4306,200927.91855822,0
AOK.US,D,20220928,000000,32.6303,32.9899,32.6004,32.9899,322009.90731088,0
AOK.US,D,20220929,000000,32.7102,32.7302,32.5351,32.6503,176778.6022419,0
AOK.US,D,20220930,000000,32.6603,32.8201,32.5005,32.5804,247538.50196577,0
AOK.US,D,20221003,000000,32.7502,33.0598,32.7202,32.9599,320180.68670931,0
AOK.US,D,20221004,000000,33.1897,33.3095,33.154,33.2995,415417.30019707,0
AOK.US,D,20221005,000000,33.1197,33.1397,32.8842,33.1098,241181.7851626,0
AOK.US,D,20221006,000000,33.0698,33.0939,32.88,32.93,372952.74991,0
AOK.US,D,20221007,000000,32.7402,32.7402,32.5105,32.5205,223567.40199706,0
AOK.US,D,20221010,000000,32.6004,32.6004,32.2908,32.4206,209302.08446493,0
AOK.US,D,20221011,000000,32.4206,32.5404,32.2508,32.3307,233825.85535431,0
AOK.US,D,20221012,000000,32.3107,32.3614,32.2029,32.3407,261335.25067385,0
AOK.US,D,20221013,000000,31.9112,32.6154,31.8113,32.4206,863973.8301103,0
AOK.US,D,20221014,000000,32.5604,32.5725,32.111,32.111,171894.6733451,0
AOK.US,D,20221017,000000,32.3906,32.5604,32.3906,32.3906,1667298.0339695,0
AOK.US,D,20221018,000000,32.6104,32.6803,32.4006,32.5904,134553.34244404,0
AOK.US,D,20221019,000000,32.3607,32.4406,32.2308,32.2708,133371.90822956,0
AOK.US,D,20221020,000000,32.3307,32.4356,32.101,32.1509,173813.00212047,0
AOK.US,D,20221021,000000,32.081,32.4106,31.9911,32.3107,363909.77209205,0
AOK.US,D,20221024,000000,32.3007,32.4406,32.2307,32.4206,238619.67486188,0
AOK.US,D,20221025,000000,32.4905,32.7702,32.4905,32.7302,2713088.5823956,0
AOK.US,D,20221026,000000,32.7802,32.9699,32.7502,32.8101,260245.92827948,0
AOK.US,D,20221027,000000,32.9999,33.0498,32.8302,32.95,258941.34456637,0
AOK.US,D,20221028,000000,32.91,33.0598,32.8301,33.0598,547475.6137746,0
AOK.US,D,20221031,000000,32.9599,32.9599,32.7802,32.91,356544.83134483,0
AOK.US,D,20221101,000000,33.0798,33.1597,32.88,32.91,133248.75873093,0
AOK.US,D,20221102,000000,33,33.18,32.6901,32.75,431670,0
AOK.US,D,20221103,000000,32.47,32.61,32.4,32.51,257484,0
AOK.US,D,20221104,000000,32.72,32.86,32.59,32.76,2617339,0
AOK.US,D,20221107,000000,32.86,32.87,32.7,32.87,622832,0
AOK.US,D,20221108,000000,32.91,33.04,32.82,32.93,512425,0
AOK.US,D,20221109,000000,32.81,32.96,32.75,32.75,434809,0
AOK.US,D,20221110,000000,33.38,33.8,33.38,33.73,1558691,0
AOK.US,D,20221111,000000,33.7,33.94,33.7,33.87,356484,0
AOK.US,D,20221114,000000,33.86,33.8904,33.69,33.71,498361,0
AOK.US,D,20221115,000000,33.98,34.07,33.9,33.97,237602,0
AOK.US,D,20221116,000000,33.98,34.08,33.9501,34.06,213603,0
AOK.US,D,20221117,000000,33.83,33.95,33.77,33.91,369970,0
AOK.US,D,20221118,000000,33.99,34.0361,33.8267,33.94,271110,0
AOK.US,D,20221121,000000,33.86,33.95,33.82,33.88,543474,0
AOK.US,D,20221122,000000,33.93,34.13,33.93,34.13,275323,0
AOK.US,D,20221123,000000,34.14,34.34,34.14,34.33,266453,0
AOK.US,D,20221125,000000,34.24,34.34,34.24,34.34,115132,0
AOK.US,D,20221128,000000,34.23,34.33,34.1,34.11,477704,0
AOK.US,D,20221129,000000,34.11,34.205,34.08,34.08,293248,0
AOK.US,D,20221130,000000,34.18,34.6,34.07,34.6,470316,0
AOK.US,D,20221201,000000,34.7,34.82,34.57,34.82,651310,0
AOK.US,D,20221202,000000,34.59,34.82,34.4896,34.82,618547,0
AOK.US,D,20221205,000000,34.68,34.74,34.38,34.47,740775,0
AOK.US,D,20221206,000000,34.44,34.52,34.32,34.37,412280,0
AOK.US,D,20221207,000000,34.45,34.58,34.43,34.53,340726,0
AOK.US,D,20221208,000000,34.53,34.62,34.47,34.54,572103,0
AOK.US,D,20221209,000000,34.54,34.57,34.4,34.41,338322,0
AOK.US,D,20221212,000000,34.5,34.53,34.3832,34.53,762540,0
AOK.US,D,20221213,000000,34.95,35.06,34.66,34.69,2196168,0
AOK.US,D,20221214,000000,34.78,34.85,34.59,34.75,1006907,0
AOK.US,D,20221215,000000,34.62,34.62,34.43,34.45,914566,0
AOK.US,D,20221216,000000,34.34,34.365,34.2404,34.35,335594,0
AOK.US,D,20221219,000000,34.29,34.29,33.91,34.1,1284977,0
AOK.US,D,20221220,000000,34.02,34.065,33.92,34.02,332524,0
AOK.US,D,20221221,000000,34.11,34.25,34.09,34.16,319643,0
AOK.US,D,20221222,000000,34.18,34.18,33.95,34.02,696936,0
AOK.US,D,20221223,000000,33.86,33.8859,33.71,33.88,930906,0
AOK.US,D,20221227,000000,33.91,33.91,33.6813,33.73,490976,0
AOK.US,D,20221228,000000,33.78,33.795,33.51,33.59,1047334,0
AOK.US,D,20221229,000000,33.7,33.87,33.62,33.87,783387,0
AOK.US,D,20221230,000000,33.7,33.7101,33.56,33.61,620877,0
AOK.US,D,20230103,000000,33.86,33.96,33.68,33.78,757987,0
AOK.US,D,20230104,000000,33.96,34.05,33.89,34,99435,0
AOK.US,D,20230105,000000,33.89,33.92,33.77,33.92,239373,0
AOK.US,D,20230106,000000,33.94,34.39,33.9,34.39,467853,0
AOK.US,D,20230109,000000,34.39,34.575,34.39,34.46,852160,0
AOK.US,D,20230110,000000,34.36,34.44,34.22,34.44,133788,0
AOK.US,D,20230111,000000,34.49,34.655,34.49,34.63,109151,0
AOK.US,D,20230112,000000,34.72,34.92,34.59,34.87,409361,0
AOK.US,D,20230113,000000,34.75,34.9,34.75,34.9,282397,0
AOK.US,D,20230117,000000,34.84,34.93,34.75,34.83,1310280,0
AOK.US,D,20230118,000000,35.1,35.1674,34.9,34.92,273930,0
AOK.US,D,20230119,000000,34.88,34.9,34.78,34.89,303471,0
AOK.US,D,20230120,000000,34.85,34.91,34.74,34.89,456513,0
AOK.US,D,20230123,000000,34.85,35.0185,34.8203,34.93,744698,0
AOK.US,D,20230124,000000,34.96,35.055,34.86,35.03,165744,0
AOK.US,D,20230125,000000,34.93,35.09,34.91,35.06,243406,0
AOK.US,D,20230126,000000,35.09,35.15,35.01,35.12,183305,0
AOK.US,D,20230127,000000,35.1,35.1723,35.0397,35.16,264634,0
AOK.US,D,20230130,000000,35.03,35.075,34.89,34.89,1665111,0
AOK.US,D,20230131,000000,34.93,35.16,34.92,35.07,155514,0
AOK.US,D,20230201,000000,35.18,35.45,34.81,35.36,149675,0
AOK.US,D,20230202,000000,35.5,35.56,35.4,35.5,128377,0
AOK.US,D,20230203,000000,35.02,35.29,35.02,35.17,131748,0
AOK.US,D,20230206,000000,34.93,34.9886,34.9,34.9,67464,0
AOK.US,D,20230207,000000,34.9,35.1,34.825,34.97,239068,0
AOK.US,D,20230208,000000,34.94,35.0299,34.86,34.91,119375,0
AOK.US,D,20230209,000000,35.08,35.125,34.78,34.83,134045,0
AOK.US,D,20230210,000000,34.73,34.78,34.65,34.69,65288,0
AOK.US,D,20230213,000000,34.71,34.8744,34.69,34.86,126366,0
AOK.US,D,20230214,000000,34.78,34.93,34.6599,34.78,89784,0
AOK.US,D,20230215,000000,34.72,34.74,34.64,34.72,261080,0
AOK.US,D,20230216,000000,34.61,34.7158,34.5338,34.55,81068,0
AOK.US,D,20230217,000000,34.44,34.5999,34.43,34.57,91905,0
AOK.US,D,20230221,000000,34.39,34.39,34.19,34.22,157724,0
AOK.US,D,20230222,000000,34.27,34.32,34.18,34.21,165190,0
AOK.US,D,20230223,000000,34.25,34.4,34.21,34.34,85292,0
AOK.US,D,20230224,000000,34.09,34.17,34.0287,34.1,162856,0
AOK.US,D,20230227,000000,34.24,34.29,34.178,34.23,47106,0
AOK.US,D,20230228,000000,34.12,34.2076,34.1,34.1,41125,0
AOK.US,D,20230301,000000,34.09,34.17,34.03,34.05,56262,0
AOK.US,D,20230302,000000,33.85,34.04,33.85,34.04,427388,0
AOK.US,D,20230303,000000,34.14,34.37,34.1201,34.37,93688,0
AOK.US,D,20230306,000000,34.42,34.424,34.265,34.3,88991,0
AOK.US,D,20230307,000000,34.25,34.31,34.055,34.11,60178,0
AOK.US,D,20230308,000000,34.14,34.2,34.02,34.13,82961,0
AOK.US,D,20230309,000000,34.11,34.2,33.97,34.03,55463,0
AOK.US,D,20230310,000000,34.1,34.27,34.06,34.06,135892,0
AOK.US,D,20230313,000000,34.27,34.45,34.1904,34.26,83655,0
AOK.US,D,20230314,000000,34.2,34.3636,34.16,34.25,112709,0
AOK.US,D,20230315,000000,34.11,34.37,34.11,34.37,101518,0
AOK.US,D,20230316,000000,34.2,34.38,34.1,34.35,611307,0
AOK.US,D,20230317,000000,34.32,34.5,34.32,34.35,61063,0
AOK.US,D,20230320,000000,34.39,34.49,34.37,34.42,110304,0
AOK.US,D,20230321,000000,34.41,34.51,34.4,34.5,173803,0
AOK.US,D,20230322,000000,34.5,34.7926,34.4407,34.57,68432,0
AOK.US,D,20230323,000000,34.64,34.7311,34.56,34.65,92640,0
AOK.US,D,20230324,000000,34.72,34.74,34.57,34.7,43749,0
AOK.US,D,20230327,000000,34.5,34.6014,34.5,34.5,81357,0
AOK.US,D,20230328,000000,34.5,34.51,34.43,34.5,78309,0
AOK.US,D,20230329,000000,34.59,34.64,34.54,34.64,542944,0
AOK.US,D,20230330,000000,34.7,34.78,34.7,34.73,64425,0
AOK.US,D,20230331,000000,34.84,34.99,34.8241,34.96,99499,0
AOK.US,D,20230403,000000,34.94,35.17,34.94,35.17,194929,0
AOK.US,D,20230404,000000,34.98,35.11,34.98,35.05,193483,0
AOK.US,D,20230405,000000,35.06,35.1226,35.06,35.06,59652,0
AOK.US,D,20230406,000000,35.1,35.15,35.03,35.08,144615,0
AOK.US,D,20230410,000000,34.94,34.99,34.87,34.94,218099,0
AOK.US,D,20230411,000000,34.99,35.07,34.96,35.04,166724,0
AOK.US,D,20230412,000000,35.15,35.1685,35.01,35.04,110151,0
AOK.US,D,20230413,000000,35.08,35.19,35.08,35.19,69554,0
AOK.US,D,20230414,000000,35.13,35.14,34.96,35.05,133217,0
AOK.US,D,20230417,000000,34.94,34.99,34.85,34.92,469676,0
AOK.US,D,20230418,000000,34.96,35.03,34.95,35.02,31813,0
AOK.US,D,20230419,000000,34.86,34.9599,34.86,34.92,82812,0
AOK.US,D,20230420,000000,34.99,35.03,34.93,34.93,52889,0
AOK.US,D,20230421,000000,34.98,35.01,34.8907,34.95,74878,0
AOK.US,D,20230424,000000,34.89,35.05,34.89,35.04,45024,0
AOK.US,D,20230425,000000,35.06,35.1325,34.9911,35.015,50928,0
AOK.US,D,20230426,000000,34.99,35.04,34.8914,34.92,109351,0
AOK.US,D,20230427,000000,34.75,35.015,34.75,34.98,57873,0
AOK.US,D,20230428,000000,35.1,35.2,35.05,35.19,58608,0
AOK.US,D,20230501,000000,35.01,35.1577,34.9439,34.96,68579,0
AOK.US,D,20230502,000000,34.89,35.02,34.88,35.02,101358,0
AOK.US,D,20230503,000000,35.04,35.1217,35.0317,35.07,63526,0
AOK.US,D,20230504,000000,34.94,35.07,34.94,34.98,39773,0
AOK.US,D,20230505,000000,35.04,35.13,35,35.12,254052,0
AOK.US,D,20230508,000000,35.04,35.05,34.98,35.02,59185,0
AOK.US,D,20230509,000000,34.9,34.96,34.8744,34.94,44078,0
AOK.US,D,20230510,000000,35.02,35.095,35.0085,35.0738,32497,0
AOK.US,D,20230511,000000,35.17,35.17,35.0901,35.14,41575,0
AOK.US,D,20230512,000000,35.09,35.12,34.94,34.98,81323,0
AOK.US,D,20230515,000000,34.97,35,34.91,34.99,80686,0
AOK.US,D,20230516,000000,34.86,34.905,34.84,34.8491,59884,0
AOK.US,D,20230517,000000,34.85,34.93,34.835,34.9,50962,0
AOK.US,D,20230518,000000,34.81,34.87,34.7901,34.84,53015,0
AOK.US,D,20230519,000000,34.81,34.9,34.8,34.83,42089,0
AOK.US,D,20230522,000000,34.8,34.86,34.8,34.84,83831,0
AOK.US,D,20230523,000000,34.74,34.79,34.67,34.67,51636,0
AOK.US,D,20230524,000000,34.7,34.7,34.5189,34.549,88394,0
AOK.US,D,20230525,000000,34.48,34.555,34.48,34.52,77773,0
AOK.US,D,20230526,000000,34.54,34.68,34.54,34.64,172779,0
AOK.US,D,20230530,000000,34.69,34.81,34.69,34.81,71824,0
AOK.US,D,20230531,000000,34.76,34.804,34.655,34.78,71688,0
AOK.US,D,20230601,000000,34.79,35,34.79,34.92,164749,0
AOK.US,D,20230602,000000,34.94,35,34.91,35,255575,0
AOK.US,D,20230605,000000,34.87,34.995,34.87,34.94,156517,0
AOK.US,D,20230606,000000,34.91,35.02,34.8888,35.0099,108074,0
AOK.US,D,20230607,000000,34.95,35.0313,34.82,34.88,212352,0
AOK.US,D,20230608,000000,34.91,35.05,34.8825,35.05,58169,0
AOK.US,D,20230609,000000,34.95,35.03,34.95,34.96,81057,0
AOK.US,D,20230612,000000,35.03,35.13,34.97,35.13,79881,0
AOK.US,D,20230613,000000,35.14,35.2185,35.07,35.11,220753,0
AOK.US,D,20230614,000000,35.13,35.2296,35.03,35.18,63527,0
AOK.US,D,20230615,000000,35.23,35.41,35.2173,35.41,150714,0
AOK.US,D,20230616,000000,35.35,35.45,35.29,35.3,362989,0
AOK.US,D,20230620,000000,35.29,35.29,35.2301,35.26,357350,0
AOK.US,D,20230621,000000,35.21,35.29,35.0501,35.27,84021,0
AOK.US,D,20230622,000000,35.09,35.1487,35.08,35.13,105811,0
AOK.US,D,20230623,000000,35,35.12,35,35.089,82674,0
AOK.US,D,20230626,000000,35.08,35.15,35.08,35.09,53541,0
AOK.US,D,20230627,000000,35.2,35.2,35.0779,35.16,92431,0
AOK.US,D,20230628,000000,35.16,35.2399,35.13,35.211,120279,0
AOK.US,D,20230629,000000,35.02,35.09,35.02,35.09,51972,0
AOK.US,D,20230630,000000,35.19,35.305,35.19,35.24,124848,0
AOK.US,D,20230703,000000,35.29,35.3588,35.26,35.26,93348,0
AOK.US,D,20230705,000000,35.02,35.075,34.93,34.94,80120,0
AOK.US,D,20230706,000000,34.68,34.73,34.575,34.73,63012,0
AOK.US,D,20230707,000000,35.05,35.05,34.66,34.75,65527,0
AOK.US,D,20230710,000000,34.67,34.83,34.67,34.81,116062,0
AOK.US,D,20230711,000000,34.9,34.94,34.84,34.91,212900,0
AOK.US,D,20230712,000000,35.06,35.3,35.06,35.3,63580,0
AOK.US,D,20230713,000000,35.3,35.54,35.3,35.54,198191,0
AOK.US,D,20230714,000000,35.42,35.5285,35.34,35.4,170294,0
AOK.US,D,20230717,000000,35.4,35.4538,35.33,35.4,124922,0
AOK.US,D,20230718,000000,35.44,35.58,35.44,35.57,129788,0
AOK.US,D,20230719,000000,35.58,35.64,35.57,35.64,47769,0
AOK.US,D,20230720,000000,35.54,35.54,35.39,35.45,59794,0
AOK.US,D,20230721,000000,35.46,35.5172,35.44,35.45,82185,0
AOK.US,D,20230724,000000,35.45,35.5399,35.44,35.49,58930,0
AOK.US,D,20230725,000000,35.45,35.5,35.43,35.5,229553,0
AOK.US,D,20230726,000000,35.49,35.57,35.4329,35.57,77780,0
AOK.US,D,20230727,000000,35.63,35.63,35.2736,35.34,132904,0
AOK.US,D,20230728,000000,35.48,35.53,35.4301,35.53,109151,0
AOK.US,D,20230731,000000,35.47,35.57,35.4101,35.57,62716,0
AOK.US,D,20230801,000000,35.32,35.4594,35.31,35.36,63630,0
AOK.US,D,20230802,000000,35.18,35.18,34.98,35.08,70244,0
AOK.US,D,20230803,000000,34.8,34.9499,34.8,34.87,66515,0
AOK.US,D,20230804,000000,34.92,35.17,34.92,35.07,110065,0
AOK.US,D,20230807,000000,35.01,35.13,35.01,35.13,54169,0
AOK.US,D,20230808,000000,35.19,35.19,35.01,35.105,61204,0
AOK.US,D,20230809,000000,35.15,35.152,35.07,35.11,48422,0
AOK.US,D,20230810,000000,35.13,35.28,34.9781,34.99,48626,0
AOK.US,D,20230811,000000,34.88,34.95,34.8395,34.91,37236,0
AOK.US,D,20230814,000000,34.85,34.8908,34.73,34.855,221795,0
AOK.US,D,20230815,000000,34.82,34.82,34.66,34.67,62030,0
AOK.US,D,20230816,000000,34.6,34.7089,34.5163,34.54,130643,0
AOK.US,D,20230817,000000,34.62,34.62,34.4,34.4304,40446,0
AOK.US,D,20230818,000000,34.32,34.5,34.32,34.46,79664,0
AOK.US,D,20230821,000000,34.46,34.46,34.3006,34.4,89122,0
AOK.US,D,20230822,000000,34.43,34.4488,34.34,34.41,48963,0
AOK.US,D,20230823,000000,34.44,34.7399,34.44,34.715,205917,0
AOK.US,D,20230824,000000,34.77,34.77,34.55,34.55,60305,0
AOK.US,D,20230825,000000,34.56,34.68,34.4419,34.61,74808,0
AOK.US,D,20230828,000000,34.73,34.7399,34.68,34.725,73377,0
AOK.US,D,20230829,000000,34.68,35.01,34.68,35.01,347970,0
AOK.US,D,20230830,000000,35.01,35.08,34.98,35.02,50728,0
AOK.US,D,20230831,000000,35.03,35.11,35.03,35.05,56064,0
AOK.US,D,20230901,000000,35.1,35.1,34.96,34.985,123044,0
AOK.US,D,20230905,000000,34.85,34.85,34.71,34.71,83534,0
AOK.US,D,20230906,000000,34.78,34.78,34.54,34.61,102289,0
AOK.US,D,20230907,000000,34.58,34.65,34.56,34.6422,163496,0
AOK.US,D,20230908,000000,34.69,34.75,34.65,34.71,56535,0
AOK.US,D,20230911,000000,34.74,34.8399,34.66,34.72,66658,0
AOK.US,D,20230912,000000,34.73,34.73,34.6572,34.73,96417,0
AOK.US,D,20230913,000000,34.63,34.735,34.63,34.71,83252,0
AOK.US,D,20230914,000000,34.73,34.85,34.73,34.78,106060,0
AOK.US,D,20230915,000000,34.72,34.77,34.64,34.68,759537,0
AOK.US,D,20230918,000000,34.68,34.7,34.6027,34.67,89231,0
AOK.US,D,20230919,000000,34.67,34.67,34.575,34.6,57923,0
AOK.US,D,20230920,000000,34.65,34.7201,34.5198,34.5198,97658,0
AOK.US,D,20230921,000000,34.29,34.3001,34.19,34.19,75075,0
AOK.US,D,20230922,000000,34.21,34.3889,34.21,34.2665,68275,0
AOK.US,D,20230925,000000,34.06,34.19,34.03,34.13,128112,0
AOK.US,D,20230926,000000,34.07,34.11,33.934,33.96,178675,0
AOK.US,D,20230927,000000,34.01,34.0586,33.765,33.87,180222,0
AOK.US,D,20230928,000000,33.79,34.04,33.79,34.02,107334,0
AOK.US,D,20230929,000000,34.15,34.19,33.95,33.961,47354,0
AOK.US,D,20231002,000000,33.97,33.97,33.71,33.76,116486,0
AOK.US,D,20231003,000000,33.52,33.6099,33.33,33.37,105162,0
AOK.US,D,20231004,000000,33.42,33.56,33.35,33.56,160990,0
AOK.US,D,20231005,000000,33.56,33.6103,33.49,33.59,71116,0
AOK.US,D,20231006,000000,33.34,33.71,33.34,33.625,116903,0
AOK.US,D,20231009,000000,33.5,33.89,33.5,33.89,35361,0
AOK.US,D,20231010,000000,33.89,34.039,33.75,33.94,46174,0
AOK.US,D,20231011,000000,33.96,34.18,33.96,34.11,88708,0
AOK.US,D,20231012,000000,34.03,34.0999,33.79,33.835,50896,0
AOK.US,D,20231013,000000,33.87,33.98,33.8124,33.86,403748,0
AOK.US,D,20231016,000000,33.81,33.89,33.8,33.86,819342,0
AOK.US,D,20231017,000000,33.63,33.8008,33.6,33.73,113775,0
AOK.US,D,20231018,000000,33.58,33.6266,33.44,33.44,109233,0
AOK.US,D,20231019,000000,33.55,33.55,33.2729,33.28,41385,0
AOK.US,D,20231020,000000,33.31,33.35,33.245,33.25,54010,0
AOK.US,D,20231023,000000,33.23,33.41,33.05,33.32,119378,0
AOK.US,D,20231024,000000,33.31,33.47,33.31,33.47,124389,0
AOK.US,D,20231025,000000,33.3,33.32,33.14,33.19,117388,0
AOK.US,D,20231026,000000,33.2,33.2801,33.13,33.19,118349,0
AOK.US,D,20231027,000000,33.23,33.26,33.15,33.17,155917,0
AOK.US,D,20231030,000000,33.27,33.31,33.1515,33.25,138912,0
AOK.US,D,20231031,000000,33.25,33.3474,33.25,33.31,94421,0
AOK.US,D,20231101,000000,33.37,33.635,33.356,33.62,166605,0
AOK.US,D,20231102,000000,33.75,33.915,33.75,33.88,196631,0
AOK.US,D,20231103,000000,34.08,34.24,34.08,34.14,124432,0
AOK.US,D,20231106,000000,34.12,34.12,34.001,34.03,232891,0
AOK.US,D,20231107,000000,34.01,34.1909,34.01,34.13,85231,0
AOK.US,D,20231108,000000,34.19,34.21,34.12,34.2,129823,0
AOK.US,D,20231109,000000,34.2,34.2294,33.96,33.98,181922,0
AOK.US,D,20231110,000000,34.07,34.15,34.01,34.14,133564,0
AOK.US,D,20231113,000000,34.06,34.145,33.96,34.12,660965,0
AOK.US,D,20231114,000000,34.49,34.68,34.49,34.62,175243,0
AOK.US,D,20231115,000000,34.52,34.61,34.5,34.53,276276,0
AOK.US,D,20231116,000000,34.65,34.685,34.58,34.65,447324,0
AOK.US,D,20231117,000000,34.67,34.77,34.6524,34.71,218279,0
AOK.US,D,20231120,000000,34.7,34.88,34.6971,34.86,233150,0
AOK.US,D,20231121,000000,34.82,34.87,34.795,34.84,478395,0
AOK.US,D,20231122,000000,34.87,34.94,34.84,34.89,273451,0
AOK.US,D,20231124,000000,34.87,34.87,34.8,34.84,223487,0
AOK.US,D,20231127,000000,34.8,34.93,34.8,34.9,298463,0
AOK.US,D,20231128,000000,34.92,35.05,34.8889,35.05,247837,0
AOK.US,D,20231129,000000,35.15,35.2201,35.129,35.15,240427,0
AOK.US,D,20231130,000000,35.09,35.13,35.0364,35.08,321696,0
AOK.US,D,20231201,000000,35.06,35.3901,35.04,35.38,134697,0
AOK.US,D,20231204,000000,35.1,35.22,35.1,35.19,551573,0
AOK.US,D,20231205,000000,35.18,35.33,35.18,35.28,229086,0
AOK.US,D,20231206,000000,35.43,35.44,35.35,35.36,153038,0
AOK.US,D,20231207,000000,35.33,35.4756,35.33,35.42,349485,0
AOK.US,D,20231208,000000,35.23,35.3851,35.23,35.32,261359,0
AOK.US,D,20231211,000000,35.34,35.42,35.2999,35.42,804734,0
AOK.US,D,20231212,000000,35.35,35.5,35.33,35.49,248817,0
AOK.US,D,20231213,000000,35.51,35.95,35.51,35.89,194549,0
AOK.US,D,20231214,000000,36.04,36.245,36.03,36.16,284230,0
AOK.US,D,20231215,000000,36.24,36.24,36.06,36.1,235441,0
AOK.US,D,20231218,000000,36.05,36.24,36.05,36.09,247755,0
AOK.US,D,20231219,000000,36.11,36.25,36.11,36.2,207587,0
AOK.US,D,20231220,000000,36.29,36.315,36.155,36.16,140622,0
AOK.US,D,20231221,000000,36.26,36.39,36.18,36.3,243351,0
AOK.US,D,20231222,000000,36.12,36.12,35.985,36.01,253944,0
AOK.US,D,20231226,000000,36,36.13,36,36.07,155088,0
AOK.US,D,20231227,000000,36.21,36.3,36.16,36.27,770205,0
AOK.US,D,20231228,000000,36.21,36.32,36.2,36.23,300609,0
AOK.US,D,20231229,000000,36.2,36.22,36.115,36.15,120304,0
AOK.US,D,20240102,000000,36.04,36.04,35.9079,35.97,499838,0
AOK.US,D,20240103,000000,35.74,35.94,35.73,35.87,83455,0
AOK.US,D,20240104,000000,35.8,35.87,35.73,35.76,361287,0
AOK.US,D,20240105,000000,35.72,35.88,35.55,35.69,471689,0
AOK.US,D,20240108,000000,35.71,35.92,35.7,35.89,368770,0
AOK.US,D,20240109,000000,35.86,35.89,35.81,35.84,121626,0
AOK.US,D,20240110,000000,35.88,36.06,35.86,35.88,183880,0
AOK.US,D,20240111,000000,35.95,36.01,35.79,35.97,752903,0
AOK.US,D,20240112,000000,36.02,36.17,36.02,36.03,192508,0
AOK.US,D,20240116,000000,35.95,35.95,35.74,35.78,287728,0
AOK.US,D,20240117,000000,35.61,35.65,35.57,35.65,106719,0
AOK.US,D,20240118,000000,35.6,35.71,35.6,35.7,135026,0
AOK.US,D,20240119,000000,35.77,35.82,35.63,35.82,116227,0
AOK.US,D,20240122,000000,35.91,35.95,35.82,35.89,411512,0
AOK.US,D,20240123,000000,35.8,35.8476,35.73,35.83,112038,0
AOK.US,D,20240124,000000,36.07,36.07,35.83,35.85,81613,0
AOK.US,D,20240125,000000,35.93,36,35.92,35.98,39203,0
AOK.US,D,20240126,000000,36.01,36.04,35.9512,35.97,130627,0
AOK.US,D,20240129,000000,36,36.1513,36,36.14,616682,0
AOK.US,D,20240130,000000,36.19,36.19,36.0723,36.14,158295,0
AOK.US,D,20240131,000000,36.19,36.3,36.065,36.18,92577,0
AOK.US,D,20240201,000000,36.16,36.39,36.16,36.37,29488,0
AOK.US,D,20240202,000000,36.31,36.31,36.075,36.17,68905,0
AOK.US,D,20240205,000000,35.96,35.9883,35.86,35.94,50970,0
AOK.US,D,20240206,000000,35.92,36.1099,35.92,36.1,44091,0
AOK.US,D,20240207,000000,36.07,36.16,36.07,36.1,143483,0
AOK.US,D,20240208,000000,36.03,36.2,36.03,36.031,76472,0
AOK.US,D,20240209,000000,36.06,36.11,35.91,36.11,71783,0
AOK.US,D,20240212,000000,36.16,36.195,36.11,36.11,50637,0
AOK.US,D,20240213,000000,35.85,35.88,35.6827,35.74,52817,0
AOK.US,D,20240214,000000,35.8,35.975,35.8,35.97,47703,0
AOK.US,D,20240215,000000,36.06,36.15,36.0342,36.15,62958,0
AOK.US,D,20240216,000000,35.92,36.11,35.92,36.01,39376,0
AOK.US,D,20240220,000000,35.98,36.105,35.98,36.03,111325,0
AOK.US,D,20240221,000000,36.01,36.0429,35.91,36,123779,0
AOK.US,D,20240222,000000,36.12,36.1973,36.1,36.16,141834,0
AOK.US,D,20240223,000000,36.18,36.3176,36.18,36.27,46798,0
AOK.US,D,20240226,000000,36.32,36.32,36.17,36.2,38142,0
AOK.US,D,20240227,000000,36.24,36.24,36.17,36.21,33687,0
AOK.US,D,20240228,000000,36.09,36.21,36.09,36.1982,38955,0
AOK.US,D,20240229,000000,36.36,36.36,36.25,36.31,61936,0
AOK.US,D,20240301,000000,36.23,36.52,36.23,36.52,43047,0
AOK.US,D,20240304,000000,36.33,36.405,36.33,36.365,32910,0
AOK.US,D,20240305,000000,36.59,36.59,36.3595,36.39,39940,0
AOK.US,D,20240306,000000,36.43,36.61,36.43,36.46,125111,0
AOK.US,D,20240307,000000,36.61,36.69,36.6,36.67,57424,0
AOK.US,D,20240308,000000,36.71,36.81,36.6351,36.66,73355,0
AOK.US,D,20240311,000000,36.67,36.67,36.55,36.64,142018,0
AOK.US,D,20240312,000000,36.56,36.69,36.55,36.69,63562,0
AOK.US,D,20240313,000000,36.62,36.665,36.585,36.59,98463,0
AOK.US,D,20240314,000000,36.52,36.62,36.37,36.42,206832,0
AOK.US,D,20240315,000000,36.42,36.42,36.345,36.4,43936,0
AOK.US,D,20240318,000000,36.39,36.44,36.375,36.41,63649,0
AOK.US,D,20240319,000000,36.37,36.49,36.37,36.47,39632,0
AOK.US,D,20240320,000000,36.45,36.67,36.45,36.655,48493,0
AOK.US,D,20240321,000000,36.79,36.79,36.7,36.7005,44360,0
AOK.US,D,20240322,000000,36.74,36.79,36.72,36.72,191422,0
AOK.US,D,20240325,000000,36.68,36.79,36.665,36.67,39120,0
AOK.US,D,20240326,000000,36.66,36.85,36.66,36.67,50402,0
AOK.US,D,20240327,000000,36.83,36.85,36.745,36.85,36726,0
AOK.US,D,20240328,000000,36.85,36.88,36.81,36.825,42400,0
AOK.US,D,20240401,000000,36.79,36.79,36.615,36.66,96115,0
AOK.US,D,20240402,000000,36.38,36.48,36.38,36.48,53861,0
AOK.US,D,20240403,000000,36.35,36.54,36.35,36.51,49476,0
AOK.US,D,20240404,000000,36.62,36.6692,36.4317,36.44,78216,0
AOK.US,D,20240405,000000,36.34,36.5003,36.33,36.44,122061,0
AOK.US,D,20240408,000000,36.45,36.5,36.42,36.5,35280,0
AOK.US,D,20240409,000000,36.51,36.575,36.45,36.55,62747,0
AOK.US,D,20240410,000000,36.29,36.29,36.1,36.12,75160,0
AOK.US,D,20240411,000000,36.27,36.27,36.07,36.201,53111,0
AOK.US,D,20240412,000000,36.14,36.19,36.06,36.065,34568,0
AOK.US,D,20240415,000000,36.06,36.06,35.805,35.84,207720,0
AOK.US,D,20240416,000000,35.72,35.76,35.6351,35.71,123417,0
AOK.US,D,20240417,000000,35.79,35.81,35.685,35.745,47971,0
AOK.US,D,20240418,000000,35.82,35.82,35.655,35.77,42719,0
AOK.US,D,20240419,000000,35.7,35.7267,35.61,35.66,75084,0
AOK.US,D,20240422,000000,35.63,35.83,35.63,35.78,66158,0
AOK.US,D,20240423,000000,35.78,35.99,35.78,35.95,47766,0
AOK.US,D,20240424,000000,35.81,35.9299,35.81,35.8843,145986,0
AOK.US,D,20240425,000000,35.62,35.79,35.59,35.76,32532,0
AOK.US,D,20240426,000000,35.915,35.9689,35.915,35.96,61866,0
AOK.US,D,20240429,000000,35.98,36.07,35.98,36.06,43973,0
AOK.US,D,20240430,000000,35.99,35.99,35.77,35.77,33319,0
AOK.US,D,20240501,000000,35.82,36.04,35.78,35.81,58290,0
AOK.US,D,20240502,000000,35.83,36.025,35.8,36,60418,0
AOK.US,D,20240503,000000,36.21,36.265,36.145,36.24,60074,0
AOK.US,D,20240506,000000,36.27,36.38,36.27,36.38,102269,0
AOK.US,D,20240507,000000,36.41,36.48,36.395,36.405,34291,0
AOK.US,D,20240508,000000,36.4,36.4,36.3365,36.365,43102,0
AOK.US,D,20240509,000000,36.34,36.5,36.34,36.49,40554,0
AOK.US,D,20240510,000000,36.45,36.4993,36.41,36.43,56726,0
AOK.US,D,20240513,000000,36.46,36.51,36.445,36.445,59508,0
AOK.US,D,20240514,000000,36.48,36.58,36.48,36.56,49442,0
AOK.US,D,20240515,000000,36.71,36.87,36.71,36.87,53024,0
AOK.US,D,20240516,000000,36.82,36.868,36.7799,36.7799,59617,0
AOK.US,D,20240517,000000,36.81,36.81,36.72,36.73,94939,0
AOK.US,D,20240520,000000,36.71,36.78,36.71,36.76,49175,0
AOK.US,D,20240521,000000,36.74,36.81,36.74,36.81,25908,0
AOK.US,D,20240522,000000,36.75,36.75,36.645,36.68,47062,0
AOK.US,D,20240523,000000,36.73,36.7563,36.515,36.52,57850,0
AOK.US,D,20240524,000000,36.59,36.66,36.5503,36.63,28424,0
AOK.US,D,20240528,000000,36.72,36.72,36.501,36.53,70220,0
AOK.US,D,20240529,000000,36.35,36.375,36.3,36.32,44362,0
AOK.US,D,20240530,000000,36.46,36.4784,36.3983,36.42,84566,0
AOK.US,D,20240531,000000,36.46,36.63,36.41,36.57,54211,0
AOK.US,D,20240603,000000,36.62,36.73,36.62,36.7085,26170,0
AOK.US,D,20240604,000000,36.71,36.735,36.65,36.7189,31877,0
AOK.US,D,20240605,000000,36.75,36.9,36.72,36.89,204109,0
AOK.US,D,20240606,000000,36.84,36.95,36.84,36.95,47611,0
AOK.US,D,20240607,000000,36.79,36.79,36.655,36.655,146811,0
AOK.US,D,20240610,000000,36.69,36.69,36.59,36.6566,127911,0
AOK.US,D,20240611,000000,36.6,36.77,36.557,36.77,55781,0
AOK.US,D,20240612,000000,36.97,37.1,36.9445,36.945,26081,0
AOK.US,D,20240613,000000,37.05,37.05,36.93,37.01,30142,0
AOK.US,D,20240614,000000,37,37.03,36.9401,37.03,32418,0
AOK.US,D,20240617,000000,36.95,37.0201,36.87,36.9941,48904,0
AOK.US,D,20240618,000000,37.1,37.12,37.04,37.1156,613662,0
AOK.US,D,20240620,000000,37.04,37.0799,37,37.0645,65275,0
AOK.US,D,20240621,000000,37.06,37.07,37.01,37.07,64305,0
AOK.US,D,20240624,000000,37.09,37.1279,37.06,37.06,37533,0
AOK.US,D,20240625,000000,37.04,37.13,37.01,37.13,29573,0
AOK.US,D,20240626,000000,36.93,36.98,36.87,36.95,34587,0
AOK.US,D,20240627,000000,36.98,37.06,36.98,37.04,42144,0
AOK.US,D,20240628,000000,37.05,37.13,36.9251,36.926,27068,0
AOK.US,D,20240701,000000,36.85,36.88,36.75,36.83,31993,0
AOK.US,D,20240702,000000,36.74,36.8,36.68,36.8,19989,0
AOK.US,D,20240703,000000,36.82,36.98,36.82,36.975,26264,0
AOK.US,D,20240705,000000,37.04,37.16,37,37.14,39829,0
AOK.US,D,20240708,000000,37.19,37.2085,37.145,37.159,66073,0
AOK.US,D,20240709,000000,37.14,37.16,37.0644,37.13,34821,0
AOK.US,D,20240710,000000,37.14,37.2851,37.14,37.2851,23554,0
AOK.US,D,20240711,000000,37.39,37.49,37.3605,37.39,43660,0
AOK.US,D,20240712,000000,37.47,37.5678,37.42,37.48,61419,0
AOK.US,D,20240715,000000,37.46,37.54,37.43,37.44,54407,0
AOK.US,D,20240716,000000,37.52,37.65,37.49,37.65,49357,0
AOK.US,D,20240717,000000,37.53,37.53,37.46,37.51,30013,0
AOK.US,D,20240718,000000,37.5,37.5252,37.3,37.34,41946,0
AOK.US,D,20240719,000000,37.3,37.3,37.1801,37.1935,566057,0
AOK.US,D,20240722,000000,37.3,37.3477,37.22,37.32,85102,0
AOK.US,D,20240723,000000,37.26,37.36,37.26,37.2944,51364,0
AOK.US,D,20240724,000000,37.25,37.2601,37,37,53761,0
AOK.US,D,20240725,000000,36.98,37.18,36.98,37.0186,64621,0
AOK.US,D,20240726,000000,37.15,37.2567,37.15,37.25,35024,0
AOK.US,D,20240729,000000,37.26,37.45,37.215,37.2622,19148,0
AOK.US,D,20240730,000000,37.33,37.33,37.2,37.275,85442,0
AOK.US,D,20240731,000000,37.47,37.58,37.45,37.57,76898,0
AOK.US,D,20240801,000000,37.51,37.65,37.36,37.48,29986,0
AOK.US,D,20240802,000000,37.4,37.44,37.295,37.44,65445,0
AOK.US,D,20240805,000000,37,37.28,37,37.1,105653,0
AOK.US,D,20240806,000000,37,37.1989,37,37.05,91511,0
AOK.US,D,20240807,000000,37.23,37.23,36.945,36.95,65518,0
AOK.US,D,20240808,000000,37,37.175,36.981,37.15,35793,0
AOK.US,D,20240809,000000,37.27,37.315,37.205,37.3,30555,0
AOK.US,D,20240812,000000,37.24,37.349,37.24,37.34,33215,0
AOK.US,D,20240813,000000,37.4,37.605,37.4,37.605,36656,0
AOK.US,D,20240814,000000,37.61,37.67,37.6,37.63,75835,0
AOK.US,D,20240815,000000,37.59,37.75,37.59,37.72,35168,0
AOK.US,D,20240816,000000,37.78,37.84,37.6203,37.84,26236,0
AOK.US,D,20240819,000000,37.84,37.99,37.84,37.99,191659,0
AOK.US,D,20240820,000000,38,38.04,37.98,38.01,33406,0
AOK.US,D,20240821,000000,38.06,38.19,38.04,38.15,33046,0
AOK.US,D,20240822,000000,38.15,38.15,37.935,37.94,39193,0
AOK.US,D,20240823,000000,38.11,38.25,38.02,38.23,34674,0
AOK.US,D,20240826,000000,38.25,38.2817,38.14,38.19,56096,0
AOK.US,D,20240827,000000,38.13,38.2,38.01,38.17,33692,0
AOK.US,D,20240828,000000,38.16,38.1938,38.03,38.05,71066,0
AOK.US,D,20240829,000000,38.09,38.1895,38.072,38.09,38397,0
AOK.US,D,20240830,000000,38.17,38.19,38.0219,38.14,47549,0
AOK.US,D,20240903,000000,38.09,38.14,37.93,37.94,69177,0
AOK.US,D,20240904,000000,37.86,38,37.8544,37.99,32011,0
AOK.US,D,20240905,000000,38.02,38.07,37.95,38.06,106577,0
AOK.US,D,20240906,000000,38.06,38.07,37.81,37.84,62366,0
AOK.US,D,20240909,000000,37.95,38.05,37.91,38,45294,0
AOK.US,D,20240910,000000,38.01,38.12,37.97,38.12,45518,0
AOK.US,D,20240911,000000,38.01,38.17,37.97,38.15,32272,0
AOK.US,D,20240912,000000,38.25,38.3,38.15,38.3,58385,0
AOK.US,D,20240913,000000,38.33,38.4089,38.3,38.386,28615,0
AOK.US,D,20240916,000000,38.42,38.5,38.3862,38.5,331860,0
AOK.US,D,20240917,000000,38.5,38.5388,38.415,38.43,47520,0
AOK.US,D,20240918,000000,38.44,38.5501,38.3307,38.35,67394,0
AOK.US,D,20240919,000000,38.51,38.6,38.5,38.6,39048,0
AOK.US,D,20240920,000000,38.51,38.5598,38.445,38.51,45347,0
AOK.US,D,20240923,000000,38.51,38.5774,38.4778,38.5483,32325,0
AOK.US,D,20240924,000000,38.55,38.6674,38.5301,38.6524,54163,0
AOK.US,D,20240925,000000,38.63,38.63,38.51,38.51,55764,0
AOK.US,D,20240926,000000,38.66,38.7,38.615,38.65,39691,0
AOK.US,D,20240927,000000,38.77,38.77,38.7,38.73,42648,0
AOK.US,D,20240930,000000,38.7,38.74,38.55,38.66,75744,0
AOK.US,D,20241001,000000,38.67,38.715,38.59,38.64,65490,0
AOK.US,D,20241002,000000,38.47,38.52,38.39,38.5,224412,0
AOK.US,D,20241003,000000,38.41,38.42,38.32,38.36,43263,0
AOK.US,D,20241004,000000,38.3,38.3,38.22,38.26,33354,0
AOK.US,D,20241007,000000,38.23,38.23,38.1023,38.12,60740,0
AOK.US,D,20241008,000000,38.14,38.23,38.1124,38.23,39447,0
AOK.US,D,20241009,000000,38.17,38.22,38.12,38.2,166359,0
AOK.US,D,20241010,000000,38.18,38.189,38.1,38.1695,174055,0
AOK.US,D,20241011,000000,38.2,38.3018,38.1618,38.2698,35747,0
AOK.US,D,20241014,000000,38.16,38.3222,38.1,38.31,30240,0
AOK.US,D,20241015,000000,38.39,38.39,38.2583,38.26,49654,0
AOK.US,D,20241016,000000,38.34,38.37,38.2888,38.37,33428,0
AOK.US,D,20241017,000000,38.4,38.4,38.24,38.24,329389,0
AOK.US,D,20241018,000000,38.39,38.39,38.3285,38.37,41992,0
AOK.US,D,20241021,000000,38.25,38.27,38.0821,38.15,74575,0
AOK.US,D,20241022,000000,38.07,38.11,38.0301,38.05,44790,0
AOK.US,D,20241023,000000,37.96,37.96,37.82,37.88,30708,0
AOK.US,D,20241024,000000,37.97,38.01,37.93,37.95,85120,0
AOK.US,D,20241025,000000,38.09,38.09,37.91,37.9137,70259,0
AOK.US,D,20241028,000000,37.98,38.01,37.925,37.9705,81183,0
AOK.US,D,20241029,000000,37.86,38.06,37.84,37.98,97616,0
AOK.US,D,20241030,000000,37.99,38.0444,37.9,37.9093,90638,0
AOK.US,D,20241031,000000,37.79,37.8096,37.64,37.735,135052,0
AOK.US,D,20241101,000000,37.76,37.87,37.68,37.69,105313,0
AOK.US,D,20241104,000000,37.73,37.8,37.67,37.675,118508,0
AOK.US,D,20241105,000000,37.69,37.89,37.69,37.85,56241,0
AOK.US,D,20241106,000000,37.82,37.884,37.6703,37.84,107707,0
AOK.US,D,20241107,000000,37.93,38.1499,37.93,38.11,96147,0
AOK.US,D,20241108,000000,38.07,38.17,38.07,38.1,240408,0
AOK.US,D,20241111,000000,38.14,38.15,38.06,38.1,190278,0
AOK.US,D,20241112,000000,38,38.0207,37.805,37.871,47948,0
AOK.US,D,20241113,000000,37.935,37.9584,37.81,37.85,159193,0
AOK.US,D,20241114,000000,37.88,37.91,37.7788,37.7788,68223,0
AOK.US,D,20241115,000000,37.7,37.77,37.63,37.69,35946,0
AOK.US,D,20241118,000000,37.6001,37.79,37.6,37.76,66169,0
AOK.US,D,20241119,000000,37.745,37.88,37.7182,37.83,90795,0
AOK.US,D,20241120,000000,37.79,37.81,37.68,37.81,93409,0
AOK.US,D,20241121,000000,37.8264,37.87,37.7605,37.86,127262,0
AOK.US,D,20241122,000000,37.853,37.99,37.85,37.915,99239,0
AOK.US,D,20241125,000000,38.1,38.17,38.0501,38.14,105739,0
AOK.US,D,20241126,000000,38.0779,38.13,38.03,38.13,91519,0
AOK.US,D,20241127,000000,38.2,38.22,38.1256,38.16,78418,0
AOK.US,D,20241129,000000,38.29,38.385,38.25,38.375,53609,0
AOK.US,D,20241202,000000,38.3,38.43,38.2511,38.42,118514,0
AOK.US,D,20241203,000000,38.32,38.37,38.2909,38.31,99964,0
AOK.US,D,20241204,000000,38.3,38.45,38.25,38.4,144569,0
AOK.US,D,20241205,000000,38.4107,38.46,38.4099,38.44,285831,0
AOK.US,D,20241206,000000,38.5362,38.5498,38.4701,38.51,269201,0
AOK.US,D,20241209,000000,38.53,38.53,38.42,38.44,159679,0
AOK.US,D,20241210,000000,38.4,38.4,38.31,38.32,325811,0
AOK.US,D,20241211,000000,38.41,38.44,38.3618,38.38,152510,0
AOK.US,D,20241212,000000,38.34,38.34,38.2,38.21,235900,0
AOK.US,D,20241213,000000,38.23,38.23,38.08,38.1,220597,0
AOK.US,D,20241216,000000,38.12,38.17,38.04,38.11,1118172,0
AOK.US,D,20241217,000000,38.115,38.13,38.06,38.07,298553,0
AOK.US,D,20241218,000000,38.01,38.12,37.54,37.54,192506,0
AOK.US,D,20241219,000000,37.6,37.66,37.45,37.49,229677,0
AOK.US,D,20241220,000000,37.335,37.49,37.21,37.35,150154,0
AOK.US,D,20241223,000000,37.33,37.38,37.27,37.32,624421,0
AOK.US,D,20241224,000000,37.38,37.495,37.31,37.46,118928,0
AOK.US,D,20241226,000000,37.39,37.53,37.3899,37.49,193682,0
AOK.US,D,20241227,000000,37.49,37.49,37.33,37.38,1042187,0
AOK.US,D,20241230,000000,37.2879,37.41,37.271,37.33,340185,0
AOK.US,D,20241231,000000,37.435,37.4499,37.265,37.3,538946,0
AOK.US,D,20250102,000000,37.35,37.42,37.2,37.24,142095,0
AOK.US,D,20250103,000000,37.3409,37.39,37.3,37.33,105290,0
AOK.US,D,20250106,000000,37.4256,37.48,37.36,37.4,508214,0
AOK.US,D,20250107,000000,37.4443,37.4443,37.185,37.2,70588,0
AOK.US,D,20250108,000000,37.14,37.24,37.1267,37.24,144506,0
AOK.US,D,20250110,000000,37.02,37.13,36.9,36.91,264013,0
AOK.US,D,20250113,000000,36.85,36.9,36.77,36.86,443356,0
AOK.US,D,20250114,000000,36.91,36.99,36.86,36.95,50179,0
AOK.US,D,20250115,000000,37.28,37.33,37.23,37.33,44090,0
AOK.US,D,20250116,000000,37.31,37.42,37.27,37.38,987140,0
AOK.US,D,20250117,000000,37.47,37.519,37.44,37.44,382955,0
AOK.US,D,20250121,000000,37.64,37.699,37.58,37.65,370630,0
AOK.US,D,20250122,000000,37.71,37.7498,37.67,37.69,122721,0
AOK.US,D,20250123,000000,37.6144,37.69,37.6119,37.64,227577,0
AOK.US,D,20250124,000000,37.7188,37.79,37.68,37.79,203404,0
AOK.US,D,20250127,000000,37.65,37.73,37.65,37.73,1393674,0
AOK.US,D,20250128,000000,37.6999,37.8,37.6682,37.8,135645,0
AOK.US,D,20250129,000000,37.8076,37.81,37.67,37.7,60916,0
AOK.US,D,20250130,000000,37.85,37.94,37.8097,37.91,168309,0
AOK.US,D,20250131,000000,37.92,37.96,37.72,37.77,147593,0
AOK.US,D,20250203,000000,37.63,37.76,37.59,37.7,61724,0
AOK.US,D,20250204,000000,37.62,37.79,37.6088,37.79,71175,0
AOK.US,D,20250205,000000,37.8401,37.96,37.83,37.96,101961,0
AOK.US,D,20250206,000000,37.95,38,37.91,37.92,114811,0
AOK.US,D,20250207,000000,37.9389,37.9403,37.77398,37.81,108387,0
AOK.US,D,20250210,000000,37.8724,37.91,37.85,37.88,59531,0
AOK.US,D,20250211,000000,37.78,37.85,37.76,37.85,122070,0
AOK.US,D,20250212,000000,37.58,37.735,37.58,37.72,55511,0
AOK.US,D,20250213,000000,37.81,37.98,37.81,37.98,81488,0
AOK.US,D,20250214,000000,38.09,38.1,38.03,38.06,50031,0
AOK.US,D,20250218,000000,38.02,38.05,37.975,38.01,79838,0
AOK.US,D,20250219,000000,37.94,38.0254,37.93,38.02,325370,0
AOK.US,D,20250220,000000,38.0408,38.06,37.97,38.06,50076,0
AOK.US,D,20250221,000000,38.07,38.094,37.96,37.99,62667,0
AOK.US,D,20250224,000000,37.9898,38.0299,37.93,37.95,77861,0
AOK.US,D,20250225,000000,38.0937,38.1,38,38.07,43262,0
AOK.US,D,20250226,000000,38.115,38.1928,38.1,38.15,48083,0
AOK.US,D,20250227,000000,38.07,38.13,37.9297,37.95,240291,0
AOK.US,D,20250228,000000,37.97,38.14,37.93,38.14,56710,0
AOK.US,D,20250303,000000,38.14,38.1914,37.98,38.06,145282,0
AOK.US,D,20250304,000000,37.9,37.98,37.8,37.84,126827,0
AOK.US,D,20250305,000000,37.88,37.96,37.795,37.96,119167,0
AOK.US,D,20250306,000000,37.78,37.84,37.7012,37.74,74029,0
AOK.US,D,20250307,000000,37.7991,37.84,37.7,37.79,59138,0
AOK.US,D,20250310,000000,37.6936,37.77,37.52,37.61,87533,0
AOK.US,D,20250311,000000,37.5665,37.64,37.42,37.45,261654,0
AOK.US,D,20250312,000000,37.5,37.5191,37.39,37.39,52416,0
AOK.US,D,20250313,000000,37.4174,37.435,37.34,37.36,71516,0
AOK.US,D,20250314,000000,37.47,37.63,37.46,37.63,72603,0
AOK.US,D,20250317,000000,37.66,37.78,37.59,37.78,72754,0
AOK.US,D,20250318,000000,37.67,37.7,37.6,37.68,59855,0
AOK.US,D,20250319,000000,37.67,37.89,37.6332,37.89,859415,0
AOK.US,D,20250320,000000,37.8,37.88,37.7601,37.79,100092,0
AOK.US,D,20250321,000000,37.7205,37.83,37.7,37.83,65473,0
AOK.US,D,20250324,000000,37.7934,37.82,37.76,37.8,95446,0
AOK.US,D,20250325,000000,37.81,37.865,37.81,37.81,40275,0
AOK.US,D,20250326,000000,37.8,37.89,37.651,37.6795,47753,0
AOK.US,D,20250327,000000,37.6101,37.68,37.6101,37.68,54951,0
AOK.US,D,20250328,000000,37.66,37.69,37.57,37.58,112879,0
AOK.US,D,20250331,000000,37.5,37.645,37.4518,37.63,52541,0
AOK.US,D,20250401,000000,37.64,37.77,37.59,37.76,75108,0
AOK.US,D,20250402,000000,37.5872,37.75,37.5872,37.75,65041,0
AOK.US,D,20250403,000000,37.5703,37.61,37.37,37.44,164272,0
AOK.US,D,20250404,000000,37.165,37.165,36.7245,36.75,232600,0
