<TICKER>,<PER>,<DATE>,<TIME>,<OPEN>,<HIGH>,<LOW>,<CLOSE>,<VOL>,<OPENINT>
EEMO.US,D,20161110,000000,11.5563,11.5563,11.448,11.448,719.04883998058,0
EEMO.US,D,20161116,000000,11.2157,11.2157,11.2157,11.2157,266.314385178,0
EEMO.US,D,20161122,000000,11.2157,11.2157,11.1775,11.1775,472.19589064252,0
EEMO.US,D,20161125,000000,10.9676,10.9676,10.9676,10.9676,1326.4504954058,0
EEMO.US,D,20161201,000000,11.1101,11.1101,11.1101,11.1101,375.9129975397,0
EEMO.US,D,20161207,000000,11.0272,11.1111,11.0272,11.1111,793.82172504979,0
EEMO.US,D,20161214,000000,11.4421,11.4421,11.4421,11.4421,2513.5980816415,0
EEMO.US,D,20161216,000000,11.2302,11.2302,10.9619,10.9619,534.67734254967,0
EEMO.US,D,20161219,000000,10.8465,10.9207,10.8465,10.9207,420.9815858006,0
EEMO.US,D,20161222,000000,10.8036,10.9774,10.7187,10.7187,2559.6909559992,0
EEMO.US,D,20161229,000000,11.0653,11.0653,11.0653,11.0653,725.19455656161,0
EEMO.US,D,20170105,000000,11.1443,11.1443,11.1443,11.1443,578.72164471372,0
EEMO.US,D,20170106,000000,11.2606,11.4167,11.2606,11.4167,1309.0376317595,0
EEMO.US,D,20170117,000000,11.6149,11.6149,11.6149,11.6149,260.16866859696,0
EEMO.US,D,20170123,000000,12.0591,12.0591,11.6744,11.6744,858.35174915061,0
EEMO.US,D,20170125,000000,12.0133,12.0133,12.0133,12.0133,2607.8324025506,0
EEMO.US,D,20170127,000000,11.9342,11.9517,11.8824,11.8824,1251.6776103366,0
EEMO.US,D,20170130,000000,11.8824,11.942,11.8824,11.9342,5085.5804708028,0
EEMO.US,D,20170201,000000,12.0503,12.0894,12.0357,12.0894,1871.3706989238,0
EEMO.US,D,20170206,000000,11.9596,12.2262,11.9596,12.2262,318.55297611675,0
EEMO.US,D,20170208,000000,12.0669,12.0669,12.0669,12.0669,194.61435839931,0
EEMO.US,D,20170213,000000,12.0415,12.1118,12.0133,12.1118,3654.6527935196,0
EEMO.US,D,20170214,000000,12.2593,12.2593,11.942,12.0415,2940.7253840232,0
EEMO.US,D,20170301,000000,12.0737,12.0737,12.0737,12.0737,389.22871679861,0
EEMO.US,D,20170320,000000,12.0737,12.0737,12.0737,12.0737,0,0
EEMO.US,D,20170404,000000,12.8324,12.8324,12.7464,12.8089,4044.905796415,0
EEMO.US,D,20170405,000000,12.9008,12.9008,12.9008,12.9008,659.64024636396,0
EEMO.US,D,20170407,000000,12.7318,12.7318,12.5922,12.5951,584.86736129475,0
EEMO.US,D,20170410,000000,12.5443,12.5863,12.5443,12.5503,902.39605131467,0
EEMO.US,D,20170411,000000,12.5483,12.5483,12.5483,12.5483,352.35441731243,0
EEMO.US,D,20170417,000000,12.6029,12.6029,12.6029,12.6029,260.16866859696,0
EEMO.US,D,20170419,000000,12.478,12.5804,12.4711,12.4711,8235.2602185811,0
EEMO.US,D,20170420,000000,12.5424,12.64,12.5424,12.5424,1176.9047252674,0
EEMO.US,D,20170426,000000,12.9641,12.972,12.9641,12.9641,1589.6920222932,0
EEMO.US,D,20170427,000000,12.7318,12.7318,12.7318,12.7318,306.2615429547,0
EEMO.US,D,20170428,000000,12.9857,12.9857,12.8812,12.8812,1957.4107310582,0
EEMO.US,D,20170501,000000,13.1399,13.2239,13.0628,13.177,20849366.035441,0
EEMO.US,D,20170502,000000,13.338,13.338,13.1887,13.216,104770.12770122,0
EEMO.US,D,20170503,000000,13.092,13.2317,13.0696,13.1691,71676.468198463,0
EEMO.US,D,20170504,000000,13.0091,13.0091,12.8948,12.8948,51592.266411656,0
EEMO.US,D,20170505,000000,12.9788,13.054,12.8684,13.0471,90055.233634035,0
EEMO.US,D,20170508,000000,13.0794,13.1691,12.9857,13.0852,53676.688618722,0
EEMO.US,D,20170509,000000,13.2394,13.2844,13.1614,13.2317,62958.769228272,0
EEMO.US,D,20170510,000000,13.5246,13.5246,13.1477,13.1614,75850.43404308,0
EEMO.US,D,20170511,000000,13.3741,13.3741,13.2277,13.2277,46311.047296357,0
EEMO.US,D,20170512,000000,13.3928,13.4162,13.3058,13.346,83164.861060603,0
EEMO.US,D,20170515,000000,13.5246,13.5528,13.4133,13.4913,152087.02394467,0
EEMO.US,D,20170516,000000,13.5968,13.5968,13.5001,13.5001,76403.548535372,0
EEMO.US,D,20170517,000000,13.4845,13.4845,13.2073,13.2277,93468.154908701,0
EEMO.US,D,20170518,000000,13.1614,13.2219,12.64,12.8246,88059.924317394,0
EEMO.US,D,20170519,000000,13.0169,13.1995,13.0169,13.177,103221.40712279,0
EEMO.US,D,20170522,000000,13.2239,13.2394,13.1174,13.2317,129759.63560579,0
EEMO.US,D,20170523,000000,13.1058,13.1848,13.1008,13.1096,78231.899218229,0
EEMO.US,D,20170524,000000,13.0852,13.2239,13.0852,13.1565,58663.937624228,0
EEMO.US,D,20170525,000000,13.1477,13.2854,13.1399,13.1916,67541.425225527,0
EEMO.US,D,20170526,000000,13.0628,13.338,13.0628,13.3292,36665.345122428,0
EEMO.US,D,20170530,000000,13.3058,13.3058,13.1848,13.1848,64605.821271988,0
EEMO.US,D,20170531,000000,13.2688,13.3684,13.054,13.0628,43892.70782172,0
EEMO.US,D,20170601,000000,13.092,13.216,13.092,13.1252,54671.270418752,0
EEMO.US,D,20170602,000000,13.338,13.338,13.1848,13.2239,161222.63164237,0
EEMO.US,D,20170605,000000,13.1691,13.3058,13.1691,13.2073,164890.60015515,0
EEMO.US,D,20170606,000000,13.1614,13.3292,13.1614,13.2619,77704.391878357,0
EEMO.US,D,20170607,000000,13.3605,13.3605,13.2239,13.2863,64731.808461898,0
EEMO.US,D,20170608,000000,13.4074,13.4698,13.4074,13.4698,65606.548788598,0
EEMO.US,D,20170609,000000,13.4845,13.5588,13.3263,13.3741,46908.206090813,0
EEMO.US,D,20170612,000000,13.382,13.382,13.2239,13.2463,19145.955722104,0
EEMO.US,D,20170613,000000,13.3136,13.382,13.2912,13.338,72048.284051615,0
EEMO.US,D,20170614,000000,13.4533,13.4913,13.2854,13.3136,85353.760449547,0
EEMO.US,D,20170615,000000,13.1546,13.2688,13.1546,13.2073,102115.17813821,0
EEMO.US,D,20170616,000000,13.2326,13.2873,13.1925,13.2854,37028.966686806,0
EEMO.US,D,20170619,000000,13.4474,13.4922,13.3995,13.4299,63748.493808933,0
EEMO.US,D,20170620,000000,13.3225,13.3995,13.2854,13.2912,59517.167942895,0
EEMO.US,D,20170621,000000,13.422,13.422,13.3,13.3136,30301.455602772,0
EEMO.US,D,20170622,000000,13.3537,13.4698,13.3156,13.4172,69538.783114361,0
EEMO.US,D,20170623,000000,13.4464,13.5089,13.4377,13.4787,56859.145521598,0
EEMO.US,D,20170626,000000,13.6359,13.7061,13.5899,13.5978,60896.881315337,0
EEMO.US,D,20170627,000000,13.6603,13.6681,13.5246,13.5246,37526.76972987,0
EEMO.US,D,20170628,000000,13.5528,13.7139,13.5528,13.6525,43841.493516878,0
EEMO.US,D,20170629,000000,13.5978,13.6359,13.4621,13.5041,103765.30304022,0
EEMO.US,D,20170630,000000,13.5764,13.6925,13.5382,13.6681,54936.560517833,0
EEMO.US,D,20170703,000000,13.6359,13.7042,13.629,13.6447,23310.702991849,0
EEMO.US,D,20170705,000000,13.5764,13.7296,13.5764,13.6925,57914.160201341,0
EEMO.US,D,20170706,000000,13.6056,13.6525,13.5675,13.5899,112620.25634738,0
EEMO.US,D,20170707,000000,13.5899,13.6749,13.5675,13.6056,42144.251454418,0
EEMO.US,D,20170710,000000,13.422,13.7842,13.422,13.7628,112414.37484192,0
EEMO.US,D,20170711,000000,13.8711,13.9746,13.8526,13.9737,97324.592063298,0
EEMO.US,D,20170712,000000,14.1845,14.2822,14.1367,14.2635,44076.055033054,0
EEMO.US,D,20170713,000000,14.3056,14.3173,14.246,14.2889,83277.532531256,0
EEMO.US,D,20170714,000000,14.3954,14.534,14.3954,14.4979,48643.346738858,0
EEMO.US,D,20170717,000000,14.4618,14.4618,14.3671,14.3954,31539.817493849,0
EEMO.US,D,20170718,000000,14.5008,14.5681,14.4676,14.534,67304.815137157,0
EEMO.US,D,20170719,000000,14.6805,14.7078,14.614,14.704,49150.368356792,0
EEMO.US,D,20170720,000000,14.7361,14.7361,14.614,14.6805,98824.14690907,0
EEMO.US,D,20170721,000000,14.5975,14.614,14.5272,14.5497,56240.476719108,0
EEMO.US,D,20170724,000000,14.8435,14.8435,14.614,14.6726,90309.256586052,0
EEMO.US,D,20170725,000000,14.6561,14.6882,14.6121,14.6609,59537.65366483,0
EEMO.US,D,20170726,000000,14.6638,14.7274,14.5829,14.7196,60796.501277846,0
EEMO.US,D,20170727,000000,14.8133,14.8133,14.5741,14.617,74344.733480727,0
EEMO.US,D,20170728,000000,14.4892,14.5906,14.1591,14.5585,52127.968040302,0
EEMO.US,D,20170731,000000,14.697,14.697,14.614,14.6551,46042.684338985,0
EEMO.US,D,20170801,000000,14.7575,14.7575,14.6638,14.744,56487.329668447,0
EEMO.US,D,20170802,000000,14.7508,14.8211,14.7234,14.8133,61386.490069624,0
EEMO.US,D,20170803,000000,14.7274,14.7274,14.614,14.6746,34147.6498964,0
EEMO.US,D,20170804,000000,14.697,14.7723,14.6453,14.7508,70579.45778875,0
EEMO.US,D,20170807,000000,14.8357,14.9304,14.8357,14.9236,43950.067843144,0
EEMO.US,D,20170808,000000,14.9499,15.0651,14.9382,14.9578,71723.585358919,0
EEMO.US,D,20170809,000000,15.0183,15.0183,14.7508,14.8133,48044.139372207,0
EEMO.US,D,20170810,000000,14.6347,14.6347,14.3954,14.3954,65489.780173559,0
EEMO.US,D,20170811,000000,14.3377,14.4032,14.2958,14.3535,62785.664877905,0
EEMO.US,D,20170814,000000,14.5585,14.6561,14.5585,14.5829,78904.855183853,0
EEMO.US,D,20170815,000000,14.5741,14.6414,14.5419,14.614,47240.074786189,0
EEMO.US,D,20170816,000000,14.744,14.8357,14.7196,14.7732,40512.563702154,0
EEMO.US,D,20170817,000000,14.8591,14.8591,14.5906,14.5906,75451.986751411,0
EEMO.US,D,20170818,000000,14.614,14.8123,14.614,14.781,92947.817571508,0
EEMO.US,D,20170821,000000,14.8728,14.8728,14.7654,14.8054,56287.593879564,0
EEMO.US,D,20170822,000000,14.9304,15.0475,14.9304,15.0261,82009.466343369,0
EEMO.US,D,20170823,000000,15.0417,15.1257,14.9899,15.1178,152628.87128989,0
EEMO.US,D,20170824,000000,15.11,15.2018,15.0641,15.1783,61109.932823478,0
EEMO.US,D,20170825,000000,15.2096,15.2604,15.193,15.2389,61286.110032135,0
EEMO.US,D,20170828,000000,15.194,15.194,15.0799,15.1413,86151.679318984,0
EEMO.US,D,20170829,000000,14.9655,15.1413,14.9616,15.1413,53581.430011715,0
EEMO.US,D,20170830,000000,15.1549,15.2243,15.1257,15.2096,68176.482605566,0
EEMO.US,D,20170831,000000,15.2663,15.318,15.2018,15.3121,32751.547946409,0
EEMO.US,D,20170901,000000,15.3942,15.4469,15.3414,15.396,44523.668057373,0
EEMO.US,D,20170905,000000,15.3786,15.3786,15.1549,15.2858,40349.702212757,0
EEMO.US,D,20170906,000000,15.3786,15.4321,15.3581,15.4166,117410.84242231,0
EEMO.US,D,20170907,000000,15.5231,15.5719,15.439,15.5025,180716.8446374,0
EEMO.US,D,20170908,000000,15.5631,15.5631,15.4254,15.4469,66134.056128471,0
EEMO.US,D,20170911,000000,15.6626,15.769,15.6626,15.7231,49928.82579039,0
EEMO.US,D,20170912,000000,15.8168,15.8315,15.7437,15.7446,75707.033989523,0
EEMO.US,D,20170913,000000,15.7231,15.7622,15.687,15.7163,49741.381434668,0
EEMO.US,D,20170914,000000,15.7095,15.769,15.7085,15.7465,78977.579496727,0
EEMO.US,D,20170915,000000,15.769,15.853,15.7387,15.8257,61678.411607223,0
EEMO.US,D,20170918,000000,16.102,16.102,15.8852,16.0951,77589.671835511,0
EEMO.US,D,20170919,000000,15.9779,16.0238,15.8852,15.9819,48570.622425982,0
EEMO.US,D,20170920,000000,15.9907,16.0327,15.6939,15.8706,855803.32534167,0
EEMO.US,D,20170921,000000,15.9907,15.9907,15.8472,15.8706,123137.62598972,0
EEMO.US,D,20170922,000000,15.809,15.809,15.647,15.7475,107414.83440325,0
EEMO.US,D,20170925,000000,15.5387,15.5699,15.1736,15.3063,179269.52838256,0
EEMO.US,D,20170926,000000,15.2673,15.3375,15.2155,15.237,90845.982500794,0
EEMO.US,D,20170927,000000,15.2907,15.2907,15.032,15.2136,128871.57955982,0
EEMO.US,D,20170928,000000,15.1588,15.2047,15.0895,15.1452,90857.24964786,0
EEMO.US,D,20170929,000000,15.2907,15.3746,15.2525,15.3638,82341.335038746,0
EEMO.US,D,20171002,000000,15.3706,15.4635,15.3384,15.4176,51425.307777871,0
EEMO.US,D,20171003,000000,15.6382,15.731,15.6001,15.7221,101198.44208154,0
EEMO.US,D,20171004,000000,15.6861,15.769,15.6773,15.7622,46671.596002443,0
EEMO.US,D,20171005,000000,15.8315,15.9106,15.7866,15.8706,35031.608797971,0
EEMO.US,D,20171006,000000,15.7759,15.8559,15.769,15.813,144468.38395639,0
EEMO.US,D,20171009,000000,15.809,15.809,15.7377,15.769,53468.758541063,0
EEMO.US,D,20171010,000000,15.9106,15.9769,15.8686,15.9486,75801.268310432,0
EEMO.US,D,20171011,000000,15.9331,16.0238,15.9125,16.0161,43718.579185258,0
EEMO.US,D,20171012,000000,16.0161,16.102,15.9965,16.0522,69090.145803946,0
EEMO.US,D,20171013,000000,16.062,16.2416,16.062,16.2278,115387.87738104,0
EEMO.US,D,20171016,000000,16.2495,16.2729,16.1049,16.1869,92874.068972534,0
EEMO.US,D,20171017,000000,16.1488,16.1488,16.0434,16.0873,82824.798076453,0
EEMO.US,D,20171018,000000,16.1419,16.1957,16.102,16.1566,123824.9219607,0
EEMO.US,D,20171019,000000,16.1635,16.1635,15.8764,15.9331,135296.92624529,0
EEMO.US,D,20171020,000000,16.1419,16.1419,16.0404,16.1098,58821.677683141,0
EEMO.US,D,20171023,000000,16.1419,16.1419,15.9555,15.9633,87867.358531189,0
EEMO.US,D,20171024,000000,16.0532,16.0951,15.9907,16.0404,55262.283496627,0
EEMO.US,D,20171025,000000,16.1957,16.1957,15.898,16.0073,82678.325164605,0
EEMO.US,D,20171026,000000,16.0083,16.0083,15.8472,15.8638,97045.986244958,0
EEMO.US,D,20171027,000000,15.9701,16.0404,15.8608,16.0327,149147.32284674,0
EEMO.US,D,20171030,000000,16.0472,16.0472,15.9701,15.9907,57471.668607508,0
EEMO.US,D,20171031,000000,16.2278,16.2278,16.1185,16.2191,161437.7317227,0
EEMO.US,D,20171101,000000,16.3948,16.511,16.3499,16.3499,120300.35350148,0
EEMO.US,D,20171102,000000,16.4426,16.4426,16.2836,16.3861,98690.98971648,0
EEMO.US,D,20171103,000000,16.3861,16.4417,16.2572,16.3422,74417.457793603,0
EEMO.US,D,20171106,000000,16.4505,16.5032,16.4105,16.5032,84124.617133341,0
EEMO.US,D,20171107,000000,16.5032,16.5032,16.3578,16.4261,72880.004362248,0
EEMO.US,D,20171108,000000,16.5198,16.5491,16.3948,16.4895,198626.48704062,0
EEMO.US,D,20171109,000000,16.3499,16.4027,16.2278,16.3723,129169.64681401,0
EEMO.US,D,20171110,000000,16.3861,16.4739,16.3265,16.3948,85240.064692798,0
EEMO.US,D,20171113,000000,16.3499,16.4651,16.3499,16.3948,97248.794892132,0
EEMO.US,D,20171114,000000,16.3948,16.3948,16.2495,16.2864,50082.468704915,0
EEMO.US,D,20171115,000000,16.2495,16.2495,16.0161,16.1419,119491.16748498,0
EEMO.US,D,20171116,000000,16.3861,16.597,16.3861,16.5334,111642.0631249,0
EEMO.US,D,20171117,000000,16.5833,16.6349,16.5237,16.6349,115918.4575792,0
EEMO.US,D,20171120,000000,16.6037,16.7316,16.597,16.6419,147255.46642588,0
EEMO.US,D,20171121,000000,17.005,17.0372,16.9366,16.9904,184317.21026779,0
EEMO.US,D,20171122,000000,16.9816,17.0216,16.9035,17.0216,119609.98467221,0
EEMO.US,D,20171124,000000,16.9504,16.9719,16.8625,16.8733,74367.267774858,0
EEMO.US,D,20171127,000000,16.7131,16.7131,16.5334,16.5334,96322.84026059,0
EEMO.US,D,20171128,000000,16.6106,16.7472,16.6106,16.7228,97858.245119751,0
EEMO.US,D,20171129,000000,16.674,16.6819,16.3723,16.4349,91305.886958275,0
EEMO.US,D,20171130,000000,16.303,16.303,16.1419,16.1791,108722.84774891,0
EEMO.US,D,20171201,000000,16.1098,16.1098,15.8862,16.0102,66662.587754439,0
EEMO.US,D,20171204,000000,16.1488,16.262,15.973,15.9779,119349.81600361,0
EEMO.US,D,20171205,000000,15.9486,16.0092,15.8862,15.9184,91026.256853839,0
EEMO.US,D,20171206,000000,15.6861,15.6861,15.4762,15.6694,133700.06422032,0
EEMO.US,D,20171207,000000,15.608,15.8013,15.608,15.7846,105096.87496611,0
EEMO.US,D,20171208,000000,15.9994,16.0951,15.9848,16.0951,122178.89420308,0
EEMO.US,D,20171211,000000,16.2572,16.2572,16.1332,16.2495,104178.09033724,0
EEMO.US,D,20171212,000000,16.0551,16.0786,15.9633,15.9779,61146.807122964,0
EEMO.US,D,20171213,000000,16.1429,16.2495,16.1185,16.1566,66483.337687492,0
EEMO.US,D,20171214,000000,16.1791,16.2416,16.0707,16.0707,113554.4052677,0
EEMO.US,D,20171215,000000,16.0238,16.1098,15.9633,16.0161,128564.29373077,0
EEMO.US,D,20171218,000000,16.2699,16.2757,16.1663,16.1663,109749.18241795,0
EEMO.US,D,20171219,000000,16.2689,16.2689,16.1127,16.1284,90164.832246397,0
EEMO.US,D,20171220,000000,16.2611,16.265,16.1518,16.2201,125044.84670204,0
EEMO.US,D,20171221,000000,16.2308,16.3695,16.2308,16.2611,58596.334741837,0
EEMO.US,D,20171222,000000,16.3695,16.4475,16.3158,16.4397,144996.91558235,0
EEMO.US,D,20171226,000000,16.3382,16.3469,16.2455,16.2924,72854.397209827,0
EEMO.US,D,20171227,000000,16.4115,16.4115,16.1653,16.1772,100305.2646051,0
EEMO.US,D,20171228,000000,16.3861,16.5491,16.3861,16.5013,68196.968327503,0
EEMO.US,D,20171229,000000,16.7043,16.7043,16.5412,16.5569,179033.94258029,0
EEMO.US,D,20180102,000000,16.8479,17.0656,16.8439,17.0656,93232.569106428,0
EEMO.US,D,20180103,000000,17.1281,17.1281,16.9435,17.1202,117433.37671643,0
EEMO.US,D,20180104,000000,17.1202,17.1446,17.0206,17.1446,117535.80532611,0
EEMO.US,D,20180105,000000,17.252,17.3477,17.2071,17.3477,124264.34069624,0
EEMO.US,D,20180108,000000,17.3877,17.4482,17.3477,17.42,176809.19317796,0
EEMO.US,D,20180109,000000,17.4288,17.4288,17.295,17.3877,45588.925598086,0
EEMO.US,D,20180110,000000,17.1857,17.2178,17.0255,17.1446,731140.53735376,0
EEMO.US,D,20180111,000000,17.1426,17.3165,17.0567,17.3165,166051.11630287,0
EEMO.US,D,20180112,000000,17.2999,17.46,17.2472,17.4532,166959.65807076,0
EEMO.US,D,20180116,000000,17.5254,17.5254,17.1749,17.252,229200.40274514,0
EEMO.US,D,20180117,000000,17.3789,17.4911,17.254,17.4532,153998.34180137,0
EEMO.US,D,20180118,000000,17.4366,17.4522,17.2676,17.3877,116738.91074277,0
EEMO.US,D,20180119,000000,17.5663,17.6152,17.4453,17.6152,110193.72258398,0
EEMO.US,D,20180122,000000,17.5898,17.662,17.4677,17.5663,52341.019548445,0
EEMO.US,D,20180123,000000,17.7265,17.8085,17.665,17.7763,123909.93770674,0
EEMO.US,D,20180124,000000,17.8085,17.9111,17.6748,17.8251,105344.75220154,0
EEMO.US,D,20180125,000000,17.8085,17.9686,17.7519,17.8173,266758.92534403,0
EEMO.US,D,20180126,000000,17.9042,18.1707,17.9042,18.155,113190.78370333,0
EEMO.US,D,20180129,000000,17.9597,17.9597,17.8251,17.871,137937.53580294,0
EEMO.US,D,20180130,000000,17.6455,17.6864,17.5498,17.6777,138171.07303302,0
EEMO.US,D,20180131,000000,17.9198,17.9198,17.6455,17.8173,151300.3722223,0
EEMO.US,D,20180201,000000,17.5751,17.6924,17.4532,17.5498,111191.37724229,0
EEMO.US,D,20180202,000000,17.46,17.46,16.9864,17.0567,155429.26947865,0
EEMO.US,D,20180205,000000,16.9425,17.2422,16.4769,16.4769,169233.57320574,0
EEMO.US,D,20180206,000000,16.5647,17.0656,16.4974,16.9015,136959.34258046,0
EEMO.US,D,20180207,000000,16.598,16.7043,16.387,16.4319,133567.93131383,0
EEMO.US,D,20180208,000000,16.4769,16.4769,15.6949,15.7895,65729.46312022,0
EEMO.US,D,20180209,000000,15.8149,16.1058,15.4117,16.0561,193259.22789319,0
EEMO.US,D,20180212,000000,16.3265,16.4202,16.1653,16.308,617475.5091876,0
EEMO.US,D,20180213,000000,16.4446,16.6037,16.4202,16.5491,69667.843162563,0
EEMO.US,D,20180214,000000,16.9435,17.0168,16.9435,16.9435,91321.251249728,0
EEMO.US,D,20180215,000000,17.2598,17.3955,17.0509,17.3077,86684.30808934,0
EEMO.US,D,20180216,000000,17.3389,17.4405,17.2256,17.3165,66507.920553816,0
EEMO.US,D,20180220,000000,16.9758,17.0821,16.9758,16.9758,71136.669425429,0
EEMO.US,D,20180221,000000,17.1446,17.252,16.9758,16.9758,185354.81208388,0
EEMO.US,D,20180222,000000,16.963,17.1202,16.9259,16.9425,120682.4122156,0
EEMO.US,D,20180223,000000,17.1202,17.3125,17.1045,17.2598,97580.663587507,0
EEMO.US,D,20180226,000000,17.3477,17.4522,17.2344,17.3955,61109.932823478,0
EEMO.US,D,20180227,000000,17.2256,17.2256,16.8859,16.8937,58597.359027934,0
EEMO.US,D,20180228,000000,16.9845,16.9845,16.6379,16.7112,71526.922428325,0
EEMO.US,D,20180301,000000,16.7677,16.8557,16.51,16.6369,70494.442042712,0
EEMO.US,D,20180302,000000,16.3235,16.6204,16.2357,16.6125,166163.78777352,0
EEMO.US,D,20180305,000000,16.3713,16.6125,16.3402,16.5247,101603.03508979,0
EEMO.US,D,20180306,000000,16.7824,16.9748,16.759,16.8479,74390.826355085,0
EEMO.US,D,20180307,000000,16.6623,16.9484,16.598,16.9015,70646.036385043,0
EEMO.US,D,20180308,000000,16.9845,16.9845,16.8399,16.9513,147629.33085123,0
EEMO.US,D,20180309,000000,17.0567,17.3321,17.0567,17.2911,79525.572558536,0
EEMO.US,D,20180312,000000,17.4522,17.46,17.2754,17.46,59077.74920735,0
EEMO.US,D,20180313,000000,17.6065,17.6065,17.211,17.2754,93981.322243217,0
EEMO.US,D,20180314,000000,17.3701,17.46,17.2627,17.2999,60065.161004702,0
EEMO.US,D,20180315,000000,17.5663,17.5663,17.42,17.501,72024.725471388,0
EEMO.US,D,20180316,000000,17.2999,17.461,17.2999,17.3389,44605.610945121,0
EEMO.US,D,20180319,000000,17.2256,17.3477,17.1055,17.3321,94157.499451874,0
EEMO.US,D,20180320,000000,17.5078,17.5419,17.3701,17.4834,68697.844228858,0
EEMO.US,D,20180321,000000,17.3477,17.4834,17.3077,17.3955,88187.960079499,0
EEMO.US,D,20180322,000000,16.9347,17.0118,16.6702,16.6702,85177.583240892,0
EEMO.US,D,20180323,000000,16.6271,16.6623,16.2816,16.2816,85936.579238648,0
EEMO.US,D,20180326,000000,16.799,16.9992,16.6291,16.9992,102226.82532277,0
EEMO.US,D,20180327,000000,16.9982,16.9992,16.5813,16.5813,51865.750799511,0
EEMO.US,D,20180328,000000,16.5013,16.5657,16.3558,16.509,89989.679323838,0
EEMO.US,D,20180329,000000,16.5578,16.8703,16.5578,16.8399,43327.301896266,0
EEMO.US,D,20180402,000000,16.6779,16.7053,16.2738,16.3479,123154.01456727,0
EEMO.US,D,20180403,000000,16.5403,16.5569,16.2991,16.4525,26063358.181346,0
EEMO.US,D,20180404,000000,16.0404,16.5569,16.0404,16.469,61384.441497431,0
EEMO.US,D,20180405,000000,16.5569,16.6184,16.4291,16.5316,32891.875141676,0
EEMO.US,D,20180406,000000,16.2991,16.3948,16.098,16.1693,23583.163093608,0
EEMO.US,D,20180409,000000,16.3158,16.4856,16.2278,16.2991,36703.243708012,0
EEMO.US,D,20180410,000000,16.6779,16.6779,16.5188,16.6623,38999.693137123,0
EEMO.US,D,20180411,000000,16.4525,16.6867,16.1488,16.6125,71976.584024837,0
EEMO.US,D,20180412,000000,16.6115,16.675,16.5403,16.6204,37492.968288675,0
EEMO.US,D,20180413,000000,16.5403,16.5403,16.3713,16.3713,2154.0736616513,0
EEMO.US,D,20180416,000000,16.3392,16.4369,16.267,16.4369,48471.266674588,0
EEMO.US,D,20180417,000000,16.3314,16.4359,16.3314,16.3802,57209.451366718,0
EEMO.US,D,20180418,000000,16.3733,16.5013,16.3733,16.4535,4817.2175134312,0
EEMO.US,D,20180419,000000,16.3802,16.3802,16.2357,16.3235,11107.358434116,0
EEMO.US,D,20180420,000000,16.2035,16.2035,16.0561,16.1058,5399.0120164354,0
EEMO.US,D,20180423,000000,16.0638,16.1361,15.975,16.0404,111318.38871831,0
EEMO.US,D,20180424,000000,16.1859,16.2035,15.9291,16.0561,7670.878579223,0
EEMO.US,D,20180425,000000,15.8228,15.8472,15.7163,15.7807,20982.500693735,0
EEMO.US,D,20180426,000000,15.9291,15.9887,15.8472,15.9887,38222.259989623,0
EEMO.US,D,20180427,000000,15.935,16.0151,15.935,15.9683,63461.693701818,0
EEMO.US,D,20180430,000000,16.0726,16.1772,15.9683,16.0317,35743.487635274,0
EEMO.US,D,20180501,000000,15.9291,15.9525,15.7495,15.9125,35987.267726322,0
EEMO.US,D,20180502,000000,15.9125,16.0151,15.7983,15.8061,15139.972797369,0
EEMO.US,D,20180503,000000,15.7661,15.8706,15.605,15.8228,30370.08277126,0
EEMO.US,D,20180504,000000,15.8472,15.9683,15.8472,15.9623,3718.1585315235,0
EEMO.US,D,20180507,000000,15.7661,15.975,15.7661,15.8872,13373.079280322,0
EEMO.US,D,20180508,000000,15.9613,16.0151,15.9047,15.9525,14288.791050896,0
EEMO.US,D,20180509,000000,16.0638,16.1528,16.0541,16.0638,3099.4897290331,0
EEMO.US,D,20180510,000000,16.267,16.387,16.267,16.3148,8990.159071951,0
EEMO.US,D,20180511,000000,16.3479,16.4202,16.3235,16.3479,10313.536709066,0
EEMO.US,D,20180514,000000,16.5286,16.5813,16.4281,16.4281,20767.400613399,0
EEMO.US,D,20180515,000000,16.2113,16.2123,16.1127,16.1693,5668.3992599039,0
EEMO.US,D,20180516,000000,16.3479,16.4397,16.3479,16.3713,9282.0806095499,0
EEMO.US,D,20180517,000000,16.263,16.2796,16.1537,16.1537,2815.7624802088,0
EEMO.US,D,20180518,000000,16.0472,16.1058,16.0317,16.0404,34596.287206815,0
EEMO.US,D,20180521,000000,16.1537,16.266,16.1537,16.1693,6826.8668354282,0
EEMO.US,D,20180522,000000,16.2278,16.305,16.2191,16.2357,10959.861236172,0
EEMO.US,D,20180523,000000,16.018,16.1859,15.9448,16.1058,8110.2973147667,0
EEMO.US,D,20180524,000000,16.1293,16.1293,15.9613,16.0404,15532.274372458,0
EEMO.US,D,20180525,000000,16.1058,16.1791,16.098,16.1293,16128.408880818,0
EEMO.US,D,20180529,000000,16.0414,16.0414,15.7895,15.8472,6462.2209849537,0
EEMO.US,D,20180530,000000,15.8559,16.0814,15.8559,15.9974,15482.084353713,0
EEMO.US,D,20180531,000000,15.9125,16.0151,15.9125,16.0151,4037.7357937371,0
EEMO.US,D,20180601,000000,16.1058,16.3392,16.1058,16.2738,102882.36842475,0
EEMO.US,D,20180604,000000,16.3636,16.6458,16.3636,16.6458,21145.362183133,0
EEMO.US,D,20180605,000000,16.6291,16.6291,16.5247,16.5891,14097.249550788,0
EEMO.US,D,20180606,000000,16.6623,16.7258,16.6204,16.7258,23099.7000559,0
EEMO.US,D,20180607,000000,16.7082,16.7746,16.6535,16.6535,27680.307480962,0
EEMO.US,D,20180608,000000,16.5247,16.6458,16.4037,16.6047,16788.049127182,0
EEMO.US,D,20180611,000000,16.5491,16.6125,16.4934,16.4934,3714.0613871361,0
EEMO.US,D,20180612,000000,16.5247,16.5891,16.4964,16.4964,4472.0330987967,0
EEMO.US,D,20180613,000000,16.5032,16.5286,16.3948,16.469,2445.9951992502,0
EEMO.US,D,20180614,000000,16.4934,16.4934,16.3197,16.3197,10241.836682288,0
EEMO.US,D,20180615,000000,16.1459,16.1947,16.1205,16.1947,4316.3416120772,0
EEMO.US,D,20180618,000000,16.098,16.1371,15.9311,16.1371,4347.0701949823,0
EEMO.US,D,20180619,000000,15.7661,15.8628,15.6538,15.8228,7473.1913625333,0
EEMO.US,D,20180620,000000,15.9047,15.9291,15.8647,15.9204,2588.3709667107,0
EEMO.US,D,20180621,000000,15.7661,15.7661,15.5972,15.7017,88441.983031515,0
EEMO.US,D,20180622,000000,15.8149,15.8559,15.6861,15.7495,9204.2348661902,0
EEMO.US,D,20180625,000000,15.316,15.3951,15.2907,15.3951,11440.251415589,0
EEMO.US,D,20180626,000000,15.3716,15.3716,15.3063,15.319,36839.473758891,0
EEMO.US,D,20180627,000000,15.1198,15.1198,15.0729,15.1003,5631.5249604177,0
EEMO.US,D,20180628,000000,14.9353,15.0885,14.9186,15.0799,18981.045660513,0
EEMO.US,D,20180629,000000,15.2975,15.3746,15.2975,15.3716,5641.7678213861,0
EEMO.US,D,20180702,000000,15.0387,15.1608,15.0387,15.1394,60748.359831294,0
EEMO.US,D,20180703,000000,15.1666,15.2741,15.113,15.113,68314.761228639,0
EEMO.US,D,20180705,000000,15.0641,15.1043,15.031,15.0729,3884.0928792114,0
EEMO.US,D,20180706,000000,15.3228,15.3922,15.3228,15.361,3781.6642695275,0
EEMO.US,D,20180709,000000,15.5064,15.6226,15.5064,15.5972,4447.4502324725,0
EEMO.US,D,20180710,000000,15.5924,15.6138,15.4829,15.5278,3469.2570099918,0
EEMO.US,D,20180711,000000,15.2321,15.3434,15.1754,15.3434,9552.4921391153,0
EEMO.US,D,20180712,000000,15.565,15.5728,15.4518,15.5406,5427.6920271469,0
EEMO.US,D,20180713,000000,15.5689,15.5689,15.5591,15.5591,1186.1233001389,0
EEMO.US,D,20180717,000000,15.2907,15.5113,15.2907,15.4839,6488.8524234715,0
EEMO.US,D,20180718,000000,15.402,15.4107,15.3863,15.4107,3148.6554616814,0
EEMO.US,D,20180719,000000,15.1666,15.315,15.1666,15.2086,4364.4830586286,0
EEMO.US,D,20180720,000000,15.4664,15.4829,15.3776,15.4284,6647.6167684814,0
EEMO.US,D,20180723,000000,15.3063,15.3317,15.2907,15.2907,3113.8297343888,0
EEMO.US,D,20180724,000000,15.5884,15.6206,15.5485,15.5485,19588.447315938,0
EEMO.US,D,20180725,000000,15.6519,15.9204,15.6519,15.809,6761.3125252306,0
EEMO.US,D,20180726,000000,15.7329,15.7329,15.7329,15.7329,328.79583708514,0
EEMO.US,D,20180727,000000,15.7427,15.7427,15.5728,15.6607,15188.11424392,0
EEMO.US,D,20180730,000000,15.5728,15.5728,15.3951,15.442,6823.7939771377,0
EEMO.US,D,20180731,000000,15.5181,15.5231,15.4762,15.4762,1028.3832412258,0
EEMO.US,D,20180801,000000,15.3648,15.4,15.3482,15.4,3202.9426248138,0
EEMO.US,D,20180802,000000,15.1043,15.2194,15.0954,15.2116,1501.6034179651,0
EEMO.US,D,20180803,000000,15.3716,15.3716,15.2321,15.2663,10676.133987348,0
EEMO.US,D,20180806,000000,15.0729,15.2399,15.0485,15.1442,5261.757679459,0
EEMO.US,D,20180807,000000,15.3951,15.3951,15.3658,15.3668,3287.9583708514,0
EEMO.US,D,20180808,000000,15.3063,15.3063,15.3063,15.3063,670.90739342918,0
EEMO.US,D,20180809,000000,15.4869,15.4869,15.403,15.403,2434.728052185,0
EEMO.US,D,20180810,000000,15.1354,15.1588,15.1354,15.1364,963.85321712497,0
EEMO.US,D,20180813,000000,14.9763,14.9997,14.8796,14.8796,2075.2036321947,0
EEMO.US,D,20180814,000000,14.7869,14.8699,14.7869,14.865,18200.539654722,0
EEMO.US,D,20180815,000000,14.5477,14.5477,14.2822,14.3779,23096.62719761,0
EEMO.US,D,20180816,000000,14.4686,14.6463,14.4686,14.5955,10187.549519155,0
EEMO.US,D,20180817,000000,14.5477,14.7254,14.5477,14.7254,3045.2025659007,0
EEMO.US,D,20180820,000000,14.7341,14.7508,14.7087,14.7508,7092.1569345093,0
EEMO.US,D,20180821,000000,15.0066,15.0485,14.9773,14.9997,1134.908995297,0
EEMO.US,D,20180822,000000,15.107,15.107,15.0954,15.1043,2908.9725150211,0
EEMO.US,D,20180823,000000,15.1482,15.1482,14.9264,14.9264,1328.4990675995,0
EEMO.US,D,20180824,000000,15.1559,15.1559,15.0465,15.1003,2151.0008033607,0
EEMO.US,D,20180827,000000,15.4195,15.4284,15.3776,15.3776,14387.122516193,0
EEMO.US,D,20180828,000000,15.315,15.3228,15.315,15.3228,3954.7686198932,0
EEMO.US,D,20180829,000000,15.3942,15.4615,15.3863,15.4234,3056.4697129659,0
EEMO.US,D,20180830,000000,15.1364,15.1364,14.9832,14.987,2130.515081424,0
EEMO.US,D,20180831,000000,15.031,15.0465,14.9997,15.0387,3111.7811621951,0
EEMO.US,D,20180904,000000,14.8152,14.9186,14.7664,14.8708,163203.60095366,0
EEMO.US,D,20180905,000000,14.6678,14.6678,14.5555,14.5926,23443.860184439,0
EEMO.US,D,20180906,000000,14.5975,14.6063,14.4822,14.4822,4583.680283352,0
EEMO.US,D,20180907,000000,14.452,14.5555,14.452,14.5233,3038.0325632229,0
EEMO.US,D,20180910,000000,14.3143,14.3437,14.2665,14.2899,4740.3960561683,0
EEMO.US,D,20180911,000000,14.1191,14.1708,14.1063,14.1708,10557.316800113,0
EEMO.US,D,20180912,000000,14.1279,14.3622,14.1025,14.33,14745.622650086,0
EEMO.US,D,20180913,000000,14.5809,14.6444,14.5506,14.6063,10542.976794758,0
EEMO.US,D,20180914,000000,14.6444,14.6444,14.5037,14.5789,5134.7462034511,0
EEMO.US,D,20180917,000000,14.4822,14.4822,14.3739,14.3866,3574.7584779661,0
EEMO.US,D,20180918,000000,14.411,14.4784,14.411,14.4726,1457.5591158011,0
EEMO.US,D,20180919,000000,14.5975,14.743,14.5975,14.743,6340.33093943,0
EEMO.US,D,20180920,000000,14.8073,14.8562,14.8073,14.8231,5909.1064926609,0
EEMO.US,D,20180921,000000,14.9909,14.9948,14.9411,14.9948,3917.8943204071,0
EEMO.US,D,20180924,000000,14.905,14.9598,14.8933,14.9598,1438.0976799612,0
EEMO.US,D,20180925,000000,14.9264,14.9997,14.9264,14.9763,26922.335769302,0
EEMO.US,D,20180926,000000,14.9997,14.9997,14.9909,14.9997,10445.669615559,0
EEMO.US,D,20180928,000000,15.0076,15.0799,15.0076,15.031,31352.373138128,0
EEMO.US,D,20181001,000000,15.0856,15.0954,15.0554,15.0729,9862.8508264573,0
EEMO.US,D,20181002,000000,14.9598,15.03,14.9431,15.0221,32399.193529097,0
EEMO.US,D,20181003,000000,15.0076,15.0076,14.8231,14.8231,9653.8964627022,0
EEMO.US,D,20181004,000000,14.6444,14.6444,14.4189,14.4764,1930.7792925404,0
EEMO.US,D,20181005,000000,14.3261,14.3466,14.2822,14.3466,8365.3445528795,0
EEMO.US,D,20181008,000000,14.4023,14.4032,14.4023,14.4032,1285.4790515322,0
EEMO.US,D,20181009,000000,14.4189,14.4364,14.4189,14.4364,724.17027046478,0
EEMO.US,D,20181010,000000,14.2978,14.2978,14.1191,14.1191,5784.1435888467,0
EEMO.US,D,20181011,000000,14.045,14.0625,13.7979,13.9337,7358.4713196874,0
EEMO.US,D,20181012,000000,14.2002,14.2002,14.1631,14.1835,1807.8649609199,0
EEMO.US,D,20181016,000000,14.3231,14.4764,14.3231,14.4764,17265.366448308,0
EEMO.US,D,20181017,000000,14.3651,14.3651,14.2978,14.3602,2751.232456108,0
EEMO.US,D,20181018,000000,13.9337,13.9776,13.9337,13.9776,2914.0939455054,0
EEMO.US,D,20181019,000000,14.0117,14.0478,14.0117,14.0478,3667.9685127784,0
EEMO.US,D,20181022,000000,14.1425,14.1425,14.0566,14.0879,2479.7966404459,0
EEMO.US,D,20181023,000000,13.8848,14.002,13.8848,14.002,892.15319034628,0
EEMO.US,D,20181024,000000,13.8165,13.8165,13.7246,13.7374,6382.3266694003,0
EEMO.US,D,20181025,000000,13.7569,13.8545,13.7569,13.8545,464.00160186781,0
EEMO.US,D,20181026,000000,13.5089,13.6993,13.5089,13.6993,2611.929546938,0
EEMO.US,D,20181029,000000,13.748,13.748,13.5275,13.5353,2022.9650412559,0
EEMO.US,D,20181030,000000,13.6417,13.6925,13.5802,13.6925,8365.3445528795,0
EEMO.US,D,20181031,000000,13.8896,13.8896,13.8896,13.8896,385.13157241125,0
EEMO.US,D,20181101,000000,14.0722,14.0947,14.0478,14.0947,14004.039515974,0
EEMO.US,D,20181102,000000,14.2421,14.2421,14.0908,14.0908,1694.1692041708,0
EEMO.US,D,20181105,000000,14.2772,14.3329,14.248,14.3086,10756.0283029,0
EEMO.US,D,20181106,000000,14.1757,14.2548,14.1757,14.2334,4583.680283352,0
EEMO.US,D,20181107,000000,14.3622,14.4638,14.3622,14.4638,41363.745448627,0
EEMO.US,D,20181108,000000,14.331,14.331,14.1757,14.1835,2909.996801118,0
EEMO.US,D,20181109,000000,13.917,14,13.8829,13.9834,1783.2820945957,0
EEMO.US,D,20181112,000000,13.8545,13.8858,13.7852,13.8057,1799.6706721451,0
EEMO.US,D,20181113,000000,13.8136,13.9249,13.8136,13.8624,14284.693906508,0
EEMO.US,D,20181114,000000,13.8779,13.8779,13.8467,13.8467,3974.2300557331,0
EEMO.US,D,20181115,000000,13.9249,14.2002,13.9249,14.1591,6249.1694768113,0
EEMO.US,D,20181116,000000,14.0254,14.2157,14.0254,14.2089,10652.57540712,0
EEMO.US,D,20181119,000000,14.1025,14.1425,14.0801,14.1191,2891.5596513749,0
EEMO.US,D,20181120,000000,13.8935,13.9093,13.8311,13.8545,25858.102514686,0
EEMO.US,D,20181121,000000,14.0478,14.0879,14.0478,14.0478,5093.7747595776,0
EEMO.US,D,20181123,000000,13.7813,13.8136,13.7813,13.8057,3958.8657642806,0
EEMO.US,D,20181126,000000,13.8858,13.8858,13.8136,13.8292,2398.8780387956,0
EEMO.US,D,20181127,000000,13.8467,13.8467,13.8173,13.8173,541.84734522754,0
EEMO.US,D,20181128,000000,14,14.2744,13.958,14.2578,7420.9527715945,0
EEMO.US,D,20181129,000000,14.1835,14.3046,14.1113,14.2246,7113.6669425429,0
EEMO.US,D,20181130,000000,14.2421,14.2421,14.1367,14.1679,19968.457457866,0
EEMO.US,D,20181203,000000,14.4911,14.5156,14.4394,14.4822,17729.368050176,0
EEMO.US,D,20181204,000000,14.4686,14.4686,14.2089,14.2421,10576.778235953,0
EEMO.US,D,20181206,000000,13.958,14.1113,13.917,14.1113,4141.1886895178,0
EEMO.US,D,20181207,000000,14.1591,14.1591,13.8555,13.958,19170.538588428,0
EEMO.US,D,20181210,000000,13.7169,13.7403,13.547,13.7286,6350.5738003983,0
EEMO.US,D,20181211,000000,13.8057,13.8136,13.6925,13.752,1939.997867412,0
EEMO.US,D,20181212,000000,13.8858,13.9785,13.8624,13.8935,94212.810901102,0
EEMO.US,D,20181213,000000,13.8545,13.9063,13.8545,13.8721,624.81451907145,0
EEMO.US,D,20181214,000000,13.7744,13.8057,13.7208,13.7208,500.87590135399,0
EEMO.US,D,20181217,000000,13.7852,13.7852,13.6017,13.6377,3597.2927720966,0
EEMO.US,D,20181218,000000,13.7246,13.7246,13.6895,13.6895,783.5788640814,0
EEMO.US,D,20181219,000000,13.838,13.838,13.547,13.547,1627.5906078763,0
EEMO.US,D,20181220,000000,13.6349,13.6349,13.4913,13.6017,15563.002955364,0
EEMO.US,D,20181221,000000,13.5176,13.5948,13.4162,13.4747,12857.863373613,0
EEMO.US,D,20181224,000000,13.4347,13.4513,13.3537,13.3537,987.41179735226,0
EEMO.US,D,20181226,000000,13.5998,13.6651,13.4464,13.6359,3797.0285609801,0
EEMO.US,D,20181227,000000,13.5216,13.5636,13.4182,13.5636,5896.8150594989,0
EEMO.US,D,20181228,000000,13.6651,13.8671,13.6193,13.6935,28298.976283453,0
EEMO.US,D,20181231,000000,13.8497,13.8497,13.6359,13.7022,2629.3424105842,0
EEMO.US,D,20190102,000000,13.6466,13.748,13.6466,13.7384,2797.3253304658,0
EEMO.US,D,20190103,000000,13.5275,13.547,13.4651,13.4651,3098.4654429363,0
EEMO.US,D,20190104,000000,13.7569,13.9844,13.7569,13.9297,2053.6936241611,0
EEMO.US,D,20190107,000000,13.8671,13.9746,13.8671,13.9258,2302.5951456928,0
EEMO.US,D,20190108,000000,13.8935,13.9678,13.8585,13.958,2012.7221802875,0
EEMO.US,D,20190109,000000,13.9863,14.1318,13.9863,14.0995,3023.692557867,0
EEMO.US,D,20190110,000000,14.0508,14.2186,14.0508,14.1777,832.74459672965,0
EEMO.US,D,20190111,000000,14.1493,14.1493,14.1397,14.1397,1733.0920758506,0
EEMO.US,D,20190114,000000,13.9443,14.1133,13.9443,14.044,2778.8881807227,0
EEMO.US,D,20190115,000000,14.0694,14.1738,14.0694,14.1377,3318.6869537565,0
EEMO.US,D,20190116,000000,14.1738,14.25,14.1738,14.243,1567.1577281628,0
EEMO.US,D,20190117,000000,14.1806,14.2958,14.1806,14.2704,2677.4838571357,0
EEMO.US,D,20190118,000000,14.371,14.4139,14.371,14.3905,1205.5847359789,0
EEMO.US,D,20190122,000000,14.2704,14.3076,14.2421,14.2421,1374.5919419572,0
EEMO.US,D,20190123,000000,14.3349,14.3622,14.2802,14.3622,1961.5078754456,0
EEMO.US,D,20190124,000000,14.4071,14.4491,14.4071,14.4491,4088.950098579,0
EEMO.US,D,20190125,000000,14.5437,14.5437,14.4911,14.5164,11380.842821972,0
EEMO.US,D,20190128,000000,14.2139,14.2607,14.1688,14.2607,1701.3392068486,0
EEMO.US,D,20190129,000000,14.3076,14.3076,14.3076,14.3076,169.00720597834,0
EEMO.US,D,20190130,000000,14.3691,14.5487,14.3691,14.5487,2290.3037125308,0
EEMO.US,D,20190131,000000,14.6357,14.6618,14.6258,14.6618,1135.9332813938,0
EEMO.US,D,20190201,000000,14.6618,14.6618,14.6327,14.6453,956.6832144471,0
EEMO.US,D,20190204,000000,14.5731,14.6698,14.5731,14.6453,4734.2503395872,0
EEMO.US,D,20190205,000000,14.6815,14.8201,14.6815,14.7468,2147.9279450702,0
EEMO.US,D,20190206,000000,14.7274,14.7459,14.6648,14.6648,945.41606738188,0
EEMO.US,D,20190207,000000,14.5136,14.5535,14.4726,14.5262,1366.3976531825,0
EEMO.US,D,20190208,000000,14.5262,14.5262,14.3789,14.5067,1027.358955129,0
EEMO.US,D,20190211,000000,14.4257,14.4257,14.3729,14.3885,5444.0806046964,0
EEMO.US,D,20190212,000000,14.5106,14.5427,14.5067,14.5174,8131.8073228003,0
EEMO.US,D,20190213,000000,14.4344,14.4344,14.3789,14.412,2122.3207926492,0
EEMO.US,D,20190214,000000,14.3231,14.4189,14.3076,14.4189,17685.323748012,0
EEMO.US,D,20190215,000000,14.4071,14.4296,14.3535,14.4296,6828.9154076219,0
EEMO.US,D,20190219,000000,14.535,14.535,14.4638,14.4657,332.89298147249,0
EEMO.US,D,20190220,000000,14.4989,14.6053,14.4989,14.6053,135.20576478268,0
EEMO.US,D,20190221,000000,14.6404,14.6453,14.5067,14.5634,1071.403257293,0
EEMO.US,D,20190222,000000,14.6453,14.7186,14.6357,14.6912,2208.3608247836,0
EEMO.US,D,20190225,000000,14.8201,14.8201,14.7087,14.7635,676.02882391337,0
EEMO.US,D,20190226,000000,14.6453,14.7615,14.618,14.7615,3193.7240499423,0
EEMO.US,D,20190227,000000,14.6815,14.6815,14.6815,14.6815,61.457165810306,0
EEMO.US,D,20190228,000000,14.5789,14.5789,14.5585,14.5585,129.06004820164,0
EEMO.US,D,20190301,000000,14.5164,14.5672,14.5164,14.5585,230.46437178865,0
EEMO.US,D,20190304,000000,14.5896,14.5896,14.4716,14.5164,2080.3250626789,0
EEMO.US,D,20190305,000000,14.5634,14.6453,14.5634,14.6453,453.75874089943,0
EEMO.US,D,20190306,000000,14.699,14.699,14.6209,14.6219,1034.5289578068,0
EEMO.US,D,20190307,000000,14.5213,14.5634,14.4052,14.4491,10584.972524728,0
EEMO.US,D,20190308,000000,14.3535,14.3691,14.2802,14.3691,12910.101964552,0
EEMO.US,D,20190311,000000,14.5067,14.6453,14.5067,14.6453,654.51881587976,0
EEMO.US,D,20190312,000000,14.7556,14.7556,14.7117,14.7117,1233.2404605935,0
EEMO.US,D,20190313,000000,14.8113,14.8201,14.781,14.781,220.22151082027,0
EEMO.US,D,20190314,000000,14.7742,14.7742,14.7742,14.7742,111.64718455539,0
EEMO.US,D,20190315,000000,14.8288,14.9284,14.8288,14.9284,848.10888818223,0
EEMO.US,D,20190318,000000,15.0437,15.0661,15.029,15.0515,1978.9207390918,0
EEMO.US,D,20190319,000000,15.071,15.071,15.071,15.071,116.76861503958,0
EEMO.US,D,20190320,000000,15.0377,15.1501,15.0377,15.0651,1578.4248752281,0
EEMO.US,D,20190321,000000,15.0105,15.0105,14.9196,14.9968,545.94448961489,0
EEMO.US,D,20190322,000000,14.5701,14.6189,14.5525,14.5525,732.36455923948,0
EEMO.US,D,20190325,000000,14.4696,14.6063,14.4696,14.5906,7389.1999025925,0
EEMO.US,D,20190326,000000,14.699,14.701,14.6902,14.6902,715.97598169007,0
EEMO.US,D,20190327,000000,14.4344,14.4344,14.4344,14.4344,60.432879713468,0
EEMO.US,D,20190328,000000,14.535,14.613,14.535,14.613,4768.051780783,0
EEMO.US,D,20190329,000000,14.6892,14.6892,14.6892,14.6892,64.530024100822,0
EEMO.US,D,20190401,000000,14.7829,14.8699,14.7829,14.8699,442.49159383421,0
EEMO.US,D,20190402,000000,14.8474,14.8474,14.8474,14.8474,2.0485721936768,0
EEMO.US,D,20190403,000000,14.9255,14.9255,14.7459,14.7459,613.54737200623,0
EEMO.US,D,20190404,000000,14.8152,14.8152,14.8152,14.8152,43.020016067215,0
EEMO.US,D,20190405,000000,14.9099,14.9099,14.8894,14.9002,741.58313411103,0
EEMO.US,D,20190408,000000,14.7829,14.9099,14.7829,14.8786,4709.6674732631,0
EEMO.US,D,20190409,000000,14.8269,14.866,14.8113,14.8288,1752.5535116905,0
EEMO.US,D,20190410,000000,14.8532,14.8923,14.8532,14.8786,2602.7109720664,0
EEMO.US,D,20190411,000000,14.8474,14.8474,14.6863,14.699,2259.5751296256,0
EEMO.US,D,20190412,000000,14.7078,14.7264,14.6473,14.6473,651.44595758924,0
EEMO.US,D,20190415,000000,14.6522,14.6698,14.6522,14.6698,108.57432626487,0
EEMO.US,D,20190416,000000,14.7742,14.7742,14.7459,14.7459,700.61169023749,0
EEMO.US,D,20190417,000000,14.7849,14.7849,14.6609,14.6942,3297.1769457229,0
EEMO.US,D,20190418,000000,14.7078,14.7732,14.6805,14.7459,1441.1705382517,0
EEMO.US,D,20190422,000000,14.7274,14.7635,14.7274,14.7635,194.61435839931,0
EEMO.US,D,20190423,000000,14.781,14.8425,14.781,14.8425,939.27035080085,0
EEMO.US,D,20190424,000000,14.7361,14.7361,14.6093,14.66,3926.0886091817,0
EEMO.US,D,20190425,000000,14.699,14.741,14.6892,14.741,1056.0389658404,0
EEMO.US,D,20190426,000000,14.7829,14.8621,14.7635,14.8298,1033.50467171,0
EEMO.US,D,20190429,000000,14.8201,14.8513,14.8201,14.8288,1055.0146797436,0
EEMO.US,D,20190430,000000,14.7829,14.8738,14.7829,14.8738,2282.109423756,0
EEMO.US,D,20190501,000000,14.8738,14.8738,14.7547,14.7547,6445.8324074043,0
EEMO.US,D,20190502,000000,14.6707,14.7127,14.6444,14.7127,2206.31225259,0
EEMO.US,D,20190503,000000,14.7176,14.8484,14.7176,14.8249,1177.9290113642,0
EEMO.US,D,20190506,000000,14.5995,14.6434,14.5721,14.6434,1277.2847627576,0
EEMO.US,D,20190507,000000,14.4324,14.4324,14.4324,14.4324,61.457165810306,0
EEMO.US,D,20190508,000000,14.4618,14.5252,14.4618,14.5067,5041.5361686388,0
EEMO.US,D,20190509,000000,14.203,14.3271,14.203,14.3271,2768.6453197543,0
EEMO.US,D,20190510,000000,14.3515,14.3515,14.3515,14.3515,63.505738003983,0
EEMO.US,D,20190513,000000,14.0206,14.0206,13.9737,13.9737,285.77582101792,0
EEMO.US,D,20190514,000000,14.0478,14.0967,14.0215,14.0967,1177.9290113642,0
EEMO.US,D,20190515,000000,14.0215,14.0889,14.0215,14.0889,472.19589064252,0
EEMO.US,D,20190516,000000,14.1201,14.1201,14.0215,14.043,1480.0934099315,0
EEMO.US,D,20190517,000000,13.9737,13.9932,13.9463,13.959,1072.4275433899,0
EEMO.US,D,20190520,000000,14.1367,14.1367,14.1367,14.1367,6.1457165810306,0
EEMO.US,D,20190521,000000,14.2685,14.3377,14.2685,14.3377,110.62289845855,0
EEMO.US,D,20190522,000000,14.4023,14.4023,14.4023,14.4023,2.0485721936768,0
EEMO.US,D,20190523,000000,14.2588,14.2588,14.2588,14.2588,89.112890424945,0
EEMO.US,D,20190524,000000,14.3202,14.3202,14.3202,14.3202,1.0242860968385,0
EEMO.US,D,20190528,000000,14.3954,14.4061,14.3954,14.4061,355.42727560294,0
EEMO.US,D,20190529,000000,14.4979,14.5662,14.4979,14.5662,1156.4190033306,0
EEMO.US,D,20190530,000000,14.7176,14.7176,14.6766,14.6766,399.47157776699,0
EEMO.US,D,20190531,000000,14.7879,14.8288,14.7829,14.8288,1833.4721133408,0
EEMO.US,D,20190603,000000,14.9099,14.9665,14.9099,14.9392,2638.5609854558,0
EEMO.US,D,20190604,000000,14.9099,14.9665,14.8923,14.9665,1987.1150278666,0
EEMO.US,D,20190605,000000,14.9665,14.9919,14.866,14.866,15159.434233208,0
EEMO.US,D,20190606,000000,14.866,14.9402,14.866,14.9246,305.23725685786,0
EEMO.US,D,20190607,000000,14.9753,15.0515,14.947,15.0515,1004.8246609985,0
EEMO.US,D,20190610,000000,15.0671,15.07,15.0554,15.07,3657.7256518101,0
EEMO.US,D,20190611,000000,15.1305,15.2027,15.1305,15.2027,108.57432626487,0
EEMO.US,D,20190612,000000,15.1324,15.1324,15.0202,15.0202,942.34320909136,0
EEMO.US,D,20190613,000000,15.0564,15.0661,15.0564,15.0661,727.24312875529,0
EEMO.US,D,20190614,000000,14.9568,14.9822,14.8748,14.9284,2713.3338705251,0
EEMO.US,D,20190617,000000,14.9431,14.9431,14.9431,14.9431,17.412863646254,0
EEMO.US,D,20190618,000000,15.1169,15.2204,15.1169,15.1892,1402.2476665718,0
EEMO.US,D,20190619,000000,15.1754,15.2819,15.1754,15.2819,1475.9962655442,0
EEMO.US,D,20190620,000000,15.4664,15.4967,15.442,15.4967,2951.9925310883,0
EEMO.US,D,20190621,000000,15.3902,15.4439,15.3786,15.4439,6757.2153808432,0
EEMO.US,D,20190624,000000,15.3522,15.4215,15.3522,15.4215,973.07179199652,0
EEMO.US,D,20190625,000000,15.4782,15.4782,15.3111,15.3287,577.69735861688,0
EEMO.US,D,20190626,000000,15.4331,15.4331,15.3932,15.3932,110.62289845855,0
EEMO.US,D,20190627,000000,15.4254,15.4254,15.4254,15.4254,38.922871679861,0
EEMO.US,D,20190628,000000,15.3706,15.3706,15.3706,15.3706,154.6672006226,0
EEMO.US,D,20190701,000000,15.525,15.525,15.4254,15.4508,2429.6066217008,0
EEMO.US,D,20190702,000000,15.4548,15.4548,15.4548,15.4548,64.530024100822,0
EEMO.US,D,20190703,000000,15.4967,15.4967,15.4967,15.4967,125.98718991113,0
EEMO.US,D,20190705,000000,15.442,15.5522,15.442,15.5522,951.56178396291,0
EEMO.US,D,20190708,000000,15.5367,15.5396,15.5367,15.5396,124.96290381429,0
EEMO.US,D,20190709,000000,15.398,15.5435,15.398,15.5435,247.8772354349,0
EEMO.US,D,20190710,000000,15.6178,15.7173,15.6178,15.7173,1341.8147868584,0
EEMO.US,D,20190711,000000,15.5816,15.6128,15.5816,15.608,1536.4291452577,0
EEMO.US,D,20190712,000000,15.7349,15.7349,15.6362,15.6626,562.33306716431,0
EEMO.US,D,20190715,000000,15.6265,15.6265,15.608,15.608,108.57432626487,0
EEMO.US,D,20190716,000000,15.5522,15.5591,15.5522,15.5572,508.04590403186,0
EEMO.US,D,20190717,000000,15.5719,15.6723,15.5719,15.6216,991.50894173961,0
EEMO.US,D,20190718,000000,15.7602,15.7602,15.5621,15.7602,1720.8006426886,0
EEMO.US,D,20190719,000000,15.6255,15.6353,15.5894,15.6284,1481.1176960284,0
EEMO.US,D,20190722,000000,15.6626,15.6626,15.6128,15.6216,1394.0533777971,0
EEMO.US,D,20190723,000000,15.5377,15.5621,15.5377,15.5621,481.41446551407,0
EEMO.US,D,20190724,000000,15.4967,15.5894,15.4967,15.5396,896.25033473363,0
EEMO.US,D,20190725,000000,15.4595,15.4782,15.3834,15.3834,2405.0237553767,0
EEMO.US,D,20190726,000000,15.4331,15.481,15.3736,15.4742,11209.787043801,0
EEMO.US,D,20190729,000000,15.3882,15.442,15.3882,15.442,1360.2519366014,0
EEMO.US,D,20190730,000000,15.2867,15.3736,15.2867,15.3736,281.67867663057,0
EEMO.US,D,20190731,000000,15.315,15.3424,15.2497,15.2623,4714.7889037473,0
EEMO.US,D,20190801,000000,15.3248,15.3248,15.0105,15.0447,1640.9063271352,0
EEMO.US,D,20190802,000000,14.8835,14.9518,14.8708,14.9518,714.95169559323,0
EEMO.US,D,20190805,000000,14.6707,14.699,14.5018,14.5018,15304.88285896,0
EEMO.US,D,20190806,000000,14.7274,14.7274,14.7274,14.7274,1.0242860968385,0
EEMO.US,D,20190807,000000,14.5906,14.7312,14.5906,14.7312,329.82012318197,0
EEMO.US,D,20190808,000000,14.8474,15.0564,14.8474,15.0564,1362.3005087951,0
EEMO.US,D,20190809,000000,14.9314,14.9314,14.9314,14.9314,5.1214304841921,0
EEMO.US,D,20190812,000000,14.7,14.7264,14.7,14.7264,552.09020619592,0
EEMO.US,D,20190813,000000,14.5906,14.9099,14.5906,14.8699,2177.6322418785,0
EEMO.US,D,20190814,000000,14.4462,14.4462,14.4462,14.4462,48.141446551407,0
EEMO.US,D,20190815,000000,14.3866,14.5156,14.3592,14.4813,17821.553798892,0
EEMO.US,D,20190816,000000,14.5799,14.5906,14.5779,14.5779,423.03015799427,0
EEMO.US,D,20190819,000000,14.5809,14.5809,14.4618,14.4979,1443.2191104454,0
EEMO.US,D,20190820,000000,14.6482,14.6482,14.6189,14.6189,720.07312607743,0
EEMO.US,D,20190821,000000,14.7528,14.7528,14.7528,14.7528,1.0242860968385,0
EEMO.US,D,20190822,000000,14.5721,14.6307,14.5721,14.6307,7450.6570684028,0
EEMO.US,D,20190823,000000,14.4149,14.4149,14.4149,14.4149,69.651454585014,0
EEMO.US,D,20190826,000000,14.3456,14.3456,14.3456,14.3456,21.510008033607,0
EEMO.US,D,20190827,000000,14.3515,14.3535,14.3056,14.3535,3767.3242641718,0
EEMO.US,D,20190828,000000,14.3515,14.3749,14.3231,14.3231,5961.3450835997,0
EEMO.US,D,20190829,000000,14.5575,14.5575,14.5575,14.5575,39.947157776699,0
EEMO.US,D,20190830,000000,14.7829,14.7829,14.6892,14.6892,723.14598436794,0
EEMO.US,D,20190903,000000,14.5301,14.5858,14.5301,14.5858,397.42300557331,0
EEMO.US,D,20190904,000000,14.7361,14.7829,14.7361,14.7829,815.33173308339,0
EEMO.US,D,20190905,000000,14.8738,14.9763,14.866,14.866,1743.3349368191,0
EEMO.US,D,20190906,000000,15.1052,15.1052,14.9832,14.9832,775.3845753067,0
EEMO.US,D,20190909,000000,15.0661,15.0661,14.9919,14.9919,545.94448961489,0
EEMO.US,D,20190910,000000,14.947,14.9753,14.947,14.9753,364.64585047448,0
EEMO.US,D,20190911,000000,15.0465,15.1208,15.0465,15.1208,225.34294130446,0
EEMO.US,D,20190912,000000,15.1745,15.1783,15.1208,15.1208,883.95890157158,0
EEMO.US,D,20190913,000000,15.1783,15.1783,15.1208,15.1208,2697.9695790724,0
EEMO.US,D,20190916,000000,15.1754,15.1754,15.1305,15.1305,6441.7352630169,0
EEMO.US,D,20190917,000000,15.1578,15.1578,15.1578,15.1578,348.25727292507,0
EEMO.US,D,20190918,000000,15.2243,15.2301,15.1403,15.1403,514.1916206129,0
EEMO.US,D,20190919,000000,14.9753,14.9753,14.9753,14.9753,224.31865520762,0
EEMO.US,D,20190920,000000,15.1208,15.1852,15.1208,15.1208,484.48732380458,0
EEMO.US,D,20190923,000000,15.1208,15.1501,15.1208,15.1501,412.78729702589,0
EEMO.US,D,20190924,000000,15.0086,15.0086,15.0086,15.0086,110.62289845855,0
EEMO.US,D,20190925,000000,15.0368,15.0368,15.0368,15.0368,112.67147065223,0
EEMO.US,D,20190926,000000,15.0935,15.1608,15.0935,15.1354,519.31305109708,0
EEMO.US,D,20190927,000000,14.9919,14.9919,14.9919,14.9919,66.578596294499,0
EEMO.US,D,20190930,000000,14.9636,14.9636,14.9636,14.9636,74.772885069206,0
EEMO.US,D,20191001,000000,14.8425,14.8425,14.8425,14.8425,149.54577013841,0
EEMO.US,D,20191002,000000,14.7674,14.7674,14.7674,14.7674,23.558580227284,0
EEMO.US,D,20191003,000000,14.8885,14.8885,14.8699,14.8796,1095.9861236172,0
EEMO.US,D,20191004,000000,15.0183,15.0183,15.0183,15.0183,1.0242860968385,0
EEMO.US,D,20191007,000000,14.8776,14.8776,14.8523,14.8523,483.46303770774,0
EEMO.US,D,20191008,000000,14.8259,14.8259,14.8259,14.8259,11.267147065223,0
EEMO.US,D,20191009,000000,14.8249,14.8845,14.8249,14.8845,293.97010979263,0
EEMO.US,D,20191010,000000,14.9645,14.986,14.9158,14.986,776.40886140353,0
EEMO.US,D,20191011,000000,15.1403,15.2614,15.1257,15.1803,12477.853231685,0
EEMO.US,D,20191014,000000,15.0836,15.0836,15.0836,15.0836,112.67147065223,0
EEMO.US,D,20191015,000000,15.0836,15.1033,15.0836,15.1033,638.13023833035,0
EEMO.US,D,20191016,000000,15.0281,15.2419,15.0281,15.2419,1350.0090756331,0
EEMO.US,D,20191017,000000,15.2935,15.2935,15.2935,15.2935,1.0242860968385,0
EEMO.US,D,20191018,000000,15.2419,15.3365,15.2419,15.2965,2773.7667502385,0
EEMO.US,D,20191021,000000,15.3141,15.399,15.3141,15.399,738.51027582052,0
EEMO.US,D,20191022,000000,15.4556,15.6245,15.4556,15.5552,334.94155366617,0
EEMO.US,D,20191023,000000,15.6646,15.6646,15.6646,15.6646,1.0242860968385,0
EEMO.US,D,20191024,000000,15.6967,15.6967,15.644,15.6675,2864.9282128571,0
EEMO.US,D,20191025,000000,15.7856,15.7856,15.7856,15.7856,2142.806514586,0
EEMO.US,D,20191028,000000,15.8501,15.8501,15.7934,15.7934,1736.1649341412,0
EEMO.US,D,20191029,000000,15.7779,15.7779,15.7446,15.7563,411.76301092905,0
EEMO.US,D,20191030,000000,15.7465,15.9535,15.7417,15.9535,1194.3175889136,0
EEMO.US,D,20191031,000000,15.7983,15.7983,15.7983,15.7983,6.1457165810306,0
EEMO.US,D,20191101,000000,16.0297,16.0297,15.9623,16.0151,1011.9946636764,0
EEMO.US,D,20191104,000000,16.1351,16.1351,15.9799,15.9799,12973.607702556,0
EEMO.US,D,20191105,000000,16.0228,16.0228,15.9799,15.9839,1480.0934099315,0
EEMO.US,D,20191106,000000,15.9927,15.9927,15.9252,15.9252,1135.9332813938,0
EEMO.US,D,20191107,000000,16.0834,16.0834,16.0121,16.0121,16008.567407488,0
EEMO.US,D,20191108,000000,15.7281,15.7281,15.7281,15.7281,217.14865252975,0
EEMO.US,D,20191111,000000,15.812,15.8315,15.7465,15.7465,757.97171166044,0
EEMO.US,D,20191112,000000,15.644,15.644,15.5845,15.5845,5375.4534362081,0
EEMO.US,D,20191113,000000,15.5367,15.5367,15.5367,15.5367,15.364291452577,0
EEMO.US,D,20191114,000000,15.5601,15.5601,15.4839,15.4889,683.19882659123,0
EEMO.US,D,20191115,000000,15.6226,15.6344,15.608,15.6344,2866.9767850508,0
EEMO.US,D,20191118,000000,15.6245,15.6245,15.5465,15.5465,107.55004016803,0
EEMO.US,D,20191119,000000,15.5171,15.5171,15.5171,15.5171,2.0485721936768,0
EEMO.US,D,20191120,000000,15.565,15.565,15.565,15.565,43.020016067215,0
EEMO.US,D,20191121,000000,15.5904,15.6118,15.5904,15.6118,3254.1569296557,0
EEMO.US,D,20191122,000000,15.5865,15.5972,15.5865,15.5972,316.50440392308,0
EEMO.US,D,20191125,000000,15.6284,15.6344,15.603,15.6118,1298.7947707912,0
EEMO.US,D,20191126,000000,15.5631,15.5631,15.5631,15.5631,103.45289578068,0
EEMO.US,D,20191127,000000,15.5621,15.5699,15.5621,15.5699,755.92313946677,0
EEMO.US,D,20191129,000000,15.5512,15.5512,15.479,15.479,162.86148939732,0
EEMO.US,D,20191202,000000,15.4839,15.5415,15.4752,15.5415,1058.0875380341,0
EEMO.US,D,20191203,000000,15.5552,15.5552,15.5552,15.5552,1.0242860968385,0
EEMO.US,D,20191204,000000,15.6344,15.7427,15.6344,15.6685,26066.032592345,0
EEMO.US,D,20191205,000000,15.6929,15.769,15.6929,15.7368,1511.8462789336,0
EEMO.US,D,20191206,000000,15.7749,15.8686,15.7368,15.807,4912.4761204372,0
EEMO.US,D,20191209,000000,15.7866,15.8412,15.7866,15.8412,423.03015799427,0
EEMO.US,D,20191210,000000,15.8042,15.8042,15.7563,15.7563,190.51721401195,0
EEMO.US,D,20191211,000000,15.9252,15.9525,15.8618,15.9525,1200.4633054946,0
EEMO.US,D,20191212,000000,16.1391,16.1663,16.1166,16.1166,329.82012318197,0
EEMO.US,D,20191213,000000,16.1488,16.1488,16.1274,16.1303,812.25887479289,0
EEMO.US,D,20191216,000000,16.2757,16.3265,16.2416,16.2416,699.58740414065,0
EEMO.US,D,20191217,000000,16.3178,16.345,16.3168,16.345,505.99733183819,0
EEMO.US,D,20191218,000000,16.3861,16.4281,16.3353,16.3821,5075.3376098344,0
EEMO.US,D,20191219,000000,16.4085,16.4085,16.3957,16.3957,121.89004552377,0
EEMO.US,D,20191220,000000,16.3831,16.391,16.3831,16.391,350.30584511874,0
EEMO.US,D,20191223,000000,16.5071,16.5071,16.4563,16.4993,2175.5836696849,0
EEMO.US,D,20191224,000000,16.5032,16.5032,16.4856,16.4856,641.20309662087,0
EEMO.US,D,20191226,000000,16.4944,16.593,16.4944,16.593,1267.0419017891,0
EEMO.US,D,20191227,000000,16.6115,16.6115,16.5637,16.5637,163.88577549415,0
EEMO.US,D,20191230,000000,16.6184,16.6184,16.511,16.511,3543.0056089642,0
EEMO.US,D,20191231,000000,16.5257,16.6067,16.4856,16.6067,1906.1964262164,0
EEMO.US,D,20200102,000000,16.6819,16.8957,16.6819,16.8957,2192.9965333311,0
EEMO.US,D,20200103,000000,16.7405,16.7668,16.7316,16.7316,919.80891496092,0
EEMO.US,D,20200106,000000,16.5598,16.5686,16.5462,16.5598,2096.7136402283,0
EEMO.US,D,20200107,000000,16.598,16.598,16.5374,16.5501,527.5073398718,0
EEMO.US,D,20200108,000000,16.6974,16.6974,16.6018,16.6194,812.25887479289,0
EEMO.US,D,20200109,000000,16.598,16.756,16.598,16.673,16530.953316875,0
EEMO.US,D,20200110,000000,16.673,16.673,16.6077,16.6643,1420.684816315,0
EEMO.US,D,20200113,000000,16.6633,16.8146,16.6633,16.803,992.53322783645,0
EEMO.US,D,20200114,000000,16.7532,16.8224,16.6819,16.7443,4042.8572242213,0
EEMO.US,D,20200115,000000,16.6438,16.6917,16.6438,16.6917,112.67147065223,0
EEMO.US,D,20200116,000000,16.7931,16.8108,16.7014,16.7804,2743.0381673333,0
EEMO.US,D,20200117,000000,16.8595,16.9298,16.8312,16.9298,1715.6792122044,0
EEMO.US,D,20200121,000000,16.7658,16.7658,16.5696,16.6018,1238.3618910776,0
EEMO.US,D,20200122,000000,16.673,16.6964,16.673,16.6964,359.52441999029,0
EEMO.US,D,20200123,000000,16.555,16.8127,16.5462,16.7931,84962.483160555,0
EEMO.US,D,20200124,000000,16.6438,16.6535,16.6067,16.6341,2005.5521776096,0
EEMO.US,D,20200127,000000,16.2133,16.2298,16.062,16.1419,4072.5615210296,0
EEMO.US,D,20200128,000000,16.306,16.306,16.306,16.306,57.360021422953,0
EEMO.US,D,20200129,000000,16.2211,16.391,16.1849,16.1917,43133.711823963,0
EEMO.US,D,20200130,000000,15.9125,16.0541,15.9125,16.0541,2679.5324293293,0
EEMO.US,D,20200131,000000,15.8013,15.8013,15.6334,15.7349,6478.6095625031,0
EEMO.US,D,20200203,000000,15.7446,15.9096,15.7446,15.8247,1324.4019232121,0
EEMO.US,D,20200204,000000,16.1478,16.1478,16.0346,16.0776,7588.935691476,0
EEMO.US,D,20200205,000000,16.1478,16.2035,16.0726,16.2035,17258.196445631,0
EEMO.US,D,20200206,000000,16.2133,16.2133,15.9867,16.0824,7342.0827421379,0
EEMO.US,D,20200207,000000,15.8872,15.8872,15.8237,15.8237,1098.0346958109,0
EEMO.US,D,20200210,000000,15.8501,15.8501,15.8501,15.8501,1.0242860968385,0
EEMO.US,D,20200211,000000,16.0541,16.0629,16.0541,16.0629,660.66453246079,0
EEMO.US,D,20200212,000000,16.1947,16.2786,16.1284,16.1449,17248.977870759,0
EEMO.US,D,20200213,000000,16.1058,16.1234,16.1058,16.1234,1177.9290113642,0
EEMO.US,D,20200214,000000,16.06,16.1068,16.06,16.1068,534.67734254967,0
EEMO.US,D,20200218,000000,16.1478,16.1478,15.9867,16.0395,4688.1574652295,0
EEMO.US,D,20200219,000000,16.1635,16.2406,16.1635,16.2406,259.14438250013,0
EEMO.US,D,20200220,000000,16.1293,16.1293,15.9867,16.0248,8956.3576307554,0
EEMO.US,D,20200221,000000,15.9867,16.0161,15.9321,15.9399,1598.9105971648,0
EEMO.US,D,20200224,000000,15.3141,15.4303,15.3141,15.4078,6237.9023297461,0
EEMO.US,D,20200225,000000,15.2779,15.359,15.1774,15.1774,1530.2834286766,0
EEMO.US,D,20200226,000000,15.3892,15.3892,15.1511,15.1511,1143.1032840717,0
EEMO.US,D,20200227,000000,14.8562,14.986,14.4706,14.7537,12597.694705017,0
EEMO.US,D,20200228,000000,14.1416,14.4959,14.1416,14.4832,4688.1574652295,0
EEMO.US,D,20200302,000000,14.4803,14.8347,14.4803,14.8347,1009.9460914827,0
EEMO.US,D,20200303,000000,14.7146,14.7146,14.6531,14.6531,682.1745404944,0
EEMO.US,D,20200304,000000,14.7908,14.8523,14.7908,14.8523,494.73018477297,0
EEMO.US,D,20200305,000000,14.4042,14.4042,14.4042,14.4042,1.0242860968385,0
EEMO.US,D,20200306,000000,14.1327,14.1562,13.9648,14.1562,1019.1646663543,0
EEMO.US,D,20200309,000000,12.9329,12.9329,12.6634,12.6928,8758.6704140655,0
EEMO.US,D,20200310,000000,13.1038,13.4631,13.1038,13.4631,1225.0461718188,0
EEMO.US,D,20200311,000000,12.9651,12.9651,12.6263,12.6694,987.41179735226,0
EEMO.US,D,20200312,000000,10.9579,11.2244,10.9207,11.1736,7939.2415365948,0
EEMO.US,D,20200313,000000,11.8981,12.0387,11.4177,12.0299,17050.266367972,0
EEMO.US,D,20200316,000000,10.8418,10.8418,10.4678,10.4678,346.20870073139,0
EEMO.US,D,20200317,000000,10.4141,10.9442,10.4141,10.9432,5332.4334201409,0
EEMO.US,D,20200318,000000,9.88008,9.88008,9.64671,9.74239,1879.5649876986,0
EEMO.US,D,20200319,000000,9.80488,10.3028,9.78828,10.2559,106098.62676882,0
EEMO.US,D,20200320,000000,10.3487,10.3975,10.0187,10.0187,1586.6191640027,0
EEMO.US,D,20200323,000000,9.71212,9.79413,9.64379,9.70433,2525.8895148036,0
EEMO.US,D,20200324,000000,10.2979,10.663,10.2618,10.3926,6699.8553594202,0
EEMO.US,D,20200325,000000,10.7548,11.2068,10.7538,11.1053,7468.0699320491,0
EEMO.US,D,20200326,000000,11.4216,11.5144,11.2498,11.5144,19389.735813152,0
EEMO.US,D,20200327,000000,10.8174,10.9998,10.8174,10.8807,5923.4464980167,0
EEMO.US,D,20200330,000000,10.8837,10.9823,10.8837,10.9715,1421.7091024118,0
EEMO.US,D,20200331,000000,11.0877,11.0877,10.8671,10.8886,1910.2935706037,0
EEMO.US,D,20200401,000000,10.626,10.626,10.4903,10.4903,256.07152420961,0
EEMO.US,D,20200402,000000,10.8699,10.8699,10.8699,10.8699,793.82172504979,0
EEMO.US,D,20200403,000000,10.8174,10.8174,10.6728,10.6728,452.73445480259,0
EEMO.US,D,20200406,000000,11.1511,11.1511,11.1511,11.1511,4.0971443873538,0
EEMO.US,D,20200407,000000,11.6159,11.6159,11.3836,11.3836,2823.9567689836,0
EEMO.US,D,20200408,000000,11.4421,11.5476,11.4421,11.5329,92218.525870558,0
EEMO.US,D,20200409,000000,11.7975,11.8365,11.6628,11.6628,2494.1366458016,0
EEMO.US,D,20200413,000000,11.6247,11.734,11.6247,11.734,1653.1977602972,0
EEMO.US,D,20200414,000000,11.9606,11.9664,11.8834,11.9664,5553.679217058,0
EEMO.US,D,20200415,000000,11.5085,11.6345,11.5085,11.6345,517.26447890341,0
EEMO.US,D,20200416,000000,11.6725,11.6725,11.5408,11.5408,105.50146797436,0
EEMO.US,D,20200417,000000,11.69,11.7926,11.69,11.7926,1668.5620517498,0
EEMO.US,D,20200420,000000,11.6716,11.6716,11.6716,11.6716,87.064318231267,0
EEMO.US,D,20200421,000000,11.3054,11.3054,11.3054,11.3054,3.0728582905153,0
EEMO.US,D,20200422,000000,11.5866,11.6666,11.5866,11.6666,104.47718187752,0
EEMO.US,D,20200423,000000,11.6345,11.6345,11.6345,11.6345,1.0242860968385,0
EEMO.US,D,20200424,000000,11.3299,11.4724,11.3299,11.4509,1343.863359052,0
EEMO.US,D,20200427,000000,11.6345,11.7438,11.6159,11.7438,3418.0427051499,0
EEMO.US,D,20200428,000000,11.7877,11.7877,11.69,11.69,2673.3867127483,0
EEMO.US,D,20200429,000000,11.9224,12.1158,11.9224,12.0572,2727.6738758808,0
EEMO.US,D,20200430,000000,11.7926,11.7926,11.7926,11.7926,4.0971443873538,0
EEMO.US,D,20200501,000000,11.489,11.489,11.3709,11.3816,1251.6776103366,0
EEMO.US,D,20200504,000000,11.5895,11.5895,11.5895,11.5895,110.62289845855,0
EEMO.US,D,20200505,000000,11.8024,11.8268,11.6716,11.6716,3848.2428658221,0
EEMO.US,D,20200506,000000,11.6345,11.6345,11.6345,11.6345,43.020016067215,0
EEMO.US,D,20200507,000000,11.6754,11.7487,11.6355,11.6716,12543.407541884,0
EEMO.US,D,20200508,000000,11.939,11.939,11.8171,11.9127,3290.0069430451,0
EEMO.US,D,20200511,000000,11.7682,11.7877,11.7682,11.778,940.29463689768,0
EEMO.US,D,20200512,000000,11.8737,11.9352,11.7389,11.8268,2877.2196460192,0
EEMO.US,D,20200513,000000,11.8365,11.8365,11.7877,11.7877,1290.6004820164,0
EEMO.US,D,20200514,000000,11.6061,11.8863,11.6061,11.8863,343.13584244088,0
EEMO.US,D,20200515,000000,11.7702,11.7702,11.7379,11.7379,107.55004016803,0
EEMO.US,D,20200518,000000,12.0962,12.2065,12.0455,12.189,25731.091038679,0
EEMO.US,D,20200519,000000,12.1061,12.1431,12.0493,12.1431,2079.300776582,0
EEMO.US,D,20200520,000000,12.1626,12.2632,12.1431,12.2632,4698.4003261979,0
EEMO.US,D,20200521,000000,12.1606,12.1811,12.1606,12.1811,1055.0146797436,0
EEMO.US,D,20200522,000000,11.9712,11.9732,11.9224,11.9732,341.0872702472,0
EEMO.US,D,20200526,000000,12.3657,12.4096,12.3315,12.3315,541.84734522754,0
EEMO.US,D,20200527,000000,12.2583,12.3599,12.2583,12.3599,423.03015799427,0
EEMO.US,D,20200528,000000,12.3227,12.3227,12.3227,12.3227,93.210034812298,0
EEMO.US,D,20200529,000000,12.5658,12.5658,12.5658,12.5658,91.161462618621,0
EEMO.US,D,20200601,000000,12.6625,12.807,12.6527,12.807,8276.2316624546,0
EEMO.US,D,20200602,000000,12.9905,13.0677,12.9427,13.0335,12972.583416459,0
EEMO.US,D,20200603,000000,13.2971,13.3751,13.2971,13.3751,588.9645056821,0
EEMO.US,D,20200604,000000,13.2688,13.2688,13.1721,13.2375,10399.576741201,0
EEMO.US,D,20200605,000000,13.4806,13.5616,13.4806,13.5226,1992.2364583508,0
EEMO.US,D,20200608,000000,13.5655,13.6515,13.5655,13.6515,412.78729702589,0
EEMO.US,D,20200609,000000,13.5001,13.6329,13.4904,13.5176,14917.702714355,0
EEMO.US,D,20200610,000000,13.6329,13.6621,13.6329,13.6621,1091.8889792298,0
EEMO.US,D,20200611,000000,13.0959,13.0959,12.9964,12.9964,2174.559383588,0
EEMO.US,D,20200612,000000,13.346,13.346,13.2414,13.3156,346.20870073139,0
EEMO.US,D,20200615,000000,13.0286,13.2111,13.0101,13.1925,4579.5831389647,0
EEMO.US,D,20200616,000000,13.4416,13.4416,13.2453,13.2453,1013.0189497732,0
EEMO.US,D,20200617,000000,13.4123,13.4123,13.382,13.382,241.73151885387,0
EEMO.US,D,20200618,000000,13.3332,13.3332,13.3322,13.3322,549.01734790541,0
EEMO.US,D,20200619,000000,13.4318,13.4318,13.4309,13.4309,414.83586921957,0
EEMO.US,D,20200622,000000,13.4806,13.6387,13.4806,13.5929,723.14598436794,0
EEMO.US,D,20200623,000000,13.7638,13.7638,13.7638,13.7638,70.675740681852,0
EEMO.US,D,20200624,000000,13.6817,13.6817,13.5792,13.5792,945.41606738188,0
EEMO.US,D,20200625,000000,13.7305,13.7305,13.7305,13.7305,3.0728582905153,0
EEMO.US,D,20200626,000000,13.6075,13.6075,13.5528,13.5528,388.20443070177,0
EEMO.US,D,20200629,000000,13.5684,13.5714,13.5684,13.5714,222.27008301394,0
EEMO.US,D,20200630,000000,13.5382,13.5948,13.5294,13.5645,4472.0330987967,0
EEMO.US,D,20200701,000000,13.711,13.711,13.711,13.711,108.57432626487,0
EEMO.US,D,20200702,000000,13.961,14.0508,13.9083,13.9083,2695.9210068787,0
EEMO.US,D,20200706,000000,14.2598,14.3866,14.2598,14.3866,359.52441999029,0
EEMO.US,D,20200707,000000,14.3739,14.3739,14.1972,14.1972,434.2973050595,0
EEMO.US,D,20200708,000000,14.3739,14.5399,14.3739,14.5399,644.27595491137,0
EEMO.US,D,20200709,000000,14.7986,14.7986,14.5477,14.6434,64872.135657165,0
EEMO.US,D,20200710,000000,14.4706,14.5799,14.4706,14.5799,256.07152420961,0
EEMO.US,D,20200713,000000,14.7107,14.7791,14.4462,14.4462,5971.5879445681,0
EEMO.US,D,20200714,000000,13.0002,14.6337,13.0002,14.6297,4706.5946149726,0
EEMO.US,D,20200715,000000,14.6492,14.6785,14.6239,14.6239,496.77875696664,0
EEMO.US,D,20200716,000000,14.3583,14.3583,14.3583,14.3583,82.967173843913,0
EEMO.US,D,20200717,000000,14.5409,14.5409,14.5409,14.5409,9.2185748715459,0
EEMO.US,D,20200720,000000,14.452,14.6444,14.452,14.6444,1556.9148671945,0
EEMO.US,D,20200721,000000,14.8191,14.8601,14.7205,14.7274,2981.6968278967,0
EEMO.US,D,20200722,000000,14.7879,14.7879,14.7879,14.7879,92.185748715459,0
EEMO.US,D,20200723,000000,14.8249,14.8249,14.6434,14.6648,3536.8598923831,0
EEMO.US,D,20200724,000000,14.7351,14.7351,14.7351,14.7351,92.185748715459,0
EEMO.US,D,20200727,000000,15.0417,15.1178,15.0417,15.1178,316.50440392308,0
EEMO.US,D,20200728,000000,14.9899,14.9899,14.9518,14.9518,726.21884265845,0
EEMO.US,D,20200729,000000,15.1549,15.2155,15.1549,15.2155,524.43448158128,0
EEMO.US,D,20200730,000000,14.9987,15.0954,14.9987,15.0954,371.81585315235,0
EEMO.US,D,20200731,000000,15.0183,15.0183,15.0183,15.0183,4.0971443873538,0
EEMO.US,D,20200803,000000,15.1618,15.1618,15.1188,15.1491,438.39444944685,0
EEMO.US,D,20200804,000000,15.3502,15.3502,15.3502,15.3502,2.0485721936768,0
EEMO.US,D,20200805,000000,15.5845,15.5845,15.4889,15.5425,1193.2933028167,0
EEMO.US,D,20200806,000000,15.5669,15.5689,15.479,15.5689,1328.4990675995,0
EEMO.US,D,20200807,000000,15.3444,15.3444,15.3444,15.3444,150.57005623525,0
EEMO.US,D,20200810,000000,15.2975,15.3551,15.2975,15.3268,2092.6164958409,0
EEMO.US,D,20200811,000000,15.2975,15.2975,15.1676,15.1676,1539.5020035481,0
EEMO.US,D,20200812,000000,15.2877,15.2877,15.2291,15.2399,18564.1612191,0
EEMO.US,D,20200813,000000,15.1862,15.1862,15.1862,15.1862,104.47718187752,0
EEMO.US,D,20200814,000000,15.1862,15.1862,15.1764,15.1764,1040.6746743879,0
EEMO.US,D,20200817,000000,15.2877,15.3698,15.2877,15.3698,416.88444141325,0
EEMO.US,D,20200818,000000,15.4839,15.4839,15.4839,15.4839,4.0971443873538,0
EEMO.US,D,20200819,000000,15.3942,15.3942,15.2155,15.2155,1718.7520704949,0
EEMO.US,D,20200820,000000,14.9616,15.1813,14.8982,15.1813,1153.3461450401,0
EEMO.US,D,20200821,000000,15.1657,15.2067,15.1657,15.2067,194.61435839931,0
EEMO.US,D,20200824,000000,15.4518,15.4518,15.4518,15.4518,381.0344280239,0
EEMO.US,D,20200825,000000,15.4889,15.5503,15.4889,15.5503,544.92020351805,0
EEMO.US,D,20200826,000000,15.5924,15.6001,15.5924,15.6001,1184.0747279453,0
EEMO.US,D,20200827,000000,15.5601,15.5943,15.5601,15.5709,667.83453513866,0
EEMO.US,D,20200828,000000,15.7202,15.7417,15.7202,15.7417,42002.899973053,0
EEMO.US,D,20200831,000000,15.4312,15.4312,15.2487,15.3463,4591.8745721267,0
EEMO.US,D,20200901,000000,15.606,15.606,15.606,15.606,60.432879713468,0
EEMO.US,D,20200902,000000,15.605,15.6685,15.605,15.6685,318.55297611675,0
EEMO.US,D,20200903,000000,15.5083,15.5748,15.2585,15.3658,2354.8337366316,0
EEMO.US,D,20200904,000000,15.2779,15.4107,15.2779,15.4107,961.80464493129,0
EEMO.US,D,20200908,000000,15.1052,15.1666,15.0954,15.0954,687.2959709786,0
EEMO.US,D,20200909,000000,15.3199,15.3199,15.3199,15.3199,71.700026778691,0
EEMO.US,D,20200910,000000,15.3268,15.3268,15.0954,15.0954,322.6501205041,0
EEMO.US,D,20200911,000000,15.234,15.3043,15.1793,15.1793,1499.5548457715,0
EEMO.US,D,20200914,000000,15.4478,15.4693,15.4429,15.4429,1400.1990943781,0
EEMO.US,D,20200915,000000,15.6773,15.6773,15.5766,15.6344,984.33893906174,0
EEMO.US,D,20200916,000000,15.7007,15.7007,15.6344,15.6344,410.73872483221,0
EEMO.US,D,20200917,000000,15.4996,15.4996,15.4996,15.4996,21.510008033607,0
EEMO.US,D,20200918,000000,15.4917,15.4917,15.403,15.4429,1303.9162012754,0
EEMO.US,D,20200921,000000,15.0954,15.36,14.9714,15.36,1351.0333617299,0
EEMO.US,D,20200922,000000,15.1052,15.2281,15.1052,15.2281,830.69602453598,0
EEMO.US,D,20200923,000000,14.9704,14.9704,14.9704,14.9704,28.680010711476,0
EEMO.US,D,20200924,000000,14.7693,14.9324,14.7693,14.8699,791.77315285612,0
EEMO.US,D,20200925,000000,14.8532,14.8532,14.8532,14.8532,2.0485721936768,0
EEMO.US,D,20200928,000000,15.029,15.029,14.9714,15.0036,277.58153224322,0
EEMO.US,D,20200929,000000,15.0368,15.0475,15.0368,15.0475,229.44008569181,0
EEMO.US,D,20200930,000000,15.3365,15.3561,15.317,15.3453,677.05311001021,0
EEMO.US,D,20201001,000000,15.3942,15.4693,15.3942,15.4556,3052.3725685786,0
EEMO.US,D,20201002,000000,15.317,15.3658,15.2487,15.2487,894.20176253995,0
EEMO.US,D,20201005,000000,15.2975,15.4312,15.2975,15.4312,252.9986659191,0
EEMO.US,D,20201006,000000,15.6148,15.6148,15.5161,15.5161,457.85588528678,0
EEMO.US,D,20201007,000000,15.7905,15.8745,15.7876,15.8247,17187.520704949,0
EEMO.US,D,20201008,000000,15.9067,15.9067,15.9067,15.9067,7.1700026778691,0
EEMO.US,D,20201009,000000,15.9789,16.1068,15.9789,16.1068,315.48011782624,0
EEMO.US,D,20201012,000000,16.2816,16.2816,16.2816,16.2816,37.898585583022,0
EEMO.US,D,20201013,000000,16.3178,16.3178,16.2113,16.2953,769.23885872566,0
EEMO.US,D,20201014,000000,16.2015,16.2015,16.2015,16.2015,135.20576478268,0
EEMO.US,D,20201015,000000,15.9135,15.9867,15.9135,15.9867,557.21163668011,0
EEMO.US,D,20201016,000000,16.0472,16.0746,16.0452,16.0452,312.40725953573,0
EEMO.US,D,20201019,000000,15.892,15.892,15.892,15.892,14.340005355738,0
EEMO.US,D,20201020,000000,16.0892,16.1772,16.0892,16.1332,2353.8094505347,0
EEMO.US,D,20201021,000000,16.2015,16.2015,16.0864,16.0864,1438.0976799612,0
EEMO.US,D,20201022,000000,15.9692,16.0472,15.9692,15.9955,1561.0120115817,0
EEMO.US,D,20201023,000000,15.9506,15.9506,15.9243,15.9243,211.00293594872,0
EEMO.US,D,20201026,000000,15.7202,15.7525,15.6822,15.7525,1460.6319740916,0
EEMO.US,D,20201027,000000,15.9321,16.0278,15.9321,16.0278,598.18308055365,0
EEMO.US,D,20201028,000000,15.9037,15.9037,15.7251,15.7779,2033.2079022243,0
EEMO.US,D,20201029,000000,16.0472,16.104,16.0472,16.0951,20661.899145425,0
EEMO.US,D,20201030,000000,15.9037,15.9037,15.7007,15.7974,7951.5329697568,0
EEMO.US,D,20201102,000000,15.9515,15.9515,15.8755,15.9389,329.82012318197,0
EEMO.US,D,20201103,000000,15.9692,16.018,15.9321,15.9515,2391.7080361178,0
EEMO.US,D,20201104,000000,16.596,16.7405,16.5764,16.7004,7057.3312072169,0
EEMO.US,D,20201105,000000,17.0666,17.0666,16.8927,17.0265,9638.5321712497,0
EEMO.US,D,20201106,000000,17.0666,17.0997,17.0666,17.0997,3346.3426783712,0
EEMO.US,D,20201109,000000,17.5185,17.5185,16.8829,16.8829,5960.3207975029,0
EEMO.US,D,20201110,000000,16.3362,16.3362,16.2973,16.2973,595.11022226314,0
EEMO.US,D,20201111,000000,16.1058,16.2396,16.1058,16.2396,2882.3410765033,0
EEMO.US,D,20201112,000000,16.4613,16.4613,16.3841,16.4291,1392.0048056035,0
EEMO.US,D,20201113,000000,16.8927,16.9122,16.8537,16.9122,608.42594152203,0
EEMO.US,D,20201116,000000,17.0821,17.0821,17.0821,17.0821,74.772885069206,0
EEMO.US,D,20201117,000000,16.9308,16.9796,16.9201,16.9504,4825.4118022059,0
EEMO.US,D,20201118,000000,16.9259,16.96,16.8361,16.8459,464543.44921304,0
EEMO.US,D,20201119,000000,16.797,16.9211,16.797,16.9211,395.37443337964,0
EEMO.US,D,20201120,000000,16.9699,17.211,16.9699,17.1339,21279.543661819,0
EEMO.US,D,20201123,000000,17.3213,17.3213,17.2052,17.2071,2246.2594103667,0
EEMO.US,D,20201124,000000,17.3457,17.3555,17.2979,17.3165,2175.5836696849,0
EEMO.US,D,20201125,000000,17.0851,17.0948,17.0294,17.0831,2574.030961355,0
EEMO.US,D,20201127,000000,17.3927,17.4795,17.3838,17.4102,4462.8145239251,0
EEMO.US,D,20201130,000000,17.1914,17.1914,16.9406,16.9572,12453.270365362,0
EEMO.US,D,20201201,000000,17.1045,17.1426,17.0469,17.0469,1335.6690702773,0
EEMO.US,D,20201202,000000,17.0382,17.1525,17.0382,17.0851,2923.3125203769,0
EEMO.US,D,20201203,000000,17.2696,17.3457,17.2686,17.2686,4832.5818048838,0
EEMO.US,D,20201204,000000,17.5479,17.5479,17.4854,17.5283,2234.9922633014,0
EEMO.US,D,20201207,000000,17.5859,17.5859,17.5673,17.5673,723.14598436794,0
EEMO.US,D,20201208,000000,17.6152,17.6504,17.6152,17.6504,2003.503605416,0
EEMO.US,D,20201209,000000,17.7987,17.7987,17.4121,17.4697,2524.8652287068,0
EEMO.US,D,20201210,000000,17.5088,17.6484,17.499,17.6484,504.97304574135,0
EEMO.US,D,20201211,000000,17.5419,17.5713,17.5088,17.5273,3915.8457482134,0
EEMO.US,D,20201214,000000,17.3574,17.3574,17.3233,17.3233,414.83586921957,0
EEMO.US,D,20201215,000000,17.2598,17.3643,17.2598,17.3643,3333.0269591123,0
EEMO.US,D,20201216,000000,17.5088,17.5957,17.5088,17.538,3401.6541276005,0
EEMO.US,D,20201217,000000,17.5957,17.7021,17.5957,17.7021,1408.3933831528,0
EEMO.US,D,20201218,000000,17.5937,17.6366,17.5673,17.6366,864.49746573164,0
EEMO.US,D,20201221,000000,17.4121,17.5352,17.4121,17.5332,989.46036954593,0
EEMO.US,D,20201222,000000,17.5088,17.5088,17.3409,17.3828,4678.938890358,0
EEMO.US,D,20201223,000000,17.6055,17.6055,17.5811,17.5821,1311.0862039532,0
EEMO.US,D,20201224,000000,17.4971,17.5145,17.4512,17.5145,1059.1118241309,0
EEMO.US,D,20201228,000000,17.5185,17.5185,17.3565,17.3565,3011.401124705,0
EEMO.US,D,20201229,000000,17.5283,17.8339,17.5283,17.7763,1657.2949046846,0
EEMO.US,D,20201230,000000,18.0867,18.3172,18.0867,18.2108,1472.9234072536,0
EEMO.US,D,20201231,000000,18.1814,18.2078,18.1814,18.2078,2263.6722740129,0
EEMO.US,D,20210104,000000,18.4899,18.568,18.3162,18.3162,7068.598354282,0
EEMO.US,D,20210105,000000,18.5768,18.9127,18.568,18.8834,7788.6714803595,0
EEMO.US,D,20210106,000000,18.5095,18.8072,18.5095,18.5485,494659.50903229,0
EEMO.US,D,20210107,000000,18.6627,18.732,18.6627,18.732,239.68294666019,0
EEMO.US,D,20210108,000000,19.1353,19.393,19.1353,19.393,2912.0453733117,0
EEMO.US,D,20210111,000000,19.308,19.308,19.1167,19.1792,10508.151067466,0
EEMO.US,D,20210112,000000,19.231,19.2788,19.2016,19.2016,3065.6882878374,0
EEMO.US,D,20210113,000000,19.1353,19.308,19.1353,19.2457,9138.6805559926,0
EEMO.US,D,20210114,000000,19.5287,19.6547,19.4614,19.4614,4114.557251,0
EEMO.US,D,20210115,000000,19.1206,19.23,19.1206,19.1275,1389.9562334098,0
EEMO.US,D,20210119,000000,19.6645,19.7884,19.6645,19.7103,5153.1833531942,0
EEMO.US,D,20210120,000000,20.259,20.3946,20.259,20.3137,4014.1772135098,0
EEMO.US,D,20210121,000000,20.5207,20.5685,20.4621,20.5567,5987.9765221175,0
EEMO.US,D,20210122,000000,20.3849,20.6075,20.3849,20.5381,3754.0085449129,0
EEMO.US,D,20210125,000000,20.875,20.9717,20.7491,20.8565,4927.8404118897,0
EEMO.US,D,20210126,000000,20.6446,20.6739,20.4621,20.5783,10400.601027298,0
EEMO.US,D,20210127,000000,20.1067,20.1438,19.8939,19.8939,11874.548720649,0
EEMO.US,D,20210128,000000,19.7982,20.1398,19.7689,20.0197,2536.1323757719,0
EEMO.US,D,20210129,000000,19.7592,19.7592,19.4818,19.5834,11859.184429196,0
EEMO.US,D,20210201,000000,20.0872,20.3468,20.0872,20.3127,3260.3026462368,0
EEMO.US,D,20210202,000000,20.6544,20.6739,20.6261,20.6642,3868.7285877588,0
EEMO.US,D,20210203,000000,20.8087,20.9727,20.7755,20.9044,7427.0984881755,0
EEMO.US,D,20210204,000000,20.6592,20.7315,20.6261,20.7315,1830.3992550503,0
EEMO.US,D,20210205,000000,20.7559,20.9238,20.7559,20.9238,4097.1443873538,0
EEMO.US,D,20210208,000000,20.9044,20.9823,20.8467,20.9365,12871.179092871,0
EEMO.US,D,20210209,000000,20.9335,21.2606,20.9335,21.1856,141916.88728916,0
EEMO.US,D,20210210,000000,21.5692,21.5692,21.3846,21.411,27100.561550152,0
EEMO.US,D,20210211,000000,21.5506,21.8484,21.5506,21.7489,11010.051254916,0
EEMO.US,D,20210212,000000,21.7703,21.7898,21.7225,21.7381,1793.5249555641,0
EEMO.US,D,20210216,000000,21.9147,21.9431,21.7245,21.7245,7117.7640869303,0
EEMO.US,D,20210217,000000,21.742,21.905,21.6473,21.8044,48590.083861822,0
EEMO.US,D,20210218,000000,21.3846,21.3846,21.126,21.3446,2076.2279182915,0
EEMO.US,D,20210219,000000,21.5311,21.6737,21.4833,21.5418,8011.9658494702,0
EEMO.US,D,20210222,000000,20.875,20.875,20.6564,20.67,7289.8441511992,0
EEMO.US,D,20210223,000000,20.3566,20.4171,19.9622,20.4171,56711.648323654,0
EEMO.US,D,20210224,000000,20.1067,20.1067,19.8079,20.1067,15055.981337429,0
EEMO.US,D,20210225,000000,20.0872,20.1067,19.5404,19.6214,87484.275530971,0
EEMO.US,D,20210226,000000,19.4906,19.4906,19.1538,19.3794,22853.871392659,0
EEMO.US,D,20210301,000000,19.8724,20.054,19.8724,20.054,2863.9039267603,0
EEMO.US,D,20210302,000000,19.9134,19.9134,19.6645,19.6908,2358.9308810189,0
EEMO.US,D,20210303,000000,19.7884,19.8841,19.5678,19.5735,2747.1353117207,0
EEMO.US,D,20210304,000000,19.3461,19.3461,18.6344,18.8366,6520.6052924735,0
EEMO.US,D,20210305,000000,19.1635,19.1635,18.6627,19.0172,9689.7464760916,0
EEMO.US,D,20210308,000000,18.5095,18.5095,18.0867,18.0867,2805.5196192405,0
EEMO.US,D,20210309,000000,18.5241,18.7018,18.446,18.6344,1796.5978138546,0
EEMO.US,D,20210310,000000,18.5758,18.5768,18.4821,18.4821,371.81585315235,0
EEMO.US,D,20210311,000000,19.1167,19.2983,19.1167,19.2983,2053.6936241611,0
EEMO.US,D,20210312,000000,18.8745,18.8745,18.732,18.8287,972.04750589968,0
EEMO.US,D,20210315,000000,18.7692,18.7975,18.6344,18.7916,3524.5684592211,0
EEMO.US,D,20210316,000000,19.0045,19.0045,18.9577,18.9577,259.14438250013,0
EEMO.US,D,20210317,000000,18.6062,18.9586,18.6062,18.9586,1078.5732599708,0
EEMO.US,D,20210318,000000,18.7409,18.7692,18.5485,18.5485,3924.040036988,0
EEMO.US,D,20210319,000000,18.5466,18.7838,18.5466,18.7838,533.65305645282,0
EEMO.US,D,20210322,000000,18.651,18.8267,18.651,18.7858,8483.1374540159,0
EEMO.US,D,20210323,000000,18.489,18.489,18.2185,18.2868,23236.954392876,0
EEMO.US,D,20210324,000000,17.9969,17.9969,17.6396,17.6484,4869.4561043699,0
EEMO.US,D,20210325,000000,17.7168,17.8417,17.6299,17.8417,2629.3424105842,0
EEMO.US,D,20210326,000000,18.2,18.2976,17.8934,18.2976,1765.8692309495,0
EEMO.US,D,20210329,000000,17.9969,18.1278,17.9969,18.0613,926.97891763879,0
EEMO.US,D,20210330,000000,18.1512,18.3445,18.1512,18.2937,1177.9290113642,0
EEMO.US,D,20210331,000000,18.3445,18.4665,18.3445,18.4665,1418.6362441213,0
EEMO.US,D,20210401,000000,18.8658,18.9185,18.8658,18.8893,341.0872702472,0
EEMO.US,D,20210405,000000,19.0055,19.0396,18.9429,19.0015,5939.8350755661,0
EEMO.US,D,20210406,000000,19.1841,19.1841,19.1451,19.148,1396.1019499908,0
EEMO.US,D,20210407,000000,18.7975,18.7975,18.6432,18.6861,528.53162596863,0
EEMO.US,D,20210408,000000,19.0572,19.1079,18.9956,18.9956,1137.9818535875,0
EEMO.US,D,20210409,000000,18.7554,18.7554,18.653,18.732,891.12890424945,0
EEMO.US,D,20210412,000000,18.4313,18.4402,18.4246,18.4392,2665.1924239736,0
EEMO.US,D,20210413,000000,18.4402,18.5349,18.4402,18.5349,1833.4721133408,0
EEMO.US,D,20210414,000000,18.6637,18.6637,18.5632,18.5632,837.86602721385,0
EEMO.US,D,20210415,000000,18.7115,18.7594,18.7115,18.7594,662.71310465447,0
EEMO.US,D,20210416,000000,18.7995,18.8316,18.7995,18.8258,3042.1297076101,0
EEMO.US,D,20210419,000000,18.7877,18.7877,18.7311,18.7584,530.58019816231,0
EEMO.US,D,20210420,000000,18.7409,18.7613,18.5671,18.6784,24271.483350683,0
EEMO.US,D,20210421,000000,18.5476,18.7798,18.489,18.7788,4810.0475107533,0
EEMO.US,D,20210422,000000,18.8873,18.8942,18.7311,18.7311,1179.9775835579,0
EEMO.US,D,20210423,000000,18.9908,19.2652,18.9908,19.2652,921.85748715459,0
EEMO.US,D,20210426,000000,19.0884,19.2134,19.0884,19.1547,12029.215921271,0
EEMO.US,D,20210427,000000,19.3198,19.3198,19.1939,19.2554,1835.5206855345,0
EEMO.US,D,20210428,000000,19.2329,19.3227,19.2036,19.3227,15172.749952468,0
EEMO.US,D,20210429,000000,19.1177,19.1645,19.1177,19.1645,1213.7790247535,0
EEMO.US,D,20210430,000000,18.8942,18.8942,18.8297,18.8297,236.61008836968,0
EEMO.US,D,20210503,000000,18.735,18.735,18.735,18.735,184.37149743092,0
EEMO.US,D,20210504,000000,18.3445,18.4402,18.3445,18.4402,918.78462886408,0
EEMO.US,D,20210505,000000,18.4402,18.4402,18.3346,18.4012,627.88737736196,0
EEMO.US,D,20210506,000000,18.5593,18.5593,18.5593,18.5593,112.67147065223,0
EEMO.US,D,20210507,000000,18.8219,18.8366,18.7311,18.7517,1370.4947975699,0
EEMO.US,D,20210510,000000,18.4987,18.4987,18.0692,18.0692,1019.1646663543,0
EEMO.US,D,20210511,000000,17.6484,17.9921,17.6484,17.9921,882.93461547473,0
EEMO.US,D,20210512,000000,17.4366,17.5429,17.4171,17.455,631.98452174932,0
EEMO.US,D,20210513,000000,17.455,17.5723,17.2833,17.4014,4861.2618155953,0
EEMO.US,D,20210514,000000,17.4746,17.7412,17.4746,17.7412,679.10168220388,0
EEMO.US,D,20210517,000000,17.6299,17.6825,17.6299,17.6825,236.61008836968,0
EEMO.US,D,20210518,000000,18.0447,18.1219,18.0105,18.0604,1963.5564476393,0
EEMO.US,D,20210519,000000,17.6972,18.0741,17.6972,17.9804,1172.80758088,0
EEMO.US,D,20210520,000000,18.1805,18.2293,18.161,18.2293,1052.9661075499,0
EEMO.US,D,20210521,000000,18.2,18.2,18.0155,18.0155,6630.2039048352,0
EEMO.US,D,20210524,000000,18.0643,18.2849,18.0545,18.2362,2048.5721936768,0
EEMO.US,D,20210525,000000,18.4782,18.4782,18.4782,18.4782,49.165732648245,0
EEMO.US,D,20210526,000000,18.5954,18.6208,18.5768,18.6208,484.48732380458,0
EEMO.US,D,20210527,000000,18.5573,18.6042,18.5573,18.6012,844.01174379487,0
EEMO.US,D,20210528,000000,18.5378,18.7682,18.5378,18.7096,1950.2407283804,0
EEMO.US,D,20210601,000000,19.3481,19.4789,19.3481,19.4447,2911.0210872148,0
EEMO.US,D,20210602,000000,19.3002,19.3002,19.2231,19.2593,1680.8534849118,0
EEMO.US,D,20210603,000000,19.0884,19.0884,19.0103,19.0103,557.21163668011,0
EEMO.US,D,20210604,000000,19.2319,19.2358,19.2319,19.2358,318.55297611675,0
EEMO.US,D,20210607,000000,19.0777,19.0777,19.0777,19.0777,26.6314385178,0
EEMO.US,D,20210608,000000,18.9342,18.9567,18.9342,18.9567,828.6474523423,0
EEMO.US,D,20210609,000000,18.9908,18.9908,18.8932,18.8932,586.91593348842,0
EEMO.US,D,20210610,000000,19.0884,19.1538,19.0884,19.1382,1188.1718723326,0
EEMO.US,D,20210611,000000,19.1177,19.1724,19.1177,19.1724,1238.3618910776,0
EEMO.US,D,20210614,000000,19.31,19.31,19.2036,19.2203,1378.6890863445,0
EEMO.US,D,20210615,000000,19.1353,19.1353,19.1079,19.1285,4247.714443589,0
EEMO.US,D,20210616,000000,18.8015,18.8015,18.8015,18.8015,143.40005355738,0
EEMO.US,D,20210617,000000,19.0299,19.1266,19.0299,19.0992,1733.0920758506,0
EEMO.US,D,20210618,000000,19.1128,19.1177,19.022,19.022,473.22017673936,0
EEMO.US,D,20210621,000000,19.1266,19.1557,19.1266,19.1557,475.26874893303,0
EEMO.US,D,20210622,000000,19.0142,19.0142,19.0142,19.0142,1.0242860968385,0
EEMO.US,D,20210623,000000,19.2915,19.3296,19.2427,19.2632,1115.4475594571,0
EEMO.US,D,20210624,000000,19.3491,19.4751,19.3491,19.4751,714.95169559323,0
EEMO.US,D,20210625,000000,19.6781,19.7064,19.6107,19.683,6488.8524234715,0
EEMO.US,D,20210628,000000,19.7748,19.7943,19.7748,19.7943,328.79583708514,0
EEMO.US,D,20210629,000000,19.7162,19.8256,19.7162,19.8256,940.29463689768,0
EEMO.US,D,20210630,000000,19.7425,19.7425,19.7425,19.7425,71.700026778691,0
EEMO.US,D,20210701,000000,19.5424,19.5745,19.4946,19.5745,1502.627704062,0
EEMO.US,D,20210702,000000,19.4164,19.4507,19.4164,19.4507,322.6501205041,0
EEMO.US,D,20210706,000000,19.2134,19.2134,19.0055,19.0347,812.25887479289,0
EEMO.US,D,20210707,000000,18.9712,18.9712,18.9332,18.9645,701.63597633433,0
EEMO.US,D,20210708,000000,18.4293,18.5075,18.4293,18.4968,699.58740414065,0
EEMO.US,D,20210709,000000,18.817,18.9615,18.817,18.9615,528.53162596863,0
EEMO.US,D,20210712,000000,18.8745,19.0005,18.8745,19.0005,1670.6106239435,0
EEMO.US,D,20210713,000000,19.0688,19.2036,19.0454,19.0454,1278.3090488544,0
EEMO.US,D,20210714,000000,19.0982,19.1031,19.0982,19.1031,651.44595758924,0
EEMO.US,D,20210715,000000,19.1177,19.1557,19.1177,19.1557,215.10008033607,0
EEMO.US,D,20210716,000000,18.8942,18.8942,18.8942,18.8942,2.0485721936768,0
EEMO.US,D,20210719,000000,18.4685,18.5758,18.4293,18.5758,6529.8238673451,0
EEMO.US,D,20210720,000000,18.5847,18.6979,18.5847,18.6979,533.65305645282,0
EEMO.US,D,20210721,000000,18.6237,18.7682,18.6237,18.7682,595.11022226314,0
EEMO.US,D,20210722,000000,18.7507,18.7975,18.7507,18.7975,314.4558317294,0
EEMO.US,D,20210723,000000,18.5944,18.5944,18.3435,18.4089,233.53723007916,0
EEMO.US,D,20210726,000000,17.8974,17.8974,17.7333,17.7431,3117.9268787762,0
EEMO.US,D,20210727,000000,17.25,17.25,16.9542,17.1623,3451.8441463456,0
EEMO.US,D,20210728,000000,17.5108,17.9657,17.5108,17.9657,1724.8977870759,0
EEMO.US,D,20210729,000000,18.0818,18.0818,18.0145,18.0409,1891.8564208606,0
EEMO.US,D,20210730,000000,17.829,17.829,17.829,17.829,1.0242860968385,0
EEMO.US,D,20210802,000000,18.0233,18.0233,17.9794,17.9794,301.1401124705,0
EEMO.US,D,20210803,000000,17.9462,18.0223,17.9462,18.0145,889.08033205576,0
EEMO.US,D,20210804,000000,18.198,18.2243,18.198,18.2243,750.80170898257,0
EEMO.US,D,20210805,000000,18.1874,18.1874,18.1874,18.1874,9.2185748715459,0
EEMO.US,D,20210806,000000,17.9373,17.9373,17.9373,17.9373,44.044302164052,0
EEMO.US,D,20210809,000000,18.1404,18.1404,18.1404,18.1404,51.214304841921,0
EEMO.US,D,20210810,000000,18.0926,18.1336,18.0926,18.1336,559.26020887379,0
EEMO.US,D,20210811,000000,18.0125,18.0751,18.0125,18.0751,243.78009104755,0
EEMO.US,D,20210812,000000,17.8876,17.8876,17.8495,17.8495,318.55297611675,0
EEMO.US,D,20210813,000000,17.7723,17.7919,17.666,17.7284,7330.8155950727,0
EEMO.US,D,20210816,000000,17.3946,17.3974,17.3946,17.3974,708.8059790122,0
EEMO.US,D,20210817,000000,17.0372,17.1037,16.9494,16.9494,1226.0704579156,0
EEMO.US,D,20210818,000000,17.2306,17.2306,17.0948,17.0948,453.75874089943,0
EEMO.US,D,20210819,000000,16.7268,16.7268,16.6204,16.6809,2001.4550332223,0
EEMO.US,D,20210820,000000,16.6789,16.6887,16.6545,16.674,1052.9661075499,0
EEMO.US,D,20210823,000000,17.0616,17.0841,17.0567,17.0841,776.40886140353,0
EEMO.US,D,20210824,000000,17.4141,17.7069,17.4141,17.7069,251.97437982226,0
EEMO.US,D,20210825,000000,17.745,17.745,17.745,17.745,61.457165810306,0
EEMO.US,D,20210826,000000,17.5352,17.5352,17.5352,17.5352,109.59861236172,0
EEMO.US,D,20210827,000000,17.6835,17.7236,17.6835,17.7236,624.81451907145,0
EEMO.US,D,20210830,000000,17.7577,17.7577,17.7577,17.7577,76.821457262883,0
EEMO.US,D,20210831,000000,18.0429,18.1785,18.0429,18.1785,773.33600311302,0
EEMO.US,D,20210901,000000,18.3435,18.4118,18.3435,18.4118,698.56311804382,0
EEMO.US,D,20210902,000000,18.3718,18.3718,18.2497,18.2497,744.65599240155,0
EEMO.US,D,20210903,000000,18.3142,18.3426,18.3142,18.3426,155.69148671945,0
EEMO.US,D,20210907,000000,18.4099,18.6217,18.4099,18.5758,1543.5991479355,0
EEMO.US,D,20210908,000000,18.159,18.1941,18.159,18.1941,238.65866056336,0
EEMO.US,D,20210909,000000,18.0798,18.0798,18.0798,18.0798,90.137176521782,0
EEMO.US,D,20210910,000000,18.0301,18.0301,18.0301,18.0301,16.388577549415,0
EEMO.US,D,20210913,000000,17.9266,17.9706,17.9266,17.954,949.51321176923,0
EEMO.US,D,20210914,000000,17.8495,17.8495,17.8065,17.8065,1135.9332813938,0
EEMO.US,D,20210915,000000,17.6796,17.7294,17.6796,17.7294,207.9300776582,0
EEMO.US,D,20210916,000000,17.4434,17.4824,17.4434,17.4824,261.1929546938,0
EEMO.US,D,20210917,000000,17.4336,17.5303,17.4336,17.4931,3596.2684859997,0
EEMO.US,D,20210920,000000,17.2491,17.2491,16.9083,17.045,3517.3984565432,0
EEMO.US,D,20210921,000000,17.1525,17.1525,17.1525,17.1525,3.0728582905153,0
EEMO.US,D,20210922,000000,17.2491,17.3584,17.2491,17.3584,2442.9223409596,0
EEMO.US,D,20210923,000000,17.4707,17.4814,17.4668,17.4668,781.53029188773,0
EEMO.US,D,20210924,000000,17.2588,17.2588,17.2588,17.2588,51.214304841921,0
EEMO.US,D,20210927,000000,17.2296,17.2921,17.2296,17.2921,381.0344280239,0
EEMO.US,D,20210928,000000,16.9523,16.9523,16.9523,16.9523,25.607152420961,0
EEMO.US,D,20210929,000000,16.8977,16.8977,16.8977,16.8977,1.0242860968385,0
EEMO.US,D,20210930,000000,17.0128,17.0128,17.0128,17.0128,28.680010711476,0
EEMO.US,D,20211001,000000,17.0118,17.0118,17.0118,17.0118,200.76007498033,0
EEMO.US,D,20211004,000000,16.8118,16.8215,16.7697,16.7697,1113.3989872634,0
EEMO.US,D,20211005,000000,16.96,16.96,16.96,16.96,41.995729970376,0
EEMO.US,D,20211006,000000,16.7278,16.7278,16.6954,16.7278,408.69015263853,0
EEMO.US,D,20211007,000000,16.9083,16.9552,16.9083,16.9552,124.96290381429,0
EEMO.US,D,20211008,000000,16.8118,16.8849,16.8118,16.8849,666.81024904183,0
EEMO.US,D,20211011,000000,16.9279,16.9279,16.8673,16.8673,505.99733183819,0
EEMO.US,D,20211012,000000,16.8547,16.8547,16.8547,16.8547,12.291433162061,0
EEMO.US,D,20211013,000000,17.0304,17.0304,17.0304,17.0304,17.412863646254,0
EEMO.US,D,20211014,000000,17.1221,17.1778,17.1221,17.1778,995.60608612696,0
EEMO.US,D,20211015,000000,17.3701,17.3701,17.3701,17.3701,2.0485721936768,0
EEMO.US,D,20211018,000000,17.4043,17.4443,17.4043,17.4443,1062.1846824215,0
EEMO.US,D,20211019,000000,17.5303,17.5986,17.5303,17.5986,648.37309929874,0
EEMO.US,D,20211020,000000,17.462,17.5254,17.462,17.5254,103.45289578068,0
EEMO.US,D,20211021,000000,17.4228,17.4228,17.4228,17.4228,165.93434768782,0
EEMO.US,D,20211022,000000,17.3946,17.3946,17.2296,17.3233,5625.3792438367,0
EEMO.US,D,20211025,000000,17.5498,17.5498,17.5498,17.5498,5.1214304841921,0
EEMO.US,D,20211026,000000,17.6211,17.6211,17.6211,17.6211,5.1214304841921,0
EEMO.US,D,20211027,000000,17.5254,17.5254,17.4951,17.4951,1188.1718723326,0
EEMO.US,D,20211028,000000,17.2871,17.376,17.251,17.376,1640.9063271352,0
EEMO.US,D,20211029,000000,17.2871,17.2871,17.2149,17.2149,2167.3893809101,0
EEMO.US,D,20211101,000000,17.1416,17.3272,17.1416,17.3272,617.64451639358,0
EEMO.US,D,20211102,000000,17.2491,17.3145,17.2491,17.3145,103.45289578068,0
EEMO.US,D,20211103,000000,17.3653,17.3653,17.3653,17.3653,190.51721401195,0
EEMO.US,D,20211104,000000,17.3818,17.3818,17.3818,17.3818,29.704296808315,0
EEMO.US,D,20211105,000000,17.5986,17.5986,17.4336,17.456,3143.5340311972,0
EEMO.US,D,20211108,000000,17.5399,17.7148,17.5399,17.6406,4629.7731577098,0
EEMO.US,D,20211109,000000,17.5654,17.5654,17.5654,17.5654,11.267147065223,0
EEMO.US,D,20211110,000000,17.5108,17.5108,17.4033,17.4033,159.7886311068,0
EEMO.US,D,20211111,000000,17.501,17.6758,17.501,17.6279,3312.5412371755,0
EEMO.US,D,20211112,000000,17.6914,17.6914,17.6914,17.6914,52.23859093876,0
EEMO.US,D,20211115,000000,17.6562,17.6758,17.6279,17.6279,10569.608233276,0
EEMO.US,D,20211116,000000,17.5488,17.5488,17.5488,17.5488,179.25006694672,0
EEMO.US,D,20211117,000000,17.6035,17.6366,17.5459,17.5459,1670.6106239435,0
EEMO.US,D,20211118,000000,17.4716,17.4716,17.297,17.4092,418.93301360692,0
EEMO.US,D,20211119,000000,17.3584,17.3584,17.3584,17.3584,63.505738003983,0
EEMO.US,D,20211122,000000,17.3213,17.3213,17.1934,17.1934,385.13157241125,0
EEMO.US,D,20211123,000000,17.2716,17.2716,17.2716,17.2716,299.09154027683,0
EEMO.US,D,20211124,000000,17.2745,17.2745,17.2745,17.2745,1.0242860968385,0
EEMO.US,D,20211126,000000,16.7824,16.7824,16.598,16.6545,908.5417678957,0
EEMO.US,D,20211129,000000,16.762,16.762,16.762,16.762,82.967173843913,0
EEMO.US,D,20211130,000000,16.7921,16.8898,16.7921,16.7961,320.60154831043,0
EEMO.US,D,20211201,000000,16.8409,16.8409,16.8409,16.8409,1.0242860968385,0
EEMO.US,D,20211202,000000,17.0558,17.0558,17.0558,17.0558,15.364291452577,0
EEMO.US,D,20211203,000000,16.8761,16.8761,16.8761,16.8761,6.1457165810306,0
EEMO.US,D,20211206,000000,16.9376,16.9475,16.9211,16.9211,2900.7782262465,0
EEMO.US,D,20211207,000000,17.2101,17.2101,17.1416,17.1759,286.80010711476,0
EEMO.US,D,20211208,000000,17.3145,17.3145,17.3145,17.3145,145.44862575106,0
EEMO.US,D,20211209,000000,17.2588,17.2588,17.1895,17.1895,1655.2463324909,0
EEMO.US,D,20211210,000000,17.1759,17.2491,17.1759,17.2149,575.6487864232,0
EEMO.US,D,20211213,000000,17.1027,17.1027,16.8987,16.9504,2893.6082235686,0
EEMO.US,D,20211214,000000,16.8409,16.9152,16.8409,16.9152,407.6658665417,0
EEMO.US,D,20211215,000000,16.7053,16.8635,16.7053,16.8635,109.59861236172,0
EEMO.US,D,20211216,000000,17.0226,17.0226,17.0226,17.0226,30.728582905153,0
EEMO.US,D,20211217,000000,16.8312,16.9279,16.802,16.802,3538.9084645768,0
EEMO.US,D,20211220,000000,16.597,16.6165,16.47,16.5871,5051.7790296071,0
EEMO.US,D,20211221,000000,16.7921,16.8504,16.7921,16.8504,720.07312607743,0
EEMO.US,D,20211222,000000,16.9386,17.0077,16.9386,17.0077,621.74166078093,0
EEMO.US,D,20211223,000000,17.1173,17.1189,17.1095,17.1095,676.02882391337,0
EEMO.US,D,20211227,000000,17.1339,17.1401,17.1339,17.1401,1739.2377924317,0
EEMO.US,D,20211228,000000,17.0948,17.1633,17.0656,17.0783,6877.0568541733,0
EEMO.US,D,20211229,000000,17.0892,17.0892,17.0892,17.0892,49.165732648245,0
EEMO.US,D,20211230,000000,17.1729,17.2157,17.1729,17.2157,3783.7128417212,0
EEMO.US,D,20211231,000000,17.251,17.251,17.1983,17.1983,3730.4499646856,0
EEMO.US,D,20220103,000000,17.3194,17.3584,17.2608,17.3174,3473.3541543792,0
EEMO.US,D,20220104,000000,17.2218,17.251,17.0948,17.1533,75944.668363989,0
EEMO.US,D,20220105,000000,17.1729,17.251,16.9776,16.9776,1435.0248216707,0
EEMO.US,D,20220106,000000,17.0292,17.0292,17.0292,17.0292,4.0971443873538,0
EEMO.US,D,20220107,000000,17.1729,17.2022,17.1485,17.1835,26539.252769084,0
EEMO.US,D,20220110,000000,17.1436,17.2001,17.1095,17.2001,1549.7448645166,0
EEMO.US,D,20220111,000000,17.4658,17.5049,17.4658,17.5048,4203.6701414249,0
EEMO.US,D,20220112,000000,17.7685,17.7716,17.7196,17.7716,1899.0264235385,0
EEMO.US,D,20220113,000000,17.7099,17.7099,17.644,17.644,924.93034544511,0
EEMO.US,D,20220114,000000,17.6025,17.6249,17.6025,17.6249,263.24152688748,0
EEMO.US,D,20220118,000000,17.3683,17.3877,17.3683,17.3755,1786.3549528863,0
EEMO.US,D,20220119,000000,17.456,17.456,17.4072,17.43,876.78889889371,0
EEMO.US,D,20220120,000000,17.5244,17.5244,17.3947,17.3947,130.08433429848,0
EEMO.US,D,20220121,000000,17.0933,17.0933,17.0933,17.0933,1.0242860968385,0
EEMO.US,D,20220124,000000,16.6052,16.6052,16.6052,16.6052,156.71577281628,0
EEMO.US,D,20220125,000000,16.7043,16.7043,16.6067,16.6067,2139.7336562955,0
EEMO.US,D,20220126,000000,16.6261,16.6261,16.4361,16.4361,1947.1678700899,0
EEMO.US,D,20220127,000000,16.4309,16.4309,16.3389,16.3389,103.45289578068,0
EEMO.US,D,20220128,000000,16.3834,16.3834,16.3834,16.3834,6.1457165810306,0
EEMO.US,D,20220131,000000,16.8118,16.8628,16.8118,16.8628,1176.9047252674,0
EEMO.US,D,20220201,000000,16.8445,16.984,16.8409,16.984,302.16439856734,0
EEMO.US,D,20220202,000000,16.9289,17.0558,16.9289,17.0464,1231.1918883998,0
EEMO.US,D,20220203,000000,16.7834,16.7834,16.7834,16.7834,2.0485721936768,0
EEMO.US,D,20220204,000000,16.89,16.89,16.89,16.89,1.0242860968385,0
EEMO.US,D,20220207,000000,16.924,16.9874,16.9231,16.9231,1114.4232733602,0
EEMO.US,D,20220208,000000,16.9776,16.9776,16.9768,16.9768,186.42006962459,0
EEMO.US,D,20220209,000000,17.2281,17.2281,17.2281,17.2281,40.971443873538,0
EEMO.US,D,20220210,000000,17.1045,17.1045,17.046,17.0631,792.79743895295,0
EEMO.US,D,20220211,000000,16.8312,16.8409,16.8312,16.8353,307.28582905153,0
EEMO.US,D,20220214,000000,16.6223,16.6223,16.6223,16.6223,105.50146797436,0
EEMO.US,D,20220215,000000,17.0914,17.0914,17.0914,17.0914,3.0728582905153,0
EEMO.US,D,20220216,000000,17.2134,17.2134,17.2134,17.2134,3.0728582905153,0
EEMO.US,D,20220217,000000,16.9813,16.9813,16.9813,16.9813,2.0485721936768,0
EEMO.US,D,20220218,000000,16.8704,16.8854,16.8704,16.8854,307.28582905153,0
EEMO.US,D,20220222,000000,16.8801,16.8801,16.7974,16.7974,103.45289578068,0
EEMO.US,D,20220223,000000,16.6946,16.6946,16.5456,16.5456,1505.7005623525,0
EEMO.US,D,20220224,000000,15.6792,16.1879,15.6792,16.1879,7055.2826350232,0
EEMO.US,D,20220225,000000,16.5578,16.7043,16.5578,16.7043,609.45022761887,0
EEMO.US,D,20220228,000000,16.5935,16.5935,16.5935,16.5935,4.0971443873538,0
EEMO.US,D,20220301,000000,16.1967,16.2747,16.1673,16.2747,3509.2041677685,0
EEMO.US,D,20220302,000000,16.3821,16.3821,16.3121,16.3121,647.34881320189,0
EEMO.US,D,20220303,000000,15.8549,16.1162,15.8549,16.1162,576.67307252005,0
EEMO.US,D,20220304,000000,15.9917,15.9917,15.9512,15.9512,659.64024636396,0
EEMO.US,D,20220307,000000,15.7964,15.9525,15.5162,15.5162,1253.7261825303,0
EEMO.US,D,20220308,000000,15.4937,15.5963,15.4937,15.5963,409.71443873538,0
EEMO.US,D,20220309,000000,15.8354,15.9811,15.8354,15.9811,153.64291452577,0
EEMO.US,D,20220310,000000,15.8745,15.8745,15.7085,15.7881,1412.4905275402,0
EEMO.US,D,20220311,000000,15.5832,15.5832,15.5832,15.5832,2.0485721936768,0
EEMO.US,D,20220314,000000,15.3571,15.4176,15.3571,15.411,1287.5276237259,0
EEMO.US,D,20220315,000000,15.396,15.5425,15.396,15.5288,793.82172504979,0
EEMO.US,D,20220316,000000,16.0697,16.3138,16.0404,16.2259,18201.563940819,0
EEMO.US,D,20220317,000000,16.099,16.1869,16.099,16.1869,22021.12679593,0
EEMO.US,D,20220318,000000,16.3796,16.3796,16.3796,16.3796,9.2185748715459,0
EEMO.US,D,20220321,000000,16.1763,16.1804,16.1763,16.1804,210.12257275626,0
EEMO.US,D,20220322,000000,16.3205,16.3205,16.3205,16.3205,3.0600374673242,0
EEMO.US,D,20220323,000000,16.3527,16.3527,16.2958,16.2958,102.00124891081,0
EEMO.US,D,20220324,000000,16.49,16.49,16.49,16.49,44.880549520755,0
EEMO.US,D,20220325,000000,16.4168,16.4168,16.4168,16.4168,3.0600374673242,0
EEMO.US,D,20220328,000000,16.4802,16.5231,16.4802,16.5231,810.90992884092,0
EEMO.US,D,20220329,000000,16.7486,16.7486,16.7486,16.7486,24.480299738594,0
EEMO.US,D,20220330,000000,16.6272,16.6468,16.6065,16.6065,1809.5021556777,0
EEMO.US,D,20220331,000000,16.5531,16.5531,16.5531,16.5531,32.640399651458,0
EEMO.US,D,20220401,000000,16.6665,16.7299,16.6665,16.7299,133.62163607316,0
EEMO.US,D,20220404,000000,17.0096,17.0096,17.0096,17.0096,276.42338454829,0
EEMO.US,D,20220405,000000,16.7958,16.7958,16.7958,16.7958,2.0400249782161,0
EEMO.US,D,20220406,000000,16.7841,16.8429,16.7841,16.8253,1471.8780217829,0
EEMO.US,D,20220407,000000,16.7938,16.7938,16.7938,16.7938,2.0400249782161,0
EEMO.US,D,20220408,000000,16.8724,16.8865,16.8724,16.8865,2551.0512352593,0
EEMO.US,D,20220411,000000,16.8724,16.8724,16.8724,16.8724,109.14133633456,0
EEMO.US,D,20220412,000000,16.8077,16.8077,16.8077,16.8077,15.300187336621,0
EEMO.US,D,20220413,000000,16.8768,16.8768,16.8768,16.8768,40.800499564323,0
EEMO.US,D,20220414,000000,16.7252,16.7252,16.6913,16.6913,413.10505808877,0
EEMO.US,D,20220418,000000,16.7004,16.7004,16.7004,16.7004,85.681049085078,0
EEMO.US,D,20220419,000000,16.5479,16.5479,16.5479,16.5479,2.0400249782161,0
EEMO.US,D,20220420,000000,16.5489,16.5901,16.5489,16.5901,1944.14380424,0
EEMO.US,D,20220421,000000,16.4704,16.4704,16.4488,16.4488,552.84676909657,0
EEMO.US,D,20220422,000000,16.5096,16.5096,16.3221,16.3221,1888.043117339,0
EEMO.US,D,20220426,000000,16.1076,16.1273,16.1042,16.1042,612.00749346484,0
EEMO.US,D,20220427,000000,16.1929,16.1929,16.1929,16.1929,1.0200124891081,0
EEMO.US,D,20220428,000000,16.3608,16.3608,16.3608,16.3608,1.0200124891081,0
EEMO.US,D,20220429,000000,16.1861,16.1861,16.1016,16.1016,428.40524542539,0
EEMO.US,D,20220502,000000,16.0488,16.0857,15.9508,16.0857,805.80986639538,0
EEMO.US,D,20220503,000000,16.1959,16.2057,16.1959,16.2042,413.10505808877,0
EEMO.US,D,20220504,000000,16.0685,16.365,16.0685,16.365,529.38648184709,0
EEMO.US,D,20220505,000000,15.8626,15.8626,15.8626,15.8626,204.00249782161,0
EEMO.US,D,20220506,000000,15.8526,15.8526,15.8526,15.8526,15.300187336621,0
EEMO.US,D,20220509,000000,15.5782,15.5782,15.539,15.5405,2862.1550444372,0
EEMO.US,D,20220510,000000,15.441,15.441,15.3332,15.4018,1458.6178594245,0
EEMO.US,D,20220511,000000,15.1959,15.1959,15.1354,15.1354,237.66290996218,0
EEMO.US,D,20220512,000000,14.8038,14.8687,14.7351,14.8687,935.3514525121,0
EEMO.US,D,20220513,000000,14.99,15.0488,14.941,15.0474,3234.4596029617,0
EEMO.US,D,20220516,000000,14.8331,14.8847,14.8331,14.8847,140.76172349691,0
EEMO.US,D,20220517,000000,15.0292,15.0784,15.0292,15.0784,758.8892918964,0
EEMO.US,D,20220518,000000,14.9998,14.9998,14.8136,14.8269,4760.3982866674,0
EEMO.US,D,20220519,000000,14.9508,14.9622,14.9508,14.9622,510.00624455404,0
EEMO.US,D,20220520,000000,14.9508,14.9508,14.9404,14.9404,1581.0193581175,0
EEMO.US,D,20220523,000000,14.892,14.9995,14.892,14.9995,154.02188585532,0
EEMO.US,D,20220524,000000,14.7743,14.9017,14.7743,14.9017,14251.614497818,0
EEMO.US,D,20220525,000000,14.8724,15.039,14.8724,15.0195,3742.4258225375,0
EEMO.US,D,20220526,000000,15.0195,15.1371,15.0195,15.093,6941.1849883804,0
EEMO.US,D,20220527,000000,15.2351,15.3332,15.2351,15.3332,9529.9766857367,0
EEMO.US,D,20220531,000000,15.588,15.588,15.49,15.49,2399.0693743822,0
EEMO.US,D,20220601,000000,15.4704,15.4704,15.3528,15.3528,2155.2863894854,0
EEMO.US,D,20220602,000000,15.3723,15.5586,15.3723,15.5586,2466.3901986633,0
EEMO.US,D,20220603,000000,15.3037,15.3037,15.1959,15.2351,714.00874237565,0
EEMO.US,D,20220606,000000,15.4116,15.4116,15.2939,15.2939,1439.2376221315,0
EEMO.US,D,20220607,000000,15.1567,15.2939,15.1567,15.2939,823.15007871021,0
EEMO.US,D,20220608,000000,15.0881,15.0881,15.0685,15.0685,544.68666918371,0
EEMO.US,D,20220609,000000,15.0488,15.0488,14.9017,14.9017,510.00624455404,0
EEMO.US,D,20220610,000000,14.8038,14.8038,14.6861,14.6861,2430.6897615445,0
EEMO.US,D,20220613,000000,14.343,14.3528,14.2547,14.293,3486.4026877714,0
EEMO.US,D,20220614,000000,14.392,14.4151,14.392,14.4151,218.28267266913,0
EEMO.US,D,20220615,000000,14.5779,14.5779,14.5779,14.5779,55.080674411836,0
EEMO.US,D,20220616,000000,14.086,14.086,14.086,14.086,3.0600374673242,0
EEMO.US,D,20220617,000000,14.0726,14.0881,14.0726,14.0881,287.64352192848,0
EEMO.US,D,20220621,000000,14.2828,14.2828,14.2531,14.263,12944.798560311,0
EEMO.US,D,20220622,000000,13.9171,14.006,13.9171,13.9368,516.9825763438,0
EEMO.US,D,20220623,000000,13.8182,13.9269,13.8182,13.9269,9080.075582555,0
EEMO.US,D,20220624,000000,14.0456,14.127,14.0377,14.127,1854.4600047714,0
EEMO.US,D,20220627,000000,14.0752,14.0752,14.0752,14.0752,102.1824661658,0
EEMO.US,D,20220628,000000,14.0209,14.0209,14.0209,14.0209,47.5502565326,0
EEMO.US,D,20220629,000000,14.0603,14.0603,14.0603,14.0603,11.1287834438,0
EEMO.US,D,20220630,000000,13.9272,13.9272,13.9272,13.9272,87.0068523788,0
EEMO.US,D,20220701,000000,13.6897,13.838,13.6897,13.838,482.5845184266,0
EEMO.US,D,20220705,000000,13.6205,13.6996,13.6205,13.6918,3854.605901898,0
EEMO.US,D,20220706,000000,13.6798,13.749,13.6798,13.745,1152.3349402262,0
EEMO.US,D,20220707,000000,13.9467,13.9863,13.9467,13.9764,5448.045349533,0
EEMO.US,D,20220708,000000,13.9961,14.0105,13.9961,14.0105,244.8332357636,0
EEMO.US,D,20220711,000000,13.8182,13.85,13.8182,13.85,204.3649323316,0
EEMO.US,D,20220712,000000,13.7903,13.7903,13.7903,13.7903,1.0117075858,0
EEMO.US,D,20220713,000000,13.7356,13.7356,13.7356,13.7356,4.0468303432,0
EEMO.US,D,20220714,000000,13.6656,13.6656,13.6656,13.6656,81.9483144498,0
EEMO.US,D,20220715,000000,13.749,13.749,13.6996,13.7399,1227.2013015754,0
EEMO.US,D,20220718,000000,13.9665,13.9665,13.8675,13.8675,3442.8409144774,0
EEMO.US,D,20220719,000000,14.1741,14.1741,14.1345,14.161,766.8743500364,0
EEMO.US,D,20220720,000000,14.1642,14.1642,14.1642,14.1642,204.3649323316,0
EEMO.US,D,20220721,000000,14.2927,14.4014,14.2927,14.3979,223.5873764618,0
EEMO.US,D,20220722,000000,14.328,14.328,14.328,14.328,9.1053682722,0
EEMO.US,D,20220725,000000,14.3215,14.3215,14.3215,14.3215,1.0117075858,0
EEMO.US,D,20220726,000000,14.2531,14.2531,14.2482,14.2482,1517.5613787,0
EEMO.US,D,20220727,000000,14.5962,14.5962,14.5962,14.5962,2.0234151716,0
EEMO.US,D,20220728,000000,14.7034,14.7034,14.7034,14.7034,78.9131916924,0
EEMO.US,D,20220729,000000,14.8149,14.8149,14.8149,14.8149,1.0117075858,0
EEMO.US,D,20220801,000000,14.7769,14.7769,14.7769,14.7769,5.058537929,0
EEMO.US,D,20220802,000000,14.7583,14.7583,14.7583,14.7583,1.0117075858,0
EEMO.US,D,20220803,000000,14.8257,14.8257,14.8257,14.8257,46.5385489468,0
EEMO.US,D,20220804,000000,14.7837,14.7837,14.7837,14.7837,1.0117075858,0
EEMO.US,D,20220805,000000,14.8316,14.8316,14.8316,14.8316,1.0117075858,0
EEMO.US,D,20220808,000000,14.9253,14.9253,14.9253,14.9253,79.9248992782,0
EEMO.US,D,20220809,000000,15.0241,15.0439,14.9747,14.9747,1416.39062012,0
EEMO.US,D,20220810,000000,15.2317,15.2781,15.2317,15.2781,505.8537929,0
EEMO.US,D,20220811,000000,15.2662,15.2662,15.2662,15.2662,6.0702455148,0
EEMO.US,D,20220812,000000,15.4529,15.4529,15.4529,15.4529,2.0234151716,0
EEMO.US,D,20220815,000000,15.3318,15.3318,15.3318,15.3318,1.0117075858,0
EEMO.US,D,20220816,000000,15.4294,15.4294,15.3404,15.3799,23682.051168406,0
EEMO.US,D,20220817,000000,15.3602,15.3701,15.3602,15.3701,404.68303432,0
EEMO.US,D,20220818,000000,15.3009,15.3107,15.3009,15.3107,416.8235253496,0
EEMO.US,D,20220819,000000,15.1526,15.1526,15.145,15.145,1518.5730862858,0
EEMO.US,D,20220822,000000,15.0538,15.0538,14.9648,14.9648,2327.9391549258,0
EEMO.US,D,20220823,000000,15.0241,15.0636,15.0142,15.0142,1262.6110670784,0
EEMO.US,D,20220824,000000,15.0439,15.1256,15.0439,15.1256,809.36606864,0
EEMO.US,D,20220825,000000,15.1032,15.1724,15.1032,15.1724,461.3386591248,0
EEMO.US,D,20220826,000000,15.2218,15.2218,14.945,14.945,3748.376605389,0
EEMO.US,D,20220829,000000,14.9747,15.034,14.945,14.9751,3410.4662717318,0
EEMO.US,D,20220830,000000,14.945,14.945,14.9133,14.9154,710.2187252316,0
EEMO.US,D,20220831,000000,14.9648,14.9919,14.8363,14.8363,8619.748631016,0
EEMO.US,D,20220901,000000,14.7572,14.777,14.7572,14.777,1013.7310009716,0
EEMO.US,D,20220902,000000,14.777,14.777,14.6188,14.6188,6319.1255809068,0
EEMO.US,D,20220906,000000,14.5793,14.609,14.5793,14.5822,911.5485348058,0
EEMO.US,D,20220907,000000,14.6705,14.6705,14.6705,14.6705,1.0117075858,0
EEMO.US,D,20220908,000000,14.6287,14.6287,14.6287,14.6287,203.3532247458,0
EEMO.US,D,20220909,000000,14.763,14.763,14.763,14.763,9.1053682722,0
EEMO.US,D,20220912,000000,14.9945,15.0043,14.9945,14.9945,4743.8968698162,0
EEMO.US,D,20220913,000000,14.7276,14.7276,14.5497,14.5497,717.3006783322,0
EEMO.US,D,20220914,000000,14.7473,14.7572,14.688,14.6979,15040.044970503,0
EEMO.US,D,20220915,000000,14.5694,14.5694,14.5694,14.5694,101.17075858,0
EEMO.US,D,20220916,000000,14.4904,14.5299,14.4805,14.5205,895.361213433,0
EEMO.US,D,20220919,000000,14.52,14.52,14.4932,14.4932,203,0
EEMO.US,D,20220920,000000,14.4362,14.4362,14.4362,14.4362,1,0
EEMO.US,D,20220921,000000,14.3004,14.3004,14.3004,14.3004,116,0
EEMO.US,D,20220922,000000,14.24,14.3077,14.24,14.3077,289,0
EEMO.US,D,20220923,000000,13.9,13.9121,13.9,13.9121,17033,0
EEMO.US,D,20220926,000000,13.6,13.6,13.6,13.6,189,0
EEMO.US,D,20220927,000000,13.525,13.6036,13.525,13.6036,14217,0
EEMO.US,D,20220928,000000,13.8036,13.8036,13.75,13.8036,882,0
EEMO.US,D,20220929,000000,13.5532,13.5532,13.5532,13.5532,2,0
EEMO.US,D,20220930,000000,13.5751,13.5751,13.5751,13.5751,2,0
EEMO.US,D,20221003,000000,13.8321,13.8321,13.8321,13.8321,31,0
EEMO.US,D,20221004,000000,14.01,14.1016,14.01,14.1016,2043,0
EEMO.US,D,20221005,000000,13.98,14.0802,13.98,14.0802,23206,0
EEMO.US,D,20221006,000000,14.0721,14.0721,14.066,14.066,3193,0
EEMO.US,D,20221007,000000,13.97,13.97,13.85,13.8808,1086,0
EEMO.US,D,20221010,000000,13.83,13.8323,13.83,13.8323,380,0
EEMO.US,D,20221011,000000,13.707,13.707,13.707,13.707,1,0
EEMO.US,D,20221012,000000,13.67,13.7,13.67,13.7,7989,0
EEMO.US,D,20221013,000000,13.7918,13.7918,13.68,13.7918,100,0
EEMO.US,D,20221014,000000,13.65,13.65,13.5281,13.5281,14177,0
EEMO.US,D,20221017,000000,13.91,13.91,13.89,13.89,420,0
EEMO.US,D,20221018,000000,13.9099,13.9156,13.8806,13.9156,1095,0
EEMO.US,D,20221019,000000,13.9084,13.9084,13.9084,13.9084,78,0
EEMO.US,D,20221020,000000,14.08,14.11,14.08,14.11,417,0
EEMO.US,D,20221021,000000,14.325,14.3326,14.325,14.3326,100,0
EEMO.US,D,20221024,000000,14.1327,14.1327,14.1327,14.1327,173,0
EEMO.US,D,20221025,000000,14.23,14.23,14.23,14.23,110,0
EEMO.US,D,20221026,000000,14.22,14.22,14.21,14.21,1050,0
EEMO.US,D,20221027,000000,14.1274,14.1274,14.1274,14.1274,10,0
EEMO.US,D,20221028,000000,14.14,14.18,14.14,14.18,300,0
EEMO.US,D,20221031,000000,14.0373,14.09,14.0373,14.09,1333,0
EEMO.US,D,20221101,000000,14.1499,14.1499,14.1274,14.1274,5000,0
EEMO.US,D,20221102,000000,13.9486,13.9486,13.9486,13.9486,1,0
EEMO.US,D,20221103,000000,13.98,13.9884,13.98,13.9884,222,0
EEMO.US,D,20221104,000000,14.351,14.351,14.351,14.351,1,0
EEMO.US,D,20221107,000000,14.3182,14.3182,14.3182,14.3182,1,0
EEMO.US,D,20221108,000000,14.44,14.44,14.37,14.4053,1328,0
EEMO.US,D,20221109,000000,14.2023,14.2023,14.2023,14.2023,15,0
EEMO.US,D,20221110,000000,14.53,14.59,14.5125,14.59,861,0
EEMO.US,D,20221111,000000,14.62,14.63,14.62,14.63,580,0
EEMO.US,D,20221114,000000,14.41,14.5,14.41,14.45,4718,0
EEMO.US,D,20221115,000000,14.4103,14.4103,14.4103,14.4103,25,0
EEMO.US,D,20221116,000000,14.2253,14.2253,14.2253,14.2253,47,0
EEMO.US,D,20221117,000000,14.19,14.19,14.19,14.19,100,0
EEMO.US,D,20221118,000000,14.1337,14.1337,14.1337,14.1337,1,0
EEMO.US,D,20221121,000000,14.042,14.11,14.042,14.11,598,0
EEMO.US,D,20221122,000000,14.21,14.21,14.195,14.195,1503,0
EEMO.US,D,20221123,000000,14.32,14.32,14.32,14.32,223,0
EEMO.US,D,20221125,000000,14.2881,14.2881,14.2881,14.2881,22,0
EEMO.US,D,20221128,000000,14.23,14.23,14.23,14.23,325,0
EEMO.US,D,20221129,000000,14.36,14.38,14.3441,14.3441,6012,0
EEMO.US,D,20221130,000000,14.6422,14.6422,14.6422,14.6422,35,0
EEMO.US,D,20221201,000000,14.52,14.52,14.455,14.48,876,0
EEMO.US,D,20221202,000000,14.42,14.42,14.4144,14.4144,500,0
EEMO.US,D,20221205,000000,14.28,14.28,14.1541,14.1541,518,0
EEMO.US,D,20221206,000000,14.17,14.17,14.1483,14.1483,210,0
EEMO.US,D,20221207,000000,14.03,14.09,14.03,14.0799,9397,0
EEMO.US,D,20221208,000000,14.0759,14.0759,14.0759,14.0759,21,0
EEMO.US,D,20221209,000000,14.065,14.065,14.0137,14.0137,505,0
EEMO.US,D,20221212,000000,14.0363,14.0363,14.0363,14.0363,60,0
EEMO.US,D,20221213,000000,14.14,14.14,14.14,14.14,301,0
EEMO.US,D,20221214,000000,13.9757,13.9757,13.9757,13.9757,1,0
EEMO.US,D,20221215,000000,13.7882,13.7882,13.7882,13.7882,115,0
EEMO.US,D,20221216,000000,13.83,13.83,13.83,13.83,608,0
EEMO.US,D,20221219,000000,13.7445,13.7445,13.7445,13.7445,24,0
EEMO.US,D,20221220,000000,13.8059,13.8059,13.8059,13.8059,21,0
EEMO.US,D,20221221,000000,13.84,13.84,13.84,13.84,250,0
EEMO.US,D,20221222,000000,13.655,13.6824,13.655,13.6824,100,0
EEMO.US,D,20221223,000000,13.6964,13.6964,13.6964,13.6964,148,0
EEMO.US,D,20221227,000000,13.77,13.82,13.7613,13.82,1460,0
EEMO.US,D,20221228,000000,13.77,13.79,13.7432,13.7432,12004,0
EEMO.US,D,20221229,000000,13.89,13.95,13.89,13.95,1070,0
EEMO.US,D,20221230,000000,13.795,13.8043,13.795,13.8043,231,0
EEMO.US,D,20230103,000000,13.74,13.7679,13.73,13.7671,3581,0
EEMO.US,D,20230104,000000,13.76,13.87,13.76,13.87,412,0
EEMO.US,D,20230105,000000,13.72,13.72,13.72,13.72,139,0
EEMO.US,D,20230106,000000,13.95,13.95,13.95,13.95,358,0
EEMO.US,D,20230109,000000,13.98,13.98,13.925,13.925,1302,0
EEMO.US,D,20230110,000000,13.9184,13.96,13.9184,13.96,301,0
EEMO.US,D,20230111,000000,13.88,13.94,13.88,13.94,729,0
EEMO.US,D,20230112,000000,14.03,14.11,14.03,14.11,406,0
EEMO.US,D,20230113,000000,14.05,14.17,14.05,14.17,659,0
EEMO.US,D,20230117,000000,14.16,14.23,14.16,14.23,279,0
EEMO.US,D,20230118,000000,14.23,14.23,14.0954,14.0954,3842,0
EEMO.US,D,20230119,000000,14.188,14.188,14.188,14.188,3,0
EEMO.US,D,20230120,000000,14.28,14.38,14.2601,14.38,1948,0
EEMO.US,D,20230123,000000,14.395,14.42,14.3917,14.42,500,0
EEMO.US,D,20230124,000000,14.39,14.4,14.34,14.4,1081,0
EEMO.US,D,20230125,000000,14.4,14.4,14.4,14.4,205,0
EEMO.US,D,20230126,000000,14.41,14.41,14.41,14.41,300,0
EEMO.US,D,20230127,000000,14.23,14.23,14.11,14.17,1036,0
EEMO.US,D,20230130,000000,13.985,13.985,13.985,13.985,53,0
EEMO.US,D,20230131,000000,14.0175,14.0175,14.0175,14.0175,17,0
EEMO.US,D,20230201,000000,13.915,14.01,13.915,13.93,467,0
EEMO.US,D,20230202,000000,13.89,13.89,13.8187,13.8187,218,0
EEMO.US,D,20230203,000000,13.78,13.8126,13.75,13.75,1375,0
EEMO.US,D,20230206,000000,13.6551,13.6551,13.6551,13.6551,38,0
EEMO.US,D,20230207,000000,13.55,13.58,13.5,13.5714,12489,0
EEMO.US,D,20230208,000000,13.52,13.5491,13.48,13.5491,855,0
EEMO.US,D,20230209,000000,13.475,13.475,13.42,13.42,1144,0
EEMO.US,D,20230210,000000,13.4997,13.51,13.465,13.499,1055,0
EEMO.US,D,20230213,000000,13.62,13.62,13.5957,13.5957,110,0
EEMO.US,D,20230214,000000,13.61,13.6246,13.61,13.6246,100,0
EEMO.US,D,20230215,000000,13.681,13.681,13.681,13.681,2,0
EEMO.US,D,20230216,000000,13.57,13.63,13.57,13.63,200,0
EEMO.US,D,20230217,000000,13.5848,13.5848,13.5848,13.5848,11,0
EEMO.US,D,20230221,000000,13.44,13.44,13.41,13.438,3639,0
EEMO.US,D,20230222,000000,13.3793,13.3793,13.3793,13.3793,78,0
EEMO.US,D,20230223,000000,13.4343,13.4343,13.4343,13.4343,29,0
EEMO.US,D,20230224,000000,13.2414,13.2414,13.2414,13.2414,13,0
EEMO.US,D,20230227,000000,13.3001,13.3001,13.3001,13.3001,20,0
EEMO.US,D,20230228,000000,13.335,13.335,13.2799,13.2799,157,0
EEMO.US,D,20230301,000000,13.335,13.4208,13.335,13.4208,1,0
EEMO.US,D,20230302,000000,13.4341,13.4341,13.4341,13.4341,32,0
EEMO.US,D,20230303,000000,13.5851,13.5851,13.5851,13.5851,5,0
EEMO.US,D,20230306,000000,13.6931,13.6931,13.6931,13.6931,100,0
EEMO.US,D,20230307,000000,13.49,13.5047,13.49,13.5047,100,0
EEMO.US,D,20230308,000000,13.6157,13.6157,13.6157,13.6157,100,0
EEMO.US,D,20230309,000000,13.62,13.62,13.4675,13.4675,1642,0
EEMO.US,D,20230310,000000,13.3851,13.3851,13.3851,13.3851,18,0
EEMO.US,D,20230313,000000,13.25,13.32,13.25,13.2686,1528,0
EEMO.US,D,20230314,000000,13.1266,13.1266,13.1266,13.1266,83,0
EEMO.US,D,20230315,000000,12.9211,12.9211,12.9211,12.9211,81,0
EEMO.US,D,20230316,000000,13.0769,13.0769,13.0769,13.0769,81,0
EEMO.US,D,20230317,000000,12.9574,12.9574,12.9574,12.9574,62,0
EEMO.US,D,20230320,000000,12.8441,12.8441,12.8441,12.8441,29,0
EEMO.US,D,20230321,000000,12.8551,12.8551,12.8551,12.8551,81,0
EEMO.US,D,20230322,000000,12.9017,12.9017,12.9017,12.9017,39,0
EEMO.US,D,20230323,000000,12.9262,12.9262,12.9262,12.9262,1,0
EEMO.US,D,20230324,000000,12.9164,12.9164,12.9164,12.9164,227,0
EEMO.US,D,20230327,000000,12.9044,12.9044,12.9044,12.9044,114,0
EEMO.US,D,20230328,000000,12.9394,12.9394,12.9394,12.9394,6,0
EEMO.US,D,20230329,000000,13.1233,13.1233,13.1233,13.1233,2,0
EEMO.US,D,20230330,000000,13.2049,13.2049,13.2049,13.2049,5,0
EEMO.US,D,20230331,000000,13.1699,13.1699,13.1699,13.1699,12,0
EEMO.US,D,20230403,000000,13.2099,13.2099,13.2099,13.2099,71,0
EEMO.US,D,20230404,000000,13.2457,13.2457,13.2457,13.2457,4,0
EEMO.US,D,20230405,000000,13.1362,13.1362,13.1362,13.1362,4,0
EEMO.US,D,20230406,000000,13.1703,13.1703,13.1703,13.1703,4,0
EEMO.US,D,20230410,000000,13.27,13.3211,13.27,13.3211,516,0
EEMO.US,D,20230411,000000,13.495,13.495,13.495,13.495,4,0
EEMO.US,D,20230412,000000,13.5101,13.5101,13.5101,13.5101,2,0
EEMO.US,D,20230413,000000,13.57,13.645,13.57,13.645,400,0
EEMO.US,D,20230414,000000,13.5985,13.6153,13.5985,13.6153,220,0
EEMO.US,D,20230417,000000,13.6366,13.6366,13.6366,13.6366,33,0
EEMO.US,D,20230418,000000,13.62,13.62,13.55,13.5988,1097,0
EEMO.US,D,20230419,000000,13.495,13.495,13.495,13.495,20,0
EEMO.US,D,20230420,000000,13.4631,13.4631,13.4631,13.4631,8,0
EEMO.US,D,20230421,000000,13.315,13.315,13.315,13.315,8,0
EEMO.US,D,20230424,000000,13.3851,13.3851,13.3851,13.3851,8,0
EEMO.US,D,20230425,000000,13.3,13.3,13.21,13.21,3645,0
EEMO.US,D,20230426,000000,13.2549,13.2549,13.2549,13.2549,4,0
EEMO.US,D,20230427,000000,13.385,13.385,13.385,13.385,11,0
EEMO.US,D,20230428,000000,13.3834,13.3834,13.3834,13.3834,3,0
EEMO.US,D,20230501,000000,13.3545,13.3545,13.3545,13.3545,1,0
EEMO.US,D,20230502,000000,13.2245,13.2245,13.2245,13.2245,1,0
EEMO.US,D,20230503,000000,13.2338,13.2338,13.21,13.21,500,0
EEMO.US,D,20230504,000000,13.2324,13.2324,13.2324,13.2324,1,0
EEMO.US,D,20230505,000000,13.365,13.365,13.365,13.365,1,0
EEMO.US,D,20230508,000000,13.395,13.395,13.395,13.395,9,0
EEMO.US,D,20230509,000000,13.395,13.395,13.395,13.395,11,0
EEMO.US,D,20230510,000000,13.32,13.405,13.32,13.405,211,0
EEMO.US,D,20230511,000000,13.4258,13.4258,13.4258,13.4258,1,0
EEMO.US,D,20230512,000000,13.3587,13.3587,13.3587,13.3587,101,0
EEMO.US,D,20230515,000000,13.27,13.325,13.27,13.325,201,0
EEMO.US,D,20230516,000000,13.2549,13.2549,13.2549,13.2549,100,0
EEMO.US,D,20230517,000000,13.29,13.3055,13.29,13.2901,250,0
EEMO.US,D,20230518,000000,13.1,13.175,13.1,13.175,1446,0
EEMO.US,D,20230519,000000,13.1534,13.1534,13.1534,13.1534,1,0
EEMO.US,D,20230522,000000,13.21,13.245,13.21,13.2351,305,0
EEMO.US,D,20230523,000000,13.1701,13.1701,13.1701,13.1701,2,0
EEMO.US,D,20230524,000000,13.145,13.145,13.145,13.145,2,0
EEMO.US,D,20230525,000000,13.09,13.09,13.09,13.09,20,0
EEMO.US,D,20230526,000000,13.35,13.35,13.3104,13.3104,18543,0
EEMO.US,D,20230530,000000,13.28,13.3,13.28,13.3,173,0
EEMO.US,D,20230531,000000,13.14,13.1987,13.14,13.1987,183,0
EEMO.US,D,20230601,000000,13.3671,13.3671,13.3671,13.3671,1,0
EEMO.US,D,20230602,000000,13.521,13.5399,13.521,13.5399,436,0
EEMO.US,D,20230605,000000,13.6314,13.6314,13.6314,13.6314,10,0
EEMO.US,D,20230606,000000,13.745,13.745,13.745,13.745,1,0
EEMO.US,D,20230607,000000,13.76,13.8,13.7428,13.7428,10856,0
EEMO.US,D,20230608,000000,13.78,13.85,13.78,13.85,284,0
EEMO.US,D,20230609,000000,13.925,13.925,13.925,13.925,100,0
EEMO.US,D,20230612,000000,13.93,13.93,13.89,13.89,201,0
EEMO.US,D,20230613,000000,13.9667,13.9667,13.9667,13.9667,1,0
EEMO.US,D,20230614,000000,14.06,14.06,14.0394,14.0394,2468,0
EEMO.US,D,20230615,000000,14.1755,14.1755,14.1755,14.1755,41,0
EEMO.US,D,20230616,000000,14.1233,14.1233,14.1233,14.1233,14,0
EEMO.US,D,20230620,000000,13.7579,13.7579,13.7579,13.7579,15,0
EEMO.US,D,20230621,000000,13.805,13.805,13.805,13.805,2,0
EEMO.US,D,20230622,000000,13.725,13.725,13.725,13.725,90,0
EEMO.US,D,20230623,000000,13.52,13.5556,13.52,13.5556,720,0
EEMO.US,D,20230626,000000,13.68,13.68,13.58,13.6245,7771,0
EEMO.US,D,20230627,000000,13.63,13.645,13.63,13.645,201,0
EEMO.US,D,20230628,000000,13.55,13.59,13.53,13.5651,1699,0
EEMO.US,D,20230629,000000,13.6,13.6,13.59,13.59,137,0
EEMO.US,D,20230630,000000,13.64,13.7189,13.63,13.6847,728,0
EEMO.US,D,20230703,000000,13.86,13.875,13.86,13.875,400,0
EEMO.US,D,20230705,000000,13.96,13.96,13.861,13.8945,4968,0
EEMO.US,D,20230706,000000,13.73,13.73,13.65,13.695,508,0
EEMO.US,D,20230707,000000,13.88,13.88,13.875,13.875,482,0
EEMO.US,D,20230710,000000,13.8,13.85,13.79,13.85,1723,0
EEMO.US,D,20230711,000000,13.87,14.02,13.87,14.02,31828,0
EEMO.US,D,20230712,000000,14.11,14.19,14.11,14.1353,436,0
EEMO.US,D,20230713,000000,14.194,14.27,14.194,14.2434,417,0
EEMO.US,D,20230714,000000,14.26,14.27,14.191,14.22,1319,0
EEMO.US,D,20230717,000000,14.24,14.3001,14.21,14.3001,1725,0
EEMO.US,D,20230718,000000,14.34,14.34,14.255,14.255,260,0
EEMO.US,D,20230719,000000,14.355,14.355,14.355,14.355,67,0
EEMO.US,D,20230720,000000,14.32,14.32,14.32,14.32,93,0
EEMO.US,D,20230721,000000,14.3544,14.3544,14.3544,14.3544,52,0
EEMO.US,D,20230724,000000,14.465,14.465,14.465,14.465,5,0
EEMO.US,D,20230725,000000,14.54,14.69,14.54,14.655,11752,0
EEMO.US,D,20230726,000000,14.61,14.76,14.61,14.7256,948,0
EEMO.US,D,20230727,000000,14.49,14.49,14.43,14.43,246,0
EEMO.US,D,20230728,000000,14.6804,14.6804,14.6804,14.6804,1,0
EEMO.US,D,20230731,000000,14.793,14.793,14.793,14.793,52,0
EEMO.US,D,20230801,000000,14.62,14.62,14.5715,14.5715,420,0
EEMO.US,D,20230802,000000,14.445,14.445,14.3876,14.3899,548,0
EEMO.US,D,20230803,000000,14.3608,14.3608,14.3608,14.3608,15,0
EEMO.US,D,20230804,000000,14.415,14.415,14.415,14.415,1,0
EEMO.US,D,20230807,000000,14.415,14.415,14.415,14.415,2,0
EEMO.US,D,20230808,000000,14.18,14.23,14.18,14.23,4797,0
EEMO.US,D,20230809,000000,14.375,14.375,14.375,14.375,1,0
EEMO.US,D,20230810,000000,14.29,14.305,14.29,14.305,400,0
EEMO.US,D,20230811,000000,14.275,14.275,14.275,14.275,1,0
EEMO.US,D,20230814,000000,14.19,14.19,14.19,14.19,114,0
EEMO.US,D,20230815,000000,14.13,14.13,14.05,14.05,585,0
EEMO.US,D,20230816,000000,14.0093,14.0093,14.0093,14.0093,126,0
EEMO.US,D,20230817,000000,14.045,14.045,14.045,14.045,68,0
EEMO.US,D,20230818,000000,14.04,14.08,13.98,14.02,25437,0
EEMO.US,D,20230821,000000,14.1692,14.1692,14.1692,14.1692,24,0
EEMO.US,D,20230822,000000,14.21,14.2299,14.21,14.2299,11437,0
EEMO.US,D,20230823,000000,14.32,14.38,14.32,14.38,155,0
EEMO.US,D,20230824,000000,14.44,14.44,14.3807,14.3807,529,0
EEMO.US,D,20230825,000000,14.418,14.418,14.36,14.3818,717,0
EEMO.US,D,20230828,000000,14.52,14.52,14.46,14.4976,14760,0
EEMO.US,D,20230829,000000,14.507,14.6,14.507,14.6,1692,0
EEMO.US,D,20230830,000000,14.565,14.565,14.565,14.565,102,0
EEMO.US,D,20230831,000000,14.52,14.52,14.36,14.3933,3222,0
EEMO.US,D,20230901,000000,14.515,14.515,14.515,14.515,51,0
EEMO.US,D,20230905,000000,14.54,14.54,14.5,14.5,114,0
EEMO.US,D,20230906,000000,14.45,14.45,14.395,14.395,113,0
EEMO.US,D,20230907,000000,14.37,14.37,14.3,14.3279,1784,0
EEMO.US,D,20230908,000000,14.351,14.4101,14.351,14.4101,110,0
EEMO.US,D,20230911,000000,14.5051,14.5051,14.5051,14.5051,265,0
EEMO.US,D,20230912,000000,14.3849,14.3849,14.3849,14.3849,100,0
EEMO.US,D,20230913,000000,14.35,14.35,14.3301,14.3301,114,0
EEMO.US,D,20230914,000000,14.47,14.55,14.46,14.55,6550,0
EEMO.US,D,20230915,000000,14.4,14.4152,14.4,14.4152,114,0
EEMO.US,D,20230918,000000,14.15,14.225,14.15,14.225,775,0
EEMO.US,D,20230919,000000,14.115,14.115,14.115,14.115,62,0
EEMO.US,D,20230920,000000,14.1426,14.1426,14.1426,14.1426,44,0
EEMO.US,D,20230921,000000,14.03,14.03,13.9833,13.9833,414,0
EEMO.US,D,20230922,000000,14.0651,14.0651,14.0651,14.0651,52,0
EEMO.US,D,20230925,000000,14.02,14.02,14.0008,14.0008,275,0
EEMO.US,D,20230926,000000,13.86,13.95,13.82,13.9118,33395,0
EEMO.US,D,20230927,000000,14.03,14.03,13.9605,13.9605,200,0
EEMO.US,D,20230928,000000,13.9901,13.9951,13.92,13.9951,4431,0
EEMO.US,D,20230929,000000,13.9854,13.9854,13.9854,13.9854,49,0
EEMO.US,D,20231002,000000,14.07,14.07,14.0153,14.0426,3786,0
EEMO.US,D,20231003,000000,13.9,13.9,13.9,13.9,8,0
EEMO.US,D,20231004,000000,13.8182,13.8182,13.8182,13.8182,49,0
EEMO.US,D,20231005,000000,13.825,13.825,13.825,13.825,49,0
EEMO.US,D,20231006,000000,14.005,14.005,14.005,14.005,44,0
EEMO.US,D,20231009,000000,13.895,13.895,13.895,13.895,1,0
EEMO.US,D,20231010,000000,14.05,14.05,14,14.023,27818,0
EEMO.US,D,20231011,000000,14.01,14.01,14.01,14.01,1,0
EEMO.US,D,20231012,000000,13.95,13.95,13.88,13.91,8197,0
EEMO.US,D,20231013,000000,13.825,13.825,13.825,13.825,1,0
EEMO.US,D,20231016,000000,13.9593,13.9593,13.9593,13.9593,15,0
EEMO.US,D,20231017,000000,13.8351,13.8351,13.8351,13.8351,25,0
EEMO.US,D,20231018,000000,13.5551,13.5551,13.5551,13.5551,25,0
EEMO.US,D,20231019,000000,13.514,13.514,13.514,13.514,25,0
EEMO.US,D,20231020,000000,13.3,13.3,13.2998,13.2998,337,0
EEMO.US,D,20231023,000000,13.276,13.276,13.276,13.276,71,0
EEMO.US,D,20231024,000000,13.4607,13.4749,13.4607,13.4749,169,0
EEMO.US,D,20231025,000000,13.1746,13.1746,13.1746,13.1746,1,0
EEMO.US,D,20231026,000000,13.1,13.1,13.0708,13.0708,709,0
EEMO.US,D,20231027,000000,13.0177,13.0177,13.0177,13.0177,1,0
EEMO.US,D,20231030,000000,13.23,13.3,13.23,13.255,307,0
EEMO.US,D,20231031,000000,13.02,13.02,13.0191,13.0191,1200,0
EEMO.US,D,20231101,000000,13.1265,13.1265,13.1265,13.1265,126,0
EEMO.US,D,20231102,000000,13.4955,13.4955,13.4955,13.4955,10,0
EEMO.US,D,20231103,000000,13.7072,13.7072,13.7072,13.7072,47,0
EEMO.US,D,20231106,000000,13.99,13.99,13.99,13.99,68,0
EEMO.US,D,20231107,000000,13.9341,13.9341,13.9341,13.9341,2,0
EEMO.US,D,20231108,000000,13.8226,13.8226,13.8226,13.8226,1,0
EEMO.US,D,20231109,000000,13.7747,13.7747,13.7747,13.7747,2,0
EEMO.US,D,20231110,000000,13.8535,13.8535,13.85,13.85,301,0
EEMO.US,D,20231113,000000,13.7863,13.7863,13.7863,13.7863,1,0
EEMO.US,D,20231114,000000,14.2251,14.2251,14.2251,14.2251,1,0
EEMO.US,D,20231115,000000,14.13,14.1301,14.08,14.1058,1975,0
EEMO.US,D,20231116,000000,14.06,14.065,14.06,14.065,303,0
EEMO.US,D,20231117,000000,14.125,14.125,14.1187,14.1187,112,0
EEMO.US,D,20231120,000000,14.22,14.3049,14.22,14.3049,261,0
EEMO.US,D,20231121,000000,14.25,14.25,14.21,14.21,400,0
EEMO.US,D,20231122,000000,14.1451,14.1451,14.1451,14.1451,2,0
EEMO.US,D,20231124,000000,14.165,14.165,14.165,14.165,4,0
EEMO.US,D,20231127,000000,14.09,14.16,14.09,14.16,1445,0
EEMO.US,D,20231128,000000,14.26,14.315,14.26,14.315,423,0
EEMO.US,D,20231129,000000,14.3724,14.38,14.35,14.35,1646,0
EEMO.US,D,20231130,000000,14.38,14.39,14.35,14.39,400,0
EEMO.US,D,20231201,000000,14.5143,14.575,14.5143,14.575,624,0
EEMO.US,D,20231204,000000,14.54,14.54,14.44,14.4748,602,0
EEMO.US,D,20231205,000000,14.4,14.435,14.4,14.435,626,0
EEMO.US,D,20231206,000000,14.49,14.49,14.405,14.405,696,0
EEMO.US,D,20231207,000000,14.5,14.5307,14.5,14.5307,361,0
EEMO.US,D,20231208,000000,14.5378,14.59,14.4903,14.53,500,0
EEMO.US,D,20231211,000000,14.51,14.54,14.51,14.54,5073,0
EEMO.US,D,20231212,000000,14.51,14.51,14.51,14.51,110,0
EEMO.US,D,20231213,000000,14.46,14.7578,14.46,14.7578,150,0
EEMO.US,D,20231214,000000,14.9,14.955,14.9,14.955,680,0
EEMO.US,D,20231215,000000,14.88,14.88,14.8394,14.8394,240,0
EEMO.US,D,20231218,000000,14.85,14.85,14.8,14.845,610,0
EEMO.US,D,20231219,000000,14.95,14.9501,14.9416,14.9501,4113,0
EEMO.US,D,20231220,000000,14.8998,14.8998,14.7123,14.7123,645,0
EEMO.US,D,20231221,000000,14.95,14.9806,14.95,14.9806,20075,0
EEMO.US,D,20231222,000000,15.02,15.02,14.96,14.9611,20872,0
EEMO.US,D,20231226,000000,15.09,15.099,15.01,15.0512,903,0
EEMO.US,D,20231227,000000,15.05,15.0605,15.05,15.0605,1519,0
EEMO.US,D,20231228,000000,15.08,15.0995,15.04,15.0936,1278,0
EEMO.US,D,20231229,000000,15.1114,15.1114,15.1114,15.1114,10,0
EEMO.US,D,20240102,000000,14.9353,14.98,14.9129,14.9129,1209,0
EEMO.US,D,20240103,000000,14.8478,14.8478,14.8478,14.8478,16,0
EEMO.US,D,20240104,000000,14.9,14.96,14.9,14.96,213,0
EEMO.US,D,20240105,000000,15.02,15.12,15.02,15.085,424,0
EEMO.US,D,20240108,000000,15.06,15.11,15.02,15.11,21437,0
EEMO.US,D,20240109,000000,14.9153,14.9153,14.9153,14.9153,1,0
EEMO.US,D,20240110,000000,14.8972,14.8972,14.8972,14.8972,8,0
EEMO.US,D,20240111,000000,14.985,14.985,14.985,14.985,2,0
EEMO.US,D,20240112,000000,15.12,15.12,15.12,15.12,380,0
EEMO.US,D,20240116,000000,14.9,14.9,14.875,14.875,558,0
EEMO.US,D,20240117,000000,14.7052,14.7052,14.7052,14.7052,84,0
EEMO.US,D,20240118,000000,14.77,14.795,14.77,14.795,397,0
EEMO.US,D,20240119,000000,14.94,15.01,14.921,15.01,2001,0
EEMO.US,D,20240122,000000,15.0432,15.0432,15.0432,15.0432,39,0
EEMO.US,D,20240123,000000,14.9163,14.9163,14.9163,14.9163,4,0
EEMO.US,D,20240124,000000,15.1,15.1,15.085,15.085,565,0
EEMO.US,D,20240125,000000,14.9849,15.045,14.9849,15.045,916,0
EEMO.US,D,20240126,000000,15.091,15.135,15.091,15.135,295,0
EEMO.US,D,20240129,000000,15.26,15.285,15.26,15.285,210,0
EEMO.US,D,20240130,000000,15.285,15.285,15.285,15.285,6,0
EEMO.US,D,20240131,000000,15.35,15.35,15.24,15.24,20088,0
EEMO.US,D,20240201,000000,15.4541,15.4541,15.4541,15.4541,1,0
EEMO.US,D,20240202,000000,15.51,15.5202,15.51,15.5202,420,0
EEMO.US,D,20240205,000000,15.47,15.4846,15.47,15.4846,590,0
EEMO.US,D,20240206,000000,15.6101,15.6301,15.6101,15.6301,392,0
EEMO.US,D,20240207,000000,15.76,15.76,15.705,15.705,292,0
EEMO.US,D,20240208,000000,15.7089,15.7089,15.7089,15.7089,7,0
EEMO.US,D,20240209,000000,15.68,15.7302,15.68,15.7302,421,0
EEMO.US,D,20240212,000000,15.8882,15.9,15.83,15.8301,13319,0
EEMO.US,D,20240213,000000,15.54,15.58,15.5001,15.5001,20170,0
EEMO.US,D,20240214,000000,15.68,15.8117,15.68,15.8117,1065,0
EEMO.US,D,20240215,000000,15.91,16,15.88,15.965,1629,0
EEMO.US,D,20240216,000000,15.95,15.95,15.88,15.92,1810,0
EEMO.US,D,20240220,000000,15.955,15.955,15.955,15.955,107,0
EEMO.US,D,20240221,000000,15.81,15.8381,15.81,15.8381,552,0
EEMO.US,D,20240222,000000,15.8706,15.9421,15.84,15.9421,1081,0
EEMO.US,D,20240223,000000,15.8602,15.9,15.8602,15.9,1179,0
EEMO.US,D,20240226,000000,15.8077,15.8077,15.8077,15.8077,138,0
EEMO.US,D,20240227,000000,15.8,15.81,15.77,15.78,30476,0
EEMO.US,D,20240228,000000,15.6,15.6,15.58,15.595,8967,0
EEMO.US,D,20240229,000000,15.71,15.78,15.71,15.755,11600,0
EEMO.US,D,20240301,000000,15.97,16.03,15.97,15.985,8968,0
EEMO.US,D,20240304,000000,16.02,16.08,15.91,15.976,51068,0
EEMO.US,D,20240305,000000,16.0038,16.0038,15.95,15.965,1924,0
EEMO.US,D,20240306,000000,16.04,16.04,16.04,16.04,67,0
EEMO.US,D,20240307,000000,16.13,16.14,16.11,16.1145,20136,0
EEMO.US,D,20240308,000000,16.1,16.12,16.065,16.065,20063,0
EEMO.US,D,20240311,000000,16.08,16.1,16.075,16.075,11010,0
EEMO.US,D,20240312,000000,16.14,16.14,16.14,16.14,74,0
EEMO.US,D,20240313,000000,15.885,15.885,15.885,15.885,63,0
EEMO.US,D,20240314,000000,15.87,15.87,15.8551,15.8551,7352,0
EEMO.US,D,20240315,000000,15.8,15.86,15.8,15.8,675,0
EEMO.US,D,20240318,000000,15.7809,15.7809,15.7809,15.7809,3,0
EEMO.US,D,20240319,000000,15.594,15.64,15.594,15.64,2851,0
EEMO.US,D,20240320,000000,15.55,15.7268,15.54,15.7268,2358,0
EEMO.US,D,20240321,000000,15.825,15.825,15.825,15.825,15,0
EEMO.US,D,20240322,000000,15.8201,15.8201,15.8201,15.8201,66,0
EEMO.US,D,20240325,000000,15.85,15.85,15.85,15.85,47,0
EEMO.US,D,20240326,000000,15.9118,15.9118,15.875,15.875,1449,0
EEMO.US,D,20240327,000000,15.89,15.89,15.8852,15.8852,17725,0
EEMO.US,D,20240328,000000,16.0694,16.0694,16.0694,16.0694,55,0
EEMO.US,D,20240401,000000,16.0608,16.0608,16.0608,16.0608,32,0
EEMO.US,D,20240402,000000,16.1263,16.1319,16.1181,16.1319,204,0
EEMO.US,D,20240403,000000,16.205,16.26,16.205,16.2466,715,0
EEMO.US,D,20240404,000000,16.39,16.42,16.1805,16.1805,1562,0
EEMO.US,D,20240405,000000,16.25,16.2955,16.25,16.2955,450,0
EEMO.US,D,20240408,000000,16.3751,16.3751,16.3751,16.3751,82,0
EEMO.US,D,20240409,000000,16.25,16.31,16.25,16.31,970,0
EEMO.US,D,20240410,000000,16.15,16.1723,16.15,16.1723,599,0
EEMO.US,D,20240411,000000,16.22,16.24,16.22,16.24,206,0
EEMO.US,D,20240412,000000,15.982,15.988,15.9201,15.9201,1750,0
EEMO.US,D,20240415,000000,15.89,15.89,15.79,15.79,693,0
EEMO.US,D,20240416,000000,15.66,15.66,15.6522,15.6522,216,0
EEMO.US,D,20240417,000000,15.72,15.74,15.63,15.67,14789,0
EEMO.US,D,20240418,000000,15.72,15.72,15.72,15.72,7,0
EEMO.US,D,20240419,000000,15.65,15.65,15.65,15.65,2102,0
EEMO.US,D,20240422,000000,15.73,15.78,15.68,15.78,8219,0
EEMO.US,D,20240423,000000,15.95,15.95,15.9117,15.9117,361,0
EEMO.US,D,20240424,000000,16,16,16,16,365,0
EEMO.US,D,20240425,000000,15.99,16.0595,15.99,16.0595,254,0
EEMO.US,D,20240426,000000,16.08,16.28,16.08,16.27,9398,0
EEMO.US,D,20240429,000000,16.28,16.37,16.205,16.37,8651,0
EEMO.US,D,20240430,000000,16.3,16.33,16.1887,16.1887,4834,0
EEMO.US,D,20240501,000000,16.11,16.45,16.11,16.24,39954,0
EEMO.US,D,20240502,000000,16.3,16.61,16.3,16.5547,5618,0
EEMO.US,D,20240503,000000,16.54,16.59,16.54,16.569,7336,0
EEMO.US,D,20240506,000000,16.3875,16.44,16.31,16.3707,1631,0
EEMO.US,D,20240507,000000,16.2531,16.32,16.21,16.279,24351,0
EEMO.US,D,20240508,000000,16.31,16.4,16.3,16.3999,3066,0
EEMO.US,D,20240509,000000,16.26,16.26,16.1701,16.26,4844,0
EEMO.US,D,20240510,000000,16.17,16.17,16.1656,16.1656,156,0
EEMO.US,D,20240513,000000,16.26,16.26,16.2241,16.2241,503,0
EEMO.US,D,20240514,000000,16.42,16.435,16.405,16.435,355,0
EEMO.US,D,20240515,000000,16.59,16.59,16.565,16.5713,2568,0
EEMO.US,D,20240516,000000,16.5476,16.5476,16.5476,16.5476,70,0
EEMO.US,D,20240517,000000,16.54,16.6768,16.54,16.6768,512,0
EEMO.US,D,20240520,000000,16.71,16.71,16.675,16.675,103,0
EEMO.US,D,20240521,000000,16.69,16.71,16.65,16.6849,1151,0
EEMO.US,D,20240522,000000,16.6555,16.6555,16.6555,16.6555,1,0
EEMO.US,D,20240523,000000,16.73,16.74,16.673,16.673,1080,0
EEMO.US,D,20240524,000000,16.86,16.86,16.76,16.7927,381,0
EEMO.US,D,20240528,000000,16.8,16.86,16.74,16.7861,2539,0
EEMO.US,D,20240529,000000,16.655,16.6627,16.655,16.6627,717,0
EEMO.US,D,20240530,000000,16.58,16.66,16.58,16.656,1718,0
EEMO.US,D,20240531,000000,16.5525,16.5525,16.5525,16.5525,7,0
EEMO.US,D,20240603,000000,16.9992,17.0124,16.9992,17.0124,1254,0
EEMO.US,D,20240604,000000,16.1089,16.1089,16.1089,16.1089,7,0
EEMO.US,D,20240605,000000,16.4062,16.4062,16.4062,16.4062,106,0
EEMO.US,D,20240606,000000,16.6407,16.6407,16.6407,16.6407,96,0
EEMO.US,D,20240607,000000,16.595,16.595,16.595,16.595,240,0
EEMO.US,D,20240610,000000,16.5887,16.6662,16.58,16.6396,3806,0
EEMO.US,D,20240611,000000,16.6682,16.6682,16.6682,16.6682,53,0
EEMO.US,D,20240612,000000,16.938,16.938,16.79,16.8512,2848,0
EEMO.US,D,20240613,000000,16.89,16.89,16.89,16.89,132,0
EEMO.US,D,20240614,000000,16.93,16.9829,16.9112,16.9829,411,0
EEMO.US,D,20240617,000000,16.931,17.05,16.931,17.05,414,0
EEMO.US,D,20240618,000000,17.1223,17.1223,17.1223,17.1223,1977,0
EEMO.US,D,20240620,000000,17.0477,17.0496,17.0477,17.0496,318,0
EEMO.US,D,20240621,000000,16.9515,17.005,16.9515,17.005,292,0
EEMO.US,D,20240624,000000,16.935,16.935,16.935,16.935,51,0
EEMO.US,D,20240625,000000,16.8553,16.8553,16.8553,16.8553,19,0
EEMO.US,D,20240626,000000,16.834,16.8699,16.8,16.8029,4609,0
EEMO.US,D,20240627,000000,16.932,16.985,16.932,16.985,437,0
EEMO.US,D,20240628,000000,17.0683,17.1156,17.005,17.005,3142,0
EEMO.US,D,20240701,000000,17.084,17.13,17.0727,17.0727,5240,0
EEMO.US,D,20240702,000000,17.04,17.0784,16.99,17.07,5983,0
EEMO.US,D,20240703,000000,17.19,17.25,17.135,17.23,941,0
EEMO.US,D,20240705,000000,17.35,17.4125,17.3101,17.4,10949,0
EEMO.US,D,20240708,000000,17.52,17.52,17.43,17.463,1774,0
EEMO.US,D,20240709,000000,17.5,17.52,17.5,17.5038,1348,0
EEMO.US,D,20240710,000000,17.56,17.57,17.51,17.5586,3704,0
EEMO.US,D,20240711,000000,17.73,17.73,17.5853,17.5853,443,0
EEMO.US,D,20240712,000000,17.61,17.67,17.51,17.63,8864,0
EEMO.US,D,20240715,000000,17.57,17.64,17.51,17.55,3812,0
EEMO.US,D,20240716,000000,17.62,17.65,17.4801,17.6236,7094,0
EEMO.US,D,20240717,000000,17.5,17.5,17.35,17.3926,1387,0
EEMO.US,D,20240718,000000,17.29,17.29,17.1122,17.1122,2088,0
EEMO.US,D,20240719,000000,17.02,17.02,16.9259,16.9259,369,0
EEMO.US,D,20240722,000000,17.08,17.08,17.01,17.06,2741,0
EEMO.US,D,20240723,000000,17.01,17.01,16.86,16.8851,2054,0
EEMO.US,D,20240724,000000,16.9547,16.9547,16.8373,16.8373,918,0
EEMO.US,D,20240725,000000,16.88,16.95,16.83,16.8756,2565,0
EEMO.US,D,20240726,000000,17.12,17.12,17.04,17.0933,2186,0
EEMO.US,D,20240729,000000,17.09,17.09,17.0048,17.0048,2035,0
EEMO.US,D,20240730,000000,17.05,17.05,16.965,16.9991,4325,0
EEMO.US,D,20240731,000000,17.2001,17.2624,17.2001,17.2624,1619,0
EEMO.US,D,20240801,000000,17.125,17.125,16.98,16.9903,5191,0
EEMO.US,D,20240802,000000,16.68,16.699,16.59,16.699,2109,0
EEMO.US,D,20240805,000000,15.86,16.0399,15.63,16.0038,8689,0
EEMO.US,D,20240806,000000,16.01,16.13,16.01,16.1046,1005,0
EEMO.US,D,20240807,000000,16.57,16.62,16.3873,16.3873,4430,0
EEMO.US,D,20240808,000000,16.53,16.69,16.53,16.682,4380,0
EEMO.US,D,20240809,000000,16.67,16.8,16.65,16.76,1157,0
EEMO.US,D,20240812,000000,16.76,16.8946,16.76,16.8408,2546,0
EEMO.US,D,20240813,000000,16.8801,16.93,16.8801,16.9292,1299,0
EEMO.US,D,20240814,000000,16.8674,16.888,16.8296,16.888,1030,0
EEMO.US,D,20240815,000000,16.93,17.13,16.93,17.0984,1403,0
EEMO.US,D,20240816,000000,17.13,17.2795,17.13,17.2795,1138,0
EEMO.US,D,20240819,000000,17.27,17.37,17.27,17.3672,2045,0
EEMO.US,D,20240820,000000,17.31,17.31,17.19,17.2143,1906,0
EEMO.US,D,20240821,000000,17.2,17.3099,17.2,17.2435,3714,0
EEMO.US,D,20240822,000000,17.1799,17.1799,17.0988,17.0988,900,0
EEMO.US,D,20240823,000000,17.3208,17.33,17.27,17.315,1398,0
EEMO.US,D,20240826,000000,17.3091,17.33,17.16,17.2919,14444,0
EEMO.US,D,20240827,000000,17.24,17.3316,17.24,17.3316,851,0
EEMO.US,D,20240828,000000,17.3,17.32,17.2112,17.2696,5898,0
EEMO.US,D,20240829,000000,17.32,17.36,17.18,17.282,4066,0
EEMO.US,D,20240830,000000,17.33,17.3584,17.29,17.3584,28445,0
EEMO.US,D,20240903,000000,17.28,17.28,17.07,17.0743,1550,0
EEMO.US,D,20240904,000000,17.07,17.1299,17.06,17.0844,1307,0
EEMO.US,D,20240905,000000,17.03,17.03,16.99,17.0044,1885,0
EEMO.US,D,20240906,000000,16.76,16.76,16.685,16.685,267,0
EEMO.US,D,20240909,000000,16.83,16.865,16.7408,16.8313,4477,0
EEMO.US,D,20240910,000000,16.75,16.7939,16.65,16.7548,8939,0
EEMO.US,D,20240911,000000,16.65,16.7859,16.65,16.7859,856,0
EEMO.US,D,20240912,000000,16.99,17.09,16.99,17.0663,387,0
EEMO.US,D,20240913,000000,17.08,17.1332,17.08,17.1251,751,0
EEMO.US,D,20240916,000000,17.1403,17.1403,17.1403,17.1403,163,0
EEMO.US,D,20240917,000000,17.17,17.22,17.1266,17.1266,771,0
EEMO.US,D,20240918,000000,17.12,17.1226,17.0771,17.0771,741,0
EEMO.US,D,20240919,000000,17.185,17.3199,17.185,17.2755,9191,0
EEMO.US,D,20240920,000000,17.31,17.38,17.31,17.3271,543,0
EEMO.US,D,20240923,000000,17.29,17.3107,17.29,17.29,1126,0
EEMO.US,D,20240924,000000,17.37,17.71,17.37,17.4959,10267,0
EEMO.US,D,20240925,000000,17.5,17.5,17.36,17.36,1940,0
EEMO.US,D,20240926,000000,17.645,17.68,17.605,17.634,1928,0
EEMO.US,D,20240927,000000,17.5999,17.6099,17.46,17.46,1317,0
EEMO.US,D,20240930,000000,17.17,17.36,17.12,17.19,98872,0
EEMO.US,D,20241001,000000,17.27,17.27,17,17.0384,16116,0
EEMO.US,D,20241002,000000,17.1,17.1,16.93,17.0061,5229,0
EEMO.US,D,20241003,000000,16.9,16.9,16.8501,16.8629,1186,0
EEMO.US,D,20241004,000000,16.97,16.97,16.87,16.9169,599,0
EEMO.US,D,20241007,000000,16.92,16.92,16.7555,16.7555,1836,0
EEMO.US,D,20241008,000000,16.95,17.19,16.95,17.1628,24704,0
EEMO.US,D,20241009,000000,17.24,17.26,17.24,17.26,635,0
EEMO.US,D,20241010,000000,17.21,17.21,17.1621,17.1701,608,0
EEMO.US,D,20241011,000000,17.22,17.3032,17.22,17.3032,2393,0
EEMO.US,D,20241014,000000,17.3626,17.3719,17.28,17.3593,9927,0
EEMO.US,D,20241015,000000,17.3301,17.375,17.22,17.2337,1532,0
EEMO.US,D,20241016,000000,17.45,17.45,17.3201,17.3201,9474,0
EEMO.US,D,20241017,000000,17.27,17.305,17.27,17.27,771,0
EEMO.US,D,20241018,000000,17.3179,17.3179,17.28,17.2931,5209,0
EEMO.US,D,20241021,000000,17.23,17.23,17.1721,17.1881,4672,0
EEMO.US,D,20241022,000000,17.11,17.11,17.0452,17.0452,379,0
EEMO.US,D,20241023,000000,16.97,16.97,16.8994,16.8994,4514,0
EEMO.US,D,20241024,000000,16.91,16.9393,16.88,16.9393,3551,0
EEMO.US,D,20241025,000000,16.94985,16.9593,16.8908,16.9011,1191,0
EEMO.US,D,20241028,000000,16.85,16.8885,16.81,16.8711,4838,0
EEMO.US,D,20241029,000000,16.89,16.91,16.89,16.8942,439,0
EEMO.US,D,20241030,000000,16.765,16.765,16.756,16.756,308,0
EEMO.US,D,20241031,000000,16.5899,16.6026,16.5613,16.6026,1335,0
EEMO.US,D,20241101,000000,16.76,16.76,16.76,16.76,1151,0
EEMO.US,D,20241104,000000,16.7,16.71,16.62,16.6501,13213,0
EEMO.US,D,20241105,000000,16.7451,16.76,16.72,16.73,3496,0
EEMO.US,D,20241106,000000,16.77,16.8854,16.77,16.8854,793,0
EEMO.US,D,20241107,000000,16.97,17.04,16.97,17.005,1048,0
EEMO.US,D,20241108,000000,16.74,16.795,16.74,16.795,409,0
EEMO.US,D,20241111,000000,16.7599,16.8,16.71,16.7401,3851,0
EEMO.US,D,20241112,000000,16.4613,16.5547,16.4601,16.5547,6153,0
EEMO.US,D,20241113,000000,16.37,16.3854,16.32,16.3854,2648,0
EEMO.US,D,20241114,000000,16.43,16.47,16.3962,16.3962,4086,0
EEMO.US,D,20241115,000000,16.29,16.37,16.265,16.2728,1230,0
EEMO.US,D,20241118,000000,16.3312,16.39,16.24,16.3503,2215,0
EEMO.US,D,20241119,000000,16.38,16.43,16.3,16.39,2261,0
EEMO.US,D,20241120,000000,16.4072,16.4377,16.4072,16.4377,550,0
EEMO.US,D,20241121,000000,16.31,16.47,16.31,16.43,139716,0
EEMO.US,D,20241122,000000,16.59,16.5952,16.59,16.5952,684,0
EEMO.US,D,20241125,000000,16.705,16.84,16.705,16.84,118533,0
EEMO.US,D,20241126,000000,16.6,16.61,16.5622,16.5622,5379,0
EEMO.US,D,20241127,000000,16.63,16.64,16.51,16.6,13721,0
EEMO.US,D,20241129,000000,16.54,16.545,16.54,16.545,851,0
EEMO.US,D,20241202,000000,16.6899,16.6899,16.62,16.66,850,0
EEMO.US,D,20241203,000000,16.76,16.78,16.7288,16.7288,2461,0
EEMO.US,D,20241204,000000,16.78,16.85,16.78,16.815,3424,0
EEMO.US,D,20241205,000000,16.8817,16.96,16.8817,16.915,2441,0
EEMO.US,D,20241206,000000,16.92,16.92,16.84,16.89,83885,0
EEMO.US,D,20241209,000000,16.921,16.93,16.85,16.8567,3939,0
EEMO.US,D,20241210,000000,16.74,16.88,16.65,16.73,65295,0
EEMO.US,D,20241211,000000,16.85,16.89,16.81,16.8479,52441,0
EEMO.US,D,20241212,000000,16.79,16.79,16.7,16.74,1309,0
EEMO.US,D,20241213,000000,16.89,16.89,16.8607,16.8607,1133,0
EEMO.US,D,20241216,000000,16.89,16.91,16.81,16.8396,1614,0
EEMO.US,D,20241217,000000,16.75,16.75,16.7049,16.7049,211,0
EEMO.US,D,20241218,000000,16.7191,16.7191,16.2586,16.2586,3215,0
EEMO.US,D,20241219,000000,16.46,16.46,16.3719,16.44,2481,0
EEMO.US,D,20241220,000000,16.48,16.48,16.3661,16.3661,815,0
EEMO.US,D,20241223,000000,16.2942,16.3421,16.19,16.32,155607,0
EEMO.US,D,20241224,000000,16.37,16.405,16.35,16.405,1308,0
EEMO.US,D,20241226,000000,16.35,16.3799,15.95,16.2948,65819,0
EEMO.US,D,20241227,000000,16.25,16.3118,16.25,16.3118,1166,0
EEMO.US,D,20241230,000000,16.15,16.245,16.15,16.2305,827,0
EEMO.US,D,20241231,000000,16.1939,16.26,16.1939,16.1969,4160,0
EEMO.US,D,20250102,000000,16.34,16.38,16.32,16.32,562,0
EEMO.US,D,20250103,000000,16.47,16.4906,16.37,16.43,1038,0
EEMO.US,D,20250106,000000,16.53,16.53,16.435,16.435,422,0
EEMO.US,D,20250107,000000,16.4298,16.4298,16.3549,16.3549,1353,0
EEMO.US,D,20250108,000000,16.26,16.28,16.21,16.25,5364,0
EEMO.US,D,20250110,000000,15.9,15.91,15.89,15.89,519,0
EEMO.US,D,20250114,000000,15.79,15.85,15.785,15.7957,1326,0
EEMO.US,D,20250115,000000,15.99,16.02,15.94,15.98,1752,0
EEMO.US,D,20250116,000000,15.985,15.985,15.978,15.978,242,0
EEMO.US,D,20250121,000000,15.98,16.11,15.95,16.0596,4443,0
EEMO.US,D,20250122,000000,16.0318,16.04,16.02,16.02,2083,0
EEMO.US,D,20250123,000000,16.14,16.22,16.14,16.2,1741,0
EEMO.US,D,20250124,000000,16.15,16.19,16.12,16.1462,3910,0
EEMO.US,D,20250127,000000,15.76,15.77,15.62,15.6367,6868,0
EEMO.US,D,20250128,000000,15.69,15.74,15.62,15.7155,2622,0
EEMO.US,D,20250129,000000,15.83,15.85,15.8001,15.8176,1104,0
EEMO.US,D,20250130,000000,15.985,16.0241,15.89,16.0241,11685,0
EEMO.US,D,20250131,000000,16.11,16.18,16.02,16.02,1616,0
EEMO.US,D,20250203,000000,15.75,15.95,15.7,15.8764,26098,0
EEMO.US,D,20250204,000000,16.03,16.1395,16.03,16.095,2357,0
EEMO.US,D,20250205,000000,16.08,16.14,16.05,16.12,3391,0
EEMO.US,D,20250207,000000,16.12,16.12,15.965,16.0249,9581,0
EEMO.US,D,20250210,000000,16,16.0017,15.97,16.0017,561,0
EEMO.US,D,20250211,000000,15.94,15.97,15.89,15.925,1559,0
EEMO.US,D,20250212,000000,15.825,15.8554,15.7711,15.8554,798,0
EEMO.US,D,20250213,000000,15.8111,15.945,15.765,15.9188,10278,0
EEMO.US,D,20250214,000000,15.805,15.805,15.79,15.79,1614,0
EEMO.US,D,20250218,000000,15.82,15.89,15.8,15.8636,18105,0
EEMO.US,D,20250220,000000,15.9332,15.9332,15.91,15.93,1288,0
EEMO.US,D,20250221,000000,15.675,15.675,15.63,15.63,871,0
EEMO.US,D,20250224,000000,15.68,15.68,15.63,15.63,335,0
EEMO.US,D,20250225,000000,15.55,15.6241,15.5303,15.5788,5304,0
EEMO.US,D,20250226,000000,15.6244,15.6875,15.59,15.6329,3220,0
EEMO.US,D,20250227,000000,15.2308,15.2439,15.2308,15.2439,953,0
EEMO.US,D,20250228,000000,14.9575,15.1,14.9575,15.0775,1538,0
EEMO.US,D,20250303,000000,15.11,15.14,14.8628,14.91,29001,0
EEMO.US,D,20250304,000000,14.91,15.12,14.91,15.0835,1849,0
EEMO.US,D,20250305,000000,15.41,15.4977,15.41,15.4977,4296,0
EEMO.US,D,20250307,000000,15.3562,15.44,15.28,15.3989,537,0
EEMO.US,D,20250310,000000,15.06,15.06,14.915,14.9984,5049,0
EEMO.US,D,20250311,000000,15.01,15.18,15.01,15.0643,5052,0
EEMO.US,D,20250312,000000,15.09,15.1394,15.04,15.1206,2143,0
EEMO.US,D,20250313,000000,15.1044,15.1044,15.04,15.0439,1064,0
EEMO.US,D,20250314,000000,15.2048,15.21,15.2048,15.21,853,0
EEMO.US,D,20250317,000000,15.46,15.48,15.46,15.48,421,0
EEMO.US,D,20250318,000000,15.444,15.465,15.444,15.465,333,0
EEMO.US,D,20250321,000000,15.53,15.53,15.5,15.5,372,0
EEMO.US,D,20250324,000000,15.56,15.61,15.54,15.58,2769,0
EEMO.US,D,20250325,000000,15.4,15.47,15.145,15.34,243875,0
EEMO.US,D,20250326,000000,15.32,15.34,15.27,15.2707,2414,0
EEMO.US,D,20250327,000000,15.315,15.41,15.315,15.3396,30734,0
EEMO.US,D,20250328,000000,15.06,15.23,15.04,15.04,900,0
EEMO.US,D,20250331,000000,14.85,14.9415,14.84,14.9415,32079,0
EEMO.US,D,20250401,000000,14.9,14.9806,14.8999,14.9806,1423,0
EEMO.US,D,20250402,000000,14.96,14.99,14.915,14.99,6912,0
EEMO.US,D,20250403,000000,14.7564,14.78,14.652,14.69,8449,0
EEMO.US,D,20250404,000000,13.87,13.97,13.72,13.8478,15608,0
