<TICKER>,<PER>,<DATE>,<TIME>,<OPEN>,<HIGH>,<LOW>,<CLOSE>,<VOL>,<OPENINT>
LOUP.US,D,20180727,000000,25.96,25.96,25.41,25.55,34837,0
LOUP.US,D,20180730,000000,25.5792,25.5792,25.27,25.27,22244,0
LOUP.US,D,20180731,000000,25.51,25.51,25.2664,25.34,26656,0
LOUP.US,D,20180801,000000,25.42,25.46,25.241,25.37,11289,0
LOUP.US,D,20180802,000000,25.23,25.46,25.15,25.45,6989,0
LOUP.US,D,20180803,000000,25.44,25.47,25.39,25.46,8689,0
LOUP.US,D,20180806,000000,25.47,25.48,25.44,25.48,2016,0
LOUP.US,D,20180807,000000,25.51,25.9594,25.51,25.9,7718,0
LOUP.US,D,20180808,000000,25.93,25.99,25.868,25.98,2136,0
LOUP.US,D,20180809,000000,25.9248,25.96,25.88,25.88,4347,0
LOUP.US,D,20180810,000000,25.8,25.8,25.5,25.56,11740,0
LOUP.US,D,20180813,000000,25.65,25.65,25.5,25.5,1757,0
LOUP.US,D,20180814,000000,25.4921,25.61,25.4921,25.6,3121,0
LOUP.US,D,20180815,000000,25.49,25.49,24.796,25,19247,0
LOUP.US,D,20180816,000000,25.05,25.071,25.05,25.05,1506,0
LOUP.US,D,20180817,000000,25,25.08,24.85,25.08,1464,0
LOUP.US,D,20180820,000000,25.14,25.2,25.1088,25.19,2157,0
LOUP.US,D,20180821,000000,25.5809,25.679,25.5395,25.64,4186,0
LOUP.US,D,20180822,000000,25.61,25.74,25.53,25.72,187822,0
LOUP.US,D,20180823,000000,25.7,25.83,25.58,25.78,56878,0
LOUP.US,D,20180824,000000,25.91,26.07,25.805,26.03,44625,0
LOUP.US,D,20180827,000000,26.34,26.59,26.25,26.5,75401,0
LOUP.US,D,20180828,000000,26.7,26.72,26.461,26.55,24340,0
LOUP.US,D,20180829,000000,26.55,26.6809,26.4907,26.6809,17879,0
LOUP.US,D,20180830,000000,26.73,26.73,26.527,26.555,66699,0
LOUP.US,D,20180831,000000,26.58,26.76,26.5201,26.76,11786,0
LOUP.US,D,20180904,000000,26.54,26.55,26.3427,26.55,22403,0
LOUP.US,D,20180905,000000,26.43,26.43,25.99,26.1036,22726,0
LOUP.US,D,20180906,000000,26.03,26.0739,25.815,25.82,11626,0
LOUP.US,D,20180907,000000,25.72,25.8098,25.5328,25.5448,11825,0
LOUP.US,D,20180910,000000,25.7518,25.8591,25.6541,25.8505,12454,0
LOUP.US,D,20180911,000000,25.76,25.76,25.5888,25.65,5612,0
LOUP.US,D,20180912,000000,25.66,25.7499,25.381,25.7145,12083,0
LOUP.US,D,20180913,000000,25.94,26.15,25.811,25.8384,9917,0
LOUP.US,D,20180914,000000,26.01,26.4299,26.01,26.35,12790,0
LOUP.US,D,20180917,000000,26.35,26.35,26.091,26.1446,4765,0
LOUP.US,D,20180918,000000,26.2,26.419,26.2,26.323,11144,0
LOUP.US,D,20180919,000000,26.486,26.509,26.3201,26.389,9037,0
LOUP.US,D,20180920,000000,26.6,26.6,26.41,26.48,19923,0
LOUP.US,D,20180921,000000,26.62,26.62,26.4089,26.41,6214,0
LOUP.US,D,20180924,000000,26.41,26.42,26.1933,26.4085,6404,0
LOUP.US,D,20180925,000000,26.51,26.51,26.3927,26.47,5840,0
LOUP.US,D,20180926,000000,26.44,26.53,26.4349,26.45,4974,0
LOUP.US,D,20180927,000000,26.34,26.435,26.247,26.3589,3019,0
LOUP.US,D,20180928,000000,26.19,26.4432,26.19,26.39,5015,0
LOUP.US,D,20181001,000000,26.64,26.8,26.42,26.46,7861,0
LOUP.US,D,20181002,000000,26.46,26.46,26.1205,26.1205,8211,0
LOUP.US,D,20181003,000000,26.17,26.19,26.0604,26.1,3870,0
LOUP.US,D,20181004,000000,25.8501,25.8928,25.62,25.65,6810,0
LOUP.US,D,20181005,000000,25.85,25.85,25.005,25.135,16433,0
LOUP.US,D,20181008,000000,24.88,24.91,24.51,24.6662,12535,0
LOUP.US,D,20181009,000000,24.49,24.5463,24.36,24.39,12021,0
LOUP.US,D,20181010,000000,24.2,24.2,23.3,23.4099,15551,0
LOUP.US,D,20181011,000000,23.14,23.5291,23.0123,23.0701,21656,0
LOUP.US,D,20181012,000000,23.55,23.6847,23.403,23.529,3159,0
LOUP.US,D,20181015,000000,23.53,23.6473,23.5,23.56,17931,0
LOUP.US,D,20181016,000000,23.8,24.335,23.8,24.335,3382,0
LOUP.US,D,20181017,000000,24.2821,24.31,24.095,24.3,1999,0
LOUP.US,D,20181018,000000,24.03,24.03,23.56,23.5899,5076,0
LOUP.US,D,20181019,000000,23.7699,23.7699,23.29,23.349,2733,0
LOUP.US,D,20181022,000000,23.3,23.57,23.3,23.33,2536,0
LOUP.US,D,20181023,000000,22.86,23.2612,22.64,23.195,3656,0
LOUP.US,D,20181024,000000,23.04,23.04,22.1,22.1,2152,0
LOUP.US,D,20181025,000000,22.35,22.54,22.21,22.5001,5375,0
LOUP.US,D,20181026,000000,21.99,22.14,21.75,22.14,1925,0
LOUP.US,D,20181029,000000,22.351,22.4978,21.765,21.765,16905,0
LOUP.US,D,20181030,000000,21.84,22.2334,21.84,22.2334,3822,0
LOUP.US,D,20181031,000000,22.7423,22.9001,22.7423,22.86,2029,0
LOUP.US,D,20181101,000000,23.2322,23.5,23.191,23.5,2916,0
LOUP.US,D,20181102,000000,23.77,23.77,23.61,23.763,1998,0
LOUP.US,D,20181105,000000,23.7,23.7,23.19,23.43,3056,0
LOUP.US,D,20181106,000000,23.67,23.67,23.57,23.57,282,0
LOUP.US,D,20181107,000000,24.0008,24.308,24.0008,24.2908,3685,0
LOUP.US,D,20181108,000000,24.18,24.18,24.131,24.1476,732,0
LOUP.US,D,20181109,000000,23.54,23.6032,23.3287,23.3287,1437,0
LOUP.US,D,20181112,000000,22.7608,22.7608,22.4599,22.53,1241,0
LOUP.US,D,20181113,000000,22.6864,22.9,22.571,22.6479,2541,0
LOUP.US,D,20181114,000000,22.79,22.8099,22.52,22.52,20389,0
LOUP.US,D,20181115,000000,22.9527,22.9527,22.9527,22.9527,570,0
LOUP.US,D,20181116,000000,22.7955,22.98,22.7955,22.9785,803,0
LOUP.US,D,20181119,000000,22.4701,22.4701,22.34,22.34,3308,0
LOUP.US,D,20181120,000000,21.59,22.05,21.59,21.9418,15701,0
LOUP.US,D,20181121,000000,22.4,22.41,22.2945,22.305,1813,0
LOUP.US,D,20181123,000000,22.1628,22.1628,22.1627,22.1627,1251,0
LOUP.US,D,20181126,000000,22.4,22.5444,22.39,22.5444,850,0
LOUP.US,D,20181127,000000,22.47,22.5,22.47,22.4934,2000,0
LOUP.US,D,20181128,000000,22.73,23.08,22.62,23.05,6036,0
LOUP.US,D,20181129,000000,23.289,23.289,23.07,23.16,1153,0
LOUP.US,D,20181130,000000,22.885,22.885,22.88,22.88,302,0
LOUP.US,D,20181203,000000,23.71,23.71,23.46,23.5945,6595,0
LOUP.US,D,20181204,000000,23.29,23.29,22.6899,22.7699,1692,0
LOUP.US,D,20181206,000000,22.01,22.22,21.8031,22.2044,3095,0
LOUP.US,D,20181207,000000,22.21,22.21,21.5608,21.6817,4256,0
LOUP.US,D,20181210,000000,21.6438,21.6438,21.2354,21.4929,20260,0
LOUP.US,D,20181211,000000,21.68,21.68,21.3014,21.3262,2677,0
LOUP.US,D,20181212,000000,21.73,21.88,21.73,21.776,2822,0
LOUP.US,D,20181213,000000,21.68,21.68,21.4604,21.4902,1894,0
LOUP.US,D,20181214,000000,21.355,21.36,21.1031,21.1031,3551,0
LOUP.US,D,20181217,000000,20.99,21.22,20.7501,20.7501,4756,0
LOUP.US,D,20181218,000000,20.93,21.075,20.83,20.8502,13482,0
LOUP.US,D,20181219,000000,20.7351,20.94,20.2993,20.2993,3034,0
LOUP.US,D,20181220,000000,20.12,20.43,19.69,19.9275,9864,0
LOUP.US,D,20181221,000000,19.94,19.94,19.34,19.364,4547,0
LOUP.US,D,20181224,000000,19.195,19.345,19.07,19.0808,6081,0
LOUP.US,D,20181226,000000,19.26,19.8699,19.0193,19.8699,2954,0
LOUP.US,D,20181227,000000,19.61,20.0199,19.61,20.0128,1961,0
LOUP.US,D,20181228,000000,20.13,20.263,20.02,20.1183,3043,0
LOUP.US,D,20181231,000000,20.4,20.44,20.1871,20.31,6374,0
LOUP.US,D,20190102,000000,20.07,20.3764,20.07,20.2448,3867,0
LOUP.US,D,20190103,000000,19.41,19.566,19.41,19.425,746,0
LOUP.US,D,20190104,000000,19.81,20.1648,19.81,20.1648,585,0
LOUP.US,D,20190107,000000,20.31,20.6968,20.31,20.6806,1379,0
LOUP.US,D,20190108,000000,20.8594,20.8702,20.6,20.8702,3255,0
LOUP.US,D,20190109,000000,21.3885,21.56,21.3188,21.4448,4810,0
LOUP.US,D,20190110,000000,21.28,21.5709,21.28,21.5709,2729,0
LOUP.US,D,20190111,000000,21.58,21.68,21.58,21.68,476,0
LOUP.US,D,20190114,000000,21.32,21.3963,21.32,21.343,616,0
LOUP.US,D,20190115,000000,21.64,21.66,21.5727,21.6258,3759,0
LOUP.US,D,20190116,000000,21.82,21.823,21.7481,21.7481,1195,0
LOUP.US,D,20190117,000000,21.59,21.9452,21.53,21.8139,1413,0
LOUP.US,D,20190118,000000,21.97,22.25,21.97,22.125,2158,0
LOUP.US,D,20190122,000000,21.7,21.7,21.38,21.4423,1512,0
LOUP.US,D,20190123,000000,21.705,21.705,21.4899,21.5138,1796,0
LOUP.US,D,20190124,000000,22.1572,22.2508,22.1572,22.22,1949,0
LOUP.US,D,20190125,000000,22.621,22.8279,22.621,22.8279,4401,0
LOUP.US,D,20190128,000000,22.29,22.29,22.2675,22.275,1520,0
LOUP.US,D,20190129,000000,22.255,22.255,22.1341,22.1341,827,0
LOUP.US,D,20190130,000000,22.54,22.85,22.4789,22.7725,1898,0
LOUP.US,D,20190131,000000,22.97,23.23,22.97,23.0916,7220,0
LOUP.US,D,20190201,000000,23.23,23.259,23.1483,23.1483,1584,0
LOUP.US,D,20190204,000000,23.19,23.32,23.19,23.2802,661,0
LOUP.US,D,20190205,000000,23.33,23.3542,23.321,23.3415,2450,0
LOUP.US,D,20190206,000000,23.515,23.55,23.4305,23.4567,2402,0
LOUP.US,D,20190207,000000,22.982,23.0375,22.982,23.0375,437,0
LOUP.US,D,20190208,000000,22.82,22.96,22.78,22.953,894,0
LOUP.US,D,20190211,000000,22.96,23.1712,22.96,23.1712,2571,0
LOUP.US,D,20190212,000000,23.48,23.7152,23.48,23.7152,758,0
LOUP.US,D,20190213,000000,23.8801,23.94,23.8581,23.8581,424,0
LOUP.US,D,20190214,000000,23.8983,23.9338,23.8847,23.8847,1878,0
LOUP.US,D,20190215,000000,24.09,24.1,24.045,24.0928,6123,0
LOUP.US,D,20190219,000000,24.02,24.28,24.001,24.26,7869,0
LOUP.US,D,20190220,000000,24.29,24.29,24.256,24.2634,3589,0
LOUP.US,D,20190221,000000,24.21,24.21,24.0505,24.1023,1337,0
LOUP.US,D,20190222,000000,24.27,24.55,24.27,24.55,1636,0
LOUP.US,D,20190225,000000,24.94,25.0859,24.8857,24.8857,2697,0
LOUP.US,D,20190226,000000,24.81,24.81,24.729,24.7387,2328,0
LOUP.US,D,20190227,000000,24.47,24.62,24.47,24.6077,383,0
LOUP.US,D,20190228,000000,24.4379,24.4599,24.4123,24.4123,816,0
LOUP.US,D,20190301,000000,24.56,24.56,24.5086,24.5305,465,0
LOUP.US,D,20190304,000000,24.6615,24.6615,24.2701,24.4,1736,0
LOUP.US,D,20190305,000000,24.412,24.5038,24.3962,24.3962,544,0
LOUP.US,D,20190306,000000,24.3372,24.3372,24.1047,24.1047,1120,0
LOUP.US,D,20190307,000000,23.94,23.94,23.5766,23.5766,1430,0
LOUP.US,D,20190308,000000,23.4336,23.58,23.42,23.58,2645,0
LOUP.US,D,20190311,000000,24.04,24.04,24.04,24.04,740,0
LOUP.US,D,20190312,000000,24.08,24.19,24.08,24.1232,883,0
LOUP.US,D,20190313,000000,24.21,24.3663,24.21,24.2531,4034,0
LOUP.US,D,20190314,000000,24.26,24.26,24.05,24.05,3194,0
LOUP.US,D,20190315,000000,24.13,24.3305,24.13,24.1875,3112,0
LOUP.US,D,20190318,000000,24.26,24.26,24.0354,24.185,3578,0
LOUP.US,D,20190319,000000,24.3014,24.46,24.301,24.3304,2076,0
LOUP.US,D,20190320,000000,24,24.25,24,24.0955,600,0
LOUP.US,D,20190321,000000,24.5331,24.6742,24.5331,24.6742,252,0
LOUP.US,D,20190322,000000,24.64,24.64,23.9109,23.9109,3433,0
LOUP.US,D,20190325,000000,23.78,23.7867,23.7623,23.7623,997,0
LOUP.US,D,20190326,000000,23.93,23.93,23.8,23.8708,928,0
LOUP.US,D,20190327,000000,23.6223,23.7057,23.6223,23.67,500,0
LOUP.US,D,20190328,000000,23.8387,23.8387,23.7942,23.8035,1411,0
LOUP.US,D,20190329,000000,23.95,24.08,23.95,24.0613,2516,0
LOUP.US,D,20190401,000000,24.3645,24.564,24.3526,24.564,1237,0
LOUP.US,D,20190402,000000,24.61,24.6349,24.56,24.6349,532,0
LOUP.US,D,20190403,000000,25.03,25.308,25.03,25.2056,1624,0
LOUP.US,D,20190404,000000,25.13,25.2617,25.0854,25.2617,2768,0
LOUP.US,D,20190405,000000,25.43,25.48,25.39,25.48,2898,0
LOUP.US,D,20190408,000000,25.32,25.5352,25.32,25.5352,2034,0
LOUP.US,D,20190409,000000,25.6823,25.7219,25.6,25.6,1461,0
LOUP.US,D,20190410,000000,25.61,25.76,25.61,25.76,1670,0
LOUP.US,D,20190411,000000,25.6914,25.75,25.645,25.645,2138,0
LOUP.US,D,20190412,000000,25.8,25.879,25.8,25.8579,1300,0
LOUP.US,D,20190415,000000,25.92,25.92,25.705,25.7433,1664,0
LOUP.US,D,20190416,000000,25.9173,26.139,25.9173,26.0784,1247,0
LOUP.US,D,20190417,000000,26.44,26.445,26.0301,26.1053,2199,0
LOUP.US,D,20190418,000000,26.08,26.11,25.88,26.11,5252,0
LOUP.US,D,20190422,000000,25.95,26.0269,25.8904,26.0269,1546,0
LOUP.US,D,20190423,000000,25.89,26.18,25.89,26.1513,1690,0
LOUP.US,D,20190424,000000,25.95,25.96,25.87,25.9351,3877,0
LOUP.US,D,20190425,000000,25.75,25.75,25.34,25.43,5286,0
LOUP.US,D,20190426,000000,25.37,25.37,25.0657,25.317,1990,0
LOUP.US,D,20190429,000000,25.39,25.4699,25.29,25.46,3320,0
LOUP.US,D,20190430,000000,25.59,25.59,25.55,25.59,3045,0
LOUP.US,D,20190501,000000,25.84,25.84,25.51,25.51,4868,0
LOUP.US,D,20190502,000000,25.61,25.7219,25.5,25.6444,4380,0
LOUP.US,D,20190503,000000,25.82,25.9139,25.8,25.91,2879,0
LOUP.US,D,20190506,000000,25.3,25.55,25.24,25.55,3321,0
LOUP.US,D,20190507,000000,25.19,25.19,24.9294,24.9294,3513,0
LOUP.US,D,20190508,000000,24.9,24.99,24.8003,24.8003,1961,0
LOUP.US,D,20190509,000000,24.45,24.67,24.35,24.67,1112,0
LOUP.US,D,20190510,000000,24.6,24.7491,24.52,24.7491,1455,0
LOUP.US,D,20190513,000000,24.05,24.05,23.5235,23.6,4826,0
LOUP.US,D,20190514,000000,24.1795,24.1795,24.1697,24.1697,235,0
LOUP.US,D,20190515,000000,24.0201,24.518,24.0201,24.5,3001,0
LOUP.US,D,20190516,000000,24.27,24.3929,24.27,24.2893,1269,0
LOUP.US,D,20190517,000000,23.8962,23.8962,23.6081,23.6372,556,0
LOUP.US,D,20190520,000000,23.01,23.01,22.8335,22.8335,1453,0
LOUP.US,D,20190521,000000,23.145,23.2473,23.145,23.2022,1819,0
LOUP.US,D,20190522,000000,22.9,22.9,22.8716,22.8716,691,0
LOUP.US,D,20190523,000000,22.45,22.45,22.1106,22.1106,434,0
LOUP.US,D,20190524,000000,22.27,22.27,22.2671,22.2671,173,0
LOUP.US,D,20190528,000000,22.39,22.4689,22.281,22.281,501,0
LOUP.US,D,20190529,000000,22.0007,22.0865,21.92,22.0377,2388,0
LOUP.US,D,20190530,000000,22.19,22.225,22.17,22.225,475,0
LOUP.US,D,20190531,000000,22,22,21.851,21.8703,1487,0
LOUP.US,D,20190603,000000,21.84,22.0099,21.7736,21.7736,2231,0
LOUP.US,D,20190604,000000,22.09,22.4819,22.09,22.4819,195,0
LOUP.US,D,20190605,000000,22.49,22.491,22.4,22.4539,1460,0
LOUP.US,D,20190606,000000,22.468,22.5701,22.43,22.5701,1200,0
LOUP.US,D,20190607,000000,22.7301,22.9275,22.7301,22.9014,1545,0
LOUP.US,D,20190610,000000,23.17,23.4928,23.17,23.3128,2690,0
LOUP.US,D,20190611,000000,23.4076,23.4076,23.4076,23.4076,56,0
LOUP.US,D,20190612,000000,23.15,23.15,23.095,23.095,2408,0
LOUP.US,D,20190613,000000,23.1735,23.1735,23.13,23.13,3224,0
LOUP.US,D,20190614,000000,22.84,22.84,22.81,22.81,307,0
LOUP.US,D,20190617,000000,22.93,22.968,22.89,22.89,4104,0
LOUP.US,D,20190618,000000,22.98,23.38,22.98,23.29,669,0
LOUP.US,D,20190619,000000,23.4,23.5485,23.4,23.5485,956,0
LOUP.US,D,20190620,000000,23.9449,24.0232,23.8668,23.8668,1041,0
LOUP.US,D,20190621,000000,23.659,23.7459,23.64,23.7459,1505,0
LOUP.US,D,20190624,000000,23.66,23.6815,23.605,23.605,1460,0
LOUP.US,D,20190625,000000,23.275,23.275,23.2511,23.2543,577,0
LOUP.US,D,20190626,000000,23.45,23.5045,23.45,23.5045,1352,0
LOUP.US,D,20190627,000000,23.751,23.8425,23.751,23.8425,503,0
LOUP.US,D,20190628,000000,24.025,24.1008,24.02,24.1008,452,0
LOUP.US,D,20190701,000000,24.5,24.5,24.39,24.39,274,0
LOUP.US,D,20190702,000000,24.168,24.235,24.168,24.235,804,0
LOUP.US,D,20190703,000000,24.2,24.295,24.2,24.295,961,0
LOUP.US,D,20190705,000000,23.87,24.0651,23.87,24.0651,934,0
LOUP.US,D,20190708,000000,23.9,23.9,23.78,23.78,2465,0
LOUP.US,D,20190709,000000,23.57,23.72,23.57,23.72,2372,0
LOUP.US,D,20190710,000000,24.16,24.16,23.9299,23.935,1848,0
LOUP.US,D,20190711,000000,23.87,23.9908,23.87,23.905,804,0
LOUP.US,D,20190712,000000,23.87,23.92,23.79,23.91,5321,0
LOUP.US,D,20190715,000000,23.94,23.94,23.8824,23.8824,1327,0
LOUP.US,D,20190716,000000,23.93,23.93,23.881,23.9029,878,0
LOUP.US,D,20190717,000000,23.95,24.0072,23.95,23.958,201,0
LOUP.US,D,20190718,000000,23.9108,23.9108,23.88,23.9108,423,0
LOUP.US,D,20190719,000000,24.07,24.0801,23.9897,23.9897,982,0
LOUP.US,D,20190722,000000,24.14,24.2845,24.14,24.28,4670,0
LOUP.US,D,20190723,000000,24.56,24.78,24.56,24.78,1566,0
LOUP.US,D,20190724,000000,24.85,25.23,24.85,25.2194,588,0
LOUP.US,D,20190725,000000,24.86,24.96,24.7892,24.7892,1155,0
LOUP.US,D,20190726,000000,24.7846,24.8659,24.76,24.8516,3194,0
LOUP.US,D,20190729,000000,24.82,24.82,24.57,24.74,1905,0
LOUP.US,D,20190730,000000,24.615,24.83,24.615,24.83,4283,0
LOUP.US,D,20190731,000000,24.79,24.84,24.21,24.293,6383,0
LOUP.US,D,20190801,000000,24.29,24.47,23.77,23.8785,2064,0
LOUP.US,D,20190802,000000,23.37,23.5,23.24,23.4019,3534,0
LOUP.US,D,20190805,000000,22.4497,22.5454,22.4497,22.5454,409,0
LOUP.US,D,20190806,000000,22.83,22.83,22.6291,22.7925,420,0
LOUP.US,D,20190807,000000,22.4595,22.8082,22.4595,22.8082,1428,0
LOUP.US,D,20190808,000000,23,23.39,23,23.3859,3941,0
LOUP.US,D,20190809,000000,23.1,23.1,22.85,22.85,1285,0
LOUP.US,D,20190812,000000,22.58,22.58,22.2147,22.2147,2708,0
LOUP.US,D,20190813,000000,22.6761,22.72,22.6,22.6162,548,0
LOUP.US,D,20190814,000000,22.0596,22.0596,21.8081,21.8492,3612,0
LOUP.US,D,20190815,000000,21.9,21.9,21.66,21.8176,22220,0
LOUP.US,D,20190816,000000,22.05,22.3506,22.05,22.3506,21447,0
LOUP.US,D,20190819,000000,22.77,22.8443,22.73,22.752,3927,0
LOUP.US,D,20190820,000000,22.64,22.64,22.54,22.54,1739,0
LOUP.US,D,20190821,000000,22.76,22.7603,22.7251,22.7251,2019,0
LOUP.US,D,20190822,000000,22.71,22.71,22.51,22.6408,1476,0
LOUP.US,D,20190823,000000,22.41,22.43,21.81,21.81,1685,0
LOUP.US,D,20190826,000000,21.99,21.99,21.81,21.8728,3229,0
LOUP.US,D,20190827,000000,22.08,22.08,21.54,21.59,4844,0
LOUP.US,D,20190828,000000,21.32,21.6491,21.32,21.6115,3956,0
LOUP.US,D,20190829,000000,22.0564,22.0564,21.99,22.0274,867,0
LOUP.US,D,20190830,000000,22.17,22.3,22.17,22.3,8450,0
LOUP.US,D,20190903,000000,22.05,22.05,21.97,22.0268,1181,0
LOUP.US,D,20190904,000000,22.32,22.36,22.32,22.3425,1329,0
LOUP.US,D,20190905,000000,23.085,23.085,23.085,23.085,170,0
LOUP.US,D,20190906,000000,22.99,23.0751,22.99,23.0751,262,0
LOUP.US,D,20190909,000000,23.23,23.3307,23.22,23.3307,835,0
LOUP.US,D,20190910,000000,23.26,23.5,23.26,23.5,267,0
LOUP.US,D,20190911,000000,23.8915,23.9853,23.83,23.9853,805,0
LOUP.US,D,20190912,000000,23.93,24.1096,23.93,24.09,2694,0
LOUP.US,D,20190913,000000,24.3,24.358,24.21,24.21,2607,0
LOUP.US,D,20190916,000000,23.93,24.1423,23.93,24.08,1543,0
LOUP.US,D,20190917,000000,23.98,23.98,23.88,23.9333,692,0
LOUP.US,D,20190918,000000,23.99,23.99,23.73,23.81,358,0
LOUP.US,D,20190919,000000,23.8,23.897,23.6798,23.6798,1615,0
LOUP.US,D,20190920,000000,23.4946,23.4946,23.4946,23.4946,42,0
LOUP.US,D,20190923,000000,23.4175,23.4175,23.4175,23.4175,150,0
LOUP.US,D,20190924,000000,23.0948,23.0948,22.95,22.9547,1385,0
LOUP.US,D,20190925,000000,22.84,23.07,22.6251,23.07,310,0
LOUP.US,D,20190926,000000,23.15,23.15,23.02,23.0387,1197,0
LOUP.US,D,20190927,000000,22.81,22.81,22.5817,22.5817,450,0
LOUP.US,D,20190930,000000,22.7676,22.7676,22.7676,22.7676,1,0
LOUP.US,D,20191001,000000,22.539,22.539,22.539,22.539,1,0
LOUP.US,D,20191002,000000,22.08,22.0803,22.07,22.0763,875,0
LOUP.US,D,20191003,000000,22.11,22.287,22.105,22.287,461,0
LOUP.US,D,20191004,000000,22.47,22.635,22.47,22.635,3472,0
LOUP.US,D,20191007,000000,22.5,22.5845,22.4728,22.4728,614,0
LOUP.US,D,20191008,000000,22.18,22.18,21.96,22.0108,923,0
LOUP.US,D,20191009,000000,22.25,22.25,22.09,22.2,8103,0
LOUP.US,D,20191010,000000,22.21,22.4231,22.19,22.23,5433,0
LOUP.US,D,20191011,000000,22.7947,22.7947,22.7813,22.7813,515,0
LOUP.US,D,20191014,000000,22.56,22.6227,22.56,22.62,802,0
LOUP.US,D,20191015,000000,22.9728,23.13,22.9648,22.9648,21415,0
LOUP.US,D,20191016,000000,22.97,22.97,22.865,22.865,300,0
LOUP.US,D,20191017,000000,22.94,22.9942,22.9181,22.9942,611,0
LOUP.US,D,20191018,000000,22.96,22.96,22.9133,22.9164,562,0
LOUP.US,D,20191021,000000,23.128,23.15,23.128,23.15,652,0
LOUP.US,D,20191022,000000,23.08,23.08,22.945,22.945,3288,0
LOUP.US,D,20191023,000000,22.9,22.97,22.9,22.97,3026,0
LOUP.US,D,20191024,000000,23.35,23.3539,23.31,23.3539,5170,0
LOUP.US,D,20191025,000000,23.49,23.69,23.49,23.69,2871,0
LOUP.US,D,20191028,000000,23.74,23.9653,23.74,23.93,1601,0
LOUP.US,D,20191029,000000,23.75,23.75,23.7167,23.7167,127,0
LOUP.US,D,20191030,000000,23.63,23.69,23.56,23.69,813,0
LOUP.US,D,20191031,000000,23.65,23.66,23.46,23.66,4727,0
LOUP.US,D,20191101,000000,24.142,24.18,24.105,24.18,572,0
LOUP.US,D,20191104,000000,24.535,24.59,24.49,24.59,2106,0
LOUP.US,D,20191105,000000,24.59,24.6628,24.59,24.59,7223,0
LOUP.US,D,20191106,000000,24.53,24.53,24.3535,24.39,1655,0
LOUP.US,D,20191107,000000,24.66,24.826,24.66,24.6613,4646,0
LOUP.US,D,20191108,000000,24.7926,24.7926,24.7926,24.7926,50,0
LOUP.US,D,20191111,000000,24.67,24.779,24.6452,24.7172,3629,0
LOUP.US,D,20191112,000000,24.8401,24.8604,24.7701,24.7701,1430,0
LOUP.US,D,20191113,000000,24.64,24.7036,24.6,24.6,1580,0
LOUP.US,D,20191114,000000,24.6773,24.694,24.632,24.694,2965,0
LOUP.US,D,20191115,000000,24.895,24.895,24.895,24.895,57,0
LOUP.US,D,20191118,000000,24.8653,24.8653,24.8653,24.8653,119,0
LOUP.US,D,20191119,000000,24.7617,24.867,24.7617,24.867,1578,0
LOUP.US,D,20191120,000000,24.6,24.66,24.4449,24.4482,1479,0
LOUP.US,D,20191121,000000,24.37,24.37,24.3407,24.3407,240,0
LOUP.US,D,20191122,000000,24.33,24.3985,24.19,24.3784,7101,0
LOUP.US,D,20191125,000000,24.698,24.8174,24.698,24.8174,458,0
LOUP.US,D,20191126,000000,24.9259,24.9564,24.9259,24.9564,255,0
LOUP.US,D,20191127,000000,24.98,25.1763,24.98,25.165,4641,0
LOUP.US,D,20191129,000000,25.07,25.1,25.0368,25.05,5331,0
LOUP.US,D,20191202,000000,25.11,25.11,24.8946,24.9357,2066,0
LOUP.US,D,20191203,000000,24.4852,24.72,24.4526,24.72,555,0
LOUP.US,D,20191204,000000,24.85,25,24.82,24.82,1410,0
LOUP.US,D,20191205,000000,24.85,24.9053,24.84,24.87,1186,0
LOUP.US,D,20191206,000000,25.08,25.2213,25.04,25.04,4276,0
LOUP.US,D,20191209,000000,24.9558,24.9558,24.8857,24.8857,480,0
LOUP.US,D,20191210,000000,24.83,24.8866,24.8106,24.8106,400,0
LOUP.US,D,20191211,000000,24.8659,25.0709,24.86,25.0709,1100,0
LOUP.US,D,20191212,000000,25.15,25.8091,25.15,25.8091,5892,0
LOUP.US,D,20191213,000000,25.83,25.95,25.8293,25.8411,5797,0
LOUP.US,D,20191216,000000,26.351,26.3588,26.3,26.3,640,0
LOUP.US,D,20191217,000000,26.29,26.3,26.285,26.299,1177,0
LOUP.US,D,20191218,000000,26.23,26.3102,26.1987,26.29,1281,0
LOUP.US,D,20191219,000000,26.3,26.4653,26.25,26.4653,6916,0
LOUP.US,D,20191220,000000,26.55,26.73,26.55,26.69,5330,0
LOUP.US,D,20191223,000000,26.78,26.8,26.78,26.79,1213,0
LOUP.US,D,20191224,000000,26.82,26.8765,26.82,26.8765,313,0
LOUP.US,D,20191226,000000,27.0435,27.09,27.014,27.03,2570,0
LOUP.US,D,20191227,000000,27.1,27.1,26.9843,26.9843,1159,0
LOUP.US,D,20191230,000000,26.84,26.84,26.69,26.6926,1884,0
LOUP.US,D,20191231,000000,26.7449,26.81,26.7449,26.76,1000,0
LOUP.US,D,20200102,000000,27.03,27.442,27.03,27.442,1282,0
LOUP.US,D,20200103,000000,27.11,27.235,27.11,27.2,4608,0
LOUP.US,D,20200106,000000,27.05,27.21,27.04,27.2,2003,0
LOUP.US,D,20200107,000000,27.26,27.62,27.26,27.54,9795,0
LOUP.US,D,20200108,000000,27.65,27.8988,27.65,27.82,642,0
LOUP.US,D,20200109,000000,28.11,28.14,28.04,28.04,908,0
LOUP.US,D,20200110,000000,28.14,28.14,27.9489,27.955,4876,0
LOUP.US,D,20200113,000000,28.19,28.55,28.19,28.55,2734,0
LOUP.US,D,20200114,000000,28.54,28.8079,28.53,28.62,4340,0
LOUP.US,D,20200115,000000,28.56,28.629,28.34,28.34,1326,0
LOUP.US,D,20200116,000000,28.48,28.7,28.48,28.7,1279,0
LOUP.US,D,20200117,000000,28.7437,28.77,28.74,28.77,1505,0
LOUP.US,D,20200121,000000,28.68,28.8575,28.68,28.8049,5372,0
LOUP.US,D,20200122,000000,29.01,29.1947,29.01,29.0613,1675,0
LOUP.US,D,20200123,000000,29.0854,29.21,29.0854,29.21,661,0
LOUP.US,D,20200124,000000,29.27,29.27,28.73,28.83,6458,0
LOUP.US,D,20200127,000000,27.78,28.059,27.76,27.9801,7999,0
LOUP.US,D,20200128,000000,28.21,28.4405,28.21,28.4405,819,0
LOUP.US,D,20200129,000000,28.5913,28.5913,28.3442,28.3442,2828,0
LOUP.US,D,20200130,000000,28.12,28.3977,28.12,28.38,3672,0
LOUP.US,D,20200131,000000,28.12,28.12,27.7262,27.7663,1910,0
LOUP.US,D,20200203,000000,28.4077,28.63,28.4077,28.63,1727,0
LOUP.US,D,20200204,000000,29.6,30.085,29.6,29.94,1655,0
LOUP.US,D,20200205,000000,29.4809,29.5479,29.4809,29.52,949,0
LOUP.US,D,20200206,000000,29.55,29.9129,29.55,29.8123,2493,0
LOUP.US,D,20200207,000000,29.68,29.73,29.67,29.67,882,0
LOUP.US,D,20200210,000000,29.8612,30.037,29.8612,30.037,701,0
LOUP.US,D,20200211,000000,30.23,30.69,30.23,30.43,2597,0
LOUP.US,D,20200212,000000,30.68,30.85,30.68,30.7,2368,0
LOUP.US,D,20200213,000000,30.45,30.9,30.45,30.73,1670,0
LOUP.US,D,20200214,000000,30.7087,30.7087,30.535,30.535,924,0
LOUP.US,D,20200218,000000,30.27,30.36,30.2305,30.3003,16286,0
LOUP.US,D,20200219,000000,30.81,31.1,30.81,31.05,3530,0
LOUP.US,D,20200220,000000,30.94,30.94,30.32,30.8219,2943,0
LOUP.US,D,20200221,000000,30.23,30.23,30.099,30.2177,2245,0
LOUP.US,D,20200224,000000,28.81,28.96,28.575,28.72,8820,0
LOUP.US,D,20200225,000000,29.02,29.02,27.6487,27.78,3936,0
LOUP.US,D,20200226,000000,28.05,28.05,27.6805,27.6805,1227,0
LOUP.US,D,20200227,000000,26.85,27.0408,26,26.12,6402,0
LOUP.US,D,20200228,000000,24.95,26.1,24.95,25.998,7461,0
LOUP.US,D,20200302,000000,26.6862,27.2,26.04,27.2,2119,0
LOUP.US,D,20200303,000000,27.431,27.579,26.6209,26.6209,4626,0
LOUP.US,D,20200304,000000,26.9,27.5461,26.865,27.5461,1507,0
LOUP.US,D,20200305,000000,26.965,26.99,26.6424,26.6424,978,0
LOUP.US,D,20200306,000000,25.97,26.0802,25.632,26.0802,1336,0
LOUP.US,D,20200309,000000,24.82,25.613,23.441,23.56,11392,0
LOUP.US,D,20200310,000000,24.66,24.66,23.464,24.5177,12639,0
LOUP.US,D,20200311,000000,23.7323,23.7323,23.1,23.23,5827,0
LOUP.US,D,20200312,000000,21.96,21.96,20.68,20.8267,12485,0
LOUP.US,D,20200313,000000,22.092,22.092,20.51,21.9891,9703,0
LOUP.US,D,20200316,000000,19.8116,19.9719,19.46,19.4652,2496,0
LOUP.US,D,20200317,000000,19.58,19.9476,19.04,19.9476,3612,0
LOUP.US,D,20200318,000000,18.69,18.871,17.75,18.1509,3451,0
LOUP.US,D,20200319,000000,18.7,19.525,18.691,19.3428,4195,0
LOUP.US,D,20200320,000000,19.7,20.1534,19.279,19.279,2451,0
LOUP.US,D,20200323,000000,19.26,19.7583,18.88,19.57,5657,0
LOUP.US,D,20200324,000000,21.18,21.6,21.053,21.4955,13824,0
LOUP.US,D,20200325,000000,21.85,22.38,21.81,22.1228,3249,0
LOUP.US,D,20200326,000000,22.17,23.09,22.17,23,6688,0
LOUP.US,D,20200327,000000,22.06,22.19,21.84,22.1474,5246,0
LOUP.US,D,20200330,000000,22.15,22.487,22.15,22.487,3679,0
LOUP.US,D,20200331,000000,22.585,22.638,22.28,22.42,1441,0
LOUP.US,D,20200401,000000,21.3538,21.43,20.89,20.9973,3460,0
LOUP.US,D,20200402,000000,20.85,21.0709,20.82,21.0709,1114,0
LOUP.US,D,20200403,000000,20.435,20.5015,20.33,20.5015,4321,0
LOUP.US,D,20200406,000000,21.43,22.4058,21.43,22.4058,3351,0
LOUP.US,D,20200407,000000,23.23,23.51,22.7317,22.7317,3214,0
LOUP.US,D,20200408,000000,22.8688,23.4649,22.8046,23.372,2461,0
LOUP.US,D,20200409,000000,23.9874,24,23.77,23.8183,3854,0
LOUP.US,D,20200413,000000,23.3101,23.6746,23.29,23.6746,2749,0
LOUP.US,D,20200414,000000,24.61,24.6204,24.32,24.522,10010,0
LOUP.US,D,20200415,000000,23.99,24.03,23.6472,23.8732,2555,0
LOUP.US,D,20200416,000000,23.9182,23.9182,23.9182,23.9182,121,0
LOUP.US,D,20200417,000000,24.64,24.64,24.33,24.5899,3760,0
LOUP.US,D,20200420,000000,24.27,24.69,24.27,24.27,942,0
LOUP.US,D,20200421,000000,23.3,23.414,23.3,23.3734,598,0
LOUP.US,D,20200422,000000,24.198,24.5387,24.195,24.5387,2159,0
LOUP.US,D,20200423,000000,24.73,24.99,24.5177,24.5177,4617,0
LOUP.US,D,20200424,000000,24.72,24.9063,24.58,24.9063,12499,0
LOUP.US,D,20200427,000000,25.3,25.85,25.3,25.818,4276,0
LOUP.US,D,20200428,000000,25.8366,25.8366,25.8366,25.8366,211,0
LOUP.US,D,20200429,000000,26.5721,27.119,26.5508,27.0009,949,0
LOUP.US,D,20200430,000000,26.85,26.85,26.2858,26.2858,1446,0
LOUP.US,D,20200501,000000,25.4236,25.4477,24.997,25.137,2917,0
LOUP.US,D,20200504,000000,25.03,25.2871,25,25.2871,1746,0
LOUP.US,D,20200505,000000,25.9713,25.9713,25.66,25.66,1362,0
LOUP.US,D,20200506,000000,25.86,25.93,25.7052,25.71,1000,0
LOUP.US,D,20200507,000000,26.2919,26.2919,26.2919,26.2919,153,0
LOUP.US,D,20200508,000000,27.21,27.2398,27.15,27.2398,953,0
LOUP.US,D,20200511,000000,26.9899,27.36,26.9899,27.2116,1920,0
LOUP.US,D,20200512,000000,27.71,27.71,26.9891,26.9891,1687,0
LOUP.US,D,20200513,000000,27,27,26.21,26.3415,6491,0
LOUP.US,D,20200514,000000,25.92,26.2962,25.875,26.2962,891,0
LOUP.US,D,20200515,000000,26.34,26.34,26.3,26.3272,222,0
LOUP.US,D,20200518,000000,26.93,27.5,26.93,27.5,746,0
LOUP.US,D,20200519,000000,27.706,27.9264,27.6009,27.6009,6891,0
LOUP.US,D,20200520,000000,27.96,28.365,27.96,28.24,4764,0
LOUP.US,D,20200521,000000,28.16,28.32,27.87,27.87,7151,0
LOUP.US,D,20200522,000000,27.76,27.86,27.73,27.81,4746,0
LOUP.US,D,20200526,000000,28.59,28.7101,28.4067,28.4067,8260,0
LOUP.US,D,20200527,000000,28.575,28.575,27.81,28.57,7991,0
LOUP.US,D,20200528,000000,28.72,28.825,28.4224,28.4224,1594,0
LOUP.US,D,20200529,000000,28.75,28.75,28.75,28.75,291,0
LOUP.US,D,20200601,000000,28.96,29.4896,28.96,29.4896,3400,0
LOUP.US,D,20200602,000000,29.65,29.9432,29.65,29.9432,687,0
LOUP.US,D,20200603,000000,30.431,30.464,30.431,30.464,516,0
LOUP.US,D,20200604,000000,30.46,30.66,30.29,30.29,6294,0
LOUP.US,D,20200605,000000,30.85,31.34,30.85,31.18,3666,0
LOUP.US,D,20200608,000000,31.16,31.2659,31.15,31.2659,1881,0
LOUP.US,D,20200609,000000,30.96,31.34,30.96,31.15,1859,0
LOUP.US,D,20200610,000000,31.39,31.555,31.38,31.51,2941,0
LOUP.US,D,20200611,000000,30.47,30.47,29.2945,29.3546,2897,0
LOUP.US,D,20200612,000000,30.25,30.35,29.4615,29.8355,3072,0
LOUP.US,D,20200615,000000,29.05,30.235,29,30.21,3082,0
LOUP.US,D,20200616,000000,31.02,31.13,30.6288,30.63,5621,0
LOUP.US,D,20200617,000000,30.82,30.88,30.67,30.67,1747,0
LOUP.US,D,20200618,000000,30.49,30.54,30.45,30.494,6010,0
LOUP.US,D,20200619,000000,30.8849,30.89,30.407,30.407,1328,0
LOUP.US,D,20200622,000000,30.4347,30.7,30.4347,30.7,480,0
LOUP.US,D,20200623,000000,31.04,31.07,30.84,30.84,2630,0
LOUP.US,D,20200624,000000,30.88,30.88,30,30.1615,5838,0
LOUP.US,D,20200625,000000,30.07,30.47,30.07,30.47,693,0
LOUP.US,D,20200626,000000,30.13,30.1813,30.001,30.001,1922,0
LOUP.US,D,20200629,000000,30.365,30.365,30.23,30.34,604,0
LOUP.US,D,20200630,000000,30.8661,30.8661,30.8661,30.8661,52,0
LOUP.US,D,20200701,000000,30.79,30.79,30.68,30.68,1416,0
LOUP.US,D,20200702,000000,31.09,31.2523,31.06,31.06,2057,0
LOUP.US,D,20200706,000000,31.85,32.1511,31.85,32.1511,864,0
LOUP.US,D,20200707,000000,32.04,32.41,31.7767,31.7767,3754,0
LOUP.US,D,20200708,000000,31.85,31.96,31.655,31.8875,2094,0
LOUP.US,D,20200709,000000,31.6,32.0857,31.6,32.0857,656,0
LOUP.US,D,20200710,000000,32.4477,32.4477,32.4477,32.4477,5,0
LOUP.US,D,20200713,000000,32.73,33,31.6697,31.6697,5239,0
LOUP.US,D,20200714,000000,31.51,31.9278,31.16,31.9278,3185,0
LOUP.US,D,20200715,000000,32.29,32.41,32.16,32.41,1822,0
LOUP.US,D,20200716,000000,31.99,32.0263,31.915,32.0263,568,0
LOUP.US,D,20200717,000000,32.2227,32.2227,32.2227,32.2227,99,0
LOUP.US,D,20200720,000000,32.16,32.955,32.16,32.955,2187,0
LOUP.US,D,20200721,000000,33.1,33.15,32.7307,32.7307,1705,0
LOUP.US,D,20200722,000000,32.63,32.63,32.58,32.58,935,0
LOUP.US,D,20200723,000000,32.67,32.67,32,32.14,3114,0
LOUP.US,D,20200724,000000,31.63,32.02,31.63,31.74,2543,0
LOUP.US,D,20200727,000000,31.85,32.5469,31.85,32.5469,16708,0
LOUP.US,D,20200728,000000,32.3386,32.43,32.0816,32.0816,6888,0
LOUP.US,D,20200729,000000,32.22,32.84,32.22,32.65,1626,0
LOUP.US,D,20200730,000000,32.451,32.665,32.451,32.6305,1299,0
LOUP.US,D,20200731,000000,32.55,32.55,32.045,32.1559,831,0
LOUP.US,D,20200803,000000,32.36,32.8948,32.36,32.8948,2032,0
LOUP.US,D,20200804,000000,32.94,33.3401,32.94,33.3401,8306,0
LOUP.US,D,20200805,000000,33.5,33.5598,33.5,33.5598,565,0
LOUP.US,D,20200806,000000,33.65,33.65,33.6444,33.6444,210,0
LOUP.US,D,20200807,000000,33.37,33.475,33.2888,33.2888,2667,0
LOUP.US,D,20200810,000000,33.24,33.24,32.9652,32.9652,3685,0
LOUP.US,D,20200811,000000,33.2,33.2689,32.7446,32.7446,1513,0
LOUP.US,D,20200812,000000,33.17,33.6321,33.17,33.6176,1410,0
LOUP.US,D,20200813,000000,33.69,33.93,33.69,33.7186,1179,0
LOUP.US,D,20200814,000000,33.62,33.62,33.3683,33.3683,1899,0
LOUP.US,D,20200817,000000,33.58,34.006,33.58,34.006,985,0
LOUP.US,D,20200818,000000,33.62,33.755,33.62,33.7239,2097,0
LOUP.US,D,20200819,000000,33.64,33.735,33.5046,33.5046,1233,0
LOUP.US,D,20200820,000000,33.38,33.4624,33.3792,33.4624,2283,0
LOUP.US,D,20200821,000000,33.39,33.495,33.37,33.495,1538,0
LOUP.US,D,20200824,000000,33.88,33.91,33.53,33.65,3285,0
LOUP.US,D,20200825,000000,33.7049,33.928,33.7049,33.928,770,0
LOUP.US,D,20200826,000000,33.97,34.53,33.97,34.4504,2911,0
LOUP.US,D,20200827,000000,34.21,34.21,33.95,34.1693,1936,0
LOUP.US,D,20200828,000000,34.5,34.549,34.459,34.4948,1442,0
LOUP.US,D,20200831,000000,34.39,35.0124,34.39,35.0124,4201,0
LOUP.US,D,20200901,000000,35.04,35.3,34.815,35.2622,19380,0
LOUP.US,D,20200902,000000,35.74,35.75,35.11,35.5812,4841,0
LOUP.US,D,20200903,000000,34.81,34.81,33.46,33.4965,2997,0
LOUP.US,D,20200904,000000,33.905,33.905,32.25,33.4135,2013,0
LOUP.US,D,20200908,000000,32.36,32.66,31.97,31.97,2878,0
LOUP.US,D,20200909,000000,32.67,32.905,32.65,32.9013,2173,0
LOUP.US,D,20200910,000000,33.22,33.32,32.5599,32.5599,1479,0
LOUP.US,D,20200911,000000,32.69,32.8,32.6823,32.6823,1336,0
LOUP.US,D,20200914,000000,33.06,33.6429,33.06,33.6429,1270,0
LOUP.US,D,20200915,000000,33.99,34.3199,33.98,34.2959,737,0
LOUP.US,D,20200916,000000,34.47,34.67,34.2294,34.2294,2611,0
LOUP.US,D,20200917,000000,33.74,33.9103,33.6,33.9103,2138,0
LOUP.US,D,20200918,000000,34.36,34.36,33.7794,33.7794,1230,0
LOUP.US,D,20200921,000000,32.92,33.2707,32.82,33.2707,876,0
LOUP.US,D,20200922,000000,33.415,33.732,33.27,33.732,722,0
LOUP.US,D,20200923,000000,33.72,34.04,33.2036,33.2036,2460,0
LOUP.US,D,20200924,000000,33.19,33.2671,32.9695,32.9695,2601,0
LOUP.US,D,20200925,000000,32.87,33.323,32.87,33.323,786,0
LOUP.US,D,20200928,000000,33.99,34.14,33.99,34.1203,1596,0
LOUP.US,D,20200929,000000,34.38,34.54,34.35,34.4409,2724,0
LOUP.US,D,20200930,000000,34.52,34.7798,34.52,34.7798,563,0
LOUP.US,D,20201001,000000,35.1456,35.545,35.1456,35.5204,6654,0
LOUP.US,D,20201002,000000,34.9544,35.2,34.9,35.0751,4344,0
LOUP.US,D,20201005,000000,35.31,35.7926,35.31,35.7926,2503,0
LOUP.US,D,20201006,000000,36.239,36.38,35.7092,35.7092,1165,0
LOUP.US,D,20201007,000000,36.459,36.552,36.43,36.4904,2683,0
LOUP.US,D,20201008,000000,36.7,36.97,36.7,36.8118,2129,0
LOUP.US,D,20201009,000000,37.2,37.2228,37.2,37.2228,572,0
LOUP.US,D,20201012,000000,37.37,37.47,37.3392,37.3681,5796,0
LOUP.US,D,20201013,000000,37.25,37.507,37.25,37.3979,3151,0
LOUP.US,D,20201014,000000,37.47,37.565,37.332,37.3569,3060,0
LOUP.US,D,20201015,000000,36.75,37.4933,36.75,37.4933,2135,0
LOUP.US,D,20201016,000000,37.61,37.78,37.5625,37.5625,715,0
LOUP.US,D,20201019,000000,37.73,38.045,37.51,37.61,6158,0
LOUP.US,D,20201020,000000,38.0076,38.1109,37.7598,37.7598,4511,0
LOUP.US,D,20201021,000000,38.25,38.69,38.2023,38.2037,2991,0
LOUP.US,D,20201022,000000,38.19,38.6133,38.19,38.58,1413,0
LOUP.US,D,20201023,000000,38.6917,38.97,38.55,38.9481,5995,0
LOUP.US,D,20201026,000000,38.53,38.53,37.715,37.9078,5959,0
LOUP.US,D,20201027,000000,38.07,38.07,37.925,37.9762,1571,0
LOUP.US,D,20201028,000000,37.09,37.09,36.7912,36.7912,4107,0
LOUP.US,D,20201029,000000,37.71,38.2086,37.71,38.1946,3171,0
LOUP.US,D,20201030,000000,37.84,37.84,37.1571,37.42,3915,0
LOUP.US,D,20201102,000000,37.76,37.78,37.2837,37.63,2777,0
LOUP.US,D,20201103,000000,38.08,38.7753,38.08,38.7753,6499,0
LOUP.US,D,20201104,000000,38.94,39.48,38.86,39.2975,8029,0
LOUP.US,D,20201105,000000,39.95,40.789,39.95,40.7002,10490,0
LOUP.US,D,20201106,000000,40.7982,41.28,40.7982,41.21,2369,0
LOUP.US,D,20201109,000000,42.7,42.7,41.4391,41.4391,16188,0
LOUP.US,D,20201110,000000,41.1,41.1339,40.71,40.7852,11987,0
LOUP.US,D,20201111,000000,41.13,41.39,41.02,41.3617,8519,0
LOUP.US,D,20201112,000000,41.37,41.38,40.86,40.8677,3623,0
LOUP.US,D,20201113,000000,41.25,41.8867,41.25,41.8325,6300,0
LOUP.US,D,20201116,000000,42.2,42.6,42.17,42.6,23471,0
LOUP.US,D,20201117,000000,42.39,42.82,42.11,42.6682,4629,0
LOUP.US,D,20201118,000000,42.78,43.395,42.78,42.8778,11129,0
LOUP.US,D,20201119,000000,42.82,43.54,42.82,43.4883,8612,0
LOUP.US,D,20201120,000000,43.555,44.17,43.555,44.0047,9839,0
LOUP.US,D,20201123,000000,44.37,44.7319,44.075,44.51,14646,0
LOUP.US,D,20201124,000000,45.1,45.4126,44.7292,45.4126,13094,0
LOUP.US,D,20201125,000000,45.31,45.4,44.95,45.3,10682,0
LOUP.US,D,20201127,000000,45.6,46.13,45.6,46.13,2990,0
LOUP.US,D,20201130,000000,45.99,45.99,45.1851,45.7183,13531,0
LOUP.US,D,20201201,000000,46.55,47.08,46.55,46.6088,20263,0
LOUP.US,D,20201202,000000,46.54,47.19,46.31,47.124,21963,0
LOUP.US,D,20201203,000000,47.24,47.66,47.11,47.2187,13575,0
LOUP.US,D,20201204,000000,47.51,48.445,47.51,48.417,27997,0
LOUP.US,D,20201207,000000,48.27,48.46,48.23,48.331,21935,0
LOUP.US,D,20201208,000000,48.08,48.44,48.0389,48.3486,22695,0
LOUP.US,D,20201209,000000,48.56,49.13,47.5883,47.8752,34636,0
LOUP.US,D,20201210,000000,47.57,48.2557,47.14,48.2557,20653,0
LOUP.US,D,20201211,000000,48.06,48.36,47.59,48.077,41111,0
LOUP.US,D,20201214,000000,48.72,48.87,48.13,48.31,40197,0
LOUP.US,D,20201215,000000,48.84,49.37,48.8,49.37,26162,0
LOUP.US,D,20201216,000000,49.81,49.9999,49.01,49.27,53590,0
LOUP.US,D,20201217,000000,49.32,49.4994,49.23,49.39,30902,0
LOUP.US,D,20201218,000000,49.47,49.74,49.105,49.3214,40156,0
LOUP.US,D,20201221,000000,48.21,49.095,48.1817,49.02,78531,0
LOUP.US,D,20201222,000000,49.06,49.325,48.9517,49.1176,11841,0
LOUP.US,D,20201223,000000,49.47,49.8,49.437,49.6,20361,0
LOUP.US,D,20201224,000000,49.53,49.6,49.135,49.3331,26546,0
LOUP.US,D,20201228,000000,49.68,49.9,49.4066,49.4066,15755,0
LOUP.US,D,20201229,000000,49.87,49.87,48.93,49.0843,21622,0
LOUP.US,D,20201230,000000,49.32,50.36,49.32,50.201,12166,0
LOUP.US,D,20201231,000000,50.29,50.29,49.73,49.84,9965,0
LOUP.US,D,20210104,000000,50.45,50.8,49.33,49.8,21825,0
LOUP.US,D,20210105,000000,50,51.09,50,51.01,16416,0
LOUP.US,D,20210106,000000,50.72,51.9,50.72,51.25,15549,0
LOUP.US,D,20210107,000000,51.63,52.63,51.63,52.63,162397,0
LOUP.US,D,20210108,000000,53.71,53.71,53,53.57,38977,0
LOUP.US,D,20210111,000000,52.98,53.5999,52.85,53.44,27822,0
LOUP.US,D,20210112,000000,53.54,54.73,53.54,54.42,20468,0
LOUP.US,D,20210113,000000,54.72,54.72,54.2304,54.32,27913,0
LOUP.US,D,20210114,000000,54.33,55.86,54.33,55.4818,47308,0
LOUP.US,D,20210115,000000,55.69,55.69,54.5,54.5,29101,0
LOUP.US,D,20210119,000000,55.31,56.01,55.31,55.97,64156,0
LOUP.US,D,20210120,000000,56.63,56.995,56.3452,56.92,43736,0
LOUP.US,D,20210121,000000,57.08,57.3793,56.8,57.1906,29077,0
LOUP.US,D,20210122,000000,56.85,57.5,56.85,57.39,26569,0
LOUP.US,D,20210125,000000,58.86,59.02,57.167,58.01,35709,0
LOUP.US,D,20210126,000000,58.41,58.43,57.47,57.87,40853,0
LOUP.US,D,20210127,000000,56.99,58.11,56.46,56.92,49529,0
LOUP.US,D,20210128,000000,55.98,56.96,55.25,55.6416,49997,0
LOUP.US,D,20210129,000000,55.58,55.8,54.16,54.6652,85047,0
LOUP.US,D,20210201,000000,55.54,56.3,55.0301,56.25,27602,0
LOUP.US,D,20210202,000000,56.92,56.925,55.97,56.52,28310,0
LOUP.US,D,20210203,000000,56.86,57,56.445,56.81,34675,0
LOUP.US,D,20210204,000000,57.3,57.56,56.9897,57.56,30870,0
LOUP.US,D,20210205,000000,57.88,58.88,57.544,58.88,46329,0
LOUP.US,D,20210208,000000,59.7,60.3,59.64,60.2,55942,0
LOUP.US,D,20210209,000000,60.11,61.42,60.1,60.8305,70579,0
LOUP.US,D,20210210,000000,61.81,61.83,60.37,61.31,48523,0
LOUP.US,D,20210211,000000,61.85,62.97,61.5999,62.84,60144,0
LOUP.US,D,20210212,000000,62.19,63.72,61.92,63.21,47137,0
LOUP.US,D,20210216,000000,64.33,64.33,62.8106,63.17,49457,0
LOUP.US,D,20210217,000000,62.24,62.39,60.54,61.31,64290,0
LOUP.US,D,20210218,000000,60.03,60.33,59.09,60.15,44365,0
LOUP.US,D,20210219,000000,61,62.04,61,61.92,56589,0
LOUP.US,D,20210222,000000,60.79,61.9,60.25,60.5,75118,0
LOUP.US,D,20210223,000000,58.86,59.74,56.01,59.59,142573,0
LOUP.US,D,20210224,000000,59.19,60.38,58.8062,60.34,38507,0
LOUP.US,D,20210225,000000,60.65,60.82,57.92,58.18,30607,0
LOUP.US,D,20210226,000000,58.51,59.08,57.06,58.28,26590,0
LOUP.US,D,20210301,000000,59.12,59.82,58.9,59.7867,52516,0
LOUP.US,D,20210302,000000,60.1,60.13,58.98,59.05,55718,0
LOUP.US,D,20210303,000000,59.27,59.48,57.06,57.26,43335,0
LOUP.US,D,20210304,000000,56.82,57.0711,53.72,54.67,101604,0
LOUP.US,D,20210305,000000,55.19,55.195,51.461,54.74,59830,0
LOUP.US,D,20210308,000000,54.19,54.6699,52.68,52.68,114946,0
LOUP.US,D,20210309,000000,54.33,55.445,54.25,55.32,30266,0
LOUP.US,D,20210310,000000,56.28,56.3877,54.9571,55.14,24651,0
LOUP.US,D,20210311,000000,56.36,57.38,56.3401,57.38,33531,0
LOUP.US,D,20210312,000000,56.59,57.48,56.1601,57.46,48264,0
LOUP.US,D,20210315,000000,57.52,57.95,57.2617,57.93,33647,0
LOUP.US,D,20210316,000000,58.42,58.545,57.3,57.63,54003,0
LOUP.US,D,20210317,000000,56.73,58.04,56.4,57.9,30563,0
LOUP.US,D,20210318,000000,56.99,57.3121,55.7,55.85,32997,0
LOUP.US,D,20210319,000000,55.92,56.61,55.14,56.43,19284,0
LOUP.US,D,20210322,000000,56.59,56.9628,56.1901,56.575,23429,0
LOUP.US,D,20210323,000000,56.19,56.19,54.3651,54.53,16231,0
LOUP.US,D,20210324,000000,54.85,54.85,52.61,52.65,32387,0
LOUP.US,D,20210325,000000,51.89,53.1,51.62,52.8,12431,0
LOUP.US,D,20210326,000000,52.9,53.69,52.1015,53.62,14558,0
LOUP.US,D,20210329,000000,53.62,53.62,52.29,52.438,11990,0
LOUP.US,D,20210330,000000,52.1,53.3,52.1,53.27,7773,0
LOUP.US,D,20210331,000000,53.52,54.41,53.52,54.08,12813,0
LOUP.US,D,20210401,000000,55.12,55.41,54.91,55.27,22991,0
LOUP.US,D,20210405,000000,56.39,56.39,55.71,56.01,31535,0
LOUP.US,D,20210406,000000,55.95,56.4,55.9101,56,26245,0
LOUP.US,D,20210407,000000,55.96,56.23,55.6789,55.76,18331,0
LOUP.US,D,20210408,000000,56.32,56.47,55.93,56.4253,12048,0
LOUP.US,D,20210409,000000,56.1,56.23,55.87,56.23,12580,0
LOUP.US,D,20210412,000000,56.2,56.2,55.35,55.42,22853,0
LOUP.US,D,20210413,000000,55.97,56.08,55.44,55.87,14001,0
LOUP.US,D,20210414,000000,56.08,56.59,55.72,55.73,12924,0
LOUP.US,D,20210415,000000,56.48,56.5,55.67,55.89,20409,0
LOUP.US,D,20210416,000000,55.82,55.82,55.25,55.65,18121,0
LOUP.US,D,20210419,000000,55.23,55.295,53.9391,54.39,12045,0
LOUP.US,D,20210420,000000,53.98,53.98,52.63,53.25,30175,0
LOUP.US,D,20210421,000000,52.91,54.08,52.71,54.06,12631,0
LOUP.US,D,20210422,000000,54.14,54.7999,53.75,53.96,18096,0
LOUP.US,D,20210423,000000,54.11,55.22,54.1,55.07,22736,0
LOUP.US,D,20210426,000000,55.34,55.8589,55.1,55.8,16520,0
LOUP.US,D,20210427,000000,55.87,55.915,55.4,55.57,38018,0
LOUP.US,D,20210428,000000,55.45,55.5398,55.1715,55.45,17273,0
LOUP.US,D,20210429,000000,55.93,55.93,54.205,54.55,24630,0
LOUP.US,D,20210430,000000,54.06,54.335,53.5,53.67,15597,0
LOUP.US,D,20210503,000000,54.01,54.01,52.855,52.9091,19971,0
LOUP.US,D,20210504,000000,52.59,52.59,51.01,51.8,26061,0
LOUP.US,D,20210505,000000,52.41,52.41,51.43,51.4745,7671,0
LOUP.US,D,20210506,000000,51.29,51.29,50.06,50.7933,35942,0
LOUP.US,D,20210507,000000,51.37,52.05,51.2316,51.51,19029,0
LOUP.US,D,20210510,000000,51.4,51.4,50.01,50.0269,26024,0
LOUP.US,D,20210511,000000,48.36,50.25,48.36,50.25,37757,0
LOUP.US,D,20210512,000000,49.17,49.33,47.86,47.92,30166,0
LOUP.US,D,20210513,000000,48.22,48.5158,47,47.5877,20038,0
LOUP.US,D,20210514,000000,48.27,49.48,48.155,49.48,11845,0
LOUP.US,D,20210517,000000,49.08,49.08,48.385,48.9557,11711,0
LOUP.US,D,20210518,000000,49.51,49.7071,49.11,49.11,32269,0
LOUP.US,D,20210519,000000,47.86,49.15,47.86,49.15,11527,0
LOUP.US,D,20210520,000000,49.6,50.38,49.6,50.34,6835,0
LOUP.US,D,20210521,000000,50.53,50.54,49.92,49.97,4261,0
LOUP.US,D,20210524,000000,50.37,50.78,50.2563,50.6322,6709,0
LOUP.US,D,20210525,000000,50.98,51,50.4807,50.69,9242,0
LOUP.US,D,20210526,000000,50.83,51.69,50.83,51.54,8835,0
LOUP.US,D,20210527,000000,51.62,52.43,51.62,52.43,5067,0
LOUP.US,D,20210528,000000,52.58,53.0128,52.58,52.61,4387,0
LOUP.US,D,20210601,000000,53.25,53.62,52.63,53.11,11256,0
LOUP.US,D,20210602,000000,53.25,53.3199,52.685,53.3188,8589,0
LOUP.US,D,20210603,000000,52.89,53.08,52.72,52.72,6720,0
LOUP.US,D,20210604,000000,53.11,53.39,53.09,53.21,7874,0
LOUP.US,D,20210607,000000,53.22,53.34,52.949,53.32,157174,0
LOUP.US,D,20210608,000000,53.52,53.619,52.8,53.61,11883,0
LOUP.US,D,20210609,000000,54.01,54.01,53.2637,53.3,21657,0
LOUP.US,D,20210610,000000,53.33,53.729,53.255,53.48,3038,0
LOUP.US,D,20210611,000000,53.69,54.15,53.69,54.15,5796,0
LOUP.US,D,20210614,000000,54.15,55.039,54.15,54.91,8389,0
LOUP.US,D,20210615,000000,54.77,54.77,53.92,54.09,10571,0
LOUP.US,D,20210616,000000,54.04,54.04,52.86,53.3,99478,0
LOUP.US,D,20210617,000000,53.14,53.94,53.14,53.65,14317,0
LOUP.US,D,20210618,000000,53.3,53.4677,52.52,52.92,16176,0
LOUP.US,D,20210621,000000,52.77,52.86,52.25,52.76,8875,0
LOUP.US,D,20210622,000000,52.72,52.79,52.1149,52.79,18310,0
LOUP.US,D,20210623,000000,52.79,53.78,52.78,53.6132,15303,0
LOUP.US,D,20210624,000000,54.16,55.0358,54.16,54.837,12721,0
LOUP.US,D,20210625,000000,55.05,55.35,54.621,54.6501,6429,0
LOUP.US,D,20210628,000000,54.99,55.38,54.99,55.37,13218,0
LOUP.US,D,20210629,000000,55.26,56.1885,55.26,56.12,20901,0
LOUP.US,D,20210630,000000,55.91,55.91,55.395,55.45,7524,0
LOUP.US,D,20210701,000000,55.54,55.54,54.6989,55.1,7851,0
LOUP.US,D,20210702,000000,55.35,55.35,54.67,54.7191,9850,0
LOUP.US,D,20210706,000000,54.71,54.71,53.871,54.4399,8302,0
LOUP.US,D,20210707,000000,54.61,54.61,53.1173,53.2428,9484,0
LOUP.US,D,20210708,000000,51.96,52.5,51.38,52.47,15306,0
LOUP.US,D,20210709,000000,52.67,53.39,52.49,53.32,4031,0
LOUP.US,D,20210712,000000,53.38,53.38,52.73,53.0836,12821,0
LOUP.US,D,20210713,000000,53.09,53.5,52.5758,52.5758,7050,0
LOUP.US,D,20210714,000000,53.01,53.01,51.65,51.78,14499,0
LOUP.US,D,20210715,000000,51.72,51.84,50.46,50.939,16753,0
LOUP.US,D,20210716,000000,50.95,50.95,50.1501,50.3,10957,0
LOUP.US,D,20210719,000000,49.31,49.63,48.78,49.4124,37309,0
LOUP.US,D,20210720,000000,49.59,50.61,49.34,50.33,5214,0
LOUP.US,D,20210721,000000,50.46,51.45,50.46,51.39,4435,0
LOUP.US,D,20210722,000000,51.4,51.4,50.7683,50.96,3532,0
LOUP.US,D,20210723,000000,51.11,51.26,50.69,51.26,12481,0
LOUP.US,D,20210726,000000,51.11,51.65,51.05,51.1052,13969,0
LOUP.US,D,20210727,000000,50.78,50.78,49.14,49.89,16281,0
LOUP.US,D,20210728,000000,49.92,51.18,49.92,51.04,32557,0
LOUP.US,D,20210729,000000,51.43,51.855,51.4263,51.503,8220,0
LOUP.US,D,20210730,000000,50.91,51.55,50.91,51.2076,8076,0
LOUP.US,D,20210802,000000,51.73,52.1688,51.73,51.7705,27267,0
LOUP.US,D,20210803,000000,51.43,51.5645,50.9401,51.5645,9360,0
LOUP.US,D,20210804,000000,51.74,52.199,51.74,52.146,8264,0
LOUP.US,D,20210805,000000,52.12,52.39,51.99,52.21,5323,0
LOUP.US,D,20210806,000000,51.94,52.17,51.73,52.0072,6461,0
LOUP.US,D,20210809,000000,51.98,52.24,51.98,52.0721,3561,0
LOUP.US,D,20210810,000000,52.14,52.21,51.3963,51.4198,8190,0
LOUP.US,D,20210811,000000,51.81,51.89,51.6201,51.855,3624,0
LOUP.US,D,20210812,000000,51.52,51.52,51.101,51.4562,7362,0
LOUP.US,D,20210813,000000,51.49,51.64,51.295,51.41,12870,0
LOUP.US,D,20210816,000000,51.13,51.13,50.31,50.533,9993,0
LOUP.US,D,20210817,000000,49.97,50.12,49.46,49.6084,22260,0
LOUP.US,D,20210818,000000,49.8,50.38,49.65,49.9169,22179,0
LOUP.US,D,20210819,000000,49.37,49.811,49.19,49.5274,10959,0
LOUP.US,D,20210820,000000,49.59,50.06,49.59,49.95,3638,0
LOUP.US,D,20210823,000000,50.58,51.14,50.56,51.1006,20703,0
LOUP.US,D,20210824,000000,51.39,51.86,51.39,51.8275,9279,0
LOUP.US,D,20210825,000000,51.69,52.09,51.64,51.9885,8909,0
LOUP.US,D,20210826,000000,51.8,51.8,51.15,51.195,4351,0
LOUP.US,D,20210827,000000,51.09,52.03,51.09,51.83,5435,0
LOUP.US,D,20210830,000000,52.49,52.7,52.29,52.7,16467,0
LOUP.US,D,20210831,000000,52.81,52.8699,52.51,52.72,12417,0
LOUP.US,D,20210901,000000,53.1,53.97,53.1,53.7,18906,0
LOUP.US,D,20210902,000000,53.89,54.285,53.89,54,12445,0
LOUP.US,D,20210903,000000,53.85,54.349,53.85,54.12,4235,0
LOUP.US,D,20210907,000000,54.23,54.32,53.8172,54.02,4751,0
LOUP.US,D,20210908,000000,53.83,53.83,53.025,53.23,5843,0
LOUP.US,D,20210909,000000,52.96,53.48,52.96,53.12,9706,0
LOUP.US,D,20210910,000000,53.83,54.285,53.68,53.7538,11435,0
LOUP.US,D,20210913,000000,53.77,53.77,52.71,53.1889,5578,0
LOUP.US,D,20210914,000000,53.29,53.34,52.54,52.6767,5783,0
LOUP.US,D,20210915,000000,52.63,53.0461,52.63,53.0461,2048,0
LOUP.US,D,20210916,000000,52.53,53.24,52.53,53.0782,5196,0
LOUP.US,D,20210917,000000,53,53.14,52.67,53.03,9420,0
LOUP.US,D,20210920,000000,52,52,50.63,51.3529,9661,0
LOUP.US,D,20210921,000000,51.71,52.01,51.45,51.78,5566,0
LOUP.US,D,20210922,000000,51.98,52.9523,51.98,52.8862,3383,0
LOUP.US,D,20210923,000000,53.08,53.7183,53.08,53.7183,4105,0
LOUP.US,D,20210924,000000,53.24,53.46,53.22,53.4034,1782,0
LOUP.US,D,20210927,000000,53.21,53.36,52.98,53.14,4448,0
LOUP.US,D,20210928,000000,52.52,52.52,51.31,51.5077,10390,0
LOUP.US,D,20210929,000000,51.6,51.74,50.7858,50.7858,4667,0
LOUP.US,D,20210930,000000,51.21,51.5,51.0312,51.2,6851,0
LOUP.US,D,20211001,000000,51.1,51.43,50.78,51.2601,10918,0
LOUP.US,D,20211004,000000,50.91,50.91,49.6984,49.6984,13988,0
LOUP.US,D,20211005,000000,49.8,50.71,49.8,50.37,4976,0
LOUP.US,D,20211006,000000,49.76,50.7688,49.76,50.6604,8656,0
LOUP.US,D,20211007,000000,51.1,52.2,51.1,51.76,3906,0
LOUP.US,D,20211008,000000,51.86,52.11,51.73,51.7885,2882,0
LOUP.US,D,20211011,000000,51.61,52.18,51.3239,51.3239,14333,0
LOUP.US,D,20211012,000000,51.3,51.45,51.2933,51.2933,2354,0
LOUP.US,D,20211013,000000,51.59,51.799,51.5,51.7323,13729,0
LOUP.US,D,20211014,000000,52.34,52.84,52.34,52.8092,8071,0
LOUP.US,D,20211015,000000,53.28,53.7399,53.26,53.3804,2342,0
LOUP.US,D,20211018,000000,53.16,54.123,53.16,54.123,4946,0
LOUP.US,D,20211019,000000,54.37,54.86,54.27,54.774,6300,0
LOUP.US,D,20211020,000000,54.8,54.99,54.67,54.8492,7672,0
LOUP.US,D,20211021,000000,54.75,55.3,54.75,55.1908,6055,0
LOUP.US,D,20211022,000000,55.02,55.02,54.4,54.5246,4706,0
LOUP.US,D,20211025,000000,54.58,55.209,54.58,55.0629,18954,0
LOUP.US,D,20211026,000000,55.48,55.59,55.06,55.1193,5514,0
LOUP.US,D,20211027,000000,55.15,55.15,54.215,54.24,3419,0
LOUP.US,D,20211028,000000,54.99,56.1292,54.99,56.1292,6414,0
LOUP.US,D,20211029,000000,55.57,56.145,55.57,56.1079,6486,0
LOUP.US,D,20211101,000000,56.27,56.98,56.27,56.9158,10150,0
LOUP.US,D,20211102,000000,56.82,57.1905,56.52,57.1905,13499,0
LOUP.US,D,20211103,000000,57.06,57.715,56.906,57.715,8606,0
LOUP.US,D,20211104,000000,57.85,58.39,57.85,58.3166,8508,0
LOUP.US,D,20211105,000000,58.5,58.62,57.99,58.162,8324,0
LOUP.US,D,20211108,000000,58.28,59.049,58.28,58.86,10444,0
LOUP.US,D,20211109,000000,59.17,59.225,58.51,58.7055,4783,0
LOUP.US,D,20211110,000000,57.86,58.2,56.47,56.6009,9412,0
LOUP.US,D,20211111,000000,57.56,58.1081,57.56,57.9319,5198,0
LOUP.US,D,20211112,000000,57.97,58.4776,57.82,58.4776,5540,0
LOUP.US,D,20211115,000000,58.72,58.72,58.34,58.364,6550,0
LOUP.US,D,20211116,000000,58.16,58.6,58.07,58.495,6510,0
LOUP.US,D,20211117,000000,58.39,58.39,57.76,57.8991,11294,0
LOUP.US,D,20211118,000000,58.09,58.09,56.97,57.2431,10661,0
LOUP.US,D,20211119,000000,57.31,57.491,57.1262,57.1262,3032,0
LOUP.US,D,20211122,000000,57.42,57.555,56.16,56.3268,8146,0
LOUP.US,D,20211123,000000,56.16,56.16,55.02,55.8796,12945,0
LOUP.US,D,20211124,000000,55.34,56.1852,55.07,56.1852,5088,0
LOUP.US,D,20211126,000000,55.4,55.4,54.59,54.9893,6552,0
LOUP.US,D,20211129,000000,55.73,55.84,54.99,55.5061,6795,0
LOUP.US,D,20211130,000000,55.35,55.43,54,54.5091,7506,0
LOUP.US,D,20211201,000000,55.46,55.8615,53.5027,53.5027,7687,0
LOUP.US,D,20211202,000000,53.806,53.806,52.94,53.55,7768,0
LOUP.US,D,20211203,000000,53.64,53.64,51.69,52.1268,6829,0
LOUP.US,D,20211206,000000,52.14,53.09,51.5,52.86,12227,0
LOUP.US,D,20211207,000000,53.96,54.72,53.96,54.31,12822,0
LOUP.US,D,20211208,000000,53.6,54.641,53.6,54.4967,8172,0
LOUP.US,D,20211209,000000,54.51,54.51,53.34,53.38,3345,0
LOUP.US,D,20211210,000000,53.83,54.025,52.99,53.2808,9257,0
LOUP.US,D,20211213,000000,53.32,53.32,52.15,52.4079,6892,0
LOUP.US,D,20211214,000000,51.81,52.24,51.49,52.0071,11520,0
LOUP.US,D,20211215,000000,51.95,53.2188,51.545,53.1897,8803,0
LOUP.US,D,20211216,000000,53.6,53.6,51.265,51.6798,11259,0
LOUP.US,D,20211217,000000,51.31,52.43,50.93,52.27,13329,0
LOUP.US,D,20211220,000000,51.37,51.585,51.01,51.441,9743,0
LOUP.US,D,20211221,000000,52.13,53.1,52.13,53.1,10207,0
LOUP.US,D,20211222,000000,52.96,53.41,52.9208,53.3551,3433,0
LOUP.US,D,20211223,000000,53.15,53.9793,53.15,53.9793,4015,0
LOUP.US,D,20211227,000000,54.18,54.6157,54.18,54.6157,11405,0
LOUP.US,D,20211228,000000,54.65,54.65,53.825,53.97,36266,0
LOUP.US,D,20211229,000000,53.65,53.899,53.59,53.79,29645,0
LOUP.US,D,20211230,000000,53.62,54.64,53.62,54.0313,7679,0
LOUP.US,D,20211231,000000,54.215,54.37,53.6,53.6,11236,0
LOUP.US,D,20220103,000000,53.93,54,53.41,53.883,5187,0
LOUP.US,D,20220104,000000,53.96,53.96,52.7,53.4682,6459,0
LOUP.US,D,20220105,000000,53.1,53.1,51.23,51.23,9820,0
LOUP.US,D,20220106,000000,51.21,51.69,50.455,51.234,12503,0
LOUP.US,D,20220107,000000,51.38,51.38,50.62,50.8964,6287,0
LOUP.US,D,20220110,000000,50.27,50.27,48.92,50.2443,15719,0
LOUP.US,D,20220111,000000,50.37,51.68,50.32,51.56,29981,0
LOUP.US,D,20220112,000000,52.14,52.52,51.42,51.7691,6247,0
LOUP.US,D,20220113,000000,52.01,52.01,50.35,50.3513,12493,0
LOUP.US,D,20220114,000000,50.17,50.63,49.931,50.63,5789,0
LOUP.US,D,20220118,000000,50.2,50.2,49.3159,49.3159,15165,0
LOUP.US,D,20220119,000000,49.58,50,48.8763,48.8763,5192,0
LOUP.US,D,20220120,000000,49.21,50.2196,48.3849,48.3849,3735,0
LOUP.US,D,20220121,000000,47.96,47.96,46.54,46.54,8777,0
LOUP.US,D,20220124,000000,45.15,46.5182,43.551,46.5182,21235,0
LOUP.US,D,20220125,000000,45.82,45.95,45.0003,45.3182,14296,0
LOUP.US,D,20220126,000000,46.26,46.46,44.85,45.04,11788,0
LOUP.US,D,20220127,000000,45.01,45.144,43.31,43.4285,20848,0
LOUP.US,D,20220128,000000,43,44.58,42.651,44.58,7393,0
LOUP.US,D,20220131,000000,44.74,46.7887,44.74,46.7887,24772,0
LOUP.US,D,20220201,000000,47.25,47.55,46.621,47.55,19932,0
LOUP.US,D,20220202,000000,47.86,47.86,46.53,46.97,20158,0
LOUP.US,D,20220203,000000,45.79,45.835,44.86,44.93,20334,0
LOUP.US,D,20220204,000000,45.61,47.38,45.61,47.11,20535,0
LOUP.US,D,20220207,000000,47.22,47.8,47.205,47.36,4177,0
LOUP.US,D,20220208,000000,47.18,48.27,47.17,48.258,4433,0
LOUP.US,D,20220209,000000,48.73,49.89,48.73,49.89,5483,0
LOUP.US,D,20220210,000000,49.13,50.57,48.6744,48.6744,5887,0
LOUP.US,D,20220211,000000,48.49,48.73,46.77,47.0516,5879,0
LOUP.US,D,20220214,000000,46.88,47.47,46.71,46.7609,4855,0
LOUP.US,D,20220215,000000,47.46,48.3,47.46,48.3,3855,0
LOUP.US,D,20220216,000000,47.89,48,47.32,47.83,4350,0
LOUP.US,D,20220217,000000,47.42,47.42,46.1101,46.1822,3470,0
LOUP.US,D,20220218,000000,45.6794,46.0864,45.16,45.3947,2068,0
LOUP.US,D,20220222,000000,44.89,45.57,44.47,44.515,5485,0
LOUP.US,D,20220223,000000,45.17,45.17,43.78,43.78,8227,0
LOUP.US,D,20220224,000000,42.07,45.6494,42.07,45.6494,9274,0
LOUP.US,D,20220225,000000,45.69,46.66,45.69,46.66,6668,0
LOUP.US,D,20220228,000000,46.24,47.3655,46.24,47.3655,7519,0
LOUP.US,D,20220301,000000,47.09,47.445,45.6699,45.9159,16081,0
LOUP.US,D,20220302,000000,46.27,46.8327,45.77,46.81,3062,0
LOUP.US,D,20220303,000000,46.88,46.88,45.13,45.228,4853,0
LOUP.US,D,20220304,000000,44.78,44.8761,43.03,43.3339,6207,0
LOUP.US,D,20220307,000000,43.21,43.37,41.32,41.32,12117,0
LOUP.US,D,20220308,000000,41.04,42.69,40.68,41.4539,14047,0
LOUP.US,D,20220309,000000,42.45,43.57,42.45,43.43,7763,0
LOUP.US,D,20220310,000000,42.67,42.67,41.7877,41.9367,10331,0
LOUP.US,D,20220311,000000,42.57,42.57,40.41,40.41,12072,0
LOUP.US,D,20220314,000000,40.22,40.22,38.78,38.9525,31246,0
LOUP.US,D,20220315,000000,39.18,40.1923,39,40.1923,5812,0
LOUP.US,D,20220316,000000,41,42.95,41,42.95,10439,0
LOUP.US,D,20220317,000000,42.66,44.1357,42.66,44.1357,8460,0
LOUP.US,D,20220318,000000,43.78,45.75,43.78,45.7,7155,0
LOUP.US,D,20220321,000000,45.52,45.5252,44.8,45.0848,6420,0
LOUP.US,D,20220322,000000,45.11,46.46,45.11,46.29,5717,0
LOUP.US,D,20220323,000000,45.94,46.405,45.35,45.4537,6251,0
LOUP.US,D,20220324,000000,45.75,46.6,45.5713,46.6,2500,0
LOUP.US,D,20220325,000000,46.5,46.5,45.54,45.9686,5479,0
LOUP.US,D,20220328,000000,46.28,46.7134,45.7211,46.7134,4786,0
LOUP.US,D,20220329,000000,47.36,48.45,47.19,48.2377,14244,0
LOUP.US,D,20220330,000000,48.05,48.1,46.92,47.16,5149,0
LOUP.US,D,20220331,000000,47,47,45.9414,45.9414,3283,0
LOUP.US,D,20220401,000000,46.11,46.12,45.2724,45.6059,8968,0
LOUP.US,D,20220404,000000,45.95,46.7389,45.95,46.69,7462,0
LOUP.US,D,20220405,000000,46.49,46.55,44.8697,44.9261,6367,0
LOUP.US,D,20220406,000000,44.29,44.29,42.79,43.45,6827,0
LOUP.US,D,20220407,000000,43.33,43.47,42.45,43.1572,3957,0
LOUP.US,D,20220408,000000,42.92,43.015,42.37,42.42,10957,0
LOUP.US,D,20220411,000000,41.91,42.19,41.86,41.8798,8497,0
LOUP.US,D,20220412,000000,42.41,43,41.42,41.5429,19564,0
LOUP.US,D,20220413,000000,41.65,42.545,41.62,42.33,7979,0
LOUP.US,D,20220414,000000,41.6625,41.8211,40.9796,40.9796,12092,0
LOUP.US,D,20220418,000000,40.8,41,40.597,40.8,6444,0
LOUP.US,D,20220419,000000,40.87,42.0543,40.86,42.0394,13332,0
LOUP.US,D,20220420,000000,42.35,42.42,41.14,41.1507,4831,0
LOUP.US,D,20220421,000000,41.66,41.66,39.83,39.85,6326,0
LOUP.US,D,20220422,000000,39.73,39.73,38.84,38.9085,6456,0
LOUP.US,D,20220425,000000,38.72,39.49,38.59,39.49,6160,0
LOUP.US,D,20220426,000000,39.11,39.11,37.56,37.56,10526,0
LOUP.US,D,20220427,000000,37.39,38,37.275,37.3161,8491,0
LOUP.US,D,20220428,000000,37.76,38.6334,37.02,38.42,4862,0
LOUP.US,D,20220429,000000,38.34,39.2199,37.29,37.3032,7734,0
LOUP.US,D,20220502,000000,37.36,38.36,37.22,38.3523,26288,0
LOUP.US,D,20220503,000000,38.33,38.575,38.27,38.4117,3576,0
LOUP.US,D,20220504,000000,37.94,39.66,37.899,39.6059,9478,0
LOUP.US,D,20220505,000000,39.18,39.18,36.59,36.9523,25978,0
LOUP.US,D,20220506,000000,36.8,36.8,35.65,36.11,7980,0
LOUP.US,D,20220509,000000,35.37,35.37,33.36,33.54,13337,0
LOUP.US,D,20220510,000000,34.12,34.33,32.56,33.3,21010,0
LOUP.US,D,20220511,000000,32.86,33.31,31.57,31.5981,15231,0
LOUP.US,D,20220512,000000,31.32,32.745,30.84,32.34,26013,0
LOUP.US,D,20220513,000000,33.4,34.68,33.4,34.487,33811,0
LOUP.US,D,20220516,000000,33.75,34.32,33.46,33.4847,24044,0
LOUP.US,D,20220517,000000,34.38,34.9582,34.33,34.9582,6717,0
LOUP.US,D,20220518,000000,34.63,34.63,33.719,33.77,3677,0
LOUP.US,D,20220519,000000,33.66,34.3,33.66,33.98,8030,0
LOUP.US,D,20220520,000000,34.41,34.41,32.81,33.7129,6225,0
LOUP.US,D,20220523,000000,33.98,34.17,33.63,34.0905,19632,0
LOUP.US,D,20220524,000000,33.18,33.18,32.23,32.49,8513,0
LOUP.US,D,20220525,000000,32.29,33.3,32.29,33.084,12573,0
LOUP.US,D,20220526,000000,33,34.18,33,34.08,34647,0
LOUP.US,D,20220527,000000,34.54,35.2595,34.54,35.21,17653,0
LOUP.US,D,20220531,000000,35.39,35.39,34.88,34.9874,4349,0
LOUP.US,D,20220601,000000,35.21,35.26,34.23,34.48,6027,0
LOUP.US,D,20220602,000000,34.44,35.85,34.41,35.83,51973,0
LOUP.US,D,20220603,000000,35.09,35.12,34.72,34.77,15053,0
LOUP.US,D,20220606,000000,35.22,35.4792,34.86,35.036,6095,0
LOUP.US,D,20220607,000000,34.52,35.2969,34.52,35.2969,3353,0
LOUP.US,D,20220608,000000,35.37,35.45,34.75,34.86,4606,0
LOUP.US,D,20220609,000000,34.46,34.6601,33.62,33.6284,9385,0
LOUP.US,D,20220610,000000,33,33.0701,32.32,32.4963,8114,0
LOUP.US,D,20220613,000000,31.19,31.45,30.34,30.4102,50011,0
LOUP.US,D,20220614,000000,30.66,30.66,30.0497,30.37,7704,0
LOUP.US,D,20220615,000000,30.7589,31.28,30.4919,31.06,5447,0
LOUP.US,D,20220616,000000,30.16,30.16,29.1817,29.2871,6514,0
LOUP.US,D,20220617,000000,29.41,29.84,29.18,29.639,6551,0
LOUP.US,D,20220621,000000,30.58,30.71,30.09,30.3193,10110,0
LOUP.US,D,20220622,000000,29.84,30.48,29.84,30.11,4501,0
LOUP.US,D,20220623,000000,30.27,30.91,30.16,30.91,10488,0
LOUP.US,D,20220624,000000,31.24,32.03,31.24,32.03,3173,0
LOUP.US,D,20220627,000000,31.62,31.98,31.62,31.6884,2226,0
LOUP.US,D,20220628,000000,31.09,31.09,30.7968,30.7968,1520,0
LOUP.US,D,20220629,000000,30.49,30.49,29.84,30.2686,20047,0
LOUP.US,D,20220630,000000,29.78,29.81,29.5991,29.67,4472,0
LOUP.US,D,20220701,000000,29.46,29.6288,29.29,29.6288,2557,0
LOUP.US,D,20220705,000000,29,30.16,28.71,30.16,30053,0
LOUP.US,D,20220706,000000,30.09,30.24,29.79,29.97,27551,0
LOUP.US,D,20220707,000000,30.25,31.07,30.25,31.07,2127,0
LOUP.US,D,20220708,000000,30.91,31.27,30.7,31.02,5020,0
LOUP.US,D,20220711,000000,30.55,30.55,29.92,29.9278,4095,0
LOUP.US,D,20220712,000000,30.08,30.13,29.65,29.8231,4688,0
LOUP.US,D,20220713,000000,29.14,29.6179,29.11,29.616,5213,0
LOUP.US,D,20220714,000000,29.27,29.43,28.81,29.41,10881,0
LOUP.US,D,20220715,000000,29.9,30.27,29.9,30.27,2249,0
LOUP.US,D,20220718,000000,30.73,30.87,30.38,30.4,34354,0
LOUP.US,D,20220719,000000,30.71,31.5232,30.71,31.5099,1004,0
LOUP.US,D,20220720,000000,32.465,32.698,32.465,32.6372,4504,0
LOUP.US,D,20220721,000000,32.54,33.0477,32.54,33.0477,4044,0
LOUP.US,D,20220722,000000,32.84,32.84,31.85,32.0102,24724,0
LOUP.US,D,20220725,000000,31.99,31.99,31.7401,31.8859,1613,0
LOUP.US,D,20220726,000000,31.53,31.53,30.9539,30.9539,5115,0
LOUP.US,D,20220727,000000,31.24,32.0037,31.24,32.0037,2301,0
LOUP.US,D,20220728,000000,31.89,32.3989,31.73,32.394,2660,0
LOUP.US,D,20220729,000000,32.34,32.7365,32.34,32.7365,2268,0
LOUP.US,D,20220801,000000,32.59,32.9265,32.56,32.8215,2055,0
LOUP.US,D,20220802,000000,32.52,33.34,32.52,32.94,3219,0
LOUP.US,D,20220803,000000,33.52,34.14,33.4599,34.13,2826,0
LOUP.US,D,20220804,000000,34.75,34.93,34.34,34.3684,10884,0
LOUP.US,D,20220805,000000,34.3811,34.3811,33.94,34.16,3114,0
LOUP.US,D,20220808,000000,34.33,34.82,34.1799,34.31,14767,0
LOUP.US,D,20220809,000000,33.74,33.74,32.92,32.9769,5488,0
LOUP.US,D,20220810,000000,33.9,34.5299,33.9,34.47,4132,0
LOUP.US,D,20220811,000000,34.77,35.21,34.17,34.2327,2259,0
LOUP.US,D,20220812,000000,34.41,35.0816,34.41,35.0816,1227,0
LOUP.US,D,20220815,000000,34.86,35.1519,34.86,35.1519,2855,0
LOUP.US,D,20220816,000000,35,35.48,34.73,35.3059,2605,0
LOUP.US,D,20220817,000000,34.5,34.64,34.29,34.531,2339,0
LOUP.US,D,20220818,000000,34.75,34.8399,34.68,34.683,1119,0
LOUP.US,D,20220819,000000,34.19,34.19,33.48,33.5253,4854,0
LOUP.US,D,20220822,000000,32.88,32.96,32.33,32.3784,3692,0
LOUP.US,D,20220823,000000,32.42,32.42,32.2532,32.2532,1860,0
LOUP.US,D,20220824,000000,32.3,32.6397,32.3,32.4,3778,0
LOUP.US,D,20220825,000000,33.03,33.22,32.83,33.21,4496,0
LOUP.US,D,20220826,000000,32.2,32.2,31.81,31.8273,2729,0
LOUP.US,D,20220829,000000,31.55,31.74,31.33,31.3494,5729,0
LOUP.US,D,20220830,000000,31.67,31.67,30.984,30.984,1882,0
LOUP.US,D,20220831,000000,31.37,31.37,30.914,30.95,2535,0
LOUP.US,D,20220901,000000,30.37,30.59,29.9183,30.59,11312,0
LOUP.US,D,20220902,000000,30.89,31.0696,30.09,30.1327,15727,0
LOUP.US,D,20220906,000000,30.21,30.21,29.81,29.8389,3041,0
LOUP.US,D,20220907,000000,29.89,30.62,29.89,30.6009,1492,0
LOUP.US,D,20220908,000000,30.14,31.1,30.14,31.02,2188,0
LOUP.US,D,20220909,000000,31.57,32.1,31.56,32.1,9221,0
LOUP.US,D,20220912,000000,32.27,32.53,32.27,32.3722,9551,0
LOUP.US,D,20220913,000000,31.29,31.3,30.59,30.7072,10354,0
LOUP.US,D,20220914,000000,30.75,30.84,30.67,30.84,857,0
LOUP.US,D,20220915,000000,31.14,31.1499,30.58,30.7125,2224,0
LOUP.US,D,20220916,000000,30.09,30.09,29.91,30.06,5673,0
LOUP.US,D,20220919,000000,29.55,29.98,29.55,29.98,16723,0
LOUP.US,D,20220920,000000,29.57,29.66,29.21,29.41,5781,0
LOUP.US,D,20220921,000000,29.18,29.2581,29.12,29.12,778,0
LOUP.US,D,20220922,000000,28.87,28.87,28.18,28.25,3141,0
LOUP.US,D,20220923,000000,27.72,27.75,27.2,27.61,9075,0
LOUP.US,D,20220926,000000,27.52,27.6201,27.19,27.29,51146,0
LOUP.US,D,20220927,000000,27.73,27.915,27.291,27.3542,2143,0
LOUP.US,D,20220928,000000,27.28,28.25,27.28,28.19,19820,0
LOUP.US,D,20220929,000000,27.59,27.59,26.87,27.15,8774,0
LOUP.US,D,20220930,000000,26.88,27.54,26.8481,26.8481,611,0
LOUP.US,D,20221003,000000,26.95,27.73,26.79,27.61,36485,0
LOUP.US,D,20221004,000000,28.39,29.08,28.39,29.08,4810,0
LOUP.US,D,20221005,000000,28.62,29.135,28.62,29.04,787,0
LOUP.US,D,20221006,000000,29.29,29.29,29,29.03,1912,0
LOUP.US,D,20221007,000000,28.0084,28.0084,27.62,27.6747,1631,0
LOUP.US,D,20221010,000000,27.36,27.36,26.92,27.16,2630,0
LOUP.US,D,20221011,000000,26.98,27.41,26.71,26.908,2822,0
LOUP.US,D,20221012,000000,26.88,26.88,26.52,26.7712,1990,0
LOUP.US,D,20221013,000000,25.81,27.25,25.66,27.2195,12543,0
LOUP.US,D,20221014,000000,26.39,26.39,26.1191,26.1191,5588,0
LOUP.US,D,20221017,000000,26.78,27.42,26.78,27.1952,22627,0
LOUP.US,D,20221018,000000,27.94,27.94,27.31,27.44,3892,0
LOUP.US,D,20221019,000000,27.3,27.4895,27.01,27.129,1809,0
LOUP.US,D,20221020,000000,27.23,27.9249,27.23,27.3818,2710,0
LOUP.US,D,20221021,000000,26.84,27.7591,26.84,27.7591,1525,0
LOUP.US,D,20221024,000000,27.8,27.99,27.3385,27.9839,5838,0
LOUP.US,D,20221025,000000,29.0402,29.05,28.11,29.0402,1889,0
LOUP.US,D,20221026,000000,29.4,29.76,29.097,29.097,2644,0
LOUP.US,D,20221027,000000,29.23,29.42,28.965,28.965,23139,0
LOUP.US,D,20221028,000000,29.0485,29.5645,28.83,29.5645,1405,0
LOUP.US,D,20221031,000000,29.4,29.47,29.22,29.2336,3627,0
LOUP.US,D,20221101,000000,29.96,29.96,29.365,29.378,3041,0
LOUP.US,D,20221102,000000,29.37,29.57,28.26,28.33,21679,0
LOUP.US,D,20221103,000000,28.01,28.37,27.81,28.07,3059,0
LOUP.US,D,20221104,000000,28.83,29,28.39,28.7,5403,0
LOUP.US,D,20221107,000000,28.94,29.02,28.675,28.9123,6686,0
LOUP.US,D,20221108,000000,28.98,28.98,28.74,28.9181,5000,0
LOUP.US,D,20221109,000000,28.83,28.83,28.31,28.3147,2100,0
LOUP.US,D,20221110,000000,29.93,31.17,29.93,31.17,41927,0
LOUP.US,D,20221111,000000,31.45,32.68,31.45,32.663,6312,0
LOUP.US,D,20221114,000000,32.27,32.45,32.0008,32.0008,5157,0
LOUP.US,D,20221115,000000,32.85,33.09,32.79,32.79,9730,0
LOUP.US,D,20221116,000000,31.86,31.879,31.64,31.661,4404,0
LOUP.US,D,20221117,000000,31.07,31.69,30.99,31.5079,5576,0
LOUP.US,D,20221118,000000,31.99,31.99,30.54,31.3664,8713,0
LOUP.US,D,20221121,000000,30.67,30.71,30.51,30.7032,4016,0
LOUP.US,D,20221122,000000,30.5995,31.2007,30.5995,31.2007,927,0
LOUP.US,D,20221123,000000,31.6,31.7028,31.49,31.7028,1332,0
LOUP.US,D,20221125,000000,31.8,31.8,31.782,31.782,306,0
LOUP.US,D,20221128,000000,31.33,31.47,30.96,30.96,10531,0
LOUP.US,D,20221129,000000,31.12,31.2069,30.87,30.8782,2388,0
LOUP.US,D,20221130,000000,30.76,31.9759,30.76,31.9759,4542,0
LOUP.US,D,20221201,000000,32.22,32.36,32.14,32.3546,1081,0
LOUP.US,D,20221202,000000,31.74,32.52,31.74,32.4673,3825,0
LOUP.US,D,20221205,000000,32.13,32.21,31.38,31.5199,6516,0
LOUP.US,D,20221206,000000,31.08,31.08,30.18,30.4165,4930,0
LOUP.US,D,20221207,000000,30.21,30.49,30.16,30.2865,11631,0
LOUP.US,D,20221208,000000,30.23,30.712,30.23,30.6858,652,0
LOUP.US,D,20221209,000000,30.65,30.74,30.4976,30.5243,1654,0
LOUP.US,D,20221212,000000,30.43,30.925,30.43,30.8837,5615,0
LOUP.US,D,20221213,000000,32.48,32.6,31.39,31.71,5090,0
LOUP.US,D,20221214,000000,31.67,31.78,31.18,31.33,10419,0
LOUP.US,D,20221215,000000,30.72,30.72,29.9746,29.9746,3152,0
LOUP.US,D,20221216,000000,29.82,29.82,29.26,29.4346,1954,0
LOUP.US,D,20221219,000000,29.43,29.43,28.93,29.008,4341,0
LOUP.US,D,20221220,000000,28.8,29.12,28.8,28.9956,10347,0
LOUP.US,D,20221221,000000,29.09,29.5,29.09,29.4711,3810,0
LOUP.US,D,20221222,000000,28.66,28.715,28.245,28.6,6073,0
LOUP.US,D,20221223,000000,28.48,28.67,28.41,28.6242,4729,0
LOUP.US,D,20221227,000000,28.6,28.6099,28.27,28.3743,9412,0
LOUP.US,D,20221228,000000,28.16,28.3153,27.88,27.91,15587,0
LOUP.US,D,20221229,000000,28.35,29,28.35,28.9449,5465,0
LOUP.US,D,20221230,000000,28.57,28.95,28.555,28.9443,6819,0
LOUP.US,D,20230103,000000,29.55,29.739,28.82,28.82,2590,0
LOUP.US,D,20230104,000000,29.43,29.7,29.43,29.5286,1056,0
LOUP.US,D,20230105,000000,29.21,29.21,28.85,28.96,35786,0
LOUP.US,D,20230106,000000,28.92,30,28.92,29.8691,1373,0
LOUP.US,D,20230109,000000,30.46,31.214,30.46,30.88,2350,0
LOUP.US,D,20230110,000000,30.83,31.1562,30.83,31.1562,1437,0
LOUP.US,D,20230111,000000,31.38,31.7233,31.37,31.7233,7864,0
LOUP.US,D,20230112,000000,31.76,32.24,31.52,32.2322,1931,0
LOUP.US,D,20230113,000000,31.66,32.2677,31.66,32.2677,1088,0
LOUP.US,D,20230117,000000,32.14,32.32,32.015,32.2655,1149,0
LOUP.US,D,20230118,000000,32.66,33.06,31.8449,31.8449,26437,0
LOUP.US,D,20230119,000000,31.52,31.52,31.307,31.307,470,0
LOUP.US,D,20230120,000000,31.98,32.342,31.96,32.342,710,0
LOUP.US,D,20230123,000000,32.87,33.6116,32.87,33.6116,1445,0
LOUP.US,D,20230124,000000,33.95,33.95,33.18,33.2291,3800,0
LOUP.US,D,20230125,000000,32.3495,33.13,32.3495,33.13,1458,0
LOUP.US,D,20230126,000000,33.82,33.87,32.8,33.7282,9988,0
LOUP.US,D,20230127,000000,33.64,34.2149,33.64,34.2149,733,0
LOUP.US,D,20230130,000000,33.7201,33.7333,33.3553,33.3553,858,0
LOUP.US,D,20230131,000000,33.612,34.115,33.612,34.115,3396,0
LOUP.US,D,20230201,000000,34.44,35.4767,34.44,35.4767,1790,0
LOUP.US,D,20230202,000000,36.73,37.6288,36.73,37.3755,36951,0
LOUP.US,D,20230203,000000,36.9,37.509,36.3744,36.3744,6178,0
LOUP.US,D,20230206,000000,35.85,35.85,35.695,35.697,445,0
LOUP.US,D,20230207,000000,35.52,36.1867,35.31,36.1867,912,0
LOUP.US,D,20230208,000000,35.99,35.99,35.34,35.4068,4186,0
LOUP.US,D,20230209,000000,35.91,35.91,35.1724,35.1724,1106,0
LOUP.US,D,20230210,000000,34.5,34.5791,34.3721,34.3721,1130,0
LOUP.US,D,20230213,000000,34.9015,34.9015,34.7723,34.7723,883,0
LOUP.US,D,20230214,000000,35.73,35.898,35.22,35.881,942,0
LOUP.US,D,20230215,000000,35.73,36.57,35.55,36.5687,4489,0
LOUP.US,D,20230216,000000,36.091,36.091,36.091,36.091,329,0
LOUP.US,D,20230217,000000,35.75,35.75,35.33,35.4787,2909,0
LOUP.US,D,20230221,000000,34.99,34.99,34.3587,34.3587,1617,0
LOUP.US,D,20230222,000000,34.42,34.51,34.28,34.38,1684,0
LOUP.US,D,20230223,000000,34.76,34.76,34.1043,34.4846,857,0
LOUP.US,D,20230224,000000,33.81,33.81,33.53,33.7027,2233,0
LOUP.US,D,20230227,000000,34.13,34.18,34.0043,34.0043,2011,0
LOUP.US,D,20230228,000000,33.89,34.43,33.89,34.2274,3928,0
LOUP.US,D,20230301,000000,33.78,33.82,33.56,33.7311,6238,0
LOUP.US,D,20230302,000000,33.41,33.967,33.4,33.967,1951,0
LOUP.US,D,20230303,000000,34.37,35.05,34.37,35.0291,1959,0
LOUP.US,D,20230306,000000,35.1,35.4599,34.8949,34.8949,7255,0
LOUP.US,D,20230307,000000,34.8,34.8,34.2446,34.2446,4943,0
LOUP.US,D,20230308,000000,34.46,34.62,34.3822,34.57,1530,0
LOUP.US,D,20230309,000000,34.66,34.8711,33.76,33.7965,3217,0
LOUP.US,D,20230310,000000,33.4482,33.4772,32.86,32.9449,2446,0
LOUP.US,D,20230313,000000,32.44,33.1899,32.185,32.9117,5334,0
LOUP.US,D,20230314,000000,33.63,33.7,33.42,33.6171,3446,0
LOUP.US,D,20230315,000000,32.92,33.13,32.71,33.1284,1853,0
LOUP.US,D,20230316,000000,33.6,34.22,33.6,34.1825,2464,0
LOUP.US,D,20230317,000000,33.96,33.96,33.525,33.8361,2689,0
LOUP.US,D,20230320,000000,33.8507,33.9924,33.79,33.9924,1282,0
LOUP.US,D,20230321,000000,34.42,34.5169,34.42,34.5169,224,0
LOUP.US,D,20230322,000000,34.73,34.73,32.82,34.0593,1527,0
LOUP.US,D,20230323,000000,34.04,34.3006,34.04,34.3006,404,0
LOUP.US,D,20230324,000000,33.61,33.7435,33.595,33.7435,634,0
LOUP.US,D,20230327,000000,34.15,34.15,33.9086,33.9086,4300,0
LOUP.US,D,20230328,000000,33.79,33.79,33.36,33.4902,1682,0
LOUP.US,D,20230329,000000,34.175,34.5128,34.175,34.5128,2811,0
LOUP.US,D,20230330,000000,35.06,35.1,34.99,34.99,2646,0
LOUP.US,D,20230331,000000,35.11,35.4959,35.11,35.4543,2159,0
LOUP.US,D,20230403,000000,35.13,35.2913,35,35.2913,2915,0
LOUP.US,D,20230404,000000,35.19,35.19,35.06,35.0951,2263,0
LOUP.US,D,20230405,000000,35.02,35.02,34.16,34.4297,1793,0
LOUP.US,D,20230406,000000,34.1,34.51,34.1,34.3749,2477,0
LOUP.US,D,20230410,000000,34.15,34.8585,34.15,34.8585,1863,0
LOUP.US,D,20230411,000000,34.83,34.882,34.7417,34.8152,1211,0
LOUP.US,D,20230412,000000,34.58,34.72,34.408,34.408,2177,0
LOUP.US,D,20230413,000000,34.85,34.9387,34.785,34.9387,1060,0
LOUP.US,D,20230414,000000,34.91,34.91,34.43,34.6344,3178,0
LOUP.US,D,20230417,000000,34.49,34.636,34.49,34.636,1697,0
LOUP.US,D,20230418,000000,35.0251,35.0251,34.68,34.8156,4593,0
LOUP.US,D,20230419,000000,34.38,34.48,34.3618,34.3685,881,0
LOUP.US,D,20230420,000000,34.4099,34.4099,34.0688,34.116,789,0
LOUP.US,D,20230421,000000,34.0889,34.23,34.0216,34.1889,2023,0
LOUP.US,D,20230424,000000,34.23,34.37,34.02,34.0419,2794,0
LOUP.US,D,20230425,000000,33.7,33.7,32.9001,32.9001,9013,0
LOUP.US,D,20230426,000000,33.25,33.28,32.86,32.97,1309,0
LOUP.US,D,20230427,000000,33.28,33.445,33.05,33.445,3277,0
LOUP.US,D,20230428,000000,33.05,33.2233,32.98,33.2233,1259,0
LOUP.US,D,20230501,000000,33.261,33.2913,33.261,33.2913,501,0
LOUP.US,D,20230502,000000,33.23,33.23,32.6201,32.6458,992,0
LOUP.US,D,20230503,000000,32.5,32.5,32.3785,32.3785,1548,0
LOUP.US,D,20230504,000000,32.1776,32.19,32.0701,32.19,2083,0
LOUP.US,D,20230505,000000,32.825,33,32.825,32.9919,800,0
LOUP.US,D,20230508,000000,33.18,33.6587,33.18,33.6587,3361,0
LOUP.US,D,20230509,000000,33.45,33.7614,33.45,33.7151,3014,0
LOUP.US,D,20230510,000000,34.08,34.08,33.76,34.0403,2805,0
LOUP.US,D,20230511,000000,34,34.1147,34,34.1147,1340,0
LOUP.US,D,20230512,000000,33.69,33.69,33.3201,33.5344,2838,0
LOUP.US,D,20230515,000000,33.47,34.0956,33.47,34.0956,2105,0
LOUP.US,D,20230516,000000,33.92,33.92,33.7,33.7597,1515,0
LOUP.US,D,20230517,000000,34.02,34.6551,34.02,34.6551,946,0
LOUP.US,D,20230518,000000,34.7,35.6976,34.69,35.6695,1843,0
LOUP.US,D,20230519,000000,35.5687,35.71,35.5101,35.644,924,0
LOUP.US,D,20230522,000000,35.99,36.18,35.99,36.1353,553,0
LOUP.US,D,20230523,000000,35.91,35.91,35.7937,35.7937,516,0
LOUP.US,D,20230524,000000,35.4,35.6469,35.3076,35.5113,3093,0
LOUP.US,D,20230525,000000,35.81,36,35.81,36,1514,0
LOUP.US,D,20230526,000000,36.29,37.15,36.29,37.0504,1248,0
LOUP.US,D,20230530,000000,37.64,37.77,37.1101,37.2849,4648,0
LOUP.US,D,20230531,000000,37.02,37.19,36.73,37.162,1856,0
LOUP.US,D,20230601,000000,37.1,37.627,37.1,37.6062,1711,0
LOUP.US,D,20230602,000000,37.75,38.0116,37.75,37.7904,1791,0
LOUP.US,D,20230605,000000,37.8,38.0299,37.6,37.9268,4183,0
LOUP.US,D,20230606,000000,37.745,38.37,37.745,38.2949,6351,0
LOUP.US,D,20230607,000000,38.43,38.94,38.08,38.1015,3680,0
LOUP.US,D,20230608,000000,37.95,38.31,37.95,38.2673,3809,0
LOUP.US,D,20230609,000000,38.66,38.71,38.385,38.5195,1662,0
LOUP.US,D,20230612,000000,38.69,39.0855,38.62,39.0855,4760,0
LOUP.US,D,20230613,000000,39.51,39.8392,39,39.66,9357,0
LOUP.US,D,20230614,000000,39.63,39.77,39.441,39.59,2653,0
LOUP.US,D,20230615,000000,39.37,40.02,39.37,39.9522,3967,0
LOUP.US,D,20230616,000000,40.48,40.48,39.7915,39.7979,2083,0
LOUP.US,D,20230620,000000,39.47,39.47,38.92,39.1636,1910,0
LOUP.US,D,20230621,000000,39.09,39.09,38.3,38.52,916,0
LOUP.US,D,20230622,000000,38.21,38.6281,38.19,38.5977,9264,0
LOUP.US,D,20230623,000000,37.87,38.2,37.53,38.0308,3672,0
LOUP.US,D,20230626,000000,38.1004,38.3203,37.8358,37.8358,4922,0
LOUP.US,D,20230627,000000,37.9722,38.89,37.9722,38.8717,2318,0
LOUP.US,D,20230628,000000,39.2735,39.2735,38.901,38.9117,771,0
LOUP.US,D,20230629,000000,38.97,38.99,38.97,38.9821,626,0
LOUP.US,D,20230630,000000,39.32,39.6899,39.32,39.5287,1581,0
LOUP.US,D,20230703,000000,39.66,39.78,39.544,39.78,2480,0
LOUP.US,D,20230705,000000,39.43,39.444,39.1753,39.1753,1493,0
LOUP.US,D,20230706,000000,38.41,38.41,38.02,38.321,960,0
LOUP.US,D,20230707,000000,38.32,38.89,38.32,38.5447,4811,0
LOUP.US,D,20230710,000000,38.51,39.13,38.51,39.0827,3574,0
LOUP.US,D,20230711,000000,39.2254,39.7339,39.2254,39.7339,3251,0
LOUP.US,D,20230712,000000,39.99,40.0546,39.706,40.0546,1078,0
LOUP.US,D,20230713,000000,40.57,41.0753,40.57,41.0234,1827,0
LOUP.US,D,20230714,000000,40.89,41.08,40.23,40.238,2680,0
LOUP.US,D,20230717,000000,40.41,41.14,40.29,41.14,4033,0
LOUP.US,D,20230718,000000,41.11,41.4236,41.11,41.4236,1797,0
LOUP.US,D,20230719,000000,41.59,41.638,41.3419,41.3419,1084,0
LOUP.US,D,20230720,000000,40.7,40.7,40,40.1178,2418,0
LOUP.US,D,20230721,000000,39.98,40.255,39.97,40.0639,2902,0
LOUP.US,D,20230724,000000,39.8978,40.105,39.8978,40.0819,1103,0
LOUP.US,D,20230725,000000,40.27,40.4291,40.17,40.2402,1556,0
LOUP.US,D,20230726,000000,39.81,40.12,39.81,40.0292,1448,0
LOUP.US,D,20230727,000000,40.45,40.5634,39.7042,39.7042,1533,0
LOUP.US,D,20230728,000000,40.39,40.5302,40.39,40.4605,1302,0
LOUP.US,D,20230731,000000,40.65,40.8999,40.65,40.8729,2385,0
LOUP.US,D,20230801,000000,40.9,41.09,40.78,41.09,2788,0
LOUP.US,D,20230802,000000,40.34,40.34,39.7832,39.7832,701,0
LOUP.US,D,20230803,000000,39.63,39.63,39.6251,39.6251,436,0
LOUP.US,D,20230804,000000,39.66,39.86,39.3903,39.4404,2643,0
LOUP.US,D,20230807,000000,39.49,39.59,39.2,39.5647,4667,0
LOUP.US,D,20230808,000000,38.89,38.89,38.33,38.8466,7634,0
LOUP.US,D,20230809,000000,38.97,38.99,38.32,38.4318,1889,0
LOUP.US,D,20230810,000000,38.94,38.94,38.3478,38.3478,1045,0
LOUP.US,D,20230811,000000,37.96,37.96,37.63,37.7912,711,0
LOUP.US,D,20230814,000000,37.87,38.2909,37.87,38.2909,1279,0
LOUP.US,D,20230815,000000,37.84,37.88,37.7049,37.7049,2877,0
LOUP.US,D,20230816,000000,37.565,37.7399,37.1951,37.1951,1857,0
LOUP.US,D,20230817,000000,37,37,36.15,36.1566,3493,0
LOUP.US,D,20230818,000000,35.79,36.3026,35.79,36.3026,1177,0
LOUP.US,D,20230821,000000,36.65,36.84,36.16,36.7135,1728,0
LOUP.US,D,20230822,000000,36.96,36.96,36.4,36.423,1799,0
LOUP.US,D,20230823,000000,36.87,37.16,36.87,36.9782,2892,0
LOUP.US,D,20230824,000000,36.87,36.87,36.0065,36.0065,2481,0
LOUP.US,D,20230825,000000,36.2,36.4383,35.92,36.4383,2316,0
LOUP.US,D,20230828,000000,36.6564,36.6564,36.49,36.5446,491,0
LOUP.US,D,20230829,000000,36.8618,37.63,36.8618,37.3817,57303,0
LOUP.US,D,20230830,000000,37.38,37.58,37.38,37.4897,12840,0
LOUP.US,D,20230831,000000,37.8185,37.8478,37.8185,37.8478,678,0
LOUP.US,D,20230901,000000,38.01,38.06,37.92,38.0218,1836,0
LOUP.US,D,20230905,000000,38.08,38.08,37.8305,37.99,1337,0
LOUP.US,D,20230906,000000,37.5529,37.5529,37.5529,37.5529,236,0
LOUP.US,D,20230907,000000,37,37.1904,36.88,37.1904,2026,0
LOUP.US,D,20230908,000000,37.31,37.31,36.9968,36.9968,323,0
LOUP.US,D,20230911,000000,37.15,37.2756,37.15,37.2756,400,0
LOUP.US,D,20230912,000000,36.99,37.05,36.8244,36.8244,2767,0
LOUP.US,D,20230913,000000,36.75,36.8309,36.6189,36.7264,1983,0
LOUP.US,D,20230914,000000,37.16,37.23,36.84,37.1622,20161,0
LOUP.US,D,20230915,000000,36.66,36.66,36.46,36.5877,3920,0
LOUP.US,D,20230918,000000,36.4,36.425,36.18,36.2388,1626,0
LOUP.US,D,20230919,000000,35.73,36,35.73,35.9842,2940,0
LOUP.US,D,20230920,000000,36.07,36.22,35.55,35.5562,2202,0
LOUP.US,D,20230921,000000,35.2,35.2,34.63,34.6937,1788,0
LOUP.US,D,20230922,000000,34.7754,34.7754,34.7754,34.7754,304,0
LOUP.US,D,20230925,000000,34.54,34.85,34.54,34.8321,1766,0
LOUP.US,D,20230926,000000,34.4,34.4,34.22,34.2399,566,0
LOUP.US,D,20230927,000000,34.7,34.8999,34.7,34.7332,1705,0
LOUP.US,D,20230928,000000,34.9385,35.488,34.9385,35.2562,1015,0
LOUP.US,D,20230929,000000,35.506,35.506,35.506,35.506,200,0
LOUP.US,D,20231002,000000,37.28,37.28,35.3,35.4114,10910,0
LOUP.US,D,20231003,000000,34.5742,34.5742,34.5742,34.5742,337,0
LOUP.US,D,20231004,000000,34.17,35.2699,34.17,35.1788,1692,0
LOUP.US,D,20231005,000000,34.9678,35.74,33.7701,35.118,30573,0
LOUP.US,D,20231006,000000,34.77,36.09,34.77,35.9487,3197,0
LOUP.US,D,20231009,000000,35.66,35.92,35.64,35.8408,1157,0
LOUP.US,D,20231010,000000,36.404,36.4911,36.23,36.2952,2252,0
LOUP.US,D,20231011,000000,36.6,36.67,36.2736,36.64,11878,0
LOUP.US,D,20231012,000000,36.57,36.75,36.16,36.3202,2253,0
LOUP.US,D,20231013,000000,36.17,36.17,35.63,35.63,2332,0
LOUP.US,D,20231016,000000,35.7878,36.13,35.7878,36.0664,2958,0
LOUP.US,D,20231017,000000,36.34,36.4861,36.34,36.3649,3578,0
LOUP.US,D,20231018,000000,35.91,35.91,35.5856,35.6108,1385,0
LOUP.US,D,20231019,000000,35.875,35.875,35.469,35.469,1402,0
LOUP.US,D,20231020,000000,35.17,35.4707,34.68,34.8332,2980,0
LOUP.US,D,20231023,000000,34.77,35.041,34.6976,34.6976,3211,0
LOUP.US,D,20231024,000000,35.2381,35.2381,34.9101,35.2329,2474,0
LOUP.US,D,20231025,000000,34.23,34.23,33.7224,33.7224,1365,0
LOUP.US,D,20231026,000000,33.44,33.44,33.17,33.37,2597,0
LOUP.US,D,20231027,000000,33.05,33.2,32.9704,32.9704,3057,0
LOUP.US,D,20231030,000000,33.37,33.37,33.132,33.222,964,0
LOUP.US,D,20231031,000000,33.3,33.63,33.3,33.5845,3170,0
LOUP.US,D,20231101,000000,33.9215,34.058,33.7472,34.058,1236,0
LOUP.US,D,20231102,000000,35,35.1398,34.9101,35.1098,875,0
LOUP.US,D,20231103,000000,35.765,35.9953,35.765,35.9953,606,0
LOUP.US,D,20231106,000000,36.1287,36.1287,35.7443,35.9715,3343,0
LOUP.US,D,20231107,000000,36.0529,36.2501,36.0529,36.2436,4279,0
LOUP.US,D,20231108,000000,36.67,36.95,36.67,36.9381,4134,0
LOUP.US,D,20231109,000000,37.16,37.4,36.7292,36.7292,1912,0
LOUP.US,D,20231110,000000,37.055,37.69,37.055,37.6466,2202,0
LOUP.US,D,20231113,000000,37.795,37.8498,37.7739,37.8498,497,0
LOUP.US,D,20231114,000000,38.88,39.68,38.88,39.6166,8246,0
LOUP.US,D,20231115,000000,39.55,39.89,39,39.5771,2877,0
LOUP.US,D,20231116,000000,38.99,39.1584,38.84,39.1176,2998,0
LOUP.US,D,20231117,000000,38.94,39.2469,38.94,39.2469,1097,0
LOUP.US,D,20231120,000000,39.48,39.94,39.48,39.835,2718,0
LOUP.US,D,20231121,000000,39.7082,39.7082,39.31,39.4376,1362,0
LOUP.US,D,20231122,000000,39.89,39.9,39.61,39.7814,1763,0
LOUP.US,D,20231124,000000,39.63,39.7155,39.63,39.7155,200,0
LOUP.US,D,20231127,000000,39.63,39.8148,39.63,39.745,1610,0
LOUP.US,D,20231128,000000,39.69,39.7872,39.69,39.7872,595,0
LOUP.US,D,20231129,000000,40.65,40.744,40.2808,40.2808,2172,0
LOUP.US,D,20231130,000000,40.22,40.41,40.193,40.2903,3143,0
LOUP.US,D,20231201,000000,39.66,40.5743,39.66,40.5743,953,0
LOUP.US,D,20231204,000000,40.26,40.4986,40.26,40.4385,7279,0
LOUP.US,D,20231205,000000,40.1,40.23,39.98,40.1124,4317,0
LOUP.US,D,20231206,000000,40.7,40.7,40.1525,40.1525,1879,0
LOUP.US,D,20231207,000000,40.54,41,40.1,40.9512,10039,0
LOUP.US,D,20231208,000000,40.78,41.32,40.78,41.1668,6072,0
LOUP.US,D,20231211,000000,41.45,41.81,41.32,41.8013,31172,0
LOUP.US,D,20231212,000000,41.6699,42.06,41.66,42.06,8805,0
LOUP.US,D,20231213,000000,41.97,42.7236,41.4501,42.5593,11981,0
LOUP.US,D,20231214,000000,42.84,43.37,42.84,43.2991,6758,0
LOUP.US,D,20231215,000000,43.23,43.7499,43.23,43.4091,5201,0
LOUP.US,D,20231218,000000,43.47,43.5,43.15,43.4924,17698,0
LOUP.US,D,20231219,000000,43.6,43.9869,43.6,43.8863,3324,0
LOUP.US,D,20231220,000000,43.805,44.0407,43.0528,43.0528,6891,0
LOUP.US,D,20231221,000000,43.56,43.8169,43.44,43.8169,1961,0
LOUP.US,D,20231222,000000,43.68,43.82,43.55,43.74,11083,0
LOUP.US,D,20231226,000000,43.87,44.2399,43.87,44.1596,3854,0
LOUP.US,D,20231227,000000,44.31,44.43,44.15,44.2796,7851,0
LOUP.US,D,20231228,000000,44.2862,44.42,44.12,44.15,8262,0
LOUP.US,D,20231229,000000,44.1639,44.1639,43.7,43.7969,7252,0
LOUP.US,D,20240102,000000,43.27,43.27,42.19,42.3738,34525,0
LOUP.US,D,20240103,000000,41.72,41.82,41.22,41.22,17287,0
LOUP.US,D,20240104,000000,40.94,41.3295,40.85,41.0867,6280,0
LOUP.US,D,20240105,000000,41.08,41.56,41,41.1756,8213,0
LOUP.US,D,20240108,000000,41.34,42.46,41.34,42.46,5235,0
LOUP.US,D,20240109,000000,42.1,42.525,42.1,42.3919,1602,0
LOUP.US,D,20240110,000000,42.335,42.6691,42.155,42.4095,7339,0
LOUP.US,D,20240111,000000,42.69,42.8251,42.17,42.8251,3712,0
LOUP.US,D,20240112,000000,43.04,43.1875,42.6,42.6094,5255,0
LOUP.US,D,20240116,000000,42.115,42.52,42.096,42.3131,3840,0
LOUP.US,D,20240117,000000,41.32,41.7192,41.1752,41.7192,8036,0
LOUP.US,D,20240118,000000,42.22,42.2899,41.75,42.2242,4874,0
LOUP.US,D,20240119,000000,42.3499,42.9778,42.32,42.9778,5607,0
LOUP.US,D,20240122,000000,43.44,43.62,43.01,43.1516,5129,0
LOUP.US,D,20240123,000000,43.37,43.37,42.95,43.1346,3008,0
LOUP.US,D,20240124,000000,43.8753,44.03,43.4394,43.4394,13721,0
LOUP.US,D,20240125,000000,43.64,43.65,43.2905,43.3285,7886,0
LOUP.US,D,20240126,000000,43.29,43.5372,43.2321,43.2321,4672,0
LOUP.US,D,20240129,000000,43.08,43.8351,43.08,43.8351,6889,0
LOUP.US,D,20240130,000000,43.63,43.71,43.3315,43.4765,5910,0
LOUP.US,D,20240131,000000,43,43.37,42.7142,42.7142,2699,0
LOUP.US,D,20240201,000000,42.95,43.2,42.34,42.91,14697,0
LOUP.US,D,20240202,000000,43.43,44.5,43.36,44.2643,11789,0
LOUP.US,D,20240205,000000,44.2,44.2,43.5,43.9139,6341,0
LOUP.US,D,20240206,000000,43.9293,43.9293,43.59,43.8326,3141,0
LOUP.US,D,20240207,000000,44.367,44.7,44.28,44.6321,7428,0
LOUP.US,D,20240208,000000,45.25,46.23,45.2,46.14,48660,0
LOUP.US,D,20240209,000000,46.19,46.492,46.103,46.31,20552,0
LOUP.US,D,20240212,000000,46.42,46.7401,45.99,46.15,20645,0
LOUP.US,D,20240213,000000,44.67,45.5735,44.67,45.2629,13982,0
LOUP.US,D,20240214,000000,45.87,46.56,45.87,46.5579,16838,0
LOUP.US,D,20240215,000000,46.78,46.78,46.2,46.49,9960,0
LOUP.US,D,20240216,000000,46.24,46.4792,45.9,45.9,6691,0
LOUP.US,D,20240220,000000,45.56,45.632,44.7813,45.1908,8965,0
LOUP.US,D,20240221,000000,44.32,44.3599,44,44.2849,10061,0
LOUP.US,D,20240222,000000,45.61,46.0235,45.29,45.91,6219,0
LOUP.US,D,20240223,000000,46.11,46.37,45.95,46.0565,6240,0
LOUP.US,D,20240226,000000,46.34,46.7188,46.25,46.5458,7230,0
LOUP.US,D,20240227,000000,46.8058,46.85,46.59,46.7264,5899,0
LOUP.US,D,20240228,000000,46.33,46.86,46.14,46.7634,6732,0
LOUP.US,D,20240229,000000,46.96,47.245,46.9001,47.2415,10182,0
LOUP.US,D,20240301,000000,47.35,48.54,47.35,48.4894,7721,0
LOUP.US,D,20240304,000000,48.76,48.84,48.4674,48.4735,11927,0
LOUP.US,D,20240305,000000,47.93,47.93,46.99,47.3201,23877,0
LOUP.US,D,20240306,000000,48.06,48.5098,48.06,48.33,7177,0
LOUP.US,D,20240307,000000,48.55,48.7674,48.125,48.5585,11394,0
LOUP.US,D,20240308,000000,49,49.2299,47.68,47.68,9023,0
LOUP.US,D,20240311,000000,47.49,47.5436,47.1512,47.2771,6038,0
LOUP.US,D,20240312,000000,47.05,47.94,47.05,47.94,10134,0
LOUP.US,D,20240313,000000,47.78,47.78,47.32,47.3301,10773,0
LOUP.US,D,20240314,000000,47.48,47.48,46.63,46.6635,1825,0
LOUP.US,D,20240315,000000,46.31,46.5,46.15,46.2757,4953,0
LOUP.US,D,20240318,000000,46.67,46.86,46.59,46.6708,1562,0
LOUP.US,D,20240319,000000,46.16,46.35,45.65,46.35,10939,0
LOUP.US,D,20240320,000000,46.5,47.19,46.22,47.1432,8245,0
LOUP.US,D,20240321,000000,48.31,48.4999,48.06,48.06,11406,0
LOUP.US,D,20240322,000000,47.86,47.88,47.26,47.7727,6356,0
LOUP.US,D,20240325,000000,47.29,47.795,47.29,47.7382,9268,0
LOUP.US,D,20240326,000000,48.17,48.2,47.83,47.89,7148,0
LOUP.US,D,20240327,000000,48.09,48.2299,47.63,47.9272,4194,0
LOUP.US,D,20240328,000000,47.9299,47.9571,47.6301,47.75,4883,0
LOUP.US,D,20240401,000000,48.04,48.04,47.802,47.9299,4299,0
LOUP.US,D,20240402,000000,47.2,47.2,46.71,47.1,3132,0
LOUP.US,D,20240403,000000,46.94,47.7299,46.87,47.5875,7190,0
LOUP.US,D,20240404,000000,48.08,48.23,46.909,46.909,5635,0
LOUP.US,D,20240405,000000,47.1111,47.4899,47.03,47.3216,6765,0
LOUP.US,D,20240408,000000,47.66,47.6697,47.42,47.4928,4020,0
LOUP.US,D,20240409,000000,47.83,47.83,47.21,47.5822,9429,0
LOUP.US,D,20240410,000000,46.75,47.23,46.6,47.0204,18416,0
LOUP.US,D,20240411,000000,47.22,47.8021,47,47.7139,12377,0
LOUP.US,D,20240412,000000,46.7148,46.7299,46.2456,46.3639,4616,0
LOUP.US,D,20240415,000000,46.9,46.9,45.05,45.3437,4317,0
LOUP.US,D,20240416,000000,44.53,44.89,44.21,44.727,12578,0
LOUP.US,D,20240417,000000,44.68,44.69,43.78,44.0423,2731,0
LOUP.US,D,20240418,000000,44.12,44.12,43.561,43.5847,2860,0
LOUP.US,D,20240419,000000,43.19,43.25,42.181,42.3301,6070,0
LOUP.US,D,20240422,000000,42.5644,42.96,42.32,42.7732,4030,0
LOUP.US,D,20240423,000000,43.74,43.99,43.51,43.8147,7357,0
LOUP.US,D,20240424,000000,44.66,44.66,43.9547,44.274,2145,0
LOUP.US,D,20240425,000000,43.35,44.99,43.35,44.0374,3491,0
LOUP.US,D,20240426,000000,44.28,44.7897,44.28,44.7897,1088,0
LOUP.US,D,20240429,000000,44.72,45.0199,44.72,44.8813,3012,0
LOUP.US,D,20240430,000000,44.58,44.58,43.9137,43.9137,4497,0
LOUP.US,D,20240501,000000,43.14,44.23,42.93,43.2696,2304,0
LOUP.US,D,20240502,000000,43.6101,44.11,43.6101,44.0567,2565,0
LOUP.US,D,20240503,000000,45.07,45.1299,44.928,45.0146,2600,0
LOUP.US,D,20240506,000000,45.38,45.89,45.35,45.8508,7034,0
LOUP.US,D,20240507,000000,46.12,46.12,45.71,45.798,3456,0
LOUP.US,D,20240508,000000,45.36,45.5801,45.28,45.5374,3961,0
LOUP.US,D,20240509,000000,45.23,45.37,45.15,45.3308,2942,0
LOUP.US,D,20240510,000000,45.78,46.13,45.5801,45.7201,2826,0
LOUP.US,D,20240513,000000,45.97,45.97,45.36,45.4354,9111,0
LOUP.US,D,20240514,000000,45.72,46.47,45.72,46.4315,2450,0
LOUP.US,D,20240515,000000,46.9,47.98,46.884,47.9338,6356,0
LOUP.US,D,20240516,000000,47.7898,47.93,47.4399,47.4399,3963,0
LOUP.US,D,20240517,000000,47.445,47.475,47.0015,47.1864,2511,0
LOUP.US,D,20240520,000000,47.3301,47.89,47.3301,47.89,4062,0
LOUP.US,D,20240521,000000,47.23,47.59,47.23,47.38,3146,0
LOUP.US,D,20240522,000000,47.52,47.67,47.03,47.1574,26940,0
LOUP.US,D,20240523,000000,47.225,47.425,46.43,46.7083,5697,0
LOUP.US,D,20240524,000000,47.1,47.6014,47.1,47.45,4409,0
LOUP.US,D,20240528,000000,47.88,47.95,47.6084,47.8023,3576,0
LOUP.US,D,20240529,000000,47.04,47.56,47.04,47.4755,2208,0
LOUP.US,D,20240530,000000,47.08,47.116,46.6823,46.7224,6993,0
LOUP.US,D,20240531,000000,46.4,46.4,44.8,45.5015,6330,0
LOUP.US,D,20240603,000000,46.12,46.23,45.48,45.6415,5012,0
LOUP.US,D,20240604,000000,45.63,45.63,45.16,45.2845,1942,0
LOUP.US,D,20240605,000000,45.78,46.4001,45.78,46.3631,4585,0
LOUP.US,D,20240606,000000,46.61,46.62,46.102,46.3969,7091,0
LOUP.US,D,20240607,000000,46.31,46.34,45.86,46.0698,2743,0
LOUP.US,D,20240610,000000,46.4882,46.61,46.42,46.5142,2767,0
LOUP.US,D,20240611,000000,46.24,46.6676,46.1548,46.6676,8966,0
LOUP.US,D,20240612,000000,47.42,47.7944,47.39,47.6686,5226,0
LOUP.US,D,20240613,000000,47.67,47.86,47.08,47.1651,19610,0
LOUP.US,D,20240614,000000,46.72,46.8177,46.44,46.7076,4109,0
LOUP.US,D,20240617,000000,46.57,47.34,46.57,47.2536,4172,0
LOUP.US,D,20240618,000000,47.32,47.6299,47.32,47.45,5623,0
LOUP.US,D,20240620,000000,47.45,47.45,46.511,46.8359,4788,0
LOUP.US,D,20240621,000000,46.59,46.8767,46.1314,46.8767,2245,0
LOUP.US,D,20240624,000000,46.58,46.76,46.28,46.2968,1415,0
LOUP.US,D,20240625,000000,46.775,46.8899,46.63,46.8152,990,0
LOUP.US,D,20240626,000000,46.89,47.101,46.814,47.101,2189,0
LOUP.US,D,20240627,000000,46.98,47.77,46.98,47.5548,1758,0
LOUP.US,D,20240628,000000,47.9,48.08,47.48,47.589,2826,0
LOUP.US,D,20240701,000000,47.545,47.9664,47.28,47.9664,1593,0
LOUP.US,D,20240702,000000,47.55,48.3982,47.55,48.3043,5673,0
LOUP.US,D,20240703,000000,48.31,48.8,48.31,48.6421,2838,0
LOUP.US,D,20240705,000000,48.76,49.0401,48.75,49.0401,4522,0
LOUP.US,D,20240708,000000,49.17,49.34,49.06,49.2725,2667,0
LOUP.US,D,20240709,000000,49.385,49.385,48.69,48.8344,1914,0
LOUP.US,D,20240710,000000,48.75,48.8901,48.36,48.8901,1303,0
LOUP.US,D,20240711,000000,49.08,49.08,48.37,48.3971,26146,0
LOUP.US,D,20240712,000000,48.37,49.04,48.37,48.8187,5404,0
LOUP.US,D,20240715,000000,48.88,49.16,48.88,49.0334,19142,0
LOUP.US,D,20240716,000000,48.96,49.241,48.6501,49.241,11128,0
LOUP.US,D,20240717,000000,48.28,48.28,47.07,47.1746,6766,0
LOUP.US,D,20240718,000000,46.69,46.8177,46.24,46.3277,3342,0
LOUP.US,D,20240719,000000,46,46.15,45.6901,45.7898,25725,0
LOUP.US,D,20240722,000000,46.24,46.5,45.63,46.3007,7648,0
LOUP.US,D,20240723,000000,46.63,46.63,46.1874,46.1874,4737,0
LOUP.US,D,20240724,000000,45.73,45.73,44.2723,44.2723,2990,0
LOUP.US,D,20240725,000000,44.26,44.335,43.3,43.8971,3394,0
LOUP.US,D,20240726,000000,44.47,44.47,44.095,44.0972,1546,0
LOUP.US,D,20240729,000000,44.55,44.55,44.0627,44.0627,6895,0
LOUP.US,D,20240730,000000,44.12,44.12,42.8489,43.1316,4136,0
LOUP.US,D,20240731,000000,44.85,44.85,44.42,44.6627,3993,0
LOUP.US,D,20240801,000000,44.25,44.25,42.14,42.5567,12188,0
LOUP.US,D,20240802,000000,41.17,41.17,40.26,40.8892,20858,0
LOUP.US,D,20240805,000000,40.15,40.45,38.62,39.7139,5747,0
LOUP.US,D,20240806,000000,40.22,40.7,40.11,40.35,1791,0
LOUP.US,D,20240807,000000,41.18,41.31,39.9413,39.9413,2106,0
LOUP.US,D,20240808,000000,40.82,41.93,40.82,41.8121,4743,0
LOUP.US,D,20240809,000000,42.28,42.345,42.1101,42.1872,2593,0
LOUP.US,D,20240812,000000,42.44,42.53,42.3647,42.3647,1425,0
LOUP.US,D,20240813,000000,42.96,43.6399,42.8087,43.6003,3284,0
LOUP.US,D,20240814,000000,43.77,44.1584,43.77,44.1584,2857,0
LOUP.US,D,20240815,000000,45.01,45.88,45.01,45.7138,3524,0
LOUP.US,D,20240816,000000,45.91,46.05,45.71,46.0398,2614,0
LOUP.US,D,20240819,000000,45.9,46.2391,45.6,46.2391,8100,0
LOUP.US,D,20240820,000000,46.35,46.35,45.8,46.1131,4785,0
LOUP.US,D,20240821,000000,46.13,46.716,46.13,46.716,3293,0
LOUP.US,D,20240822,000000,46.578,46.578,45.6179,45.6179,4765,0
LOUP.US,D,20240823,000000,46.05,46.3298,46.05,46.3298,4796,0
LOUP.US,D,20240826,000000,46.21,46.21,45.6417,45.6417,4283,0
LOUP.US,D,20240827,000000,45.27,45.828,45.27,45.7795,1125,0
LOUP.US,D,20240828,000000,44.79,45.0785,44.79,45.0785,711,0
LOUP.US,D,20240829,000000,45.54,45.995,45.18,45.2537,2017,0
LOUP.US,D,20240830,000000,46.1455,46.1857,46.06,46.1857,1104,0
LOUP.US,D,20240903,000000,45.47,45.47,43.87,43.9516,4766,0
LOUP.US,D,20240904,000000,43.43,44.23,43.43,43.6182,4068,0
LOUP.US,D,20240905,000000,43.52,43.85,43.495,43.6621,1975,0
LOUP.US,D,20240906,000000,43.5,43.5,42.2,42.3628,4674,0
LOUP.US,D,20240909,000000,43.24,43.4,42.975,43.002,1579,0
LOUP.US,D,20240910,000000,43.08,43.25,42.7913,43.1918,1716,0
LOUP.US,D,20240911,000000,43.38,44.5631,43.38,44.5631,2383,0
LOUP.US,D,20240912,000000,44.61,45.25,44.61,45.0796,3079,0
LOUP.US,D,20240913,000000,45.15,45.5932,45.15,45.3166,5708,0
LOUP.US,D,20240916,000000,45.07,45.32,45.07,45.245,2521,0
LOUP.US,D,20240917,000000,45.526,45.76,45.3354,45.3354,2223,0
LOUP.US,D,20240918,000000,45.45,45.85,45.2781,45.2781,3660,0
LOUP.US,D,20240919,000000,46.47,46.64,46.22,46.405,3067,0
LOUP.US,D,20240920,000000,46.1484,46.4163,46.05,46.4163,2279,0
LOUP.US,D,20240923,000000,46.76,46.8964,46.76,46.8964,4358,0
LOUP.US,D,20240924,000000,46.79,47.17,46.79,47.0941,3247,0
LOUP.US,D,20240925,000000,47.32,47.685,47.18,47.5,6414,0
LOUP.US,D,20240926,000000,48.96,48.96,48.04,48.2773,4115,0
LOUP.US,D,20240927,000000,48.26,48.26,47.88,48.1465,1515,0
LOUP.US,D,20240930,000000,47.69,47.69,47.46,47.5991,1263,0
LOUP.US,D,20241001,000000,46.808486,47.25,46.5277,46.8888,2041,0
LOUP.US,D,20241002,000000,47.34,47.34,47.2782,47.2782,1122,0
LOUP.US,D,20241003,000000,46.81,47.14,46.81,47.0384,1264,0
LOUP.US,D,20241004,000000,47.77,48.1357,47.77,48.1357,1724,0
LOUP.US,D,20241007,000000,47.9974,48.095,47.76,47.9117,1678,0
LOUP.US,D,20241008,000000,47.76,48.6999,47.76,48.64,1496,0
LOUP.US,D,20241009,000000,48.62,49.2379,48.62,49.2379,4313,0
LOUP.US,D,20241010,000000,48.96,49.44,48.96,49.353,1095,0
LOUP.US,D,20241011,000000,49.17,50.1516,49.17,50.1516,1728,0
LOUP.US,D,20241014,000000,50.55,50.6585,50.45,50.6585,6855,0
LOUP.US,D,20241015,000000,50.8,50.8099,49.3175,49.371,5044,0
LOUP.US,D,20241016,000000,49.63,50,49.63,49.97,5101,0
LOUP.US,D,20241017,000000,50.49,50.49,49.92,50.0552,2396,0
LOUP.US,D,20241018,000000,50.13,50.28,50.13,50.1733,2973,0
LOUP.US,D,20241021,000000,50.05,50.1148,49.6901,50.1148,1838,0
LOUP.US,D,20241022,000000,49.68,49.85,49.56,49.8466,7508,0
LOUP.US,D,20241023,000000,49.6,49.85,48.8676,49.313,4692,0
LOUP.US,D,20241024,000000,49.75,49.9426,49.75,49.9426,677,0
LOUP.US,D,20241025,000000,50.34,50.6007,50.34,50.3944,3363,0
LOUP.US,D,20241028,000000,50.57,50.65,50.32,50.4739,2927,0
LOUP.US,D,20241029,000000,50.49,50.965,50.49,50.9462,6315,0
LOUP.US,D,20241030,000000,51.385,51.4163,51.25,51.25,882,0
LOUP.US,D,20241031,000000,50.05,50.05,49.435836,49.5072,1764,0
LOUP.US,D,20241101,000000,49.75,50.02,49.71,50.02,1766,0
LOUP.US,D,20241104,000000,49.72,50.1,49.52,49.5658,2224,0
LOUP.US,D,20241105,000000,50.63,51.48,50.63,51.48,5462,0
LOUP.US,D,20241106,000000,52.225,52.9699,52.15,52.9486,8289,0
LOUP.US,D,20241107,000000,54.005,54.33,53.96,54.29,4224,0
LOUP.US,D,20241108,000000,53.76,54.6439,53.76,54.6439,5688,0
LOUP.US,D,20241111,000000,55,55.05,54.5913,54.9077,5136,0
LOUP.US,D,20241112,000000,54.7064,54.7064,53.767239,54.255,4926,0
LOUP.US,D,20241113,000000,54.39,54.72,53.9244,53.9244,3418,0
LOUP.US,D,20241114,000000,53.32,53.74,53.18,53.18,2657,0
LOUP.US,D,20241115,000000,52.3,52.4,51.65,51.8177,4156,0
LOUP.US,D,20241118,000000,52.2534,52.5938,52.2534,52.49,3898,0
LOUP.US,D,20241119,000000,52.844,53.4199,52.7,53.4199,2076,0
LOUP.US,D,20241120,000000,53.15,53.62,52.91,53.3798,4788,0
LOUP.US,D,20241121,000000,54.43,55.55,54.35,55.46,17017,0
LOUP.US,D,20241122,000000,55.64,56.28,55.27,56.0227,18699,0
LOUP.US,D,20241125,000000,56.99,57,56.055,56.1412,10751,0
LOUP.US,D,20241126,000000,56.112,56.112,55.53,55.6839,5332,0
LOUP.US,D,20241127,000000,55.95,55.96,54.28,54.88,6848,0
LOUP.US,D,20241129,000000,54.99,55.48,54.99,55.1253,4345,0
LOUP.US,D,20241202,000000,55.2717,55.77,55.2717,55.5452,6985,0
LOUP.US,D,20241203,000000,55.625,56.16,55.36,56.09,2289,0
LOUP.US,D,20241204,000000,57.36,57.81,57.2,57.6535,7062,0
LOUP.US,D,20241205,000000,57.63,57.83,57.0524,57.0524,5900,0
LOUP.US,D,20241206,000000,57.21,57.75,57.06,57.5764,8017,0
LOUP.US,D,20241209,000000,57.99,58.12,56.76,56.867,6830,0
LOUP.US,D,20241210,000000,56.3957,56.45,54.8,54.8,8661,0
LOUP.US,D,20241211,000000,55.95,56.71,55.82,56.4592,10528,0
LOUP.US,D,20241212,000000,56.57,56.68,56.33,56.4022,3610,0
LOUP.US,D,20241213,000000,57.1769,57.22,56.59,57.17,3104,0
LOUP.US,D,20241216,000000,57.49,59.1399,57.49,58.3071,8538,0
LOUP.US,D,20241217,000000,57.35,57.9,57.09,57.3158,11352,0
LOUP.US,D,20241218,000000,57.33,57.52,53.95,54.4493,43978,0
LOUP.US,D,20241219,000000,53.6704,54.67,53.56,53.7775,5407,0
LOUP.US,D,20241220,000000,54.08,55.2872,53.01,55,2708,0
LOUP.US,D,20241223,000000,54.41,55.0699,54.4017,54.9519,5844,0
LOUP.US,D,20241224,000000,55.4,55.4,55.1,55.3668,4767,0
LOUP.US,D,20241226,000000,55.73,55.808,55.663,55.726,17316,0
LOUP.US,D,20241227,000000,55.25,55.25,54.6395,54.7378,1906,0
LOUP.US,D,20241230,000000,53.4907,54.4499,53.44,53.86,4766,0
LOUP.US,D,20241231,000000,53.86,53.86,53.3428,53.3428,2065,0
LOUP.US,D,20250102,000000,53.51,54.3,53.43,54.1252,7954,0
LOUP.US,D,20250103,000000,55.3506,56.14,55.28,55.986,5804,0
LOUP.US,D,20250106,000000,57.7414,57.9265,57.39,57.5461,7241,0
LOUP.US,D,20250107,000000,57.4,57.79,56.01,56.2136,6104,0
LOUP.US,D,20250108,000000,55.542805,56.1365,55.5,56.1365,2822,0
LOUP.US,D,20250110,000000,55,55.8042,55,55.5165,6529,0
LOUP.US,D,20250113,000000,53.72,54.7,53.47,54.56,4670,0
LOUP.US,D,20250114,000000,55.88,55.88,55.18,55.47,3546,0
LOUP.US,D,20250115,000000,56.95,57.39,56.64,56.95,11336,0
LOUP.US,D,20250116,000000,57.5501,57.84,57.4742,57.4742,2639,0
LOUP.US,D,20250117,000000,58.215,58.75,58.06,58.5587,8347,0
LOUP.US,D,20250121,000000,59.17,59.92,58.7,59.85,8922,0
LOUP.US,D,20250122,000000,60.735,61.01,60.54,60.6316,26021,0
LOUP.US,D,20250123,000000,59.8,60.419,59.51,60.4065,10942,0
LOUP.US,D,20250124,000000,60.91,61.03,59.945,60.0665,4940,0
LOUP.US,D,20250127,000000,55.97,57.12,54.88,55.35,25236,0
LOUP.US,D,20250128,000000,56.15,57.35,55.745,57.29,15724,0
LOUP.US,D,20250129,000000,57.2901,58.0099,57.0025,57.8,10419,0
LOUP.US,D,20250130,000000,58.96,59.43,58.64,59.2063,7964,0
LOUP.US,D,20250131,000000,59.38,60.41,58.97,59.2042,13797,0
LOUP.US,D,20250203,000000,56.5,58.7499,56.02,58.2485,4670,0
LOUP.US,D,20250204,000000,58.585,59.33,58.585,59.2252,6426,0
LOUP.US,D,20250205,000000,59.3,60.78,59.3,60.78,5281,0
LOUP.US,D,20250206,000000,60.95,60.95,59.93,60.4575,11896,0
LOUP.US,D,20250207,000000,60.9375,60.95,59.99,60.0711,6609,0
LOUP.US,D,20250210,000000,60.62,60.9441,60.6073,60.9262,6075,0
LOUP.US,D,20250211,000000,60.205,60.3227,59.63,59.7244,8555,0
LOUP.US,D,20250212,000000,58.92,59.875,58.68,59.42,10207,0
LOUP.US,D,20250213,000000,60.5072,60.696,60.12,60.5503,5799,0
LOUP.US,D,20250214,000000,60.202503,60.5762,60.195,60.54,6444,0
LOUP.US,D,20250218,000000,61.14,61.33,60.6233,60.9462,104412,0
LOUP.US,D,20250219,000000,60.62,60.64,59.3682,59.4304,39741,0
LOUP.US,D,20250220,000000,59.54,59.56,57.8267,58.15,23536,0
LOUP.US,D,20250221,000000,58.47,58.54,55.24,55.6,169885,0
LOUP.US,D,20250224,000000,55.51,55.55,53.68,54.35,32900,0
LOUP.US,D,20250225,000000,53.94,54.1,52.33,53.1,33275,0
LOUP.US,D,20250226,000000,54.44,55.315,54.44,54.654,13063,0
LOUP.US,D,20250227,000000,55.6101,55.6101,53.0306,53.0306,14945,0
LOUP.US,D,20250228,000000,52.5,53.6084,52.5,53.4,18392,0
LOUP.US,D,20250303,000000,53.78,54.28,51.1707,51.5296,17074,0
LOUP.US,D,20250304,000000,50.62,51.97,49.2503,51.1832,25038,0
LOUP.US,D,20250305,000000,51.27,52.74,51.15,52.6513,10711,0
LOUP.US,D,20250306,000000,50.305,51.05,49.18,49.1908,17963,0
LOUP.US,D,20250307,000000,49,49.79,47.47,49.3496,27599,0
LOUP.US,D,20250310,000000,47.24,47.71,45.33,45.7666,29399,0
LOUP.US,D,20250311,000000,46.5,47.8887,45.9232,47.17,15739,0
LOUP.US,D,20250312,000000,49.1073,49.19,48.1305,48.5889,27108,0
LOUP.US,D,20250313,000000,47.77,48.18,46.9497,47.294,7499,0
LOUP.US,D,20250314,000000,48.67,49.255,48.33,49.1117,6677,0
LOUP.US,D,20250317,000000,49.49,50.24,48.96,49.8718,19539,0
LOUP.US,D,20250318,000000,48.6565,49.21,48.13,48.4298,8170,0
LOUP.US,D,20250319,000000,48.7502,49.8916,48.66,49.4133,9065,0
LOUP.US,D,20250320,000000,49.153,49.97,49.153,49.3588,6065,0
LOUP.US,D,20250321,000000,48.79,49.5893,48.36,49.5893,5137,0
LOUP.US,D,20250324,000000,50.512,51.2078,50.512,51.0983,20784,0
LOUP.US,D,20250325,000000,51.34,51.34,50.51,50.6848,3973,0
LOUP.US,D,20250326,000000,50.15,50.57,48.525,48.7148,17592,0
LOUP.US,D,20250327,000000,47.97,48.4197,47.52,47.6536,26834,0
LOUP.US,D,20250328,000000,47.2533,47.32,45.895,46.1778,21568,0
LOUP.US,D,20250331,000000,44.82,45.485,44.01,45.4131,13972,0
LOUP.US,D,20250401,000000,45.15,46.29,45.13,46.1313,6927,0
LOUP.US,D,20250402,000000,46.101,47.47,45.27,47.0172,9111,0
LOUP.US,D,20250403,000000,44.6,44.6,42.7586,42.7586,27362,0
LOUP.US,D,20250404,000000,40.72,40.72,38.7584,39.4722,17554,0
