<TICKER>,<PER>,<DATE>,<TIME>,<OPEN>,<HIGH>,<LOW>,<CLOSE>,<VOL>,<OPENINT>
NULG.US,D,20161223,000000,23.372,23.381,23.354,23.372,642,0
NULG.US,D,20161227,000000,23.372,23.372,23.372,23.372,0,0
NULG.US,D,20161228,000000,23.372,23.372,23.372,23.372,0,0
NULG.US,D,20161229,000000,23.372,23.372,23.372,23.372,0,0
NULG.US,D,20161230,000000,23.372,23.372,23.372,23.372,26,0
NULG.US,D,20170103,000000,23.372,23.372,23.372,23.372,0,0
NULG.US,D,20170104,000000,23.372,23.372,23.372,23.372,0,0
NULG.US,D,20170105,000000,23.372,23.372,23.372,23.372,0,0
NULG.US,D,20170106,000000,23.372,23.372,23.372,23.372,0,0
NULG.US,D,20170109,000000,23.372,23.372,23.372,23.372,0,0
NULG.US,D,20170110,000000,23.372,23.372,23.372,23.372,0,0
NULG.US,D,20170111,000000,23.372,23.372,23.372,23.372,0,0
NULG.US,D,20170112,000000,23.678,23.678,23.678,23.678,1185,0
NULG.US,D,20170113,000000,23.678,23.678,23.678,23.678,0,0
NULG.US,D,20170117,000000,23.678,23.678,23.678,23.678,0,0
NULG.US,D,20170118,000000,23.678,23.678,23.678,23.678,0,0
NULG.US,D,20170119,000000,23.696,23.696,23.696,23.696,1185,0
NULG.US,D,20170120,000000,23.696,23.696,23.696,23.696,0,0
NULG.US,D,20170123,000000,23.696,23.696,23.696,23.696,0,0
NULG.US,D,20170124,000000,23.696,23.696,23.696,23.696,0,0
NULG.US,D,20170125,000000,23.696,23.696,23.696,23.696,0,0
NULG.US,D,20170126,000000,23.696,23.696,23.696,23.696,0,0
NULG.US,D,20170127,000000,23.696,23.696,23.696,23.696,0,0
NULG.US,D,20170130,000000,23.696,23.696,23.696,23.696,0,0
NULG.US,D,20170131,000000,23.696,23.696,23.696,23.696,0,0
NULG.US,D,20170201,000000,23.696,23.696,23.696,23.696,0,0
NULG.US,D,20170202,000000,23.696,23.696,23.696,23.696,0,0
NULG.US,D,20170203,000000,23.696,23.696,23.696,23.696,0,0
NULG.US,D,20170206,000000,23.696,23.696,23.696,23.696,0,0
NULG.US,D,20170207,000000,23.696,23.696,23.696,23.696,0,0
NULG.US,D,20170208,000000,23.696,23.696,23.696,23.696,0,0
NULG.US,D,20170209,000000,23.696,23.696,23.696,23.696,0,0
NULG.US,D,20170210,000000,24.103,24.354,24.103,24.354,217,0
NULG.US,D,20170213,000000,24.354,24.354,24.354,24.354,0,0
NULG.US,D,20170214,000000,24.354,24.354,24.354,24.354,0,0
NULG.US,D,20170215,000000,24.354,24.354,24.354,24.354,0,0
NULG.US,D,20170216,000000,24.568,24.568,24.568,24.568,869,0
NULG.US,D,20170217,000000,24.568,24.568,24.568,24.568,0,0
NULG.US,D,20170221,000000,24.568,24.568,24.568,24.568,0,0
NULG.US,D,20170222,000000,24.568,24.568,24.568,24.568,0,0
NULG.US,D,20170223,000000,24.568,24.568,24.568,24.568,0,0
NULG.US,D,20170224,000000,24.568,24.568,24.568,24.568,0,0
NULG.US,D,20170227,000000,24.568,24.568,24.568,24.568,0,0
NULG.US,D,20170228,000000,24.568,24.568,24.568,24.568,0,0
NULG.US,D,20170301,000000,24.568,24.568,24.568,24.568,0,0
NULG.US,D,20170302,000000,25.133,25.346,25.133,25.346,1832,0
NULG.US,D,20170303,000000,25.384,25.384,25.384,25.384,217,0
NULG.US,D,20170306,000000,25.156,25.18,25.087,25.087,4009,0
NULG.US,D,20170307,000000,24.939,24.939,24.939,24.939,2157,0
NULG.US,D,20170308,000000,24.939,24.939,24.939,24.939,0,0
NULG.US,D,20170309,000000,24.939,24.939,24.939,24.939,0,0
NULG.US,D,20170310,000000,24.957,24.957,24.957,24.957,766,0
NULG.US,D,20170313,000000,24.976,24.976,24.976,24.976,812,0
NULG.US,D,20170314,000000,25.003,25.003,24.957,25.003,806,0
NULG.US,D,20170315,000000,25.003,25.003,25.003,25.003,0,0
NULG.US,D,20170316,000000,25.003,25.003,25.003,25.003,0,0
NULG.US,D,20170317,000000,25.003,25.003,25.003,25.003,0,0
NULG.US,D,20170320,000000,25.198,25.198,25.189,25.191,1959,0
NULG.US,D,20170321,000000,25.191,25.191,25.191,25.191,0,0
NULG.US,D,20170322,000000,25.191,25.191,25.191,25.191,0,0
NULG.US,D,20170323,000000,25.003,25.003,25.003,25.003,381,0
NULG.US,D,20170324,000000,25.003,25.003,25.003,25.003,0,0
NULG.US,D,20170327,000000,25.922,25.922,25.922,25.922,0,0
NULG.US,D,20170328,000000,25.922,25.922,25.922,25.922,0,0
NULG.US,D,20170329,000000,25.922,25.922,25.922,25.922,0,0
NULG.US,D,20170330,000000,25.922,25.922,25.922,25.922,0,0
NULG.US,D,20170405,000000,25.011,25.011,25.011,25.011,803,0
NULG.US,D,20170406,000000,24.991,24.991,24.991,24.991,135,0
NULG.US,D,20170407,000000,24.991,24.991,24.991,24.991,81,0
NULG.US,D,20170410,000000,24.991,24.991,24.991,24.991,0,0
NULG.US,D,20170411,000000,24.949,24.949,24.949,24.949,617,0
NULG.US,D,20170412,000000,24.949,24.949,24.949,24.949,0,0
NULG.US,D,20170413,000000,25.003,25.003,25.003,25.003,248,0
NULG.US,D,20170417,000000,25.021,25.021,25.001,25.001,340,0
NULG.US,D,20170418,000000,25.001,25.001,25.001,25.001,0,0
NULG.US,D,20170419,000000,25.001,25.001,25.001,25.001,0,0
NULG.US,D,20170420,000000,25.001,25.001,25.001,25.001,0,0
NULG.US,D,20170421,000000,25.226,25.226,25.207,25.207,295,0
NULG.US,D,20170424,000000,25.429,25.429,25.429,25.429,172,0
NULG.US,D,20170425,000000,25.429,25.429,25.429,25.429,0,0
NULG.US,D,20170426,000000,25.429,25.429,25.429,25.429,0,0
NULG.US,D,20170427,000000,25.429,25.429,25.429,25.429,0,0
NULG.US,D,20170428,000000,25.429,25.429,25.429,25.429,2,0
NULG.US,D,20170501,000000,25.429,25.429,25.429,25.429,0,0
NULG.US,D,20170502,000000,25.429,25.429,25.429,25.429,0,0
NULG.US,D,20170503,000000,25.736,25.736,25.736,25.736,549,0
NULG.US,D,20170504,000000,25.829,25.829,25.806,25.806,974,0
NULG.US,D,20170505,000000,25.806,25.806,25.806,25.806,3,0
NULG.US,D,20170508,000000,25.949,25.969,25.949,25.969,761,0
NULG.US,D,20170509,000000,25.969,25.969,25.969,25.969,0,0
NULG.US,D,20170510,000000,25.969,25.969,25.969,25.969,0,0
NULG.US,D,20170511,000000,25.931,25.931,25.899,25.899,240,0
NULG.US,D,20170512,000000,25.899,25.899,25.899,25.899,0,0
NULG.US,D,20170515,000000,25.899,25.899,25.899,25.899,0,0
NULG.US,D,20170516,000000,26.144,26.144,26.144,26.144,206,0
NULG.US,D,20170517,000000,25.902,25.902,25.728,25.728,1125,0
NULG.US,D,20170518,000000,25.728,25.728,25.728,25.728,54,0
NULG.US,D,20170519,000000,26.115,26.116,26.115,26.115,620,0
NULG.US,D,20170522,000000,26.143,26.143,26.143,26.143,153,0
NULG.US,D,20170523,000000,26.173,26.173,26.146,26.146,499,0
NULG.US,D,20170524,000000,26.246,26.246,26.246,26.246,694,0
NULG.US,D,20170525,000000,26.45,26.45,26.45,26.45,915,0
NULG.US,D,20170526,000000,26.418,26.418,26.418,26.418,279,0
NULG.US,D,20170530,000000,26.418,26.418,26.418,26.418,0,0
NULG.US,D,20170531,000000,26.39,26.39,26.39,26.39,385,0
NULG.US,D,20170601,000000,26.649,26.663,26.649,26.663,1510,0
NULG.US,D,20170602,000000,26.757,26.831,26.757,26.831,1892,0
NULG.US,D,20170605,000000,26.831,26.831,26.831,26.831,0,0
NULG.US,D,20170606,000000,26.831,26.831,26.831,26.831,0,0
NULG.US,D,20170607,000000,26.831,26.831,26.831,26.831,0,0
NULG.US,D,20170608,000000,26.72,26.72,26.72,26.72,209,0
NULG.US,D,20170609,000000,26.738,26.738,26.738,26.738,114,0
NULG.US,D,20170612,000000,26.45,26.45,26.191,26.302,1284,0
NULG.US,D,20170613,000000,26.459,26.459,26.447,26.447,2541,0
NULG.US,D,20170614,000000,26.535,26.535,26.535,26.535,109,0
NULG.US,D,20170615,000000,26.535,26.535,26.535,26.535,0,0
NULG.US,D,20170616,000000,26.367,26.367,26.334,26.334,3005,0
NULG.US,D,20170619,000000,26.682,26.682,26.682,26.682,744,0
NULG.US,D,20170620,000000,26.636,26.636,26.636,26.636,778,0
NULG.US,D,20170621,000000,26.511,26.543,26.511,26.543,599,0
NULG.US,D,20170622,000000,26.501,26.625,26.501,26.616,2699,0
NULG.US,D,20170623,000000,26.636,26.636,26.636,26.636,334,0
NULG.US,D,20170626,000000,26.821,26.821,26.645,26.645,1667,0
NULG.US,D,20170627,000000,26.561,26.561,26.404,26.404,1252,0
NULG.US,D,20170628,000000,26.404,26.404,26.404,26.404,0,0
NULG.US,D,20170629,000000,26.249,26.249,26.249,26.249,451,0
NULG.US,D,20170630,000000,26.338,26.45,26.338,26.45,334,0
NULG.US,D,20170703,000000,26.421,26.421,26.274,26.274,1198,0
NULG.US,D,20170705,000000,26.264,26.394,26.264,26.354,717,0
NULG.US,D,20170706,000000,26.354,26.354,26.354,26.354,0,0
NULG.US,D,20170707,000000,26.942,26.942,26.246,26.293,3616,0
NULG.US,D,20170710,000000,26.459,26.459,26.459,26.459,136,0
NULG.US,D,20170711,000000,26.354,26.354,26.354,26.354,278,0
NULG.US,D,20170712,000000,26.619,26.619,26.619,26.619,107,0
NULG.US,D,20170713,000000,26.7,26.7,26.7,26.7,5071,0
NULG.US,D,20170714,000000,26.7,26.7,26.7,26.7,0,0
NULG.US,D,20170717,000000,26.871,26.886,26.831,26.831,9866,0
NULG.US,D,20170718,000000,26.867,26.904,26.867,26.904,1112,0
NULG.US,D,20170719,000000,26.904,26.904,26.904,26.904,0,0
NULG.US,D,20170720,000000,26.904,26.904,26.904,26.904,0,0
NULG.US,D,20170721,000000,26.904,26.904,26.904,26.904,0,0
NULG.US,D,20170724,000000,27.09,27.09,27.09,27.09,536,0
NULG.US,D,20170725,000000,27.09,27.09,27.09,27.09,0,0
NULG.US,D,20170726,000000,27.09,27.09,27.09,27.09,0,0
NULG.US,D,20170727,000000,27.108,27.108,26.833,26.833,5501,0
NULG.US,D,20170728,000000,26.978,26.978,26.978,26.978,110,0
NULG.US,D,20170731,000000,27.062,27.062,27.062,27.062,204,0
NULG.US,D,20170801,000000,26.997,26.997,26.961,26.97,1096,0
NULG.US,D,20170802,000000,27.081,27.081,27.007,27.009,1203,0
NULG.US,D,20170803,000000,27.025,27.025,27.025,27.025,115,0
NULG.US,D,20170804,000000,27.128,27.128,27.128,27.128,116,0
NULG.US,D,20170807,000000,27.182,27.182,27.182,27.182,128,0
NULG.US,D,20170808,000000,27.174,27.174,27.174,27.174,122,0
NULG.US,D,20170809,000000,26.933,26.933,26.933,26.933,288,0
NULG.US,D,20170810,000000,26.803,26.803,26.803,26.803,113,0
NULG.US,D,20170811,000000,26.766,26.766,26.766,26.766,156,0
NULG.US,D,20170814,000000,27.016,27.016,27.016,27.016,0,0
NULG.US,D,20170815,000000,26.831,26.831,26.812,26.823,827,0
NULG.US,D,20170816,000000,26.961,26.961,26.961,26.961,1497,0
NULG.US,D,20170817,000000,26.867,26.867,26.867,26.867,283,0
NULG.US,D,20170818,000000,26.867,26.867,26.867,26.867,0,0
NULG.US,D,20170821,000000,26.867,26.867,26.867,26.867,0,0
NULG.US,D,20170822,000000,26.867,26.867,26.867,26.867,0,0
NULG.US,D,20170823,000000,26.744,26.766,26.744,26.745,1895,0
NULG.US,D,20170824,000000,26.745,26.745,26.745,26.745,0,0
NULG.US,D,20170825,000000,26.745,26.745,26.745,26.745,0,0
NULG.US,D,20170828,000000,26.775,26.803,26.775,26.803,596,0
NULG.US,D,20170829,000000,26.636,26.636,26.636,26.636,162,0
NULG.US,D,20170830,000000,26.636,26.636,26.636,26.636,0,0
NULG.US,D,20170831,000000,26.636,26.636,26.636,26.636,0,0
NULG.US,D,20170901,000000,27.201,27.201,27.191,27.191,1969,0
NULG.US,D,20170905,000000,27.097,27.097,27.044,27.044,1591,0
NULG.US,D,20170906,000000,27.044,27.044,27.044,27.044,0,0
NULG.US,D,20170907,000000,27.044,27.044,27.044,27.044,0,0
NULG.US,D,20170908,000000,27.044,27.044,27.044,27.044,0,0
NULG.US,D,20170911,000000,27.044,27.044,27.044,27.044,0,0
NULG.US,D,20170912,000000,27.368,27.47,27.368,27.406,2005,0
NULG.US,D,20170913,000000,27.48,27.48,27.479,27.48,2289,0
NULG.US,D,20170914,000000,27.452,27.47,27.452,27.47,1935,0
NULG.US,D,20170915,000000,27.452,27.452,27.452,27.452,783,0
NULG.US,D,20170918,000000,27.452,27.452,27.452,27.452,933,0
NULG.US,D,20170919,000000,27.47,27.47,27.47,27.47,828,0
NULG.US,D,20170920,000000,27.386,27.433,27.386,27.397,3456,0
NULG.US,D,20170921,000000,27.386,27.386,27.374,27.374,913,0
NULG.US,D,20170922,000000,27.34,27.34,27.303,27.303,521,0
NULG.US,D,20170925,000000,27.303,27.303,27.303,27.303,238,0
NULG.US,D,20170926,000000,27.266,27.266,27.13,27.21,513,0
NULG.US,D,20170927,000000,27.275,27.359,27.218,27.359,1131,0
NULG.US,D,20170928,000000,27.322,27.322,27.238,27.238,1166,0
NULG.US,D,20170929,000000,27.394,27.394,27.394,27.394,1919,0
NULG.US,D,20171002,000000,27.545,27.58,27.415,27.58,27332,0
NULG.US,D,20171003,000000,27.628,27.628,27.572,27.58,54337,0
NULG.US,D,20171004,000000,27.628,27.664,27.623,27.636,4139,0
NULG.US,D,20171005,000000,27.822,27.841,27.822,27.841,11410,0
NULG.US,D,20171006,000000,27.851,27.879,27.851,27.879,11849,0
NULG.US,D,20171009,000000,27.86,27.869,27.822,27.822,13224,0
NULG.US,D,20171010,000000,27.906,27.906,27.831,27.831,11162,0
NULG.US,D,20171011,000000,27.86,27.879,27.86,27.879,54229,0
NULG.US,D,20171012,000000,27.943,27.99,27.943,27.962,55213,0
NULG.US,D,20171013,000000,28.036,28.036,28.017,28.017,327,0
NULG.US,D,20171016,000000,27.962,27.998,27.962,27.998,12709,0
NULG.US,D,20171017,000000,28.018,28.018,27.981,27.998,11118,0
NULG.US,D,20171018,000000,28.175,28.184,28.018,28.018,54478,0
NULG.US,D,20171019,000000,27.879,28.036,27.879,28.036,11323,0
NULG.US,D,20171020,000000,28.073,28.093,28.073,28.093,11030,0
NULG.US,D,20171023,000000,28.147,28.147,28.064,28.064,54024,0
NULG.US,D,20171024,000000,28.102,28.102,28.102,28.102,10782,0
NULG.US,D,20171025,000000,27.915,27.953,27.768,27.887,14896,0
NULG.US,D,20171026,000000,27.971,27.971,27.915,27.962,55788,0
NULG.US,D,20171027,000000,28.12,28.23,28.12,28.23,14019,0
NULG.US,D,20171030,000000,28.12,28.12,28.12,28.12,53912,0
NULG.US,D,20171031,000000,28.222,28.315,28.222,28.315,11214,0
NULG.US,D,20171101,000000,28.385,28.385,28.259,28.259,11743,0
NULG.US,D,20171102,000000,28.193,28.267,28.193,28.267,11971,0
NULG.US,D,20171103,000000,28.267,28.407,28.267,28.398,16048,0
NULG.US,D,20171106,000000,28.435,28.481,28.426,28.481,122437,0
NULG.US,D,20171107,000000,28.444,28.453,28.444,28.453,10794,0
NULG.US,D,20171108,000000,28.518,28.518,28.518,28.518,10782,0
NULG.US,D,20171109,000000,28.324,28.324,28.175,28.184,11897,0
NULG.US,D,20171110,000000,28.334,28.407,28.334,28.407,12080,0
NULG.US,D,20171113,000000,28.388,28.388,28.388,28.388,10784,0
NULG.US,D,20171114,000000,28.267,28.267,28.267,28.267,10807,0
NULG.US,D,20171115,000000,28.222,28.222,28.203,28.203,10998,0
NULG.US,D,20171116,000000,28.5,28.5,28.5,28.5,10791,0
NULG.US,D,20171117,000000,28.444,28.444,28.426,28.426,10918,0
NULG.US,D,20171120,000000,28.444,28.444,28.444,28.444,108263,0
NULG.US,D,20171121,000000,28.658,28.667,28.658,28.667,10799,0
NULG.US,D,20171122,000000,28.573,28.658,28.573,28.649,99970,0
NULG.US,D,20171124,000000,28.685,28.685,28.685,28.685,130,0
NULG.US,D,20171127,000000,28.815,28.815,28.705,28.732,14634,0
NULG.US,D,20171128,000000,28.833,28.833,28.833,28.833,10795,0
NULG.US,D,20171129,000000,28.695,28.695,28.625,28.625,54901,0
NULG.US,D,20171130,000000,28.759,28.963,28.759,28.963,29357,0
NULG.US,D,20171201,000000,28.755,28.778,28.755,28.778,591,0
NULG.US,D,20171204,000000,28.862,28.862,28.862,28.862,440,0
NULG.US,D,20171205,000000,28.737,28.737,28.685,28.685,804,0
NULG.US,D,20171206,000000,28.555,28.555,28.554,28.555,3282,0
NULG.US,D,20171207,000000,28.555,28.555,28.555,28.555,3287,0
NULG.US,D,20171208,000000,28.555,28.555,28.555,28.555,118,0
NULG.US,D,20171211,000000,28.936,28.936,28.895,28.895,2050,0
NULG.US,D,20171212,000000,28.962,28.982,28.936,28.936,2807,0
NULG.US,D,20171213,000000,29.011,29.047,28.983,29.011,13282,0
NULG.US,D,20171214,000000,29.011,29.011,28.889,28.89,1510,0
NULG.US,D,20171215,000000,28.89,28.89,28.89,28.89,1519,0
NULG.US,D,20171218,000000,29.308,29.308,29.251,29.251,1245,0
NULG.US,D,20171219,000000,29.167,29.167,29.167,29.167,972,0
NULG.US,D,20171220,000000,29.112,29.112,29.112,29.112,13,0
NULG.US,D,20171221,000000,29.177,29.2,29.176,29.2,1330,0
NULG.US,D,20171222,000000,29.066,29.066,29.049,29.066,2429,0
NULG.US,D,20171226,000000,29.021,29.021,29.021,29.021,36,0
NULG.US,D,20171227,000000,28.993,28.993,28.993,28.993,282,0
NULG.US,D,20171228,000000,29.03,29.03,29.024,29.024,668,0
NULG.US,D,20171229,000000,29.024,29.024,29.024,29.024,813,0
NULG.US,D,20180102,000000,29.099,29.099,29.099,29.099,417,0
NULG.US,D,20180103,000000,29.099,29.099,29.099,29.099,648,0
NULG.US,D,20180104,000000,29.579,29.579,29.561,29.561,524,0
NULG.US,D,20180105,000000,29.765,29.83,29.765,29.818,2222,0
NULG.US,D,20180108,000000,29.814,29.885,29.814,29.885,8156,0
NULG.US,D,20180109,000000,29.922,30.034,29.922,30.017,678,0
NULG.US,D,20180110,000000,29.849,29.849,29.849,29.849,487,0
NULG.US,D,20180111,000000,29.83,29.83,29.83,29.83,178,0
NULG.US,D,20180112,000000,30.426,30.434,30.423,30.423,1056,0
NULG.US,D,20180116,000000,30.296,30.296,30.296,30.296,133,0
NULG.US,D,20180117,000000,30.397,30.454,30.397,30.426,81357,0
NULG.US,D,20180118,000000,30.651,30.651,30.651,30.651,133,0
NULG.US,D,20180119,000000,30.76,30.798,30.714,30.798,2051,0
NULG.US,D,20180122,000000,30.919,30.974,30.919,30.974,737,0
NULG.US,D,20180123,000000,31.169,31.207,31.169,31.207,4414,0
NULG.US,D,20180124,000000,31.291,31.291,31.273,31.273,3922,0
NULG.US,D,20180125,000000,31.254,31.254,31.105,31.212,1396,0
NULG.US,D,20180126,000000,31.207,31.421,31.207,31.421,8610,0
NULG.US,D,20180129,000000,31.337,31.337,31.217,31.227,631,0
NULG.US,D,20180130,000000,30.77,30.77,30.77,30.77,241,0
NULG.US,D,20180131,000000,30.863,30.873,30.77,30.873,3150,0
NULG.US,D,20180201,000000,30.798,30.937,30.798,30.937,687,0
NULG.US,D,20180202,000000,30.501,30.501,30.501,30.501,425,0
NULG.US,D,20180205,000000,29.506,29.506,29.506,29.506,1988,0
NULG.US,D,20180206,000000,29.347,29.729,28.827,29.729,3589,0
NULG.US,D,20180207,000000,29.97,29.97,29.811,29.811,1908,0
NULG.US,D,20180208,000000,28.873,28.873,28.873,28.873,3460,0
NULG.US,D,20180209,000000,27.98,28.975,27.98,28.975,9154,0
NULG.US,D,20180212,000000,29.301,29.301,29.207,29.207,1535,0
NULG.US,D,20180213,000000,29.207,29.207,29.207,29.207,26,0
NULG.US,D,20180214,000000,29.412,29.729,29.402,29.729,3641,0
NULG.US,D,20180215,000000,30.068,30.277,30.068,30.268,6501,0
NULG.US,D,20180216,000000,30.487,30.487,30.487,30.487,474,0
NULG.US,D,20180220,000000,30.474,30.474,30.474,30.474,249,0
NULG.US,D,20180221,000000,30.474,30.474,30.474,30.474,285,0
NULG.US,D,20180222,000000,30.356,30.361,30.193,30.193,1571,0
NULG.US,D,20180223,000000,30.431,30.49,30.431,30.431,4423,0
NULG.US,D,20180226,000000,30.937,30.937,30.834,30.891,1784,0
NULG.US,D,20180227,000000,30.937,30.994,30.854,30.871,5940,0
NULG.US,D,20180228,000000,30.901,30.937,30.519,30.519,8280,0
NULG.US,D,20180301,000000,30.417,30.417,29.989,29.989,2745,0
NULG.US,D,20180302,000000,29.977,30.106,29.977,30.106,392,0
NULG.US,D,20180305,000000,30.106,30.106,30.106,30.106,25,0
NULG.US,D,20180306,000000,30.696,30.747,30.572,30.71,16050,0
NULG.US,D,20180307,000000,30.687,30.687,30.687,30.687,504,0
NULG.US,D,20180308,000000,30.911,30.994,30.873,30.994,7824,0
NULG.US,D,20180309,000000,31.468,31.468,31.468,31.468,233,0
NULG.US,D,20180312,000000,31.542,31.644,31.487,31.635,5242,0
NULG.US,D,20180313,000000,31.663,31.663,31.495,31.495,399,0
NULG.US,D,20180314,000000,31.393,31.393,31.236,31.236,1589,0
NULG.US,D,20180315,000000,31.276,31.412,31.236,31.236,7202,0
NULG.US,D,20180316,000000,31.302,31.302,31.302,31.302,249,0
NULG.US,D,20180319,000000,31.356,31.356,31.356,31.356,167,0
NULG.US,D,20180320,000000,31.031,31.077,31.031,31.071,803,0
NULG.US,D,20180321,000000,31.039,31.039,31.029,31.029,860,0
NULG.US,D,20180322,000000,30.696,30.696,30.285,30.285,12384,0
NULG.US,D,20180323,000000,30.231,30.231,29.737,29.737,2163,0
NULG.US,D,20180326,000000,30.034,30.034,30.034,30.034,87,0
NULG.US,D,20180327,000000,30.464,30.474,30.258,30.258,3256,0
NULG.US,D,20180328,000000,29.887,29.887,29.506,29.506,774,0
NULG.US,D,20180329,000000,29.97,30.314,29.95,30.072,12161,0
NULG.US,D,20180402,000000,29.849,29.849,29.17,29.17,7862,0
NULG.US,D,20180403,000000,29.71,29.71,29.71,29.71,1278,0
NULG.US,D,20180404,000000,29.589,29.821,29.579,29.821,10788,0
NULG.US,D,20180405,000000,30.222,30.501,30.222,30.426,1789,0
NULG.US,D,20180406,000000,30.24,30.24,29.564,29.71,4403,0
NULG.US,D,20180409,000000,30.101,30.119,30.076,30.076,1974,0
NULG.US,D,20180410,000000,30.076,30.076,30.076,30.076,102,0
NULG.US,D,20180411,000000,30.138,30.426,30.138,30.286,10035,0
NULG.US,D,20180412,000000,30.501,30.575,30.417,30.545,9128,0
NULG.US,D,20180413,000000,30.268,30.268,30.268,30.268,159,0
NULG.US,D,20180416,000000,30.474,30.602,30.474,30.602,3798,0
NULG.US,D,20180417,000000,30.844,31.106,30.839,31.106,6033,0
NULG.US,D,20180418,000000,31.106,31.106,31.106,31.106,38,0
NULG.US,D,20180419,000000,30.854,30.854,30.659,30.705,8146,0
NULG.US,D,20180420,000000,30.705,30.714,30.407,30.407,4232,0
NULG.US,D,20180423,000000,30.547,30.612,30.277,30.407,9879,0
NULG.US,D,20180424,000000,30.575,30.575,29.765,29.868,6169,0
NULG.US,D,20180425,000000,29.914,30.037,29.906,29.914,5452,0
NULG.US,D,20180426,000000,30.361,30.379,30.352,30.352,5020,0
NULG.US,D,20180427,000000,30.324,30.324,30.324,30.324,674,0
NULG.US,D,20180430,000000,30.407,30.48,30.146,30.146,4549,0
NULG.US,D,20180501,000000,30.165,30.165,30.119,30.119,2608,0
NULG.US,D,20180502,000000,30.369,30.501,30.24,30.24,3152,0
NULG.US,D,20180503,000000,30.24,30.24,29.849,29.849,867,0
NULG.US,D,20180504,000000,30.286,30.826,30.286,30.722,8554,0
NULG.US,D,20180507,000000,30.956,31.012,30.941,31.012,2547,0
NULG.US,D,20180508,000000,30.816,30.994,30.816,30.927,4314,0
NULG.US,D,20180509,000000,30.969,31.217,30.969,31.217,3264,0
NULG.US,D,20180510,000000,31.309,31.431,31.286,31.421,1477,0
NULG.US,D,20180511,000000,31.558,31.558,31.421,31.477,1292,0
NULG.US,D,20180514,000000,31.673,31.673,31.485,31.505,16909,0
NULG.US,D,20180515,000000,31.495,31.495,31.191,31.262,18154,0
NULG.US,D,20180516,000000,31.468,31.477,31.431,31.464,2552,0
NULG.US,D,20180517,000000,31.464,31.495,31.328,31.354,17486,0
NULG.US,D,20180518,000000,31.384,31.402,31.375,31.384,3275,0
NULG.US,D,20180521,000000,31.644,31.644,31.469,31.515,8912,0
NULG.US,D,20180522,000000,31.644,31.644,31.439,31.439,3366,0
NULG.US,D,20180523,000000,31.393,31.711,31.393,31.711,4911,0
NULG.US,D,20180524,000000,31.969,31.969,31.575,31.682,2807,0
NULG.US,D,20180525,000000,31.654,31.654,31.546,31.589,12692,0
NULG.US,D,20180529,000000,32.491,32.491,31.328,31.337,5572,0
NULG.US,D,20180530,000000,31.682,31.682,31.671,31.671,378,0
NULG.US,D,20180531,000000,31.794,31.794,31.495,31.495,2471,0
NULG.US,D,20180601,000000,31.858,31.906,31.715,31.858,3332,0
NULG.US,D,20180604,000000,32.054,32.128,31.969,32.128,4344,0
NULG.US,D,20180605,000000,32.193,32.193,32.164,32.184,2154,0
NULG.US,D,20180606,000000,32.406,32.406,32.394,32.394,653,0
NULG.US,D,20180607,000000,32.63,32.63,32.342,32.406,4891,0
NULG.US,D,20180608,000000,32.398,32.518,32.398,32.518,6181,0
NULG.US,D,20180611,000000,33.44,33.44,32.537,32.594,12963,0
NULG.US,D,20180612,000000,32.598,32.658,32.598,32.658,1473,0
NULG.US,D,20180613,000000,32.766,32.789,32.668,32.668,1125,0
NULG.US,D,20180614,000000,32.789,32.809,32.769,32.769,2880,0
NULG.US,D,20180615,000000,32.769,32.769,32.64,32.64,510,0
NULG.US,D,20180618,000000,32.686,32.714,32.686,32.705,1676,0
NULG.US,D,20180619,000000,32.705,32.705,32.37,32.454,5981,0
NULG.US,D,20180620,000000,32.606,32.705,32.606,32.691,1035,0
NULG.US,D,20180621,000000,32.732,32.751,32.342,32.389,4678,0
NULG.US,D,20180622,000000,32.37,32.37,32.231,32.231,1296,0
NULG.US,D,20180625,000000,32.063,32.063,31.514,31.514,4087,0
NULG.US,D,20180626,000000,31.878,32.007,31.868,31.914,4204,0
NULG.US,D,20180627,000000,32.073,32.112,31.773,31.773,2644,0
NULG.US,D,20180628,000000,31.773,31.802,31.57,31.795,16361,0
NULG.US,D,20180629,000000,32.081,32.165,31.906,31.906,1316,0
NULG.US,D,20180702,000000,31.896,31.979,31.746,31.96,8315,0
NULG.US,D,20180703,000000,32.351,32.351,31.886,31.886,4588,0
NULG.US,D,20180705,000000,32.314,32.314,31.914,32.083,1948,0
NULG.US,D,20180706,000000,32.37,32.435,32.221,32.435,6500,0
NULG.US,D,20180709,000000,32.723,32.723,32.602,32.649,7147,0
NULG.US,D,20180710,000000,32.779,32.791,32.705,32.761,1535,0
NULG.US,D,20180711,000000,32.668,32.668,32.546,32.574,4841,0
NULG.US,D,20180712,000000,32.891,32.919,32.873,32.9,3834,0
NULG.US,D,20180713,000000,32.947,32.984,32.947,32.984,1206,0
NULG.US,D,20180716,000000,33.012,33.086,32.798,32.836,7341,0
NULG.US,D,20180717,000000,32.732,33.068,32.696,33.031,14306,0
NULG.US,D,20180718,000000,32.928,32.928,32.928,32.928,226,0
NULG.US,D,20180719,000000,32.826,32.928,32.826,32.909,4842,0
NULG.US,D,20180720,000000,32.956,32.956,32.866,32.866,2948,0
NULG.US,D,20180723,000000,32.696,32.873,32.621,32.822,11352,0
NULG.US,D,20180724,000000,33.04,33.04,32.705,32.758,3038,0
NULG.US,D,20180725,000000,33.015,33.245,33.015,33.235,9989,0
NULG.US,D,20180726,000000,33.245,33.318,33.206,33.263,9008,0
NULG.US,D,20180727,000000,33.095,33.104,32.678,32.769,4640,0
NULG.US,D,20180730,000000,32.751,32.751,32.332,32.37,9663,0
NULG.US,D,20180731,000000,32.509,32.696,32.509,32.602,5760,0
NULG.US,D,20180801,000000,32.741,32.836,32.712,32.712,3475,0
NULG.US,D,20180802,000000,32.873,33.123,32.873,33.11,5495,0
NULG.US,D,20180803,000000,33.226,33.254,33.07,33.114,9576,0
NULG.US,D,20180806,000000,33.245,33.394,33.245,33.384,4116,0
NULG.US,D,20180807,000000,33.299,33.532,33.299,33.523,2514,0
NULG.US,D,20180808,000000,33.411,33.532,33.323,33.486,12973,0
NULG.US,D,20180809,000000,33.44,33.561,33.374,33.468,7124,0
NULG.US,D,20180810,000000,33.384,33.411,33.235,33.29,6137,0
NULG.US,D,20180813,000000,33.254,33.309,33.161,33.188,2383,0
NULG.US,D,20180814,000000,33.151,33.411,33.151,33.366,13354,0
NULG.US,D,20180815,000000,33.059,33.132,32.928,33.132,4538,0
NULG.US,D,20180816,000000,33.161,33.43,33.161,33.309,4490,0
NULG.US,D,20180817,000000,33.17,33.327,33.161,33.29,5644,0
NULG.US,D,20180820,000000,33.29,33.44,33.29,33.411,4743,0
NULG.US,D,20180821,000000,33.486,33.653,33.486,33.617,4821,0
NULG.US,D,20180822,000000,33.598,33.709,33.598,33.682,7910,0
NULG.US,D,20180823,000000,33.784,33.784,33.645,33.645,4874,0
NULG.US,D,20180824,000000,33.821,34.007,33.821,34.007,3185,0
NULG.US,D,20180827,000000,34.24,34.286,34.202,34.23,4499,0
NULG.US,D,20180828,000000,34.305,34.361,34.207,34.361,7616,0
NULG.US,D,20180829,000000,34.5,34.574,34.495,34.574,6220,0
NULG.US,D,20180830,000000,34.453,34.574,34.361,34.425,7071,0
NULG.US,D,20180831,000000,34.574,34.574,34.435,34.529,12884,0
NULG.US,D,20180904,000000,34.481,34.481,34.356,34.389,4541,0
NULG.US,D,20180905,000000,34.137,34.137,34.018,34.018,3537,0
NULG.US,D,20180906,000000,34.184,34.184,33.858,33.979,6192,0
NULG.US,D,20180907,000000,33.969,33.969,33.821,33.923,6277,0
NULG.US,D,20180910,000000,33.988,34.109,33.98,34.089,3890,0
NULG.US,D,20180911,000000,34.118,34.295,34.007,34.278,6772,0
NULG.US,D,20180912,000000,34.435,34.445,34.073,34.24,2107,0
NULG.US,D,20180913,000000,34.481,34.536,34.475,34.475,3139,0
NULG.US,D,20180914,000000,34.593,34.631,34.473,34.574,8604,0
NULG.US,D,20180917,000000,34.658,34.658,34.221,34.221,6184,0
NULG.US,D,20180918,000000,34.425,34.463,34.417,34.417,3771,0
NULG.US,D,20180919,000000,34.5,34.5,34.297,34.332,7847,0
NULG.US,D,20180920,000000,34.453,34.667,34.453,34.658,17733,0
NULG.US,D,20180921,000000,34.667,34.667,34.536,34.542,5984,0
NULG.US,D,20180924,000000,34.529,34.603,34.398,34.593,21560,0
NULG.US,D,20180925,000000,34.704,34.742,34.612,34.676,16211,0
NULG.US,D,20180926,000000,34.863,34.899,34.676,34.751,7881,0
NULG.US,D,20180927,000000,34.769,34.816,34.732,34.732,8421,0
NULG.US,D,20180928,000000,34.603,34.778,34.603,34.723,10332,0
NULG.US,D,20181001,000000,35.05,35.077,34.854,34.854,6823,0
NULG.US,D,20181002,000000,34.881,34.918,34.732,34.732,8626,0
NULG.US,D,20181003,000000,34.89,34.937,34.807,34.81,6407,0
NULG.US,D,20181004,000000,34.481,34.481,34.035,34.19,5964,0
NULG.US,D,20181005,000000,34.118,34.118,33.635,33.914,3978,0
NULG.US,D,20181008,000000,33.803,33.877,33.426,33.617,8395,0
NULG.US,D,20181009,000000,33.682,33.69,33.523,33.659,10501,0
NULG.US,D,20181010,000000,33.532,33.532,32.431,32.431,15923,0
NULG.US,D,20181011,000000,32.137,32.436,31.626,31.969,11061,0
NULG.US,D,20181012,000000,32.361,32.463,31.957,32.463,15770,0
NULG.US,D,20181015,000000,32.398,32.398,32.063,32.109,119479,0
NULG.US,D,20181016,000000,32.375,32.937,32.375,32.937,11867,0
NULG.US,D,20181017,000000,33.059,33.059,32.678,32.873,9434,0
NULG.US,D,20181018,000000,32.612,32.678,32.091,32.258,13430,0
NULG.US,D,20181019,000000,32.612,32.612,32.081,32.157,10847,0
NULG.US,D,20181022,000000,32.268,32.268,31.923,32.182,5916,0
NULG.US,D,20181023,000000,31.606,31.979,31.347,31.979,5884,0
NULG.US,D,20181024,000000,31.83,31.858,30.742,30.751,4950,0
NULG.US,D,20181025,000000,31.086,31.598,31.086,31.486,9858,0
NULG.US,D,20181026,000000,31.007,31.199,30.687,30.994,10864,0
NULG.US,D,20181029,000000,31.421,31.439,29.979,30.501,27707,0
NULG.US,D,20181030,000000,30.417,30.873,30.417,30.595,15519,0
NULG.US,D,20181031,000000,31.281,31.765,31.281,31.505,16996,0
NULG.US,D,20181101,000000,31.718,32.032,31.57,32.03,8215,0
NULG.US,D,20181102,000000,31.896,32.157,31.466,31.644,7824,0
NULG.US,D,20181105,000000,31.514,31.682,31.514,31.682,2181,0
NULG.US,D,20181106,000000,31.933,31.933,31.783,31.783,7130,0
NULG.US,D,20181107,000000,32.259,32.698,32.236,32.698,9121,0
NULG.US,D,20181108,000000,32.732,32.732,32.545,32.603,13139,0
NULG.US,D,20181109,000000,32.546,32.546,32.132,32.304,4435,0
NULG.US,D,20181112,000000,31.774,31.774,31.502,31.598,1181,0
NULG.US,D,20181113,000000,31.291,31.673,31.291,31.375,6583,0
NULG.US,D,20181114,000000,31.589,31.589,30.91,31.002,2921,0
NULG.US,D,20181115,000000,30.919,31.589,30.882,31.431,12885,0
NULG.US,D,20181116,000000,31.459,31.579,31.365,31.551,4373,0
NULG.US,D,20181119,000000,31.301,31.301,30.668,30.751,8694,0
NULG.US,D,20181120,000000,29.94,30.359,29.849,30.02,7197,0
NULG.US,D,20181121,000000,30.284,30.445,30.284,30.426,13746,0
NULG.US,D,20181123,000000,30.202,30.202,30.202,30.202,226,0
NULG.US,D,20181126,000000,30.454,30.602,30.342,30.602,21462,0
NULG.US,D,20181127,000000,30.547,30.634,30.547,30.634,6877,0
NULG.US,D,20181128,000000,30.998,31.626,30.854,31.626,10531,0
NULG.US,D,20181129,000000,31.495,31.691,31.421,31.606,2952,0
NULG.US,D,20181130,000000,31.635,31.83,31.579,31.83,14730,0
NULG.US,D,20181203,000000,32.278,32.389,32.073,32.24,9000,0
NULG.US,D,20181204,000000,32.109,32.109,31.245,31.245,6570,0
NULG.US,D,20181206,000000,30.779,31.189,30.575,31.189,3010,0
NULG.US,D,20181207,000000,30.231,31.254,30.231,30.231,7417,0
NULG.US,D,20181210,000000,30.306,30.488,30.202,30.488,3357,0
NULG.US,D,20181211,000000,31.039,31.039,30.286,30.492,13686,0
NULG.US,D,20181212,000000,30.893,31.002,30.738,30.738,564,0
NULG.US,D,20181213,000000,30.834,30.854,30.618,30.654,2344,0
NULG.US,D,20181214,000000,30.481,30.481,29.998,29.998,8166,0
NULG.US,D,20181217,000000,29.989,29.989,29.217,29.217,5906,0
NULG.US,D,20181218,000000,29.31,29.607,29.31,29.357,4547,0
NULG.US,D,20181219,000000,29.654,29.811,28.807,28.928,11914,0
NULG.US,D,20181220,000000,28.897,28.909,28.025,28.268,19936,0
NULG.US,D,20181221,000000,28.472,28.561,27.682,27.682,15840,0
NULG.US,D,20181224,000000,27.393,27.578,27.04,27.04,6228,0
NULG.US,D,20181226,000000,26.684,27.65,26.252,27.65,15890,0
NULG.US,D,20181227,000000,27.386,27.922,26.904,27.922,11129,0
NULG.US,D,20181228,000000,28.212,28.425,27.735,27.941,12709,0
NULG.US,D,20181231,000000,28.25,28.25,27.996,28.222,14884,0
NULG.US,D,20190102,000000,27.678,28.184,27.678,28.109,13745,0
NULG.US,D,20190103,000000,27.959,27.959,27.375,27.375,2403,0
NULG.US,D,20190104,000000,28.006,28.48,27.978,28.437,6862,0
NULG.US,D,20190107,000000,28.504,28.888,28.504,28.719,6522,0
NULG.US,D,20190108,000000,28.935,28.962,28.663,28.959,8783,0
NULG.US,D,20190109,000000,29.132,29.291,29.01,29.158,5299,0
NULG.US,D,20190110,000000,28.926,29.31,28.926,29.31,8557,0
NULG.US,D,20190111,000000,29.135,29.232,29.135,29.232,1871,0
NULG.US,D,20190114,000000,28.945,29.138,28.945,29.075,6089,0
NULG.US,D,20190115,000000,29.356,29.479,29.291,29.442,29835,0
NULG.US,D,20190116,000000,29.553,29.582,29.508,29.508,5051,0
NULG.US,D,20190117,000000,29.563,29.69,29.544,29.69,6410,0
NULG.US,D,20190118,000000,29.797,30.088,29.791,30.051,10347,0
NULG.US,D,20190122,000000,29.815,29.831,29.564,29.564,12943,0
NULG.US,D,20190123,000000,29.872,29.872,29.441,29.69,6722,0
NULG.US,D,20190124,000000,29.75,29.811,29.713,29.811,902,0
NULG.US,D,20190125,000000,30.088,30.188,30.088,30.161,9210,0
NULG.US,D,20190128,000000,29.943,29.943,29.713,29.861,3909,0
NULG.US,D,20190129,000000,29.985,29.985,29.825,29.825,838,0
NULG.US,D,20190130,000000,30.021,30.367,29.994,30.367,8969,0
NULG.US,D,20190131,000000,30.389,30.689,30.389,30.633,2813,0
NULG.US,D,20190201,000000,30.576,30.749,30.576,30.702,15121,0
NULG.US,D,20190204,000000,30.786,30.964,30.786,30.964,26939,0
NULG.US,D,20190205,000000,31.176,31.225,31.096,31.225,2683,0
NULG.US,D,20190206,000000,31.064,31.161,31.064,31.137,1476,0
NULG.US,D,20190207,000000,31.007,31.007,30.763,30.896,936,0
NULG.US,D,20190208,000000,30.867,30.962,30.82,30.962,1065,0
NULG.US,D,20190211,000000,31.106,31.119,31.045,31.081,1098,0
NULG.US,D,20190212,000000,31.505,31.532,31.486,31.528,8401,0
NULG.US,D,20190213,000000,31.719,31.748,31.645,31.672,7571,0
NULG.US,D,20190214,000000,31.719,31.748,31.675,31.675,3762,0
NULG.US,D,20190215,000000,31.899,31.958,31.861,31.958,2685,0
NULG.US,D,20190219,000000,31.926,32.077,31.926,31.991,6165,0
NULG.US,D,20190220,000000,32.03,32.048,31.871,31.983,14924,0
NULG.US,D,20190221,000000,32.058,32.058,31.796,31.909,4054,0
NULG.US,D,20190222,000000,32.132,32.266,32.132,32.266,7878,0
NULG.US,D,20190225,000000,32.573,32.573,32.274,32.274,6332,0
NULG.US,D,20190226,000000,32.245,32.302,32.245,32.269,1106,0
NULG.US,D,20190227,000000,32.132,32.317,32.132,32.317,22135,0
NULG.US,D,20190228,000000,32.255,32.283,32.17,32.195,3606,0
NULG.US,D,20190301,000000,32.471,32.493,32.283,32.458,12412,0
NULG.US,D,20190304,000000,32.752,32.752,31.963,32.197,8760,0
NULG.US,D,20190305,000000,32.189,32.227,32.184,32.188,4057,0
NULG.US,D,20190306,000000,32.04,32.04,31.936,31.973,14835,0
NULG.US,D,20190307,000000,31.748,31.824,31.598,31.688,7347,0
NULG.US,D,20190308,000000,31.439,31.658,31.373,31.658,10236,0
NULG.US,D,20190311,000000,31.884,32.18,31.884,32.18,3901,0
NULG.US,D,20190312,000000,32.293,32.433,32.293,32.349,5354,0
NULG.US,D,20190313,000000,32.621,32.752,32.621,32.621,5899,0
NULG.US,D,20190314,000000,32.658,32.658,32.573,32.599,14925,0
NULG.US,D,20190315,000000,32.668,32.837,32.646,32.693,11209,0
NULG.US,D,20190318,000000,32.855,32.883,32.696,32.852,12583,0
NULG.US,D,20190319,000000,32.939,33.098,32.901,32.901,3715,0
NULG.US,D,20190320,000000,32.949,32.952,32.704,32.891,6349,0
NULG.US,D,20190321,000000,33.155,33.38,33.155,33.35,1937,0
NULG.US,D,20190322,000000,33.146,33.146,32.637,32.637,2838,0
NULG.US,D,20190325,000000,32.499,32.621,32.499,32.602,4140,0
NULG.US,D,20190326,000000,32.865,32.865,32.648,32.706,4690,0
NULG.US,D,20190327,000000,32.686,32.762,32.365,32.512,5754,0
NULG.US,D,20190328,000000,32.742,32.79,32.64,32.742,190404,0
NULG.US,D,20190329,000000,32.911,33.052,32.911,33.052,5734,0
NULG.US,D,20190401,000000,33.343,33.446,33.343,33.418,13002,0
NULG.US,D,20190402,000000,33.402,33.465,33.315,33.449,5788,0
NULG.US,D,20190403,000000,33.596,33.681,33.577,33.65,1817,0
NULG.US,D,20190404,000000,33.53,33.586,33.462,33.586,9142,0
NULG.US,D,20190405,000000,33.746,33.793,33.746,33.765,10957,0
NULG.US,D,20190408,000000,33.746,33.778,33.634,33.778,5093,0
NULG.US,D,20190409,000000,33.591,33.634,33.566,33.566,9828,0
NULG.US,D,20190410,000000,33.708,33.774,33.681,33.745,9186,0
NULG.US,D,20190411,000000,33.84,33.84,33.696,33.763,1232,0
NULG.US,D,20190412,000000,33.971,34.041,33.962,34.041,13186,0
NULG.US,D,20190415,000000,34.102,34.102,34.013,34.079,6661,0
NULG.US,D,20190416,000000,34.159,34.218,33.979,33.979,5870,0
NULG.US,D,20190417,000000,34.149,34.149,33.746,33.81,27344,0
NULG.US,D,20190418,000000,33.887,33.952,33.868,33.93,4946,0
NULG.US,D,20190422,000000,33.774,33.974,33.774,33.971,4143,0
NULG.US,D,20190423,000000,34.14,34.368,34.14,34.355,7156,0
NULG.US,D,20190424,000000,34.356,34.398,34.333,34.333,8831,0
NULG.US,D,20190425,000000,34.268,34.356,34.088,34.306,6309,0
NULG.US,D,20190426,000000,34.14,34.421,34.14,34.421,2618,0
NULG.US,D,20190429,000000,34.45,34.581,34.431,34.54,321954,0
NULG.US,D,20190430,000000,34.356,34.41,34.336,34.41,3554,0
NULG.US,D,20190501,000000,34.323,34.379,34.008,34.008,7555,0
NULG.US,D,20190502,000000,33.887,33.904,33.644,33.904,6180,0
NULG.US,D,20190503,000000,34.177,34.348,34.177,34.348,5778,0
NULG.US,D,20190506,000000,33.681,34.209,33.681,34.209,6926,0
NULG.US,D,20190507,000000,33.84,33.933,33.46,33.557,5314,0
NULG.US,D,20190508,000000,33.612,33.746,33.587,33.595,14638,0
NULG.US,D,20190509,000000,33.174,33.521,33.098,33.509,3990,0
NULG.US,D,20190510,000000,33.39,33.668,33.39,33.668,5024,0
NULG.US,D,20190513,000000,33.034,33.034,32.733,32.82,7760,0
NULG.US,D,20190514,000000,33.065,33.366,33.043,33.218,2828,0
NULG.US,D,20190515,000000,33.155,33.606,33.155,33.527,3356,0
NULG.US,D,20190516,000000,33.971,33.989,33.9,33.9,2172,0
NULG.US,D,20190517,000000,33.746,33.933,33.644,33.661,5349,0
NULG.US,D,20190520,000000,33.437,33.437,33.237,33.315,8271,0
NULG.US,D,20190521,000000,33.53,33.648,33.475,33.64,2322,0
NULG.US,D,20190522,000000,33.634,33.634,33.488,33.53,16574,0
NULG.US,D,20190523,000000,33.305,33.305,32.911,33.075,12279,0
NULG.US,D,20190524,000000,33.211,33.211,33.098,33.117,4294,0
NULG.US,D,20190528,000000,33.399,33.399,32.977,32.977,9474,0
NULG.US,D,20190529,000000,32.723,32.799,32.576,32.714,7668,0
NULG.US,D,20190530,000000,32.977,32.977,32.874,32.904,2045,0
NULG.US,D,20190531,000000,32.542,32.668,32.489,32.542,237758,0
NULG.US,D,20190603,000000,32.245,32.442,32.077,32.199,6553,0
NULG.US,D,20190604,000000,33.012,33.012,32.508,33.012,11002,0
NULG.US,D,20190605,000000,33.352,33.419,33.203,33.419,18814,0
NULG.US,D,20190606,000000,33.399,33.613,33.399,33.613,2002,0
NULG.US,D,20190607,000000,33.98,34.159,33.98,34.077,12556,0
NULG.US,D,20190610,000000,34.365,34.441,34.262,34.262,6381,0
NULG.US,D,20190611,000000,34.647,34.647,34.047,34.16,13102,0
NULG.US,D,20190612,000000,34.121,34.121,34.055,34.082,481,0
NULG.US,D,20190613,000000,34.234,34.255,34.209,34.209,1889,0
NULG.US,D,20190614,000000,34.112,34.187,34.083,34.143,2183,0
NULG.US,D,20190617,000000,34.328,34.328,34.115,34.115,5052,0
NULG.US,D,20190618,000000,34.496,34.674,34.421,34.484,6846,0
NULG.US,D,20190619,000000,34.543,34.788,34.52,34.788,3814,0
NULG.US,D,20190620,000000,35.172,35.172,35.051,35.153,7938,0
NULG.US,D,20190621,000000,35.013,35.069,35.013,35.049,3046,0
NULG.US,D,20190624,000000,35.059,35.059,34.9,34.9,2956,0
NULG.US,D,20190625,000000,34.841,34.841,34.437,34.437,5205,0
NULG.US,D,20190626,000000,34.543,34.571,34.393,34.431,8251,0
NULG.US,D,20190627,000000,34.562,34.674,34.543,34.644,5509,0
NULG.US,D,20190628,000000,34.684,34.853,34.674,34.853,21971,0
NULG.US,D,20190701,000000,35.594,35.594,35.106,35.2,40778,0
NULG.US,D,20190702,000000,35.2,35.266,35.087,35.266,21653,0
NULG.US,D,20190703,000000,35.471,35.528,35.397,35.528,2782,0
NULG.US,D,20190705,000000,35.425,35.509,35.163,35.471,44422,0
NULG.US,D,20190708,000000,35.454,35.454,35.153,35.228,18337,0
NULG.US,D,20190709,000000,35.125,35.274,35.087,35.274,25415,0
NULG.US,D,20190710,000000,35.471,35.632,35.331,35.463,156351,0
NULG.US,D,20190711,000000,35.566,35.706,35.528,35.706,63019,0
NULG.US,D,20190712,000000,35.735,35.949,35.735,35.949,14065,0
NULG.US,D,20190715,000000,36.204,36.213,35.828,35.969,20382,0
NULG.US,D,20190716,000000,35.95,35.96,35.819,35.83,7073,0
NULG.US,D,20190717,000000,35.796,35.8,35.547,35.547,87061,0
NULG.US,D,20190718,000000,35.528,35.725,35.435,35.683,21398,0
NULG.US,D,20190719,000000,35.96,36.363,35.488,35.488,271383,0
NULG.US,D,20190722,000000,35.481,35.696,35.481,35.632,5779,0
NULG.US,D,20190723,000000,35.838,35.856,35.641,35.847,12963,0
NULG.US,D,20190724,000000,35.997,36.157,35.988,36.157,6686,0
NULG.US,D,20190725,000000,35.828,35.903,35.753,35.81,4388,0
NULG.US,D,20190726,000000,36.025,36.288,36.025,36.288,48129,0
NULG.US,D,20190729,000000,36.306,36.306,36.053,36.176,8872,0
NULG.US,D,20190730,000000,35.978,36.185,35.978,36.109,192054,0
NULG.US,D,20190731,000000,36.091,36.114,35.678,35.678,4866,0
NULG.US,D,20190801,000000,35.678,36.128,35.34,35.444,6896,0
NULG.US,D,20190802,000000,35.247,35.247,34.923,35.087,6116,0
NULG.US,D,20190805,000000,34.722,34.722,33.803,33.962,13344,0
NULG.US,D,20190806,000000,34.253,34.61,34.253,34.581,5028,0
NULG.US,D,20190807,000000,34.272,34.75,34.14,34.75,6959,0
NULG.US,D,20190808,000000,34.946,35.622,34.946,35.599,6352,0
NULG.US,D,20190809,000000,35.34,35.445,35.238,35.34,8031,0
NULG.US,D,20190812,000000,34.956,35.051,34.674,34.793,7289,0
NULG.US,D,20190813,000000,35.435,35.444,35.172,35.35,10897,0
NULG.US,D,20190814,000000,34.89,34.89,34.299,34.356,39824,0
NULG.US,D,20190815,000000,34.356,34.477,34.309,34.407,13920,0
NULG.US,D,20190816,000000,34.693,34.916,34.693,34.916,6584,0
NULG.US,D,20190819,000000,35.302,35.415,35.256,35.369,10322,0
NULG.US,D,20190820,000000,35.21,35.322,35.21,35.225,4480,0
NULG.US,D,20190821,000000,35.594,35.641,35.521,35.622,10677,0
NULG.US,D,20190822,000000,35.725,35.725,35.387,35.632,6926,0
NULG.US,D,20190823,000000,35.491,35.683,34.59,34.693,15560,0
NULG.US,D,20190826,000000,34.933,35.087,34.849,35.087,130483,0
NULG.US,D,20190827,000000,35.331,35.331,35.022,35.088,15164,0
NULG.US,D,20190828,000000,34.844,35.294,34.844,35.256,5776,0
NULG.US,D,20190829,000000,35.613,35.865,35.533,35.791,19914,0
NULG.US,D,20190830,000000,36.045,36.045,35.696,35.81,11697,0
NULG.US,D,20190903,000000,35.622,35.661,35.322,35.471,24481,0
NULG.US,D,20190904,000000,35.726,35.819,35.705,35.792,50011,0
NULG.US,D,20190905,000000,36.259,36.419,36.251,36.373,149586,0
NULG.US,D,20190906,000000,36.353,36.485,36.299,36.299,12803,0
NULG.US,D,20190909,000000,36.532,36.532,35.884,36.025,557534,0
NULG.US,D,20190910,000000,35.509,35.728,35.491,35.655,7789,0
NULG.US,D,20190911,000000,35.772,35.838,35.695,35.838,16231,0
NULG.US,D,20190912,000000,36.091,36.222,36.041,36.129,27445,0
NULG.US,D,20190913,000000,36.288,36.288,36.029,36.072,4282,0
NULG.US,D,20190916,000000,35.953,36.035,35.95,35.965,4691,0
NULG.US,D,20190917,000000,35.894,36.166,35.894,36.166,16244,0
NULG.US,D,20190918,000000,36.072,36.158,35.865,36.158,2376,0
NULG.US,D,20190919,000000,36.289,36.363,36.222,36.278,12759,0
NULG.US,D,20190920,000000,36.293,36.317,35.902,36.005,6924,0
NULG.US,D,20190923,000000,35.922,36.06,35.908,35.96,10432,0
NULG.US,D,20190924,000000,36.176,36.222,35.47,35.584,13703,0
NULG.US,D,20190925,000000,35.688,35.95,35.378,35.912,20776,0
NULG.US,D,20190926,000000,35.8,36.017,35.743,35.903,7969,0
NULG.US,D,20190927,000000,35.956,35.956,35.397,35.491,5443,0
NULG.US,D,20190930,000000,35.613,35.753,35.594,35.725,19224,0
NULG.US,D,20191001,000000,35.875,35.875,35.302,35.312,96965,0
NULG.US,D,20191002,000000,34.8,34.815,34.543,34.693,34828,0
NULG.US,D,20191003,000000,34.702,35.069,34.477,35.069,24295,0
NULG.US,D,20191004,000000,35.228,35.528,35.228,35.528,7407,0
NULG.US,D,20191007,000000,35.509,35.563,35.335,35.35,23820,0
NULG.US,D,20191008,000000,35.011,35.096,34.712,34.712,19082,0
NULG.US,D,20191009,000000,35.103,35.266,35.026,35.192,12534,0
NULG.US,D,20191010,000000,35.274,35.471,35.274,35.378,14053,0
NULG.US,D,20191011,000000,35.641,36.025,35.641,35.772,14747,0
NULG.US,D,20191014,000000,35.781,35.875,35.781,35.838,90509,0
NULG.US,D,20191015,000000,36,36.259,36,36.189,27356,0
NULG.US,D,20191016,000000,36.166,36.166,35.96,35.999,14960,0
NULG.US,D,20191017,000000,36.27,36.27,36.081,36.129,31069,0
NULG.US,D,20191018,000000,36.081,36.081,35.747,35.95,10452,0
NULG.US,D,20191021,000000,36.129,36.129,35.94,36.091,28882,0
NULG.US,D,20191022,000000,36.251,36.251,35.794,35.794,19861,0
NULG.US,D,20191023,000000,35.791,35.828,35.678,35.828,9275,0
NULG.US,D,20191024,000000,35.94,36.222,35.94,36.222,14900,0
NULG.US,D,20191025,000000,36.222,36.456,36.222,36.41,16971,0
NULG.US,D,20191028,000000,36.579,36.668,36.579,36.613,4437,0
NULG.US,D,20191029,000000,36.607,36.719,36.55,36.56,10924,0
NULG.US,D,20191030,000000,36.503,36.757,36.475,36.757,9160,0
NULG.US,D,20191031,000000,36.485,36.579,36.452,36.579,106401,0
NULG.US,D,20191101,000000,36.747,36.822,36.719,36.822,16321,0
NULG.US,D,20191104,000000,36.973,36.973,36.805,36.845,72711,0
NULG.US,D,20191105,000000,37.029,37.029,36.637,36.7,21539,0
NULG.US,D,20191106,000000,36.7,36.789,36.645,36.783,75296,0
NULG.US,D,20191107,000000,37.039,37.066,36.794,36.869,142974,0
NULG.US,D,20191108,000000,36.935,37.011,36.935,37.011,6746,0
NULG.US,D,20191111,000000,36.991,37.095,36.991,37.085,14485,0
NULG.US,D,20191112,000000,37.254,37.376,37.166,37.262,9095,0
NULG.US,D,20191113,000000,37.226,37.367,37.226,37.314,14713,0
NULG.US,D,20191114,000000,37.372,37.554,37.329,37.554,15199,0
NULG.US,D,20191115,000000,37.573,37.872,37.573,37.872,12751,0
NULG.US,D,20191118,000000,37.872,37.88,37.742,37.817,17608,0
NULG.US,D,20191119,000000,37.981,37.981,37.781,37.854,17853,0
NULG.US,D,20191120,000000,37.854,37.957,37.564,37.78,14946,0
NULG.US,D,20191121,000000,37.638,37.693,37.592,37.629,11963,0
NULG.US,D,20191122,000000,37.611,37.611,37.46,37.564,25898,0
NULG.US,D,20191125,000000,37.892,37.977,37.892,37.977,20499,0
NULG.US,D,20191126,000000,38.033,38.136,38.033,38.136,26213,0
NULG.US,D,20191127,000000,38.361,38.361,38.211,38.323,23341,0
NULG.US,D,20191129,000000,38.473,38.473,38.173,38.173,17039,0
NULG.US,D,20191202,000000,38.173,38.173,37.591,37.713,22690,0
NULG.US,D,20191203,000000,37.404,37.629,37.322,37.62,13422,0
NULG.US,D,20191204,000000,37.92,37.929,37.817,37.835,11705,0
NULG.US,D,20191205,000000,37.816,37.901,37.798,37.882,13802,0
NULG.US,D,20191206,000000,38.169,38.248,38.164,38.192,12045,0
NULG.US,D,20191209,000000,38.229,38.267,38.079,38.079,45713,0
NULG.US,D,20191210,000000,38.116,38.136,38.029,38.061,6535,0
NULG.US,D,20191211,000000,38.248,38.248,38.061,38.192,17091,0
NULG.US,D,20191212,000000,38.154,38.529,38.154,38.427,21462,0
NULG.US,D,20191213,000000,38.586,38.624,38.418,38.577,22444,0
NULG.US,D,20191216,000000,39.008,39.008,38.821,38.897,46307,0
NULG.US,D,20191217,000000,39.13,39.13,38.792,38.8,27038,0
NULG.US,D,20191218,000000,38.951,38.951,38.848,38.856,15242,0
NULG.US,D,20191219,000000,38.951,39.12,38.926,39.115,17451,0
NULG.US,D,20191220,000000,39.346,39.346,39.187,39.327,16295,0
NULG.US,D,20191223,000000,39.359,39.448,39.337,39.337,75703,0
NULG.US,D,20191224,000000,39.299,39.392,39.299,39.374,23741,0
NULG.US,D,20191226,000000,39.523,39.523,39.384,39.514,21152,0
NULG.US,D,20191227,000000,39.523,39.523,39.221,39.307,46136,0
NULG.US,D,20191230,000000,39.401,39.401,38.883,38.94,23424,0
NULG.US,D,20191231,000000,38.789,39.053,38.789,39.053,17881,0
NULG.US,D,20200102,000000,39.316,39.476,39.213,39.476,421799,0
NULG.US,D,20200103,000000,38.987,39.405,38.987,39.307,43381,0
NULG.US,D,20200106,000000,39.193,39.496,39.193,39.496,26167,0
NULG.US,D,20200107,000000,39.481,39.628,39.481,39.543,20159,0
NULG.US,D,20200108,000000,39.674,40.051,39.674,39.854,24527,0
NULG.US,D,20200109,000000,40.193,40.259,40.071,40.211,23351,0
NULG.US,D,20200110,000000,40.334,40.372,40.156,40.212,32018,0
NULG.US,D,20200113,000000,40.381,40.598,40.329,40.598,18568,0
NULG.US,D,20200114,000000,40.532,40.711,40.457,40.457,17651,0
NULG.US,D,20200115,000000,40.631,40.711,40.527,40.617,36315,0
NULG.US,D,20200116,000000,40.815,40.994,40.717,40.994,35345,0
NULG.US,D,20200117,000000,41.135,41.201,40.994,41.201,41452,0
NULG.US,D,20200121,000000,41.201,41.371,41.145,41.239,36692,0
NULG.US,D,20200122,000000,41.483,41.644,41.315,41.343,44018,0
NULG.US,D,20200123,000000,41.305,41.455,41.117,41.455,55281,0
NULG.US,D,20200124,000000,41.526,41.526,40.9,41.069,20134,0
NULG.US,D,20200127,000000,40.193,40.598,40.061,40.419,41844,0
NULG.US,D,20200128,000000,40.72,41.022,40.522,40.975,25718,0
NULG.US,D,20200129,000000,41.069,41.163,40.824,40.909,28491,0
NULG.US,D,20200130,000000,40.834,41.145,40.702,41.145,43342,0
NULG.US,D,20200131,000000,40.805,40.805,40.193,40.344,93087,0
NULG.US,D,20200203,000000,40.72,41.173,40.72,41.125,56607,0
NULG.US,D,20200204,000000,41.851,42.181,41.597,42.011,235164,0
NULG.US,D,20200205,000000,42.454,42.454,41.701,41.926,29831,0
NULG.US,D,20200206,000000,42.116,42.229,41.988,42.172,23532,0
NULG.US,D,20200207,000000,42.078,42.106,41.836,41.908,16841,0
NULG.US,D,20200210,000000,41.946,42.398,41.946,42.398,81789,0
NULG.US,D,20200211,000000,42.727,42.727,42.389,42.454,75961,0
NULG.US,D,20200212,000000,42.794,42.832,42.508,42.804,29359,0
NULG.US,D,20200213,000000,42.483,43.067,42.483,42.917,47540,0
NULG.US,D,20200214,000000,43.17,43.312,43.126,43.295,51058,0
NULG.US,D,20200218,000000,43.312,43.44,43.227,43.387,31879,0
NULG.US,D,20200219,000000,43.793,43.925,43.68,43.811,28730,0
NULG.US,D,20200220,000000,43.811,43.887,43.067,43.557,36148,0
NULG.US,D,20200221,000000,43.303,43.405,42.775,42.917,43688,0
NULG.US,D,20200224,000000,41.135,41.748,40.947,41.295,58207,0
NULG.US,D,20200225,000000,41.701,41.701,39.901,40.023,67313,0
NULG.US,D,20200226,000000,40.362,40.664,39.633,39.806,60216,0
NULG.US,D,20200227,000000,38.968,39.416,38.054,38.063,65525,0
NULG.US,D,20200228,000000,36.442,38.026,36.423,38.006,106427,0
NULG.US,D,20200302,000000,38.384,39.543,37.738,39.543,88083,0
NULG.US,D,20200303,000000,39.636,40.24,38.128,38.534,47411,0
NULG.US,D,20200304,000000,39.165,40.221,39.015,40.221,69928,0
NULG.US,D,20200305,000000,39.307,39.741,38.642,39.015,48014,0
NULG.US,D,20200306,000000,37.696,38.232,37.13,38.101,57972,0
NULG.US,D,20200309,000000,35.141,36.499,34.85,35.434,103841,0
NULG.US,D,20200310,000000,36.697,37.102,35.285,37.102,98435,0
NULG.US,D,20200311,000000,35.877,36.225,34.642,35.17,29758,0
NULG.US,D,20200312,000000,32.295,35.566,31.504,32.22,70696,0
NULG.US,D,20200313,000000,33.719,34.501,31.862,34.501,87971,0
NULG.US,D,20200316,000000,30.816,32.371,29.44,30.929,60510,0
NULG.US,D,20200317,000000,30.486,32.088,29.782,31.683,77725,0
NULG.US,D,20200318,000000,29.515,30.533,28.178,30.09,107002,0
NULG.US,D,20200319,000000,29.582,30.986,28.743,30.505,100207,0
NULG.US,D,20200320,000000,30.854,31.189,29.308,29.327,88984,0
NULG.US,D,20200323,000000,29.507,29.507,28.116,28.621,79447,0
NULG.US,D,20200324,000000,30.175,31.636,30.175,31.636,158040,0
NULG.US,D,20200325,000000,31.636,33.276,31.344,32.003,95324,0
NULG.US,D,20200326,000000,32.55,34.049,32.55,34.002,169797,0
NULG.US,D,20200327,000000,33.286,33.454,32.465,32.626,133175,0
NULG.US,D,20200330,000000,33.049,33.804,32.748,33.728,90713,0
NULG.US,D,20200331,000000,33.486,33.831,32.984,33.219,94051,0
NULG.US,D,20200401,000000,31.928,32.239,31.334,31.514,115285,0
NULG.US,D,20200402,000000,31.212,32.088,31.212,32.032,54913,0
NULG.US,D,20200403,000000,31.975,32.128,31.221,31.485,24287,0
NULG.US,D,20200406,000000,32.616,34.133,32.616,33.945,37542,0
NULG.US,D,20200407,000000,35.311,35.311,33.945,33.945,68753,0
NULG.US,D,20200408,000000,34.195,35.236,34.115,35.104,82226,0
NULG.US,D,20200409,000000,35.349,36.041,35.349,35.669,67325,0
NULG.US,D,20200413,000000,35.697,35.697,34.755,35.302,79814,0
NULG.US,D,20200414,000000,36.224,36.65,36.164,36.593,35667,0
NULG.US,D,20200415,000000,36.282,36.282,35.715,35.952,19914,0
NULG.US,D,20200416,000000,36.282,36.423,35.92,36.3,63796,0
NULG.US,D,20200417,000000,37.46,37.46,36.81,37.281,45763,0
NULG.US,D,20200420,000000,36.951,37.284,36.753,36.819,36975,0
NULG.US,D,20200421,000000,36.254,36.254,35.346,35.453,61463,0
NULG.US,D,20200422,000000,38.996,38.996,36.06,36.572,45982,0
NULG.US,D,20200423,000000,36.602,36.982,36.348,36.377,10991,0
NULG.US,D,20200424,000000,36.433,36.932,36.324,36.838,41683,0
NULG.US,D,20200427,000000,37.271,37.611,37.271,37.592,12845,0
NULG.US,D,20200428,000000,38.204,38.204,37.287,37.287,20232,0
NULG.US,D,20200429,000000,38.261,38.713,38.138,38.572,21341,0
NULG.US,D,20200430,000000,38.44,38.506,38.031,38.176,85011,0
NULG.US,D,20200501,000000,37.601,37.601,37.026,37.154,135385,0
NULG.US,D,20200504,000000,36.847,37.639,36.847,37.639,54924,0
NULG.US,D,20200505,000000,38.11,38.638,38.11,38.261,228292,0
NULG.US,D,20200506,000000,38.685,38.755,38.319,38.397,63782,0
NULG.US,D,20200507,000000,38.94,39.222,38.827,38.996,81901,0
NULG.US,D,20200508,000000,39.362,39.693,39.362,39.59,49525,0
NULG.US,D,20200511,000000,39.185,40.098,39.185,39.948,49299,0
NULG.US,D,20200512,000000,40.268,40.268,39.062,39.062,110033,0
NULG.US,D,20200513,000000,39.114,39.288,37.969,38.43,97484,0
NULG.US,D,20200514,000000,38.204,38.864,37.714,38.864,146135,0
NULG.US,D,20200515,000000,38.562,39.221,38.562,39.19,118189,0
NULG.US,D,20200518,000000,40.089,40.494,40.089,40.268,61967,0
NULG.US,D,20200519,000000,40.099,40.627,40.099,40.099,40229,0
NULG.US,D,20200520,000000,40.702,40.834,40.542,40.68,53518,0
NULG.US,D,20200521,000000,40.711,40.72,40.172,40.447,56532,0
NULG.US,D,20200522,000000,40.316,40.758,40.316,40.704,84787,0
NULG.US,D,20200526,000000,41.427,41.511,40.965,40.975,66469,0
NULG.US,D,20200527,000000,41.371,41.371,40.268,41.333,62809,0
NULG.US,D,20200528,000000,41.521,42.1,41.467,41.483,39059,0
NULG.US,D,20200529,000000,41.606,42.124,41.361,42.116,63240,0
NULG.US,D,20200601,000000,41.936,42.284,41.936,42.181,26416,0
NULG.US,D,20200602,000000,42.049,42.266,41.974,42.266,18086,0
NULG.US,D,20200603,000000,42.671,42.671,42.421,42.567,29845,0
NULG.US,D,20200604,000000,42.351,42.624,41.918,42.068,29918,0
NULG.US,D,20200605,000000,42.53,42.944,42.307,42.888,63880,0
NULG.US,D,20200608,000000,43.039,43.105,42.567,43.105,130273,0
NULG.US,D,20200609,000000,42.841,43.162,42.832,42.926,51063,0
NULG.US,D,20200610,000000,43.218,43.488,42.901,43.293,35918,0
NULG.US,D,20200611,000000,42.614,42.614,40.994,41.032,1560862,0
NULG.US,D,20200612,000000,41.823,42.035,40.617,41.394,38178,0
NULG.US,D,20200615,000000,40.928,41.896,40.692,41.833,21501,0
NULG.US,D,20200616,000000,42.992,42.992,42.393,42.539,21843,0
NULG.US,D,20200617,000000,42.751,43.057,42.609,42.804,34316,0
NULG.US,D,20200618,000000,42.784,42.944,42.641,42.832,28677,0
NULG.US,D,20200619,000000,43.491,43.491,42.614,42.923,53223,0
NULG.US,D,20200622,000000,42.923,43.331,42.665,43.322,34246,0
NULG.US,D,20200623,000000,43.717,43.83,43.378,43.472,31353,0
NULG.US,D,20200624,000000,43.086,43.378,42.2,42.398,35711,0
NULG.US,D,20200625,000000,42.087,42.889,42.087,42.883,10322,0
NULG.US,D,20200626,000000,42.719,42.944,42.045,42.045,14213,0
NULG.US,D,20200629,000000,42.124,42.426,41.71,42.426,32719,0
NULG.US,D,20200630,000000,42.606,43.323,42.606,43.237,15658,0
NULG.US,D,20200701,000000,43.359,43.774,43.275,43.628,86881,0
NULG.US,D,20200702,000000,44.358,44.358,43.943,43.943,29908,0
NULG.US,D,20200706,000000,44.792,44.914,44.424,44.641,76502,0
NULG.US,D,20200707,000000,44.358,45.065,44.358,44.386,26846,0
NULG.US,D,20200708,000000,44.744,44.857,44.509,44.857,37443,0
NULG.US,D,20200709,000000,45.234,45.234,44.34,44.952,36847,0
NULG.US,D,20200710,000000,45.15,45.15,44.584,45.131,56539,0
NULG.US,D,20200713,000000,45.545,45.668,44.066,44.113,32358,0
NULG.US,D,20200714,000000,44,44.688,43.435,44.688,50477,0
NULG.US,D,20200715,000000,44.886,45.207,44.688,45.14,27548,0
NULG.US,D,20200716,000000,44.764,44.933,44.494,44.848,26645,0
NULG.US,D,20200717,000000,45.131,45.31,44.829,45.225,30297,0
NULG.US,D,20200720,000000,45.357,46.205,45.277,46.12,44030,0
NULG.US,D,20200721,000000,46.498,46.498,45.705,45.79,34616,0
NULG.US,D,20200722,000000,46.026,46.13,45.743,46.13,29007,0
NULG.US,D,20200723,000000,46.346,46.441,45.338,45.47,23880,0
NULG.US,D,20200724,000000,45.254,45.327,44.766,45.094,77597,0
NULG.US,D,20200727,000000,45.244,45.895,45.244,45.81,47533,0
NULG.US,D,20200728,000000,45.772,45.772,45.197,45.262,43090,0
NULG.US,D,20200729,000000,45.395,46.115,45.395,45.913,33566,0
NULG.US,D,20200730,000000,45.725,46.101,45.31,46.035,80524,0
NULG.US,D,20200731,000000,46.168,46.168,45.404,46.012,52627,0
NULG.US,D,20200803,000000,46.403,46.573,46.356,46.506,26329,0
NULG.US,D,20200804,000000,46.554,46.583,46.28,46.583,67254,0
NULG.US,D,20200805,000000,46.676,46.959,46.659,46.874,88940,0
NULG.US,D,20200806,000000,46.752,46.987,46.493,46.987,32738,0
NULG.US,D,20200807,000000,46.912,46.921,46.205,46.601,250007,0
NULG.US,D,20200810,000000,46.611,46.611,46.068,46.46,18954,0
NULG.US,D,20200811,000000,46.648,46.648,45.903,45.96,31174,0
NULG.US,D,20200812,000000,46.366,46.921,46.356,46.808,25686,0
NULG.US,D,20200813,000000,46.799,47.355,46.799,47.101,23913,0
NULG.US,D,20200814,000000,47.101,47.219,46.864,46.969,45222,0
NULG.US,D,20200817,000000,47.299,47.675,47.299,47.637,23911,0
NULG.US,D,20200818,000000,48.052,48.052,47.605,47.895,27556,0
NULG.US,D,20200819,000000,48.033,48.142,47.76,47.77,45267,0
NULG.US,D,20200820,000000,47.637,48.043,47.506,48.005,20986,0
NULG.US,D,20200821,000000,48.193,48.193,47.892,48.043,19152,0
NULG.US,D,20200824,000000,48.628,48.628,47.987,48.175,18996,0
NULG.US,D,20200825,000000,48.43,48.552,48.156,48.523,25970,0
NULG.US,D,20200826,000000,49.023,49.55,48.796,49.494,29220,0
NULG.US,D,20200827,000000,49.777,49.777,49.094,49.391,65247,0
NULG.US,D,20200828,000000,49.787,49.796,49.525,49.767,15987,0
NULG.US,D,20200831,000000,49.532,49.937,49.532,49.927,39111,0
NULG.US,D,20200901,000000,50.022,50.314,49.824,50.314,34894,0
NULG.US,D,20200902,000000,50.597,51.228,50.367,51.163,101946,0
NULG.US,D,20200903,000000,50.785,50.785,48.391,48.811,44160,0
NULG.US,D,20200904,000000,48.91,48.91,46.921,47.789,132904,0
NULG.US,D,20200908,000000,46.375,47.063,46.148,46.148,29364,0
NULG.US,D,20200909,000000,46.658,47.6,46.658,47.336,29388,0
NULG.US,D,20200910,000000,47.77,47.92,46.478,46.688,35887,0
NULG.US,D,20200911,000000,46.856,47.053,46.092,46.519,35976,0
NULG.US,D,20200914,000000,47.176,47.572,47.078,47.307,28377,0
NULG.US,D,20200915,000000,47.92,47.939,47.619,47.817,32749,0
NULG.US,D,20200916,000000,48.203,48.203,47.331,47.355,45240,0
NULG.US,D,20200917,000000,46.563,47.027,46.389,46.818,26125,0
NULG.US,D,20200918,000000,47.194,47.194,46.177,46.552,19402,0
NULG.US,D,20200921,000000,46.063,46.422,45.475,46.422,34320,0
NULG.US,D,20200922,000000,46.686,47.063,46.253,47.063,14986,0
NULG.US,D,20200923,000000,46.997,47.034,45.95,45.998,19486,0
NULG.US,D,20200924,000000,45.574,46.516,45.574,46.055,18207,0
NULG.US,D,20200925,000000,46.233,47.091,46.045,46.987,13708,0
NULG.US,D,20200928,000000,47.835,47.835,47.405,47.649,31960,0
NULG.US,D,20200929,000000,47.534,47.919,47.534,47.742,28400,0
NULG.US,D,20200930,000000,47.657,48.396,47.657,47.958,18456,0
NULG.US,D,20201001,000000,48.533,48.561,48.242,48.373,48118,0
NULG.US,D,20201002,000000,47.307,48.09,47.307,47.647,15559,0
NULG.US,D,20201005,000000,47.845,48.43,47.845,48.415,24048,0
NULG.US,D,20201006,000000,48.278,48.674,47.798,47.806,45080,0
NULG.US,D,20201007,000000,48.391,48.721,48.26,48.646,31478,0
NULG.US,D,20201008,000000,49.193,49.193,48.75,48.938,91678,0
NULG.US,D,20201009,000000,49.193,49.674,49.193,49.645,118310,0
NULG.US,D,20201012,000000,50.229,50.568,49.947,50.285,34505,0
NULG.US,D,20201013,000000,50.3,50.643,50.3,50.503,7898,0
NULG.US,D,20201014,000000,50.483,50.625,49.88,50.117,22742,0
NULG.US,D,20201015,000000,49.316,49.852,49.231,49.852,26038,0
NULG.US,D,20201016,000000,50.201,50.531,50.003,50.012,39081,0
NULG.US,D,20201019,000000,50.38,50.408,49.193,49.296,32240,0
NULG.US,D,20201020,000000,49.513,49.853,49.296,49.372,24369,0
NULG.US,D,20201021,000000,49.504,49.819,49.223,49.316,22894,0
NULG.US,D,20201022,000000,49.597,49.597,48.768,49.239,36996,0
NULG.US,D,20201023,000000,49.617,49.617,49.151,49.532,24561,0
NULG.US,D,20201026,000000,49.154,49.249,47.995,48.523,28651,0
NULG.US,D,20201027,000000,48.778,48.891,48.51,48.571,27391,0
NULG.US,D,20201028,000000,48.005,48.005,46.997,47.001,38362,0
NULG.US,D,20201029,000000,47.091,47.76,47.006,47.392,16137,0
NULG.US,D,20201030,000000,47.43,47.534,46.369,46.686,19987,0
NULG.US,D,20201102,000000,47.327,47.732,46.728,47.176,64260,0
NULG.US,D,20201103,000000,47.647,48.438,47.485,48.241,18359,0
NULG.US,D,20201104,000000,49.164,50.361,49.164,49.871,47206,0
NULG.US,D,20201105,000000,50.861,51.078,50.587,50.926,44557,0
NULG.US,D,20201106,000000,50.955,51.219,50.38,51.03,41958,0
NULG.US,D,20201109,000000,52.284,52.284,50.314,50.314,36069,0
NULG.US,D,20201110,000000,50.079,50.117,49.126,49.391,28974,0
NULG.US,D,20201111,000000,50.088,50.459,50.088,50.295,31873,0
NULG.US,D,20201112,000000,50.399,50.48,49.72,49.862,28069,0
NULG.US,D,20201113,000000,50.192,50.517,50.04,50.483,17421,0
NULG.US,D,20201116,000000,50.946,50.946,50.427,50.691,44795,0
NULG.US,D,20201117,000000,50.748,50.88,50.563,50.765,15133,0
NULG.US,D,20201118,000000,50.936,50.936,50.37,50.37,39188,0
NULG.US,D,20201119,000000,50.323,51.002,50.323,50.908,20422,0
NULG.US,D,20201120,000000,51.03,51.058,50.623,50.623,17844,0
NULG.US,D,20201123,000000,50.983,50.983,50.427,50.842,149521,0
NULG.US,D,20201124,000000,51.304,51.397,50.934,51.349,26588,0
NULG.US,D,20201125,000000,51.351,51.681,51.351,51.674,23397,0
NULG.US,D,20201127,000000,52.029,52.217,52.012,52.104,20267,0
NULG.US,D,20201130,000000,52.359,52.359,51.624,52.302,80314,0
NULG.US,D,20201201,000000,52.773,53.044,52.585,52.767,43627,0
NULG.US,D,20201202,000000,52.557,52.557,51.784,52.237,51694,0
NULG.US,D,20201203,000000,52.557,52.811,52.274,52.322,40597,0
NULG.US,D,20201204,000000,52.567,52.858,52.482,52.858,42069,0
NULG.US,D,20201207,000000,52.962,53.075,52.868,53.003,51182,0
NULG.US,D,20201208,000000,52.925,53.33,52.811,53.301,23904,0
NULG.US,D,20201209,000000,53.481,53.481,52.077,52.279,32585,0
NULG.US,D,20201210,000000,52.001,52.557,51.935,52.491,42276,0
NULG.US,D,20201211,000000,52.161,52.585,52.132,52.543,49753,0
NULG.US,D,20201214,000000,52.943,53.301,52.765,52.78,54004,0
NULG.US,D,20201215,000000,53.023,53.179,52.901,53.179,67262,0
NULG.US,D,20201216,000000,53.17,53.518,53.056,53.433,58855,0
NULG.US,D,20201217,000000,53.646,53.954,53.607,53.916,44851,0
NULG.US,D,20201218,000000,54.176,54.176,53.643,54.157,32647,0
NULG.US,D,20201221,000000,53.173,54.022,53.067,53.858,47638,0
NULG.US,D,20201222,000000,54.09,54.09,53.651,54.07,27808,0
NULG.US,D,20201223,000000,54.292,54.292,53.704,53.704,49625,0
NULG.US,D,20201224,000000,53.916,54.046,53.781,53.954,19515,0
NULG.US,D,20201228,000000,54.553,54.553,53.964,54.061,28877,0
NULG.US,D,20201229,000000,54.36,54.36,53.67,53.858,58565,0
NULG.US,D,20201230,000000,54.147,54.196,54.012,54.118,40972,0
NULG.US,D,20201231,000000,54.032,54.379,53.935,54.331,41452,0
NULG.US,D,20210104,000000,54.669,54.669,53.221,53.761,49636,0
NULG.US,D,20210105,000000,53.626,54.128,53.626,54.099,34990,0
NULG.US,D,20210106,000000,53.588,54.476,53.347,53.877,23738,0
NULG.US,D,20210107,000000,54.418,55.325,54.418,55.267,33829,0
NULG.US,D,20210108,000000,55.605,56.02,55.359,56.02,173837,0
NULG.US,D,20210111,000000,55.489,55.913,55.277,55.46,27770,0
NULG.US,D,20210112,000000,55.547,55.663,55.132,55.45,26348,0
NULG.US,D,20210113,000000,55.595,55.624,55.18,55.431,957459,0
NULG.US,D,20210114,000000,55.798,55.798,55.064,55.074,37368,0
NULG.US,D,20210115,000000,55.122,55.184,54.42,54.63,1268862,0
NULG.US,D,20210119,000000,55.18,55.565,54.948,55.508,69180,0
NULG.US,D,20210120,000000,55.962,56.652,55.962,56.55,107245,0
NULG.US,D,20210121,000000,56.734,56.734,56.32,56.435,42316,0
NULG.US,D,20210122,000000,56.261,56.502,56.261,56.377,90376,0
NULG.US,D,20210125,000000,56.782,56.821,55.653,56.473,55809,0
NULG.US,D,20210126,000000,56.579,56.579,56.087,56.126,74540,0
NULG.US,D,20210127,000000,55.508,55.624,54.206,54.524,222806,0
NULG.US,D,20210128,000000,54.968,55.875,54.959,55.248,47373,0
NULG.US,D,20210129,000000,55.074,55.166,53.974,54.398,71984,0
NULG.US,D,20210201,000000,55.045,55.749,54.683,55.605,74634,0
NULG.US,D,20210202,000000,56.097,56.801,56.097,56.647,55515,0
NULG.US,D,20210203,000000,57.043,57.043,56.57,56.57,56651,0
NULG.US,D,20210204,000000,56.859,57.1,56.784,57.1,41457,0
NULG.US,D,20210205,000000,57.4,57.602,57.313,57.496,49264,0
NULG.US,D,20210208,000000,57.988,58.114,57.694,58.075,40958,0
NULG.US,D,20210209,000000,58.036,58.201,57.901,57.998,44064,0
NULG.US,D,20210210,000000,58.403,58.403,57.506,57.959,50721,0
NULG.US,D,20210211,000000,58.394,58.736,58.249,58.625,42649,0
NULG.US,D,20210212,000000,58.731,59.059,58.365,59.059,42105,0
NULG.US,D,20210216,000000,59.474,59.532,58.789,58.963,91541,0
NULG.US,D,20210217,000000,58.731,58.731,58.027,58.712,29040,0
NULG.US,D,20210218,000000,58.336,58.548,57.824,58.355,65884,0
NULG.US,D,20210219,000000,58.751,58.806,58.239,58.316,251999,0
NULG.US,D,20210222,000000,57.757,57.757,56.772,56.782,95858,0
NULG.US,D,20210223,000000,55.817,56.705,55.006,56.464,65165,0
NULG.US,D,20210224,000000,56.348,57.197,55.923,57.168,46918,0
NULG.US,D,20210225,000000,56.705,56.859,54.977,55.19,45102,0
NULG.US,D,20210226,000000,55.798,55.952,54.775,55.46,46836,0
NULG.US,D,20210301,000000,56.164,56.898,56.145,56.84,71591,0
NULG.US,D,20210302,000000,56.84,56.84,56,56,75781,0
NULG.US,D,20210303,000000,55.991,55.991,54.263,54.263,59360,0
NULG.US,D,20210304,000000,54.041,54.398,52.372,52.941,139938,0
NULG.US,D,20210305,000000,53.559,53.867,51.938,53.81,53036,0
NULG.US,D,20210308,000000,53.732,54.273,52.613,52.613,53626,0
NULG.US,D,20210309,000000,53.607,54.649,53.607,54.418,43974,0
NULG.US,D,20210310,000000,55.132,55.18,54.408,54.408,65702,0
NULG.US,D,20210311,000000,55.248,56.015,55.248,55.769,38624,0
NULG.US,D,20210312,000000,55.238,55.344,54.707,55.344,37823,0
NULG.US,D,20210315,000000,55.431,55.798,55.122,55.798,63908,0
NULG.US,D,20210316,000000,56.01,56.384,55.537,55.73,46782,0
NULG.US,D,20210317,000000,55.296,55.904,54.939,55.664,28761,0
NULG.US,D,20210318,000000,55.219,55.219,54.254,54.254,47423,0
NULG.US,D,20210319,000000,54.437,54.628,53.882,54.35,59492,0
NULG.US,D,20210322,000000,54.775,55.363,54.591,55.132,66919,0
NULG.US,D,20210323,000000,55.315,55.585,54.823,54.958,136937,0
NULG.US,D,20210324,000000,55.209,55.209,54.391,54.391,51709,0
NULG.US,D,20210325,000000,53.974,54.456,53.511,54.331,53999,0
NULG.US,D,20210326,000000,54.524,55.373,54.437,55.373,69815,0
NULG.US,D,20210329,000000,55.183,55.439,54.881,55.248,27031,0
NULG.US,D,20210330,000000,54.987,55.199,54.765,55.035,68109,0
NULG.US,D,20210331,000000,55.325,56.213,55.325,55.952,78569,0
NULG.US,D,20210401,000000,56.521,56.917,56.521,56.907,62757,0
NULG.US,D,20210405,000000,57.535,57.863,57.429,57.815,54053,0
NULG.US,D,20210406,000000,57.737,58.161,57.65,57.853,161045,0
NULG.US,D,20210407,000000,57.776,57.93,57.573,57.689,36201,0
NULG.US,D,20210408,000000,58.027,58.432,58.027,58.355,82300,0
NULG.US,D,20210409,000000,58.355,58.76,58.094,58.741,323812,0
NULG.US,D,20210412,000000,58.572,58.934,58.432,58.847,213131,0
NULG.US,D,20210413,000000,59.108,59.513,59.059,59.465,40741,0
NULG.US,D,20210414,000000,59.31,59.696,58.866,58.963,111505,0
NULG.US,D,20210415,000000,59.301,59.88,59.301,59.841,31099,0
NULG.US,D,20210416,000000,59.976,60.053,59.667,60.005,35280,0
NULG.US,D,20210419,000000,59.783,59.841,59.166,59.359,35518,0
NULG.US,D,20210420,000000,59.127,59.523,58.729,59.05,62641,0
NULG.US,D,20210421,000000,59.002,59.735,58.934,59.696,57463,0
NULG.US,D,20210422,000000,59.764,59.947,59.037,59.281,25622,0
NULG.US,D,20210423,000000,59.368,60.198,59.368,60.073,33345,0
NULG.US,D,20210426,000000,60.169,60.313,60.029,60.256,30693,0
NULG.US,D,20210427,000000,60.333,60.333,59.918,60.005,37609,0
NULG.US,D,20210428,000000,60.073,60.203,59.851,59.87,57167,0
NULG.US,D,20210429,000000,60.111,60.111,59.432,59.851,37914,0
NULG.US,D,20210430,000000,59.281,59.532,59.166,59.262,33860,0
NULG.US,D,20210503,000000,59.436,59.436,58.818,58.818,66143,0
NULG.US,D,20210504,000000,58.451,58.451,57.304,57.998,75089,0
NULG.US,D,20210505,000000,58.423,58.423,57.766,57.815,53795,0
NULG.US,D,20210506,000000,57.511,57.921,57.322,57.921,87123,0
NULG.US,D,20210507,000000,58.345,58.885,58.345,58.567,58303,0
NULG.US,D,20210510,000000,58.461,58.741,57.409,57.409,31991,0
NULG.US,D,20210511,000000,56.396,57.369,56.29,57.245,58807,0
NULG.US,D,20210512,000000,56.348,56.743,55.47,55.566,60280,0
NULG.US,D,20210513,000000,55.942,56.357,55.655,56.02,48024,0
NULG.US,D,20210514,000000,56.637,57.207,56.464,57.1,35512,0
NULG.US,D,20210517,000000,56.705,56.806,56.319,56.685,25690,0
NULG.US,D,20210518,000000,56.903,57.052,56.502,56.51,18228,0
NULG.US,D,20210519,000000,55.498,56.56,55.498,56.56,43840,0
NULG.US,D,20210520,000000,56.878,57.766,56.878,57.602,72015,0
NULG.US,D,20210521,000000,57.95,58.008,57.457,57.457,36493,0
NULG.US,D,20210524,000000,57.988,58.595,57.988,58.413,30353,0
NULG.US,D,20210525,000000,58.683,58.712,58.48,58.664,37655,0
NULG.US,D,20210526,000000,58.712,58.894,58.712,58.77,42329,0
NULG.US,D,20210527,000000,58.828,58.835,58.451,58.683,43254,0
NULG.US,D,20210528,000000,58.905,59.137,58.77,58.77,56745,0
NULG.US,D,20210601,000000,59.204,59.204,58.461,58.606,50336,0
NULG.US,D,20210602,000000,58.78,58.876,58.519,58.654,41443,0
NULG.US,D,20210603,000000,58.316,58.442,58.012,58.233,44441,0
NULG.US,D,20210604,000000,58.588,59.117,58.588,59.098,59735,0
NULG.US,D,20210607,000000,58.953,59.252,58.953,59.252,188274,0
NULG.US,D,20210608,000000,59.416,59.581,58.944,59.233,70944,0
NULG.US,D,20210609,000000,59.378,59.499,59.204,59.204,35555,0
NULG.US,D,20210610,000000,59.32,59.938,59.32,59.938,22008,0
NULG.US,D,20210611,000000,59.947,59.995,59.721,59.995,24175,0
NULG.US,D,20210614,000000,60.02,60.343,59.909,60.343,316006,0
NULG.US,D,20210615,000000,60.362,60.362,59.822,59.88,26817,0
NULG.US,D,20210616,000000,60.063,60.111,59.195,59.609,113956,0
NULG.US,D,20210617,000000,59.513,60.314,59.513,60.198,27995,0
NULG.US,D,20210618,000000,59.851,60.102,59.677,59.793,146294,0
NULG.US,D,20210621,000000,59.986,60.39,59.513,60.362,87073,0
NULG.US,D,20210622,000000,60.41,60.892,60.278,60.835,169218,0
NULG.US,D,20210623,000000,60.961,61.078,60.864,60.951,164541,0
NULG.US,D,20210624,000000,61.347,61.704,61.347,61.53,115092,0
NULG.US,D,20210625,000000,61.761,61.88,61.607,61.684,26374,0
NULG.US,D,20210628,000000,61.974,62.225,61.926,62.205,550891,0
NULG.US,D,20210629,000000,62.302,62.408,62.128,62.408,58100,0
NULG.US,D,20210630,000000,62.244,62.36,62.162,62.263,54892,0
NULG.US,D,20210701,000000,62.176,62.368,62.07,62.331,59833,0
NULG.US,D,20210702,000000,62.678,62.958,62.62,62.91,29793,0
NULG.US,D,20210706,000000,63.084,63.084,62.447,62.948,571039,0
NULG.US,D,20210707,000000,63.141,63.18,62.708,63.026,65383,0
NULG.US,D,20210708,000000,62.032,62.707,62.022,62.514,170838,0
NULG.US,D,20210709,000000,62.775,63.045,62.606,62.997,25592,0
NULG.US,D,20210712,000000,63.238,63.277,63.026,63.277,108356,0
NULG.US,D,20210713,000000,63.257,63.547,63.113,63.19,36838,0
NULG.US,D,20210714,000000,63.547,63.547,63.026,63.026,86902,0
NULG.US,D,20210715,000000,62.891,62.977,62.389,62.717,24236,0
NULG.US,D,20210716,000000,62.982,62.982,62.35,62.369,28112,0
NULG.US,D,20210719,000000,61.761,61.964,61.496,61.8,104243,0
NULG.US,D,20210720,000000,62.09,62.939,61.713,62.707,40500,0
NULG.US,D,20210721,000000,62.9,63.17,62.794,63.161,66795,0
NULG.US,D,20210722,000000,63.334,63.692,63.334,63.682,19642,0
NULG.US,D,20210723,000000,64.116,64.579,63.875,64.541,40718,0
NULG.US,D,20210726,000000,64.406,64.502,64.213,64.464,36575,0
NULG.US,D,20210727,000000,64.415,64.415,63.272,63.913,18007,0
NULG.US,D,20210728,000000,64.058,64.309,63.841,64.193,29482,0
NULG.US,D,20210729,000000,64.266,64.521,64.266,64.357,22592,0
NULG.US,D,20210730,000000,64.087,64.415,64.087,64.232,41942,0
NULG.US,D,20210802,000000,64.546,64.676,64.213,64.29,50122,0
NULG.US,D,20210803,000000,64.386,64.521,63.817,64.521,78983,0
NULG.US,D,20210804,000000,64.637,64.907,64.483,64.705,72179,0
NULG.US,D,20210805,000000,65.004,65.506,65.004,65.496,29598,0
NULG.US,D,20210806,000000,65.458,65.458,65.072,65.187,38161,0
NULG.US,D,20210809,000000,65.371,65.371,65.004,65.226,49925,0
NULG.US,D,20210810,000000,65.361,65.362,64.801,64.936,48525,0
NULG.US,D,20210811,000000,65.216,65.216,64.666,64.912,120446,0
NULG.US,D,20210812,000000,64.816,65.168,64.714,65.158,35532,0
NULG.US,D,20210813,000000,65.255,65.448,65.255,65.448,31794,0
NULG.US,D,20210816,000000,65.318,65.467,64.753,65.458,48629,0
NULG.US,D,20210817,000000,65.11,65.111,64.628,65.004,18371,0
NULG.US,D,20210818,000000,64.932,65.265,64.521,64.521,17176,0
NULG.US,D,20210819,000000,64.126,65.164,63.856,64.956,97442,0
NULG.US,D,20210820,000000,65.265,65.747,65.265,65.718,34615,0
NULG.US,D,20210823,000000,66.085,66.587,66.085,66.5,45403,0
NULG.US,D,20210824,000000,66.691,66.76,66.531,66.606,29612,0
NULG.US,D,20210825,000000,66.64,66.901,66.63,66.856,28947,0
NULG.US,D,20210826,000000,66.799,66.866,66.453,66.471,62446,0
NULG.US,D,20210827,000000,66.616,67.14,66.564,67.079,150456,0
NULG.US,D,20210830,000000,67.33,67.607,67.33,67.513,584513,0
NULG.US,D,20210831,000000,67.542,67.542,67.243,67.339,48607,0
NULG.US,D,20210901,000000,67.532,67.686,67.445,67.465,34045,0
NULG.US,D,20210902,000000,67.677,67.771,67.354,67.523,55581,0
NULG.US,D,20210903,000000,67.339,67.851,67.233,67.745,26064,0
NULG.US,D,20210907,000000,67.812,67.812,67.214,67.417,617912,0
NULG.US,D,20210908,000000,67.417,67.417,66.934,67.291,118077,0
NULG.US,D,20210909,000000,67.436,67.582,67.011,67.021,43405,0
NULG.US,D,20210910,000000,67.417,67.417,66.625,66.654,41950,0
NULG.US,D,20210913,000000,67.117,67.117,66.094,66.48,241916,0
NULG.US,D,20210914,000000,66.731,66.731,66.258,66.403,46688,0
NULG.US,D,20210915,000000,66.606,67.002,66.357,66.934,26493,0
NULG.US,D,20210916,000000,66.862,67.127,66.506,67.04,16972,0
NULG.US,D,20210917,000000,67.079,67.079,66.222,66.365,28966,0
NULG.US,D,20210920,000000,65.187,65.564,64.29,65.158,34081,0
NULG.US,D,20210921,000000,65.573,65.614,65.004,65.12,45217,0
NULG.US,D,20210922,000000,65.236,65.93,65.207,65.718,27627,0
NULG.US,D,20210923,000000,65.979,66.678,65.979,66.509,29088,0
NULG.US,D,20210924,000000,66.152,66.526,66.051,66.48,39716,0
NULG.US,D,20210927,000000,66.027,66.027,65.532,65.708,186012,0
NULG.US,D,20210928,000000,64.946,65.052,63.684,63.73,78083,0
NULG.US,D,20210929,000000,64,64.299,63.566,63.576,53314,0
NULG.US,D,20210930,000000,63.885,64.087,63.122,63.161,37902,0
NULG.US,D,20211001,000000,63.315,64.094,62.886,63.894,101236,0
NULG.US,D,20211004,000000,63.759,64.02,62.138,62.572,566079,0
NULG.US,D,20211005,000000,62.736,63.681,62.736,63.286,63064,0
NULG.US,D,20211006,000000,62.649,63.682,62.588,63.663,58368,0
NULG.US,D,20211007,000000,64.116,64.764,64.116,64.28,50530,0
NULG.US,D,20211008,000000,64.435,64.84,63.798,63.846,30264,0
NULG.US,D,20211011,000000,63.653,64.25,63.363,63.441,598523,0
NULG.US,D,20211012,000000,63.72,63.991,63.42,63.527,41771,0
NULG.US,D,20211013,000000,63.885,64.174,63.587,64.029,92339,0
NULG.US,D,20211014,000000,64.637,65.303,64.628,65.245,45498,0
NULG.US,D,20211015,000000,65.67,65.863,65.266,65.699,50393,0
NULG.US,D,20211018,000000,65.525,66.249,65.266,66.249,51228,0
NULG.US,D,20211019,000000,66.49,66.741,66.432,66.654,52614,0
NULG.US,D,20211020,000000,66.77,67.079,66.336,66.49,42505,0
NULG.US,D,20211021,000000,66.389,67.031,66.273,67.021,51267,0
NULG.US,D,20211022,000000,67.04,67.301,66.645,66.905,29600,0
NULG.US,D,20211025,000000,67.31,67.918,67.059,67.735,58205,0
NULG.US,D,20211026,000000,68.237,68.566,67.909,67.967,66269,0
NULG.US,D,20211027,000000,68.131,68.709,68.102,68.111,52893,0
NULG.US,D,20211028,000000,68.449,68.816,68.357,68.797,67034,0
NULG.US,D,20211029,000000,68.758,69.491,68.758,69.491,53789,0
NULG.US,D,20211101,000000,69.737,69.948,69.308,69.718,53451,0
NULG.US,D,20211102,000000,69.665,70.08,69.626,70.07,51649,0
NULG.US,D,20211103,000000,70.109,70.379,69.597,70.331,38967,0
NULG.US,D,20211104,000000,70.562,71.643,70.562,71.47,39477,0
NULG.US,D,20211105,000000,71.836,72.203,71.306,71.537,78003,0
NULG.US,D,20211108,000000,71.595,71.875,71.344,71.537,54245,0
NULG.US,D,20211109,000000,71.807,72.049,70.724,70.92,88596,0
NULG.US,D,20211110,000000,70.447,70.915,69.66,69.974,58644,0
NULG.US,D,20211111,000000,70.35,70.62,69.916,69.964,33944,0
NULG.US,D,20211112,000000,70.128,70.64,69.965,70.64,29217,0
NULG.US,D,20211115,000000,70.727,70.91,70.174,70.456,166231,0
NULG.US,D,20211116,000000,70.35,71.257,70.35,71.161,384100,0
NULG.US,D,20211117,000000,71.248,71.518,70.794,70.891,421499,0
NULG.US,D,20211118,000000,71.421,71.537,70.731,71.064,67119,0
NULG.US,D,20211119,000000,71.315,71.499,71.045,71.161,94333,0
NULG.US,D,20211122,000000,71.576,71.788,70.234,70.292,54141,0
NULG.US,D,20211123,000000,70.128,70.398,69.062,69.762,70263,0
NULG.US,D,20211124,000000,69.221,70.176,68.936,70.157,60204,0
NULG.US,D,20211126,000000,69.376,69.877,68.671,68.797,29781,0
NULG.US,D,20211129,000000,69.54,70.248,69.41,70.09,34568,0
NULG.US,D,20211130,000000,69.81,70.186,68.594,68.671,57345,0
NULG.US,D,20211201,000000,69.511,69.752,67.426,67.474,48767,0
NULG.US,D,20211202,000000,67.455,68.739,67.455,68.43,84458,0
NULG.US,D,20211203,000000,68.632,69.009,66.408,67.185,41272,0
NULG.US,D,20211206,000000,67.156,67.735,66.442,67.6,76095,0
NULG.US,D,20211207,000000,68.758,69.626,68.758,69.549,33010,0
NULG.US,D,20211208,000000,69.684,69.993,69.376,69.945,50637,0
NULG.US,D,20211209,000000,69.733,69.945,68.7,68.71,46891,0
NULG.US,D,20211210,000000,69.154,69.404,68.804,69.308,71516,0
NULG.US,D,20211213,000000,69.337,69.337,68.391,68.526,229303,0
NULG.US,D,20211214,000000,67.6,67.899,66.593,67.281,148909,0
NULG.US,D,20211215,000000,67.667,68.768,66.895,68.7,54904,0
NULG.US,D,20211216,000000,68,68.2,66.0119,66.3,118100,0
NULG.US,D,20211217,000000,65.77,66.63,65.3895,66.03,182577,0
NULG.US,D,20211220,000000,65.13,65.3884,64.7064,65.2,98651,0
NULG.US,D,20211221,000000,65.95,66.82,65.41,66.78,128542,0
NULG.US,D,20211222,000000,66.8,67.65,66.8,67.61,56542,0
NULG.US,D,20211223,000000,67.77,68.43,67.77,68.22,120762,0
NULG.US,D,20211227,000000,68.39,69.4,68.39,69.37,41181,0
NULG.US,D,20211228,000000,69.57,69.7599,68.937,68.98,41560,0
NULG.US,D,20211229,000000,69.03,69.26,68.75,69.13,49853,0
NULG.US,D,20211230,000000,69.05,69.43,68.91,68.91,32635,0
NULG.US,D,20211231,000000,68.82,68.96,68.55,68.57,33584,0
NULG.US,D,20220103,000000,69.02,69.02,67.955,68.51,83404,0
NULG.US,D,20220104,000000,68.43,68.44,66.7882,67.43,83366,0
NULG.US,D,20220105,000000,67.07,67.27,65.16,65.2,92091,0
NULG.US,D,20220106,000000,64.98,65.655,64.295,65.17,206439,0
NULG.US,D,20220107,000000,65.02,65.3499,63.91,64.02,111887,0
NULG.US,D,20220110,000000,63.185,63.82,62.099,63.77,148024,0
NULG.US,D,20220111,000000,63.72,64.585,63.3,64.56,37803,0
NULG.US,D,20220112,000000,65,65.29,64.465,64.84,34267,0
NULG.US,D,20220113,000000,65.12,65.37,62.8301,63.01,89999,0
NULG.US,D,20220114,000000,62.48,63.07,62.09,63.02,91431,0
NULG.US,D,20220118,000000,62.06,62.38,61.3859,61.55,93400,0
NULG.US,D,20220119,000000,61.95,62.4672,61.03,61.07,99574,0
NULG.US,D,20220120,000000,61.63,62.4793,60.33,60.4,97832,0
NULG.US,D,20220121,000000,59.92,60.3574,58.7,58.76,60613,0
NULG.US,D,20220124,000000,57.5,59.33,56.0646,59.26,103452,0
NULG.US,D,20220125,000000,58.16,58.73,57.22,57.67,80510,0
NULG.US,D,20220126,000000,58.98,59.446,57.08,57.44,85388,0
NULG.US,D,20220127,000000,58.22,58.5756,56.74,56.87,47668,0
NULG.US,D,20220128,000000,56.87,58.53,56.05,58.5,57123,0
NULG.US,D,20220131,000000,58.51,60.49,58.51,60.49,58773,0
NULG.US,D,20220201,000000,60.74,60.8408,59.8084,60.77,106273,0
NULG.US,D,20220202,000000,60.92,61.008,60.2691,60.77,114696,0
NULG.US,D,20220203,000000,59.7,60.14,58.98,59.03,207986,0
NULG.US,D,20220204,000000,59.01,60.2628,58.64,59.72,105759,0
NULG.US,D,20220207,000000,59.9,60.26,59.23,59.35,232106,0
NULG.US,D,20220208,000000,59.2,59.9936,58.86,59.86,84742,0
NULG.US,D,20220209,000000,60.7,61.3999,60.482,61.36,46680,0
NULG.US,D,20220210,000000,60.21,61.345,59.72,60.09,262533,0
NULG.US,D,20220211,000000,60.14,60.14,58.02,58.29,92196,0
NULG.US,D,20220214,000000,58.23,58.6791,57.5596,58.07,302797,0
NULG.US,D,20220215,000000,58.94,59.605,58.93,59.56,126030,0
NULG.US,D,20220216,000000,59.23,59.6,58.55,59.51,58720,0
NULG.US,D,20220217,000000,59,59.26,57.64,57.69,51697,0
NULG.US,D,20220218,000000,57.88,57.88,56.62,56.91,54916,0
NULG.US,D,20220222,000000,56.445,57.16,55.76,56.2,55739,0
NULG.US,D,20220223,000000,56.7,56.8225,54.87,54.875,98570,0
NULG.US,D,20220224,000000,52.94,57.0717,52.94,57.06,66950,0
NULG.US,D,20220225,000000,57.17,57.9535,56.5906,57.92,119765,0
NULG.US,D,20220228,000000,57.22,58.34,57.22,58.04,177000,0
NULG.US,D,20220301,000000,57.94,58.1286,56.92,57.34,89594,0
NULG.US,D,20220302,000000,57.63,58.47,57.31,58.29,144417,0
NULG.US,D,20220303,000000,58.62,58.62,57.28,57.54,57189,0
NULG.US,D,20220304,000000,57,57.4,56.33,56.85,84624,0
NULG.US,D,20220307,000000,56.785,56.82,54.66,54.7,67180,0
NULG.US,D,20220308,000000,54.58,55.8923,54.0164,54.47,69838,0
NULG.US,D,20220309,000000,55.86,56.6513,55.53,56.39,107423,0
NULG.US,D,20220310,000000,55.48,55.91,54.9666,55.91,72111,0
NULG.US,D,20220311,000000,56.44,56.44,54.63,54.67,41690,0
NULG.US,D,20220314,000000,54.57,55.1066,53.625,53.78,72999,0
NULG.US,D,20220315,000000,54.24,55.55,54.1,55.43,72866,0
NULG.US,D,20220316,000000,56.3,57.3,55.51,57.26,123133,0
NULG.US,D,20220317,000000,57.09,58.23,57.0802,58.17,69087,0
NULG.US,D,20220318,000000,57.99,59.61,57.99,59.58,101046,0
NULG.US,D,20220321,000000,59.31,59.5971,58.5709,59.13,150378,0
NULG.US,D,20220322,000000,59.31,60.23,59.23,60.05,108251,0
NULG.US,D,20220323,000000,59.55,59.81,58.91,58.91,69786,0
NULG.US,D,20220324,000000,59.3,60.025,59.01,60.01,40259,0
NULG.US,D,20220325,000000,60.08,60.1242,59.3192,59.86,61725,0
NULG.US,D,20220328,000000,60.04,60.93,59.875,60.92,52877,0
NULG.US,D,20220329,000000,61.7,62.165,61.1887,62.05,54724,0
NULG.US,D,20220330,000000,61.71,61.895,61.1,61.37,38597,0
NULG.US,D,20220331,000000,61.54,61.64,60.655,60.73,43347,0
NULG.US,D,20220401,000000,60.91,60.98,60.33,60.79,87316,0
NULG.US,D,20220404,000000,61.05,62.03,61.01,62.03,122800,0
NULG.US,D,20220405,000000,61.91,61.91,60.76,60.85,184757,0
NULG.US,D,20220406,000000,60.02,60.056,59.15,59.78,43004,0
NULG.US,D,20220407,000000,59.6,60.39,59.3369,60.07,82782,0
NULG.US,D,20220408,000000,59.78,60.01,59.3666,59.4,120687,0
NULG.US,D,20220411,000000,58.7,58.7,57.97,58.01,81266,0
NULG.US,D,20220412,000000,58.74,58.92,57.25,57.5,63433,0
NULG.US,D,20220413,000000,57.53,58.49,57.53,58.37,83891,0
NULG.US,D,20220414,000000,58.58,58.58,57.28,57.31,112091,0
NULG.US,D,20220418,000000,57.13,57.58,56.82,57.27,136240,0
NULG.US,D,20220419,000000,57.22,58.505,57.22,58.42,105341,0
NULG.US,D,20220420,000000,58.46,58.46,57.57,57.72,79049,0
NULG.US,D,20220421,000000,58.64,58.86,56.5915,56.69,51613,0
NULG.US,D,20220422,000000,56.48,56.58,55.1,55.12,72374,0
NULG.US,D,20220425,000000,54.74,55.72,54.65,55.7,74226,0
NULG.US,D,20220426,000000,55.5,55.5,53.72,53.72,77457,0
NULG.US,D,20220427,000000,54.12,54.99,53.905,54.15,81476,0
NULG.US,D,20220428,000000,54.9,55.8,53.8861,55.47,73470,0
NULG.US,D,20220429,000000,55.245,55.75,53.6,53.63,47108,0
NULG.US,D,20220502,000000,53.54,54.22,52.94,54.16,57862,0
NULG.US,D,20220503,000000,54.16,54.33,53.74,54.12,116733,0
NULG.US,D,20220504,000000,54.16,55.83,53.305,55.72,36525,0
NULG.US,D,20220505,000000,55.04,55.04,52.579,53.1,142398,0
NULG.US,D,20220506,000000,52.61,52.86,51.52,52.31,50216,0
NULG.US,D,20220509,000000,51.28,51.586,49.57,49.81,70587,0
NULG.US,D,20220510,000000,50.89,51.05,49.43,50.15,63716,0
NULG.US,D,20220511,000000,49.77,50.69,48.8,48.92,62773,0
NULG.US,D,20220512,000000,48.37,49.44,47.9321,49.01,214614,0
NULG.US,D,20220513,000000,49.77,50.8748,49.735,50.65,96394,0
NULG.US,D,20220516,000000,50.385,50.68,50.03,50.08,231793,0
NULG.US,D,20220517,000000,51.07,51.289,50.3183,51.26,66944,0
NULG.US,D,20220518,000000,50.58,50.58,48.7573,48.91,40346,0
NULG.US,D,20220519,000000,48.72,49.79,48.52,49.14,58794,0
NULG.US,D,20220520,000000,49.77,49.77,47.7918,49.04,69997,0
NULG.US,D,20220523,000000,49.48,49.9752,49.06,49.94,61148,0
NULG.US,D,20220524,000000,49.17,49.21,48.31,48.82,190058,0
NULG.US,D,20220525,000000,48.73,49.98,48.66,49.65,157169,0
NULG.US,D,20220526,000000,49.81,51.21,49.81,51.03,118410,0
NULG.US,D,20220527,000000,51.44,52.7,51.44,52.7,46467,0
NULG.US,D,20220531,000000,52.52,52.61,51.7499,52.15,125552,0
NULG.US,D,20220601,000000,52.37,52.72,51.19,51.54,51183,0
NULG.US,D,20220602,000000,51.49,53.24,51.27,53.21,157197,0
NULG.US,D,20220603,000000,52.47,52.7227,52.04,52.19,230982,0
NULG.US,D,20220606,000000,52.79,52.97,52.14,52.3,41107,0
NULG.US,D,20220607,000000,51.74,52.9,51.74,52.84,39009,0
NULG.US,D,20220608,000000,52.57,52.98,52.23,52.34,191752,0
NULG.US,D,20220609,000000,52.18,52.4486,51.14,51.14,84133,0
NULG.US,D,20220610,000000,50.16,50.16,49.3448,49.36,76227,0
NULG.US,D,20220613,000000,47.87,48.16,46.95,47.17,94406,0
NULG.US,D,20220614,000000,47.4,47.49,46.804,47.16,67034,0
NULG.US,D,20220615,000000,47.66,48.8799,47.5799,48.21,236244,0
NULG.US,D,20220616,000000,46.95,47.0766,45.95,46.26,61354,0
NULG.US,D,20220617,000000,46.4,47.205,46.21,46.76,65379,0
NULG.US,D,20220621,000000,47.43,48.1679,47.43,47.84,72083,0
NULG.US,D,20220622,000000,47.26,48.39,47.26,47.88,312061,0
NULG.US,D,20220623,000000,48.2,48.825,47.94,48.74,101736,0
NULG.US,D,20220624,000000,49.23,50.5,49.23,50.49,64571,0
NULG.US,D,20220627,000000,50.66,50.66,49.91,50.07,86524,0
NULG.US,D,20220628,000000,50.27,50.52,48.53,48.57,127415,0
NULG.US,D,20220629,000000,48.49,48.6892,48.0426,48.55,48711,0
NULG.US,D,20220630,000000,47.97,48.5503,47.52,48.2,77901,0
NULG.US,D,20220701,000000,48.03,48.55,47.7009,48.5,101616,0
NULG.US,D,20220705,000000,47.79,49.07,47.51,49.07,68149,0
NULG.US,D,20220706,000000,49.2,49.59,48.86,49.216,32174,0
NULG.US,D,20220707,000000,49.48,50.23,49.42,50.18,49921,0
NULG.US,D,20220708,000000,49.76,50.2255,49.525,50.03,34581,0
NULG.US,D,20220711,000000,49.69,49.69,49.12,49.19,68396,0
NULG.US,D,20220712,000000,49.2,49.56,48.15,48.42,49964,0
NULG.US,D,20220713,000000,47.58,48.65,47.46,48.35,97625,0
NULG.US,D,20220714,000000,47.78,48.42,47.255,48.27,48374,0
NULG.US,D,20220715,000000,48.89,49.29,48.7042,49.27,192992,0
NULG.US,D,20220718,000000,49.78,50.0624,48.8177,48.95,76655,0
NULG.US,D,20220719,000000,49.58,50.51,49.45,50.49,52602,0
NULG.US,D,20220720,000000,50.61,51.49,50.61,51.31,68555,0
NULG.US,D,20220721,000000,51.29,52.3,51.23,52.3,152805,0
NULG.US,D,20220722,000000,52.18,52.3304,51.27,51.51,29714,0
NULG.US,D,20220725,000000,51.535,51.535,51.005,51.26,37400,0
NULG.US,D,20220726,000000,51.02,51.03,50.24,50.36,27220,0
NULG.US,D,20220727,000000,50.97,52.34,50.97,52.14,41509,0
NULG.US,D,20220728,000000,52.21,53.29,51.97,53.21,36764,0
NULG.US,D,20220729,000000,53.1598,54,53.07,53.94,32418,0
NULG.US,D,20220801,000000,53.57,54.25,53.34,53.81,207643,0
NULG.US,D,20220802,000000,53.61,54.25,53.39,53.62,38482,0
NULG.US,D,20220803,000000,53.77,54.48,53.74,54.34,186677,0
NULG.US,D,20220804,000000,54.45,54.66,54.218,54.62,35285,0
NULG.US,D,20220805,000000,53.84,54.585,53.84,54.47,55671,0
NULG.US,D,20220808,000000,54.65,55.1,54.225,54.42,28763,0
NULG.US,D,20220809,000000,54.1,54.1,53.51,53.67,33887,0
NULG.US,D,20220810,000000,54.74,55.19,54.74,55.13,167834,0
NULG.US,D,20220811,000000,55.58,55.9,54.9158,54.98,69316,0
NULG.US,D,20220812,000000,55.36,56.06,55.1996,56.06,50276,0
NULG.US,D,20220815,000000,55.86,56.62,55.86,56.55,39770,0
NULG.US,D,20220816,000000,56.44,56.78,56.055,56.47,103771,0
NULG.US,D,20220817,000000,55.95,56.31,55.6231,55.91,58592,0
NULG.US,D,20220818,000000,55.93,56.1603,55.73,56.05,65207,0
NULG.US,D,20220819,000000,55.48,55.48,54.84,54.97,35424,0
NULG.US,D,20220822,000000,54.19,54.19,53.46,53.61,64402,0
NULG.US,D,20220823,000000,53.57,53.8324,53.3514,53.4,45688,0
NULG.US,D,20220824,000000,53.45,53.97,53.3,53.7,36489,0
NULG.US,D,20220825,000000,53.93,54.53,53.68,54.49,67725,0
NULG.US,D,20220826,000000,54.63,54.63,52.4,52.4,42159,0
NULG.US,D,20220829,000000,51.85,52.2786,51.785,51.9,172712,0
NULG.US,D,20220830,000000,52.2,52.2,50.96,51.35,59461,0
NULG.US,D,20220831,000000,51.8,51.855,50.95,51.04,315662,0
NULG.US,D,20220901,000000,50.41,50.84,49.88,50.8,96762,0
NULG.US,D,20220902,000000,51.42,51.5379,50.015,50.27,124655,0
NULG.US,D,20220906,000000,50.39,50.46,49.63,50.15,63740,0
NULG.US,D,20220907,000000,50.16,51.4337,50.16,51.35,68134,0
NULG.US,D,20220908,000000,50.88,51.91,50.77,51.87,47423,0
NULG.US,D,20220909,000000,52.36,53,52.36,52.94,61957,0
NULG.US,D,20220912,000000,53.2,53.46,53.05,53.34,61921,0
NULG.US,D,20220913,000000,51.78,52.0058,50.7549,50.9727,38208,0
NULG.US,D,20220914,000000,51,51.21,50.52,50.98,35814,0
NULG.US,D,20220915,000000,50.76,51.18,50.13,50.3,25639,0
NULG.US,D,20220916,000000,49.6,49.81,49.27,49.78,43246,0
NULG.US,D,20220919,000000,49.36,50.085,49.36,50.04,39791,0
NULG.US,D,20220920,000000,49.64,49.6858,48.99,49.38,50140,0
NULG.US,D,20220921,000000,49.64,50.15,48.48,48.5,78563,0
NULG.US,D,20220922,000000,48.35,48.35,47.536,47.63,50079,0
NULG.US,D,20220923,000000,47.04,47.15,46.39,46.91,108524,0
NULG.US,D,20220926,000000,46.73,47.43,46.435,46.53,55955,0
NULG.US,D,20220927,000000,47.22,47.479,46.19,46.64,130756,0
NULG.US,D,20220928,000000,46.83,47.93,46.72,47.75,62387,0
NULG.US,D,20220929,000000,47.25,47.32,46.39,46.76,57319,0
NULG.US,D,20220930,000000,46.52,47.33,46.05,46.1,67113,0
NULG.US,D,20221003,000000,46.55,47.51,46.2,47.2,133157,0
NULG.US,D,20221004,000000,48.03,48.9,48.03,48.89,81459,0
NULG.US,D,20221005,000000,48.16,49.12,47.91,48.75,62591,0
NULG.US,D,20221006,000000,48.55,49.1286,48.42,48.48,58523,0
NULG.US,D,20221007,000000,47.78,47.78,46.48,46.7,83511,0
NULG.US,D,20221010,000000,46.51,46.53,45.67,46.09,91384,0
NULG.US,D,20221011,000000,45.84,46.2069,45.2463,45.39,87179,0
NULG.US,D,20221012,000000,45.44,45.715,45.2942,45.37,67414,0
NULG.US,D,20221013,000000,44.19,46.56,44.11,46.33,73603,0
NULG.US,D,20221014,000000,46.7,46.7,44.98,45,35408,0
NULG.US,D,20221017,000000,45.9,46.7,45.9,46.51,72304,0
NULG.US,D,20221018,000000,47.8,47.8,46.612,47.11,55241,0
NULG.US,D,20221019,000000,46.8,47.16,46.46,46.83,45225,0
NULG.US,D,20221020,000000,46.6,47.36,46.1904,46.36,63487,0
NULG.US,D,20221021,000000,46.06,47.25,45.7929,47.22,39741,0
NULG.US,D,20221024,000000,47.5,47.995,46.9716,47.85,115464,0
NULG.US,D,20221025,000000,47.99,49.03,47.86,48.97,63864,0
NULG.US,D,20221026,000000,48.35,49.4499,48.35,48.59,42466,0
NULG.US,D,20221027,000000,48.99,49,48.4724,48.52,79763,0
NULG.US,D,20221028,000000,48.535,49.73,48.535,49.71,48731,0
NULG.US,D,20221031,000000,49.32,49.6059,49.09,49.3,68219,0
NULG.US,D,20221101,000000,49.91,49.98,49.03,49.11,39211,0
NULG.US,D,20221102,000000,48.97,49.41,47.41,47.41,36829,0
NULG.US,D,20221103,000000,46.84,47.3396,46.6214,46.83,47616,0
NULG.US,D,20221104,000000,47.52,47.76,46.58,47.39,76910,0
NULG.US,D,20221107,000000,47.61,48.01,47.3286,47.91,118925,0
NULG.US,D,20221108,000000,48.07,48.764,47.84,48.29,131925,0
NULG.US,D,20221109,000000,47.82,47.8635,46.985,47.06,59284,0
NULG.US,D,20221110,000000,49.21,50.52,49.21,50.47,50613,0
NULG.US,D,20221111,000000,50.48,51.59,50.48,51.45,75973,0
NULG.US,D,20221114,000000,51.05,51.44,50.74,50.74,52215,0
NULG.US,D,20221115,000000,51.73,51.94,51.07,51.53,54110,0
NULG.US,D,20221116,000000,51.17,51.195,50.7399,50.87,213111,0
NULG.US,D,20221117,000000,50.04,50.4601,49.8306,50.29,73808,0
NULG.US,D,20221118,000000,50.89,51,49.98,50.37,54515,0
NULG.US,D,20221121,000000,50.24,50.37,50.015,50.18,154088,0
NULG.US,D,20221122,000000,50.51,50.97,50.17,50.94,89839,0
NULG.US,D,20221123,000000,51.13,51.73,51.13,51.56,98559,0
NULG.US,D,20221125,000000,51.5,51.67,51.46,51.55,15529,0
NULG.US,D,20221128,000000,51.22,51.43,50.6,50.78,44746,0
NULG.US,D,20221129,000000,50.82,50.82,50.3,50.44,70114,0
NULG.US,D,20221130,000000,50.44,52.58,50.42,52.55,83875,0
NULG.US,D,20221201,000000,52.65,52.92,52.305,52.72,77405,0
NULG.US,D,20221202,000000,51.92,52.86,51.71,52.63,81677,0
NULG.US,D,20221205,000000,52.27,52.27,51.2216,51.42,256240,0
NULG.US,D,20221206,000000,51.355,51.5,50.3,50.6699,86412,0
NULG.US,D,20221207,000000,50.68,50.89,50.42,50.685,258363,0
NULG.US,D,20221208,000000,50.9,51.39,50.7416,51.32,58180,0
NULG.US,D,20221209,000000,51.16,51.56,51.01,51.01,89719,0
NULG.US,D,20221212,000000,51.11,51.76,51.032,51.73,77398,0
NULG.US,D,20221213,000000,53.36,53.51,51.66,52.12,84476,0
NULG.US,D,20221214,000000,52.15,52.47,51.385,51.76,64759,0
NULG.US,D,20221215,000000,50.68,50.77,49.83,50.08,88116,0
NULG.US,D,20221216,000000,49.715,49.95,49.185,49.44,108914,0
NULG.US,D,20221219,000000,49.47,49.47,48.65,48.87,470683,0
NULG.US,D,20221220,000000,48.79,49.0774,48.49,48.86,122702,0
NULG.US,D,20221221,000000,49.23,49.86,49.1,49.71,96068,0
NULG.US,D,20221222,000000,49.22,49.32,47.99,48.78,134961,0
NULG.US,D,20221223,000000,48.54,48.9244,48.2791,48.88,102373,0
NULG.US,D,20221227,000000,48.96,48.96,48.35,48.45,76116,0
NULG.US,D,20221228,000000,48.52,48.75,47.93,47.93,60539,0
NULG.US,D,20221229,000000,48.37,49.185,48.37,49.09,86856,0
NULG.US,D,20221230,000000,48.66,48.91,48.3836,48.89,68004,0
NULG.US,D,20230103,000000,49.31,49.44,48.29,48.636,51792,0
NULG.US,D,20230104,000000,48.92,49.22,48.5447,49.03,92717,0
NULG.US,D,20230105,000000,48.66,48.77,48.1326,48.2,36429,0
NULG.US,D,20230106,000000,48.66,49.35,48,49.19,65068,0
NULG.US,D,20230109,000000,49.53,50.35,49.53,49.61,73211,0
NULG.US,D,20230110,000000,49.57,50.1068,49.462,50.09,59560,0
NULG.US,D,20230111,000000,50.25,50.9,50.15,50.9,50992,0
NULG.US,D,20230112,000000,51.12,51.355,50.4005,51.27,148774,0
NULG.US,D,20230113,000000,50.8,51.5939,50.6782,51.5939,39503,0
NULG.US,D,20230117,000000,51.63,51.98,51.4,51.715,93258,0
NULG.US,D,20230118,000000,52.03,52.19,51.03,51.06,268488,0
NULG.US,D,20230119,000000,50.68,50.835,50.24,50.35,62374,0
NULG.US,D,20230120,000000,50.69,51.65,50.53,51.64,109711,0
NULG.US,D,20230123,000000,51.83,52.7825,51.34,52.56,64828,0
NULG.US,D,20230124,000000,52.19,52.46,52.19,52.42,52524,0
NULG.US,D,20230125,000000,51.74,52.41,51.3101,52.33,196217,0
NULG.US,D,20230126,000000,52.82,53.09,52.42,53.09,35153,0
NULG.US,D,20230127,000000,53,53.7842,52.81,53.47,82393,0
NULG.US,D,20230130,000000,53.09,53.31,52.595,52.61,125150,0
NULG.US,D,20230131,000000,52.65,53.48,52.65,53.48,92599,0
NULG.US,D,20230201,000000,53.34,54.87,53.24,54.4957,44685,0
NULG.US,D,20230202,000000,55.1,55.83,55.02,55.55,108194,0
NULG.US,D,20230203,000000,54.71,55.54,54.57,54.73,154789,0
NULG.US,D,20230206,000000,54.39,54.71,54.21,54.41,90775,0
NULG.US,D,20230207,000000,54.42,55.3109,54.11,55.17,72487,0
NULG.US,D,20230208,000000,55.2,55.4,54.65,54.78,34283,0
NULG.US,D,20230209,000000,55.59,55.59,54.32,54.47,31767,0
NULG.US,D,20230210,000000,54.08,54.18,53.6071,53.93,77944,0
NULG.US,D,20230213,000000,54.19,54.7983,54.0638,54.68,44952,0
NULG.US,D,20230214,000000,54.57,55.4121,54.49,55.16,46288,0
NULG.US,D,20230215,000000,54.84,55.45,54.69,55.42,54880,0
NULG.US,D,20230216,000000,54.62,55.07,54.263,54.28,55121,0
NULG.US,D,20230217,000000,54.01,54.08,53.5414,54.07,46326,0
NULG.US,D,20230221,000000,53.3,53.5287,52.79,52.79,66165,0
NULG.US,D,20230222,000000,52.87,53.06,52.56,52.65,121227,0
NULG.US,D,20230223,000000,53.55,53.55,52.69,53.36,37792,0
NULG.US,D,20230224,000000,52.57,52.72,52.24,52.5,44374,0
NULG.US,D,20230227,000000,53.02,53.225,52.72,52.83,52317,0
NULG.US,D,20230228,000000,52.795,53.1745,52.7655,52.78,43570,0
NULG.US,D,20230301,000000,52.8,52.8,52.2683,52.4171,46078,0
NULG.US,D,20230302,000000,52.19,53.1445,52.09,53.03,36687,0
NULG.US,D,20230303,000000,53.35,53.96,53.2593,53.93,60021,0
NULG.US,D,20230306,000000,53.99,54.4442,53.7701,53.7821,22966,0
NULG.US,D,20230307,000000,53.75,53.96,52.945,53,80917,0
NULG.US,D,20230308,000000,53,53.15,52.7469,53.11,80765,0
NULG.US,D,20230309,000000,53.25,53.53,52.085,52.16,49647,0
NULG.US,D,20230310,000000,52.13,52.13,50.93,51.14,58989,0
NULG.US,D,20230313,000000,50.66,51.7537,50.39,51.25,66811,0
NULG.US,D,20230314,000000,52.05,52.48,51.72,52.27,103564,0
NULG.US,D,20230315,000000,51.6,52.07,51.34,52.07,49405,0
NULG.US,D,20230316,000000,51.93,53.31,51.91,53.23,44804,0
NULG.US,D,20230317,000000,53.25,53.42,52.59,52.83,53602,0
NULG.US,D,20230320,000000,52.845,53.0805,52.64,53.02,53774,0
NULG.US,D,20230321,000000,53.52,53.91,53.33,53.84,97574,0
NULG.US,D,20230322,000000,53.92,54.54,53.02,53.02,63756,0
NULG.US,D,20230323,000000,53.55,54.265,53.04,53.46,51528,0
NULG.US,D,20230324,000000,53.24,53.6157,52.9942,53.57,42447,0
NULG.US,D,20230327,000000,53.83,53.99,53.56,53.68,92940,0
NULG.US,D,20230328,000000,53.54,53.54,53.19,53.49,29417,0
NULG.US,D,20230329,000000,54.08,54.32,53.8885,54.3,52385,0
NULG.US,D,20230330,000000,54.7,54.8034,54.44,54.69,45978,0
NULG.US,D,20230331,000000,54.78,55.77,54.78,55.74,55752,0
NULG.US,D,20230403,000000,55.47,55.6295,55.19,55.6,92876,0
NULG.US,D,20230404,000000,55.68,55.81,55.0396,55.15,189178,0
NULG.US,D,20230405,000000,54.82,55.04,54.3457,54.55,104968,0
NULG.US,D,20230406,000000,54.24,54.65,53.99,54.64,62992,0
NULG.US,D,20230410,000000,54.22,54.81,54.03,54.8,79083,0
NULG.US,D,20230411,000000,54.87,54.994,54.7,54.76,86931,0
NULG.US,D,20230412,000000,55.13,55.2489,54.36,54.41,249883,0
NULG.US,D,20230413,000000,54.67,55.32,54.67,55.26,51918,0
NULG.US,D,20230414,000000,55.07,55.4299,54.6339,54.99,121626,0
NULG.US,D,20230417,000000,55.035,55.26,54.8184,55.26,57890,0
NULG.US,D,20230418,000000,55.57,55.62,55.2215,55.37,43508,0
NULG.US,D,20230419,000000,54.96,55.32,54.868,55.21,42515,0
NULG.US,D,20230420,000000,54.7,55.16,54.6,54.77,68232,0
NULG.US,D,20230421,000000,54.86,54.9912,54.5455,54.96,70702,0
NULG.US,D,20230424,000000,54.83,55.13,54.58,54.9,59921,0
NULG.US,D,20230425,000000,54.58,54.58,53.69,53.71,61170,0
NULG.US,D,20230426,000000,54.18,54.31,53.71,53.82,111514,0
NULG.US,D,20230427,000000,53.95,54.9,53.95,54.9,63330,0
NULG.US,D,20230428,000000,54.71,55.51,54.71,55.51,45262,0
NULG.US,D,20230501,000000,55.35,55.79,55.35,55.57,123412,0
NULG.US,D,20230502,000000,55.48,55.49,54.65,55.02,85328,0
NULG.US,D,20230503,000000,55.1,55.39,54.65,54.67,52811,0
NULG.US,D,20230504,000000,54.72,54.72,54.23,54.25,57398,0
NULG.US,D,20230505,000000,54.58,55.3,54.58,55.21,29034,0
NULG.US,D,20230508,000000,55.23,55.32,55,55.29,48933,0
NULG.US,D,20230509,000000,54.95,55.1047,54.87,55.0017,45627,0
NULG.US,D,20230510,000000,55.55,55.6762,54.9465,55.37,59947,0
NULG.US,D,20230511,000000,55.25,55.33,54.834,55.14,78298,0
NULG.US,D,20230512,000000,55.31,55.32,54.68,54.99,98159,0
NULG.US,D,20230515,000000,55.075,55.33,54.83,55.33,54400,0
NULG.US,D,20230516,000000,55.12,55.2999,55,55.06,61504,0
NULG.US,D,20230517,000000,55.3,56,55.21,55.89,74859,0
NULG.US,D,20230518,000000,55.98,57.03,55.98,56.97,41935,0
NULG.US,D,20230519,000000,56.95,56.9884,56.595,56.79,92537,0
NULG.US,D,20230522,000000,56.74,57.1472,56.74,56.95,63943,0
NULG.US,D,20230523,000000,56.69,56.77,56,56.1,72200,0
NULG.US,D,20230524,000000,55.68,55.89,55.38,55.71,57159,0
NULG.US,D,20230525,000000,57.11,57.2265,56.67,57.03,139121,0
NULG.US,D,20230526,000000,57.14,58.22,57.14,58.09,62734,0
NULG.US,D,20230530,000000,58.68,58.88,58.07,58.17,71830,0
NULG.US,D,20230531,000000,57.96,58.08,57.53,57.95,86669,0
NULG.US,D,20230601,000000,57.68,58.77,57.68,58.54,61051,0
NULG.US,D,20230602,000000,59,59.412,58.7931,59.28,66632,0
NULG.US,D,20230605,000000,59.27,59.554,59.1506,59.35,62789,0
NULG.US,D,20230606,000000,59.25,59.52,59.1347,59.44,45507,0
NULG.US,D,20230607,000000,59.52,59.695,58.66,58.71,71581,0
NULG.US,D,20230608,000000,58.76,59.24,58.6489,59.19,59867,0
NULG.US,D,20230609,000000,59.47,59.85,59.22,59.44,76261,0
NULG.US,D,20230612,000000,59.69,60.23,59.54,60.21,43334,0
NULG.US,D,20230613,000000,60.63,60.935,60.3899,60.92,49420,0
NULG.US,D,20230614,000000,60.99,61.4134,60.615,61.12,73635,0
NULG.US,D,20230615,000000,60.88,62.18,60.88,61.97,62613,0
NULG.US,D,20230616,000000,62.355,62.355,61.64,61.67,63663,0
NULG.US,D,20230620,000000,61.28,61.5826,60.98,61.48,76191,0
NULG.US,D,20230621,000000,61.33,61.4,60.75,60.92,61300,0
NULG.US,D,20230622,000000,60.64,61.175,60.62,61.15,25896,0
NULG.US,D,20230623,000000,60.555,60.96,60.5297,60.59,65270,0
NULG.US,D,20230626,000000,60.54,60.96,60.13,60.14,78860,0
NULG.US,D,20230627,000000,60.48,61.2546,60.27,61.16,58057,0
NULG.US,D,20230628,000000,60.99,61.4401,60.99,61.19,68895,0
NULG.US,D,20230629,000000,61.22,61.4864,61.11,61.4,172709,0
NULG.US,D,20230630,000000,61.89,62.41,61.89,62.21,88632,0
NULG.US,D,20230703,000000,62.19,62.3227,62.09,62.3227,53519,0
NULG.US,D,20230705,000000,62.01,62.3592,62.01,62.22,132337,0
NULG.US,D,20230706,000000,61.66,61.94,61.34,61.76,66414,0
NULG.US,D,20230707,000000,61.68,62.2399,61.55,61.58,149906,0
NULG.US,D,20230710,000000,61.58,62.04,61.462,62.02,51615,0
NULG.US,D,20230711,000000,62.21,62.57,61.965,62.48,58803,0
NULG.US,D,20230712,000000,63.09,63.3287,62.89,63.08,169704,0
NULG.US,D,20230713,000000,63.51,63.9388,63.45,63.8,40762,0
NULG.US,D,20230714,000000,63.98,64.3944,63.805,63.8529,162777,0
NULG.US,D,20230717,000000,63.995,64.52,63.9,64.4,55529,0
NULG.US,D,20230718,000000,64.45,65.299,64.2648,65.14,61897,0
NULG.US,D,20230719,000000,65.4,65.5153,64.9321,65.15,75369,0
NULG.US,D,20230720,000000,64.68,64.79,63.7343,63.83,74507,0
NULG.US,D,20230721,000000,64.33,64.33,63.81,63.85,401760,0
NULG.US,D,20230724,000000,63.92,64.05,63.67,63.97,49964,0
NULG.US,D,20230725,000000,64.01,64.55,63.97,64.3,86861,0
NULG.US,D,20230726,000000,63.88,64.0585,63.64,63.95,55040,0
NULG.US,D,20230727,000000,64.42,64.43,62.98,63.14,157525,0
NULG.US,D,20230728,000000,63.66,64.0299,63.5,64.02,136514,0
NULG.US,D,20230731,000000,64.13,64.2655,63.937,64.11,46190,0
NULG.US,D,20230801,000000,63.84,64.065,63.69,63.97,126769,0
NULG.US,D,20230802,000000,63.375,63.375,62.5736,62.75,79373,0
NULG.US,D,20230803,000000,62.38,62.9,62.28,62.64,68660,0
NULG.US,D,20230804,000000,63.15,63.38,62.46,62.49,46438,0
NULG.US,D,20230807,000000,62.73,63.14,62.67,63.14,104796,0
NULG.US,D,20230808,000000,62.78,62.93,62.385,62.9,175380,0
NULG.US,D,20230809,000000,62.94,62.94,62.23,62.28,54838,0
NULG.US,D,20230810,000000,62.73,63.3399,62.3447,62.41,62148,0
NULG.US,D,20230811,000000,62.01,62.28,61.8796,62.04,40972,0
NULG.US,D,20230814,000000,61.79,62.71,61.67,62.71,47559,0
NULG.US,D,20230815,000000,62.49,62.55,62.05,62.09,39641,0
NULG.US,D,20230816,000000,62.03,62.2247,61.55,61.59,66678,0
NULG.US,D,20230817,000000,61.8,61.8,60.7,60.75,116167,0
NULG.US,D,20230818,000000,60.07,60.79,60.0484,60.68,55708,0
NULG.US,D,20230821,000000,60.92,61.55,60.7599,61.46,62825,0
NULG.US,D,20230822,000000,61.88,61.94,61.22,61.35,160332,0
NULG.US,D,20230823,000000,61.45,62.2916,61.34,62.13,41670,0
NULG.US,D,20230824,000000,62.78,62.78,61.15,61.15,47628,0
NULG.US,D,20230825,000000,61.4,61.8966,60.99,61.61,58634,0
NULG.US,D,20230828,000000,62.02,62.2,61.86,62.12,155427,0
NULG.US,D,20230829,000000,62.01,63.36,61.89,63.35,78603,0
NULG.US,D,20230830,000000,63.34,63.8,63.24,63.65,59712,0
NULG.US,D,20230831,000000,63.765,64.05,63.68,63.7,50213,0
NULG.US,D,20230901,000000,64.17,64.2,63.78,63.99,93451,0
NULG.US,D,20230905,000000,63.88,64.1,63.64,63.8,82803,0
NULG.US,D,20230906,000000,63.73,63.88,63.27,63.64,80522,0
NULG.US,D,20230907,000000,63.09,63.4731,62.9657,63.39,93534,0
NULG.US,D,20230908,000000,63.44,63.5599,63.16,63.31,48565,0
NULG.US,D,20230911,000000,63.62,63.62,63.27,63.55,34117,0
NULG.US,D,20230912,000000,63.26,63.4877,62.99,63.01,48202,0
NULG.US,D,20230913,000000,62.98,63.1722,62.75,62.92,120750,0
NULG.US,D,20230914,000000,63.35,63.35,62.82,63.16,43541,0
NULG.US,D,20230915,000000,62.99,62.99,62.15,62.18,72074,0
NULG.US,D,20230918,000000,61.96,62.3171,61.88,62.12,49732,0
NULG.US,D,20230919,000000,61.92,62.04,61.45,61.92,67412,0
NULG.US,D,20230920,000000,62.15,62.31,61.24,61.24,36983,0
NULG.US,D,20230921,000000,60.82,60.82,59.94,59.94,24806,0
NULG.US,D,20230922,000000,60.2,60.4369,59.9301,59.99,29216,0
NULG.US,D,20230925,000000,59.79,60.17,59.79,60.17,44935,0
NULG.US,D,20230926,000000,59.82,59.82,59.21,59.35,45069,0
NULG.US,D,20230927,000000,59.59,59.77,59.0531,59.5,66663,0
NULG.US,D,20230928,000000,59.38,60.1741,59.21,59.96,54056,0
NULG.US,D,20230929,000000,60.45,60.5642,59.815,59.97,28092,0
NULG.US,D,20231002,000000,59.93,60.338,59.725,60.1,120182,0
NULG.US,D,20231003,000000,59.75,59.9329,58.77,58.95,39420,0
NULG.US,D,20231004,000000,59.16,59.78,58.997,59.66,78927,0
NULG.US,D,20231005,000000,59.69,59.775,59.07,59.62,32375,0
NULG.US,D,20231006,000000,59.3,60.8746,59.18,60.63,139719,0
NULG.US,D,20231009,000000,60.27,60.995,60.2102,60.9,44748,0
NULG.US,D,20231010,000000,61.1,61.8,60.9,61.37,37799,0
NULG.US,D,20231011,000000,61.64,61.85,61.3138,61.75,40749,0
NULG.US,D,20231012,000000,61.81,61.81,60.8821,61.15,37806,0
NULG.US,D,20231013,000000,61.29,61.335,60.3302,60.52,49617,0
NULG.US,D,20231016,000000,61.15,61.56,60.79,61.41,51648,0
NULG.US,D,20231017,000000,60.88,61.635,60.7801,61.34,139155,0
NULG.US,D,20231018,000000,60.91,60.92,60.1,60.19,82702,0
NULG.US,D,20231019,000000,60.53,60.748,59.76,59.87,75168,0
NULG.US,D,20231020,000000,59.77,59.82,59,59.1,22939,0
NULG.US,D,20231023,000000,58.86,59.74,58.6,59.19,74892,0
NULG.US,D,20231024,000000,59.53,59.7605,59.0254,59.59,27791,0
NULG.US,D,20231025,000000,59.62,59.62,58.6158,58.72,53796,0
NULG.US,D,20231026,000000,58.57,58.5999,57.5,57.58,26377,0
NULG.US,D,20231027,000000,57.98,58.0699,57.2,57.41,55378,0
NULG.US,D,20231030,000000,57.905,58.3363,57.5757,58.16,69507,0
NULG.US,D,20231031,000000,58.26,58.6579,58.26,58.58,28586,0
NULG.US,D,20231101,000000,58.57,59.05,58.2935,58.95,270370,0
NULG.US,D,20231102,000000,59.71,60.32,59.6,60.28,61641,0
NULG.US,D,20231103,000000,60.69,61.36,60.6808,61.1,40198,0
NULG.US,D,20231106,000000,61.23,61.36,60.94,61.31,39865,0
NULG.US,D,20231107,000000,61.445,61.95,61.3,61.84,61858,0
NULG.US,D,20231108,000000,61.99,62.2985,61.9009,62.25,41539,0
NULG.US,D,20231109,000000,62.52,62.64,61.73,61.77,39504,0
NULG.US,D,20231110,000000,61.91,62.8447,61.75,62.79,36990,0
NULG.US,D,20231113,000000,62.63,62.9899,62.4886,62.78,81599,0
NULG.US,D,20231114,000000,63.71,64.4374,63.51,64.27,53583,0
NULG.US,D,20231115,000000,64.49,64.71,64.23,64.26,73937,0
NULG.US,D,20231116,000000,64.32,64.5169,64.13,64.43,51269,0
NULG.US,D,20231117,000000,64.51,64.51,64.1949,64.3,40949,0
NULG.US,D,20231120,000000,64.38,65.2,64.3,65.09,78764,0
NULG.US,D,20231121,000000,64.95,65.15,64.78,64.94,28793,0
NULG.US,D,20231122,000000,65.14,65.3928,64.958,65.01,43907,0
NULG.US,D,20231124,000000,65.045,65.15,64.91,65.12,194853,0
NULG.US,D,20231127,000000,64.96,65.45,64.96,65.17,54011,0
NULG.US,D,20231128,000000,65.08,65.3964,64.98,65.12,54121,0
NULG.US,D,20231129,000000,65.57,65.855,65.41,65.46,100974,0
NULG.US,D,20231130,000000,65.55,65.7,65.16,65.65,146277,0
NULG.US,D,20231201,000000,65.55,66.3285,65.44,66.25,36562,0
NULG.US,D,20231204,000000,65.77,65.99,65.405,65.79,369898,0
NULG.US,D,20231205,000000,65.59,65.91,65.39,65.66,49255,0
NULG.US,D,20231206,000000,66.07,66.21,65.505,65.61,48866,0
NULG.US,D,20231207,000000,65.97,66.31,65.88,66.31,61891,0
NULG.US,D,20231208,000000,66,66.59,65.91,66.41,66325,0
NULG.US,D,20231211,000000,66.41,66.885,66.39,66.82,42305,0
NULG.US,D,20231212,000000,66.81,67.22,66.6428,67.22,49553,0
NULG.US,D,20231213,000000,67.27,68.34,67.13,68.26,43128,0
NULG.US,D,20231214,000000,68.33,68.63,67.8206,68.16,61273,0
NULG.US,D,20231215,000000,68.16,68.3648,68.01,68.25,57548,0
NULG.US,D,20231218,000000,68.38,68.82,68.38,68.74,135153,0
NULG.US,D,20231219,000000,68.785,69.1699,68.68,69.11,95188,0
NULG.US,D,20231220,000000,68.96,69.43,68.0578,68.0578,192283,0
NULG.US,D,20231221,000000,68.68,69.05,68.4816,69.05,44450,0
NULG.US,D,20231222,000000,69.21,69.44,68.95,69.27,26998,0
NULG.US,D,20231226,000000,69.38,69.7138,69.11,69.64,30347,0
NULG.US,D,20231227,000000,69.66,69.83,69.55,69.79,48410,0
NULG.US,D,20231228,000000,69.76,69.8653,69.64,69.68,26970,0
NULG.US,D,20231229,000000,69.6,69.83,69.1276,69.47,55521,0
NULG.US,D,20240102,000000,68.99,68.99,68.19,68.56,58049,0
NULG.US,D,20240103,000000,68.08,68.08,67.45,67.51,69155,0
NULG.US,D,20240104,000000,67.41,67.935,67.31,67.37,82812,0
NULG.US,D,20240105,000000,67.34,67.8024,67.19,67.37,34974,0
NULG.US,D,20240108,000000,67.55,68.64,67.55,68.61,60953,0
NULG.US,D,20240109,000000,68.26,68.86,68.08,68.61,54236,0
NULG.US,D,20240110,000000,68.75,69.22,68.61,69.1,46208,0
NULG.US,D,20240111,000000,69.16,69.2,68.4,69.08,40087,0
NULG.US,D,20240112,000000,69.11,69.24,68.84,68.97,37988,0
NULG.US,D,20240116,000000,68.8,69.29,68.68,69.09,111732,0
NULG.US,D,20240117,000000,68.61,68.6639,68.27,68.6,49120,0
NULG.US,D,20240118,000000,68.95,69.3,68.6303,69.24,127041,0
NULG.US,D,20240119,000000,69.51,70.24,69.3476,70.24,44105,0
NULG.US,D,20240122,000000,70.58,70.87,70.3971,70.52,97213,0
NULG.US,D,20240123,000000,70.65,70.6699,70.3105,70.55,54723,0
NULG.US,D,20240124,000000,71.01,71.2099,70.51,70.51,54390,0
NULG.US,D,20240125,000000,70.745,70.77,70.145,70.55,63474,0
NULG.US,D,20240126,000000,70.54,70.8094,70.36,70.52,37616,0
NULG.US,D,20240129,000000,70.64,71.51,70.44,71.5,48371,0
NULG.US,D,20240130,000000,71.51,71.6599,71.31,71.45,52909,0
NULG.US,D,20240131,000000,71.01,71.0566,70.12,70.12,52471,0
NULG.US,D,20240201,000000,70.44,71.23,70.2307,71.19,71384,0
NULG.US,D,20240202,000000,70.85,71.7,70.555,71.47,114518,0
NULG.US,D,20240205,000000,71.52,71.7719,71.152,71.57,92188,0
NULG.US,D,20240206,000000,71.84,71.84,71.23,71.66,57898,0
NULG.US,D,20240207,000000,72.24,72.735,72.03,72.56,75628,0
NULG.US,D,20240208,000000,72.61,72.92,72.5738,72.79,46612,0
NULG.US,D,20240209,000000,73,73.5427,72.845,73.46,46034,0
NULG.US,D,20240212,000000,73.47,73.74,73.08,73.24,46804,0
NULG.US,D,20240213,000000,72,72.69,71.75,72.3,103754,0
NULG.US,D,20240214,000000,72.73,73.19,72.5195,73.18,82014,0
NULG.US,D,20240215,000000,73.16,73.45,72.98,73.41,215446,0
NULG.US,D,20240216,000000,73.54,73.66,72.84,72.91,63027,0
NULG.US,D,20240220,000000,72.51,72.5238,71.64,72.06,101562,0
NULG.US,D,20240221,000000,71.66,71.88,71.3,71.79,84418,0
NULG.US,D,20240222,000000,73.28,74.185,73.28,74.09,136444,0
NULG.US,D,20240223,000000,74.12,74.4181,73.73,73.96,79849,0
NULG.US,D,20240226,000000,74.03,74.18,73.785,73.79,56347,0
NULG.US,D,20240227,000000,73.94,73.94,73.62,73.8,116471,0
NULG.US,D,20240228,000000,73.51,73.9,73.365,73.75,129086,0
NULG.US,D,20240229,000000,74.21,74.33,73.84,74.12,95079,0
NULG.US,D,20240301,000000,74.48,74.98,74.19,74.92,90496,0
NULG.US,D,20240304,000000,75,75,74.54,74.62,90252,0
NULG.US,D,20240305,000000,74.3,74.3,73.57,73.98,116761,0
NULG.US,D,20240306,000000,74.5,74.69,74.165,74.4,85393,0
NULG.US,D,20240307,000000,74.8,75.54,74.75,75.45,69429,0
NULG.US,D,20240308,000000,75.64,76,74.37,74.49,86610,0
NULG.US,D,20240311,000000,74.3,74.62,74.1,74.41,67600,0
NULG.US,D,20240312,000000,74.75,75.54,74.4202,75.5,71899,0
NULG.US,D,20240313,000000,75.36,75.655,75.2685,75.41,57942,0
NULG.US,D,20240314,000000,75.63,75.63,74.716,75.18,58236,0
NULG.US,D,20240315,000000,74.64,74.8899,74.28,74.34,74112,0
NULG.US,D,20240318,000000,75.2,75.64,75.08,75.09,77084,0
NULG.US,D,20240319,000000,74.88,75.63,74.7465,75.62,48693,0
NULG.US,D,20240320,000000,75.71,76.28,75.45,76.28,54597,0
NULG.US,D,20240321,000000,76.89,77.095,76.71,76.81,74152,0
NULG.US,D,20240322,000000,76.65,76.78,76.4,76.58,55755,0
NULG.US,D,20240325,000000,76.43,76.43,76.19,76.19,116105,0
NULG.US,D,20240326,000000,76.62,76.65,76.16,76.16,32966,0
NULG.US,D,20240327,000000,76.67,76.69,76,76.4,48956,0
NULG.US,D,20240328,000000,76.49,76.6556,76.28,76.28,48252,0
NULG.US,D,20240401,000000,76.52,76.6,75.9199,76.15,103896,0
NULG.US,D,20240402,000000,75.34,75.5099,74.975,75.46,58852,0
NULG.US,D,20240403,000000,75.35,75.74,75.07,75.49,78245,0
NULG.US,D,20240404,000000,75.77,76.25,74.13,74.15,98637,0
NULG.US,D,20240405,000000,74.46,75.14,74.44,74.96,44642,0
NULG.US,D,20240408,000000,75.19,75.33,75.02,75.22,40425,0
NULG.US,D,20240409,000000,75.41,75.61,74.44,75.35,48132,0
NULG.US,D,20240410,000000,74.34,74.8,74.21,74.5,56472,0
NULG.US,D,20240411,000000,74.81,75.35,74.3768,75.2,38931,0
NULG.US,D,20240412,000000,74.58,74.72,73.81,73.92,54536,0
NULG.US,D,20240415,000000,74.67,74.69,72.7255,72.81,84060,0
NULG.US,D,20240416,000000,72.85,73.18,72.6,72.82,53543,0
NULG.US,D,20240417,000000,73.27,73.27,72.1,72.14,64283,0
NULG.US,D,20240418,000000,72.28,72.5995,71.79,71.85,59797,0
NULG.US,D,20240419,000000,71.68,71.845,70.5193,70.68,74743,0
NULG.US,D,20240422,000000,71.11,71.7901,70.7485,71.37,50543,0
NULG.US,D,20240423,000000,71.88,72.709,71.7294,72.62,51348,0
NULG.US,D,20240424,000000,72.95,73.15,72.18,72.46,46718,0
NULG.US,D,20240425,000000,71.7,72.79,71.59,72.64,52909,0
NULG.US,D,20240426,000000,73.52,74.31,73.3108,74.08,70788,0
NULG.US,D,20240429,000000,74.29,74.39,73.9998,74.29,30943,0
NULG.US,D,20240430,000000,74.03,74.445,73.3,73.35,46348,0
NULG.US,D,20240501,000000,73.07,74.0385,72.67,72.84,66753,0
NULG.US,D,20240502,000000,73.18,73.535,72.46,73.41,53836,0
NULG.US,D,20240503,000000,74.33,74.36,73.94,74.23,76372,0
NULG.US,D,20240506,000000,74.67,75.28,74.63,75.23,67106,0
NULG.US,D,20240507,000000,75.36,75.7,75.12,75.4,33106,0
NULG.US,D,20240508,000000,74.95,75.29,74.85,75.11,39191,0
NULG.US,D,20240509,000000,75.11,75.32,74.88,75.32,56409,0
NULG.US,D,20240510,000000,75.52,75.754,75.2851,75.45,31495,0
NULG.US,D,20240513,000000,75.58,75.58,75.08,75.3,34228,0
NULG.US,D,20240514,000000,75.45,75.7599,75.3,75.71,55067,0
NULG.US,D,20240515,000000,76.19,76.83,76.0301,76.82,46589,0
NULG.US,D,20240516,000000,76.87,77,76.67,76.67,68991,0
NULG.US,D,20240517,000000,76.75,76.76,76.35,76.67,37519,0
NULG.US,D,20240520,000000,76.7,77.0799,76.61,76.98,56437,0
NULG.US,D,20240521,000000,76.83,77.15,76.8071,77.09,71556,0
NULG.US,D,20240522,000000,77.03,77.0954,76.355,76.62,42808,0
NULG.US,D,20240523,000000,77.56,77.76,76.51,76.68,88812,0
NULG.US,D,20240524,000000,76.99,77.39,76.955,77.29,29467,0
NULG.US,D,20240528,000000,77.6,77.73,77.24,77.65,33136,0
NULG.US,D,20240529,000000,76.9,77.36,76.89,77.07,35824,0
NULG.US,D,20240530,000000,76.99,77.09,76.3,76.53,30512,0
NULG.US,D,20240531,000000,76.84,76.92,75.7456,76.92,31501,0
NULG.US,D,20240603,000000,77.29,77.5161,76.46,77.18,37477,0
NULG.US,D,20240604,000000,77.16,77.48,76.8402,77.42,39285,0
NULG.US,D,20240605,000000,77.98,78.84,77.83,78.84,118127,0
NULG.US,D,20240606,000000,79.06,79.238,78.62,78.9,50773,0
NULG.US,D,20240607,000000,78.67,79.15,78.56,78.74,97992,0
NULG.US,D,20240610,000000,78.65,79.16,78.41,79.12,67570,0
NULG.US,D,20240611,000000,79.01,79.23,78.525,79.23,260073,0
NULG.US,D,20240612,000000,80,80.62,79.92,80.33,55950,0
NULG.US,D,20240613,000000,80.76,80.76,80.07,80.46,31256,0
NULG.US,D,20240614,000000,80.47,80.88,80.29,80.87,32451,0
NULG.US,D,20240617,000000,80.9,81.83,80.69,81.53,102191,0
NULG.US,D,20240618,000000,81.64,82.12,81.63,82.12,52414,0
NULG.US,D,20240620,000000,82.39,82.5,81.21,81.34,72118,0
NULG.US,D,20240621,000000,81.27,81.67,81,81.4,36715,0
NULG.US,D,20240624,000000,81.05,81.33,80.4,80.4,55961,0
NULG.US,D,20240625,000000,80.78,81.62,80.78,81.59,37719,0
NULG.US,D,20240626,000000,81.36,81.73,81.125,81.65,40626,0
NULG.US,D,20240627,000000,81.59,81.82,81.4,81.59,54402,0
NULG.US,D,20240628,000000,81.79,82.3592,81.06,81.16,52247,0
NULG.US,D,20240701,000000,81.24,81.315,80.6244,81.29,160781,0
NULG.US,D,20240702,000000,80.92,81.939,80.71,81.92,135370,0
NULG.US,D,20240703,000000,81.87,82.75,81.78,82.75,42681,0
NULG.US,D,20240705,000000,82.71,83.46,82.61,83.35,33708,0
NULG.US,D,20240708,000000,83.44,83.67,83.3289,83.41,70544,0
NULG.US,D,20240709,000000,83.82,83.9672,83.39,83.62,39551,0
NULG.US,D,20240710,000000,83.87,84.29,83.46,84.2,35577,0
NULG.US,D,20240711,000000,84.29,84.34,82.59,82.59,84083,0
NULG.US,D,20240712,000000,82.75,83.915,82.75,83.31,48443,0
NULG.US,D,20240715,000000,83.54,84.044,83.1,83.41,53179,0
NULG.US,D,20240716,000000,83.65,83.65,83.15,83.65,56533,0
NULG.US,D,20240717,000000,82.335,82.48,81.4221,81.49,59080,0
NULG.US,D,20240718,000000,81.95,82.18,80.315,80.73,43054,0
NULG.US,D,20240719,000000,80.66,80.93,79.99,80.12,48405,0
NULG.US,D,20240722,000000,80.99,81.88,80.9104,81.83,45874,0
NULG.US,D,20240723,000000,81.7,82.17,81.49,81.51,43109,0
NULG.US,D,20240724,000000,80.09,80.09,78.3,78.46,63373,0
NULG.US,D,20240725,000000,78.08,78.986,76.8,77.22,74768,0
NULG.US,D,20240726,000000,78,78.54,77.69,78.05,70169,0
NULG.US,D,20240729,000000,78.6,78.7619,78,78.3,28809,0
NULG.US,D,20240730,000000,78.49,78.49,76.6899,77.37,55311,0
NULG.US,D,20240731,000000,78.85,79.6801,78.7594,79.4,36256,0
NULG.US,D,20240801,000000,79.49,80.0201,77.07,77.83,46215,0
NULG.US,D,20240802,000000,76.33,76.36,75.2838,76.2,167908,0
NULG.US,D,20240805,000000,71.76,74.9899,71.76,73.86,129662,0
NULG.US,D,20240806,000000,74.55,76.1,74.52,74.95,45983,0
NULG.US,D,20240807,000000,76.01,76.2313,73.79,73.87,56192,0
NULG.US,D,20240808,000000,75.07,76.22,74.46,76.09,33348,0
NULG.US,D,20240809,000000,76.1,76.6457,75.84,76.45,49450,0
NULG.US,D,20240812,000000,76.84,77.18,76.325,76.76,70885,0
NULG.US,D,20240813,000000,77.34,78.43,77.34,78.41,37024,0
NULG.US,D,20240814,000000,78.7,78.7,77.86,78.37,27935,0
NULG.US,D,20240815,000000,79.09,80.12,79.09,80.12,33696,0
NULG.US,D,20240816,000000,79.7,80.43,79.7,80.18,40649,0
NULG.US,D,20240819,000000,80.365,81.34,80.18,81.34,36236,0
NULG.US,D,20240820,000000,81.29,81.67,81.01,81.15,140280,0
NULG.US,D,20240821,000000,81.32,81.73,81.065,81.6,48963,0
NULG.US,D,20240822,000000,81.94,81.94,80.29,80.44,29483,0
NULG.US,D,20240823,000000,81.12,81.745,80.8398,81.59,35902,0
NULG.US,D,20240826,000000,81.66,81.7693,80.82,81.02,31018,0
NULG.US,D,20240827,000000,80.55,81.426,80.55,81.26,42500,0
NULG.US,D,20240828,000000,81.2,81.2,80.0585,80.49,28914,0
NULG.US,D,20240829,000000,80.63,81.22,79.9601,80.05,22496,0
NULG.US,D,20240830,000000,80.69,80.945,79.97,80.84,49052,0
NULG.US,D,20240903,000000,80.41,80.41,78.02,78.43,45128,0
NULG.US,D,20240904,000000,77.81,78.9,77.78,78.3,42325,0
NULG.US,D,20240905,000000,78.01,78.59,77.5301,77.97,48291,0
NULG.US,D,20240906,000000,78.24,78.28,76.22,76.39,61872,0
NULG.US,D,20240909,000000,77.12,77.67,76.88,77.5,101902,0
NULG.US,D,20240910,000000,77.89,78.23,77.2428,78.23,104369,0
NULG.US,D,20240911,000000,78.28,79.87,77.052,79.78,40426,0
NULG.US,D,20240912,000000,79.93,80.74,79.62,80.67,27586,0
NULG.US,D,20240913,000000,80.67,81.21,80.67,80.96,26454,0
NULG.US,D,20240916,000000,80.8,81.15,80.67,80.97,31111,0
NULG.US,D,20240917,000000,81.6,81.6941,80.7026,80.97,35893,0
NULG.US,D,20240918,000000,81.15,81.6015,80.43,80.43,23991,0
NULG.US,D,20240919,000000,82.15,82.7,82.06,82.1552,51985,0
NULG.US,D,20240920,000000,82.04,82.0639,81.42,81.79,40297,0
NULG.US,D,20240923,000000,81.89,82.0917,81.83,81.95,27402,0
NULG.US,D,20240924,000000,82.19,82.41,81.66,82.23,33601,0
NULG.US,D,20240925,000000,82.47,82.8184,82.4061,82.6,102590,0
NULG.US,D,20240926,000000,83.52,83.8,82.53,82.98,31444,0
NULG.US,D,20240927,000000,83.15,83.15,82.3129,82.49,22627,0
NULG.US,D,20240930,000000,82.5395,82.7588,81.8301,82.63,30085,0
NULG.US,D,20241001,000000,82.74,82.89,81.1699,81.6,34205,0
NULG.US,D,20241002,000000,81.28,81.85,80.9272,81.67,97984,0
NULG.US,D,20241003,000000,81.4,82.0989,81.3,81.63,25901,0
NULG.US,D,20241004,000000,82.53,82.84,81.81,82.41,36673,0
NULG.US,D,20241007,000000,82.26,82.4304,81.7101,81.78,23787,0
NULG.US,D,20241008,000000,82.27,83.28,82.27,83.19,26004,0
NULG.US,D,20241009,000000,83.36,83.565,83.145,83.48,37576,0
NULG.US,D,20241010,000000,83.07,83.62,83.06,83.39,30478,0
NULG.US,D,20241011,000000,83.17,83.8041,83.17,83.72,101004,0
NULG.US,D,20241014,000000,84.14,84.802,84.14,84.68,26429,0
NULG.US,D,20241015,000000,84.76,84.945,83.39,83.6,26986,0
NULG.US,D,20241016,000000,83.78,84.05,83.2816,83.94,27848,0
NULG.US,D,20241017,000000,84.74,84.74,83.88,83.88,29946,0
NULG.US,D,20241018,000000,84.22,84.38,84.07,84.27,31962,0
NULG.US,D,20241021,000000,84.135,84.61,83.9329,84.61,27727,0
NULG.US,D,20241022,000000,84.28,84.8617,84.255,84.64,49937,0
NULG.US,D,20241023,000000,84.32,84.32,83.035,83.55,28199,0
NULG.US,D,20241024,000000,84.24,84.49,83.844,84.19,41555,0
NULG.US,D,20241025,000000,84.64,85.2099,84.4799,84.57,37190,0
NULG.US,D,20241028,000000,85.31,85.32,84.63,84.64,34191,0
NULG.US,D,20241029,000000,84.61,85.39,84.502,85.17,37184,0
NULG.US,D,20241030,000000,85.1,85.4152,84.44,84.85,29370,0
NULG.US,D,20241031,000000,84.01,84.01,82.53,82.53,36419,0
NULG.US,D,20241101,000000,82.96,83.8042,82.79,83.29,41852,0
NULG.US,D,20241104,000000,83.14,83.7198,83.14,83.21,35044,0
NULG.US,D,20241105,000000,83.38,84.37,83.38,84.29,40493,0
NULG.US,D,20241106,000000,86.18,87,86,86.93,92006,0
NULG.US,D,20241107,000000,87.32,88.17,87.13,88.12,41269,0
NULG.US,D,20241108,000000,88.14,89.07,88.132,88.88,33136,0
NULG.US,D,20241111,000000,89.29,89.6082,89.0675,89.45,33198,0
NULG.US,D,20241112,000000,89.17,89.5874,88.8961,89.37,75399,0
NULG.US,D,20241113,000000,89.36,89.6415,89.05,89.18,66955,0
NULG.US,D,20241114,000000,89.32,89.32,88.2144,88.35,35308,0
NULG.US,D,20241115,000000,87.15,87.43,86.2,86.52,61184,0
NULG.US,D,20241118,000000,86.355,87.1413,86.355,86.85,59410,0
NULG.US,D,20241119,000000,86.64,87.7787,86.45,87.71,44946,0
NULG.US,D,20241120,000000,87.79,88.03,86.81,87.82,240211,0
NULG.US,D,20241121,000000,88.44,88.5392,87.1832,88.27,50678,0
NULG.US,D,20241122,000000,88.47,88.748,88.14,88.56,33149,0
NULG.US,D,20241125,000000,89.01,89.13,88.1699,88.4,26703,0
NULG.US,D,20241126,000000,88.75,89.09,88.67,88.98,100112,0
NULG.US,D,20241127,000000,88.3813,88.6,87.92,88.32,48019,0
NULG.US,D,20241129,000000,88.49,89.06,88.49,88.82,29333,0
NULG.US,D,20241202,000000,88.83,89.39,88.83,89.24,77451,0
NULG.US,D,20241203,000000,89.01,89.5103,88.95,89.43,49993,0
NULG.US,D,20241204,000000,89.73,90.98,89.67,90.89,30974,0
NULG.US,D,20241205,000000,90.68,90.84,90.3108,90.32,51883,0
NULG.US,D,20241206,000000,90.36,91.03,90.36,90.45,38483,0
NULG.US,D,20241209,000000,90.12,90.33,89.42,89.42,61959,0
NULG.US,D,20241210,000000,90.1658,90.21,89.155,89.36,27675,0
NULG.US,D,20241211,000000,89.82,91,89.82,90.9,30770,0
NULG.US,D,20241212,000000,90.51,90.94,90.36,90.36,36253,0
NULG.US,D,20241213,000000,90.17,90.48,89.24,89.41,26570,0
NULG.US,D,20241216,000000,89.425,89.9599,89.3681,89.73,28705,0
NULG.US,D,20241217,000000,89.375,89.59,89.0038,89.14,76356,0
NULG.US,D,20241218,000000,89.02,89.51,86.24,86.24,65031,0
NULG.US,D,20241219,000000,87.1456,87.1456,86.05,86.1,99551,0
NULG.US,D,20241220,000000,85.7178,87.9771,85.6091,87.3,51038,0
NULG.US,D,20241223,000000,87.23,87.88,86.765,87.8,31360,0
NULG.US,D,20241224,000000,87.88,88.51,87.88,88.4972,12402,0
NULG.US,D,20241226,000000,88.07,88.624,88.07,88.4391,25159,0
NULG.US,D,20241227,000000,87.67,87.94,86.6474,87.2399,31537,0
NULG.US,D,20241230,000000,86.09,87.12,85.7593,86.53,29230,0
NULG.US,D,20241231,000000,86.5851,86.75,85.6964,85.84,24355,0
NULG.US,D,20250102,000000,86.4912,86.55,85.2387,85.92,63741,0
NULG.US,D,20250103,000000,86.87,87.46,86.46,87.2761,32629,0
NULG.US,D,20250106,000000,88.04,88.7406,87.9081,88.09,152338,0
NULG.US,D,20250107,000000,88.41,88.66,86.285,86.58,63382,0
NULG.US,D,20250108,000000,86.76,86.8974,86.18,86.76,43168,0
NULG.US,D,20250110,000000,85.96,86.21,85.1477,85.45,51499,0
NULG.US,D,20250113,000000,84.182,85.11,84.1334,85.07,62481,0
NULG.US,D,20250114,000000,85.49,85.68,84.43,84.88,47485,0
NULG.US,D,20250115,000000,86.04,86.89,86.04,86.7,62213,0
NULG.US,D,20250116,000000,87.02,87.4131,86.7201,86.7922,97850,0
NULG.US,D,20250117,000000,87.4478,89.27,87.4,87.58,48452,0
NULG.US,D,20250121,000000,88.192,88.7496,87.8897,88.49,65847,0
NULG.US,D,20250122,000000,89.25,90.0754,89.25,89.86,50365,0
NULG.US,D,20250123,000000,89.21,90.15,89.21,90.15,48782,0
NULG.US,D,20250124,000000,90.14,90.3396,89.4975,89.75,59711,0
NULG.US,D,20250127,000000,86.23,87.45,86.06,86.52,247263,0
NULG.US,D,20250128,000000,86.3,88.50067,86.26,88.39,92607,0
NULG.US,D,20250129,000000,88.13,88.22,87.235,87.6165,50864,0
NULG.US,D,20250130,000000,87.452,88.18,87.1599,88.18,49821,0
NULG.US,D,20250131,000000,88.18,88.8099,87.305,87.37,160285,0
NULG.US,D,20250203,000000,85.87,87.28278,85.7,86.71,74282,0
NULG.US,D,20250204,000000,86.8,87.4809,86.77,87.32,110841,0
NULG.US,D,20250205,000000,86.975,87.76,86.8,87.68,272325,0
NULG.US,D,20250206,000000,87.9,88.3154,87.81,88.27,56329,0
NULG.US,D,20250207,000000,88.53,89.02,87.5301,87.71,39106,0
NULG.US,D,20250210,000000,88.2,88.75,88.2,88.51,31862,0
NULG.US,D,20250211,000000,88.2354,88.54,87.85,88.23,44360,0
NULG.US,D,20250212,000000,87.04,87.91,87.04,87.8167,114461,0
NULG.US,D,20250213,000000,87.67,88.7354,87.67,88.63,33943,0
NULG.US,D,20250214,000000,88.7141,88.8699,88.53,88.76,55643,0
NULG.US,D,20250218,000000,89.32,89.32,88.6757,88.975,35837,0
NULG.US,D,20250219,000000,88.63,89.1399,88.41,88.99,31100,0
NULG.US,D,20250220,000000,88.6301,88.91,87.7108,88.24,47104,0
NULG.US,D,20250221,000000,88.2965,88.69,86.2,86.25,36023,0
NULG.US,D,20250224,000000,86.5101,86.585,85.3701,85.61,65798,0
NULG.US,D,20250225,000000,85.39,85.52,84.3908,84.82,101211,0
NULG.US,D,20250226,000000,85.5857,86.6133,85.38,85.73,49030,0
NULG.US,D,20250227,000000,86.54,86.54,83.51,83.54,76840,0
NULG.US,D,20250228,000000,83.139,84.79,83.139,84.79,41815,0
NULG.US,D,20250303,000000,85.14,85.28,82.33,82.8,69367,0
NULG.US,D,20250304,000000,81.75,83.5743,80.8391,82.44,81168,0
NULG.US,D,20250305,000000,82.7049,83.82,82,83.54,84249,0
NULG.US,D,20250306,000000,82.07,83.23,81.0985,81.39,109827,0
NULG.US,D,20250307,000000,81.1746,81.505,79.115,81.16,61410,0
NULG.US,D,20250310,000000,79.6483,79.77,77.68,78.32,69363,0
NULG.US,D,20250311,000000,78.57,79.1914,77.447,78.06,79927,0
NULG.US,D,20250312,000000,79.6669,79.6669,78.4061,79.18,66093,0
NULG.US,D,20250313,000000,78.6365,79.04,77.4365,77.67,67391,0
NULG.US,D,20250314,000000,79.1122,79.77,78.43,79.74,488193,0
NULG.US,D,20250317,000000,79.6,80.88,79.54,80.36,43711,0
NULG.US,D,20250318,000000,79.9799,80.08,78.7,79.11,164736,0
NULG.US,D,20250319,000000,79.4561,81.05,79.31,80.3,48847,0
NULG.US,D,20250320,000000,80.07,80.89,79.7864,80.16,49914,0
NULG.US,D,20250321,000000,79.08,80.28,79.08,80.18,35433,0
NULG.US,D,20250324,000000,81.36,82.22,81.33,82.09,75835,0
NULG.US,D,20250325,000000,82.25,82.45,81.96,82.45,91738,0
NULG.US,D,20250326,000000,82.1351,82.22,80.5,80.67,38833,0
NULG.US,D,20250327,000000,79.87,80.8876,79.87,80.21,85497,0
NULG.US,D,20250328,000000,79.9846,80.01,78.1515,78.26,57241,0
NULG.US,D,20250331,000000,76.725,78.4299,76.17289,78.2799,88918,0
NULG.US,D,20250401,000000,77.95,78.9196,77.7026,78.89,67423,0
NULG.US,D,20250402,000000,77.845,79.8375,77.845,79.51,43397,0
NULG.US,D,20250403,000000,76.78,77,75.6,75.63,64430,0
NULG.US,D,20250404,000000,73.2975,73.7205,71.24,71.31,82706,0
