<TICKER>,<PER>,<DATE>,<TIME>,<OPEN>,<HIGH>,<LOW>,<CLOSE>,<VOL>,<OPENINT>
ROKT.US,D,20181024,000000,28.7354,28.7354,28.3019,28.3019,1263.4065760448,0
ROKT.US,D,20181026,000000,27.6781,27.6781,27.6781,27.6781,315.09901896589,0
ROKT.US,D,20181029,000000,27.3533,27.3533,27.3533,27.3533,199.69651201978,0
ROKT.US,D,20181031,000000,27.7339,27.7339,27.7339,27.7339,215.7525129862,0
ROKT.US,D,20181101,000000,27.987,28.1106,27.987,28.1106,282.98701703306,0
ROKT.US,D,20181102,000000,28.3507,28.3507,28.3507,28.3507,197.68951189898,0
ROKT.US,D,20181105,000000,28.1973,28.3507,28.1973,28.3507,233.81551407341,0
ROKT.US,D,20181107,000000,29.8436,29.8436,28.5381,28.5381,1962.8461181442,0
ROKT.US,D,20181112,000000,28.3976,28.3976,27.9681,27.9681,310.08151866388,0
ROKT.US,D,20181113,000000,28.0239,28.0239,28.0239,28.0239,101.35350610049,0
ROKT.US,D,20181114,000000,27.8505,27.8794,27.8315,27.8315,830.89805001196,0
ROKT.US,D,20181115,000000,27.8415,27.995,27.8415,27.995,535.86903225409,0
ROKT.US,D,20181116,000000,28.1116,28.1116,28.1116,28.1116,101.35350610049,0
ROKT.US,D,20181119,000000,27.4838,27.4838,27.4838,27.4838,310.08151866388,0
ROKT.US,D,20181120,000000,26.9048,26.9536,26.9048,26.9536,473.65202850923,0
ROKT.US,D,20181123,000000,27.1002,27.1191,27.1002,27.1191,361.26002174433,0
ROKT.US,D,20181126,000000,27.9183,27.9183,27.9183,27.9183,101.35350610049,0
ROKT.US,D,20181127,000000,27.2925,27.2925,26.8958,26.8958,4421.4212661265,0
ROKT.US,D,20181129,000000,27.3772,27.5226,27.3772,27.5226,650.2680391398,0
ROKT.US,D,20181204,000000,27.1958,27.1958,27.1859,27.1859,205.71751238219,0
ROKT.US,D,20181206,000000,26.4724,26.4724,26.0409,26.1245,2203.6861326404,0
ROKT.US,D,20181207,000000,26.1375,26.1375,26.0797,26.0837,433.5120260932,0
ROKT.US,D,20181210,000000,26.2601,26.4086,26.2601,26.4086,203.71051226139,0
ROKT.US,D,20181211,000000,26.2611,26.2611,26.2611,26.2611,6.0210003624055,0
ROKT.US,D,20181212,000000,26.856,26.856,26.6697,26.6697,255.89251540223,0
ROKT.US,D,20181213,000000,26.4354,26.4354,26.4354,26.4354,74.259004469668,0
ROKT.US,D,20181214,000000,26.1385,26.1385,26.1385,26.1385,1.0035000604009,0
ROKT.US,D,20181217,000000,25.9562,26.3278,25.6073,25.6073,208.72801256339,0
ROKT.US,D,20181218,000000,25.7798,25.7798,25.7798,25.7798,14.049000845613,0
ROKT.US,D,20181219,000000,25.2436,25.2436,25.2436,25.2436,31.108501872429,0
ROKT.US,D,20181220,000000,24.6926,24.6926,24.5251,24.5251,172.60201038896,0
ROKT.US,D,20181221,000000,24.2142,24.3059,24.0936,24.0936,262.91701582504,0
ROKT.US,D,20181224,000000,23.5735,23.5735,23.5735,23.5735,232.81201401301,0
ROKT.US,D,20181226,000000,23.1799,24.2551,23.1799,24.2551,317.10601908669,0
ROKT.US,D,20181227,000000,24.5053,24.5053,24.5053,24.5053,1.0035000604009,0
ROKT.US,D,20181228,000000,24.7234,24.7234,24.7234,24.7234,36.126002174433,0
ROKT.US,D,20181231,000000,24.854,24.9447,24.8371,24.9447,412.43852482478,0
ROKT.US,D,20190102,000000,24.9845,24.9845,24.9845,24.9845,18.063001087217,0
ROKT.US,D,20190103,000000,24.4425,24.4425,24.2442,24.2442,153.53550924134,0
ROKT.US,D,20190104,000000,25.0693,25.0693,24.7782,25.0693,143.50050863733,0
ROKT.US,D,20190107,000000,25.3144,25.3144,25.1001,25.1001,122.42700736891,0
ROKT.US,D,20190108,000000,25.3652,25.3652,25.3652,25.3652,15.052500906014,0
ROKT.US,D,20190109,000000,25.5855,25.5855,25.5855,25.5855,12.042000724811,0
ROKT.US,D,20190110,000000,25.7728,25.8854,25.7528,25.8854,317.10601908669,0
ROKT.US,D,20190111,000000,25.9222,25.9222,25.9222,25.9222,3.0105001812028,0
ROKT.US,D,20190114,000000,25.8536,25.8536,25.8536,25.8536,54.18900326165,0
ROKT.US,D,20190115,000000,25.8556,25.8556,25.8556,25.8556,19.066501147617,0
ROKT.US,D,20190116,000000,25.8704,25.8704,25.8704,25.8704,78.273004711272,0
ROKT.US,D,20190117,000000,26.0917,26.2063,26.0917,26.2063,231.80851395261,0
ROKT.US,D,20190118,000000,26.6607,26.7873,26.6607,26.6697,909.17105472323,0
ROKT.US,D,20190122,000000,26.5451,26.5451,26.1595,26.1595,446.55752687841,0
ROKT.US,D,20190123,000000,26.1694,26.3268,26.1694,26.3268,227.79451371101,0
ROKT.US,D,20190124,000000,26.7275,26.7275,26.7275,26.7275,2.0070001208018,0
ROKT.US,D,20190125,000000,27.0563,27.0563,27.0563,27.0563,60.210003624055,0
ROKT.US,D,20190128,000000,26.9008,26.9338,26.9008,26.9338,186.65101123457,0
ROKT.US,D,20190129,000000,27.3662,27.4788,27.3662,27.3981,216.7560130466,0
ROKT.US,D,20190130,000000,27.5426,27.7917,27.5426,27.7917,236.82601425462,0
ROKT.US,D,20190131,000000,27.983,27.983,27.8794,27.8794,476.66252869044,0
ROKT.US,D,20190201,000000,28.0588,28.1126,27.9661,27.9661,419.46302524758,0
ROKT.US,D,20190204,000000,28.1006,28.4255,28.1006,28.4255,356.24252144233,0
ROKT.US,D,20190205,000000,28.7165,28.7165,28.7165,28.7165,292.01851757667,0
ROKT.US,D,20190206,000000,28.8779,28.8779,28.8709,28.8709,642.24003865659,0
ROKT.US,D,20190207,000000,28.6508,28.6508,28.558,28.6168,417.45602512678,0
ROKT.US,D,20190208,000000,28.8131,28.8131,28.8131,28.8131,51.178503080447,0
ROKT.US,D,20190211,000000,29.0045,29.0045,29.0045,29.0045,109.3815065837,0
ROKT.US,D,20190212,000000,29.2386,29.4101,29.2386,29.4101,728.54104385107,0
ROKT.US,D,20190213,000000,29.4977,29.4977,29.3861,29.3861,2621.1421577672,0
ROKT.US,D,20190214,000000,29.3802,29.4559,29.3802,29.4419,416.45252506638,0
ROKT.US,D,20190215,000000,29.7658,29.8984,29.7658,29.8984,1285.4835773736,0
ROKT.US,D,20190219,000000,30.9417,30.9417,29.726,30.0079,2909.1466751023,0
ROKT.US,D,20190220,000000,30.1325,30.1325,30.0259,30.1295,3238.2946949138,0
ROKT.US,D,20190221,000000,29.8615,29.8684,29.8615,29.8684,299.04301799947,0
ROKT.US,D,20190222,000000,30.1325,30.1515,30.0509,30.1515,2287.9801377141,0
ROKT.US,D,20190225,000000,30.3388,30.3737,30.1575,30.1575,2740.5586649549,0
ROKT.US,D,20190226,000000,30.1425,30.1525,29.9372,29.9372,990.45455961571,0
ROKT.US,D,20190227,000000,29.9292,29.9522,29.8456,29.9522,659.2995396834,0
ROKT.US,D,20190228,000000,29.9761,29.996,29.9761,29.9771,478.66952881124,0
ROKT.US,D,20190301,000000,31.3762,31.3762,29.9412,29.9911,637.22253835458,0
ROKT.US,D,20190304,000000,29.5835,29.5835,29.5675,29.5675,204.71401232179,0
ROKT.US,D,20190305,000000,29.4409,29.4409,29.425,29.425,195.68251177818,0
ROKT.US,D,20190306,000000,29.0732,29.0732,29.0732,29.0732,47.164502838843,0
ROKT.US,D,20190307,000000,28.9845,28.9845,28.7723,28.7972,1021.5630614881,0
ROKT.US,D,20190308,000000,28.4993,28.7574,28.4823,28.7574,1431.9945861921,0
ROKT.US,D,20190311,000000,28.4644,28.9647,28.4644,28.9647,427.49102573079,0
ROKT.US,D,20190312,000000,28.9267,28.9845,28.858,28.858,2479.6486492507,0
ROKT.US,D,20190313,000000,29.0195,29.0962,29.0195,29.0962,208.72801256339,0
ROKT.US,D,20190314,000000,29.1778,29.1778,29.0573,29.0573,328.1445197511,0
ROKT.US,D,20190315,000000,28.9985,29.1968,28.9985,29.0314,1857.4786118021,0
ROKT.US,D,20190318,000000,28.9177,29.3164,28.9177,29.3164,663.31353992501,0
ROKT.US,D,20190319,000000,29.5625,29.5625,29.1778,29.1948,3255.3541959406,0
ROKT.US,D,20190320,000000,29.148,29.148,29.148,29.148,6.0210003624055,0
ROKT.US,D,20190321,000000,29.4858,29.4858,29.4858,29.4858,30.105001812028,0
ROKT.US,D,20190322,000000,28.9845,28.9845,28.6596,28.6596,77811.394683487,0
ROKT.US,D,20190325,000000,28.5979,28.7414,28.591,28.7414,698.43604203904,0
ROKT.US,D,20190326,000000,29.0234,29.0234,28.8351,28.8351,5697.8733429564,0
ROKT.US,D,20190327,000000,28.7354,28.7354,28.7354,28.7354,91.318505496484,0
ROKT.US,D,20190328,000000,28.7224,28.9607,28.7135,28.9607,1324.6200797292,0
ROKT.US,D,20190329,000000,29.4479,29.4479,29.0453,29.144,2041.1191228555,0
ROKT.US,D,20190401,000000,29.8126,29.8126,29.8126,29.8126,127.44450767092,0
ROKT.US,D,20190402,000000,29.6213,29.6462,29.6213,29.6462,300.04651805988,0
ROKT.US,D,20190403,000000,29.4599,29.4599,29.4599,29.4599,30.105001812028,0
ROKT.US,D,20190404,000000,29.5426,29.6482,29.5426,29.6482,505.76403044206,0
ROKT.US,D,20190405,000000,29.8336,30.005,29.8336,30.005,523.82703152928,0
ROKT.US,D,20190408,000000,29.9691,30.0249,29.9691,30.0249,127.44450767092,0
ROKT.US,D,20190409,000000,29.6891,29.6891,29.6153,29.6153,439.5330264556,0
ROKT.US,D,20190410,000000,29.6692,29.708,29.6692,29.708,622.17003744857,0
ROKT.US,D,20190411,000000,29.9601,30.0069,29.9233,30.0069,753.62854536109,0
ROKT.US,D,20190412,000000,30.265,30.271,30.265,30.271,125.43750755011,0
ROKT.US,D,20190415,000000,30.1754,30.1754,30.0827,30.0827,890.10455357562,0
ROKT.US,D,20190416,000000,30.1684,30.274,30.1684,30.2282,1212.2280729643,0
ROKT.US,D,20190417,000000,30.2132,30.2132,30.0887,30.1525,740.58304457588,0
ROKT.US,D,20190418,000000,30.308,30.3278,30.1943,30.3278,308.07451854308,0
ROKT.US,D,20190422,000000,30.1555,30.3418,30.1555,30.3418,291.01501751627,0
ROKT.US,D,20190423,000000,30.8311,30.9965,30.7922,30.9836,811.83154886434,0
ROKT.US,D,20190424,000000,31.0533,31.0533,30.864,30.864,1101.8430663202,0
ROKT.US,D,20190425,000000,30.4903,30.6647,30.4903,30.6019,321.12001932829,0
ROKT.US,D,20190426,000000,30.7852,30.7952,30.7852,30.7952,179.62651081176,0
ROKT.US,D,20190429,000000,31.0533,31.0533,30.9088,30.9088,212.74201280499,0
ROKT.US,D,20190430,000000,30.9278,30.9576,30.9278,30.9576,509.77803068367,0
ROKT.US,D,20190501,000000,31.0254,31.3323,30.9656,30.9656,1250.3610752595,0
ROKT.US,D,20190502,000000,30.8888,30.8888,30.858,30.858,106.3710064025,0
ROKT.US,D,20190503,000000,31.2616,31.2655,31.2616,31.2655,206.72101244259,0
ROKT.US,D,20190506,000000,31.0723,31.2915,31.0723,31.2915,835.91555031397,0
ROKT.US,D,20190507,000000,31.0154,31.0154,30.8102,30.8102,302.05351818068,0
ROKT.US,D,20190508,000000,30.9666,30.9666,30.875,30.875,559.95303370371,0
ROKT.US,D,20190509,000000,30.4803,30.9397,30.4803,30.9397,179.62651081176,0
ROKT.US,D,20190510,000000,31.0214,31.0214,31.0214,31.0214,3.0105001812028,0
ROKT.US,D,20190513,000000,30.3458,30.3458,30.267,30.267,373.30202246914,0
ROKT.US,D,20190514,000000,30.4723,30.4723,30.4723,30.4723,2.0070001208018,0
ROKT.US,D,20190515,000000,30.4903,30.5879,30.2521,30.5022,741.58654463628,0
ROKT.US,D,20190516,000000,30.5779,30.7962,30.5779,30.7962,129.45150779172,0
ROKT.US,D,20190517,000000,30.6747,30.7823,30.4604,30.4624,2461.5856481635,0
ROKT.US,D,20190520,000000,30.4664,30.4903,30.4046,30.4046,340.18652047591,0
ROKT.US,D,20190521,000000,30.5331,30.8042,30.5331,30.8042,339.18302041551,0
ROKT.US,D,20190522,000000,30.7444,30.7444,30.6587,30.6777,780.72304699192,0
ROKT.US,D,20190523,000000,30.3936,30.4903,30.0279,30.1933,1046.6505629982,0
ROKT.US,D,20190524,000000,30.1943,30.2531,30.1943,30.2531,138.48300833533,0
ROKT.US,D,20190528,000000,30.266,30.266,30.0867,30.0867,236.82601425462,0
ROKT.US,D,20190529,000000,30.0479,30.0837,30.0479,30.0837,115.40250694611,0
ROKT.US,D,20190530,000000,30.1455,30.1754,30.0577,30.1325,2502.7291506399,0
ROKT.US,D,20190531,000000,29.8635,29.8774,29.8635,29.8774,467.63102814683,0
ROKT.US,D,20190603,000000,29.9891,30.0967,29.9891,29.994,1286.487077434,0
ROKT.US,D,20190604,000000,30.6367,30.6925,30.6209,30.6925,844.94705085757,0
ROKT.US,D,20190605,000000,31.0134,31.0134,31.0134,31.0134,60.210003624055,0
ROKT.US,D,20190606,000000,31.2606,31.2606,31.0912,31.2606,329.1480198115,0
ROKT.US,D,20190607,000000,31.4868,31.4868,31.3912,31.3912,1452.0645874001,0
ROKT.US,D,20190610,000000,32.0768,32.0768,31.4908,31.4908,1827.3736099901,0
ROKT.US,D,20190611,000000,31.2457,31.2457,30.84,30.9766,1615.6350972455,0
ROKT.US,D,20190612,000000,30.869,31.0194,30.869,31.0194,109.3815065837,0
ROKT.US,D,20190613,000000,31.0394,31.2715,31.0394,31.2715,291.01501751627,0
ROKT.US,D,20190614,000000,31.1011,31.1879,31.1011,31.1101,2636.1946586732,0
ROKT.US,D,20190617,000000,31.2835,31.2835,31.1949,31.1949,490.71152953605,0
ROKT.US,D,20190618,000000,31.7199,31.7957,31.7199,31.7469,318.10951914709,0
ROKT.US,D,20190619,000000,31.99,32.008,31.99,31.99,887.09405339441,0
ROKT.US,D,20190620,000000,32.4355,32.5032,32.3966,32.4863,2203.6861326404,0
ROKT.US,D,20190621,000000,32.2222,32.2671,32.2222,32.2671,1103.850066441,0
ROKT.US,D,20190624,000000,32.3199,32.3199,32.2252,32.2252,6555.8658945992,0
ROKT.US,D,20190625,000000,32.3299,32.3299,32.1066,32.2421,724.52704360946,0
ROKT.US,D,20190626,000000,32.1116,32.1116,32.1116,32.1116,109.3815065837,0
ROKT.US,D,20190627,000000,32.2023,32.2621,32.2023,32.2511,613.13853690496,0
ROKT.US,D,20190628,000000,32.3677,32.6458,32.3677,32.6458,439.5330264556,0
ROKT.US,D,20190701,000000,32.7344,32.7534,32.4544,32.5092,1850.4541113793,0
ROKT.US,D,20190702,000000,32.5032,32.6468,32.5032,32.6298,930.24455599165,0
ROKT.US,D,20190703,000000,32.6956,32.7603,32.6956,32.7603,1391.8545837761,0
ROKT.US,D,20190705,000000,32.8411,32.8411,32.7464,32.7464,489.70802947565,0
ROKT.US,D,20190708,000000,32.4415,32.4415,32.4415,32.4415,42.147002536839,0
ROKT.US,D,20190709,000000,32.2322,32.57,32.2322,32.57,1990.9441198354,0
ROKT.US,D,20190710,000000,32.7055,33.0832,32.591,32.591,2717.4781635657,0
ROKT.US,D,20190711,000000,32.7215,32.7304,32.7215,32.7304,5298.4803189169,0
ROKT.US,D,20190712,000000,32.8511,33.1141,32.8511,33.1141,283.99051709346,0
ROKT.US,D,20190715,000000,33.5007,33.5007,32.8411,32.8839,4935.2132970517,0
ROKT.US,D,20190716,000000,32.9397,32.9477,32.8999,32.9029,725.53054366987,0
ROKT.US,D,20190717,000000,32.7633,32.7633,32.6468,32.6468,646.25403889819,0
ROKT.US,D,20190718,000000,32.559,32.559,32.4155,32.5192,1285.4835773736,0
ROKT.US,D,20190719,000000,32.7314,32.7314,32.7314,32.7314,231.80851395261,0
ROKT.US,D,20190722,000000,32.8171,32.8171,32.8171,32.8171,50.175003020046,0
ROKT.US,D,20190723,000000,32.9587,33.0483,32.9587,33.0483,609.12453666336,0
ROKT.US,D,20190724,000000,33.0732,33.428,33.0732,33.428,1521.3060915678,0
ROKT.US,D,20190725,000000,33.5007,33.5007,33.4041,33.4469,766.6740461463,0
ROKT.US,D,20190726,000000,33.4789,33.5217,33.4789,33.5217,478.66952881124,0
ROKT.US,D,20190729,000000,33.3493,33.3493,33.3493,33.3493,91.318505496484,0
ROKT.US,D,20190730,000000,33.2855,33.3841,33.2855,33.3613,1060.6995638438,0
ROKT.US,D,20190731,000000,33.4409,33.4808,33.3134,33.3134,757.64254560269,0
ROKT.US,D,20190801,000000,33.8963,33.9153,33.1998,33.2118,3156.0076899609,0
ROKT.US,D,20190802,000000,32.9197,32.9297,32.6666,32.8689,2949.2866775183,0
ROKT.US,D,20190805,000000,33.3154,33.3154,31.8724,32.1843,9337.5680620306,0
ROKT.US,D,20190806,000000,32.8709,33.0653,32.7245,33.0653,1500.2325902994,0
ROKT.US,D,20190807,000000,33.133,33.2785,33.133,33.2785,362.26352180473,0
ROKT.US,D,20190808,000000,33.6742,33.9581,33.6742,33.9581,1078.762564931,0
ROKT.US,D,20190809,000000,33.8286,33.8286,33.6442,33.699,1445.0400869773,0
ROKT.US,D,20190812,000000,33.4379,33.4379,33.2078,33.2178,2284.9696375329,0
ROKT.US,D,20190813,000000,33.693,33.693,33.5167,33.5167,677.36254077062,0
ROKT.US,D,20190814,000000,32.9098,32.9098,32.7404,32.7404,434.5155261536,0
ROKT.US,D,20190815,000000,32.6956,32.8989,32.6956,32.8989,1008.5175607029,0
ROKT.US,D,20190816,000000,33.1898,33.3801,33.1808,33.3801,1823.3596097485,0
ROKT.US,D,20190819,000000,33.8465,33.8575,33.8465,33.8575,680.37304095182,0
ROKT.US,D,20190820,000000,33.8675,33.8675,33.8047,33.8047,227.79451371101,0
ROKT.US,D,20190821,000000,34.1674,34.1674,33.9791,34.0379,455.58902742202,0
ROKT.US,D,20190822,000000,34.2452,34.2452,34.2063,34.2063,83387.844519135,0
ROKT.US,D,20190823,000000,34.855,34.855,33.2666,33.2666,1585.5300954335,0
ROKT.US,D,20190826,000000,33.4041,33.5645,33.4041,33.5645,541.8900326165,0
ROKT.US,D,20190827,000000,33.712,33.712,33.5874,33.5874,150.52500906014,0
ROKT.US,D,20190828,000000,33.8286,33.8286,33.8156,33.8156,207.72451250299,0
ROKT.US,D,20190829,000000,34.304,34.3478,34.1794,34.3478,2008.0036208622,0
ROKT.US,D,20190830,000000,34.3418,34.4683,34.3418,34.4514,1896.6151141577,0
ROKT.US,D,20190903,000000,34.0419,34.1106,33.9741,34.1106,746.60404493828,0
ROKT.US,D,20190904,000000,34.5839,34.6129,34.5361,34.5411,1764.1531061848,0
ROKT.US,D,20190905,000000,35.0095,35.1549,34.9128,34.9168,2829.8701703306,0
ROKT.US,D,20190906,000000,34.9118,34.9566,34.9118,34.9168,615.14553702576,0
ROKT.US,D,20190909,000000,35.3492,35.3492,34.3308,34.3378,6426.4143868075,0
ROKT.US,D,20190910,000000,34.275,34.275,33.9053,34.0159,839.92955055557,0
ROKT.US,D,20190911,000000,34.1874,34.265,34.0039,34.265,1451.0610873397,0
ROKT.US,D,20190912,000000,34.5371,34.7862,34.5361,34.6866,4130.4062486102,0
ROKT.US,D,20190913,000000,34.9118,34.9118,34.6836,34.7723,3485.1557097724,0
ROKT.US,D,20190916,000000,35.0135,35.2417,35.0135,35.142,2823.8491699682,0
ROKT.US,D,20190917,000000,35.0393,35.2237,35.0393,35.2237,1840.4191107753,0
ROKT.US,D,20190918,000000,35.1549,35.426,35.0493,35.426,4278.9242575495,0
ROKT.US,D,20190919,000000,35.5137,35.5137,35.1391,35.1489,5336.6133212121,0
ROKT.US,D,20190920,000000,35.1549,35.1549,34.9507,34.9955,22405.145848571,0
ROKT.US,D,20190923,000000,35.0693,35.0693,34.7584,34.843,1016.5455611861,0
ROKT.US,D,20190924,000000,34.9018,34.9188,34.6577,34.6577,2477.6416491299,0
ROKT.US,D,20190925,000000,34.3896,34.9756,34.3896,34.9756,3953.7902379796,0
ROKT.US,D,20190926,000000,35.0981,35.0981,34.864,34.9546,2083.2661253923,0
ROKT.US,D,20190927,000000,34.9018,34.9018,34.4185,34.4514,2129.4271281708,0
ROKT.US,D,20190930,000000,34.6268,34.6507,34.5501,34.5501,1732.041104252,0
ROKT.US,D,20191001,000000,34.2232,34.2232,33.7478,33.7648,73660.918433669,0
ROKT.US,D,20191002,000000,33.4339,33.4339,33.127,33.3623,24342.904465206,0
ROKT.US,D,20191003,000000,33.1888,33.4759,33.167,33.4759,2872.0171728674,0
ROKT.US,D,20191004,000000,33.5645,33.9103,33.5446,33.9103,2460.5821481031,0
ROKT.US,D,20191007,000000,33.7977,33.9233,33.735,33.735,2181.6091313116,0
ROKT.US,D,20191008,000000,33.4389,33.6612,33.2576,33.3941,2307.0466388617,0
ROKT.US,D,20191009,000000,33.5446,33.7478,33.5446,33.6452,7188.0709326518,0
ROKT.US,D,20191010,000000,33.8326,33.9621,33.8266,33.8455,4952.2727980785,0
ROKT.US,D,20191011,000000,34.2282,34.2442,34.0628,34.0628,1904.6431146409,0
ROKT.US,D,20191014,000000,34.0787,34.0787,33.9432,33.9631,1058.692563723,0
ROKT.US,D,20191015,000000,34.1854,34.1854,34.0588,34.0588,313.09201884509,0
ROKT.US,D,20191016,000000,33.999,34.0977,33.9861,33.9921,1054.6785634814,0
ROKT.US,D,20191017,000000,34.2242,34.2242,33.8725,33.8725,1944.783117057,0
ROKT.US,D,20191018,000000,33.6044,33.6044,33.3313,33.4319,988.44755949491,0
ROKT.US,D,20191021,000000,33.5815,33.5944,33.4749,33.4749,830.89805001196,0
ROKT.US,D,20191022,000000,33.6134,33.6313,33.4221,33.4221,1686.8836015339,0
ROKT.US,D,20191023,000000,33.2456,33.4091,33.2456,33.3961,1198.1790721187,0
ROKT.US,D,20191024,000000,33.3503,33.6702,33.3503,33.6702,1542.3795928362,0
ROKT.US,D,20191025,000000,33.729,33.729,33.4649,33.4649,4168.5392509054,0
ROKT.US,D,20191028,000000,33.5785,33.7678,33.5785,33.6482,17096.630529051,0
ROKT.US,D,20191029,000000,33.69,33.9263,33.69,33.734,4855.9367922801,0
ROKT.US,D,20191030,000000,33.8485,34.0229,33.7488,34.0209,5015.4933018838,0
ROKT.US,D,20191031,000000,33.719,33.719,33.5755,33.5884,2227.77013409,0
ROKT.US,D,20191101,000000,33.9661,34.0687,33.9353,34.0528,4422.4247661869,0
ROKT.US,D,20191104,000000,34.2581,34.2581,33.7648,33.8416,6367.2078832438,0
ROKT.US,D,20191105,000000,33.9621,33.9721,33.8834,33.9283,2560.9321541431,0
ROKT.US,D,20191106,000000,33.9013,34.0009,33.8525,34.0009,23385.565407583,0
ROKT.US,D,20191107,000000,34.1076,34.2452,33.9591,33.9591,3705.9257230606,0
ROKT.US,D,20191108,000000,33.9123,34.2242,33.8715,34.1325,6731.4784051694,0
ROKT.US,D,20191111,000000,33.9821,34.297,33.9821,34.1993,6783.6604083102,0
ROKT.US,D,20191112,000000,34.3996,34.4185,34.292,34.3298,6481.6068901295,0
ROKT.US,D,20191113,000000,34.3238,34.4285,34.292,34.3667,5613.5793378827,0
ROKT.US,D,20191114,000000,34.4584,34.5261,34.4385,34.4713,3242.3086951554,0
ROKT.US,D,20191115,000000,34.6607,34.8072,34.6607,34.6796,7147.9309302358,0
ROKT.US,D,20191118,000000,34.7195,34.7294,34.6846,34.6936,2571.9706548076,0
ROKT.US,D,20191119,000000,34.8829,34.8829,34.6766,34.6766,2016.0316213454,0
ROKT.US,D,20191120,000000,34.5162,34.8271,34.5162,34.6906,12298.896740273,0
ROKT.US,D,20191121,000000,34.5541,34.5541,34.3667,34.3667,1361.749581964,0
ROKT.US,D,20191122,000000,34.3996,34.3996,34.2142,34.3198,2470.6171487071,0
ROKT.US,D,20191125,000000,34.5829,34.6159,34.5351,34.5621,3429.9632064503,0
ROKT.US,D,20191126,000000,34.8072,34.8072,34.7424,34.7424,353.23202126112,0
ROKT.US,D,20191127,000000,34.7095,34.8968,34.7095,34.847,5179.0638117291,0
ROKT.US,D,20191129,000000,34.7614,34.7614,34.6707,34.6707,578.01603479093,0
ROKT.US,D,20191202,000000,34.4484,34.4484,34.0159,34.0159,2548.8901534183,0
ROKT.US,D,20191203,000000,33.7598,33.9881,33.719,33.9881,1771.1776066076,0
ROKT.US,D,20191204,000000,34.3996,34.3996,34.1525,34.1525,1205.2035725415,0
ROKT.US,D,20191205,000000,34.2532,34.2532,34.1295,34.1295,2480.6521493111,0
ROKT.US,D,20191206,000000,34.4773,34.4773,34.3906,34.3906,2372.2741427878,0
ROKT.US,D,20191209,000000,34.273,34.273,34.1884,34.1884,1332.6480802124,0
ROKT.US,D,20191210,000000,34.1176,34.302,34.1176,34.2382,940.27955659566,0
ROKT.US,D,20191211,000000,34.2532,34.5003,34.2342,34.5003,2061.1891240635,0
ROKT.US,D,20191212,000000,34.7055,34.7792,34.5999,34.6637,3191.1301920749,0
ROKT.US,D,20191213,000000,34.6407,34.9178,34.6407,34.8252,4247.8157556771,0
ROKT.US,D,20191216,000000,34.8899,34.9347,34.852,34.852,764.6670460255,0
ROKT.US,D,20191217,000000,34.6836,34.6836,34.5641,34.6557,1896.6151141577,0
ROKT.US,D,20191218,000000,34.6896,34.6896,34.3797,34.4335,1392.8580838365,0
ROKT.US,D,20191219,000000,34.5829,34.6637,34.5739,34.6039,1685.8801014735,0
ROKT.US,D,20191220,000000,34.7195,34.8829,34.7195,34.878,2689.3801618745,0
ROKT.US,D,20191223,000000,35.0294,35.1469,34.9905,35.0184,3310.5466992626,0
ROKT.US,D,20191224,000000,35.2337,35.2337,34.8918,34.9068,690.40804155583,0
ROKT.US,D,20191226,000000,34.9806,35.0005,34.878,34.9855,3112.8571873637,0
ROKT.US,D,20191227,000000,34.9228,35.0005,34.8988,34.8988,2436.4981466534,0
ROKT.US,D,20191230,000000,35.2048,35.3413,35.0931,35.1749,4875.0032934277,0
ROKT.US,D,20191231,000000,35.1799,35.1799,34.9606,35.1381,3046.6261833772,0
ROKT.US,D,20200102,000000,35.4778,35.6373,35.2397,35.6373,4027.0457423889,0
ROKT.US,D,20200103,000000,35.2636,36.3099,35.2636,36.3099,3675.8207212486,0
ROKT.US,D,20200106,000000,36.9258,36.9258,36.1744,36.3508,3417.9212057255,0
ROKT.US,D,20200107,000000,36.5182,36.6577,36.5172,36.6577,2845.926171297,0
ROKT.US,D,20200108,000000,36.7305,36.8869,36.7105,36.8131,2424.4561459286,0
ROKT.US,D,20200109,000000,36.7683,36.9547,36.7593,36.9547,823.87354958916,0
ROKT.US,D,20200110,000000,36.8979,36.9357,36.8979,36.9208,3081.7486854912,0
ROKT.US,D,20200113,000000,37.2058,37.2297,36.9736,37.2297,6302.9838793782,0
ROKT.US,D,20200114,000000,37.3423,37.3423,36.9935,37.2207,2589.0301558344,0
ROKT.US,D,20200115,000000,37.4589,37.4589,37.2556,37.3911,5073.6963053871,0
ROKT.US,D,20200116,000000,37.5665,37.5665,37.4589,37.5376,2623.149157888,0
ROKT.US,D,20200117,000000,37.8765,37.8765,37.5705,37.6692,7283.4034383899,0
ROKT.US,D,20200121,000000,38.0717,38.0717,37.6732,37.7558,4626.1352784482,0
ROKT.US,D,20200122,000000,38.0717,38.0717,37.6831,37.7459,12089.16522765,0
ROKT.US,D,20200123,000000,37.702,37.702,37.4589,37.5057,4258.8542563415,0
ROKT.US,D,20200124,000000,37.5147,37.5874,36.9258,37.1928,26413.125089813,0
ROKT.US,D,20200127,000000,36.9058,36.9357,36.7205,36.857,3095.7976863368,0
ROKT.US,D,20200128,000000,37.4211,37.4211,37.0304,37.122,2347.1866412778,0
ROKT.US,D,20200129,000000,37.4489,37.4489,36.9208,36.9307,5417.8968261046,0
ROKT.US,D,20200130,000000,36.7883,36.9158,36.4972,36.8869,2434.4911465326,0
ROKT.US,D,20200131,000000,36.7983,36.7983,36.012,36.0259,3308.5396991418,0
ROKT.US,D,20200203,000000,36.1086,36.5242,36.1086,36.2331,10750.496147075,0
ROKT.US,D,20200204,000000,37.0404,37.0404,36.7454,36.8251,3127.9096882697,0
ROKT.US,D,20200205,000000,37.7987,37.7987,36.8959,37.124,6462.5403889819,0
ROKT.US,D,20200206,000000,37.5954,37.5954,37.2546,37.2805,1381.8195831721,0
ROKT.US,D,20200207,000000,37.0414,37.3811,37.0374,37.2855,6826.8109109075,0
ROKT.US,D,20200210,000000,37.2646,37.3633,37.2118,37.3633,2680.3486613309,0
ROKT.US,D,20200211,000000,37.6732,38.1684,37.5177,38.1106,31008.151866388,0
ROKT.US,D,20200212,000000,38.1494,38.1494,37.6154,37.9183,8740.485526092,0
ROKT.US,D,20200213,000000,37.8864,38.1006,37.8864,38.0668,4164.5252506638,0
ROKT.US,D,20200214,000000,38.0229,38.1395,38.0229,38.0717,2360.232142063,0
ROKT.US,D,20200218,000000,38.0917,38.0917,37.6442,37.6482,3686.859221913,0
ROKT.US,D,20200219,000000,37.73,38.6736,37.705,37.721,5722.9608444664,0
ROKT.US,D,20200220,000000,37.721,37.721,37.1092,37.4679,3337.6412008935,0
ROKT.US,D,20200221,000000,37.6342,37.6342,37.1659,37.3703,3537.3377129132,0
ROKT.US,D,20200224,000000,36.9058,36.9058,36.1206,36.2711,8262.8194973412,0
ROKT.US,D,20200225,000000,36.287,36.287,34.6119,34.6667,12839.783272829,0
ROKT.US,D,20200226,000000,34.6407,35.3124,34.4076,34.4395,4394.3267644956,0
ROKT.US,D,20200227,000000,33.5725,34.0578,33.2716,33.3523,10928.115657766,0
ROKT.US,D,20200228,000000,31.8226,32.7753,31.8226,32.5999,11362.63118392,0
ROKT.US,D,20200302,000000,33.2716,33.6253,32.556,33.6253,7633.6249594698,0
ROKT.US,D,20200303,000000,33.9511,34.6149,33.2416,33.4679,3898.5977346576,0
ROKT.US,D,20200304,000000,34.5351,34.9925,33.7638,34.9925,13074.602286963,0
ROKT.US,D,20200305,000000,34.6209,34.6209,32.9327,33.0523,7218.1759344638,0
ROKT.US,D,20200306,000000,31.8027,32.3269,31.8027,32.3269,3907.6292352012,0
ROKT.US,D,20200309,000000,31.2397,31.2397,29.5665,29.5665,12924.077277903,0
ROKT.US,D,20200310,000000,31.0573,31.0573,29.2825,30.4723,4971.3392992262,0
ROKT.US,D,20200311,000000,29.733,29.733,28.0628,28.29,5024.5248024274,0
ROKT.US,D,20200312,000000,25.6721,26.8958,25.433,25.433,10959.224159639,0
ROKT.US,D,20200313,000000,26.3318,26.9836,25.2376,26.9836,7910.5909761405,0
ROKT.US,D,20200316,000000,24.8959,24.8959,23.5874,23.5874,3504.22221092,0
ROKT.US,D,20200317,000000,23.8067,24.584,23.3203,24.584,7730.9644653287,0
ROKT.US,D,20200318,000000,23.1071,23.4091,21.6193,22.279,7494.1384510741,0
ROKT.US,D,20200319,000000,21.7479,23.0324,21.718,23.0324,5667.7683411444,0
ROKT.US,D,20200320,000000,23.1071,23.5924,22.1993,22.2461,5450.0088280374,0
ROKT.US,D,20200323,000000,21.3284,21.8954,20.8222,21.6552,18380.107106303,0
ROKT.US,D,20200324,000000,22.0807,23.716,22.0807,23.713,5435.9598271918,0
ROKT.US,D,20200325,000000,24.3089,25.6343,24.0568,25.3722,13611.474819278,0
ROKT.US,D,20200326,000000,25.9462,27.3553,25.9462,27.3553,3910.6397353824,0
ROKT.US,D,20200327,000000,26.0827,26.8241,26.004,26.004,2821.8421698474,0
ROKT.US,D,20200330,000000,25.4778,26.0199,25.4778,26.0199,9977.8011005663,0
ROKT.US,D,20200331,000000,25.5367,26.286,25.5367,25.6532,10165.455611861,0
ROKT.US,D,20200401,000000,24.9537,24.9637,24.2332,24.3947,4217.7107538651,0
ROKT.US,D,20200402,000000,24.4853,25.0792,24.4853,24.7374,2682.3556614517,0
ROKT.US,D,20200403,000000,24.3587,24.6298,24.0568,24.4495,3685.8557218526,0
ROKT.US,D,20200406,000000,25.3214,26.4734,25.3214,26.4734,3349.6832016183,0
ROKT.US,D,20200407,000000,27.2227,27.416,26.296,26.296,4044.1052434157,0
ROKT.US,D,20200408,000000,26.4714,27.3084,26.4714,27.3084,1569.474094467,0
ROKT.US,D,20200409,000000,28.0688,28.293,27.6104,27.7309,5115.8433079239,0
ROKT.US,D,20200413,000000,27.416,27.416,26.8141,27.0174,3596.5442164769,0
ROKT.US,D,20200414,000000,27.7777,27.7777,27.416,27.6831,4570.9427751262,0
ROKT.US,D,20200415,000000,27.5914,27.5914,26.6377,26.9128,5329.5888207893,0
ROKT.US,D,20200416,000000,26.8042,26.8042,26.4414,26.6527,1906.6501147617,0
ROKT.US,D,20200417,000000,27.7579,28.1076,27.7489,28.0478,2078.2486250903,0
ROKT.US,D,20200420,000000,27.416,27.713,27.3951,27.3951,3379.7882034303,0
ROKT.US,D,20200421,000000,26.4913,26.7065,26.1027,26.2591,1668.8206004467,0
ROKT.US,D,20200422,000000,26.6567,26.8411,26.6567,26.8411,837.92255043477,0
ROKT.US,D,20200423,000000,27.1539,27.2187,26.8062,26.8062,1503.2430904806,0
ROKT.US,D,20200424,000000,26.7355,26.9975,26.5829,26.871,3368.7497027659,0
ROKT.US,D,20200427,000000,27.1241,27.6811,27.1241,27.6682,1371.7845825681,0
ROKT.US,D,20200428,000000,28.293,28.293,27.8894,28.1854,8901.0455357562,0
ROKT.US,D,20200429,000000,28.3907,29.3343,28.3907,29.0732,2072.2276247279,0
ROKT.US,D,20200430,000000,28.585,28.585,28.2661,28.4465,3572.4602150273,0
ROKT.US,D,20200501,000000,27.6014,27.6293,27.1051,27.3563,918.20255526684,0
ROKT.US,D,20200504,000000,26.7553,27.0454,26.7255,26.9606,4859.9507925217,0
ROKT.US,D,20200505,000000,27.5725,27.6692,27.1889,27.1889,868.0275522468,0
ROKT.US,D,20200506,000000,27.144,27.144,26.7185,26.7185,3094.7941862764,0
ROKT.US,D,20200507,000000,26.9975,27.2038,26.9278,26.9566,2652.2506596396,0
ROKT.US,D,20200508,000000,27.6492,27.7579,27.4041,27.7579,2739.5551648945,0
ROKT.US,D,20200511,000000,27.5127,27.6941,27.5127,27.5964,773.69854656911,0
ROKT.US,D,20200512,000000,27.3483,27.6144,26.6865,26.7055,8310.9875002404,0
ROKT.US,D,20200513,000000,26.5401,26.5401,25.6931,25.8376,3436.9877068732,0
ROKT.US,D,20200514,000000,25.2736,25.6871,24.9237,25.6871,3854.4437319999,0
ROKT.US,D,20200515,000000,25.6193,25.7997,25.5367,25.73,1401.8895843801,0
ROKT.US,D,20200518,000000,26.3538,27.4668,26.3538,27.3762,2370.267142667,0
ROKT.US,D,20200519,000000,27.2735,27.4549,26.9985,26.9985,714.49204300546,0
ROKT.US,D,20200520,000000,27.5626,27.6014,27.2995,27.2995,958.34255768288,0
ROKT.US,D,20200521,000000,27.5814,27.5964,27.2417,27.5964,1531.3410921718,0
ROKT.US,D,20200522,000000,27.5626,27.8585,27.5626,27.8585,1055.6820635418,0
ROKT.US,D,20200526,000000,28.8191,29.432,28.7703,29.1948,2582.0056554116,0
ROKT.US,D,20200527,000000,29.705,30.29,29.5416,30.29,4314.0467596636,0
ROKT.US,D,20200528,000000,30.7763,30.8351,30.308,30.3727,5796.2163488757,0
ROKT.US,D,20200529,000000,30.0089,30.289,29.8226,30.2053,2326.1131400093,0
ROKT.US,D,20200601,000000,31.712,34.3797,30.4355,30.4833,132038.53094743,0
ROKT.US,D,20200602,000000,30.8839,30.8839,30.3468,30.4833,43622.147625628,0
ROKT.US,D,20200603,000000,30.6787,31.8276,30.6787,31.7887,32381.943449077,0
ROKT.US,D,20200604,000000,32.023,32.1604,31.6632,31.8794,29976.553804296,0
ROKT.US,D,20200605,000000,33.2018,33.4759,32.7255,32.7255,28956.997742929,0
ROKT.US,D,20200608,000000,34.4873,34.4873,33.143,33.4699,46283.429785811,0
ROKT.US,D,20200609,000000,33.3184,33.3184,32.4913,32.8609,22149.253333169,0
ROKT.US,D,20200610,000000,32.9686,32.9686,31.7987,31.8465,26479.356093799,0
ROKT.US,D,20200611,000000,30.3766,30.7763,29.3204,29.3244,26452.261592168,0
ROKT.US,D,20200612,000000,30.4634,30.6089,29.2277,29.8964,25798.983052847,0
ROKT.US,D,20200615,000000,29.2178,30.3468,29.0633,30.2033,14591.89437829,0
ROKT.US,D,20200616,000000,31.5944,31.5944,30.5321,30.7484,16022.885464422,0
ROKT.US,D,20200617,000000,31.0404,31.0404,30.4933,30.5541,9084.6860468095,0
ROKT.US,D,20200618,000000,30.5511,30.5511,30.1644,30.2103,8439.4355079717,0
ROKT.US,D,20200619,000000,31.0404,31.0404,29.8176,29.8176,7397.8024452756,0
ROKT.US,D,20200622,000000,31.3094,32.8599,29.6123,30.0997,13416.79580756,0
ROKT.US,D,20200623,000000,30.2282,30.305,29.8674,29.9352,8068.1404856234,0
ROKT.US,D,20200624,000000,29.4379,29.6123,28.7364,28.8122,10263.798617781,0
ROKT.US,D,20200625,000000,28.6876,29.0613,28.3667,29.0613,7317.5224404435,0
ROKT.US,D,20200626,000000,28.9805,28.9805,28.571,28.6746,6456.5193886195,0
ROKT.US,D,20200629,000000,28.7066,29.5535,28.7066,29.5396,3682.8452216714,0
ROKT.US,D,20200630,000000,29.2238,29.6203,29.2238,29.6094,2274.9346369289,0
ROKT.US,D,20200701,000000,30.003,30.003,29.3074,29.5057,7417.8724464836,0
ROKT.US,D,20200702,000000,29.7898,30.1505,29.5147,29.5147,6669.2614014245,0
ROKT.US,D,20200706,000000,30.2083,30.2083,29.4867,29.7409,7087.7209266117,0
ROKT.US,D,20200707,000000,29.5735,29.5735,28.8341,28.8679,8587.9535169111,0
ROKT.US,D,20200708,000000,29.127,29.127,28.566,28.8819,9951.7100989959,0
ROKT.US,D,20200709,000000,28.852,28.852,28.1126,28.2382,10977.287160725,0
ROKT.US,D,20200710,000000,28.0538,28.5411,28.0538,28.5282,7813.2514702816,0
ROKT.US,D,20200713,000000,28.6398,29.147,28.2939,28.2939,12278.826739065,0
ROKT.US,D,20200714,000000,28.4723,28.6876,28.0828,28.6726,7009.4479219004,0
ROKT.US,D,20200715,000000,29.3891,29.5485,29.3024,29.5406,5391.8058245341,0
ROKT.US,D,20200716,000000,29.4867,29.8386,29.4091,29.6732,3888.5627340536,0
ROKT.US,D,20200717,000000,30.0229,30.0577,29.9841,30.0577,1641.7260988159,0
ROKT.US,D,20200720,000000,30.1215,30.1215,29.73,29.8306,3971.8532390668,0
ROKT.US,D,20200721,000000,30.0229,30.6069,30.0189,30.3149,6324.0573806466,0
ROKT.US,D,20200722,000000,30.267,30.853,30.267,30.8221,4978.363799649,0
ROKT.US,D,20200723,000000,30.6567,31.0523,30.3926,30.573,6208.6548737005,0
ROKT.US,D,20200724,000000,30.3418,30.4803,30.1405,30.1595,2965.3426784847,0
ROKT.US,D,20200727,000000,30.0817,30.1275,29.9442,30.1275,7777.1254681071,0
ROKT.US,D,20200728,000000,29.9073,30.4006,29.9073,30.0637,3336.6377008331,0
ROKT.US,D,20200729,000000,29.9841,30.2282,29.8924,30.1545,5234.2563150512,0
ROKT.US,D,20200730,000000,29.6612,30.1804,29.6612,30.0647,4443.4982674553,0
ROKT.US,D,20200731,000000,29.5934,29.8694,29.4569,29.8694,4147.465749637,0
ROKT.US,D,20200803,000000,29.8674,30.5202,29.8674,30.4335,7508.1874519197,0
ROKT.US,D,20200804,000000,30.2182,30.5102,30.2182,30.4285,5400.8373250778,0
ROKT.US,D,20200805,000000,30.4225,31.0075,30.4225,31.0075,5004.4548012194,0
ROKT.US,D,20200806,000000,31.0184,31.3383,31.0184,31.2506,5904.594355399,0
ROKT.US,D,20200807,000000,31.2695,31.3921,31.1929,31.3921,5385.7848241717,0
ROKT.US,D,20200810,000000,31.5058,31.992,31.5058,31.9292,27665.493165193,0
ROKT.US,D,20200811,000000,32.1973,32.6547,32.0598,32.0598,18553.712616752,0
ROKT.US,D,20200812,000000,32.1684,32.2949,32.0748,32.1774,3002.4721807196,0
ROKT.US,D,20200813,000000,32.2561,32.4604,32.2561,32.3069,6134.3958692308,0
ROKT.US,D,20200814,000000,32.3139,32.4405,32.3139,32.3647,1518.2955913866,0
ROKT.US,D,20200817,000000,32.2611,32.2611,32.021,32.021,19010.305144235,0
ROKT.US,D,20200818,000000,32.1873,32.1873,31.6801,31.6911,5667.7683411444,0
ROKT.US,D,20200819,000000,31.6901,31.9043,31.6901,31.715,2317.0816394657,0
ROKT.US,D,20200820,000000,31.5426,31.5426,31.3383,31.4031,1565.4600942254,0
ROKT.US,D,20200821,000000,31.2675,31.2995,31.2207,31.2835,4191.6197522946,0
ROKT.US,D,20200824,000000,31.3832,31.8724,31.3832,31.8724,3470.1032088664,0
ROKT.US,D,20200825,000000,31.992,31.992,31.6891,31.8017,8037.031983751,0
ROKT.US,D,20200826,000000,31.7867,31.7867,31.4848,31.5187,2515.7746514251,0
ROKT.US,D,20200827,000000,31.7299,31.7777,31.415,31.5934,4362.2147625628,0
ROKT.US,D,20200828,000000,31.8744,31.8744,31.6133,31.8177,6580.9533961092,0
ROKT.US,D,20200831,000000,31.9233,31.9233,31.4958,31.5256,1427.9805859505,0
ROKT.US,D,20200901,000000,31.2506,31.6163,31.2506,31.5874,3632.6702186513,0
ROKT.US,D,20200902,000000,31.7519,32.3379,31.7519,32.3379,3644.7122193761,0
ROKT.US,D,20200903,000000,32.3139,32.3139,31.5326,31.5326,8920.1120369038,0
ROKT.US,D,20200904,000000,31.6771,31.6771,30.9108,31.428,6352.1553823378,0
ROKT.US,D,20200908,000000,30.8221,31.1031,30.7663,30.7663,1804.2931086009,0
ROKT.US,D,20200909,000000,31.1829,31.1829,30.7753,30.9816,2271.9241367477,0
ROKT.US,D,20200910,000000,31.1998,31.2008,30.4903,30.5631,3437.9912069336,0
ROKT.US,D,20200911,000000,30.7633,30.8042,30.6169,30.7723,1291.504577736,0
ROKT.US,D,20200914,000000,30.9896,31.442,30.9896,31.442,1581.5160951918,0
ROKT.US,D,20200915,000000,31.5874,31.6014,31.3632,31.3872,2635.1911586128,0
ROKT.US,D,20200916,000000,31.407,31.9721,31.3483,31.7767,5047.6053038166,0
ROKT.US,D,20200917,000000,31.4658,32.0996,31.1899,31.9751,3616.6142176849,0
ROKT.US,D,20200918,000000,32.1684,32.1684,31.8356,31.9332,2339.1586407945,0
ROKT.US,D,20200921,000000,31.0194,31.1171,30.5859,30.7354,3870.4997329663,0
ROKT.US,D,20200922,000000,30.7255,31.0902,30.7255,31.0902,16552.733496313,0
ROKT.US,D,20200923,000000,30.9995,30.9995,30.0409,30.0409,1836.4051105337,0
ROKT.US,D,20200924,000000,29.711,29.8605,29.6911,29.8605,1788.2371076344,0
ROKT.US,D,20200925,000000,30.1305,30.3149,30.1305,30.3149,1100.8395662598,0
ROKT.US,D,20200928,000000,31.3313,31.3313,31.2457,31.2457,538.87953243529,0
ROKT.US,D,20200929,000000,31.0095,31.2427,31.0095,31.0643,2633.184158492,0
ROKT.US,D,20200930,000000,30.8231,30.8231,30.5411,30.7235,714.49204300546,0
ROKT.US,D,20201001,000000,31.0822,31.0822,30.9806,31.0623,738.57604445508,0
ROKT.US,D,20201002,000000,30.9985,31.3293,30.9985,31.3293,954.32855744127,0
ROKT.US,D,20201005,000000,31.8585,31.8964,31.5546,31.6632,3221.235193887,0
ROKT.US,D,20201006,000000,32.0338,32.2591,31.4648,31.4648,2419.4386456266,0
ROKT.US,D,20201007,000000,31.6333,32.1834,31.6333,32.0996,1891.5976138557,0
ROKT.US,D,20201008,000000,32.3219,32.4933,32.1814,32.4933,1910.6641150034,0
ROKT.US,D,20201009,000000,32.55,32.7504,32.4883,32.4883,2338.1551407341,0
ROKT.US,D,20201012,000000,33.0015,33.0015,32.56,32.583,1700.9326023796,0
ROKT.US,D,20201013,000000,32.4235,32.4235,32.2691,32.3587,1798.2721082384,0
ROKT.US,D,20201014,000000,32.6726,32.6726,32.4056,32.4056,2102.3326265399,0
ROKT.US,D,20201015,000000,32.2093,32.4534,32.1973,32.4534,2618.131657586,0
ROKT.US,D,20201016,000000,32.8261,32.8639,32.6607,32.6607,3141.9586891153,0
ROKT.US,D,20201019,000000,32.9417,33.0732,32.4773,32.4773,5502.1908311782,0
ROKT.US,D,20201020,000000,32.8491,32.9128,32.5182,32.5182,1760.1391059432,0
ROKT.US,D,20201021,000000,32.8729,32.8729,31.9073,31.987,3353.6972018599,0
ROKT.US,D,20201022,000000,32.284,32.284,32.284,32.284,166.58101002655,0
ROKT.US,D,20201023,000000,32.3319,32.3359,32.287,32.3289,1241.3295747159,0
ROKT.US,D,20201026,000000,32.2192,32.2192,31.0194,31.3493,4989.4023003134,0
ROKT.US,D,20201027,000000,31.1271,31.1271,30.6387,30.6387,2881.048673411,0
ROKT.US,D,20201028,000000,29.8774,30.0129,29.5635,29.5635,3534.327212732,0
ROKT.US,D,20201029,000000,29.3981,29.9921,29.3792,29.9921,1420.9560855277,0
ROKT.US,D,20201030,000000,29.8386,29.9591,29.5835,29.708,1511.2710909638,0
ROKT.US,D,20201102,000000,30.5032,30.6965,30.4235,30.5909,2931.2236764311,0
ROKT.US,D,20201103,000000,31.5256,31.5586,31.5256,31.5586,911.17805484404,0
ROKT.US,D,20201104,000000,31.6034,31.6921,31.449,31.449,1242.3330747763,0
ROKT.US,D,20201105,000000,31.9352,32.1375,31.9233,32.0688,1358.7390817828,0
ROKT.US,D,20201106,000000,32.3557,32.3557,31.3015,31.4598,1974.888118869,0
ROKT.US,D,20201109,000000,33.3613,33.6532,32.9716,33.131,9421.8620671042,0
ROKT.US,D,20201110,000000,33.7658,34.0019,33.7658,33.9501,1051.6680633002,0
ROKT.US,D,20201111,000000,34.1624,34.1624,33.6821,33.7548,7202.1199334974,0
ROKT.US,D,20201112,000000,33.1848,33.5854,33.1848,33.3692,4068.1892448653,0
ROKT.US,D,20201113,000000,34.1435,34.3677,33.8725,34.3677,6312.0153799218,0
ROKT.US,D,20201116,000000,35.2157,35.2157,34.7125,35.1629,2467.6066485259,0
ROKT.US,D,20201117,000000,34.9278,35.7319,34.9278,35.5595,2291.9941379557,0
ROKT.US,D,20201118,000000,36.1605,36.1605,35.4848,35.4848,3597.5477165373,0
ROKT.US,D,20201119,000000,35.4938,35.6711,35.4938,35.6711,2172.577630768,0
ROKT.US,D,20201120,000000,35.4878,35.6542,35.1141,35.1141,1840.4191107753,0
ROKT.US,D,20201123,000000,35.4599,35.9004,35.4599,35.9004,3828.3527304295,0
ROKT.US,D,20201124,000000,36.4554,36.8261,36.3577,36.6985,4982.3777998906,0
ROKT.US,D,20201125,000000,36.4754,36.8071,36.4754,36.6597,5366.7183230241,0
ROKT.US,D,20201127,000000,36.6029,36.7763,36.5142,36.561,2825.856170089,0
ROKT.US,D,20201130,000000,36.4604,36.4604,35.8704,35.8904,2829.8701703306,0
ROKT.US,D,20201201,000000,36.3866,36.6029,36.3269,36.3269,1681.8661012319,0
ROKT.US,D,20201202,000000,36.4654,36.5092,36.4335,36.5092,1465.1100881853,0
ROKT.US,D,20201203,000000,36.7753,37.0504,36.7483,36.8121,7256.3089367591,0
ROKT.US,D,20201204,000000,37.4739,37.7429,37.4739,37.6512,4077.2207454089,0
ROKT.US,D,20201207,000000,37.5775,38.2022,37.5775,38.0837,9194.0675533932,0
ROKT.US,D,20201208,000000,37.9343,38.3179,37.9343,38.3179,2685.3661616329,0
ROKT.US,D,20201209,000000,38.5541,38.6408,37.7718,38.0688,3463.0787084436,0
ROKT.US,D,20201210,000000,37.9871,38.1754,37.9581,38.1754,3318.5746997458,0
ROKT.US,D,20201211,000000,38.1724,38.4066,38.1246,38.297,1349.7075812392,0
ROKT.US,D,20201214,000000,38.3099,38.3099,37.2267,37.2267,4559.9042744618,0
ROKT.US,D,20201215,000000,37.2656,37.5994,37.2656,37.5187,2932.2271764915,0
ROKT.US,D,20201216,000000,37.6224,37.6224,37.2955,37.3164,2243.8261350565,0
ROKT.US,D,20201217,000000,37.723,37.723,37.1092,37.1111,4019.0177419057,0
ROKT.US,D,20201218,000000,37.4021,37.4021,36.8639,37.0214,4031.0597426305,0
ROKT.US,D,20201221,000000,37.1092,37.1092,36.586,37.0682,3433.9772066919,0
ROKT.US,D,20201222,000000,37.138,37.1868,36.9626,36.9905,6813.7654101222,0
ROKT.US,D,20201223,000000,37.3144,37.6762,37.118,37.6472,2699.4151624785,0
ROKT.US,D,20201224,000000,37.8515,37.8515,37.4539,37.5685,1008.5175607029,0
ROKT.US,D,20201228,000000,37.9303,37.9403,37.5057,37.5057,4891.0592943941,0
ROKT.US,D,20201229,000000,37.4918,37.4918,37.119,37.3363,1181.1195710919,0
ROKT.US,D,20201230,000000,37.3343,37.8415,37.3343,37.6762,2620.1386577068,0
ROKT.US,D,20201231,000000,37.8316,37.999,37.8027,37.9403,1891.5976138557,0
ROKT.US,D,20210104,000000,38.1266,38.1266,36.6497,36.7793,7370.7079436448,0
ROKT.US,D,20210105,000000,37.148,37.5596,37.0304,37.4121,5274.3963174672,0
ROKT.US,D,20210106,000000,38.0976,38.4584,38.0976,38.1266,2536.8481526935,0
ROKT.US,D,20210107,000000,38.3418,38.3418,38.1993,38.2042,3168.0496906857,0
ROKT.US,D,20210108,000000,38.3418,38.3418,37.6572,38.0199,7418.875946544,0
ROKT.US,D,20210111,000000,38.0189,38.1166,37.7439,38.1166,6170.5218714053,0
ROKT.US,D,20210112,000000,38.3418,38.6437,38.3418,38.6328,1763.1496061244,0
ROKT.US,D,20210113,000000,38.8889,38.8889,38.295,38.4095,8056.0984848986,0
ROKT.US,D,20210114,000000,39.3572,39.8376,39.1968,39.3862,121823.90383261,0
ROKT.US,D,20210115,000000,39.5825,39.5825,38.6149,38.7892,20340.946224327,0
ROKT.US,D,20210119,000000,39.5925,39.5925,39.2496,39.3672,37449.618754102,0
ROKT.US,D,20210120,000000,39.8764,39.8764,39.3912,39.4649,17218.054036359,0
ROKT.US,D,20210121,000000,39.4948,39.4948,38.8012,38.9078,12216.609735321,0
ROKT.US,D,20210122,000000,38.859,38.859,38.5152,38.8002,15144.82291157,0
ROKT.US,D,20210125,000000,39.1908,39.1908,38.4195,38.5949,13822.209831962,0
ROKT.US,D,20210126,000000,38.7414,38.9078,38.3617,38.3617,12187.508233569,0
ROKT.US,D,20210127,000000,38.3518,38.5849,37.2456,37.7828,23060.431388013,0
ROKT.US,D,20210128,000000,37.8316,38.3119,37.7439,37.7439,11917.566717321,0
ROKT.US,D,20210129,000000,37.6672,37.6672,37.0812,37.1002,13376.655805144,0
ROKT.US,D,20210201,000000,37.432,38.2242,37.1968,38.0089,5887.5348543722,0
ROKT.US,D,20210202,000000,38.7514,38.9577,38.4584,38.566,8755.538026998,0
ROKT.US,D,20210203,000000,38.7026,39.1829,38.7026,39.1529,10590.939637472,0
ROKT.US,D,20210204,000000,39.3374,39.8176,39.3374,39.6811,12376.166244924,0
ROKT.US,D,20210205,000000,40.0807,40.0807,39.5187,39.6711,11349.585683134,0
ROKT.US,D,20210208,000000,40.276,40.276,39.8116,40.2073,13894.461836311,0
ROKT.US,D,20210209,000000,40.561,40.561,39.9352,40.3647,20720.269247159,0
ROKT.US,D,20210210,000000,40.8819,40.8819,39.7897,39.8874,11875.419714785,0
ROKT.US,D,20210211,000000,39.9552,40.4524,39.8714,40.3647,8803.7060298973,0
ROKT.US,D,20210212,000000,40.1585,40.2332,39.8376,40.1146,8725.433025186,0
ROKT.US,D,20210216,000000,40.4036,40.4036,39.8664,39.9064,14177.448853345,0
ROKT.US,D,20210217,000000,39.9352,39.9352,39.3772,39.8116,11641.604200711,0
ROKT.US,D,20210218,000000,39.5825,39.5825,39.2008,39.3423,7464.033449262,0
ROKT.US,D,20210219,000000,39.8466,40.2073,39.8466,40.0807,5672.7858414464,0
ROKT.US,D,20210222,000000,39.8964,39.9552,39.5735,39.5735,10381.208124847,0
ROKT.US,D,20210223,000000,39.1051,39.2855,38.4683,39.2855,5334.6063210913,0
ROKT.US,D,20210224,000000,39.5535,40.296,39.3074,40.1285,38490.248316737,0
ROKT.US,D,20210225,000000,40.3647,40.3647,39.0603,39.0603,14987.273402087,0
ROKT.US,D,20210226,000000,39.1331,39.1331,38.1266,38.5441,10438.40762829,0
ROKT.US,D,20210301,000000,39.3961,39.6273,39.2786,39.6123,6703.3804034781,0
ROKT.US,D,20210302,000000,39.5337,39.5585,39.1231,39.1231,13354.578803816,0
ROKT.US,D,20210303,000000,39.2786,39.2984,38.7802,38.7812,7165.993931323,0
ROKT.US,D,20210304,000000,38.7802,38.864,37.3771,37.8415,23357.467405892,0
ROKT.US,D,20210305,000000,38.0289,38.268,36.7593,38.2142,22481.411853162,0
ROKT.US,D,20210308,000000,38.2342,38.8889,38.2342,38.283,6544.8273939348,0
ROKT.US,D,20210309,000000,39.1331,39.1331,38.6149,38.6836,4163.5217506034,0
ROKT.US,D,20210310,000000,39.2596,39.429,39.0115,39.3124,7274.3719378463,0
ROKT.US,D,20210311,000000,39.5436,40.0429,39.5436,39.7858,12659.153261958,0
ROKT.US,D,20210312,000000,39.7299,40.4036,39.7299,40.4036,6033.0423631303,0
ROKT.US,D,20210315,000000,40.7673,40.7673,40.3866,40.7325,9816.2375908418,0
ROKT.US,D,20210316,000000,40.9308,40.9308,39.9352,40.0429,5497.1733308762,0
ROKT.US,D,20210317,000000,40.0807,40.4724,39.9452,40.3826,4695.3767826159,0
ROKT.US,D,20210318,000000,40.286,40.4236,39.6123,39.712,9955.7240992375,0
ROKT.US,D,20210319,000000,40.2073,40.2073,39.4948,39.5416,4541.8412733746,0
ROKT.US,D,20210322,000000,39.8614,39.8614,39.3354,39.6043,16856.794014615,0
ROKT.US,D,20210323,000000,39.6831,39.6831,38.7264,38.7264,9688.7930831709,0
ROKT.US,D,20210324,000000,39.147,39.5735,38.6706,38.6706,3916.6607357448,0
ROKT.US,D,20210325,000000,38.6208,39.2656,38.2042,39.2556,9451.9670689163,0
ROKT.US,D,20210326,000000,39.5835,39.6532,39.2506,39.6532,6309.0048797406,0
ROKT.US,D,20210329,000000,39.6931,40.0399,39.5635,39.5975,9185.0360528496,0
ROKT.US,D,20210330,000000,39.6731,39.7618,39.3542,39.6931,9114.7910486216,0
ROKT.US,D,20210331,000000,39.8914,39.984,39.7479,39.9252,9663.7055816609,0
ROKT.US,D,20210401,000000,40.2671,40.2671,40.0349,40.2371,8792.6675292329,0
ROKT.US,D,20210405,000000,40.4664,40.8141,40.4664,40.8141,6939.2029176724,0
ROKT.US,D,20210406,000000,40.9616,40.9616,40.7305,40.7942,6778.6429080082,0
ROKT.US,D,20210407,000000,40.4764,40.6757,40.3069,40.4066,9421.8620671042,0
ROKT.US,D,20210408,000000,40.3816,40.862,40.2371,40.862,4483.6382698713,0
ROKT.US,D,20210409,000000,40.6955,40.9516,40.6657,40.9516,6320.043380405,0
ROKT.US,D,20210412,000000,40.6955,40.7843,40.6806,40.7843,3913.6502355636,0
ROKT.US,D,20210413,000000,40.5262,40.6507,40.4265,40.6079,2937.2446767935,0
ROKT.US,D,20210414,000000,40.6457,41.0104,40.6457,40.7215,2444.5261471366,0
ROKT.US,D,20210415,000000,40.7355,40.8081,40.566,40.7235,6709.4014038406,0
ROKT.US,D,20210416,000000,41.1699,41.1699,40.7355,40.9716,3244.3156952762,0
ROKT.US,D,20210419,000000,41.0712,41.0712,40.4764,40.6757,7198.1059332558,0
ROKT.US,D,20210420,000000,40.7055,40.7055,39.8316,40.1675,8038.0354838114,0
ROKT.US,D,20210421,000000,40.1773,40.6218,40.1773,40.6218,2752.6006656797,0
ROKT.US,D,20210422,000000,40.6397,40.8371,40.4474,40.4634,2481.6556493715,0
ROKT.US,D,20210423,000000,40.4464,40.7653,40.3568,40.7513,2752.6006656797,0
ROKT.US,D,20210426,000000,40.9616,40.9716,40.8321,40.8341,2689.3801618745,0
ROKT.US,D,20210427,000000,40.9716,40.9716,40.8231,40.9696,4418.4107659453,0
ROKT.US,D,20210428,000000,40.8919,40.8919,40.7553,40.8101,1272.4380765884,0
ROKT.US,D,20210429,000000,41.0514,41.0812,40.7553,40.9966,2536.8481526935,0
ROKT.US,D,20210430,000000,40.7743,40.8809,40.6109,40.6905,3553.3937138797,0
ROKT.US,D,20210503,000000,40.8321,40.9218,40.7155,40.7473,4340.137761234,0
ROKT.US,D,20210504,000000,40.4364,40.5182,39.9502,40.2123,6783.6604083102,0
ROKT.US,D,20210505,000000,40.1375,40.1375,39.8545,39.8545,907.16405460243,0
ROKT.US,D,20210506,000000,40.0199,40.2272,39.6433,40.2272,4735.5167850319,0
ROKT.US,D,20210507,000000,40.2371,40.6597,40.2371,40.6597,1370.7810825077,0
ROKT.US,D,20210510,000000,40.8131,40.8131,40.2013,40.2013,4131.4097486706,0
ROKT.US,D,20210511,000000,39.3442,39.8116,39.3442,39.7818,5126.8818085883,0
ROKT.US,D,20210512,000000,39.6383,39.6383,38.7394,38.7394,6127.371368808,0
ROKT.US,D,20210513,000000,39.0284,39.424,39.0284,39.2386,5775.1428476073,0
ROKT.US,D,20210514,000000,39.5935,39.9262,39.424,39.8804,4421.4212661265,0
ROKT.US,D,20210517,000000,39.713,39.713,39.5237,39.6741,3149.9866895985,0
ROKT.US,D,20210518,000000,39.5436,39.6831,39.2636,39.2636,1371.7845825681,0
ROKT.US,D,20210519,000000,38.839,39.1669,38.6308,39.1669,3606.5792170809,0
ROKT.US,D,20210520,000000,39.2944,39.5635,39.2944,39.5535,2381.3056433314,0
ROKT.US,D,20210521,000000,39.8834,39.9681,39.7788,39.7788,4682.3312818307,0
ROKT.US,D,20210524,000000,40.1475,40.3089,39.991,40.3089,5110.8258076219,0
ROKT.US,D,20210525,000000,40.2571,40.2621,40.1176,40.1176,2063.1961241843,0
ROKT.US,D,20210526,000000,40.1475,40.3598,40.1475,40.3598,2981.3986794511,0
ROKT.US,D,20210527,000000,40.6258,41.3333,40.6258,41.3333,3057.6646840416,0
ROKT.US,D,20210528,000000,41.4489,41.5087,41.2297,41.2685,1731.0376041916,0
ROKT.US,D,20210601,000000,41.5586,41.6263,41.3791,41.4888,4782.6812878708,0
ROKT.US,D,20210602,000000,41.6662,41.7758,41.6662,41.708,1819.3456095069,0
ROKT.US,D,20210603,000000,41.5784,41.8545,41.5187,41.7748,3583.4987156917,0
ROKT.US,D,20210604,000000,41.9442,42.2322,41.9442,42.1884,6409.3548857807,0
ROKT.US,D,20210607,000000,42.2621,42.2621,42.0837,42.2621,3202.1686927393,0
ROKT.US,D,20210608,000000,42.3907,42.6587,42.2571,42.6288,3506.2292110408,0
ROKT.US,D,20210609,000000,42.6587,42.6587,42.1884,42.1884,3815.3072296443,0
ROKT.US,D,20210610,000000,42.4843,42.4843,42.1624,42.1654,3353.6972018599,0
ROKT.US,D,20210611,000000,42.4793,42.4793,42.1524,42.3617,2072.2276247279,0
ROKT.US,D,20210614,000000,42.5491,42.5491,42.1126,42.2003,3122.8921879677,0
ROKT.US,D,20210615,000000,42.2322,42.3717,42.1924,42.285,4113.3467475834,0
ROKT.US,D,20210616,000000,42.3159,42.4643,42.1026,42.2202,3987.9092400333,0
ROKT.US,D,20210617,000000,42.1376,42.2322,41.6662,41.8864,4461.5612685425,0
ROKT.US,D,20210618,000000,41.1699,41.4788,41.1599,41.2815,76504.837604846,0
ROKT.US,D,20210621,000000,41.7758,41.9452,41.7758,41.9452,1888.5871136745,0
ROKT.US,D,20210622,000000,41.8256,42.0498,41.8256,42.0269,5683.8243421108,0
ROKT.US,D,20210623,000000,42.1336,42.2232,42.0728,42.0748,3224.2456940682,0
ROKT.US,D,20210624,000000,42.5301,42.5301,42.0608,42.4115,3044.6191832564,0
ROKT.US,D,20210625,000000,42.9785,43.3344,42.9387,43.3344,4251.8297559187,0
ROKT.US,D,20210628,000000,43.8724,43.8724,42.6597,42.8201,10365.152123881,0
ROKT.US,D,20210629,000000,42.8989,42.8989,42.0847,42.1186,3311.550199323,0
ROKT.US,D,20210630,000000,42.1136,42.1973,41.9352,42.1973,3572.4602150273,0
ROKT.US,D,20210701,000000,42.4115,42.4115,42.2382,42.3179,2898.1081744379,0
ROKT.US,D,20210702,000000,42.8789,42.8789,42.3049,42.3049,3370.7567028867,0
ROKT.US,D,20210706,000000,42.5003,42.5003,41.6164,42.0189,3345.6692013767,0
ROKT.US,D,20210707,000000,41.9153,42.0149,41.6861,42.0149,1817.3386093861,0
ROKT.US,D,20210708,000000,41.2995,42.0648,41.2995,41.9521,2426.4631460494,0
ROKT.US,D,20210709,000000,42.3527,42.4603,42.3428,42.3897,3571.4567149669,0
ROKT.US,D,20210712,000000,42.5999,42.6597,41.7997,41.9253,9813.2270906606,0
ROKT.US,D,20210713,000000,41.6761,41.6861,41.439,41.441,2766.6496665253,0
ROKT.US,D,20210714,000000,41.4938,41.4938,40.9318,40.9417,2889.0766738942,0
ROKT.US,D,20210715,000000,40.9018,40.9118,40.4804,40.7005,1743.0796049164,0
ROKT.US,D,20210716,000000,41.0214,41.0214,40.4056,40.4384,2556.9181539015,0
ROKT.US,D,20210719,000000,39.9302,39.9302,39.2536,39.5077,3787.2092279531,0
ROKT.US,D,20210720,000000,39.721,40.7783,39.721,40.7783,4701.3977829783,0
ROKT.US,D,20210721,000000,41.2297,41.2995,41.15,41.2995,1540.3725927154,0
ROKT.US,D,20210722,000000,41.1002,41.1002,40.8949,40.8949,956.33555756208,0
ROKT.US,D,20210723,000000,41.3991,41.3991,40.7145,40.8839,4960.3007985617,0
ROKT.US,D,20210726,000000,41.13,41.13,40.8291,40.9916,3827.3492303691,0
ROKT.US,D,20210727,000000,40.8321,40.852,40.7345,40.8261,1274.4450767092,0
ROKT.US,D,20210728,000000,41.0214,41.151,40.8769,41.151,1418.9490854069,0
ROKT.US,D,20210729,000000,41.3692,41.5386,41.3353,41.3353,3815.3072296443,0
ROKT.US,D,20210730,000000,41.3393,41.3393,41.149,41.149,3104.8291868804,0
ROKT.US,D,20210802,000000,41.2596,41.4589,41.0922,41.1201,3164.0356904441,0
ROKT.US,D,20210803,000000,40.7145,40.9816,40.7145,40.9766,1747.093605158,0
ROKT.US,D,20210804,000000,40.4902,40.5451,40.4853,40.4853,998.48256009892,0
ROKT.US,D,20210805,000000,40.5052,40.7065,40.4255,40.578,8602.0025177567,0
ROKT.US,D,20210806,000000,40.8719,41.0612,40.8719,40.9716,3080.7451854308,0
ROKT.US,D,20210809,000000,41.0712,41.0712,40.9118,41.0314,2382.3091433918,0
ROKT.US,D,20210810,000000,40.7045,41.0662,40.7045,41.0314,7252.2949365174,0
ROKT.US,D,20210811,000000,40.8719,41.1579,40.8719,41.1579,738.57604445508,0
ROKT.US,D,20210812,000000,41.0114,41.0414,40.8919,40.9516,2113.3711272043,0
ROKT.US,D,20210813,000000,40.9118,40.9118,40.5152,40.555,5316.5433200041,0
ROKT.US,D,20210816,000000,40.4853,40.4853,40.0289,40.4853,2902.1221746795,0
ROKT.US,D,20210817,000000,39.99,40.1763,39.8904,40.0977,2905.1326748607,0
ROKT.US,D,20210818,000000,40.0977,40.0977,39.8516,39.8516,964.36355804528,0
ROKT.US,D,20210819,000000,39.7409,39.7409,39.1749,39.2825,26743.276609685,0
ROKT.US,D,20210820,000000,39.2138,39.6811,39.2138,39.6513,2696.4046622973,0
ROKT.US,D,20210823,000000,39.721,40.1973,39.721,40.1665,3930.7097365904,0
ROKT.US,D,20210824,000000,40.3458,40.5252,40.3458,40.3856,3692.8802222754,0
ROKT.US,D,20210825,000000,40.2262,40.5252,40.2262,40.3757,1788.2371076344,0
ROKT.US,D,20210826,000000,40.1963,40.2561,40.1615,40.1615,1627.6770979703,0
ROKT.US,D,20210827,000000,40.4056,40.7295,40.1665,40.7045,3099.8116865784,0
ROKT.US,D,20210830,000000,40.8819,40.8819,40.6846,40.7643,2604.0826567404,0
ROKT.US,D,20210831,000000,40.6348,40.7613,40.569,40.7613,7177.0324319874,0
ROKT.US,D,20210901,000000,40.8131,41.5586,40.6348,40.6348,6397.3128850559,0
ROKT.US,D,20210902,000000,40.8321,41.14,40.8321,41.0014,3238.2946949138,0
ROKT.US,D,20210903,000000,40.9417,40.9417,40.555,40.6049,1612.6245970643,0
ROKT.US,D,20210907,000000,40.4056,40.4654,40.2621,40.2701,2996.4511803571,0
ROKT.US,D,20210908,000000,40.2661,40.2661,39.999,40.1225,1650.7575993595,0
ROKT.US,D,20210909,000000,40.0677,40.3657,40.0677,40.1903,3609.5897172621,0
ROKT.US,D,20210910,000000,40.2063,40.3856,39.9701,39.9701,3566.4392146649,0
ROKT.US,D,20210913,000000,39.9701,40.1665,39.9202,40.1665,1680.8626011715,0
ROKT.US,D,20210914,000000,40.4354,40.4354,39.5815,39.6612,6662.2369010017,0
ROKT.US,D,20210915,000000,39.6612,39.8964,39.4818,39.8964,1101.8430663202,0
ROKT.US,D,20210916,000000,39.8604,39.8604,39.5615,39.5615,1639.7190986951,0
ROKT.US,D,20210917,000000,39.5017,39.6513,39.3522,39.6113,2272.9276368081,0
ROKT.US,D,20210920,000000,39.1151,39.2516,38.6866,39.1649,6846.8809121155,0
ROKT.US,D,20210921,000000,39.2726,39.2726,38.856,38.9895,5809.2618496609,0
ROKT.US,D,20210922,000000,39.6183,39.6612,39.5396,39.5396,1374.7950827493,0
ROKT.US,D,20210923,000000,39.6313,40.2571,39.412,40.0309,4521.7712721665,0
ROKT.US,D,20210924,000000,40.1575,40.1575,40.1555,40.1555,773.69854656911,0
ROKT.US,D,20210927,000000,40.586,40.6657,40.4614,40.4614,1998.9721203186,0
ROKT.US,D,20210928,000000,40.4564,40.5032,39.8206,39.8296,2711.4571632033,0
ROKT.US,D,20210929,000000,40.014,40.014,39.8007,39.8007,1423.9665857089,0
ROKT.US,D,20210930,000000,40.0777,40.0777,39.4619,39.4619,2244.8296351169,0
ROKT.US,D,20211001,000000,39.6073,39.9711,39.6073,39.9711,1829.3806101109,0
ROKT.US,D,20211004,000000,40.0289,40.0289,39.5915,39.6373,1006.5105605821,0
ROKT.US,D,20211005,000000,39.8506,39.8754,39.8007,39.8007,930.24455599165,0
ROKT.US,D,20211006,000000,39.1938,39.8017,39.1938,39.8017,5785.1778482113,0
ROKT.US,D,20211007,000000,40.4464,40.4764,40.296,40.296,4354.1867620796,0
ROKT.US,D,20211008,000000,40.3608,40.4754,40.277,40.3846,2848.9366714782,0
ROKT.US,D,20211011,000000,40.3866,40.7523,40.3268,40.3458,2773.6741669481,0
ROKT.US,D,20211012,000000,40.3268,40.6258,40.3268,40.3278,1911.6676150638,0
ROKT.US,D,20211013,000000,40.1395,40.4166,40.1395,40.3548,1513.2780910846,0
ROKT.US,D,20211014,000000,40.5361,40.7853,40.5361,40.7155,2155.5181297412,0
ROKT.US,D,20211015,000000,40.8141,41.0024,40.7345,40.7345,2000.9791204394,0
ROKT.US,D,20211018,000000,40.5062,40.7155,40.5062,40.5959,804.80704844154,0
ROKT.US,D,20211019,000000,40.7543,40.8949,40.7543,40.8949,3541.3517131548,0
ROKT.US,D,20211020,000000,41.129,41.3313,41.1032,41.1231,5907.6048555802,0
ROKT.US,D,20211021,000000,41.0662,41.1729,40.9726,41.1729,1092.8115657766,0
ROKT.US,D,20211022,000000,41.3015,41.3015,41.1171,41.1171,1296.522078038,0
ROKT.US,D,20211025,000000,41.2157,41.2157,41.0672,41.0672,1170.0810704275,0
ROKT.US,D,20211026,000000,40.8929,40.8929,40.5032,40.5032,3759.1112262618,0
ROKT.US,D,20211027,000000,40.3866,40.3866,40.0319,40.0319,1359.7425818432,0
ROKT.US,D,20211028,000000,39.9502,40.0787,39.9502,40.009,1721.0026035876,0
ROKT.US,D,20211029,000000,40.1027,40.1675,40.0419,40.1375,2500.7221505191,0
ROKT.US,D,20211101,000000,40.277,40.552,40.277,40.552,1003.5000604009,0
ROKT.US,D,20211102,000000,40.3677,40.3986,40.3677,40.3986,614.14203696536,0
ROKT.US,D,20211103,000000,40.6358,40.6975,40.4614,40.6975,6139.4133695328,0
ROKT.US,D,20211104,000000,40.9826,41.0324,40.7952,40.9526,3732.016724631,0
ROKT.US,D,20211105,000000,41.2117,41.7678,41.2117,41.7379,3533.3237126716,0
ROKT.US,D,20211108,000000,41.8475,41.8475,41.4519,41.4519,2207.700132882,0
ROKT.US,D,20211109,000000,41.2217,41.6184,41.2217,41.4808,4437.4772670929,0
ROKT.US,D,20211110,000000,41.6362,41.6362,41.1171,41.2357,3861.4682324227,0
ROKT.US,D,20211111,000000,41.153,41.153,40.9786,40.9786,1607.6070967623,0
ROKT.US,D,20211112,000000,41.1121,41.1121,41.0124,41.0932,2637.1981587336,0
ROKT.US,D,20211115,000000,41.4808,41.4808,41.2915,41.3712,4083.2417457713,0
ROKT.US,D,20211116,000000,41.3313,41.3313,41.132,41.132,1438.0155865545,0
ROKT.US,D,20211117,000000,41.152,41.2267,41.0622,41.2267,2140.4656288352,0
ROKT.US,D,20211118,000000,41.2317,41.2317,40.7255,40.8151,2651.2471595792,0
ROKT.US,D,20211119,000000,40.6358,40.6358,40.3816,40.3816,4657.2437803207,0
ROKT.US,D,20211122,000000,40.7952,40.7952,40.3767,40.3767,9080.6720465679,0
ROKT.US,D,20211123,000000,40.3368,40.4046,40.1853,40.3318,2315.0746393449,0
ROKT.US,D,20211124,000000,40.2471,40.287,40.1575,40.2371,2630.1736583108,0
ROKT.US,D,20211126,000000,39.2924,39.2924,38.6268,38.861,4661.2577805623,0
ROKT.US,D,20211129,000000,39.4519,39.4519,38.7762,39.0175,3235.2841947326,0
ROKT.US,D,20211130,000000,38.8062,38.8062,38.0708,38.1056,5506.2048314198,0
ROKT.US,D,20211201,000000,38.7165,38.7165,37.3751,37.3751,3419.9282058463,0
ROKT.US,D,20211202,000000,37.6831,38.5171,37.5446,38.3887,1892.6011139161,0
ROKT.US,D,20211203,000000,38.1006,38.3,38.001,38.3,8821.7690309845,0
ROKT.US,D,20211206,000000,38.9258,39.3054,38.866,39.145,6052.1088642779,0
ROKT.US,D,20211207,000000,39.7808,39.7808,39.5027,39.5027,2099.3221263587,0
ROKT.US,D,20211208,000000,39.721,39.9104,39.721,39.8296,2206.6966328216,0
ROKT.US,D,20211209,000000,39.6513,39.6513,39.5117,39.5317,929.24105593125,0
ROKT.US,D,20211210,000000,39.5117,39.6013,39.4918,39.5935,1986.9301195938,0
ROKT.US,D,20211213,000000,39.0553,39.2406,39.0353,39.2406,2074.2346248487,0
ROKT.US,D,20211214,000000,39.0254,39.2138,38.87,38.87,599.08953605935,0
ROKT.US,D,20211215,000000,38.6467,39.3423,38.4683,39.3423,1430.9910861317,0
ROKT.US,D,20211216,000000,39.4619,39.4619,38.9357,38.9567,1868.5171124665,0
ROKT.US,D,20211217,000000,38.6467,39.0961,38.6467,38.8819,985.4370593137,0
ROKT.US,D,20211220,000000,38.7664,38.7664,37.6612,38.0897,3847.4192315771,0
ROKT.US,D,20211221,000000,38.6158,39.152,38.6158,39.152,4254.8402560999,0
ROKT.US,D,20211222,000000,39.1649,39.2138,39.145,39.2138,1662.7996000843,0
ROKT.US,D,20211223,000000,39.2536,39.7021,39.2536,39.6033,7791.1744689527,0
ROKT.US,D,20211227,000000,39.6821,39.7718,39.5227,39.7718,3999.9512407581,0
ROKT.US,D,20211228,000000,39.981,39.991,39.8276,39.8466,3378.7847033699,0
ROKT.US,D,20211229,000000,39.8714,39.8714,39.5675,39.5675,5008.468801461,0
ROKT.US,D,20211230,000000,39.443,39.8914,39.3632,39.6153,3629.6597184701,0
ROKT.US,D,20211231,000000,39.4928,39.7021,39.4928,39.7021,585.04053521374,0
ROKT.US,D,20220103,000000,39.8754,39.9014,39.7618,39.8734,2339.1586407945,0
ROKT.US,D,20220104,000000,40.2591,40.4584,40.2591,40.4554,1414.9350851653,0
ROKT.US,D,20220105,000000,40.6557,40.6557,39.6023,39.6023,2370.267142667,0
ROKT.US,D,20220106,000000,39.8814,39.8814,39.6323,39.7818,2636.1946586732,0
ROKT.US,D,20220107,000000,40.279,40.279,39.9202,39.9741,6657.2194006997,0
ROKT.US,D,20220110,000000,39.6621,39.6631,39.3134,39.6631,2086.2766255735,0
ROKT.US,D,20220111,000000,39.5426,40.0747,39.5426,40.0747,2040.1156227951,0
ROKT.US,D,20220112,000000,40.002,40.0897,39.9192,39.9192,1725.0166038292,0
ROKT.US,D,20220113,000000,39.8565,39.8565,39.6073,39.6073,1095.8220659578,0
ROKT.US,D,20220114,000000,39.2835,39.7917,39.2835,39.7917,2695.4011622369,0
ROKT.US,D,20220118,000000,39.3732,39.3732,39.1291,39.1291,1408.9140848029,0
ROKT.US,D,20220119,000000,39.145,39.145,38.7664,38.7664,3913.6502355636,0
ROKT.US,D,20220120,000000,38.6567,39.3432,38.4495,38.4673,2627.1631581296,0
ROKT.US,D,20220121,000000,38.1196,38.4345,37.8605,37.8705,4473.6032692673,0
ROKT.US,D,20220124,000000,37.4629,38.1654,36.7265,38.1654,8132.3644894891,0
ROKT.US,D,20220125,000000,37.0543,37.7509,37.0543,37.5237,1314.5850791252,0
ROKT.US,D,20220126,000000,37.8007,38.0389,37.129,37.129,5543.3343336547,0
ROKT.US,D,20220127,000000,37.5526,37.721,36.3279,36.4116,3284.4556976922,0
ROKT.US,D,20220128,000000,36.009,36.6447,36.009,36.6447,2221.7491337276,0
ROKT.US,D,20220131,000000,36.8251,37.3553,36.8251,37.3553,3745.0622254162,0
ROKT.US,D,20220201,000000,37.3134,37.6821,37.3134,37.6821,2411.4106451434,0
ROKT.US,D,20220202,000000,37.3134,37.695,37.3134,37.695,5997.9198610163,0
ROKT.US,D,20220203,000000,37.2835,37.2835,36.9646,36.9646,2207.700132882,0
ROKT.US,D,20220204,000000,36.8001,36.9945,36.5112,36.9467,2032.0876223119,0
ROKT.US,D,20220207,000000,37.0642,37.3015,37.0364,37.0484,3792.2267282551,0
ROKT.US,D,20220208,000000,37.3633,37.5386,37.3633,37.5386,559.95303370371,0
ROKT.US,D,20220209,000000,37.701,38.0887,37.701,38.0299,3301.515198719,0
ROKT.US,D,20220210,000000,37.9551,38.2192,37.2247,37.2247,897.12905399842,0
ROKT.US,D,20220211,000000,37.2835,37.3433,36.8361,37.137,3611.5967173829,0
ROKT.US,D,20220214,000000,36.8251,36.8749,36.7613,36.7613,2465.5996484051,0
ROKT.US,D,20220215,000000,37.1838,37.6812,37.1838,37.6064,1305.5535785816,0
ROKT.US,D,20220216,000000,37.6812,37.9601,37.5446,37.9123,1927.7236160302,0
ROKT.US,D,20220217,000000,37.3731,37.5914,37.3731,37.4191,882.07655309241,0
ROKT.US,D,20220218,000000,37.3731,37.3731,37.0543,37.0543,920.20955538764,0
ROKT.US,D,20220222,000000,36.8949,37.0444,36.7863,36.8141,1669.8241005071,0
ROKT.US,D,20220223,000000,37.2835,37.2835,36.2591,36.2591,4027.0457423889,0
ROKT.US,D,20220224,000000,35.6313,37.5107,35.6313,37.5107,5236.263315172,0
ROKT.US,D,20220225,000000,38.1296,38.4475,38.1296,38.4105,1729.0306040708,0
ROKT.US,D,20220228,000000,38.0996,39.6523,38.0996,39.6513,7387.7674446716,0
ROKT.US,D,20220301,000000,39.4828,39.6621,39.4579,39.4629,1449.0540872189,0
ROKT.US,D,20220302,000000,40.0209,40.1455,39.7618,40.1455,2458.5751479823,0
ROKT.US,D,20220303,000000,39.9162,39.9162,39.7588,39.7588,896.12555393802,0
ROKT.US,D,20220304,000000,39.5426,39.7549,39.3134,39.7549,1054.6785634814,0
ROKT.US,D,20220307,000000,40.0199,40.3986,39.5565,39.5565,3350.6867016787,0
ROKT.US,D,20220308,000000,39.5327,39.5785,38.9785,38.9785,1312.5780790044,0
ROKT.US,D,20220309,000000,39.3294,39.5825,39.3294,39.4659,936.26555635406,0
ROKT.US,D,20220310,000000,39.3832,39.5725,39.1839,39.418,3034.5841826524,0
ROKT.US,D,20220311,000000,39.5027,39.6023,38.8959,38.8959,2483.6626494923,0
ROKT.US,D,20220314,000000,39.1938,39.1938,38.3388,38.4763,1999.975620379,0
ROKT.US,D,20220315,000000,38.9008,39.0523,38.6686,39.0523,1853.4646115605,0
ROKT.US,D,20220316,000000,38.9357,39.1589,38.6368,39.1589,1360.7460819036,0
ROKT.US,D,20220317,000000,39.2237,39.9572,39.2237,39.9572,1346.697081058,0
ROKT.US,D,20220318,000000,39.8116,40.3946,39.8116,40.3946,1443.0330868565,0
ROKT.US,D,20220321,000000,40.6427,40.8969,40.5879,40.7437,3482.1452095912,0
ROKT.US,D,20220322,000000,40.9068,41.1576,40.8809,41.0916,2052.1576235199,0
ROKT.US,D,20220323,000000,41.0563,41.0862,40.7027,40.7027,3090.7801860348,0
ROKT.US,D,20220324,000000,41.3592,41.3592,41.3592,41.3592,340.18652047591,0
ROKT.US,D,20220325,000000,41.3353,41.6442,41.0563,41.6302,2718.4816636261,0
ROKT.US,D,20220328,000000,41.4549,41.4549,41.2357,41.2365,820.86304940795,0
ROKT.US,D,20220329,000000,41.1958,41.5493,41.1958,41.5493,1621.6560976079,0
ROKT.US,D,20220330,000000,41.7539,41.7539,41.5534,41.5534,1274.4450767092,0
ROKT.US,D,20220331,000000,41.0962,41.0962,41.0962,41.0962,271.94851636865,0
ROKT.US,D,20220401,000000,41.3353,41.4551,40.9766,41.4551,2569.9636546868,0
ROKT.US,D,20220404,000000,41.5147,41.5147,41.2556,41.4083,1601.5860963999,0
ROKT.US,D,20220405,000000,41.0563,41.0862,40.8712,40.8712,2335.1446405529,0
ROKT.US,D,20220406,000000,40.5879,40.6588,40.5082,40.6588,3319.5781998062,0
ROKT.US,D,20220407,000000,40.4484,41.0164,40.4484,40.9059,2838.9016708742,0
ROKT.US,D,20220408,000000,40.7573,40.9094,40.4026,40.4026,1071.7380645082,0
ROKT.US,D,20220411,000000,40.5082,40.5082,40.2247,40.2247,947.30405701847,0
ROKT.US,D,20220412,000000,40.3089,40.9068,40.3089,40.3986,7248.2809362758,0
ROKT.US,D,20220413,000000,40.7773,40.851,40.7728,40.851,858.99605170319,0
ROKT.US,D,20220414,000000,41.0164,41.0164,40.9747,40.9747,1107.8640666826,0
ROKT.US,D,20220418,000000,40.9855,40.9855,40.7175,40.8212,667.32754016661,0
ROKT.US,D,20220419,000000,41.1161,41.4843,41.1161,41.327,1180.1160710315,0
ROKT.US,D,20220420,000000,41.4649,41.5791,41.3583,41.3583,1705.9501026816,0
ROKT.US,D,20220421,000000,41.3951,41.3951,40.2292,40.2292,1885.5766134933,0
ROKT.US,D,20220422,000000,40.9068,40.9068,39.5915,39.5915,5023.521302367,0
ROKT.US,D,20220425,000000,38.9444,39.4519,38.7444,39.4519,3683.8487217318,0
ROKT.US,D,20220426,000000,39.7509,39.7509,38.7145,38.7145,2725.5061640489,0
ROKT.US,D,20220427,000000,38.4653,38.8242,38.4653,38.5586,3544.362213336,0
ROKT.US,D,20220428,000000,38.5949,38.864,38.5152,38.864,3079.7416853704,0
ROKT.US,D,20220429,000000,39.1121,39.1121,37.7934,37.7934,1073.745064629,0
ROKT.US,D,20220502,000000,37.8874,37.9472,37.8475,37.9373,1488.1905895746,0
ROKT.US,D,20220503,000000,38.3258,38.344,38.2661,38.2661,363.26702186513,0
ROKT.US,D,20220504,000000,38.3647,39.4191,38.2517,39.4191,759.6495457235,0
ROKT.US,D,20220505,000000,38.4198,38.4198,38.3751,38.3751,647.25753895859,0
ROKT.US,D,20220506,000000,38.0084,38.0148,37.7877,38.0148,2910.1501751627,0
ROKT.US,D,20220509,000000,37.15,37.15,36.4424,36.4424,3181.0951914709,0
ROKT.US,D,20220510,000000,36.2331,36.4911,36.2331,36.4911,3174.0706910481,0
ROKT.US,D,20220511,000000,36.7168,36.7763,35.9651,35.9651,934.25855623326,0
ROKT.US,D,20220512,000000,35.7299,35.8744,35.7299,35.8721,905.15705448163,0
ROKT.US,D,20220513,000000,36.3129,36.7414,36.3129,36.6918,975.40205870969,0
ROKT.US,D,20220516,000000,36.8982,36.9606,36.7048,36.7048,2903.1256747399,0
ROKT.US,D,20220517,000000,37.5597,37.5597,37.5597,37.5597,96.336005798488,0
ROKT.US,D,20220518,000000,36.9987,37.0104,36.5952,36.5952,3406.8827050611,0
ROKT.US,D,20220519,000000,36.227,36.572,36.2233,36.4524,2705.4361628409,0
ROKT.US,D,20220520,000000,35.7947,36.1111,35.5605,36.1111,2267.9101365061,0
ROKT.US,D,20220523,000000,36.1136,36.7315,36.1136,36.7315,617.15253714657,0
ROKT.US,D,20220524,000000,36.4225,36.6668,36.3029,36.6668,523.82703152928,0
ROKT.US,D,20220525,000000,36.8583,37.0956,36.8583,37.0956,1198.1790721187,0
ROKT.US,D,20220526,000000,37.559,37.559,37.559,37.559,219.7665132278,0
ROKT.US,D,20220527,000000,37.8675,38.4491,37.8675,38.4491,1004.5035604613,0
ROKT.US,D,20220531,000000,38.0576,38.0576,38.0576,38.0576,253.88551528143,0
ROKT.US,D,20220601,000000,37.429,38.0169,37.429,37.9535,1296.522078038,0
ROKT.US,D,20220602,000000,37.8775,38.6123,37.8775,38.6123,2568.9601546264,0
ROKT.US,D,20220603,000000,38.2561,38.4886,38.2561,38.4886,927.23405581045,0
ROKT.US,D,20220606,000000,38.6149,38.7444,38.6149,38.6739,1893.6046139765,0
ROKT.US,D,20220607,000000,38.6647,39.1568,38.6647,39.1568,622.17003744857,0
ROKT.US,D,20220608,000000,38.5,38.5,38.5,38.5,450.57152712001,0
ROKT.US,D,20220609,000000,38.1764,38.1764,37.6881,37.6881,727.53754379067,0
ROKT.US,D,20220610,000000,36.8211,36.8805,36.8211,36.8805,592.06503563654,0
ROKT.US,D,20220613,000000,35.7947,35.7947,35.416,35.4855,1663.8031001447,0
ROKT.US,D,20220614,000000,35.3164,35.3164,35.0274,35.1769,4248.8192557375,0
ROKT.US,D,20220615,000000,35.2476,35.8545,35.2476,35.5755,1951.8076174798,0
ROKT.US,D,20220616,000000,34.878,34.878,34.0466,34.0466,1323.6165796688,0
ROKT.US,D,20220617,000000,33.8615,34.3498,33.8615,34.3498,2035.0981224931,0
ROKT.US,D,20220621,000000,35.1949,35.1949,34.9027,34.9526,1441.7743885464,0
ROKT.US,D,20220622,000000,35.0424,35.0424,34.773,34.773,539.0372627088,0
ROKT.US,D,20220623,000000,34.6532,34.6786,34.6532,34.6704,453.8733829128,0
ROKT.US,D,20220624,000000,35.4367,35.7111,35.4367,35.6084,4005.7081344048,0
ROKT.US,D,20220627,000000,35.5714,35.801,35.5492,35.6847,1673.219755992,0
ROKT.US,D,20220628,000000,35.2217,35.2217,35.2217,35.2217,99.1908717624,0
ROKT.US,D,20220629,000000,34.5334,34.8732,34.5334,34.8732,330.636239208,0
ROKT.US,D,20220630,000000,35.1763,35.1763,35.1763,35.1763,409.7885510184,0
ROKT.US,D,20220701,000000,35.4117,35.4911,35.4117,35.4911,514.9909907664,0
ROKT.US,D,20220705,000000,34.2739,34.8631,34.2739,34.8631,315.607319244,0
ROKT.US,D,20220706,000000,34.8328,35.0501,34.8328,35.0501,398.7673430448,0
ROKT.US,D,20220707,000000,35.7424,35.7424,35.7424,35.7424,179.3451115704,0
ROKT.US,D,20220708,000000,35.6812,35.7697,35.6812,35.7697,5534.6502587424,0
ROKT.US,D,20220711,000000,35.3918,35.3918,35.02,35.02,429.8271109704,0
ROKT.US,D,20220712,000000,35.2927,35.2927,35.0462,35.0565,283.5456233208,0
ROKT.US,D,20220713,000000,34.3637,34.8029,34.3637,34.8029,639.2300624688,0
ROKT.US,D,20220714,000000,34.3538,34.5737,34.3538,34.5737,963.8547336912,0
ROKT.US,D,20220715,000000,34.6931,35.091,34.6831,35.091,3596.921511384,0
ROKT.US,D,20220718,000000,35.0334,35.0334,35.0334,35.0334,125.2409997,0
ROKT.US,D,20220719,000000,35.9207,36.3194,35.9207,36.3194,1256.4177089904,0
ROKT.US,D,20220720,000000,36.4197,36.7044,36.4168,36.7044,5080.7768758296,0
ROKT.US,D,20220721,000000,36.6294,36.8995,36.6294,36.8995,450.86759892,0
ROKT.US,D,20220722,000000,36.8491,36.8491,36.3648,36.3648,998.9222136072,0
ROKT.US,D,20220725,000000,36.4896,36.5012,36.3699,36.5012,963.8547336912,0
ROKT.US,D,20220726,000000,36.29,36.4298,36.29,36.4298,1605.0886521552,0
ROKT.US,D,20220727,000000,36.7691,37.0777,36.6693,37.0777,938.8065337512,0
ROKT.US,D,20220728,000000,37.7246,37.9705,37.7246,37.9705,537.0334067136,0
ROKT.US,D,20220729,000000,37.9967,38.6964,37.9967,38.6964,708.3630943032,0
ROKT.US,D,20220801,000000,38.6056,38.6945,38.6056,38.6945,884.7024218808,0
ROKT.US,D,20220802,000000,38.5357,38.925,38.4858,38.7453,1149.2114132472,0
ROKT.US,D,20220803,000000,38.7254,39.3842,38.7253,39.3842,3565.8617434584,0
ROKT.US,D,20220804,000000,39.4939,39.4939,39.3571,39.3571,617.1876465216,0
ROKT.US,D,20220805,000000,38.7653,38.8912,38.6155,38.8912,3055.88039268,0
ROKT.US,D,20220808,000000,39.2743,39.2743,38.7453,38.7822,476.9177268576,0
ROKT.US,D,20220809,000000,38.6708,38.6708,38.6708,38.6708,128.2467836928,0
ROKT.US,D,20220810,000000,39.1146,39.4836,39.1146,39.4836,1062.043677456,0
ROKT.US,D,20220811,000000,39.7334,39.8731,39.5616,39.644,2835.456233208,0
ROKT.US,D,20220812,000000,39.7044,40.7036,39.7044,40.7036,2063.971675056,0
ROKT.US,D,20220815,000000,40.482,40.5782,40.462,40.5782,726.39779826,0
ROKT.US,D,20220816,000000,40.6726,40.7115,40.6595,40.6595,784.5096221208,0
ROKT.US,D,20220817,000000,40.1127,40.1127,39.8532,39.9829,4321.3154536488,0
ROKT.US,D,20220818,000000,39.9509,40.1712,39.9509,40.1712,582.1201666056,0
ROKT.US,D,20220819,000000,39.6735,39.6735,39.4539,39.4539,1286.4755489184,0
ROKT.US,D,20220822,000000,39.1146,39.1146,38.5357,38.5956,11532.191252376,0
ROKT.US,D,20220823,000000,38.7752,38.7752,38.5141,38.5141,538.0353347112,0
ROKT.US,D,20220824,000000,38.4958,38.8763,38.4958,38.8763,310.597679256,0
ROKT.US,D,20220825,000000,39.5606,39.5606,39.5606,39.5606,221.4260874696,0
ROKT.US,D,20220826,000000,38.347,38.347,38.226,38.226,463.8926628888,0
ROKT.US,D,20220829,000000,38.1265,38.1561,37.9839,37.9839,686.320678356,0
ROKT.US,D,20220830,000000,37.4179,37.418,37.358,37.3686,786.513478116,0
ROKT.US,D,20220831,000000,37.3181,37.3181,37.2519,37.2519,1681.2351799728,0
ROKT.US,D,20220901,000000,36.7591,36.7591,36.6796,36.6796,539.0372627088,0
ROKT.US,D,20220902,000000,37.0685,37.0982,36.3624,36.3624,1487.863076436,0
ROKT.US,D,20220906,000000,36.3,36.3825,36.3,36.3825,1076.0706694224,0
ROKT.US,D,20220907,000000,36.5694,37.089,36.5694,37.089,452.8714549152,0
ROKT.US,D,20220908,000000,37.0586,37.1955,37.0586,37.1955,403.7769830328,0
ROKT.US,D,20220909,000000,37.3979,37.7836,37.3979,37.7836,995.9164296144,0
ROKT.US,D,20220912,000000,37.927,38.0111,37.927,38.0111,1281.4659089304,0
ROKT.US,D,20220913,000000,37.927,37.927,36.8473,36.8473,338.6516631888,0
ROKT.US,D,20220914,000000,36.819,37.358,36.819,37.358,1691.2544599488,0
ROKT.US,D,20220915,000000,37.328,37.328,36.8789,36.8789,893.7197738592,0
ROKT.US,D,20220916,000000,36.0305,36.3071,36.0106,36.3071,815.5693900464,0
ROKT.US,D,20220919,000000,36.32,36.6,36.32,36.6,619,0
ROKT.US,D,20220920,000000,36.2704,36.2704,36.2704,36.2704,151,0
ROKT.US,D,20220921,000000,35.9216,35.9216,35.9216,35.9216,129,0
ROKT.US,D,20220922,000000,35.2276,35.2276,35.04,35.0833,766,0
ROKT.US,D,20220923,000000,34.183,34.183,33.93,34.0776,1343,0
ROKT.US,D,20220926,000000,34,34,33.7189,33.7616,1094,0
ROKT.US,D,20220927,000000,33.99,33.99,33.5931,33.5931,461,0
ROKT.US,D,20220928,000000,34.1,34.4022,34.1,34.4022,1633,0
ROKT.US,D,20220929,000000,33.49,33.5077,33.49,33.5077,850,0
ROKT.US,D,20220930,000000,33.4575,33.74,33.2424,33.2424,1780,0
ROKT.US,D,20221003,000000,34.32,34.54,34.27,34.53,5380,0
ROKT.US,D,20221004,000000,35.6988,35.8702,35.59,35.8702,809,0
ROKT.US,D,20221005,000000,35.71,35.7141,35.7,35.7141,444,0
ROKT.US,D,20221006,000000,35.6122,35.6122,35.6122,35.6122,49,0
ROKT.US,D,20221007,000000,34.95,34.9971,34.95,34.9781,4711,0
ROKT.US,D,20221010,000000,35,35,34.9568,34.9568,203,0
ROKT.US,D,20221011,000000,34.46,34.7,34.46,34.7,367,0
ROKT.US,D,20221012,000000,34.0822,34.0822,34.0822,34.0822,118,0
ROKT.US,D,20221013,000000,33.13,34.77,33.13,34.76,1184,0
ROKT.US,D,20221014,000000,33.865,33.865,33.69,33.69,2597,0
ROKT.US,D,20221017,000000,34.74,34.762,34.74,34.762,492,0
ROKT.US,D,20221018,000000,35.16,35.64,35.16,35.64,1070,0
ROKT.US,D,20221019,000000,35.4294,35.4294,35.4294,35.4294,92,0
ROKT.US,D,20221020,000000,35.735,35.735,35.3354,35.3354,297,0
ROKT.US,D,20221021,000000,35.94,36.1656,35.9,36.1656,2818,0
ROKT.US,D,20221024,000000,36.3159,36.3159,36.3159,36.3159,66,0
ROKT.US,D,20221025,000000,36.9242,36.9242,36.9242,36.9242,159,0
ROKT.US,D,20221026,000000,36.81,36.8447,36.81,36.8447,461,0
ROKT.US,D,20221027,000000,37.1245,37.1245,37.1245,37.1245,130,0
ROKT.US,D,20221028,000000,37.41,38.1569,37.41,38.1569,681,0
ROKT.US,D,20221031,000000,37.61,38.14,37.61,38.14,1278,0
ROKT.US,D,20221101,000000,38.47,38.47,38.3192,38.3192,234,0
ROKT.US,D,20221102,000000,38.161,38.23,37.5274,37.5274,3314,0
ROKT.US,D,20221103,000000,37.76,37.76,37.5574,37.5574,588,0
ROKT.US,D,20221104,000000,38.11,38.24,38.11,38.24,1518,0
ROKT.US,D,20221107,000000,38.36,38.7686,38.36,38.7686,386,0
ROKT.US,D,20221108,000000,38.62,39.01,38.62,38.86,1510,0
ROKT.US,D,20221109,000000,38.57,38.57,38.0436,38.0436,774,0
ROKT.US,D,20221110,000000,39.4146,39.8121,39.4146,39.8121,407,0
ROKT.US,D,20221111,000000,39.29,39.44,39.29,39.3075,567,0
ROKT.US,D,20221114,000000,39.05,39.1997,38.8211,38.8211,693,0
ROKT.US,D,20221115,000000,39.2201,39.3504,39.2201,39.3504,472,0
ROKT.US,D,20221116,000000,39.57,39.57,39.0356,39.0356,607,0
ROKT.US,D,20221117,000000,38.844,38.844,38.844,38.844,134,0
ROKT.US,D,20221118,000000,39.085,39.1561,39.085,39.1561,414,0
ROKT.US,D,20221121,000000,38.8,39.18,38.8,39,608,0
ROKT.US,D,20221122,000000,39.18,39.35,39.18,39.2921,464,0
ROKT.US,D,20221123,000000,39.26,39.3486,39.17,39.3486,491,0
ROKT.US,D,20221125,000000,39.2301,39.5335,39.2301,39.5335,755,0
ROKT.US,D,20221128,000000,39.01,39.01,38.6608,38.6608,342,0
ROKT.US,D,20221129,000000,38.6425,38.6425,38.5642,38.5642,701,0
ROKT.US,D,20221130,000000,39.28,39.5404,39.28,39.5404,1317,0
ROKT.US,D,20221201,000000,39.62,39.8039,39.62,39.8039,607,0
ROKT.US,D,20221202,000000,39.995,40.3124,39.995,40.3124,1199,0
ROKT.US,D,20221205,000000,39.7576,39.825,39.528,39.528,1781,0
ROKT.US,D,20221206,000000,39.3632,39.3632,38.773,38.773,191,0
ROKT.US,D,20221207,000000,38.93,38.93,38.5889,38.5889,323,0
ROKT.US,D,20221208,000000,39.16,39.16,38.8456,38.8456,426,0
ROKT.US,D,20221209,000000,38.81,38.81,38.53,38.53,379,0
ROKT.US,D,20221212,000000,38.36,39.0289,38.36,39.0289,1766,0
ROKT.US,D,20221213,000000,39.11,39.16,39.04,39.1387,1568,0
ROKT.US,D,20221214,000000,39.09,39.41,39.0407,39.0407,421,0
ROKT.US,D,20221215,000000,38.0187,38.0187,38.0187,38.0187,110,0
ROKT.US,D,20221216,000000,39.14,39.42,39.14,39.42,1269,0
ROKT.US,D,20221219,000000,39.31,39.31,38.8384,38.8384,346,0
ROKT.US,D,20221220,000000,39.2,39.2,39.0328,39.0328,392,0
ROKT.US,D,20221221,000000,39.63,39.665,39.54,39.6323,2836,0
ROKT.US,D,20221222,000000,39.1899,39.1899,38.86,38.9635,3844,0
ROKT.US,D,20221223,000000,38.955,39.1895,38.955,39.1895,589,0
ROKT.US,D,20221227,000000,39.18,39.18,39.01,39.01,853,0
ROKT.US,D,20221228,000000,38.83,38.83,38.6328,38.6328,408,0
ROKT.US,D,20221229,000000,39.2219,39.2219,39.2,39.2,733,0
ROKT.US,D,20221230,000000,39.115,39.3421,39.115,39.3421,262,0
ROKT.US,D,20230103,000000,39.48,39.48,39.18,39.31,1441,0
ROKT.US,D,20230104,000000,39.6001,39.653,39.5,39.653,496,0
ROKT.US,D,20230105,000000,39.32,39.6506,39.32,39.6506,2289,0
ROKT.US,D,20230106,000000,40.11,40.622,40.11,40.5587,3480,0
ROKT.US,D,20230109,000000,40.99,40.99,40.33,40.3446,5253,0
ROKT.US,D,20230110,000000,40.49,40.6152,40.23,40.6152,1778,0
ROKT.US,D,20230111,000000,40.69,41.0313,40.69,41.0313,2537,0
ROKT.US,D,20230112,000000,41.38,41.5408,41.38,41.5408,900,0
ROKT.US,D,20230113,000000,41.66,41.66,41.38,41.6263,1312,0
ROKT.US,D,20230117,000000,41.88,41.88,41.5999,41.7367,1262,0
ROKT.US,D,20230118,000000,41.61,41.61,40.898,40.898,1453,0
ROKT.US,D,20230119,000000,40.49,40.49,40.2878,40.2878,538,0
ROKT.US,D,20230120,000000,40.56,40.7943,40.5342,40.7943,1970,0
ROKT.US,D,20230123,000000,41.18,41.2097,41.0769,41.1872,4311,0
ROKT.US,D,20230124,000000,41.051,41.4034,41.051,41.4034,722,0
ROKT.US,D,20230125,000000,40.87,41.6799,40.84,41.604,8723,0
ROKT.US,D,20230126,000000,41.66,41.85,41.45,41.68,5281,0
ROKT.US,D,20230127,000000,41.54,41.7957,41.54,41.7957,3789,0
ROKT.US,D,20230130,000000,41.37,41.64,41.37,41.45,624,0
ROKT.US,D,20230131,000000,41.29,42.16,41.29,42.16,2683,0
ROKT.US,D,20230201,000000,42.19,42.3401,41.9154,42.3401,3126,0
ROKT.US,D,20230202,000000,42.75,42.75,42.63,42.7459,766,0
ROKT.US,D,20230203,000000,42.7997,42.7997,42.38,42.428,1882,0
ROKT.US,D,20230206,000000,42.6,42.6,42.2328,42.2328,1082,0
ROKT.US,D,20230207,000000,42.14,42.49,41.98,42.49,961,0
ROKT.US,D,20230208,000000,42.039,42.039,41.9482,41.9482,381,0
ROKT.US,D,20230209,000000,41.77,41.77,41.4048,41.4048,548,0
ROKT.US,D,20230210,000000,41.6899,41.6899,41.6899,41.6899,322,0
ROKT.US,D,20230213,000000,41.955,41.955,41.955,41.955,261,0
ROKT.US,D,20230214,000000,41.88,42.295,41.88,42.2934,1083,0
ROKT.US,D,20230215,000000,42.9092,42.9092,42.9092,42.9092,288,0
ROKT.US,D,20230216,000000,43.12,43.15,42.6832,42.6832,1033,0
ROKT.US,D,20230217,000000,42.6454,43.0777,42.6454,43.0777,595,0
ROKT.US,D,20230221,000000,42.91,42.91,42.1483,42.1483,826,0
ROKT.US,D,20230222,000000,42.03,42.15,42.03,42.0439,1071,0
ROKT.US,D,20230223,000000,42.2562,42.2562,42.2562,42.2562,121,0
ROKT.US,D,20230224,000000,41.66,41.9507,41.65,41.94,1415,0
ROKT.US,D,20230227,000000,42.17,42.17,42.04,42.0401,5569,0
ROKT.US,D,20230228,000000,42.0141,42.19,41.9232,41.9232,921,0
ROKT.US,D,20230301,000000,41.76,41.76,41.56,41.59,1627,0
ROKT.US,D,20230302,000000,41.555,41.97,41.555,41.97,544,0
ROKT.US,D,20230303,000000,42.2,42.5586,42.2,42.5586,1229,0
ROKT.US,D,20230306,000000,42.58,42.63,42.24,42.3,3355,0
ROKT.US,D,20230307,000000,42.24,42.24,41.94,41.94,1212,0
ROKT.US,D,20230308,000000,41.9,41.98,41.88,41.88,614,0
ROKT.US,D,20230309,000000,41.6,41.6001,41.11,41.11,769,0
ROKT.US,D,20230310,000000,40.75,40.75,40.4361,40.4361,515,0
ROKT.US,D,20230313,000000,40.55,40.55,40.26,40.26,701,0
ROKT.US,D,20230314,000000,40.52,41.06,40.38,40.7082,4687,0
ROKT.US,D,20230315,000000,40.15,40.15,39.57,39.6736,463,0
ROKT.US,D,20230316,000000,40.15,40.1538,40.15,40.1538,389,0
ROKT.US,D,20230317,000000,39.255,39.255,39.24,39.24,397,0
ROKT.US,D,20230320,000000,39.56,39.56,39.56,39.56,198,0
ROKT.US,D,20230321,000000,39.99,39.99,39.99,39.99,154,0
ROKT.US,D,20230322,000000,39.27,39.27,39.27,39.27,461,0
ROKT.US,D,20230323,000000,39.69,39.69,38.95,39.2347,2753,0
ROKT.US,D,20230324,000000,38.95,39.4527,38.95,39.4527,637,0
ROKT.US,D,20230327,000000,39.685,39.7346,39.685,39.7346,490,0
ROKT.US,D,20230328,000000,39.7901,39.7901,39.7157,39.7157,182,0
ROKT.US,D,20230329,000000,40.035,40.192,40.035,40.192,277,0
ROKT.US,D,20230330,000000,40.45,40.45,40.4091,40.4091,169,0
ROKT.US,D,20230331,000000,40.39,40.82,40.39,40.82,614,0
ROKT.US,D,20230403,000000,41.1,41.1,40.75,41.0528,706,0
ROKT.US,D,20230404,000000,40.5112,40.5112,40.34,40.3793,1139,0
ROKT.US,D,20230405,000000,40.23,40.23,39.8998,39.8998,1357,0
ROKT.US,D,20230406,000000,39.8546,39.8546,39.8546,39.8546,147,0
ROKT.US,D,20230410,000000,40.2106,40.3463,40.2106,40.3463,3414,0
ROKT.US,D,20230411,000000,40.3851,40.3851,40.3851,40.3851,289,0
ROKT.US,D,20230412,000000,40.65,40.65,40.3462,40.3462,408,0
ROKT.US,D,20230413,000000,40.78,40.8037,40.7417,40.7417,778,0
ROKT.US,D,20230414,000000,40.35,40.35,40.3085,40.3085,389,0
ROKT.US,D,20230417,000000,40.7,40.7249,40.58,40.7249,573,0
ROKT.US,D,20230418,000000,40.8117,40.8117,40.8117,40.8117,229,0
ROKT.US,D,20230419,000000,40.74,40.74,40.6642,40.6642,452,0
ROKT.US,D,20230420,000000,40.64,40.7652,40.64,40.7652,847,0
ROKT.US,D,20230421,000000,40.75,40.75,40.57,40.6835,728,0
ROKT.US,D,20230424,000000,40.68,40.68,40.6102,40.66,2237,0
ROKT.US,D,20230425,000000,40.0814,40.0814,40.003,40.003,499,0
ROKT.US,D,20230426,000000,39.64,39.6655,39.3732,39.3732,746,0
ROKT.US,D,20230427,000000,39.64,40.0296,39.64,40.0296,535,0
ROKT.US,D,20230428,000000,40.25,40.2982,40.25,40.2982,351,0
ROKT.US,D,20230501,000000,40.55,40.55,40.5208,40.5208,322,0
ROKT.US,D,20230502,000000,40.64,40.64,40.06,40.06,610,0
ROKT.US,D,20230503,000000,40.15,40.3874,39.9547,39.9547,589,0
ROKT.US,D,20230504,000000,39.7041,39.7041,39.7041,39.7041,340,0
ROKT.US,D,20230505,000000,40.0164,40.3629,40.0164,40.2688,438,0
ROKT.US,D,20230508,000000,40.3418,40.3418,40.2394,40.2394,240,0
ROKT.US,D,20230509,000000,40.32,40.54,40.3,40.5025,1636,0
ROKT.US,D,20230510,000000,40.589,40.589,40.589,40.589,144,0
ROKT.US,D,20230511,000000,40.2668,40.2668,40.2668,40.2668,101,0
ROKT.US,D,20230512,000000,40.13,40.13,39.89,40.1273,2462,0
ROKT.US,D,20230515,000000,40.5264,40.5794,40.5264,40.5794,395,0
ROKT.US,D,20230516,000000,40.23,40.368,40.23,40.2834,799,0
ROKT.US,D,20230517,000000,40.98,40.9912,40.9733,40.9733,355,0
ROKT.US,D,20230518,000000,41.2829,41.2829,41.2829,41.2829,690,0
ROKT.US,D,20230519,000000,41.05,41.1346,41.05,41.1346,1022,0
ROKT.US,D,20230522,000000,41.54,41.9259,41.54,41.9259,597,0
ROKT.US,D,20230523,000000,41.8,41.8,41.1607,41.1607,928,0
ROKT.US,D,20230524,000000,40.56,40.5646,40.56,40.5646,779,0
ROKT.US,D,20230525,000000,40.19,40.3118,40.19,40.3118,1601,0
ROKT.US,D,20230526,000000,40.53,40.5475,40.53,40.5475,495,0
ROKT.US,D,20230530,000000,40.735,40.735,40.6051,40.6051,336,0
ROKT.US,D,20230531,000000,40.09,40.26,40.09,40.1204,360,0
ROKT.US,D,20230601,000000,40.77,40.77,40.6759,40.6759,605,0
ROKT.US,D,20230602,000000,41.2,41.829,41.2,41.829,481,0
ROKT.US,D,20230605,000000,41.3542,41.3542,41.3124,41.3124,702,0
ROKT.US,D,20230606,000000,41.87,41.9015,41.7549,41.9015,1803,0
ROKT.US,D,20230607,000000,42.51,42.51,42.345,42.485,2100,0
ROKT.US,D,20230608,000000,42.6899,42.6899,42.6899,42.6899,147,0
ROKT.US,D,20230609,000000,41.9906,41.9906,41.9906,41.9906,344,0
ROKT.US,D,20230612,000000,42.4062,42.4062,42.4062,42.4062,282,0
ROKT.US,D,20230613,000000,43,43,42.7869,42.7869,709,0
ROKT.US,D,20230614,000000,43.05,43.06,42.6526,42.6526,2404,0
ROKT.US,D,20230615,000000,42.46,42.8878,42.46,42.8878,593,0
ROKT.US,D,20230616,000000,43.5,43.5,43.2739,43.2739,845,0
ROKT.US,D,20230620,000000,43.03,43.7099,43.03,43.6646,910,0
ROKT.US,D,20230621,000000,43.34,43.6272,43.34,43.6272,260,0
ROKT.US,D,20230622,000000,43.1349,43.1349,43.1349,43.1349,200,0
ROKT.US,D,20230623,000000,42.42,42.4201,42.3436,42.3436,461,0
ROKT.US,D,20230626,000000,42.46,42.46,42.27,42.3944,1931,0
ROKT.US,D,20230627,000000,42.74,42.917,42.74,42.917,337,0
ROKT.US,D,20230628,000000,42.825,43.035,42.825,43.034,615,0
ROKT.US,D,20230629,000000,43.4714,43.4714,43.4714,43.4714,121,0
ROKT.US,D,20230630,000000,43.6001,43.86,43.6001,43.7587,1459,0
ROKT.US,D,20230703,000000,43.7809,43.7809,43.7809,43.7809,184,0
ROKT.US,D,20230705,000000,43.7,43.7,43.5415,43.6252,790,0
ROKT.US,D,20230706,000000,43.07,43.0989,43.07,43.0989,624,0
ROKT.US,D,20230707,000000,43.57,43.57,43.499,43.499,556,0
ROKT.US,D,20230710,000000,43.49,43.91,43.49,43.91,518,0
ROKT.US,D,20230711,000000,44,44.3909,44,44.3909,1812,0
ROKT.US,D,20230712,000000,44.2271,44.2271,44.2271,44.2271,172,0
ROKT.US,D,20230713,000000,44.16,44.2844,44.16,44.2844,495,0
ROKT.US,D,20230714,000000,44.14,44.14,43.6319,43.6319,1685,0
ROKT.US,D,20230717,000000,44.06,44.19,44.06,44.1419,435,0
ROKT.US,D,20230718,000000,44.4519,44.4519,44.354,44.354,385,0
ROKT.US,D,20230719,000000,44.34,44.3649,44.34,44.3649,473,0
ROKT.US,D,20230720,000000,44.4602,44.4934,44.4567,44.4567,799,0
ROKT.US,D,20230721,000000,44.27,44.27,44.2278,44.2278,402,0
ROKT.US,D,20230724,000000,44.2453,44.2453,44.2453,44.2453,312,0
ROKT.US,D,20230725,000000,43.64,43.9453,43.56,43.9453,911,0
ROKT.US,D,20230726,000000,43.89,43.9998,43.89,43.9998,565,0
ROKT.US,D,20230727,000000,44.08,44.08,43.0037,43.069,2102,0
ROKT.US,D,20230728,000000,43.51,43.5631,43.5099,43.5631,645,0
ROKT.US,D,20230731,000000,43.52,43.9351,43.52,43.9351,1938,0
ROKT.US,D,20230801,000000,44.07,44.07,43.7603,43.8845,1396,0
ROKT.US,D,20230802,000000,43.27,43.2796,43.265,43.2691,1174,0
ROKT.US,D,20230803,000000,43.1438,43.1438,43.1438,43.1438,54,0
ROKT.US,D,20230804,000000,43.1972,43.1972,43.1972,43.1972,116,0
ROKT.US,D,20230807,000000,43.3411,43.3411,43.3411,43.3411,148,0
ROKT.US,D,20230808,000000,42.9163,43.0983,42.9163,43.0983,371,0
ROKT.US,D,20230809,000000,42.9489,42.9489,42.9489,42.9489,150,0
ROKT.US,D,20230810,000000,42.8081,42.8081,42.8081,42.8081,184,0
ROKT.US,D,20230811,000000,42.51,42.95,42.51,42.95,693,0
ROKT.US,D,20230814,000000,42.66,43.0499,42.66,43.0027,1368,0
ROKT.US,D,20230815,000000,42.4062,42.4062,42.4062,42.4062,302,0
ROKT.US,D,20230816,000000,41.6675,41.6675,41.6675,41.6675,345,0
ROKT.US,D,20230817,000000,42.11,42.11,41.29,41.29,1335,0
ROKT.US,D,20230818,000000,41.62,41.62,41.5873,41.5873,639,0
ROKT.US,D,20230821,000000,41.3996,41.5932,41.3996,41.5932,220,0
ROKT.US,D,20230822,000000,41.6664,41.6664,41.6664,41.6664,144,0
ROKT.US,D,20230823,000000,41.8401,41.965,41.8401,41.8764,3752,0
ROKT.US,D,20230824,000000,41.35,41.35,41.292,41.292,1306,0
ROKT.US,D,20230825,000000,41.3124,41.3821,41.301,41.3821,623,0
ROKT.US,D,20230828,000000,41.85,41.87,41.85,41.87,704,0
ROKT.US,D,20230829,000000,41.66,42.1701,41.66,42.1701,507,0
ROKT.US,D,20230830,000000,41.93,42.4672,41.93,42.4672,336,0
ROKT.US,D,20230831,000000,42.49,42.49,42.3802,42.3802,489,0
ROKT.US,D,20230901,000000,42.7664,42.7664,42.7664,42.7664,287,0
ROKT.US,D,20230905,000000,42.88,42.88,42.16,42.16,592,0
ROKT.US,D,20230906,000000,41.73,41.7427,41.73,41.7427,702,0
ROKT.US,D,20230907,000000,41.48,41.48,41.4362,41.4362,218,0
ROKT.US,D,20230908,000000,41.118,41.118,40.97,41.0255,1322,0
ROKT.US,D,20230911,000000,40.87,40.87,40.8034,40.8034,281,0
ROKT.US,D,20230912,000000,40.71,40.71,40.71,40.71,332,0
ROKT.US,D,20230913,000000,40.65,40.65,40.4234,40.4234,472,0
ROKT.US,D,20230914,000000,40.73,40.8475,40.73,40.8475,257,0
ROKT.US,D,20230915,000000,40.4901,40.619,40.49,40.619,641,0
ROKT.US,D,20230918,000000,40.87,40.87,40.7962,40.7962,1938,0
ROKT.US,D,20230919,000000,40.4737,40.4737,40.4737,40.4737,94,0
ROKT.US,D,20230920,000000,40.6003,40.6155,40.0871,40.0871,3774,0
ROKT.US,D,20230921,000000,39.92,39.92,39.39,39.39,976,0
ROKT.US,D,20230922,000000,39.4,39.54,39.31,39.3136,1312,0
ROKT.US,D,20230925,000000,39.18,39.4692,39.18,39.4692,1727,0
ROKT.US,D,20230926,000000,39.09,39.14,39.01,39.01,1451,0
ROKT.US,D,20230927,000000,39.05,39.47,39.05,39.4596,841,0
ROKT.US,D,20230928,000000,39.5,39.58,39.4901,39.5433,2098,0
ROKT.US,D,20230929,000000,39.34,39.3931,39.34,39.3931,409,0
ROKT.US,D,20231002,000000,39.29,39.29,38.98,39.03,825,0
ROKT.US,D,20231003,000000,38.7223,38.7223,38.6063,38.6063,848,0
ROKT.US,D,20231004,000000,38.52,38.52,38.49,38.5,1093,0
ROKT.US,D,20231005,000000,38.3201,38.3201,38.19,38.2927,3802,0
ROKT.US,D,20231006,000000,38.09,38.5912,37.9907,38.5912,575,0
ROKT.US,D,20231009,000000,39.6,39.8219,39.6,39.8219,405,0
ROKT.US,D,20231010,000000,40.25,40.39,40.14,40.14,912,0
ROKT.US,D,20231011,000000,40.294,40.294,40.294,40.294,184,0
ROKT.US,D,20231012,000000,40.01,40.01,39.7105,39.7105,780,0
ROKT.US,D,20231013,000000,39.6874,39.6874,39.6874,39.6874,140,0
ROKT.US,D,20231016,000000,40.085,40.1467,40.085,40.1467,436,0
ROKT.US,D,20231017,000000,40.3964,40.3964,40.3964,40.3964,13,0
ROKT.US,D,20231018,000000,40.081,40.081,39.8646,39.8646,1552,0
ROKT.US,D,20231019,000000,39.65,39.65,39.4354,39.4354,184,0
ROKT.US,D,20231020,000000,38.849,38.849,38.849,38.849,204,0
ROKT.US,D,20231023,000000,38.9001,38.9001,38.5658,38.5658,757,0
ROKT.US,D,20231024,000000,38.93,38.93,38.5813,38.5813,1181,0
ROKT.US,D,20231025,000000,38.58,38.613,38.2589,38.2589,397,0
ROKT.US,D,20231026,000000,38.5768,38.5768,38.3161,38.3161,361,0
ROKT.US,D,20231027,000000,37.9814,37.9814,37.9814,37.9814,248,0
ROKT.US,D,20231030,000000,38.02,38.1988,38.02,38.1988,554,0
ROKT.US,D,20231031,000000,38.33,38.7012,38.33,38.7012,322,0
ROKT.US,D,20231101,000000,38.66,38.85,38.6542,38.8422,1313,0
ROKT.US,D,20231102,000000,39.75,39.7984,39.7499,39.7984,1058,0
ROKT.US,D,20231103,000000,40.38,40.4114,40.2791,40.2791,842,0
ROKT.US,D,20231106,000000,39.875,39.8901,39.875,39.8759,778,0
ROKT.US,D,20231107,000000,39.68,39.68,39.6408,39.6408,357,0
ROKT.US,D,20231108,000000,39.395,39.4751,39.395,39.4751,734,0
ROKT.US,D,20231109,000000,39.9,39.96,39.6191,39.6191,1217,0
ROKT.US,D,20231110,000000,40,40.0601,40,40.0601,370,0
ROKT.US,D,20231113,000000,39.84,40.37,39.84,40.35,2429,0
ROKT.US,D,20231114,000000,41.12,41.19,41.025,41.19,1025,0
ROKT.US,D,20231115,000000,41.3448,41.3448,41.0624,41.0624,430,0
ROKT.US,D,20231116,000000,40.59,40.59,40.58,40.5833,509,0
ROKT.US,D,20231117,000000,40.8556,40.8556,40.8556,40.8556,401,0
ROKT.US,D,20231120,000000,41.1811,41.1811,41.1811,41.1811,358,0
ROKT.US,D,20231121,000000,41.21,41.21,41.097,41.097,441,0
ROKT.US,D,20231122,000000,40.86,41.3051,40.86,41.3051,1010,0
ROKT.US,D,20231124,000000,41.5,41.6135,41.5,41.6135,1496,0
ROKT.US,D,20231127,000000,41.44,41.52,41.3818,41.5177,1045,0
ROKT.US,D,20231128,000000,41.4253,41.4253,41.4253,41.4253,254,0
ROKT.US,D,20231129,000000,41.44,41.67,41.3944,41.3944,1931,0
ROKT.US,D,20231130,000000,41.47,41.7928,41.47,41.7928,903,0
ROKT.US,D,20231201,000000,42,42.4207,42,42.4207,363,0
ROKT.US,D,20231204,000000,42.46,42.6553,42.46,42.6553,7600,0
ROKT.US,D,20231205,000000,42.45,42.45,42.1325,42.1325,1352,0
ROKT.US,D,20231206,000000,42.28,42.51,42.12,42.1696,904,0
ROKT.US,D,20231207,000000,42.2761,42.3264,42.2761,42.3264,293,0
ROKT.US,D,20231208,000000,42.6352,42.6352,42.6352,42.6352,158,0
ROKT.US,D,20231211,000000,42.56,42.957,42.56,42.957,378,0
ROKT.US,D,20231212,000000,42.92,42.9342,42.92,42.9342,400,0
ROKT.US,D,20231213,000000,43.0096,43.78,43.0096,43.7799,659,0
ROKT.US,D,20231214,000000,44.14,44.14,43.85,44.0076,734,0
ROKT.US,D,20231215,000000,43.82,43.8201,43.61,43.7421,1725,0
ROKT.US,D,20231218,000000,43.6201,43.6201,43.5819,43.5819,566,0
ROKT.US,D,20231219,000000,43.56,44.1837,43.56,44.1837,3139,0
ROKT.US,D,20231220,000000,43.1724,43.1724,43.1724,43.1724,500,0
ROKT.US,D,20231221,000000,43.7,43.7426,43.54,43.7426,1494,0
ROKT.US,D,20231222,000000,44.09,44.56,44.09,44.517,6396,0
ROKT.US,D,20231226,000000,44.61,45.14,44.4925,45.0565,2232,0
ROKT.US,D,20231227,000000,45.13,45.26,45.06,45.0774,2190,0
ROKT.US,D,20231228,000000,45.05,45.09,44.99,45.0204,1596,0
ROKT.US,D,20231229,000000,44.71,44.81,44.71,44.7153,678,0
ROKT.US,D,20240102,000000,44.715,44.715,44.1391,44.1391,1896,0
ROKT.US,D,20240103,000000,43.88,43.88,43.411,43.411,419,0
ROKT.US,D,20240104,000000,43.4655,43.4655,43.4655,43.4655,315,0
ROKT.US,D,20240105,000000,43.14,43.2524,43.14,43.2524,351,0
ROKT.US,D,20240108,000000,43.01,43.4,43.01,43.3464,501,0
ROKT.US,D,20240109,000000,42.7,42.9201,42.7,42.8778,921,0
ROKT.US,D,20240110,000000,42.97,42.97,42.845,42.8941,982,0
ROKT.US,D,20240111,000000,43.09,43.09,42.3501,42.6327,4565,0
ROKT.US,D,20240112,000000,42.8576,42.8576,42.8576,42.8576,316,0
ROKT.US,D,20240116,000000,42.67,42.67,42.1711,42.1711,857,0
ROKT.US,D,20240117,000000,41.83,41.9514,41.83,41.9514,426,0
ROKT.US,D,20240118,000000,42.12,42.4536,42.12,42.4536,343,0
ROKT.US,D,20240119,000000,42.27,42.5283,42.14,42.5283,1253,0
ROKT.US,D,20240122,000000,42.49,43.1297,42.49,43.1297,3133,0
ROKT.US,D,20240123,000000,43.4,43.4,43.2051,43.2051,366,0
ROKT.US,D,20240124,000000,43.4,43.4,42.8037,42.8037,1614,0
ROKT.US,D,20240125,000000,42.53,42.6,42.4999,42.6,1194,0
ROKT.US,D,20240126,000000,42.71,42.7101,42.45,42.6619,2953,0
ROKT.US,D,20240129,000000,42.62,42.9545,42.62,42.9545,1149,0
ROKT.US,D,20240130,000000,42.75,42.7656,42.65,42.7311,1121,0
ROKT.US,D,20240131,000000,42.3013,42.3013,42.3013,42.3013,96,0
ROKT.US,D,20240201,000000,42.3,42.3312,41.97,42.3312,1235,0
ROKT.US,D,20240202,000000,42.18,42.2212,42.18,42.2212,330,0
ROKT.US,D,20240205,000000,41.95,41.95,41.73,41.9357,1248,0
ROKT.US,D,20240206,000000,41.97,42.566,41.97,42.566,1246,0
ROKT.US,D,20240207,000000,42.657,42.657,42.657,42.657,308,0
ROKT.US,D,20240208,000000,42.62,42.9609,42.62,42.8734,668,0
ROKT.US,D,20240209,000000,42.97,43.16,42.97,43.1579,2692,0
ROKT.US,D,20240212,000000,42.98,43.7001,42.98,43.55,1414,0
ROKT.US,D,20240213,000000,42.65,42.6832,42.28,42.56,2484,0
ROKT.US,D,20240214,000000,42.8,43.54,42.8,43.54,686,0
ROKT.US,D,20240215,000000,43.8201,43.8201,43.56,43.81,809,0
ROKT.US,D,20240216,000000,43.77,44.01,43.74,43.74,9792,0
ROKT.US,D,20240220,000000,43.68,43.68,43.438,43.438,930,0
ROKT.US,D,20240221,000000,43.5999,43.5999,43.58,43.58,647,0
ROKT.US,D,20240222,000000,43.6325,43.7817,43.6325,43.7817,902,0
ROKT.US,D,20240223,000000,43.7292,43.7292,43.7292,43.7292,373,0
ROKT.US,D,20240226,000000,43.9,43.9,43.8409,43.8409,555,0
ROKT.US,D,20240227,000000,43.85,43.9779,43.85,43.9779,461,0
ROKT.US,D,20240228,000000,43.9899,43.9899,43.75,43.8043,931,0
ROKT.US,D,20240229,000000,44.24,44.24,43.9555,43.9555,593,0
ROKT.US,D,20240301,000000,44.2699,44.2699,44.2018,44.2018,602,0
ROKT.US,D,20240304,000000,44.29,44.345,44.2826,44.2826,1092,0
ROKT.US,D,20240305,000000,44.1266,44.1266,43.8696,43.8696,348,0
ROKT.US,D,20240306,000000,44.21,44.35,44.02,44.0327,2650,0
ROKT.US,D,20240307,000000,44.36,44.36,44.36,44.36,341,0
ROKT.US,D,20240308,000000,44.4,44.4,44.1983,44.1983,952,0
ROKT.US,D,20240311,000000,43.99,43.99,43.9547,43.9547,1075,0
ROKT.US,D,20240312,000000,43.76,43.76,43.57,43.7494,1975,0
ROKT.US,D,20240313,000000,43.53,43.8975,43.53,43.8975,915,0
ROKT.US,D,20240314,000000,43.78,43.78,43.215,43.3843,1444,0
ROKT.US,D,20240315,000000,43.14,43.598,43.14,43.5585,877,0
ROKT.US,D,20240318,000000,42.64,43.36,42.64,43.2063,960,0
ROKT.US,D,20240319,000000,43,43.4158,43,43.4158,470,0
ROKT.US,D,20240320,000000,43.16,43.98,43.16,43.8383,2111,0
ROKT.US,D,20240321,000000,44.21,44.2101,44.2048,44.2048,742,0
ROKT.US,D,20240322,000000,44.1,44.1433,44.1,44.1433,458,0
ROKT.US,D,20240325,000000,44.23,44.23,44.1015,44.1015,561,0
ROKT.US,D,20240326,000000,44.25,44.25,43.92,43.92,410,0
ROKT.US,D,20240327,000000,44.41,44.7428,44.41,44.7428,470,0
ROKT.US,D,20240328,000000,44.67,45,44.67,44.8538,788,0
ROKT.US,D,20240401,000000,44.29,44.2941,44.29,44.2941,357,0
ROKT.US,D,20240402,000000,43.91,43.9372,43.91,43.9372,427,0
ROKT.US,D,20240403,000000,43.99,44.0167,43.9899,44.0167,602,0
ROKT.US,D,20240404,000000,43.8026,43.8026,43.8026,43.8026,386,0
ROKT.US,D,20240405,000000,44.0252,44.0252,44.0252,44.0252,394,0
ROKT.US,D,20240408,000000,44.09,44.1861,44.0053,44.0053,4990,0
ROKT.US,D,20240409,000000,44,44,43.7496,43.7597,1033,0
ROKT.US,D,20240410,000000,43,43.1349,42.85,43.1349,833,0
ROKT.US,D,20240411,000000,43.12,43.3548,43.12,43.3548,3021,0
ROKT.US,D,20240412,000000,42.765,42.765,42.56,42.6126,748,0
ROKT.US,D,20240415,000000,42.74,42.74,42.08,42.1994,5670,0
ROKT.US,D,20240416,000000,41.92,42.1673,41.92,42.1673,3948,0
ROKT.US,D,20240417,000000,42.24,42.24,41.9317,41.9317,335,0
ROKT.US,D,20240418,000000,42.16,42.16,41.8843,41.8843,491,0
ROKT.US,D,20240419,000000,42.07,42.0701,42.07,42.0701,589,0
ROKT.US,D,20240422,000000,42.13,42.4563,42.13,42.27,904,0
ROKT.US,D,20240423,000000,43.0651,43.0651,43.0651,43.0651,410,0
ROKT.US,D,20240424,000000,42.96,42.96,42.47,42.7485,1725,0
ROKT.US,D,20240425,000000,42.34,43.1924,42.34,43.1924,1380,0
ROKT.US,D,20240426,000000,43.85,43.88,43.8291,43.8291,299,0
ROKT.US,D,20240429,000000,43.93,44.0865,43.93,44.0865,810,0
ROKT.US,D,20240430,000000,44.1,44.1001,43.5375,43.5375,1193,0
ROKT.US,D,20240501,000000,43.47,43.5734,43.47,43.5734,431,0
ROKT.US,D,20240502,000000,43.91,43.91,43.6,43.8889,782,0
ROKT.US,D,20240503,000000,44.24,44.2666,44.24,44.2666,688,0
ROKT.US,D,20240506,000000,44.6901,44.855,44.66,44.7417,1580,0
ROKT.US,D,20240507,000000,44.57,44.6497,44.57,44.6497,824,0
ROKT.US,D,20240508,000000,44.8488,44.8488,44.8488,44.8488,356,0
ROKT.US,D,20240509,000000,45.1794,45.2897,45.1794,45.2897,467,0
ROKT.US,D,20240510,000000,45.31,45.31,45.1372,45.1372,329,0
ROKT.US,D,20240513,000000,45.45,45.45,45.0179,45.0179,515,0
ROKT.US,D,20240514,000000,45.52,45.6199,45.52,45.6199,819,0
ROKT.US,D,20240515,000000,45.86,45.86,45.46,45.5668,1285,0
ROKT.US,D,20240516,000000,45.62,45.62,45.6176,45.6176,483,0
ROKT.US,D,20240517,000000,45.53,45.685,45.53,45.68,356,0
ROKT.US,D,20240520,000000,45.75,46.07,45.75,45.9786,619,0
ROKT.US,D,20240521,000000,45.96,46.0592,45.96,46.0592,652,0
ROKT.US,D,20240522,000000,45.6642,45.6642,45.6642,45.6642,130,0
ROKT.US,D,20240523,000000,45.18,45.18,45.0829,45.0829,308,0
ROKT.US,D,20240524,000000,45.29,45.54,45.29,45.4793,1840,0
ROKT.US,D,20240528,000000,45.62,45.79,45.15,45.183,1296,0
ROKT.US,D,20240529,000000,44.5596,44.5596,44.5596,44.5596,171,0
ROKT.US,D,20240530,000000,44.64,45.017,44.64,45.017,931,0
ROKT.US,D,20240531,000000,45.09,45.4277,45.09,45.4277,460,0
ROKT.US,D,20240603,000000,45.3565,45.3565,45.3565,45.3565,255,0
ROKT.US,D,20240604,000000,45.1053,45.1053,45.1053,45.1053,227,0
ROKT.US,D,20240605,000000,45.4464,45.4464,45.4464,45.4464,197,0
ROKT.US,D,20240606,000000,45.0623,45.0623,45.0623,45.0623,93,0
ROKT.US,D,20240607,000000,44.88,44.9377,44.88,44.9377,2183,0
ROKT.US,D,20240610,000000,44.705,44.9951,44.705,44.9951,1295,0
ROKT.US,D,20240611,000000,44.8382,44.8382,44.8382,44.8382,279,0
ROKT.US,D,20240612,000000,45.27,45.2701,45.2098,45.2098,830,0
ROKT.US,D,20240613,000000,44.5,44.6597,44.5,44.6597,1099,0
ROKT.US,D,20240614,000000,44.0777,44.0777,44.0777,44.0777,161,0
ROKT.US,D,20240617,000000,43.5,44.4605,43,44.4605,981,0
ROKT.US,D,20240618,000000,44.51,44.694,44.51,44.694,3726,0
ROKT.US,D,20240620,000000,44.59,44.5901,44.5107,44.5107,10942,0
ROKT.US,D,20240621,000000,44.8331,44.8331,44.8331,44.8331,181,0
ROKT.US,D,20240624,000000,45.1201,45.1201,44.6951,44.6951,343,0
ROKT.US,D,20240625,000000,44.3485,44.511,44.3485,44.511,427,0
ROKT.US,D,20240626,000000,44.43,44.5366,44.224,44.5366,2931,0
ROKT.US,D,20240627,000000,44.6937,44.6937,44.6905,44.6905,508,0
ROKT.US,D,20240628,000000,44.8611,44.8611,44.41,44.6454,1087,0
ROKT.US,D,20240701,000000,44.3148,44.3148,44.2434,44.2434,366,0
ROKT.US,D,20240702,000000,44.7028,44.7028,44.6951,44.6951,366,0
ROKT.US,D,20240703,000000,44.81,44.95,44.81,44.86,1162,0
ROKT.US,D,20240705,000000,44.81,44.9042,44.74,44.9042,430,0
ROKT.US,D,20240708,000000,45.1641,45.1641,45.1641,45.1641,461,0
ROKT.US,D,20240709,000000,44.9573,44.9573,44.9573,44.9573,161,0
ROKT.US,D,20240710,000000,45.15,45.4147,45.15,45.4147,1138,0
ROKT.US,D,20240711,000000,45.542,46.1009,45.542,46.1009,3111,0
ROKT.US,D,20240712,000000,46.6599,46.6599,46.528,46.528,455,0
ROKT.US,D,20240715,000000,46.8359,46.9411,46.8359,46.9411,911,0
ROKT.US,D,20240716,000000,48,48,47.99,47.99,1086,0
ROKT.US,D,20240717,000000,48,48,47.44,47.4582,3058,0
ROKT.US,D,20240718,000000,47.39,47.39,46.9236,46.9236,947,0
ROKT.US,D,20240719,000000,46.83,46.83,46.4248,46.4248,521,0
ROKT.US,D,20240722,000000,46.5,47.0523,46.5,47.0523,1723,0
ROKT.US,D,20240723,000000,47.74,47.9081,47.74,47.9081,203,0
ROKT.US,D,20240724,000000,47.34,47.43,46.8913,46.8913,685,0
ROKT.US,D,20240725,000000,48.32,48.32,47.96,47.96,1936,0
ROKT.US,D,20240726,000000,48.21,48.8899,48.21,48.6675,537,0
ROKT.US,D,20240729,000000,48.69,48.69,48.355,48.47,28915,0
ROKT.US,D,20240730,000000,48.58,48.71,48.475,48.495,5231,0
ROKT.US,D,20240731,000000,48.76,49.13,48.76,48.9284,1091,0
ROKT.US,D,20240801,000000,49.13,49.13,47.5125,47.8509,1584,0
ROKT.US,D,20240802,000000,46.57,46.57,46.4578,46.4578,386,0
ROKT.US,D,20240805,000000,44.7,45.236,44.7,45.236,1371,0
ROKT.US,D,20240806,000000,45.4443,45.4443,45.4443,45.4443,270,0
ROKT.US,D,20240807,000000,46.12,46.12,45.3,45.3,1968,0
ROKT.US,D,20240808,000000,46.8836,46.8836,46.8836,46.8836,84,0
ROKT.US,D,20240809,000000,46.99,47.15,46.9015,47.15,2118,0
ROKT.US,D,20240812,000000,46.99,47.12,46.99,46.9904,1383,0
ROKT.US,D,20240813,000000,46.8651,46.8651,46.8651,46.8651,352,0
ROKT.US,D,20240814,000000,46.88,46.88,46.8778,46.8778,205,0
ROKT.US,D,20240815,000000,47.58,47.9167,47.58,47.9167,583,0
ROKT.US,D,20240816,000000,48.4568,48.4568,48.4568,48.4568,346,0
ROKT.US,D,20240819,000000,48.74,49.0137,48.63,48.9993,778,0
ROKT.US,D,20240820,000000,48.88,48.88,48.25,48.3757,1779,0
ROKT.US,D,20240821,000000,48.8024,48.8024,48.8024,48.8024,191,0
ROKT.US,D,20240822,000000,48.72,48.72,48.4339,48.4339,766,0
ROKT.US,D,20240823,000000,49.065,49.1651,49.065,49.1651,434,0
ROKT.US,D,20240826,000000,49.03,49.09,48.9427,48.9427,1174,0
ROKT.US,D,20240827,000000,48.505,48.79,48.505,48.7425,588,0
ROKT.US,D,20240828,000000,48.8,48.8,48.6061,48.6061,626,0
ROKT.US,D,20240829,000000,49.45,49.45,49.12,49.12,552,0
ROKT.US,D,20240830,000000,49.3188,49.3188,49.3188,49.3188,193,0
ROKT.US,D,20240903,000000,48.91,48.91,47.7409,47.7409,1395,0
ROKT.US,D,20240904,000000,48,48.0762,48,48.0762,590,0
ROKT.US,D,20240905,000000,48.015,48.015,47.8987,47.8987,335,0
ROKT.US,D,20240906,000000,47.315,47.315,46.767,46.767,688,0
ROKT.US,D,20240909,000000,47.2051,47.2051,47.2051,47.2051,208,0
ROKT.US,D,20240910,000000,46.9937,46.9937,46.9937,46.9937,83,0
ROKT.US,D,20240911,000000,46.78,47.3757,46.78,47.3757,569,0
ROKT.US,D,20240912,000000,47.7599,47.7599,47.7599,47.7599,162,0
ROKT.US,D,20240913,000000,48.0399,48.1857,48.0399,48.1857,319,0
ROKT.US,D,20240916,000000,48.1581,48.4161,48.1581,48.4161,685,0
ROKT.US,D,20240917,000000,48.6889,48.6889,48.4954,48.4954,1505,0
ROKT.US,D,20240918,000000,48.885,48.95,48.3012,48.3012,2584,0
ROKT.US,D,20240919,000000,48.7701,49.1,48.7701,49.0459,968,0
ROKT.US,D,20240920,000000,49.29,49.4,49.28,49.3366,2590,0
ROKT.US,D,20240923,000000,49.65,49.7801,49.65,49.7592,1924,0
ROKT.US,D,20240924,000000,49.685,49.7122,49.5,49.7122,7772,0
ROKT.US,D,20240925,000000,49.98,49.98,49.7643,49.7643,801,0
ROKT.US,D,20240926,000000,49.9609,49.9712,49.82,49.82,5485,0
ROKT.US,D,20240927,000000,50.72,50.72,50.46,50.5523,780,0
ROKT.US,D,20240930,000000,50.6,50.6222,50.37,50.6222,1771,0
ROKT.US,D,20241001,000000,50.52,50.8181,50.52,50.8181,743,0
ROKT.US,D,20241002,000000,50.81,51.17,50.81,51.0704,1453,0
ROKT.US,D,20241003,000000,50.62,50.62,50.59,50.59,1498,0
ROKT.US,D,20241004,000000,51.0272,51.0795,51.0272,51.0795,656,0
ROKT.US,D,20241007,000000,50.88,50.88,50.8449,50.8449,639,0
ROKT.US,D,20241008,000000,50.84,50.84,50.6894,50.7796,935,0
ROKT.US,D,20241009,000000,50.949,50.949,50.949,50.949,314,0
ROKT.US,D,20241010,000000,50.2916,50.39,50.2916,50.39,1537,0
ROKT.US,D,20241011,000000,51.18,51.4234,51.18,51.4234,958,0
ROKT.US,D,20241014,000000,51.5,51.7117,51.5,51.7117,500,0
ROKT.US,D,20241015,000000,51.64,51.64,51.23,51.23,1489,0
ROKT.US,D,20241016,000000,51.46,52.3602,51.46,52.3602,1287,0
ROKT.US,D,20241017,000000,52.47,52.81,52.4,52.4933,2014,0
ROKT.US,D,20241018,000000,52.47,52.47,52.2497,52.2497,644,0
ROKT.US,D,20241021,000000,51.95,52.1447,51.95,52.1447,923,0
ROKT.US,D,20241022,000000,52.32,52.32,51.5258,51.5258,1334,0
ROKT.US,D,20241023,000000,51.1,51.27,51.1,51.27,1929,0
ROKT.US,D,20241024,000000,51.37,51.85,51.37,51.4541,491,0
ROKT.US,D,20241025,000000,51.38,51.5403,51.38,51.5403,614,0
ROKT.US,D,20241028,000000,51.5338,51.5338,51.5338,51.5338,393,0
ROKT.US,D,20241029,000000,51.37,51.6196,51.36,51.6196,744,0
ROKT.US,D,20241030,000000,51.3131,51.3131,51.3131,51.3131,113,0
ROKT.US,D,20241031,000000,50.5,50.5,50.35,50.35,924,0
ROKT.US,D,20241104,000000,50.87,50.87,50.8681,50.8681,2098,0
ROKT.US,D,20241105,000000,50.94,51.5832,50.94,51.5832,487,0
ROKT.US,D,20241106,000000,53.84,54.1306,53.84,54.1306,1590,0
ROKT.US,D,20241107,000000,54.32,54.44,54.21,54.21,2659,0
ROKT.US,D,20241108,000000,54.24,54.86,54.24,54.7118,1667,0
ROKT.US,D,20241111,000000,55.37,55.82,55.3407,55.6116,4051,0
ROKT.US,D,20241112,000000,55.38,55.38,55.2196,55.2196,975,0
ROKT.US,D,20241113,000000,57.92,58.7,56.6676,56.6676,2067,0
ROKT.US,D,20241114,000000,56.56,57.43,54.79,54.79,5601,0
ROKT.US,D,20241115,000000,54.64,54.741,54.4209,54.741,1507,0
ROKT.US,D,20241118,000000,55.21,55.21,55.01,55.01,2005,0
ROKT.US,D,20241119,000000,55.75,55.76,54.77,55.66,1855,0
ROKT.US,D,20241120,000000,55.2401,55.81,55.17,55.69,2994,0
ROKT.US,D,20241121,000000,56,57.4,56,57.38,4696,0
ROKT.US,D,20241122,000000,58.22,58.4686,58.215,58.4281,1310,0
ROKT.US,D,20241125,000000,58.77,59.69,58.33,58.66,2135,0
ROKT.US,D,20241126,000000,59.3,59.3,58.93,59.08,2105,0
ROKT.US,D,20241127,000000,59.5,59.925,58.88,59.1283,3454,0
ROKT.US,D,20241129,000000,59.8317,60.2281,59.48,60.1154,2582,0
ROKT.US,D,20241202,000000,58.8112,60.66,58.7117,58.9443,2181,0
ROKT.US,D,20241203,000000,58.46,58.83,57.95,58.184,1765,0
ROKT.US,D,20241204,000000,58,58.77,58,58.4016,4258,0
ROKT.US,D,20241205,000000,58.005,58.3138,58.005,58.1251,1167,0
ROKT.US,D,20241206,000000,58.29,58.29,57.8416,58.0371,3011,0
ROKT.US,D,20241209,000000,57.2816,58.42,57.04,57.1189,5425,0
ROKT.US,D,20241210,000000,57.01,57.01,56.97,56.97,1270,0
ROKT.US,D,20241211,000000,57.4915,57.61,57.3065,57.3065,821,0
ROKT.US,D,20241213,000000,57,57.4,56.96,57.3812,2868,0
ROKT.US,D,20241216,000000,57.6383,58.445,57.6383,58.445,2193,0
ROKT.US,D,20241217,000000,57.675,58.52,57.66,57.95,1469,0
ROKT.US,D,20241218,000000,57.69,58.37,55.03,55.03,1902,0
ROKT.US,D,20241219,000000,55.07,55.75,54.89,55.1681,3469,0
ROKT.US,D,20241220,000000,54.81,56.4601,54.6,56.1211,1565,0
ROKT.US,D,20241223,000000,55.96,56.4151,55.96,56.4151,1079,0
ROKT.US,D,20241224,000000,56.5,57.2148,56.5,57.2148,1628,0
ROKT.US,D,20241226,000000,57.5114,58.2828,57.5114,58.2828,1344,0
ROKT.US,D,20241227,000000,57.9,58.27,57.38,57.489,2463,0
ROKT.US,D,20241230,000000,56.31,57.16,56.31,57.0464,1603,0
ROKT.US,D,20241231,000000,57.0799,57.23,56.59,56.8132,1647,0
ROKT.US,D,20250102,000000,57.45,57.46,56.71,57.07,13839,0
ROKT.US,D,20250103,000000,57.95,58.53,57.64,58.519,2574,0
ROKT.US,D,20250106,000000,59.13,59.14,58.1807,58.1807,7708,0
ROKT.US,D,20250107,000000,58.19,58.19,57.32,57.5837,3591,0
ROKT.US,D,20250108,000000,57.305,57.38,57.07,57.38,4688,0
ROKT.US,D,20250110,000000,56.68,57.06,56.35,56.5193,1815,0
ROKT.US,D,20250113,000000,55.9256,56.36,55.9256,56.36,2568,0
ROKT.US,D,20250114,000000,56.84,56.84,56.1401,56.7226,1287,0
ROKT.US,D,20250116,000000,57.7591,58.0219,57.7591,58.0219,1821,0
ROKT.US,D,20250117,000000,58.51,58.65,58.19,58.2053,1927,0
ROKT.US,D,20250121,000000,60.08,61.645,59.24,61.645,8264,0
ROKT.US,D,20250122,000000,61.22,61.57,61.01,61.23,5287,0
ROKT.US,D,20250123,000000,61.35,61.55,60.7912,61.55,5338,0
ROKT.US,D,20250124,000000,61.57,61.57,61.01,61.09,2149,0
ROKT.US,D,20250127,000000,59.2201,60.12,59.13,59.1331,2543,0
ROKT.US,D,20250128,000000,59.1709,59.1709,58.28,58.86,2860,0
ROKT.US,D,20250129,000000,59.02,59.3,58.2751,58.2751,1615,0
ROKT.US,D,20250130,000000,59.02,59.33,58.72,59.26,2157,0
ROKT.US,D,20250131,000000,59.21,59.56,59.0028,59.0028,1158,0
ROKT.US,D,20250203,000000,57.48,58.7503,57.48,58.6705,3027,0
ROKT.US,D,20250204,000000,58.67,58.6729,58.67,58.6729,671,0
ROKT.US,D,20250205,000000,58.6414,58.73,58.5085,58.5085,1190,0
ROKT.US,D,20250206,000000,58.65,58.78,57.7101,57.9476,1819,0
ROKT.US,D,20250207,000000,58.6328,58.6328,58.2754,58.2754,924,0
ROKT.US,D,20250210,000000,58.8799,59.4701,58.5,59.2523,1762,0
ROKT.US,D,20250211,000000,58.5,58.64,58.15,58.15,2395,0
ROKT.US,D,20250212,000000,57.72,57.72,57.38,57.5486,4437,0
ROKT.US,D,20250213,000000,58.0163,58.0163,57.67,57.7107,2356,0
ROKT.US,D,20250214,000000,57.56,57.92,57.06,57.2976,6753,0
ROKT.US,D,20250218,000000,57.9135,57.94,57.74,57.8099,2338,0
ROKT.US,D,20250219,000000,58,58.0713,57.7321,57.7321,707,0
ROKT.US,D,20250220,000000,56.89,57.4248,56.8599,57.4248,5261,0
ROKT.US,D,20250221,000000,56.9318,56.9318,55.71,55.8217,2946,0
ROKT.US,D,20250224,000000,56.16,56.16,55.35,55.51,30715,0
ROKT.US,D,20250225,000000,54.78,55.0301,54.46,54.9413,7452,0
ROKT.US,D,20250226,000000,55.65,55.65,55.2961,55.2961,949,0
ROKT.US,D,20250227,000000,55.717,55.717,54.91,54.91,1851,0
ROKT.US,D,20250228,000000,54.69,55.5813,54.46,55.5813,3915,0
ROKT.US,D,20250303,000000,55.662,56.03,54.38,54.38,5409,0
ROKT.US,D,20250304,000000,53.49,54.39,53.15,53.63,4453,0
ROKT.US,D,20250305,000000,54.1948,55.1507,54.1948,55.1507,927,0
ROKT.US,D,20250306,000000,53.48,53.6695,53.37,53.6695,1284,0
ROKT.US,D,20250307,000000,53.31,53.75,53.31,53.75,1211,0
ROKT.US,D,20250310,000000,53.205,53.205,52.19,52.4241,2186,0
ROKT.US,D,20250311,000000,52.33,52.33,51.65,52.33,4781,0
ROKT.US,D,20250312,000000,52.18,52.91,52.17,52.3009,1151,0
ROKT.US,D,20250313,000000,52.42,52.42,51.8483,51.8483,1090,0
ROKT.US,D,20250317,000000,53.21,53.915,53.21,53.703,2224,0
ROKT.US,D,20250324,000000,54.8114,55.2372,54.07,55.2372,1190,0
ROKT.US,D,20250325,000000,55.39,55.6449,55.24,55.6449,1295,0
ROKT.US,D,20250326,000000,55.3261,55.3261,55.064,55.064,297,0
ROKT.US,D,20250331,000000,53.11,53.3412,52.98,53.3412,12715,0
ROKT.US,D,20250401,000000,53.394,53.394,53.24,53.3799,610,0
ROKT.US,D,20250402,000000,53.37,54.3767,52.76,54.3767,568,0
ROKT.US,D,20250403,000000,52,52.11,51.2369,51.2369,1280,0
ROKT.US,D,20250404,000000,47.3266,49.29,47.31,47.6708,5630,0
