<TICKER>,<PER>,<DATE>,<TIME>,<OPEN>,<HIGH>,<LOW>,<CLOSE>,<VOL>,<OPENINT>
DINO.US,D,20110705,000000,22.4009,23.2465,21.5847,21.7,6202552.0120573,0
DINO.US,D,20110706,000000,21.7821,21.8163,21.1124,21.5035,6509259.1275201,0
DINO.US,D,20110707,000000,21.7821,22.5573,21.6668,22.005,9601448.8944612,0
DINO.US,D,20110708,000000,21.5162,22.5358,21.5133,22.09,8368460.9814109,0
DINO.US,D,20110711,000000,21.7792,22.1077,21.4566,21.6775,5280816.380003,0
DINO.US,D,20110712,000000,21.3276,21.7851,21.3227,21.4253,6610296.2238629,0
DINO.US,D,20110713,000000,21.6199,21.7625,21.309,21.3383,7032262.1082416,0
DINO.US,D,20110714,000000,21.5417,21.9161,20.6541,20.9512,9871915.3990353,0
DINO.US,D,20110715,000000,21.1623,21.5133,20.9845,21.5133,6121001.9421024,0
DINO.US,D,20110718,000000,21.3345,21.3687,21.0949,21.265,4362738.9770613,0
DINO.US,D,20110719,000000,21.4801,22.2288,21.4556,22.2024,4950541.5122211,0
DINO.US,D,20110720,000000,22.3999,22.4039,21.9474,21.9746,3359355.0675594,0
DINO.US,D,20110721,000000,22.0578,22.309,21.8584,22.1302,3508627.3878625,0
DINO.US,D,20110722,000000,22.095,22.1116,21.7742,21.7821,3376051.364356,0
DINO.US,D,20110725,000000,21.6775,22.92,21.612,22.3168,5142874.7491993,0
DINO.US,D,20110726,000000,22.1809,22.7009,21.8613,22.2094,4355406.1509209,0
DINO.US,D,20110727,000000,22.0226,22.0744,21.3627,21.5955,4124863.0382212,0
DINO.US,D,20110728,000000,21.5387,21.9923,21.2328,21.3501,2784275.5177107,0
DINO.US,D,20110729,000000,21.1917,22.568,20.8906,22.5241,5914394.8598203,0
DINO.US,D,20110801,000000,23.0959,23.176,22.4155,22.827,7206598.8221365,0
DINO.US,D,20110802,000000,22.8887,23.2416,21.8692,21.9317,9063599.1913937,0
DINO.US,D,20110803,000000,21.7675,21.9737,20.6902,21.4673,7073905.1542375,0
DINO.US,D,20110804,000000,21.2288,21.4723,19.6609,20.0969,10594572.16694,0
DINO.US,D,20110805,000000,20.4781,21.092,18.7939,19.9093,7786726.8509199,0
DINO.US,D,20110808,000000,19.2426,19.6013,17.4176,18.1585,8535465.8921601,0
DINO.US,D,20110809,000000,18.7136,20.0089,18.4878,19.7831,13485367.009687,0
DINO.US,D,20110810,000000,19.6423,21.1115,19.4215,20.0743,8582916.4791715,0
DINO.US,D,20110811,000000,20.2366,21.6501,20.1408,21.3422,6765136.7044173,0
DINO.US,D,20110812,000000,21.8153,22.0187,21.009,21.1829,4326844.1383873,0
DINO.US,D,20110815,000000,21.5328,22.2416,21.397,22.134,3815876.690526,0
DINO.US,D,20110816,000000,21.9796,22.1087,21.2211,21.572,3414626.4491918,0
DINO.US,D,20110817,000000,21.8437,22.1662,21.267,21.3345,3608011.3247405,0
DINO.US,D,20110818,000000,20.5954,20.6443,19.8867,20.1331,8443442.4022799,0
DINO.US,D,20110819,000000,19.7587,20.916,19.7167,20.2494,6179249.2153701,0
DINO.US,D,20110822,000000,19.9013,20.2973,18.7284,19.0833,12424991.041437,0
DINO.US,D,20110823,000000,19.2601,20.2777,18.8114,20.2777,7555026.7311939,0
DINO.US,D,20110824,000000,20.182,21.0539,19.9942,20.6365,4360628.5389576,0
DINO.US,D,20110825,000000,20.9033,21.2298,19.8203,20.0177,5710042.4578972,0
DINO.US,D,20110826,000000,19.9708,21.5152,19.8212,21.4361,6225540.7493658,0
DINO.US,D,20110829,000000,21.6062,21.9659,20.8506,21.9161,5115098.3966095,0
DINO.US,D,20110830,000000,21.8876,22.2328,21.5035,21.9287,6771938.5962989,0
DINO.US,D,20110831,000000,22.2895,22.4409,21.4576,21.7655,6636344.7383737,0
DINO.US,D,20110901,000000,21.5974,21.9581,20.8085,21.0539,4658804.901465,0
DINO.US,D,20110902,000000,20.5827,21.1809,20.2386,20.6286,4798633.9575239,0
DINO.US,D,20110906,000000,20.1995,21.2553,19.9737,21.18,4454169.130005,0
DINO.US,D,20110907,000000,21.5583,23.1155,21.5583,22.4987,8877771.1778287,0
DINO.US,D,20110908,000000,22.5173,23.1877,21.9131,22.1761,6781589.528471,0
DINO.US,D,20110909,000000,21.8495,22.1575,21.0167,21.2405,4815350.7142148,0
DINO.US,D,20110912,000000,20.9474,21.1124,20.4243,21.0343,5223043.7762845,0
DINO.US,D,20110913,000000,21.1242,21.4068,19.4547,19.9093,9127906.6853724,0
DINO.US,D,20110914,000000,20.1262,20.31,19.1555,19.9795,8261847.540859,0
DINO.US,D,20110915,000000,20.2954,20.9298,19.698,20.1428,6991467.1248673,0
DINO.US,D,20110916,000000,20.1351,20.4068,19.922,20.3618,6930022.993105,0
DINO.US,D,20110919,000000,19.832,19.9737,19.2191,19.5446,5454724.459111,0
DINO.US,D,20110920,000000,19.6609,19.9093,18.6912,18.7029,7528500.4781496,0
DINO.US,D,20110921,000000,18.8251,19.1448,18.0392,18.0754,6425430.8483277,0
DINO.US,D,20110922,000000,17.4722,17.4722,15.9942,16.4467,9596792.2225037,0
DINO.US,D,20110923,000000,16.4077,16.8388,16.265,16.6355,5222868.8441878,0
DINO.US,D,20110926,000000,16.705,17.4126,16.3129,17.3735,11768914.861776,0
DINO.US,D,20110927,000000,17.7977,18.2406,16.9453,17.0626,6772559.5540929,0
DINO.US,D,20110928,000000,17.2171,17.8241,16.4654,16.5074,6260079.0970433,0
DINO.US,D,20110929,000000,16.875,16.9952,14.7909,15.6052,11400462.854104,0
DINO.US,D,20110930,000000,15.3627,16.2689,15.0694,15.9923,8103604.5798716,0
DINO.US,D,20111003,000000,15.8916,16.6678,15.2571,15.4165,10475058.76299,0
DINO.US,D,20111004,000000,15.1976,16.0891,14.8114,16.0636,6572918.0428474,0
DINO.US,D,20111005,000000,15.9942,17.0949,15.7772,16.9453,5176564.0112608,0
DINO.US,D,20111006,000000,16.7586,18.3081,16.3333,18.1927,7783867.5806824,0
DINO.US,D,20111007,000000,18.2455,18.3265,17.0881,17.223,5022763.9163349,0
DINO.US,D,20111010,000000,17.6551,18.9229,17.6551,18.5875,5382656.5271997,0
DINO.US,D,20111011,000000,18.4791,19.2728,18.265,19.1555,3940237.0434502,0
DINO.US,D,20111012,000000,19.3872,19.4547,18.8036,19.0167,4332377.5168184,0
DINO.US,D,20111013,000000,18.9492,19.6336,18.8711,19.5387,4725933.8148766,0
DINO.US,D,20111014,000000,20.572,21.2328,20.3686,21.1124,7932381.8618991,0
DINO.US,D,20111017,000000,21.1458,21.3442,19.922,20.181,5726931.0777009,0
DINO.US,D,20111018,000000,20.1683,21.1683,19.2249,20.9864,5696343.5356252,0
DINO.US,D,20111019,000000,21.004,21.2064,19.7694,20.1214,4693394.3988786,0
DINO.US,D,20111020,000000,19.9854,20.4449,19.2474,20.2522,5368589.3268289,0
DINO.US,D,20111021,000000,20.6072,20.7058,20.1214,20.4507,2669023.9097578,0
DINO.US,D,20111024,000000,20.7792,20.919,19.3813,19.8447,6205612.8122542,0
DINO.US,D,20111025,000000,18.7948,18.8016,17.1476,17.4488,12715438.678848,0
DINO.US,D,20111026,000000,18.1799,18.6599,17.7401,18.5211,6038482.0731547,0
DINO.US,D,20111027,000000,19.1497,19.7959,18.7107,19.5837,5521860.5334856,0
DINO.US,D,20111028,000000,19.614,19.7547,19.088,19.4292,2409608.8171249,0
DINO.US,D,20111031,000000,19.2601,19.2679,18.5983,18.7186,4898314.5628703,0
DINO.US,D,20111101,000000,18.1682,18.9248,17.9307,18.5818,6793197.4495389,0
DINO.US,D,20111102,000000,19.0098,19.394,18.6384,19.2592,3280675.520784,0
DINO.US,D,20111103,000000,19.4009,20.1536,19.0431,19.8896,5010234.2770257,0
DINO.US,D,20111104,000000,19.8173,20.4556,19.4215,20.3579,3545097.1495681,0
DINO.US,D,20111107,000000,20.5906,20.8749,19.9854,20.2954,5949925.5123746,0
DINO.US,D,20111108,000000,20.6551,20.6551,19.5387,19.8642,5332221.8645952,0
DINO.US,D,20111109,000000,19.4595,19.5514,18.4498,18.5818,8832381.9251746,0
DINO.US,D,20111110,000000,19.0265,19.0998,16.9747,18.1555,14247365.085471,0
DINO.US,D,20111111,000000,18.7958,18.8251,17.1115,17.3618,10715352.03835,0
DINO.US,D,20111114,000000,16.7293,17.265,16.4654,16.7703,12965262.173003,0
DINO.US,D,20111115,000000,17.1018,17.4419,16.7293,16.8221,10788401.022195,0
DINO.US,D,20111116,000000,15.4547,16.1018,14.8251,15.1369,25130429.946915,0
DINO.US,D,20111117,000000,15.4058,15.4058,14.4859,14.5944,12046840.020841,0
DINO.US,D,20111118,000000,14.7919,15.048,14.4409,14.8662,7002152.3046994,0
DINO.US,D,20111121,000000,14.5475,15.1828,14.3334,14.7391,7278244.2572292,0
DINO.US,D,20111122,000000,14.9629,15.0392,14.0607,14.6589,7856097.1457592,0
DINO.US,D,20111123,000000,14.4096,14.5671,13.6618,13.6618,7111273.1053057,0
DINO.US,D,20111125,000000,13.6247,13.9375,13.4937,13.5612,1663550.0220466,0
DINO.US,D,20111128,000000,14.2337,14.3422,13.9034,14.0342,4298507.1846918,0
DINO.US,D,20111129,000000,14.0342,14.2473,13.7782,14.1174,5417677.7283842,0
DINO.US,D,20111130,000000,14.8202,14.8682,14.1711,14.5016,5932487.5444073,0
DINO.US,D,20111201,000000,14.5083,14.8359,14.4908,14.616,3922982.1915374,0
DINO.US,D,20111202,000000,15.1741,15.6296,15.0343,15.264,7010437.5389225,0
DINO.US,D,20111205,000000,15.611,15.6805,14.829,14.9229,6149991.5664282,0
DINO.US,D,20111206,000000,14.8475,15.0186,14.5143,14.6961,6230915.5636154,0
DINO.US,D,20111207,000000,14.6042,14.6922,14.3471,14.5475,4088120.1369258,0
DINO.US,D,20111208,000000,14.521,14.5671,13.6648,13.7625,5548765.2945756,0
DINO.US,D,20111209,000000,13.9014,14.4214,13.8064,14.3657,5028545.8824824,0
DINO.US,D,20111212,000000,14.1907,14.1975,13.6081,13.9131,4629992.2552256,0
DINO.US,D,20111213,000000,14.003,14.1154,13.5005,13.6579,4472904.255275,0
DINO.US,D,20111214,000000,13.5387,13.7937,13.2357,13.7078,5478956.1350022,0
DINO.US,D,20111215,000000,13.8672,13.958,13.527,13.7411,6956691.4424151,0
DINO.US,D,20111216,000000,13.9972,14.526,13.9071,14.1017,9934884.8159226,0
DINO.US,D,20111219,000000,13.9707,14.091,13.6424,13.7469,4219423.5550028,0
DINO.US,D,20111220,000000,14.0314,14.2327,13.872,14.1584,4029782.8401229,0
DINO.US,D,20111221,000000,14.0724,14.2915,13.8251,14.2562,3069029.1665199,0
DINO.US,D,20111222,000000,14.3471,14.5475,14.2073,14.4644,8844357.1013465,0
DINO.US,D,20111223,000000,14.5788,14.6198,14.3158,14.6198,1832546.7035121,0
DINO.US,D,20111227,000000,14.6257,14.872,14.2915,14.8359,2472735.7751987,0
DINO.US,D,20111228,000000,14.8897,15.0343,14.3089,14.4468,3662753.8181035,0
DINO.US,D,20111229,000000,14.4341,14.5964,14.2503,14.5348,2311028.9540954,0
DINO.US,D,20111230,000000,14.5562,14.7294,14.438,14.6589,2598513.9988023,0
DINO.US,D,20120103,000000,15.0411,15.913,15.0108,15.8124,6745266.0550101,0
DINO.US,D,20120104,000000,15.913,16.4829,15.5885,16.3343,11387758.282697,0
DINO.US,D,20120105,000000,15.7224,16.3941,15.5036,16.2934,9664467.4150949,0
DINO.US,D,20120106,000000,16.3343,16.87,16.1438,16.8036,6152157.2462467,0
DINO.US,D,20120109,000000,16.7499,16.7958,16.1184,16.2142,5817571.4787221,0
DINO.US,D,20120110,000000,16.4889,16.6023,16.1946,16.3266,3804438.5865812,0
DINO.US,D,20120111,000000,16.1877,16.6325,16.1497,16.5592,4078696.3095812,0
DINO.US,D,20120112,000000,16.5651,17.0089,16.4214,16.7958,4483695.8265579,0
DINO.US,D,20120113,000000,16.6491,17.2581,16.6023,17.1105,4976579.7967847,0
DINO.US,D,20120117,000000,17.3159,17.5123,17.2268,17.3852,4166881.5232786,0
DINO.US,D,20120118,000000,17.4546,17.7039,17.2972,17.568,5877083.1734615,0
DINO.US,D,20120119,000000,17.7117,17.7303,17.1105,17.5836,3970746.8379274,0
DINO.US,D,20120120,000000,17.5729,17.8486,17.4654,17.6481,2920409.5168472,0
DINO.US,D,20120123,000000,17.697,18.1125,17.6658,18.0108,3950699.2104337,0
DINO.US,D,20120124,000000,17.8486,18.0627,17.7196,18.0422,4027886.2079152,0
DINO.US,D,20120125,000000,18.0627,18.4811,17.9062,18.3872,3659978.4334329,0
DINO.US,D,20120126,000000,18.4751,18.5533,17.6481,18.1067,4985105.4347665,0
DINO.US,D,20120127,000000,18.0979,18.8124,18.0509,18.6335,4596715.2600355,0
DINO.US,D,20120130,000000,18.3872,18.8086,18.1995,18.7381,3633108.4541634,0
DINO.US,D,20120131,000000,18.8808,18.8907,18.3099,18.3804,5256323.8404587,0
DINO.US,D,20120201,000000,18.6082,19.1272,18.6082,19.0578,5307193.2758185,0
DINO.US,D,20120202,000000,19.1565,19.8339,19.0763,19.747,6860224.0634787,0
DINO.US,D,20120203,000000,20.1595,20.5367,20.0461,20.3188,7459317.3913438,0
DINO.US,D,20120206,000000,20.2904,20.6541,20.1184,20.5534,4809385.6320127,0
DINO.US,D,20120207,000000,20.57,20.9786,20.0842,20.7665,7813373.8173409,0
DINO.US,D,20120208,000000,20.8613,21.6219,20.6316,21.6022,8625484.3123926,0
DINO.US,D,20120209,000000,21.6668,21.9746,21.0725,21.4566,6461664.2982535,0
DINO.US,D,20120210,000000,21.1722,21.3442,20.8926,21.0509,4668505.9603783,0
DINO.US,D,20120213,000000,21.2992,21.4751,20.2982,20.3735,7876548.8561664,0
DINO.US,D,20120214,000000,20.7557,21.4507,20.5152,21.3617,8420984.5992301,0
DINO.US,D,20120215,000000,21.5534,21.6756,21.2161,21.3335,6698193.9760444,0
DINO.US,D,20120216,000000,21.306,22.3637,21.007,21.5837,6607897.3012485,0
DINO.US,D,20120217,000000,21.6687,21.7675,20.6834,20.8046,5996341.8517258,0
DINO.US,D,20120221,000000,21.0197,21.7518,21.0197,21.5367,5655845.220719,0
DINO.US,D,20120222,000000,21.6129,22.3472,21.4606,22.1037,7319939.4759556,0
DINO.US,D,20120223,000000,22.1458,22.2866,21.7069,22.0538,4341071.9489288,0
DINO.US,D,20120224,000000,22.1194,22.1506,21.1898,21.2298,5202517.3872629,0
DINO.US,D,20120227,000000,21.094,21.3579,20.7215,20.7587,11089205.458134,0
DINO.US,D,20120228,000000,20.7215,20.7215,19.4116,19.9619,13440098.47041,0
DINO.US,D,20120229,000000,20.1341,20.9023,20.0666,20.442,7034993.5041394,0
DINO.US,D,20120301,000000,20.6883,21.5534,20.2807,21.3774,6547477.1871992,0
DINO.US,D,20120302,000000,21.2298,21.5367,20.9963,21.175,6928053.7282723,0
DINO.US,D,20120305,000000,21.1683,21.79,20.8984,21.7196,7479201.3396824,0
DINO.US,D,20120306,000000,21.3881,21.3941,20.8368,21.0412,4267585.1233433,0
DINO.US,D,20120307,000000,21.094,21.6794,20.8056,21.2435,5206012.9602151,0
DINO.US,D,20120308,000000,21.5202,22.5915,21.4097,22.4957,6475072.6900256,0
DINO.US,D,20120309,000000,22.5339,22.9992,22.1302,22.827,5957011.7967879,0
DINO.US,D,20120312,000000,22.8701,22.8779,22.3882,22.5856,2545137.2033881,0
DINO.US,D,20120313,000000,22.8213,23.1897,22.6511,22.8701,4634069.9121724,0
DINO.US,D,20120314,000000,23.0578,23.1858,22.2114,22.4429,5735493.5434927,0
DINO.US,D,20120315,000000,22.484,22.7724,22.096,22.4644,5410902.4343652,0
DINO.US,D,20120316,000000,22.5856,22.9679,22.3598,22.9249,5884928.5199558,0
DINO.US,D,20120319,000000,22.8143,23.2425,22.5856,22.962,4125767.3655522,0
DINO.US,D,20120320,000000,22.6511,22.8574,22.3383,22.7303,5078795.3830429,0
DINO.US,D,20120321,000000,22.7303,22.9053,22.2347,22.262,3364562.1106754,0
DINO.US,D,20120322,000000,22.0158,22.1302,21.4625,21.66,4817777.2576865,0
DINO.US,D,20120323,000000,21.6668,22.1302,21.6336,21.9796,5233497.7593104,0
DINO.US,D,20120326,000000,21.8759,22.1595,21.5974,21.7938,3702374.4035414,0
DINO.US,D,20120327,000000,21.7166,21.742,20.8749,21.2846,6873222.2343688,0
DINO.US,D,20120328,000000,21.2435,21.2523,20.3539,20.5494,5865171.4229623,0
DINO.US,D,20120329,000000,20.091,20.5222,19.831,20.4302,7484848.2705272,0
DINO.US,D,20120330,000000,20.6209,20.7987,20.2269,20.5105,4473799.3756535,0
DINO.US,D,20120402,000000,20.4175,20.8691,20.0412,20.57,4329275.7968327,0
DINO.US,D,20120403,000000,20.6247,20.8994,20.2405,20.7538,6687968.1208408,0
DINO.US,D,20120404,000000,20.6072,21.1234,20.3393,20.6638,6231930.3743759,0
DINO.US,D,20120405,000000,20.5162,20.8437,19.6688,20.0696,4047821.3059898,0
DINO.US,D,20120409,000000,19.8485,20.2542,19.5738,20.1232,2819717.1697245,0
DINO.US,D,20120410,000000,20.0412,20.0773,18.7508,18.875,7948838.7779317,0
DINO.US,D,20120411,000000,19.177,19.2972,18.7967,18.8672,6922315.7508977,0
DINO.US,D,20120412,000000,18.9746,19.8485,18.916,19.4742,4024433.6007412,0
DINO.US,D,20120413,000000,19.439,19.5544,19.1341,19.1653,7346505.625794,0
DINO.US,D,20120416,000000,19.3443,19.3443,18.0509,18.1067,7993178.4380048,0
DINO.US,D,20120417,000000,18.2905,18.5055,18.0568,18.356,5576578.4749754,0
DINO.US,D,20120418,000000,18.2445,18.7049,18.1429,18.6501,4708793.5383723,0
DINO.US,D,20120419,000000,18.6912,19.3041,18.6599,19.2758,7523858.1281181,0
DINO.US,D,20120420,000000,19.3363,19.4322,18.9356,18.9796,5627661.7162312,0
DINO.US,D,20120423,000000,18.6912,19.1575,18.4761,19.1409,4396879.3797935,0
DINO.US,D,20120424,000000,19.1086,19.2934,18.9552,18.9981,3445076.9099752,0
DINO.US,D,20120425,000000,19.2034,19.2679,18.6912,19.1086,4185532.7629818,0
DINO.US,D,20120426,000000,19.0823,19.6336,18.9864,19.5406,3412904.749081,0
DINO.US,D,20120427,000000,19.7401,20.3559,19.6502,20.2259,5235208.2064792,0
DINO.US,D,20120430,000000,20.4967,20.5105,19.4292,19.6638,5339945.474718,0
DINO.US,D,20120501,000000,19.7244,20.0461,19.4722,19.5065,4414423.7392115,0
DINO.US,D,20120502,000000,19.4215,19.5611,19.1525,19.5299,3933834.1195087,0
DINO.US,D,20120503,000000,19.5202,19.658,19.091,19.311,5701921.9258238,0
DINO.US,D,20120504,000000,19.0696,19.264,18.6795,18.828,5547644.0923644,0
DINO.US,D,20120507,000000,18.6364,18.7763,18.1819,18.2982,6050767.2167261,0
DINO.US,D,20120508,000000,18.1965,18.655,18.0098,18.6237,5620402.5457106,0
DINO.US,D,20120509,000000,18.3158,19.2601,18.1526,19.2093,5095798.578255,0
DINO.US,D,20120510,000000,19.3315,19.5202,19.1252,19.3178,3426333.6007475,0
DINO.US,D,20120511,000000,19.1292,19.6227,18.9669,19.0421,4155433.1893867,0
DINO.US,D,20120514,000000,18.7567,18.8535,18.1379,18.4371,6102337.4034678,0
DINO.US,D,20120515,000000,18.4517,18.9277,17.8964,18.092,5703292.7387462,0
DINO.US,D,20120516,000000,18.1164,19.1086,18.1164,18.8701,6417565.0419391,0
DINO.US,D,20120517,000000,18.9053,19.1976,18.5309,18.5446,4012778.621916,0
DINO.US,D,20120518,000000,18.6501,18.8828,17.919,17.9903,5988492.4132527,0
DINO.US,D,20120521,000000,18.0714,19.4849,18.006,19.2787,6070497.715857,0
DINO.US,D,20120522,000000,19.3353,19.5691,18.5309,18.8153,16135240.45832,0
DINO.US,D,20120523,000000,18.655,19.4908,18.4986,19.4604,4510601.6106426,0
DINO.US,D,20120524,000000,19.5631,19.7645,19.3755,19.5885,4397006.2311386,0
DINO.US,D,20120525,000000,19.6286,19.9033,19.4429,19.6745,4293946.6742378,0
DINO.US,D,20120529,000000,19.8926,20.0656,19.4908,19.6707,5791059.5476039,0
DINO.US,D,20120530,000000,19.4604,19.917,18.9854,19.7049,4739048.6071646,0
DINO.US,D,20120531,000000,19.6638,19.7636,18.8897,19.1252,14583672.553106,0
DINO.US,D,20120601,000000,18.7284,19.5065,18.7284,19.2552,5794567.3964927,0
DINO.US,D,20120604,000000,19.182,19.5006,18.356,18.5309,6468856.9741175,0
DINO.US,D,20120605,000000,18.4731,19.4234,18.356,19.2934,4629399.9412837,0
DINO.US,D,20120606,000000,19.5065,20.1536,19.4577,20.1398,6509117.954249,0
DINO.US,D,20120607,000000,20.4497,20.9102,19.8877,19.9454,4006746.0220625,0
DINO.US,D,20120608,000000,19.8408,20.5319,19.6707,20.4351,4350670.7083702,0
DINO.US,D,20120611,000000,20.6941,20.7869,20.0743,20.2191,5902032.991645,0
DINO.US,D,20120612,000000,20.5798,21.1917,20.524,20.7812,7149422.6243387,0
DINO.US,D,20120613,000000,20.701,21.048,20.4918,20.6618,3073403.4919352,0
DINO.US,D,20120614,000000,20.747,21.1194,20.5319,20.8956,3492222.6445605,0
DINO.US,D,20120615,000000,20.8838,21.4176,20.7939,21.2425,3912929.2224412,0
DINO.US,D,20120618,000000,20.9561,21.6316,20.701,21.0636,5314865.7362053,0
DINO.US,D,20120619,000000,21.2425,21.9581,21.0979,21.8535,5613056.4206388,0
DINO.US,D,20120620,000000,21.918,22.4821,21.7821,21.9474,6085001.7349724,0
DINO.US,D,20120621,000000,22.0089,22.0314,20.6501,20.7283,7803537.7231249,0
DINO.US,D,20120622,000000,20.9288,21.529,20.7333,21.2288,10966245.584979,0
DINO.US,D,20120625,000000,20.9288,21.3392,20.7597,21.0412,4372589.3932034,0
DINO.US,D,20120626,000000,21.1106,21.5534,21.009,21.3207,3662149.228225,0
DINO.US,D,20120627,000000,21.4693,22.0089,21.0412,21.9014,3820652.0298708,0
DINO.US,D,20120628,000000,21.6707,22.2905,21.6541,22.1555,4973856.5848447,0
DINO.US,D,20120629,000000,22.8056,23.5319,22.8056,23.092,9133178.1771556,0
DINO.US,D,20120702,000000,23.4244,23.4664,22.918,23.2659,5522041.6035506,0
DINO.US,D,20120703,000000,23.5622,24.3178,23.4664,24.0959,4331870.1114382,0
DINO.US,D,20120705,000000,24.0891,24.2748,23.5378,23.92,4436197.1587948,0
DINO.US,D,20120706,000000,23.5885,24.0207,23.5622,23.747,2502975.4990702,0
DINO.US,D,20120709,000000,23.7245,23.92,23.4733,23.7333,3297580.5085032,0
DINO.US,D,20120710,000000,23.9552,23.9552,23.0421,23.2592,3319699.7003012,0
DINO.US,D,20120711,000000,23.2992,23.7176,23.0676,23.2894,4285810.7972436,0
DINO.US,D,20120712,000000,22.9962,23.5885,22.8124,23.4997,3843387.0644892,0
DINO.US,D,20120713,000000,23.5055,24.1575,23.5055,24.0334,3763895.2599076,0
DINO.US,D,20120716,000000,24.0451,24.4175,23.9121,24.3656,2372162.0954634,0
DINO.US,D,20120717,000000,24.4753,25.0314,24.3452,24.6688,3756673.9401915,0
DINO.US,D,20120718,000000,24.6688,24.9561,24.5455,24.5924,3799520.0279759,0
DINO.US,D,20120719,000000,24.8008,24.8075,23.6218,23.8173,4856883.2767811,0
DINO.US,D,20120720,000000,23.4997,23.9336,23.2709,23.5476,3516095.2493056,0
DINO.US,D,20120723,000000,23.1663,23.3276,22.5984,23.1722,4886021.2353409,0
DINO.US,D,20120724,000000,23.0021,23.0421,22.1692,22.4821,3338063.4784885,0
DINO.US,D,20120725,000000,22.525,22.6081,22.1106,22.5153,3210768.1537177,0
DINO.US,D,20120726,000000,22.6892,23.0491,22.2963,22.9357,3996251.1192481,0
DINO.US,D,20120727,000000,23.092,24.0207,22.9122,23.747,3632005.6658571,0
DINO.US,D,20120730,000000,23.7245,24.2015,23.615,24.0392,3234952.7718518,0
DINO.US,D,20120731,000000,23.8808,24.4957,23.8808,24.3716,3302416.2045363,0
DINO.US,D,20120801,000000,24.5212,24.7049,22.4878,24.2152,12775635.780048,0
DINO.US,D,20120802,000000,24.0334,24.7685,23.8594,24.2748,5768050.3504009,0
DINO.US,D,20120803,000000,24.7832,25.1946,24.2865,25.0373,3421996.1031421,0
DINO.US,D,20120806,000000,25.309,26.0665,25.2621,25.6804,5144934.0375672,0
DINO.US,D,20120807,000000,25.9884,26.2044,25.531,25.6932,4513212.2931636,0
DINO.US,D,20120808,000000,25.6932,25.9884,25.3687,25.5495,4937700.8825176,0
DINO.US,D,20120809,000000,25.5495,25.7509,25.2836,25.4214,4691426.1570407,0
DINO.US,D,20120810,000000,25.225,25.2768,24.7685,25.0792,3364517.0989077,0
DINO.US,D,20120813,000000,25.1526,25.9424,24.9786,25.8075,3142351.2899558,0
DINO.US,D,20120814,000000,25.9357,26.7069,25.9209,26.2816,7246161.0968754,0
DINO.US,D,20120815,000000,26.2806,26.3638,25.9082,26.0226,3147219.7218199,0
DINO.US,D,20120816,000000,26.092,26.4449,25.6864,26.399,2763765.4966045,0
DINO.US,D,20120817,000000,26.399,26.4762,25.9209,25.9884,4879879.1750526,0
DINO.US,D,20120820,000000,26.0538,26.2611,25.8437,26.1164,2814910.1175434,0
DINO.US,D,20120821,000000,26.399,26.5426,25.8496,25.9884,2532936.9683783,0
DINO.US,D,20120822,000000,25.8858,26.0745,25.6032,25.9287,2114333.6676385,0
DINO.US,D,20120823,000000,26.0481,26.0481,25.1116,25.6003,3426963.7654939,0
DINO.US,D,20120824,000000,25.5456,25.9287,25.3032,25.7372,1705931.6702289,0
DINO.US,D,20120827,000000,25.9287,26.6081,25.836,26.3873,3596271.4373539,0
DINO.US,D,20120828,000000,26.3374,26.9767,26.3374,26.662,4216879.3671385,0
DINO.US,D,20120829,000000,26.7332,26.7332,26.1947,26.3188,2424852.4614215,0
DINO.US,D,20120830,000000,26.0745,26.8017,26.0628,26.654,3062589.4147685,0
DINO.US,D,20120831,000000,26.8076,26.8526,26.1126,26.5955,3479721.6491035,0
DINO.US,D,20120904,000000,26.7089,26.7734,25.9424,26.4704,3412401.4356796,0
DINO.US,D,20120905,000000,26.5524,26.662,25.836,25.8848,3491713.1931909,0
DINO.US,D,20120906,000000,26.1203,26.7118,25.9571,26.1203,4805801.05852,0
DINO.US,D,20120907,000000,26.1008,26.5915,26.1008,26.1966,3571462.7924416,0
DINO.US,D,20120910,000000,26.267,26.5319,26.1263,26.2211,3579564.9106101,0
DINO.US,D,20120911,000000,26.4195,26.7499,26.2445,26.5192,4258871.2543331,0
DINO.US,D,20120912,000000,26.7342,27.0294,26.4312,26.5054,4607539.5671493,0
DINO.US,D,20120913,000000,26.4596,26.5613,25.7049,26.3394,5199835.0951116,0
DINO.US,D,20120914,000000,26.8975,27.8319,26.7714,27.8115,5626335.9150764,0
DINO.US,D,20120917,000000,27.7245,27.7929,27.2153,27.3609,8756750.9026596,0
DINO.US,D,20120918,000000,27.2397,27.3012,26.5054,26.7421,6397843.7497607,0
DINO.US,D,20120919,000000,26.6932,27.2826,26.6805,26.8691,3266042.6043342,0
DINO.US,D,20120920,000000,27.092,28.3892,26.9533,28.1057,5638589.3458116,0
DINO.US,D,20120921,000000,28.0812,28.2817,27.8516,27.9102,5165733.5661787,0
DINO.US,D,20120924,000000,27.8604,27.9591,27.3883,27.4967,2436204.63381,0
DINO.US,D,20120925,000000,27.6296,27.8858,26.9875,27.0411,3875799.6291422,0
DINO.US,D,20120926,000000,27.092,27.2699,26.4224,26.921,4647759.6274921,0
DINO.US,D,20120927,000000,26.9533,27.7567,26.8995,27.7039,4488683.9488041,0
DINO.US,D,20120928,000000,27.5886,27.9014,27.3696,27.6795,2753821.987943,0
DINO.US,D,20121001,000000,28.0403,28.1253,27.481,27.8125,3987133.1673243,0
DINO.US,D,20121002,000000,28.0627,28.1898,27.135,27.354,6924107.0146494,0
DINO.US,D,20121003,000000,27.3344,27.4078,26.3404,26.397,5119190.3754825,0
DINO.US,D,20121004,000000,26.2553,26.8711,25.9327,26.833,5050765.3277628,0
DINO.US,D,20121005,000000,27.092,27.525,26.9669,27.1516,6340058.8701056,0
DINO.US,D,20121008,000000,26.96,27.5026,26.5652,26.8213,3511142.9318746,0
DINO.US,D,20121009,000000,26.9386,27.1868,26.3696,26.4107,2104839.2536583,0
DINO.US,D,20121010,000000,26.3775,26.6297,25.2415,25.4381,5423663.2704807,0
DINO.US,D,20121011,000000,25.8868,26.094,25.2543,25.4781,3110150.4852095,0
DINO.US,D,20121012,000000,25.1233,25.397,24.7176,25.0627,4394414.9855173,0
DINO.US,D,20121015,000000,24.9963,25.397,24.7128,25.0441,3658394.8376091,0
DINO.US,D,20121016,000000,25.3178,25.5045,25.1097,25.4312,3660770.2313449,0
DINO.US,D,20121017,000000,25.5192,25.9122,25.397,25.7509,2837300.4029417,0
DINO.US,D,20121018,000000,25.6775,25.8682,25.5261,25.8389,2675672.3524317,0
DINO.US,D,20121019,000000,25.7734,26.1976,25.4977,25.6062,2506490.5089221,0
DINO.US,D,20121022,000000,25.6121,25.9806,25.1908,25.5045,2931557.090292,0
DINO.US,D,20121023,000000,25.1097,25.1184,24.2894,24.8672,8009288.5588279,0
DINO.US,D,20121024,000000,24.9522,25.3178,24.4997,24.7128,3773811.1477116,0
DINO.US,D,20121025,000000,24.9758,25.305,24.8867,25.305,2992543.9434151,0
DINO.US,D,20121026,000000,25.2885,26.2631,25.2885,26.0813,3650100.3964335,0
DINO.US,D,20121031,000000,26.0813,26.0813,25.3501,25.9062,3590598.9316412,0
DINO.US,D,20121101,000000,25.8027,26.2474,25.2465,25.8457,4369398.6726772,0
DINO.US,D,20121102,000000,26.0891,26.2221,25.2181,25.2973,5663375.4848401,0
DINO.US,D,20121105,000000,25.4576,26.1917,25.4576,26.1008,3452242.9879767,0
DINO.US,D,20121106,000000,26.2689,27.4302,26.1605,26.8808,5623823.4400484,0
DINO.US,D,20121107,000000,27.4518,27.7773,26.3853,27.2465,5608513.301095,0
DINO.US,D,20121108,000000,27.0079,27.8262,27.0079,27.1203,3452325.8505488,0
DINO.US,D,20121109,000000,27.3413,27.6913,27.0607,27.3287,3058382.8604871,0
DINO.US,D,20121112,000000,27.3883,28.0549,27.3883,27.745,3436035.6826554,0
DINO.US,D,20121113,000000,27.7039,28.308,27.4605,28.0784,3744811.2934386,0
DINO.US,D,20121114,000000,28.0784,28.5182,28.0227,28.2954,4614656.5414042,0
DINO.US,D,20121115,000000,28.1644,28.7058,28.137,28.3549,5467204.9946736,0
DINO.US,D,20121116,000000,28.6884,28.9513,28.3657,28.8907,5054729.432296,0
DINO.US,D,20121119,000000,29.2534,29.8965,29.2534,29.5857,4448347.2670634,0
DINO.US,D,20121120,000000,29.6043,30.1018,29.3735,29.92,3517401.6135609,0
DINO.US,D,20121121,000000,30.0363,30.3188,29.8673,30.2739,2596373.8938518,0
DINO.US,D,20121123,000000,30.5144,31.0921,30.357,30.8751,1947952.7836674,0
DINO.US,D,20121126,000000,30.7548,30.8193,30.3384,30.4195,5104445.9526083,0
DINO.US,D,20121127,000000,30.4929,30.6834,30.0441,30.4792,4221346.7850731,0
DINO.US,D,20121128,000000,30.2122,30.6972,29.9308,30.6766,2939050.5266031,0
DINO.US,D,20121129,000000,30.8868,31.051,30.4712,30.7118,3096385.0682807,0
DINO.US,D,20121130,000000,30.833,30.9288,30.5672,30.7724,4065363.6194184,0
DINO.US,D,20121203,000000,30.9543,31.0148,30.5094,30.7851,3686501.6174931,0
DINO.US,D,20121204,000000,30.7851,31.1193,30.5828,30.6355,3090628.6770011,0
DINO.US,D,20121205,000000,30.6141,30.8799,29.3599,29.3735,4580581.610334,0
DINO.US,D,20121206,000000,29.442,29.7704,29.1067,29.6405,4350870.1923402,0
DINO.US,D,20121207,000000,29.876,29.9444,29.3188,29.7646,4196053.2406643,0
DINO.US,D,20121210,000000,29.7881,30.1303,29.7646,29.9337,3720898.7918995,0
DINO.US,D,20121211,000000,30.2337,31.0744,30.0637,30.7851,4735179.6411402,0
DINO.US,D,20121212,000000,30.9855,31.2836,30.705,30.9767,2997753.0325205,0
DINO.US,D,20121213,000000,30.9767,31.0442,30.2211,30.8476,3137741.6757553,0
DINO.US,D,20121214,000000,30.7597,31.9562,30.6707,31.7803,3435489.4034758,0
DINO.US,D,20121217,000000,31.6863,31.9825,31.2005,31.5505,3744635.3383471,0
DINO.US,D,20121218,000000,31.7225,31.9523,31.5582,31.7617,2978745.7906555,0
DINO.US,D,20121219,000000,31.8565,32.0343,31.3784,31.5886,3996950.8476353,0
DINO.US,D,20121220,000000,31.6238,32.3217,31.6238,32.316,2634236.9743637,0
DINO.US,D,20121221,000000,31.8565,32.1145,31.3892,32.1145,6649992.5109099,0
DINO.US,D,20121224,000000,31.8302,32.1429,31.5143,31.6121,1211732.1287945,0
DINO.US,D,20121226,000000,31.7342,32.0803,31.4421,31.4421,1603687.4401186,0
DINO.US,D,20121227,000000,31.527,31.6786,30.5936,31.1878,2275514.6694566,0
DINO.US,D,20121228,000000,31.0744,31.0921,30.4322,30.5241,2268737.3294482,0
DINO.US,D,20121231,000000,30.5749,31.9523,30.3551,31.746,2738057.6393347,0
DINO.US,D,20130102,000000,32.5241,32.6688,31.2083,31.788,5152931.8102745,0
DINO.US,D,20130103,000000,31.7284,31.7617,30.2661,30.3823,5930010.8741944,0
DINO.US,D,20130104,000000,30.5329,30.6824,29.6814,30.2454,4677754.8556259,0
DINO.US,D,20130107,000000,30.1155,30.3608,29.1614,29.2641,6949188.7991514,0
DINO.US,D,20130108,000000,29.2641,29.7412,29.2641,29.6814,4457348.5975894,0
DINO.US,D,20130109,000000,29.8398,30.0705,29.5046,29.832,4347090.2268562,0
DINO.US,D,20130110,000000,30.1096,30.3775,29.8037,30.31,5095955.0964469,0
DINO.US,D,20130111,000000,30.2417,30.4712,30.0089,30.4635,5042865.7625485,0
DINO.US,D,20130114,000000,30.485,31.3599,30.3433,31.2484,4694091.0582817,0
DINO.US,D,20130115,000000,31.1331,31.963,31.1213,31.619,5319096.84236,0
DINO.US,D,20130116,000000,31.5964,32.2592,31.1478,31.619,5752885.4766976,0
DINO.US,D,20130117,000000,31.7617,31.878,30.8691,31.0109,4639674.9002337,0
DINO.US,D,20130118,000000,31.0109,31.0852,29.7098,30.1849,6479037.8175535,0
DINO.US,D,20130122,000000,30.2611,30.5134,30.0089,30.2211,4668060.9576758,0
DINO.US,D,20130123,000000,30.2856,31.878,30.1702,31.3042,7323590.5441051,0
DINO.US,D,20130124,000000,31.0295,32.1888,30.8272,31.9269,4768520.0620027,0
DINO.US,D,20130125,000000,31.9562,32.2945,31.8486,32.2396,3530017.1844264,0
DINO.US,D,20130128,000000,32.2592,32.874,31.9054,32.703,2921972.6527766,0
DINO.US,D,20130129,000000,33.3336,34.6464,33.2289,34.44,6258526.191061,0
DINO.US,D,20130130,000000,34.7842,34.9171,34.0539,34.3443,3282315.3813174,0
DINO.US,D,20130131,000000,34.3296,35.8037,34.1878,35.615,6513460.5668279,0
DINO.US,D,20130201,000000,36.0021,36.6718,35.6414,35.9884,5325860.8834371,0
DINO.US,D,20130204,000000,35.7538,36.6092,35.5652,36.2054,3864195.8000532,0
DINO.US,D,20130205,000000,36.3101,37.1703,36.3101,37.0246,4701109.8250436,0
DINO.US,D,20130206,000000,36.8986,37.1605,36.2359,36.6962,4523182.3996876,0
DINO.US,D,20130207,000000,36.7929,37.5505,36.4587,37.2075,6085038.5627824,0
DINO.US,D,20130208,000000,37.3413,38.3687,37.2993,38.3687,4763033.7413287,0
DINO.US,D,20130211,000000,38.5662,38.9211,38.2318,38.2954,5226127.0823653,0
DINO.US,D,20130212,000000,38.2241,38.3228,37.1214,37.7284,5441129.8823002,0
DINO.US,D,20130213,000000,37.8506,38.3404,37.7333,38.2807,2962092.459637,0
DINO.US,D,20130214,000000,38.1986,38.702,37.9123,38.575,2993061.5787425,0
DINO.US,D,20130215,000000,38.4489,38.4998,37.4889,37.8839,4433705.1436611,0
DINO.US,D,20130219,000000,37.921,38.527,37.8839,38.4127,3261367.5184718,0
DINO.US,D,20130220,000000,38.0412,38.3404,36.5867,36.6385,5916535.9877656,0
DINO.US,D,20130221,000000,36.6238,37.6092,35.4811,37.1703,7325461.6014448,0
DINO.US,D,20130222,000000,37.4988,37.9053,37.01,37.8506,2881167.4394551,0
DINO.US,D,20130225,000000,38.1938,38.5125,37.2152,37.2397,4747614.1419405,0
DINO.US,D,20130226,000000,36.5271,37.1703,35.2602,37.0334,11033407.234221,0
DINO.US,D,20130227,000000,36.9924,38.5397,36.787,37.9797,8224436.6240125,0
DINO.US,D,20130228,000000,38.0891,38.6639,37.9348,38.3286,5071538.2585116,0
DINO.US,D,20130301,000000,38.2377,39.4225,37.6033,39.1898,6460084.7944085,0
DINO.US,D,20130304,000000,39.2641,40.2406,38.9757,40.2064,5957841.4455045,0
DINO.US,D,20130305,000000,40.5858,40.7353,39.3932,39.75,3777213.6281445,0
DINO.US,D,20130306,000000,40.054,40.5965,39.6072,40.0217,2824618.3374196,0
DINO.US,D,20130307,000000,40.2476,40.2476,38.5554,39.1047,6754724.6641749,0
DINO.US,D,20130308,000000,39.3619,39.5173,38.3219,38.5975,6599430.9969603,0
DINO.US,D,20130311,000000,38.4938,38.4938,37.313,37.5447,6512633.9870956,0
DINO.US,D,20130312,000000,37.4889,37.9015,37.2504,37.8057,6402682.514778,0
DINO.US,D,20130313,000000,36.9532,37.618,35.8047,36.0471,14237864.533523,0
DINO.US,D,20130314,000000,36.2044,36.5935,35.8947,36.312,6331573.1289177,0
DINO.US,D,20130315,000000,36.3922,36.9357,36.2768,36.6073,4965502.8099756,0
DINO.US,D,20130318,000000,36.2044,37.1478,36.055,36.7509,3529396.2266324,0
DINO.US,D,20130319,000000,36.7264,36.7939,35.1497,35.4518,5309804.9813341,0
DINO.US,D,20130320,000000,35.7715,36.7421,35.4752,36.615,4506311.1707942,0
DINO.US,D,20130321,000000,36.5066,36.7676,35.6736,35.8809,3192455.5252664,0
DINO.US,D,20130322,000000,36.0344,36.5466,35.6482,35.6873,4362138.4791618,0
DINO.US,D,20130325,000000,35.8947,36.4069,34.7842,34.8868,6395135.8827414,0
DINO.US,D,20130326,000000,35.0804,35.7969,34.7959,35.6287,4202614.7287872,0
DINO.US,D,20130327,000000,35.5223,35.8047,34.8291,35.6679,4342508.2335132,0
DINO.US,D,20130328,000000,35.7832,36.269,35.4752,35.5975,4253145.5528951,0
DINO.US,D,20130401,000000,35.6131,35.7832,34.9503,35.5223,3532651.3958259,0
DINO.US,D,20130402,000000,35.5818,35.7138,34.006,34.1595,6293778.5890519,0
DINO.US,D,20130403,000000,34.1038,34.2504,31.7508,33.0305,12081736.41667,0
DINO.US,D,20130404,000000,32.7753,33.8613,32.3815,33.3862,5396965.1543238,0
DINO.US,D,20130405,000000,32.7558,33.5485,32.3999,33.0188,3949792.8371134,0
DINO.US,D,20130408,000000,33.2182,33.9395,32.5808,33.9395,4375931.5169479,0
DINO.US,D,20130409,000000,33.8408,34.5524,33.439,33.7851,5034513.0106739,0
DINO.US,D,20130410,000000,34.1663,34.2132,33.5358,33.5936,4187984.8813214,0
DINO.US,D,20130411,000000,33.5847,33.5936,31.9326,32.1449,6236781.41533,0
DINO.US,D,20130412,000000,31.8701,32.5133,31.4957,32.3999,4778954.6081289,0
DINO.US,D,20130415,000000,31.8897,32.1262,31.309,31.7587,6662551.8170659,0
DINO.US,D,20130416,000000,32.1038,33.3648,32.0001,32.9064,6360720.29443,0
DINO.US,D,20130417,000000,32.4889,32.6922,31.8399,32.4381,5396795.3372005,0
DINO.US,D,20130418,000000,33.0442,33.7549,32.7001,33.5564,5919013.6809732,0
DINO.US,D,20130419,000000,33.6278,34.8799,33.3336,34.5407,6099337.982954,0
DINO.US,D,20130422,000000,34.6033,34.9767,34.0814,34.6786,5020964.4686254,0
DINO.US,D,20130423,000000,34.8027,35.5447,34.7323,35.2025,3991882.9318011,0
DINO.US,D,20130424,000000,35.4176,36.5788,35.3922,36.0051,6320463.4062775,0
DINO.US,D,20130425,000000,36.2984,36.3237,34.8429,35.1342,9695499.959873,0
DINO.US,D,20130426,000000,35.0979,35.2221,34.2192,34.707,3336572.9751841,0
DINO.US,D,20130429,000000,34.9767,35.3481,34.4958,34.7558,3713135.2849827,0
DINO.US,D,20130430,000000,34.8868,35.1831,33.6962,34.2132,5806625.4352368,0
DINO.US,D,20130501,000000,33.9015,33.9015,32.9425,33.2182,5781985.584453,0
DINO.US,D,20130502,000000,33.5641,34.3834,33.2963,34.2993,4252272.9384005,0
DINO.US,D,20130503,000000,34.006,35.2553,34.006,34.9121,3550813.6440537,0
DINO.US,D,20130506,000000,34.9563,36.2611,34.9563,35.792,5813582.8223156,0
DINO.US,D,20130507,000000,35.0862,35.9161,34.5965,35.7832,7079134.7032372,0
DINO.US,D,20130508,000000,35.6287,35.9719,34.4899,34.789,7790805.5308615,0
DINO.US,D,20130509,000000,34.6571,34.7196,33.6355,34.2192,6493086.6040192,0
DINO.US,D,20130510,000000,33.8496,33.8496,32.9679,33.2113,6571653.6213757,0
DINO.US,D,20130513,000000,33.143,33.2035,32.2573,32.8516,4555524.3777051,0
DINO.US,D,20130514,000000,32.8516,33.3217,32.6434,32.8575,4091642.3077408,0
DINO.US,D,20130515,000000,32.8937,34.1928,32.8937,33.5094,6650630.8596141,0
DINO.US,D,20130516,000000,33.6512,33.9239,32.6922,32.7147,5603549.730722,0
DINO.US,D,20130517,000000,32.7401,34.3511,32.7343,34.139,7575983.8009919,0
DINO.US,D,20130520,000000,34.228,34.8799,34.1595,34.5183,5866252.7283794,0
DINO.US,D,20130521,000000,34.6365,34.7489,33.7441,33.7705,5094798.0894205,0
DINO.US,D,20130522,000000,33.8702,34.4352,33.5641,34.2827,6647395.1273202,0
DINO.US,D,20130523,000000,33.7549,34.311,33.2876,33.875,5604280.1489509,0
DINO.US,D,20130524,000000,33.7929,34.0988,33.2738,34.0647,2202340.8802548,0
DINO.US,D,20130528,000000,34.4821,35.2025,34.3159,34.7216,2909679.3252474,0
DINO.US,D,20130529,000000,34.6033,35.3863,34.3423,35.2748,4711065.6096416,0
DINO.US,D,20130530,000000,35.2553,35.4791,34.6863,34.9816,3415378.3503098,0
DINO.US,D,20130531,000000,34.9543,35.5476,34.6023,34.6023,3419246.2933395,0
DINO.US,D,20130603,000000,34.6512,34.8242,33.309,33.6727,4582595.8869342,0
DINO.US,D,20130604,000000,33.5534,33.8008,32.8623,33.4499,3302944.069811,0
DINO.US,D,20130605,000000,33.2671,33.5896,32.4645,32.8398,3702573.8875115,0
DINO.US,D,20130606,000000,32.8477,33.5114,32.7568,33.4058,2159941.8411622,0
DINO.US,D,20130607,000000,33.5192,33.5681,32.9318,33.0353,2278679.8151148,0
DINO.US,D,20130610,000000,33.2681,33.4087,32.4019,32.5994,3902526.3891514,0
DINO.US,D,20130611,000000,32.0735,32.1829,31.7148,31.7148,4708630.8822122,0
DINO.US,D,20130612,000000,32.0442,32.4322,31.7568,31.8467,4326813.4485458,0
DINO.US,D,20130613,000000,31.7235,32.3462,31.3217,32.0872,4279025.2732774,0
DINO.US,D,20130614,000000,32.0373,32.1829,31.7352,31.791,2815172.0041913,0
DINO.US,D,20130617,000000,31.9708,32.1576,31.2915,31.4264,5136184.3637421,0
DINO.US,D,20130618,000000,31.5867,31.8085,31.0226,31.137,6683256.2071685,0
DINO.US,D,20130619,000000,31.2553,31.7783,31.094,31.1096,4458821.7099836,0
DINO.US,D,20130620,000000,30.6942,30.7215,29.7372,30.138,5557284.7945892,0
DINO.US,D,20130621,000000,30.2309,30.3696,28.8447,29.2172,7636057.1198318,0
DINO.US,D,20130624,000000,28.9767,28.9767,28.1116,28.6532,4641546.9805681,0
DINO.US,D,20130625,000000,28.9631,29.8526,28.8408,29.6814,5480801.6174738,0
DINO.US,D,20130626,000000,29.8623,30.399,29.7372,30.1223,4217093.1730346,0
DINO.US,D,20130627,000000,30.2651,30.6033,29.8223,30.0373,5193272.583994,0
DINO.US,D,20130628,000000,30.228,30.4889,29.879,30.2826,4823448.7404045,0
DINO.US,D,20130701,000000,29.7793,30.1223,28.4919,28.6599,6211923.6666711,0
DINO.US,D,20130702,000000,28.7587,28.8447,28.0842,28.2748,6336730.0452924,0
DINO.US,D,20130703,000000,28.0902,28.6277,27.5143,28.5563,3919373.0661714,0
DINO.US,D,20130705,000000,28.5964,28.7675,27.4225,27.9708,4301348.0410244,0
DINO.US,D,20130708,000000,28.1389,29.4127,28.0784,29.2249,5296515.2569493,0
DINO.US,D,20130709,000000,29.3511,29.7108,28.8564,29.5251,3931249.0118556,0
DINO.US,D,20130710,000000,29.4693,29.6951,28.1594,28.3629,4681081.6344497,0
DINO.US,D,20130711,000000,28.8075,29.8623,28.6346,29.7919,3906962.0942497,0
DINO.US,D,20130712,000000,29.4224,30.9914,29.3159,30.2768,4935016.5443769,0
DINO.US,D,20130715,000000,30.399,30.6453,29.9229,29.9395,3464042.2090569,0
DINO.US,D,20130716,000000,29.9395,30.1878,29.1585,29.7431,3958599.7986428,0
DINO.US,D,20130717,000000,29.8369,30.0051,29.3862,29.4361,2571015.9007758,0
DINO.US,D,20130718,000000,29.4772,29.7157,28.8018,28.8408,3330683.5945911,0
DINO.US,D,20130719,000000,28.7793,29.9347,28.569,29.8437,4301780.7677902,0
DINO.US,D,20130722,000000,29.9845,30.4283,29.5974,30.3551,3139670.0207993,0
DINO.US,D,20130723,000000,30.7764,31.1292,30.4127,30.5896,3649296.322585,0
DINO.US,D,20130724,000000,30.659,30.7597,29.9152,30.2905,2094310.592018,0
DINO.US,D,20130725,000000,30.2905,31.1996,30.0373,31.0597,3017082.5177219,0
DINO.US,D,20130726,000000,31.0148,31.2788,30.5954,31.2073,2058388.1324867,0
DINO.US,D,20130729,000000,31.7392,32.2563,31.5602,32.094,4520747.6722582,0
DINO.US,D,20130730,000000,32.094,32.2367,31.2484,32.05,4026492.889109,0
DINO.US,D,20130731,000000,32.1361,32.2621,31.5602,32.0442,4039134.0348424,0
DINO.US,D,20130801,000000,32.4244,33.2123,32.1145,32.5788,5739322.6127231,0
DINO.US,D,20130802,000000,32.5994,32.7763,31.6697,31.7304,3882200.5070943,0
DINO.US,D,20130805,000000,31.7695,31.8545,31.1292,31.6571,3854005.7496647,0
DINO.US,D,20130806,000000,31.7783,32.8535,31.6571,32.3071,6265038.5754374,0
DINO.US,D,20130807,000000,32.2681,32.8535,31.0451,31.2788,7298349.172427,0
DINO.US,D,20130808,000000,31.3511,32.0794,31.0148,31.9708,4471936.5022715,0
DINO.US,D,20130809,000000,32.0325,32.2563,31.3677,31.483,3715588.4263171,0
DINO.US,D,20130812,000000,31.4116,31.8897,31.3677,31.6414,2745889.6868977,0
DINO.US,D,20130813,000000,31.7695,31.8467,31.3062,31.8389,4329016.9791689,0
DINO.US,D,20130814,000000,31.8692,32.2915,31.5867,32.0667,2793826.1964002,0
DINO.US,D,20130815,000000,31.8624,32.0031,31.4411,31.616,3852230.8538285,0
DINO.US,D,20130816,000000,31.3756,31.4341,30.8565,31.2377,3346174.8036096,0
DINO.US,D,20130819,000000,31.1791,31.229,30.4967,30.8565,4255036.0471344,0
DINO.US,D,20130820,000000,30.7851,32.4547,30.5662,32.2748,4222276.687272,0
DINO.US,D,20130821,000000,32.1439,32.4674,31.5739,32.2681,3920321.3822753,0
DINO.US,D,20130822,000000,32.4508,32.8174,31.9914,32.575,2784099.5626192,0
DINO.US,D,20130823,000000,32.6971,32.9718,32.3775,32.6971,3059973.6172739,0
DINO.US,D,20130826,000000,32.7596,32.8682,32.1419,32.2915,1768689.3272094,0
DINO.US,D,20130827,000000,32.1116,32.2367,31.5074,31.9679,2924304.0577396,0
DINO.US,D,20130828,000000,32.1702,32.3472,31.658,31.75,2630035.5350558,0
DINO.US,D,20130829,000000,31.8212,32.5818,31.7078,32.2748,2806046.8913045,0
DINO.US,D,20130830,000000,32.6307,32.8076,31.7568,31.8349,2653637.0462006,0
DINO.US,D,20130903,000000,32.1449,32.3805,31.4361,31.75,4296102.1241092,0
DINO.US,D,20130904,000000,31.8007,32.3247,31.3696,32.2309,2955845.0308926,0
DINO.US,D,20130905,000000,32.2798,32.7666,31.5007,31.5515,4069007.5266048,0
DINO.US,D,20130906,000000,31.6004,31.7011,30.6834,31.2846,5418484.8712169,0
DINO.US,D,20130909,000000,30.9992,31.0921,30.14,30.6697,6282425.3936687,0
DINO.US,D,20130910,000000,30.6834,30.791,30.1898,30.6903,3817420.3895559,0
DINO.US,D,20130911,000000,30.7128,30.791,29.967,30.2454,3586754.51749,0
DINO.US,D,20130912,000000,30.2454,30.3598,29.7235,29.9366,3224055.832113,0
DINO.US,D,20130913,000000,30.1517,30.5241,30.0441,30.1038,3101739.422636,0
DINO.US,D,20130916,000000,30.4488,30.5241,29.8486,30.0031,3766709.5183775,0
DINO.US,D,20130917,000000,30.0539,30.1595,29.5896,29.7616,2841973.4428147,0
DINO.US,D,20130918,000000,29.8251,29.9327,29.5173,29.6462,3309226.2803757,0
DINO.US,D,20130919,000000,29.8164,30.0539,29.3227,29.4508,3185788.6686875,0
DINO.US,D,20130920,000000,29.5173,29.7861,29.2162,29.659,5298315.7276535,0
DINO.US,D,20130923,000000,29.4811,29.6884,29.3589,29.5955,2941769.6465642,0
DINO.US,D,20130924,000000,29.7948,30.5563,29.6961,30.2142,4320446.3294194,0
DINO.US,D,20130925,000000,30.227,31.2436,30.2191,30.9425,4185631.9934695,0
DINO.US,D,20130926,000000,31.0714,31.1986,30.268,30.5064,2971870.243154,0
DINO.US,D,20130927,000000,30.4967,30.6483,30.2337,30.5613,2466127.2293188,0
DINO.US,D,20130930,000000,30.3706,30.4449,29.8653,30.3433,3413570.7186427,0
DINO.US,D,20131001,000000,30.0774,30.6483,29.8663,29.9523,5276377.6059206,0
DINO.US,D,20131002,000000,29.8593,30.3902,29.744,30.2064,3882517.6354571,0
DINO.US,D,20131003,000000,30.0539,30.2191,29.6884,29.9366,2296493.2221437,0
DINO.US,D,20131004,000000,29.7108,30.0373,29.3452,29.9122,2962655.106732,0
DINO.US,D,20131007,000000,29.4958,29.8037,29.1936,29.4958,3534629.8676109,0
DINO.US,D,20131008,000000,29.5436,29.5661,28.6874,28.9493,5344023.1316648,0
DINO.US,D,20131009,000000,28.8799,28.9229,28.3931,28.4498,5241733.889787,0
DINO.US,D,20131010,000000,28.9162,30.2142,28.8633,30.1976,6549176.3814262,0
DINO.US,D,20131011,000000,30.1233,31.0129,30.0099,30.6101,5389649.7190936,0
DINO.US,D,20131014,000000,30.482,30.5926,30.0988,30.4273,2552237.8097277,0
DINO.US,D,20131015,000000,30.6101,31.1498,30.5984,30.9425,3757906.6488269,0
DINO.US,D,20131016,000000,31.1848,31.5339,30.8037,30.922,3904324.813866,0
DINO.US,D,20131017,000000,30.8193,31.6786,30.8037,31.6492,4579132.0268182,0
DINO.US,D,20131018,000000,31.8075,32.1937,31.4713,32.1664,3532842.6958382,0
DINO.US,D,20131021,000000,32.3433,32.6385,32.05,32.1664,3049644.4396037,0
DINO.US,D,20131022,000000,32.2875,32.658,31.9758,32.5662,4552332.6341842,0
DINO.US,D,20131023,000000,32.6444,33.6532,32.1322,32.2026,6373863.7305702,0
DINO.US,D,20131024,000000,32.138,32.1517,31.2553,31.3344,5054511.5344211,0
DINO.US,D,20131025,000000,31.5183,31.7362,31.1848,31.5515,2664602.5265855,0
DINO.US,D,20131028,000000,31.8007,32.7391,31.6414,31.8007,3511858.0051827,0
DINO.US,D,20131029,000000,32.1155,32.5808,31.9249,32.0363,2772535.6303239,0
DINO.US,D,20131030,000000,32.0315,33.5329,31.7245,33.5075,7669306.4941644,0
DINO.US,D,20131031,000000,33.6365,33.9953,33.0735,33.1869,5030727.9302164,0
DINO.US,D,20131101,000000,33.0745,33.3453,32.3599,33.3247,5107219.2912895,0
DINO.US,D,20131104,000000,33.5192,33.5828,33.0041,33.3393,3791068.0456137,0
DINO.US,D,20131105,000000,33.312,33.5075,33.0041,33.2484,3663778.8588112,0
DINO.US,D,20131106,000000,32.9474,33.1058,30.7978,31.0969,8819282.4778074,0
DINO.US,D,20131107,000000,31.05,31.5183,30.5064,31.0804,7225075.1297429,0
DINO.US,D,20131108,000000,31.1761,31.793,30.8995,31.6346,3603032.4094468,0
DINO.US,D,20131111,000000,31.7245,31.7724,31.1986,31.4713,2759645.896874,0
DINO.US,D,20131112,000000,31.5133,32.6532,31.3696,32.4674,5031633.2805421,0
DINO.US,D,20131113,000000,32.4537,32.8907,31.8594,32.138,7327816.5352862,0
DINO.US,D,20131114,000000,32.4146,33.4762,32.2592,33.3453,10864248.919591,0
DINO.US,D,20131115,000000,33.4832,33.619,32.6815,33.2983,6237758.3752857,0
DINO.US,D,20131118,000000,33.4489,33.708,33.3179,33.397,4104031.7967735,0
DINO.US,D,20131119,000000,33.3853,33.5261,32.8174,32.8907,4849473.7260368,0
DINO.US,D,20131120,000000,33.0901,33.2406,32.7451,32.9816,3544620.4340294,0
DINO.US,D,20131121,000000,32.9669,33.1272,32.5887,32.6679,5467645.9053971,0
DINO.US,D,20131122,000000,32.8692,33.4762,32.5593,33.2182,6107735.7465961,0
DINO.US,D,20131125,000000,33.397,34.1556,33.1058,34.0509,6773003.5338007,0
DINO.US,D,20131126,000000,34.137,34.3598,33.4499,33.7734,5226865.6845519,0
DINO.US,D,20131127,000000,33.8613,35.792,33.8105,35.6766,8581721.6213405,0
DINO.US,D,20131129,000000,36.0081,36.0158,34.788,34.9406,3824277.5231524,0
DINO.US,D,20131202,000000,34.8291,36.1409,34.3765,35.5799,5467119.0631172,0
DINO.US,D,20131203,000000,36.3677,36.8682,35.0921,35.136,8025182.8277653,0
DINO.US,D,20131204,000000,34.3717,34.5906,33.2202,33.3511,7829474.7312114,0
DINO.US,D,20131205,000000,33.5633,34.2484,32.9219,33.2299,8264797.8576265,0
DINO.US,D,20131206,000000,33.4899,34.534,33.4547,34.1595,5327678.7450514,0
DINO.US,D,20131209,000000,34.6629,35.2015,33.7314,33.7646,6332548.0428842,0
DINO.US,D,20131210,000000,33.6434,34.1096,32.9219,33.9112,4867889.6769548,0
DINO.US,D,20131211,000000,33.7509,33.7509,32.9797,33.439,4604687.4578748,0
DINO.US,D,20131212,000000,33.3355,33.7568,33.2055,33.3941,2413617.9334257,0
DINO.US,D,20131213,000000,33.4899,33.5711,32.6013,33.0021,3467189.963805,0
DINO.US,D,20131216,000000,33.5711,34.8077,33.4762,34.7352,7930517.9655225,0
DINO.US,D,20131217,000000,34.5749,34.9102,34.0285,34.6845,4833218.3399638,0
DINO.US,D,20131218,000000,34.7431,35.2015,34.3062,35.1233,5138384.825381,0
DINO.US,D,20131219,000000,35.1526,35.5652,34.1185,34.4518,4327377.1186356,0
DINO.US,D,20131220,000000,34.5467,35.3609,34.5467,35.2377,12291034.998056,0
DINO.US,D,20131223,000000,35.3922,36.0081,35.3462,35.9738,4043851.0634882,0
DINO.US,D,20131224,000000,35.8849,36.1713,35.7177,35.9308,1334811.6923313,0
DINO.US,D,20131226,000000,35.8722,36.3374,35.8722,36.1409,2223555.7447218,0
DINO.US,D,20131227,000000,36.1947,36.3022,35.6825,35.8994,2272635.9623195,0
DINO.US,D,20131230,000000,35.9308,36.0774,34.968,35.488,3084221.6610807,0
DINO.US,D,20131231,000000,35.5935,36.361,35.5935,36.184,2973910.0946223,0
DINO.US,D,20140102,000000,35.8047,36.3296,35.5223,36.2289,3366527.2835292,0
DINO.US,D,20140103,000000,36.2123,36.614,35.7588,35.9464,2888366.2532873,0
DINO.US,D,20140106,000000,35.6893,36.2123,35.5593,36.0627,4104114.6593456,0
DINO.US,D,20140107,000000,36.2446,36.2446,35.2456,35.6746,4631956.4050846,0
DINO.US,D,20140108,000000,35.8125,35.8849,35.2945,35.5759,3986691.2336059,0
DINO.US,D,20140109,000000,35.6825,36.5985,35.5378,36.5622,6447327.0272772,0
DINO.US,D,20140110,000000,36.5016,36.9485,35.8722,36.2573,3268759.6783059,0
DINO.US,D,20140113,000000,35.9796,36.3296,35.2612,35.488,4058286.5419575,0
DINO.US,D,20140114,000000,35.6893,35.88,34.8946,35.4401,3832362.2504106,0
DINO.US,D,20140115,000000,35.3999,35.4332,34.699,35.136,4045723.1438226,0
DINO.US,D,20140116,000000,34.9963,35.0715,34.3404,34.5819,3586142.7666485,0
DINO.US,D,20140117,000000,34.487,35.2015,34.3404,34.9563,3721871.6598766,0
DINO.US,D,20140121,000000,35.1644,35.835,35.1644,35.5223,3392654.5686333,0
DINO.US,D,20140122,000000,35.5848,35.8927,34.7715,35.0784,3027058.7622142,0
DINO.US,D,20140123,000000,34.6189,35.2945,34.2827,34.788,3213838.1608672,0
DINO.US,D,20140124,000000,34.4665,34.7206,33.8184,34.0002,3355479.9635667,0
DINO.US,D,20140127,000000,34.0657,34.444,33.6307,34.0129,3024414.3208676,0
DINO.US,D,20140128,000000,34.0353,34.183,33.5192,33.8486,2503749.9060719,0
DINO.US,D,20140129,000000,33.7372,35.5143,33.5329,34.8077,7115127.7494041,0
DINO.US,D,20140130,000000,34.968,35.2612,34.1527,34.2338,3450974.474526,0
DINO.US,D,20140131,000000,33.9709,34.7206,33.615,33.7187,4177613.7608678,0
DINO.US,D,20140203,000000,33.8261,33.8261,32.7128,32.8145,4300572.611028,0
DINO.US,D,20140204,000000,32.8575,32.8575,31.8751,32.1712,5174587.5854651,0
DINO.US,D,20140205,000000,32.1126,32.2661,31.4381,31.8075,4926853.0465252,0
DINO.US,D,20140206,000000,31.7646,32.0413,31.5074,31.9181,3835949.8928876,0
DINO.US,D,20140207,000000,32.1781,32.8262,31.9581,32.747,3459745.6312403,0
DINO.US,D,20140210,000000,32.7177,32.7616,31.5222,31.8516,3639237.2155204,0
DINO.US,D,20140211,000000,31.9796,32.7841,31.8428,32.397,3464209.9801907,0
DINO.US,D,20140212,000000,32.4899,32.7616,32.1576,32.3697,4015525.3627347,0
DINO.US,D,20140213,000000,32.1224,32.8203,32.1224,32.8046,2637804.1569462,0
DINO.US,D,20140214,000000,32.6444,33.7117,32.6013,33.703,2694303.1322405,0
DINO.US,D,20140218,000000,33.8897,34.1527,33.2142,33.4157,2699327.0593018,0
DINO.US,D,20140219,000000,33.3941,34.139,33.1752,33.3941,3047438.8629912,0
DINO.US,D,20140220,000000,33.4157,33.8556,33.0256,33.2514,3476075.6959277,0
DINO.US,D,20140221,000000,33.5769,33.8965,33.2954,33.5946,3444047.7772888,0
DINO.US,D,20140224,000000,33.7509,34.876,33.7509,34.5085,5978577.5484434,0
DINO.US,D,20140225,000000,34.5906,35.4548,34.0784,35.1067,7132619.9360914,0
DINO.US,D,20140226,000000,35.1067,35.2827,34.1888,34.2797,4277368.0218339,0
DINO.US,D,20140227,000000,34.1673,34.2797,32.8643,33.2055,6433417.3680931,0
DINO.US,D,20140228,000000,33.183,33.3276,32.9162,33.183,3780228.3935791,0
DINO.US,D,20140303,000000,33.0081,33.6355,32.9493,33.0432,2830376.7746886,0
DINO.US,D,20140304,000000,33.2719,33.3237,32.619,33.1614,3161167.2318086,0
DINO.US,D,20140305,000000,33.1458,33.7978,32.9845,33.6933,6162564.1715155,0
DINO.US,D,20140306,000000,33.8712,35.3277,33.7724,34.966,4682093.376226,0
DINO.US,D,20140307,000000,35.1526,35.3277,34.5524,34.9131,3293814.8649453,0
DINO.US,D,20140310,000000,35.0109,35.8486,35.0109,35.3335,5554889.9639538,0
DINO.US,D,20140311,000000,35.3424,36.0862,34.9131,35.9699,5722642.6838419,0
DINO.US,D,20140312,000000,35.9406,37.1302,35.88,36.8565,7948543.1324581,0
DINO.US,D,20140313,000000,36.9522,37.0491,35.9699,36.2563,3929339.0807167,0
DINO.US,D,20140314,000000,36.2631,36.9973,36.2016,36.8496,3608353.0049764,0
DINO.US,D,20140317,000000,36.9376,37.2104,36.5721,36.6649,2553956.4408543,0
DINO.US,D,20140318,000000,36.6043,37.1438,36.3296,36.8106,2824621.4064037,0
DINO.US,D,20140319,000000,36.789,36.8565,35.8027,36.2279,3242987.3723691,0
DINO.US,D,20140320,000000,36.2563,36.7597,35.8272,36.6112,1885022.2405794,0
DINO.US,D,20140321,000000,36.7489,36.7812,35.8722,36.3384,5176255.0668559,0
DINO.US,D,20140324,000000,36.3952,36.5535,35.5593,35.7001,2460994.8648174,0
DINO.US,D,20140325,000000,35.9074,36.27,35.532,35.7138,2873069.4132654,0
DINO.US,D,20140326,000000,35.7969,36.0726,35.2583,35.3082,3094337.0328547,0
DINO.US,D,20140327,000000,35.3912,35.4401,34.6346,34.8114,3336419.5259763,0
DINO.US,D,20140328,000000,35.0725,35.3667,34.7655,35.1546,2732510.9619724,0
DINO.US,D,20140331,000000,35.3521,35.4264,34.8242,35.2504,1873150.3868742,0
DINO.US,D,20140401,000000,35.2865,35.7743,35.0989,35.7695,3381689.0882484,0
DINO.US,D,20140402,000000,35.5965,35.62,35.0637,35.5965,2827684.2525902,0
DINO.US,D,20140403,000000,35.704,36.0256,35.6708,35.8849,2480087.0152441,0
DINO.US,D,20140404,000000,36.316,36.4117,35.3374,35.5066,3822602.8807985,0
DINO.US,D,20140407,000000,35.3999,35.88,35.0549,35.4106,3304249.4110715,0
DINO.US,D,20140408,000000,35.4645,36.0481,34.967,35.2808,3083973.0733641,0
DINO.US,D,20140409,000000,35.3315,35.9963,35.0549,35.7636,4264261.4135037,0
DINO.US,D,20140410,000000,35.6923,36.138,34.9141,35.1077,2250703.9785549,0
DINO.US,D,20140411,000000,35.0208,35.4548,34.0266,34.2094,3468719.3409088,0
DINO.US,D,20140414,000000,34.4928,35.2406,34.1527,35.2035,3441795.1429192,0
DINO.US,D,20140415,000000,35.2925,36.2279,35.2583,36.0569,3307605.856742,0
DINO.US,D,20140416,000000,36.3755,37.3189,36.01,37.27,4174042.4863064,0
DINO.US,D,20140417,000000,37.2358,37.7675,37.0549,37.6356,2632671.7924447,0
DINO.US,D,20140421,000000,37.2934,38.1908,37.0442,37.709,2185065.5684478,0
DINO.US,D,20140422,000000,37.5232,38.3511,36.9024,38.0012,3626000.686861,0
DINO.US,D,20140423,000000,38.0266,38.4136,37.791,38.273,2693932.8081525,0
DINO.US,D,20140424,000000,38.4479,38.6072,37.9385,38.1244,2264094.9794168,0
DINO.US,D,20140425,000000,38.184,38.8067,38.0482,38.4206,2590447.6854489,0
DINO.US,D,20140428,000000,38.7402,39.0774,38.2944,38.9913,3848656.510283,0
DINO.US,D,20140429,000000,39.2055,39.576,38.707,38.8633,4046414.6882522,0
DINO.US,D,20140430,000000,38.832,39.4127,38.6796,38.9601,4100571.0056417,0
DINO.US,D,20140501,000000,38.8956,39.0559,38.4136,38.747,4362773.7588818,0
DINO.US,D,20140502,000000,38.747,39.1839,38.4479,38.4861,3658295.6071214,0
DINO.US,D,20140505,000000,38.2495,38.7402,37.8408,38.2251,3943617.0179993,0
DINO.US,D,20140506,000000,37.4557,38.4938,37.4557,38.2182,4950165.0501648,0
DINO.US,D,20140507,000000,38.9221,38.9221,37.9073,38.4567,4157256.1659747,0
DINO.US,D,20140508,000000,37.6865,38.3375,36.5808,37.0863,5640657.8411318,0
DINO.US,D,20140509,000000,37.0354,37.1175,36.2279,36.5965,2809198.7380314,0
DINO.US,D,20140512,000000,36.8946,37.6795,36.8193,37.0706,2590330.0410564,0
DINO.US,D,20140513,000000,37.2035,37.5457,36.9777,37.4352,2485409.6567631,0
DINO.US,D,20140514,000000,37.3882,37.9592,37.183,37.4802,2577250.0305887,0
DINO.US,D,20140515,000000,37.3599,37.3599,36.355,36.7069,3469405.7703647,0
DINO.US,D,20140516,000000,36.6112,36.8408,36.2631,36.7734,1790478.0917135,0
DINO.US,D,20140519,000000,36.7244,37.2631,36.62,36.6512,3342141.1354355,0
DINO.US,D,20140520,000000,36.5036,36.9777,36.3473,36.5232,2612332.6114565,0
DINO.US,D,20140521,000000,36.7812,36.9162,35.9406,36.0178,3536044.6693063,0
DINO.US,D,20140522,000000,36.0256,36.4704,36.0256,36.3473,2418890.4482036,0
DINO.US,D,20140523,000000,36.355,36.6649,36.0041,36.1556,2163357.6205264,0
DINO.US,D,20140527,000000,36.1761,36.355,35.7636,35.8652,2920261.182613,0
DINO.US,D,20140528,000000,36.0882,36.9122,35.8555,36.6112,2812954.151642,0
DINO.US,D,20140529,000000,36.8223,37.1165,36.3061,37.0227,2206072.764987,0
DINO.US,D,20140530,000000,36.9954,37.2348,36.7607,36.8663,1687396.0289289,0
DINO.US,D,20140602,000000,37.0609,37.3413,36.62,36.9562,2056453.6494745,0
DINO.US,D,20140603,000000,36.9279,37.0158,36.2514,36.2915,1904944.0397227,0
DINO.US,D,20140604,000000,36.2602,36.4547,35.9298,36.1018,2091522.9314109,0
DINO.US,D,20140605,000000,36.3882,36.5183,35.8154,36.2221,1804277.267468,0
DINO.US,D,20140606,000000,36.2827,36.361,35.8448,35.9523,2350409.1357745,0
DINO.US,D,20140609,000000,35.9386,36.3942,35.5965,35.792,2481794.3934288,0
DINO.US,D,20140610,000000,35.7773,35.8067,34.9347,35.0774,2720351.6467513,0
DINO.US,D,20140611,000000,34.876,35.4459,34.7,35.4156,2839931.545357,0
DINO.US,D,20140612,000000,35.5457,36.0031,34.9875,35.8829,3572092.957188,0
DINO.US,D,20140613,000000,35.8829,35.9298,35.4371,35.5789,2417490.9914291,0
DINO.US,D,20140616,000000,35.6571,36.1576,35.53,36.1576,2122524.7863475,0
DINO.US,D,20140617,000000,36.1497,36.5388,35.7431,36.5105,2652041.1744401,0
DINO.US,D,20140618,000000,36.4547,37.0452,36.0178,36.8858,2288510.7943572,0
DINO.US,D,20140619,000000,37.0736,37.5651,36.9699,37.4362,2048832.3388235,0
DINO.US,D,20140620,000000,37.5192,37.615,37.0823,37.3991,2702306.0199214,0
DINO.US,D,20140623,000000,37.5651,38.0452,37.3815,37.6845,2035460.7748613,0
DINO.US,D,20140624,000000,37.7167,37.9874,36.8341,36.9014,2259126.2940703,0
DINO.US,D,20140625,000000,35.226,35.4156,33.7216,34.4293,15474190.478339,0
DINO.US,D,20140626,000000,34.5114,34.7147,34.0676,34.2729,5485302.7942342,0
DINO.US,D,20140627,000000,33.8331,34.2338,33.3423,33.442,5817613.4215055,0
DINO.US,D,20140630,000000,33.4351,33.6336,32.8623,32.9219,4084680.8286831,0
DINO.US,D,20140701,000000,32.9298,33.4792,32.8995,33.0579,3587349.900416,0
DINO.US,D,20140702,000000,33.0881,33.708,32.9366,33.6502,3686719.5153681,0
DINO.US,D,20140703,000000,33.6835,33.9005,33.2924,33.3071,2189295.6516076,0
DINO.US,D,20140707,000000,33.3902,33.6502,32.9455,32.9826,2369364.2049089,0
DINO.US,D,20140708,000000,32.9972,32.9972,32.4078,32.5163,3084985.8381352,0
DINO.US,D,20140709,000000,32.8995,32.9728,32.222,32.7254,2722388.4292353,0
DINO.US,D,20140710,000000,32.5671,32.9152,32.3334,32.4772,2280580.5393013,0
DINO.US,D,20140711,000000,32.7411,33.1614,32.2728,33.0969,3377234.969245,0
DINO.US,D,20140714,000000,33.1537,33.3266,32.7646,32.9073,2347306.392794,0
DINO.US,D,20140715,000000,32.7713,34.0462,32.7343,33.8653,5082872.0169951,0
DINO.US,D,20140716,000000,33.878,34.0462,33.0579,33.2924,3474031.7524806,0
DINO.US,D,20140717,000000,33.2924,33.3834,32.8085,32.8222,2185959.6658314,0
DINO.US,D,20140718,000000,33.0276,33.3217,32.9298,33.2681,2507406.089195,0
DINO.US,D,20140721,000000,33.1927,33.2015,32.7187,33.0061,1715601.0163058,0
DINO.US,D,20140722,000000,33.1927,33.6395,33.0969,33.3834,2936234.2221437,0
DINO.US,D,20140723,000000,33.4176,33.9493,33.3266,33.8653,3026767.2087195,0
DINO.US,D,20140724,000000,33.8331,34.5564,33.7988,34.5358,2978778.5264864,0
DINO.US,D,20140725,000000,34.4068,34.7089,34.3022,34.6786,2194912.9156055,0
DINO.US,D,20140728,000000,34.7235,34.7861,33.9493,34.4361,2101698.6598733,0
DINO.US,D,20140729,000000,34.7548,35.0774,34.3022,34.7313,2693338.4482211,0
DINO.US,D,20140730,000000,34.7461,34.9933,34.2944,34.6238,2425352.7058388,0
DINO.US,D,20140731,000000,34.5358,35.7588,34.3374,35.4225,4592602.8212682,0
DINO.US,D,20140801,000000,35.2181,35.2885,34.2583,34.7089,3455736.5149395,0
DINO.US,D,20140804,000000,34.7,34.9571,34.2338,34.8272,2354094.9857443,0
DINO.US,D,20140805,000000,34.5876,34.6853,34.0539,34.5193,3408731.9536252,0
DINO.US,D,20140806,000000,34.1653,35.6052,34.136,35.1831,4240037.9215702,0
DINO.US,D,20140807,000000,35.4089,35.8311,35.3267,35.6952,3938904.0813323,0
DINO.US,D,20140808,000000,35.7773,36.2915,35.4704,36.2602,1933077.4174693,0
DINO.US,D,20140811,000000,36.3188,36.6669,36.0256,36.049,1960425.1352724,0
DINO.US,D,20140812,000000,36.049,36.4019,35.8154,36.0803,1614807.392706,0
DINO.US,D,20140813,000000,36.1713,36.7714,35.9523,36.2993,3851219.1120522,0
DINO.US,D,20140814,000000,36.3443,36.8858,36.2758,36.6805,2119875.2300272,0
DINO.US,D,20140815,000000,36.7128,36.9991,36.5046,36.7128,2023477.4147318,0
DINO.US,D,20140818,000000,36.8271,37.0901,36.6805,37.0452,2166466.5014752,0
DINO.US,D,20140819,000000,37.0119,37.4665,36.8096,37.3892,2606723.5314163,0
DINO.US,D,20140820,000000,37.3726,38.0774,37.2621,38.0295,3112221.0265192,0
DINO.US,D,20140821,000000,38.0227,38.0452,37.6776,37.7519,2862454.8200688,0
DINO.US,D,20140822,000000,37.8184,38.6649,37.6845,38.6249,6897219.6444695,0
DINO.US,D,20140825,000000,38.7089,38.8789,38.4156,38.5642,2092262.5565921,0
DINO.US,D,20140826,000000,38.535,38.8477,38.1018,38.3902,1956951.0452092,0
DINO.US,D,20140827,000000,38.4879,38.5134,38.2085,38.4665,1651840.8245015,0
DINO.US,D,20140828,000000,38.3219,38.5045,37.9855,38.5045,1723669.3756487,0
DINO.US,D,20140829,000000,38.4216,38.7645,38.2759,38.3149,2260840.8332179,0
DINO.US,D,20140902,000000,38.3092,38.6414,37.7304,38.0696,3131376.6026184,0
DINO.US,D,20140903,000000,38.2065,38.2065,37.7539,37.8702,1913934.1173066,0
DINO.US,D,20140904,000000,37.924,38.2427,37.5651,37.7382,1940582.1067223,0
DINO.US,D,20140905,000000,37.7773,38.3991,37.3854,38.268,1914667.6045197,0
DINO.US,D,20140908,000000,38.228,38.5975,37.9063,38.1616,1605743.6595022,0
DINO.US,D,20140909,000000,38.0696,38.1361,36.9894,37.1644,3062387.8848091,0
DINO.US,D,20140910,000000,37.1644,37.2025,35.879,36.3286,3962565.9491654,0
DINO.US,D,20140911,000000,36.2768,36.8115,35.4958,35.7851,4316195.7863651,0
DINO.US,D,20140912,000000,35.6863,35.879,34.8369,35.1126,2961191.2012902,0
DINO.US,D,20140915,000000,35.0734,35.6277,34.791,35.6102,3046132.4987361,0
DINO.US,D,20140916,000000,35.4821,36.622,35.358,35.6337,3133906.4685567,0
DINO.US,D,20140917,000000,35.6561,35.7011,34.9054,35.2514,3844882.6827674,0
DINO.US,D,20140918,000000,35.267,35.6337,35.0579,35.2895,2254881.8889842,0
DINO.US,D,20140919,000000,35.3345,35.8389,35.2035,35.4176,3095027.5542896,0
DINO.US,D,20140922,000000,35.4059,35.6717,34.9464,35.0129,2914077.1795411,0
DINO.US,D,20140923,000000,34.9366,35.6561,34.4987,34.5838,2509469.4695417,0
DINO.US,D,20140924,000000,34.4987,34.6004,33.8653,34.1781,3687822.3036743,0
DINO.US,D,20140925,000000,34.1106,34.2152,33.4802,34.0569,3508163.9712551,0
DINO.US,D,20140926,000000,34.0315,34.4156,33.8184,34.0941,2999039.959876,0
DINO.US,D,20140929,000000,33.7968,34.1928,33.5114,33.8184,3712423.2806587,0
DINO.US,D,20140930,000000,33.8057,34.0021,33.2827,33.4508,2985114.9557712,0
DINO.US,D,20141001,000000,33.5271,34.0706,33.0363,33.0911,2951606.7637749,0
DINO.US,D,20141002,000000,32.9738,33.0745,32.1096,32.8692,3277122.6601276,0
DINO.US,D,20141003,000000,32.7616,32.7616,31.7793,31.963,4840886.7083718,0
DINO.US,D,20141006,000000,31.9699,32.3843,31.7411,32.0422,1916830.2153541,0
DINO.US,D,20141007,000000,32.3706,33.0442,31.963,32.1781,3538953.0432903,0
DINO.US,D,20141008,000000,32.3384,33.2446,32.0578,33.1976,2550105.8887348,0
DINO.US,D,20141009,000000,33.139,33.6551,32.0285,32.1028,4256684.0916256,0
DINO.US,D,20141010,000000,32.1419,32.8066,31.4762,32.0031,3353692.7917939,0
DINO.US,D,20141013,000000,31.963,33.3961,31.963,32.1781,4675345.7030644,0
DINO.US,D,20141014,000000,32.1654,32.6238,31.3814,32.2036,4008085.1221487,0
DINO.US,D,20141015,000000,31.8095,31.8662,30.487,31.4381,4199879.2409106,0
DINO.US,D,20141016,000000,30.923,32.7088,30.8711,31.9943,4018331.4372468,0
DINO.US,D,20141017,000000,32.4331,32.9073,32.0343,32.7304,3852171.5201349,0
DINO.US,D,20141020,000000,32.5916,33.2299,32.5916,33.0296,1778930.5273339,0
DINO.US,D,20141021,000000,33.1742,34.3941,33.1497,34.3462,2806401.8704717,0
DINO.US,D,20141022,000000,34.3618,34.7665,33.5271,33.5799,1881744.5655022,0
DINO.US,D,20141023,000000,34.0412,34.532,33.7715,34.0627,2224279.0019877,0
DINO.US,D,20141024,000000,34.0099,34.2152,33.4665,34.2152,1717879.2255434,0
DINO.US,D,20141027,000000,33.9709,34.3707,33.4889,34.2065,4981784.7939112,0
DINO.US,D,20141028,000000,34.2846,35.1526,33.9854,35.1351,2575687.9176541,0
DINO.US,D,20141029,000000,35.3345,35.5848,33.9709,34.2621,2751681.8829925,0
DINO.US,D,20141030,000000,34.3296,34.8506,33.9425,34.3012,2849740.0187156,0
DINO.US,D,20141031,000000,34.4782,34.7987,33.965,34.7538,2599944.1454186,0
DINO.US,D,20141103,000000,34.791,35.1351,34.447,34.5691,2703624.6601131,0
DINO.US,D,20141104,000000,34.5603,34.8067,33.7626,34.6219,4384921.5945319,0
DINO.US,D,20141105,000000,33.965,33.965,32.7088,33.3902,4189483.5685837,0
DINO.US,D,20141106,000000,33.4508,33.7334,33.181,33.5408,2462138.5729124,0
DINO.US,D,20141107,000000,33.619,34.3707,33.4889,34.1781,1729546.480305,0
DINO.US,D,20141110,000000,34.4,34.6375,33.6639,33.8261,2143075.7272425,0
DINO.US,D,20141111,000000,33.6425,33.7871,33.2534,33.5202,3041613.9310654,0
DINO.US,D,20141112,000000,33.5202,33.9572,33.4742,33.5799,2697338.3575695,0
DINO.US,D,20141113,000000,33.5574,33.6355,32.5173,32.7686,2811735.7649327,0
DINO.US,D,20141114,000000,32.793,33.1889,32.7382,32.7988,2166897.1822516,0
DINO.US,D,20141117,000000,32.7773,33.1497,32.6844,33.0226,2187888.0108754,0
DINO.US,D,20141118,000000,33.1576,33.4185,32.8212,33.1223,3104315.3233364,0
DINO.US,D,20141119,000000,33.1068,33.4508,32.8525,33.3256,2477125.4455347,0
DINO.US,D,20141120,000000,33.1644,33.8184,33.1644,33.5202,2216636.2084477,0
DINO.US,D,20141121,000000,33.9709,34.4987,33.7871,34.0842,4435671.3395095,0
DINO.US,D,20141124,000000,34.1625,34.3296,33.9425,34.0159,2066662.1137679,0
DINO.US,D,20141125,000000,34.1556,34.226,33.4909,33.5759,2779814.2377444,0
DINO.US,D,20141126,000000,33.4987,33.8565,33.3199,33.5759,1805781.0697038,0
DINO.US,D,20141128,000000,32.4304,32.6707,31.4694,31.618,2938951.2961155,0
DINO.US,D,20141201,000000,31.4528,31.8085,31.1585,31.4938,4432450.9521365,0
DINO.US,D,20141202,000000,31.4938,32.835,31.487,32.6717,3122727.1822756,0
DINO.US,D,20141203,000000,32.6864,33.4195,32.6482,32.8262,2077034.2572162,0
DINO.US,D,20141204,000000,32.8262,32.9904,31.5925,32.2036,3975532.4072193,0
DINO.US,D,20141205,000000,32.1477,32.3413,31.0814,31.1498,3476087.9718644,0
DINO.US,D,20141208,000000,30.8526,31.3609,29.7821,29.9698,4418775.558743,0
DINO.US,D,20141209,000000,29.5896,30.0881,29.1742,29.8144,5223757.8265979,0
DINO.US,D,20141210,000000,29.6023,30.0393,29.1175,29.2661,4198141.1728843,0
DINO.US,D,20141211,000000,29.3765,30.0177,29.3531,29.5026,2908129.4882493,0
DINO.US,D,20141212,000000,28.9396,29.5182,28.6512,29.1429,3053803.9361283,0
DINO.US,D,20141215,000000,29.0423,29.5104,28.0031,28.1908,3974436.7798761,0
DINO.US,D,20141216,000000,27.8457,29.1654,27.5671,28.5172,3091739.649265,0
DINO.US,D,20141217,000000,28.354,29.5182,28.3384,28.8055,3057221.7614818,0
DINO.US,D,20141218,000000,29.5104,29.5104,28.1047,28.6512,4233129.6382379,0
DINO.US,D,20141219,000000,28.7118,29.2132,28.6287,29.1487,4464187.3172809,0
DINO.US,D,20141222,000000,29.2054,29.3227,28.7196,28.7597,2890212.7587538,0
DINO.US,D,20141223,000000,29.2601,29.5026,29.0011,29.3765,2274602.158168,0
DINO.US,D,20141224,000000,29.2601,29.7596,29.1175,29.5896,1036691.5945334,0
DINO.US,D,20141226,000000,29.5964,30.439,29.5964,29.9444,2986617.7350123,0
DINO.US,D,20141229,000000,29.9698,30.2367,29.4077,29.5896,2859946.4370197,0
DINO.US,D,20141230,000000,29.4792,29.961,29.44,29.7196,1979713.7006849,0
DINO.US,D,20141231,000000,29.6512,29.8223,29.2387,29.2601,2326647.0144588,0
DINO.US,D,20150102,000000,29.2738,30.0471,29.1966,30.0099,2136902.9771125,0
DINO.US,D,20150105,000000,29.2738,29.4537,28.4029,28.7118,3395535.3217599,0
DINO.US,D,20150106,000000,28.79,29.1809,28.1047,28.3755,2753177.5012705,0
DINO.US,D,20150107,000000,28.7274,28.79,27.7148,27.7743,2643696.6065234,0
DINO.US,D,20150108,000000,28.05,29.0647,27.9307,28.6453,3915396.6857016,0
DINO.US,D,20150109,000000,28.4957,28.6453,27.6043,27.879,3165077.1176217,0
DINO.US,D,20150112,000000,27.6189,27.6189,26.5289,26.7079,3743844.5634299,0
DINO.US,D,20150113,000000,26.8633,27.1291,25.1301,25.3941,5383956.7534865,0
DINO.US,D,20150114,000000,25.138,25.2024,23.8261,24.527,7655908.3323394,0
DINO.US,D,20150115,000000,24.7645,24.8105,23.5378,23.5661,7187736.8455215,0
DINO.US,D,20150116,000000,23.8026,24.4195,23.7001,24.0763,6669252.4324704,0
DINO.US,D,20150120,000000,24.1224,25.2113,23.8886,24.9972,7351376.1036476,0
DINO.US,D,20150121,000000,25.0822,25.3032,24.7792,24.9835,6264700.9871804,0
DINO.US,D,20150122,000000,25.2328,25.8115,24.8487,25.7186,5883349.0161108,0
DINO.US,D,20150123,000000,25.8046,26.66,25.528,26.4801,4504117.8701183,0
DINO.US,D,20150126,000000,26.4645,27.0284,26.4244,26.7851,2978548.3526748,0
DINO.US,D,20150127,000000,26.66,27.0354,26.5886,26.8798,2274097.8217718,0
DINO.US,D,20150128,000000,26.9405,27.3315,26.5289,27.0284,3749579.4718204,0
DINO.US,D,20150129,000000,27.4332,27.6433,26.6776,27.3452,4032409.8905594,0
DINO.US,D,20150130,000000,27.0744,28.2143,26.8888,28.0413,5936363.6713947,0
DINO.US,D,20150202,000000,28.268,29.0011,28.2143,28.9396,5462129.9178764,0
DINO.US,D,20150203,000000,29.1966,29.5476,28.7998,29.4616,4161996.723499,0
DINO.US,D,20150204,000000,29.1487,29.8389,28.8857,29.6727,4156702.7258321,0
DINO.US,D,20150205,000000,29.9943,30.2142,29.4792,30.0393,2336918.9044249,0
DINO.US,D,20150206,000000,30.2201,30.3921,29.7284,30.0804,3648986.3551854,0
DINO.US,D,20150209,000000,30.142,30.4156,29.7196,30.142,3018916.7472517,0
DINO.US,D,20150210,000000,30.142,30.9533,29.9308,30.8438,2900716.8685208,0
DINO.US,D,20150211,000000,30.5017,30.7275,30.2367,30.5173,2586299.4418665,0
DINO.US,D,20150212,000000,30.7978,31.6629,30.5387,31.6024,3324612.1209382,0
DINO.US,D,20150213,000000,31.6473,32.6336,31.6473,32.6248,4020545.1978171,0
DINO.US,D,20150217,000000,32.6248,32.8985,32.1262,32.53,3660417.298167,0
DINO.US,D,20150218,000000,32.4537,32.789,32.2358,32.6786,2863722.3105247,0
DINO.US,D,20150219,000000,32.3217,32.4117,31.5475,32.1409,5877376.7729458,0
DINO.US,D,20150220,000000,32.2083,32.5994,31.6561,32.094,4544733.8294171,0
DINO.US,D,20150223,000000,31.9151,32.8428,31.9074,32.6952,4586267.414978,0
DINO.US,D,20150224,000000,32.5916,32.5916,31.8105,31.8672,7208383.9479199,0
DINO.US,D,20150225,000000,31.8302,33.0931,31.4224,32.9826,6270829.7485374,0
DINO.US,D,20150226,000000,33.311,34.8037,33.2182,34.6708,7733099.4217998,0
DINO.US,D,20150227,000000,34.7558,35.1683,34.1087,34.3414,5053342.2514581,0
DINO.US,D,20150302,000000,33.8271,34.1615,31.9473,32.1165,7744705.2968783,0
DINO.US,D,20150303,000000,32.4049,32.835,32.2808,32.6717,4321900.0049141,0
DINO.US,D,20150304,000000,32.4049,32.4401,31.4615,31.572,3968357.1222655,0
DINO.US,D,20150305,000000,31.8418,32.5378,31.8418,32.2182,3965028.2974522,0
DINO.US,D,20150306,000000,32.053,32.8477,31.1801,31.2758,3778840.1897465,0
DINO.US,D,20150309,000000,31.4166,32.3071,30.7412,30.7636,5323755.5603069,0
DINO.US,D,20150310,000000,30.5124,30.6697,29.5671,29.9415,5265416.2175145,0
DINO.US,D,20150311,000000,29.9415,30.6355,29.6932,30.5828,4618852.8657384,0
DINO.US,D,20150312,000000,30.8809,31.1966,30.133,30.1722,3259887.2451145,0
DINO.US,D,20150313,000000,30.1028,30.8409,29.9513,30.7764,5147719.652185,0
DINO.US,D,20150316,000000,30.402,31.5749,30.0159,31.5016,3720500.846954,0
DINO.US,D,20150317,000000,31.2895,31.482,30.5994,31.4401,2624253.5689083,0
DINO.US,D,20150318,000000,31.4723,32.9513,31.3306,32.7539,3898186.8455566,0
DINO.US,D,20150319,000000,32.3902,32.4772,31.964,32.2036,2933235.8246246,0
DINO.US,D,20150320,000000,32.2818,32.5877,31.9122,32.093,9967896.8554806,0
DINO.US,D,20150323,000000,32.3609,32.7686,32.3511,32.3833,2869941.0954169,0
DINO.US,D,20150324,000000,32.2905,32.613,31.9445,32.3989,2271805.2906081,0
DINO.US,D,20150325,000000,32.7069,33.1087,32.484,32.5329,4538645.9878488,0
DINO.US,D,20150326,000000,32.8222,32.9112,31.7362,31.8877,3525016.7862436,0
DINO.US,D,20150327,000000,32.0148,32.1331,30.9503,31.1096,2701659.4872594,0
DINO.US,D,20150330,000000,31.3677,32.2182,31.357,32.0764,4038380.087735,0
DINO.US,D,20150331,000000,31.5749,32.1468,31.5672,31.6844,2888787.7271113,0
DINO.US,D,20150401,000000,31.6844,32.2182,31.6512,31.7617,3065552.0074726,0
DINO.US,D,20150402,000000,31.6346,31.8017,29.2738,29.7793,5809913.3402612,0
DINO.US,D,20150406,000000,29.9854,30.2973,29.0558,29.835,5094846.1701723,0
DINO.US,D,20150407,000000,29.9347,30.1175,29.2661,29.5271,3678872.1228843,0
DINO.US,D,20150408,000000,29.6619,30.1819,28.9904,29.1331,3449011.3476617,0
DINO.US,D,20150409,000000,29.0001,29.3785,28.8379,29.009,2783379.3743375,0
DINO.US,D,20150410,000000,29.2054,29.4811,29.1115,29.4566,2826980.432224,0
DINO.US,D,20150413,000000,29.2544,29.5671,28.2377,28.3686,4488574.4883693,0
DINO.US,D,20150414,000000,28.568,29.1565,28.3775,29.1565,3265351.0599048,0
DINO.US,D,20150415,000000,29.3315,29.8261,29.2895,29.6306,5388320.8489546,0
DINO.US,D,20150416,000000,29.5427,30.1175,29.4342,29.835,3819511.39076,0
DINO.US,D,20150417,000000,29.6776,29.8897,29.3706,29.835,3192269.3402276,0
DINO.US,D,20150420,000000,29.9288,30.2876,29.8428,29.9229,2634584.7925679,0
DINO.US,D,20150421,000000,29.9513,30.4792,29.8633,30.0451,2790442.1298723,0
DINO.US,D,20150422,000000,30.1625,30.5339,29.9062,30.44,2687647.5286035,0
DINO.US,D,20150423,000000,30.4879,30.6766,30.0226,30.2876,2785162.4541314,0
DINO.US,D,20150424,000000,30.3159,31.3471,30.268,31.2836,5713833.6763232,0
DINO.US,D,20150427,000000,31.2582,31.792,30.967,31.398,3880393.898422,0
DINO.US,D,20150428,000000,31.3306,31.8164,31.2836,31.357,3228746.2628962,0
DINO.US,D,20150429,000000,31.2973,31.6277,31.0451,31.2436,2512659.1670731,0
DINO.US,D,20150430,000000,31.2758,31.6052,30.2973,30.5124,3568236.2671002,0
DINO.US,D,20150501,000000,30.5124,31.313,30.4244,31.2436,2698480.0196751,0
DINO.US,D,20150504,000000,31.2973,31.2973,30.5046,30.6443,1877916.5192665,0
DINO.US,D,20150505,000000,30.662,30.9278,30.5994,30.7636,2441738.012241,0
DINO.US,D,20150506,000000,31.8262,32.4137,30.6071,31.0852,5599953.9042874,0
DINO.US,D,20150507,000000,31.3217,33.0061,31.1966,32.7686,5906471.7657275,0
DINO.US,D,20150508,000000,32.8076,33.5016,32.1849,33.2426,4071679.5888088,0
DINO.US,D,20150511,000000,33.1527,33.1527,32.1399,32.5329,2621841.3473626,0
DINO.US,D,20150512,000000,32.5183,32.5251,31.8399,32.093,2304644.4440588,0
DINO.US,D,20150513,000000,32.1468,32.882,32.053,32.7616,2569472.201746,0
DINO.US,D,20150514,000000,32.9513,33.9874,32.8076,33.9503,3474430.7204207,0
DINO.US,D,20150515,000000,33.6893,34.0452,33.3051,33.872,2826461.7739019,0
DINO.US,D,20150518,000000,33.872,34.3911,33.4214,34.1243,3095939.0425834,0
DINO.US,D,20150519,000000,33.9083,34.0598,33.5965,33.7832,2160459.4764896,0
DINO.US,D,20150520,000000,33.7519,33.9972,33.5329,33.6482,2022305.0627845,0
DINO.US,D,20150521,000000,33.6355,33.8858,33.4127,33.7362,2547869.6222806,0
DINO.US,D,20150522,000000,33.4849,33.8633,33.4849,33.7362,2270783.3188847,0
DINO.US,D,20150526,000000,33.4762,33.619,32.7372,32.8174,2591735.6357993,0
DINO.US,D,20150527,000000,33.1604,33.3501,32.5945,32.7069,3786209.8436968,0
DINO.US,D,20150528,000000,32.658,33.2719,32.442,33.0921,3031078.1084623,0
DINO.US,D,20150529,000000,33.053,33.707,32.613,32.7686,3806294.2990002,0
DINO.US,D,20150601,000000,32.7372,33.2093,32.484,32.5632,3415380.3962991,0
DINO.US,D,20150602,000000,32.4713,32.5329,31.659,32.2182,4004455.5368885,0
DINO.US,D,20150603,000000,32.1076,32.2358,31.7284,32.0442,2781755.8817196,0
DINO.US,D,20150604,000000,31.7587,32.1947,31.5906,31.9336,3406468.0663137,0
DINO.US,D,20150605,000000,31.962,32.8692,31.9024,32.7177,3232355.3882622,0
DINO.US,D,20150608,000000,32.5358,32.8369,32.226,32.443,2953977.0425371,0
DINO.US,D,20150609,000000,32.5671,32.7411,32.2036,32.2983,2440444.9469171,0
DINO.US,D,20150610,000000,32.487,33.0745,32.4654,32.6717,3233443.8546424,0
DINO.US,D,20150611,000000,32.616,33.3051,32.5358,32.9162,2039191.6365988,0
DINO.US,D,20150612,000000,32.7108,32.8135,32.2504,32.3912,2252740.7610389,0
DINO.US,D,20150615,000000,32.139,32.6717,32.0217,32.308,1507374.5333848,0
DINO.US,D,20150616,000000,32.2582,32.5984,32.0597,32.5828,1701532.7929405,0
DINO.US,D,20150617,000000,32.7743,33.1937,32.5828,32.7656,2156920.9377592,0
DINO.US,D,20150618,000000,32.9239,33.8613,32.7656,33.3266,3599744.5044224,0
DINO.US,D,20150619,000000,33.1604,33.8281,33.1448,33.2329,3051686.3370613,0
DINO.US,D,20150622,000000,33.3608,33.5271,32.8037,32.8937,3491445.1685747,0
DINO.US,D,20150623,000000,32.9699,33.5271,32.8937,33.4489,2059273.022918,0
DINO.US,D,20150624,000000,33.3521,33.5818,33.0198,33.1937,2123889.4613016,0
DINO.US,D,20150625,000000,33.139,33.2983,32.8281,32.9318,2129311.3333083,0
DINO.US,D,20150626,000000,32.9396,33.5046,32.8135,33.1859,3029622.3869782,0
DINO.US,D,20150629,000000,32.791,33.4147,32.7108,32.8281,3098590.6448932,0
DINO.US,D,20150630,000000,33.2329,33.9338,33.1761,33.8613,4003866.2919307,0
DINO.US,D,20150701,000000,33.9953,35.0725,33.8536,34.877,6548801.9653593,0
DINO.US,D,20150702,000000,34.8204,35.6454,34.7412,35.5505,4669252.7465225,0
DINO.US,D,20150706,000000,35.2064,36.0246,35.0109,35.8282,3781547.033771,0
DINO.US,D,20150707,000000,35.7148,36.0667,34.7812,35.9776,4635463.2309787,0
DINO.US,D,20150708,000000,35.8819,36.1058,35.1849,35.3667,3981503.6273898,0
DINO.US,D,20150709,000000,35.6229,35.787,35.0814,35.1312,4103419.0229373,0
DINO.US,D,20150710,000000,35.4146,36.0081,35.313,35.8994,4108840.894944,0
DINO.US,D,20150713,000000,36.2231,36.5701,36.1058,36.2416,4903378.3867256,0
DINO.US,D,20150714,000000,36.3257,36.9308,36.2808,36.5798,3628689.1169805,0
DINO.US,D,20150715,000000,36.2319,36.7411,35.749,35.7959,3308437.551448,0
DINO.US,D,20150716,000000,36.049,36.881,36.0168,36.7705,3490561.3011381,0
DINO.US,D,20150717,000000,36.6453,37.0726,36.4879,36.8281,2951457.406546,0
DINO.US,D,20150720,000000,36.787,37.1155,36.4371,36.4879,2701825.2124038,0
DINO.US,D,20150721,000000,36.5554,37.0726,36.4371,36.6619,2248703.000886,0
DINO.US,D,20150722,000000,36.6825,37.6688,36.2064,37.4527,5020755.777703,0
DINO.US,D,20150723,000000,37.358,37.6835,37.0227,37.0637,4204659.695229,0
DINO.US,D,20150724,000000,37.2142,37.3882,36.5251,36.8907,3016008.3732677,0
DINO.US,D,20150727,000000,36.5056,36.5056,35.5779,36.2485,2698926.0453723,0
DINO.US,D,20150728,000000,36.1126,36.6453,35.5583,36.4978,2690729.8116896,0
DINO.US,D,20150729,000000,36.5056,36.6542,35.8994,36.5123,2930273.2319205,0
DINO.US,D,20150730,000000,36.2231,39.2945,35.8418,38.1908,12220870.859315,0
DINO.US,D,20150731,000000,38.1908,38.6122,37.8683,38.2797,3620044.8116113,0
DINO.US,D,20150803,000000,38.1351,38.2201,37.313,37.4235,2830092.382157,0
DINO.US,D,20150804,000000,37.4303,37.9385,36.9435,37.1771,2898128.6918836,0
DINO.US,D,20150805,000000,37.835,39.4303,37.3638,39.2446,6937498.0155113,0
DINO.US,D,20150806,000000,39.4039,40.8321,39.2143,40.2367,5722082.0827363,0
DINO.US,D,20150807,000000,40.1664,40.443,39.532,39.8809,3987048.2587626,0
DINO.US,D,20150810,000000,40.094,41.616,40.0158,41.6033,4345488.2171275,0
DINO.US,D,20150811,000000,40.9113,42.7119,40.5066,42.6727,5666734.9994948,0
DINO.US,D,20150812,000000,42.268,42.831,41.6904,42.6551,3805753.1347943,0
DINO.US,D,20150813,000000,42.5613,43.4098,41.9425,42.2446,4311828.6219129,0
DINO.US,D,20150814,000000,42.1713,42.401,41.6904,41.9034,3087116.7361332,0
DINO.US,D,20150817,000000,41.9993,42.4763,41.6748,42.3492,2545107.5365414,0
DINO.US,D,20150818,000000,42.2446,42.401,41.7685,42.2446,2138766.8734891,0
DINO.US,D,20150819,000000,42.1331,42.3052,41.4812,41.6239,2971376.136705,0
DINO.US,D,20150820,000000,41.1204,42.0393,40.7217,40.8956,3942420.114179,0
DINO.US,D,20150821,000000,39.3951,40.2593,37.968,37.9767,6972043.5241518,0
DINO.US,D,20150824,000000,34.661,37.9132,34.5495,36.612,5868639.3750571,0
DINO.US,D,20150825,000000,37.8164,37.8164,35.6609,35.7666,4476733.3245054,0
DINO.US,D,20150826,000000,36.5251,36.6894,35.4079,36.6542,3944942.8191541,0
DINO.US,D,20150827,000000,37.4527,37.5574,36.0011,36.7626,4267443.9500721,0
DINO.US,D,20150828,000000,36.924,37.5876,36.8018,37.1507,2995960.7457741,0
DINO.US,D,20150831,000000,37.184,38.1018,37.0314,37.4313,4485880.9432762,0
DINO.US,D,20150901,000000,36.6337,36.922,35.9533,36.1703,4393618.0726318,0
DINO.US,D,20150902,000000,36.7763,37.3521,36.2494,37.3463,4725988.0335967,0
DINO.US,D,20150903,000000,37.5681,38.2797,37.1586,37.5192,3747014.8240618,0
DINO.US,D,20150904,000000,36.9855,37.7675,36.8488,37.0793,4570258.5706321,0
DINO.US,D,20150908,000000,37.7675,38.3502,37.1302,38.2612,3869073.4388698,0
DINO.US,D,20150909,000000,38.6708,38.9093,37.5115,37.5759,3943688.6276296,0
DINO.US,D,20150910,000000,38.0021,38.877,37.4068,38.4626,3548003.4775626,0
DINO.US,D,20150911,000000,38.2954,38.6366,37.8311,38.4226,2397610.1120746,0
DINO.US,D,20150914,000000,38.446,38.446,36.5222,36.5594,3020049.2024047,0
DINO.US,D,20150915,000000,36.7548,37.3599,36.2993,37.2397,3753403.4260772,0
DINO.US,D,20150916,000000,37.1351,37.2641,35.8652,36.2172,4833654.1357138,0
DINO.US,D,20150917,000000,36.2993,38.2954,35.8897,37.2152,7443704.4459538,0
DINO.US,D,20150918,000000,36.922,37.9826,36.6502,37.3209,6874477.4488882,0
DINO.US,D,20150921,000000,37.439,37.9103,37.143,37.1987,3531065.7540125,0
DINO.US,D,20150922,000000,36.8164,37.5828,36.6337,37.3599,3153249.2526893,0
DINO.US,D,20150923,000000,37.5614,38.5515,37.3599,37.6874,3076383.4755494,0
DINO.US,D,20150924,000000,37.5828,38.7588,37.3463,38.5828,3127963.8922383,0
DINO.US,D,20150925,000000,38.789,41.0813,38.2377,39.7481,8029714.6943671,0
DINO.US,D,20150928,000000,39.7401,40.2583,37.3209,37.7207,3662390.6549786,0
DINO.US,D,20150929,000000,37.8311,38.6708,37.143,37.3599,3554979.2785464,0
DINO.US,D,20150930,000000,37.9015,39.0833,37.6795,39.0138,3530940.948657,0
DINO.US,D,20151001,000000,39.0305,39.8761,38.701,39.6513,3014664.1582079,0
DINO.US,D,20151002,000000,39.3325,40.3883,38.707,40.3805,3106180.2427079,0
DINO.US,D,20151005,000000,40.6835,41.226,40.0657,40.9719,3316374.9674669,0
DINO.US,D,20151006,000000,40.9143,41.0726,40.0657,40.1097,4195565.2721837,0
DINO.US,D,20151007,000000,40.7373,40.8174,39.573,40.3726,3516920.8060433,0
DINO.US,D,20151008,000000,40.2837,41.1458,40.0208,40.9308,3947320.2588794,0
DINO.US,D,20151009,000000,41.0178,41.226,39.4841,40.1957,3151872.3017986,0
DINO.US,D,20151012,000000,40.3726,40.5418,39.7148,40.1478,2690700.1448428,0
DINO.US,D,20151013,000000,39.964,40.2994,39.093,39.3325,3714843.6861621,0
DINO.US,D,20151014,000000,39.4039,39.6776,38.9729,39.1977,2996262.529216,0
DINO.US,D,20151015,000000,39.3864,40.2749,39.2211,40.1165,3195561.3372309,0
DINO.US,D,20151016,000000,40.1566,40.6424,39.9396,40.3306,2449062.6544237,0
DINO.US,D,20151019,000000,40.0031,40.0657,37.9425,38.0647,3595647.4105758,0
DINO.US,D,20151020,000000,38.0139,38.0139,36.7471,37.0627,3585697.763946,0
DINO.US,D,20151021,000000,36.6083,37.0148,35.7715,36.7372,5710097.6996121,0
DINO.US,D,20151022,000000,36.8164,37.1586,36.3619,37.0627,2594030.2129522,0
DINO.US,D,20151023,000000,37.184,37.966,37.0881,37.4869,2653243.1932341,0
DINO.US,D,20151026,000000,37.4254,37.8398,37.1351,37.4968,2366064.0239479,0
DINO.US,D,20151027,000000,37.3521,37.6473,36.7763,37.4812,3319872.5864085,0
DINO.US,D,20151028,000000,37.5349,38.6874,37.5349,38.6874,2744757.2317446,0
DINO.US,D,20151029,000000,38.3052,39.3951,38.2867,39.3727,2610932.1316872,0
DINO.US,D,20151030,000000,39.3784,39.5808,38.8859,39.1165,2739500.0618875,0
DINO.US,D,20151102,000000,39.099,40.3952,38.8692,40.1566,2668184.0310941,0
DINO.US,D,20151103,000000,39.9005,40.8663,39.7969,40.7274,2723852.3346771,0
DINO.US,D,20151104,000000,40.8086,41.4665,40.3473,40.5945,4155693.0300452,0
DINO.US,D,20151105,000000,41.616,41.7764,39.4998,40.2104,3965592.9905368,0
DINO.US,D,20151106,000000,40.091,40.5476,39.702,40.3726,2216712.9330515,0
DINO.US,D,20151109,000000,40.2339,40.4019,39.2124,39.2768,2143126.8769783,0
DINO.US,D,20151110,000000,39.2505,40.5945,39.1664,40.3218,2994010.9178412,0
DINO.US,D,20151111,000000,40.2192,40.617,39.4684,39.5076,2502266.5637304,0
DINO.US,D,20151112,000000,39.2124,39.3667,37.8556,38.2377,2761908.7611908,0
DINO.US,D,20151113,000000,38.0941,38.6541,37.8311,38.3052,2196806.478829,0
DINO.US,D,20151116,000000,38.2299,38.8281,37.6738,38.8134,2382959.8047144,0
DINO.US,D,20151117,000000,38.8536,39.2837,38.5886,39.1254,1907374.6751733,0
DINO.US,D,20151118,000000,39.1977,39.964,38.8624,39.923,2046707.5787938,0
DINO.US,D,20151119,000000,39.7813,40.5878,39.7089,40.1478,2604294.9419552,0
DINO.US,D,20151120,000000,40.187,40.8428,40.0657,40.1478,2012905.7873133,0
DINO.US,D,20151123,000000,40.091,40.5945,39.7216,40.443,2390349.9185591,0
DINO.US,D,20151124,000000,40.4577,40.7274,39.5583,40.3071,2379334.311433,0
DINO.US,D,20151125,000000,40.3952,40.6835,39.5808,39.7216,2192675.6261569,0
DINO.US,D,20151127,000000,39.5241,39.964,39.2436,39.7216,1110298.110501,0
DINO.US,D,20151130,000000,39.9317,39.9953,38.3658,38.4068,4132222.4622243,0
DINO.US,D,20151201,000000,38.5828,40.2026,38.356,40.1391,3567458.7911144,0
DINO.US,D,20151202,000000,40.0198,40.5594,38.8134,38.9983,2239171.759096,0
DINO.US,D,20151203,000000,39.2778,39.6005,38.1938,38.3521,2918685.7707469,0
DINO.US,D,20151204,000000,38.3697,39.1742,38.096,38.5153,2996730.0378023,0
DINO.US,D,20151207,000000,38.01,38.706,36.4626,37.053,4291014.7713755,0
DINO.US,D,20151208,000000,36.4919,37.0676,36.2719,36.7616,2652464.6942535,0
DINO.US,D,20151209,000000,36.8281,37.2377,36.2319,36.576,2108136.3656352,0
DINO.US,D,20151210,000000,36.5076,37.0354,36.2319,36.5926,1790626.4259476,0
DINO.US,D,20151211,000000,35.9191,36.3443,34.8311,35.0109,2823489.9742454,0
DINO.US,D,20151214,000000,34.7598,34.8007,33.4254,33.6365,3842536.9558783,0
DINO.US,D,20151215,000000,33.835,34.4548,32.8379,33.0236,5592259.9610115,0
DINO.US,D,20151216,000000,32.7656,34.0686,32.7343,33.9053,4506164.8825496,0
DINO.US,D,20151217,000000,34.0921,34.6629,33.7783,33.9797,3454653.1635329,0
DINO.US,D,20151218,000000,33.875,34.2797,33.5221,33.7968,5509678.7123807,0
DINO.US,D,20151221,000000,33.8897,34.3091,33.6571,34.0754,2291699.468894,0
DINO.US,D,20151222,000000,34.0754,34.3414,32.9738,33.1302,3086634.905621,0
DINO.US,D,20151223,000000,33.6571,33.7616,32.7177,33.7392,3538600.1101124,0
DINO.US,D,20151224,000000,33.5769,33.7695,33.2006,33.5221,735747.00831842,0
DINO.US,D,20151228,000000,33.312,33.4537,32.5016,32.6532,1938973.9590253,0
DINO.US,D,20151229,000000,33.1125,33.1125,32.2269,32.615,2494996.1402679,0
DINO.US,D,20151230,000000,32.4762,32.7743,31.8897,32.0099,3318004.598053,0
DINO.US,D,20151231,000000,31.792,32.2269,31.3609,32.0754,3683416.2654228,0
DINO.US,D,20160104,000000,31.8897,32.4459,31.5104,32.355,4140546.5702467,0
DINO.US,D,20160105,000000,32.6532,33.2006,32.2846,33.0559,4157157.9584817,0
DINO.US,D,20160106,000000,32.4294,32.8212,31.0442,31.2153,5140231.3308474,0
DINO.US,D,20160107,000000,30.5378,31.3189,30.357,31.1566,4658659.636215,0
DINO.US,D,20160108,000000,31.2632,31.3736,30.1507,30.1849,3466640.6156412,0
DINO.US,D,20160111,000000,30.2876,30.8203,29.8653,30.6101,3486475.4602335,0
DINO.US,D,20160112,000000,31.1019,31.3609,29.7342,30.9248,3236590.5863958,0
DINO.US,D,20160113,000000,30.8995,31.0354,28.2719,28.3422,5083042.8571131,0
DINO.US,D,20160114,000000,28.5455,29.4527,27.3227,29.18,4950845.3416523,0
DINO.US,D,20160115,000000,27.9317,28.4107,27.2582,27.3227,7803843.5985457,0
DINO.US,D,20160119,000000,27.6443,28.2875,26.8898,27.227,4404311.4364216,0
DINO.US,D,20160120,000000,26.5104,27.1615,26.0685,26.833,5112526.5878877,0
DINO.US,D,20160121,000000,26.7186,27.4733,26.1653,26.5661,3790334.5584007,0
DINO.US,D,20160122,000000,27.4361,29.5583,27.3793,29.0685,5722872.8576535,0
DINO.US,D,20160125,000000,28.8272,28.9698,27.1047,27.2113,3535369.4927922,0
DINO.US,D,20160126,000000,27.4997,27.8135,26.7764,27.7557,3235776.2826001,0
DINO.US,D,20160127,000000,27.8536,27.8536,26.1565,26.4469,3300354.8701791,0
DINO.US,D,20160128,000000,27.3071,27.6179,26.5896,26.9669,3125068.8171856,0
DINO.US,D,20160129,000000,26.9845,28.182,26.8476,28.1174,3965134.6889029,0
DINO.US,D,20160201,000000,27.9416,28.9787,27.5798,28.7363,3847847.3214608,0
DINO.US,D,20160202,000000,27.879,27.9982,26.6141,26.8242,3068774.4408351,0
DINO.US,D,20160203,000000,26.961,27.0334,24.9581,25.5945,6282181.9209258,0
DINO.US,D,20160204,000000,25.745,26.5192,25.3208,26.0196,4242953.4565172,0
DINO.US,D,20160205,000000,25.7313,25.7909,24.5807,24.9326,4547703.5830841,0
DINO.US,D,20160208,000000,24.3472,25.0236,23.7587,24.7832,4518397.8533903,0
DINO.US,D,20160209,000000,24.4527,25.4616,24.1214,24.9581,4840167.5430848,0
DINO.US,D,20160210,000000,25.0637,25.4254,24.2505,24.4527,4121126.0385155,0
DINO.US,D,20160211,000000,23.961,24.3794,23.3168,24.0763,4485573.0218659,0
DINO.US,D,20160212,000000,24.5231,24.8135,24.22,24.6931,2560034.0524753,0
DINO.US,D,20160216,000000,24.9678,25.224,24.0569,24.8212,3676169.3708387,0
DINO.US,D,20160217,000000,25.007,25.6022,24.8115,24.9835,4424636.2954838,0
DINO.US,D,20160218,000000,25.2621,25.3275,23.9366,24.1488,4745883.2348773,0
DINO.US,D,20160219,000000,23.8252,24.7313,23.6004,24.7313,2743300.4872658,0
DINO.US,D,20160222,000000,25.1018,25.965,24.8857,25.4342,3453150.3842917,0
DINO.US,D,20160223,000000,25.1271,25.5778,24.4117,24.4351,3828872.8154267,0
DINO.US,D,20160224,000000,24.6599,27.227,23.9366,27.1937,6042050.278732,0
DINO.US,D,20160225,000000,26.7499,27.2758,25.8125,27.227,5070043.6632282,0
DINO.US,D,20160226,000000,27.4458,27.7557,26.4165,26.4469,3589858.2834652,0
DINO.US,D,20160229,000000,26.528,27.3071,26.2846,27.1937,3666264.7359766,0
DINO.US,D,20160301,000000,27.1937,28.0802,26.655,27.789,3856917.1926329,0
DINO.US,D,20160302,000000,27.4576,27.7557,26.4234,26.9112,4447920.678266,0
DINO.US,D,20160303,000000,27.0744,28.9415,27.0744,28.8857,4528044.6935835,0
DINO.US,D,20160304,000000,29.006,29.2494,28.008,28.3257,3836842.9672766,0
DINO.US,D,20160307,000000,28.2855,29.3648,28.0979,29.0882,3971930.4428163,0
DINO.US,D,20160308,000000,29.0637,29.5926,28.3207,28.4957,4685884.5946518,0
DINO.US,D,20160309,000000,28.8525,29.919,28.7284,29.7196,3516081.9503744,0
DINO.US,D,20160310,000000,29.7196,29.7196,28.3344,28.7284,3000239.9326806,0
DINO.US,D,20160311,000000,29.1682,29.4606,28.4538,29.4284,2478033.8648445,0
DINO.US,D,20160314,000000,29.1048,29.3482,28.4371,28.7206,3197240.0715635,0
DINO.US,D,20160315,000000,28.1527,28.6756,27.8222,28.5994,2428186.4012083,0
DINO.US,D,20160316,000000,28.3344,29.1859,28.2855,28.918,3138308.4148293,0
DINO.US,D,20160317,000000,28.8594,29.1936,28.2924,28.9884,3017940.8102905,0
DINO.US,D,20160318,000000,28.9806,29.614,28.8291,29.315,5330472.5436269,0
DINO.US,D,20160321,000000,29.3716,29.6884,29.0725,29.1604,1873093.0991699,0
DINO.US,D,20160322,000000,29.0637,31.7988,28.9112,31.1429,6474701.3429428,0
DINO.US,D,20160323,000000,30.1918,30.5231,28.3804,28.4713,4899763.1233913,0
DINO.US,D,20160324,000000,28.3892,29.053,28.2123,28.6844,2847768.7078936,0
DINO.US,D,20160328,000000,28.9024,29.6238,28.4713,28.9884,2667498.6246329,0
DINO.US,D,20160329,000000,28.6414,29.0725,28.1214,28.8379,2422005.4671207,0
DINO.US,D,20160330,000000,29.1263,29.2524,27.8877,27.9161,2702046.179263,0
DINO.US,D,20160331,000000,27.9513,28.9884,27.6423,28.6756,3382733.5658557,0
DINO.US,D,20160401,000000,28.0002,28.0686,27.3579,27.7627,2343875.268509,0
DINO.US,D,20160404,000000,27.5045,28.576,27.4,28.049,2265035.1115628,0
DINO.US,D,20160405,000000,27.8798,28.4312,27.5388,27.5701,2970376.6708654,0
DINO.US,D,20160406,000000,27.6423,27.8046,26.7176,27.659,3042778.0990548,0
DINO.US,D,20160407,000000,27.5925,28.1604,27.3481,27.8301,3307819.6626381,0
DINO.US,D,20160408,000000,28.1527,29.2269,27.8046,28.6659,2599988.1341913,0
DINO.US,D,20160411,000000,28.9649,28.9649,27.789,28.1057,2889829.1357345,0
DINO.US,D,20160412,000000,28.1448,29.2093,27.8447,28.6756,2546872.2024303,0
DINO.US,D,20160413,000000,28.8857,29.2807,28.3569,29.1682,1903932.2979463,0
DINO.US,D,20160414,000000,29.2738,29.3569,28.7001,28.7733,1615927.5719224,0
DINO.US,D,20160415,000000,28.5105,28.8721,27.5388,27.6766,2477500.8845963,0
DINO.US,D,20160418,000000,27.2435,28.316,26.9796,28.2191,2567097.8310049,0
DINO.US,D,20160419,000000,28.2758,28.7636,27.6942,28.2758,2150151.7817086,0
DINO.US,D,20160420,000000,28.2053,28.8936,27.5143,28.6502,2757534.4357755,0
DINO.US,D,20160421,000000,28.6502,29.397,28.3629,29.2661,2197917.4510932,0
DINO.US,D,20160422,000000,29.3569,30.006,29.0802,29.4029,2208010.3169834,0
DINO.US,D,20160425,000000,29.3902,29.7793,28.9738,29.7714,2302038.8765114,0
DINO.US,D,20160426,000000,30.0295,30.3228,29.7529,30.136,1805723.7819995,0
DINO.US,D,20160427,000000,30.2005,30.833,30.0784,30.3471,2437513.0440547,0
DINO.US,D,20160428,000000,30.2651,30.5906,29.4948,29.5338,2061360.9551379,0
DINO.US,D,20160429,000000,29.4284,29.614,28.3003,28.9024,2579200.8815166,0
DINO.US,D,20160502,000000,28.8105,28.918,27.7313,28.8105,3075516.999023,0
DINO.US,D,20160503,000000,28.2602,28.3257,27.2533,27.9435,3755994.6716985,0
DINO.US,D,20160504,000000,27.0421,27.2054,25.0119,25.2963,6403425.2089435,0
DINO.US,D,20160505,000000,25.4361,25.5553,24.0929,24.3872,5373407.6319519,0
DINO.US,D,20160506,000000,24.0461,24.9239,24.0324,24.2572,4317451.0008845,0
DINO.US,D,20160509,000000,24.0929,24.1408,22.6002,22.7724,6070503.8538253,0
DINO.US,D,20160510,000000,23.0959,23.6423,22.9581,23.5583,6061749.0650266,0
DINO.US,D,20160511,000000,23.5583,23.9982,23.1291,23.747,5071667.1558461,0
DINO.US,D,20160512,000000,23.8359,24.1946,22.6902,22.7294,3647843.670085,0
DINO.US,D,20160513,000000,22.7146,23.2689,22.399,22.829,3426015.4493901,0
DINO.US,D,20160516,000000,22.9747,22.9747,21.7734,22.5201,5544661.039766,0
DINO.US,D,20160517,000000,22.5201,23.2542,22.2905,22.6747,3392921.5702547,0
DINO.US,D,20160518,000000,23.0401,23.747,22.875,23.1458,3885750.2987667,0
DINO.US,D,20160519,000000,23.0158,23.2523,22.09,22.3442,3313519.7892082,0
DINO.US,D,20160520,000000,22.351,22.6072,21.9268,22.6012,2761903.6462172,0
DINO.US,D,20160523,000000,22.4067,22.8203,22.2014,22.2104,2458259.3769407,0
DINO.US,D,20160524,000000,22.4546,22.6775,22.09,22.6169,2663243.9895997,0
DINO.US,D,20160525,000000,22.7313,23.0441,22.1742,22.4126,3050416.8006161,0
DINO.US,D,20160526,000000,22.486,22.5358,21.7508,21.8603,2967986.9552035,0
DINO.US,D,20160527,000000,21.7568,22.1487,21.1956,22.1487,3509945.0050595,0
DINO.US,D,20160531,000000,22.1742,22.4372,21.8124,21.9846,4280552.6043918,0
DINO.US,D,20160601,000000,21.8603,23.5612,21.8603,23.1262,9106450.3941517,0
DINO.US,D,20160602,000000,22.8623,23.4088,22.5026,22.9629,6484360.4590726,0
DINO.US,D,20160603,000000,23.0374,23.1682,22.1546,22.2796,3680069.0267046,0
DINO.US,D,20160606,000000,22.4624,22.6042,21.6628,22.2739,3638865.8684377,0
DINO.US,D,20160607,000000,22.4126,22.7313,22.2318,22.6169,3253976.3816324,0
DINO.US,D,20160608,000000,22.8066,22.832,21.8603,22.0001,4014789.8295321,0
DINO.US,D,20160609,000000,21.8036,22.2796,21.4517,22.0519,4209663.1623959,0
DINO.US,D,20160610,000000,21.7381,22.4087,21.5172,22.2054,4880426.4772268,0
DINO.US,D,20160613,000000,22.0168,22.0431,20.4948,20.5212,6088652.8031218,0
DINO.US,D,20160614,000000,20.4879,20.9913,19.8574,20.268,4938069.1606162,0
DINO.US,D,20160615,000000,19.9385,21.3432,19.8086,20.613,5482540.708495,0
DINO.US,D,20160616,000000,20.3422,20.5407,20.0529,20.3422,3906026.0540824,0
DINO.US,D,20160617,000000,20.3569,20.8759,19.6835,19.8006,7763774.9414213,0
DINO.US,D,20160620,000000,20.1526,20.4507,19.7919,19.8965,4279535.7476419,0
DINO.US,D,20160621,000000,19.9571,20.3334,19.4459,20.0451,5468690.3830045,0
DINO.US,D,20160622,000000,20.0686,20.35,19.8574,19.9307,3815280.2846053,0
DINO.US,D,20160623,000000,20.2181,20.3988,20.0871,20.3745,4021655.1470863,0
DINO.US,D,20160624,000000,19.7019,20.136,19.4459,19.8495,5209939.2139438,0
DINO.US,D,20160627,000000,19.5973,19.6346,18.5093,18.829,5293577.2161185,0
DINO.US,D,20160628,000000,19.0031,19.6922,18.8965,19.6346,4443986.2405796,0
DINO.US,D,20160629,000000,19.6346,20.0529,19.439,19.6835,5182244.7009313,0
DINO.US,D,20160630,000000,19.6835,19.742,18.7723,19.5279,5885268.1542023,0
DINO.US,D,20160701,000000,19.4947,19.9473,19.3579,19.9053,4337054.6486702,0
DINO.US,D,20160705,000000,19.7186,19.922,18.6902,19.0197,5472328.1522226,0
DINO.US,D,20160706,000000,18.8632,18.8887,18.1321,18.8545,7977545.0327205,0
DINO.US,D,20160707,000000,18.9942,19.7098,18.2151,18.3285,7009347.0265529,0
DINO.US,D,20160708,000000,18.4928,18.9464,18.2445,18.6639,6061500.4773101,0
DINO.US,D,20160711,000000,18.7811,19.1095,18.1789,19.0031,5324265.0116767,0
DINO.US,D,20160712,000000,19.1575,19.3295,18.9033,19.1575,3912780.8882071,0
DINO.US,D,20160713,000000,19.1575,20.2504,19.0607,20.0529,9080818.2384914,0
DINO.US,D,20160714,000000,20.2504,20.833,20.2504,20.5212,11186761.303451,0
DINO.US,D,20160715,000000,20.5896,20.6941,19.7254,19.7342,5243776.8102393,0
DINO.US,D,20160718,000000,19.7186,20.0686,18.9619,19.9815,4483727.5393942,0
DINO.US,D,20160719,000000,19.9307,20.0314,19.7537,20.0137,2662144.2702776,0
DINO.US,D,20160720,000000,20.0392,20.0646,19.6189,19.7098,3983564.961747,0
DINO.US,D,20160721,000000,19.7342,20.0314,19.6678,19.7098,2874517.9737865,0
DINO.US,D,20160722,000000,19.7655,19.8495,19.3725,19.8173,3391137.467466,0
DINO.US,D,20160725,000000,19.7098,20.1604,19.5279,19.8495,3207038.3149749,0
DINO.US,D,20160726,000000,19.8495,20.8192,19.7254,20.7607,3261672.3708978,0
DINO.US,D,20160727,000000,20.8906,21.3178,20.0597,20.1693,4908481.0843802,0
DINO.US,D,20160728,000000,20.2025,20.5212,19.8965,20.2279,3906606.0920877,0
DINO.US,D,20160729,000000,20.1291,20.9658,19.8818,20.8838,5923089.2919307,0
DINO.US,D,20160801,000000,20.8017,20.8584,20.181,20.2924,4291552.8665972,0
DINO.US,D,20160802,000000,20.5465,21.3609,20.4293,21.0177,6524708.3937551,0
DINO.US,D,20160803,000000,20.5309,21.9786,20.5132,21.9043,9619593.7517788,0
DINO.US,D,20160804,000000,21.8858,21.9846,20.9658,21.0412,7190609.4146902,0
DINO.US,D,20160805,000000,21.2884,21.8769,21.1047,21.7303,4745567.1295093,0
DINO.US,D,20160808,000000,22.0744,22.6012,21.9786,22.527,8205718.8896528,0
DINO.US,D,20160809,000000,22.5593,22.5915,21.5739,21.6707,3981702.0883651,0
DINO.US,D,20160810,000000,21.7216,22.4272,21.5075,21.6981,5188067.5868675,0
DINO.US,D,20160811,000000,21.8858,22.2836,21.526,22.1742,3964526.0070457,0
DINO.US,D,20160812,000000,22.3305,22.9875,22.0265,22.2875,5483879.8085811,0
DINO.US,D,20160815,000000,22.3872,22.5758,22.1742,22.4781,4005420.2209077,0
DINO.US,D,20160816,000000,22.4938,22.6677,22.092,22.2739,4522426.4065909,0
DINO.US,D,20160817,000000,22.3697,22.657,22.0168,22.5758,5448623.3186113,0
DINO.US,D,20160818,000000,22.6521,22.6981,22.1487,22.4185,4748712.8382679,0
DINO.US,D,20160819,000000,22.179,22.7196,22.1702,22.5377,3560570.9676763,0
DINO.US,D,20160822,000000,22.396,22.4537,21.5817,21.6062,5236592.3183331,0
DINO.US,D,20160823,000000,21.7216,22.2024,21.6209,22.1448,3379425.2009369,0
DINO.US,D,20160824,000000,22.2024,22.4947,21.8007,21.8789,3556267.2288967,0
DINO.US,D,20160825,000000,21.8789,21.9474,21.2611,21.3559,4251033.068802,0
DINO.US,D,20160826,000000,21.4635,21.7381,21.0412,21.3647,4466825.6206592,0
DINO.US,D,20160829,000000,21.3824,21.5984,21.2562,21.4302,2816316.7352809,0
DINO.US,D,20160830,000000,21.4888,21.6511,21.2737,21.5143,2689807.0704538,0
DINO.US,D,20160831,000000,21.4479,21.8046,21.2396,21.524,4875158.0544279,0
DINO.US,D,20160901,000000,21.5534,21.5534,20.4596,20.4967,4680670.3905729,0
DINO.US,D,20160902,000000,20.6815,20.7577,20.2777,20.5231,4375881.3902067,0
DINO.US,D,20160906,000000,20.6013,20.8398,20.3988,20.6491,3954484.2908913,0
DINO.US,D,20160907,000000,20.7088,20.9474,20.4967,20.8975,3784266.1537321,0
DINO.US,D,20160908,000000,21.0715,21.6306,20.9561,21.4713,4385289.8726305,0
DINO.US,D,20160909,000000,21.265,21.4635,21.0167,21.2973,4906299.0366461,0
DINO.US,D,20160912,000000,21.1234,21.8457,20.9474,21.7655,5232100.3485252,0
DINO.US,D,20160913,000000,21.5534,21.7958,21.1506,21.3217,3595263.7875564,0
DINO.US,D,20160914,000000,21.3217,21.3422,19.9845,20.0559,5892190.7594607,0
DINO.US,D,20160915,000000,20.0559,21.4058,20.0559,21.0235,8553853.1992259,0
DINO.US,D,20160916,000000,20.699,21.305,20.699,21.0235,5857509.1925226,0
DINO.US,D,20160919,000000,21.1506,21.6971,20.7655,21.4713,4906381.8992184,0
DINO.US,D,20160920,000000,21.4126,21.4479,20.6072,20.614,3964625.2375334,0
DINO.US,D,20160921,000000,20.7489,20.8819,20.1575,20.4253,4621662.0092348,0
DINO.US,D,20160922,000000,20.5924,20.7742,20.4517,20.4967,3237953.2153606,0
DINO.US,D,20160923,000000,20.3823,20.8886,20.2572,20.614,4351473.759224,0
DINO.US,D,20160926,000000,20.6735,20.7655,19.8349,19.8349,5075231.2694445,0
DINO.US,D,20160927,000000,19.7508,19.9923,19.3617,19.8016,4648258.8489146,0
DINO.US,D,20160928,000000,19.9415,20.2259,19.4224,20.0001,5794717.7767163,0
DINO.US,D,20160929,000000,19.9512,20.1184,19.3774,19.6346,5911134.5756533,0
DINO.US,D,20160930,000000,19.7597,20.5055,19.5162,20.3745,3788066.5791104,0
DINO.US,D,20161003,000000,20.2992,20.4967,20.0362,20.4654,3006832.1106449,0
DINO.US,D,20161004,000000,20.6013,21.305,20.5681,21.0812,5598622.988159,0
DINO.US,D,20161005,000000,21.2221,22.1956,21.1594,21.9062,6757168.5985569,0
DINO.US,D,20161006,000000,21.7714,21.9297,21.3559,21.6628,5296758.7296923,0
DINO.US,D,20161007,000000,21.5446,21.5984,20.4967,20.614,6158873.2065721,0
DINO.US,D,20161010,000000,20.7832,21.1594,20.7489,21.0167,3004421.9350888,0
DINO.US,D,20161011,000000,20.9649,21.0519,20.4351,20.5583,3494819.0051555,0
DINO.US,D,20161012,000000,20.5427,20.5427,19.9845,19.9923,2616923.8117519,0
DINO.US,D,20161013,000000,19.8906,19.9845,19.4262,19.6678,4698471.5216653,0
DINO.US,D,20161014,000000,19.8016,19.9073,19.3091,19.6033,4195459.9037277,0
DINO.US,D,20161017,000000,19.6033,19.9512,19.5006,19.6502,3231152.3464736,0
DINO.US,D,20161018,000000,19.8016,20.175,19.7098,19.7929,2576005.0460167,0
DINO.US,D,20161019,000000,19.5768,19.7508,19.1018,19.2024,4529726.4969003,0
DINO.US,D,20161020,000000,19.1282,19.4517,18.9659,19.4185,3198662.034222,0
DINO.US,D,20161021,000000,19.3774,20.8564,19.1282,20.3246,6163940.0994115,0
DINO.US,D,20161024,000000,20.4175,20.7489,20.2348,20.3988,3369124.6671188,0
DINO.US,D,20161025,000000,20.3823,20.7832,20.175,20.6413,3218775.1333775,0
DINO.US,D,20161026,000000,20.4341,21.1594,20.3325,20.9474,3455810.1705591,0
DINO.US,D,20161027,000000,20.9317,20.9815,20.1184,20.1408,4188723.4835081,0
DINO.US,D,20161028,000000,20.0559,20.3911,19.6267,19.8251,3231341.6004965,0
DINO.US,D,20161031,000000,20.092,21.0559,20.0001,20.7489,5509699.172275,0
DINO.US,D,20161101,000000,21.3383,22.0382,20.8886,21.1663,6969753.0389777,0
DINO.US,D,20161102,000000,21.0715,21.2064,20.2172,20.4732,4384162.532451,0
DINO.US,D,20161103,000000,20.5329,20.8398,19.3843,19.8671,6314868.6481634,0
DINO.US,D,20161104,000000,19.7743,20.0217,19.353,19.6835,5021333.7697187,0
DINO.US,D,20161107,000000,19.9248,19.9512,19.2865,19.4439,4107569.3125091,0
DINO.US,D,20161108,000000,19.353,19.3999,18.8193,18.8789,3894727.0774194,0
DINO.US,D,20161109,000000,19.1839,22.2474,19.1839,21.8046,10230029.022086,0
DINO.US,D,20161110,000000,21.9728,22.9033,21.6394,21.6697,7881600.4040852,0
DINO.US,D,20161111,000000,21.5632,21.7127,20.6238,21.6149,3881255.2599747,0
DINO.US,D,20161114,000000,21.6883,22.4039,21.6257,22.3872,3714760.82359,0
DINO.US,D,20161115,000000,22.4704,22.9033,22.1448,22.5289,4909347.5609065,0
DINO.US,D,20161116,000000,22.4704,23.1106,22.312,23.093,4217330.5078092,0
DINO.US,D,20161117,000000,23.2435,23.7342,22.6873,23.2103,6420111.2757929,0
DINO.US,D,20161118,000000,23.3168,23.3168,22.3687,22.7421,6636573.8891906,0
DINO.US,D,20161121,000000,23.0696,24.1683,22.9855,24.1145,5257645.5496347,0
DINO.US,D,20161122,000000,24.2582,24.6893,24.009,24.3833,4544220.2860685,0
DINO.US,D,20161123,000000,24.1398,24.4165,23.5485,23.9278,4185511.2800927,0
DINO.US,D,20161125,000000,23.8105,23.9962,23.5583,23.6286,1446800.9701278,0
DINO.US,D,20161128,000000,23.7001,23.92,23.2739,23.3315,3678169.3255128,0
DINO.US,D,20161129,000000,23.0382,23.5259,22.7617,23.1633,3086421.0997249,0
DINO.US,D,20161130,000000,23.5339,24.2894,22.7939,24.1976,5810302.0782541,0
DINO.US,D,20161201,000000,24.5105,25.0792,24.1398,24.4753,4276844.2485381,0
DINO.US,D,20161202,000000,24.4596,24.9326,24.4596,24.5847,3163596.8442644,0
DINO.US,D,20161205,000000,25.2151,26.2759,24.9531,26.1487,5020960.3766466,0
DINO.US,D,20161206,000000,26.0236,26.3345,25.6111,26.1849,4141426.3457044,0
DINO.US,D,20161207,000000,26.1575,27.8671,26.1487,27.7704,5922000.8255505,0
DINO.US,D,20161208,000000,28.0587,28.7058,28.051,28.6824,6737050.3844277,0
DINO.US,D,20161209,000000,28.4703,28.6306,27.5944,27.8145,4472143.1472047,0
DINO.US,D,20161212,000000,28.3442,28.3452,27.0607,27.2337,3523838.2963281,0
DINO.US,D,20161213,000000,27.6825,28.0852,27.3823,27.4683,3099275.0283597,0
DINO.US,D,20161214,000000,27.1428,27.4371,26.4362,26.5846,4901327.2823155,0
DINO.US,D,20161215,000000,26.569,27.3277,26.4762,26.7147,4306538.7162248,0
DINO.US,D,20161216,000000,26.9141,27.1595,26.3442,26.7284,5513862.7607782,0
DINO.US,D,20161219,000000,26.7059,26.8232,26.0656,26.2318,2543050.2941629,0
DINO.US,D,20161220,000000,26.4528,27.0842,26.2484,26.4605,2776242.9631829,0
DINO.US,D,20161221,000000,26.4263,27.0158,26.3022,26.8056,2507394.836253,0
DINO.US,D,20161222,000000,27.3344,27.6736,26.923,27.4468,3414087.3309753,0
DINO.US,D,20161223,000000,27.31,27.9748,27.2514,27.8671,2595768.2809785,0
DINO.US,D,20161227,000000,27.8671,28.2181,27.7969,28.1946,2627581.3707267,0
DINO.US,D,20161228,000000,28.1771,28.3609,27.8427,27.9581,3024959.5770524,0
DINO.US,D,20161229,000000,27.9014,28.3442,27.5583,27.8916,2370659.3162222,0
DINO.US,D,20161230,000000,27.8329,28.2865,27.485,27.5535,2324627.6228851,0
DINO.US,D,20170103,000000,27.9307,28.8487,27.6639,28.2348,3657083.3583803,0
DINO.US,D,20170104,000000,28.7058,29.2553,28.2778,28.8487,4831306.3628353,0
DINO.US,D,20170105,000000,28.7557,28.8055,28.0002,28.3853,3947077.8091311,0
DINO.US,D,20170106,000000,28.4137,28.5085,26.8965,26.923,4508234.4008647,0
DINO.US,D,20170109,000000,26.6717,26.7059,25.9581,26.0314,4244282.3266562,0
DINO.US,D,20170110,000000,25.9884,26.7801,25.7968,25.828,4552638.5096051,0
DINO.US,D,20170111,000000,25.8457,26.4362,25.7871,26.1126,2653369.0215844,0
DINO.US,D,20170112,000000,26.402,26.5201,25.4859,25.6941,2353704.2017619,0
DINO.US,D,20170113,000000,25.3335,25.6864,25.2151,25.2562,2507248.5480083,0
DINO.US,D,20170117,000000,25.5104,25.8945,25.0226,25.2748,2643221.936974,0
DINO.US,D,20170118,000000,25.1732,25.5769,25.1321,25.4077,2183834.9058017,0
DINO.US,D,20170119,000000,25.4517,25.4517,24.8956,25.1047,2913958.5121539,0
DINO.US,D,20170120,000000,25.4683,25.569,24.9903,25.2151,2402357.8305618,0
DINO.US,D,20170123,000000,25.0226,25.2562,24.5593,24.6463,3029331.8564781,0
DINO.US,D,20170124,000000,24.8867,25.7372,24.702,25.7293,3981422.810807,0
DINO.US,D,20170125,000000,25.7871,26.0236,25.1916,25.9581,2997296.7768762,0
DINO.US,D,20170126,000000,25.9404,26.0745,24.9259,24.9815,3262866.2057341,0
DINO.US,D,20170127,000000,25.0656,25.224,24.3579,24.4673,3736303.0463669,0
DINO.US,D,20170130,000000,24.3755,24.7538,24.1037,24.7196,3748289.4754806,0
DINO.US,D,20170131,000000,24.8467,24.8867,23.9073,24.3676,4912652.8568413,0
DINO.US,D,20170201,000000,24.7626,24.8026,23.4244,23.6511,4097893.828464,0
DINO.US,D,20170202,000000,23.7527,23.9738,23.2659,23.6932,4362151.7780931,0
DINO.US,D,20170203,000000,23.7597,24.1037,23.4468,24.1037,2145544.2134975,0
DINO.US,D,20170206,000000,24.1106,24.3911,23.92,24.0461,2324402.5640471,0
DINO.US,D,20170207,000000,24.18,24.2894,23.7929,23.9112,1957506.5313411,0
DINO.US,D,20170208,000000,23.7597,24.8867,23.6366,24.8544,4520760.9711896,0
DINO.US,D,20170209,000000,25.1243,25.569,25.0226,25.3824,3029326.7415046,0
DINO.US,D,20170210,000000,25.6452,25.7538,25.1399,25.3589,1960457.8711033,0
DINO.US,D,20170213,000000,25.0882,25.3335,24.8202,24.9444,3260228.9253504,0
DINO.US,D,20170214,000000,24.8379,25.1829,24.568,25.1644,1900086.8608004,0
DINO.US,D,20170215,000000,25.0969,25.401,24.9298,25.3589,2358249.3672951,0
DINO.US,D,20170216,000000,25.3765,25.5104,25.0725,25.2328,3051160.5177763,0
DINO.US,D,20170217,000000,25.0226,25.2171,24.8115,25.1644,1922533.4109083,0
DINO.US,D,20170221,000000,25.308,25.3921,24.8789,25.224,2793784.2536168,0
DINO.US,D,20170222,000000,24.7353,24.8544,24.0383,24.3071,5483044.0218963,0
DINO.US,D,20170223,000000,24.5339,24.9815,24.3579,24.7265,3919198.1340747,0
DINO.US,D,20170224,000000,24.5152,24.6365,24.047,24.6179,3147650.4025963,0
DINO.US,D,20170227,000000,24.3452,24.7265,24.1634,24.2513,3309194.5675395,0
DINO.US,D,20170228,000000,24.2513,25.2415,24.2006,24.9073,8446798.8479504,0
DINO.US,D,20170301,000000,25.179,25.66,24.874,24.9923,4591396.7104954,0
DINO.US,D,20170302,000000,24.8877,24.9151,23.8359,23.9268,5011959.0461207,0
DINO.US,D,20170303,000000,24.0237,24.3276,23.7841,23.8936,2830685.7190935,0
DINO.US,D,20170306,000000,23.8271,24.0237,23.4957,23.9962,2378780.8712904,0
DINO.US,D,20170307,000000,24.0137,24.1907,23.2582,23.3148,3705191.7309955,0
DINO.US,D,20170308,000000,23.3237,23.6746,23.1282,23.1957,5439003.0762809,0
DINO.US,D,20170309,000000,23.094,23.1458,22.6697,22.9756,3501549.2874069,0
DINO.US,D,20170310,000000,23.1018,23.3843,22.9932,23.3501,2423050.9677226,0
DINO.US,D,20170313,000000,23.4195,24.2348,23.4195,23.7147,3381765.8128522,0
DINO.US,D,20170314,000000,23.4498,23.4957,23.1458,23.4693,2582419.2229001,0
DINO.US,D,20170315,000000,23.6981,24.1224,23.6403,24.0812,3866204.9616798,0
DINO.US,D,20170316,000000,24.2348,24.4478,23.9962,24.2435,3538358.6833589,0
DINO.US,D,20170317,000000,24.3178,24.3961,23.9542,24.0549,5011602.020964,0
DINO.US,D,20170320,000000,23.9962,24.3482,23.7323,24.2777,4964275.2163136,0
DINO.US,D,20170321,000000,24.2435,24.3178,23.3237,23.4117,3789568.3353568,0
DINO.US,D,20170322,000000,23.2904,23.6091,23.0783,23.4195,2905348.9886051,0
DINO.US,D,20170323,000000,23.441,23.5446,22.9756,23.0011,3741462.0087311,0
DINO.US,D,20170324,000000,23.1203,23.179,22.6639,22.6697,3337554.0271188,0
DINO.US,D,20170327,000000,22.5084,22.9669,22.3071,22.6355,3208134.965313,0
DINO.US,D,20170328,000000,22.7099,22.9669,22.398,22.7978,5211799.0183416,0
DINO.US,D,20170329,000000,23.0011,24.2894,22.9404,24.2181,6032667.3711761,0
DINO.US,D,20170330,000000,24.2006,24.3305,23.8858,23.9033,5011942.6782052,0
DINO.US,D,20170331,000000,23.8359,24.1829,23.8359,24.1057,3049572.8299735,0
DINO.US,D,20170403,000000,24.0744,24.0882,23.2582,23.5691,3691515.3146072,0
DINO.US,D,20170404,000000,23.5691,23.8624,23.4048,23.6238,2497509.6382906,0
DINO.US,D,20170405,000000,23.6238,23.9738,22.8535,22.8721,3232926.219315,0
DINO.US,D,20170406,000000,22.9756,23.0255,22.3393,22.4399,3631453.2487093,0
DINO.US,D,20170407,000000,22.4205,22.8486,22.1007,22.6267,4309492.1019764,0
DINO.US,D,20170410,000000,22.6639,23.3647,22.654,23.2054,2399164.0410516,0
DINO.US,D,20170411,000000,23.1712,23.7049,22.9082,23.6892,3158325.3524813,0
DINO.US,D,20170412,000000,23.6892,24.047,23.4498,23.6648,3919343.3993246,0
DINO.US,D,20170413,000000,23.7664,23.9678,23.1957,23.2659,3504034.1415775,0
DINO.US,D,20170417,000000,23.2484,23.3051,23.0011,23.2054,2194437.2230616,0
DINO.US,D,20170418,000000,23.0354,23.394,22.7099,22.917,3461397.7677103,0
DINO.US,D,20170419,000000,22.9493,23.0529,22.3794,22.4821,3549678.1199165,0
DINO.US,D,20170420,000000,22.5651,23.0696,22.4742,22.8408,2108712.3116616,0
DINO.US,D,20170421,000000,22.917,23.8624,22.8143,23.7147,4330664.0006653,0
DINO.US,D,20170424,000000,23.9718,24.7704,23.9346,24.5152,4280476.9027827,0
DINO.US,D,20170425,000000,24.5222,24.788,24.3227,24.4644,3253113.9970849,0
DINO.US,D,20170426,000000,24.4048,24.7538,24.0237,24.0392,3514837.988797,0
DINO.US,D,20170427,000000,23.8173,24.1126,23.5378,24.0237,4009766.9254655,0
DINO.US,D,20170428,000000,24.1595,24.1595,23.614,23.9346,3909409.0976157,0
DINO.US,D,20170501,000000,23.9346,24.006,23.6981,23.9103,1852946.2411887,0
DINO.US,D,20170502,000000,24.047,24.1321,23.8858,24.1057,2743459.0514472,0
DINO.US,D,20170503,000000,22.8808,23.6238,22.398,23.1203,4109244.9778576,0
DINO.US,D,20170504,000000,22.6355,22.9669,21.9728,22.1506,3851608.8730398,0
DINO.US,D,20170505,000000,22.2856,22.9932,22.1761,22.917,4086949.8309681,0
DINO.US,D,20170508,000000,22.8408,23.4771,22.7714,23.4693,2771198.5762272,0
DINO.US,D,20170509,000000,23.487,23.8007,23.2904,23.6403,3108641.568,0
DINO.US,D,20170510,000000,23.7664,24.1224,23.441,24.0137,3281833.5508052,0
DINO.US,D,20170511,000000,24.0137,24.1712,23.5378,23.5954,2421315.9686805,0
DINO.US,D,20170512,000000,23.7323,23.8007,23.4332,23.5114,1827749.8812783,0
DINO.US,D,20170515,000000,23.876,24.0324,23.2054,23.3325,2191617.8496182,0
DINO.US,D,20170516,000000,23.3647,23.4332,22.8632,23.0255,2119728.9417825,0
DINO.US,D,20170517,000000,22.8486,23.0529,22.3754,22.5173,3240999.6936314,0
DINO.US,D,20170518,000000,22.4479,22.6355,22.1702,22.3794,2521507.0483912,0
DINO.US,D,20170519,000000,22.4751,22.9024,22.3892,22.7323,2870598.8810208,0
DINO.US,D,20170522,000000,22.8106,23.1887,22.7401,22.9571,2106217.2275438,0
DINO.US,D,20170523,000000,22.924,22.9659,22.4664,22.6834,2585244.7343119,0
DINO.US,D,20170524,000000,22.6208,22.9571,22.2436,22.527,2194627.5000793,0
DINO.US,D,20170525,000000,22.4058,22.7684,21.9024,21.9756,3766115.1584462,0
DINO.US,D,20170526,000000,21.8876,21.9923,21.2074,21.3373,3099497.0182135,0
DINO.US,D,20170530,000000,21.2328,21.4028,20.9757,21.0598,2908230.7647264,0
DINO.US,D,20170531,000000,20.9326,21.0207,20.2093,20.5906,4892110.099904,0
DINO.US,D,20170601,000000,20.6745,21.2884,20.3472,21.2328,3912745.083392,0
DINO.US,D,20170602,000000,21.1224,21.1732,20.5446,20.7088,2945136.322182,0
DINO.US,D,20170605,000000,20.6745,21.0451,20.5807,20.8886,2090357.7404268,0
DINO.US,D,20170606,000000,20.7695,20.8769,20.3628,20.743,2678520.3697273,0
DINO.US,D,20170607,000000,20.5993,21.0118,20.3726,20.7264,3304011.0533021,0
DINO.US,D,20170608,000000,20.7782,21.4361,20.7264,21.1594,3657490.5102782,0
DINO.US,D,20170609,000000,21.1819,22.1732,21.0529,22.1047,3814010.74816,0
DINO.US,D,20170612,000000,22.2523,22.8106,21.9424,22.2601,4251380.8870061,0
DINO.US,D,20170613,000000,22.2689,22.919,22.0773,22.8026,3043941.2440495,0
DINO.US,D,20170614,000000,22.7401,22.7939,21.6228,21.7333,2435470.1236023,0
DINO.US,D,20170615,000000,21.7333,22.1615,21.6561,21.9151,4026164.5078044,0
DINO.US,D,20170616,000000,21.9756,22.6657,21.8799,22.6208,3912993.6711085,0
DINO.US,D,20170619,000000,22.658,23.1468,22.5778,23.0354,2692369.672223,0
DINO.US,D,20170620,000000,22.658,22.7587,22.1809,22.2689,2831549.1266357,0
DINO.US,D,20170621,000000,22.1976,22.5955,21.8213,22.2846,3293918.1874118,0
DINO.US,D,20170622,000000,22.4586,23.1203,22.3383,22.9385,3560970.9586112,0
DINO.US,D,20170623,000000,22.9073,23.4155,22.6297,23.3892,4114798.8161831,0
DINO.US,D,20170626,000000,23.4078,23.8232,23.2777,23.5349,3035771.6082296,0
DINO.US,D,20170627,000000,23.5593,24.3393,23.4292,23.8183,3311027.7740746,0
DINO.US,D,20170628,000000,23.9571,24.4566,23.8642,24.0421,2170656.6878411,0
DINO.US,D,20170629,000000,24.1281,24.4127,23.7508,24.1184,2635880.9268759,0
DINO.US,D,20170630,000000,24.1643,24.3354,23.6483,23.6648,3434591.2141133,0
DINO.US,D,20170703,000000,23.7851,24.3168,23.7851,24.1478,1038996.4016337,0
DINO.US,D,20170705,000000,24.0354,24.0354,23.0391,23.1555,2755065.9495205,0
DINO.US,D,20170706,000000,23.1389,23.2876,22.5486,22.5603,3490145.9652825,0
DINO.US,D,20170707,000000,22.5514,23.4028,22.3706,23.3354,3018441.0547077,0
DINO.US,D,20170710,000000,23.1643,23.6356,23.1027,23.5349,3863424.4620357,0
DINO.US,D,20170711,000000,23.5016,23.741,23.2602,23.439,1891534.6249558,0
DINO.US,D,20170712,000000,23.8183,23.8642,23.2777,23.353,2347894.6147569,0
DINO.US,D,20170713,000000,23.2876,23.4557,22.7684,23.1643,2277324.3471132,0
DINO.US,D,20170714,000000,23.1887,23.3696,23.0783,23.224,2115818.0329745,0
DINO.US,D,20170717,000000,23.2689,23.488,23.2317,23.4459,2597029.6334661,0
DINO.US,D,20170718,000000,23.5016,23.5104,23.2152,23.439,1659531.6987932,0
DINO.US,D,20170719,000000,23.5104,24.1721,23.439,23.8956,2411323.3562727,0
DINO.US,D,20170720,000000,24.051,24.0597,23.4557,23.7753,1487949.9096746,0
DINO.US,D,20170721,000000,23.7664,23.9043,23.2513,23.5349,1892356.0897147,0
DINO.US,D,20170724,000000,23.5671,23.7802,23.4557,23.7508,1371935.147662,0
DINO.US,D,20170725,000000,23.8642,24.7665,23.8642,24.6394,3134276.7926447,0
DINO.US,D,20170726,000000,24.6795,24.749,24.2318,24.568,2012311.427382,0
DINO.US,D,20170727,000000,24.5934,24.8896,24.2495,24.7841,2791432.3887596,0
DINO.US,D,20170728,000000,24.7225,25.0685,24.0177,24.3354,2350773.3218941,0
DINO.US,D,20170731,000000,24.4302,24.9444,24.31,24.8447,2243472.4288915,0
DINO.US,D,20170801,000000,24.8624,25.4469,24.749,25.265,3700685.4392615,0
DINO.US,D,20170802,000000,25.8437,26.7646,25.2142,26.2651,5838577.6522666,0
DINO.US,D,20170803,000000,26.3013,26.9366,26.1898,26.3266,6912492.955613,0
DINO.US,D,20170804,000000,26.3501,26.7059,26.2651,26.3013,5246379.3088025,0
DINO.US,D,20170807,000000,26.2739,26.4029,26.1752,26.2651,3452742.2093991,0
DINO.US,D,20170808,000000,26.1625,26.3335,25.3853,25.5241,4462725.4578284,0
DINO.US,D,20170809,000000,25.5583,25.6111,24.8624,25.0765,3509903.0622762,0
DINO.US,D,20170810,000000,25.0333,25.1331,24.3266,24.4908,3088718.7458621,0
DINO.US,D,20170811,000000,24.3961,24.7216,24.3003,24.6022,2248945.4506343,0
DINO.US,D,20170814,000000,24.7225,24.9493,24.5006,24.7753,2855203.8335059,0
DINO.US,D,20170815,000000,24.7147,25.0256,24.5778,24.9444,3033674.4690572,0
DINO.US,D,20170816,000000,24.9728,25.05,23.9121,23.9659,2803388.1280318,0
DINO.US,D,20170817,000000,23.9473,24.0929,23.6218,23.6218,2737117.5071888,0
DINO.US,D,20170818,000000,23.6218,24.1555,23.439,23.8281,2114072.8039853,0
DINO.US,D,20170821,000000,23.7577,24.0373,23.5729,24.002,2009577.9854948,0
DINO.US,D,20170822,000000,24.002,24.3149,23.9131,24.22,1627875.1272369,0
DINO.US,D,20170823,000000,24.0207,24.5593,23.9053,24.4997,1435792.5239646,0
DINO.US,D,20170824,000000,24.568,25.4762,24.568,25.1976,5830050.99129,0
DINO.US,D,20170825,000000,25.44,26.2074,25.3188,25.7724,5275668.6705808,0
DINO.US,D,20170828,000000,26.9132,28.1155,26.7469,27.4381,9671820.7011297,0
DINO.US,D,20170829,000000,27.2445,28.1155,27.0607,28.0832,5050206.7726466,0
DINO.US,D,20170830,000000,28.3354,28.4234,27.7665,27.9004,5529206.6585574,0
DINO.US,D,20170831,000000,28.0119,28.0667,26.8173,27.2983,7532695.7794891,0
DINO.US,D,20170901,000000,27.488,28.4616,27.0959,28.3354,4504689.7241659,0
DINO.US,D,20170905,000000,27.7587,27.8202,26.2953,26.7059,5255433.8350538,0
DINO.US,D,20170906,000000,27.0099,27.3334,26.7294,27.2542,4304956.1433957,0
DINO.US,D,20170907,000000,27.3334,27.8202,27.1644,27.8017,2218503.1738084,0
DINO.US,D,20170908,000000,27.6366,28.4048,27.488,28.2465,2987888.2944524,0
DINO.US,D,20170911,000000,28.2748,28.7343,27.8662,28.5172,2987459.6596654,0
DINO.US,D,20170912,000000,28.5954,29.0685,28.4566,28.7539,2430250.8045498,0
DINO.US,D,20170913,000000,28.7793,28.8047,28.005,28.5358,3772657.2096694,0
DINO.US,D,20170914,000000,28.4391,28.4391,27.8564,28.0285,3363611.7485821,0
DINO.US,D,20170915,000000,28.047,28.5221,27.9952,28.2387,4738871.6290783,0
DINO.US,D,20170918,000000,28.3267,28.8487,28.2973,28.6766,2783662.7438745,0
DINO.US,D,20170919,000000,28.6766,29.3912,28.4566,29.3559,2892153.3797344,0
DINO.US,D,20170920,000000,29.3638,29.6785,29.0413,29.5642,2150259.1961539,0
DINO.US,D,20170921,000000,29.4772,29.8251,29.2915,29.5368,1907146.5473511,0
DINO.US,D,20170922,000000,29.6248,30.0177,29.4772,29.8516,1425563.5997768,0
DINO.US,D,20170925,000000,29.9043,31.0032,29.878,30.6443,3802387.4821711,0
DINO.US,D,20170926,000000,30.4704,30.6707,30.0608,30.1732,3404542.790254,0
DINO.US,D,20170927,000000,30.1038,30.3228,29.395,30.2367,2927332.1221055,0
DINO.US,D,20170928,000000,30.6188,31.4488,30.3755,31.3784,3406428.1695198,0
DINO.US,D,20170929,000000,31.3784,31.786,31.0911,31.3609,3869173.6923522,0
DINO.US,D,20171002,000000,31.1165,31.7646,30.9405,31.4752,2867075.6872111,0
DINO.US,D,20171003,000000,31.5515,31.9776,31.1253,31.794,2569074.2568005,0
DINO.US,D,20171004,000000,31.794,32.1096,31.4488,32.0754,2222284.1622871,0
DINO.US,D,20171005,000000,32.1527,32.2592,30.9767,31.2543,4325148.0131445,0
DINO.US,D,20171006,000000,30.0969,31.1498,30.051,30.8809,4076610.4233508,0
DINO.US,D,20171009,000000,31.2025,31.6014,30.9865,31.5417,2222547.0719297,0
DINO.US,D,20171010,000000,31.8741,31.9191,31.2895,31.5515,2417768.2229977,0
DINO.US,D,20171011,000000,31.5612,31.8476,31.2992,31.8389,2138101.9269222,0
DINO.US,D,20171012,000000,31.5964,31.8135,31.2113,31.6639,2150491.415955,0
DINO.US,D,20171013,000000,31.8877,31.9952,31.6297,31.7205,1496387.5701108,0
DINO.US,D,20171016,000000,31.7275,31.8037,31.1273,31.4655,1928606.9305506,0
DINO.US,D,20171017,000000,31.5799,31.8927,31.4391,31.6639,1779236.4027546,0
DINO.US,D,20171018,000000,31.6726,31.8359,31.3267,31.4655,2197498.0232586,0
DINO.US,D,20171019,000000,31.1076,31.5066,30.9405,31.5007,1329088.0368827,0
DINO.US,D,20171020,000000,31.786,32.1195,31.3424,32.0041,2863682.4137307,0
DINO.US,D,20171023,000000,31.9533,32.1195,31.5799,31.6218,1619528.5133307,0
DINO.US,D,20171024,000000,31.0539,31.8302,31.0539,31.7352,1908649.3265922,0
DINO.US,D,20171025,000000,31.7108,32.1976,31.2641,31.6453,2923155.2346709,0
DINO.US,D,20171026,000000,31.6218,31.786,31.1321,31.4752,2254009.2744894,0
DINO.US,D,20171027,000000,31.3334,31.702,31.1321,31.6218,2239176.8740697,0
DINO.US,D,20171030,000000,31.7108,32.484,31.6726,32.1791,3813144.2716335,0
DINO.US,D,20171031,000000,32.0041,32.6238,31.7431,32.2133,4310800.512221,0
DINO.US,D,20171101,000000,32.9024,34.6708,32.8028,34.5682,6120009.6372257,0
DINO.US,D,20171102,000000,34.8291,36.0413,34.3678,35.0911,5045657.5151346,0
DINO.US,D,20171103,000000,35.2837,35.4938,34.9083,34.9953,2619790.2429525,0
DINO.US,D,20171106,000000,35.2123,36.8174,35.1683,36.6786,3438996.22937,0
DINO.US,D,20171107,000000,36.5906,36.9747,36.3892,36.9044,2841198.0128182,0
DINO.US,D,20171108,000000,36.8438,37.0442,36.0236,36.8956,2933184.6748886,0
DINO.US,D,20171109,000000,36.6083,36.791,36.0325,36.791,3308389.4706962,0
DINO.US,D,20171110,000000,36.7812,37.053,36.4978,36.6619,2575475.1347526,0
DINO.US,D,20171113,000000,36.6864,37.139,36.3384,36.4879,1914485.5114598,0
DINO.US,D,20171114,000000,36.5133,37.7236,36.357,37.3501,3632634.8076088,0
DINO.US,D,20171115,000000,37.0246,37.5671,36.703,37.3912,2838680.4228166,0
DINO.US,D,20171116,000000,37.2612,38.4479,37.1566,38.1878,2698461.6057702,0
DINO.US,D,20171117,000000,38.1155,38.7792,38.1155,38.7177,3134853.7616658,0
DINO.US,D,20171120,000000,38.6297,39.1761,38.3834,38.9122,2832685.6737678,0
DINO.US,D,20171121,000000,39.1498,39.4029,38.9543,39.3414,2585751.1166975,0
DINO.US,D,20171122,000000,39.2181,39.2983,38.534,38.9913,2157332.181636,0
DINO.US,D,20171124,000000,39.0755,39.094,38.5936,38.6913,2910694.1360079,0
DINO.US,D,20171127,000000,38.6747,39.6493,38.6394,39.3169,2367840.9657734,0
DINO.US,D,20171128,000000,39.3775,39.8154,38.9631,39.7538,4237790.4021742,0
DINO.US,D,20171129,000000,39.3414,39.3414,38.6658,38.9377,2589422.6447413,0
DINO.US,D,20171130,000000,39.2623,39.2788,38.6033,39.0687,3736839.0955993,0
DINO.US,D,20171201,000000,39.2523,39.3854,37.7782,38.8672,2799221.4705443,0
DINO.US,D,20171204,000000,38.9034,39.6043,38.7715,38.9201,3651969.4077838,0
DINO.US,D,20171205,000000,38.7461,40.5476,38.7363,40.316,3861506.3469389,0
DINO.US,D,20171206,000000,40.0257,40.3081,39.1399,39.6132,2238234.6959342,0
DINO.US,D,20171207,000000,39.4744,40.2035,39.4744,39.8096,3661426.9939539,0
DINO.US,D,20171208,000000,39.2006,40.2622,39.1596,40.1322,2193481.7459948,0
DINO.US,D,20171211,000000,40.2543,41.2025,40.1498,40.9405,2678733.1526287,0
DINO.US,D,20171212,000000,41.2572,41.7226,40.6962,41.5027,3307354.2000413,0
DINO.US,D,20171213,000000,41.3081,42.4068,40.9758,42.2143,2391701.2945819,0
DINO.US,D,20171214,000000,42.2065,42.5202,41.6962,41.9855,2416154.960327,0
DINO.US,D,20171215,000000,42.0559,42.3717,41.6962,42.0393,3309617.0643581,0
DINO.US,D,20171218,000000,42.1341,42.5926,41.9073,42.5477,3197697.3502027,0
DINO.US,D,20171219,000000,42.3804,42.3804,41.6415,41.8018,1921116.5632235,0
DINO.US,D,20171220,000000,42.0814,43.5672,41.9161,43.443,2885624.6274425,0
DINO.US,D,20171221,000000,43.4968,44.399,43.2769,44.0511,2357533.2709923,0
DINO.US,D,20171222,000000,44.1322,44.6913,43.9103,44.4617,1933821.1346295,0
DINO.US,D,20171226,000000,44.4714,45.0677,44.2612,45.0589,928284.84424038,0
DINO.US,D,20171227,000000,45.1214,45.6718,44.7441,45.3492,1521019.2369369,0
DINO.US,D,20171228,000000,45.3228,45.3766,44.9025,45.2348,1497018.7578519,0
DINO.US,D,20171229,000000,45.3394,45.49,44.9816,44.9905,1226277.0676985,0
DINO.US,D,20180102,000000,45.1303,45.7295,44.8184,45.0589,2788862.6260272,0
DINO.US,D,20180103,000000,45.1909,45.6914,44.8136,45.1303,2655315.7805333,0
DINO.US,D,20180104,000000,45.2348,45.3394,44.2426,44.7695,3054134.3634222,0
DINO.US,D,20180105,000000,44.8664,45.3228,44.4714,45.0169,2605610.5131628,0
DINO.US,D,20180108,000000,45.0169,45.4998,44.7363,45.4294,2030253.7317455,0
DINO.US,D,20180109,000000,45.6649,45.7383,44.9631,45.0247,1879637.1963826,0
DINO.US,D,20180110,000000,45.1126,45.1674,44.6992,45.0413,1493162.0677641,0
DINO.US,D,20180111,000000,45.1039,45.6171,44.6992,45.2348,2371679.2419563,0
DINO.US,D,20180112,000000,45.4538,46.2446,45.2622,46.1234,2035957.9502943,0
DINO.US,D,20180116,000000,46.4117,46.7363,45.5604,45.8946,2910311.5359833,0
DINO.US,D,20180117,000000,45.9836,46.4871,45.7383,46.0266,2564219.1238676,0
DINO.US,D,20180118,000000,45.8517,45.8517,44.5329,44.7178,2263025.9499362,0
DINO.US,D,20180119,000000,44.7178,44.927,44.2699,44.7451,2046893.7638325,0
DINO.US,D,20180122,000000,44.8848,45.8331,44.6815,45.445,3691955.2023361,0
DINO.US,D,20180123,000000,45.6141,45.6316,45.0872,45.4294,2536814.1183605,0
DINO.US,D,20180124,000000,45.4998,45.5867,42.3717,43.267,5499215.5224024,0
DINO.US,D,20180125,000000,43.2171,43.6356,42.442,42.6024,4642077.9148269,0
DINO.US,D,20180126,000000,42.8291,43.3121,42.5828,42.8722,2404530.6713434,0
DINO.US,D,20180129,000000,42.5036,42.5115,40.9405,41.1254,3797624.4187631,0
DINO.US,D,20180130,000000,40.4215,41.3716,39.9572,40.8878,3560491.1740884,0
DINO.US,D,20180131,000000,41.0286,42.2495,40.8604,42.1254,3604128.03679,0
DINO.US,D,20180201,000000,42.1879,42.2016,40.8711,41.8281,2230840.4901106,0
DINO.US,D,20180202,000000,41.2924,41.8018,40.4753,40.7558,2216036.7335427,0
DINO.US,D,20180205,000000,40.2211,41.354,38.7079,39.5173,3069921.2179143,0
DINO.US,D,20180206,000000,38.4889,41.0892,38.2251,40.8174,3548193.7545802,0
DINO.US,D,20180207,000000,40.8878,41.3981,40.1155,40.2211,2644223.4488033,0
DINO.US,D,20180208,000000,40.097,40.5007,38.9543,38.9631,2864817.937868,0
DINO.US,D,20180209,000000,39.2759,39.7373,37.6658,39.0843,3197150.0480284,0
DINO.US,D,20180212,000000,39.4645,40.3355,39.0677,39.2885,2719331.7210172,0
DINO.US,D,20180213,000000,39.2006,39.8408,39.0725,39.7538,2396372.2884654,0
DINO.US,D,20180214,000000,39.3511,41.1683,39.2983,41.0892,2124655.6843455,0
DINO.US,D,20180215,000000,41.187,42.0559,40.5095,41.1175,2222731.210979,0
DINO.US,D,20180216,000000,40.9143,41.1947,40.316,40.7558,1622798.0044503,0
DINO.US,D,20180220,000000,40.5896,40.8966,40.0696,40.3883,4449442.8944067,0
DINO.US,D,20180221,000000,39.0843,39.7461,38.3658,39.008,4973376.8003218,0
DINO.US,D,20180222,000000,39.2006,39.6394,38.5427,38.7265,3544877.2057037,0
DINO.US,D,20180223,000000,39.053,39.618,38.8311,39.5261,3113989.7843871,0
DINO.US,D,20180226,000000,39.6394,39.8096,39.3775,39.5798,2517377.2187137,0
DINO.US,D,20180227,000000,39.5965,40.7558,39.2593,39.2866,2244393.124138,0
DINO.US,D,20180228,000000,39.4196,39.6503,37.8623,37.8976,2987832.0297429,0
DINO.US,D,20180301,000000,37.8897,38.6678,37.5349,38.4469,3592231.6312115,0
DINO.US,D,20180302,000000,38.0745,40.1322,37.8174,39.0031,2407885.0710246,0
DINO.US,D,20180305,000000,38.7832,39.5261,38.439,39.3062,1830938.5558149,0
DINO.US,D,20180306,000000,39.5173,40.3403,39.269,40.0217,2759965.0712261,0
DINO.US,D,20180307,000000,39.6043,40.9954,39.575,39.7744,2502814.8888994,0
DINO.US,D,20180308,000000,39.8428,40.1468,39.2466,40.0736,2397092.4767471,0
DINO.US,D,20180309,000000,40.5173,41.2162,40.4195,41.1625,2709418.9021973,0
DINO.US,D,20180312,000000,41.3218,41.5887,40.5955,40.6952,2029357.5883722,0
DINO.US,D,20180313,000000,41.011,41.5887,40.659,40.8262,1714967.7825753,0
DINO.US,D,20180314,000000,40.8966,41.4636,40.7119,40.9415,1713141.7370031,0
DINO.US,D,20180315,000000,40.9063,41.1899,39.5535,40.3403,3119480.1970399,0
DINO.US,D,20180316,000000,40.5456,41.225,40.4332,41.1546,4309480.8490345,0
DINO.US,D,20180319,000000,41.1107,41.3502,40.5271,40.9337,1997639.6371328,0
DINO.US,D,20180320,000000,41.3218,43.0569,41.2338,42.4831,2649149.1683717,0
DINO.US,D,20180321,000000,42.6161,44.0119,42.4362,43.3844,2426918.9107524,0
DINO.US,D,20180322,000000,42.8888,43.533,42.5613,42.6297,1940728.3949671,0
DINO.US,D,20180323,000000,42.8537,43.49,42.2348,42.3042,1703419.1952008,0
DINO.US,D,20180326,000000,42.9943,43.7461,42.4646,43.6757,1853302.2433507,0
DINO.US,D,20180327,000000,43.9768,44.6845,43.012,43.3405,1751277.9571048,0
DINO.US,D,20180328,000000,43.3405,43.4636,41.8976,42.0824,2200684.6518059,0
DINO.US,D,20180329,000000,42.4733,43.3844,42.2769,43.2338,1864085.6306758,0
DINO.US,D,20180402,000000,43.012,43.2171,42.2436,42.7393,1521724.0802977,0
DINO.US,D,20180403,000000,43.0208,44.0207,43.0208,43.967,2315105.5880476,0
DINO.US,D,20180404,000000,43.2769,45.0833,43.1244,45.0374,2542046.7363444,0
DINO.US,D,20180405,000000,45.1448,46.7735,45.1448,46.445,2467199.3277836,0
DINO.US,D,20180406,000000,45.879,46.923,45.8067,46.2408,2841190.8518553,0
DINO.US,D,20180409,000000,46.9055,47.4724,46.7119,46.8165,2330685.7976066,0
DINO.US,D,20180410,000000,47.658,48.4372,47.5428,47.7461,2695596.1975643,0
DINO.US,D,20180411,000000,47.8439,48.5877,47.4802,48.2866,2011960.5401937,0
DINO.US,D,20180412,000000,48.4793,48.6044,47.6238,47.9504,2104207.0429225,0
DINO.US,D,20180413,000000,48.6229,49.5418,48.5252,49.2935,2796117.7045692,0
DINO.US,D,20180416,000000,49.5515,50.7813,49.2769,50.5867,2355122.0724414,0
DINO.US,D,20180417,000000,50.7559,51.2514,50.2495,51.1078,1948910.3067237,0
DINO.US,D,20180418,000000,51.3306,52.0902,51.0384,51.3463,2606408.4490431,0
DINO.US,D,20180419,000000,51.2769,51.7715,50.8165,51.533,1516488.3933297,0
DINO.US,D,20180420,000000,51.5418,51.7529,51.1537,51.5496,2102431.1240916,0
DINO.US,D,20180423,000000,51.6581,52.3297,51.2134,52.2779,2229068.6632586,0
DINO.US,D,20180424,000000,52.9123,55.055,52.7178,53.4354,6009883.2328112,0
DINO.US,D,20180425,000000,52.6494,53.0111,51.7617,52.7637,3182188.7502739,0
DINO.US,D,20180426,000000,52.7109,55.0736,52.7109,54.9602,2422601.8730414,0
DINO.US,D,20180427,000000,54.7529,54.7529,53.2671,53.4803,1714639.4012707,0
DINO.US,D,20180430,000000,53.7999,55.0375,53.6934,53.7021,3898383.2605424,0
DINO.US,D,20180501,000000,53.3649,53.8351,52.8429,53.4979,3522739.6000007,0
DINO.US,D,20180502,000000,53.9758,57.4441,53.8907,57.055,5490541.5501864,0
DINO.US,D,20180503,000000,56.8967,58.7197,56.3991,58.0726,4174096.7050265,0
DINO.US,D,20180504,000000,58.054,59.0345,57.5771,58.4431,2870934.4232883,0
DINO.US,D,20180507,000000,58.7628,59.7051,57.8058,58.0453,2698067.7528037,0
DINO.US,D,20180508,000000,58.0913,59.3991,57.276,59.3727,4687128.5562293,0
DINO.US,D,20180509,000000,59.8507,60.6504,59.6386,60.1411,3148898.4561526,0
DINO.US,D,20180510,000000,60.7188,60.8233,59.4089,59.6836,2963893.9533358,0
DINO.US,D,20180511,000000,60.0903,60.4167,59.6464,59.8322,2324590.7950752,0
DINO.US,D,20180514,000000,60.2408,61.319,60.1596,61.0893,1970167.1139742,0
DINO.US,D,20180515,000000,60.6387,61.2662,60.4167,60.9652,2241350.7378459,0
DINO.US,D,20180516,000000,60.8146,61.4881,59.9563,61.0179,2662206.6729553,0
DINO.US,D,20180517,000000,61.5663,64.3972,61.5663,64.0883,3348908.2454967,0
DINO.US,D,20180518,000000,64.4607,65.0717,63.7081,64.5595,3295318.6671811,0
DINO.US,D,20180521,000000,65.2124,66.6553,64.9739,66.4881,3972016.3743726,0
DINO.US,D,20180522,000000,66.5673,66.6846,64.1137,64.8253,3272041.4453621,0
DINO.US,D,20180523,000000,64.2829,65.6875,63.9016,65.4734,1982850.2024912,0
DINO.US,D,20180524,000000,65.3228,67.8185,64.7002,67.1441,3473204.1497536,0
DINO.US,D,20180525,000000,65.8724,66.1314,63.4041,64.6035,3549624.9241911,0
DINO.US,D,20180529,000000,65.189,67.013,64.7891,66.5223,3076744.5926849,0
DINO.US,D,20180530,000000,67.3845,69.8997,67.2066,68.9583,3405833.8095885,0
DINO.US,D,20180531,000000,68.841,71.2691,68.5566,68.5938,5237148.8274599,0
DINO.US,D,20180601,000000,69.4647,72.9925,69.0102,72.5663,5465964.1020803,0
DINO.US,D,20180604,000000,72.9045,74.0151,71.321,71.9877,5834437.5926418,0
DINO.US,D,20180605,000000,71.9623,72.0874,69.2868,70.2379,4971438.2253308,0
DINO.US,D,20180606,000000,70.3532,70.3885,65.5976,67.411,6542013.3724091,0
DINO.US,D,20180607,000000,68.2731,68.5928,67.579,68.2134,2463717.0537626,0
DINO.US,D,20180608,000000,68.0775,68.8508,67.1724,68.6035,1842151.6009217,0
DINO.US,D,20180611,000000,67.8723,68.5439,66.9593,67.7951,4729544.986232,0
DINO.US,D,20180612,000000,67.6944,68.1127,64.6563,64.7707,5605809.5260547,0
DINO.US,D,20180613,000000,64.8859,65.8724,62.9485,64.9231,5242870.4369189,0
DINO.US,D,20180614,000000,65.3415,65.841,63.9192,64.844,4396780.1493059,0
DINO.US,D,20180615,000000,64.3014,64.8693,63.7852,64.2564,46112322.711839,0
DINO.US,D,20180618,000000,64.7276,68.06,64.6563,65.9456,4789646.948924,0
DINO.US,D,20180619,000000,64.6211,66.7989,64.5497,66.3884,4207701.0585262,0
DINO.US,D,20180620,000000,66.6748,67.2867,65.7315,66.2927,3109158.1803327,0
DINO.US,D,20180621,000000,66.3103,66.3103,63.6102,63.9906,3617355.358497,0
DINO.US,D,20180622,000000,65.5359,65.9798,62.6924,63.271,5784074.5396676,0
DINO.US,D,20180625,000000,62.9485,62.9945,59.3952,59.8019,6280997.293042,0
DINO.US,D,20180626,000000,60.1861,61.1724,59.8752,60.0432,4225793.7431133,0
DINO.US,D,20180627,000000,60.5193,61.2526,58.9505,59.0922,3539186.286086,0
DINO.US,D,20180628,000000,59.537,60.2114,58.9425,59.5282,2517117.3780553,0
DINO.US,D,20180629,000000,60.7999,61.9103,60.6562,60.8166,3561807.7682908,0
DINO.US,D,20180702,000000,60.6122,61.6347,60.2583,60.7541,3224209.2813208,0
DINO.US,D,20180703,000000,61.3503,61.6895,60.7921,61.359,2483438.3459411,0
DINO.US,D,20180705,000000,62.1675,62.1675,59.0559,59.793,4112966.6326426,0
DINO.US,D,20180706,000000,59.0472,61.2926,58.453,60.9661,2488541.0435957,0
DINO.US,D,20180709,000000,61.3141,62.4275,61.3141,62.2125,2855162.9137171,0
DINO.US,D,20180710,000000,62.4441,62.8097,60.5761,61.2799,3245750.481103,0
DINO.US,D,20180711,000000,60.8977,61.5985,59.2701,59.7775,2864835.3287782,0
DINO.US,D,20180712,000000,59.6973,60.3904,59.1998,60.362,2085770.6321102,0
DINO.US,D,20180713,000000,60.2838,61.6171,59.9036,61.0394,1807060.8360963,0
DINO.US,D,20180716,000000,60.7374,62.2125,60.7374,61.2349,2761087.296432,0
DINO.US,D,20180717,000000,61.0746,63.315,60.9211,62.7188,3914984.4188302,0
DINO.US,D,20180718,000000,62.7188,63.9016,61.4754,63.6319,3569465.9067516,0
DINO.US,D,20180719,000000,63.7139,64.1851,62.8703,63.8214,1757402.626483,0
DINO.US,D,20180720,000000,63.883,64.3552,62.8077,63.1197,1887421.1631938,0
DINO.US,D,20180723,000000,63.5086,63.5907,62.5419,63.0658,1931702.512568,0
DINO.US,D,20180724,000000,63.6416,63.9192,62.6738,63.012,1859695.9603398,0
DINO.US,D,20180725,000000,63.0316,64.105,62.6123,64.0336,1734674.7528276,0
DINO.US,D,20180726,000000,64.4353,66.4334,64.3884,66.1314,3118791.7215945,0
DINO.US,D,20180727,000000,66.2213,66.8126,65.2974,65.8312,2294670.2455558,0
DINO.US,D,20180730,000000,66.3103,66.7706,65.6963,66.5761,2241182.9667121,0
DINO.US,D,20180731,000000,66.8165,67.323,66.0111,66.2829,2075745.2838714,0
DINO.US,D,20180801,000000,65.9094,66.1675,64.2564,65.5976,2912872.091763,0
DINO.US,D,20180802,000000,60.5243,61.6073,58.6562,61.2446,6172037.1026065,0
DINO.US,D,20180803,000000,60.7374,61.1802,59.2271,60.1235,4079084.0245795,0
DINO.US,D,20180806,000000,60.274,60.7198,59.5663,60.6122,2811556.740857,0
DINO.US,D,20180807,000000,61.0307,62.0786,60.8243,61.4216,2407150.560817,0
DINO.US,D,20180808,000000,60.9836,62.6494,60.4343,61.6972,4697500.6996776,0
DINO.US,D,20180809,000000,61.6895,62.0081,60.1665,60.7541,3672299.3818195,0
DINO.US,D,20180810,000000,60.3717,61.7969,60.1499,61.3405,2437962.138736,0
DINO.US,D,20180813,000000,61.1802,62.5419,60.8879,60.925,2690732.8806738,0
DINO.US,D,20180814,000000,61.1724,61.8126,60.9427,61.3503,2100027.0865036,0
DINO.US,D,20180815,000000,61.2446,61.448,59.3415,59.8752,2491640.717592,0
DINO.US,D,20180816,000000,60.0432,61.0121,59.9983,60.2124,1792761.4159247,0
DINO.US,D,20180817,000000,60.5761,61.2446,60.1078,61.0033,1766691.4185247,0
DINO.US,D,20180820,000000,61.2261,63.6005,61.0208,62.8175,2052632.7642018,0
DINO.US,D,20180821,000000,63.1723,64.3102,63.1371,63.3317,1681551.6601035,0
DINO.US,D,20180822,000000,63.6015,64.099,63.2428,63.7608,1437017.0486423,0
DINO.US,D,20180823,000000,63.9036,65.3953,63.7256,65.0638,2470344.0135475,0
DINO.US,D,20180824,000000,65.6171,66.4138,65.2974,65.6982,1518507.7849035,0
DINO.US,D,20180827,000000,66.1451,66.797,65.3141,65.9759,1674478.6746216,0
DINO.US,D,20180828,000000,66.1704,67.0912,65.9583,66.0561,2252595.4957888,0
DINO.US,D,20180829,000000,66.2605,67.2154,65.2974,66.6357,1913245.6418613,0
DINO.US,D,20180830,000000,66.7872,67.1724,66.1079,66.6719,2025518.2891946,0
DINO.US,D,20180831,000000,66.5379,67.0003,65.7774,66.5379,2365509.5608105,0
DINO.US,D,20180904,000000,66.6719,68.3601,66.5379,68.0286,2239728.2682228,0
DINO.US,D,20180905,000000,67.8606,67.9574,65.5459,65.931,2611693.2397576,0
DINO.US,D,20180906,000000,65.5995,66.6259,63.9036,64.2965,2034527.8036783,0
DINO.US,D,20180907,000000,63.9837,64.2779,62.9133,63.2232,1987509.9434328,0
DINO.US,D,20180910,000000,62.9398,64.0903,62.796,63.5643,1783594.3602544,0
DINO.US,D,20180911,000000,63.5095,64.7697,63.1371,64.0648,1859302.1073733,0
DINO.US,D,20180912,000000,64.3844,64.9846,62.23,63.0805,2305308.367631,0
DINO.US,D,20180913,000000,64.2877,64.7071,63.4763,64.3151,2548805.6624478,0
DINO.US,D,20180914,000000,64.2154,64.2603,62.3493,62.8498,2819291.6039217,0
DINO.US,D,20180917,000000,62.8596,62.9749,60.4831,61.5379,2521250.276717,0
DINO.US,D,20180918,000000,62.0462,63.0707,61.8625,62.0716,3051835.6942903,0
DINO.US,D,20180919,000000,61.6817,61.8684,58.1038,58.4832,4531946.3954389,0
DINO.US,D,20180920,000000,58.7608,59.4744,57.2163,58.8781,3232151.8123133,0
DINO.US,D,20180921,000000,59.012,60.278,58.5819,59.7149,5673846.8587761,0
DINO.US,D,20180924,000000,60.1616,63.056,60.099,62.1352,3071301.2377892,0
DINO.US,D,20180925,000000,62.7423,63.8244,62.448,63.1812,2788688.7169251,0
DINO.US,D,20180926,000000,62.9564,64.011,61.5008,63.5018,2431217.5345585,0
DINO.US,D,20180927,000000,63.9936,64.5556,61.9662,62.2974,2362858.9814955,0
DINO.US,D,20180928,000000,62.1284,63.3053,61.6357,62.4128,2078709.9225648,0
DINO.US,D,20181001,000000,62.8214,63.6386,61.7227,62.1098,2125075.1121801,0
DINO.US,D,20181002,000000,62.189,62.5721,60.1988,61.2164,2701116.2770641,0
DINO.US,D,20181003,000000,61.5477,63.7785,61.4754,63.7061,2533450.5117269,0
DINO.US,D,20181004,000000,63.3483,64.1274,62.2515,62.6895,1818154.1908211,0
DINO.US,D,20181005,000000,62.3835,62.84,60.9133,61.7989,1953072.8722323,0
DINO.US,D,20181008,000000,61.5379,61.6083,59.6063,60.3669,2109964.4571968,0
DINO.US,D,20181009,000000,60.4489,61.9739,60.2428,61.2868,2000300.4463949,0
DINO.US,D,20181010,000000,61.2789,61.6982,58.7862,58.8234,2629470.8419713,0
DINO.US,D,20181011,000000,58.2632,60.0013,57.7628,58.9651,3352321.9788715,0
DINO.US,D,20181012,000000,59.7695,60.4392,58.707,59.3502,2463170.774583,0
DINO.US,D,20181015,000000,59.3316,59.5057,57.6885,57.7344,1938489.0595289,0
DINO.US,D,20181016,000000,58.5819,60.2955,58.4383,60.0638,2409002.1812569,0
DINO.US,D,20181017,000000,60.0737,60.4305,59.4128,59.6259,2434874.7406762,0
DINO.US,D,20181018,000000,59.0639,61.2164,58.8859,60.6709,2178000.7669235,0
DINO.US,D,20181019,000000,59.8312,59.8312,56.1127,56.403,3466987.4108509,0
DINO.US,D,20181022,000000,56.5193,58.1528,56.3854,57.8585,2398327.2313719,0
DINO.US,D,20181023,000000,56.4568,57.8234,55.1616,57.5126,3042625.6728419,0
DINO.US,D,20181024,000000,57.4216,57.4216,54.4197,54.4763,2379133.8044682,0
DINO.US,D,20181025,000000,55.5213,57.144,55.4118,56.3854,2902385.3729062,0
DINO.US,D,20181026,000000,55.537,56.493,55.0189,55.3493,2954467.0570072,0
DINO.US,D,20181029,000000,55.9114,57.5028,54.6621,55.4929,2379637.1178696,0
DINO.US,D,20181030,000000,55.5906,56.7783,55.0834,56.4851,2373272.0447326,0
DINO.US,D,20181031,000000,59.3854,61.8078,58.9299,60.2164,4462343.8807986,0
DINO.US,D,20181101,000000,60.6797,60.8947,58.4744,60.0551,3058170.0775857,0
DINO.US,D,20181102,000000,60.3248,62.0551,58.9163,59.3678,2094994.9754846,0
DINO.US,D,20181105,000000,60.2516,60.2516,57.1078,58.2055,1624651.6708798,0
DINO.US,D,20181106,000000,58.1987,58.5457,56.9964,58.4832,1867447.1913199,0
DINO.US,D,20181107,000000,59.3405,60.931,59.1001,60.8312,1812789.6065184,0
DINO.US,D,20181108,000000,60.4656,60.9035,58.3141,58.6983,1778146.9133797,0
DINO.US,D,20181109,000000,57.841,58.3043,57.3533,57.7696,1726856.004196,0
DINO.US,D,20181112,000000,57.7774,58.2535,56.448,56.6434,1823937.1799633,0
DINO.US,D,20181113,000000,56.4754,56.9739,53.4381,54.2955,3934710.8259822,0
DINO.US,D,20181114,000000,55.0003,55.8849,54.2085,55.2242,2600208.0780558,0
DINO.US,D,20181115,000000,54.7599,56.3404,54.5996,56.3327,2094623.6284018,0
DINO.US,D,20181116,000000,56.753,57.4128,56.3942,56.9934,2155329.1579776,0
DINO.US,D,20181119,000000,56.6347,57.9475,55.3004,55.6523,3136428.150537,0
DINO.US,D,20181120,000000,54.0648,54.9641,52.6464,53.1851,2696963.9415026,0
DINO.US,D,20181121,000000,53.5525,54.3972,53.014,53.7334,2580131.80671,0
DINO.US,D,20181123,000000,52.5017,53.1225,51.227,51.3179,1077494.7618657,0
DINO.US,D,20181126,000000,52.2065,54.3249,52.1019,54.2534,2199126.63085,0
DINO.US,D,20181127,000000,53.8224,54.6308,53.6689,54.0101,1728271.8288861,0
DINO.US,D,20181128,000000,54.0276,55.5008,52.8517,55.4383,1866375.0928552,0
DINO.US,D,20181129,000000,55.1684,56.1557,55.0804,55.3668,1758415.391254,0
DINO.US,D,20181130,000000,55.231,56.2995,54.6308,56.0747,2608903.533161,0
DINO.US,D,20181203,000000,55.6796,56.3444,51.749,52.8272,4651140.625036,0
DINO.US,D,20181204,000000,53.2749,53.4079,52.0864,52.187,3272561.1266788,0
DINO.US,D,20181206,000000,51.4079,51.927,49.7803,51.8839,2837847.705116,0
DINO.US,D,20181207,000000,52.187,53.2838,50.8233,51.0316,2706551.448002,0
DINO.US,D,20181210,000000,50.5105,50.8673,48.185,49.3257,2569846.6178129,0
DINO.US,D,20181211,000000,49.9367,50.6718,49.0637,49.4695,2467314.9261868,0
DINO.US,D,20181212,000000,50.7529,52.1772,50.1507,51.2182,2402522.5327116,0
DINO.US,D,20181213,000000,51.3179,51.5242,49.792,50.0971,2261949.7594925,0
DINO.US,D,20181214,000000,49.6854,50.8967,48.4186,48.5438,2184964.2919706,0
DINO.US,D,20181217,000000,48.4597,48.6425,46.8028,47.2876,2252800.0947325,0
DINO.US,D,20181218,000000,47.2691,48.0325,46.7393,47.0266,2549416.3902946,0
DINO.US,D,20181219,000000,47.0189,48.4987,46.0832,46.2455,3257620.2888189,0
DINO.US,D,20181220,000000,45.708,47.3238,44.8369,45.5007,3573016.7214186,0
DINO.US,D,20181221,000000,45.1058,45.922,43.2925,44.3061,5645651.0783517,0
DINO.US,D,20181224,000000,43.9836,44.2084,41.9641,41.9826,986226.24208739,0
DINO.US,D,20181226,000000,42.3756,45.6708,42.269,45.6181,1846804.1809004,0
DINO.US,D,20181227,000000,44.5309,46.3258,44.5124,46.3258,1813529.2316999,0
DINO.US,D,20181228,000000,46.6757,46.9015,45.1947,45.8604,1715679.7868991,0
DINO.US,D,20181231,000000,46.1664,46.7393,45.1234,45.8869,1909706.0801362,0
DINO.US,D,20190102,000000,44.9533,46.3442,44.6571,46.0482,2936434.7291085,0
DINO.US,D,20190103,000000,45.9865,46.1204,43.3648,44.0481,3797396.2909408,0
DINO.US,D,20190104,000000,44.9807,46.8028,44.5222,46.4244,3424980.1787353,0
DINO.US,D,20190107,000000,46.5066,47.2691,45.6835,46.9817,2852642.2547314,0
DINO.US,D,20190108,000000,47.359,47.7452,46.0482,46.5154,2606526.0934357,0
DINO.US,D,20190109,000000,47.0902,48.3189,46.5496,47.5311,2535994.6995911,0
DINO.US,D,20190110,000000,47.3776,48.446,46.4342,47.8614,2665527.3138109,0
DINO.US,D,20190111,000000,47.4939,48.9035,47.405,48.0414,1817742.9469444,0
DINO.US,D,20190114,000000,47.5027,47.9963,47.1645,47.6562,2007755.0089068,0
DINO.US,D,20190115,000000,48.1665,48.1665,47.0531,47.4479,1184186.9730108,0
DINO.US,D,20190116,000000,47.6914,48.2935,47.2172,47.8439,1550532.6345583,0
DINO.US,D,20190117,000000,47.5027,49.6024,47.5027,49.4421,2241939.9828036,0
DINO.US,D,20190118,000000,49.9611,50.313,49.1635,50.2398,2768483.548245,0
DINO.US,D,20190122,000000,49.747,50.3043,48.7335,48.7881,3635053.1671228,0
DINO.US,D,20190123,000000,49.0022,49.7188,48.185,48.662,1394264.0533773,0
DINO.US,D,20190124,000000,48.6699,48.9651,48.0774,48.3374,1858034.6169174,0
DINO.US,D,20190125,000000,48.7784,50.1185,48.097,49.4235,2452760.7803301,0
DINO.US,D,20190128,000000,48.5702,49.0736,47.9719,48.1391,2089270.2970413,0
DINO.US,D,20190129,000000,48.2387,48.6523,47.7814,48.5613,1755051.7846205,0
DINO.US,D,20190130,000000,48.8674,50.3219,48.3736,50.1782,2717315.3984275,0
DINO.US,D,20190131,000000,50.7236,51.7657,50.1507,50.5721,3937449.382843,0
DINO.US,D,20190201,000000,50.6366,50.6366,49.1361,49.5495,1625641.929767,0
DINO.US,D,20190204,000000,49.3864,49.9269,49.1635,49.4939,1732472.2451992,0
DINO.US,D,20190205,000000,49.5135,50.6894,49.1996,50.6455,1843448.7582245,0
DINO.US,D,20190206,000000,50.2046,50.7706,49.9367,50.6973,2204357.2028445,0
DINO.US,D,20190207,000000,50.5281,51.4528,48.8947,49.1547,2875214.6331895,0
DINO.US,D,20190208,000000,48.795,49.5847,47.7901,48.4265,1802345.8534399,0
DINO.US,D,20190211,000000,48.3649,49.836,48.1215,49.3355,2237310.9317035,0
DINO.US,D,20190212,000000,49.8175,49.9524,49.0463,49.1635,2250080.9747714,0
DINO.US,D,20190213,000000,49.2085,50.5643,49.0736,50.4207,1493966.1416126,0
DINO.US,D,20190214,000000,50.4392,51.4715,49.8087,51.2085,2347011.7703151,0
DINO.US,D,20190215,000000,51.6856,52.1772,51.4333,51.963,1853020.9198032,0
DINO.US,D,20190219,000000,51.8292,52.0101,51.2182,51.6856,1964835.2655026,0
DINO.US,D,20190220,000000,51.1567,51.5144,49.8175,50.3571,2972002.2094727,0
DINO.US,D,20190221,000000,50.3571,51.2564,49.3072,49.5937,2913969.7650957,0
DINO.US,D,20190222,000000,50.1058,50.3033,49.5222,49.836,2572365.2308092,0
DINO.US,D,20190225,000000,49.792,50.0795,49.056,49.1186,2096955.0333648,0
DINO.US,D,20190226,000000,49.2446,49.5349,48.4724,48.495,2161759.7027765,0
DINO.US,D,20190227,000000,48.5575,48.6493,47.7012,47.837,2004601.1161905,0
DINO.US,D,20190228,000000,47.6201,47.6816,46.1664,46.2378,3300460.2386351,0
DINO.US,D,20190301,000000,46.571,47.2397,46.5184,46.9876,2320310.585174,0
DINO.US,D,20190304,000000,47.2856,47.4754,45.7236,47.0236,2683057.3513028,0
DINO.US,D,20190305,000000,47.0403,47.0872,46.1488,46.5281,2911404.0943423,0
DINO.US,D,20190306,000000,46.5085,46.5623,44.9826,45.6679,3553522.5340676,0
DINO.US,D,20190307,000000,45.7051,45.7051,44.7734,45.0012,2281245.4858682,0
DINO.US,D,20190308,000000,44.2231,44.2231,43.3737,44.0706,1971193.1776766,0
DINO.US,D,20190311,000000,44.5769,45.2173,44.2329,45.2173,2562367.5034277,0
DINO.US,D,20190312,000000,45.2808,45.8683,44.8565,45.7852,2292010.4592884,0
DINO.US,D,20190313,000000,46.6982,47.1665,45.8507,46.6982,3032072.4593283,0
DINO.US,D,20190314,000000,46.5995,47.1752,46.532,47.1058,2598485.3549503,0
DINO.US,D,20190315,000000,46.8976,48.2515,46.8068,47.143,4791948.6870402,0
DINO.US,D,20190318,000000,47.231,47.8077,47.0678,47.6562,2562442.1820421,0
DINO.US,D,20190319,000000,47.9807,48.225,46.9319,47.0588,2148577.3928372,0
DINO.US,D,20190320,000000,46.9699,47.1576,46.1107,46.4636,2081808.5735663,0
DINO.US,D,20190321,000000,46.3737,47.4831,46.2378,47.2495,1833870.4586775,0
DINO.US,D,20190322,000000,46.6161,46.6982,45.2525,45.7051,2111376.1899079,0
DINO.US,D,20190325,000000,45.5867,45.8028,44.9738,45.7597,1727289.7539566,0
DINO.US,D,20190326,000000,46.1391,47.0403,45.7333,46.2926,1215324.8862449,0
DINO.US,D,20190327,000000,46.0932,46.9192,45.3609,45.8946,1872016.9087263,0
DINO.US,D,20190328,000000,45.579,45.8946,45.0823,45.3796,2031568.2799583,0
DINO.US,D,20190329,000000,45.8946,46.2651,44.3501,44.4939,2137253.8643009,0
DINO.US,D,20190401,000000,44.9103,45.0902,44.2133,44.359,1913133.1124423,0
DINO.US,D,20190402,000000,44.3238,44.7011,43.7529,44.1058,3143793.7125085,0
DINO.US,D,20190403,000000,44.5037,45.316,44.188,44.359,2572992.3265715,0
DINO.US,D,20190404,000000,44.486,44.9826,44.188,44.9103,1511714.0769796,0
DINO.US,D,20190405,000000,44.9553,45.5065,44.9367,45.1987,2275503.4165147,0
DINO.US,D,20190408,000000,45.1723,45.4528,44.1967,44.4138,2341654.3469756,0
DINO.US,D,20190409,000000,44.188,44.3141,43.3922,43.5017,1754455.3786998,0
DINO.US,D,20190410,000000,43.7911,45.7051,43.663,45.1889,2948024.2362716,0
DINO.US,D,20190411,000000,45.1547,45.9934,44.8282,45.5867,2547298.7912279,0
DINO.US,D,20190412,000000,46.2465,46.2564,45.0902,45.3796,2959474.616153,0
DINO.US,D,20190415,000000,45.3424,45.3981,43.7714,43.7911,2323030.7281298,0
DINO.US,D,20190416,000000,43.2935,43.574,42.571,43.3492,2784019.769031,0
DINO.US,D,20190417,000000,43.6727,44.1146,43.4606,43.7275,2272077.4072032,0
DINO.US,D,20190418,000000,43.7196,43.7529,42.6884,42.751,1999445.2228105,0
DINO.US,D,20190422,000000,43.0413,44.2329,42.8869,44.1146,2880452.366147,0
DINO.US,D,20190423,000000,44.2417,44.6757,43.6102,43.8791,2990485.6780421,0
DINO.US,D,20190424,000000,43.9797,43.9797,42.9514,43.3296,2796026.6580392,0
DINO.US,D,20190425,000000,43.3737,45.3609,43.1683,44.6932,3307481.0513864,0
DINO.US,D,20190426,000000,44.405,44.4939,43.2935,43.8536,2226192.0021109,0
DINO.US,D,20190429,000000,43.8791,44.4225,43.6952,43.8458,2697891.7977121,0
DINO.US,D,20190430,000000,43.9797,44.1703,42.9591,43.1047,2514801.3180132,0
DINO.US,D,20190501,000000,43.2319,44.0531,43.0501,43.1292,4334517.621769,0
DINO.US,D,20190502,000000,44.0706,44.1146,40.9005,41.7138,4810156.9700303,0
DINO.US,D,20190503,000000,41.9318,42.7158,41.9318,42.2104,2558218.2368504,0
DINO.US,D,20190506,000000,41.6777,41.8487,40.8379,41.0364,2582803.8689142,0
DINO.US,D,20190507,000000,40.6396,41.1136,39.4899,41.0619,2323236.3500682,0
DINO.US,D,20190508,000000,40.7274,40.9005,39.4293,39.4821,3231609.6251126,0
DINO.US,D,20190509,000000,39.1586,39.617,38.1008,39.3375,2343783.1989843,0
DINO.US,D,20190510,000000,39.8428,40.3042,38.8506,39.6541,3250967.754166,0
DINO.US,D,20190513,000000,39.1224,39.6825,38.2622,38.534,2797911.0143102,0
DINO.US,D,20190514,000000,38.6972,39.5379,38.4362,39.4019,1953880.0150649,0
DINO.US,D,20190515,000000,39.2563,39.5906,38.9943,39.4744,2098061.9136499,0
DINO.US,D,20190516,000000,39.5995,40.5026,39.5564,40.359,2374356.4191339,0
DINO.US,D,20190517,000000,39.9307,40.2719,39.0588,39.0657,2054666.4777017,0
DINO.US,D,20190520,000000,38.8565,39.7119,38.7852,39.4313,2221710.2622502,0
DINO.US,D,20190521,000000,39.5945,40.4851,39.5945,40.1488,2164226.1430422,0
DINO.US,D,20190522,000000,39.9307,40.4235,38.4841,38.8487,2511505.2290311,0
DINO.US,D,20190523,000000,38.2025,38.2299,37.0656,37.2641,2712645.4275388,0
DINO.US,D,20190524,000000,37.5192,37.8379,37.2279,37.402,1910474.3491695,0
DINO.US,D,20190528,000000,37.4655,37.8946,37.1654,37.2015,2297040.524318,0
DINO.US,D,20190529,000000,36.8917,37.4118,36.7743,37.2924,1973001.8323385,0
DINO.US,D,20190530,000000,36.9542,37.3482,35.965,36.0285,1743766.1068887,0
DINO.US,D,20190531,000000,35.2456,35.5095,34.3256,34.5534,2841987.7647407,0
DINO.US,D,20190603,000000,34.5906,35.5711,34.5809,35.1723,2570112.5964395,0
DINO.US,D,20190604,000000,35.2553,36.183,35.2553,36.092,2707642.9833665,0
DINO.US,D,20190605,000000,36.1556,37.2564,35.4009,37.1468,3122144.0752862,0
DINO.US,D,20190606,000000,37.0833,37.6112,35.9816,36.4547,2418675.6193127,0
DINO.US,D,20190607,000000,36.5368,36.7743,36.1272,36.4734,1917743.7496375,0
DINO.US,D,20190610,000000,36.5926,37.5105,36.4929,36.5926,2325444.9956649,0
DINO.US,D,20190611,000000,37.0833,37.3393,36.7558,36.8653,2076495.1389998,0
DINO.US,D,20190612,000000,36.6659,36.7656,35.9552,36.0188,1607032.6328473,0
DINO.US,D,20190613,000000,36.4547,36.9014,36.3648,36.7558,1539111.9215238,0
DINO.US,D,20190614,000000,36.7001,36.7284,36.1996,36.6659,1489252.181951,0
DINO.US,D,20190617,000000,36.5466,37.8116,36.4949,37.2475,1796279.4947606,0
DINO.US,D,20190618,000000,37.2564,38.1556,37.2104,37.6835,2094809.8134406,0
DINO.US,D,20190619,000000,37.749,38.3658,37.5741,37.6913,1986530.9374873,0
DINO.US,D,20190620,000000,38.53,39.9396,38.53,39.7119,3534593.0398011,0
DINO.US,D,20190621,000000,40.0305,40.4635,39.2739,40.1409,4195388.2940974,0
DINO.US,D,20190624,000000,39.9396,40.2583,39.4117,39.8858,2314181.8238171,0
DINO.US,D,20190625,000000,39.6581,40.1762,39.0755,39.922,2779289.4414539,0
DINO.US,D,20190626,000000,40.3658,40.8604,40.0257,40.4138,2766938.8262205,0
DINO.US,D,20190627,000000,40.3942,41.2045,40.1644,41.1586,1856676.0799314,0
DINO.US,D,20190628,000000,41.178,42.2338,41.0324,42.1067,3297982.5454274,0
DINO.US,D,20190701,000000,42.8145,42.9787,41.6698,41.8067,2301921.2321188,0
DINO.US,D,20190702,000000,41.7969,42.1067,41.2045,41.532,2975083.469564,0
DINO.US,D,20190703,000000,41.5877,41.7403,40.9405,41.2592,1118370.5618227,0
DINO.US,D,20190705,000000,41.187,41.8761,41.0589,41.6962,1288918.1032812,0
DINO.US,D,20190708,000000,41.6219,41.9338,41.2505,41.749,2222573.6697923,0
DINO.US,D,20190709,000000,41.7148,42.6317,41.5506,42.1693,1753241.0839692,0
DINO.US,D,20190710,000000,42.5691,43.0794,42.014,42.705,1657660.6414536,0
DINO.US,D,20190711,000000,42.9249,43.8056,42.5516,43.8056,2093941.2909248,0
DINO.US,D,20190712,000000,43.8781,44.5076,43.6337,44.1625,1602559.0769443,0
DINO.US,D,20190715,000000,43.9885,44.0139,43.0149,43.66,1621620.5375295,0
DINO.US,D,20190716,000000,43.7069,43.8448,43.1067,43.5164,2121894.621601,0
DINO.US,D,20190717,000000,43.362,43.5701,42.7421,43.2603,2284007.5716075,0
DINO.US,D,20190718,000000,42.8243,44.1156,42.6561,43.8156,1823860.4553595,0
DINO.US,D,20190719,000000,43.9377,44.5516,43.8253,44.1528,1413954.6557141,0
DINO.US,D,20190722,000000,44.3061,44.6346,43.4519,43.8536,1327566.8437367,0
DINO.US,D,20190723,000000,43.9982,44.2984,43.66,43.9982,1685763.3293586,0
DINO.US,D,20190724,000000,43.8878,45.2994,43.5897,45.0442,1449336.9740342,0
DINO.US,D,20190725,000000,45.1537,45.1537,44.2436,44.8711,1639589.4397556,0
DINO.US,D,20190726,000000,44.8536,45.3941,44.8536,45.1254,1403474.0748256,0
DINO.US,D,20190729,000000,44.9719,45.1438,44.3619,45.1078,1294279.6185995,0
DINO.US,D,20190730,000000,44.9162,45.6171,44.3453,45.5721,1512698.1978985,0
DINO.US,D,20190731,000000,45.6796,46.6807,44.8252,45.2808,2459754.9952189,0
DINO.US,D,20190801,000000,46.3824,49.0296,46.054,47.4812,3781526.5738766,0
DINO.US,D,20190802,000000,47.4636,48.3834,46.4304,46.5184,2814968.4282423,0
DINO.US,D,20190805,000000,45.6463,46.0805,43.5653,44.3981,3024298.7224644,0
DINO.US,D,20190806,000000,45.0813,45.4812,44.1713,44.9337,2290924.0388976,0
DINO.US,D,20190807,000000,44.4157,45.8547,43.9797,45.8076,2832367.5224103,0
DINO.US,D,20190808,000000,45.7627,46.6366,45.6082,46.4362,2169404.542306,0
DINO.US,D,20190809,000000,46.6171,46.6171,44.0531,44.18,2239171.759096,0
DINO.US,D,20190812,000000,43.7891,44.1889,42.2426,42.4694,2826084.2888508,0
DINO.US,D,20190813,000000,42.3052,43.6072,41.9249,42.7608,2219164.0283965,0
DINO.US,D,20190814,000000,41.8145,41.8145,40.1664,40.2866,2770148.9836463,0
DINO.US,D,20190815,000000,40.2142,40.6962,39.3482,39.9034,2891779.9866621,0
DINO.US,D,20190816,000000,40.2964,40.6962,39.7568,40.3493,3190417.7197875,0
DINO.US,D,20190819,000000,41.1321,42.4049,40.8056,41.7403,2281889.9725407,0
DINO.US,D,20190820,000000,41.441,42.2153,41.3413,41.6698,2249530.603613,0
DINO.US,D,20190821,000000,42.5212,42.9886,41.2289,41.577,2245986.9499089,0
DINO.US,D,20190822,000000,41.706,42.3189,41.5125,41.8067,1975198.2019987,0
DINO.US,D,20190823,000000,41.4205,42.0031,39.8096,39.9826,2602022.870686,0
DINO.US,D,20190826,000000,40.4332,40.7334,39.9542,40.2124,1475545.0757211,0
DINO.US,D,20190827,000000,40.5691,40.8888,39.3139,39.5437,3397232.4699974,0
DINO.US,D,20190828,000000,39.2856,39.9181,38.8829,39.7167,1575705.4655903,0
DINO.US,D,20190829,000000,39.9181,40.9542,39.8642,40.7891,1945799.3797855,0
DINO.US,D,20190830,000000,40.917,41.0374,40.3493,40.6513,1478046.2978072,0
DINO.US,D,20190903,000000,39.9005,41.5965,39.8096,41.3941,2346850.1371496,0
DINO.US,D,20190904,000000,41.9171,42.1723,41.2749,41.9797,1535448.5774377,0
DINO.US,D,20190905,000000,42.6142,43.7129,42.5574,43.6385,4075202.7826184,0
DINO.US,D,20190906,000000,43.8957,44.7568,43.5935,44.5741,2672610.5292399,0
DINO.US,D,20190909,000000,44.8399,46.2505,44.7392,46.2133,2612210.875085,0
DINO.US,D,20190910,000000,46.1958,47.1313,45.9289,46.8829,2189063.4318066,0
DINO.US,D,20190911,000000,47.141,47.2946,46.1557,46.9758,2068478.9523876,0
DINO.US,D,20190912,000000,46.3991,46.9758,45.6639,46.4519,1652677.634181,0
DINO.US,D,20190913,000000,46.9005,47.6063,46.5447,47.0853,1896639.3685999,0
DINO.US,D,20190916,000000,47.0022,49.6229,46.6718,49.2838,3802853.9677628,0
DINO.US,D,20190917,000000,48.8996,49.3932,47.8546,48.6054,2468667.3252042,0
DINO.US,D,20190918,000000,48.6054,48.7979,47.7734,48.6151,1782879.2869462,0
DINO.US,D,20190919,000000,48.8351,49.014,48.0384,48.3678,1645415.3946761,0
DINO.US,D,20190920,000000,48.5496,48.7714,47.9797,48.23,4047936.9043928,0
DINO.US,D,20190923,000000,47.7734,48.9171,47.4968,48.7255,1632019.2788407,0
DINO.US,D,20190924,000000,48.5409,48.9171,47.6258,47.883,2212349.8605781,0
DINO.US,D,20190925,000000,47.9464,49.2564,47.9464,48.8801,1687641.5476614,0
DINO.US,D,20190926,000000,48.6875,49.229,48.1468,49.0374,1551388.8811374,0
DINO.US,D,20190927,000000,49.1195,49.8145,48.6298,49.1009,2062602.8707258,0
DINO.US,D,20190930,000000,49.1468,49.578,49.0637,49.1557,1412752.6369201,0
DINO.US,D,20191001,000000,49.4685,49.4685,48.4138,48.8439,1900944.1303743,0
DINO.US,D,20191002,000000,48.3863,48.4411,47.0198,47.3131,1860278.0443345,0
DINO.US,D,20191003,000000,47.0755,48.4675,46.8185,48.3776,1523300.5151584,0
DINO.US,D,20191004,000000,48.8252,49.2203,48.3492,49.1009,919416.50302787,0
DINO.US,D,20191007,000000,49.1831,49.3669,48.5154,48.5409,1716235.2730312,0
DINO.US,D,20191008,000000,48.0471,48.3307,47.6894,47.7344,1154243.9176076,0
DINO.US,D,20191009,000000,48.3863,49.0002,47.8449,47.8908,1324913.1954376,0
DINO.US,D,20191010,000000,48.1468,49.0188,48.0648,48.7255,1300219.1259337,0
DINO.US,D,20191011,000000,49.3932,50.0091,49.316,49.3756,1169375.0324853,0
DINO.US,D,20191014,000000,49.1557,49.5585,48.8252,49.1831,779738.85018735,0
DINO.US,D,20191015,000000,49.1283,50.4479,48.6151,50.1175,1211304.5170023,0
DINO.US,D,20191016,000000,49.9993,50.4479,49.0824,49.1557,1422716.6054759,0
DINO.US,D,20191017,000000,49.5495,50.5477,49.4588,50.4939,1682316.8601527,0
DINO.US,D,20191018,000000,50.2544,50.4392,49.7324,50.2192,1673312.4606428,0
DINO.US,D,20191021,000000,50.5946,51.0531,50.2828,50.6318,1644180.6400511,0
DINO.US,D,20191022,000000,50.8517,51.7852,50.6502,50.9075,1497715.417255,0
DINO.US,D,20191023,000000,50.8517,51.7138,50.7599,50.9787,1394925.9309599,0
DINO.US,D,20191024,000000,51.273,51.5985,50.9162,51.3541,1790677.5756835,0
DINO.US,D,20191025,000000,51.5291,52.798,51.5291,52.6191,1312855.1566936,0
DINO.US,D,20191028,000000,52.8947,53.9582,52.8947,53.3815,1907549.6072701,0
DINO.US,D,20191029,000000,53.2242,53.884,53.0775,53.1518,1486489.0732169,0
DINO.US,D,20191030,000000,53.1879,53.1879,51.5565,52.1156,2339920.3709282,0
DINO.US,D,20191031,000000,53.2613,53.2613,48.8801,50.3482,3024998.4508517,0
DINO.US,D,20191101,000000,50.5388,51.5105,49.6229,49.7979,2800992.2744015,0
DINO.US,D,20191104,000000,50.4753,51.1068,49.6513,49.7803,2030378.5371009,0
DINO.US,D,20191105,000000,50.2916,51.2612,50.0179,51.2172,2967495.9177388,0
DINO.US,D,20191106,000000,50.925,50.9611,48.8067,48.9543,2054460.8557634,0
DINO.US,D,20191107,000000,49.4685,50.2006,49.3307,50.1635,2168819.3893271,0
DINO.US,D,20191108,000000,49.88,50.0276,48.7813,49.6141,1244423.9710056,0
DINO.US,D,20191111,000000,49.1928,50.1361,49.0922,49.6044,876603.15107437,0
DINO.US,D,20191112,000000,49.9709,50.4107,48.7901,48.9718,1736319.7283346,0
DINO.US,D,20191113,000000,48.5594,48.752,48.0286,48.1938,1255010.9433448,0
DINO.US,D,20191114,000000,48.5877,49.4029,48.3218,49.3756,1898494.0580242,0
DINO.US,D,20191115,000000,49.4206,49.4206,47.8731,48.1468,1857194.7382537,0
DINO.US,D,20191118,000000,48.8712,50.0179,48.3307,49.4029,2159849.7716376,0
DINO.US,D,20191119,000000,49.1468,49.2466,47.0941,47.927,2055952.3820625,0
DINO.US,D,20191120,000000,47.7637,48.5252,47.1117,47.9817,2279680.3039492,0
DINO.US,D,20191121,000000,48.1116,49.1371,48.0843,48.8801,1659840.6431981,0
DINO.US,D,20191122,000000,49.0277,49.3669,48.4675,48.5409,1372676.8188326,0
DINO.US,D,20191125,000000,48.5496,49.3669,48.3776,48.8898,1924185.5473784,0
DINO.US,D,20191126,000000,48.9915,49.1478,48.0042,48.5672,2713996.8035615,0
DINO.US,D,20191127,000000,48.7148,48.7803,47.8761,48.2437,1306861.4306393,0
DINO.US,D,20191129,000000,47.8858,47.9856,47.4509,47.5536,596065.26349901,0
DINO.US,D,20191202,000000,47.7744,48.7198,47.6171,48.6318,2492669.8502785,0
DINO.US,D,20191203,000000,48.2173,48.3267,47.5486,47.8389,1688178.6198884,0
DINO.US,D,20191204,000000,48.1518,48.2719,46.7276,46.8419,2230518.2467743,0
DINO.US,D,20191205,000000,46.9895,47.4606,46.5291,46.8145,2513866.3008407,0
DINO.US,D,20191206,000000,46.9065,47.3502,46.6395,46.9895,1431768.062743,0
DINO.US,D,20191209,000000,46.6112,46.7959,45.5418,45.579,1342693.8666355,0
DINO.US,D,20191210,000000,45.5047,46.4,45.3297,46.1782,1189463.5797676,0
DINO.US,D,20191211,000000,46.2515,46.6298,45.7901,46.2143,1892947.3806617,0
DINO.US,D,20191212,000000,46.2612,47.0364,45.9758,46.5388,1159366.0521619,0
DINO.US,D,20191213,000000,46.5838,47.23,46.0852,46.2974,1354477.7427949,0
DINO.US,D,20191216,000000,46.5008,47.7089,46.2515,47.5438,1747614.6130188,0
DINO.US,D,20191217,000000,47.5789,48.1801,46.7041,46.925,1910302.4860569,0
DINO.US,D,20191218,000000,46.9436,47.101,46.2417,46.8517,1786600.9417313,0
DINO.US,D,20191219,000000,46.9524,47.2378,46.7588,46.9983,1259429.2575329,0
DINO.US,D,20191220,000000,47.4323,47.5789,46.6395,47.4695,4371661.536994,0
DINO.US,D,20191223,000000,47.358,47.9397,46.9621,47.7461,1494772.2614506,0
DINO.US,D,20191224,000000,47.7559,47.8506,47.3766,47.6171,274543.13852639,0
DINO.US,D,20191226,000000,47.7002,47.9201,47.3404,47.5154,771896.57267725,0
DINO.US,D,20191227,000000,47.5438,47.6268,47.008,47.0266,1008834.4253608,0
DINO.US,D,20191230,000000,46.9895,47.1557,45.8185,45.9671,879415.36355484,0
DINO.US,D,20191231,000000,45.8917,46.9162,45.8086,46.7774,1350983.1928374,0
DINO.US,D,20200102,000000,47.1283,47.4968,46.9524,47.405,1284017.9585808,0
DINO.US,D,20200103,000000,47.138,47.7363,43.964,44.443,3445654.9019911,0
DINO.US,D,20200106,000000,44.1391,44.5085,43.3922,44.2769,2735552.3252698,0
DINO.US,D,20200107,000000,43.4938,44.7207,43.4938,44.6004,1600024.0960326,0
DINO.US,D,20200108,000000,44.5927,44.6004,43.2358,44.0099,1997760.3505096,0
DINO.US,D,20200109,000000,43.9826,44.6278,43.4938,44.4255,1409593.6292303,0
DINO.US,D,20200110,000000,44.489,45.0892,44.3796,44.9143,1247568.6567695,0
DINO.US,D,20200113,000000,44.9143,45.1547,44.2964,44.5828,913614.07698596,0
DINO.US,D,20200114,000000,44.4078,44.8634,43.9729,44.7568,1395667.6021307,0
DINO.US,D,20200115,000000,44.3042,44.4255,42.8575,43.0237,1695830.620381,0
DINO.US,D,20200116,000000,43.2916,43.7158,42.9308,43.2916,1773202.7799064,0
DINO.US,D,20200117,000000,43.2916,43.6405,42.9064,43.2817,1459282.5286851,0
DINO.US,D,20200121,000000,42.9768,43.4754,42.5662,43.2074,1696057.7252084,0
DINO.US,D,20200122,000000,43.2164,43.9357,42.4519,42.8936,1809443.3907951,0
DINO.US,D,20200123,000000,42.6444,43.1429,42.0374,42.617,2468333.8289261,0
DINO.US,D,20200124,000000,42.4519,43.0511,42.0725,42.922,2966517.9347881,0
DINO.US,D,20200127,000000,41.8702,42.1107,40.5329,40.7089,3381806.732641,0
DINO.US,D,20200128,000000,40.9015,42.6737,40.5232,42.0628,8886764.3243968,0
DINO.US,D,20200129,000000,42.3677,42.9866,41.5192,42.4147,9383135.6836182,0
DINO.US,D,20200130,000000,41.7969,42.7558,41.0217,41.6855,1901389.1330768,0
DINO.US,D,20200131,000000,41.1321,41.705,41.0579,41.4362,2262833.6269292,0
DINO.US,D,20200203,000000,41.5095,41.5095,39.3757,39.7959,1931201.245156,0
DINO.US,D,20200204,000000,40.5134,40.9113,38.8262,39.4255,2227266.146565,0
DINO.US,D,20200205,000000,40.0706,41.2887,40.0618,40.8731,1785998.3978423,0
DINO.US,D,20200206,000000,40.8731,41.1146,40.0432,40.0706,1635093.3779689,0
DINO.US,D,20200207,000000,39.7959,40.5878,39.5555,40.1459,1238516.1765077,0
DINO.US,D,20200210,000000,39.8399,40.2466,39.6102,40.0247,1327915.6849357,0
DINO.US,D,20200211,000000,40.3942,41.1321,40.1087,41.0022,1474136.4119941,0
DINO.US,D,20200212,000000,41.7138,41.9611,41.0217,41.3257,1773085.1355138,0
DINO.US,D,20200213,000000,41.2436,41.3639,40.0706,40.2007,3497806.1497328,0
DINO.US,D,20200214,000000,40.4128,40.5878,39.2134,39.9602,2717710.2743888,0
DINO.US,D,20200218,000000,39.7391,39.923,38.9933,39.2231,1509492.1324516,0
DINO.US,D,20200219,000000,39.3149,39.6757,38.789,39.4988,1638028.3498156,0
DINO.US,D,20200220,000000,37.6453,39.6474,36.5545,39.3062,3176182.748283,0
DINO.US,D,20200221,000000,39.4548,40.2309,38.701,40.0217,2492833.5294335,0
DINO.US,D,20200224,000000,38.097,38.4313,36.6639,37.0736,2861799.0804544,0
DINO.US,D,20200225,000000,37.2035,37.3443,35.1478,35.4635,4787956.9616494,0
DINO.US,D,20200226,000000,35.53,35.7626,33.4234,33.4645,4070600.3293811,0
DINO.US,D,20200227,000000,32.5535,32.5535,29.9962,30.0979,4190841.0825748,0
DINO.US,D,20200228,000000,29.5026,31.3726,29.0373,31.3257,4840949.1110495,0
DINO.US,D,20200302,000000,31.9572,32.0325,29.9767,31.66,3765567.8562719,0
DINO.US,D,20200303,000000,31.6238,32.618,30.1625,30.7948,4827627.6738286,0
DINO.US,D,20200304,000000,31.1957,31.2982,30.0705,30.4977,2886628.1852611,0
DINO.US,D,20200305,000000,29.5291,30.5349,28.3862,28.6844,3346116.4929105,0
DINO.US,D,20200306,000000,27.6893,27.921,26.2104,26.6101,3940441.6423939,0
DINO.US,D,20200309,000000,24.22,24.8614,22.4058,22.4155,8123996.9565853,0
DINO.US,D,20200310,000000,23.8105,24.5261,21.3364,22.2004,4984222.5903247,0
DINO.US,D,20200311,000000,21.2151,22.4429,19.9601,20.573,5271944.9698063,0
DINO.US,D,20200312,000000,18.9366,19.2426,17.4859,18.0803,5537606.468189,0
DINO.US,D,20200313,000000,19.8016,21.1604,17.6766,21.0764,5912816.3789701,0
DINO.US,D,20200316,000000,17.9404,22.9357,17.7548,19.7264,6276375.4029051,0
DINO.US,D,20200317,000000,19.9307,20.6844,18.6756,19.9502,5695327.7018699,0
DINO.US,D,20200318,000000,18.4821,21.2523,17.829,20.704,5158365.9582178,0
DINO.US,D,20200319,000000,20.9365,22.1555,18.7371,19.5133,4474954.3366904,0
DINO.US,D,20200320,000000,19.9874,21.4664,18.9082,20.7225,5372921.7094607,0
DINO.US,D,20200323,000000,20.3589,20.741,17.3461,17.3559,4092705.199253,0
DINO.US,D,20200324,000000,18.4986,18.8535,17.1868,17.96,3755558.8759486,0
DINO.US,D,20200325,000000,18.4821,20.9268,17.6716,20.0529,3361490.0575364,0
DINO.US,D,20200326,000000,21.262,23.8301,20.6286,22.2758,4338948.2118937,0
DINO.US,D,20200327,000000,21.3647,23.3413,20.48,22.5543,4068604.4666857,0
DINO.US,D,20200330,000000,21.8749,24.8056,21.7919,24.2006,3824640.6862774,0
DINO.US,D,20200331,000000,24.8896,25.1027,22.5446,22.7968,3222217.5106044,0
DINO.US,D,20200401,000000,21.8105,22.4527,19.9698,20.2112,3060829.8638531,0
DINO.US,D,20200402,000000,20.9551,23.8848,20.2484,21.3364,3487010.4864711,0
DINO.US,D,20200403,000000,22.1262,22.1262,20.1448,20.8154,2137072.7942357,0
DINO.US,D,20200406,000000,21.7821,25.9953,21.5641,24.1458,4136729.7769529,0
DINO.US,D,20200407,000000,25.1585,26.2759,23.7264,24.1555,3218683.0638527,0
DINO.US,D,20200408,000000,24.7958,25.5318,24.0519,24.7685,2457274.233027,0
DINO.US,D,20200409,000000,25.8467,26.2288,23.5084,24.574,2820051.6889974,0
DINO.US,D,20200413,000000,23.4205,24.9728,22.788,23.2983,2908420.0187492,0
DINO.US,D,20200414,000000,23.4664,23.9962,22.3872,23.3178,2669336.9461416,0
DINO.US,D,20200415,000000,22.1555,22.5838,21.2817,22.136,2458536.6085094,0
DINO.US,D,20200416,000000,22.3588,22.5543,21.0666,21.4566,2370442.4413419,0
DINO.US,D,20200417,000000,21.9141,25.3267,21.9141,25.1321,2346189.2825617,0
DINO.US,D,20200420,000000,23.7176,25.6884,23.485,24.3872,2655622.6789488,0
DINO.US,D,20200421,000000,23.6248,25.6149,23.485,24.7216,2531874.0768661,0
DINO.US,D,20200422,000000,25.9209,26.2464,24.749,25.0011,1847752.4970042,0
DINO.US,D,20200423,000000,25.4479,26.9258,25.1585,26.573,2468396.2316039,0
DINO.US,D,20200424,000000,26.9542,27.2327,26.136,26.5632,2574531.9336225,0
DINO.US,D,20200427,000000,26.7392,27.8095,25.8935,27.6795,1892614.9073784,0
DINO.US,D,20200428,000000,28.1351,29.2132,27.7636,28.5817,2069742.3508646,0
DINO.US,D,20200429,000000,29.6795,31.4176,28.8604,31.2788,2722674.8677564,0
DINO.US,D,20200430,000000,31.0461,31.7714,29.9395,30.7304,2594232.7659065,0
DINO.US,D,20200501,000000,29.7636,30.0608,28.006,28.2016,1776235.9592461,0
DINO.US,D,20200504,000000,28.4244,30.3863,28.0148,30.2562,2531346.2115915,0
DINO.US,D,20200505,000000,31.7069,31.8409,29.0286,29.1497,2371280.2740162,0
DINO.US,D,20200506,000000,29.6325,29.9864,27.9112,27.9112,2420284.7900045,0
DINO.US,D,20200507,000000,27.7255,28.9806,25.8056,26.3305,4163261.1449707,0
DINO.US,D,20200508,000000,26.9718,29.093,26.6198,29.0286,2162575.029567,0
DINO.US,D,20200511,000000,28.6287,29.2132,27.7734,28.0979,1948553.281567,0
DINO.US,D,20200512,000000,28.3862,28.7499,26.6844,26.6942,2207757.637288,0
DINO.US,D,20200513,000000,26.5632,26.8056,24.749,25.5505,3039335.7218279,0
DINO.US,D,20200514,000000,24.8896,26.2191,23.8848,25.6794,2332505.7052103,0
DINO.US,D,20200515,000000,25.5593,25.876,24.8799,24.9923,2397131.3505463,0
DINO.US,D,20200518,000000,26.4889,28.8887,26.4889,28.7031,2303074.1471663,0
DINO.US,D,20200519,000000,28.5906,28.7587,27.2983,27.4009,1898140.1018516,0
DINO.US,D,20200520,000000,28.2191,29.8281,28.1351,29.5291,2548161.1757754,0
DINO.US,D,20200521,000000,29.5291,30.0608,28.6746,28.8242,2750303.909107,0
DINO.US,D,20200522,000000,28.6532,28.8515,27.7978,28.6532,1352905.3999131,0
DINO.US,D,20200526,000000,29.8683,30.6483,29.4449,30.3853,1826927.3935247,0
DINO.US,D,20200527,000000,31.053,31.2602,30.1487,31.0999,3305705.1325556,0
DINO.US,D,20200528,000000,31.0911,31.3257,29.4157,29.6043,2468360.4267887,0
DINO.US,D,20200529,000000,29.1996,30.0002,28.9269,29.5857,3157267.5759426,0
DINO.US,D,20200601,000000,29.8301,30.0657,29.2748,29.2933,1800559.7046619,0
DINO.US,D,20200602,000000,29.613,30.6766,29.5476,30.658,2233990.2908481,0
DINO.US,D,20200603,000000,31.2319,31.8428,30.9777,31.7118,2203259.5295117,0
DINO.US,D,20200604,000000,31.5056,32.6385,31.1233,32.3795,2862664.5339861,0
DINO.US,D,20200605,000000,33.7441,35.5075,33.7147,34.5906,2644180.4830251,0
DINO.US,D,20200608,000000,36.0295,36.3198,34.3453,35.1077,2698389.99614,0
DINO.US,D,20200609,000000,33.4899,34.2132,32.747,33.2348,1922779.9526354,0
DINO.US,D,20200610,000000,32.747,33.6218,31.6317,32.1918,2577303.2263141,0
DINO.US,D,20200611,000000,29.8683,30.5261,28.4566,28.4654,2122821.4548157,0
DINO.US,D,20200612,000000,29.2563,29.8683,28.3579,29.5201,1964917.1050801,0
DINO.US,D,20200615,000000,28.0715,29.8683,27.7978,29.613,1774529.6040559,0
DINO.US,D,20200616,000000,31.1664,31.787,30.2631,30.7626,2024769.4570609,0
DINO.US,D,20200617,000000,30.7792,31.1664,29.1809,29.1996,1793150.1539175,0
DINO.US,D,20200618,000000,28.7948,30.8603,28.7245,30.6297,1744579.3876897,0
DINO.US,D,20200619,000000,31.6081,31.6639,30.1223,30.3296,4543503.166771,0
DINO.US,D,20200622,000000,30.0461,30.5261,29.2045,29.8486,2468682.670125,0
DINO.US,D,20200623,000000,30.3658,30.5456,29.5573,29.613,1541731.8109972,0
DINO.US,D,20200624,000000,29.0021,29.0021,27.4605,27.8262,2619460.8386532,0
DINO.US,D,20200625,000000,27.3461,28.1555,26.9982,27.8828,2044794.5786706,0
DINO.US,D,20200626,000000,27.6287,27.7978,26.2933,26.5368,2501966.826278,0
DINO.US,D,20200629,000000,26.7821,27.4215,26.4155,26.7636,1650443.4137163,0
DINO.US,D,20200630,000000,25.9454,27.6766,25.3609,27.4693,2914464.8945394,0
DINO.US,D,20200701,000000,27.6668,28.1644,25.7938,26.0675,2447884.1645082,0
DINO.US,D,20200702,000000,26.698,27.0548,25.568,25.6062,1829495.1102675,0
DINO.US,D,20200706,000000,26.0383,26.6032,25.4,26.3873,2534930.7850842,0
DINO.US,D,20200707,000000,25.9551,26.311,25.2953,25.4928,2168363.1336829,0
DINO.US,D,20200708,000000,24.7499,26.1136,24.7039,25.964,2379780.3371301,0
DINO.US,D,20200709,000000,25.8036,25.8975,24.5524,24.657,1789378.3723914,0
DINO.US,D,20200710,000000,24.5152,25.9259,24.5095,25.9259,1432709.2178838,0
DINO.US,D,20200713,000000,26.0011,26.0578,24.9376,25.3804,2059569.6913863,0
DINO.US,D,20200714,000000,25.1174,25.7098,24.7695,25.6159,2422869.8976576,0
DINO.US,D,20200715,000000,26.3687,27.1213,25.832,26.9796,1756672.2082542,0
DINO.US,D,20200716,000000,26.6883,27.1585,26.1995,26.7255,1533380.0821174,0
DINO.US,D,20200717,000000,26.8399,27.3091,25.5124,25.8506,1649150.3483923,0
DINO.US,D,20200720,000000,25.7098,26.133,24.9571,24.9758,1475509.270906,0
DINO.US,D,20200721,000000,25.305,26.5192,25.305,26.1615,2767991.4877855,0
DINO.US,D,20200722,000000,25.3804,26.0304,25.1271,25.7196,1808836.7549272,0
DINO.US,D,20200723,000000,25.5505,26.0871,25.3901,25.7001,1603906.3609883,0
DINO.US,D,20200724,000000,25.8232,26.2084,25.1174,25.3804,1556098.7488203,0
DINO.US,D,20200727,000000,25.268,25.5221,24.788,25.0705,1608426.9746482,0
DINO.US,D,20200728,000000,25.0236,25.5025,24.5994,24.5994,1320204.3507495,0
DINO.US,D,20200729,000000,24.6844,26.2181,24.5055,26.096,2404219.6809492,0
DINO.US,D,20200730,000000,25.4,25.6902,24.1388,25.2024,2975405.7129003,0
DINO.US,D,20200731,000000,24.9288,25.964,24.8819,25.8702,5125588.1844504,0
DINO.US,D,20200803,000000,25.964,26.2749,24.7499,25.0892,2871755.8880471,0
DINO.US,D,20200804,000000,24.8252,24.9855,23.8291,24.487,3526196.2991537,0
DINO.US,D,20200805,000000,24.9758,24.9758,24.0264,24.4205,2966756.2925575,0
DINO.US,D,20200806,000000,24.6941,25.6159,23.0666,23.1605,3554823.7833493,0
DINO.US,D,20200807,000000,23.2836,24.2328,22.8691,23.9875,3233198.3359101,0
DINO.US,D,20200810,000000,24.1291,24.7695,23.8751,24.572,2899024.8352569,0
DINO.US,D,20200811,000000,25.0979,25.7841,24.788,24.9199,2642503.7946818,0
DINO.US,D,20200812,000000,25.4176,25.6248,24.7216,25.6062,2091591.472057,0
DINO.US,D,20200813,000000,25.1634,25.2953,23.9121,24.007,3067994.9188598,0
DINO.US,D,20200814,000000,23.8544,24.7988,23.5778,24.789,1821734.6723349,0
DINO.US,D,20200817,000000,24.7704,25.4479,24.5123,25.2758,1795385.397377,0
DINO.US,D,20200818,000000,25.1517,25.3325,24.4556,24.5025,3451241.4761475,0
DINO.US,D,20200819,000000,24.3891,24.9611,23.9972,24.7039,2329477.6408443,0
DINO.US,D,20200820,000000,24.3413,24.5984,23.5583,24.179,2930869.6378412,0
DINO.US,D,20200821,000000,24.007,24.4743,23.6061,23.8261,2281260.830789,0
DINO.US,D,20200824,000000,24.1116,25.314,23.8457,24.9317,3320729.8559825,0
DINO.US,D,20200825,000000,25.0656,25.4283,24.4263,24.8467,3183252.6647809,0
DINO.US,D,20200826,000000,24.9513,25.3706,24.5505,24.7138,4127032.8100187,0
DINO.US,D,20200827,000000,24.6463,24.6648,23.3247,23.8066,3837992.8133399,0
DINO.US,D,20200828,000000,23.9405,24.8946,23.8359,24.6169,2591502.3930035,0
DINO.US,D,20200831,000000,24.5319,24.6561,22.7099,22.7674,14811804.467256,0
DINO.US,D,20200901,000000,22.8143,23.2435,22.3383,22.8525,3036805.8558897,0
DINO.US,D,20200902,000000,22.6042,22.9855,22.3853,22.4429,3782314.2798097,0
DINO.US,D,20200903,000000,22.7284,23.4155,22.2328,22.4429,4067889.3933777,0
DINO.US,D,20200904,000000,22.6433,22.7479,21.7558,21.7655,3966246.6841617,0
DINO.US,D,20200908,000000,21.3647,21.5553,20.8066,20.8407,3230384.0774402,0
DINO.US,D,20200909,000000,20.8594,21.0217,19.9435,20.4683,3876296.8045754,0
DINO.US,D,20200910,000000,20.5162,20.6922,19.5621,19.6013,2865872.6454225,0
DINO.US,D,20200911,000000,19.6384,20.3452,19.3765,19.9825,2720493.8430171,0
DINO.US,D,20200914,000000,20.0969,20.8789,19.9248,20.7068,3266239.0193201,0
DINO.US,D,20200915,000000,20.7547,20.9258,20.2445,20.6873,3425307.537045,0
DINO.US,D,20200916,000000,20.7547,21.9474,20.526,21.4801,2930569.9003888,0
DINO.US,D,20200917,000000,20.9454,21.441,20.7832,21.2405,2618555.4883276,0
DINO.US,D,20200918,000000,21.0988,21.2894,20.4869,20.9747,5660600.1001695,0
DINO.US,D,20200921,000000,20.3823,20.44,19.7528,20.2308,2358343.4828092,0
DINO.US,D,20200922,000000,20.2494,20.6404,19.9063,20.1252,1705292.29853,0
DINO.US,D,20200923,000000,20.0871,20.3579,19.095,19.1047,2227220.1118027,0
DINO.US,D,20200924,000000,18.9718,19.4145,18.3892,19.1135,2501933.0674523,0
DINO.US,D,20200925,000000,18.8086,19.3617,18.5553,19.2191,2146078.2167405,0
DINO.US,D,20200928,000000,19.6384,20.0108,19.4282,19.9248,2577854.6204673,0
DINO.US,D,20200929,000000,19.8388,20.0011,19.0431,19.2474,1900512.4266033,0
DINO.US,D,20200930,000000,19.2093,19.3716,18.7127,18.7987,2601077.6235663,0
DINO.US,D,20201001,000000,18.4938,18.6942,17.7313,18.0647,3205948.8256001,0
DINO.US,D,20201002,000000,17.6453,18.8945,17.531,18.6942,2739735.3506728,0
DINO.US,D,20201005,000000,19.0187,19.3433,18.6639,19.1047,2506637.8201615,0
DINO.US,D,20201006,000000,19.438,20.0479,19.1331,19.1994,2415361.1164256,0
DINO.US,D,20201007,000000,19.3236,19.8291,18.9327,19.743,2456251.2383089,0
DINO.US,D,20201008,000000,19.9337,20.6599,19.6765,20.5065,1915525.8970883,0
DINO.US,D,20201009,000000,20.6404,20.8407,19.8584,19.9063,1993674.5096049,0
DINO.US,D,20201012,000000,19.8203,19.877,19.353,19.8104,1706512.7312289,0
DINO.US,D,20201013,000000,19.6862,19.6912,18.828,18.9327,2495529.1205161,0
DINO.US,D,20201014,000000,19.0763,19.9248,19.0284,19.5621,2009501.260891,0
DINO.US,D,20201015,000000,19.095,20.2582,18.8575,20.2112,3344508.3452135,0
DINO.US,D,20201016,000000,20.1351,20.1351,19.2093,19.2289,2106704.1730297,0
DINO.US,D,20201019,000000,19.181,19.3335,18.5505,18.57,1953470.8171776,0
DINO.US,D,20201020,000000,18.79,19.088,18.5798,18.6942,2035600.9251378,0
DINO.US,D,20201021,000000,18.523,18.8378,18.0841,18.265,2730581.5939338,0
DINO.US,D,20201022,000000,18.1409,19.0851,17.6931,19.0089,2346864.4590758,0
DINO.US,D,20201023,000000,19.2191,19.9248,19.0715,19.4477,1642848.700928,0
DINO.US,D,20201026,000000,19.1047,19.2093,18.3325,18.4849,1764469.4739966,0
DINO.US,D,20201027,000000,18.351,18.4507,17.6257,17.7117,3572485.7871598,0
DINO.US,D,20201028,000000,17.1683,17.2737,16.2337,16.4331,4013457.890409,0
DINO.US,D,20201029,000000,16.2425,17.0255,16.0333,16.9678,3029425.9719923,0
DINO.US,D,20201030,000000,16.8916,17.6931,16.8348,17.6551,4677128.7828584,0
DINO.US,D,20201102,000000,18.008,18.5993,17.4644,18.3325,2624250.4999241,0
DINO.US,D,20201103,000000,18.5993,18.7039,17.8554,18.1702,2249749.5244827,0
DINO.US,D,20201104,000000,18.1702,18.7704,17.569,17.8642,3595859.1704823,0
DINO.US,D,20201105,000000,17.9981,18.79,17.6453,17.8065,3272265.4812054,0
DINO.US,D,20201106,000000,17.6648,18.094,16.6159,16.7576,4265178.0167713,0
DINO.US,D,20201109,000000,18.5895,22.1282,18.5895,21.5182,6870190.0780239,0
DINO.US,D,20201110,000000,21.5553,21.6697,19.8671,20.6501,4431500.5900434,0
DINO.US,D,20201111,000000,20.8789,21.1067,20.0207,20.3159,2612190.4151907,0
DINO.US,D,20201112,000000,19.9337,20.5827,19.4234,19.7157,3307259.0615326,0
DINO.US,D,20201113,000000,19.8485,21.2983,19.8485,21.1164,2944014.096976,0
DINO.US,D,20201116,000000,22.5241,23.3393,21.6697,23.0529,4253170.1047684,0
DINO.US,D,20201117,000000,22.5387,22.5866,21.7283,22.5191,3264688.1593273,0
DINO.US,D,20201118,000000,22.7196,22.9865,21.5945,21.6697,3117500.7022601,0
DINO.US,D,20201119,000000,21.27,21.8427,21.1556,21.8232,2342237.453965,0
DINO.US,D,20201120,000000,21.745,22.0187,21.2221,21.4546,1833244.3859099,0
DINO.US,D,20201123,000000,21.8427,23.6629,21.7596,23.5954,3139069.5228997,0
DINO.US,D,20201124,000000,24.487,25.5573,23.9346,24.9903,4418316.2341144,0
DINO.US,D,20201125,000000,24.6121,24.7186,23.915,24.4478,2193001.9614719,0
DINO.US,D,20201127,000000,24.2348,24.4185,23.8379,24.1478,2955410.2581374,0
DINO.US,D,20201130,000000,23.7508,23.9053,22.5104,22.656,5577242.3985476,0
DINO.US,D,20201201,000000,23.4987,24.4381,23.2856,23.4215,5130932.3088585,0
DINO.US,D,20201202,000000,23.2084,25.659,23.0823,25.4067,5224445.2790485,0
DINO.US,D,20201203,000000,25.5524,26.8985,25.2807,26.0461,4968865.3936144,0
DINO.US,D,20201204,000000,26.7919,27.8671,26.6952,27.654,3052857.6660138,0
DINO.US,D,20201207,000000,27.2083,27.7118,26.3462,26.5593,2761018.7557859,0
DINO.US,D,20201208,000000,26.1722,26.9855,25.8819,26.2201,3299753.3492848,0
DINO.US,D,20201209,000000,26.5299,27.0344,25.4645,26.2983,3044522.3050495,0
DINO.US,D,20201210,000000,26.2397,27.7704,26.2104,27.5476,4162446.8411751,0
DINO.US,D,20201211,000000,27.6443,27.6971,26.3657,26.6179,3349925.1022466,0
DINO.US,D,20201214,000000,27.1213,27.2758,24.918,25.0872,4909617.6315122,0
DINO.US,D,20201215,000000,25.4361,25.6874,24.8642,25.6003,4099212.4686558,0
DINO.US,D,20201216,000000,25.4556,25.4556,24.6707,24.7577,2515629.9437349,0
DINO.US,D,20201217,000000,24.9229,25.1546,24.4381,24.835,5035148.290394,0
DINO.US,D,20201218,000000,24.7283,24.9903,24.1281,24.3804,8278535.6536978,0
DINO.US,D,20201221,000000,23.3823,24.2103,22.8593,24.0314,4889932.1441488,0
DINO.US,D,20201222,000000,23.876,24.2924,23.5182,23.5563,2327209.661554,0
DINO.US,D,20201223,000000,23.8574,25.0774,23.6922,24.6512,1448316.0253055,0
DINO.US,D,20201224,000000,24.6032,24.7001,24.2054,24.5544,755374.18498277,0
DINO.US,D,20201228,000000,24.7001,25.571,24.3462,24.4283,1284717.686968,0
DINO.US,D,20201229,000000,24.6032,24.8544,24.1184,24.4772,1134600.3730278,0
DINO.US,D,20201230,000000,24.5055,25.3774,24.487,25.2611,2897102.6281812,0
DINO.US,D,20201231,000000,25.0774,25.5231,24.7675,25.0383,1659258.5592034,0
DINO.US,D,20210104,000000,25.2328,25.5035,24.0842,24.4772,2650856.5465564,0
DINO.US,D,20210105,000000,24.7186,25.7841,24.6121,24.7772,2747350.5233553,0
DINO.US,D,20210106,000000,25.5134,25.9972,24.2924,24.835,2874149.6956879,0
DINO.US,D,20210107,000000,24.9903,25.5426,24.439,25.3003,2214085.882615,0
DINO.US,D,20210108,000000,25.5905,25.6199,24.3804,24.5934,1529444.6214363,0
DINO.US,D,20210111,000000,23.8858,25.2034,23.8281,25.048,1929901.0188691,0
DINO.US,D,20210112,000000,25.2904,26.5397,25.1067,26.4918,2143331.4759219,0
DINO.US,D,20210113,000000,26.3364,26.3364,25.2133,25.5134,1873482.8601577,0
DINO.US,D,20210114,000000,25.659,28.5545,25.6296,28.313,3937475.9807056,0
DINO.US,D,20210115,000000,28.0902,28.2543,26.9952,27.3247,3908576.379915,0
DINO.US,D,20210119,000000,27.654,28.9806,27.2856,28.5934,2716144.0694751,0
DINO.US,D,20210120,000000,28.787,28.9326,27.9444,28.3609,2477970.439172,0
DINO.US,D,20210121,000000,28.1673,28.3706,27.5084,27.7802,1663562.2979831,0
DINO.US,D,20210122,000000,26.9855,28.1966,26.8213,28.1478,1419278.3202279,0
DINO.US,D,20210125,000000,27.6346,29.2328,27.1692,29.1839,3776939.4655599,0
DINO.US,D,20210126,000000,29.4556,30.134,28.8838,29.0295,3174095.8390579,0
DINO.US,D,20210127,000000,28.5642,30.3276,28.4274,29.9015,3402136.7066767,0
DINO.US,D,20210128,000000,30.2211,30.8799,28.4576,28.8065,3713749.0818137,0
DINO.US,D,20210129,000000,28.5358,30.1429,27.3638,27.5671,3811186.2597429,0
DINO.US,D,20210201,000000,27.9346,28.1966,26.5299,27.1311,3390997.3171897,0
DINO.US,D,20210202,000000,27.8282,28.2171,27.2083,27.354,2384560.7914485,0
DINO.US,D,20210203,000000,27.4019,28.613,27.3442,28.4967,2034905.2887292,0
DINO.US,D,20210204,000000,28.8359,29.2816,28.5241,29.1457,2068692.7582837,0
DINO.US,D,20210205,000000,29.6785,29.9884,29.1263,29.2524,1971509.2830445,0
DINO.US,D,20210208,000000,29.659,31.1312,29.5046,30.9278,2542207.3465151,0
DINO.US,D,20210209,000000,30.7147,30.792,29.8232,30.3374,1858953.2661743,0
DINO.US,D,20210210,000000,30.3374,30.8213,29.8144,30.7342,1527009.8940069,0
DINO.US,D,20210211,000000,30.2983,30.7342,29.659,30.3276,1909765.4138298,0
DINO.US,D,20210212,000000,29.9591,30.792,29.9591,30.7539,1530925.9177883,0
DINO.US,D,20210216,000000,31.4313,32.5455,31.2377,32.3032,1727350.110645,0
DINO.US,D,20210217,000000,32.7968,33.0393,31.9356,32.6522,1586581.9454348,0
DINO.US,D,20210218,000000,32.4684,32.7391,31.6062,32.2738,1664853.3173176,0
DINO.US,D,20210219,000000,32.487,35.5574,32.3619,35.4421,3668718.9003057,0
DINO.US,D,20210222,000000,35.5769,37.5534,35.5388,36.7109,3022419.4811669,0
DINO.US,D,20210223,000000,37.2817,38.2025,35.5574,37.8047,3223121.8379353,0
DINO.US,D,20210224,000000,37.8536,38.1058,36.5945,37.2436,3147573.6779924,0
DINO.US,D,20210225,000000,37.5242,37.6795,36.0031,37.2045,2177050.4048302,0
DINO.US,D,20210226,000000,36.706,37.6932,35.1508,37.0286,3369963.5227877,0
DINO.US,D,20210301,000000,37.8497,38.0549,36.3736,37.3218,2194804.4781654,0
DINO.US,D,20210302,000000,37.1458,37.6738,36.1195,36.1487,1813962.9814604,0
DINO.US,D,20210303,000000,36.706,39.1693,36.5594,38.1526,2789363.8934392,0
DINO.US,D,20210304,000000,38.4263,39.5506,37.2045,38.1136,2761662.2194637,0
DINO.US,D,20210305,000000,39.1009,39.6092,37.7715,39.0715,2019737.3460418,0
DINO.US,D,20210308,000000,39.5701,40.7627,38.6708,39.7167,1732514.1879826,0
DINO.US,D,20210309,000000,39.267,40.1762,37.8599,37.9375,2480063.4863656,0
DINO.US,D,20210310,000000,38.0354,40.3815,37.8887,40.0491,1834967.1090155,0
DINO.US,D,20210311,000000,39.9317,41.4372,39.7558,40.3423,1766538.9923117,0
DINO.US,D,20210312,000000,40.6845,40.8019,39.5798,40.1175,1678351.7326248,0
DINO.US,D,20210315,000000,40.1175,40.5379,38.8956,39.619,1750053.4324271,0
DINO.US,D,20210316,000000,38.9249,39.0031,37.8045,38.182,1865853.3655488,0
DINO.US,D,20210317,000000,38.2895,38.3677,36.8428,37.7617,3614099.1663088,0
DINO.US,D,20210318,000000,37.4879,37.7324,35.1028,35.1908,2941275.5401154,0
DINO.US,D,20210319,000000,35.5232,36.2954,34.9366,35.4743,4195315.6614725,0
DINO.US,D,20210322,000000,35.2397,35.533,34.2328,35.0442,2026953.5507843,0
DINO.US,D,20210323,000000,34.0764,34.966,33.2373,34.2328,3562685.497759,0
DINO.US,D,20210324,000000,35.0931,36.1097,34.8194,34.9268,2340108.6019564,0
DINO.US,D,20210325,000000,34.1155,36.0901,33.4705,35.8555,2118080.8972914,0
DINO.US,D,20210326,000000,36.7646,37.0481,35.1419,36.0999,1998409.9521557,0
DINO.US,D,20210329,000000,35.4645,35.9511,34.7997,35.2885,1204312.3481029,0
DINO.US,D,20210330,000000,35.0931,36.0803,35.0931,35.2397,1543552.7415957,0
DINO.US,D,20210331,000000,35.1028,35.3082,34.5407,34.9757,1642587.8372748,0
DINO.US,D,20210401,000000,35.1713,37.2339,35.0295,37.1654,2910455.7782385,0
DINO.US,D,20210405,000000,37.0774,37.3755,35.8947,36.1585,1889577.6360599,0
DINO.US,D,20210406,000000,36.2856,37.2241,35.8164,36.0999,1346749.0176986,0
DINO.US,D,20210407,000000,35.9826,36.2954,35.4645,36.0218,1312566.672183,0
DINO.US,D,20210408,000000,35.6893,35.6893,34.5261,35.0442,1956409.8810032,0
DINO.US,D,20210409,000000,35.1126,35.5525,34.3209,34.3794,1484660.9816554,0
DINO.US,D,20210412,000000,34.5261,35.1713,33.7734,33.8613,1877834.679689,0
DINO.US,D,20210413,000000,33.7245,34.008,33.5192,33.8613,1558076.1976107,0
DINO.US,D,20210414,000000,34.3893,35.7773,34.223,34.6629,3371186.0014761,0
DINO.US,D,20210415,000000,34.5457,34.8194,33.705,34.6141,1550857.9468788,0
DINO.US,D,20210416,000000,34.8779,35.4156,34.0861,34.6825,1679331.761565,0
DINO.US,D,20210419,000000,34.7509,35.0148,33.7441,34.0861,1527977.6470104,0
DINO.US,D,20210420,000000,33.8809,33.9542,32.317,32.9914,1515915.5162875,0
DINO.US,D,20210421,000000,32.5123,33.9298,32.356,33.6952,1256558.7343534,0
DINO.US,D,20210422,000000,33.7929,33.7929,32.5123,32.532,1912696.2936976,0
DINO.US,D,20210423,000000,32.7274,33.4849,32.3462,33.3237,2016369.6474293,0
DINO.US,D,20210426,000000,33.3237,33.7245,33.1477,33.6073,1075398.6456879,0
DINO.US,D,20210427,000000,33.617,33.9836,33.2456,33.8125,1221148.7951759,0
DINO.US,D,20210428,000000,33.9982,35.3277,33.9102,34.9268,2039969.1125846,0
DINO.US,D,20210429,000000,35.5232,35.9533,34.6043,34.8682,1534658.8255152,0
DINO.US,D,20210430,000000,34.4381,35.3863,34.0471,34.2132,1852752.8951871,0
DINO.US,D,20210503,000000,34.7509,36.4322,34.702,36.1684,1735525.8844332,0
DINO.US,D,20210504,000000,36.1097,36.6571,35.2837,35.4059,2373774.3351392,0
DINO.US,D,20210505,000000,32.6492,34.2719,32.6492,33.9005,5264812.6506307,0
DINO.US,D,20210506,000000,34.0471,34.5946,33.441,34.5358,3239261.6256051,0
DINO.US,D,20210507,000000,34.135,35.0295,33.5779,34.8486,3913116.4304747,0
DINO.US,D,20210510,000000,35.2397,36.2367,34.2719,34.3404,2629059.5980946,0
DINO.US,D,20210511,000000,33.6073,34.1643,33.0598,33.441,2448571.6169589,0
DINO.US,D,20210512,000000,33.8809,35.2494,33.4606,33.7147,2561945.006609,0
DINO.US,D,20210513,000000,33.3725,34.6287,32.7177,33.1185,2523785.2576288,0
DINO.US,D,20210514,000000,33.5779,35.1908,33.5779,35.0148,2427924.5145604,0
DINO.US,D,20210517,000000,34.7313,35.8849,34.5358,35.8458,2134823.2288502,0
DINO.US,D,20210518,000000,35.8555,36.1927,34.8097,34.8389,1755590.902837,0
DINO.US,D,20210519,000000,33.9005,34.0276,32.9816,33.8516,2177967.0080978,0
DINO.US,D,20210520,000000,33.1869,33.6073,32.7324,33.0109,2813107.6008499,0
DINO.US,D,20210521,000000,33.5291,33.9395,33.0793,33.2259,1900393.759216,0
DINO.US,D,20210524,000000,33.4996,33.7734,32.9229,33.4313,1284538.6628923,0
DINO.US,D,20210525,000000,33.2748,33.4606,32.0041,32.1996,1956303.4895525,0
DINO.US,D,20210526,000000,32.2582,32.874,31.8135,32.3071,3656136.0652712,0
DINO.US,D,20210527,000000,32.317,32.874,32.0138,32.2582,3913344.5582968,0
DINO.US,D,20210528,000000,31.2807,32.224,30.9972,31.7401,11279926.455436,0
DINO.US,D,20210601,000000,32.4929,33.3824,32.3755,33.1869,3151177.6883849,0
DINO.US,D,20210602,000000,33.5485,35.2593,33.1087,35.2005,4273677.0568905,0
DINO.US,D,20210603,000000,34.9074,36.2172,34.0177,34.2132,45107512.747698,0
DINO.US,D,20210604,000000,34.5946,35.0833,33.969,34.9268,3728353.3544114,0
DINO.US,D,20210607,000000,35.1028,36.0803,34.9953,35.3472,2698571.066205,0
DINO.US,D,20210608,000000,34.8486,35.88,34.6541,35.2885,2152349.1743633,0
DINO.US,D,20210609,000000,35.5721,35.7675,34.4577,34.4968,2838945.3784487,0
DINO.US,D,20210610,000000,35.1713,35.3374,33.7636,34.0177,2291188.9945296,0
DINO.US,D,20210611,000000,34.5749,35.2494,33.9005,33.9201,2983105.7941445,0
DINO.US,D,20210614,000000,34.2915,34.4757,32.8838,33.0598,3532755.7412871,0
DINO.US,D,20210615,000000,33.2456,34.184,33.2259,34.1742,3206823.4860841,0
DINO.US,D,20210616,000000,33.9591,35.2153,33.7636,34.5652,2777268.0038907,0
DINO.US,D,20210617,000000,34.5554,34.8389,32.8643,33.0207,3649239.0348808,0
DINO.US,D,20210618,000000,32.4049,32.7568,31.75,31.7988,4608517.5501,0
DINO.US,D,20210621,000000,32.0432,33.138,31.9748,33.1282,1841145.9971138,0
DINO.US,D,20210622,000000,32.9816,33.6512,32.4741,33.3531,1305517.2155795,0
DINO.US,D,20210623,000000,33.6757,34.0276,33.0207,33.0305,1825982.146405,0
DINO.US,D,20210624,000000,33.314,33.314,32.6589,32.9229,2460729.9091853,0
DINO.US,D,20210625,000000,33.2554,34.0471,32.9718,33.9102,4061520.2282619,0
DINO.US,D,20210628,000000,33.5779,33.6658,31.7401,31.9748,2902329.1081967,0
DINO.US,D,20210629,000000,32.0725,32.3853,31.745,31.7988,2026443.0764199,0
DINO.US,D,20210630,000000,31.9748,32.835,31.8868,32.1604,2894111.3916251,0
DINO.US,D,20210701,000000,32.9132,33.0989,31.9552,32.2973,2409807.2781002,0
DINO.US,D,20210702,000000,32.2582,32.3462,31.525,31.8574,1750788.9656295,0
DINO.US,D,20210706,000000,31.6913,31.6913,30.1565,30.4694,2894205.5071391,0
DINO.US,D,20210707,000000,30.2836,30.8653,29.4234,30.4498,2970249.8195203,0
DINO.US,D,20210708,000000,29.6189,30.8506,29.5603,30.1565,3416578.3231143,0
DINO.US,D,20210709,000000,30.7138,31.0607,30.225,30.958,2044152.1379876,0
DINO.US,D,20210712,000000,30.401,31.2905,30.0393,30.8017,1588017.2070245,0
DINO.US,D,20210713,000000,30.4792,30.7187,29.9807,30.4987,1493181.5046638,0
DINO.US,D,20210714,000000,29.8828,30.5476,29.2474,29.3745,2495248.8199633,0
DINO.US,D,20210715,000000,28.9053,29.355,28.6805,28.9738,2743089.7503538,0
DINO.US,D,20210716,000000,29.3648,29.3745,28.0647,28.1624,1959576.0496562,0
DINO.US,D,20210719,000000,27.0481,27.4538,26.5543,26.9698,2600170.2272512,0
DINO.US,D,20210720,000000,26.9698,27.6248,26.6667,27.1165,2199015.1244257,0
DINO.US,D,20210721,000000,27.6639,28.6121,27.5563,28.1527,1802859.3967884,0
DINO.US,D,20210722,000000,27.8594,27.8838,27.1165,27.3413,1520959.9032432,0
DINO.US,D,20210723,000000,27.3706,27.5954,27.0481,27.4782,1349915.1863517,0
DINO.US,D,20210726,000000,27.5759,28.5827,27.5759,28.3775,1265397.4087192,0
DINO.US,D,20210727,000000,28.4753,28.6512,27.918,28.4654,1638097.9134565,0
DINO.US,D,20210728,000000,28.6707,29.4919,28.3384,29.1497,1564175.2921209,0
DINO.US,D,20210729,000000,29.6678,29.8536,28.7831,28.9249,1721219.3032985,0
DINO.US,D,20210730,000000,28.5924,29.0323,28.3287,28.7391,1383313.917913,0
DINO.US,D,20210802,000000,28.9053,29.7069,28.2602,28.2895,1523255.5033909,0
DINO.US,D,20210803,000000,27.5466,28.9444,27.2044,28.8956,3502336.99334,0
DINO.US,D,20210804,000000,27.9668,28.6414,27.4339,27.9571,3162594.3094405,0
DINO.US,D,20210805,000000,28.4361,29.6482,28.2406,28.7391,2391062.9458777,0
DINO.US,D,20210806,000000,29.3355,29.4332,28.2797,28.3676,2328443.3931841,0
DINO.US,D,20210809,000000,27.8301,28.2358,27.3511,28.1136,2034852.0930039,0
DINO.US,D,20210810,000000,28.3482,28.7978,28.0842,28.7978,1886302.006972,0
DINO.US,D,20210811,000000,29.0812,29.355,28.5437,29.2572,1736374.9700493,0
DINO.US,D,20210812,000000,29.57,29.9708,29.0129,29.4429,2388966.8297001,0
DINO.US,D,20210813,000000,29.4137,30.2347,29.3941,29.7069,2949199.6572028,0
DINO.US,D,20210816,000000,29.2474,29.5799,28.8858,29.2083,2455303.9451997,0
DINO.US,D,20210817,000000,28.8467,29.4625,28.7294,29.0323,1628770.2476154,0
DINO.US,D,20210818,000000,29.0911,29.3843,28.1624,28.2016,2144407.6663656,0
DINO.US,D,20210819,000000,27.6346,27.8399,27.2044,27.6051,2209507.9812509,0
DINO.US,D,20210820,000000,27.2924,28.5338,27.136,28.2113,2552806.5947909,0
DINO.US,D,20210823,000000,29.0715,29.7459,29.0323,29.7069,1815192.6211117,0
DINO.US,D,20210824,000000,30.0099,30.4987,29.834,30.3716,1493898.6239612,0
DINO.US,D,20210825,000000,30.5378,31.2905,30.2544,30.8017,1403212.1881778,0
DINO.US,D,20210826,000000,30.3032,30.4987,29.6776,30.1859,2412974.469748,0
DINO.US,D,20210827,000000,30.4987,32.3657,30.4987,31.8379,2005936.1242978,0
DINO.US,D,20210830,000000,32.0823,32.2973,31.31,31.3394,1598604.1793637,0
DINO.US,D,20210831,000000,31.0852,31.9748,30.9288,31.6034,2049867.6094784,0
DINO.US,D,20210901,000000,31.6619,31.8085,30.2641,30.4889,1659654.4581594,0
DINO.US,D,20210902,000000,31.0168,31.4468,30.5524,30.7332,1407408.512512,0
DINO.US,D,20210903,000000,30.792,31.0949,29.8389,30.0393,1542799.8174831,0
DINO.US,D,20210907,000000,30.0002,31.1048,29.9513,30.3032,1396430.7561904,0
DINO.US,D,20210908,000000,30.4303,30.5183,29.5211,29.5993,1352293.6490715,0
DINO.US,D,20210909,000000,29.306,29.9807,28.8369,29.2671,1728389.4732787,0
DINO.US,D,20210910,000000,29.7948,29.8047,28.7001,28.8663,1151132.9906694,0
DINO.US,D,20210913,000000,29.3257,30.132,29.2768,29.9807,1407323.6039503,0
DINO.US,D,20210914,000000,30.4303,30.4303,29.355,29.4039,1360283.237821,0
DINO.US,D,20210915,000000,29.8144,30.5378,29.6189,30.3521,1609519.5330074,0
DINO.US,D,20210916,000000,30.4205,30.484,29.7753,30.0295,1643709.0394861,0
DINO.US,D,20210917,000000,29.8927,30.6453,29.8633,30.0002,2803904.7403645,0
DINO.US,D,20210920,000000,28.9346,29.9219,28.6414,29.1204,1654319.5407037,0
DINO.US,D,20210921,000000,29.4821,29.7459,28.692,29.3648,1015880.81298,0
DINO.US,D,20210922,000000,29.9513,31.7988,29.7558,31.2025,2674644.2427399,0
DINO.US,D,20210923,000000,31.1243,31.9161,30.9288,31.6131,1616601.7254418,0
DINO.US,D,20210924,000000,31.2807,31.7988,30.9483,31.5837,796228.50205084,0
DINO.US,D,20210927,000000,32.4341,33.2065,32.2485,32.6786,1370311.6550441,0
DINO.US,D,20210928,000000,33.0891,33.1673,32.2485,32.3853,1942763.1314617,0
DINO.US,D,20210929,000000,32.4635,32.4635,31.7695,31.965,875401.13228041,0
DINO.US,D,20210930,000000,31.9552,32.6981,31.5935,32.3853,1221050.587683,0
DINO.US,D,20211001,000000,32.532,33.5779,32.4733,33.1477,1328119.2608846,0
DINO.US,D,20211004,000000,33.5974,34.2915,33.1477,33.4899,2484194.3390379,0
DINO.US,D,20211005,000000,33.9884,34.135,32.6492,33.3042,1875911.4496187,0
DINO.US,D,20211006,000000,32.9718,34.4186,32.2973,33.9102,2611052.8450639,0
DINO.US,D,20211007,000000,34.0276,34.2182,33.1771,33.4996,2035661.2818261,0
DINO.US,D,20211008,000000,33.8223,34.2817,33.4117,33.9102,1744009.5796316,0
DINO.US,D,20211011,000000,34.4919,34.5554,33.6268,33.6658,1641353.0826499,0
DINO.US,D,20211012,000000,33.5974,34.6141,33.4996,34.3697,1214831.8027907,0
DINO.US,D,20211013,000000,34.1253,34.5358,33.2748,34.4283,1644520.2742976,0
DINO.US,D,20211014,000000,35.269,36.0118,34.8829,35.9826,1489326.8605654,0
DINO.US,D,20211015,000000,36.2269,36.6375,35.6111,35.6209,1882644.8008543,0
DINO.US,D,20211018,000000,35.8652,36.442,35.5427,35.8849,1053461.5469497,0
DINO.US,D,20211019,000000,36.2954,36.8354,35.9533,36.6864,1325492.2104481,0
DINO.US,D,20211020,000000,36.354,37.0676,36.0608,36.5495,2249580.7303542,0
DINO.US,D,20211021,000000,36.1292,36.7842,35.4548,35.7481,1185284.6463435,0
DINO.US,D,20211022,000000,35.8849,36.0168,35.0246,35.7186,1006499.9514137,0
DINO.US,D,20211025,000000,35.9924,36.5495,35.9044,36.3443,1334313.4939036,0
DINO.US,D,20211026,000000,36.315,36.618,35.3032,35.4156,1480799.176594,0
DINO.US,D,20211027,000000,34.7313,34.9268,33.2065,33.4117,1925404.9570824,0
DINO.US,D,20211028,000000,33.3336,33.9005,32.8056,33.2162,2069387.3716974,0
DINO.US,D,20211029,000000,33.3824,33.3824,32.5221,33.0403,2318518.2984277,0
DINO.US,D,20211101,000000,33.441,34.0276,33.2651,33.441,2184980.6598861,0
DINO.US,D,20211102,000000,33.138,33.5779,32.7763,33.0403,2253922.3199384,0
DINO.US,D,20211103,000000,32.7713,34.0177,32.4244,33.138,3112048.1404117,0
DINO.US,D,20211104,000000,33.8907,34.008,31.3394,31.6913,2546377.0729867,0
DINO.US,D,20211105,000000,32.2582,32.6589,31.8672,32.2289,1967901.1806733,0
DINO.US,D,20211108,000000,32.6492,33.5094,32.4341,32.7861,1670170.8438631,0
DINO.US,D,20211109,000000,32.7666,33.3531,32.5906,33.1966,1408693.3938781,0
DINO.US,D,20211110,000000,33.1966,33.6316,32.6004,32.747,1659904.0688706,0
DINO.US,D,20211111,000000,32.7177,33.4117,32.5221,32.9425,961980.24427013,0
DINO.US,D,20211112,000000,32.5906,33.9201,32.5906,33.7929,1921826.521558,0
DINO.US,D,20211115,000000,33.9591,34.2817,33.3628,33.8223,1453589.563078,0
DINO.US,D,20211116,000000,34.3697,34.4478,33.6365,33.8809,1600812.8249604,0
DINO.US,D,20211117,000000,33.6365,33.6952,31.7304,31.8085,2194073.0369419,0
DINO.US,D,20211118,000000,31.486,32.048,31.2807,31.8085,1370054.8833698,0
DINO.US,D,20211119,000000,30.7529,31.2807,30.0931,30.4889,1892508.5159277,0
DINO.US,D,20211122,000000,30.2739,31.7401,30.2444,31.1928,2033771.8105815,0
DINO.US,D,20211123,000000,31.789,32.874,31.7597,32.5418,1843605.2764163,0
DINO.US,D,20211124,000000,32.2582,33.3922,32.2582,33.1966,1287107.4026299,0
DINO.US,D,20211126,000000,30.8898,31.3296,29.961,31.0168,1514773.8541818,0
DINO.US,D,20211129,000000,31.8476,32.1996,30.9386,31.2612,1403382.005301,0
DINO.US,D,20211130,000000,30.6453,31.789,30.4107,31.5935,3064692.6919093,0
DINO.US,D,20211201,000000,32.4635,33.5876,31.6716,31.6816,3264742.3780473,0
DINO.US,D,20211202,000000,31.6913,33.0989,31.3883,32.7177,2080120.6322813,0
DINO.US,D,20211203,000000,33.1771,33.5192,31.0852,31.4468,2012359.5081337,0
DINO.US,D,20211206,000000,32.0627,33.05,31.7597,32.6101,1337837.7107079,0
DINO.US,D,20211207,000000,32.9621,34.2719,32.483,32.7177,2347130.4377024,0
DINO.US,D,20211208,000000,32.7861,33.0891,32.0823,32.1801,1682346.5269996,0
DINO.US,D,20211209,000000,31.5153,31.9845,31.4811,31.789,1272358.8877768,0
DINO.US,D,20211210,000000,32.3755,32.4049,31.4665,32.3657,1157101.1418557,0
DINO.US,D,20211213,000000,31.9161,32.1604,31.1634,31.2807,1361965.0411379,0
DINO.US,D,20211214,000000,31.0949,32.2681,30.8995,31.0265,1871213.8578725,0
DINO.US,D,20211215,000000,30.704,31.3384,30.0979,31.2123,1451732.8276644,0
DINO.US,D,20211216,000000,31.525,31.8184,30.6307,30.7529,1948498.0398521,0
DINO.US,D,20211217,000000,30.4107,31.3883,30.0931,31.2612,3070925.7987275,0
DINO.US,D,20211220,000000,30.2347,30.8114,29.6385,30.7138,1420523.3048,0
DINO.US,D,20211221,000000,31.1146,31.8282,31.0754,31.6326,1509959.6410378,0
DINO.US,D,20211222,000000,31.4567,31.8184,31.1731,31.398,915259.05249291,0
DINO.US,D,20211223,000000,31.7108,31.9259,31.3394,31.3589,720804.12446892,0
DINO.US,D,20211227,000000,31.183,31.7401,30.6942,31.7304,964765.85888793,0
DINO.US,D,20211228,000000,31.9845,32.6736,31.7695,32.1116,918792.47624974,0
DINO.US,D,20211229,000000,31.965,32.6981,31.7548,32.3364,787651.71433303,0
DINO.US,D,20211230,000000,32.3952,32.8252,31.9161,31.9259,800892.33497135,0
DINO.US,D,20211231,000000,31.8672,32.2973,31.761,32.0432,706635.64762115,0
DINO.US,D,20220103,000000,32.5026,33.2456,32.2192,33.1087,1377276.2030859,0
DINO.US,D,20220104,000000,33.6463,33.9005,32.2192,32.571,3509386.4499435,0
DINO.US,D,20220105,000000,32.9034,33.1282,32.2044,32.3755,2377848.9231021,0
DINO.US,D,20220106,000000,33.1477,33.3531,31.8379,33.0891,2657277.8844028,0
DINO.US,D,20220107,000000,33.2846,33.6463,32.6981,32.8937,1612163.974354,0
DINO.US,D,20220110,000000,33.0011,33.5291,32.6101,33.4704,2456623.6083863,0
DINO.US,D,20220111,000000,33.8027,34.487,33.441,34.1742,1587249.9609859,0
DINO.US,D,20220112,000000,33.9787,34.4283,33.7342,34.0276,1451505.722837,0
DINO.US,D,20220113,000000,34.1449,34.79,33.9982,34.4675,1590252.4504837,0
DINO.US,D,20220114,000000,34.4283,36.8331,34.4283,36.8233,3305331.7394833,0
DINO.US,D,20220118,000000,37.3316,37.8497,36.3736,36.6962,2349645.9817146,0
DINO.US,D,20220119,000000,37.1556,37.3266,36.0901,36.2172,1796108.6546427,0
DINO.US,D,20220120,000000,35.8849,36.706,34.5846,34.6434,1637287.7016396,0
DINO.US,D,20220121,000000,34.2817,34.4283,33.0011,33.2456,1832189.6783554,0
DINO.US,D,20220124,000000,32.7421,33.1477,31.5545,32.9914,2266315.9009501,0
DINO.US,D,20220125,000000,32.7763,34.1253,32.0236,33.8516,1815473.9446593,0
DINO.US,D,20220126,000000,34.4088,35.2299,33.314,33.5291,2464301.1837467,0
DINO.US,D,20220127,000000,34.4186,34.5946,33.1185,33.9787,1905538.399654,0
DINO.US,D,20220128,000000,33.6268,34.3404,33.402,34.223,2229939.2317638,0
DINO.US,D,20220131,000000,34.1253,34.5946,33.402,34.3697,2095059.4241519,0
DINO.US,D,20220201,000000,34.0373,36.139,33.8712,35.9826,1784492.549617,0
DINO.US,D,20220202,000000,36.0608,36.5886,35.4645,36.0413,1622802.0964292,0
DINO.US,D,20220203,000000,36.1195,36.1195,35.1126,35.1224,1249754.7964824,0
DINO.US,D,20220204,000000,35.3374,36.1145,35.0148,35.7186,1492804.0196126,0
DINO.US,D,20220207,000000,35.3863,36.6375,35.3863,36.3638,1292812.6441736,0
DINO.US,D,20220208,000000,36.0999,36.3736,35.2201,35.5721,1865119.878336,0
DINO.US,D,20220209,000000,35.6698,35.8652,35.2103,35.3765,2081920.0799906,0
DINO.US,D,20220210,000000,35.054,36.0218,34.9366,35.2593,1854158.4899299,0
DINO.US,D,20220211,000000,35.5622,37.7715,35.2788,37.7519,3422382.7951456,0
DINO.US,D,20220214,000000,37.2142,37.6639,36.6571,37.3413,2485770.7738987,0
DINO.US,D,20220215,000000,36.4811,37.8008,36.0706,37.2827,2152355.3123316,0
DINO.US,D,20220216,000000,37.7422,38.5045,35.7089,35.7284,2131944.5217131,0
DINO.US,D,20220217,000000,35.5232,35.8346,35.0931,35.1713,1415066.6509728,0
DINO.US,D,20220218,000000,34.6629,35.6209,34.4088,34.6336,1494962.5384683,0
DINO.US,D,20220222,000000,35.66,35.7773,33.3531,33.6658,2027194.9775379,0
DINO.US,D,20220223,000000,32.2093,32.3657,29.7656,29.8047,8559292.4621429,0
DINO.US,D,20220224,000000,29.6776,30.2152,28.5437,29.1791,4411177.7769705,0
DINO.US,D,20220225,000000,29.3843,29.8095,28.485,29.1497,4459282.0576068,0
DINO.US,D,20220228,000000,28.7587,30.1859,28.7587,29.7656,3752639.2490226,0
DINO.US,D,20220301,000000,30.0393,31.0852,29.0226,29.355,3901622.0618204,0
DINO.US,D,20220302,000000,29.6971,30.6208,29.5505,30.1565,3216264.7043389,0
DINO.US,D,20220303,000000,29.9025,30.5378,28.7469,29.0226,3680774.8930602,0
DINO.US,D,20220304,000000,28.9152,29.6874,28.6121,29.4723,5467061.7754131,0
DINO.US,D,20220307,000000,30.0588,30.3228,28.5338,28.6805,3896813.9866447,0
DINO.US,D,20220308,000000,29.7264,33.4117,29.7264,33.3725,7112756.4476472,0
DINO.US,D,20220309,000000,32.0627,34.0861,31.7988,32.8056,4175741.6805335,0
DINO.US,D,20220310,000000,33.0793,34.9171,32.2973,34.79,3894050.8779105,0
DINO.US,D,20220311,000000,34.6825,36.53,34.3209,34.8779,4120267.7459469,0
DINO.US,D,20220314,000000,34.4381,36.4225,34.2621,35.5721,4894804.6679919,0
DINO.US,D,20220315,000000,37.6346,37.7324,33.402,34.6238,2252020.5727572,0
DINO.US,D,20220316,000000,33.4802,35.0002,33.4802,34.5946,2109570.6042303,0
DINO.US,D,20220317,000000,34.7997,35.7089,34.2621,35.2494,2960057.7231424,0
DINO.US,D,20220318,000000,35.054,35.8652,34.5261,35.787,3037465.6874829,0
DINO.US,D,20220321,000000,36.1292,36.8331,35.3082,35.5622,2234225.5796333,0
DINO.US,D,20220322,000000,35.533,35.9239,34.8291,35.4841,1889689.1424842,0
DINO.US,D,20220323,000000,36.2074,36.53,35.6209,36.2074,1750964.9207211,0
DINO.US,D,20220324,000000,36.2758,38.2504,36.1684,37.7422,2189897.172502,0
DINO.US,D,20220325,000000,37.7617,38.5045,37.6444,38.4068,1498205.4317251,0
DINO.US,D,20220328,000000,37.9475,39.7949,37.4587,37.9278,2760182.9691011,0
DINO.US,D,20220329,000000,37.1458,38.5632,36.6669,38.2504,1898364.1376949,0
DINO.US,D,20220330,000000,38.7392,39.7167,38.4851,38.7588,1941448.5832487,0
DINO.US,D,20220331,000000,38.27,39.5603,38.27,38.9543,2206514.6987053,0
DINO.US,D,20220401,000000,39.052,39.5701,38.1234,38.9933,1559124.7671969,0
DINO.US,D,20220404,000000,39.0325,39.2623,38.1723,38.3384,1652331.8619662,0
DINO.US,D,20220405,000000,38.4948,38.6611,37.7324,37.9083,2677037.0273858,0
DINO.US,D,20220406,000000,37.8106,38.3092,37.1947,38.1234,2134373.1111743,0
DINO.US,D,20220407,000000,38.182,38.5926,36.4518,37.2339,2151677.0668334,0
DINO.US,D,20220408,000000,37.5956,38.4263,37.2094,38.0452,1729535.2273631,0
DINO.US,D,20220411,000000,37.8497,37.8497,36.882,37.1556,1506696.2878865,0
DINO.US,D,20220412,000000,37.4,37.9963,36.1487,36.1585,2167058.8154171,0
DINO.US,D,20220413,000000,36.354,37.8986,36.1195,37.6541,1498387.5247849,0
DINO.US,D,20220414,000000,37.439,37.7812,36.4029,37.2924,1804955.5129662,0
DINO.US,D,20220418,000000,38.182,39.3355,37.3902,39.2476,1982139.2211619,0
DINO.US,D,20220419,000000,39.1791,40.0295,38.8565,39.1009,1659139.8918161,0
DINO.US,D,20220420,000000,39.1009,39.6972,38.1526,39.619,1299786.3991679,0
DINO.US,D,20220421,000000,40.3228,40.5199,37.5564,37.6444,1447210.168015,0
DINO.US,D,20220422,000000,37.4684,37.9475,36.882,37.0774,1221924.2251724,0
DINO.US,D,20220425,000000,36.0999,36.3932,34.1155,35.9337,1749881.5693145,0
DINO.US,D,20220426,000000,36.051,37.0676,35.6014,35.7089,1447523.2043987,0
DINO.US,D,20220427,000000,35.4352,36.5594,34.7412,35.9239,1434571.068271,0
DINO.US,D,20220428,000000,35.787,38.2309,35.6893,37.5956,1800094.2420651,0
DINO.US,D,20220429,000000,37.8497,38.4557,37.0188,37.1654,1733287.5719897,0
DINO.US,D,20220502,000000,36.9405,38.4557,36.9405,38.1136,1568403.3292915,0
DINO.US,D,20220503,000000,37.9767,40.1468,37.9767,39.7851,1910203.2555693,0
DINO.US,D,20220504,000000,40.4303,42.3267,39.9709,42.004,1770400.797373,0
DINO.US,D,20220505,000000,42.3169,42.3169,39.9806,41.271,1523203.3306603,0
DINO.US,D,20220506,000000,41.838,41.8771,40.2279,41.7207,2162640.501229,0
DINO.US,D,20220509,000000,42.9425,45.3472,40.8408,41.3394,4893590.3732613,0
DINO.US,D,20220510,000000,42.0628,44.399,40.7334,42.7959,3736097.4244285,0
DINO.US,D,20220511,000000,44.6336,45.181,43.7392,44.0276,3051839.7862692,0
DINO.US,D,20220512,000000,44.1937,44.2133,42.6102,44.0471,2566718.2999645,0
DINO.US,D,20220513,000000,44.7314,46.5105,44.6825,45.8067,2220346.6102907,0
DINO.US,D,20220516,000000,46.4714,47.1948,45.7969,46.0999,2891168.2358207,0
DINO.US,D,20220517,000000,47.2045,47.2045,44.8047,46.1194,2785062.200649,0
DINO.US,D,20220518,000000,46.4714,46.4812,45.1682,45.8849,2164048.1419612,0
DINO.US,D,20220519,000000,44.9073,45.8631,43.7344,45.318,2154659.0964372,0
DINO.US,D,20220520,000000,45.525,45.9983,44.7065,45.8208,1652975.4906861,0
DINO.US,D,20220523,000000,46.3237,46.7082,45.0123,46.2349,2034699.2695799,0
DINO.US,D,20220524,000000,46.1561,46.8178,45.0221,46.7773,2378308.5795879,0
DINO.US,D,20220525,000000,47.0829,48.8184,47.0051,48.7296,2488304.2472183,0
DINO.US,D,20220526,000000,48.8873,49.124,47.359,48.1478,2296578.7935583,0
DINO.US,D,20220527,000000,48.276,49.3508,47.7633,49.1536,2033330.1425245,0
DINO.US,D,20220531,000000,49.7945,50.2185,48.1035,48.4141,2467552.3377312,0
DINO.US,D,20220601,000000,48.7887,50.4848,48.3944,49.7748,1916745.424169,0
DINO.US,D,20220602,000000,49.548,51.027,49.1832,50.7904,2550780.0501763,0
DINO.US,D,20220603,000000,51.027,52.3089,50.8988,52.1018,2496502.7828596,0
DINO.US,D,20220606,000000,52.2596,53.778,52.0723,53.5217,2945073.4296069,0
DINO.US,D,20220607,000000,53.5612,56.7855,53.5217,56.746,3602025.2141851,0
DINO.US,D,20220608,000000,56.5981,57.3721,56.1022,56.5488,2860460.3634154,0
DINO.US,D,20220609,000000,56.3319,57.6827,56.3151,56.6573,1858317.166454,0
DINO.US,D,20220610,000000,56.4403,56.8348,55.541,55.5825,2591657.1132095,0
DINO.US,D,20220613,000000,54.2809,54.5176,52.1216,52.3582,2922400.6855696,0
DINO.US,D,20220614,000000,53.8766,54.7345,51.0763,51.9737,2747003.3397554,0
DINO.US,D,20220615,000000,51.6187,51.8503,49.6959,50.8495,2468335.2755733,0
DINO.US,D,20220616,000000,49.5874,50.0903,46.5308,47.1027,3736251.3881913,0
DINO.US,D,20220617,000000,47.1519,47.9704,43.6712,44.3713,6883712.2216311,0
DINO.US,D,20220621,000000,45.4461,47.0977,45.4166,46.511,2789425.9951088,0
DINO.US,D,20220622,000000,44.5192,45.3869,43.8882,44.1248,2697002.8196924,0
DINO.US,D,20220623,000000,44.677,44.9984,41.6105,42.0641,3129205.8060346,0
DINO.US,D,20220624,000000,42.7345,44.6178,42.3105,42.8824,3584153.5423553,0
DINO.US,D,20220627,000000,43.6712,46.1067,43.0796,45.7025,2736707.5042988,0
DINO.US,D,20220628,000000,46.7082,47.5661,45.8109,46.8462,2646677.7658089,0
DINO.US,D,20220629,000000,47.0237,47.7041,44.7362,45.5645,2364083.8565665,0
DINO.US,D,20220630,000000,43.9966,45.4264,43.6023,44.5291,2893981.6645724,0
DINO.US,D,20220701,000000,45.0024,45.4855,43.553,45.0123,1611603.5135766,0
DINO.US,D,20220705,000000,43.7304,43.8784,41.9457,43.198,3168837.4705313,0
DINO.US,D,20220706,000000,42.6852,43.2669,40.6491,43.2669,4411069.7737583,0
DINO.US,D,20220707,000000,44.5094,45.5152,44.4206,45.0812,2237185.0477271,0
DINO.US,D,20220708,000000,45.8898,45.8898,44.5094,45.0123,1846614.6797191,0
DINO.US,D,20220711,000000,44.4305,45.732,44.2727,45.0319,1497048.1457678,0
DINO.US,D,20220712,000000,44.1741,44.9137,43.7107,44.6178,1711665.4037939,0
DINO.US,D,20220713,000000,43.76,44.7263,42.7444,42.9613,2370545.1220998,0
DINO.US,D,20220714,000000,41.5316,42.3302,40.6836,41.9852,1732448.7524949,0
DINO.US,D,20220715,000000,43.0008,43.5825,42.3402,43.543,1771929.3059314,0
DINO.US,D,20220718,000000,44.4009,45.0912,44.0459,44.3122,1852351.8291652,0
DINO.US,D,20220719,000000,44.115,45.6137,44.115,45.456,1253568.6752457,0
DINO.US,D,20220720,000000,44.8446,45.4362,44.0952,45.2193,1571562.1251314,0
DINO.US,D,20220721,000000,43.6023,43.76,41.6794,43.2276,1486669.1485197,0
DINO.US,D,20220722,000000,43.4937,44.0854,42.6162,42.8331,1613047.689078,0
DINO.US,D,20220725,000000,43.5923,44.7165,43.2669,44.6869,1486931.8180807,0
DINO.US,D,20220726,000000,45.2587,45.5053,44.3615,45.0123,1117192.4646784,0
DINO.US,D,20220727,000000,45.0319,47.0534,45.0319,46.8364,1578326.6269532,0
DINO.US,D,20220728,000000,47.6055,48.1183,45.4166,46.0772,1576033.5926775,0
DINO.US,D,20220729,000000,46.7871,47.7583,46.3828,47.1519,1843720.2437071,0
DINO.US,D,20220801,000000,46.1166,47.1223,45.2292,46.7476,1396650.5658798,0
DINO.US,D,20220802,000000,46.9744,48.4831,46.7674,48.0295,1930206.478544,0
DINO.US,D,20220803,000000,48.4337,48.954,46.4913,46.6885,1347060.7839335,0
DINO.US,D,20220804,000000,46.373,46.6491,44.677,44.7362,1884849.8346194,0
DINO.US,D,20220805,000000,44.1545,46.1166,43.7205,45.6532,1642687.768575,0
DINO.US,D,20220808,000000,46.2448,46.9843,45.3278,46.4913,1753306.1354735,0
DINO.US,D,20220809,000000,46.9942,48.6507,46.9942,48.6014,1500447.6375379,0
DINO.US,D,20220810,000000,48.6211,49.8487,47.8323,49.124,1963934.6700117,0
DINO.US,D,20220811,000000,49.7846,50.1987,48.705,49.9326,1439502.2143773,0
DINO.US,D,20220812,000000,49.9819,50.9876,49.7353,50.9088,1234644.2968356,0
DINO.US,D,20220815,000000,49.1043,50.1987,47.8619,50.1001,1422304.9643933,0
DINO.US,D,20220816,000000,50.682,50.9679,49.4593,50.041,1155775.4792676,0
DINO.US,D,20220817,000000,49.8025,52.4163,49.8025,51.7206,1413230.7879091,0
DINO.US,D,20220818,000000,52.7244,53.8674,52.3915,52.5654,2085571.8453397,0
DINO.US,D,20220819,000000,52.3368,52.8238,51.9755,52.3269,951175.22137241,0
DINO.US,D,20220822,000000,51.7206,52.6548,50.9504,52.1977,1126540.411556,0
DINO.US,D,20220823,000000,52.7741,53.9171,52.4959,53.0127,1618353.5961849,0
DINO.US,D,20220824,000000,53.3804,54.2222,52.3965,53.2214,1715344.8169329,0
DINO.US,D,20220825,000000,53.4599,54.8513,53.3108,54.8513,1307996.9836476,0
DINO.US,D,20220826,000000,54.9109,55.6563,53.7431,54.0065,1162884.449531,0
DINO.US,D,20220829,000000,54.1755,55.9527,54.0264,54.8116,1327367.8598442,0
DINO.US,D,20220830,000000,53.8475,53.8475,52.1182,53.1717,1636820.9274602,0
DINO.US,D,20220831,000000,52.5157,53.7879,51.8896,52.307,2853766.1398814,0
DINO.US,D,20220901,000000,51.6908,51.7603,49.9416,50.7864,1927279.4282344,0
DINO.US,D,20220902,000000,52.1579,53.8177,51.6908,53.1617,1758857.8499681,0
DINO.US,D,20220906,000000,53.8574,54.255,52.5257,52.7046,2095640.6360159,0
DINO.US,D,20220907,000000,51.6709,53.0425,50.7574,52.476,1850288.9490735,0
DINO.US,D,20220908,000000,52.7145,53.1916,51.7306,52.1679,1355163.4371831,0
DINO.US,D,20220909,000000,53.281,53.3456,52.2772,52.8039,1307096.4572506,0
DINO.US,D,20220912,000000,53.6289,53.6959,52.2573,52.9431,1498082.510355,0
DINO.US,D,20220913,000000,52.2474,53.1617,51.343,51.502,1594719.5575926,0
DINO.US,D,20220914,000000,52.2971,53.3903,51.2635,51.6809,1861536.9765512,0
DINO.US,D,20220915,000000,50.7069,50.8311,48.8186,50.5479,1801972.4378042,0
DINO.US,D,20220916,000000,50.3789,50.3789,47.6856,49.1863,5217887.4017099,0
DINO.US,D,20220919,000000,47.7253,50.3889,47.4868,50.1702,1916975.1926678,0
DINO.US,D,20220920,000000,49.7329,52.143,49.7329,51.7604,1713932.1475905,0
DINO.US,D,20220921,000000,51.7505,52.1579,50.1901,50.2,1859152.3424049,0
DINO.US,D,20220922,000000,50.8957,52.7046,50.8957,51.9393,2114251.8502797,0
DINO.US,D,20220923,000000,50.0708,50.2994,48.103,48.8981,2396488.8972101,0
DINO.US,D,20220926,000000,48.2819,49.1068,47.129,47.4172,2001806.7916187,0
DINO.US,D,20220927,000000,48.3713,51.0349,48.3365,50.2994,1632290.1225821,0
DINO.US,D,20220928,000000,50.7168,54.1208,50.697,53.9171,2032928.7826656,0
DINO.US,D,20220929,000000,53.4201,53.4947,51.979,53.2114,1487071.9401172,0
DINO.US,D,20220930,000000,52.5952,54.7519,52.2673,53.5096,2047791.9960032,0
DINO.US,D,20221003,000000,55.4973,55.9942,53.7183,55.3085,2638637.9299383,0
DINO.US,D,20221004,000000,56.4315,58.2752,56.4117,57.8826,3426920.5032698,0
DINO.US,D,20221005,000000,57.8925,57.8925,55.5569,57.3658,2280189.1830999,0
DINO.US,D,20221006,000000,56.7893,57.2574,55.1296,56.9881,2603570.7277151,0
DINO.US,D,20221007,000000,56.9583,57.2565,54.5581,55.1992,1901028.3291295,0
DINO.US,D,20221010,000000,55.4576,55.9942,54.1457,54.6028,1669189.5690165,0
DINO.US,D,20221011,000000,53.599,54.7718,53.0226,54.0662,1658466.7647558,0
DINO.US,D,20221012,000000,53.6686,55.6166,52.7841,55.219,1586493.072875,0
DINO.US,D,20221013,000000,54.9209,58.2801,54.5879,57.6242,1940056.8413249,0
DINO.US,D,20221014,000000,57.3658,58.4192,55.7508,55.875,1744029.8527466,0
DINO.US,D,20221017,000000,56.8987,57.7434,55.5768,56.0439,1714456.3646328,0
DINO.US,D,20221018,000000,56.6005,57.7136,55.866,57.6938,1899029.0599106,0
DINO.US,D,20221019,000000,57.9422,59.7511,57.3708,59.3734,2162458.6885018,0
DINO.US,D,20221020,000000,59.9001,60.735,58.4839,58.8765,1621112.5273365,0
DINO.US,D,20221021,000000,59.2442,59.6119,58.0416,58.9063,1278720.3170836,0
DINO.US,D,20221024,000000,58.8864,59.7113,58.2404,58.5783,1321228.1815483,0
DINO.US,D,20221025,000000,58.2404,59.5995,57.1173,59.4728,1758730.0657754,0
DINO.US,D,20221026,000000,59.5324,60.4766,59.105,59.6616,1291011.7477722,0
DINO.US,D,20221027,000000,60.7946,62.3848,60.7449,61.063,1419386.5650008,0
DINO.US,D,20221028,000000,61.6195,62.186,59.8604,61.1226,1297829.5878464,0
DINO.US,D,20221031,000000,60.3474,61.6492,59.8703,60.7946,1853262.1954459,0
DINO.US,D,20221101,000000,61.709,62.1264,60.2877,61.6593,2049491.425148,0
DINO.US,D,20221102,000000,61.4506,62.4245,60.0293,60.576,1498887.4501512,0
DINO.US,D,20221103,000000,60.0492,63.1103,59.4032,62.7923,1561677.7851317,0
DINO.US,D,20221104,000000,63.9153,64.3427,62.2109,62.7028,1831464.4257637,0
DINO.US,D,20221107,000000,62.8718,63.9054,62.355,63.0805,3167100.02349,0
DINO.US,D,20221108,000000,63.7066,63.7066,61.7785,62.2556,1588860.6020507,0
DINO.US,D,20221109,000000,61.9077,63.5377,60.1585,60.1884,1759497.7771061,0
DINO.US,D,20221110,000000,61.1922,61.6096,60.0095,61.4605,2107875.7209188,0
DINO.US,D,20221111,000000,62.991,63.816,61.3512,61.6692,1838316.4757792,0
DINO.US,D,20221114,000000,61.9177,63.4383,61.4973,62.4345,2250345.0339795,0
DINO.US,D,20221115,000000,62.9612,65.585,62.8122,65.1378,2231815.3198701,0
DINO.US,D,20221116,000000,64.611,65.2372,63.8333,64.1141,1572565.6020505,0
DINO.US,D,20221117,000000,63.2196,64.8098,62.6829,64.78,1395556.3223331,0
DINO.US,D,20221118,000000,63.52,63.95,62.11,63.72,1120072,0
DINO.US,D,20221121,000000,63.86,63.895,61.11,63.32,1541134,0
DINO.US,D,20221122,000000,64.3,65.75,64.14,65.61,1665087,0
DINO.US,D,20221123,000000,64.58,65.595,64.31,64.6,1708199,0
DINO.US,D,20221125,000000,64.66,66.19,64.615,64.79,977474,0
DINO.US,D,20221128,000000,63.55,64.82,62.9,63.34,3145813,0
DINO.US,D,20221129,000000,63.67,64.85,62.55,62.6,2269259,0
DINO.US,D,20221130,000000,63.17,63.79,60.15,62.34,14901223,0
DINO.US,D,20221201,000000,63.04,63.58,60.74,60.84,2440820,0
DINO.US,D,20221202,000000,60.65,61.18,56.33,56.42,4431094,0
DINO.US,D,20221205,000000,57.07,57.48,52.47,52.49,3616818,0
DINO.US,D,20221206,000000,51.88,53.23,50.65,51.29,2695423,0
DINO.US,D,20221207,000000,50.93,51.89,50.47,51.18,2000275,0
DINO.US,D,20221208,000000,51.9,52.26,49.54,49.74,2584385,0
DINO.US,D,20221209,000000,49.3,50,48.64,48.72,2031923,0
DINO.US,D,20221212,000000,49,51.13,48.47,50.84,2819125,0
DINO.US,D,20221213,000000,51.56,51.8692,50.01,51,2441883,0
DINO.US,D,20221214,000000,51.4,51.93,50.43,50.63,1773531,0
DINO.US,D,20221215,000000,50.49,51.13,50.03,51.13,2238013,0
DINO.US,D,20221216,000000,50.2,50.89,49.42,50.76,6157710,0
DINO.US,D,20221219,000000,51.07,51.64,49.27,49.73,1841775,0
DINO.US,D,20221220,000000,50.12,50.59,49.9496,50.26,2070490,0
DINO.US,D,20221221,000000,51.04,51.49,49.49,50.35,1842800,0
DINO.US,D,20221222,000000,50.14,50.35,48.44,49.1,1473663,0
DINO.US,D,20221223,000000,49.66,50.96,49.2,50.88,1198945,0
DINO.US,D,20221227,000000,50.8,51.2,50.44,50.93,1916918,0
DINO.US,D,20221228,000000,50.51,50.805,48.83,48.93,1990469,0
DINO.US,D,20221229,000000,48.95,51.805,48.92,51.5,2508839,0
DINO.US,D,20221230,000000,51.15,52.19,51.1001,51.89,1388164,0
DINO.US,D,20230103,000000,51.41,52.13,49.22,49.65,1922866,0
DINO.US,D,20230104,000000,48.66,50.29,48.44,50.2,2296418,0
DINO.US,D,20230105,000000,49.86,51.435,49.04,50.58,2971038,0
DINO.US,D,20230106,000000,51.17,53.5,50.77,50.9,1801092,0
DINO.US,D,20230109,000000,52.03,52.43,49.6201,50.16,2284611,0
DINO.US,D,20230110,000000,51.24,51.92,49.94,51.7,2541695,0
DINO.US,D,20230111,000000,51.97,52.3,51.23,51.58,1589395,0
DINO.US,D,20230112,000000,51.91,52.82,51.6,52.12,1693988,0
DINO.US,D,20230113,000000,52.16,52.53,51.37,52.01,1545672,0
DINO.US,D,20230117,000000,52.41,53.18,51.83,52.4,1914921,0
DINO.US,D,20230118,000000,52.69,54.66,52.23,53.35,2946856,0
DINO.US,D,20230119,000000,53.33,55.18,53.03,54.91,1970442,0
DINO.US,D,20230120,000000,54.99,56.97,54.86,56.93,2552416,0
DINO.US,D,20230123,000000,57.55,58.8499,57.22,57.83,1872696,0
DINO.US,D,20230124,000000,57.9,58.48,56.6112,58.4,1583101,0
DINO.US,D,20230125,000000,58.11,58.48,56.85,57.49,1355862,0
DINO.US,D,20230126,000000,57.96,59.4,57.47,59.18,1845695,0
DINO.US,D,20230127,000000,59.25,59.3161,56.625,56.96,1828889,0
DINO.US,D,20230130,000000,56.67,57.29,55.72,55.92,1878549,0
DINO.US,D,20230131,000000,56.21,57.23,55.84,56.9,2041380,0
DINO.US,D,20230201,000000,56.69,57.209,53.82,54.65,2336655,0
DINO.US,D,20230202,000000,54.53,54.81,52.98,54.05,1899261,0
DINO.US,D,20230203,000000,53.97,54.9,53,53.15,1595226,0
DINO.US,D,20230206,000000,53.06,53.73,51.07,52.4,2285392,0
DINO.US,D,20230207,000000,52.76,54.64,52.62,54.62,1778023,0
DINO.US,D,20230208,000000,54.33,54.6,52.02,53.11,1746821,0
DINO.US,D,20230209,000000,53.08,53.25,52.13,52.33,1845868,0
DINO.US,D,20230210,000000,53.07,55.51,52.92,55.43,2074155,0
DINO.US,D,20230213,000000,55.25,55.331,54.47,55.05,1238772,0
DINO.US,D,20230214,000000,54.66,55.7582,54.45,55.36,1435853,0
DINO.US,D,20230215,000000,54.8,54.99,53.69,54.5,1409473,0
DINO.US,D,20230216,000000,54.61,55.22,53.61,53.81,1728849,0
DINO.US,D,20230217,000000,52.96,53.17,51.4736,52.3,1722947,0
DINO.US,D,20230221,000000,52.23,53.22,52.17,52.77,2292598,0
DINO.US,D,20230222,000000,52.44,53.65,52.04,52.7,1589455,0
DINO.US,D,20230223,000000,53.32,54.11,52.825,53.34,1678394,0
DINO.US,D,20230224,000000,50.8,50.82,47.5,50.35,5282993,0
DINO.US,D,20230227,000000,50.4,51.58,49.53,51.05,3391491,0
DINO.US,D,20230228,000000,51.51,51.7,49.6,49.72,3235263,0
DINO.US,D,20230301,000000,49.65,51.63,49.46,51.51,4467609,0
DINO.US,D,20230302,000000,50.67,52.14,50.22,52.08,2522919,0
DINO.US,D,20230303,000000,52.54,53.99,51.2,53.56,2110656,0
DINO.US,D,20230306,000000,52.97,53.23,51.66,52.1,2008603,0
DINO.US,D,20230307,000000,52.14,52.48,51.085,51.91,1728934,0
DINO.US,D,20230308,000000,51.75,52.065,49.51,50.29,2621565,0
DINO.US,D,20230309,000000,50.54,52.035,49.58,49.84,2357299,0
DINO.US,D,20230310,000000,50.29,51.02,48.98,49.27,2411007,0
DINO.US,D,20230313,000000,47.72,48.325,46.385,46.67,2634034,0
DINO.US,D,20230314,000000,47.26,48.575,46.27,47.06,2078192,0
DINO.US,D,20230315,000000,45.44,46.05,44.22,45.12,3027429,0
DINO.US,D,20230316,000000,45.05,47.475,44.06,47.38,3794441,0
DINO.US,D,20230317,000000,47.38,47.835,46.62,47.19,7624726,0
DINO.US,D,20230320,000000,47.61,49.55,47.5,49.14,3539096,0
DINO.US,D,20230321,000000,50.34,50.47,48.75,49.19,3528236,0
DINO.US,D,20230322,000000,49,50.74,49,49.14,2542874,0
DINO.US,D,20230323,000000,49.47,50.21,47.685,48.22,2393259,0
DINO.US,D,20230324,000000,46.97,48,46.47,47.6,2644854,0
DINO.US,D,20230327,000000,48.08,49.4199,47.34,48.9,2075917,0
DINO.US,D,20230328,000000,48.95,49.995,48.63,49.78,1955320,0
DINO.US,D,20230329,000000,50.37,50.78,48.51,49.14,2219510,0
DINO.US,D,20230330,000000,49.7,49.7,48.75,49.31,1619228,0
DINO.US,D,20230331,000000,48.65,48.885,47.58,48.38,4163576,0
DINO.US,D,20230403,000000,50.33,50.33,47.94,48.69,5847034,0
DINO.US,D,20230404,000000,48.44,48.57,44.65,44.78,4293829,0
DINO.US,D,20230405,000000,44.74,46.8625,44.55,46.63,3348797,0
DINO.US,D,20230406,000000,46.93,47.1169,46.105,46.25,2136246,0
DINO.US,D,20230410,000000,46,47.43,46,46.78,1331024,0
DINO.US,D,20230411,000000,47,48.08,46.825,47.96,1618560,0
DINO.US,D,20230412,000000,48.16,48.16,46.25,46.34,2835908,0
DINO.US,D,20230413,000000,45.92,46.65,44.68,46.37,1943659,0
DINO.US,D,20230414,000000,46.57,46.96,45.72,46.44,1516998,0
DINO.US,D,20230417,000000,46.16,46.37,45.13,45.54,1605908,0
DINO.US,D,20230418,000000,45.11,45.68,44.7,45.5,1575535,0
DINO.US,D,20230419,000000,45.01,45.3,44.34,45.25,2080491,0
DINO.US,D,20230420,000000,44.6,45.31,44.5,45.09,2106242,0
DINO.US,D,20230421,000000,45.53,45.53,44.09,44.33,1387778,0
DINO.US,D,20230424,000000,44.23,45.545,44.08,45.14,1940560,0
DINO.US,D,20230425,000000,44.62,44.84,43.49,43.8,1722819,0
DINO.US,D,20230426,000000,43.89,44.32,43.18,43.6,2078292,0
DINO.US,D,20230427,000000,43.68,44.07,42.72,42.99,2424730,0
DINO.US,D,20230428,000000,42.88,44.275,42.46,44.11,3104285,0
DINO.US,D,20230501,000000,43.99,44.45,43.4101,43.86,2503429,0
DINO.US,D,20230502,000000,43.5,43.57,41.03,41.63,2854124,0
DINO.US,D,20230503,000000,41.72,42.535,40.415,41.91,6530732,0
DINO.US,D,20230504,000000,40.27,40.8,37.81,38.26,6059555,0
DINO.US,D,20230505,000000,39.17,39.385,37.115,38.38,3809994,0
DINO.US,D,20230508,000000,39.24,39.78,38.86,39.03,2424943,0
DINO.US,D,20230509,000000,38.66,39.98,38.485,39.37,2947785,0
DINO.US,D,20230510,000000,39.52,40.825,39,40.5,3202631,0
DINO.US,D,20230511,000000,39.75,40.44,39.71,40.11,2194273,0
DINO.US,D,20230512,000000,40.7,40.77,39.72,40.05,1572413,0
DINO.US,D,20230515,000000,40.15,40.9,39.815,40.25,3218912,0
DINO.US,D,20230516,000000,40.2,40.3819,39.08,39.39,2184997,0
DINO.US,D,20230517,000000,39.46,40.88,39.17,40.54,2483135,0
DINO.US,D,20230518,000000,40.32,41.83,40.12,41.78,2492497,0
DINO.US,D,20230519,000000,42.17,42.29,41.22,41.35,2076711,0
DINO.US,D,20230522,000000,41.67,42.65,41.35,42.3,2808080,0
DINO.US,D,20230523,000000,42.86,44,42.26,43.13,4202845,0
DINO.US,D,20230524,000000,43.32,43.88,42.61,43.51,2353196,0
DINO.US,D,20230525,000000,42.8,43.11,42,42.84,2087619,0
DINO.US,D,20230526,000000,43.18,43.3,42.36,42.94,2499391,0
DINO.US,D,20230530,000000,42.15,42.79,41.73,42.39,1640671,0
DINO.US,D,20230531,000000,41.58,41.9199,41.11,41.44,4757081,0
DINO.US,D,20230601,000000,41.76,42.33,41.09,41.32,2232107,0
DINO.US,D,20230602,000000,42.32,43.53,42.01,43.26,2272643,0
DINO.US,D,20230605,000000,43.61,43.61,42.09,43.09,2434257,0
DINO.US,D,20230606,000000,42.72,44.12,42.53,43.93,2848750,0
DINO.US,D,20230607,000000,44.25,46.095,43.93,46.04,2200595,0
DINO.US,D,20230608,000000,46.04,46.21,44.89,45.83,2709145,0
DINO.US,D,20230609,000000,46.04,46.04,45.07,45.82,1618173,0
DINO.US,D,20230612,000000,44.79,45.9,44.79,45.75,1459819,0
DINO.US,D,20230613,000000,46.19,46.78,45.39,45.4,1450970,0
DINO.US,D,20230614,000000,45.86,46.05,43.98,44.6,1594790,0
DINO.US,D,20230615,000000,44.6,45.79,44.53,45.71,2781977,0
DINO.US,D,20230616,000000,45.85,46.24,45.52,46,3655601,0
DINO.US,D,20230620,000000,45.88,45.88,44.36,44.49,1875727,0
DINO.US,D,20230621,000000,43.6,44.89,43.415,44.54,1567431,0
DINO.US,D,20230622,000000,43.94,44.165,42.49,42.55,2336370,0
DINO.US,D,20230623,000000,42.08,43.23,42,42.5,3003602,0
DINO.US,D,20230626,000000,42.58,43.175,42.08,42.81,2666681,0
DINO.US,D,20230627,000000,42.92,43.76,42.34,43.62,2406582,0
DINO.US,D,20230628,000000,43.6,44,43.16,43.9,1892570,0
DINO.US,D,20230629,000000,44.04,44.63,43.79,44.47,1516041,0
DINO.US,D,20230630,000000,44.77,44.81,44.09,44.61,1840429,0
DINO.US,D,20230703,000000,44.98,45.38,44.575,44.7,696666,0
DINO.US,D,20230705,000000,45.01,45.2,44.45,44.74,1463909,0
DINO.US,D,20230706,000000,44.2,44.775,43.29,44.67,1654804,0
DINO.US,D,20230707,000000,44.65,46.45,44.65,45.76,2168272,0
DINO.US,D,20230710,000000,45.59,46.03,45.21,45.27,1317886,0
DINO.US,D,20230711,000000,45.5,46.92,45.45,46.78,2110507,0
DINO.US,D,20230712,000000,47.35,47.635,46.13,46.44,1703676,0
DINO.US,D,20230713,000000,46.74,47.14,46.25,47.02,1375389,0
DINO.US,D,20230714,000000,46.75,46.77,45.72,46.21,1771314,0
DINO.US,D,20230717,000000,46.17,46.42,45.63,46.06,1394587,0
DINO.US,D,20230718,000000,46.46,47.54,46.28,46.58,1396086,0
DINO.US,D,20230719,000000,46.79,47.5,46.55,47.4,1142787,0
DINO.US,D,20230720,000000,47.95,48.485,47.73,48.34,1715762,0
DINO.US,D,20230721,000000,48.6,49.2173,48.3,48.96,1679942,0
DINO.US,D,20230724,000000,49.46,51.16,49.25,50.28,2731529,0
DINO.US,D,20230725,000000,50.06,50.61,49.46,49.9,1911664,0
DINO.US,D,20230726,000000,49.6,51.235,49.6,50.9,1953702,0
DINO.US,D,20230727,000000,51.14,51.415,50.34,50.69,1613042,0
DINO.US,D,20230728,000000,51.11,51.63,50.71,51.6,2017178,0
DINO.US,D,20230731,000000,51.92,52.6,51.84,52.09,1693910,0
DINO.US,D,20230801,000000,51.89,52.635,51.75,52.33,1689081,0
DINO.US,D,20230802,000000,52.26,52.64,51.39,51.62,2722200,0
DINO.US,D,20230803,000000,52.06,53.31,50.79,53.04,4298546,0
DINO.US,D,20230804,000000,53.54,55.665,53.23,54.94,2875839,0
DINO.US,D,20230807,000000,55.12,56.55,54.97,56.38,2830297,0
DINO.US,D,20230808,000000,55.94,57.49,55.7,57.42,1967536,0
DINO.US,D,20230809,000000,57.49,59.16,57.28,58.71,2276138,0
DINO.US,D,20230810,000000,58.97,59.47,58.17,58.22,1819460,0
DINO.US,D,20230811,000000,58.31,59.61,58.285,59.34,1723225,0
DINO.US,D,20230814,000000,58.95,58.99,57.8,57.95,1492639,0
DINO.US,D,20230815,000000,56.85,56.87,55.54,56.22,2221805,0
DINO.US,D,20230816,000000,56.18,58.51,55.96,56.65,4344420,0
DINO.US,D,20230817,000000,57.25,57.53,56.61,56.74,1833000,0
DINO.US,D,20230818,000000,56.13,57.88,56.07,57.61,2238056,0
DINO.US,D,20230821,000000,57.6,57.83,56.13,56.84,1921350,0
DINO.US,D,20230822,000000,56.74,57.31,56.4,56.55,1802538,0
DINO.US,D,20230823,000000,56.06,56.24,54.77,55.36,2113494,0
DINO.US,D,20230824,000000,55.15,56.3059,55.11,56.03,1626767,0
DINO.US,D,20230825,000000,56.12,57.81,55.99,57.1,2106273,0
DINO.US,D,20230828,000000,56.9,57.41,56.18,56.46,1549979,0
DINO.US,D,20230829,000000,56.48,56.67,55.85,56.29,1527469,0
DINO.US,D,20230830,000000,56.31,56.575,55.68,55.77,1546195,0
DINO.US,D,20230831,000000,55.71,55.71,54.77,55.09,2462394,0
DINO.US,D,20230901,000000,56.09,57.48,55.72,56.88,1872223,0
DINO.US,D,20230905,000000,57.31,58.14,56.505,57.22,2076067,0
DINO.US,D,20230906,000000,56.99,57.6,56.1,57.25,1792280,0
DINO.US,D,20230907,000000,57.4,58.62,57.4,58.39,2269099,0
DINO.US,D,20230908,000000,59.2,61.24,58.42,60.99,2780579,0
DINO.US,D,20230911,000000,61.58,62.2,60.57,61.21,2895249,0
DINO.US,D,20230912,000000,61.08,61.92,60.8211,61.31,1717123,0
DINO.US,D,20230913,000000,61.62,61.77,60.53,60.97,1812728,0
DINO.US,D,20230914,000000,61.56,61.7399,60.09,60.2,1905734,0
DINO.US,D,20230915,000000,59.56,59.95,58.82,59.26,6855630,0
DINO.US,D,20230918,000000,60.3,61.31,59.68,60.35,1958398,0
DINO.US,D,20230919,000000,60.73,60.78,58.6,59.08,1824021,0
DINO.US,D,20230920,000000,58.78,59.72,58.48,58.52,1717256,0
DINO.US,D,20230921,000000,59.48,61.57,59.055,59.26,2672042,0
DINO.US,D,20230922,000000,59.66,60.0164,57.49,57.58,2429004,0
DINO.US,D,20230925,000000,57.51,58.6075,57.166,57.89,1915400,0
DINO.US,D,20230926,000000,56.89,57.3099,56.38,56.82,1619913,0
DINO.US,D,20230927,000000,57.29,58,56.76,57.52,2478416,0
DINO.US,D,20230928,000000,57.42,58.84,57.42,58.63,1808486,0
DINO.US,D,20230929,000000,58.51,58.78,56.621,56.93,2148789,0
DINO.US,D,20231002,000000,57.29,57.39,55.64,56.4,1681950,0
DINO.US,D,20231003,000000,55.23,55.555,53.03,54.15,2289819,0
DINO.US,D,20231004,000000,53.42,53.58,51.25,52.25,3078691,0
DINO.US,D,20231005,000000,51.89,52.9,51.81,52.55,1734641,0
DINO.US,D,20231006,000000,53.05,53.05,51.93,52.07,1779259,0
DINO.US,D,20231009,000000,52.92,53.4,51.83,52.99,1732692,0
DINO.US,D,20231010,000000,52.91,54.48,52.65,54.26,1631841,0
DINO.US,D,20231011,000000,53.7,54.23,52.89,54.09,1204160,0
DINO.US,D,20231012,000000,54.34,54.34,52.55,53.45,1473418,0
DINO.US,D,20231013,000000,54.26,54.49,53.4775,53.59,1277311,0
DINO.US,D,20231016,000000,54.37,55.16,54.01,54.99,1439422,0
DINO.US,D,20231017,000000,54.78,56,54.5,55.75,1577702,0
DINO.US,D,20231018,000000,55.98,57.43,55.642,57.28,1686718,0
DINO.US,D,20231019,000000,57.16,57.5,56.3,56.69,1076957,0
DINO.US,D,20231020,000000,56.69,57.23,56,56.16,1604036,0
DINO.US,D,20231023,000000,55.91,55.91,54.8,55.55,1420698,0
DINO.US,D,20231024,000000,55.83,56.1,54.59,54.61,1563690,0
DINO.US,D,20231025,000000,54.77,55.27,53.76,53.81,1638772,0
DINO.US,D,20231026,000000,53.45,54.36,52.37,54.12,1660673,0
DINO.US,D,20231027,000000,53.95,53.95,52.24,53.38,1401255,0
DINO.US,D,20231030,000000,53.91,54.47,52.81,53.35,1107415,0
DINO.US,D,20231031,000000,53.63,55.42,53.25,55.38,1888421,0
DINO.US,D,20231101,000000,55.38,56.87,54.68,55.77,2400277,0
DINO.US,D,20231102,000000,56.77,58.92,56.27,57.75,2974023,0
DINO.US,D,20231103,000000,57.59,57.735,55.32,56.28,1904742,0
DINO.US,D,20231106,000000,56.65,57.06,55.58,55.8,2020483,0
DINO.US,D,20231107,000000,55,55.0544,53.58,54.19,1930616,0
DINO.US,D,20231108,000000,53.88,54.19,53.23,53.25,1490862,0
DINO.US,D,20231109,000000,53.39,53.81,52.39,52.5,1447803,0
DINO.US,D,20231110,000000,53,54.02,52.88,53.8,1454019,0
DINO.US,D,20231113,000000,53.84,54.47,53.51,54.21,1310843,0
DINO.US,D,20231114,000000,54.38,55.52,54.36,54.86,2025072,0
DINO.US,D,20231115,000000,54.34,55.46,54.19,54.59,1919925,0
DINO.US,D,20231116,000000,54.06,54.505,52.155,52.79,1466270,0
DINO.US,D,20231117,000000,53.1,54.47,53.02,53.68,1358570,0
DINO.US,D,20231120,000000,54,54.69,53.8,54.25,1660987,0
DINO.US,D,20231121,000000,53.92,54.1,53.18,54,1379490,0
DINO.US,D,20231122,000000,53,54.645,52.5,54.53,1351232,0
DINO.US,D,20231124,000000,54.81,55.23,54.14,54.16,525288,0
DINO.US,D,20231127,000000,53.99,54.565,53.64,54.36,1471873,0
DINO.US,D,20231128,000000,54.31,55.0831,53.88,54.08,2018623,0
DINO.US,D,20231129,000000,54.62,54.91,52.315,52.73,2442483,0
DINO.US,D,20231130,000000,52.87,53.53,51.89,52.48,8422064,0
DINO.US,D,20231201,000000,52.43,54.82,52.35,54.34,5127384,0
DINO.US,D,20231204,000000,53.84,54.438,52.89,54.37,2663215,0
DINO.US,D,20231205,000000,54.4,55.37,53.97,54.35,3109501,0
DINO.US,D,20231206,000000,54.04,54.04,52.43,52.7,2121175,0
DINO.US,D,20231207,000000,53.15,53.5425,52.02,52.35,1582350,0
DINO.US,D,20231208,000000,52.75,53.21,52.35,52.67,2107993,0
DINO.US,D,20231211,000000,52.75,52.99,51.78,51.98,2050004,0
DINO.US,D,20231212,000000,51.47,51.8,50.97,51.21,1890688,0
DINO.US,D,20231213,000000,51.23,53.13,51.13,53.11,2737602,0
DINO.US,D,20231214,000000,53.88,55.77,53.88,55.53,3414072,0
DINO.US,D,20231215,000000,55.4,56.105,55.08,55.97,5709924,0
DINO.US,D,20231218,000000,56.89,57.61,56.22,56.46,1630092,0
DINO.US,D,20231219,000000,56.82,58.37,56.51,57.7,2062035,0
DINO.US,D,20231220,000000,57.75,59.05,57.57,57.84,1936114,0
DINO.US,D,20231221,000000,57.69,57.98,56.17,56.81,1523201,0
DINO.US,D,20231222,000000,57.26,57.9,56.86,56.87,1137850,0
DINO.US,D,20231226,000000,57.25,57.57,56.64,56.99,1025291,0
DINO.US,D,20231227,000000,56.97,56.97,56.25,56.48,1165125,0
DINO.US,D,20231228,000000,56.15,56.665,55.41,55.6,1079678,0
DINO.US,D,20231229,000000,55.69,56.0402,55.38,55.57,959476,0
DINO.US,D,20240102,000000,55.86,56.97,55.58,56.14,1478515,0
DINO.US,D,20240103,000000,55.75,56.7,55.61,56.01,1371434,0
DINO.US,D,20240104,000000,56.48,56.96,54.29,54.4,1808963,0
DINO.US,D,20240105,000000,54.86,54.94,53.36,53.6,2073325,0
DINO.US,D,20240108,000000,52.8,53.35,51.84,53.15,2333920,0
DINO.US,D,20240109,000000,52.93,53.1,52.46,52.86,1422873,0
DINO.US,D,20240110,000000,53.05,53.19,51.72,52.44,1182453,0
DINO.US,D,20240111,000000,52.71,53.295,52.4003,53.22,1577064,0
DINO.US,D,20240112,000000,54.14,54.93,53.76,54.85,1762455,0
DINO.US,D,20240116,000000,54.8,55.405,53.22,53.24,1992438,0
DINO.US,D,20240117,000000,52.58,53.2,52.05,52.33,1725107,0
DINO.US,D,20240118,000000,52.43,52.69,51.66,52.39,1123031,0
DINO.US,D,20240119,000000,52.48,52.59,51.92,52.51,908097,0
DINO.US,D,20240122,000000,52.59,53.03,52.06,52.67,1489972,0
DINO.US,D,20240123,000000,52.57,53.13,52.115,52.54,2246135,0
DINO.US,D,20240124,000000,52.91,53.3542,52.65,53.19,1411545,0
DINO.US,D,20240125,000000,53.74,54.265,53.08,53.72,1722994,0
DINO.US,D,20240126,000000,53.68,55.29,53.68,55.26,1161089,0
DINO.US,D,20240129,000000,55.2,55.7,54.655,55.66,1611088,0
DINO.US,D,20240130,000000,55.16,57.21,55.07,56.96,2280179,0
DINO.US,D,20240131,000000,57.08,57.82,56.445,56.49,2092972,0
DINO.US,D,20240201,000000,56.77,57.62,55.075,57.56,2455681,0
DINO.US,D,20240202,000000,57.51,57.655,56.36,56.52,1218108,0
DINO.US,D,20240205,000000,56.06,57.965,55.53,57.82,1570433,0
DINO.US,D,20240206,000000,58.02,58.25,56.14,56.5,2052253,0
DINO.US,D,20240207,000000,56.81,57.455,56.31,57.15,1545956,0
DINO.US,D,20240208,000000,57.16,58.965,57,58.56,1676856,0
DINO.US,D,20240209,000000,58.54,59.57,58.36,59.52,1774757,0
DINO.US,D,20240212,000000,59.77,60.1,59.29,59.32,1870434,0
DINO.US,D,20240213,000000,58.98,59.61,58.23,58.76,1672938,0
DINO.US,D,20240214,000000,59.6,59.82,58.02,59.52,2302000,0
DINO.US,D,20240215,000000,60,61.79,59.65,60.92,2826149,0
DINO.US,D,20240216,000000,61.14,61.31,59.95,60.11,2225750,0
DINO.US,D,20240220,000000,60,60.11,58.54,59.36,2754759,0
DINO.US,D,20240221,000000,57.7,59.04,56.47,58.53,3342731,0
DINO.US,D,20240222,000000,57.74,58.4,57.08,58.38,2238519,0
DINO.US,D,20240223,000000,57.585,58.14,57.3,57.83,1683580,0
DINO.US,D,20240226,000000,57.46,58.98,57.21,58.28,2012785,0
DINO.US,D,20240227,000000,59.14,59.615,58.45,58.66,1942294,0
DINO.US,D,20240228,000000,56.23,57.165,54.3,54.62,4006304,0
DINO.US,D,20240229,000000,54.53,55.84,54.415,55.5,2854527,0
DINO.US,D,20240301,000000,55.95,56.52,55.295,55.81,2336979,0
DINO.US,D,20240304,000000,56.47,57,55.37,55.74,3439017,0
DINO.US,D,20240305,000000,55.62,56.8,55.56,55.82,2468937,0
DINO.US,D,20240306,000000,55.96,56.01,54.31,55.59,3732320,0
DINO.US,D,20240307,000000,56.2,58.1,55.71,57.2,2495767,0
DINO.US,D,20240308,000000,57.03,57.39,56.055,56.36,2403260,0
DINO.US,D,20240311,000000,56.17,57.31,55.81,56.48,2843996,0
DINO.US,D,20240312,000000,56.34,57.02,56.17,56.33,2101683,0
DINO.US,D,20240313,000000,57.18,59.84,56.92,59.24,3349412,0
DINO.US,D,20240314,000000,59.62,60.24,57.96,58.25,3293245,0
DINO.US,D,20240315,000000,59.86,60.35,58.95,59.34,17183596,0
DINO.US,D,20240318,000000,59.96,60.37,59.05,59.33,2242600,0
DINO.US,D,20240319,000000,59.31,60.24,59.31,59.66,1911363,0
DINO.US,D,20240320,000000,59.36,61.51,58.945,61.49,2105268,0
DINO.US,D,20240321,000000,61.68,61.73,60.78,61.61,1912469,0
DINO.US,D,20240322,000000,61.77,61.86,60.68,61.59,1657939,0
DINO.US,D,20240325,000000,61.97,62.4734,61.1,61.21,1158479,0
DINO.US,D,20240326,000000,61.32,61.57,59.66,59.69,1404555,0
DINO.US,D,20240327,000000,59.57,60.44,59.25,59.59,1591107,0
DINO.US,D,20240328,000000,59.72,60.8,59.25,60.37,2462638,0
DINO.US,D,20240401,000000,60.29,60.89,59.16,60.58,1881963,0
DINO.US,D,20240402,000000,60.69,61.24,59.86,61.18,2167481,0
DINO.US,D,20240403,000000,61.99,63.32,61.6,63.15,2275517,0
DINO.US,D,20240404,000000,63.15,63.37,62.25,62.9,1316624,0
DINO.US,D,20240405,000000,63.71,64.1599,62.77,63.71,1360759,0
DINO.US,D,20240408,000000,63.29,63.84,62.38,62.42,1447390,0
DINO.US,D,20240409,000000,62.81,63.16,60.93,61.07,1708100,0
DINO.US,D,20240410,000000,60.91,62.185,60.29,60.81,1688270,0
DINO.US,D,20240411,000000,61.39,61.68,60.34,60.95,1294303,0
DINO.US,D,20240412,000000,61.26,61.51,59.76,60,1176600,0
DINO.US,D,20240415,000000,60.25,60.545,58.872,58.95,1411978,0
DINO.US,D,20240416,000000,58.69,58.87,57.33,57.55,1566559,0
DINO.US,D,20240417,000000,57.83,58.74,57.04,57.05,1560863,0
DINO.US,D,20240418,000000,57.09,57.414,55.75,56.28,1973412,0
DINO.US,D,20240419,000000,56.19,57.29,56.15,56.85,1603527,0
DINO.US,D,20240422,000000,56.68,57.77,56.42,57.17,1969260,0
DINO.US,D,20240423,000000,56.83,57.91,56.1557,57.46,1675655,0
DINO.US,D,20240424,000000,57.19,57.51,56.62,57.43,1273691,0
DINO.US,D,20240425,000000,56.85,57.95,56.58,57.66,1755525,0
DINO.US,D,20240426,000000,57.19,57.41,56.13,57.31,1303185,0
DINO.US,D,20240429,000000,57.34,58,57.18,57.86,1819242,0
DINO.US,D,20240430,000000,57.59,57.7845,54.22,54.25,2255732,0
DINO.US,D,20240501,000000,54.27,55.31,52.92,53.63,1728078,0
DINO.US,D,20240502,000000,54.02,54.59,53.51,54.24,1625425,0
DINO.US,D,20240503,000000,54.7,54.9654,53.8097,54.42,1688593,0
DINO.US,D,20240506,000000,54.6,55.56,54.6,55.2,1575659,0
DINO.US,D,20240507,000000,55.2,55.98,54.83,54.85,2527192,0
DINO.US,D,20240508,000000,57.13,57.77,54.99,56.95,3427548,0
DINO.US,D,20240509,000000,56.75,57.84,56.55,57.73,1874025,0
DINO.US,D,20240510,000000,58.05,58.3399,56.46,56.67,1340387,0
DINO.US,D,20240513,000000,56.92,56.98,56.17,56.21,1569625,0
DINO.US,D,20240514,000000,56.09,57,55.69,56.9,2006432,0
DINO.US,D,20240515,000000,56.82,57.195,55.8,56.94,1716087,0
DINO.US,D,20240516,000000,56.7,57.2,56.4,56.99,1410530,0
DINO.US,D,20240517,000000,57.23,58.73,57.23,58.41,2019321,0
DINO.US,D,20240520,000000,58.1,58.4799,56.92,57.24,1472509,0
DINO.US,D,20240521,000000,56.87,57.495,56.61,56.9,956208,0
DINO.US,D,20240522,000000,56.63,57.3,55.94,56.52,1394035,0
DINO.US,D,20240523,000000,57.02,57.27,56.04,56.36,1019702,0
DINO.US,D,20240524,000000,56.74,57.11,55.88,56.11,1111490,0
DINO.US,D,20240528,000000,56.23,56.96,55.88,55.9,1355771,0
DINO.US,D,20240529,000000,55.75,55.7739,53.58,53.63,1345476,0
DINO.US,D,20240530,000000,53.45,54.26,52.95,53.02,1696875,0
DINO.US,D,20240531,000000,53.34,55.24,53.02,55.23,4047495,0
DINO.US,D,20240603,000000,54.87,55.22,53.34,53.9,1402855,0
DINO.US,D,20240604,000000,53.35,54.12,53.12,53.78,1522900,0
DINO.US,D,20240605,000000,54.13,54.15,53.13,53.71,1304291,0
DINO.US,D,20240606,000000,53.51,54.34,53.17,53.99,1389628,0
DINO.US,D,20240607,000000,53.57,53.83,52.86,53.25,1512050,0
DINO.US,D,20240610,000000,52.9,53.73,52.6,53.43,1427126,0
DINO.US,D,20240611,000000,52.94,53.7,52.25,53.45,1095941,0
DINO.US,D,20240612,000000,54.07,54.41,51.53,52.06,1306133,0
DINO.US,D,20240613,000000,52.83,53,51.78,52.53,1564448,0
DINO.US,D,20240614,000000,52.32,52.57,51.9,52.23,1443417,0
DINO.US,D,20240617,000000,52.06,52.66,51.5201,52.37,1100528,0
DINO.US,D,20240618,000000,52.79,53.43,51.72,52.14,1536571,0
DINO.US,D,20240620,000000,52.2,53.995,51.94,53.27,2093825,0
DINO.US,D,20240621,000000,53.46,53.73,52.68,53.35,6616005,0
DINO.US,D,20240624,000000,53.35,54.17,53.29,53.81,1464913,0
DINO.US,D,20240625,000000,53.67,54.33,52.89,54.04,1833931,0
DINO.US,D,20240626,000000,54.11,54.11,52.52,53.4,2081105,0
DINO.US,D,20240627,000000,53.86,54.41,52.64,52.73,1332394,0
DINO.US,D,20240628,000000,53.39,53.46,52.28,53.34,1971833,0
DINO.US,D,20240701,000000,53.63,53.79,52.67,53.39,1032719,0
DINO.US,D,20240702,000000,54.19,54.48,53.15,53.6,1691302,0
DINO.US,D,20240703,000000,53.63,53.63,52.75,52.99,902607,0
DINO.US,D,20240705,000000,52.79,52.8435,50.62,50.66,2455781,0
DINO.US,D,20240708,000000,50.39,51.0319,49.83,49.99,1589359,0
DINO.US,D,20240709,000000,49.49,50.18,48.97,48.98,1880520,0
DINO.US,D,20240710,000000,48.7,48.89,47.09,47.53,3026047,0
DINO.US,D,20240711,000000,47.84,48.86,47.38,48.08,2136479,0
DINO.US,D,20240712,000000,48.5,48.63,47.49,48.17,1969043,0
DINO.US,D,20240715,000000,48.54,49.03,48.03,48.61,1340955,0
DINO.US,D,20240716,000000,48.49,49.45,47.91,49.22,1407406,0
DINO.US,D,20240717,000000,49.26,50.51,48.4301,49.16,1657108,0
DINO.US,D,20240718,000000,49.19,49.28,48.02,48.1,1559967,0
DINO.US,D,20240719,000000,48.07,48.71,47.4,48.41,1557729,0
DINO.US,D,20240722,000000,48.26,48.71,47.38,48.32,1343898,0
DINO.US,D,20240723,000000,48.16,48.27,47.51,47.94,1254764,0
DINO.US,D,20240724,000000,48.05,48.72,47.51,48.53,1621908,0
DINO.US,D,20240725,000000,48.66,50.29,48.15,49.8,1981689,0
DINO.US,D,20240726,000000,50,50.89,49.27,50.63,2058610,0
DINO.US,D,20240729,000000,50.6,50.89,49.6,49.72,1378044,0
DINO.US,D,20240730,000000,49.77,51.729,49.77,51.51,2926880,0
DINO.US,D,20240731,000000,52.34,52.88,51.42,51.47,1558389,0
DINO.US,D,20240801,000000,52.25,52.71,49.28,50.06,2156025,0
DINO.US,D,20240802,000000,49.06,49.27,46.69,46.76,2074866,0
DINO.US,D,20240805,000000,45.27,46.405,44.09,46.08,1914727,0
DINO.US,D,20240806,000000,45.85,46.89,45.7,46.13,2068044,0
DINO.US,D,20240807,000000,46.87,47.1,45.525,45.62,1700026,0
DINO.US,D,20240808,000000,45.89,46.87,45.82,46.64,1489326,0
DINO.US,D,20240809,000000,46.6,47.04,46.24,46.35,1597370,0
DINO.US,D,20240812,000000,46.63,47.0317,46.08,46.69,1265090,0
DINO.US,D,20240813,000000,46.3,46.6,46.02,46.25,1460690,0
DINO.US,D,20240814,000000,46.52,47.74,46.22,47.48,2736622,0
DINO.US,D,20240815,000000,48,48.93,48,48.44,1766782,0
DINO.US,D,20240816,000000,48.25,48.99,47.95,48.78,1704329,0
DINO.US,D,20240819,000000,48.68,49.42,48.43,49.04,1534630,0
DINO.US,D,20240820,000000,48.82,48.87,47.02,47.27,2339379,0
DINO.US,D,20240821,000000,47.23,47.85,46.85,47.28,1487048,0
DINO.US,D,20240822,000000,47.19,47.58,47.045,47.35,1534007,0
DINO.US,D,20240823,000000,47.7,49.15,47.498,48.98,2066970,0
DINO.US,D,20240826,000000,49.38,49.925,48.31,48.42,2322054,0
DINO.US,D,20240827,000000,48.12,48.2425,47.21,47.28,1869354,0
DINO.US,D,20240828,000000,47.04,47.63,46.76,46.99,2378194,0
DINO.US,D,20240829,000000,47.32,47.69,46.335,47.48,2701454,0
DINO.US,D,20240830,000000,47.28,49.38,47.21,49.14,3884604,0
DINO.US,D,20240903,000000,48.48,48.48,47.23,47.46,2004801,0
DINO.US,D,20240904,000000,47.53,47.99,46.74,47.4,2560058,0
DINO.US,D,20240905,000000,47.73,47.73,45.53,45.58,2981057,0
DINO.US,D,20240906,000000,45.71,46.195,44.885,45.69,2357118,0
DINO.US,D,20240909,000000,45.57,46.18,45.34,45.63,2448639,0
DINO.US,D,20240910,000000,45.74,46.3959,45.14,46.29,2732158,0
DINO.US,D,20240911,000000,46.25,46.25,44.26,44.42,2012386,0
DINO.US,D,20240912,000000,44.47,44.84,44.07,44.23,1497590,0
DINO.US,D,20240913,000000,44.59,45.9,44.5,45.19,2173958,0
DINO.US,D,20240916,000000,45.39,45.88,44.36,45.3,1780596,0
DINO.US,D,20240917,000000,45.7,46.65,45.36,46.54,2319973,0
DINO.US,D,20240918,000000,46.73,47.9,46.51,46.91,2049440,0
DINO.US,D,20240919,000000,47.72,47.96,47.06,47.25,4059429,0
DINO.US,D,20240920,000000,46.89,46.89,45.36,46.25,6053746,0
DINO.US,D,20240923,000000,45.92,46.52,45.52,45.74,2176250,0
DINO.US,D,20240924,000000,46.43,46.48,44.84,44.86,1763552,0
DINO.US,D,20240925,000000,44.94,45.57,44.61,44.92,2439177,0
DINO.US,D,20240926,000000,44.75,46.59,44.69,45.23,3295388,0
DINO.US,D,20240927,000000,45.63,45.86,44.83,45.29,1989467,0
DINO.US,D,20240930,000000,45.135,45.155,44.262,44.57,2945514,0
DINO.US,D,20241001,000000,44.18,45.23,43.88,44.25,2680392,0
DINO.US,D,20241002,000000,44.44,45.28,44.06,44.85,2049533,0
DINO.US,D,20241003,000000,44.85,47.875,44.36,47.7,2946552,0
DINO.US,D,20241004,000000,47.98,48.25,46.335,46.74,2081045,0
DINO.US,D,20241007,000000,46.5,47.18,46.4,46.77,1277606,0
DINO.US,D,20241008,000000,45.94,46.13,44.285,44.51,1721724,0
DINO.US,D,20241009,000000,44.16,45.2,43.96,44.95,1674444,0
DINO.US,D,20241010,000000,45.34,46.21,45.06,45.92,1921041,0
DINO.US,D,20241011,000000,45.81,46.19,45.625,45.88,1751383,0
DINO.US,D,20241014,000000,45.55,45.64,44.96,45.24,1178426,0
DINO.US,D,20241015,000000,44.2,44.42,43.17,43.27,2234301,0
DINO.US,D,20241016,000000,43.84,43.93,43.485,43.66,1519956,0
DINO.US,D,20241017,000000,43.87,44.55,43.685,44.32,1531796,0
DINO.US,D,20241018,000000,44.2,44.6899,43.88,44.27,1519163,0
DINO.US,D,20241021,000000,44.52,44.62,43.63,43.91,1497571,0
DINO.US,D,20241022,000000,44.06,44.22,43.54,44.05,1276011,0
DINO.US,D,20241023,000000,43.61,43.97,42.42,42.89,1802711,0
DINO.US,D,20241024,000000,42.81,43.025,42.46,42.91,1331203,0
DINO.US,D,20241025,000000,42.95,43.45,42.73,43.01,1459187,0
DINO.US,D,20241028,000000,42.1,43.15,42.1,42.88,1463892,0
DINO.US,D,20241029,000000,42.4,42.45,40.61,40.8,2345796,0
DINO.US,D,20241030,000000,40.98,41.22,40.48,40.82,2488131,0
DINO.US,D,20241031,000000,42.71,42.71,38.25,38.61,5851093,0
DINO.US,D,20241101,000000,38.89,39.26,38.37,38.7,3033468,0
DINO.US,D,20241104,000000,38.8,39.8999,38.8,39.01,1757184,0
DINO.US,D,20241105,000000,39.78,40.12,39.3,39.98,2091045,0
DINO.US,D,20241106,000000,41.26,42.7,40.99,42.29,2449545,0
DINO.US,D,20241107,000000,42.34,42.87,41.27,41.53,1788439,0
DINO.US,D,20241108,000000,41.46,41.88,41.16,41.81,1533593,0
DINO.US,D,20241111,000000,41.825,42.53,41.41,42.43,1514205,0
DINO.US,D,20241112,000000,42.505,42.84,42.02,42.07,1655264,0
DINO.US,D,20241113,000000,42.175,42.78,41.47,42.42,1687640,0
DINO.US,D,20241114,000000,42.605,42.605,41.74,42.49,1543371,0
DINO.US,D,20241115,000000,42.62,43.27,42.13,42.18,1395879,0
DINO.US,D,20241118,000000,42.49,43.135,41.99,43.04,1545954,0
DINO.US,D,20241119,000000,42.46,43.54,42.26,42.29,1694451,0
DINO.US,D,20241120,000000,42.375,42.55,41.9,42.33,1275985,0
DINO.US,D,20241121,000000,41.98,42.63,41.75,42.03,1051439,0
DINO.US,D,20241122,000000,42.01,42.94,41.9,42.37,1307252,0
DINO.US,D,20241125,000000,42.695,43.28,42.17,42.23,3023976,0
DINO.US,D,20241126,000000,42.18,42.325,41.6,41.79,1685219,0
DINO.US,D,20241127,000000,41.59,42.365,40.91,40.98,1779300,0
DINO.US,D,20241129,000000,41.35,41.38,40.45,40.93,940767,0
DINO.US,D,20241202,000000,40.78,41.79,40.32,41.57,1425013,0
DINO.US,D,20241203,000000,41.59,41.745,40.4,40.48,1382849,0
DINO.US,D,20241204,000000,40.29,40.48,39.18,39.73,1935745,0
DINO.US,D,20241205,000000,39.83,40.095,39.25,39.54,1542639,0
DINO.US,D,20241206,000000,39.69,39.87,38.3,38.91,1729492,0
DINO.US,D,20241209,000000,38.99,40.17,38.91,39.3,1524732,0
DINO.US,D,20241210,000000,39.27,39.475,38.49,38.7,1855827,0
DINO.US,D,20241211,000000,38.82,39.175,38.3,38.94,2243874,0
DINO.US,D,20241212,000000,38.7,38.89,37.9,38.16,1957130,0
DINO.US,D,20241213,000000,37.93,38.0358,37.34,37.45,1659360,0
DINO.US,D,20241216,000000,37.07,37.07,35.47,35.6,2484672,0
DINO.US,D,20241217,000000,35.82,36.34,35.31,35.76,3281470,0
DINO.US,D,20241218,000000,35.75,35.8199,34.585,34.7,3498191,0
DINO.US,D,20241219,000000,34.955,35.0667,33.52,33.67,2831295,0
DINO.US,D,20241220,000000,33.77,34.38,33.51,33.76,9727529,0
DINO.US,D,20241223,000000,33.85,34.18,33.47,34.13,2368589,0
DINO.US,D,20241224,000000,34.1,34.68,33.84,34.4,690373,0
DINO.US,D,20241226,000000,34.465,34.56,34,34.34,1471199,0
DINO.US,D,20241227,000000,34.295,34.83,34,34.23,1366165,0
DINO.US,D,20241230,000000,34.29,34.73,33.9,34.22,1795078,0
DINO.US,D,20241231,000000,34.19,35.17,34.175,35.05,2102999,0
DINO.US,D,20250102,000000,35.35,35.65,34.97,35.13,1479807,0
DINO.US,D,20250103,000000,34.95,35.34,34.5,35.21,2070560,0
DINO.US,D,20250106,000000,35.48,35.89,34.56,34.65,2597266,0
DINO.US,D,20250107,000000,34.795,34.98,33.94,34.36,2366373,0
DINO.US,D,20250108,000000,34,34.81,33.91,34.77,1814123,0
DINO.US,D,20250110,000000,35.185,36.09,35.134,35.88,3416471,0
DINO.US,D,20250113,000000,36.05,37.675,36.05,36.85,4538550,0
DINO.US,D,20250114,000000,36.76,36.76,35.85,36.43,2940985,0
DINO.US,D,20250115,000000,37,37.2386,36.54,37.14,2177157,0
DINO.US,D,20250116,000000,37,37.12,36.02,36.74,2211315,0
DINO.US,D,20250117,000000,36.715,36.84,36.045,36.33,2029631,0
DINO.US,D,20250121,000000,36.28,36.36,35.61,36.31,2085210,0
DINO.US,D,20250122,000000,36.04,36.59,35.32,35.44,1938623,0
DINO.US,D,20250123,000000,35.83,36.91,35.425,36.84,1764909,0
DINO.US,D,20250124,000000,36.78,37,35.79,35.82,1710238,0
DINO.US,D,20250127,000000,36.27,37.81,36.07,36.84,2645709,0
DINO.US,D,20250128,000000,37.03,37.44,35.99,36.29,1997237,0
DINO.US,D,20250129,000000,36.32,36.9,36.07,36.48,1340044,0
DINO.US,D,20250130,000000,36.96,37.31,35.73,36.28,2773672,0
DINO.US,D,20250131,000000,36.45,37.08,35.315,36.08,5505456,0
DINO.US,D,20250203,000000,35.99,36.565,35.17,35.57,3553318,0
DINO.US,D,20250204,000000,35.535,38.15,35.15,37.96,3103870,0
DINO.US,D,20250205,000000,38.01,38.54,37.48,38.05,2988726,0
DINO.US,D,20250206,000000,38.115,38.15,36.39,36.68,3147805,0
DINO.US,D,20250207,000000,36.81,36.96,36.24,36.25,1870920,0
DINO.US,D,20250210,000000,36.635,37.915,36.6,37.67,1819415,0
DINO.US,D,20250211,000000,38.1,38.6,37.65,37.78,2303048,0
DINO.US,D,20250212,000000,37.6,37.77,35.825,35.97,3087907,0
DINO.US,D,20250213,000000,36,37.56,35.05,36.9,3092027,0
DINO.US,D,20250214,000000,37.15,38.42,37.025,38.01,3668244,0
DINO.US,D,20250218,000000,37.93,39.32,37.87,38.48,3771179,0
DINO.US,D,20250219,000000,38.38,38.635,37.62,37.86,2685577,0
DINO.US,D,20250220,000000,35.02,37.85,34.55,37.43,4213062,0
DINO.US,D,20250221,000000,37.365,37.82,36.27,36.3,3752599,0
DINO.US,D,20250224,000000,36.39,37.15,36.13,36.92,2906981,0
DINO.US,D,20250225,000000,36.69,37.69,36.11,36.49,2941592,0
DINO.US,D,20250226,000000,36.75,36.75,34.37,34.49,3168810,0
DINO.US,D,20250227,000000,34.62,35.35,34.27,34.86,2873402,0
DINO.US,D,20250228,000000,34.51,35.56,33.77,35.27,15209133,0
DINO.US,D,20250303,000000,35.27,35.6808,32.86,33.07,3159223,0
DINO.US,D,20250304,000000,32.29,32.74,31.27,31.75,4629460,0
DINO.US,D,20250305,000000,31.31,31.6,29.85,31.1,7023920,0
DINO.US,D,20250306,000000,30.51,31.94,30.155,31.64,5259249,0
DINO.US,D,20250307,000000,31.75,32.78,31.75,32.13,3891304,0
DINO.US,D,20250310,000000,32.56,32.87,31.42,31.58,3839123,0
DINO.US,D,20250311,000000,31.7,31.99,30.91,31.24,3635982,0
DINO.US,D,20250312,000000,31.125,31.68,30.51,31.08,2687529,0
DINO.US,D,20250313,000000,31.155,31.575,30.565,31.04,3226054,0
DINO.US,D,20250314,000000,31.35,32.375,30.89,32.36,2157300,0
DINO.US,D,20250317,000000,32.525,33.63,32.36,33.48,2842012,0
DINO.US,D,20250318,000000,33.8,33.96,32.81,33.25,2579042,0
DINO.US,D,20250319,000000,33.405,34.125,33.12,33.93,2107816,0
DINO.US,D,20250320,000000,33.5,34.2,33.2,33.89,1914937,0
DINO.US,D,20250321,000000,33.9,33.9,33.35,33.53,16410716,0
DINO.US,D,20250324,000000,33.675,34.16,32.89,33.14,2624004,0
DINO.US,D,20250325,000000,33.395,33.74,33.145,33.18,2264936,0
DINO.US,D,20250326,000000,33.565,34.45,33.51,33.55,2347895,0
DINO.US,D,20250327,000000,33.605,33.9098,32.82,33.27,1714599,0
DINO.US,D,20250328,000000,33.2,33.785,32.79,33.06,2078861,0
DINO.US,D,20250331,000000,32.8,33.44,32.6249,32.88,2240160,0
DINO.US,D,20250401,000000,32.83,33.275,32.1,33.27,1954881,0
DINO.US,D,20250402,000000,32.895,33.64,32.6,33.61,1434281,0
DINO.US,D,20250403,000000,31.75,31.75,29.165,29.26,4271895,0
DINO.US,D,20250404,000000,28.47,28.47,26.015,27.49,6471313,0
