<TICKER>,<PER>,<DATE>,<TIME>,<OPEN>,<HIGH>,<LOW>,<CLOSE>,<VOL>,<OPENINT>
GLW.US,D,19811231,000000,0.873566,0.873566,0.866046,0.873566,903302.56903102,0
GLW.US,D,19820104,000000,0.873566,0.881086,0.866046,0.873566,1224761.8875137,0
GLW.US,D,19820105,000000,0.866046,0.873566,0.866046,0.866046,1173328.150805,0
GLW.US,D,19820106,000000,0.858819,0.866046,0.851103,0.851103,1031889.9826963,0
GLW.US,D,19820107,000000,0.828837,0.843779,0.821122,0.821122,1674809.6436261,0
GLW.US,D,19820108,000000,0.843779,0.858819,0.821122,0.851103,1208688.7167967,0
GLW.US,D,19820111,000000,0.843779,0.858819,0.828837,0.828837,1118685.3093612,0
GLW.US,D,19820112,000000,0.821122,0.828837,0.814091,0.828837,678281.25088604,0
GLW.US,D,19820113,000000,0.821122,0.828837,0.814091,0.821122,1886974.0635407,0
GLW.US,D,19820114,000000,0.806181,0.821122,0.791141,0.798953,1112254.8123169,0
GLW.US,D,19820115,000000,0.806181,0.806181,0.798953,0.806181,1253696.0523192,0
GLW.US,D,19820118,000000,0.806181,0.814091,0.806181,0.814091,922586.89241217,0
GLW.US,D,19820119,000000,0.814091,0.821122,0.806181,0.806181,1391922.0437993,0
GLW.US,D,19820120,000000,0.791141,0.798953,0.791141,0.798953,813293.01780853,0
GLW.US,D,19820121,000000,0.798953,0.798953,0.791141,0.798953,1211902.9413543,0
GLW.US,D,19820122,000000,0.798953,0.798953,0.791141,0.798953,1366205.175445,0
GLW.US,D,19820125,000000,0.798953,0.798953,0.791141,0.798953,2221293.3521473,0
GLW.US,D,19820126,000000,0.806181,0.806181,0.798953,0.806181,819723.51485274,0
GLW.US,D,19820127,000000,0.806181,0.806181,0.798953,0.798953,135012.79088699,0
GLW.US,D,19820128,000000,0.798953,0.798953,0.791141,0.798953,2404520.5353629,0
GLW.US,D,19820129,000000,0.806181,0.806181,0.798953,0.798953,1035103.1832893,0
GLW.US,D,19820201,000000,0.798953,0.798953,0.791141,0.791141,186448.57552469,0
GLW.US,D,19820202,000000,0.791141,0.791141,0.783914,0.783914,658993.85561139,0
GLW.US,D,19820203,000000,0.776492,0.783914,0.761648,0.761648,437190.85788202,0
GLW.US,D,19820204,000000,0.754225,0.761648,0.754225,0.754225,2330587.2267509,0
GLW.US,D,19820205,000000,0.754225,0.761648,0.754225,0.754225,1806607.185991,0
GLW.US,D,19820208,000000,0.754225,0.754225,0.746413,0.746413,671848.70591284,0
GLW.US,D,19820209,000000,0.746413,0.746413,0.739479,0.746413,1832322.0064164,0
GLW.US,D,19820210,000000,0.746413,0.754225,0.739479,0.754225,1125107.6146894,0
GLW.US,D,19820211,000000,0.754225,0.761648,0.754225,0.754225,2565248.1466752,0
GLW.US,D,19820212,000000,0.761648,0.761648,0.754225,0.754225,1041528.5605112,0
GLW.US,D,19820216,000000,0.754225,0.754225,0.754225,0.754225,1134752.3362913,0
GLW.US,D,19820217,000000,0.754225,0.754225,0.754225,0.754225,983665.3507227,0
GLW.US,D,19820218,000000,0.754225,0.754225,0.754225,0.754225,1064032.2282724,0
GLW.US,D,19820219,000000,0.754225,0.754225,0.746413,0.754225,1070465.79721,0
GLW.US,D,19820222,000000,0.754225,0.754225,0.754225,0.754225,1674809.6436261,0
GLW.US,D,19820223,000000,0.754225,0.754225,0.746413,0.746413,1147613.3303796,0
GLW.US,D,19820224,000000,0.754225,0.754225,0.754225,0.754225,665420.25679762,0
GLW.US,D,19820225,000000,0.754225,0.754225,0.754225,0.754225,2806345.7074308,0
GLW.US,D,19820226,000000,0.754225,0.754225,0.754225,0.754225,2526673.356126,0
GLW.US,D,19820301,000000,0.754225,0.754225,0.746413,0.754225,1330848.7053112,0
GLW.US,D,19820302,000000,0.746413,0.754225,0.739479,0.739479,1446570.0050657,0
GLW.US,D,19820303,000000,0.724147,0.739479,0.716627,0.716627,2420594.7300445,0
GLW.US,D,19820304,000000,0.701782,0.709302,0.694164,0.701782,1009387.3388995,0
GLW.US,D,19820305,000000,0.709302,0.724147,0.694164,0.724147,3568208.0604241,0
GLW.US,D,19820308,000000,0.724147,0.731373,0.716627,0.724147,668639.60117771,0
GLW.US,D,19820309,000000,0.716627,0.731373,0.709302,0.724147,5140147.1587393,0
GLW.US,D,19820310,000000,0.731373,0.739479,0.724147,0.731373,675064.97839945,0
GLW.US,D,19820311,000000,0.731373,0.731373,0.724147,0.731373,507907.89400738,0
GLW.US,D,19820312,000000,0.731373,0.731373,0.724147,0.731373,282886.5758624,0
GLW.US,D,19820315,000000,0.731373,0.731373,0.724147,0.731373,1064032.2282724,0
GLW.US,D,19820316,000000,0.731373,0.739479,0.731373,0.731373,446826.36380336,0
GLW.US,D,19820317,000000,0.739479,0.739479,0.731373,0.739479,739360.73316107,0
GLW.US,D,19820318,000000,0.739479,0.739479,0.731373,0.731373,298957.69865044,0
GLW.US,D,19820319,000000,0.739479,0.746413,0.731373,0.731373,816508.26633064,0
GLW.US,D,19820322,000000,0.739479,0.739479,0.731373,0.739479,742572.90978968,0
GLW.US,D,19820323,000000,0.731373,0.739479,0.724147,0.731373,1931980.3750987,0
GLW.US,D,19820324,000000,0.724147,0.731373,0.716627,0.716627,1144401.153751,0
GLW.US,D,19820325,000000,0.724147,0.724147,0.716627,0.716627,977238.94953647,0
GLW.US,D,19820326,000000,0.716627,0.724147,0.716627,0.716627,710428.6162846,0
GLW.US,D,19820329,000000,0.716627,0.724147,0.716627,0.724147,2156996.5734212,0
GLW.US,D,19820330,000000,0.716627,0.724147,0.701782,0.716627,1555871.0474207,0
GLW.US,D,19820331,000000,0.701782,0.716627,0.687035,0.687035,1137970.6567068,0
GLW.US,D,19820401,000000,0.679223,0.687035,0.672289,0.679223,2243794.9719796,0
GLW.US,D,19820402,000000,0.694164,0.701782,0.679223,0.701782,2693832.488447,0
GLW.US,D,19820405,000000,0.709302,0.709302,0.701782,0.709302,1289052.5224529,0
GLW.US,D,19820406,000000,0.724147,0.731373,0.709302,0.731373,2083059.1689512,0
GLW.US,D,19820407,000000,0.746413,0.746413,0.731373,0.739479,2092702.8665886,0
GLW.US,D,19820408,000000,0.754225,0.761648,0.746413,0.761648,3410689.5538469,0
GLW.US,D,19820412,000000,0.761648,0.761648,0.761648,0.761648,620415.99316862,0
GLW.US,D,19820413,000000,0.776492,0.783914,0.761648,0.783914,1755174.4732468,0
GLW.US,D,19820414,000000,0.783914,0.791141,0.783914,0.783914,2430240.4756107,0
GLW.US,D,19820415,000000,0.776492,0.783914,0.761648,0.769069,2597399.6079318,0
GLW.US,D,19820416,000000,0.769069,0.783914,0.761648,0.783914,1568724.8737576,0
GLW.US,D,19820419,000000,0.791141,0.798953,0.776492,0.791141,916162.53915495,0
GLW.US,D,19820420,000000,0.776492,0.791141,0.769069,0.776492,887228.37434949,0
GLW.US,D,19820421,000000,0.769069,0.776492,0.761648,0.769069,450042.63628996,0
GLW.US,D,19820422,000000,0.776492,0.791141,0.769069,0.776492,903302.56903102,0
GLW.US,D,19820423,000000,0.791141,0.798953,0.783914,0.798953,906515.76962413,0
GLW.US,D,19820426,000000,0.806181,0.806181,0.798953,0.806181,1488363.1160305,0
GLW.US,D,19820427,000000,0.806181,0.814091,0.798953,0.806181,745787.13434728,0
GLW.US,D,19820428,000000,0.806181,0.814091,0.798953,0.806181,691139.17308096,0
GLW.US,D,19820429,000000,0.806181,0.814091,0.798953,0.806181,1089751.1445557,0
GLW.US,D,19820430,000000,0.821122,0.821122,0.806181,0.821122,1070465.79721,0
GLW.US,D,19820503,000000,0.814091,0.821122,0.814091,0.814091,941883.50336729,0
GLW.US,D,19820504,000000,0.821122,0.821122,0.814091,0.821122,922586.89241217,0
GLW.US,D,19820505,000000,0.821122,0.821122,0.821122,0.821122,247527.03383522,0
GLW.US,D,19820506,000000,0.821122,0.828837,0.821122,0.821122,472551.42387369,0
GLW.US,D,19820507,000000,0.821122,0.828837,0.821122,0.821122,1748743.9762026,0
GLW.US,D,19820510,000000,0.821122,0.821122,0.821122,0.821122,842227.18261399,0
GLW.US,D,19820511,000000,0.828837,0.836162,0.821122,0.828837,2173068.7201737,0
GLW.US,D,19820512,000000,0.828837,0.836162,0.828837,0.828837,369681.90252729,0
GLW.US,D,19820513,000000,0.836162,0.836162,0.828837,0.828837,4407222.042445,0
GLW.US,D,19820514,000000,0.828837,0.828837,0.828837,0.828837,687928.02041685,0
GLW.US,D,19820517,000000,0.828837,0.828837,0.821122,0.828837,1019030.0125724,0
GLW.US,D,19820518,000000,0.828837,0.828837,0.821122,0.828837,723284.49055055,0
GLW.US,D,19820519,000000,0.828837,0.828837,0.821122,0.821122,575410.70557513,0
GLW.US,D,19820520,000000,0.821122,0.821122,0.821122,0.821122,1022241.1652364,0
GLW.US,D,19820521,000000,0.821122,0.821122,0.821122,0.821122,408253.62118307,0
GLW.US,D,19820524,000000,0.828837,0.828837,0.821122,0.821122,597917.44522987,0
GLW.US,D,19820525,000000,0.828837,0.828837,0.821122,0.828837,649350.15797408,0
GLW.US,D,19820526,000000,0.821122,0.828837,0.821122,0.821122,3394617.4070943,0
GLW.US,D,19820527,000000,0.821122,0.821122,0.821122,0.821122,2931715.8246449,0
GLW.US,D,19820528,000000,0.821122,0.821122,0.821122,0.821122,604344.87038058,0
GLW.US,D,19820601,000000,0.806181,0.821122,0.791141,0.798953,687928.02041685,0
GLW.US,D,19820602,000000,0.806181,0.806181,0.798953,0.806181,2182709.3459175,0
GLW.US,D,19820603,000000,0.806181,0.814091,0.806181,0.806181,893662.96725169,0
GLW.US,D,19820604,000000,0.806181,0.806181,0.798953,0.798953,633281.08311504,0
GLW.US,D,19820607,000000,0.791141,0.791141,0.783914,0.783914,867938.93114586,0
GLW.US,D,19820608,000000,0.776492,0.783914,0.769069,0.769069,1761598.826504,0
GLW.US,D,19820609,000000,0.769069,0.776492,0.769069,0.776492,2073416.4952784,0
GLW.US,D,19820610,000000,0.769069,0.776492,0.769069,0.769069,957949.50633284,0
GLW.US,D,19820611,000000,0.783914,0.791141,0.776492,0.776492,691139.17308096,0
GLW.US,D,19820614,000000,0.783914,0.783914,0.776492,0.783914,2304869.3344321,0
GLW.US,D,19820615,000000,0.783914,0.783914,0.783914,0.783914,639707.48430126,0
GLW.US,D,19820616,000000,0.783914,0.783914,0.776492,0.776492,1279410.8727445,0
GLW.US,D,19820617,000000,0.776492,0.776492,0.769069,0.776492,3201745.5022769,0
GLW.US,D,19820618,000000,0.776492,0.776492,0.769069,0.769069,520767.8641313,0
GLW.US,D,19820621,000000,0.776492,0.783914,0.769069,0.776492,2025201.0789853,0
GLW.US,D,19820622,000000,0.776492,0.783914,0.769069,0.783914,1170116.9981408,0
GLW.US,D,19820623,000000,0.783914,0.798953,0.776492,0.798953,1375848.8730822,0
GLW.US,D,19820624,000000,0.798953,0.806181,0.791141,0.806181,1552653.7509696,0
GLW.US,D,19820625,000000,0.791141,0.798953,0.791141,0.791141,125369.09324967,0
GLW.US,D,19820628,000000,0.783914,0.798953,0.776492,0.776492,237881.28826891,0
GLW.US,D,19820629,000000,0.769069,0.769069,0.754225,0.761648,877582.62878317,0
GLW.US,D,19820630,000000,0.754225,0.761648,0.746413,0.746413,4140403.5174771,0
GLW.US,D,19820701,000000,0.746413,0.754225,0.739479,0.746413,363248.33358958,0
GLW.US,D,19820702,000000,0.746413,0.754225,0.746413,0.746413,366465.63004068,0
GLW.US,D,19820706,000000,0.746413,0.746413,0.739479,0.746413,279672.35130479,0
GLW.US,D,19820707,000000,0.754225,0.754225,0.746413,0.754225,1189402.3454865,0
GLW.US,D,19820708,000000,0.754225,0.761648,0.746413,0.761648,732930.23611686,0
GLW.US,D,19820709,000000,0.761648,0.769069,0.761648,0.761648,2873850.5669275,0
GLW.US,D,19820712,000000,0.769069,0.783914,0.761648,0.776492,1057606.8510506,0
GLW.US,D,19820713,000000,0.769069,0.776492,0.769069,0.769069,485406.27417513,0
GLW.US,D,19820714,000000,0.769069,0.783914,0.761648,0.776492,1057606.8510506,0
GLW.US,D,19820715,000000,0.791141,0.791141,0.783914,0.783914,507907.89400738,0
GLW.US,D,19820716,000000,0.783914,0.783914,0.776492,0.783914,588276.81948604,0
GLW.US,D,19820719,000000,0.783914,0.791141,0.783914,0.783914,337531.46523523,0
GLW.US,D,19820720,000000,0.783914,0.791141,0.769069,0.776492,475760.52860881,0
GLW.US,D,19820721,000000,0.783914,0.783914,0.769069,0.769069,1768030.3475128,0
GLW.US,D,19820722,000000,0.769069,0.776492,0.769069,0.769069,626844.44228384,0
GLW.US,D,19820723,000000,0.769069,0.769069,0.769069,0.769069,655782.70294728,0
GLW.US,D,19820726,000000,0.776492,0.783914,0.769069,0.776492,276458.12674718,0
GLW.US,D,19820727,000000,0.776492,0.776492,0.769069,0.776492,382534.70489972,0
GLW.US,D,19820728,000000,0.776492,0.776492,0.769069,0.769069,2391666.709026,0
GLW.US,D,19820729,000000,0.776492,0.783914,0.769069,0.776492,446826.36380336,0
GLW.US,D,19820730,000000,0.776492,0.776492,0.776492,0.776492,128586.38970077,0
GLW.US,D,19820802,000000,0.783914,0.791141,0.776492,0.791141,321457.27055369,0
GLW.US,D,19820803,000000,0.791141,0.798953,0.791141,0.791141,658993.85561139,0
GLW.US,D,19820804,000000,0.783914,0.783914,0.776492,0.783914,842227.18261399,0
GLW.US,D,19820805,000000,0.776492,0.776492,0.769069,0.776492,826150.94000346,0
GLW.US,D,19820806,000000,0.769069,0.769069,0.769069,0.769069,787576.14945417,0
GLW.US,D,19820809,000000,0.761648,0.761648,0.754225,0.754225,1922336.6774614,0
GLW.US,D,19820810,000000,0.746413,0.761648,0.731373,0.739479,1427281.5858264,0
GLW.US,D,19820811,000000,0.746413,0.761648,0.731373,0.739479,1719813.9072552,0
GLW.US,D,19820812,000000,0.746413,0.754225,0.739479,0.746413,4101833.8467503,0
GLW.US,D,19820813,000000,0.754225,0.761648,0.746413,0.761648,1157256.0040525,0
GLW.US,D,19820816,000000,0.769069,0.769069,0.761648,0.761648,533621.69046824,0
GLW.US,D,19820817,000000,0.776492,0.791141,0.761648,0.791141,1121896.4620253,0
GLW.US,D,19820818,000000,0.806181,0.814091,0.791141,0.791141,2828850.3991565,0
GLW.US,D,19820819,000000,0.798953,0.806181,0.791141,0.806181,1459428.9512251,0
GLW.US,D,19820820,000000,0.836162,0.866046,0.806181,0.866046,2263075.1995027,0
GLW.US,D,19820823,000000,0.888409,0.918391,0.851103,0.918391,6718520.8499567,0
GLW.US,D,19820824,000000,0.895832,0.918391,0.866046,0.881086,4992280.5415154,0
GLW.US,D,19820825,000000,0.888409,0.910969,0.873566,0.888409,1919120.4049747,0
GLW.US,D,19820826,000000,0.903058,0.910969,0.888409,0.888409,2285578.8672639,0
GLW.US,D,19820827,000000,0.888409,0.903058,0.866046,0.873566,1726244.4042993,0
GLW.US,D,19820830,000000,0.895832,0.910969,0.873566,0.910969,2086279.5372958,0
GLW.US,D,19820831,000000,0.918391,0.918391,0.903058,0.910969,3500700.1290339,0
GLW.US,D,19820901,000000,0.895832,0.910969,0.873566,0.873566,1305127.7410989,0
GLW.US,D,19820902,000000,0.888409,0.903058,0.866046,0.903058,1083321.671476,0
GLW.US,D,19820903,000000,0.910969,0.918391,0.895832,0.910969,1559083.2240493,0
GLW.US,D,19820907,000000,0.925814,0.933138,0.910969,0.933138,2044488.47426,0
GLW.US,D,19820908,000000,0.933138,0.94056,0.925814,0.933138,652566.43046068,0
GLW.US,D,19820909,000000,0.94056,0.94056,0.933138,0.933138,430756.26497982,0
GLW.US,D,19820910,000000,0.918391,0.925814,0.910969,0.910969,822940.81130384,0
GLW.US,D,19820913,000000,0.895832,0.903058,0.881086,0.881086,1128325.935105,0
GLW.US,D,19820914,000000,0.895832,0.903058,0.888409,0.888409,877582.62878317,0
GLW.US,D,19820915,000000,0.895832,0.903058,0.888409,0.903058,1858039.8987352,0
GLW.US,D,19820916,000000,0.918391,0.933138,0.910969,0.910969,2999228.8758577,0
GLW.US,D,19820917,000000,0.903058,0.910969,0.895832,0.895832,633281.08311504,0
GLW.US,D,19820920,000000,0.888409,0.895832,0.873566,0.888409,1221548.6869206,0
GLW.US,D,19820921,000000,0.910969,0.918391,0.895832,0.918391,1449782.1816942,0
GLW.US,D,19820922,000000,0.933138,0.948177,0.925814,0.925814,2767770.9168815,0
GLW.US,D,19820923,000000,0.925814,0.94056,0.918391,0.94056,4227204.987929,0
GLW.US,D,19820924,000000,0.933138,0.94056,0.925814,0.925814,1768030.3475128,0
GLW.US,D,19820927,000000,0.925814,0.933138,0.918391,0.925814,495040.75613197,0
GLW.US,D,19820928,000000,0.925814,0.933138,0.925814,0.925814,2195573.4118994,0
GLW.US,D,19820929,000000,0.925814,0.925814,0.910969,0.918391,2542750.622701,0
GLW.US,D,19820930,000000,0.910969,0.910969,0.903058,0.903058,2632758.1259945,0
GLW.US,D,19821001,000000,0.903058,0.910969,0.895832,0.903058,4927985.8107182,0
GLW.US,D,19821004,000000,0.918391,0.925814,0.903058,0.918391,4259345.1855761,0
GLW.US,D,19821005,000000,0.910969,0.925814,0.895832,0.895832,1128325.935105,0
GLW.US,D,19821006,000000,0.910969,0.918391,0.895832,0.918391,4034323.867431,0
GLW.US,D,19821007,000000,0.933138,0.948177,0.918391,0.948177,2218072.9838027,0
GLW.US,D,19821008,000000,0.970541,0.985381,0.955403,0.970541,2041275.2736668,0
GLW.US,D,19821011,000000,0.985381,0.992908,0.970541,0.970541,2661690.242871,0
GLW.US,D,19821012,000000,0.977866,0.985381,0.970541,0.970541,2333799.4033795,0
GLW.US,D,19821013,000000,0.970541,0.985381,0.963217,0.977866,4792969.9479379,0
GLW.US,D,19821014,000000,0.985381,0.985381,0.970541,0.970541,2079846.9923225,0
GLW.US,D,19821015,000000,0.985381,0.992908,0.977866,0.985381,736142.41274547,0
GLW.US,D,19821018,000000,0.963217,1.02269,0.903058,1.01566,1928761.0307186,0
GLW.US,D,19821019,000000,1.00775,1.02269,1.00043,1.00043,1202262.3156104,0
GLW.US,D,19821020,000000,1.03011,1.05277,1.00043,1.05277,2754915.0426155,0
GLW.US,D,19821021,000000,1.04524,1.0599,1.03011,1.04524,1996266.9141799,0
GLW.US,D,19821022,000000,1.0599,1.08266,1.04524,1.0599,1951261.6265863,0
GLW.US,D,19821025,000000,1.03772,1.05277,1.03011,1.03011,2079846.9923225,0
GLW.US,D,19821026,000000,1.01566,1.04524,0.992908,1.03772,1838748.4076027,0
GLW.US,D,19821027,000000,1.03772,1.04524,1.02269,1.04524,1227975.0881068,0
GLW.US,D,19821028,000000,1.05277,1.06781,1.03772,1.05277,1742316.5510518,0
GLW.US,D,19821029,000000,1.05277,1.06781,1.03772,1.06781,1684451.2933344,0
GLW.US,D,19821101,000000,1.0599,1.06781,1.05277,1.06781,909738.18589772,0
GLW.US,D,19821102,000000,1.07494,1.09008,1.06781,1.08266,1768030.3475128,0
GLW.US,D,19821103,000000,1.12758,1.16439,1.08266,1.15727,2201998.7891212,0
GLW.US,D,19821104,000000,1.14974,1.15727,1.1347,1.14252,4423291.1173041,0
GLW.US,D,19821105,000000,1.14252,1.14974,1.1347,1.1347,2533107.9490281,0
GLW.US,D,19821108,000000,1.12758,1.14252,1.11996,1.12758,3073155.0167182,0
GLW.US,D,19821109,000000,1.14252,1.16439,1.12758,1.15727,4178980.3559554,0
GLW.US,D,19821110,000000,1.16439,1.18705,1.14974,1.16439,1748743.9762026,0
GLW.US,D,19821111,000000,1.15727,1.17211,1.14974,1.17211,1269768.1990717,0
GLW.US,D,19821112,000000,1.16439,1.17953,1.15727,1.16439,453258.90877656,0
GLW.US,D,19821115,000000,1.14974,1.16439,1.1347,1.1347,5866647.9217764,0
GLW.US,D,19821116,000000,1.11282,1.1347,1.0977,1.11282,1825893.5573012,0
GLW.US,D,19821117,000000,1.11996,1.12758,1.11282,1.12758,1639447.0297054,0
GLW.US,D,19821118,000000,1.1347,1.14252,1.12758,1.12758,1948052.5218512,0
GLW.US,D,19821119,000000,1.12758,1.1347,1.11996,1.11996,446826.36380336,0
GLW.US,D,19821122,000000,1.11996,1.12758,1.10473,1.11282,2941361.5702113,0
GLW.US,D,19821123,000000,1.09008,1.11282,1.07494,1.07494,1227975.0881068,0
GLW.US,D,19821124,000000,1.06781,1.08266,1.05277,1.06781,2034842.7286936,0
GLW.US,D,19821126,000000,1.07494,1.08266,1.06781,1.07494,601127.57392948,0
GLW.US,D,19821129,000000,1.0599,1.07494,1.03772,1.06781,1096176.5217774,0
GLW.US,D,19821130,000000,1.05277,1.0599,1.04524,1.0599,3140666.0200019,0
GLW.US,D,19821201,000000,1.05277,1.06781,1.04524,1.05277,1790530.9433805,0
GLW.US,D,19821202,000000,1.05277,1.06781,1.04524,1.05277,848656.6556937,0
GLW.US,D,19821203,000000,1.06781,1.08266,1.05277,1.07494,1199045.0191593,0
GLW.US,D,19821206,000000,1.07494,1.09008,1.06781,1.08266,2025201.0789853,0
GLW.US,D,19821207,000000,1.08266,1.0977,1.06781,1.09008,3937886.8910579,0
GLW.US,D,19821208,000000,1.09008,1.09008,1.09008,1.09008,1019030.0125724,0
GLW.US,D,19821209,000000,1.07494,1.09008,1.0599,1.0599,867938.93114586,0
GLW.US,D,19821210,000000,1.06781,1.07494,1.0599,1.0599,337531.46523523,0
GLW.US,D,19821213,000000,1.0599,1.06781,1.04524,1.05277,1575156.3947664,0
GLW.US,D,19821214,000000,1.03772,1.0599,1.00775,1.01566,2111993.3337567,0
GLW.US,D,19821215,000000,0.992908,1.00775,0.977866,0.985381,613986.5200889,0
GLW.US,D,19821216,000000,0.992908,1.00775,0.977866,0.992908,1086535.8960336,0
GLW.US,D,19821217,000000,1.00775,1.02269,0.992908,1.02269,462906.70227188,0
GLW.US,D,19821220,000000,1.01566,1.02269,1.00775,1.01566,626844.44228384,0
GLW.US,D,19821221,000000,1.01566,1.02269,1.00775,1.02269,1546223.2539254,0
GLW.US,D,19821222,000000,1.05277,1.06781,1.03011,1.0599,1819462.0362925,0
GLW.US,D,19821223,000000,1.08266,1.11282,1.0599,1.11282,1841966.7280183,0
GLW.US,D,19821227,000000,1.1347,1.14252,1.11996,1.14252,1144401.153751,0
GLW.US,D,19821228,000000,1.14252,1.15727,1.1347,1.14252,5079072.7962868,0
GLW.US,D,19821229,000000,1.16439,1.17211,1.14974,1.17211,1189402.3454865,0
GLW.US,D,19821230,000000,1.16439,1.17211,1.15727,1.15727,1446570.0050657,0
GLW.US,D,19821231,000000,1.16439,1.17211,1.15727,1.15727,533621.69046824,0
GLW.US,D,19830103,000000,1.16439,1.17211,1.15727,1.15727,1314770.4147717,0
GLW.US,D,19830104,000000,1.15727,1.17211,1.14252,1.17211,1909475.6833729,0
GLW.US,D,19830105,000000,1.16439,1.17211,1.15727,1.16439,1385492.5707196,0
GLW.US,D,19830106,000000,1.17953,1.19437,1.16439,1.19437,2144135.5793327,0
GLW.US,D,19830107,000000,1.20932,1.21713,1.19437,1.20932,2038059.0011802,0
GLW.US,D,19830110,000000,1.24681,1.26938,1.21713,1.26938,1960905.3242237,0
GLW.US,D,19830111,000000,1.27651,1.29155,1.26167,1.27651,3825381.8637901,0
GLW.US,D,19830112,000000,1.28423,1.29155,1.27651,1.28423,1941619.976878,0
GLW.US,D,19830113,000000,1.28423,1.29155,1.27651,1.27651,2115207.5583143,0
GLW.US,D,19830114,000000,1.29917,1.3064,1.28423,1.29917,1314770.4147717,0
GLW.US,D,19830117,000000,1.32124,1.32925,1.31411,1.31411,2128069.5763672,0
GLW.US,D,19830118,000000,1.31411,1.32124,1.3064,1.3064,1803389.8895399,0
GLW.US,D,19830119,000000,1.28423,1.29917,1.27651,1.28423,3143883.316453,0
GLW.US,D,19830120,000000,1.26938,1.28423,1.25433,1.25433,6622078.753761,0
GLW.US,D,19830121,000000,1.22436,1.25433,1.20199,1.21713,3494272.7038831,0
GLW.US,D,19830124,000000,1.18705,1.20199,1.16439,1.19437,2243794.9719796,0
GLW.US,D,19830125,000000,1.22436,1.25433,1.19437,1.23929,1475501.0979776,0
GLW.US,D,19830126,000000,1.23207,1.23929,1.22436,1.23207,2889927.8335025,0
GLW.US,D,19830127,000000,1.25433,1.27651,1.23207,1.26938,1848396.2010979,0
GLW.US,D,19830128,000000,1.26167,1.27651,1.25433,1.26167,1903047.2342577,0
GLW.US,D,19830131,000000,1.26938,1.27651,1.25433,1.26167,1401565.7414366,0
GLW.US,D,19830201,000000,1.25433,1.26167,1.25433,1.25433,507907.89400738,0
GLW.US,D,19830202,000000,1.25433,1.25433,1.24681,1.25433,739360.73316107,0
GLW.US,D,19830203,000000,1.25433,1.26938,1.24681,1.26167,572194.43308854,0
GLW.US,D,19830204,000000,1.28423,1.3064,1.25433,1.29155,1565510.6492,0
GLW.US,D,19830207,000000,1.3064,1.32124,1.29155,1.32124,1305127.7410989,0
GLW.US,D,19830208,000000,1.32925,1.33638,1.31411,1.32925,1931980.3750987,0
GLW.US,D,19830209,000000,1.33638,1.35131,1.32925,1.33638,1440139.5080213,0
GLW.US,D,19830210,000000,1.33638,1.35131,1.32925,1.34389,1706953.9371312,0
GLW.US,D,19830211,000000,1.35131,1.35873,1.34389,1.34389,1771244.5720703,0
GLW.US,D,19830214,000000,1.33638,1.35131,1.32925,1.33638,668639.60117771,0
GLW.US,D,19830215,000000,1.34389,1.35131,1.33638,1.34389,1559083.2240493,0
GLW.US,D,19830216,000000,1.33638,1.34389,1.32925,1.32925,1327632.4328247,0
GLW.US,D,19830217,000000,1.32925,1.34389,1.31411,1.33638,5551619.100338,0
GLW.US,D,19830218,000000,1.32925,1.33638,1.32124,1.33638,1301914.5405057,0
GLW.US,D,19830222,000000,1.32925,1.33638,1.32925,1.33638,771506.05063064,0
GLW.US,D,19830223,000000,1.33638,1.34389,1.32925,1.33638,1501224.1101189,0
GLW.US,D,19830224,000000,1.34389,1.35131,1.33638,1.34389,7461089.6638885,0
GLW.US,D,19830225,000000,1.34389,1.35131,1.32925,1.32925,1247264.5313104,0
GLW.US,D,19830228,000000,1.31411,1.32124,1.29917,1.29917,1504433.214854,0
GLW.US,D,19830301,000000,1.31411,1.32124,1.29917,1.31411,446826.36380336,0
GLW.US,D,19830302,000000,1.31411,1.32124,1.3064,1.31411,2427020.1072662,0
GLW.US,D,19830303,000000,1.3064,1.31411,1.29917,1.31411,1308345.03755,0
GLW.US,D,19830304,000000,1.31411,1.32925,1.3064,1.32925,1324413.0884445,0
GLW.US,D,19830307,000000,1.32925,1.32925,1.32124,1.32925,1443356.8044725,0
GLW.US,D,19830308,000000,1.31411,1.32925,1.29917,1.29917,2256650.8462454,0
GLW.US,D,19830309,000000,1.29917,1.3064,1.28423,1.29917,543266.41207006,0
GLW.US,D,19830310,000000,1.29155,1.29917,1.27651,1.27651,742572.90978968,0
GLW.US,D,19830311,000000,1.26938,1.27651,1.26167,1.26938,495040.75613197,0
GLW.US,D,19830314,000000,1.26167,1.26938,1.24681,1.25433,3622856.0216904,0
GLW.US,D,19830315,000000,1.26938,1.28423,1.25433,1.28423,2317730.3285205,0
GLW.US,D,19830316,000000,1.26938,1.28423,1.25433,1.25433,993309.04836002,0
GLW.US,D,19830317,000000,1.23929,1.24681,1.23929,1.23929,1552653.7509696,0
GLW.US,D,19830318,000000,1.23207,1.23929,1.22436,1.23207,3507125.5062555,0
GLW.US,D,19830321,000000,1.23207,1.23929,1.22436,1.22436,1282625.0973022,0
GLW.US,D,19830322,000000,1.22436,1.23929,1.22436,1.23929,1851611.4496201,0
GLW.US,D,19830323,000000,1.23929,1.26167,1.23929,1.23929,697566.59823169,0
GLW.US,D,19830324,000000,1.23929,1.23929,1.23207,1.23207,540055.25940595,0
GLW.US,D,19830325,000000,1.23207,1.25433,1.23207,1.23929,2459169.5205938,0
GLW.US,D,19830328,000000,1.23929,1.25433,1.23207,1.24681,703997.0952759,0
GLW.US,D,19830329,000000,1.23929,1.23929,1.23207,1.23929,742572.90978968,0
GLW.US,D,19830330,000000,1.23929,1.25433,1.23929,1.23929,720070.26599293,0
GLW.US,D,19830331,000000,1.24681,1.25433,1.22436,1.22436,784362.94886107,0
GLW.US,D,19830404,000000,1.22436,1.22436,1.20932,1.20932,1031889.9826963,0
GLW.US,D,19830405,000000,1.20932,1.21713,1.18705,1.18705,1655517.128529,0
GLW.US,D,19830406,000000,1.18705,1.18705,1.17953,1.18705,1578370.6193239,0
GLW.US,D,19830407,000000,1.18705,1.18705,1.16439,1.17211,781146.67637446,0
GLW.US,D,19830408,000000,1.17953,1.18705,1.17211,1.18705,880799.92523427,0
GLW.US,D,19830411,000000,1.18705,1.20932,1.18705,1.20932,1105819.1954503,0
GLW.US,D,19830412,000000,1.22436,1.29917,1.21713,1.29917,2102347.5881904,0
GLW.US,D,19830413,000000,1.29155,1.29155,1.26167,1.28423,1327632.4328247,0
GLW.US,D,19830414,000000,1.27651,1.28423,1.25433,1.28423,919372.66785457,0
GLW.US,D,19830415,000000,1.28423,1.28423,1.27651,1.28423,575410.70557513,0
GLW.US,D,19830418,000000,1.28423,1.28423,1.27651,1.28423,771506.05063064,0
GLW.US,D,19830419,000000,1.26938,1.28423,1.26167,1.26167,456477.22919216,0
GLW.US,D,19830420,000000,1.26167,1.27651,1.26167,1.26938,488616.40287474,0
GLW.US,D,19830421,000000,1.27651,1.27651,1.26938,1.26938,906515.76962413,0
GLW.US,D,19830422,000000,1.24681,1.25433,1.23207,1.23929,1832322.0064164,0
GLW.US,D,19830425,000000,1.22436,1.23929,1.20932,1.20932,1755174.4732468,0
GLW.US,D,19830426,000000,1.22436,1.23207,1.20932,1.23207,925802.14093428,0
GLW.US,D,19830427,000000,1.25433,1.27651,1.23929,1.26938,4529371.7913146,0
GLW.US,D,19830428,000000,1.3064,1.32124,1.28423,1.32124,2198788.6604215,0
GLW.US,D,19830429,000000,1.34389,1.36616,1.32124,1.33638,6001658.6647344,0
GLW.US,D,19830502,000000,1.32925,1.34389,1.31411,1.33638,3577847.6622034,0
GLW.US,D,19830503,000000,1.33638,1.33638,1.3064,1.33638,1636229.7332544,0
GLW.US,D,19830504,000000,1.36616,1.3813,1.34389,1.37378,1407995.2145162,0
GLW.US,D,19830505,000000,1.40366,1.42564,1.37378,1.42564,2031632.5999941,0
GLW.US,D,19830506,000000,1.42564,1.44858,1.38882,1.40366,1906256.3389929,0
GLW.US,D,19830509,000000,1.40366,1.4188,1.38882,1.40366,2475242.6913108,0
GLW.US,D,19830510,000000,1.39614,1.42564,1.38882,1.42564,3507125.5062555,0
GLW.US,D,19830511,000000,1.42564,1.44078,1.40366,1.41108,929019.43738538,0
GLW.US,D,19830512,000000,1.41108,1.4188,1.39614,1.41108,2414167.3048938,0
GLW.US,D,19830513,000000,1.41108,1.42564,1.39614,1.40366,3497481.8086183,0
GLW.US,D,19830516,000000,1.39614,1.39614,1.37378,1.3813,1571942.1702088,0
GLW.US,D,19830517,000000,1.39614,1.4188,1.3813,1.40366,5561263.8219398,0
GLW.US,D,19830518,000000,1.4188,1.45591,1.4188,1.43383,3523205.8447241,0
GLW.US,D,19830519,000000,1.42564,1.44078,1.42564,1.42564,700779.7988248,0
GLW.US,D,19830520,000000,1.42564,1.45591,1.4188,1.45591,3529631.2219458,0
GLW.US,D,19830523,000000,1.44078,1.51598,1.43383,1.50796,3086014.9868421,0
GLW.US,D,19830524,000000,1.50796,1.60523,1.50796,1.59019,6078812.3416911,0
GLW.US,D,19830525,000000,1.59019,1.59019,1.53062,1.58286,8444757.0625402,0
GLW.US,D,19830526,000000,1.56021,1.57515,1.54547,1.54547,2038059.0011802,0
GLW.US,D,19830527,000000,1.54547,1.54547,1.4859,1.4859,1790530.9433805,0
GLW.US,D,19830531,000000,1.47066,1.50074,1.47066,1.47066,1035103.1832893,0
GLW.US,D,19830601,000000,1.47818,1.4859,1.45591,1.47818,790792.42194078,0
GLW.US,D,19830602,000000,1.47818,1.50796,1.47818,1.50796,1536579.556288,0
GLW.US,D,19830603,000000,1.50796,1.55298,1.50796,1.55298,1825893.5573012,0
GLW.US,D,19830606,000000,1.54547,1.54547,1.53062,1.53062,1105819.1954503,0
GLW.US,D,19830607,000000,1.52271,1.53062,1.51598,1.53062,729716.01155925,0
GLW.US,D,19830608,000000,1.50796,1.52271,1.49332,1.50074,890443.6228716,0
GLW.US,D,19830609,000000,1.4859,1.49332,1.44078,1.47066,2095917.0911461,0
GLW.US,D,19830610,000000,1.47066,1.47818,1.45591,1.47818,3397833.6795809,0
GLW.US,D,19830613,000000,1.47818,1.4859,1.45591,1.4859,6159176.1473472,0
GLW.US,D,19830614,000000,1.4859,1.53795,1.4859,1.53062,4561520.1806775,0
GLW.US,D,19830615,000000,1.53795,1.54547,1.52271,1.53795,2128069.5763672,0
GLW.US,D,19830616,000000,1.53062,1.53062,1.50796,1.53062,1237619.8097086,0
GLW.US,D,19830617,000000,1.52271,1.52271,1.50074,1.50074,1321200.9118159,0
GLW.US,D,19830620,000000,1.49332,1.49332,1.47818,1.4859,2359517.2956984,0
GLW.US,D,19830621,000000,1.4859,1.49332,1.47818,1.4859,7547884.9905534,0
GLW.US,D,19830622,000000,1.4859,1.49332,1.4859,1.4859,2870637.3663344,0
GLW.US,D,19830623,000000,1.4859,1.4859,1.45591,1.47818,1375848.8730822,0
GLW.US,D,19830624,000000,1.47066,1.47818,1.47066,1.47818,578630.04995522,0
GLW.US,D,19830627,000000,1.4859,1.50074,1.4859,1.50074,832585.53290566,0
GLW.US,D,19830628,000000,1.52271,1.53795,1.50796,1.50796,970805.38059877,0
GLW.US,D,19830629,000000,1.50074,1.52271,1.50074,1.50796,1224761.8875137,0
GLW.US,D,19830630,000000,1.50796,1.51598,1.50796,1.50796,437190.85788202,0
GLW.US,D,19830701,000000,1.50796,1.51598,1.50074,1.51598,749003.40683389,0
GLW.US,D,19830705,000000,1.50796,1.50796,1.4859,1.49332,623634.31358422,0
GLW.US,D,19830706,000000,1.4859,1.49332,1.4859,1.4859,565772.1277603,0
GLW.US,D,19830707,000000,1.4859,1.4859,1.46333,1.46333,2256650.8462454,0
GLW.US,D,19830708,000000,1.46333,1.47066,1.44858,1.44858,2886712.5849804,0
GLW.US,D,19830711,000000,1.44858,1.45591,1.44858,1.45591,186448.57552469,0
GLW.US,D,19830712,000000,1.45591,1.45591,1.44858,1.44858,244311.78531311,0
GLW.US,D,19830713,000000,1.44078,1.44078,1.4188,1.4188,916162.53915495,0
GLW.US,D,19830714,000000,1.4188,1.42564,1.40366,1.41108,855083.05687992,0
GLW.US,D,19830715,000000,1.41108,1.4188,1.41108,1.4188,697566.59823169,0
GLW.US,D,19830718,000000,1.4188,1.42564,1.41108,1.42564,353606.68388125,0
GLW.US,D,19830719,000000,1.42564,1.44078,1.42564,1.44078,466116.8309715,0
GLW.US,D,19830720,000000,1.4859,1.4859,1.47066,1.47066,1697312.2874229,0
GLW.US,D,19830721,000000,1.47066,1.47066,1.45591,1.46333,5770210.9454033,0
GLW.US,D,19830722,000000,1.45591,1.46333,1.45591,1.46333,350392.45932364,0
GLW.US,D,19830725,000000,1.45591,1.46333,1.45591,1.46333,311815.62084536,0
GLW.US,D,19830726,000000,1.45591,1.46333,1.44078,1.45591,1334060.8819398,0
GLW.US,D,19830727,000000,1.45591,1.45591,1.42564,1.42564,1613732.2092801,0
GLW.US,D,19830728,000000,1.4188,1.4188,1.38882,1.38882,408253.62118307,0
GLW.US,D,19830729,000000,1.38882,1.38882,1.35873,1.38882,2025201.0789853,0
GLW.US,D,19830801,000000,1.37378,1.37378,1.35131,1.36616,1192617.5940087,0
GLW.US,D,19830802,000000,1.36616,1.37378,1.34389,1.35131,1041528.5605112,0
GLW.US,D,19830803,000000,1.34389,1.34389,1.28423,1.3064,2083059.1689512,0
GLW.US,D,19830804,000000,1.31411,1.31411,1.27651,1.29917,1530148.0352794,0
GLW.US,D,19830805,000000,1.29917,1.31411,1.29155,1.31411,2619901.2277641,0
GLW.US,D,19830808,000000,1.31411,1.32124,1.3064,1.31411,1909475.6833729,0
GLW.US,D,19830809,000000,1.3064,1.3064,1.28423,1.3064,1735887.0779722,0
GLW.US,D,19830810,000000,1.3064,1.32124,1.3064,1.31411,3214602.4005073,0
GLW.US,D,19830811,000000,1.32124,1.34389,1.32124,1.32925,411466.82177618,0
GLW.US,D,19830812,000000,1.32925,1.33638,1.32925,1.33638,646136.95738097,0
GLW.US,D,19830815,000000,1.33638,1.34389,1.32925,1.32925,411466.82177618,0
GLW.US,D,19830816,000000,1.31411,1.34389,1.31411,1.34389,990099.94362489,0
GLW.US,D,19830817,000000,1.34389,1.36616,1.33638,1.36616,1282625.0973022,0
GLW.US,D,19830818,000000,1.36616,1.37378,1.36616,1.37378,919372.66785457,0
GLW.US,D,19830819,000000,1.36616,1.37378,1.33638,1.34389,739360.73316107,0
GLW.US,D,19830822,000000,1.34389,1.35131,1.32925,1.32925,1305127.7410989,0
GLW.US,D,19830823,000000,1.32124,1.32124,1.31411,1.31411,810080.84117992,0
GLW.US,D,19830824,000000,1.31411,1.32124,1.3064,1.3064,504690.59755628,0
GLW.US,D,19830825,000000,1.3064,1.3064,1.29917,1.3064,2073416.4952784,0
GLW.US,D,19830826,000000,1.29917,1.32124,1.29917,1.32124,289318.09687111,0
GLW.US,D,19830829,000000,1.3064,1.31411,1.3064,1.31411,826150.94000346,0
GLW.US,D,19830830,000000,1.31411,1.31411,1.29917,1.29917,228238.61459608,0
GLW.US,D,19830831,000000,1.29917,1.29917,1.28423,1.29917,472551.42387369,0
GLW.US,D,19830901,000000,1.29917,1.3064,1.29917,1.29917,331104.04008449,0
GLW.US,D,19830902,000000,1.3064,1.32925,1.3064,1.32925,540055.25940595,0
GLW.US,D,19830906,000000,1.34389,1.36616,1.34389,1.36616,581841.20261934,0
GLW.US,D,19830907,000000,1.35873,1.35873,1.34389,1.35131,900090.39240242,0
GLW.US,D,19830908,000000,1.35131,1.37378,1.34389,1.37378,1803389.8895399,0
GLW.US,D,19830909,000000,1.36616,1.3813,1.36616,1.3813,321457.27055369,0
GLW.US,D,19830912,000000,1.44078,1.44078,1.4188,1.42564,1996266.9141799,0
GLW.US,D,19830913,000000,1.4188,1.43383,1.40366,1.43383,684709.70000126,0
GLW.US,D,19830914,000000,1.43383,1.45591,1.42564,1.43383,3555352.1861582,0
GLW.US,D,19830915,000000,1.43383,1.43383,1.41108,1.4188,861511.50599514,0
GLW.US,D,19830916,000000,1.42564,1.42564,1.41108,1.42564,1015811.6921567,0
GLW.US,D,19830919,000000,1.42564,1.45591,1.42564,1.44858,588276.81948604,0
GLW.US,D,19830920,000000,1.44078,1.46333,1.44078,1.45591,1697312.2874229,0
GLW.US,D,19830921,000000,1.46333,1.47066,1.45591,1.45591,1472287.8973845,0
GLW.US,D,19830922,000000,1.45591,1.46333,1.45591,1.46333,279672.35130479,0
GLW.US,D,19830923,000000,1.46333,1.46333,1.44078,1.44078,1723026.0838838,0
GLW.US,D,19830926,000000,1.44858,1.44858,1.44078,1.44858,498263.17240556,0
GLW.US,D,19830927,000000,1.43383,1.44078,1.43383,1.44078,498263.17240556,0
GLW.US,D,19830928,000000,1.44078,1.44858,1.43383,1.44078,334317.24067762,0
GLW.US,D,19830929,000000,1.43383,1.44078,1.42564,1.44078,350392.45932364,0
GLW.US,D,19830930,000000,1.44078,1.44858,1.42564,1.43383,546481.66059216,0
GLW.US,D,19831003,000000,1.42564,1.43383,1.41108,1.42564,552908.06177838,0
GLW.US,D,19831004,000000,1.43383,1.43383,1.4188,1.4188,716858.08936431,0
GLW.US,D,19831005,000000,1.42564,1.42564,1.40366,1.41108,1337276.1304619,0
GLW.US,D,19831006,000000,1.40366,1.40366,1.37378,1.38882,626844.44228384,0
GLW.US,D,19831007,000000,1.40366,1.43383,1.40366,1.43383,1433712.0828707,0
GLW.US,D,19831010,000000,1.44078,1.44078,1.42564,1.43383,1761598.826504,0
GLW.US,D,19831011,000000,1.42564,1.42564,1.34389,1.35873,17770319.170137,0
GLW.US,D,19831012,000000,1.36616,1.36616,1.35873,1.36616,774719.25122375,0
GLW.US,D,19831013,000000,1.36616,1.36616,1.35873,1.35873,794005.62253389,0
GLW.US,D,19831014,000000,1.35873,1.36616,1.35873,1.35873,414681.04633378,0
GLW.US,D,19831017,000000,1.35873,1.3813,1.35873,1.37378,6409917.40574,0
GLW.US,D,19831018,000000,1.3813,1.39614,1.36616,1.36616,4902266.8944349,0
GLW.US,D,19831019,000000,1.36616,1.36616,1.35873,1.35873,472551.42387369,0
GLW.US,D,19831020,000000,1.36616,1.3813,1.36616,1.3813,1025458.4616876,0
GLW.US,D,19831021,000000,1.3813,1.3813,1.36616,1.36616,755433.9038781,0
GLW.US,D,19831024,000000,1.36616,1.36616,1.35131,1.36616,511122.11856498,0
GLW.US,D,19831025,000000,1.36616,1.36616,1.34389,1.34389,887228.37434949,0
GLW.US,D,19831026,000000,1.34389,1.34389,1.29155,1.29917,4111476.5204231,0
GLW.US,D,19831027,000000,1.29155,1.29155,1.27651,1.28423,2208431.3340944,0
GLW.US,D,19831028,000000,1.27651,1.27651,1.25433,1.26167,1453004.5979678,0
GLW.US,D,19831031,000000,1.26167,1.27651,1.25433,1.26938,1170116.9981408,0
GLW.US,D,19831101,000000,1.26167,1.26938,1.24681,1.26167,1584794.9725811,0
GLW.US,D,19831102,000000,1.26167,1.26938,1.26167,1.26938,382534.70489972,0
GLW.US,D,19831103,000000,1.26938,1.27651,1.26167,1.26167,2099134.3875973,0
GLW.US,D,19831104,000000,1.24681,1.25433,1.23929,1.24681,315029.84540298,0
GLW.US,D,19831107,000000,1.24681,1.25433,1.24681,1.25433,424322.69604211,0
GLW.US,D,19831108,000000,1.26167,1.26167,1.25433,1.25433,286100.80042001,0
GLW.US,D,19831109,000000,1.26167,1.27651,1.26167,1.27651,642922.73282336,0
GLW.US,D,19831110,000000,1.29155,1.29917,1.28423,1.29155,369681.90252729,0
GLW.US,D,19831111,000000,1.29917,1.32124,1.29917,1.3064,459685.30996279,0
GLW.US,D,19831114,000000,1.3064,1.3064,1.29155,1.29155,276458.12674718,0
GLW.US,D,19831115,000000,1.29155,1.29155,1.25433,1.25433,2481669.092497,0
GLW.US,D,19831116,000000,1.25433,1.25433,1.24681,1.25433,903302.56903102,0
GLW.US,D,19831117,000000,1.24681,1.26167,1.24681,1.25433,4738321.9866715,0
GLW.US,D,19831118,000000,1.25433,1.25433,1.23929,1.24681,1768030.3475128,0
GLW.US,D,19831121,000000,1.25433,1.25433,1.22436,1.23207,1562296.4246425,0
GLW.US,D,19831122,000000,1.23929,1.23929,1.22436,1.23207,7605744.1044837,0
GLW.US,D,19831123,000000,1.23207,1.23929,1.22436,1.23207,433969.46557292,0
GLW.US,D,19831125,000000,1.23207,1.23929,1.22436,1.23207,1777674.0451501,0
GLW.US,D,19831128,000000,1.22436,1.24681,1.22436,1.23929,472551.42387369,0
GLW.US,D,19831129,000000,1.23207,1.25433,1.22436,1.24681,2150567.1003416,0
GLW.US,D,19831130,000000,1.26167,1.28423,1.25433,1.26167,2542750.622701,0
GLW.US,D,19831201,000000,1.26167,1.26167,1.24681,1.24681,540055.25940595,0
GLW.US,D,19831202,000000,1.23929,1.24681,1.23207,1.23207,691139.17308096,0
GLW.US,D,19831205,000000,1.24681,1.24681,1.23207,1.24681,523980.04075991,0
GLW.US,D,19831206,000000,1.24681,1.25433,1.23929,1.24681,286100.80042001,0
GLW.US,D,19831207,000000,1.25433,1.26167,1.24681,1.25433,996528.39274011,0
GLW.US,D,19831208,000000,1.25433,1.25433,1.23207,1.25433,3642145.464894,0
GLW.US,D,19831209,000000,1.24681,1.25433,1.24681,1.25433,2854563.171653,0
GLW.US,D,19831212,000000,1.26167,1.26938,1.25433,1.26167,703997.0952759,0
GLW.US,D,19831213,000000,1.26167,1.26938,1.26167,1.26167,1019030.0125724,0
GLW.US,D,19831214,000000,1.24681,1.26167,1.23929,1.23929,1083321.671476,0
GLW.US,D,19831215,000000,1.23929,1.24681,1.23207,1.23929,1443356.8044725,0
GLW.US,D,19831216,000000,1.23929,1.24681,1.23929,1.24681,180016.03055149,0
GLW.US,D,19831219,000000,1.23929,1.26167,1.23929,1.24681,980453.17409408,0
GLW.US,D,19831220,000000,1.25433,1.25433,1.23929,1.24681,5670558.7205079,0
GLW.US,D,19831221,000000,1.24681,1.24681,1.23207,1.23929,2102347.5881904,0
GLW.US,D,19831222,000000,1.23929,1.24681,1.23207,1.23929,826150.94000346,0
GLW.US,D,19831223,000000,1.23929,1.23929,1.23207,1.23207,533621.69046824,0
GLW.US,D,19831227,000000,1.23929,1.24681,1.23207,1.23929,392179.42650153,0
GLW.US,D,19831228,000000,1.23929,1.23929,1.23207,1.23929,2095917.0911461,0
GLW.US,D,19831229,000000,1.24681,1.26938,1.23207,1.26938,1928761.0307186,0
GLW.US,D,19831230,000000,1.26167,1.26938,1.26167,1.26938,523980.04075991,0
GLW.US,D,19840103,000000,1.26938,1.26938,1.23207,1.23929,800438.16750709,0
GLW.US,D,19840104,000000,1.23929,1.26938,1.23929,1.26938,954739.37763322,0
GLW.US,D,19840105,000000,1.28423,1.31411,1.27651,1.3064,1305127.7410989,0
GLW.US,D,19840106,000000,1.3064,1.31411,1.3064,1.31411,572194.43308854,0
GLW.US,D,19840109,000000,1.3064,1.3064,1.29155,1.29917,311815.62084536,0
GLW.US,D,19840110,000000,1.3064,1.3064,1.29155,1.29155,388965.20194394,0
GLW.US,D,19840111,000000,1.29155,1.3064,1.29155,1.3064,1205475.5162036,0
GLW.US,D,19840112,000000,1.29917,1.3064,1.29917,1.3064,421111.54337801,0
GLW.US,D,19840113,000000,1.3064,1.32124,1.3064,1.31411,877582.62878317,0
GLW.US,D,19840116,000000,1.32925,1.32925,1.31411,1.31411,591486.94818565,0
GLW.US,D,19840117,000000,1.32124,1.35131,1.32124,1.34389,549698.95704326,0
GLW.US,D,19840118,000000,1.33638,1.35131,1.33638,1.34389,315029.84540298,0
GLW.US,D,19840119,000000,1.34389,1.35131,1.32925,1.34389,861511.50599514,0
GLW.US,D,19840120,000000,1.34389,1.34389,1.33638,1.34389,334317.24067762,0
GLW.US,D,19840123,000000,1.33638,1.33638,1.31411,1.31411,273240.83029608,0
GLW.US,D,19840124,000000,1.31411,1.31411,1.29917,1.3064,408253.62118307,0
GLW.US,D,19840125,000000,1.3064,1.3064,1.29917,1.29917,401829.26792584,0
GLW.US,D,19840126,000000,1.3064,1.31411,1.29917,1.31411,1041528.5605112,0
GLW.US,D,19840127,000000,1.3064,1.31411,1.3064,1.3064,1099394.8421931,0
GLW.US,D,19840130,000000,1.3064,1.3064,1.29155,1.29155,768289.77814404,0
GLW.US,D,19840131,000000,1.29155,1.29917,1.28423,1.28423,1488363.1160305,0
GLW.US,D,19840201,000000,1.29155,1.29155,1.24681,1.27651,794005.62253389,0
GLW.US,D,19840202,000000,1.26938,1.27651,1.25433,1.26938,633281.08311504,0
GLW.US,D,19840203,000000,1.27651,1.27651,1.23207,1.23207,610774.3434603,0
GLW.US,D,19840206,000000,1.22436,1.23929,1.22436,1.22436,1154043.8274238,0
GLW.US,D,19840207,000000,1.22436,1.23207,1.22436,1.22436,1501224.1101189,0
GLW.US,D,19840208,000000,1.22436,1.23207,1.20932,1.21713,1125107.6146894,0
GLW.US,D,19840209,000000,1.20932,1.20932,1.20199,1.20932,1723026.0838838,0
GLW.US,D,19840210,000000,1.18705,1.19437,1.16439,1.18705,2767770.9168815,0
GLW.US,D,19840213,000000,1.17953,1.17953,1.17211,1.17953,225020.29418048,0
GLW.US,D,19840214,000000,1.17953,1.19437,1.17211,1.17211,1064032.2282724,0
GLW.US,D,19840215,000000,1.17953,1.17953,1.16439,1.16439,607559.09493819,0
GLW.US,D,19840216,000000,1.16439,1.16439,1.14974,1.15727,726498.71510815,0
GLW.US,D,19840217,000000,1.15727,1.15727,1.14252,1.14974,498263.17240556,0
GLW.US,D,19840221,000000,1.15727,1.15727,1.14252,1.14252,478976.80109542,0
GLW.US,D,19840222,000000,1.14252,1.14252,1.11996,1.11996,575410.70557513,0
GLW.US,D,19840223,000000,1.11996,1.11996,1.08266,1.0977,1019030.0125724,0
GLW.US,D,19840224,000000,1.11282,1.12758,1.10473,1.12758,2269509.7924049,0
GLW.US,D,19840227,000000,1.12758,1.12758,1.11996,1.12758,806865.59265781,0
GLW.US,D,19840228,000000,1.11996,1.11996,1.11282,1.11996,392179.42650153,0
GLW.US,D,19840229,000000,1.12758,1.12758,1.10473,1.11282,1231193.4085224,0
GLW.US,D,19840301,000000,1.10473,1.11282,1.0977,1.0977,2825636.174599,0
GLW.US,D,19840302,000000,1.0977,1.10473,1.0977,1.0977,4776896.7772208,0
GLW.US,D,19840305,000000,1.0977,1.0977,1.09008,1.0977,858298.30540203,0
GLW.US,D,19840306,000000,1.0977,1.0977,1.09008,1.0977,597917.44522987,0
GLW.US,D,19840307,000000,1.0977,1.11282,1.0977,1.11282,675064.97839945,0
GLW.US,D,19840308,000000,1.10473,1.11282,1.10473,1.11282,231450.79122469,0
GLW.US,D,19840309,000000,1.11282,1.12758,1.11282,1.12758,1449782.1816942,0
GLW.US,D,19840312,000000,1.12758,1.1347,1.12758,1.12758,839009.88616289,0
GLW.US,D,19840313,000000,1.1347,1.14974,1.12758,1.14974,716858.08936431,0
GLW.US,D,19840314,000000,1.14252,1.14974,1.12758,1.12758,430756.26497982,0
GLW.US,D,19840315,000000,1.12758,1.1347,1.12758,1.1347,356823.98033235,0
GLW.US,D,19840316,000000,1.14974,1.15727,1.14252,1.15727,1266552.9505497,0
GLW.US,D,19840319,000000,1.14974,1.14974,1.14974,1.14974,1105819.1954503,0
GLW.US,D,19840320,000000,1.15727,1.15727,1.14974,1.14974,440397.91468814,0
GLW.US,D,19840321,000000,1.14974,1.15727,1.14974,1.15727,253955.48295044,0
GLW.US,D,19840322,000000,1.15727,1.16439,1.14974,1.15727,893662.96725169,0
GLW.US,D,19840323,000000,1.15727,1.15727,1.14252,1.14974,443615.21113924,0
GLW.US,D,19840326,000000,1.14974,1.16439,1.14974,1.16439,1623374.8829529,0
GLW.US,D,19840327,000000,1.16439,1.16439,1.14974,1.15727,839009.88616289,0
GLW.US,D,19840328,000000,1.14974,1.17211,1.14974,1.16439,671848.70591284,0
GLW.US,D,19840329,000000,1.21713,1.21713,1.20199,1.21713,1742316.5510518,0
GLW.US,D,19840330,000000,1.20932,1.20932,1.20199,1.20932,623634.31358422,0
GLW.US,D,19840402,000000,1.20199,1.23207,1.20199,1.20932,1334060.8819398,0
GLW.US,D,19840403,000000,1.21713,1.21713,1.20932,1.20932,459685.30996279,0
GLW.US,D,19840404,000000,1.20199,1.20932,1.20199,1.20199,212164.41991455,0
GLW.US,D,19840405,000000,1.19437,1.19437,1.18705,1.18705,668639.60117771,0
GLW.US,D,19840406,000000,1.18705,1.19437,1.17211,1.17953,2044488.47426,0
GLW.US,D,19840409,000000,1.17953,1.18705,1.17953,1.17953,790792.42194078,0
GLW.US,D,19840410,000000,1.17953,1.17953,1.16439,1.16439,951524.12911111,0
GLW.US,D,19840411,000000,1.16439,1.16439,1.15727,1.15727,421111.54337801,0
GLW.US,D,19840412,000000,1.16439,1.17953,1.15727,1.17953,504690.59755628,0
GLW.US,D,19840413,000000,1.20199,1.20199,1.18705,1.19437,533621.69046824,0
GLW.US,D,19840416,000000,1.19437,1.19437,1.18705,1.19437,311815.62084536,0
GLW.US,D,19840417,000000,1.19437,1.20199,1.18705,1.18705,456477.22919216,0
GLW.US,D,19840418,000000,1.18705,1.18705,1.14974,1.15727,7814695.3238052,0
GLW.US,D,19840419,000000,1.15727,1.15727,1.14252,1.14974,260380.86017216,0
GLW.US,D,19840423,000000,1.14252,1.14974,1.1347,1.14252,372894.0791559,0
GLW.US,D,19840424,000000,1.14252,1.14974,1.14252,1.14252,745787.13434728,0
GLW.US,D,19840425,000000,1.14974,1.14974,1.1347,1.1347,327885.71966891,0
GLW.US,D,19840426,000000,1.1347,1.14974,1.1347,1.14974,1472287.8973845,0
GLW.US,D,19840427,000000,1.14974,1.15727,1.14974,1.15727,302171.92320804,0
GLW.US,D,19840430,000000,1.15727,1.15727,1.14974,1.14974,208943.02760546,0
GLW.US,D,19840501,000000,1.15727,1.19437,1.15727,1.19437,626844.44228384,0
GLW.US,D,19840502,000000,1.19437,1.19437,1.18705,1.19437,527194.26531752,0
GLW.US,D,19840503,000000,1.19437,1.19437,1.18705,1.18705,135012.79088699,0
GLW.US,D,19840504,000000,1.18705,1.18705,1.18705,1.18705,257171.75543704,0
GLW.US,D,19840507,000000,1.17211,1.17953,1.17211,1.17953,456477.22919216,0
GLW.US,D,19840508,000000,1.18705,1.20199,1.17953,1.20199,993309.04836002,0
GLW.US,D,19840509,000000,1.20199,1.20199,1.18705,1.19437,675064.97839945,0
GLW.US,D,19840510,000000,1.18705,1.20199,1.17953,1.19437,916162.53915495,0
GLW.US,D,19840511,000000,1.18705,1.18705,1.17211,1.17953,189656.65629531,0
GLW.US,D,19840514,000000,1.17211,1.17953,1.15727,1.16439,607559.09493819,0
GLW.US,D,19840515,000000,1.16439,1.17211,1.15727,1.15727,266811.35721637,0
GLW.US,D,19840516,000000,1.16439,1.17211,1.16439,1.17211,398609.92354575,0
GLW.US,D,19840517,000000,1.16439,1.16439,1.14974,1.15727,2963864.214008,0
GLW.US,D,19840518,000000,1.15727,1.15727,1.1347,1.14974,482192.04961752,0
GLW.US,D,19840521,000000,1.14974,1.14974,1.1347,1.14252,604344.87038058,0
GLW.US,D,19840522,000000,1.1347,1.1347,1.12758,1.1347,623634.31358422,0
GLW.US,D,19840523,000000,1.12758,1.12758,1.11282,1.11282,527194.26531752,0
GLW.US,D,19840524,000000,1.11282,1.11282,1.0977,1.11282,2134498.0254825,0
GLW.US,D,19840525,000000,1.11282,1.12758,1.11282,1.11996,1571942.1702088,0
GLW.US,D,19840529,000000,1.11996,1.12758,1.11282,1.11282,726498.71510815,0
GLW.US,D,19840530,000000,1.11282,1.1347,1.10473,1.12758,1301914.5405057,0
GLW.US,D,19840531,000000,1.10473,1.12758,1.10473,1.11282,784362.94886107,0
GLW.US,D,19840601,000000,1.11282,1.1347,1.11282,1.1347,1517292.1610134,0
GLW.US,D,19840604,000000,1.1347,1.14974,1.1347,1.14974,1481931.5950218,0
GLW.US,D,19840605,000000,1.14252,1.16439,1.14252,1.15727,607559.09493819,0
GLW.US,D,19840606,000000,1.16439,1.18705,1.16439,1.18705,697566.59823169,0
GLW.US,D,19840607,000000,1.18705,1.18705,1.17211,1.17211,186448.57552469,0
GLW.US,D,19840608,000000,1.17953,1.17953,1.16439,1.17953,540055.25940595,0
GLW.US,D,19840611,000000,1.17953,1.17953,1.17211,1.17211,398609.92354575,0
GLW.US,D,19840612,000000,1.17211,1.17211,1.17211,1.17211,163947.97965694,0
GLW.US,D,19840613,000000,1.17211,1.17211,1.16439,1.17211,196093.29712652,0
GLW.US,D,19840614,000000,1.17211,1.17211,1.16439,1.16439,208943.02760546,0
GLW.US,D,19840615,000000,1.16439,1.16439,1.14974,1.14974,478976.80109542,0
GLW.US,D,19840618,000000,1.14252,1.16439,1.14252,1.16439,414681.04633378,0
GLW.US,D,19840619,000000,1.16439,1.17211,1.15727,1.16439,819723.51485274,0
GLW.US,D,19840620,000000,1.16439,1.19437,1.15727,1.19437,758645.05654222,0
GLW.US,D,19840621,000000,1.19437,1.20199,1.18705,1.19437,2664901.3955351,0
GLW.US,D,19840622,000000,1.18705,1.19437,1.17211,1.17211,311815.62084536,0
GLW.US,D,19840625,000000,1.17211,1.18705,1.17211,1.17953,642922.73282336,0
GLW.US,D,19840626,000000,1.17953,1.18705,1.17211,1.17211,411466.82177618,0
GLW.US,D,19840627,000000,1.17211,1.17953,1.17211,1.17211,1626591.1554396,0
GLW.US,D,19840628,000000,1.17211,1.18705,1.17211,1.18705,687928.02041685,0
GLW.US,D,19840629,000000,1.18705,1.20199,1.17953,1.17953,1539790.7089521,0
GLW.US,D,19840702,000000,1.17211,1.17953,1.17211,1.17211,675064.97839945,0
GLW.US,D,19840703,000000,1.17953,1.17953,1.17211,1.17211,2275936.1935911,0
GLW.US,D,19840705,000000,1.17211,1.17211,1.17211,1.17211,893662.96725169,0
GLW.US,D,19840706,000000,1.16439,1.18705,1.16439,1.18705,1195829.7706373,0
GLW.US,D,19840709,000000,1.17211,1.18705,1.17211,1.18705,382534.70489972,0
GLW.US,D,19840710,000000,1.17953,1.17953,1.16439,1.16439,1073675.9259097,0
GLW.US,D,19840711,000000,1.16439,1.16439,1.14252,1.14252,1067249.5247235,0
GLW.US,D,19840712,000000,1.14974,1.15727,1.14252,1.14252,433969.46557292,0
GLW.US,D,19840713,000000,1.14252,1.15727,1.14252,1.14974,247527.03383522,0
GLW.US,D,19840716,000000,1.14974,1.16439,1.14974,1.16439,675064.97839945,0
GLW.US,D,19840717,000000,1.16439,1.18705,1.16439,1.17211,1170116.9981408,0
GLW.US,D,19840718,000000,1.16439,1.16439,1.14974,1.16439,263597.13265876,0
GLW.US,D,19840719,000000,1.16439,1.16439,1.14974,1.15727,311815.62084536,0
GLW.US,D,19840720,000000,1.16439,1.16439,1.12758,1.14252,530410.53780412,0
GLW.US,D,19840723,000000,1.1347,1.14974,1.1347,1.14974,382534.70489972,0
GLW.US,D,19840724,000000,1.14974,1.17211,1.14974,1.16439,1038314.3359535,0
GLW.US,D,19840725,000000,1.17211,1.17211,1.16439,1.17211,761860.30506432,0
GLW.US,D,19840726,000000,1.17953,1.20932,1.17953,1.17953,1404777.9180651,0
GLW.US,D,19840727,000000,1.17953,1.17953,1.17211,1.17953,8489763.3740982,0
GLW.US,D,19840730,000000,1.17953,1.20199,1.17953,1.19437,2407736.8078495,0
GLW.US,D,19840731,000000,1.20199,1.23929,1.20199,1.23207,3320681.0265888,0
GLW.US,D,19840801,000000,1.23207,1.27651,1.22436,1.27651,4015039.54405,0
GLW.US,D,19840802,000000,1.28423,1.29917,1.27651,1.28423,4487582.7762076,0
GLW.US,D,19840803,000000,1.28423,1.32124,1.28423,1.31411,3134238.5948512,0
GLW.US,D,19840806,000000,1.31411,1.33638,1.31411,1.32124,2562034.9460822,0
GLW.US,D,19840807,000000,1.31411,1.32925,1.3064,1.32925,1639447.0297054,0
GLW.US,D,19840808,000000,1.33638,1.35873,1.33638,1.33638,2230932.9539266,0
GLW.US,D,19840809,000000,1.33638,1.33638,1.31411,1.33638,5525900.1840547,0
GLW.US,D,19840810,000000,1.33638,1.34389,1.3064,1.3064,2214860.807174,0
GLW.US,D,19840813,000000,1.3064,1.3064,1.29917,1.3064,765077.60151542,0
GLW.US,D,19840814,000000,1.3064,1.31411,1.29155,1.29917,1240840.1780532,0
GLW.US,D,19840815,000000,1.29917,1.29917,1.29155,1.29155,1957693.1475951,0
GLW.US,D,19840816,000000,1.28423,1.28423,1.27651,1.27651,2533107.9490281,0
GLW.US,D,19840817,000000,1.27651,1.27651,1.26938,1.26938,938668.25484519,0
GLW.US,D,19840820,000000,1.26938,1.27651,1.26938,1.27651,559342.65468059,0
GLW.US,D,19840821,000000,1.27651,1.32124,1.27651,1.3064,1060824.1475017,0
GLW.US,D,19840822,000000,1.33638,1.33638,1.32124,1.33638,1652304.9519004,0
GLW.US,D,19840823,000000,1.33638,1.33638,1.32124,1.32925,951524.12911111,0
GLW.US,D,19840824,000000,1.32925,1.32925,1.3064,1.3064,276458.12674718,0
GLW.US,D,19840827,000000,1.3064,1.3064,1.29155,1.29917,360040.25281896,0
GLW.US,D,19840828,000000,1.29917,1.29917,1.29155,1.29917,1282625.0973022,0
GLW.US,D,19840829,000000,1.29917,1.32124,1.29917,1.32124,4474725.8779772,0
GLW.US,D,19840830,000000,1.31411,1.31411,1.3064,1.3064,2590970.1348522,0
GLW.US,D,19840831,000000,1.3064,1.3064,1.29917,1.3064,1543008.0054033,0
GLW.US,D,19840904,000000,1.29917,1.29917,1.29155,1.29155,1247264.5313104,0
GLW.US,D,19840905,000000,1.29917,1.29917,1.29155,1.29155,1330848.7053112,0
GLW.US,D,19840906,000000,1.29155,1.29917,1.29155,1.29917,3291754.029535,0
GLW.US,D,19840907,000000,1.29917,1.31411,1.29917,1.29917,3773940.9593299,0
GLW.US,D,19840910,000000,1.29917,1.29917,1.27651,1.27651,1105819.1954503,0
GLW.US,D,19840911,000000,1.27651,1.28423,1.26938,1.27651,2365945.7448137,0
GLW.US,D,19840912,000000,1.27651,1.27651,1.26938,1.27651,1186188.1209289,0
GLW.US,D,19840913,000000,1.27651,1.29155,1.26167,1.29155,713642.84084222,0
GLW.US,D,19840914,000000,1.29917,1.3064,1.28423,1.29155,1999480.114773,0
GLW.US,D,19840917,000000,1.28423,1.28423,1.23929,1.25433,5808787.7838815,0
GLW.US,D,19840918,000000,1.25433,1.26167,1.25433,1.26167,1388706.7952771,0
GLW.US,D,19840919,000000,1.26938,1.27651,1.22436,1.24681,3323899.3470045,0
GLW.US,D,19840920,000000,1.25433,1.26938,1.25433,1.26938,1170116.9981408,0
GLW.US,D,19840921,000000,1.26167,1.27651,1.23929,1.25433,851869.85628681,0
GLW.US,D,19840924,000000,1.25433,1.26167,1.25433,1.25433,266811.35721637,0
GLW.US,D,19840925,000000,1.25433,1.26167,1.24681,1.26167,636495.30767264,0
GLW.US,D,19840926,000000,1.25433,1.26938,1.25433,1.26167,2725987.021597,0
GLW.US,D,19840927,000000,1.26167,1.26167,1.23929,1.25433,1076896.2942543,0
GLW.US,D,19840928,000000,1.24681,1.24681,1.23929,1.24681,292527.20160622,0
GLW.US,D,19841001,000000,1.23929,1.24681,1.23929,1.23929,559342.65468059,0
GLW.US,D,19841002,000000,1.23929,1.24681,1.22436,1.22436,884015.17375638,0
GLW.US,D,19841003,000000,1.23207,1.24681,1.21713,1.23207,758645.05654222,0
GLW.US,D,19841004,000000,1.22436,1.22436,1.20199,1.20932,1282625.0973022,0
GLW.US,D,19841005,000000,1.21713,1.21713,1.19437,1.20932,1054390.578564,0
GLW.US,D,19841008,000000,1.20199,1.20932,1.20199,1.20932,70721.131983351,0
GLW.US,D,19841009,000000,1.20932,1.20932,1.20932,1.20932,475760.52860881,0
GLW.US,D,19841010,000000,1.20199,1.20199,1.16439,1.16439,1054390.578564,0
GLW.US,D,19841011,000000,1.16439,1.17211,1.15727,1.17211,1543008.0054033,0
GLW.US,D,19841012,000000,1.17211,1.17953,1.17211,1.17953,1800175.6649823,0
GLW.US,D,19841015,000000,1.17953,1.17953,1.14252,1.14252,4291492.5509746,0
GLW.US,D,19841016,000000,1.14252,1.15727,1.14252,1.14252,3687150.7524876,0
GLW.US,D,19841017,000000,1.14252,1.16439,1.1347,1.16439,694351.34970958,0
GLW.US,D,19841018,000000,1.16439,1.18705,1.16439,1.17953,2086279.5372958,0
GLW.US,D,19841019,000000,1.18705,1.20932,1.17953,1.19437,4114692.7929097,0
GLW.US,D,19841022,000000,1.19437,1.20932,1.19437,1.19437,945092.60810241,0
GLW.US,D,19841023,000000,1.19437,1.20932,1.19437,1.20932,961164.75485495,0
GLW.US,D,19841024,000000,1.20199,1.20932,1.18705,1.18705,855083.05687992,0
GLW.US,D,19841025,000000,1.19437,1.19437,1.17211,1.17211,777935.52371036,0
GLW.US,D,19841026,000000,1.15727,1.16439,1.14974,1.16439,568984.30438892,0
GLW.US,D,19841029,000000,1.15727,1.17211,1.15727,1.16439,771506.05063064,0
GLW.US,D,19841030,000000,1.15727,1.17211,1.15727,1.17211,549698.95704326,0
GLW.US,D,19841031,000000,1.17211,1.17211,1.16439,1.16439,803645.22431322,0
GLW.US,D,19841101,000000,1.16439,1.17211,1.15727,1.15727,350392.45932364,0
GLW.US,D,19841102,000000,1.14974,1.17211,1.14974,1.16439,3767512.5102146,0
GLW.US,D,19841105,000000,1.16439,1.19437,1.15727,1.18705,540055.25940595,0
GLW.US,D,19841106,000000,1.18705,1.21713,1.18705,1.20932,1144401.153751,0
GLW.US,D,19841107,000000,1.21713,1.21713,1.20199,1.21713,1854826.6981421,0
GLW.US,D,19841108,000000,1.20932,1.22436,1.20932,1.21713,1064032.2282724,0
GLW.US,D,19841109,000000,1.20932,1.23207,1.20932,1.23207,1459428.9512251,0
GLW.US,D,19841112,000000,1.23207,1.24681,1.23207,1.24681,2494530.0865854,0
GLW.US,D,19841113,000000,1.24681,1.24681,1.22436,1.23207,401829.26792584,0
GLW.US,D,19841114,000000,1.23207,1.23929,1.23207,1.23929,1536579.556288,0
GLW.US,D,19841115,000000,1.23929,1.24681,1.23929,1.23929,1652304.9519004,0
GLW.US,D,19841116,000000,1.23929,1.26167,1.23929,1.24681,900090.39240242,0
GLW.US,D,19841119,000000,1.23929,1.24681,1.23207,1.23207,1064032.2282724,0
GLW.US,D,19841120,000000,1.23207,1.23929,1.23207,1.23929,1054390.578564,0
GLW.US,D,19841121,000000,1.23929,1.23929,1.21713,1.22436,421111.54337801,0
GLW.US,D,19841123,000000,1.22436,1.23929,1.22436,1.23929,1227975.0881068,0
GLW.US,D,19841126,000000,1.25433,1.25433,1.24681,1.24681,504690.59755628,0
GLW.US,D,19841127,000000,1.23207,1.25433,1.23207,1.25433,324672.51907579,0
GLW.US,D,19841128,000000,1.25433,1.27651,1.25433,1.26167,478976.80109542,0
GLW.US,D,19841129,000000,1.25433,1.26167,1.25433,1.26167,1031889.9826963,0
GLW.US,D,19841130,000000,1.25433,1.26938,1.25433,1.26938,864730.85037523,0
GLW.US,D,19841203,000000,1.26938,1.26938,1.26167,1.26167,774719.25122375,0
GLW.US,D,19841204,000000,1.26167,1.26938,1.26167,1.26938,697566.59823169,0
GLW.US,D,19841205,000000,1.26167,1.27651,1.26167,1.26938,208943.02760546,0
GLW.US,D,19841206,000000,1.26938,1.31411,1.26938,1.3064,1980198.8632853,0
GLW.US,D,19841207,000000,1.29917,1.31411,1.29917,1.29917,777935.52371036,0
GLW.US,D,19841210,000000,1.3064,1.3064,1.28423,1.29155,3661432.8601687,0
GLW.US,D,19841211,000000,1.28423,1.28423,1.28423,1.28423,270025.58177397,0
GLW.US,D,19841212,000000,1.27651,1.28423,1.25433,1.28423,604344.87038058,0
GLW.US,D,19841213,000000,1.28423,1.28423,1.27651,1.28423,324672.51907579,0
GLW.US,D,19841214,000000,1.28423,1.28423,1.26938,1.26938,588276.81948604,0
GLW.US,D,19841217,000000,1.27651,1.27651,1.24681,1.24681,2954219.4924062,0
GLW.US,D,19841218,000000,1.26938,1.26938,1.25433,1.26167,1886974.0635407,0
GLW.US,D,19841219,000000,1.26167,1.26167,1.23929,1.25433,1514077.9364558,0
GLW.US,D,19841220,000000,1.25433,1.25433,1.24681,1.24681,475760.52860881,0
GLW.US,D,19841221,000000,1.24681,1.24681,1.21713,1.21713,810080.84117992,0
GLW.US,D,19841224,000000,1.21713,1.23207,1.21713,1.22436,215376.59654317,0
GLW.US,D,19841226,000000,1.21713,1.24681,1.21713,1.24681,440397.91468814,0
GLW.US,D,19841227,000000,1.24681,1.25433,1.23929,1.24681,459685.30996279,0
GLW.US,D,19841228,000000,1.24681,1.26938,1.24681,1.26167,884015.17375638,0
GLW.US,D,19841231,000000,1.26938,1.29917,1.26938,1.29917,925802.14093428,0
GLW.US,D,19850102,000000,1.29917,1.29917,1.28423,1.29155,617202.79257552,0
GLW.US,D,19850103,000000,1.29155,1.29917,1.28423,1.29155,533621.69046824,0
GLW.US,D,19850104,000000,1.29155,1.29155,1.28423,1.29155,282886.5758624,0
GLW.US,D,19850107,000000,1.28423,1.29917,1.28423,1.29155,417898.34278488,0
GLW.US,D,19850108,000000,1.29155,1.29917,1.28423,1.29155,478976.80109542,0
GLW.US,D,19850109,000000,1.29917,1.3064,1.29155,1.29917,790792.42194078,0
GLW.US,D,19850110,000000,1.29917,1.31411,1.29917,1.3064,1263340.773921,0
GLW.US,D,19850111,000000,1.3064,1.31411,1.3064,1.31411,2311297.7835474,0
GLW.US,D,19850114,000000,1.3064,1.34389,1.3064,1.34389,4175770.2272558,0
GLW.US,D,19850115,000000,1.33638,1.34389,1.32925,1.33638,3597136.0814425,0
GLW.US,D,19850116,000000,1.32925,1.34389,1.32925,1.33638,1485143.7716504,0
GLW.US,D,19850117,000000,1.33638,1.34389,1.33638,1.33638,411466.82177618,0
GLW.US,D,19850118,000000,1.34389,1.34389,1.33638,1.33638,1044742.7850687,0
GLW.US,D,19850121,000000,1.33638,1.37378,1.33638,1.35873,2111993.3337567,0
GLW.US,D,19850122,000000,1.36616,1.37378,1.34389,1.34389,3841449.9146847,0
GLW.US,D,19850123,000000,1.34389,1.36616,1.33638,1.36616,2147354.9237129,0
GLW.US,D,19850124,000000,1.37378,1.39614,1.35131,1.37378,1964120.5727458,0
GLW.US,D,19850125,000000,1.35131,1.37378,1.35131,1.37378,755433.9038781,0
GLW.US,D,19850128,000000,1.37378,1.3813,1.36616,1.3813,626844.44228384,0
GLW.US,D,19850129,000000,1.37378,1.39614,1.37378,1.38882,1240840.1780532,0
GLW.US,D,19850130,000000,1.38882,1.42564,1.38882,1.42564,1845183.0005048,0
GLW.US,D,19850131,000000,1.4188,1.4188,1.41108,1.4188,1028667.5664227,0
GLW.US,D,19850201,000000,1.41108,1.4188,1.40366,1.41108,1289052.5224529,0
GLW.US,D,19850204,000000,1.40366,1.41108,1.40366,1.41108,533621.69046824,0
GLW.US,D,19850205,000000,1.41108,1.42564,1.41108,1.41108,668639.60117771,0
GLW.US,D,19850206,000000,1.41108,1.43383,1.41108,1.42564,687928.02041685,0
GLW.US,D,19850207,000000,1.43383,1.46333,1.43383,1.44858,678281.25088604,0
GLW.US,D,19850208,000000,1.46333,1.47066,1.44858,1.45591,935445.8385716,0
GLW.US,D,19850211,000000,1.45591,1.45591,1.43383,1.43383,585056.45114145,0
GLW.US,D,19850212,000000,1.4188,1.43383,1.41108,1.42564,1125107.6146894,0
GLW.US,D,19850213,000000,1.44078,1.50074,1.44078,1.50074,1571942.1702088,0
GLW.US,D,19850214,000000,1.50074,1.50796,1.47818,1.47818,1567116.225532,0
GLW.US,D,19850215,000000,1.47066,1.47818,1.44858,1.45591,1126718.3108439,0
GLW.US,D,19850219,000000,1.43383,1.46333,1.42564,1.44858,720070.26599293,0
GLW.US,D,19850220,000000,1.46333,1.46333,1.43383,1.44858,687928.02041685,0
GLW.US,D,19850221,000000,1.44078,1.44078,1.41108,1.41108,715250.46510326,0
GLW.US,D,19850222,000000,1.39614,1.42564,1.39614,1.39614,2047705.770711,0
GLW.US,D,19850225,000000,1.39614,1.40366,1.38882,1.38882,1075286.6220642,0
GLW.US,D,19850226,000000,1.39614,1.43383,1.38882,1.42564,777935.52371036,0
GLW.US,D,19850227,000000,1.43383,1.43383,1.42564,1.42564,456477.22919216,0
GLW.US,D,19850228,000000,1.42564,1.42564,1.41108,1.42564,379327.64809359,0
GLW.US,D,19850301,000000,1.44858,1.46333,1.42564,1.44078,1118685.3093612,0
GLW.US,D,19850304,000000,1.44858,1.47066,1.42564,1.44858,916162.53915495,0
GLW.US,D,19850305,000000,1.46333,1.46333,1.40366,1.4188,1338881.706794,0
GLW.US,D,19850306,000000,1.4188,1.4188,1.40366,1.40366,429149.66468326,0
GLW.US,D,19850307,000000,1.40366,1.42564,1.40366,1.40366,549698.95704326,0
GLW.US,D,19850308,000000,1.4188,1.45591,1.4188,1.42564,351999.0596202,0
GLW.US,D,19850311,000000,1.4188,1.43383,1.4188,1.43383,316637.46966403,0
GLW.US,D,19850312,000000,1.44078,1.44078,1.43383,1.44078,593095.59641121,0
GLW.US,D,19850313,000000,1.44858,1.46333,1.4188,1.4188,1925546.8061611,0
GLW.US,D,19850314,000000,1.4188,1.44078,1.4188,1.43383,398609.92354575,0
GLW.US,D,19850315,000000,1.4188,1.43383,1.40366,1.40366,400219.5957358,0
GLW.US,D,19850318,000000,1.43383,1.44078,1.4188,1.43383,366465.63004068,0
GLW.US,D,19850319,000000,1.44078,1.44078,1.4188,1.43383,729716.01155925,0
GLW.US,D,19850320,000000,1.44078,1.44078,1.3813,1.3813,1407995.2145162,0
GLW.US,D,19850321,000000,1.37378,1.37378,1.35131,1.36616,1134752.3362913,0
GLW.US,D,19850322,000000,1.36616,1.3813,1.34389,1.35131,1202262.3156104,0
GLW.US,D,19850325,000000,1.35131,1.36616,1.35131,1.35131,374502.72738144,0
GLW.US,D,19850326,000000,1.35873,1.36616,1.32925,1.33638,626844.44228384,0
GLW.US,D,19850327,000000,1.33638,1.34389,1.31411,1.32925,855083.05687992,0
GLW.US,D,19850328,000000,1.32925,1.35131,1.32925,1.34389,731321.5878913,0
GLW.US,D,19850329,000000,1.34389,1.35131,1.33638,1.35131,459685.30996279,0
GLW.US,D,19850401,000000,1.35131,1.37378,1.35131,1.36616,1436924.2594993,0
GLW.US,D,19850402,000000,1.36616,1.38882,1.36616,1.38882,1412816.0393704,0
GLW.US,D,19850403,000000,1.38882,1.38882,1.36616,1.3813,570592.95261445,0
GLW.US,D,19850404,000000,1.36616,1.3813,1.35131,1.35131,840621.60628193,0
GLW.US,D,19850408,000000,1.35873,1.36616,1.32925,1.32925,757039.48021015,0
GLW.US,D,19850409,000000,1.32124,1.3813,1.32124,1.34389,2211648.6305454,0
GLW.US,D,19850410,000000,1.35131,1.36616,1.35131,1.35873,1166899.7016898,0
GLW.US,D,19850411,000000,1.35131,1.36616,1.35131,1.35131,845439.35924259,0
GLW.US,D,19850412,000000,1.36616,1.36616,1.33638,1.35131,323066.94274374,0
GLW.US,D,19850415,000000,1.36616,1.36616,1.34389,1.34389,474154.95227676,0
GLW.US,D,19850416,000000,1.35131,1.35131,1.33638,1.35131,422722.23953255,0
GLW.US,D,19850417,000000,1.35131,1.35131,1.33638,1.35131,1877326.2700453,0
GLW.US,D,19850418,000000,1.36616,1.37378,1.35131,1.36616,888835.99861054,0
GLW.US,D,19850419,000000,1.36616,1.36616,1.35131,1.35873,4518126.6132032,0
GLW.US,D,19850422,000000,1.36616,1.36616,1.35131,1.36616,380931.17649665,0
GLW.US,D,19850423,000000,1.36616,1.39614,1.35131,1.38882,3846275.8593614,0
GLW.US,D,19850424,000000,1.41108,1.43383,1.40366,1.43383,3998965.3493684,0
GLW.US,D,19850425,000000,1.43383,1.44078,1.4188,1.44078,2947788.9953619,0
GLW.US,D,19850426,000000,1.44858,1.44858,1.4188,1.43383,2219677.5361703,0
GLW.US,D,19850429,000000,1.4188,1.43383,1.4188,1.43383,1051173.2821129,0
GLW.US,D,19850430,000000,1.4188,1.43383,1.4188,1.43383,618814.51269456,0
GLW.US,D,19850501,000000,1.43383,1.47818,1.43383,1.43383,2189140.8669263,0
GLW.US,D,19850502,000000,1.44078,1.46333,1.44078,1.46333,1332454.2816432,0
GLW.US,D,19850503,000000,1.46333,1.46333,1.44078,1.44078,538441.49135791,0
GLW.US,D,19850506,000000,1.44078,1.44078,1.43383,1.44078,628458.21033187,0
GLW.US,D,19850507,000000,1.44078,1.44078,1.43383,1.43383,757039.48021015,0
GLW.US,D,19850508,000000,1.43383,1.43383,1.4188,1.42564,2311297.7835474,0
GLW.US,D,19850509,000000,1.43383,1.47066,1.43383,1.45591,2150567.1003416,0
GLW.US,D,19850510,000000,1.47066,1.47818,1.45591,1.47818,1404777.9180651,0
GLW.US,D,19850513,000000,1.50074,1.50796,1.4859,1.50074,1362989.9269228,0
GLW.US,D,19850514,000000,1.50074,1.50796,1.49332,1.50074,2198788.6604215,0
GLW.US,D,19850515,000000,1.49332,1.50796,1.4859,1.50796,2357909.6714373,0
GLW.US,D,19850516,000000,1.50796,1.52271,1.50074,1.52271,1565510.6492,0
GLW.US,D,19850517,000000,1.52271,1.53795,1.52271,1.53062,2703478.2340133,0
GLW.US,D,19850520,000000,1.54547,1.54547,1.53062,1.53795,1433712.0828707,0
GLW.US,D,19850521,000000,1.53795,1.54547,1.53062,1.54547,1578370.6193239,0
GLW.US,D,19850522,000000,1.54547,1.54547,1.52271,1.54547,1141183.8572999,0
GLW.US,D,19850523,000000,1.54547,1.54547,1.53062,1.53062,1552653.7509696,0
GLW.US,D,19850524,000000,1.53795,1.53795,1.50074,1.51598,2734023.0949734,0
GLW.US,D,19850528,000000,1.51598,1.51598,1.49332,1.49332,715250.46510326,0
GLW.US,D,19850529,000000,1.49332,1.49332,1.4859,1.49332,749003.40683389,0
GLW.US,D,19850530,000000,1.4859,1.51598,1.4859,1.50796,1030279.2865418,0
GLW.US,D,19850531,000000,1.50796,1.54547,1.50796,1.54547,1591223.4216964,0
GLW.US,D,19850603,000000,1.56772,1.56772,1.54547,1.56021,782757.372529,0
GLW.US,D,19850604,000000,1.58286,1.58286,1.56772,1.58286,1372633.6245601,0
GLW.US,D,19850605,000000,1.59761,1.63511,1.59019,1.62037,1768030.3475128,0
GLW.US,D,19850606,000000,1.60523,1.62037,1.59761,1.62037,2203608.4613113,0
GLW.US,D,19850607,000000,1.62037,1.62037,1.59761,1.61246,777935.52371036,0
GLW.US,D,19850610,000000,1.60523,1.61246,1.58286,1.59019,411466.82177618,0
GLW.US,D,19850611,000000,1.58286,1.59761,1.56772,1.58286,495040.75613197,0
GLW.US,D,19850612,000000,1.58286,1.59761,1.56772,1.56772,1015811.6921567,0
GLW.US,D,19850613,000000,1.56021,1.58286,1.51598,1.53062,1581585.867846,0
GLW.US,D,19850614,000000,1.53062,1.53795,1.50074,1.53062,914551.8430004,0
GLW.US,D,19850617,000000,1.50074,1.53062,1.50074,1.53062,392179.42650153,0
GLW.US,D,19850618,000000,1.53062,1.55298,1.53062,1.53795,549698.95704326,0
GLW.US,D,19850619,000000,1.54547,1.54547,1.53062,1.54547,284495.22408794,0
GLW.US,D,19850620,000000,1.53795,1.54547,1.52271,1.53795,1313164.8384397,0
GLW.US,D,19850621,000000,1.53795,1.54547,1.53062,1.54547,2777417.6864123,0
GLW.US,D,19850624,000000,1.54547,1.60523,1.53795,1.60523,3785197.4010508,0
GLW.US,D,19850625,000000,1.61246,1.665,1.61246,1.63511,3871989.6558221,0
GLW.US,D,19850626,000000,1.63511,1.65015,1.63511,1.64264,1525327.2104252,0
GLW.US,D,19850627,000000,1.665,1.70211,1.665,1.70211,3966813.8881119,0
GLW.US,D,19850628,000000,1.70211,1.70211,1.68717,1.69489,1512472.3601237,0
GLW.US,D,19850701,000000,1.68717,1.70211,1.65729,1.69489,683102.07574021,0
GLW.US,D,19850702,000000,1.70211,1.70211,1.67222,1.67222,1988233.9126971,0
GLW.US,D,19850703,000000,1.67222,1.71003,1.67222,1.68717,2518640.3546431,0
GLW.US,D,19850705,000000,1.70211,1.71675,1.69489,1.71675,1398351.516879,0
GLW.US,D,19850708,000000,1.70211,1.71675,1.70211,1.70211,2410951.0324071,0
GLW.US,D,19850709,000000,1.68717,1.71003,1.67974,1.67974,1610516.960758,0
GLW.US,D,19850710,000000,1.67222,1.71675,1.67222,1.71675,1895007.0650235,0
GLW.US,D,19850711,000000,1.72467,1.73199,1.71675,1.73199,2337017.7237952,0
GLW.US,D,19850712,000000,1.73199,1.74704,1.73199,1.74704,1113858.34072,0
GLW.US,D,19850715,000000,1.73971,1.79195,1.73971,1.76949,2147354.9237129,0
GLW.US,D,19850716,000000,1.76949,1.79195,1.76949,1.79195,2049306.2272207,0
GLW.US,D,19850717,000000,1.79938,1.85154,1.79938,1.8442,2558824.8173826,0
GLW.US,D,19850718,000000,1.83688,1.83688,1.8066,1.81432,1338881.706794,0
GLW.US,D,19850719,000000,1.8066,1.83688,1.79938,1.82907,1952866.1789539,0
GLW.US,D,19850722,000000,1.8066,1.82174,1.78413,1.8066,2267900.1202149,0
GLW.US,D,19850723,000000,1.79195,1.82174,1.78413,1.78413,1541404.4770002,0
GLW.US,D,19850724,000000,1.78413,1.79195,1.76949,1.78413,1681236.0448125,0
GLW.US,D,19850725,000000,1.78413,1.79195,1.76949,1.79195,483797.62594957,0
GLW.US,D,19850726,000000,1.77701,1.81432,1.76949,1.8066,940270.75928375,0
GLW.US,D,19850729,000000,1.8066,1.8066,1.78413,1.78413,1080106.4229538,0
GLW.US,D,19850730,000000,1.78413,1.78413,1.75446,1.76198,1541404.4770002,0
GLW.US,D,19850731,000000,1.76949,1.78413,1.76949,1.77701,1494789.5172167,0
GLW.US,D,19850801,000000,1.78413,1.85154,1.78413,1.83688,1911081.2597051,0
GLW.US,D,19850802,000000,1.83688,1.8442,1.82174,1.82907,734537.8603779,0
GLW.US,D,19850805,000000,1.82174,1.82174,1.79195,1.8066,652566.43046068,0
GLW.US,D,19850806,000000,1.79195,1.81432,1.76949,1.76949,721675.84232499,0
GLW.US,D,19850807,000000,1.75446,1.77701,1.73199,1.76949,1088142.4963302,0
GLW.US,D,19850808,000000,1.76949,1.76949,1.75446,1.76949,445220.7874713,0
GLW.US,D,19850809,000000,1.75446,1.77701,1.75446,1.76198,506299.24578182,0
GLW.US,D,19850812,000000,1.76198,1.76198,1.73971,1.75446,385750.97738632,0
GLW.US,D,19850813,000000,1.73199,1.75446,1.73199,1.75446,429149.66468326,0
GLW.US,D,19850814,000000,1.74704,1.75446,1.73199,1.73971,1292268.7949394,0
GLW.US,D,19850815,000000,1.73199,1.73971,1.71675,1.71675,814898.59414059,0
GLW.US,D,19850816,000000,1.68717,1.72467,1.68717,1.71675,904914.28915007,0
GLW.US,D,19850819,000000,1.71675,1.72467,1.71003,1.71675,324672.51907579,0
GLW.US,D,19850820,000000,1.73199,1.76198,1.72467,1.75446,1610516.960758,0
GLW.US,D,19850821,000000,1.76198,1.79195,1.75446,1.79195,6506353.3581488,0
GLW.US,D,19850822,000000,1.79195,1.79195,1.73971,1.75446,1768030.3475128,0
GLW.US,D,19850823,000000,1.75446,1.75446,1.73199,1.73971,417898.34278488,0
GLW.US,D,19850826,000000,1.73971,1.76949,1.72467,1.76198,368069.15844373,0
GLW.US,D,19850827,000000,1.76198,1.78413,1.76198,1.76949,957949.50633284,0
GLW.US,D,19850828,000000,1.76949,1.79195,1.76949,1.78413,2391666.709026,0
GLW.US,D,19850829,000000,1.79938,1.8066,1.79195,1.79938,771506.05063064,0
GLW.US,D,19850830,000000,1.82174,1.82174,1.79195,1.8066,705605.74350144,0
GLW.US,D,19850903,000000,1.79938,1.8066,1.79195,1.79938,867938.93114586,0
GLW.US,D,19850904,000000,1.81432,1.81432,1.79195,1.81432,554514.66207493,0
GLW.US,D,19850905,000000,1.81432,1.81432,1.79938,1.81432,2780634.9828634,0
GLW.US,D,19850906,000000,1.81432,1.85154,1.81432,1.85154,3704828.4755722,0
GLW.US,D,19850909,000000,1.85154,1.8738,1.83688,1.86628,2766165.3405495,0
GLW.US,D,19850910,000000,1.8442,1.85906,1.8442,1.85906,1856434.3224032,0
GLW.US,D,19850911,000000,1.85906,1.88141,1.82907,1.83688,1944833.1774711,0
GLW.US,D,19850912,000000,1.83688,1.83688,1.79938,1.81432,726498.71510815,0
GLW.US,D,19850913,000000,1.81432,1.82907,1.78413,1.79938,840621.60628193,0
GLW.US,D,19850916,000000,1.78413,1.79195,1.76198,1.76198,512727.69489704,0
GLW.US,D,19850917,000000,1.76198,1.76198,1.69489,1.70211,641315.10856231,0
GLW.US,D,19850918,000000,1.67974,1.73199,1.67974,1.73199,1578370.6193239,0
GLW.US,D,19850919,000000,1.73199,1.79938,1.73199,1.79195,1931980.3750987,0
GLW.US,D,19850920,000000,1.78413,1.8066,1.77701,1.79195,660600.45590796,0
GLW.US,D,19850923,000000,1.81432,1.85906,1.81432,1.85906,2931715.8246449,0
GLW.US,D,19850924,000000,1.85906,1.85906,1.81432,1.81432,1608912.4083905,0
GLW.US,D,19850925,000000,1.81432,1.81432,1.79938,1.79938,1472287.8973845,0
GLW.US,D,19850926,000000,1.77701,1.77701,1.75446,1.76949,1506041.8630795,0
GLW.US,D,19850930,000000,1.76949,1.77701,1.76198,1.77701,2155394.0689826,0
GLW.US,D,19851001,000000,1.77701,1.81432,1.76949,1.81432,1663553.2019053,0
GLW.US,D,19851002,000000,1.79938,1.8066,1.79195,1.79195,562556.87923818,0
GLW.US,D,19851003,000000,1.79195,1.79938,1.76198,1.76198,985273.99894825,0
GLW.US,D,19851004,000000,1.69489,1.72467,1.67974,1.69489,4881375.9707571,0
GLW.US,D,19851007,000000,1.70211,1.74704,1.67222,1.74704,1850003.825359,0
GLW.US,D,19851008,000000,1.73971,1.73971,1.71003,1.72467,1817858.5078894,0
GLW.US,D,19851009,000000,1.73199,1.76198,1.72467,1.74704,1658733.4010156,0
GLW.US,D,19851010,000000,1.73971,1.79195,1.61246,1.79195,1314770.4147717,0
GLW.US,D,19851011,000000,1.79195,1.79938,1.77701,1.79195,1086535.8960336,0
GLW.US,D,19851014,000000,1.79938,1.82174,1.79938,1.82174,1372633.6245601,0
GLW.US,D,19851015,000000,1.85154,1.89616,1.85154,1.8738,3262821.9126585,0
GLW.US,D,19851016,000000,1.86628,1.91862,1.86628,1.91862,2545966.8951877,0
GLW.US,D,19851017,000000,1.91862,1.96315,1.91862,1.95641,3598743.7057036,0
GLW.US,D,19851018,000000,1.97819,1.99322,1.96315,1.96315,1743921.1034194,0
GLW.US,D,19851021,000000,1.94148,1.95641,1.92654,1.94148,749003.40683389,0
GLW.US,D,19851022,000000,1.94148,1.96315,1.93356,1.93356,639707.48430126,0
GLW.US,D,19851023,000000,1.94148,1.94148,1.88883,1.9114,1695703.6391973,0
GLW.US,D,19851024,000000,1.9114,1.92654,1.9114,1.9114,3809301.5253217,0
GLW.US,D,19851025,000000,1.91862,2.02331,1.9114,1.96315,4082544.4035467,0
GLW.US,D,19851028,000000,1.95641,1.96315,1.92654,1.94148,2951002.195955,0
GLW.US,D,19851029,000000,1.94148,1.97819,1.92654,1.97819,2137709.1781465,0
GLW.US,D,19851030,000000,1.9862,2.01589,1.9862,1.99322,1711773.7380209,0
GLW.US,D,19851031,000000,2.00836,2.02331,2.00104,2.02331,2626331.7248083,0
GLW.US,D,19851101,000000,2.00836,2.053,2.00836,2.053,2462382.7211868,0
GLW.US,D,19851104,000000,2.04587,2.04587,2.03044,2.03044,994921.79244356,0
GLW.US,D,19851105,000000,2.03044,2.04587,2.02331,2.03826,1663553.2019053,0
GLW.US,D,19851106,000000,2.03826,2.04587,2.02331,2.03826,1444966.4766626,0
GLW.US,D,19851107,000000,2.03826,2.03826,2.02331,2.02331,1227975.0881068,0
GLW.US,D,19851108,000000,2.01589,2.08279,2.00836,2.06765,3055481.3894916,0
GLW.US,D,19851111,000000,2.06765,2.12781,2.06062,2.12781,1388706.7952771,0
GLW.US,D,19851112,000000,2.14295,2.17273,2.14295,2.16502,5795924.7418641,0
GLW.US,D,19851113,000000,2.18016,2.18016,2.14295,2.15027,2944576.8187333,0
GLW.US,D,19851114,000000,2.14295,2.17273,2.11296,2.14295,4191841.3500438,0
GLW.US,D,19851115,000000,2.13513,2.14295,2.10524,2.13513,1433712.0828707,0
GLW.US,D,19851118,000000,2.12029,2.14295,2.11296,2.12781,1324413.0884445,0
GLW.US,D,19851119,000000,2.12781,2.12781,2.10524,2.11296,2449526.8469209,0
GLW.US,D,19851120,000000,2.12781,2.12781,2.10524,2.12029,2248613.7489047,0
GLW.US,D,19851121,000000,2.12781,2.26971,2.12029,2.23963,4294709.8474256,0
GLW.US,D,19851122,000000,2.22459,2.30682,2.21765,2.29969,4367033.4838477,0
GLW.US,D,19851125,000000,2.27723,2.27723,2.25457,2.26239,2118425.8787299,0
GLW.US,D,19851126,000000,2.26239,2.3367,2.25457,2.32195,1653911.552197,0
GLW.US,D,19851127,000000,2.29969,2.42625,2.29969,2.42625,2637579.9748131,0
GLW.US,D,19851129,000000,2.39648,2.4039,2.3367,2.3743,1528540.4110183,0
GLW.US,D,19851202,000000,2.32195,2.32195,2.26239,2.29208,2190748.4911873,0
GLW.US,D,19851203,000000,2.26971,2.31453,2.25457,2.29969,1866076.996076,0
GLW.US,D,19851204,000000,2.30682,2.30682,2.23963,2.29208,1581585.867846,0
GLW.US,D,19851205,000000,2.30682,2.34452,2.29969,2.31453,3053870.693337,0
GLW.US,D,19851206,000000,2.30682,2.34452,2.29208,2.29969,2491318.9339213,0
GLW.US,D,19851209,000000,2.30682,2.34452,2.30682,2.30682,1610516.960758,0
GLW.US,D,19851210,000000,2.3367,2.34452,2.29969,2.3367,1536579.556288,0
GLW.US,D,19851211,000000,2.32947,2.32947,2.26239,2.27723,1788929.4629065,0
GLW.US,D,19851212,000000,2.26239,2.32195,2.26239,2.30682,2050915.8994106,0
GLW.US,D,19851213,000000,2.31453,2.39648,2.30682,2.38924,2219677.5361703,0
GLW.US,D,19851216,000000,2.3743,2.39648,2.36639,2.38153,1025458.4616876,0
GLW.US,D,19851217,000000,2.3743,2.3743,2.31453,2.35164,1821068.636589,0
GLW.US,D,19851218,000000,2.32947,2.35926,2.30682,2.34452,5180326.5016561,0
GLW.US,D,19851219,000000,2.34452,2.4039,2.34452,2.39648,1247264.5313104,0
GLW.US,D,19851220,000000,2.39648,2.41142,2.35926,2.3743,1671593.3711395,0
GLW.US,D,19851223,000000,2.3743,2.39648,2.32947,2.39648,1240840.1780532,0
GLW.US,D,19851224,000000,2.4039,2.4039,2.3743,2.39648,1282625.0973022,0
GLW.US,D,19851226,000000,2.38924,2.38924,2.32947,2.35926,514333.27122909,0
GLW.US,D,19851227,000000,2.34452,2.36639,2.34452,2.35926,798829.51928154,0
GLW.US,D,19851230,000000,2.36639,2.3743,2.35926,2.3743,538441.49135791,0
GLW.US,D,19851231,000000,2.38924,2.39648,2.35926,2.39648,1213516.7094023,0
GLW.US,D,19860102,000000,2.39648,2.39648,2.35926,2.3743,1027063.0140552,0
GLW.US,D,19860103,000000,2.3743,2.38153,2.34452,2.34452,1076896.2942543,0
GLW.US,D,19860106,000000,2.34452,2.35926,2.34452,2.35164,904914.28915007,0
GLW.US,D,19860107,000000,2.38924,2.38924,2.38924,2.38924,893662.96725169,0
GLW.US,D,19860108,000000,2.39648,2.41874,2.31453,2.32947,1867681.5484436,0
GLW.US,D,19860109,000000,2.31453,2.34452,2.29208,2.34452,3687150.7524876,0
GLW.US,D,19860110,000000,2.32947,2.35926,2.32947,2.35926,1795355.8640927,0
GLW.US,D,19860113,000000,2.36639,2.3743,2.3367,2.34452,3094055.1560763,0
GLW.US,D,19860114,000000,2.32947,2.32947,2.30682,2.32947,1465858.4243047,0
GLW.US,D,19860115,000000,2.32947,2.3743,2.32947,2.3743,1538184.1086556,0
GLW.US,D,19860116,000000,2.3743,2.47118,2.3743,2.4414,2370769.6415613,0
GLW.US,D,19860117,000000,2.46366,2.59805,2.46366,2.59091,5027638.0356136,0
GLW.US,D,19860120,000000,2.55341,2.56093,2.52342,2.54589,2247006.1246437,0
GLW.US,D,19860121,000000,2.55341,2.59091,2.53846,2.56093,3071548.4164216,0
GLW.US,D,19860122,000000,2.55341,2.56815,2.53114,2.53114,1888576.5679793,0
GLW.US,D,19860123,000000,2.52342,2.53846,2.49355,2.52342,1739098.2306363,0
GLW.US,D,19860124,000000,2.52342,2.56815,2.52342,2.56815,1236008.0895896,0
GLW.US,D,19860127,000000,2.56815,2.65048,2.56093,2.6206,1162080.9247647,0
GLW.US,D,19860128,000000,2.61309,2.62802,2.57607,2.61309,2028414.2795784,0
GLW.US,D,19860129,000000,2.63534,2.70283,2.6206,2.65048,1952866.1789539,0
GLW.US,D,19860130,000000,2.65048,2.69521,2.62802,2.62802,1303522.1647668,0
GLW.US,D,19860131,000000,2.6206,2.68047,2.61309,2.68047,1361384.3505908,0
GLW.US,D,19860203,000000,2.67275,2.69521,2.65048,2.68047,2356301.0232119,0
GLW.US,D,19860204,000000,2.66523,2.69521,2.59091,2.63534,1187795.7451899,0
GLW.US,D,19860205,000000,2.63534,2.63534,2.61309,2.63534,1083321.671476,0
GLW.US,D,19860206,000000,2.66523,2.68047,2.66523,2.68047,938668.25484519,0
GLW.US,D,19860207,000000,2.65048,2.68769,2.63534,2.68769,832585.53290566,0
GLW.US,D,19860210,000000,2.68769,2.76249,2.68047,2.76249,1996266.9141799,0
GLW.US,D,19860211,000000,2.76249,2.77724,2.71758,2.77724,1599269.7347176,0
GLW.US,D,19860212,000000,2.73251,2.79228,2.73251,2.76982,1226366.4398813,0
GLW.US,D,19860213,000000,2.77724,2.77724,2.70996,2.71758,879191.27700873,0
GLW.US,D,19860214,000000,2.70283,2.73251,2.68047,2.71758,1129934.5833305,0
GLW.US,D,19860218,000000,2.69521,2.71758,2.68047,2.68769,2068599.7662822,0
GLW.US,D,19860219,000000,2.68769,2.68769,2.6206,2.65048,2986361.7379823,0
GLW.US,D,19860220,000000,2.63534,2.66523,2.6206,2.66523,1596047.318444,0
GLW.US,D,19860221,000000,2.68047,2.68047,2.65048,2.68047,2754915.0426155,0
GLW.US,D,19860224,000000,2.67275,2.70283,2.66523,2.68047,2161820.4701688,0
GLW.US,D,19860225,000000,2.69521,2.69521,2.65048,2.68769,856690.68114098,0
GLW.US,D,19860226,000000,2.68047,2.68769,2.63534,2.65791,1115465.9649811,0
GLW.US,D,19860227,000000,2.68769,2.69521,2.65791,2.68047,1327632.4328247,0
GLW.US,D,19860228,000000,2.66523,2.69521,2.65048,2.69521,1351742.7008824,0
GLW.US,D,19860303,000000,2.68769,2.73251,2.66523,2.68769,1059209.3554892,0
GLW.US,D,19860304,000000,2.65791,2.73251,2.65048,2.65791,2423807.9306376,0
GLW.US,D,19860305,000000,2.61309,2.6206,2.57607,2.6206,1245657.9310139,0
GLW.US,D,19860306,000000,2.6206,2.66523,2.61309,2.65791,1009387.3388995,0
GLW.US,D,19860307,000000,2.63534,2.67275,2.63534,2.67275,1642662.2782276,0
GLW.US,D,19860310,000000,2.66523,2.67275,2.65791,2.67275,816508.26633064,0
GLW.US,D,19860311,000000,2.67275,2.71758,2.67275,2.71758,2714731.6038407,0
GLW.US,D,19860312,000000,2.71758,2.80732,2.71758,2.79971,2920464.5027465,0
GLW.US,D,19860313,000000,2.79971,2.9043,2.79228,2.87452,1745527.703716,0
GLW.US,D,19860314,000000,2.88134,2.88134,2.80732,2.85957,2367554.3930392,0
GLW.US,D,19860317,000000,2.85225,2.85957,2.80732,2.80732,744181.55801523,0
GLW.US,D,19860318,000000,2.79971,2.80732,2.76982,2.78486,1573549.7944698,0
GLW.US,D,19860319,000000,2.79971,2.80732,2.75497,2.79971,3600359.5216806,0
GLW.US,D,19860320,000000,2.78486,2.80732,2.76982,2.78486,805256.94443227,0
GLW.US,D,19860321,000000,2.77724,2.80732,2.74003,2.74725,3097266.3087405,0
GLW.US,D,19860324,000000,2.75497,2.76249,2.73251,2.76249,1430495.8103841,0
GLW.US,D,19860325,000000,2.74725,2.74725,2.70283,2.70283,1893401.4886914,0
GLW.US,D,19860326,000000,2.80732,2.80732,2.78486,2.79971,2049306.2272207,0
GLW.US,D,19860327,000000,2.84434,2.96426,2.84434,2.9043,2103958.2843449,0
GLW.US,D,19860331,000000,2.93409,2.98643,2.92657,2.94874,1062424.6040114,0
GLW.US,D,19860401,000000,2.94874,2.95654,2.85957,2.88134,3712860.4530904,0
GLW.US,D,19860402,000000,2.8666,2.88134,2.8295,2.8666,1759994.2741365,0
GLW.US,D,19860403,000000,2.87452,2.94874,2.87452,2.91934,2457568.0401196,0
GLW.US,D,19860404,000000,2.91934,2.91934,2.85957,2.85957,1972158.6940511,0
GLW.US,D,19860407,000000,2.83711,2.88946,2.76982,2.85957,3111732.8791609,0
GLW.US,D,19860408,000000,2.85957,2.98643,2.85225,2.97139,21280658.90095,0
GLW.US,D,19860409,000000,3.0089,3.09103,3.0089,3.06114,7599318.727262,0
GLW.US,D,19860410,000000,3.18029,3.18029,3.09825,3.16553,3089231.2593287,0
GLW.US,D,19860411,000000,3.12071,3.16553,3.08341,3.08341,1469071.6248978,0
GLW.US,D,19860414,000000,3.09103,3.13594,3.08341,3.13594,2050915.8994106,0
GLW.US,D,19860415,000000,3.12804,3.13594,3.11359,3.12071,1510862.6879337,0
GLW.US,D,19860416,000000,3.12804,3.1505,3.12071,3.12071,2298439.8613523,0
GLW.US,D,19860417,000000,3.12071,3.1505,3.06114,3.08341,1682842.6451089,0
GLW.US,D,19860418,000000,3.09825,3.09825,3.03888,3.08341,1478715.3225351,0
GLW.US,D,19860421,000000,3.08341,3.09825,3.06114,3.08341,965986.6036736,0
GLW.US,D,19860422,000000,3.06856,3.07579,2.96426,3.02384,1666769.474392,0
GLW.US,D,19860423,000000,2.97139,2.99376,2.92657,2.98643,1719813.9072552,0
GLW.US,D,19860424,000000,2.96426,3.06856,2.91202,3.06114,4617779.8620629,0
GLW.US,D,19860425,000000,3.06114,3.09103,3.05352,3.08341,3616427.5725752,0
GLW.US,D,19860428,000000,3.08341,3.08341,2.96426,3.00128,1105819.1954503,0
GLW.US,D,19860429,000000,3.03107,3.03888,2.93409,2.95654,1588014.3169613,0
GLW.US,D,19860430,000000,2.97139,2.97139,2.85957,2.87452,1520509.4574645,0
GLW.US,D,19860501,000000,2.87452,2.87452,2.74003,2.76249,2171465.1917706,0
GLW.US,D,19860502,000000,2.76249,2.78486,2.72519,2.75497,2275936.1935911,0
GLW.US,D,19860505,000000,2.76249,2.79971,2.74003,2.78486,2856175.9157363,0
GLW.US,D,19860506,000000,2.76982,2.78486,2.74725,2.76249,1184579.4727033,0
GLW.US,D,19860507,000000,2.73251,2.74725,2.70283,2.72519,1168504.2540574,0
GLW.US,D,19860508,000000,2.72519,2.74725,2.70283,2.73251,1925546.8061611,0
GLW.US,D,19860509,000000,2.73251,2.79971,2.73251,2.79971,1449782.1816942,0
GLW.US,D,19860512,000000,2.80732,2.8295,2.79971,2.79971,961164.75485495,0
GLW.US,D,19860513,000000,2.80732,2.88134,2.79228,2.8666,1285842.3937532,0
GLW.US,D,19860514,000000,2.85957,2.8666,2.8295,2.8666,1187795.7451899,0
GLW.US,D,19860515,000000,2.84434,2.85957,2.79971,2.82218,1060824.1475017,0
GLW.US,D,19860516,000000,2.81456,2.82218,2.79971,2.80732,2316120.6563304,0
GLW.US,D,19860519,000000,2.81456,2.81456,2.78486,2.80732,546481.66059216,0
GLW.US,D,19860520,000000,2.79228,2.87452,2.78486,2.8666,919372.66785457,0
GLW.US,D,19860521,000000,2.83711,2.88134,2.8295,2.85957,859904.90569858,0
GLW.US,D,19860522,000000,2.85225,2.9043,2.85225,2.88134,1502829.686451,0
GLW.US,D,19860523,000000,2.89648,2.92657,2.89648,2.91202,5079072.7962868,0
GLW.US,D,19860527,000000,2.91202,2.92657,2.88134,2.9043,2198788.6604215,0
GLW.US,D,19860528,000000,2.89648,2.89648,2.79971,2.80732,13281125.697775,0
GLW.US,D,19860529,000000,2.78486,2.79228,2.70996,2.71758,4502047.2986991,0
GLW.US,D,19860530,000000,2.70996,2.8295,2.68769,2.82218,5620731.5840958,0
GLW.US,D,19860602,000000,2.78486,2.79971,2.73251,2.74725,2081449.4967611,0
GLW.US,D,19860603,000000,2.76249,2.76249,2.73251,2.76249,1059209.3554892,0
GLW.US,D,19860604,000000,2.76249,2.76982,2.72519,2.75497,2248613.7489047,0
GLW.US,D,19860605,000000,2.76249,2.76982,2.70996,2.72519,1101002.466454,0
GLW.US,D,19860606,000000,2.73251,2.73251,2.68769,2.69521,2247006.1246437,0
GLW.US,D,19860609,000000,2.70283,2.70283,2.65791,2.67275,1464253.8719372,0
GLW.US,D,19860610,000000,2.67275,2.69521,2.60557,2.62802,2129673.1047703,0
GLW.US,D,19860611,000000,2.63534,2.65791,2.59805,2.62802,2706695.5304644,0
GLW.US,D,19860612,000000,2.64296,2.64296,2.60557,2.62802,1610516.960758,0
GLW.US,D,19860613,000000,2.64296,2.75497,2.64296,2.72519,2118425.8787299,0
GLW.US,D,19860616,000000,2.74725,2.75497,2.72519,2.73251,1027063.0140552,0
GLW.US,D,19860617,000000,2.72519,2.73251,2.67275,2.67275,999739.54540423,0
GLW.US,D,19860618,000000,2.67275,2.67275,2.59805,2.64296,1449782.1816942,0
GLW.US,D,19860619,000000,2.65791,2.74003,2.64296,2.73251,1160471.2525745,0
GLW.US,D,19860620,000000,2.72519,2.74003,2.70283,2.73251,1570331.4740542,0
GLW.US,D,19860623,000000,2.73251,2.76982,2.70996,2.74003,1981804.4396174,0
GLW.US,D,19860624,000000,2.74003,2.76982,2.72519,2.75497,1109042.6356883,0
GLW.US,D,19860625,000000,2.76249,2.80732,2.74003,2.76982,4082544.4035467,0
GLW.US,D,19860626,000000,2.82218,2.87452,2.79971,2.87452,2756523.690841,0
GLW.US,D,19860627,000000,2.89648,2.91202,2.8666,2.88134,1893401.4886914,0
GLW.US,D,19860630,000000,2.88134,2.88134,2.84434,2.85225,790792.42194078,0
GLW.US,D,19860701,000000,2.85957,2.87452,2.85225,2.87452,2607040.2336756,0
GLW.US,D,19860702,000000,2.85957,2.88134,2.85225,2.85957,1669988.818772,0
GLW.US,D,19860703,000000,2.85957,2.8666,2.79971,2.82218,866335.40274279,0
GLW.US,D,19860707,000000,2.82218,2.82218,2.72519,2.76249,1543008.0054033,0
GLW.US,D,19860708,000000,2.70283,2.70996,2.66523,2.67275,2738841.8718985,0
GLW.US,D,19860709,000000,2.67275,2.68047,2.65791,2.67275,2348270.069658,0
GLW.US,D,19860710,000000,2.66523,2.67275,2.63534,2.66523,2279153.4900423,0
GLW.US,D,19860711,000000,2.66523,2.66523,2.61309,2.63534,630061.73873494,0
GLW.US,D,19860714,000000,2.60557,2.6206,2.56815,2.56815,1343701.5076837,0
GLW.US,D,19860715,000000,2.54589,2.56093,2.47118,2.47118,3291754.029535,0
GLW.US,D,19860716,000000,2.49355,2.52342,2.4414,2.45634,2030015.7600525,0
GLW.US,D,19860717,000000,2.42625,2.47118,2.42625,2.45634,1305127.7410989,0
GLW.US,D,19860718,000000,2.46366,2.5163,2.42625,2.50087,1931980.3750987,0
GLW.US,D,19860721,000000,2.48622,2.53846,2.4787,2.50087,2152176.7725315,0
GLW.US,D,19860722,000000,2.53114,2.53114,2.45634,2.45634,1162080.9247647,0
GLW.US,D,19860723,000000,2.4787,2.50087,2.45634,2.48622,1014208.1637537,0
GLW.US,D,19860724,000000,2.48622,2.48622,2.38153,2.42625,2537928.7738824,0
GLW.US,D,19860725,000000,2.45634,2.45634,2.41142,2.42625,3166384.9362852,0
GLW.US,D,19860728,000000,2.42625,2.42625,2.38153,2.38153,1149221.9786052,0
GLW.US,D,19860729,000000,2.38924,2.39648,2.32947,2.34452,2473639.1629077,0
GLW.US,D,19860730,000000,2.34452,2.34452,2.29208,2.29969,2862598.2210646,0
GLW.US,D,19860731,000000,2.31453,2.32195,2.28494,2.32195,7956137.5877719,0
GLW.US,D,19860801,000000,2.32195,2.34452,2.31453,2.32195,1866076.996076,0
GLW.US,D,19860804,000000,2.29969,2.30682,2.23963,2.28494,1832322.0064164,0
GLW.US,D,19860805,000000,2.29208,2.29969,2.28494,2.29969,1597656.9906341,0
GLW.US,D,19860806,000000,2.29969,2.35164,2.29969,2.34452,3997356.7011429,0
GLW.US,D,19860807,000000,2.34452,2.44872,2.34452,2.42625,4064864.632533,0
GLW.US,D,19860808,000000,2.44872,2.5163,2.41142,2.44872,3278893.0354465,0
GLW.US,D,19860811,000000,2.4414,2.45634,2.42625,2.45634,1790530.9433805,0
GLW.US,D,19860812,000000,2.4414,2.45634,2.42625,2.44872,2218072.9838027,0
GLW.US,D,19860813,000000,2.4414,2.44872,2.42625,2.4414,2725987.021597,0
GLW.US,D,19860814,000000,2.44872,2.45634,2.43368,2.44872,1290665.2665364,0
GLW.US,D,19860815,000000,2.41142,2.4414,2.35164,2.38153,10008659.063515,0
GLW.US,D,19860818,000000,2.38924,2.38924,2.34452,2.35164,1790530.9433805,0
GLW.US,D,19860819,000000,2.35926,2.3743,2.32947,2.32947,2036451.3769191,0
GLW.US,D,19860820,000000,2.34452,2.35926,2.32947,2.35926,1599269.7347176,0
GLW.US,D,19860821,000000,2.39648,2.39648,2.35926,2.3743,3376942.7559032,0
GLW.US,D,19860822,000000,2.38153,2.41874,2.3743,2.38924,1385492.5707196,0
GLW.US,D,19860825,000000,2.41874,2.41874,2.35164,2.35164,695959.99793513,0
GLW.US,D,19860826,000000,2.35926,2.3743,2.34452,2.35164,5511431.5657052,0
GLW.US,D,19860827,000000,2.35926,2.35926,2.28494,2.28494,4383111.7743871,0
GLW.US,D,19860828,000000,2.26971,2.26971,2.18767,2.26971,7068909.2134225,0
GLW.US,D,19860829,000000,2.28494,2.32195,2.27723,2.29969,4450613.5619904,0
GLW.US,D,19860902,000000,2.18767,2.3367,2.16502,2.18767,5093537.3187782,0
GLW.US,D,19860903,000000,2.18016,2.18767,2.053,2.0906,9823823.2320735,0
GLW.US,D,19860904,000000,2.0906,2.09782,2.06062,2.08279,5181937.1978107,0
GLW.US,D,19860905,000000,2.09782,2.21003,2.09782,2.12781,10432991.999202,0
GLW.US,D,19860908,000000,2.11296,2.19499,2.11296,2.15027,4474725.8779772,0
GLW.US,D,19860909,000000,2.16502,2.18767,2.10524,2.12781,8597452.6963342,0
GLW.US,D,19860910,000000,2.15739,2.15739,2.0906,2.10524,10011877.38393,0
GLW.US,D,19860911,000000,2.08279,2.08279,1.99322,2.02331,7737544.7187421,0
GLW.US,D,19860912,000000,2.00104,2.03826,1.97819,1.97819,6818170.0029586,0
GLW.US,D,19860915,000000,1.99322,2.053,1.94841,1.96315,3155136.6862804,0
GLW.US,D,19860916,000000,1.94841,2.00104,1.9114,1.97819,3622856.0216904,0
GLW.US,D,19860917,000000,1.9862,1.99322,1.96315,1.96315,2978330.7844284,0
GLW.US,D,19860918,000000,1.94148,1.96315,1.93356,1.96315,1850003.825359,0
GLW.US,D,19860919,000000,1.96315,2.00836,1.96315,2.00836,2647222.648486,0
GLW.US,D,19860922,000000,2.02331,2.03044,1.96315,1.96315,3544098.8163308,0
GLW.US,D,19860923,000000,1.96315,1.97145,1.94841,1.96315,3028152.8010182,0
GLW.US,D,19860924,000000,1.97145,1.97145,1.94841,1.94841,2602220.432786,0
GLW.US,D,19860925,000000,1.94841,1.94841,1.85154,1.88883,5302486.4901707,0
GLW.US,D,19860926,000000,1.85906,1.9114,1.85906,1.88883,2904394.403923,0
GLW.US,D,19860929,000000,1.88883,1.88883,1.83688,1.88883,3034583.2980623,0
GLW.US,D,19860930,000000,1.88883,1.90387,1.88141,1.88883,2857779.4441394,0
GLW.US,D,19861001,000000,1.9114,2.00836,1.88883,1.94148,3013690.3264557,0
GLW.US,D,19861002,000000,1.96315,1.97819,1.94841,1.97145,1596047.318444,0
GLW.US,D,19861003,000000,2.00104,2.00836,1.96315,1.9862,2955825.0687383,0
GLW.US,D,19861006,000000,1.97819,1.99322,1.96315,1.97819,1898222.3135457,0
GLW.US,D,19861007,000000,1.97819,1.9862,1.96315,1.97145,1878936.9662,0
GLW.US,D,19861008,000000,1.97145,2.06765,1.96315,2.053,1624981.4832494,0
GLW.US,D,19861009,000000,2.03826,2.053,1.99322,1.99322,3238711.6446006,0
GLW.US,D,19861010,000000,2.00836,2.00836,1.97819,1.99322,930623.98975293,0
GLW.US,D,19861013,000000,1.99322,2.03044,1.99322,2.02331,1364597.5511839,0
GLW.US,D,19861014,000000,2.02331,2.02331,1.96315,1.97819,2920464.5027465,0
GLW.US,D,19861015,000000,1.97145,2.00836,1.97145,1.99322,2584538.6138434,0
GLW.US,D,19861016,000000,2.00104,2.00836,1.9862,2.00104,2110387.7574246,0
GLW.US,D,19861017,000000,2.00836,2.02331,1.99322,2.00836,18483963.034944,0
GLW.US,D,19861020,000000,2.00836,2.00836,1.97819,2.00836,2165035.718691,0
GLW.US,D,19861021,000000,2.00836,2.02331,1.97819,2.02331,1309945.4940595,0
GLW.US,D,19861022,000000,2.00104,2.06765,2.00104,2.06765,3595533.5770039,0
GLW.US,D,19861023,000000,2.08279,2.0906,2.053,2.08279,4018248.648785,0
GLW.US,D,19861024,000000,2.06765,2.08279,2.053,2.053,1322806.488148,0
GLW.US,D,19861027,000000,2.053,2.08279,2.04587,2.08279,1364597.5511839,0
GLW.US,D,19861028,000000,2.08279,2.09782,2.06765,2.09782,2584538.6138434,0
GLW.US,D,19861029,000000,2.09782,2.12781,2.0906,2.12029,1795355.8640927,0
GLW.US,D,19861030,000000,2.12029,2.16502,2.12029,2.15739,7240890.1945622,0
GLW.US,D,19861031,000000,2.15027,2.16502,2.12781,2.12781,2754915.0426155,0
GLW.US,D,19861103,000000,2.13513,2.15027,2.13513,2.15027,1517292.1610134,0
GLW.US,D,19861104,000000,2.16502,2.19499,2.15027,2.16502,2843314.921648,0
GLW.US,D,19861105,000000,2.16502,2.18767,2.15027,2.16502,2073416.4952784,0
GLW.US,D,19861106,000000,2.16502,2.18767,2.15027,2.16502,1689275.1900821,0
GLW.US,D,19861107,000000,2.18016,2.20251,2.17273,2.18016,1853219.0738811,0
GLW.US,D,19861110,000000,2.18767,2.22459,2.18016,2.22459,2489706.1898378,0
GLW.US,D,19861111,000000,2.22459,2.2325,2.21765,2.22459,1020632.5170109,0
GLW.US,D,19861112,000000,2.22459,2.2325,2.18016,2.19499,1940009.2807235,0
GLW.US,D,19861113,000000,2.19499,2.19499,2.09782,2.10524,3269248.3138446,0
GLW.US,D,19861114,000000,2.10524,2.18016,2.09782,2.18016,1880545.6144255,0
GLW.US,D,19861117,000000,2.12781,2.16502,2.12029,2.14295,1534971.932027,0
GLW.US,D,19861118,000000,2.12029,2.12781,2.06765,2.08279,1716592.5149461,0
GLW.US,D,19861119,000000,2.06765,2.10524,2.06765,2.10524,1409599.7668839,0
GLW.US,D,19861120,000000,2.10524,2.12781,2.08279,2.10524,1282625.0973022,0
GLW.US,D,19861121,000000,2.10524,2.12781,2.09782,2.12029,1457823.3748929,0
GLW.US,D,19861124,000000,2.12029,2.15027,2.11296,2.13513,2234147.1784842,0
GLW.US,D,19861125,000000,2.13513,2.15027,2.12029,2.13513,2174676.3444348,0
GLW.US,D,19861126,000000,2.12781,2.15027,2.12029,2.15027,1510862.6879337,0
GLW.US,D,19861128,000000,2.16502,2.17273,2.15027,2.16502,909738.18589772,0
GLW.US,D,19861201,000000,2.17273,2.18016,2.12029,2.17273,1772854.2442603,0
GLW.US,D,19861202,000000,2.18767,2.24754,2.18016,2.24754,7112303.8048614,0
GLW.US,D,19861203,000000,2.24754,2.31453,2.24754,2.28494,4572767.406718,0
GLW.US,D,19861204,000000,2.28494,2.31453,2.27723,2.31453,2512209.857599,0
GLW.US,D,19861205,000000,2.32947,2.32947,2.26971,2.27723,1695703.6391973,0
GLW.US,D,19861208,000000,2.25457,2.26971,2.22459,2.24754,2369163.0412648,0
GLW.US,D,19861209,000000,2.21003,2.24754,2.19499,2.21003,2377202.1865345,0
GLW.US,D,19861210,000000,2.16502,2.21003,2.16502,2.19499,2754915.0426155,0
GLW.US,D,19861211,000000,2.19499,2.24754,2.18016,2.21765,5008348.59241,0
GLW.US,D,19861212,000000,2.21765,2.21765,2.18016,2.21765,1613732.2092801,0
GLW.US,D,19861215,000000,2.20251,2.21003,2.16502,2.20251,1856434.3224032,0
GLW.US,D,19861216,000000,2.21765,2.22459,2.19499,2.22459,2555609.5688604,0
GLW.US,D,19861217,000000,2.21765,2.21765,2.20251,2.21765,1669988.818772,0
GLW.US,D,19861218,000000,2.21003,2.23963,2.21003,2.2325,1714991.034472,0
GLW.US,D,19861219,000000,2.22459,2.24754,2.21765,2.2325,4494014.2972164,0
GLW.US,D,19861222,000000,2.2325,2.2325,2.19499,2.21765,1663553.2019053,0
GLW.US,D,19861223,000000,2.2325,2.2325,2.19499,2.19499,1584794.9725811,0
GLW.US,D,19861224,000000,2.21003,2.21765,2.19499,2.20251,684709.70000126,0
GLW.US,D,19861226,000000,2.19499,2.20251,2.18767,2.19499,507907.89400738,0
GLW.US,D,19861229,000000,2.19499,2.20251,2.18016,2.19499,707210.29586901,0
GLW.US,D,19861230,000000,2.19499,2.19499,2.18016,2.19499,1837144.8791996,0
GLW.US,D,19861231,000000,2.18767,2.19499,2.16502,2.18016,1348523.3565023,0
GLW.US,D,19870102,000000,2.18767,2.21003,2.18016,2.21003,1060824.1475017,0
GLW.US,D,19870105,000000,2.20251,2.24754,2.20251,2.2325,2042881.8739635,0
GLW.US,D,19870106,000000,2.2325,2.27723,2.22459,2.25457,2234147.1784842,0
GLW.US,D,19870107,000000,2.25457,2.26239,2.24754,2.25457,1925546.8061611,0
GLW.US,D,19870108,000000,2.25457,2.27723,2.2325,2.25457,1999480.114773,0
GLW.US,D,19870109,000000,2.25457,2.27723,2.24754,2.25457,2181105.8175144,0
GLW.US,D,19870112,000000,2.25457,2.28494,2.25457,2.27723,1626591.1554396,0
GLW.US,D,19870113,000000,2.28494,2.32195,2.26971,2.30682,1943232.7209616,0
GLW.US,D,19870114,000000,2.35164,2.35164,2.31453,2.3367,5260695.4271348,0
GLW.US,D,19870115,000000,2.32195,2.41142,2.32195,2.36639,8716389.2446106,0
GLW.US,D,19870116,000000,2.3743,2.38153,2.30682,2.3367,4587236.0250675,0
GLW.US,D,19870119,000000,2.32947,2.32947,2.24754,2.26971,6241147.5772644,0
GLW.US,D,19870120,000000,2.26971,2.28494,2.14295,2.14295,6607615.2552341,0
GLW.US,D,19870121,000000,2.12029,2.20251,2.12029,2.18016,9680772.3198812,0
GLW.US,D,19870122,000000,2.18767,2.22459,2.16502,2.20251,4156479.7600876,0
GLW.US,D,19870123,000000,2.2325,2.26239,2.18767,2.21003,5646447.4284856,0
GLW.US,D,19870126,000000,2.20251,2.21003,2.16502,2.18016,2046096.098521,0
GLW.US,D,19870127,000000,2.18016,2.21765,2.18016,2.21003,3024941.648354,0
GLW.US,D,19870128,000000,2.2325,2.23963,2.19499,2.21765,4148444.7106758,0
GLW.US,D,19870129,000000,2.21765,2.2325,2.18767,2.21003,4085760.6760333,0
GLW.US,D,19870130,000000,2.21003,2.21765,2.20251,2.21765,1878936.9662,0
GLW.US,D,19870202,000000,2.21003,2.26971,2.21003,2.2325,2914032.9817379,0
GLW.US,D,19870203,000000,2.2325,2.26239,2.18016,2.18016,4342926.2876833,0
GLW.US,D,19870204,000000,2.19499,2.21765,2.18767,2.21765,1615333.6897542,0
GLW.US,D,19870205,000000,2.26239,2.29208,2.23963,2.26239,4395964.5767596,0
GLW.US,D,19870206,000000,2.26239,2.28494,2.25457,2.26239,1981804.4396174,0
GLW.US,D,19870209,000000,2.26239,2.26239,2.24754,2.24754,2311297.7835474,0
GLW.US,D,19870210,000000,2.24754,2.27723,2.21765,2.2325,1768030.3475128,0
GLW.US,D,19870211,000000,2.2325,2.25457,2.2325,2.25457,1780888.2697077,0
GLW.US,D,19870212,000000,2.26239,2.27723,2.21765,2.23963,1621770.3305853,0
GLW.US,D,19870213,000000,2.24754,2.26971,2.2325,2.26239,2756523.690841,0
GLW.US,D,19870217,000000,2.25457,2.27723,2.25457,2.26239,2319333.8569236,0
GLW.US,D,19870218,000000,2.29208,2.3743,2.27723,2.35926,7932031.4155721,0
GLW.US,D,19870219,000000,2.36639,2.36639,2.30682,2.31453,2197180.012196,0
GLW.US,D,19870220,000000,2.32195,2.32195,2.29969,2.29969,1528540.4110183,0
GLW.US,D,19870223,000000,2.30682,2.30682,2.25457,2.29208,2107171.4849379,0
GLW.US,D,19870224,000000,2.27723,2.30682,2.27723,2.29208,1988233.9126971,0
GLW.US,D,19870225,000000,2.28494,2.39648,2.27723,2.39648,7208744.8770925,0
GLW.US,D,19870226,000000,2.39648,2.39648,2.35164,2.35164,4801003.9733851,0
GLW.US,D,19870227,000000,2.36639,2.38153,2.34452,2.35164,4013425.7760019,0
GLW.US,D,19870302,000000,2.35926,2.35926,2.3367,2.3367,2730804.7745578,0
GLW.US,D,19870303,000000,2.32947,2.34452,2.32195,2.32947,1219940.038695,0
GLW.US,D,19870304,000000,2.32195,2.3367,2.31453,2.32195,4241664.3905979,0
GLW.US,D,19870305,000000,2.30682,2.45634,2.30682,2.41874,11443981.842539,0
GLW.US,D,19870306,000000,2.41874,2.5163,2.38153,2.47118,7928815.1430855,0
GLW.US,D,19870309,000000,2.47118,2.54589,2.42625,2.53114,6496710.6844759,0
GLW.US,D,19870310,000000,2.53114,2.62802,2.53114,2.61309,10584073.864948,0
GLW.US,D,19870311,000000,2.64296,2.66523,2.49355,2.54589,7671647.4835066,0
GLW.US,D,19870312,000000,2.56093,2.57607,2.50087,2.50087,3148702.0933781,0
GLW.US,D,19870313,000000,2.5163,2.66523,2.50849,2.63534,6861572.7861136,0
GLW.US,D,19870316,000000,2.63534,2.66523,2.5831,2.61309,5701095.389752,0
GLW.US,D,19870317,000000,2.60557,2.62802,2.59091,2.61309,2698658.4331237,0
GLW.US,D,19870318,000000,2.61309,2.61309,2.53846,2.54589,2446311.5983988,0
GLW.US,D,19870319,000000,2.54589,2.56815,2.53846,2.54589,2531500.3247672,0
GLW.US,D,19870320,000000,2.56093,2.5831,2.53846,2.54589,3471769.0361219,0
GLW.US,D,19870323,000000,2.54589,2.5831,2.53114,2.56093,3420335.2994132,0
GLW.US,D,19870324,000000,2.56815,2.56815,2.53114,2.53846,5439107.9292833,0
GLW.US,D,19870325,000000,2.53846,2.54589,2.50087,2.52342,3139057.3717763,0
GLW.US,D,19870326,000000,2.5163,2.53114,2.50087,2.50087,1898222.3135457,0
GLW.US,D,19870327,000000,2.50087,2.50849,2.45634,2.45634,2091098.3142211,0
GLW.US,D,19870330,000000,2.35164,2.41142,2.34452,2.39648,4367033.4838477,0
GLW.US,D,19870331,000000,2.42625,2.48622,2.41142,2.47118,2822420.9260768,0
GLW.US,D,19870401,000000,2.43368,2.47118,2.41142,2.47118,5685024.2669639,0
GLW.US,D,19870402,000000,2.50087,2.50849,2.48622,2.48622,1925546.8061611,0
GLW.US,D,19870403,000000,2.48622,2.54589,2.47118,2.53114,3544098.8163308,0
GLW.US,D,19870406,000000,2.56093,2.5831,2.55341,2.56093,2960649.9894504,0
GLW.US,D,19870407,000000,2.57607,2.62802,2.57607,2.57607,4135588.8364099,0
GLW.US,D,19870408,000000,2.61309,2.66523,2.59805,2.63534,4143619.7899637,0
GLW.US,D,19870409,000000,2.63534,2.65048,2.55341,2.59091,2560426.2978566,0
GLW.US,D,19870410,000000,2.54589,2.57607,2.53114,2.55341,1952866.1789539,0
GLW.US,D,19870413,000000,2.53114,2.54589,2.42625,2.47118,2025201.0789853,0
GLW.US,D,19870414,000000,2.4039,2.4414,2.4039,2.43368,4874941.377855,0
GLW.US,D,19870415,000000,2.47118,2.54589,2.4414,2.53114,5202835.2892399,0
GLW.US,D,19870416,000000,2.53114,2.56815,2.5163,2.5163,1287450.0180143,0
GLW.US,D,19870420,000000,2.49355,2.50849,2.47118,2.50087,1107429.8916048,0
GLW.US,D,19870421,000000,2.49355,2.55341,2.45634,2.55341,2518640.3546431,0
GLW.US,D,19870422,000000,2.55341,2.5831,2.50087,2.50849,3624465.6938804,0
GLW.US,D,19870423,000000,2.52342,2.52342,2.47118,2.47118,1695703.6391973,0
GLW.US,D,19870424,000000,2.47118,2.48622,2.4414,2.46366,2174676.3444348,0
GLW.US,D,19870427,000000,2.4414,2.47118,2.3743,2.42625,3098873.9330014,0
GLW.US,D,19870428,000000,2.45634,2.52342,2.43368,2.49355,3508740.2982681,0
GLW.US,D,19870429,000000,2.5163,2.5163,2.48622,2.50087,2148957.4281514,0
GLW.US,D,19870430,000000,2.50849,2.53846,2.50087,2.5163,1612126.6329481,0
GLW.US,D,19870501,000000,2.50849,2.53114,2.50087,2.5163,2590970.1348522,0
GLW.US,D,19870504,000000,2.5163,2.55341,2.5163,2.55341,2314515.0799984,0
GLW.US,D,19870505,000000,2.56093,2.59091,2.54589,2.55341,3384977.805315,0
GLW.US,D,19870506,000000,2.56093,2.56815,2.52342,2.53846,2746876.9213103,0
GLW.US,D,19870507,000000,2.55341,2.56815,2.53114,2.53114,1981804.4396174,0
GLW.US,D,19870508,000000,2.54589,2.54589,2.50087,2.50849,1719813.9072552,0
GLW.US,D,19870511,000000,2.5163,2.54589,2.47118,2.47118,1401565.7414366,0
GLW.US,D,19870512,000000,2.4787,2.48622,2.45634,2.47118,2165035.718691,0
GLW.US,D,19870513,000000,2.46366,2.47118,2.41874,2.44872,1478715.3225351,0
GLW.US,D,19870514,000000,2.4414,2.4414,2.41874,2.43368,2018770.5819411,0
GLW.US,D,19870515,000000,2.42625,2.42625,2.38153,2.38153,1814641.2114383,0
GLW.US,D,19870518,000000,2.38924,2.38924,2.36639,2.38924,2732409.3269253,0
GLW.US,D,19870519,000000,2.38153,2.39648,2.34452,2.35164,2439887.2451416,0
GLW.US,D,19870520,000000,2.32195,2.38153,2.31453,2.36639,2525066.7558295,0
GLW.US,D,19870521,000000,2.38153,2.38153,2.35926,2.35926,1322806.488148,0
GLW.US,D,19870522,000000,2.35926,2.36639,2.35164,2.36639,1020632.5170109,0
GLW.US,D,19870526,000000,2.36639,2.41874,2.36639,2.4039,2206822.6858688,0
GLW.US,D,19870527,000000,2.41142,2.43368,2.41142,2.41142,1903047.2342577,0
GLW.US,D,19870528,000000,2.41142,2.41142,2.36639,2.4039,1512472.3601237,0
GLW.US,D,19870529,000000,2.4039,2.42625,2.4039,2.41142,1179758.6478492,0
GLW.US,D,19870601,000000,2.45634,2.47118,2.43368,2.4414,3251570.5907601,0
GLW.US,D,19870602,000000,2.42625,2.48622,2.4039,2.42625,1996266.9141799,0
GLW.US,D,19870603,000000,2.4414,2.47118,2.4414,2.45634,1843573.3283148,0
GLW.US,D,19870604,000000,2.46366,2.47118,2.4414,2.46366,827759.58822901,0
GLW.US,D,19870605,000000,2.46366,2.47118,2.45634,2.46366,946703.30425695,0
GLW.US,D,19870608,000000,2.44872,2.47118,2.4414,2.47118,636495.30767264,0
GLW.US,D,19870609,000000,2.48622,2.48622,2.4414,2.4787,940270.75928375,0
GLW.US,D,19870610,000000,2.47118,2.53114,2.45634,2.5163,1796956.3206022,0
GLW.US,D,19870611,000000,2.5163,2.53114,2.50849,2.5163,1258515.8532088,0
GLW.US,D,19870612,000000,2.53114,2.56815,2.53114,2.56093,2500963.6555232,0
GLW.US,D,19870615,000000,2.59805,2.62802,2.59091,2.6206,4579196.8797977,0
GLW.US,D,19870616,000000,2.60557,2.63534,2.59805,2.61309,1801783.2892434,0
GLW.US,D,19870617,000000,2.6206,2.6206,2.59091,2.59805,1694092.9430428,0
GLW.US,D,19870618,000000,2.59091,2.6206,2.57607,2.60557,826150.94000346,0
GLW.US,D,19870619,000000,2.60557,2.62802,2.60557,2.61309,1769638.9957383,0
GLW.US,D,19870622,000000,2.61309,2.70996,2.61309,2.67275,3600359.5216806,0
GLW.US,D,19870623,000000,2.66523,2.67275,2.62802,2.62802,3248356.3662025,0
GLW.US,D,19870624,000000,2.6206,2.64296,2.60557,2.6206,1215121.2617699,0
GLW.US,D,19870625,000000,2.64296,2.65048,2.6206,2.62802,646136.95738097,0
GLW.US,D,19870626,000000,2.6206,2.62802,2.56815,2.59091,1976977.4709761,0
GLW.US,D,19870629,000000,2.60557,2.60557,2.59091,2.59805,945092.60810241,0
GLW.US,D,19870630,000000,2.59805,2.60557,2.56815,2.56815,2161820.4701688,0
GLW.US,D,19870701,000000,2.5831,2.5831,2.50087,2.5163,3098873.9330014,0
GLW.US,D,19870702,000000,2.52342,2.54589,2.5163,2.53846,1758386.6498754,0
GLW.US,D,19870706,000000,2.56093,2.56093,2.54589,2.55341,925802.14093428,0
GLW.US,D,19870707,000000,2.56093,2.56815,2.55341,2.56093,2039664.5775122,0
GLW.US,D,19870708,000000,2.56093,2.56093,2.53846,2.55341,1829108.8058233,0
GLW.US,D,19870709,000000,2.53846,2.54589,2.50849,2.53114,1954478.9230374,0
GLW.US,D,19870710,000000,2.53846,2.53846,2.49355,2.5163,609168.76712824,0
GLW.US,D,19870713,000000,2.5163,2.5163,2.4787,2.50087,1293876.4192005,0
GLW.US,D,19870714,000000,2.4787,2.50087,2.47118,2.50087,2375590.4664154,0
GLW.US,D,19870715,000000,2.4787,2.5163,2.47118,2.5163,2531500.3247672,0
GLW.US,D,19870716,000000,2.52342,2.52342,2.50849,2.5163,813293.01780853,0
GLW.US,D,19870717,000000,2.5163,2.54589,2.5163,2.53846,2637579.9748131,0
GLW.US,D,19870720,000000,2.53846,2.55341,2.5163,2.5163,879191.27700873,0
GLW.US,D,19870721,000000,2.5163,2.74725,2.5163,2.65048,11450412.339584,0
GLW.US,D,19870722,000000,2.70996,2.74003,2.65048,2.65048,5098354.0477744,0
GLW.US,D,19870723,000000,2.65048,2.68769,2.65048,2.68769,2452744.1433721,0
GLW.US,D,19870724,000000,2.67275,2.67275,2.63534,2.66523,1588014.3169613,0
GLW.US,D,19870727,000000,2.66523,2.68047,2.65048,2.68047,1422464.8568303,0
GLW.US,D,19870728,000000,2.68769,2.70996,2.68047,2.68769,1608912.4083905,0
GLW.US,D,19870729,000000,2.70996,2.76249,2.69521,2.74725,3450871.9686572,0
GLW.US,D,19870730,000000,2.74725,2.76982,2.72519,2.74725,3401048.928103,0
GLW.US,D,19870731,000000,2.74725,2.78486,2.70996,2.72519,1317984.6393292,0
GLW.US,D,19870803,000000,2.68769,2.71758,2.68047,2.69521,2446311.5983988,0
GLW.US,D,19870804,000000,2.68769,2.69521,2.63534,2.65048,1866076.996076,0
GLW.US,D,19870805,000000,2.65791,2.78486,2.65048,2.72519,3119774.0723596,0
GLW.US,D,19870806,000000,2.76982,2.88946,2.76249,2.88946,11067878.658649,0
GLW.US,D,19870807,000000,2.91202,2.98643,2.88134,2.89648,7285896.5061201,0
GLW.US,D,19870810,000000,2.88134,2.88134,2.80732,2.81456,4387936.6950993,0
GLW.US,D,19870811,000000,2.85957,2.92657,2.85957,2.91202,7264999.4386554,0
GLW.US,D,19870812,000000,2.93409,2.98643,2.92657,2.97139,6069169.6680182,0
GLW.US,D,19870813,000000,3.0462,3.09103,3.01632,3.03888,11435947.817093,0
GLW.US,D,19870814,000000,3.00128,3.03107,2.97139,2.9791,4150046.1911498,0
GLW.US,D,19870817,000000,2.97139,2.98643,2.91934,2.9416,2682585.2624066,0
GLW.US,D,19870818,000000,2.92657,2.92657,2.85957,2.89648,3050654.4208504,0
GLW.US,D,19870819,000000,2.88134,2.89648,2.8666,2.89648,2986361.7379823,0
GLW.US,D,19870820,000000,2.91934,2.91934,2.88946,2.89648,2351484.2942157,0
GLW.US,D,19870821,000000,2.88946,2.88946,2.8295,2.8295,3835020.4416049,0
GLW.US,D,19870824,000000,2.8666,2.91934,2.83711,2.89648,4222379.0432523,0
GLW.US,D,19870825,000000,2.94874,2.98643,2.9416,2.97139,4797794.8686499,0
GLW.US,D,19870826,000000,3.0089,3.0462,3.00128,3.03107,5487323.3455763,0
GLW.US,D,19870827,000000,3.03107,3.08341,2.98643,3.00128,6106139.9061999,0
GLW.US,D,19870828,000000,3.03107,3.03107,2.95654,2.96426,2111993.3337567,0
GLW.US,D,19870831,000000,2.95654,2.9791,2.9416,2.95654,1565510.6492,0
GLW.US,D,19870901,000000,2.94874,2.95654,2.82218,2.88134,1486754.4678049,0
GLW.US,D,19870902,000000,2.8666,2.9043,2.81456,2.82218,3835020.4416049,0
GLW.US,D,19870903,000000,2.84434,2.92657,2.8295,2.91202,6700838.0070497,0
GLW.US,D,19870904,000000,2.9043,2.91202,2.82218,2.83711,3658217.6116466,0
GLW.US,D,19870908,000000,2.81456,2.81456,2.75497,2.79228,3086014.9868421,0
GLW.US,D,19870909,000000,2.79228,2.82218,2.77724,2.81456,2314515.0799984,0
GLW.US,D,19870910,000000,2.8295,2.84434,2.80732,2.84434,2041275.2736668,0
GLW.US,D,19870911,000000,2.8295,2.85957,2.8295,2.84434,1478715.3225351,0
GLW.US,D,19870914,000000,2.84434,2.85225,2.79971,2.8295,1297093.7156516,0
GLW.US,D,19870915,000000,2.83711,2.83711,2.77724,2.80732,1755174.4732468,0
GLW.US,D,19870916,000000,2.79971,2.84434,2.78486,2.81456,2701872.6576813,0
GLW.US,D,19870917,000000,2.82218,2.83711,2.79971,2.81456,1554261.3752306,0
GLW.US,D,19870918,000000,2.79971,2.81456,2.78486,2.78486,1748743.9762026,0
GLW.US,D,19870921,000000,2.79971,2.79971,2.68769,2.68769,2068599.7662822,0
GLW.US,D,19870922,000000,2.71758,2.73251,2.67275,2.72519,2642398.7517383,0
GLW.US,D,19870923,000000,2.72519,2.81456,2.68769,2.81456,4818695.0080081,0
GLW.US,D,19870924,000000,2.79971,2.88946,2.79971,2.85957,3333548.1644643,0
GLW.US,D,19870925,000000,2.84434,2.8666,2.8295,2.85225,810080.84117992,0
GLW.US,D,19870928,000000,2.87452,2.88946,2.79971,2.84434,1465858.4243047,0
GLW.US,D,19870929,000000,2.83711,2.83711,2.79971,2.83711,1850003.825359,0
GLW.US,D,19870930,000000,2.82218,2.88946,2.81456,2.87452,2541139.9265464,0
GLW.US,D,19871001,000000,2.87452,2.92657,2.8666,2.91202,2071812.9668753,0
GLW.US,D,19871002,000000,2.88946,2.9043,2.87452,2.88946,909738.18589772,0
GLW.US,D,19871005,000000,2.87452,2.9043,2.85957,2.87452,1543008.0054033,0
GLW.US,D,19871006,000000,2.85225,2.88134,2.76982,2.76982,2218072.9838027,0
GLW.US,D,19871007,000000,2.76982,2.77724,2.70996,2.76982,2238972.0991963,0
GLW.US,D,19871008,000000,2.77724,2.80732,2.74003,2.76982,1943232.7209616,0
GLW.US,D,19871009,000000,2.76982,2.76982,2.70283,2.70996,1223156.3111817,0
GLW.US,D,19871012,000000,2.69521,2.70283,2.65791,2.69521,1694092.9430428,0
GLW.US,D,19871013,000000,2.72519,2.76249,2.70996,2.74003,2171465.1917706,0
GLW.US,D,19871014,000000,2.70996,2.72519,2.61309,2.62802,5140147.1587393,0
GLW.US,D,19871015,000000,2.59091,2.65791,2.56093,2.5831,3847880.4117289,0
GLW.US,D,19871016,000000,2.59805,2.61309,2.3367,2.4414,5709133.5110573,0
GLW.US,D,19871019,000000,2.3367,2.3367,1.69489,1.69489,8292068.5964976,0
GLW.US,D,19871020,000000,1.8738,1.96315,1.67222,1.74704,11411837.549035,0
GLW.US,D,19871021,000000,1.93356,1.99322,1.8738,1.92654,6303831.611907,0
GLW.US,D,19871022,000000,1.77701,1.93356,1.77701,1.88141,4817084.3118536,0
GLW.US,D,19871023,000000,1.81432,2.02331,1.81432,1.96315,4138801.0130385,0
GLW.US,D,19871026,000000,1.88141,1.90387,1.79195,1.82174,4932807.6595369,0
GLW.US,D,19871027,000000,1.8442,1.8738,1.74704,1.77701,4960130.1042233,0
GLW.US,D,19871028,000000,1.72467,1.83688,1.70211,1.74704,3577847.6622034,0
GLW.US,D,19871029,000000,1.75446,1.89616,1.75446,1.8442,2970293.6870877,0
GLW.US,D,19871030,000000,1.89616,2.12029,1.89616,1.94841,2930108.2003839,0
GLW.US,D,19871102,000000,1.8738,1.92654,1.86628,1.89616,3319076.4742213,0
GLW.US,D,19871103,000000,1.8738,1.89616,1.81432,1.88141,2182709.3459175,0
GLW.US,D,19871104,000000,1.83688,1.92654,1.83688,1.85154,3024941.648354,0
GLW.US,D,19871105,000000,1.83688,2.01589,1.83688,1.97819,3716080.821435,0
GLW.US,D,19871106,000000,1.9862,2.01589,1.89616,1.90387,2332193.8270475,0
GLW.US,D,19871109,000000,1.86628,1.91862,1.86628,1.88141,2533107.9490281,0
GLW.US,D,19871110,000000,1.86628,1.9114,1.85154,1.86628,2976717.0163804,0
GLW.US,D,19871111,000000,1.90387,1.95641,1.88141,1.88141,2063772.7976411,0
GLW.US,D,19871112,000000,1.95641,1.9862,1.89616,1.92654,2108783.205057,0
GLW.US,D,19871113,000000,1.95641,1.95641,1.8738,1.8738,1255303.6765802,0
GLW.US,D,19871116,000000,1.93356,1.94841,1.89616,1.89616,2038059.0011802,0
GLW.US,D,19871117,000000,1.88883,1.91862,1.88141,1.89616,2894745.5864633,0
GLW.US,D,19871118,000000,1.89616,1.92654,1.89616,1.91862,1724640.8758963,0
GLW.US,D,19871119,000000,1.90387,1.93356,1.89616,1.90387,1875721.7176778,0
GLW.US,D,19871120,000000,1.8738,1.90387,1.8738,1.88141,2070205.3426143,0
GLW.US,D,19871123,000000,1.8738,1.93356,1.8738,1.93356,1567116.225532,0
GLW.US,D,19871124,000000,1.93356,2.01589,1.93356,1.9862,3042620.3954031,0
GLW.US,D,19871125,000000,1.97819,2.03826,1.95641,2.02331,2266294.5438829,0
GLW.US,D,19871127,000000,2.00836,2.00836,1.97819,1.97819,715250.46510326,0
GLW.US,D,19871130,000000,1.94841,1.94841,1.8738,1.91862,2595790.9597063,0
GLW.US,D,19871201,000000,1.93356,1.95641,1.88141,1.88883,1123505.1102508,0
GLW.US,D,19871202,000000,1.88141,1.9114,1.8738,1.88141,1371028.0482281,0
GLW.US,D,19871203,000000,1.88141,1.90387,1.86628,1.8738,2840098.6491614,0
GLW.US,D,19871204,000000,1.85906,1.8738,1.8442,1.85154,3439627.8145103,0
GLW.US,D,19871207,000000,1.88141,1.90387,1.86628,1.89616,9557010.8508926,0
GLW.US,D,19871208,000000,1.89616,2.02331,1.88141,1.9862,10752845.741353,0
GLW.US,D,19871209,000000,1.96315,2.01589,1.95641,1.97819,2248613.7489047,0
GLW.US,D,19871210,000000,1.9114,1.99322,1.9114,1.94841,2378804.6909731,0
GLW.US,D,19871211,000000,1.9114,1.99322,1.9114,1.9862,1072075.4694002,0
GLW.US,D,19871214,000000,1.97819,2.21003,1.97819,2.03044,3142269.548405,0
GLW.US,D,19871215,000000,2.11296,2.11296,2.04587,2.07576,2811170.628143,0
GLW.US,D,19871216,000000,2.06765,2.0906,2.04587,2.08279,1547831.902151,0
GLW.US,D,19871217,000000,2.07576,2.08279,2.04587,2.04587,2280759.0663743,0
GLW.US,D,19871218,000000,2.04587,2.04587,2.02331,2.02331,2722768.7011815,0
GLW.US,D,19871221,000000,2.02331,2.04587,2.01589,2.02331,1137970.6567068,0
GLW.US,D,19871222,000000,2.03826,2.03826,1.99322,2.02331,1633016.5326613,0
GLW.US,D,19871223,000000,2.02331,2.03826,2.00104,2.02331,2459169.5205938,0
GLW.US,D,19871224,000000,2.02331,2.02331,1.97145,1.9862,768289.77814404,0
GLW.US,D,19871228,000000,1.97819,1.97819,1.9114,1.94841,1679632.5164094,0
GLW.US,D,19871229,000000,1.93356,1.97819,1.91862,1.97819,1099394.8421931,0
GLW.US,D,19871230,000000,1.95641,1.99322,1.93356,1.94841,1488363.1160305,0
GLW.US,D,19871231,000000,1.93356,1.93356,1.88141,1.89616,1972158.6940511,0
GLW.US,D,19880104,000000,1.9114,1.97819,1.9114,1.97819,1197438.4188628,0
GLW.US,D,19880105,000000,2.02331,2.04587,2.00104,2.02331,1993053.7135868,0
GLW.US,D,19880106,000000,2.02331,2.053,2.02331,2.04587,1567116.225532,0
GLW.US,D,19880107,000000,2.02331,2.04587,2.01589,2.04587,977238.94953647,0
GLW.US,D,19880108,000000,2.053,2.06062,1.93356,1.93356,3680719.2314788,0
GLW.US,D,19880111,000000,1.96315,1.97819,1.82174,1.9114,2282366.6906354,0
GLW.US,D,19880112,000000,1.88141,1.93356,1.8442,1.91862,1782497.9418978,0
GLW.US,D,19880113,000000,1.89616,1.94148,1.85906,1.89616,1800175.6649823,0
GLW.US,D,19880114,000000,1.9114,1.92654,1.9114,1.92654,1015811.6921567,0
GLW.US,D,19880115,000000,1.97819,2.02331,1.94841,1.9862,1882149.1428286,0
GLW.US,D,19880118,000000,1.99322,2.00836,1.97819,1.9862,1268162.6227397,0
GLW.US,D,19880119,000000,1.97819,1.9862,1.95641,1.96315,1343701.5076837,0
GLW.US,D,19880120,000000,1.93356,1.94841,1.91862,1.91862,1555871.0474207,0
GLW.US,D,19880121,000000,1.93356,1.93356,1.88141,1.91862,1965729.2209714,0
GLW.US,D,19880122,000000,1.92654,1.96315,1.92654,1.94148,732930.23611686,0
GLW.US,D,19880125,000000,1.94841,2.06765,1.94148,2.06765,2785451.7118595,0
GLW.US,D,19880126,000000,2.053,2.13513,2.04587,2.12029,4060041.75975,0
GLW.US,D,19880127,000000,2.11296,2.12781,2.06062,2.0906,2341840.5965783,0
GLW.US,D,19880128,000000,2.0906,2.09782,2.07576,2.08279,1448174.5574331,0
GLW.US,D,19880129,000000,2.0906,2.12029,2.07576,2.11296,986886.74303179,0
GLW.US,D,19880201,000000,2.12029,2.13513,2.10524,2.10524,1252087.4040937,0
GLW.US,D,19880202,000000,2.10524,2.21765,2.10524,2.18767,1854826.6981421,0
GLW.US,D,19880203,000000,2.15027,2.19499,2.13513,2.15027,1822679.3327436,0
GLW.US,D,19880204,000000,2.15027,2.22459,2.15027,2.21765,3071548.4164216,0
GLW.US,D,19880205,000000,2.2325,2.2325,2.15027,2.15739,2084670.8890703,0
GLW.US,D,19880208,000000,2.13513,2.15027,2.07576,2.13513,2033237.1523615,0
GLW.US,D,19880209,000000,2.13513,2.17273,2.11296,2.16502,821331.1391138,0
GLW.US,D,19880210,000000,2.17273,2.21765,2.17273,2.21765,2828850.3991565,0
GLW.US,D,19880211,000000,2.20251,2.21003,2.15027,2.15739,1453004.5979678,0
GLW.US,D,19880212,000000,2.18767,2.21765,2.17273,2.21765,1248872.1555715,0
GLW.US,D,19880216,000000,2.20251,2.22459,2.20251,2.21765,1244052.3546818,0
GLW.US,D,19880217,000000,2.2325,2.30682,2.22459,2.27723,4069687.5053163,0
GLW.US,D,19880218,000000,2.25457,2.29208,2.24754,2.26239,1795355.8640927,0
GLW.US,D,19880219,000000,2.25457,2.31453,2.24754,2.30682,1581585.867846,0
GLW.US,D,19880222,000000,2.29969,2.31453,2.26971,2.29969,1563906.0968324,0
GLW.US,D,19880223,000000,2.28494,2.29969,2.27723,2.28494,882405.50156633,0
GLW.US,D,19880224,000000,2.27723,2.3367,2.27723,2.32947,2394882.9815126,0
GLW.US,D,19880225,000000,2.30682,2.35926,2.28494,2.28494,2971899.2634198,0
GLW.US,D,19880226,000000,2.27723,2.29208,2.26239,2.28494,1197438.4188628,0
GLW.US,D,19880229,000000,2.28494,2.3743,2.28494,2.35926,1353347.25325,0
GLW.US,D,19880301,000000,2.35926,2.35926,2.31453,2.3367,956345.97792977,0
GLW.US,D,19880302,000000,2.3367,2.3367,2.30682,2.32195,1218332.414434,0
GLW.US,D,19880303,000000,2.30682,2.32195,2.29969,2.30682,932237.75780097,0
GLW.US,D,19880304,000000,2.29969,2.29969,2.24754,2.28494,948308.88058902,0
GLW.US,D,19880307,000000,2.28494,2.28494,2.24754,2.26239,1015811.6921567,0
GLW.US,D,19880308,000000,2.26239,2.28494,2.23963,2.28494,1342096.9553161,0
GLW.US,D,19880309,000000,2.27723,2.28494,2.26239,2.28494,622026.68932317,0
GLW.US,D,19880310,000000,2.24754,2.29208,2.23963,2.23963,1083321.671476,0
GLW.US,D,19880311,000000,2.24754,2.24754,2.21765,2.24754,1205475.5162036,0
GLW.US,D,19880314,000000,2.24754,2.24754,2.2325,2.24754,667026.85709417,0
GLW.US,D,19880315,000000,2.24754,2.24754,2.21003,2.21765,792402.09413083,0
GLW.US,D,19880316,000000,2.21003,2.2325,2.20251,2.2325,927408.74123083,0
GLW.US,D,19880317,000000,2.2325,2.26239,2.2325,2.26239,1150825.5070082,0
GLW.US,D,19880318,000000,2.29969,2.30682,2.26971,2.29969,2650440.9689015,0
GLW.US,D,19880321,000000,2.29969,2.29969,2.22459,2.26239,691139.17308096,0
GLW.US,D,19880322,000000,2.27723,2.27723,2.21003,2.2325,956345.97792977,0
GLW.US,D,19880323,000000,2.24754,2.24754,2.21003,2.21765,869553.7231584,0
GLW.US,D,19880324,000000,2.20251,2.20251,2.14295,2.18767,1231193.4085224,0
GLW.US,D,19880325,000000,2.16502,2.18016,2.15027,2.16502,818118.96248518,0
GLW.US,D,19880328,000000,2.13513,2.13513,2.08279,2.08279,3274069.1386988,0
GLW.US,D,19880329,000000,2.07576,2.12029,2.06765,2.08279,1456216.7745964,0
GLW.US,D,19880330,000000,2.08279,2.09782,2.07576,2.07576,1814641.2114383,0
GLW.US,D,19880331,000000,2.06765,2.09782,2.06062,2.08279,1912686.8360371,0
GLW.US,D,19880404,000000,2.10524,2.18016,2.0906,2.10524,2126460.9281417,0
GLW.US,D,19880405,000000,2.12029,2.16502,2.0906,2.0906,2105563.8606771,0
GLW.US,D,19880406,000000,2.10524,2.15027,2.10524,2.15027,3474982.2367149,0
GLW.US,D,19880407,000000,2.15027,2.18016,2.13513,2.18016,1594437.6462541,0
GLW.US,D,19880408,000000,2.18016,2.24754,2.18016,2.22459,2256650.8462454,0
GLW.US,D,19880411,000000,2.21003,2.2325,2.18767,2.22459,728108.3872982,0
GLW.US,D,19880412,000000,2.22459,2.26971,2.21765,2.24754,2054127.0520748,0
GLW.US,D,19880413,000000,2.23963,2.24754,2.20251,2.21765,1314770.4147717,0
GLW.US,D,19880414,000000,2.15027,2.17273,2.15027,2.15739,2957435.7648928,0
GLW.US,D,19880415,000000,2.14295,2.15739,2.10524,2.11296,1359776.7263297,0
GLW.US,D,19880418,000000,2.10524,2.11296,2.0906,2.09782,790792.42194078,0
GLW.US,D,19880419,000000,2.10524,2.14295,2.10524,2.10524,946703.30425695,0
GLW.US,D,19880420,000000,2.10524,2.10524,2.03826,2.04587,1827502.2055268,0
GLW.US,D,19880421,000000,2.053,2.07576,2.04587,2.053,1776067.4448535,0
GLW.US,D,19880422,000000,2.053,2.07576,2.053,2.07576,925802.14093428,0
GLW.US,D,19880425,000000,2.08279,2.11296,2.08279,2.08279,1112254.8123169,0
GLW.US,D,19880426,000000,2.08279,2.15027,2.08279,2.08279,1221548.6869206,0
GLW.US,D,19880427,000000,2.08279,2.09782,2.06765,2.06765,630061.73873494,0
GLW.US,D,19880428,000000,2.06765,2.12781,2.06062,2.11296,1702132.0883126,0
GLW.US,D,19880429,000000,2.13513,2.13513,2.06765,2.09782,570592.95261445,0
GLW.US,D,19880502,000000,2.10524,2.10524,2.06765,2.07576,427544.0883512,0
GLW.US,D,19880503,000000,2.08279,2.10524,2.08279,2.0906,792402.09413083,0
GLW.US,D,19880504,000000,2.10524,2.12029,2.08279,2.0906,1364597.5511839,0
GLW.US,D,19880505,000000,2.0906,2.09782,2.06765,2.07576,757039.48021015,0
GLW.US,D,19880506,000000,2.06765,2.09782,2.06765,2.08279,1596047.318444,0
GLW.US,D,19880509,000000,2.06765,2.08279,2.053,2.07576,888835.99861054,0
GLW.US,D,19880510,000000,2.07576,2.0906,2.053,2.06765,739360.73316107,0
GLW.US,D,19880511,000000,2.04587,2.053,2.01589,2.053,2383624.4918628,0
GLW.US,D,19880512,000000,2.06765,2.06765,2.03044,2.03044,1782497.9418978,0
GLW.US,D,19880513,000000,2.03826,2.06062,2.03044,2.03826,1498005.7897032,0
GLW.US,D,19880516,000000,2.04587,2.06062,2.02331,2.04587,1086535.8960336,0
GLW.US,D,19880517,000000,2.04587,2.053,2.03044,2.03826,917764.01962901,0
GLW.US,D,19880518,000000,2.04587,2.053,2.03044,2.03044,858298.30540203,0
GLW.US,D,19880519,000000,2.03044,2.04587,2.02331,2.03826,1951261.6265863,0
GLW.US,D,19880520,000000,2.03826,2.04587,2.02331,2.03826,1207081.0925356,0
GLW.US,D,19880523,000000,2.03044,2.03826,2.02331,2.02331,1150825.5070082,0
GLW.US,D,19880524,000000,2.02331,2.06062,2.02331,2.053,1043135.1608077,0
GLW.US,D,19880525,000000,2.053,2.07576,2.04587,2.06765,2473639.1629077,0
GLW.US,D,19880526,000000,2.06062,2.07576,2.06062,2.06765,1215121.2617699,0
GLW.US,D,19880527,000000,2.06765,2.06765,2.06062,2.06765,734537.8603779,0
GLW.US,D,19880531,000000,2.08279,2.10524,2.07576,2.10524,2337017.7237952,0
GLW.US,D,19880601,000000,2.10524,2.15027,2.09782,2.13513,2224506.5527403,0
GLW.US,D,19880602,000000,2.15027,2.18767,2.14295,2.16502,3127806.0498779,0
GLW.US,D,19880603,000000,2.16502,2.20251,2.15027,2.18767,1425676.0094944,0
GLW.US,D,19880606,000000,2.17273,2.22459,2.17273,2.22459,1669988.818772,0
GLW.US,D,19880607,000000,2.21765,2.21765,2.19499,2.21003,903302.56903102,0
GLW.US,D,19880608,000000,2.21765,2.2325,2.21765,2.2325,2766165.3405495,0
GLW.US,D,19880609,000000,2.21003,2.2325,2.18767,2.21765,2156996.5734212,0
GLW.US,D,19880610,000000,2.21765,2.27723,2.21003,2.26239,1864469.371815,0
GLW.US,D,19880613,000000,2.28494,2.29208,2.2325,2.24754,1716592.5149461,0
GLW.US,D,19880614,000000,2.26239,2.27723,2.23963,2.24754,3204957.6789055,0
GLW.US,D,19880615,000000,2.23963,2.26239,2.2325,2.25457,2165035.718691,0
GLW.US,D,19880616,000000,2.2325,2.23963,2.21765,2.2325,2430240.4756107,0
GLW.US,D,19880617,000000,2.26239,2.27723,2.24754,2.25457,2987973.4581013,0
GLW.US,D,19880620,000000,2.23963,2.26239,2.23963,2.24754,549698.95704326,0
GLW.US,D,19880621,000000,2.24754,2.26239,2.23963,2.25457,1637839.4054444,0
GLW.US,D,19880622,000000,2.28494,2.30682,2.28494,2.28494,2635977.4703746,0
GLW.US,D,19880623,000000,2.29969,2.30682,2.29208,2.29969,3192096.6848171,0
GLW.US,D,19880624,000000,2.30682,2.34452,2.29969,2.32947,3508740.2982681,0
GLW.US,D,19880627,000000,2.34452,2.36639,2.32947,2.34452,3013690.3264557,0
GLW.US,D,19880628,000000,2.32947,2.36639,2.32947,2.35926,4529371.7913146,0
GLW.US,D,19880629,000000,2.38153,2.38153,2.32947,2.35926,2529888.6046481,0
GLW.US,D,19880630,000000,2.35926,2.38153,2.35164,2.38153,1139577.2570034,0
GLW.US,D,19880701,000000,2.38153,2.41874,2.3743,2.41874,2687408.1351898,0
GLW.US,D,19880705,000000,2.41142,2.44872,2.39648,2.44872,3714471.1492449,0
GLW.US,D,19880706,000000,2.44872,2.44872,2.38153,2.42625,3094055.1560763,0
GLW.US,D,19880707,000000,2.41874,2.43368,2.4039,2.41874,2753307.4183545,0
GLW.US,D,19880708,000000,2.4039,2.41874,2.4039,2.41142,2084670.8890703,0
GLW.US,D,19880711,000000,2.4039,2.43368,2.4039,2.43368,1716592.5149461,0
GLW.US,D,19880712,000000,2.43368,2.4414,2.39648,2.4039,1874112.0454878,0
GLW.US,D,19880713,000000,2.4039,2.42625,2.39648,2.41874,1576767.0909208,0
GLW.US,D,19880714,000000,2.41142,2.46366,2.4039,2.46366,5710740.1113538,0
GLW.US,D,19880715,000000,2.45634,2.46366,2.43368,2.44872,2534714.5493247,0
GLW.US,D,19880718,000000,2.4414,2.44872,2.41142,2.42625,1337276.1304619,0
GLW.US,D,19880719,000000,2.41874,2.43368,2.39648,2.39648,1568724.8737576,0
GLW.US,D,19880720,000000,2.42625,2.43368,2.41142,2.41874,2285578.8672639,0
GLW.US,D,19880721,000000,2.41142,2.41142,2.38153,2.38153,1714991.034472,0
GLW.US,D,19880722,000000,2.38153,2.38924,2.35926,2.36639,1099394.8421931,0
GLW.US,D,19880725,000000,2.35164,2.4039,2.35164,2.38153,943486.00780585,0
GLW.US,D,19880726,000000,2.38153,2.4039,2.38153,2.38153,1407995.2145162,0
GLW.US,D,19880727,000000,2.38153,2.38924,2.34452,2.34452,2404520.5353629,0
GLW.US,D,19880728,000000,2.34452,2.38924,2.34452,2.38153,2046096.098521,0
GLW.US,D,19880729,000000,2.3743,2.41142,2.3743,2.4039,1387098.1470516,0
GLW.US,D,19880801,000000,2.41142,2.43368,2.38924,2.43368,1972158.6940511,0
GLW.US,D,19880802,000000,2.41874,2.45634,2.41874,2.4414,1377458.5452722,0
GLW.US,D,19880803,000000,2.42625,2.44872,2.41874,2.44872,1364597.5511839,0
GLW.US,D,19880804,000000,2.44872,2.50087,2.4414,2.4787,4312387.5705103,0
GLW.US,D,19880805,000000,2.46366,2.47118,2.45634,2.47118,541661.8597025,0
GLW.US,D,19880808,000000,2.46366,2.47118,2.44872,2.44872,1552653.7509696,0
GLW.US,D,19880809,000000,2.44872,2.45634,2.41874,2.42625,1655517.128529,0
GLW.US,D,19880810,000000,2.41874,2.44872,2.41142,2.42625,4702959.3727509,0
GLW.US,D,19880811,000000,2.42625,2.44872,2.41142,2.44872,4026289.8419838,0
GLW.US,D,19880812,000000,2.4414,2.46366,2.41874,2.4414,1322806.488148,0
GLW.US,D,19880815,000000,2.4414,2.4414,2.36639,2.3743,1215121.2617699,0
GLW.US,D,19880816,000000,2.34452,2.38924,2.32947,2.3743,2803135.5787312,0
GLW.US,D,19880817,000000,2.3743,2.38153,2.34452,2.35164,3203352.1025735,0
GLW.US,D,19880818,000000,2.35164,2.38153,2.35164,2.35164,757039.48021015,0
GLW.US,D,19880819,000000,2.35164,2.38153,2.35164,2.3743,617202.79257552,0
GLW.US,D,19880822,000000,2.38153,2.38153,2.34452,2.35164,1009387.3388995,0
GLW.US,D,19880823,000000,2.35926,2.36639,2.32947,2.32947,1064032.2282724,0
GLW.US,D,19880824,000000,2.32947,2.36639,2.31453,2.36639,1298701.3399126,0
GLW.US,D,19880825,000000,2.34452,2.35164,2.32947,2.3367,1109042.6356883,0
GLW.US,D,19880826,000000,2.3367,2.35926,2.32947,2.32947,1305127.7410989,0
GLW.US,D,19880829,000000,2.32947,2.38924,2.32947,2.3743,773112.65092719,0
GLW.US,D,19880830,000000,2.38153,2.41874,2.38153,2.41142,1097789.2658609,0
GLW.US,D,19880831,000000,2.41142,2.41874,2.38153,2.38153,1528540.4110183,0
GLW.US,D,19880901,000000,2.38153,2.38153,2.34452,2.35164,1379063.0976399,0
GLW.US,D,19880902,000000,2.36639,2.41142,2.35926,2.38924,1721415.3877292,0
GLW.US,D,19880906,000000,2.4039,2.44872,2.4039,2.42625,1465858.4243047,0
GLW.US,D,19880907,000000,2.43368,2.45634,2.42625,2.44872,977238.94953647,0
GLW.US,D,19880908,000000,2.4414,2.44872,2.41142,2.43368,459685.30996279,0
GLW.US,D,19880909,000000,2.41142,2.46366,2.4039,2.46366,2216466.3835062,0
GLW.US,D,19880912,000000,2.46366,2.46366,2.4414,2.4414,665420.25679762,0
GLW.US,D,19880913,000000,2.42625,2.42625,2.39648,2.41142,1046353.4812233,0
GLW.US,D,19880914,000000,2.42625,2.4414,2.41142,2.43368,2320941.4811846,0
GLW.US,D,19880915,000000,2.4414,2.4414,2.41142,2.41142,1073675.9259097,0
GLW.US,D,19880916,000000,2.39648,2.4414,2.39648,2.4414,1671593.3711395,0
GLW.US,D,19880919,000000,2.4414,2.4414,2.38924,2.41142,1457823.3748929,0
GLW.US,D,19880920,000000,2.41142,2.43368,2.4039,2.42625,4547053.6102571,0
GLW.US,D,19880921,000000,2.41874,2.42625,2.41142,2.41142,437190.85788202,0
GLW.US,D,19880922,000000,2.4039,2.43368,2.4039,2.41874,2322551.1533747,0
GLW.US,D,19880923,000000,2.41142,2.47118,2.41142,2.46366,1528540.4110183,0
GLW.US,D,19880926,000000,2.47118,2.47118,2.45634,2.45634,3462127.3864135,0
GLW.US,D,19880927,000000,2.45634,2.45634,2.43368,2.44872,2095917.0911461,0
GLW.US,D,19880928,000000,2.43368,2.46366,2.43368,2.46366,937055.51076165,0
GLW.US,D,19880929,000000,2.47118,2.53114,2.47118,2.52342,4892624.2207621,0
GLW.US,D,19880930,000000,2.53114,2.55341,2.50849,2.50849,2417382.5534158,0
GLW.US,D,19881003,000000,2.49355,2.50087,2.46366,2.50087,1223156.3111817,0
GLW.US,D,19881004,000000,2.50087,2.52342,2.48622,2.50087,612381.96772136,0
GLW.US,D,19881005,000000,2.50087,2.5163,2.4787,2.5163,1210300.4369158,0
GLW.US,D,19881006,000000,2.5163,2.56815,2.50849,2.56815,2034842.7286936,0
GLW.US,D,19881007,000000,2.56815,2.63534,2.56815,2.63534,4058432.08756,0
GLW.US,D,19881010,000000,2.63534,2.65048,2.59805,2.65048,1422464.8568303,0
GLW.US,D,19881011,000000,2.62802,2.64296,2.6206,2.62802,1951261.6265863,0
GLW.US,D,19881012,000000,2.6206,2.62802,2.59091,2.59805,2038059.0011802,0
GLW.US,D,19881013,000000,2.59091,2.64296,2.59091,2.62802,1949656.0502543,0
GLW.US,D,19881014,000000,2.63534,2.64296,2.56815,2.5831,2058951.972787,0
GLW.US,D,19881017,000000,2.5831,2.65048,2.5831,2.63534,2635977.4703746,0
GLW.US,D,19881018,000000,2.65048,2.67275,2.64296,2.67275,2772592.7657001,0
GLW.US,D,19881019,000000,2.66523,2.68047,2.6206,2.62802,1567116.225532,0
GLW.US,D,19881020,000000,2.62802,2.70283,2.62802,2.70283,1809822.4345132,0
GLW.US,D,19881021,000000,2.69521,2.70996,2.68047,2.70283,2046096.098521,0
GLW.US,D,19881024,000000,2.69521,2.70283,2.68769,2.68769,2795094.3855325,0
GLW.US,D,19881025,000000,2.68769,2.71758,2.68769,2.70283,1547831.902151,0
GLW.US,D,19881026,000000,2.71758,2.83711,2.70283,2.82218,4841191.5080179,0
GLW.US,D,19881027,000000,2.77724,2.83711,2.74003,2.75497,4997100.3424051,0
GLW.US,D,19881028,000000,2.76982,2.78486,2.76249,2.78486,1163686.5010967,0
GLW.US,D,19881031,000000,2.77724,2.81456,2.76982,2.80732,1647483.1030818,0
GLW.US,D,19881101,000000,2.80732,2.81456,2.78486,2.79228,2001085.691105,0
GLW.US,D,19881102,000000,2.76982,2.78486,2.72519,2.74003,3402655.5283996,0
GLW.US,D,19881103,000000,2.73251,2.85225,2.73251,2.79971,5387674.1925746,0
GLW.US,D,19881104,000000,2.80732,2.88946,2.79971,2.80732,5702703.014013,0
GLW.US,D,19881107,000000,2.75497,2.78486,2.75497,2.76982,3012084.7501236,0
GLW.US,D,19881108,000000,2.77724,2.85225,2.77724,2.82218,2811170.628143,0
GLW.US,D,19881109,000000,2.80732,2.82218,2.77724,2.79971,2359517.2956984,0
GLW.US,D,19881110,000000,2.79228,2.79971,2.74725,2.76249,1623374.8829529,0
GLW.US,D,19881111,000000,2.75497,2.75497,2.71758,2.73251,2345051.7492424,0
GLW.US,D,19881114,000000,2.73251,2.74003,2.70283,2.71758,1935189.4798338,0
GLW.US,D,19881115,000000,2.71758,2.73251,2.65048,2.66523,2185930.7382266,0
GLW.US,D,19881116,000000,2.67275,2.70996,2.63534,2.63534,4879765.2746027,0
GLW.US,D,19881117,000000,2.67275,2.68769,2.65048,2.66523,1674809.6436261,0
GLW.US,D,19881118,000000,2.68047,2.73251,2.68047,2.73251,1453004.5979678,0
GLW.US,D,19881121,000000,2.73251,2.73251,2.70283,2.70283,1142792.5055254,0
GLW.US,D,19881122,000000,2.71758,2.73251,2.70283,2.70283,1051173.2821129,0
GLW.US,D,19881123,000000,2.70283,2.70996,2.68769,2.70996,1263340.773921,0
GLW.US,D,19881125,000000,2.70283,2.70283,2.68047,2.68769,667026.85709417,0
GLW.US,D,19881128,000000,2.68769,2.68769,2.63534,2.66523,1480320.8988672,0
GLW.US,D,19881129,000000,2.67275,2.72519,2.66523,2.70996,1385492.5707196,0
GLW.US,D,19881130,000000,2.71758,2.78486,2.71758,2.77724,1769638.9957383,0
GLW.US,D,19881201,000000,2.76982,2.78486,2.76249,2.76249,909738.18589772,0
GLW.US,D,19881202,000000,2.74003,2.76982,2.74003,2.76249,900090.39240242,0
GLW.US,D,19881205,000000,2.76982,2.79971,2.75497,2.76982,1174936.7990305,0
GLW.US,D,19881206,000000,2.76249,2.82218,2.75497,2.82218,2925282.2557073,0
GLW.US,D,19881207,000000,2.80732,2.8666,2.80732,2.85225,3473375.6364184,0
GLW.US,D,19881208,000000,2.84434,2.85225,2.8295,2.84434,2004305.0354851,0
GLW.US,D,19881209,000000,2.83711,2.87452,2.83711,2.87452,1105819.1954503,0
GLW.US,D,19881212,000000,2.87452,2.89648,2.85957,2.85957,19705508.649971,0
GLW.US,D,19881213,000000,2.83711,2.85225,2.81456,2.82218,2065386.5656891,0
GLW.US,D,19881214,000000,2.82218,2.82218,2.76982,2.78486,3410689.5538469,0
GLW.US,D,19881215,000000,2.76982,2.78486,2.75497,2.76982,3606782.8509733,0
GLW.US,D,19881216,000000,2.76982,2.78486,2.76982,2.78486,1533366.355695,0
GLW.US,D,19881219,000000,2.77724,2.80732,2.76982,2.80732,1846786.5289079,0
GLW.US,D,19881220,000000,2.82218,2.8666,2.82218,2.83711,2872244.9905954,0
GLW.US,D,19881221,000000,2.82218,2.82218,2.76249,2.77724,1723026.0838838,0
GLW.US,D,19881222,000000,2.77724,2.84434,2.77724,2.83711,5009958.2646,0
GLW.US,D,19881223,000000,2.83711,2.83711,2.81456,2.81456,1237619.8097086,0
GLW.US,D,19881227,000000,2.81456,2.83711,2.81456,2.82218,580237.67421628,0
GLW.US,D,19881228,000000,2.8295,2.83711,2.82218,2.82218,699175.24645724,0
GLW.US,D,19881229,000000,2.83711,2.88134,2.83711,2.87452,848656.6556937,0
GLW.US,D,19881230,000000,2.88946,2.89648,2.88134,2.88946,988486.17557686,0
GLW.US,D,19890103,000000,2.87452,2.87452,2.83711,2.85957,1107429.8916048,0
GLW.US,D,19890104,000000,2.85957,2.9416,2.85957,2.92657,2494530.0865854,0
GLW.US,D,19890105,000000,2.92657,2.93409,2.89648,2.91202,1940009.2807235,0
GLW.US,D,19890106,000000,2.9043,2.93409,2.88946,2.9043,983665.3507227,0
GLW.US,D,19890109,000000,2.91202,2.91934,2.88134,2.91934,2361122.8720304,0
GLW.US,D,19890110,000000,2.87452,2.89648,2.87452,2.88134,1541404.4770002,0
GLW.US,D,19890111,000000,2.88134,2.9043,2.87452,2.9043,2537928.7738824,0
GLW.US,D,19890112,000000,2.89648,2.95654,2.89648,2.9416,1891793.8644304,0
GLW.US,D,19890113,000000,2.9416,2.97139,2.9416,2.94874,2660083.6425744,0
GLW.US,D,19890116,000000,2.96426,2.96426,2.9416,2.9416,1105819.1954503,0
GLW.US,D,19890117,000000,2.9416,2.97139,2.93409,2.96426,1891793.8644304,0
GLW.US,D,19890118,000000,2.96426,3.03888,2.95654,3.0089,4322030.2441831,0
GLW.US,D,19890119,000000,3.00128,3.0089,2.97139,2.97139,3209782.5996176,0
GLW.US,D,19890120,000000,2.96426,2.96426,2.93409,2.95654,2210041.0062844,0
GLW.US,D,19890123,000000,2.96426,2.99376,2.95654,2.95654,2679370.0138846,0
GLW.US,D,19890124,000000,2.96426,2.98643,2.96426,2.9791,1827502.2055268,0
GLW.US,D,19890125,000000,2.98643,2.98643,2.95654,2.96426,3875199.7845218,0
GLW.US,D,19890126,000000,2.96426,2.98643,2.94874,2.9791,2459169.5205938,0
GLW.US,D,19890127,000000,2.97139,2.98643,2.95654,2.95654,3050654.4208504,0
GLW.US,D,19890130,000000,2.96426,2.98643,2.96426,2.98643,1231193.4085224,0
GLW.US,D,19890131,000000,2.98643,3.01632,2.97139,3.01632,1637839.4054444,0
GLW.US,D,19890201,000000,2.99376,3.0089,2.96426,3.00128,2238972.0991963,0
GLW.US,D,19890202,000000,3.0089,3.0089,2.97139,2.9791,1592836.1657799,0
GLW.US,D,19890203,000000,2.9791,2.99376,2.97139,2.9791,1253696.0523192,0
GLW.US,D,19890206,000000,2.9791,2.98643,2.94874,2.96426,1417639.9361181,0
GLW.US,D,19890207,000000,2.98643,3.01632,2.98643,3.01632,1351742.7008824,0
GLW.US,D,19890208,000000,3.01632,3.01632,3.00128,3.0089,1215121.2617699,0
GLW.US,D,19890209,000000,2.98643,3.00128,2.94874,2.96426,1453004.5979678,0
GLW.US,D,19890210,000000,2.9416,2.94874,2.92657,2.93409,1171723.5984374,0
GLW.US,D,19890213,000000,2.92657,2.93409,2.89648,2.92657,1120288.8377642,0
GLW.US,D,19890214,000000,2.99376,2.99376,2.95654,2.97139,991707.56788596,0
GLW.US,D,19890215,000000,2.94874,2.97139,2.92657,2.94874,613182.70795838,0
GLW.US,D,19890216,000000,2.94874,2.96426,2.9416,2.94874,580237.67421628,0
GLW.US,D,19890217,000000,2.94874,2.97139,2.92657,2.94874,768289.77814404,0
GLW.US,D,19890221,000000,2.94874,2.94874,2.91934,2.9416,534429.59845676,0
GLW.US,D,19890222,000000,2.9416,2.9416,2.8666,2.8666,1203068.17567,0
GLW.US,D,19890223,000000,2.8666,2.87452,2.83711,2.85957,616404.10026748,0
GLW.US,D,19890224,000000,2.85957,2.85957,2.70996,2.75497,1877326.2700453,0
GLW.US,D,19890227,000000,2.74003,2.75497,2.73251,2.75497,1101002.466454,0
GLW.US,D,19890228,000000,2.75497,2.84434,2.75497,2.81456,2018770.5819411,0
GLW.US,D,19890301,000000,2.82218,2.8666,2.70996,2.73251,1967340.9410904,0
GLW.US,D,19890302,000000,2.75497,2.79228,2.73251,2.78486,1002954.7939263,0
GLW.US,D,19890303,000000,2.79228,2.82218,2.75497,2.82218,1272180.6594278,0
GLW.US,D,19890306,000000,2.82218,2.87452,2.82218,2.87452,1581585.867846,0
GLW.US,D,19890307,000000,2.85957,2.87452,2.8295,2.84434,6946755.3686949,0
GLW.US,D,19890308,000000,2.85225,2.92657,2.8295,2.87452,965986.6036736,0
GLW.US,D,19890309,000000,2.88134,2.88134,2.84434,2.84434,784362.94886107,0
GLW.US,D,19890310,000000,2.84434,2.87452,2.84434,2.85225,1425676.0094944,0
GLW.US,D,19890313,000000,2.85225,2.9043,2.85225,2.85957,384148.47294775,0
GLW.US,D,19890314,000000,2.85957,2.87452,2.84434,2.84434,434773.27770345,0
GLW.US,D,19890315,000000,2.84434,2.89648,2.84434,2.88134,565772.1277603,0
GLW.US,D,19890316,000000,2.88134,2.92657,2.87452,2.91202,759451.94056623,0
GLW.US,D,19890317,000000,2.85225,2.88134,2.84434,2.84434,1682842.6451089,0
GLW.US,D,19890320,000000,2.82218,2.84434,2.79971,2.80732,1191016.1135346,0
GLW.US,D,19890321,000000,2.84434,2.87452,2.84434,2.87452,873563.56813054,0
GLW.US,D,19890322,000000,2.85957,2.87452,2.80732,2.8295,846246.24326662,0
GLW.US,D,19890323,000000,2.82218,2.85957,2.82218,2.84434,988486.17557686,0
GLW.US,D,19890327,000000,2.8295,2.84434,2.80732,2.8295,1035904.947491,0
GLW.US,D,19890328,000000,2.84434,2.87452,2.80732,2.8295,720873.05415895,0
GLW.US,D,19890329,000000,2.8295,2.85225,2.8295,2.84434,1033492.4871349,0
GLW.US,D,19890330,000000,2.85225,2.85225,2.8295,2.8295,1380672.7698299,0
GLW.US,D,19890331,000000,2.84434,2.87452,2.8295,2.85225,1389511.6313722,0
GLW.US,D,19890403,000000,2.85957,2.85957,2.8295,2.84434,1058406.5673231,0
GLW.US,D,19890404,000000,2.82218,2.84434,2.76982,2.8295,2893146.1539181,0
GLW.US,D,19890405,000000,2.84434,2.88134,2.8295,2.85225,2769379.565107,0
GLW.US,D,19890406,000000,2.84434,2.85957,2.84434,2.84434,1260927.2896004,0
GLW.US,D,19890407,000000,2.84434,2.9043,2.84434,2.87452,6821387.2994096,0
GLW.US,D,19890410,000000,2.85957,2.93409,2.85957,2.88134,2866621.3775753,0
GLW.US,D,19890411,000000,2.88134,2.9043,2.87452,2.87452,1138773.4448729,0
GLW.US,D,19890412,000000,2.87452,2.88134,2.85957,2.87452,2266294.5438829,0
GLW.US,D,19890413,000000,2.85225,2.85957,2.82218,2.8295,3688753.2569262,0
GLW.US,D,19890414,000000,2.85225,2.85957,2.79228,2.85225,3283718.9801231,0
GLW.US,D,19890417,000000,2.8295,2.84434,2.79228,2.79971,2378003.950736,0
GLW.US,D,19890418,000000,2.80732,2.85225,2.77724,2.84434,2674547.1411014,0
GLW.US,D,19890419,000000,2.84434,2.84434,2.80732,2.84434,2823222.6902783,0
GLW.US,D,19890420,000000,2.84434,2.84434,2.80732,2.82218,1231193.4085224,0
GLW.US,D,19890421,000000,2.84434,2.85225,2.80732,2.8295,2038858.7174528,0
GLW.US,D,19890424,000000,2.8295,2.8295,2.80732,2.82218,963580.28710452,0
GLW.US,D,19890425,000000,2.80732,2.80732,2.76982,2.77724,1751154.3886296,0
GLW.US,D,19890426,000000,2.79228,2.79228,2.72519,2.74003,1798568.0407213,0
GLW.US,D,19890427,000000,2.74725,2.82218,2.72519,2.79228,4989862.9613369,0
GLW.US,D,19890428,000000,2.79228,2.79971,2.74725,2.79971,1543812.8414982,0
GLW.US,D,19890501,000000,2.77724,2.79971,2.74725,2.79228,1592032.3536494,0
GLW.US,D,19890502,000000,2.79228,2.8295,2.79228,2.82218,2705893.7662629,0
GLW.US,D,19890503,000000,2.79228,2.79971,2.75497,2.76982,2021177.9224747,0
GLW.US,D,19890504,000000,2.76982,2.76982,2.74003,2.74725,1378260.3094739,0
GLW.US,D,19890505,000000,2.74725,2.75497,2.74003,2.74003,1870096.0567286,0
GLW.US,D,19890508,000000,2.74725,2.74725,2.69521,2.71758,2210041.0062844,0
GLW.US,D,19890509,000000,2.70283,2.71758,2.68769,2.70283,3774741.699567,0
GLW.US,D,19890510,000000,2.72519,2.72519,2.70283,2.71758,2175480.1565653,0
GLW.US,D,19890511,000000,2.72519,2.72519,2.70283,2.70283,2141727.2148347,0
GLW.US,D,19890512,000000,2.72519,2.76982,2.70283,2.75497,5444731.5423035,0
GLW.US,D,19890515,000000,2.79228,2.87452,2.79228,2.85957,4947273.2059929,0
GLW.US,D,19890516,000000,2.85225,2.88134,2.84434,2.85225,3190494.1803786,0
GLW.US,D,19890517,000000,2.89648,3.00128,2.88134,3.00128,6678335.3632529,0
GLW.US,D,19890518,000000,2.96426,3.01632,2.96426,2.98643,4831547.8103805,0
GLW.US,D,19890519,000000,3.0089,3.03107,3.00128,3.03107,4670011.2671152,0
GLW.US,D,19890522,000000,3.03888,3.06856,2.98643,3.01632,3257198.2996383,0
GLW.US,D,19890523,000000,3.00128,3.03107,2.94874,3.00128,3213801.6602704,0
GLW.US,D,19890524,000000,2.98643,3.05352,2.9791,3.05352,2515425.1061212,0
GLW.US,D,19890525,000000,3.05352,3.16553,3.03888,3.16553,3272465.6102957,0
GLW.US,D,19890526,000000,3.16553,3.31496,3.16553,3.31496,4525356.8265199,0
GLW.US,D,19890530,000000,3.27003,3.29269,3.14298,3.24738,2015552.2615255,0
GLW.US,D,19890531,000000,3.27003,3.28507,3.21779,3.24025,2236558.6148758,0
GLW.US,D,19890601,000000,3.26252,3.27003,3.23263,3.24025,1428083.350028,0
GLW.US,D,19890602,000000,3.27003,3.33712,3.26252,3.32228,2472837.3987062,0
GLW.US,D,19890605,000000,3.31496,3.32228,3.24025,3.24738,987687.48326882,0
GLW.US,D,19890606,000000,3.24738,3.29992,3.22521,3.27003,1348523.3565023,0
GLW.US,D,19890607,000000,3.2551,3.29992,3.2551,3.27755,1109843.3759254,0
GLW.US,D,19890608,000000,3.29992,3.30764,3.27755,3.29992,786773.36128814,0
GLW.US,D,19890609,000000,3.2551,3.27003,3.18029,3.27003,1788929.4629065,0
GLW.US,D,19890612,000000,3.2551,3.27003,3.18029,3.20285,1507649.4873406,0
GLW.US,D,19890613,000000,3.19553,3.19553,3.14298,3.16553,1985824.5242344,0
GLW.US,D,19890614,000000,3.17325,3.18029,3.12804,3.18029,2199589.4006586,0
GLW.US,D,19890615,000000,3.18029,3.19553,3.16553,3.16553,1592032.3536494,0
GLW.US,D,19890616,000000,3.14298,3.22521,3.14298,3.22521,2274328.5693301,0
GLW.US,D,19890619,000000,3.22521,3.23263,3.18029,3.21779,1039920.9362501,0
GLW.US,D,19890620,000000,3.20285,3.23263,3.17325,3.17325,523177.25259388,0
GLW.US,D,19890621,000000,3.19553,3.19553,3.12804,3.14298,970805.38059877,0
GLW.US,D,19890622,000000,3.12071,3.20285,3.12071,3.18029,2013947.7091579,0
GLW.US,D,19890623,000000,3.20285,3.37482,3.19553,3.37482,2521854.5792008,0
GLW.US,D,19890626,000000,3.35217,3.35217,3.2551,3.27003,1039920.9362501,0
GLW.US,D,19890627,000000,3.24738,3.40461,3.23263,3.35217,2654461.0535188,0
GLW.US,D,19890628,000000,3.35217,3.35988,3.27003,3.32228,925000.37673274,0
GLW.US,D,19890629,000000,3.32228,3.32228,3.17325,3.18029,1012594.3957056,0
GLW.US,D,19890630,000000,3.19553,3.20285,3.09103,3.14298,2336209.8158066,0
GLW.US,D,19890703,000000,3.14298,3.19553,3.12804,3.18029,556128.43012298,0
GLW.US,D,19890705,000000,3.16553,3.27755,3.1505,3.2551,1197438.4188628,0
GLW.US,D,19890706,000000,3.27003,3.27003,3.24738,3.2551,740965.28552863,0
GLW.US,D,19890707,000000,3.2551,3.27003,3.21779,3.24738,921782.05631715,0
GLW.US,D,19890710,000000,3.22521,3.24738,3.21779,3.24738,946703.30425695,0
GLW.US,D,19890711,000000,3.24738,3.30764,3.24738,3.28507,1068855.1010555,0
GLW.US,D,19890712,000000,3.28507,3.33,3.2551,3.32228,965184.83947208,0
GLW.US,D,19890713,000000,3.33,3.35217,3.29992,3.33,791593.16217782,0
GLW.US,D,19890714,000000,3.35217,3.3969,3.34503,3.37482,1345311.1798737,0
GLW.US,D,19890717,000000,3.34503,3.47893,3.34503,3.45677,2183516.2299416,0
GLW.US,D,19890718,000000,3.45677,3.45677,3.41194,3.4344,1122699.2501913,0
GLW.US,D,19890719,000000,3.44954,3.48674,3.4344,3.46399,1571136.3101493,0
GLW.US,D,19890720,000000,3.47893,3.52385,3.46399,3.46399,1467464.0006367,0
GLW.US,D,19890721,000000,3.45677,3.50158,3.44954,3.50158,1465858.4243047,0
GLW.US,D,19890724,000000,3.48674,3.50158,3.41194,3.42658,764272.76542039,0
GLW.US,D,19890725,000000,3.3969,3.45677,3.3969,3.4344,946703.30425695,0
GLW.US,D,19890726,000000,3.41194,3.45677,3.41194,3.45677,781146.67637446,0
GLW.US,D,19890727,000000,3.45677,3.53147,3.45677,3.53147,923397.87229418,0
GLW.US,D,19890728,000000,3.53147,3.56125,3.48674,3.53147,966790.41580413,0
GLW.US,D,19890731,000000,3.53147,3.56125,3.47893,3.47893,1245657.9310139,0
GLW.US,D,19890801,000000,3.5092,3.58362,3.4344,3.47893,2054933.9360988,0
GLW.US,D,19890802,000000,3.47893,3.53879,3.45677,3.53879,1072075.4694002,0
GLW.US,D,19890803,000000,3.57601,3.58362,3.53879,3.55393,655782.70294728,0
GLW.US,D,19890804,000000,3.53147,3.57601,3.50158,3.53879,767483.91808451,0
GLW.US,D,19890807,000000,3.56125,3.59104,3.50158,3.59104,1448174.5574331,0
GLW.US,D,19890808,000000,3.6137,3.65853,3.60588,3.62835,988486.17557686,0
GLW.US,D,19890809,000000,3.62835,3.63597,3.50158,3.53879,1150022.7188422,0
GLW.US,D,19890810,000000,3.53147,3.55393,3.48674,3.55393,1375044.0369872,0
GLW.US,D,19890811,000000,3.62835,3.63597,3.5092,3.53147,1569531.7577817,0
GLW.US,D,19890814,000000,3.53879,3.53879,3.47893,3.48674,670244.15354528,0
GLW.US,D,19890815,000000,3.47893,3.50158,3.45677,3.48674,694351.34970958,0
GLW.US,D,19890816,000000,3.50158,3.52385,3.48674,3.50158,595504.98487379,0
GLW.US,D,19890817,000000,3.52385,3.52385,3.45677,3.47893,676671.578696,0
GLW.US,D,19890818,000000,3.47893,3.50158,3.45677,3.48674,781949.46454049,0
GLW.US,D,19890821,000000,3.48674,3.53147,3.4344,3.46399,1575963.2787904,0
GLW.US,D,19890822,000000,3.48674,3.48674,3.41194,3.44954,1180561.4360152,0
GLW.US,D,19890823,000000,3.4344,3.47893,3.3969,3.47893,1041528.5605112,0
GLW.US,D,19890824,000000,3.46399,3.53879,3.44954,3.53147,1447371.7692671,0
GLW.US,D,19890825,000000,3.53879,3.62835,3.53879,3.60588,1145201.8939881,0
GLW.US,D,19890828,000000,3.60588,3.65853,3.60588,3.65853,1329235.9612277,0
GLW.US,D,19890829,000000,3.64329,3.65853,3.57601,3.6137,1413617.803572,0
GLW.US,D,19890830,000000,3.58362,3.6137,3.5092,3.53879,1304323.9289684,0
GLW.US,D,19890831,000000,3.50158,3.53879,3.48674,3.53879,784362.94886107,0
GLW.US,D,19890901,000000,3.5092,3.57601,3.5092,3.57601,580237.67421628,0
GLW.US,D,19890905,000000,3.56125,3.56859,3.51643,3.53879,497460.38423953,0
GLW.US,D,19890906,000000,3.53879,3.53879,3.44182,3.48674,803645.22431322,0
GLW.US,D,19890907,000000,3.48674,3.50158,3.4344,3.44182,986886.74303179,0
GLW.US,D,19890908,000000,3.44182,3.44954,3.35988,3.35988,1352545.4890484,0
GLW.US,D,19890911,000000,3.37482,3.38957,3.34503,3.34503,1038314.3359535,0
GLW.US,D,19890912,000000,3.34503,3.41956,3.34503,3.38957,1181367.2960748,0
GLW.US,D,19890913,000000,3.38957,3.4344,3.36672,3.3969,867938.93114586,0
GLW.US,D,19890914,000000,3.38957,3.38957,3.28507,3.28507,1344506.3437787,0
GLW.US,D,19890915,000000,3.28507,3.36672,3.27003,3.36672,2439080.3611175,0
GLW.US,D,19890918,000000,3.34503,3.4344,3.33712,3.4344,1122699.2501913,0
GLW.US,D,19890919,000000,3.44954,3.46399,3.38957,3.41956,974019.60515639,0
GLW.US,D,19890920,000000,3.41194,3.4344,3.34503,3.36672,1512472.3601237,0
GLW.US,D,19890921,000000,3.35988,3.36672,3.34503,3.35988,649350.15797408,0
GLW.US,D,19890922,000000,3.34503,3.35988,3.30764,3.35988,1292268.7949394,0
GLW.US,D,19890925,000000,3.33712,3.34503,3.27003,3.27003,1308345.03755,0
GLW.US,D,19890926,000000,3.29269,3.32228,3.23263,3.24738,2406127.1356594,0
GLW.US,D,19890927,000000,3.24025,3.31496,3.21779,3.29269,1146005.7061186,0
GLW.US,D,19890928,000000,3.28507,3.38957,3.27003,3.35988,1944833.1774711,0
GLW.US,D,19890929,000000,3.34503,3.41956,3.34503,3.38957,1091356.7208878,0
GLW.US,D,19891002,000000,3.36672,3.44954,3.36672,3.44182,862315.31812566,0
GLW.US,D,19891003,000000,3.41956,3.46399,3.41956,3.44954,1353347.25325,0
GLW.US,D,19891004,000000,3.44954,3.51643,3.44182,3.49406,1708559.5134633,0
GLW.US,D,19891005,000000,3.50158,3.53879,3.47161,3.52385,1455410.9145368,0
GLW.US,D,19891006,000000,3.52385,3.56859,3.51643,3.56125,1181367.2960748,0
GLW.US,D,19891009,000000,3.56125,3.59876,3.54641,3.59876,446022.55167283,0
GLW.US,D,19891010,000000,3.59104,3.62073,3.57601,3.59876,883212.38559035,0
GLW.US,D,19891011,000000,3.59876,3.59876,3.52385,3.56125,626844.44228384,0
GLW.US,D,19891012,000000,3.56125,3.59104,3.52385,3.54641,658993.85561139,0
GLW.US,D,19891013,000000,3.52385,3.53879,3.09103,3.12071,1997070.7263105,0
GLW.US,D,19891016,000000,3.13594,3.46399,3.11359,3.32228,3720094.7622651,0
GLW.US,D,19891017,000000,3.27003,3.29269,3.19553,3.26252,3174419.985697,0
GLW.US,D,19891018,000000,3.26252,3.27003,3.23263,3.26252,1998676.3026424,0
GLW.US,D,19891019,000000,3.30764,3.34503,3.29269,3.29269,1674004.8075311,0
GLW.US,D,19891020,000000,3.30764,3.36672,3.29269,3.32228,2325761.2820743,0
GLW.US,D,19891023,000000,3.34503,3.37482,3.28507,3.32228,949109.62082604,0
GLW.US,D,19891024,000000,3.30764,3.32228,3.13594,3.27003,1706150.1250007,0
GLW.US,D,19891025,000000,3.24025,3.26252,3.19553,3.26252,1328433.1730616,0
GLW.US,D,19891026,000000,3.26252,3.29269,3.18791,3.18791,1349332.2884554,0
GLW.US,D,19891027,000000,3.18029,3.23263,3.16553,3.19553,1313164.8384397,0
GLW.US,D,19891030,000000,3.21779,3.24025,3.18029,3.18791,1328433.1730616,0
GLW.US,D,19891031,000000,3.21037,3.27003,3.21037,3.27003,1898222.3135457,0
GLW.US,D,19891101,000000,3.29269,3.29269,3.24738,3.26252,1294681.2552955,0
GLW.US,D,19891102,000000,3.27003,3.27003,3.21037,3.21037,960361.96668891,0
GLW.US,D,19891103,000000,3.21037,3.24738,3.18029,3.19553,1317183.8990923,0
GLW.US,D,19891106,000000,3.18029,3.18029,3.09103,3.14298,2030825.71597,0
GLW.US,D,19891107,000000,3.12071,3.13594,3.10577,3.13594,1569531.7577817,0
GLW.US,D,19891108,000000,3.13594,3.23263,3.13594,3.18791,1698915.8158259,0
GLW.US,D,19891109,000000,3.18791,3.21037,3.16553,3.18029,696766.88195915,0
GLW.US,D,19891110,000000,3.16553,3.26252,3.16553,3.26252,1616140.5737781,0
GLW.US,D,19891113,000000,3.28507,3.31496,3.26252,3.31496,1509253.0157436,0
GLW.US,D,19891114,000000,3.33712,3.37482,3.33712,3.35988,1878936.9662,0
GLW.US,D,19891115,000000,3.35988,3.37482,3.35988,3.37482,1841966.7280183,0
GLW.US,D,19891116,000000,3.37482,3.37482,3.35988,3.37482,1256910.2768767,0
GLW.US,D,19891117,000000,3.37482,3.41194,3.35988,3.38957,2071812.9668753,0
GLW.US,D,19891120,000000,3.38957,3.3969,3.36672,3.38957,3090834.7877318,0
GLW.US,D,19891121,000000,3.37482,3.3969,3.36672,3.37482,1114661.1288861,0
GLW.US,D,19891122,000000,3.37482,3.48674,3.37482,3.48674,1306735.36536,0
GLW.US,D,19891124,000000,3.48674,3.56125,3.48674,3.51643,420307.73124747,0
GLW.US,D,19891127,000000,3.52385,3.56859,3.52385,3.53879,634883.58755361,0
GLW.US,D,19891128,000000,3.52385,3.56859,3.52385,3.54641,1010189.103101,0
GLW.US,D,19891129,000000,3.54641,3.54641,3.38957,3.38957,1477107.6982741,0
GLW.US,D,19891130,000000,3.41956,3.44182,3.37482,3.37482,2078239.3680616,0
GLW.US,D,19891201,000000,3.3969,3.47161,3.3969,3.46399,2100742.0118583,0
GLW.US,D,19891204,000000,3.46399,3.48674,3.44954,3.47161,1301112.7763043,0
GLW.US,D,19891205,000000,3.49406,3.54641,3.49406,3.51643,1237619.8097086,0
GLW.US,D,19891206,000000,3.53879,3.57601,3.51643,3.53879,1835537.2549385,0
GLW.US,D,19891207,000000,3.54641,3.59876,3.54641,3.56859,1532557.4237419,0
GLW.US,D,19891208,000000,3.62073,3.63597,3.56859,3.6137,1106629.1513678,0
GLW.US,D,19891211,000000,3.59104,3.62073,3.56859,3.57601,773112.65092719,0
GLW.US,D,19891212,000000,3.57601,3.62835,3.57601,3.62073,833385.24917819,0
GLW.US,D,19891213,000000,3.62073,3.70305,3.58362,3.65101,817315.15035466,0
GLW.US,D,19891214,000000,3.65101,3.67328,3.60588,3.65853,716858.08936431,0
GLW.US,D,19891215,000000,3.68089,3.69583,3.58362,3.63597,2023593.4547242,0
GLW.US,D,19891218,000000,3.62073,3.62835,3.5092,3.53147,1608912.4083905,0
GLW.US,D,19891219,000000,3.52385,3.56125,3.4344,3.56125,1304323.9289684,0
GLW.US,D,19891220,000000,3.54641,3.55393,3.48674,3.53147,525592.78484345,0
GLW.US,D,19891221,000000,3.53147,3.54641,3.44954,3.47161,1279410.8727445,0
GLW.US,D,19891222,000000,3.44954,3.55393,3.44954,3.5092,889639.81074107,0
GLW.US,D,19891226,000000,3.5092,3.58362,3.5092,3.55393,328690.55576394,0
GLW.US,D,19891227,000000,3.53147,3.62073,3.53147,3.62073,1027867.8501502,0
GLW.US,D,19891228,000000,3.59876,3.62073,3.58362,3.60588,716055.30119829,0
GLW.US,D,19891229,000000,3.62073,3.69583,3.60588,3.68089,1355755.6177481,0
GLW.US,D,19900102,000000,3.68089,3.79281,3.65101,3.79281,3466144.3991371,0
GLW.US,D,19900103,000000,3.79974,3.82992,3.74798,3.82992,1911081.2597051,0
GLW.US,D,19900104,000000,3.82992,3.82992,3.77016,3.79974,1468270.8846608,0
GLW.US,D,19900105,000000,3.79974,3.80755,3.77016,3.79281,1352545.4890484,0
GLW.US,D,19900108,000000,3.77016,3.85208,3.74798,3.84516,1073675.9259097,0
GLW.US,D,19900109,000000,3.82269,3.87504,3.77016,3.77016,1176545.4472561,0
GLW.US,D,19900110,000000,3.72532,3.75511,3.63597,3.74798,1542204.1932727,0
GLW.US,D,19900111,000000,3.77016,3.79281,3.74798,3.77016,1263340.773921,0
GLW.US,D,19900112,000000,3.77016,3.77016,3.65853,3.65853,1100198.6543237,0
GLW.US,D,19900115,000000,3.63597,3.65101,3.55393,3.58362,1778477.8572805,0
GLW.US,D,19900116,000000,3.54641,3.65101,3.5092,3.65101,1817858.5078894,0
GLW.US,D,19900117,000000,3.63597,3.70305,3.56125,3.59876,1862860.7235894,0
GLW.US,D,19900118,000000,3.55393,3.63597,3.52385,3.62073,2181105.8175144,0
GLW.US,D,19900119,000000,3.65853,3.65853,3.59876,3.59876,1234407.63308,0
GLW.US,D,19900122,000000,3.60588,3.65853,3.53147,3.54641,1435318.6831672,0
GLW.US,D,19900123,000000,3.54641,3.62835,3.53147,3.59876,1387905.0310757,0
GLW.US,D,19900124,000000,3.50158,3.62835,3.47161,3.59876,2107974.273104,0
GLW.US,D,19900125,000000,3.62835,3.65101,3.54641,3.57601,1329235.9612277,0
GLW.US,D,19900126,000000,3.59876,3.70305,3.58362,3.60588,3555352.1861582,0
GLW.US,D,19900129,000000,3.60588,3.65853,3.56125,3.62073,1543812.8414982,0
GLW.US,D,19900130,000000,3.60588,3.63597,3.55393,3.59876,2985559.9737807,0
GLW.US,D,19900131,000000,3.62073,3.65101,3.62073,3.63597,1191016.1135346,0
GLW.US,D,19900201,000000,3.63597,3.73333,3.62835,3.71067,1479520.1586302,0
GLW.US,D,19900202,000000,3.69583,3.77768,3.68089,3.77016,1608105.5243665,0
GLW.US,D,19900205,000000,3.74798,3.84516,3.74798,3.74798,434773.27770345,0
GLW.US,D,19900206,000000,3.72532,3.73333,3.65853,3.67328,1569531.7577817,0
GLW.US,D,19900207,000000,3.62835,3.69583,3.58362,3.69583,1415229.5236911,0
GLW.US,D,19900208,000000,3.71067,3.74798,3.65853,3.67328,730520.84765428,0
GLW.US,D,19900209,000000,3.63597,3.72532,3.63597,3.70305,2009929.6724698,0
GLW.US,D,19900212,000000,3.70305,3.72532,3.67328,3.68089,1010988.8193736,0
GLW.US,D,19900213,000000,3.70305,3.77768,3.67328,3.77016,1538989.9687152,0
GLW.US,D,19900214,000000,3.79281,3.82269,3.75511,3.77768,961972.66284346,0
GLW.US,D,19900215,000000,3.77768,3.84516,3.77768,3.80755,1016618.5761808,0
GLW.US,D,19900216,000000,3.82269,3.87504,3.77016,3.82992,1203867.8919425,0
GLW.US,D,19900220,000000,3.77016,3.79281,3.71067,3.73333,1451389.8059552,0
GLW.US,D,19900221,000000,3.68089,3.74798,3.68089,3.74798,912142.45453782,0
GLW.US,D,19900222,000000,3.77016,3.77016,3.62835,3.63597,1070465.79721,0
GLW.US,D,19900223,000000,3.57601,3.62073,3.55393,3.62073,1911081.2597051,0
GLW.US,D,19900226,000000,3.62073,3.70305,3.60588,3.70305,973218.86491935,0
GLW.US,D,19900227,000000,3.68089,3.75511,3.62835,3.75511,2480067.6120229,0
GLW.US,D,19900228,000000,3.73333,3.88226,3.73333,3.86712,1881346.3546625,0
GLW.US,D,19900301,000000,3.82269,3.99438,3.82269,3.97182,2148957.4281514,0
GLW.US,D,19900302,000000,3.97924,3.97924,3.89701,3.89701,943486.00780585,0
GLW.US,D,19900305,000000,3.87504,3.88226,3.80755,3.82269,1208688.7167967,0
GLW.US,D,19900306,000000,3.83744,3.90453,3.82992,3.89701,1921529.7934374,0
GLW.US,D,19900307,000000,3.89701,3.89701,3.82992,3.85208,932237.75780097,0
GLW.US,D,19900308,000000,3.83744,3.8602,3.7853,3.79974,1798568.0407213,0
GLW.US,D,19900309,000000,3.76292,3.79974,3.75511,3.76292,1346919.8280992,0
GLW.US,D,19900312,000000,3.75511,3.79974,3.73333,3.76292,1016618.5761808,0
GLW.US,D,19900313,000000,3.76292,3.87504,3.73333,3.8602,1461032.4796281,0
GLW.US,D,19900314,000000,3.87504,3.87504,3.82992,3.87504,639707.48430126,0
GLW.US,D,19900315,000000,3.87504,3.89701,3.8602,3.88226,775522.03938978,0
GLW.US,D,19900316,000000,3.95688,3.95688,3.83744,3.85208,2089493.7618535,0
GLW.US,D,19900319,000000,3.82992,3.85208,3.80755,3.85208,1243246.4946224,0
GLW.US,D,19900320,000000,3.82269,3.95688,3.79974,3.89701,1397549.7526774,0
GLW.US,D,19900321,000000,3.91204,3.9348,3.8602,3.89701,1232801.0327835,0
GLW.US,D,19900322,000000,3.88226,3.91204,3.7853,3.82269,405040.42058996,0
GLW.US,D,19900323,000000,3.85208,3.9348,3.83744,3.92689,606754.25884316,0
GLW.US,D,19900326,000000,3.90453,4.00141,3.90453,3.94955,604344.87038058,0
GLW.US,D,19900327,000000,3.95688,4.04653,3.95688,4.04653,953130.72940768,0
GLW.US,D,19900328,000000,4.03188,4.04653,3.97924,4.00141,588276.81948604,0
GLW.US,D,19900329,000000,3.97924,3.99438,3.91204,3.95688,386553.76555235,0
GLW.US,D,19900330,000000,3.95688,4.07641,3.92689,4.02416,2025201.0789853,0
GLW.US,D,19900402,000000,4.00141,4.00141,3.89701,3.95688,798024.68318653,0
GLW.US,D,19900403,000000,3.9348,3.94955,3.87504,3.9348,2375590.4664154,0
GLW.US,D,19900404,000000,3.97924,4.02416,3.95688,4.00141,2926894.9997909,0
GLW.US,D,19900405,000000,4.00141,4.03188,3.97924,3.97924,1770442.8078689,0
GLW.US,D,19900406,000000,3.97924,4.00141,3.94955,3.97182,1130737.3714965,0
GLW.US,D,19900409,000000,3.95688,3.97182,3.94955,3.95688,380128.38833063,0
GLW.US,D,19900410,000000,3.97924,3.99438,3.95688,3.97924,1683647.4812039,0
GLW.US,D,19900411,000000,3.99438,4.02416,3.97924,4.02416,943486.00780585,0
GLW.US,D,19900412,000000,4.00141,4.06889,3.99438,4.04653,1503629.4027234,0
GLW.US,D,19900416,000000,4.04653,4.1436,4.04653,4.07641,1171723.5984374,0
GLW.US,D,19900417,000000,4.04653,4.12856,4.04653,4.09868,840621.60628193,0
GLW.US,D,19900418,000000,4.12133,4.12856,4.07641,4.09155,959556.1066294,0
GLW.US,D,19900419,000000,4.05385,4.05385,3.95688,3.95688,1277803.2484835,0
GLW.US,D,19900420,000000,3.95688,3.97924,3.8602,3.87504,1280210.5890171,0
GLW.US,D,19900423,000000,3.87504,3.90453,3.85208,3.85208,1209499.6966787,0
GLW.US,D,19900424,000000,3.87504,3.89701,3.82992,3.87504,1009387.3388995,0
GLW.US,D,19900425,000000,3.91204,3.9348,3.89701,3.90453,757039.48021015,0
GLW.US,D,19900426,000000,3.92689,4.02416,3.87504,4.00141,843027.92285102,0
GLW.US,D,19900427,000000,4.02416,4.04653,3.91204,3.94955,1086535.8960336,0
GLW.US,D,19900430,000000,3.92689,4.00942,3.91204,4.00942,892860.17908566,0
GLW.US,D,19900501,000000,4.00141,4.03188,3.97924,4.02416,724893.13877608,0
GLW.US,D,19900502,000000,4.04653,4.04653,4.00942,4.04653,365657.72205216,0
GLW.US,D,19900503,000000,4.06889,4.09868,4.03188,4.04653,686322.44408479,0
GLW.US,D,19900504,000000,4.06889,4.09155,4.03188,4.04653,1940817.188712,0
GLW.US,D,19900507,000000,4.05385,4.06889,4.03188,4.05385,883212.38559035,0
GLW.US,D,19900508,000000,4.04653,4.05385,4.02416,4.05385,671048.9896403,0
GLW.US,D,19900509,000000,4.04653,4.09155,4.00141,4.03188,1772048.3842009,0
GLW.US,D,19900510,000000,4.02416,4.06889,4.00141,4.02416,1117071.5413131,0
GLW.US,D,19900511,000000,4.07641,4.16635,4.05385,4.15083,2071007.1068158,0
GLW.US,D,19900514,000000,4.18843,4.29292,4.15083,4.26294,2348270.069658,0
GLW.US,D,19900515,000000,4.22573,4.24057,4.18843,4.20318,743376.72192021,0
GLW.US,D,19900516,000000,4.18843,4.21831,4.16635,4.21831,771506.05063064,0
GLW.US,D,19900517,000000,4.20318,4.27798,4.19575,4.20318,2758127.2192441,0
GLW.US,D,19900518,000000,4.22573,4.27046,4.20318,4.24809,833385.24917819,0
GLW.US,D,19900521,000000,4.26294,4.37534,4.26294,4.33756,1383084.2062215,0
GLW.US,D,19900522,000000,4.3899,4.45728,4.32271,4.41949,1998676.3026424,0
GLW.US,D,19900523,000000,4.36773,4.43453,4.36001,4.41246,1131539.1356981,0
GLW.US,D,19900524,000000,4.41949,4.44224,4.36773,4.36773,955539.09390576,0
GLW.US,D,19900525,000000,4.33756,4.34507,4.31547,4.31547,857496.54120049,0
GLW.US,D,19900529,000000,4.30054,4.30054,4.15083,4.19575,2873055.9704775,0
GLW.US,D,19900530,000000,4.20318,4.21831,4.16635,4.17329,1445768.240864,0
GLW.US,D,19900531,000000,4.12856,4.27798,4.12856,4.27798,1906256.3389929,0
GLW.US,D,19900601,000000,4.30054,4.30054,4.19575,4.19575,1300309.9881381,0
GLW.US,D,19900604,000000,4.17329,4.26294,4.17329,4.24809,1559083.2240493,0
GLW.US,D,19900605,000000,4.29292,4.31547,4.22573,4.24809,1831518.1942859,0
GLW.US,D,19900606,000000,4.25581,4.25581,4.20318,4.24809,1071269.6093405,0
GLW.US,D,19900607,000000,4.23325,4.25581,4.10648,4.19575,1066448.7844864,0
GLW.US,D,19900608,000000,4.12856,4.15083,3.97924,4.01674,2218877.8198977,0
GLW.US,D,19900611,000000,4.0391,4.05385,3.97924,4.03188,1608912.4083905,0
GLW.US,D,19900612,000000,4.05385,4.08373,4.00942,4.06137,1818665.3919134,0
GLW.US,D,19900613,000000,4.07641,4.15825,4.05385,4.12133,1381474.5340313,0
GLW.US,D,19900614,000000,4.09868,4.09868,4.01674,4.07641,1208688.7167967,0
GLW.US,D,19900615,000000,4.08373,4.12856,4.06137,4.12133,1351742.7008824,0
GLW.US,D,19900618,000000,4.12133,4.15083,4.03188,4.0391,1010988.8193736,0
GLW.US,D,19900619,000000,4.03188,4.07641,3.98676,4.00942,836603.5695938,0
GLW.US,D,19900620,000000,4.00141,4.06137,4.00141,4.06137,736142.41274547,0
GLW.US,D,19900621,000000,4.06137,4.15083,4.0391,4.12856,616404.10026748,0
GLW.US,D,19900622,000000,4.12856,4.15083,4.00141,4.00141,1333255.0218803,0
GLW.US,D,19900625,000000,4.01674,4.03188,3.97924,3.97924,1075286.6220642,0
GLW.US,D,19900626,000000,3.97924,3.97924,3.72532,3.79281,6896125.4441167,0
GLW.US,D,19900627,000000,3.76292,3.86712,3.76292,3.86712,2601421.7404779,0
GLW.US,D,19900628,000000,3.86712,3.86712,3.7853,3.7853,2710711.5192236,0
GLW.US,D,19900629,000000,3.79281,3.82269,3.71819,3.7853,1863667.6076135,0
GLW.US,D,19900702,000000,3.80755,3.80755,3.65101,3.71819,4257740.6332085,0
GLW.US,D,19900703,000000,3.70305,3.7853,3.70305,3.74798,1616946.4338378,0
GLW.US,D,19900705,000000,3.72532,3.7853,3.71819,3.76292,936254.77052461,0
GLW.US,D,19900706,000000,3.76292,3.88226,3.76292,3.83744,1940009.2807235,0
GLW.US,D,19900709,000000,3.84516,3.84516,3.74798,3.74798,1305933.6011584,0
GLW.US,D,19900710,000000,3.74798,3.76292,3.71819,3.71819,2000283.9269035,0
GLW.US,D,19900711,000000,3.72532,3.74798,3.69583,3.71819,2902787.8036265,0
GLW.US,D,19900712,000000,3.70305,3.74798,3.69583,3.71819,1743921.1034194,0
GLW.US,D,19900713,000000,3.74798,3.89017,3.74017,3.8602,2885909.7968144,0
GLW.US,D,19900716,000000,3.89017,3.9643,3.89017,3.95688,2119223.5470734,0
GLW.US,D,19900717,000000,3.9643,3.97924,3.84516,3.86712,1538989.9687152,0
GLW.US,D,19900718,000000,3.74017,3.7853,3.72532,3.76292,1908672.8952069,0
GLW.US,D,19900719,000000,3.7853,3.89017,3.76292,3.89017,1072876.2096371,0
GLW.US,D,19900720,000000,3.89017,3.91976,3.84516,3.84516,879191.27700873,0
GLW.US,D,19900723,000000,3.90453,3.91976,3.76292,3.81507,1989835.3931712,0
GLW.US,D,19900724,000000,3.86712,3.86712,3.76292,3.86712,1125107.6146894,0
GLW.US,D,19900725,000000,3.91204,3.9348,3.88226,3.91976,1146813.614107,0
GLW.US,D,19900726,000000,3.91204,3.91976,3.7853,3.83744,1061620.7918808,0
GLW.US,D,19900727,000000,3.81507,3.83744,3.7853,3.79281,824545.3636714,0
GLW.US,D,19900730,000000,3.7853,3.7853,3.74798,3.77016,1720614.6474922,0
GLW.US,D,19900731,000000,3.76292,3.7853,3.74017,3.7853,1465058.7080322,0
GLW.US,D,19900801,000000,3.77016,3.77016,3.71819,3.74798,986886.74303179,0
GLW.US,D,19900802,000000,3.65101,3.68812,3.60588,3.62835,1110644.1161624,0
GLW.US,D,19900803,000000,3.60588,3.60588,3.35217,3.47893,4026289.8419838,0
GLW.US,D,19900806,000000,3.28507,3.37482,3.24025,3.33,2529087.8644111,0
GLW.US,D,19900807,000000,3.4344,3.47893,3.16553,3.21779,2599806.9484655,0
GLW.US,D,19900808,000000,3.24025,3.3969,3.24025,3.35988,1890988.0043708,0
GLW.US,D,19900809,000000,3.38224,3.52385,3.35988,3.49406,1326828.6206941,0
GLW.US,D,19900810,000000,3.50158,3.54641,3.42658,3.4344,1734278.4297466,0
GLW.US,D,19900813,000000,3.41194,3.42658,3.35988,3.3969,906515.76962413,0
GLW.US,D,19900814,000000,3.40461,3.4344,3.35217,3.4344,1195032.1022937,0
GLW.US,D,19900815,000000,3.4344,3.47893,3.40461,3.40461,870352.41546644,0
GLW.US,D,19900816,000000,3.40461,3.40461,3.28507,3.35217,1724640.8758963,0
GLW.US,D,19900817,000000,3.30764,3.30764,3.16553,3.23263,1959298.7239271,0
GLW.US,D,19900820,000000,3.2551,3.3969,3.2551,3.33712,1235206.325388,0
GLW.US,D,19900821,000000,3.28507,3.28507,3.11359,3.15783,1371028.0482281,0
GLW.US,D,19900822,000000,3.18791,3.28507,3.09103,3.21779,1476301.8382145,0
GLW.US,D,19900823,000000,3.06114,3.18029,3.00128,3.11359,1449782.1816942,0
GLW.US,D,19900824,000000,3.15783,3.28507,3.06856,3.13594,2069399.4825548,0
GLW.US,D,19900827,000000,3.45677,3.45677,3.38224,3.40461,1754365.5412938,0
GLW.US,D,19900828,000000,3.37482,3.40461,3.30764,3.31496,814098.87786805,0
GLW.US,D,19900829,000000,3.33,3.44954,3.28507,3.41194,798829.51928154,0
GLW.US,D,19900830,000000,3.3969,3.40461,3.28507,3.28507,1006174.1383064,0
GLW.US,D,19900831,000000,3.30764,3.44954,3.24025,3.4344,655782.70294728,0
GLW.US,D,19900904,000000,3.42658,3.46399,3.36672,3.46399,497460.38423953,0
GLW.US,D,19900905,000000,3.46399,3.46399,3.40461,3.4344,653371.2665557,0
GLW.US,D,19900906,000000,3.4344,3.4344,3.26252,3.29269,859102.11753255,0
GLW.US,D,19900907,000000,3.28507,3.30764,3.24738,3.26252,740164.54529159,0
GLW.US,D,19900910,000000,3.36672,3.36672,3.19553,3.24025,785168.8089206,0
GLW.US,D,19900911,000000,3.26252,3.27003,3.21779,3.24025,773112.65092719,0
GLW.US,D,19900912,000000,3.21779,3.24025,3.19553,3.21779,604344.87038058,0
GLW.US,D,19900913,000000,3.21779,3.22521,3.16553,3.17325,1424069.4091978,0
GLW.US,D,19900914,000000,3.1505,3.16553,3.07579,3.10577,955539.09390576,0
GLW.US,D,19900917,000000,3.08341,3.1505,3.06856,3.1505,1196635.6306968,0
GLW.US,D,19900918,000000,3.12071,3.28507,3.08341,3.27003,1089751.1445557,0
GLW.US,D,19900919,000000,3.28507,3.28507,3.1505,3.18791,920176.47998509,0
GLW.US,D,19900920,000000,3.1505,3.16553,3.08341,3.10577,1105819.1954503,0
GLW.US,D,19900921,000000,3.10577,3.24738,3.10577,3.21779,1829914.6658828,0
GLW.US,D,19900924,000000,3.19553,3.19553,3.06856,3.10577,808475.26484786,0
GLW.US,D,19900925,000000,3.12804,3.24738,3.07579,3.24738,1575156.3947664,0
GLW.US,D,19900926,000000,3.26252,3.30764,3.17325,3.20285,970805.38059877,0
GLW.US,D,19900927,000000,3.22521,3.27003,3.14298,3.16553,862315.31812566,0
GLW.US,D,19900928,000000,3.12804,3.30764,3.08341,3.30764,1309150.8976095,0
GLW.US,D,19901001,000000,3.34503,3.5092,3.32228,3.45677,1803389.8895399,0
GLW.US,D,19901002,000000,3.52385,3.57601,3.52385,3.53147,1423263.5491384,0
GLW.US,D,19901003,000000,3.53147,3.54641,3.44182,3.44182,615590.04849197,0
GLW.US,D,19901004,000000,3.44182,3.56125,3.42658,3.5092,1190204.109688,0
GLW.US,D,19901005,000000,3.4344,3.56125,3.42658,3.46399,1313970.6984992,0
GLW.US,D,19901008,000000,3.48674,3.58362,3.48674,3.58362,769894.33051159,0
GLW.US,D,19901009,000000,3.54641,3.56125,3.41194,3.41194,1055192.3427656,0
GLW.US,D,19901010,000000,3.38957,3.40461,3.26252,3.26252,900090.39240242,0
GLW.US,D,19901011,000000,3.26252,3.29269,3.14298,3.19553,1305933.6011584,0
GLW.US,D,19901012,000000,3.24025,3.4344,3.24025,3.38957,1087339.7081641,0
GLW.US,D,19901015,000000,3.38957,3.45677,3.29269,3.34503,753016.32369954,0
GLW.US,D,19901016,000000,3.34503,3.38224,3.24738,3.26252,576217.58959915,0
GLW.US,D,19901017,000000,3.26252,3.34503,3.24025,3.34503,1051173.2821129,0
GLW.US,D,19901018,000000,3.32228,3.44182,3.32228,3.40461,1070465.79721,0
GLW.US,D,19901019,000000,3.52385,3.54641,3.4344,3.44182,1706953.9371312,0
GLW.US,D,19901022,000000,3.4344,3.54641,3.41194,3.53147,1306735.36536,0
GLW.US,D,19901023,000000,3.55393,3.69583,3.54641,3.64329,1723827.8480853,0
GLW.US,D,19901024,000000,3.62073,3.66595,3.56125,3.62073,609168.76712824,0
GLW.US,D,19901025,000000,3.62073,3.64329,3.54641,3.57601,692747.82130652,0
GLW.US,D,19901026,000000,3.55393,3.57601,3.52385,3.56125,964377.95544806,0
GLW.US,D,19901029,000000,3.53147,3.59876,3.42658,3.45677,871961.06369197,0
GLW.US,D,19901030,000000,3.47893,3.53147,3.47893,3.52385,577021.40172967,0
GLW.US,D,19901031,000000,3.52385,3.60588,3.48674,3.50158,732126.42398632,0
GLW.US,D,19901101,000000,3.48674,3.53147,3.45677,3.47893,1078499.8226574,0
GLW.US,D,19901102,000000,3.45677,3.59876,3.45677,3.58362,2030015.7600525,0
GLW.US,D,19901105,000000,3.56125,3.65101,3.56125,3.65101,1165291.0534642,0
GLW.US,D,19901106,000000,3.64329,3.64329,3.58362,3.58362,973218.86491935,0
GLW.US,D,19901107,000000,3.56125,3.57601,3.46399,3.46399,552103.22568336,0
GLW.US,D,19901108,000000,3.45677,3.47893,3.36672,3.42658,1211902.9413543,0
GLW.US,D,19901109,000000,3.4344,3.5092,3.4344,3.46399,685515.56006078,0
GLW.US,D,19901112,000000,3.47893,3.50158,3.45677,3.46399,1026263.2977827,0
GLW.US,D,19901113,000000,3.44182,3.46399,3.42658,3.42658,1784105.5661588,0
GLW.US,D,19901114,000000,3.4344,3.5092,3.40461,3.5092,1422464.8568303,0
GLW.US,D,19901115,000000,3.50158,3.54641,3.41194,3.42658,929825.29744489,0
GLW.US,D,19901116,000000,3.44182,3.47893,3.42658,3.44182,741767.04973015,0
GLW.US,D,19901119,000000,3.44182,3.54641,3.4344,3.54641,850261.20806126,0
GLW.US,D,19901120,000000,3.55393,3.58362,3.45677,3.45677,1421661.0446998,0
GLW.US,D,19901121,000000,3.47893,3.47893,3.44182,3.47893,748196.52280987,0
GLW.US,D,19901123,000000,3.46399,3.48674,3.45677,3.46399,692747.82130652,0
GLW.US,D,19901126,000000,3.4344,3.52385,3.38957,3.52385,1039125.3158356,0
GLW.US,D,19901127,000000,3.52385,3.55393,3.50158,3.52385,462098.79428335,0
GLW.US,D,19901128,000000,3.52385,3.56125,3.50158,3.52385,1010189.103101,0
GLW.US,D,19901129,000000,3.50158,3.5092,3.46399,3.47893,729716.01155925,0
GLW.US,D,19901130,000000,3.50158,3.65101,3.50158,3.64329,1860450.3111623,0
GLW.US,D,19901203,000000,3.67328,3.82269,3.67328,3.82269,2742052.0005981,0
GLW.US,D,19901204,000000,3.80755,4.00141,3.7853,3.91204,3649377.7261398,0
GLW.US,D,19901205,000000,3.84516,3.86712,3.81507,3.86712,736142.41274547,0
GLW.US,D,19901206,000000,3.91204,3.92689,3.7853,3.8602,1182975.9443003,0
GLW.US,D,19901207,000000,3.8602,3.8602,3.81507,3.84516,792402.09413083,0
GLW.US,D,19901210,000000,3.82269,3.90453,3.79281,3.90453,855083.05687992,0
GLW.US,D,19901211,000000,3.90453,3.9348,3.86712,3.89017,1391922.0437993,0
GLW.US,D,19901212,000000,3.88226,4.00942,3.86712,3.9348,2087887.1615569,0
GLW.US,D,19901213,000000,3.9643,3.9643,3.91204,3.92689,1181367.2960748,0
GLW.US,D,19901214,000000,3.90453,3.92689,3.82269,3.91204,693553.68136604,0
GLW.US,D,19901217,000000,3.90453,3.9643,3.89017,3.9643,860709.74179361,0
GLW.US,D,19901218,000000,3.94194,4.00141,3.94194,3.98676,1137970.6567068,0
GLW.US,D,19901219,000000,3.98676,3.98676,3.91204,3.9348,898480.72021236,0
GLW.US,D,19901220,000000,3.89017,3.97924,3.88226,3.9348,1178156.1434107,0
GLW.US,D,19901221,000000,3.95688,3.95688,3.91204,3.91204,1542204.1932727,0
GLW.US,D,19901224,000000,3.91204,3.94194,3.89017,3.9348,272440.09005905,0
GLW.US,D,19901226,000000,3.91204,3.91204,3.88226,3.89017,331910.92410852,0
GLW.US,D,19901227,000000,3.89017,3.9348,3.8602,3.89017,823747.69532786,0
GLW.US,D,19901228,000000,3.86712,3.91204,3.8602,3.91204,789184.79767973,0
GLW.US,D,19901231,000000,3.9348,3.9348,3.89017,3.92689,548090.30881772,0
GLW.US,D,19910102,000000,3.92689,3.94194,3.88226,3.88226,1660342.0492412,0
GLW.US,D,19910103,000000,3.86712,3.89017,3.82269,3.84516,731321.5878913,0
GLW.US,D,19910104,000000,3.8602,3.90453,3.83744,3.84516,834191.10923772,0
GLW.US,D,19910107,000000,3.7853,3.82269,3.74017,3.79974,972418.12468231,0
GLW.US,D,19910108,000000,3.7853,3.79974,3.72532,3.72532,1281820.2612071,0
GLW.US,D,19910109,000000,3.74798,3.83744,3.70305,3.70305,1124307.8984169,0
GLW.US,D,19910110,000000,3.71819,3.79281,3.69583,3.77016,775522.03938978,0
GLW.US,D,19910111,000000,3.74798,3.79974,3.74017,3.7853,778736.26394738,0
GLW.US,D,19910114,000000,3.68089,3.76292,3.68089,3.74017,934647.14626356,0
GLW.US,D,19910115,000000,3.74017,3.79281,3.74017,3.79281,502282.23305819,0
GLW.US,D,19910116,000000,3.7853,3.91204,3.76292,3.88226,821331.1391138,0
GLW.US,D,19910117,000000,4.04653,4.04653,3.9348,4.03188,3024138.8601879,0
GLW.US,D,19910118,000000,3.98676,4.12856,3.98676,4.09868,2097523.6914427,0
GLW.US,D,19910121,000000,4.07641,4.16635,4.07641,4.15083,2744465.4849187,0
GLW.US,D,19910122,000000,4.16635,4.21831,4.15083,4.18843,2558016.909394,0
GLW.US,D,19910123,000000,4.18843,4.2107,4.12856,4.17329,1267360.8585381,0
GLW.US,D,19910124,000000,4.19575,4.2854,4.17329,4.24057,1717402.4708636,0
GLW.US,D,19910125,000000,4.2854,4.3899,4.24809,4.37534,2455150.459941,0
GLW.US,D,19910128,000000,4.35278,4.37534,4.2854,4.31547,1230385.5005339,0
GLW.US,D,19910129,000000,4.30738,4.31547,4.26294,4.29292,1440943.3201518,0
GLW.US,D,19910130,000000,4.2854,4.59167,4.2854,4.55407,3024941.648354,0
GLW.US,D,19910131,000000,4.52429,4.52429,4.43453,4.51715,2683390.0985017,0
GLW.US,D,19910201,000000,4.53913,4.53913,4.45728,4.47974,1397549.7526774,0
GLW.US,D,19910204,000000,4.45728,4.53913,4.42749,4.52429,1767227.5593467,0
GLW.US,D,19910205,000000,4.54713,4.61403,4.53913,4.59879,2554001.9445994,0
GLW.US,D,19910206,000000,4.55407,4.73366,4.51715,4.71852,1887776.8517068,0
GLW.US,D,19910207,000000,4.68083,4.71852,4.49429,4.54713,3030566.2853387,0
GLW.US,D,19910208,000000,4.54713,4.6363,4.54713,4.6363,3887254.9185507,0
GLW.US,D,19910211,000000,4.62125,4.75603,4.62125,4.75603,2161820.4701688,0
GLW.US,D,19910212,000000,4.75603,4.82332,4.71852,4.75603,1975369.8467152,0
GLW.US,D,19910213,000000,4.7408,4.82332,4.69587,4.77849,1226366.4398813,0
GLW.US,D,19910214,000000,4.77849,4.84509,4.68873,4.7408,1391115.1597752,0
GLW.US,D,19910215,000000,4.7408,4.83014,4.73366,4.83014,1062424.6040114,0
GLW.US,D,19910219,000000,4.80828,4.90506,4.73366,4.78561,1107429.8916048,0
GLW.US,D,19910220,000000,4.7408,4.78561,4.71081,4.7408,981253.91433112,0
GLW.US,D,19910221,000000,4.75603,4.86023,4.7408,4.85299,943486.00780585,0
GLW.US,D,19910222,000000,4.83014,4.96492,4.80036,4.83014,818919.70272221,0
GLW.US,D,19910225,000000,4.87478,4.98728,4.87478,4.94988,919372.66785457,0
GLW.US,D,19910226,000000,4.89762,4.89762,4.80828,4.80828,896072.35571427,0
GLW.US,D,19910227,000000,4.80036,4.86023,4.80036,4.80036,2072612.6831478,0
GLW.US,D,19910228,000000,4.82332,4.87478,4.80036,4.84509,1423263.5491384,0
GLW.US,D,19910301,000000,4.80036,5.00222,4.78561,5.00222,1182975.9443003,0
GLW.US,D,19910304,000000,5.00222,5.02459,4.94988,5.02459,1708559.5134633,0
GLW.US,D,19910305,000000,5.04675,5.11414,5.01697,5.0618,2268703.9323454,0
GLW.US,D,19910306,000000,5.03963,5.17392,5.02459,5.17392,1272180.6594278,0
GLW.US,D,19910307,000000,5.18114,5.30077,5.18114,5.27831,2189140.8669263,0
GLW.US,D,19910308,000000,5.24862,5.31551,5.20369,5.24862,2159410.0577417,0
GLW.US,D,19910311,000000,5.22635,5.27108,5.18114,5.27108,585859.23930748,0
GLW.US,D,19910312,000000,5.23338,5.27108,5.10671,5.12928,3021729.4717254,0
GLW.US,D,19910313,000000,5.10671,5.22635,5.06942,5.20369,1549440.5503764,0
GLW.US,D,19910314,000000,5.21111,5.41268,5.18915,5.33808,1536579.556288,0
GLW.US,D,19910315,000000,5.36034,5.44267,5.33808,5.44267,1357363.2420092,0
GLW.US,D,19910318,000000,5.4201,5.4201,5.30077,5.33808,1514883.7965153,0
GLW.US,D,19910319,000000,5.20369,5.27108,5.18114,5.22635,2203608.4613113,0
GLW.US,D,19910320,000000,5.22635,5.29364,5.21111,5.27108,1338881.706794,0
GLW.US,D,19910321,000000,5.29364,5.30077,5.24862,5.27108,705605.74350144,0
GLW.US,D,19910322,000000,5.27108,5.36034,5.27108,5.29364,1605694.0879749,0
GLW.US,D,19910325,000000,5.3456,5.36786,5.31551,5.31551,701589.7547423,0
GLW.US,D,19910326,000000,5.29364,5.36786,5.29364,5.36034,1522119.1296546,0
GLW.US,D,19910327,000000,5.33808,5.39023,5.33808,5.36786,1246467.8869314,0
GLW.US,D,19910328,000000,5.36034,5.37538,5.32304,5.33808,849459.44385973,0
GLW.US,D,19910401,000000,5.31551,5.36034,5.29364,5.29364,1309150.8976095,0
GLW.US,D,19910402,000000,5.31551,5.41268,5.27831,5.41268,2218072.9838027,0
GLW.US,D,19910403,000000,5.48731,5.57685,5.48017,5.48017,1686859.6578326,0
GLW.US,D,19910404,000000,5.48017,5.54727,5.48017,5.48731,2435062.3244294,0
GLW.US,D,19910405,000000,5.50244,5.50244,5.22635,5.27831,2093511.7985416,0
GLW.US,D,19910408,000000,5.27831,5.27831,5.22635,5.27108,1335664.4103429,0
GLW.US,D,19910409,000000,5.27108,5.27831,5.13671,5.18114,1645073.7146191,0
GLW.US,D,19910410,000000,5.17392,5.18915,5.06942,5.12928,1083321.671476,0
GLW.US,D,19910411,000000,5.15917,5.20369,5.04675,5.11414,1778477.8572805,0
GLW.US,D,19910412,000000,5.15917,5.32304,5.15917,5.31551,1022241.1652364,0
GLW.US,D,19910415,000000,5.29364,5.36034,5.18114,5.18114,796412.96306748,0
GLW.US,D,19910416,000000,5.21111,5.37538,5.15917,5.37538,1022241.1652364,0
GLW.US,D,19910417,000000,5.39794,5.48731,5.37538,5.45761,3172815.4333295,0
GLW.US,D,19910418,000000,5.43544,5.45761,5.39023,5.39794,588276.81948604,0
GLW.US,D,19910419,000000,5.37538,5.39023,5.30077,5.30077,347177.21080154,0
GLW.US,D,19910422,000000,5.31551,5.33808,5.25614,5.31551,680696.78313561,0
GLW.US,D,19910423,000000,5.33808,5.36786,5.18915,5.27108,2232541.6021522,0
GLW.US,D,19910424,000000,5.31551,5.32304,5.27831,5.29364,627647.23044987,0
GLW.US,D,19910425,000000,5.27108,5.30077,5.21111,5.27108,1201457.4795154,0
GLW.US,D,19910426,000000,5.22635,5.27831,5.21111,5.21111,893662.96725169,0
GLW.US,D,19910429,000000,5.20369,5.21111,5.04675,5.04675,1022241.1652364,0
GLW.US,D,19910430,000000,5.06942,5.15155,5.04675,5.11414,1236008.0895896,0
GLW.US,D,19910501,000000,5.13671,5.22635,5.12928,5.22635,483797.62594957,0
GLW.US,D,19910502,000000,5.24862,5.29364,5.23338,5.27108,1985824.5242344,0
GLW.US,D,19910503,000000,5.33808,5.39023,5.23338,5.27108,1078499.8226574,0
GLW.US,D,19910506,000000,5.27108,5.33808,5.27108,5.32304,982861.53859217,0
GLW.US,D,19910507,000000,5.30077,5.3456,5.21111,5.21111,1062424.6040114,0
GLW.US,D,19910508,000000,5.22635,5.29364,5.21111,5.23338,631673.45885398,0
GLW.US,D,19910509,000000,5.23338,5.29364,5.23338,5.27108,765878.34175246,0
GLW.US,D,19910510,000000,5.27108,5.27831,5.15917,5.17392,809279.07697838,0
GLW.US,D,19910513,000000,5.20369,5.20369,5.12928,5.18114,618006.60470604,0
GLW.US,D,19910514,000000,5.20369,5.20369,5.01697,5.08445,1351742.7008824,0
GLW.US,D,19910515,000000,5.0618,5.08445,5.01697,5.02459,1191016.1135346,0
GLW.US,D,19910516,000000,5.08445,5.18114,5.06942,5.15917,1083321.671476,0
GLW.US,D,19910517,000000,5.13671,5.22635,5.12928,5.18915,957949.50633284,0
GLW.US,D,19910520,000000,5.21111,5.24862,5.18114,5.18915,346374.42263551,0
GLW.US,D,19910521,000000,5.20369,5.25614,5.20369,5.23338,547285.47272269,0
GLW.US,D,19910522,000000,5.24862,5.30077,5.22635,5.30077,1808213.7862876,0
GLW.US,D,19910523,000000,5.31551,5.39023,5.23338,5.25614,1034291.1794429,0
GLW.US,D,19910524,000000,5.29364,5.30077,5.27108,5.30077,606754.25884316,0
GLW.US,D,19910528,000000,5.32304,5.32304,5.25614,5.31551,779540.0760779,0
GLW.US,D,19910529,000000,5.29364,5.36034,5.27831,5.33808,789184.79767973,0
GLW.US,D,19910530,000000,5.27831,5.46523,5.27831,5.45761,1933584.9274663,0
GLW.US,D,19910531,000000,5.41268,5.46523,5.33808,5.46523,1811426.9868807,0
GLW.US,D,19910603,000000,5.48731,5.53252,5.39794,5.43544,987687.48326882,0
GLW.US,D,19910604,000000,5.41268,5.44267,5.39023,5.39794,1178957.9076121,0
GLW.US,D,19910605,000000,5.39794,5.39794,5.27831,5.29364,679890.92307609,0
GLW.US,D,19910606,000000,5.29364,5.33808,5.27108,5.29364,773112.65092719,0
GLW.US,D,19910607,000000,5.29364,5.30077,5.21111,5.30077,757842.26837619,0
GLW.US,D,19910610,000000,5.30077,5.31551,5.22635,5.23338,566571.84403284,0
GLW.US,D,19910611,000000,5.22635,5.22635,5.18114,5.22635,1141988.6933949,0
GLW.US,D,19910612,000000,5.20369,5.20369,5.08445,5.11414,887228.37434949,0
GLW.US,D,19910613,000000,5.13671,5.13671,5.00222,5.09207,1343701.5076837,0
GLW.US,D,19910614,000000,5.11414,5.27108,5.11414,5.27108,1002954.7939263,0
GLW.US,D,19910617,000000,5.25614,5.31551,5.25614,5.27108,528797.79372058,0
GLW.US,D,19910618,000000,5.25614,5.27108,5.1662,5.24862,1317183.8990923,0
GLW.US,D,19910619,000000,5.23338,5.27108,5.23338,5.23338,741767.04973015,0
GLW.US,D,19910620,000000,5.24862,5.37538,5.24862,5.36786,1288249.7342868,0
GLW.US,D,19910621,000000,5.4201,5.57685,5.41268,5.55449,1955285.8070615,0
GLW.US,D,19910624,000000,5.55449,5.55449,5.46523,5.48017,1066448.7844864,0
GLW.US,D,19910625,000000,5.4201,5.4201,5.31551,5.3456,1402371.6014961,0
GLW.US,D,19910626,000000,5.31551,5.36786,5.27108,5.36786,1239233.5777567,0
GLW.US,D,19910627,000000,5.3456,5.50977,5.3456,5.50977,1262534.9138615,0
GLW.US,D,19910628,000000,5.46523,5.54727,5.37538,5.48017,1294681.2552955,0
GLW.US,D,19910701,000000,5.5247,5.75606,5.50977,5.74102,3156740.2146835,0
GLW.US,D,19910702,000000,5.74102,5.78594,5.69659,5.77912,1508456.3713647,0
GLW.US,D,19910703,000000,5.75606,5.83116,5.74102,5.80078,1530953.8953388,0
GLW.US,D,19910705,000000,5.78594,5.80078,5.73389,5.76387,548894.12094824,0
GLW.US,D,19910708,000000,5.75606,5.97257,5.73389,5.97257,2058951.972787,0
GLW.US,D,19910709,000000,5.94259,5.9506,5.83819,5.89835,2318533.1166866,0
GLW.US,D,19910710,000000,5.8754,5.92814,5.80078,5.83116,1572741.8864813,0
GLW.US,D,19910711,000000,5.85342,5.89835,5.78594,5.80869,979650.38592806,0
GLW.US,D,19910712,000000,5.83116,5.98761,5.80869,5.94259,1028667.5664227,0
GLW.US,D,19910715,000000,5.97257,6.01749,5.92043,6.01749,736142.41274547,0
GLW.US,D,19910716,000000,5.99523,5.99523,5.80078,5.80078,2758931.0313747,0
GLW.US,D,19910717,000000,5.80078,5.83819,5.80078,5.83116,658186.97158738,0
GLW.US,D,19910718,000000,5.81621,5.8754,5.81621,5.85342,457276.9454647,0
GLW.US,D,19910719,000000,5.83116,5.83116,5.77912,5.81621,875979.10038011,0
GLW.US,D,19910722,000000,5.80078,5.85342,5.78594,5.85342,594699.12481427,0
GLW.US,D,19910723,000000,5.86056,5.90538,5.71895,5.73389,938668.25484519,0
GLW.US,D,19910724,000000,5.74102,5.75606,5.69659,5.74102,724088.30268107,0
GLW.US,D,19910725,000000,5.75606,5.75606,5.69659,5.75606,843834.80687504,0
GLW.US,D,19910726,000000,5.80078,5.80078,5.6666,5.75606,1082519.9072745,0
GLW.US,D,19910729,000000,5.74102,5.76387,5.71161,5.75606,1596857.2743616,0
GLW.US,D,19910730,000000,5.77912,5.8754,5.77912,5.80869,978038.66580901,0
GLW.US,D,19910731,000000,5.80869,5.80869,5.71161,5.77912,1471486.1331829,0
GLW.US,D,19910801,000000,5.77912,5.77912,5.73389,5.75606,1277001.484282,0
GLW.US,D,19910802,000000,5.75606,5.75606,5.68897,5.73389,1216722.7422439,0
GLW.US,D,19910805,000000,5.71161,5.71895,5.65166,5.65166,953932.4936092,0
GLW.US,D,19910806,000000,5.67412,5.80869,5.6666,5.78594,1622569.0228934,0
GLW.US,D,19910807,000000,5.80078,5.83116,5.77912,5.81621,894464.73145322,0
GLW.US,D,19910808,000000,5.78594,5.86056,5.77912,5.81621,617202.79257552,0
GLW.US,D,19910809,000000,5.81621,5.96554,5.81621,5.96554,824545.3636714,0
GLW.US,D,19910812,000000,5.96554,5.96554,5.92043,5.92814,267616.1933114,0
GLW.US,D,19910813,000000,5.92814,5.98761,5.90538,5.9506,1218332.414434,0
GLW.US,D,19910814,000000,5.97257,5.97257,5.8836,5.90538,702392.54290833,0
GLW.US,D,19910815,000000,5.86056,5.89835,5.80869,5.81621,777935.52371036,0
GLW.US,D,19910816,000000,5.81621,5.83819,5.71161,5.77912,1010189.103101,0
GLW.US,D,19910819,000000,5.6666,5.73389,5.53252,5.62919,1336468.2224735,0
GLW.US,D,19910820,000000,5.65166,5.68897,5.60722,5.65166,1250478.7558681,0
GLW.US,D,19910821,000000,5.81621,5.85342,5.77912,5.83819,1542204.1932727,0
GLW.US,D,19910822,000000,5.85342,5.92814,5.83819,5.92043,875173.24032059,0
GLW.US,D,19910823,000000,5.92043,6.15217,5.8836,6.13694,1627397.0154991,0
GLW.US,D,19910826,000000,6.10685,6.13694,6.04719,6.04719,630061.73873494,0
GLW.US,D,19910827,000000,6.04005,6.06212,6.03254,6.04719,284495.22408794,0
GLW.US,D,19910828,000000,6.04719,6.15939,6.04005,6.15217,1101807.3025491,0
GLW.US,D,19910829,000000,6.17413,6.30158,6.17413,6.24143,2144942.4633568,0
GLW.US,D,19910830,000000,6.24143,6.27141,6.18185,6.22668,404235.58449493,0
GLW.US,D,19910903,000000,6.20412,6.27141,6.12971,6.13694,487814.63867322,0
GLW.US,D,19910904,000000,6.13694,6.1968,6.10685,6.15217,903302.56903102,0
GLW.US,D,19910905,000000,6.15217,6.18185,6.08507,6.10685,1113858.34072,0
GLW.US,D,19910906,000000,6.10685,6.12971,6.04005,6.06983,515942.94341915,0
GLW.US,D,19910909,000000,6.06212,6.06212,6.01749,6.04005,382534.70489972,0
GLW.US,D,19910910,000000,6.01749,6.04005,5.92043,5.94259,1420856.2086047,0
GLW.US,D,19910911,000000,5.94259,5.99523,5.89835,5.99523,905716.0533516,0
GLW.US,D,19910912,000000,6.01749,6.09211,6.00265,6.04005,556128.43012298,0
GLW.US,D,19910913,000000,6.06212,6.09211,5.99523,5.99523,585859.23930748,0
GLW.US,D,19910916,000000,5.99523,6.04719,5.99523,6.01749,765878.34175246,0
GLW.US,D,19910917,000000,6.01749,6.06212,5.99523,6.0252,775522.03938978,0
GLW.US,D,19910918,000000,6.00265,6.04005,5.99523,6.01749,609168.76712824,0
GLW.US,D,19910919,000000,5.99523,6.08507,5.98029,6.04005,829369.26041906,0
GLW.US,D,19910920,000000,6.04005,6.10685,6.01749,6.10685,1829914.6658828,0
GLW.US,D,19910923,000000,6.08507,6.10685,6.06212,6.10685,521568.60436834,0
GLW.US,D,19910924,000000,6.10685,6.26379,6.10685,6.26379,901696.99269897,0
GLW.US,D,19910925,000000,6.24143,6.24904,6.12971,6.17413,591486.94818565,0
GLW.US,D,19910926,000000,6.06983,6.18185,6.06212,6.12971,554514.66207493,0
GLW.US,D,19910927,000000,6.12971,6.1968,6.10685,6.13694,519956.88424929,0
GLW.US,D,19910930,000000,6.12971,6.1968,6.10685,6.1968,770702.23850011,0
GLW.US,D,19911001,000000,6.1968,6.1968,6.12971,6.15939,884015.17375638,0
GLW.US,D,19911002,000000,6.15939,6.17413,6.10685,6.12971,400219.5957358,0
GLW.US,D,19911003,000000,6.08507,6.15939,6.06212,6.13694,752214.559498,0
GLW.US,D,19911004,000000,6.13694,6.15939,6.10685,6.10685,807670.42875284,0
GLW.US,D,19911007,000000,6.10685,6.12971,6.08507,6.08507,959556.1066294,0
GLW.US,D,19911008,000000,6.09211,6.09211,6.04005,6.08507,622826.40559571,0
GLW.US,D,19911009,000000,6.04719,6.10685,5.97257,5.98029,1079304.6587524,0
GLW.US,D,19911010,000000,5.98029,6.06212,5.94259,6.06212,779540.0760779,0
GLW.US,D,19911011,000000,6.06212,6.06212,5.97257,6.0252,618814.51269456,0
GLW.US,D,19911014,000000,6.0252,6.10685,6.0252,6.10685,683102.07574021,0
GLW.US,D,19911015,000000,6.15217,6.54749,6.15217,6.49554,3266840.973311,0
GLW.US,D,19911016,000000,6.49554,6.66713,6.43577,6.63695,1813039.7309642,0
GLW.US,D,19911017,000000,6.59251,6.64467,6.56986,6.61487,1272977.3038068,0
GLW.US,D,19911018,000000,6.6222,6.75668,6.60003,6.73422,1690072.8584258,0
GLW.US,D,19911021,000000,6.7269,6.77181,6.7269,6.75668,1027867.8501502,0
GLW.US,D,19911022,000000,6.75668,6.83891,6.6597,6.68217,1037514.619681,0
GLW.US,D,19911023,000000,6.68217,6.83891,6.68217,6.83891,686322.44408479,0
GLW.US,D,19911024,000000,6.81654,6.81654,6.68939,6.74916,1322806.488148,0
GLW.US,D,19911025,000000,6.74916,6.75668,6.68939,6.68939,1638645.265504,0
GLW.US,D,19911028,000000,6.74916,6.83891,6.70423,6.83891,1285842.3937532,0
GLW.US,D,19911029,000000,6.8687,7.10016,6.8687,6.98804,1454607.1024064,0
GLW.US,D,19911030,000000,6.95855,6.9809,6.92074,6.95855,1014208.1637537,0
GLW.US,D,19911031,000000,6.95855,7.07007,6.86108,6.95855,1355755.6177481,0
GLW.US,D,19911101,000000,6.95855,6.95855,6.8017,6.81654,1727044.1205719,0
GLW.US,D,19911104,000000,6.83891,6.83891,6.79389,6.79389,545679.89639063,0
GLW.US,D,19911105,000000,6.84614,6.84614,6.7269,6.7269,936254.77052461,0
GLW.US,D,19911106,000000,6.71175,6.77181,6.71175,6.75668,1825893.5573012,0
GLW.US,D,19911107,000000,6.77181,6.77181,6.68217,6.7269,1364597.5511839,0
GLW.US,D,19911108,000000,6.7269,6.73422,6.6597,6.68217,509514.49430393,0
GLW.US,D,19911111,000000,6.66713,6.71175,6.66713,6.68939,860709.74179361,0
GLW.US,D,19911112,000000,6.71175,6.86108,6.68939,6.81654,1423263.5491384,0
GLW.US,D,19911113,000000,6.8017,6.81654,6.73422,6.81654,918571.92761753,0
GLW.US,D,19911114,000000,6.8017,6.81654,6.77181,6.79389,1132340.8998996,0
GLW.US,D,19911115,000000,6.79389,6.79389,6.52533,6.59251,1126718.3108439,0
GLW.US,D,19911118,000000,6.54027,6.61487,6.51761,6.54027,2124852.2799161,0
GLW.US,D,19911119,000000,6.45785,6.4805,6.32346,6.39064,2846531.1941346,0
GLW.US,D,19911120,000000,6.41311,6.54749,6.39064,6.50247,885627.91783992,0
GLW.US,D,19911121,000000,6.49554,6.71175,6.45785,6.71175,1567922.0855917,0
GLW.US,D,19911122,000000,6.71175,6.71175,6.6222,6.63695,892056.36695513,0
GLW.US,D,19911125,000000,6.6222,6.6222,6.54749,6.59251,1539790.7089521,0
GLW.US,D,19911126,000000,6.61487,6.74916,6.59251,6.71175,1418440.6763551,0
GLW.US,D,19911127,000000,6.7269,6.8017,6.68939,6.71175,1328433.1730616,0
GLW.US,D,19911129,000000,6.70423,6.74916,6.68939,6.71175,528797.79372058,0
GLW.US,D,19911202,000000,6.66713,6.77181,6.6222,6.77181,1979396.0751194,0
GLW.US,D,19911203,000000,6.77181,6.8687,6.73422,6.8687,1032690.7229333,0
GLW.US,D,19911204,000000,6.8687,6.89858,6.79389,6.87602,1530953.8953388,0
GLW.US,D,19911205,000000,6.84614,6.91352,6.81654,6.87602,1804196.773564,0
GLW.US,D,19911206,000000,6.86108,6.96587,6.8017,6.93549,1633016.5326613,0
GLW.US,D,19911209,000000,6.96587,7.00298,6.89858,6.92074,1375848.8730822,0
GLW.US,D,19911210,000000,6.92074,7.02543,6.89107,6.89107,1159669.488373,0
GLW.US,D,19911211,000000,6.89107,7.04781,6.84614,7.04781,1947244.6138627,0
GLW.US,D,19911212,000000,7.05523,7.14448,7.05523,7.09253,2500963.6555232,0
GLW.US,D,19911213,000000,7.07007,7.37653,7.07007,7.3691,2620701.9680011,0
GLW.US,D,19911216,000000,7.30943,7.30943,7.24214,7.27936,2282366.6906354,0
GLW.US,D,19911217,000000,7.30172,7.32428,7.19702,7.19702,1884560.5792202,0
GLW.US,D,19911218,000000,7.21949,7.35416,7.19009,7.34644,896873.09595131,0
GLW.US,D,19911219,000000,7.34644,7.34644,7.16734,7.21949,1832322.0064164,0
GLW.US,D,19911220,000000,7.35416,7.35416,7.19702,7.30172,2382020.9634597,0
GLW.US,D,19911223,000000,7.30943,7.62253,7.30943,7.60046,1105819.1954503,0
GLW.US,D,19911224,000000,7.60046,7.68962,6.82368,6.84614,3503915.377556,0
GLW.US,D,19911226,000000,7.02543,7.19702,7.00298,7.07007,4608128.9966742,0
GLW.US,D,19911227,000000,7.09253,7.21207,7.07739,7.19702,1856434.3224032,0
GLW.US,D,19911230,000000,7.15259,7.16734,7.04781,7.10016,2675348.9053029,0
GLW.US,D,19911231,000000,7.07007,7.12983,6.74174,6.84614,4394363.0962856,0
GLW.US,D,19920102,000000,6.71175,7.03295,6.69701,7.03295,3204957.6789055,0
GLW.US,D,19920103,000000,7.04781,7.19009,7.04781,7.07739,2930108.2003839,0
GLW.US,D,19920106,000000,6.95855,7.05523,6.89107,6.89858,2491318.9339213,0
GLW.US,D,19920107,000000,6.68939,6.89107,6.68939,6.80892,3808501.8090491,0
GLW.US,D,19920108,000000,6.77905,6.95855,6.77905,6.94341,2787059.3361206,0
GLW.US,D,19920109,000000,6.95855,7.07007,6.95855,7.02543,4627418.4398778,0
GLW.US,D,19920110,000000,6.98804,7.07007,6.96587,7.04781,1634627.2288158,0
GLW.US,D,19920113,000000,6.9809,6.98804,5.9506,6.09973,14119336.89163,0
GLW.US,D,19920114,000000,6.12199,6.24143,5.70372,6.09973,27565209.261369,0
GLW.US,D,19920115,000000,6.24143,6.42825,6.1968,6.21936,11472913.959416,0
GLW.US,D,19920116,000000,6.1968,6.44271,6.15217,6.27873,5870662.8865712,0
GLW.US,D,19920117,000000,6.21936,6.26379,6.18937,6.24143,3706434.0519042,0
GLW.US,D,19920120,000000,6.24143,6.24143,5.74913,5.81621,7744780.0518814,0
GLW.US,D,19920121,000000,5.86056,5.9506,5.70372,5.7709,6556176.398703,0
GLW.US,D,19920122,000000,5.76387,5.79366,5.60722,5.61426,6736193.4532189,0
GLW.US,D,19920123,000000,5.54727,5.56973,5.37538,5.46523,13400066.341909,0
GLW.US,D,19920124,000000,5.37538,5.48731,5.36034,5.38281,7034351.4355967,0
GLW.US,D,19920127,000000,5.39794,5.50977,5.39794,5.45029,7158916.7167158,0
GLW.US,D,19920128,000000,5.47236,5.4951,5.37538,5.40517,4567147.8895557,0
GLW.US,D,19920129,000000,5.39794,5.74913,5.39794,5.61426,7936855.3123197,0
GLW.US,D,19920130,000000,5.65928,5.74102,5.65928,5.71895,4833959.2467721,0
GLW.US,D,19920131,000000,5.72627,5.79366,5.56231,5.61426,3306215.4801329,0
GLW.US,D,19920203,000000,5.61426,5.71895,5.56973,5.69659,2482479.0484144,0
GLW.US,D,19920204,000000,5.68174,5.83819,5.68174,5.81621,3715271.889482,0
GLW.US,D,19920205,000000,5.78594,5.86056,5.7709,5.79366,3339166.657662,0
GLW.US,D,19920206,000000,5.80869,5.80869,5.56973,5.68174,2416577.7173209,0
GLW.US,D,19920207,000000,5.67412,5.79366,5.59199,5.63711,3143076.4324289,0
GLW.US,D,19920210,000000,5.65928,5.70372,5.4201,5.4201,5607873.6619009,0
GLW.US,D,19920211,000000,5.35312,5.37538,5.12928,5.30848,10268241.231379,0
GLW.US,D,19920212,000000,5.30848,5.53252,5.30848,5.53252,7744376.6098693,0
GLW.US,D,19920213,000000,5.56973,5.61426,5.39794,5.48731,3774741.699567,0
GLW.US,D,19920214,000000,5.48731,5.54727,5.46523,5.46523,2544761.688974,0
GLW.US,D,19920218,000000,5.44267,5.50977,5.26356,5.26356,3912968.7150116,0
GLW.US,D,19920219,000000,5.26356,5.30848,5.19647,5.28593,2691024.7777949,0
GLW.US,D,19920220,000000,5.39794,5.8836,5.35312,5.8836,6272084.616627,0
GLW.US,D,19920221,000000,5.92814,6.12971,5.79366,5.8836,6318297.158363,0
GLW.US,D,19920224,000000,5.92814,6.10685,5.92814,6.04005,3988116.4455175,0
GLW.US,D,19920225,000000,6.01749,6.10685,5.97257,5.99523,3819749.0350894,0
GLW.US,D,19920226,000000,6.04005,6.1968,6.01749,6.1968,2967077.4146012,0
GLW.US,D,19920227,000000,6.21936,6.21936,6.10685,6.15217,1322407.1419939,0
GLW.US,D,19920228,000000,6.15217,6.17413,6.08507,6.10685,1481931.5950218,0
GLW.US,D,19920302,000000,6.10685,6.12971,6.06212,6.10685,863926.0142802,0
GLW.US,D,19920303,000000,6.09211,6.13694,6.06983,6.09211,1913092.325978,0
GLW.US,D,19920304,000000,6.09211,6.18185,6.04719,6.11467,1790935.4093571,0
GLW.US,D,19920305,000000,6.04719,6.06983,5.9131,5.95752,2018368.1638936,0
GLW.US,D,19920306,000000,5.95752,5.98029,5.8459,5.89024,1841966.7280183,0
GLW.US,D,19920309,000000,5.89024,6.0252,5.89024,5.98029,1181770.7380868,0
GLW.US,D,19920310,000000,6.06983,6.13694,6.06983,6.09211,2179097.823135,0
GLW.US,D,19920311,000000,6.09211,6.09211,6.0252,6.06983,1238825.0159222,0
GLW.US,D,19920312,000000,6.06983,6.09211,5.98029,5.98029,2404925.0013394,0
GLW.US,D,19920313,000000,6.00265,6.06983,6.00265,6.0252,1560689.8243459,0
GLW.US,D,19920316,000000,6.04719,6.06983,5.98029,6.00265,1266954.3446325,0
GLW.US,D,19920317,000000,6.04719,6.09211,6.04719,6.06983,1123906.5043338,0
GLW.US,D,19920318,000000,6.04719,6.09211,6.04719,6.06983,1596451.7844205,0
GLW.US,D,19920319,000000,6.04719,6.09211,5.98029,6.00265,1433307.6168942,0
GLW.US,D,19920320,000000,6.04719,6.06983,5.9131,6.00265,1930366.6070507,0
GLW.US,D,19920323,000000,6.00265,6.00265,5.89024,5.93566,735736.92280446,0
GLW.US,D,19920324,000000,5.9131,5.95752,5.8459,5.86846,1365002.0171604,0
GLW.US,D,19920325,000000,5.82344,5.8459,5.68897,5.75606,2081049.1266428,0
GLW.US,D,19920326,000000,5.80078,5.8459,5.64413,5.68897,1621770.3305853,0
GLW.US,D,19920327,000000,5.73389,5.80078,5.6666,5.68897,906116.42347011,0
GLW.US,D,19920330,000000,5.73389,5.93566,5.73389,5.89024,902901.17494801,0
GLW.US,D,19920331,000000,6.09211,6.09211,6.00265,6.06983,3232681.5176749,0
GLW.US,D,19920401,000000,6.06983,6.27141,6.04719,6.22668,4209521.1210574,0
GLW.US,D,19920402,000000,6.20412,6.20412,6.09211,6.13694,1438533.9316893,0
GLW.US,D,19920403,000000,6.13694,6.29368,6.09211,6.27141,1991041.6233492,0
GLW.US,D,19920406,000000,6.29368,6.31654,6.22668,6.22668,1653911.552197,0
GLW.US,D,19920407,000000,6.24904,6.24904,6.04719,6.06983,1195427.3525898,0
GLW.US,D,19920408,000000,6.0252,6.13694,5.95752,6.00265,1726244.4042993,0
GLW.US,D,19920409,000000,6.04719,6.22668,6.0252,6.15939,1143998.7357035,0
GLW.US,D,19920410,000000,6.22668,6.29368,6.15939,6.24904,1145603.288071,0
GLW.US,D,19920413,000000,6.22668,6.29368,6.18185,6.22668,859102.11753255,0
GLW.US,D,19920414,000000,6.15939,6.51761,6.15939,6.47269,3136650.0312428,0
GLW.US,D,19920415,000000,6.49554,6.63002,6.4508,6.63002,2607847.1176997,0
GLW.US,D,19920416,000000,6.63002,6.71918,6.54027,6.67416,2588961.116508,0
GLW.US,D,19920420,000000,6.58489,6.63002,6.51761,6.54027,3026142.7587095,0
GLW.US,D,19920421,000000,6.56282,6.58489,6.49554,6.54027,766682.15388298,0
GLW.US,D,19920422,000000,6.54027,6.71918,6.49554,6.71918,2365945.7448137,0
GLW.US,D,19920423,000000,6.67416,6.69701,6.60735,6.60735,1332454.2816432,0
GLW.US,D,19920424,000000,6.65218,6.67416,6.56282,6.56282,880799.92523427,0
GLW.US,D,19920427,000000,6.47269,6.54027,6.38342,6.47269,690334.33698595,0
GLW.US,D,19920428,000000,6.27141,6.36077,6.09211,6.3385,2757327.5029716,0
GLW.US,D,19920429,000000,6.4508,6.4508,6.31654,6.42825,1653109.7879954,0
GLW.US,D,19920430,000000,6.4508,6.67416,6.42825,6.60735,1152439.2750562,0
GLW.US,D,19920501,000000,6.67416,6.69701,6.54027,6.60735,883212.38559035,0
GLW.US,D,19920504,000000,6.60735,6.69701,6.60735,6.65218,902901.17494801,0
GLW.US,D,19920505,000000,6.69701,6.7639,6.67416,6.69701,2122440.8435245,0
GLW.US,D,19920506,000000,6.69701,6.7639,6.63002,6.71918,1520912.8994766,0
GLW.US,D,19920507,000000,6.71918,6.80892,6.69701,6.80892,567781.14610436,0
GLW.US,D,19920508,000000,6.78647,6.83129,6.74174,6.80892,921384.75809212,0
GLW.US,D,19920511,000000,6.85405,6.92074,6.83129,6.87602,1876121.0638319,0
GLW.US,D,19920512,000000,6.87602,6.87602,6.71918,6.85405,1107429.8916048,0
GLW.US,D,19920513,000000,6.85405,6.89858,6.83129,6.83129,996528.39274011,0
GLW.US,D,19920514,000000,6.83129,6.83129,6.74174,6.7639,613182.70795838,0
GLW.US,D,19920515,000000,6.7639,6.83129,6.74174,6.74174,1279814.3147566,0
GLW.US,D,19920518,000000,6.74174,6.7639,6.49554,6.51761,550899.04343431,0
GLW.US,D,19920519,000000,6.54027,6.78647,6.51761,6.74174,688328.39053537,0
GLW.US,D,19920520,000000,6.67416,6.69701,6.60735,6.65218,683905.88787073,0
GLW.US,D,19920521,000000,6.54027,6.67416,6.54027,6.58489,660600.45590796,0
GLW.US,D,19920522,000000,6.63002,6.74174,6.63002,6.69701,387761.01969489,0
GLW.US,D,19920526,000000,6.67416,6.67416,6.40559,6.54027,936254.77052461,0
GLW.US,D,19920527,000000,6.54027,6.65218,6.54027,6.60735,842628.576697,0
GLW.US,D,19920528,000000,6.63002,6.69701,6.58489,6.69701,666220.99703466,0
GLW.US,D,19920529,000000,6.74174,6.83129,6.67416,6.67416,1430495.8103841,0
GLW.US,D,19920601,000000,6.67416,6.69701,6.60735,6.63002,492636.48749187,0
GLW.US,D,19920602,000000,6.65218,6.7639,6.58489,6.74174,910935.20039528,0
GLW.US,D,19920603,000000,6.80892,6.83129,6.69701,6.7639,1369018.0059195,0
GLW.US,D,19920604,000000,6.7639,6.7639,6.65218,6.65218,703198.40296786,0
GLW.US,D,19920605,000000,6.67416,6.67416,6.49554,6.65218,1050778.031817,0
GLW.US,D,19920608,000000,6.65218,6.69701,6.56282,6.65218,957550.16017882,0
GLW.US,D,19920609,000000,6.60735,6.63002,6.54027,6.56282,1027466.4560672,0
GLW.US,D,19920610,000000,6.51761,6.56282,6.40559,6.40559,634081.82335207,0
GLW.US,D,19920611,000000,6.4508,6.54027,6.40559,6.49554,973218.86491935,0
GLW.US,D,19920612,000000,6.54027,6.63002,6.49554,6.58489,803645.22431322,0
GLW.US,D,19920615,000000,6.56282,6.60735,6.4508,6.4508,493038.90553939,0
GLW.US,D,19920616,000000,6.49554,6.60735,6.40559,6.40559,1329639.4032397,0
GLW.US,D,19920617,000000,6.3385,6.40559,6.22668,6.31654,1573549.7944698,0
GLW.US,D,19920618,000000,6.27141,6.31654,6.24904,6.31654,937861.37082116,0
GLW.US,D,19920619,000000,6.31654,6.69701,6.31654,6.69701,2507788.3788988,0
GLW.US,D,19920622,000000,6.69701,6.69701,6.56282,6.63002,869151.30511088,0
GLW.US,D,19920623,000000,6.60735,6.63002,6.47269,6.47269,1029074.0803283,0
GLW.US,D,19920624,000000,6.47269,6.49554,6.38342,6.42825,1567922.0855917,0
GLW.US,D,19920625,000000,6.42825,6.51761,6.42825,6.47269,632070.75707901,0
GLW.US,D,19920626,000000,6.47269,6.58489,6.4508,6.58489,595105.63871978,0
GLW.US,D,19920629,000000,6.60735,6.67416,6.54027,6.63002,1486356.1456154,0
GLW.US,D,19920630,000000,6.67416,6.78647,6.60735,6.7639,1966932.3792559,0
GLW.US,D,19920701,000000,6.7639,6.87602,6.74174,6.80892,1745932.1696926,0
GLW.US,D,19920702,000000,6.83129,6.87602,6.74174,6.80892,1140381.069134,0
GLW.US,D,19920706,000000,6.80892,6.80892,6.56282,6.63002,1235206.325388,0
GLW.US,D,19920707,000000,6.65218,6.67416,6.56282,6.58489,1300309.9881381,0
GLW.US,D,19920708,000000,6.56282,6.67416,6.54027,6.67416,776729.29353231,0
GLW.US,D,19920709,000000,6.67416,6.83129,6.67416,6.78647,1721817.8057768,0
GLW.US,D,19920710,000000,6.78647,6.83129,6.7639,6.7639,708419.59794055,0
GLW.US,D,19920713,000000,6.74174,6.78647,6.74174,6.74174,672252.14792485,0
GLW.US,D,19920714,000000,6.71918,6.89858,6.71918,6.89858,670646.57159279,0
GLW.US,D,19920715,000000,6.87602,6.94341,6.7639,6.83129,990099.94362489,0
GLW.US,D,19920716,000000,6.7639,6.83129,6.7639,6.80892,948708.22674304,0
GLW.US,D,19920717,000000,6.74174,6.7639,6.71918,6.7639,699175.24645724,0
GLW.US,D,19920720,000000,6.69701,6.69701,6.56282,6.69701,1311557.2141786,0
GLW.US,D,19920721,000000,6.7639,6.78647,6.58489,6.60735,751009.35328447,0
GLW.US,D,19920722,000000,6.56282,6.58489,6.51761,6.54027,391783.15224102,0
GLW.US,D,19920723,000000,6.51761,6.58489,6.49554,6.58489,320252.06434015,0
GLW.US,D,19920724,000000,6.42825,6.51761,6.42825,6.51761,633675.30944657,0
GLW.US,D,19920727,000000,6.47269,6.51761,6.4508,6.47269,933438.86815653,0
GLW.US,D,19920728,000000,6.51761,6.80892,6.49554,6.74174,2255046.2938779,0
GLW.US,D,19920729,000000,6.7639,6.83129,6.74174,6.7639,1389914.0494197,0
GLW.US,D,19920730,000000,6.80892,6.83129,6.60735,6.60735,1090144.3469228,0
GLW.US,D,19920731,000000,6.63002,6.63002,6.51761,6.54027,1062027.3057863,0
GLW.US,D,19920803,000000,6.49554,6.56282,6.47269,6.51761,552908.06177838,0
GLW.US,D,19920804,000000,6.47269,6.60735,6.47269,6.58489,527596.68336503,0
GLW.US,D,19920805,000000,6.58489,6.58489,6.54027,6.54027,286501.17053852,0
GLW.US,D,19920806,000000,6.51761,6.54027,6.47269,6.49554,672252.14792485,0
GLW.US,D,19920807,000000,6.54027,6.60735,6.51761,6.54027,473752.53422924,0
GLW.US,D,19920810,000000,6.49554,6.49554,6.4508,6.47269,359232.34483044,0
GLW.US,D,19920811,000000,6.47269,6.49554,6.27141,6.3385,958755.36639236,0
GLW.US,D,19920812,000000,6.31654,6.38342,6.29368,6.36077,440397.91468814,0
GLW.US,D,19920813,000000,6.42825,6.47269,6.36077,6.47269,1244855.1428479,0
GLW.US,D,19920814,000000,6.51761,6.60735,6.4508,6.56282,813293.01780853,0
GLW.US,D,19920817,000000,6.54027,6.58489,6.51761,6.54027,785566.10714561,0
GLW.US,D,19920818,000000,6.51761,6.58489,6.51761,6.56282,546081.29047364,0
GLW.US,D,19920819,000000,6.65218,6.65218,6.51761,6.56282,893257.47731069,0
GLW.US,D,19920820,000000,6.54027,6.58489,6.51761,6.51761,489423.28689877,0
GLW.US,D,19920821,000000,6.58489,6.58489,6.40559,6.54027,973218.86491935,0
GLW.US,D,19920824,000000,6.54027,6.56282,6.47269,6.51761,1006970.7826855,0
GLW.US,D,19920825,000000,6.49554,6.49554,6.36077,6.38342,780350.03199542,0
GLW.US,D,19920826,000000,6.36077,6.36077,6.24904,6.31654,947101.62644648,0
GLW.US,D,19920827,000000,6.38342,6.47269,6.3385,6.38342,822130.85538633,0
GLW.US,D,19920828,000000,6.40559,6.42825,6.3385,6.36077,433568.07148992,0
GLW.US,D,19920831,000000,6.3385,6.42825,6.3385,6.38342,963980.65722304,0
GLW.US,D,19920901,000000,6.32346,6.43577,6.27873,6.43577,742572.90978968,0
GLW.US,D,19920902,000000,6.43577,6.45785,6.32346,6.39064,932635.05602601,0
GLW.US,D,19920903,000000,6.36858,6.4805,6.36858,6.36858,1044342.4149502,0
GLW.US,D,19920904,000000,6.36858,6.41311,6.30158,6.30158,1168103.8839389,0
GLW.US,D,19920908,000000,6.30158,6.32346,6.27873,6.27873,506703.71175834,0
GLW.US,D,19920909,000000,6.30158,6.32346,6.21194,6.30158,1387905.0310757,0
GLW.US,D,19920910,000000,6.34612,6.39064,6.2341,6.39064,1006174.1383064,0
GLW.US,D,19920911,000000,6.43577,6.54749,6.39064,6.45785,834590.45539174,0
GLW.US,D,19920914,000000,6.68217,6.83891,6.6597,6.81654,1933985.2975847,0
GLW.US,D,19920915,000000,6.79389,6.83891,6.68217,6.68217,990099.94362489,0
GLW.US,D,19920916,000000,6.68217,6.86108,6.68217,6.74916,708419.59794055,0
GLW.US,D,19920917,000000,6.77181,6.88345,6.74916,6.83891,528000.12537704,0
GLW.US,D,19920918,000000,6.88345,6.95073,6.83891,6.95073,1252888.1443306,0
GLW.US,D,19920921,000000,6.92896,6.92896,6.77181,6.81654,504287.15554427,0
GLW.US,D,19920922,000000,6.77181,6.79389,6.63695,6.6597,546481.66059216,0
GLW.US,D,19920923,000000,6.68217,6.81654,6.68217,6.79389,593902.48043523,0
GLW.US,D,19920924,000000,6.81654,6.9062,6.70423,6.70423,708419.59794055,0
GLW.US,D,19920925,000000,6.7269,6.7269,6.50247,6.50247,1473896.54561,0
GLW.US,D,19920928,000000,6.36858,6.56986,6.36858,6.52533,1250878.1020221,0
GLW.US,D,19920929,000000,6.52533,6.6597,6.50247,6.63695,413078.54189522,0
GLW.US,D,19920930,000000,6.63695,6.74916,6.61487,6.70423,383341.58892374,0
GLW.US,D,19921001,000000,6.74916,6.74916,6.63695,6.70423,507504.45199537,0
GLW.US,D,19921002,000000,6.68217,6.70423,6.52533,6.54749,307801.68001522,0
GLW.US,D,19921005,000000,6.32346,6.4805,6.27873,6.45785,1183774.6366083,0
GLW.US,D,19921006,000000,6.43577,6.50247,6.41311,6.50247,693948.93166208,0
GLW.US,D,19921007,000000,6.54749,6.63695,6.52533,6.56986,553312.52775489,0
GLW.US,D,19921008,000000,6.56986,6.7269,6.56986,6.70423,442807.30315072,0
GLW.US,D,19921009,000000,6.6597,6.6597,6.54749,6.56986,403838.28626991,0
GLW.US,D,19921012,000000,6.54749,6.6597,6.54749,6.6597,607960.48902121,0
GLW.US,D,19921013,000000,6.6597,6.79389,6.63695,6.79389,900090.39240242,0
GLW.US,D,19921014,000000,6.70423,6.81654,6.68217,6.68217,1873309.2573217,0
GLW.US,D,19921015,000000,6.45785,6.68217,6.45785,6.6597,945092.60810241,0
GLW.US,D,19921016,000000,6.6597,6.77181,6.59251,6.77181,556929.17036001,0
GLW.US,D,19921019,000000,6.7269,6.86108,6.68217,6.74916,797217.7991625,0
GLW.US,D,19921020,000000,6.86108,6.86108,6.74916,6.74916,611978.52570934,0
GLW.US,D,19921021,000000,6.74916,6.9062,6.74916,6.9062,608361.88310423,0
GLW.US,D,19921022,000000,6.9062,6.92896,6.83891,6.9062,621220.82926365,0
GLW.US,D,19921023,000000,6.92896,7.09253,6.9062,6.95073,1403576.8077096,0
GLW.US,D,19921026,000000,6.95073,6.97289,6.81654,6.97289,847049.03143265,0
GLW.US,D,19921027,000000,7.04019,7.09253,6.88345,6.88345,1332052.8875602,0
GLW.US,D,19921028,000000,6.86108,6.92896,6.79389,6.92896,580237.67421628,0
GLW.US,D,19921029,000000,6.9062,6.9062,6.68217,6.70423,875979.10038011,0
GLW.US,D,19921030,000000,6.70423,6.77181,6.59251,6.59251,758645.05654222,0
GLW.US,D,19921102,000000,6.59251,6.81654,6.59251,6.74916,898081.37405834,0
GLW.US,D,19921103,000000,6.63695,6.7269,6.54749,6.7269,1109843.3759254,0
GLW.US,D,19921104,000000,6.68217,6.79389,6.68217,6.74916,706407.50770298,0
GLW.US,D,19921105,000000,6.74916,6.79389,6.7269,6.77181,810481.21129844,0
GLW.US,D,19921106,000000,6.77181,6.83891,6.7269,6.81654,941883.50336729,0
GLW.US,D,19921109,000000,6.83891,6.92896,6.77181,6.86108,638096.78814671,0
GLW.US,D,19921110,000000,6.92896,7.07007,6.9062,7.07007,1168504.2540574,0
GLW.US,D,19921111,000000,6.97289,7.15972,6.92896,7.15972,1234005.2150325,0
GLW.US,D,19921112,000000,7.13755,7.18198,7.04019,7.09253,2417382.5534158,0
GLW.US,D,19921113,000000,7.09253,7.11519,6.99574,7.04019,572999.26918356,0
GLW.US,D,19921116,000000,6.99574,7.01782,6.88345,6.92896,1137970.6567068,0
GLW.US,D,19921117,000000,6.86108,6.88345,6.63695,6.68217,3472169.4062404,0
GLW.US,D,19921118,000000,6.68217,6.83891,6.63695,6.81654,2019172.9999886,0
GLW.US,D,19921119,000000,6.79389,6.81654,6.68217,6.74916,1253294.6582362,0
GLW.US,D,19921120,000000,6.81654,6.88345,6.77181,6.86108,1174936.7990305,0
GLW.US,D,19921123,000000,6.86108,6.95073,6.83891,6.9062,650154.9940691,0
GLW.US,D,19921124,000000,6.88345,7.04019,6.88345,6.97289,763468.95328987,0
GLW.US,D,19921125,000000,6.97289,7.04019,6.97289,7.04019,577824.18989571,0
GLW.US,D,19921127,000000,7.04019,7.13755,7.04019,7.04019,1016618.5761808,0
GLW.US,D,19921130,000000,7.09253,7.13755,7.07007,7.13755,898884.16222437,0
GLW.US,D,19921201,000000,7.11519,7.15972,7.07007,7.09253,674660.51242293,0
GLW.US,D,19921202,000000,7.11519,7.13755,7.04019,7.11519,844236.20095805,0
GLW.US,D,19921203,000000,7.11519,7.13755,7.04019,7.04019,927017.58679279,0
GLW.US,D,19921204,000000,7.11519,7.18198,7.01782,7.07007,1523320.2400101,0
GLW.US,D,19921207,000000,7.09253,7.13755,7.04019,7.13755,557330.56444303,0
GLW.US,D,19921208,000000,7.14448,7.21207,7.12241,7.21207,678281.25088604,0
GLW.US,D,19921209,000000,7.21207,7.23414,7.14448,7.21207,557330.56444303,0
GLW.US,D,19921210,000000,7.19009,7.19009,7.10016,7.19009,1021436.3291414,0
GLW.US,D,19921211,000000,7.14448,7.19009,7.12241,7.19009,507101.00998335,0
GLW.US,D,19921214,000000,7.14448,7.21207,7.14448,7.16734,674660.51242293,0
GLW.US,D,19921215,000000,7.21207,7.23414,7.10016,7.10016,539648.74550045,0
GLW.US,D,19921216,000000,7.12241,7.16734,7.00298,7.05523,835397.33941576,0
GLW.US,D,19921217,000000,7.10016,7.10016,6.9809,7.07739,557730.93456155,0
GLW.US,D,19921218,000000,7.14448,7.19009,7.10016,7.19009,1716592.5149461,0
GLW.US,D,19921221,000000,7.14448,7.14448,7.03295,7.03295,1213111.2194614,0
GLW.US,D,19921222,000000,7.05523,7.05523,6.8017,6.8017,2336612.2338541,0
GLW.US,D,19921223,000000,6.8017,6.89107,6.60003,6.60003,3717281.9317905,0
GLW.US,D,19921224,000000,6.57767,6.6222,6.39064,6.48782,2775811.0861157,0
GLW.US,D,19921228,000000,6.53265,6.57767,6.48782,6.57767,4507675.0075773,0
GLW.US,D,19921229,000000,6.57767,6.84614,6.57767,6.68939,1779683.0634942,0
GLW.US,D,19921230,000000,6.64467,6.77905,6.64467,6.77905,2002294.9931766,0
GLW.US,D,19921231,000000,6.77905,6.91352,6.77905,6.8017,2345856.5853375,0
GLW.US,D,19930104,000000,6.84614,6.8687,6.75668,6.8687,1793343.7738551,0
GLW.US,D,19930105,000000,6.89107,7.03295,6.89107,7.03295,2949796.9897416,0
GLW.US,D,19930106,000000,7.03295,7.07739,6.8687,6.95855,1964924.3848763,0
GLW.US,D,19930107,000000,6.93549,7.03295,6.89107,6.9809,2224506.5527403,0
GLW.US,D,19930108,000000,6.95855,6.9809,6.82368,6.95855,1151631.3670678,0
GLW.US,D,19930111,000000,6.93549,7.00298,6.93549,7.00298,988486.17557686,0
GLW.US,D,19930112,000000,6.9809,6.9809,6.84614,6.91352,2003902.6174376,0
GLW.US,D,19930113,000000,6.95855,6.9809,6.89107,6.95855,2338622.2761628,0
GLW.US,D,19930114,000000,6.93549,6.93549,6.8017,6.89107,1671995.789187,0
GLW.US,D,19930115,000000,6.95855,6.9809,6.91352,6.91352,2406127.1356594,0
GLW.US,D,19930118,000000,6.89107,7.03295,6.8687,6.89107,1534573.6098375,0
GLW.US,D,19930119,000000,6.8687,6.93549,6.8017,6.89107,864328.43232772,0
GLW.US,D,19930120,000000,6.89107,6.89107,6.8017,6.82368,818919.70272221,0
GLW.US,D,19930121,000000,6.8017,6.91352,6.77905,6.91352,1596451.7844205,0
GLW.US,D,19930122,000000,6.91352,6.95855,6.82368,6.8687,820926.67313729,0
GLW.US,D,19930125,000000,6.8017,6.93549,6.8017,6.8687,2073013.0532664,0
GLW.US,D,19930126,000000,6.8687,6.8687,6.77905,6.8017,2768172.3109645,0
GLW.US,D,19930127,000000,6.77905,6.8017,6.73422,6.75668,1409201.4446943,0
GLW.US,D,19930128,000000,6.73422,6.77905,6.71175,6.75668,1281017.4730411,0
GLW.US,D,19930129,000000,6.71175,6.73422,6.51048,6.53265,3115349.5217661,0
GLW.US,D,19930201,000000,6.51048,6.6222,6.51048,6.53265,1668782.5885939,0
GLW.US,D,19930202,000000,6.5553,6.57767,6.44271,6.46547,1306333.9712769,0
GLW.US,D,19930203,000000,6.51048,6.8017,6.48782,6.71175,2294019.4066167,0
GLW.US,D,19930204,000000,6.66713,6.66713,6.30158,6.57767,7553106.185526,0
GLW.US,D,19930205,000000,6.53265,6.64467,6.48782,6.53265,2483677.0868765,0
GLW.US,D,19930208,000000,6.5553,6.5553,6.30158,6.34612,2640392.8052877,0
GLW.US,D,19930209,000000,6.32346,6.32346,6.12199,6.21194,4008206.6289582,0
GLW.US,D,19930210,000000,6.16681,6.42053,6.16681,6.36858,2662494.0550015,0
GLW.US,D,19930211,000000,6.46547,6.53265,6.42053,6.48782,2777814.9846374,0
GLW.US,D,19930212,000000,6.44271,6.71175,6.44271,6.64467,4310381.6240598,0
GLW.US,D,19930216,000000,6.64467,6.64467,6.44271,6.5553,2403716.7232324,0
GLW.US,D,19930217,000000,6.53265,6.5553,6.14426,6.21194,3290145.3813094,0
GLW.US,D,19930218,000000,6.21194,6.2341,5.8754,5.92043,3973245.4091205,0
GLW.US,D,19930219,000000,5.96554,5.96554,5.26356,5.55449,5214086.6111383,0
GLW.US,D,19930222,000000,5.62197,5.68897,5.53252,5.57685,3300191.4969942,0
GLW.US,D,19930223,000000,5.62197,5.94259,5.59942,5.59942,3449668.8103727,0
GLW.US,D,19930224,000000,5.75606,5.94259,5.68897,5.83116,2528686.4703281,0
GLW.US,D,19930225,000000,5.8754,6.03254,5.83116,6.03254,2311698.1536658,0
GLW.US,D,19930226,000000,6.07717,6.16681,5.92043,6.01027,1789329.833025,0
GLW.US,D,19930301,000000,5.98761,6.14426,5.92043,6.01027,3716080.821435,0
GLW.US,D,19930302,000000,6.06212,6.06212,5.90538,6.01749,3500700.1290339,0
GLW.US,D,19930303,000000,6.01749,6.08507,5.99523,6.06212,1402371.6014961,0
GLW.US,D,19930304,000000,6.06212,6.27141,5.99523,6.17413,1124710.3164644,0
GLW.US,D,19930305,000000,6.27141,6.40559,6.17413,6.24143,1714585.544531,0
GLW.US,D,19930308,000000,6.29368,6.31654,6.12971,6.29368,1666370.1282379,0
GLW.US,D,19930309,000000,6.31654,6.31654,6.17413,6.27141,1237217.3916611,0
GLW.US,D,19930310,000000,6.24143,6.24143,6.15217,6.24143,1314370.0446532,0
GLW.US,D,19930311,000000,6.27141,6.3385,6.21936,6.29368,1379466.5396519,0
GLW.US,D,19930312,000000,6.29368,6.31654,6.06212,6.24143,5412986.5949524,0
GLW.US,D,19930315,000000,6.29368,6.31654,6.10685,6.29368,2550385.3019943,0
GLW.US,D,19930316,000000,6.24143,6.29368,6.21936,6.29368,1772854.2442603,0
GLW.US,D,19930317,000000,6.24143,6.3385,6.1968,6.27141,2144539.0213448,0
GLW.US,D,19930318,000000,6.27141,6.3385,6.27141,6.3385,1105819.1954503,0
GLW.US,D,19930319,000000,6.38342,6.38342,6.1968,6.29368,2661292.9446459,0
GLW.US,D,19930322,000000,6.12971,6.1968,6.10685,6.17413,5672966.0610415,0
GLW.US,D,19930323,000000,6.17413,6.3385,6.15217,6.17413,2141324.7967872,0
GLW.US,D,19930324,000000,6.12971,6.1968,6.01749,6.08507,2057747.7905379,0
GLW.US,D,19930325,000000,6.08507,6.15217,6.04005,6.15217,1168909.7439983,0
GLW.US,D,19930326,000000,6.17413,6.21936,6.08507,6.10685,1866878.7602775,0
GLW.US,D,19930329,000000,6.12971,6.21936,6.08507,6.15217,1295483.0194971,0
GLW.US,D,19930330,000000,6.12971,6.12971,6.08507,6.10685,1909877.077456,0
GLW.US,D,19930331,000000,6.24143,6.24143,6.12971,6.1968,1605291.6699273,0
GLW.US,D,19930401,000000,6.24143,6.24143,6.15217,6.1968,1192208.0082096,0
GLW.US,D,19930402,000000,6.12971,6.17413,6.01749,6.04005,1610117.6146039,0
GLW.US,D,19930405,000000,6.12971,6.15217,6.08507,6.10685,654172.00679274,0
GLW.US,D,19930406,000000,5.92814,5.92814,5.71895,5.8836,4439362.2400921,0
GLW.US,D,19930407,000000,5.8836,5.92814,5.78594,5.86056,1925950.2481731,0
GLW.US,D,19930408,000000,5.86056,5.92814,5.86056,5.92814,1426076.379613,0
GLW.US,D,19930412,000000,6.01749,6.29368,6.01749,6.27141,1965729.2209714,0
GLW.US,D,19930413,000000,6.27141,6.3385,6.12971,6.21936,1903446.5804118,0
GLW.US,D,19930414,000000,6.1968,6.21936,6.17413,6.1968,639304.04228925,0
GLW.US,D,19930415,000000,6.17413,6.29368,6.17413,6.29368,1807008.5800741,0
GLW.US,D,19930416,000000,6.29368,6.3385,6.21936,6.27141,1380266.2559244,0
GLW.US,D,19930419,000000,6.24143,6.3385,6.21936,6.31654,1210300.4369158,0
GLW.US,D,19930420,000000,6.27141,6.31654,6.21936,6.24143,1475097.6559656,0
GLW.US,D,19930421,000000,6.27141,6.42825,6.21936,6.38342,1338480.312711,0
GLW.US,D,19930422,000000,6.42825,6.54027,6.31654,6.38342,892056.36695513,0
GLW.US,D,19930423,000000,6.24143,6.29368,6.21936,6.24143,740965.28552863,0
GLW.US,D,19930426,000000,6.1968,6.21936,6.12971,6.15217,1505240.0988781,0
GLW.US,D,19930427,000000,6.12971,6.15217,6.08507,6.15217,1762406.7344925,0
GLW.US,D,19930428,000000,6.15217,6.29368,6.12971,6.27141,756234.64411513,0
GLW.US,D,19930429,000000,6.29368,6.42825,6.29368,6.40559,1363794.7630179,0
GLW.US,D,19930430,000000,6.40559,6.47269,6.38342,6.42825,819723.51485274,0
GLW.US,D,19930503,000000,6.38342,6.40559,6.29368,6.40559,1214317.4496394,0
GLW.US,D,19930504,000000,6.38342,6.4508,6.36077,6.40559,715250.46510326,0
GLW.US,D,19930505,000000,6.42825,6.42825,6.36077,6.38342,710428.6162846,0
GLW.US,D,19930506,000000,6.3385,6.42825,6.31654,6.40559,420307.73124747,0
GLW.US,D,19930507,000000,6.38342,6.47269,6.3385,6.42825,616404.10026748,0
GLW.US,D,19930510,000000,6.42825,6.54027,6.42825,6.49554,847049.03143265,0
GLW.US,D,19930511,000000,6.38342,6.42825,6.38342,6.42825,902097.36281748,0
GLW.US,D,19930512,000000,6.40559,6.42825,6.36077,6.42825,728108.3872982,0
GLW.US,D,19930513,000000,6.42825,6.42825,6.21936,6.24143,1091759.1389353,0
GLW.US,D,19930514,000000,6.24143,6.29368,6.15217,6.27141,744181.55801523,0
GLW.US,D,19930517,000000,6.29368,6.3385,6.21936,6.24143,465718.50878198,0
GLW.US,D,19930518,000000,6.24143,6.29368,6.1968,6.21936,745385.74026428,0
GLW.US,D,19930519,000000,6.27141,6.27141,6.1968,6.24143,1229582.7123679,0
GLW.US,D,19930520,000000,6.27141,6.27141,6.1968,6.21936,1296290.9274856,0
GLW.US,D,19930521,000000,6.15217,6.21936,6.12971,6.1968,1271776.1934513,0
GLW.US,D,19930524,000000,6.17413,6.24143,6.15217,6.1968,674263.21419791,0
GLW.US,D,19930525,000000,6.1968,6.24143,6.12971,6.17413,963175.821128,0
GLW.US,D,19930526,000000,6.06212,6.17413,6.01749,6.17413,5071841.5590055,0
GLW.US,D,19930527,000000,6.21936,6.21936,6.06212,6.08507,1205874.8623576,0
GLW.US,D,19930528,000000,6.12971,6.12971,5.99523,6.04005,627647.23044987,0
GLW.US,D,19930601,000000,6.09211,6.2341,6.09211,6.2341,1142390.0874779,0
GLW.US,D,19930602,000000,6.2341,6.41311,6.18937,6.39064,1577966.1533475,0
GLW.US,D,19930603,000000,6.36858,6.36858,6.21194,6.27873,797622.265139,0
GLW.US,D,19930604,000000,6.2341,6.27873,6.13694,6.2341,601127.57392948,0
GLW.US,D,19930607,000000,6.27873,6.30158,6.15939,6.15939,648948.76389107,0
GLW.US,D,19930608,000000,6.13694,6.18937,6.04719,6.13694,1098991.4001809,0
GLW.US,D,19930609,000000,6.18937,6.27873,6.15939,6.15939,1097789.2658609,0
GLW.US,D,19930610,000000,6.2341,6.27873,6.13694,6.13694,741365.65564714,0
GLW.US,D,19930611,000000,6.21194,6.32346,6.18937,6.30158,1759591.8560889,0
GLW.US,D,19930614,000000,6.32346,6.36858,6.30158,6.34612,1184985.9866088,0
GLW.US,D,19930615,000000,6.36858,6.4805,6.36858,6.41311,988890.64155337,0
GLW.US,D,19930616,000000,6.36858,6.45785,6.36858,6.45785,810884.65331044,0
GLW.US,D,19930617,000000,6.45785,6.45785,6.39064,6.39064,772309.86276117,0
GLW.US,D,19930618,000000,6.43577,6.43577,6.30158,6.30158,1528946.9249239,0
GLW.US,D,19930621,000000,6.32346,6.34612,6.27873,6.32346,722482.72634901,0
GLW.US,D,19930622,000000,6.34612,6.39064,6.32346,6.34612,717661.90149485,0
GLW.US,D,19930623,000000,6.30158,6.32346,6.27873,6.30158,863522.57226819,0
GLW.US,D,19930624,000000,6.32346,6.41311,6.32346,6.39064,1091356.7208878,0
GLW.US,D,19930625,000000,6.41311,6.41311,6.36858,6.39064,329894.73801297,0
GLW.US,D,19930628,000000,6.41311,6.43577,6.36858,6.36858,1233202.4268665,0
GLW.US,D,19930629,000000,6.36858,6.39064,6.21194,6.2341,3080393.4217509,0
GLW.US,D,19930630,000000,6.21194,6.21194,6.04719,6.09211,6364906.9983241,0
GLW.US,D,19930701,000000,6.11467,6.11467,6.00265,6.04719,1742715.8972059,0
GLW.US,D,19930702,000000,6.04719,6.09211,6.0252,6.06983,2207628.5459284,0
GLW.US,D,19930706,000000,6.13694,6.13694,6.0252,6.0252,1374645.7147977,0
GLW.US,D,19930707,000000,6.04719,6.04719,5.89024,5.95752,1637440.0592905,0
GLW.US,D,19930708,000000,5.98029,6.11467,5.95752,6.09211,2043683.6381649,0
GLW.US,D,19930709,000000,6.04719,6.06983,6.00265,6.04719,1701729.670265,0
GLW.US,D,19930712,000000,6.04719,6.04719,5.98029,6.00265,1377458.5452722,0
GLW.US,D,19930713,000000,6.09211,6.09211,5.98029,6.00265,1532557.4237419,0
GLW.US,D,19930714,000000,6.0252,6.06983,6.00265,6.0252,1510056.8278742,0
GLW.US,D,19930715,000000,6.00265,6.04719,6.00265,6.04719,1615736.1078017,0
GLW.US,D,19930716,000000,6.04719,6.11467,6.0252,6.04719,661000.82602648,0
GLW.US,D,19930719,000000,6.00265,6.13694,6.00265,6.06983,553312.52775489,0
GLW.US,D,19930720,000000,6.04719,6.06983,5.89024,6.06983,1147613.3303796,0
GLW.US,D,19930721,000000,6.04719,6.06983,5.89024,5.89024,701589.7547423,0
GLW.US,D,19930722,000000,5.93566,6.0252,5.9131,5.98029,1512472.3601237,0
GLW.US,D,19930723,000000,5.98029,6.00265,5.98029,6.00265,790384.88407079,0
GLW.US,D,19930726,000000,6.00265,6.06983,6.00265,6.06983,789987.58584576,0
GLW.US,D,19930727,000000,6.06983,6.09211,5.93566,5.93566,800030.6296371,0
GLW.US,D,19930728,000000,5.98029,6.06983,5.93566,5.98029,582247.71652484,0
GLW.US,D,19930729,000000,6.00265,6.06983,6.00265,6.04719,673861.82011489,0
GLW.US,D,19930730,000000,6.04719,6.04719,5.93566,6.00265,640108.87838426,0
GLW.US,D,19930802,000000,6.00265,6.0252,5.95752,5.98029,360040.25281896,0
GLW.US,D,19930803,000000,5.98029,5.98029,5.93566,5.95752,1180163.1138257,0
GLW.US,D,19930804,000000,5.89024,5.89024,5.7709,5.81621,2763352.5100749,0
GLW.US,D,19930805,000000,5.86846,5.89024,5.83819,5.89024,1135156.8022677,0
GLW.US,D,19930806,000000,5.89024,5.9131,5.86846,5.89024,1000543.3575348,0
GLW.US,D,19930809,000000,5.89024,5.95752,5.86846,5.89024,2190748.4911873,0
GLW.US,D,19930810,000000,5.86846,5.89024,5.81621,5.83819,2156598.2512317,0
GLW.US,D,19930811,000000,5.83819,5.83819,5.4951,5.74913,2420191.2880323,0
GLW.US,D,19930812,000000,5.7709,5.89024,5.7709,5.83819,2042477.4079869,0
GLW.US,D,19930813,000000,5.86846,5.89024,5.79366,5.86846,1301509.0505648,0
GLW.US,D,19930816,000000,5.86846,5.86846,5.65928,5.65928,1904247.3206488,0
GLW.US,D,19930817,000000,5.70372,5.7709,5.68174,5.72627,1223555.6573356,0
GLW.US,D,19930818,000000,5.74913,5.83819,5.74913,5.7709,1394739.9940963,0
GLW.US,D,19930819,000000,5.7709,5.83819,5.7709,5.81621,714446.65297274,0
GLW.US,D,19930820,000000,5.81621,5.81621,5.74913,5.7709,1657933.6847432,0
GLW.US,D,19930823,000000,5.7709,5.83819,5.7709,5.83819,1590828.1714004,0
GLW.US,D,19930824,000000,5.83819,5.83819,5.7709,5.79366,2584942.0558554,0
GLW.US,D,19930825,000000,5.81621,5.93566,5.79366,5.93566,3133030.3167441,0
GLW.US,D,19930826,000000,5.93566,5.93566,5.86846,5.9131,789184.79767973,0
GLW.US,D,19930827,000000,5.89024,5.9131,5.81621,5.83819,1656318.8927306,0
GLW.US,D,19930830,000000,5.81621,5.81621,5.72627,5.74913,2255844.986186,0
GLW.US,D,19930831,000000,5.72627,5.74913,5.65928,5.72627,3124593.8732493,0
GLW.US,D,19930901,000000,5.74913,5.7709,5.68174,5.68174,1827502.2055268,0
GLW.US,D,19930902,000000,5.74913,5.79366,5.70372,5.74913,1867681.5484436,0
GLW.US,D,19930903,000000,5.75606,5.75606,5.73389,5.73389,673861.82011489,0
GLW.US,D,19930907,000000,5.73389,5.77912,5.64413,5.6666,1832723.4004994,0
GLW.US,D,19930908,000000,5.68897,5.68897,5.57685,5.64413,1227975.0881068,0
GLW.US,D,19930909,000000,5.94259,6.12971,5.89835,5.94259,4257338.215161,0
GLW.US,D,19930910,000000,5.98761,6.05509,5.92043,5.94259,2091902.1263515,0
GLW.US,D,19930913,000000,5.94259,5.98761,5.89835,5.98761,1937199.5221424,0
GLW.US,D,19930914,000000,5.98761,6.05509,5.98761,6.01027,3109724.8847813,0
GLW.US,D,19930915,000000,6.01027,6.08507,5.94259,6.08507,7819116.8025053,0
GLW.US,D,19930916,000000,6.08507,6.28645,6.03254,6.26379,3915785.6413441,0
GLW.US,D,19930917,000000,6.26379,6.36077,6.24143,6.30842,5470044.9686458,0
GLW.US,D,19930920,000000,6.28645,6.38342,6.26379,6.28645,2069399.4825548,0
GLW.US,D,19930921,000000,6.24143,6.26379,6.15217,6.21936,1299906.5461262,0
GLW.US,D,19930922,000000,6.26379,6.28645,6.1968,6.24143,905716.0533516,0
GLW.US,D,19930923,000000,6.24143,6.24143,6.05509,6.10685,2013145.9449564,0
GLW.US,D,19930924,000000,6.05509,6.15217,6.01027,6.12971,1689675.5602007,0
GLW.US,D,19930927,000000,6.12971,6.28645,6.12971,6.24143,1229582.7123679,0
GLW.US,D,19930928,000000,6.24143,6.28645,6.21936,6.28645,1077292.5685148,0
GLW.US,D,19930929,000000,6.26379,6.26379,6.15217,6.1968,524783.85289044,0
GLW.US,D,19930930,000000,6.17413,6.24143,6.10685,6.17413,704396.44142992,0
GLW.US,D,19931001,000000,6.17413,6.21936,6.12971,6.17413,464110.88452092,0
GLW.US,D,19931004,000000,6.17413,6.21936,6.12971,6.1968,643727.56891839,0
GLW.US,D,19931005,000000,6.21936,6.21936,6.10685,6.1968,1470679.2491589,0
GLW.US,D,19931006,000000,6.17413,6.24143,6.17413,6.1968,769494.98435758,0
GLW.US,D,19931007,000000,4.97234,5.13671,4.94988,5.04675,18730275.646886,0
GLW.US,D,19931008,000000,5.15917,5.18114,5.02459,5.09207,8145802.4357832,0
GLW.US,D,19931011,000000,5.09207,5.13671,5.02459,5.11414,4998705.9187371,0
GLW.US,D,19931012,000000,5.11414,5.11414,4.79323,4.88308,6682354.4239056,0
GLW.US,D,19931013,000000,4.90506,4.90506,4.67359,4.67359,5505005.164519,0
GLW.US,D,19931014,000000,4.67359,4.83816,4.53913,4.83816,5729626.1125455,0
GLW.US,D,19931015,000000,4.88308,4.88308,4.69587,4.74851,4065665.3727702,0
GLW.US,D,19931018,000000,4.71852,4.8154,4.65143,4.8154,3919403.3079138,0
GLW.US,D,19931019,000000,4.77057,4.88308,4.67359,4.71852,2725577.4357981,0
GLW.US,D,19931020,000000,4.71852,4.71852,4.41949,4.51715,7825949.7175971,0
GLW.US,D,19931021,000000,4.51715,4.65143,4.49429,4.60651,4884586.0994568,0
GLW.US,D,19931022,000000,4.65143,4.65143,4.58395,4.58395,3364884.5499808,0
GLW.US,D,19931025,000000,4.62868,4.69587,4.60651,4.69587,2218877.8198977,0
GLW.US,D,19931026,000000,4.69587,4.77057,4.67359,4.77057,3626068.198319,0
GLW.US,D,19931027,000000,4.74851,4.88308,4.71852,4.88308,2997616.1317741,0
GLW.US,D,19931028,000000,4.88308,4.92742,4.77057,4.79323,3526415.9734237,0
GLW.US,D,19931029,000000,4.79323,4.8154,4.71852,4.79323,2226512.4991909,0
GLW.US,D,19931101,000000,4.83816,4.97234,4.83816,4.97234,4614561.5416474,0
GLW.US,D,19931102,000000,4.9947,5.02459,4.90506,4.94988,3106108.2421763,0
GLW.US,D,19931103,000000,4.94988,4.97234,4.79323,4.88308,2128869.2926398,0
GLW.US,D,19931104,000000,4.88308,4.97234,4.86023,4.92742,1993053.7135868,0
GLW.US,D,19931105,000000,4.92742,4.97234,4.88308,4.94988,1518900.809239,0
GLW.US,D,19931108,000000,4.90506,4.9947,4.90506,4.94988,3940701.7694615,0
GLW.US,D,19931109,000000,4.9947,5.02459,4.94988,4.97234,2762951.1159918,0
GLW.US,D,19931110,000000,4.97234,4.9947,4.92742,4.97234,1206685.8422396,0
GLW.US,D,19931111,000000,5.02459,5.13671,4.9947,5.02459,4532586.0158721,0
GLW.US,D,19931112,000000,5.02459,5.06942,4.92742,4.94988,2499754.3534516,0
GLW.US,D,19931115,000000,4.97234,4.97234,4.90506,4.94988,1482737.4550812,0
GLW.US,D,19931116,000000,4.9947,5.02459,4.92742,4.9947,2512209.857599,0
GLW.US,D,19931117,000000,4.9947,5.02459,4.86023,4.90506,1721817.8057768,0
GLW.US,D,19931118,000000,4.88308,4.97234,4.86023,4.94988,2623516.8464047,0
GLW.US,D,19931119,000000,4.94988,4.94988,4.8154,4.83816,1616539.9199322,0
GLW.US,D,19931122,000000,4.83816,4.83816,4.77057,4.8154,1984615.222163,0
GLW.US,D,19931123,000000,4.83816,4.90506,4.8154,4.90506,1165692.4475472,0
GLW.US,D,19931124,000000,4.90506,4.9947,4.88308,4.9947,986079.85900776,0
GLW.US,D,19931126,000000,4.9947,5.15917,4.97234,5.04675,810884.65331044,0
GLW.US,D,19931129,000000,4.9947,5.02459,4.92742,4.92742,1953271.6688949,0
GLW.US,D,19931130,000000,4.94988,5.02459,4.92742,4.92742,1851210.055537,0
GLW.US,D,19931201,000000,4.92742,4.97234,4.88308,4.90506,2394073.025595,0
GLW.US,D,19931202,000000,4.92742,4.92742,4.86023,4.86023,1488768.6059715,0
GLW.US,D,19931203,000000,5.15917,5.15917,4.97234,5.15917,3416321.358583,0
GLW.US,D,19931206,000000,5.13671,5.20369,5.02459,5.09207,1976177.7547037,0
GLW.US,D,19931207,000000,5.12157,5.12157,4.95759,5.03191,1287044.5280733,0
GLW.US,D,19931208,000000,5.03191,5.03191,4.91248,4.95759,2021583.4124157,0
GLW.US,D,19931209,000000,4.95759,5.00974,4.86784,4.95759,2768978.171024,0
GLW.US,D,19931210,000000,4.97966,4.97966,4.72604,4.89001,1829508.1519773,0
GLW.US,D,19931213,000000,4.91248,4.97966,4.89001,4.95759,1915496.5946182,0
GLW.US,D,19931214,000000,4.95759,4.97966,4.89001,4.93523,1569929.0560066,0
GLW.US,D,19931215,000000,4.95759,4.97966,4.82332,4.91248,2506991.7345198,0
GLW.US,D,19931216,000000,4.93523,4.97966,4.77057,4.80036,1993855.4777883,0
GLW.US,D,19931217,000000,4.82332,4.93523,4.77057,4.89001,2583337.5034878,0
GLW.US,D,19931220,000000,4.89001,4.91248,4.80036,4.89001,1995865.5200968,0
GLW.US,D,19931221,000000,4.89001,5.05467,4.86784,5.03191,3138654.9537289,0
GLW.US,D,19931222,000000,5.03191,5.05467,4.95759,4.97966,1654314.994209,0
GLW.US,D,19931223,000000,5.03191,5.0991,4.97966,5.05467,3207370.1392616,0
GLW.US,D,19931227,000000,5.07683,5.0991,5.03191,5.07683,781146.67637446,0
GLW.US,D,19931228,000000,5.03191,5.0991,5.03191,5.05467,817713.47254418,0
GLW.US,D,19931229,000000,5.05467,5.14413,5.05467,5.12157,1188597.5093916,0
GLW.US,D,19931230,000000,5.05467,5.12157,5.00974,5.0991,1340083.841114,0
GLW.US,D,19931231,000000,5.0991,5.18915,5.07683,5.18915,1453401.8961929,0
GLW.US,D,19940103,000000,5.14413,5.2413,5.12157,5.2413,2687005.7171422,0
GLW.US,D,19940104,000000,5.14413,5.30848,5.14413,5.2413,1603283.6755478,0
GLW.US,D,19940105,000000,5.18915,5.33056,5.1662,5.30848,3202144.8484309,0
GLW.US,D,19940106,000000,5.26356,5.30848,5.18915,5.26356,1232801.0327835,0
GLW.US,D,19940107,000000,5.65166,5.65166,5.4951,5.58437,6407508.0172774,0
GLW.US,D,19940110,000000,5.65166,5.83819,5.60722,5.74913,5560457.9618803,0
GLW.US,D,19940111,000000,5.79366,5.81621,5.72627,5.79366,4615765.7238964,0
GLW.US,D,19940112,000000,5.7709,5.86056,5.65166,5.74913,2989980.4285164,0
GLW.US,D,19940113,000000,5.70372,5.72627,5.65166,5.70372,1146406.0762371,0
GLW.US,D,19940114,000000,5.70372,5.81621,5.70372,5.7709,3030161.8193622,0
GLW.US,D,19940117,000000,5.74913,5.89024,5.72627,5.86056,1426480.8455894,0
GLW.US,D,19940118,000000,5.83819,5.9131,5.81621,5.81621,2337819.4879966,0
GLW.US,D,19940119,000000,5.7709,5.83819,5.70372,5.72627,2316924.468461,0
GLW.US,D,19940120,000000,5.74913,5.74913,5.65166,5.65166,2122440.8435245,0
GLW.US,D,19940121,000000,5.65166,5.81621,5.62919,5.81621,1725840.9622874,0
GLW.US,D,19940124,000000,5.79366,5.81621,5.65166,5.7709,1736286.4241263,0
GLW.US,D,19940125,000000,5.72627,5.72627,5.62919,5.65166,1893803.906739,0
GLW.US,D,19940126,000000,5.60722,5.65166,5.51738,5.58437,2121233.589382,0
GLW.US,D,19940127,000000,5.70372,5.83819,5.68174,5.7709,5528310.5964817,0
GLW.US,D,19940128,000000,5.86056,5.95752,5.83819,5.93566,3769119.1105112,0
GLW.US,D,19940131,000000,5.93566,5.98029,5.9131,5.95752,2830056.6293345,0
GLW.US,D,19940201,000000,5.95752,5.95752,5.9131,5.93566,1786918.3966334,0
GLW.US,D,19940202,000000,5.95752,6.00265,5.93566,5.98029,1092560.9031368,0
GLW.US,D,19940203,000000,5.93566,5.98029,5.9131,5.95752,845439.35924259,0
GLW.US,D,19940204,000000,5.93566,6.04719,5.62919,5.62919,8794344.6857688,0
GLW.US,D,19940207,000000,5.60722,5.79366,5.58437,5.7709,2854163.8254989,0
GLW.US,D,19940208,000000,5.74913,5.79366,5.70372,5.7709,1702935.9004432,0
GLW.US,D,19940209,000000,5.81621,5.9131,5.79366,5.86056,2228120.123452,0
GLW.US,D,19940210,000000,5.86056,5.89024,5.62919,5.68174,1280210.5890171,0
GLW.US,D,19940211,000000,5.72627,5.81621,5.68174,5.79366,675064.97839945,0
GLW.US,D,19940214,000000,5.74913,5.79366,5.65166,5.74913,1294681.2552955,0
GLW.US,D,19940215,000000,5.74913,5.81621,5.72627,5.74913,847854.89149217,0
GLW.US,D,19940216,000000,5.74913,5.79366,5.65166,5.68174,1400359.5112585,0
GLW.US,D,19940217,000000,5.72627,5.7709,5.68174,5.72627,1275392.8360564,0
GLW.US,D,19940218,000000,5.72627,5.74913,5.65166,5.65166,980856.61610609,0
GLW.US,D,19940222,000000,5.70372,5.72627,5.65166,5.70372,892056.36695513,0
GLW.US,D,19940223,000000,5.70372,5.7709,5.68174,5.74913,1889381.4040743,0
GLW.US,D,19940224,000000,5.72627,5.72627,5.60722,5.60722,1430098.5121591,0
GLW.US,D,19940225,000000,5.65166,5.74913,5.62919,5.70372,1045548.6451282,0
GLW.US,D,19940228,000000,5.70372,5.74913,5.62919,5.62919,941478.01342628,0
GLW.US,D,19940301,000000,5.6666,5.6666,5.54727,5.56973,1333664.6076793,0
GLW.US,D,19940302,000000,5.50244,5.71161,5.45761,5.68897,2360721.4779475,0
GLW.US,D,19940303,000000,5.68897,5.77912,5.6666,5.71161,2573689.7099925,0
GLW.US,D,19940304,000000,5.71161,5.80078,5.68897,5.75606,2111591.9396736,0
GLW.US,D,19940307,000000,5.77912,5.82344,5.77912,5.80078,1791337.8274045,0
GLW.US,D,19940308,000000,5.77912,5.80078,5.75606,5.75606,1467464.0006367,0
GLW.US,D,19940309,000000,5.73389,5.80078,5.73389,5.77912,725291.46096561,0
GLW.US,D,19940310,000000,5.77912,5.77912,5.73389,5.75606,849459.44385973,0
GLW.US,D,19940311,000000,5.75606,5.80078,5.75606,5.80078,912541.80069184,0
GLW.US,D,19940314,000000,5.80078,5.82344,5.73389,5.73389,933438.86815653,0
GLW.US,D,19940315,000000,5.75606,5.80078,5.6666,5.6666,1005366.2303179,0
GLW.US,D,19940316,000000,5.63711,5.6666,5.59199,5.61426,817315.15035466,0
GLW.US,D,19940317,000000,5.68897,5.80078,5.68897,5.77912,1952866.1789539,0
GLW.US,D,19940318,000000,5.80078,6.08507,5.77912,6.06212,4342526.9415292,0
GLW.US,D,19940321,000000,5.96554,5.98761,5.89835,5.96554,1554659.6974202,0
GLW.US,D,19940322,000000,5.96554,6.04005,5.89835,6.01027,1344106.9976246,0
GLW.US,D,19940323,000000,6.01027,6.17413,6.01027,6.10685,2788262.4944052,0
GLW.US,D,19940324,000000,6.06212,6.06212,5.98761,5.98761,1156452.191922,0
GLW.US,D,19940325,000000,5.98761,6.17413,5.92043,6.12971,2010331.0665528,0
GLW.US,D,19940328,000000,6.08507,6.1968,6.08507,6.1968,3035790.5522048,0
GLW.US,D,19940329,000000,6.15217,6.22668,6.15217,6.1968,1892194.2345489,0
GLW.US,D,19940330,000000,6.08507,6.10685,5.98761,5.98761,2499754.3534516,0
GLW.US,D,19940331,000000,6.01027,6.04005,5.80078,6.01027,2489706.1898378,0
GLW.US,D,19940404,000000,5.8754,6.06212,5.75606,6.01027,2343445.1489458,0
GLW.US,D,19940405,000000,6.06212,6.12971,6.04005,6.12971,2116013.4183738,0
GLW.US,D,19940406,000000,6.10685,6.24904,6.08507,6.1968,2071812.9668753,0
GLW.US,D,19940407,000000,6.15217,6.17413,6.06212,6.12971,919372.66785457,0
GLW.US,D,19940408,000000,6.08507,6.17413,6.01027,6.17413,1680835.6746939,0
GLW.US,D,19940411,000000,6.15217,6.17413,6.12971,6.17413,1737492.6543043,0
GLW.US,D,19940412,000000,6.15217,6.17413,6.06212,6.08507,618814.51269456,0
GLW.US,D,19940413,000000,6.08507,6.08507,5.94259,5.96554,1183373.2425253,0
GLW.US,D,19940414,000000,5.98761,5.98761,5.89835,5.94259,788780.33170322,0
GLW.US,D,19940415,000000,5.92043,5.94259,5.82344,5.82344,877582.62878317,0
GLW.US,D,19940418,000000,5.8754,5.94259,5.75606,5.75606,1445768.240864,0
GLW.US,D,19940419,000000,5.75606,5.85342,5.75606,5.77912,1287044.5280733,0
GLW.US,D,19940420,000000,5.75606,5.80078,5.71161,5.75606,1379063.0976399,0
GLW.US,D,19940421,000000,5.77912,5.77912,5.6666,5.71161,976035.79125193,0
GLW.US,D,19940422,000000,5.75606,5.75606,5.63711,5.68897,1145603.288071,0
GLW.US,D,19940425,000000,5.68897,5.77912,5.68897,5.73389,1917507.6608912,0
GLW.US,D,19940426,000000,5.73389,5.8754,5.68897,5.82344,1006570.4125669,0
GLW.US,D,19940428,000000,5.80078,5.8754,5.77912,5.85342,1262133.5197784,0
GLW.US,D,19940429,000000,5.82344,5.96554,5.80078,5.8754,1160471.2525745,0
GLW.US,D,19940502,000000,5.94259,6.06212,5.94259,6.01027,1605291.6699273,0
GLW.US,D,19940503,000000,6.06212,6.06212,5.92043,6.01027,2507391.0806738,0
GLW.US,D,19940504,000000,6.01027,6.15217,5.96554,6.15217,1803794.3555165,0
GLW.US,D,19940505,000000,6.15217,6.1968,6.12971,6.17413,742975.32783719,0
GLW.US,D,19940506,000000,6.06212,6.06212,5.89835,6.01027,739360.73316107,0
GLW.US,D,19940509,000000,5.92043,6.01027,5.92043,5.92043,658593.48549288,0
GLW.US,D,19940510,000000,5.96554,6.01027,5.89835,5.94259,894464.73145322,0
GLW.US,D,19940511,000000,5.94259,5.98761,5.77912,5.82344,819723.51485274,0
GLW.US,D,19940512,000000,5.8754,5.98761,5.85342,5.96554,2372374.1939288,0
GLW.US,D,19940513,000000,5.94259,6.12971,5.94259,6.10685,1307943.643467,0
GLW.US,D,19940516,000000,6.08507,6.17413,6.08507,6.12971,1213912.9836628,0
GLW.US,D,19940517,000000,6.08507,6.15217,6.06212,6.15217,1870897.8209303,0
GLW.US,D,19940518,000000,6.15217,6.17413,6.12971,6.15217,1685249.9856425,0
GLW.US,D,19940519,000000,6.10685,6.31654,6.10685,6.29368,2310895.3654998,0
GLW.US,D,19940520,000000,6.29368,6.29368,6.15217,6.24904,1348125.0343128,0
GLW.US,D,19940523,000000,6.1968,6.27141,6.15217,6.1968,775117.57341327,0
GLW.US,D,19940524,000000,6.1968,6.27141,6.1968,6.1968,518754.74992925,0
GLW.US,D,19940525,000000,6.15217,6.36077,6.12971,6.29368,955140.77171624,0
GLW.US,D,19940526,000000,6.27141,6.3385,6.24904,6.27141,579434.88605025,0
GLW.US,D,19940527,000000,6.22668,6.29368,6.1968,6.24904,295743.47409283,0
GLW.US,D,19940531,000000,6.10685,6.1968,6.10685,6.12971,525592.78484345,0
GLW.US,D,19940601,000000,6.08507,6.08507,5.98761,6.04005,660200.08578944,0
GLW.US,D,19940602,000000,6.06212,6.12971,5.98761,6.08507,1764822.2667422,0
GLW.US,D,19940603,000000,6.10685,6.1968,6.04005,6.15217,965986.6036736,0
GLW.US,D,19940606,000000,6.09211,6.13694,6.04719,6.04719,834994.92136825,0
GLW.US,D,19940607,000000,6.01749,6.04719,5.97257,5.97257,382134.3347812,0
GLW.US,D,19940608,000000,6.01749,6.09211,5.99523,6.09211,777131.71157982,0
GLW.US,D,19940609,000000,6.09211,6.09211,6.01749,6.06983,412274.7297647,0
GLW.US,D,19940610,000000,5.99523,6.06983,5.8836,5.90538,832984.87905968,0
GLW.US,D,19940613,000000,5.90538,5.97257,5.8836,5.92814,992506.260194,0
GLW.US,D,19940614,000000,5.97257,6.06983,5.97257,6.04719,701589.7547423,0
GLW.US,D,19940615,000000,6.06983,6.15939,6.01749,6.11467,971212.91846878,0
GLW.US,D,19940616,000000,6.11467,6.2341,6.06983,6.06983,1179758.6478492,0
GLW.US,D,19940617,000000,6.09211,6.21194,6.09211,6.18185,2017163.9816446,0
GLW.US,D,19940620,000000,6.15939,6.18185,6.06983,6.09211,642922.73282336,0
GLW.US,D,19940621,000000,6.11467,6.13694,5.9506,5.97257,901300.71843843,0
GLW.US,D,19940622,000000,5.99523,6.06983,5.97257,6.01749,463708.46647341,0
GLW.US,D,19940623,000000,5.99523,6.06983,5.9506,5.9506,804854.52638475,0
GLW.US,D,19940624,000000,5.99523,5.99523,5.85342,5.85342,747799.22458485,0
GLW.US,D,19940627,000000,5.83116,5.90538,5.78594,5.85342,950316.87496858,0
GLW.US,D,19940628,000000,6.09211,6.25628,6.06983,6.21194,2869432.1601209,0
GLW.US,D,19940629,000000,6.15939,6.34612,6.15939,6.32346,2532302.0889686,0
GLW.US,D,19940630,000000,6.27873,6.30158,6.11467,6.11467,1556265.2737523,0
GLW.US,D,19940701,000000,6.2341,6.25628,6.13694,6.25628,1469878.5089218,0
GLW.US,D,19940705,000000,6.25628,6.34612,6.2341,6.30158,1774858.142782,0
GLW.US,D,19940706,000000,6.27873,6.32346,6.25628,6.32346,1233600.7490561,0
GLW.US,D,19940707,000000,6.32346,6.42053,6.32346,6.3758,2163028.7482759,0
GLW.US,D,19940708,000000,6.32346,6.44271,6.32346,6.44271,2499754.3534516,0
GLW.US,D,19940711,000000,6.32346,6.3758,6.2341,6.27873,1650294.9095918,0
GLW.US,D,19940712,000000,6.27873,6.27873,6.01749,6.09211,2443096.3498767,0
GLW.US,D,19940713,000000,6.13694,6.25628,6.01749,6.01749,1456216.7745964,0
GLW.US,D,19940714,000000,6.04719,6.11467,6.01749,6.11467,3648574.9379738,0
GLW.US,D,19940715,000000,6.09211,6.11467,6.06983,6.09211,1343701.5076837,0
GLW.US,D,19940718,000000,6.09211,6.09211,6.01749,6.04719,1088546.9623068,0
GLW.US,D,19940719,000000,5.99523,6.01749,5.97257,5.97257,1417639.9361181,0
GLW.US,D,19940720,000000,5.97257,5.97257,5.90538,5.90538,1348523.3565023,0
GLW.US,D,19940721,000000,5.90538,5.99523,5.85342,5.9506,721675.84232499,0
GLW.US,D,19940722,000000,5.97257,5.99523,5.92814,5.97257,1078901.2167404,0
GLW.US,D,19940725,000000,5.92814,5.92814,5.85342,5.8836,595504.98487379,0
GLW.US,D,19940726,000000,5.85342,5.90538,5.83116,5.85342,1839551.1957686,0
GLW.US,D,19940727,000000,5.83116,5.8836,5.83116,5.85342,1233202.4268665,0
GLW.US,D,19940728,000000,5.85342,5.9506,5.83116,5.9506,998538.43504868,0
GLW.US,D,19940729,000000,5.9506,5.99523,5.92814,5.9506,1536176.1142761,0
GLW.US,D,19940801,000000,5.90538,5.92814,5.85342,5.90538,924195.54063772,0
GLW.US,D,19940802,000000,5.92814,5.9506,5.83116,5.8836,908924.13412222,0
GLW.US,D,19940803,000000,5.85342,5.85342,5.76387,5.80869,1170917.738378,0
GLW.US,D,19940804,000000,5.78594,5.85342,5.78594,5.85342,890843.99299011,0
GLW.US,D,19940805,000000,5.85342,5.8836,5.80869,5.8836,730927.36155978,0
GLW.US,D,19940808,000000,5.85342,5.8836,5.80869,5.83116,722082.35623049,0
GLW.US,D,19940809,000000,5.83116,5.8836,5.80869,5.85342,733329.58227087,0
GLW.US,D,19940810,000000,5.83116,5.8836,5.83116,5.85342,895667.88973777,0
GLW.US,D,19940811,000000,5.85342,5.85342,5.80869,5.80869,936653.09271413,0
GLW.US,D,19940812,000000,5.83116,5.83116,5.69659,5.74102,1066042.2705809,0
GLW.US,D,19940815,000000,5.76387,5.76387,5.71895,5.71895,1334060.8819398,0
GLW.US,D,19940816,000000,5.71895,5.74102,5.64413,5.6666,1350933.7689294,0
GLW.US,D,19940817,000000,5.6666,5.6666,5.59942,5.59942,1373036.0426077,0
GLW.US,D,19940818,000000,5.59942,5.62197,5.59942,5.62197,1063633.9060828,0
GLW.US,D,19940819,000000,5.62197,5.64413,5.55449,5.62197,2453143.4895261,0
GLW.US,D,19940822,000000,5.62197,5.64413,5.62197,5.62197,1363794.7630179,0
GLW.US,D,19940823,000000,5.64413,5.64413,5.62197,5.62197,2252630.7616284,0
GLW.US,D,19940824,000000,5.62197,5.64413,5.43544,5.48017,5177116.3729565,0
GLW.US,D,19940825,000000,5.53252,5.64413,5.53252,5.64413,3729742.5557604,0
GLW.US,D,19940826,000000,5.64413,5.69659,5.62197,5.6666,1608105.5243665,0
GLW.US,D,19940829,000000,5.71895,5.71895,5.64413,5.6666,1708961.9315108,0
GLW.US,D,19940830,000000,5.6666,5.83116,5.64413,5.78594,2396487.5338802,0
GLW.US,D,19940831,000000,5.78594,5.80869,5.71895,5.78594,2421800.9602225,0
GLW.US,D,19940901,000000,5.76387,5.97257,5.76387,5.9506,3064320.2510338,0
GLW.US,D,19940902,000000,5.93566,6.00265,5.79366,5.79366,2129673.1047703,0
GLW.US,D,19940906,000000,5.79366,5.86846,5.74913,5.74913,1478312.9044877,0
GLW.US,D,19940907,000000,5.69659,5.72627,5.65166,5.69659,1775261.584794,0
GLW.US,D,19940908,000000,5.69659,5.74913,5.67412,5.72627,1354553.4834281,0
GLW.US,D,19940909,000000,5.69659,5.9131,5.65166,5.86846,2603824.9851536,0
GLW.US,D,19940912,000000,5.89024,5.98029,5.83819,5.86846,3832609.0052134,0
GLW.US,D,19940913,000000,5.83819,5.83819,5.72627,5.72627,3758270.2066605,0
GLW.US,D,19940914,000000,5.7709,5.7709,5.69659,5.69659,2497344.964989,0
GLW.US,D,19940915,000000,5.74913,5.81621,5.72627,5.81621,2058146.1127273,0
GLW.US,D,19940916,000000,5.74913,5.89024,5.72627,5.89024,3554546.3260986,0
GLW.US,D,19940919,000000,5.86846,5.95752,5.83819,5.95752,2496540.128894,0
GLW.US,D,19940920,000000,5.9131,5.95752,5.89024,5.93566,1450993.5316947,0
GLW.US,D,19940921,000000,5.89024,5.9131,5.81621,5.81621,1357764.6360921,0
GLW.US,D,19940922,000000,5.83819,5.89024,5.81621,5.83819,1348125.0343128,0
GLW.US,D,19940923,000000,5.83819,5.9131,5.83819,5.86846,1412012.2272399,0
GLW.US,D,19940926,000000,5.83819,5.93566,5.81621,5.93566,1117878.4253371,0
GLW.US,D,19940927,000000,5.93566,5.93566,5.79366,5.81621,1039522.6140605,0
GLW.US,D,19940928,000000,5.9131,6.03254,5.9131,6.00265,1672399.2311991,0
GLW.US,D,19940929,000000,6.00265,6.05509,5.98029,6.05509,1704946.9667162,0
GLW.US,D,19940930,000000,6.00265,6.12199,6.00265,6.09973,1709765.7436413,0
GLW.US,D,19941003,000000,6.09973,6.09973,6.05509,6.07717,1159266.0463611,0
GLW.US,D,19941004,000000,6.05509,6.09973,6.03254,6.03254,1278207.71446,0
GLW.US,D,19941005,000000,6.00265,6.05509,5.95752,6.03254,2760137.2615527,0
GLW.US,D,19941006,000000,6.03254,6.03254,5.98029,6.03254,913750.07879887,0
GLW.US,D,19941007,000000,6.00265,6.05509,6.00265,6.05509,687123.18432184,0
GLW.US,D,19941010,000000,6.12199,6.14426,6.07717,6.12199,1168103.8839389,0
GLW.US,D,19941011,000000,6.09973,6.1968,6.07717,6.07717,1882149.1428286,0
GLW.US,D,19941012,000000,6.05509,6.07717,6.00265,6.03254,598318.83931288,0
GLW.US,D,19941013,000000,6.07717,6.12199,6.00265,6.05509,1041127.1664281,0
GLW.US,D,19941014,000000,6.05509,6.21936,6.03254,6.21936,894464.73145322,0
GLW.US,D,19941017,000000,6.1968,6.24143,6.09973,6.12199,1707759.7971907,0
GLW.US,D,19941018,000000,6.1968,6.36077,6.17413,6.3385,2906401.3743381,0
GLW.US,D,19941019,000000,6.36077,6.60735,6.3385,6.50247,9218675.5735269,0
GLW.US,D,19941020,000000,6.50247,6.50247,6.36077,6.40559,2803135.5787312,0
GLW.US,D,19941021,000000,6.40559,6.42825,6.3385,6.3385,2773798.9958781,0
GLW.US,D,19941024,000000,6.31654,6.40559,6.31654,6.36077,2667314.8798557,0
GLW.US,D,19941025,000000,6.26379,6.36077,6.24143,6.36077,1607701.0583899,0
GLW.US,D,19941026,000000,6.3385,6.38342,6.31654,6.36077,1410405.6269433,0
GLW.US,D,19941027,000000,6.38342,6.38342,6.28645,6.3385,2279952.1823503,0
GLW.US,D,19941028,000000,6.3385,6.38342,6.3385,6.38342,1710568.5318073,0
GLW.US,D,19941031,000000,6.40559,6.4508,6.3385,6.40559,1561093.2663578,0
GLW.US,D,19941101,000000,6.36077,6.40559,6.28645,6.3385,1241238.5002427,0
GLW.US,D,19941102,000000,6.28645,6.31654,6.24143,6.26379,1611322.8208176,0
GLW.US,D,19941103,000000,6.28645,6.3385,6.26379,6.31654,1656724.3826715,0
GLW.US,D,19941104,000000,6.31654,6.31654,6.14426,6.1968,2289602.0237747,0
GLW.US,D,19941107,000000,6.17413,6.17413,6.05509,6.07717,3788406.5057859,0
GLW.US,D,19941108,000000,6.09973,6.21936,6.07717,6.21936,1716196.2406855,0
GLW.US,D,19941109,000000,6.26379,6.26379,6.14426,6.14426,1410405.6269433,0
GLW.US,D,19941110,000000,6.1968,6.26379,6.07717,6.12199,1088546.9623068,0
GLW.US,D,19941111,000000,6.09973,6.14426,6.05509,6.12199,463305.0244614,0
GLW.US,D,19941114,000000,6.09973,6.12199,6.05509,6.05509,1252087.4040937,0
GLW.US,D,19941115,000000,6.05509,6.14426,6.03254,6.05509,1166899.7016898,0
GLW.US,D,19941116,000000,6.03254,6.05509,5.93566,5.93566,1221548.6869206,0
GLW.US,D,19941117,000000,5.95752,5.95752,5.83819,5.83819,1423668.0151147,0
GLW.US,D,19941118,000000,5.83819,5.83819,5.79366,5.79366,1740705.8548973,0
GLW.US,D,19941121,000000,5.7709,5.7709,5.69659,5.72627,2493728.3223839,0
GLW.US,D,19941122,000000,5.69659,5.69659,5.65166,5.65166,2760540.7035647,0
GLW.US,D,19941123,000000,5.74913,5.7709,5.58437,5.65166,3042222.0732136,0
GLW.US,D,19941125,000000,5.65166,5.72627,5.65166,5.67412,537641.77508537,0
GLW.US,D,19941128,000000,5.65166,5.72627,5.65166,5.67412,1138368.9788963,0
GLW.US,D,19941129,000000,5.67412,5.67412,5.65166,5.65166,1755977.2614129,0
GLW.US,D,19941130,000000,5.67412,5.69659,5.62919,5.65166,1447777.2592082,0
GLW.US,D,19941201,000000,5.65166,5.67412,5.62919,5.65166,1705749.7548823,0
GLW.US,D,19941202,000000,5.65166,5.69659,5.60722,5.65166,1662349.0196563,0
GLW.US,D,19941205,000000,5.67412,5.74913,5.65166,5.69659,931026.40780045,0
GLW.US,D,19941206,000000,5.67412,5.69659,5.62919,5.67412,990902.73179093,0
GLW.US,D,19941207,000000,5.65166,5.67412,5.62919,5.65166,1309150.8976095,0
GLW.US,D,19941208,000000,5.65166,5.69659,5.62919,5.67412,1293475.0251174,0
GLW.US,D,19941209,000000,5.67412,5.74913,5.62919,5.69659,1825893.5573012,0
GLW.US,D,19941212,000000,5.69659,5.72627,5.65166,5.69659,669841.73549776,0
GLW.US,D,19941213,000000,5.71161,5.73389,5.63711,5.68897,1456616.1207504,0
GLW.US,D,19941214,000000,5.6666,5.73389,5.63711,5.6666,943486.00780585,0
GLW.US,D,19941215,000000,5.68897,5.68897,5.54727,5.54727,2477253.7575839,0
GLW.US,D,19941216,000000,5.59199,5.61426,5.54727,5.56973,3222237.0798006,0
GLW.US,D,19941219,000000,5.54727,5.61426,5.47236,5.47236,5608675.4261024,0
GLW.US,D,19941220,000000,5.54727,5.59199,5.51738,5.56973,1530148.0352794,0
GLW.US,D,19941221,000000,5.59199,5.68897,5.56973,5.68897,2499351.9354041,0
GLW.US,D,19941222,000000,5.6666,5.71161,5.63711,5.68897,1616140.5737781,0
GLW.US,D,19941223,000000,5.68897,5.73389,5.63711,5.68897,1001349.2175943,0
GLW.US,D,19941227,000000,5.68897,5.80869,5.68897,5.80869,838207.09799685,0
GLW.US,D,19941228,000000,5.77912,5.85342,5.71161,5.71161,1204272.357919,0
GLW.US,D,19941229,000000,5.73389,5.83116,5.68897,5.77912,1221548.6869206,0
GLW.US,D,19941230,000000,5.8754,5.89835,5.63711,5.6666,1495591.2814182,0
GLW.US,D,19950103,000000,5.68897,5.71161,5.59199,5.63711,1352943.8112379,0
GLW.US,D,19950104,000000,5.63711,5.68897,5.54727,5.63711,2548374.2357212,0
GLW.US,D,19950105,000000,5.6666,5.68897,5.56973,5.56973,1707354.3072498,0
GLW.US,D,19950106,000000,5.59199,5.75606,5.54727,5.71161,2524269.0874859,0
GLW.US,D,19950109,000000,5.73389,5.85342,5.71161,5.83116,2141324.7967872,0
GLW.US,D,19950110,000000,5.85342,5.92043,5.75606,5.77912,2282366.6906354,0
GLW.US,D,19950111,000000,5.77912,5.85342,5.73389,5.77912,1020234.1948214,0
GLW.US,D,19950112,000000,5.83116,5.83116,5.73389,5.73389,775522.03938978,0
GLW.US,D,19950113,000000,5.80869,5.80869,5.75606,5.75606,1092560.9031368,0
GLW.US,D,19950116,000000,5.77912,5.77912,5.68897,5.73389,1550645.7565901,0
GLW.US,D,19950117,000000,5.80869,6.01749,5.77912,5.97257,2017163.9816446,0
GLW.US,D,19950118,000000,5.97257,6.04005,5.9506,6.01749,2686204.9769053,0
GLW.US,D,19950119,000000,5.99523,6.27873,5.99523,6.18185,3409484.3476333,0
GLW.US,D,19950120,000000,6.15939,6.15939,6.01749,6.09211,2453945.2537276,0
GLW.US,D,19950123,000000,5.97257,6.01749,5.89835,5.92043,1418044.4020946,0
GLW.US,D,19950124,000000,5.92043,6.01749,5.92043,5.99523,2358714.5075324,0
GLW.US,D,19950125,000000,5.99523,6.01749,5.97257,5.97257,1388306.4251586,0
GLW.US,D,19950126,000000,5.99523,6.01749,5.9506,5.97257,624032.63577374,0
GLW.US,D,19950127,000000,5.99523,6.01749,5.9506,5.97257,858298.30540203,0
GLW.US,D,19950130,000000,5.99523,6.01749,5.9506,5.9506,1148816.4886642,0
GLW.US,D,19950131,000000,5.9506,5.97257,5.8754,5.92043,1236008.0895896,0
GLW.US,D,19950201,000000,5.97257,5.99523,5.83116,5.8754,4858065.418972,0
GLW.US,D,19950202,000000,5.85342,5.92043,5.83116,5.89835,2555208.1747774,0
GLW.US,D,19950203,000000,5.89835,6.01749,5.89835,5.92043,1547028.0900204,0
GLW.US,D,19950206,000000,5.92043,5.99523,5.92043,5.92043,1724231.2900973,0
GLW.US,D,19950207,000000,5.97257,6.09211,5.9506,6.09211,2075028.2153975,0
GLW.US,D,19950208,000000,6.04005,6.09211,5.92043,5.9506,1417639.9361181,0
GLW.US,D,19950209,000000,5.97257,6.06212,5.92043,6.01749,954335.93562121,0
GLW.US,D,19950210,000000,5.97257,6.18185,5.9506,6.11467,1796956.3206022,0
GLW.US,D,19950213,000000,6.13694,6.15939,6.04005,6.06212,892453.66518017,0
GLW.US,D,19950214,000000,6.09211,6.09211,6.04005,6.06212,1336468.2224735,0
GLW.US,D,19950215,000000,6.06212,6.2341,6.06212,6.21194,2265488.6838232,0
GLW.US,D,19950216,000000,6.18185,6.18185,5.97257,6.01749,2317325.862544,0
GLW.US,D,19950217,000000,6.06212,6.11467,5.92043,5.92043,1960504.9541052,0
GLW.US,D,19950221,000000,5.92043,5.97257,5.89835,5.92043,1635833.4589939,0
GLW.US,D,19950222,000000,5.92043,6.06212,5.92043,6.01749,1055192.3427656,0
GLW.US,D,19950223,000000,6.06212,6.13694,6.01749,6.09211,1158858.508491,0
GLW.US,D,19950224,000000,6.11467,6.15939,6.06212,6.15939,2660487.0845865,0
GLW.US,D,19950227,000000,6.13694,6.15939,6.09211,6.09211,1233600.7490561,0
GLW.US,D,19950228,000000,6.07717,6.12199,6.0252,6.12199,2040473.5094652,0
GLW.US,D,19950301,000000,6.09973,6.17413,6.07717,6.09973,837806.72787835,0
GLW.US,D,19950302,000000,6.09973,6.14426,6.07717,6.07717,2578112.2126572,0
GLW.US,D,19950303,000000,6.07717,6.09973,6.05509,6.07717,592693.1783637,0
GLW.US,D,19950306,000000,6.05509,6.09973,6.05509,6.07717,1697312.2874229,0
GLW.US,D,19950307,000000,6.05509,6.07717,6.0252,6.05509,960765.40870093,0
GLW.US,D,19950308,000000,6.07717,6.09973,6.05509,6.09973,1078093.3087519,0
GLW.US,D,19950309,000000,6.09973,6.12199,6.07717,6.09973,1202262.3156104,0
GLW.US,D,19950310,000000,6.12199,6.26379,6.09973,6.26379,1400760.9053415,0
GLW.US,D,19950313,000000,6.24143,6.26379,6.17413,6.1968,1025057.0676046,0
GLW.US,D,19950314,000000,6.21936,6.29368,6.1968,6.29368,1150022.7188422,0
GLW.US,D,19950315,000000,6.21936,6.3385,6.21936,6.31654,2526275.0339364,0
GLW.US,D,19950316,000000,6.31654,6.3385,6.26379,6.29368,1293475.0251174,0
GLW.US,D,19950317,000000,6.29368,6.43577,6.26379,6.38342,2721162.1008849,0
GLW.US,D,19950320,000000,6.36077,6.43577,6.36077,6.43577,1289858.3825124,0
GLW.US,D,19950321,000000,6.38342,6.38342,6.29368,6.3385,2730003.0103562,0
GLW.US,D,19950322,000000,6.38342,6.43577,6.3385,6.41311,2104761.0725109,0
GLW.US,D,19950323,000000,6.38342,6.6222,6.38342,6.5553,4604113.007915,0
GLW.US,D,19950324,000000,6.57767,6.95855,6.57767,6.95855,7308797.4721064,0
GLW.US,D,19950327,000000,6.95855,6.95855,6.83891,6.86108,2860595.3465076,0
GLW.US,D,19950328,000000,6.83891,6.83891,6.74174,6.7639,2099941.2716212,0
GLW.US,D,19950329,000000,6.81654,6.9809,6.79389,6.91352,3644957.2714042,0
GLW.US,D,19950330,000000,6.93549,6.95855,6.88345,6.91352,1264543.9322055,0
GLW.US,D,19950331,000000,6.86108,6.91352,6.79389,6.86108,1684048.875287,0
GLW.US,D,19950403,000000,6.86108,6.88345,6.81654,6.86108,1003761.6779504,0
GLW.US,D,19950404,000000,6.88345,6.9809,6.88345,6.95855,1878131.1061405,0
GLW.US,D,19950405,000000,6.9809,7.05523,6.93549,6.9809,2820409.8598037,0
GLW.US,D,19950406,000000,6.9809,7.03295,6.93549,7.00298,1931170.4191812,0
GLW.US,D,19950407,000000,7.03295,7.03295,6.86108,7.00298,1662753.4856328,0
GLW.US,D,19950410,000000,6.9809,7.03295,6.93549,6.95855,748196.52280987,0
GLW.US,D,19950411,000000,6.95855,6.9809,6.7639,6.7639,1763615.0125996,0
GLW.US,D,19950412,000000,6.83891,7.00298,6.81654,7.00298,2251022.1134027,0
GLW.US,D,19950413,000000,7.00298,7.12241,6.9809,7.10016,2349070.8098952,0
GLW.US,D,19950417,000000,7.07739,7.12241,6.9809,7.00298,1592032.3536494,0
GLW.US,D,19950418,000000,7.00298,7.03295,6.86108,6.9809,1711773.7380209,0
GLW.US,D,19950419,000000,7.00298,7.03295,6.91352,6.93549,2371574.4776564,0
GLW.US,D,19950420,000000,6.9809,7.00298,6.86108,6.86108,969201.85219572,0
GLW.US,D,19950421,000000,6.88345,6.88345,6.81654,6.83891,1923538.8117814,0
GLW.US,D,19950424,000000,6.83891,6.9809,6.83891,6.95855,1472287.8973845,0
GLW.US,D,19950425,000000,6.91352,6.95855,6.81654,6.81654,1639447.0297054,0
GLW.US,D,19950426,000000,6.83891,6.93549,6.71918,6.93549,1387905.0310757,0
GLW.US,D,19950427,000000,6.93549,7.03295,6.91352,7.00298,958354.99627384,0
GLW.US,D,19950428,000000,7.03295,7.03295,6.07717,6.38342,26406748.051103,0
GLW.US,D,19950501,000000,6.36077,6.53265,6.36077,6.50247,5817625.6214593,0
GLW.US,D,19950502,000000,6.43577,6.4805,6.38342,6.4805,3999371.8632739,0
GLW.US,D,19950503,000000,6.45785,6.5553,6.45785,6.53265,2414970.0930598,0
GLW.US,D,19950504,000000,6.4805,6.53265,6.3385,6.36077,5876694.0374614,0
GLW.US,D,19950505,000000,6.38342,6.50247,6.26379,6.4805,4934416.3077625,0
GLW.US,D,19950508,000000,6.50247,6.60003,6.43577,6.57767,2844923.5698735,0
GLW.US,D,19950509,000000,6.5553,6.57767,6.38342,6.4805,2129673.1047703,0
GLW.US,D,19950510,000000,6.4805,6.4805,6.3385,6.4805,2637579.9748131,0
GLW.US,D,19950511,000000,6.4805,6.4805,6.38342,6.41311,1754365.5412938,0
GLW.US,D,19950512,000000,6.41311,6.4805,6.38342,6.43577,1392728.9278233,0
GLW.US,D,19950515,000000,6.43577,6.43577,6.3385,6.36077,4946867.7160518,0
GLW.US,D,19950516,000000,6.36077,6.38342,6.21936,6.38342,5411778.3168454,0
GLW.US,D,19950517,000000,6.36077,6.38342,6.26379,6.31654,4057632.3712874,0
GLW.US,D,19950518,000000,6.29368,6.31654,6.24143,6.26379,4219164.8186947,0
GLW.US,D,19950519,000000,6.21936,6.29368,6.21936,6.26379,2500557.1416176,0
GLW.US,D,19950522,000000,6.31654,6.3385,6.26379,6.31654,1380266.2559244,0
GLW.US,D,19950523,000000,6.29368,6.31654,6.1968,6.1968,2132481.8393869,0
GLW.US,D,19950524,000000,6.24143,6.29368,6.1968,6.21936,1512472.3601237,0
GLW.US,D,19950525,000000,6.1968,6.1968,6.09973,6.09973,1965729.2209714,0
GLW.US,D,19950526,000000,6.09973,6.12199,6.0252,6.0252,2376395.3025106,0
GLW.US,D,19950530,000000,6.04005,6.13694,6.04005,6.11467,1502423.1725454,0
GLW.US,D,19950531,000000,6.08507,6.13694,6.08507,6.13694,2702675.4458473,0
GLW.US,D,19950601,000000,6.13694,6.15939,6.11467,6.15939,4260150.0216711,0
GLW.US,D,19950602,000000,6.18185,6.25628,6.13694,6.18185,3466947.1873032,0
GLW.US,D,19950605,000000,6.18185,6.18185,6.04005,6.06212,3720094.7622651,0
GLW.US,D,19950606,000000,6.08507,6.11467,6.04005,6.06212,3047039.8261742,0
GLW.US,D,19950607,000000,6.06212,6.11467,6.06212,6.08507,2381617.5214477,0
GLW.US,D,19950608,000000,6.13694,6.30158,6.13694,6.2341,3348008.5910978,0
GLW.US,D,19950609,000000,6.25628,6.25628,6.11467,6.15939,2480067.6120229,0
GLW.US,D,19950612,000000,6.20412,6.30158,6.18185,6.30158,2199993.8666351,0
GLW.US,D,19950613,000000,6.30158,6.32346,6.18185,6.18185,1624176.6471545,0
GLW.US,D,19950614,000000,6.18185,6.35364,6.18185,6.32346,4230416.1405931,0
GLW.US,D,19950615,000000,6.30158,6.32346,6.27873,6.30158,2431044.2877413,0
GLW.US,D,19950616,000000,6.35364,6.51761,6.32346,6.51761,4202291.9317052,0
GLW.US,D,19950619,000000,6.47269,6.49554,6.44271,6.49554,1677622.4741008,0
GLW.US,D,19950620,000000,6.47269,6.49554,6.44271,6.49554,1725033.0542988,0
GLW.US,D,19950621,000000,6.47269,6.51761,6.42053,6.44271,1465456.0062572,0
GLW.US,D,19950622,000000,6.51761,6.51761,6.44271,6.47269,2646019.4902014,0
GLW.US,D,19950623,000000,6.47269,6.47269,6.25628,6.3758,2286785.097442,0
GLW.US,D,19950626,000000,6.35364,6.39836,6.30158,6.32346,2729196.1263322,0
GLW.US,D,19950627,000000,6.30158,6.35364,6.27873,6.32346,2431044.2877413,0
GLW.US,D,19950628,000000,6.30158,6.35364,6.13694,6.15939,2795094.3855325,0
GLW.US,D,19950629,000000,6.15939,6.20412,6.13694,6.15939,1800583.2028523,0
GLW.US,D,19950630,000000,6.15939,6.27873,6.13694,6.27873,2143736.2331787,0
GLW.US,D,19950703,000000,6.32346,6.32346,6.2341,6.30158,638498.18222972,0
GLW.US,D,19950705,000000,6.32346,6.44271,6.30158,6.39836,2049712.7411261,0
GLW.US,D,19950706,000000,6.35364,6.3758,6.27873,6.35364,1734278.4297466,0
GLW.US,D,19950707,000000,6.35364,6.42053,6.30158,6.3758,2318533.1166866,0
GLW.US,D,19950710,000000,6.3758,6.39836,6.30158,6.30158,1382279.3701264,0
GLW.US,D,19950711,000000,6.35364,6.39836,6.30158,6.3758,2012744.5508734,0
GLW.US,D,19950712,000000,6.35364,6.51761,6.35364,6.39836,1581179.3539406,0
GLW.US,D,19950713,000000,6.3758,6.42053,6.3758,6.39836,1315178.9766062,0
GLW.US,D,19950714,000000,6.39836,6.47269,6.3758,6.39836,1704946.9667162,0
GLW.US,D,19950717,000000,6.35364,6.42053,6.35364,6.3758,1565510.6492,0
GLW.US,D,19950718,000000,6.32346,6.35364,6.2341,6.30158,1559083.2240493,0
GLW.US,D,19950719,000000,6.27873,6.30158,6.15939,6.20412,1628597.1018902,0
GLW.US,D,19950720,000000,6.20412,6.25628,6.20412,6.2341,1319191.8934718,0
GLW.US,D,19950721,000000,6.2341,6.2341,6.06212,6.11467,4025488.0777823,0
GLW.US,D,19950724,000000,6.13694,6.20412,6.11467,6.18185,1051173.2821129,0
GLW.US,D,19950725,000000,6.18185,6.25628,6.15939,6.20412,1166899.7016898,0
GLW.US,D,19950726,000000,6.20412,6.20412,6.11467,6.15939,1911081.2597051,0
GLW.US,D,19950727,000000,6.15939,6.18185,6.06212,6.13694,1524125.0761052,0
GLW.US,D,19950728,000000,6.13694,6.27873,6.13694,6.25628,2590568.7407691,0
GLW.US,D,19950731,000000,6.25628,6.25628,6.11467,6.13694,1309945.4940595,0
GLW.US,D,19950801,000000,6.13694,6.13694,5.92043,5.98761,4778508.4973398,0
GLW.US,D,19950802,000000,6.01749,6.06212,5.96554,6.01749,2935738.9811555,0
GLW.US,D,19950803,000000,5.98761,6.01749,5.94259,5.96554,1813438.0531537,0
GLW.US,D,19950804,000000,5.96554,5.98761,5.94259,5.94259,837806.72787835,0
GLW.US,D,19950807,000000,6.01749,6.08507,5.98761,6.08507,1509656.4577557,0
GLW.US,D,19950808,000000,6.08507,6.13694,6.06212,6.08507,2062567.5914275,0
GLW.US,D,19950809,000000,6.06212,6.13694,6.04005,6.08507,1354951.8056176,0
GLW.US,D,19950810,000000,6.08507,6.15939,6.06212,6.06212,1234005.2150325,0
GLW.US,D,19950811,000000,6.08507,6.08507,5.92043,5.96554,1385894.988767,0
GLW.US,D,19950814,000000,5.96554,6.11467,5.96554,6.11467,787176.80330015,0
GLW.US,D,19950815,000000,6.11467,6.11467,5.98761,6.04005,1291065.6366549,0
GLW.US,D,19950816,000000,6.06212,6.11467,6.04005,6.11467,1075686.9921827,0
GLW.US,D,19950817,000000,6.08507,6.15939,6.06212,6.06212,1745125.2856685,0
GLW.US,D,19950818,000000,6.08507,6.20412,6.06212,6.13694,2041671.5479274,0
GLW.US,D,19950821,000000,6.11467,6.15939,6.11467,6.13694,1493584.3110032,0
GLW.US,D,19950822,000000,6.13694,6.20412,6.11467,6.15939,2875865.7290586,0
GLW.US,D,19950823,000000,6.18185,6.20412,6.13694,6.13694,2163028.7482759,0
GLW.US,D,19950824,000000,6.15939,6.2341,6.11467,6.18185,1496397.1414777,0
GLW.US,D,19950825,000000,6.13694,6.20412,6.13694,6.20412,1981804.4396174,0
GLW.US,D,19950828,000000,6.20412,6.27873,6.18185,6.25628,944695.30987738,0
GLW.US,D,19950829,000000,6.2341,6.27873,6.20412,6.25628,1342494.253541,0
GLW.US,D,19950830,000000,6.27873,6.27873,6.2341,6.27873,1137165.8206118,0
GLW.US,D,19950831,000000,6.24143,6.31654,6.24143,6.28645,928213.57732586,0
GLW.US,D,19950901,000000,6.24143,6.28645,6.16681,6.1968,2066989.0701276,0
GLW.US,D,19950905,000000,6.21936,6.24143,6.12199,6.24143,1522919.8698916,0
GLW.US,D,19950906,000000,6.1968,6.21936,6.0252,6.04719,2647222.648486,0
GLW.US,D,19950907,000000,6.0252,6.0252,5.80869,5.80869,7329294.1694526,0
GLW.US,D,19950908,000000,5.80869,5.80869,5.65928,5.65928,9160009.5755724,0
GLW.US,D,19950911,000000,5.68897,5.73389,5.65928,5.68897,14229836.996412,0
GLW.US,D,19950912,000000,5.68897,5.75606,5.65928,5.73389,6500329.37501,0
GLW.US,D,19950913,000000,5.71161,5.73389,5.63711,5.63711,5761771.430015,0
GLW.US,D,19950914,000000,5.63711,5.71161,5.53964,5.63711,9993389.7049281,0
GLW.US,D,19950915,000000,5.73389,5.80869,5.68897,5.80869,5702703.014013,0
GLW.US,D,19950918,000000,5.78594,5.78594,5.71161,5.78594,2689418.1774984,0
GLW.US,D,19950919,000000,5.75606,5.78594,5.68897,5.71161,1873309.2573217,0
GLW.US,D,19950920,000000,5.68897,5.75606,5.56973,5.59199,2404925.0013394,0
GLW.US,D,19950921,000000,5.59199,5.61426,5.4951,5.53964,2299245.7214119,0
GLW.US,D,19950922,000000,5.51738,5.51738,5.39794,5.4951,3278088.1993514,0
GLW.US,D,19950925,000000,5.44267,5.56973,5.4201,5.51738,4498431.6800585,0
GLW.US,D,19950926,000000,5.51738,5.61426,5.47236,5.56973,3925832.7809935,0
GLW.US,D,19950927,000000,5.4951,5.53964,5.47236,5.53964,2642000.4295488,0
GLW.US,D,19950928,000000,5.51738,5.53964,5.39794,5.44267,2642000.4295488,0
GLW.US,D,19950929,000000,5.39794,5.53964,5.39794,5.51738,1609311.7545445,0
GLW.US,D,19951002,000000,5.4951,5.4951,5.32304,5.39794,4419276.1525093,0
GLW.US,D,19951003,000000,5.39794,5.39794,5.25614,5.35312,3186072.7016784,0
GLW.US,D,19951004,000000,5.30077,5.35312,5.25614,5.32304,6278921.6275767,0
GLW.US,D,19951005,000000,5.10671,5.12928,4.65143,5.0618,13775372.881422,0
GLW.US,D,19951006,000000,5.0618,5.27831,4.96492,5.18114,5430670.4618239,0
GLW.US,D,19951009,000000,5.18114,5.20369,5.0618,5.08445,2801118.3686711,0
GLW.US,D,19951010,000000,5.08445,5.15917,5.0618,5.12928,2263075.1995027,0
GLW.US,D,19951011,000000,5.08445,5.12928,4.98728,5.08445,3189688.3203189,0
GLW.US,D,19951012,000000,5.10671,5.12928,5.03963,5.0618,2312100.5717134,0
GLW.US,D,19951013,000000,5.0618,5.08445,4.96492,4.98728,1718605.6291481,0
GLW.US,D,19951016,000000,5.00974,5.00974,4.86784,4.91248,1756380.7034249,0
GLW.US,D,19951017,000000,4.91248,5.20369,4.91248,5.08445,5963488.3401618,0
GLW.US,D,19951018,000000,5.0618,5.15917,5.0618,5.12928,3937886.8910579,0
GLW.US,D,19951019,000000,5.12928,5.35312,5.12928,5.35312,6974881.6255118,0
GLW.US,D,19951020,000000,5.32304,5.32304,5.18114,5.20369,2184324.13793,0
GLW.US,D,19951023,000000,5.25614,5.32304,5.18114,5.18114,1872503.3972623,0
GLW.US,D,19951024,000000,5.18114,5.35312,5.15917,5.32304,1588817.1051273,0
GLW.US,D,19951025,000000,5.30077,5.32304,5.25614,5.28593,1598459.7788002,0
GLW.US,D,19951026,000000,5.25614,5.39794,5.22635,5.27831,3724118.9427402,0
GLW.US,D,19951027,000000,5.30077,5.30077,5.12928,5.15917,4220375.1447308,0
GLW.US,D,19951030,000000,5.15917,5.18114,5.0618,5.12928,1934790.1336797,0
GLW.US,D,19951031,000000,5.10671,5.12928,5.00974,5.03963,1535773.6962286,0
GLW.US,D,19951101,000000,5.00974,5.03963,4.96492,4.96492,1540199.2707868,0
GLW.US,D,19951102,000000,4.96492,5.08445,4.96492,5.0618,1483138.8491643,0
GLW.US,D,19951103,000000,5.00974,5.0618,4.98728,5.03963,1667174.9643328,0
GLW.US,D,19951106,000000,5.00974,5.18114,4.98728,5.18114,2017163.9816446,0
GLW.US,D,19951107,000000,5.18114,5.25614,5.15917,5.20369,1817053.6717945,0
GLW.US,D,19951108,000000,5.20369,5.25614,5.12928,5.18114,1233600.7490561,0
GLW.US,D,19951109,000000,5.12928,5.15917,5.03963,5.10671,2102757.1739893,0
GLW.US,D,19951110,000000,5.0618,5.18114,5.0618,5.12928,1765620.9590501,0
GLW.US,D,19951113,000000,5.15917,5.22635,5.12928,5.20369,1811829.4049281,0
GLW.US,D,19951114,000000,5.15917,5.22635,5.10671,5.18114,2113199.5639347,0
GLW.US,D,19951115,000000,5.18114,5.32304,5.18114,5.32304,1350536.4707044,0
GLW.US,D,19951116,000000,5.30077,5.30077,5.18114,5.20369,1540199.2707868,0
GLW.US,D,19951117,000000,5.22635,5.30077,5.20369,5.27831,1339684.4949599,0
GLW.US,D,19951120,000000,5.30077,5.30077,5.22635,5.30077,1113462.0664594,0
GLW.US,D,19951121,000000,5.30077,5.44267,5.30077,5.44267,3159149.603146,0
GLW.US,D,19951122,000000,5.44267,5.4951,5.4201,5.44267,2876267.1231416,0
GLW.US,D,19951124,000000,5.4201,5.47236,5.4201,5.44267,206538.75896536,0
GLW.US,D,19951127,000000,5.4201,5.4951,5.35312,5.37538,1805401.9797776,0
GLW.US,D,19951128,000000,5.35312,5.53964,5.32304,5.51738,2486895.4072921,0
GLW.US,D,19951129,000000,5.73389,5.8836,5.61426,5.8836,7823937.6273595,0
GLW.US,D,19951130,000000,5.83116,5.8836,5.80869,5.83116,4772479.3943786,0
GLW.US,D,19951201,000000,5.80869,5.85342,5.73389,5.85342,2736426.3396489,0
GLW.US,D,19951204,000000,5.85342,5.9506,5.83116,5.92814,3255185.1854361,0
GLW.US,D,19951205,000000,5.8836,6.14426,5.85342,6.06983,5861022.2608273,0
GLW.US,D,19951206,000000,6.0252,6.09973,5.9506,6.0252,3049851.6326844,0
GLW.US,D,19951207,000000,6.00265,6.00265,5.92814,5.9506,878388.4888427,0
GLW.US,D,19951208,000000,5.97257,6.04719,5.9506,6.0252,1085326.5939621,0
GLW.US,D,19951211,000000,6.0252,6.09973,6.00265,6.0252,2286785.097442,0
GLW.US,D,19951212,000000,6.00265,6.09973,6.00265,6.06983,2644010.4718574,0
GLW.US,D,19951213,000000,6.0252,6.09973,6.0252,6.06983,2006715.4479122,0
GLW.US,D,19951214,000000,6.06212,6.12971,6.06212,6.10685,2151375.00833,0
GLW.US,D,19951215,000000,6.10685,6.10685,5.98761,6.03254,3560974.7752138,0
GLW.US,D,19951218,000000,6.01027,6.01027,5.96554,5.98761,1123505.1102508,0
GLW.US,D,19951219,000000,5.93566,6.03254,5.81621,6.03254,2656063.5579574,0
GLW.US,D,19951220,000000,6.03254,6.03254,5.89024,5.89024,1992252.9733497,0
GLW.US,D,19951221,000000,5.89024,5.98761,5.89024,5.98761,2160214.8938368,0
GLW.US,D,19951222,000000,5.93566,6.01027,5.89024,5.93566,1312766.5162501,0
GLW.US,D,19951226,000000,5.98761,6.01027,5.9131,5.98761,568984.30438892,0
GLW.US,D,19951227,000000,5.96554,6.03254,5.9131,5.9131,1403170.2938041,0
GLW.US,D,19951228,000000,5.89024,6.01027,5.83819,5.93566,1763615.0125996,0
GLW.US,D,19951229,000000,5.93566,6.20412,5.9131,6.20412,2694645.516258,0
GLW.US,D,19960102,000000,6.15939,6.15939,6.01027,6.03254,1308745.4076685,0
GLW.US,D,19960103,000000,6.08507,6.08507,6.01027,6.03254,1219537.6206475,0
GLW.US,D,19960104,000000,6.01027,6.10685,5.9131,5.98761,1625384.9252616,0
GLW.US,D,19960105,000000,5.93566,5.98761,5.86846,5.98761,1649093.7992363,0
GLW.US,D,19960108,000000,5.93566,6.01027,5.93566,6.01027,366465.63004068,0
GLW.US,D,19960109,000000,6.03254,6.03254,5.86846,5.93566,1098186.564086,0
GLW.US,D,19960110,000000,5.83819,5.89024,5.7709,5.83819,2054530.4940868,0
GLW.US,D,19960111,000000,5.86846,5.89024,5.74102,5.7709,1506041.8630795,0
GLW.US,D,19960112,000000,5.79366,5.89024,5.69659,5.86846,967596.27586366,0
GLW.US,D,19960115,000000,5.86846,5.89835,5.81621,5.86846,618006.60470604,0
GLW.US,D,19960116,000000,5.86846,5.9131,5.79366,5.86846,1031889.9826963,0
GLW.US,D,19960117,000000,5.83819,5.86846,5.7709,5.79366,1292268.7949394,0
GLW.US,D,19960118,000000,5.7709,5.81621,5.7709,5.79366,1141988.6933949,0
GLW.US,D,19960119,000000,5.79366,5.79366,5.62197,5.62197,7307594.3138219,0
GLW.US,D,19960122,000000,5.57685,5.62197,5.40517,5.62197,8042937.0102948,0
GLW.US,D,19960123,000000,5.62197,5.86846,5.62197,5.79366,3335150.6689029,0
GLW.US,D,19960124,000000,5.7709,5.83819,5.7709,5.81621,2171869.6577472,0
GLW.US,D,19960125,000000,5.86846,5.96554,5.81621,5.93566,1704946.9667162,0
GLW.US,D,19960126,000000,5.9131,6.08507,5.9131,5.98761,3548120.9488769,0
GLW.US,D,19960129,000000,5.96554,6.01027,5.93566,6.01027,1626990.5015936,0
GLW.US,D,19960130,000000,5.96554,5.98761,5.9131,5.9131,1859242.0330554,0
GLW.US,D,19960131,000000,6.20412,6.20412,6.01027,6.06212,10209974.579579,0
GLW.US,D,19960201,000000,6.06212,6.06212,5.98761,6.06212,4240463.2802424,0
GLW.US,D,19960202,000000,6.10685,6.22668,6.08507,6.20412,4605321.286022,0
GLW.US,D,19960205,000000,6.03254,6.30158,6.03254,6.25628,5890761.2617278,0
GLW.US,D,19960206,000000,6.20412,6.44271,6.20412,6.39836,8109637.0336965,0
GLW.US,D,19960207,000000,6.42053,6.66713,6.39836,6.61487,7884207.1537171,0
GLW.US,D,19960208,000000,6.63695,6.7639,6.63695,6.71175,4884179.5855514,0
GLW.US,D,19960209,000000,6.61487,6.73422,6.59251,6.63695,6097698.3428827,0
GLW.US,D,19960212,000000,6.59251,6.7639,6.59251,6.7639,3615623.7604446,0
GLW.US,D,19960213,000000,6.68939,6.86108,6.66713,6.7639,4543038.6454625,0
GLW.US,D,19960214,000000,6.71175,6.80892,6.63695,6.71175,3681921.3657989,0
GLW.US,D,19960215,000000,6.68939,6.80892,6.61487,6.7639,4309980.2299767,0
GLW.US,D,19960216,000000,6.7639,6.7639,6.71175,6.73422,2549580.4658993,0
GLW.US,D,19960220,000000,6.59251,6.71175,6.59251,6.63695,2105967.302689,0
GLW.US,D,19960221,000000,6.59251,6.66713,6.56986,6.66713,1474293.843835,0
GLW.US,D,19960222,000000,6.68939,6.71175,6.59251,6.71175,3159149.603146,0
GLW.US,D,19960223,000000,6.73422,6.7639,6.68939,6.73422,1540598.6169408,0
GLW.US,D,19960226,000000,6.71175,6.73422,6.59251,6.61487,1014208.1637537,0
GLW.US,D,19960227,000000,6.59251,6.59251,6.42053,6.47269,2795897.1736984,0
GLW.US,D,19960228,000000,6.49554,6.51761,6.44271,6.47269,3195315.0052327,0
GLW.US,D,19960229,000000,6.26379,6.38342,6.26379,6.3385,1815447.0714978,0
GLW.US,D,19960301,000000,6.38342,6.38342,6.24143,6.30842,2199589.4006586,0
GLW.US,D,19960304,000000,6.3385,6.45785,6.30842,6.40559,1804998.5377654,0
GLW.US,D,19960305,000000,6.38342,6.40559,6.24143,6.30842,2134898.395601,0
GLW.US,D,19960306,000000,6.28645,6.57767,6.28645,6.57767,5047325.8010068,0
GLW.US,D,19960307,000000,6.53265,6.65218,6.4805,6.63002,3160756.2034425,0
GLW.US,D,19960308,000000,6.53265,6.67416,6.45785,6.50247,4468299.4767911,0
GLW.US,D,19960311,000000,6.43577,6.66713,6.43577,6.63002,2171869.6577472,0
GLW.US,D,19960312,000000,6.53265,6.65218,6.53265,6.63002,3936680.6608799,0
GLW.US,D,19960313,000000,6.65218,6.7269,6.65218,6.67416,2567664.7028893,0
GLW.US,D,19960314,000000,6.67416,6.74916,6.67416,6.7269,2095518.7689567,0
GLW.US,D,19960315,000000,6.67416,6.7269,6.63002,6.7269,2107171.4849379,0
GLW.US,D,19960318,000000,6.70423,6.84614,6.67416,6.84614,2255046.2938779,0
GLW.US,D,19960319,000000,6.8017,6.82368,6.7269,6.7269,1413221.5293114,0
GLW.US,D,19960320,000000,6.67416,6.82368,6.67416,6.82368,1325621.3665516,0
GLW.US,D,19960321,000000,6.82368,6.82368,6.70423,6.7269,1350130.9807634,0
GLW.US,D,19960322,000000,6.74916,6.89858,6.7269,6.8017,1533366.355695,0
GLW.US,D,19960325,000000,6.82368,6.89858,6.82368,6.8687,1835537.2549385,0
GLW.US,D,19960326,000000,6.84614,7.07007,6.82368,7.01782,3491459.8734086,0
GLW.US,D,19960327,000000,6.92074,6.92074,6.84614,6.92074,2563243.2241893,0
GLW.US,D,19960328,000000,6.8687,6.96587,6.84614,6.94341,1526132.0465203,0
GLW.US,D,19960329,000000,6.92074,7.04019,6.82368,6.82368,1997475.1922868,0
GLW.US,D,19960401,000000,6.8687,6.94341,6.8687,6.8687,1254095.3984731,0
GLW.US,D,19960402,000000,6.8687,6.92074,6.8017,6.92074,1269364.7570597,0
GLW.US,D,19960403,000000,6.82368,7.01782,6.8017,7.01782,1451792.2240027,0
GLW.US,D,19960404,000000,6.94341,6.99574,6.82368,6.8687,1259721.0594223,0
GLW.US,D,19960408,000000,6.67416,6.74916,6.67416,6.74916,1878936.9662,0
GLW.US,D,19960409,000000,6.74916,6.77181,6.70423,6.74916,1440139.5080213,0
GLW.US,D,19960410,000000,6.7269,6.82368,6.7269,6.7269,1436924.2594993,0
GLW.US,D,19960411,000000,6.7269,6.7269,6.60003,6.65218,2657269.7881354,0
GLW.US,D,19960412,000000,6.63002,6.67416,6.57767,6.63002,1109843.3759254,0
GLW.US,D,19960415,000000,6.7269,6.84614,6.7269,6.82368,2654860.3996727,0
GLW.US,D,19960416,000000,6.77181,6.8017,6.60003,6.63002,3842248.6069927,0
GLW.US,D,19960417,000000,6.60003,6.7269,6.60003,6.63002,2204008.8314298,0
GLW.US,D,19960418,000000,6.60003,6.63002,6.5553,6.57767,2246203.3364777,0
GLW.US,D,19960419,000000,6.57767,6.63002,6.50247,6.57767,1730662.811106,0
GLW.US,D,19960422,000000,6.63002,6.7269,6.63002,6.7269,981253.91433112,0
GLW.US,D,19960423,000000,6.67416,6.8017,6.65218,6.8017,2230129.1417962,0
GLW.US,D,19960424,000000,6.74916,6.8017,6.70423,6.77181,1008177.0128636,0
GLW.US,D,19960425,000000,6.7269,6.74916,6.67416,6.74916,1101401.8126081,0
GLW.US,D,19960426,000000,6.70423,6.7269,6.67416,6.67416,706811.97367949,0
GLW.US,D,19960429,000000,6.65218,6.84614,6.65218,6.8017,1829914.6658828,0
GLW.US,D,19960430,000000,6.74916,6.8017,6.7269,6.77181,1414421.6157026,0
GLW.US,D,19960501,000000,6.7269,6.8017,6.7269,6.77181,744981.27428776,0
GLW.US,D,19960502,000000,6.74916,6.8017,6.70423,6.74916,1442550.9444129,0
GLW.US,D,19960503,000000,6.74916,6.8687,6.74916,6.77181,2220488.5160523,0
GLW.US,D,19960506,000000,6.77181,6.8017,6.60003,6.7269,1266153.6043956,0
GLW.US,D,19960507,000000,6.70423,6.77181,6.67416,6.70423,1963722.2505562,0
GLW.US,D,19960508,000000,6.60003,6.67416,6.45785,6.67416,1868487.4085031,0
GLW.US,D,19960509,000000,6.63002,6.70423,6.63002,6.70423,411871.28775269,0
GLW.US,D,19960510,000000,6.74916,6.82368,6.70423,6.77181,2180705.447396,0
GLW.US,D,19960513,000000,6.8017,6.84614,6.74916,6.84614,866335.40274279,0
GLW.US,D,19960514,000000,7.36158,7.40592,7.19009,7.38385,17867160.612486,0
GLW.US,D,19960515,000000,7.42877,7.60046,7.40592,7.53317,8294479.0089247,0
GLW.US,D,19960516,000000,7.40592,7.75047,7.40592,7.63025,4879369.0003422,0
GLW.US,D,19960517,000000,7.63025,7.72781,7.60046,7.72781,3823769.1197066,0
GLW.US,D,19960520,000000,7.72781,7.72781,7.63025,7.69704,2690624.4076764,0
GLW.US,D,19960521,000000,7.65251,7.67537,7.53317,7.55563,2245396.4524536,0
GLW.US,D,19960522,000000,7.53317,7.65251,7.48083,7.60046,3537666.2713576,0
GLW.US,D,19960523,000000,7.60046,7.60046,7.55563,7.60046,3333139.6026298,0
GLW.US,D,19960524,000000,7.5778,7.63025,7.5778,7.60046,1575555.7409203,0
GLW.US,D,19960528,000000,7.63025,7.63025,7.48083,7.55563,2393676.7513346,0
GLW.US,D,19960529,000000,7.53317,7.53317,7.42877,7.48083,1436122.4952977,0
GLW.US,D,19960530,000000,7.44371,7.5404,7.44371,7.51803,1126313.8448675,0
GLW.US,D,19960531,000000,7.51803,7.5404,7.44371,7.48845,1235612.8392935,0
GLW.US,D,19960603,000000,7.44371,7.46588,7.42097,7.44371,1624176.6471545,0
GLW.US,D,19960604,000000,7.44371,7.48845,7.42097,7.48845,821331.1391138,0
GLW.US,D,19960605,000000,7.46588,7.59274,7.44371,7.59274,1714585.544531,0
GLW.US,D,19960606,000000,7.59274,7.68962,7.51803,7.5404,1633822.3927208,0
GLW.US,D,19960607,000000,7.42097,7.51803,7.39117,7.51803,1013805.7457061,0
GLW.US,D,19960610,000000,7.48845,7.59274,7.48845,7.5404,698370.41036222,0
GLW.US,D,19960611,000000,7.5404,7.63758,7.5404,7.5404,1246467.8869314,0
GLW.US,D,19960612,000000,7.51803,7.56295,7.3691,7.44371,1624176.6471545,0
GLW.US,D,19960613,000000,7.44371,7.44371,7.34644,7.42097,2249821.0030473,0
GLW.US,D,19960614,000000,7.42097,7.42097,7.31637,7.39117,2298439.8613523,0
GLW.US,D,19960617,000000,7.42097,7.46588,7.34644,7.42097,1403975.1298992,0
GLW.US,D,19960618,000000,7.42097,7.46588,7.42097,7.44371,2166644.3669164,0
GLW.US,D,19960619,000000,7.44371,7.44371,7.3691,7.39117,1046353.4812233,0
GLW.US,D,19960620,000000,7.44371,7.46588,7.24927,7.27184,1906256.3389929,0
GLW.US,D,19960621,000000,7.27184,7.42097,7.27184,7.42097,2404520.5353629,0
GLW.US,D,19960624,000000,7.42097,7.46588,7.39117,7.46588,935445.8385716,0
GLW.US,D,19960625,000000,7.51803,7.56295,7.42097,7.46588,1076896.2942543,0
GLW.US,D,19960626,000000,7.46588,7.51803,7.44371,7.48845,1638241.8234919,0
GLW.US,D,19960627,000000,7.46588,7.56295,7.44371,7.5404,1202662.685729,0
GLW.US,D,19960628,000000,7.5404,7.59274,7.51803,7.51803,2762150.3757548,0
GLW.US,D,19960701,000000,7.56295,7.61521,7.48845,7.59274,1667576.3584159,0
GLW.US,D,19960702,000000,7.61521,7.61521,7.44371,7.48845,1667576.3584159,0
GLW.US,D,19960703,000000,7.63758,7.65993,7.51803,7.56295,2601819.038703,0
GLW.US,D,19960705,000000,7.44371,7.48845,7.3691,7.39117,658186.97158738,0
GLW.US,D,19960708,000000,7.39117,7.46588,7.31637,7.3691,1886169.2274457,0
GLW.US,D,19960709,000000,7.34644,7.42097,7.34644,7.34644,4714211.7186137,0
GLW.US,D,19960710,000000,7.39117,7.39117,7.27184,7.2945,1223953.9795252,0
GLW.US,D,19960711,000000,7.24927,7.31637,7.17466,7.24927,1731462.5273786,0
GLW.US,D,19960712,000000,7.21949,7.21949,7.12241,7.19702,1299103.7579601,0
GLW.US,D,19960715,000000,7.10016,7.19702,7.04781,7.04781,2627937.3011403,0
GLW.US,D,19960716,000000,7.04781,7.10016,6.68217,7.00298,3771131.2007488,0
GLW.US,D,19960717,000000,7.04781,7.04781,6.9062,7.00298,1690072.8584258,0
GLW.US,D,19960718,000000,7.00298,7.17466,6.95073,7.15259,1614133.6033631,0
GLW.US,D,19960719,000000,7.15259,7.19702,7.04781,7.19702,1616539.9199322,0
GLW.US,D,19960722,000000,7.10016,7.12241,6.92896,6.95073,1993855.4777883,0
GLW.US,D,19960723,000000,6.95073,7.02543,6.92896,6.95073,1955682.081322,0
GLW.US,D,19960724,000000,6.92896,7.00298,6.85405,6.9809,2332594.1971661,0
GLW.US,D,19960725,000000,7.02543,7.10016,6.9809,7.00298,1372232.2304772,0
GLW.US,D,19960726,000000,6.9809,7.10016,6.9809,7.07739,805657.31455077,0
GLW.US,D,19960729,000000,7.02543,7.04781,6.95073,6.9809,424322.69604211,0
GLW.US,D,19960730,000000,7.02543,7.04781,6.92896,7.02543,469734.49754111,0
GLW.US,D,19960731,000000,7.00298,7.21949,7.00298,7.21949,1545820.8358779,0
GLW.US,D,19960801,000000,7.21949,7.44371,7.19702,7.42097,1255705.0706632,0
GLW.US,D,19960802,000000,7.48845,7.56295,7.39117,7.5404,2397690.6921647,0
GLW.US,D,19960805,000000,7.48845,7.51803,7.42097,7.46588,1706554.5909772,0
GLW.US,D,19960806,000000,7.42097,7.44371,7.34644,7.44371,1391519.6257518,0
GLW.US,D,19960807,000000,7.44371,7.48845,7.42097,7.44371,3536866.5550851,0
GLW.US,D,19960808,000000,7.42097,7.44371,7.39117,7.42097,943084.61372284,0
GLW.US,D,19960809,000000,7.39117,7.44371,7.39117,7.44371,419504.94308144,0
GLW.US,D,19960812,000000,7.39117,7.42097,7.34644,7.3691,655782.70294728,0
GLW.US,D,19960813,000000,7.31637,7.44371,7.31637,7.44371,1756380.7034249,0
GLW.US,D,19960814,000000,7.44371,7.46588,7.42097,7.44371,5924511.1315649,0
GLW.US,D,19960815,000000,7.42097,7.46588,7.39117,7.42097,1940009.2807235,0
GLW.US,D,19960816,000000,7.42097,7.5404,7.42097,7.51803,1461441.0414625,0
GLW.US,D,19960819,000000,7.51803,7.51803,7.44371,7.46588,2420993.052234,0
GLW.US,D,19960820,000000,7.42097,7.48845,7.42097,7.42097,1696107.0812093,0
GLW.US,D,19960821,000000,7.46588,7.46588,7.39117,7.44371,1061222.4696913,0
GLW.US,D,19960822,000000,7.44371,7.48845,7.42097,7.48845,1085733.1078677,0
GLW.US,D,19960823,000000,7.48845,7.48845,7.39117,7.39117,948708.22674304,0
GLW.US,D,19960826,000000,7.34644,7.39117,7.2945,7.3691,630061.73873494,0
GLW.US,D,19960827,000000,7.39117,7.42097,7.3691,7.42097,886021.12020695,0
GLW.US,D,19960828,000000,7.34644,7.39117,7.34644,7.3691,753826.27961705,0
GLW.US,D,19960829,000000,7.35416,7.40592,7.35416,7.40592,1119083.6315508,0
GLW.US,D,19960830,000000,7.37653,7.37653,7.27936,7.33121,560947.20704815,0
GLW.US,D,19960903,000000,7.27936,7.35416,7.20464,7.2566,634081.82335207,0
GLW.US,D,19960904,000000,7.13755,7.23414,7.10748,7.20464,1400359.5112585,0
GLW.US,D,19960905,000000,7.18198,7.23414,7.18198,7.20464,1215517.5360304,0
GLW.US,D,19960906,000000,7.18198,7.27936,7.13755,7.2566,939471.04301121,0
GLW.US,D,19960909,000000,7.2566,7.33121,7.2566,7.33121,777131.71157982,0
GLW.US,D,19960910,000000,7.35416,7.5778,7.30943,7.50309,1379466.5396519,0
GLW.US,D,19960911,000000,7.45094,7.65251,7.42877,7.62253,1707759.7971907,0
GLW.US,D,19960912,000000,7.60046,7.69704,7.5778,7.62253,1509253.0157436,0
GLW.US,D,19960913,000000,7.62253,7.72781,7.62253,7.72781,2387239.0865388,0
GLW.US,D,19960916,000000,7.72781,7.72781,7.65251,7.69704,1425271.5435178,0
GLW.US,D,19960917,000000,7.65251,7.67537,7.60046,7.62253,1244855.1428479,0
GLW.US,D,19960918,000000,7.60046,7.62253,7.55563,7.55563,826556.42994446,0
GLW.US,D,19960919,000000,7.60046,7.60046,7.45094,7.52575,1515688.6326104,0
GLW.US,D,19960920,000000,7.55563,7.55563,7.40592,7.45094,2538328.1200364,0
GLW.US,D,19960923,000000,7.40592,7.42877,7.33121,7.35416,1724640.8758963,0
GLW.US,D,19960924,000000,7.33121,7.55563,7.33121,7.48083,1357764.6360921,0
GLW.US,D,19960925,000000,7.50309,7.55563,7.42877,7.42877,1352943.8112379,0
GLW.US,D,19960926,000000,7.42877,7.62253,7.42877,7.5778,1300309.9881381,0
GLW.US,D,19960927,000000,7.55563,7.60046,7.52575,7.5778,526393.52508049,0
GLW.US,D,19960930,000000,7.60046,7.72781,7.5778,7.67537,1392324.4618468,0
GLW.US,D,19961001,000000,7.67537,7.67537,7.40592,7.55563,1548231.2483049,0
GLW.US,D,19961002,000000,7.60046,7.62253,7.52575,7.55563,1565914.091212,0
GLW.US,D,19961003,000000,7.5778,7.67537,7.5778,7.65251,1355755.6177481,0
GLW.US,D,19961004,000000,7.67537,7.67537,7.52575,7.5778,1014610.5818012,0
GLW.US,D,19961007,000000,7.5778,7.60046,7.50309,7.5778,1417236.4941061,0
GLW.US,D,19961008,000000,7.62253,7.89881,7.60046,7.89881,2223700.6926809,0
GLW.US,D,19961009,000000,7.84558,7.84558,7.55563,7.5778,1431303.7183726,0
GLW.US,D,19961010,000000,7.67537,7.77176,7.55563,7.69704,1711773.7380209,0
GLW.US,D,19961011,000000,7.72781,7.75047,7.60046,7.60046,900090.39240242,0
GLW.US,D,19961014,000000,7.60046,7.67537,7.60046,7.62253,444018.65315125,0
GLW.US,D,19961015,000000,7.72781,7.72781,7.67537,7.72781,1467464.0006367,0
GLW.US,D,19961016,000000,7.72781,7.75047,7.67537,7.72781,1094170.5753269,0
GLW.US,D,19961017,000000,7.72781,7.79529,7.69704,7.77176,1192617.5940087,0
GLW.US,D,19961018,000000,7.79529,7.86883,7.77176,7.8242,1203068.17567,0
GLW.US,D,19961021,000000,7.84558,7.89881,7.8242,7.89881,1897018.1312966,0
GLW.US,D,19961022,000000,7.86883,7.97488,7.77176,7.79529,1608105.5243665,0
GLW.US,D,19961023,000000,7.62253,7.89881,7.62253,7.89881,1157256.0040525,0
GLW.US,D,19961024,000000,7.8242,7.84558,7.60046,7.62253,1396347.6183574,0
GLW.US,D,19961025,000000,7.52575,7.5778,7.48083,7.50309,1493584.3110032,0
GLW.US,D,19961028,000000,7.52575,7.55563,7.42877,7.50309,1504033.8687,0
GLW.US,D,19961029,000000,7.45094,7.50309,7.37653,7.40592,926605.95306481,0
GLW.US,D,19961030,000000,7.37653,7.37653,7.27936,7.35416,2406930.94779,0
GLW.US,D,19961031,000000,7.35416,7.62253,7.35416,7.62253,3110528.6969119,0
GLW.US,D,19961101,000000,7.60046,7.62253,7.45094,7.48083,1867681.5484436,0
GLW.US,D,19961104,000000,7.48083,7.60046,7.42877,7.5778,1523320.2400101,0
GLW.US,D,19961105,000000,7.62253,7.65251,7.5778,7.62253,1825495.2351117,0
GLW.US,D,19961106,000000,7.65251,7.72781,7.62253,7.69704,1331246.0035363,0
GLW.US,D,19961107,000000,7.69704,7.77176,7.65251,7.77176,883212.38559035,0
GLW.US,D,19961108,000000,7.79529,7.79529,7.60046,7.67537,1691683.5545802,0
GLW.US,D,19961111,000000,7.67537,7.75047,7.62253,7.75047,1379867.9337349,0
GLW.US,D,19961112,000000,7.75047,7.75047,7.67537,7.69704,1313164.8384397,0
GLW.US,D,19961113,000000,7.65251,7.72781,7.65251,7.69704,834590.45539174,0
GLW.US,D,19961114,000000,7.69704,7.77176,7.67537,7.77176,1319996.7295669,0
GLW.US,D,19961115,000000,7.84558,7.89881,7.72781,7.89881,3294966.2061636,0
GLW.US,D,19961118,000000,7.72781,7.86883,7.72781,7.86883,1140781.4392524,0
GLW.US,D,19961119,000000,7.8242,8.09315,7.8242,8.09315,2294818.0989247,0
GLW.US,D,19961120,000000,8.04002,8.14501,8.01658,8.09315,2251822.8536399,0
GLW.US,D,19961121,000000,8.04002,8.11611,7.97488,7.99569,1220341.4327781,0
GLW.US,D,19961122,000000,7.94471,8.01658,7.84558,7.99569,1391115.1597752,0
GLW.US,D,19961125,000000,7.94471,8.07127,7.86883,8.01658,1494386.0752047,0
GLW.US,D,19961126,000000,8.01658,8.09315,7.89881,8.04002,1700121.0220396,0
GLW.US,D,19961127,000000,8.00242,8.13133,7.98055,8.00242,1073276.5797557,0
GLW.US,D,19961129,000000,7.92966,8.03212,7.88299,8.00242,2183916.6000601,0
GLW.US,D,19961202,000000,7.98055,8.17401,7.98055,8.13133,1520101.9195945,0
GLW.US,D,19961203,000000,8.1537,8.4505,8.1537,8.30302,2837288.8905802,0
GLW.US,D,19961204,000000,8.25087,8.3752,8.20507,8.28096,1656724.3826715,0
GLW.US,D,19961205,000000,8.25087,8.62218,8.22734,8.43037,2364740.5386001,0
GLW.US,D,19961206,000000,8.30302,8.52578,8.30302,8.47461,2785451.7118595,0
GLW.US,D,19961209,000000,8.69835,8.86945,8.67481,8.79581,4993082.3057168,0
GLW.US,D,19961210,000000,8.89044,9.07131,8.86945,8.94377,4947273.2059929,0
GLW.US,D,19961211,000000,8.89044,8.92131,8.77111,8.84914,2194768.5758044,0
GLW.US,D,19961212,000000,8.89044,8.94377,8.57129,8.62218,2365945.7448137,0
GLW.US,D,19961213,000000,8.64669,8.84914,8.49707,8.77111,2014348.0792765,0
GLW.US,D,19961216,000000,8.86945,8.89044,8.54698,8.69835,1759189.4380415,0
GLW.US,D,19961217,000000,8.69835,8.69835,8.47461,8.49707,2451133.4472174,0
GLW.US,D,19961218,000000,8.52578,8.64669,8.52578,8.62218,2571282.3694589,0
GLW.US,D,19961219,000000,8.64669,8.67481,8.6004,8.64669,2278752.0959592,0
GLW.US,D,19961220,000000,8.72032,8.72032,8.57129,8.57129,3256393.4635432,0
GLW.US,D,19961223,000000,8.4505,8.75,8.4505,8.75,1194625.5883882,0
GLW.US,D,19961224,000000,8.75,8.79581,8.75,8.79581,640910.6425858,0
GLW.US,D,19961226,000000,8.81661,8.94377,8.81661,8.94377,939471.04301121,0
GLW.US,D,19961227,000000,8.94377,9.03947,8.86945,9.03947,928617.01933786,0
GLW.US,D,19961230,000000,9.03947,9.07131,8.96925,8.99661,2146955.5775588,0
GLW.US,D,19961231,000000,8.96925,9.14524,8.94377,9.14524,2494932.504633,0
GLW.US,D,19970102,000000,9.03947,9.03947,8.75,8.79581,3299386.6608992,0
GLW.US,D,19970103,000000,8.81661,8.86945,8.62218,8.75,1837947.6673655,0
GLW.US,D,19970106,000000,8.75,8.89044,8.67481,8.75,1742316.5510518,0
GLW.US,D,19970107,000000,8.67481,8.69835,8.6004,8.69835,1165291.0534642,0
GLW.US,D,19970108,000000,8.69835,8.69835,8.4505,8.54698,1916705.8966897,0
GLW.US,D,19970109,000000,8.52578,8.67481,8.52578,8.6004,3827387.8102407,0
GLW.US,D,19970110,000000,8.49707,8.77111,8.47461,8.77111,2379608.5031036,0
GLW.US,D,19970113,000000,8.75,8.75,8.57129,8.64669,3131020.2744356,0
GLW.US,D,19970114,000000,8.67481,8.88469,8.67481,8.76369,13384391.493382,0
GLW.US,D,19970115,000000,8.76369,8.76369,8.5875,8.5875,1960504.9541052,0
GLW.US,D,19970116,000000,8.64669,8.73633,8.5875,8.61417,3892479.1854168,0
GLW.US,D,19970117,000000,8.61417,8.70664,8.61417,8.67481,2397288.2741171,0
GLW.US,D,19970120,000000,8.67481,8.67481,8.61417,8.64669,1983809.3621034,0
GLW.US,D,19970121,000000,8.5875,8.67481,8.47461,8.61417,1440943.3201518,0
GLW.US,D,19970122,000000,8.5875,8.67481,8.56309,8.64669,3342784.3242317,0
GLW.US,D,19970123,000000,8.61417,8.70664,8.53369,8.61417,1026263.2977827,0
GLW.US,D,19970124,000000,8.5875,8.64669,8.41513,8.44434,2262679.9492067,0
GLW.US,D,19970127,000000,8.38309,8.41513,8.03212,8.35332,4045579.2851874,0
GLW.US,D,19970128,000000,8.47461,8.56309,8.41513,8.44434,4175770.2272558,0
GLW.US,D,19970129,000000,8.41513,8.56309,8.38309,8.50342,2183516.2299416,0
GLW.US,D,19970130,000000,8.50342,8.53369,8.41513,8.44434,2840901.4373274,0
GLW.US,D,19970131,000000,8.47461,8.47461,8.38309,8.38309,2273930.2471405,0
GLW.US,D,19970203,000000,8.35332,8.35332,8.14501,8.23524,2406127.1356594,0
GLW.US,D,19970204,000000,8.20507,8.41513,8.20507,8.38309,888432.55659854,0
GLW.US,D,19970205,000000,8.38309,8.44434,8.17401,8.20507,1739098.2306363,0
GLW.US,D,19970206,000000,8.20507,8.23524,8.11611,8.17401,2126057.4861296,0
GLW.US,D,19970207,000000,8.17401,8.23524,8.14501,8.17401,3791221.3841895,0
GLW.US,D,19970210,000000,8.17401,8.17401,8.14501,8.14501,1960103.5600221,0
GLW.US,D,19970211,000000,8.17401,8.20507,7.94471,8.00242,3710050.6945093,0
GLW.US,D,19970212,000000,8.03212,8.17401,8.00242,8.17401,3908151.9860153,0
GLW.US,D,19970213,000000,8.17401,8.82423,8.17401,8.73633,5736857.3498266,0
GLW.US,D,19970214,000000,8.73633,8.94377,8.67481,8.94377,3662638.0663822,0
GLW.US,D,19970218,000000,8.91262,9.14524,8.82423,9.14524,2215663.5953402,0
GLW.US,D,19970219,000000,8.88469,9.00441,8.85656,8.9757,2726785.7139051,0
GLW.US,D,19970220,000000,8.91262,8.9757,8.85656,8.94377,2946983.1353025,0
GLW.US,D,19970221,000000,8.94377,8.9757,8.85656,8.94377,2064981.0757482,0
GLW.US,D,19970224,000000,8.94377,8.9757,8.88469,8.9757,2063772.7976411,0
GLW.US,D,19970225,000000,8.9757,8.9757,8.91262,8.91262,1321200.9118159,0
GLW.US,D,19970226,000000,8.91262,8.94377,8.82423,8.91262,1911482.6537881,0
GLW.US,D,19970227,000000,8.95138,8.95138,8.81026,8.89669,1448174.5574331,0
GLW.US,D,19970228,000000,8.89669,9.07131,8.89669,8.89669,2660487.0845865,0
GLW.US,D,19970303,000000,8.86945,9.01018,8.81026,8.95138,2054933.9360988,0
GLW.US,D,19970304,000000,8.95138,9.01018,8.89669,8.98429,2177492.2468028,0
GLW.US,D,19970305,000000,8.98429,9.07131,8.86945,8.98429,3709248.9303078,0
GLW.US,D,19970306,000000,9.01018,9.1299,8.95138,9.07131,3386985.7996945,0
GLW.US,D,19970307,000000,9.10285,9.28157,9.10285,9.25169,3137451.7954442,0
GLW.US,D,19970310,000000,9.86946,10.3979,9.86946,10.3762,14479769.322851,0
GLW.US,D,19970311,000000,10.2875,10.6703,10.2572,10.6703,9567865.8985306,0
GLW.US,D,19970312,000000,10.6391,10.7269,10.6078,10.6703,4761627.4186342,0
GLW.US,D,19970313,000000,10.5512,10.5512,10.429,10.5199,6122606.279284,0
GLW.US,D,19970314,000000,10.5756,10.6078,10.429,10.5756,3180448.0646937,0
GLW.US,D,19970317,000000,10.5756,10.8754,10.5756,10.7572,5940583.2783174,0
GLW.US,D,19970318,000000,10.7885,10.7885,10.6078,10.6703,1881346.3546625,0
GLW.US,D,19970319,000000,10.6703,10.7269,10.4915,10.5512,3101285.369393,0
GLW.US,D,19970320,000000,10.5756,10.7572,10.5512,10.6703,2271514.714891,0
GLW.US,D,19970321,000000,10.8207,10.8207,10.6703,10.6976,4460261.3554857,0
GLW.US,D,19970324,000000,10.7269,10.8754,10.6078,10.849,4197868.4050759,0
GLW.US,D,19970325,000000,10.8754,10.9056,10.7885,10.8754,5085903.6634495,0
GLW.US,D,19970326,000000,10.9369,10.9681,10.849,10.8754,4792165.1118427,0
GLW.US,D,19970327,000000,10.9369,10.9369,10.5512,10.6391,1395542.7822624,0
GLW.US,D,19970331,000000,10.6078,10.6703,10.429,10.4915,1518497.367227,0
GLW.US,D,19970401,000000,10.4604,10.4604,10.2875,10.3979,1995865.5200968,0
GLW.US,D,19970402,000000,10.3207,10.3979,10.2572,10.3979,1764416.7768011,0
GLW.US,D,19970403,000000,10.3501,10.4915,10.3207,10.429,1914698.9262746,0
GLW.US,D,19970404,000000,10.2875,10.3979,10.1693,10.2875,1521306.1018436,0
GLW.US,D,19970407,000000,10.3501,10.4915,10.3501,10.4604,1915101.3443222,0
GLW.US,D,19970408,000000,10.429,10.5512,10.3762,10.5199,774719.25122375,0
GLW.US,D,19970409,000000,10.5756,10.6703,10.5512,10.5756,1956089.619192,0
GLW.US,D,19970410,000000,10.5756,10.6703,10.5756,10.6703,1391519.6257518,0
GLW.US,D,19970411,000000,10.5756,10.6703,10.5199,10.6391,2766568.7825614,0
GLW.US,D,19970414,000000,10.6391,11.1673,10.6078,10.849,7381129.3002443,0
GLW.US,D,19970415,000000,10.9056,11.1401,10.8754,10.9995,6612838.4981357,0
GLW.US,D,19970416,000000,10.9995,11.0864,10.9369,11.055,2919662.7385451,0
GLW.US,D,19970417,000000,11.0258,11.1673,11.0258,11.0864,2296028.4249608,0
GLW.US,D,19970418,000000,11.0864,11.0864,10.9369,10.9995,3203352.1025735,0
GLW.US,D,19970421,000000,10.9995,10.9995,10.8754,10.9369,2047298.232841,0
GLW.US,D,19970422,000000,10.9369,10.9369,10.8207,10.8754,2123245.6796195,0
GLW.US,D,19970423,000000,10.8754,11.0864,10.849,11.055,2718748.6165643,0
GLW.US,D,19970424,000000,11.1098,11.227,10.9995,11.0258,1948052.5218512,0
GLW.US,D,19970425,000000,10.9681,11.0258,10.7885,10.8754,994921.79244356,0
GLW.US,D,19970428,000000,10.9056,10.9995,10.8754,10.9369,1066448.7844864,0
GLW.US,D,19970429,000000,11.0258,11.1098,10.9995,11.1098,2577707.7466807,0
GLW.US,D,19970430,000000,11.1098,11.4095,11.1098,11.4095,2824827.2426459,0
GLW.US,D,19970501,000000,11.4965,11.8774,11.4965,11.7074,7625436.9896993,0
GLW.US,D,19970502,000000,11.7378,12.2943,11.7378,12.2943,10084610.606151,0
GLW.US,D,19970505,000000,12.3862,12.7084,11.8461,12.4457,8063024.1218419,0
GLW.US,D,19970506,000000,12.4457,12.4457,11.936,12.0571,6444072.7655181,0
GLW.US,D,19970507,000000,11.6439,11.8197,11.6185,11.6762,4475531.7380368,0
GLW.US,D,19970508,000000,11.6762,11.8461,11.6185,11.7953,3162764.1978221,0
GLW.US,D,19970509,000000,11.8197,11.936,11.7378,11.7679,1982603.1319254,0
GLW.US,D,19970512,000000,11.7953,11.936,11.7378,11.7953,1811829.4049281,0
GLW.US,D,19970513,000000,11.8197,11.936,11.7378,11.8197,1490372.1343745,0
GLW.US,D,19970514,000000,11.8197,11.8461,11.7679,11.8197,1305933.6011584,0
GLW.US,D,19970515,000000,11.7679,11.936,11.7679,11.9106,2599406.5783469,0
GLW.US,D,19970516,000000,11.8461,11.9106,11.6762,11.7378,1836743.4851165,0
GLW.US,D,19970519,000000,11.7378,11.7953,11.6762,11.7074,1332052.8875602,0
GLW.US,D,19970520,000000,11.6439,11.7679,11.5893,11.6762,2460776.1208903,0
GLW.US,D,19970521,000000,11.8197,11.8774,11.7679,11.8197,2345051.7492424,0
GLW.US,D,19970522,000000,11.8197,11.8197,11.6762,11.7953,1419247.5603791,0
GLW.US,D,19970523,000000,11.7953,11.8197,11.6762,11.6762,2066187.3059262,0
GLW.US,D,19970527,000000,11.6185,11.7074,11.5278,11.7074,1583190.4202136,0
GLW.US,D,19970528,000000,11.6439,11.8461,11.6439,11.8197,2971094.4273248,0
GLW.US,D,19970529,000000,11.8628,12.0726,11.8628,12.0726,3405065.9408267,0
GLW.US,D,19970530,000000,11.9516,11.9818,11.8939,11.9516,1700525.488016,0
GLW.US,D,19970602,000000,11.9818,12.0121,11.7143,11.804,1597656.9906341,0
GLW.US,D,19970603,000000,11.7143,11.9516,11.7143,11.8939,3440426.5068183,0
GLW.US,D,19970604,000000,11.8939,11.8939,11.8344,11.8628,2108378.7390806,0
GLW.US,D,19970605,000000,11.8628,12.0453,11.8628,11.9252,1293475.0251174,0
GLW.US,D,19970606,000000,11.8628,12.6382,11.8628,12.5199,3183660.2413223,0
GLW.US,D,19970609,000000,12.5796,12.8423,12.5796,12.8119,3187275.8599629,0
GLW.US,D,19970610,000000,12.8119,12.8423,12.7514,12.8119,3943112.1818886,0
GLW.US,D,19970611,000000,12.8423,12.9321,12.8119,12.8716,1733075.2714621,0
GLW.US,D,19970612,000000,12.9917,13.229,12.9321,13.0483,2355498.2350457,0
GLW.US,D,19970613,000000,13.1118,13.4086,13.1118,13.2925,2031228.1340175,0
GLW.US,D,19970616,000000,13.3179,13.3471,13.1713,13.229,1444562.010686,0
GLW.US,D,19970617,000000,13.2612,13.2612,13.1118,13.1987,1438533.9316893,0
GLW.US,D,19970618,000000,13.1411,13.1713,13.0806,13.1713,870754.83351394,0
GLW.US,D,19970619,000000,13.229,13.2612,13.1713,13.229,1520101.9195945,0
GLW.US,D,19970620,000000,13.1713,13.229,13.1411,13.1411,2414970.0930598,0
GLW.US,D,19970623,000000,13.1411,13.1713,12.8998,12.8998,2363938.7743985,0
GLW.US,D,19970624,000000,12.9917,13.0209,12.6382,12.7808,3290946.1215464,0
GLW.US,D,19970625,000000,12.7808,13.2612,12.7808,13.1255,3757464.3466008,0
GLW.US,D,19970626,000000,13.0649,13.229,12.8833,12.9917,1472287.8973845,0
GLW.US,D,19970627,000000,13.0806,13.2759,13.0483,13.2426,1607701.0583899,0
GLW.US,D,19970630,000000,13.2612,13.2925,13.1255,13.1987,2264286.5495032,0
GLW.US,D,19970701,000000,13.1411,13.2759,13.1411,13.2759,1779683.0634942,0
GLW.US,D,19970702,000000,13.3334,13.5278,13.229,13.4985,2839697.2550784,0
GLW.US,D,19970703,000000,13.7056,13.7592,13.3784,13.3784,1576358.5290864,0
GLW.US,D,19970707,000000,13.3784,13.4985,13.2124,13.2925,1735080.1939482,0
GLW.US,D,19970708,000000,13.2925,13.4086,13.229,13.4086,1852414.237786,0
GLW.US,D,19970709,000000,13.4702,13.6187,13.3334,13.4086,2419790.917914,0
GLW.US,D,19970710,000000,13.1713,13.229,13.0961,13.2124,2661690.242871,0
GLW.US,D,19970711,000000,13.2124,13.3471,13.184,13.2426,2470823.2605395,0
GLW.US,D,19970714,000000,13.2612,13.2925,13.229,13.2925,1940009.2807235,0
GLW.US,D,19970715,000000,13.4702,13.5562,13.3179,13.5562,2669326.9700931,0
GLW.US,D,19970716,000000,13.6762,14.479,13.6187,14.2964,5977148.0265581,0
GLW.US,D,19970717,000000,14.2964,14.7437,14.2241,14.5074,5007950.2702204,0
GLW.US,D,19970718,000000,14.5074,14.5074,14.2076,14.3296,4862888.2917551,0
GLW.US,D,19970721,000000,14.2964,14.3296,14.0279,14.0884,1395940.0804873,0
GLW.US,D,19970722,000000,14.0884,14.563,14.059,14.563,2306477.9826577,0
GLW.US,D,19970723,000000,14.5074,14.5933,14.3999,14.4449,1815043.6294858,0
GLW.US,D,19970724,000000,14.4937,14.5074,14.1479,14.3589,1949254.6561712,0
GLW.US,D,19970725,000000,14.2671,14.3872,14.2076,14.2368,1806607.185991,0
GLW.US,D,19970728,000000,14.2241,14.2671,13.9985,14.1929,1045147.2510452,0
GLW.US,D,19970729,000000,14.2076,14.2076,13.9243,14.0132,2242180.1799669,0
GLW.US,D,19970730,000000,14.0279,14.4624,13.9692,14.2964,5104783.5208542,0
GLW.US,D,19970731,000000,14.2964,14.686,14.2671,14.686,3174419.985697,0
GLW.US,D,19970801,000000,14.6733,14.6733,14.479,14.5074,1971358.9777785,0
GLW.US,D,19970804,000000,14.5376,14.6098,14.4449,14.479,1486754.4678049,0
GLW.US,D,19970805,000000,14.5376,14.9478,14.5074,14.9478,2142933.4450127,0
GLW.US,D,19970806,000000,14.8872,15.4537,14.7906,15.4253,2263886.1793847,0
GLW.US,D,19970807,000000,15.2593,15.4253,15.1235,15.186,4756807.6177446,0
GLW.US,D,19970808,000000,15.1235,15.2134,14.8346,14.8346,3713265.9430314,0
GLW.US,D,19970811,000000,15.0074,15.1588,14.9165,14.9917,3340378.0076625,0
GLW.US,D,19970812,000000,14.9624,15.2017,14.9624,15.0963,2552794.6904569,0
GLW.US,D,19970813,000000,15.2134,15.3062,15.064,15.1235,3503113.6133544,0
GLW.US,D,19970814,000000,15.1235,15.1588,15.0513,15.1118,3580663.5645715,0
GLW.US,D,19970815,000000,15.1588,15.1588,14.9322,14.9322,4426503.2939327,0
GLW.US,D,19970818,000000,14.9322,14.9624,14.479,14.479,4307565.7216917,0
GLW.US,D,19970819,000000,14.5933,14.6265,14.4449,14.479,4024682.2177227,0
GLW.US,D,19970820,000000,14.2368,14.2964,13.7221,14.0884,13487663.432776,0
GLW.US,D,19970821,000000,14.2368,14.2964,14.0884,14.1157,10469151.257501,0
GLW.US,D,19970822,000000,13.9077,14.0279,13.5278,13.7905,3146691.0271051,0
GLW.US,D,19970825,000000,13.7905,13.8785,13.2925,13.3334,2477253.7575839,0
GLW.US,D,19970826,000000,13.3179,13.5873,13.3179,13.5131,6579487.9744526,0
GLW.US,D,19970827,000000,13.5131,13.5131,12.9155,12.9321,5687834.025545,0
GLW.US,D,19970828,000000,12.976,13.0326,12.6772,12.7084,3957173.2623681,0
GLW.US,D,19970829,000000,12.7084,12.7084,12.3794,12.5884,6595557.0493116,0
GLW.US,D,19970902,000000,12.6772,12.8998,12.6772,12.8716,4246889.6814287,0
GLW.US,D,19970903,000000,12.9321,13.0209,12.8119,12.8423,3195714.3513867,0
GLW.US,D,19970904,000000,12.8423,13.604,12.8119,13.3334,6483048.9501505,0
GLW.US,D,19970905,000000,13.3334,13.3931,12.7084,13.0082,4046781.4195075,0
GLW.US,D,19970908,000000,13.184,13.229,12.7358,12.7358,4474320.3880362,0
GLW.US,D,19970909,000000,12.2729,12.3207,11.5502,11.6683,31604354.977619,0
GLW.US,D,19970910,000000,11.684,11.8862,11.1479,11.2816,27975875.342908,0
GLW.US,D,19970911,000000,10.1761,10.264,9.66049,9.98175,57095749.42152,0
GLW.US,D,19970912,000000,10.1156,10.2358,9.89288,9.99742,19575320.779796,0
GLW.US,D,19970915,000000,9.95447,9.96905,9.46712,9.75717,34612421.691055,0
GLW.US,D,19970916,000000,10.1156,10.3274,9.95447,10.2074,29352523.932263,0
GLW.US,D,19970917,000000,10.2358,10.6244,10.2074,10.6078,17540877.397257,0
GLW.US,D,19970918,000000,10.6859,10.7113,10.476,10.5512,13954587.147771,0
GLW.US,D,19970919,000000,10.5052,10.7113,10.4427,10.7113,9110986.2512908,0
GLW.US,D,19970922,000000,10.7718,10.7718,10.476,10.5346,5353517.8088319,0
GLW.US,D,19970923,000000,10.4915,10.5199,10.2943,10.4135,5503397.5402579,0
GLW.US,D,19970924,000000,10.3979,10.7113,10.3979,10.429,5918485.1004973,0
GLW.US,D,19970925,000000,10.3715,10.8919,10.3715,10.8353,5436698.5408207,0
GLW.US,D,19970926,000000,10.8353,11.1028,10.7269,10.9848,7418498.88458,0
GLW.US,D,19970929,000000,10.9681,11.0413,10.8041,10.9995,4277431.4704951,0
GLW.US,D,19970930,000000,10.9848,11.3119,10.849,11.2504,6213827.180507,0
GLW.US,D,19971001,000000,11.2816,11.3998,11.1028,11.3676,5130906.903114,0
GLW.US,D,19971002,000000,11.3403,11.5814,11.2191,11.5649,4876952.4441281,0
GLW.US,D,19971003,000000,11.6381,11.7288,11.2191,11.267,6012109.2463958,0
GLW.US,D,19971006,000000,11.3119,11.4321,11.2504,11.3998,5030047.4240761,0
GLW.US,D,19971007,000000,11.3998,11.4174,11.3119,11.3119,4487582.7762076,0
GLW.US,D,19971008,000000,11.3841,11.3841,11.0413,11.0707,4990268.4512778,0
GLW.US,D,19971009,000000,10.7113,11.055,10.7113,10.9203,5069022.5847439,0
GLW.US,D,19971010,000000,10.8353,11.0707,10.8207,11.0413,4193044.5083284,0
GLW.US,D,19971013,000000,11.1028,11.1606,10.7572,10.8919,3320285.7762929,0
GLW.US,D,19971014,000000,11.1332,11.1332,10.7113,10.7572,6283743.4763954,0
GLW.US,D,19971015,000000,10.7572,10.9995,10.7426,10.9995,3229066.9229988,0
GLW.US,D,19971016,000000,11.1606,11.3403,11.0413,11.267,4431329.2386093,0
GLW.US,D,19971017,000000,11.267,11.5355,11.2358,11.4633,5334229.3895928,0
GLW.US,D,19971020,000000,11.518,11.6381,11.3998,11.6108,3108116.2365558,0
GLW.US,D,19971021,000000,11.6108,11.6683,11.5024,11.6528,3214198.9584953,0
GLW.US,D,19971022,000000,11.6683,11.804,11.5814,11.7288,2747682.7813698,0
GLW.US,D,19971023,000000,11.518,11.7143,11.2191,11.3119,5983174.0576258,0
GLW.US,D,19971024,000000,11.4633,11.5024,11.0131,11.0864,3431186.2511931,0
GLW.US,D,19971027,000000,10.9525,11.1028,10.056,10.0706,5788295.1823933,0
GLW.US,D,19971028,000000,9.99742,10.9525,9.848,10.7885,8703937.8363212,0
GLW.US,D,19971029,000000,10.7885,10.8919,10.5199,10.7718,4663182.4478814,0
GLW.US,D,19971030,000000,10.7113,10.9203,10.6703,10.6976,3612007.1178396,0
GLW.US,D,19971031,000000,10.7113,10.8353,10.4915,10.7426,3788406.5057859,0
GLW.US,D,19971103,000000,10.8353,10.9995,10.8353,10.9525,1851611.4496201,0
GLW.US,D,19971104,000000,10.9848,10.9995,10.8754,10.8754,1736688.8421737,0
GLW.US,D,19971105,000000,10.8754,10.8919,10.429,10.4915,4108664.7139131,0
GLW.US,D,19971106,000000,10.6078,10.7572,10.5756,10.6244,5577329.8249053,0
GLW.US,D,19971107,000000,10.1761,10.5052,10.1761,10.312,5886337.7350986,0
GLW.US,D,19971110,000000,10.4135,10.5931,10.3441,10.4427,3921814.7443054,0
GLW.US,D,19971111,000000,10.4135,10.5052,10.264,10.312,3630091.3548296,0
GLW.US,D,19971112,000000,10.2074,10.2786,10.1156,10.1156,2567265.3567353,0
GLW.US,D,19971113,000000,10.2358,10.3274,9.90656,9.95447,4447002.0392078,0
GLW.US,D,19971114,000000,10.056,10.2358,10.0101,10.1468,2378003.950736,0
GLW.US,D,19971117,000000,10.4427,10.4604,10.2074,10.2358,3035387.1101929,0
GLW.US,D,19971118,000000,10.2494,10.2786,10.0863,10.0863,3766308.3279657,0
GLW.US,D,19971119,000000,10.1312,10.1761,9.99742,10.1156,4118706.7337399,0
GLW.US,D,19971120,000000,10.1156,10.4604,10.1156,10.3715,3631696.9311617,0
GLW.US,D,19971121,000000,10.429,10.5931,10.1907,10.312,2894346.2403092,0
GLW.US,D,19971124,000000,10.1468,10.1468,9.98175,10.0706,4495220.5273943,0
GLW.US,D,19971125,000000,10.1156,10.1468,9.83237,9.9379,4203497.1379186,0
GLW.US,D,19971126,000000,9.99742,10.0414,9.92025,9.98175,3001632.1205333,0
GLW.US,D,19971128,000000,9.98175,10.1312,9.98175,10.1009,1037112.2016335,0
GLW.US,D,19971201,000000,10.2786,10.5346,10.1907,10.429,2423807.9306376,0
GLW.US,D,19971202,000000,10.4915,10.5619,10.2211,10.2358,2630752.1795439,0
GLW.US,D,19971203,000000,10.2074,10.2074,9.95447,10.056,6241147.5772644,0
GLW.US,D,19971204,000000,10.1761,10.1761,9.77281,9.96905,4536201.6345127,0
GLW.US,D,19971205,000000,9.96905,10.2358,9.90656,10.1907,3745409.212572,0
GLW.US,D,19971208,000000,10.1907,10.2358,9.95447,10.0101,2786255.5239901,0
GLW.US,D,19971209,000000,10.0267,10.2074,10.0101,10.0706,2995203.6714181,0
GLW.US,D,19971210,000000,10.0101,10.0101,9.46712,9.514,9213046.8406843,0
GLW.US,D,19971211,000000,9.50619,9.56282,9.28157,9.28157,3898103.8224015,0
GLW.US,D,19971212,000000,9.3558,9.37044,9.20423,9.26623,3021729.4717254,0
GLW.US,D,19971215,000000,9.29329,9.38412,9.11653,9.11653,2528283.0283161,0
GLW.US,D,19971216,000000,9.08655,9.08655,8.80284,8.98429,9992185.5226791,0
GLW.US,D,19971217,000000,8.66738,8.98429,8.65381,8.92131,9240772.7273826,0
GLW.US,D,19971218,000000,8.84914,8.95138,8.78663,8.84914,3748225.1149401,0
GLW.US,D,19971219,000000,8.69835,8.84914,8.45946,8.54698,5792713.5891999,0
GLW.US,D,19971222,000000,8.54698,8.78663,8.45946,8.68204,3213394.1224003,0
GLW.US,D,19971223,000000,8.77111,8.89044,8.56309,8.74084,4523344.7362824,0
GLW.US,D,19971224,000000,8.72784,8.87774,8.66738,8.72784,2862198.8749106,0
GLW.US,D,19971226,000000,8.66738,8.80284,8.51788,8.56309,1521712.6157491,0
GLW.US,D,19971229,000000,8.58028,8.60772,8.51788,8.59288,5204038.4475245,0
GLW.US,D,19971230,000000,8.62218,8.87774,8.58028,8.87774,3778359.3661366,0
GLW.US,D,19971231,000000,8.84914,8.92131,8.72784,8.87774,3690766.3711281,0
GLW.US,D,19980102,000000,8.96925,9.1763,8.96925,9.1763,3275676.7629599,0
GLW.US,D,19980105,000000,9.41536,9.62435,9.34016,9.60776,5930941.6286091,0
GLW.US,D,19980106,000000,9.60776,9.60776,9.50619,9.54721,2786657.9420375,0
GLW.US,D,19980107,000000,9.48862,9.51889,9.26623,9.51889,4510894.3519574,0
GLW.US,D,19980108,000000,9.56282,9.67026,9.54721,9.62435,2991593.1725999,0
GLW.US,D,19980109,000000,9.56282,9.57943,9.08655,9.1763,3283315.5381112,0
GLW.US,D,19980112,000000,8.92131,9.1763,8.92131,9.07131,4462272.4217588,0
GLW.US,D,19980113,000000,9.07131,9.11653,8.96925,9.08655,3336758.2931639,0
GLW.US,D,19980114,000000,9.01018,9.08655,8.84914,9.08655,2643609.0777744,0
GLW.US,D,19980115,000000,9.02433,9.1299,8.90441,8.90441,2165838.506857,0
GLW.US,D,19980116,000000,9.02433,9.07131,8.93713,8.98429,2586953.1221285,0
GLW.US,D,19980120,000000,9.02433,9.02433,8.84914,8.87774,3179243.8824447,0
GLW.US,D,19980121,000000,8.84914,8.86398,8.51788,8.72784,8784303.6899063,0
GLW.US,D,19980122,000000,8.69835,8.71388,8.56309,8.60772,2766568.7825614,0
GLW.US,D,19980123,000000,8.60772,8.69835,8.51788,8.53369,2167040.641177,0
GLW.US,D,19980126,000000,8.59288,8.60772,8.29589,8.48877,3476193.5867155,0
GLW.US,D,19980127,000000,8.36738,8.59288,8.30976,8.58028,5729221.6465689,0
GLW.US,D,19980128,000000,7.65251,7.92195,7.65251,7.72781,24880215.634465,0
GLW.US,D,19980129,000000,7.72781,8.30976,7.72781,8.11611,15736282.301503,0
GLW.US,D,19980130,000000,8.10087,8.29589,7.98055,8.17401,3647363.5879731,0
GLW.US,D,19980202,000000,8.33857,8.45946,8.2663,8.35332,4351770.2690481,0
GLW.US,D,19980203,000000,8.35332,8.36738,8.2663,8.36738,4354581.0515937,0
GLW.US,D,19980204,000000,8.45946,8.45946,8.3245,8.35332,4280644.6710882,0
GLW.US,D,19980205,000000,8.30976,8.44434,8.28096,8.41513,2998419.9439046,0
GLW.US,D,19980206,000000,8.47461,8.60772,8.43037,8.60772,6133461.3269219,0
GLW.US,D,19980209,000000,8.66738,8.71388,8.58028,8.68204,2983955.4214131,0
GLW.US,D,19980210,000000,8.87774,8.92131,8.77111,8.86398,4027093.6541143,0
GLW.US,D,19980211,000000,8.84914,9.08655,8.74084,9.0551,4179383.7979674,0
GLW.US,D,19980212,000000,8.93713,9.03947,8.81661,9.02433,3212592.3581987,0
GLW.US,D,19980213,000000,8.96925,9.02433,8.86398,8.99661,1631806.2066253,0
GLW.US,D,19980217,000000,8.99661,9.03947,8.95138,9.02433,2269913.2344169,0
GLW.US,D,19980218,000000,8.95138,9.01018,8.87774,8.96925,2197985.8722555,0
GLW.US,D,19980219,000000,8.90441,9.02433,8.89044,8.98429,2470420.8424921,0
GLW.US,D,19980220,000000,8.99661,9.19075,8.96925,9.1763,4238854.6320168,0
GLW.US,D,19980223,000000,9.19075,9.26623,9.0551,9.11653,3759476.4368385,0
GLW.US,D,19980224,000000,9.11653,9.39876,9.08655,9.39876,4810652.7908448,0
GLW.US,D,19980225,000000,9.681,9.77281,9.57943,9.63901,5639614.5133939,0
GLW.US,D,19980226,000000,9.71322,9.7855,9.63901,9.77281,3120169.3226557,0
GLW.US,D,19980227,000000,9.7855,10.0101,9.75717,9.75717,4989467.7110408,0
GLW.US,D,19980302,000000,9.681,9.7855,9.60776,9.60776,4132368.4680654,0
GLW.US,D,19980303,000000,9.71322,9.90656,9.681,9.83237,4278637.7006732,0
GLW.US,D,19980304,000000,9.83237,9.9379,9.75717,9.7855,1842767.4682552,0
GLW.US,D,19980305,000000,9.69663,10.0101,9.681,9.9379,2884704.5906009,0
GLW.US,D,19980306,000000,9.98175,10.1156,9.80405,9.80405,2932927.1746455,0
GLW.US,D,19980309,000000,9.80405,9.92025,9.74546,9.90656,2084263.3512002,0
GLW.US,D,19980310,000000,9.80405,9.9379,9.77281,9.89288,2261473.7190287,0
GLW.US,D,19980311,000000,9.80405,9.9379,9.7855,9.92025,1824285.9330401,0
GLW.US,D,19980312,000000,9.89288,10.0101,9.77281,9.98175,2502162.7179497,0
GLW.US,D,19980313,000000,9.89288,10.0706,9.89288,10.056,2897161.1187127,0
GLW.US,D,19980316,000000,9.99742,10.056,9.95447,9.98175,1807809.320311,0
GLW.US,D,19980317,000000,9.99742,10.0267,9.89288,10.0267,5556037.5071446,0
GLW.US,D,19980318,000000,9.99742,10.056,9.96905,10.0414,3235498.4440076,0
GLW.US,D,19980319,000000,10.0706,10.0863,9.92025,10.0863,2313306.8018914,0
GLW.US,D,19980320,000000,10.056,10.2405,9.99742,10.2133,2334607.311368,0
GLW.US,D,19980323,000000,10.1693,10.3501,10.1556,10.2133,3896495.1741759,0
GLW.US,D,19980324,000000,10.2405,10.3762,10.2405,10.3354,2257457.7302696,0
GLW.US,D,19980325,000000,10.3354,10.4681,10.3354,10.4066,3107713.8185083,0
GLW.US,D,19980326,000000,10.4066,10.514,10.4066,10.4975,2954219.4924062,0
GLW.US,D,19980327,000000,10.4975,10.514,10.3909,10.436,3940701.7694615,0
GLW.US,D,19980330,000000,10.3909,10.556,10.3762,10.556,2725987.021597,0
GLW.US,D,19980331,000000,10.4975,10.6322,10.4515,10.6322,3005250.8110674,0
GLW.US,D,19980401,000000,10.6635,10.6635,10.2405,10.4515,3120982.3504668,0
GLW.US,D,19980402,000000,10.3354,10.3909,10.056,10.184,1985413.9144711,0
GLW.US,D,19980403,000000,10.056,10.0706,9.63901,9.67026,4887400.9778604,0
GLW.US,D,19980406,000000,9.60776,9.67026,9.53353,9.54721,10908750.479881,0
GLW.US,D,19980407,000000,9.53353,9.54721,9.39876,9.54721,2993196.701003,0
GLW.US,D,19980408,000000,9.60776,9.67026,9.44369,9.54721,2381214.0794356,0
GLW.US,D,19980409,000000,9.54721,9.63901,9.51889,9.53353,2867822.4879308,0
GLW.US,D,19980413,000000,9.48862,9.53353,9.19075,9.51889,2766165.3405495,0
GLW.US,D,19980414,000000,9.44369,9.50619,9.39876,9.45833,1794553.0759266,0
GLW.US,D,19980415,000000,9.50619,9.54721,9.39876,9.43197,1545427.6335109,0
GLW.US,D,19980416,000000,9.38412,9.51889,9.38412,9.48862,2361928.7320901,0
GLW.US,D,19980417,000000,9.60776,9.82163,9.60776,9.7855,3663843.2725958,0
GLW.US,D,19980420,000000,9.72788,9.72788,9.56282,9.62435,2848538.1645497,0
GLW.US,D,19980421,000000,9.59409,9.65268,9.50619,9.54721,2500159.8433926,0
GLW.US,D,19980422,000000,9.50619,9.65268,9.50619,9.60776,2711514.3073896,0
GLW.US,D,19980423,000000,9.56282,9.83237,9.56282,9.74546,3822565.961422,0
GLW.US,D,19980424,000000,9.69663,9.74546,9.59409,9.60776,2466401.7818395,0
GLW.US,D,19980427,000000,9.45833,9.47396,9.30989,9.37044,2797104.427841,0
GLW.US,D,19980428,000000,9.39876,9.53353,9.3558,9.37044,2735224.2053289,0
GLW.US,D,19980429,000000,9.38412,9.48862,9.37044,9.45833,2106772.138784,0
GLW.US,D,19980430,000000,9.87733,9.87733,9.57943,9.60776,5097955.7255849,0
GLW.US,D,19980501,000000,9.60776,9.83237,9.60776,9.83237,2135701.183767,0
GLW.US,D,19980504,000000,9.87733,10.1986,9.82163,10.1556,3145892.334797,0
GLW.US,D,19980505,000000,10.0706,10.1009,9.87733,9.92025,2312506.0616543,0
GLW.US,D,19980506,000000,9.95447,10.0101,9.87733,9.98175,1931980.3750987,0
GLW.US,D,19980507,000000,9.90656,9.9379,9.80405,9.82163,1457418.9089164,0
GLW.US,D,19980508,000000,9.71322,9.96905,9.71322,9.89288,1989435.0230527,0
GLW.US,D,19980511,000000,9.89288,10.0706,9.8607,10.0101,2976318.694191,0
GLW.US,D,19980512,000000,9.95447,10.0414,9.87733,10.0414,3409888.8136098,0
GLW.US,D,19980513,000000,10.0706,10.184,9.7855,9.848,1508456.3713647,0
GLW.US,D,19980514,000000,9.96905,10.0101,9.90656,9.98175,1210696.7111762,0
GLW.US,D,19980515,000000,9.9379,9.95447,9.7855,9.80405,2110387.7574246,0
GLW.US,D,19980518,000000,9.77281,9.848,9.72788,9.848,1455007.4725249,0
GLW.US,D,19980519,000000,9.7855,9.83237,9.62435,9.63901,1886169.2274457,0
GLW.US,D,19980520,000000,9.45833,9.681,9.43197,9.681,4587639.4670795,0
GLW.US,D,19980521,000000,9.681,9.69663,9.60776,9.63901,1422464.8568303,0
GLW.US,D,19980522,000000,9.62435,9.72788,9.60776,9.69663,2205215.0616078,0
GLW.US,D,19980526,000000,9.7855,9.80405,9.57943,9.60776,2492522.0922058,0
GLW.US,D,19980527,000000,9.48862,9.54721,9.38412,9.43197,5789093.8747014,0
GLW.US,D,19980528,000000,9.44369,9.59409,9.43197,9.57943,3456904.1435119,0
GLW.US,D,19980529,000000,9.57943,9.60776,9.43197,9.51889,2211243.1406045,0
GLW.US,D,19980601,000000,9.48862,9.50619,9.2595,9.29329,1874112.0454878,0
GLW.US,D,19980602,000000,9.43197,9.43197,9.10979,9.10979,3223443.3099787,0
GLW.US,D,19980603,000000,9.09514,9.15286,9.04719,9.04719,1978588.1671308,0
GLW.US,D,19980604,000000,9.06369,9.09514,8.98889,9.06369,4311183.3882613,0
GLW.US,D,19980605,000000,9.12512,9.13655,8.96066,9.13655,2869432.1601209,0
GLW.US,D,19980608,000000,9.2595,9.38412,9.19651,9.28157,3614821.9962432,0
GLW.US,D,19980609,000000,9.16858,9.19651,9.09514,9.10979,1727449.610513,0
GLW.US,D,19980610,000000,8.85656,8.98889,8.77843,8.88469,4972589.7042288,0
GLW.US,D,19980611,000000,8.91262,8.91262,8.54014,8.54014,5142963.0611074,0
GLW.US,D,19980612,000000,8.57129,8.72032,8.38309,8.64669,4856456.7707464,0
GLW.US,D,19980615,000000,8.44434,8.57129,8.3245,8.36738,3419129.0692352,0
GLW.US,D,19980616,000000,8.45946,8.45946,8.18954,8.20507,2780226.4210289,0
GLW.US,D,19980617,000000,8.29589,8.36738,8.20507,8.2663,2396487.5338802,0
GLW.US,D,19980618,000000,8.21972,8.50342,8.21972,8.41513,2085874.0473548,0
GLW.US,D,19980619,000000,8.38309,8.43037,8.23524,8.30976,2136507.0438265,0
GLW.US,D,19980622,000000,8.30976,8.3752,8.2663,8.29589,1425271.5435178,0
GLW.US,D,19980623,000000,8.3245,8.41513,8.18954,8.2663,2392066.05518,0
GLW.US,D,19980624,000000,8.20507,8.43037,8.18954,8.38309,2066187.3059262,0
GLW.US,D,19980625,000000,8.48877,8.55508,8.39931,8.50342,3760681.6430519,0
GLW.US,D,19980626,000000,8.65929,8.67481,8.41513,8.50342,2007520.2840072,0
GLW.US,D,19980629,000000,8.57129,8.57129,8.29589,8.30976,1453802.2663113,0
GLW.US,D,19980630,000000,8.25087,8.39931,8.25087,8.38309,1935189.4798338,0
GLW.US,D,19980701,000000,8.36738,8.41513,8.25087,8.41513,1827903.5996097,0
GLW.US,D,19980702,000000,8.39931,8.45946,8.29589,8.44434,1565510.6492,0
GLW.US,D,19980706,000000,8.38309,8.6004,8.33857,8.44434,1758386.6498754,0
GLW.US,D,19980707,000000,8.63136,8.69024,8.43037,8.50342,2788666.9603817,0
GLW.US,D,19980708,000000,8.47461,8.65929,8.41513,8.47461,3034984.6921453,0
GLW.US,D,19980709,000000,8.47461,8.51788,8.14501,8.21972,3150712.1356867,0
GLW.US,D,19980710,000000,8.28096,8.28096,8.17401,8.23524,1392324.4618468,0
GLW.US,D,19980713,000000,8.18954,8.25087,8.11611,8.17401,2249821.0030473,0
GLW.US,D,19980714,000000,8.20507,8.25087,8.14501,8.21972,2645617.0721539,0
GLW.US,D,19980715,000000,8.14501,8.20507,8.11611,8.13133,2695041.7905186,0
GLW.US,D,19980716,000000,8.13133,8.17401,7.87567,8.11611,4756407.2476261,0
GLW.US,D,19980717,000000,8.20507,8.20507,8.07127,8.10087,2416577.7173209,0
GLW.US,D,19980720,000000,8.10087,8.18954,7.95174,7.96698,3078380.3075488,0
GLW.US,D,19980721,000000,7.99569,8.14501,7.86141,7.93728,3814925.1383419,0
GLW.US,D,19980722,000000,7.84558,7.92195,7.78738,7.84558,2654461.0535188,0
GLW.US,D,19980723,000000,7.78738,7.84558,7.70496,7.7196,2019570.2982136,0
GLW.US,D,19980724,000000,7.70496,7.7196,7.40592,7.40592,2921269.3388416,0
GLW.US,D,19980727,000000,7.21207,7.31637,7.18198,7.19702,4368244.8338482,0
GLW.US,D,19980728,000000,7.13755,7.31637,7.09253,7.24214,4266987.0326208,0
GLW.US,D,19980729,000000,7.36158,7.64509,7.34644,7.52575,3499900.4127613,0
GLW.US,D,19980730,000000,7.52575,7.61521,7.52575,7.55563,2400505.5705683,0
GLW.US,D,19980731,000000,7.55563,7.63025,7.39117,7.40592,2097523.6914427,0
GLW.US,D,19980803,000000,7.60046,7.60046,7.30172,7.36158,3089632.6534117,0
GLW.US,D,19980804,000000,7.33121,7.45094,7.15259,7.18198,4383111.7743871,0
GLW.US,D,19980805,000000,7.15259,7.27184,7.10748,7.19702,3350414.9076668,0
GLW.US,D,19980806,000000,7.19702,7.21207,6.9062,6.92074,3050255.0746964,0
GLW.US,D,19980807,000000,6.99574,7.12241,6.9062,6.96587,4789361.4970487,0
GLW.US,D,19980810,000000,6.9809,7.04781,6.96587,6.99574,3541686.3559747,0
GLW.US,D,19980811,000000,6.9809,7.06285,6.95073,7.04781,3102492.6235355,0
GLW.US,D,19980812,000000,7.12241,7.22691,7.04781,7.16734,2424213.4205786,0
GLW.US,D,19980813,000000,7.09253,7.27184,7.09253,7.19702,2875059.868999,0
GLW.US,D,19980814,000000,7.30172,7.31637,7.10748,7.15259,2084670.8890703,0
GLW.US,D,19980817,000000,7.24214,7.28668,7.19702,7.24214,2600212.4384064,0
GLW.US,D,19980818,000000,7.27184,7.45094,7.24214,7.42097,3097266.3087405,0
GLW.US,D,19980819,000000,7.45094,7.52575,7.36158,7.39117,2932927.1746455,0
GLW.US,D,19980820,000000,7.40592,7.48083,7.28668,7.28668,2220488.5160523,0
GLW.US,D,19980821,000000,7.24214,7.30172,7.18198,7.2566,2128069.5763672,0
GLW.US,D,19980824,000000,7.24214,7.46588,7.22691,7.28668,1716996.9809226,0
GLW.US,D,19980825,000000,7.28668,7.30172,6.9062,6.93549,2086279.5372958,0
GLW.US,D,19980826,000000,6.95073,7.06285,6.6222,6.66713,2849742.3467988,0
GLW.US,D,19980827,000000,6.59251,6.65218,6.3385,6.3385,5356734.0813184,0
GLW.US,D,19980828,000000,6.30158,6.50247,6.25628,6.28645,4307565.7216917,0
GLW.US,D,19980831,000000,6.34612,6.3758,5.92043,5.98761,3876811.5046409,0
GLW.US,D,19980901,000000,6.07717,6.13694,5.80078,5.83116,5662121.2530487,0
GLW.US,D,19980902,000000,5.86056,5.93566,5.71161,5.71161,8887570.5094779,0
GLW.US,D,19980903,000000,5.65166,5.83116,5.56231,5.72627,6260430.8766811,0
GLW.US,D,19980904,000000,5.7709,5.92043,5.71161,5.8754,4309980.2299767,0
GLW.US,D,19980908,000000,5.98761,6.10685,5.89024,6.09211,3450871.9686572,0
GLW.US,D,19980909,000000,6.09211,6.1968,5.98761,6.01749,4101833.8467503,0
GLW.US,D,19980910,000000,6.07717,6.10685,5.90538,5.98761,3150712.1356867,0
GLW.US,D,19980911,000000,6.07717,6.21194,5.98761,6.21194,3835020.4416049,0
GLW.US,D,19980914,000000,6.31654,6.34612,6.22668,6.28645,3298584.8966977,0
GLW.US,D,19980915,000000,6.34612,6.65218,6.25628,6.60735,4110673.7322572,0
GLW.US,D,19980916,000000,6.66713,6.92896,6.66713,6.75668,2860595.3465076,0
GLW.US,D,19980917,000000,6.60735,6.83129,6.50247,6.7269,2924889.0533402,0
GLW.US,D,19980918,000000,6.66713,6.68217,6.40559,6.54749,2343842.4471708,0
GLW.US,D,19980921,000000,6.40559,6.59251,6.24143,6.47269,1261331.7555769,0
GLW.US,D,19980922,000000,6.51761,6.59251,6.48782,6.59251,1763615.0125996,0
GLW.US,D,19980923,000000,6.59251,7.2566,6.56282,7.18198,4373066.6826668,0
GLW.US,D,19980924,000000,7.13755,7.28668,6.89858,7.00298,2375993.9084275,0
GLW.US,D,19980925,000000,6.75668,7.13755,6.75668,7.07739,1777272.651067,0
GLW.US,D,19980928,000000,7.16734,7.35416,7.15259,7.30943,1997070.7263105,0
GLW.US,D,19980929,000000,7.35416,7.38385,7.18198,7.19702,1896610.5934266,0
GLW.US,D,19980930,000000,7.15259,7.15259,6.91352,7.15259,2212051.0485931,0
GLW.US,D,19981001,000000,7.04781,7.13755,6.81654,6.83129,1836342.0910335,0
GLW.US,D,19981002,000000,6.81654,7.04781,6.78647,6.88345,989693.4297194,0
GLW.US,D,19981005,000000,6.83129,6.8687,6.54749,6.74174,2308886.3471557,0
GLW.US,D,19981006,000000,6.8017,6.98804,6.68217,6.77181,1476707.3281556,0
GLW.US,D,19981007,000000,6.65218,6.98804,6.57767,6.91352,2032434.3641955,0
GLW.US,D,19981008,000000,6.91352,6.91352,6.56282,6.74174,2254643.8758305,0
GLW.US,D,19981009,000000,6.8687,7.07739,6.83129,6.91352,2440689.009343,0
GLW.US,D,19981012,000000,6.94341,7.24214,6.94341,7.15259,2468011.4540295,0
GLW.US,D,19981013,000000,7.07739,7.10748,6.98804,7.00298,1229582.7123679,0
GLW.US,D,19981014,000000,6.94341,7.28668,6.94341,7.13755,1608912.4083905,0
GLW.US,D,19981015,000000,7.07739,7.4735,7.00298,7.42877,1496397.1414777,0
GLW.US,D,19981016,000000,7.53317,7.75047,7.45866,7.68249,3635713.9438853,0
GLW.US,D,19981019,000000,7.62253,7.65251,7.54811,7.62253,1599660.8891557,0
GLW.US,D,19981020,000000,7.62253,8.91262,7.62253,8.86945,14009637.527085,0
GLW.US,D,19981021,000000,8.65929,8.70664,8.51788,8.69024,3835418.7637945,0
GLW.US,D,19981022,000000,8.50342,8.77843,8.50342,8.72032,2979131.5246656,0
GLW.US,D,19981023,000000,8.50342,8.79581,8.50342,8.69024,3200938.6182529,0
GLW.US,D,19981026,000000,8.65929,8.79581,8.60772,8.64669,3636921.1980279,0
GLW.US,D,19981027,000000,8.62218,8.64669,8.38309,8.44434,4471109.2353721,0
GLW.US,D,19981028,000000,8.38309,8.43037,8.28096,8.3245,2234551.6444608,0
GLW.US,D,19981029,000000,8.3245,8.54698,8.30976,8.47461,1635426.9450883,0
GLW.US,D,19981030,000000,8.53369,8.84083,8.50342,8.77843,3871586.2138102,0
GLW.US,D,19981102,000000,8.79581,9.0177,8.79581,8.9757,3246747.7179769,0
GLW.US,D,19981103,000000,9.23519,9.72007,9.1299,9.34016,12268929.624259,0
GLW.US,D,19981104,000000,9.3558,10.0267,9.3558,9.70541,16186325.961758,0
GLW.US,D,19981105,000000,9.47396,9.77769,9.43197,9.72007,5041701.1640221,0
GLW.US,D,19981106,000000,9.50619,9.68784,9.48862,9.6019,2819203.6296257,0
GLW.US,D,19981109,000000,9.61655,9.72007,9.30989,9.41536,2507788.3788988,0
GLW.US,D,19981110,000000,9.41536,9.72007,9.39876,9.66049,2828047.6109905,0
GLW.US,D,19981111,000000,9.61655,9.81284,9.55502,9.61655,2710310.1251406,0
GLW.US,D,19981112,000000,9.61655,9.76499,9.61655,9.64584,2694645.516258,0
GLW.US,D,19981113,000000,9.64584,9.77769,9.64584,9.73667,2429841.1294567,0
GLW.US,D,19981116,000000,9.70541,9.75034,9.6019,9.72007,2611464.7842692,0
GLW.US,D,19981117,000000,9.66049,9.68784,9.3558,9.43197,2429841.1294567,0
GLW.US,D,19981118,000000,9.26623,9.53939,9.11653,9.5267,3146691.0271051,0
GLW.US,D,19981119,000000,9.6019,9.64584,9.44369,9.64584,3331531.9783687,0
GLW.US,D,19981120,000000,9.72007,9.73667,9.57161,9.68784,2050110.0393511,0
GLW.US,D,19981123,000000,9.70541,9.94564,9.63217,9.93007,4706978.4334034,0
GLW.US,D,19981124,000000,9.75034,10.0101,9.75034,9.96905,3536464.1370376,0
GLW.US,D,19981125,000000,9.75034,9.99742,9.75034,9.96905,3606782.8509733,0
GLW.US,D,19981127,000000,9.86946,9.94564,9.85381,9.94564,708013.08403504,0
GLW.US,D,19981130,000000,9.75034,9.82456,9.66049,9.75034,1871300.2389777,0
GLW.US,D,19981201,000000,9.66049,9.86946,9.63217,9.84116,2087085.3973554,0
GLW.US,D,19981202,000000,9.77769,10.0267,9.68784,9.93007,3748225.1149401,0
GLW.US,D,19981203,000000,9.84116,10.0101,9.73667,9.73667,1976177.7547037,0
GLW.US,D,19981204,000000,9.86946,9.99742,9.85381,9.94564,2368357.1812051,0
GLW.US,D,19981207,000000,9.98175,10.2943,9.94564,10.2494,1892999.0706438,0
GLW.US,D,19981208,000000,10.2074,10.7797,10.2074,10.7797,8498605.307534,0
GLW.US,D,19981209,000000,10.9056,10.9369,10.7641,10.8119,3840245.7324356,0
GLW.US,D,19981210,000000,10.7641,10.7641,10.3979,10.4427,2115607.9284329,0
GLW.US,D,19981211,000000,10.476,10.8266,10.3822,10.8266,2053326.3118377,0
GLW.US,D,19981214,000000,10.7045,10.7641,10.4604,10.4915,1353747.6233685,0
GLW.US,D,19981215,000000,10.4915,10.5843,10.2211,10.2358,2178294.0110044,0
GLW.US,D,19981216,000000,10.264,10.3441,10.2211,10.264,1775261.584794,0
GLW.US,D,19981217,000000,10.2494,10.7045,10.2358,10.6791,1895806.7812961,0
GLW.US,D,19981218,000000,10.9848,10.9848,10.5052,10.6,2637579.9748131,0
GLW.US,D,19981221,000000,10.6,11.0131,10.6,10.6635,2918860.9743435,0
GLW.US,D,19981222,000000,10.6635,10.7045,10.476,10.6166,2211243.1406045,0
GLW.US,D,19981223,000000,10.7367,10.7797,10.5052,10.6791,2286785.097442,0
GLW.US,D,19981224,000000,10.6928,10.7972,10.6791,10.7797,511524.5366125,0
GLW.US,D,19981228,000000,10.7797,10.8431,10.6322,10.8431,1506845.6752101,0
GLW.US,D,19981229,000000,10.8266,10.9369,10.7367,10.9135,1686859.6578326,0
GLW.US,D,19981230,000000,10.9135,10.9525,10.8266,10.9135,2760137.2615527,0
GLW.US,D,19981231,000000,10.9135,11.1479,10.9135,10.9848,1704946.9667162,0
GLW.US,D,19990104,000000,10.9525,11.348,10.9135,11.1028,2994802.277335,0
GLW.US,D,19990105,000000,11.1185,11.1606,11.055,11.1606,2992793.2589909,0
GLW.US,D,19990106,000000,11.348,11.936,11.3334,11.8461,8773854.1322097,0
GLW.US,D,19990107,000000,11.6528,11.7739,11.559,11.7739,2732409.3269253,0
GLW.US,D,19990108,000000,11.7288,11.8628,11.5727,11.7876,3053470.3232185,0
GLW.US,D,19990111,000000,11.8344,11.8628,11.392,11.5278,3125797.0315339,0
GLW.US,D,19990112,000000,11.5278,11.7592,11.4682,11.559,3667056.4731889,0
GLW.US,D,19990113,000000,11.2816,11.5893,11.1028,11.4682,3957575.6804155,0
GLW.US,D,19990114,000000,11.4095,11.5278,11.1332,11.2816,3657819.2894571,0
GLW.US,D,19990115,000000,11.4965,11.8344,11.3754,11.7876,3116960.2179206,0
GLW.US,D,19990119,000000,11.8344,12.229,11.8197,12.1713,7981860.5999132,0
GLW.US,D,19990120,000000,12.3207,12.4301,11.9516,12.1381,4873337.8494519,0
GLW.US,D,19990121,000000,12.1713,12.1859,11.684,11.9252,6906973.324003,0
GLW.US,D,19990122,000000,11.6528,12.0219,11.6528,11.936,2619093.3197756,0
GLW.US,D,19990125,000000,11.9106,11.9252,11.7016,11.804,3994142.4765853,0
GLW.US,D,19990126,000000,11.7143,11.7592,11.2358,11.4389,5691049.2740672,0
GLW.US,D,19990127,000000,11.684,11.7739,11.5727,11.7739,4433338.2569533,0
GLW.US,D,19990128,000000,11.9252,11.9663,11.7876,11.8344,2770182.3532731,0
GLW.US,D,19990129,000000,11.8197,11.9252,11.4965,11.8939,2947386.5773145,0
GLW.US,D,19990201,000000,11.8939,11.9818,11.7288,11.8628,2128869.2926398,0
GLW.US,D,19990202,000000,11.6528,11.6528,11.4252,11.5278,3423550.5479353,0
GLW.US,D,19990203,000000,11.804,12.0063,11.6528,11.9818,7793399.9341509,0
GLW.US,D,19990204,000000,11.9516,12.0063,11.7592,11.9106,4465887.0164349,0
GLW.US,D,19990205,000000,11.9516,11.9818,11.5893,11.7435,2998419.9439046,0
GLW.US,D,19990208,000000,11.9252,12.1224,11.6528,11.7143,4566741.3756503,0
GLW.US,D,19990209,000000,11.7016,11.7016,11.4095,11.4965,2688210.9233558,0
GLW.US,D,19990210,000000,11.5278,11.6185,11.4799,11.603,2382420.3096137,0
GLW.US,D,19990211,000000,11.5727,12.0932,11.5727,12.0932,3239115.0866126,0
GLW.US,D,19990212,000000,11.936,11.9516,11.7143,11.7143,3479406.7873086,0
GLW.US,D,19990216,000000,11.9106,11.9516,11.7876,11.9106,6700036.2428482,0
GLW.US,D,19990217,000000,11.9106,11.936,11.684,11.8774,2436667.9007614,0
GLW.US,D,19990218,000000,11.8628,11.8774,11.6528,11.7876,2130881.3828773,0
GLW.US,D,19990219,000000,11.7288,12.0063,11.7143,11.7288,3306626.0898963,0
GLW.US,D,19990222,000000,11.8344,12.2729,11.8344,12.2729,5797937.8560662,0
GLW.US,D,19990223,000000,12.5649,13.3852,12.5356,13.2993,10913175.030474,0
GLW.US,D,19990224,000000,13.356,13.5131,12.8423,13.0483,7702188.2486084,0
GLW.US,D,19990225,000000,13.0209,13.2201,12.7895,13.2201,4015839.2603225,0
GLW.US,D,19990226,000000,13.1636,13.3384,13.0209,13.0961,2761744.8858138,0
GLW.US,D,19990301,000000,13.0326,13.8334,13.0326,13.8334,7857694.6649481,0
GLW.US,D,19990302,000000,13.7378,13.8052,13.2836,13.6626,5425042.7529458,0
GLW.US,D,19990303,000000,13.7056,13.7378,13.4165,13.4331,5368385.7733353,0
GLW.US,D,19990304,000000,13.4165,13.7524,13.3696,13.6919,3199734.4360038,0
GLW.US,D,19990305,000000,13.7221,13.9556,13.6919,13.8785,3858326.8975322,0
GLW.US,D,19990308,000000,13.8207,14.2584,13.7769,14.2153,3072754.6465996,0
GLW.US,D,19990309,000000,14.1558,14.6098,14.0132,14.521,7332503.2741877,0
GLW.US,D,19990310,000000,14.5074,14.6265,14.3794,14.6265,3699606.2566349,0
GLW.US,D,19990311,000000,14.563,14.977,14.5503,14.858,4751983.720997,0
GLW.US,D,19990312,000000,14.858,15.0278,14.3647,14.4292,7128780.4175904,0
GLW.US,D,19990315,000000,14.3999,14.6733,14.3199,14.4449,3243135.1712297,0
GLW.US,D,19990316,000000,14.4292,14.6596,14.231,14.4292,3375330.0118196,0
GLW.US,D,19990317,000000,14.5376,14.7202,14.521,14.686,3220223.9655985,0
GLW.US,D,19990318,000000,14.6265,14.814,14.5933,14.8003,2493728.3223839,0
GLW.US,D,19990319,000000,14.814,15.0278,14.3052,14.4449,5130101.0430545,0
GLW.US,D,19990322,000000,14.4449,14.479,14.1401,14.1401,2273128.482939,0
GLW.US,D,19990323,000000,14.1401,14.1401,13.6479,13.7221,2978330.7844284,0
GLW.US,D,19990324,000000,13.7905,14.0445,13.7905,13.94,2091902.1263515,0
GLW.US,D,19990325,000000,13.94,14.2875,13.94,14.0132,4553481.0354078,0
GLW.US,D,19990326,000000,13.9692,14.1558,13.9077,13.94,2106363.5769495,0
GLW.US,D,19990329,000000,14.1098,15.1177,14.1098,14.9165,3274069.1386988,0
GLW.US,D,19990330,000000,14.7818,15.0278,14.6596,14.686,2103958.2843449,0
GLW.US,D,19990331,000000,14.7525,14.9322,14.686,14.686,2201998.7891212,0
GLW.US,D,19990401,000000,14.7202,14.814,14.5933,14.8003,2033237.1523615,0
GLW.US,D,19990405,000000,14.8999,15.0278,14.8267,14.8999,2824031.6222314,0
GLW.US,D,19990406,000000,14.8872,14.9322,14.6265,14.686,1909877.077456,0
GLW.US,D,19990407,000000,14.686,14.9917,14.6733,14.9165,2791075.3248797,0
GLW.US,D,19990408,000000,14.8707,15.0435,14.686,14.9624,2591371.5289351,0
GLW.US,D,19990409,000000,14.8872,14.9322,14.8003,14.9165,1091759.1389353,0
GLW.US,D,19990412,000000,14.686,15.4253,14.6265,15.4253,3399038.8857945,0
GLW.US,D,19990413,000000,15.3335,15.5864,14.9165,15.2993,2262679.9492067,0
GLW.US,D,19990414,000000,15.4253,16.3453,15.4253,16.1246,6222265.6719308,0
GLW.US,D,19990415,000000,15.9107,16.0533,14.8423,15.0572,5260295.0570164,0
GLW.US,D,19990416,000000,15.0572,15.0572,14.4449,14.9165,3282910.0481701,0
GLW.US,D,19990419,000000,14.9624,15.1177,14.686,14.686,4691710.0987815,0
GLW.US,D,19990420,000000,14.7047,14.814,13.8334,14.4624,5494155.2367036,0
GLW.US,D,19990421,000000,14.6596,14.7818,14.4449,14.686,4365830.325563,0
GLW.US,D,19990422,000000,14.7202,14.8707,14.6098,14.6733,8489763.3740982,0
GLW.US,D,19990423,000000,14.6265,14.9322,14.5806,14.9165,3711253.8527938,0
GLW.US,D,19990426,000000,14.8999,15.2525,14.6422,14.6733,4274614.5441625,0
GLW.US,D,19990427,000000,14.7202,14.8003,14.479,14.5806,4344533.9119443,0
GLW.US,D,19990428,000000,14.6422,14.977,14.6422,14.9165,4133978.1402553,0
GLW.US,D,19990429,000000,14.8999,14.9322,14.1987,14.2748,1658733.4010156,0
GLW.US,D,19990430,000000,14.2584,14.2584,13.7056,14.0132,2800317.6284341,0
GLW.US,D,19990503,000000,13.9829,14.0445,13.5873,14.0445,3789615.8078575,0
GLW.US,D,19990504,000000,14.1987,14.4292,14.187,14.2427,3202949.684526,0
GLW.US,D,19990505,000000,14.3052,14.6596,14.2875,14.4449,2209238.2181184,0
GLW.US,D,19990506,000000,14.4449,14.4449,13.5728,14.1401,3082401.4161304,0
GLW.US,D,19990507,000000,14.1098,14.231,13.5562,14.231,2664504.0973101,0
GLW.US,D,19990510,000000,14.3199,14.4449,14.0132,14.059,1853219.0738811,0
GLW.US,D,19990511,000000,13.9829,14.0132,13.6479,13.6919,4504861.1531381,0
GLW.US,D,19990512,000000,13.7056,14.2584,13.2836,14.1987,6235520.8923508,0
GLW.US,D,19990513,000000,14.1987,14.2427,14.0132,14.059,4158485.7065382,0
GLW.US,D,19990514,000000,13.8618,13.894,13.4702,13.4702,3267240.3194651,0
GLW.US,D,19990517,000000,13.4702,13.4702,12.8188,13.0209,3313045.3233311,0
GLW.US,D,19990518,000000,13.0649,13.3852,13.0483,13.2055,3375330.0118196,0
GLW.US,D,19990519,000000,13.1783,13.3384,12.729,12.9917,8838146.8150777,0
GLW.US,D,19990520,000000,13.2525,13.4018,13.1636,13.313,4716220.7369578,0
GLW.US,D,19990521,000000,13.2525,13.2525,12.9321,13.0326,3134641.0128986,0
GLW.US,D,19990524,000000,13.0326,13.0961,12.3921,12.3921,3204558.3327515,0
GLW.US,D,19990525,000000,12.4985,12.6382,11.6762,11.7505,6006082.1913635,0
GLW.US,D,19990526,000000,12.729,13.0649,12.5112,13.0483,10109921.984565,0
GLW.US,D,19990527,000000,12.9155,13.313,12.8188,12.8833,5395710.2659507,0
GLW.US,D,19990528,000000,12.9458,13.4165,12.9458,13.3696,2675348.9053029,0
GLW.US,D,19990601,000000,13.3696,13.6187,13.1118,13.5873,4164915.1796179,0
GLW.US,D,19990602,000000,13.5873,13.604,13.268,13.4702,3666251.6370938,0
GLW.US,D,19990603,000000,13.5044,13.5415,13.3852,13.5044,2319737.2989356,0
GLW.US,D,19990604,000000,13.5044,13.6762,13.4458,13.4917,3832208.6350949,0
GLW.US,D,19990607,000000,13.4917,13.5415,13.4458,13.477,2609049.2520197,0
GLW.US,D,19990608,000000,13.5044,14.3999,13.4018,14.3999,4725867.5064886,0
GLW.US,D,19990609,000000,14.3999,14.7818,14.1401,14.6178,4340110.3853152,0
GLW.US,D,19990610,000000,14.521,14.6939,14.3364,14.6812,2423006.1664359,0
GLW.US,D,19990611,000000,14.6178,14.9556,14.5806,14.814,3410292.2556218,0
GLW.US,D,19990614,000000,14.858,15.2134,14.8267,15.1334,4731087.6774967,0
GLW.US,D,19990615,000000,15.105,15.1499,14.984,15.0278,5873480.8368682,0
GLW.US,D,19990616,000000,15.0435,15.1499,14.9243,14.9996,4472313.4176211,0
GLW.US,D,19990617,000000,14.9703,15.2017,14.8423,15.186,1935994.3159289,0
GLW.US,D,19990618,000000,15.2134,15.3511,14.984,15.1334,2377597.4368306,0
GLW.US,D,19990621,000000,15.1334,15.3335,14.7202,14.9243,1690478.3483666,0
GLW.US,D,19990622,000000,14.9399,15.0151,14.7671,14.858,1060420.7054897,0
GLW.US,D,19990623,000000,14.7671,14.858,14.059,14.7818,3618443.7586707,0
GLW.US,D,19990624,000000,14.7047,14.7202,14.4449,14.521,1842371.1939947,0
GLW.US,D,19990625,000000,14.479,14.9556,14.479,14.7671,2746876.9213103,0
GLW.US,D,19990628,000000,14.8003,15.3941,14.7358,15.2447,4238048.7719574,0
GLW.US,D,19990629,000000,15.2134,16.0142,15.186,16.0142,5122869.8057733,0
GLW.US,D,19990630,000000,16.9479,17.3815,16.8258,17.2271,15755570.720743,0
GLW.US,D,19990701,000000,17.1939,17.2398,17.0368,17.1939,5435892.6807611,0
GLW.US,D,19990702,000000,17.1939,17.3502,17.0923,17.2398,3177234.8641006,0
GLW.US,D,19990706,000000,17.1765,17.6715,17.0514,17.3815,3167993.5845107,0
GLW.US,D,19990707,000000,17.44,17.6568,17.3961,17.5446,3638525.7503954,0
GLW.US,D,19990708,000000,17.44,17.8346,17.1939,17.6051,3344392.9724571,0
GLW.US,D,19990709,000000,17.6276,18.0094,17.4841,17.9772,2866218.9595278,0
GLW.US,D,19990712,000000,18.0378,18.1569,17.7925,17.9918,3468553.7875998,0
GLW.US,D,19990713,000000,17.8346,17.864,17.7145,17.8062,1524525.4462237,0
GLW.US,D,19990714,000000,17.7145,17.7789,17.3815,17.5738,1682444.3229194,0
GLW.US,D,19990715,000000,17.6276,17.6872,17.3658,17.4117,3891676.3972509,0
GLW.US,D,19990716,000000,17.5573,17.5885,17.2271,17.4996,3222237.0798006,0
GLW.US,D,19990719,000000,17.4841,17.7145,17.105,17.5885,3016099.7149182,0
GLW.US,D,19990720,000000,17.4996,17.4996,17.2535,17.3658,4149249.5467709,0
GLW.US,D,19990721,000000,17.3658,18.4176,17.3658,18.4176,4691310.7526274,0
GLW.US,D,19990722,000000,18.0514,18.2097,17.8346,17.9479,6190118.3065322,0
GLW.US,D,19990723,000000,18.0094,18.3424,17.9342,18.0514,4181391.792347,0
GLW.US,D,19990726,000000,17.9342,17.9772,17.6442,17.7634,4017048.562394,0
GLW.US,D,19990727,000000,17.7467,17.8199,17.5573,17.7145,5547195.5737088,0
GLW.US,D,19990728,000000,17.7145,17.7145,17.6051,17.6715,2784645.8518001,0
GLW.US,D,19990729,000000,17.4996,17.5885,17.0923,17.3131,2325761.2820743,0
GLW.US,D,19990730,000000,17.2535,17.2985,17.105,17.1939,3296977.2724366,0
GLW.US,D,19990802,000000,17.1491,17.8062,17.1207,17.3815,2976318.694191,0
GLW.US,D,19990803,000000,17.2271,17.3815,17.0514,17.1344,1857638.5046523,0
GLW.US,D,19990804,000000,16.9479,16.9625,16.5836,16.7916,4482759.9034245,0
GLW.US,D,19990805,000000,17.0368,17.44,16.7008,17.2848,3037397.1525014,0
GLW.US,D,19990806,000000,17.1628,17.1765,16.8902,17.1207,1392324.4618468,0
GLW.US,D,19990809,000000,17.0679,17.4117,16.7486,17.2398,2897562.5127958,0
GLW.US,D,19990810,000000,17.2398,17.2398,15.858,16.0874,4922756.4240296,0
GLW.US,D,19990811,000000,16.4566,16.5495,15.9332,15.9966,5873480.8368682,0
GLW.US,D,19990812,000000,15.9624,16.1636,14.814,15.0719,8789125.5387251,0
GLW.US,D,19990813,000000,15.2017,16.0142,15.2017,15.8707,7214367.4661482,0
GLW.US,D,19990816,000000,15.9009,16.1636,15.7681,16.0309,2487701.2673517,0
GLW.US,D,19990817,000000,16.3931,16.3931,16.0142,16.1803,2908006.9506702,0
GLW.US,D,19990818,000000,16.2388,16.3209,16.0874,16.149,3084810.8045931,0
GLW.US,D,19990819,000000,16.1168,16.1168,15.5366,15.815,1983007.5979019,0
GLW.US,D,19990820,000000,15.9624,16.0142,15.9009,15.9488,2350278.0640377,0
GLW.US,D,19990823,000000,15.9624,16.0309,15.815,15.9488,1605694.0879749,0
GLW.US,D,19990824,000000,15.9966,16.1011,15.7369,16.0874,3866359.899015,0
GLW.US,D,19990825,000000,16.1803,16.9195,16.1803,16.6695,5096750.5193713,0
GLW.US,D,19990826,000000,16.9479,16.9927,16.566,16.8111,4425700.5057666,0
GLW.US,D,19990827,000000,16.7008,16.7008,16.3511,16.5973,2292014.4841307,0
GLW.US,D,19990830,000000,16.6129,16.6559,16.4566,16.4703,3025741.3646266,0
GLW.US,D,19990831,000000,16.4566,16.4703,16.0874,16.3376,2545161.035128,0
GLW.US,D,19990901,000000,16.3511,16.3784,16.149,16.3052,2611859.0106008,0
GLW.US,D,19990902,000000,16.3667,16.5435,16.1324,16.3784,3640133.3746564,0
GLW.US,D,19990903,000000,16.7486,17.0923,16.5973,17.0074,3407074.9591707,0
GLW.US,D,19990907,000000,17.0777,17.6129,17.0602,17.44,4578396.1395607,0
GLW.US,D,19990908,000000,17.4117,17.6129,17.3502,17.6129,3243533.4934192,0
GLW.US,D,19990909,000000,17.6129,17.6872,17.4117,17.5817,5643234.2278925,0
GLW.US,D,19990910,000000,17.6442,17.7037,17.3658,17.4996,3082805.882107,0
GLW.US,D,19990913,000000,17.2398,17.2985,17.0074,17.2271,1853622.5158931,0
GLW.US,D,19990914,000000,17.2106,17.2398,17.0211,17.0777,1614939.4634227,0
GLW.US,D,19990915,000000,17.0923,17.1491,16.7916,16.7916,2104359.6784279,0
GLW.US,D,19990916,000000,16.8434,16.8434,16.3511,16.5142,1847188.9469554,0
GLW.US,D,19990917,000000,16.5836,16.9049,16.5582,16.7008,2531904.7907436,0
GLW.US,D,19990920,000000,16.7008,16.8053,16.4399,16.7486,1866076.996076,0
GLW.US,D,19990921,000000,16.315,16.5005,16.1011,16.2818,3732152.9681876,0
GLW.US,D,19990922,000000,16.5289,16.8053,15.4253,15.9888,5476075.0955714,0
GLW.US,D,19990923,000000,16.315,16.4399,16.0376,16.1324,3850290.8241559,0
GLW.US,D,19990924,000000,15.8286,16.1168,15.5162,15.729,4108664.7139131,0
GLW.US,D,19990927,000000,15.8872,16.4108,15.6998,16.2086,2671736.3585559,0
GLW.US,D,19990928,000000,16.2086,16.2496,15.8872,16.0747,3172007.5253409,0
GLW.US,D,19990929,000000,16.1324,16.3784,16.1011,16.2496,2379208.1329851,0
GLW.US,D,19990930,000000,16.5005,16.9625,16.5005,16.8902,7178206.1599195,0
GLW.US,D,19991001,000000,16.8902,17.0368,16.5289,16.8727,1664358.0380003,0
GLW.US,D,19991004,000000,16.8571,17.1939,16.8571,16.9771,1740705.8548973,0
GLW.US,D,19991005,000000,17.0923,17.0923,16.5582,16.7779,1753164.4309382,0
GLW.US,D,19991006,000000,16.8434,17.1207,16.8434,17.0777,2934126.237072,0
GLW.US,D,19991007,000000,17.0777,17.0777,16.7154,16.8902,1577164.3891458,0
GLW.US,D,19991008,000000,16.9195,17.3658,16.8053,17.3502,1858039.8987352,0
GLW.US,D,19991011,000000,17.5172,17.7925,17.2691,17.4117,2788666.9603817,0
GLW.US,D,19991012,000000,17.4841,17.6568,17.3199,17.4996,2434655.810524,0
GLW.US,D,19991013,000000,17.4704,17.4704,16.6129,16.6851,2875059.868999,0
GLW.US,D,19991014,000000,16.7008,16.8053,15.8872,16.315,5643234.2278925,0
GLW.US,D,19991015,000000,16.1939,16.4245,15.7769,16.1636,4645502.6768678,0
GLW.US,D,19991018,000000,16.1324,16.2985,16.0533,16.2496,3287332.5508348,0
GLW.US,D,19991019,000000,16.2496,16.5289,16.1803,16.4245,2581318.2454987,0
GLW.US,D,19991020,000000,16.4108,16.5289,16.2662,16.487,2345051.7492424,0
GLW.US,D,19991021,000000,16.5005,16.6129,16.1168,16.5005,1627397.0154991,0
GLW.US,D,19991022,000000,16.7311,17.2691,16.6851,17.2106,2935738.9811555,0
GLW.US,D,19991025,000000,17.1765,17.1765,16.7642,16.9322,1586005.2986172,0
GLW.US,D,19991026,000000,16.9195,17.3658,16.8727,17.2106,3120575.8365612,0
GLW.US,D,19991027,000000,17.2691,17.4557,17.0211,17.2535,2762549.7219088,0
GLW.US,D,19991028,000000,17.9772,18.3961,17.859,18.2409,4379089.641841,0
GLW.US,D,19991029,000000,18.4997,20.2576,18.4693,19.3669,8087536.8079473,0
GLW.US,D,19991101,000000,19.4528,19.7058,19.4411,19.5817,5419416.068032,0
GLW.US,D,19991102,000000,19.3981,19.5964,19.1775,19.3981,3396630.5212963,0
GLW.US,D,19991103,000000,19.3356,19.3356,18.8718,18.9196,2216870.8494827,0
GLW.US,D,19991104,000000,19.24,19.6569,19.2106,19.531,4382708.3323752,0
GLW.US,D,19991105,000000,20.9334,21.0623,19.8904,19.8904,12054356.839845,0
GLW.US,D,19991108,000000,19.9499,20.6297,19.9499,20.2087,3556555.3444427,0
GLW.US,D,19991109,000000,20.9334,21.4559,20.7801,21.0905,5099560.2779524,0
GLW.US,D,19991110,000000,21.072,21.8475,21.072,21.2878,5179524.7374547,0
GLW.US,D,19991111,000000,21.3229,21.3972,20.4411,20.7937,2838090.6547819,0
GLW.US,D,19991112,000000,20.9939,22.3104,20.8904,22.2527,3806490.7427761,0
GLW.US,D,19991115,000000,22.119,23.0253,21.3229,21.368,21549890.910238,0
GLW.US,D,19991117,000000,23.2723,23.7519,23.0253,23.4852,7936047.4043312,0
GLW.US,D,19991118,000000,23.5555,23.7645,23.1961,23.7645,6500329.37501,0
GLW.US,D,19991119,000000,23.7997,24.0799,23.6297,23.9803,4391948.5880004,0
GLW.US,D,19991122,000000,24.0106,24.4745,23.9803,24.4745,4381506.1980551,0
GLW.US,D,19991123,000000,25.0956,25.0956,24.1952,24.5156,6229492.813354,0
GLW.US,D,19991124,000000,24.4745,24.4882,24.0106,24.4295,3075168.1309201,0
GLW.US,D,19991126,000000,24.4608,24.6142,24.3847,24.4442,2083466.7068213,0
GLW.US,D,19991129,000000,24.6142,24.6142,24.0995,24.1531,3274471.5567463,0
GLW.US,D,19991130,000000,24.0858,24.0858,22.7918,23.1141,6482245.13802,0
GLW.US,D,19991201,000000,23.0126,24.1805,22.9481,23.7519,7889033.0983938,0
GLW.US,D,19991202,000000,24.369,24.4882,24.0253,24.0721,4754801.671294,0
GLW.US,D,19991203,000000,24.1219,25.7186,24.0858,25.7186,7722674.7063096,0
GLW.US,D,19991206,000000,25.9081,26.2812,25.3983,25.9081,8957085.4112831,0
GLW.US,D,19991207,000000,26.6464,27.1387,25.9081,25.9688,9647827.2861391,0
GLW.US,D,19991208,000000,26.0166,27.2939,25.6327,26.4579,7074935.2444901,0
GLW.US,D,19991209,000000,28.0039,28.6826,26.7265,28.5566,9569063.9369926,0
GLW.US,D,19991210,000000,28.9033,29.5801,28.625,28.8732,9696845.4905983,0
GLW.US,D,19991213,000000,29.2383,29.7999,28.9424,29.7266,5775838.6542814,0
GLW.US,D,19991214,000000,29.2383,29.4385,27.8028,27.9443,6222265.6719308,0
GLW.US,D,19991215,000000,27.3847,27.4013,24.8309,26.0322,15778070.292645,0
GLW.US,D,19991216,000000,26.8936,27.4805,26.7723,26.8311,9516424.9940703,0
GLW.US,D,19991217,000000,27.2636,27.9141,26.8769,27.7568,9450523.6629766,0
GLW.US,D,19991220,000000,27.8633,28.4238,27.7881,28.2218,4336497.8385682,0
GLW.US,D,19991221,000000,28.4961,28.625,27.7148,27.7881,5818021.8957198,0
GLW.US,D,19991222,000000,28.2519,29.3624,27.8173,29.3038,4494413.6433704,0
GLW.US,D,19991223,000000,29.8575,31.3331,29.7266,30.3643,4768054.843785,0
GLW.US,D,19991227,000000,30.3037,30.6544,28.8007,29.6095,4565139.8951762,0
GLW.US,D,19991228,000000,29.7003,31.0871,29.6847,30.2599,3083607.6463084,0
GLW.US,D,19991229,000000,30.3799,30.9698,30.1358,30.6261,2021983.7825342,0
GLW.US,D,19991230,000000,30.6544,30.6846,29.9913,30.089,1635426.9450883,0
GLW.US,D,19991231,000000,30.2599,31.8438,30.2599,31.8127,1518497.367227,0
GLW.US,D,20000103,000000,31.8575,32.0597,29.3193,30.0557,6228693.0970815,0
GLW.US,D,20000104,000000,29.4385,29.4795,26.9081,27.1387,8052577.6360387,0
GLW.US,D,20000105,000000,27.1387,27.2939,25.4745,26.5273,12586776.395994,0
GLW.US,D,20000106,000000,26.3398,26.7108,25.7753,25.9081,9696045.7743257,0
GLW.US,D,20000107,000000,26.1533,28.8398,26.1239,28.8398,14822127.756727,0
GLW.US,D,20000110,000000,29.7999,29.8418,28.6524,29.1182,7292322.9073064,0
GLW.US,D,20000111,000000,28.1329,28.2813,26.4296,26.5127,7779741.2717191,0
GLW.US,D,20000112,000000,26.7723,26.8047,25.415,25.6025,7898676.796031,0
GLW.US,D,20000113,000000,25.9081,28.9902,25.54,28.8007,10964606.719255,0
GLW.US,D,20000114,000000,29.1182,29.1778,27.4805,27.6319,7541054.1233907,0
GLW.US,D,20000118,000000,27.6845,31.8575,27.6319,30.9698,14581836.056032,0
GLW.US,D,20000119,000000,31.0138,34.5451,30.7501,32.9845,18547852.2758,0
GLW.US,D,20000120,000000,34.2981,38.9555,34.1702,38.4272,25290476.226063,0
GLW.US,D,20000121,000000,38.726,40.2807,37.0081,39.972,18164106.220899,0
GLW.US,D,20000124,000000,39.972,43.3032,37.9935,38.2484,17653790.986359,0
GLW.US,D,20000125,000000,37.6859,38.2484,36.3811,37.3255,16227710.510887,0
GLW.US,D,20000126,000000,37.7484,39.4213,37.6292,38.4944,26718564.695913,0
GLW.US,D,20000127,000000,39.1665,43.5484,39.0912,39.972,19708318.408551,0
GLW.US,D,20000128,000000,39.846,41.0854,35.9016,36.2708,16008310.757834,0
GLW.US,D,20000131,000000,36.2835,39.1039,35.716,38.0619,12059574.962925,0
GLW.US,D,20000201,000000,37.0081,37.4447,35.7932,36.3274,12471047.928488,0
GLW.US,D,20000202,000000,36.3674,36.9915,36.0842,36.5774,9636972.2385013,0
GLW.US,D,20000203,000000,37.0081,38.0619,35.8353,38.0619,12456179.963985,0
GLW.US,D,20000204,000000,38.9838,41.4195,38.7426,40.6812,13216033.298634,0
GLW.US,D,20000207,000000,40.6215,40.8686,38.9838,40.8686,7997125.8626418,0
GLW.US,D,20000208,000000,41.4516,42.0112,39.5404,41.898,9367751.4928223,0
GLW.US,D,20000209,000000,41.853,41.8696,40.2641,40.7133,6539706.9537253,0
GLW.US,D,20000210,000000,40.4653,44.3453,39.5678,42.3179,11398175.814709,0
GLW.US,D,20000211,000000,42.4057,42.6568,40.4087,40.8979,6340396.3601478,0
GLW.US,D,20000214,000000,40.9575,44.5357,40.1049,44.4175,16144132.480674,0
GLW.US,D,20000215,000000,44.1402,44.6296,43.0552,43.3647,13497711.59639,0
GLW.US,D,20000216,000000,43.3647,44.229,42.7632,43.9204,8566915.0031258,0
GLW.US,D,20000217,000000,44.229,47.4977,44.0709,47.1422,13921632.898348,0
GLW.US,D,20000218,000000,47.1422,48.0974,46.8806,47.696,10732351.091935,0
GLW.US,D,20000222,000000,48.3659,48.8739,45.4879,46.8806,10301992.12518,0
GLW.US,D,20000223,000000,47.1247,47.1901,45.9821,46.443,10601356.337737,0
GLW.US,D,20000224,000000,46.7887,47.9323,46.0808,47.4381,7960564.1862946,0
GLW.US,D,20000225,000000,47.6833,47.7438,45.5172,46.3404,6001658.6647344,0
GLW.US,D,20000228,000000,46.1696,46.2965,41.5756,44.3453,14319847.571598,0
GLW.US,D,20000229,000000,44.7789,46.5133,44.6296,46.3874,10937279.154746,0
GLW.US,D,20000301,000000,46.8806,50.0897,46.8659,50.0897,12581951.475282,0
GLW.US,D,20000302,000000,49.3933,51.1796,47.4157,50.8445,11447195.043132,0
GLW.US,D,20000303,000000,51.0897,51.3504,49.4226,50.6883,11561316.910342,0
GLW.US,D,20000306,000000,51.1796,52.4628,49.8562,51.7684,9670325.8340779,0
GLW.US,D,20000307,000000,52.8534,53.5614,48.0349,48.6462,13321708.482703,0
GLW.US,D,20000308,000000,49.613,50.4119,45.0064,46.648,15685243.81509,0
GLW.US,D,20000309,000000,47.3278,49.1121,45.5494,47.236,10938892.922794,0
GLW.US,D,20000310,000000,48.3425,49.6423,46.1832,47.2907,8168303.031651,0
GLW.US,D,20000313,000000,45.1911,46.317,44.6988,45.5816,9552189.0020739,0
GLW.US,D,20000314,000000,45.9304,46.4049,43.7115,44.0777,10314852.095305,0
GLW.US,D,20000315,000000,43.5269,43.5405,41.4907,42.0483,15260516.653072,0
GLW.US,D,20000316,000000,44.6988,44.6988,41.2407,43.0631,19811992.765993,0
GLW.US,D,20000317,000000,44.3941,48.28,43.9742,46.7653,19516649.662018,0
GLW.US,D,20000320,000000,47.4157,49.3581,46.8268,48.6462,10813116.291675,0
GLW.US,D,20000321,000000,48.2165,48.3884,46.4049,47.4157,10612605.611705,0
GLW.US,D,20000322,000000,49.0808,50.5008,48.404,50.3816,14268411.786961,0
GLW.US,D,20000323,000000,50.5008,55.8164,50.1336,54.3163,17042612.176922,0
GLW.US,D,20000324,000000,54.332,55.9199,52.2304,52.9433,9236756.7386235,0
GLW.US,D,20000327,000000,52.9276,52.9579,51.3046,51.6112,7840815.6341716,0
GLW.US,D,20000328,000000,51.5673,51.5673,50.3816,50.5808,9143536.0347368,0
GLW.US,D,20000329,000000,50.5808,50.8445,47.4157,48.7732,11411837.549035,0
GLW.US,D,20000330,000000,47.7926,48.9304,44.4655,46.4293,13368722.788642,0
GLW.US,D,20000331,000000,46.4293,48.7038,44.4655,47.9089,12753529.014411,0
GLW.US,D,20000403,000000,48.404,48.404,44.4361,44.6851,11012823.159512,0
GLW.US,D,20000404,000000,45.3198,45.6803,34.8234,41.4907,27103513.909098,0
GLW.US,D,20000405,000000,40.5014,43.0913,39.018,40.9976,19788282.868054,0
GLW.US,D,20000406,000000,41.3022,43.4361,41.1128,43.3697,11130961.015481,0
GLW.US,D,20000407,000000,43.9585,48.8943,43.9585,48.404,10818744.000553,0
GLW.US,D,20000410,000000,48.2937,48.4665,46.4293,46.7232,10125189.295222,0
GLW.US,D,20000411,000000,43.9585,44.5133,40.7504,42.0483,15126306.65035,0
GLW.US,D,20000412,000000,41.6772,42.0483,37.5364,38.0296,19335028.055136,0
GLW.US,D,20000413,000000,37.844,41.6772,36.6126,37.7835,19161033.959794,0
GLW.US,D,20000414,000000,36.6741,38.7728,32.842,35.5609,22078286.285912,0
GLW.US,D,20000417,000000,34.8791,37.5364,31.7385,36.6741,23044674.283669,0
GLW.US,D,20000418,000000,36.553,39.7641,35.8353,38.8295,17349206.602794,0
GLW.US,D,20000419,000000,39.6371,40.4731,38.0296,39.5102,12868453.669785,0
GLW.US,D,20000420,000000,39.5102,39.6371,37.4105,37.5677,8282018.3849547,0
GLW.US,D,20000424,000000,36.553,38.1888,36.1634,37.2942,9292614.0019614,0
GLW.US,D,20000425,000000,41.4907,44.4498,41.3677,43.7115,18863280.443392,0
GLW.US,D,20000426,000000,44.4498,45.7535,44.2046,44.6383,11809242.266367,0
GLW.US,D,20000427,000000,44.2046,48.154,43.5699,46.906,12600837.476474,0
GLW.US,D,20000428,000000,48.0974,49.6423,47.5866,48.7732,10236100.009768,0
GLW.US,D,20000501,000000,48.404,49.575,48.404,49.2664,7505291.1393514,0
GLW.US,D,20000502,000000,48.8943,49.326,47.1716,47.3708,8247463.6790226,0
GLW.US,D,20000503,000000,47.401,47.6002,42.9722,44.6988,13501333.358817,0
GLW.US,D,20000504,000000,44.4498,45.4224,43.8315,44.8551,7091813.2513022,0
GLW.US,D,20000505,000000,45.0689,47.1247,44.6069,46.6921,6958406.0367472,0
GLW.US,D,20000508,000000,46.0574,46.1315,45.1911,45.2907,5676189.5012797,0
GLW.US,D,20000509,000000,45.7819,45.9304,43.5269,44.0201,6493896.8300369,0
GLW.US,D,20000510,000000,43.2192,43.3413,40.5482,42.6635,11832546.674365,0
GLW.US,D,20000511,000000,42.8463,45.7535,41.7495,44.8268,10110729.892553,0
GLW.US,D,20000512,000000,45.0689,48.1373,45.0689,46.3561,10395622.414866,0
GLW.US,D,20000515,000000,45.9304,46.1169,44.2652,44.2652,6717314.6197787,0
GLW.US,D,20000516,000000,44.5788,48.2165,44.5788,47.8484,14887624.621844,0
GLW.US,D,20000517,000000,46.9225,49.3806,46.4918,48.28,10150507.841387,0
GLW.US,D,20000518,000000,48.7732,49.2664,47.2292,48.4821,7784561.0726088,0
GLW.US,D,20000519,000000,46.6081,47.197,44.4498,45.0562,7800233.8732073,0
GLW.US,D,20000522,000000,45.0826,45.3198,41.9214,43.7115,10903124.818932,0
GLW.US,D,20000523,000000,42.9722,43.4663,40.5014,40.5014,9236354.320576,0
GLW.US,D,20000524,000000,40.6215,42.4448,38.8295,41.9839,13081016.411889,0
GLW.US,D,20000525,000000,42.9722,43.8033,42.226,42.7183,9242779.6977977,0
GLW.US,D,20000526,000000,42.7183,43.5269,40.9633,41.4907,4969374.4557067,0
GLW.US,D,20000530,000000,43.7115,46.2282,43.3579,45.6803,8216523.5677666,0
GLW.US,D,20000531,000000,45.2583,48.154,45.0826,47.6637,12225127.49495,0
GLW.US,D,20000601,000000,47.8317,48.574,47.2741,48.0828,8265145.4979652,0
GLW.US,D,20000602,000000,49.408,52.0155,49.408,51.6326,14768680.905818,0
GLW.US,D,20000605,000000,50.7967,53.2402,50.701,52.1562,10274668.656529,0
GLW.US,D,20000606,000000,52.4784,54.8574,52.0994,53.702,12485916.916957,0
GLW.US,D,20000607,000000,53.2713,53.9481,51.4178,52.2157,11716825.374611,0
GLW.US,D,20000608,000000,52.5907,53.8759,51.5985,52.6473,7784561.0726088,0
GLW.US,D,20000609,000000,53.0213,53.6445,52.0302,52.4051,4913519.2402978,0
GLW.US,D,20000612,000000,56.8232,58.0694,55.1201,57.5928,18418062.727814,0
GLW.US,D,20000613,000000,56.7637,61.5471,55.6142,61.5471,17526411.8508,0
GLW.US,D,20000614,000000,59.758,60.715,57.4756,58.584,13039227.396783,0
GLW.US,D,20000615,000000,58.8018,61.7814,58.2413,61.7356,12471446.250678,0
GLW.US,D,20000616,000000,60.8429,61.3634,59.7267,60.8107,8986012.4083371,0
GLW.US,D,20000619,000000,60.5783,63.5716,60.0626,62.6017,9162419.9879995,0
GLW.US,D,20000620,000000,61.4289,61.7951,59.3273,60.1437,12111815.583658,0
GLW.US,D,20000621,000000,59.7902,61.4289,59.633,60.3771,8545617.5655425,0
GLW.US,D,20000622,000000,59.9142,60.9005,59.3273,59.3273,7220794.891299,0
GLW.US,D,20000623,000000,59.7902,61.4289,59.1378,59.3273,7471937.5437748,0
GLW.US,D,20000626,000000,60.5636,65.2463,60.1925,64.3118,10579653.410212,0
GLW.US,D,20000627,000000,63.2805,64.1809,61.7356,62.6017,9090088.1598616,0
GLW.US,D,20000628,000000,62.5431,66.5892,62.0422,65.4398,10758871.772419,0
GLW.US,D,20000629,000000,65.3948,66.9848,63.9612,65.262,11421884.688684,0
GLW.US,D,20000630,000000,65.8724,66.7229,63.5276,65.262,8770638.8836875,0
GLW.US,D,20000703,000000,66.3695,67.975,65.6263,67.6069,3382563.2970299,0
GLW.US,D,20000705,000000,67.6069,68.686,62.386,63.6858,11494209.349071,0
GLW.US,D,20000706,000000,63.217,63.469,58.8351,61.3019,15887367.239142,0
GLW.US,D,20000707,000000,61.676,64.2512,61.0989,63.4534,10619836.848988,0
GLW.US,D,20000710,000000,63.5129,64.8714,59.758,61.3634,15084923.125184,0
GLW.US,D,20000711,000000,60.3165,62.6614,60.0626,61.9241,9987766.091908,0
GLW.US,D,20000712,000000,62.2874,63.4984,61.7951,62.7873,8151024.6547204,0
GLW.US,D,20000713,000000,63.3987,66.0003,63.2503,64.0207,7047611.7758392,0
GLW.US,D,20000714,000000,64.7005,66.3998,64.5785,66.0003,6957602.2246166,0
GLW.US,D,20000717,000000,68.7172,69.9429,67.975,68.0375,15509249.917085,0
GLW.US,D,20000718,000000,68.9037,69.9574,67.7641,67.7758,8775865.1984827,0
GLW.US,D,20000719,000000,68.1343,68.7172,65.5384,66.5736,6620474.2013935,0
GLW.US,D,20000720,000000,67.3148,68.5961,67.2386,68.1343,7324470.2727049,0
GLW.US,D,20000721,000000,69.2084,70.6939,67.9926,70.0142,7723083.2681441,0
GLW.US,D,20000724,000000,66.4906,67.6069,60.5499,61.7951,27680532.238934,0
GLW.US,D,20000725,000000,62.7873,64.4525,62.5431,64.0207,14264390.678379,0
GLW.US,D,20000726,000000,64.0207,66.8626,63.2805,63.8049,13289566.237128,0
GLW.US,D,20000727,000000,66.2425,67.975,60.9992,61.4904,15701720.427819,0
GLW.US,D,20000728,000000,61.8556,62.5431,55.9883,57.5313,25171536.605894,0
GLW.US,D,20000731,000000,57.5928,58.2725,55.1367,58.0938,15389508.532714,0
GLW.US,D,20000801,000000,58.338,59.2043,57.208,57.7638,9940353.4637808,0
GLW.US,D,20000802,000000,57.838,60.3165,56.3604,59.2795,11140202.29507,0
GLW.US,D,20000803,000000,59.0763,61.4289,56.9814,61.3634,15516083.856141,0
GLW.US,D,20000804,000000,63.0384,66.0003,63.0384,66.0003,12473457.31695,0
GLW.US,D,20000807,000000,65.4114,70.2632,64.8304,67.8491,14838195.807622,0
GLW.US,D,20000808,000000,67.7328,70.8531,66.8382,70.8218,13148925.737363,0
GLW.US,D,20000809,000000,70.7563,71.6665,67.269,68.1948,14067501.760837,0
GLW.US,D,20000810,000000,67.7328,69.1509,66.8041,67.386,7522971.9343295,0
GLW.US,D,20000811,000000,67.386,69.1509,66.4769,67.975,7114717.2891819,0
GLW.US,D,20000814,000000,67.9926,70.6041,67.7485,69.4926,8099989.2402012,0
GLW.US,D,20000815,000000,69.4634,70.3599,67.9926,68.0952,7639500.1181079,0
GLW.US,D,20000816,000000,68.9604,72.9215,68.3491,71.6861,5875088.4611293,0
GLW.US,D,20000817,000000,70.2319,72.5484,69.2084,71.9361,12450553.279071,0
GLW.US,D,20000818,000000,72.4274,74.1579,71.8658,74.1452,10691361.793101,0
GLW.US,D,20000821,000000,73.9117,74.8982,73.0768,74.0934,8361583.4983028,0
GLW.US,D,20000822,000000,73.9117,75.2731,73.1637,74.2789,7555926.1837521,0
GLW.US,D,20000823,000000,73.6588,74.3912,72.1793,73.2262,6334374.4249381,0
GLW.US,D,20000824,000000,73.7223,74.5934,72.6129,74.2027,6399867.1941971,0
GLW.US,D,20000825,000000,74.2027,74.9283,73.7711,74.5241,4626215.2815933,0
GLW.US,D,20000828,000000,75.1462,78.2361,75.0524,76.9938,8271975.3411634,0
GLW.US,D,20000829,000000,77.0643,77.7127,75.6375,76.5309,7050827.0243613,0
GLW.US,D,20000830,000000,78.4822,84.0527,78.452,81.576,17261610.535893,0
GLW.US,D,20000831,000000,80.8778,81.621,80.2527,81.12,10428573.592395,0
GLW.US,D,20000901,000000,81.3465,84.0889,80.6258,84.0889,9370159.8573204,0
GLW.US,D,20000905,000000,83.8329,83.8329,80.286,81.12,13883467.693598,0
GLW.US,D,20000906,000000,80.5633,80.6258,77.1658,77.1833,11866702.034143,0
GLW.US,D,20000907,000000,77.4148,79.6835,77.4148,78.9598,13187102.205722,0
GLW.US,D,20000908,000000,77.2898,77.8787,74.3366,75.4059,11509878.053812,0
GLW.US,D,20000911,000000,75.4362,77.8464,72.1714,73.2125,16175479.105836,0
GLW.US,D,20000912,000000,73.9518,74.9353,69.1265,71.2319,19869451.509805,0
GLW.US,D,20000913,000000,70.4878,72.7115,69.2553,70.7339,23480654.815514,0
GLW.US,D,20000914,000000,72.4068,75.4362,72.4068,74.9353,15874108.946829,0
GLW.US,D,20000915,000000,74.5699,76.5476,71.8424,73.8209,14844227.982477,0
GLW.US,D,20000918,000000,74.195,75.3054,70.6431,71.8424,15117466.764844,0
GLW.US,D,20000919,000000,72.7115,76.2644,72.0914,76.1736,12790502.324485,0
GLW.US,D,20000920,000000,75.8698,78.2801,73.9518,78.0251,15787310.54827,0
GLW.US,D,20000921,000000,77.4148,78.9011,71.4801,72.2222,14875566.415923,0
GLW.US,D,20000922,000000,74.444,79.1101,73.7037,79.1101,20306237.901711,0
GLW.US,D,20000925,000000,78.9011,83.5898,78.6472,79.6365,18031905.236524,0
GLW.US,D,20000926,000000,80.8778,82.7929,78.6472,80.373,17365278.749548,0
GLW.US,D,20000927,000000,79.8554,81.12,74.444,76.6658,25449598.261043,0
GLW.US,D,20000928,000000,75.2937,77.362,72.7115,74.444,17865152.618107,0
GLW.US,D,20000929,000000,75.6833,77.7791,73.2125,73.7037,13445068.557609,0
GLW.US,D,20001002,000000,74.6881,76.1442,71.9712,72.898,13858953.983529,0
GLW.US,D,20001003,000000,72.898,74.6881,70.5825,71.7242,20159975.836854,0
GLW.US,D,20001004,000000,70.1138,74.4723,66.8217,72.2476,13196073.158686,0
GLW.US,D,20001005,000000,71.9712,75.4958,70.4878,71.9263,7893587.6924785,0
GLW.US,D,20001006,000000,71.2319,71.648,64.2737,67.1038,14068975.24575,0
GLW.US,D,20001009,000000,67.059,70.4878,62.7014,69.0005,8411544.7740642,0
GLW.US,D,20001010,000000,66.7727,68.6322,60.8352,63.0618,11535603.113882,0
GLW.US,D,20001011,000000,61.1144,66.4086,59.5401,61.676,16289727.944643,0
GLW.US,D,20001012,000000,65.8489,70.4878,61.588,63.8108,21585921.149012,0
GLW.US,D,20001013,000000,62.7014,69.7456,62.048,68.9107,11155876.119633,0
GLW.US,D,20001016,000000,69.7924,76.0036,67.9379,72.944,14130449.97832,0
GLW.US,D,20001017,000000,75.6833,75.6833,70.5825,71.9712,12201557.880146,0
GLW.US,D,20001018,000000,72.0152,74.5241,65.2884,66.3167,17012476.901761,0
GLW.US,D,20001019,000000,69.6499,72.2916,68.6322,70.6285,10766769.610589,0
GLW.US,D,20001020,000000,71.5972,79.3934,71.5972,78.6024,15229042.032348,0
GLW.US,D,20001023,000000,76.2351,77.7204,71.9712,75.2653,16021576.217899,0
GLW.US,D,20001024,000000,75.0309,75.3054,67.519,69.3725,14990084.557392,0
GLW.US,D,20001025,000000,60.1925,61.213,54.9052,57.0382,50937908.523878,0
GLW.US,D,20001026,000000,57.1298,58.0635,44.52,51.9413,49872672.113357,0
GLW.US,D,20001027,000000,57.502,59.1779,52.6786,56.3905,26424026.428034,0
GLW.US,D,20001030,000000,54.9052,55.4668,51.9413,52.6786,14742965.061427,0
GLW.US,D,20001031,000000,52.6786,57.6876,52.537,56.7637,14154023.688982,0
GLW.US,D,20001101,000000,54.9052,57.502,53.1424,54.6299,16298165.412101,0
GLW.US,D,20001102,000000,55.5987,56.5752,52.7695,52.8671,19898116.371948,0
GLW.US,D,20001103,000000,53.0526,56.0166,52.4051,54.2568,33760283.55607,0
GLW.US,D,20001106,000000,54.9052,55.3252,51.5673,52.3056,18256259.953779,0
GLW.US,D,20001107,000000,50.8298,52.5907,49.8494,50.9197,17818139.336134,0
GLW.US,D,20001108,000000,50.9598,51.1062,45.6324,45.6324,25468083.892116,0
GLW.US,D,20001109,000000,44.52,48.5925,44.0562,47.4842,21202310.257425,0
GLW.US,D,20001110,000000,46.7429,47.5778,44.6069,44.6069,14445888.385558,0
GLW.US,D,20001113,000000,43.729,46.7429,41.9214,43.77,22134941.217593,0
GLW.US,D,20001114,000000,44.52,49.6199,44.52,49.3435,19278768.37375,0
GLW.US,D,20001115,000000,49.2966,51.7528,48.6951,50.2673,14463030.575211,0
GLW.US,D,20001116,000000,49.528,49.575,46.8346,47.3474,9343511.1812734,0
GLW.US,D,20001117,000000,47.3474,48.2332,45.0689,46.0963,12903144.562996,0
GLW.US,D,20001120,000000,44.52,46.0963,43.4507,44.0123,12681603.700178,0
GLW.US,D,20001121,000000,44.1012,48.7371,43.4977,47.904,15938941.258987,0
GLW.US,D,20001122,000000,47.0231,49.4314,46.0963,46.9294,10051124.919154,0
GLW.US,D,20001124,000000,48.1844,50.0818,47.2506,50.0818,3837567.0413102,0
GLW.US,D,20001127,000000,51.5673,52.2635,46.9294,47.7136,11960993.804894,0
GLW.US,D,20001128,000000,47.7702,48.9685,45.2583,45.2583,11032778.179639,0
GLW.US,D,20001129,000000,46.1832,47.2506,43.2623,46.1832,14802169.664707,0
GLW.US,D,20001130,000000,43.8696,45.2583,41.646,43.4038,19683007.030139,0
GLW.US,D,20001201,000000,44.149,47.1638,43.9127,45.2105,15659263.78786,0
GLW.US,D,20001204,000000,45.1256,47.5358,44.1012,45.6324,10554076.824994,0
GLW.US,D,20001205,000000,47.6696,51.5673,47.1638,51.2919,16086802.756389,0
GLW.US,D,20001206,000000,51.1951,54.5302,50.452,51.7528,16428621.560975,0
GLW.US,D,20001207,000000,50.8709,53.3739,49.8494,53.1015,10518978.393913,0
GLW.US,D,20001208,000000,55.6532,57.8731,54.951,56.7637,15017818.635806,0
GLW.US,D,20001211,000000,57.502,59.1779,56.5352,59.1779,14544202.288856,0
GLW.US,D,20001212,000000,57.8731,58.9435,54.9052,55.5987,10148632.962392,0
GLW.US,D,20001213,000000,57.1298,57.6455,52.3056,53.7929,11685342.562172,0
GLW.US,D,20001214,000000,55.6963,56.7637,50.8651,51.9804,18054674.111089,0
GLW.US,D,20001215,000000,51.7977,52.3056,48.6384,51.9804,19243275.716338,0
GLW.US,D,20001218,000000,53.1874,54.2109,46.9694,47.8962,14970130.56123,0
GLW.US,D,20001219,000000,48.8298,50.912,45.6676,46.275,13196073.158686,0
GLW.US,D,20001220,000000,43.8111,44.0923,39.9145,41.2563,23244789.713341,0
GLW.US,D,20001221,000000,42.3257,43.0679,37.6859,40.4731,19657958.810601,0
GLW.US,D,20001222,000000,40.099,43.2563,37.8734,41.772,17596862.656157,0
GLW.US,D,20001226,000000,41.5825,42.8814,39.4496,41.0805,7247857.2490031,0
GLW.US,D,20001227,000000,40.4731,41.354,38.6157,40.0551,11073772.598296,0
GLW.US,D,20001228,000000,39.9145,42.2329,39.8256,40.7934,9172599.219069,0
GLW.US,D,20001229,000000,41.2133,42.3257,38.8441,39.22,10289534.573105,0
GLW.US,D,20010102,000000,38.6157,39.8657,34.9006,35.179,14178000.841656,0
GLW.US,D,20010103,000000,33.7883,42.6568,33.7883,41.1684,25503312.366689,0
GLW.US,D,20010104,000000,42.1889,42.6069,39.5404,41.0259,16384958.690838,0
GLW.US,D,20010105,000000,40.936,41.1196,36.8089,37.224,12594540.094814,0
GLW.US,D,20010108,000000,37.5003,39.4057,36.6663,39.22,12505468.495072,0
GLW.US,D,20010109,000000,39.4057,40.2885,37.9652,39.1742,10121973.022735,0
GLW.US,D,20010110,000000,37.6859,42.4224,37.5443,42.3257,16395270.013327,0
GLW.US,D,20010111,000000,42.0923,44.5133,40.936,43.8111,14739083.212017,0
GLW.US,D,20010112,000000,43.8111,45.9459,43.1617,45.2038,14463698.200063,0
GLW.US,D,20010116,000000,45.2038,45.7614,43.2563,44.5133,9364135.8741817,0
GLW.US,D,20010117,000000,47.9899,48.7732,47.1579,47.4762,16189266.787794,0
GLW.US,D,20010118,000000,48.0828,52.1649,47.3415,51.1414,14616395.881786,0
GLW.US,D,20010119,000000,51.9804,52.8671,50.7303,51.329,14269882.199979,0
GLW.US,D,20010122,000000,50.4929,50.5447,48.8298,50.2155,10108582.639002,0
GLW.US,D,20010123,000000,50.2155,51.9804,49.5223,51.9804,11939967.717903,0
GLW.US,D,20010124,000000,51.7977,53.6024,50.912,52.074,12937433.038158,0
GLW.US,D,20010125,000000,46.0417,46.5935,41.772,41.772,63165054.252853,0
GLW.US,D,20010126,000000,41.4907,42.2329,40.3745,40.8363,30133010.151537,0
GLW.US,D,20010129,000000,41.3988,43.0679,40.8363,42.8814,12596149.767005,0
GLW.US,D,20010130,000000,42.8814,43.4439,41.9565,43.1303,8611917.2188257,0
GLW.US,D,20010131,000000,43.8033,44.4976,41.9565,42.1157,11200208.662553,0
GLW.US,D,20010201,000000,41.9839,42.6988,39.9643,40.4731,12828671.625093,0
GLW.US,D,20010202,000000,40.7641,41.0073,37.9359,37.9359,19032855.107963,0
GLW.US,D,20010205,000000,37.9446,38.8735,36.7522,38.4359,13585043.480452,0
GLW.US,D,20010206,000000,38.5365,38.8822,36.7522,36.9436,10551259.898661,0
GLW.US,D,20010207,000000,36.4623,36.5696,33.7883,34.5295,17732549.215683,0
GLW.US,D,20010208,000000,35.0158,35.716,31.8361,31.9708,21166685.508593,0
GLW.US,D,20010209,000000,31.9708,32.0656,29.7599,30.4142,21034615.591672,0
GLW.US,D,20010212,000000,29.5206,31.4376,29.1016,30.9698,16644269.508111,0
GLW.US,D,20010213,000000,31.4092,32.211,29.1455,29.3701,15060411.463045,0
GLW.US,D,20010214,000000,29.3701,30.1837,27.2861,28.8886,39367219.266491,0
GLW.US,D,20010215,000000,30.1036,33.045,27.9971,31.1915,33363950.929566,0
GLW.US,D,20010216,000000,25.9862,27.8496,23.9159,24.5019,64653949.830421,0
GLW.US,D,20010220,000000,24.6533,25.2499,22.2781,22.3162,33585085.278478,0
GLW.US,D,20010221,000000,22.3162,23.7645,21.906,22.4998,23744925.716813,0
GLW.US,D,20010222,000000,22.9823,24.1307,21.7762,23.3993,24965532.356396,0
GLW.US,D,20010223,000000,23.0194,24.8749,22.5769,24.6533,22425063.126595,0
GLW.US,D,20010226,000000,25.0614,25.0702,23.6884,24.1132,15667833.346739,0
GLW.US,D,20010227,000000,23.6884,23.7273,21.1667,21.2791,23947179.184356,0
GLW.US,D,20010228,000000,21.533,22.2029,19.7536,20.1227,26839379.195078,0
GLW.US,D,20010301,000000,20.0906,22.7029,20.0027,22.5076,22554047.838485,0
GLW.US,D,20010302,000000,21.9568,22.3338,20.3903,20.614,22348181.824195,0
GLW.US,D,20010305,000000,21.2088,21.994,21.0242,21.994,13009229.332864,0
GLW.US,D,20010306,000000,22.8827,24.0926,22.7723,23.0682,21102120.451168,0
GLW.US,D,20010307,000000,23.7342,23.7801,22.0711,22.3963,13621066.551472,0
GLW.US,D,20010308,000000,22.8484,23.0682,20.9499,21.2088,15304453.945695,0
GLW.US,D,20010309,000000,20.5368,20.9499,19.9499,20.0973,17373053.711977,0
GLW.US,D,20010312,000000,18.3063,19.7351,17.2691,17.44,37906450.969703,0
GLW.US,D,20010313,000000,17.9195,18.607,17.651,18.3063,24015081.342078,0
GLW.US,D,20010314,000000,17.566,19.3523,17.1402,17.8413,28281528.745407,0
GLW.US,D,20010315,000000,19.24,19.3523,17.6051,17.7858,21200568.493815,0
GLW.US,D,20010316,000000,17.7925,18.0378,17.1207,17.2535,16447111.287906,0
GLW.US,D,20010319,000000,17.1207,19.1267,17.1207,18.7555,17859259.702424,0
GLW.US,D,20010320,000000,18.7936,19.1715,17.2691,17.8269,20136801.472347,0
GLW.US,D,20010321,000000,17.859,18.7868,17.4176,17.9039,18142406.365269,0
GLW.US,D,20010322,000000,18.0827,19.1648,17.234,18.2321,28550084.938129,0
GLW.US,D,20010323,000000,18.613,19.1648,17.7467,17.7554,21277449.796215,0
GLW.US,D,20010326,000000,18.7936,18.8639,17.7145,17.9342,13581286.554711,0
GLW.US,D,20010327,000000,17.859,18.8718,17.7467,18.5993,14819046.647555,0
GLW.US,D,20010328,000000,18.0378,18.0378,15.6265,15.9761,25702885.095177,0
GLW.US,D,20010329,000000,15.815,15.8638,14.6333,14.8707,23093837.891086,0
GLW.US,D,20010330,000000,15.0367,15.8072,14.8872,15.3941,17741120.822492,0
GLW.US,D,20010402,000000,15.5719,15.815,14.1792,14.814,15491971.540155,0
GLW.US,D,20010403,000000,14.3999,14.6939,13.5337,13.7671,26102566.085587,0
GLW.US,D,20010404,000000,13.9917,15.0572,13.8052,14.1401,19117771.459774,0
GLW.US,D,20010405,000000,15.0719,15.8707,14.8707,15.4312,22071588.534133,0
GLW.US,D,20010406,000000,15.0367,15.0719,14.1157,14.3999,13631653.320412,0
GLW.US,D,20010409,000000,14.6265,15.0719,14.0737,14.5933,8650761.3120378,0
GLW.US,D,20010410,000000,15.0367,16.8805,14.8872,16.5211,18667329.477332,0
GLW.US,D,20010411,000000,17.859,17.859,15.6265,16.2261,16316783.134595,0
GLW.US,D,20010412,000000,15.8872,17.8717,15.439,17.8199,19796055.782555,0
GLW.US,D,20010416,000000,17.2691,17.4918,16.4566,16.6695,12111815.583658,0
GLW.US,D,20010417,000000,15.9966,17.859,15.9332,17.0416,14474950.545926,0
GLW.US,D,20010418,000000,18.2916,19.8142,17.7858,18.5592,25176896.036073,0
GLW.US,D,20010419,000000,18.607,19.8318,18.4566,19.7058,24343784.185415,0
GLW.US,D,20010420,000000,19.9499,20.4578,18.9782,19.8757,21548148.122664,0
GLW.US,D,20010423,000000,18.9782,19.0534,17.1402,17.1939,16834471.937483,0
GLW.US,D,20010424,000000,17.2027,17.8199,16.5211,16.8971,18018380.71344,0
GLW.US,D,20010425,000000,16.5211,16.7057,15.9693,16.357,14073389.556698,0
GLW.US,D,20010426,000000,16.7311,16.7486,15.6265,15.6265,19955979.581737,0
GLW.US,D,20010427,000000,15.6265,15.815,14.5142,15.439,27866981.838424,0
GLW.US,D,20010430,000000,15.815,17.0416,15.6265,16.3511,17541678.137494,0
GLW.US,D,20010501,000000,16.3052,16.8805,15.7769,16.7847,14153085.737502,0
GLW.US,D,20010502,000000,17.859,18.6725,17.234,18.607,29119873.054648,0
GLW.US,D,20010503,000000,17.6344,18.2321,16.7486,17.0416,16998544.840808,0
GLW.US,D,20010504,000000,16.3784,17.6129,16.2261,17.1207,14896466.555281,0
GLW.US,D,20010507,000000,17.3043,18.0094,17.2106,17.4176,9436200.4475858,0
GLW.US,D,20010508,000000,18.0446,18.2321,17.2183,17.5817,10325164.441758,0
GLW.US,D,20010509,000000,16.7847,17.6637,16.7486,17.1852,11006932.291758,0
GLW.US,D,20010510,000000,17.859,17.8814,16.8727,16.9322,9658675.1660255,0
GLW.US,D,20010511,000000,16.9683,17.0279,16.3717,16.4489,9603355.4840489,0
GLW.US,D,20010514,000000,16.4108,16.65,15.6509,15.8365,9325694.199017,0
GLW.US,D,20010515,000000,16.0747,16.188,15.2993,15.3277,14250198.530443,0
GLW.US,D,20010516,000000,15.2593,16.149,14.8784,15.815,21775847.10797,0
GLW.US,D,20010517,000000,15.815,16.4489,15.6265,15.6665,18801268.12946,0
GLW.US,D,20010518,000000,15.6588,15.9624,15.439,15.5796,10446119.22406,0
GLW.US,D,20010521,000000,15.5864,16.9625,15.5503,16.8571,17446712.598103,0
GLW.US,D,20010522,000000,17.2535,17.6344,16.9049,17.4176,20662660.48796,0
GLW.US,D,20010523,000000,17.234,17.234,16.65,16.65,11074301.987942,0
GLW.US,D,20010524,000000,16.7057,16.7486,16.149,16.4489,11723788.333194,0
GLW.US,D,20010525,000000,16.6851,16.6851,16.0376,16.0376,7258434.8022621,0
GLW.US,D,20010529,000000,16.188,16.188,15.3424,15.3785,7969666.2067127,0
GLW.US,D,20010530,000000,14.8941,14.9996,14.1098,14.1098,17821750.858917,0
GLW.US,D,20010531,000000,14.3951,14.5074,14.0044,14.1225,13411725.201677,0
GLW.US,D,20010601,000000,14.5591,14.686,13.9917,14.3951,9590227.2352266,0
GLW.US,D,20010604,000000,14.4858,14.8209,14.0737,14.1479,9208095.9723388,0
GLW.US,D,20010605,000000,14.3052,15.0806,14.3052,14.9703,15450983.265284,0
GLW.US,D,20010606,000000,14.9703,15.1177,14.436,14.5708,9335066.5460626,0
GLW.US,D,20010607,000000,14.2964,14.6656,14.0816,14.4858,12683749.929764,0
GLW.US,D,20010608,000000,14.5503,14.5503,13.9741,14.0884,9030751.4651613,0
GLW.US,D,20010611,000000,14.0279,14.0737,13.7056,13.8501,9694701.3089404,0
GLW.US,D,20010612,000000,13.6343,13.6479,13.0649,13.4985,15648945.297618,0
GLW.US,D,20010613,000000,13.5415,13.7592,12.9526,12.9526,11835089.178213,0
GLW.US,D,20010614,000000,12.6459,12.6548,11.9252,11.9428,18410422.928699,0
GLW.US,D,20010615,000000,10.8266,11.1996,10.6391,10.8266,33935743.968572,0
GLW.US,D,20010618,000000,10.9135,11.0483,9.71322,10.0043,21498583.121163,0
GLW.US,D,20010619,000000,10.302,10.5277,9.74546,9.848,18972846.692553,0
GLW.US,D,20010620,000000,9.91246,10.0638,9.40657,9.70541,21900678.619858,0
GLW.US,D,20010621,000000,9.70541,11.0941,9.63217,10.8207,33800333.87946,0
GLW.US,D,20010622,000000,11.0864,11.9028,10.8431,11.0864,22494309.749701,0
GLW.US,D,20010625,000000,11.5727,11.603,10.9848,11.1752,13430338.828314,0
GLW.US,D,20010626,000000,10.8266,11.0483,10.5619,10.6576,12838983.971548,0
GLW.US,D,20010627,000000,10.7113,11.2582,10.6635,10.9369,13687505.463927,0
GLW.US,D,20010628,000000,11.1996,12.4301,11.1996,11.7953,22248258.248707,0
GLW.US,D,20010629,000000,11.9106,12.5493,11.804,12.4771,19131299.054751,0
GLW.US,D,20010702,000000,12.4771,12.6947,12.1782,12.5433,14416280.452114,0
GLW.US,D,20010703,000000,12.5356,12.6947,12.1468,12.6947,7162264.0566582,0
GLW.US,D,20010705,000000,12.1294,12.1381,11.5355,11.5355,13587449.79702,0
GLW.US,D,20010706,000000,11.5355,11.5355,10.8627,11.2963,11138595.694774,0
GLW.US,D,20010709,000000,11.5355,11.936,11.227,11.2758,14247650.906774,0
GLW.US,D,20010710,000000,11.3841,11.4965,10.4604,10.5433,20638811.330849,0
GLW.US,D,20010711,000000,10.476,10.5433,10.0414,10.4681,16100729.697519,0
GLW.US,D,20010712,000000,10.8627,11.0326,10.6391,10.8627,14684301.111401,0
GLW.US,D,20010713,000000,10.8266,11.1536,10.1556,10.8548,11199941.407819,0
GLW.US,D,20010716,000000,10.8119,10.8919,10.4515,10.4604,6770621.1875534,0
GLW.US,D,20010717,000000,10.4135,10.6635,10.0931,10.429,8876452.3029642,0
GLW.US,D,20010718,000000,10.0931,10.4515,10.0795,10.1381,6930681.1740134,0
GLW.US,D,20010719,000000,10.4515,10.8041,10.1634,10.302,8216654.6352223,0
GLW.US,D,20010720,000000,10.302,10.4427,10.1009,10.1761,6711015.1901902,0
GLW.US,D,20010723,000000,10.514,10.5697,10.184,10.2719,5573448.9994599,0
GLW.US,D,20010724,000000,10.3762,10.4135,9.89976,10.0863,8746926.9378192,0
GLW.US,D,20010725,000000,10.2269,10.4975,10.1078,10.2786,7877251.3628856,0
GLW.US,D,20010726,000000,10.8266,11.7953,10.6859,11.6185,18002307.542723,0
GLW.US,D,20010727,000000,11.6185,12.1468,11.3998,11.9594,14967853.264188,0
GLW.US,D,20010730,000000,12.0219,12.2358,11.7288,11.8197,7252412.8670523,0
GLW.US,D,20010731,000000,11.7288,12.0853,11.6108,11.6937,7005426.4864718,0
GLW.US,D,20010801,000000,11.9428,12.2026,11.812,11.936,6917693.2083272,0
GLW.US,D,20010802,000000,12.3032,12.312,11.9594,12.0932,5916475.0581886,0
GLW.US,D,20010803,000000,12.2798,12.5796,12.0512,12.4536,7193339.3312279,0
GLW.US,D,20010806,000000,12.3207,12.7514,12.2729,12.557,6535018.2202913,0
GLW.US,D,20010807,000000,12.5433,12.6167,11.9985,12.1079,7997260.0019909,0
GLW.US,D,20010808,000000,11.804,12.3032,11.7787,11.8344,5473127.1017832,0
GLW.US,D,20010809,000000,11.9428,11.9428,11.5893,11.8403,4949416.3636861,0
GLW.US,D,20010810,000000,11.9428,12.2358,11.5893,12.0853,5550949.4275566,0
GLW.US,D,20010813,000000,12.2798,12.3207,11.9897,12.3032,4676173.4854611,0
GLW.US,D,20010814,000000,11.8715,11.9252,11.4174,11.4252,13726614.763945,0
GLW.US,D,20010815,000000,11.559,11.684,11.1332,11.1401,7089670.093609,0
GLW.US,D,20010816,000000,10.8754,11.2758,10.5433,11.2358,10960051.101205,0
GLW.US,D,20010817,000000,10.977,11.2143,10.8685,11.1673,6064342.6993771,0
GLW.US,D,20010820,000000,11.0179,11.1098,10.6576,10.8207,5111350.2051766,0
GLW.US,D,20010821,000000,11.1927,11.227,10.6703,10.7504,5536346.669858,0
GLW.US,D,20010822,000000,10.8119,10.929,10.4975,10.6488,5775565.2557606,0
GLW.US,D,20010823,000000,10.8041,11.055,10.6928,10.8919,6854202.2896606,0
GLW.US,D,20010824,000000,11.0483,11.8628,10.9369,11.7074,7875236.2007545,0
GLW.US,D,20010827,000000,11.5951,12.0512,11.4799,11.8197,6154889.8319607,0
GLW.US,D,20010828,000000,11.8344,11.8403,11.4252,11.4877,4752519.2544291,0
GLW.US,D,20010829,000000,11.4252,11.5355,10.8998,10.8998,6842013.0162826,0
GLW.US,D,20010830,000000,10.0414,10.0414,8.70664,8.99661,31901310.825677,0
GLW.US,D,20010831,000000,8.99661,9.21975,8.88469,8.96925,12411447.050948,0
GLW.US,D,20010904,000000,8.96066,8.96066,8.24305,8.30976,13169287.271394,0
GLW.US,D,20010905,000000,8.21191,8.21972,7.51803,7.95174,16391122.957112,0
GLW.US,D,20010906,000000,7.80271,8.35332,7.65251,8.14501,12521811.992417,0
GLW.US,D,20010907,000000,7.85339,8.4372,7.85339,8.17401,10616892.951057,0
GLW.US,D,20010910,000000,7.86883,8.0244,7.61521,7.76502,12679863.984497,0
GLW.US,D,20010917,000000,7.46588,8.16561,7.13755,7.61521,14918297.478367,0
GLW.US,D,20010918,000000,7.83065,7.83787,7.38385,7.46588,9707699.5142716,0
GLW.US,D,20010919,000000,7.61521,7.67537,7.11519,7.55563,12702768.022376,0
GLW.US,D,20010920,000000,7.4735,7.50309,6.94341,6.95855,10808827.928359,0
GLW.US,D,20010921,000000,6.58489,6.97289,6.42825,6.80892,12228344.791401,0
GLW.US,D,20010924,000000,7.42877,7.59274,7.20464,7.49597,13389622.928,0
GLW.US,D,20010925,000000,7.35416,7.53317,7.03295,7.19009,12241069.598212,0
GLW.US,D,20010926,000000,7.26442,7.31637,6.79389,6.89107,8150088.7511697,0
GLW.US,D,20010927,000000,6.75668,6.8687,6.14426,6.2341,11755665.371965,0
GLW.US,D,20010928,000000,6.42053,6.68217,6.36077,6.58489,12954584.443491,0
GLW.US,D,20011001,000000,6.71918,6.71918,6.27873,6.45785,8648215.7362971,0
GLW.US,D,20011002,000000,6.45785,6.6597,6.39064,6.6222,7510920.8961585,0
GLW.US,D,20011003,000000,6.6222,7.09253,6.31654,6.71918,19730688.960929,0
GLW.US,D,20011004,000000,6.27141,6.38342,5.67412,5.74913,36466441.505173,0
GLW.US,D,20011005,000000,5.82344,5.92814,5.65928,5.73389,15246990.08206,0
GLW.US,D,20011008,000000,5.60722,5.78594,5.45029,5.48731,11985237.188336,0
GLW.US,D,20011009,000000,5.48731,5.58437,5.21111,5.23338,13245364.761665,0
GLW.US,D,20011010,000000,5.26356,5.63711,5.1662,5.62919,12319964.014813,0
GLW.US,D,20011011,000000,6.00265,6.79389,5.89835,6.6597,23139371.544361,0
GLW.US,D,20011012,000000,6.56986,6.87602,6.40559,6.7269,17807021.129621,0
GLW.US,D,20011015,000000,6.8017,6.80892,6.42053,6.71918,9317659.1496054,0
GLW.US,D,20011016,000000,6.54027,6.78647,6.24143,6.38342,13652276.989357,0
GLW.US,D,20011017,000000,6.56986,7.31637,6.09211,6.09211,10789680.816221,0
GLW.US,D,20011018,000000,6.09211,6.52533,5.90538,5.98761,11081935.64327,0
GLW.US,D,20011019,000000,5.98761,6.13694,5.68897,5.89835,13394040.310842,0
GLW.US,D,20011022,000000,5.8836,6.08507,5.83116,6.01027,10477456.633541,0
GLW.US,D,20011023,000000,6.12971,6.33128,6.01027,6.17413,8887172.1872883,0
GLW.US,D,20011024,000000,6.12199,6.26379,6.04719,6.09973,6784011.571287,0
GLW.US,D,20011025,000000,6.01027,6.51048,5.89835,6.51048,11168464.739167,0
GLW.US,D,20011026,000000,6.49554,6.68217,6.34612,6.44271,8717594.4508243,0
GLW.US,D,20011029,000000,6.33128,6.49554,6.18185,6.42053,8273982.3115785,0
GLW.US,D,20011030,000000,6.1968,6.36077,6.01027,6.04719,11208781.293326,0
GLW.US,D,20011031,000000,6.04719,6.2341,5.90538,6.01749,9380340.1123545,0
GLW.US,D,20011101,000000,6.01749,6.10685,5.86056,5.86056,12789959.623302,0
GLW.US,D,20011102,000000,5.90538,6.00265,5.71895,5.86056,8735412.457045,0
GLW.US,D,20011105,000000,6.00265,6.41311,5.97257,6.21194,12349694.823998,0
GLW.US,D,20011106,000000,6.1968,6.53265,6.08507,6.38342,12367378.690869,0
GLW.US,D,20011107,000000,6.30842,6.79389,6.27141,6.53265,10660557.869123,0
GLW.US,D,20011108,000000,6.53265,6.71918,5.61426,5.77912,67754565.527034,0
GLW.US,D,20011109,000000,5.68174,5.78594,5.63711,5.65928,34139471.944992,0
GLW.US,D,20011112,000000,5.74102,5.78594,5.47236,5.74913,19926244.676693,0
GLW.US,D,20011113,000000,5.93566,6.08507,5.82344,5.96554,40750572.775376,0
GLW.US,D,20011114,000000,6.15939,6.52533,6.01027,6.46547,38780417.979845,0
GLW.US,D,20011115,000000,6.42053,6.95855,6.36077,6.71918,35982778.018572,0
GLW.US,D,20011116,000000,6.8687,7.65251,6.74174,7.50309,35191449.039235,0
GLW.US,D,20011119,000000,7.80271,8.13915,7.57057,7.63025,35206051.796934,0
GLW.US,D,20011120,000000,7.56295,7.61521,7.12983,7.12983,17279956.907794,0
GLW.US,D,20011121,000000,7.2566,7.39117,6.93549,7.35416,16822012.337477,0
GLW.US,D,20011123,000000,7.35416,7.69704,7.24927,7.63758,6864113.2420318,0
GLW.US,D,20011126,000000,7.63758,7.75047,7.27936,7.63758,16126322.666168,0
GLW.US,D,20011127,000000,7.51081,7.8242,7.35416,7.62253,21258160.353011,0
GLW.US,D,20011128,000000,7.50309,7.5404,6.94341,7.01069,14710419.373838,0
GLW.US,D,20011129,000000,7.09253,7.24214,6.79389,7.01782,13369932.090713,0
GLW.US,D,20011130,000000,7.01782,7.36158,6.87602,7.04019,10645690.928584,0
GLW.US,D,20011203,000000,6.83891,7.05523,6.64467,6.68217,12531857.084136,0
GLW.US,D,20011204,000000,6.77181,7.08521,6.61487,7.08521,10735293.9659,0
GLW.US,D,20011205,000000,7.23414,7.65251,7.20464,7.5404,21279322.627281,0
GLW.US,D,20011206,000000,7.5404,7.77176,7.49597,7.64509,18282780.634264,0
GLW.US,D,20011207,000000,7.65251,7.65251,7.19009,7.24927,11716553.000054,0
GLW.US,D,20011210,000000,7.24927,7.5778,7.07739,7.35416,9948652.6960329,0
GLW.US,D,20011211,000000,7.35416,7.68962,7.35416,7.68962,13176921.950688,0
GLW.US,D,20011212,000000,7.67537,7.88299,7.48845,7.55563,13786622.15539,0
GLW.US,D,20011213,000000,7.27936,7.28668,6.68217,6.68217,23726839.431893,0
GLW.US,D,20011214,000000,6.68217,6.68217,6.34612,6.52533,12138472.451421,0
GLW.US,D,20011217,000000,6.36858,6.77181,6.35364,6.35364,11225655.204279,0
GLW.US,D,20011218,000000,6.64467,6.66713,6.38342,6.38342,13190714.752469,0
GLW.US,D,20011219,000000,6.34612,6.57767,6.20412,6.34612,13559859.073636,0
GLW.US,D,20011220,000000,6.42053,6.42825,6.13694,6.30842,13488467.244906,0
GLW.US,D,20011221,000000,6.30842,6.49554,6.26379,6.3758,12077925.430685,0
GLW.US,D,20011224,000000,6.35364,6.43577,6.2341,6.27873,4661844.1262832,0
GLW.US,D,20011226,000000,6.16681,6.40559,6.14426,6.1968,7721340.4805695,0
GLW.US,D,20011227,000000,6.1968,6.3385,6.1968,6.32346,8053516.6114829,0
GLW.US,D,20011228,000000,6.32346,6.94341,6.29368,6.71918,14013789.703122,0
GLW.US,D,20011231,000000,6.71175,6.85405,6.59251,6.6597,14450706.138519,0
GLW.US,D,20020102,000000,6.71175,6.85405,6.60735,6.85405,10804276.406167,0
GLW.US,D,20020103,000000,6.94341,7.33121,6.9062,7.24214,14279659.013002,0
GLW.US,D,20020104,000000,7.33932,8.0244,6.92074,7.98925,38830777.577797,0
GLW.US,D,20020107,000000,8.13915,8.3245,7.80271,7.84558,30177209.579071,0
GLW.US,D,20020108,000000,7.87567,8.09315,7.70496,7.8242,20775704.120554,0
GLW.US,D,20020109,000000,7.85339,8.06346,7.74235,7.83787,15736678.575763,0
GLW.US,D,20020110,000000,7.77176,7.94471,7.62253,7.70496,9510000.6408131,0
GLW.US,D,20020111,000000,7.70496,7.86883,7.50309,7.52575,7764870.2353221,0
GLW.US,D,20020114,000000,7.46588,7.5404,7.09253,7.32428,8802783.1771926,0
GLW.US,D,20020115,000000,7.16734,7.5778,7.01782,7.33121,11362543.898126,0
GLW.US,D,20020116,000000,7.11519,7.15972,6.68939,6.68939,13131113.874929,0
GLW.US,D,20020117,000000,6.89858,6.92896,6.56986,6.70423,12047388.761441,0
GLW.US,D,20020118,000000,6.53265,6.56986,6.27141,6.44271,13730099.315129,0
GLW.US,D,20020122,000000,6.53265,6.67416,6.20412,6.31654,9392531.4336615,0
GLW.US,D,20020123,000000,6.27141,6.45785,6.12199,6.21194,10833610.941091,0
GLW.US,D,20020124,000000,6.42053,6.56986,6.30842,6.32346,12945335.996149,0
GLW.US,D,20020125,000000,6.30842,6.31654,6.04719,6.04719,11288610.589514,0
GLW.US,D,20020128,000000,6.15939,6.21936,6.01027,6.08507,8452126.5350285,0
GLW.US,D,20020129,000000,6.09211,6.15939,5.71161,5.75606,14648540.175291,0
GLW.US,D,20020130,000000,5.92814,6.03254,5.64413,6.03254,17792822.837898,0
GLW.US,D,20020131,000000,6.08507,6.10685,5.83819,5.9506,7984798.3540566,0
GLW.US,D,20020201,000000,5.74913,5.9131,5.64413,5.67412,20399193.398792,0
GLW.US,D,20020204,000000,5.63711,5.67412,5.22635,5.30077,11034251.664552,0
GLW.US,D,20020205,000000,5.22635,5.29364,4.66598,4.66598,26458181.787813,0
GLW.US,D,20020206,000000,5.03963,5.05467,4.58395,5.00222,21892103.941156,0
GLW.US,D,20020207,000000,4.98728,5.14413,4.80828,4.80828,10029289.90021,0
GLW.US,D,20020208,000000,5.07683,5.68174,5.0618,5.61426,26645027.661563,0
GLW.US,D,20020211,000000,5.86056,6.21194,5.62197,6.15939,21333974.684406,0
GLW.US,D,20020212,000000,5.98761,6.15939,5.82344,6.00265,16996537.870393,0
GLW.US,D,20020213,000000,5.97257,6.08507,5.37538,5.45029,19110005.713026,0
GLW.US,D,20020214,000000,5.5247,5.58437,5.22635,5.30077,11790625.567838,0
GLW.US,D,20020215,000000,5.36034,5.44267,5.23338,5.23338,8733005.1165114,0
GLW.US,D,20020219,000000,5.22635,5.30077,5.03963,5.09207,9955085.2410062,0
GLW.US,D,20020220,000000,5.15155,5.24862,4.92742,5.0618,9903119.0427588,0
GLW.US,D,20020221,000000,5.07683,5.11414,4.86023,4.86784,10631754.771773,0
GLW.US,D,20020222,000000,4.89001,5.13671,4.70339,4.93523,11921620.322037,0
GLW.US,D,20020225,000000,5.02459,5.21873,4.89001,5.18114,7461897.5718769,0
GLW.US,D,20020226,000000,5.2413,5.59942,5.07683,5.12928,7056718.9160798,0
GLW.US,D,20020227,000000,5.25614,5.42743,5.15917,5.15917,9178895.5767641,0
GLW.US,D,20020228,000000,5.22635,5.37538,4.96492,5.02459,6717986.3404891,0
GLW.US,D,20020301,000000,5.02459,5.20369,4.85299,5.00222,11122255.269324,0
GLW.US,D,20020304,000000,5.06942,5.58437,5.00222,5.5247,17099673.622508,0
GLW.US,D,20020305,000000,5.5247,5.65928,5.35312,5.37538,14531201.011631,0
GLW.US,D,20020306,000000,5.36786,6.04719,5.30848,5.98029,21337721.370502,0
GLW.US,D,20020307,000000,6.12199,6.12199,5.75606,5.83116,13939586.067883,0
GLW.US,D,20020308,000000,5.95752,6.0252,5.81621,5.86056,11039210.724614,0
GLW.US,D,20020311,000000,5.92814,6.64467,5.82344,6.64467,30404103.728282,0
GLW.US,D,20020312,000000,6.12199,6.32346,5.97257,6.04719,22773177.264912,0
GLW.US,D,20020313,000000,6.04719,6.33128,5.97257,5.97257,12845682.747291,0
GLW.US,D,20020314,000000,5.99523,6.1968,5.89024,5.90538,7935916.3368755,0
GLW.US,D,20020315,000000,5.82344,6.00265,5.80078,5.83819,8842700.3851981,0
GLW.US,D,20020318,000000,5.95752,6.04719,5.86056,5.99523,6439519.1953978,0
GLW.US,D,20020319,000000,5.99523,6.10685,5.74913,5.78594,9211175.0335827,0
GLW.US,D,20020320,000000,5.67412,5.86056,5.59942,5.62919,9406458.3747919,0
GLW.US,D,20020321,000000,5.61426,5.65166,5.33056,5.56231,12970384.215688,0
GLW.US,D,20020322,000000,5.5247,5.68897,5.4201,5.4951,7380585.5750962,0
GLW.US,D,20020325,000000,5.4951,5.65166,5.24862,5.27108,11263699.581218,0
GLW.US,D,20020326,000000,5.32304,5.51738,5.30077,5.41268,8514540.2430438,0
GLW.US,D,20020327,000000,5.37538,5.4951,5.31551,5.43544,3793496.633303,0
GLW.US,D,20020328,000000,5.43544,5.72627,5.38281,5.68897,7992572.2925214,0
GLW.US,D,20020401,000000,5.59199,5.93566,5.59199,5.80869,10031701.336602,0
GLW.US,D,20020402,000000,5.59942,5.9131,5.46523,5.50244,6242085.5287442,0
GLW.US,D,20020403,000000,5.55449,5.56231,5.23338,5.27108,8980527.0305242,0
GLW.US,D,20020404,000000,5.24862,5.37538,5.17392,5.22635,7989759.4620469,0
GLW.US,D,20020405,000000,5.24862,5.30077,5.00222,5.06942,6846698.6778231,0
GLW.US,D,20020408,000000,5.00222,5.29364,4.92742,5.2413,8583657.846624,0
GLW.US,D,20020409,000000,5.37538,5.58437,5.19647,5.19647,10331595.962767,0
GLW.US,D,20020410,000000,5.20369,5.36786,5.01697,5.14413,6234857.3633564,0
GLW.US,D,20020411,000000,5.07683,5.14413,4.89001,4.93523,10104836.97687,0
GLW.US,D,20020412,000000,5.02459,5.18915,5.00974,5.11414,5439244.1165614,0
GLW.US,D,20020415,000000,5.3456,5.37538,5.07683,5.0991,11564260.808272,0
GLW.US,D,20020416,000000,5.28593,5.59199,5.21111,5.55449,10456832.964597,0
GLW.US,D,20020417,000000,5.63711,5.74102,5.50977,5.70372,8564098.0767932,0
GLW.US,D,20020418,000000,5.68897,5.68897,5.45761,5.55449,4910435.0592313,0
GLW.US,D,20020419,000000,5.50977,5.62919,5.45029,5.53964,4638406.6029003,0
GLW.US,D,20020422,000000,5.30077,5.36786,5.15917,5.22635,6990421.3107257,0
GLW.US,D,20020423,000000,5.22635,5.30077,5.04675,5.07683,6607480.0919204,0
GLW.US,D,20020424,000000,5.07683,5.21111,4.86023,4.92742,7335990.8972662,0
GLW.US,D,20020425,000000,4.89762,5.13671,4.88308,5.0991,8905253.352385,0
GLW.US,D,20020426,000000,5.11414,5.11414,4.75603,4.77057,10433528.556598,0
GLW.US,D,20020429,000000,5.18114,5.29364,4.91248,4.97966,17884973.498885,0
GLW.US,D,20020430,000000,5.15155,5.20369,4.97966,4.9947,13808727.500963,0
GLW.US,D,20020501,000000,5.18114,5.20369,4.92,5.03191,12982032.835812,0
GLW.US,D,20020502,000000,5.0991,5.18114,4.85299,5.00222,12048461.876234,0
GLW.US,D,20020503,000000,5.01697,5.03963,4.89001,5.00222,7708616.6977237,0
GLW.US,D,20020506,000000,5.07683,5.07683,4.47974,4.88308,6883532.7287266,0
GLW.US,D,20020507,000000,4.89001,4.89762,4.66598,4.67359,10533711.195104,0
GLW.US,D,20020508,000000,4.86023,5.12928,4.86023,5.0618,17520248.60849,0
GLW.US,D,20020509,000000,5.04675,5.04675,4.89001,4.93523,6977293.0619034,0
GLW.US,D,20020510,000000,4.9947,4.9947,4.75603,4.76364,11494343.48842,0
GLW.US,D,20020513,000000,4.59167,4.70339,4.40504,4.55407,19084550.979583,0
GLW.US,D,20020514,000000,4.66598,4.8154,4.47974,4.8154,10417586.453337,0
GLW.US,D,20020515,000000,4.7408,4.7408,4.61403,4.65143,7297009.5928114,0
GLW.US,D,20020516,000000,4.64352,4.69587,4.60651,4.65143,5337577.7534995,0
GLW.US,D,20020517,000000,4.65856,4.75603,4.56207,4.65143,5241946.6371858,0
GLW.US,D,20020520,000000,4.58395,4.61403,4.33042,4.47974,5429868.6976225,0
GLW.US,D,20020521,000000,4.49429,4.62125,4.35278,4.39742,7275979.4099619,0
GLW.US,D,20020522,000000,4.30738,4.39742,4.27798,4.38258,6921979.5237138,0
GLW.US,D,20020523,000000,4.38258,4.3899,3.99438,4.21831,14621218.754569,0
GLW.US,D,20020524,000000,4.29292,4.29292,4.0391,4.16635,7567844.1065383,0
GLW.US,D,20020528,000000,4.10648,4.15825,4.00141,4.03188,5314403.3889925,0
GLW.US,D,20020529,000000,4.01674,4.06137,3.8602,3.97924,7438587.0200917,0
GLW.US,D,20020530,000000,3.90453,3.97924,3.62073,3.80755,17504582.975643,0
GLW.US,D,20020531,000000,3.66595,3.72532,3.55393,3.58362,12261830.478398,0
GLW.US,D,20020603,000000,3.58362,3.58362,3.32228,3.34503,11224056.795699,0
GLW.US,D,20020604,000000,3.34503,3.4344,3.29992,3.37482,8110306.7064779,0
GLW.US,D,20020605,000000,3.53147,3.56859,3.41194,3.46399,7575882.2278436,0
GLW.US,D,20020606,000000,3.46399,3.49406,3.27755,3.33,7410733.1378312,0
GLW.US,D,20020607,000000,3.27003,3.44954,3.21037,3.34503,8800373.7887299,0
GLW.US,D,20020610,000000,3.34503,3.34503,2.95654,2.96426,12704646.997229,0
GLW.US,D,20020611,000000,2.98643,3.12804,2.9043,2.91202,9329975.3945811,0
GLW.US,D,20020612,000000,2.91202,2.98643,2.81456,2.88946,9699255.9030253,0
GLW.US,D,20020613,000000,2.97139,3.05352,2.88134,2.94874,9085533.5657768,0
GLW.US,D,20020614,000000,2.91202,2.9416,2.83711,2.9043,8405646.7385586,0
GLW.US,D,20020617,000000,2.98643,3.15783,2.95654,3.11359,8421320.5631217,0
GLW.US,D,20020618,000000,3.15783,3.17325,3.03888,3.11359,6067157.5777806,0
GLW.US,D,20020619,000000,3.18791,3.18791,2.94874,2.96426,6739550.0088417,0
GLW.US,D,20020620,000000,2.96426,3.02384,2.89648,2.91202,10915585.442902,0
GLW.US,D,20020621,000000,2.83711,2.9416,2.78486,2.89648,13994371.240393,0
GLW.US,D,20020624,000000,2.85957,2.88946,2.66523,2.79971,15713778.633742,0
GLW.US,D,20020625,000000,2.83711,2.87452,2.76249,2.8295,23562230.995135,0
GLW.US,D,20020626,000000,2.6206,2.65048,2.0906,2.41142,23391854.566363,0
GLW.US,D,20020627,000000,2.72519,2.72519,2.30682,2.35164,11222706.186527,0
GLW.US,D,20020628,000000,2.42625,2.88946,2.38924,2.65048,11715345.745913,0
GLW.US,D,20020701,000000,2.65048,2.74003,2.54589,2.57607,7372288.390773,0
GLW.US,D,20020702,000000,2.50087,2.67275,2.38924,2.65048,9443296.5215533,0
GLW.US,D,20020703,000000,2.48622,2.65791,2.4039,2.65048,12329202.222511,0
GLW.US,D,20020705,000000,2.68769,2.74725,2.6206,2.68769,3200406.1567142,0
GLW.US,D,20020708,000000,2.76249,2.9791,2.68769,2.83711,5444731.5423035,0
GLW.US,D,20020709,000000,2.88946,2.91202,2.78486,2.79971,6907242.6266659,0
GLW.US,D,20020710,000000,2.82218,2.88946,2.66523,2.74725,6175516.5727981,0
GLW.US,D,20020711,000000,2.68769,2.96426,2.65791,2.83711,10875802.374246,0
GLW.US,D,20020712,000000,2.83711,2.89648,2.73251,2.77724,8848588.1810585,0
GLW.US,D,20020715,000000,2.76249,2.98643,2.68769,2.91934,6386611.9737773,0
GLW.US,D,20020716,000000,2.91934,3.12071,2.82218,2.98643,15248329.427623,0
GLW.US,D,20020717,000000,3.09825,3.16553,2.99376,3.07579,12614367.11938,0
GLW.US,D,20020718,000000,3.06114,3.35988,2.91934,3.01632,5922503.1371853,0
GLW.US,D,20020719,000000,2.94874,2.94874,2.54589,2.68769,10646623.760241,0
GLW.US,D,20020722,000000,2.61309,2.76249,2.44872,2.44872,12058242.785114,0
GLW.US,D,20020723,000000,2.61309,2.61309,2.32195,2.36639,15901563.482936,0
GLW.US,D,20020724,000000,2.32947,2.67275,2.21765,2.47118,13368722.788642,0
GLW.US,D,20020725,000000,2.42625,2.52342,2.23963,2.27723,10591308.174122,0
GLW.US,D,20020726,000000,2.27723,2.32195,2.01589,2.18016,12603651.330913,0
GLW.US,D,20020729,000000,2.29969,2.38153,2.24754,2.35164,14599918.245092,0
GLW.US,D,20020730,000000,1.86628,1.94841,1.75446,1.8442,49091123.018935,0
GLW.US,D,20020731,000000,1.73971,1.79938,1.19437,1.19437,327827770.44609,0
GLW.US,D,20020801,000000,1.17953,1.21713,1.11996,1.16439,130224857.82042,0
GLW.US,D,20020802,000000,1.15727,1.28423,1.15727,1.27651,86606599.76835,0
GLW.US,D,20020805,000000,1.27651,1.3064,1.16439,1.20932,43650542.628705,0
GLW.US,D,20020806,000000,1.24681,1.25433,1.14974,1.19437,36325401.659255,0
GLW.US,D,20020807,000000,1.23207,1.23207,1.14252,1.19437,19639071.785445,0
GLW.US,D,20020808,000000,1.20199,1.20932,1.15727,1.17211,15693819.517757,0
GLW.US,D,20020809,000000,1.17211,1.17953,1.14252,1.14974,20582293.61041,0
GLW.US,D,20020812,000000,1.16439,1.18705,1.14252,1.18705,17143874.074007,0
GLW.US,D,20020813,000000,1.18705,1.19437,1.16439,1.17211,26371659.859669,0
GLW.US,D,20020814,000000,1.17953,1.17953,1.1347,1.15727,18225856.39992,0
GLW.US,D,20020815,000000,1.18705,1.18705,1.16439,1.17211,14989957.585795,0
GLW.US,D,20020816,000000,1.17953,1.20932,1.17211,1.18705,18148837.886278,0
GLW.US,D,20020819,000000,1.20199,1.21713,1.17953,1.20932,40516303.009889,0
GLW.US,D,20020820,000000,1.21713,1.35131,1.20199,1.33638,55832138.320973,0
GLW.US,D,20020821,000000,1.35131,1.36616,1.26167,1.32925,27048866.971796,0
GLW.US,D,20020822,000000,1.32925,1.56772,1.3064,1.49332,39928169.545433,0
GLW.US,D,20020823,000000,1.52271,1.53062,1.46333,1.46333,20520413.387899,0
GLW.US,D,20020826,000000,1.53062,1.67974,1.47818,1.65729,26399247.51116,0
GLW.US,D,20020827,000000,1.71003,1.73971,1.61246,1.71003,21984660.092084,0
GLW.US,D,20020828,000000,1.63511,1.65015,1.44078,1.45591,30013530.902077,0
GLW.US,D,20020829,000000,1.4188,1.54547,1.3813,1.54547,14963171.698505,0
GLW.US,D,20020830,000000,1.53795,1.55298,1.47818,1.49332,9927896.9356689,0
GLW.US,D,20020903,000000,1.4188,1.53062,1.34389,1.44858,13033603.783762,0
GLW.US,D,20020904,000000,1.50796,1.56772,1.44858,1.55298,9376591.3783292,0
GLW.US,D,20020905,000000,1.51598,1.54547,1.46333,1.53062,14484594.243563,0
GLW.US,D,20020906,000000,1.56772,1.62741,1.55298,1.57515,13414399.796945,0
GLW.US,D,20020909,000000,1.58286,1.61246,1.50796,1.56772,7655975.7068724,0
GLW.US,D,20020910,000000,1.59761,1.62037,1.56772,1.59761,7123560.2465823,0
GLW.US,D,20020911,000000,1.60523,1.67974,1.59761,1.60523,10560906.668192,0
GLW.US,D,20020912,000000,1.60523,1.61246,1.50796,1.55298,10955088.969251,0
GLW.US,D,20020913,000000,1.53062,1.53062,1.46333,1.50074,8757777.889599,0
GLW.US,D,20020916,000000,1.50074,1.51598,1.38882,1.46333,9907271.2187962,0
GLW.US,D,20020917,000000,1.51598,1.51598,1.34389,1.38882,8792741.1573657,0
GLW.US,D,20020918,000000,1.3813,1.40366,1.3064,1.32124,12209188.463582,0
GLW.US,D,20020919,000000,1.3064,1.31411,1.23207,1.26938,10356773.201832,0
GLW.US,D,20020920,000000,1.34389,1.40366,1.26938,1.37378,9469142.4094344,0
GLW.US,D,20020923,000000,1.31411,1.33638,1.28423,1.3064,10082734.703192,0
GLW.US,D,20020924,000000,1.28423,1.35873,1.25433,1.25433,8877924.7639116,0
GLW.US,D,20020925,000000,1.27651,1.32925,1.23929,1.26167,10113404.48782,0
GLW.US,D,20020926,000000,1.28423,1.3064,1.23207,1.23207,5252125.8682554,0
GLW.US,D,20020927,000000,1.21713,1.23207,1.06781,1.09008,20586578.901833,0
GLW.US,D,20020930,000000,1.09008,1.26938,1.01566,1.19437,13373417.665863,0
GLW.US,D,20021001,000000,1.18705,1.24681,1.0977,1.19437,17552931.507321,0
GLW.US,D,20021002,000000,1.22436,1.24681,1.04524,1.17953,7445688.2138818,0
GLW.US,D,20021003,000000,1.10473,1.16439,1.01566,1.01566,13009626.631089,0
GLW.US,D,20021004,000000,1.04524,1.08266,0.970541,0.992908,8043334.3085198,0
GLW.US,D,20021007,000000,1.08266,1.08266,0.948177,0.992908,6985333.2311376,0
GLW.US,D,20021008,000000,1.03011,1.03772,0.821122,0.821122,18925428.944602,0
GLW.US,D,20021009,000000,0.843779,1.02269,0.843779,0.918391,16999351.724831,0
GLW.US,D,20021010,000000,0.992908,1.0599,0.925814,1.00043,10070006.824488,0
GLW.US,D,20021011,000000,1.07494,1.14252,1.03772,1.10473,10781908.925685,0
GLW.US,D,20021014,000000,1.10473,1.10473,1.02269,1.08266,6084171.7718709,0
GLW.US,D,20021015,000000,1.15727,1.23207,1.10473,1.23207,13981779.548966,0
GLW.US,D,20021016,000000,1.15727,1.18705,1.11996,1.1347,5715964.37822,0
GLW.US,D,20021017,000000,1.22436,1.25433,1.19437,1.20199,7745714.9314676,0
GLW.US,D,20021018,000000,1.20199,1.20199,1.11996,1.15727,10626135.254612,0
GLW.US,D,20021021,000000,1.18705,1.23929,1.15727,1.23207,8306133.772835,0
GLW.US,D,20021022,000000,1.23207,1.26938,1.17211,1.20199,8094367.6751101,0
GLW.US,D,20021023,000000,1.20932,1.3064,1.17953,1.27651,31850676.805241,0
GLW.US,D,20021024,000000,1.34389,1.56772,1.32124,1.49332,25169930.005596,0
GLW.US,D,20021025,000000,1.53062,1.53062,1.44078,1.47066,11790890.774643,0
GLW.US,D,20021028,000000,1.52271,1.56772,1.49332,1.50796,10392003.724332,0
GLW.US,D,20021029,000000,1.52271,1.54547,1.3813,1.40366,7459615.1550121,0
GLW.US,D,20021030,000000,1.32925,1.56772,1.26167,1.50796,13869127.070811,0
GLW.US,D,20021031,000000,1.50074,1.59761,1.39614,1.39614,16081986.027393,0
GLW.US,D,20021101,000000,1.4188,1.54547,1.40366,1.53795,10961392.494697,0
GLW.US,D,20021104,000000,1.59761,1.72467,1.58286,1.60523,17781035.982568,0
GLW.US,D,20021105,000000,1.63511,1.73199,1.61246,1.72467,8859974.6662707,0
GLW.US,D,20021106,000000,1.8442,2.11296,1.79195,2.09782,25701947.143697,0
GLW.US,D,20021107,000000,2.0906,2.0906,1.86628,1.95641,15246452.500699,0
GLW.US,D,20021108,000000,1.96315,1.99322,1.73199,1.79195,11401253.851989,0
GLW.US,D,20021111,000000,1.79195,1.79195,1.61246,1.61246,8402434.56193,0
GLW.US,D,20021112,000000,2.01589,2.01589,1.8738,1.93356,19563930.198726,0
GLW.US,D,20021113,000000,2.03826,2.19499,1.9862,2.19499,35255745.817962,0
GLW.US,D,20021114,000000,2.23963,2.57607,2.23963,2.5163,33066470.811686,0
GLW.US,D,20021115,000000,2.5163,2.54589,2.31453,2.53114,16254632.585456,0
GLW.US,D,20021118,000000,2.61309,2.91202,2.60557,2.83711,26993412.126506,0
GLW.US,D,20021119,000000,2.83711,3.12071,2.76249,2.94874,28042178.068086,0
GLW.US,D,20021120,000000,3.00128,3.28507,2.99376,3.1505,27867246.021264,0
GLW.US,D,20021121,000000,3.35988,3.47161,3.24738,3.3969,37633743.62491,0
GLW.US,D,20021122,000000,3.28507,3.3969,3.06114,3.06856,27963417.790833,0
GLW.US,D,20021125,000000,3.07579,3.16553,2.8295,3.06114,25506123.149234,0
GLW.US,D,20021126,000000,3.02384,3.09103,2.79971,2.79971,21085781.049682,0
GLW.US,D,20021127,000000,2.87452,3.10577,2.76249,3.07579,20303689.254076,0
GLW.US,D,20021129,000000,3.1505,3.33712,3.09825,3.30764,12522217.482357,0
GLW.US,D,20021202,000000,3.52385,3.73333,3.4344,3.72532,27998918.63996,0
GLW.US,D,20021203,000000,3.72532,3.72532,3.33,3.35988,18736709.215822,0
GLW.US,D,20021204,000000,2.98643,3.18791,2.87452,3.15783,26277094.690397,0
GLW.US,D,20021205,000000,3.20285,3.27755,2.87452,2.94874,18561243.683499,0
GLW.US,D,20021206,000000,2.80732,2.96426,2.68769,2.87452,13100439.994442,0
GLW.US,D,20021209,000000,2.76249,2.80732,2.48622,2.5163,16161945.367072,0
GLW.US,D,20021210,000000,2.57607,2.79971,2.57607,2.79971,10709986.683346,0
GLW.US,D,20021211,000000,2.79971,3.09103,2.70283,2.98643,13802297.003918,0
GLW.US,D,20021212,000000,2.98643,3.09825,2.87452,2.91934,9050709.5571818,0
GLW.US,D,20021213,000000,2.80732,2.8666,2.68769,2.80732,6109082.7801658,0
GLW.US,D,20021216,000000,2.80732,2.96426,2.79971,2.91202,7384875.9863405,0
GLW.US,D,20021217,000000,2.87452,2.89648,2.76249,2.78486,7235531.7883468,0
GLW.US,D,20021218,000000,2.72519,2.85957,2.65048,2.68047,9919191.1895113,0
GLW.US,D,20021219,000000,2.62802,2.73251,2.39648,2.50087,12426980.592374,0
GLW.US,D,20021220,000000,2.59805,2.61309,2.38924,2.42625,12989268.16895,0
GLW.US,D,20021223,000000,2.42625,2.53846,2.32947,2.50087,10722843.581575,0
GLW.US,D,20021224,000000,2.46366,2.49355,2.4039,2.42625,4328459.7172629,0
GLW.US,D,20021226,000000,2.42625,2.49355,2.32195,2.32947,7488548.2958531,0
GLW.US,D,20021227,000000,2.4787,2.4787,2.35926,2.4039,9388915.8150208,0
GLW.US,D,20021230,000000,2.39648,2.41874,2.31453,2.32195,9662021.4820032,0
GLW.US,D,20021231,000000,2.31453,2.57607,2.31453,2.47118,12394969.414255,0
GLW.US,D,20030102,000000,2.56093,2.82218,2.49355,2.79971,12731562.92801,0
GLW.US,D,20030103,000000,2.82218,2.97139,2.70283,2.84434,10878886.555313,0
GLW.US,D,20030106,000000,2.9043,3.02384,2.87452,2.94874,12707191.549005,0
GLW.US,D,20030107,000000,2.98643,3.05352,2.9416,2.99376,13187901.921994,0
GLW.US,D,20030108,000000,2.98643,2.99376,2.75497,2.81456,11623868.853564,0
GLW.US,D,20030109,000000,2.85957,3.17325,2.85957,3.17325,20119387.932104,0
GLW.US,D,20030110,000000,3.03107,3.53147,3.03107,3.36672,28768675.759229,0
GLW.US,D,20030113,000000,3.3969,3.53147,3.33712,3.44182,16118147.333621,0
GLW.US,D,20030114,000000,3.4344,3.58362,3.37482,3.52385,11829732.819926,0
GLW.US,D,20030115,000000,3.52385,3.53879,3.37482,3.51643,10811510.715342,0
GLW.US,D,20030116,000000,3.5092,3.53879,3.09825,3.09825,16218337.139878,0
GLW.US,D,20030117,000000,2.91202,3.35988,2.91202,3.20285,17742859.514207,0
GLW.US,D,20030121,000000,3.20285,3.4344,3.0089,3.06114,11866167.524676,0
GLW.US,D,20030122,000000,3.06114,3.22521,3.02384,3.03888,11634179.15209,0
GLW.US,D,20030123,000000,3.28507,3.29992,2.53846,3.2551,11315264.385384,0
GLW.US,D,20030124,000000,3.07579,3.10577,2.9043,2.98643,17590967.692545,0
GLW.US,D,20030127,000000,2.87452,3.01632,2.87452,2.9416,10719627.309089,0
GLW.US,D,20030128,000000,2.9791,3.12804,2.95654,3.10577,8896947.9763458,0
GLW.US,D,20030129,000000,3.09825,3.27755,2.99376,3.24738,9842308.8631466,0
GLW.US,D,20030130,000000,3.21779,3.24025,3.07579,3.08341,6334770.6991985,0
GLW.US,D,20030131,000000,3.02384,3.11359,3.00128,3.0462,11710525.945023,0
GLW.US,D,20030203,000000,3.0089,3.19553,3.00128,3.06114,8958289.5935322,0
GLW.US,D,20030204,000000,3.01632,3.05352,2.94874,3.00128,6416879.3403584,0
GLW.US,D,20030205,000000,3.0462,3.15783,3.00128,3.01632,9535045.788457,0
GLW.US,D,20030206,000000,3.01632,3.1505,3.00128,3.13594,6852990.9396601,0
GLW.US,D,20030207,000000,3.32228,3.47161,3.24738,3.41194,24348463.703169,0
GLW.US,D,20030210,000000,3.5092,4.04653,3.47893,4.03188,38321802.712783,0
GLW.US,D,20030211,000000,4.17329,4.21831,3.84516,3.98676,29543262.919032,0
GLW.US,D,20030212,000000,3.80755,3.95688,3.67328,3.69583,17380280.8534,0
GLW.US,D,20030213,000000,3.69583,3.83744,3.62073,3.77016,15848253.843267,0
GLW.US,D,20030214,000000,3.80755,3.89017,3.77768,3.86712,13050885.232586,0
GLW.US,D,20030218,000000,3.95688,3.99438,3.88226,3.91976,17759605.4296,0
GLW.US,D,20030219,000000,3.98676,3.99438,3.87504,3.89017,11615827.660367,0
GLW.US,D,20030220,000000,3.95688,3.95688,3.7853,3.83744,11839511.680877,0
GLW.US,D,20030221,000000,3.77768,3.82269,3.62073,3.72532,12861750.798184,0
GLW.US,D,20030224,000000,3.65853,3.72532,3.62073,3.65101,9310696.1910224,0
GLW.US,D,20030225,000000,3.62835,3.68812,3.38957,3.6137,12089448.103175,0
GLW.US,D,20030226,000000,3.65101,3.72532,3.46399,3.53879,7627849.4500555,0
GLW.US,D,20030227,000000,3.58362,3.69583,3.54641,3.58362,8016816.6999284,0
GLW.US,D,20030228,000000,3.60588,3.72532,3.59876,3.67328,8878733.6958646,0
GLW.US,D,20030303,000000,3.58362,3.89017,3.58362,3.80755,11808706.732934,0
GLW.US,D,20030304,000000,3.86712,3.86712,3.71819,3.74798,9264210.2507655,0
GLW.US,D,20030305,000000,3.81507,4.03188,3.79974,4.01674,18881363.656418,0
GLW.US,D,20030306,000000,3.97182,4.18091,3.91204,4.10648,19268726.353924,0
GLW.US,D,20030307,000000,3.9348,4.35278,3.91976,4.32271,20542911.935837,0
GLW.US,D,20030310,000000,4.32271,4.47222,4.11362,4.12856,17162754.955377,0
GLW.US,D,20030311,000000,4.24809,4.2854,4.06137,4.08373,12733844.320909,0
GLW.US,D,20030312,000000,4.10648,4.15825,3.97924,4.05385,17684461.794951,0
GLW.US,D,20030313,000000,4.1436,4.27798,4.09155,4.25581,18936013.665614,0
GLW.US,D,20030314,000000,4.48707,4.52429,4.35278,4.39742,30378253.744542,0
GLW.US,D,20030317,000000,4.33042,4.40504,4.06889,4.33042,23771981.93073,0
GLW.US,D,20030318,000000,4.40504,4.49429,4.3899,4.47974,21506890.545131,0
GLW.US,D,20030319,000000,4.54713,4.70339,4.51715,4.66598,28431678.803462,0
GLW.US,D,20030320,000000,4.59879,4.62125,4.49429,4.59167,20135593.19424,0
GLW.US,D,20030321,000000,4.69587,4.77849,4.55407,4.5689,18972846.692553,0
GLW.US,D,20030324,000000,4.47974,4.51715,4.34507,4.40504,11829596.632647,0
GLW.US,D,20030325,000000,4.3899,4.47974,4.34507,4.39742,11401790.409385,0
GLW.US,D,20030326,000000,4.4646,4.50201,4.40504,4.47974,9996069.420018,0
GLW.US,D,20030327,000000,4.31547,4.54713,4.31547,4.49429,12847427.582794,0
GLW.US,D,20030328,000000,4.53198,4.58395,4.44976,4.47974,13432616.125355,0
GLW.US,D,20030331,000000,4.37534,4.4646,4.34507,4.36001,10151040.302925,0
GLW.US,D,20030401,000000,4.41246,4.42749,4.30738,4.37534,10924018.814504,0
GLW.US,D,20030402,000000,4.44224,4.47222,4.40504,4.40504,11327851.980952,0
GLW.US,D,20030403,000000,4.40504,4.44224,4.36773,4.36773,7465375.9792749,0
GLW.US,D,20030404,000000,4.40504,4.40504,4.18843,4.29292,7261248.6567012,0
GLW.US,D,20030407,000000,4.40504,4.55407,4.35278,4.36773,11692842.07815,0
GLW.US,D,20030408,000000,4.36773,4.36773,4.25581,4.29292,9210506.3847659,0
GLW.US,D,20030409,000000,4.3899,4.3899,4.1436,4.1436,7356887.9647308,0
GLW.US,D,20030410,000000,4.1436,4.33042,4.11362,4.33042,6686774.8786412,0
GLW.US,D,20030411,000000,4.33042,4.37534,4.22573,4.24057,6462958.7667098,0
GLW.US,D,20030414,000000,4.24057,4.33756,4.20318,4.33042,5443662.5233681,0
GLW.US,D,20030415,000000,4.36773,4.47974,4.36001,4.4646,12491138.11193,0
GLW.US,D,20030416,000000,4.47974,4.51715,4.31547,4.33042,7717990.0687336,0
GLW.US,D,20030417,000000,4.33756,4.47974,4.31547,4.47974,12902340.750865,0
GLW.US,D,20030421,000000,4.47974,4.57692,4.44976,4.56207,15640376.762703,0
GLW.US,D,20030422,000000,4.49429,4.66598,4.47222,4.6363,20721994.110767,0
GLW.US,D,20030423,000000,4.55407,4.59167,4.29292,4.3899,19301005.810742,0
GLW.US,D,20030424,000000,4.37534,4.50201,4.31547,4.34507,13227014.293905,0
GLW.US,D,20030425,000000,4.30738,4.33042,4.2107,4.2854,7642715.3666301,0
GLW.US,D,20030428,000000,4.47974,4.47974,4.22573,4.23325,8682233.8848325,0
GLW.US,D,20030429,000000,4.02416,4.09155,3.99438,4.04653,29836993.278923,0
GLW.US,D,20030430,000000,4.00942,4.04653,3.9348,4.04653,18056952.432096,0
GLW.US,D,20030501,000000,4.12133,4.12133,3.97182,4.06137,7750675.0154934,0
GLW.US,D,20030502,000000,4.05385,4.06889,3.99438,4.05385,12718436.727117,0
GLW.US,D,20030505,000000,4.10648,4.2107,4.08373,4.19575,18417256.867755,0
GLW.US,D,20030506,000000,4.20318,4.34507,4.17329,4.25581,19915396.796808,0
GLW.US,D,20030507,000000,4.30054,4.44976,4.30054,4.40504,24929906.583599,0
GLW.US,D,20030508,000000,4.40504,4.44224,4.26294,4.30738,10582332.101338,0
GLW.US,D,20030509,000000,4.33042,4.40504,4.30738,4.40504,7236070.3936725,0
GLW.US,D,20030512,000000,4.33756,4.4646,4.33756,4.4646,10168049.377193,0
GLW.US,D,20030513,000000,4.47974,4.66598,4.45728,4.59167,21338928.624644,0
GLW.US,D,20030514,000000,4.64352,4.94226,4.5689,4.67359,14990222.7926,0
GLW.US,D,20030515,000000,4.66598,4.70339,4.59167,4.6363,11134575.610157,0
GLW.US,D,20030516,000000,4.62868,4.69587,4.48707,4.69587,10993000.230806,0
GLW.US,D,20030519,000000,4.55407,4.62125,4.47974,4.48707,9683453.0589357,0
GLW.US,D,20030520,000000,4.47974,4.55407,4.33756,4.4646,10862542.034004,0
GLW.US,D,20030521,000000,4.36773,4.4646,4.27046,4.27798,8747200.33634,0
GLW.US,D,20030522,000000,4.27046,4.52429,4.26294,4.47974,13595091.644065,0
GLW.US,D,20030523,000000,4.47222,4.59167,4.42749,4.49429,9299577.9845087,0
GLW.US,D,20030527,000000,4.51715,4.80036,4.48707,4.80036,14310333.917453,0
GLW.US,D,20030528,000000,4.85299,4.86023,4.66598,4.70339,14233855.033099,0
GLW.US,D,20030529,000000,4.7408,5.15155,4.7408,5.10671,24521917.145256,0
GLW.US,D,20030530,000000,5.10671,5.48731,5.07683,5.45761,29978308.571292,0
GLW.US,D,20030602,000000,5.61426,5.89024,5.43544,5.45761,26403000.341042,0
GLW.US,D,20030603,000000,5.47236,5.47236,5.15155,5.24862,20497240.047356,0
GLW.US,D,20030604,000000,5.28593,5.78594,5.27831,5.75606,21652620.14845,0
GLW.US,D,20030605,000000,5.71161,5.98029,5.59199,5.89835,18637994.942407,0
GLW.US,D,20030606,000000,6.18185,6.3385,5.83116,5.86056,26384649.873284,0
GLW.US,D,20030609,000000,5.78594,5.8459,5.5247,5.74913,12228082.65649,0
GLW.US,D,20030610,000000,5.75606,5.90538,5.63711,5.74913,8462441.9533762,0
GLW.US,D,20030611,000000,5.80869,5.94259,5.71161,5.89835,12136191.058521,0
GLW.US,D,20030612,000000,5.97257,6.01027,5.78594,5.8459,10393204.834687,0
GLW.US,D,20030613,000000,5.86846,5.93566,5.64413,5.67412,11402999.711457,0
GLW.US,D,20030616,000000,5.74913,5.80869,5.59942,5.79366,9576298.2461673,0
GLW.US,D,20030617,000000,5.82344,5.93566,5.80078,5.90538,12179053.188422,0
GLW.US,D,20030618,000000,5.8754,5.9506,5.77912,5.93566,8177682.546448,0
GLW.US,D,20030619,000000,5.9506,6.09973,5.90538,5.98761,12582754.263448,0
GLW.US,D,20030620,000000,6.08507,6.08507,5.86056,5.89835,22212494.240703,0
GLW.US,D,20030623,000000,5.86056,5.90538,5.33808,5.45029,23380202.874347,0
GLW.US,D,20030624,000000,5.53964,5.6666,5.15155,5.32304,20063001.27912,0
GLW.US,D,20030625,000000,5.3456,5.59942,5.3456,5.48017,12318485.41008,0
GLW.US,D,20030626,000000,5.59199,5.64413,5.50244,5.59199,8277058.300929,0
GLW.US,D,20030627,000000,5.59942,5.68897,5.56973,5.59942,7525112.0201292,0
GLW.US,D,20030630,000000,5.59942,5.68897,5.4201,5.51738,8276798.2139466,0
GLW.US,D,20030701,000000,5.50977,5.56973,5.36034,5.56973,10511615.065212,0
GLW.US,D,20030702,000000,5.59942,5.82344,5.58437,5.79366,19393557.865812,0
GLW.US,D,20030703,000000,5.62197,5.8459,5.61426,5.72627,4340516.8992207,0
GLW.US,D,20030707,000000,5.82344,5.90538,5.76387,5.90538,9029549.3308412,0
GLW.US,D,20030708,000000,5.96554,6.26379,5.9131,6.24143,15331509.135647,0
GLW.US,D,20030709,000000,6.21194,6.60735,6.13694,6.52533,20073849.159007,0
GLW.US,D,20030710,000000,6.30842,6.4508,6.12199,6.24143,13680273.202682,0
GLW.US,D,20030711,000000,6.27141,6.42053,6.27141,6.34612,10807624.770074,0
GLW.US,D,20030714,000000,6.49554,6.51048,6.20412,6.26379,8932174.4029883,0
GLW.US,D,20030715,000000,6.24904,6.31654,6.12199,6.30158,9680372.9737272,0
GLW.US,D,20030716,000000,6.30158,6.30842,6.06212,6.12199,10875269.912707,0
GLW.US,D,20030717,000000,5.82344,6.01749,5.59942,5.62197,13075528.986148,0
GLW.US,D,20030718,000000,5.74913,5.86056,5.63711,5.70372,10358383.897987,0
GLW.US,D,20030721,000000,5.71895,6.3758,5.60722,5.60722,8665494.1132276,0
GLW.US,D,20030722,000000,6.15939,6.15939,5.85342,6.14426,33209915.95021,0
GLW.US,D,20030723,000000,6.33128,6.54027,6.2341,6.4805,24819407.502781,0
GLW.US,D,20030724,000000,6.13694,6.17413,6.01749,6.01749,32024534.713305,0
GLW.US,D,20030725,000000,6.04719,6.13694,5.99523,6.06212,13920965.273496,0
GLW.US,D,20030728,000000,6.12199,6.12199,5.99523,6.01027,9074285.3157719,0
GLW.US,D,20030729,000000,6.01027,6.04005,5.82344,5.9131,8848191.9067981,0
GLW.US,D,20030730,000000,5.94259,6.01027,5.86056,5.97257,9295155.4818442,0
GLW.US,D,20030731,000000,6.08507,6.15939,6.01027,6.07717,14656709.364052,0
GLW.US,D,20030801,000000,6.0252,6.12199,6.01027,6.10685,7276521.0871812,0
GLW.US,D,20030804,000000,6.03254,6.08507,5.8459,5.9131,9763285.4270176,0
GLW.US,D,20030805,000000,5.82344,5.85342,5.59199,5.61426,13095886.424321,0
GLW.US,D,20030806,000000,5.48731,5.61426,5.33808,5.4201,14957543.989627,0
GLW.US,D,20030807,000000,5.41268,5.4951,5.38281,5.48017,10700335.817957,0
GLW.US,D,20030808,000000,5.48731,5.57685,5.41268,5.50244,6822191.1115402,0
GLW.US,D,20030811,000000,5.50244,5.60722,5.4951,5.56231,5066079.7107782,0
GLW.US,D,20030812,000000,5.53252,5.71161,5.53252,5.69659,5809584.4282606,0
GLW.US,D,20030813,000000,5.74102,5.89024,5.71895,5.89024,7672454.3675305,0
GLW.US,D,20030814,000000,5.89835,5.9506,5.78594,5.94259,8240900.0665937,0
GLW.US,D,20030815,000000,5.94259,5.97257,5.86056,5.96554,4319752.9471407,0
GLW.US,D,20030818,000000,5.98761,6.08507,5.97257,6.07717,7514267.2121364,0
GLW.US,D,20030819,000000,6.11467,6.14426,6.03254,6.12199,9641936.4183851,0
GLW.US,D,20030820,000000,6.12199,6.27141,6.04719,6.25628,10215472.244965,0
GLW.US,D,20030821,000000,6.27873,6.35364,6.1968,6.24143,9882757.5087263,0
GLW.US,D,20030822,000000,6.34612,6.34612,6.03254,6.12971,11619982.908297,0
GLW.US,D,20030825,000000,6.08507,6.09211,5.95752,6.0252,7289778.35553,0
GLW.US,D,20030826,000000,5.98029,6.15217,5.9506,6.12199,9397623.6091075,0
GLW.US,D,20030827,000000,6.12199,6.24904,6.11467,6.24143,6985060.8565813,0
GLW.US,D,20030828,000000,6.28645,6.29368,6.10685,6.15217,5524696.0018055,0
GLW.US,D,20030829,000000,6.08507,6.17413,6.08507,6.15939,7179945.8756008,0
GLW.US,D,20030902,000000,6.15939,6.2341,5.99523,6.18937,8657058.6936974,0
GLW.US,D,20030903,000000,6.2341,6.49554,6.21194,6.43577,15620285.555298,0
GLW.US,D,20030904,000000,6.30842,6.52533,6.30842,6.39064,12700890.071488,0
GLW.US,D,20030905,000000,6.38342,6.61487,6.28645,6.54027,13472124.771527,0
GLW.US,D,20030908,000000,6.56282,6.78647,6.56282,6.74174,16297362.623936,0
GLW.US,D,20030909,000000,6.74174,6.79389,6.58489,6.65218,11562922.486674,0
GLW.US,D,20030910,000000,6.56986,6.56986,6.33128,6.3385,11703960.284664,0
GLW.US,D,20030911,000000,6.3385,6.42053,6.24143,6.36858,9676484.9805302,0
GLW.US,D,20030912,000000,6.38342,6.42053,6.26379,6.41311,6052293.7091351,0
GLW.US,D,20030915,000000,6.42053,6.52533,6.34612,6.51048,7161999.8738179,0
GLW.US,D,20030916,000000,6.51048,6.89858,6.50247,6.89858,14152822.578626,0
GLW.US,D,20030917,000000,6.79389,6.9809,6.77905,6.9809,16055332.231522,0
GLW.US,D,20030918,000000,7.01782,7.2945,6.85405,7.26442,26094794.195052,0
GLW.US,D,20030919,000000,7.22691,7.51081,7.19702,7.46588,34677787.488716,0
GLW.US,D,20030922,000000,7.33932,7.34644,7.14448,7.24214,16678825.238007,0
GLW.US,D,20030923,000000,7.24214,7.39117,7.07739,7.10016,19176441.553587,0
GLW.US,D,20030924,000000,7.10016,7.21949,6.9809,7.04019,18337025.153519,0
GLW.US,D,20030925,000000,7.04019,7.07007,6.73422,6.73422,14251669.967428,0
GLW.US,D,20030926,000000,6.73422,6.8017,6.61487,6.7269,13315015.850748,0
GLW.US,D,20030929,000000,6.88345,7.16734,6.77905,7.16734,19229882.260711,0
GLW.US,D,20030930,000000,7.04019,7.17466,6.75668,7.03295,18732289.785051,0
GLW.US,D,20031001,000000,7.04019,7.10016,6.89858,6.9809,17768708.473982,0
GLW.US,D,20031002,000000,6.92896,7.09253,6.89107,7.09253,14045666.741894,0
GLW.US,D,20031003,000000,7.16734,7.42097,7.16734,7.31637,18518249.462177,0
GLW.US,D,20031006,000000,7.32428,7.63758,7.24214,7.62253,15474551.856124,0
GLW.US,D,20031007,000000,7.48845,7.95174,7.39117,7.92966,21886079.958017,0
GLW.US,D,20031008,000000,7.92966,7.95985,7.61521,7.92195,15336730.33062,0
GLW.US,D,20031009,000000,7.98925,8.15966,7.93728,8.04002,15560681.605865,0
GLW.US,D,20031010,000000,8.04002,8.19804,8.00242,8.17401,22596773.781108,0
GLW.US,D,20031013,000000,8.21191,8.30976,8.18172,8.25087,21782139.369807,0
GLW.US,D,20031014,000000,8.28711,8.33857,8.22734,8.33262,14035618.578279,0
GLW.US,D,20031015,000000,8.39101,8.40732,8.14501,8.17401,27071902.077132,0
GLW.US,D,20031016,000000,8.0244,8.21191,7.97488,8.21191,19794039.596459,0
GLW.US,D,20031017,000000,8.28711,8.30302,8.12362,8.21191,12945335.996149,0
GLW.US,D,20031020,000000,8.21191,8.25087,7.98055,8.05526,17284376.338566,0
GLW.US,D,20031021,000000,8.06346,8.12362,7.99569,8.04744,14141707.444006,0
GLW.US,D,20031022,000000,7.98925,8.01658,7.68962,7.76502,15024244.013029,0
GLW.US,D,20031023,000000,7.63758,7.91462,7.56295,7.91462,19866376.54442,0
GLW.US,D,20031024,000000,7.83787,7.86883,7.68962,7.75769,10190959.55886,0
GLW.US,D,20031027,000000,7.87567,8.07851,7.78738,8.04002,10593585.471165,0
GLW.US,D,20031028,000000,8.18954,8.47461,8.1537,8.39931,20629303.82049,0
GLW.US,D,20031029,000000,8.39101,8.4372,8.33857,8.42305,17928774.604229,0
GLW.US,D,20031030,000000,8.4505,8.49707,8.13915,8.31601,15597649.796118,0
GLW.US,D,20031031,000000,8.31601,8.39101,7.86883,8.19804,8216790.8225005,0
GLW.US,D,20031103,000000,8.21191,8.39931,8.20507,8.39101,10692113.383042,0
GLW.US,D,20031104,000000,8.4372,8.73633,8.38309,8.71388,20155556.406083,0
GLW.US,D,20031105,000000,8.62218,8.81026,8.60772,8.78663,12559316.740066,0
GLW.US,D,20031106,000000,8.78663,9.01018,8.78663,8.96925,12515380.471408,0
GLW.US,D,20031107,000000,9.02433,9.21292,8.92131,8.96066,14810742.29548,0
GLW.US,D,20031110,000000,9.14524,9.18401,8.87774,8.89044,15451390.803155,0
GLW.US,D,20031111,000000,8.89044,8.90441,8.5875,8.62218,10660960.28717,0
GLW.US,D,20031112,000000,8.65381,8.77111,8.64669,8.72784,15107693.023716,0
GLW.US,D,20031113,000000,8.82423,8.85656,8.75,8.77111,12378628.988804,0
GLW.US,D,20031114,000000,8.77111,8.87774,8.21191,8.65381,8812695.1535282,0
GLW.US,D,20031117,000000,8.47461,8.49707,8.10087,8.28711,27535879.846268,0
GLW.US,D,20031118,000000,8.36035,8.44434,7.72781,7.86883,23949855.827552,0
GLW.US,D,20031119,000000,8.01102,8.21191,7.86883,8.16561,16917375.175093,0
GLW.US,D,20031120,000000,8.17401,8.40732,7.98925,8.09315,13919495.884442,0
GLW.US,D,20031121,000000,8.09315,8.30302,8.0244,8.10849,8203530.482258,0
GLW.US,D,20031124,000000,8.2663,8.51055,8.23524,8.48067,11177706.018756,0
GLW.US,D,20031125,000000,8.5875,8.63936,8.51788,8.52578,13259429.938002,0
GLW.US,D,20031126,000000,8.62218,8.63936,8.44434,8.54698,7744780.0518814,0
GLW.US,D,20031128,000000,8.51055,8.5875,8.4505,8.56309,3109860.048095,0
GLW.US,D,20031201,000000,8.65929,8.69835,8.57129,8.62218,9579374.2355177,0
GLW.US,D,20031202,000000,8.55508,8.5875,8.39931,8.42305,13422162.471801,0
GLW.US,D,20031203,000000,8.49707,8.51055,8.21972,8.24305,9246265.2729471,0
GLW.US,D,20031204,000000,8.21972,8.3752,7.97488,8.10087,13518740.755274,0
GLW.US,D,20031205,000000,8.0244,8.06346,7.80955,7.86141,13147590.487657,0
GLW.US,D,20031208,000000,7.86141,7.92966,7.52575,7.80271,15934780.891234,0
GLW.US,D,20031209,000000,7.80271,7.98055,7.35416,7.38385,20079607.93534,0
GLW.US,D,20031210,000000,7.61521,7.68249,7.45094,7.52575,18741398.973221,0
GLW.US,D,20031211,000000,7.55563,7.88299,7.46588,7.83787,14845305.193129,0
GLW.US,D,20031212,000000,7.93728,8.07127,7.84558,8.04744,10219353.07041,0
GLW.US,D,20031215,000000,8.21972,8.36738,8.04002,8.06346,14632873.518479,0
GLW.US,D,20031216,000000,7.94471,8.0244,7.63758,7.64509,17811034.046486,0
GLW.US,D,20031217,000000,7.52575,7.67537,7.37653,7.46588,22040646.374948,0
GLW.US,D,20031218,000000,7.7196,7.99569,7.67537,7.87567,25143541.416533,0
GLW.US,D,20031219,000000,7.92195,7.94471,7.75769,7.78738,15354410.101633,0
GLW.US,D,20031222,000000,7.76502,7.80271,7.68249,7.73503,10681315.677415,0
GLW.US,D,20031223,000000,7.73503,7.87567,7.61521,7.68962,8939807.0343526,0
GLW.US,D,20031224,000000,7.68962,7.68962,7.60749,7.61521,3239378.2454885,0
GLW.US,D,20031226,000000,7.67537,7.74235,7.61521,7.65993,3111469.720285,0
GLW.US,D,20031229,000000,7.65251,7.76502,7.61521,7.76502,9797038.3687483,0
GLW.US,D,20031230,000000,7.74235,7.89128,7.68962,7.7196,8856231.0520679,0
GLW.US,D,20031231,000000,7.72781,7.83787,7.69704,7.78738,8362920.7959366,0
GLW.US,D,20040102,000000,7.86141,7.90603,7.61521,7.66697,11489523.68753,0
GLW.US,D,20040105,000000,7.76502,8.22734,7.73503,8.21972,24179566.903096,0
GLW.US,D,20040106,000000,8.28711,8.62218,8.1537,8.56309,23753632.486934,0
GLW.US,D,20040107,000000,8.51788,8.68204,8.28711,8.52578,19339308.226735,0
GLW.US,D,20040108,000000,8.62218,8.9757,7.96698,8.96925,33247417.625966,0
GLW.US,D,20040109,000000,8.81026,9.13655,8.77843,8.96066,21838533.190541,0
GLW.US,D,20040112,000000,8.99661,9.08655,8.85656,9.04719,17204816.34504,0
GLW.US,D,20040113,000000,8.98889,9.13655,8.92131,9.01018,15543939.786331,0
GLW.US,D,20040114,000000,9.02433,9.1763,9.00441,9.1763,11679045.180512,0
GLW.US,D,20040115,000000,9.15989,9.30208,9.14524,9.27308,13183486.587082,0
GLW.US,D,20040116,000000,9.33138,10.0795,9.27308,10.0101,33457976.469549,0
GLW.US,D,20040120,000000,10.0795,10.3715,10.0267,10.2875,33486506.168377,0
GLW.US,D,20040121,000000,10.1468,10.1556,9.92025,9.99742,17300048.115199,0
GLW.US,D,20040122,000000,9.93007,9.94564,9.5267,9.63217,19128892.738182,0
GLW.US,D,20040123,000000,9.44369,9.90656,9.33138,9.87733,23764343.155578,0
GLW.US,D,20040126,000000,9.77769,10.0502,9.67709,10.018,14164070.828632,0
GLW.US,D,20040127,000000,10.018,10.0706,9.79526,9.96905,21361560.287968,0
GLW.US,D,20040128,000000,9.98958,10.0706,9.56282,9.60776,14700372.23419,0
GLW.US,D,20040129,000000,9.56282,9.67026,9.12512,9.31771,17964001.030872,0
GLW.US,D,20040130,000000,9.40657,9.72788,9.29329,9.64584,12556769.116396,0
GLW.US,D,20040202,000000,9.64584,9.72788,9.36263,9.42318,11073236.0409,0
GLW.US,D,20040203,000000,9.39876,9.41536,9.16858,9.31771,11059837.46545,0
GLW.US,D,20040204,000000,9.10285,9.10979,8.78663,8.95138,15959556.736216,0
GLW.US,D,20040205,000000,9.00441,9.1299,8.82423,8.82423,12454296.893274,0
GLW.US,D,20040206,000000,9.03205,9.47396,9.01018,9.42318,22372153.857045,0
GLW.US,D,20040209,000000,9.56282,9.73667,9.40657,9.48862,15532286.046384,0
GLW.US,D,20040210,000000,9.43685,9.46712,9.2595,9.46712,12332953.004464,0
GLW.US,D,20040211,000000,9.46712,9.63217,9.36263,9.6019,12099360.079511,0
GLW.US,D,20040212,000000,9.55502,9.61655,9.34016,9.44369,10328780.060399,0
GLW.US,D,20040213,000000,9.55502,9.63217,9.21292,9.26623,11710393.853602,0
GLW.US,D,20040217,000000,9.42318,9.67709,9.39876,9.57161,12219235.603232,0
GLW.US,D,20040218,000000,9.65268,9.85381,9.57943,9.84116,17596459.214144,0
GLW.US,D,20040219,000000,9.86946,9.95447,9.61655,9.71322,16716061.706958,0
GLW.US,D,20040220,000000,9.71322,9.71322,9.4515,9.63217,20857808.665856,0
GLW.US,D,20040223,000000,9.6019,9.81284,9.21975,9.31771,15055185.148249,0
GLW.US,D,20040224,000000,9.23519,9.28157,8.99661,9.19075,11410366.112052,0
GLW.US,D,20040225,000000,9.19075,9.45833,9.16858,9.38412,10540144.764042,0
GLW.US,D,20040226,000000,9.44369,9.58822,9.33138,9.43685,10926299.18344,0
GLW.US,D,20040227,000000,9.57943,9.59409,9.33138,9.37044,8807476.0064845,0
GLW.US,D,20040301,000000,9.33138,9.56282,9.33138,9.514,6279321.9976952,0
GLW.US,D,20040302,000000,9.514,9.69663,9.47396,9.68784,13333366.318507,0
GLW.US,D,20040303,000000,9.69663,9.74546,9.51889,9.55502,14459812.254796,0
GLW.US,D,20040304,000000,9.55502,9.64584,9.4808,9.58822,7287501.0584877,0
GLW.US,D,20040305,000000,9.514,9.63217,9.44369,9.50619,9612062.2541709,0
GLW.US,D,20040308,000000,9.49741,9.64584,9.40657,9.46712,12473593.504229,0
GLW.US,D,20040309,000000,9.46712,9.49741,8.96066,9.06369,18266173.978045,0
GLW.US,D,20040310,000000,9.29329,9.32552,8.50342,8.66738,18527494.837625,0
GLW.US,D,20040311,000000,8.44434,8.46641,7.75769,8.22734,29962630.650871,0
GLW.US,D,20040312,000000,8.21972,8.54698,8.21191,8.4505,12520470.598924,0
GLW.US,D,20040315,000000,8.3245,8.35332,7.46588,8.11611,12647046.946316,0
GLW.US,D,20040316,000000,8.20507,8.27324,7.80271,7.94471,16969478.584582,0
GLW.US,D,20040317,000000,8.10087,8.29589,8.09315,8.18172,9866016.7131569,0
GLW.US,D,20040318,000000,8.19804,8.21191,7.96698,8.12362,7969666.2067127,0
GLW.US,D,20040319,000000,8.13915,8.19804,7.86883,7.89128,10134301.555285,0
GLW.US,D,20040322,000000,7.79529,7.86141,7.5778,7.71248,12966233.063615,0
GLW.US,D,20040323,000000,8.10087,8.10087,7.7196,7.83787,12615704.417013,0
GLW.US,D,20040324,000000,7.83787,7.98925,7.65251,7.69704,10414240.137359,0
GLW.US,D,20040325,000000,7.93728,8.19804,7.86141,8.14501,12965422.083733,0
GLW.US,D,20040326,000000,8.21191,8.3752,8.12362,8.25849,9543745.3908277,0
GLW.US,D,20040329,000000,8.39931,8.63136,8.36035,8.39101,11457644.60083,0
GLW.US,D,20040401,000000,8.34707,8.62218,8.33262,8.60772,6847366.3026754,0
GLW.US,D,20040402,000000,8.87774,8.91262,8.71388,8.86398,7758843.1802899,0
GLW.US,D,20040405,000000,8.86398,8.98429,8.69835,8.81661,7699238.2068913,0
GLW.US,D,20040406,000000,8.69835,8.73633,8.46641,8.55508,9157594.0433229,0
GLW.US,D,20040407,000000,8.40732,9.15989,8.25087,8.39101,11191767.099235,0
GLW.US,D,20040408,000000,8.5875,8.62218,8.38309,8.49707,8680229.986311,0
GLW.US,D,20040412,000000,8.51788,8.58028,8.4505,8.52578,4824716.9432178,0
GLW.US,D,20040413,000000,8.53369,8.57129,8.20507,8.24305,11123860.845656,0
GLW.US,D,20040414,000000,8.15966,8.28711,7.98925,8.14501,6754680.1082566,0
GLW.US,D,20040415,000000,8.21191,8.33857,7.99569,8.06346,7455063.6328208,0
GLW.US,D,20040416,000000,8.10087,8.10849,7.8242,7.8242,13043512.688205,0
GLW.US,D,20040419,000000,7.8242,7.94471,7.73503,7.85339,10148231.568309,0
GLW.US,D,20040420,000000,7.95174,8.09315,7.67537,7.69704,9475036.349082,0
GLW.US,D,20040421,000000,7.78738,7.89881,7.52575,7.61521,16215255.00674,0
GLW.US,D,20040422,000000,7.60749,7.80271,7.52575,7.65251,21151943.491723,0
GLW.US,D,20040423,000000,8.65929,9.14524,8.63136,9.0551,49672294.548773,0
GLW.US,D,20040426,000000,9.13655,9.16858,8.94377,8.99661,17830591.768388,0
GLW.US,D,20040427,000000,8.96925,9.03205,8.88469,9.00441,14744173.339534,0
GLW.US,D,20040428,000000,8.92131,8.96066,8.65929,8.68204,12476139.07997,0
GLW.US,D,20040429,000000,8.63136,8.72784,8.25087,8.36738,15896071.961335,0
GLW.US,D,20040430,000000,8.47461,8.49707,8.13915,8.23524,14175588.381299,0
GLW.US,D,20040503,000000,8.21972,8.57129,8.21972,8.39931,18923552.017679,0
GLW.US,D,20040504,000000,8.69835,8.75,8.40732,8.59288,11837370.571113,0
GLW.US,D,20040505,000000,8.83244,8.87774,8.63936,8.79581,10335077.442059,0
GLW.US,D,20040506,000000,8.66738,8.74084,8.41513,8.60772,8215983.9384763,0
GLW.US,D,20040507,000000,8.45946,8.81661,8.45946,8.63936,12070695.217368,0
GLW.US,D,20040510,000000,8.30302,8.4372,8.13915,8.36035,11383978.546951,0
GLW.US,D,20040511,000000,8.43037,8.61417,8.36035,8.57129,10265964.958301,0
GLW.US,D,20040512,000000,8.61417,8.61417,8.25849,8.55508,9988302.6493046,0
GLW.US,D,20040513,000000,8.40732,8.72784,8.36035,8.68204,9408601.532485,0
GLW.US,D,20040514,000000,8.67481,8.74084,8.39931,8.44434,9739707.6204985,0
GLW.US,D,20040517,000000,8.25087,8.31601,8.10087,8.11611,10889197.877802,0
GLW.US,D,20040518,000000,8.21191,8.38309,8.20507,8.22734,13140623.433217,0
GLW.US,D,20040519,000000,8.48067,8.71388,8.3752,8.51788,16604624.674661,0
GLW.US,D,20040520,000000,8.59288,8.70664,8.47461,8.69835,14154961.640462,0
GLW.US,D,20040521,000000,8.75635,8.98429,8.75,8.88469,15822402.835564,0
GLW.US,D,20040524,000000,8.99661,9.12512,8.96066,9.03947,10785388.357047,0
GLW.US,D,20040525,000000,8.96066,9.25169,8.84083,9.24299,10219353.07041,0
GLW.US,D,20040526,000000,8.92941,9.48862,8.92131,9.43197,15908395.374062,0
GLW.US,D,20040527,000000,9.43197,9.50619,9.06369,9.10285,15904641.520215,0
GLW.US,D,20040528,000000,9.15286,9.26623,9.10285,9.25169,6483048.9501505,0
GLW.US,D,20040601,000000,9.04719,9.25169,9.03205,9.14524,7626641.1719485,0
GLW.US,D,20040602,000000,9.14524,9.29329,9.09514,9.23519,7710623.6681388,0
GLW.US,D,20040603,000000,9.23519,9.24299,8.94377,8.95138,9760469.5246496,0
GLW.US,D,20040604,000000,9.10285,9.21975,9.03205,9.18401,7248791.1046247,0
GLW.US,D,20040607,000000,9.28645,9.62435,9.28157,9.60776,20821513.220277,0
GLW.US,D,20040608,000000,9.60776,9.71322,9.4808,9.71322,14779135.583336,0
GLW.US,D,20040609,000000,9.55502,9.67026,9.38412,9.46712,9016558.2932617,0
GLW.US,D,20040610,000000,9.46712,9.58822,9.40657,9.58822,7048683.8666681,0
GLW.US,D,20040614,000000,9.37044,9.48862,8.92941,8.96066,16405587.479604,0
GLW.US,D,20040615,000000,9.21975,9.44369,9.19651,9.37825,15555591.478348,0
GLW.US,D,20040616,000000,9.1299,9.2595,9.03947,9.16858,11357056.472384,0
GLW.US,D,20040617,000000,9.0799,9.16858,8.96925,8.98889,10093443.323906,0
GLW.US,D,20040618,000000,9.14524,9.30989,9.09514,9.26623,16240436.341663,0
GLW.US,D,20040621,000000,9.29329,9.32552,8.99661,9.00441,8217858.8174712,0
GLW.US,D,20040622,000000,9.02433,9.27308,9.0177,9.14524,11648245.352392,0
GLW.US,D,20040623,000000,9.18401,9.43197,9.13655,9.38412,13984455.168198,0
GLW.US,D,20040624,000000,9.38997,9.51889,9.31771,9.32552,9985892.2368776,0
GLW.US,D,20040625,000000,9.36263,9.58822,9.34798,9.48862,14257701.118317,0
GLW.US,D,20040628,000000,9.55502,9.63217,9.29329,9.32552,7539715.8017924,0
GLW.US,D,20040629,000000,9.33138,9.65268,9.32552,9.63901,9650501.8814065,0
GLW.US,D,20040630,000000,9.66049,9.848,9.65268,9.75034,11456441.442546,0
GLW.US,D,20040701,000000,9.67026,9.72788,9.38412,9.38997,14285153.606495,0
GLW.US,D,20040702,000000,9.44369,9.44369,9.16858,9.3558,7266743.2501947,0
GLW.US,D,20040706,000000,9.34016,9.34798,8.82423,8.95138,16323210.559746,0
GLW.US,D,20040707,000000,8.94377,9.25169,8.94377,9.14524,10304676.960093,0
GLW.US,D,20040708,000000,9.10979,9.10979,8.80284,8.81026,13388416.697821,0
GLW.US,D,20040709,000000,9.14524,9.15989,8.9757,9.02433,10501162.435621,0
GLW.US,D,20040712,000000,8.98429,8.98889,8.81026,8.85656,13599374.887558,0
GLW.US,D,20040713,000000,8.86398,9.02433,8.85656,8.99661,9657470.9837765,0
GLW.US,D,20040714,000000,8.88469,9.00441,8.78663,8.84083,10372048.704205,0
GLW.US,D,20040715,000000,8.84083,8.94377,8.65929,8.67481,8766888.1017332,0
GLW.US,D,20040716,000000,8.78663,8.81026,8.64669,8.74084,9361861.6490327,0
GLW.US,D,20040719,000000,8.69835,8.73633,8.25087,8.41513,21926264.420757,0
GLW.US,D,20040720,000000,9.07131,9.60776,8.86398,9.47396,43030124.587607,0
GLW.US,D,20040721,000000,9.4808,9.50619,9.04719,9.06369,16319058.383708,0
GLW.US,D,20040722,000000,9.07131,9.21292,8.98429,9.13655,11849025.335023,0
GLW.US,D,20040723,000000,9.01018,9.22747,8.9757,8.99661,10029828.505536,0
GLW.US,D,20040726,000000,8.99661,9.03205,8.80284,8.94377,7623563.134669,0
GLW.US,D,20040727,000000,8.89669,9.06369,8.77843,9.02433,9193497.3104983,0
GLW.US,D,20040728,000000,9.02433,9.09514,8.86945,9.03205,9168850.4850437,0
GLW.US,D,20040729,000000,9.14524,9.34016,9.12512,9.29329,9632821.0864285,0
GLW.US,D,20040730,000000,9.21975,9.28645,9.15286,9.22747,7385682.8703647,0
GLW.US,D,20040802,000000,9.21975,9.28157,9.13655,9.24299,6245301.8012307,0
GLW.US,D,20040803,000000,9.28157,9.32552,9.03205,9.03205,6687711.8061564,0
GLW.US,D,20040804,000000,8.93713,9.08655,8.89044,8.99661,7125565.1690683,0
GLW.US,D,20040805,000000,9.07131,9.11653,8.77111,8.77111,6522826.8989843,0
GLW.US,D,20040806,000000,8.65929,8.70664,8.21191,8.30302,13522755.72007,0
GLW.US,D,20040809,000000,8.30976,8.42305,8.21191,8.21972,8393729.839737,0
GLW.US,D,20040810,000000,8.30976,8.3752,8.18954,8.28711,12820903.830416,0
GLW.US,D,20040811,000000,8.0244,8.06346,7.75047,7.95985,19215686.016917,0
GLW.US,D,20040812,000000,7.51081,7.51081,6.93549,7.2945,61944439.421553,0
GLW.US,D,20040813,000000,7.20464,7.27936,7.01782,7.12983,31918721.294027,0
GLW.US,D,20040816,000000,7.21207,7.67537,7.21207,7.5404,22236342.37385,0
GLW.US,D,20040817,000000,7.68962,8.0244,7.65993,7.95985,23487356.663151,0
GLW.US,D,20040818,000000,7.89881,8.01658,7.72781,7.95174,15508713.359688,0
GLW.US,D,20040819,000000,7.95174,7.99569,7.80955,7.99569,10553269.94097,0
GLW.US,D,20040820,000000,7.99569,8.07851,7.95174,8.01102,7627577.0754992,0
GLW.US,D,20040823,000000,8.04744,8.07851,7.91462,7.95174,7037431.5208053,0
GLW.US,D,20040824,000000,7.96698,8.13915,7.80955,7.81668,8530615.4616898,0
GLW.US,D,20040825,000000,7.8242,7.83065,7.62253,7.65993,16881210.79697,0
GLW.US,D,20040826,000000,7.65993,7.66697,7.3691,7.37653,21934429.51366,0
GLW.US,D,20040827,000000,7.38385,7.68249,7.37653,7.62253,13034405.547963,0
GLW.US,D,20040830,000000,7.61521,7.63025,7.42877,7.48083,10442097.091513,0
GLW.US,D,20040831,000000,7.48083,7.55563,7.44371,7.55563,10702215.816774,0
GLW.US,D,20040901,000000,7.5778,7.65993,7.51803,7.64509,7239683.9643842,0
GLW.US,D,20040902,000000,7.57057,7.76502,7.46588,7.73503,9863603.2288363,0
GLW.US,D,20040903,000000,7.65251,7.68962,7.46588,7.53317,9807076.2927171,0
GLW.US,D,20040907,000000,7.56295,7.63758,7.44371,7.51081,8627725.1827378,0
GLW.US,D,20040908,000000,7.48083,7.61521,7.46588,7.5778,7510376.1470459,0
GLW.US,D,20040909,000000,7.83787,8.31601,7.83065,8.28096,28466638.999335,0
GLW.US,D,20040910,000000,8.28096,8.36035,8.13915,8.30302,15855761.550963,0
GLW.US,D,20040913,000000,8.34707,8.54014,8.30302,8.40732,13690456.529609,0
GLW.US,D,20040914,000000,8.36035,8.39101,8.22734,8.28711,10461920.02022,0
GLW.US,D,20040915,000000,8.25087,8.25849,8.13915,8.18172,9353286.9703309,0
GLW.US,D,20040916,000000,8.18172,8.45946,8.18172,8.38309,13347564.61023,0
GLW.US,D,20040917,000000,8.42305,8.46641,8.31601,8.41513,11760354.105399,0
GLW.US,D,20040920,000000,8.38309,8.47461,8.34707,8.43037,7860507.4954227,0
GLW.US,D,20040921,000000,8.39931,8.6004,8.39931,8.58028,12907163.623648,0
GLW.US,D,20040922,000000,8.40732,8.57129,8.40732,8.51055,12536542.745676,0
GLW.US,D,20040923,000000,8.56309,8.57129,8.46641,8.54698,7613646.0385109,0
GLW.US,D,20040924,000000,8.54698,8.61417,8.49707,8.54698,8251747.94648,0
GLW.US,D,20040927,000000,8.3245,8.44434,8.2663,8.27324,8090346.5665285,0
GLW.US,D,20040928,000000,8.25849,8.2663,8.07851,8.10849,12494219.221101,0
GLW.US,D,20040929,000000,8.10849,8.3245,8.00242,8.29589,9214794.7480815,0
GLW.US,D,20040930,000000,8.25087,8.39931,8.21191,8.27324,7943013.4348077,0
GLW.US,D,20041001,000000,8.28711,8.60772,8.27324,8.60772,12284332.09823,0
GLW.US,D,20041004,000000,8.66738,8.90441,8.66738,8.75,16860989.546074,0
GLW.US,D,20041005,000000,8.74084,8.80284,8.44434,8.50342,21284412.754798,0
GLW.US,D,20041006,000000,8.48877,8.55508,8.3752,8.47461,17492653.789247,0
GLW.US,D,20041007,000000,8.0244,8.25087,7.83065,7.83787,44309536.484316,0
GLW.US,D,20041008,000000,7.83787,7.87567,7.58552,7.65251,23022982.619753,0
GLW.US,D,20041011,000000,7.65251,7.97488,7.63025,7.89881,14905307.464752,0
GLW.US,D,20041012,000000,7.90603,7.95174,7.64509,7.7196,16671459.861376,0
GLW.US,D,20041013,000000,7.92966,7.95174,7.69704,7.74235,9341230.8123374,0
GLW.US,D,20041014,000000,7.78738,7.81668,7.61521,7.68962,7450506.990807,0
GLW.US,D,20041015,000000,7.75047,7.87567,7.72781,7.78738,10083531.347571,0
GLW.US,D,20041018,000000,7.70496,7.74235,7.63758,7.65251,10965544.670734,0
GLW.US,D,20041019,000000,7.65251,7.76502,7.60046,7.62253,12301480.431669,0
GLW.US,D,20041020,000000,7.62253,7.83787,7.62253,7.79529,15725831.719843,0
GLW.US,D,20041021,000000,7.7196,8.09315,7.65251,8.01102,29644124.446,0
GLW.US,D,20041022,000000,8.05526,8.18954,7.95985,8.01658,14975894.457386,0
GLW.US,D,20041025,000000,7.91462,8.07851,7.84558,8.03212,10490580.786505,0
GLW.US,D,20041026,000000,7.99569,8.12362,7.91462,8.10849,11731421.988523,0
GLW.US,D,20041027,000000,8.21191,8.58028,8.21191,8.49707,20620595.00244,0
GLW.US,D,20041028,000000,8.49707,8.53369,8.44434,8.47461,17442427.306681,0
GLW.US,D,20041029,000000,8.49707,8.63136,8.46641,8.54698,13795328.925512,0
GLW.US,D,20041101,000000,8.51055,8.73633,8.44434,8.71388,11023941.366026,0
GLW.US,D,20041102,000000,8.71388,9.0799,8.71388,8.77111,22303712.070033,0
GLW.US,D,20041103,000000,9.03947,9.15286,8.89044,9.02433,19058436.813004,0
GLW.US,D,20041104,000000,8.89669,9.10979,8.77111,9.10285,9658266.604191,0
GLW.US,D,20041105,000000,9.10285,9.29329,9.09514,9.24299,9245866.9507576,0
GLW.US,D,20041108,000000,9.10979,9.29329,9.03947,9.08655,8818056.631637,0
GLW.US,D,20041109,000000,9.03947,9.08655,8.81661,8.84914,14315958.554437,0
GLW.US,D,20041110,000000,8.92131,8.92941,8.72784,8.75635,10492595.948636,0
GLW.US,D,20041111,000000,8.77111,9.0177,8.74084,8.9757,10287397.559198,0
GLW.US,D,20041112,000000,9.10979,9.18401,9.06369,9.13655,9485084.5126958,0
GLW.US,D,20041115,000000,9.13655,9.20423,9.04719,9.12512,6576541.0046289,0
GLW.US,D,20041116,000000,9.10979,9.19651,9.01018,9.1763,8037172.090174,0
GLW.US,D,20041117,000000,9.29329,9.63217,9.24299,9.4808,17525873.245474,0
GLW.US,D,20041118,000000,9.4808,9.67709,9.45833,9.59409,9616617.8722203,0
GLW.US,D,20041119,000000,9.59409,9.59409,9.28645,9.30208,7290984.5857081,0
GLW.US,D,20041122,000000,9.19075,9.38997,9.10979,9.37825,7791660.2184698,0
GLW.US,D,20041123,000000,9.24299,9.514,9.24299,9.34798,5616843.5908989,0
GLW.US,D,20041124,000000,9.33138,9.49741,9.33138,9.4808,4751585.3988074,0
GLW.US,D,20041126,000000,9.4808,9.4808,9.30208,9.33138,4585894.6315757,0
GLW.US,D,20041129,000000,9.40657,9.46712,9.33138,9.4515,7874969.9699852,0
GLW.US,D,20041130,000000,9.4515,9.47396,9.33138,9.38997,6540776.9966252,0
GLW.US,D,20041201,000000,9.39876,9.59409,9.37044,9.58822,7345499.4315898,0
GLW.US,D,20041202,000000,9.58822,9.58822,8.67481,8.81026,47513686.255233,0
GLW.US,D,20041203,000000,8.95138,8.96066,8.80284,8.87774,17637980.974517,0
GLW.US,D,20041206,000000,8.81026,8.84914,8.70664,8.72032,14891643.682497,0
GLW.US,D,20041207,000000,8.75,8.84914,8.54014,8.54014,12272812.497633,0
GLW.US,D,20041208,000000,8.54698,8.56309,8.28711,8.3245,14955133.577199,0
GLW.US,D,20041209,000000,8.33262,8.49707,8.22734,8.30976,14083168.41765,0
GLW.US,D,20041210,000000,8.48877,8.48877,8.31601,8.38309,8798365.7943504,0
GLW.US,D,20041213,000000,8.39931,8.47461,8.25849,8.28096,8260586.8080224,0
GLW.US,D,20041214,000000,8.3245,8.48877,8.25087,8.48877,18011814.029119,0
GLW.US,D,20041215,000000,8.56309,8.64669,8.44434,8.61417,12544983.28503,0
GLW.US,D,20041216,000000,8.56309,8.86398,8.54698,8.67481,16613064.190049,0
GLW.US,D,20041217,000000,8.65929,8.77111,8.5875,8.60772,11646232.23819,0
GLW.US,D,20041220,000000,8.62218,8.77111,8.60772,8.67481,7151017.8545824,0
GLW.US,D,20041221,000000,8.67481,8.84914,8.61417,8.81026,8907659.668954,0
GLW.US,D,20041222,000000,8.86945,8.89044,8.73633,8.89044,9555134.9479332,0
GLW.US,D,20041223,000000,8.84083,8.86945,8.72032,8.81661,5152471.5954311,0
GLW.US,D,20041227,000000,8.78663,8.92131,8.75,8.86398,7150884.7391977,0
GLW.US,D,20041228,000000,8.82423,8.86945,8.71388,8.73633,8099454.7307336,0
GLW.US,D,20041229,000000,8.72784,8.75635,8.64669,8.65929,8786308.6123925,0
GLW.US,D,20041230,000000,8.63936,8.80284,8.63936,8.77843,4650188.3384083,0
GLW.US,D,20041231,000000,8.81026,8.87774,8.75635,8.78663,4327261.6788008,0
GLW.US,D,20050103,000000,8.84083,8.95138,8.72784,8.74084,8300371.9246077,0
GLW.US,D,20050104,000000,8.77843,8.85656,8.60772,8.60772,9808287.6427176,0
GLW.US,D,20050105,000000,8.61417,8.68204,8.42305,8.51055,10023130.753758,0
GLW.US,D,20050106,000000,8.77111,8.81661,8.69835,8.76369,13721259.429622,0
GLW.US,D,20050107,000000,8.87774,8.90441,8.77843,8.86945,11831074.213418,0
GLW.US,D,20050110,000000,8.86945,8.89669,8.80284,8.87774,8984277.8124785,0
GLW.US,D,20050111,000000,8.73633,8.81661,8.63136,8.77843,15181223.91428,0
GLW.US,D,20050112,000000,8.70664,8.84914,8.63136,8.81661,11499974.269191,0
GLW.US,D,20050113,000000,8.82423,8.92941,8.81026,8.86398,14712427.368218,0
GLW.US,D,20050114,000000,8.89044,8.95138,8.74084,8.78663,11472243.26267,0
GLW.US,D,20050118,000000,8.81026,9.13655,8.72032,9.1299,17589230.024792,0
GLW.US,D,20050119,000000,9.2595,9.2595,8.88469,8.90441,9997409.7895452,0
GLW.US,D,20050120,000000,8.88469,8.89044,8.65929,8.70664,9205141.8347636,0
GLW.US,D,20050121,000000,8.71388,8.80284,8.6004,8.6004,10664308.651077,0
GLW.US,D,20050124,000000,8.55508,8.5875,8.29589,8.39931,10560371.13476,0
GLW.US,D,20050125,000000,8.45946,8.70664,8.45946,8.59288,10289942.110975,0
GLW.US,D,20050126,000000,8.59288,8.88469,7.98925,8.17401,40202075.952653,0
GLW.US,D,20050127,000000,8.30976,8.31601,7.98925,8.0244,21246640.752415,0
GLW.US,D,20050128,000000,8.0244,8.08748,7.92195,8.01658,15839412.933796,0
GLW.US,D,20050131,000000,8.21191,8.21972,8.00242,8.16561,10999426.631992,0
GLW.US,D,20050201,000000,8.22734,8.27324,8.11611,8.15966,9128937.3728962,0
GLW.US,D,20050202,000000,8.20507,8.31601,8.19804,8.28711,10424685.599198,0
GLW.US,D,20050203,000000,8.30302,8.31601,8.19804,8.25087,6794594.2443685,0
GLW.US,D,20050204,000000,8.25087,8.4505,8.21972,8.4505,11640339.322506,0
GLW.US,D,20050207,000000,8.57129,8.89669,8.55508,8.77843,15729318.318956,0
GLW.US,D,20050208,000000,8.85656,9.03205,8.84914,9.02433,14421640.906258,0
GLW.US,D,20050209,000000,8.98429,9.10285,8.67481,8.72032,10229267.094676,0
GLW.US,D,20050210,000000,8.72032,8.83244,8.52578,8.77843,7076810.1234851,0
GLW.US,D,20050211,000000,8.79581,8.96066,8.65929,8.89669,7399740.8789506,0
GLW.US,D,20050214,000000,8.88469,8.91262,8.77111,8.84914,4238048.7719574,0
GLW.US,D,20050215,000000,8.84083,8.95138,8.74084,8.78663,6018403.5561619,0
GLW.US,D,20050216,000000,8.79581,8.91262,8.69835,8.84083,8715990.9224212,0
GLW.US,D,20050217,000000,8.84914,8.89669,8.72784,8.75,7775184.6297052,0
GLW.US,D,20050218,000000,8.85656,8.85656,8.69835,8.71388,7640975.6509488,0
GLW.US,D,20050222,000000,8.63936,8.72784,8.54698,8.57129,8263000.292343,0
GLW.US,D,20050223,000000,8.5875,8.64669,8.38309,8.4372,8597317.5330206,0
GLW.US,D,20050224,000000,8.3245,8.59288,8.29589,8.5875,9295023.3904239,0
GLW.US,D,20050225,000000,8.60772,8.72784,8.59288,8.72032,6130916.7751455,0
GLW.US,D,20050228,000000,8.6004,8.69024,8.47461,8.56309,6084171.7718709,0
GLW.US,D,20050301,000000,8.54698,8.70664,8.54698,8.63136,5616714.5713722,0
GLW.US,D,20050302,000000,8.63136,8.75,8.54698,8.57129,4289084.1864765,0
GLW.US,D,20050303,000000,8.69024,8.79581,8.6004,8.75,8634688.1413207,0
GLW.US,D,20050304,000000,8.79581,8.80284,8.39931,8.42305,15522509.233363,0
GLW.US,D,20050307,000000,8.49707,8.67481,8.48067,8.52578,8670717.3561294,0
GLW.US,D,20050308,000000,8.53369,8.5875,8.40732,8.44434,5248644.388964,0
GLW.US,D,20050309,000000,8.4372,8.6004,8.36738,8.47461,9026467.1977038,0
GLW.US,D,20050310,000000,8.45946,8.55508,8.43037,8.49707,4810518.6514958,0
GLW.US,D,20050311,000000,8.51055,8.59288,8.41513,8.4372,4712209.8680211,0
GLW.US,D,20050314,000000,8.45946,8.6004,8.4505,8.57129,6732316.7236315,0
GLW.US,D,20050315,000000,8.58028,8.66738,8.44434,8.46641,6209003.2837593,0
GLW.US,D,20050316,000000,8.42305,8.51055,8.29589,8.33857,7191735.8028249,0
GLW.US,D,20050317,000000,8.29589,8.49707,8.2663,8.4505,8949046.2660135,0
GLW.US,D,20050318,000000,8.4505,8.49707,8.21191,8.28711,11787007.901268,0
GLW.US,D,20050321,000000,8.28711,8.31601,8.07127,8.07851,10105635.669178,0
GLW.US,D,20050322,000000,8.06346,8.33857,8.06346,8.18954,10651717.983616,0
GLW.US,D,20050323,000000,8.2663,8.2663,8.04744,8.07851,7617536.0796369,0
GLW.US,D,20050324,000000,8.07851,8.27324,8.07851,8.10849,7634813.432603,0
GLW.US,D,20050328,000000,8.11611,8.25087,8.11611,8.21191,4699612.0328085,0
GLW.US,D,20050329,000000,8.18954,8.28096,8.07851,8.10087,5723465.9421286,0
GLW.US,D,20050330,000000,8.08748,8.21191,8.04002,8.06346,7746652.8829472,0
GLW.US,D,20050331,000000,8.10087,8.36035,8.10087,8.30976,7498328.1807685,0
GLW.US,D,20050401,000000,8.36738,8.4372,8.29589,8.31601,7895193.2688105,0
GLW.US,D,20050404,000000,8.31601,8.41513,8.18954,8.39931,6243156.5956086,0
GLW.US,D,20050405,000000,8.35332,8.4505,8.33262,8.39931,8244247.4065359,0
GLW.US,D,20050406,000000,8.42305,8.84083,8.42305,8.77843,15063627.735531,0
GLW.US,D,20050407,000000,8.80284,9.03205,8.71388,9.00441,16864872.419448,0
GLW.US,D,20050408,000000,8.98889,9.12512,8.94377,8.94377,7740093.3663764,0
GLW.US,D,20050411,000000,8.92131,8.96066,8.74084,8.84083,6086981.530452,0
GLW.US,D,20050412,000000,8.72032,8.91262,8.64669,8.88469,5953445.2963703,0
GLW.US,D,20050413,000000,8.84914,8.84914,8.60772,8.65929,12034935.305222,0
GLW.US,D,20050414,000000,8.65929,8.71388,8.4505,8.50342,8335323.9287649,0
GLW.US,D,20050415,000000,8.51788,8.52578,8.2663,8.28711,9261939.0975102,0
GLW.US,D,20050418,000000,8.61417,8.88469,8.54014,8.63136,16424737.663636,0
GLW.US,D,20050419,000000,8.74084,8.80284,8.69835,8.72784,10063580.423302,0
GLW.US,D,20050420,000000,8.91262,9.34016,8.84083,9.19651,32989722.62467,0
GLW.US,D,20050421,000000,9.28157,9.40657,8.90441,9.19651,20333023.789001,0
GLW.US,D,20050422,000000,9.19075,9.34016,9.03947,9.19651,11559978.588744,0
GLW.US,D,20050425,000000,9.36263,9.40657,9.21975,9.40657,8097580.8757032,0
GLW.US,D,20050426,000000,9.29329,9.53353,9.28157,9.37825,12498911.026429,0
GLW.US,D,20050427,000000,9.55502,10.2494,9.514,10.1312,48900121.897255,0
GLW.US,D,20050428,000000,10.0638,10.3762,10.0502,10.302,26949344.790392,0
GLW.US,D,20050429,000000,10.302,10.4135,9.82163,10.264,17812238.228736,0
GLW.US,D,20050502,000000,10.1907,10.3909,10.1907,10.312,13583168.601456,0
GLW.US,D,20050503,000000,10.184,10.3715,10.1156,10.3354,9925755.8259047,0
GLW.US,D,20050504,000000,10.302,10.3501,10.1078,10.2211,16297758.898196,0
GLW.US,D,20050505,000000,10.1986,10.4515,10.1986,10.312,10349544.012479,0
GLW.US,D,20050506,000000,10.3762,11.1752,10.3762,11.0179,38734345.721247,0
GLW.US,D,20050509,000000,10.9925,11.4682,10.9056,11.3754,31385097.555631,0
GLW.US,D,20050510,000000,11.1332,11.3266,10.8266,11.0941,22519224.853854,0
GLW.US,D,20050511,000000,11.055,11.7016,11.055,11.5649,21408983.15574,0
GLW.US,D,20050512,000000,11.6606,11.7592,11.2191,11.3403,21813483.94704,0
GLW.US,D,20050513,000000,11.4252,11.4633,11.0639,11.2816,14521694.525236,0
GLW.US,D,20050516,000000,11.2504,11.2758,10.9135,11.2191,14279260.690811,0
GLW.US,D,20050517,000000,10.977,11.0483,10.4515,11.0062,28369128.908168,0
GLW.US,D,20050518,000000,10.9995,11.1028,10.7885,10.8754,23127987.107077,0
GLW.US,D,20050519,000000,10.8998,11.1274,10.8754,11.0639,13028382.588789,0
GLW.US,D,20050520,000000,11.0639,11.1098,10.9369,10.977,10383966.626991,0
GLW.US,D,20050523,000000,11.0131,11.0131,10.7113,10.8548,15663413.915969,0
GLW.US,D,20050524,000000,10.8119,10.8852,10.6391,10.8627,13213221.492124,0
GLW.US,D,20050525,000000,10.9056,11.1028,10.8353,11.0864,18269921.688105,0
GLW.US,D,20050526,000000,11.1996,11.5727,11.1927,11.392,37207676.093364,0
GLW.US,D,20050527,000000,11.5101,11.6235,11.4252,11.5727,14825346.077143,0
GLW.US,D,20050531,000000,11.6235,11.7435,11.5101,11.7074,15785568.78466,0
GLW.US,D,20050601,000000,11.804,12.3715,11.7876,12.1713,23784305.343457,0
GLW.US,D,20050602,000000,11.9428,12.2729,11.8774,11.936,24887578.963166,0
GLW.US,D,20050603,000000,11.9818,12.0219,11.8715,11.9985,12040695.105521,0
GLW.US,D,20050606,000000,11.9985,12.0571,11.8774,11.9106,8695097.9508145,0
GLW.US,D,20050607,000000,11.9106,12.0219,11.6185,11.6185,11808305.338851,0
GLW.US,D,20050608,000000,11.8715,11.8862,11.6762,11.8344,8178353.2431938,0
GLW.US,D,20050609,000000,11.8548,11.9252,11.7592,11.9165,5450891.7127203,0
GLW.US,D,20050610,000000,11.9428,12.0932,11.7787,11.9165,10140328.610317,0
GLW.US,D,20050613,000000,11.8715,11.9516,11.7378,11.936,8827834.4686236,0
GLW.US,D,20050614,000000,11.8715,12.2143,11.7211,12.2026,16938940.891374,0
GLW.US,D,20050615,000000,12.2729,12.3657,12.0571,12.3032,12548325.50515,0
GLW.US,D,20050616,000000,12.3032,12.6548,12.3032,12.5199,14908120.295226,0
GLW.US,D,20050617,000000,12.5062,12.5199,12.2798,12.4056,16329370.730162,0
GLW.US,D,20050620,000000,12.2729,12.4681,12.2671,12.4301,7898140.2386344,0
GLW.US,D,20050621,000000,12.4681,12.5112,12.2729,12.312,6823261.15444,0
GLW.US,D,20050622,000000,12.3921,12.6548,12.3921,12.5433,12720447.793389,0
GLW.US,D,20050623,000000,12.5796,12.5951,12.312,12.3207,11923226.922334,0
GLW.US,D,20050624,000000,12.3207,12.4858,12.2798,12.3921,15187651.339431,0
GLW.US,D,20050627,000000,12.438,12.557,12.0063,12.1167,9357303.9830545,0
GLW.US,D,20050628,000000,12.3354,12.5796,12.3354,12.4136,11975328.283894,0
GLW.US,D,20050629,000000,12.5433,14.8941,12.438,12.5737,12042163.47061,0
GLW.US,D,20050630,000000,12.6772,12.7427,12.3354,12.4056,11942243.990981,0
GLW.US,D,20050701,000000,12.557,12.6626,12.5112,12.6098,7433498.9405038,0
GLW.US,D,20050705,000000,12.5278,12.6947,12.5112,12.5493,7878992.1025313,0
GLW.US,D,20050706,000000,12.5493,12.6459,12.312,12.3207,11686554.936136,0
GLW.US,D,20050707,000000,11.9741,12.4681,11.9663,12.3862,11989927.9697,0
GLW.US,D,20050708,000000,12.3999,12.6772,12.3501,12.6548,9707563.3269935,0
GLW.US,D,20050711,000000,12.6947,12.976,12.6947,12.8423,14346499.319539,0
GLW.US,D,20050712,000000,12.8423,13.0961,12.8423,13.0131,13965298.840379,0
GLW.US,D,20050713,000000,13.0562,13.1118,12.9155,12.9702,10626267.346031,0
GLW.US,D,20050714,000000,13.0727,13.0727,12.7661,12.7738,9243724.8170289,0
GLW.US,D,20050715,000000,12.6548,13.0131,12.6548,12.9087,8401229.3557166,0
GLW.US,D,20050718,000000,12.9087,13.0649,12.7964,13.0649,9070935.9279006,0
GLW.US,D,20050719,000000,13.2055,13.7827,13.0727,13.5728,17974583.703954,0
GLW.US,D,20050720,000000,13.4985,13.6762,13.3628,13.5816,10029020.597547,0
GLW.US,D,20050721,000000,13.7378,13.7973,13.477,13.5562,11968501.51259,0
GLW.US,D,20050722,000000,13.5131,13.6117,13.1411,13.1987,14742965.061427,0
GLW.US,D,20050725,000000,13.2124,13.3628,13.1713,13.2836,10700739.259969,0
GLW.US,D,20050726,000000,13.4917,13.684,13.3257,13.5873,15962638.869353,0
GLW.US,D,20050727,000000,14.0356,14.4624,13.9243,14.312,38106152.717719,0
GLW.US,D,20050728,000000,14.187,14.2427,13.894,13.9985,18434000.735218,0
GLW.US,D,20050729,000000,13.9624,14.2748,13.9077,14.2241,13955929.565227,0
GLW.US,D,20050801,000000,14.2241,14.479,14.1098,14.4155,13981107.828257,0
GLW.US,D,20050802,000000,14.3707,14.6987,14.3707,14.6812,19700954.055885,0
GLW.US,D,20050803,000000,14.6987,15.2134,14.6509,14.9996,25251231.762732,0
GLW.US,D,20050804,000000,14.8999,15.0806,14.521,14.814,15743379.399435,0
GLW.US,D,20050805,000000,14.6733,14.8638,14.6333,14.6333,9448252.5097212,0
GLW.US,D,20050808,000000,14.6733,14.8511,14.3589,14.4995,11203158.70427,0
GLW.US,D,20050809,000000,14.5933,14.9243,14.563,14.9243,10322086.404479,0
GLW.US,D,20050810,000000,14.9322,15.0435,14.4449,14.6265,12573376.79658,0
GLW.US,D,20050811,000000,14.5933,14.814,14.4155,14.5806,12834163.146693,0
GLW.US,D,20050812,000000,14.4078,14.5142,14.2875,14.436,7891583.7939569,0
GLW.US,D,20050815,000000,14.4078,14.5591,14.2875,14.4449,8083925.2851646,0
GLW.US,D,20050816,000000,14.3463,14.3951,14.0132,14.0816,12171152.278358,0
GLW.US,D,20050817,000000,13.9985,14.2514,13.894,14.1733,13580082.37246,0
GLW.US,D,20050818,000000,14.0209,14.0737,13.6626,13.8052,11062110.666635,0
GLW.US,D,20050819,000000,14.0279,14.3199,13.9917,14.1225,12057300.737777,0
GLW.US,D,20050822,000000,14.187,14.3052,14.0044,14.2076,8722949.7851461,0
GLW.US,D,20050823,000000,14.1733,14.5289,14.1225,14.3647,8674065.7200361,0
GLW.US,D,20050824,000000,14.3707,14.7047,14.2875,14.3951,13093743.266629,0
GLW.US,D,20050825,000000,14.3647,14.5142,14.2427,14.3794,12660173.14721,0
GLW.US,D,20050826,000000,14.4449,14.479,14.3052,14.3364,8899090.1100746,0
GLW.US,D,20050829,000000,14.1314,14.3794,14.0044,14.312,13619064.700881,0
GLW.US,D,20050830,000000,14.2875,14.9322,14.2584,14.8872,22299694.033346,0
GLW.US,D,20050831,000000,14.7437,15.0278,14.7437,14.8999,19680063.132208,0
GLW.US,D,20050901,000000,14.814,14.9078,14.5806,14.7818,12182802.946411,0
GLW.US,D,20050902,000000,14.7818,15.0151,14.7114,14.814,9341898.4371898,0
GLW.US,D,20050906,000000,14.8346,15.0221,14.814,14.977,10856514.978971,0
GLW.US,D,20050907,000000,14.9078,14.9996,14.7202,14.9556,9872577.2536923,0
GLW.US,D,20050908,000000,14.8707,15.6431,14.8707,15.5435,21219051.052995,0
GLW.US,D,20050909,000000,15.5572,15.5864,15.1783,15.5298,13329077.955192,0
GLW.US,D,20050912,000000,15.6021,15.9693,15.5298,15.8286,14542859.8714,0
GLW.US,D,20050913,000000,15.8286,16.3864,15.7066,16.233,20546390.343235,0
GLW.US,D,20050914,000000,16.315,16.3511,15.4537,15.5366,23076291.235457,0
GLW.US,D,20050915,000000,15.3277,15.565,14.3707,14.6098,45926214.639455,0
GLW.US,D,20050916,000000,14.9556,15.1588,14.9165,15.1177,28961287.577065,0
GLW.US,D,20050919,000000,15.2896,15.5239,14.8941,15.0513,20135729.381518,0
GLW.US,D,20050920,000000,15.2281,15.3941,14.9165,14.9996,14957941.287852,0
GLW.US,D,20050921,000000,14.9996,14.9996,14.6733,14.7759,14822127.756727,0
GLW.US,D,20050922,000000,14.4937,14.5591,13.6431,13.9985,36880591.113932,0
GLW.US,D,20050923,000000,13.9243,14.2368,13.8579,14.2368,14401819.001516,0
GLW.US,D,20050926,000000,14.4078,14.4858,13.9166,14.0737,17672002.194946,0
GLW.US,D,20050927,000000,14.0356,14.0737,13.6343,13.8277,25505591.711659,0
GLW.US,D,20050928,000000,13.813,13.813,12.9399,13.5337,40624664.052835,0
GLW.US,D,20050929,000000,13.5816,14.231,13.2426,13.9624,19455972.597791,0
GLW.US,D,20050930,000000,14.0669,14.521,14.0356,14.4292,18452351.202978,0
GLW.US,D,20051003,000000,14.4292,14.5503,14.2671,14.4995,13023959.06216,0
GLW.US,D,20051004,000000,14.5933,14.8511,14.3647,14.3707,16971090.304702,0
GLW.US,D,20051005,000000,14.1987,14.2964,13.7524,13.8277,16283969.168308,0
GLW.US,D,20051006,000000,14.0816,14.3647,13.7221,13.8872,17687407.740811,0
GLW.US,D,20051007,000000,13.8618,14.1098,13.813,13.8413,8956951.271934,0
GLW.US,D,20051010,000000,13.8334,14.0356,13.5816,13.6264,8743847.8765753,0
GLW.US,D,20051011,000000,13.6987,13.6987,12.3999,13.2836,46025865.840386,0
GLW.US,D,20051012,000000,12.8911,13.2124,12.7427,13.0961,16314774.116251,0
GLW.US,D,20051013,000000,12.9604,13.3852,12.9155,13.2124,12349694.823998,0
GLW.US,D,20051014,000000,13.4399,13.9692,13.4399,13.5649,19069555.019518,0
GLW.US,D,20051017,000000,13.5131,13.6343,13.3179,13.52,9997543.9288945,0
GLW.US,D,20051018,000000,13.5337,13.7221,13.4614,13.5131,10662697.954923,0
GLW.US,D,20051019,000000,13.3257,13.7221,13.2836,13.7221,9864135.690375,0
GLW.US,D,20051020,000000,13.7769,14.0503,13.52,13.6264,12323844.840258,0
GLW.US,D,20051021,000000,13.7769,14.1098,13.6919,13.8579,10121305.397883,0
GLW.US,D,20051024,000000,14.0737,14.0816,13.8413,13.9985,9751894.8459477,0
GLW.US,D,20051025,000000,13.9692,14.102,13.7378,13.8501,10990322.563645,0
GLW.US,D,20051026,000000,13.9166,13.9321,13.2759,13.4086,15929830.022889,0
GLW.US,D,20051027,000000,13.813,14.3647,13.6685,14.2153,25978003.876361,0
GLW.US,D,20051028,000000,14.187,14.2748,14.0445,14.2153,11853838.992125,0
GLW.US,D,20051031,000000,14.3199,15.0719,14.2584,14.9996,16909211.106153,0
GLW.US,D,20051101,000000,14.7818,15.0151,14.7818,14.8872,11455101.073019,0
GLW.US,D,20051102,000000,14.7437,15.3648,14.7047,15.2134,11432996.751411,0
GLW.US,D,20051103,000000,15.2134,15.6509,15.1939,15.2818,13197550.739454,0
GLW.US,D,20051104,000000,15.4927,15.4927,15.0513,15.1499,8335865.605984,0
GLW.US,D,20051107,000000,15.2447,15.2749,14.8209,14.8941,8075078.2319063,0
GLW.US,D,20051108,000000,14.7437,14.7525,14.3052,14.3999,14340611.523678,0
GLW.US,D,20051109,000000,14.3999,14.6333,14.2798,14.6098,11800268.24151,0
GLW.US,D,20051110,000000,14.4858,14.7291,14.2514,14.6987,11466891.000242,0
GLW.US,D,20051111,000000,14.9399,15.0367,14.6333,15.0151,10462993.135014,0
GLW.US,D,20051114,000000,14.7047,15.064,14.6987,14.9703,9166032.5347467,0
GLW.US,D,20051115,000000,14.8346,15.0367,14.6098,14.977,9894274.0374295,0
GLW.US,D,20051116,000000,14.977,15.2358,14.9624,15.2203,9763148.2157749,0
GLW.US,D,20051117,000000,15.3062,15.5796,15.2134,15.5719,15603809.966534,0
GLW.US,D,20051118,000000,15.6665,15.6725,15.4176,15.6431,13191117.170517,0
GLW.US,D,20051121,000000,15.3062,15.6431,15.1235,15.6021,8433777.0912337,0
GLW.US,D,20051122,000000,15.5796,15.7153,15.3424,15.6919,8412477.6057214,0
GLW.US,D,20051123,000000,15.565,15.7681,15.4761,15.6919,8237016.1692548,0
GLW.US,D,20051125,000000,15.7233,15.7233,15.5572,15.6265,2573689.7099925,0
GLW.US,D,20051128,000000,15.5864,15.6431,15.1235,15.2095,10717077.637491,0
GLW.US,D,20051129,000000,15.4468,15.4468,15.1588,15.1588,8714384.3221246,0
GLW.US,D,20051130,000000,15.1588,15.3062,15.0572,15.1177,14178533.303194,0
GLW.US,D,20051201,000000,15.1588,15.3424,15.1588,15.2203,14389895.958906,0
GLW.US,D,20051202,000000,15.2691,15.6725,15.2691,15.565,12335499.604169,0
GLW.US,D,20051205,000000,15.4927,15.9566,15.4713,15.8785,14372888.932568,0
GLW.US,D,20051206,000000,15.8941,16.0874,15.7153,15.8707,10089161.104378,0
GLW.US,D,20051207,000000,15.7828,15.9009,15.5719,15.6431,9257920.0368575,0
GLW.US,D,20051208,000000,15.7153,15.9693,15.6187,15.7681,8123029.4653592,0
GLW.US,D,20051209,000000,15.7515,15.941,15.6998,15.7994,6552560.7800622,0
GLW.US,D,20051212,000000,15.7994,15.9966,15.6852,15.9693,7959620.0910279,0
GLW.US,D,20051213,000000,15.941,16.0142,15.7515,15.8501,10993670.927551,0
GLW.US,D,20051214,000000,16.1412,16.1412,15.8638,15.8785,15773383.60714,0
GLW.US,D,20051215,000000,15.9566,16.0142,15.6852,15.7594,11610604.417465,0
GLW.US,D,20051216,000000,15.8638,15.8941,15.6725,15.6725,18560176.712492,0
GLW.US,D,20051219,000000,15.6509,15.6725,14.858,14.9703,16974569.736064,0
GLW.US,D,20051220,000000,14.8999,14.9703,14.6178,14.8062,15195693.556594,0
GLW.US,D,20051221,000000,14.7906,14.814,14.4858,14.7202,13275099.666707,0
GLW.US,D,20051222,000000,14.8209,14.9478,14.7202,14.7525,7539313.3837449,0
GLW.US,D,20051223,000000,14.8707,15.064,14.8346,15.0278,6943272.865439,0
GLW.US,D,20051227,000000,15.0513,15.3277,14.8941,14.9399,7915557.8747366,0
GLW.US,D,20051228,000000,15.0806,15.1588,14.8346,15.0151,7000467.4264105,0
GLW.US,D,20051229,000000,15.0513,15.1177,14.8209,14.858,5142558.5951309,0
GLW.US,D,20051230,000000,14.7291,14.8062,14.5806,14.6812,6629448.2262496,0
GLW.US,D,20060103,000000,14.9165,15.0074,14.4449,14.9703,13477752.480405,0
GLW.US,D,20060104,000000,15.0151,15.565,14.9703,15.565,15167829.434687,0
GLW.US,D,20060105,000000,15.5503,15.5572,15.2281,15.3218,11173954.212837,0
GLW.US,D,20060106,000000,15.5239,15.9332,15.4927,15.8219,13090394.902722,0
GLW.US,D,20060109,000000,15.8365,16.9771,15.8365,16.8355,29847980.417981,0
GLW.US,D,20060110,000000,16.7974,17.4557,16.6851,17.4176,24573352.929894,0
GLW.US,D,20060111,000000,17.5172,18.7028,17.5094,18.6277,42591867.782683,0
GLW.US,D,20060112,000000,18.4499,18.4997,17.7301,17.8152,28129240.649484,0
GLW.US,D,20060113,000000,18.2097,18.654,17.9401,18.5144,22484398.797331,0
GLW.US,D,20060117,000000,18.1061,18.358,17.9566,18.1725,12674236.275619,0
GLW.US,D,20060118,000000,17.4117,18.9117,17.4117,18.8434,19337168.140935,0
GLW.US,D,20060119,000000,18.8493,19.232,18.3737,18.5592,24303325.300191,0
GLW.US,D,20060120,000000,18.4566,18.5084,17.7554,17.8269,16133952.22564,0
GLW.US,D,20060123,000000,18.066,18.2653,17.5738,17.7037,14693943.785075,0
GLW.US,D,20060124,000000,17.9566,18.3815,17.7789,18.1061,24573218.790545,0
GLW.US,D,20060125,000000,17.1538,19.028,17.0279,18.9577,59417624.758328,0
GLW.US,D,20060126,000000,18.7028,18.8883,17.9195,18.7457,26987120.888633,0
GLW.US,D,20060127,000000,18.8493,19.028,18.5084,18.5769,14914009.115052,0
GLW.US,D,20060130,000000,18.3961,18.7936,18.3141,18.6207,10166447.896719,0
GLW.US,D,20060131,000000,18.4997,18.654,18.1139,18.1784,13335510.500166,0
GLW.US,D,20060201,000000,18.2409,18.7868,18.1266,18.7028,14597636.852193,0
GLW.US,D,20060202,000000,18.6638,19.0006,18.0007,18.0749,17437473.366442,0
GLW.US,D,20060203,000000,18.0895,18.5592,17.9342,18.2995,11358661.024751,0
GLW.US,D,20060206,000000,18.2174,18.2565,17.5573,17.9283,11742004.661603,0
GLW.US,D,20060207,000000,17.7925,18.0007,17.1852,18.0007,13840338.308965,0
GLW.US,D,20060208,000000,17.9342,18.0309,17.5573,18.0007,10518444.90841,0
GLW.US,D,20060209,000000,18.1061,18.278,17.6344,17.6949,11124934.984412,0
GLW.US,D,20060210,000000,17.5885,17.7301,17.2183,17.5172,11680121.367198,0
GLW.US,D,20060213,000000,17.566,17.9401,17.3287,17.6568,10059153.824779,0
GLW.US,D,20060214,000000,17.8346,18.1061,17.6949,18.0514,9924819.922354,0
GLW.US,D,20060215,000000,18.1061,18.2702,17.9195,18.2653,8184375.1784035,0
GLW.US,D,20060216,000000,18.2653,18.7301,18.2233,18.6277,14024903.813778,0
GLW.US,D,20060217,000000,18.6277,18.6803,18.1139,18.1266,12184815.036649,0
GLW.US,D,20060221,000000,18.1843,18.2565,17.7301,17.7858,8093294.5603166,0
GLW.US,D,20060222,000000,17.9772,18.654,17.864,18.6422,11084214.988241,0
GLW.US,D,20060223,000000,18.4937,18.778,18.32,18.3668,10657341.596636,0
GLW.US,D,20060224,000000,18.2848,18.5144,18.151,18.442,5668953.1441759,0
GLW.US,D,20060227,000000,18.358,18.8434,18.358,18.5993,10942769.652382,0
GLW.US,D,20060228,000000,18.4566,18.5368,17.9283,18.2233,11041083.555678,0
GLW.US,D,20060301,000000,18.3668,19.9011,18.3063,19.7204,29852666.079522,0
GLW.US,D,20060302,000000,19.5231,19.8229,19.3737,19.6129,16056665.433299,0
GLW.US,D,20060303,000000,19.5075,20.4187,19.4138,19.8904,19819494.329902,0
GLW.US,D,20060306,000000,19.9499,20.3591,19.6569,19.9402,18545175.632604,0
GLW.US,D,20060307,000000,19.7761,19.7761,19.0143,19.405,19415257.721442,0
GLW.US,D,20060308,000000,19.2664,19.3981,18.607,18.8561,17173877.257747,0
GLW.US,D,20060309,000000,19.1715,19.3199,18.5144,18.613,10654264.583321,0
GLW.US,D,20060310,000000,18.8883,18.9851,18.3336,18.8561,9028878.6340954,0
GLW.US,D,20060313,000000,19.3825,19.7829,18.8493,18.9117,13582500.976604,0
GLW.US,D,20060314,000000,19.0368,19.5641,18.9928,19.3825,10910358.104143,0
GLW.US,D,20060315,000000,19.4772,20.1491,19.3523,20.1227,15440666.822972,0
GLW.US,D,20060316,000000,20.3826,21.114,20.2341,20.5368,26521670.65855,0
GLW.US,D,20060317,000000,20.5622,20.5701,20.031,20.0612,17928907.719614,0
GLW.US,D,20060320,000000,20.4499,20.9782,20.1658,20.8904,16178826.445778,0
GLW.US,D,20060321,000000,20.8279,21.0818,20.279,20.3659,15052770.639964,0
GLW.US,D,20060322,000000,20.4578,20.8347,20.2703,20.2897,11935551.359025,0
GLW.US,D,20060323,000000,20.3826,20.8347,20.1227,20.5916,12163117.228946,0
GLW.US,D,20060324,000000,20.5916,20.8689,20.3445,20.657,7784693.1640289,0
GLW.US,D,20060327,000000,20.614,20.9782,20.4792,20.657,10233411.078996,0
GLW.US,D,20060328,000000,20.6443,20.7801,20.0368,20.1413,10907810.480473,0
GLW.US,D,20060329,000000,20.1872,20.5222,19.9011,20.486,15832311.740005,0
GLW.US,D,20060330,000000,20.5222,20.8991,20.1814,20.2966,13718713.853881,0
GLW.US,D,20060331,000000,20.1941,20.3826,19.9947,20.0973,11814062.067257,0
GLW.US,D,20060403,000000,20.3659,20.8904,20.2839,20.5457,14986610.245852,0
GLW.US,D,20060404,000000,20.5017,20.53,20.0836,20.1052,16491179.647984,0
GLW.US,D,20060405,000000,20.2429,20.4187,19.7058,19.7399,18723312.688303,0
GLW.US,D,20060406,000000,19.7966,19.8834,19.446,19.6736,12272140.776922,0
GLW.US,D,20060407,000000,19.7966,20.0104,19.5641,19.5758,9021375.0222578,0
GLW.US,D,20060410,000000,19.5817,19.7136,19.24,19.2848,10610997.987444,0
GLW.US,D,20060411,000000,19.3356,19.6736,19.1344,19.5397,14799623.065002,0
GLW.US,D,20060412,000000,19.5641,20.0368,19.5397,19.9713,11201953.498056,0
GLW.US,D,20060413,000000,19.9713,20.4187,19.8463,20.2576,12470514.442985,0
GLW.US,D,20060417,000000,20.0455,20.2703,19.6189,19.7204,10927640.576931,0
GLW.US,D,20060418,000000,19.9011,20.322,19.7204,20.2488,10533314.920843,0
GLW.US,D,20060419,000000,20.2488,20.6364,20.2488,20.5222,12475601.498609,0
GLW.US,D,20060420,000000,20.5701,21.0623,20.5368,20.8826,11607796.706812,0
GLW.US,D,20060421,000000,21.3513,22.1083,21.2791,21.7205,28353857.501653,0
GLW.US,D,20060424,000000,21.7615,21.8298,21.0534,21.4851,18368633.913592,0
GLW.US,D,20060425,000000,21.4851,21.5241,20.4578,20.6062,19699215.36417,0
GLW.US,D,20060426,000000,20.4949,21.4051,20.3445,21.2019,26657485.213639,0
GLW.US,D,20060427,000000,21.1599,21.2469,20.861,21.0905,11567471.960937,0
GLW.US,D,20060428,000000,20.906,21.0476,20.3445,20.6297,15091484.689685,0
GLW.US,D,20060501,000000,20.7086,20.9636,20.4265,20.5622,8172323.1162681,0
GLW.US,D,20060502,000000,20.7086,20.8826,20.6062,20.7576,6349374.4808617,0
GLW.US,D,20060503,000000,20.7477,21.1423,20.7029,20.9851,9108575.8388637,0
GLW.US,D,20060504,000000,21.0534,21.3904,21.0534,21.2342,8024449.3312927,0
GLW.US,D,20060505,000000,21.4207,21.4451,20.9939,21.0818,6676999.0895837,0
GLW.US,D,20060508,000000,21.0173,21.1521,20.735,20.8132,7889170.3096363,0
GLW.US,D,20060509,000000,20.8689,20.9197,20.7576,20.8904,5117779.6782562,0
GLW.US,D,20060510,000000,20.7721,20.8279,20.279,20.2897,11915057.733572,0
GLW.US,D,20060511,000000,20.279,20.3757,18.8141,19.2184,22863992.676193,0
GLW.US,D,20060512,000000,18.6892,19.0778,18.3815,18.654,19417669.157834,0
GLW.US,D,20060515,000000,18.5545,18.7731,18.1266,18.3884,17298044.216677,0
GLW.US,D,20060516,000000,18.5144,18.654,18.2916,18.3737,12292636.450304,0
GLW.US,D,20060517,000000,18.1139,18.6422,18.0007,18.1569,17284112.155725,0
GLW.US,D,20060518,000000,18.2916,18.5993,17.8269,17.8269,11884382.829122,0
GLW.US,D,20060519,000000,17.9566,18.4773,17.4772,18.2916,17889258.790307,0
GLW.US,D,20060522,000000,18.0094,18.0094,16.818,17.3893,25563453.897484,0
GLW.US,D,20060523,000000,17.5446,17.8413,17.0923,17.1276,14803240.731572,0
GLW.US,D,20060524,000000,17.1276,17.4772,16.8355,17.358,14353063.955933,0
GLW.US,D,20060525,000000,17.8413,18.3336,17.5504,18.3336,14704794.736855,0
GLW.US,D,20060526,000000,18.4773,18.5545,18.3141,18.4937,8710902.8428332,0
GLW.US,D,20060530,000000,17.9566,18.1344,17.6276,17.7701,14903430.537827,0
GLW.US,D,20060531,000000,17.8814,18.2174,17.738,18.1061,12297860.717171,0
GLW.US,D,20060601,000000,18.1061,18.6969,18.0231,18.6638,9629739.9772556,0
GLW.US,D,20060602,000000,19.028,19.1862,18.3424,18.6207,11974258.240995,0
GLW.US,D,20060605,000000,18.4626,18.4997,17.9918,18.1061,10632296.448992,0
GLW.US,D,20060606,000000,18.1061,18.1784,17.6793,17.9566,10556619.328841,0
GLW.US,D,20060607,000000,17.6949,17.7701,16.2027,16.3864,39911156.375306,0
GLW.US,D,20060608,000000,16.0533,16.5495,15.439,16.233,36222807.584357,0
GLW.US,D,20060609,000000,16.984,17.3356,16.5435,16.6285,31601142.80099,0
GLW.US,D,20060612,000000,16.6129,16.65,15.3277,15.5864,32075964.354155,0
GLW.US,D,20060613,000000,15.4468,15.9107,15.2203,15.6782,26389202.41944,0
GLW.US,D,20060614,000000,15.6782,16.1939,15.6665,15.9966,16962384.558544,0
GLW.US,D,20060615,000000,16.188,17.105,16.0376,16.9771,17676963.302937,0
GLW.US,D,20060616,000000,16.8434,16.9263,16.4399,16.5211,13326803.730044,0
GLW.US,D,20060619,000000,16.5739,16.7408,16.069,16.149,12537218.562245,0
GLW.US,D,20060620,000000,16.149,16.2496,15.8433,16.0142,11635253.290847,0
GLW.US,D,20060621,000000,16.0533,16.5005,16.0055,16.2574,11245613.2963,0
GLW.US,D,20060622,000000,16.1246,16.3931,15.9176,16.0747,8954948.3973769,0
GLW.US,D,20060623,000000,16.0142,16.2741,15.941,16.0953,9269302.4262115,0
GLW.US,D,20060626,000000,16.2741,16.6636,16.2741,16.5739,13053558.803889,0
GLW.US,D,20060627,000000,16.2027,16.5495,16.2027,16.3296,13785953.506574,0
GLW.US,D,20060628,000000,16.3376,16.7847,16.2388,16.7154,17325761.91166,0
GLW.US,D,20060629,000000,16.7642,17.8346,16.7575,17.8269,17838494.72638,0
GLW.US,D,20060630,000000,17.8413,18.2916,17.7145,18.0602,12779248.954658,0
GLW.US,D,20060703,000000,17.7301,18.4176,17.7301,18.2848,4748772.5683328,0
GLW.US,D,20060705,000000,18.066,18.066,17.402,17.5446,11995553.630649,0
GLW.US,D,20060706,000000,17.4841,17.7145,17.2106,17.3502,11488185.365932,0
GLW.US,D,20060707,000000,16.5739,16.8434,16.023,16.5368,22327286.804659,0
GLW.US,D,20060710,000000,16.401,16.5289,15.2593,15.6588,25247616.144091,0
GLW.US,D,20060711,000000,15.3062,15.8433,15.2691,15.729,24381952.462059,0
GLW.US,D,20060712,000000,15.7153,15.9839,15.6509,15.815,13049274.536432,0
GLW.US,D,20060713,000000,15.6431,15.9839,15.3941,15.4176,15988625.04037,0
GLW.US,D,20060714,000000,15.8286,16.566,15.565,16.3931,29929147.011803,0
GLW.US,D,20060717,000000,16.2447,16.4927,16.1636,16.2388,9608710.8183707,0
GLW.US,D,20060718,000000,16.2388,16.6773,16.0953,16.3717,12429662.355394,0
GLW.US,D,20060719,000000,16.4566,16.9263,16.1939,16.9137,14231576.712093,0
GLW.US,D,20060720,000000,17.0993,17.358,16.7974,16.9322,12480557.486777,0
GLW.US,D,20060721,000000,16.941,16.941,16.1559,16.3511,14224749.940788,0
GLW.US,D,20060724,000000,16.3511,16.6559,16.1168,16.2985,12741610.067659,0
GLW.US,D,20060725,000000,16.2027,16.2906,15.9839,16.1636,24388113.656441,0
GLW.US,D,20060726,000000,15.0221,15.0963,13.7447,13.8277,80063406.215511,0
GLW.US,D,20060727,000000,14.0884,14.1314,13.4985,13.6479,25126268.159424,0
GLW.US,D,20060728,000000,13.8872,14.5289,13.7221,14.2798,23715457.042539,0
GLW.US,D,20060731,000000,14.3589,14.4712,14.1558,14.2368,14141570.232764,0
GLW.US,D,20060801,000000,14.1401,14.1733,13.4917,13.5873,24056605.15038,0
GLW.US,D,20060802,000000,13.5873,13.7134,13.0649,13.4399,33187018.056116,0
GLW.US,D,20060803,000000,13.2612,13.9556,13.2358,13.7905,21777719.939036,0
GLW.US,D,20060804,000000,14.1098,14.1655,13.4331,13.6479,15854148.806879,0
GLW.US,D,20060807,000000,13.5873,13.8999,13.4458,13.8334,16919520.380714,0
GLW.US,D,20060808,000000,13.8334,13.9624,13.3384,13.4458,16451930.064831,0
GLW.US,D,20060809,000000,13.6264,13.7447,13.1118,13.3061,29128176.382758,0
GLW.US,D,20060810,000000,13.2925,13.729,13.268,13.729,18989730.843151,0
GLW.US,D,20060811,000000,13.5873,14.1987,13.5337,14.1479,21492697.373232,0
GLW.US,D,20060814,000000,14.3296,14.5503,14.1225,14.2748,19769264.775443,0
GLW.US,D,20060815,000000,14.6333,15.0884,14.6333,14.984,23818595.866548,0
GLW.US,D,20060816,000000,15.3062,15.6265,15.1939,15.5435,19872399.503593,0
GLW.US,D,20060817,000000,15.5435,16.0835,15.5005,15.6665,20418080.423948,0
GLW.US,D,20060818,000000,15.7515,15.8072,15.2896,15.6725,14557592.672589,0
GLW.US,D,20060821,000000,15.314,15.6265,15.314,15.5503,11272269.140098,0
GLW.US,D,20060822,000000,15.5572,15.7515,15.3424,15.3424,9869496.1445194,0
GLW.US,D,20060823,000000,15.5503,15.6998,15.2818,15.5239,13234112.415802,0
GLW.US,D,20060824,000000,15.8286,16.0533,15.5719,15.8872,14252873.125711,0
GLW.US,D,20060825,000000,16.0055,16.9683,15.9488,16.2741,20993630.388695,0
GLW.US,D,20060828,000000,16.2741,16.3296,15.9566,16.1168,13416679.141917,0
GLW.US,D,20060829,000000,16.233,16.5289,16.1636,16.4322,20365302.221854,0
GLW.US,D,20060830,000000,16.478,17.1538,16.4703,16.9137,24574155.71806,0
GLW.US,D,20060831,000000,17.0923,17.0923,16.5005,16.606,16843171.539854,0
GLW.US,D,20060901,000000,16.6559,16.7232,16.2388,16.4245,14672376.020864,0
GLW.US,D,20060905,000000,16.3209,16.8111,16.1412,16.7008,17783714.673694,0
GLW.US,D,20060906,000000,16.3864,16.9556,16.2662,16.357,28675184.728716,0
GLW.US,D,20060907,000000,16.2086,16.2662,15.8072,15.9693,17333404.78267,0
GLW.US,D,20060908,000000,16.0747,16.3296,15.9839,16.233,15250071.191232,0
GLW.US,D,20060911,000000,16.0533,16.3864,15.9009,16.1939,18365156.530159,0
GLW.US,D,20060912,000000,16.4175,16.984,16.2741,16.8492,21126494.902067,0
GLW.US,D,20060913,000000,16.9137,17.0514,16.65,16.7916,15599120.209136,0
GLW.US,D,20060914,000000,16.7974,17.2027,16.7711,17.0993,15443482.725341,0
GLW.US,D,20060915,000000,17.358,17.3961,17.0074,17.2271,17092569.356825,0
GLW.US,D,20060918,000000,17.1491,17.4176,16.9263,17.0211,11701151.550048,0
GLW.US,D,20060919,000000,17.1685,17.6276,16.984,17.3658,25497684.65781,0
GLW.US,D,20060920,000000,17.6715,18.278,17.6276,18.1784,30273377.252782,0
GLW.US,D,20060921,000000,18.0895,18.278,17.525,17.6129,22156108.611685,0
GLW.US,D,20060922,000000,17.5387,17.8503,17.3746,17.8199,10917324.13462,0
GLW.US,D,20060925,000000,17.9283,17.9636,17.4996,17.7467,16333254.627502,0
GLW.US,D,20060926,000000,17.8005,18.2321,17.6949,18.1569,17764696.581081,0
GLW.US,D,20060927,000000,18.1432,18.4352,18.0514,18.2174,14972276.790816,0
GLW.US,D,20060928,000000,18.404,18.4626,18.1061,18.4626,10975715.710088,0
GLW.US,D,20060929,000000,18.4693,18.5915,18.2097,18.2233,11338435.677997,0
GLW.US,D,20061002,000000,18.2848,18.3336,17.8413,17.8814,12121593.420645,0
GLW.US,D,20061003,000000,17.864,18.0602,17.5885,17.9118,8277871.3287399,0
GLW.US,D,20061004,000000,17.8269,18.278,17.738,18.1344,16620563.706029,0
GLW.US,D,20061005,000000,18.2233,18.6638,18.0749,18.5993,16450054.161872,0
GLW.US,D,20061006,000000,18.442,18.567,18.2565,18.358,11114753.705415,0
GLW.US,D,20061009,000000,18.1657,18.4274,18.1432,18.278,6009430.5552705,0
GLW.US,D,20061010,000000,18.3668,18.7213,18.3424,18.4352,11607252.981664,0
GLW.US,D,20061011,000000,18.4352,18.7936,18.2995,18.5993,11276955.825604,0
GLW.US,D,20061012,000000,18.6803,18.8141,18.5545,18.6969,11300260.233602,0
GLW.US,D,20061013,000000,18.5769,18.8718,18.5211,18.8141,10986039.320152,0
GLW.US,D,20061016,000000,18.8141,19.0925,18.654,18.6638,8103746.1659424,0
GLW.US,D,20061017,000000,18.567,18.5846,18.1266,18.4626,9903119.0427588,0
GLW.US,D,20061018,000000,18.4626,18.5769,18.0446,18.2321,13899537.792422,0
GLW.US,D,20061019,000000,18.0514,18.1061,17.4772,17.7301,16652440.7448,0
GLW.US,D,20061020,000000,17.7789,17.8062,17.2848,17.3658,21211684.652399,0
GLW.US,D,20061023,000000,17.5817,17.7789,17.3199,17.4635,18739387.906948,0
GLW.US,D,20061024,000000,17.3199,17.3815,16.6197,17.276,32469757.548705,0
GLW.US,D,20061025,000000,16.5142,16.5142,15.4713,15.7828,79336639.221704,0
GLW.US,D,20061026,000000,15.8638,15.9332,15.6782,15.8365,34828474.104167,0
GLW.US,D,20061027,000000,15.9009,15.9966,15.314,15.3726,30446702.699306,0
GLW.US,D,20061030,000000,15.2691,15.565,15.1656,15.4537,31440812.487903,0
GLW.US,D,20061031,000000,15.5298,15.6665,15.1695,15.2525,22126370.634749,0
GLW.US,D,20061101,000000,15.4009,15.5239,15.0278,15.1499,15944960.122303,0
GLW.US,D,20061102,000000,15.1118,15.1939,14.7047,15.1656,20679533.37495,0
GLW.US,D,20061103,000000,15.4253,15.4927,15.1177,15.314,18617230.990327,0
GLW.US,D,20061106,000000,15.3648,15.4537,15.1656,15.3785,15851869.461908,0
GLW.US,D,20061107,000000,15.4713,15.8286,15.4537,15.729,31130342.356408,0
GLW.US,D,20061108,000000,15.5298,15.6431,15.1939,15.439,19714485.74672,0
GLW.US,D,20061109,000000,15.5796,15.6431,15.0151,15.0278,18468555.44115,0
GLW.US,D,20061110,000000,15.0719,15.1235,14.8999,15.0221,13725281.562169,0
GLW.US,D,20061113,000000,14.9399,15.5005,14.9322,15.4468,21572520.525634,0
GLW.US,D,20061114,000000,15.5864,16.0533,15.5162,15.9107,38830777.577797,0
GLW.US,D,20061115,000000,15.9761,16.0747,15.8638,15.9566,21664006.633661,0
GLW.US,D,20061116,000000,16.2027,16.2741,15.941,16.1324,21872283.060379,0
GLW.US,D,20061117,000000,16.1324,16.1636,15.7437,15.8365,14236669.911503,0
GLW.US,D,20061120,000000,15.7153,15.8286,15.4713,15.6265,17273928.828797,0
GLW.US,D,20061121,000000,15.7594,15.8501,15.5162,15.6782,20991883.505262,0
GLW.US,D,20061122,000000,15.8072,16.1011,15.7515,16.0835,23831315.553536,0
GLW.US,D,20061124,000000,15.9253,16.1412,15.8638,15.9566,5001118.3790932,0
GLW.US,D,20061127,000000,16.0874,16.1246,15.5298,15.6725,22629192.497098,0
GLW.US,D,20061128,000000,15.6782,15.7915,15.4713,15.6187,23926414.208312,0
GLW.US,D,20061129,000000,15.7515,16.0533,15.729,16.0454,19527099.219716,0
GLW.US,D,20061130,000000,16.0747,16.2027,15.6852,16.0953,15300568.000427,0
GLW.US,D,20061201,000000,15.3579,16.0874,14.5435,15.6919,24126120.052186,0
GLW.US,D,20061204,000000,15.6919,15.8072,15.5435,15.6725,19322169.108976,0
GLW.US,D,20061205,000000,15.8219,16.4245,15.7994,16.3784,29171174.699936,0
GLW.US,D,20061206,000000,16.4626,16.6773,16.3296,16.3453,25227926.33077,0
GLW.US,D,20061207,000000,16.2388,16.2741,15.3511,15.7153,48374398.044956,0
GLW.US,D,20061208,000000,15.565,15.6782,15.3277,15.4537,17787733.734345,0
GLW.US,D,20061211,000000,15.6725,15.6725,15.0806,15.1695,23367609.134991,0
GLW.US,D,20061212,000000,14.9322,15.0074,14.6265,14.7437,45901699.905422,0
GLW.US,D,20061213,000000,14.7759,14.9243,14.4995,14.6011,18947931.588399,0
GLW.US,D,20061214,000000,14.6939,14.9165,14.5591,14.7906,20395712.943465,0
GLW.US,D,20061215,000000,14.9165,15.0074,14.4858,14.5503,27340320.034644,0
GLW.US,D,20061218,000000,14.7114,14.8638,14.5142,14.6011,16661950.303088,0
GLW.US,D,20061219,000000,14.2964,14.4155,13.9692,14.1401,33021996.961666,0
GLW.US,D,20061220,000000,14.2514,14.6656,14.1479,14.3364,24871510.912273,0
GLW.US,D,20061221,000000,14.3364,14.3589,14.0356,14.2964,25386780.087052,0
GLW.US,D,20061222,000000,14.3463,14.3999,14.0961,14.1157,14244838.076299,0
GLW.US,D,20061226,000000,14.0356,14.2368,13.9556,14.0279,10656137.414387,0
GLW.US,D,20061227,000000,14.0737,14.2368,14.0737,14.1929,12153205.252611,0
GLW.US,D,20061228,000000,14.1225,14.1479,13.9985,14.0445,11983770.871177,0
GLW.US,D,20061229,000000,13.9624,14.0816,13.8999,13.9692,12588248.856942,0
GLW.US,D,20070103,000000,14.1401,14.3794,13.894,14.0737,32913907.269312,0
GLW.US,D,20070104,000000,13.9477,14.6333,13.8999,14.5874,36872821.271326,0
GLW.US,D,20070105,000000,14.4155,14.6656,14.1157,14.2153,27344610.445889,0
GLW.US,D,20070108,000000,14.1225,14.2964,13.8501,13.9166,34284268.716652,0
GLW.US,D,20070109,000000,14.1314,14.2584,13.6762,13.7827,51362775.969033,0
GLW.US,D,20070110,000000,13.813,14.1792,13.5278,14.1558,39540004.05976,0
GLW.US,D,20070111,000000,13.6762,14.5874,13.6762,14.4995,38210363.632556,0
GLW.US,D,20070112,000000,14.5435,14.9917,14.4449,14.9556,38505971.943336,0
GLW.US,D,20070116,000000,14.8999,15.0806,14.7818,14.9703,22478371.742298,0
GLW.US,D,20070117,000000,14.8638,14.8638,14.3794,14.521,34809584.007116,0
GLW.US,D,20070118,000000,14.4078,14.6265,14.3707,14.4449,27248570.767741,0
GLW.US,D,20070119,000000,14.3999,14.5806,14.3707,14.4292,26150788.669631,0
GLW.US,D,20070122,000000,14.4995,14.521,14.0445,14.187,21410185.290059,0
GLW.US,D,20070123,000000,14.1479,14.187,13.8872,14.0669,19055888.165369,0
GLW.US,D,20070124,000000,15.0884,15.7437,15.0806,15.6021,87821849.025683,0
GLW.US,D,20070125,000000,15.9566,16.2086,15.6431,15.7994,36385942.536203,0
GLW.US,D,20070126,000000,15.8638,15.9009,15.6431,15.8286,16085602.669998,0
GLW.US,D,20070129,000000,15.7915,15.8872,15.5239,15.6187,14862576.402307,0
GLW.US,D,20070130,000000,15.5005,15.6852,15.4078,15.439,17804610.717194,0
GLW.US,D,20070131,000000,15.4849,15.6588,15.1588,15.5572,18657009.963125,0
GLW.US,D,20070201,000000,15.6782,15.7828,15.4537,15.5719,14297880.461234,0
GLW.US,D,20070202,000000,15.5719,15.8501,15.565,15.7437,18758405.99956,0
GLW.US,D,20070205,000000,15.8219,16.1089,15.8072,15.9488,20341599.491668,0
GLW.US,D,20070206,000000,16.0533,16.7311,16.0142,16.7008,49447542.53329,0
GLW.US,D,20070207,000000,16.8111,17.0211,16.6197,16.7154,32417783.158742,0
GLW.US,D,20070208,000000,16.6363,16.9322,16.6129,16.7916,22170302.807549,0
GLW.US,D,20070209,000000,16.5368,16.7974,16.0533,16.1168,30999615.880908,0
GLW.US,D,20070212,000000,16.1324,16.315,15.9966,16.1246,16249538.36208,0
GLW.US,D,20070213,000000,16.2818,16.4245,16.2183,16.3667,16302638.089027,0
GLW.US,D,20070214,000000,16.3376,16.7486,16.2447,16.606,20733330.421719,0
GLW.US,D,20070215,000000,16.5973,16.7311,16.3931,16.4626,16324688.140516,0
GLW.US,D,20070216,000000,16.3717,16.4245,16.0835,16.2183,20739534.622609,0
GLW.US,D,20070220,000000,16.0953,16.4245,16.0611,16.2261,14192197.085448,0
GLW.US,D,20070221,000000,16.1803,16.3931,16.0142,16.3511,13948023.535342,0
GLW.US,D,20070222,000000,16.4245,16.5289,16.233,16.2496,18233625.218563,0
GLW.US,D,20070223,000000,16.2496,16.2741,16.0874,16.1324,14354265.066288,0
GLW.US,D,20070226,000000,16.1636,16.3376,15.9888,16.069,13554581.560616,0
GLW.US,D,20070227,000000,15.6782,15.7594,14.6011,15.2134,35945546.669444,0
GLW.US,D,20070228,000000,15.3062,15.5864,15.0278,15.4009,25293020.77784,0
GLW.US,D,20070301,000000,14.9703,15.6588,14.8003,15.5005,31540349.00481,0
GLW.US,D,20070302,000000,15.2896,15.4761,15.105,15.1588,23120351.40382,0
GLW.US,D,20070305,000000,14.9322,15.4312,14.8872,15.0367,17901482.878478,0
GLW.US,D,20070306,000000,15.439,15.4927,15.2203,15.4009,16919787.635448,0
GLW.US,D,20070307,000000,15.3511,15.8433,15.3277,15.6725,24707694.00007,0
GLW.US,D,20070308,000000,15.9488,16.0376,15.7594,15.8501,19430931.546005,0
GLW.US,D,20070309,000000,16.1089,16.1412,15.8638,15.9566,15531347.070941,0
GLW.US,D,20070312,000000,15.9566,16.3864,15.9107,16.2496,14882132.076281,0
GLW.US,D,20070313,000000,16.069,16.3667,15.8872,15.9176,18799528.413778,0
GLW.US,D,20070314,000000,15.8872,16.188,15.7515,16.1246,18967088.940183,0
GLW.US,D,20070315,000000,16.0874,16.2496,15.941,16.233,20272351.844596,0
GLW.US,D,20070316,000000,16.2388,16.5582,16.1559,16.2496,25005985.097834,0
GLW.US,D,20070319,000000,16.5005,16.8638,16.4626,16.7642,23099997.037538,0
GLW.US,D,20070320,000000,16.7232,17.1685,16.6851,17.1276,22421842.75825,0
GLW.US,D,20070321,000000,17.1685,17.3287,16.9556,17.2594,15050901.904755,0
GLW.US,D,20070322,000000,17.2027,17.2848,16.9556,17.1276,17442830.748693,0
GLW.US,D,20070323,000000,17.1685,17.2594,17.0514,17.1628,11620491.818653,0
GLW.US,D,20070326,000000,17.0602,17.1207,16.7916,17.0993,15718228.783447,0
GLW.US,D,20070327,000000,17.0074,17.2848,16.8902,17.234,16794551.657583,0
GLW.US,D,20070328,000000,17.1402,17.4176,16.9137,17.114,19028450.012695,0
GLW.US,D,20070329,000000,17.2106,17.2896,16.7847,17.0416,17554975.340458,0
GLW.US,D,20070330,000000,16.984,17.1491,16.7154,16.9771,13712284.380802,0
GLW.US,D,20070402,000000,16.8111,17.0211,16.7486,16.9625,11154053.462828,0
GLW.US,D,20070403,000000,17.0368,17.276,16.9927,17.2027,15142379.821068,0
GLW.US,D,20070404,000000,17.1491,17.2848,17.0279,17.2594,18233249.423592,0
GLW.US,D,20070405,000000,17.2535,17.8152,17.2183,17.6129,23613438.435691,0
GLW.US,D,20070409,000000,17.738,17.7467,17.3961,17.5573,10527702.571433,0
GLW.US,D,20070410,000000,17.5573,17.9479,17.5387,17.7467,20281274.671227,0
GLW.US,D,20070411,000000,17.864,17.9401,17.6949,17.7037,21462713.644816,0
GLW.US,D,20070412,000000,17.6129,17.8413,17.4469,17.7925,16717651.923823,0
GLW.US,D,20070413,000000,17.9195,17.9195,17.566,17.7213,10879646.33697,0
GLW.US,D,20070416,000000,17.8346,17.9566,17.7145,17.9283,14149064.62892,0
GLW.US,D,20070417,000000,17.9195,17.9283,17.5817,17.6872,16906105.421833,0
GLW.US,D,20070418,000000,17.4704,17.8005,17.3199,17.6442,18201722.580678,0
GLW.US,D,20070419,000000,17.7301,17.7301,17.4841,17.5885,11726572.492662,0
GLW.US,D,20070420,000000,17.8062,17.8062,17.105,17.5329,30082588.091752,0
GLW.US,D,20070423,000000,17.5738,17.7145,17.358,17.4117,11056319.123437,0
GLW.US,D,20070424,000000,17.4704,17.7858,17.1402,17.7145,25013483.589849,0
GLW.US,D,20070425,000000,18.6344,19.0612,18.2916,18.6481,59005408.394539,0
GLW.US,D,20070426,000000,18.8561,18.9625,18.3336,18.5993,21769541.534595,0
GLW.US,D,20070427,000000,18.3737,18.4693,18.1344,18.2174,17415887.170871,0
GLW.US,D,20070430,000000,18.1344,18.1998,17.6568,17.7076,19385582.206341,0
GLW.US,D,20070501,000000,17.5387,17.6872,17.1765,17.5885,26909405.055168,0
GLW.US,D,20070502,000000,17.5953,18.0378,17.5885,17.7858,14379233.416594,0
GLW.US,D,20070503,000000,17.7925,18.0983,17.3199,17.8971,10324498.864835,0
GLW.US,D,20070504,000000,18.1843,18.2565,17.7925,17.8884,15657573.222475,0
GLW.US,D,20070507,000000,17.9283,18.1266,17.7925,17.8152,8484595.4252793,0
GLW.US,D,20070508,000000,17.7634,17.9118,17.5094,17.7145,12152718.869475,0
GLW.US,D,20070509,000000,17.6568,17.8717,17.5504,17.6872,15084092.689977,0
GLW.US,D,20070510,000000,17.5885,17.6276,17.2477,17.3893,16997646.823944,0
GLW.US,D,20070511,000000,17.5094,17.8005,17.44,17.7145,15909798.205424,0
GLW.US,D,20070514,000000,17.7145,17.8971,17.3434,17.4254,15056996.541444,0
GLW.US,D,20070515,000000,17.5446,17.6949,17.3199,17.4176,16348111.328395,0
GLW.US,D,20070516,000000,17.738,17.8346,17.566,17.7925,18163927.027113,0
GLW.US,D,20070517,000000,17.7858,17.864,17.6051,17.6872,13306794.439798,0
GLW.US,D,20070518,000000,17.7213,17.8717,17.6217,17.859,15256400.315791,0
GLW.US,D,20070521,000000,17.7701,18.4626,17.6949,18.3063,27205521.252337,0
GLW.US,D,20070522,000000,18.3278,18.5368,18.192,18.3737,19194938.448269,0
GLW.US,D,20070523,000000,18.4176,18.6481,18.3424,18.3668,23471751.444209,0
GLW.US,D,20070524,000000,18.2321,18.4499,17.7634,17.9039,22564576.241448,0
GLW.US,D,20070525,000000,17.8814,18.0983,17.7076,18.0378,10324749.736137,0
GLW.US,D,20070529,000000,18.0749,18.2916,17.9401,18.066,10418567.411326,0
GLW.US,D,20070530,000000,17.9118,18.6422,17.8346,18.567,21040534.106467,0
GLW.US,D,20070531,000000,18.5545,18.6725,18.4274,18.6638,16151778.423577,0
GLW.US,D,20070601,000000,18.778,19.3981,18.6638,19.1491,25303934.191454,0
GLW.US,D,20070604,000000,19.1344,19.5905,19.028,19.3904,23509214.209313,0
GLW.US,D,20070605,000000,19.2106,19.4841,19.0446,19.2184,22621174.855082,0
GLW.US,D,20070606,000000,19.0925,19.2029,18.8493,19.1648,19075884.144076,0
GLW.US,D,20070607,000000,19.1559,19.2791,18.7555,18.778,18801316.255792,0
GLW.US,D,20070608,000000,18.778,19.113,18.6638,19.1081,17221839.754811,0
GLW.US,D,20070611,000000,19.1491,19.4606,19.0778,19.3669,16214273.024787,0
GLW.US,D,20070612,000000,19.3289,19.3356,18.8796,18.8883,17609983.737228,0
GLW.US,D,20070613,000000,19.0065,19.4342,18.944,19.4138,16774971.408463,0
GLW.US,D,20070614,000000,19.3904,19.5964,19.3737,19.4284,12255934.490822,0
GLW.US,D,20070615,000000,19.5075,19.9098,19.4841,19.6647,21511816.838329,0
GLW.US,D,20070618,000000,19.7058,19.7136,19.4938,19.5758,15191229.071385,0
GLW.US,D,20070619,000000,19.4138,19.4342,18.9284,19.3981,28700172.534347,0
GLW.US,D,20070620,000000,19.5817,19.697,19.0778,19.113,19972874.995945,0
GLW.US,D,20070621,000000,19.0202,19.3904,18.9928,19.1775,30802564.153011,0
GLW.US,D,20070622,000000,19.1491,19.2184,19.0006,19.028,18884450.909377,0
GLW.US,D,20070625,000000,19.0368,19.3737,19.0065,19.1559,14210435.941077,0
GLW.US,D,20070626,000000,19.2253,19.3356,18.8141,18.9577,19210864.1681,0
GLW.US,D,20070627,000000,18.8972,19.113,18.7457,19.0846,12993732.654159,0
GLW.US,D,20070628,000000,19.2253,19.2791,19.0143,19.1862,10803933.378061,0
GLW.US,D,20070629,000000,19.1862,19.2975,18.9284,19.0778,11354457.65049,0
GLW.US,D,20070702,000000,19.2574,19.2791,19.1491,19.232,7904949.6025426,0
GLW.US,D,20070703,000000,19.359,19.3981,19.2791,19.3356,4671773.5100154,0
GLW.US,D,20070705,000000,19.3737,19.3737,19.0202,19.1715,14330393.381959,0
GLW.US,D,20070706,000000,19.2664,19.3289,19.0778,19.2791,12220373.227788,0
GLW.US,D,20070709,000000,19.405,19.7351,19.3737,19.5641,14776814.25582,0
GLW.US,D,20070710,000000,19.4138,19.4694,19.2029,19.3289,22664126.069894,0
GLW.US,D,20070711,000000,19.3356,19.5905,19.2975,19.4411,11915057.733572,0
GLW.US,D,20070712,000000,19.6256,20.322,19.4411,20.322,26689835.324008,0
GLW.US,D,20070713,000000,20.322,20.322,19.987,20.1941,15855199.394454,0
GLW.US,D,20070716,000000,20.1814,20.2341,19.9499,20.0973,11700614.992651,0
GLW.US,D,20070717,000000,20.1413,20.2253,19.9499,20.0154,10657582.228293,0
GLW.US,D,20070718,000000,19.8396,20.0027,19.6413,19.9568,14968256.706199,0
GLW.US,D,20070719,000000,20.2703,20.3445,20.0525,20.0759,12581550.081199,0
GLW.US,D,20070720,000000,20.0027,20.1491,19.7399,19.8054,13680545.577238,0
GLW.US,D,20070723,000000,20.2165,20.2897,19.6804,19.9402,29060135.989829,0
GLW.US,D,20070724,000000,19.7966,19.9011,19.5397,19.5554,26260885.332401,0
GLW.US,D,20070725,000000,18.5993,19.0612,18.151,18.4499,69860495.967,0
GLW.US,D,20070726,000000,18.1784,18.5144,17.8062,18.1998,39462357.855881,0
GLW.US,D,20070727,000000,18.1344,18.404,17.5573,17.5738,27177178.939012,0
GLW.US,D,20070730,000000,17.8005,18.2321,17.7301,18.1657,20084024.294219,0
GLW.US,D,20070731,000000,18.4626,18.4693,17.7701,17.8005,21175386.134928,0
GLW.US,D,20070801,000000,17.7634,18.1061,17.6129,18.0827,21425273.40693,0
GLW.US,D,20070802,000000,18.2097,18.32,17.7701,17.9772,22358359.007334,0
GLW.US,D,20070803,000000,17.9693,17.9918,17.5738,17.5738,19194120.300637,0
GLW.US,D,20070806,000000,17.6872,17.8005,16.7575,17.44,36535292.877983,0
GLW.US,D,20070807,000000,17.3199,17.6442,16.9556,17.3043,25277221.005643,0
GLW.US,D,20070808,000000,17.4772,17.9401,17.4772,17.9401,27439173.567231,0
GLW.US,D,20070809,000000,17.6793,17.9195,17.2398,17.6129,24761407.081751,0
GLW.US,D,20070810,000000,17.44,17.8884,16.818,17.5094,29083043.099603,0
GLW.US,D,20070813,000000,17.983,18.1432,17.6129,17.6793,18206835.235416,0
GLW.US,D,20070814,000000,17.859,17.9118,17.4176,17.4176,17522527.953461,0
GLW.US,D,20070815,000000,17.4176,17.5446,17.0416,17.1207,18208689.63512,0
GLW.US,D,20070816,000000,16.9479,17.114,16.0309,16.7711,32194370.488821,0
GLW.US,D,20070817,000000,17.2477,17.402,16.8053,17.1685,25027280.487487,0
GLW.US,D,20070820,000000,17.3434,17.8062,17.1628,17.6217,18979548.540189,0
GLW.US,D,20070821,000000,17.358,17.6344,17.2398,17.44,15073000.082576,0
GLW.US,D,20070822,000000,17.6872,17.8152,17.4704,17.6217,17361794.198362,0
GLW.US,D,20070823,000000,17.7634,17.7701,17.3434,17.4635,12814609.520649,0
GLW.US,D,20070824,000000,17.4333,17.9195,17.3287,17.8971,13672806.453567,0
GLW.US,D,20070827,000000,17.8269,17.9118,17.5094,17.6129,12090465.923886,0
GLW.US,D,20070828,000000,17.4772,17.5387,17.105,17.1276,13898066.35544,0
GLW.US,D,20070829,000000,17.2398,17.7037,17.2183,17.6872,12037340.597827,0
GLW.US,D,20070830,000000,17.4117,17.7301,17.1939,17.3199,17468009.011722,0
GLW.US,D,20070831,000000,17.6051,17.6344,17.2027,17.4469,15719400.198834,0
GLW.US,D,20070904,000000,17.4704,18.442,17.4557,18.0309,22388821.951136,0
GLW.US,D,20070905,000000,17.8269,18.1998,17.7301,18.0162,20370797.839313,0
GLW.US,D,20070906,000000,18.1569,18.8356,18.0162,18.8005,26317276.081241,0
GLW.US,D,20070907,000000,18.4352,18.8288,18.2565,18.4499,21891975.945594,0
GLW.US,D,20070910,000000,18.8073,18.9196,18.442,18.5993,18436677.378414,0
GLW.US,D,20070911,000000,18.6803,18.8972,18.6344,18.8005,12588783.366409,0
GLW.US,D,20070912,000000,18.7076,19.0925,18.654,18.6969,15117335.697388,0
GLW.US,D,20070913,000000,18.7731,18.8356,17.9039,17.9772,26984748.362893,0
GLW.US,D,20070914,000000,17.8152,17.9479,17.4772,17.7145,19805546.909482,0
GLW.US,D,20070917,000000,17.7467,17.8346,17.2896,17.4772,15766866.073113,0
GLW.US,D,20070918,000000,17.7554,18.0094,17.5446,17.9342,28823456.835879,0
GLW.US,D,20070919,000000,18.5465,18.6422,17.6442,17.9342,35960514.982468,0
GLW.US,D,20070920,000000,18.0309,18.066,17.6442,17.8062,24011471.867224,0
GLW.US,D,20070921,000000,17.9283,18.0309,17.6949,17.8971,23994121.812779,0
GLW.US,D,20070924,000000,17.9195,18.1266,17.8413,17.9693,15668338.161237,0
GLW.US,D,20070925,000000,17.9039,18.0162,17.738,17.983,11521001.380147,0
GLW.US,D,20070926,000000,18.1432,18.2916,17.9566,18.0378,18534773.177273,0
GLW.US,D,20070927,000000,18.0231,18.6277,17.9918,18.5915,19432131.632397,0
GLW.US,D,20070928,000000,18.5465,18.5769,18.3278,18.404,15464135.06529,0
GLW.US,D,20071001,000000,18.4773,18.9117,18.404,18.7301,14479904.486165,0
GLW.US,D,20071002,000000,18.7028,19.232,18.7028,18.9782,18323380.826591,0
GLW.US,D,20071003,000000,18.9625,18.9782,18.654,18.8718,18759347.022934,0
GLW.US,D,20071004,000000,18.905,18.9117,18.6207,18.8073,11879043.878232,0
GLW.US,D,20071005,000000,19.0202,19.446,18.9625,19.4206,16953442.276588,0
GLW.US,D,20071008,000000,19.2975,19.5153,19.0846,19.3054,10211451.136384,0
GLW.US,D,20071009,000000,19.4206,19.8904,19.2711,19.6256,13946279.723802,0
GLW.US,D,20071010,000000,19.6256,19.9402,19.5075,19.6256,12780588.30022,0
GLW.US,D,20071011,000000,19.7761,20.0104,19.3356,19.5554,18002570.701599,0
GLW.US,D,20071012,000000,19.4938,19.6736,19.2664,19.4694,14983325.367745,0
GLW.US,D,20071015,000000,19.4138,19.5964,18.8883,19.1344,14639565.126471,0
GLW.US,D,20071016,000000,19.0006,19.07,18.7155,18.8718,13081357.392067,0
GLW.US,D,20071017,000000,19.1862,19.2664,18.7155,19.0065,12038147.481851,0
GLW.US,D,20071018,000000,18.9928,19.1198,18.8639,19.0368,9921467.4625893,0
GLW.US,D,20071019,000000,18.8972,19.0006,18.404,18.4176,21497654.385364,0
GLW.US,D,20071022,000000,18.3063,18.4773,18.1061,18.4118,13771482.840295,0
GLW.US,D,20071023,000000,18.613,18.8288,18.3278,18.4693,19301005.810742,0
GLW.US,D,20071024,000000,17.6129,17.9039,16.8111,17.3199,62913766.197418,0
GLW.US,D,20071025,000000,17.44,17.44,16.5064,17.2477,38126991.419207,0
GLW.US,D,20071026,000000,17.4117,17.983,17.0993,17.6344,26568551.849103,0
GLW.US,D,20071029,000000,17.7554,17.9342,17.6568,17.7634,16463986.222825,0
GLW.US,D,20071030,000000,17.651,17.738,17.525,17.6276,11626526.041435,0
GLW.US,D,20071031,000000,18.1784,18.2565,17.8346,18.1217,26288748.430342,0
GLW.US,D,20071101,000000,17.9195,18.0446,17.7301,17.7701,21333703.333813,0
GLW.US,D,20071102,000000,17.8062,17.9693,17.7076,17.8503,14916192.20736,0
GLW.US,D,20071105,000000,17.6949,17.7301,17.1939,17.4841,15818467.74,0
GLW.US,D,20071106,000000,17.5094,18.1061,17.4996,18.0602,19365245.247456,0
GLW.US,D,20071107,000000,17.8152,17.9566,17.4176,17.4469,16274418.651441,0
GLW.US,D,20071108,000000,17.4704,17.4772,15.565,16.3864,43544603.261795,0
GLW.US,D,20071109,000000,16.1412,16.4566,15.8872,15.9107,27741820.609967,0
GLW.US,D,20071112,000000,15.9888,16.2388,15.8638,16.0142,17785107.26541,0
GLW.US,D,20071113,000000,17.4704,17.6442,17.0514,17.5738,31091879.177989,0
GLW.US,D,20071114,000000,17.8884,17.983,17.5387,17.5504,24892960.920565,0
GLW.US,D,20071115,000000,17.6949,17.9195,17.3502,17.5817,22267497.51765,0
GLW.US,D,20071116,000000,17.8413,17.8413,17.1685,17.4254,21778824.796728,0
GLW.US,D,20071119,000000,17.3502,17.3961,16.8053,16.9479,17247519.760443,0
GLW.US,D,20071120,000000,17.1207,17.2271,16.3209,16.7486,19085672.220707,0
GLW.US,D,20071121,000000,16.4108,16.8571,16.1324,16.5739,15031528.496464,0
GLW.US,D,20071123,000000,16.7154,17.2271,16.65,17.1939,8840434.3517651,0
GLW.US,D,20071126,000000,17.5817,17.6637,17.0993,17.1207,17240655.102451,0
GLW.US,D,20071127,000000,17.3961,17.738,17.2896,17.7145,20733210.617872,0
GLW.US,D,20071128,000000,17.8503,18.2916,17.8062,17.9566,25496658.645384,0
GLW.US,D,20071129,000000,17.9195,18.2916,17.8814,18.1657,13377449.014089,0
GLW.US,D,20071130,000000,18.3424,18.404,18.0514,18.1344,15399163.49396,0
GLW.US,D,20071203,000000,18.2916,18.4937,18.0309,18.358,15128932.095322,0
GLW.US,D,20071204,000000,18.2848,18.4693,18.1432,18.2174,11880878.822612,0
GLW.US,D,20071205,000000,18.404,18.778,18.358,18.607,14924355.252334,0
GLW.US,D,20071206,000000,18.7213,18.8493,18.4118,18.7731,11576864.787272,0
GLW.US,D,20071207,000000,18.778,18.778,18.3737,18.607,9122080.906621,0
GLW.US,D,20071210,000000,18.6207,18.944,18.5915,18.8883,8601301.7788803,0
GLW.US,D,20071211,000000,18.9577,19.1267,18.3063,18.442,14369617.365999,0
GLW.US,D,20071212,000000,18.8972,18.9928,18.2321,18.5769,15522173.373008,0
GLW.US,D,20071213,000000,18.3424,18.4773,17.9918,18.442,12717137.316169,0
GLW.US,D,20071214,000000,18.4693,18.5211,18.0446,18.0602,12585337.725876,0
GLW.US,D,20071217,000000,17.9918,18.0602,17.2896,17.4254,17708321.191708,0
GLW.US,D,20071218,000000,17.5329,17.7634,17.0211,17.276,18356207.08045,0
GLW.US,D,20071219,000000,17.3199,17.6949,17.276,17.4704,15424322.301663,0
GLW.US,D,20071220,000000,17.5738,17.6949,17.402,17.6637,8964195.8207537,0
GLW.US,D,20071221,000000,17.8346,18.0749,17.7467,17.9401,15126470.484671,0
GLW.US,D,20071224,000000,17.9636,18.1569,17.8152,17.9195,4158480.5867157,0
GLW.US,D,20071226,000000,17.8413,18.2848,17.8413,18.2233,7787394.3823733,0
GLW.US,D,20071227,000000,18.1344,18.3737,17.8413,17.864,8484796.1223208,0
GLW.US,D,20071228,000000,18.1725,18.2233,17.9195,18.0007,7767984.111359,0
GLW.US,D,20071231,000000,17.9283,18.0378,17.8199,17.9118,6735816.6342838,0
GLW.US,D,20080102,000000,17.9342,17.9342,17.2985,17.4469,18338496.590503,0
GLW.US,D,20080103,000000,17.4704,17.566,17.1628,17.2691,12925378.928093,0
GLW.US,D,20080104,000000,17.105,17.358,16.5904,16.7575,23907021.344693,0
GLW.US,D,20080107,000000,16.8805,16.8902,16.357,16.5435,24500479.424537,0
GLW.US,D,20080108,000000,16.6559,17.0777,16.1246,16.188,21452734.086824,0
GLW.US,D,20080109,000000,16.233,16.8902,16.1724,16.7486,25033956.736011,0
GLW.US,D,20080110,000000,16.6197,17.2477,16.357,17.1276,21789340.912117,0
GLW.US,D,20080111,000000,16.9771,17.0993,16.7311,16.8638,16103899.891604,0
GLW.US,D,20080114,000000,17.2183,17.4772,16.9997,17.358,12660698.440997,0
GLW.US,D,20080115,000000,17.1765,17.7076,17.0923,17.276,19754499.207388,0
GLW.US,D,20080116,000000,17.0416,17.2271,16.5495,16.6197,24271030.483905,0
GLW.US,D,20080117,000000,16.7232,17.0993,16.4927,16.5495,21933717.858334,0
GLW.US,D,20080118,000000,16.8111,16.9322,16.3511,16.5739,21175092.257117,0
GLW.US,D,20080122,000000,15.1588,16.401,15.0806,16.233,25678136.897238,0
GLW.US,D,20080123,000000,15.9332,15.9693,14.9624,15.941,37118845.125279,0
GLW.US,D,20080124,000000,16.2662,16.606,15.9566,16.5739,19722234.086073,0
GLW.US,D,20080125,000000,16.9771,17.2896,16.3864,16.7008,27619327.832991,0
GLW.US,D,20080128,000000,17.4333,17.44,16.7974,17.2477,33144546.05669,0
GLW.US,D,20080129,000000,17.358,17.7858,17.2477,17.6715,23512963.967304,0
GLW.US,D,20080130,000000,17.4918,18.2233,17.4333,17.8884,23352056.138239,0
GLW.US,D,20080131,000000,17.5817,18.1432,17.5172,18.0378,21392796.324964,0
GLW.US,D,20080201,000000,18.0094,18.4693,17.8199,18.3737,22051644.777616,0
GLW.US,D,20080204,000000,18.3815,18.567,18.1657,18.3336,18639575.943592,0
GLW.US,D,20080205,000000,18.066,18.066,17.234,17.2477,22030258.255122,0
GLW.US,D,20080206,000000,17.5387,17.651,17.0074,17.0679,20189996.427991,0
GLW.US,D,20080207,000000,16.7711,17.9693,16.6636,17.5387,31931028.323322,0
GLW.US,D,20080208,000000,17.5817,17.7037,16.9322,17.566,24176000.43475,0
GLW.US,D,20080211,000000,17.5817,17.6949,17.2027,17.6276,24107460.347147,0
GLW.US,D,20080212,000000,17.7037,17.8062,17.2477,17.402,19222971.524318,0
GLW.US,D,20080213,000000,17.5738,18.0749,17.5738,18.0514,22243342.195156,0
GLW.US,D,20080214,000000,18.0231,18.0827,17.5953,17.6568,14117859.31086,0
GLW.US,D,20080215,000000,17.3502,17.3815,17.0368,17.234,17522173.661745,0
GLW.US,D,20080219,000000,17.3961,17.5817,17.0074,17.0993,16855141.684829,0
GLW.US,D,20080220,000000,16.984,17.6276,16.8727,17.6051,15592241.215642,0
GLW.US,D,20080221,000000,17.6637,17.8413,17.4117,17.4841,12620837.551039,0
GLW.US,D,20080222,000000,17.525,17.6715,17.2027,17.6568,12691255.589531,0
GLW.US,D,20080225,000000,17.6344,18.1569,17.5885,18.0514,17679831.427493,0
GLW.US,D,20080226,000000,17.9283,18.2097,17.7467,18.0827,18389554.532239,0
GLW.US,D,20080227,000000,17.9401,18.2174,17.8062,17.983,13943950.204571,0
GLW.US,D,20080228,000000,17.8884,18.1061,17.6217,17.8005,14817213.751104,0
GLW.US,D,20080229,000000,17.5817,17.6442,17.276,17.3434,14219510.314454,0
GLW.US,D,20080303,000000,17.2848,17.5172,17.114,17.2896,15944129.687096,0
GLW.US,D,20080304,000000,17.1276,17.3131,16.9137,17.2535,16544806.716647,0
GLW.US,D,20080305,000000,17.3658,17.8152,17.3199,17.5329,17594675.46799,0
GLW.US,D,20080306,000000,17.5387,17.6217,17.2398,17.2896,15108305.354484,0
GLW.US,D,20080307,000000,17.1207,17.2985,16.8971,17.0416,20803870.311986,0
GLW.US,D,20080310,000000,17.0211,17.6129,17.0211,17.1402,21883252.792041,0
GLW.US,D,20080311,000000,17.525,17.8717,17.1402,17.8717,19485745.38952,0
GLW.US,D,20080312,000000,17.7858,17.9636,17.5504,17.5573,14362224.342327,0
GLW.US,D,20080313,000000,17.3893,17.8005,17.0602,17.6872,19300773.370801,0
GLW.US,D,20080314,000000,17.7789,17.8062,17.0993,17.3893,18547939.312781,0
GLW.US,D,20080317,000000,16.9479,17.5094,16.9479,17.3356,17236601.227006,0
GLW.US,D,20080318,000000,17.5504,18.2097,17.5504,18.2097,21179745.151794,0
GLW.US,D,20080319,000000,18.0895,18.404,17.6793,17.6872,18444387.83108,0
GLW.US,D,20080320,000000,17.738,17.9283,17.525,17.8971,15415412.786571,0
GLW.US,D,20080324,000000,17.9342,18.4773,17.8971,18.3815,17219641.303034,0
GLW.US,D,20080325,000000,18.3336,18.8434,18.3336,18.7731,25329930.602116,0
GLW.US,D,20080326,000000,18.2916,18.2916,17.7701,18.0983,20836112.906083,0
GLW.US,D,20080327,000000,18.1657,18.4176,17.9479,18.0446,19216101.746504,0
GLW.US,D,20080328,000000,18.1061,18.3141,17.983,18.0094,11967103.801051,0
GLW.US,D,20080331,000000,17.9636,18.0094,17.6568,17.9479,11815990.192406,0
GLW.US,D,20080401,000000,18.2174,18.6638,18.1657,18.6277,17037789.304139,0
GLW.US,D,20080402,000000,18.7936,19.0368,18.3668,18.6638,17286776.511347,0
GLW.US,D,20080403,000000,18.5144,19.0612,18.4937,19.0612,15077670.384648,0
GLW.US,D,20080404,000000,18.9714,19.2664,18.8718,19.0846,16009861.040084,0
GLW.US,D,20080407,000000,19.2664,19.571,19.1003,19.2848,17132712.860985,0
GLW.US,D,20080408,000000,19.3737,19.6042,19.3356,19.4938,20153980.524722,0
GLW.US,D,20080409,000000,19.5495,19.5964,18.8796,18.8883,21105614.218034,0
GLW.US,D,20080410,000000,18.905,19.1344,18.8005,18.944,16213809.168869,0
GLW.US,D,20080411,000000,18.7301,18.8796,18.4773,18.5592,11681036.791459,0
GLW.US,D,20080414,000000,18.4626,18.8561,18.4626,18.6481,10485099.504551,0
GLW.US,D,20080415,000000,18.7301,18.7301,18.2702,18.3668,13067834.916914,0
GLW.US,D,20080416,000000,18.567,19.1949,18.5545,19.1413,13307686.312876,0
GLW.US,D,20080417,000000,19.1862,19.405,18.9196,18.9625,14753910.21794,0
GLW.US,D,20080418,000000,19.2574,19.4138,19.1003,19.1862,16058302.75253,0
GLW.US,D,20080421,000000,19.1198,19.24,18.8883,19.2106,12109294.583066,0
GLW.US,D,20080422,000000,19.4138,19.5641,19.0143,19.2106,16109507.121192,0
GLW.US,D,20080423,000000,19.1862,19.1862,18.5545,18.778,18386948.542594,0
GLW.US,D,20080424,000000,18.7868,19.1949,18.4499,18.9928,17495953.002858,0
GLW.US,D,20080425,000000,19.0534,19.359,18.8356,19.3523,12252450.963601,0
GLW.US,D,20080428,000000,19.3523,19.4138,19.1003,19.1715,17976171.872889,0
GLW.US,D,20080429,000000,19.8142,20.2341,19.5075,19.8054,49460154.704006,0
GLW.US,D,20080430,000000,19.861,20.3132,19.7888,19.9402,29432330.701234,0
GLW.US,D,20080501,000000,20.0759,20.2087,19.7829,20.1814,15854520.505992,0
GLW.US,D,20080502,000000,20.3659,20.3757,19.7536,20.1579,17390471.348078,0
GLW.US,D,20080505,000000,20.1344,20.3757,19.9713,20.1872,11528129.197014,0
GLW.US,D,20080506,000000,20.1872,20.2966,19.8318,20.2576,10861699.311222,0
GLW.US,D,20080507,000000,20.2576,20.2966,19.6569,19.6569,14193227.193733,0
GLW.US,D,20080508,000000,19.6736,19.9177,19.4772,19.8463,16535601.275815,0
GLW.US,D,20080509,000000,19.7761,19.7761,19.3289,19.4694,12426636.540304,0
GLW.US,D,20080512,000000,19.5075,19.6042,18.8796,19.4772,21675190.373903,0
GLW.US,D,20080513,000000,19.4938,19.5758,19.1344,19.2477,18928273.517977,0
GLW.US,D,20080514,000000,19.405,19.6804,19.2477,19.3434,18080199.498083,0
GLW.US,D,20080515,000000,19.2908,20.1941,19.2908,20.1941,27598414.382094,0
GLW.US,D,20080516,000000,20.1941,20.4705,19.9947,20.4265,29924618.016831,0
GLW.US,D,20080519,000000,20.4705,20.9568,20.3826,20.735,30926021.504543,0
GLW.US,D,20080520,000000,20.6658,20.6658,20.114,20.322,19800260.180781,0
GLW.US,D,20080521,000000,20.3757,20.7029,19.8679,19.9402,20199146.574741,0
GLW.US,D,20080522,000000,20.0027,20.3298,19.9322,20.2253,18729630.549251,0
GLW.US,D,20080523,000000,20.1579,20.3591,19.9656,20.1941,18920156.551405,0
GLW.US,D,20080527,000000,20.1941,20.4119,20.0973,20.3591,16339315.473362,0
GLW.US,D,20080528,000000,20.4578,20.6297,19.9011,20.5535,18810027.121772,0
GLW.US,D,20080529,000000,20.6227,20.6725,20.3826,20.486,15308067.516406,0
GLW.US,D,20080530,000000,20.6443,20.6658,20.322,20.4119,16971682.156181,0
GLW.US,D,20080602,000000,20.3757,20.404,19.8933,20.0612,17349976.624096,0
GLW.US,D,20080603,000000,20.1745,20.3298,19.7204,19.987,29147303.015607,0
GLW.US,D,20080604,000000,19.987,20.0973,19.7673,19.8904,19315588.08915,0
GLW.US,D,20080605,000000,19.9177,20.3044,19.9177,20.2576,22691225.29032,0
GLW.US,D,20080606,000000,20.0525,20.0906,19.8054,19.8229,26811538.624356,0
GLW.US,D,20080609,000000,19.9322,20.0906,19.7351,20.0154,18323596.883099,0
GLW.US,D,20080610,000000,19.7829,19.8142,19.6129,19.6804,18186294.507595,0
GLW.US,D,20080611,000000,19.8318,20.0759,19.6804,19.8054,24568348.815395,0
GLW.US,D,20080612,000000,19.8679,20.1814,19.7204,20.0027,21713354.554688,0
GLW.US,D,20080613,000000,20.1745,20.5701,20.0973,20.53,18256827.230111,0
GLW.US,D,20080616,000000,20.4949,20.5779,20.1941,20.2087,19082969.978399,0
GLW.US,D,20080617,000000,20.3826,20.4646,19.8463,19.8933,18024763.084153,0
GLW.US,D,20080618,000000,19.8933,19.9499,19.359,19.5554,19646033.720063,0
GLW.US,D,20080619,000000,19.4411,19.4841,18.7555,19.1344,25131860.029545,0
GLW.US,D,20080620,000000,19.1344,19.3122,18.7155,18.8561,19518786.675926,0
GLW.US,D,20080623,000000,18.9782,19.1267,18.8639,18.9625,15986033.386227,0
GLW.US,D,20080624,000000,18.8639,18.944,18.485,18.5592,19707799.258552,0
GLW.US,D,20080625,000000,18.6969,19.0846,18.6638,18.8434,22041897.659564,0
GLW.US,D,20080626,000000,18.5465,18.613,18.0983,18.1266,17819970.184656,0
GLW.US,D,20080627,000000,17.9636,18.0007,17.3961,17.5094,34349794.252775,0
GLW.US,D,20080630,000000,17.4841,17.5446,17.1852,17.2106,20869510.532133,0
GLW.US,D,20080701,000000,16.9927,17.2106,16.7916,16.8727,33049931.737122,0
GLW.US,D,20080702,000000,16.941,17.0514,16.566,16.606,21965775.114857,0
GLW.US,D,20080703,000000,16.7408,16.8571,16.4566,16.7154,13018728.651507,0
GLW.US,D,20080707,000000,16.8971,17.2027,16.4399,16.5904,22044307.048028,0
GLW.US,D,20080708,000000,16.5368,16.5368,15.6265,15.9009,46817268.545167,0
GLW.US,D,20080709,000000,15.8219,15.8286,15.1334,15.1588,38416564.483238,0
GLW.US,D,20080710,000000,15.4624,15.4849,14.858,15.0513,39114718.837091,0
GLW.US,D,20080711,000000,14.9556,15.439,14.6987,15.1421,31811092.385698,0
GLW.US,D,20080714,000000,15.3941,15.4176,14.7906,14.8003,27007396.409648,0
GLW.US,D,20080715,000000,14.5708,15.105,14.4155,14.8062,26637914.180198,0
GLW.US,D,20080716,000000,14.9165,15.0278,14.5708,14.977,20801999.528849,0
GLW.US,D,20080717,000000,15.1695,15.6265,15.0884,15.439,25503167.987694,0
GLW.US,D,20080718,000000,15.4624,15.5298,15.0074,15.0806,23928756.015117,0
GLW.US,D,20080721,000000,15.1695,15.4468,15.0806,15.3218,16547611.355404,0
GLW.US,D,20080722,000000,15.1783,15.2447,14.8638,15.0074,21063929.647306,0
GLW.US,D,20080723,000000,15.0572,15.1695,14.8941,15.0221,16105585.337166,0
GLW.US,D,20080724,000000,15.0572,15.3785,14.8062,14.8423,15743446.981092,0
GLW.US,D,20080725,000000,14.9399,15.3726,14.8209,15.3062,17034845.406208,0
GLW.US,D,20080728,000000,15.4713,15.7369,15.4537,15.5298,23459659.447458,0
GLW.US,D,20080729,000000,15.815,16.0874,15.7066,15.9176,27960023.348523,0
GLW.US,D,20080730,000000,15.6021,15.9009,15.0513,15.2818,45249578.899517,0
GLW.US,D,20080731,000000,15.2896,15.3511,14.8423,14.9399,23237135.578723,0
GLW.US,D,20080801,000000,15.0572,15.314,14.8209,15.186,19983568.257193,0
GLW.US,D,20080804,000000,15.2017,15.3511,14.9624,15.0074,22611893.640877,0
GLW.US,D,20080805,000000,15.1939,15.3218,14.9703,15.2593,20669197.477312,0
GLW.US,D,20080806,000000,15.2593,15.4009,14.9165,15.2134,17338101.70782,0
GLW.US,D,20080807,000000,15.1695,15.2358,14.7612,14.7906,21148743.602669,0
GLW.US,D,20080808,000000,14.8872,15.4761,14.7818,15.439,17166952.185851,0
GLW.US,D,20080811,000000,15.4927,16.1324,15.439,16.1089,21169915.092618,0
GLW.US,D,20080812,000000,16.0874,16.2447,15.9488,16.0055,16494348.818104,0
GLW.US,D,20080813,000000,15.9332,16.0747,15.3872,15.6265,16862225.471223,0
GLW.US,D,20080814,000000,15.5366,15.6782,15.2447,15.5239,18236311.07744,0
GLW.US,D,20080815,000000,15.5864,15.9332,15.4927,15.8286,17794377.216005,0
GLW.US,D,20080818,000000,15.8286,16.2447,15.7828,15.9624,18563312.091783,0
GLW.US,D,20080819,000000,15.8941,16.1011,15.6431,15.729,12525405.083837,0
GLW.US,D,20080820,000000,15.7437,15.8501,15.4537,15.729,17478951.096342,0
GLW.US,D,20080821,000000,15.5366,15.9761,15.4537,15.9332,14116794.387782,0
GLW.US,D,20080822,000000,16.0533,16.1939,15.9624,16.023,10363432.042958,0
GLW.US,D,20080825,000000,15.9624,16.0747,15.6998,15.7437,10886326.681351,0
GLW.US,D,20080826,000000,15.9176,15.9176,15.5094,15.6344,10853743.107077,0
GLW.US,D,20080827,000000,15.6187,15.6919,15.4253,15.6665,12838300.987228,0
GLW.US,D,20080828,000000,15.729,15.7828,15.3424,15.5094,19858621.037316,0
GLW.US,D,20080829,000000,15.3941,15.4176,15.0367,15.3335,19818224.613925,0
GLW.US,D,20080902,000000,15.5298,15.6344,14.3951,14.5591,35857994.633016,0
GLW.US,D,20080903,000000,13.2426,13.5873,12.7084,12.729,114914244.72826,0
GLW.US,D,20080904,000000,12.7583,12.7808,12.1224,12.3921,77748017.693797,0
GLW.US,D,20080905,000000,12.229,12.5951,11.9028,12.4594,45650602.307383,0
GLW.US,D,20080908,000000,12.6947,12.7808,12.2729,12.3794,35259240.608791,0
GLW.US,D,20080909,000000,12.557,12.6098,11.936,11.9428,33112082.286262,0
GLW.US,D,20080910,000000,12.0649,12.2436,11.9428,12.1079,20930070.864407,0
GLW.US,D,20080911,000000,11.933,12.1948,11.7592,12.101,20289076.256732,0
GLW.US,D,20080912,000000,12.0297,12.3286,11.8715,12.3032,16388732.00001,0
GLW.US,D,20080915,000000,11.9663,11.9818,11.4252,11.4457,24524011.152654,0
GLW.US,D,20080916,000000,11.183,11.5278,10.8266,11.4799,40979621.345889,0
GLW.US,D,20080917,000000,11.3334,11.348,10.8119,10.8353,27988450.650902,0
GLW.US,D,20080918,000000,11.0784,12.0453,11.0131,11.8939,40280562.831384,0
GLW.US,D,20080919,000000,12.729,13.268,12.2436,12.7583,34706366.337841,0
GLW.US,D,20080922,000000,12.5796,12.6459,11.9741,11.9985,18905878.390452,0
GLW.US,D,20080923,000000,12.0121,12.3207,11.8862,12.0726,22437640.482518,0
GLW.US,D,20080924,000000,12.1224,12.557,11.9818,12.3657,23943292.215124,0
GLW.US,D,20080925,000000,12.2943,12.686,12.2856,12.4594,14248522.300561,0
GLW.US,D,20080926,000000,12.1167,12.1859,11.8403,12.0453,14498445.411321,0
GLW.US,D,20080929,000000,11.8628,11.9428,10.7972,11.0707,30030992.568653,0
GLW.US,D,20080930,000000,11.5414,11.7211,11.2143,11.6762,22613560.655079,0
GLW.US,D,20081001,000000,11.4965,11.6762,11.3334,11.4252,17916178.816946,0
GLW.US,D,20081002,000000,11.4174,11.4174,10.849,10.9604,20861995.656685,0
GLW.US,D,20081003,000000,11.1185,11.4633,11.0131,11.055,28902254.999819,0
GLW.US,D,20081006,000000,10.6488,10.7426,9.19651,10.4135,48019604.586222,0
GLW.US,D,20081007,000000,10.6078,10.7113,9.43685,9.48862,36771851.204122,0
GLW.US,D,20081008,000000,8.82423,9.55502,8.36035,8.64669,44846366.255555,0
GLW.US,D,20081009,000000,8.93713,9.58822,8.77111,9.18401,53814500.243766,0
GLW.US,D,20081010,000000,8.77843,9.90656,8.39101,9.23519,41720415.629346,0
GLW.US,D,20081013,000000,9.74546,10.7192,9.63217,10.5433,24199975.539495,0
GLW.US,D,20081014,000000,11.0941,11.2758,9.91246,10.0706,29773125.541322,0
GLW.US,D,20081015,000000,9.62435,9.84116,9.03205,9.15989,23284094.590577,0
GLW.US,D,20081016,000000,9.18401,9.43197,8.42305,9.03205,39265459.72266,0
GLW.US,D,20081017,000000,8.89669,9.38412,8.77843,9.13655,27034600.074453,0
GLW.US,D,20081020,000000,9.43197,9.514,8.72032,8.96925,27831986.827758,0
GLW.US,D,20081021,000000,8.83244,8.96925,8.36738,8.4372,20774793.816115,0
GLW.US,D,20081022,000000,8.34707,8.36738,7.93728,8.18954,26636356.730198,0
GLW.US,D,20081023,000000,8.18954,8.33262,7.66697,8.29589,38997921.35065,0
GLW.US,D,20081024,000000,7.36158,8.20507,7.31637,7.95174,27471500.126418,0
GLW.US,D,20081027,000000,7.77176,8.05526,7.51081,7.5778,20132159.84128,0
GLW.US,D,20081028,000000,7.89128,8.54698,7.63025,8.52578,24642349.705664,0
GLW.US,D,20081029,000000,7.46588,8.21191,7.31637,7.84558,53946003.908319,0
GLW.US,D,20081030,000000,8.04002,8.25849,7.37653,7.53317,35335316.051132,0
GLW.US,D,20081031,000000,7.48845,8.27324,7.35416,8.08748,26827480.727618,0
GLW.US,D,20081103,000000,8.0244,8.38309,8.0244,8.33262,18402474.91627,0
GLW.US,D,20081104,000000,8.5875,8.78663,8.30302,8.76369,30920509.503653,0
GLW.US,D,20081105,000000,8.65929,8.65929,8.21191,8.28096,26972949.219989,0
GLW.US,D,20081106,000000,8.18172,8.18172,7.3691,7.46588,36142807.286097,0
GLW.US,D,20081107,000000,7.57057,7.80271,7.49597,7.77176,17924269.16044,0
GLW.US,D,20081110,000000,8.15966,8.15966,7.32428,7.42877,17494035.117354,0
GLW.US,D,20081111,000000,7.2945,7.76502,7.01782,7.45094,26758768.613978,0
GLW.US,D,20081112,000000,7.20464,7.44371,6.71918,6.83891,32686742.793474,0
GLW.US,D,20081113,000000,6.74916,7.12983,5.99523,7.10748,42357527.363646,0
GLW.US,D,20081114,000000,6.86108,7.07007,6.39836,6.65218,33817778.138639,0
GLW.US,D,20081117,000000,6.56282,6.9062,6.21936,6.7269,32603144.28397,0
GLW.US,D,20081118,000000,6.31654,6.38342,5.50244,6.26379,84695014.718112,0
GLW.US,D,20081119,000000,6.01027,6.56986,5.98029,6.29368,40019438.572988,0
GLW.US,D,20081120,000000,5.96554,6.54749,5.76387,5.83819,35257790.675063,0
GLW.US,D,20081121,000000,6.14426,6.14426,5.4951,6.00265,36143618.26598,0
GLW.US,D,20081124,000000,6.21194,6.8687,6.13694,6.68217,25945509.386999,0
GLW.US,D,20081125,000000,6.8687,6.92074,6.53265,6.77905,24691270.633495,0
GLW.US,D,20081126,000000,6.68217,7.09253,6.64467,7.01069,24165443.360782,0
GLW.US,D,20081128,000000,6.98804,7.04781,6.68939,6.7269,15389814.698098,0
GLW.US,D,20081201,000000,6.57767,6.71918,6.30842,6.33128,22231639.304914,0
GLW.US,D,20081202,000000,6.42825,6.45785,6.11467,6.40559,20411560.841993,0
GLW.US,D,20081203,000000,6.24143,6.53265,6.05509,6.47269,27187449.302922,0
GLW.US,D,20081204,000000,6.36858,6.47269,6.09211,6.22668,30384079.07857,0
GLW.US,D,20081205,000000,6.12971,6.38342,5.89835,6.3758,22345000.366501,0
GLW.US,D,20081208,000000,6.51048,6.80892,6.51048,6.71175,26279630.026493,0
GLW.US,D,20081209,000000,6.51761,6.87602,6.3758,6.56282,30286708.246574,0
GLW.US,D,20081210,000000,6.6222,6.85405,6.4508,6.58489,22921998.217047,0
GLW.US,D,20081211,000000,6.51761,6.66713,6.14426,6.21194,25236874.756513,0
GLW.US,D,20081212,000000,6.04719,6.38342,5.97257,6.30842,18957489.273019,0
GLW.US,D,20081215,000000,6.42053,6.42053,6.1968,6.33128,13932360.974389,0
GLW.US,D,20081216,000000,6.42053,6.91352,6.34612,6.83129,22750600.895671,0
GLW.US,D,20081217,000000,6.61487,7.00298,6.5553,6.86108,17622596.931908,0
GLW.US,D,20081218,000000,6.87602,6.93549,6.51761,6.6222,20614545.420188,0
GLW.US,D,20081219,000000,6.7269,6.84614,6.49554,6.56282,25731751.678326,0
GLW.US,D,20081222,000000,6.70423,6.70423,6.36858,6.54027,14769259.445757,0
GLW.US,D,20081223,000000,6.47269,6.69701,6.42053,6.4805,15234689.196551,0
GLW.US,D,20081224,000000,6.47269,6.56986,6.43577,6.54027,3955597.3810064,0
GLW.US,D,20081226,000000,6.54749,6.64467,6.53265,6.61487,5285361.7079148,0
GLW.US,D,20081229,000000,6.58489,6.61487,6.42053,6.50247,9422682.0682899,0
GLW.US,D,20081230,000000,6.52533,6.75668,6.51048,6.7269,12459965.560732,0
GLW.US,D,20081231,000000,6.78647,7.16734,6.74916,7.11519,17757015.823386,0
GLW.US,D,20090102,000000,7.16734,7.55563,6.96587,7.50309,18852754.088358,0
GLW.US,D,20090105,000000,7.5778,8.06346,7.45094,7.89881,28250089.963442,0
GLW.US,D,20090106,000000,7.98055,8.65381,7.98055,8.62218,30958836.494795,0
GLW.US,D,20090107,000000,8.46641,8.5875,8.18954,8.31601,23307062.114255,0
GLW.US,D,20090108,000000,8.13133,8.33262,7.92966,8.30302,17811731.366308,0
GLW.US,D,20090109,000000,8.31601,8.33262,7.90603,7.98925,18105930.701939,0
GLW.US,D,20090112,000000,8.06346,8.06346,7.36158,7.43591,21099900.496138,0
GLW.US,D,20090113,000000,7.09253,7.26442,6.91352,7.19702,28364049.020296,0
GLW.US,D,20090114,000000,6.92896,7.12241,6.7639,6.86108,28839720.463994,0
GLW.US,D,20090115,000000,6.85405,7.2945,6.78647,7.18198,20941279.179797,0
GLW.US,D,20090116,000000,7.35416,7.45866,6.92896,7.24214,16937406.992557,0
GLW.US,D,20090120,000000,7.20464,7.31637,6.81654,6.81654,16994141.793469,0
GLW.US,D,20090121,000000,6.98804,7.10748,6.69701,7.10748,26600951.109767,0
GLW.US,D,20090122,000000,6.95855,7.20464,6.80892,7.09253,17612459.683382,0
GLW.US,D,20090123,000000,6.8687,7.5778,6.83891,7.4735,17949503.741516,0
GLW.US,D,20090126,000000,7.45094,7.46588,7.22691,7.42877,24045529.950375,0
GLW.US,D,20090127,000000,6.96587,7.62253,6.9062,7.45866,44437059.998868,0
GLW.US,D,20090128,000000,7.58552,8.13915,7.5778,8.11611,27470821.237955,0
GLW.US,D,20090129,000000,8.0244,8.09315,7.65251,7.8242,19885482.697978,0
GLW.US,D,20090130,000000,7.88299,7.88299,7.46588,7.54811,19638841.393433,0
GLW.US,D,20090202,000000,7.41373,7.75769,7.38385,7.65251,19001210.509133,0
GLW.US,D,20090203,000000,7.77986,7.77986,7.42877,7.70496,13687069.255052,0
GLW.US,D,20090204,000000,7.76502,8.4372,7.76502,8.0244,27102294.367382,0
GLW.US,D,20090205,000000,7.89128,8.28711,7.69704,8.18954,26514103.560913,0
GLW.US,D,20090206,000000,8.3245,8.85656,8.3245,8.75635,37321192.797556,0
GLW.US,D,20090209,000000,8.90441,9.18401,8.71388,8.89044,26080196.557175,0
GLW.US,D,20090210,000000,8.72032,8.96066,8.25087,8.34707,25763505.841357,0
GLW.US,D,20090211,000000,8.41513,8.44434,8.15966,8.33857,14267757.473647,0
GLW.US,D,20090212,000000,8.06346,8.51055,7.99569,8.48067,21137930.537575,0
GLW.US,D,20090213,000000,8.44434,8.77843,8.42305,8.63136,18940769.980705,0
GLW.US,D,20090217,000000,8.39931,8.40732,8.04002,8.05526,19290012.527897,0
GLW.US,D,20090218,000000,8.10849,8.23524,7.93728,8.0244,19497310.044555,0
GLW.US,D,20090219,000000,8.09315,8.19804,7.54811,7.60046,18553246.520773,0
GLW.US,D,20090220,000000,7.21949,7.48845,7.12983,7.32428,26251686.035355,0
GLW.US,D,20090223,000000,7.31637,7.39879,6.99574,7.06285,22807901.948949,0
GLW.US,D,20090224,000000,7.11519,7.64509,7.11519,7.57057,22787660.218764,0
GLW.US,D,20090225,000000,7.51803,7.97488,7.28668,7.77176,24240630.001939,0
GLW.US,D,20090226,000000,7.87567,8.28711,7.78738,7.81668,26976776.79928,0
GLW.US,D,20090227,000000,7.67537,8.12362,7.56295,7.87567,27628276.258735,0
GLW.US,D,20090302,000000,7.71248,7.91462,7.03295,7.06285,38570755.105198,0
GLW.US,D,20090303,000000,7.12241,7.45866,7.12241,7.27184,29116259.483936,0
GLW.US,D,20090304,000000,6.83891,8.12362,6.83891,7.8242,28464900.307617,0
GLW.US,D,20090305,000000,7.65251,7.85339,7.46588,7.53317,24529967.554135,0
GLW.US,D,20090306,000000,7.59274,7.95174,7.36158,7.57057,22777855.758701,0
GLW.US,D,20090309,000000,7.48083,7.98925,7.40592,7.45866,19185072.550338,0
GLW.US,D,20090310,000000,7.62253,8.39931,7.5778,8.36035,28135870.819606,0
GLW.US,D,20090311,000000,8.3752,8.58028,8.30976,8.50342,20754455.833266,0
GLW.US,D,20090312,000000,8.46641,8.86945,8.36035,8.84914,24044445.571972,0
GLW.US,D,20090313,000000,8.90441,8.94377,8.38309,8.74084,25811314.743745,0
GLW.US,D,20090316,000000,8.80284,8.92941,8.46641,8.48877,14781901.311444,0
GLW.US,D,20090317,000000,8.48067,9.26623,8.39101,9.26623,29811511.922404,0
GLW.US,D,20090318,000000,9.18401,9.4808,8.89044,9.33138,21029579.734274,0
GLW.US,D,20090319,000000,9.89288,9.89288,9.01018,9.66049,35123987.186247,0
GLW.US,D,20090320,000000,9.70541,9.848,9.19651,9.28157,38818605.711814,0
GLW.US,D,20090323,000000,9.66049,9.82163,9.48862,9.68784,54980499.880662,0
GLW.US,D,20090324,000000,9.72007,10.0795,9.63217,9.83237,30790961.61129,0
GLW.US,D,20090325,000000,9.96905,10.3715,9.75034,10.0931,32991494.083251,0
GLW.US,D,20090326,000000,10.2133,10.7797,10.2133,10.6244,33464856.487006,0
GLW.US,D,20090327,000000,10.4681,10.514,10.0345,10.1244,25148102.154404,0
GLW.US,D,20090330,000000,9.87733,9.89288,9.37825,9.60776,23090122.947889,0
GLW.US,D,20090331,000000,9.72788,10.1312,9.69663,9.90656,21663614.455258,0
GLW.US,D,20090401,000000,9.89976,10.8431,9.85381,10.5619,53806989.464176,0
GLW.US,D,20090402,000000,10.849,11.4877,10.7572,11.3754,56549820.701758,0
GLW.US,D,20090403,000000,11.348,11.9428,11.0864,11.9165,36355520.550983,0
GLW.US,D,20090406,000000,11.804,11.8344,11.473,11.7378,35824223.259924,0
GLW.US,D,20090407,000000,11.2358,11.2358,10.7572,10.7797,35087405.03061,0
GLW.US,D,20090408,000000,10.977,11.2143,10.8266,11.1401,19021604.810029,0
GLW.US,D,20090409,000000,11.5355,11.5727,11.2143,11.2758,25898832.989345,0
GLW.US,D,20090413,000000,11.0326,11.1401,10.8852,11.0413,18666347.495378,0
GLW.US,D,20090414,000000,11.0864,11.1028,10.8431,10.8919,17020034.783717,0
GLW.US,D,20090415,000000,10.9203,10.9995,10.6391,10.977,12937197.526324,0
GLW.US,D,20090416,000000,11.0639,11.348,10.8998,11.2445,15986751.185339,0
GLW.US,D,20090417,000000,11.348,11.4682,11.0864,11.3998,24147906.944798,0
GLW.US,D,20090420,000000,11.2191,11.3266,10.8266,10.8919,12998540.167475,0
GLW.US,D,20090421,000000,10.7426,11.4682,10.6635,11.2582,18402830.23195,0
GLW.US,D,20090422,000000,11.1479,11.3403,10.9369,11.0131,21821321.371303,0
GLW.US,D,20090423,000000,11.1606,11.3119,10.8266,11.2895,20907864.14635,0
GLW.US,D,20090424,000000,11.348,11.518,10.977,11.4457,28747020.958037,0
GLW.US,D,20090427,000000,11.7143,12.2143,11.5893,11.8266,44964778.534009,0
GLW.US,D,20090428,000000,11.5649,11.5649,10.8919,10.9681,36154956.62486,0
GLW.US,D,20090429,000000,11.0179,11.2758,11.0179,11.0864,25282054.118072,0
GLW.US,D,20090430,000000,11.4174,11.473,10.8266,10.9135,30489585.308496,0
GLW.US,D,20090501,000000,11.1401,11.1401,10.2572,10.6703,31075382.085969,0
GLW.US,D,20090504,000000,10.849,11.1606,10.6703,11.1274,20644267.013691,0
GLW.US,D,20090505,000000,11.055,11.4633,11.0483,11.4252,21695273.389592,0
GLW.US,D,20090506,000000,11.603,11.8344,11.4965,11.7288,25433028.467545,0
GLW.US,D,20090507,000000,11.804,11.8461,10.8266,10.9437,27358918.301813,0
GLW.US,D,20090508,000000,11.0639,11.2582,10.7269,10.8754,22619325.5752,0
GLW.US,D,20090511,000000,10.7269,10.8041,10.4681,10.5052,16060840.136555,0
GLW.US,D,20090512,000000,10.6391,10.6928,10.2211,10.3822,27561631.529415,0
GLW.US,D,20090513,000000,10.2211,10.3274,9.93007,10.0502,20847771.76585,0
GLW.US,D,20090514,000000,10.056,10.6078,10.056,10.514,17642580.62304,0
GLW.US,D,20090515,000000,10.5756,10.7113,10.2572,10.3628,22053284.144777,0
GLW.US,D,20090518,000000,10.4604,10.6976,10.302,10.5619,20782964.028841,0
GLW.US,D,20090519,000000,10.6576,10.7504,10.3909,10.6244,17268972.840629,0
GLW.US,D,20090520,000000,10.8266,11.392,10.8041,10.8627,29588889.753076,0
GLW.US,D,20090521,000000,10.7426,10.7718,10.3628,10.4975,13637622.009468,0
GLW.US,D,20090522,000000,10.6078,10.7367,10.4213,10.6322,15044766.309487,0
GLW.US,D,20090526,000000,10.5277,11.1274,10.436,11.0326,19811750.086407,0
GLW.US,D,20090527,000000,11.0326,11.2582,10.8754,10.9135,16686905.341857,0
GLW.US,D,20090528,000000,11.1927,11.1927,10.3628,10.5843,30887260.352456,0
GLW.US,D,20090529,000000,10.6791,10.9925,10.6,10.977,20650552.107777,0
GLW.US,D,20090601,000000,11.1536,11.8548,11.0784,11.6606,23398079.246543,0
GLW.US,D,20090602,000000,11.6528,11.6762,11.3676,11.5814,19978335.79861,0
GLW.US,D,20090603,000000,11.4877,11.5414,11.1606,11.3841,15671547.265972,0
GLW.US,D,20090604,000000,11.4174,11.7074,11.3754,11.6683,15581847.975992,0
GLW.US,D,20090605,000000,11.9028,11.9428,11.5278,11.6302,20656263.781745,0
GLW.US,D,20090608,000000,11.6302,11.7143,11.3403,11.5951,14509061.87523,0
GLW.US,D,20090609,000000,11.684,12.2358,11.6683,12.0375,22134399.540374,0
GLW.US,D,20090610,000000,12.2592,12.2671,11.8344,12.0121,22640335.278759,0
GLW.US,D,20090611,000000,12.0297,12.1381,11.8774,11.9165,20176761.686861,0
GLW.US,D,20090612,000000,11.812,11.8715,11.5024,11.8628,14664463.847192,0
GLW.US,D,20090615,000000,11.6185,11.7787,11.5649,11.7505,13191391.593003,0
GLW.US,D,20090616,000000,11.7876,11.9428,11.4555,11.5355,18704317.122909,0
GLW.US,D,20090617,000000,11.5649,11.6528,11.3187,11.4095,14409832.547673,0
GLW.US,D,20090618,000000,11.4457,11.5951,11.1606,11.4682,11936560.98802,0
GLW.US,D,20090619,000000,11.4965,11.5355,11.2963,11.4252,16825488.696946,0
GLW.US,D,20090622,000000,11.348,11.473,11.2582,11.3187,13310856.50696,0
GLW.US,D,20090623,000000,11.3676,11.4965,11.2064,11.4457,11765337.740608,0
GLW.US,D,20090624,000000,11.4252,11.7435,11.4174,11.5101,14414664.636137,0
GLW.US,D,20090625,000000,11.4252,12.0512,11.4252,12.0453,19742801.43697,0
GLW.US,D,20090626,000000,11.9897,12.3431,11.9165,12.2221,23094813.729252,0
GLW.US,D,20090629,000000,12.3431,12.3501,12.0375,12.1468,10309381.052995,0
GLW.US,D,20090630,000000,12.2436,12.3032,11.8403,11.9897,19629749.612659,0
GLW.US,D,20090701,000000,12.0853,12.1713,11.5893,11.6302,30120352.926384,0
GLW.US,D,20090702,000000,11.4633,11.5727,11.2143,11.3051,20781629.8031,0
GLW.US,D,20090706,000000,11.3549,11.603,11.1536,11.3403,19531597.495753,0
GLW.US,D,20090707,000000,11.3403,11.3841,10.6976,10.7269,21178299.313924,0
GLW.US,D,20090708,000000,10.7269,10.8852,10.436,10.6166,25433198.445651,0
GLW.US,D,20090709,000000,10.6391,10.8685,10.5697,10.7797,24835213.418765,0
GLW.US,D,20090710,000000,10.849,11.1401,10.7572,11.0179,18224028.623293,0
GLW.US,D,20090713,000000,11.0707,11.2504,10.7367,11.2504,14857934.77124,0
GLW.US,D,20090714,000000,11.2758,11.5814,11.1332,11.5024,15932024.378807,0
GLW.US,D,20090715,000000,11.5951,11.9897,11.5951,11.9516,17150269.756259,0
GLW.US,D,20090716,000000,11.9106,12.312,11.7679,12.2494,16119192.801373,0
GLW.US,D,20090717,000000,12.1713,12.4536,12.1713,12.4136,18183872.831559,0
GLW.US,D,20090720,000000,12.4223,12.6947,12.4223,12.6167,16155564.020324,0
GLW.US,D,20090721,000000,12.6548,12.686,12.3207,12.4771,21580583.222087,0
GLW.US,D,20090722,000000,12.4457,12.5433,12.229,12.2798,25046534.091934,0
GLW.US,D,20090723,000000,12.3921,12.6772,12.3032,12.5356,24739290.472569,0
GLW.US,D,20090724,000000,12.5493,12.729,12.2671,12.6947,25949334.918361,0
GLW.US,D,20090727,000000,12.2436,12.5199,12.0512,12.3207,29019762.093658,0
GLW.US,D,20090728,000000,12.2729,12.6382,12.1782,12.5951,15884134.583224,0
GLW.US,D,20090729,000000,12.4594,12.5796,12.2856,12.5278,13865883.151283,0
GLW.US,D,20090730,000000,12.6167,12.7895,12.604,12.6235,19813834.878124,0
GLW.US,D,20090731,000000,12.6098,12.729,12.229,12.6947,19626038.765321,0
GLW.US,D,20090803,000000,12.7808,12.8423,12.4858,12.5649,17963100.966079,0
GLW.US,D,20090804,000000,12.4536,12.6459,12.4056,12.5112,22506197.977518,0
GLW.US,D,20090805,000000,12.3921,12.4945,12.3207,12.3794,21594708.812329,0
GLW.US,D,20090806,000000,12.4056,12.5433,12.3501,12.3999,15485054.659974,0
GLW.US,D,20090807,000000,12.5884,12.7427,12.5356,12.6548,18106263.490401,0
GLW.US,D,20090810,000000,12.5737,12.5884,12.1547,12.229,18673810.148636,0
GLW.US,D,20090811,000000,12.0063,12.0571,11.7953,11.9516,20762750.969661,0
GLW.US,D,20090812,000000,11.933,12.2494,11.933,12.1167,16200200.680698,0
GLW.US,D,20090813,000000,12.1294,12.3207,12.0219,12.3032,14661748.293345,0
GLW.US,D,20090814,000000,12.2798,12.2943,11.7505,11.8461,18379122.38194,0
GLW.US,D,20090817,000000,11.6185,11.6439,11.2895,11.3187,20286815.343122,0
GLW.US,D,20090818,000000,11.5951,11.9106,11.5814,11.8548,18365369.514775,0
GLW.US,D,20090819,000000,11.6762,11.8344,11.5355,11.7505,10200613.496143,0
GLW.US,D,20090820,000000,11.6235,11.933,11.6235,11.8628,12937471.948809,0
GLW.US,D,20090821,000000,12.0571,12.0726,11.7953,12.0121,18533437.927569,0
GLW.US,D,20090824,000000,12.0932,12.1224,11.8461,11.8862,11047887.799764,0
GLW.US,D,20090825,000000,11.9818,12.1713,11.8715,12.0726,13395830.200782,0
GLW.US,D,20090826,000000,12.0512,12.0932,11.8403,11.9818,10981792.939381,0
GLW.US,D,20090827,000000,11.9106,11.9428,11.5893,11.8774,11320933.052842,0
GLW.US,D,20090828,000000,12.0121,12.1948,11.7953,11.8774,12457592.011027,0
GLW.US,D,20090831,000000,11.7739,11.7739,11.1927,11.2582,28265648.080016,0
GLW.US,D,20090901,000000,11.2963,11.4095,11.0179,11.0784,21531853.775616,0
GLW.US,D,20090902,000000,11.0131,11.3607,10.9135,11.2582,21843594.647053,0
GLW.US,D,20090903,000000,11.2582,11.4095,11.183,11.348,18166978.441315,0
GLW.US,D,20090904,000000,11.3266,11.4682,11.1606,11.4389,20027333.523779,0
GLW.US,D,20090908,000000,11.4965,11.5893,11.3051,11.4799,21990719.913981,0
GLW.US,D,20090909,000000,11.4682,11.8344,11.4321,11.804,19491084.34041,0
GLW.US,D,20090910,000000,11.7211,12.1625,11.6235,12.0726,21035808.510312,0
GLW.US,D,20090911,000000,12.1782,12.2075,11.812,11.9818,18315867.999072,0
GLW.US,D,20090914,000000,11.7679,11.8403,11.603,11.812,14760208.623565,0
GLW.US,D,20090915,000000,11.8403,11.8939,11.5502,11.7953,16485805.882302,0
GLW.US,D,20090916,000000,11.684,11.804,11.4965,11.7787,33052218.249846,0
GLW.US,D,20090917,000000,11.7288,11.8403,11.5727,11.6108,21380195.417857,0
GLW.US,D,20090918,000000,11.6683,11.7679,11.3998,11.3998,27142868.960594,0
GLW.US,D,20090921,000000,11.3754,11.684,11.3403,11.6381,14801342.301393,0
GLW.US,D,20090922,000000,11.7288,11.7953,11.5101,11.6185,13661946.286105,0
GLW.US,D,20090923,000000,11.5814,11.7953,11.5278,11.559,13272681.062565,0
GLW.US,D,20090924,000000,11.5649,11.6528,11.1332,11.1479,24874308.383279,0
GLW.US,D,20090925,000000,11.1332,11.1996,10.9848,11.0784,18181446.035699,0
GLW.US,D,20090928,000000,11.1332,11.2758,10.9681,11.2582,14292778.046143,0
GLW.US,D,20090929,000000,11.2758,11.4389,11.1606,11.3334,21427016.194504,0
GLW.US,D,20090930,000000,11.348,11.5727,11.1536,11.4321,23827947.734304,0
GLW.US,D,20091001,000000,11.3549,11.392,11.0864,11.1536,23814970.008263,0
GLW.US,D,20091002,000000,11.0326,11.1028,10.8353,10.8685,22592165.940868,0
GLW.US,D,20091005,000000,10.9135,11.1401,10.7504,11.055,24927210.485078,0
GLW.US,D,20091006,000000,11.4633,11.804,11.4095,11.5727,35616321.604212,0
GLW.US,D,20091007,000000,11.5649,11.7876,11.4633,11.4799,16486612.766326,0
GLW.US,D,20091008,000000,11.6439,11.7953,11.518,11.559,14998834.334023,0
GLW.US,D,20091009,000000,11.5024,11.7288,11.5024,11.7074,9588139.3716161,0
GLW.US,D,20091012,000000,11.7876,11.8461,11.5893,11.7592,10677773.784219,0
GLW.US,D,20091013,000000,11.7288,11.7378,11.3549,11.4682,17569055.876263,0
GLW.US,D,20091014,000000,11.7143,11.936,11.6108,11.9252,21142157.46302,0
GLW.US,D,20091015,000000,11.7435,11.8548,11.5278,11.5727,23476163.707228,0
GLW.US,D,20091016,000000,11.5278,11.5355,11.3051,11.473,23030100.196975,0
GLW.US,D,20091019,000000,11.3334,11.603,11.3334,11.603,18778628.27442,0
GLW.US,D,20091020,000000,11.6937,11.7074,11.5101,11.6108,14274217.665662,0
GLW.US,D,20091021,000000,11.7592,11.936,11.559,11.5814,16583499.263113,0
GLW.US,D,20091022,000000,11.5893,11.7592,11.4252,11.6439,21569622.706105,0
GLW.US,D,20091023,000000,11.7435,11.7435,11.5101,11.684,28624770.860646,0
GLW.US,D,20091026,000000,11.684,11.933,11.4965,11.5814,19130822.911259,0
GLW.US,D,20091027,000000,11.5893,11.6683,11.1536,11.2758,22947248.15759,0
GLW.US,D,20091028,000000,11.1673,11.1927,10.849,11.0413,30321930.577358,0
GLW.US,D,20091029,000000,11.1606,11.3266,11.1185,11.3051,16445553.837906,0
GLW.US,D,20091030,000000,11.1996,11.2445,10.8266,10.9056,24439800.31238,0
GLW.US,D,20091102,000000,10.929,10.9437,10.556,10.8431,31179998.490749,0
GLW.US,D,20091103,000000,10.8041,10.9135,10.6976,10.8919,19583069.119149,0
GLW.US,D,20091104,000000,11.0941,11.2143,10.9604,11.1028,18886572.563817,0
GLW.US,D,20091105,000000,11.1927,11.4965,11.1752,11.3998,16228796.93722,0
GLW.US,D,20091106,000000,11.2143,11.559,11.1673,11.4252,12023805.835099,0
GLW.US,D,20091109,000000,11.4633,11.8197,11.4389,11.7953,13303977.513465,0
GLW.US,D,20091110,000000,11.6381,11.8197,11.5814,11.7953,10698586.886595,0
GLW.US,D,20091111,000000,11.8461,12.1859,11.7592,12.1625,21934223.696796,0
GLW.US,D,20091112,000000,12.0297,12.3578,12.0063,12.2729,24975022.459358,0
GLW.US,D,20091113,000000,12.3032,12.5278,12.2075,12.4301,19205322.472238,0
GLW.US,D,20091116,000000,12.5062,12.6548,12.4136,12.5796,20471197.558291,0
GLW.US,D,20091117,000000,12.4223,12.7143,12.4136,12.6626,14805729.989266,0
GLW.US,D,20091118,000000,12.6294,12.8569,12.5199,12.5796,18715130.188003,0
GLW.US,D,20091119,000000,12.4536,12.5062,12.2436,12.3715,15426119.359357,0
GLW.US,D,20091120,000000,12.3207,12.3501,12.2221,12.2494,12701950.898707,0
GLW.US,D,20091123,000000,12.4536,12.6235,12.2436,12.312,15319278.903689,0
GLW.US,D,20091124,000000,12.3207,12.4536,12.2592,12.3431,11393648.867666,0
GLW.US,D,20091125,000000,12.3578,12.6626,12.3578,12.5884,12286982.11835,0
GLW.US,D,20091127,000000,12.2436,12.4681,12.1294,12.3794,7483636.3381586,0
GLW.US,D,20091130,000000,12.438,12.4858,12.2075,12.4536,15085810.902405,0
GLW.US,D,20091201,000000,12.4681,12.9087,12.4681,12.8423,20116074.382989,0
GLW.US,D,20091202,000000,12.85,13.3384,12.85,13.3061,26051342.261601,0
GLW.US,D,20091203,000000,13.2993,13.356,13.0562,13.1322,24742789.359257,0
GLW.US,D,20091204,000000,13.4018,13.8785,13.3628,13.684,32455485.531539,0
GLW.US,D,20091207,000000,13.7524,14.0884,13.6762,13.729,29046343.188047,0
GLW.US,D,20091208,000000,13.5562,13.6685,13.2525,13.356,17804883.09175,0
GLW.US,D,20091209,000000,13.3257,13.4985,12.9917,13.4985,21732178.094046,0
GLW.US,D,20091210,000000,13.6685,13.8579,13.5492,13.5962,20625517.199779,0
GLW.US,D,20091211,000000,13.7973,14.0132,13.6919,13.7905,20350433.233387,0
GLW.US,D,20091214,000000,13.8785,14.1479,13.7592,14.059,16782518.026809,0
GLW.US,D,20091215,000000,14.0669,14.2241,13.8207,14.0737,15985524.475871,0
GLW.US,D,20091216,000000,14.1987,14.4215,13.9556,13.9829,26776657.273749,0
GLW.US,D,20091217,000000,13.9477,13.9692,13.7769,13.7827,18564249.019299,0
GLW.US,D,20091218,000000,13.9077,13.9477,13.6626,13.7905,22177194.088618,0
GLW.US,D,20091221,000000,13.8696,14.187,13.8696,14.1733,13314404.543943,0
GLW.US,D,20091222,000000,14.1655,14.4624,14.1098,14.3647,16203419.001114,0
GLW.US,D,20091223,000000,14.5376,14.5591,14.3463,14.3794,13505745.621837,0
GLW.US,D,20091224,000000,14.4155,14.4995,14.3647,14.3999,3834460.3330248,0
GLW.US,D,20091228,000000,14.4995,14.4995,14.2671,14.3647,9701530.1281743,0
GLW.US,D,20091229,000000,14.352,14.4449,14.2964,14.3463,7327054.7590966,0
GLW.US,D,20091230,000000,14.2514,14.4624,14.1929,14.436,9407840.7268633,0
GLW.US,D,20091231,000000,14.3999,14.5933,14.3794,14.4155,11117221.459854,0
GLW.US,D,20100104,000000,14.5376,14.7437,14.4155,14.6011,22152314.823223,0
GLW.US,D,20100105,000000,14.8209,14.977,14.5376,14.6596,24190983.083278,0
GLW.US,D,20100106,000000,14.6098,14.7671,14.4155,14.4712,18012666.991545,0
GLW.US,D,20100107,000000,14.4292,14.6333,14.3707,14.6098,13209027.333543,0
GLW.US,D,20100108,000000,14.521,14.8707,14.4526,14.8511,15315216.836528,0
GLW.US,D,20100111,000000,15.3941,15.565,15.0963,15.2993,34274101.773156,0
GLW.US,D,20100112,000000,15.1939,15.2993,14.9478,15.0572,21647014.966789,0
GLW.US,D,20100113,000000,15.186,15.3726,15.0513,15.1656,21378818.185607,0
GLW.US,D,20100114,000000,15.1235,15.2095,14.977,15.0806,18831705.474148,0
GLW.US,D,20100115,000000,15.1118,15.1118,14.5503,14.6812,22014276.217245,0
GLW.US,D,20100119,000000,14.479,14.7759,14.3707,14.7759,25349541.570171,0
GLW.US,D,20100120,000000,14.6656,14.8062,14.436,14.7612,21598874.299905,0
GLW.US,D,20100121,000000,14.8209,15.1118,14.563,14.6422,22590216.312465,0
GLW.US,D,20100122,000000,14.5874,14.5874,13.813,13.8579,22058394.751583,0
GLW.US,D,20100125,000000,13.8579,14.1792,13.8334,13.9741,23680751.813826,0
GLW.US,D,20100126,000000,13.94,13.9692,13.4614,13.9243,35948860.218558,0
GLW.US,D,20100127,000000,13.9243,14.3463,13.8334,14.2875,23633447.725936,0
GLW.US,D,20100128,000000,14.352,14.5376,13.6685,13.894,29781237.388071,0
GLW.US,D,20100129,000000,13.894,14.059,13.4458,13.4985,27483367.874944,0
GLW.US,D,20100201,000000,13.4985,13.6685,13.4165,13.5562,21884619.784643,0
GLW.US,D,20100202,000000,13.604,14.0209,13.4614,13.9692,24544583.623372,0
GLW.US,D,20100203,000000,13.9243,14.2241,13.8872,14.1479,17321232.916687,0
GLW.US,D,20100204,000000,14.0044,14.0132,13.5873,13.6264,22151892.949849,0
GLW.US,D,20100205,000000,13.5278,13.6187,12.6626,13.477,43293288.583283,0
GLW.US,D,20100208,000000,13.4702,13.5649,13.2525,13.3179,15334603.556358,0
GLW.US,D,20100209,000000,13.4399,13.5728,13.0483,13.2612,24249930.67147,0
GLW.US,D,20100210,000000,13.2525,13.2612,12.9526,13.0806,17298106.678512,0
GLW.US,D,20100211,000000,13.104,13.4018,12.9242,13.4018,20078950.550134,0
GLW.US,D,20100212,000000,13.2759,13.3696,13.0082,13.356,20883782.549299,0
GLW.US,D,20100216,000000,13.4917,13.5816,13.3384,13.5492,17972303.335018,0
GLW.US,D,20100217,000000,13.6117,13.6187,13.2836,13.4458,16819398.156115,0
GLW.US,D,20100218,000000,13.4018,13.4702,13.2759,13.4331,13480818.23011,0
GLW.US,D,20100219,000000,13.3061,13.6685,13.3061,13.6548,17648784.82393,0
GLW.US,D,20100222,000000,13.6548,13.6548,13.0209,13.2612,29204748.44788,0
GLW.US,D,20100223,000000,12.9399,13.0209,12.8119,12.85,31511155.776988,0
GLW.US,D,20100224,000000,12.8833,13.1636,12.8784,13.0649,22326422.578623,0
GLW.US,D,20100225,000000,12.8276,13.0961,12.5062,13.0649,42073823.664115,0
GLW.US,D,20100226,000000,12.9995,13.2993,12.9399,13.1636,27216450.02542,0
GLW.US,D,20100301,000000,13.2124,13.2925,13.1186,13.268,11637127.145877,0
GLW.US,D,20100302,000000,13.3257,13.4165,13.0884,13.1479,17383850.393638,0
GLW.US,D,20100303,000000,13.1987,13.3384,13.104,13.1479,16334990.247325,0
GLW.US,D,20100304,000000,13.2525,13.2525,12.8784,13.0727,17770240.32487,0
GLW.US,D,20100305,000000,13.2124,13.5278,13.1636,13.5131,18776070.411106,0
GLW.US,D,20100308,000000,13.604,13.7221,13.4917,13.6987,18414696.956511,0
GLW.US,D,20100309,000000,13.6762,13.8277,13.5962,13.7378,17618213.339894,0
GLW.US,D,20100310,000000,13.7447,13.9166,13.6548,13.7973,14475100.044743,0
GLW.US,D,20100311,000000,13.7524,13.7769,13.5649,13.6987,16738817.269985,0
GLW.US,D,20100312,000000,13.813,13.8413,13.4614,13.4702,14878273.778053,0
GLW.US,D,20100315,000000,13.4086,13.52,13.3784,13.4985,17295704.457801,0
GLW.US,D,20100316,000000,13.6187,13.8277,13.4917,13.7973,29544411.807198,0
GLW.US,D,20100317,000000,13.8696,14.231,13.8579,14.0961,27407280.145029,0
GLW.US,D,20100318,000000,14.2748,14.5142,14.2748,14.3647,21791216.815077,0
GLW.US,D,20100319,000000,14.4155,14.7291,14.4155,14.479,32286123.851583,0
GLW.US,D,20100322,000000,14.3364,14.5591,14.2514,14.4995,23137123.942288,0
GLW.US,D,20100323,000000,14.6098,14.7358,14.4858,14.6939,18890720.643995,0
GLW.US,D,20100324,000000,14.8707,14.8784,14.4712,14.5289,16721827.651042,0
GLW.US,D,20100325,000000,14.7759,14.9996,14.686,14.6987,21977024.388826,0
GLW.US,D,20100326,000000,14.7671,14.9243,14.6987,14.7759,19321355.0572,0
GLW.US,D,20100329,000000,14.8423,15.0435,14.7818,15.0074,17758747.347351,0
GLW.US,D,20100330,000000,14.9996,15.1177,14.9703,15.0572,18453847.215108,0
GLW.US,D,20100331,000000,14.9322,15.1939,14.9322,15.0884,18251907.080701,0
GLW.US,D,20100401,000000,15.1421,15.3424,15.105,15.2134,21275475.592664,0
GLW.US,D,20100405,000000,15.2993,15.4927,15.2447,15.4253,11231351.518779,0
GLW.US,D,20100406,000000,15.3785,15.3785,15.1334,15.2691,13933588.707821,0
GLW.US,D,20100407,000000,15.186,15.2593,14.9078,14.984,16459642.565426,0
GLW.US,D,20100408,000000,14.8784,14.8872,14.6011,14.8003,22482102.044963,0
GLW.US,D,20100409,000000,14.8267,14.8784,14.6596,14.686,17065264.319535,0
GLW.US,D,20100412,000000,14.7437,14.9703,14.7437,14.9165,13246961.122316,0
GLW.US,D,20100413,000000,14.8784,14.984,14.7906,14.9556,13079024.800942,0
GLW.US,D,20100414,000000,15.0513,15.1695,14.8638,15.1656,14210130.799657,0
GLW.US,D,20100415,000000,15.1235,15.2593,15.064,15.0963,13186512.402171,0
GLW.US,D,20100416,000000,15.0435,15.1588,14.7437,14.858,16052822.49454,0
GLW.US,D,20100419,000000,14.8872,15.0806,14.6509,14.9165,17466129.012905,0
GLW.US,D,20100420,000000,15.0151,15.0806,14.7671,15.0074,15637641.753532,0
GLW.US,D,20100421,000000,15.0806,15.3648,15.0435,15.2281,15325298.79097,0
GLW.US,D,20100422,000000,15.2203,15.5005,14.9556,15.4468,17226181.36428,0
GLW.US,D,20100423,000000,15.481,15.563,15.3628,15.5533,15090171.967199,0
GLW.US,D,20100426,000000,15.5572,15.6782,15.5435,15.6187,0,0
GLW.US,D,20100427,000000,15.6187,15.7515,15.0074,15.0221,25757313.928041,0
GLW.US,D,20100428,000000,15.3511,15.3785,14.7759,14.984,28037883.560983,0
GLW.US,D,20100429,000000,15.1499,15.2017,14.8267,14.8872,28576830.890803,0
GLW.US,D,20100430,000000,15.0367,15.1118,14.3589,14.3707,27299702.434922,0
GLW.US,D,20100503,000000,14.5376,14.8707,14.3794,14.7906,17338257.350423,0
GLW.US,D,20100504,000000,14.6265,14.6596,14.0445,14.1401,20211522.209658,0
GLW.US,D,20100505,000000,13.9624,14.1098,13.6187,13.94,26351305.493387,0
GLW.US,D,20100506,000000,13.7905,13.813,11.5814,13.0649,45508866.165606,0
GLW.US,D,20100507,000000,13.1783,13.3061,12.604,13.0961,32482995.361728,0
GLW.US,D,20100510,000000,13.7769,13.9556,13.5816,13.7447,24825438.653672,0
GLW.US,D,20100511,000000,13.5728,13.7905,13.477,13.604,17344974.557527,0
GLW.US,D,20100512,000000,13.6685,14.0356,13.604,13.8334,17208045.929064,0
GLW.US,D,20100513,000000,13.8207,14.0503,13.7592,13.8277,18278469.74373,0
GLW.US,D,20100514,000000,13.6343,13.6626,13.191,13.4086,24105363.267856,0
GLW.US,D,20100517,000000,13.4917,13.7056,13.2525,13.6762,26374353.910261,0
GLW.US,D,20100518,000000,13.6987,13.9321,13.4165,13.4702,23905453.655048,0
GLW.US,D,20100519,000000,13.3784,13.477,13.0405,13.0961,29507143.595349,0
GLW.US,D,20100520,000000,12.8363,12.8911,12.5493,12.5493,37363208.108816,0
GLW.US,D,20100521,000000,12.3207,12.7964,12.1782,12.6772,24871265.160792,0
GLW.US,D,20100524,000000,12.6294,12.7661,12.557,12.5884,21269025.640294,0
GLW.US,D,20100525,000000,12.2358,12.6626,12.0649,12.6548,23608937.08776,0
GLW.US,D,20100526,000000,12.8998,12.8998,12.5199,12.5737,27223854.3127,0
GLW.US,D,20100527,000000,12.8784,13.0806,12.7358,13.0806,23767233.807355,0
GLW.US,D,20100528,000000,13.0806,13.1411,12.7738,13.0131,30380420.453419,0
GLW.US,D,20100601,000000,12.7427,12.7661,12.2221,12.2436,30321773.91079,0
GLW.US,D,20100602,000000,12.3657,12.5649,12.229,12.5649,21649972.176258,0
GLW.US,D,20100603,000000,12.6548,12.7583,12.3501,12.5493,27780749.692232,0
GLW.US,D,20100604,000000,12.3578,12.4457,12.0726,12.1167,19001580.160317,0
GLW.US,D,20100607,000000,12.2075,12.3794,11.936,11.9428,19364665.683551,0
GLW.US,D,20100608,000000,12.2856,12.7514,12.2075,12.729,38502017.392447,0
GLW.US,D,20100609,000000,12.8911,13.2612,12.8423,12.9087,44284675.650282,0
GLW.US,D,20100610,000000,13.2426,13.3257,12.9995,13.2993,24785109.811938,0
GLW.US,D,20100611,000000,13.2124,13.9477,13.1783,13.5415,35077930.287115,0
GLW.US,D,20100614,000000,13.7378,13.8579,13.6117,13.7134,22549388.800021,0
GLW.US,D,20100615,000000,13.5873,13.9985,13.4985,13.9917,27446149.837353,0
GLW.US,D,20100616,000000,13.9077,13.9985,13.5337,13.6343,29241714.590204,0
GLW.US,D,20100617,000000,13.6343,13.6919,13.356,13.6685,20224228.585107,0
GLW.US,D,20100618,000000,13.6479,13.6919,13.4331,13.6117,18699457.387404,0
GLW.US,D,20100621,000000,13.7973,13.9477,13.6479,13.7524,16584351.201574,0
GLW.US,D,20100622,000000,13.7592,13.7973,13.4858,13.5337,22302648.17092,0
GLW.US,D,20100623,000000,13.4526,13.6685,13.3334,13.5415,15947492.386506,0
GLW.US,D,20100624,000000,13.477,13.477,13.1557,13.2055,21882353.751211,0
GLW.US,D,20100625,000000,13.2836,13.313,12.8911,12.9399,42346511.553582,0
GLW.US,D,20100628,000000,12.9399,13.0326,12.8032,12.8784,17826112.947675,0
GLW.US,D,20100629,000000,12.6548,12.729,12.1713,12.2856,27107600.551408,0
GLW.US,D,20100630,000000,12.3012,12.3197,11.9965,12.0551,26290188.124426,0
GLW.US,D,20100701,000000,11.9897,12.229,11.7074,12.0571,26150355.532649,0
GLW.US,D,20100702,000000,12.0932,12.2798,12.0453,12.1948,16446818.434061,0
GLW.US,D,20100706,000000,12.4771,12.557,12.101,12.229,18789020.490105,0
GLW.US,D,20100707,000000,12.2729,12.7738,12.2075,12.7514,14827453.396079,0
GLW.US,D,20100708,000000,12.8569,12.9917,12.6947,12.9917,15865352.002447,0
GLW.US,D,20100709,000000,13.0649,13.2612,12.976,13.0727,18726097.871734,0
GLW.US,D,20100712,000000,12.8647,13.0483,12.8119,12.9242,14355161.035223,0
GLW.US,D,20100713,000000,13.1186,13.2993,12.9242,13.2358,14710339.504608,0
GLW.US,D,20100714,000000,13.2925,13.4018,13.1118,13.2124,14485185.071078,0
GLW.US,D,20100715,000000,13.1713,13.1987,12.8716,13.1557,20310142.27834,0
GLW.US,D,20100716,000000,13.0806,13.0806,12.557,12.6626,28850248.866957,0
GLW.US,D,20100719,000000,12.6947,12.8423,12.604,12.6772,12750384.419438,0
GLW.US,D,20100720,000000,12.3207,12.4945,12.1294,12.438,31713325.279442,0
GLW.US,D,20100721,000000,12.5493,12.8363,12.4681,12.5433,21994053.942385,0
GLW.US,D,20100722,000000,12.8716,13.5562,12.8716,13.5131,34480942.601649,0
GLW.US,D,20100723,000000,13.5492,13.6187,13.3061,13.4458,28626594.541417,0
GLW.US,D,20100726,000000,13.4086,13.4702,13.3061,13.3628,22058300.54685,0
GLW.US,D,20100727,000000,13.5278,13.5962,13.3784,13.4399,21265935.315441,0
GLW.US,D,20100728,000000,13.191,13.3257,12.976,13.184,23542347.652523,0
GLW.US,D,20100729,000000,13.2055,13.6762,13.1987,13.5562,30456707.856412,0
GLW.US,D,20100730,000000,13.2759,13.684,13.1411,13.5278,19874612.290873,0
GLW.US,D,20100802,000000,13.9829,14.4215,13.7769,14.2964,29402395.099149,0
GLW.US,D,20100803,000000,14.4078,14.479,14.0209,14.2153,17994621.665204,0
GLW.US,D,20100804,000000,14.2748,14.4215,14.187,14.3647,17420630.174423,0
GLW.US,D,20100805,000000,14.2875,14.3951,14.1733,14.352,15606458.962689,0
GLW.US,D,20100806,000000,14.1929,14.2798,13.7905,14.0356,26108154.883815,0
GLW.US,D,20100809,000000,14.0356,14.2241,13.9741,14.1401,14324536.305032,0
GLW.US,D,20100810,000000,13.9829,13.9985,13.6685,13.8501,24631322.631989,0
GLW.US,D,20100811,000000,13.5278,13.6117,13.3852,13.477,20211293.865575,0
GLW.US,D,20100812,000000,13.2124,13.229,12.9399,13.0649,23610407.500778,0
GLW.US,D,20100813,000000,13.0483,13.0483,12.5649,12.5951,30677495.081359,0
GLW.US,D,20100816,000000,12.5112,12.5112,12.2358,12.3578,31088627.066745,0
GLW.US,D,20100817,000000,12.4945,12.557,12.3578,12.3715,31092067.587456,0
GLW.US,D,20100818,000000,12.3921,12.6294,12.3921,12.4858,24207960.414647,0
GLW.US,D,20100819,000000,12.4223,12.4223,11.936,11.9663,33907093.441932,0
GLW.US,D,20100820,000000,11.7876,12.0297,11.6439,12.0219,27385707.260995,0
GLW.US,D,20100823,000000,12.1167,12.1381,11.8715,11.9028,20726141.166982,0
GLW.US,D,20100824,000000,11.7679,11.8774,11.5502,11.7378,22224094.734496,0
GLW.US,D,20100825,000000,11.8461,12.1713,11.6762,12.0805,31365473.276036,0
GLW.US,D,20100826,000000,12.1167,12.2143,11.6937,11.804,24791661.136792,0
GLW.US,D,20100827,000000,11.8774,11.9818,11.5355,11.933,19642026.946985,0
GLW.US,D,20100830,000000,11.936,12.1224,11.9028,11.9106,18373279.640516,0
GLW.US,D,20100831,000000,11.8745,11.979,11.6411,11.7104,16694857.450144,0
GLW.US,D,20100901,000000,11.9663,12.312,11.8403,12.1859,18714866.005162,0
GLW.US,D,20100902,000000,12.1381,12.4301,12.1079,12.2798,16487310.086149,0
GLW.US,D,20100903,000000,12.4945,12.5796,12.2943,12.5493,17718671.424848,0
GLW.US,D,20100907,000000,12.4945,12.6382,12.4771,12.5796,17389420.760505,0
GLW.US,D,20100908,000000,12.5951,12.6167,12.4223,12.4681,12276151.64586,0
GLW.US,D,20100909,000000,12.6548,12.686,12.1713,12.1713,19767079.635205,0
GLW.US,D,20100910,000000,12.2358,12.2592,11.9106,12.0063,18185706.751975,0
GLW.US,D,20100913,000000,12.1079,12.557,12.0932,12.5493,30157847.434388,0
GLW.US,D,20100914,000000,12.7143,13.356,12.7143,13.1479,42818160.864734,0
GLW.US,D,20100915,000000,13.0806,13.1479,12.6548,12.7964,26879702.91699,0
GLW.US,D,20100916,000000,12.7427,12.8569,12.6098,12.7143,14294695.931647,0
GLW.US,D,20100917,000000,12.85,12.8911,12.6167,12.6947,17665393.52808,0
GLW.US,D,20100920,000000,12.7143,13.1783,12.7016,13.1479,16902497.994908,0
GLW.US,D,20100921,000000,13.2358,13.4253,13.0483,13.1479,25142613.704696,0
GLW.US,D,20100922,000000,12.8998,12.9917,12.7201,12.8119,24533295.438753,0
GLW.US,D,20100923,000000,12.7016,13.313,12.6548,12.9917,22320617.723887,0
GLW.US,D,20100924,000000,13.2124,13.313,13.1479,13.2525,13932659.972023,0
GLW.US,D,20100927,000000,13.2426,13.4086,13.1186,13.2612,12739957.38896,0
GLW.US,D,20100928,000000,13.2759,13.6685,13.184,13.6431,22616595.685849,0
GLW.US,D,20100929,000000,13.684,14.0132,13.6431,13.7221,23031784.618573,0
GLW.US,D,20100930,000000,13.7602,13.9253,13.5131,13.6489,15121513.472538,0
GLW.US,D,20101001,000000,13.7134,13.813,13.4614,13.6117,12485363.976128,0
GLW.US,D,20101004,000000,13.5728,13.6626,13.2358,13.3784,13259588.6525,0
GLW.US,D,20101005,000000,13.5649,13.8696,13.52,13.8207,15178117.205995,0
GLW.US,D,20101006,000000,13.7769,13.94,13.4917,13.7056,15176993.91694,0
GLW.US,D,20101007,000000,13.7447,13.7447,13.313,13.604,18653341.098331,0
GLW.US,D,20101008,000000,13.5816,13.7592,13.5415,13.7134,11890610.581196,0
GLW.US,D,20101011,000000,13.8207,13.8334,13.6264,13.6685,9806517.2081015,0
GLW.US,D,20101012,000000,13.6548,13.8501,13.5562,13.7769,9957785.435386,0
GLW.US,D,20101013,000000,13.8579,14.1558,13.8501,13.9624,13703737.349141,0
GLW.US,D,20101014,000000,13.8999,13.9985,13.6431,13.729,11244852.490678,0
GLW.US,D,20101015,000000,13.8413,14.059,13.8052,14.0209,14465412.316632,0
GLW.US,D,20101018,000000,13.9917,14.0884,13.8618,14.0816,9899713.3368401,0
GLW.US,D,20101019,000000,13.8501,13.8696,13.5044,13.6548,15526334.764725,0
GLW.US,D,20101020,000000,13.6762,13.9624,13.6343,13.8413,11666032.639677,0
GLW.US,D,20101021,000000,13.94,13.9692,13.6264,13.8334,10841437.101745,0
GLW.US,D,20101022,000000,13.8785,13.9321,13.7827,13.8872,7498366.0674549,0
GLW.US,D,20101025,000000,13.9917,14.1314,13.8999,13.9692,8807342.8910998,0
GLW.US,D,20101026,000000,13.8618,13.8618,13.6264,13.7827,12611322.872928,0
GLW.US,D,20101027,000000,13.6685,13.8696,13.5816,13.7592,11132655.676725,0
GLW.US,D,20101028,000000,13.894,13.9985,13.6626,13.8052,14132940.259979,0
GLW.US,D,20101029,000000,13.7846,13.9429,13.6431,13.6489,19380579.115806,0
GLW.US,D,20101101,000000,13.894,13.9985,13.6987,13.813,21619996.639559,0
GLW.US,D,20101102,000000,13.8334,13.8892,13.5131,13.685,15528502.497567,0
GLW.US,D,20101103,000000,13.6548,13.9243,13.477,13.8785,17794915.821331,0
GLW.US,D,20101104,000000,14.0445,14.187,13.9624,14.1225,29157292.813244,0
GLW.US,D,20101105,000000,14.1479,14.1792,13.9477,14.0961,10749969.42508,0
GLW.US,D,20101108,000000,13.9692,14.2584,13.8413,14.1733,12482143.607783,0
GLW.US,D,20101109,000000,14.1792,14.3707,14.0816,14.1655,15341876.776184,0
GLW.US,D,20101110,000000,14.1733,14.2153,13.813,14.0279,27215321.616544,0
GLW.US,D,20101111,000000,13.9321,13.9321,13.684,13.894,12742726.188962,0
GLW.US,D,20101112,000000,13.7827,13.9077,13.604,13.7134,12493033.470214,0
GLW.US,D,20101115,000000,13.7524,13.7671,13.5415,13.5492,12510492.064896,0
GLW.US,D,20101116,000000,13.4253,13.4526,13.0082,13.0268,28511847.031898,0
GLW.US,D,20101117,000000,12.8032,13.2124,12.8032,13.0209,23775644.651737,0
GLW.US,D,20101118,000000,13.191,13.2759,13.0961,13.2358,13551763.610318,0
GLW.US,D,20101119,000000,13.2426,13.3179,13.1479,13.313,12391613.882596,0
GLW.US,D,20101122,000000,13.2836,13.6548,13.2525,13.4399,20952429.12921,0
GLW.US,D,20101123,000000,13.2525,13.3628,13.1557,13.2426,14980631.317151,0
GLW.US,D,20101124,000000,13.356,13.5728,13.2993,13.5492,21667308.919165,0
GLW.US,D,20101126,000000,13.4086,13.5562,13.3931,13.52,6077540.5777852,0
GLW.US,D,20101129,000000,13.2612,13.3852,13.1118,13.313,14979157.832239,0
GLW.US,D,20101130,000000,13.1596,13.2886,13.0679,13.186,15599910.709728,0
GLW.US,D,20101201,000000,13.4399,13.6431,13.2836,13.4702,20205865.829774,0
GLW.US,D,20101202,000000,13.4702,14.0503,13.4702,13.9741,22800109.579124,0
GLW.US,D,20101203,000000,13.9556,14.1225,13.8501,13.9917,15858193.466645,0
GLW.US,D,20101206,000000,13.894,14.1401,13.894,13.9556,12987022.614807,0
GLW.US,D,20101207,000000,14.1401,14.1655,13.8501,13.9166,15862090.675522,0
GLW.US,D,20101208,000000,14.1987,14.3872,14.0503,14.0816,23583951.330056,0
GLW.US,D,20101209,000000,14.1655,14.3052,13.9985,14.187,17780458.466591,0
GLW.US,D,20101210,000000,14.1929,14.2671,14.0356,14.059,11921480.0389,0
GLW.US,D,20101213,000000,14.3052,14.6987,14.3052,14.4078,23296891.074902,0
GLW.US,D,20101214,000000,14.187,14.4078,13.94,14.0884,32238069.197717,0
GLW.US,D,20101215,000000,14.0737,14.0816,13.8872,13.9166,11068435.695335,0
GLW.US,D,20101216,000000,13.8892,14.0152,13.8705,13.9995,11363751.152268,0
GLW.US,D,20101217,000000,13.9917,14.2076,13.9243,14.1792,17561937.275076,0
GLW.US,D,20101220,000000,14.1929,14.2584,14.059,14.1225,8206593.1600699,0
GLW.US,D,20101221,000000,14.1157,14.3707,14.0884,14.3647,13845680.331748,0
GLW.US,D,20101222,000000,14.3589,14.5074,14.3052,14.5074,13069811.168393,0
GLW.US,D,20101223,000000,14.4526,14.5142,14.3951,14.479,11852328.644493,0
GLW.US,D,20101227,000000,14.3872,14.5591,14.3707,14.4937,9857068.2874134,0
GLW.US,D,20101228,000000,14.5376,14.5591,14.3707,14.436,12950133.26982,0
GLW.US,D,20101229,000000,14.4165,14.5239,14.3814,14.3891,5750371.6332644,0
GLW.US,D,20101230,000000,14.3726,14.4741,14.2974,14.4459,6284688.5956264,0
GLW.US,D,20101231,000000,14.4175,14.4898,14.3383,14.4253,6374497.4498074,0
GLW.US,D,20110103,000000,14.5074,14.5591,14.2748,14.3296,18444056.066583,0
GLW.US,D,20110104,000000,14.3052,14.3296,14.187,14.2368,13111260.227286,0
GLW.US,D,20110105,000000,14.2076,14.2748,14.1314,14.1733,14089255.886587,0
GLW.US,D,20110106,000000,14.2427,14.6509,14.1792,14.563,22866880.256076,0
GLW.US,D,20110107,000000,14.5933,14.6265,14.2514,14.5289,27110905.908806,0
GLW.US,D,20110110,000000,14.4858,14.563,14.2748,14.5591,16541398.9628,0
GLW.US,D,20110111,000000,14.7437,14.7437,14.479,14.5435,11503118.864163,0
GLW.US,D,20110112,000000,14.6987,14.9478,14.5074,14.8784,19589839.572406,0
GLW.US,D,20110113,000000,14.8423,14.9165,14.7671,14.8209,9431473.8274654,0
GLW.US,D,20110114,000000,14.8209,14.8707,14.7047,14.7906,19931099.292376,0
GLW.US,D,20110118,000000,14.9116,14.9351,14.6539,14.8169,14356178.855933,0
GLW.US,D,20110119,000000,14.8667,14.8667,14.6216,14.6831,14642202.859016,0
GLW.US,D,20110120,000000,14.5591,14.5933,14.3296,14.4712,17331036.352787,0
GLW.US,D,20110121,000000,14.5874,14.6011,14.3707,14.4292,16110002.720008,0
GLW.US,D,20110124,000000,14.3951,14.7671,14.3647,14.6656,23810565.936959,0
GLW.US,D,20110125,000000,15.4176,15.9176,15.3062,15.8365,71486217.776583,0
GLW.US,D,20110126,000000,15.8707,16.401,15.8286,16.2574,38549021.45874,0
GLW.US,D,20110127,000000,16.2741,16.5973,16.149,16.5435,21174846.505639,0
GLW.US,D,20110128,000000,16.4566,16.6129,16.0835,16.2741,24542876.674555,0
GLW.US,D,20110131,000000,16.2868,16.6441,16.2711,16.5846,19953879.430552,0
GLW.US,D,20110201,000000,16.6695,17.2027,16.6197,16.941,23569941.447801,0
GLW.US,D,20110202,000000,16.8727,17.1695,16.8111,17.0152,12695009.443378,0
GLW.US,D,20110203,000000,16.9556,16.9556,16.5826,16.8502,24996936.323569,0
GLW.US,D,20110204,000000,17.0378,17.4938,16.7642,17.4488,35412553.693178,0
GLW.US,D,20110207,000000,16.984,17.2106,16.8355,16.941,31778155.54367,0
GLW.US,D,20110208,000000,16.9771,17.1344,16.7711,16.8805,19747698.035196,0
GLW.US,D,20110209,000000,16.8502,17.0221,16.7847,17.0221,18172389.06972,0
GLW.US,D,20110210,000000,16.8434,16.8502,16.4917,16.5435,28765339.682896,0
GLW.US,D,20110211,000000,16.4489,16.7232,16.2242,16.692,19788894.174859,0
GLW.US,D,20110214,000000,16.7575,16.7847,16.5435,16.606,11780854.898603,0
GLW.US,D,20110215,000000,16.5495,16.5495,16.2906,16.315,16883178.856735,0
GLW.US,D,20110216,000000,16.439,16.9059,16.4235,16.6363,20517739.816595,0
GLW.US,D,20110217,000000,16.6636,17.3297,16.6422,17.1411,37170689.471751,0
GLW.US,D,20110218,000000,17.2037,17.4654,17.0289,17.3444,26804810.153643,0
GLW.US,D,20110222,000000,16.9322,17.1149,16.7711,16.8727,24567859.360365,0
GLW.US,D,20110223,000000,16.8267,16.9059,16.6129,16.7057,22038485.809859,0
GLW.US,D,20110224,000000,16.7057,17.0523,16.6842,17.0289,16140670.456708,0
GLW.US,D,20110225,000000,17.1491,17.1491,16.7311,16.9137,18161507.399005,0
GLW.US,D,20110228,000000,17.0592,17.3053,17.0416,17.2545,17564673.308214,0
GLW.US,D,20110301,000000,17.2848,17.3766,16.4703,16.486,23746824.146991,0
GLW.US,D,20110302,000000,16.4616,16.9273,16.4616,16.7008,20829182.714364,0
GLW.US,D,20110303,000000,16.9635,17.2116,16.8502,17.1003,13989552.463467,0
GLW.US,D,20110304,000000,17.1149,17.2848,16.9195,17.1491,12880243.597009,0
GLW.US,D,20110307,000000,17.106,17.3004,16.7711,16.9059,20176715.608459,0
GLW.US,D,20110308,000000,16.985,17.1003,16.7232,16.9771,11881012.96196,0
GLW.US,D,20110309,000000,16.8727,16.8727,16.2007,16.5904,24942174.702243,0
GLW.US,D,20110310,000000,16.4165,16.4165,15.9078,15.9537,20780961.154284,0
GLW.US,D,20110311,000000,15.857,16.021,15.7965,15.9469,16203280.765907,0
GLW.US,D,20110314,000000,15.857,16.148,15.8267,16.0289,13491438.789878,0
GLW.US,D,20110315,000000,15.436,15.8775,15.0258,15.7808,21942640.684965,0
GLW.US,D,20110316,000000,15.6568,15.9156,15.1382,15.3628,22169146.751632,0
GLW.US,D,20110317,000000,15.6344,15.73,15.3638,15.4995,16648153.40545,0
GLW.US,D,20110318,000000,15.7487,15.8267,15.398,15.5269,16724382.442464,0
GLW.US,D,20110321,000000,15.8267,15.8267,15.6255,15.7036,4886286.9044872,0
GLW.US,D,20110322,000000,15.5923,15.6909,15.481,15.563,12616803.130919,0
GLW.US,D,20110323,000000,15.5221,15.7125,15.2954,15.6001,18522357.607742,0
GLW.US,D,20110324,000000,15.7417,16.0357,15.5533,15.9742,20513945.004168,0
GLW.US,D,20110325,000000,15.9869,16.0826,15.8775,16.0601,13511608.842549,0
GLW.US,D,20110328,000000,16.1305,16.1715,15.9605,16.0513,12533002.90041,0
GLW.US,D,20110329,000000,15.9674,16.0357,15.728,15.7965,16631800.692425,0
GLW.US,D,20110330,000000,15.8687,15.8844,15.5533,15.563,25465464.590933,0
GLW.US,D,20110331,000000,15.6237,15.728,15.4185,15.4332,19576575.136305,0
GLW.US,D,20110401,000000,15.6969,15.6969,15.3267,15.4224,25083552.456446,0
GLW.US,D,20110404,000000,15.481,15.5269,15.3697,15.398,12289946.49557,0
GLW.US,D,20110405,000000,15.4293,15.481,15.2398,15.2642,19418749.440379,0
GLW.US,D,20110406,000000,15.3765,15.4136,15.2495,15.2564,18862742.862032,0
GLW.US,D,20110407,000000,15.2564,15.4898,15.0923,15.1157,26356559.455224,0
GLW.US,D,20110408,000000,15.0689,15.1157,14.6128,14.6539,42307531.273093,0
GLW.US,D,20110411,000000,14.6051,14.8453,14.6051,14.6685,22421703.499078,0
GLW.US,D,20110412,000000,14.5884,14.6216,14.2593,14.353,26363299.189547,0
GLW.US,D,20110413,000000,14.4888,14.6051,14.3062,14.4741,18982108.451431,0
GLW.US,D,20110414,000000,14.3472,14.7085,14.2613,14.6831,21456378.376471,0
GLW.US,D,20110415,000000,14.7788,14.8296,14.7154,14.7945,24066264.207485,0
GLW.US,D,20110418,000000,14.5884,14.6295,14.4556,14.5835,14602336.849237,0
GLW.US,D,20110419,000000,14.565,14.9116,14.482,14.732,16021575.193934,0
GLW.US,D,20110420,000000,14.9947,15.3628,14.9596,15.3189,23760909.802619,0
GLW.US,D,20110421,000000,15.436,15.4517,15.1382,15.2564,13139343.477595,0
GLW.US,D,20110425,000000,15.3267,15.4293,15.1616,15.1685,16336538.481645,0
GLW.US,D,20110426,000000,15.3189,15.5923,15.1968,15.4136,15694973.525746,0
GLW.US,D,20110427,000000,16.4001,16.5005,15.4586,15.7741,43978750.89719,0
GLW.US,D,20110428,000000,15.728,15.8052,15.5767,15.7417,16469800.293241,0
GLW.US,D,20110429,000000,15.6627,15.7417,15.5523,15.6695,14368898.542921,0
GLW.US,D,20110502,000000,15.7741,15.8267,15.5054,15.5348,10004586.756708,0
GLW.US,D,20110503,000000,15.4995,15.5357,15.2261,15.4243,15473275.996359,0
GLW.US,D,20110504,000000,15.3765,15.4136,15.0836,15.2564,13075792.145023,0
GLW.US,D,20110505,000000,15.1929,15.313,14.9732,15.0493,17976556.88354,0
GLW.US,D,20110506,000000,15.2086,15.484,15.11,15.1929,12897757.485774,0
GLW.US,D,20110509,000000,15.4058,15.735,15.3765,15.5846,16178453.722701,0
GLW.US,D,20110510,000000,15.563,15.6822,15.3697,15.6754,12423915.866633,0
GLW.US,D,20110511,000000,15.6509,15.8229,15.4243,15.5435,12697818.177995,0
GLW.US,D,20110512,000000,15.5415,15.8189,15.3765,15.7487,13335490.020876,0
GLW.US,D,20110513,000000,15.7604,15.7604,15.3706,15.5152,10245510.2435,0
GLW.US,D,20110516,000000,15.4224,15.728,15.3551,15.3912,12507062.807794,0
GLW.US,D,20110517,000000,15.3414,15.3414,14.9449,15.1753,14433433.905376,0
GLW.US,D,20110518,000000,15.1695,15.3491,15.103,15.1987,14125506.277727,0
GLW.US,D,20110519,000000,15.2086,15.2515,14.9292,15.1392,16218431.344611,0
GLW.US,D,20110520,000000,15.11,15.1304,14.7564,14.9292,28658309.793797,0
GLW.US,D,20110523,000000,14.732,14.7564,14.5239,14.5737,24970397.211723,0
GLW.US,D,20110524,000000,14.6841,14.7398,14.5884,14.6295,14163582.397566,0
GLW.US,D,20110525,000000,14.6128,14.772,14.4556,14.6539,14903530.886349,0
GLW.US,D,20110526,000000,14.6295,14.8463,14.5376,14.8042,12480231.866066,0
GLW.US,D,20110527,000000,14.8463,14.9449,14.6606,14.9038,11564650.938746,0
GLW.US,D,20110531,000000,15.0855,15.2193,14.9195,15.1157,12862206.462386,0
GLW.US,D,20110601,000000,15.1157,15.1157,14.7154,14.7955,20598839.852725,0
GLW.US,D,20110602,000000,14.8247,14.8824,14.5533,14.6051,17776331.889666,0
GLW.US,D,20110603,000000,14.3599,14.4956,14.225,14.2758,17603545.048467,0
GLW.US,D,20110606,000000,14.2447,14.3463,14.1157,14.1489,15279181.477932,0
GLW.US,D,20110607,000000,14.1997,14.353,14.1568,14.1733,12035845.60966,0
GLW.US,D,20110608,000000,14.0279,14.0737,13.8491,13.9985,16068477.887742,0
GLW.US,D,20110609,000000,14.0044,14.1489,13.9067,14.0356,11227693.917593,0
GLW.US,D,20110610,000000,13.9908,13.9908,13.6899,13.7818,14905066.833095,0
GLW.US,D,20110613,000000,13.8404,13.894,13.6401,13.7114,13675788.238183,0
GLW.US,D,20110614,000000,13.8775,14.059,13.8775,13.8999,9938118.1492829,0
GLW.US,D,20110615,000000,13.7515,13.812,13.4135,13.4907,18577231.865162,0
GLW.US,D,20110616,000000,13.476,13.5562,13.2485,13.4693,17334358.093617,0
GLW.US,D,20110617,000000,13.5933,13.6528,13.3207,13.352,14030083.026206,0
GLW.US,D,20110620,000000,13.2798,13.5248,13.186,13.4448,12542071.129998,0
GLW.US,D,20110621,000000,13.4956,13.4956,13.1947,13.2475,30363666.346312,0
GLW.US,D,20110622,000000,13.2388,13.3814,13.2164,13.3032,27306968.486998,0
GLW.US,D,20110623,000000,13.1275,13.3598,12.9556,13.3433,26042874.075206,0
GLW.US,D,20110624,000000,13.352,13.3814,13.1275,13.1665,20372354.265349,0
GLW.US,D,20110627,000000,13.1733,13.1733,12.9018,13.0278,24051236.50452,0
GLW.US,D,20110628,000000,13.0757,13.2328,12.979,13.1665,17319137.885325,0
GLW.US,D,20110629,000000,13.2164,13.3814,13.1275,13.2563,17812677.509504,0
GLW.US,D,20110630,000000,13.3286,13.6264,13.2798,13.6187,20462403.751188,0
GLW.US,D,20110701,000000,13.7368,14.0279,13.6245,13.9067,24206286.232693,0
GLW.US,D,20110705,000000,14.0209,14.0445,13.6899,13.7368,16270918.740788,0
GLW.US,D,20110706,000000,13.731,13.8354,13.6489,13.685,17697875.729869,0
GLW.US,D,20110707,000000,13.8999,13.9556,13.5464,13.6479,22414120.018009,0
GLW.US,D,20110708,000000,13.4741,13.5395,13.2886,13.3989,15131879.065146,0
GLW.US,D,20110711,000000,13.2328,13.2328,12.9018,12.9419,26224914.483569,0
GLW.US,D,20110712,000000,12.9018,12.9018,12.6557,12.6713,24348538.452578,0
GLW.US,D,20110713,000000,12.8052,12.9721,12.6469,12.6879,18038380.788005,0
GLW.US,D,20110714,000000,12.7446,12.7446,12.3852,12.4223,27210366.65234,0
GLW.US,D,20110715,000000,12.4771,12.557,12.3784,12.557,18144550.546926,0
GLW.US,D,20110718,000000,12.4536,12.4594,12.2719,12.3784,16349123.005319,0
GLW.US,D,20110719,000000,12.436,12.6459,12.3832,12.6372,13470702.48484,0
GLW.US,D,20110720,000000,12.7446,12.851,12.6177,12.6469,14179384.217692,0
GLW.US,D,20110721,000000,12.7681,12.8433,12.6391,12.7514,23657904.093993,0
GLW.US,D,20110722,000000,12.7367,12.8667,12.6557,12.8589,21373308.232647,0
GLW.US,D,20110725,000000,12.73,12.8052,12.6782,12.7681,21051551.964461,0
GLW.US,D,20110726,000000,12.8208,13.0151,12.7514,12.9721,31067966.53508,0
GLW.US,D,20110727,000000,12.3197,12.3431,11.9477,12.0346,58954824.548363,0
GLW.US,D,20110728,000000,11.9926,12.2094,11.9672,12.0004,22848691.574707,0
GLW.US,D,20110729,000000,11.9018,12.0463,11.7485,11.936,20468778.954149,0
GLW.US,D,20110801,000000,12.0551,12.1147,11.5541,11.7261,24423017.534266,0
GLW.US,D,20110802,000000,11.5941,11.7739,11.3373,11.351,25154347.313874,0
GLW.US,D,20110803,000000,11.3422,11.5678,11.2455,11.5395,23706962.233069,0
GLW.US,D,20110804,000000,11.3647,11.3647,10.8422,10.8685,40036777.363823,0
GLW.US,D,20110805,000000,11.0423,11.1499,10.3528,10.7406,38863114.376627,0
GLW.US,D,20110808,000000,10.308,10.5541,10.0452,10.0452,42158602.804684,0
GLW.US,D,20110809,000000,10.1947,10.7875,10.014,10.7563,35954326.141045,0
GLW.US,D,20110810,000000,10.5033,10.5189,9.86365,9.90272,35249163.774172,0
GLW.US,D,20110811,000000,10.1605,10.8197,10.1429,10.6859,45287118.461959,0
GLW.US,D,20110812,000000,10.8266,10.9691,10.6049,10.8041,26106492.989435,0
GLW.US,D,20110815,000000,10.9525,11.6967,10.929,11.6723,39633530.929032,0
GLW.US,D,20110816,000000,11.4339,11.6264,11.2455,11.3705,32976944.571705,0
GLW.US,D,20110817,000000,11.4222,11.4369,11.2465,11.309,22534653.950902,0
GLW.US,D,20110818,000000,10.9525,11.1781,10.6557,10.8041,41321613.200475,0
GLW.US,D,20110819,000000,10.6908,11.1352,10.6224,10.7406,28832138.00689,0
GLW.US,D,20110822,000000,11.2846,11.2846,10.5609,10.6224,31705063.933876,0
GLW.US,D,20110823,000000,10.6693,10.9447,10.5902,10.9447,24583712.378715,0
GLW.US,D,20110824,000000,10.8539,10.8685,10.5473,10.849,19280019.658367,0
GLW.US,D,20110825,000000,10.9213,10.9691,10.5023,10.5189,25634832.414674,0
GLW.US,D,20110826,000000,10.4721,10.8627,10.2161,10.7787,30955188.10929,0
GLW.US,D,20110829,000000,10.9614,11.3891,10.9614,11.3578,13632809.376331,0
GLW.US,D,20110830,000000,11.309,11.3373,11.0346,11.1693,22974227.57417,0
GLW.US,D,20110831,000000,11.2885,11.4701,11.1977,11.3178,18259177.228633,0
GLW.US,D,20110901,000000,11.3451,11.4994,11.0727,11.0961,19807256.930193,0
GLW.US,D,20110902,000000,10.9145,10.931,10.5316,10.6293,15717605.189068,0
GLW.US,D,20110906,000000,10.2669,10.597,10.2298,10.5668,20898277.790726,0
GLW.US,D,20110907,000000,10.7787,10.9379,10.6557,10.9379,22604540.55182,0
GLW.US,D,20110908,000000,10.7494,11.1292,10.6908,10.8119,29702341.947504,0
GLW.US,D,20110909,000000,10.6849,10.7347,10.1576,10.2231,39234889.262588,0
GLW.US,D,20110912,000000,10.0951,10.1927,9.86847,10.1703,40079708.099344,0
GLW.US,D,20110913,000000,10.2161,10.3792,10.1322,10.3147,29601429.222312,0
GLW.US,D,20110914,000000,10.3598,10.4808,10.1087,10.3304,34858455.784653,0
GLW.US,D,20110915,000000,10.4877,10.5404,10.2298,10.4808,26323117.798701,0
GLW.US,D,20110916,000000,10.4808,10.6849,10.3862,10.4955,23744344.104978,0
GLW.US,D,20110919,000000,10.3471,10.3528,9.9759,10.0638,30352919.838911,0
GLW.US,D,20110920,000000,10.1654,10.2522,10.1019,10.1019,30893233.13737,0
GLW.US,D,20110921,000000,10.0873,10.2231,9.681,9.70249,25648793.146633,0
GLW.US,D,20110922,000000,9.37337,9.52279,8.95969,9.1299,55045158.118856,0
GLW.US,D,20110923,000000,9.06369,9.44662,9.03205,9.29524,23051255.303493,0
GLW.US,D,20110926,000000,9.40951,9.40951,9.0092,9.28743,39365491.838383,0
GLW.US,D,20110927,000000,9.47006,9.90558,9.41927,9.62143,32738419.209768,0
GLW.US,D,20110928,000000,9.63022,9.76304,9.38607,9.40169,27012539.783319,0
GLW.US,D,20110929,000000,9.63705,9.7435,9.29524,9.52962,37273613.263215,0
GLW.US,D,20110930,000000,9.35677,9.54525,9.29329,9.30306,31155305.586891,0
GLW.US,D,20111003,000000,9.21486,9.21486,8.86847,8.9426,37222011.59633,0
GLW.US,D,20111004,000000,8.76192,8.98801,8.66397,8.95969,38728662.718284,0
GLW.US,D,20111005,000000,8.99562,9.53256,8.94943,9.48568,27388605.080524,0
GLW.US,D,20111006,000000,9.75131,10.1693,9.71421,10.1625,51643906.445782,0
GLW.US,D,20111007,000000,10.3237,10.3382,9.9379,10.0873,23037866.96769,0
GLW.US,D,20111010,000000,10.3528,10.5189,10.1927,10.3382,17532072.326543,0
GLW.US,D,20111011,000000,10.2903,10.5023,10.2298,10.3147,14662733.34719,0
GLW.US,D,20111012,000000,10.5102,10.5404,10.2006,10.2094,23601214.347519,0
GLW.US,D,20111013,000000,10.1576,10.2522,9.85292,10.2094,18331186.507955,0
GLW.US,D,20111014,000000,10.4252,10.4877,10.1576,10.3237,16816045.69635,0
GLW.US,D,20111017,000000,10.3147,10.3792,9.7933,9.83237,20925655.529494,0
GLW.US,D,20111018,000000,9.892,10.2903,9.84019,10.2377,19872083.098564,0
GLW.US,D,20111019,000000,10.1781,10.2006,9.92908,9.9759,13893849.669638,0
GLW.US,D,20111020,000000,10.0267,10.057,9.76304,9.92025,19323880.153651,0
GLW.US,D,20111021,000000,10.1224,10.3518,10.0843,10.3451,21642009.828326,0
GLW.US,D,20111024,000000,10.4642,10.8266,10.4026,10.7563,26671720.368083,0
GLW.US,D,20111025,000000,10.7416,10.7416,10.3129,10.3284,26829080.160162,0
GLW.US,D,20111026,000000,10.8422,11.2465,10.1654,10.6371,61489725.459227,0
GLW.US,D,20111027,000000,11.5873,11.7582,11.1429,11.6098,53147283.95324,0
GLW.US,D,20111028,000000,11.6264,11.6489,11.2748,11.5209,29709255.755791,0
GLW.US,D,20111031,000000,11.2895,11.2895,10.7553,10.7553,41454701.962071,0
GLW.US,D,20111101,000000,10.4877,10.6049,10.3217,10.4554,41099317.675822,0
GLW.US,D,20111102,000000,10.6303,10.7563,10.4721,10.5102,31946009.947885,0
GLW.US,D,20111103,000000,10.6557,10.85,10.4379,10.8119,26328924.701365,0
GLW.US,D,20111104,000000,10.6956,11.0082,10.6293,10.9467,18270093.714141,0
GLW.US,D,20111107,000000,10.9711,11.1645,10.8558,11.1147,20031658.749817,0
GLW.US,D,20111108,000000,11.181,11.2562,11.0159,11.2114,20677409.672582,0
GLW.US,D,20111109,000000,10.8695,11.06,10.6615,10.7035,24289503.827404,0
GLW.US,D,20111110,000000,11.0082,11.0747,10.7494,10.9711,19526273.904331,0
GLW.US,D,20111111,000000,11.348,11.5981,11.2953,11.4399,29934594.502931,0
GLW.US,D,20111114,000000,11.7856,11.7856,11.4633,11.6068,30270180.435621,0
GLW.US,D,20111115,000000,11.5903,11.9165,11.5609,11.7485,38837029.905018,0
GLW.US,D,20111116,000000,11.68,11.8451,11.5854,11.6733,29979653.036678,0
GLW.US,D,20111117,000000,11.6215,11.6733,11.348,11.3754,35504236.402389,0
GLW.US,D,20111118,000000,11.4701,11.5609,11.348,11.348,21365318.237673,0
GLW.US,D,20111121,000000,11.0677,11.1576,10.7416,10.9955,28518339.990777,0
GLW.US,D,20111122,000000,11.0219,11.1147,10.8353,10.931,17916747.117242,0
GLW.US,D,20111123,000000,10.7718,10.7797,10.597,10.6293,18648997.440933,0
GLW.US,D,20111125,000000,10.6557,10.8558,10.5473,10.5531,8770321.4546933,0
GLW.US,D,20111128,000000,11.1235,11.3754,11.0834,11.181,28220382.705441,0
GLW.US,D,20111129,000000,10.264,10.3364,9.56185,9.97887,95239264.555824,0
GLW.US,D,20111130,000000,10.015,10.0472,9.8607,10.0384,54571397.392911,0
GLW.US,D,20111201,000000,9.96518,10.264,9.92521,10.1898,25144745.598781,0
GLW.US,D,20111202,000000,10.3217,10.3518,9.98572,10.0013,27522978.917565,0
GLW.US,D,20111205,000000,10.1693,10.4711,10.0912,10.303,26412435.149922,0
GLW.US,D,20111206,000000,10.2953,10.5531,10.183,10.5014,25850470.122164,0
GLW.US,D,20111207,000000,10.4379,10.6557,10.303,10.5902,23376346.624049,0
GLW.US,D,20111208,000000,10.5014,10.597,10.1986,10.2269,23612141.072672,0
GLW.US,D,20111209,000000,10.4163,10.5092,10.3129,10.432,15486138.014412,0
GLW.US,D,20111212,000000,10.2729,10.2796,9.87142,10.1986,26024009.577268,0
GLW.US,D,20111213,000000,10.2572,10.3217,9.87142,9.94078,25708102.194292,0
GLW.US,D,20111214,000000,9.88018,10.0238,9.82358,9.94078,21035631.364453,0
GLW.US,D,20111215,000000,10.0472,10.0765,9.92521,9.96518,31526842.913089,0
GLW.US,D,20111216,000000,10.1,10.1,9.85676,9.89584,30607938.197009,0
GLW.US,D,20111219,000000,9.99355,10.0071,9.48568,9.51107,34725653.733116,0
GLW.US,D,20111220,000000,9.64487,9.81479,9.51107,9.51693,47035607.471002,0
GLW.US,D,20111221,000000,9.52474,9.60091,9.38704,9.49544,44162928.319459,0
GLW.US,D,20111222,000000,9.57064,9.88708,9.55403,9.85676,19536028.190134,0
GLW.US,D,20111223,000000,9.90754,10.1224,9.84407,10.1224,11655162.232573,0
GLW.US,D,20111227,000000,10.0541,10.1224,9.98572,9.98572,14029597.667035,0
GLW.US,D,20111228,000000,9.97203,9.97887,9.69663,9.77963,13685029.517772,0
GLW.US,D,20111229,000000,9.79721,9.94078,9.76596,9.87142,10164243.301155,0
GLW.US,D,20111230,000000,9.82749,9.87142,9.73861,9.82358,11069163.734094,0
GLW.US,D,20120103,000000,10.0325,10.1546,9.83433,9.86365,23499393.365818,0
GLW.US,D,20120104,000000,9.88708,10.0238,9.84407,9.96518,14318476.483136,0
GLW.US,D,20120105,000000,9.88708,10.0765,9.85095,10.0472,13558434.739019,0
GLW.US,D,20120106,000000,10.0541,10.3364,10.016,10.2269,21662036.525968,0
GLW.US,D,20120109,000000,10.3284,10.432,10.2133,10.3929,18696697.803084,0
GLW.US,D,20120110,000000,10.5316,10.6293,10.4163,10.5814,22330220.462943,0
GLW.US,D,20120111,000000,10.5668,10.8773,10.5531,10.8353,22602072.797382,0
GLW.US,D,20120112,000000,10.9389,10.9389,10.597,10.7416,21169350.88818,0
GLW.US,D,20120113,000000,10.597,10.6908,10.5014,10.5902,24442482.075399,0
GLW.US,D,20120117,000000,10.7093,10.8539,10.6341,10.7006,16353378.60177,0
GLW.US,D,20120118,000000,10.726,10.9076,10.6615,10.8041,23255410.273109,0
GLW.US,D,20120119,000000,10.8558,11.0366,10.8041,10.931,23011432.300222,0
GLW.US,D,20120120,000000,10.8939,10.9955,10.8119,10.9076,22361568.11207,0
GLW.US,D,20120123,000000,11.0014,11.0082,10.6458,10.8695,28279045.631502,0
GLW.US,D,20120124,000000,10.7797,11.06,10.7103,11.06,24993623.798419,0
GLW.US,D,20120125,000000,10.2133,10.3217,9.86365,9.87142,80107340.436241,0
GLW.US,D,20120126,000000,9.83433,9.90272,9.51693,9.58724,62758749.236108,0
GLW.US,D,20120127,000000,9.50326,9.60678,9.47201,9.54623,29544654.486785,0
GLW.US,D,20120130,000000,9.53256,9.57748,9.47885,9.53744,29739294.778289,0
GLW.US,D,20120131,000000,9.66049,9.7474,9.54525,9.73861,35887449.99575,0
GLW.US,D,20120201,000000,9.83433,9.90272,9.73861,9.75816,32616070.811786,0
GLW.US,D,20120202,000000,9.87142,9.88708,9.77963,9.78842,23977046.180819,0
GLW.US,D,20120203,000000,10.018,10.3167,9.88117,10.2758,40492606.423488,0
GLW.US,D,20120206,000000,10.3518,10.4642,10.183,10.3842,39210764.659027,0
GLW.US,D,20120207,000000,10.4056,10.4427,10.2993,10.4056,28108993.799475,0
GLW.US,D,20120208,000000,10.5287,10.5355,10.3695,10.4056,23054515.606454,0
GLW.US,D,20120209,000000,10.4213,10.475,10.3256,10.428,30975789.251015,0
GLW.US,D,20120210,000000,10.3548,10.4515,10.2758,10.2913,22715219.850389,0
GLW.US,D,20120213,000000,10.4163,10.4243,10.2572,10.3451,29575036.53739,0
GLW.US,D,20120214,000000,10.3364,10.3578,10.0843,10.1986,27956985.245859,0
GLW.US,D,20120215,000000,10.1869,10.3548,10.1869,10.2308,21518782.868805,0
GLW.US,D,20120216,000000,10.2269,10.5179,10.2074,10.4467,20053343.24598,0
GLW.US,D,20120217,000000,10.5639,10.5639,10.3324,10.4681,17742159.122492,0
GLW.US,D,20120221,000000,10.5287,10.5873,10.3959,10.4116,20742943.400422,0
GLW.US,D,20120222,000000,10.3256,10.3802,10.2308,10.2612,16314419.824535,0
GLW.US,D,20120223,000000,10.2612,10.2993,9.93394,10.2758,23745474.561784,0
GLW.US,D,20120224,000000,10.3167,10.4915,10.2913,10.4056,13526694.911491,0
GLW.US,D,20120227,000000,10.3802,10.3889,10.2308,10.2836,19530507.997529,0
GLW.US,D,20120228,000000,10.3618,10.3959,10.1156,10.1478,27201294.326892,0
GLW.US,D,20120229,000000,10.1546,10.1693,9.90076,9.91443,35900484.039839,0
GLW.US,D,20120301,000000,9.96617,9.96617,9.806,9.86463,34343319.725258,0
GLW.US,D,20120302,000000,9.86463,9.93394,9.85095,9.88117,31488028.514847,0
GLW.US,D,20120305,000000,9.84407,9.90468,9.72104,9.7982,22784418.347165,0
GLW.US,D,20120306,000000,9.68881,9.76693,9.66049,9.7474,25980199.256244,0
GLW.US,D,20120307,000000,9.76693,9.95933,9.7474,9.85676,22487190.12455,0
GLW.US,D,20120308,000000,10.0248,10.224,10.0091,10.2015,27140498.482783,0
GLW.US,D,20120309,000000,10.2377,10.2993,10.0795,10.1087,23786660.461801,0
GLW.US,D,20120312,000000,10.0863,10.2377,10.0795,10.2308,22072196.769044,0
GLW.US,D,20120313,000000,10.3618,10.5951,10.3548,10.5717,31349852.697627,0
GLW.US,D,20120314,000000,10.5951,10.6947,10.5209,10.6889,38038408.25053,0
GLW.US,D,20120315,000000,10.6742,10.8334,10.6527,10.8021,23070593.896993,0
GLW.US,D,20120316,000000,10.8539,10.93,10.7474,10.8998,33467805.504759,0
GLW.US,D,20120319,000000,10.8539,10.9534,10.7406,10.8617,24659586.10005,0
GLW.US,D,20120320,000000,10.8187,10.849,10.6107,10.6889,29683834.813177,0
GLW.US,D,20120321,000000,10.6839,10.7406,10.5951,10.5951,19075153.033426,0
GLW.US,D,20120322,000000,10.557,10.6527,10.475,10.5443,22649433.203319,0
GLW.US,D,20120323,000000,10.515,10.6889,10.475,10.6674,18313004.994337,0
GLW.US,D,20120326,000000,10.7855,10.9868,10.6527,10.9623,21170098.382263,0
GLW.US,D,20120327,000000,10.9534,11.059,10.8021,10.8109,20831623.845726,0
GLW.US,D,20120328,000000,10.8021,10.8539,10.5717,10.6674,21556734.064975,0
GLW.US,D,20120329,000000,10.5951,10.6839,10.5052,10.6742,23251285.744113,0
GLW.US,D,20120330,000000,10.724,10.7699,10.5639,10.7093,21129157.20976,0
GLW.US,D,20120402,000000,10.6674,10.6947,10.4984,10.5717,21308242.456583,0
GLW.US,D,20120403,000000,10.5775,10.6585,10.4848,10.5521,19144675.102982,0
GLW.US,D,20120404,000000,10.4681,10.5287,10.3481,10.4213,20581782.652126,0
GLW.US,D,20120405,000000,10.3754,10.4116,10.2679,10.2993,12923135.42188,0
GLW.US,D,20120409,000000,10.1576,10.3256,10.0863,10.2532,15949854.672602,0
GLW.US,D,20120410,000000,10.2758,10.3802,10.1156,10.1869,22554013.023692,0
GLW.US,D,20120411,000000,10.3481,10.3548,10.2308,10.2913,15233956.037971,0
GLW.US,D,20120412,000000,10.3618,10.5052,10.2993,10.4427,14766224.414987,0
GLW.US,D,20120413,000000,10.3959,10.4604,10.3324,10.3324,14989168.109166,0
GLW.US,D,20120416,000000,10.3802,10.4116,10.2679,10.3256,16495759.841182,0
GLW.US,D,20120417,000000,10.3745,10.4915,10.3314,10.4213,12399542.4397,0
GLW.US,D,20120418,000000,10.3695,10.3802,10.2612,10.2993,11835763.970817,0
GLW.US,D,20120419,000000,10.308,10.4515,10.2171,10.2913,16763221.415854,0
GLW.US,D,20120420,000000,10.2993,10.3481,10.0033,10.0248,26477459.967407,0
GLW.US,D,20120423,000000,9.96617,10.1087,9.90852,10.0492,15003621.368049,0
GLW.US,D,20120424,000000,10.0033,10.2377,10.0033,10.1576,25647713.888052,0
GLW.US,D,20120425,000000,10.6889,10.8998,10.557,10.8754,50080253.26818,0
GLW.US,D,20120426,000000,10.8256,10.9701,10.7855,10.8754,23721549.631299,0
GLW.US,D,20120427,000000,10.9056,11.0366,10.8021,10.9955,17666904.899678,0
GLW.US,D,20120430,000000,10.9056,11.0513,10.8539,10.9145,16125219.856405,0
GLW.US,D,20120501,000000,10.8647,10.9897,10.8041,10.8949,12286693.360361,0
GLW.US,D,20120502,000000,10.9145,11.0901,10.8021,10.849,19073278.15443,0
GLW.US,D,20120503,000000,10.8715,10.9163,10.5785,10.6537,15378753.833596,0
GLW.US,D,20120504,000000,10.6029,10.6585,10.3889,10.3959,14710166.454608,0
GLW.US,D,20120507,000000,10.3256,10.436,10.3256,10.3481,13103752.519592,0
GLW.US,D,20120508,000000,10.2913,10.2993,10.0404,10.1654,24343515.906718,0
GLW.US,D,20120509,000000,10.0472,10.2435,10.0228,10.1761,14360476.43493,0
GLW.US,D,20120510,000000,10.2522,10.2522,10.1,10.1302,14447755.072837,0
GLW.US,D,20120511,000000,10.0677,10.2435,10.0384,10.1224,8719281.944316,0
GLW.US,D,20120514,000000,10.0345,10.1869,10.0091,10.1244,13771042.535562,0
GLW.US,D,20120515,000000,10.1312,10.1654,9.97401,10.0091,19240665.630834,0
GLW.US,D,20120516,000000,10.0638,10.1156,9.81577,9.82846,18784183.281819,0
GLW.US,D,20120517,000000,9.81577,9.88904,9.7064,9.75131,12207672.996125,0
GLW.US,D,20120518,000000,9.81968,9.84019,9.6644,9.70053,21455922.712268,0
GLW.US,D,20120521,000000,9.72495,10.0677,9.70053,10.0228,17507133.671207,0
GLW.US,D,20120522,000000,10.0071,10.1058,9.90076,9.97004,16817281.621499,0
GLW.US,D,20120523,000000,9.85381,10.3157,9.49641,9.71713,38009466.917972,0
GLW.US,D,20120524,000000,9.81968,9.82456,9.67319,9.74838,19530404.577113,0
GLW.US,D,20120525,000000,9.71713,9.86946,9.71713,9.82456,13447104.19903,0
GLW.US,D,20120529,000000,9.9388,10.0541,9.90656,10.0228,21695998.356456,0
GLW.US,D,20120530,000000,9.94862,9.95735,9.84019,9.84019,15455185.615583,0
GLW.US,D,20120531,000000,9.84019,10.0472,9.75522,9.9388,26932735.062278,0
GLW.US,D,20120601,000000,9.74838,9.9632,9.6185,9.6478,30882620.769317,0
GLW.US,D,20120604,000000,9.67319,9.67319,9.31184,9.36556,26565347.86419,0
GLW.US,D,20120605,000000,9.35774,9.58041,9.3431,9.53939,20768799.527947,0
GLW.US,D,20120606,000000,9.67319,9.83237,9.63412,9.81968,24116711.866382,0
GLW.US,D,20120607,000000,9.93096,10.015,9.85381,9.86946,18556348.109236,0
GLW.US,D,20120608,000000,9.81089,10.0619,9.81089,10.0472,15034191.828121,0
GLW.US,D,20120611,000000,10.1634,10.1693,9.86946,9.87832,16714210.379146,0
GLW.US,D,20120612,000000,9.90656,10.1,9.86946,10.0843,15346474.376777,0
GLW.US,D,20120613,000000,10.0843,10.0912,9.92223,9.98472,14242593.546121,0
GLW.US,D,20120614,000000,9.99256,10.0071,9.82456,9.9632,13606267.192591,0
GLW.US,D,20120615,000000,10.0472,10.0912,9.93096,9.95735,22723757.666369,0
GLW.US,D,20120618,000000,9.93096,10.0765,9.90656,10.0228,13790441.542967,0
GLW.US,D,20120619,000000,10.0765,10.2435,10.0472,10.1381,13489414.412067,0
GLW.US,D,20120620,000000,10.1,10.1907,10.0004,10.1459,12249820.398807,0
GLW.US,D,20120621,000000,10.1224,10.1761,9.74252,9.7767,20613993.503324,0
GLW.US,D,20120622,000000,9.84019,9.87832,9.73276,9.84019,17836125.272533,0
GLW.US,D,20120625,000000,9.71713,9.74252,9.28254,9.53353,14755200.413208,0
GLW.US,D,20120626,000000,9.53939,9.6185,9.41048,9.51302,14830228.339867,0
GLW.US,D,20120627,000000,9.53353,9.69175,9.51791,9.63412,9190295.3735146,0
GLW.US,D,20120628,000000,9.56282,9.64193,9.48665,9.63412,12241616.395252,0
GLW.US,D,20120629,000000,9.83237,9.91443,9.72495,9.89288,16302177.305002,0
GLW.US,D,20120702,000000,9.88412,9.89288,9.76987,9.87832,10679431.58274,0
GLW.US,D,20120703,000000,9.90076,10.0384,9.84019,10.0071,6027592.6135623,0
GLW.US,D,20120705,000000,9.98472,10.0472,9.94862,9.94862,10753697.679814,0
GLW.US,D,20120706,000000,9.85381,9.90656,9.68002,9.78354,11855598.163132,0
GLW.US,D,20120709,000000,9.78354,9.78354,9.59506,9.69175,14042789.401656,0
GLW.US,D,20120710,000000,9.68491,9.8021,9.5267,9.59506,11649380.92902,0
GLW.US,D,20120711,000000,9.53939,9.64193,9.42903,9.50423,14371194.271325,0
GLW.US,D,20120712,000000,9.39388,9.4642,9.26048,9.4349,21801237.33165,0
GLW.US,D,20120713,000000,9.44076,9.47885,9.35774,9.42903,12871697.589314,0
GLW.US,D,20120716,000000,9.42024,9.42024,9.31184,9.37435,12360914.402997,0
GLW.US,D,20120717,000000,9.41048,9.4642,9.28743,9.44076,12784692.349926,0
GLW.US,D,20120718,000000,9.40267,9.60287,9.39388,9.47885,19338629.338273,0
GLW.US,D,20120719,000000,9.5726,9.59506,9.48665,9.53353,13374477.469117,0
GLW.US,D,20120720,000000,9.4642,9.49641,9.31184,9.38704,14293366.825729,0
GLW.US,D,20120723,000000,9.25169,9.31184,9.1423,9.27405,12553961.405743,0
GLW.US,D,20120724,000000,9.31184,9.32552,9.13468,9.23519,14716085.993369,0
GLW.US,D,20120725,000000,9.17434,9.19554,8.45391,8.52286,50119041.043346,0
GLW.US,D,20120726,000000,8.50703,8.6757,8.40117,8.59191,29594308.573196,0
GLW.US,D,20120727,000000,8.60675,8.89582,8.55215,8.8213,16525074.920781,0
GLW.US,D,20120730,000000,8.79893,8.83898,8.68379,8.73713,12381896.459515,0
GLW.US,D,20120731,000000,8.72335,8.79123,8.65381,8.73048,14698540.361703,0
GLW.US,D,20120801,000000,8.74435,8.75998,8.12733,8.65381,34634263.877751,0
GLW.US,D,20120802,000000,8.52286,8.65381,8.462,8.59191,13581580.432521,0
GLW.US,D,20120803,000000,8.6921,8.74435,8.59191,8.6757,12439181.129362,0
GLW.US,D,20120806,000000,8.73048,8.73713,8.61417,8.63136,13589485.438441,0
GLW.US,D,20120807,000000,8.66016,8.86105,8.66016,8.8213,18792514.25697,0
GLW.US,D,20120808,000000,8.78311,8.97667,8.78311,8.8837,22874776.046316,0
GLW.US,D,20120809,000000,8.84621,8.90343,8.74435,8.86847,17965706.955725,0
GLW.US,D,20120810,000000,8.83898,8.876,8.77365,8.8546,8728033.7688762,0
GLW.US,D,20120813,000000,8.86105,8.97024,8.75998,8.81477,15152955.326398,0
GLW.US,D,20120814,000000,8.86105,8.88947,8.78311,8.81477,16728041.067615,0
GLW.US,D,20120815,000000,8.8213,8.88947,8.77365,8.86847,14851032.226563,0
GLW.US,D,20120816,000000,8.876,8.99073,8.86847,8.99073,15498504.433649,0
GLW.US,D,20120817,000000,9.0263,9.18205,8.99073,9.17434,19341407.353955,0
GLW.US,D,20120820,000000,9.1423,9.18205,9.03469,9.17434,15452572.458185,0
GLW.US,D,20120821,000000,9.19554,9.28254,9.0263,9.07415,14184528.615327,0
GLW.US,D,20120822,000000,9.06653,9.07415,8.8546,8.97667,13661451.711253,0
GLW.US,D,20120823,000000,8.92131,8.92941,8.79893,8.83898,13573261.744943,0
GLW.US,D,20120824,000000,8.81477,8.8213,8.6757,8.81477,14472979.414268,0
GLW.US,D,20120827,000000,8.8213,8.88947,8.77365,8.86847,9701717.5136773,0
GLW.US,D,20120828,000000,8.83898,8.99073,8.82951,8.93713,9966378.5454489,0
GLW.US,D,20120829,000000,8.98712,9.10374,8.89963,9.0551,11080683.334689,0
GLW.US,D,20120830,000000,9.00256,9.01681,8.87131,8.94748,11243808.046891,0
GLW.US,D,20120831,000000,9.22454,9.37337,9.18694,9.23333,21610574.118253,0
GLW.US,D,20120904,000000,9.25852,9.31771,9.06369,9.17151,12346077.157427,0
GLW.US,D,20120905,000000,9.1637,9.17913,9.04719,9.12609,9064344.6684303,0
GLW.US,D,20120906,000000,9.17151,9.54721,9.17151,9.47201,23235865.862746,0
GLW.US,D,20120907,000000,9.4642,9.68002,9.4349,9.66538,16874148.513831,0
GLW.US,D,20120910,000000,9.66538,9.77769,9.62632,9.68491,17378806.344523,0
GLW.US,D,20120911,000000,9.68491,9.90272,9.64877,9.83334,15764899.037314,0
GLW.US,D,20120912,000000,9.84209,9.90754,9.73471,9.77769,11461166.014736,0
GLW.US,D,20120913,000000,9.7855,9.93394,9.68002,9.90272,12833143.278054,0
GLW.US,D,20120914,000000,9.95933,10.1175,9.91738,10.1029,18566164.856873,0
GLW.US,D,20120917,000000,10.1029,10.1263,9.88708,9.91738,15497079.075067,0
GLW.US,D,20120918,000000,9.91738,9.97401,9.79526,9.80405,13957463.464045,0
GLW.US,D,20120919,000000,10.1341,10.2044,9.90754,9.91738,36058347.622452,0
GLW.US,D,20120920,000000,9.97401,10.1097,9.94177,10.0882,19067477.395552,0
GLW.US,D,20120921,000000,10.1595,10.2943,10.1419,10.181,21482087.053109,0
GLW.US,D,20120924,000000,10.0804,10.303,10.0345,10.2044,16318034.419211,0
GLW.US,D,20120925,000000,10.225,10.2485,9.95149,9.95933,18398566.443783,0
GLW.US,D,20120926,000000,9.94177,10.0033,9.76304,9.90272,16095269.918819,0
GLW.US,D,20120927,000000,9.97401,10.3217,9.92521,10.2396,24046743.348304,0
GLW.US,D,20120928,000000,10.1722,10.2123,10.0257,10.1263,16273093.64138,0
GLW.US,D,20121001,000000,10.1888,10.2631,10.057,10.0804,14950701.858854,0
GLW.US,D,20121002,000000,10.1029,10.2044,10.0804,10.1957,13437494.292222,0
GLW.US,D,20121003,000000,10.2044,10.433,10.1419,10.303,25068056.801706,0
GLW.US,D,20121004,000000,10.3451,10.3939,10.2719,10.3217,20843102.487742,0
GLW.US,D,20121005,000000,10.3655,10.4828,10.2123,10.2396,14962879.868622,0
GLW.US,D,20121008,000000,10.1957,10.2719,10.1508,10.2348,13801449.161313,0
GLW.US,D,20121009,000000,10.1663,10.2631,9.99643,10.0414,18248590.459694,0
GLW.US,D,20121010,000000,10.0638,10.0882,9.94177,9.97401,20602722.7261,0
GLW.US,D,20121011,000000,10.096,10.1341,9.96617,10.0257,17824727.523711,0
GLW.US,D,20121012,000000,10.0091,10.0502,9.84209,9.99643,18894579.966186,0
GLW.US,D,20121015,000000,10.0091,10.0882,9.97986,10.0716,10425150.479081,0
GLW.US,D,20121016,000000,10.181,10.4906,10.1595,10.4407,23137589.846135,0
GLW.US,D,20121017,000000,10.433,10.7494,10.3862,10.6527,24955341.861716,0
GLW.US,D,20121018,000000,10.5863,10.6684,10.5277,10.5775,18466569.97399,0
GLW.US,D,20121019,000000,10.5512,10.6029,10.3782,10.4106,13901395.264021,0
GLW.US,D,20121022,000000,10.303,10.4496,10.2562,10.4106,18971354.77628,0
GLW.US,D,20121023,000000,10.3129,10.3528,10.1263,10.3284,15675834.605323,0
GLW.US,D,20121024,000000,9.77769,9.85676,9.20998,9.35677,58867011.400988,0
GLW.US,D,20121025,000000,9.47201,9.47885,9.27211,9.31087,29932043.807367,0
GLW.US,D,20121026,000000,9.2806,9.36459,9.09602,9.10374,22908892.495443,0
GLW.US,D,20121031,000000,9.27211,9.30208,9.0092,9.04719,18327039.451739,0
GLW.US,D,20121101,000000,9.08752,9.25071,8.97306,9.03947,28724989.337909,0
GLW.US,D,20121102,000000,9.14905,9.14905,8.97306,9.0092,17585741.37775,0
GLW.US,D,20121105,000000,8.99464,9.17151,8.96544,9.12609,10910874.18225,0
GLW.US,D,20121106,000000,9.15481,9.2178,9.10374,9.1637,15596160.951738,0
GLW.US,D,20121107,000000,9.10374,9.13948,8.85744,8.86398,20114170.832989,0
GLW.US,D,20121108,000000,8.90724,8.93429,8.7627,8.77746,22205497.491293,0
GLW.US,D,20121109,000000,8.77746,8.83341,8.70303,8.73341,14835729.077148,0
GLW.US,D,20121112,000000,8.74709,8.77746,8.64122,8.67764,12170852.256761,0
GLW.US,D,20121113,000000,8.663,8.71857,8.57129,8.59375,13189519.7859,0
GLW.US,D,20121114,000000,8.64942,8.68653,8.46992,8.49356,18237519.355547,0
GLW.US,D,20121115,000000,8.50156,8.5541,8.40889,8.44609,22987872.925064,0
GLW.US,D,20121116,000000,8.44609,8.50156,8.31424,8.46123,23180712.063017,0
GLW.US,D,20121119,000000,8.5541,8.5875,8.50156,8.58028,10867844.122171,0
GLW.US,D,20121120,000000,8.64122,8.79679,8.62501,8.67843,16798205.162911,0
GLW.US,D,20121121,000000,8.67843,8.71124,8.54609,8.63399,17989129.11964,0
GLW.US,D,20121123,000000,8.71954,8.77111,8.663,8.76369,4577409.0377851,0
GLW.US,D,20121126,000000,8.73994,8.81857,8.60869,8.81203,13687303.742922,0
GLW.US,D,20121127,000000,9.38509,9.5726,9.31575,9.4183,54348713.785714,0
GLW.US,D,20121128,000000,9.45541,9.53353,9.36263,9.48568,26735066.907755,0
GLW.US,D,20121129,000000,9.50326,9.63511,9.47201,9.5726,16572076.939144,0
GLW.US,D,20121130,000000,9.58041,9.62729,9.47786,9.49544,17208800.590899,0
GLW.US,D,20121203,000000,9.55502,9.5892,9.39193,9.43392,16009853.872332,0
GLW.US,D,20121204,000000,9.48568,9.61068,9.39193,9.48568,24547606.36657,0
GLW.US,D,20121205,000000,9.46322,9.681,9.46322,9.61068,15973364.897464,0
GLW.US,D,20121206,000000,9.5726,9.8665,9.50326,9.68588,13563613.951448,0
GLW.US,D,20121207,000000,9.71909,9.75034,9.60287,9.73667,12278285.587872,0
GLW.US,D,20121210,000000,9.70346,9.85775,9.67417,9.806,13120096.016936,0
GLW.US,D,20121211,000000,9.806,9.85775,9.73667,9.77963,12817971.196094,0
GLW.US,D,20121212,000000,9.806,9.9759,9.77378,9.88117,16573915.979382,0
GLW.US,D,20121213,000000,9.90558,10.0062,9.85095,9.89101,14567586.566085,0
GLW.US,D,20121214,000000,9.91148,9.92025,9.71909,9.79721,14866154.134262,0
GLW.US,D,20121217,000000,9.77378,9.88117,9.73667,9.82358,14576007.650113,0
GLW.US,D,20121218,000000,9.78842,10.1068,9.77963,10.0843,17380217.367601,0
GLW.US,D,20121219,000000,10.0541,10.1654,9.91148,9.91148,16223929.009999,0
GLW.US,D,20121220,000000,9.92908,9.99058,9.89101,9.92908,23429748.420522,0
GLW.US,D,20121221,000000,9.78842,9.89101,9.72788,9.77963,34381282.185038,0
GLW.US,D,20121224,000000,9.79721,9.89878,9.73667,9.89101,6513593.8111105,0
GLW.US,D,20121226,000000,9.88117,9.94564,9.73667,9.77378,9939424.7279817,0
GLW.US,D,20121227,000000,9.79721,9.806,9.63511,9.76596,13268146.947769,0
GLW.US,D,20121228,000000,9.68588,9.82358,9.66635,9.681,13868477.87732,0
GLW.US,D,20121231,000000,9.65659,9.81577,9.59506,9.79721,16365771.644084,0
GLW.US,D,20130102,000000,10.0384,10.0912,9.89878,9.98373,18088717.858737,0
GLW.US,D,20130103,000000,9.98373,10.0912,9.90558,9.91148,13731653.693236,0
GLW.US,D,20130104,000000,9.94564,10.0541,9.82358,9.88117,29152338.873005,0
GLW.US,D,20130107,000000,9.87438,9.92025,9.79721,9.806,24012748.750953,0
GLW.US,D,20130108,000000,9.77963,9.82358,9.64975,9.68588,26221989.016999,0
GLW.US,D,20130109,000000,9.71225,9.806,9.52572,9.62729,31502585.194143,0
GLW.US,D,20130110,000000,9.68588,9.85095,9.681,9.81577,23553371.654303,0
GLW.US,D,20130111,000000,9.64291,9.68588,9.4183,9.66635,31467936.283477,0
GLW.US,D,20130114,000000,9.62729,9.74546,9.59506,9.70346,12759815.13246,0
GLW.US,D,20130115,000000,9.63511,9.806,9.60287,9.79721,13373518.014383,0
GLW.US,D,20130116,000000,9.79721,9.82358,9.64975,9.71909,12168404.981611,0
GLW.US,D,20130117,000000,9.66635,9.6937,9.53353,9.54721,21206967.247959,0
GLW.US,D,20130118,000000,9.61947,9.61947,9.30794,9.39193,25079268.188988,0
GLW.US,D,20130122,000000,9.38509,9.55502,9.30794,9.55502,18569477.382022,0
GLW.US,D,20130123,000000,9.55502,9.58041,9.46322,9.49544,15315888.557237,0
GLW.US,D,20130124,000000,9.49544,9.51791,9.37142,9.43978,20548332.803887,0
GLW.US,D,20130125,000000,9.44662,9.53939,9.37923,9.50326,20908394.55996,0
GLW.US,D,20130128,000000,9.3558,9.43978,9.21585,9.43392,41479018.046993,0
GLW.US,D,20130129,000000,9.51205,9.64291,9.43978,9.49544,31377875.53403,0
GLW.US,D,20130130,000000,9.51205,9.51205,9.23909,9.31575,28365995.576806,0
GLW.US,D,20130131,000000,9.31575,9.37923,9.26341,9.31575,32691388.520399,0
GLW.US,D,20130201,000000,9.37923,9.37923,9.22258,9.24788,22979089.357604,0
GLW.US,D,20130204,000000,9.24788,9.26341,9.12317,9.15198,27549873.345091,0
GLW.US,D,20130205,000000,9.18401,9.33919,9.13568,9.28352,38308767.64473,0
GLW.US,D,20130206,000000,9.27014,9.45541,9.22258,9.45541,17723548.56775,0
GLW.US,D,20130207,000000,9.43978,9.5726,9.42611,9.56382,20876966.017639,0
GLW.US,D,20130208,000000,9.5892,9.68588,9.39974,9.53353,23198245.407107,0
GLW.US,D,20130211,000000,9.56382,9.68588,9.52572,9.65659,13338041.740404,0
GLW.US,D,20130212,000000,9.67417,9.85095,9.66635,9.75717,17337119.725866,0
GLW.US,D,20130213,000000,9.78842,9.95546,9.77378,9.92025,22205418.646026,0
GLW.US,D,20130214,000000,9.90558,10.0843,9.85095,10.0541,21078152.514176,0
GLW.US,D,20130215,000000,10.0677,10.0765,9.88117,9.92908,18513385.630815,0
GLW.US,D,20130219,000000,9.96231,10.0541,9.96231,10.014,17867031.59296,0
GLW.US,D,20130220,000000,10.0307,10.0462,9.76596,9.806,14809323.080686,0
GLW.US,D,20130221,000000,9.75717,9.806,9.64291,9.71225,17113726.511272,0
GLW.US,D,20130222,000000,9.76596,9.82358,9.74546,9.78842,8868047.6023688,0
GLW.US,D,20130225,000000,9.84407,9.89878,9.5892,9.5892,15661747.925731,0
GLW.US,D,20130226,000000,9.62826,9.72885,9.53842,9.61068,18353824.315065,0
GLW.US,D,20130227,000000,9.61068,9.85873,9.58041,9.84702,12192542.896711,0
GLW.US,D,20130228,000000,9.85292,9.97203,9.83042,9.85873,16002895.009606,0
GLW.US,D,20130301,000000,9.75131,9.80796,9.62826,9.79038,11425334.425076,0
GLW.US,D,20130304,000000,9.76693,9.77378,9.61068,9.681,16724785.884477,0
GLW.US,D,20130305,000000,9.7474,9.85292,9.67514,9.79038,15776160.598857,0
GLW.US,D,20130306,000000,9.82358,9.88412,9.73764,9.82358,12552349.685625,0
GLW.US,D,20130307,000000,9.90076,9.91443,9.79917,9.90076,9771545.7486188,0
GLW.US,D,20130308,000000,9.96419,9.98671,9.85873,9.93979,15214781.278792,0
GLW.US,D,20130311,000000,9.93979,9.98671,9.83823,9.87733,11731374.886156,0
GLW.US,D,20130312,000000,9.87733,10.0091,9.85873,9.90656,12196174.898783,0
GLW.US,D,20130313,000000,9.94961,9.96419,9.85873,9.88412,10334327.900046,0
GLW.US,D,20130314,000000,9.90076,10.0248,9.85873,10.017,12433433.616638,0
GLW.US,D,20130315,000000,9.96419,10.1039,9.89288,10.1039,23782706.934876,0
GLW.US,D,20130318,000000,9.97887,10.1107,9.90076,10.0502,22093744.053965,0
GLW.US,D,20130319,000000,10.0716,10.1351,9.95735,10.0345,18767182.399268,0
GLW.US,D,20130320,000000,10.0814,10.3628,10.0638,10.308,24624827.625183,0
GLW.US,D,20130321,000000,10.2826,10.2993,10.1039,10.1605,16062300.309929,0
GLW.US,D,20130322,000000,10.1898,10.2592,10.1107,10.2074,11983879.411413,0
GLW.US,D,20130325,000000,10.2513,10.2826,10.1273,10.1742,14502879.177595,0
GLW.US,D,20130326,000000,10.2377,10.3256,10.1605,10.2513,19215694.208634,0
GLW.US,D,20130327,000000,10.1898,10.308,10.1683,10.2826,16443249.917787,0
GLW.US,D,20130328,000000,10.308,10.4379,10.2669,10.4243,14883764.275689,0
GLW.US,D,20130401,000000,10.4379,10.4808,10.2993,10.4243,17351447.037115,0
GLW.US,D,20130402,000000,10.4076,10.4808,10.3628,10.4243,13518524.698766,0
GLW.US,D,20130403,000000,10.3998,10.5121,10.3822,10.432,19131717.856231,0
GLW.US,D,20130404,000000,10.432,10.5512,10.4153,10.432,13083859.961299,0
GLW.US,D,20130405,000000,10.2592,10.4467,10.1517,10.4076,19627746.738102,0
GLW.US,D,20130408,000000,10.4243,10.4721,10.3568,10.4379,15163471.441786,0
GLW.US,D,20130409,000000,10.4379,10.5121,10.3822,10.4379,18166278.049599,0
GLW.US,D,20130410,000000,10.4721,10.5336,10.4379,10.4808,16907511.325088,0
GLW.US,D,20130411,000000,10.4887,10.5199,10.3762,10.4564,16578933.405419,0
GLW.US,D,20130412,000000,10.4379,10.4564,10.3324,10.3998,18558773.88113,0
GLW.US,D,20130415,000000,10.3628,10.3715,10.2377,10.2669,23991569.069286,0
GLW.US,D,20130416,000000,10.3256,10.3256,10.2425,10.308,12519415.915492,0
GLW.US,D,20130417,000000,10.2377,10.308,10.0814,10.1351,23723555.57775,0
GLW.US,D,20130418,000000,10.1351,10.2513,9.98671,10.2133,28370109.866156,0
GLW.US,D,20130419,000000,10.2211,10.2425,10.0414,10.0414,18961673.191956,0
GLW.US,D,20130422,000000,10.056,10.056,9.88412,10.0248,13598429.768326,0
GLW.US,D,20130423,000000,10.056,10.2669,9.97887,10.2669,14687374.028858,0
GLW.US,D,20130424,000000,10.5512,10.9076,10.4887,10.8324,44042369.811419,0
GLW.US,D,20130425,000000,10.8861,11.2709,10.8529,11.1302,31229396.586036,0
GLW.US,D,20130426,000000,11.1381,11.1733,10.9564,11.1302,12346260.447074,0
GLW.US,D,20130429,000000,11.2143,11.3754,11.183,11.2709,21204607.009792,0
GLW.US,D,20130430,000000,11.2533,11.3393,11.1381,11.3393,14913563.690495,0
GLW.US,D,20130501,000000,11.3022,11.3393,11.1527,11.2074,10266220.949426,0
GLW.US,D,20130502,000000,11.183,11.2846,11.1449,11.2377,9664928.5172117,0
GLW.US,D,20130503,000000,11.3393,11.7231,11.3246,11.6274,22182813.60578,0
GLW.US,D,20130506,000000,11.6068,11.7308,11.5844,11.6342,13680013.115699,0
GLW.US,D,20130507,000000,11.6673,11.6927,11.56,11.6274,8989981.2947295,0
GLW.US,D,20130508,000000,11.6137,11.6508,11.518,11.6342,18605909.014878,0
GLW.US,D,20130509,000000,11.5981,11.9292,11.5981,11.7769,18725231.59777,0
GLW.US,D,20130510,000000,11.7533,11.9116,11.7465,11.809,11689451.731699,0
GLW.US,D,20130513,000000,12.0121,12.1206,11.8548,11.9193,15818826.127575,0
GLW.US,D,20130514,000000,11.9389,12.144,11.9116,12.144,17097071.728721,0
GLW.US,D,20130515,000000,12.144,12.2836,12.0463,12.2621,14346221.82516,0
GLW.US,D,20130516,000000,12.2534,12.3334,11.9711,12.0834,18158389.427111,0
GLW.US,D,20130517,000000,12.058,12.6215,12.0385,12.6215,31116242.365277,0
GLW.US,D,20130520,000000,12.558,12.849,12.5513,12.7534,24786883.318447,0
GLW.US,D,20130521,000000,12.7465,12.7621,12.5199,12.6616,18955888.81651,0
GLW.US,D,20130522,000000,12.6693,12.7788,12.2377,12.3578,18331767.095824,0
GLW.US,D,20130523,000000,12.0121,12.3491,11.9116,12.3187,17593908.518581,0
GLW.US,D,20130524,000000,12.2026,12.309,12.1284,12.2446,13076816.10952,0
GLW.US,D,20130528,000000,12.2993,12.4926,12.2836,12.3276,13028398.972221,0
GLW.US,D,20130529,000000,12.2143,12.3578,12.1762,12.2699,14186736.282783,0
GLW.US,D,20130530,000000,12.2231,12.3802,12.2143,12.2699,12547537.052486,0
GLW.US,D,20130531,000000,12.229,12.3657,12.0932,12.0932,13077562.579639,0
GLW.US,D,20130603,000000,12.1341,12.3578,12.103,12.3578,16111271.412021,0
GLW.US,D,20130604,000000,12.3276,12.4263,12.143,12.2524,14370772.397952,0
GLW.US,D,20130605,000000,12.2026,12.2026,11.7739,11.7963,23419127.860754,0
GLW.US,D,20130606,000000,11.8217,11.8842,11.6626,11.8149,23618161.983918,0
GLW.US,D,20130607,000000,11.8842,12.1264,11.8842,12.103,19076868.173959,0
GLW.US,D,20130610,000000,12.1341,12.1615,11.937,11.977,12796340.970049,0
GLW.US,D,20130611,000000,11.8745,11.9867,11.7787,11.7963,11408043.760572,0
GLW.US,D,20130612,000000,11.8745,11.9096,11.6098,11.6312,12165798.991966,0
GLW.US,D,20130613,000000,11.5697,11.9437,11.4291,11.8745,14653778.77766,0
GLW.US,D,20130614,000000,11.9018,11.9262,11.7181,11.7435,9569933.282851,0
GLW.US,D,20130617,000000,11.8149,11.9682,11.7876,11.8929,10126369.926288,0
GLW.US,D,20130618,000000,11.8842,11.977,11.8745,11.9536,13016738.064524,0
GLW.US,D,20130619,000000,11.9594,12.0034,11.7114,11.7495,17074528.126344,0
GLW.US,D,20130620,000000,11.5609,11.7181,11.2074,11.2621,23722400.545797,0
GLW.US,D,20130621,000000,11.3549,11.3627,11.1147,11.2211,19446766.132994,0
GLW.US,D,20130624,000000,11.0884,11.1654,10.9056,10.9897,15200424.272572,0
GLW.US,D,20130625,000000,11.0804,11.2074,10.9554,11.183,12354262.729621,0
GLW.US,D,20130626,000000,11.2298,11.2865,11.0804,11.2797,12776291.745188,0
GLW.US,D,20130627,000000,11.349,11.4047,11.2387,11.2543,9813522.1492287,0
GLW.US,D,20130628,000000,11.2211,11.3031,11.1147,11.2006,17376362.141268,0
GLW.US,D,20130701,000000,11.3031,11.4535,11.2465,11.3705,8679652.4703344,0
GLW.US,D,20130702,000000,11.3705,11.4535,11.2543,11.349,9519849.1313499,0
GLW.US,D,20130703,000000,11.2621,11.2621,11.0971,11.2387,7637900.6855629,0
GLW.US,D,20130705,000000,11.349,11.473,11.3031,11.4291,7310932.4380836,0
GLW.US,D,20130708,000000,11.5043,11.5307,11.3774,11.4535,8313116.1867434,0
GLW.US,D,20130709,000000,11.5121,11.7181,11.5121,11.6235,14774669.050198,0
GLW.US,D,20130710,000000,11.6381,11.7114,11.5395,11.6449,8062062.6191788,0
GLW.US,D,20130711,000000,11.805,11.8685,11.688,11.8374,10598711.437439,0
GLW.US,D,20130712,000000,11.8217,11.8685,11.6967,11.8294,10748582.977149,0
GLW.US,D,20130715,000000,11.8451,11.937,11.7739,11.8745,7226670.3995856,0
GLW.US,D,20130716,000000,11.8598,11.9165,11.7044,11.8217,8676026.6120488,0
GLW.US,D,20130717,000000,11.7739,11.805,11.4438,11.6626,17273518.219034,0
GLW.US,D,20130718,000000,11.4682,11.7181,11.4369,11.6381,12744491.503755,0
GLW.US,D,20130719,000000,11.6713,11.8929,11.6175,11.8929,20433463.442594,0
GLW.US,D,20130722,000000,11.9262,11.937,11.7495,11.7963,11824665.219628,0
GLW.US,D,20130723,000000,11.7876,11.8842,11.7435,11.8217,8154249.118923,0
GLW.US,D,20130724,000000,11.8929,12.0659,11.8451,11.9165,14813799.853469,0
GLW.US,D,20130725,000000,11.9165,12.0659,11.8451,12.0278,11786338.228486,0
GLW.US,D,20130726,000000,11.977,12.0034,11.8451,12.0034,12164363.39374,0
GLW.US,D,20130729,000000,12.019,12.1615,11.9867,12.1117,21387677.526441,0
GLW.US,D,20130730,000000,11.977,12.1528,11.5697,11.9536,35405087.968026,0
GLW.US,D,20130731,000000,11.9945,12.1196,11.8929,11.9536,18433341.302082,0
GLW.US,D,20130801,000000,12.0571,12.2065,12.0571,12.1615,16430970.535532,0
GLW.US,D,20130802,000000,12.1528,12.1684,12.0736,12.1196,15377639.760223,0
GLW.US,D,20130805,000000,12.0942,12.2026,12.0512,12.0736,9387091.1102863,0
GLW.US,D,20130806,000000,12.0512,12.0571,11.7739,11.8598,18703239.912259,0
GLW.US,D,20130807,000000,11.7876,11.8685,11.7495,11.8294,10907122.376331,0
GLW.US,D,20130808,000000,11.8374,11.9594,11.7495,11.9096,9483677.5854762,0
GLW.US,D,20130809,000000,11.9165,11.9536,11.8294,11.8745,7352034.3730127,0
GLW.US,D,20130812,000000,11.8451,11.9536,11.8294,11.8929,6831927.9899468,0
GLW.US,D,20130813,000000,11.9018,11.9945,11.8598,11.9682,8263693.5163077,0
GLW.US,D,20130814,000000,11.9867,12.019,11.8745,11.9018,8369784.4299632,0
GLW.US,D,20130815,000000,11.7739,11.8294,11.7114,11.7358,11291896.491586,0
GLW.US,D,20130816,000000,11.7044,11.8685,11.68,11.8294,15553514.878347,0
GLW.US,D,20130819,000000,11.805,11.8294,11.5609,11.5873,12066117.072099,0
GLW.US,D,20130820,000000,11.5941,11.6098,11.349,11.3871,18249189.478924,0
GLW.US,D,20130821,000000,11.3627,11.5786,11.3266,11.4535,13894193.72171,0
GLW.US,D,20130822,000000,11.4887,11.6381,11.4145,11.5043,9108878.932355,0
GLW.US,D,20130823,000000,11.5786,11.6449,11.4974,11.6235,8713748.4401716,0
GLW.US,D,20130826,000000,11.6175,11.7435,11.6098,11.6098,12613217.207248,0
GLW.US,D,20130827,000000,11.5043,11.5121,11.1743,11.1927,15436779.853739,0
GLW.US,D,20130828,000000,11.2153,11.3344,11.1743,11.2298,9515695.9313481,0
GLW.US,D,20130829,000000,11.2006,11.3119,11.1586,11.2387,9807821.7388713,0
GLW.US,D,20130830,000000,11.2387,11.2631,11.0473,11.1302,10681680.208777,0
GLW.US,D,20130903,000000,11.1449,11.2298,10.9711,11.0306,15464176.02387,0
GLW.US,D,20130904,000000,11.0239,11.349,11.0102,11.2387,17056423.410064,0
GLW.US,D,20130905,000000,11.2806,11.4916,11.2631,11.4555,12153441.788409,0
GLW.US,D,20130906,000000,11.475,11.4916,11.2806,11.4155,14580041.046268,0
GLW.US,D,20130909,000000,11.4242,11.6215,11.4242,11.5961,10635205.53213,0
GLW.US,D,20130910,000000,11.6743,11.7777,11.6342,11.7777,11790910.229969,0
GLW.US,D,20130911,000000,11.7836,11.8344,11.7221,11.8013,9750739.8139945,0
GLW.US,D,20130912,000000,11.7923,11.8013,11.4067,11.4819,21172333.696762,0
GLW.US,D,20130913,000000,11.5414,11.6049,11.4301,11.6049,9256373.8504662,0
GLW.US,D,20130916,000000,11.7143,11.7308,11.475,11.4819,15577616.954689,0
GLW.US,D,20130917,000000,11.4819,11.6127,11.3968,11.6127,14406917.320748,0
GLW.US,D,20130918,000000,11.6743,11.9594,11.6489,11.9066,23211809.864805,0
GLW.US,D,20130919,000000,11.9594,11.9741,11.7542,11.7836,13012444.581386,0
GLW.US,D,20130920,000000,11.7836,11.8558,11.6264,11.6264,17226016.505996,0
GLW.US,D,20130923,000000,11.683,11.8344,11.5717,11.7465,19016041.610914,0
GLW.US,D,20130924,000000,11.7221,11.8344,11.7016,11.7923,14787408.192511,0
GLW.US,D,20130925,000000,11.7836,11.8901,11.7016,11.8266,12085260.08838,0
GLW.US,D,20130926,000000,11.8412,11.8901,11.7632,11.8412,13570617.86861,0
GLW.US,D,20130927,000000,11.8013,11.8187,11.5961,11.6743,12176575.194337,0
GLW.US,D,20130930,000000,11.558,11.6489,11.4701,11.5649,13252302.121135,0
GLW.US,D,20131001,000000,11.5717,11.683,11.5141,11.683,10422183.029967,0
GLW.US,D,20131002,000000,11.5717,11.6215,11.4701,11.5141,15901801.042699,0
GLW.US,D,20131003,000000,11.4916,11.5482,11.2943,11.3344,16326017.246434,0
GLW.US,D,20131004,000000,11.3119,11.6127,11.3119,11.5961,16797916.404922,0
GLW.US,D,20131007,000000,11.4379,11.5717,11.3891,11.475,14510924.466652,0
GLW.US,D,20131008,000000,11.4701,11.4819,11.0961,11.0961,20602052.029353,0
GLW.US,D,20131009,000000,11.1137,11.1743,10.9534,11.1058,19509398.969413,0
GLW.US,D,20131010,000000,11.2806,11.4701,11.2084,11.4633,17012404.200282,0
GLW.US,D,20131011,000000,11.3119,11.4555,11.2298,11.4555,19278510.334696,0
GLW.US,D,20131014,000000,11.3344,11.4916,11.2543,11.4242,14213332.736642,0
GLW.US,D,20131015,000000,11.349,11.4916,11.2387,11.3119,16365476.742308,0
GLW.US,D,20131016,000000,11.3714,11.4701,11.3422,11.4301,16949765.220077,0
GLW.US,D,20131017,000000,11.3793,11.8013,11.3793,11.7542,18605468.710145,0
GLW.US,D,20131018,000000,11.8412,11.9233,11.7542,11.8901,18962630.59876,0
GLW.US,D,20131021,000000,11.9066,11.9926,11.8802,11.9594,10316338.891755,0
GLW.US,D,20131022,000000,12.0336,12.2699,12.0258,12.1684,29609770.437109,0
GLW.US,D,20131023,000000,14.2974,14.3237,13.2622,13.8872,109959867.25659,0
GLW.US,D,20131024,000000,13.8598,13.8872,13.3384,13.855,46540500.157178,0
GLW.US,D,20131025,000000,13.8471,13.8872,13.5854,13.7515,19625270.791948,0
GLW.US,D,20131028,000000,13.7026,13.7925,13.5854,13.7104,12843115.668296,0
GLW.US,D,20131029,000000,13.7368,13.9096,13.6489,13.8775,18290280.150245,0
GLW.US,D,20131030,000000,13.9975,14.0288,13.4106,13.476,20069199.336223,0
GLW.US,D,20131031,000000,13.354,13.688,13.3169,13.5445,21499444.275305,0
GLW.US,D,20131101,000000,13.5445,13.7447,13.4907,13.5776,12880173.967424,0
GLW.US,D,20131104,000000,13.6431,13.7447,13.5933,13.6792,12728358.943098,0
GLW.US,D,20131105,000000,13.1967,13.3306,13.0346,13.0776,30715658.23818,0
GLW.US,D,20131106,000000,13.103,13.1489,12.9272,13.1186,15592591.411499,0
GLW.US,D,20131107,000000,13.1332,13.2271,12.856,12.9272,16602835.808684,0
GLW.US,D,20131108,000000,12.9506,13.1656,12.8716,13.1411,17396883.413762,0
GLW.US,D,20131111,000000,13.1332,13.1967,13.0443,13.1489,9418199.15172,0
GLW.US,D,20131112,000000,13.1332,13.3461,13.1118,13.2622,14411430.956254,0
GLW.US,D,20131113,000000,13.2104,13.5298,13.186,13.436,15305475.862262,0
GLW.US,D,20131114,000000,13.4506,13.5464,13.2699,13.3862,16653203.598351,0
GLW.US,D,20131115,000000,13.436,13.5629,13.4116,13.5629,18083302.11051,0
GLW.US,D,20131118,000000,13.5298,13.6197,13.3169,13.3784,13483644.372122,0
GLW.US,D,20131119,000000,13.3862,13.5708,13.3628,13.4448,11679078.97134,0
GLW.US,D,20131120,000000,13.4594,13.6197,13.355,13.4302,9986815.8528542,0
GLW.US,D,20131121,000000,13.4858,13.731,13.4858,13.6675,12046621.812033,0
GLW.US,D,20131122,000000,13.6508,13.7612,13.5054,13.7612,13043940.705364,0
GLW.US,D,20131125,000000,13.7798,13.811,13.5542,13.6197,10381056.519889,0
GLW.US,D,20131126,000000,13.6197,13.7612,13.5375,13.6197,16139103.791026,0
GLW.US,D,20131127,000000,13.6197,13.7046,13.6117,13.6899,7197389.1108154,0
GLW.US,D,20131129,000000,13.6822,13.7134,13.5375,13.6197,5630859.6169404,0
GLW.US,D,20131202,000000,13.6197,13.7544,13.5629,13.604,12780336.404954,0
GLW.US,D,20131203,000000,13.5375,13.5375,13.2622,13.3784,18851091.170014,0
GLW.US,D,20131204,000000,13.3306,13.4994,13.2622,13.3784,14085494.864988,0
GLW.US,D,20131205,000000,13.3384,13.4448,13.2622,13.2622,24725293.901854,0
GLW.US,D,20131206,000000,13.4302,13.6822,13.4302,13.645,13530670.965635,0
GLW.US,D,20131209,000000,13.6284,13.6587,13.5298,13.5708,9534895.265676,0
GLW.US,D,20131210,000000,13.5806,13.8511,13.5708,13.7612,11045703.683491,0
GLW.US,D,20131211,000000,13.7231,13.7475,13.4683,13.5054,16000908.518482,0
GLW.US,D,20131212,000000,13.3862,13.5962,13.3696,13.5629,13331172.986553,0
GLW.US,D,20131213,000000,13.6587,13.6743,13.4448,13.4594,12005089.812014,0
GLW.US,D,20131216,000000,13.5375,13.645,13.5054,13.5962,9687969.7663341,0
GLW.US,D,20131217,000000,13.6743,13.7475,13.6587,13.731,12571551.067882,0
GLW.US,D,20131218,000000,13.6743,13.8921,13.5962,13.8511,14410979.387909,0
GLW.US,D,20131219,000000,13.8579,13.939,13.8334,13.8921,9578037.9618484,0
GLW.US,D,20131220,000000,13.8725,14.0737,13.8423,13.8979,19888890.451825,0
GLW.US,D,20131223,000000,13.9213,14.0981,13.9213,14.0015,8395430.6447673,0
GLW.US,D,20131224,000000,14.0181,14.1265,14.0181,14.0669,3473204.6343473,0
GLW.US,D,20131226,000000,14.0737,14.1635,14.0669,14.1362,7918623.624442,0
GLW.US,D,20131227,000000,14.1538,14.233,14.1362,14.1723,5274811.8016972,0
GLW.US,D,20131230,000000,14.1538,14.226,14.1362,14.1792,6894106.1861276,0
GLW.US,D,20131231,000000,14.1929,14.2641,14.1626,14.2095,6451553.8501369,0
GLW.US,D,20140102,000000,14.1451,14.1997,14.0493,14.1723,9495761.390511,0
GLW.US,D,20140103,000000,14.1723,14.3218,14.1723,14.2641,9521415.7970311,0
GLW.US,D,20140106,000000,14.3481,14.355,14.0981,14.1362,19242510.814858,0
GLW.US,D,20140107,000000,14.1635,14.355,14.1451,14.226,12202847.05145,0
GLW.US,D,20140108,000000,14.2397,14.3393,14.1362,14.3393,11307159.706386,0
GLW.US,D,20140109,000000,14.3618,14.483,14.3129,14.355,10361303.220768,0
GLW.US,D,20140110,000000,14.4215,14.6148,14.3989,14.5835,12326662.790556,0
GLW.US,D,20140113,000000,14.564,14.6148,14.3316,14.3677,12786620.475075,0
GLW.US,D,20140114,000000,14.3852,14.7417,14.3852,14.7417,13137278.141203,0
GLW.US,D,20140115,000000,14.7164,14.8169,14.6148,14.6831,11736879.719294,0
GLW.US,D,20140116,000000,14.6831,14.8384,14.6509,14.7602,10171332.207372,0
GLW.US,D,20140117,000000,14.7925,14.9986,14.7759,14.9683,14273809.103827,0
GLW.US,D,20140121,000000,15.0532,15.0689,14.856,14.9605,14592247.727042,0
GLW.US,D,20140122,000000,14.9605,15.2447,14.8999,15.1519,14463589.659827,0
GLW.US,D,20140123,000000,14.9897,15.1665,14.9683,15.1344,19929262.300069,0
GLW.US,D,20140124,000000,14.9185,14.9683,14.4898,14.521,24174039.542738,0
GLW.US,D,20140127,000000,14.5737,14.7925,14.3921,14.5289,25923251.470716,0
GLW.US,D,20140128,000000,13.5298,14.0669,13.1957,13.6362,51817254.419526,0
GLW.US,D,20140129,000000,13.5542,13.8423,13.5151,13.6822,18923591.952294,0
GLW.US,D,20140130,000000,13.7876,13.9556,13.7544,13.8579,11664696.366009,0
GLW.US,D,20140131,000000,13.6743,13.8511,13.6362,13.7231,15878254.979079,0
GLW.US,D,20140203,000000,13.7876,13.8267,13.476,13.5962,24541027.394673,0
GLW.US,D,20140204,000000,13.6362,13.7544,13.5464,13.7046,15112312.127564,0
GLW.US,D,20140205,000000,13.6899,14.0737,13.6587,13.9946,18089624.067317,0
GLW.US,D,20140206,000000,13.9946,14.437,13.9624,14.4145,22683219.935878,0
GLW.US,D,20140207,000000,14.3989,14.6831,14.2866,14.6412,21808960.07189,0
GLW.US,D,20140210,000000,14.606,14.8247,14.564,14.6948,16165092.009973,0
GLW.US,D,20140211,000000,14.6596,15.1177,14.6596,14.9897,19405511.627355,0
GLW.US,D,20140212,000000,14.9986,15.2124,14.9897,15.1598,13481212.456442,0
GLW.US,D,20140213,000000,15.0074,15.2271,14.9516,15.2193,11311791.097808,0
GLW.US,D,20140214,000000,15.1519,15.3267,15.1519,15.2358,12572164.422616,0
GLW.US,D,20140218,000000,15.191,15.3023,15.1344,15.2124,17249888.190326,0
GLW.US,D,20140219,000000,15.1344,15.2271,15.0767,15.0855,14296335.298807,0
GLW.US,D,20140220,000000,15.1108,15.2358,15.0855,15.1519,10588798.437139,0
GLW.US,D,20140221,000000,15.1519,15.2612,15.1108,15.2076,16096758.763198,0
GLW.US,D,20140224,000000,15.1812,15.5015,15.1733,15.3951,15554544.986631,0
GLW.US,D,20140225,000000,15.3951,15.437,15.2447,15.3726,11101412.471977,0
GLW.US,D,20140226,000000,15.3648,15.5122,15.3325,15.4449,10096025.762369,0
GLW.US,D,20140227,000000,15.3325,15.5122,15.3325,15.5025,11543644.307081,0
GLW.US,D,20140228,000000,15.4859,15.5348,15.2603,15.4449,14444702.634671,0
GLW.US,D,20140303,000000,15.2183,15.3501,15.1021,15.2603,10475480.382061,0
GLW.US,D,20140304,000000,15.5415,15.6294,15.3892,15.6294,25632207.993667,0
GLW.US,D,20140305,000000,15.6294,15.8854,15.5201,15.7564,13946959.636229,0
GLW.US,D,20140306,000000,15.815,15.8473,15.6294,15.6645,17084266.028716,0
GLW.US,D,20140307,000000,15.7994,15.855,15.6852,15.7407,10586213.950748,0
GLW.US,D,20140310,000000,15.6929,15.7407,15.437,15.5415,13761556.528457,0
GLW.US,D,20140311,000000,15.5552,15.6568,15.3579,15.437,10404792.016942,0
GLW.US,D,20140312,000000,15.3648,15.5348,15.3325,15.4713,10622202.206977,0
GLW.US,D,20140313,000000,15.4947,15.6392,15.3101,15.3648,10943338.976643,0
GLW.US,D,20140314,000000,15.2701,15.3267,15.0669,15.1227,17015516.028389,0
GLW.US,D,20140317,000000,15.1968,15.3795,15.1802,15.3325,15162537.586166,0
GLW.US,D,20140318,000000,15.3325,15.5552,15.3325,15.4761,10089951.60497,0
GLW.US,D,20140319,000000,15.4293,15.4761,15.1598,15.2603,16452184.008026,0
GLW.US,D,20140320,000000,15.2525,15.7651,15.2525,15.564,16045525.723531,0
GLW.US,D,20140321,000000,15.6929,15.7818,15.5796,15.6481,24046138.185286,0
GLW.US,D,20140324,000000,15.7173,15.7905,15.4947,15.7173,13303070.28092,0
GLW.US,D,20140325,000000,15.7818,16.2251,15.7407,16.0807,26470701.801723,0
GLW.US,D,20140326,000000,16.3033,16.5846,16.2691,16.3747,24217827.336544,0
GLW.US,D,20140327,000000,16.3747,16.6334,16.2066,16.3971,14833827.575076,0
GLW.US,D,20140328,000000,16.4312,16.6334,16.3286,16.5191,11801371.051274,0
GLW.US,D,20140331,000000,16.5582,16.8219,16.5582,16.6861,14677489.699564,0
GLW.US,D,20140401,000000,16.7555,16.9146,16.7466,16.8082,11882106.556044,0
GLW.US,D,20140402,000000,16.8219,17.2106,16.7555,17.1217,18198498.116477,0
GLW.US,D,20140403,000000,17.1656,17.44,17.1431,17.3033,19638104.138995,0
GLW.US,D,20140404,000000,17.4166,17.4488,16.9537,17.1149,17504853.302271,0
GLW.US,D,20140407,000000,17.0465,17.1217,16.8805,16.9146,12952811.960946,0
GLW.US,D,20140408,000000,16.8902,17.0387,16.7369,16.8404,18621058.569619,0
GLW.US,D,20140409,000000,16.8717,17.0221,16.8219,16.9596,12612128.732988,0
GLW.US,D,20140410,000000,16.983,17.066,16.609,16.6481,13738598.220458,0
GLW.US,D,20140411,000000,16.2955,16.5425,16.2515,16.3376,21626753.781277,0
GLW.US,D,20140414,000000,16.2691,16.4566,16.2164,16.4566,11781719.124639,0
GLW.US,D,20140415,000000,16.5104,16.5425,16.233,16.4723,13202493.416084,0
GLW.US,D,20140416,000000,16.6002,16.7027,16.5425,16.6168,13999943.655187,0
GLW.US,D,20140417,000000,16.5933,16.8717,16.5582,16.8619,13920646.820538,0
GLW.US,D,20140421,000000,16.8131,16.9537,16.6861,16.8463,9283937.9507741,0
GLW.US,D,20140422,000000,16.8619,17.1149,16.8463,17.0162,9307888.4803703,0
GLW.US,D,20140423,000000,16.983,17.0387,16.7916,16.9537,9607287.5077192,0
GLW.US,D,20140424,000000,17.0308,17.0983,16.8541,16.983,9399190.2747887,0
GLW.US,D,20140425,000000,16.9362,16.9449,16.567,16.6246,18167666.545457,0
GLW.US,D,20140428,000000,17.0749,17.0749,16.3122,16.8082,21306141.281435,0
GLW.US,D,20140429,000000,16.7633,16.9146,16.694,16.7184,14001638.316431,0
GLW.US,D,20140430,000000,16.1676,16.8131,16.1676,16.7633,13808299.483803,0
GLW.US,D,20140501,000000,16.8082,17.0221,16.7281,16.8805,10594372.899863,0
GLW.US,D,20140502,000000,16.8131,16.983,16.7916,16.8219,10243665.059474,0
GLW.US,D,20140505,000000,16.7281,16.7984,16.5582,16.7916,10372629.292075,0
GLW.US,D,20140506,000000,16.7779,16.7857,16.5104,16.5582,15995831.702503,0
GLW.US,D,20140507,000000,16.5933,16.7369,16.5348,16.7369,11293318.778274,0
GLW.US,D,20140508,000000,16.6636,16.9362,16.6402,16.6861,13775450.702723,0
GLW.US,D,20140509,000000,16.6636,16.7027,16.5191,16.6246,35729987.80722,0
GLW.US,D,20140512,000000,16.7369,17.1656,16.6773,17.1656,13815675.100078,0
GLW.US,D,20140513,000000,17.2183,17.3785,17.0465,17.0749,12236037.83667,0
GLW.US,D,20140514,000000,17.0826,17.1374,16.9225,16.983,8093797.3268849,0
GLW.US,D,20140515,000000,16.9683,17.0162,16.7096,16.7984,12017824.858469,0
GLW.US,D,20140516,000000,16.7857,16.9146,16.6773,16.7916,13626754.674256,0
GLW.US,D,20140519,000000,16.7633,16.983,16.7281,16.9283,8315475.4009456,0
GLW.US,D,20140520,000000,16.9449,16.9752,16.7555,16.8902,9694656.2545027,0
GLW.US,D,20140521,000000,16.9225,17.0826,16.8131,16.9537,9148604.6589994,0
GLW.US,D,20140522,000000,16.9596,17.1588,16.9596,17.0084,7912822.8655638,0
GLW.US,D,20140523,000000,16.9997,17.2018,16.9537,17.0983,8543764.1898021,0
GLW.US,D,20140527,000000,17.1656,17.3122,17.0826,17.1832,11961480.188031,0
GLW.US,D,20140528,000000,17.2643,17.3619,17.1217,17.1217,8181296.1171595,0
GLW.US,D,20140529,000000,17.2106,17.3131,17.1284,17.236,6880363.5586069,0
GLW.US,D,20140530,000000,17.1919,17.2731,17.0973,17.1511,12167868.424215,0
GLW.US,D,20140602,000000,17.1431,17.2887,17.1149,17.1511,7849264.3652403,0
GLW.US,D,20140603,000000,17.0973,17.2554,17.0904,17.2408,9809314.6791086,0
GLW.US,D,20140604,000000,17.2018,17.2643,17.1431,17.2018,5924627.8635176,0
GLW.US,D,20140605,000000,17.2183,17.3863,17.1284,17.3785,7208645.5525363,0
GLW.US,D,20140606,000000,17.3863,17.4986,17.2887,17.3707,9277170.5694103,0
GLW.US,D,20140609,000000,17.3297,17.3942,17.2018,17.2828,6715893.3570563,0
GLW.US,D,20140610,000000,17.2731,17.3785,17.1919,17.3785,9457341.2186008,0
GLW.US,D,20140611,000000,17.3131,17.402,17.236,17.2731,7094149.9382854,0
GLW.US,D,20140612,000000,17.2643,17.2887,16.86,16.9137,12422784.385864,0
GLW.US,D,20140613,000000,16.9049,17.1511,16.9049,17.0739,7483984.4860877,0
GLW.US,D,20140616,000000,17.0739,17.1832,16.9439,16.9987,7090035.6489346,0
GLW.US,D,20140617,000000,16.9352,17.1919,16.8385,17.1374,8575438.4836028,0
GLW.US,D,20140618,000000,17.0973,17.2975,16.9743,17.2731,7076352.4113546,0
GLW.US,D,20140619,000000,17.2828,17.4508,17.2554,17.4508,6982761.0323199,0
GLW.US,D,20140620,000000,17.5329,17.7066,17.4986,17.5944,16070056.840997,0
GLW.US,D,20140623,000000,17.6119,17.6285,17.4664,17.525,7421819.6014454,0
GLW.US,D,20140624,000000,17.5709,17.8767,17.5397,17.5514,13112683.537939,0
GLW.US,D,20140625,000000,17.5865,17.7487,17.5514,17.7136,9881052.6078379,0
GLW.US,D,20140626,000000,17.7487,17.7653,17.4264,17.5172,8904451.5881834,0
GLW.US,D,20140627,000000,17.4811,17.7653,17.4742,17.7136,15206116.491214,0
GLW.US,D,20140630,000000,17.6119,17.7653,17.5944,17.6755,8927355.6260633,0
GLW.US,D,20140701,000000,17.7653,17.8523,17.7213,17.7818,8378083.6622153,0
GLW.US,D,20140702,000000,17.7574,17.9108,17.6461,17.7018,8774823.8265887,0
GLW.US,D,20140703,000000,17.7818,18.0153,17.739,17.9791,6334051.8761213,0
GLW.US,D,20140707,000000,17.8523,17.9889,17.8279,17.9342,5598345.6722518,0
GLW.US,D,20140708,000000,17.941,17.9664,17.6217,17.6686,8135215.6668437,0
GLW.US,D,20140709,000000,17.7018,17.8844,17.692,17.7301,6428130.6622569,0
GLW.US,D,20140710,000000,17.5397,17.5944,17.3531,17.4176,11571722.437565,0
GLW.US,D,20140711,000000,17.4176,17.4811,17.3619,17.4664,6317440.1000786,0
GLW.US,D,20140714,000000,17.5514,17.7213,17.5514,17.6461,7971444.8330449,0
GLW.US,D,20140715,000000,17.692,17.7898,17.6364,17.6842,9345253.968848,0
GLW.US,D,20140716,000000,17.7653,17.7985,17.5397,17.5709,13853543.355124,0
GLW.US,D,20140717,000000,17.5329,17.6217,17.2887,17.3043,6957497.780238,0
GLW.US,D,20140718,000000,17.3863,17.5944,17.3375,17.5777,12091345.509388,0
GLW.US,D,20140721,000000,17.5777,17.692,17.5397,17.652,4807959.7642164,0
GLW.US,D,20140722,000000,17.692,17.9185,17.6755,17.8523,5620225.7456341,0
GLW.US,D,20140723,000000,17.8142,17.903,17.7574,17.86,5054473.0731991,0
GLW.US,D,20140724,000000,17.8941,17.9274,17.739,17.7898,6404232.35485,0
GLW.US,D,20140725,000000,17.7574,17.8142,17.692,17.7301,4579995.5721058,0
GLW.US,D,20140728,000000,17.7136,17.7898,17.5514,17.7574,7373231.4620752,0
GLW.US,D,20140729,000000,16.9439,16.9918,15.9684,16.1031,37403130.436645,0
GLW.US,D,20140730,000000,16.188,16.1949,15.7584,15.9986,16296398.049378,0
GLW.US,D,20140731,000000,15.8102,16.0074,15.7925,15.8247,16388480.104745,0
GLW.US,D,20140801,000000,15.8003,16.067,15.7496,16.0074,14565480.271113,0
GLW.US,D,20140804,000000,16.0426,16.188,15.9126,16.1461,9936850.481235,0
GLW.US,D,20140805,000000,16.0747,16.1793,15.9605,16.0074,10605251.498684,0
GLW.US,D,20140806,000000,15.9039,16.1031,15.8628,15.938,8495836.5075327,0
GLW.US,D,20140807,000000,16.0591,16.1188,15.7925,15.8492,6603543.972392,0
GLW.US,D,20140808,000000,15.8492,16.0591,15.8003,16.0591,7420867.3144628,0
GLW.US,D,20140811,000000,16.1275,16.3072,16.1031,16.2037,5992695.903488,0
GLW.US,D,20140812,000000,16.188,16.2818,16.1119,16.2554,5458174.1482265,0
GLW.US,D,20140813,000000,16.3483,16.4195,16.2418,16.3638,5602774.3187033,0
GLW.US,D,20140814,000000,16.3413,16.4282,16.2731,16.3169,6501651.3131763,0
GLW.US,D,20140815,000000,16.3707,16.4118,16.0259,16.236,10734267.953475,0
GLW.US,D,20140818,000000,16.3413,16.4449,16.3413,16.4019,6564927.1992984,0
GLW.US,D,20140819,000000,16.3931,16.4118,16.1031,16.3775,13061425.923124,0
GLW.US,D,20140820,000000,16.3239,16.7164,16.2106,16.6676,14244388.555886,0
GLW.US,D,20140821,000000,16.692,16.7838,16.5983,16.6314,9553744.4041456,0
GLW.US,D,20140822,000000,16.6382,16.6607,16.4526,16.5396,6705862.6008389,0
GLW.US,D,20140825,000000,16.5983,16.7252,16.5816,16.6138,4860247.4873162,0
GLW.US,D,20140826,000000,16.6676,16.9439,16.6676,16.7008,7496586.4171583,0
GLW.US,D,20140827,000000,16.734,16.8121,16.5386,16.5806,7043569.1640032,0
GLW.US,D,20140828,000000,16.5064,16.7438,16.4673,16.6461,5253943.4052384,0
GLW.US,D,20140829,000000,16.6314,16.8795,16.6138,16.8795,9448991.8120883,0
GLW.US,D,20140902,000000,16.8971,16.9762,16.7916,16.9683,7748759.1779186,0
GLW.US,D,20140903,000000,16.984,17.0475,16.9215,16.9927,7967072.5046406,0
GLW.US,D,20140904,000000,16.9927,17.3336,16.9537,17.0923,13030472.500328,0
GLW.US,D,20140905,000000,17.0669,17.23,16.9927,17.23,7252512.1916086,0
GLW.US,D,20140908,000000,17.1949,17.2213,16.9762,17.0836,7644116.1500626,0
GLW.US,D,20140909,000000,17.1765,17.3014,16.9362,16.984,12783448.233062,0
GLW.US,D,20140910,000000,16.9927,17.1618,16.9362,17.0094,6518253.8735386,0
GLW.US,D,20140911,000000,16.984,17.0759,16.8121,16.9449,8475702.2936186,0
GLW.US,D,20140912,000000,16.8795,16.9215,16.6676,16.776,6500923.2744185,0
GLW.US,D,20140915,000000,16.7438,16.7525,16.4761,16.6676,7044849.119625,0
GLW.US,D,20140916,000000,16.6138,16.8073,16.5973,16.7008,5970266.985135,0
GLW.US,D,20140917,000000,16.7067,16.8707,16.6519,16.7613,6792010.7819414,0
GLW.US,D,20140918,000000,16.7974,16.8297,16.734,16.7916,5477093.9402465,0
GLW.US,D,20140919,000000,16.8795,16.9059,16.5005,16.5064,14511554.204818,0
GLW.US,D,20140922,000000,16.4517,16.4673,16.2886,16.3707,6688943.6354469,0
GLW.US,D,20140923,000000,16.315,16.3473,16.1343,16.1343,11697979.308034,0
GLW.US,D,20140924,000000,16.1255,16.3473,16.1168,16.3394,6441031.5909607,0
GLW.US,D,20140925,000000,16.3316,16.3394,16.023,16.0309,7575809.5263643,0
GLW.US,D,20140926,000000,16.0934,16.108,15.9595,16.0807,6120024.8647858,0
GLW.US,D,20140929,000000,15.9332,15.941,15.7223,15.8209,9255157.3806433,0
GLW.US,D,20140930,000000,15.8824,15.9088,15.5592,15.6518,11031928.289106,0
GLW.US,D,20141001,000000,15.5913,15.6265,15.2056,15.2124,18525813.487921,0
GLW.US,D,20141002,000000,15.1715,15.2856,14.8247,15.1314,15864071.02286,0
GLW.US,D,20141003,000000,15.2261,15.3814,15.2183,15.3198,9901190.91761,0
GLW.US,D,20141006,000000,15.3414,15.7534,15.3033,15.5142,16740442.301642,0
GLW.US,D,20141007,000000,15.4146,15.4468,15.1217,15.1217,9536737.3778069,0
GLW.US,D,20141008,000000,15.189,15.3658,14.8794,15.3414,11563631.070107,0
GLW.US,D,20141009,000000,15.3277,15.3814,15.0268,15.0338,10282794.838782,0
GLW.US,D,20141010,000000,14.9947,15.0425,14.6948,14.7007,9866564.5341631,0
GLW.US,D,20141013,000000,14.6812,14.7602,14.2651,14.273,13606956.320696,0
GLW.US,D,20141014,000000,14.1255,14.4253,13.9731,14.2183,14575906.277627,0
GLW.US,D,20141015,000000,13.935,14.2651,13.7818,14.2095,14474130.350364,0
GLW.US,D,20141016,000000,13.8862,14.358,13.854,14.1626,13462886.563831,0
GLW.US,D,20141017,000000,14.3062,14.563,14.273,14.3637,10534527.294808,0
GLW.US,D,20141020,000000,14.3237,14.6489,14.3237,14.6305,7250598.4019629,0
GLW.US,D,20141021,000000,14.7935,15.0268,14.7505,14.9947,10009916.491918,0
GLW.US,D,20141022,000000,15.0513,15.1715,14.8882,14.8961,9286500.9339114,0
GLW.US,D,20141023,000000,15.0913,15.2525,15.0338,15.1157,6555939.862904,0
GLW.US,D,20141024,000000,15.1411,15.2349,14.9713,15.2124,6329144.0142848,0
GLW.US,D,20141027,000000,15.1802,15.3033,15.0268,15.2525,9139333.6844392,0
GLW.US,D,20141028,000000,14.7838,15.941,14.687,15.859,22689090.324343,0
GLW.US,D,20141029,000000,15.9947,16.3473,15.859,16.0934,14162263.531293,0
GLW.US,D,20141030,000000,16.1001,16.354,16.064,16.2398,9595787.3624478,0
GLW.US,D,20141031,000000,16.5386,16.5973,16.3394,16.5308,13281748.268189,0
GLW.US,D,20141103,000000,16.5152,16.776,16.5064,16.6314,12751126.793698,0
GLW.US,D,20141104,000000,16.6138,16.734,16.5064,16.734,13576292.679856,0
GLW.US,D,20141105,000000,16.8121,16.8453,16.6382,16.7974,8176176.2946721,0
GLW.US,D,20141106,000000,16.8707,16.9137,16.6763,16.734,11542951.083116,0
GLW.US,D,20141107,000000,16.7438,16.7974,16.5465,16.6314,16281366.250556,0
GLW.US,D,20141110,000000,16.6676,16.8971,16.6519,16.8297,8289025.374011,0
GLW.US,D,20141111,000000,16.8297,16.8795,16.734,16.8394,6833339.0130244,0
GLW.US,D,20141112,000000,16.7515,16.9137,16.6676,16.8394,5086175.0140413,0
GLW.US,D,20141113,000000,16.7974,16.8453,16.4332,16.5445,10651147.635392,0
GLW.US,D,20141114,000000,16.5054,16.6509,16.4743,16.5973,8155834.2159651,0
GLW.US,D,20141117,000000,16.5884,16.5884,16.4743,16.5513,5253558.3945874,0
GLW.US,D,20141118,000000,16.5699,16.7242,16.5445,16.6051,7693648.3846995,0
GLW.US,D,20141119,000000,16.5445,16.6832,16.4068,16.6451,9514855.2564956,0
GLW.US,D,20141120,000000,16.5513,16.8707,16.5377,16.7613,7579835.7547684,0
GLW.US,D,20141121,000000,16.9215,17.0231,16.8541,17.0104,11486656.586938,0
GLW.US,D,20141124,000000,17.0104,17.0768,16.9137,17.0582,7793369.2152161,0
GLW.US,D,20141125,000000,17.0768,17.1638,17.0582,17.0933,9083610.5604505,0
GLW.US,D,20141126,000000,17.0933,17.1538,17.0396,17.1324,5005610.5113437,0
GLW.US,D,20141128,000000,17.1167,17.1481,17.0104,17.0933,3415886.1736716,0
GLW.US,D,20141201,000000,16.9771,17.0669,16.8609,17.0015,6756960.4771923,0
GLW.US,D,20141202,000000,16.9771,17.1695,16.9537,17.0846,7110787.3134406,0
GLW.US,D,20141203,000000,17.0933,17.6374,17.0485,17.5172,18118382.110229,0
GLW.US,D,20141204,000000,17.5329,17.57,17.238,17.2604,11976705.516143,0
GLW.US,D,20141205,000000,17.2945,17.4488,17.2789,17.3512,11369418.795762,0
GLW.US,D,20141208,000000,17.3512,17.3512,17.0231,17.0846,8479809.4152181,0
GLW.US,D,20141209,000000,17.0231,17.6471,17.0171,17.4654,20626793.059542,0
GLW.US,D,20141210,000000,17.4323,17.524,17.1538,17.1969,10470491.627029,0
GLW.US,D,20141211,000000,17.3023,17.524,17.1695,17.231,7482488.4739569,0
GLW.US,D,20141212,000000,17.0768,17.1638,16.776,16.776,9142915.5122513,0
GLW.US,D,20141215,000000,16.8609,16.9537,16.5699,16.7613,8539540.33625,0
GLW.US,D,20141216,000000,16.691,17.0328,16.6305,16.8707,13239810.77823,0
GLW.US,D,20141217,000000,16.8971,17.3512,16.776,17.3102,11221570.609899,0
GLW.US,D,20141218,000000,17.7662,18.0416,17.6529,18.0348,17683218.702052,0
GLW.US,D,20141219,000000,18.0485,18.482,18.0485,18.4245,18324322.873928,0
GLW.US,D,20141222,000000,18.4245,18.4733,18.3112,18.4586,8537365.4356573,0
GLW.US,D,20141223,000000,18.491,18.9216,18.491,18.8151,10232992.277518,0
GLW.US,D,20141224,000000,18.8239,19.0163,18.8239,18.8776,4573617.2972509,0
GLW.US,D,20141226,000000,18.8962,19.1237,18.8698,18.9606,5052514.2291154,0
GLW.US,D,20141229,000000,18.8532,19.0231,18.8073,18.8532,5694606.5267315,0
GLW.US,D,20141230,000000,18.7028,18.905,18.6949,18.8532,5214256.5892448,0
GLW.US,D,20141231,000000,18.948,19.0592,18.6286,18.6432,7688635.0545198,0
GLW.US,D,20150102,000000,18.7223,18.7936,18.4977,18.7067,6160790.9393597,0
GLW.US,D,20150105,000000,18.5709,18.6588,18.3493,18.4499,8657807.211745,0
GLW.US,D,20150106,000000,17.8015,18.5134,17.8015,18.1325,9636854.482584,0
GLW.US,D,20150107,000000,18.2789,18.5134,18.1657,18.3922,7181843.2818146,0
GLW.US,D,20150108,000000,18.6432,19.1013,18.6197,18.9851,11725133.822544,0
GLW.US,D,20150109,000000,19.0095,19.0846,18.8776,18.9557,7947129.7720876,0
GLW.US,D,20150112,000000,19.0095,19.068,18.7682,18.9303,7215628.9904092,0
GLW.US,D,20150113,000000,19.0329,19.4265,18.6588,18.8239,11260671.718199,0
GLW.US,D,20150114,000000,18.6286,18.9216,18.491,18.905,8397788.835005,0
GLW.US,D,20150115,000000,19.3172,19.3523,18.7067,18.7155,11281929.221168,0
GLW.US,D,20150116,000000,18.6588,18.9401,18.5281,18.8385,12250564.820997,0
GLW.US,D,20150120,000000,18.9851,18.9938,18.6364,18.8239,10214478.999403,0
GLW.US,D,20150121,000000,18.7584,18.9694,18.5622,18.9401,10186851.413295,0
GLW.US,D,20150122,000000,19.0592,19.3092,18.9216,19.2858,8129848.0449479,0
GLW.US,D,20150123,000000,19.2654,19.4538,19.2146,19.3942,8121003.0396185,0
GLW.US,D,20150126,000000,19.3092,19.6101,19.1394,19.4402,9887628.5078409,0
GLW.US,D,20150127,000000,19.3679,20.3093,19.2711,20.1072,20351885.215044,0
GLW.US,D,20150128,000000,20.2214,20.4578,19.651,19.695,17708487.073957,0
GLW.US,D,20150129,000000,19.8054,19.8054,18.9216,19.3434,17411802.576491,0
GLW.US,D,20150130,000000,19.2283,19.6335,19.1979,19.3259,14109637.89991,0
GLW.US,D,20150202,000000,19.4098,19.6687,18.8873,19.6335,11774409.042091,0
GLW.US,D,20150203,000000,19.651,19.8425,19.4723,19.7966,11818327.903353,0
GLW.US,D,20150204,000000,19.7634,19.9352,19.6335,19.736,11299724.700169,0
GLW.US,D,20150205,000000,19.695,20.0428,19.651,19.9011,10658164.864093,0
GLW.US,D,20150206,000000,19.9187,20.0428,19.651,19.6862,12504287.864006,0
GLW.US,D,20150209,000000,19.695,19.9275,19.651,19.7136,9540463.5846132,0
GLW.US,D,20150210,000000,19.8503,20.2468,19.6784,20.2038,10860480.79347,0
GLW.US,D,20150211,000000,20.197,20.2214,19.866,19.9626,7367271.9886997,0
GLW.US,D,20150212,000000,20.0261,20.3679,20.0104,20.2126,9068114.90571,0
GLW.US,D,20150213,000000,20.2126,20.3522,20.1316,20.3268,7614446.778748,0
GLW.US,D,20150217,000000,20.2927,20.3268,19.9441,20.0037,8106622.4822159,0
GLW.US,D,20150218,000000,20.0338,20.0759,19.8152,20.0261,7699159.361625,0
GLW.US,D,20150219,000000,20.0037,20.1257,19.9187,20.0428,8681782.3164892,0
GLW.US,D,20150220,000000,19.9947,20.2927,19.7282,20.2927,8513764.0779547,0
GLW.US,D,20150223,000000,20.279,20.2927,20.0983,20.1471,6049850.5298441,0
GLW.US,D,20150224,000000,20.116,20.1814,19.9793,20.1471,6156540.4627307,0
GLW.US,D,20150225,000000,20.0836,20.197,19.9616,20.0983,6621986.5969563,0
GLW.US,D,20150226,000000,20.0983,20.2566,19.9432,19.9939,7942908.990429,0
GLW.US,D,20150227,000000,20.0164,20.156,19.8884,19.9342,9375058.5034764,0
GLW.US,D,20150302,000000,19.8923,20.1394,19.8132,20.1257,8447373.2918313,0
GLW.US,D,20150303,000000,20.0759,20.3201,20.0027,20.0983,8931562.0722188,0
GLW.US,D,20150304,000000,20.0164,20.3367,19.8406,20.2214,8706845.8954941,0
GLW.US,D,20150305,000000,20.1814,20.3024,20.0681,20.116,5884609.2830268,0
GLW.US,D,20150306,000000,20.0418,20.116,19.5925,19.6315,7602014.8257839,0
GLW.US,D,20150309,000000,19.6755,19.7263,19.3132,19.4157,11806183.684413,0
GLW.US,D,20150310,000000,19.2682,19.2682,18.8258,18.8327,13713415.861572,0
GLW.US,D,20150311,000000,18.9802,18.9802,18.5134,18.5475,13264729.978241,0
GLW.US,D,20150312,000000,18.5886,18.9333,18.4245,18.899,12672593.836564,0
GLW.US,D,20150313,000000,18.8024,18.8893,18.4977,18.7946,9508636.7201024,0
GLW.US,D,20150316,000000,18.9333,19.3904,18.9069,19.3717,9125672.9740782,0
GLW.US,D,20150317,000000,19.3473,19.3717,19.0963,19.0963,8784933.4280723,0
GLW.US,D,20150318,000000,18.9958,19.4948,18.899,19.4157,8409678.0867853,0
GLW.US,D,20150319,000000,19.2975,19.365,18.8483,18.899,10147646.884581,0
GLW.US,D,20150320,000000,18.9508,19.2828,18.9333,19.112,15667281.429875,0
GLW.US,D,20150323,000000,19.1052,19.3132,19.0886,19.1755,7259071.7081795,0
GLW.US,D,20150324,000000,19.2019,19.2898,19.1188,19.1267,7485989.4085738,0
GLW.US,D,20150325,000000,19.1588,19.2507,18.5378,18.5562,11426151.548745,0
GLW.US,D,20150326,000000,18.4733,18.482,18.1784,18.358,14711275.408159,0
GLW.US,D,20150327,000000,18.4001,18.6051,18.3102,18.5806,5927569.7135189,0
GLW.US,D,20150330,000000,18.7076,19.0358,18.7076,18.9879,8123037.657075,0
GLW.US,D,20150331,000000,18.8161,18.899,18.4733,18.5281,9874009.7800242,0
GLW.US,D,20150401,000000,18.482,18.5134,18.1305,18.1784,11370465.287478,0
GLW.US,D,20150402,000000,18.1481,18.3327,18.0319,18.2369,11204988.528827,0
GLW.US,D,20150406,000000,18.1559,18.358,18.0563,18.2789,10805871.742855,0
GLW.US,D,20150407,000000,18.2789,18.2858,17.9509,17.9753,9894303.7323999,0
GLW.US,D,20150408,000000,18.0094,18.1217,17.7808,18.0241,13471326.079219,0
GLW.US,D,20150409,000000,18.0094,18.2018,17.9811,18.1716,10154988.710028,0
GLW.US,D,20150410,000000,18.2018,18.3258,18.1305,18.319,8262687.9831712,0
GLW.US,D,20150413,000000,18.358,18.5632,18.2448,18.2702,8143479.0603384,0
GLW.US,D,20150414,000000,18.2702,18.3747,18.0407,18.2545,8922011.5553508,0
GLW.US,D,20150415,000000,18.319,18.4499,18.2369,18.2448,8789478.8064767,0
GLW.US,D,20150416,000000,18.193,18.5886,18.1784,18.4977,11394334.923879,0
GLW.US,D,20150417,000000,18.3258,18.3483,18.0563,18.3483,12185226.670375,0
GLW.US,D,20150420,000000,18.4499,18.7243,18.4088,18.5281,9804721.174373,0
GLW.US,D,20150421,000000,18.6784,18.7076,18.3034,18.4733,9921123.410518,0
GLW.US,D,20150422,000000,18.3834,18.4586,18.0172,18.3327,9632863.0689729,0
GLW.US,D,20150423,000000,18.2702,18.777,18.2702,18.6207,13156044.338549,0
GLW.US,D,20150424,000000,18.6695,18.6872,18.3327,18.4001,8991394.365736,0
GLW.US,D,20150427,000000,18.4342,18.6296,18.2194,18.2858,15807912.71396,0
GLW.US,D,20150428,000000,18.2018,18.2702,17.7808,18.0319,20316697.699052,0
GLW.US,D,20150429,000000,17.7888,17.7975,17.0505,17.4527,27703559.152553,0
GLW.US,D,20150430,000000,17.3873,17.5192,16.9146,17.1022,18122221.977095,0
GLW.US,D,20150501,000000,17.1705,17.527,17.1705,17.5192,13176478.574061,0
GLW.US,D,20150504,000000,17.527,17.6647,17.4918,17.5192,7688177.3423894,0
GLW.US,D,20150505,000000,17.443,17.5113,16.9146,16.9947,13586006.007078,0
GLW.US,D,20150506,000000,17.0338,17.234,16.8209,17.2076,16295383.300562,0
GLW.US,D,20150507,000000,17.1892,17.3131,17.0786,17.1892,14215112.386937,0
GLW.US,D,20150508,000000,17.3043,17.4841,17.2173,17.2818,10669896.425341,0
GLW.US,D,20150511,000000,17.234,17.5651,17.2262,17.4117,10223160.170413,0
GLW.US,D,20150512,000000,17.2721,17.3707,17.1402,17.1491,7278483.0031583,0
GLW.US,D,20150513,000000,17.1402,17.3619,17.0025,17.2262,13462115.518564,0
GLW.US,D,20150514,000000,17.3619,17.4772,17.2545,17.4615,7332384.494306,0
GLW.US,D,20150515,000000,17.4527,17.5348,17.3531,17.3952,7287039.2504994,0
GLW.US,D,20150518,000000,17.3619,17.5348,17.3619,17.443,9605800.7112688,0
GLW.US,D,20150519,000000,17.5192,17.6647,17.3209,17.5553,11576889.36242,0
GLW.US,D,20150520,000000,17.5113,17.7808,17.4615,17.6422,10285359.869847,0
GLW.US,D,20150521,000000,17.7116,18.0172,17.6813,17.8269,11890753.936225,0
GLW.US,D,20150522,000000,17.7554,17.8269,17.5651,17.5651,9477918.8091423,0
GLW.US,D,20150526,000000,17.4694,17.4841,17.1558,17.3297,11128066.267847,0
GLW.US,D,20150527,000000,17.4127,17.4283,17.1638,17.3619,11878610.74125,0
GLW.US,D,20150528,000000,17.3873,17.3873,17.1177,17.2975,10436675.199499,0
GLW.US,D,20150529,000000,17.2887,17.3531,17.1003,17.1882,11909884.664931,0
GLW.US,D,20150601,000000,17.2398,17.3375,17.1003,17.1548,9880386.0069501,0
GLW.US,D,20150602,000000,17.1402,17.2545,17.109,17.1334,10219841.501476,0
GLW.US,D,20150603,000000,17.2164,17.2477,17.0846,17.0933,9985691.5398361,0
GLW.US,D,20150604,000000,17.0485,17.0582,16.7886,16.9683,15771417.595305,0
GLW.US,D,20150605,000000,16.9127,17.0669,16.7886,17.0171,10654675.193086,0
GLW.US,D,20150608,000000,17.4196,17.4196,17.0094,17.0582,17264546.242107,0
GLW.US,D,20150609,000000,17.0669,17.0669,16.6871,16.9527,13374660.758763,0
GLW.US,D,20150610,000000,16.9596,17.2721,16.9596,17.2721,14955170.439922,0
GLW.US,D,20150611,000000,17.2545,17.3297,17.0669,17.0933,10520337.194802,0
GLW.US,D,20150612,000000,16.9927,17.1257,16.8775,17.0485,9339469.5934017,0
GLW.US,D,20150615,000000,16.9762,16.9762,16.6481,16.7476,13565001.423342,0
GLW.US,D,20150616,000000,16.9283,17.2477,16.8444,17.1705,17653617.936358,0
GLW.US,D,20150617,000000,17.2545,17.3531,17.0485,17.1792,8479660.9403659,0
GLW.US,D,20150618,000000,17.2477,17.4928,17.233,17.4361,9423929.2570479,0
GLW.US,D,20150619,000000,17.3952,17.4127,17.2066,17.2066,11650297.377246,0
GLW.US,D,20150622,000000,17.3453,17.3707,17.1792,17.3043,9665625.8370344,0
GLW.US,D,20150623,000000,17.2818,17.3043,17.1548,17.233,8184198.0325454,0
GLW.US,D,20150624,000000,17.1491,17.2398,16.8961,17.0669,16636454.611066,0
GLW.US,D,20150625,000000,17.1705,17.1882,16.859,16.8873,10702140.043402,0
GLW.US,D,20150626,000000,16.8512,16.9283,16.7027,16.7027,17527542.307606,0
GLW.US,D,20150629,000000,16.6158,16.6334,16.1539,16.189,16486884.116917,0
GLW.US,D,20150630,000000,16.3521,16.485,16.0826,16.2125,18444365.303861,0
GLW.US,D,20150701,000000,16.3286,16.4517,16.189,16.2681,10584213.12412,0
GLW.US,D,20150702,000000,16.3376,16.4088,16.1382,16.189,9063575.6710928,0
GLW.US,D,20150706,000000,16.0319,16.2955,15.9595,16.1197,10528958.975871,0
GLW.US,D,20150707,000000,16.1031,16.1285,15.6852,16.0826,17289126.509869,0
GLW.US,D,20150708,000000,15.898,15.9253,15.727,15.727,11477366.157051,0
GLW.US,D,20150709,000000,15.9869,16.0962,15.7096,15.7417,12343258.183166,0
GLW.US,D,20150710,000000,15.8902,15.9253,15.7096,15.8423,10590541.224713,0
GLW.US,D,20150713,000000,15.5465,15.7417,15.3404,15.735,20956302.786904,0
GLW.US,D,20150714,000000,15.7417,15.8736,15.7183,15.8189,9181898.8646351,0
GLW.US,D,20150715,000000,15.859,15.8648,15.5864,15.6636,10790947.460304,0
GLW.US,D,20150716,000000,15.898,16.1197,15.8814,16.0573,13358838.459348,0
GLW.US,D,20150717,000000,15.9664,16.0406,15.6772,15.6772,14038656.680944,0
GLW.US,D,20150720,000000,15.6929,15.6929,15.5308,15.5386,11614399.229892,0
GLW.US,D,20150721,000000,15.4654,15.5465,15.2681,15.4058,14891038.519479,0
GLW.US,D,20150722,000000,15.3189,15.4898,15.1685,15.4312,14845887.828927,0
GLW.US,D,20150723,000000,15.4732,15.6382,15.3726,15.4312,12115561.24579,0
GLW.US,D,20150724,000000,15.3814,15.4654,15.1616,15.2681,14031233.962302,0
GLW.US,D,20150727,000000,15.1548,15.3325,15.0455,15.1616,15896884.989147,0
GLW.US,D,20150728,000000,15.3267,15.3726,14.8394,15.0953,18741977.513162,0
GLW.US,D,20150729,000000,15.0054,15.3267,14.8306,15.232,19375010.796869,0
GLW.US,D,20150730,000000,15.2418,15.4312,15.1685,15.3091,11963310.012588,0
GLW.US,D,20150731,000000,15.4058,15.4566,15.3091,15.3491,12806564.231593,0
GLW.US,D,20150803,000000,15.2837,15.3189,14.8794,14.9478,17462988.513791,0
GLW.US,D,20150804,000000,14.9478,15.1548,14.938,15.0201,12027570.952556,0
GLW.US,D,20150805,000000,15.1118,15.3189,15.0455,15.0953,9192210.1871249,0
GLW.US,D,20150806,000000,15.0201,15.104,14.8882,15.0054,10496020.085916,0
GLW.US,D,20150807,000000,15.0201,15.0522,14.8394,14.8961,7737296.9193337,0
GLW.US,D,20150810,000000,14.9957,15.2017,14.9653,15.1685,9268395.1936668,0
GLW.US,D,20150811,000000,15.0054,15.0122,14.6079,14.6987,13082624.03615,0
GLW.US,D,20150812,000000,14.6178,14.8092,14.566,14.7398,13144041.42671,0
GLW.US,D,20150813,000000,14.7231,14.8013,14.6178,14.6343,8109453.7440515,0
GLW.US,D,20150814,000000,14.56,14.7818,14.5523,14.7583,7352479.7975692,0
GLW.US,D,20150817,000000,14.7056,14.9478,14.6343,14.9215,6798622.5207017,0
GLW.US,D,20150818,000000,14.8481,14.8794,14.685,14.7231,7177596.9010436,0
GLW.US,D,20150819,000000,14.5914,14.7398,14.4878,14.5757,11233358.489194,0
GLW.US,D,20150820,000000,14.4624,14.4878,14.1499,14.1587,10572406.813463,0
GLW.US,D,20150821,000000,14.0346,14.1909,13.7973,13.7973,16231923.100831,0
GLW.US,D,20150824,000000,13.0092,13.7896,12.6713,13.3842,27733509.090141,0
GLW.US,D,20150825,000000,13.8677,13.8677,13.1078,13.1235,24433139.423324,0
GLW.US,D,20150826,000000,13.436,13.6157,13.0092,13.5746,20371172.610319,0
GLW.US,D,20150827,000000,13.7397,14.0884,13.7134,14.0386,14373907.777243,0
GLW.US,D,20150828,000000,14.0035,14.2768,13.9878,14.2212,13934989.491254,0
GLW.US,D,20150831,000000,14.1118,14.2925,14.0463,14.2437,11851405.028516,0
GLW.US,D,20150901,000000,13.8804,13.9878,13.7134,13.8237,17750463.474566,0
GLW.US,D,20150902,000000,14.0708,14.0708,13.7827,14.063,10299281.691156,0
GLW.US,D,20150903,000000,14.0796,14.5844,14.0796,14.2838,13222902.052483,0
GLW.US,D,20150904,000000,14.0796,14.3618,14.0796,14.2701,12721399.056408,0
GLW.US,D,20150908,000000,14.5269,14.7485,14.4868,14.7231,13957699.999843,0
GLW.US,D,20150909,000000,14.898,15.0308,14.5015,14.5356,12730940.357594,0
GLW.US,D,20150910,000000,14.5356,14.7134,14.4604,14.5747,12012818.696041,0
GLW.US,D,20150911,000000,14.4604,14.6265,14.4165,14.6265,6884190.1139339,0
GLW.US,D,20150914,000000,14.6333,14.6929,14.4604,14.5844,7215225.5483971,0
GLW.US,D,20150915,000000,14.858,14.9497,14.6616,14.9234,9452127.1913797,0
GLW.US,D,20150916,000000,14.898,15.2554,14.8647,15.1578,13460545.780989,0
GLW.US,D,20150917,000000,15.1402,15.2974,14.98,15.0395,10153903.30766,0
GLW.US,D,20150918,000000,14.731,14.9234,14.5269,14.5844,20197823.61261,0
GLW.US,D,20150921,000000,14.6432,14.6987,14.4253,14.5015,12638273.618501,0
GLW.US,D,20150922,000000,14.2524,14.3022,13.9487,14.0542,17235789.223159,0
GLW.US,D,20150923,000000,14.0298,14.0463,13.8237,13.8804,10126060.689009,0
GLW.US,D,20150924,000000,13.732,13.8705,13.4429,13.8071,17629998.147295,0
GLW.US,D,20150925,000000,13.7642,13.94,13.5903,13.7134,17891695.825811,0
GLW.US,D,20150928,000000,13.6431,13.6577,13.476,13.5318,15928177.34419,0
GLW.US,D,20150929,000000,13.5064,13.8471,13.435,13.8237,13943201.686524,0
GLW.US,D,20150930,000000,14.0463,14.2212,14.0122,14.1723,12650838.686851,0
GLW.US,D,20151001,000000,14.1949,14.2603,13.7993,13.9311,11373819.795172,0
GLW.US,D,20151002,000000,13.7739,14.1187,13.5405,14.1118,12559984.364918,0
GLW.US,D,20151005,000000,14.2701,14.6616,14.2701,14.5981,10387780.894744,0
GLW.US,D,20151006,000000,14.6333,14.8403,14.565,14.7398,9349074.3803882,0
GLW.US,D,20151007,000000,14.8647,15.0074,14.685,14.7671,11471491.67273,0
GLW.US,D,20151008,000000,14.731,14.9322,14.6987,14.8726,9802732.6353188,0
GLW.US,D,20151009,000000,14.8726,14.9322,14.4947,14.5015,11456455.778047,0
GLW.US,D,20151012,000000,14.5269,14.5356,14.23,14.2838,9438244.2807228,0
GLW.US,D,20151013,000000,14.1635,14.2212,13.8902,13.9721,14916011.989609,0
GLW.US,D,20151014,000000,13.9878,14.1723,13.9575,14.0708,18557060.788526,0
GLW.US,D,20151015,000000,14.0971,14.1362,13.8384,13.9487,18240492.948448,0
GLW.US,D,20151016,000000,13.9644,14.0219,13.8628,13.979,18604023.896238,0
GLW.US,D,20151019,000000,13.9213,14.0884,13.8071,13.9213,20868437.417339,0
GLW.US,D,20151020,000000,13.8902,14.0796,13.8471,13.9487,14495642.820492,0
GLW.US,D,20151021,000000,13.9311,14.0463,13.8071,13.8306,11546585.133117,0
GLW.US,D,20151022,000000,13.9721,14.685,13.8969,14.565,50111516.952218,0
GLW.US,D,20151023,000000,14.6987,14.6987,14.3941,14.565,18802644.337745,0
GLW.US,D,20151026,000000,14.5102,14.5269,14.2212,14.3374,14421512.910696,0
GLW.US,D,20151027,000000,14.565,15.188,14.0219,15.1157,28567806.691686,0
GLW.US,D,20151028,000000,15.107,15.5767,15.063,15.5767,19059259.056495,0
GLW.US,D,20151029,000000,15.5357,15.7261,15.4771,15.6001,22375404.944325,0
GLW.US,D,20151030,000000,15.6763,15.6763,15.3872,15.3941,16412673.313927,0
GLW.US,D,20151102,000000,15.3872,15.6364,15.3775,15.5767,10142848.586946,0
GLW.US,D,20151103,000000,15.4771,15.7086,15.4624,15.5846,14136651.107318,0
GLW.US,D,20151104,000000,15.6001,15.7584,15.5035,15.6197,9549968.0230789,0
GLW.US,D,20151105,000000,15.5513,15.8902,15.5513,15.7769,9815542.4311823,0
GLW.US,D,20151106,000000,15.7173,15.8356,15.6001,15.6627,13843169.5708,0
GLW.US,D,20151109,000000,15.5846,15.6705,15.4771,15.5357,14762093.742204,0
GLW.US,D,20151110,000000,15.4868,15.7096,15.4537,15.6461,13036928.596486,0
GLW.US,D,20151111,000000,15.6715,15.7183,15.4195,15.4195,7358885.7194654,0
GLW.US,D,20151112,000000,15.312,15.4537,15.0953,15.1128,9378974.1437148,0
GLW.US,D,20151113,000000,15.0278,15.1851,14.8443,14.9351,18755425.238908,0
GLW.US,D,20151116,000000,14.8941,15.3765,14.8618,15.2779,9124119.6199355,0
GLW.US,D,20151117,000000,15.2866,15.5767,15.2447,15.3697,10693203.905232,0
GLW.US,D,20151118,000000,15.4195,15.736,15.3443,15.6852,11473725.963264,0
GLW.US,D,20151119,000000,15.6852,15.9918,15.6627,15.8209,11763918.525815,0
GLW.US,D,20151120,000000,15.8209,15.9205,15.7691,15.812,11151653.290046,0
GLW.US,D,20151123,000000,15.8443,16.0708,15.812,15.8765,11005195.64797,0
GLW.US,D,20151124,000000,15.736,15.8844,15.611,15.7955,10792335.956162,0
GLW.US,D,20151125,000000,15.812,15.9537,15.6548,15.8042,11254528.955179,0
GLW.US,D,20151127,000000,15.7788,15.812,15.6274,15.6274,3551955.69592,0
GLW.US,D,20151130,000000,15.7016,15.8042,15.5846,15.6011,12040331.598123,0
GLW.US,D,20151201,000000,15.727,15.7691,15.5602,15.6772,9039291.3290704,0
GLW.US,D,20151202,000000,15.6548,15.8365,15.5767,15.611,11552902.994067,0
GLW.US,D,20151203,000000,15.6929,15.727,14.7965,14.854,24115655.13502,0
GLW.US,D,20151204,000000,14.8443,15.0445,14.7437,15.0191,16788154.951368,0
GLW.US,D,20151207,000000,14.9633,15.0855,14.8209,15.0278,11636021.264221,0
GLW.US,D,20151208,000000,14.854,14.9282,14.6646,14.854,13326791.442469,0
GLW.US,D,20151209,000000,14.7622,15.0445,14.7348,14.7866,11702769.413954,0
GLW.US,D,20151210,000000,14.7866,14.9859,14.6558,14.7348,9719774.103626,0
GLW.US,D,20151211,000000,15.6207,15.6207,15.0757,15.5602,34492482.681536,0
GLW.US,D,20151214,000000,15.5132,15.5211,14.9633,15.0513,19712216.641394,0
GLW.US,D,20151215,000000,15.1372,15.2105,14.8062,14.8862,13193941.2646,0
GLW.US,D,20151216,000000,14.978,15.4868,14.9449,15.4283,23634697.986587,0
GLW.US,D,20151217,000000,15.1461,15.2612,15.0513,15.0669,15966940.544206,0
GLW.US,D,20151218,000000,14.9633,15.1207,14.9009,14.9947,27355317.018675,0
GLW.US,D,20151221,000000,15.0445,15.1461,14.9282,15.0191,14416343.937912,0
GLW.US,D,20151222,000000,15.0445,15.2027,15.0113,15.1275,10157671.497011,0
GLW.US,D,20151223,000000,15.2027,15.4771,15.1939,15.4537,12495772.575245,0
GLW.US,D,20151224,000000,15.4713,15.6754,15.4283,15.4614,3796910.5309376,0
GLW.US,D,20151228,000000,15.3941,15.4283,15.064,15.1695,7677768.7432725,0
GLW.US,D,20151229,000000,15.2612,15.4537,15.2612,15.4019,8472917.1101856,0
GLW.US,D,20151230,000000,15.3765,15.5357,15.3697,15.4019,6843757.8517862,0
GLW.US,D,20151231,000000,15.2866,15.4283,15.2105,15.2261,9111127.5583914,0
GLW.US,D,20160104,000000,14.9546,14.978,14.7818,14.9185,12989197.5154,0
GLW.US,D,20160105,000000,14.9282,15.0503,14.7662,14.9107,14322887.722191,0
GLW.US,D,20160106,000000,14.6558,14.7348,14.4878,14.5777,15148375.133201,0
GLW.US,D,20160107,000000,14.2838,14.4995,14.1949,14.2437,13867516.374657,0
GLW.US,D,20160108,000000,14.312,14.5201,14.2437,14.2838,20229091.392505,0
GLW.US,D,20160111,000000,14.3209,14.6245,14.2838,14.4175,19037092.273054,0
GLW.US,D,20160112,000000,14.5679,14.6723,14.2524,14.4429,17285389.039453,0
GLW.US,D,20160113,000000,14.4966,14.6948,14.1792,14.2114,19961620.602153,0
GLW.US,D,20160114,000000,14.2603,14.5533,14.188,14.4096,12065956.309674,0
GLW.US,D,20160115,000000,14.1187,14.2885,13.9293,14.0532,19649897.138112,0
GLW.US,D,20160119,000000,14.1792,14.2603,13.8207,13.9624,13491653.822422,0
GLW.US,D,20160120,000000,13.5445,14.0015,13.437,13.9019,21070666.309735,0
GLW.US,D,20160121,000000,13.9624,14.4096,13.8042,14.103,17482525.756403,0
GLW.US,D,20160122,000000,14.3306,14.3872,14.1108,14.2437,15407239.501952,0
GLW.US,D,20160125,000000,14.2026,14.2701,13.8442,13.9624,16238416.059709,0
GLW.US,D,20160126,000000,13.9771,15.0357,13.9624,14.7525,23403962.946546,0
GLW.US,D,20160127,000000,14.6723,15.2173,14.5962,14.9185,20317010.008225,0
GLW.US,D,20160128,000000,15.0953,15.1665,14.9009,14.9859,13597391.468327,0
GLW.US,D,20160129,000000,15.0855,15.5035,15.0757,15.5035,14458489.292665,0
GLW.US,D,20160201,000000,15.3277,15.5806,15.2535,15.4713,10262259.230785,0
GLW.US,D,20160202,000000,15.2349,15.312,14.9282,15.0669,13440858.015596,0
GLW.US,D,20160203,000000,15.2173,15.3941,14.9633,15.312,13546910.018601,0
GLW.US,D,20160204,000000,15.2954,15.8844,15.2779,15.7096,16497100.210708,0
GLW.US,D,20160205,000000,15.6207,15.812,15.1939,15.2779,20166987.945733,0
GLW.US,D,20160208,000000,15.0513,15.1128,14.8169,14.9633,13976032.036242,0
GLW.US,D,20160209,000000,14.8618,15.5602,14.8364,15.3862,21179421.579013,0
GLW.US,D,20160210,000000,15.4195,15.5602,15.0953,15.1128,11556575.954719,0
GLW.US,D,20160211,000000,14.8364,15.0191,14.6723,14.8364,16966332.965645,0
GLW.US,D,20160212,000000,14.9947,15.3277,14.9107,15.3208,16966921.745233,0
GLW.US,D,20160216,000000,15.4868,15.5846,15.4019,15.5279,14470837.28054,0
GLW.US,D,20160217,000000,15.5933,15.9293,15.5602,15.7867,15533236.285439,0
GLW.US,D,20160218,000000,15.8667,15.9205,15.5846,15.6011,11977328.086558,0
GLW.US,D,20160219,000000,15.4868,15.5679,15.3443,15.4537,15903180.322877,0
GLW.US,D,20160222,000000,15.6373,15.727,15.4868,15.5679,15379475.728567,0
GLW.US,D,20160223,000000,15.4234,15.5396,15.2632,15.2799,11397418.080981,0
GLW.US,D,20160224,000000,15.2046,15.2466,14.8433,15.0963,15012847.288171,0
GLW.US,D,20160225,000000,15.0963,15.2554,15.0445,15.2046,14743773.993381,0
GLW.US,D,20160226,000000,15.2983,15.438,15.2368,15.3638,21910720.639686,0
GLW.US,D,20160229,000000,15.4049,15.5806,15.3472,15.3551,18387873.182535,0
GLW.US,D,20160301,000000,15.4566,15.7397,15.3101,15.6334,11364572.371795,0
GLW.US,D,20160302,000000,15.6598,15.859,15.6157,15.7759,9236444.4294517,0
GLW.US,D,20160303,000000,15.8745,15.8999,15.6675,15.8492,9304188.8966409,0
GLW.US,D,20160304,000000,15.8824,16.1178,15.8492,15.9098,11295669.800759,0
GLW.US,D,20160307,000000,15.8648,16.4381,15.8013,16.4205,17158688.792357,0
GLW.US,D,20160308,000000,16.362,16.4205,15.9595,15.9674,10788405.980421,0
GLW.US,D,20160309,000000,16.0279,16.2868,16.0279,16.0924,8125492.0999756,0
GLW.US,D,20160310,000000,16.1001,16.2868,15.7759,15.943,9135668.9155028,0
GLW.US,D,20160311,000000,16.1363,16.4028,16.1041,16.3209,10892487.875732,0
GLW.US,D,20160314,000000,16.2027,16.3892,16.2027,16.2868,7701277.9441703,0
GLW.US,D,20160315,000000,16.1451,16.3473,16.0777,16.313,8691317.4738898,0
GLW.US,D,20160316,000000,16.3209,16.4566,16.2213,16.3209,8457256.5971609,0
GLW.US,D,20160317,000000,16.354,16.9098,16.3394,16.8131,13167261.869618,0
GLW.US,D,20160318,000000,16.9098,17.0378,16.7838,16.7984,15654410.196142,0
GLW.US,D,20160321,000000,16.7838,16.9918,16.7682,16.9263,7629764.2636658,0
GLW.US,D,20160322,000000,16.8824,17.1421,16.8404,17.0406,10195057.464779,0
GLW.US,D,20160323,000000,16.9987,17.0074,16.7946,16.8922,8053807.4174001,0
GLW.US,D,20160324,000000,16.6881,17.0191,16.6373,16.9918,8353628.318122,0
GLW.US,D,20160328,000000,17.0943,17.237,17.0074,17.1013,9042654.0284801,0
GLW.US,D,20160329,000000,16.9743,17.3512,16.9508,17.3277,10618401.250761,0
GLW.US,D,20160330,000000,17.4117,17.6793,17.3698,17.4859,9736204.6379526,0
GLW.US,D,20160331,000000,17.5446,17.6237,17.402,17.5299,11555038.984009,0
GLW.US,D,20160401,000000,17.3512,17.5299,17.2945,17.4781,9014117.1618997,0
GLW.US,D,20160404,000000,17.444,17.5865,17.4283,17.4361,7815042.4477699,0
GLW.US,D,20160405,000000,17.2691,17.3981,17.1421,17.2945,7097820.851009,0
GLW.US,D,20160406,000000,17.2691,17.4948,17.1304,17.4625,7425317.4641688,0
GLW.US,D,20160407,000000,17.4117,17.4948,17.2779,17.3356,8758626.7561675,0
GLW.US,D,20160408,000000,17.444,17.5602,17.1501,17.2291,10486972.335615,0
GLW.US,D,20160411,000000,17.2691,17.4859,17.2594,17.3023,7645934.7110101,0
GLW.US,D,20160412,000000,17.6393,17.6872,17.4196,17.4781,13547910.431914,0
GLW.US,D,20160413,000000,17.5865,17.7291,17.5329,17.6872,11149732.332649,0
GLW.US,D,20160414,000000,17.6237,17.7018,17.2018,17.4283,10328866.073416,0
GLW.US,D,20160415,000000,17.4283,17.6237,17.402,17.5514,10672184.985992,0
GLW.US,D,20160418,000000,17.3942,17.6481,17.3942,17.5514,6769875.7413991,0
GLW.US,D,20160419,000000,17.6549,17.6715,17.4625,17.5602,6366925.2323486,0
GLW.US,D,20160420,000000,17.57,17.6872,17.5514,17.6051,5543073.092642,0
GLW.US,D,20160421,000000,17.5777,17.6793,17.4361,17.4537,8373302.7719766,0
GLW.US,D,20160422,000000,17.36,17.7193,17.36,17.6139,7027493.9453571,0
GLW.US,D,20160425,000000,17.5143,17.6305,17.4537,17.5953,9664470.8050813,0
GLW.US,D,20160426,000000,17.2594,17.402,16.1001,16.1275,47556257.579216,0
GLW.US,D,20160427,000000,16.1363,16.2779,16.0279,16.1939,22115521.730898,0
GLW.US,D,20160428,000000,16.1451,16.1451,15.8413,15.8492,17437300.316443,0
GLW.US,D,20160429,000000,15.8413,15.859,15.5396,15.6675,12624415.282993,0
GLW.US,D,20160502,000000,15.7242,15.8912,15.6909,15.7838,10122613.000547,0
GLW.US,D,20160503,000000,15.6255,15.6812,15.481,15.6255,10863195.323352,0
GLW.US,D,20160504,000000,15.5552,15.6334,15.2799,15.4146,9211930.7193819,0
GLW.US,D,20160505,000000,15.4234,15.5484,15.3716,15.3716,8471823.5161022,0
GLW.US,D,20160506,000000,15.3297,15.5884,15.2983,15.4732,7145002.0631595,0
GLW.US,D,20160509,000000,15.4732,15.6255,15.3472,15.3892,8494778.7522068,0
GLW.US,D,20160510,000000,15.4986,15.8413,15.4303,15.8257,10692918.219137,0
GLW.US,D,20160511,000000,15.7661,15.9351,15.7242,15.8346,12877068.283102,0
GLW.US,D,20160512,000000,15.8745,15.9908,15.6509,15.8413,17579516.697569,0
GLW.US,D,20160513,000000,15.8189,15.9761,15.6754,15.6812,14221054.452916,0
GLW.US,D,20160516,000000,15.6909,16.1363,15.6909,16.1178,13255828.654865,0
GLW.US,D,20160517,000000,16.0845,16.2427,15.9722,16.0357,9982759.9294798,0
GLW.US,D,20160518,000000,15.9517,16.2955,15.8872,15.9273,9494347.29554,0
GLW.US,D,20160519,000000,15.8013,15.9674,15.728,15.8912,10968552.054464,0
GLW.US,D,20160520,000000,16.0192,16.4145,16.0192,16.3707,12256773.117744,0
GLW.US,D,20160523,000000,16.4165,16.6793,16.3707,16.5455,14471929.850658,0
GLW.US,D,20160524,000000,16.6324,16.9235,16.6148,16.8551,9598811.129609,0
GLW.US,D,20160525,000000,16.9263,16.983,16.7408,16.7838,9932529.3510556,0
GLW.US,D,20160526,000000,16.8444,17.0211,16.817,17.0045,8733479.2120737,0
GLW.US,D,20160527,000000,16.9556,17.3268,16.9059,17.3268,14837045.895492,0
GLW.US,D,20160531,000000,17.2848,17.6989,17.277,17.6491,18808102.068517,0
GLW.US,D,20160601,000000,17.4791,17.6412,17.3512,17.5446,8736192.7179921,0
GLW.US,D,20160602,000000,17.5446,17.9021,17.5152,17.8747,11814808.537375,0
GLW.US,D,20160603,000000,17.731,17.8513,17.5446,17.8092,8254307.8577238,0
GLW.US,D,20160606,000000,17.8747,17.9947,17.7399,17.7925,9942497.6454387,0
GLW.US,D,20160607,000000,17.8249,17.9947,17.7925,17.8179,12060734.090736,0
GLW.US,D,20160608,000000,17.8249,17.865,17.6158,17.7223,9384099.0860247,0
GLW.US,D,20160609,000000,17.6315,17.8015,17.4714,17.7662,9217595.290982,0
GLW.US,D,20160610,000000,17.2418,17.402,17.0045,17.3346,12909921.160039,0
GLW.US,D,20160613,000000,17.2086,17.3268,17.0826,17.1003,11681473.000335,0
GLW.US,D,20160614,000000,17.0465,17.277,17.0133,17.1247,6731474.0008499,0
GLW.US,D,20160615,000000,17.2507,17.2681,17.0465,17.066,5913744.1448739,0
GLW.US,D,20160616,000000,16.9303,17.0465,16.8267,16.9889,8031842.3549645,0
GLW.US,D,20160617,000000,16.9469,17.2281,16.939,17.1402,12862417.399072,0
GLW.US,D,20160620,000000,17.4537,17.4958,17.2507,17.2584,7689258.6488987,0
GLW.US,D,20160621,000000,17.2848,17.318,17.1812,17.2086,6312442.1293664,0
GLW.US,D,20160622,000000,17.2935,17.6071,17.2525,17.36,9266955.4995833,0
GLW.US,D,20160623,000000,17.5611,17.6559,17.3942,17.5611,7422028.4902028,0
GLW.US,D,20160624,000000,16.9469,17.1647,16.6363,16.6363,16503272.668699,0
GLW.US,D,20160627,000000,16.4753,16.4753,15.9507,16.1001,10364397.641479,0
GLW.US,D,20160628,000000,16.2965,16.4576,16.1979,16.3707,8402597.3722851,0
GLW.US,D,20160629,000000,16.5562,16.775,16.3794,16.7359,10960312.212153,0
GLW.US,D,20160630,000000,16.817,17.3648,16.8101,17.3023,11527695.036068,0
GLW.US,D,20160701,000000,17.1812,17.3785,17.1003,17.1402,6450282.086231,0
GLW.US,D,20160705,000000,17.066,17.066,16.7457,16.8365,4417424.8246979,0
GLW.US,D,20160706,000000,16.7799,17.0133,16.7076,16.9889,4380947.1134395,0
GLW.US,D,20160707,000000,17.3346,17.5514,17.1812,17.2507,8643081.5783067,0
GLW.US,D,20160708,000000,17.3785,17.6725,17.3785,17.6637,6900766.0512193,0
GLW.US,D,20160711,000000,17.6412,17.8413,17.6412,17.731,5105579.1412687,0
GLW.US,D,20160712,000000,17.8513,18.1637,17.8179,18.1217,8596115.3987006,0
GLW.US,D,20160713,000000,18.1217,18.2038,18.0358,18.0524,5034962.4536641,0
GLW.US,D,20160714,000000,18.1637,18.2038,18.07,18.0954,5308838.1419486,0
GLW.US,D,20160715,000000,18.1217,18.1217,17.9693,18.0358,5809162.5548876,0
GLW.US,D,20160718,000000,18.07,18.1139,18.0035,18.0622,5192642.7466319,0
GLW.US,D,20160719,000000,18.0114,18.1139,17.9479,18.0114,4377728.7930239,0
GLW.US,D,20160720,000000,18.07,18.2907,17.9528,18.2575,5789531.1075419,0
GLW.US,D,20160721,000000,18.2829,18.3913,18.1295,18.1637,4611816.2928296,0
GLW.US,D,20160722,000000,18.1295,18.3073,18.0426,18.2907,3592181.1172392,0
GLW.US,D,20160725,000000,18.2477,18.3473,18.195,18.2907,5370191.0227444,0
GLW.US,D,20160726,000000,18.3307,18.4596,18.2907,18.3395,9727365.7764103,0
GLW.US,D,20160727,000000,17.7145,18.1861,17.5377,18.1549,21187420.789668,0
GLW.US,D,20160728,000000,18.1549,19.111,18.0875,18.8288,26516143.298193,0
GLW.US,D,20160729,000000,18.8893,18.9821,18.737,18.7741,32720642.162127,0
GLW.US,D,20160801,000000,18.7985,18.9821,18.7741,18.8288,15064241.090265,0
GLW.US,D,20160802,000000,18.8063,18.899,18.6521,18.6784,10282575.710379,0
GLW.US,D,20160803,000000,18.6872,18.8893,18.6441,18.7555,28758144.284372,0
GLW.US,D,20160804,000000,18.7184,19.0006,18.7184,18.9069,9148325.1166916,0
GLW.US,D,20160805,000000,18.9655,19.1979,18.9577,19.1267,12660351.317032,0
GLW.US,D,20160808,000000,19.1267,19.364,19.0944,19.2644,25728041.854951,0
GLW.US,D,20160809,000000,19.3189,19.4313,19.2945,19.3542,6734483.4325081,0
GLW.US,D,20160810,000000,19.3366,19.3796,19.2203,19.2858,6740431.642274,0
GLW.US,D,20160811,000000,19.3453,19.4313,19.3189,19.364,7731620.0601597,0
GLW.US,D,20160812,000000,19.3189,19.3894,19.2447,19.3189,7501052.9502964,0
GLW.US,D,20160815,000000,19.3453,19.5417,19.3189,19.489,9156321.2554525,0
GLW.US,D,20160816,000000,19.3894,19.489,19.1588,19.2116,10865656.934005,0
GLW.US,D,20160817,000000,19.236,19.2644,18.9655,19.0856,11956047.032407,0
GLW.US,D,20160818,000000,19.0856,19.2273,19.0583,19.1501,11721614.456565,0
GLW.US,D,20160819,000000,19.1832,19.3453,19.1344,19.236,13394296.301966,0
GLW.US,D,20160822,000000,19.1344,19.2644,19.0769,19.2019,10146109.91387,0
GLW.US,D,20160823,000000,19.3279,19.4382,19.2674,19.2858,11473464.852315,0
GLW.US,D,20160824,000000,19.2858,19.3796,19.111,19.1423,8967683.4438322,0
GLW.US,D,20160825,000000,19.111,19.2908,19.0407,19.1588,9091463.3441817,0
GLW.US,D,20160826,000000,19.2203,19.3453,19.0729,19.1501,11148743.182944,0
GLW.US,D,20160829,000000,19.1979,19.4431,19.155,19.2838,9984657.3356936,0
GLW.US,D,20160830,000000,19.2604,19.3688,19.2507,19.3513,8505189.3992527,0
GLW.US,D,20160831,000000,19.2918,19.3199,19.1667,19.2838,9248035.7075633,0
GLW.US,D,20160901,000000,19.2682,19.3777,19.1931,19.2985,6963966.1639686,0
GLW.US,D,20160902,000000,19.3336,19.4958,19.2918,19.3513,6013426.0647395,0
GLW.US,D,20160906,000000,19.3513,19.4431,19.3072,19.4431,8193408.5932004,0
GLW.US,D,20160907,000000,19.4206,19.4772,19.2955,19.3952,12226703.376311,0
GLW.US,D,20160908,000000,19.2985,19.4128,19.2604,19.3425,16693821.198073,0
GLW.US,D,20160909,000000,19.1979,19.241,18.9538,19.0182,16412419.370732,0
GLW.US,D,20160912,000000,18.8659,19.1794,18.8151,19.1081,14581976.339168,0
GLW.US,D,20160913,000000,18.9782,19.1217,18.8972,18.9948,11789426.505412,0
GLW.US,D,20160914,000000,18.9694,19.1794,18.9597,19.0114,8218970.8429156,0
GLW.US,D,20160915,000000,18.901,19.2682,18.901,19.1979,8274912.0713422,0
GLW.US,D,20160916,000000,19.155,19.2751,19.1042,19.2243,15362493.277376,0
GLW.US,D,20160919,000000,19.2918,19.5446,19.2918,19.2918,7209072.5457319,0
GLW.US,D,20160920,000000,19.4206,19.4685,19.2556,19.2918,9018955.3941502,0
GLW.US,D,20160921,000000,19.3952,19.5749,19.2918,19.5124,13766566.786743,0
GLW.US,D,20160922,000000,19.5749,19.7419,19.5661,19.6383,9822777.7643216,0
GLW.US,D,20160923,000000,19.5036,19.7419,19.4685,19.6657,11902563.318775,0
GLW.US,D,20160926,000000,19.5495,19.5847,19.4685,19.5495,9663646.5136609,0
GLW.US,D,20160927,000000,19.5397,19.8463,19.5124,19.8288,11932184.563758,0
GLW.US,D,20160928,000000,19.8884,20.0906,19.8542,20.0836,14106634.612038,0
GLW.US,D,20160929,000000,20.032,20.2077,19.9646,19.989,8963222.0305166,0
GLW.US,D,20160930,000000,20.1072,20.237,19.8923,20.0983,11543604.372465,0
GLW.US,D,20161003,000000,20.0475,20.1501,20.032,20.1072,10197817.0491,0
GLW.US,D,20161004,000000,20.1404,20.1843,19.8191,19.8923,11081557.800371,0
GLW.US,D,20161005,000000,19.9813,20.3014,19.9813,20.2273,9785708.2015835,0
GLW.US,D,20161006,000000,20.2175,20.3542,20.1335,20.2839,11466589.954679,0
GLW.US,D,20161007,000000,20.278,20.3572,20.1023,20.2077,10026366.48157,0
GLW.US,D,20161010,000000,20.278,20.3621,20.2077,20.237,7930422.7673466,0
GLW.US,D,20161011,000000,20.1589,20.2322,20.0231,20.0906,6975221.581725,0
GLW.US,D,20161012,000000,20.0388,20.0652,19.7575,19.8923,11212683.622026,0
GLW.US,D,20161013,000000,19.7194,19.7819,19.5954,19.7194,10200539.770698,0
GLW.US,D,20161014,000000,19.8884,20.0652,19.864,19.8796,7940286.6173509,0
GLW.US,D,20161017,000000,19.8923,20.0378,19.8884,19.9108,6849640.5278243,0
GLW.US,D,20161018,000000,20.0983,20.2546,20.0475,20.0652,9439495.5653387,0
GLW.US,D,20161019,000000,20.0836,20.3377,20.0231,20.1911,7578881.4198567,0
GLW.US,D,20161020,000000,20.1589,20.2839,20.1335,20.2273,4915368.5201802,0
GLW.US,D,20161021,000000,20.0836,20.2703,19.9813,20.2458,6647305.1431212,0
GLW.US,D,20161024,000000,20.3542,20.5134,20.1677,20.3014,11549028.312408,0
GLW.US,D,20161025,000000,19.9108,19.9108,19.3152,19.5212,20708209.500702,0
GLW.US,D,20161026,000000,19.4685,19.7487,19.4431,19.5661,14504173.468719,0
GLW.US,D,20161027,000000,19.6306,19.6755,19.4431,19.4772,9819773.452486,0
GLW.US,D,20161028,000000,19.4362,19.652,19.2604,19.2751,16714356.80607,0
GLW.US,D,20161031,000000,19.3152,19.3336,19.1461,19.2985,12052352.941324,0
GLW.US,D,20161101,000000,19.3952,19.4509,19.0251,19.1882,10583668.375006,0
GLW.US,D,20161102,000000,19.1306,19.2801,18.9577,19.0905,13637384.449705,0
GLW.US,D,20161103,000000,19.1081,19.1638,18.8923,18.9782,12914929.370397,0
GLW.US,D,20161104,000000,18.9948,19.2203,18.9782,19.0348,24772528.360158,0
GLW.US,D,20161107,000000,19.3777,19.6218,19.3425,19.531,13148281.663694,0
GLW.US,D,20161108,000000,19.531,19.7819,19.5036,19.6833,7775768.2894687,0
GLW.US,D,20161109,000000,19.3513,19.8191,19.155,19.7272,12414721.689411,0
GLW.US,D,20161110,000000,19.8092,20.0388,19.6931,19.7116,13165616.358672,0
GLW.US,D,20161111,000000,19.6472,19.9449,19.6383,19.8884,10770878.780117,0
GLW.US,D,20161114,000000,19.9549,20.0983,19.8884,19.9646,8986435.3056746,0
GLW.US,D,20161115,000000,19.9148,20.2556,19.9148,20.2146,7759677.7113553,0
GLW.US,D,20161116,000000,20.1316,20.4284,20.1033,20.2341,7383815.1591212,0
GLW.US,D,20161117,000000,20.2897,20.4119,20.2897,20.3611,5161591.0232457,0
GLW.US,D,20161118,000000,20.3611,20.4197,20.2517,20.3699,5463436.301779,0
GLW.US,D,20161121,000000,20.4284,20.5124,20.3171,20.403,6081620.0523431,0
GLW.US,D,20161122,000000,20.4978,20.571,20.4119,20.5124,6632148.4206293,0
GLW.US,D,20161123,000000,20.4802,20.7019,20.4548,20.6745,5355059.8993651,0
GLW.US,D,20161125,000000,20.6678,20.822,20.6501,20.7624,3047661.3726242,0
GLW.US,D,20161128,000000,20.7293,20.8737,20.6678,20.6833,5309849.8188722,0
GLW.US,D,20161129,000000,20.6833,20.8562,20.6521,20.6598,6511836.6880328,0
GLW.US,D,20161130,000000,20.7019,20.909,20.4978,20.5398,9188502.4116794,0
GLW.US,D,20161201,000000,20.5398,20.6267,20.0709,20.112,10384748.935867,0
GLW.US,D,20161202,000000,20.1217,20.2829,20.1033,20.1316,6656979.5596934,0
GLW.US,D,20161205,000000,20.2341,20.4802,20.1804,20.1979,10056293.891938,0
GLW.US,D,20161206,000000,20.1735,20.531,20.1638,20.5066,6215583.2796202,0
GLW.US,D,20161207,000000,20.5124,21.0359,20.49,21.0105,8253475.3745873,0
GLW.US,D,20161208,000000,21.2664,21.6629,21.2342,21.2664,13925873.135333,0
GLW.US,D,20161209,000000,21.2146,21.3015,20.8737,20.9929,13666270.488179,0
GLW.US,D,20161212,000000,20.9421,21.0026,20.6833,20.7888,9314486.9075921,0
GLW.US,D,20161213,000000,20.8376,20.9753,20.7839,20.909,11258740.521157,0
GLW.US,D,20161214,000000,20.9001,21.0457,20.7801,20.8055,8487245.4453988,0
GLW.US,D,20161215,000000,20.7801,20.9421,20.6598,20.7195,11467949.779533,0
GLW.US,D,20161216,000000,20.7458,20.9665,20.7195,20.7721,19643894.658229,0
GLW.US,D,20161219,000000,20.7801,21.0691,20.7801,20.822,6301181.5917876,0
GLW.US,D,20161220,000000,20.865,21.114,20.865,21.0193,6394895.846562,0
GLW.US,D,20161221,000000,20.9841,21.3191,20.9665,21.2243,5595742.7544991,0
GLW.US,D,20161222,000000,21.1286,21.2731,21.072,21.156,9568710.6692409,0
GLW.US,D,20161223,000000,21.156,21.1971,21.0769,21.1726,4445349.3605089,0
GLW.US,D,20161227,000000,21.1286,21.369,21.1286,21.3191,3976791.3981754,0
GLW.US,D,20161228,000000,21.3513,21.4207,20.8562,20.9001,5934539.8398532,0
GLW.US,D,20161229,000000,20.9001,21.0359,20.8338,20.8914,5352503.0600149,0
GLW.US,D,20161230,000000,20.9519,21.0105,20.6833,20.7458,5173874.5013574,0
GLW.US,D,20170103,000000,20.8562,20.9665,20.617,20.7721,8021761.4244868,0
GLW.US,D,20170104,000000,20.8376,21.0613,20.8376,20.909,7588247.6231152,0
GLW.US,D,20170105,000000,20.8289,21.1062,20.7721,20.7801,8456624.811066,0
GLW.US,D,20170106,000000,20.8376,21.0613,20.7624,20.9597,6493361.2966046,0
GLW.US,D,20170109,000000,21.0193,21.1463,20.909,20.9158,7817872.6856409,0
GLW.US,D,20170110,000000,20.9597,21.1726,20.861,20.9334,8236910.7009115,0
GLW.US,D,20170111,000000,20.8914,21.1463,20.8737,21.0867,5836246.4158461,0
GLW.US,D,20170112,000000,21.0457,21.0613,20.6678,20.9665,5271974.3960746,0
GLW.US,D,20170113,000000,21.027,21.2497,21.0193,21.2342,4503268.8883446,0
GLW.US,D,20170117,000000,21.114,21.114,20.6267,20.6745,7181511.5173175,0
GLW.US,D,20170118,000000,20.7721,21.0105,20.7293,20.9929,6856443.7479456,0
GLW.US,D,20170119,000000,20.9929,21.1013,20.822,20.8737,5316492.2765674,0
GLW.US,D,20170120,000000,20.9753,21.3102,20.9753,21.1892,8141065.5760178,0
GLW.US,D,20170123,000000,21.1892,21.3015,21.0486,21.1726,12214796.717134,0
GLW.US,D,20170124,000000,21.5672,22.4187,21.0691,22.3767,24956814.322663,0
GLW.US,D,20170125,000000,22.3445,23.0691,22.3445,22.8045,17479979.156698,0
GLW.US,D,20170126,000000,22.745,22.8503,22.3767,22.6951,14690958.928564,0
GLW.US,D,20170127,000000,22.659,23.035,22.6287,22.8045,10065840.312948,0
GLW.US,D,20170130,000000,22.7186,22.7869,22.5135,22.7801,11010363.59679,0
GLW.US,D,20170131,000000,22.7958,22.8045,22.3836,22.6414,10488467.323782,0
GLW.US,D,20170201,000000,22.4754,22.6414,22.199,22.4002,11239718.332688,0
GLW.US,D,20170202,000000,22.3523,22.5643,22.2557,22.5457,7004401.4980098,0
GLW.US,D,20170203,000000,22.6287,22.9081,22.6112,22.8503,8357957.6400173,0
GLW.US,D,20170206,000000,22.7371,22.864,22.6561,22.8329,6050422.9259982,0
GLW.US,D,20170207,000000,22.8503,22.9412,22.7019,22.7273,6499009.4847728,0
GLW.US,D,20170208,000000,22.7371,22.7547,22.6189,22.6356,5671688.1533487,0
GLW.US,D,20170209,000000,22.659,22.9676,22.6502,22.9081,7075944.8734847,0
GLW.US,D,20170210,000000,22.9081,22.9491,22.7547,22.823,6796696.4434819,0
GLW.US,D,20170213,000000,22.6678,23.0134,22.4909,22.8503,8248838.8633427,0
GLW.US,D,20170214,000000,22.8329,23.285,22.8045,23.285,10509959.31462,0
GLW.US,D,20170215,000000,23.2068,23.5057,23.1981,23.3866,8525924.6803269,0
GLW.US,D,20170216,000000,23.4208,23.8299,23.4041,23.6844,11622738.396759,0
GLW.US,D,20170217,000000,23.618,23.6512,23.367,23.6337,5213428.2019664,0
GLW.US,D,20170221,000000,23.6424,23.8388,23.6424,23.7029,7261841.5321452,0
GLW.US,D,20170222,000000,23.6014,23.7957,23.5839,23.7118,9326940.3638106,0
GLW.US,D,20170223,000000,23.7118,23.788,23.4813,23.5565,6619992.9380796,0
GLW.US,D,20170224,000000,23.4422,23.8407,23.3152,23.8368,6163269.9574082,0
GLW.US,D,20170227,000000,23.6991,23.8455,23.5613,23.7694,6110258.2914088,0
GLW.US,D,20170228,000000,23.6815,23.786,23.5458,23.7332,10505573.674677,0
GLW.US,D,20170301,000000,23.9471,24.3787,23.9413,24.241,9508560.9467296,0
GLW.US,D,20170302,000000,24.1718,24.2108,23.9549,23.9648,5627405.7846903,0
GLW.US,D,20170303,000000,23.8973,24.0868,23.8699,23.9648,5474617.9940916,0
GLW.US,D,20170306,000000,23.8455,23.8973,23.7332,23.828,6574843.271492,0
GLW.US,D,20170307,000000,23.8553,23.9344,23.7694,23.828,6114788.3103457,0
GLW.US,D,20170308,000000,23.907,23.9648,23.6902,23.742,5800815.1963041,0
GLW.US,D,20170309,000000,23.7772,23.8368,23.6483,23.6991,5314492.4739038,0
GLW.US,D,20170310,000000,23.7176,23.8973,23.6483,23.6902,6780067.2600426,0
GLW.US,D,20170313,000000,23.7176,23.8553,23.6815,23.8191,4738905.646435,0
GLW.US,D,20170314,000000,23.3993,23.4071,23.037,23.0789,9828399.3294128,0
GLW.US,D,20170315,000000,23.2098,23.5613,23.1844,23.4071,7141698.7536907,0
GLW.US,D,20170316,000000,23.5692,23.6317,23.4148,23.45,5679296.2095649,0
GLW.US,D,20170317,000000,23.4686,23.4764,23.3553,23.4148,11317449.525622,0
GLW.US,D,20170320,000000,23.4764,23.6688,23.4237,23.4686,5450441.1683415,0
GLW.US,D,20170321,000000,23.5613,23.7938,23.0281,23.0975,7180899.1865479,0
GLW.US,D,20170322,000000,23.0975,23.5966,23.0975,23.5097,6536796.8466235,0
GLW.US,D,20170323,000000,23.493,23.6902,23.45,23.5017,6230066.2334726,0
GLW.US,D,20170324,000000,23.5877,23.7079,23.4325,23.5613,5190636.8001814,0
GLW.US,D,20170327,000000,23.3055,23.622,23.0887,23.5613,5153058.3270881,0
GLW.US,D,20170328,000000,23.5535,23.7938,23.4764,23.6815,5662691.6012738,0
GLW.US,D,20170329,000000,23.6385,23.7245,23.5535,23.622,4032835.0230517,0
GLW.US,D,20170330,000000,23.5789,23.9471,23.5789,23.6902,6619570.0407422,0
GLW.US,D,20170331,000000,23.4833,23.5271,23.0741,23.2098,10755646.284253,0
GLW.US,D,20170403,000000,23.2693,23.3709,22.868,23.0691,8512420.636534,0
GLW.US,D,20170404,000000,23.0614,23.2596,23.0057,23.0281,4478265.723245,0
GLW.US,D,20170405,000000,23.2098,23.3505,22.9188,22.95,6225708.2405714,0
GLW.US,D,20170406,000000,22.95,23.1921,22.8583,23.0223,5126639.0190885,0
GLW.US,D,20170407,000000,22.9686,23.16,22.9422,23.0438,5047392.358699,0
GLW.US,D,20170410,000000,23.0438,23.242,22.9188,23.0281,5639351.3545181,0
GLW.US,D,20170411,000000,23.0144,23.1219,22.8583,23.0789,5115834.145711,0
GLW.US,D,20170412,000000,23.2255,23.2693,22.6854,22.7634,6172579.8426193,0
GLW.US,D,20170413,000000,22.7371,22.9188,22.6277,22.6277,4658943.234862,0
GLW.US,D,20170417,000000,22.7273,22.8611,22.6854,22.8142,4612873.024191,0
GLW.US,D,20170418,000000,22.7634,23.4589,22.7176,23.1141,14877912.318586,0
GLW.US,D,20170419,000000,23.2098,23.3993,22.9783,23.0887,7013495.3267121,0
GLW.US,D,20170420,000000,23.1844,23.3993,23.1239,23.3055,8499488.9888953,0
GLW.US,D,20170421,000000,23.2596,23.3378,23.0614,23.2255,7483852.3946676,0
GLW.US,D,20170424,000000,23.536,23.7606,23.45,23.6561,11297147.381529,0
GLW.US,D,20170425,000000,24.1639,24.6971,23.9413,24.5311,16072617.776205,0
GLW.US,D,20170426,000000,24.6082,24.6082,24.241,24.4041,8809686.7458346,0
GLW.US,D,20170427,000000,24.4657,24.997,24.4569,24.9472,11802233.229382,0
GLW.US,D,20170428,000000,24.9218,24.9286,24.7293,24.8007,8965740.9831804,0
GLW.US,D,20170501,000000,24.868,25.0849,24.7791,25.0224,6763699.1875503,0
GLW.US,D,20170502,000000,25.0311,25.0663,24.8339,24.9472,7595973.4352488,0
GLW.US,D,20170503,000000,24.8007,24.868,24.6503,24.7225,6353294.2169581,0
GLW.US,D,20170504,000000,24.7372,24.8934,24.6971,24.7918,4575823.940743,0
GLW.US,D,20170505,000000,24.8505,24.9472,24.7225,24.8505,9220916.0078474,0
GLW.US,D,20170508,000000,24.8934,25.1386,24.8085,25.0311,6612677.7357096,0
GLW.US,D,20170509,000000,25.0224,25.1777,24.9286,24.997,7354978.270943,0
GLW.US,D,20170510,000000,24.9472,25.0399,24.8436,25.0224,4541128.9516747,0
GLW.US,D,20170511,000000,24.8934,25.0047,24.6181,24.7567,6235234.1822914,0
GLW.US,D,20170512,000000,25.1171,25.1424,24.7791,24.9803,7364431.5111838,0
GLW.US,D,20170515,000000,25.0399,25.3846,25.0311,25.2128,6771191.5357784,0
GLW.US,D,20170516,000000,25.2987,25.5468,25.1825,25.4452,11087797.840018,0
GLW.US,D,20170517,000000,25.1777,25.286,24.6082,24.6181,7349336.2265618,0
GLW.US,D,20170518,000000,24.5771,24.868,24.3505,24.7293,6476965.5770709,0
GLW.US,D,20170519,000000,24.9286,25.1005,24.8085,24.9716,5474358.9310737,0
GLW.US,D,20170522,000000,25.0946,25.2313,24.9472,25.1942,5539014.0973739,0
GLW.US,D,20170523,000000,25.2215,25.3241,24.9676,25.0849,6700689.5321975,0
GLW.US,D,20170524,000000,25.1942,25.2313,24.9716,25.0761,4984324.3373699,0
GLW.US,D,20170525,000000,25.1424,25.496,25.0663,25.4188,9192553.2152316,0
GLW.US,D,20170526,000000,25.3886,25.5009,25.3017,25.3201,3919963.4164939,0
GLW.US,D,20170530,000000,25.2656,25.4452,25.2499,25.3368,6840532.3636192,0
GLW.US,D,20170531,000000,25.3535,25.4491,25.1103,25.1454,6998949.9110253,0
GLW.US,D,20170601,000000,25.2656,25.6395,25.2577,25.6395,7389236.0271709,0
GLW.US,D,20170602,000000,25.6728,25.8368,25.5605,25.6561,6270859.955088,0
GLW.US,D,20170605,000000,25.7528,25.8134,25.5087,25.5263,6090678.0422879,0
GLW.US,D,20170606,000000,25.4237,25.7147,25.3963,25.5527,6325161.8163541,0
GLW.US,D,20170607,000000,25.6132,25.6494,25.2753,25.4833,6976511.7769919,0
GLW.US,D,20170608,000000,25.3963,25.5351,25.2342,25.3201,9658742.7476823,0
GLW.US,D,20170609,000000,25.3201,25.5527,24.7529,25.0165,10136042.294931,0
GLW.US,D,20170612,000000,24.9911,25.1279,24.5146,25.1103,7989286.3904489,0
GLW.US,D,20170613,000000,25.414,25.5009,25.1718,25.4052,5554060.2316999,0
GLW.US,D,20170614,000000,25.414,25.4912,25.1454,25.2753,4767813.1881635,0
GLW.US,D,20170615,000000,24.998,25.4404,24.998,25.3963,7659622.044448,0
GLW.US,D,20170616,000000,25.4237,25.4785,25.1025,25.414,7674590.3574722,0
GLW.US,D,20170619,000000,25.5692,25.8368,25.5263,25.8212,7660780.1482946,0
GLW.US,D,20170620,000000,25.7528,25.8974,25.6317,25.6395,4486815.826799,0
GLW.US,D,20170621,000000,25.7694,25.7938,25.5878,25.7147,5782599.8918583,0
GLW.US,D,20170622,000000,25.7147,25.7528,25.539,25.6728,4053069.5854866,0
GLW.US,D,20170623,000000,25.6982,25.9257,25.664,25.916,8397773.4755375,0
GLW.US,D,20170626,000000,25.916,26.2744,25.9071,26.1239,6707485.5845674,0
GLW.US,D,20170627,000000,26.082,26.2177,25.916,25.916,7203611.7430667,0
GLW.US,D,20170628,000000,26.1562,26.4394,25.9531,26.3554,6870357.3775375,0
GLW.US,D,20170629,000000,26.4004,26.4258,25.8798,26.247,10241519.853852,0
GLW.US,D,20170630,000000,26.2861,26.2861,25.8886,25.9696,10277847.042329,0
GLW.US,D,20170703,000000,26.1396,26.1894,25.9833,26.035,3874632.5081902,0
GLW.US,D,20170705,000000,26.1396,26.4579,26.0176,26.3456,6924982.8115849,0
GLW.US,D,20170706,000000,26.1894,26.2939,25.7147,25.7626,7215612.6069771,0
GLW.US,D,20170707,000000,25.8212,26.2509,25.7938,26.165,4947019.2627976,0
GLW.US,D,20170710,000000,26.0731,26.4413,26.0253,26.3935,4006885.7147564,0
GLW.US,D,20170711,000000,26.4081,26.5127,26.1317,26.2089,5628145.0870576,0
GLW.US,D,20170712,000000,26.374,26.746,26.374,26.6601,6194774.2731023,0
GLW.US,D,20170713,000000,26.6327,26.7578,26.5214,26.6327,4845415.36157,0
GLW.US,D,20170714,000000,26.6327,26.9424,26.6327,26.8485,4536728.9762289,0
GLW.US,D,20170717,000000,26.9521,27.1504,26.8936,27.0654,5047573.6004152,0
GLW.US,D,20170718,000000,27.0498,27.1425,26.9023,27.1425,4475204.0693975,0
GLW.US,D,20170719,000000,27.1504,27.4364,27.1504,27.419,6330800.7888417,0
GLW.US,D,20170720,000000,27.1504,27.4501,26.7696,27.4023,13537535.623626,0
GLW.US,D,20170721,000000,27.3584,27.7041,27.332,27.5233,14036015.876504,0
GLW.US,D,20170724,000000,27.5233,27.7129,27.3505,27.5233,9396431.7144324,0
GLW.US,D,20170725,000000,27.5654,27.7998,27.3926,27.7637,11052740.367518,0
GLW.US,D,20170726,000000,27.2549,27.4277,25.9345,26.2861,18599109.890616,0
GLW.US,D,20170727,000000,26.2861,26.4169,25.2069,25.4833,17875230.476691,0
GLW.US,D,20170728,000000,25.4755,25.5039,25.1904,25.2753,10213928.106502,0
GLW.US,D,20170731,000000,25.4315,25.5605,25.079,25.1815,10918101.323672,0
GLW.US,D,20170801,000000,25.285,25.6044,25.1864,25.5087,9275373.5117171,0
GLW.US,D,20170802,000000,25.6395,26.0253,25.538,25.7236,11454238.894911,0
GLW.US,D,20170803,000000,25.6982,25.7528,25.1493,25.3017,12066148.814999,0
GLW.US,D,20170804,000000,25.3886,25.4912,25.2342,25.2753,5645752.1565918,0
GLW.US,D,20170807,000000,25.3201,25.3535,25.1718,25.2656,5748307.3208375,0
GLW.US,D,20170808,000000,25.1971,25.5995,25.163,25.3201,6709019.4833846,0
GLW.US,D,20170809,000000,25.2069,25.4491,25.1815,25.3719,5538901.4612792,0
GLW.US,D,20170810,000000,25.2255,25.3719,24.6796,24.6894,7922736.8898284,0
GLW.US,D,20170811,000000,24.7753,25.163,24.7753,25.0419,4332452.1548385,0
GLW.US,D,20170814,000000,25.3201,25.5009,25.2499,25.414,4322299.546846,0
GLW.US,D,20170815,000000,24.6453,24.9647,24.4295,24.6181,14174411.846091,0
GLW.US,D,20170816,000000,24.7148,24.8524,24.4725,24.5868,8315051.4796436,0
GLW.US,D,20170817,000000,24.4471,24.6316,24.0692,24.0848,8147718.273358,0
GLW.US,D,20170818,000000,24.04,24.3133,23.9441,24.0926,5992143.9866238,0
GLW.US,D,20170821,000000,24.1073,24.411,24.0136,24.3593,5943260.9454784,0
GLW.US,D,20170822,000000,24.4295,24.7108,24.4295,24.6269,5948836.4321671,0
GLW.US,D,20170823,000000,24.4032,24.7069,24.369,24.6082,4629867.7629557,0
GLW.US,D,20170824,000000,24.6542,24.7577,24.5682,24.6796,7388308.3153362,0
GLW.US,D,20170825,000000,24.7225,24.9295,24.7069,24.7674,3818681.0401186,0
GLW.US,D,20170828,000000,24.8349,24.9774,24.7753,24.8524,4639218.6067468,0
GLW.US,D,20170829,000000,24.6443,24.8857,24.5487,24.8163,5438298.9973302,0
GLW.US,D,20170830,000000,24.8007,24.9305,24.6834,24.8778,5613942.6994775,0
GLW.US,D,20170831,000000,24.999,25.1044,24.9569,24.9823,5124441.5912769,0
GLW.US,D,20170901,000000,25.0341,25.2783,25.0262,25.1122,7619328.0175075,0
GLW.US,D,20170905,000000,25.0605,25.1044,24.5673,24.8622,6694121.8239107,0
GLW.US,D,20170906,000000,24.9492,25.0262,24.8007,24.8251,5594988.0926646,0
GLW.US,D,20170907,000000,24.8778,25.0341,24.8446,24.9569,6610040.0031642,0
GLW.US,D,20170908,000000,24.8163,24.9492,24.6259,24.7928,5263260.458201,0
GLW.US,D,20170911,000000,25.0341,25.2089,24.9657,25.122,4743996.7979165,0
GLW.US,D,20170912,000000,25.165,25.3465,25.1561,25.3231,4197741.4334783,0
GLW.US,D,20170913,000000,25.33,25.4618,25.1835,25.3652,4468744.9013474,0
GLW.US,D,20170914,000000,25.2783,25.4872,25.2783,25.4071,4435260.2383152,0
GLW.US,D,20170915,000000,25.3465,25.5605,25.3134,25.495,8920242.1446992,0
GLW.US,D,20170918,000000,25.5907,25.7909,25.5468,25.6601,3819146.943965,0
GLW.US,D,20170919,000000,25.6601,26.163,25.6522,25.9805,5310195.9188723,0
GLW.US,D,20170920,000000,26.0507,26.1874,25.8896,26.0868,4890842.5225364,0
GLW.US,D,20170921,000000,26.0868,26.1787,26.0322,26.1464,5171686.2892263,0
GLW.US,D,20170922,000000,26.0956,26.2783,25.9805,26.1055,4925783.2630842,0
GLW.US,D,20170925,000000,26.1229,26.3827,25.8983,26.0702,8469939.4214268,0
GLW.US,D,20170926,000000,26.1972,26.1972,25.8408,25.8935,6018934.993736,0
GLW.US,D,20170927,000000,25.9805,26.2206,25.8847,26.0956,4126954.7677671,0
GLW.US,D,20170928,000000,26.0322,26.1055,25.8847,26.0146,5123778.0622826,0
GLW.US,D,20170929,000000,25.9805,26.0702,25.8241,25.9882,4678569.5623852,0
GLW.US,D,20171002,000000,26.0049,26.2158,25.9668,26.1972,4703204.1002658,0
GLW.US,D,20171003,000000,26.245,26.3544,26.1142,26.3281,3356188.0195037,0
GLW.US,D,20171004,000000,26.2929,26.5214,26.2617,26.4677,4235224.6778733,0
GLW.US,D,20171005,000000,26.5293,26.581,26.4071,26.4502,5620885.1787704,0
GLW.US,D,20171006,000000,26.3827,26.3994,26.0702,26.1376,5333090.7410716,0
GLW.US,D,20171009,000000,26.1543,26.2353,26.0791,26.163,3607536.4888435,0
GLW.US,D,20171010,000000,26.1543,26.1787,25.7577,26.0868,5893021.1513738,0
GLW.US,D,20171011,000000,26.0868,26.1376,25.8798,25.9668,4408982.2374161,0
GLW.US,D,20171012,000000,25.748,26.0702,25.6444,26.0049,7268998.0200181,0
GLW.US,D,20171013,000000,26.0223,26.0507,25.6855,25.8339,6892906.0997366,0
GLW.US,D,20171016,000000,25.9501,26.1229,25.8759,25.9668,3920172.3052513,0
GLW.US,D,20171017,000000,25.8671,25.8847,25.7577,25.7753,4292718.236478,0
GLW.US,D,20171018,000000,25.8339,26.0322,25.7655,25.9882,4664916.0197757,0
GLW.US,D,20171019,000000,25.8847,26.1229,25.8046,26.1142,4010998.9801429,0
GLW.US,D,20171020,000000,26.2069,26.3925,26.0604,26.1142,7777745.5649134,0
GLW.US,D,20171023,000000,26.1874,26.4248,26.0223,26.0702,14521966.899793,0
GLW.US,D,20171024,000000,26.581,28.0684,26.3193,27.7441,27781208.428328,0
GLW.US,D,20171025,000000,27.4922,27.6494,26.998,27.3974,12515814.632354,0
GLW.US,D,20171026,000000,27.3974,27.7441,27.3886,27.538,6779126.2366694,0
GLW.US,D,20171027,000000,27.5801,27.7617,27.3632,27.372,6592511.7788962,0
GLW.US,D,20171030,000000,27.2841,27.4091,27.0889,27.1542,5374963.7212672,0
GLW.US,D,20171031,000000,27.3632,27.4063,27.1455,27.1992,6026551.2416684,0
GLW.US,D,20171101,000000,27.4063,27.5801,27.249,27.4755,5943602.9496205,0
GLW.US,D,20171102,000000,27.4755,27.5196,27.2646,27.4337,4258444.0968183,0
GLW.US,D,20171103,000000,27.4658,27.7012,27.4581,27.5116,3743595.7714469,0
GLW.US,D,20171106,000000,27.4424,27.6943,27.4337,27.6582,4742594.9905195,0
GLW.US,D,20171107,000000,27.6328,28.0136,27.6055,28.0136,7145116.7471833,0
GLW.US,D,20171108,000000,27.9639,28.0801,27.7978,27.9883,5222854.8191303,0
GLW.US,D,20171109,000000,27.7978,27.7978,27.3974,27.6152,6794612.6757294,0
GLW.US,D,20171110,000000,27.4424,27.6855,27.4237,27.5624,3852206.6617307,0
GLW.US,D,20171113,000000,27.4424,27.5957,27.4063,27.5019,3705612.8323772,0
GLW.US,D,20171114,000000,27.4337,27.6152,27.2744,27.538,3532288.4098168,0
GLW.US,D,20171115,000000,27.3545,27.4755,27.1796,27.3359,4126010.6725004,0
GLW.US,D,20171116,000000,27.4228,27.7529,27.4053,27.624,5446174.3082804,0
GLW.US,D,20171117,000000,27.5293,27.7529,27.4835,27.6055,3916589.4534747,0
GLW.US,D,20171120,000000,27.624,27.7851,27.583,27.6953,3117385.1631871,0
GLW.US,D,20171121,000000,27.8086,27.8935,27.7109,27.8671,6575598.9572913,0
GLW.US,D,20171122,000000,27.8838,28.0069,27.7285,27.7529,3543036.965147,0
GLW.US,D,20171124,000000,27.8671,27.9033,27.6376,27.7988,2255903.3521622,0
GLW.US,D,20171127,000000,27.7363,27.999,27.668,27.9746,7335805.559692,0
GLW.US,D,20171128,000000,28.0156,28.4873,27.9746,28.3125,7787875.6456871,0
GLW.US,D,20171129,000000,28.3936,28.5586,28.123,28.3477,7118151.6661065,0
GLW.US,D,20171130,000000,28.4346,28.6064,28.2442,28.2706,12164061.324214,0
GLW.US,D,20171201,000000,28.2706,28.3936,27.2304,27.7988,7153560.3584295,0
GLW.US,D,20171204,000000,27.999,28.2783,27.9658,28.1132,7626842.8929544,0
GLW.US,D,20171205,000000,28.1132,28.2706,27.999,28.1396,5022250.9583923,0
GLW.US,D,20171206,000000,28.0517,28.1466,27.6152,27.6426,6069731.8245272,0
GLW.US,D,20171207,000000,27.6338,27.8594,27.5957,27.6953,5109930.990383,0
GLW.US,D,20171208,000000,27.8086,28.2529,27.7451,28.2363,4893953.3266798,0
GLW.US,D,20171211,000000,28.2783,28.585,28.2783,28.4277,5445380.7357949,0
GLW.US,D,20171212,000000,28.3477,28.6387,28.2442,28.4873,5624470.0784761,0
GLW.US,D,20171213,000000,28.4619,28.4873,28.172,28.1817,6020876.4304233,0
GLW.US,D,20171214,000000,28.1466,28.2529,27.7627,27.7627,7525998.7733841,0
GLW.US,D,20171215,000000,27.9209,28.0156,27.7666,27.9746,15325795.413751,0
GLW.US,D,20171218,000000,28.164,28.3204,28.1045,28.2091,5848372.2034253,0
GLW.US,D,20171219,000000,28.2617,28.3662,28.1396,28.1553,4139184.9997251,0
GLW.US,D,20171220,000000,28.2706,28.3379,28.1269,28.296,3186549.8691343,0
GLW.US,D,20171221,000000,28.4707,28.5137,28.1817,28.1904,3347163.8203873,0
GLW.US,D,20171222,000000,28.2442,28.3291,28.1817,28.2617,2741418.1665743,0
GLW.US,D,20171226,000000,28.2178,28.2783,28.1466,28.2617,3278312.4475765,0
GLW.US,D,20171227,000000,28.2783,28.3291,28.1132,28.2363,1935478.2378222,0
GLW.US,D,20171228,000000,28.3291,28.3936,28.1329,28.1904,3075343.2288493,0
GLW.US,D,20171229,000000,28.2363,28.2706,27.9111,27.9209,3595451.6598442,0
GLW.US,D,20180102,000000,28.2091,28.5401,28.123,28.4707,7019415.8894364,0
GLW.US,D,20180103,000000,28.419,29.1866,28.419,29.1699,6549348.6034336,0
GLW.US,D,20180104,000000,29.2745,29.4815,29.1699,29.4668,6768967.4848899,0
GLW.US,D,20180105,000000,29.5089,29.5791,29.2461,29.3594,7074142.6959691,0
GLW.US,D,20180108,000000,29.3594,29.4991,29.1749,29.4737,5531499.2219268,0
GLW.US,D,20180109,000000,29.4668,29.6095,29.3692,29.3692,5898589.4703109,0
GLW.US,D,20180110,000000,29.2647,29.3975,29.0625,29.0898,4831779.226357,0
GLW.US,D,20180111,000000,29.1866,29.4737,29.1866,29.4668,4137861.0136298,0
GLW.US,D,20180112,000000,29.4991,30.2783,29.4991,30.2519,7549625.730199,0
GLW.US,D,20180116,000000,30.2882,30.3634,29.8516,30.0313,11272973.627673,0
GLW.US,D,20180117,000000,30.2041,30.547,30.1573,30.4005,4775724.3378712,0
GLW.US,D,20180118,000000,30.3468,30.6094,30.298,30.416,6652765.9457862,0
GLW.US,D,20180119,000000,30.5919,30.6368,30.1524,30.2519,6682716.9073376,0
GLW.US,D,20180122,000000,30.2519,30.3204,30.0674,30.298,5844045.9534235,0
GLW.US,D,20180123,000000,30.298,30.4005,30.1475,30.1651,7185282.7785617,0
GLW.US,D,20180124,000000,30.2609,30.3585,29.6142,29.7803,6542893.5312415,0
GLW.US,D,20180125,000000,29.9737,29.9815,29.4219,29.5089,5180160.6194076,0
GLW.US,D,20180126,000000,29.6495,30.0069,29.546,30.0069,7382846.4887065,0
GLW.US,D,20180129,000000,30.0069,30.1895,29.7901,29.8917,7463091.5144811,0
GLW.US,D,20180130,000000,28.1991,28.5937,27.2304,28.2178,18988866.617116,0
GLW.US,D,20180131,000000,28.3565,28.3936,27.126,27.248,17440654.824136,0
GLW.US,D,20180201,000000,27.0917,27.8798,26.8466,27.6592,10195242.802353,0
GLW.US,D,20180202,000000,27.4053,27.5957,27.2636,27.3017,7842713.0403854,0
GLW.US,D,20180205,000000,27.041,27.3916,25.9765,25.9902,12849618.866818,0
GLW.US,D,20180206,000000,25.415,26.2802,25.2666,26.0068,19852047.185242,0
GLW.US,D,20180207,000000,25.8856,26.5341,25.8349,26.0243,13175954.304238,0
GLW.US,D,20180208,000000,26.0243,26.0721,24.8299,24.8299,11062583.738232,0
GLW.US,D,20180209,000000,25.0956,25.3535,24.2811,25.1103,13821263.898305,0
GLW.US,D,20180212,000000,25.415,25.8593,25.3211,25.703,11173568.178221,0
GLW.US,D,20180213,000000,25.618,25.7119,25.415,25.5204,6670909.5727172,0
GLW.US,D,20180214,000000,25.3114,25.8769,25.3114,25.7655,8519005.7522174,0
GLW.US,D,20180215,000000,26.0439,26.0721,25.6347,25.7841,8284449.2766717,0
GLW.US,D,20180216,000000,25.703,25.9823,25.6522,25.7196,11308036.219996,0
GLW.US,D,20180220,000000,25.6855,26.0527,25.6766,25.8769,9183107.1427421,0
GLW.US,D,20180221,000000,25.8769,26.0068,25.537,25.537,11822155.482644,0
GLW.US,D,20180222,000000,25.5986,25.7841,25.3719,25.494,8162673.2748438,0
GLW.US,D,20180223,000000,25.6855,25.7069,25.4521,25.5722,10369156.004499,0
GLW.US,D,20180226,000000,25.703,26.1309,25.6679,26.034,11475134.93841,0
GLW.US,D,20180227,000000,26.0624,26.3506,25.7558,25.7558,8796417.1899117,0
GLW.US,D,20180228,000000,25.8408,25.9902,25.5253,25.5351,7928802.8555115,0
GLW.US,D,20180301,000000,25.6415,25.7558,24.8788,24.9383,10567860.411094,0
GLW.US,D,20180302,000000,24.7811,25.3582,24.6737,25.29,7378945.1839712,0
GLW.US,D,20180305,000000,25.0966,25.6542,25.0702,25.3582,8087953.5614978,0
GLW.US,D,20180306,000000,25.5351,25.7363,25.4658,25.6415,5861971.4759165,0
GLW.US,D,20180307,000000,25.3681,25.8339,25.3328,25.7646,5914212.0966492,0
GLW.US,D,20180308,000000,25.8583,25.9414,25.5878,25.7558,6346205.310742,0
GLW.US,D,20180309,000000,25.9033,26.3242,25.8134,26.2821,6754203.9647652,0
GLW.US,D,20180312,000000,26.2978,26.4316,26.1914,26.2011,5291103.0768522,0
GLW.US,D,20180313,000000,26.3154,26.4736,26.1162,26.2011,6821523.4866879,0
GLW.US,D,20180314,000000,26.2978,26.3417,25.8241,25.9414,6065009.3002649,0
GLW.US,D,20180315,000000,25.9902,26.1073,25.8339,25.9315,7088393.2098805,0
GLW.US,D,20180316,000000,25.9969,26.206,25.9033,25.9033,11403577.227433,0
GLW.US,D,20180319,000000,25.7363,25.7988,25.1474,25.3681,8037309.3014166,0
GLW.US,D,20180320,000000,25.4491,25.8173,25.4208,25.6913,8864946.013906,0
GLW.US,D,20180321,000000,25.6845,26.0068,25.579,25.79,8033479.674196,0
GLW.US,D,20180322,000000,25.4208,25.6337,25.079,25.079,7981488.9008007,0
GLW.US,D,20180323,000000,25.0702,25.2098,24.3573,24.3944,6647155.6443046,0
GLW.US,D,20180326,000000,24.8319,24.8934,24.4149,24.8593,5582609.3858543,0
GLW.US,D,20180327,000000,24.8847,24.9559,24.2607,24.3573,7278184.0055251,0
GLW.US,D,20180328,000000,24.4022,24.4471,23.8739,24.0155,8061599.7872259,0
GLW.US,D,20180329,000000,24.2001,24.7332,24.1581,24.4813,6744516.2366544,0
GLW.US,D,20180402,000000,24.3944,24.493,23.4462,23.7342,6816488.6532538,0
GLW.US,D,20180403,000000,23.8221,24.0614,23.6375,24.0243,6213112.4532878,0
GLW.US,D,20180404,000000,23.5144,24.1287,23.4539,24.0517,11036000.595913,0
GLW.US,D,20180405,000000,24.2694,24.3573,24.0517,24.1112,6713320.134274,0
GLW.US,D,20180406,000000,23.8836,24.0321,23.0985,23.3162,11706407.559814,0
GLW.US,D,20180409,000000,23.5144,23.9023,23.4188,23.4539,8671911.2987334,0
GLW.US,D,20180410,000000,23.8661,24.1483,23.788,24.0067,8066481.0259854,0
GLW.US,D,20180411,000000,23.8144,24.2607,23.788,24.0702,5885392.6158674,0
GLW.US,D,20180412,000000,24.2001,24.327,24.1142,24.2089,4989642.8089699,0
GLW.US,D,20180413,000000,24.3309,24.3856,23.9892,24.0789,6551281.848405,0
GLW.US,D,20180416,000000,24.1912,24.2889,23.8318,24.1386,6971104.2204806,0
GLW.US,D,20180417,000000,24.2889,24.4686,24.2001,24.367,6064690.8473061,0
GLW.US,D,20180418,000000,24.3573,24.5888,24.3153,24.4725,5120548.4782574,0
GLW.US,D,20180419,000000,24.3309,24.3856,24.1581,24.2537,6394626.5438991,0
GLW.US,D,20180420,000000,24.1649,24.3485,24.0565,24.1912,8210757.6236813,0
GLW.US,D,20180423,000000,24.2089,24.5243,23.994,24.1483,8704673.0428304,0
GLW.US,D,20180424,000000,23.8572,24.1483,23.2255,23.4735,12238190.210044,0
GLW.US,D,20180425,000000,23.4735,23.8144,23.1385,23.7616,8413932.6592723,0
GLW.US,D,20180426,000000,23.743,23.8144,23.5585,23.622,6858931.9816745,0
GLW.US,D,20180427,000000,23.7342,23.9979,23.6043,23.911,6064233.1351758,0
GLW.US,D,20180430,000000,23.9451,24.1112,23.7255,23.7255,5386696.3064795,0
GLW.US,D,20180501,000000,23.6131,23.6473,23.3563,23.5516,6617213.8984335,0
GLW.US,D,20180502,000000,23.6131,23.7703,23.3924,23.4462,5289910.1582126,0
GLW.US,D,20180503,000000,23.364,23.411,22.9255,23.3299,6892102.2876061,0
GLW.US,D,20180504,000000,23.2693,23.8836,23.2596,23.7801,3980558.5635615,0
GLW.US,D,20180507,000000,23.8221,23.8455,23.6561,23.6737,3957339.1446165,0
GLW.US,D,20180508,000000,23.6473,23.7001,23.4735,23.5331,7845197.1782563,0
GLW.US,D,20180509,000000,23.6639,23.8739,23.5633,23.7801,4243443.0169302,0
GLW.US,D,20180510,000000,23.8661,24.0702,23.8271,24.0243,5957766.4265498,0
GLW.US,D,20180511,000000,24.0614,24.6209,24.0321,24.5888,11912636.057536,0
GLW.US,D,20180514,000000,24.7332,24.8319,24.5701,24.6483,7946222.5395428,0
GLW.US,D,20180515,000000,24.5428,24.6209,24.1912,24.3387,6222620.9876115,0
GLW.US,D,20180516,000000,24.3309,24.7196,24.3241,24.6932,6385152.8243683,0
GLW.US,D,20180517,000000,24.5701,24.6737,24.3485,24.4374,6920838.8272636,0
GLW.US,D,20180518,000000,24.367,24.4559,24.2978,24.3153,5008820.6400434,0
GLW.US,D,20180521,000000,24.5156,24.6162,24.2791,24.3768,4482086.1347851,0
GLW.US,D,20180522,000000,24.4374,24.4892,24.2001,24.2694,6596248.2253475,0
GLW.US,D,20180523,000000,24.0868,24.3856,24.0614,24.3856,5856130.7824228,0
GLW.US,D,20180524,000000,24.2889,24.367,23.9676,23.9979,5220195.5833303,0
GLW.US,D,20180525,000000,23.9296,24.0243,23.6473,23.7616,5076361.3382974,0
GLW.US,D,20180529,000000,23.5858,23.7001,23.288,23.4803,5431897.171292,0
GLW.US,D,20180530,000000,23.6747,23.6747,23.1874,23.2957,6761603.1322239,0
GLW.US,D,20180531,000000,24.036,24.1962,23.8162,24.0184,14357947.242621,0
GLW.US,D,20180601,000000,24.1151,24.7479,24.0751,24.7098,8907365.7911432,0
GLW.US,D,20180604,000000,24.7529,24.9228,24.6923,24.8603,6128423.4215942,0
GLW.US,D,20180605,000000,24.9999,25.2929,24.9746,25.2567,8166049.285792,0
GLW.US,D,20180606,000000,25.3817,25.5575,25.1688,25.5575,6389038.7696362,0
GLW.US,D,20180607,000000,25.5311,25.6337,25.2977,25.4696,5626051.0796602,0
GLW.US,D,20180608,000000,25.3906,25.4696,25.3104,25.416,4570434.8155927,0
GLW.US,D,20180611,000000,25.3906,25.5536,25.3485,25.495,3585330.794751,0
GLW.US,D,20180612,000000,25.5214,25.5214,25.1415,25.285,3572716.5761065,0
GLW.US,D,20180613,000000,25.3104,25.3485,25.1591,25.285,4135276.5272382,0
GLW.US,D,20180614,000000,25.3719,25.5917,25.2753,25.54,4170249.0106853,0
GLW.US,D,20180615,000000,25.4344,25.7236,25.0985,25.7147,17130915.803292,0
GLW.US,D,20180618,000000,25.3906,25.5536,25.1415,25.5214,6017843.4475817,0
GLW.US,D,20180619,000000,25.0907,25.1914,24.8065,25.0907,6594916.0475363,0
GLW.US,D,20180620,000000,25.2392,25.2529,25.0262,25.0985,4092737.9701192,0
GLW.US,D,20180621,000000,25.3719,25.416,24.9657,25.0087,4440557.2066606,0
GLW.US,D,20180622,000000,25.3445,25.3445,25.0174,25.1874,14696840.580638,0
GLW.US,D,20180625,000000,25.0174,25.0722,24.3124,24.5136,7313881.4558364,0
GLW.US,D,20180626,000000,24.5136,24.6102,24.4081,24.4882,4035454.3242362,0
GLW.US,D,20180627,000000,24.5311,24.7265,24.3124,24.3124,4289579.7852933,0
GLW.US,D,20180628,000000,24.1962,24.2547,23.7537,23.8592,10092111.146096,0
GLW.US,D,20180629,000000,23.9413,24.5507,23.9276,24.3202,7308427.8209228,0
GLW.US,D,20180702,000000,24.0906,24.5047,24.0652,24.4959,7816377.6974746,0
GLW.US,D,20180703,000000,24.6199,24.6473,24.1531,24.1785,2970313.1424132,0
GLW.US,D,20180705,000000,24.2851,24.7186,24.2752,24.7186,5082625.9530931,0
GLW.US,D,20180706,000000,24.664,25.0174,24.6102,24.868,4453960.9019327,0
GLW.US,D,20180709,000000,25.1327,25.6631,25.0624,25.6386,6217587.1781418,0
GLW.US,D,20180710,000000,25.1942,25.6298,24.8768,25.5917,5787800.6075411,0
GLW.US,D,20180711,000000,25.2313,25.3445,24.9482,24.9833,4864735.5237085,0
GLW.US,D,20180712,000000,25.1942,25.416,25.1777,25.3445,4097803.5224882,0
GLW.US,D,20180713,000000,25.3368,25.5849,25.3017,25.4618,3019088.6672864,0
GLW.US,D,20180716,000000,25.4872,25.5214,25.2489,25.285,4137506.7219137,0
GLW.US,D,20180717,000000,25.2392,25.912,25.1777,25.8065,5535193.6858338,0
GLW.US,D,20180718,000000,25.7714,26.0975,25.6932,26.034,6364041.7483237,0
GLW.US,D,20180719,000000,25.9579,26.0624,25.8476,25.9404,4522998.6362823,0
GLW.US,D,20180720,000000,25.8163,25.912,25.7236,25.7431,3705176.6235013,0
GLW.US,D,20180723,000000,25.7236,25.9969,25.621,25.9579,4851759.8455964,0
GLW.US,D,20180724,000000,26.1162,26.7559,26.0624,26.372,12334205.313044,0
GLW.US,D,20180725,000000,27.3447,29.4493,27.3184,29.3574,23366558.547417,0
GLW.US,D,20180726,000000,29.0333,29.8555,28.9501,29.7295,10709536.138967,0
GLW.US,D,20180727,000000,29.7472,29.8975,29.421,29.6504,8426166.9870883,0
GLW.US,D,20180730,000000,29.793,30.1895,29.0752,29.1211,9646299.5311088,0
GLW.US,D,20180731,000000,29.0928,29.4854,29.0654,29.3311,5171390.3634866,0
GLW.US,D,20180801,000000,29.207,29.4668,28.7881,29.085,5574331.6568567,0
GLW.US,D,20180802,000000,28.9337,29.207,28.7842,28.9873,5284504.6496304,0
GLW.US,D,20180803,000000,29.1377,29.2169,28.8505,29.0333,7143379.079431,0
GLW.US,D,20180806,000000,28.8916,29.2354,28.8458,29.1211,4577932.2836433,0
GLW.US,D,20180807,000000,29.2608,29.3311,29.1465,29.2256,7089725.3876918,0
GLW.US,D,20180808,000000,29.252,29.6025,29.1211,29.4307,6672041.0534869,0
GLW.US,D,20180809,000000,29.3672,29.6289,29.1915,29.252,3737470.415823,0
GLW.US,D,20180810,000000,29.0752,29.1836,28.9013,28.9404,4342221.800109,0
GLW.US,D,20180813,000000,29.0489,29.1797,28.7315,28.7402,4442735.1791467,0
GLW.US,D,20180814,000000,28.7686,28.9972,28.7588,28.919,4081097.5417117,0
GLW.US,D,20180815,000000,28.7061,28.7773,28.3506,28.6172,5470602.0053324,0
GLW.US,D,20180816,000000,28.6416,29.1211,28.6006,28.9267,4336210.1045443,0
GLW.US,D,20180817,000000,29.0587,29.2441,28.9337,29.1915,3537347.8183988,0
GLW.US,D,20180820,000000,29.2608,29.3604,29.042,29.1661,3461616.4281293,0
GLW.US,D,20180821,000000,29.1836,29.2256,29.045,29.0654,3570594.9216678,0
GLW.US,D,20180822,000000,29.1016,29.1993,28.9972,29.0752,4375025.5267505,0
GLW.US,D,20180823,000000,29.0752,29.2169,28.9404,29.0166,3361068.2342987,0
GLW.US,D,20180824,000000,29.0587,29.2657,28.8652,29.1749,3631946.7784991,0
GLW.US,D,20180827,000000,29.2999,29.9697,29.252,29.7208,5418840.5999845,0
GLW.US,D,20180828,000000,29.8028,29.9151,29.5851,29.7656,4323437.1714027,0
GLW.US,D,20180829,000000,29.7656,30.0557,29.673,29.8878,4388897.1737979,0
GLW.US,D,20180830,000000,29.8096,30.0948,29.6767,29.7462,3624865.0400345,0
GLW.US,D,20180831,000000,29.6583,29.8096,29.6055,29.7833,4459427.8483848,0
GLW.US,D,20180904,000000,29.712,29.751,29.4366,29.7041,4381589.1391794,0
GLW.US,D,20180905,000000,29.5968,29.7198,29.3829,29.6142,4321644.2095676,0
GLW.US,D,20180906,000000,29.6857,29.8467,29.4795,29.8018,5518025.897069,0
GLW.US,D,20180907,000000,29.5597,29.9806,29.5597,29.8467,3821128.3152675,0
GLW.US,D,20180910,000000,29.9981,30.2765,29.9336,30.1904,5006090.7506931,0
GLW.US,D,20180911,000000,29.9336,30.086,29.7647,29.8184,4414485.0226256,0
GLW.US,D,20180912,000000,29.7462,30.3498,29.6857,30.2267,4439147.2075476,0
GLW.US,D,20180913,000000,30.2267,31.1954,30.2267,31.1613,11544418.42424,0
GLW.US,D,20180914,000000,31.6408,31.9952,31.2813,31.3467,7683796.8222692,0
GLW.US,D,20180917,000000,31.3467,31.5861,31.2218,31.2686,4096190.7784047,0
GLW.US,D,20180918,000000,31.4005,31.5255,31.169,31.3467,5826874.0688006,0
GLW.US,D,20180919,000000,31.3741,31.4727,31.1075,31.3292,3457238.9799026,0
GLW.US,D,20180920,000000,31.4972,32.3156,31.4181,32.1104,8329281.5142652,0
GLW.US,D,20180921,000000,32.2619,32.4942,31.8351,31.9249,12488725.651573,0
GLW.US,D,20180924,000000,31.88,31.9434,31.5529,31.7208,3605079.9980141,0
GLW.US,D,20180925,000000,31.7305,31.88,31.4874,31.5607,4334891.2382716,0
GLW.US,D,20180926,000000,31.5684,31.84,31.4356,31.463,5635105.9977115,0
GLW.US,D,20180927,000000,31.5069,31.6847,31.4269,31.4543,3543540.7556796,0
GLW.US,D,20180928,000000,31.3214,31.463,31.2589,31.3741,4010740.9410895,0
GLW.US,D,20181001,000000,31.5069,31.7014,31.2843,31.3556,4097727.7491154,0
GLW.US,D,20181002,000000,31.3467,31.676,31.2775,31.5255,2960677.6364919,0
GLW.US,D,20181003,000000,31.6847,31.9249,31.6046,31.7657,3346667.197606,0
GLW.US,D,20181004,000000,31.2315,31.7833,31.0714,31.7305,6617184.2034631,0
GLW.US,D,20181005,000000,31.8,31.8986,30.7618,30.8672,5637252.2272983,0
GLW.US,D,20181008,000000,30.7521,30.8986,30.4404,30.6378,6011185.6304191,0
GLW.US,D,20181009,000000,30.6378,30.7325,30.4307,30.4404,4406891.3019122,0
GLW.US,D,20181010,000000,30.1485,30.1993,28.6338,28.7256,13861037.751281,0
GLW.US,D,20181011,000000,28.5117,29.0293,27.7832,27.8544,11658898.679024,0
GLW.US,D,20181012,000000,28.458,28.6631,28.0215,28.5566,9208232.159617,0
GLW.US,D,20181015,000000,28.503,28.5693,28.2462,28.2549,6781485.4508717,0
GLW.US,D,20181016,000000,28.6016,29.6583,28.4668,29.0118,6737856.3715628,0
GLW.US,D,20181017,000000,29.0019,29.1807,28.4541,28.7862,5754900.6282369,0
GLW.US,D,20181018,000000,28.5215,28.6631,27.5694,27.7031,8051898.7475768,0
GLW.US,D,20181019,000000,27.7832,28.0176,27.2656,27.3574,8153484.2174434,0
GLW.US,D,20181022,000000,27.4618,27.6503,27.2021,27.4003,8901830.2390699,0
GLW.US,D,20181023,000000,25.9862,28.2636,25.0361,27.916,20307664.284256,0
GLW.US,D,20181024,000000,27.8887,28.3515,26.8955,26.9297,14364964.471322,0
GLW.US,D,20181025,000000,27.5527,28.0313,27.2314,27.9512,8925017.9151154,0
GLW.US,D,20181026,000000,27.2939,27.7919,26.8358,27.2753,8507224.0167092,0
GLW.US,D,20181029,000000,27.8105,27.9883,26.788,27.1894,6917026.6074393,0
GLW.US,D,20181030,000000,27.2148,27.8282,27.0381,27.7549,7545079.3278303,0
GLW.US,D,20181031,000000,28.2188,28.8682,28.1122,28.3984,7758457.1456743,0
GLW.US,D,20181101,000000,28.6338,29.5069,28.5742,29.418,6726420.7360549,0
GLW.US,D,20181102,000000,29.5597,29.6495,29.0537,29.2481,5868149.0537298,0
GLW.US,D,20181105,000000,29.3223,29.5156,29.0118,29.3829,4003379.6603171,0
GLW.US,D,20181106,000000,29.4014,29.8711,29.3731,29.667,3519042.4050773,0
GLW.US,D,20181107,000000,29.9151,30.2364,29.7559,30.2267,3784377.2054883,0
GLW.US,D,20181108,000000,29.9806,30.3164,29.8711,30.3067,4457209.9412832,0
GLW.US,D,20181109,000000,30.0391,30.1485,29.6055,29.8272,5208350.3620234,0
GLW.US,D,20181112,000000,29.4639,29.5069,28.1475,28.1827,9524235.795257,0
GLW.US,D,20181113,000000,28.458,29.0928,28.3331,28.4668,8080440.7339797,0
GLW.US,D,20181114,000000,28.6807,29.0801,28.0146,28.0761,7782172.1634361,0
GLW.US,D,20181115,000000,27.8789,28.8732,27.8633,28.6475,7000046.577002,0
GLW.US,D,20181116,000000,28.3819,28.9337,28.3096,28.6299,6950244.0157379,0
GLW.US,D,20181119,000000,28.5147,28.5772,27.7529,27.8535,6357715.6956583,0
GLW.US,D,20181120,000000,27.1191,27.8633,27.0595,27.5751,5575022.8328925,0
GLW.US,D,20181121,000000,27.9775,28.0215,27.4424,27.4511,6193883.4239895,0
GLW.US,D,20181123,000000,27.0996,28.1396,27.0595,27.8633,2928486.2406199,0
GLW.US,D,20181126,000000,28.2471,28.295,28.0059,28.1924,3648580.0577962,0
GLW.US,D,20181127,000000,27.8359,28.3096,27.6484,28.2295,4408970.9738067,0
GLW.US,D,20181128,000000,28.5674,28.8351,28.1122,28.8261,4714171.7839983,0
GLW.US,D,20181129,000000,28.7744,28.8261,28.4697,28.4776,3730117.3267665,0
GLW.US,D,20181130,000000,28.4414,28.9083,28.4209,28.7998,7616238.7166185,0
GLW.US,D,20181203,000000,29.3282,29.9356,29.3282,29.8477,6289403.9521375,0
GLW.US,D,20181204,000000,29.5245,29.7041,28.6377,28.7373,7082295.501298,0
GLW.US,D,20181206,000000,28.1475,28.8545,27.4053,28.8448,10418254.07819,0
GLW.US,D,20181207,000000,28.8261,29.3028,27.9502,28.0938,7307095.6431116,0
GLW.US,D,20181210,000000,27.9971,28.4746,27.5928,28.3916,6160727.4535609,0
GLW.US,D,20181211,000000,28.8732,29.0176,28.2108,28.2382,5801662.0149436,0
GLW.US,D,20181212,000000,28.7998,29.1231,28.5723,28.586,5585039.2536069,0
GLW.US,D,20181213,000000,28.7559,28.923,28.3096,28.5772,5065083.3933222,0
GLW.US,D,20181214,000000,28.2011,28.6221,28.0146,28.0938,3584637.5707863,0
GLW.US,D,20181217,000000,28.0596,28.4258,27.3701,27.6201,6455228.8587184,0
GLW.US,D,20181218,000000,27.8262,28.0684,27.2109,27.3965,5418112.5612269,0
GLW.US,D,20181219,000000,27.4237,28.1221,26.6924,26.8682,7231999.1108305,0
GLW.US,D,20181220,000000,26.7158,27.0752,26.0096,26.4141,8536357.8545917,0
GLW.US,D,20181221,000000,26.2265,26.5742,25.5995,25.7236,14951254.799683,0
GLW.US,D,20181224,000000,25.3681,25.6631,24.993,25.0008,4736513.665369,0
GLW.US,D,20181226,000000,25.1708,26.0928,24.7323,26.0838,8944920.713053,0
GLW.US,D,20181227,000000,25.7431,26.5488,25.4658,26.5488,8335798.0243272,0
GLW.US,D,20181228,000000,26.665,27.0312,26.3603,26.5928,5188668.7404171,0
GLW.US,D,20181231,000000,26.7705,27.0224,26.6972,27.0039,4233044.6574582,0
GLW.US,D,20190102,000000,26.4492,26.9501,26.289,26.7079,5693089.0113462,0
GLW.US,D,20190103,000000,26.1065,26.246,25.0272,25.0555,10261424.69972,0
GLW.US,D,20190104,000000,25.5555,26.3506,25.3866,26.1112,7535144.8242756,0
GLW.US,D,20190107,000000,25.9833,26.3242,25.8944,26.1015,5876892.6865738,0
GLW.US,D,20190108,000000,26.4667,26.4941,26.0283,26.3506,5199759.2998894,0
GLW.US,D,20190109,000000,26.5127,26.7626,26.3554,26.5302,4917811.6994713,0
GLW.US,D,20190110,000000,26.37,27.165,26.3456,27.1288,3919822.1093932,0
GLW.US,D,20190111,000000,26.8612,26.9619,26.6563,26.8612,4540790.0194261,0
GLW.US,D,20190114,000000,26.6025,26.7705,26.5127,26.6826,4476351.9335993,0
GLW.US,D,20190115,000000,26.6737,27.041,26.665,26.9072,3554238.1127848,0
GLW.US,D,20190116,000000,26.9072,27.1464,26.8612,26.8779,3371845.4606347,0
GLW.US,D,20190117,000000,26.7352,27.206,26.6464,27.0595,4154747.2121579,0
GLW.US,D,20190118,000000,27.1093,27.5049,27.0595,27.3789,5149678.2202819,0
GLW.US,D,20190122,000000,27.1288,27.2236,26.2412,26.2968,9009806.2713653,0
GLW.US,D,20190123,000000,26.3329,26.5575,25.8583,26.1981,11072839.766638,0
GLW.US,D,20190124,000000,26.3329,26.8682,26.2968,26.6924,8235127.9787215,0
GLW.US,D,20190125,000000,27.0927,27.5224,26.9414,27.1377,9576460.0325579,0
GLW.US,D,20190128,000000,26.7705,27.2803,26.6464,27.1377,9063259.266063,0
GLW.US,D,20190129,000000,28.6934,30.3643,28.6045,30.1416,18562323.966043,0
GLW.US,D,20190130,000000,30.2402,30.2755,29.6406,29.963,9853746.5465835,0
GLW.US,D,20190131,000000,29.8897,29.9171,29.4219,29.7295,13243831.886812,0
GLW.US,D,20190201,000000,29.8565,29.9268,29.3809,29.5781,5780237.6057627,0
GLW.US,D,20190204,000000,29.5597,30.1094,29.5059,29.9903,6555096.1161581,0
GLW.US,D,20190205,000000,29.9903,30.128,29.8096,29.9903,4719022.3038229,0
GLW.US,D,20190206,000000,29.9082,30.3643,29.8897,30.1856,4888083.9621803,0
GLW.US,D,20190207,000000,29.9268,30.295,29.5381,29.6857,4926524.6133803,0
GLW.US,D,20190208,000000,29.463,29.8477,29.3711,29.8477,5053303.705743,0
GLW.US,D,20190211,000000,29.9082,30.0518,29.7041,29.8194,2837269.4352549,0
GLW.US,D,20190212,000000,30.0157,30.5792,29.963,30.4083,5524629.4441133,0
GLW.US,D,20190213,000000,30.5694,30.5694,30.1856,30.4259,4338691.1705218,0
GLW.US,D,20190214,000000,30.2579,30.3291,30.0694,30.1515,3301944.5242139,0
GLW.US,D,20190215,000000,30.417,30.8732,30.3819,30.8478,5001416.352762,0
GLW.US,D,20190219,000000,30.6945,30.8029,30.5157,30.5694,3779414.049569,0
GLW.US,D,20190220,000000,30.6251,31.1065,30.4737,30.9825,4671632.2029147,0
GLW.US,D,20190221,000000,30.8732,30.9825,30.714,30.838,3089968.5137669,0
GLW.US,D,20190222,000000,30.9912,31.2218,30.92,31.1525,2828526.8263753,0
GLW.US,D,20190225,000000,31.2852,31.5656,31.1954,31.3566,5773485.5838662,0
GLW.US,D,20190226,000000,31.3223,31.4816,31.1954,31.2042,4090242.5686388,0
GLW.US,D,20190227,000000,31.0958,31.2042,30.795,31.1857,2900472.6198976,0
GLW.US,D,20190228,000000,31.0607,31.3947,31.0256,31.294,5187801.4424878,0
GLW.US,D,20190301,000000,31.5011,31.6807,31.3136,31.4025,4107178.9414272,0
GLW.US,D,20190304,000000,31.5011,31.6896,30.9621,31.3575,3553949.3547967,0
GLW.US,D,20190305,000000,31.3761,31.4289,31.1857,31.1857,3509883.0426473,0
GLW.US,D,20190306,000000,31.1857,31.2404,31.0176,31.0256,2879533.5698886,0
GLW.US,D,20190307,000000,31.0333,31.0333,30.3976,30.5392,3734221.3764725,0
GLW.US,D,20190308,000000,30.2619,30.4307,30.1163,30.3878,3120144.7475078,0
GLW.US,D,20190311,000000,30.5665,30.8409,30.4737,30.7461,3267275.134258,0
GLW.US,D,20190312,000000,30.8555,30.8644,30.6739,30.7461,2642811.4094308,0
GLW.US,D,20190313,000000,30.8712,31.0256,30.7706,30.8458,2822049.2269642,0
GLW.US,D,20190314,000000,30.7921,30.7921,30.4776,30.7657,3304208.5097178,0
GLW.US,D,20190315,000000,30.7657,31.051,30.715,31.0333,6695339.3176982,0
GLW.US,D,20190318,000000,31.1154,31.2042,30.7657,30.8809,3528023.5976848,0
GLW.US,D,20190319,000000,31.0176,31.3575,30.9718,31.1154,3704745.5344479,0
GLW.US,D,20190320,000000,31.1154,31.1252,30.4972,30.7657,3062843.6942285,0
GLW.US,D,20190321,000000,30.711,31.4122,30.6573,31.2775,3528472.0941347,0
GLW.US,D,20190322,000000,31.1857,31.2404,30.3498,30.4132,3750048.7957101,0
GLW.US,D,20190325,000000,30.3428,30.5528,30.0626,30.3331,2738619.6716025,0
GLW.US,D,20190326,000000,30.6027,30.7013,29.959,30.2149,4022874.9203847,0
GLW.US,D,20190327,000000,30.2149,30.3234,29.7579,29.8829,4101290.1216022,0
GLW.US,D,20190328,000000,29.919,30.1045,29.5684,29.5781,4593451.4895673,0
GLW.US,D,20190329,000000,29.712,29.9562,29.6222,29.7579,4860885.4171981,0
GLW.US,D,20190401,000000,30.045,30.6027,29.9562,30.4962,5812185.2980842,0
GLW.US,D,20190402,000000,30.5753,30.7013,30.4874,30.584,3241421.054661,0
GLW.US,D,20190403,000000,30.9083,31.1525,30.8038,30.9083,4576675.8792049,0
GLW.US,D,20190404,000000,30.8458,31.2364,30.8273,31.1154,3541846.0944363,0
GLW.US,D,20190405,000000,31.214,31.4386,31.1426,31.1857,2448543.8410033,0
GLW.US,D,20190408,000000,31.1154,31.1857,30.8184,31.1769,2016046.8363777,0
GLW.US,D,20190409,000000,31.042,31.1232,30.7745,30.8273,2243925.0154708,0
GLW.US,D,20190410,000000,30.8273,30.9992,30.7999,30.9269,1621591.1367983,0
GLW.US,D,20190411,000000,30.9424,31.1906,30.8898,31.1055,1654061.0510137,0
GLW.US,D,20190412,000000,31.3575,31.5196,31.2491,31.4757,2328491.1714246,0
GLW.US,D,20190415,000000,31.591,31.6007,31.2178,31.4289,2429182.7202849,0
GLW.US,D,20190416,000000,31.4669,31.5557,31.294,31.3575,2524530.1984328,0
GLW.US,D,20190417,000000,31.4757,31.7726,31.2404,31.3848,2898972.5119089,0
GLW.US,D,20190418,000000,31.4572,31.6378,31.2862,31.3302,3301331.1694799,0
GLW.US,D,20190422,000000,31.1769,31.1857,30.7999,30.8809,3352839.6555968,0
GLW.US,D,20190423,000000,30.9621,31.3848,30.7999,31.3302,2853053.8479836,0
GLW.US,D,20190424,000000,31.2404,31.3712,30.8995,30.9718,3104413.5809328,0
GLW.US,D,20190425,000000,30.8555,30.8712,30.0255,30.171,3463121.6559407,0
GLW.US,D,20190426,000000,30.1085,30.3234,29.8291,30.2519,2935353.9705045,0
GLW.US,D,20190429,000000,30.2149,30.4962,30.0997,30.3234,5747775.8832633,0
GLW.US,D,20190430,000000,27.9141,28.9083,27.2939,28.6318,19840255.210089,0
GLW.US,D,20190501,000000,28.7696,29.3985,28.4717,29.0469,9094451.2725854,0
GLW.US,D,20190502,000000,29.1563,29.2921,28.2305,28.3936,7561925.5917429,0
GLW.US,D,20190503,000000,28.4531,28.8595,28.4531,28.7598,4931849.2287673,0
GLW.US,D,20190506,000000,27.9863,28.4434,27.9424,28.3184,4388169.1350402,0
GLW.US,D,20190507,000000,28.2569,28.4619,27.7969,28.0146,7291394.1715071,0
GLW.US,D,20190508,000000,27.9424,28.0596,27.7353,27.7695,5012533.5353112,0
GLW.US,D,20190509,000000,27.6269,27.6269,27.0166,27.538,5399525.5576684,0
GLW.US,D,20190510,000000,27.3232,27.8018,26.9081,27.6807,5549379.6899819,0
GLW.US,D,20190513,000000,27.0693,27.1034,26.5214,26.6093,6244149.841171,0
GLW.US,D,20190514,000000,26.7559,27.249,26.7168,27.0254,4123996.5343339,0
GLW.US,D,20190515,000000,26.8271,27.2558,26.7168,27.2138,4590131.7966664,0
GLW.US,D,20190516,000000,27.5009,27.959,27.3232,27.42,8407173.4696244,0
GLW.US,D,20190517,000000,27.0693,27.3086,26.7559,26.8896,5755948.1439178,0
GLW.US,D,20190520,000000,26.5928,26.791,26.4941,26.6093,5331171.8316032,0
GLW.US,D,20190521,000000,27.0341,27.3535,26.8222,27.2656,6401940.7223046,0
GLW.US,D,20190522,000000,27.0781,27.4063,27.0527,27.2939,4692948.0718589,0
GLW.US,D,20190523,000000,26.9609,26.9609,26.4218,26.6376,5744741.8764572,0
GLW.US,D,20190524,000000,26.8632,26.9531,26.6493,26.7021,3818548.9486984,0
GLW.US,D,20190528,000000,26.7997,26.918,26.6093,26.6474,6408162.3305913,0
GLW.US,D,20190529,000000,26.4843,26.8349,26.0898,26.2441,4361234.7728983,0
GLW.US,D,20190530,000000,26.3974,26.5683,26.2783,26.4141,3234030.0789181,0
GLW.US,D,20190531,000000,26.0811,26.2148,25.8876,26.1073,4493968.218814,0
GLW.US,D,20190603,000000,26.0888,26.4687,25.9805,26.1162,4031434.2396191,0
GLW.US,D,20190604,000000,26.5234,27.0654,26.4863,27.04,4664107.0878227,0
GLW.US,D,20190605,000000,27.2636,27.4962,27.0263,27.4815,4858965.4837652,0
GLW.US,D,20190606,000000,27.4815,27.7187,27.292,27.5986,3717644.4152227,0
GLW.US,D,20190607,000000,27.7812,27.998,27.6631,27.6816,3345455.8476055,0
GLW.US,D,20190610,000000,27.8798,28.3604,27.8086,28.0078,4320802.5107507,0
GLW.US,D,20190611,000000,28.3515,28.4502,27.9795,28.0254,4250508.3719628,0
GLW.US,D,20190612,000000,27.998,28.3067,27.998,28.2519,3770147.1708668,0
GLW.US,D,20190613,000000,28.3067,28.5049,28.1523,28.3232,3939689.0685734,0
GLW.US,D,20190614,000000,28.2969,28.5147,27.4287,27.9795,6252587.3086303,0
GLW.US,D,20190617,000000,28.2432,28.4961,28.0078,28.3984,5695327.3977376,0
GLW.US,D,20190618,000000,28.6397,29.7139,28.5244,29.4385,9407045.1064489,0
GLW.US,D,20190619,000000,29.5372,29.673,29.3731,29.6015,5261268.8472534,0
GLW.US,D,20190620,000000,29.8458,30.1543,29.542,29.9815,9353944.3555382,0
GLW.US,D,20190621,000000,30.0811,30.1886,29.8087,30.0987,10103158.699059,0
GLW.US,D,20190624,000000,30.1446,30.1886,29.7275,29.9082,7372263.8156251,0
GLW.US,D,20190625,000000,29.9171,30.0616,29.6543,29.7003,4643464.9875178,0
GLW.US,D,20190626,000000,29.9171,30.29,29.8555,29.9268,5969791.8656082,0
GLW.US,D,20190627,000000,30.044,30.2579,29.9639,30.0811,3479346.3734033,0
GLW.US,D,20190628,000000,30.0528,30.2013,29.8087,30.0811,9320053.1786005,0
GLW.US,D,20190701,000000,30.714,31.0138,30.6056,30.8859,6623592.1732883,0
GLW.US,D,20190702,000000,30.7794,30.8605,30.3799,30.5148,3054112.3489584,0
GLW.US,D,20190703,000000,30.5782,30.7052,30.4142,30.5509,3545956.2879292,0
GLW.US,D,20190705,000000,30.4063,30.423,30.004,30.423,2757406.348238,0
GLW.US,D,20190708,000000,30.1446,30.2247,29.7364,29.8809,4074694.691709,0
GLW.US,D,20190709,000000,29.791,29.9727,29.6543,29.8995,2915225.9003774,0
GLW.US,D,20190710,000000,30.0167,30.1974,29.6369,29.6369,3631673.3799783,0
GLW.US,D,20190711,000000,29.6369,29.6817,29.3126,29.4668,3520613.1666164,0
GLW.US,D,20190712,000000,29.6631,29.963,29.6015,29.8809,4934186.939715,0
GLW.US,D,20190715,000000,29.8995,30.2529,29.8634,30.2051,2675178.9271964,0
GLW.US,D,20190716,000000,30.1642,30.3107,30.0078,30.1446,2651297.0032215,0
GLW.US,D,20190717,000000,30.0001,30.0616,29.5634,29.8262,7432790.3570715,0
GLW.US,D,20190718,000000,29.8262,30.0713,29.673,30.0167,4358011.3326603,0
GLW.US,D,20190719,000000,30.3702,30.3995,29.963,29.9727,4939883.2542146,0
GLW.US,D,20190722,000000,30.0078,30.2803,29.8507,30.1974,4060044.8316433,0
GLW.US,D,20190723,000000,30.29,30.5596,30.2529,30.3995,4296893.9636989,0
GLW.US,D,20190724,000000,30.3244,30.6612,30.3244,30.6144,4459727.8699826,0
GLW.US,D,20190725,000000,30.3995,30.4277,29.8047,29.8721,6941345.7642547,0
GLW.US,D,20190726,000000,30.0167,30.628,29.8995,30.587,6550598.8640851,0
GLW.US,D,20190729,000000,30.7872,31.0039,30.6417,30.8672,6600968.701681,0
GLW.US,D,20190730,000000,28.9561,29.1123,28.2519,28.4248,18581020.533803,0
GLW.US,D,20190731,000000,28.3067,28.3604,27.4725,27.8359,14245165.744938,0
GLW.US,D,20190801,000000,27.5106,27.8457,26.8037,26.9228,12115034.928038,0
GLW.US,D,20190802,000000,26.7051,26.9394,26.3173,26.5146,7319869.6002177,0
GLW.US,D,20190805,000000,26.2148,26.2529,25.3094,25.5087,12436974.48587,0
GLW.US,D,20190806,000000,25.8271,26.0049,25.4374,25.8183,6882128.8734006,0
GLW.US,D,20190807,000000,25.3739,25.8974,25.2743,25.8085,7864210.1510456,0
GLW.US,D,20190808,000000,26.1426,26.4462,25.996,26.3887,5806979.462579,0
GLW.US,D,20190809,000000,26.2343,26.2343,25.409,25.5986,4847162.2450028,0
GLW.US,D,20190812,000000,25.3836,25.4277,24.9833,25.1249,3614743.1509769,0
GLW.US,D,20190813,000000,24.9833,26.0233,24.9295,25.5458,5463181.3346192,0
GLW.US,D,20190814,000000,25.1737,25.2295,24.7118,24.7293,6545619.3247339,0
GLW.US,D,20190815,000000,24.6854,24.8339,24.4227,24.5584,5567488.50212,0
GLW.US,D,20190816,000000,24.7586,25.1551,24.6396,25.0107,5813523.6196824,0
GLW.US,D,20190819,000000,25.4188,25.5722,25.2382,25.2469,3710821.7397759,0
GLW.US,D,20190820,000000,25.1376,25.2743,24.8622,24.8847,4502610.4791727,0
GLW.US,D,20190821,000000,25.1551,25.409,25.0849,25.2469,5141641.1229411,0
GLW.US,D,20190822,000000,25.4374,25.6893,25.1415,25.5087,7680503.7524452,0
GLW.US,D,20190823,000000,25.3445,25.5898,24.704,24.8476,6008122.9526071,0
GLW.US,D,20190826,000000,25.0478,25.1288,24.5546,24.6493,5498597.1946937,0
GLW.US,D,20190827,000000,24.8192,24.8944,24.4276,24.5037,4023921.4121011,0
GLW.US,D,20190828,000000,24.3787,24.8476,24.242,24.786,4330369.4110506,0
GLW.US,D,20190829,000000,25.1942,25.4775,25.1229,25.2783,3280909.221542,0
GLW.US,D,20190830,000000,25.5682,25.705,25.2509,25.3963,5575582.9414727,0
GLW.US,D,20190903,000000,25.0038,25.0868,24.4295,24.6844,5435618.2582759,0
GLW.US,D,20190904,000000,24.9403,25.0966,24.744,24.9853,4521798.5498911,0
GLW.US,D,20190905,000000,25.3231,26.1835,25.3134,26.0624,7431744.8893194,0
GLW.US,D,20190906,000000,26.1787,26.3066,25.7802,25.8349,5166392.3927744,0
GLW.US,D,20190909,000000,25.9725,26.2548,25.8779,26.162,6058310.5245224,0
GLW.US,D,20190910,000000,26.0898,26.7997,26.043,26.6172,6931952.9379192,0
GLW.US,D,20190911,000000,26.8095,27.3388,26.3994,27.3388,6439712.7246878,0
GLW.US,D,20190912,000000,27.3749,27.7568,27.083,27.583,9276069.8075755,0
GLW.US,D,20190913,000000,27.6211,27.8409,27.4648,27.5029,4863416.6574358,0
GLW.US,D,20190916,000000,27.3565,27.5801,27.2636,27.4023,3145674.2303591,0
GLW.US,D,20190917,000000,25.3876,25.7919,25.0038,25.7421,31245072.458529,0
GLW.US,D,20190918,000000,25.7421,25.7519,25.1678,25.4424,9318076.9271203,0
GLW.US,D,20190919,000000,25.4775,25.495,25.1581,25.1678,5584688.0337843,0
GLW.US,D,20190920,000000,25.2412,25.6561,25.2412,25.3134,7721597.4956584,0
GLW.US,D,20190923,000000,25.2138,25.3408,25.078,25.2323,6210265.8319848,0
GLW.US,D,20190924,000000,25.3231,25.3876,24.995,25.2138,6954097.1941419,0
GLW.US,D,20190925,000000,25.2138,25.8603,25.1132,25.7704,4769174.0369807,0
GLW.US,D,20190926,000000,25.7617,25.8388,25.4511,25.7421,3005251.8350319,0
GLW.US,D,20190927,000000,25.8779,26.1718,25.6698,25.8779,3754051.4729308,0
GLW.US,D,20190930,000000,26.0985,26.1708,25.8349,26.0049,6107491.5393365,0
GLW.US,D,20191001,000000,26.1708,26.4071,25.1864,25.331,5862957.5537276,0
GLW.US,D,20191002,000000,25.1132,25.1864,24.829,24.9139,4831947.1565346,0
GLW.US,D,20191003,000000,24.8192,25.1767,24.3895,25.1678,4595414.4295088,0
GLW.US,D,20191004,000000,25.2138,25.5868,25.0868,25.5517,3588887.0234508,0
GLW.US,D,20191007,000000,25.4325,25.7274,25.3465,25.4598,3570105.4666379,0
GLW.US,D,20191008,000000,25.1581,25.2684,24.7342,24.867,6451373.6323852,0
GLW.US,D,20191009,000000,25.1132,25.5292,25.0682,25.369,4936444.781432,0
GLW.US,D,20191010,000000,25.3963,25.9628,25.3495,25.7138,4913087.1272799,0
GLW.US,D,20191011,000000,26.033,26.7559,25.9725,26.5,8813309.5322267,0
GLW.US,D,20191014,000000,26.3633,26.5449,26.2168,26.453,3011197.9968687,0
GLW.US,D,20191015,000000,26.4443,27.0732,26.3818,26.9277,4171727.6154197,0
GLW.US,D,20191016,000000,26.791,27.0468,26.791,26.9199,4309082.2131124,0
GLW.US,D,20191017,000000,27.0927,27.1562,26.6914,26.7646,5034012.2146104,0
GLW.US,D,20191018,000000,26.7265,26.8368,26.6269,26.746,8014462.6055487,0
GLW.US,D,20191021,000000,26.9726,27.4745,26.9453,27.2734,4983307.5406239,0
GLW.US,D,20191022,000000,27.0381,27.5303,27.0293,27.3662,5307327.7943149,0
GLW.US,D,20191023,000000,27.292,27.4481,27.083,27.4297,4580263.8508041,0
GLW.US,D,20191024,000000,27.6113,27.666,27.0927,27.165,5119224.4921622,0
GLW.US,D,20191025,000000,27.165,27.9951,27.1093,27.8223,8114536.703817,0
GLW.US,D,20191028,000000,27.9678,28.1132,27.7041,27.9121,7165404.555772,0
GLW.US,D,20191029,000000,28.2051,28.3594,26.7723,27.5928,9027486.0423789,0
GLW.US,D,20191030,000000,26.5087,27.7393,26.453,27.7129,8199473.5349189,0
GLW.US,D,20191031,000000,27.5654,27.7129,26.9628,27.0195,7706762.2980187,0
GLW.US,D,20191101,000000,27.1562,27.2549,26.9199,26.9726,7608418.6997513,0
GLW.US,D,20191104,000000,27.1093,27.5029,27.0996,27.411,4809026.7352229,0
GLW.US,D,20191105,000000,27.4648,27.6943,27.247,27.4023,4485161.1001711,0
GLW.US,D,20191106,000000,27.3476,27.4561,27.1601,27.2119,3400928.1002923,0
GLW.US,D,20191107,000000,27.4481,27.6309,27.4384,27.5303,4175200.9029951,0
GLW.US,D,20191108,000000,27.4835,27.7041,27.2451,27.6943,2894615.542972,0
GLW.US,D,20191111,000000,27.4648,27.5206,27.165,27.3017,2384833.7939342,0
GLW.US,D,20191112,000000,27.3388,27.3838,26.9589,27.0107,3121881.3912955,0
GLW.US,D,20191113,000000,26.8095,26.9775,26.6454,26.7265,5001953.9341232,0
GLW.US,D,20191114,000000,26.6543,26.7168,26.3935,26.5801,3820816.0060959,0
GLW.US,D,20191115,000000,26.7168,26.9843,26.6445,26.9472,4453577.9392106,0
GLW.US,D,20191118,000000,26.7559,26.8194,26.5253,26.6445,3308415.979838,0
GLW.US,D,20191119,000000,26.8104,26.8104,26.4238,26.5801,3966582.4721354,0
GLW.US,D,20191120,000000,26.4238,26.5995,26.0848,26.2773,4104963.0822546,0
GLW.US,D,20191121,000000,26.2948,26.2948,25.9668,26.2128,6110599.2715865,0
GLW.US,D,20191122,000000,26.3417,26.6543,26.291,26.6445,5087278.8477697,0
GLW.US,D,20191125,000000,26.8281,26.957,26.6817,26.8476,3737809.3480716,0
GLW.US,D,20191126,000000,26.7089,26.8281,26.498,26.7559,4860789.1645352,0
GLW.US,D,20191127,000000,26.7823,27.0615,26.746,26.9472,3000351.1409469,0
GLW.US,D,20191129,000000,26.873,26.9472,26.6445,26.664,1740767.2927672,0
GLW.US,D,20191202,000000,26.6727,26.7823,26.3417,26.3984,3200623.2371877,0
GLW.US,D,20191203,000000,26.0576,26.0674,25.3876,25.7353,5301315.0747857,0
GLW.US,D,20191204,000000,25.8906,26.2226,25.7157,25.7255,5335980.3688835,0
GLW.US,D,20191205,000000,25.8192,25.8544,25.4052,25.4237,5803688.4406841,0
GLW.US,D,20191206,000000,25.6494,25.8446,25.5692,25.6073,5117481.7045875,0
GLW.US,D,20191209,000000,25.6621,26.5898,25.6171,26.1747,9972314.4676409,0
GLW.US,D,20191210,000000,26.1747,26.2694,25.6815,25.7069,5507553.8121532,0
GLW.US,D,20191211,000000,25.8192,26.168,25.7069,25.7255,6617407.4277236,0
GLW.US,D,20191212,000000,25.6532,26.9208,25.6522,26.8565,8728285.6641425,0
GLW.US,D,20191213,000000,26.9208,27.0302,26.2421,26.3887,6367861.1358993,0
GLW.US,D,20191216,000000,26.6445,26.6914,26.168,26.2773,5291047.7827693,0
GLW.US,D,20191217,000000,26.2607,26.3984,26.0527,26.1747,5723416.7918326,0
GLW.US,D,20191218,000000,26.1933,26.1933,25.79,25.9922,5630183.800372,0
GLW.US,D,20191219,000000,25.9198,26.5537,25.8446,26.5537,9024039.3778803,0
GLW.US,D,20191220,000000,26.8378,26.957,26.6347,26.6347,14042611.231834,0
GLW.US,D,20191223,000000,26.6727,26.746,26.37,26.7362,4039320.8141787,0
GLW.US,D,20191224,000000,26.7559,26.7646,26.3506,26.4609,1668007.4474693,0
GLW.US,D,20191226,000000,26.5702,26.7118,26.5351,26.6543,2612810.273619,0
GLW.US,D,20191227,000000,26.7168,26.7168,26.3788,26.4335,2453893.0315381,0
GLW.US,D,20191230,000000,26.3984,26.746,26.3603,26.6347,4302329.1672516,0
GLW.US,D,20191231,000000,26.5253,26.7362,26.4512,26.7265,3905771.2685587,0
GLW.US,D,20200102,000000,26.9208,27.5459,26.9023,27.536,5870076.1549141,0
GLW.US,D,20200103,000000,27.122,27.2959,26.9111,27.1768,7599731.3849546,0
GLW.US,D,20200106,000000,26.9648,27.2578,26.8565,27.25,6550496.4676354,0
GLW.US,D,20200107,000000,27.3525,27.4852,27.0762,27.4521,7464625.4132983,0
GLW.US,D,20200108,000000,27.2773,27.6182,27.2285,27.5801,9181341.8279486,0
GLW.US,D,20200109,000000,27.7549,27.7549,27.5459,27.7461,6588081.0845156,0
GLW.US,D,20200110,000000,27.6631,27.8574,27.5507,27.6465,5156330.9176221,0
GLW.US,D,20200113,000000,27.6367,27.9306,27.4247,27.9111,5496723.3396633,0
GLW.US,D,20200114,000000,27.8935,27.9473,27.5089,27.6465,5972432.6700473,0
GLW.US,D,20200115,000000,27.4063,27.6084,27.1171,27.2412,5888289.4114309,0
GLW.US,D,20200116,000000,27.3613,27.6416,27.1962,27.5547,4567717.2138164,0
GLW.US,D,20200117,000000,27.6182,27.7373,27.4708,27.5986,4735821.4653686,0
GLW.US,D,20200121,000000,27.3525,27.4247,27.0947,27.2773,4698453.9289619,0
GLW.US,D,20200122,000000,27.3251,27.6592,27.1582,27.2236,4782953.5272234,0
GLW.US,D,20200123,000000,26.9648,27.1962,26.7051,27.1318,4539469.1052242,0
GLW.US,D,20200124,000000,27.2334,27.2822,26.6962,26.957,5164091.5445486,0
GLW.US,D,20200127,000000,26.4052,26.5537,26.2226,26.2226,7441408.0422822,0
GLW.US,D,20200128,000000,26.3984,26.4794,25.6893,25.7069,11957657.728561,0
GLW.US,D,20200129,000000,25.5351,26.8652,25.3027,26.0283,13981430.377073,0
GLW.US,D,20200130,000000,25.6718,25.6718,25.0184,25.4237,10319736.405957,0
GLW.US,D,20200131,000000,25.3124,25.3408,24.3778,24.5047,9484483.4455357,0
GLW.US,D,20200203,000000,24.6425,25.1297,24.6102,24.7078,5176505.0661516,0
GLW.US,D,20200204,000000,25.2225,25.4052,25.0565,25.3221,4886365.7497535,0
GLW.US,D,20200205,000000,25.8095,25.9833,25.5605,25.9765,6151146.2177579,0
GLW.US,D,20200206,000000,26.1132,26.1581,25.7401,25.8642,3543365.6577506,0
GLW.US,D,20200207,000000,25.6444,25.6893,25.3876,25.414,3688816.7427249,0
GLW.US,D,20200210,000000,25.331,25.3759,25.1561,25.3124,3431197.5148025,0
GLW.US,D,20200211,000000,25.5156,26.0096,25.4325,25.745,5729918.9663917,0
GLW.US,D,20200212,000000,25.9833,26.5253,25.9481,26.4794,5244819.8815659,0
GLW.US,D,20200213,000000,26.2607,26.5537,26.0068,26.3603,4270511.5184211,0
GLW.US,D,20200214,000000,26.3134,26.3506,26.1219,26.2509,3095115.9832957,0
GLW.US,D,20200218,000000,26.0477,26.2031,25.5605,25.6815,4769918.4591703,0
GLW.US,D,20200219,000000,25.7069,25.996,25.6073,25.6718,9131682.621714,0
GLW.US,D,20200220,000000,25.5878,25.9922,25.4424,25.9765,6440037.3214335,0
GLW.US,D,20200221,000000,25.6718,25.8241,25.4785,25.6718,5199682.5025521,0
GLW.US,D,20200224,000000,24.7636,25.1025,24.4872,24.7909,6286253.2133786,0
GLW.US,D,20200225,000000,24.9549,24.9736,23.284,23.615,13113468.918708,0
GLW.US,D,20200226,000000,23.8543,24.1337,23.1844,23.1844,7985153.6697372,0
GLW.US,D,20200227,000000,22.5427,23.3191,21.9285,22.2557,11826471.493001,0
GLW.US,D,20200228,000000,21.3396,22.3191,21.1169,22.0984,14759564.549896,0
GLW.US,D,20200302,000000,22.2654,22.8602,21.7752,22.8503,8943812.7834668,0
GLW.US,D,20200303,000000,22.7098,23.5351,21.9793,22.1277,8594141.1951494,0
GLW.US,D,20200304,000000,22.4618,23.2479,22.1424,23.2382,7029677.0376657,0
GLW.US,D,20200305,000000,22.8503,23.1844,22.5614,22.785,8587373.8137854,0
GLW.US,D,20200306,000000,21.9138,23.1366,21.8689,23.0438,10642044.591009,0
GLW.US,D,20200309,000000,21.4519,22.367,20.9529,21.155,16232393.100534,0
GLW.US,D,20200310,000000,22.0612,22.4187,21.0115,22.3953,9935498.8480983,0
GLW.US,D,20200311,000000,21.7019,22.0448,21.0905,21.4422,12435211.219006,0
GLW.US,D,20200312,000000,19.7204,20.6824,18.8581,18.9597,9467734.4582504,0
GLW.US,D,20200313,000000,20.0896,21.1169,18.6169,21.1169,9753220.8799718,0
GLW.US,D,20200316,000000,18.3668,18.654,17.0612,17.6529,13828241.192391,0
GLW.US,D,20200317,000000,17.9039,19.9793,17.0993,19.9694,9698307.7119007,0
GLW.US,D,20200318,000000,18.3757,19.9694,17.9596,19.9128,8166556.1482182,0
GLW.US,D,20200319,000000,19.5798,20.3679,18.5425,19.7018,7938932.9362851,0
GLW.US,D,20200320,000000,19.7741,20.0154,17.4039,17.4694,8417422.3302798,0
GLW.US,D,20200323,000000,17.3287,17.3942,16.1539,16.4399,7321431.1460764,0
GLW.US,D,20200324,000000,17.3199,18.5896,16.8746,18.5425,7767551.998341,0
GLW.US,D,20200325,000000,18.4313,19.4821,17.7467,18.7555,9452285.9058768,0
GLW.US,D,20200326,000000,18.7936,20.3405,18.4411,20.1999,7282634.1552311,0
GLW.US,D,20200327,000000,19.4685,19.9967,18.9567,19.2096,6138930.3213028,0
GLW.US,D,20200330,000000,19.3777,19.821,18.7751,19.7116,6727629.0141619,0
GLW.US,D,20200331,000000,19.7917,19.9596,18.9421,19.0231,6586542.0658758,0
GLW.US,D,20200401,000000,18.0797,18.2272,17.3756,17.6999,6895566.3595011,0
GLW.US,D,20200402,000000,17.6901,18.0055,17.1267,17.3199,8264225.9778464,0
GLW.US,D,20200403,000000,17.238,17.4508,16.5064,16.5884,7755718.0406435,0
GLW.US,D,20200406,000000,17.5045,18.3757,16.9977,18.2555,11657589.028431,0
GLW.US,D,20200407,000000,18.9323,18.9879,17.8717,18.2272,8571778.8344888,0
GLW.US,D,20200408,000000,18.4215,19.2009,18.2184,19.0514,5418197.5502801,0
GLW.US,D,20200409,000000,19.1179,20.0338,19.1003,19.6159,6535397.0871554,0
GLW.US,D,20200413,000000,19.4489,19.5251,18.654,18.904,5564523.1009353,0
GLW.US,D,20200414,000000,19.405,19.5446,18.8395,19.1715,5347238.8585334,0
GLW.US,D,20200415,000000,18.6354,18.737,18.2184,18.5154,4681863.6561736,0
GLW.US,D,20200416,000000,18.5515,18.5699,18.0612,18.3757,4513987.7487043,0
GLW.US,D,20200417,000000,18.8483,19.4235,18.8298,19.1912,5340618.9280572,0
GLW.US,D,20200420,000000,18.8112,19.3679,18.5896,18.9323,5125982.6578456,0
GLW.US,D,20200421,000000,18.5328,18.6921,17.987,18.0055,5213715.9359901,0
GLW.US,D,20200422,000000,18.4313,18.608,18.1081,18.5064,5538549.2174921,0
GLW.US,D,20200423,000000,18.7086,19.113,18.5425,18.5515,4144039.6154077,0
GLW.US,D,20200424,000000,18.6921,19.2878,18.6169,19.2477,4957259.9317369,0
GLW.US,D,20200427,000000,19.4685,20.1784,19.3874,20.0338,6500543.38359,0
GLW.US,D,20200428,000000,20.9773,21.3962,20.2976,20.5056,8119423.062399,0
GLW.US,D,20200429,000000,20.7195,21.0534,19.9743,20.8211,8722512.5523057,0
GLW.US,D,20200430,000000,20.4968,20.6912,20.155,20.3865,6843857.1763425,0
GLW.US,D,20200501,000000,19.9128,19.9322,19.0329,19.1354,4671857.4751042,0
GLW.US,D,20200504,000000,18.8942,19.0016,18.5328,18.8845,4462670.7439484,0
GLW.US,D,20200505,000000,19.1628,19.5349,19.1003,19.1442,6784825.6230625,0
GLW.US,D,20200506,000000,19.3483,19.4148,18.9968,19.1813,4463937.3880317,0
GLW.US,D,20200507,000000,19.573,19.7116,19.358,19.405,4377940.7536749,0
GLW.US,D,20200508,000000,19.7741,20.1267,19.7116,20.0251,2884863.305098,0
GLW.US,D,20200511,000000,19.6833,19.8542,19.4235,19.7282,3525952.1175064,0
GLW.US,D,20200512,000000,19.821,19.8854,18.8942,18.904,4533166.6037422,0
GLW.US,D,20200513,000000,18.8034,18.904,17.9596,18.1813,4834810.1612695,0
GLW.US,D,20200514,000000,17.9225,18.488,17.4323,18.4684,4604028.0188617,0
GLW.US,D,20200515,000000,18.2097,18.3951,18.0162,18.1998,3507028.2296283,0
GLW.US,D,20200518,000000,18.8581,19.5641,18.8483,19.4235,4187494.620752,0
GLW.US,D,20200519,000000,19.405,19.6833,18.9079,19.3005,4303242.5435832,0
GLW.US,D,20200520,000000,19.6345,20.1072,19.4148,19.989,5550602.303592,0
GLW.US,D,20200521,000000,19.9596,20.1023,19.7204,19.7458,4442873.414354,0
GLW.US,D,20200522,000000,19.7556,19.8503,19.4402,19.8015,4180893.1216368,0
GLW.US,D,20200526,000000,20.3776,21.1267,20.3494,20.8211,5480811.9553368,0
GLW.US,D,20200527,000000,21.2205,21.6277,21.0252,21.6092,6883035.0819808,0
GLW.US,D,20200528,000000,21.7029,21.9314,21.3229,21.5535,5683481.1524662,0
GLW.US,D,20200529,000000,21.4207,21.4763,20.74,21.3094,8335227.6761021,0
GLW.US,D,20200601,000000,21.2713,21.4207,21.0603,21.2624,3901506.4564267,0
GLW.US,D,20200602,000000,21.4499,22.3308,21.4031,22.3308,6120686.3458512,0
GLW.US,D,20200603,000000,22.7498,23.6102,22.74,23.5154,5997235.1381053,0
GLW.US,D,20200604,000000,23.1804,23.6844,23.0398,23.1424,6338410.8929871,0
GLW.US,D,20200605,000000,24.1785,24.9696,24.1785,24.9472,8776712.0171221,0
GLW.US,D,20200608,000000,25.1152,25.5175,24.8632,25.4979,8058731.6626685,0
GLW.US,D,20200609,000000,24.8534,26.035,24.7791,25.8349,10365577.248581,0
GLW.US,D,20200610,000000,25.9003,26.2831,25.6386,26.04,12257590.241413,0
GLW.US,D,20200611,000000,24.871,25.3104,24.2831,24.4511,14883269.700836,0
GLW.US,D,20200612,000000,25.2929,25.5761,24.8065,25.1796,10215061.635202,0
GLW.US,D,20200615,000000,24.5731,25.6942,24.367,25.3582,7986417.2419271,0
GLW.US,D,20200616,000000,26.1523,26.5928,25.4424,25.8622,7915465.7179317,0
GLW.US,D,20200617,000000,25.9932,26.04,25.4658,25.4785,7437435.060032,0
GLW.US,D,20200618,000000,25.2469,25.7411,25.1337,25.5722,7155376.8714481,0
GLW.US,D,20200619,000000,26.1797,26.1797,24.9003,24.9647,12833894.867995,0
GLW.US,D,20200622,000000,24.871,24.993,24.5731,24.8153,8082526.5496611,0
GLW.US,D,20200623,000000,25.1796,25.4424,25.0301,25.1337,8227755.4343395,0
GLW.US,D,20200624,000000,24.9101,25.0028,23.909,24.1337,6505039.6116985,0
GLW.US,D,20200625,000000,23.9842,24.1981,23.6004,24.1337,6880218.1556483,0
GLW.US,D,20200626,000000,24.1337,24.1785,23.4754,23.7586,11133857.811044,0
GLW.US,D,20200629,000000,23.9842,24.2176,23.7567,24.0116,4776813.8360965,0
GLW.US,D,20200630,000000,23.8436,24.3573,23.787,24.2176,4855334.5056572,0
GLW.US,D,20200701,000000,24.367,24.5213,23.9745,23.994,6757850.3023407,0
GLW.US,D,20200702,000000,24.4608,24.7499,24.2274,24.3124,5379636.0712694,0
GLW.US,D,20200706,000000,24.9472,25.2089,24.8241,25.079,6220998.0038828,0
GLW.US,D,20200707,000000,24.8534,25.0497,24.5634,24.7704,5109657.5918622,0
GLW.US,D,20200708,000000,24.6942,24.9198,24.4842,24.7606,4427651.1581343,0
GLW.US,D,20200709,000000,24.7704,24.9559,24.4237,24.788,4876277.6515243,0
GLW.US,D,20200710,000000,24.7704,24.9609,24.5634,24.9383,3274209.421835,0
GLW.US,D,20200713,000000,25.2469,25.4424,24.9472,24.9833,5612634.0728497,0
GLW.US,D,20200714,000000,25.0204,25.6386,24.7547,25.5819,3985883.1789485,0
GLW.US,D,20200715,000000,25.9394,26.3066,25.8027,26.2382,5927994.6587852,0
GLW.US,D,20200716,000000,26.62,27.1445,26.4238,26.8916,6569408.0679394,0
GLW.US,D,20200717,000000,27.0224,27.2187,26.8174,27.1533,5014655.18975,0
GLW.US,D,20200720,000000,27.0508,27.2187,26.9101,27.1533,5790952.3702644,0
GLW.US,D,20200721,000000,27.2841,27.6494,27.2646,27.4053,4903544.8021278,0
GLW.US,D,20200722,000000,27.4237,27.8925,27.2744,27.6767,5249576.1966566,0
GLW.US,D,20200723,000000,27.6767,28.2011,27.6309,27.8643,5743918.6090012,0
GLW.US,D,20200724,000000,27.7607,27.9199,27.3174,27.3876,5927051.5874832,0
GLW.US,D,20200727,000000,27.2841,28.8271,27.1816,28.6387,10536511.738004,0
GLW.US,D,20200728,000000,28.5088,29.3243,28.0049,28.2753,9524441.6121211,0
GLW.US,D,20200729,000000,28.7793,29.7529,28.3789,29.5557,7756447.1033658,0
GLW.US,D,20200730,000000,29.2286,29.3878,28.9297,29.0977,6519377.1625923,0
GLW.US,D,20200731,000000,29.042,29.1455,28.4766,28.9864,6093181.6354842,0
GLW.US,D,20200803,000000,29.0596,29.0743,28.6387,28.8916,3846615.8155744,0
GLW.US,D,20200804,000000,28.9103,29.1788,28.8614,29.1651,3615031.9089651,0
GLW.US,D,20200805,000000,29.2764,29.8467,29.2286,29.8087,3921171.6946009,0
GLW.US,D,20200806,000000,29.6132,29.9112,29.5704,29.7716,3463309.0414437,0
GLW.US,D,20200807,000000,29.7051,29.8184,29.4083,29.7813,3293575.6623759,0
GLW.US,D,20200810,000000,29.8272,30.1563,29.6964,30.0606,5826360.0386229,0
GLW.US,D,20200811,000000,30.2863,30.7071,30.1368,30.2013,4366907.5362145,0
GLW.US,D,20200812,000000,30.3888,30.7334,30.297,30.6036,2754925.2822606,0
GLW.US,D,20200813,000000,30.464,30.7159,30.2589,30.4073,4092164.5500006,0
GLW.US,D,20200814,000000,30.3428,30.3692,30.0655,30.2198,2927043.4746429,0
GLW.US,D,20200817,000000,30.3145,30.4688,30.1914,30.2295,2450154.5371579,0
GLW.US,D,20200818,000000,30.3145,30.3234,29.9356,30.0225,3480265.8935219,0
GLW.US,D,20200819,000000,30.1368,30.297,30.0196,30.1368,3254603.5736016,0
GLW.US,D,20200820,000000,29.9209,30.0225,29.7345,29.7999,2483822.4898352,0
GLW.US,D,20200821,000000,29.8741,30.3789,29.7148,30.3595,5213650.4022623,0
GLW.US,D,20200824,000000,30.416,31.212,30.3789,31.2023,5001296.5489157,0
GLW.US,D,20200825,000000,31.296,31.38,30.4825,30.753,3800704.3194007,0
GLW.US,D,20200826,000000,30.753,30.9269,30.5987,30.6505,3074434.97234,0
GLW.US,D,20200827,000000,30.7735,30.8106,30.0147,30.2462,4479892.8028315,0
GLW.US,D,20200828,000000,30.3311,30.8204,30.0665,30.7442,6579294.4451626,0
GLW.US,D,20200831,000000,30.7344,30.7735,30.3214,30.5567,5022619.5856114,0
GLW.US,D,20200901,000000,30.3966,30.9414,30.1622,30.924,3194861.3889603,0
GLW.US,D,20200902,000000,31.0645,31.8742,30.9708,31.7238,4891926.9009394,0
GLW.US,D,20200903,000000,31.3566,31.461,29.6162,30.0284,6593185.5475355,0
GLW.US,D,20200904,000000,30.1983,30.4249,29.3145,30.171,5792998.2513303,0
GLW.US,D,20200908,000000,29.7472,30.2638,29.6495,29.8975,4743438.7372654,0
GLW.US,D,20200909,000000,30.5938,31.8117,30.5938,31.1309,8042301.1283418,0
GLW.US,D,20200910,000000,31.2521,31.5021,29.9542,30.0108,7800604.5483553,0
GLW.US,D,20200911,000000,30.3869,30.5049,29.7275,30.0665,8444200.0258535,0
GLW.US,D,20200914,000000,30.5694,30.9805,30.5275,30.8204,5077040.2267593,0
GLW.US,D,20200915,000000,31.0547,31.2765,30.8799,30.8946,3841362.8777024,0
GLW.US,D,20200916,000000,31.0186,31.296,30.6505,30.7247,6890682.0488481,0
GLW.US,D,20200917,000000,30.3127,31.1505,30.2071,30.8946,6464208.0033967,0
GLW.US,D,20200918,000000,30.8106,31.0645,30.3408,30.5372,8407593.2950684,0
GLW.US,D,20200921,000000,29.8037,29.9923,29.1348,29.5771,6174931.88907,0
GLW.US,D,20200922,000000,29.5771,29.7656,29.209,29.7569,6478524.0510361,0
GLW.US,D,20200923,000000,29.7178,29.7852,28.7207,28.795,4435718.97441,0
GLW.US,D,20200924,000000,28.5703,29.3145,28.3926,28.8896,3277995.0185822,0
GLW.US,D,20200925,000000,28.7579,29.461,28.626,29.3701,2694607.6295716,0
GLW.US,D,20200928,000000,29.8975,30.3,29.7755,30.1524,3225461.5440031,0
GLW.US,D,20200929,000000,30.2638,30.4287,30.0567,30.0958,3312101.2280644,0
GLW.US,D,20200930,000000,30.2638,30.8672,30.1797,30.5089,5455592.7337283,0
GLW.US,D,20201001,000000,30.8301,30.8487,30.1749,30.6231,4913012.3778716,0
GLW.US,D,20201002,000000,30.1524,31.169,30.1231,30.8849,4111563.5574054,0
GLW.US,D,20201005,000000,31.3009,31.7472,31.0645,31.5626,3976258.9366366,0
GLW.US,D,20201006,000000,31.6662,32.3204,31.6017,31.6486,5660786.0033439,0
GLW.US,D,20201007,000000,31.9406,33.0363,31.8946,33.0041,4886410.8041914,0
GLW.US,D,20201008,000000,33.1349,33.7287,33.0412,33.1633,4522421.1203056,0
GLW.US,D,20201009,000000,33.3234,33.465,32.675,32.7404,3983788.1475867,0
GLW.US,D,20201012,000000,32.9299,32.9845,32.5704,32.5998,4374817.6619575,0
GLW.US,D,20201013,000000,32.5998,33.3137,32.2638,32.8243,6960460.1095292,0
GLW.US,D,20201014,000000,32.8713,32.9944,32.2589,32.4758,4581588.8608639,0
GLW.US,D,20201015,000000,32.1086,32.9299,32.0987,32.9103,4257437.5397173,0
GLW.US,D,20201016,000000,33.0041,33.3049,32.844,33.1164,3811883.9637843,0
GLW.US,D,20201019,000000,33.2208,33.3712,32.4484,32.5704,2473828.5963398,0
GLW.US,D,20201020,000000,32.8527,33.2678,32.6837,32.7961,2955699.1211051,0
GLW.US,D,20201021,000000,32.8243,33.3811,32.7023,32.9484,3959790.5156237,0
GLW.US,D,20201022,000000,32.9484,33.5118,32.9005,33.3898,2525654.5114509,0
GLW.US,D,20201023,000000,33.5217,33.5588,33.2111,33.4747,2959415.0882665,0
GLW.US,D,20201026,000000,33.0412,33.0412,32.1799,32.2424,6177565.5257575,0
GLW.US,D,20201027,000000,32.298,32.4298,30.7071,30.924,9330959.4244632,0
GLW.US,D,20201028,000000,30.2267,30.6407,29.7656,29.8682,6960119.1293516,0
GLW.US,D,20201029,000000,29.8223,30.5275,29.6065,30.2168,4613020.4750786,0
GLW.US,D,20201030,000000,30.0382,30.2364,29.4473,30.0958,4784055.3130227,0
GLW.US,D,20201102,000000,30.424,30.8672,30.1378,30.5655,3821850.2102384,0
GLW.US,D,20201103,000000,31.0547,31.9035,31.0547,31.6954,3139276.5001789,0
GLW.US,D,20201104,000000,31.5158,32.3117,30.9805,31.592,4140920.6195484,0
GLW.US,D,20201105,000000,32.214,32.7912,32.1368,32.4669,3884041.7179576,0
GLW.US,D,20201106,000000,32.4484,32.7961,32.3742,32.675,2916780.2784845,0
GLW.US,D,20201109,000000,34.1799,34.9045,33.5412,33.588,7282773.4144028,0
GLW.US,D,20201110,000000,33.8039,34.0871,33.5539,33.9084,5077074.0175877,0
GLW.US,D,20201111,000000,34.1702,34.1896,33.6525,33.8693,2768069.9145148,0
GLW.US,D,20201112,000000,33.7472,33.8137,32.7434,33.0656,3642130.1054265,0
GLW.US,D,20201113,000000,33.4347,34.1067,33.3781,33.9357,2661190.5481962,0
GLW.US,D,20201116,000000,34.5236,35.1672,34.1585,35.0256,4268537.31487,0
GLW.US,D,20201117,000000,34.6936,34.8781,34.339,34.552,2975870.197741,0
GLW.US,D,20201118,000000,34.6663,34.7219,34.1819,34.1819,2889322.6704846,0
GLW.US,D,20201119,000000,33.9357,34.5188,33.7697,34.4103,2448428.1330151,0
GLW.US,D,20201120,000000,34.3343,34.6175,34.1164,34.3811,2951102.5444759,0
GLW.US,D,20201123,000000,34.6086,34.8879,34.3811,34.6936,2088120.6254623,0
GLW.US,D,20201124,000000,35.0442,35.597,34.9787,35.5188,4561986.0845239,0
GLW.US,D,20201125,000000,35.4895,35.5393,35.1252,35.3284,1977113.6582543,0
GLW.US,D,20201127,000000,35.3284,35.6117,35.091,35.1301,1495226.7500571,0
GLW.US,D,20201130,000000,35.1301,35.4417,34.7219,35.4417,5593276.0240247,0
GLW.US,D,20201201,000000,35.7922,35.9055,35.2571,35.4036,3887360.386894,0
GLW.US,D,20201202,000000,35.3284,35.9387,35.2717,35.802,4051519.3032373,0
GLW.US,D,20201203,000000,35.3576,35.7083,35.0862,35.1575,4062773.6970293,0
GLW.US,D,20201204,000000,35.2248,35.9436,35.1575,35.9436,3702807.169654,0
GLW.US,D,20201207,000000,35.7825,35.8313,35.3675,35.593,2749671.3204239,0
GLW.US,D,20201208,000000,35.4417,35.9729,35.3929,35.9241,3013818.3220178,0
GLW.US,D,20201209,000000,35.9925,36.4035,35.6311,35.6702,4238583.281425,0
GLW.US,D,20201210,000000,35.593,35.593,34.9212,35.2063,4371036.1610683,0
GLW.US,D,20201211,000000,34.3724,34.6175,33.5763,33.7571,6606377.2821566,0
GLW.US,D,20201214,000000,35.0061,35.4417,34.6175,34.8644,6079188.1366616,0
GLW.US,D,20201215,000000,35.0355,35.1487,34.3811,35.0637,4671392.5952223,0
GLW.US,D,20201216,000000,35.1008,35.1399,34.1018,34.3244,4838665.3876026,0
GLW.US,D,20201217,000000,34.5705,34.6663,34.3244,34.6565,4436207.4054752,0
GLW.US,D,20201218,000000,34.676,34.7082,33.9504,34.3244,7480756.9499917,0
GLW.US,D,20201221,000000,33.7746,34.1349,33.1827,34.05,5772328.503984,0
GLW.US,D,20201222,000000,34.2962,34.5236,34.0109,34.1633,3526633.0538971,0
GLW.US,D,20201223,000000,34.4279,34.7736,34.2863,34.4279,4429921.2874252,0
GLW.US,D,20201224,000000,34.5705,34.6565,34.05,34.3527,1257149.8845691,0
GLW.US,D,20201228,000000,34.5324,34.7131,34.2404,34.2765,1831557.1049368,0
GLW.US,D,20201229,000000,34.4573,34.4573,33.6281,33.7571,1993435.6523442,0
GLW.US,D,20201230,000000,33.9084,34.2492,33.8595,34.0696,2386191.5708579,0
GLW.US,D,20201231,000000,34.0969,34.1575,33.7472,34.0969,3761738.3744133,0
GLW.US,D,20210104,000000,34.1448,34.3146,32.965,33.0754,5278769.4244799,0
GLW.US,D,20210105,000000,33.1125,33.9601,33.0656,33.7843,5041497.395087,0
GLW.US,D,20210106,000000,34.2863,35.5793,34.0969,34.9495,5775812.0312045,0
GLW.US,D,20210107,000000,35.2913,35.4797,34.7698,35.0256,4727803.8233533,0
GLW.US,D,20210108,000000,35.1672,35.2619,34.6272,34.9974,4376266.5717215,0
GLW.US,D,20210111,000000,34.6175,35.6184,34.4758,35.5559,5938250.6871921,0
GLW.US,D,20210112,000000,35.7083,36.0296,35.3147,35.4797,4075918.3292834,0
GLW.US,D,20210113,000000,35.4231,35.4797,35.0637,35.2063,2917933.2625088,0
GLW.US,D,20210114,000000,35.8694,36.7015,35.4993,36.0207,5514940.6920381,0
GLW.US,D,20210115,000000,35.7629,36.0217,35.2327,35.802,5125226.9720465,0
GLW.US,D,20210119,000000,36.2005,36.6829,36.095,36.4934,4241829.2488821,0
GLW.US,D,20210120,000000,36.5305,36.7864,36.1048,36.4182,3399919.4952622,0
GLW.US,D,20210121,000000,36.4641,36.5599,35.9339,35.9339,2981452.8521813,0
GLW.US,D,20210122,000000,35.5188,35.8401,35.304,35.6117,4555731.7093732,0
GLW.US,D,20210125,000000,35.7444,36.4886,35.5647,36.4279,5067823.5223175,0
GLW.US,D,20210126,000000,36.6927,36.7015,35.1575,35.2063,5894743.4596585,0
GLW.US,D,20210127,000000,34.2394,35.0061,33.178,33.3684,9512295.3452519,0
GLW.US,D,20210128,000000,34.1721,34.9495,34.0305,34.5149,5781543.1604969,0
GLW.US,D,20210129,000000,34.2863,34.5423,33.673,33.9748,5876448.2859819,0
GLW.US,D,20210201,000000,34.2492,34.466,33.718,34.0022,3648087.5308729,0
GLW.US,D,20210202,000000,34.4954,34.7502,34.1262,34.4103,4600128.7620553,0
GLW.US,D,20210203,000000,34.2111,34.6565,33.7277,34.4192,4109102.970718,0
GLW.US,D,20210204,000000,34.76,35.3987,34.6272,35.3088,3839873.0093585,0
GLW.US,D,20210205,000000,35.4797,35.6896,35.3772,35.4417,2350793.1181798,0
GLW.US,D,20210208,000000,35.5472,35.8821,35.4993,35.6896,2423049.1729449,0
GLW.US,D,20210209,000000,35.6605,35.7825,34.3625,34.4103,7415544.7470048,0
GLW.US,D,20210210,000000,34.5149,35.1526,34.4855,34.9875,4115633.816283,0
GLW.US,D,20210211,000000,35.0813,35.0813,34.3343,34.8176,3734302.2696677,0
GLW.US,D,20210212,000000,34.4954,35.0061,34.3811,34.9299,3025427.0075259,0
GLW.US,D,20210216,000000,36.4182,37.0902,36.3226,36.5599,8594838.5149721,0
GLW.US,D,20210217,000000,36.2952,36.721,35.8694,35.887,6195999.9586058,0
GLW.US,D,20210218,000000,35.6506,36.0667,35.4231,35.5745,4500404.8596451,0
GLW.US,D,20210219,000000,35.7268,36.2424,35.6214,36.0481,4072604.7801696,0
GLW.US,D,20210222,000000,35.8118,36.2855,35.6214,35.9436,3384352.163007,0
GLW.US,D,20210223,000000,35.8118,35.887,35.096,35.6605,4524342.0777029,0
GLW.US,D,20210224,000000,35.6605,36.7962,35.5286,36.5891,4347000.6424188,0
GLW.US,D,20210225,000000,36.4553,36.5696,35.6351,35.9202,6490963.1717516,0
GLW.US,D,20210226,000000,36.1878,36.9642,35.9739,36.4456,8418699.2140081,0
GLW.US,D,20210301,000000,37.0549,37.9135,36.9065,37.6185,5869411.6019552,0
GLW.US,D,20210302,000000,37.6273,37.8363,36.9026,36.9212,4049464.2064909,0
GLW.US,D,20210303,000000,36.8167,37.555,36.6643,36.7776,4792856.2878786,0
GLW.US,D,20210304,000000,36.5891,36.6927,34.6155,35.2258,7153716.0010332,0
GLW.US,D,20210305,000000,35.6926,35.8743,34.2815,35.7023,4066118.9890425,0
GLW.US,D,20210308,000000,36.0169,36.2835,35.6642,35.846,3725118.3320898,0
GLW.US,D,20210309,000000,36.1692,36.969,36.1214,36.6155,4477816.2028306,0
GLW.US,D,20210310,000000,36.807,37.5355,36.7513,37.1409,4762258.1807647,0
GLW.US,D,20210311,000000,37.3978,38.1234,37.3978,38.1234,6253088.0272697,0
GLW.US,D,20210312,000000,38.056,39.0189,37.845,38.8373,7395486.3064636,0
GLW.US,D,20210315,000000,38.8471,39.6664,38.6849,39.638,8773394.3721501,0
GLW.US,D,20210316,000000,39.5521,39.638,38.7182,39.0668,3768506.7797418,0
GLW.US,D,20210317,000000,38.9047,39.5004,38.7426,39.3714,4608664.5301064,0
GLW.US,D,20210318,000000,39.2191,40.5482,39.2055,39.4574,7440721.9860689,0
GLW.US,D,20210319,000000,39.476,39.8911,38.6702,39.3432,13702101.053875,0
GLW.US,D,20210322,000000,39.1811,39.3627,38.933,39.0472,5444556.4443743,0
GLW.US,D,20210323,000000,38.9896,39.1615,37.7025,37.9974,5145725.7173216,0
GLW.US,D,20210324,000000,38.2074,38.8852,38.0746,38.3597,4008914.188426,0
GLW.US,D,20210325,000000,38.1429,39.4085,37.8363,39.2855,4735164.0801612,0
GLW.US,D,20210326,000000,39.7621,41.4486,39.6664,41.3725,7825845.2732184,0
GLW.US,D,20210329,000000,41.2865,42.0493,41.0394,41.3637,8618440.8966393,0
GLW.US,D,20210330,000000,41.3921,41.6489,41.0728,41.5542,3885804.9848223,0
GLW.US,D,20210331,000000,41.4195,41.9643,41.3296,41.4683,4621876.7440174,0
GLW.US,D,20210401,000000,41.8218,41.9917,41.3637,41.9252,3969341.0324916,0
GLW.US,D,20210405,000000,42.8316,43.689,42.5073,43.3462,5965925.3756657,0
GLW.US,D,20210406,000000,42.9937,43.23,42.4448,42.5825,5845010.5279801,0
GLW.US,D,20210407,000000,42.6109,42.6889,42.1489,42.2114,3614804.5888467,0
GLW.US,D,20210408,000000,42.2016,42.4879,41.9155,42.4781,4242524.5207758,0
GLW.US,D,20210409,000000,42.517,42.7251,42.3208,42.65,4147953.2077171,0
GLW.US,D,20210412,000000,42.6206,43.1069,42.564,42.9351,4833722.7109732,0
GLW.US,D,20210413,000000,42.8872,43.0395,42.6753,42.8774,3285395.2100055,0
GLW.US,D,20210414,000000,42.9068,43.5786,42.8609,43.1167,3263503.8730138,0
GLW.US,D,20210415,000000,43.2887,43.8512,43.2202,43.7447,3559085.560716,0
GLW.US,D,20210416,000000,43.9361,44.1461,43.5923,43.6509,3919338.7981504,0
GLW.US,D,20210419,000000,44.4137,44.4419,43.774,43.898,4779131.0677543,0
GLW.US,D,20210420,000000,43.6411,43.8228,43.1119,43.4214,3064003.8460042,0
GLW.US,D,20210421,000000,43.2788,44.0885,43.1547,44.0796,2974520.6125333,0
GLW.US,D,20210422,000000,44.0796,44.0796,43.4117,43.4498,2985026.4882775,0
GLW.US,D,20210423,000000,43.898,44.3131,43.6509,44.0796,3739898.2356465,0
GLW.US,D,20210426,000000,44.1656,44.6216,43.9067,43.9077,5285542.9496308,0
GLW.US,D,20210427,000000,43.4117,43.4596,42.1625,42.4214,6013036.9582305,0
GLW.US,D,20210428,000000,42.3442,42.44,41.767,42.2788,4940068.5917886,0
GLW.US,D,20210429,000000,42.6109,43.2125,42.4732,43.0317,4412678.7492521,0
GLW.US,D,20210430,000000,42.517,42.5542,41.7974,42.1362,4693488.7251136,0
GLW.US,D,20210503,000000,42.5259,43.022,42.4117,42.6978,5640235.0358794,0
GLW.US,D,20210504,000000,42.5357,42.8687,42.0395,42.8687,3726313.2986584,0
GLW.US,D,20210505,000000,42.9546,43.5973,42.9546,43.2788,2731492.8787,0
GLW.US,D,20210506,000000,43.1841,43.5923,42.8961,43.5259,3914585.5549531,0
GLW.US,D,20210507,000000,43.6021,44.0455,43.3833,43.8414,3447012.6464661,0
GLW.US,D,20210510,000000,44.2701,44.2701,43.0972,43.1167,3931631.4919427,0
GLW.US,D,20210511,000000,42.4214,43.2027,41.9458,43.022,5979799.0706421,0
GLW.US,D,20210512,000000,42.7447,42.773,40.7807,40.8383,5971612.4744847,0
GLW.US,D,20210513,000000,40.8871,41.8218,40.8481,41.4867,4937257.809243,0
GLW.US,D,20210514,000000,41.8218,42.4781,41.6587,42.2016,2719557.5485174,0
GLW.US,D,20210517,000000,41.9351,42.2368,41.5542,42.1167,3291010.6313098,0
GLW.US,D,20210518,000000,42.2495,42.2495,41.3149,41.3443,3617543.6938775,0
GLW.US,D,20210519,000000,40.5923,41.1919,39.981,41.1625,4581415.8108636,0
GLW.US,D,20210520,000000,41.3443,41.8823,41.1245,41.6489,4053693.1798655,0
GLW.US,D,20210521,000000,41.8774,42.1968,41.3296,41.4867,3381627.3934792,0
GLW.US,D,20210524,000000,41.7349,42.2212,41.7251,41.9448,2508075.0889582,0
GLW.US,D,20210525,000000,42.1167,42.1675,41.5258,41.7533,2651047.1558841,0
GLW.US,D,20210526,000000,41.9448,41.9741,41.5298,41.7349,2441559.379166,0
GLW.US,D,20210527,000000,42.0893,42.3335,41.3325,41.5151,10258635.420428,0
GLW.US,D,20210528,000000,41.8315,42.0074,41.5474,41.812,3852844.5916127,0
GLW.US,D,20210601,000000,42.0121,42.2817,41.2603,41.3227,4901664.8033105,0
GLW.US,D,20210602,000000,41.2367,41.4322,40.9389,41.0922,6588224.4395452,0
GLW.US,D,20210603,000000,40.8246,41.5571,40.4984,41.3804,4831615.3920374,0
GLW.US,D,20210604,000000,41.6489,41.7388,41.352,41.6,3412567.5047353,0
GLW.US,D,20210607,000000,41.8784,41.8784,40.6177,40.8246,7358544.7392878,0
GLW.US,D,20210608,000000,41.0737,41.5288,40.9487,41.2182,5485829.3813746,0
GLW.US,D,20210609,000000,41.3617,41.3998,40.9291,40.977,5105136.7886057,0
GLW.US,D,20210610,000000,41.2367,41.6684,41.2182,41.2466,3521384.2118831,0
GLW.US,D,20210611,000000,41.2554,41.481,41.1694,41.3617,3625051.401573,0
GLW.US,D,20210614,000000,41.016,41.1303,39.4349,39.7319,10946344.312443,0
GLW.US,D,20210615,000000,39.808,39.9242,39.1762,39.3099,5561813.690875,0
GLW.US,D,20210616,000000,39.2427,39.3099,38.5288,38.6674,6380953.5459641,0
GLW.US,D,20210617,000000,38.5238,38.5823,37.4027,37.681,5326132.9023112,0
GLW.US,D,20210618,000000,37.3079,37.6527,36.9144,37.0863,9071617.888256,0
GLW.US,D,20210621,000000,37.2494,37.9593,37.2494,37.7484,4281428.0039288,0
GLW.US,D,20210622,000000,37.93,38.7836,37.8012,38.477,8105811.5023339,0
GLW.US,D,20210623,000000,38.5532,39.2671,38.3519,39.1567,7566847.7890823,0
GLW.US,D,20210624,000000,39.4154,39.5121,38.8793,39.2915,4026719.9070728,0
GLW.US,D,20210625,000000,39.4828,39.6459,39.1087,39.1956,9922294.8259032,0
GLW.US,D,20210628,000000,39.4447,39.5023,39.0277,39.2816,2811083.5911606,0
GLW.US,D,20210629,000000,39.3002,39.6078,39.099,39.1468,3345430.2484931,0
GLW.US,D,20210630,000000,39.1284,39.3002,38.9555,39.1956,3532314.0089292,0
GLW.US,D,20210701,000000,39.2915,39.3764,39.0453,39.3686,3159250.9756313,0
GLW.US,D,20210702,000000,39.473,39.5932,39.2671,39.4828,2042435.4254425,0
GLW.US,D,20210706,000000,39.2915,39.4057,38.347,38.7357,3809332.2442565,0
GLW.US,D,20210707,000000,38.7553,39.1234,38.6401,38.9555,3016019.8456874,0
GLW.US,D,20210708,000000,38.1888,38.7553,37.969,38.4291,2899504.9734475,0
GLW.US,D,20210709,000000,38.8988,39.3958,38.7972,39.3196,3007516.8445003,0
GLW.US,D,20210712,000000,39.3764,39.6263,39.1137,39.2153,3015126.9486456,0
GLW.US,D,20210713,000000,38.9359,39.0326,38.4857,38.8793,3407337.0940821,0
GLW.US,D,20210714,000000,39.1762,39.5297,38.8207,39.0619,2797907.216007,0
GLW.US,D,20210715,000000,38.6772,39.1186,38.6575,38.8793,2430545.6170311,0
GLW.US,D,20210716,000000,39.1468,39.1468,38.137,38.1596,3203784.2155914,0
GLW.US,D,20210719,000000,37.3831,37.7865,37.1498,37.6898,4425243.8176007,0
GLW.US,D,20210720,000000,37.9202,38.6575,37.8059,38.4389,4510237.9907145,0
GLW.US,D,20210721,000000,38.6674,39.1859,38.5726,39.1567,3777808.4732369,0
GLW.US,D,20210722,000000,39.2055,39.224,38.6478,38.7455,2432825.9859669,0
GLW.US,D,20210723,000000,39.1284,39.5882,38.9505,39.5023,3993918.2283604,0
GLW.US,D,20210726,000000,39.4633,39.808,39.3002,39.349,5211770.4034449,0
GLW.US,D,20210727,000000,38.5141,39.1859,37.5853,38.8305,7535455.0855183,0
GLW.US,D,20210728,000000,38.9457,39.3861,38.8207,39.1371,3798070.6827132,0
GLW.US,D,20210729,000000,39.5297,40.2876,39.4447,40.0776,3840881.6143886,0
GLW.US,D,20210730,000000,39.895,40.3237,39.8276,40.1147,3378174.5851937,0
GLW.US,D,20210802,000000,40.3549,40.7807,39.3587,39.3861,4268122.6092485,0
GLW.US,D,20210803,000000,39.5297,40.1342,39.0893,39.9613,3179878.740433,0
GLW.US,D,20210804,000000,39.7807,40.0355,39.6078,39.8559,3298212.1736206,0
GLW.US,D,20210805,000000,39.7416,39.8559,39.1039,39.1859,4769500.6816554,0
GLW.US,D,20210806,000000,39.3099,39.4828,39.0472,39.2153,3740708.191564,0
GLW.US,D,20210809,000000,39.2524,39.2718,38.8246,39.0521,2224398.0125036,0
GLW.US,D,20210810,000000,39.1956,39.2524,38.8695,39.2153,3813062.5469208,0
GLW.US,D,20210811,000000,39.2915,39.3149,38.8793,39.2327,2658206.7156505,0
GLW.US,D,20210812,000000,39.1859,39.2718,38.4857,38.6772,2541443.0200377,0
GLW.US,D,20210813,000000,38.6401,38.7357,38.4486,38.6303,2153543.7651356,0
GLW.US,D,20210816,000000,38.4954,38.726,38.3138,38.7064,1942319.3446298,0
GLW.US,D,20210817,000000,38.3324,38.8402,38.2035,38.6869,5562376.8713486,0
GLW.US,D,20210818,000000,38.5629,39.349,38.4291,38.8988,5789648.8634591,0
GLW.US,D,20210819,000000,38.4573,39.3002,38.3998,39.1859,4612062.044309,0
GLW.US,D,20210820,000000,38.9086,39.4545,38.4339,38.4954,7727215.988856,0
GLW.US,D,20210823,000000,38.6674,38.9359,38.1693,38.726,5655532.0415074,0
GLW.US,D,20210824,000000,38.9359,39.0521,38.6674,38.8021,4759267.1804675,0
GLW.US,D,20210825,000000,38.726,39.2153,38.6966,39.1186,3527275.0796371,0
GLW.US,D,20210826,000000,39.2816,39.4252,38.4954,38.5141,4008947.9792543,0
GLW.US,D,20210827,000000,38.5141,39.2055,38.5141,39.0521,2435120.6904058,0
GLW.US,D,20210830,000000,39.2728,39.2728,38.599,38.6176,2726773.4263312,0
GLW.US,D,20210831,000000,38.6947,38.9213,38.3773,38.5502,7349194.9194612,0
GLW.US,D,20210901,000000,38.5405,38.5599,37.6537,37.7504,6401531.1365056,0
GLW.US,D,20210902,000000,37.9427,38.2122,37.5911,38.1741,4528586.410545,0
GLW.US,D,20210903,000000,38.2122,38.4349,38.0677,38.0677,2891582.5601305,0
GLW.US,D,20210907,000000,37.8079,38.2318,37.596,38.1263,5437727.6251407,0
GLW.US,D,20210908,000000,38.0296,38.0872,37.3548,37.5765,5891281.4356924,0
GLW.US,D,20210909,000000,37.4798,37.7885,37.1428,37.22,4338912.3468532,0
GLW.US,D,20210910,000000,37.3646,37.6156,37.0853,37.432,4210605.4994603,0
GLW.US,D,20210913,000000,37.7601,38.0394,37.2777,37.5472,3867193.4061159,0
GLW.US,D,20210914,000000,37.721,37.721,36.7435,36.8831,4010403.0328053,0
GLW.US,D,20210915,000000,36.9398,37.4222,36.6038,37.2484,3918789.9531798,0
GLW.US,D,20210916,000000,37.1527,37.5911,37.1234,37.4417,4515582.0614268,0
GLW.US,D,20210917,000000,37.1907,37.3021,36.8685,37.0081,9016842.955392,0
GLW.US,D,20210920,000000,36.4202,36.6702,36.0237,36.6214,4464012.13744,0
GLW.US,D,20210921,000000,36.7483,36.8343,35.9378,35.9671,4134302.737001,0
GLW.US,D,20210922,000000,36.2366,36.3323,35.7932,35.9768,5291874.1221187,0
GLW.US,D,20210923,000000,36.2073,36.5501,36.178,36.4299,4334293.243005,0
GLW.US,D,20210924,000000,36.3137,37.2288,36.2073,37.0081,6522842.2584517,0
GLW.US,D,20210927,000000,36.969,37.4124,36.8929,37.094,3692524.5181703,0
GLW.US,D,20210928,000000,37.0462,37.1722,36.1829,36.2561,4705246.9094382,0
GLW.US,D,20210929,000000,36.2952,36.5159,35.6389,35.7932,4610109.3440123,0
GLW.US,D,20210930,000000,35.9475,36.1214,35.1663,35.176,5531729.6139388,0
GLW.US,D,20211001,000000,35.4553,35.8655,34.9162,35.6488,3800807.7398149,0
GLW.US,D,20211004,000000,35.4944,35.9329,35.0218,35.2434,2940559.8060097,0
GLW.US,D,20211005,000000,35.1956,35.8704,35.051,35.5716,3490090.8328754,0
GLW.US,D,20211006,000000,35.301,35.5041,34.6701,35.0609,4706733.7058885,0
GLW.US,D,20211007,000000,35.4456,35.928,35.2825,35.6097,2943330.6539399,0
GLW.US,D,20211008,000000,35.8792,36.3274,35.7063,35.8226,4662275.2153366,0
GLW.US,D,20211011,000000,35.8127,36.2561,35.5618,35.5901,5171131.3004687,0
GLW.US,D,20211012,000000,35.5813,35.7063,35.0315,35.1087,2625290.3529144,0
GLW.US,D,20211013,000000,35.2053,35.5901,34.925,35.5237,3484371.9911569,0
GLW.US,D,20211014,000000,35.8792,36.5208,35.7639,36.3323,3832537.3276985,0
GLW.US,D,20211015,000000,36.5355,36.8831,36.3908,36.5843,2974149.9373852,0
GLW.US,D,20211018,000000,36.342,36.636,36.0823,36.4593,2264724.8063082,0
GLW.US,D,20211019,000000,36.6897,36.8147,36.3617,36.5452,2748000.210364,0
GLW.US,D,20211020,000000,36.6409,37.1234,36.4964,36.9496,2547362.5587977,0
GLW.US,D,20211021,000000,36.7572,37.099,36.6214,37.0746,2764680.5920281,0
GLW.US,D,20211022,000000,37.0559,37.2581,36.5647,36.8538,3397090.2813558,0
GLW.US,D,20211025,000000,37.0178,37.4993,36.7953,37.22,7087065.1279273,0
GLW.US,D,20211026,000000,35.2336,35.5998,34.7327,35.2629,12525537.175258,0
GLW.US,D,20211027,000000,35.1663,35.3792,33.9718,34.1164,7462452.5606346,0
GLW.US,D,20211028,000000,34.261,34.6555,34.1067,34.3567,6292505.5406003,0
GLW.US,D,20211029,000000,34.2414,34.7092,34.1369,34.2892,3712567.5992442,0
GLW.US,D,20211101,000000,34.299,35.2727,34.2511,35.1282,4336212.1524734,0
GLW.US,D,20211102,000000,35.1858,35.6966,35.0168,35.6291,4680820.2363507,0
GLW.US,D,20211103,000000,35.5422,35.8987,35.4173,35.7258,4462009.2628828,0
GLW.US,D,20211104,000000,35.7347,35.7982,35.1135,35.3498,3348996.7168378,0
GLW.US,D,20211105,000000,35.6194,37.1625,35.5618,36.9593,5553403.8704571,0
GLW.US,D,20211108,000000,37.1625,37.4222,36.7757,37.0843,4950004.1193077,0
GLW.US,D,20211109,000000,37.1234,37.5374,36.8147,36.8441,3741937.9729255,0
GLW.US,D,20211110,000000,36.7854,37.1351,36.5335,36.7376,3297007.9913714,0
GLW.US,D,20211111,000000,36.8538,37.4261,36.6888,37.1154,3572269.1036211,0
GLW.US,D,20211112,000000,37.2611,38.0999,37.1351,37.9496,3327989.0612074,0
GLW.US,D,20211115,000000,38.0658,38.0658,37.4505,37.5423,3161934.7865792,0
GLW.US,D,20211116,000000,37.5423,37.8821,37.4163,37.4935,2407728.6161335,0
GLW.US,D,20211117,000000,37.3773,37.5326,36.8831,37.0569,3737700.8078349,0
GLW.US,D,20211118,000000,37.1645,37.2415,36.6937,37.1839,3269177.6602943,0
GLW.US,D,20211119,000000,37.1742,37.1742,36.514,36.5238,4272121.1906111,0
GLW.US,D,20211122,000000,36.6595,38.0277,36.5823,37.5521,5645764.4441659,0
GLW.US,D,20211123,000000,37.7748,38.3089,37.5521,38.2503,5196123.2019589,0
GLW.US,D,20211124,000000,38.1342,38.307,37.8089,37.8724,3211713.7966599,0
GLW.US,D,20211126,000000,36.9847,37.4114,36.553,36.8245,2473799.9253338,0
GLW.US,D,20211129,000000,37.1692,37.7171,36.8929,37.3099,3751368.6859473,0
GLW.US,D,20211130,000000,37.0569,37.1301,35.8694,35.9808,8919904.236415,0
GLW.US,D,20211201,000000,36.6888,37.2611,35.7287,35.7474,7176763.3939426,0
GLW.US,D,20211202,000000,35.9612,36.6497,35.8059,36.4075,4428535.8634601,0
GLW.US,D,20211203,000000,36.4075,36.6985,35.7668,36.0199,5030971.0400529,0
GLW.US,D,20211206,000000,36.3781,36.8782,35.8254,36.5335,4211872.1435436,0
GLW.US,D,20211207,000000,36.8441,37.4838,36.7953,37.0863,3608339.2770096,0
GLW.US,D,20211208,000000,37.0863,37.3626,36.9212,37.1742,3933557.5691625,0
GLW.US,D,20211209,000000,37.0666,37.3196,36.4075,36.427,3969684.0605984,0
GLW.US,D,20211210,000000,36.7083,37.0286,36.3196,36.4847,3500278.2556609,0
GLW.US,D,20211213,000000,36.3587,36.3978,35.3889,35.8254,4004123.0585422,0
GLW.US,D,20211214,000000,35.7766,36.1839,35.592,35.6799,3513202.7355482,0
GLW.US,D,20211215,000000,35.7287,36.1653,35.5198,36.0872,3941767.7165034,0
GLW.US,D,20211216,000000,36.2522,36.5726,35.971,35.9905,3740707.1675995,0
GLW.US,D,20211217,000000,35.7865,36.01,35.3401,35.592,8454570.7382841,0
GLW.US,D,20211220,000000,35.098,35.1369,34.3117,35.0198,4806878.4577071,0
GLW.US,D,20211221,000000,35.2532,35.2933,34.6907,35.175,4860157.3784403,0
GLW.US,D,20211222,000000,35.1946,35.5051,35.098,35.2923,3107509.0256087,0
GLW.US,D,20211223,000000,35.4563,35.9124,35.3694,35.6506,2977441.9832447,0
GLW.US,D,20211227,000000,35.7474,36.2621,35.6896,36.2522,2749709.2071103,0
GLW.US,D,20211228,000000,36.2718,36.3587,35.9319,36.2327,2549135.0413429,0
GLW.US,D,20211229,000000,36.1839,36.7034,36.1839,36.3881,2919578.7734563,0
GLW.US,D,20211230,000000,36.475,36.7278,36.0481,36.0969,2148933.8769679,0
GLW.US,D,20211231,000000,36.0579,36.2912,35.9808,36.1165,2150938.799454,0
GLW.US,D,20220103,000000,36.2815,36.47,35.8353,36.0774,3278486.521541,0
GLW.US,D,20220104,000000,36.3011,37.3099,36.2132,36.8734,5837650.2711721,0
GLW.US,D,20220105,000000,37.222,37.9789,37.0188,37.0385,6380927.9468517,0
GLW.US,D,20220106,000000,37.0666,37.4554,36.6302,37.1839,5087335.1658171,0
GLW.US,D,20220107,000000,37.14,37.5911,36.679,36.8343,3929058.2691606,0
GLW.US,D,20220110,000000,36.7757,36.9603,36.0481,36.475,4652522.9774627,0
GLW.US,D,20220111,000000,36.5921,36.9115,36.0969,36.9017,4046217.2150694,0
GLW.US,D,20220112,000000,37.1254,37.5326,36.6351,37.0286,3518317.4382131,0
GLW.US,D,20220113,000000,36.9309,37.3626,36.8392,36.9505,3974888.872139,0
GLW.US,D,20220114,000000,35.7376,36.5921,35.5315,35.9808,7193005.5188017,0
GLW.US,D,20220118,000000,36.0579,36.0579,35.3938,35.5539,6168890.4985348,0
GLW.US,D,20220119,000000,35.6702,35.7571,34.8742,34.8841,3895827.5493237,0
GLW.US,D,20220120,000000,34.9426,35.2961,34.0012,34.0793,5508038.1473605,0
GLW.US,D,20220121,000000,34.0793,34.6419,33.8459,34.0109,5114180.4430475,0
GLW.US,D,20220124,000000,33.4777,34.3704,32.9152,34.2737,6308005.2911987,0
GLW.US,D,20220125,000000,33.6623,34.5061,33.2258,34.2444,7271577.3865873,0
GLW.US,D,20220126,000000,39.3851,39.8901,37.7464,38.0658,15025599.742023,0
GLW.US,D,20220127,000000,39.017,40.4281,38.8128,39.347,11758177.156877,0
GLW.US,D,20220128,000000,39.4535,40.8793,39.4535,40.8599,9014492.9568702,0
GLW.US,D,20220131,000000,40.394,41.1313,40.1323,40.7827,8768321.6520296,0
GLW.US,D,20220201,000000,40.9087,41.015,40.521,40.9087,5563332.2302247,0
GLW.US,D,20220202,000000,41.2583,41.5542,40.9087,41.4613,4625400.2058532,0
GLW.US,D,20220203,000000,41.6557,41.8881,41.224,41.3354,4965748.5974211,0
GLW.US,D,20220204,000000,41.1801,41.5552,40.5492,40.9282,3996917.4203734,0
GLW.US,D,20220207,000000,41.3941,41.4907,40.85,40.9379,3648873.935607,0
GLW.US,D,20220208,000000,41.2964,41.5581,41.0444,41.4613,3681893.7187575,0
GLW.US,D,20220209,000000,41.8686,41.8881,41.481,41.6655,3404036.8565067,0
GLW.US,D,20220210,000000,41.2192,42.1695,41.0102,41.2192,4939710.2042145,0
GLW.US,D,20220211,000000,41.3159,41.6167,40.3803,40.6177,4363161.8740827,0
GLW.US,D,20220214,000000,40.8989,40.9858,39.7982,40.0551,6056251.3319179,0
GLW.US,D,20220215,000000,40.5688,40.9575,40.3852,40.8305,3372565.3076765,0
GLW.US,D,20220216,000000,40.7046,41.1704,40.5161,41.1216,3275402.3404745,0
GLW.US,D,20220217,000000,40.4428,40.7534,40.0649,40.1224,3393609.8260288,0
GLW.US,D,20220218,000000,40.0551,40.8305,40.0258,40.4526,3542223.937336,0
GLW.US,D,20220222,000000,40.1127,40.6274,39.517,39.8901,4763037.4177473,0
GLW.US,D,20220223,000000,39.9095,40.1323,38.934,39.0267,4586060.5138244,0
GLW.US,D,20220224,000000,38.0853,39.4145,37.639,39.2982,7314171.2377892,0
GLW.US,D,20220225,000000,39.3958,40.2358,39.1029,40.1381,4339305.5492202,0
GLW.US,D,20220228,000000,39.4447,39.9038,39.0541,39.4545,6340920.6299704,0
GLW.US,D,20220301,000000,39.1909,39.4057,37.306,37.6673,4952996.1435694,0
GLW.US,D,20220302,000000,38.0189,39.1176,37.7845,38.8979,4617067.1827727,0
GLW.US,D,20220303,000000,38.8197,39.1127,38.4095,38.7123,3519000.422533,0
GLW.US,D,20220304,000000,38.1166,38.4291,37.7016,37.9408,4499893.901361,0
GLW.US,D,20220307,000000,37.9115,37.9115,36.3978,36.4172,5451767.2023657,0
GLW.US,D,20220308,000000,36.4172,37.1204,35.4407,36.1048,5415411.3428825,0
GLW.US,D,20220309,000000,37.1986,37.2669,36.7102,36.7493,5350300.5123808,0
GLW.US,D,20220310,000000,36.1243,36.3002,35.6751,36.1438,4646455.9878151,0
GLW.US,D,20220311,000000,36.4954,36.6321,35.5286,35.5872,5041808.6802943,0
GLW.US,D,20220314,000000,36.0852,36.2708,34.9426,35.3625,5232315.2271225,0
GLW.US,D,20220315,000000,35.6555,35.9973,35.3528,35.7337,4290848.4773057,0
GLW.US,D,20220316,000000,35.9973,37.0422,35.6652,36.4369,6407483.4421295,0
GLW.US,D,20220317,000000,36.222,36.8274,35.8704,36.8177,5121230.4386128,0
GLW.US,D,20220318,000000,36.8861,37.1692,36.3881,37.1301,10313002.815421,0
GLW.US,D,20220321,000000,37.14,37.4915,36.6761,36.9153,4820085.5517957,0
GLW.US,D,20220322,000000,37.2083,37.5355,36.9842,37.4427,6222313.7982622,0
GLW.US,D,20220323,000000,37.306,37.5501,36.5833,36.6712,3203835.4138162,0
GLW.US,D,20220324,000000,36.8763,37.6185,36.7005,37.4525,5748560.2400684,0
GLW.US,D,20220325,000000,37.599,37.7992,37.2815,37.472,3008227.4758615,0
GLW.US,D,20220328,000000,37.3548,37.3646,36.5686,37.0619,3066764.4542893,0
GLW.US,D,20220329,000000,37.4525,37.6185,37.218,37.4231,3893785.7641157,0
GLW.US,D,20220330,000000,37.2669,37.3841,36.3831,36.7005,6337035.708667,0
GLW.US,D,20220331,000000,36.4466,36.5784,36.0316,36.0461,5213311.4700137,0
GLW.US,D,20220401,000000,36.3978,36.3978,35.0793,35.5091,3637715.7944779,0
GLW.US,D,20220404,000000,35.4895,35.8166,35.177,35.7337,3543033.8932534,0
GLW.US,D,20220405,000000,35.4797,35.597,34.6984,34.8353,4083479.2831329,0
GLW.US,D,20220406,000000,34.3958,34.4641,33.8683,34.1027,5044193.4936089,0
GLW.US,D,20220407,000000,33.7512,33.8782,32.9601,33.6047,5826420.4525282,0
GLW.US,D,20220408,000000,33.6144,33.7121,33.1506,33.2922,5243074.0220975,0
GLW.US,D,20220411,000000,33.175,33.5118,32.7942,32.8821,3847355.1179417,0
GLW.US,D,20220412,000000,33.0577,33.3898,32.7307,32.7648,4205338.2260851,0
GLW.US,D,20220413,000000,32.7355,33.1066,32.7355,33.0773,3362564.2464295,0
GLW.US,D,20220414,000000,33.1456,33.2629,32.8233,32.9015,4252824.5796561,0
GLW.US,D,20220418,000000,32.9406,33.3166,32.7697,33.0773,3817051.912603,0
GLW.US,D,20220419,000000,33.1945,33.9562,33.1554,33.8976,5543698.7349499,0
GLW.US,D,20220420,000000,34.1809,34.4738,33.7903,33.8586,5079889.9199557,0
GLW.US,D,20220421,000000,34.3762,34.5569,33.6926,33.8293,4638147.5398824,0
GLW.US,D,20220422,000000,33.673,33.7903,32.9015,33.0089,6555313.1966315,0
GLW.US,D,20220425,000000,32.7942,33.6438,32.4327,33.6144,8760729.9792453,0
GLW.US,D,20220426,000000,35.3528,35.8899,34.4055,34.6692,11960721.430338,0
GLW.US,D,20220427,000000,34.7473,35.4212,34.0295,35.2258,9980771.3904257,0
GLW.US,D,20220428,000000,35.6458,35.8411,34.8841,35.5482,5829191.3004584,0
GLW.US,D,20220429,000000,35.2844,35.8118,34.2882,34.3664,5219112.228892,0
GLW.US,D,20220502,000000,34.3664,35.1477,34.1809,35.1184,6418413.2391757,0
GLW.US,D,20220503,000000,35.1965,35.5774,34.9767,35.2844,4081547.0621261,0
GLW.US,D,20220504,000000,35.4114,36.4319,35.1282,36.3978,4704403.1626922,0
GLW.US,D,20220505,000000,35.9192,36.056,35.1184,35.6751,4685002.1073584,0
GLW.US,D,20220506,000000,35.5383,36.1492,34.9964,35.9973,4975264.2994962,0
GLW.US,D,20220509,000000,35.4114,35.8607,34.7766,34.9232,5281024.1943034,0
GLW.US,D,20220510,000000,35.3821,35.5579,34.4836,35.1575,5021752.287682,0
GLW.US,D,20220511,000000,34.718,35.2258,34.0149,34.0637,5585686.3991693,0
GLW.US,D,20220512,000000,33.8976,34.4152,33.6829,34.3859,5142895.4794506,0
GLW.US,D,20220513,000000,34.6692,34.8938,34.22,34.7082,4144357.0444019,0
GLW.US,D,20220516,000000,34.4348,34.6984,33.7805,34.3762,4169894.7189693,0
GLW.US,D,20220517,000000,34.9133,35.4797,34.8303,35.4407,4222734.358933,0
GLW.US,D,20220518,000000,34.9914,34.9914,33.0236,33.2629,7994249.5463683,0
GLW.US,D,20220519,000000,32.9406,33.3458,32.4181,32.7355,5692003.6089788,0
GLW.US,D,20220520,000000,33.2238,33.2531,31.4806,32.3547,6198451.3296127,0
GLW.US,D,20220523,000000,32.1203,33.2091,32.1104,32.9699,5572425.0349624,0
GLW.US,D,20220524,000000,32.8136,32.9309,31.715,32.4913,6264415.1225408,0
GLW.US,D,20220525,000000,32.2374,33.0432,32.1691,32.9113,5255916.5848251,0
GLW.US,D,20220526,000000,33.2824,34.4787,33.2433,34.3958,7934654.8126147,0
GLW.US,D,20220527,000000,34.7303,35.1191,34.4548,35.0847,4329011.3087461,0
GLW.US,D,20220531,000000,34.8878,35.6652,34.4548,35.2519,6725578.7589284,0
GLW.US,D,20220601,000000,35.4192,35.5866,34.6664,34.8779,3310165.3080133,0
GLW.US,D,20220602,000000,34.937,35.9506,34.691,35.931,3904155.4691087,0
GLW.US,D,20220603,000000,35.5668,35.7932,35.0846,35.2716,3557772.1343227,0
GLW.US,D,20220606,000000,35.6358,35.9458,35.1585,35.3208,2578091.2579878,0
GLW.US,D,20220607,000000,34.8583,35.311,34.4646,35.2716,3065338.5714805,0
GLW.US,D,20220608,000000,35.1239,35.2864,34.8681,35.2519,3873798.0267957,0
GLW.US,D,20220609,000000,34.8484,34.8484,33.6871,33.7167,5456691.3211021,0
GLW.US,D,20220610,000000,33.2541,33.2836,32.5505,32.7522,4050536.950552,0
GLW.US,D,20220613,000000,31.896,32.0929,31.0743,31.4334,5236158.8705601,0
GLW.US,D,20220614,000000,31.5712,32.1322,31.3596,31.591,6256492.463191,0
GLW.US,D,20220615,000000,31.8862,32.5603,31.5516,32.2207,6947386.4333993,0
GLW.US,D,20220616,000000,31.2563,31.4138,30.4641,30.8725,7449054.4464939,0
GLW.US,D,20220617,000000,30.9709,31.8566,30.528,31.3744,11981407.57755,0
GLW.US,D,20220621,000000,31.9747,32.1371,31.4334,31.6106,4198254.6228055,0
GLW.US,D,20220622,000000,31.2465,31.6696,31.0398,31.0497,3825149.5040477,0
GLW.US,D,20220623,000000,31.1382,31.2169,30.7445,31.1087,4480426.6223364,0
GLW.US,D,20220624,000000,31.463,32.2749,31.3941,32.2405,8888423.5738497,0
GLW.US,D,20220627,000000,32.4865,33.2246,32.0092,32.762,5308118.0802843,0
GLW.US,D,20220628,000000,32.9392,33.2443,31.9551,31.9846,3801195.6164762,0
GLW.US,D,20220629,000000,32.0633,32.2307,31.463,31.8665,4059072.3139015,0
GLW.US,D,20220630,000000,31.3154,31.4925,30.7741,31.0103,7408627.307658,0
GLW.US,D,20220701,000000,30.8725,31.4334,30.2132,31.404,4785463.2344969,0
GLW.US,D,20220705,000000,30.4592,31.1776,30.1442,31.1481,3881181.1160929,0
GLW.US,D,20220706,000000,31.1874,31.6746,31.0103,31.404,3357108.7903207,0
GLW.US,D,20220707,000000,31.65,32.3191,31.6302,32.1421,4233052.4862896,0
GLW.US,D,20220708,000000,32.1027,32.2945,31.709,32.0929,2676654.3823805,0
GLW.US,D,20220711,000000,31.8173,32.1223,31.65,31.9354,3244055.8705276,0
GLW.US,D,20220712,000000,31.9058,32.5751,31.6894,31.8468,2904444.9401136,0
GLW.US,D,20220713,000000,31.2563,31.9058,31.1973,31.7287,2864517.7297024,0
GLW.US,D,20220714,000000,31.2662,31.5418,30.8381,31.4826,5330243.9775385,0
GLW.US,D,20220715,000000,31.9649,32.762,31.7336,32.6735,4193266.5158196,0
GLW.US,D,20220718,000000,32.8802,33.2246,32.1223,32.2503,4873170.1896008,0
GLW.US,D,20220719,000000,32.703,33.6921,32.6538,33.6477,4756761.0430049,0
GLW.US,D,20220720,000000,33.5199,33.9184,33.4313,33.8741,3195204.1248427,0
GLW.US,D,20220721,000000,33.7855,34.2973,33.7069,34.2973,3938739.948509,0
GLW.US,D,20220722,000000,34.2874,34.3662,33.5049,33.8249,4553470.0264289,0
GLW.US,D,20220725,000000,33.9529,34.3466,33.5149,33.943,9313740.7295539,0
GLW.US,D,20220726,000000,33.077,34.4646,32.7522,34.3858,7793377.1006997,0
GLW.US,D,20220727,000000,34.4548,35.931,34.2481,35.3799,6301315.314152,0
GLW.US,D,20220728,000000,35.4684,36.1032,35.3897,35.7144,4310643.003595,0
GLW.US,D,20220729,000000,35.7736,36.3443,35.5767,36.177,5644645.1026309,0
GLW.US,D,20220801,000000,35.7538,36.2951,35.6554,35.8128,3617343.8899286,0
GLW.US,D,20220802,000000,35.6751,35.9506,35.4389,35.5373,3675313.2326771,0
GLW.US,D,20220803,000000,35.7244,36.0589,35.5275,35.9212,2790856.5278818,0
GLW.US,D,20220804,000000,35.9605,36.0097,35.6505,35.9113,3212189.4979082,0
GLW.US,D,20220805,000000,35.5176,35.7046,35.1239,35.2323,4727498.9723218,0
GLW.US,D,20220808,000000,35.4684,35.7046,35.2526,35.3307,2307973.4269588,0
GLW.US,D,20220809,000000,35.1831,35.3356,34.7303,34.8189,3989071.1571743,0
GLW.US,D,20220810,000000,35.5275,36.2656,35.5275,36.2164,4100487.1162108,0
GLW.US,D,20220811,000000,36.4133,37.112,36.4133,36.551,4002273.5352696,0
GLW.US,D,20220812,000000,36.7577,36.9644,36.6445,36.9446,2181212.1039576,0
GLW.US,D,20220815,000000,36.7085,37.1316,36.5313,36.5903,2784708.0179261,0
GLW.US,D,20220816,000000,36.4033,37.0726,36.3247,36.7872,2367409.023197,0
GLW.US,D,20220817,000000,36.3443,36.3739,35.1732,35.803,6309638.3095323,0
GLW.US,D,20220818,000000,35.9113,36.3985,35.7736,36.2755,2436384.9202076,0
GLW.US,D,20220819,000000,35.9802,36.0048,35.4315,35.616,3735879.7645591,0
GLW.US,D,20220822,000000,35.0649,35.1633,34.4942,34.5827,3875121.0081148,0
GLW.US,D,20220823,000000,34.4744,34.8731,34.4056,34.4843,2949339.9352171,0
GLW.US,D,20220824,000000,34.3958,34.6319,34.071,34.4252,6192519.9148867,0
GLW.US,D,20220825,000000,34.691,35.3011,34.6221,35.2815,2854100.5219573,0
GLW.US,D,20220826,000000,35.2519,35.3307,34.0217,34.0906,4919802.7408147,0
GLW.US,D,20220829,000000,33.7462,34.189,33.6281,33.8151,3744452.7241519,0
GLW.US,D,20220830,000000,34.0928,34.445,33.954,34.2416,4981637.4959309,0
GLW.US,D,20220831,000000,34.3904,34.6086,34.0432,34.0432,7668882.8292621,0
GLW.US,D,20220901,000000,33.8746,33.9292,33.081,33.5969,4196555.1869885,0
GLW.US,D,20220902,000000,34.0333,34.2218,32.6446,32.8827,6783616.5853604,0
GLW.US,D,20220906,000000,32.9918,33.0414,32.4264,32.5256,3871637.8861757,0
GLW.US,D,20220907,000000,32.6843,33.21,32.5652,32.724,6983063.0243846,0
GLW.US,D,20220908,000000,32.4958,33.1058,31.9899,32.843,9326439.2195047,0
GLW.US,D,20220909,000000,33.2298,33.4778,32.8727,33.3687,3812333.6260132,0
GLW.US,D,20220912,000000,33.6663,34.0631,33.5869,34.0432,6008827.284548,0
GLW.US,D,20220913,000000,33.2199,33.3489,32.5156,32.6545,4628683.0894272,0
GLW.US,D,20220914,000000,32.595,32.7636,32.1685,32.6545,5355822.1138168,0
GLW.US,D,20220915,000000,32.5256,32.7934,32.099,32.347,5742226.2764181,0
GLW.US,D,20220916,000000,31.98,32.0643,31.5931,31.8015,9609714.6991792,0
GLW.US,D,20220919,000000,31.494,32.1486,31.4444,32.109,3810473.6260132,0
GLW.US,D,20220920,000000,31.8213,31.8401,31.2956,31.4444,3461160.5853631,0
GLW.US,D,20220921,000000,31.5931,31.8027,30.8095,30.8095,3869168.9756066,0
GLW.US,D,20220922,000000,30.7996,31.0277,30.3631,30.4723,4273365.6260128,0
GLW.US,D,20220923,000000,30.1747,30.3532,29.649,30.0656,3874147.1219481,0
GLW.US,D,20220926,000000,29.8077,30.2838,29.6291,29.649,3615176.6504036,0
GLW.US,D,20220927,000000,29.8969,30.0656,28.9397,29.2621,4743982.9268254,0
GLW.US,D,20220928,000000,29.3266,29.7581,29.1342,29.6886,6130516.6504016,0
GLW.US,D,20220929,000000,29.3117,29.5398,28.9844,29.3811,4608119.2520288,0
GLW.US,D,20220930,000000,29.2621,29.6787,28.7463,28.786,4377862.3414599,0
GLW.US,D,20221003,000000,29.1431,29.7581,28.8951,29.6291,4185756.0975576,0
GLW.US,D,20221004,000000,30.3334,31.3253,30.2144,31.2757,6786277.0406449,0
GLW.US,D,20221005,000000,30.8492,31.2311,30.5715,31.0674,4000487.9999968,0
GLW.US,D,20221006,000000,31.0773,31.3452,30.9186,31.236,4747243.2195084,0
GLW.US,D,20221007,000000,30.75,30.8294,29.9664,30.2144,4216010.0812974,0
GLW.US,D,20221010,000000,30.4127,30.5119,29.7878,29.887,3466099.4146314,0
GLW.US,D,20221011,000000,29.5994,30.1251,29.2919,29.6589,3892031.3495904,0
GLW.US,D,20221012,000000,29.6886,30.1152,29.5304,29.8374,3633982.3089402,0
GLW.US,D,20221013,000000,29.0736,30.6111,28.9248,30.3334,5921834.7317025,0
GLW.US,D,20221014,000000,30.75,30.9186,29.7977,29.9565,4674516.7154434,0
GLW.US,D,20221017,000000,30.6012,31.2608,30.5715,31.0079,5837269.7560929,0
GLW.US,D,20221018,000000,31.7419,31.8411,30.869,31.246,5422964.5853615,0
GLW.US,D,20221019,000000,30.7996,31.3253,30.7798,31.1666,3747981.6585336,0
GLW.US,D,20221020,000000,31.2559,31.8362,30.4475,30.6508,5477888.5203208,0
GLW.US,D,20221021,000000,30.7202,32.0395,30.5715,31.9304,14574400.487793,0
GLW.US,D,20221024,000000,31.9502,32.1883,31.5336,32.0693,7835092.227636,0
GLW.US,D,20221025,000000,29.5894,31.5237,29.391,31.4741,15731451.544703,0
GLW.US,D,20221026,000000,31.1765,32.347,31.0773,32.1288,7417376.5528395,0
GLW.US,D,20221027,000000,32.3768,32.6644,31.7122,31.851,4887535.6097522,0
GLW.US,D,20221028,000000,31.9998,32.3569,31.8709,32.228,3546073.3658508,0
GLW.US,D,20221031,000000,31.9998,32.0494,31.6775,31.9106,4156054.5691023,0
GLW.US,D,20221101,000000,32.2974,32.4065,31.7122,32.2974,4045412.2926797,0
GLW.US,D,20221102,000000,32.1982,32.6644,31.484,31.494,3900774.8617855,0
GLW.US,D,20221103,000000,31.0277,31.8957,30.8194,31.6229,3575385.7560947,0
GLW.US,D,20221104,000000,32.2974,32.7433,32.109,32.6248,3767035.3170701,0
GLW.US,D,20221107,000000,32.9025,32.9471,32.3817,32.8132,3282208.4227616,0
GLW.US,D,20221108,000000,33.081,33.2596,32.3222,32.714,4606846.9918662,0
GLW.US,D,20221109,000000,32.5256,32.6496,31.7122,31.8015,4401301.3658501,0
GLW.US,D,20221110,000000,33.6266,33.6861,32.9025,33.6266,5452097.5284509,0
GLW.US,D,20221111,000000,33.8944,34.5938,33.7258,34.1821,3813732.910566,0
GLW.US,D,20221114,000000,34.0432,34.5144,33.6762,33.7159,4895479.6747928,0
GLW.US,D,20221115,000000,34.2019,34.5293,33.4481,34.0829,4678726.6666629,0
GLW.US,D,20221116,000000,33.9242,33.9242,32.9075,33.21,4412362.5691021,0
GLW.US,D,20221117,000000,32.66,33.31,32.65,33.29,2862156,0
GLW.US,D,20221118,000000,33.7,34.025,33.65,33.89,3315045,0
GLW.US,D,20221121,000000,33.74,33.85,33.475,33.66,3035294,0
GLW.US,D,20221122,000000,33.82,34.25,33.8,33.98,3400343,0
GLW.US,D,20221123,000000,33.99,34.23,33.51,33.92,3657829,0
GLW.US,D,20221125,000000,34.01,34.37,34,34.12,1414661,0
GLW.US,D,20221128,000000,33.79,33.8,32.89,33.11,5444123,0
GLW.US,D,20221129,000000,33.21,33.5187,32.88,33.41,3194854,0
GLW.US,D,20221130,000000,33.44,34.2,32.99,34.13,7799932,0
GLW.US,D,20221201,000000,34.34,34.74,34.115,34.24,4394317,0
GLW.US,D,20221202,000000,33.8,34.01,33.605,34,3117986,0
GLW.US,D,20221205,000000,33.73,33.78,33.3891,33.5,3193270,0
GLW.US,D,20221206,000000,33.49,33.5107,32.945,33.28,2982795,0
GLW.US,D,20221207,000000,33.12,33.418,32.99,33.12,2179752,0
GLW.US,D,20221208,000000,33.3,33.48,33.11,33.32,2327113,0
GLW.US,D,20221209,000000,33.29,33.52,32.925,33.02,4742852,0
GLW.US,D,20221212,000000,32.88,33.56,32.815,33.49,4068532,0
GLW.US,D,20221213,000000,34.22,34.44,33.72,33.99,3034770,0
GLW.US,D,20221214,000000,33.9,34.36,33.36,33.73,4078724,0
GLW.US,D,20221215,000000,33.23,33.3,32.685,32.79,3739707,0
GLW.US,D,20221216,000000,32.45,32.57,31.805,32.3,9870462,0
GLW.US,D,20221219,000000,32.37,32.5,31.585,31.75,5007848,0
GLW.US,D,20221220,000000,31.62,31.88,31.385,31.55,3933265,0
GLW.US,D,20221221,000000,31.75,32.16,31.655,32.03,2783639,0
GLW.US,D,20221222,000000,31.71,31.78,30.93,31.57,3021050,0
GLW.US,D,20221223,000000,31.46,31.83,31.31,31.75,1988831,0
GLW.US,D,20221227,000000,31.8,31.98,31.65,31.9,2319971,0
GLW.US,D,20221228,000000,31.82,32.025,31.37,31.42,1923530,0
GLW.US,D,20221229,000000,31.7,32.165,31.6403,31.98,2136239,0
GLW.US,D,20221230,000000,31.78,31.98,31.575,31.94,2592883,0
GLW.US,D,20230103,000000,32.14,32.55,31.94,32.54,3548802,0
GLW.US,D,20230104,000000,33.52,34.19,33.19,34.11,5799226,0
GLW.US,D,20230105,000000,33.88,34.51,33.65,34.39,5257061,0
GLW.US,D,20230106,000000,34.85,35.63,34.8,35.38,5306207,0
GLW.US,D,20230109,000000,35.57,35.755,35.28,35.42,6845502,0
GLW.US,D,20230110,000000,35.42,35.98,35.38,35.84,3129886,0
GLW.US,D,20230111,000000,36,36.42,35.75,36.41,3592944,0
GLW.US,D,20230112,000000,36.54,36.94,36.31,36.54,4315521,0
GLW.US,D,20230113,000000,36.34,36.37,36.04,36.07,3643373,0
GLW.US,D,20230117,000000,36.085,36.43,35.95,35.95,4565513,0
GLW.US,D,20230118,000000,36.08,36.58,35.85,35.94,3013628,0
GLW.US,D,20230119,000000,35.54,35.975,35.425,35.75,3311104,0
GLW.US,D,20230120,000000,35.78,36,35.045,35.84,5978154,0
GLW.US,D,20230123,000000,35.97,36.525,35.872,36.11,4697536,0
GLW.US,D,20230124,000000,36.05,36.205,35.48,35.81,3469967,0
GLW.US,D,20230125,000000,35.49,35.64,35.025,35.56,4334809,0
GLW.US,D,20230126,000000,35.72,36.44,35.72,36.43,4777904,0
GLW.US,D,20230127,000000,36.33,37.04,36.295,36.8,4588693,0
GLW.US,D,20230130,000000,36.62,37.1,36.33,36.39,6646356,0
GLW.US,D,20230131,000000,36.39,36.39,34.42,34.61,14063381,0
GLW.US,D,20230201,000000,34.52,35.59,34.22,35.28,6855265,0
GLW.US,D,20230202,000000,35.49,36.335,34.98,36.29,4848807,0
GLW.US,D,20230203,000000,35.9,36.44,35.64,35.74,3572644,0
GLW.US,D,20230206,000000,35.27,35.41,35.01,35.02,4514611,0
GLW.US,D,20230207,000000,34.81,35.35,34.7025,35.19,5692601,0
GLW.US,D,20230208,000000,34.94,35.43,34.82,35.14,4396486,0
GLW.US,D,20230209,000000,35.48,35.91,34.88,35,3346152,0
GLW.US,D,20230210,000000,34.79,35.29,34.71,35.25,3656866,0
GLW.US,D,20230213,000000,35.14,35.745,35.14,35.67,3596626,0
GLW.US,D,20230214,000000,35.5,35.62,35.05,35.39,2868543,0
GLW.US,D,20230215,000000,35.12,35.64,35.07,35.63,2745971,0
GLW.US,D,20230216,000000,35.3,35.61,35.23,35.35,1976996,0
GLW.US,D,20230217,000000,35.18,35.595,34.88,35.58,4389151,0
GLW.US,D,20230221,000000,35.1,35.29,34.49,34.61,6262865,0
GLW.US,D,20230222,000000,34.61,34.75,34.32,34.42,2746205,0
GLW.US,D,20230223,000000,34.7,34.805,34.275,34.7,2688700,0
GLW.US,D,20230224,000000,34.22,34.43,34.135,34.31,3243617,0
GLW.US,D,20230227,000000,34.46,34.81,34.255,34.31,3472194,0
GLW.US,D,20230228,000000,34.25,34.37,33.901,33.95,4687377,0
GLW.US,D,20230301,000000,33.93,34.445,33.81,34.33,3563937,0
GLW.US,D,20230302,000000,34.04,34.605,33.96,34.51,3849660,0
GLW.US,D,20230303,000000,34.8,35.405,34.56,35.27,5187234,0
GLW.US,D,20230306,000000,35.46,36.01,35.25,35.47,5976498,0
GLW.US,D,20230307,000000,35.56,35.56,33.92,34.44,5688973,0
GLW.US,D,20230308,000000,34.53,34.83,34.15,34.38,3901154,0
GLW.US,D,20230309,000000,34.49,34.67,33.835,33.95,3406443,0
GLW.US,D,20230310,000000,33.82,33.94,33.015,33.26,3257723,0
GLW.US,D,20230313,000000,32.79,33.4,32.64,33.07,3667765,0
GLW.US,D,20230314,000000,33.68,33.86,33.15,33.56,4199778,0
GLW.US,D,20230315,000000,32.945,33.135,32.52,32.81,3346747,0
GLW.US,D,20230316,000000,32.47,33.385,32.45,33.33,3622658,0
GLW.US,D,20230317,000000,33.185,33.27,32.715,32.82,6649983,0
GLW.US,D,20230320,000000,33.01,33.52,32.76,33.23,4381620,0
GLW.US,D,20230321,000000,33.56,33.87,33.39,33.67,2877986,0
GLW.US,D,20230322,000000,33.75,33.77,32.76,32.77,4139015,0
GLW.US,D,20230323,000000,32.87,33.46,32.38,32.66,3971848,0
GLW.US,D,20230324,000000,32.41,32.87,32.11,32.85,3581931,0
GLW.US,D,20230327,000000,33.73,33.9,33.285,33.35,3873035,0
GLW.US,D,20230328,000000,33.35,33.625,33.25,33.55,3835547,0
GLW.US,D,20230329,000000,33.92,34.5,33.81,34.36,3682854,0
GLW.US,D,20230330,000000,34.67,35.03,34.49,34.82,3862509,0
GLW.US,D,20230331,000000,35,35.38,34.93,35.28,4261652,0
GLW.US,D,20230403,000000,35.13,35.21,34.675,34.95,4885049,0
GLW.US,D,20230404,000000,34.97,34.98,34.295,34.43,3277047,0
GLW.US,D,20230405,000000,34.19,34.525,34.045,34.26,4021638,0
GLW.US,D,20230406,000000,34.03,34.29,33.91,34.1,3104703,0
GLW.US,D,20230410,000000,33.9,34.89,33.9,34.88,4549123,0
GLW.US,D,20230411,000000,35.025,35.24,34.97,34.98,3087942,0
GLW.US,D,20230412,000000,35.22,35.26,34.705,34.74,2997246,0
GLW.US,D,20230413,000000,34.88,35.04,34.46,34.93,3241411,0
GLW.US,D,20230414,000000,34.9,35.27,34.505,34.78,2575481,0
GLW.US,D,20230417,000000,34.58,34.94,34.55,34.74,3466934,0
GLW.US,D,20230418,000000,34.87,34.945,34.305,34.5,3697407,0
GLW.US,D,20230419,000000,34.14,34.265,33.83,34,5080588,0
GLW.US,D,20230420,000000,33.63,34.025,33.59,33.98,3620707,0
GLW.US,D,20230421,000000,33.95,33.95,33.4,33.6,17674716,0
GLW.US,D,20230424,000000,33.6,33.87,33.49,33.66,6597659,0
GLW.US,D,20230425,000000,34.01,34.5,32.815,32.89,7704534,0
GLW.US,D,20230426,000000,32.64,32.725,32.105,32.24,6084229,0
GLW.US,D,20230427,000000,32.12,32.78,32.035,32.75,4596539,0
GLW.US,D,20230428,000000,32.64,33.23,32.64,33.22,3867133,0
GLW.US,D,20230501,000000,33.22,33.405,33.075,33.11,3330909,0
GLW.US,D,20230502,000000,32.81,33,32.0938,32.49,3682116,0
GLW.US,D,20230503,000000,32.57,32.66,31.59,31.67,4549910,0
GLW.US,D,20230504,000000,31.5,31.67,31.17,31.37,4855927,0
GLW.US,D,20230505,000000,31.84,31.85,31.275,31.48,4009489,0
GLW.US,D,20230508,000000,31.39,31.57,31.205,31.47,4578185,0
GLW.US,D,20230509,000000,31.15,31.33,30.93,31.16,3321386,0
GLW.US,D,20230510,000000,31.44,31.52,31.05,31.29,3638149,0
GLW.US,D,20230511,000000,31.14,31.185,30.845,30.98,3645423,0
GLW.US,D,20230512,000000,31.03,31.1499,30.75,30.99,2636385,0
GLW.US,D,20230515,000000,30.99,31.24,30.835,31.2,3081427,0
GLW.US,D,20230516,000000,30.92,31.16,30.6,30.63,3696374,0
GLW.US,D,20230517,000000,30.8,30.98,30.63,30.82,2549842,0
GLW.US,D,20230518,000000,30.68,31.31,30.6,31.29,2802487,0
GLW.US,D,20230519,000000,31.51,31.72,31.235,31.32,4233550,0
GLW.US,D,20230522,000000,31.35,31.695,31.1901,31.5,4027428,0
GLW.US,D,20230523,000000,31.48,31.85,30.765,30.77,5264234,0
GLW.US,D,20230524,000000,31.6,32.88,31.32,31.53,10349953,0
GLW.US,D,20230525,000000,31.67,31.765,30.75,31.04,5811062,0
GLW.US,D,20230526,000000,31.12,31.71,31.12,31.53,3766317,0
GLW.US,D,20230530,000000,31.41,31.45,31.09,31.16,3613886,0
GLW.US,D,20230531,000000,30.8,31.01,30.475,30.81,10774255,0
GLW.US,D,20230601,000000,30.87,31.04,30.58,30.87,5786253,0
GLW.US,D,20230602,000000,31.22,31.59,31.19,31.51,5699995,0
GLW.US,D,20230605,000000,31.45,31.45,31.04,31.05,3081793,0
GLW.US,D,20230606,000000,30.93,31.415,30.89,31.28,3003143,0
GLW.US,D,20230607,000000,31.36,31.94,31.225,31.89,7049059,0
GLW.US,D,20230608,000000,31.95,32.04,31.57,31.68,2999498,0
GLW.US,D,20230609,000000,32.86,33.28,32.65,32.78,7149100,0
GLW.US,D,20230612,000000,32.86,32.93,32.59,32.83,2987986,0
GLW.US,D,20230613,000000,32.99,33.34,32.86,32.99,3143963,0
GLW.US,D,20230614,000000,33.02,33.42,32.99,33.24,5056994,0
GLW.US,D,20230615,000000,33.64,34.06,33.51,33.84,5271239,0
GLW.US,D,20230616,000000,34.96,36.015,34.54,35.85,21262895,0
GLW.US,D,20230620,000000,35.16,35.35,34.83,34.9,7432830,0
GLW.US,D,20230621,000000,34.75,34.98,34.365,34.42,4493730,0
GLW.US,D,20230622,000000,34.34,34.48,34.04,34.45,4393012,0
GLW.US,D,20230623,000000,33.9,34.07,33.785,33.86,5961972,0
GLW.US,D,20230626,000000,34.01,34.41,33.98,34.14,4643505,0
GLW.US,D,20230627,000000,34.22,34.83,34.08,34.69,2990230,0
GLW.US,D,20230628,000000,34.6,34.9,34.39,34.78,4363893,0
GLW.US,D,20230629,000000,34.78,34.84,34.56,34.71,3720139,0
GLW.US,D,20230630,000000,35,35.17,34.7,35.04,4382517,0
GLW.US,D,20230703,000000,34.97,35.285,34.9,35.16,1598575,0
GLW.US,D,20230705,000000,34.86,35.19,34.71,34.98,3785604,0
GLW.US,D,20230706,000000,34.6,34.815,34.28,34.65,2888728,0
GLW.US,D,20230707,000000,34.57,35.09,34.53,34.7,2521476,0
GLW.US,D,20230710,000000,34.56,35.07,34.53,35.02,2575303,0
GLW.US,D,20230711,000000,35.22,35.41,35.14,35.4,3058124,0
GLW.US,D,20230712,000000,35.75,35.78,35.41,35.56,3269215,0
GLW.US,D,20230713,000000,35.75,35.9675,35.68,35.82,3101024,0
GLW.US,D,20230714,000000,34.93,34.93,33.43,33.56,7177033,0
GLW.US,D,20230717,000000,33.51,33.82,33.43,33.6,4100017,0
GLW.US,D,20230718,000000,33.51,34.14,33.51,33.63,5660043,0
GLW.US,D,20230719,000000,33.71,33.87,33.46,33.6,4044424,0
GLW.US,D,20230720,000000,33.38,33.565,32.81,33.19,5432443,0
GLW.US,D,20230721,000000,33.24,33.46,33.05,33.22,3503053,0
GLW.US,D,20230724,000000,33.36,33.465,33.17,33.19,5238843,0
GLW.US,D,20230725,000000,33.7,34.215,33.06,34,7632280,0
GLW.US,D,20230726,000000,33.7,34.41,33.385,34.4,6166761,0
GLW.US,D,20230727,000000,34.7,34.7,33.72,33.81,6549468,0
GLW.US,D,20230728,000000,34.15,34.18,33.585,33.76,4955238,0
GLW.US,D,20230731,000000,33.6,34.09,33.54,33.94,7929981,0
GLW.US,D,20230801,000000,33.9,34.115,33.66,33.74,4404502,0
GLW.US,D,20230802,000000,33.49,34.06,33.41,33.81,3979633,0
GLW.US,D,20230803,000000,33.58,33.84,33.15,33.57,5121880,0
GLW.US,D,20230804,000000,33.56,33.795,33.05,33.1,4784130,0
GLW.US,D,20230807,000000,33.36,33.54,32.98,33.11,3256345,0
GLW.US,D,20230808,000000,32.69,32.85,32.305,32.83,3382560,0
GLW.US,D,20230809,000000,32.87,32.92,32.54,32.56,3620204,0
GLW.US,D,20230810,000000,32.69,32.98,32.585,32.66,2916250,0
GLW.US,D,20230811,000000,32.42,32.575,32.3113,32.43,2621303,0
GLW.US,D,20230814,000000,32.25,32.43,32.135,32.36,2914389,0
GLW.US,D,20230815,000000,32.1,32.21,31.81,31.89,3362594,0
GLW.US,D,20230816,000000,31.65,31.99,31.65,31.75,3096126,0
GLW.US,D,20230817,000000,31.98,32.26,31.94,32.03,2177614,0
GLW.US,D,20230818,000000,31.79,32.25,31.77,32.15,2629381,0
GLW.US,D,20230821,000000,32.14,32.23,31.845,32,1992636,0
GLW.US,D,20230822,000000,32.14,32.25,31.94,31.96,2666274,0
GLW.US,D,20230823,000000,31.99,32.3195,31.9,32.2,1803485,0
GLW.US,D,20230824,000000,31.98,32.33,31.86,31.95,2414206,0
GLW.US,D,20230825,000000,32.12,32.565,31.92,32.43,3112670,0
GLW.US,D,20230828,000000,32.66,32.815,32.57,32.65,1861400,0
GLW.US,D,20230829,000000,32.74,32.94,32.62,32.9,2746324,0
GLW.US,D,20230830,000000,32.51,32.77,32.5,32.76,2649167,0
GLW.US,D,20230831,000000,32.94,33.115,32.775,32.82,3617143,0
GLW.US,D,20230901,000000,33.16,33.26,32.715,32.86,3018246,0
GLW.US,D,20230905,000000,32.8,32.82,32.2,32.2,2820535,0
GLW.US,D,20230906,000000,32.01,32.09,31.38,31.86,6148801,0
GLW.US,D,20230907,000000,31.38,31.84,31.38,31.52,2933041,0
GLW.US,D,20230908,000000,31.46,31.52,31.19,31.37,2744292,0
GLW.US,D,20230911,000000,31.6,31.66,30.93,31.03,2177662,0
GLW.US,D,20230912,000000,30.97,31.4,30.93,31.39,3271840,0
GLW.US,D,20230913,000000,31.4,31.495,31.185,31.26,2401984,0
GLW.US,D,20230914,000000,31.45,31.565,31.29,31.48,2763294,0
GLW.US,D,20230915,000000,31.28,31.53,31.12,31.23,5427930,0
GLW.US,D,20230918,000000,31.11,31.66,31.09,31.57,3196858,0
GLW.US,D,20230919,000000,31.64,32,31.55,31.88,4069174,0
GLW.US,D,20230920,000000,32,32.18,31.56,31.62,2021734,0
GLW.US,D,20230921,000000,31.39,31.45,31.07,31.18,2831083,0
GLW.US,D,20230922,000000,31.31,31.44,31.12,31.22,2605750,0
GLW.US,D,20230925,000000,30.95,31.26,30.88,30.97,2632802,0
GLW.US,D,20230926,000000,30.57,30.765,30.095,30.12,3522192,0
GLW.US,D,20230927,000000,30.27,30.33,29.89,30.06,2466497,0
GLW.US,D,20230928,000000,30.1,30.4585,30.01,30.32,2924992,0
GLW.US,D,20230929,000000,30.5,30.79,30.3541,30.47,3036832,0
GLW.US,D,20231002,000000,30.27,30.34,29.9601,30.21,2611905,0
GLW.US,D,20231003,000000,30.01,30.34,29.89,30.02,2767900,0
GLW.US,D,20231004,000000,30.08,30.1388,29.5999,30.07,2658516,0
GLW.US,D,20231005,000000,30.01,30.07,29.495,29.68,2602659,0
GLW.US,D,20231006,000000,29.5,29.82,29.17,29.58,2561985,0
GLW.US,D,20231009,000000,29.28,29.575,29.21,29.44,2857407,0
GLW.US,D,20231010,000000,28.69,29.66,28.53,29.25,4182429,0
GLW.US,D,20231011,000000,29.41,29.51,28.965,29.1,3066168,0
GLW.US,D,20231012,000000,29.27,29.37,27.86,28.13,5720810,0
GLW.US,D,20231013,000000,28.1,28.24,27.8,27.93,3741021,0
GLW.US,D,20231016,000000,28.2,28.53,27.935,28.4,5693408,0
GLW.US,D,20231017,000000,28.12,28.42,27.94,28.19,4151395,0
GLW.US,D,20231018,000000,27.93,28.04,27.555,27.6,3150270,0
GLW.US,D,20231019,000000,27.56,27.925,27.37,27.43,3904596,0
GLW.US,D,20231020,000000,27.38,27.43,27.155,27.17,4367398,0
GLW.US,D,20231023,000000,27.14,27.22,26.87,26.93,4442231,0
GLW.US,D,20231024,000000,25.59,26.915,25.26,26.86,10372884,0
GLW.US,D,20231025,000000,26.46,26.985,26.39,26.78,7805170,0
GLW.US,D,20231026,000000,26.87,27.25,26.8,26.93,3872096,0
GLW.US,D,20231027,000000,26.98,27.07,26.48,26.59,4266847,0
GLW.US,D,20231030,000000,26.76,26.88,26.37,26.66,3744947,0
GLW.US,D,20231031,000000,26.72,26.89,26.62,26.76,3975732,0
GLW.US,D,20231101,000000,26.69,26.74,26.4125,26.66,3155188,0
GLW.US,D,20231102,000000,26.83,27.399,26.71,27.38,3373753,0
GLW.US,D,20231103,000000,27.81,28.3023,27.81,27.93,3887123,0
GLW.US,D,20231106,000000,27.97,28,27.675,27.72,2750204,0
GLW.US,D,20231107,000000,27.56,27.775,27.355,27.47,3310837,0
GLW.US,D,20231108,000000,27.42,27.59,27.24,27.31,2145735,0
GLW.US,D,20231109,000000,27.49,27.52,27.03,27.07,2621397,0
GLW.US,D,20231110,000000,27.24,27.75,26.94,27.68,4537127,0
GLW.US,D,20231113,000000,27.61,27.83,27.405,27.72,3103437,0
GLW.US,D,20231114,000000,28.1,28.53,28.08,28.46,5226150,0
GLW.US,D,20231115,000000,28.65,29.19,28.635,28.95,4819101,0
GLW.US,D,20231116,000000,28.46,28.64,28.125,28.38,3305508,0
GLW.US,D,20231117,000000,28.57,28.63,28.26,28.48,3059167,0
GLW.US,D,20231120,000000,28.3,28.45,28.02,28.29,3660353,0
GLW.US,D,20231121,000000,28.25,28.38,28.03,28.11,3479232,0
GLW.US,D,20231122,000000,28.3,28.375,28.08,28.16,2723509,0
GLW.US,D,20231124,000000,28.19,28.31,28.06,28.2,976645,0
GLW.US,D,20231127,000000,28.06,28.14,27.85,27.87,2689019,0
GLW.US,D,20231128,000000,27.77,27.96,27.57,27.76,5052610,0
GLW.US,D,20231129,000000,28.04,28.41,28.04,28.22,3565710,0
GLW.US,D,20231130,000000,28.43,28.51,28.02,28.49,7180583,0
GLW.US,D,20231201,000000,28.32,28.9,28.25,28.84,3638603,0
GLW.US,D,20231204,000000,28.88,28.99,28.53,28.86,3449872,0
GLW.US,D,20231205,000000,28.72,28.78,28.3,28.46,4754766,0
GLW.US,D,20231206,000000,28.72,29.01,28.63,28.79,4608625,0
GLW.US,D,20231207,000000,28.91,29.2,28.76,29.01,4718517,0
GLW.US,D,20231208,000000,29.08,29.375,29.01,29.11,3790882,0
GLW.US,D,20231211,000000,29.2,29.525,29.17,29.5,5919689,0
GLW.US,D,20231212,000000,29.52,29.56,29.34,29.41,4178506,0
GLW.US,D,20231213,000000,29.47,29.7635,29.135,29.68,5506518,0
GLW.US,D,20231214,000000,29.85,30.8,29.85,30.57,5375159,0
GLW.US,D,20231215,000000,30.48,30.675,30.275,30.46,7860451,0
GLW.US,D,20231218,000000,30.33,30.53,30.09,30.1,7148409,0
GLW.US,D,20231219,000000,30.25,30.41,30.16,30.38,4435826,0
GLW.US,D,20231220,000000,30.29,30.4189,29.74,29.75,3642896,0
GLW.US,D,20231221,000000,29.97,30.1947,29.82,30.18,3703457,0
GLW.US,D,20231222,000000,30.31,30.5,30.14,30.23,2973110,0
GLW.US,D,20231226,000000,30.15,30.55,30.15,30.45,2201679,0
GLW.US,D,20231227,000000,30.47,30.575,30.37,30.56,2896370,0
GLW.US,D,20231228,000000,30.61,30.675,30.51,30.63,3575025,0
GLW.US,D,20231229,000000,30.49,30.64,30.3,30.45,2855870,0
GLW.US,D,20240102,000000,30.19,30.7299,30.08,30.49,4923403,0
GLW.US,D,20240103,000000,30.18,30.349,29.975,30.13,4439590,0
GLW.US,D,20240104,000000,30.08,30.38,29.845,30.28,4008595,0
GLW.US,D,20240105,000000,30.19,30.62,30.1,30.57,5701450,0
GLW.US,D,20240108,000000,30.63,31.41,30.57,31.32,6979668,0
GLW.US,D,20240109,000000,31.02,31.14,30.51,30.59,4271614,0
GLW.US,D,20240110,000000,30.5,30.825,30.33,30.69,2841516,0
GLW.US,D,20240111,000000,30.6,30.78,30.3821,30.74,3779701,0
GLW.US,D,20240112,000000,30.91,31.01,30.58,30.6,4333693,0
GLW.US,D,20240116,000000,30.33,30.4,29.965,30.22,5246448,0
GLW.US,D,20240117,000000,29.95,30.08,29.71,29.85,2826011,0
GLW.US,D,20240118,000000,30.13,30.33,29.93,30.16,4969151,0
GLW.US,D,20240119,000000,30.21,30.555,29.82,30.44,5534458,0
GLW.US,D,20240122,000000,30.5,30.77,30.49,30.62,5276368,0
GLW.US,D,20240123,000000,30.61,30.825,30.3,30.3,6164376,0
GLW.US,D,20240124,000000,30.52,30.68,30.31,30.37,5495710,0
GLW.US,D,20240125,000000,30.6,31.07,30.51,30.82,4926991,0
GLW.US,D,20240126,000000,30.93,31.09,30.79,30.86,4596691,0
GLW.US,D,20240129,000000,30.8,31.18,30.77,31.15,7017194,0
GLW.US,D,20240130,000000,32.8,33.87,32.59,33.3,11379922,0
GLW.US,D,20240131,000000,33.32,33.39,32.36,32.49,10103752,0
GLW.US,D,20240201,000000,32.35,32.44,31.765,32.09,5168443,0
GLW.US,D,20240202,000000,31.95,32.415,31.85,32.25,4246793,0
GLW.US,D,20240205,000000,31.99,32.15,31.72,32.01,9026476,0
GLW.US,D,20240206,000000,32.11,32.195,31.95,32.04,3984528,0
GLW.US,D,20240207,000000,32.06,32.12,31.56,31.79,3955840,0
GLW.US,D,20240208,000000,31.71,31.81,31.53,31.73,3542656,0
GLW.US,D,20240209,000000,31.65,32.05,31.58,32.04,2844459,0
GLW.US,D,20240212,000000,32.03,32.375,31.91,32.18,3206410,0
GLW.US,D,20240213,000000,31.67,31.83,30.965,31.28,5065195,0
GLW.US,D,20240214,000000,31.59,31.8099,31.405,31.75,3888827,0
GLW.US,D,20240215,000000,31.81,32.215,31.81,32.03,3589051,0
GLW.US,D,20240216,000000,31.93,32.21,31.73,31.91,3374062,0
GLW.US,D,20240220,000000,31.64,32.3,31.63,32.29,5561935,0
GLW.US,D,20240221,000000,32.2,32.46,32.05,32.25,3922364,0
GLW.US,D,20240222,000000,32.3,32.72,32.09,32.69,4716714,0
GLW.US,D,20240223,000000,32.77,32.77,32.46,32.69,2885316,0
GLW.US,D,20240226,000000,32.61,32.77,32.505,32.51,4089888,0
GLW.US,D,20240227,000000,32.66,32.76,32.34,32.43,2533943,0
GLW.US,D,20240228,000000,32.03,32.22,31.81,32.09,3000525,0
GLW.US,D,20240229,000000,32.26,32.4,32.125,32.24,6684801,0
GLW.US,D,20240301,000000,32.29,32.62,32.08,32.45,4710920,0
GLW.US,D,20240304,000000,32.36,33.56,32.28,33.38,5846057,0
GLW.US,D,20240305,000000,33.2,33.28,32.28,32.5,6456819,0
GLW.US,D,20240306,000000,32.72,33.16,32.655,32.81,3831072,0
GLW.US,D,20240307,000000,32.86,32.9,32.26,32.6,6428221,0
GLW.US,D,20240308,000000,32.73,32.885,32.51,32.71,3836086,0
GLW.US,D,20240311,000000,32.8,32.94,32.4581,32.9,3051365,0
GLW.US,D,20240312,000000,32.9,32.995,32.7,32.89,3365960,0
GLW.US,D,20240313,000000,33,33.04,32.605,32.73,3826803,0
GLW.US,D,20240314,000000,32.66,32.74,32.22,32.53,3889641,0
GLW.US,D,20240315,000000,32.4,32.6,32.37,32.51,8405294,0
GLW.US,D,20240318,000000,32.64,32.68,32.265,32.33,6913396,0
GLW.US,D,20240319,000000,32.17,32.55,32.07,32.55,4040548,0
GLW.US,D,20240320,000000,32.58,32.79,32.41,32.67,5431637,0
GLW.US,D,20240321,000000,32.86,33.34,32.815,33.13,5398188,0
GLW.US,D,20240322,000000,32.98,33.015,32.54,32.57,4104467,0
GLW.US,D,20240325,000000,32.54,32.71,32.45,32.47,2587683,0
GLW.US,D,20240326,000000,32.58,32.69,32.29,32.31,5452557,0
GLW.US,D,20240327,000000,32.5,33.04,32.38,33.02,4027031,0
GLW.US,D,20240328,000000,33.1,33.3202,32.88,32.96,3939089,0
GLW.US,D,20240401,000000,32.94,33.01,32.64,32.67,2304528,0
GLW.US,D,20240402,000000,32.54,32.7,32.44,32.51,5086158,0
GLW.US,D,20240403,000000,32.5,32.74,32.41,32.57,2985739,0
GLW.US,D,20240404,000000,32.97,32.995,32.27,32.37,4417552,0
GLW.US,D,20240405,000000,32.33,32.645,32.275,32.54,4540686,0
GLW.US,D,20240408,000000,32.79,32.79,32.19,32.19,4923718,0
GLW.US,D,20240409,000000,32.29,32.57,32.1,32.55,4345016,0
GLW.US,D,20240410,000000,32.07,32.18,31.74,31.95,4155325,0
GLW.US,D,20240411,000000,32.42,32.53,32.03,32.27,5991283,0
GLW.US,D,20240412,000000,31.92,32.05,31.38,31.49,3352454,0
GLW.US,D,20240415,000000,31.83,32.04,31.255,31.29,3385039,0
GLW.US,D,20240416,000000,31.39,31.44,30.9,30.92,5754371,0
GLW.US,D,20240417,000000,31.01,31.44,30.95,30.98,5182762,0
GLW.US,D,20240418,000000,31.05,31.13,30.72,30.91,4653712,0
GLW.US,D,20240419,000000,30.91,31.39,30.91,31.27,4636505,0
GLW.US,D,20240422,000000,31.5,31.77,31.28,31.55,3521795,0
GLW.US,D,20240423,000000,31.57,31.86,31.48,31.53,3186553,0
GLW.US,D,20240424,000000,31.54,31.71,31.32,31.52,3203487,0
GLW.US,D,20240425,000000,31.42,31.68,31.195,31.35,3770102,0
GLW.US,D,20240426,000000,31.32,31.74,31.28,31.33,3689954,0
GLW.US,D,20240429,000000,31.37,31.8,31.37,31.78,5596298,0
GLW.US,D,20240430,000000,33.12,34.47,33.06,33.38,12895840,0
GLW.US,D,20240501,000000,33.42,34.06,32.84,33.48,9865350,0
GLW.US,D,20240502,000000,33.76,33.8,33.075,33.57,5213867,0
GLW.US,D,20240503,000000,33.76,33.87,33.5102,33.72,4490410,0
GLW.US,D,20240506,000000,33.7,33.85,32.92,33.44,6961628,0
GLW.US,D,20240507,000000,33.57,33.66,33.37,33.42,3997453,0
GLW.US,D,20240508,000000,33.3,33.95,33.3,33.93,3956649,0
GLW.US,D,20240509,000000,34,34.22,33.935,34.2,2816007,0
GLW.US,D,20240510,000000,34.35,34.38,34.08,34.17,2891733,0
GLW.US,D,20240513,000000,34.17,34.435,34.15,34.28,2428033,0
GLW.US,D,20240514,000000,34.36,35.03,34.33,34.95,6731852,0
GLW.US,D,20240515,000000,35.05,35.1401,34.87,35.11,4046305,0
GLW.US,D,20240516,000000,35.07,35.32,35.01,35.22,4606270,0
GLW.US,D,20240517,000000,35.35,35.39,35.12,35.35,3780830,0
GLW.US,D,20240520,000000,35.37,35.6,35.3,35.52,7332408,0
GLW.US,D,20240521,000000,35.4,36.799,35.4,36.48,10930340,0
GLW.US,D,20240522,000000,36.47,36.74,36.33,36.58,5040281,0
GLW.US,D,20240523,000000,36.53,36.59,36.08,36.12,3088149,0
GLW.US,D,20240524,000000,36.36,36.535,36.24,36.28,2763482,0
GLW.US,D,20240528,000000,36.18,36.23,35.74,35.85,4085325,0
GLW.US,D,20240529,000000,35.47,35.8,35.401,35.55,3489211,0
GLW.US,D,20240530,000000,36.67,37.28,36.21,36.96,11639172,0
GLW.US,D,20240531,000000,36.66,37.27,36.63,37.26,7377685,0
GLW.US,D,20240603,000000,37.26,37.51,37.04,37.36,5593211,0
GLW.US,D,20240604,000000,37.04,37.24,36.905,37.01,3420844,0
GLW.US,D,20240605,000000,37.2,37.52,36.96,37.49,3433707,0
GLW.US,D,20240606,000000,37.43,37.49,37.26,37.4,3897333,0
GLW.US,D,20240607,000000,37.21,37.29,36.815,36.93,4180524,0
GLW.US,D,20240610,000000,36.67,36.9,36.58,36.86,3035678,0
GLW.US,D,20240611,000000,36.66,37.57,36.611,37.35,8789334,0
GLW.US,D,20240612,000000,37.75,38.31,37.51,38.02,8419899,0
GLW.US,D,20240613,000000,37.44,38.175,37.12,38.08,9043130,0
GLW.US,D,20240614,000000,37.85,37.97,37.05,37.25,5694647,0
GLW.US,D,20240617,000000,38.4,39.145,37.91,38.75,13486767,0
GLW.US,D,20240618,000000,39,40.2497,38.69,40.21,15808448,0
GLW.US,D,20240620,000000,40.24,40.45,39.6112,39.85,11562811,0
GLW.US,D,20240621,000000,40.04,40.4556,39.78,40.05,12917967,0
GLW.US,D,20240624,000000,39.89,40.38,39.59,39.9,9404210,0
GLW.US,D,20240625,000000,39.81,39.99,39.6202,39.77,5280139,0
GLW.US,D,20240626,000000,39.42,39.53,37.995,38.28,15867669,0
GLW.US,D,20240627,000000,38.29,38.8,37.8744,38.59,11604864,0
GLW.US,D,20240628,000000,38.8,39.06,38.67,38.85,8378016,0
GLW.US,D,20240701,000000,38.94,39.07,38.42,38.66,4138544,0
GLW.US,D,20240702,000000,38.67,38.9,38.15,38.39,6271957,0
GLW.US,D,20240703,000000,38.51,38.57,38.17,38.42,3077788,0
GLW.US,D,20240705,000000,38.49,38.52,38.12,38.44,3286608,0
GLW.US,D,20240708,000000,40.9,43.58,40.82,43.05,35464498,0
GLW.US,D,20240709,000000,43.55,45.05,43.55,44.67,22544293,0
GLW.US,D,20240710,000000,44.99,45.725,44.75,45.48,13188776,0
GLW.US,D,20240711,000000,45.735,45.87,44.77,45.05,10003042,0
GLW.US,D,20240712,000000,45.49,46.13,45.22,45.62,10049358,0
GLW.US,D,20240715,000000,45.81,46.27,45.42,45.76,11538201,0
GLW.US,D,20240716,000000,45.9,46.39,45.724,46.2,8259991,0
GLW.US,D,20240717,000000,45.6,46.05,45.6,45.84,7444829,0
GLW.US,D,20240718,000000,45.69,45.8,44.59,44.99,6762453,0
GLW.US,D,20240719,000000,45.08,45.08,44.19,44.31,6016897,0
GLW.US,D,20240722,000000,44.54,44.55,43.87,44.31,6154597,0
GLW.US,D,20240723,000000,44.3,44.64,44.01,44.06,6462642,0
GLW.US,D,20240724,000000,43.81,44.3,43.75,43.95,7370775,0
GLW.US,D,20240725,000000,43.89,43.91,42.71,42.81,8275708,0
GLW.US,D,20240726,000000,43.25,43.25,42.615,42.85,7690482,0
GLW.US,D,20240729,000000,43,43.015,42.39,42.68,11589686,0
GLW.US,D,20240730,000000,39.55,39.91,37.6001,39.74,25844685,0
GLW.US,D,20240731,000000,40.71,40.88,39.9,40.01,13528754,0
GLW.US,D,20240801,000000,40.23,40.46,39.46,40.04,8966841,0
GLW.US,D,20240802,000000,39.46,39.585,38.53,38.94,6589395,0
GLW.US,D,20240805,000000,37.85,38.12,37.18,37.76,6816484,0
GLW.US,D,20240806,000000,38.135,38.7,37.89,38.33,7388961,0
GLW.US,D,20240807,000000,38.87,38.93,37.755,37.85,5983918,0
GLW.US,D,20240808,000000,38.1,38.65,38.01,38.61,4128066,0
GLW.US,D,20240809,000000,38.54,38.73,38.31,38.45,3163749,0
GLW.US,D,20240812,000000,38.495,39.36,38.495,39.31,4119818,0
GLW.US,D,20240813,000000,39.42,40.04,39.29,39.77,5439207,0
GLW.US,D,20240814,000000,39.68,39.83,39.265,39.59,4456745,0
GLW.US,D,20240815,000000,39.82,40.56,39.82,40.26,5466089,0
GLW.US,D,20240816,000000,40.2,40.2899,39.75,40.2,4741778,0
GLW.US,D,20240819,000000,40.16,40.63,39.995,40.61,2851744,0
GLW.US,D,20240820,000000,40.59,40.79,40.35,40.73,3182236,0
GLW.US,D,20240821,000000,41.21,42.105,41.2,42.08,4557604,0
GLW.US,D,20240822,000000,41.89,42.08,41.21,41.27,3736362,0
GLW.US,D,20240823,000000,41.6,42.02,41.49,41.94,2893101,0
GLW.US,D,20240826,000000,42.14,42.37,41.93,42.22,2607264,0
GLW.US,D,20240827,000000,42.22,42.56,41.88,42.52,4120223,0
GLW.US,D,20240828,000000,42.55,42.6,42.0245,42.32,3727111,0
GLW.US,D,20240829,000000,42.47,42.6699,41.785,41.87,4482805,0
GLW.US,D,20240830,000000,41.89,41.92,41.09,41.85,5231420,0
GLW.US,D,20240903,000000,41.33,41.53,40.56,40.67,4886442,0
GLW.US,D,20240904,000000,40.845,41.315,40.685,41.24,3493849,0
GLW.US,D,20240905,000000,41.21,41.675,40.97,41.37,4030276,0
GLW.US,D,20240906,000000,41.68,42.15,40.335,40.64,4653314,0
GLW.US,D,20240909,000000,40.7,41.22,40.61,40.97,2936028,0
GLW.US,D,20240910,000000,40.94,41.3,40.735,41.16,3626211,0
GLW.US,D,20240911,000000,41.14,41.89,40.75,41.85,5657056,0
GLW.US,D,20240912,000000,41.81,41.89,41.1901,41.86,2418228,0
GLW.US,D,20240913,000000,42.1,42.61,42.053,42.5,3372777,0
GLW.US,D,20240916,000000,42.48,42.97,42.27,42.91,3699811,0
GLW.US,D,20240917,000000,43,43.6,43,43.3,4436726,0
GLW.US,D,20240918,000000,43.37,43.86,43.17,43.42,3846050,0
GLW.US,D,20240919,000000,44.88,45.25,43.76,44.43,7478876,0
GLW.US,D,20240920,000000,44.06,44.52,44.01,44.5,10034471,0
GLW.US,D,20240923,000000,44.63,44.85,44.47,44.65,4122360,0
GLW.US,D,20240924,000000,44.91,45.6,44.61,45.29,4179054,0
GLW.US,D,20240925,000000,45.43,45.43,44.54,44.67,4262097,0
GLW.US,D,20240926,000000,45.01,45.33,45.01,45.28,3767609,0
GLW.US,D,20240927,000000,45.425,45.46,44.65,44.87,3940370,0
GLW.US,D,20240930,000000,44.9,45.16,44.59,45.15,3725789,0
GLW.US,D,20241001,000000,45.09,45.13,44.29,44.54,3752972,0
GLW.US,D,20241002,000000,44.56,45.1718,44.37,44.91,2525268,0
GLW.US,D,20241003,000000,44.71,45.11,44.415,44.59,2480083,0
GLW.US,D,20241004,000000,44.97,45.02,44.425,44.88,2369989,0
GLW.US,D,20241007,000000,44.66,44.75,44.05,44.11,3170842,0
GLW.US,D,20241008,000000,44.42,44.785,44.02,44.59,3160950,0
GLW.US,D,20241009,000000,44.6,47.45,44.575,46.73,14297201,0
GLW.US,D,20241010,000000,46.9,47.05,45.875,46.02,4261540,0
GLW.US,D,20241011,000000,46.14,46.92,46.11,46.46,3277505,0
GLW.US,D,20241014,000000,46.38,47.05,46.15,46.83,3560566,0
GLW.US,D,20241015,000000,47.102,47.23,45.695,45.76,4078706,0
GLW.US,D,20241016,000000,45.72,46.49,45.68,46.01,2818203,0
GLW.US,D,20241017,000000,46.4885,46.55,46.05,46.52,2985573,0
GLW.US,D,20241018,000000,46.46,46.71,46.19,46.66,2036706,0
GLW.US,D,20241021,000000,46.6,47.4,46.49,47.03,5225331,0
GLW.US,D,20241022,000000,46.47,47.45,46.3,47.31,4273444,0
GLW.US,D,20241023,000000,47.06,47.72,46.57,46.89,4856946,0
GLW.US,D,20241024,000000,47.2,47.2399,46.76,46.81,2304642,0
GLW.US,D,20241025,000000,47.03,47.15,46.19,46.25,3955119,0
GLW.US,D,20241028,000000,46.67,47.24,46.38,46.84,7093846,0
GLW.US,D,20241029,000000,49.43,51.03,49.02,49.03,13396846,0
GLW.US,D,20241030,000000,48.92,49.36,47.93,48.04,7981590,0
GLW.US,D,20241031,000000,48.19,48.66,47.52,47.59,6856802,0
GLW.US,D,20241101,000000,47.64,48.41,47.41,48.36,5890221,0
GLW.US,D,20241104,000000,48.405,48.46,46.92,47.02,4309596,0
GLW.US,D,20241105,000000,47.02,47.3,46.62,47.28,4500329,0
GLW.US,D,20241106,000000,48.8,48.9,48.11,48.24,5073376,0
GLW.US,D,20241107,000000,48.4,48.56,48.15,48.22,2831988,0
GLW.US,D,20241108,000000,48.09,49.1488,48.09,48.72,4827795,0
GLW.US,D,20241111,000000,48.98,49.4,48.85,48.92,2994446,0
GLW.US,D,20241112,000000,48.735,48.9599,47.955,48.32,4385751,0
GLW.US,D,20241113,000000,48.41,48.5,47.14,47.21,5383876,0
GLW.US,D,20241114,000000,47.175,47.61,47.015,47.05,3506365,0
GLW.US,D,20241115,000000,46.31,46.99,46.31,46.49,3655835,0
GLW.US,D,20241118,000000,46.66,46.69,46.01,46.44,3590994,0
GLW.US,D,20241119,000000,46.005,47.39,45.83,47.29,4959649,0
GLW.US,D,20241120,000000,47.16,47.53,46.94,47.35,4422297,0
GLW.US,D,20241121,000000,47.45,48.05,47.175,47.84,4348001,0
GLW.US,D,20241122,000000,47.77,48.6,47.72,48.52,3253351,0
GLW.US,D,20241125,000000,49,49.26,48.26,48.26,8666964,0
GLW.US,D,20241126,000000,48.26,48.29,47.79,48,3926762,0
GLW.US,D,20241127,000000,48.09,48.55,47.845,48.22,2362956,0
GLW.US,D,20241129,000000,48.175,48.98,48.175,48.67,2409764,0
GLW.US,D,20241202,000000,48.89,49.6,48.75,49.24,4779925,0
GLW.US,D,20241203,000000,49.04,49.29,48.94,49.17,2934682,0
GLW.US,D,20241204,000000,49.245,49.34,48.88,49.15,2561484,0
GLW.US,D,20241205,000000,49.085,50,49.075,49.76,4481143,0
GLW.US,D,20241206,000000,49.665,49.93,49.41,49.56,3277860,0
GLW.US,D,20241209,000000,49.7689,49.7689,48.29,48.51,4320848,0
GLW.US,D,20241210,000000,48.455,48.98,48.2001,48.37,4893187,0
GLW.US,D,20241211,000000,48.52,48.68,47.58,47.63,3788017,0
GLW.US,D,20241212,000000,47.63,49.025,47.5,48.61,4900955,0
GLW.US,D,20241213,000000,48.75,49.065,47.85,48.15,4023823,0
GLW.US,D,20241216,000000,48.35,49.05,48.165,48.18,4279716,0
GLW.US,D,20241217,000000,47.99,48.285,47.59,47.76,4171464,0
GLW.US,D,20241218,000000,47.9,48.19,46.38,46.51,4615146,0
GLW.US,D,20241219,000000,46.85,47.51,46.69,47.06,4498447,0
GLW.US,D,20241220,000000,46.79,47.31,46.5364,47.31,11445935,0
GLW.US,D,20241223,000000,47.325,47.57,47.03,47.5,2852223,0
GLW.US,D,20241224,000000,47.32,47.9,47.04,47.9,1592775,0
GLW.US,D,20241226,000000,47.625,48.045,47.458,47.99,1960231,0
GLW.US,D,20241227,000000,47.6,48.07,47.4515,47.78,2255048,0
GLW.US,D,20241230,000000,47.23,47.58,46.57,47.34,1966381,0
GLW.US,D,20241231,000000,47.47,47.68,47.2,47.52,2299604,0
GLW.US,D,20250102,000000,47.28,47.65,46.37,46.71,5038090,0
GLW.US,D,20250103,000000,47.055,47.53,46.76,47.5,3235479,0
GLW.US,D,20250106,000000,47.745,48.46,47.58,48.34,3713127,0
GLW.US,D,20250107,000000,48.64,48.73,47.61,47.85,3645289,0
GLW.US,D,20250108,000000,47.8,47.8814,47.08,47.73,2976301,0
GLW.US,D,20250110,000000,47.34,47.44,46.91,47.12,4492303,0
GLW.US,D,20250113,000000,46.39,46.87,46.19,46.58,4569850,0
GLW.US,D,20250114,000000,46.9,47.55,46.86,47.43,2949353,0
GLW.US,D,20250115,000000,48.18,48.905,48.16,48.81,4151356,0
GLW.US,D,20250116,000000,49.05,49.31,48.8,49.24,2983563,0
GLW.US,D,20250117,000000,49.8,50.32,49.5,49.84,5473078,0
GLW.US,D,20250121,000000,50.05,52.03,50,51.55,7148366,0
GLW.US,D,20250122,000000,52.05,54.33,52.02,54.01,10469025,0
GLW.US,D,20250123,000000,53.81,54.53,53.72,53.98,5935088,0
GLW.US,D,20250124,000000,54.11,54.27,53.68,54.25,4562372,0
GLW.US,D,20250127,000000,51.35,51.5,48.57,49.53,9956717,0
GLW.US,D,20250128,000000,49.87,51.985,49.06,51.23,12501427,0
GLW.US,D,20250129,000000,55.11,55.33,49.535,49.8,14826081,0
GLW.US,D,20250130,000000,50.16,50.29,48.78,49.99,11414634,0
GLW.US,D,20250131,000000,50.43,52.45,50.24,52.08,8512029,0
GLW.US,D,20250203,000000,51.06,51.77,50.17,51.35,6849487,0
GLW.US,D,20250204,000000,51.51,52.49,51.39,52.04,4502060,0
GLW.US,D,20250205,000000,52.4,53.565,52.14,53.29,5742273,0
GLW.US,D,20250206,000000,53.7,54.31,53.47,53.65,4793662,0
GLW.US,D,20250207,000000,53.66,53.815,52.43,52.97,3843630,0
GLW.US,D,20250210,000000,53.38,53.6,52.645,53.05,3329015,0
GLW.US,D,20250211,000000,52.835,52.99,52.01,52.4,3452852,0
GLW.US,D,20250212,000000,51.7,52.43,51.59,52.01,3228551,0
GLW.US,D,20250213,000000,52.35,52.62,51.88,52.11,4750653,0
GLW.US,D,20250214,000000,52.15,52.85,51.81,52.54,3779923,0
GLW.US,D,20250218,000000,52.895,53.0634,52.43,52.89,3409455,0
GLW.US,D,20250219,000000,52.85,53.18,52.525,52.67,3422366,0
GLW.US,D,20250220,000000,52.395,52.48,51.08,51.87,4069445,0
GLW.US,D,20250221,000000,51.85,52.38,51.12,51.49,4701254,0
GLW.US,D,20250224,000000,51.1131,51.98,50.505,50.78,6563923,0
GLW.US,D,20250225,000000,50.73,50.77,49.15,49.67,6289803,0
GLW.US,D,20250226,000000,50.34,50.87,49.77,50.01,4849789,0
GLW.US,D,20250227,000000,50.15,50.58,48.91,49,4378516,0
GLW.US,D,20250228,000000,48.765,50.26,48.32,50.15,8560527,0
GLW.US,D,20250303,000000,50.49,50.6,47.945,48.25,4810910,0
GLW.US,D,20250304,000000,47.23,47.43,45.69,46.49,9970616,0
GLW.US,D,20250305,000000,46.87,47.36,46.385,47.04,5721764,0
GLW.US,D,20250306,000000,46.365,46.99,45.405,45.51,5394070,0
GLW.US,D,20250307,000000,45.4,45.945,44.1,45.93,6412860,0
GLW.US,D,20250310,000000,44.835,45.4,44.27,45.01,5428156,0
GLW.US,D,20250311,000000,44.79,45.71,44.33,44.91,6771832,0
GLW.US,D,20250312,000000,45.9,46.25,44.875,45.4,6324710,0
GLW.US,D,20250313,000000,45.63,45.97,45.01,45.6,5620698,0
GLW.US,D,20250314,000000,46.225,47.08,45.76,46.75,7619274,0
GLW.US,D,20250317,000000,46.73,47.29,46.18,46.86,7214002,0
GLW.US,D,20250318,000000,47.16,48.29,46.49,47.27,11169061,0
GLW.US,D,20250319,000000,47.96,49.415,47.57,48.76,8842881,0
GLW.US,D,20250320,000000,48.275,49.32,47.92,48.67,7407960,0
GLW.US,D,20250321,000000,48.135,48.63,47.55,48.53,10771373,0
GLW.US,D,20250324,000000,49.41,50.06,49.3,49.89,5165615,0
GLW.US,D,20250325,000000,49.805,49.8878,48.69,48.99,4027660,0
GLW.US,D,20250326,000000,49.18,49.25,46.94,47.1,5601471,0
GLW.US,D,20250327,000000,46.81,47.09,46.3,46.56,5470046,0
GLW.US,D,20250328,000000,46.66,46.88,45.555,45.86,3752517,0
GLW.US,D,20250331,000000,45.17,45.79,44.13,45.78,9881630,0
GLW.US,D,20250401,000000,45.495,45.925,44.76,45.54,6700249,0
GLW.US,D,20250402,000000,44.6,46.93,44.5,46.54,4740383,0
GLW.US,D,20250403,000000,44.45,44.68,42.01,42.29,9628665,0
GLW.US,D,20250404,000000,41,41.1,38.23,39.07,11895492,0
