<TICKER>,<PER>,<DATE>,<TIME>,<OPEN>,<HIGH>,<LOW>,<CLOSE>,<VOL>,<OPENINT>
KOF.US,D,20050225,000000,17.0086,18.0223,17.0086,17.8902,247127.45633829,0
KOF.US,D,20050228,000000,17.9675,18.5761,17.6964,17.8354,289354.69540196,0
KOF.US,D,20050301,000000,17.9049,18.5761,17.9049,18.4323,196984.1428848,0
KOF.US,D,20050302,000000,18.3902,18.5204,18.3002,18.398,110235.37260602,0
KOF.US,D,20050303,000000,18.536,19.1192,18.5204,18.7728,299151.16959519,0
KOF.US,D,20050304,000000,18.7386,18.7523,18.6055,18.7298,239204.22825357,0
KOF.US,D,20050307,000000,18.8765,18.9382,18.7523,18.8061,78535.306572235,0
KOF.US,D,20050308,000000,18.9441,18.9734,18.3129,18.3775,244247.5831611,0
KOF.US,D,20050309,000000,18.4597,18.5507,18.3902,18.4323,103030.57988097,0
KOF.US,D,20050310,000000,18.4597,18.5634,17.9606,18.0771,57927.555465777,0
KOF.US,D,20050311,000000,18.1466,18.3902,18.1329,18.307,147269.02916916,0
KOF.US,D,20050314,000000,18.307,18.3843,18.0771,18.0918,148998.17942318,0
KOF.US,D,20050315,000000,18.0438,18.3002,17.9372,18.0487,233871.65968062,0
KOF.US,D,20050316,000000,18.1466,18.1828,17.717,17.7992,223063.44863664,0
KOF.US,D,20050317,000000,17.764,17.9372,17.7307,17.806,49858.187613726,0
KOF.US,D,20050318,000000,17.7375,17.8129,17.5096,17.6612,83577.639523352,0
KOF.US,D,20050321,000000,17.627,17.6749,17.3706,17.5096,86744.682453127,0
KOF.US,D,20050322,000000,17.579,17.6818,17.3412,17.3549,105337.1355094,0
KOF.US,D,20050323,000000,17.1808,17.2522,16.7943,16.9254,217014.48861684,0
KOF.US,D,20050324,000000,17.0369,17.2737,16.897,17.0027,115425.8892373,0
KOF.US,D,20050328,000000,16.8618,16.8716,16.668,16.7796,229408.77601675,0
KOF.US,D,20050329,000000,16.7737,16.7737,16.3784,16.5575,195399.08848529,0
KOF.US,D,20050330,000000,16.5663,17.0369,16.5164,16.8295,98993.852042118,0
KOF.US,D,20050331,000000,16.897,17.218,16.7375,16.7737,202747.97706484,0
KOF.US,D,20050401,000000,16.7737,17.307,16.7737,17.0917,169027.5031988,0
KOF.US,D,20050404,000000,17.127,17.4049,17.078,17.1485,127382.77929163,0
KOF.US,D,20050405,000000,17.0712,17.1641,16.7453,16.7453,93088.987876826,0
KOF.US,D,20050406,000000,16.8148,16.9048,16.5438,16.6357,81848.489269341,0
KOF.US,D,20050407,000000,16.4821,16.8295,16.4606,16.7238,518900.4135783,0
KOF.US,D,20050408,000000,17.2258,17.2816,16.6416,16.6612,72483.280683197,0
KOF.US,D,20050411,000000,16.6553,16.7874,16.6201,16.6201,52593.964936414,0
KOF.US,D,20050412,000000,16.4821,16.7238,16.4821,16.7033,63837.529413143,0
KOF.US,D,20050413,000000,16.6553,16.6553,16.4332,16.4469,37034.678519561,0
KOF.US,D,20050414,000000,16.4606,16.5242,16.2111,16.4968,183440.15451814,0
KOF.US,D,20050415,000000,16.489,16.489,16.2453,16.3079,99571.257416537,0
KOF.US,D,20050418,000000,16.3079,16.7737,16.3079,16.4254,256930.06227001,0
KOF.US,D,20050419,000000,16.5995,16.717,16.5164,16.6553,289782.8951398,0
KOF.US,D,20050420,000000,16.7238,16.7238,16.3226,16.3285,86605.6963807,0
KOF.US,D,20050421,000000,16.4821,16.7238,16.4606,16.6827,108075.97870133,0
KOF.US,D,20050422,000000,16.6475,16.6974,16.3892,16.6201,288920.36392562,0
KOF.US,D,20050425,000000,16.7238,16.7238,16.4743,16.6553,340219.51008436,0
KOF.US,D,20050426,000000,16.6905,16.6905,16.4469,16.4821,98564.63034786,0
KOF.US,D,20050427,000000,16.4821,16.6553,16.3226,16.5369,64556.986729233,0
KOF.US,D,20050428,000000,16.4332,16.4332,15.3226,15.7169,370050.41783529,0
KOF.US,D,20050429,000000,15.5026,16.0506,15.5026,15.8431,351746.15648802,0
KOF.US,D,20050502,000000,15.9615,15.9762,15.7883,15.7942,169172.62100972,0
KOF.US,D,20050503,000000,15.7883,15.8921,15.7883,15.8568,107066.28576341,0
KOF.US,D,20050504,000000,15.8226,16.1289,15.8001,16.0085,239346.28019524,0
KOF.US,D,20050505,000000,16.0584,16.0936,15.9273,16.0584,112972.17188512,0
KOF.US,D,20050506,000000,16.0662,16.1015,15.8921,15.9958,109803.08504252,0
KOF.US,D,20050509,000000,15.9615,16.1347,15.9615,16.1142,154476.88776345,0
KOF.US,D,20050510,000000,16.0662,16.1563,15.9664,16.0173,69599.31968035,0
KOF.US,D,20050511,000000,15.9615,16.078,15.8431,15.9214,111969.6326421,0
KOF.US,D,20050512,000000,15.8568,15.9273,15.6719,15.7531,358374.56579506,0
KOF.US,D,20050513,000000,15.7169,15.7815,15.5251,15.7061,294248.84467291,0
KOF.US,D,20050516,000000,15.7394,15.85,15.5457,15.85,88911.230052715,0
KOF.US,D,20050517,000000,15.8921,15.9615,15.6827,15.939,67726.073571838,0
KOF.US,D,20050518,000000,15.8431,15.9909,15.6827,15.8989,106486.83647617,0
KOF.US,D,20050519,000000,15.8989,16.44,15.8989,16.35,292811.97395356,0
KOF.US,D,20050520,000000,16.3833,16.397,16.121,16.3079,67869.147469924,0
KOF.US,D,20050523,000000,16.3784,16.5839,16.3226,16.4136,94240.732756418,0
KOF.US,D,20050524,000000,16.4821,16.4821,16.3079,16.3158,52018.603474825,0
KOF.US,D,20050525,000000,16.3158,16.4136,16.2111,16.3158,76517.964609223,0
KOF.US,D,20050526,000000,16.3158,16.5663,16.3158,16.4136,345837.20449706,0
KOF.US,D,20050527,000000,16.4821,16.6749,16.4205,16.668,158656.6895004,0
KOF.US,D,20050531,000000,16.7874,16.7874,16.3353,16.5164,99571.257416537,0
KOF.US,D,20050601,000000,16.397,16.4254,16.17,16.3158,140209.35425504,0
KOF.US,D,20050602,000000,16.3784,16.7238,16.3637,16.6974,121905.09290776,0
KOF.US,D,20050603,000000,16.6974,16.6974,16.2453,16.4469,234594.18286595,0
KOF.US,D,20050606,000000,16.4469,16.5242,16.3784,16.3784,104327.44257148,0
KOF.US,D,20050607,000000,16.3784,16.5995,16.3422,16.5839,113406.50336145,0
KOF.US,D,20050608,000000,16.9322,17.5096,16.9322,17.3138,440225.09897723,0
KOF.US,D,20050609,000000,17.2816,17.3412,16.9812,17.218,83577.639523352,0
KOF.US,D,20050610,000000,17.2816,17.3491,17.2121,17.3491,85161.671966447,0
KOF.US,D,20050613,000000,17.2816,17.4176,17.2365,17.398,124212.67049261,0
KOF.US,D,20050614,000000,17.398,17.4411,17.2816,17.2816,125655.67295044,0
KOF.US,D,20050615,000000,17.2874,17.4176,17.2444,17.4107,191941.80993369,0
KOF.US,D,20050616,000000,17.3706,17.6113,17.3491,17.5223,268744.90038267,0
KOF.US,D,20050617,000000,17.5223,18.037,17.4459,17.9049,197994.85777914,0
KOF.US,D,20050620,000000,17.7307,17.9372,17.5154,17.806,80118.317058915,0
KOF.US,D,20050621,000000,17.8129,17.899,17.5154,17.6612,56921.950353515,0
KOF.US,D,20050622,000000,17.6691,18.0487,17.6691,18.037,102311.12256488,0
KOF.US,D,20050623,000000,17.9675,18.1828,17.7718,17.9049,474374.79453753,0
KOF.US,D,20050624,000000,17.9127,17.9127,17.6407,17.7043,52884.200558245,0
KOF.US,D,20050627,000000,17.6544,17.945,17.3412,17.9127,78821.454368407,0
KOF.US,D,20050628,000000,17.9127,18.1828,17.7444,18.0438,85450.885631863,0
KOF.US,D,20050629,000000,18.0438,18.307,18.0438,18.2728,315721.17090638,0
KOF.US,D,20050630,000000,18.3775,18.7298,18.216,18.536,308086.13453066,0
KOF.US,D,20050701,000000,18.536,18.7151,18.4959,18.5634,223210.61036038,0
KOF.US,D,20050705,000000,18.6329,19.0077,18.6133,18.7033,371635.4722348,0
KOF.US,D,20050706,000000,18.6877,18.7728,18.5566,18.6329,208801.02491029,0
KOF.US,D,20050707,000000,18.4597,18.7836,18.4597,18.6877,76227.728987391,0
KOF.US,D,20050708,000000,18.7581,19.4255,18.7386,19.1809,217879.06374385,0
KOF.US,D,20050711,000000,19.2024,19.5361,19.2024,19.5361,928867.42702317,0
KOF.US,D,20050712,000000,19.4999,19.4999,19.3267,19.3267,54471.298870585,0
KOF.US,D,20050713,000000,19.3267,19.4509,19.2787,19.4314,36313.177290642,0
KOF.US,D,20050714,000000,19.4372,19.7083,19.2924,19.4725,275949.69310771,0
KOF.US,D,20050715,000000,19.4881,19.8531,19.4725,19.8531,360533.95969974,0
KOF.US,D,20050718,000000,19.9509,20.0919,19.5556,19.813,414573.99296324,0
KOF.US,D,20050719,000000,19.8678,19.8678,19.7083,19.813,258083.85106243,0
KOF.US,D,20050720,000000,19.5752,19.7709,19.5067,19.6339,82713.064396346,0
KOF.US,D,20050721,000000,19.6339,19.6946,19.3267,19.4509,236180.25922188,0
KOF.US,D,20050722,000000,19.2787,19.4725,19.1887,19.3687,84156.066854185,0
KOF.US,D,20050725,000000,19.0223,19.2141,18.9176,18.9871,311688.53089318,0
KOF.US,D,20050726,000000,18.994,19.5429,18.994,19.1887,215861.72178084,0
KOF.US,D,20050727,000000,19.2092,19.3883,18.9538,19.22,120177.98656658,0
KOF.US,D,20050728,000000,19.174,19.7083,19.174,19.5361,433306.45404836,0
KOF.US,D,20050729,000000,19.7778,19.8619,19.7161,19.7846,386763.49304456,0
KOF.US,D,20050801,000000,19.9588,20.1232,19.5693,19.6946,235458.75799296,0
KOF.US,D,20050802,000000,19.8678,20.1183,19.6731,19.8834,174357.0059025,0
KOF.US,D,20050803,000000,19.8883,19.9294,19.6731,19.8042,210386.0793098,0
KOF.US,D,20050804,000000,19.8834,19.8883,19.6388,19.8462,89050.216125141,0
KOF.US,D,20050805,000000,19.7778,19.8462,19.3492,19.3952,193671.98214411,0
KOF.US,D,20050808,000000,19.5693,19.5693,19.22,19.3815,515587.2308812,0
KOF.US,D,20050809,000000,19.3746,19.5126,19.2787,19.356,89050.216125141,0
KOF.US,D,20050810,000000,19.5282,19.5282,19.22,19.356,60520.258890378,0
KOF.US,D,20050811,000000,19.3267,19.4118,19.1045,19.1887,26370.56333008,0
KOF.US,D,20050812,000000,19.1887,19.4314,18.8217,19.0165,102740.34425914,0
KOF.US,D,20050815,000000,18.8765,19.5909,18.8765,19.5067,101589.62133596,0
KOF.US,D,20050816,000000,19.2924,19.4314,18.7924,18.7992,68880.884320675,0
KOF.US,D,20050817,000000,18.7924,18.8266,18.6133,18.7092,44095.375390105,0
KOF.US,D,20050818,000000,18.6818,18.7298,18.4323,18.4519,68736.788466174,0
KOF.US,D,20050819,000000,18.5027,18.6671,18.3481,18.3775,37034.678519561,0
KOF.US,D,20050822,000000,18.4039,18.6329,18.265,18.5898,52884.200558245,0
KOF.US,D,20050823,000000,18.3902,18.4382,18.2376,18.3902,73923.217271791,0
KOF.US,D,20050824,000000,18.3902,18.6329,18.2522,18.4176,46540.917090961,0
KOF.US,D,20050825,000000,18.4176,18.5634,18.2454,18.4098,39050.998526159,0
KOF.US,D,20050826,000000,18.4039,18.6603,18.3002,18.4254,68736.788466174,0
KOF.US,D,20050829,000000,18.4254,18.7151,18.2787,18.7151,47697.771752628,0
KOF.US,D,20050830,000000,18.7151,18.8061,18.1534,18.2933,179550.58840303,0
KOF.US,D,20050831,000000,18.2219,18.9108,18.2219,18.7386,61963.261348217,0
KOF.US,D,20050901,000000,18.9108,19.2699,18.8599,19.2513,107497.5513705,0
KOF.US,D,20050902,000000,19.356,19.4255,19.1887,19.3619,80266.500739076,0
KOF.US,D,20050906,000000,19.5361,19.9294,19.3952,19.7083,231424.07406693,0
KOF.US,D,20050907,000000,19.7083,19.813,19.4441,19.6055,1151210.3963873,0
KOF.US,D,20050908,000000,19.6055,19.6173,19.5204,19.5909,452902.46830406,0
KOF.US,D,20050909,000000,19.583,19.7024,19.5752,19.6114,167730.64050829,0
KOF.US,D,20050912,000000,19.6173,19.7083,19.5556,19.6731,173495.49664474,0
KOF.US,D,20050913,000000,19.6388,19.6388,19.3883,19.4372,70320.820909269,0
KOF.US,D,20050914,000000,19.4372,19.4999,19.3883,19.4666,80985.958055165,0
KOF.US,D,20050915,000000,19.4666,19.7024,19.4666,19.5204,62390.439129645,0
KOF.US,D,20050916,000000,19.5282,19.8414,18.9871,19.4803,205629.89415486,0
KOF.US,D,20050919,000000,19.4881,19.5361,19.3315,19.3492,81274.149764167,0
KOF.US,D,20050920,000000,19.3492,19.3883,18.9382,18.9538,58218.813044023,0
KOF.US,D,20050921,000000,18.9597,18.9734,18.354,18.3843,116861.73800023,0
KOF.US,D,20050922,000000,18.354,18.354,17.2816,18.0438,914310.67984934,0
KOF.US,D,20050923,000000,18.0438,18.0976,17.8687,18.083,133150.70129732,0
KOF.US,D,20050926,000000,18.1534,18.4597,18.1133,18.3902,181419.74668588,0
KOF.US,D,20050927,000000,18.398,18.4039,18.1759,18.3129,544842.77717054,0
KOF.US,D,20050928,000000,18.3129,18.7151,18.2845,18.3902,669487.73522665,0
KOF.US,D,20050929,000000,18.3902,18.7151,18.2591,18.5507,129977.52662906,0
KOF.US,D,20050930,000000,18.5507,18.7033,18.4881,18.536,240070.8472934,0
KOF.US,D,20051003,000000,18.5448,19.1045,18.536,19.0781,174938.49910258,0
KOF.US,D,20051004,000000,18.9734,19.1192,18.7523,18.7523,105337.1355094,0
KOF.US,D,20051005,000000,18.8061,18.9176,18.2591,18.354,51298.12420232,0
KOF.US,D,20051006,000000,18.3609,18.4519,17.6818,17.8648,150586.29969193,0
KOF.US,D,20051007,000000,17.8354,18.5898,17.7992,18.4802,217734.96788935,0
KOF.US,D,20051010,000000,18.4802,18.4802,18.1133,18.2102,85739.077340865,0
KOF.US,D,20051011,000000,18.3843,18.7033,18.3843,18.6818,200153.22972741,0
KOF.US,D,20051012,000000,18.6818,18.6818,18.1534,18.2033,349295.50500509,0
KOF.US,D,20051013,000000,18.2522,18.5125,17.8902,18.3902,202747.97706484,0
KOF.US,D,20051014,000000,18.5204,18.5566,18.0487,18.1466,90350.144684894,0
KOF.US,D,20051017,000000,18.1055,18.5977,18.1055,18.4382,88619.972474468,0
KOF.US,D,20051018,000000,18.4176,18.5282,18.307,18.5027,72769.428479369,0
KOF.US,D,20051019,000000,18.4519,18.766,18.3902,18.766,231569.19187785,0
KOF.US,D,20051020,000000,18.7523,19.1515,18.7386,19.1045,298715.81616244,0
KOF.US,D,20051021,000000,19.1114,19.1515,18.9108,19.0165,300160.86253311,0
KOF.US,D,20051024,000000,19.084,19.5429,19.084,19.4588,215428.41226092,0
KOF.US,D,20051025,000000,19.3883,19.3883,18.8266,19.0165,373217.46076507,0
KOF.US,D,20051026,000000,19.0165,19.2631,18.9734,19.1045,185313.40062665,0
KOF.US,D,20051027,000000,19.0918,19.1261,18.8061,18.8902,197705.64411372,0
KOF.US,D,20051028,000000,18.8902,18.8971,18.3902,18.4254,400595.67312024,0
KOF.US,D,20051031,000000,17.7992,18.0017,17.5722,17.8422,1407278.9493996,0
KOF.US,D,20051101,000000,17.9372,18.7924,17.9372,18.4959,556943.76307937,0
KOF.US,D,20051102,000000,18.4665,18.4802,18.2728,18.3481,244105.53121943,0
KOF.US,D,20051103,000000,18.3217,18.5898,18.0438,18.0438,359240.16287848,0
KOF.US,D,20051104,000000,18.0223,18.2933,18.0223,18.1828,396274.84139804,0
KOF.US,D,20051107,000000,18.2522,18.2591,18.0722,18.1828,88332.802721881,0
KOF.US,D,20051108,000000,18.1828,18.1828,17.6612,17.8491,132428.17811199,0
KOF.US,D,20051109,000000,17.8755,18.1133,17.8755,18.0223,75796.463380303,0
KOF.US,D,20051110,000000,18.0223,18.126,17.7307,17.8559,125799.76880495,0
KOF.US,D,20051111,000000,17.8354,17.9802,17.7943,17.7943,35737.815829053,0
KOF.US,D,20051114,000000,17.806,17.8824,17.7043,17.7307,48992.590530306,0
KOF.US,D,20051115,000000,17.7307,17.7307,17.4244,17.4538,78098.931183073,0
KOF.US,D,20051116,000000,17.4538,17.5643,17.3285,17.3491,332147.07636306,0
KOF.US,D,20051117,000000,17.4176,17.6475,17.398,17.4802,196553.89923413,0
KOF.US,D,20051118,000000,17.536,17.5917,17.2444,17.487,166433.77781778,0
KOF.US,D,20051121,000000,17.5037,17.6818,17.5037,17.6818,177962.46813427,0
KOF.US,D,20051122,000000,17.5976,17.6896,17.4176,17.4743,195541.14042697,0
KOF.US,D,20051123,000000,17.6113,17.6211,17.487,17.5575,303326.88350647,0
KOF.US,D,20051125,000000,17.5917,17.6691,17.5575,17.5722,124359.83221635,0
KOF.US,D,20051128,000000,17.5859,17.7307,17.5575,17.5575,38328.475340825,0
KOF.US,D,20051129,000000,17.5223,17.5223,17.2874,17.4244,79256.807801155,0
KOF.US,D,20051130,000000,17.4323,17.536,17.398,17.4802,120322.08242108,0
KOF.US,D,20051201,000000,17.6544,18.0722,17.5859,18.037,270766.33017134,0
KOF.US,D,20051202,000000,17.8648,18.0976,17.7875,17.9538,112687.04604536,0
KOF.US,D,20051205,000000,17.9949,17.9949,17.6896,17.7581,153753.34262171,0
KOF.US,D,20051206,000000,17.9313,18.2933,17.9313,18.2297,351023.63330268,0
KOF.US,D,20051207,000000,18.2297,18.3902,18.216,18.216,115858.1768008,0
KOF.US,D,20051208,000000,18.2845,18.2845,17.8687,17.9675,246120.82926961,0
KOF.US,D,20051209,000000,17.9675,17.9675,17.7101,17.7875,105911.47501458,0
KOF.US,D,20051212,000000,17.764,18.6329,17.764,18.5703,183005.8230418,0
KOF.US,D,20051213,000000,18.398,18.7386,18.2522,18.7033,173784.71031016,0
KOF.US,D,20051214,000000,18.6202,19.1515,18.5977,18.856,150586.29969193,0
KOF.US,D,20051215,000000,18.7836,18.7836,18.5634,18.6671,653635.14731872,0
KOF.US,D,20051216,000000,18.6671,18.9108,18.5634,18.6671,312695.15796186,0
KOF.US,D,20051219,000000,18.6671,18.6759,18.2102,18.2376,242086.14534359,0
KOF.US,D,20051220,000000,18.2728,18.5977,18.2728,18.4597,491813.45880138,0
KOF.US,D,20051221,000000,18.6329,18.8061,18.5282,18.7728,2218845.1971641,0
KOF.US,D,20051222,000000,18.9108,18.9108,18.7033,18.7151,273647.22530494,0
KOF.US,D,20051223,000000,18.6818,19.1045,18.6818,18.9597,114417.21825579,0
KOF.US,D,20051227,000000,19.0634,19.0634,18.8834,18.9108,41068.340489171,0
KOF.US,D,20051228,000000,18.9793,19.174,18.6877,18.7033,210531.19712072,0
KOF.US,D,20051229,000000,18.7151,19.0556,18.7151,18.9597,240070.8472934,0
KOF.US,D,20051230,000000,18.856,18.9255,18.6515,18.7435,72769.428479369,0
KOF.US,D,20060103,000000,18.9176,19.5361,18.9176,19.0008,197127.21678289,0
KOF.US,D,20060104,000000,19.1349,19.6535,19.1349,19.6173,206062.18171836,0
KOF.US,D,20060105,000000,19.6173,19.8267,19.5693,19.8267,498294.70638468,0
KOF.US,D,20060106,000000,19.9999,20.2083,19.9999,20.1858,99571.257416537,0
KOF.US,D,20060109,000000,20.1378,20.5351,20.1378,20.4177,161394.51073591,0
KOF.US,D,20060110,000000,20.4304,20.4568,20.1545,20.3609,301312.6074127,0
KOF.US,D,20060111,000000,20.3482,20.5674,20.3414,20.4852,174649.28543717,0
KOF.US,D,20060112,000000,20.4568,20.5674,20.3609,20.4304,140786.75962945,0
KOF.US,D,20060113,000000,20.2993,20.4363,20.1378,20.2367,49281.804195723,0
KOF.US,D,20060117,000000,20.3335,20.3335,19.902,20.1457,165137.93708369,0
KOF.US,D,20060118,000000,19.8766,20.2151,19.7083,20.2083,86744.682453127,0
KOF.US,D,20060119,000000,20.2406,20.451,20.2406,20.3541,128392.47222955,0
KOF.US,D,20060120,000000,20.3874,20.402,20.1232,20.1232,122629.66000593,0
KOF.US,D,20060123,000000,20.1232,20.1946,19.5429,19.6339,85593.959529949,0
KOF.US,D,20060124,000000,19.5488,19.7778,19.5488,19.7161,675396.6872176,0
KOF.US,D,20060125,000000,19.6799,20.2014,19.4372,19.9715,582161.55957344,0
KOF.US,D,20060126,000000,19.9509,20.223,19.7425,20.1858,252318.99492598,0
KOF.US,D,20060127,000000,20.1858,20.812,20.0919,20.7572,275087.16189354,0
KOF.US,D,20060130,000000,20.722,21.1643,20.5762,20.7347,285894.3509811,0
KOF.US,D,20060131,000000,20.8042,20.8042,20.585,20.722,141935.4386398,0
KOF.US,D,20060201,000000,20.6525,20.9441,20.6095,20.8199,462562.0003377,0
KOF.US,D,20060202,000000,20.8737,20.903,20.541,20.7494,228684.20891859,0
KOF.US,D,20060203,000000,20.6447,20.6447,20.3238,20.5488,226956.08062099,0
KOF.US,D,20060206,000000,20.722,20.903,20.6261,20.8267,138477.13813178,0
KOF.US,D,20060207,000000,20.8962,20.9226,20.6956,20.8531,388060.35573507,0
KOF.US,D,20060208,000000,20.8893,20.903,20.4177,20.5488,130698.00590156,0
KOF.US,D,20060209,000000,20.4803,20.6261,20.4363,20.5126,122484.54219501,0
KOF.US,D,20060210,000000,20.4441,20.6604,20.4363,20.6026,218743.63887086,0
KOF.US,D,20060213,000000,20.541,20.6369,20.4304,20.4725,264425.09061689,0
KOF.US,D,20060214,000000,20.631,20.7289,20.5547,20.6095,418610.72080209,0
KOF.US,D,20060215,000000,20.7631,20.8042,20.5273,20.5273,51298.12420232,0
KOF.US,D,20060216,000000,20.4177,20.6173,20.313,20.585,89628.643455975,0
KOF.US,D,20060217,000000,20.585,20.6525,20.541,20.6369,169607.97444246,0
KOF.US,D,20060221,000000,20.7426,20.7426,20.1672,20.2151,176665.60544376,0
KOF.US,D,20060222,000000,20.1232,20.6095,20.1232,20.402,114125.96067754,0
KOF.US,D,20060223,000000,20.402,20.6447,20.3688,20.5909,103318.77158998,0
KOF.US,D,20060224,000000,20.6604,20.9226,20.585,20.9226,638069.72916338,0
KOF.US,D,20060227,000000,20.9148,21.589,20.9148,21.4295,185023.16500482,0
KOF.US,D,20060228,000000,21.3395,21.5753,21.1526,21.2211,78678.380470321,0
KOF.US,D,20060301,000000,21.271,21.86,21.271,21.6164,158939.77142732,0
KOF.US,D,20060302,000000,21.5127,21.5479,21.3277,21.4089,73057.620188371,0
KOF.US,D,20060303,000000,21.3395,21.5684,21.2162,21.5205,142654.89595589,0
KOF.US,D,20060306,000000,21.4657,21.5812,21.0968,21.4295,140498.56792045,0
KOF.US,D,20060307,000000,21.3737,21.3737,20.7005,20.8463,110812.77798044,0
KOF.US,D,20060308,000000,20.8042,21.0968,20.7083,21.0332,143668.67671947,0
KOF.US,D,20060309,000000,21.0332,21.3355,20.9715,20.9715,116720.70801497,0
KOF.US,D,20060310,000000,20.8531,21.4217,20.7347,21.0968,112252.71456903,0
KOF.US,D,20060313,000000,21.0899,21.5127,20.9921,21.0625,90492.196626565,0
KOF.US,D,20060314,000000,21.0625,21.3277,20.9921,21.3277,182718.65328922,0
KOF.US,D,20060315,000000,21.3189,21.681,21.0625,21.6037,353045.06309135,0
KOF.US,D,20060316,000000,21.6448,21.6448,21.3033,21.4853,132716.36982099,0
KOF.US,D,20060317,000000,21.5127,21.7416,21.2338,21.4089,300736.2239947,0
KOF.US,D,20060320,000000,21.497,21.6379,21.4089,21.5968,524809.36556926,0
KOF.US,D,20060321,000000,21.5753,21.6232,21.3101,21.3512,48273.133214216,0
KOF.US,D,20060322,000000,21.359,21.5127,21.2778,21.4774,373217.46076507,0
KOF.US,D,20060323,000000,21.3737,21.5127,21.3033,21.3189,34578.917254556,0
KOF.US,D,20060324,000000,21.2338,21.3033,21.0743,21.1643,122775.79977326,0
KOF.US,D,20060327,000000,21.1105,21.2573,21.0146,21.1575,155194.30116671,0
KOF.US,D,20060328,000000,21.4422,22.2426,21.4295,22.0313,706805.49567314,0
KOF.US,D,20060329,000000,22.0685,22.5548,22.0313,22.4413,340075.41422986,0
KOF.US,D,20060330,000000,22.6732,22.818,22.5959,22.6937,337480.66689243,0
KOF.US,D,20060331,000000,22.8992,23.1791,22.8307,23.0391,185744.66623373,0
KOF.US,D,20060403,000000,23.3405,23.7466,23.2671,23.3581,269033.09209167,0
KOF.US,D,20060404,000000,23.3924,23.636,23.2818,23.3121,266585.50647798,0
KOF.US,D,20060405,000000,23.137,23.3581,22.9765,23.2417,87182.079798704,0
KOF.US,D,20060406,000000,23.2476,23.2476,22.998,23.1918,88767.134198214,0
KOF.US,D,20060407,000000,23.0391,23.046,22.4902,22.6654,257650.54154251,0
KOF.US,D,20060410,000000,22.8307,23.0724,22.727,22.9227,97120.605933607,0
KOF.US,D,20060411,000000,23.046,23.0675,22.7818,22.8992,73632.98164996,0
KOF.US,D,20060412,000000,23.0391,23.0391,22.7427,22.8053,26946.946748083,0
KOF.US,D,20060413,000000,22.8992,22.8992,22.1399,22.4217,112972.17188512,0
KOF.US,D,20060417,000000,22.6575,22.7965,22.2133,22.364,57062.980338771,0
KOF.US,D,20060418,000000,22.7123,22.8806,22.5254,22.7818,90060.931019477,0
KOF.US,D,20060419,000000,22.8522,22.8522,22.5401,22.6937,52743.170572989,0
KOF.US,D,20060420,000000,22.7818,22.8591,22.5176,22.7818,103318.77158998,0
KOF.US,D,20060421,000000,22.8522,23.3405,22.8522,23.3219,232577.86285936,0
KOF.US,D,20060424,000000,23.2759,23.4413,23.0969,23.1448,85161.671966447,0
KOF.US,D,20060425,000000,23.046,23.2476,22.6654,22.7896,67153.777979494,0
KOF.US,D,20060426,000000,22.7896,23.1566,22.7505,22.8992,210960.41881498,0
KOF.US,D,20060427,000000,22.8307,22.9765,22.6321,22.7427,54180.041292338,0
KOF.US,D,20060428,000000,22.6174,22.9286,22.2485,22.3483,136896.17155793,0
KOF.US,D,20060501,000000,22.2426,22.7965,22.2426,22.6096,196984.1428848,0
KOF.US,D,20060502,000000,22.4726,22.8591,22.2691,22.636,101159.37768529,0
KOF.US,D,20060503,000000,22.7603,22.7603,22.588,22.679,68012.22136801,0
KOF.US,D,20060504,000000,22.6654,22.9286,22.4168,22.8924,136896.17155793,0
KOF.US,D,20060505,000000,23.0675,23.5803,23.0607,23.4707,292381.73030289,0
KOF.US,D,20060508,000000,23.4139,24.2202,23.3043,23.9002,362123.10192491,0
KOF.US,D,20060509,000000,23.9296,23.9296,23.0391,23.4139,192805.36310428,0
KOF.US,D,20060510,000000,23.2887,23.7613,23.2887,23.6077,87614.367362207,0
KOF.US,D,20060511,000000,23.7691,23.8787,22.6996,22.8679,228542.15697692,0
KOF.US,D,20060512,000000,22.907,23.1008,22.3884,22.955,108363.14845392,0
KOF.US,D,20060515,000000,22.8591,23.1233,22.7329,22.8131,81274.149764167,0
KOF.US,D,20060516,000000,22.7965,23.3043,22.7965,23.2114,205773.99000936,0
KOF.US,D,20060517,000000,23.3855,23.3855,22.318,22.4295,178536.80763944,0
KOF.US,D,20060518,000000,22.3317,22.679,21.9344,21.9706,93662.305425585,0
KOF.US,D,20060519,000000,22.0137,22.0137,21.3962,21.6868,121042.56169359,0
KOF.US,D,20060522,000000,21.8483,21.8483,20.8199,21.3189,182718.65328922,0
KOF.US,D,20060523,000000,21.3737,21.86,21.0684,21.1643,135743.40472192,0
KOF.US,D,20060524,000000,21.1575,21.1575,19.9872,20.7494,345405.93888998,0
KOF.US,D,20060525,000000,20.812,21.541,20.812,21.5127,189922.42405785,0
KOF.US,D,20060526,000000,21.6516,21.8258,21.3962,21.6653,91072.667870228,0
KOF.US,D,20060530,000000,21.3737,21.6516,20.7788,21.2915,133869.136657,0
KOF.US,D,20060531,000000,21.4588,21.5058,21.2093,21.45,112252.71456903,0
KOF.US,D,20060601,000000,21.2778,22.2896,21.1643,22.226,313416.65919078,0
KOF.US,D,20060602,000000,22.3101,22.7671,22.1399,22.1399,117440.16533106,0
KOF.US,D,20060605,000000,22.1869,22.4726,21.5479,21.5753,55910.213502764,0
KOF.US,D,20060606,000000,21.6379,21.7906,21.2641,21.3277,73923.217271791,0
KOF.US,D,20060607,000000,21.2485,21.6516,21.0254,21.131,69309.084058518,0
KOF.US,D,20060608,000000,21.0899,21.0899,20.5067,20.7152,191794.64820994,0
KOF.US,D,20060609,000000,20.6653,20.7846,20.1731,20.2308,97699.03326444,0
KOF.US,D,20060612,000000,19.9509,20.2768,19.0781,19.4314,308516.37818133,0
KOF.US,D,20060613,000000,19.4372,19.6339,19.0703,19.1515,186751.29330241,0
KOF.US,D,20060614,000000,19.2092,19.494,18.8217,18.8599,186608.21940433,0
KOF.US,D,20060615,000000,18.9304,19.2993,18.8677,19.1456,146405.47599857,0
KOF.US,D,20060616,000000,19.2582,19.4314,18.7728,18.8345,107785.7430795,0
KOF.US,D,20060619,000000,18.9255,19.3061,18.5448,18.6515,81557.231691094,0
KOF.US,D,20060620,000000,18.7298,18.8266,18.4323,18.5634,160239.69998708,0
KOF.US,D,20060621,000000,18.2728,18.9382,18.2728,18.7767,207505.1841762,0
KOF.US,D,20060622,000000,18.7728,19.1192,18.7435,19.0272,182574.55743471,0
KOF.US,D,20060623,000000,19.0165,19.0918,18.8765,19.0223,147269.02916916,0
KOF.US,D,20060626,000000,19.0556,19.2454,18.9176,19.0223,99571.257416537,0
KOF.US,D,20060627,000000,19.084,19.4666,19.0165,19.084,125943.86465945,0
KOF.US,D,20060628,000000,19.0957,19.2631,19.0507,19.1456,65131.326234407,0
KOF.US,D,20060629,000000,19.1349,19.6535,19.1349,19.6339,155339.41897763,0
KOF.US,D,20060630,000000,19.6261,20.4999,19.6261,20.4852,192659.22333695,0
KOF.US,D,20060703,000000,20.4725,21.1927,20.4725,21.1105,153753.34262171,0
KOF.US,D,20060705,000000,21.0625,21.0625,20.7005,20.9441,126948.44781529,0
KOF.US,D,20060706,000000,20.9441,21.3962,20.8893,21.1731,120756.41389741,0
KOF.US,D,20060707,000000,21.2338,21.2338,20.3942,20.451,98708.726202361,0
KOF.US,D,20060710,000000,20.3335,20.952,20.3061,20.541,53172.392267247,0
KOF.US,D,20060711,000000,20.6173,20.679,20.2856,20.541,83004.321974593,0
KOF.US,D,20060712,000000,20.6447,20.7005,20.3805,20.4725,59225.4401127,0
KOF.US,D,20060713,000000,20.4177,20.4803,19.8267,20.0488,98420.534493359,0
KOF.US,D,20060714,000000,19.9177,19.994,19.6867,19.8619,73923.217271791,0
KOF.US,D,20060717,000000,19.9294,19.9372,19.6055,19.8003,73344.789940958,0
KOF.US,D,20060718,000000,20.4725,21.1575,20.2856,20.86,435609.94380754,0
KOF.US,D,20060719,000000,20.9921,21.8111,20.9921,21.497,157502.90070797,0
KOF.US,D,20060720,000000,21.5058,21.5264,21.3033,21.4089,198136.90972081,0
KOF.US,D,20060721,000000,21.3453,21.4295,21.0479,21.0968,209664.57808088,0
KOF.US,D,20060724,000000,21.131,22.1947,21.131,21.9912,202314.66754492,0
KOF.US,D,20060725,000000,21.9344,22.2045,21.7084,21.9647,188915.79698917,0
KOF.US,D,20060726,000000,21.8943,21.8943,21.0254,21.1232,344546.47354505,0
KOF.US,D,20060727,000000,21.1575,21.3512,20.6095,21.0254,201161.90070892,0
KOF.US,D,20060728,000000,20.9226,21.6731,20.9226,21.5058,184874.98132465,0
KOF.US,D,20060731,000000,21.3355,21.4716,20.8267,21.1193,186465.14550624,0
KOF.US,D,20060801,000000,21.0254,21.1643,20.7494,20.9921,216437.08324243,0
KOF.US,D,20060802,000000,20.9441,21.5812,20.9441,21.5812,155194.30116671,0
KOF.US,D,20060803,000000,21.5812,21.5812,21.1858,21.2426,239060.13239907,0
KOF.US,D,20060804,000000,21.2573,21.271,20.952,20.9588,116430.47239314,0
KOF.US,D,20060807,000000,20.8962,20.9588,20.5674,20.631,60664.354744879,0
KOF.US,D,20060808,000000,20.77,21.1017,20.7347,20.9774,52884.200558245,0
KOF.US,D,20060809,000000,20.952,21.0146,20.1623,20.223,146837.76356208,0
KOF.US,D,20060810,000000,20.132,20.3541,19.9509,20.2504,49718.179584885,0
KOF.US,D,20060811,000000,20.1232,20.2709,20.0214,20.1104,32422.589219117,0
KOF.US,D,20060814,000000,20.2856,20.4725,20.1232,20.2308,28102.779453335,0
KOF.US,D,20060815,000000,20.2308,20.5958,20.2083,20.4921,73923.217271791,0
KOF.US,D,20060816,000000,20.6525,20.9441,20.402,20.8678,83865.831232354,0
KOF.US,D,20060817,000000,20.7572,21.0547,20.7494,20.7631,49718.179584885,0
KOF.US,D,20060818,000000,20.812,20.812,20.541,20.679,39196.116337075,0
KOF.US,D,20060821,000000,20.6026,20.6261,20.3335,20.4852,36027.02949447,0
KOF.US,D,20060822,000000,20.402,20.5067,20.2768,20.451,32707.715058874,0
KOF.US,D,20060823,000000,20.4177,20.6604,20.0214,20.3414,162977.52122259,0
KOF.US,D,20060824,000000,20.3169,20.541,20.2768,20.4656,66139.997215913,0
KOF.US,D,20060825,000000,20.4656,20.5625,20.3061,20.5273,48132.10322896,0
KOF.US,D,20060828,000000,20.4568,20.6956,20.1946,20.6447,46398.86514929,0
KOF.US,D,20060829,000000,20.541,20.7347,20.3061,20.4921,64414.934787562,0
KOF.US,D,20060830,000000,20.5547,20.7494,20.4568,20.5126,30404.22529969,0
KOF.US,D,20060831,000000,20.5958,20.7005,20.3335,20.4852,44529.706866438,0
KOF.US,D,20060901,000000,20.5909,21.2641,20.5674,20.8893,181855.10011863,0
KOF.US,D,20060905,000000,20.8531,21.0899,20.77,21.0479,142081.57840713,0
KOF.US,D,20060906,000000,21.041,21.0547,20.6447,20.6956,69888.533345766,0
KOF.US,D,20060907,000000,20.5273,20.679,20.2621,20.6095,65851.805506911,0
KOF.US,D,20060908,000000,20.5547,20.7152,20.4177,20.6447,29107.362609182,0
KOF.US,D,20060911,000000,20.6956,20.8962,20.5204,20.86,94240.732756418,0
KOF.US,D,20060912,000000,20.86,21.5547,20.8199,21.4774,139344.77912803,0
KOF.US,D,20060913,000000,21.4774,21.8043,21.3815,21.7641,49135.664428392,0
KOF.US,D,20060914,000000,21.7641,21.9442,21.5127,21.8649,43808.205637518,0
KOF.US,D,20060915,000000,21.86,22.0763,21.7818,22.0763,194533.49140187,0
KOF.US,D,20060918,000000,22.0685,22.6096,22.0411,22.4726,172057.60396898,0
KOF.US,D,20060919,000000,22.4168,22.4354,22.1027,22.1644,118885.21170173,0
KOF.US,D,20060920,000000,22.0685,22.4501,21.9002,22.3101,147269.02916916,0
KOF.US,D,20060921,000000,22.226,22.4501,21.7084,21.77,59512.609865287,0
KOF.US,D,20060922,000000,21.7563,21.7563,21.0332,21.3395,79975.243160829,0
KOF.US,D,20060925,000000,21.3453,21.6868,20.9989,21.632,68012.22136801,0
KOF.US,D,20060926,000000,21.2827,21.6731,21.0899,21.5479,84156.066854185,0
KOF.US,D,20060927,000000,21.6105,21.6164,21.3395,21.4774,43808.205637518,0
KOF.US,D,20060928,000000,21.5479,21.6731,21.2573,21.6105,53893.893496166,0
KOF.US,D,20060929,000000,21.6516,21.818,21.497,21.7015,81991.563167427,0
KOF.US,D,20061002,000000,21.6516,21.9853,21.1643,21.8943,258372.04277143,0
KOF.US,D,20061003,000000,21.8258,21.8385,21.359,21.45,128392.47222955,0
KOF.US,D,20061004,000000,21.3737,21.77,21.0332,21.6653,88332.802721881,0
KOF.US,D,20061005,000000,21.6516,22.1869,21.5547,21.9275,57497.311815104,0
KOF.US,D,20061006,000000,21.7563,21.9765,21.6565,21.8943,83143.308047019,0
KOF.US,D,20061009,000000,21.8884,22.3238,21.8884,22.2632,21325.164509718,0
KOF.US,D,20061010,000000,22.1869,22.2485,21.8884,21.9275,42365.203179679,0
KOF.US,D,20061011,000000,21.9275,22.2045,21.7348,21.7906,42653.394888681,0
KOF.US,D,20061012,000000,21.7084,22.6654,21.7084,22.3884,49281.804195723,0
KOF.US,D,20061013,000000,22.4833,23.0108,22.3483,22.9149,56055.33131368,0
KOF.US,D,20061016,000000,22.9853,23.1155,22.7759,22.955,42653.394888681,0
KOF.US,D,20061017,000000,22.8444,22.8992,22.4295,22.5342,44529.706866438,0
KOF.US,D,20061018,000000,22.5734,22.9912,22.5734,22.8992,53461.605932664,0
KOF.US,D,20061019,000000,22.8522,23.0675,22.6321,23.0254,34578.917254556,0
KOF.US,D,20061020,000000,23.0391,23.0391,22.0137,22.1027,91216.763724729,0
KOF.US,D,20061023,000000,22.1027,22.4902,22.0616,22.3591,62109.401115548,0
KOF.US,D,20061024,000000,22.4726,22.4833,22.2554,22.4413,73200.694086457,0
KOF.US,D,20061025,000000,22.4168,22.6096,22.2133,22.3483,88190.75078021,0
KOF.US,D,20061026,000000,22.3483,22.6243,22.3317,22.5176,43659.000000943,0
KOF.US,D,20061027,000000,22.5254,22.5254,22.2133,22.3483,99284.08766395,0
KOF.US,D,20061030,000000,22.409,23.2114,22.409,22.9374,126948.44781529,0
KOF.US,D,20061031,000000,23.089,24.1087,23.089,24.1087,193524.82042037,0
KOF.US,D,20061101,000000,24.1028,24.2877,24.0108,24.0411,215575.57398467,0
KOF.US,D,20061102,000000,24.4629,24.4629,24.1507,24.3504,327679.08291712,0
KOF.US,D,20061103,000000,24.3582,24.3582,23.9482,24.3259,54759.490579587,0
KOF.US,D,20061106,000000,24.2877,24.6351,24.2877,24.4971,230558.47698351,0
KOF.US,D,20061107,000000,24.6214,25.9541,24.5803,24.9551,219176.94839077,0
KOF.US,D,20061108,000000,25.0676,25.4336,24.8572,25.4336,107642.66918142,0
KOF.US,D,20061109,000000,25.5529,25.7937,25.1615,25.2036,133725.04080249,0
KOF.US,D,20061110,000000,25.1156,25.3553,25.0109,25.2936,53317.510078163,0
KOF.US,D,20061113,000000,25.3298,25.3298,24.7398,25.0226,162399.09389176,0
KOF.US,D,20061114,000000,25.1077,25.5236,25.0793,25.2809,112540.90627803,0
KOF.US,D,20061115,000000,25.2623,25.6077,25.232,25.325,82279.754876429,0
KOF.US,D,20061116,000000,25.2555,25.4404,25.1919,25.3298,174649.28543717,0
KOF.US,D,20061117,000000,25.3298,25.3788,25.2388,25.3161,104619.72210614,0
KOF.US,D,20061120,000000,25.3876,26.371,25.3161,26.0236,164561.55366569,0
KOF.US,D,20061121,000000,25.9541,26.0236,25.6077,26.0177,122775.79977326,0
KOF.US,D,20061122,000000,26.0314,26.1283,26.0109,26.0941,250586.77880272,0
KOF.US,D,20061124,000000,26.0941,26.1459,25.8083,26.0941,59799.779617874,0
KOF.US,D,20061127,000000,25.8171,25.8171,25.1293,25.1478,81848.489269341,0
KOF.US,D,20061128,000000,25.1615,25.2682,24.2691,24.4971,157934.16631506,0
KOF.US,D,20061129,000000,24.3259,24.9482,24.2545,24.6214,187330.74258966,0
KOF.US,D,20061130,000000,24.6214,24.8377,24.5108,24.6977,122629.66000593,0
KOF.US,D,20061201,000000,24.5646,24.7966,24.4003,24.7741,45968.621498617,0
KOF.US,D,20061204,000000,24.8445,25.5588,24.5177,25.3298,113119.33360887,0
KOF.US,D,20061205,000000,25.413,26.2408,25.3005,26.1136,189491.15845076,0
KOF.US,D,20061206,000000,26.1136,26.5501,26.1058,26.3152,75796.463380303,0
KOF.US,D,20061207,000000,26.3152,26.4062,26.0236,26.0236,62970.910373308,0
KOF.US,D,20061208,000000,26.1352,26.2526,26.0236,26.1626,44095.375390105,0
KOF.US,D,20061211,000000,25.8514,25.9326,25.8514,25.8847,105770.44502932,0
KOF.US,D,20061212,000000,25.8847,26.2878,25.8847,26.1841,158222.35802406,0
KOF.US,D,20061213,000000,26.1136,26.2956,25.9042,26.0236,190790.0650541,0
KOF.US,D,20061214,000000,25.962,26.0872,25.4756,25.6635,138477.13813178,0
KOF.US,D,20061215,000000,25.6009,26.1714,25.6009,25.8171,90206.048830393,0
KOF.US,D,20061218,000000,25.6772,26.0177,25.6772,25.9541,79689.095364657,0
KOF.US,D,20061219,000000,25.9541,26.0314,25.4962,25.504,130269.80616372,0
KOF.US,D,20061220,000000,25.5392,26.1958,25.5392,26.0941,911862.07227924,0
KOF.US,D,20061221,000000,26.0236,26.233,26.0021,26.1058,332437.3119849,0
KOF.US,D,20061222,000000,26.0588,26.1224,25.8622,25.8622,141796.45256738,0
KOF.US,D,20061226,000000,25.8171,26.5706,25.7878,26.0872,93952.541047417,0
KOF.US,D,20061227,000000,26.0941,26.1958,26.0588,26.1283,154907.13141413,0
KOF.US,D,20061228,000000,25.9042,26.1136,25.8945,26.0363,97555.959366354,0
KOF.US,D,20061229,000000,26.0236,26.4189,25.7878,26.371,90206.048830393,0
KOF.US,D,20070103,000000,26.1958,26.371,25.8514,26.0236,246554.13878953,0
KOF.US,D,20070104,000000,26.0588,26.0588,25.5647,25.871,78246.092906819,0
KOF.US,D,20070105,000000,25.7809,25.7809,25.4482,25.594,58358.821072864,0
KOF.US,D,20070108,000000,25.6009,25.6772,25.4893,25.6498,99715.353271038,0
KOF.US,D,20070109,000000,25.594,25.6498,24.8523,24.9756,75075.984107799,0
KOF.US,D,20070110,000000,24.9159,24.9756,24.5646,24.8699,109368.75356618,0
KOF.US,D,20070111,000000,24.8699,25.3298,24.8142,25.1527,67007.638212163,0
KOF.US,D,20070112,000000,25.1224,25.4267,25.1224,25.3435,185886.71817541,0
KOF.US,D,20070116,000000,25.3298,25.871,25.2936,25.8015,505358.46912446,0
KOF.US,D,20070117,000000,25.8015,26.4825,25.6772,26.0706,257074.15812451,0
KOF.US,D,20070118,000000,25.9003,26.3563,25.9003,26.3348,321916.2706935,0
KOF.US,D,20070119,000000,26.4825,28.2096,26.2663,27.4532,421779.8076447,0
KOF.US,D,20070122,000000,27.3407,28.0707,27.2164,27.3211,176665.60544376,0
KOF.US,D,20070123,000000,27.4111,27.7585,27.2937,27.6832,316732.90775713,0
KOF.US,D,20070124,000000,27.7174,28.4386,27.6264,27.8485,265002.4959913,0
KOF.US,D,20070125,000000,28.0022,28.0707,27.3926,27.3965,368173.08390112,0
KOF.US,D,20070126,000000,27.4043,27.7937,27.2732,27.7174,274795.90431529,0
KOF.US,D,20070129,000000,27.6734,27.829,27.2673,27.3965,323935.65656934,0
KOF.US,D,20070130,000000,27.4679,27.7585,27.3632,27.51,125365.43732861,0
KOF.US,D,20070131,000000,27.4111,27.9053,27.4111,27.7742,181419.74668588,0
KOF.US,D,20070201,000000,28.1754,28.7644,28.1754,28.6196,81274.149764167,0
KOF.US,D,20070202,000000,28.6265,28.9601,28.6265,28.7155,403620.66410834,0
KOF.US,D,20070205,000000,28.5443,28.5697,27.6411,27.781,363706.11241159,0
KOF.US,D,20070206,000000,27.7849,28.2037,27.7849,28.2037,95683.735214257,0
KOF.US,D,20070207,000000,28.2791,28.2791,27.875,27.9767,240648.25266782,0
KOF.US,D,20070208,000000,27.7996,27.8622,27.5706,27.6411,228108.847457,0
KOF.US,D,20070209,000000,27.7585,27.9669,27.6206,27.7037,261396.01180312,0
KOF.US,D,20070212,000000,27.5521,27.7673,27.329,27.51,94674.042276336,0
KOF.US,D,20070213,000000,27.5863,27.8485,27.5863,27.737,43085.682452184,0
KOF.US,D,20070214,000000,27.6206,28.1069,27.6206,27.9327,68736.788466174,0
KOF.US,D,20070215,000000,27.9454,28.1196,27.8211,27.829,69458.289695093,0
KOF.US,D,20070216,000000,27.9581,27.9581,27.5706,27.6059,30690.373095862,0
KOF.US,D,20070220,000000,27.6059,27.6059,27.0638,27.1558,115135.65361546,0
KOF.US,D,20070221,000000,27.0853,27.5227,26.9601,27.4816,137757.68081569,0
KOF.US,D,20070222,000000,27.4816,27.737,27.1333,27.3965,179550.58840303,0
KOF.US,D,20070223,000000,27.3407,27.3407,26.6068,26.8368,133869.136657,0
KOF.US,D,20070226,000000,27.008,27.0638,25.5451,25.7467,290649.51417963,0
KOF.US,D,20070227,000000,25.1615,25.4629,24.185,24.2877,431867.53941618,0
KOF.US,D,20070228,000000,24.3944,24.7056,23.866,23.9081,334167.48419532,0
KOF.US,D,20070301,000000,23.9404,24.0891,23.3151,24.0891,215268.9870602,0
KOF.US,D,20070302,000000,24.0891,24.8318,23.7965,24.3875,388203.42963316,0
KOF.US,D,20070305,000000,24.3083,24.3083,23.8043,24.0519,173640.61445566,0
KOF.US,D,20070306,000000,24.1214,24.3709,23.9707,24.1028,216295.03130076,0
KOF.US,D,20070307,000000,24.1586,24.3376,23.6302,23.7349,116575.59020406,0
KOF.US,D,20070308,000000,23.8728,24.0803,23.8728,24.0177,86891.844176873,0
KOF.US,D,20070309,000000,24.1136,24.232,23.9149,24.0177,41355.510241758,0
KOF.US,D,20070312,000000,24.1136,24.1507,23.7525,24.0578,71328.46993436,0
KOF.US,D,20070313,000000,24.1028,24.1087,23.727,23.7466,152458.52384403,0
KOF.US,D,20070314,000000,23.6791,24.0519,23.4707,23.7466,142369.77011613,0
KOF.US,D,20070315,000000,23.5959,24.3376,23.4834,23.6302,232866.05456836,0
KOF.US,D,20070316,000000,23.4834,23.8934,23.2622,23.636,104186.41258623,0
KOF.US,D,20070319,000000,23.7045,24.2065,23.5959,23.8092,43659.000000943,0
KOF.US,D,20070320,000000,23.7965,24.2691,23.7965,23.9296,78246.092906819,0
KOF.US,D,20070321,000000,23.9404,25.1371,23.8728,24.9619,107642.66918142,0
KOF.US,D,20070322,000000,25.1371,25.1478,24.8318,24.9893,54759.490579587,0
KOF.US,D,20070323,000000,25.0608,25.1919,24.8445,24.9698,39627.381944162,0
KOF.US,D,20070326,000000,25.0608,25.0852,24.8377,25.0451,26227.489431994,0
KOF.US,D,20070327,000000,25.1224,25.1293,24.8778,24.9619,52743.170572989,0
KOF.US,D,20070328,000000,24.9159,25.0529,24.7809,24.9071,46690.122727536,0
KOF.US,D,20070329,000000,24.9825,25.5647,24.9825,25.3788,80266.500739076,0
KOF.US,D,20070330,000000,25.3298,25.4199,25.0314,25.0676,39196.116337075,0
KOF.US,D,20070402,000000,25.1527,26.1763,25.1527,26.142,132860.46567549,0
KOF.US,D,20070403,000000,26.2663,26.9043,26.233,26.6342,79833.191219158,0
KOF.US,D,20070404,000000,26.5706,26.5706,26.051,26.1763,43516.948059272,0
KOF.US,D,20070405,000000,26.1136,26.2408,25.8622,25.9395,32278.493364617,0
KOF.US,D,20070409,000000,26.2408,26.5442,26.0236,26.3974,72769.428479369,0
KOF.US,D,20070410,000000,26.4943,26.4943,25.9806,26.0442,38328.475340825,0
KOF.US,D,20070411,000000,25.9541,26.1058,25.1478,25.3161,119026.24168699,0
KOF.US,D,20070412,000000,25.2809,25.7467,24.9619,25.6498,204618.15730411,0
KOF.US,D,20070413,000000,25.7467,25.8171,25.3435,25.6772,113119.33360887,0
KOF.US,D,20070416,000000,25.8514,26.6479,25.8514,26.4189,60520.258890378,0
KOF.US,D,20070417,000000,26.371,26.5501,25.8436,26.3426,129545.23906555,0
KOF.US,D,20070418,000000,26.5011,27.2517,26.3211,26.8788,129834.45273097,0
KOF.US,D,20070419,000000,26.8906,27.052,26.4473,26.9121,119887.75094475,0
KOF.US,D,20070420,000000,26.9943,27.5159,25.6009,26.7653,299439.36130419,0
KOF.US,D,20070423,000000,26.9248,27.5521,26.6479,26.7732,144966.56136639,0
KOF.US,D,20070424,000000,26.8554,27.0237,26.6009,26.6616,91645.985418987,0
KOF.US,D,20070425,000000,26.8211,27.052,26.1557,26.1958,231999.43552852,0
KOF.US,D,20070426,000000,26.0236,26.9248,26.0236,26.9248,103895.15500798,0
KOF.US,D,20070427,000000,26.7526,26.9894,26.2252,26.5109,82568.968541846,0
KOF.US,D,20070430,000000,26.5784,28.0707,26.371,26.9894,182718.65328922,0
KOF.US,D,20070501,000000,27.0559,27.5569,26.9679,27.5569,105477.14353824,0
KOF.US,D,20070502,000000,27.419,27.599,27.1479,27.1665,135164.97739109,0
KOF.US,D,20070503,000000,27.2732,27.4816,27.0237,27.0706,121474.84925709,0
KOF.US,D,20070504,000000,27.238,27.7585,27.2321,27.4043,109082.60577001,0
KOF.US,D,20070507,000000,27.4816,27.7243,27.3153,27.3847,68880.884320675,0
KOF.US,D,20070508,000000,27.3153,27.4464,27.0785,27.3211,94818.138130837,0
KOF.US,D,20070509,000000,27.0638,27.4111,27.0638,27.4111,90780.388335567,0
KOF.US,D,20070510,000000,27.1949,27.1949,26.4189,26.5501,84731.428315774,0
KOF.US,D,20070511,000000,26.5442,27.8985,26.5442,27.5863,194681.67508204,0
KOF.US,D,20070514,000000,27.5159,27.5521,27.0706,27.1059,82279.754876429,0
KOF.US,D,20070515,000000,27.1059,27.6959,27.1059,27.4943,109225.6796681,0
KOF.US,D,20070516,000000,27.69,28.0286,27.5863,27.9249,98129.276915113,0
KOF.US,D,20070517,000000,28.01,28.099,27.7673,27.7673,45677.36392037,0
KOF.US,D,20070518,000000,27.7311,27.9327,27.7311,27.9249,49426.922006639,0
KOF.US,D,20070521,000000,28.0364,28.0648,27.8681,28.0364,26659.776995496,0
KOF.US,D,20070522,000000,28.099,28.099,27.8622,27.8622,51010.954449734,0
KOF.US,D,20070523,000000,27.8622,28.418,27.829,28.3554,95248.38178151,0
KOF.US,D,20070524,000000,28.4445,28.4445,27.419,27.4748,160096.62608899,0
KOF.US,D,20070525,000000,27.2017,27.8133,27.1333,27.4111,108508.26626484,0
KOF.US,D,20070529,000000,27.5863,28.0364,27.2605,27.6264,114845.41799363,0
KOF.US,D,20070530,000000,27.4111,28.1421,27.1196,28.1245,98564.63034786,0
KOF.US,D,20070531,000000,27.9513,28.5834,27.6264,27.8985,235027.49238587,0
KOF.US,D,20070601,000000,27.9669,28.4513,27.9669,28.0648,86744.682453127,0
KOF.US,D,20070604,000000,28.0648,28.2243,27.2017,27.3847,82279.754876429,0
KOF.US,D,20070605,000000,27.4464,28.1949,27.4464,28.0286,215141.24250833,0
KOF.US,D,20070606,000000,28.0286,28.2869,27.9943,28.0707,163551.86072777,0
KOF.US,D,20070607,000000,28.2096,28.5296,27.9865,28.513,280994.06997166,0
KOF.US,D,20070608,000000,28.513,30.2567,28.513,29.0707,348432.97379091,0
KOF.US,D,20070611,000000,29.1461,29.8388,28.9044,29.6343,102740.34425914,0
KOF.US,D,20070612,000000,29.6343,29.6343,29.0218,29.0218,153323.09897103,0
KOF.US,D,20070613,000000,29.1461,29.3271,28.786,29.0071,94818.138130837,0
KOF.US,D,20070614,000000,28.9396,29.3741,28.9396,29.0991,54037.989350667,0
KOF.US,D,20070615,000000,29.1461,29.5903,28.8202,29.193,128248.37637505,0
KOF.US,D,20070618,000000,29.286,29.5972,29.2322,29.5335,44385.611011937,0
KOF.US,D,20070619,000000,29.6588,30.0345,29.424,29.7713,141219.04719296,0
KOF.US,D,20070620,000000,30.334,30.8115,30.1167,30.4367,356355.17991922,0
KOF.US,D,20070621,000000,30.881,32.0063,30.6187,31.5053,608679.28462727,0
KOF.US,D,20070622,000000,31.4387,32.1452,31.3213,31.8037,206783.68294728,0
KOF.US,D,20070625,000000,31.7509,31.9211,31.4025,31.5053,129545.23906555,0
KOF.US,D,20070626,000000,31.4025,31.6119,30.3467,30.9084,206637.54317995,0
KOF.US,D,20070627,000000,31.1256,31.1256,30.5952,30.6999,126809.46174287,0
KOF.US,D,20070628,000000,30.6031,30.881,30.3124,30.5336,197418.47436114,0
KOF.US,D,20070629,000000,30.5336,30.881,30.5336,30.7313,160382.77388516,0
KOF.US,D,20070702,000000,30.881,32.8537,30.832,32.4065,641959.29527849,0
KOF.US,D,20070703,000000,32.339,32.9495,32.339,32.7891,97555.959366354,0
KOF.US,D,20070705,000000,32.0953,33.2832,32.0953,33.2421,348142.73816908,0
KOF.US,D,20070706,000000,33.2959,33.5132,33.0523,33.3028,214134.61543966,0
KOF.US,D,20070709,000000,33.1736,33.6443,33.0816,33.3449,139344.77912803,0
KOF.US,D,20070710,000000,33.3302,33.3302,32.519,32.7548,290937.70588864,0
KOF.US,D,20070711,000000,32.7548,33.0601,32.4916,32.6129,161826.79829942,0
KOF.US,D,20070712,000000,32.7548,33.2597,32.4848,33.1433,120900.50975191,0
KOF.US,D,20070713,000000,32.7979,32.8537,31.652,32.429,281135.09995692,0
KOF.US,D,20070716,000000,32.2695,33.3175,32.2695,32.8879,236613.5687418,0
KOF.US,D,20070717,000000,32.7118,33.4838,32.7118,33.11,234736.23480763,0
KOF.US,D,20070718,000000,33.0396,33.9339,32.7891,33.2597,357800.22628988,0
KOF.US,D,20070719,000000,33.3116,33.6443,33.2676,33.2959,82858.182207262,0
KOF.US,D,20070720,000000,32.8957,33.1932,32.6149,32.7421,191220.30870477,0
KOF.US,D,20070723,000000,32.6589,32.8194,32.4485,32.7206,123779.36097269,0
KOF.US,D,20070724,000000,32.8595,32.9642,32.198,32.198,109656.94527518,0
KOF.US,D,20070725,000000,32.2147,32.4975,31.9515,32.1286,99284.08766395,0
KOF.US,D,20070726,000000,31.9133,31.9133,29.6676,30.4367,392959.6147881,0
KOF.US,D,20070727,000000,30.3672,30.471,29.1676,30.0845,311972.63477652,0
KOF.US,D,20070730,000000,32.062,32.2616,30.5336,31.4632,333157.7912574,0
KOF.US,D,20070731,000000,31.9211,32.339,31.4984,31.5258,218309.30739452,0
KOF.US,D,20070801,000000,30.881,31.473,30.881,31.2009,171479.17663815,0
KOF.US,D,20070802,000000,31.3379,31.4025,30.5336,30.5414,107785.7430795,0
KOF.US,D,20070803,000000,30.4641,30.6451,28.1812,28.5002,298286.59446818,0
KOF.US,D,20070806,000000,28.7312,29.1373,27.875,29.1373,170613.57955473,0
KOF.US,D,20070807,000000,29.0012,29.0012,27.7096,28.2096,223063.44863664,0
KOF.US,D,20070808,000000,28.1245,28.2605,27.2732,27.329,416302.12126083,0
KOF.US,D,20070809,000000,27.0638,27.0638,25.4815,26.371,626832.29642514,0
KOF.US,D,20070810,000000,26.1626,27.7448,25.8514,27.1841,501609.93299461,0
KOF.US,D,20070813,000000,27.5521,28.8691,27.5227,28.8261,212548.53908373,0
KOF.US,D,20070814,000000,28.6597,28.7644,28.1754,28.4513,197127.21678289,0
KOF.US,D,20070815,000000,28.1069,28.6059,27.3779,27.4405,179978.78814087,0
KOF.US,D,20070816,000000,27.3407,27.3407,25.2036,26.8211,384892.29084888,0
KOF.US,D,20070817,000000,27.1763,28.0442,26.9943,27.2673,300445.98837287,0
KOF.US,D,20070820,000000,27.5569,27.5569,26.6548,26.9894,305056.03376048,0
KOF.US,D,20070821,000000,27.2017,27.4464,26.8143,27.0706,137902.79862661,0
KOF.US,D,20070822,000000,27.2839,28.0501,27.1665,27.9405,197705.64411372,0
KOF.US,D,20070823,000000,28.418,28.5296,27.9053,28.099,139344.77912803,0
KOF.US,D,20070824,000000,27.7585,28.5002,27.7585,28.3681,196117.52384497,0
KOF.US,D,20070827,000000,28.4445,28.513,27.9943,28.0022,106486.83647617,0
KOF.US,D,20070828,000000,27.69,27.8417,26.828,27.0638,333589.05686449,0
KOF.US,D,20070829,000000,27.2017,27.9405,26.9464,27.6538,255490.12568141,0
KOF.US,D,20070830,000000,27.4816,27.9581,27.4816,27.8681,88767.134198214,0
KOF.US,D,20070831,000000,28.4513,28.4513,27.8622,28.1754,137470.5110631,0
KOF.US,D,20070904,000000,28.2037,29.3486,28.1891,28.9396,128392.47222955,0
KOF.US,D,20070905,000000,28.9396,29.105,28.3495,28.8779,186034.90185557,0
KOF.US,D,20070906,000000,29.1461,29.4308,28.648,29.0071,530720.36147304,0
KOF.US,D,20070907,000000,28.7312,29.0071,28.5208,28.7987,196984.1428848,0
KOF.US,D,20070910,000000,28.7987,28.9239,28.2174,28.3887,110812.77798044,0
KOF.US,D,20070911,000000,28.4513,28.5912,27.5022,27.5863,216148.89153342,0
KOF.US,D,20070912,000000,27.8985,27.8985,27.101,27.5569,384027.71572188,0
KOF.US,D,20070913,000000,28.2302,28.2644,27.7096,27.8133,107357.54334166,0
KOF.US,D,20070914,000000,27.8985,27.9669,27.6538,27.69,190065.49795593,0
KOF.US,D,20070917,000000,27.8055,27.9865,26.828,27.2017,262983.11011546,0
KOF.US,D,20070918,000000,27.5521,28.0022,26.9757,27.6117,248857.62854871,0
KOF.US,D,20070919,000000,27.7585,27.875,27.5863,27.8554,145250.66524974,0
KOF.US,D,20070920,000000,27.875,27.875,27.4111,27.6538,128823.73783663,0
KOF.US,D,20070921,000000,27.7585,27.7585,27.2673,27.2781,90206.048830393,0
KOF.US,D,20070924,000000,27.4111,28.1127,26.6479,28.0707,310674.7501296,0
KOF.US,D,20070925,000000,27.8985,28.1069,27.7585,28.0217,85593.959529949,0
KOF.US,D,20070926,000000,28.2429,28.8075,28.2243,28.7312,69888.533345766,0
KOF.US,D,20070927,000000,28.9729,29.424,28.7987,29.2439,116861.73800023,0
KOF.US,D,20070928,000000,29.3564,29.7909,29.1196,29.7821,174504.16762625,0
KOF.US,D,20071001,000000,29.8388,30.6999,29.8388,30.5551,168452.14173721,0
KOF.US,D,20071002,000000,31.0542,31.0542,30.3535,30.695,68012.22136801,0
KOF.US,D,20071003,000000,30.9573,30.9573,29.9093,30.2831,83436.609538096,0
KOF.US,D,20071004,000000,30.152,30.4993,30.1167,30.3261,268025.44306658,0
KOF.US,D,20071005,000000,30.4299,30.6813,30.1167,30.2831,129834.45273097,0
KOF.US,D,20071008,000000,30.2909,30.7058,30.2635,30.5952,62538.622809805,0
KOF.US,D,20071009,000000,31.0483,31.0483,30.4641,30.6735,259089.45617469,0
KOF.US,D,20071010,000000,30.881,31.5415,30.8457,31.519,150726.30772077,0
KOF.US,D,20071011,000000,31.6824,31.7147,30.9309,31.0414,113695.71702687,0
KOF.US,D,20071012,000000,31.6119,31.6119,31.2959,31.5884,51444.263969651,0
KOF.US,D,20071015,000000,31.5884,31.5884,30.653,31.2274,89198.399805302,0
KOF.US,D,20071016,000000,31.2274,31.3604,30.2635,30.3193,91936.221040819,0
KOF.US,D,20071017,000000,30.8457,31.3673,30.5473,31.3252,100006.61084928,0
KOF.US,D,20071018,000000,31.2645,31.381,30.8252,30.9788,60090.015239705,0
KOF.US,D,20071019,000000,31.0189,31.0904,30.0297,30.1109,110380.49041693,0
KOF.US,D,20071022,000000,30.0473,30.7577,30.0473,30.6305,71761.779454278,0
KOF.US,D,20071023,000000,30.7772,31.0542,30.5473,30.9857,153034.90726203,0
KOF.US,D,20071024,000000,31.0013,31.0737,30.3956,30.6892,148417.70817951,0
KOF.US,D,20071025,000000,30.6031,31.2274,30.5336,31.1706,245544.44585161,0
KOF.US,D,20071026,000000,31.2274,31.473,30.3672,31.1804,201596.23218525,0
KOF.US,D,20071029,000000,32.5474,34.1776,32.198,32.4848,423654.07570962,0
KOF.US,D,20071030,000000,33.8654,34.0044,32.247,32.4574,495411.76733824,0
KOF.US,D,20071031,000000,33.1042,33.2676,31.9378,32.1452,271479.65574894,0
KOF.US,D,20071101,000000,32.4779,32.5669,31.8526,31.8526,214559.74930826,0
KOF.US,D,20071102,000000,31.8526,32.0395,31.0737,31.2645,154907.13141413,0
KOF.US,D,20071105,000000,30.6735,32.0131,30.6735,31.063,181419.74668588,0
KOF.US,D,20071106,000000,30.9387,31.6442,30.8115,31.5738,245114.20220094,0
KOF.US,D,20071107,000000,30.9485,31.4387,30.4798,30.4798,339208.79519002,0
KOF.US,D,20071108,000000,30.6305,30.9857,29.6461,30.1471,244679.8707246,0
KOF.US,D,20071109,000000,29.8388,30.4367,29.4435,29.9161,295980.03883975,0
KOF.US,D,20071112,000000,30.2567,30.4798,28.9787,29.2322,129112.95150205,0
KOF.US,D,20071113,000000,29.1617,30.194,29.1617,30.0414,143091.27134505,0
KOF.US,D,20071114,000000,29.8614,30.1167,29.466,29.5619,131129.27150865,0
KOF.US,D,20071115,000000,29.7214,29.7214,28.7243,28.9044,165599.86138323,0
KOF.US,D,20071116,000000,29.1196,29.3271,28.4034,28.4875,152598.53187287,0
KOF.US,D,20071119,000000,28.0844,28.5697,27.6489,28.1333,210542.43864128,0
KOF.US,D,20071120,000000,28.693,29.6519,28.6402,29.0414,176375.36982193,0
KOF.US,D,20071121,000000,28.556,28.9729,27.8055,28.2096,168090.36916634,0
KOF.US,D,20071123,000000,28.5443,29.424,28.4513,29.193,89810.551697827,0
KOF.US,D,20071126,000000,30.1402,30.1402,29.7361,29.8467,419473.25201627,0
KOF.US,D,20071127,000000,29.7821,30.1608,29.6588,30.152,342740.67655992,0
KOF.US,D,20071128,000000,30.152,32.2695,30.152,31.9378,396417.91529612,0
KOF.US,D,20071129,000000,31.5483,31.9211,31.4025,31.5121,147340.56611821,0
KOF.US,D,20071130,000000,31.698,32.0258,31.0962,31.4554,632364.14649899,0
KOF.US,D,20071203,000000,31.6657,31.6657,31.0268,31.2137,146694.68966399,0
KOF.US,D,20071204,000000,31.2137,31.8125,31.1168,31.5483,122629.66000593,0
KOF.US,D,20071205,000000,31.7147,31.7773,31.4143,31.5053,86891.844176873,0
KOF.US,D,20071206,000000,31.7352,31.7352,30.6735,31.2773,149431.48894309,0
KOF.US,D,20071207,000000,31.2773,31.6824,31.1589,31.5963,60377.184992292,0
KOF.US,D,20071210,000000,31.7509,32.0885,31.6442,31.8751,276386.06849688,0
KOF.US,D,20071211,000000,32.0464,32.1726,31.6237,31.8037,317884.65263672,0
KOF.US,D,20071212,000000,32.1726,32.8292,32.1452,32.5112,286470.73439911,0
KOF.US,D,20071213,000000,32.5885,32.5885,31.9299,32.1031,109950.24676626,0
KOF.US,D,20071214,000000,31.5826,31.9926,31.5826,31.9074,44668.692938864,0
KOF.US,D,20071217,000000,32.198,32.198,31.1383,31.3604,85450.885631863,0
KOF.US,D,20071218,000000,31.6726,31.8595,31.1589,31.5415,156205.01606105,0
KOF.US,D,20071219,000000,31.6824,32.3243,31.4984,32.1286,214134.61543966,0
KOF.US,D,20071220,000000,32.6374,33.2676,32.4848,32.928,244105.53121943,0
KOF.US,D,20071221,000000,33.0268,33.9339,32.9818,33.4564,223210.61036038,0
KOF.US,D,20071224,000000,33.5954,33.796,33.4212,33.6639,58071.651320278,0
KOF.US,D,20071226,000000,33.8038,33.8038,32.4848,32.8448,93952.541047417,0
KOF.US,D,20071227,000000,32.5033,33.6306,32.5033,33.5895,143668.67671947,0
KOF.US,D,20071228,000000,33.5895,34.0044,33.3028,33.8097,108363.14845392,0
KOF.US,D,20071231,000000,33.9838,34.2617,33.4212,34.2001,157788.02654773,0
KOF.US,D,20080102,000000,33.9555,34.3938,33.1492,33.3028,224506.45109448,0
KOF.US,D,20080103,000000,33.2049,33.2539,32.4779,32.5347,296270.27446158,0
KOF.US,D,20080104,000000,32.5347,32.838,31.7147,31.7773,251211.19417223,0
KOF.US,D,20080107,000000,31.9378,33.3116,31.6031,33.3116,316584.72407697,0
KOF.US,D,20080108,000000,33.6511,33.8586,32.6208,32.6795,223641.87596747,0
KOF.US,D,20080109,000000,32.8243,33.3723,32.1863,33.2959,161249.392925,0
KOF.US,D,20080110,000000,33.2421,33.3517,32.7832,32.9985,188445.69703832,0
KOF.US,D,20080111,000000,32.8957,33.3243,32.6658,32.8957,105477.14353824,0
KOF.US,D,20080114,000000,32.9642,33.3175,32.5474,32.7362,160382.77388516,0
KOF.US,D,20080115,000000,32.6149,33.1736,32.0885,32.3243,157049.15205976,0
KOF.US,D,20080116,000000,32.2695,33.658,32.1452,33.3116,536887.86843696,0
KOF.US,D,20080117,000000,33.7001,34.0807,32.3801,32.5474,406646.67705286,0
KOF.US,D,20080118,000000,32.9701,33.5797,32.1804,32.8037,348368.59053677,0
KOF.US,D,20080122,000000,31.7832,33.8234,31.7773,32.1286,407267.0045967,0
KOF.US,D,20080123,000000,32.0885,32.0885,30.5414,31.9759,361258.52679791,0
KOF.US,D,20080124,000000,32.1168,33.11,32.0953,32.5033,267447.01573574,0
KOF.US,D,20080125,000000,33.0738,33.0738,31.9133,32.111,131490.02212311,0
KOF.US,D,20080128,000000,32.2548,32.9221,31.424,32.4065,183945.0009871,0
KOF.US,D,20080129,000000,32.928,33.3938,32.0689,32.9349,286613.80829719,0
KOF.US,D,20080130,000000,32.9574,32.9574,32.429,32.6208,306074.92430614,0
KOF.US,D,20080131,000000,32.0464,32.7069,31.6178,32.6208,132840.02654719,0
KOF.US,D,20080201,000000,32.4779,33.6697,32.4779,33.519,108363.14845392,0
KOF.US,D,20080204,000000,33.4525,36.2266,33.4525,35.8988,346847.9193914,0
KOF.US,D,20080205,000000,34.9751,35.8773,34.525,35.3498,599623.72883484,0
KOF.US,D,20080206,000000,35.843,37.1748,35.253,36.3,416016.99542108,0
KOF.US,D,20080207,000000,36.4409,36.6395,35.5377,36.2589,662280.89858877,0
KOF.US,D,20080208,000000,36.5025,37.4722,36.2188,36.3861,357972.936924,0
KOF.US,D,20080211,000000,36.6288,37.4331,35.8773,37.4331,261828.29936662,0
KOF.US,D,20080212,000000,37.5094,38.9312,37.1973,38.8608,235255.38866639,0
KOF.US,D,20080213,000000,38.8216,39.3823,37.2394,37.8196,558039.30035615,0
KOF.US,D,20080214,000000,38.1738,38.848,37.8196,38.1543,343246.54498529,0
KOF.US,D,20080215,000000,37.7022,38.348,37.3568,37.7374,227150.25233982,0
KOF.US,D,20080219,000000,37.9165,40.4225,36.9204,37.4126,1159610.8781178,0
KOF.US,D,20080220,000000,35.4545,36.4546,35.4545,36.1777,597721.86794671,0
KOF.US,D,20080221,000000,36.6121,37.3294,36.0867,36.2736,239279.85302827,0
KOF.US,D,20080222,000000,36.2188,36.7814,35.9888,36.7814,157788.02654773,0
KOF.US,D,20080225,000000,37.0564,37.3343,36.0788,37.2668,169749.00442772,0
KOF.US,D,20080226,000000,37.1278,38.7443,37.0074,38.6249,208946.14272121,0
KOF.US,D,20080227,000000,38.6249,39.4097,38.2042,38.3412,301579.33803699,0
KOF.US,D,20080228,000000,38.3705,38.9801,37.8079,38.5222,253391.02720521,0
KOF.US,D,20080229,000000,38.439,39.4029,36.1884,36.3929,223990.36310495,0
KOF.US,D,20080303,000000,36.0583,37.9116,35.8988,37.9116,256933.12813925,0
KOF.US,D,20080304,000000,37.8196,38.1484,37.0074,37.7922,264132.81108222,0
KOF.US,D,20080305,000000,38.3754,38.7981,37.302,37.6885,256064.46518659,0
KOF.US,D,20080306,000000,37.2178,38.0163,36.7736,36.9752,236445.96788975,0
KOF.US,D,20080307,000000,36.7462,38.3646,36.7462,37.0926,365281.96920337,0
KOF.US,D,20080310,000000,37.3206,38.6885,36.7814,37.0564,683608.10701132,0
KOF.US,D,20080311,000000,37.5721,39.6328,37.4174,39.1807,302592.09684416,0
KOF.US,D,20080312,000000,40.0066,40.2708,39.0486,39.2003,456386.31772246,0
KOF.US,D,20080313,000000,38.3079,40.0213,37.4722,39.9528,226011.79289362,0
KOF.US,D,20080314,000000,40.943,41.0477,38.4449,38.8138,273211.8718722,0
KOF.US,D,20080317,000000,37.529,39.1807,37.5094,38.3754,252836.10487192,0
KOF.US,D,20080318,000000,39.5124,39.944,37.9595,39.3207,315129.45814215,0
KOF.US,D,20080319,000000,39.5124,40.216,37.9957,38.3705,319185.60315289,0
KOF.US,D,20080320,000000,38.4586,39.3128,37.6885,39.169,238266.07226469,0
KOF.US,D,20080324,000000,39.169,40.8696,38.6885,40.446,283007.32410901,0
KOF.US,D,20080325,000000,40.854,40.854,39.7375,39.9029,239386.13649542,0
KOF.US,D,20080326,000000,39.7453,40.4998,39.3539,40.2502,205916.04195103,0
KOF.US,D,20080327,000000,40.2502,40.7287,39.3207,40.2219,165062.31230899,0
KOF.US,D,20080328,000000,40.0839,40.9636,39.4244,39.6729,220942.88907572,0
KOF.US,D,20080331,000000,39.2365,39.9596,38.7091,39.0907,219301.62707339,0
KOF.US,D,20080401,000000,38.8608,41.3951,38.8608,40.4861,452603.0350745,0
KOF.US,D,20080402,000000,40.3471,40.5849,38.9537,39.0007,500580.82288481,0
KOF.US,D,20080403,000000,39.1308,39.1308,37.3568,37.5985,531007.53122563,0
KOF.US,D,20080404,000000,38.0633,38.53,36.6963,36.9311,495305.48387109,0
KOF.US,D,20080407,000000,36.0583,38.4527,36.0583,37.7247,385573.93577762,0
KOF.US,D,20080408,000000,37.9595,38.1259,36.939,37.0994,315712.99525506,0
KOF.US,D,20080409,000000,37.1278,37.1278,36.1209,36.6816,367019.2951087,0
KOF.US,D,20080410,000000,36.3,36.8147,36.2266,36.6288,198136.90972081,0
KOF.US,D,20080411,000000,36.5025,37.2668,35.9614,36.6288,255507.49894047,0
KOF.US,D,20080414,000000,36.7941,38.2502,36.5935,37.9957,235929.87990023,0
KOF.US,D,20080415,000000,38.1807,38.715,36.8988,37.121,283418.1505878,0
KOF.US,D,20080416,000000,37.2726,37.6494,36.5182,36.7462,312833.12207787,0
KOF.US,D,20080417,000000,37.0368,37.4527,36.5368,37.1679,133661.67950477,0
KOF.US,D,20080418,000000,37.3842,37.9595,37.2032,37.5838,138954.39177754,0
KOF.US,D,20080421,000000,37.0241,37.8284,36.5857,36.7237,154562.73210231,0
KOF.US,D,20080422,000000,36.2188,37.0505,36.2188,36.7736,453963.25906273,0
KOF.US,D,20080423,000000,36.7814,36.7814,35.9115,36.3626,189421.66541454,0
KOF.US,D,20080424,000000,36.3626,36.8352,35.8107,36.2393,242284.40488808,0
KOF.US,D,20080425,000000,36.3861,36.8215,35.982,36.3225,140182.78338825,0
KOF.US,D,20080428,000000,36.3,36.3,35.4203,36.0025,687937.11438484,0
KOF.US,D,20080429,000000,35.6708,35.9047,35.5328,35.7178,401101.54154561,0
KOF.US,D,20080430,000000,35.7716,36.6121,35.7598,36.1835,422747.60036961,0
KOF.US,D,20080501,000000,36.0505,36.6395,36.0505,36.6043,685255.50075214,0
KOF.US,D,20080502,000000,36.663,37.9331,36.5309,37.8822,348063.02556872,0
KOF.US,D,20080505,000000,37.8822,37.9253,37.5417,37.8627,223827.87203498,0
KOF.US,D,20080506,000000,37.3842,39.0545,37.3842,39.0428,222179.45633775,0
KOF.US,D,20080507,000000,38.7228,38.8608,37.6494,37.7922,385056.82583168,0
KOF.US,D,20080508,000000,38.1337,39.0702,37.9047,38.8979,261012.77814753,0
KOF.US,D,20080509,000000,38.6465,39.5124,38.5144,39.488,218583.19171372,0
KOF.US,D,20080512,000000,39.488,39.8412,39.3706,39.6808,131919.24381737,0
KOF.US,D,20080513,000000,39.5418,41.0066,39.4312,40.9518,244275.1759843,0
KOF.US,D,20080514,000000,41.1172,41.1172,40.0408,40.2708,427756.20875903,0
KOF.US,D,20080515,000000,40.0839,41.2924,40.0839,41.0781,285836.09946546,0
KOF.US,D,20080516,000000,40.8393,41.5605,40.672,41.5047,190280.10880306,0
KOF.US,D,20080519,000000,41.6368,42.7142,41.3403,42.5116,252049.19843245,0
KOF.US,D,20080520,000000,42.4089,42.5204,40.6172,40.9861,173009.04539125,0
KOF.US,D,20080521,000000,41.2845,41.5605,40.5281,41.4029,176091.26593859,0
KOF.US,D,20080522,000000,41.5262,41.9636,41.2982,41.7356,180995.63477369,0
KOF.US,D,20080523,000000,41.535,42.5057,40.9567,41.1241,167782.76028545,0
KOF.US,D,20080527,000000,40.7708,42.6789,40.5761,42.5263,177019.20236332,0
KOF.US,D,20080528,000000,42.6711,42.811,40.7082,41.0624,370514.38604765,0
KOF.US,D,20080529,000000,41.4029,43.0253,40.5966,42.0537,250999.64919434,0
KOF.US,D,20080530,000000,42.2709,44.2543,42.0331,43.3032,264348.44388577,0
KOF.US,D,20080602,000000,43.1369,43.3805,42.4431,43.1026,196343.37621266,0
KOF.US,D,20080603,000000,43.0331,43.6839,42.7259,43.3032,256491.64296802,0
KOF.US,D,20080604,000000,42.3521,43.5126,42.0537,42.9304,311035.50074406,0
KOF.US,D,20080605,000000,43.129,43.6506,42.9901,43.3727,158910.13469129,0
KOF.US,D,20080606,000000,43.3394,43.5606,42.2709,42.8052,266196.14108391,0
KOF.US,D,20080609,000000,42.8805,42.8805,41.3178,41.535,368310.02606072,0
KOF.US,D,20080610,000000,41.583,41.8374,40.5144,40.7082,428053.59807577,0
KOF.US,D,20080611,000000,40.7013,41.1475,40.2551,40.7415,141091.30264109,0
KOF.US,D,20080612,000000,41.4284,42.0967,41.262,41.5194,182180.08225856,0
KOF.US,D,20080613,000000,41.2415,41.5262,40.0771,40.4097,171450.56185853,0
KOF.US,D,20080616,000000,40.6456,40.6671,39.7561,40.4371,173345.26905175,0
KOF.US,D,20080617,000000,40.5898,40.5966,38.8754,39.2786,406013.06407562,0
KOF.US,D,20080618,000000,39.2982,39.4175,37.529,37.6494,391639.24710005,0
KOF.US,D,20080619,000000,37.6494,38.5917,37.5417,38.3754,274463.76848045,0
KOF.US,D,20080620,000000,38.1807,38.3979,37.4722,37.8705,172060.66983822,0
KOF.US,D,20080623,000000,37.6679,38.2384,37.4967,37.8196,206534.32558205,0
KOF.US,D,20080624,000000,37.8558,38.0564,37.6053,37.7805,141108.67590015,0
KOF.US,D,20080625,000000,37.71,38.8911,37.4967,38.2306,106310.03801639,0
KOF.US,D,20080626,000000,38.2462,38.3206,37.4722,38.12,216401.3147679,0
KOF.US,D,20080627,000000,37.2873,38.4449,37.2873,37.9654,302613.55792887,0
KOF.US,D,20080630,000000,38.1543,39.2365,38.0711,39.1308,219471.27183826,0
KOF.US,D,20080701,000000,38.6807,38.8216,37.6494,38.0868,339083.09455099,0
KOF.US,D,20080702,000000,38.715,38.9087,36.6816,36.8352,264037.76913564,0
KOF.US,D,20080703,000000,36.8695,38.1484,36.8695,37.6816,147018.64984751,0
KOF.US,D,20080707,000000,36.7941,38.168,36.6004,37.9654,152149.89300673,0
KOF.US,D,20080708,000000,38.3412,38.8608,37.4801,38.3979,212035.51696345,0
KOF.US,D,20080709,000000,38.1885,39.6954,38.0916,38.7228,268600.80452817,0
KOF.US,D,20080710,000000,39.0623,39.2864,37.7648,38.4038,313995.08652161,0
KOF.US,D,20080711,000000,37.9253,38.3079,37.5838,37.9253,195463.47173943,0
KOF.US,D,20080714,000000,38.2384,39.5653,38.0975,39.1944,161800.22743263,0
KOF.US,D,20080715,000000,38.9938,39.8608,38.5564,39.5829,154511.63428156,0
KOF.US,D,20080716,000000,39.9097,40.1681,39.3481,40.1191,167057.17123087,0
KOF.US,D,20080717,000000,40.127,41.9499,40.127,40.3745,308822.9651058,0
KOF.US,D,20080718,000000,40.7013,40.9704,39.6661,40.9636,312921.01032955,0
KOF.US,D,20080721,000000,40.1524,41.6241,39.896,40.127,205146.50877061,0
KOF.US,D,20080722,000000,39.7629,40.2502,39.5986,39.8334,363411.7889641,0
KOF.US,D,20080723,000000,39.7629,40.1025,39.3823,40.0565,570269.05277325,0
KOF.US,D,20080724,000000,40.1455,40.807,39.9939,40.1681,135821.07340945,0
KOF.US,D,20080725,000000,40.3745,40.3745,39.3207,39.488,153492.74373591,0
KOF.US,D,20080728,000000,39.6602,40.854,39.6602,40.354,251627.13043309,0
KOF.US,D,20080729,000000,40.1681,40.354,39.9782,40.1935,411237.30526859,0
KOF.US,D,20080730,000000,39.854,41.2219,39.2091,39.488,436181.21744347,0
KOF.US,D,20080731,000000,39.5124,39.8334,39.2639,39.396,262577.39341875,0
KOF.US,D,20080801,000000,39.8765,39.9303,39.4782,39.854,61563.676389991,0
KOF.US,D,20080804,000000,39.9303,40.6788,39.9303,40.2297,275083.07406788,0
KOF.US,D,20080805,000000,40.7013,42.492,40.4939,41.9861,278764.16107435,0
KOF.US,D,20080806,000000,42.2268,43.678,42.2268,43.0674,426983.60970937,0
KOF.US,D,20080807,000000,42.5821,43.7132,42.5821,43.129,233962.61380155,0
KOF.US,D,20080808,000000,42.7142,43.1838,41.992,42.3863,254083.91365451,0
KOF.US,D,20080811,000000,42.7601,42.7601,41.5605,41.7415,153152.43224974,0
KOF.US,D,20080812,000000,42.1535,42.1535,41.1172,41.2708,144742.75291153,0
KOF.US,D,20080813,000000,41.1857,41.1857,39.9782,41.0213,267882.36916849,0
KOF.US,D,20080814,000000,40.8696,41.7004,40.7013,41.6368,292136.46076331,0
KOF.US,D,20080815,000000,41.6368,41.6799,40.7366,40.7366,66038.823530838,0
KOF.US,D,20080818,000000,40.854,42.0478,40.7013,41.5546,128452.76765803,0
KOF.US,D,20080819,000000,41.4724,42.082,40.8824,41.3795,102707.64165386,0
KOF.US,D,20080820,000000,41.2924,42.8727,41.2297,42.7778,308853.62379825,0
KOF.US,D,20080821,000000,42.6789,43.0821,42.1231,42.4832,129849.78207719,0
KOF.US,D,20080822,000000,42.5204,42.5889,40.7767,40.9636,134350.47812841,0
KOF.US,D,20080825,000000,40.8941,40.943,39.488,40.4782,192073.64231121,0
KOF.US,D,20080826,000000,40.2013,40.2219,39.7023,39.8412,121194.83319941,0
KOF.US,D,20080827,000000,39.806,39.8256,39.1807,39.6455,177420.83123437,0
KOF.US,D,20080828,000000,39.5213,40.0839,39.3481,39.7023,176599.17827679,0
KOF.US,D,20080829,000000,39.6044,39.6808,39.2091,39.3755,117632.29313706,0
KOF.US,D,20080902,000000,39.6886,40.9303,39.6328,40.2502,181313.46321873,0
KOF.US,D,20080903,000000,40.5477,40.5477,39.4029,40.0154,138208.36359466,0
KOF.US,D,20080904,000000,40.2933,40.5624,39.9234,40.3686,199051.56071215,0
KOF.US,D,20080905,000000,40.2845,40.8863,39.169,40.5575,333994.7735612,0
KOF.US,D,20080908,000000,42.5116,42.5684,40.0771,41.2219,315785.55416051,0
KOF.US,D,20080909,000000,41.2219,41.2924,40.7992,40.9704,191582.08127564,0
KOF.US,D,20080910,000000,40.9704,41.5898,40.3686,41.2924,374573.59692764,0
KOF.US,D,20080911,000000,40.672,41.2845,40.5281,40.9088,266187.96543259,0
KOF.US,D,20080912,000000,41.262,41.2924,40.2502,40.9176,166673.93757529,0
KOF.US,D,20080915,000000,40.4225,41.0066,39.9166,40.0066,156830.45338697,0
KOF.US,D,20080916,000000,39.0212,39.9714,38.4742,39.7845,312785.09012637,0
KOF.US,D,20080917,000000,39.5418,39.7982,37.6405,39.6808,674667.01033736,0
KOF.US,D,20080918,000000,39.4175,39.8197,35.7334,39.2091,713769.10668427,0
KOF.US,D,20080919,000000,39.9303,40.8863,37.3568,37.848,534085.6639473,0
KOF.US,D,20080922,000000,37.9801,38.0427,35.1277,36.9135,303602.81173849,0
KOF.US,D,20080923,000000,36.4106,37.1484,36.0505,36.5789,226017.92463211,0
KOF.US,D,20080924,000000,36.6963,36.6963,34.9281,35.4056,298776.11159092,0
KOF.US,D,20080925,000000,35.525,37.4243,35.3704,37.1347,217305.74619509,0
KOF.US,D,20080926,000000,36.6395,36.9673,35.8626,36.21,121254.10667147,0
KOF.US,D,20080929,000000,35.2324,35.6708,32.4427,33.4006,493218.64887187,0
KOF.US,D,20080930,000000,32.928,35.2608,32.9221,35.0171,264527.28625838,0
KOF.US,D,20081001,000000,34.9124,37.1053,34.7471,36.5505,261252.93790504,0
KOF.US,D,20081002,000000,36.0935,36.4742,34.9672,35.1424,119310.34557033,0
KOF.US,D,20081003,000000,35.5084,36.0505,33.658,33.658,116959.84581606,0
KOF.US,D,20081006,000000,32.3712,32.4975,28.3133,30.5336,567631.3832664,0
KOF.US,D,20081007,000000,29.4386,31.1706,28.1891,28.3828,377135.64165979,0
KOF.US,D,20081008,000000,27.7937,29.0766,27.2732,27.7937,624221.19778507,0
KOF.US,D,20081009,000000,27.8622,28.8202,25.2036,25.2036,488155.87679245,0
KOF.US,D,20081010,000000,23.7818,27.5569,23.4354,24.1136,1159511.7483455,0
KOF.US,D,20081013,000000,25.3935,27.1401,24.3709,26.7937,783980.57825714,0
KOF.US,D,20081014,000000,28.4875,29.0707,26.4336,26.6068,434696.31477262,0
KOF.US,D,20081015,000000,26.642,27.0383,25.5588,25.5588,229846.17336233,0
KOF.US,D,20081016,000000,25.2936,26.0647,24.5245,25.871,163402.65509119,0
KOF.US,D,20081017,000000,24.9482,27.1264,24.9482,26.4385,219512.15009486,0
KOF.US,D,20081020,000000,27.0638,28.1607,27.0638,27.8485,123709.86793647,0
KOF.US,D,20081021,000000,27.101,27.2732,26.0941,26.2956,159589.7357072,0
KOF.US,D,20081022,000000,26.6068,26.6068,23.366,23.866,254707.3070676,0
KOF.US,D,20081023,000000,22.7965,23.9482,19.6114,20.4803,658513.96724345,0
KOF.US,D,20081024,000000,18.9538,19.7846,18.3902,19.5204,286204.00377482,0
KOF.US,D,20081027,000000,18.7581,20.0067,18.4382,19.2513,283803.42815622,0
KOF.US,D,20081028,000000,19.7641,20.2856,18.1466,20.2856,319810.01852239,0
KOF.US,D,20081029,000000,20.2768,21.6653,19.7778,21.2338,344389.09225715,0
KOF.US,D,20081030,000000,21.8483,21.8483,20.7494,21.4148,250835.11421155,0
KOF.US,D,20081031,000000,21.3277,22.5342,21.2015,22.0939,325699.55334146,0
KOF.US,D,20081103,000000,22.5675,23.6713,22.0411,23.5127,200342.29166417,0
KOF.US,D,20081104,000000,24.4355,24.5803,23.6644,24.4834,187297.01802797,0
KOF.US,D,20081105,000000,24.2545,24.3504,22.3395,22.4413,295478.25824004,0
KOF.US,D,20081106,000000,22.4902,22.6174,20.6604,20.8463,247586.31476858,0
KOF.US,D,20081107,000000,20.9774,23.1008,20.8737,22.6487,461193.60069815,0
KOF.US,D,20081110,000000,22.2485,22.8924,22.0557,22.4168,159141.09684106,0
KOF.US,D,20081111,000000,22.2045,22.3591,21.2485,21.632,279414.12535422,0
KOF.US,D,20081112,000000,21.2827,21.7201,21.0968,21.3355,135702.52646533,0
KOF.US,D,20081113,000000,20.6525,23.5392,20.6525,23.2887,285051.23693881,0
KOF.US,D,20081114,000000,23.727,24.7897,22.8992,23.9081,202948.28052216,0
KOF.US,D,20081117,000000,23.7349,24.3327,23.1918,23.3748,150868.35966244,0
KOF.US,D,20081118,000000,23.9404,24.7682,23.5597,23.9335,253744.62412477,0
KOF.US,D,20081119,000000,23.7045,24.0891,22.3532,22.3591,191553.46649603,0
KOF.US,D,20081120,000000,22.1565,23.8562,21.0684,21.271,483280.12273697,0
KOF.US,D,20081121,000000,21.2641,23.4012,20.5958,22.1418,209655.38047315,0
KOF.US,D,20081124,000000,21.999,23.5323,21.6917,23.1448,173748.94183564,0
KOF.US,D,20081125,000000,23.4756,23.4756,21.818,22.3532,177935.89726748,0
KOF.US,D,20081126,000000,22.0685,23.7525,22.0479,23.5959,157248.43356066,0
KOF.US,D,20081128,000000,23.6302,24.1507,23.2818,24.1507,82478.014420919,0
KOF.US,D,20081201,000000,22.8992,23.8386,22.7427,22.8924,273459.1853246,0
KOF.US,D,20081202,000000,23.2476,24.6909,22.955,24.049,220186.64132869,0
KOF.US,D,20081203,000000,23.5039,24.8572,23.5039,23.8092,284241.84745821,0
KOF.US,D,20081204,000000,23.3307,23.9208,22.6996,23.1008,297782.76995564,0
KOF.US,D,20081205,000000,23.3493,25.2388,23.2975,24.9071,283163.68344049,0
KOF.US,D,20081208,000000,24.3327,27.3211,24.3327,26.9395,423583.560717,0
KOF.US,D,20081209,000000,26.7604,27.0383,26.28,26.2878,253639.36261403,0
KOF.US,D,20081210,000000,26.4258,27.0237,26.2105,26.6968,132694.90873628,0
KOF.US,D,20081211,000000,26.5236,27.0638,25.5392,25.7183,123187.64820846,0
KOF.US,D,20081212,000000,24.5108,26.0236,24.4776,25.9806,141002.392433,0
KOF.US,D,20081215,000000,25.4756,28.5443,25.4756,28.418,343957.82665006,0
KOF.US,D,20081216,000000,28.737,30.5072,28.0765,30.1882,450766.57939692,0
KOF.US,D,20081217,000000,30.1402,30.1402,28.7713,28.8349,231475.17188768,0
KOF.US,D,20081218,000000,28.7439,30.5336,28.7439,29.5688,244141.29969395,0
KOF.US,D,20081219,000000,29.7713,30.3124,28.8975,29.0913,131955.01229189,0
KOF.US,D,20081222,000000,29.0286,29.1744,28.1695,28.5296,104625.85384463,0
KOF.US,D,20081223,000000,28.693,30.194,28.5638,29.7713,165309.62576139,0
KOF.US,D,20081224,000000,29.5688,29.9856,29.1744,29.8682,57521.838769061,0
KOF.US,D,20081226,000000,29.8682,30.015,28.9523,29.0766,70466.9606766,0
KOF.US,D,20081229,000000,28.9445,30.1715,28.9445,29.9514,127886.60380417,0
KOF.US,D,20081230,000000,29.9514,31.2195,29.9514,30.6892,155172.840082,0
KOF.US,D,20081231,000000,30.2635,30.7704,29.9367,30.194,184907.68392993,0
KOF.US,D,20090102,000000,30.0473,31.7832,30.015,31.3213,177615.00295321,0
KOF.US,D,20090105,000000,31.4857,31.5738,30.881,31.0962,215317.0190117,0
KOF.US,D,20090106,000000,31.4387,31.7274,28.8261,29.1461,372437.7080205,0
KOF.US,D,20090107,000000,29.1999,29.6519,28.1949,28.513,164892.66754411,0
KOF.US,D,20090108,000000,27.2017,28.3349,27.191,27.6538,78044.767493083,0
KOF.US,D,20090109,000000,27.9327,27.9327,26.7389,26.7604,253097.72571413,0
KOF.US,D,20090112,000000,26.371,26.7105,24.3709,24.9404,619556.98870747,0
KOF.US,D,20090113,000000,24.2877,24.4541,23.5959,24.1214,349668.51909652,0
KOF.US,D,20090114,000000,23.8464,23.8464,22.3728,22.9618,514183.06276713,0
KOF.US,D,20090115,000000,23.5392,24.6351,23.1301,24.5862,460674.44683938,0
KOF.US,D,20090116,000000,24.7966,25.0226,23.9638,24.6478,219109.49926739,0
KOF.US,D,20090120,000000,24.6557,24.9482,24.049,24.1507,281785.06423679,0
KOF.US,D,20090121,000000,24.4629,25.4815,24.3709,25.1156,363085.78486775,0
KOF.US,D,20090122,000000,24.9893,25.2623,24.4482,24.9257,153815.68196301,0
KOF.US,D,20090123,000000,24.4629,24.8083,24.413,24.5529,123261.22907033,0
KOF.US,D,20090126,000000,24.5529,25.9473,24.4629,25.6342,162248.86629877,0
KOF.US,D,20090127,000000,25.4404,26.7105,25.413,26.642,220913.25233969,0
KOF.US,D,20090128,000000,26.1626,27.4111,26.1626,27.2605,250153.46928281,0
KOF.US,D,20090129,000000,26.9943,27.329,26.6548,26.871,186765.60069222,0
KOF.US,D,20090130,000000,26.8368,27.101,26.1283,26.2174,209169.95117607,0
KOF.US,D,20090202,000000,26.0109,26.4258,24.2877,24.8005,687273.86467157,0
KOF.US,D,20090203,000000,24.9825,24.9825,22.6428,24.4541,791292.67640575,0
KOF.US,D,20090204,000000,24.2877,24.9825,23.685,24.004,188605.12223904,0
KOF.US,D,20090205,000000,23.8728,24.0108,23.1008,23.2417,778506.97969894,0
KOF.US,D,20090206,000000,23.2348,24.2124,23.2348,23.8856,171149.08471613,0
KOF.US,D,20090209,000000,23.8728,24.2065,23.7133,23.9912,246069.73144887,0
KOF.US,D,20090210,000000,23.8092,23.9482,22.5616,22.7427,332088.82484741,0
KOF.US,D,20090211,000000,22.9706,23.7691,22.727,23.7466,400629.39768193,0
KOF.US,D,20090212,000000,23.5959,24.2809,23.4354,24.1987,167996.34917617,0
KOF.US,D,20090213,000000,24.2877,25.1077,24.1028,24.8142,179087.64214708,0
KOF.US,D,20090217,000000,25.5862,25.5862,23.1233,23.366,196786.90529673,0
KOF.US,D,20090218,000000,23.6987,23.6987,22.9149,23.1654,159275.99508782,0
KOF.US,D,20090219,000000,23.1654,23.4208,22.364,22.3728,154709.89382605,0
KOF.US,D,20090220,000000,22.2201,23.1996,21.8737,22.6487,215126.93511852,0
KOF.US,D,20090223,000000,23.1155,23.1155,21.0625,21.2573,135820.05145304,0
KOF.US,D,20090224,000000,21.2162,22.2554,21.1927,21.9344,192782.88006315,0
KOF.US,D,20090225,000000,21.7416,22.1027,20.9715,21.8258,140475.06292291,0
KOF.US,D,20090226,000000,22.1644,22.5176,21.7123,21.7123,116621.57824273,0
KOF.US,D,20090227,000000,22.5959,22.6859,21.4657,21.6232,208469.91103187,0
KOF.US,D,20090302,000000,20.7494,21.041,19.8531,19.902,194361.80272417,0
KOF.US,D,20090303,000000,19.8834,20.5909,19.583,19.6261,178796.38456883,0
KOF.US,D,20090304,000000,19.6173,19.902,18.9675,19.4314,322770.62625636,0
KOF.US,D,20090305,000000,19.1809,19.3267,18.0145,18.3286,493330.04212109,0
KOF.US,D,20090306,000000,18.5898,19.4177,18.2728,19.2024,427566.12486586,0
KOF.US,D,20090309,000000,19.2092,19.9177,18.9597,19.2582,506486.70900651,0
KOF.US,D,20090310,000000,19.4999,21.0625,19.3883,20.7083,635796.89809664,0
KOF.US,D,20090311,000000,20.0556,21.3395,20.0556,20.8737,409011.48419694,0
KOF.US,D,20090312,000000,20.7347,21.541,20.4363,21.4853,370097.42783038,0
KOF.US,D,20090313,000000,22.3591,23.0724,21.4657,22.9912,232174.19007547,0
KOF.US,D,20090316,000000,23.1654,23.6429,22.9374,23.2417,270047.89481167,0
KOF.US,D,20090317,000000,23.2417,23.8229,23.1996,23.5255,259062.88530791,0
KOF.US,D,20090318,000000,23.1448,23.4619,22.3395,23.2065,501859.29035985,0
KOF.US,D,20090319,000000,23.3924,23.6576,22.4726,23.4276,230868.12977723,0
KOF.US,D,20090320,000000,23.4707,23.6908,22.5548,22.588,190040.97100197,0
KOF.US,D,20090323,000000,22.679,23.4834,22.3238,23.4756,139601.29018817,0
KOF.US,D,20090324,000000,23.6077,24.0177,22.907,23.408,176850.57955486,0
KOF.US,D,20090325,000000,23.4893,24.2877,23.4756,24.2877,120305.73111844,0
KOF.US,D,20090326,000000,24.4355,25.2105,24.2261,25.0608,304232.33689007,0
KOF.US,D,20090327,000000,24.595,24.8631,24.4707,24.8377,190668.45224072,0
KOF.US,D,20090330,000000,24.4883,24.4883,23.0108,23.1507,152491.2264493,0
KOF.US,D,20090331,000000,23.7691,23.9482,23.1155,23.636,130162.50074015,0
KOF.US,D,20090401,000000,23.4579,24.6214,23.1301,24.4003,116346.67196712,0
KOF.US,D,20090402,000000,24.8631,25.5451,24.7809,25.0167,74484.271343572,0
KOF.US,D,20090403,000000,23.8043,25.7937,23.8043,25.7036,79509.231035635,0
KOF.US,D,20090406,000000,25.7614,25.7614,24.366,25.325,123150.85777752,0
KOF.US,D,20090407,000000,24.9825,25.8945,24.6909,25.5862,136544.6185512,0
KOF.US,D,20090408,000000,25.6841,26.0109,25.6635,25.9326,128057.27052546,0
KOF.US,D,20090409,000000,27.238,27.238,26.0363,26.2712,93028.692448347,0
KOF.US,D,20090413,000000,26.233,26.3651,25.4815,25.5862,131246.79649636,0
KOF.US,D,20090414,000000,25.5451,25.8171,25.2007,25.6224,294130.29772878,0
KOF.US,D,20090415,000000,25.6009,25.8436,25.2809,25.7183,361112.38703057,0
KOF.US,D,20090416,000000,25.8299,26.1626,25.5099,25.5862,242443.8300888,0
KOF.US,D,20090417,000000,25.5862,26.4062,25.1527,26.2252,151765.63739472,0
KOF.US,D,20090420,000000,25.9003,25.9003,25.1224,25.4062,97798.163036685,0
KOF.US,D,20090421,000000,25.4199,26.4943,25.4199,26.2457,86886.734394798,0
KOF.US,D,20090422,000000,25.9874,27.191,25.9874,26.6479,200659.09815279,0
KOF.US,D,20090423,000000,26.5931,27.3407,26.5501,27.3025,103537.47026276,0
KOF.US,D,20090424,000000,27.3965,27.5521,26.4551,26.6616,135433.75192821,0
KOF.US,D,20090427,000000,26.0647,26.3651,25.0735,25.594,188706.29592411,0
KOF.US,D,20090428,000000,25.4404,25.6684,24.733,24.9698,167587.56661021,0
KOF.US,D,20090429,000000,24.9972,27.51,24.9972,26.9336,156435.97821082,0
KOF.US,D,20090430,000000,27.0706,28.1949,26.9043,27.3025,165603.94920889,0
KOF.US,D,20090501,000000,27.2732,27.5795,26.0941,27.5795,192001.08340575,0
KOF.US,D,20090504,000000,27.7849,28.2928,27.3025,27.5628,104746.44470159,0
KOF.US,D,20090505,000000,27.6538,28.1695,27.2096,28.0648,125104.83844281,0
KOF.US,D,20090506,000000,28.2722,28.4582,27.917,28.3495,95263.711127733,0
KOF.US,D,20090507,000000,28.1127,28.5834,27.8368,28.5208,82298.150091897,0
KOF.US,D,20090508,000000,28.513,28.8613,27.9405,28.5443,64408.803049072,0
KOF.US,D,20090511,000000,28.1812,28.1812,26.8084,27.3965,204074.47649138,0
KOF.US,D,20090512,000000,27.2732,27.329,26.5501,26.9679,266262.56825088,0
KOF.US,D,20090513,000000,26.6342,26.8906,26.0588,26.5011,184843.30067579,0
KOF.US,D,20090514,000000,26.3279,26.6117,26.1283,26.4473,224492.14370467,0
KOF.US,D,20090515,000000,26.6009,26.8906,26.2663,26.7252,87166.750452481,0
KOF.US,D,20090518,000000,26.6763,27.9454,26.6763,27.9053,50519.393414167,0
KOF.US,D,20090519,000000,28.0149,28.328,27.6832,27.7585,89471.26216808,0
KOF.US,D,20090520,000000,28.1529,28.7312,28.0844,28.7087,162649.47321341,0
KOF.US,D,20090521,000000,27.9943,28.8143,27.9943,28.7527,155173.86203842,0
KOF.US,D,20090522,000000,28.7312,28.8427,28.5296,28.6314,64361.793053987,0
KOF.US,D,20090526,000000,28.6402,29.6402,28.6265,29.4602,122056.34245717,0
KOF.US,D,20090527,000000,29.6519,30.3614,29.0639,29.2087,159040.9451124,0
KOF.US,D,20090528,000000,29.3486,29.3672,28.418,28.8545,71346.865149829,0
KOF.US,D,20090529,000000,29.4709,29.6246,28.0579,28.648,149324.18351953,0
KOF.US,D,20090601,000000,28.8143,29.286,28.2791,28.8075,199344.86220322,0
KOF.US,D,20090602,000000,29.0071,30.6735,28.8613,29.9024,151541.82893986,0
KOF.US,D,20090603,000000,29.5844,29.7645,29.1118,29.3829,149470.32328686,0
KOF.US,D,20090604,000000,29.466,29.5688,29.1461,29.3418,124981.18171661,0
KOF.US,D,20090605,000000,29.7019,29.7821,28.8349,28.9856,176172.00049537,0
KOF.US,D,20090608,000000,28.467,28.9601,28.3417,28.4875,121532.07881632,0
KOF.US,D,20090609,000000,28.2869,28.7928,28.2605,28.4513,133933.51991113,0
KOF.US,D,20090610,000000,28.8349,28.9093,28.4034,28.6402,74516.973948848,0
KOF.US,D,20090611,000000,28.3985,28.7155,28.3632,28.4034,100532.91840296,0
KOF.US,D,20090612,000000,28.2869,28.4445,27.8622,28.3681,153528.51221043,0
KOF.US,D,20090615,000000,28.2517,28.3554,27.7585,28.1812,164661.70539435,0
KOF.US,D,20090616,000000,28.0442,28.0912,26.6205,26.8025,155906.6047879,0
KOF.US,D,20090617,000000,26.8426,27.0168,26.462,26.8788,117343.07947165,0
KOF.US,D,20090618,000000,27.2605,27.9581,27.2517,27.4601,143080.02982449,0
KOF.US,D,20090619,000000,27.829,28.1245,27.7585,27.9327,294778.21809583,0
KOF.US,D,20090622,000000,27.9943,28.0022,27.0383,27.0785,129540.12928348,0
KOF.US,D,20090623,000000,27.3025,27.9581,27.052,27.7742,84000.72947912,0
KOF.US,D,20090624,000000,28.0648,28.2605,26.7252,26.828,126754.27609646,0
KOF.US,D,20090625,000000,26.7174,27.8485,26.5442,27.5863,85699.221040684,0
KOF.US,D,20090626,000000,27.3564,27.5795,27.1665,27.4464,96758.833362732,0
KOF.US,D,20090629,000000,27.4405,27.917,27.1059,27.8417,129402.16516747,0
KOF.US,D,20090630,000000,27.8368,28.099,27.5795,27.8417,90471.757498267,0
KOF.US,D,20090701,000000,28.2429,28.693,28.099,28.4934,53307.290514014,0
KOF.US,D,20090702,000000,28.236,28.4249,27.7037,27.917,80169.41487966,0
KOF.US,D,20090706,000000,27.7673,28.7644,27.7096,28.2429,136521.11355366,0
KOF.US,D,20090707,000000,28.1069,28.3887,27.51,27.5706,128290.27658806,0
KOF.US,D,20090708,000000,27.5706,28.0648,27.101,27.6333,184032.88923878,0
KOF.US,D,20090709,000000,27.917,27.9327,26.8554,27.1333,65128.260365162,0
KOF.US,D,20090710,000000,26.8906,27.1949,26.6479,27.0853,82441.223989983,0
KOF.US,D,20090713,000000,27.3084,27.7507,26.8974,27.0853,213404.93855942,0
KOF.US,D,20090714,000000,27.101,27.3348,26.9601,27.1059,104879.29903553,0
KOF.US,D,20090715,000000,27.419,28.7586,27.2781,28.5443,274460.7026112,0
KOF.US,D,20090716,000000,28.513,29.2488,28.2096,29.1881,123860.09552947,0
KOF.US,D,20090717,000000,29.0766,30.1794,29.0286,29.4308,201458.26806924,0
KOF.US,D,20090720,000000,29.6813,29.6813,29.0071,29.3741,140708.06898551,0
KOF.US,D,20090721,000000,29.4602,29.6402,28.9523,29.1255,140193.0029524,0
KOF.US,D,20090722,000000,29.3486,30.5336,29.056,30.0698,184610.2946132,0
KOF.US,D,20090723,000000,30.2508,31.0346,30.1167,30.4866,187729.30559147,0
KOF.US,D,20090724,000000,30.1471,30.9436,30.1471,30.8115,155204.52073086,0
KOF.US,D,20090727,000000,30.9485,31.5415,30.6256,31.4916,57791.635262595,0
KOF.US,D,20090728,000000,31.5679,32.0552,31.0542,31.3252,68387.279372278,0
KOF.US,D,20090729,000000,30.8056,31.4857,30.4866,30.9015,72179.759627972,0
KOF.US,D,20090730,000000,31.1882,32.0464,31.0189,31.7558,73763.792071067,0
KOF.US,D,20090731,000000,31.7558,32.4652,31.6882,32.062,94588.197937484,0
KOF.US,D,20090803,000000,32.6511,34.3518,32.6149,34.0044,233531.34819446,0
KOF.US,D,20090804,000000,34.0445,35.8293,33.8312,34.296,180824.96805241,0
KOF.US,D,20090805,000000,34.5582,34.5582,33.7275,34.0044,83595.012782405,0
KOF.US,D,20090806,000000,34.296,34.296,33.9007,33.9555,77491.889072622,0
KOF.US,D,20090807,000000,34.3518,34.4545,33.3243,33.9339,106056.59282549,0
KOF.US,D,20090810,000000,33.8586,34.0044,33.6913,33.9975,67089.394725355,0
KOF.US,D,20090811,000000,33.4838,33.5269,32.153,32.4339,135551.27691592,0
KOF.US,D,20090812,000000,32.2695,32.6208,32.0885,32.291,129190.62018958,0
KOF.US,D,20090813,000000,32.5738,32.7685,31.6922,32.7206,57470.740948316,0
KOF.US,D,20090814,000000,33.0043,33.0043,32.2147,32.519,61285.704245138,0
KOF.US,D,20090817,000000,31.9299,31.9299,31.519,31.6922,40673.86531302,0
KOF.US,D,20090818,000000,31.6882,31.8399,31.2342,31.4387,88716.036377469,0
KOF.US,D,20090819,000000,31.3252,31.9847,31.2274,31.9573,65031.174505747,0
KOF.US,D,20090820,000000,32.1648,32.6736,32.1031,32.339,133519.6275631,0
KOF.US,D,20090821,000000,32.4711,33.02,32.2215,32.8037,71824.118795587,0
KOF.US,D,20090824,000000,33.0131,33.4525,32.3468,32.6129,142006.97558884,0
KOF.US,D,20090825,000000,32.6129,32.8801,32.3106,32.5669,31105.287400311,0
KOF.US,D,20090826,000000,32.4016,32.5033,31.6305,31.8673,120598.0106531,0
KOF.US,D,20090827,000000,31.9299,32.8116,31.7606,32.7832,74473.029823008,0
KOF.US,D,20090828,000000,32.7891,33.2539,32.0464,32.519,114222.02458054,0
KOF.US,D,20090831,000000,31.7509,31.7978,30.5551,30.9387,154314.39669349,0
KOF.US,D,20090901,000000,30.0531,31.0708,29.4093,29.7214,115823.43028269,0
KOF.US,D,20090902,000000,29.1676,30.4915,29.1676,30.2068,80411.618549992,0
KOF.US,D,20090903,000000,30.6451,30.6735,29.6461,30.4534,200906.41160519,0
KOF.US,D,20090904,000000,30.695,31.6589,30.4171,31.5346,135012.70588527,0
KOF.US,D,20090908,000000,31.5884,31.7773,30.9857,31.4554,103683.61003009,0
KOF.US,D,20090909,000000,31.5346,31.5346,30.6735,30.7772,89998.591678168,0
KOF.US,D,20090910,000000,30.9485,31.196,30.6031,31.1324,115547.50205067,0
KOF.US,D,20090911,000000,31.2009,31.9573,31.0483,31.7068,124442.61068596,0
KOF.US,D,20090914,000000,31.4025,31.519,30.9084,30.9172,149505.06980497,0
KOF.US,D,20090915,000000,30.9172,31.4788,30.7988,31.4485,135338.70998162,0
KOF.US,D,20090916,000000,31.8448,32.7832,31.381,32.3174,126736.90283741,0
KOF.US,D,20090917,000000,32.3174,33.2421,32.0689,33.0464,171305.44404761,0
KOF.US,D,20090918,000000,33.2959,34.6972,33.2049,34.3293,153467.19482553,0
KOF.US,D,20090921,000000,34.0748,34.1521,33.0963,33.2421,97887.073244782,0
KOF.US,D,20090922,000000,33.8038,33.9555,33.2764,33.6443,112922.09602079,0
KOF.US,D,20090923,000000,33.8312,33.8449,33.4613,33.5954,189521.81714321,0
KOF.US,D,20090924,000000,33.9222,33.9623,32.838,33.02,127930.54793001,0
KOF.US,D,20090925,000000,33.1218,33.2764,32.9016,33.067,134963.65197735,0
KOF.US,D,20090928,000000,33.1492,33.158,32.6912,33.0464,141991.64624262,0
KOF.US,D,20090929,000000,33.0464,33.3801,32.8654,33.0464,59992.92938029,0
KOF.US,D,20090930,000000,33.1775,33.7764,32.7118,33.3801,161989.28936938,0
KOF.US,D,20091001,000000,33.3801,33.9975,32.6442,33.1374,502304.86335674,0
KOF.US,D,20091002,000000,33.2676,35.3498,33.2284,35.0299,393975.43946451,0
KOF.US,D,20091005,000000,35.2882,35.4545,34.6708,34.8361,223960.72636892,0
KOF.US,D,20091006,000000,35.434,36.3558,34.9526,35.0103,257056.78486546,0
KOF.US,D,20091007,000000,35.0103,35.6551,34.6081,34.8244,245196.98067054,0
KOF.US,D,20091008,000000,34.8714,35.4408,34.525,35.2197,196613.1727062,0
KOF.US,D,20091009,000000,35.2256,35.2256,34.7402,34.8792,81613.439293914,0
KOF.US,D,20091012,000000,35.024,35.8342,35.024,35.8107,84512.729642985,0
KOF.US,D,20091013,000000,36.1483,37.3343,35.9193,36.8763,263513.50549479,0
KOF.US,D,20091014,000000,37.1347,37.7443,36.6121,36.9879,191944.87580293,0
KOF.US,D,20091015,000000,37.121,37.121,36.6395,36.939,117802.95985835,0
KOF.US,D,20091016,000000,36.9204,37.4722,36.573,37.1748,206926.75684537,0
KOF.US,D,20091019,000000,36.9879,38.1543,36.9752,37.9742,215496.88334072,0
KOF.US,D,20091020,000000,37.9116,37.9468,37.2178,37.6053,71895.65574463,0
KOF.US,D,20091021,000000,37.4664,37.9165,37.2521,37.5153,105503.71440503,0
KOF.US,D,20091022,000000,37.2521,37.891,37.0309,37.7501,92265.291006417,0
KOF.US,D,20091023,000000,37.8079,38.029,37.0564,37.6885,95497.739146745,0
KOF.US,D,20091026,000000,37.4722,38.2717,36.7168,36.9067,132330.07029616,0
KOF.US,D,20091027,000000,36.4409,37.4126,36.4331,36.5652,109740.74570121,0
KOF.US,D,20091028,000000,36.7814,37.0241,36.2334,36.8519,272092.82959788,0
KOF.US,D,20091029,000000,37.1278,38.0633,37.0994,37.7501,95980.102574578,0
KOF.US,D,20091030,000000,37.0564,37.6885,36.8636,37.4331,243147.95805867,0
KOF.US,D,20091102,000000,37.1748,37.7501,37.1053,37.3842,202967.69769404,0
KOF.US,D,20091103,000000,37.0926,37.0926,36.4106,36.7462,268726.5051672,0
KOF.US,D,20091104,000000,36.7051,38.2149,36.6689,37.7648,160214.1510767,0
KOF.US,D,20091105,000000,37.848,38.0349,37.3343,37.9468,290069.04293597,0
KOF.US,D,20091106,000000,37.9047,38.12,37.1552,37.4126,147859.71997698,0
KOF.US,D,20091109,000000,38.0006,38.4312,37.8705,38.168,106353.98214223,0
KOF.US,D,20091110,000000,37.891,38.9537,37.8764,38.2462,116369.15500825,0
KOF.US,D,20091111,000000,38.3206,38.3705,37.1904,37.5916,337626.80665976,0
KOF.US,D,20091112,000000,37.6494,37.8196,36.8078,36.8147,61218.255121755,0
KOF.US,D,20091113,000000,36.9937,37.4722,36.8147,37.4331,65100.66754196,0
KOF.US,D,20091116,000000,37.8196,38.4263,37.3421,38.3558,132740.89677495,0
KOF.US,D,20091117,000000,38.3558,39.1465,38.2149,39.1132,115913.3624472,0
KOF.US,D,20091118,000000,39.125,39.2982,38.4185,38.6191,106615.60298444,0
KOF.US,D,20091119,000000,38.2913,38.9664,37.9957,38.7365,164532.93888607,0
KOF.US,D,20091120,000000,38.3343,38.4811,37.9879,38.2502,46503.10470361,0
KOF.US,D,20091123,000000,38.9038,39.5213,38.3891,38.7649,156695.5551402,0
KOF.US,D,20091124,000000,38.7443,40.7767,38.7443,40.715,268895.12797566,0
KOF.US,D,20091125,000000,41.2141,42.4431,40.4577,41.1172,600506.69917731,0
KOF.US,D,20091127,000000,39.6661,40.2502,39.1387,39.8765,181729.39947959,0
KOF.US,D,20091130,000000,39.896,39.9635,39.3128,39.6455,128747.09110552,0
KOF.US,D,20091201,000000,39.8334,40.0477,39.6191,39.9303,197176.27069081,0
KOF.US,D,20091202,000000,40.1328,40.4371,40.0154,40.3882,257521.77503424,0
KOF.US,D,20091203,000000,40.5966,40.7708,39.8765,40.306,344576.11028108,0
KOF.US,D,20091204,000000,40.7708,40.9861,40.4371,40.9567,215105.47403381,0
KOF.US,D,20091207,000000,40.5321,41.0781,40.4029,41.0477,377382.9551122,0
KOF.US,D,20091208,000000,40.6387,41.0781,40.1935,40.7992,147492.83762403,0
KOF.US,D,20091209,000000,40.7923,41.2924,40.6025,40.943,138869.5693951,0
KOF.US,D,20091210,000000,40.943,41.7415,40.943,41.6926,256813.55923871,0
KOF.US,D,20091211,000000,41.6926,43.0057,41.6368,42.7142,113223.57316319,0
KOF.US,D,20091214,000000,43.2191,43.3883,42.8521,43.3512,139723.92495796,0
KOF.US,D,20091215,000000,43.2699,43.2699,42.4989,42.8247,215949.61003252,0
KOF.US,D,20091216,000000,43.3512,43.3668,42.7142,42.9001,143340.62871029,0
KOF.US,D,20091217,000000,42.3736,43.1026,42.2631,42.7963,136909.45699132,0
KOF.US,D,20091218,000000,43.0605,43.1085,42.0889,42.8658,137726.00016683,0
KOF.US,D,20091221,000000,42.6936,43.5899,42.6936,42.9901,45444.357857773,0
KOF.US,D,20091222,000000,42.8326,44.087,42.8326,44.087,72840.965428412,0
KOF.US,D,20091223,000000,43.9608,45.8434,43.9608,45.5998,104049.47042663,0
KOF.US,D,20091224,000000,45.5812,46.4482,45.1076,46.4022,42645.219237362,0
KOF.US,D,20091228,000000,46.8777,46.8777,45.9687,46.0724,118789.14779873,0
KOF.US,D,20091229,000000,46.3219,46.3288,45.6898,45.7955,77411.154515845,0
KOF.US,D,20091230,000000,45.8718,46.044,45.5039,45.8082,66631.55825148,0
KOF.US,D,20091231,000000,45.8082,46.2378,45.5372,45.6066,39013.186138807,0
KOF.US,D,20100104,000000,45.9618,46.6204,45.955,46.2662,91033.833526462,0
KOF.US,D,20100105,000000,46.3288,46.4814,45.4765,45.5372,216494.31280166,0
KOF.US,D,20100106,000000,45.4824,45.9335,45.3072,45.6898,143234.34524314,0
KOF.US,D,20100107,000000,45.8845,45.8845,45.5998,45.8376,126516.16025179,0
KOF.US,D,20100108,000000,45.7661,45.7661,44.8855,44.9765,156956.154026,0
KOF.US,D,20100111,000000,43.6721,43.7347,41.1113,42.0967,1222604.2715322,0
KOF.US,D,20100112,000000,41.6182,42.3325,41.3237,41.583,345274.10651245,0
KOF.US,D,20100113,000000,41.6867,43.0253,41.3237,42.7963,289154.39194464,0
KOF.US,D,20100114,000000,42.5057,43.1369,42.5057,42.8727,107147.02032019,0
KOF.US,D,20100115,000000,42.4656,42.9842,42.3952,42.8247,77504.152549601,0
KOF.US,D,20100119,000000,42.8521,42.9001,41.672,42.1163,140874.64788114,0
KOF.US,D,20100120,000000,41.2004,41.5683,40.3393,40.6671,263186.47944203,0
KOF.US,D,20100121,000000,40.4313,40.8696,39.6602,40.2708,209672.7537322,0
KOF.US,D,20100122,000000,39.8823,40.8863,39.7708,40.6172,135462.36670782,0
KOF.US,D,20100125,000000,41.0546,41.1387,40.2444,40.446,169155.24775066,0
KOF.US,D,20100126,000000,40.3334,40.9704,39.7796,40.0213,176113.74897972,0
KOF.US,D,20100127,000000,39.6661,41.0409,39.216,40.7855,387597.40947912,0
KOF.US,D,20100128,000000,41.3873,42.8394,41.2072,42.7504,499000.87826737,0
KOF.US,D,20100129,000000,43.0938,43.6075,42.3325,42.9656,374666.59496139,0
KOF.US,D,20100201,000000,43.5312,43.5811,42.3325,42.6936,184188.22661384,0
KOF.US,D,20100202,000000,43.0527,43.6907,42.9001,43.4676,186926.04784936,0
KOF.US,D,20100203,000000,43.5811,43.5948,43.1163,43.3247,101228.8707215,0
KOF.US,D,20100204,000000,43.4549,43.4549,40.943,41.083,219347.61511206,0
KOF.US,D,20100205,000000,40.81,41.1603,40.3628,41.083,240882.28068683,0
KOF.US,D,20100208,000000,41.083,41.7914,40.7561,41.0683,266721.42668117,0
KOF.US,D,20100209,000000,41.4871,43.0057,41.4108,42.4431,335455.1492781,0
KOF.US,D,20100210,000000,41.901,42.2631,40.3951,41.0624,217949.57873648,0
KOF.US,D,20100211,000000,40.9636,41.9558,40.8325,41.535,206653.89448259,0
KOF.US,D,20100212,000000,40.9861,41.2483,40.6671,41.2219,132496.64919178,0
KOF.US,D,20100216,000000,41.356,41.8814,40.9861,41.4176,194606.05030733,0
KOF.US,D,20100217,000000,41.5752,42.5889,41.5438,42.4147,120738.01868195,0
KOF.US,D,20100218,000000,42.3394,43.5733,42.2562,43.5469,234380.59397524,0
KOF.US,D,20100219,000000,43.2553,43.8913,43.129,43.359,101767.44175216,0
KOF.US,D,20100222,000000,43.4764,44.6428,43.2474,44.2729,143437.7145697,0
KOF.US,D,20100223,000000,43.6075,44.407,43.5811,43.5899,93874.872359884,0
KOF.US,D,20100224,000000,43.9079,43.998,43.6075,43.8297,65640.260529027,0
KOF.US,D,20100225,000000,43.6075,44.3238,43.3032,44.3238,66812.444536917,0
KOF.US,D,20100226,000000,44.4833,44.8913,44.1545,44.5587,161772.63460943,0
KOF.US,D,20100301,000000,44.954,46.1076,44.908,45.9119,181222.5090978,0
KOF.US,D,20100302,000000,46.6811,46.9541,46.4668,46.8073,150593.45338683,0
KOF.US,D,20100303,000000,46.8435,47.4404,46.8435,47.2799,125083.3773581,0
KOF.US,D,20100304,000000,47.64,48.2242,47.3562,47.8562,204558.88383204,0
KOF.US,D,20100305,000000,48.3122,48.5285,48.0079,48.3494,135311.11715842,0
KOF.US,D,20100308,000000,48.2369,48.7359,47.2036,47.2584,336791.86826878,0
KOF.US,D,20100309,000000,47.2887,47.2887,45.8493,45.9051,591288.65231492,0
KOF.US,D,20100310,000000,45.5372,45.9051,44.3855,45.4462,443435.06407643,0
KOF.US,D,20100311,000000,45.0244,45.6203,45.0244,45.5254,382934.22235793,0
KOF.US,D,20100312,000000,45.454,46.2309,45.454,45.8082,215008.3881744,0
KOF.US,D,20100315,000000,45.4706,45.6282,44.1418,44.3033,187803.90840976,0
KOF.US,D,20100316,000000,44.4148,44.5802,43.5948,44.4686,210892.96969159,0
KOF.US,D,20100317,000000,44.7328,44.7328,44.2729,44.4481,344658.88875068,0
KOF.US,D,20100318,000000,44.5176,44.6898,44.1144,44.1995,132698.99656194,0
KOF.US,D,20100319,000000,44.2896,44.5743,43.4989,43.8297,202972.80747612,0
KOF.US,D,20100322,000000,43.6907,44.5107,43.5175,44.4148,163191.11011331,0
KOF.US,D,20100323,000000,44.226,45.5665,44.2054,45.4266,160470.66213684,0
KOF.US,D,20100324,000000,45.4892,45.9403,45.1497,45.7867,151093.19007372,0
KOF.US,D,20100325,000000,45.6702,46.0636,44.7133,45.134,263118.00836223,0
KOF.US,D,20100326,000000,45.134,45.134,44.3512,44.9892,142793.88202832,0
KOF.US,D,20100329,000000,45.4824,46.0088,45.1144,45.3708,120374.20219824,0
KOF.US,D,20100330,000000,45.6419,46.8366,45.6419,46.7437,143746.345407,0
KOF.US,D,20100331,000000,46.7437,47.1772,46.1076,46.1135,108406.07062335,0
KOF.US,D,20100401,000000,43.0331,47.2036,43.0331,46.9541,144208.26970654,0
KOF.US,D,20100405,000000,46.864,47.64,46.774,47.502,134292.22661276,0
KOF.US,D,20100406,000000,47.1341,47.5226,46.8132,46.9609,90099.765363244,0
KOF.US,D,20100407,000000,46.4325,47.0284,46.4198,46.731,218205.0678402,0
KOF.US,D,20100408,000000,46.3924,46.3924,44.8307,45.3914,401580.8391042,0
KOF.US,D,20100409,000000,45.3708,46.4599,45.2739,46.3718,606734.50156972,0
KOF.US,D,20100412,000000,46.4893,46.4893,45.3307,45.7133,129363.3308237,0
KOF.US,D,20100413,000000,45.6203,48.4512,45.6203,48.2565,466219.58234662,0
KOF.US,D,20100414,000000,48.4238,48.87,48.1899,48.7526,294288.70097309,0
KOF.US,D,20100415,000000,48.3817,48.959,48.3817,48.8416,86053.839916654,0
KOF.US,D,20100416,000000,48.4688,48.8416,46.774,46.9325,195233.53154608,0
KOF.US,D,20100419,000000,46.9472,47.5157,46.7946,47.5099,149719.68065209,0
KOF.US,D,20100420,000000,47.8132,48.6038,47.6126,48.5843,133652.48189704,0
KOF.US,D,20100421,000000,48.2173,48.2173,47.0852,47.2721,213223.03031757,0
KOF.US,D,20100422,000000,47.7604,47.7604,46.8503,47.5441,145176.06243145,0
KOF.US,D,20100423,000000,47.5412,48.5852,47.5412,48.0813,90279.629692266,0
KOF.US,D,20100426,000000,48.0774,49.5011,48.051,49.2653,190683.78158695,0
KOF.US,D,20100427,000000,49.2594,49.2594,46.3288,46.3865,152460.56775686,0
KOF.US,D,20100428,000000,46.5656,48.3357,46.4668,47.4247,212441.23366017,0
KOF.US,D,20100429,000000,48.0911,48.9042,47.5226,48.7604,203682.04522806,0
KOF.US,D,20100430,000000,48.412,49.1939,48.412,48.5774,251846.8510623,0
KOF.US,D,20100503,000000,48.778,48.9326,48.412,48.412,75765.804687856,0
KOF.US,D,20100504,000000,47.7858,47.7858,45.7749,46.1556,218893.86646385,0
KOF.US,D,20100505,000000,45.5254,45.8307,44.7328,45.1986,199226.3152591,0
KOF.US,D,20100506,000000,44.6986,45.5871,42.72,44.131,238213.95248753,0
KOF.US,D,20100507,000000,44.131,44.5587,43.0605,43.9471,188916.81894558,0
KOF.US,D,20100510,000000,46.2867,47.3279,45.7749,47.2104,165550.80747531,0
KOF.US,D,20100511,000000,46.4482,48.231,46.4482,47.551,230690.30936104,0
KOF.US,D,20100512,000000,47.6899,48.0216,47.2525,47.7378,81419.267575083,0
KOF.US,D,20100513,000000,47.3895,48.1058,47.3846,47.7447,142986.00983432,0
KOF.US,D,20100514,000000,47.4052,47.4052,46.5441,47.0793,120050.24201472,0
KOF.US,D,20100517,000000,47.0441,47.8846,45.4129,47.8073,251550.48370198,0
KOF.US,D,20100518,000000,48.4737,48.5774,46.3356,46.5803,256238.19777712,0
KOF.US,D,20100519,000000,45.9335,46.636,45.5166,45.7955,217701.24332766,0
KOF.US,D,20100520,000000,44.7749,45.3366,44.1496,44.2397,218043.59872665,0
KOF.US,D,20100521,000000,43.7905,45.3581,43.5547,45.3219,229147.15517454,0
KOF.US,D,20100524,000000,45.3581,46.0088,44.9696,45.6282,153325.14288386,0
KOF.US,D,20100525,000000,44.1379,45.1692,44.1379,44.9892,132936.09045019,0
KOF.US,D,20100526,000000,45.1076,46.5578,45.1076,45.408,149791.21760114,0
KOF.US,D,20100527,000000,45.7534,47.4678,45.7534,47.4678,84041.607735716,0
KOF.US,D,20100528,000000,47.7604,47.8015,45.8434,46.1624,211957.84827592,0
KOF.US,D,20100601,000000,46.5039,47.8846,46.5039,46.8777,149505.06980497,0
KOF.US,D,20100602,000000,47.1214,48.0637,46.9815,47.8846,119836.653124,0
KOF.US,D,20100603,000000,47.9668,48.5706,47.5832,48.3005,190012.35622236,0
KOF.US,D,20100604,000000,47.4335,47.6958,46.7241,47.0353,176052.43159482,0
KOF.US,D,20100607,000000,47.092,47.1879,45.5714,45.9403,148992.04768469,0
KOF.US,D,20100608,000000,46.0303,46.1624,45.3434,45.8014,150728.3516336,0
KOF.US,D,20100609,000000,45.9198,46.455,45.6702,45.9051,106486.83647617,0
KOF.US,D,20100610,000000,46.8983,48.3005,46.6889,48.1615,98478.786009009,0
KOF.US,D,20100611,000000,47.9864,48.5422,47.3494,48.5021,72835.855646338,0
KOF.US,D,20100614,000000,48.9356,49.8563,48.0852,48.2653,116356.89153127,0
KOF.US,D,20100615,000000,48.8543,48.8543,47.551,48.7154,146635.41619193,0
KOF.US,D,20100616,000000,48.4796,49.0921,48.2936,48.7712,79751.434705966,0
KOF.US,D,20100617,000000,48.8279,49.1097,47.5568,48.7036,119924.54137569,0
KOF.US,D,20100618,000000,48.3005,49.2271,48.3005,48.8357,95363.862856394,0
KOF.US,D,20100621,000000,49.2242,49.5364,47.3709,47.5832,112166.87023018,0
KOF.US,D,20100622,000000,47.2104,47.9521,47.1556,47.3562,72142.969197036,0
KOF.US,D,20100623,000000,46.8905,47.0509,45.4462,46.2045,184748.25872921,0
KOF.US,D,20100624,000000,46.2045,46.2603,45.2465,45.9746,105245.15943206,0
KOF.US,D,20100625,000000,45.9746,46.5108,45.5098,45.9198,59535.092906414,0
KOF.US,D,20100628,000000,46.2045,46.4198,45.7828,45.9902,48506.139276814,0
KOF.US,D,20100629,000000,44.9765,45.1575,43.4128,43.7905,199685.17368939,0
KOF.US,D,20100630,000000,44.0978,44.2113,43.175,43.4324,241889.92971193,0
KOF.US,D,20100701,000000,43.3942,43.6995,42.3952,43.5547,136570.16746158,0
KOF.US,D,20100702,000000,43.2964,44.8855,43.1838,44.3033,115362.52793957,0
KOF.US,D,20100706,000000,44.4902,46.6889,44.4902,46.5803,156299.03605122,0
KOF.US,D,20100707,000000,46.6683,47.2652,45.8777,46.6204,143850.58496132,0
KOF.US,D,20100708,000000,46.8288,46.9609,45.9002,46.0519,72371.887433973,0
KOF.US,D,20100709,000000,45.6487,47.4805,45.6487,47.459,54050.252827646,0
KOF.US,D,20100712,000000,47.5832,48.051,47.183,47.3562,78209.302475882,0
KOF.US,D,20100713,000000,48.0138,48.1968,47.0793,47.64,101893.14239119,0
KOF.US,D,20100714,000000,47.7036,48.1821,46.9325,48.1615,73803.648371248,0
KOF.US,D,20100715,000000,48.0774,48.367,47.4247,48.0911,110549.11322539,0
KOF.US,D,20100716,000000,48.0911,48.1146,46.365,46.5157,98902.897921192,0
KOF.US,D,20100719,000000,46.4961,46.6889,46.1135,46.2945,74659.025890519,0
KOF.US,D,20100720,000000,46.1419,46.184,45.6771,45.9971,207135.23595401,0
KOF.US,D,20100721,000000,46.1624,46.6429,46.1008,46.3219,149213.81222672,0
KOF.US,D,20100722,000000,46.5803,47.2965,46.3425,46.5499,169362.70490289,0
KOF.US,D,20100723,000000,46.2045,46.822,46.0871,46.4599,164272.34000027,0
KOF.US,D,20100726,000000,45.6565,46.5656,45.6487,46.5441,151336.41570047,0
KOF.US,D,20100727,000000,46.9883,46.9883,46.365,46.4403,176908.83107051,0
KOF.US,D,20100728,000000,46.184,46.4668,45.7201,45.9051,87711.453221622,0
KOF.US,D,20100729,000000,46.1497,46.3718,45.7378,46.1693,370355.98280335,0
KOF.US,D,20100730,000000,46.0147,47.5793,45.8229,47.5363,254848.33705286,0
KOF.US,D,20100802,000000,48.231,48.5422,47.4883,48.0979,162244.77847311,0
KOF.US,D,20100803,000000,48.0852,48.5422,47.9737,48.412,94757.842702358,0
KOF.US,D,20100804,000000,48.4238,49.1821,48.4238,49.142,103914.57217986,0
KOF.US,D,20100805,000000,49.142,49.2369,48.3269,48.4385,86678.255286158,0
KOF.US,D,20100806,000000,47.4052,48.7095,47.3973,48.6459,86541.313126562,0
KOF.US,D,20100809,000000,48.6459,49.2027,48.4864,48.8416,88673.114208043,0
KOF.US,D,20100810,000000,48.3905,49.0285,48.1968,48.6586,77944.615764423,0
KOF.US,D,20100811,000000,47.0509,47.8015,47.0509,47.3709,146592.4940225,0
KOF.US,D,20100812,000000,47.0167,48.0373,47.0167,48.003,77601.238409017,0
KOF.US,D,20100813,000000,48.3357,48.9747,48.0774,48.7036,82168.361627205,0
KOF.US,D,20100816,000000,48.1146,49.2594,48.1058,48.8357,156023.1078192,0
KOF.US,D,20100817,000000,49.0686,49.9718,48.5207,49.7937,146880.6857315,0
KOF.US,D,20100818,000000,50.0706,52.3457,49.6812,52.3369,392055.18336092,0
KOF.US,D,20100819,000000,52.242,52.9162,51.512,51.695,347040.0471974,0
KOF.US,D,20100820,000000,51.6871,51.6871,50.6939,51.0912,140251.25446805,0
KOF.US,D,20100823,000000,51.465,52.1872,50.9846,51.0061,113842.87875062,0
KOF.US,D,20100824,000000,50.507,50.6597,49.8837,50.2223,117283.80599958,0
KOF.US,D,20100825,000000,49.9317,52.0404,49.1939,51.4787,216663.95756653,0
KOF.US,D,20100826,000000,51.9014,51.9014,51.2165,51.4924,79054.460431004,0
KOF.US,D,20100827,000000,51.7566,52.0472,50.9161,51.9415,86543.357039392,0
KOF.US,D,20100830,000000,51.695,52.2194,51.4278,51.7204,81439.706703381,0
KOF.US,D,20100831,000000,51.7273,52.2968,51.5051,52.0962,123175.38473148,0
KOF.US,D,20100901,000000,53.0336,53.3115,52.7547,53.2753,182028.83270916,0
KOF.US,D,20100902,000000,53.4485,53.878,53.2684,53.5033,144744.79682436,0
KOF.US,D,20100903,000000,54.0551,54.4965,53.5346,53.7841,154789.60642641,0
KOF.US,D,20100907,000000,53.1931,54.1726,53.1931,53.7205,127066.99475942,0
KOF.US,D,20100908,000000,53.9974,54.2528,53.5346,53.5532,118715.56693686,0
KOF.US,D,20100909,000000,54.0659,54.0659,53.3056,53.6442,147222.01917408,0
KOF.US,D,20100910,000000,53.5258,54.3516,53.5258,54.2763,112178.11175074,0
KOF.US,D,20100913,000000,55.2617,55.4808,54.9838,55.1697,108604.33016784,0
KOF.US,D,20100914,000000,55.2861,56.1492,55.0855,55.7264,124847.30542626,0
KOF.US,D,20100915,000000,55.7656,55.9133,55.1433,55.8086,124199.38505921,0
KOF.US,D,20100916,000000,55.8644,56.248,55.198,55.5229,104913.02359722,0
KOF.US,D,20100917,000000,55.2528,55.8233,55.156,55.517,46198.561691969,0
KOF.US,D,20100920,000000,55.655,55.8233,55.5356,55.6971,77591.018844868,0
KOF.US,D,20100921,000000,55.9828,56.2314,55.1139,56.0024,132592.71309479,0
KOF.US,D,20100922,000000,56.3977,56.7872,54.6432,56.2392,101100.10421323,0
KOF.US,D,20100923,000000,56.1071,56.1492,55.3624,55.6071,61095.620351967,0
KOF.US,D,20100924,000000,56.2783,56.3106,55.8155,56.0787,159981.14501411,0
KOF.US,D,20100927,000000,56.384,56.567,56.0024,56.3909,140877.71375038,0
KOF.US,D,20100928,000000,56.7324,56.7324,54.9387,55.7812,344912.33394158,0
KOF.US,D,20100929,000000,55.2049,56.1775,55.0669,55.6139,204067.32279648,0
KOF.US,D,20100930,000000,55.9407,55.9407,53.699,54.2831,166675.98148812,0
KOF.US,D,20101001,000000,55.0307,55.2391,54.4201,54.6687,111514.86203747,0
KOF.US,D,20101004,000000,54.2694,55.0239,54.1364,54.47,74211.408980793,0
KOF.US,D,20101005,000000,54.6912,55.8644,54.5023,55.7313,137169.03392071,0
KOF.US,D,20101006,000000,56.1071,56.3184,53.3173,54.1413,357431.3000241,0
KOF.US,D,20101007,000000,54.0786,54.1168,53.3173,54.0786,155883.09979036,0
KOF.US,D,20101008,000000,54.4015,55.2391,53.8653,54.9211,67662.712274114,0
KOF.US,D,20101011,000000,55.0669,55.0669,54.1364,54.5728,157172.80878596,0
KOF.US,D,20101012,000000,54.2068,56.0171,53.8868,55.8771,160480.88170099,0
KOF.US,D,20101013,000000,55.8585,56.9956,55.8585,56.7803,145302.7850269,0
KOF.US,D,20101014,000000,56.5504,57.2109,56.4672,57.113,201686.16434976,0
KOF.US,D,20101015,000000,57.3557,57.523,56.6345,57.2246,111540.41094785,0
KOF.US,D,20101018,000000,57.4604,57.5514,56.9271,57.3557,81192.393250975,0
KOF.US,D,20101019,000000,56.5318,56.8772,55.7176,55.8987,49091.720302551,0
KOF.US,D,20101020,000000,55.517,56.3644,55.3027,55.3712,113707.98050385,0
KOF.US,D,20101021,000000,55.7881,56.613,55.1227,56.2862,205725.95805786,0
KOF.US,D,20101022,000000,56.0445,56.1355,54.017,54.0953,244337.51532561,0
KOF.US,D,20101025,000000,55.4485,55.4485,53.1148,53.4074,239930.83926456,0
KOF.US,D,20101026,000000,52.4367,54.199,52.4298,54.1726,231439.40341316,0
KOF.US,D,20101027,000000,54.3516,54.4554,53.4485,53.9465,130264.69638164,0
KOF.US,D,20101028,000000,54.6364,54.6687,54.0865,54.4064,376341.58152541,0
KOF.US,D,20101029,000000,53.8457,55.6883,53.8399,55.1472,275418.27577196,0
KOF.US,D,20101101,000000,55.8771,56.0582,55.0239,55.1227,133261.07259013,0
KOF.US,D,20101102,000000,55.1002,56.2314,54.6687,56.1619,96563.639687486,0
KOF.US,D,20101103,000000,55.7382,56.4819,55.5738,55.8859,42911.949861651,0
KOF.US,D,20101104,000000,56.1355,56.4408,55.6482,56.2588,173851.13747713,0
KOF.US,D,20101105,000000,56.1619,56.4349,55.2802,55.4485,43134.736360099,0
KOF.US,D,20101108,000000,55.1697,55.7313,54.7695,55.7313,61444.107489448,0
KOF.US,D,20101109,000000,55.517,55.9261,54.8291,55.3624,79952.760119702,0
KOF.US,D,20101110,000000,55.6482,55.9476,55.2802,55.9319,50436.61494456,0
KOF.US,D,20101111,000000,55.6971,55.8585,55.3311,55.5298,43773.459119412,0
KOF.US,D,20101112,000000,55.0376,55.5992,55.0102,55.5992,58623.507784324,0
KOF.US,D,20101115,000000,56.0865,56.0865,55.1433,55.2117,24896.902179794,0
KOF.US,D,20101116,000000,55.2802,55.5043,54.9211,55.3067,118787.1038859,0
KOF.US,D,20101117,000000,55.655,55.8155,54.8174,55.2391,56006.277405765,0
KOF.US,D,20101118,000000,55.8987,57.1551,55.5454,57.0152,60529.456498112,0
KOF.US,D,20101119,000000,56.9956,56.9956,55.4681,56.0249,93769.610849149,0
KOF.US,D,20101122,000000,56.3263,58.2735,55.4808,57.9125,196563.09684187,0
KOF.US,D,20101123,000000,56.2245,57.6678,55.7656,56.5592,71244.669508339,0
KOF.US,D,20101124,000000,56.7872,57.251,56.5856,57.251,83537.783223171,0
KOF.US,D,20101126,000000,56.7529,56.9046,56.1844,56.2588,24103.864001831,0
KOF.US,D,20101129,000000,55.655,56.5249,54.3624,56.3263,98753.692284617,0
KOF.US,D,20101130,000000,55.1667,56.2666,55.1667,56.1971,220168.24611323,0
KOF.US,D,20101201,000000,56.7735,57.021,56.3028,56.5934,100607.52122125,0
KOF.US,D,20101202,000000,56.3498,57.1835,56.3498,56.9046,121759.97509685,0
KOF.US,D,20101203,000000,56.0317,56.8439,56.0317,56.7324,46693.188596781,0
KOF.US,D,20101206,000000,56.7099,56.8204,56.3214,56.6844,98157.89169473,0
KOF.US,D,20101207,000000,57.251,57.3077,55.9476,55.9936,139547.12649818,0
KOF.US,D,20101208,000000,55.8233,56.2098,55.3947,55.9133,76428.032444711,0
KOF.US,D,20101209,000000,56.1541,56.1541,54.4965,54.8712,145834.20236264,0
KOF.US,D,20101210,000000,55.1697,55.1697,54.1413,54.6432,148632.31902664,0
KOF.US,D,20101213,000000,54.8712,55.5229,54.7244,55.4104,103865.51827195,0
KOF.US,D,20101214,000000,55.6844,56.475,55.5679,56.384,106357.04801147,0
KOF.US,D,20101215,000000,56.475,56.7382,55.9769,56.0171,53658.843520739,0
KOF.US,D,20101216,000000,56.3498,56.8155,56.2715,56.3781,58544.817140376,0
KOF.US,D,20101217,000000,56.4965,56.5592,56.1071,56.3723,65386.815338132,0
KOF.US,D,20101220,000000,56.5592,57.3361,56.5592,57.2109,156220.34540727,0
KOF.US,D,20101221,000000,57.6003,58.707,57.4056,57.6972,175438.23578947,0
KOF.US,D,20101222,000000,57.8224,57.8351,57.1208,57.2999,72672.342619954,0
KOF.US,D,20101223,000000,57.3557,57.6756,57.2109,57.6678,48762.650336953,0
KOF.US,D,20101227,000000,57.5005,58.024,57.3694,58.024,87939.349502145,0
KOF.US,D,20101228,000000,58.1473,58.1894,57.6346,57.661,56928.082092005,0
KOF.US,D,20101229,000000,57.6355,57.9702,57.1727,57.202,49490.283304362,0
KOF.US,D,20101230,000000,57.4359,57.5846,56.2196,56.7881,62833.968213712,0
KOF.US,D,20101231,000000,56.7529,57.4976,56.5034,57.202,50504.064067943,0
KOF.US,D,20110103,000000,57.6003,59.0152,57.5445,58.0514,143875.11191528,0
KOF.US,D,20110104,000000,58.2735,58.4242,56.5934,57.1071,108950.77339249,0
KOF.US,D,20110105,000000,57.1893,57.6756,56.6766,57.4398,46861.81140524,0
KOF.US,D,20110106,000000,57.3361,57.6414,56.9388,57.6042,49215.377028754,0
KOF.US,D,20110107,000000,57.4398,57.8136,57.1688,57.434,44337.579060437,0
KOF.US,D,20110110,000000,57.7432,57.7432,57.251,57.4604,59210.110766476,0
KOF.US,D,20110111,000000,58.1179,58.162,57.1326,57.2461,172399.95936797,0
KOF.US,D,20110112,000000,57.705,58.295,57.3899,57.5445,150507.60904798,0
KOF.US,D,20110113,000000,57.751,57.751,57.113,57.3557,54331.290841744,0
KOF.US,D,20110114,000000,57.5631,57.8058,56.9829,57.1071,72527.224809038,0
KOF.US,D,20110118,000000,57.0993,57.6756,56.4202,56.7099,84291.987057367,0
KOF.US,D,20110119,000000,56.703,56.8703,55.8987,56.1961,53872.432411453,0
KOF.US,D,20110120,000000,55.9701,56.0513,54.6295,55.2323,79507.187122805,0
KOF.US,D,20110121,000000,55.5454,55.6922,54.8849,55.0669,42893.554646183,0
KOF.US,D,20110124,000000,54.8996,55.1433,54.7127,54.9759,40213.984926315,0
KOF.US,D,20110125,000000,54.7244,55.1002,54.4622,55.0591,62670.455187328,0
KOF.US,D,20110126,000000,55.6687,56.0513,55.108,55.8155,84527.037032794,0
KOF.US,D,20110127,000000,55.6844,56.7529,55.6482,56.6609,122302.63395316,0
KOF.US,D,20110128,000000,56.5151,56.6609,54.3321,54.6775,106557.35146879,0
KOF.US,D,20110131,000000,53.1559,55.1814,53.1559,54.9466,102189.50975151,0
KOF.US,D,20110201,000000,55.2695,56.4036,54.9074,56.3419,96442.026874113,0
KOF.US,D,20110202,000000,56.1619,57.2852,56.0582,57.1326,145637.98673098,0
KOF.US,D,20110203,000000,56.8361,56.9046,55.9055,55.9769,68498.672621502,0
KOF.US,D,20110204,000000,56.203,56.2862,54.8174,54.88,41206.304605183,0
KOF.US,D,20110207,000000,55.198,55.4427,54.5023,54.8849,45084.629199728,0
KOF.US,D,20110208,000000,54.4201,54.7059,54.3399,54.6227,45338.074390624,0
KOF.US,D,20110209,000000,54.7176,55.0307,53.7058,54.1227,675652.17632133,0
KOF.US,D,20110210,000000,53.5395,53.8722,53.3643,53.4348,74749.980011446,0
KOF.US,D,20110211,000000,53.5395,54.1794,53.5033,54.1559,109068.2983802,0
KOF.US,D,20110214,000000,53.8937,54.0473,52.0472,52.4435,334147.04506702,0
KOF.US,D,20110215,000000,52.1803,52.8946,52.1089,52.3672,94466.585124111,0
KOF.US,D,20110216,000000,52.6911,52.8741,52.5414,52.7547,336460.75439036,0
KOF.US,D,20110218,000000,52.8995,53.2616,52.1089,52.742,275934.36376149,0
KOF.US,D,20110222,000000,52.4709,52.604,50.9219,51.0765,193882.50516558,0
KOF.US,D,20110223,000000,50.7918,51.6108,49.5158,50.3133,346095.75947003,0
KOF.US,D,20110224,000000,50.2849,51.0198,50.2849,50.7977,139914.00885113,0
KOF.US,D,20110225,000000,51.1108,51.193,50.1313,50.2017,169740.8287764,0
KOF.US,D,20110228,000000,50.8388,51.1079,50.1059,50.7037,256078.7725764,0
KOF.US,D,20110301,000000,50.5178,50.7967,49.7379,50.0207,171728.53400338,0
KOF.US,D,20110302,000000,50.7233,52.1314,50.6186,52.0335,281534.68491514,0
KOF.US,D,20110303,000000,52.1647,53.149,52.0335,53.0052,320569.33213866,0
KOF.US,D,20110304,000000,52.8535,53.4485,52.0551,52.7058,149448.86220215,0
KOF.US,D,20110307,000000,52.5199,52.6647,51.557,52.0834,325997.96461461,0
KOF.US,D,20110308,000000,52.0335,52.5199,51.2967,52.1999,564761.72965336,0
KOF.US,D,20110309,000000,52.2625,53.2332,51.8887,53.2205,167076.58840276,0
KOF.US,D,20110310,000000,52.6441,52.8819,52.5247,52.5952,172646.25086396,0
KOF.US,D,20110311,000000,52.1382,53.2753,52.1382,52.9426,144322.72882501,0
KOF.US,D,20110314,000000,52.0472,52.8535,52.0472,52.742,253360.36851276,0
KOF.US,D,20110315,000000,52.0472,52.9768,51.3955,52.8114,97332.150911491,0
KOF.US,D,20110316,000000,54.0238,54.0238,51.9073,51.9787,264092.95478204,0
KOF.US,D,20110317,000000,52.4024,52.8075,52.1187,52.5375,222722.11519406,0
KOF.US,D,20110318,000000,53.3535,53.3535,52.4484,52.4778,238221.10618243,0
KOF.US,D,20110321,000000,53.4299,53.9847,53.2616,53.4152,150258.25168275,0
KOF.US,D,20110322,000000,53.2684,53.5395,53.1647,53.3457,126032.77486754,0
KOF.US,D,20110323,000000,53.56,54.5258,53.0952,54.4965,153527.49025401,0
KOF.US,D,20110324,000000,54.9955,55.0023,54.6912,54.9348,114362.03260938,0
KOF.US,D,20110325,000000,54.9055,55.2245,54.7333,54.8487,135329.51237389,0
KOF.US,D,20110328,000000,55.0376,55.4485,54.6364,54.7059,134444.49811858,0
KOF.US,D,20110329,000000,54.3399,54.4015,53.878,54.109,229092.99148455,0
KOF.US,D,20110330,000000,54.062,54.2264,53.8722,54.0551,218336.90021773,0
KOF.US,D,20110331,000000,53.6892,54.1804,53.1275,53.4269,697414.73817662,0
KOF.US,D,20110401,000000,53.9514,55.4388,53.654,55.3076,152293.98886123,0
KOF.US,D,20110404,000000,55.6364,55.9701,55.5298,55.6971,76288.02441587,0
KOF.US,D,20110405,000000,56.3145,56.6834,55.8223,56.4613,113578.19203916,0
KOF.US,D,20110406,000000,56.6913,56.7872,56.0787,56.1022,81143.33934306,0
KOF.US,D,20110407,000000,56.2108,56.7744,55.609,55.8507,86183.628381347,0
KOF.US,D,20110408,000000,56.2108,56.5455,55.4084,56.0768,77129.094545333,0
KOF.US,D,20110411,000000,56.0317,56.5435,56.0024,56.1961,68313.698510405,0
KOF.US,D,20110412,000000,55.6942,56.2265,54.9838,54.9838,85421.248895831,0
KOF.US,D,20110413,000000,55.338,55.5298,55.0376,55.5298,92436.97968412,0
KOF.US,D,20110414,000000,55.4446,56.9809,55.4446,56.702,98695.440768967,0
KOF.US,D,20110415,000000,56.7881,56.7881,56.2764,56.6032,60396.602164175,0
KOF.US,D,20110418,000000,55.0474,56.4398,55.0474,56.1423,108565.49582407,0
KOF.US,D,20110419,000000,56.4535,57.3567,56.0924,57.2921,142390.20924443,0
KOF.US,D,20110420,000000,57.8038,58.1669,57.4799,57.613,129189.59823317,0
KOF.US,D,20110421,000000,58.0964,58.2608,57.0367,57.0709,66578.416517905,0
KOF.US,D,20110425,000000,57.0445,57.3919,57.0445,57.1355,73574.730134311,0
KOF.US,D,20110426,000000,57.0445,57.1355,56.5327,56.5738,81168.888253432,0
KOF.US,D,20110427,000000,56.4613,57.249,56.4613,56.6952,247076.35851754,0
KOF.US,D,20110428,000000,56.9515,57.202,56.2421,56.5973,557070.48567482,0
KOF.US,D,20110429,000000,56.8596,57.0523,56.4349,56.702,690440.90760134,0
KOF.US,D,20110502,000000,56.9378,56.9594,56.1854,56.3468,97995.400624761,0
KOF.US,D,20110503,000000,56.1619,57.202,55.7079,56.9036,305512.84827794,0
KOF.US,D,20110504,000000,56.7089,56.8302,56.4251,56.5396,77239.465838142,0
KOF.US,D,20110505,000000,56.8165,56.8596,55.6315,55.7793,253434.97133105,0
KOF.US,D,20110506,000000,56.3204,56.7324,55.9867,56.4466,443979.76684557,0
KOF.US,D,20110509,000000,56.568,58.1669,56.475,57.9477,251671.07455893,0
KOF.US,D,20110510,000000,57.8841,59.617,56.839,59.4751,133406.19040105,0
KOF.US,D,20110511,000000,59.6581,60.3431,59.4164,59.4967,231941.18401287,0
KOF.US,D,20110512,000000,59.1199,59.6297,58.0886,59.5387,135915.09339963,0
KOF.US,D,20110513,000000,59.3323,59.5818,58.9986,59.5329,95484.453713352,0
KOF.US,D,20110516,000000,59.6474,59.9938,59.4546,59.9321,87221.936098885,0
KOF.US,D,20110517,000000,60.0163,60.1855,59.6581,60.1082,116996.636247,0
KOF.US,D,20110518,000000,60.3578,60.4967,59.9145,60.3852,109760.16287309,0
KOF.US,D,20110519,000000,61.0476,61.0476,60.4145,60.5417,91751.246929722,0
KOF.US,D,20110520,000000,60.1581,60.5417,59.8959,60.3069,40926.2885475,0
KOF.US,D,20110523,000000,59.9086,59.9086,59.4614,59.6659,27265.797149532,0
KOF.US,D,20110524,000000,60.4331,60.4791,59.9145,59.9801,77670.73144523,0
KOF.US,D,20110525,000000,59.8499,60.0857,59.3978,59.6748,90561.689662778,0
KOF.US,D,20110526,000000,59.7941,60.1151,59.6875,59.844,58926.006883134,0
KOF.US,D,20110527,000000,60.2932,61.0682,60.0583,60.8637,49863.297395801,0
KOF.US,D,20110531,000000,62.2756,62.2756,61.2756,61.7766,87628.674752015,0
KOF.US,D,20110601,000000,61.4948,61.6651,60.8676,60.9243,113118.31165245,0
KOF.US,D,20110602,000000,61.2443,61.2443,60.2208,60.8852,90766.080945758,0
KOF.US,D,20110603,000000,61.3441,61.3578,60.6689,61.2257,51967.50565408,0
KOF.US,D,20110606,000000,61.2169,61.2169,60.4409,60.5769,47393.228740987,0
KOF.US,D,20110607,000000,61.0241,62.0477,61.0241,61.7766,69723.998362967,0
KOF.US,D,20110608,000000,61.712,62.3608,61.1318,62.1259,97424.126988832,0
KOF.US,D,20110609,000000,62.5242,62.717,62.1915,62.4332,49666.059807725,0
KOF.US,D,20110610,000000,63.0722,63.0722,61.7365,62.6446,98420.534493359,0
KOF.US,D,20110613,000000,62.6837,62.7659,62.0418,62.44,63969.361790665,0
KOF.US,D,20110614,000000,62.668,63.8178,62.4048,63.6818,139707.57365532,0
KOF.US,D,20110615,000000,63.5467,63.9411,62.3686,62.489,74081.620516101,0
KOF.US,D,20110616,000000,62.7659,62.7943,61.3157,62.2473,122940.33475606,0
KOF.US,D,20110617,000000,62.4547,62.8148,62.3265,62.5663,66421.035230011,0
KOF.US,D,20110620,000000,63.947,63.947,62.1318,63.4636,49618.027856225,0
KOF.US,D,20110621,000000,63.8608,63.9244,63.264,63.6055,72215.528102494,0
KOF.US,D,20110622,000000,63.6426,64.5429,63.6338,64.3364,61251.979683446,0
KOF.US,D,20110623,000000,63.8325,64.7278,63.4714,63.9244,99726.594791602,0
KOF.US,D,20110624,000000,64.082,65.7014,64.082,64.5575,90509.569885619,0
KOF.US,D,20110627,000000,64.7689,66.7044,64.5801,65.9157,105979.94609437,0
KOF.US,D,20110628,000000,65.8727,66.4324,65.4402,65.9353,111746.84614366,0
KOF.US,D,20110629,000000,65.8316,66.3766,65.5233,65.859,114801.47386779,0
KOF.US,D,20110630,000000,65.7601,67.6144,65.0634,66.1163,138369.83270822,0
KOF.US,D,20110701,000000,66.1281,66.9882,66.1281,66.7758,162980.58709184,0
KOF.US,D,20110705,000000,67.1036,67.6487,66.359,66.6056,121868.30247683,0
KOF.US,D,20110706,000000,66.9324,67.3532,66.4705,66.4979,55604.648534709,0
KOF.US,D,20110707,000000,66.6486,66.8267,65.8727,66.4412,75733.102082579,0
KOF.US,D,20110708,000000,66.0576,66.6486,65.9999,66.5987,31011.26741014,0
KOF.US,D,20110711,000000,66.2367,66.2367,65.7601,65.859,49455.536786256,0
KOF.US,D,20110712,000000,65.3609,66.178,65.2102,65.9793,61873.329183706,0
KOF.US,D,20110713,000000,65.8874,66.7044,64.8648,66.4891,22722.178928887,0
KOF.US,D,20110714,000000,66.4979,66.768,65.8374,66.6878,36967.229396178,0
KOF.US,D,20110715,000000,66.8394,67.1095,66.5204,66.9324,31426.18171459,0
KOF.US,D,20110718,000000,66.4627,67.1095,66.1163,66.4627,32806.84483112,0
KOF.US,D,20110719,000000,66.2504,67.041,65.994,66.8698,107694.78895858,0
KOF.US,D,20110720,000000,66.7465,67.3659,65.8648,66.5694,57847.842865415,0
KOF.US,D,20110721,000000,67.1291,69.1732,66.7269,68.7368,105426.0457175,0
KOF.US,D,20110722,000000,69.0069,69.7192,67.678,69.1908,172897.65214203,0
KOF.US,D,20110725,000000,69.0499,70.1087,67.3453,67.9569,132899.30001926,0
KOF.US,D,20110726,000000,68.224,68.9726,67.4931,68.8425,146134.65754863,0
KOF.US,D,20110727,000000,68.3395,69.2427,67.77,68.7143,152833.58184829,0
KOF.US,D,20110728,000000,68.4452,69.7398,68.4452,68.682,101443.48156863,0
KOF.US,D,20110729,000000,68.5949,69.6057,68.2691,68.453,112371.26151316,0
KOF.US,D,20110801,000000,68.9511,70.3719,68.7231,70.3014,105238.00573716,0
KOF.US,D,20110802,000000,70.6566,70.9903,68.7583,68.8513,94152.844504737,0
KOF.US,D,20110803,000000,69.2123,70.0744,66.5899,68.2602,137895.6449317,0
KOF.US,D,20110804,000000,68.1115,68.1115,64.9509,65.2415,104022.89955984,0
KOF.US,D,20110805,000000,65.5879,68.9726,62.7659,65.0409,126211.61724015,0
KOF.US,D,20110808,000000,68.0411,68.0411,60.164,60.5202,117236.7960045,0
KOF.US,D,20110809,000000,61.0183,63.6338,59.71,63.5125,132473.14419424,0
KOF.US,D,20110810,000000,62.2414,63.6691,61.1885,61.9899,59725.176799586,0
KOF.US,D,20110811,000000,62.5594,64.9274,62.1846,64.5076,84885.743734424,0
KOF.US,D,20110812,000000,65.2102,65.2102,64.0321,64.8129,71939.599870471,0
KOF.US,D,20110815,000000,64.6848,66.0067,64.6848,65.8081,36570.710307197,0
KOF.US,D,20110816,000000,65.5048,68.9217,65.1779,68.7309,173526.15533719,0
KOF.US,D,20110817,000000,65.5948,69.775,65.5948,69.1419,108184.30608131,0
KOF.US,D,20110818,000000,66.6741,68.2554,66.6741,67.7632,163450.68704269,0
KOF.US,D,20110819,000000,66.6976,68.3601,66.4255,66.5625,100088.36736248,0
KOF.US,D,20110822,000000,67.0029,68.8581,66.5625,66.9598,63183.477307607,0
KOF.US,D,20110823,000000,67.2524,69.135,67.1036,69.135,56254.612814585,0
KOF.US,D,20110824,000000,65.2738,72.9248,65.2738,68.7661,58725.703425814,0
KOF.US,D,20110825,000000,69.591,69.9599,68.0753,68.1174,130137.9737862,0
KOF.US,D,20110826,000000,67.5283,68.8718,65.8374,66.7602,112243.5169613,0
KOF.US,D,20110829,000000,68.0675,68.8943,67.2886,68.8787,50067.688678781,0
KOF.US,D,20110830,000000,68.909,69.3141,67.8483,69.1008,42939.542684853,0
KOF.US,D,20110831,000000,69.4902,70.5725,68.5244,70.2173,134175.72358147,0
KOF.US,D,20110901,000000,70.1517,71.7937,69.591,70.139,70541.563494887,0
KOF.US,D,20110902,000000,69.4775,71.0412,69.0636,69.2368,118161.66655998,0
KOF.US,D,20110906,000000,67.2093,68.5881,66.4891,67.2729,138903.29395679,0
KOF.US,D,20110907,000000,68.2876,68.2876,67.3003,67.8708,122867.7758506,0
KOF.US,D,20110908,000000,67.6301,67.8786,66.3052,66.4255,53972.584140114,0
KOF.US,D,20110909,000000,65.767,66.0713,64.6427,65.128,106517.49516861,0
KOF.US,D,20110912,000000,62.2972,65.4098,61.758,64.8785,70583.463707898,0
KOF.US,D,20110913,000000,64.808,65.5811,63.6906,65.5811,36109.807964077,0
KOF.US,D,20110914,000000,65.312,66.0234,64.4157,65.6359,75878.219893495,0
KOF.US,D,20110915,000000,66.4979,67.2093,65.7944,67.1457,128618.32459724,0
KOF.US,D,20110916,000000,67.4442,68.2475,67.2524,67.8913,40108.72341558,0
KOF.US,D,20110919,000000,65.8727,67.4089,65.8727,66.4979,60286.230871366,0
KOF.US,D,20110920,000000,66.0801,67.9687,66.0801,67.6859,67889.586598222,0
KOF.US,D,20110921,000000,67.4217,67.8414,66.1652,66.1868,78470.923318096,0
KOF.US,D,20110922,000000,64.3364,64.3814,60.4967,61.3392,172338.64198308,0
KOF.US,D,20110923,000000,60.847,61.8431,59.7814,60.3069,170421.45174872,0
KOF.US,D,20110926,000000,60.4214,62.623,59.7677,62.3823,130407.77027973,0
KOF.US,D,20110927,000000,63.9675,65.54,63.5839,64.8648,93849.323449512,0
KOF.US,D,20110928,000000,65.9089,65.9089,63.1641,63.2776,57984.785025011,0
KOF.US,D,20110929,000000,63.8814,65.2415,63.4988,64.1886,51230.675078937,0
KOF.US,D,20110930,000000,63.8608,64.0673,62.0692,63.0722,44208.812552159,0
KOF.US,D,20111003,000000,62.7659,63.2366,61.21,61.2756,45810.218254307,0
KOF.US,D,20111004,000000,60.2491,63.989,59.71,63.989,73637.06947562,0
KOF.US,D,20111005,000000,63.989,64.3951,62.7003,64.3521,103776.60806385,0
KOF.US,D,20111006,000000,64.5575,66.0919,64.0526,65.8159,42578.792070394,0
KOF.US,D,20111007,000000,65.8237,67.224,63.7268,63.9538,80273.65443398,0
KOF.US,D,20111010,000000,64.7366,66.45,64.7366,66.45,71223.208423626,0
KOF.US,D,20111011,000000,66.1212,66.6741,65.4813,65.4813,30001.574472219,0
KOF.US,D,20111012,000000,65.9872,66.7964,63.5908,65.9793,44347.798624585,0
KOF.US,D,20111013,000000,66.2279,66.2279,65.4891,65.7171,89986.32820119,0
KOF.US,D,20111014,000000,66.4568,66.9021,65.6887,66.1095,40961.035065607,0
KOF.US,D,20111017,000000,65.9089,66.0439,64.9558,65.0194,21035.950844302,0
KOF.US,D,20111018,000000,65.1975,67.0234,64.401,66.3639,55790.644602221,0
KOF.US,D,20111019,000000,66.6741,67.088,65.1613,65.5811,53702.78764658,0
KOF.US,D,20111020,000000,65.5233,65.8012,63.8109,64.0751,51851.002622781,0
KOF.US,D,20111021,000000,64.808,65.404,64.0164,64.4949,73097.476488552,0
KOF.US,D,20111024,000000,64.9627,65.3443,64.0673,64.8785,52778.939047511,0
KOF.US,D,20111025,000000,64.5801,65.4744,63.3843,64.8491,116562.30477066,0
KOF.US,D,20111026,000000,65.0987,65.218,64.2102,65.128,162602.46321832,0
KOF.US,D,20111027,000000,66.1095,67.8336,65.7601,67.2808,71747.472064469,0
KOF.US,D,20111028,000000,66.1163,67.2808,65.2738,66.585,129149.74193299,0
KOF.US,D,20111031,000000,66.0067,66.0371,63.6554,63.8608,93545.802394286,0
KOF.US,D,20111101,000000,62.8021,63.5409,61.5721,62.4244,167752.10159301,0
KOF.US,D,20111102,000000,63.4714,64.3579,62.8725,63.947,75665.652959196,0
KOF.US,D,20111103,000000,64.5292,64.9705,63.5839,64.9558,91923.95756384,0
KOF.US,D,20111104,000000,64.6427,65.3198,63.6759,64.0879,47660.981321691,0
KOF.US,D,20111107,000000,63.947,64.1603,62.8089,63.8393,42813.842045821,0
KOF.US,D,20111108,000000,63.8031,64.2914,63.5467,64.0106,117911.28723833,0
KOF.US,D,20111109,000000,63.172,63.172,61.849,62.4332,62291.3093574,0
KOF.US,D,20111110,000000,62.6945,63.0859,61.8999,63.0859,133889.57578529,0
KOF.US,D,20111111,000000,63.6495,66.5527,63.6495,66.313,118431.46305352,0
KOF.US,D,20111114,000000,65.5233,66.1212,63.8031,63.8393,72302.39439776,0
KOF.US,D,20111115,000000,63.4841,65.859,63.4841,65.5595,53676.216779793,0
KOF.US,D,20111116,000000,64.6221,65.2738,64.0879,64.3658,66854.344749928,0
KOF.US,D,20111117,000000,63.7131,64.4949,62.7943,62.9733,79981.374899319,0
KOF.US,D,20111118,000000,62.8667,63.8031,62.7003,63.7268,72049.97116328,0
KOF.US,D,20111121,000000,62.9039,63.5467,61.9077,62.1122,38366.287728176,0
KOF.US,D,20111122,000000,62.7659,62.7659,61.0682,61.5721,59808.977225608,0
KOF.US,D,20111123,000000,60.5124,63.4714,59.5329,60.073,82259.315748131,0
KOF.US,D,20111125,000000,59.6386,60.7051,59.1483,59.2413,30271.370965753,0
KOF.US,D,20111128,000000,60.4409,62.077,60.1014,61.3881,65712.819434485,0
KOF.US,D,20111129,000000,61.2756,62.9224,61.26,62.121,74446.45895622,0
KOF.US,D,20111130,000000,63.5604,64.7572,62.7219,64.5908,139407.11846934,0
KOF.US,D,20111201,000000,64.1241,64.8002,61.5153,61.6719,169578.33770643,0
KOF.US,D,20111202,000000,62.0281,62.9988,61.2756,61.4224,145797.41193171,0
KOF.US,D,20111205,000000,62.1122,62.4244,60.7834,62.0848,109693.73570612,0
KOF.US,D,20111206,000000,61.9273,63.1641,61.4948,62.9224,128205.45420562,0
KOF.US,D,20111207,000000,62.9733,63.2845,62.4694,62.5535,75038.171720447,0
KOF.US,D,20111208,000000,62.3901,62.44,61.8285,62.1259,97892.183026856,0
KOF.US,D,20111209,000000,62.2267,62.852,61.8911,62.5966,95525.331969948,0
KOF.US,D,20111212,000000,61.6572,62.5594,61.3089,61.7512,90460.515977703,0
KOF.US,D,20111213,000000,62.4332,63.625,61.3245,61.9077,63651.533345632,0
KOF.US,D,20111214,000000,61.2531,62.3119,60.5769,61.2316,85571.476488822,0
KOF.US,D,20111215,000000,62.0614,63.0242,61.8774,62.489,125151.8484379,0
KOF.US,D,20111216,000000,63.3569,64.444,62.9802,64.3521,121626.09880649,0
KOF.US,D,20111219,000000,64.9705,67.0811,64.9705,65.7455,193886.59299124,0
KOF.US,D,20111220,000000,65.8962,66.9197,64.4294,66.9197,141919.08733716,0
KOF.US,D,20111221,000000,65.7601,67.9491,65.7601,67.9491,125452.30362388,0
KOF.US,D,20111222,000000,67.9687,68.5166,67.4089,68.0626,85791.197118025,0
KOF.US,D,20111223,000000,68.1115,68.9589,67.8414,68.8718,62429.273473411,0
KOF.US,D,20111227,000000,68.3268,69.0294,68.3268,68.6673,98586.091432573,0
KOF.US,D,20111228,000000,68.6115,68.8425,67.6937,67.9403,45832.701295435,0
KOF.US,D,20111229,000000,68.0841,69.1419,68.0841,69.1223,31213.614780291,0
KOF.US,D,20111230,000000,69.9521,69.9521,66.9461,67.6751,79616.536459199,0
KOF.US,D,20120103,000000,68.3033,68.9286,67.9638,68.224,87798.319516889,0
KOF.US,D,20120104,000000,67.6634,68.9589,67.6634,68.4657,69416.389482082,0
KOF.US,D,20120105,000000,67.9843,69.2202,67.8062,69.0499,88691.509423511,0
KOF.US,D,20120106,000000,68.6888,69.2848,67.8287,68.0626,68098.065706861,0
KOF.US,D,20120109,000000,68.4971,68.4971,67.6712,68.2319,87017.544815905,0
KOF.US,D,20120110,000000,67.6634,69.2123,67.3737,67.6487,110583.8597435,0
KOF.US,D,20120111,000000,67.0332,67.452,66.3336,67.0332,98450.171229392,0
KOF.US,D,20120112,000000,66.8169,68.4413,66.8169,67.8062,69381.642963976,0
KOF.US,D,20120113,000000,67.3659,68.0919,67.1594,68.0753,56677.702770354,0
KOF.US,D,20120117,000000,68.3395,69.7672,68.0274,69.5186,68362.752418321,0
KOF.US,D,20120118,000000,69.4041,70.1732,68.4971,69.7261,108020.79305493,0
KOF.US,D,20120119,000000,69.5411,69.7916,68.9658,69.591,85283.28477982,0
KOF.US,D,20120120,000000,69.1986,69.2123,67.1868,67.7563,92200.907752278,0
KOF.US,D,20120123,000000,67.5655,69.1086,67.5655,68.8581,50312.958218357,0
KOF.US,D,20120124,000000,68.3826,69.1086,68.0988,68.8151,86963.381125916,0
KOF.US,D,20120125,000000,68.3444,70.095,68.3444,70.0372,52404.902999657,0
KOF.US,D,20120126,000000,70.3719,70.5294,69.7975,70.365,92010.823859107,0
KOF.US,D,20120127,000000,69.9531,70.4433,68.9658,69.8317,90927.550059313,0
KOF.US,D,20120130,000000,69.3934,69.4266,68.6243,69.3562,65666.831395814,0
KOF.US,D,20120131,000000,69.7417,69.8728,68.9932,69.6625,88315.429462828,0
KOF.US,D,20120201,000000,70.0245,71.503,70.0245,70.9747,100543.13796711,0
KOF.US,D,20120202,000000,71.3533,71.9277,71.1048,71.7516,71517.531871117,0
KOF.US,D,20120203,000000,72.3475,72.4698,71.4023,71.823,90938.791579877,0
KOF.US,D,20120206,000000,71.503,72.2986,71.2535,71.8876,70491.487630557,0
KOF.US,D,20120207,000000,72.0579,72.2634,71.9356,72.1215,110710.58233895,0
KOF.US,D,20120208,000000,71.4023,72.4757,71.4023,71.8083,84349.216616601,0
KOF.US,D,20120209,000000,71.5461,72.008,70.7613,71.3455,150281.75668029,0
KOF.US,D,20120210,000000,70.4149,70.7496,69.412,70.7496,67285.610357016,0
KOF.US,D,20120213,000000,71.2046,71.5256,70.6292,70.7995,134608.01114497,0
KOF.US,D,20120214,000000,70.8484,71.4757,70.5862,71.276,163573.32181248,0
KOF.US,D,20120215,000000,71.8573,72.1851,70.9903,71.4248,150754.92250039,0
KOF.US,D,20120216,000000,71.3377,71.6303,71.1968,71.5314,121727.27249157,0
KOF.US,D,20120217,000000,71.3602,71.7222,71.0412,71.0608,61603.532690172,0
KOF.US,D,20120221,000000,72.506,72.506,71.0842,71.5804,99933.029987411,0
KOF.US,D,20120222,000000,71.8083,72.463,71.4375,71.9796,229055.1790972,0
KOF.US,D,20120223,000000,71.9581,72.1352,71.4023,71.6087,149458.05980988,0
KOF.US,D,20120224,000000,71.9532,72.1156,71.3171,71.8651,108541.99082653,0
KOF.US,D,20120227,000000,71.7447,71.8436,71.1048,71.7085,82654.812880697,0
KOF.US,D,20120228,000000,72.1547,72.1547,70.004,70.4012,176043.23398709,0
KOF.US,D,20120229,000000,70.6821,71.7555,70.2486,70.3357,115096.8192717,0
KOF.US,D,20120301,000000,71.049,71.4375,70.6635,71.4375,90506.504016374,0
KOF.US,D,20120302,000000,71.4248,71.9933,70.5647,71.2682,100954.98640231,0
KOF.US,D,20120305,000000,71.1821,71.688,70.55,71.6361,94790.545307635,0
KOF.US,D,20120306,000000,71.3034,71.7584,69.0069,69.4834,179226.6282195,0
KOF.US,D,20120307,000000,69.9384,69.9384,69.0147,69.5979,83697.208423895,0
KOF.US,D,20120308,000000,68.7368,71.823,68.7309,71.823,184323.12486061,0
KOF.US,D,20120309,000000,71.6166,72.4972,71.6166,71.9708,116766.69605364,0
KOF.US,D,20120312,000000,70.1008,72.5266,70.1008,72.5266,133032.15435319,0
KOF.US,D,20120313,000000,72.824,73.7037,72.6049,73.0119,196607.04096771,0
KOF.US,D,20120314,000000,73.0374,73.8016,72.143,72.4757,133747.52384362,0
KOF.US,D,20120315,000000,72.6812,72.6812,71.7017,72.2908,108457.16844409,0
KOF.US,D,20120316,000000,72.4326,72.4326,71.4101,71.5079,78192.951173244,0
KOF.US,D,20120319,000000,71.2682,71.7447,70.7281,71.5158,59133.464035359,0
KOF.US,D,20120320,000000,71.0608,71.6674,70.5558,71.1889,118826.96018608,0
KOF.US,D,20120321,000000,71.2819,72.0207,71.0842,71.8436,118346.64067108,0
KOF.US,D,20120322,000000,71.2124,71.4453,70.5069,71.3318,122687.91152157,0
KOF.US,D,20120323,000000,70.9903,72.7193,70.9903,72.7193,150850.98640339,0
KOF.US,D,20120326,000000,72.9248,75.0355,72.9248,74.7478,170459.26413608,0
KOF.US,D,20120327,000000,74.4875,74.9083,73.7928,74.0501,221575.48009654,0
KOF.US,D,20120328,000000,74.3398,74.3398,73.2008,73.5413,117355.34294863,0
KOF.US,D,20120329,000000,72.7908,73.9748,72.0637,73.7037,178314.021141,0
KOF.US,D,20120330,000000,73.7771,75.4925,73.6675,75.2742,161858.47894828,0
KOF.US,D,20120402,000000,75.4866,76.6911,75.0785,76.561,126583.60937517,0
KOF.US,D,20120403,000000,74.2517,77.3829,74.2429,76.5708,171338.14665289,0
KOF.US,D,20120404,000000,75.1774,76.4847,75.1774,76.1432,81448.904311115,0
KOF.US,D,20120405,000000,75.8163,76.2665,75.5228,75.9308,64213.609373827,0
KOF.US,D,20120409,000000,74.0178,75.6353,74.0051,75.3496,47571.04915718,0
KOF.US,D,20120410,000000,75.4866,75.4866,72.1724,72.3857,179842.86793769,0
KOF.US,D,20120411,000000,73.1,73.4542,72.6391,73.4102,94523.814683346,0
KOF.US,D,20120412,000000,73.3652,73.7683,73.052,73.3573,103510.89939598,0
KOF.US,D,20120413,000000,73.4982,74.7556,72.9806,74.1754,148006.88170072,0
KOF.US,D,20120416,000000,74.3026,74.923,73.6822,74.0501,59798.757661459,0
KOF.US,D,20120417,000000,74.9836,75.1099,74.2194,74.375,63046.535148011,0
KOF.US,D,20120418,000000,74.3848,74.831,73.5716,74.0423,82564.880716186,0
KOF.US,D,20120419,000000,73.7429,74.3466,73.4395,74.2791,102802.68360045,0
KOF.US,D,20120420,000000,74.1822,76.2351,74.0266,75.7635,160395.03736214,0
KOF.US,D,20120423,000000,74.7635,74.7635,73.2008,74.2194,132648.92069761,0
KOF.US,D,20120424,000000,73.9405,75.2625,73.8075,74.2585,104091.37063964,0
KOF.US,D,20120425,000000,74.8691,76.2273,74.3613,75.9758,92290.839916789,0
KOF.US,D,20120426,000000,74.7801,75.7713,73.2223,75.5081,133526.781258,0
KOF.US,D,20120427,000000,76.1353,76.1667,74.4425,75.5316,125517.70883443,0
KOF.US,D,20120430,000000,75.3212,75.6813,74.4229,75.3046,161302.53465857,0
KOF.US,D,20120501,000000,75.2909,76.2351,74.0863,75.4553,65279.509914567,0
KOF.US,D,20120502,000000,75.4866,76.8575,74.4513,76.7205,181392.15386268,0
KOF.US,D,20120503,000000,76.4074,77.1569,75.5678,75.6882,91004.19679043,0
KOF.US,D,20120504,000000,75.6657,76.2351,75.1099,75.1832,91439.550223178,0
KOF.US,D,20120507,000000,74.556,76.7733,74.556,76.4025,111769.32918478,0
KOF.US,D,20120508,000000,75.8692,76.9123,75.7478,76.835,143195.51089937,0
KOF.US,D,20120509,000000,76.3633,77.4221,75.6431,77.0424,143042.21743714,0
KOF.US,D,20120510,000000,77.2342,77.8409,76.6481,77.4143,93291.335246976,0
KOF.US,D,20120511,000000,77.4143,77.4289,76.6911,76.8193,62522.271507167,0
KOF.US,D,20120514,000000,76.8193,76.8193,75.0883,75.3946,80463.738327151,0
KOF.US,D,20120515,000000,75.559,76.0991,74.5169,74.7341,131186.50106788,0
KOF.US,D,20120516,000000,75.2664,80.3195,74.7478,79.567,451868.24841218,0
KOF.US,D,20120517,000000,79.0425,80.3107,77.1501,77.336,156466.63690326,0
KOF.US,D,20120518,000000,77.2342,77.746,76.1755,77.561,183081.44781651,0
KOF.US,D,20120521,000000,77.561,78.4877,76.7498,78.2832,133836.43405172,0
KOF.US,D,20120522,000000,78.019,79.066,77.5131,77.9104,160475.77191892,0
KOF.US,D,20120523,000000,77.336,78.2617,75.5756,77.9564,204425.00754169,0
KOF.US,D,20120524,000000,78.9104,79.2255,77.7528,78.6648,89109.489597205,0
KOF.US,D,20120525,000000,78.4936,80.3273,76.7577,79.3429,156836.58512546,0
KOF.US,D,20120529,000000,82.9478,83.2462,80.432,82.9145,284563.76372891,0
KOF.US,D,20120530,000000,82.5387,83.0163,81.6326,81.7246,331849.68704633,0
KOF.US,D,20120531,000000,81.4624,84.3686,81.3498,83.348,985144.52287889,0
KOF.US,D,20120601,000000,82.7501,85.4058,81.6238,84.7492,545378.28233195,0
KOF.US,D,20120604,000000,84.6905,86.7591,83.8725,86.6055,491276.93168356,0
KOF.US,D,20120605,000000,85.851,86.7924,85.0105,85.1788,405937.43930092,0
KOF.US,D,20120606,000000,85.5262,85.9273,83.4889,85.6025,238181.24988225,0
KOF.US,D,20120607,000000,86.9646,87.6662,85.5946,85.6025,253920.40062813,0
KOF.US,D,20120608,000000,85.4224,86.6984,84.8588,86.2708,193922.36146576,0
KOF.US,D,20120611,000000,86.8266,86.8961,85.1367,85.1612,262763.38948626,0
KOF.US,D,20120612,000000,85.6974,85.9371,84.9175,85.713,240538.90333143,0
KOF.US,D,20120613,000000,85.6543,86.6387,85.5682,86.4763,287143.18172011,0
KOF.US,D,20120614,000000,86.2786,88.5175,86.2786,88.4911,237724.43536479,0
KOF.US,D,20120615,000000,88.4979,89.1525,87.8805,88.2151,341925.15534083,0
KOF.US,D,20120618,000000,88.1809,89.4979,87.812,89.1975,205264.03375832,0
KOF.US,D,20120619,000000,89.2054,90.5479,89.2054,90.2397,147090.18679656,0
KOF.US,D,20120620,000000,90.3003,90.5479,89.2054,90.2563,164103.71719181,0
KOF.US,D,20120621,000000,90.2563,90.4843,88.9138,88.9666,128542.69982254,0
KOF.US,D,20120622,000000,89.4705,89.8238,88.8433,88.8785,185840.73013674,0
KOF.US,D,20120625,000000,89.2406,90.6575,88.2151,90.3101,178423.37047739,0
KOF.US,D,20120626,000000,90.5577,91.1937,90.1594,90.9853,183475.92299266,0
KOF.US,D,20120627,000000,91.2935,92.7036,90.4843,90.5763,202682.57185429,0
KOF.US,D,20120628,000000,89.9471,91.1213,89.7181,91.0763,165062.31230899,0
KOF.US,D,20120629,000000,91.6399,94.9659,91.6399,94.8064,211101.44880023,0
KOF.US,D,20120702,000000,94.5451,95.6293,92.9961,95.5912,172282.43438026,0
KOF.US,D,20120703,000000,96.2018,96.6127,92.8043,96.5834,104300.87170469,0
KOF.US,D,20120705,000000,96.8417,99.1138,95.9346,96.0491,351748.20040085,0
KOF.US,D,20120706,000000,95.8583,96.0775,94.4326,95.323,114108.58741849,0
KOF.US,D,20120709,000000,95.6195,96.0295,94.1253,95.6861,127292.84712711,0
KOF.US,D,20120710,000000,96.4689,97.0227,96.0589,96.4601,114319.11043996,0
KOF.US,D,20120711,000000,90.1946,90.5479,88.0576,88.6222,1376642.7399937,0
KOF.US,D,20120712,000000,88.1897,90.1946,87.4705,89.8238,481152.40948114,0
KOF.US,D,20120713,000000,88.5175,90.7035,88.5175,89.7445,194113.46731535,0
KOF.US,D,20120716,000000,87.8208,89.7357,87.8208,89.0733,233838.95707534,0
KOF.US,D,20120717,000000,89.1085,89.8238,88.6486,89.3561,214645.59364711,0
KOF.US,D,20120718,000000,89.7083,90.1946,89.2944,89.5684,115406.47206541,0
KOF.US,D,20120719,000000,89.3208,89.9569,88.7729,89.1623,166007.62199277,0
KOF.US,D,20120720,000000,90.2749,90.3541,87.5732,89.2406,91212.67589907,0
KOF.US,D,20120723,000000,87.5644,88.4284,87.402,88.358,75941.581191219,0
KOF.US,D,20120724,000000,88.1104,88.1544,86.4244,87.3247,160614.75799134,0
KOF.US,D,20120725,000000,86.3735,87.5458,80.2559,81.4624,677403.80961647,0
KOF.US,D,20120726,000000,81.5005,83.0985,81.5005,82.3,241834.74406552,0
KOF.US,D,20120727,000000,82.0446,83.4223,81.0974,82.2413,321080.31034611,0
KOF.US,D,20120730,000000,81.6747,83.4478,81.2598,82.4556,312656.32361809,0
KOF.US,D,20120731,000000,81.9125,82.4556,79.155,80.5465,506636.9365995,0
KOF.US,D,20120801,000000,80.4477,82.8979,80.4477,82.3411,243431.03998559,0
KOF.US,D,20120802,000000,81.5005,83.7306,81.5005,83.6719,312804.50729825,0
KOF.US,D,20120803,000000,84.9351,85.0105,83.3812,83.4409,141062.68786148,0
KOF.US,D,20120806,000000,82.8577,84.1249,81.6395,81.9624,191815.08733824,0
KOF.US,D,20120807,000000,82.1924,83.0985,81.2902,81.527,109364.66574052,0
KOF.US,D,20120808,000000,81.3401,81.9467,81.0074,81.7334,163488.49943004,0
KOF.US,D,20120809,000000,81.615,84.8422,81.615,84.5046,202084.72735157,0
KOF.US,D,20120810,000000,84.5887,85.1034,84.0251,84.2091,182451.92266493,0
KOF.US,D,20120813,000000,83.7638,84.4283,82.8411,82.9399,70883.918893879,0
KOF.US,D,20120814,000000,82.7423,83.8147,82.7423,83.1239,106237.47911093,0
KOF.US,D,20120815,000000,83.1816,83.8725,82.5779,83.6719,151419.19417007,0
KOF.US,D,20120816,000000,87.1955,89.311,85.9958,88.2503,477525.48616466,0
KOF.US,D,20120817,000000,87.7523,88.719,87.6916,88.3668,325481.87662509,0
KOF.US,D,20120820,000000,88.1995,88.3139,87.0673,87.6574,111330.90988279,0
KOF.US,D,20120821,000000,87.5116,87.8041,85.9802,85.988,157382.30985101,0
KOF.US,D,20120822,000000,85.9371,86.0223,84.4116,85.2052,197377.59610454,0
KOF.US,D,20120823,000000,85.1034,85.7571,84.4459,85.5085,93382.289367902,0
KOF.US,D,20120824,000000,85.8168,87.6574,84.259,87.2826,108172.04260434,0
KOF.US,D,20120827,000000,87.9421,88.1368,86.9988,87.3834,69822.106178798,0
KOF.US,D,20120828,000000,87.6916,87.9069,87.2386,87.5213,80786.67655426,0
KOF.US,D,20120829,000000,87.8638,87.8638,86.8442,87.1446,120145.2839613,0
KOF.US,D,20120830,000000,86.8961,87.1877,85.9107,86.7591,187242.85433798,0
KOF.US,D,20120831,000000,87.0409,88.4196,85.7316,88.4196,341148.4684655,0
KOF.US,D,20120904,000000,88.7386,88.7386,87.3589,88.4196,85961.863839314,0
KOF.US,D,20120905,000000,87.9255,88.9059,87.7523,88.0478,103783.76175875,0
KOF.US,D,20120906,000000,88.8433,90.1164,88.5869,89.8512,211904.70654234,0
KOF.US,D,20120907,000000,89.859,90.7035,89.6995,90.1868,190767.58201297,0
KOF.US,D,20120910,000000,90.0273,90.3639,88.9226,89.4705,213363.03834641,0
KOF.US,D,20120911,000000,89.1525,91.2671,88.1809,90.8581,243111.16762773,0
KOF.US,D,20120912,000000,90.9393,91.1937,89.8414,90.8669,136759.22939833,0
KOF.US,D,20120913,000000,91.1849,93.0235,89.904,92.7858,199967.2336599,0
KOF.US,D,20120914,000000,93.6958,94.7976,92.9961,93.7799,171382.09077873,0
KOF.US,D,20120917,000000,94.1156,94.2183,93.1547,93.4061,94005.682780991,0
KOF.US,D,20120918,000000,93.6958,93.957,92.1752,92.3846,172479.67196833,0
KOF.US,D,20120919,000000,93.0138,93.3875,92.549,93.3406,85477.456498651,0
KOF.US,D,20120920,000000,93.5744,93.7516,92.5675,93.2378,117671.12748083,0
KOF.US,D,20120921,000000,93.639,93.8729,92.9022,92.9668,75760.694905782,0
KOF.US,D,20120924,000000,92.503,93.1449,92.2045,93.1449,93117.602656443,0
KOF.US,D,20120925,000000,93.0138,94.3308,93.0138,93.1175,92068.053418341,0
KOF.US,D,20120926,000000,92.8924,92.8924,91.9129,92.4306,92796.708342165,0
KOF.US,D,20120927,000000,92.4863,93.733,92.3944,93.4717,61077.225136498,0
KOF.US,D,20120928,000000,92.7584,93.8915,92.3493,93.4531,87897.449289134,0
KOF.US,D,20121001,000000,94.0882,95.3808,93.4717,95.2565,84810.118959721,0
KOF.US,D,20121002,000000,95.1802,95.8867,94.9835,95.5051,86939.876128373,0
KOF.US,D,20121003,000000,95.7624,95.8485,94.9933,95.3328,62068.522858952,0
KOF.US,D,20121004,000000,95.8583,96.8035,95.7722,96.7458,95406.785025819,0
KOF.US,D,20121005,000000,97.0521,98.331,97.0521,97.4601,56783.986237504,0
KOF.US,D,20121008,000000,97.1754,97.2713,96.0109,96.0971,89168.76306927,0
KOF.US,D,20121009,000000,95.6675,96.1352,94.7222,94.8348,156920.38555148,0
KOF.US,D,20121010,000000,95.371,95.371,93.6958,94.05,73039.224972903,0
KOF.US,D,20121011,000000,94.5168,95.6381,94.4698,95.4287,90807.981158769,0
KOF.US,D,20121012,000000,95.7536,96.3065,95.6098,96.0971,57967.411765958,0
KOF.US,D,20121015,000000,96.1254,97.4895,96.0873,96.8319,75720.838605601,0
KOF.US,D,20121016,000000,97.0041,97.695,97.0041,97.5091,121645.51597838,0
KOF.US,D,20121017,000000,97.7928,99.652,97.6754,99.6031,115580.20465595,0
KOF.US,D,20121018,000000,98.5267,99.6129,98.0179,98.5854,71324.382108701,0
KOF.US,D,20121019,000000,97.969,98.4093,97.0227,97.5873,75708.575128622,0
KOF.US,D,20121022,000000,97.3094,97.5678,95.9346,96.7174,80142.844012873,0
KOF.US,D,20121023,000000,96.374,96.6029,95.4953,95.6381,134649.91135798,0
KOF.US,D,20121024,000000,97.2615,97.2615,95.7154,95.782,94542.209898814,0
KOF.US,D,20121025,000000,96.145,96.9464,93.1175,93.8641,164517.60953985,0
KOF.US,D,20121026,000000,94.4522,94.4522,91.8581,92.6683,118714.54498044,0
KOF.US,D,20121031,000000,94.1527,94.3778,92.139,92.6586,131504.32951292,0
KOF.US,D,20121101,000000,93.4717,94.321,92.731,94.1342,120909.70735965,0
KOF.US,D,20121102,000000,92.8317,94.2095,92.5764,93.0333,73802.626414833,0
KOF.US,D,20121105,000000,93.7427,94.3113,92.8826,93.733,101101.12616964,0
KOF.US,D,20121106,000000,93.3875,94.0128,92.7036,92.7036,111255.28510809,0
KOF.US,D,20121107,000000,92.1125,93.0421,90.7211,90.8581,158377.69539913,0
KOF.US,D,20121108,000000,91.0215,91.2495,89.5498,89.8942,129296.90365673,0
KOF.US,D,20121109,000000,89.1878,90.3992,88.8433,89.6379,79795.378831807,0
KOF.US,D,20121112,000000,89.8326,91.1849,89.8326,91.0577,51026.283795957,0
KOF.US,D,20121113,000000,91.2397,93.0138,90.3894,93.004,124694.01196402,0
KOF.US,D,20121114,000000,93.1175,93.5842,92.1752,92.4501,134671.37244269,0
KOF.US,D,20121115,000000,92.0029,92.868,90.9393,91.7935,141256.85958031,0
KOF.US,D,20121116,000000,92.0029,93.7134,91.1575,93.7134,76334.012454541,0
KOF.US,D,20121119,000000,94.143,95.1136,94.143,94.8994,49185.740292722,0
KOF.US,D,20121120,000000,93.9199,96.0012,93.9199,95.8103,76384.088318871,0
KOF.US,D,20121121,000000,95.8485,96.5746,95.6577,96.3162,175514.88252059,0
KOF.US,D,20121123,000000,96.3162,97.0227,96.3162,96.9846,39107.206128978,0
KOF.US,D,20121126,000000,96.8221,98.4191,96.2399,97.7928,86531.093562413,0
KOF.US,D,20121127,000000,98.1353,98.3506,97.4014,97.4895,110706.49451329,0
KOF.US,D,20121128,000000,97.4993,97.8026,96.7458,97.7145,60349.59216909,0
KOF.US,D,20121129,000000,97.8711,98.4289,97.5775,98.3016,61213.14533968,0
KOF.US,D,20121130,000000,98.1842,105.044,98.1842,102.206,1040942.321176,0
KOF.US,D,20121203,000000,103.106,103.987,102.098,102.852,152302.16451255,0
KOF.US,D,20121204,000000,103.214,103.84,102.333,102.862,66726.600198066,0
KOF.US,D,20121205,000000,102.852,103.664,102.225,103.057,99219.704409811,0
KOF.US,D,20121206,000000,103.067,105.171,102.842,103.948,247455.50434747,0
KOF.US,D,20121207,000000,103.801,106.022,103.801,105.905,143633.93020137,0
KOF.US,D,20121210,000000,106.179,107.412,106.1,107.157,192668.42094468,0
KOF.US,D,20121211,000000,108.322,108.351,106.56,106.825,207422.40570659,0
KOF.US,D,20121212,000000,106.502,106.502,104.73,105.171,246729.91529289,0
KOF.US,D,20121213,000000,105.846,105.846,103.86,104.995,220661.85106162,0
KOF.US,D,20121214,000000,105.993,106.815,104.437,106.56,405761.66279756,0
KOF.US,D,20121217,000000,106.541,107.196,104.936,105.65,166010.68786202,0
KOF.US,D,20121218,000000,106.237,108.977,106.188,107.969,154025.18302807,0
KOF.US,D,20121219,000000,108.204,108.478,106.952,107.989,233291.18843696,0
KOF.US,D,20121220,000000,107.333,108.468,106.012,108.253,139080.09241657,0
KOF.US,D,20121221,000000,106.042,106.922,105.415,105.65,174580.81435737,0
KOF.US,D,20121224,000000,105.768,106.57,105.768,106.57,31098.133705407,0
KOF.US,D,20121226,000000,106.844,107.079,105.171,105.562,42520.540554744,0
KOF.US,D,20121227,000000,105.787,107.509,105.034,105.983,94370.521221111,0
KOF.US,D,20121228,000000,105.954,107.578,104.721,106.404,123101.80386961,0
KOF.US,D,20121231,000000,106.247,108.273,105.455,107.979,116600.11715802,0
KOF.US,D,20130102,000000,108.879,110.885,108.879,110.611,176246.60331365,0
KOF.US,D,20130103,000000,110.445,110.651,109.339,110.034,108793.39210459,0
KOF.US,D,20130104,000000,109.956,110.543,109.32,110.533,90074.216452871,0
KOF.US,D,20130107,000000,110.504,110.504,108.919,109.241,94827.335738571,0
KOF.US,D,20130108,000000,109.153,109.574,108.302,108.684,91239.246765857,0
KOF.US,D,20130109,000000,108.928,110.905,108.693,110.905,87529.54497977,0
KOF.US,D,20130110,000000,111.316,112.148,110.768,111.306,130654.06177572,0
KOF.US,D,20130111,000000,111.424,114.633,111.424,112.735,161569.26528286,0
KOF.US,D,20130114,000000,112.96,113.557,112.324,113.469,97903.42454742,0
KOF.US,D,20130115,000000,113.469,113.743,112.48,113.302,56985.311651239,0
KOF.US,D,20130116,000000,113.077,114.222,112.617,113.899,91557.075210891,0
KOF.US,D,20130117,000000,113.723,113.997,111.081,113.655,131258.03801693,0
KOF.US,D,20130118,000000,114.017,115.22,113.655,114.447,80866.389154622,0
KOF.US,D,20130122,000000,115.093,115.093,113.615,114.613,84602.661807496,0
KOF.US,D,20130123,000000,115.298,115.876,113.997,114.183,54571.450599245,0
KOF.US,D,20130124,000000,114.545,115.269,113.655,114.124,55894.884156541,0
KOF.US,D,20130125,000000,115.024,115.024,112.5,113.743,157211.64312973,0
KOF.US,D,20130128,000000,113.743,115.445,113.302,115.093,89654.192366347,0
KOF.US,D,20130129,000000,115.318,117.755,115.318,116.805,97073.595938521,0
KOF.US,D,20130130,000000,117.451,117.451,115.064,115.367,62314.814354942,0
KOF.US,D,20130131,000000,114.242,117.236,112.999,114.525,186955.68458539,0
KOF.US,D,20130201,000000,114.565,115.934,114.105,115.739,125944.88661586,0
KOF.US,D,20130204,000000,115.103,116.228,114.809,115.005,38016.77863428,0
KOF.US,D,20130205,000000,116.111,116.277,115.103,115.592,84313.44814208,0
KOF.US,D,20130206,000000,115.269,116.248,114.114,114.868,60383.316730781,0
KOF.US,D,20130207,000000,115.103,116.111,112.93,113.655,80774.413077281,0
KOF.US,D,20130208,000000,113.576,114.144,112.989,113.645,110506.19105597,0
KOF.US,D,20130211,000000,113.772,113.772,112.187,112.392,141998.79993753,0
KOF.US,D,20130212,000000,112.764,113.361,111.805,112.891,91862.640178946,0
KOF.US,D,20130213,000000,113.557,114.134,113.009,114.134,99725.572835187,0
KOF.US,D,20130214,000000,113.615,115.298,112.94,115.015,113288.97837374,0
KOF.US,D,20130215,000000,115.044,115.455,114.036,115.416,75445.932329993,0
KOF.US,D,20130219,000000,115.475,116.698,114.653,116.502,80411.618549992,0
KOF.US,D,20130220,000000,116.972,118.126,116.111,117.481,105003.97771815,0
KOF.US,D,20130221,000000,117.373,118.224,115.563,118.048,136052.03555922,0
KOF.US,D,20130222,000000,118.351,120.034,117.011,118.175,90341.969033575,0
KOF.US,D,20130225,000000,118.205,118.948,117.109,117.197,82909.280028007,0
KOF.US,D,20130226,000000,117.246,117.774,115.387,117.598,109447.44421013,0
KOF.US,D,20130227,000000,117.481,119.888,116.903,119.506,143252.74045861,0
KOF.US,D,20130228,000000,119.232,122.696,117.989,122.158,228885.53433232,0
KOF.US,D,20130301,000000,121.688,121.737,119.839,121.336,139180.24414523,0
KOF.US,D,20130304,000000,121.336,121.62,118.576,118.939,192073.64231121,0
KOF.US,D,20130305,000000,119.849,120.367,115.21,115.778,838207.62954457,0
KOF.US,D,20130306,000000,116.081,117.373,115.934,116.678,162844.66688866,0
KOF.US,D,20130307,000000,116.727,116.727,114.428,116.042,87917.888417432,0
KOF.US,D,20130308,000000,116.306,117.774,115.181,117.569,155803.38718999,0
KOF.US,D,20130311,000000,116.698,117.549,115.641,115.856,180654.30133112,0
KOF.US,D,20130312,000000,115.905,117.725,115.103,117.246,121619.967068,0
KOF.US,D,20130313,000000,117.246,118.704,116.365,118.518,92760.939867643,0
KOF.US,D,20130314,000000,118.136,118.86,117.539,117.813,96876.358350446,0
KOF.US,D,20130315,000000,117.813,118.449,115.7,116.003,186276.08356948,0
KOF.US,D,20130318,000000,115.758,116.972,115.181,116.619,59215.220548551,0
KOF.US,D,20130319,000000,116.678,117.892,114.633,115.925,147250.6339537,0
KOF.US,D,20130320,000000,116.845,117.255,115.758,116.923,76072.391612326,0
KOF.US,D,20130321,000000,116.228,116.933,115.083,115.083,67269.259054378,0
KOF.US,D,20130322,000000,115.905,115.925,113.655,114.007,90904.04506177,0
KOF.US,D,20130325,000000,113.968,114.545,113.625,114.349,177268.55972855,0
KOF.US,D,20130326,000000,114.486,117.5,114.408,117.5,197796.59823465,0
KOF.US,D,20130327,000000,117.422,118.303,116.698,117.637,137607.4532227,0
KOF.US,D,20130328,000000,117.931,119.252,117.539,118.635,55975.618713318,0
KOF.US,D,20130401,000000,118.782,118.802,117.138,117.51,70394.401771142,0
KOF.US,D,20130402,000000,117.803,123.009,117.451,122.97,145877.12453207,0
KOF.US,D,20130403,000000,123.087,124.223,121.072,121.258,158845.75143715,0
KOF.US,D,20130404,000000,120.671,122.99,120.671,122.432,104064.79977285,0
KOF.US,D,20130405,000000,121.551,123.078,120.612,122.187,55769.183517508,0
KOF.US,D,20130408,000000,123.156,123.929,121.737,122.911,65007.669508204,0
KOF.US,D,20130409,000000,123.449,125.201,122.158,124.947,125558.58709103,0
KOF.US,D,20130410,000000,125.358,128.117,125.338,127.882,93097.163528145,0
KOF.US,D,20130411,000000,128.039,129.595,126.375,127.236,119589.3396716,0
KOF.US,D,20130412,000000,126.268,128.352,126.248,126.728,84741.647879923,0
KOF.US,D,20130415,000000,125.935,128.029,123.851,124.594,109599.71571595,0
KOF.US,D,20130416,000000,125.827,128.117,125.544,127.99,55822.325251083,0
KOF.US,D,20130417,000000,127.168,127.784,123.753,127.148,136233.94380107,0
KOF.US,D,20130418,000000,127.481,128.117,126.062,127.452,114901.62559645,0
KOF.US,D,20130419,000000,128.479,129.34,127.54,128.665,74578.291333742,0
KOF.US,D,20130422,000000,129.448,130.358,128.518,129.056,129004.62412207,0
KOF.US,D,20130423,000000,129.937,131.375,128.459,129.438,145043.20809751,0
KOF.US,D,20130424,000000,129.585,129.692,120.054,120.68,297386.25086666,0
KOF.US,D,20130425,000000,121.532,121.551,116.453,117.49,302793.42225789,0
KOF.US,D,20130426,000000,116.962,118.958,116.052,118.459,156395.09995422,0
KOF.US,D,20130429,000000,118.567,119.428,117.04,117.578,86606.718337115,0
KOF.US,D,20130430,000000,117.921,118.205,115.827,117.774,148041.62821883,0
KOF.US,D,20130501,000000,116.805,118.166,116.463,116.463,21272.022776144,0
KOF.US,D,20130502,000000,115.837,120.093,115.22,119.203,102245.71735433,0
KOF.US,D,20130503,000000,119.526,122.745,119.526,121.698,94084.373424939,0
KOF.US,D,20130506,000000,121.62,121.629,117.265,117.481,153425.29461252,0
KOF.US,D,20130507,000000,118.077,121.17,117.676,119.614,218751.81452217,0
KOF.US,D,20130508,000000,119.438,119.702,117.177,117.892,153361.9333148,0
KOF.US,D,20130509,000000,117.813,118.841,117.148,117.344,94677.108145581,0
KOF.US,D,20130510,000000,117.265,117.96,115.269,116.482,86030.334919112,0
KOF.US,D,20130513,000000,115.24,116.962,112.451,116.952,236937.52892532,0
KOF.US,D,20130514,000000,116.933,118.205,116.326,116.747,158940.79338374,0
KOF.US,D,20130515,000000,117.06,120.592,116.306,119.379,144393.24381764,0
KOF.US,D,20130516,000000,119.438,119.438,115.073,115.778,121965.38833624,0
KOF.US,D,20130517,000000,116.199,116.893,114.574,114.985,84498.422253177,0
KOF.US,D,20130520,000000,114.653,115.7,113.478,114.261,97917.731937229,0
KOF.US,D,20130521,000000,114.271,114.271,110.817,111.903,121976.6298568,0
KOF.US,D,20130522,000000,112.334,113.87,109.515,110.142,172717.787813,0
KOF.US,D,20130523,000000,109.877,113.077,109.241,112.627,115966.50418078,0
KOF.US,D,20130524,000000,111.404,112.598,109.104,110.367,122914.78584568,0
KOF.US,D,20130528,000000,112.108,112.314,108.997,110.748,137761.76864135,0
KOF.US,D,20130529,000000,109.975,109.975,107.03,107.47,128749.13501835,0
KOF.US,D,20130530,000000,107.079,107.969,106.56,107.01,74119.432903452,0
KOF.US,D,20130531,000000,106.061,106.834,104.877,106.795,160396.05931855,0
KOF.US,D,20130603,000000,106.57,106.844,104.378,105.973,119339.98230636,0
KOF.US,D,20130604,000000,105.308,106.903,104.985,105.817,42557.330985681,0
KOF.US,D,20130605,000000,105.543,105.768,102.196,102.235,138902.27200038,0
KOF.US,D,20130606,000000,102.069,105.22,100.895,105.22,160117.06521729,0
KOF.US,D,20130607,000000,105.073,107.5,103.155,105.699,184964.91348917,0
KOF.US,D,20130610,000000,106.159,106.58,104.75,105.866,80299.203344353,0
KOF.US,D,20130611,000000,104.427,106.776,103.566,105.347,113431.03031541,0
KOF.US,D,20130612,000000,105.826,106.433,103.273,103.644,154456.44863516,0
KOF.US,D,20130613,000000,103.772,105.954,103.772,105.846,150332.85450103,0
KOF.US,D,20130614,000000,106.57,107.01,104.065,105.641,71567.607735447,0
KOF.US,D,20130617,000000,105.826,106.707,104.32,104.417,69903.86269199,0
KOF.US,D,20130618,000000,104.31,104.916,103.145,103.498,62354.670655123,0
KOF.US,D,20130619,000000,103.184,104.76,100.542,100.601,104619.72210614,0
KOF.US,D,20130620,000000,99.9456,100.405,95.8769,97.3916,214414.63149734,0
KOF.US,D,20130621,000000,97.695,97.8907,92.64,93.4903,295435.33607061,0
KOF.US,D,20130624,000000,92.8406,95.0275,90.8669,94.3308,157098.20596767,0
KOF.US,D,20130625,000000,95.7242,95.7242,93.1635,93.9199,117205.11535564,0
KOF.US,D,20130626,000000,94.7594,97.4112,94.4522,96.4601,129681.15926874,0
KOF.US,D,20130627,000000,97.3094,100.083,97.2899,99.153,210239.93954247,0
KOF.US,D,20130628,000000,98.9181,103.253,97.4797,102.382,239699.8771148,0
KOF.US,D,20130701,000000,102.421,104.163,101.521,103.409,158756.84122906,0
KOF.US,D,20130702,000000,103.165,104.085,101.159,102.441,125801.81271778,0
KOF.US,D,20130703,000000,101.658,103.801,100.934,103.116,86160.123383804,0
KOF.US,D,20130705,000000,104.545,104.545,100.229,101.081,97192.14288265,0
KOF.US,D,20130708,000000,102.059,103.811,102.059,102.881,95143.120270775,0
KOF.US,D,20130709,000000,103.057,104.535,101.697,101.863,57487.092250955,0
KOF.US,D,20130710,000000,101.56,102.411,99.8673,100.415,94169.195807375,0
KOF.US,D,20130711,000000,100.934,103.742,100.934,103.605,132739.87481853,0
KOF.US,D,20130712,000000,103.292,104.427,102.167,103.194,67735.271179572,0
KOF.US,D,20130715,000000,103.468,104.183,101.991,102.48,84360.458137165,0
KOF.US,D,20130716,000000,102.186,102.744,99.8086,101.149,120988.3980036,0
KOF.US,D,20130717,000000,101.501,102.852,100.611,102.304,144064.17385204,0
KOF.US,D,20130718,000000,101.824,102.959,101.423,102.578,72829.723907848,0
KOF.US,D,20130719,000000,102.108,102.108,99.4074,99.9749,87203.540883417,0
KOF.US,D,20130722,000000,99.5052,100.924,99.1627,100.171,92241.786008874,0
KOF.US,D,20130723,000000,100.494,104.623,99.7107,104.417,131886.54121209,0
KOF.US,D,20130724,000000,105.014,105.083,101.56,102.92,182607.26003999,0
KOF.US,D,20130725,000000,102.362,105.523,102.186,104.936,134814.44634078,0
KOF.US,D,20130726,000000,104.486,106.188,103.82,105.817,98480.829921838,0
KOF.US,D,20130729,000000,105.406,105.435,101.912,102.304,83700.27429314,0
KOF.US,D,20130730,000000,103.136,103.351,100.709,101.276,98031.169099283,0
KOF.US,D,20130731,000000,101.355,103.869,101.218,103.047,116913.85777739,0
KOF.US,D,20130801,000000,104.417,105.572,103.546,105.171,46812.757497324,0
KOF.US,D,20130802,000000,105.2,108.684,105.024,107.157,85319.053254341,0
KOF.US,D,20130805,000000,108.674,109.163,107.147,108.723,101919.71325798,0
KOF.US,D,20130806,000000,108.977,109.232,106.834,107.549,84273.591841899,0
KOF.US,D,20130807,000000,107.284,107.989,106.13,106.942,95025.595283062,0
KOF.US,D,20130808,000000,107.862,108.742,106.756,108.116,87660.355400877,0
KOF.US,D,20130809,000000,107.783,108.801,107.265,107.705,52898.507948054,0
KOF.US,D,20130812,000000,107.764,108.097,105.67,106.492,74877.724563308,0
KOF.US,D,20130813,000000,106.394,107.235,103.517,104.427,68751.095855983,0
KOF.US,D,20130814,000000,104.545,106.502,103.899,104.652,71965.148780843,0
KOF.US,D,20130815,000000,104.535,104.535,102.265,103.087,38860.914632987,0
KOF.US,D,20130816,000000,103.194,103.194,101.433,102.089,32092.497297105,0
KOF.US,D,20130819,000000,102.167,104.828,101.413,102.999,63750.663117877,0
KOF.US,D,20130820,000000,104.417,104.417,101.472,102.069,61186.574472893,0
KOF.US,D,20130821,000000,100.963,101.687,99.4074,99.5444,95837.028676492,0
KOF.US,D,20130822,000000,98.9475,99.6422,95.8201,98.5952,98167.089302464,0
KOF.US,D,20130823,000000,98.6637,98.7909,97.0227,98.3408,82789.711127464,0
KOF.US,D,20130826,000000,98.0374,98.4386,94.0598,95.8201,132556.94462026,0
KOF.US,D,20130827,000000,94.8817,95.5716,93.229,94.9277,100731.17794745,0
KOF.US,D,20130828,000000,95.1616,95.1616,91.7495,91.9491,90182.54383285,0
KOF.US,D,20130829,000000,91.8209,92.139,89.6643,90.6575,118982.29756115,0
KOF.US,D,20130830,000000,90.9579,92.868,85.7404,87.5898,381881.60725059,0
KOF.US,D,20130903,000000,89.8238,90.0625,88.0478,89.4099,249055.8880932,0
KOF.US,D,20130904,000000,90.8483,90.8483,89.3463,89.7279,145640.03064381,0
KOF.US,D,20130905,000000,90.2651,91.5939,88.8169,91.0029,144026.36146469,0
KOF.US,D,20130906,000000,91.7309,95.6861,91.3669,93.733,160776.2271049,0
KOF.US,D,20130909,000000,93.7232,95.2947,90.5763,94.2271,195528.87694999,0
KOF.US,D,20130910,000000,94.7408,95.5912,93.9199,95.2565,196880.9252869,0
KOF.US,D,20130911,000000,95.3142,97.9787,94.9933,97.9102,208690.65361748,0
KOF.US,D,20130912,000000,97.646,97.646,96.145,96.9846,66088.899395168,0
KOF.US,D,20130913,000000,96.8985,97.7439,96.5834,97.5971,109495.47616163,0
KOF.US,D,20130916,000000,98.0962,99.3584,98.0962,98.7322,93072.636574188,0
KOF.US,D,20130917,000000,98.1549,98.8496,96.8515,98.2919,78785.685893886,0
KOF.US,D,20130918,000000,98.5267,102.167,97.2331,101.854,127282.62756297,0
KOF.US,D,20130919,000000,101.756,102.891,101.315,102.48,113315.54924053,0
KOF.US,D,20130920,000000,102.451,102.451,99.0257,99.4465,82064.122072885,0
KOF.US,D,20130923,000000,99.4661,99.4661,98.2332,98.8888,93485.506965807,0
KOF.US,D,20130924,000000,98.7322,98.967,97.6363,97.8515,58946.446011432,0
KOF.US,D,20130925,000000,97.8515,98.2625,96.2301,97.5873,74946.195643106,0
KOF.US,D,20130926,000000,98.194,99.0257,96.8035,97.0991,74644.718500711,0
KOF.US,D,20130927,000000,96.8799,96.8799,94.0686,94.2643,68391.367197938,0
KOF.US,D,20130930,000000,93.6958,93.8915,91.5029,91.9393,204295.219077,0
KOF.US,D,20131001,000000,92.1849,94.9992,91.6849,94.5451,85158.606097202,0
KOF.US,D,20131002,000000,94.2369,94.6753,92.6948,94.0226,53541.318533026,0
KOF.US,D,20131003,000000,94.1997,94.1997,91.7495,92.1223,37019.349173338,0
KOF.US,D,20131004,000000,92.4306,93.9199,92.0949,92.6223,50952.702934084,0
KOF.US,D,20131007,000000,87.3491,92.1947,87.3491,91.4393,43605.858267368,0
KOF.US,D,20131008,000000,91.3395,91.7935,89.1261,90.1066,52507.098641147,0
KOF.US,D,20131009,000000,90.1868,91.6301,89.2592,89.6477,65782.312470698,0
KOF.US,D,20131010,000000,90.3356,92.1849,89.9921,91.0313,52392.639522678,0
KOF.US,D,20131011,000000,90.7759,93.6018,90.6301,93.2192,62456.866296614,0
KOF.US,D,20131014,000000,93.1918,93.2192,90.8757,92.3846,41019.286581256,0
KOF.US,D,20131015,000000,92.5587,93.2662,90.4843,91.0479,126008.24791358,0
KOF.US,D,20131016,000000,91.4305,93.3132,89.5058,91.1937,100704.60708066,0
KOF.US,D,20131017,000000,91.3395,91.9491,90.5665,90.8669,48239.408652525,0
KOF.US,D,20131018,000000,90.8669,90.8757,89.4882,89.6212,35736.793872638,0
KOF.US,D,20131021,000000,89.4099,90.177,88.7102,89.311,65922.320499539,0
KOF.US,D,20131022,000000,91.1761,94.0686,89.9471,93.6116,102771.00295159,0
KOF.US,D,20131023,000000,93.5921,93.5921,90.2915,91.5029,84360.458137165,0
KOF.US,D,20131024,000000,91.1037,91.3307,89.0283,89.6379,64301.497625508,0
KOF.US,D,20131025,000000,89.7533,90.0811,87.5898,89.4451,143702.40128116,0
KOF.US,D,20131028,000000,89.2592,89.8942,88.1104,89.4705,92268.356875661,0
KOF.US,D,20131029,000000,89.6379,89.9393,88.3746,88.7817,72013.180732343,0
KOF.US,D,20131030,000000,90.1946,91.4393,89.4353,91.2857,137849.65689303,0
KOF.US,D,20131031,000000,91.4031,91.5029,89.3737,89.4705,87346.614781503,0
KOF.US,D,20131101,000000,89.8062,89.8414,88.0223,88.9138,56731.866460344,0
KOF.US,D,20131104,000000,88.9138,89.4882,88.3668,88.9138,51053.876619159,0
KOF.US,D,20131105,000000,87.6075,87.7699,84.3099,84.943,139260.97870201,0
KOF.US,D,20131106,000000,85.077,86.6133,84.2688,84.8089,94985.738982881,0
KOF.US,D,20131107,000000,85.4058,85.7404,83.2658,83.7227,117476.955762,0
KOF.US,D,20131108,000000,83.4644,83.4644,81.3498,82.9057,143719.77454022,0
KOF.US,D,20131111,000000,82.6679,82.8577,81.1688,82.209,101066.37965154,0
KOF.US,D,20131112,000000,82.2501,84.074,81.8166,84.0486,136099.04555431,0
KOF.US,D,20131113,000000,83.6719,84.6298,83.1973,83.6396,76246.124202859,0
KOF.US,D,20131114,000000,83.7727,85.1113,83.6562,84.259,65804.795511826,0
KOF.US,D,20131115,000000,84.8236,86.1084,84.3784,85.5428,124415.01786276,0
KOF.US,D,20131118,000000,86.0487,86.1857,85.1533,85.3119,82659.922662772,0
KOF.US,D,20131119,000000,85.0281,85.7659,80.6111,83.4478,163734.79092603,0
KOF.US,D,20131120,000000,83.4223,85.2688,81.664,84.4459,266987.13534904,0
KOF.US,D,20131121,000000,84.4038,84.5887,82.3734,83.1572,162209.00999859,0
KOF.US,D,20131122,000000,83.0486,83.5642,82.3411,82.9889,115947.08700889,0
KOF.US,D,20131125,000000,82.9644,83.5985,82.6679,83.0554,98247.823859241,0
KOF.US,D,20131126,000000,82.8323,83.8725,81.2677,83.6073,127919.30640945,0
KOF.US,D,20131127,000000,83.622,86.1593,82.9321,85.8941,155106.41291503,0
KOF.US,D,20131129,000000,86.1945,89.7181,85.9616,89.1701,134077.61576564,0
KOF.US,D,20131202,000000,88.719,88.719,86.6984,86.7424,100042.37932381,0
KOF.US,D,20131203,000000,86.8012,87.2386,84.715,86.6651,85051.300673638,0
KOF.US,D,20131204,000000,85.7659,86.8873,85.1533,86.3227,112188.33131489,0
KOF.US,D,20131205,000000,86.2189,87.4538,85.9616,86.7424,75391.768640003,0
KOF.US,D,20131206,000000,87.5801,89.1525,86.6916,86.716,96581.012946539,0
KOF.US,D,20131209,000000,87.0928,88.993,87.0928,88.4548,61364.394889085,0
KOF.US,D,20131210,000000,88.4196,89.4529,88.127,89.2944,101340.26397073,0
KOF.US,D,20131211,000000,89.0116,90.406,88.7543,89.3649,148643.56054721,0
KOF.US,D,20131212,000000,89.0645,89.7181,86.9049,88.127,41216.524169332,0
KOF.US,D,20131213,000000,88.7641,89.6291,87.4949,87.9607,158091.54760296,0
KOF.US,D,20131216,000000,88.3668,89.6477,87.8472,88.2865,83587.859087501,0
KOF.US,D,20131217,000000,88.3844,88.6398,86.5614,87.3932,162760.86646263,0
KOF.US,D,20131218,000000,87.2894,89.7798,84.757,88.9226,193738.40931108,0
KOF.US,D,20131219,000000,87.6075,89.1701,87.5977,88.9568,128935.13108586,0
KOF.US,D,20131220,000000,89.0204,90.5665,88.9059,89.3296,171365.73947609,0
KOF.US,D,20131223,000000,89.5586,90.2749,88.9412,90.0625,55311.347043633,0
KOF.US,D,20131224,000000,89.7895,89.9207,89.3208,89.6124,35654.015403031,0
KOF.US,D,20131226,000000,89.7279,89.7279,88.7464,88.8707,163088.91447182,0
KOF.US,D,20131227,000000,88.9314,89.4705,88.0576,89.3208,93017.450927783,0
KOF.US,D,20131230,000000,89.6829,90.6027,89.5058,89.9207,64142.072424784,0
KOF.US,D,20131231,000000,89.7895,90.2563,88.5527,89.6477,24669.005899271,0
KOF.US,D,20140102,000000,88.5175,89.3032,86.947,87.2826,37538.503032107,0
KOF.US,D,20140103,000000,87.7014,88.2151,87.0673,87.6916,33418.996723645,0
KOF.US,D,20140106,000000,88.1368,88.1368,85.4743,85.7571,64213.609373827,0
KOF.US,D,20140107,000000,85.9704,88.8874,85.9107,88.5341,124861.61281607,0
KOF.US,D,20140108,000000,87.9069,88.4196,85.6113,86.3295,126941.29412039,0
KOF.US,D,20140109,000000,86.0487,86.7503,84.943,86.1945,118745.20367289,0
KOF.US,D,20140110,000000,86.5712,87.7523,86.5712,87.1358,135083.2208779,0
KOF.US,D,20140113,000000,87.3247,87.3247,85.8843,86.2708,39788.851057717,0
KOF.US,D,20140114,000000,86.7327,86.7327,84.4283,84.943,129219.2349692,0
KOF.US,D,20140115,000000,84.8334,84.8334,82.1346,82.6845,121917.35638474,0
KOF.US,D,20140116,000000,82.3567,83.1816,81.6326,81.7002,92667.941833887,0
KOF.US,D,20140117,000000,81.708,81.8225,80.8694,81.4624,119704.82074648,0
KOF.US,D,20140121,000000,81.3577,82.8411,80.1433,81.025,110978.33491965,0
KOF.US,D,20140122,000000,80.8224,81.3166,79.8165,80.9506,100989.73292042,0
KOF.US,D,20140123,000000,80.7334,80.7334,79.0513,80.4614,154907.13141413,0
KOF.US,D,20140124,000000,79.0826,79.6639,76.7812,78.2069,214374.77519716,0
KOF.US,D,20140127,000000,77.9192,78.7597,75.2234,75.8848,193933.60298633,0
KOF.US,D,20140128,000000,76.4074,77.7695,76.288,77.0816,161749.12961188,0
KOF.US,D,20140129,000000,76.0375,76.789,75.3046,76.0297,99601.916108984,0
KOF.US,D,20140130,000000,76.7342,79.2734,76.7342,78.657,154245.92561369,0
KOF.US,D,20140131,000000,77.5199,78.7675,76.6686,78.2069,168219.13567461,0
KOF.US,D,20140203,000000,77.9192,78.7431,76.1608,76.1901,44033.036048796,0
KOF.US,D,20140204,000000,77.1452,77.2342,76.2821,76.4847,61644.410946768,0
KOF.US,D,20140205,000000,76.196,76.5874,74.7253,75.3212,119132.52515414,0
KOF.US,D,20140206,000000,75.3946,77.4436,75.3418,75.6882,88208.124039264,0
KOF.US,D,20140207,000000,75.6285,76.9739,74.8016,75.7713,87296.538917173,0
KOF.US,D,20140210,000000,75.1324,75.7322,74.9083,75.0648,49822.419139205,0
KOF.US,D,20140211,000000,75.1774,76.4426,74.7703,76.1833,97100.166805309,0
KOF.US,D,20140212,000000,76.0453,77.0268,75.7205,76.0678,62948.42733218,0
KOF.US,D,20140213,000000,76.2048,78.0503,75.8408,77.8311,127696.519911,0
KOF.US,D,20140214,000000,77.5747,79.0914,76.9514,78.7274,83711.515813704,0
KOF.US,D,20140218,000000,79.5523,80.7735,78.5298,80.1678,191910.12928483,0
KOF.US,D,20140219,000000,80.4555,80.4555,76.9201,77.4739,187861.13796899,0
KOF.US,D,20140220,000000,78.608,79.0993,77.1119,78.4006,134733.711784,0
KOF.US,D,20140221,000000,78.6335,78.885,77.1187,77.4143,60087.971326875,0
KOF.US,D,20140224,000000,77.3732,77.4984,75.058,75.3946,115101.92905377,0
KOF.US,D,20140225,000000,75.7205,75.7205,72.143,72.873,159985.23283977,0
KOF.US,D,20140226,000000,72.3632,72.4962,68.7564,68.8239,282382.90873951,0
KOF.US,D,20140227,000000,69.0147,71.6214,68.544,71.4942,227202.37211698,0
KOF.US,D,20140228,000000,71.2966,71.9091,70.0832,71.3846,144362.58512519,0
KOF.US,D,20140303,000000,69.9276,70.9668,69.6771,70.7457,133419.47583444,0
KOF.US,D,20140304,000000,72.0696,72.3876,70.2085,71.3846,181615.96231754,0
KOF.US,D,20140305,000000,71.1273,72.0549,70.7819,71.6948,192485.49074641,0
KOF.US,D,20140306,000000,71.6948,74.9005,70.6782,73.8936,267955.95003037,0
KOF.US,D,20140307,000000,73.7262,73.8437,70.3474,70.4864,189431.88497869,0
KOF.US,D,20140310,000000,70.4208,70.8621,68.7505,70.5764,160714.90972,0
KOF.US,D,20140311,000000,70.8181,71.8631,70.4864,71.4942,76885.868918587,0
KOF.US,D,20140312,000000,71.4434,72.0119,69.5088,69.8171,141904.77994735,0
KOF.US,D,20140313,000000,70.1556,70.3905,68.5734,68.957,135848.66623266,0
KOF.US,D,20140314,000000,68.9648,70.0911,68.1976,69.684,109199.10880131,0
KOF.US,D,20140317,000000,69.8259,70.5089,69.8259,70.4071,53620.009176973,0
KOF.US,D,20140318,000000,70.731,73.1147,70.3474,72.5432,223072.64624437,0
KOF.US,D,20140319,000000,72.1792,73.5481,71.2897,71.5843,153030.81943637,0
KOF.US,D,20140320,000000,71.2897,73.784,71.0314,73.2693,166384.72390987,0
KOF.US,D,20140321,000000,73.6088,75.0355,73.3202,73.9748,200995.32181329,0
KOF.US,D,20140324,000000,74.1225,74.8163,72.3632,73.3652,124289.31722372,0
KOF.US,D,20140325,000000,74.1754,75.0883,73.4474,75.0443,71141.451910434,0
KOF.US,D,20140326,000000,75.1099,75.6715,74.3104,74.7175,63030.183845372,0
KOF.US,D,20140327,000000,74.4513,76.0541,74.4513,75.6197,112868.95428722,0
KOF.US,D,20140328,000000,75.4983,77.5278,75.4983,77.2342,102576.83123276,0
KOF.US,D,20140331,000000,77.2978,77.8791,76.0991,77.6843,138809.27396662,0
KOF.US,D,20140401,000000,77.4984,77.606,76.6911,76.9201,90755.861381609,0
KOF.US,D,20140402,000000,77.0268,77.7528,76.5923,77.5982,128740.95936703,0
KOF.US,D,20140403,000000,77.8311,77.8791,74.5394,75.4103,148665.02163192,0
KOF.US,D,20140404,000000,75.2909,76.6236,74.3329,74.8408,133861.98296209,0
KOF.US,D,20140407,000000,74.8163,76.2224,74.8163,76.2224,112161.7604481,0
KOF.US,D,20140408,000000,76.3721,78.8145,76.3721,78.4163,96964.246602127,0
KOF.US,D,20140409,000000,78.338,79.5044,77.5062,79.248,98857.931838937,0
KOF.US,D,20140410,000000,78.7675,80.6189,78.7675,79.9427,104129.18302699,0
KOF.US,D,20140411,000000,79.7196,79.7196,78.246,79.248,71977.412257822,0
KOF.US,D,20140414,000000,79.5523,80.7177,79.0738,80.4007,65937.649845763,0
KOF.US,D,20140415,000000,80.3831,80.4144,78.019,79.5601,162596.33147983,0
KOF.US,D,20140416,000000,79.9202,82.9145,79.5122,82.3567,147001.27658846,0
KOF.US,D,20140417,000000,82.4712,82.4712,80.5778,81.7745,52898.507948054,0
KOF.US,D,20140421,000000,81.162,82.5955,81.162,82.3655,49567.951991895,0
KOF.US,D,20140422,000000,82.2589,82.2589,80.9428,81.2177,65592.228577527,0
KOF.US,D,20140423,000000,80.9927,80.9927,80.0484,80.7813,111165.35294358,0
KOF.US,D,20140424,000000,80.2559,81.3401,79.8566,80.4702,184498.90136397,0
KOF.US,D,20140425,000000,79.9917,80.6355,78.3703,79.0591,109060.12272888,0
KOF.US,D,20140428,000000,79.0591,80.1032,78.4936,79.7607,82854.094381603,0
KOF.US,D,20140429,000000,79.5044,82.1845,79.4799,81.7814,142805.12354888,0
KOF.US,D,20140430,000000,81.5514,83.6484,81.0739,83.2814,143840.36539717,0
KOF.US,D,20140501,000000,83.0486,83.4478,81.8401,82.5613,79878.157301414,0
KOF.US,D,20140502,000000,82.2246,84.8999,81.7501,84.7991,71528.773391681,0
KOF.US,D,20140505,000000,84.1934,84.531,83.0221,84.1504,41856.268885059,0
KOF.US,D,20140506,000000,84.167,86.4841,83.2726,85.5761,74289.077668326,0
KOF.US,D,20140507,000000,85.3119,88.1368,84.5379,87.5732,117713.02769384,0
KOF.US,D,20140508,000000,87.1877,88.9226,87.0839,87.402,119391.08012711,0
KOF.US,D,20140509,000000,87.3589,88.3306,87.0497,88.1456,71993.76356046,0
KOF.US,D,20140512,000000,89.0283,89.6212,88.3306,89.4353,73084.191055159,0
KOF.US,D,20140513,000000,89.6731,90.9853,89.585,90.0449,67597.30706356,0
KOF.US,D,20140514,000000,90.3189,90.9031,89.6574,90.2397,75636.016223164,0
KOF.US,D,20140515,000000,89.8062,90.1066,87.2982,87.7523,75052.479110256,0
KOF.US,D,20140516,000000,87.6075,89.3903,87.6075,88.8874,290131.38227728,0
KOF.US,D,20140519,000000,88.9764,88.9764,87.4783,88.401,114221.00262413,0
KOF.US,D,20140520,000000,88.1544,88.3932,87.2219,87.2982,84075.332297408,0
KOF.US,D,20140521,000000,87.4949,88.4813,85.9273,87.0673,157411.94658705,0
KOF.US,D,20140522,000000,87.2894,87.9157,86.5526,87.3325,95500.80501599,0
KOF.US,D,20140523,000000,87.1955,87.3491,86.3735,86.6387,144552.66901836,0
KOF.US,D,20140527,000000,87.0076,87.6319,86.4332,86.5115,58355.75520362,0
KOF.US,D,20140528,000000,86.5017,88.0312,86.4929,87.5898,140178.69556259,0
KOF.US,D,20140529,000000,87.5732,88.7817,86.5878,86.8354,95392.477636011,0
KOF.US,D,20140530,000000,86.9548,87.3589,85.3882,85.7825,67049.538425174,0
KOF.US,D,20140602,000000,85.7052,87.1701,85.4567,86.716,58298.525644385,0
KOF.US,D,20140603,000000,87.1016,87.1016,85.4743,86.4244,139093.37784996,0
KOF.US,D,20140604,000000,86.4763,86.8266,85.3794,85.9273,166997.89775881,0
KOF.US,D,20140605,000000,84.9508,85.9029,84.5379,85.2512,214387.03867414,0
KOF.US,D,20140606,000000,85.6289,85.9958,85.0868,85.6798,216009.905461,0
KOF.US,D,20140609,000000,85.8598,86.5712,85.4841,86.2101,207761.69523634,0
KOF.US,D,20140610,000000,86.1338,86.443,85.5761,85.8168,75316.1438653,0
KOF.US,D,20140611,000000,85.7659,85.7737,84.8588,85.6798,136839.96395511,0
KOF.US,D,20140612,000000,85.7228,86.1426,84.6807,84.8236,116279.22284374,0
KOF.US,D,20140613,000000,84.9077,86.1945,82.4468,82.9057,128560.07308159,0
KOF.US,D,20140616,000000,83.0486,83.0486,81.3225,82.0681,150950.11617563,0
KOF.US,D,20140617,000000,82.1444,82.1444,80.6688,81.0661,120509.10044501,0
KOF.US,D,20140618,000000,81.2765,81.889,81.2765,81.8078,199117.98787912,0
KOF.US,D,20140619,000000,81.6923,82.1757,81.6923,81.8313,157980.15435373,0
KOF.US,D,20140620,000000,82.0681,82.4223,81.7657,82.1591,213019.660991,0
KOF.US,D,20140623,000000,82.1924,83.165,81.4937,82.7354,88931.669181013,0
KOF.US,D,20140624,000000,83.1063,83.1063,82.0211,82.4468,71998.873342535,0
KOF.US,D,20140625,000000,82.5123,84.3363,82.5123,84.1934,120340.47763655,0
KOF.US,D,20140626,000000,84.4782,84.9596,83.7727,84.715,81925.136000459,0
KOF.US,D,20140627,000000,84.6993,85.3197,84.1093,84.7316,62226.926103261,0
KOF.US,D,20140630,000000,85.1367,85.1367,83.4057,84.5212,73734.155335035,0
KOF.US,D,20140701,000000,84.9175,84.9175,82.9145,83.53,47628.278716414,0
KOF.US,D,20140702,000000,83.3147,84.5975,83.0818,84.5643,43154.153531982,0
KOF.US,D,20140703,000000,84.3265,86.1857,84.2776,85.9704,27657.206456439,0
KOF.US,D,20140707,000000,86.0223,86.9049,85.4645,85.6974,37016.283304093,0
KOF.US,D,20140708,000000,85.713,85.8001,84.3686,85.1367,25989.373587322,0
KOF.US,D,20140709,000000,85.5682,85.808,84.1758,85.3882,44259.910372904,0
KOF.US,D,20140710,000000,85.3539,85.8774,84.5212,85.6543,50254.706702708,0
KOF.US,D,20140711,000000,85.398,86.0487,84.757,85.0281,25950.539243556,0
KOF.US,D,20140714,000000,85.2512,86.0144,85.1612,85.9802,20707.902835119,0
KOF.US,D,20140715,000000,85.6876,86.5526,85.3637,85.5761,58596.936917536,0
KOF.US,D,20140716,000000,86.1338,87.0761,85.5428,86.9988,61320.450763245,0
KOF.US,D,20140717,000000,86.8442,86.9127,85.7571,85.8677,60018.478290662,0
KOF.US,D,20140718,000000,85.6798,87.719,85.6798,86.7924,51315.497461374,0
KOF.US,D,20140721,000000,86.7248,86.7248,85.8001,86.2874,59615.827463191,0
KOF.US,D,20140722,000000,86.8266,86.8266,85.7404,86.0487,64270.838933061,0
KOF.US,D,20140723,000000,86.3569,87.719,85.7228,86.2874,63850.814846537,0
KOF.US,D,20140724,000000,86.4156,87.0595,86.0751,86.399,71514.466001872,0
KOF.US,D,20140725,000000,86.0144,86.4587,84.5379,84.8588,60837.065378997,0
KOF.US,D,20140728,000000,84.8167,85.9029,84.4782,85.3119,40134.272325953,0
KOF.US,D,20140729,000000,85.4224,85.6191,83.7971,83.9057,28375.641816113,0
KOF.US,D,20140730,000000,84.2189,84.7991,81.8078,82.0446,50328.28756458,0
KOF.US,D,20140731,000000,81.2999,81.2999,78.2303,79.3918,135760.77798098,0
KOF.US,D,20140801,000000,78.9877,81.1688,78.8312,80.9506,66244.236770233,0
KOF.US,D,20140804,000000,80.7735,81.7569,80.1512,81.5915,44584.892512842,0
KOF.US,D,20140805,000000,81.0162,81.3498,80.023,81.2109,46182.210389331,0
KOF.US,D,20140806,000000,80.9761,81.8978,80.4555,81.5416,37347.397182521,0
KOF.US,D,20140807,000000,81.7814,81.7814,80.3664,80.7412,56329.215632873,0
KOF.US,D,20140808,000000,80.5553,81.2432,79.9369,80.8136,46928.238572208,0
KOF.US,D,20140811,000000,81.3313,82.2814,80.6913,82.0681,37530.327380788,0
KOF.US,D,20140812,000000,81.6326,82.7423,81.615,82.3245,46404.996887779,0
KOF.US,D,20140813,000000,82.8088,83.9312,82.2814,82.7589,65826.256596539,0
KOF.US,D,20140814,000000,82.8812,83.2325,82.1444,82.6454,198337.21317813,0
KOF.US,D,20140815,000000,82.6943,82.9399,81.7501,82.1023,36645.313125484,0
KOF.US,D,20140818,000000,82.5701,82.8812,82.1924,82.529,35588.610192478,0
KOF.US,D,20140819,000000,82.3655,82.8166,81.6551,82.438,57301.096183443,0
KOF.US,D,20140820,000000,82.2246,82.5613,81.0886,81.7814,132253.42356504,0
KOF.US,D,20140821,000000,82.1591,82.1591,81.2999,81.615,56975.09208709,0
KOF.US,D,20140822,000000,81.4526,81.4526,80.1766,80.4007,54348.664100797,0
KOF.US,D,20140825,000000,80.7256,80.7256,80.0396,80.1991,120066.59331736,0
KOF.US,D,20140826,000000,80.4702,80.798,80.3351,80.4702,117498.41684671,0
KOF.US,D,20140827,000000,80.4946,81.3401,80.4946,81.3166,212482.11191676,0
KOF.US,D,20140828,000000,81.3401,81.4526,80.9203,81.1385,141290.584142,0
KOF.US,D,20140829,000000,81.4046,81.5514,80.659,80.8293,195939.70342878,0
KOF.US,D,20140902,000000,80.7177,81.4624,80.3508,81.4526,50092.215632738,0
KOF.US,D,20140903,000000,81.9125,81.9467,80.5856,80.9927,106704.51319254,0
KOF.US,D,20140904,000000,81.2354,81.2354,80.5181,80.7177,205177.16746306,0
KOF.US,D,20140905,000000,80.8557,81.4771,80.3439,80.4555,41078.56005332,0
KOF.US,D,20140908,000000,79.929,80.5181,79.3273,79.5601,84001.751435535,0
KOF.US,D,20140909,000000,79.2646,79.2646,78.019,78.1041,71035.168443284,0
KOF.US,D,20140910,000000,77.9642,78.4397,77.3732,77.4289,123552.48664858,0
KOF.US,D,20140911,000000,77.3115,77.7068,77.0199,77.3193,107968.67327777,0
KOF.US,D,20140912,000000,77.0747,77.4143,76.4847,77.2342,117785.5865993,0
KOF.US,D,20140915,000000,77.4221,77.8096,76.9955,77.4221,102481.78928617,0
KOF.US,D,20140916,000000,77.4436,78.1119,77.4436,77.8791,90212.180568883,0
KOF.US,D,20140917,000000,78.0503,78.6022,76.6403,77.1892,71458.258399053,0
KOF.US,D,20140918,000000,77.2283,77.3526,75.9465,76.6314,73445.963626033,0
KOF.US,D,20140919,000000,76.7655,77.0747,75.9533,76.471,112910.85450023,0
KOF.US,D,20140922,000000,76.2958,76.3428,75.5159,76.0297,59777.296576746,0
KOF.US,D,20140923,000000,75.9093,76.106,74.65,74.9161,75005.469115171,0
KOF.US,D,20140924,000000,74.6676,75.7478,74.4229,75.2909,92885.618550261,0
KOF.US,D,20140925,000000,74.5394,75.013,73.8114,73.872,97686.769787461,0
KOF.US,D,20140926,000000,74.1597,74.1754,73.4102,74.1313,68014.26528084,0
KOF.US,D,20140929,000000,73.2761,74.1519,72.9552,74.0032,80501.550714503,0
KOF.US,D,20140930,000000,73.7977,74.9885,72.8955,74.923,83424.346061117,0
KOF.US,D,20141001,000000,74.466,74.6676,73.3192,73.8632,88429.888581297,0
KOF.US,D,20141002,000000,73.692,74.5022,73.3192,73.9914,104326.42061507,0
KOF.US,D,20141003,000000,74.3848,75.3046,74.1597,75.2067,122408.91742031,0
KOF.US,D,20141006,000000,76.0903,76.425,74.9161,76.106,150783.53728001,0
KOF.US,D,20141007,000000,76.0218,76.1138,75.4259,75.9533,174649.28543717,0
KOF.US,D,20141008,000000,76.1432,76.1833,75.3946,75.7028,250113.61298263,0
KOF.US,D,20141009,000000,75.8017,75.8017,74.4963,74.6304,40272.236441964,0
KOF.US,D,20141010,000000,74.4591,74.9954,74.1225,74.2791,99090.937901534,0
KOF.US,D,20141013,000000,74.4288,75.0648,72.8955,72.9102,61583.093561874,0
KOF.US,D,20141014,000000,72.8886,73.1792,72.6655,72.918,42152.63624538,0
KOF.US,D,20141015,000000,73.3045,73.6254,70.7682,71.8534,220933.69146799,0
KOF.US,D,20141016,000000,70.5451,71.5578,69.9051,71.1557,135118.98935242,0
KOF.US,D,20141017,000000,71.8103,73.2311,71.8103,72.553,48626.730133772,0
KOF.US,D,20141020,000000,71.5197,74.8232,71.5197,74.0423,70005.036377065,0
KOF.US,D,20141021,000000,74.3848,75.6882,73.8329,75.4484,74260.462888708,0
KOF.US,D,20141022,000000,75.4631,76.5023,75.3652,76.3898,79723.841882764,0
KOF.US,D,20141023,000000,76.244,77.0356,76.244,76.5473,75500.096019982,0
KOF.US,D,20141024,000000,76.5258,77.0052,75.9827,76.3428,57345.040309284,0
KOF.US,D,20141027,000000,75.9152,76.5923,75.8163,76.4025,46481.643618897,0
KOF.US,D,20141028,000000,76.5923,78.1041,76.5923,77.6295,78833.717845386,0
KOF.US,D,20141029,000000,77.5199,78.2998,77.1119,77.8791,44890.457480897,0
KOF.US,D,20141030,000000,77.4436,78.8693,77.4436,78.8537,67422.552516613,0
KOF.US,D,20141031,000000,79.1775,79.5288,78.6883,79.5122,33353.591513091,0
KOF.US,D,20141103,000000,78.9574,79.1991,77.1187,77.4906,87260.770442651,0
KOF.US,D,20141104,000000,77.1187,78.9329,77.1187,77.8791,97864.590203654,0
KOF.US,D,20141105,000000,78.3233,78.3233,77.336,77.8791,58497.807145291,0
KOF.US,D,20141106,000000,77.8008,78.2127,77.3829,77.5199,46459.160577769,0
KOF.US,D,20141107,000000,78.0806,79.1374,78.0806,78.4877,76385.110275286,0
KOF.US,D,20141110,000000,78.7675,78.9104,77.3272,78.0806,35071.500246538,0
KOF.US,D,20141111,000000,77.9192,77.974,76.7958,77.0884,30889.654596767,0
KOF.US,D,20141112,000000,76.7655,77.926,76.6549,77.0131,52550.020810573,0
KOF.US,D,20141113,000000,77.105,77.1667,75.4191,75.605,70448.565461131,0
KOF.US,D,20141114,000000,75.6529,76.2958,75.1774,75.9387,22540.270687034,0
KOF.US,D,20141117,000000,75.9387,77.9104,75.9387,77.4906,62707.245618264,0
KOF.US,D,20141118,000000,77.7156,77.9397,75.559,76.4573,139690.20039627,0
KOF.US,D,20141119,000000,76.5561,76.835,76.0903,76.789,53185.677700641,0
KOF.US,D,20141120,000000,76.2126,76.9514,75.8486,76.2498,45535.311978699,0
KOF.US,D,20141121,000000,77.1569,77.3448,76.2048,77.0268,64263.685238157,0
KOF.US,D,20141124,000000,77.0356,77.0356,75.4396,75.9758,33999.467967308,0
KOF.US,D,20141125,000000,75.5394,76.0903,74.6891,74.7106,55625.087663007,0
KOF.US,D,20141126,000000,74.875,76.3898,74.875,76.1755,57673.088318467,0
KOF.US,D,20141128,000000,75.923,76.2586,74.8486,75.1324,43615.055875102,0
KOF.US,D,20141201,000000,74.5316,74.7351,71.5402,71.8631,114841.33016797,0
KOF.US,D,20141202,000000,71.96,72.4933,70.2623,70.9091,126947.42585888,0
KOF.US,D,20141203,000000,71.368,71.368,69.549,70.001,62052.171556313,0
KOF.US,D,20141204,000000,70.0832,70.3073,69.2094,69.3836,50629.764706976,0
KOF.US,D,20141205,000000,69.0147,69.4814,68.5342,69.0078,66481.33065849,0
KOF.US,D,20141208,000000,69.1067,69.3699,68.406,68.6311,117954.20940776,0
KOF.US,D,20141209,000000,68.3786,68.4589,66.7974,67.2798,96397.060791857,0
KOF.US,D,20141210,000000,67.2054,67.2054,64.4391,64.8002,85155.540227957,0
KOF.US,D,20141211,000000,64.6035,65.3042,63.6113,64.8452,178433.59004154,0
KOF.US,D,20141212,000000,64.2885,64.3795,63.7992,63.9127,50424.351467581,0
KOF.US,D,20141215,000000,63.7923,64.1162,62.4782,63.8383,152042.58758316,0
KOF.US,D,20141216,000000,62.8549,64.8971,62.6749,63.2894,118096.26134943,0
KOF.US,D,20141217,000000,63.1475,65.7464,63.1475,64.8139,143780.0699687,0
KOF.US,D,20141218,000000,65.2513,68.5577,65.0096,67.8561,145719.74324418,0
KOF.US,D,20141219,000000,68.0078,68.4511,66.5136,67.0625,63835.485500314,0
KOF.US,D,20141222,000000,67.0988,67.9569,66.5567,67.0146,40084.196461623,0
KOF.US,D,20141223,000000,66.9559,67.1526,66.1437,66.6105,51671.138293759,0
KOF.US,D,20141224,000000,66.2553,66.3639,65.6642,66.2709,38685.138129625,0
KOF.US,D,20141226,000000,66.3384,66.357,65.6408,65.6408,21632.773390603,0
KOF.US,D,20141229,000000,65.4235,66.4686,65.4235,66.2112,41683.558250941,0
KOF.US,D,20141230,000000,65.9793,67.0684,65.1535,65.8893,127238.68343712,0
KOF.US,D,20141231,000000,66.1437,66.1437,64.2346,65.0174,78171.490088531,0
KOF.US,D,20150102,000000,64.9636,64.9636,63.9969,64.2209,111630.34311236,0
KOF.US,D,20150105,000000,63.6192,64.2131,62.3872,63.4176,74693.772408626,0
KOF.US,D,20150106,000000,63.6436,65.0331,63.2219,64.5292,85388.546290555,0
KOF.US,D,20150107,000000,65.2582,65.8805,63.9284,65.0644,81866.884484809,0
KOF.US,D,20150108,000000,65.7699,66.5968,65.5057,65.86,60015.412421417,0
KOF.US,D,20150109,000000,65.7768,67.7201,65.7768,67.3003,81391.674751881,0
KOF.US,D,20150112,000000,67.1526,67.5352,66.3169,66.5811,79360.025399059,0
KOF.US,D,20150113,000000,66.9422,68.4648,66.4539,67.5665,87152.443062672,0
KOF.US,D,20150114,000000,67.2348,68.0244,66.5733,66.903,111331.93183921,0
KOF.US,D,20150115,000000,67.1741,67.1976,64.0399,64.0918,102482.81124259,0
KOF.US,D,20150116,000000,64.034,65.5958,64.034,65.3462,35781.759954894,0
KOF.US,D,20150120,000000,66.2445,66.2445,65.0703,65.3922,73677.947732215,0
KOF.US,D,20150121,000000,65.3042,66.2445,64.4391,65.3257,81801.479274256,0
KOF.US,D,20150122,000000,65.3922,68,65.176,65.6799,134266.67770239,0
KOF.US,D,20150123,000000,65.1672,65.2122,64.1466,64.3716,86312.394889624,0
KOF.US,D,20150126,000000,64.1916,64.3403,63.5389,64.2669,89289.353926228,0
KOF.US,D,20150127,000000,63.4704,65.22,63.4391,64.9353,66962.672129908,0
KOF.US,D,20150128,000000,65.0928,65.1251,63.4019,63.7992,69430.696871891,0
KOF.US,D,20150129,000000,63.763,63.8452,62.7267,62.8745,83244.481732094,0
KOF.US,D,20150130,000000,62.5154,62.5154,60.5241,61.0868,155290.36506971,0
KOF.US,D,20150202,000000,61.0417,62.2443,60.4938,62.0868,43154.153531982,0
KOF.US,D,20150203,000000,62.303,63.717,62.1171,62.9068,92400.189253184,0
KOF.US,D,20150204,000000,62.8373,62.8823,61.0046,61.622,131816.02621946,0
KOF.US,D,20150205,000000,61.4791,62.6514,60.8098,62.2306,166923.29494052,0
KOF.US,D,20150206,000000,62.4166,62.9587,61.852,61.8754,123816.15140362,0
KOF.US,D,20150209,000000,62.0271,62.2893,61.4028,61.9958,94674.042276336,0
KOF.US,D,20150210,000000,62.2668,62.8001,61.757,62.4851,100206.9143066,0
KOF.US,D,20150211,000000,62.4625,62.4704,61.2443,62.1935,170952.86908447,0
KOF.US,D,20150212,000000,62.4038,63.4557,62.3725,63.2131,80842.884157079,0
KOF.US,D,20150213,000000,63.1681,63.6867,62.6416,63.6583,49808.111749396,0
KOF.US,D,20150217,000000,63.6583,63.6583,62.8148,63.2737,74630.411110902,0
KOF.US,D,20150218,000000,63.1475,63.9284,62.9587,63.808,93866.696708565,0
KOF.US,D,20150219,000000,63.717,64.6485,63.4626,64.0556,37787.860397342,0
KOF.US,D,20150220,000000,63.7532,65.7523,63.7532,65.6046,125809.98836909,0
KOF.US,D,20150223,000000,65.7611,66.0243,65.04,65.5586,134236.01900994,0
KOF.US,D,20150224,000000,65.5586,66.4089,64.5595,65.6799,131101.67868545,0
KOF.US,D,20150225,000000,65.4147,65.4147,63.5898,64.6407,180339.53875533,0
KOF.US,D,20150226,000000,64.4548,66.6163,64.356,66.3482,145914.93691942,0
KOF.US,D,20150227,000000,66.3032,66.6643,64.8374,64.8501,162316.31542215,0
KOF.US,D,20150302,000000,64.4235,64.5135,62.1983,62.214,147444.80567253,0
KOF.US,D,20150303,000000,62.2306,62.2306,60.4272,61.1719,167670.34507981,0
KOF.US,D,20150304,000000,60.8304,60.8304,59.8851,59.9527,90355.254466969,0
KOF.US,D,20150305,000000,59.9321,61.2237,59.6836,60.9224,111780.57070535,0
KOF.US,D,20150306,000000,59.9986,60.5603,59.4419,60.163,165673.4422451,0
KOF.US,D,20150309,000000,60.1112,60.1112,58.7941,59.2599,114044.20416435,0
KOF.US,D,20150310,000000,59.207,59.207,58.5769,59.0133,78247.114863233,0
KOF.US,D,20150311,000000,58.8332,60.118,58.4271,59.7658,132406.71702727,0
KOF.US,D,20150312,000000,60.4644,62.1093,60.028,61.802,102995.83336287,0
KOF.US,D,20150313,000000,61.5085,61.5232,60.3724,61.4547,68664.229560716,0
KOF.US,D,20150316,000000,61.3803,61.8226,60.9517,61.0114,150637.39751267,0
KOF.US,D,20150317,000000,60.6738,61.3128,60.3666,61.2962,112975.23775437,0
KOF.US,D,20150318,000000,61.0271,61.7717,59.5632,61.6142,165539.56595475,0
KOF.US,D,20150319,000000,61.2893,61.7169,59.5544,59.7658,134538.51810876,0
KOF.US,D,20150320,000000,60.0212,61.6582,59.983,61.3725,386974.01606603,0
KOF.US,D,20150323,000000,61.4498,62.3275,61.4498,62.079,116040.08504265,0
KOF.US,D,20150324,000000,61.8754,62.214,61.53,61.575,56158.548911585,0
KOF.US,D,20150325,000000,62.0721,62.0721,60.0965,60.1572,88360.395545084,0
KOF.US,D,20150326,000000,60.1846,60.1846,58.8254,59.2403,130407.77027973,0
KOF.US,D,20150327,000000,59.207,60.0965,58.7579,59.1023,70128.693103268,0
KOF.US,D,20150330,000000,59.2677,60.1777,59.0661,59.6836,77047.338032141,0
KOF.US,D,20150331,000000,59.3215,60.3274,59.0495,60.0123,84165.264461919,0
KOF.US,D,20150401,000000,60.2325,60.7345,59.5544,60.1112,122293.43634542,0
KOF.US,D,20150402,000000,60.2443,61.3373,59.8333,61.26,122558.12305688,0
KOF.US,D,20150406,000000,61.7776,63.1847,61.666,61.9821,126681.717191,0
KOF.US,D,20150407,000000,61.852,63.808,61.852,63.5223,72062.234640259,0
KOF.US,D,20150408,000000,63.6113,63.6642,62.1299,62.3794,79443.825825081,0
KOF.US,D,20150409,000000,62.1299,62.8745,61.9283,62.4097,121852.9731306,0
KOF.US,D,20150410,000000,62.35,62.3725,61.2012,61.5369,91420.133051294,0
KOF.US,D,20150413,000000,61.3284,61.5897,60.1484,60.4938,75318.18777813,0
KOF.US,D,20150414,000000,60.7942,61.3578,60.1484,60.4478,72124.573981568,0
KOF.US,D,20150415,000000,60.4116,60.8255,59.9918,60.4194,118261.81828864,0
KOF.US,D,20150416,000000,60.4321,61.8617,60.0662,61.5545,113295.11011223,0
KOF.US,D,20150417,000000,61.1934,61.1934,59.0495,59.2912,111514.86203747,0
KOF.US,D,20150420,000000,59.4262,59.4497,58.4193,58.4193,93196.293300391,0
KOF.US,D,20150421,000000,58.5915,59.3274,58.023,58.8626,182523.45961397,0
KOF.US,D,20150422,000000,58.9516,59.0201,57.9702,58.7031,120297.55546712,0
KOF.US,D,20150423,000000,58.6003,59.2149,58.2706,59.1258,94216.205802461,0
KOF.US,D,20150424,000000,58.8861,59.3675,58.3508,58.7207,84313.44814208,0
KOF.US,D,20150427,000000,58.8332,59.5094,58.7579,59.3607,73325.372769075,0
KOF.US,D,20150428,000000,59.5935,60.0212,59.2677,59.4712,80620.097658631,0
KOF.US,D,20150429,000000,59.2237,61.5457,59.2237,61.1024,215977.20285572,0
KOF.US,D,20150430,000000,60.3088,61.0026,60.0348,60.8274,310524.52253661,0
KOF.US,D,20150501,000000,60.9556,61.5349,60.9028,61.3676,128204.4322492,0
KOF.US,D,20150504,000000,61.6044,61.62,61.0241,61.1093,104033.11912399,0
KOF.US,D,20150505,000000,61.0574,63.1035,61.0574,62.0907,133063.83500205,0
KOF.US,D,20150506,000000,62.5937,63.1876,61.1093,62.4342,131840.55317342,0
KOF.US,D,20150507,000000,62.0751,62.8354,61.0183,61.2071,98880.414880064,0
KOF.US,D,20150508,000000,61.8627,62.759,61.8314,62.4175,89192.268066812,0
KOF.US,D,20150511,000000,62.5173,62.6837,62.2492,62.5487,135952.90578698,0
KOF.US,D,20150512,000000,62.3725,62.3725,61.0085,61.0858,115219.45404149,0
KOF.US,D,20150513,000000,61.3911,63.7806,61.3911,63.7571,225812.51139272,0
KOF.US,D,20150514,000000,64.0155,64.7855,63.8794,64.3579,101405.66918128,0
KOF.US,D,20150515,000000,64.5028,65.2024,64.1162,65.1222,124854.45912116,0
KOF.US,D,20150518,000000,65.13,65.6173,64.763,65.4685,130299.44289975,0
KOF.US,D,20150519,000000,65.5693,65.6457,64.7082,65.5781,128079.75356659,0
KOF.US,D,20150520,000000,65.4862,66.269,65.402,65.9598,116899.55038758,0
KOF.US,D,20150521,000000,65.8218,65.8218,64.5116,64.6799,53593.438310186,0
KOF.US,D,20150522,000000,64.4059,64.7161,63.7278,63.8188,68304.500902671,0
KOF.US,D,20150526,000000,63.7738,63.9421,62.4254,62.6768,130969.84630792,0
KOF.US,D,20150527,000000,62.3119,63.3021,62.1964,63.2414,63313.2657723,0
KOF.US,D,20150528,000000,62.9127,63.6896,62.5692,63.4753,73326.39472549,0
KOF.US,D,20150529,000000,63.3315,65.219,62.9958,64.7484,220020.06243307,0
KOF.US,D,20150601,000000,65.0057,65.0057,62.1602,62.759,173060.143212,0
KOF.US,D,20150602,000000,62.8129,63.0418,62.2199,62.8295,154214.24496482,0
KOF.US,D,20150603,000000,63.034,63.034,61.7404,61.9087,68042.880060457,0
KOF.US,D,20150604,000000,61.9293,62.0525,60.8646,61.0183,92739.47878293,0
KOF.US,D,20150605,000000,60.531,61.6562,60.2257,60.6445,70140.956580247,0
KOF.US,D,20150608,000000,60.5456,61.2159,60.2775,60.7658,70669.30804675,0
KOF.US,D,20150609,000000,61.2541,61.757,60.8274,61.2365,85639.94756862,0
KOF.US,D,20150610,000000,61.4576,62.1905,60.8196,60.9184,97857.436508749,0
KOF.US,D,20150611,000000,61.1161,62.0692,60.9106,61.7032,83644.06669032,0
KOF.US,D,20150612,000000,61.7717,61.7717,60.8049,61.0241,42822.01769714,0
KOF.US,D,20150615,000000,60.6905,60.9106,60.1953,60.3245,71984.565952726,0
KOF.US,D,20150616,000000,60.3998,61.5594,60.2472,61.2071,59636.266591489,0
KOF.US,D,20150617,000000,61.7032,63.3696,61.6122,63.2865,240905.78568438,0
KOF.US,D,20150618,000000,63.8188,63.8188,62.2042,63.5223,165115.45404256,0
KOF.US,D,20150619,000000,63.3246,63.6055,61.8921,62.4048,97992.334755516,0
KOF.US,D,20150622,000000,62.7845,63.3843,62.6015,62.9655,68042.880060457,0
KOF.US,D,20150623,000000,63.1485,63.1485,62.5408,62.8217,110331.43650902,0
KOF.US,D,20150624,000000,62.6015,62.8892,62.4557,62.8217,86826.438966319,0
KOF.US,D,20150625,000000,62.9508,62.9508,62.122,62.4792,64362.815010402,0
KOF.US,D,20150626,000000,62.441,63.0663,62.1964,62.7307,132406.71702727,0
KOF.US,D,20150629,000000,61.7717,61.9694,60.3568,60.6445,81047.275440059,0
KOF.US,D,20150630,000000,60.9713,60.9713,59.4869,60.485,83953.719484035,0
KOF.US,D,20150701,000000,60.7736,61.1093,60.2032,60.8813,48734.035557336,0
KOF.US,D,20150702,000000,60.9028,62.1817,60.9028,61.7776,89192.268066812,0
KOF.US,D,20150706,000000,61.031,61.3226,60.85,61.2443,57535.124202455,0
KOF.US,D,20150707,000000,61.0183,62.0075,60.5231,61.9136,89586.743242964,0
KOF.US,D,20150708,000000,61.3911,61.7482,61.1934,61.4527,53331.817467971,0
KOF.US,D,20150709,000000,62.3725,62.3725,60.7364,60.9028,56484.553007938,0
KOF.US,D,20150710,000000,61.7032,61.9615,61.2609,61.4909,76055.018353273,0
KOF.US,D,20150713,000000,61.4204,62.0525,61.1709,61.2688,51097.820745,0
KOF.US,D,20150714,000000,61.7404,61.8921,61.0633,61.1709,120013.45158378,0
KOF.US,D,20150715,000000,61.2541,61.9019,61.0711,61.3441,94965.299854582,0
KOF.US,D,20150716,000000,61.4968,61.8774,60.621,60.8881,105872.64067081,0
KOF.US,D,20150717,000000,61.031,61.2903,60.1797,60.531,76318.683108317,0
KOF.US,D,20150720,000000,60.1425,61.0858,60.0035,60.8588,83412.082584138,0
KOF.US,D,20150721,000000,60.712,61.4909,59.6777,59.982,58189.176307991,0
KOF.US,D,20150722,000000,59.9732,60.164,57.568,58.0631,146069.25233807,0
KOF.US,D,20150723,000000,57.8126,59.254,56.61,57.2647,148036.51843675,0
KOF.US,D,20150724,000000,57.0357,57.4075,56.2901,56.3243,156707.81861718,0
KOF.US,D,20150727,000000,56.0611,56.9515,55.9016,56.2363,111258.35097733,0
KOF.US,D,20150728,000000,56.3742,56.6854,55.8703,56.0689,91161.578078325,0
KOF.US,D,20150729,000000,56.0083,57.7823,56.0083,57.1277,113645.64116254,0
KOF.US,D,20150730,000000,57.204,57.204,56.4417,56.4574,129253.98148731,0
KOF.US,D,20150731,000000,56.6169,58.1708,56.6169,57.5162,105083.69031851,0
KOF.US,D,20150803,000000,57.1952,58.0406,56.9378,57.9261,81925.136000459,0
KOF.US,D,20150804,000000,58.0856,58.2618,57.6003,57.9428,52410.012781732,0
KOF.US,D,20150805,000000,57.9565,58.1316,56.8468,57.3244,66993.330822355,0
KOF.US,D,20150806,000000,57.1805,57.2412,56.5787,56.9838,47262.41831988,0
KOF.US,D,20150807,000000,56.7999,57.523,56.7999,57.4026,46765.747502239,0
KOF.US,D,20150810,000000,57.7197,58.2931,57.4242,58.1639,63575.908570929,0
KOF.US,D,20150811,000000,57.3107,57.6815,56.3331,56.4271,69906.928561234,0
KOF.US,D,20150812,000000,56.5181,56.5181,55.6041,56.1208,67912.06963935,0
KOF.US,D,20150813,000000,55.9721,56.2646,55.3438,55.3849,49259.321154595,0
KOF.US,D,20150814,000000,55.4887,55.7949,55.0112,55.5581,126232.05636845,0
KOF.US,D,20150817,000000,55.2636,55.7793,55.0405,55.657,56350.676717586,0
KOF.US,D,20150818,000000,55.5268,55.6354,54.9045,55.0405,35992.282976363,0
KOF.US,D,20150819,000000,55.0112,55.064,53.8555,53.8996,140683.54203155,0
KOF.US,D,20150820,000000,53.7176,53.7459,53.1011,53.3663,95892.214322897,0
KOF.US,D,20150821,000000,52.7116,52.7792,51.6,51.8505,139367.26216916,0
KOF.US,D,20150824,000000,48.6694,51.1822,46.9717,50.1685,296917.17287222,0
KOF.US,D,20150825,000000,51.8202,52.0257,50.7018,50.7311,73165.947568351,0
KOF.US,D,20150826,000000,51.6989,52.9778,50.9151,52.7713,117825.44289948,0
KOF.US,D,20150827,000000,53.1921,54.8507,52.6568,54.6295,128990.31673226,0
KOF.US,D,20150828,000000,54.335,54.4397,53.604,53.8624,92342.959693949,0
KOF.US,D,20150831,000000,53.6569,55.3673,52.9621,54.8213,113886.82287646,0
KOF.US,D,20150901,000000,53.4113,53.7704,52.6568,52.924,76972.735213853,0
KOF.US,D,20150902,000000,53.5101,54.1804,53.0923,53.8555,50573.557104156,0
KOF.US,D,20150903,000000,54.0356,54.6912,53.6706,54.1569,65417.474030579,0
KOF.US,D,20150904,000000,53.4416,53.8555,51.9415,52.5208,74348.35114039,0
KOF.US,D,20150908,000000,52.56,53.289,52.56,52.7351,75662.587089951,0
KOF.US,D,20150909,000000,53.4201,53.7264,52.6431,52.6657,89192.268066812,0
KOF.US,D,20150910,000000,52.5081,53.5493,52.5081,53.1383,72215.528102494,0
KOF.US,D,20150911,000000,52.6657,52.7498,52.2478,52.4386,65283.597740227,0
KOF.US,D,20150914,000000,52.515,52.515,51.6294,52.3545,66859.454532003,0
KOF.US,D,20150915,000000,52.285,53.1608,52.149,53.0316,61792.594626928,0
KOF.US,D,20150916,000000,53.2537,54.289,53.2537,54.0894,63839.573325973,0
KOF.US,D,20150917,000000,53.7792,55.2705,53.2537,54.1569,118980.25364832,0
KOF.US,D,20150918,000000,54.1119,54.2049,53.0698,53.2811,110076.96936171,0
KOF.US,D,20150921,000000,53.4661,53.7792,52.9944,53.4798,68042.880060457,0
KOF.US,D,20150922,000000,52.6431,52.7028,51.8897,52.5365,73955.919877068,0
KOF.US,D,20150923,000000,52.4758,52.4758,51.9112,52.0423,95139.032445116,0
KOF.US,D,20150924,000000,51.3877,52.2557,51.0286,52.0189,107730.5574331,0
KOF.US,D,20150925,000000,52.4063,52.4063,51.0619,51.4484,57137.583157059,0
KOF.US,D,20150928,000000,51.2419,51.6235,51.0677,51.1656,179928.71227654,0
KOF.US,D,20150929,000000,51.2331,52.1549,51.0433,51.8202,67648.404884306,0
KOF.US,D,20150930,000000,52.6882,53.4964,52.4386,52.8183,89451.844996197,0
KOF.US,D,20151001,000000,52.9543,52.9543,51.8437,51.8897,73429.612323395,0
KOF.US,D,20151002,000000,51.6,52.5815,51.1519,52.0189,99306.570705078,0
KOF.US,D,20151005,000000,52.3457,53.9152,52.3457,53.5189,56113.582829329,0
KOF.US,D,20151006,000000,53.6706,53.9152,53.1471,53.5493,52410.012781732,0
KOF.US,D,20151007,000000,53.7704,54.4231,52.9093,53.4661,118805.49910137,0
KOF.US,D,20151008,000000,53.7087,55.0493,53.4289,54.7744,165247.28642009,0
KOF.US,D,20151009,000000,54.8663,55.4446,54.8213,55.0933,64757.290186553,0
KOF.US,D,20151012,000000,54.9113,55.5748,54.5845,55.1873,53276.631821567,0
KOF.US,D,20151013,000000,55.1941,55.3996,53.9984,54.2274,59636.266591489,0
KOF.US,D,20151014,000000,54.061,54.7978,54.0072,54.5454,65679.094872793,0
KOF.US,D,20151015,000000,54.8742,55.1012,54.105,55.0023,52148.391939517,0
KOF.US,D,20151016,000000,55.0933,55.3849,54.8575,55.1168,41641.65803793,0
KOF.US,D,20151019,000000,54.7293,55.1873,54.699,55.0258,34329.559889321,0
KOF.US,D,20151020,000000,55.064,55.6726,54.6755,55.4446,126809.46174287,0
KOF.US,D,20151021,000000,55.3536,55.3673,54.6462,55.3233,112833.18581269,0
KOF.US,D,20151022,000000,55.703,58.1316,55.6208,56.9907,145804.56562661,0
KOF.US,D,20151023,000000,56.8762,57.5465,56.159,56.5093,83804.51384746,0
KOF.US,D,20151026,000000,56.61,57.204,56.2979,57.113,89586.743242964,0
KOF.US,D,20151027,000000,56.7324,57.5533,56.6854,57.2735,108368.258236,0
KOF.US,D,20151028,000000,57.4565,59.5143,57.4565,59.4066,156943.89054902,0
KOF.US,D,20151029,000000,59.1679,59.937,58.1267,59.6601,163983.12633485,0
KOF.US,D,20151030,000000,59.6689,60.0006,58.344,59.1062,158144.68933653,0
KOF.US,D,20151102,000000,59.391,60.2159,59.2462,59.9145,77007.48173196,0
KOF.US,D,20151103,000000,60.1317,61.2864,59.799,60.1386,222960.23103873,0
KOF.US,D,20151104,000000,60.0456,60.3773,58.752,59.0974,110638.02343349,0
KOF.US,D,20151105,000000,58.8665,59.9683,58.8665,59.255,67330.576439272,0
KOF.US,D,20151106,000000,59.0074,59.1366,58.4898,58.843,80305.335082842,0
KOF.US,D,20151109,000000,58.6669,58.8831,57.4633,57.9956,54785.039489959,0
KOF.US,D,20151110,000000,57.3195,58.6591,57.3107,58.5054,74595.664592796,0
KOF.US,D,20151111,000000,58.89,58.937,58.3107,58.7109,66683.67802864,0
KOF.US,D,20151112,000000,58.3048,58.6992,58.0338,58.5592,67590.153368656,0
KOF.US,D,20151113,000000,58.4046,58.843,58.0886,58.204,84843.843521413,0
KOF.US,D,20151116,000000,58.1346,58.7755,57.9125,58.4506,24260.223333311,0
KOF.US,D,20151117,000000,58.2119,59.3832,58.0582,58.5749,70704.054564857,0
KOF.US,D,20151118,000000,58.7031,58.8988,58.0504,58.5671,40346.839260252,0
KOF.US,D,20151119,000000,58.7755,59.5691,58.7755,59.0593,36972.339178252,0
KOF.US,D,20151120,000000,59.6845,59.9145,59.255,59.4908,38786.3118147,0
KOF.US,D,20151123,000000,59.5299,60.2942,59.5299,60.1014,50206.674751207,0
KOF.US,D,20151124,000000,59.846,60.7022,59.6376,60.4996,46314.042766853,0
KOF.US,D,20151125,000000,60.802,62.1338,60.4311,61.5789,193171.22350081,0
KOF.US,D,20151127,000000,61.4243,61.5789,60.2853,60.5476,83549.024743735,0
KOF.US,D,20151130,000000,60.709,61.1572,59.2589,59.4066,141280.36457785,0
KOF.US,D,20151201,000000,59.707,60.7629,59.5759,60.3157,114693.14648781,0
KOF.US,D,20151202,000000,59.893,60.5789,59.846,60.209,71721.923154097,0
KOF.US,D,20151203,000000,60.4263,60.4546,58.1581,58.7207,75631.928397504,0
KOF.US,D,20151204,000000,58.6434,59.3998,58.2491,58.5964,54229.095200254,0
KOF.US,D,20151207,000000,59.2217,59.2217,57.3948,57.9428,115594.51204575,0
KOF.US,D,20151208,000000,57.295,57.7578,56.7245,57.295,60623.476488283,0
KOF.US,D,20151209,000000,57.3488,58.0426,56.8478,57.111,58121.727184608,0
KOF.US,D,20151210,000000,57.0406,57.0866,56.1609,56.2852,175268.59102459,0
KOF.US,D,20151211,000000,55.746,56.7461,54.8585,55.1296,354431.85794637,0
KOF.US,D,20151214,000000,55.3213,55.3213,53.7635,54.5728,119811.10421363,0
KOF.US,D,20151215,000000,54.8448,56.1472,54.8448,56.0396,198620.29510506,0
KOF.US,D,20151216,000000,56.6228,56.6228,55.885,56.3458,73949.788138579,0
KOF.US,D,20151217,000000,56.2607,56.3106,55.1834,55.5689,98728.143374244,0
KOF.US,D,20151218,000000,55.6756,55.8311,54.8272,55.1922,155420.15353441,0
KOF.US,D,20151221,000000,55.2509,56.4545,55.2509,55.885,174619.64870113,0
KOF.US,D,20151222,000000,55.9456,56.4701,55.6384,55.9388,112135.18958132,0
KOF.US,D,20151223,000000,56.1697,56.6228,55.699,56.4457,59676.122891671,0
KOF.US,D,20151224,000000,56.4779,56.6932,55.6521,55.6521,23454.92167837,0
KOF.US,D,20151228,000000,55.4681,56.5005,55.4681,55.6139,29938.213174496,0
KOF.US,D,20151229,000000,55.929,56.1785,54.8751,55.0219,55221.414879121,0
KOF.US,D,20151230,000000,54.8976,55.1746,54.3976,54.4965,56420.169753799,0
KOF.US,D,20151231,000000,54.2743,55.6844,54.2274,54.5806,61266.287073255,0
KOF.US,D,20160104,000000,53.9563,54.1657,52.9944,53.3868,85976.171229122,0
KOF.US,D,20160105,000000,53.2645,54.018,52.5101,52.786,146044.72538411,0
KOF.US,D,20160106,000000,52.0678,53.7479,52.0678,52.8614,84846.909390658,0
KOF.US,D,20160107,000000,51.9063,52.7684,51.8075,52.0218,71854.777488034,0
KOF.US,D,20160108,000000,52.4543,52.4543,50.8965,50.9435,104004.50434437,0
KOF.US,D,20160111,000000,50.92,51.9063,50.5266,50.8368,122900.47845587,0
KOF.US,D,20160112,000000,51.1587,51.8143,50.9356,51.4523,68832.852369175,0
KOF.US,D,20160113,000000,51.4689,52.1686,50.8818,51.3652,89854.495823668,0
KOF.US,D,20160114,000000,51.4689,52.4915,51.0061,52.1001,77288.519746057,0
KOF.US,D,20160115,000000,50.9581,51.0609,49.7781,50.1665,89585.721286549,0
KOF.US,D,20160119,000000,49.9786,50.6421,48.9385,49.7017,117148.90775282,0
KOF.US,D,20160120,000000,48.9326,50.0256,47.1498,49.8328,122231.09700411,0
KOF.US,D,20160121,000000,49.8094,50.1411,49.4561,49.7957,59945.919385204,0
KOF.US,D,20160122,000000,50.7889,51.0129,50.2272,50.6029,91719.56628086,0
KOF.US,D,20160125,000000,50.281,50.5726,50.1274,50.1724,52424.32017154,0
KOF.US,D,20160126,000000,50.5119,50.9513,50.374,50.8123,38557.393577762,0
KOF.US,D,20160127,000000,50.8662,51.5609,50.1274,50.5883,63665.84073544,0
KOF.US,D,20160128,000000,51.3818,51.9915,51.2683,51.5912,56706.317549971,0
KOF.US,D,20160129,000000,51.6284,54.3575,51.6284,54.0659,68430.201541704,0
KOF.US,D,20160201,000000,53.6491,54.4348,53.5091,54.3428,32387.842701011,0
KOF.US,D,20160202,000000,53.6941,53.6941,51.4073,51.7361,77629.853188634,0
KOF.US,D,20160203,000000,52.0913,53.5952,51.8075,53.426,76256.343767008,0
KOF.US,D,20160204,000000,53.7479,54.242,53.0708,53.4397,83782.030806332,0
KOF.US,D,20160205,000000,53.2645,53.2645,52.3623,52.6529,37182.862199722,0
KOF.US,D,20160208,000000,52.0071,52.4846,51.5531,52.3545,32769.032443768,0
KOF.US,D,20160209,000000,51.7527,52.3838,51.4151,52.1852,34574.829428897,0
KOF.US,D,20160210,000000,52.4073,53.6774,52.2302,53.016,47403.448305137,0
KOF.US,D,20160211,000000,52.0384,52.2752,51.0668,52.1686,69768.964445223,0
KOF.US,D,20160212,000000,52.4768,54.0248,52.4768,54.018,51501.493528885,0
KOF.US,D,20160216,000000,54.5513,56.2304,54.2949,55.5356,75960.998363102,0
KOF.US,D,20160217,000000,55.6521,57.4486,55.5983,56.1149,92543.263151269,0
KOF.US,D,20160218,000000,56.3713,56.9946,55.4123,55.7842,88603.62117183,0
KOF.US,D,20160219,000000,55.4534,56.4545,55.3429,55.9212,60654.13518073,0
KOF.US,D,20160222,000000,56.5944,57.1179,56.0533,56.2666,78545.526136384,0
KOF.US,D,20160223,000000,55.6677,56.8478,55.3213,55.521,97256.526136788,0
KOF.US,D,20160224,000000,55.699,56.1932,54.8585,55.7235,206180.72866249,0
KOF.US,D,20160225,000000,55.9388,56.9173,55.0757,56.9173,92426.760119971,0
KOF.US,D,20160226,000000,57.3801,57.3801,55.7675,56.2304,79094.316731186,0
KOF.US,D,20160229,000000,56.2392,57.2109,56.1149,56.6159,95724.613470853,0
KOF.US,D,20160301,000000,56.9789,58.2579,56.7715,57.934,90304.156646224,0
KOF.US,D,20160302,000000,57.5719,58.9203,57.5719,58.3048,53705.853515825,0
KOF.US,D,20160303,000000,58.3107,58.8518,57.749,58.4986,86317.504671699,0
KOF.US,D,20160304,000000,58.6737,60.2942,58.6737,59.8157,90244.883174159,0
KOF.US,D,20160307,000000,59.5299,59.8695,59.0916,59.7305,68947.311487643,0
KOF.US,D,20160308,000000,59.1923,59.4683,58.3361,59.391,125895.83270795,0
KOF.US,D,20160309,000000,59.6601,60.6777,59.6601,60.4713,68524.221531875,0
KOF.US,D,20160310,000000,60.5544,60.5544,58.4585,59.4683,83455.004753564,0
KOF.US,D,20160311,000000,60.0241,60.4938,59.0133,59.5838,67009.682124993,0
KOF.US,D,20160314,000000,59.7227,60.5476,58.1052,58.9976,170710.66541414,0
KOF.US,D,20160315,000000,59.1982,59.1982,57.934,58.2207,95160.493529828,0
KOF.US,D,20160316,000000,57.9125,59.299,57.1786,59.2912,178511.25872907,0
KOF.US,D,20160317,000000,59.6689,62.4371,59.3626,61.9273,90988.867444207,0
KOF.US,D,20160318,000000,62.0281,63.0144,60.849,61.6651,157023.60314938,0
KOF.US,D,20160321,000000,61.1866,61.7365,61.0868,61.1641,74824.582829733,0
KOF.US,D,20160322,000000,61.0584,62.9968,61.0584,62.8696,159503.89136835,0
KOF.US,D,20160323,000000,62.7052,62.7052,61.62,62.0369,56955.674915207,0
KOF.US,D,20160324,000000,62.0369,62.5242,61.5506,62.4195,105684.60069047,0
KOF.US,D,20160328,000000,62.6269,62.6964,62.3441,62.5751,79377.398658113,0
KOF.US,D,20160329,000000,62.6534,63.1514,62.1817,62.9136,247105.99525358,0
KOF.US,D,20160330,000000,63.2062,64.355,61.2189,64.0781,121326.66557693,0
KOF.US,D,20160331,000000,64.0712,64.7259,62.5594,64.0155,178306.86744609,0
KOF.US,D,20160401,000000,63.3618,65.218,62.9968,65.0419,87461.073899972,0
KOF.US,D,20160404,000000,64.8257,64.8912,63.2062,63.6221,119025.21973057,0
KOF.US,D,20160405,000000,63.0369,63.0369,62.3138,62.5829,166330.56021988,0
KOF.US,D,20160406,000000,61.9185,63.3227,61.9185,63.2463,96484.949043539,0
KOF.US,D,20160407,000000,62.4978,63.3912,61.987,63.3452,165086.83926295,0
KOF.US,D,20160408,000000,64.1319,64.5634,62.2972,62.5751,152450.34819271,0
KOF.US,D,20160411,000000,62.853,63.5516,62.5447,62.6357,63225.377520618,0
KOF.US,D,20160412,000000,62.5516,64.8178,62.5516,64.4861,118667.53498536,0
KOF.US,D,20160413,000000,64.9411,65.2014,64.6026,65.0018,193252.980014,0
KOF.US,D,20160414,000000,65.2102,65.6965,64.1407,64.3481,161663.28527303,0
KOF.US,D,20160415,000000,64.1172,65.4108,64.1172,64.6652,85576.586270896,0
KOF.US,D,20160418,000000,64.4714,65.4979,63.2297,63.6221,213187.26184304,0
KOF.US,D,20160419,000000,64.2386,66.9226,63.9851,66.6525,424675.01016811,0
KOF.US,D,20160420,000000,66.5449,66.7299,65.2014,66.1594,252973.04703152,0
KOF.US,D,20160421,000000,65.8658,66.1056,65.1319,65.5576,210713.10536257,0
KOF.US,D,20160422,000000,65.2953,66.1868,65.2953,65.9901,136113.35294412,0
KOF.US,D,20160425,000000,65.8658,66.2651,65.5263,66.2455,117794.78420703,0
KOF.US,D,20160426,000000,66.6066,66.8062,65.5116,66.3208,124021.56464302,0
KOF.US,D,20160427,000000,66.0752,66.5596,64.8257,65.3345,132292.25790881,0
KOF.US,D,20160428,000000,65.7161,67.9628,65.1554,67.7827,250338.4433939,0
KOF.US,D,20160429,000000,67.7681,68.2798,67.135,68.0548,84123.364248908,0
KOF.US,D,20160502,000000,67.7123,68.0949,67.1203,67.1203,127266.27626033,0
KOF.US,D,20160503,000000,66.7367,67.1203,65.2787,65.5762,148822.40291981,0
KOF.US,D,20160504,000000,65.0928,65.3971,64.7347,65.2944,169807.25594337,0
KOF.US,D,20160505,000000,65.6163,65.7944,64.9069,65.265,172749.46846187,0
KOF.US,D,20160506,000000,64.6554,65.3658,64.3521,64.9998,122547.90349273,0
KOF.US,D,20160509,000000,64.3364,65.0928,63.2835,63.9313,180370.19744778,0
KOF.US,D,20160510,000000,64.2757,65.0928,64.0556,64.7963,160019.97935787,0
KOF.US,D,20160511,000000,64.4998,65.3658,64.446,64.5703,140539.44617705,0
KOF.US,D,20160512,000000,64.7963,64.8149,63.7679,64.4215,114864.83516552,0
KOF.US,D,20160513,000000,63.534,64.0399,62.9401,63.3002,69548.221859605,0
KOF.US,D,20160516,000000,63.4567,63.9616,63.3002,63.4567,138017.25774507,0
KOF.US,D,20160517,000000,63.1367,63.3452,62.1768,62.4048,115531.15074803,0
KOF.US,D,20160518,000000,62.1768,62.2698,61.4527,61.9341,149470.32328686,0
KOF.US,D,20160519,000000,61.623,61.8255,60.4243,61.6377,93773.698674809,0
KOF.US,D,20160520,000000,61.5995,62.1935,60.4693,60.8969,117857.12354834,0
KOF.US,D,20160523,000000,60.6484,60.9595,60.3548,60.5858,103703.02720198,0
KOF.US,D,20160524,000000,60.9292,61.3656,60.8128,61.0065,62800.24365202,0
KOF.US,D,20160525,000000,61.2815,61.9048,60.7736,61.0466,107685.59135084,0
KOF.US,D,20160526,000000,61.5134,61.9821,61.0701,61.5222,98548.279045222,0
KOF.US,D,20160527,000000,61.6866,62.4254,61.669,62.1054,119131.50319772,0
KOF.US,D,20160531,000000,62.9029,63.08,62.0594,62.5976,134309.59987182,0
KOF.US,D,20160601,000000,62.4958,62.8246,61.3363,61.576,142749.93790248,0
KOF.US,D,20160602,000000,61.3196,61.7531,60.8206,60.9928,156938.78076695,0
KOF.US,D,20160603,000000,61.3363,61.3901,60.7736,61.302,104655.49058066,0
KOF.US,D,20160606,000000,61.257,62.2786,60.8049,62.1367,209648.22677825,0
KOF.US,D,20160607,000000,62.1935,63.8501,62.1935,63.5741,147676.78977871,0
KOF.US,D,20160608,000000,64.3667,65.4911,64.2268,65.1554,130664.28133987,0
KOF.US,D,20160609,000000,64.9147,64.9147,63.5467,63.9939,156452.32951346,0
KOF.US,D,20160610,000000,63.307,63.307,60.7619,61.4977,86359.40488471,0
KOF.US,D,20160613,000000,60.9126,61.2648,60.3059,60.8519,151591.90480419,0
KOF.US,D,20160614,000000,60.485,60.5623,59.4086,59.9928,57643.451582434,0
KOF.US,D,20160615,000000,60.4781,61.2482,59.7599,60.9292,71234.44994419,0
KOF.US,D,20160616,000000,60.5936,61.9576,60.5936,61.669,83786.118631991,0
KOF.US,D,20160617,000000,61.7639,62.0907,61.1719,61.3656,79058.548256664,0
KOF.US,D,20160620,000000,61.9752,62.9479,61.7717,62.3559,57966.389809543,0
KOF.US,D,20160621,000000,62.5271,63.534,62.4733,63.3921,132122.61314393,0
KOF.US,D,20160622,000000,63.4234,64.1877,63.033,64.0477,65118.040801013,0
KOF.US,D,20160623,000000,64.8276,65.2406,64.2757,64.8354,70058.17811064,0
KOF.US,D,20160624,000000,61.3656,62.8559,60.8206,61.349,133969.28838566,0
KOF.US,D,20160627,000000,60.8333,61.1132,59.4331,60.4987,86051.796003825,0
KOF.US,D,20160628,000000,61.7159,62.4655,61.3196,61.8735,60307.691956079,0
KOF.US,D,20160629,000000,62.396,63.626,62.0985,63.5262,47255.264624976,0
KOF.US,D,20160630,000000,63.806,65.0625,63.7278,64.6799,95467.080454298,0
KOF.US,D,20160701,000000,64.9069,65.084,63.6896,63.9704,99889.085861571,0
KOF.US,D,20160705,000000,63.5262,63.5262,62.4958,62.8089,45034.553335398,0
KOF.US,D,20160706,000000,62.396,62.396,61.2942,61.6533,51983.856956718,0
KOF.US,D,20160707,000000,62.0291,62.1054,60.4527,61.257,47666.091103766,0
KOF.US,D,20160708,000000,61.7786,62.489,61.3656,62.3872,39493.50565381,0
KOF.US,D,20160711,000000,62.4175,62.7228,61.2737,61.9341,73929.349010281,0
KOF.US,D,20160712,000000,62.1299,63.5262,62.1299,63.1583,67356.125349644,0
KOF.US,D,20160713,000000,62.9958,63.8305,62.9958,63.1123,48221.013437056,0
KOF.US,D,20160714,000000,63.4303,64.4147,62.5584,62.7776,36852.770277709,0
KOF.US,D,20160715,000000,62.9254,64.2757,62.2394,62.6974,40526.703589274,0
KOF.US,D,20160718,000000,62.5976,64.0477,62.4097,64.0155,82052.880552321,0
KOF.US,D,20160719,000000,63.4939,64.1407,62.1768,63.0105,62683.740620721,0
KOF.US,D,20160720,000000,63.0193,63.2669,62.5183,63.1045,67528.835983762,0
KOF.US,D,20160721,000000,62.8716,63.9704,62.8716,63.7424,53560.735704909,0
KOF.US,D,20160722,000000,63.673,64.4773,63.673,64.4069,38056.634934461,0
KOF.US,D,20160725,000000,63.7366,63.8843,63.1583,63.534,101940.15238628,0
KOF.US,D,20160726,000000,63.581,63.581,61.1856,61.4752,72442.402426601,0
KOF.US,D,20160727,000000,61.6465,61.6465,59.0113,59.4409,97251.416354714,0
KOF.US,D,20160728,000000,60.0182,61.4831,59.9869,61.1239,169548.7009704,0
KOF.US,D,20160729,000000,61.1327,61.4654,60.0182,61.2648,119148.87645678,0
KOF.US,D,20160801,000000,61.0006,61.4831,59.4409,59.4556,84406.446175836,0
KOF.US,D,20160802,000000,59.5104,59.5339,57.523,58.0915,135915.09339963,0
KOF.US,D,20160803,000000,57.794,58.4183,57.6492,58.1698,49550.578732841,0
KOF.US,D,20160804,000000,58.2637,58.6522,57.0876,57.794,52443.737343423,0
KOF.US,D,20160805,000000,57.8351,58.2451,57.3038,58.114,58088.002622916,0
KOF.US,D,20160808,000000,58.0044,60.3274,57.8185,59.9781,264944.24447565,0
KOF.US,D,20160809,000000,59.8842,60.9214,59.8842,60.4448,58364.952811354,0
KOF.US,D,20160810,000000,61.1778,61.1778,60.4987,60.6484,37890.056038832,0
KOF.US,D,20160811,000000,60.7433,63.4303,60.7433,62.9166,278828.54432849,0
KOF.US,D,20160812,000000,62.9958,63.3696,61.4048,62.0839,55262.293135717,0
KOF.US,D,20160815,000000,62.1935,64.1407,62.1367,63.6583,107004.96837852,0
KOF.US,D,20160816,000000,63.1123,64.1025,62.6357,62.989,65011.757333863,0
KOF.US,D,20160817,000000,62.5741,63.4274,62.1621,63.0966,54331.290841744,0
KOF.US,D,20160818,000000,63.3628,63.8569,62.8559,63.5193,45151.056366697,0
KOF.US,D,20160819,000000,63.1367,63.1367,61.9576,62.3089,44386.632968352,0
KOF.US,D,20160822,000000,61.9341,62.4655,61.9341,62.2541,28828.368507914,0
KOF.US,D,20160823,000000,62.6896,62.6896,60.8128,60.9126,50580.710799061,0
KOF.US,D,20160824,000000,61.1464,62.0134,60.6092,61.757,68178.800263639,0
KOF.US,D,20160825,000000,61.7159,62.3138,61.2942,61.623,33499.731280422,0
KOF.US,D,20160826,000000,61.9116,62.1768,59.2599,59.798,90267.366215287,0
KOF.US,D,20160829,000000,59.938,60.4243,59.0182,59.4154,83581.727349011,0
KOF.US,D,20160830,000000,59.2217,59.389,58.0524,58.434,80656.888089568,0
KOF.US,D,20160831,000000,58.4438,58.8557,57.296,58.069,129876.35294398,0
KOF.US,D,20160901,000000,57.9516,60.165,57.1786,59.255,180172.9598597,0
KOF.US,D,20160902,000000,59.6346,61.1406,58.934,59.5798,112837.27363835,0
KOF.US,D,20160906,000000,59.893,60.4527,59.4556,60.165,53541.318533026,0
KOF.US,D,20160907,000000,59.8294,59.8294,58.8391,58.9741,63025.074063298,0
KOF.US,D,20160908,000000,59.572,59.9556,59.0358,59.2129,97939.193021941,0
KOF.US,D,20160909,000000,58.6366,58.6366,57.5621,57.661,91337.354581687,0
KOF.US,D,20160912,000000,57.2412,58.7687,56.1961,58.5524,149110.59462881,0
KOF.US,D,20160913,000000,58.0357,58.0357,56.7118,56.8527,81649.207768436,0
KOF.US,D,20160914,000000,58.5054,58.5054,55.6971,57.0152,168062.77634313,0
KOF.US,D,20160915,000000,57.1169,57.203,56.3077,56.5464,96046.529741547,0
KOF.US,D,20160916,000000,56.5161,57.3263,56.0269,56.1267,136719.37309815,0
KOF.US,D,20160919,000000,56.5787,56.9682,56.0102,56.2734,83965.982961014,0
KOF.US,D,20160920,000000,56.1815,56.4241,54.9182,55.3781,196949.3963667,0
KOF.US,D,20160921,000000,55.518,56.5699,55.5033,56.3615,74539.456989976,0
KOF.US,D,20160922,000000,56.8987,59.0113,56.8987,58.8792,203146.54006665,0
KOF.US,D,20160923,000000,59.2051,60.8128,59.2051,59.8842,225190.13993604,0
KOF.US,D,20160926,000000,59.3372,59.3372,57.4291,58.2784,177664.05686112,0
KOF.US,D,20160927,000000,58.3166,59.9478,57.9164,59.8069,147587.87957061,0
KOF.US,D,20160928,000000,59.7286,59.9624,58.6688,59.1835,124997.53301925,0
KOF.US,D,20160929,000000,58.8557,60.0339,58.0289,58.6434,172196.59004141,0
KOF.US,D,20160930,000000,58.8949,59.6121,58.4731,58.4731,118657.31542121,0
KOF.US,D,20161003,000000,58.5123,58.98,57.9575,58.8949,90104.875145318,0
KOF.US,D,20161004,000000,59.0358,60.4448,58.8176,59.4947,112636.97018103,0
KOF.US,D,20161005,000000,59.619,60.8128,58.5534,60.4693,150444.24775026,0
KOF.US,D,20161006,000000,60.2423,61.2032,59.7667,60.5329,79968.089465925,0
KOF.US,D,20161007,000000,60.6092,60.6092,59.255,59.7129,166252.89153235,0
KOF.US,D,20161010,000000,59.8225,62.6152,59.8225,62.4958,293846.19384544,0
KOF.US,D,20161011,000000,62.215,62.5438,61.8187,62.1553,93565.21956617,0
KOF.US,D,20161012,000000,62.1152,62.8089,61.4831,62.0839,99769.516961027,0
KOF.US,D,20161013,000000,61.4586,62.7776,60.8744,62.0751,101491.51352013,0
KOF.US,D,20161014,000000,62.0379,63.0418,61.2404,62.4958,179634.38882905,0
KOF.US,D,20161017,000000,62.5183,62.9645,62.1201,62.2394,182608.28199641,0
KOF.US,D,20161018,000000,62.9166,63.5409,62.7933,63.4939,100984.62313834,0
KOF.US,D,20161019,000000,63.4303,63.9313,63.1504,63.6583,184677.74373658,0
KOF.US,D,20161020,000000,63.9235,63.9391,62.8931,63.1827,116783.04735628,0
KOF.US,D,20161021,000000,63.0878,63.0878,62.4733,62.8471,107507.77093465,0
KOF.US,D,20161024,000000,63.307,64.3521,63.0497,63.1446,60572.378667538,0
KOF.US,D,20161025,000000,62.9479,63.6505,61.9185,62.0291,100017.85236985,0
KOF.US,D,20161026,000000,61.9273,61.9273,59.6513,59.8147,258375.10864068,0
KOF.US,D,20161027,000000,60.1493,61.6543,59.8793,61.5056,143990.59299017,0
KOF.US,D,20161028,000000,61.214,61.8598,58.8939,59.8421,174934.41127692,0
KOF.US,D,20161031,000000,59.8421,59.8646,59.0123,59.1777,75772.95838276,0
KOF.US,D,20161101,000000,59.572,59.7227,56.9594,57.522,144522.01032591,0
KOF.US,D,20161102,000000,57.4349,57.704,56.6844,57.2696,164585.05866323,0
KOF.US,D,20161103,000000,57.5445,58.5769,56.8038,56.931,128506.93134802,0
KOF.US,D,20161104,000000,56.976,57.979,56.3625,57.0876,125611.7288246,0
KOF.US,D,20161107,000000,58.3097,60.7541,58.3097,60.4468,190429.31443964,0
KOF.US,D,20161108,000000,60.393,61.9938,60.0769,60.3685,167378.06554515,0
KOF.US,D,20161109,000000,57.4486,57.4486,54.7753,56.5905,305877.68671806,0
KOF.US,D,20161110,000000,55.7137,55.7137,51.8877,52.1803,344902.11437743,0
KOF.US,D,20161111,000000,51.6353,51.8652,48.7712,49.8681,438492.88285397,0
KOF.US,D,20161114,000000,50.0031,50.8632,49.9777,50.6656,119551.52728425,0
KOF.US,D,20161115,000000,51.1382,51.9044,50.2389,50.6577,187116.13174253,0
KOF.US,D,20161116,000000,50.556,51.3182,50.3329,50.6489,103987.13108532,0
KOF.US,D,20161117,000000,50.6352,51.4934,50.6352,51.2967,195483.91086773,0
KOF.US,D,20161118,000000,51.4787,51.4846,50.7527,50.8388,159507.97919401,0
KOF.US,D,20161121,000000,50.9797,51.8486,50.9562,51.557,67182.392759111,0
KOF.US,D,20161122,000000,51.6597,51.6597,50.736,50.8857,160797.68818961,0
KOF.US,D,20161123,000000,50.5618,50.6881,50.2311,50.4836,215648.13289012,0
KOF.US,D,20161125,000000,50.9249,50.9249,49.553,49.8055,48006.402589928,0
KOF.US,D,20161128,000000,49.7663,49.8984,49.4972,49.6313,137944.69883962,0
KOF.US,D,20161129,000000,49.5139,49.9483,49.5139,49.8133,157156.45748332,0
KOF.US,D,20161130,000000,50.1616,50.326,49.3358,49.6234,124082.88202791,0
KOF.US,D,20161201,000000,49.5452,50.6254,48.9121,49.0481,188382.33574059,0
KOF.US,D,20161202,000000,48.9219,49.8681,48.597,49.2751,177317.61363647,0
KOF.US,D,20161205,000000,49.8358,49.9552,49.2751,49.3084,134304.49008974,0
KOF.US,D,20161206,000000,49.3172,50.0804,49.3172,49.8534,80622.141571461,0
KOF.US,D,20161207,000000,50.0501,50.508,49.8593,50.1059,233540.54580219,0
KOF.US,D,20161208,000000,49.781,49.9953,49.3798,49.6557,595627.87925258,0
KOF.US,D,20161209,000000,49.4013,51.5179,48.321,51.328,362962.12814154,0
KOF.US,D,20161212,000000,51.3378,52.2821,51.2801,51.7703,150717.11011304,0
KOF.US,D,20161213,000000,51.8789,52.5678,50.3573,51.6274,139406.09651292,0
KOF.US,D,20161214,000000,51.282,52.0932,50.4591,50.8632,109756.07504743,0
KOF.US,D,20161215,000000,50.6969,51.604,50.419,51.328,97539.608063716,0
KOF.US,D,20161216,000000,51.0433,51.785,50.4376,50.5775,99710.243488963,0
KOF.US,D,20161219,000000,50.3818,50.6489,49.9953,50.2243,76872.583485193,0
KOF.US,D,20161220,000000,50.2311,50.6088,49.5295,49.8984,170319.25610723,0
KOF.US,D,20161221,000000,49.916,50.1254,49.0168,49.2682,85372.194987916,0
KOF.US,D,20161222,000000,48.8739,49.5207,48.1263,49.3641,88044.61101288,0
KOF.US,D,20161223,000000,49.6009,50.3417,49.3876,49.8055,106498.07799673,0
KOF.US,D,20161227,000000,49.5833,50.3329,49.4199,49.7575,45401.435688347,0
KOF.US,D,20161228,000000,49.6724,49.916,49.3172,49.8857,65863.047027475,0
KOF.US,D,20161229,000000,50.1215,51.1783,49.7262,50.8632,65466.527938494,0
KOF.US,D,20161230,000000,50.7683,50.9415,49.6088,50.1293,134568.15484479,0
KOF.US,D,20170103,000000,50.6802,51.2331,49.3876,49.9708,89054.303950801,0
KOF.US,D,20170104,000000,50.1127,50.1127,49.0089,49.506,152335.88907424,0
KOF.US,D,20170105,000000,49.8358,50.5344,49.5775,50.1127,164299.93282347,0
KOF.US,D,20170106,000000,50.098,50.3955,49.5921,49.9777,123145.74799545,0
KOF.US,D,20170109,000000,50.0109,50.3749,48.0696,48.2105,236826.1356761,0
KOF.US,D,20170110,000000,48.2203,48.2203,47.2965,47.5333,379017.06341962,0
KOF.US,D,20170111,000000,47.4463,47.8572,46.9697,47.6821,245558.75324142,0
KOF.US,D,20170112,000000,47.8034,48.0549,47.2408,47.7936,186998.60675482,0
KOF.US,D,20170113,000000,47.6194,49.144,47.2574,47.7623,151605.19023759,0
KOF.US,D,20170117,000000,47.914,48.2017,46.8944,48.0461,124867.74455456,0
KOF.US,D,20170118,000000,48.1811,48.3073,47.3034,47.73,194094.05014347,0
KOF.US,D,20170119,000000,47.6116,47.6116,46.9423,47.2642,113401.39357938,0
KOF.US,D,20170120,000000,47.6987,48.3935,47.3367,48.0696,102589.09470974,0
KOF.US,D,20170123,000000,48.1322,49.3084,47.9345,49.1254,88353.24185018,0
KOF.US,D,20170124,000000,49.0324,50.0334,48.7575,49.7418,112783.10994836,0
KOF.US,D,20170125,000000,49.7017,50.6489,49.7017,50.4209,159279.06095707,0
KOF.US,D,20170126,000000,50.0256,50.0256,49.0168,49.3798,272084.65394656,0
KOF.US,D,20170127,000000,49.6861,49.964,48.868,49.2369,104629.94167029,0
KOF.US,D,20170130,000000,49.0324,49.3641,48.8191,49.2751,82110.110111555,0
KOF.US,D,20170131,000000,49.3798,49.6313,48.8426,48.9307,124516.19154783,0
KOF.US,D,20170201,000000,49.0706,49.8534,48.8357,49.6146,127716.9590393,0
KOF.US,D,20170202,000000,49.7663,50.3192,49.1978,49.7193,86520.873998264,0
KOF.US,D,20170203,000000,50.2311,50.7683,50.098,50.5481,110115.80370548,0
KOF.US,D,20170206,000000,50.3886,50.3886,49.2369,49.736,64305.585451168,0
KOF.US,D,20170207,000000,49.553,49.9385,49.4375,49.8055,133946.80534453,0
KOF.US,D,20170208,000000,49.781,50.1362,49.4238,49.6724,155423.21940365,0
KOF.US,D,20170209,000000,49.7575,50.1215,49.4972,49.7193,101461.8767841,0
KOF.US,D,20170210,000000,49.6234,51.737,49.6234,50.5305,145996.69343261,0
KOF.US,D,20170213,000000,50.508,50.5305,50.0423,50.1215,75789.309685399,0
KOF.US,D,20170214,000000,49.916,50.6176,49.916,50.6088,107551.71506049,0
KOF.US,D,20170215,000000,50.6176,50.6176,50.2389,50.5393,119413.56316824,0
KOF.US,D,20170216,000000,50.8319,50.8319,50.3074,50.5149,92959.199412134,0
KOF.US,D,20170217,000000,50.5863,50.8525,50.098,50.3955,77716.7194839,0
KOF.US,D,20170221,000000,50.3652,51.0521,49.9327,50.8632,142504.6683629,0
KOF.US,D,20170222,000000,51.0051,51.5893,50.8319,51.3828,95906.521712705,0
KOF.US,D,20170223,000000,51.4161,52.7077,51.0677,52.0776,125854.95445135,0
KOF.US,D,20170224,000000,52.0688,52.0688,50.6832,51.192,133413.34409595,0
KOF.US,D,20170227,000000,51.375,52.3623,50.8857,52.3447,149937.35736847,0
KOF.US,D,20170228,000000,51.7928,52.2557,51.4787,51.7781,137201.73652598,0
KOF.US,D,20170301,000000,52.0384,52.3222,51.8965,51.9963,184749.28068562,0
KOF.US,D,20170302,000000,51.92,53.0394,51.0129,51.3378,220511.62346863,0
KOF.US,D,20170303,000000,51.7458,53.7978,51.7458,53.4661,267682.06571117,0
KOF.US,D,20170306,000000,53.5375,53.9309,52.6216,53.7273,169803.16811771,0
KOF.US,D,20170307,000000,53.7019,54.2704,53.0394,54.0591,213572.53941146,0
KOF.US,D,20170308,000000,54.1696,54.1696,53.1177,53.3937,139296.74717653,0
KOF.US,D,20170309,000000,53.1432,53.4416,52.7244,53.1735,97355.655909034,0
KOF.US,D,20170310,000000,53.742,54.0229,53.105,53.788,88330.758809052,0
KOF.US,D,20170313,000000,54.0326,54.0326,53.0081,53.9309,125594.35556555,0
KOF.US,D,20170314,000000,53.8056,53.8056,52.7645,53.1901,103248.25659735,0
KOF.US,D,20170315,000000,53.0473,54.9955,52.7958,54.7196,165953.45830278,0
KOF.US,D,20170316,000000,55.0522,56.0132,54.6334,55.2088,176875.10650882,0
KOF.US,D,20170317,000000,55.1873,55.8321,54.6726,55.7049,183232.69736591,0
KOF.US,D,20170320,000000,55.9261,56.3703,55.6208,55.9495,102977.4381474,0
KOF.US,D,20170321,000000,56.2989,57.7892,55.6354,57.5935,214189.80108606,0
KOF.US,D,20170322,000000,57.1893,57.1893,56.1815,56.9926,192196.277081,0
KOF.US,D,20170323,000000,56.519,57.7667,56.519,57.5054,116966.99951096,0
KOF.US,D,20170324,000000,57.5367,58.0729,57.251,57.8371,161691.90005265,0
KOF.US,D,20170327,000000,57.5524,58.1062,56.9926,57.9007,89856.539736497,0
KOF.US,D,20170328,000000,57.8841,58.6023,57.4349,57.7334,142653.87399948,0
KOF.US,D,20170329,000000,57.7588,58.3176,57.3322,57.4741,98630.035558414,0
KOF.US,D,20170330,000000,57.339,57.4741,56.7167,57.2294,123146.76995186,0
KOF.US,D,20170331,000000,56.8821,57.158,56.5386,56.567,138886.94265415,0
KOF.US,D,20170403,000000,56.4339,56.9457,55.338,56.7333,138574.2239912,0
KOF.US,D,20170404,000000,56.3449,57.1336,56.2646,56.6463,167214.55251877,0
KOF.US,D,20170405,000000,56.8038,57.6326,56.8038,57.0709,206892.01032726,0
KOF.US,D,20170406,000000,56.8038,56.8752,56.2646,56.5905,195253.97067438,0
KOF.US,D,20170407,000000,56.8341,57.9222,56.613,57.8841,104810.82795573,0
KOF.US,D,20170410,000000,57.7334,57.8762,57.3322,57.7334,49631.313289618,0
KOF.US,D,20170411,000000,57.8136,58.3567,57.387,58.3019,164009.69720164,0
KOF.US,D,20170412,000000,58.1444,58.3978,57.2069,57.9477,80958.365231963,0
KOF.US,D,20170413,000000,58.0328,58.3724,57.4349,57.5768,69325.435361156,0
KOF.US,D,20170417,000000,57.9164,58.7824,56.8439,58.6483,81472.409308658,0
KOF.US,D,20170418,000000,58.0504,58.7031,57.9477,58.2451,60810.49451221,0
KOF.US,D,20170419,000000,58.4281,58.4281,56.9926,57.1336,76140.862692125,0
KOF.US,D,20170420,000000,57.3948,58.0328,57.0876,57.8596,100564.59905182,0
KOF.US,D,20170421,000000,57.7334,58.0416,57.3244,57.7187,106895.61904213,0
KOF.US,D,20170424,000000,57.8293,58.846,57.8293,58.4849,142944.10962131,0
KOF.US,D,20170425,000000,58.4849,58.7755,57.7735,58.1678,111213.38489508,0
KOF.US,D,20170426,000000,58.1835,58.4604,56.1492,56.9682,156299.03605122,0
KOF.US,D,20170427,000000,57.1737,57.7892,56.1022,57.4956,335275.28494907,0
KOF.US,D,20170428,000000,57.795,58.0984,56.8283,58.0739,130855.38718946,0
KOF.US,D,20170501,000000,58.0338,58.5612,57.6111,58.4898,63421.593152279,0
KOF.US,D,20170502,000000,58.6992,58.7775,57.5435,58.4585,149783.04194982,0
KOF.US,D,20170503,000000,58.1385,58.3949,57.5876,57.9076,62041.951992164,0
KOF.US,D,20170504,000000,58.1463,58.1463,57.5073,57.795,155016.48075052,0
KOF.US,D,20170505,000000,57.8596,59.0485,57.6277,58.8734,82361.511389621,0
KOF.US,D,20170508,000000,58.6992,58.7931,57.6913,57.8909,124700.14370251,0
KOF.US,D,20170509,000000,58.1541,58.7628,57.7079,58.4653,76836.815010671,0
KOF.US,D,20170510,000000,58.5769,59.4565,58.5769,58.7227,42455.135344191,0
KOF.US,D,20170511,000000,58.7775,59.664,58.6581,59.4732,65622.887269974,0
KOF.US,D,20170512,000000,60.1043,61.4684,60.0407,61.3275,154486.08537119,0
KOF.US,D,20170515,000000,61.6611,62.4753,61.5349,62.3559,116006.36048096,0
KOF.US,D,20170516,000000,62.2443,63.8961,62.2443,63.6651,158806.91709339,0
KOF.US,D,20170517,000000,63.4743,63.4743,62.2923,62.7483,117138.68818867,0
KOF.US,D,20170518,000000,61.5887,61.941,60.3529,61.0466,163321.92053441,0
KOF.US,D,20170519,000000,60.8304,62.4919,60.8304,61.8206,136324.897922,0
KOF.US,D,20170522,000000,62.1631,62.8598,61.5966,61.8206,152193.83713257,0
KOF.US,D,20170523,000000,61.7257,63.6103,61.7257,63.2356,104147.57824246,0
KOF.US,D,20170524,000000,63.5301,65.3433,63.2581,64.809,121609.74750386,0
KOF.US,D,20170525,000000,65.1916,65.583,64.3765,64.4724,130518.14157254,0
KOF.US,D,20170526,000000,64.6407,64.8002,64.3853,64.5429,88708.882682565,0
KOF.US,D,20170530,000000,64.4812,64.4812,63.1632,63.6818,49777.453056949,0
KOF.US,D,20170531,000000,63.8178,64.6163,63.49,64.2102,115449.39423484,0
KOF.US,D,20170601,000000,64.5761,65.4695,64.265,64.8237,122384.39046635,0
KOF.US,D,20170602,000000,65.1339,65.4177,64.7836,65.1916,227124.70342945,0
KOF.US,D,20170605,000000,64.9274,67.4755,64.9274,67.1575,127453.29428425,0
KOF.US,D,20170606,000000,67.3493,67.6301,66.4461,66.4461,84131.539900228,0
KOF.US,D,20170607,000000,66.4852,68.2671,66.4696,67.7309,144529.16402082,0
KOF.US,D,20170608,000000,67.4911,67.7876,66.4578,67.1408,140575.21465157,0
KOF.US,D,20170609,000000,67.5244,67.955,66.861,67.132,115236.82730054,0
KOF.US,D,20170612,000000,67.044,67.9148,66.5978,67.0762,129131.34671752,0
KOF.US,D,20170613,000000,66.3727,66.3932,64.2102,66.2778,168998.88841918,0
KOF.US,D,20170614,000000,66.4608,67.3561,66.3169,66.7817,97552.893497109,0
KOF.US,D,20170615,000000,66.3727,67.2083,65.95,67.0997,117600.6124882,0
KOF.US,D,20170616,000000,67.1408,67.3581,66.175,66.6848,159417.02507308,0
KOF.US,D,20170619,000000,67.132,68.0949,66.5332,68.0186,137023.91610979,0
KOF.US,D,20170620,000000,67.7005,68.0186,67.4207,67.8346,116387.55022372,0
KOF.US,D,20170621,000000,67.9305,68.1712,67.044,67.3228,60938.239064072,0
KOF.US,D,20170622,000000,67.0929,68.091,67.0929,67.6839,86716.06767351,0
KOF.US,D,20170623,000000,67.9461,68.091,66.8522,67.1575,96374.57775073,0
KOF.US,D,20170626,000000,68.0665,68.2808,66.4608,67.0293,154536.16123552,0
KOF.US,D,20170627,000000,66.2944,67.6467,66.0547,66.4852,75096.423236097,0
KOF.US,D,20170628,000000,66.998,67.3727,66.4852,67.1633,73562.466657332,0
KOF.US,D,20170629,000000,67.0684,67.0684,66.175,66.3893,56577.551041694,0
KOF.US,D,20170630,000000,66.7396,67.7309,66.402,67.6301,91006.24070326,0
KOF.US,D,20170703,000000,67.8121,68.5293,66.8923,66.8923,36821.089628847,0
KOF.US,D,20170705,000000,66.8991,68.4648,66.8991,68.2984,129079.22694036,0
KOF.US,D,20170706,000000,67.8434,68.2896,66.7895,67.0684,68129.746355723,0
KOF.US,D,20170707,000000,67.4285,67.6017,66.1065,67.18,107949.25610589,0
KOF.US,D,20170710,000000,67.3639,68.4188,67.3639,68.2505,50088.127807079,0
KOF.US,D,20170711,000000,68.4188,69.0646,67.1164,68.5225,104462.34081825,0
KOF.US,D,20170712,000000,69.546,70.1194,68.9736,69.9912,130545.73439574,0
KOF.US,D,20170713,000000,69.9746,70.2564,69.8249,70.1586,62305.616747208,0
KOF.US,D,20170714,000000,70.1507,71.6214,70.1507,71.2614,63505.393578301,0
KOF.US,D,20170717,000000,71.1664,72.236,71.0216,71.9649,65918.23267388,0
KOF.US,D,20170718,000000,72.2203,72.7311,71.9571,72.6049,41313.610028747,0
KOF.US,D,20170719,000000,72.6753,73.3573,72.1557,72.1958,142666.13747645,0
KOF.US,D,20170720,000000,72.5628,72.6195,72.0637,72.5716,30692.417008692,0
KOF.US,D,20170721,000000,72.2849,72.8896,71.9894,72.3416,75685.070131079,0
KOF.US,D,20170724,000000,69.2642,71.8847,67.8904,68.2113,235544.60233181,0
KOF.US,D,20170725,000000,68.9932,69.3689,68.4736,68.8982,111915.46895211,0
KOF.US,D,20170726,000000,68.7769,70.6948,68.7456,70.55,110423.41258636,0
KOF.US,D,20170727,000000,70.687,70.687,69.2339,69.7133,59899.931346534,0
KOF.US,D,20170728,000000,69.7212,69.7349,68.4736,69.0421,74813.341309169,0
KOF.US,D,20170731,000000,69.1527,69.1527,67.8277,67.8757,96832.414224605,0
KOF.US,D,20170801,000000,67.8679,68.3796,66.4921,66.5019,115019.15058417,0
KOF.US,D,20170802,000000,66.3404,66.9324,66.2054,66.5332,99784.846307251,0
KOF.US,D,20170803,000000,66.5655,66.5655,65.2229,65.767,126139.05833469,0
KOF.US,D,20170804,000000,65.7435,66.0234,65.3198,65.7494,61294.901852872,0
KOF.US,D,20170807,000000,65.6936,66.5263,65.6936,65.9333,73137.332788733,0
KOF.US,D,20170808,000000,65.8952,66.8052,65.6868,66.3502,87853.505163293,0
KOF.US,D,20170809,000000,66.2866,66.2866,65.176,65.6075,58799.284287686,0
KOF.US,D,20170810,000000,65.2327,66.039,65.0194,65.4695,124868.76651097,0
KOF.US,D,20170811,000000,64.5527,66.2132,63.5526,65.8952,103060.21661701,0
KOF.US,D,20170814,000000,66.36,67.1487,66.3502,66.5655,56067.594790659,0
KOF.US,D,20170815,000000,66.6702,67.7093,65.8952,67.2915,116338.4963158,0
KOF.US,D,20170816,000000,67.0606,67.9305,66.4696,67.7876,44531.750779268,0
KOF.US,D,20170817,000000,67.6105,67.6105,66.3336,66.4138,57090.573161974,0
KOF.US,D,20170818,000000,66.8287,67.7446,66.2406,67.2602,69908.972474064,0
KOF.US,D,20170821,000000,67.4618,68.0342,67.2524,67.955,110849.56841137,0
KOF.US,D,20170822,000000,67.7485,68.2113,67.18,67.4833,55399.235295314,0
KOF.US,D,20170823,000000,67.1878,67.7221,66.8805,67.5156,33959.611667127,0
KOF.US,D,20170824,000000,67.7221,68.4109,67.7221,68.2338,47379.943307594,0
KOF.US,D,20170825,000000,68.7769,69.0949,67.6506,67.8904,78223.609865691,0
KOF.US,D,20170828,000000,67.9794,68.498,67.1076,67.4833,33533.455842114,0
KOF.US,D,20170829,000000,67.1575,67.8121,66.6379,67.7407,91917.825825351,0
KOF.US,D,20170830,000000,67.7407,67.7407,65.859,66.3658,118508.10978463,0
KOF.US,D,20170831,000000,66.542,67.4432,65.176,65.358,135048.47435979,0
KOF.US,D,20170901,000000,65.7102,66.313,64.8795,65.5184,67976.452893488,0
KOF.US,D,20170905,000000,65.3678,65.5096,63.2581,63.9939,90802.871376695,0
KOF.US,D,20170906,000000,64.2943,65.04,63.8902,64.401,105607.95395935,0
KOF.US,D,20170907,000000,64.584,65.7915,64.5527,64.9441,53074.284451417,0
KOF.US,D,20170908,000000,64.7366,65.9598,63.8902,64.9049,161062.37490107,0
KOF.US,D,20170911,000000,64.9998,65.7357,64.9998,65.4069,59952.051123694,0
KOF.US,D,20170912,000000,65.4226,66.6203,65.264,65.5654,109783.66787063,0
KOF.US,D,20170913,000000,65.5439,65.5439,64.1701,64.4166,83994.597740631,0
KOF.US,D,20170914,000000,64.3364,64.3364,63.5712,63.8012,70821.57955257,0
KOF.US,D,20170915,000000,63.7532,63.9421,62.034,62.8686,91266.839589059,0
KOF.US,D,20170918,000000,62.9635,63.0017,61.7492,62.8422,82417.71899244,0
KOF.US,D,20170919,000000,63.1221,63.2913,62.6837,63.0017,122018.53006982,0
KOF.US,D,20170920,000000,62.8099,63.0271,61.7727,62.1631,55648.59266055,0
KOF.US,D,20170921,000000,61.987,62.3001,61.0858,61.6944,77311.002787185,0
KOF.US,D,20170922,000000,61.8206,62.9136,61.8206,62.26,62173.784369686,0
KOF.US,D,20170925,000000,62.1181,62.1181,60.7218,61.6357,84337.975096037,0
KOF.US,D,20170926,000000,61.7805,61.9958,60.9263,61.2061,43807.183681103,0
KOF.US,D,20170927,000000,61.1993,61.1993,59.616,60.5838,140987.06308677,0
KOF.US,D,20170928,000000,60.576,61.2619,60.1914,60.9351,77796.432084263,0
KOF.US,D,20170929,000000,60.9351,62.3236,60.9351,61.6054,79281.334755112,0
KOF.US,D,20171002,000000,61.7022,61.9958,60.9028,61.5408,79640.041456742,0
KOF.US,D,20171003,000000,61.806,62.0848,61.3412,61.8696,70831.799116719,0
KOF.US,D,20171004,000000,62.3001,62.3001,61.5007,61.5966,76931.856957257,0
KOF.US,D,20171005,000000,61.8921,61.8921,60.1043,60.2873,117803.98181477,0
KOF.US,D,20171006,000000,60.4713,60.7433,59.073,59.0965,118237.29133469,0
KOF.US,D,20171009,000000,58.8734,59.0583,58.6414,58.7129,102944.73554212,0
KOF.US,D,20171010,000000,59.0172,59.0818,58.2403,58.4095,100230.41930415,0
KOF.US,D,20171011,000000,58.3528,59.1366,58.3068,58.6336,169594.68900907,0
KOF.US,D,20171012,000000,58.5612,59.073,58.1708,58.4585,167347.4068527,0
KOF.US,D,20171013,000000,58.5211,58.6111,57.4927,57.6443,101407.71309411,0
KOF.US,D,20171016,000000,57.5563,57.8117,56.1736,56.4779,143351.87023085,0
KOF.US,D,20171017,000000,56.6463,57.0445,55.8938,56.8605,215074.81534136,0
KOF.US,D,20171018,000000,56.9643,57.2686,56.2372,56.6541,117091.67819358,0
KOF.US,D,20171019,000000,56.7177,57.2833,56.3233,56.6463,187709.88841959,0
KOF.US,D,20171020,000000,56.7196,57.8351,56.3321,57.0611,131649.44732383,0
KOF.US,D,20171023,000000,56.9261,57.1727,56.1257,56.247,95079.758973051,0
KOF.US,D,20171024,000000,56.247,56.247,55.6785,55.8879,82148.944455322,0
KOF.US,D,20171025,000000,56.7089,57.2206,55.2391,55.3037,117592.43683688,0
KOF.US,D,20171026,000000,55.6785,57.2989,55.1932,56.1032,172415.28871419,0
KOF.US,D,20171027,000000,56.3116,56.6844,55.5983,55.8145,129001.55825283,0
KOF.US,D,20171030,000000,55.976,55.976,54.4965,54.6246,107551.71506049,0
KOF.US,D,20171031,000000,54.9984,55.1237,54.3193,54.6628,113894.99852778,0
KOF.US,D,20171101,000000,54.7049,55.0483,53.8653,53.9133,85155.540227957,0
KOF.US,D,20171102,000000,54.3291,54.3291,53.5581,53.8986,89656.236279177,0
KOF.US,D,20171103,000000,54.1882,54.6266,53.334,54.2616,115416.69162956,0
KOF.US,D,20171106,000000,54.6432,55.4759,54.1804,55.2,107551.71506049,0
KOF.US,D,20171107,000000,55.2343,55.4026,54.5542,54.6334,125503.40144462,0
KOF.US,D,20171108,000000,54.4162,55.0552,54.4162,54.9583,58360.864985694,0
KOF.US,D,20171109,000000,54.974,56.1071,54.9094,55.6873,147332.39046689,0
KOF.US,D,20171110,000000,55.9124,55.9124,54.8839,55.6217,136035.68425658,0
KOF.US,D,20171113,000000,55.2568,55.6296,54.8047,55.4515,81033.990006666,0
KOF.US,D,20171114,000000,55.5728,55.8243,54.9094,54.9172,102502.22841447,0
KOF.US,D,20171115,000000,55.0063,55.1354,54.4554,54.4886,83388.577586595,0
KOF.US,D,20171116,000000,54.7137,55.2411,54.6912,55.0063,72684.606096933,0
KOF.US,D,20171117,000000,54.6833,55.2734,53.3555,54.6912,106705.53514895,0
KOF.US,D,20171120,000000,54.3174,54.4808,54.1002,54.2929,59180.474030444,0
KOF.US,D,20171121,000000,54.2616,55.9926,54.1002,55.7587,95114.505491158,0
KOF.US,D,20171122,000000,56.0278,56.3566,56.0278,56.0278,63846.727020878,0
KOF.US,D,20171124,000000,56.3419,56.4545,56.0582,56.3233,62083.852205175,0
KOF.US,D,20171127,000000,56.2451,56.7373,55.7832,56.1404,137168.01196429,0
KOF.US,D,20171128,000000,56.4545,56.4545,55.3458,55.6707,90921.418320823,0
KOF.US,D,20171129,000000,55.5806,56.1805,55.0229,55.7186,57440.082255869,0
KOF.US,D,20171130,000000,55.6443,56.2764,54.8409,55.4026,92732.325088026,0
KOF.US,D,20171201,000000,55.1609,55.6296,54.7714,55.3311,149924.07193507,0
KOF.US,D,20171204,000000,55.3957,56.9007,55.3957,56.5846,92712.907916143,0
KOF.US,D,20171205,000000,56.7627,56.7627,55.657,55.7343,96827.30444253,0
KOF.US,D,20171206,000000,55.8576,55.8576,54.7186,55.1932,84874.50221386,0
KOF.US,D,20171207,000000,54.7871,55.5875,54.5278,54.9094,74325.868099262,0
KOF.US,D,20171208,000000,54.8203,55.5092,54.7655,55.1677,99043.927906448,0
KOF.US,D,20171211,000000,55.1853,55.8155,55.0708,55.6296,91813.586271031,0
KOF.US,D,20171212,000000,55.5405,56.249,54.8115,55.1765,80743.754384834,0
KOF.US,D,20171213,000000,56.9408,58.8822,55.8243,57.8792,269277.33967483,0
KOF.US,D,20171214,000000,57.8792,58.526,56.9408,57.0367,128746.0691491,0
KOF.US,D,20171215,000000,57.0768,57.0768,55.928,56.067,189041.4976282,0
KOF.US,D,20171218,000000,56.3899,57.9526,56.1873,57.296,118076.84417755,0
KOF.US,D,20171219,000000,57.5964,58.1385,56.3419,56.4231,93754.281502926,0
KOF.US,D,20171220,000000,56.5034,56.6971,55.4427,55.8967,94947.926595529,0
KOF.US,D,20171221,000000,56.0347,56.3106,55.7832,55.9515,81952.728823661,0
KOF.US,D,20171222,000000,56.1717,56.3194,54.5444,54.9965,81712.569066159,0
KOF.US,D,20171226,000000,55.1442,56.3194,53.881,54.9965,95473.212192788,0
KOF.US,D,20171227,000000,55.2343,55.3311,54.6334,55.0708,65419.517943409,0
KOF.US,D,20171228,000000,55.1677,55.5307,54.7714,54.9172,71761.779454278,0
KOF.US,D,20171229,000000,55.2166,56.4388,55.2166,56.3419,54583.714076224,0
KOF.US,D,20180102,000000,56.7529,57.7784,56.5288,57.6287,83466.246274128,0
KOF.US,D,20180103,000000,57.4976,57.842,56.6502,56.6502,72821.548256529,0
KOF.US,D,20180104,000000,56.8028,58.0661,56.6727,56.8263,55294.995740994,0
KOF.US,D,20180105,000000,57.0054,57.8224,56.5513,57.3283,61635.213339034,0
KOF.US,D,20180108,000000,57.4261,58.0886,57.3048,57.9036,80015.09946101,0
KOF.US,D,20180109,000000,57.8635,57.8635,56.9574,57.3694,65622.887269974,0
KOF.US,D,20180110,000000,57.523,57.523,56.293,56.4055,96003.607572121,0
KOF.US,D,20180111,000000,56.6502,57.3361,56.0826,57.3283,100568.68687748,0
KOF.US,D,20180112,000000,57.4976,58.3635,57.4535,57.9927,86239.835984166,0
KOF.US,D,20180116,000000,58.1453,59.256,58.1453,59.0045,109655.92331877,0
KOF.US,D,20180117,000000,58.8597,60.1601,58.5563,59.6845,93977.068001374,0
KOF.US,D,20180118,000000,60.211,60.6552,59.9429,60.4517,138172.59512014,0
KOF.US,D,20180119,000000,60.5349,60.9302,60.4263,60.6875,121860.12682551,0
KOF.US,D,20180122,000000,60.801,61.5085,60.5094,61.4958,72336.118959452,0
KOF.US,D,20180123,000000,61.2932,62.2893,60.8177,61.9576,112838.29559477,0
KOF.US,D,20180124,000000,62.2825,63.763,62.1533,63.763,126077.7409498,0
KOF.US,D,20180125,000000,63.8344,64.1192,62.8481,63.0898,83824.952975758,0
KOF.US,D,20180126,000000,62.9117,64.0203,62.3872,63.9078,70787.854990878,0
KOF.US,D,20180129,000000,63.8755,63.8755,62.7346,62.8657,65963.198756135,0
KOF.US,D,20180130,000000,62.305,63.0007,62.167,62.3471,41154.184828023,0
KOF.US,D,20180131,000000,62.3471,62.7346,61.1416,61.666,116397.76978787,0
KOF.US,D,20180201,000000,61.35,64.2738,61.301,63.6495,73667.728168067,0
KOF.US,D,20180202,000000,63.2209,63.4871,61.9752,62.3872,40735.182697914,0
KOF.US,D,20180205,000000,61.8931,63.1935,59.9184,60.1288,68519.1117498,0
KOF.US,D,20180206,000000,59.1649,61.6925,59.1649,61.4547,135340.75389445,0
KOF.US,D,20180207,000000,60.9791,61.0437,59.9742,60.348,121620.98902442,0
KOF.US,D,20180208,000000,60.211,60.3646,57.9986,57.9986,116779.98148704,0
KOF.US,D,20180209,000000,58.3244,58.8597,57.0455,58.5906,111164.33098716,0
KOF.US,D,20180212,000000,58.9233,59.3929,58.1219,58.5592,106696.33754122,0
KOF.US,D,20180213,000000,58.3156,58.5436,57.9125,58.3978,56380.313453618,0
KOF.US,D,20180214,000000,58.1541,58.6317,57.3625,58.2686,91911.694086861,0
KOF.US,D,20180215,000000,58.4937,59.481,58.2266,59.0691,44429.555137777,0
KOF.US,D,20180216,000000,59.1004,59.6346,59.0514,59.1248,46783.120761292,0
KOF.US,D,20180220,000000,59.3264,59.3753,59.3264,59.3264,44002.377356349,0
KOF.US,D,20180221,000000,61.6993,61.6993,59.4154,59.6523,89309.793054526,0
KOF.US,D,20180222,000000,59.6523,60.1033,58.9947,59.4497,105328.95985808,0
KOF.US,D,20180223,000000,59.757,59.757,56.6003,56.6648,141900.69212169,0
KOF.US,D,20180226,000000,56.3742,57.0934,55.9926,56.1071,187251.0299893,0
KOF.US,D,20180227,000000,56.067,56.2274,55.1932,55.1932,109572.12289275,0
KOF.US,D,20180228,000000,55.426,55.4681,54.2871,54.562,128343.41832163,0
KOF.US,D,20180301,000000,54.6012,55.2254,54.0424,55.0474,88478.942489212,0
KOF.US,D,20180302,000000,54.699,55.7431,54.1647,55.4828,54586.779945469,0
KOF.US,D,20180305,000000,55.4593,55.6374,54.5933,54.9495,75359.066034726,0
KOF.US,D,20180306,000000,55.1276,56.8116,55.0474,56.6237,102330.53973677,0
KOF.US,D,20180307,000000,56.2764,56.2764,54.9661,55.1198,69493.0362132,0
KOF.US,D,20180308,000000,55.4681,55.6491,54.6334,55.5806,148536.25512364,0
KOF.US,D,20180309,000000,55.9848,56.9985,55.7186,55.9613,84946.039162903,0
KOF.US,D,20180312,000000,55.7656,56.1717,55.3781,55.6531,87910.734722528,0
KOF.US,D,20180313,000000,55.6619,56.1717,54.7137,54.9172,117970.5607104,0
KOF.US,D,20180314,000000,55.2988,56.9007,55.2988,56.1404,144007.96624922,0
KOF.US,D,20180315,000000,56.0347,56.1805,54.3174,54.5855,89004.228086471,0
KOF.US,D,20180316,000000,54.7969,55.1354,53.5502,53.9045,63748.619205047,0
KOF.US,D,20180319,000000,53.833,55.0337,53.0355,53.3301,63502.327709056,0
KOF.US,D,20180320,000000,53.607,53.8497,51.8251,52.4964,216651.69408956,0
KOF.US,D,20180321,000000,52.6676,54.4397,52.1578,54.3497,168007.59069673,0
KOF.US,D,20180322,000000,53.9955,55.1119,53.9045,54.1246,120441.65132162,0
KOF.US,D,20180323,000000,54.1735,54.3174,52.9054,53.015,80501.550714503,0
KOF.US,D,20180326,000000,53.4299,53.4299,51.7449,52.515,90174.368181531,0
KOF.US,D,20180327,000000,52.4005,52.6109,51.7116,52.4328,184064.56988764,0
KOF.US,D,20180328,000000,52.3281,53.5404,52.3281,53.0796,106299.81845224,0
KOF.US,D,20180329,000000,53.4778,54.8047,53.4778,53.7587,35658.103228691,0
KOF.US,D,20180402,000000,53.4778,53.833,52.0032,52.3604,64857.441915214,0
KOF.US,D,20180403,000000,52.7077,53.2254,52.0198,53.015,56570.397346789,0
KOF.US,D,20180404,000000,52.4005,53.9133,52.3604,53.7772,90078.304278531,0
KOF.US,D,20180405,000000,53.9221,54.3105,53.4299,53.8164,105588.53678747,0
KOF.US,D,20180406,000000,53.5336,54.2137,53.242,53.5013,68809.347371632,0
KOF.US,D,20180409,000000,53.6217,54.746,52.4494,53.1852,153321.0550582,0
KOF.US,D,20180410,000000,53.8164,55.3781,53.3232,54.5209,135008.61805961,0
KOF.US,D,20180411,000000,54.108,55.4427,54.1002,54.6745,112374.3273824,0
KOF.US,D,20180412,000000,54.8526,55.838,54.6745,55.0229,135993.78404357,0
KOF.US,D,20180413,000000,55.0865,55.9378,54.699,55.1765,170363.20023307,0
KOF.US,D,20180416,000000,55.1677,55.7274,54.5933,54.8595,94933.619205721,0
KOF.US,D,20180417,000000,55.1511,56.1629,54.5933,56.0415,158463.53973798,0
KOF.US,D,20180418,000000,56.204,56.2206,54.8526,55.3047,97994.378668346,0
KOF.US,D,20180419,000000,55.4515,56.2274,54.196,54.336,150074.29952806,0
KOF.US,D,20180420,000000,54.5698,54.8526,52.7478,53.2254,111467.85204239,0
KOF.US,D,20180423,000000,52.9592,54.0522,52.7077,53.0561,60734.869737507,0
KOF.US,D,20180424,000000,53.1686,53.9955,52.1656,52.4494,90445.18663148,0
KOF.US,D,20180425,000000,52.1187,52.375,51.4699,51.9729,70171.615272694,0
KOF.US,D,20180426,000000,52.4494,52.6275,51.785,52.4494,58067.563494618,0
KOF.US,D,20180427,000000,52.2782,52.9259,52.0932,52.8369,85325.184992831,0
KOF.US,D,20180430,000000,52.8457,53.3301,52.1823,53.1187,125384.8545005,0
KOF.US,D,20180501,000000,52.7938,53.514,51.7341,52.6451,90987.845487792,0
KOF.US,D,20180502,000000,52.193,52.2997,50.8593,51.0276,88863.198101215,0
KOF.US,D,20180503,000000,50.7311,51.7361,50.19,50.6577,439536.30035359,0
KOF.US,D,20180504,000000,50.4611,50.7204,50.0178,50.5022,277018.6595177,0
KOF.US,D,20180507,000000,50.42,50.42,49.2634,49.6822,191989.84188519,0
KOF.US,D,20180508,000000,49.6146,49.689,49.0999,49.3778,116895.46256192,0
KOF.US,D,20180509,000000,49.5667,49.5667,48.4414,48.7046,112485.72063163,0
KOF.US,D,20180510,000000,48.9766,49.9532,48.9091,49.8289,231704.09012462,0
KOF.US,D,20180511,000000,50.0109,50.3299,49.4522,50.1587,135840.49058134,0
KOF.US,D,20180514,000000,50.4855,50.8388,49.3945,49.4013,205617.63067788,0
KOF.US,D,20180515,000000,49.2379,49.2634,48.14,49.2634,180187.26724951,0
KOF.US,D,20180516,000000,49.5354,49.6479,48.7633,49.3857,103153.21465076,0
KOF.US,D,20180517,000000,49.4199,49.5833,48.6479,48.9913,199883.43323388,0
KOF.US,D,20180518,000000,48.8759,48.9845,47.3905,47.9903,272265.540232,0
KOF.US,D,20180521,000000,48.7134,48.9091,47.7036,48.6557,67979.518762733,0
KOF.US,D,20180522,000000,48.9277,49.188,48.2026,48.5334,115339.02294203,0
KOF.US,D,20180523,000000,48.2692,48.779,47.8768,48.2281,189215.23021873,0
KOF.US,D,20180524,000000,47.9101,48.3935,47.4404,47.7036,197911.05735312,0
KOF.US,D,20180525,000000,47.9101,48.3103,47.776,47.9825,117021.16320095,0
KOF.US,D,20180529,000000,47.6057,47.958,46.7926,47.1938,149425.3572046,0
KOF.US,D,20180530,000000,47.367,48.1459,47.2682,47.5881,230418.46895467,0
KOF.US,D,20180531,000000,47.7212,48.1351,46.958,47.9825,137038.2234996,0
KOF.US,D,20180601,000000,47.9737,48.7545,47.9737,48.2614,106768.89644668,0
KOF.US,D,20180604,000000,48.8191,49.3945,48.4248,48.6234,115144.8512232,0
KOF.US,D,20180605,000000,48.459,48.459,47.228,47.228,147064.63788618,0
KOF.US,D,20180606,000000,47.4825,47.6742,47.228,47.548,163572.29985606,0
KOF.US,D,20180607,000000,47.3905,48.0891,47.1165,47.8905,171865.47616298,0
KOF.US,D,20180608,000000,48.0069,48.6303,47.7525,48.4013,108819.96297138,0
KOF.US,D,20180611,000000,48.4336,48.9678,47.6879,47.8034,148892.91791244,0
KOF.US,D,20180612,000000,47.7936,48.4414,47.6879,48.1048,128626.50024856,0
KOF.US,D,20180613,000000,48.4414,48.87,47.6791,47.8514,119691.53531309,0
KOF.US,D,20180614,000000,48.279,48.6479,47.5803,47.6459,129836.4966438,0
KOF.US,D,20180615,000000,47.5881,47.8093,46.3738,47.2946,209073.88727307,0
KOF.US,D,20180618,000000,46.184,46.5627,44.8913,45.4383,248932.231367,0
KOF.US,D,20180619,000000,45.0029,45.6595,44.7818,44.9129,211812.730465,0
KOF.US,D,20180620,000000,45.0597,45.316,44.7583,45.0371,92965.331150623,0
KOF.US,D,20180621,000000,45.956,46.0871,45.1516,45.7094,133586.05473007,0
KOF.US,D,20180622,000000,45.7994,47.5881,45.7994,47.3905,172644.20695113,0
KOF.US,D,20180625,000000,47.2995,47.8709,46.9492,46.9971,97458.873506939,0
KOF.US,D,20180626,000000,46.9247,48.0236,46.7036,46.865,135235.49238372,0
KOF.US,D,20180627,000000,47.1713,47.1713,45.546,45.5861,103604.91938615,0
KOF.US,D,20180628,000000,45.5117,46.5382,45.5117,46.4707,222819.20105348,0
KOF.US,D,20180629,000000,46.7926,47.5138,46.1693,46.317,227859.49009176,0
KOF.US,D,20180702,000000,46.1605,47.2036,45.0685,45.1272,97682.681961802,0
KOF.US,D,20180703,000000,45.2162,47.0216,45.2162,46.7858,98950.929872693,0
KOF.US,D,20180705,000000,46.8249,49.1635,46.8249,48.9766,248905.66050021,0
KOF.US,D,20180706,000000,48.55,50.4288,48.55,50.1411,310782.05555316,0
KOF.US,D,20180709,000000,50.0178,50.6127,48.2457,50.1988,130786.91610966,0
KOF.US,D,20180710,000000,50.4288,51.0932,50.1166,50.9865,256657.19990723,0
KOF.US,D,20180711,000000,50.4522,50.8544,50.1675,50.3945,142382.03359311,0
KOF.US,D,20180712,000000,50.3221,51.0345,50.3094,50.6166,120147.32787413,0
KOF.US,D,20180713,000000,50.4777,50.7253,50.0922,50.1489,74819.473047659,0
KOF.US,D,20180716,000000,50.0021,51.011,49.7311,50.6665,96323.479929985,0
KOF.US,D,20180717,000000,50.5433,51.2077,50.4777,51.0041,100162.97018076,0
KOF.US,D,20180718,000000,50.7644,50.9865,50.0178,50.7311,238346.80682147,0
KOF.US,D,20180719,000000,50.4376,50.7575,50.0511,50.2076,129688.31296364,0
KOF.US,D,20180720,000000,50.3221,50.5344,49.9679,50.1734,50638.96231471,0
KOF.US,D,20180723,000000,49.6968,50.7575,49.1958,50.5853,66597.833689788,0
KOF.US,D,20180724,000000,50.6665,51.6265,50.6665,51.0932,77416.26429792,0
KOF.US,D,20180725,000000,51.0345,52.3907,51.0345,52.1519,137159.83631297,0
KOF.US,D,20180726,000000,51.7674,53.3516,51.1675,51.1754,114063.62133623,0
KOF.US,D,20180727,000000,51.4141,51.7586,50.7575,51.0531,103421.98918788,0
KOF.US,D,20180730,000000,51.101,51.7909,51.0345,51.6108,86244.945766241,0
KOF.US,D,20180731,000000,51.283,51.7752,51.101,51.2899,52293.509750433,0
KOF.US,D,20180801,000000,51.1098,51.2899,50.8711,51.0687,49922.570867865,0
KOF.US,D,20180802,000000,50.3886,50.9865,50.3886,50.5609,87447.788466578,0
KOF.US,D,20180803,000000,50.5344,51.6108,50.5344,51.2732,68883.95018992,0
KOF.US,D,20180806,000000,51.0345,51.1891,50.5188,50.8485,76596.65525317,0
KOF.US,D,20180807,000000,50.8143,51.9641,50.602,51.602,174018.73832917,0
KOF.US,D,20180808,000000,51.4376,51.6108,51.0726,51.3417,62378.175652666,0
KOF.US,D,20180809,000000,51.4464,51.4464,50.2243,50.8544,226217.20613302,0
KOF.US,D,20180810,000000,50.3622,50.3622,48.4248,49.2291,280971.58693053,0
KOF.US,D,20180813,000000,49.278,50.0511,48.2858,48.6968,96864.094873467,0
KOF.US,D,20180814,000000,49.0422,49.7644,48.6479,49.7546,119565.83467406,0
KOF.US,D,20180815,000000,49.689,49.689,48.5637,48.8289,125677.13403516,0
KOF.US,D,20180816,000000,49.0579,49.0579,48.2555,48.5823,159288.2585648,0
KOF.US,D,20180817,000000,48.6156,51.7263,48.6156,51.3221,207668.69720258,0
KOF.US,D,20180820,000000,51.1499,51.1499,50.6411,50.921,52643.018844329,0
KOF.US,D,20180821,000000,51.2987,51.3975,50.9053,51.1431,62345.473047389,0
KOF.US,D,20180822,000000,50.4777,51.7997,50.4777,51.7674,104276.34475074,0
KOF.US,D,20180823,000000,51.7419,51.9455,50.7487,50.7977,129427.71407784,0
KOF.US,D,20180824,000000,51.6265,51.6265,49.8417,50.282,79563.394725625,0
KOF.US,D,20180827,000000,50.2644,51.8486,50.2644,51.5042,73962.051615558,0
KOF.US,D,20180828,000000,51.7165,51.7165,49.6743,49.8544,134271.78748447,0
KOF.US,D,20180829,000000,50.2644,50.2644,49.5716,50.0755,74073.444864782,0
KOF.US,D,20180830,000000,49.5422,49.6567,47.9668,48.9845,153079.87334429,0
KOF.US,D,20180831,000000,48.8759,50.6411,48.8759,49.5912,311960.37129954,0
KOF.US,D,20180904,000000,49.2956,49.2956,47.8347,48.0402,150038.53105354,0
KOF.US,D,20180905,000000,47.8093,48.2614,47.4658,47.8034,55016.001639727,0
KOF.US,D,20180906,000000,48.0236,48.3935,47.6948,48.3935,40478.671637774,0
KOF.US,D,20180907,000000,48.2281,48.6811,47.8768,48.459,88423.756842808,0
KOF.US,D,20180910,000000,49.1489,49.1489,48.2555,48.6391,93972.980175715,0
KOF.US,D,20180911,000000,48.5569,48.6733,47.7124,48.597,128264.72767768,0
KOF.US,D,20180912,000000,48.8367,49.4923,48.55,49.3622,220149.85089776,0
KOF.US,D,20180913,000000,49.6323,49.9444,49.4688,49.6146,63607.589219791,0
KOF.US,D,20180914,000000,49.8612,49.9023,48.8035,49.1068,72592.630019592,0
KOF.US,D,20180917,000000,49.2565,49.5002,48.8113,48.959,126073.65312414,0
KOF.US,D,20180918,000000,49.141,49.8289,48.8367,49.2066,77865.925120476,0
KOF.US,D,20180919,000000,49.509,50.0178,49.0256,49.8211,140209.35425504,0
KOF.US,D,20180920,000000,50.0677,50.3906,49.6234,49.9111,85025.751763265,0
KOF.US,D,20180921,000000,50.0755,50.2477,49.4923,49.8798,165225.82533537,0
KOF.US,D,20180924,000000,49.5579,49.7888,49.2878,49.3622,62014.359168962,0
KOF.US,D,20180925,000000,49.3524,49.4845,48.8367,49.3622,78775.466329737,0
KOF.US,D,20180926,000000,49.4346,50.2732,49.4346,49.961,84772.30657237,0
KOF.US,D,20180927,000000,50.0755,50.4953,49.6655,49.961,66458.847617362,0
KOF.US,D,20180928,000000,50.0021,50.4376,49.7066,50.2644,49310.41897534,0
KOF.US,D,20181001,000000,50.5433,51.4963,50.0178,50.5609,122688.93347799,0
KOF.US,D,20181002,000000,50.9709,51.7781,50.691,51.7419,162657.64886473,0
KOF.US,D,20181003,000000,52.1774,52.4885,51.0041,51.101,307044.76094388,0
KOF.US,D,20181004,000000,51.191,51.2488,50.0178,50.2879,56487.618877183,0
KOF.US,D,20181005,000000,51.1754,51.5775,50.6411,51.5042,140955.38243791,0
KOF.US,D,20181008,000000,51.7008,52.014,50.7977,51.2321,129747.5864357,0
KOF.US,D,20181009,000000,50.8955,51.3055,50.6352,50.9454,165868.63592034,0
KOF.US,D,20181010,000000,50.6822,51.3809,49.8133,49.9111,85041.081109489,0
KOF.US,D,20181011,000000,49.9287,50.101,49.4757,49.9023,148741.66836304,0
KOF.US,D,20181012,000000,50.6078,50.8388,49.6088,49.9679,40426.551860614,0
KOF.US,D,20181015,000000,50.2243,51.1587,49.6479,50.3378,70565.06849243,0
KOF.US,D,20181016,000000,50.8711,52.5864,50.8711,51.3721,179500.5125387,0
KOF.US,D,20181017,000000,51.1998,51.6548,50.9454,51.2077,76377.956580381,0
KOF.US,D,20181018,000000,50.9366,51.0619,50.0344,50.0677,115064.11666642,0
KOF.US,D,20181019,000000,50.2644,51.3632,49.6009,50.1812,47643.608062638,0
KOF.US,D,20181022,000000,50.1675,50.5022,48.6391,48.7946,44016.684746158,0
KOF.US,D,20181023,000000,48.7633,50.4953,48.4248,50.1988,142441.30706518,0
KOF.US,D,20181024,000000,50.101,50.2683,48.5402,48.5735,99755.209571219,0
KOF.US,D,20181025,000000,48.5569,49.4287,48.0069,48.8945,142682.48877909,0
KOF.US,D,20181026,000000,48.6391,49.2379,48.3935,49.0256,405611.43520457,0
KOF.US,D,20181029,000000,49.4923,49.4923,46.4893,46.8171,272548.62215893,0
KOF.US,D,20181030,000000,46.9267,47.8494,46.8014,47.6919,190071.62969442,0
KOF.US,D,20181031,000000,48.0079,48.3416,47.2584,47.4668,143690.13780418,0
KOF.US,D,20181101,000000,47.7183,49.3318,47.7183,49.0999,190933.13895218,0
KOF.US,D,20181102,000000,49.1078,49.9904,48.9864,49.8407,125436.97427766,0
KOF.US,D,20181105,000000,49.9728,52.8633,49.5471,52.4132,217865.77831046,0
KOF.US,D,20181106,000000,52.1558,53.7812,52.1558,53.106,196543.67966998,0
KOF.US,D,20181107,000000,53.1892,54.2802,53.1892,53.7968,245463.71129483,0
KOF.US,D,20181108,000000,53.2224,54.0962,50.8818,51.3221,166884.46059676,0
KOF.US,D,20181109,000000,51.0981,51.2478,48.1655,51.1822,158287.76323462,0
KOF.US,D,20181112,000000,50.5227,51.7566,50.1411,50.3652,93132.932002667,0
KOF.US,D,20181113,000000,50.1812,50.416,49.1567,49.69,165874.76765883,0
KOF.US,D,20181114,000000,50.1577,50.1988,48.732,49.1234,165382.18466685,0
KOF.US,D,20181115,000000,49.2154,50.2898,48.9659,49.3074,120851.455844,0
KOF.US,D,20181116,000000,49.5334,51.2654,49.0579,50.9317,112296.65869487,0
KOF.US,D,20181119,000000,50.7977,51.3897,50.5902,51.0384,55587.275275656,0
KOF.US,D,20181120,000000,50.8397,51.2654,49.324,49.9728,160988.7940392,0
KOF.US,D,20181121,000000,50.6049,52.0482,50.1577,50.4562,205422.43700263,0
KOF.US,D,20181123,000000,50.19,51.4386,50.1812,51.1059,46490.841226631,0
KOF.US,D,20181126,000000,50.2399,51.4562,49.3573,49.4737,145442.79305574,0
KOF.US,D,20181127,000000,49.4737,50.465,49.3818,49.9581,148062.06734713,0
KOF.US,D,20181128,000000,50.6577,52.3975,49.9395,51.7654,135869.10536095,0
KOF.US,D,20181129,000000,51.5482,52.7645,51.4895,51.9885,137437.80845783,0
KOF.US,D,20181130,000000,51.8731,52.1735,49.8837,50.3828,190343.47010078,0
KOF.US,D,20181203,000000,51.1401,51.7233,50.5227,50.9396,172021.83549446,0
KOF.US,D,20181204,000000,50.8221,51.0149,50.2654,50.3564,116640.99541461,0
KOF.US,D,20181206,000000,49.507,50.1068,48.4404,50.0227,157474.28592836,0
KOF.US,D,20181207,000000,49.8916,50.2321,49.6,49.9248,100656.57512916,0
KOF.US,D,20181210,000000,49.9728,49.9728,48.3494,48.7076,102643.25839973,0
KOF.US,D,20181211,000000,49.2731,49.2731,48.0921,48.233,64812.475832958,0
KOF.US,D,20181212,000000,48.9903,50.0266,48.9747,49.7565,74276.814191347,0
KOF.US,D,20181213,000000,49.5168,50.9317,49.4395,50.4982,181513.76667605,0
KOF.US,D,20181214,000000,49.7996,50.8221,49.7996,50.1812,57121.231854421,0
KOF.US,D,20181217,000000,50.1812,50.7644,48.915,49.1988,61567.764215651,0
KOF.US,D,20181218,000000,49.189,49.7732,48.5578,48.825,93561.13174051,0
KOF.US,D,20181219,000000,49.0246,50.416,48.6665,49.1831,112080.00393491,0
KOF.US,D,20181220,000000,49.5403,50.6049,49.2242,50.5403,80797.918074824,0
KOF.US,D,20181221,000000,50.5159,51.0942,49.1078,49.1753,104040.27281889,0
KOF.US,D,20181224,000000,48.6254,50.3241,48.6254,49.6234,32052.640996924,0
KOF.US,D,20181226,000000,49.4737,50.5403,49.3915,50.3975,51287.904638171,0
KOF.US,D,20181227,000000,50.0569,50.648,49.6479,50.2986,49543.425037937,0
KOF.US,D,20181228,000000,51.0061,51.0061,50.1323,50.5824,59167.18859705,0
KOF.US,D,20181231,000000,50.7243,50.8495,50.1323,50.6734,47468.85351569,0
KOF.US,D,20190102,000000,50.4904,51.7057,50.1812,51.5404,44027.926266722,0
KOF.US,D,20190103,000000,51.2478,52.1637,51.2478,51.8642,63169.169917799,0
KOF.US,D,20190104,000000,51.8065,53.0982,51.8065,52.8819,60454.853679824,0
KOF.US,D,20190107,000000,52.921,53.4964,52.515,53.4719,63013.832542734,0
KOF.US,D,20190108,000000,53.3222,53.7968,52.8721,53.787,69176.229724581,0
KOF.US,D,20190109,000000,53.9964,55.0131,53.9045,54.6051,96075.144521164,0
KOF.US,D,20190110,000000,54.5464,55.3458,54.471,54.9299,74103.081600814,0
KOF.US,D,20190111,000000,54.5718,55.0464,54.4965,54.8536,126531.48959801,0
KOF.US,D,20190114,000000,55.4446,55.4446,53.6637,54.0052,113364.60314844,0
KOF.US,D,20190115,000000,53.7224,54.5786,53.4641,54.563,175690.65902395,0
KOF.US,D,20190116,000000,54.7381,55.7127,54.0796,55.5963,134899.26872321,0
KOF.US,D,20190117,000000,55.2969,55.4955,54.2137,54.3203,102574.78731993,0
KOF.US,D,20190118,000000,55.0376,55.0376,53.6471,53.9632,65881.442242943,0
KOF.US,D,20190122,000000,53.3066,53.7127,52.7146,53.2547,90209.114699638,0
KOF.US,D,20190123,000000,53.4465,54.0649,52.7645,53.2547,63684.235950908,0
KOF.US,D,20190124,000000,53.3144,53.8555,52.7645,53.2146,66171.677864775,0
KOF.US,D,20190125,000000,53.3819,53.9397,52.9983,53.1892,54804.456661842,0
KOF.US,D,20190128,000000,52.5296,53.0179,51.7693,51.9807,175917.53334806,0
KOF.US,D,20190129,000000,52.4562,52.4885,51.4063,51.6725,69968.245946129,0
KOF.US,D,20190130,000000,52.0218,52.0218,50.69,50.9748,90738.488122556,0
KOF.US,D,20190131,000000,51.1235,52.332,50.9396,51.7977,96665.835328976,0
KOF.US,D,20190201,000000,52.0306,52.5296,51.7801,52.0159,91744.093234818,0
KOF.US,D,20190204,000000,51.7732,52.2566,51.7732,52.0218,44261.954285734,0
KOF.US,D,20190205,000000,52.1637,52.8232,52.0707,52.6392,97056.222679468,0
KOF.US,D,20190206,000000,52.0482,53.3379,52.0482,52.9983,104910.97968439,0
KOF.US,D,20190207,000000,52.9044,53.3633,52.5981,53.0228,57123.27576725,0
KOF.US,D,20190208,000000,52.8897,53.0394,51.9464,52.24,69253.898412113,0
KOF.US,D,20190211,000000,51.8985,52.3232,51.0032,51.1979,91760.444537456,0
KOF.US,D,20190212,000000,51.5971,51.8143,50.9151,51.5648,109831.69982213,0
KOF.US,D,20190213,000000,51.8398,51.8398,50.1577,50.4415,105904.32131967,0
KOF.US,D,20190214,000000,50.283,51.0726,49.8064,50.648,91979.143210245,0
KOF.US,D,20190215,000000,50.6656,51.191,50.3074,51.0482,90896.891366866,0
KOF.US,D,20190219,000000,50.6979,51.4151,50.2243,50.4063,121274.54579977,0
KOF.US,D,20190220,000000,50.4982,50.7272,50.2487,50.4327,83725.823203512,0
KOF.US,D,20190221,000000,50.1812,50.9748,50.1479,50.9317,217532.6205192,0
KOF.US,D,20190222,000000,51.0325,51.9386,50.6333,50.9748,165636.65181416,0
KOF.US,D,20190225,000000,51.3319,52.105,50.648,50.8397,102217.10257471,0
KOF.US,D,20190226,000000,50.9806,51.9885,50.8133,51.4063,130615.22743195,0
KOF.US,D,20190227,000000,50.9904,51.6989,50.2654,51.1979,143641.08389627,0
KOF.US,D,20190228,000000,51.2654,51.2654,50.19,50.2898,102122.06062813,0
KOF.US,D,20190301,000000,50.2898,50.5159,49.7409,50.2076,100173.18974491,0
KOF.US,D,20190304,000000,50.3074,50.3397,49.7908,50.19,61100.730134041,0
KOF.US,D,20190305,000000,50.2898,50.4738,49.7409,50.008,47054.961167656,0
KOF.US,D,20190306,000000,49.8739,50.1734,49.5569,49.9248,66975.957563301,0
KOF.US,D,20190307,000000,49.824,49.8916,48.4678,48.551,90405.330331299,0
KOF.US,D,20190308,000000,48.551,49.9904,48.2163,49.5902,105442.39702014,0
KOF.US,D,20190311,000000,49.8739,50.3906,49.4659,50.3241,73080.103229499,0
KOF.US,D,20190312,000000,50.6979,51.7057,50.3241,50.4816,102469.52580919,0
KOF.US,D,20190313,000000,50.5403,50.8662,50.5227,50.7977,61635.213339034,0
KOF.US,D,20190314,000000,50.69,50.9904,50.1479,50.2898,72033.619860641,0
KOF.US,D,20190315,000000,51.0726,52.056,50.6,51.7233,157882.0465379,0
KOF.US,D,20190318,000000,51.9327,52.6069,51.9327,52.5473,34134.366214075,0
KOF.US,D,20190319,000000,52.4964,53.4641,52.4964,52.6882,151492.77503195,0
KOF.US,D,20190320,000000,51.8554,54.971,51.8554,54.2802,170712.70932697,0
KOF.US,D,20190321,000000,53.9632,55.1707,53.9632,54.1295,114599.12649764,0
KOF.US,D,20190322,000000,53.4142,53.7127,52.1969,52.4739,123928.56660926,0
KOF.US,D,20190325,000000,52.6314,53.8653,52.4308,53.6393,73377.492546235,0
KOF.US,D,20190326,000000,54.0463,54.4133,53.8555,54.2802,70670.330003165,0
KOF.US,D,20190327,000000,53.6217,54.1628,53.2733,53.422,159215.69965935,0
KOF.US,D,20190328,000000,53.9309,54.7714,52.9475,54.3722,172126.07504878,0
KOF.US,D,20190329,000000,54.6051,55.1296,54.4622,54.971,196016.35015989,0
KOF.US,D,20190401,000000,55.5865,55.654,54.9877,55.4446,121777.3483559,0
KOF.US,D,20190402,000000,55.7538,55.7538,54.838,55.2382,107327.90660563,0
KOF.US,D,20190403,000000,55.1374,55.654,54.9877,55.0542,99962.666723444,0
KOF.US,D,20190404,000000,54.9221,55.746,54.5464,55.5963,108338.62149996,0
KOF.US,D,20190405,000000,55.8037,56.8537,55.7627,56.6541,46414.194495513,0
KOF.US,D,20190408,000000,56.521,57.2118,56.4907,57.0631,51378.858759098,0
KOF.US,D,20190409,000000,57.4692,57.4692,56.0875,56.3869,188817.68917334,0
KOF.US,D,20190410,000000,56.9036,56.9036,55.7216,55.9721,77236.399968897,0
KOF.US,D,20190411,000000,55.7127,56.0288,54.9838,55.0875,38567.613141911,0
KOF.US,D,20190412,000000,55.0464,55.5865,54.654,54.8468,54413.047354936,0
KOF.US,D,20190415,000000,54.7205,55.1129,54.3467,54.6383,59769.120925426,0
KOF.US,D,20190416,000000,54.6295,54.7783,54.0131,54.2636,104491.97755428,0
KOF.US,D,20190417,000000,54.7646,54.7646,53.9045,54.3047,64326.024579466,0
KOF.US,D,20190418,000000,54.1628,54.3966,53.7224,53.8389,39187.940685755,0
KOF.US,D,20190422,000000,53.5551,54.0375,52.9807,53.3144,72565.037196389,0
KOF.US,D,20190423,000000,53.8291,53.8291,52.9475,53.1128,96722.042931796,0
KOF.US,D,20190424,000000,53.1804,53.3066,52.1813,53.0463,93014.385058538,0
KOF.US,D,20190425,000000,52.7302,52.7518,52.056,52.332,76947.186303481,0
KOF.US,D,20190426,000000,52.3652,52.9553,52.1637,52.7234,209114.76552967,0
KOF.US,D,20190429,000000,53.014,54.0884,53.014,53.3721,32880.425692993,0
KOF.US,D,20190430,000000,53.4719,54.1491,53.2146,53.4044,96329.611668474,0
KOF.US,D,20190501,000000,53.3555,53.9045,53.3555,53.4798,148539.32099289,0
KOF.US,D,20190502,000000,53.3956,54.1882,53.3956,53.8389,123540.2231716,0
KOF.US,D,20190503,000000,54.2264,54.8243,54.2264,54.7147,162401.13780459,0
KOF.US,D,20190506,000000,54.0317,54.8164,53.3085,54.6638,68701.019991653,0
KOF.US,D,20190507,000000,54.1765,54.4289,53.652,53.8203,84741.647879923,0
KOF.US,D,20190508,000000,54.1833,54.1833,53.0629,53.1559,79401.92561207,0
KOF.US,D,20190509,000000,52.557,52.8437,52.01,52.4132,120403.83893427,0
KOF.US,D,20190510,000000,52.4386,53.1256,51.6979,52.785,90171.302312287,0
KOF.US,D,20190513,000000,51.8662,52.557,51.4366,52.2879,43745.866296209,0
KOF.US,D,20190514,000000,52.7341,53.3927,52.4807,52.8437,48583.807964346,0
KOF.US,D,20190515,000000,52.8281,53.695,52.2782,53.468,67003.550386504,0
KOF.US,D,20190516,000000,53.2899,54.2352,53.1128,53.2234,167008.11732296,0
KOF.US,D,20190517,000000,52.5658,53.6285,52.5658,52.878,60110.454368003,0
KOF.US,D,20190520,000000,52.5306,53.4592,52.3555,53.3085,52655.282321308,0
KOF.US,D,20190521,000000,53.6187,54.0395,52.7948,54.0395,122346.578079,0
KOF.US,D,20190522,000000,54.2009,54.3017,53.5013,54.0591,44234.361462532,0
KOF.US,D,20190523,000000,53.4494,54.656,53.4494,54.2773,72714.242832965,0
KOF.US,D,20190524,000000,54.7235,54.7235,53.3408,53.3575,139603.334101,0
KOF.US,D,20190528,000000,53.9896,53.9896,52.5404,52.557,113861.27396608,0
KOF.US,D,20190529,000000,52.8281,53.2743,52.2116,53.0287,74946.195643106,0
KOF.US,D,20190530,000000,53.4768,54.1912,53.0972,53.4837,48369.197117217,0
KOF.US,D,20190531,000000,52.6852,53.0972,51.4953,52.5159,67730.161397498,0
KOF.US,D,20190603,000000,52.7253,52.9279,52.2879,52.8349,66924.859742556,0
KOF.US,D,20190604,000000,53.0972,53.8898,52.9533,53.332,48122.905621226,0
KOF.US,D,20190605,000000,53.3927,55.1031,53.3927,53.652,53137.64574914,0
KOF.US,D,20190606,000000,53.3653,53.6696,52.5658,53.4592,74225.716370602,0
KOF.US,D,20190607,000000,53.7371,53.7802,53.0786,53.1647,29541.694085514,0
KOF.US,D,20190610,000000,53.5688,54.3771,53.5179,53.88,68791.974112579,0
KOF.US,D,20190611,000000,54.4368,54.7323,53.6872,54.656,87996.579061379,0
KOF.US,D,20190612,000000,54.5561,55.2793,54.2851,54.4456,78017.174669881,0
KOF.US,D,20190613,000000,54.7068,55.0601,54.2685,54.4955,35468.019335519,0
KOF.US,D,20190614,000000,54.2773,54.5796,53.9475,54.1002,32904.95264695,0
KOF.US,D,20190617,000000,54.0737,54.2929,53.197,53.2312,39792.938883376,0
KOF.US,D,20190618,000000,53.9054,54.7068,53.3839,53.4494,51454.4835338,0
KOF.US,D,20190619,000000,53.8144,53.8144,53.3242,53.5091,71998.873342535,0
KOF.US,D,20190620,000000,54.2088,54.5219,53.3154,53.8389,129007.68999132,0
KOF.US,D,20190621,000000,53.7802,54.2597,52.6069,52.785,35232.969360092,0
KOF.US,D,20190624,000000,53.0717,53.6451,52.649,52.9533,36003.524496927,0
KOF.US,D,20190625,000000,53.3575,53.3653,52.7185,52.8946,29315.841717821,0
KOF.US,D,20190626,000000,52.9709,53.3986,52.2449,52.6999,83409.016714893,0
KOF.US,D,20190627,000000,53.0385,53.332,52.0443,52.3711,50644.072096784,0
KOF.US,D,20190628,000000,52.4386,53.2743,52.101,52.3799,30231.514665572,0
KOF.US,D,20190701,000000,52.5071,53.1901,52.3418,52.7253,37268.706538573,0
KOF.US,D,20190702,000000,52.9279,53.1901,52.9113,53.1813,57714.988531478,0
KOF.US,D,20190703,000000,52.9964,53.3575,52.9964,53.0629,17287.414714448,0
KOF.US,D,20190705,000000,53.0629,53.3653,52.4269,53.0874,70928.884976135,0
KOF.US,D,20190708,000000,53.1901,53.2704,52.8281,53.2058,254350.6442788,0
KOF.US,D,20190709,000000,53.1901,53.468,51.4366,52.0345,166189.53023462,0
KOF.US,D,20190710,000000,51.8662,52.742,51.8662,52.5903,33982.094708255,0
KOF.US,D,20190711,000000,52.4054,52.7752,52.194,52.5903,39569.130428513,0
KOF.US,D,20190712,000000,53.0385,53.0385,51.9406,52.3212,36455.229232313,0
KOF.US,D,20190715,000000,52.6666,53.0972,52.1862,52.9279,26572.91070023,0
KOF.US,D,20190716,000000,53.0972,53.0972,52.3212,52.7948,52671.633623946,0
KOF.US,D,20190717,000000,52.7087,53.0629,51.8916,51.9259,36762.838113198,0
KOF.US,D,20190718,000000,52.1529,52.1598,51.1333,52.0169,88657.78486182,0
KOF.US,D,20190719,000000,51.8574,52.2116,51.6137,51.8574,47099.927249911,0
KOF.US,D,20190722,000000,51.7899,52.0678,51.3447,51.6627,41208.348518013,0
KOF.US,D,20190723,000000,51.8486,52.1099,50.3906,50.9895,100357.14189959,0
KOF.US,D,20190724,000000,50.8192,51.5453,50.3906,51.1842,83819.843193683,0
KOF.US,D,20190725,000000,51.0824,51.5198,50.4337,50.9053,100189.54104755,0
KOF.US,D,20190726,000000,51.3691,51.4494,50.0374,50.829,68999.431264803,0
KOF.US,D,20190729,000000,51.0912,51.9073,50.7693,51.7233,42583.901852468,0
KOF.US,D,20190730,000000,51.8398,52.3369,51.4445,51.8995,76389.198100945,0
KOF.US,D,20190731,000000,52.1451,52.6246,51.5619,51.7057,105347.35507355,0
KOF.US,D,20190801,000000,51.6881,52.4132,51.1842,51.4102,60123.739801397,0
KOF.US,D,20190802,000000,51.1666,51.5374,50.1714,51.149,87623.564969941,0
KOF.US,D,20190805,000000,50.8192,50.8192,49.0579,49.7497,71115.903000061,0
KOF.US,D,20190806,000000,49.734,50.829,49.6988,50.6607,69908.972474064,0
KOF.US,D,20190807,000000,50.3397,50.8123,49.3964,50.602,118279.1915477,0
KOF.US,D,20190808,000000,50.9738,51.284,50.282,50.9053,74077.532690441,0
KOF.US,D,20190809,000000,50.9895,51.1157,50.282,50.8955,156739.49926604,0
KOF.US,D,20190812,000000,50.4757,50.4757,49.1254,49.3964,38162.918401611,0
KOF.US,D,20190813,000000,49.1176,49.9278,49.1176,49.4561,49711.025889981,0
KOF.US,D,20190814,000000,49.0843,49.5814,48.1645,48.2751,74016.215305547,0
KOF.US,D,20190815,000000,48.6371,49.0334,48.0823,48.7379,49086.610520477,0
KOF.US,D,20190816,000000,48.8064,50.1548,48.8064,49.7497,92708.820090483,0
KOF.US,D,20190819,000000,50.0873,50.0873,48.9492,49.0843,67658.624448455,0
KOF.US,D,20190820,000000,49.1009,49.8172,48.4434,48.4434,148909.26921508,0
KOF.US,D,20190821,000000,49.051,50.0785,48.4434,49.8593,114665.55366461,0
KOF.US,D,20190822,000000,49.9346,50.1117,48.9835,49.0843,67437.881862836,0
KOF.US,D,20190823,000000,48.7721,49.4463,48.2868,48.325,50445.812552294,0
KOF.US,D,20190826,000000,48.7046,49.236,48.7046,49.1518,41828.676061857,0
KOF.US,D,20190827,000000,49.2115,49.8006,49.2115,49.3964,78678.380470321,0
KOF.US,D,20190828,000000,49.1176,49.6146,48.9571,49.0256,90897.913323281,0
KOF.US,D,20190829,000000,49.0422,49.5217,48.641,49.051,111564.9379018,0
KOF.US,D,20190830,000000,49.3113,50.053,48.8993,49.734,126681.717191,0
KOF.US,D,20190903,000000,49.7683,49.7751,49.1009,49.6234,74175.640506272,0
KOF.US,D,20190904,000000,49.5393,50.4337,49.5393,50.4337,56443.674751342,0
KOF.US,D,20190905,000000,50.9797,51.0325,50.327,50.7615,90362.408161873,0
KOF.US,D,20190906,000000,51.0648,52.0345,50.6323,51.6627,77185.302148152,0
KOF.US,D,20190909,000000,51.5697,52.01,50.9895,51.5453,110710.58233895,0
KOF.US,D,20190910,000000,51.5952,52.7253,51.4856,52.2968,123523.87186896,0
KOF.US,D,20190911,000000,52.01,52.6666,52.01,52.2703,149613.39718495,0
KOF.US,D,20190912,000000,52.6901,52.6901,51.5374,51.7732,76171.521384572,0
KOF.US,D,20190913,000000,51.8398,52.7674,50.9904,51.419,176917.00672183,0
KOF.US,D,20190916,000000,51.647,51.647,50.829,51.0061,111007.97165568,0
KOF.US,D,20190917,000000,50.6773,51.3769,50.4924,51.1245,358230.46994056,0
KOF.US,D,20190918,000000,51.4024,52.2449,51.2419,51.875,86267.428807369,0
KOF.US,D,20190919,000000,52.2703,52.2703,51.4953,51.9494,92246.895790949,0
KOF.US,D,20190920,000000,52.4054,53.1715,51.8535,52.8525,206707.03621616,0
KOF.US,D,20190923,000000,53.012,53.0717,51.8662,52.33,160779.29297414,0
KOF.US,D,20190924,000000,52.6666,52.7752,51.7987,52.2782,87514.215633547,0
KOF.US,D,20190925,000000,52.1598,52.4885,51.2174,52.3134,107347.32377751,0
KOF.US,D,20190926,000000,52.2194,52.7048,51.2595,51.3358,79010.516305164,0
KOF.US,D,20190927,000000,51.191,51.6137,51.0061,51.0384,49092.742258966,0
KOF.US,D,20190930,000000,50.9474,51.6881,50.6607,51.0981,133847.67557228,0
KOF.US,D,20191001,000000,51.3163,51.3447,49.962,50.2556,83810.645585949,0
KOF.US,D,20191002,000000,50.0618,50.8045,49.7839,50.282,114647.15844914,0
KOF.US,D,20191003,000000,50.4757,50.8632,49.9532,50.417,46139.288219905,0
KOF.US,D,20191004,000000,50.6607,52.1695,50.6607,52.1353,108646.23038085,0
KOF.US,D,20191007,000000,52.194,52.2703,50.8466,50.8711,110886.35884231,0
KOF.US,D,20191008,000000,51.0061,52.0678,50.7615,51.0061,190148.27642554,0
KOF.US,D,20191009,000000,51.3769,52.0443,51.2752,51.6813,111138.78207679,0
KOF.US,D,20191010,000000,51.555,52.557,51.4366,51.9592,140961.5141764,0
KOF.US,D,20191011,000000,52.6578,53.0453,51.8574,52.2292,80508.704409407,0
KOF.US,D,20191014,000000,52.2879,52.7948,51.7566,51.8916,96341.875145453,0
KOF.US,D,20191015,000000,52.0766,52.4562,51.8398,51.9259,124657.22153309,0
KOF.US,D,20191016,000000,52.0678,52.4474,51.8662,52.2449,85873.975587632,0
KOF.US,D,20191017,000000,52.6001,52.6001,51.4396,51.5883,65061.833198194,0
KOF.US,D,20191018,000000,48.0471,49.3289,48.0099,48.6029,1336395.0305057,0
KOF.US,D,20191021,000000,48.4013,49.0001,47.7525,48.6958,270676.39800683,0
KOF.US,D,20191022,000000,49.2193,49.2193,47.9375,48.325,155739.00393586,0
KOF.US,D,20191023,000000,48.461,48.8406,48.2163,48.4434,254692.99967779,0
KOF.US,D,20191024,000000,48.5275,48.7721,47.23,47.8465,204569.10339619,0
KOF.US,D,20191025,000000,47.6684,48.2574,47.138,47.1625,215575.57398467,0
KOF.US,D,20191028,000000,47.3738,47.642,46.6233,47.1869,240461.2346439,0
KOF.US,D,20191029,000000,47.323,47.7946,46.9188,47.5333,327461.40620075,0
KOF.US,D,20191030,000000,47.6791,47.7907,46.9267,47.3102,237139.87629547,0
KOF.US,D,20191031,000000,47.2163,47.4825,46.3689,47.0881,197182.4024293,0
KOF.US,D,20191101,000000,47.594,49.2369,47.4208,48.9375,300745.42160243,0
KOF.US,D,20191104,000000,49.2281,49.6479,48.8005,48.8093,126339.36179201,0
KOF.US,D,20191105,000000,48.5099,49.1176,48.415,48.7839,129193.68605883,0
KOF.US,D,20191106,000000,48.6978,49.1303,48.4756,48.87,108143.42782472,0
KOF.US,D,20191107,000000,48.9375,49.5119,48.9316,49.3749,92381.794037715,0
KOF.US,D,20191108,000000,49.3318,49.735,49.2457,49.5726,109423.93921259,0
KOF.US,D,20191111,000000,49.5031,49.6313,49.28,49.598,53691.546126016,0
KOF.US,D,20191112,000000,49.7086,49.7086,49.3749,49.3827,113830.61527364,0
KOF.US,D,20191113,000000,49.1518,49.5031,49.0745,49.4336,95996.453877217,0
KOF.US,D,20191114,000000,49.3318,50.0687,49.3318,49.9317,80163.283141171,0
KOF.US,D,20191115,000000,50.2654,50.826,50.2654,50.4366,156741.54317887,0
KOF.US,D,20191118,000000,50.5305,50.6597,49.5882,49.7262,118687.97411366,0
KOF.US,D,20191119,000000,49.5794,49.9571,49.4424,49.4865,176327.33787043,0
KOF.US,D,20191120,000000,49.2555,50.0168,49.0491,49.4003,151460.07242667,0
KOF.US,D,20191121,000000,49.6058,50.0168,49.2712,49.8612,111385.07357278,0
KOF.US,D,20191122,000000,49.6146,49.9317,49.2898,49.4268,97021.476161361,0
KOF.US,D,20191125,000000,49.3573,50.0941,49.3573,49.735,81987.475341767,0
KOF.US,D,20191126,000000,49.6146,49.8955,49.2457,49.5031,231620.2896986,0
KOF.US,D,20191127,000000,49.5726,49.7174,49.1176,49.4522,211462.19941469,0
KOF.US,D,20191129,000000,49.4865,49.7262,49.2555,49.5119,79174.029331548,0
KOF.US,D,20191202,000000,49.735,49.7859,48.87,49.1596,256364.92037257,0
KOF.US,D,20191203,000000,48.9727,49.3142,48.7506,48.7839,143780.0699687,0
KOF.US,D,20191204,000000,48.9297,49.2898,48.8348,49.0579,105404.58463279,0
KOF.US,D,20191205,000000,49.2712,49.554,48.8005,49.0745,137202.7584824,0
KOF.US,D,20191206,000000,49.2213,49.3827,48.8005,49.2369,84067.156646089,0
KOF.US,D,20191209,000000,49.1939,49.9669,49.1939,49.828,87496.842374493,0
KOF.US,D,20191210,000000,49.5461,50.0344,49.3827,49.4688,118180.06177545,0
KOF.US,D,20191211,000000,49.6479,50.8554,49.5383,50.4532,129401.14321105,0
KOF.US,D,20191212,000000,50.2908,51.0354,50.2908,50.6939,44162.824513489,0
KOF.US,D,20191213,000000,50.7272,52.1578,50.7272,51.875,93203.446995295,0
KOF.US,D,20191216,000000,52.0208,52.0208,51.3789,51.6871,57229.5592344,0
KOF.US,D,20191217,000000,51.9523,52.149,51.5325,51.8936,85664.474522578,0
KOF.US,D,20191218,000000,51.7468,53.1774,51.7214,53.0483,88401.27380168,0
KOF.US,D,20191219,000000,53.0483,53.0483,52.5003,52.7244,88552.523351085,0
KOF.US,D,20191220,000000,52.7488,53.1353,51.9279,52.8868,182194.38964837,0
KOF.US,D,20191223,000000,53.3741,53.3741,51.6265,52.0208,113567.97247501,0
KOF.US,D,20191224,000000,52.0208,52.1157,51.7468,51.8838,40380.563821944,0
KOF.US,D,20191226,000000,51.9357,52.2527,51.738,52.0472,31064.409143715,0
KOF.US,D,20191227,000000,52.2527,52.8007,52.014,52.2009,83418.214322627,0
KOF.US,D,20191230,000000,52.0981,52.149,51.7468,51.7899,81520.441260158,0
KOF.US,D,20191231,000000,51.7556,52.1842,51.7556,51.9181,99131.81615813,0
KOF.US,D,20200102,000000,51.9944,52.5786,51.9944,52.5443,87010.391121001,0
KOF.US,D,20200103,000000,52.33,52.7156,52.1666,52.5609,185998.11142463,0
KOF.US,D,20200106,000000,52.5443,52.7371,52.2224,52.4915,49399.329183436,0
KOF.US,D,20200107,000000,52.8868,52.9631,52.2009,52.3555,140911.43831207,0
KOF.US,D,20200108,000000,52.697,52.7488,52.192,52.3467,97184.989187745,0
KOF.US,D,20200109,000000,52.8428,52.8428,51.8153,51.9014,99828.790433092,0
KOF.US,D,20200110,000000,52.056,52.33,51.7654,51.8672,77396.847126037,0
KOF.US,D,20200113,000000,51.9093,52.1412,51.6353,52.056,119675.18401045,0
KOF.US,D,20200114,000000,52.1666,52.1666,51.6617,51.9866,93384.333280732,0
KOF.US,D,20200115,000000,52.1412,52.3369,51.6959,51.7468,79930.277078574,0
KOF.US,D,20200116,000000,51.7214,52.4572,51.7214,52.2772,170797.53170941,0
KOF.US,D,20200117,000000,52.6725,53.2537,52.2958,53.0571,272442.33869178,0
KOF.US,D,20200121,000000,52.9289,53.7254,52.8682,53.0825,178330.37244364,0
KOF.US,D,20200122,000000,53.6226,54.8898,53.6226,54.8125,211631.84417957,0
KOF.US,D,20200123,000000,54.7186,54.7186,53.6735,53.7861,166819.0553862,0
KOF.US,D,20200124,000000,54.0414,54.1804,53.7166,53.7166,66108.316567051,0
KOF.US,D,20200127,000000,52.8946,53.0659,52.0384,52.0629,58615.332133004,0
KOF.US,D,20200128,000000,52.2615,52.8868,52.2106,52.7488,75640.104048824,0
KOF.US,D,20200129,000000,52.7664,53.2723,52.1578,53.0228,107987.06849324,0
KOF.US,D,20200130,000000,52.8594,52.8594,52.104,52.7244,77369.254302834,0
KOF.US,D,20200131,000000,52.8007,52.8007,51.6049,52.2009,180641.01589772,0
KOF.US,D,20200203,000000,52.5786,53.2117,52.3897,52.7664,105294.21333998,0
KOF.US,D,20200204,000000,53.3986,54.0757,53.1862,53.7684,202558.91512808,0
KOF.US,D,20200205,000000,53.9309,54.881,53.9309,54.4025,210675.29297522,0
KOF.US,D,20200206,000000,54.4103,55.0787,53.97,54.6325,193821.18778069,0
KOF.US,D,20200207,000000,54.6677,55.0865,54.061,54.881,99483.369164855,0
KOF.US,D,20200210,000000,54.9074,55.2343,54.8644,55.0532,259772.12305985,0
KOF.US,D,20200211,000000,55.02,55.8243,54.9505,55.6266,76297.222023604,0
KOF.US,D,20200212,000000,55.7548,56.0885,55.0787,55.2587,196680.62182958,0
KOF.US,D,20200213,000000,54.9847,55.2587,54.4358,54.925,91548.899559572,0
KOF.US,D,20200214,000000,54.9847,55.3096,54.7871,55.2069,80470.892022056,0
KOF.US,D,20200218,000000,55.2069,55.5239,55.0258,55.2157,113205.17794772,0
KOF.US,D,20200219,000000,55.3781,55.4035,54.9847,55.0014,116196.44437413,0
KOF.US,D,20200220,000000,55.0102,55.0102,53.331,53.4945,130377.11158728,0
KOF.US,D,20200221,000000,53.2723,55.1296,52.8946,54.8898,318597.97821432,0
KOF.US,D,20200224,000000,53.3565,53.3839,52.5189,53.1167,137049.46502016,0
KOF.US,D,20200225,000000,53.2802,53.3927,52.3711,52.4328,200863.48943577,0
KOF.US,D,20200226,000000,52.287,52.5609,51.6695,51.8329,141032.02916903,0
KOF.US,D,20200227,000000,51.6617,51.6617,49.5236,49.6225,283316.97690273,0
KOF.US,D,20200228,000000,48.2956,48.5686,46.8308,47.5588,354217.24709924,0
KOF.US,D,20200302,000000,47.4981,48.9727,47.41,48.2956,196044.96493951,0
KOF.US,D,20200303,000000,48.1938,49.4424,47.3102,47.6879,195062.86482479,0
KOF.US,D,20200304,000000,48.3475,48.4492,47.5079,48.3641,106694.29362839,0
KOF.US,D,20200305,000000,47.4727,47.7222,46.8259,47.0969,233132.78519265,0
KOF.US,D,20200306,000000,46.0166,46.5401,46.0166,46.2319,250541.81272047,0
KOF.US,D,20200309,000000,44.5185,44.9647,40.673,41.6065,397792.44667417,0
KOF.US,D,20200310,000000,42.4637,42.857,41.3834,42.0693,214445.29018979,0
KOF.US,D,20200311,000000,41.2121,41.8462,40.5281,40.7248,392722.52089985,0
KOF.US,D,20200312,000000,39.6103,39.6103,36.8528,38.7972,300439.85663438,0
KOF.US,D,20200313,000000,40.4508,41.1104,37.8118,40.7248,419482.449624,0
KOF.US,D,20200316,000000,38.1719,38.1719,36.2149,37.1278,229306.58037526,0
KOF.US,D,20200317,000000,37.7364,41.2121,36.9918,40.0731,288007.75684712,0
KOF.US,D,20200318,000000,38.4468,38.6181,36.6219,37.0759,175770.37162431,0
KOF.US,D,20200319,000000,36.8528,37.6591,36.0563,37.3675,235536.42668049,0
KOF.US,D,20200320,000000,37.5036,37.8206,34.6531,35.1571,353679.69802501,0
KOF.US,D,20200323,000000,34.84,34.84,32.5963,32.9231,233289.14452413,0
KOF.US,D,20200324,000000,33.7783,34.84,32.5454,33.4271,222797.73996876,0
KOF.US,D,20200325,000000,33.7872,36.2452,33.1619,35.0289,196578.42618809,0
KOF.US,D,20200326,000000,35.3293,36.6904,34.9516,36.0994,197403.14501491,0
KOF.US,D,20200327,000000,35.115,35.2862,33.0758,33.247,298704.57464188,0
KOF.US,D,20200330,000000,33.7431,33.9584,32.6061,33.795,136764.33918041,0
KOF.US,D,20200331,000000,33.9662,35.7481,33.7617,34.4545,142958.41701112,0
KOF.US,D,20200401,000000,33.5993,33.5993,32.5024,32.6217,153832.03326565,0
KOF.US,D,20200402,000000,32.5024,34.4516,32.4319,33.701,146675.27249211,0
KOF.US,D,20200403,000000,33.4104,33.658,32.3135,32.9564,200710.19597353,0
KOF.US,D,20200406,000000,33.8292,35.4223,33.3243,34.4467,164276.42782593,0
KOF.US,D,20200407,000000,35.4399,36.1248,35.0025,35.252,226261.15025886,0
KOF.US,D,20200408,000000,35.4996,36.1601,34.9986,35.9624,180208.72833422,0
KOF.US,D,20200409,000000,36.5534,37.5124,36.5113,36.9301,243716.16582535,0
KOF.US,D,20200413,000000,36.939,36.9918,35.98,36.6385,192007.21514424,0
KOF.US,D,20200414,000000,37.5975,37.6405,36.708,37.3323,424213.08586858,0
KOF.US,D,20200415,000000,36.4164,36.7501,35.9966,36.3646,358700.56989141,0
KOF.US,D,20200416,000000,36.0994,36.21,35.0211,35.8088,175542.47534379,0
KOF.US,D,20200417,000000,36.6992,36.8959,35.5426,35.7569,138071.42143506,0
KOF.US,D,20200420,000000,35.3371,35.6796,35.0631,35.1219,173579.29707076,0
KOF.US,D,20200421,000000,34.4809,34.8919,33.933,34.3606,190365.95314191,0
KOF.US,D,20200422,000000,34.7295,34.8244,33.6756,34.6688,424372.5110693,0
KOF.US,D,20200423,000000,34.9261,35.1874,33.7431,34.0015,205949.76651272,0
KOF.US,D,20200424,000000,34.3694,34.3694,33.1619,33.2128,368414.26561504,0
KOF.US,D,20200427,000000,33.6844,34.0142,33.4916,33.9584,255354.20547823,0
KOF.US,D,20200428,000000,34.66,35.4653,34.6345,35.0719,192811.49484277,0
KOF.US,D,20200429,000000,36.1424,36.21,35.3293,35.7735,177954.29248295,0
KOF.US,D,20200430,000000,36.0818,36.5221,34.8586,35.3792,257990.85302868,0
KOF.US,D,20200501,000000,35.0798,35.1855,34.3645,34.6825,237939.04621192,0
KOF.US,D,20200504,000000,34.2402,34.9232,34.2402,34.6913,104744.40078876,0
KOF.US,D,20200505,000000,34.9829,35.4682,34.9829,35.0798,110777.00950592,0
KOF.US,D,20200506,000000,35.116,35.7775,34.2764,34.4163,207228.23398776,0
KOF.US,D,20200507,000000,34.8322,34.885,33.931,34.0905,736404.41931789,0
KOF.US,D,20200508,000000,34.479,35.8039,34.479,35.618,107223.66705131,0
KOF.US,D,20200511,000000,35.5563,36.1483,35.1424,35.5387,124334.28330598,0
KOF.US,D,20200512,000000,35.5475,36.1131,35.5475,35.6894,194400.63706794,0
KOF.US,D,20200513,000000,35.5221,35.7696,34.0103,34.2676,412485.11405118,0
KOF.US,D,20200514,000000,33.6844,34.5054,33.3488,34.1179,321980.65394764,0
KOF.US,D,20200515,000000,34.4614,35.389,34.1257,34.3909,289108.40390597,0
KOF.US,D,20200518,000000,35.4516,36.4839,35.1825,35.7598,244946.60134889,0
KOF.US,D,20200519,000000,35.9105,35.9105,34.5406,34.6287,164880.40406714,0
KOF.US,D,20200520,000000,35.1062,35.5035,34.7882,35.3009,284229.58398123,0
KOF.US,D,20200521,000000,35.4868,35.6111,35.0886,35.5309,132445.55137104,0
KOF.US,D,20200522,000000,35.5309,35.9634,35.2031,35.5827,94776.237917826,0
KOF.US,D,20200526,000000,36.298,37.0055,36.2188,36.9096,197595.27282092,0
KOF.US,D,20200527,000000,37.0143,38.1983,36.4937,38.1102,182429.4396238,0
KOF.US,D,20200528,000000,38.1102,38.1543,36.7579,37.2795,301771.46584299,0
KOF.US,D,20200529,000000,37.1024,38.9586,36.3832,38.6748,301060.18417822,0
KOF.US,D,20200601,000000,38.4625,38.8872,37.9957,38.2502,235932.94576947,0
KOF.US,D,20200602,000000,38.622,40.0399,38.5956,39.4087,177158.18843574,0
KOF.US,D,20200603,000000,39.8765,40.3276,39.6289,40.0086,241890.95166834,0
KOF.US,D,20200604,000000,40.0536,40.0536,38.7981,39.258,157443.62723591,0
KOF.US,D,20200605,000000,40.0976,41.2288,40.0976,40.9548,190425.22661398,0
KOF.US,D,20200608,000000,41.2992,42.7484,41.0947,42.7484,270031.54350903,0
KOF.US,D,20200609,000000,43.1193,43.1193,40.6896,40.946,182935.30804917,0
KOF.US,D,20200610,000000,41.0243,41.0243,39.7003,39.7874,204594.65230657,0
KOF.US,D,20200611,000000,38.9664,39.5408,37.208,37.3685,234077.07292002,0
KOF.US,D,20200612,000000,38.4723,39.4616,38.4185,39.1876,183098.82107556,0
KOF.US,D,20200615,000000,38.2081,39.1876,37.8226,38.7022,146061.07668675,0
KOF.US,D,20200616,000000,39.6465,40.3178,38.7981,39.7355,189696.57169015,0
KOF.US,D,20200617,000000,39.9733,39.9919,39.4087,39.5682,113193.93642715,0
KOF.US,D,20200618,000000,39.1612,40.442,39.1524,40.4068,126071.60921131,0
KOF.US,D,20200619,000000,41.034,41.7131,40.7767,41.3168,330459.82632206,0
KOF.US,D,20200622,000000,41.1221,41.2542,40.7248,40.9196,89119.709161355,0
KOF.US,D,20200623,000000,41.3256,41.9519,41.0693,41.0791,81263.930200018,0
KOF.US,D,20200624,000000,40.6896,40.6896,39.3471,39.5682,91484.516305433,0
KOF.US,D,20200625,000000,39.3119,39.6113,38.7981,39.5487,117652.73226536,0
KOF.US,D,20200626,000000,39.2854,39.4528,38.0564,38.1719,112898.59102325,0
KOF.US,D,20200629,000000,38.2149,39.0193,37.6601,38.6836,105270.70834243,0
KOF.US,D,20200630,000000,38.6572,38.7815,38.3382,38.7365,127218.24430883,0
KOF.US,D,20200701,000000,38.8069,39.3119,38.2149,38.9498,130391.41897709,0
KOF.US,D,20200702,000000,39.5487,40.0086,38.6925,38.8696,137285.53695201,0
KOF.US,D,20200706,000000,39.5056,40.0536,39.125,39.6729,190221.85728741,0
KOF.US,D,20200707,000000,39.3471,39.3471,38.7551,38.9938,72402.54612642,0
KOF.US,D,20200708,000000,39.0897,39.2756,37.6415,38.0916,92016.955597596,0
KOF.US,D,20200709,000000,38.1983,38.3676,37.2883,37.4918,168092.41307917,0
KOF.US,D,20200710,000000,37.7482,38.4283,37.4204,38.393,111216.45076432,0
KOF.US,D,20200713,000000,37.9595,38.5858,37.2354,37.3587,138334.06423369,0
KOF.US,D,20200714,000000,37.2354,37.3587,36.5016,36.7227,111747.86810007,0
KOF.US,D,20200715,000000,37.2178,37.2178,36.5554,36.7932,166457.28281533,0
KOF.US,D,20200716,000000,36.7491,36.7491,36.2452,36.5113,121846.84139211,0
KOF.US,D,20200717,000000,36.573,36.7315,35.9105,36.343,149179.06570861,0
KOF.US,D,20200720,000000,36.4663,36.5554,35.2129,35.8655,126427.25004369,0
KOF.US,D,20200721,000000,36.2824,36.9967,35.8841,36.6875,151780.96674095,0
KOF.US,D,20200722,000000,36.529,37.3587,36.529,37.2795,89934.20842403,0
KOF.US,D,20200723,000000,37.5809,37.5809,35.5221,36.2892,210022.2628261,0
KOF.US,D,20200724,000000,36.4497,36.847,36.024,36.7227,116602.16107085,0
KOF.US,D,20200727,000000,36.617,37.2619,36.3783,37.2354,69392.88448454,0
KOF.US,D,20200728,000000,37.2002,37.5965,37.2002,37.5084,69401.060135859,0
KOF.US,D,20200729,000000,37.5887,37.5887,36.8734,37.4478,67264.149272303,0
KOF.US,D,20200730,000000,37.1826,37.1826,36.5201,36.9889,71974.346388577,0
KOF.US,D,20200731,000000,36.935,36.935,35.9458,36.5642,102772.024908,0
KOF.US,D,20200803,000000,36.3333,36.529,35.618,35.662,126424.18417445,0
KOF.US,D,20200804,000000,35.5827,36.4761,35.3792,35.751,100994.84270249,0
KOF.US,D,20200805,000000,36.025,37.5965,35.936,37.0945,148786.63444529,0
KOF.US,D,20200806,000000,36.9253,37.2521,36.5808,36.8822,125688.37555572,0
KOF.US,D,20200807,000000,36.7932,37.0945,36.5857,37.0143,50859.704900328,0
KOF.US,D,20200810,000000,37.0945,37.5437,36.7765,37.121,59970.446339162,0
KOF.US,D,20200811,000000,37.4644,37.986,37.4644,37.6415,109640.59397255,0
KOF.US,D,20200812,000000,37.986,38.4185,37.6415,37.9772,80720.249387291,0
KOF.US,D,20200813,000000,37.8891,38.6836,37.5437,37.986,119993.01245548,0
KOF.US,D,20200814,000000,38.12,38.8334,37.9292,38.3735,167932.98787844,0
KOF.US,D,20200817,000000,38.6308,39.2854,38.1631,38.9841,161828.84221224,0
KOF.US,D,20200818,000000,39.1788,39.2052,38.5163,38.7365,94174.30558945,0
KOF.US,D,20200819,000000,38.8334,38.8334,37.986,38.348,343281.2915034,0
KOF.US,D,20200820,000000,38.0916,38.5829,36.9889,38.3676,139566.54367006,0
KOF.US,D,20200821,000000,38.348,38.348,37.8725,38.0916,82973.663282146,0
KOF.US,D,20200824,000000,38.1631,38.5515,38.0486,38.5515,124584.66262763,0
KOF.US,D,20200825,000000,38.4459,38.9498,38.4459,38.7551,114129.02654679,0
KOF.US,D,20200826,000000,38.6572,38.7365,37.6953,38.0036,93268.852205848,0
KOF.US,D,20200827,000000,38.0036,38.5339,37.6063,37.9957,148948.10355885,0
KOF.US,D,20200828,000000,38.1631,38.6748,37.9419,38.5789,83717.647552193,0
KOF.US,D,20200831,000000,38.5789,38.5789,36.8294,36.9164,308983.41226294,0
KOF.US,D,20200901,000000,36.9448,37.9028,36.8734,37.6161,162484.93823061,0
KOF.US,D,20200902,000000,37.7482,37.7482,36.4937,37.2354,273519.48075308,0
KOF.US,D,20200903,000000,37.0945,37.8363,36.1581,36.4409,149341.55677858,0
KOF.US,D,20200904,000000,36.5642,36.7853,35.707,36.5113,98235.560382262,0
KOF.US,D,20200908,000000,36.2188,36.3078,34.5328,35.0093,185900.0036088,0
KOF.US,D,20200909,000000,35.159,36.1219,35.159,35.7598,96930.522040435,0
KOF.US,D,20200910,000000,35.8489,35.9986,35.1776,35.6013,198408.75012718,0
KOF.US,D,20200911,000000,35.6268,36.0348,35.2031,35.8225,118538.76847708,0
KOF.US,D,20200914,000000,36.2031,36.4223,35.9458,36.2374,72119.464199493,0
KOF.US,D,20200915,000000,36.5378,36.573,36.0426,36.1835,158232.57758821,0
KOF.US,D,20200916,000000,36.1747,36.6258,35.9193,36.4663,231924.83271024,0
KOF.US,D,20200917,000000,36.1131,36.6258,35.7256,36.5906,124322.019829,0
KOF.US,D,20200918,000000,36.9448,37.0368,36.3783,36.935,119608.75684348,0
KOF.US,D,20200921,000000,36.388,37.1024,36.2638,36.8646,141985.51450413,0
KOF.US,D,20200922,000000,36.935,37.3147,36.3959,36.4409,202101.07865421,0
KOF.US,D,20200923,000000,36.3607,36.6522,35.7158,35.9546,282752.8569617,0
KOF.US,D,20200924,000000,35.7334,35.7334,35.1424,35.5309,233830.78142402,0
KOF.US,D,20200925,000000,35.3273,36.0162,35.1855,35.981,357393.48763675,0
KOF.US,D,20200928,000000,36.2188,36.6973,35.618,35.707,147096.31853505,0
KOF.US,D,20200929,000000,35.6718,35.8655,34.7803,35.0445,108863.90709722,0
KOF.US,D,20200930,000000,35.3988,36.1219,35.2471,35.9712,134477.20072386,0
KOF.US,D,20201001,000000,36.07,36.5016,35.5426,35.8391,87624.586926356,0
KOF.US,D,20201002,000000,35.3704,36.7843,35.3538,36.5113,113572.06030067,0
KOF.US,D,20201005,000000,36.8117,37.164,36.6875,37.0681,79837.279044818,0
KOF.US,D,20201006,000000,36.6973,37.3323,36.2188,36.529,97845.173031771,0
KOF.US,D,20201007,000000,36.8734,37.1826,36.8734,37.0848,68077.626578564,0
KOF.US,D,20201008,000000,37.1728,37.4918,37.0241,37.4126,163594.78289719,0
KOF.US,D,20201009,000000,37.8891,38.4811,37.5887,37.7394,164340.81108007,0
KOF.US,D,20201012,000000,37.7394,38.1719,37.5084,37.7824,107207.31574867,0
KOF.US,D,20201013,000000,37.6239,37.7658,36.6973,36.8294,103393.37440826,0
KOF.US,D,20201014,000000,36.7491,37.7208,36.2638,36.5113,84252.130757186,0
KOF.US,D,20201015,000000,35.9712,36.8646,35.9458,36.1131,295942.2264524,0
KOF.US,D,20201016,000000,36.1933,36.8734,35.936,36.2638,141997.77798111,0
KOF.US,D,20201019,000000,36.4575,36.4575,35.3988,35.7951,269928.32591112,0
KOF.US,D,20201020,000000,35.9898,36.7765,35.6982,36.4663,199357.1256802,0
KOF.US,D,20201021,000000,36.7765,37.349,36.529,36.8646,68085.802229883,0
KOF.US,D,20201022,000000,36.8646,37.2883,36.5994,36.9605,119750.80878515,0
KOF.US,D,20201023,000000,37.1728,37.3323,36.7579,36.8822,82225.591186439,0
KOF.US,D,20201026,000000,36.8734,37.208,36.2638,36.4839,70927.86301972,0
KOF.US,D,20201027,000000,36.5642,36.7022,35.9193,35.9193,76469.932657722,0
KOF.US,D,20201028,000000,35.433,35.433,34.1883,34.3028,157045.0642341,0
KOF.US,D,20201029,000000,34.7755,34.7755,32.9202,32.9202,160314.30280536,0
KOF.US,D,20201030,000000,32.884,34.4751,32.884,34.4565,190931.09503935,0
KOF.US,D,20201102,000000,34.7304,35.0837,34.1717,34.5201,84043.651648546,0
KOF.US,D,20201103,000000,35.0123,35.4947,34.7931,35.1199,137263.05391088,0
KOF.US,D,20201104,000000,35.3303,36.2305,35.0123,35.8577,98436.885795998,0
KOF.US,D,20201105,000000,36.3851,37.7218,36.3851,37.712,185743.64427732,0
KOF.US,D,20201106,000000,37.94,38.2942,37.3401,37.9674,158840.64165508,0
KOF.US,D,20201109,000000,39.0946,40.2502,38.441,38.9214,168514.48107852,0
KOF.US,D,20201110,000000,38.895,39.9136,38.5672,39.5124,199948.83844443,0
KOF.US,D,20201111,000000,39.6671,40.8227,39.4596,40.7405,210967.57250988,0
KOF.US,D,20201112,000000,40.4508,40.5037,39.6181,39.7502,93819.68671348,0
KOF.US,D,20201113,000000,40.169,41.0086,39.804,41.0037,132257.5113907,0
KOF.US,D,20201116,000000,41.8599,41.9225,41.3775,41.7317,55385.94986192,0
KOF.US,D,20201117,000000,41.4499,41.6045,40.9411,41.3051,188635.78093149,0
KOF.US,D,20201118,000000,41.2591,41.5047,41.1965,41.2229,155348.61658536,0
KOF.US,D,20201119,000000,41.2689,41.7679,41.1505,41.7513,151612.34393249,0
KOF.US,D,20201120,000000,41.5879,41.8237,41.2689,41.6045,116883.19908494,0
KOF.US,D,20201123,000000,41.6045,41.8687,40.9411,40.9773,94803.830741028,0
KOF.US,D,20201124,000000,41.2229,41.6955,41.1505,41.6505,177124.46387405,0
KOF.US,D,20201125,000000,41.6407,41.8325,41.1681,41.6593,144582.30575439,0
KOF.US,D,20201127,000000,41.6505,41.6505,40.9381,40.9871,39295.24610932,0
KOF.US,D,20201130,000000,40.8227,41.2591,40.4587,41.2229,256815.60315154,0
KOF.US,D,20201201,000000,41.0321,41.9871,41.0321,41.5419,202278.8990704,0
KOF.US,D,20201202,000000,41.6955,42.6594,41.5585,42.6143,178133.13485556,0
KOF.US,D,20201203,000000,42.6143,42.7327,41.9959,42.1231,168247.75045423,0
KOF.US,D,20201204,000000,42.4049,43.2063,42.2963,42.6779,163247.31771613,0
KOF.US,D,20201207,000000,42.5595,42.6594,41.7513,42.0595,141414.2408682,0
KOF.US,D,20201208,000000,42.2229,42.3785,41.5507,41.8961,251936.78322681,0
KOF.US,D,20201209,000000,42.0047,42.2415,41.2689,41.5781,87796.275604059,0
KOF.US,D,20201210,000000,41.5585,42.2415,41.3961,41.9871,122379.28068427,0
KOF.US,D,20201211,000000,41.9225,41.9695,41.3325,41.4685,97524.278717492,0
KOF.US,D,20201214,000000,41.6955,41.6955,41.1309,41.3227,73405.085369437,0
KOF.US,D,20201215,000000,41.5683,41.7914,41.3452,41.4323,157358.80485347,0
KOF.US,D,20201216,000000,41.4597,41.6045,41.2043,41.5223,80932.816321591,0
KOF.US,D,20201217,000000,41.8237,42.4685,41.6241,42.1955,101129.74094926,0
KOF.US,D,20201218,000000,42.2229,42.3042,41.3843,42.0497,160839.58840262,0
KOF.US,D,20201221,000000,41.5419,41.5419,40.6338,41.1407,74359.592660954,0
KOF.US,D,20201222,000000,41.0683,41.0683,40.3227,40.4587,61367.46075833,0
KOF.US,D,20201223,000000,40.3863,41.1231,40.3863,40.9225,64110.391775922,0
KOF.US,D,20201224,000000,41.0037,41.4959,41.0037,41.3227,23125.851712772,0
KOF.US,D,20201228,000000,41.3961,41.7591,41.0585,41.6407,53606.72374358,0
KOF.US,D,20201229,000000,41.6407,42.6055,41.6407,42.2875,57054.804687452,0
KOF.US,D,20201230,000000,42.2601,42.7778,41.8863,42.4597,51343.090284576,0
KOF.US,D,20201231,000000,42.5136,42.5136,41.5321,41.9225,58588.761266217,0
KOF.US,D,20210104,000000,42.4509,42.7875,41.4,41.5321,87345.592825088,0
KOF.US,D,20210105,000000,41.5419,42.2875,41.3325,41.8501,91593.865641827,0
KOF.US,D,20210106,000000,42.4049,43.7259,42.3237,42.6055,107531.27593219,0
KOF.US,D,20210107,000000,42.8688,43.0136,42.3599,42.3599,79106.580208164,0
KOF.US,D,20210108,000000,42.3863,42.9872,42.0419,42.6594,88827.429626693,0
KOF.US,D,20210111,000000,42.2141,42.4049,41.5507,41.9871,72836.877602753,0
KOF.US,D,20210112,000000,42.2141,42.6055,42.0165,42.5419,101320.84679885,0
KOF.US,D,20210113,000000,42.7415,42.8688,42.2229,42.5233,108754.55776083,0
KOF.US,D,20210114,000000,42.7963,43.6242,42.0135,43.1604,147561.30870383,0
KOF.US,D,20210115,000000,43.3786,43.3786,42.5419,42.7327,123780.3829291,0
KOF.US,D,20210119,000000,43.2964,43.2964,41.6505,42.7875,162734.29559585,0
KOF.US,D,20210120,000000,43.1868,43.1868,41.8041,42.5693,211274.15943435,0
KOF.US,D,20210121,000000,42.9412,43.2866,41.9255,42.1691,112014.59872436,0
KOF.US,D,20210122,000000,41.9137,42.2229,41.3325,42.1867,144671.21596249,0
KOF.US,D,20210125,000000,42.2513,42.3736,41.4225,41.6955,151670.59544814,0
KOF.US,D,20210126,000000,41.5585,42.5498,41.2454,42.2875,102835.38620573,0
KOF.US,D,20210127,000000,41.7513,41.9685,40.3863,40.3863,111378.94183429,0
KOF.US,D,20210128,000000,40.8785,41.0585,40.3227,40.7131,103651.92938123,0
KOF.US,D,20210129,000000,40.8687,40.8687,39.167,39.5946,182719.67524563,0
KOF.US,D,20210201,000000,39.8138,40.6133,39.5222,40.3686,73458.227103012,0
KOF.US,D,20210202,000000,40.9147,41.3501,40.5321,40.8413,94153.866461152,0
KOF.US,D,20210203,000000,40.9225,41.4959,40.4949,40.4949,98000.510406835,0
KOF.US,D,20210204,000000,40.3403,40.5321,39.8138,39.9675,92756.852041984,0
KOF.US,D,20210205,000000,40.3951,41.0419,40.1397,40.8325,73574.730134311,0
KOF.US,D,20210208,000000,41.1407,41.1407,40.0594,40.3775,94496.221860143,0
KOF.US,D,20210209,000000,40.9411,41.1671,40.5086,40.8413,105874.68458364,0
KOF.US,D,20210210,000000,41.1867,41.5879,40.1133,40.8491,121589.30837556,0
KOF.US,D,20210211,000000,40.7679,41.2659,40.1035,40.3951,108160.80108377,0
KOF.US,D,20210212,000000,40.3951,41.1789,40.2591,40.8325,162897.80862223,0
KOF.US,D,20210216,000000,41.4323,41.4323,40.7953,41.1867,133488.96887065,0
KOF.US,D,20210217,000000,41.1867,41.5879,40.9871,41.3501,161161.50467332,0
KOF.US,D,20210218,000000,41.2865,42.2415,41.0585,41.7131,275745.30182473,0
KOF.US,D,20210219,000000,42.0497,42.0497,41.0585,41.0947,207143.41160533,0
KOF.US,D,20210222,000000,41.0585,41.1603,40.0223,40.123,177576.16860944,0
KOF.US,D,20210223,000000,40.4137,40.7131,39.7943,39.9772,122134.0111447,0
KOF.US,D,20210224,000000,39.7678,40.6133,39.6592,40.1769,119261.29166242,0
KOF.US,D,20210225,000000,40.6045,40.9049,38.6132,38.6582,281723.7468519,0
KOF.US,D,20210226,000000,38.577,39.4136,37.7678,38.3852,288771.15828905,0
KOF.US,D,20210301,000000,38.5584,39.4674,38.5584,39.3862,318658.2736428,0
KOF.US,D,20210302,000000,39.167,40.4675,39.167,40.2052,205092.34508062,0
KOF.US,D,20210303,000000,40.1955,40.6231,39.7052,40.3775,226720.00868915,0
KOF.US,D,20210304,000000,40.6769,41.8325,40.1857,41.3139,321365.43618587,0
KOF.US,D,20210305,000000,41.6045,42.8198,41.3325,42.2875,178675.79371187,0
KOF.US,D,20210308,000000,42.3785,43.36,41.6593,42.632,215148.39620324,0
KOF.US,D,20210309,000000,42.9412,43.0498,42.2141,42.9686,251763.05063627,0
KOF.US,D,20210310,000000,42.9686,43.4608,42.5693,43.132,228236.59200886,0
KOF.US,D,20210311,000000,43.2425,44.0782,42.9774,43.7328,178239.41832271,0
KOF.US,D,20210312,000000,43.5508,44.0009,43.223,43.3326,177161.25430499,0
KOF.US,D,20210315,000000,43.3786,43.6242,42.905,43.2504,71224.230380041,0
KOF.US,D,20210316,000000,43.1241,44.2152,43.1241,44.0968,130155.34704525,0
KOF.US,D,20210317,000000,44.2416,44.6056,43.8502,44.5332,143630.86433212,0
KOF.US,D,20210318,000000,44.497,44.7054,43.6868,43.9236,166156.82762935,0
KOF.US,D,20210319,000000,44.0508,44.0508,42.1955,42.5331,478243.92152434,0
KOF.US,D,20210322,000000,42.0047,43.3101,41.9773,43.0694,141960.98755017,0
KOF.US,D,20210323,000000,43.0879,43.3326,42.6143,42.7689,137728.04407966,0
KOF.US,D,20210324,000000,42.8326,42.8326,42.1143,42.2141,92523.845979386,0
KOF.US,D,20210325,000000,42.1055,42.5233,41.7562,42.2963,130865.6067536,0
KOF.US,D,20210326,000000,42.3961,42.723,41.8325,42.0135,147513.27675233,0
KOF.US,D,20210329,000000,42.0135,42.3785,41.7591,42.1505,144440.25381272,0
KOF.US,D,20210330,000000,42.1505,42.4871,41.6045,42.3325,184102.38227499,0
KOF.US,D,20210331,000000,42.4773,42.6417,41.8961,42.0135,234871.13305439,0
KOF.US,D,20210401,000000,42.2513,42.5693,41.9499,42.3785,118463.14370238,0
KOF.US,D,20210405,000000,42.6417,42.7053,41.9871,42.3413,196641.78748581,0
KOF.US,D,20210406,000000,42.3785,42.7415,42.2317,42.723,150604.6949074,0
KOF.US,D,20210407,000000,42.9774,42.9774,42.1955,42.6594,187956.17991558,0
KOF.US,D,20210408,000000,42.9969,43.8962,42.7778,43.5508,169424.02228778,0
KOF.US,D,20210409,000000,43.5606,43.8238,42.9686,43.7876,174027.93593691,0
KOF.US,D,20210412,000000,43.906,43.9324,43.497,43.5058,135834.35884285,0
KOF.US,D,20210413,000000,43.2964,43.8786,43.2504,43.633,170717.81910904,0
KOF.US,D,20210414,000000,43.588,43.9304,43.405,43.5968,195440.98869831,0
KOF.US,D,20210415,000000,43.6506,43.9784,43.3962,43.7876,233244.17844187,0
KOF.US,D,20210416,000000,43.8502,43.8502,42.9872,43.0782,195899.8471286,0
KOF.US,D,20210419,000000,43.0782,43.8786,43.0782,43.588,213139.22989154,0
KOF.US,D,20210420,000000,43.678,43.769,43.2425,43.6702,156515.69081118,0
KOF.US,D,20210421,000000,43.8698,44.77,43.5146,44.6692,250195.36949582,0
KOF.US,D,20210422,000000,44.997,44.997,44.5234,44.8052,142102.01753543,0
KOF.US,D,20210423,000000,45.1516,45.8053,44.8336,45.2788,211762.65460067,0
KOF.US,D,20210426,000000,45.5695,45.7524,44.8238,45.0234,206490.3814562,0
KOF.US,D,20210427,000000,45.2886,45.4608,43.8238,44.0694,291831.91775167,0
KOF.US,D,20210428,000000,44.3424,44.6056,43.7749,44.3238,169343.287731,0
KOF.US,D,20210429,000000,44.3796,44.4872,43.6604,44.4686,216784.54842349,0
KOF.US,D,20210430,000000,44.2162,44.4862,43.6085,43.8414,247663.98345611,0
KOF.US,D,20210503,000000,43.8708,44.5802,43.7768,44.1036,141359.0552218,0
KOF.US,D,20210504,000000,44.1036,44.1408,43.5615,43.7866,168912.02212392,0
KOF.US,D,20210505,000000,44.1878,44.1878,43.5156,43.5156,123212.17516242,0
KOF.US,D,20210506,000000,43.9353,44.6917,43.7201,44.543,309276.71375402,0
KOF.US,D,20210507,000000,44.7945,45.3072,43.7572,43.9637,330703.05194881,0
KOF.US,D,20210510,000000,44.2338,45.5313,44.2338,45.41,338494.44765601,0
KOF.US,D,20210511,000000,45.41,45.4941,44.9902,45.1487,197622.86564412,0
KOF.US,D,20210512,000000,45.1115,45.1761,43.6927,43.7025,142431.08750103,0
KOF.US,D,20210513,000000,43.7768,45.0469,43.7298,44.8786,175671.24185207,0
KOF.US,D,20210514,000000,45.2055,45.774,45.1389,45.7094,169152.18188142,0
KOF.US,D,20210517,000000,45.7368,45.9051,45.4569,45.727,151146.3318073,0
KOF.US,D,20210518,000000,45.8112,46.4736,45.5597,46.2505,249113.11765244,0
KOF.US,D,20210519,000000,46.2035,46.5206,45.6624,45.9325,203570.65197884,0
KOF.US,D,20210520,000000,46.138,46.4286,45.8307,46.1194,120581.65935047,0
KOF.US,D,20210521,000000,46.2319,46.4041,45.4569,45.8679,111856.19548005,0
KOF.US,D,20210524,000000,46.1106,46.2035,45.5685,45.6898,138008.06013734,0
KOF.US,D,20210525,000000,45.6526,45.7838,44.9716,45.1957,120967.9588753,0
KOF.US,D,20210526,000000,45.1115,45.4569,44.589,45.2984,131511.48320782,0
KOF.US,D,20210527,000000,45.5509,45.6438,44.7573,44.9628,340327.83746434,0
KOF.US,D,20210528,000000,44.9256,45.8728,44.816,45.7564,153511.13895137,0
KOF.US,D,20210601,000000,46.3816,46.8758,46.0636,46.4736,213202.59118927,0
KOF.US,D,20210602,000000,46.6615,46.9589,45.1761,45.7368,844631.64756863,0
KOF.US,D,20210603,000000,45.4667,45.8307,45.133,45.6438,361138.95789736,0
KOF.US,D,20210604,000000,46.0822,46.4932,45.999,46.3992,153822.83565792,0
KOF.US,D,20210607,000000,46.6331,47.6038,46.5773,47.4267,244458.10618257,0
KOF.US,D,20210608,000000,47.6038,47.6038,46.6615,47.3709,152003.7532394,0
KOF.US,D,20210609,000000,47.1654,47.8474,47.091,47.7535,218236.74848907,0
KOF.US,D,20210610,000000,48.2291,48.3788,47.548,47.9492,268748.98820833,0
KOF.US,D,20210611,000000,47.8925,48.1263,47.548,48.0803,200932.98247198,0
KOF.US,D,20210614,000000,48.1263,48.2574,47.7251,47.9492,175331.95232232,0
KOF.US,D,20210615,000000,48.1635,48.3592,47.6508,48.2203,212520.94626053,0
KOF.US,D,20210616,000000,48.0803,48.7056,47.9394,48.6312,374562.35540707,0
KOF.US,D,20210617,000000,48.5275,49.7781,48.0236,48.1547,384564.2428397,0
KOF.US,D,20210618,000000,47.9864,48.4346,46.8944,47.8181,301399.47370797,0
KOF.US,D,20210621,000000,48.1449,48.4434,47.7907,48.2848,161213.62445048,0
KOF.US,D,20210622,000000,48.1361,48.1919,47.6126,48.0705,182805.51958448,0
KOF.US,D,20210623,000000,47.9394,48.369,47.7584,47.7711,83678.813208427,0
KOF.US,D,20210624,000000,47.8748,48.4531,47.7535,48.3132,88330.758809052,0
KOF.US,D,20210625,000000,48.1449,48.686,47.9218,48.6586,172224.18286461,0
KOF.US,D,20210628,000000,48.7702,48.8074,48.2662,48.3886,124974.02802171,0
KOF.US,D,20210629,000000,48.322,48.7702,47.9962,48.6586,89569.36998391,0
KOF.US,D,20210630,000000,48.7986,49.5735,48.2574,49.4052,259301.00115258,0
KOF.US,D,20210701,000000,49.3778,49.5823,48.8172,49.4238,140117.37817769,0
KOF.US,D,20210702,000000,49.3955,49.6381,49.144,49.5638,61310.231199096,0
KOF.US,D,20210706,000000,49.5168,49.5638,48.8172,49.0138,101150.18007756,0
KOF.US,D,20210707,000000,49.0784,49.2937,48.5177,49.0784,192696.01376788,0
KOF.US,D,20210708,000000,48.7144,48.8269,48.1752,48.733,119141.72276187,0
KOF.US,D,20210709,000000,48.8641,49.1724,48.7614,49.0882,101473.11830467,0
KOF.US,D,20210712,000000,49.0686,49.4052,48.7702,49.3955,179218.45256818,0
KOF.US,D,20210713,000000,49.2839,49.3818,48.4629,48.5275,111723.34114611,0
KOF.US,D,20210714,000000,48.8357,49.051,48.5745,48.9297,85441.688024129,0
KOF.US,D,20210715,000000,49.004,50.0775,48.8534,49.3583,173290.08340535,0
KOF.US,D,20210716,000000,49.6009,49.8671,49.2467,49.7604,165109.32230407,0
KOF.US,D,20210719,000000,49.0138,49.5735,48.5373,49.0882,198648.90988468,0
KOF.US,D,20210720,000000,49.2193,49.6381,48.5745,48.6684,107570.11027596,0
KOF.US,D,20210721,000000,48.9943,49.5364,48.6772,49.1058,132184.95248524,0
KOF.US,D,20210722,000000,48.8543,49.2653,48.6117,49.2095,94119.119943045,0
KOF.US,D,20210723,000000,49.2193,49.4375,49.0784,49.098,68716.349337876,0
KOF.US,D,20210726,000000,49.3309,50.6842,48.9385,50.1518,196948.37441028,0
KOF.US,D,20210727,000000,51.0853,51.3094,50.3916,51.0482,184109.53596989,0
KOF.US,D,20210728,000000,51.328,51.9905,50.964,51.8515,119273.55513939,0
KOF.US,D,20210729,000000,52.1872,53.0453,51.8975,52.7371,225625.49336879,0
KOF.US,D,20210730,000000,52.6157,53.3995,52.4954,52.8036,223227.98361944,0
KOF.US,D,20210802,000000,52.9807,53.5219,52.6529,52.7655,177926.69965975,0
KOF.US,D,20210803,000000,52.7743,53.3917,52.1774,53.3819,119678.24987969,0
KOF.US,D,20210804,000000,53.0825,53.4935,52.4103,53.0267,151227.06636407,0
KOF.US,D,20210805,000000,53.0453,53.5678,52.7371,53.0453,308924.13879088,0
KOF.US,D,20210806,000000,53.0825,53.6618,53.0649,53.3624,141665.64214627,0
KOF.US,D,20210809,000000,53.3624,53.6011,53.1862,53.2782,106153.67868491,0
KOF.US,D,20210810,000000,53.4191,53.5776,52.8584,53.3252,156031.28347052,0
KOF.US,D,20210811,000000,53.5502,53.606,52.9338,53.2978,149077.89202354,0
KOF.US,D,20210812,000000,53.1667,53.7919,52.878,53.7176,148092.72603957,0
KOF.US,D,20210813,000000,53.9974,54.9495,53.8859,54.9407,136219.63641127,0
KOF.US,D,20210816,000000,54.8849,55.1364,54.38,55.0151,66225.841554765,0
KOF.US,D,20210817,000000,54.6325,55.0151,54.1285,54.4925,108899.67557174,0
KOF.US,D,20210818,000000,54.38,55.0611,54.2176,54.3428,95036.836803625,0
KOF.US,D,20210819,000000,54.1011,54.334,52.8584,53.241,244308.90054599,0
KOF.US,D,20210820,000000,53.0825,53.6902,52.9455,53.2322,80807.115682558,0
KOF.US,D,20210823,000000,53.4749,54.2401,53.2567,53.8487,104555.338852,0
KOF.US,D,20210824,000000,54.0913,54.0913,53.2792,53.7547,73508.302967342,0
KOF.US,D,20210825,000000,54.0718,54.0718,53.0649,53.6246,89335.341964898,0
KOF.US,D,20210826,000000,53.4563,53.4563,52.8682,53.0453,64484.427823775,0
KOF.US,D,20210827,000000,53.0453,53.2459,52.6157,53.0825,180014.55661539,0
KOF.US,D,20210830,000000,53.0737,53.5033,52.8408,53.335,56609.231690556,0
KOF.US,D,20210831,000000,53.3995,54.1931,53.3995,54.0444,181537.27167359,0
KOF.US,D,20210901,000000,54.1843,54.1931,53.2322,53.335,109087.71555209,0
KOF.US,D,20210902,000000,53.335,53.7547,53.0179,53.5962,105240.04964999,0
KOF.US,D,20210903,000000,53.7273,53.8859,53.1481,53.2782,59893.799608044,0
KOF.US,D,20210907,000000,53.288,53.6755,53.0923,53.2234,51733.477635068,0
KOF.US,D,20210908,000000,53.4289,53.5404,52.5981,53.1295,98715.879897266,0
KOF.US,D,20210909,000000,53.1393,53.1393,52.4308,52.8036,105744.89611895,0
KOF.US,D,20210910,000000,53.195,53.4661,52.9054,52.924,113573.08225708,0
KOF.US,D,20210913,000000,53.2038,53.2704,52.6627,52.9612,102587.05079691,0
KOF.US,D,20210914,000000,53.3252,53.8575,52.5512,53.8115,136446.51073537,0
KOF.US,D,20210915,000000,53.8761,54.3996,53.7655,54.2685,77923.15467971,0
KOF.US,D,20210916,000000,54.1285,54.1608,53.5502,53.6618,58187.132395161,0
KOF.US,D,20210917,000000,53.606,53.8859,52.9895,52.9993,130037.82205754,0
KOF.US,D,20210920,000000,52.3829,52.7195,51.7106,52.6725,152994.02900543,0
KOF.US,D,20210921,000000,52.4944,53.2978,52.4572,52.9426,124037.91594566,0
KOF.US,D,20210922,000000,53.195,54.0816,53.195,53.6618,63113.984271394,0
KOF.US,D,20210923,000000,53.652,54.0718,53.4837,53.7459,39398.463707225,0
KOF.US,D,20210924,000000,53.8663,54.1383,53.3917,53.7547,70945.236278773,0
KOF.US,D,20210927,000000,54.0248,54.1843,53.7831,53.9876,87774.814519346,0
KOF.US,D,20210928,000000,53.6706,53.6706,52.831,53.1578,212445.32148583,0
KOF.US,D,20210929,000000,53.2704,53.2704,52.7469,53.0649,148939.92790753,0
KOF.US,D,20210930,000000,53.288,53.3624,52.3829,52.5228,132036.76880508,0
KOF.US,D,20211001,000000,52.2713,52.2713,51.1509,51.9357,130015.33901641,0
KOF.US,D,20211004,000000,51.9435,52.42,50.7634,50.9454,102349.95690865,0
KOF.US,D,20211005,000000,51.0296,52.0648,51.011,51.7292,117687.47878347,0
KOF.US,D,20211006,000000,51.6548,51.7948,50.6382,51.7762,151253.63723086,0
KOF.US,D,20211007,000000,52.1588,52.3271,50.7771,50.7967,162576.91430795,0
KOF.US,D,20211008,000000,50.7125,51.3182,50.4601,50.6656,88683.333772192,0
KOF.US,D,20211011,000000,50.8055,51.3476,50.7771,50.8711,60203.452401759,0
KOF.US,D,20211012,000000,51.1127,51.6265,50.9924,51.2713,80893.981977824,0
KOF.US,D,20211013,000000,51.4679,51.5384,50.7213,51.0853,86045.664265335,0
KOF.US,D,20211014,000000,51.6079,51.8222,51.2037,51.7762,52979.242504831,0
KOF.US,D,20211015,000000,51.785,52.7655,51.5893,52.7567,91634.743898423,0
KOF.US,D,20211018,000000,53.0081,53.0081,51.6832,51.7576,76288.02441587,0
KOF.US,D,20211019,000000,51.6265,51.739,51.0012,51.011,67399.04751907,0
KOF.US,D,20211020,000000,51.3652,51.7948,50.4415,50.8143,164985.66557787,0
KOF.US,D,20211021,000000,50.8799,50.8799,49.7233,50.1147,158550.40603325,0
KOF.US,D,20211022,000000,49.8818,50.6558,49.8534,50.4973,84529.080945624,0
KOF.US,D,20211025,000000,50.507,51.011,50.4503,50.9826,91223.917419634,0
KOF.US,D,20211026,000000,51.328,51.9161,50.8055,51.8594,188931.12633539,0
KOF.US,D,20211027,000000,51.832,52.2615,51.011,51.2263,134416.90529538,0
KOF.US,D,20211028,000000,51.2439,51.7948,50.0873,51.2908,197781.26888843,0
KOF.US,D,20211029,000000,51.2419,51.7429,50.8505,51.3182,143574.6567293,0
KOF.US,D,20211101,000000,51.2899,51.8241,51.0032,51.8153,110153.61609283,0
KOF.US,D,20211102,000000,51.6235,51.7576,50.8789,51.0129,110453.04932239,0
KOF.US,D,20211103,000000,50.8505,52.1588,50.8505,52.0727,142288.01360294,0
KOF.US,D,20211104,000000,52.0825,52.378,51.5766,52.1686,111699.83614857,0
KOF.US,D,20211105,000000,51.968,52.4259,51.7674,52.1774,87162.662626821,0
KOF.US,D,20211108,000000,52.2351,52.2351,51.0795,51.3476,161820.66656093,0
KOF.US,D,20211109,000000,51.7194,52.0345,50.9552,51.9005,181084.54498179,0
KOF.US,D,20211110,000000,51.9386,52.2155,51.2321,51.4905,79402.947568485,0
KOF.US,D,20211111,000000,51.6049,51.6049,51.0227,51.4239,60038.91741896,0
KOF.US,D,20211112,000000,51.509,51.5766,50.8887,51.0325,75734.124038994,0
KOF.US,D,20211115,000000,51.1176,51.2517,50.0393,50.3642,123972.5107351,0
KOF.US,D,20211116,000000,50.6597,50.6597,48.7594,48.8357,156245.89431765,0
KOF.US,D,20211117,000000,48.8357,49.1127,48.3298,48.9982,174128.08766557,0
KOF.US,D,20211118,000000,48.9884,49.189,48.3494,49.189,88550.479438255,0
KOF.US,D,20211119,000000,48.8455,49.1127,48.6547,48.8074,167875.75831921,0
KOF.US,D,20211122,000000,48.8074,49.4757,48.3592,48.5021,141699.36670796,0
KOF.US,D,20211123,000000,48.5119,48.7506,48.2056,48.3778,140763.25463191,0
KOF.US,D,20211124,000000,47.958,48.5872,47.1752,47.2417,133565.61560177,0
KOF.US,D,20211126,000000,46.4687,46.7261,44.7915,45.3796,157877.95871224,0
KOF.US,D,20211129,000000,45.6947,46.0959,45.0362,46,173593.60446057,0
KOF.US,D,20211130,000000,45.7143,47.0597,45.2084,46.8983,332723.45978107,0
KOF.US,D,20211201,000000,47.137,48.3876,47.137,47.2603,209348.79354868,0
KOF.US,D,20211202,000000,47.6997,48.5588,47.366,48.5402,118823.89431684,0
KOF.US,D,20211203,000000,48.5402,49.1313,47.9962,48.2251,130586.61265234,0
KOF.US,D,20211206,000000,47.8142,48.7408,47.6713,48.187,134903.35654887,0
KOF.US,D,20211207,000000,48.5686,48.8455,47.9101,48.6831,82880.66524839,0
KOF.US,D,20211208,000000,48.6929,49.3328,48.5735,49.323,146055.96690468,0
KOF.US,D,20211209,000000,49.1127,49.2947,48.8651,49.1322,60488.578241516,0
KOF.US,D,20211210,000000,49.3426,49.6381,48.8269,49.3612,67538.033591496,0
KOF.US,D,20211213,000000,49.1127,49.4092,48.5304,48.779,100491.01818995,0
KOF.US,D,20211214,000000,48.4355,49.0275,48.3396,48.8172,146998.21071922,0
KOF.US,D,20211215,000000,49.1127,49.1127,47.2515,47.8817,153202.50811407,0
KOF.US,D,20211216,000000,47.8435,49.0461,47.8435,48.731,115428.95510654,0
KOF.US,D,20211217,000000,48.3494,50.4493,48.3494,50.2869,177514.85122454,0
KOF.US,D,20211220,000000,49.9718,51.147,49.8573,50.6695,208051.93085817,0
KOF.US,D,20211221,000000,51.0795,51.9778,50.9415,51.328,107827.64329251,0
KOF.US,D,20211222,000000,51.3662,51.7674,51.0413,51.6627,65694.424219017,0
KOF.US,D,20211223,000000,51.7958,52.1392,51.4239,52.0629,89055.325907216,0
KOF.US,D,20211227,000000,51.8241,52.512,51.6147,52.101,93712.381289915,0
KOF.US,D,20211228,000000,52.1304,52.4543,51.4709,51.5472,95108.373752668,0
KOF.US,D,20211229,000000,51.4523,51.9298,51.3476,51.6049,88486.096184116,0
KOF.US,D,20211230,000000,51.6049,52.149,51.5002,51.9298,95653.07652181,0
KOF.US,D,20211231,000000,51.9298,52.4925,51.7958,52.3114,78303.322466053,0
KOF.US,D,20220103,000000,52.3114,52.4739,51.7478,52.0629,58576.497789238,0
KOF.US,D,20220104,000000,52.2733,52.7224,52.149,52.2733,122666.45043686,0
KOF.US,D,20220105,000000,52.2733,52.9269,51.4425,51.557,89340.451746973,0
KOF.US,D,20220106,000000,51.4327,51.9484,51.2801,51.6235,65173.226447418,0
KOF.US,D,20220107,000000,51.7194,51.8711,51.3858,51.3858,58349.62346513,0
KOF.US,D,20220110,000000,51.3858,52.1637,51.1558,51.6235,104516.50450824,0
KOF.US,D,20220111,000000,52.2253,52.7694,51.5472,52.2733,142096.90775336,0
KOF.US,D,20220112,000000,52.2733,53.2567,52.0443,53.0659,90481.977062416,0
KOF.US,D,20220113,000000,53.2567,53.2567,52.3692,52.4161,113685.49746272,0
KOF.US,D,20220114,000000,52.0727,53.3046,52.0727,53.2185,68485.387188109,0
KOF.US,D,20220118,000000,53.1901,53.3232,52.2253,52.5883,125072.13583754,0
KOF.US,D,20220119,000000,52.149,52.4357,50.5932,51.4141,143360.04588217,0
KOF.US,D,20220120,000000,51.1754,51.8584,50.7458,50.7938,90227.509915106,0
KOF.US,D,20220121,000000,50.5736,51.6431,50.507,50.8319,122332.27068919,0
KOF.US,D,20220124,000000,50.4405,50.6881,49.371,50.3348,160953.02556468,0
KOF.US,D,20220125,000000,50.3828,51.3564,49.781,51.2419,142420.86793688,0
KOF.US,D,20220126,000000,51.194,51.9298,50.8221,50.9366,96213.108637175,0
KOF.US,D,20220127,000000,51.2996,52.2067,50.326,50.4689,97195.208751894,0
KOF.US,D,20220128,000000,50.5834,50.8251,49.8387,50.0873,108056.56152945,0
KOF.US,D,20220131,000000,49.7624,50.6215,49.6763,50.4307,87073.752418725,0
KOF.US,D,20220201,000000,50.2106,50.6215,49.7526,50.4112,87060.466985331,0
KOF.US,D,20220202,000000,50.7174,51.8868,50.192,51.5384,137259.98804163,0
KOF.US,D,20220203,000000,51.5384,51.5384,50.4875,50.602,89053.281994386,0
KOF.US,D,20220204,000000,50.1822,50.4023,49.6998,50.1254,63643.357694312,0
KOF.US,D,20220207,000000,50.1342,50.5932,50.0197,50.2017,46671.727512068,0
KOF.US,D,20220208,000000,50.3642,51.0893,50.3446,50.8701,78655.897429193,0
KOF.US,D,20220209,000000,51.0227,51.4327,51.0227,51.2135,103066.34835549,0
KOF.US,D,20220210,000000,50.9464,51.9102,50.373,50.4493,78298.212683978,0
KOF.US,D,20220211,000000,50.1538,51.6333,50.1538,51.0129,104867.03555855,0
KOF.US,D,20220214,000000,50.7556,50.9464,49.5951,50.0109,91652.117157477,0
KOF.US,D,20220215,000000,50.3926,51.1754,50.3926,50.9943,91922.935607425,0
KOF.US,D,20220216,000000,51.1176,51.4905,50.8319,51.2703,74851.153696521,0
KOF.US,D,20220217,000000,51.2703,51.328,50.8026,51.0795,57316.425529666,0
KOF.US,D,20220218,000000,50.9748,51.1176,50.2683,50.9846,125190.68278166,0
KOF.US,D,20220222,000000,50.3348,52.9034,50.3348,52.7312,118149.403083,0
KOF.US,D,20220223,000000,53.1226,53.1226,51.1088,51.2615,205159.794204,0
KOF.US,D,20220224,000000,50.4787,50.4787,48.8553,50.2017,142775.48681285,0
KOF.US,D,20220225,000000,51.2801,53.1618,51.147,52.9612,150045.68474845,0
KOF.US,D,20220228,000000,52.4925,52.6842,51.2047,52.5688,108927.26839495,0
KOF.US,D,20220301,000000,52.5404,52.7792,50.4112,50.8603,143128.06177599,0
KOF.US,D,20220302,000000,50.965,52.3975,50.965,52.2831,122048.16680585,0
KOF.US,D,20220303,000000,51.8819,52.3926,51.1871,51.6049,129388.87973407,0
KOF.US,D,20220304,000000,51.0609,51.0609,49.7428,50.2399,179455.54645644,0
KOF.US,D,20220307,000000,50.0393,50.4924,47.9384,48.8935,108980.41012852,0
KOF.US,D,20220308,000000,48.9316,49.6479,48.3778,48.7888,96141.571688132,0
KOF.US,D,20220309,000000,49.552,50.4209,49.0941,50.3348,99223.792235471,0
KOF.US,D,20220310,000000,49.9816,50.4503,48.7594,49.0363,94517.682944856,0
KOF.US,D,20220311,000000,49.2947,49.8955,48.9884,49.2653,74557.852205444,0
KOF.US,D,20220314,000000,49.4757,49.8769,48.3113,48.3876,156298.01409481,0
KOF.US,D,20220315,000000,48.7027,48.8465,48.3201,48.7124,95881.994758748,0
KOF.US,D,20220316,000000,49.4473,50.7076,49.2751,50.0393,94408.333608462,0
KOF.US,D,20220317,000000,50.1156,50.6499,49.6959,50.4875,103591.63395275,0
KOF.US,D,20220318,000000,50.4787,50.7262,49.7242,50.0295,202677.46207221,0
KOF.US,D,20220321,000000,50.2967,50.3162,49.7516,50.0109,70294.250042482,0
KOF.US,D,20220322,000000,50.5452,50.5452,49.9718,50.2203,96035.288220983,0
KOF.US,D,20220323,000000,50.1254,50.7938,50.0677,50.6215,101694.8828467,0
KOF.US,D,20220324,000000,50.7644,51.194,50.3065,51.099,75611.489269206,0
KOF.US,D,20220325,000000,51.0893,51.6,50.4973,51.4523,98146.650174166,0
KOF.US,D,20220328,000000,51.557,51.557,50.6215,51.1088,54841.247092779,0
KOF.US,D,20220329,000000,51.7674,52.7889,51.4905,52.5022,134288.1387871,0
KOF.US,D,20220330,000000,52.0629,52.6069,50.8985,51.099,106560.41733804,0
KOF.US,D,20220331,000000,51.0413,52.6549,50.9846,52.4641,114698.25626989,0
KOF.US,D,20220401,000000,52.5306,53.4759,52.5306,53.4671,85486.654106385,0
KOF.US,D,20220404,000000,53.333,53.562,53.0414,53.1989,48790.243160156,0
KOF.US,D,20220405,000000,52.8369,53.1989,52.0825,52.7889,94524.836639761,0
KOF.US,D,20220406,000000,52.3692,53.0375,52.2537,52.5981,103004.00901419,0
KOF.US,D,20220407,000000,52.5981,52.739,51.8721,52.2919,89265.848928685,0
KOF.US,D,20220408,000000,52.4455,52.7841,51.7772,52.741,80543.450927514,0
KOF.US,D,20220411,000000,52.7224,53.0845,52.3975,52.6363,99702.067837644,0
KOF.US,D,20220412,000000,53.0756,53.4475,52.922,52.9514,73826.131412376,0
KOF.US,D,20220413,000000,52.9993,53.4524,52.8936,53.2851,74116.367034208,0
KOF.US,D,20220414,000000,53.0756,53.8585,52.9416,53.3614,72709.13305089,0
KOF.US,D,20220418,000000,53.7058,54.1158,53.1422,54.106,78216.456170786,0
KOF.US,D,20220419,000000,54.106,54.106,53.2567,53.6001,73452.095364523,0
KOF.US,D,20220420,000000,53.9632,54.4505,53.5189,54.2978,120704.29412025,0
KOF.US,D,20220421,000000,54.746,55.0992,54.0209,54.1823,107413.75094448,0
KOF.US,D,20220422,000000,54.4211,54.4211,53.7058,53.7626,128177.86138242,0
KOF.US,D,20220425,000000,53.7724,53.9534,52.97,53.562,100167.05800642,0
KOF.US,D,20220426,000000,53.5815,53.5815,51.7194,51.7478,98898.810095533,0
KOF.US,D,20220427,000000,52.0541,52.4259,51.5413,51.8721,83720.713421438,0
KOF.US,D,20220428,000000,52.4259,52.8799,51.7772,52.6265,95006.178111178,0
KOF.US,D,20220429,000000,52.7224,53.9749,52.6833,53.4269,184256.69769364,0
KOF.US,D,20220502,000000,53.3878,53.5835,51.4308,51.9592,167827.72636771,0
KOF.US,D,20220503,000000,53.3584,53.9455,52.7077,52.879,203688.17696655,0
KOF.US,D,20220504,000000,53.1432,55.8341,53.0257,55.3938,192630.60855733,0
KOF.US,D,20220505,000000,54.7969,54.8458,53.6031,53.8086,144561.86662609,0
KOF.US,D,20220506,000000,53.7009,53.9162,52.5365,53.016,194618.31378431,0
KOF.US,D,20220509,000000,52.2527,53.241,51.9836,52.8105,86615.91594485,0
KOF.US,D,20220510,000000,52.9768,53.3242,52.2136,52.5756,147894.46649508,0
KOF.US,D,20220511,000000,52.468,53.2508,52.2919,52.4289,106517.49516861,0
KOF.US,D,20220512,000000,52.3995,53.6031,52.2234,53.5052,120600.05456593,0
KOF.US,D,20220513,000000,54.0238,54.3467,53.6618,54.3272,82252.162053226,0
KOF.US,D,20220516,000000,54.5327,55.017,54.2978,54.7381,106240.54498017,0
KOF.US,D,20220517,000000,55.1393,55.7264,54.6501,55.2763,92108.931674937,0
KOF.US,D,20220518,000000,54.9241,54.9241,52.8398,52.8888,103370.89136714,0
KOF.US,D,20220519,000000,52.742,54.3565,52.742,54.0043,194683.71899486,0
KOF.US,D,20220520,000000,53.9945,55.6286,53.9637,55.4525,191014.89546537,0
KOF.US,D,20220523,000000,55.746,56.3723,55.3253,56.0787,127654.61969799,0
KOF.US,D,20220524,000000,55.609,56.3429,55.3742,55.8634,115903.14288305,0
KOF.US,D,20220525,000000,55.9124,56.4408,55.7362,56.2255,122527.46436444,0
KOF.US,D,20220526,000000,56.519,56.8517,56.0787,56.6952,93547.846307116,0
KOF.US,D,20220527,000000,57.067,58.2314,56.7716,58.2314,108834.27036119,0
KOF.US,D,20220531,000000,58.662,58.9947,56.8566,58.3684,372471.43258219,0
KOF.US,D,20220601,000000,57.9868,57.9868,56.4505,57.6346,221382.33033413,0
KOF.US,D,20220602,000000,57.6052,57.6052,56.1081,56.5288,259572.84155894,0
KOF.US,D,20220603,000000,56.6463,56.7245,55.746,56.3625,194764.45355164,0
KOF.US,D,20220606,000000,56.8028,56.9496,55.335,55.6188,189983.74144274,0
KOF.US,D,20220607,000000,55.8047,56.6463,54.7479,56.6463,119773.29182628,0
KOF.US,D,20220608,000000,56.4799,56.7829,55.3742,55.7656,109711.10896517,0
KOF.US,D,20220609,000000,55.5405,55.7069,54.8066,54.8066,98240.670164337,0
KOF.US,D,20220610,000000,54.2587,54.9926,53.8575,54.7479,90089.545799095,0
KOF.US,D,20220613,000000,53.9749,54.3761,53.4269,54.3467,203548.16893771,0
KOF.US,D,20220614,000000,54.4837,55.4329,54.151,54.8458,176201.6372314,0
KOF.US,D,20220615,000000,55.1491,55.1491,53.926,54.6012,185200.98542101,0
KOF.US,D,20220616,000000,53.5835,54.6599,52.8692,54.5229,139593.11453685,0
KOF.US,D,20220617,000000,55.0415,55.6775,53.8868,54.1315,368325.35540694,0
KOF.US,D,20220621,000000,54.7773,56.02,54.0728,55.8537,141156.70785165,0
KOF.US,D,20220622,000000,55.2568,55.9613,55.1296,55.5405,252404.83926483,0
KOF.US,D,20220623,000000,55.5601,56.2646,55.4427,55.4622,192042.98361876,0
KOF.US,D,20220624,000000,55.9319,57.1746,55.5405,56.7539,304422.42078324,0
KOF.US,D,20220627,000000,57.0377,58.2347,56.278,57.8792,195417.48370076,0
KOF.US,D,20220628,000000,57.9085,58.4271,55.2176,55.4622,293782.83254772,0
KOF.US,D,20220629,000000,55.5014,55.7852,54.6305,54.7284,272063.19286185,0
KOF.US,D,20220630,000000,54.0434,55.0219,53.4661,54.0923,365286.05702903,0
KOF.US,D,20220701,000000,53.8379,55.4427,53.7988,55.1687,114807.60560628,0
KOF.US,D,20220705,000000,55.0219,55.0708,53.6618,54.9926,194615.24791507,0
KOF.US,D,20220706,000000,55.0023,55.0023,53.8966,54.5131,111535.30116577,0
KOF.US,D,20220707,000000,54.8556,55.2665,54.063,54.4935,232098.56530077,0
KOF.US,D,20220708,000000,54.4152,54.562,53.3487,53.7401,160855.93970526,0
KOF.US,D,20220711,000000,53.6911,53.6911,52.4778,53.1725,195739.39997146,0
KOF.US,D,20220712,000000,53.016,53.3487,52.5169,52.8007,164427.67737534,0
KOF.US,D,20220713,000000,52.4484,53.0892,52.057,52.6833,131784.3455706,0
KOF.US,D,20220714,000000,51.92,52.3506,50.8388,51.5873,139732.10060928,0
KOF.US,D,20220715,000000,52.2429,53.9651,51.7047,53.8673,208121.42389438,0
KOF.US,D,20220718,000000,54.0238,54.6207,53.5737,54.0238,136651.92397477,0
KOF.US,D,20220719,000000,54.4348,54.7871,54.1315,54.6892,150179.5610388,0
KOF.US,D,20220720,000000,54.8751,54.9534,52.9768,53.1921,141204.73980315,0
KOF.US,D,20220721,000000,52.9083,53.2606,52.4778,53.0747,111781.59266176,0
KOF.US,D,20220722,000000,53.2704,53.4563,52.881,53.3193,77745.334263518,0
KOF.US,D,20220725,000000,53.3193,55.1491,53.3193,54.9436,214810.12862991,0
KOF.US,D,20220726,000000,55.3742,57.3997,55.2176,56.6463,228034.24463871,0
KOF.US,D,20220727,000000,57.478,59.6405,56.157,59.5622,237752.028188,0
KOF.US,D,20220728,000000,59.2002,59.8851,58.7305,59.2589,189925.48992709,0
KOF.US,D,20220729,000000,59.2197,59.2687,58.0455,58.936,419347.55137724,0
KOF.US,D,20220801,000000,59.0045,60.0808,58.7892,59.4252,155435.48288063,0
KOF.US,D,20220802,000000,59.6209,60.0221,57.8205,57.977,196992.31853612,0
KOF.US,D,20220803,000000,58.1238,58.7305,57.8939,58.4859,217243.40685378,0
KOF.US,D,20220804,000000,58.163,58.8724,57.8107,58.4271,122402.78568182,0
KOF.US,D,20220805,000000,58.3195,59.2589,57.889,58.4859,146106.04276901,0
KOF.US,D,20220808,000000,58.7109,59.3176,58.3097,58.6326,234237.52007715,0
KOF.US,D,20220809,000000,58.5641,59.0143,58.4467,58.9262,161785.92004282,0
KOF.US,D,20220810,000000,59.4546,59.8851,58.7011,58.8675,158774.21448811,0
KOF.US,D,20220811,000000,59.2687,60.8637,59.024,60.6484,213691.08635559,0
KOF.US,D,20220812,000000,60.619,61.1376,60.4527,61.0985,115937.88940116,0
KOF.US,D,20220815,000000,60.7364,62.0379,60.2668,61.578,140246.14468597,0
KOF.US,D,20220816,000000,61.8911,62.214,61.0887,61.6758,158167.17237766,0
KOF.US,D,20220817,000000,61.1572,61.7835,60.7658,61.6367,110129.08913887,0
KOF.US,D,20220818,000000,61.578,61.578,61.0309,61.3333,101947.30608118,0
KOF.US,D,20220819,000000,61.2257,61.578,60.8539,61.2746,103266.65181282,0
KOF.US,D,20220822,000000,60.893,61.0642,60.2276,60.482,113806.08831968,0
KOF.US,D,20220823,000000,60.7071,61.6465,60.3891,61.5584,149436.59872517,0
KOF.US,D,20220824,000000,61.715,61.9204,61.0594,61.3725,96642.330331433,0
KOF.US,D,20220825,000000,61.8128,61.9889,61.0887,61.9889,85506.071278268,0
KOF.US,D,20220826,000000,61.7639,61.7639,60.7854,60.893,96403.192530347,0
KOF.US,D,20220829,000000,60.9909,61.6758,60.4135,61.3333,155922.95609054,0
KOF.US,D,20220830,000000,61.6171,61.6171,60.4429,60.6092,153613.33459286,0
KOF.US,D,20220831,000000,60.619,61.2477,59.7579,59.9145,261293.81616163,0
KOF.US,D,20220901,000000,59.6601,60.0564,58.8283,59.7286,222515.67999825,0
KOF.US,D,20220902,000000,60.0221,61.1279,59.7384,60.0123,120548.95674519,0
KOF.US,D,20220906,000000,60.2668,61.5193,59.6894,61.5193,223793.12551688,0
KOF.US,D,20220907,000000,61.5486,61.852,60.7022,60.8049,194728.68507712,0
KOF.US,D,20220908,000000,61.0985,61.715,60.5358,61.6465,125561.65296027,0
KOF.US,D,20220909,000000,61.9498,62.0379,61.2061,61.5682,76319.705064732,0
KOF.US,D,20220912,000000,62.0281,63.7747,61.8715,63.1338,157488.59331816,0
KOF.US,D,20220913,000000,62.3119,62.9283,61.4508,61.7541,106818.97231101,0
KOF.US,D,20220914,000000,61.4703,62.2434,61.4703,62.1846,123401.23709918,0
KOF.US,D,20220915,000000,61.9302,61.9302,60.1787,60.5799,119103.91037452,0
KOF.US,D,20220916,000000,60.0221,60.9321,60.0026,60.6582,89170.8069821,0
KOF.US,D,20220919,000000,60.1787,61.6562,60.0515,61.6367,108281.39194073,0
KOF.US,D,20220920,000000,61.2551,61.5486,60.5756,61.1181,101910.51565024,0
KOF.US,D,20220921,000000,61.1181,61.1181,59.2393,59.3078,212410.57496772,0
KOF.US,D,20220922,000000,59.435,59.5647,58.8283,59.2785,178384.53613362,0
KOF.US,D,20220923,000000,58.7207,58.7207,56.3136,56.568,210556.74603109,0
KOF.US,D,20220926,000000,56.0004,56.453,54.9387,55.2763,100625.91643671,0
KOF.US,D,20220927,000000,55.4035,55.9809,54.7381,55.3644,316520.34082283,0
KOF.US,D,20220928,000000,55.6971,56.9398,55.1149,56.3136,279856.63248188,0
KOF.US,D,20220929,000000,56.1863,57.0181,54.6403,56.705,248272.04752298,0
KOF.US,D,20220930,000000,56.656,57.8792,56.4114,57.1355,235110.27085548,0
KOF.US,D,20221003,000000,57.9379,59.8069,57.7324,59.1708,423412.89399571,0
KOF.US,D,20221004,000000,59.8069,60.0417,59.3274,59.8362,162347.99607101,0
KOF.US,D,20221005,000000,59.6894,60.531,59.2047,60.2668,388867.70130284,0
KOF.US,D,20221006,000000,59.8851,60.2472,59.2002,59.3861,188528.47550792,0
KOF.US,D,20221007,000000,59.5231,59.5231,58.1972,58.6326,132892.14632435,0
KOF.US,D,20221010,000000,58.8968,59.6894,58.4076,58.5152,126661.27806271,0
KOF.US,D,20221011,000000,58.0357,58.7501,57.8107,58.0945,162204.92217293,0
KOF.US,D,20221012,000000,58.8871,58.8871,57.0083,57.4682,484723.1251948,0
KOF.US,D,20221013,000000,56.656,58.9164,56.3821,58.6424,223420.11142544,0
KOF.US,D,20221014,000000,58.2608,58.6424,57.3214,57.5661,227358.73144846,0
KOF.US,D,20221017,000000,58.0847,59.0534,57.9721,58.6913,129289.74996183,0
KOF.US,D,20221018,000000,59.2687,59.3665,58.5739,58.9262,143043.23939355,0
KOF.US,D,20221019,000000,58.7696,59.3176,58.4614,59.1415,178355.92135401,0
KOF.US,D,20221020,000000,59.3763,59.3763,58.026,58.3489,209293.60790228,0
KOF.US,D,20221021,000000,58.4271,59.4888,58.3978,59.2002,355002.10962589,0
KOF.US,D,20221024,000000,59.5818,59.8313,59.024,59.2882,217327.2072798,0
KOF.US,D,20221025,000000,59.21,61.1279,59.1905,60.2961,366190.48845621,0
KOF.US,D,20221026,000000,60.756,61.4703,60.4038,60.8147,188210.64706289,0
KOF.US,D,20221027,000000,60.8147,61.2355,60.1787,61.0691,501210.34803639,0
KOF.US,D,20221028,000000,61.3921,61.578,60.6924,61.03,609466.19106674,0
KOF.US,D,20221031,000000,61.09,63.09,60.55,62.79,308271,0
KOF.US,D,20221101,000000,63.27,64.56,63.07,64.36,452414,0
KOF.US,D,20221102,000000,64.68,64.99,63.23,63.31,215135,0
KOF.US,D,20221103,000000,62.9,63.3379,62.2075,62.87,1371383,0
KOF.US,D,20221104,000000,63.87,63.97,62.295,63.06,597226,0
KOF.US,D,20221107,000000,63,65.195,63,64.96,254093,0
KOF.US,D,20221108,000000,65.45,65.94,64.875,65.75,231161,0
KOF.US,D,20221109,000000,65.47,66.165,65.23,65.35,166802,0
KOF.US,D,20221110,000000,66.48,66.77,65.895,66.27,277812,0
KOF.US,D,20221111,000000,66.2,66.93,65.29,66.65,339679,0
KOF.US,D,20221114,000000,66.71,68.51,66.19,67.86,253579,0
KOF.US,D,20221115,000000,68.47,69.43,67.75,67.92,205621,0
KOF.US,D,20221116,000000,67.68,69.79,67.56,69.03,284927,0
KOF.US,D,20221117,000000,68.35,68.46,67.6,68.3,223535,0
KOF.US,D,20221118,000000,68.41,69.17,68.305,68.94,188198,0
KOF.US,D,20221121,000000,68.85,69.29,68.52,69.24,101015,0
KOF.US,D,20221122,000000,69.06,69.2,67.8,68.03,159906,0
KOF.US,D,20221123,000000,67.85,69.1,67.03,68.38,107533,0
KOF.US,D,20221125,000000,68.33,69.1,68.22,68.33,47243,0
KOF.US,D,20221128,000000,68.07,69.12,67.75,68.07,168730,0
KOF.US,D,20221129,000000,68.07,69.03,67.1,67.21,136578,0
KOF.US,D,20221130,000000,67.71,68.72,66.91,68.31,329754,0
KOF.US,D,20221201,000000,68.6,69.19,68.24,68.68,105751,0
KOF.US,D,20221202,000000,68.5,69.24,68.5,68.77,84954,0
KOF.US,D,20221205,000000,68.32,68.52,66.45,67.47,129357,0
KOF.US,D,20221206,000000,67.72,68.34,67.43,68.29,120963,0
KOF.US,D,20221207,000000,68.3,68.68,66.98,67.38,248525,0
KOF.US,D,20221208,000000,67.38,67.38,66.39,66.39,252715,0
KOF.US,D,20221209,000000,66.31,66.31,65.55,65.72,139751,0
KOF.US,D,20221212,000000,65.57,67.3,65.4412,67.25,108272,0
KOF.US,D,20221213,000000,67.69,67.91,66.99,67.01,157863,0
KOF.US,D,20221214,000000,66.59,67.31,66,66.87,483571,0
KOF.US,D,20221215,000000,66.96,67,66.01,66.5,113262,0
KOF.US,D,20221216,000000,66.44,67.31,65.75,67.14,248684,0
KOF.US,D,20221219,000000,67.97,68.14,67.31,67.56,160250,0
KOF.US,D,20221220,000000,67.57,68.445,67.57,67.67,105602,0
KOF.US,D,20221221,000000,67.96,68.91,67.92,68.69,278318,0
KOF.US,D,20221222,000000,68.5,68.77,68.07,68.75,123688,0
KOF.US,D,20221223,000000,68.53,70.25,68.5,70.16,135690,0
KOF.US,D,20221227,000000,70.32,70.525,69.25,69.27,118719,0
KOF.US,D,20221228,000000,69.63,69.695,69.04,69.34,67757,0
KOF.US,D,20221229,000000,69.31,69.82,69,69.07,100830,0
KOF.US,D,20221230,000000,68.69,68.905,67.49,67.88,139900,0
KOF.US,D,20230103,000000,67.88,67.88,64.97,65.31,212751,0
KOF.US,D,20230104,000000,65.15,66.81,65.15,66.61,143535,0
KOF.US,D,20230105,000000,66.04,66.92,66.03,66.47,168608,0
KOF.US,D,20230106,000000,66.81,68.67,66.72,68.47,107492,0
KOF.US,D,20230109,000000,68.34,68.8,67.44,68.05,123403,0
KOF.US,D,20230110,000000,68.21,68.81,67.755,68.46,129097,0
KOF.US,D,20230111,000000,68.79,71.04,68.7045,70.85,141546,0
KOF.US,D,20230112,000000,70.85,71.395,70.32,70.33,151390,0
KOF.US,D,20230113,000000,70.18,71.125,70.18,70.51,114927,0
KOF.US,D,20230117,000000,70.89,72.59,70.89,72.18,130230,0
KOF.US,D,20230118,000000,72.4,72.99,71.14,71.17,331679,0
KOF.US,D,20230119,000000,70.34,71.5,69.79,70.11,144208,0
KOF.US,D,20230120,000000,70.5,70.93,69.47,70.81,159157,0
KOF.US,D,20230123,000000,71.38,75.17,71.38,73.38,253835,0
KOF.US,D,20230124,000000,75,77.01,74.12,75.04,242909,0
KOF.US,D,20230125,000000,74.34,75.57,74.33,74.98,180303,0
KOF.US,D,20230126,000000,76.29,76.77,74.57,75.9,191444,0
KOF.US,D,20230127,000000,75.75,76.105,73.775,74.16,164655,0
KOF.US,D,20230130,000000,74.29,74.53,73.175,74.27,199253,0
KOF.US,D,20230131,000000,74.73,76.22,73.9005,76.18,181602,0
KOF.US,D,20230201,000000,76.28,76.94,74.39,75.53,246022,0
KOF.US,D,20230202,000000,75.21,76.0128,74.05,74.42,254981,0
KOF.US,D,20230203,000000,74.45,74.45,72.06,73.23,127811,0
KOF.US,D,20230206,000000,73.06,73.69,72.38,72.95,118421,0
KOF.US,D,20230207,000000,72.95,72.9563,71.6,72.38,202873,0
KOF.US,D,20230208,000000,72.23,72.23,69.937,70.59,162348,0
KOF.US,D,20230209,000000,71.08,71.42,70.4114,70.87,121554,0
KOF.US,D,20230210,000000,70.83,71.28,69.91,70.28,155103,0
KOF.US,D,20230213,000000,70.51,71.345,70.51,71.16,92254,0
KOF.US,D,20230214,000000,71.1,71.45,70.39,71.29,203969,0
KOF.US,D,20230215,000000,71.08,71.08,69.76,70.62,127421,0
KOF.US,D,20230216,000000,70.07,70.99,70.07,70.3,185016,0
KOF.US,D,20230217,000000,70.31,71.72,70.04,71.55,112220,0
KOF.US,D,20230221,000000,71.44,71.87,70.82,71.33,143719,0
KOF.US,D,20230222,000000,71.49,72.15,71.49,71.85,128311,0
KOF.US,D,20230223,000000,72.24,72.775,71.875,71.92,148670,0
KOF.US,D,20230224,000000,71.79,73.49,70.44,72.83,187768,0
KOF.US,D,20230227,000000,73.79,73.94,72.775,73.13,83889,0
KOF.US,D,20230228,000000,73.43,73.43,71.885,72.01,146556,0
KOF.US,D,20230301,000000,71.93,73.16,71.93,73.05,149598,0
KOF.US,D,20230302,000000,72.83,73.66,72.6,73.22,168106,0
KOF.US,D,20230303,000000,73.65,74.44,73.2912,74.19,142743,0
KOF.US,D,20230306,000000,73.91,76.32,73.7741,76.31,378349,0
KOF.US,D,20230307,000000,77.55,77.55,75.45,76.41,386315,0
KOF.US,D,20230308,000000,77.88,79.1599,77.6729,78.37,189387,0
KOF.US,D,20230309,000000,78.67,79.07,76.85,77.17,186897,0
KOF.US,D,20230310,000000,77.18,77.3874,75.505,76.02,118295,0
KOF.US,D,20230313,000000,75.49,76.08,74.33,74.55,193995,0
KOF.US,D,20230314,000000,75.32,76.78,74.965,75.55,210009,0
KOF.US,D,20230315,000000,74.79,75.3,73.97,75.09,156839,0
KOF.US,D,20230316,000000,74.78,75.68,74.04,75.58,84486,0
KOF.US,D,20230317,000000,75.06,75.45,74.075,74.62,103836,0
KOF.US,D,20230320,000000,75.1,76.13,74.74,75.72,66605,0
KOF.US,D,20230321,000000,76.2,77.92,76.04,77.13,194269,0
KOF.US,D,20230322,000000,76.98,78.06,76.98,77.26,150920,0
KOF.US,D,20230323,000000,77.47,77.82,76.61,76.95,300139,0
KOF.US,D,20230324,000000,76.94,78.68,76.58,78.66,193778,0
KOF.US,D,20230327,000000,79.22,79.61,78.39,78.45,159517,0
KOF.US,D,20230328,000000,78.19,78.96,77.93,78.64,213509,0
KOF.US,D,20230329,000000,79.31,80.05,78.67,79.4,245823,0
KOF.US,D,20230330,000000,79.79,81.1,79.79,80.03,231023,0
KOF.US,D,20230331,000000,80.25,81.86,80.17,80.47,293426,0
KOF.US,D,20230403,000000,81.25,82.3899,81.25,81.42,417835,0
KOF.US,D,20230404,000000,81.81,82.41,81.2,81.57,254266,0
KOF.US,D,20230405,000000,81.4,81.81,80.68,81.59,200935,0
KOF.US,D,20230406,000000,81.75,82.3,81.62,81.88,102086,0
KOF.US,D,20230410,000000,81.79,82.84,81.6122,82.67,176732,0
KOF.US,D,20230411,000000,82.71,84.55,82.71,83.24,292251,0
KOF.US,D,20230412,000000,83.2,83.775,83,83.4,207675,0
KOF.US,D,20230413,000000,83.64,83.88,83.03,83.71,151857,0
KOF.US,D,20230414,000000,83.69,83.75,82.7501,83.64,77330,0
KOF.US,D,20230417,000000,83.77,84.5699,83.16,83.51,315260,0
KOF.US,D,20230418,000000,83.75,84.075,83.12,83.47,184593,0
KOF.US,D,20230419,000000,83.71,84.68,83.35,83.68,192801,0
KOF.US,D,20230420,000000,83.64,83.99,83.26,83.63,119353,0
KOF.US,D,20230421,000000,84.02,84.02,82.95,83.06,144809,0
KOF.US,D,20230424,000000,83.4,84.75,83.25,84.68,146743,0
KOF.US,D,20230425,000000,84.67,85.61,83.575,84.19,218848,0
KOF.US,D,20230426,000000,83.92,85.22,83.38,83.52,163684,0
KOF.US,D,20230427,000000,83.79,84.49,81.51,82.26,315330,0
KOF.US,D,20230428,000000,82.25,84.66,82.25,84.42,158705,0
KOF.US,D,20230501,000000,83.47,83.9,82.8479,83.72,115289,0
KOF.US,D,20230502,000000,83.48,84.61,81.84,84.59,176237,0
KOF.US,D,20230503,000000,84.88,86.74,84.78,85.91,205582,0
KOF.US,D,20230504,000000,86.57,87,85.565,86.97,186719,0
KOF.US,D,20230505,000000,87.37,89.035,86.81,88.48,201204,0
KOF.US,D,20230508,000000,88.48,90.499,88.2264,89.88,276569,0
KOF.US,D,20230509,000000,89.88,91.23,89.4,90.33,183495,0
KOF.US,D,20230510,000000,90.63,90.68,90,90.27,284574,0
KOF.US,D,20230511,000000,90.11,90.8582,89.28,90.62,140028,0
KOF.US,D,20230512,000000,90.74,90.74,88.6,88.73,114278,0
KOF.US,D,20230515,000000,89.03,89.81,88.38,88.84,161283,0
KOF.US,D,20230516,000000,88.87,89.8499,88.61,88.97,188996,0
KOF.US,D,20230517,000000,89.09,89.09,87.7001,88.51,163593,0
KOF.US,D,20230518,000000,88.39,88.72,87.38,88.57,164703,0
KOF.US,D,20230519,000000,88.33,89.5,88.2855,88.79,115552,0
KOF.US,D,20230522,000000,88.98,89.2485,86.03,86.04,169056,0
KOF.US,D,20230523,000000,86,86.65,85.24,85.71,210002,0
KOF.US,D,20230524,000000,85.53,86.22,85.2,85.26,225104,0
KOF.US,D,20230525,000000,85,85.75,84.16,85.24,155983,0
KOF.US,D,20230526,000000,85.38,86.15,84.64,85.1,123691,0
KOF.US,D,20230530,000000,85.01,85.01,83.26,84.27,290536,0
KOF.US,D,20230531,000000,84.45,84.45,81.63,82.82,286603,0
KOF.US,D,20230601,000000,82.75,84.18,82.75,83.45,142827,0
KOF.US,D,20230602,000000,84.05,84.91,83.61,83.77,179513,0
KOF.US,D,20230605,000000,83.91,85.215,83.91,84.65,127841,0
KOF.US,D,20230606,000000,84.65,85.245,84.51,85.11,148670,0
KOF.US,D,20230607,000000,86.09,87.535,85.41,86.88,301583,0
KOF.US,D,20230608,000000,87.17,88,86.385,87.91,130854,0
KOF.US,D,20230609,000000,88.02,89.34,88.02,88.61,137415,0
KOF.US,D,20230612,000000,88.74,89,87.7059,88.38,171343,0
KOF.US,D,20230613,000000,88.17,89.27,87.71,88.26,158258,0
KOF.US,D,20230614,000000,88.56,89.08,87.76,88.6,158744,0
KOF.US,D,20230615,000000,88.93,88.93,87.35,88.34,141583,0
KOF.US,D,20230616,000000,88.43,89.25,88.14,88.14,85541,0
KOF.US,D,20230620,000000,88.32,89.0053,87.7,87.79,106171,0
KOF.US,D,20230621,000000,87.57,88.69,86.8,88.37,84480,0
KOF.US,D,20230622,000000,88.52,88.52,87.7,88.24,91149,0
KOF.US,D,20230623,000000,88.14,88.14,86.71,86.82,178344,0
KOF.US,D,20230626,000000,86.98,87.175,85.25,85.7,168629,0
KOF.US,D,20230627,000000,86.16,86.27,83.82,84.51,312481,0
KOF.US,D,20230628,000000,84.1,84.71,83.94,83.95,169240,0
KOF.US,D,20230629,000000,83.25,84.31,82.69,83.29,177638,0
KOF.US,D,20230630,000000,83.75,83.85,82.1532,83.31,155853,0
KOF.US,D,20230703,000000,83.28,84.85,83.28,84.21,66945,0
KOF.US,D,20230705,000000,84.06,84.06,82.46,83.89,175461,0
KOF.US,D,20230706,000000,83.16,83.235,81.39,81.53,217184,0
KOF.US,D,20230707,000000,81.63,82.18,81.16,81.63,139152,0
KOF.US,D,20230710,000000,81.93,82.09,80.87,80.87,149402,0
KOF.US,D,20230711,000000,80.52,81.08,77.23,80.95,309363,0
KOF.US,D,20230712,000000,81.58,82.87,80.86,82.76,165213,0
KOF.US,D,20230713,000000,83.12,85.42,82.895,84.98,163163,0
KOF.US,D,20230714,000000,85,85,83.39,84.42,97923,0
KOF.US,D,20230717,000000,84,84.4,83.17,83.69,130922,0
KOF.US,D,20230718,000000,83.65,84.525,83.16,83.46,138735,0
KOF.US,D,20230719,000000,84,84.25,82.51,83.66,210498,0
KOF.US,D,20230720,000000,83.24,83.6868,81.93,82.49,121847,0
KOF.US,D,20230721,000000,82.47,83.75,82.47,83.33,54172,0
KOF.US,D,20230724,000000,83.41,83.49,81.07,81.86,272569,0
KOF.US,D,20230725,000000,81.86,82.37,81.22,81.91,224360,0
KOF.US,D,20230726,000000,82.22,85.5,81.92,84.9,153538,0
KOF.US,D,20230727,000000,84.28,85.32,83.59,83.59,149726,0
KOF.US,D,20230728,000000,83.86,85.5599,83.86,84.96,66801,0
KOF.US,D,20230731,000000,85.5,85.56,84.08,84.32,83722,0
KOF.US,D,20230801,000000,83.62,84.41,83.34,83.7,88268,0
KOF.US,D,20230802,000000,83.35,83.45,82.28,82.47,101941,0
KOF.US,D,20230803,000000,82.06,82.22,79,80.96,189960,0
KOF.US,D,20230804,000000,81.21,82.16,81.045,81.05,88553,0
KOF.US,D,20230807,000000,81.06,82.48,81.06,82.17,50477,0
KOF.US,D,20230808,000000,81.1,81.43,80.35,81,150864,0
KOF.US,D,20230809,000000,81.17,82.6,80.66,82.12,94227,0
KOF.US,D,20230810,000000,82.55,83.565,82.49,82.69,166585,0
KOF.US,D,20230811,000000,82.73,83.23,82.185,82.64,97705,0
KOF.US,D,20230814,000000,82.75,83.4,82.28,82.81,313381,0
KOF.US,D,20230815,000000,82.7,83.58,82.18,83.27,112540,0
KOF.US,D,20230816,000000,83.46,84.29,83.27,84,81904,0
KOF.US,D,20230817,000000,84,84.91,83.95,84.46,163625,0
KOF.US,D,20230818,000000,84.44,87.09,84.39,86.75,148933,0
KOF.US,D,20230821,000000,86.72,86.72,85.205,85.67,129903,0
KOF.US,D,20230822,000000,86.15,86.8,85.88,86,122911,0
KOF.US,D,20230823,000000,85.87,87.575,85.87,86.8,110009,0
KOF.US,D,20230824,000000,86.66,87.9,86.01,86.22,75599,0
KOF.US,D,20230825,000000,86.63,87.36,85.865,87.18,102529,0
KOF.US,D,20230828,000000,87.18,87.94,86.5,86.63,97633,0
KOF.US,D,20230829,000000,86.25,88.21,86.18,87.74,185200,0
KOF.US,D,20230830,000000,88.25,89.78,88.25,88.95,147450,0
KOF.US,D,20230831,000000,89,89,84.17,84.74,176003,0
KOF.US,D,20230901,000000,85.51,85.515,84.28,84.69,109374,0
KOF.US,D,20230905,000000,84.61,84.61,83.09,83.44,127041,0
KOF.US,D,20230906,000000,83.56,84.3965,83.25,83.55,136311,0
KOF.US,D,20230907,000000,83.78,84.32,81.29,82.22,544945,0
KOF.US,D,20230908,000000,82.29,82.4937,81.41,81.79,152954,0
KOF.US,D,20230911,000000,81.99,83.32,81.97,82.15,114236,0
KOF.US,D,20230912,000000,81.71,82.15,79.345,79.65,281189,0
KOF.US,D,20230913,000000,79.74,80.75,79.36,80.07,182365,0
KOF.US,D,20230914,000000,80.78,81.535,80.54,80.54,89201,0
KOF.US,D,20230915,000000,80.66,80.9284,79.16,79.7,126601,0
KOF.US,D,20230918,000000,80.06,80.33,79.19,79.75,119075,0
KOF.US,D,20230919,000000,80.13,81.81,79.92,81.5,122675,0
KOF.US,D,20230920,000000,82.3,82.35,81.34,81.37,67898,0
KOF.US,D,20230921,000000,80.79,80.95,79.07,79.27,189511,0
KOF.US,D,20230922,000000,79.89,79.99,79.01,79.02,75882,0
KOF.US,D,20230925,000000,79,79,78.01,78.21,79502,0
KOF.US,D,20230926,000000,77.75,78.08,76.73,76.82,142190,0
KOF.US,D,20230927,000000,76.72,77.03,75.19,75.75,188654,0
KOF.US,D,20230928,000000,75.97,78.73,75.67,78.5,177065,0
KOF.US,D,20230929,000000,79.13,79.81,77.77,78.44,118444,0
KOF.US,D,20231002,000000,78.07,78.07,76.5,77.74,128324,0
KOF.US,D,20231003,000000,77.64,78.14,75.87,76.3,133094,0
KOF.US,D,20231004,000000,76.33,76.4,75.16,76.24,145591,0
KOF.US,D,20231005,000000,76.04,76.34,74.81,75.73,150470,0
KOF.US,D,20231006,000000,75.25,75.5,74.23,74.69,189326,0
KOF.US,D,20231009,000000,73.91,74.78,73.5,74.43,119173,0
KOF.US,D,20231010,000000,74.7,76.815,74.37,76.45,235648,0
KOF.US,D,20231011,000000,76.72,76.78,75.2,76.23,141067,0
KOF.US,D,20231012,000000,76.57,76.57,74.17,75.65,168208,0
KOF.US,D,20231013,000000,75.65,75.85,73.05,73.55,211470,0
KOF.US,D,20231016,000000,73.71,74.9899,73.42,74.9,178503,0
KOF.US,D,20231017,000000,74.42,75.2699,74.42,74.97,149162,0
KOF.US,D,20231018,000000,74.79,74.79,72.45,72.57,167449,0
KOF.US,D,20231019,000000,72.38,72.48,70.77,70.78,274917,0
KOF.US,D,20231020,000000,70.3,70.81,69.45,69.61,168245,0
KOF.US,D,20231023,000000,69.84,71.76,69.335,71.45,143309,0
KOF.US,D,20231024,000000,71.64,73.78,71.63,73.21,286837,0
KOF.US,D,20231025,000000,72.4,73.76,71.1,73.57,256041,0
KOF.US,D,20231026,000000,74,76.76,73.95,75.99,213174,0
KOF.US,D,20231027,000000,75.93,77.73,74.83,75.4,130511,0
KOF.US,D,20231030,000000,76.52,78.14,76.52,77.59,186718,0
KOF.US,D,20231031,000000,76.52,76.62,75.42,76.02,126798,0
KOF.US,D,20231101,000000,75.82,77.45,75.82,76.79,105143,0
KOF.US,D,20231102,000000,77.36,78.48,76.7401,78.2,90491,0
KOF.US,D,20231103,000000,78.86,81.935,78.78,81.55,259132,0
KOF.US,D,20231106,000000,81.3,82.26,81.01,82.04,115512,0
KOF.US,D,20231107,000000,82.22,82.85,81.76,82.56,108556,0
KOF.US,D,20231108,000000,83.96,83.96,82.79,82.88,178242,0
KOF.US,D,20231109,000000,83.18,83.46,82.1493,82.31,134219,0
KOF.US,D,20231110,000000,82.5,82.8,80.91,82.49,128125,0
KOF.US,D,20231113,000000,82.45,84.1,82.0485,83.27,124261,0
KOF.US,D,20231114,000000,84.36,85.16,83.535,85.04,117263,0
KOF.US,D,20231115,000000,84.65,84.925,83.72,84.11,133183,0
KOF.US,D,20231116,000000,83.56,84.92,83.4,84.92,110698,0
KOF.US,D,20231117,000000,84.92,84.98,84.1,84.38,75880,0
KOF.US,D,20231120,000000,84.59,85.55,83.85,85.31,52209,0
KOF.US,D,20231121,000000,85.42,85.74,84.14,85.01,101356,0
KOF.US,D,20231122,000000,85.41,85.91,85,85.4,80695,0
KOF.US,D,20231124,000000,85.23,86.77,84.845,85.91,62973,0
KOF.US,D,20231127,000000,86.59,86.99,85.26,85.28,72609,0
KOF.US,D,20231128,000000,85.2,85.88,84.54,85.13,97990,0
KOF.US,D,20231129,000000,85.03,85.9,83.51,83.86,99559,0
KOF.US,D,20231130,000000,83.44,84.65,82.13,84.65,188920,0
KOF.US,D,20231201,000000,84.97,86.16,84.0493,85.64,106820,0
KOF.US,D,20231204,000000,85.62,86.81,85.49,86.3,133812,0
KOF.US,D,20231205,000000,86.16,87.42,85.29,87.3,80688,0
KOF.US,D,20231206,000000,87.52,88.675,87.43,88.57,93850,0
KOF.US,D,20231207,000000,90.59,90.59,86.57,88.04,196085,0
KOF.US,D,20231208,000000,87.71,89.15,87.505,88.59,64910,0
KOF.US,D,20231211,000000,88.26,90.37,88.26,89.92,95512,0
KOF.US,D,20231212,000000,90.51,90.81,89.795,90.61,153131,0
KOF.US,D,20231213,000000,90.89,93.54,90.385,93.24,151559,0
KOF.US,D,20231214,000000,94.81,96.08,93.35,95.99,300409,0
KOF.US,D,20231215,000000,95.47,97.8825,95.47,96.72,252838,0
KOF.US,D,20231218,000000,97,97.87,95.6,97.6,100841,0
KOF.US,D,20231219,000000,98,99.34,98,98.51,163202,0
KOF.US,D,20231220,000000,98,98.35,96.14,96.27,101634,0
KOF.US,D,20231221,000000,96.5,97.135,95.25,95.92,112753,0
KOF.US,D,20231222,000000,96.27,97.16,94.99,95.15,138055,0
KOF.US,D,20231226,000000,95,96.2175,95,95.44,66852,0
KOF.US,D,20231227,000000,95.84,96.34,95.62,95.79,72457,0
KOF.US,D,20231228,000000,95.78,96.46,94.215,94.92,80252,0
KOF.US,D,20231229,000000,94.84,95.4,94.4,94.64,53295,0
KOF.US,D,20240102,000000,93.97,94.6,92.577,92.78,149667,0
KOF.US,D,20240103,000000,92.61,93.21,91.48,91.81,171357,0
KOF.US,D,20240104,000000,91.01,91.85,90.25,90.55,287867,0
KOF.US,D,20240105,000000,90.26,90.94,89,90.56,442077,0
KOF.US,D,20240108,000000,91.07,91.7,89.82,89.97,227175,0
KOF.US,D,20240109,000000,89.11,90.58,89.0801,90.21,251741,0
KOF.US,D,20240110,000000,90.54,90.63,89.8,90.48,171913,0
KOF.US,D,20240111,000000,90.46,90.6098,89.63,89.78,136046,0
KOF.US,D,20240112,000000,91,93.71,90.65,92.87,270078,0
KOF.US,D,20240116,000000,91.54,92.245,90.95,91.34,181789,0
KOF.US,D,20240117,000000,90.88,91.275,90.01,90.9,127818,0
KOF.US,D,20240118,000000,91.67,91.89,90.02,91,115469,0
KOF.US,D,20240119,000000,91.04,91.57,90.095,91.04,106457,0
KOF.US,D,20240122,000000,91.16,91.55,89.64,89.75,104747,0
KOF.US,D,20240123,000000,89.74,91.01,89.46,90.83,103011,0
KOF.US,D,20240124,000000,91.89,92.45,89.85,89.88,113630,0
KOF.US,D,20240125,000000,90,91.16,89.2349,90.97,130978,0
KOF.US,D,20240126,000000,91.08,93.12,90.105,91.92,177205,0
KOF.US,D,20240129,000000,91.99,93.11,91.15,92.78,116494,0
KOF.US,D,20240130,000000,92.98,93.43,92.015,93.18,114922,0
KOF.US,D,20240131,000000,93.1,96.66,92.5,94.94,253130,0
KOF.US,D,20240201,000000,95.5,98.29,95.13,97.88,139538,0
KOF.US,D,20240202,000000,98.86,102.94,98.22,102.39,284212,0
KOF.US,D,20240205,000000,101.28,101.28,96.83,97.25,174153,0
KOF.US,D,20240206,000000,97.16,100.48,97.16,98.01,321865,0
KOF.US,D,20240207,000000,98.35,99.265,97.18,97.59,146925,0
KOF.US,D,20240208,000000,98.12,98.545,97.4596,97.72,84440,0
KOF.US,D,20240209,000000,98.02,98.3748,97.14,97.61,73492,0
KOF.US,D,20240212,000000,98.18,98.42,96.89,97.78,89588,0
KOF.US,D,20240213,000000,97.02,97.95,96.84,97.04,96307,0
KOF.US,D,20240214,000000,97.11,98.39,97.11,98.09,154591,0
KOF.US,D,20240215,000000,98.6,100.92,98.6,100.67,145594,0
KOF.US,D,20240216,000000,100.7,101.42,99.7059,100.75,128108,0
KOF.US,D,20240220,000000,101,104.375,98.37,100.29,210605,0
KOF.US,D,20240221,000000,100.23,100.97,99.33,100.7,127850,0
KOF.US,D,20240222,000000,101.15,101.45,98.572,100.41,141318,0
KOF.US,D,20240223,000000,101.22,101.95,97.14,98.84,164913,0
KOF.US,D,20240226,000000,98.7,98.97,98.42,98.66,260690,0
KOF.US,D,20240227,000000,98.95,101.58,98.7,99.9,229054,0
KOF.US,D,20240228,000000,99.6,99.82,95.78,96.67,194958,0
KOF.US,D,20240229,000000,97.27,98.87,96.89,97.05,332075,0
KOF.US,D,20240301,000000,97,97.98,96.67,96.96,156844,0
KOF.US,D,20240304,000000,96.75,96.9699,95.54,95.84,151003,0
KOF.US,D,20240305,000000,96.86,98,96.685,97.33,167819,0
KOF.US,D,20240306,000000,97.52,98.8437,95.98,96.19,136444,0
KOF.US,D,20240307,000000,95.98,96.82,95.47,96.79,103839,0
KOF.US,D,20240308,000000,96.3,96.93,95.17,95.84,136272,0
KOF.US,D,20240311,000000,96.27,97.11,95.39,96.56,201950,0
KOF.US,D,20240312,000000,97.16,98.79,96.84,98.39,205734,0
KOF.US,D,20240313,000000,98.52,99.94,97.99,99.73,163595,0
KOF.US,D,20240314,000000,99.61,100.63,99.18,99.64,103970,0
KOF.US,D,20240315,000000,99.36,100.165,97.91,98.33,468190,0
KOF.US,D,20240318,000000,98.37,99.15,98,98.28,103983,0
KOF.US,D,20240319,000000,98.01,98.3025,96.42,96.63,99411,0
KOF.US,D,20240320,000000,96.38,98.53,96.33,98.52,85071,0
KOF.US,D,20240321,000000,98.35,98.89,96.82,96.86,103742,0
KOF.US,D,20240322,000000,96.49,97.54,95.7,96.53,149253,0
KOF.US,D,20240325,000000,96.76,97.2,94.79,95.07,91555,0
KOF.US,D,20240326,000000,95.56,96.42,95.29,96.15,104266,0
KOF.US,D,20240327,000000,95.07,97.25,95.07,96.73,132887,0
KOF.US,D,20240328,000000,95.98,98,95,97.2,105460,0
KOF.US,D,20240401,000000,96.31,97.99,95.3602,96.17,201304,0
KOF.US,D,20240402,000000,95.74,95.74,93.38,95.06,163555,0
KOF.US,D,20240403,000000,94.94,96.11,93.745,93.79,155398,0
KOF.US,D,20240404,000000,93.12,96.38,93.01,95.88,248292,0
KOF.US,D,20240405,000000,95.64,96.64,94.82,95.49,65446,0
KOF.US,D,20240408,000000,95.47,97.04,95.25,95.8,60659,0
KOF.US,D,20240409,000000,96.05,96.21,94.33,94.99,87523,0
KOF.US,D,20240410,000000,94.06,94.45,92.4627,93.67,86644,0
KOF.US,D,20240411,000000,94.16,95.36,92.9001,95.2,119936,0
KOF.US,D,20240412,000000,95.04,98.08,94.27,97.12,264511,0
KOF.US,D,20240415,000000,97.83,97.83,94.7101,94.79,200123,0
KOF.US,D,20240416,000000,93.59,94.2,92.07,92.83,231126,0
KOF.US,D,20240417,000000,93.35,93.99,91.46,91.99,165891,0
KOF.US,D,20240418,000000,92.6,93.51,91.83,93.24,138345,0
KOF.US,D,20240419,000000,93.42,94.06,93.025,93.29,81800,0
KOF.US,D,20240422,000000,93.42,95.14,92.54,94.96,135427,0
KOF.US,D,20240423,000000,94.85,95.21,93.41,94.53,143427,0
KOF.US,D,20240424,000000,94.22,96.93,93.76,95.59,172265,0
KOF.US,D,20240425,000000,96.18,99.22,94.69,98.67,247044,0
KOF.US,D,20240426,000000,98.67,100.22,98.66,99.61,127750,0
KOF.US,D,20240429,000000,100.2,100.83,99.488,100.7,137551,0
KOF.US,D,20240430,000000,100.09,100.79,99.01,99.15,176954,0
KOF.US,D,20240501,000000,99.53,99.705,98.23,98.49,66551,0
KOF.US,D,20240502,000000,97.52,98.8037,97.3637,97.57,189249,0
KOF.US,D,20240503,000000,98.2,98.68,97.2601,98.33,107308,0
KOF.US,D,20240506,000000,98.33,98.78,96.46,97.1,91295,0
KOF.US,D,20240507,000000,97.42,99.5,97.19,99.42,149201,0
KOF.US,D,20240508,000000,99.26,99.95,98.66,99.54,136554,0
KOF.US,D,20240509,000000,99.59,101.36,99.47,101.12,95598,0
KOF.US,D,20240510,000000,101.13,101.495,99.89,99.89,90947,0
KOF.US,D,20240513,000000,100.33,101.74,100.27,100.89,98606,0
KOF.US,D,20240514,000000,100.89,101.07,99.96,100.6,91162,0
KOF.US,D,20240515,000000,100.64,102.28,100.27,100.38,132067,0
KOF.US,D,20240516,000000,100.16,100.16,96.22,97.95,166814,0
KOF.US,D,20240517,000000,97.87,98.35,97.2983,97.69,88858,0
KOF.US,D,20240520,000000,97.25,97.71,96.77,97.59,53609,0
KOF.US,D,20240521,000000,97.85,97.85,95.63,96.9,114437,0
KOF.US,D,20240522,000000,96.18,96.75,94.6101,95.65,104654,0
KOF.US,D,20240523,000000,95.27,96.365,95.02,96.17,123610,0
KOF.US,D,20240524,000000,96.38,96.73,94.69,95.1,64566,0
KOF.US,D,20240528,000000,94.47,95.29,93.86,94.23,187681,0
KOF.US,D,20240529,000000,93.78,95.82,92.9501,94.49,117079,0
KOF.US,D,20240530,000000,94.93,95.43,93.61,94.59,102890,0
KOF.US,D,20240531,000000,94.72,94.76,92.9,93.66,212333,0
KOF.US,D,20240603,000000,91.31,92.1748,88,88.3,268292,0
KOF.US,D,20240604,000000,88,90.72,86.9901,90.27,270975,0
KOF.US,D,20240605,000000,91.14,93.34,90.7,93.15,228467,0
KOF.US,D,20240606,000000,92.55,95.5141,92.05,92.81,158034,0
KOF.US,D,20240607,000000,91.93,92.45,89.84,90.39,168082,0
KOF.US,D,20240610,000000,89.98,90.12,88.28,88.56,119730,0
KOF.US,D,20240611,000000,88.25,88.665,87.5,88.01,97895,0
KOF.US,D,20240612,000000,88.71,88.71,86.1,86.27,188690,0
KOF.US,D,20240613,000000,86.02,86.895,85.6,86.2,141409,0
KOF.US,D,20240614,000000,85.69,85.69,84.04,84.65,145842,0
KOF.US,D,20240617,000000,84.54,84.87,83.51,84.72,111642,0
KOF.US,D,20240618,000000,85.22,86.36,84.42,85.46,129060,0
KOF.US,D,20240620,000000,85.46,85.799,84.1014,84.14,98702,0
KOF.US,D,20240621,000000,84,85.135,82.74,83.4,293834,0
KOF.US,D,20240624,000000,83.96,85.59,83.6,84.52,191062,0
KOF.US,D,20240625,000000,84.58,85.1,82.8,84.77,172403,0
KOF.US,D,20240626,000000,84.28,86.33,83.35,83.68,159176,0
KOF.US,D,20240627,000000,83.75,85.21,83.66,84.89,192346,0
KOF.US,D,20240628,000000,84.89,86,84.25,85.84,219225,0
KOF.US,D,20240701,000000,84,84.95,82.584,82.85,274882,0
KOF.US,D,20240702,000000,82.83,83.2,80.9,81.14,181466,0
KOF.US,D,20240703,000000,80.98,83.63,80.98,83.43,143570,0
KOF.US,D,20240705,000000,83.1,83.54,81.55,82.06,196575,0
KOF.US,D,20240708,000000,81.91,84.01,81.63,83.59,162520,0
KOF.US,D,20240709,000000,83.5,84.3,83.15,83.15,211135,0
KOF.US,D,20240710,000000,83.26,85.565,82.85,85.23,188032,0
KOF.US,D,20240711,000000,85.12,86.36,84.78,86.28,201368,0
KOF.US,D,20240712,000000,86.93,89.54,86.53,88.94,333103,0
KOF.US,D,20240715,000000,87.65,88.01,85.57,86.09,186738,0
KOF.US,D,20240716,000000,87.03,88.24,86.4501,88.03,102461,0
KOF.US,D,20240717,000000,87.07,88,86.63,87.8,154041,0
KOF.US,D,20240718,000000,87.8,88.22,85.69,85.79,184807,0
KOF.US,D,20240719,000000,87.03,88.62,84.47,88.34,268110,0
KOF.US,D,20240722,000000,89.62,92.51,89,92.39,255673,0
KOF.US,D,20240723,000000,92.77,92.77,87.8,87.84,178535,0
KOF.US,D,20240724,000000,88.52,89.1,85.05,85.54,407689,0
KOF.US,D,20240725,000000,85.91,85.91,84.2699,84.92,335125,0
KOF.US,D,20240726,000000,84.92,88.15,84.625,87.75,211486,0
KOF.US,D,20240729,000000,87.25,88.55,86.915,87.8,294101,0
KOF.US,D,20240730,000000,88.35,89.75,87.1,88.79,345839,0
KOF.US,D,20240731,000000,89.72,92.765,89.52,90.43,325123,0
KOF.US,D,20240801,000000,91.07,91.94,87.815,88.32,124782,0
KOF.US,D,20240802,000000,87.76,88.11,86.355,87.53,76957,0
KOF.US,D,20240805,000000,85.38,86.58,84.08,85.26,254600,0
KOF.US,D,20240806,000000,85.26,86,84.8,85.27,169785,0
KOF.US,D,20240807,000000,85.94,87.4628,85.8509,86.03,86339,0
KOF.US,D,20240808,000000,86.4,87.15,86.04,86.55,106144,0
KOF.US,D,20240809,000000,86.27,88.65,86.18,88.09,139577,0
KOF.US,D,20240812,000000,88.72,88.72,86.72,87.07,49568,0
KOF.US,D,20240813,000000,87.64,89.23,87.64,88.48,127420,0
KOF.US,D,20240814,000000,88.54,89.74,88.25,89.56,80210,0
KOF.US,D,20240815,000000,90,91.45,89.85,90.83,101694,0
KOF.US,D,20240816,000000,90.84,90.98,88.92,89.3,116803,0
KOF.US,D,20240819,000000,89.08,90.45,88.98,89.67,194804,0
KOF.US,D,20240820,000000,89.07,90.51,88.745,89.58,130698,0
KOF.US,D,20240821,000000,90.01,90.01,87.41,88.21,222612,0
KOF.US,D,20240822,000000,88.52,88.985,87.55,87.8,137913,0
KOF.US,D,20240823,000000,88.62,90.54,88.485,89.43,75815,0
KOF.US,D,20240826,000000,89.51,89.51,87.28,87.68,80224,0
KOF.US,D,20240827,000000,87.68,87.82,86.47,86.96,121166,0
KOF.US,D,20240828,000000,87,87.4644,86.17,86.97,110354,0
KOF.US,D,20240829,000000,86.39,86.835,84.4,85.14,163325,0
KOF.US,D,20240830,000000,85.14,85.14,83.675,84.24,201477,0
KOF.US,D,20240903,000000,83.62,86.8,83.59,85.63,220663,0
KOF.US,D,20240904,000000,85.1,87.4,85.1,87,241947,0
KOF.US,D,20240905,000000,87.27,88.62,86.25,86.46,203469,0
KOF.US,D,20240906,000000,87.23,87.23,85.22,85.83,219837,0
KOF.US,D,20240909,000000,86.62,87.12,85.02,85.25,169139,0
KOF.US,D,20240910,000000,85.44,85.44,83.28,83.52,154304,0
KOF.US,D,20240911,000000,83.85,85.4,83.39,84.94,174991,0
KOF.US,D,20240912,000000,84.98,85.905,84.26,85.39,211105,0
KOF.US,D,20240913,000000,85.86,87.39,85.86,87.37,101432,0
KOF.US,D,20240916,000000,87.98,89.47,87.88,89.31,173281,0
KOF.US,D,20240917,000000,88.69,91.36,88.64,91,239527,0
KOF.US,D,20240918,000000,91.08,91.72,90.55,90.79,290534,0
KOF.US,D,20240919,000000,91.46,91.93,90.665,91.7,262853,0
KOF.US,D,20240920,000000,91.42,91.48,89.74,89.75,751243,0
KOF.US,D,20240923,000000,89.49,90.365,89,89.9,168651,0
KOF.US,D,20240924,000000,90.39,92.17,90.26,92.17,229201,0
KOF.US,D,20240925,000000,91.74,92.98,89.99,89.99,254474,0
KOF.US,D,20240926,000000,90.72,92.4199,90.72,91.97,121955,0
KOF.US,D,20240927,000000,91.88,92.695,90.12,90.4,158751,0
KOF.US,D,20240930,000000,90.475,90.4967,88.28,88.72,212310,0
KOF.US,D,20241001,000000,88.73,89.69,88.39,89.36,97983,0
KOF.US,D,20241002,000000,89.89,89.89,88.6,89.24,147683,0
KOF.US,D,20241003,000000,88.25,88.76,87.36,87.75,138156,0
KOF.US,D,20241004,000000,87.9,89.09,87.9,89.09,177910,0
KOF.US,D,20241007,000000,89.09,89.67,87,87.07,81360,0
KOF.US,D,20241008,000000,86.6,87.25,85.49,87.19,150099,0
KOF.US,D,20241009,000000,87.23,87.32,86.265,86.48,142997,0
KOF.US,D,20241010,000000,85.98,88.52,85.98,87.83,154984,0
KOF.US,D,20241011,000000,87.37,87.915,86.59,87.19,160240,0
KOF.US,D,20241014,000000,86.67,87.29,86.09,86.87,87033,0
KOF.US,D,20241015,000000,86.38,87.445,85.91,86.85,196563,0
KOF.US,D,20241016,000000,87.6,88.0096,86.633,87.34,125943,0
KOF.US,D,20241017,000000,87.03,87.34,85.89,86.84,136112,0
KOF.US,D,20241018,000000,86.98,87.17,85.75,86.84,111873,0
KOF.US,D,20241021,000000,86.39,86.79,85.44,86.23,157661,0
KOF.US,D,20241022,000000,85.6,86.1,84.36,84.64,180921,0
KOF.US,D,20241023,000000,84.38,85.39,83.52,85.07,134669,0
KOF.US,D,20241024,000000,85.43,85.5,84.5225,84.91,109288,0
KOF.US,D,20241025,000000,84.17,87.76,84.17,85.86,173530,0
KOF.US,D,20241028,000000,86.69,87.16,84.4,84.4,110621,0
KOF.US,D,20241029,000000,85.89,87.06,84.38,84.46,159189,0
KOF.US,D,20241030,000000,84.2,86.985,83.94,84.92,190243,0
KOF.US,D,20241031,000000,84.57,85.205,83,83.37,206766,0
KOF.US,D,20241101,000000,83.42,83.61,81.33,81.33,124916,0
KOF.US,D,20241104,000000,81.95,83.2599,80.34,80.57,227310,0
KOF.US,D,20241105,000000,80.42,81.83,79.32,81.33,244181,0
KOF.US,D,20241106,000000,80.54,82.64,78.35,82.17,220503,0
KOF.US,D,20241107,000000,82.54,84.27,82.3315,83.12,181623,0
KOF.US,D,20241108,000000,82.51,83.07,81.51,82.39,138741,0
KOF.US,D,20241111,000000,81.67,82.28,81.3205,81.77,119587,0
KOF.US,D,20241112,000000,81.01,81.295,80.05,80.45,135300,0
KOF.US,D,20241113,000000,80.06,80.28,78.105,78.22,327248,0
KOF.US,D,20241114,000000,78.625,78.66,77.03,77.43,397663,0
KOF.US,D,20241115,000000,77.41,78.33,77.02,77.56,207459,0
KOF.US,D,20241118,000000,77.485,78.6,77.2,77.84,183503,0
KOF.US,D,20241119,000000,77.45,79.3,77.45,78.69,147133,0
KOF.US,D,20241120,000000,78.68,78.68,77.69,77.99,132750,0
KOF.US,D,20241121,000000,77.67,78.83,77.6,77.92,218150,0
KOF.US,D,20241122,000000,77.82,79.22,77.55,79.06,194232,0
KOF.US,D,20241125,000000,79.61,80.92,79.34,80.06,296591,0
KOF.US,D,20241126,000000,79.96,80.05,78.64,79.17,298825,0
KOF.US,D,20241127,000000,79.07,79.835,78.635,79.33,235570,0
KOF.US,D,20241129,000000,79.58,80.1,79.23,79.63,96164,0
KOF.US,D,20241202,000000,79.73,81.42,79.47,80.61,171544,0
KOF.US,D,20241203,000000,80.42,81.58,79.5453,81.52,146103,0
KOF.US,D,20241204,000000,81.94,83.42,81.14,82.42,178551,0
KOF.US,D,20241205,000000,82.5,83.79,81.91,83.06,135916,0
KOF.US,D,20241206,000000,82.475,83.185,81.81,81.85,116643,0
KOF.US,D,20241209,000000,82.27,83.565,81.929,82.43,136820,0
KOF.US,D,20241210,000000,81.94,82.305,81.23,81.44,126248,0
KOF.US,D,20241211,000000,81.515,81.83,81.19,81.19,74832,0
KOF.US,D,20241212,000000,81.0775,81.65,80.651,81.11,92157,0
KOF.US,D,20241213,000000,81.09,82.13,80.53,81.3,100191,0
KOF.US,D,20241216,000000,80.95,81.705,80.63,80.77,115750,0
KOF.US,D,20241217,000000,81.18,82.125,80.5,81.69,101247,0
KOF.US,D,20241218,000000,81.435,81.86,78.58,78.58,112036,0
KOF.US,D,20241219,000000,78.7,79.97,78.29,78.65,150153,0
KOF.US,D,20241220,000000,79.03,80.01,78.45,79.63,196150,0
KOF.US,D,20241223,000000,79.555,79.72,78.4851,78.96,129528,0
KOF.US,D,20241224,000000,79.05,79.32,78.5538,78.85,28344,0
KOF.US,D,20241226,000000,78.735,79.04,78.5,78.81,46994,0
KOF.US,D,20241227,000000,78.4015,79.1099,78.08,78.77,70722,0
KOF.US,D,20241230,000000,78.29,78.47,77.22,77.74,145926,0
KOF.US,D,20241231,000000,77.77,78.31,77.47,77.89,80453,0
KOF.US,D,20250102,000000,78.38,79.295,77.31,77.75,111739,0
KOF.US,D,20250103,000000,77.79,78.01,76.02,76.1,240758,0
KOF.US,D,20250106,000000,76.8,77.99,75.903,76.46,156804,0
KOF.US,D,20250107,000000,76.77,77.73,76.18,76.39,150466,0
KOF.US,D,20250108,000000,75.85,76.29,75.06,76.1,164176,0
KOF.US,D,20250110,000000,75.13,75.71,74.435,74.5,160431,0
KOF.US,D,20250113,000000,74.15,77,73.9,75.76,188676,0
KOF.US,D,20250114,000000,76.56,77.615,76.04,76.73,133120,0
KOF.US,D,20250115,000000,77.44,78,76.01,76.43,115744,0
KOF.US,D,20250116,000000,76.01,76.6,75.06,76.33,103132,0
KOF.US,D,20250117,000000,76.28,77.58,75.76,76.22,130652,0
KOF.US,D,20250121,000000,76.3,76.9444,75.19,75.55,288343,0
KOF.US,D,20250122,000000,75.51,75.95,72.68,75.28,473342,0
KOF.US,D,20250123,000000,75.24,75.96,74.76,75,143628,0
KOF.US,D,20250124,000000,75.26,76.97,75.26,76.36,158503,0
KOF.US,D,20250127,000000,76.34,77.95,76.07,77.74,240355,0
KOF.US,D,20250128,000000,77.59,78.4195,75.91,77.62,234736,0
KOF.US,D,20250129,000000,77.465,79.845,77.465,78.98,257140,0
KOF.US,D,20250130,000000,79.275,81.25,78.98,79.76,199445,0
KOF.US,D,20250131,000000,79.18,80.45,78.35,78.49,177665,0
KOF.US,D,20250203,000000,76.69,78.615,76.36,77.28,155211,0
KOF.US,D,20250204,000000,77.92,78.77,76.63,77.65,183373,0
KOF.US,D,20250205,000000,77.67,78.2902,77.39,77.94,118342,0
KOF.US,D,20250206,000000,78.045,79.38,77.93,78.24,191900,0
KOF.US,D,20250207,000000,78.085,78.45,77.145,77.79,93670,0
KOF.US,D,20250210,000000,78.205,78.85,77.27,78.73,133857,0
KOF.US,D,20250211,000000,79.23,79.34,77.504,79.24,256026,0
KOF.US,D,20250212,000000,79,83.27,78.705,82.91,283338,0
KOF.US,D,20250213,000000,82.93,84.9,81.7029,84.39,264631,0
KOF.US,D,20250214,000000,84.7,85.28,83.85,83.97,185325,0
KOF.US,D,20250218,000000,83.16,85.28,83.16,85.27,223225,0
KOF.US,D,20250219,000000,84.97,85,83.575,84.56,144634,0
KOF.US,D,20250220,000000,84.31,84.94,83.3,84.94,226014,0
KOF.US,D,20250221,000000,84.8,88.95,84.06,88.39,325709,0
KOF.US,D,20250224,000000,88.405,88.92,86.6075,88.34,250352,0
KOF.US,D,20250225,000000,88.54,89.37,87.01,87.73,316333,0
KOF.US,D,20250226,000000,87.78,88.13,86.38,86.59,215753,0
KOF.US,D,20250227,000000,86.1926,89.31,86.1926,88.84,210296,0
KOF.US,D,20250228,000000,89.15,89.5,87.6,89.14,323723,0
KOF.US,D,20250303,000000,89.5,90.65,86.71,87.01,159588,0
KOF.US,D,20250304,000000,86.21,88.2,85.24,87.72,244578,0
KOF.US,D,20250305,000000,88.47,89.225,87.17,87.29,166580,0
KOF.US,D,20250306,000000,87.095,87.995,86.43,87.49,243505,0
KOF.US,D,20250307,000000,87.37,87.8081,86.005,86.09,99066,0
KOF.US,D,20250310,000000,86.99,87.065,84.07,84.95,188479,0
KOF.US,D,20250311,000000,84.47,86.455,84,85.89,134635,0
KOF.US,D,20250312,000000,85.75,88.515,85.66,87.9,162640,0
KOF.US,D,20250313,000000,87.95,88.73,87.4715,87.64,93898,0
KOF.US,D,20250314,000000,87.745,89.59,87.745,89.01,125268,0
KOF.US,D,20250317,000000,88.57,89.7299,88.17,89.1,138177,0
KOF.US,D,20250318,000000,88.81,89.8699,88.777,89.58,154232,0
KOF.US,D,20250319,000000,88.7261,89.93,88.455,89.12,86506,0
KOF.US,D,20250320,000000,89.05,91.01,88.38,90.47,194962,0
KOF.US,D,20250321,000000,90.005,90.72,87.99,88.77,388664,0
KOF.US,D,20250324,000000,89,89.49,87.575,88.04,146601,0
KOF.US,D,20250325,000000,88.735,89.905,88.065,89.54,140067,0
KOF.US,D,20250326,000000,89.295,91.16,89.09,90.93,167812,0
KOF.US,D,20250327,000000,91.43,91.7,90.53,91.21,138610,0
KOF.US,D,20250328,000000,91.12,92.57,90.88,92.3,222630,0
KOF.US,D,20250331,000000,92.28,92.62,91.16,91.29,113022,0
KOF.US,D,20250401,000000,91.76,94.04,91.12,93.71,184239,0
KOF.US,D,20250402,000000,93.78,95.35,93.74,95.06,144233,0
KOF.US,D,20250403,000000,94.98,98.87,94.98,96.88,308655,0
KOF.US,D,20250404,000000,95.43,96.15,92.74,92.84,181766,0
