month,cost_bps,v26|mom63_skip0_liquid25_top3_profitable_monthly|no_stop,v26|mom63_skip0_liquid25_top3_profitable_monthly|stop_20_25,v26|mom63_skip0_liquid25_top5_profitable_monthly|no_stop,v26|mom63_skip0_liquid25_top5_profitable_monthly|stop_20_25,v26|mom63_skip0_liquid50_top3_profitable_monthly|no_stop,v26|mom63_skip0_liquid50_top3_profitable_monthly|stop_20_25,v26|mom63_skip0_liquid50_top5_profitable_monthly|no_stop,v26|mom63_skip0_liquid50_top5_profitable_monthly|stop_20_25,v26|mom63_skip0_liquid100_top3_profitable_monthly|no_stop,v26|mom63_skip0_liquid100_top3_profitable_monthly|stop_20_25,v26|mom63_skip0_liquid100_top5_profitable_monthly|no_stop,v26|mom63_skip0_liquid100_top5_profitable_monthly|stop_20_25,v26|mom126_skip0_liquid25_top3_profitable_monthly|no_stop,v26|mom126_skip0_liquid25_top3_profitable_monthly|stop_20_25,v26|mom126_skip0_liquid25_top5_profitable_monthly|no_stop,v26|mom126_skip0_liquid25_top5_profitable_monthly|stop_20_25,v26|mom126_skip0_liquid50_top3_profitable_monthly|no_stop,v26|mom126_skip0_liquid50_top3_profitable_monthly|stop_20_25,v26|mom126_skip0_liquid50_top5_profitable_monthly|no_stop,v26|mom126_skip0_liquid50_top5_profitable_monthly|stop_20_25,v26|mom126_skip0_liquid100_top3_profitable_monthly|no_stop,v26|mom126_skip0_liquid100_top3_profitable_monthly|stop_20_25,v26|mom126_skip0_liquid100_top5_profitable_monthly|no_stop,v26|mom126_skip0_liquid100_top5_profitable_monthly|stop_20_25,v26|mom252_skip21_liquid25_top3_profitable_monthly|no_stop,v26|mom252_skip21_liquid25_top3_profitable_monthly|stop_20_25,v26|mom252_skip21_liquid25_top5_profitable_monthly|no_stop,v26|mom252_skip21_liquid25_top5_profitable_monthly|stop_20_25,v26|mom252_skip21_liquid50_top3_profitable_monthly|no_stop,v26|mom252_skip21_liquid50_top3_profitable_monthly|stop_20_25,v26|mom252_skip21_liquid50_top5_profitable_monthly|no_stop,v26|mom252_skip21_liquid50_top5_profitable_monthly|stop_20_25,v26|mom252_skip21_liquid100_top3_profitable_monthly|no_stop,v26|mom252_skip21_liquid100_top3_profitable_monthly|stop_20_25,v26|mom252_skip21_liquid100_top5_profitable_monthly|no_stop,v26|mom252_skip21_liquid100_top5_profitable_monthly|stop_20_25,v31|mom21_marketma0_liquid25_top5_profitable_monthly|no_stop,v31|mom21_marketma0_liquid25_top5_profitable_monthly|stop_20_25,v31|mom21_marketma0_liquid25_top10_profitable_monthly|no_stop,v31|mom21_marketma0_liquid25_top10_profitable_monthly|stop_20_25,v31|mom21_marketma50_liquid25_top5_profitable_monthly|no_stop,v31|mom21_marketma50_liquid25_top5_profitable_monthly|stop_20_25,v31|mom21_marketma50_liquid25_top10_profitable_monthly|no_stop,v31|mom21_marketma50_liquid25_top10_profitable_monthly|stop_20_25,v31|mom21_marketma100_liquid25_top5_profitable_monthly|no_stop,v31|mom21_marketma100_liquid25_top5_profitable_monthly|stop_20_25,v31|mom21_marketma100_liquid25_top10_profitable_monthly|no_stop,v31|mom21_marketma100_liquid25_top10_profitable_monthly|stop_20_25,v31|mom21_marketma150_liquid25_top5_profitable_monthly|no_stop,v31|mom21_marketma150_liquid25_top5_profitable_monthly|stop_20_25,v31|mom21_marketma150_liquid25_top10_profitable_monthly|no_stop,v31|mom21_marketma150_liquid25_top10_profitable_monthly|stop_20_25,v31|mom21_marketma200_liquid25_top5_profitable_monthly|no_stop,v31|mom21_marketma200_liquid25_top5_profitable_monthly|stop_20_25,v31|mom21_marketma200_liquid25_top10_profitable_monthly|no_stop,v31|mom21_marketma200_liquid25_top10_profitable_monthly|stop_20_25,v31|mom42_marketma0_liquid25_top5_profitable_monthly|no_stop,v31|mom42_marketma0_liquid25_top5_profitable_monthly|stop_20_25,v31|mom42_marketma0_liquid25_top10_profitable_monthly|no_stop,v31|mom42_marketma0_liquid25_top10_profitable_monthly|stop_20_25,v31|mom42_marketma50_liquid25_top5_profitable_monthly|no_stop,v31|mom42_marketma50_liquid25_top5_profitable_monthly|stop_20_25,v31|mom42_marketma50_liquid25_top10_profitable_monthly|no_stop,v31|mom42_marketma50_liquid25_top10_profitable_monthly|stop_20_25,v31|mom42_marketma100_liquid25_top5_profitable_monthly|no_stop,v31|mom42_marketma100_liquid25_top5_profitable_monthly|stop_20_25,v31|mom42_marketma100_liquid25_top10_profitable_monthly|no_stop,v31|mom42_marketma100_liquid25_top10_profitable_monthly|stop_20_25,v31|mom42_marketma150_liquid25_top5_profitable_monthly|no_stop,v31|mom42_marketma150_liquid25_top5_profitable_monthly|stop_20_25,v31|mom42_marketma150_liquid25_top10_profitable_monthly|no_stop,v31|mom42_marketma150_liquid25_top10_profitable_monthly|stop_20_25,v31|mom42_marketma200_liquid25_top5_profitable_monthly|no_stop,v31|mom42_marketma200_liquid25_top5_profitable_monthly|stop_20_25,v31|mom42_marketma200_liquid25_top10_profitable_monthly|no_stop,v31|mom42_marketma200_liquid25_top10_profitable_monthly|stop_20_25,v31|mom63_marketma0_liquid25_top5_profitable_monthly|no_stop,v31|mom63_marketma0_liquid25_top5_profitable_monthly|stop_20_25,v31|mom63_marketma0_liquid25_top10_profitable_monthly|no_stop,v31|mom63_marketma0_liquid25_top10_profitable_monthly|stop_20_25,v31|mom63_marketma50_liquid25_top5_profitable_monthly|no_stop,v31|mom63_marketma50_liquid25_top5_profitable_monthly|stop_20_25,v31|mom63_marketma50_liquid25_top10_profitable_monthly|no_stop,v31|mom63_marketma50_liquid25_top10_profitable_monthly|stop_20_25,v31|mom63_marketma100_liquid25_top5_profitable_monthly|no_stop,v31|mom63_marketma100_liquid25_top5_profitable_monthly|stop_20_25,v31|mom63_marketma100_liquid25_top10_profitable_monthly|no_stop,v31|mom63_marketma100_liquid25_top10_profitable_monthly|stop_20_25,v31|mom63_marketma150_liquid25_top5_profitable_monthly|no_stop,v31|mom63_marketma150_liquid25_top5_profitable_monthly|stop_20_25,v31|mom63_marketma150_liquid25_top10_profitable_monthly|no_stop,v31|mom63_marketma150_liquid25_top10_profitable_monthly|stop_20_25,v31|mom63_marketma200_liquid25_top10_profitable_monthly|no_stop,v31|mom63_marketma200_liquid25_top10_profitable_monthly|stop_20_25,v33|portfolio_trailing_stop_10pct|portfolio_stop,v46|monthly_entry_loss_stop_10pct|entry_stop,v33|portfolio_trailing_stop_15pct|portfolio_stop,v46|monthly_entry_loss_stop_15pct|entry_stop,v33|portfolio_trailing_stop_20pct|portfolio_stop,v46|monthly_entry_loss_stop_20pct|entry_stop,v33|portfolio_trailing_stop_25pct|portfolio_stop,v46|monthly_entry_loss_stop_25pct|entry_stop
2012-01-31,50,0.0,0.0,0.0,0.0,0.0,0.0,0.0,0.0,0.0,0.0,0.0,0.0,0.0,0.0,0.0,0.0,0.0,0.0,0.0,0.0,0.0,0.0,0.0,0.0,0.0,0.0,0.0,0.0,0.0,0.0,0.0,0.0,0.0,0.0,0.0,0.0,0.002902294878533773,0.002902294878533773,0.019239625016124418,0.019239625016124418,0.0,0.0,0.0,0.0,0.002902294878533773,0.002902294878533773,0.019239625016124418,0.019239625016124418,0.0,0.0,0.0,0.0,0.0,0.0,0.0,0.0,0.021928478230494486,0.021928478230494486,0.018167607969032717,0.018167607969032717,0.0,0.0,0.0,0.0,0.021928478230494486,0.021928478230494486,0.018167607969032717,0.018167607969032717,0.0,0.0,0.0,0.0,0.0,0.0,0.0,0.0,0.10237471392572206,0.10237471392572206,0.04920318481385233,0.04920318481385233,0.0,0.0,0.0,0.0,0.10237471392572206,0.10237471392572206,0.04920318481385233,0.04920318481385233,0.0,0.0,0.0,0.0,0.0,0.0,0.0,0.0,0.0,0.0,0.0,0.0,0.0,0.0
2012-01-31,10,0.0,0.0,0.0,0.0,0.0,0.0,0.0,0.0,0.0,0.0,0.0,0.0,0.0,0.0,0.0,0.0,0.0,0.0,0.0,0.0,0.0,0.0,0.0,0.0,0.0,0.0,0.0,0.0,0.0,0.0,0.0,0.0,0.0,0.0,0.0,0.0,0.006909896456469777,0.006909896456469777,0.023312510630574712,0.023312510630574712,0.0,0.0,0.0,0.0,0.006909896456469777,0.006909896456469777,0.023312510630574712,0.023312510630574712,0.0,0.0,0.0,0.0,0.0,0.0,0.0,0.0,0.02601210851313418,0.02601210851313418,0.022236209799079143,0.022236209799079143,0.0,0.0,0.0,0.0,0.02601210851313418,0.02601210851313418,0.022236209799079143,0.022236209799079143,0.0,0.0,0.0,0.0,0.0,0.0,0.0,0.0,0.10677980768766293,0.10677980768766293,0.053395804932988566,0.053395804932988566,0.0,0.0,0.0,0.0,0.10677980768766293,0.10677980768766293,0.053395804932988566,0.053395804932988566,0.0,0.0,0.0,0.0,0.0,0.0,0.0,0.0,0.0,0.0,0.0,0.0,0.0,0.0
2012-02-29,50,0.015330568168431924,0.015330568168431924,-0.005422011519096381,-0.005422011519096381,0.028397638424304983,0.028397638424304983,0.03897348694691605,0.03897348694691605,0.028397638424304983,0.028397638424304983,0.03897348694691605,0.03897348694691605,-0.004320847243219572,-0.004320847243219572,-0.008064744229125176,-0.008064744229125176,0.008188753069380716,0.008188753069380716,0.022610758054063762,0.022610758054063762,-0.05018007645299438,-0.05018007645299438,0.0026068942061820977,0.0026068942061820977,0.036009107127147555,0.036009107127147555,0.042564783432847975,0.042564783432847975,0.036009107127147555,0.036009107127147555,0.0013285446606892126,0.0013285446606892126,0.036009107127147555,0.036009107127147555,0.0013285446606892126,0.0013285446606892126,0.056974146279699545,0.056974146279699545,0.03064525501931037,0.03064525501931037,0.04893476671240937,0.04893476671240937,0.026326528852818054,0.026326528852818054,0.056974146279699545,0.056974146279699545,0.03064525501931037,0.03064525501931037,0.04893476671240937,0.04893476671240937,0.026326528852818054,0.026326528852818054,0.04893476671240937,0.04893476671240937,0.026326528852818054,0.026326528852818054,0.027132359952500185,0.027132359952500185,0.023872270207938362,0.023872270207938362,0.021234675203263054,0.021234675203263054,0.015410134178969193,0.015410134178969193,0.027132359952500185,0.027132359952500185,0.023872270207938362,0.023872270207938362,0.021234675203263054,0.021234675203263054,0.015410134178969193,0.015410134178969193,0.021234675203263054,0.021234675203263054,0.015410134178969193,0.015410134178969193,0.04886461301958045,0.04886461301958045,0.07273711623789558,0.07273711623789558,-0.005422011519096381,-0.005422011519096381,0.036769785333792715,0.036769785333792715,0.04886461301958045,0.04886461301958045,0.07273711623789558,0.07273711623789558,-0.005422011519096381,-0.005422011519096381,0.036769785333792715,0.036769785333792715,0.036769785333792715,0.036769785333792715,-0.005422011519096381,-0.005422011519096381,-0.005422011519096381,-0.005422011519096381,-0.005422011519096381,-0.005422011519096381,-0.005422011519096381,-0.005422011519096381
2012-02-29,10,0.019387833176097713,0.019387833176097713,-0.0014476739027888819,-0.0014476739027888819,0.032507119496929526,0.032507119496929526,0.04312522915249817,0.04312522915249817,0.032507119496929526,0.032507119496929526,0.04312522915249817,0.04312522915249817,-0.00034210937006562414,-0.00034210937006562414,-0.004100966983287213,-0.004100966983287213,0.012217479355372207,0.012217479355372207,0.026697114729604454,0.026697114729604454,-0.046384592243016165,-0.046384592243016165,0.00661331536185128,0.00661331536185128,0.04014900365912388,0.04014900365912388,0.046730876473538574,0.046730876473538574,0.04014900365912388,0.04014900365912388,0.005329857526465975,0.005329857526465975,0.04014900365912388,0.04014900365912388,0.005329857526465975,0.005329857526465975,0.06546394107810594,0.06546394107810594,0.03892357171784089,0.03892357171784089,0.053126314231739746,0.053126314231739746,0.030427733763318532,0.030427733763318532,0.06546394107810594,0.06546394107810594,0.03892357171784089,0.03892357171784089,0.053126314231739746,0.053126314231739746,0.030427733763318532,0.030427733763318532,0.053126314231739746,0.053126314231739746,0.030427733763318532,0.030427733763318532,0.035382460484751466,0.035382460484751466,0.030454032235476713,0.030454032235476713,0.025315533046232908,0.025315533046232908,0.01946771713273132,0.01946771713273132,0.035382460484751466,0.035382460484751466,0.030454032235476713,0.030454032235476713,0.025315533046232908,0.025315533046232908,0.01946771713273132,0.01946771713273132,0.025315533046232908,0.025315533046232908,0.01946771713273132,0.01946771713273132,0.0556070334199279,0.0556070334199279,0.07878698268110695,0.07878698268110695,-0.0014476739027888819,-0.0014476739027888819,0.04091272153892289,0.04091272153892289,0.0556070334199279,0.0556070334199279,0.07878698268110695,0.07878698268110695,-0.0014476739027888819,-0.0014476739027888819,0.04091272153892289,0.04091272153892289,0.04091272153892289,0.04091272153892289,-0.0014476739027888819,-0.0014476739027888819,-0.0014476739027888819,-0.0014476739027888819,-0.0014476739027888819,-0.0014476739027888819,-0.0014476739027888819,-0.0014476739027888819
2012-03-31,50,0.07629236633643255,0.07629236633643255,0.059805904233928064,0.059805904233928064,0.016329469736720892,0.016329469736720892,0.05031688593748984,0.05031688593748984,0.016329469736720892,0.016329469736720892,0.03497119837940921,0.03497119837940921,0.03840055515258389,0.03840055515258389,0.03206282316672571,0.03206282316672571,0.02932872290228916,0.02932872290228916,0.054293425144461116,0.054293425144461116,0.030075300686901896,0.030075300686901896,0.03190428596228112,0.03190428596228112,0.01582016836172606,0.01582016836172606,0.034562558668271626,0.034562558668271626,0.049094835579087226,0.049094835579087226,0.03128469496184838,0.03128469496184838,0.049094835579087226,0.049094835579087226,0.03128469496184838,0.03128469496184838,0.06423379295156884,0.06423379295156884,0.047695111167460835,0.047695111167460835,0.06423379295156861,0.06423379295156861,0.04769511116746106,0.04769511116746106,0.06423379295156884,0.06423379295156884,0.047695111167460835,0.047695111167460835,0.06423379295156861,0.06423379295156861,0.04769511116746106,0.04769511116746106,0.06423379295156861,0.06423379295156861,0.04769511116746106,0.04769511116746106,0.08523211660190388,0.08523211660190388,0.060631482364701395,0.060631482364701395,0.08523211660190455,0.08523211660190455,0.060631482364701395,0.060631482364701395,0.08523211660190388,0.08523211660190388,0.060631482364701395,0.060631482364701395,0.08523211660190455,0.08523211660190455,0.060631482364701395,0.060631482364701395,0.08523211660190455,0.08523211660190455,0.060631482364701395,0.060631482364701395,0.05980590423392784,0.05980590423392784,0.05004273937401127,0.05004273937401127,0.059805904233928064,0.059805904233928064,0.05004273937401171,0.05004273937401171,0.05980590423392784,0.05980590423392784,0.05004273937401127,0.05004273937401127,0.059805904233928064,0.059805904233928064,0.05004273937401171,0.05004273937401171,0.05004273937401171,0.05004273937401171,0.059805904233928064,0.059805904233928064,0.059805904233928064,0.059805904233928064,0.059805904233928064,0.059805904233928064,0.059805904233928064,0.059805904233928064
2012-03-31,10,0.08205951526380262,0.08205951526380262,0.06661865857840388,0.06661865857840388,0.02177531660377441,0.02177531660377441,0.057068641989386215,0.057068641989386215,0.02177531660377441,0.02177531660377441,0.04162430768933012,0.04162430768933012,0.04118446618531313,0.04118446618531313,0.03704062313557621,0.03704062313557621,0.032088312709685374,0.032088312709685374,0.05937844677399706,0.05937844677399706,0.03559480249818736,0.03559480249818736,0.03688132128146715,0.03688132128146715,0.021438214733500383,0.021438214733500383,0.03973176129830325,0.03973176129830325,0.05489690923172774,0.05489690923172774,0.03796029328284933,0.03796029328284933,0.05489690923172774,0.05489690923172774,0.03796029328284933,0.03796029328284933,0.07107501111000913,0.07107501111000913,0.05527036232372806,0.05527036232372806,0.07107501111000913,0.07107501111000913,0.055270362323728284,0.055270362323728284,0.07107501111000913,0.07107501111000913,0.05527036232372806,0.05527036232372806,0.07107501111000913,0.07107501111000913,0.055270362323728284,0.055270362323728284,0.07107501111000913,0.07107501111000913,0.055270362323728284,0.055270362323728284,0.09046636036590416,0.09046636036590416,0.06574707343276986,0.06574707343276986,0.09046636036590416,0.09046636036590416,0.0657470734327692,0.0657470734327692,0.09046636036590416,0.09046636036590416,0.06574707343276986,0.06574707343276986,0.09046636036590416,0.09046636036590416,0.0657470734327692,0.0657470734327692,0.09046636036590416,0.09046636036590416,0.0657470734327692,0.0657470734327692,0.0666186585784041,0.0666186585784041,0.05510725928308968,0.05510725928308968,0.06661865857840388,0.06661865857840388,0.05510725928308924,0.05510725928308924,0.0666186585784041,0.0666186585784041,0.05510725928308968,0.05510725928308968,0.06661865857840388,0.06661865857840388,0.05510725928308924,0.05510725928308924,0.05510725928308924,0.05510725928308924,0.06661865857840388,0.06661865857840388,0.06661865857840388,0.06661865857840388,0.06661865857840388,0.06661865857840388,0.06661865857840388,0.06661865857840388
2012-04-30,50,0.04054076884725588,0.04054076884725588,0.03397996322853847,0.03397996322853847,-0.009918847281340515,-0.009918847281340515,-0.008285883337245115,-0.008285883337245115,-0.009918847281340515,-0.009918847281340515,-0.03020780861406691,-0.03020780861406691,0.055164776594735176,0.055164776594735176,0.0178735835575925,0.0178735835575925,0.05089651726879163,0.05089651726879163,-0.012746590428113436,-0.012746590428113436,0.03307868413757653,0.03307868413757653,0.050472340096049395,0.050472340096049395,0.06332527000803401,0.06332527000803401,0.045862503054942216,0.045862503054942216,0.044922873887996984,0.044922873887996984,-0.009002135327449645,-0.009002135327449645,0.044922873887996984,0.044922873887996984,-0.009002135327449645,-0.009002135327449645,0.050250295765038366,0.050250295765038366,0.016529311179122486,0.016529311179122486,0.05025029576503859,0.05025029576503859,0.016529311179122708,0.016529311179122708,0.050250295765038366,0.050250295765038366,0.016529311179122486,0.016529311179122486,0.05025029576503859,0.05025029576503859,0.016529311179122708,0.016529311179122708,0.05025029576503859,0.05025029576503859,0.016529311179122708,0.016529311179122708,0.04300294516131542,0.04300294516131542,0.0011715186582461623,0.0011715186582461623,0.043002945161315864,0.043002945161315864,0.0011715186582466064,0.0011715186582466064,0.04300294516131542,0.04300294516131542,0.0011715186582461623,0.0011715186582461623,0.043002945161315864,0.043002945161315864,0.0011715186582466064,0.0011715186582466064,0.043002945161315864,0.043002945161315864,0.0011715186582466064,0.0011715186582466064,0.033979963228538024,0.033979963228538024,0.018038393054918167,0.018038393054918167,0.03397996322853847,0.03397996322853847,0.018038393054918167,0.018038393054918167,0.033979963228538024,0.033979963228538024,0.018038393054918167,0.018038393054918167,0.03397996322853847,0.03397996322853847,0.018038393054918167,0.018038393054918167,0.018038393054918167,0.018038393054918167,0.03397996322853847,0.005046138465351513,0.03397996322853847,0.008323358258269575,0.03397996322853847,0.03397996322853847,0.03397996322853847,0.03397996322853847
2012-04-30,10,0.04627104040280372,0.04627104040280372,0.03738614161057763,0.03738614161057763,-0.009896047151288001,-0.009896047151288001,-0.004916053039127122,-0.004916053039127122,-0.009896047151288001,-0.009896047151288001,-0.028516979149120325,-0.028516979149120325,0.058029832324896,0.058029832324896,0.021181022359785473,0.021181022359785473,0.05652582459937916,0.05652582459937916,-0.012623956831498084,-0.012623956831498084,0.03861254719081253,0.03861254719081253,0.053899385914297326,0.053899385914297326,0.06617430622320963,0.06617430622320963,0.05093866100956723,0.05093866100956723,0.04782954182673316,0.04782954182673316,-0.004198014466529565,-0.004198014466529565,0.04782954182673316,0.04782954182673316,-0.004198014466529565,-0.004198014466529565,0.05700162375507545,0.05700162375507545,0.022248193618712664,0.022248193618712664,0.057001623755075004,0.057001623755075004,0.022248193618712442,0.022248193618712442,0.05700162375507545,0.05700162375507545,0.022248193618712664,0.022248193618712664,0.057001623755075004,0.057001623755075004,0.022248193618712442,0.022248193618712442,0.057001623755075004,0.057001623755075004,0.022248193618712442,0.022248193618712442,0.043161245184049735,0.043161245184049735,0.005231255864668105,0.005231255864668105,0.0431612451840504,0.0431612451840504,0.005231255864668327,0.005231255864668327,0.043161245184049735,0.043161245184049735,0.005231255864668105,0.005231255864668105,0.0431612451840504,0.0431612451840504,0.005231255864668327,0.005231255864668327,0.0431612451840504,0.0431612451840504,0.005231255864668327,0.005231255864668327,0.03738614161057807,0.03738614161057807,0.02133729848283683,0.02133729848283683,0.03738614161057763,0.03738614161057763,0.021337298482837053,0.021337298482837053,0.03738614161057807,0.03738614161057807,0.02133729848283683,0.02133729848283683,0.03738614161057763,0.03738614161057763,0.021337298482837053,0.021337298482837053,0.021337298482837053,0.021337298482837053,0.03738614161057763,0.009042491045422762,0.03738614161057763,0.012343724941330958,0.03738614161057763,0.03738614161057763,0.03738614161057763,0.03738614161057763
2012-05-31,50,-0.28403250079136744,-0.2122043684151378,-0.20067384597170357,-0.1878865677763396,-0.2848092409659796,-0.21305903362984713,-0.1424823574751587,-0.12962708573295456,-0.13687014482974902,-0.12871137087533946,-0.17993285944977355,-0.16728276072353487,-0.13974688864305584,-0.13166782597389803,-0.09864847466752713,-0.09383805253893118,-0.052857182523516566,-0.04477811985435887,-0.04291644949827811,-0.03806874432876817,-0.09755066916556432,-0.08947866002423988,-0.039752148496048245,-0.034914879754676886,-0.0981163727064348,-0.0900218610147342,-0.07817698833466447,-0.0733229167512286,0.0482464308077466,0.0482464308077466,0.032067703800297886,0.032067703800297886,0.0482464308077466,0.0482464308077466,0.032067703800297886,0.032067703800297886,-0.12357371819171692,-0.11881159462797863,-0.09518493595525979,-0.09206145160082357,-0.12357371819171714,-0.11881159462797874,-0.09518493595525968,-0.09206145160082313,-0.12357371819171692,-0.11881159462797863,-0.09518493595525979,-0.09206145160082357,-0.12357371819171714,-0.11881159462797874,-0.09518493595525968,-0.09206145160082313,-0.12357371819171714,-0.11881159462797874,-0.09518493595525968,-0.09206145160082313,-0.10686222097065656,-0.10202396435338557,-0.08375777964960207,-0.0813326682046035,-0.10686222097065767,-0.10202396435338656,-0.08375777964960152,-0.08133266820460316,-0.10686222097065656,-0.10202396435338557,-0.08375777964960207,-0.0813326682046035,-0.10686222097065767,-0.10202396435338656,-0.08375777964960152,-0.08133266820460316,-0.10686222097065767,-0.10202396435338656,-0.08375777964960152,-0.08133266820460316,-0.20067384597170412,-0.18788656777633939,-0.11523072421206493,-0.10887485840598721,-0.20067384597170357,-0.1878865677763396,-0.11523072421206504,-0.10887485840598687,-0.20067384597170412,-0.18788656777633939,-0.11523072421206493,-0.10887485840598721,-0.20067384597170357,-0.1878865677763396,-0.11523072421206504,-0.10887485840598687,-0.11523072421206504,-0.10887485840598687,-0.11095522480966657,-0.1476289816295494,-0.1771890101048924,-0.1579061062071475,-0.16791281064889774,-0.1878865677763396,-0.20067384597170357,-0.1927610494341211
2012-05-31,10,-0.28203939196063466,-0.20683547062789553,-0.19806150646360632,-0.1841340018920533,-0.28097700007323034,-0.20566179681912922,-0.1383440405627432,-0.12432073967181778,-0.13224519479375618,-0.12300321273822212,-0.17597754772353402,-0.16217809990036802,-0.13739721999066745,-0.1282694453279667,-0.09566296418422815,-0.09022497124328965,-0.050270186024255814,-0.041142411361555054,-0.03830028625614457,-0.03281189371703308,-0.09271503170021322,-0.08357133387832305,-0.03663653277450041,-0.031168559585294187,-0.09328376647745673,-0.08411457853070947,-0.0750723832218202,-0.06958474199692288,0.051320013225508054,0.051320013225508054,0.0354823334996881,0.0354823334996881,0.051320013225508054,0.051320013225508054,0.0354823334996881,0.0354823334996881,-0.11793978377490721,-0.11253967095031159,-0.08936850982110489,-0.08560957162922911,-0.11793978377490733,-0.1125396709503117,-0.08936850982110556,-0.08560957162922933,-0.11793978377490721,-0.11253967095031159,-0.08936850982110489,-0.08560957162922911,-0.11793978377490733,-0.1125396709503117,-0.08936850982110556,-0.08560957162922933,-0.11793978377490733,-0.1125396709503117,-0.08936850982110556,-0.08560957162922933,-0.1039886776126564,-0.09851973622951304,-0.07933860051288422,-0.07659297900830986,-0.10398867761265618,-0.09851973622951271,-0.07933860051288444,-0.0765929790083103,-0.1039886776126564,-0.09851973622951304,-0.07933860051288422,-0.07659297900830986,-0.10398867761265618,-0.09851973622951271,-0.07933860051288444,-0.0765929790083103,-0.10398867761265618,-0.09851973622951271,-0.07933860051288444,-0.0765929790083103,-0.19806150646360665,-0.1841340018920541,-0.11301257110905305,-0.10609521219790785,-0.19806150646360632,-0.1841340018920533,-0.11301257110905383,-0.10609521219790796,-0.19806150646360665,-0.1841340018920541,-0.11301257110905305,-0.10609521219790785,-0.19806150646360632,-0.1841340018920533,-0.11301257110905383,-0.10609521219790796,-0.11301257110905383,-0.10609521219790796,-0.10446393897583417,-0.14284571118558398,-0.1711813246972771,-0.15319517549255146,-0.16183739584924195,-0.1841340018920533,-0.19806150646360632,-0.189644169498543
2012-06-30,50,0.0023661281969646897,0.05724189282906722,0.013040883306401296,0.03660109026554004,-0.04879491986394613,0.003279970364337803,-0.016736587959476412,0.004641679922614328,-0.035207639879373365,-0.012860278365040667,-0.013675959616931688,0.008265912457348534,0.038201654886251823,0.06257739958403152,-0.012906461745799791,0.0002495200335850267,-0.0018640445598537836,0.019425910211883446,0.02883402631097276,0.041747345740699826,0.0015038822412318797,0.023789674617431755,0.023729162212899224,0.036562265886645795,-0.013656305156847681,0.005815092129025201,0.0014077498946780675,0.013001279596163151,0.056108786063290506,0.056108786063290506,-0.028478898248356255,-0.028478898248356255,0.056108786063290506,0.056108786063290506,-0.028478898248356255,-0.028478898248356255,0.003402570816558592,0.016749508088882203,0.02431086626275869,0.03632117372425059,-0.03496017182316036,-0.02212352337657708,-0.03774683812943902,-0.02646417315876981,-0.034960171823160247,-0.02212352337657697,-0.03774683812943902,-0.02646417315876992,-0.03496017182316036,-0.02212352337657708,-0.03774683812943902,-0.02646417315876981,0.003402570816558814,0.016749508088881537,0.024310866262758246,0.03632117372425103,0.017716464682797417,0.03145932660101036,0.04377910026556586,0.050604471552396335,-0.04731927721373308,-0.034454633592707284,-0.03933077237861593,-0.033048864491515784,-0.04731927721373297,-0.03445463359270706,-0.03933077237861604,-0.033048864491515895,-0.04731927721373308,-0.034454633592707284,-0.03933077237861593,-0.033048864491515784,0.01771646468279764,0.03145932660100992,0.043779100265566306,0.05060447155239656,0.013040883306400852,0.03660109026554026,0.033287257767468326,0.04404871807440092,-0.04884488936491671,-0.02672395463653232,-0.04233860845949089,-0.03236477497313617,-0.04884488936491671,-0.0267239546365321,-0.04233860845949089,-0.032364774973135724,-0.04884488936491671,-0.02672395463653232,-0.04233860845949089,-0.03236477497313617,0.033287257767468104,0.044048718074400695,0.0629442771679154,0.051642106162897994,0.06294427716791562,0.05147893588913677,0.06294427716791606,0.03660109026554004,0.013040883306401296,0.021377635674796558
2012-06-30,10,0.010417302174319465,0.0614666356575555,0.019553017888124913,0.0418600851639801,-0.04115468006245271,0.007289081135025244,-0.010415872010092198,0.009822793965748033,-0.027458264751018646,-0.006110844671230242,-0.00733556901867638,0.01342918914957103,0.043764700530394496,0.06701294629611376,-0.008145555652023795,0.00439817306914847,0.006153151955711644,0.02651384880475738,0.03379625328898728,0.046103755350946685,0.00954813051349257,0.03085477893562505,0.030310004298765403,0.042563368542547275,-0.007865325328006767,0.012752306378646994,0.004995726976130044,0.017260864036977797,0.05904072239884828,0.05904072239884828,-0.02375631060302863,-0.02375631060302863,0.05904072239884828,0.05904072239884828,-0.02375631060302863,-0.02375631060302863,0.011462069676022812,0.024214760261590973,0.030073526877980594,0.04145004609047587,-0.03108061472496204,-0.018864309741099428,-0.03387848370985902,-0.023208274540429952,-0.03108061472496204,-0.01886430974109965,-0.03387848370985902,-0.02320827454042984,-0.03108061472496204,-0.018864309741099428,-0.03387848370985902,-0.023208274540429952,0.011462069676023035,0.024214760261590973,0.03007352687798215,0.04145004609047587,0.02589093515449825,0.039034720336126316,0.047975197151056026,0.054475242860787754,-0.04348940496132592,-0.03123452546651362,-0.03546878553390698,-0.029486299498419966,-0.04348940496132603,-0.031234525466513507,-0.03546878553390698,-0.029486299498420077,-0.04348940496132592,-0.03123452546651362,-0.03546878553390698,-0.029486299498419966,0.025890935154498695,0.03903472033612698,0.04797519715105514,0.05447524286078842,0.0195530178881258,0.04186008516397988,0.03910041857701119,0.049281643930425556,-0.0450211502266854,-0.02412691807283629,-0.0384887134181221,-0.029067715299434083,-0.04502115022668518,-0.02412691807283629,-0.03848871341812199,-0.029067715299434416,-0.0450211502266854,-0.02412691807283629,-0.0384887134181221,-0.029067715299434083,0.03910041857701141,0.04928164393042622,0.06719180674700942,0.055169242440362254,0.06719180674700809,0.05501774923281455,0.06719180674700831,0.0418600851639801,0.019553017888124913,0.02733615171637993
2012-07-31,50,0.032753918398669146,0.032753918398669146,0.008996966415059537,0.008996966415060426,-0.013580806451528815,-0.013580806451528149,0.041252561264054854,0.041252561264055077,-0.013580806451527927,-0.013580806451529148,0.0414085354601863,0.0414085354601863,0.01877487663316968,0.018774876633169457,0.0588357224029914,0.05883572240299073,0.029302927787119293,0.029302927787119293,0.012813695749466891,0.01281369574946667,0.02930292778711907,0.02930292778711907,0.01281369574946667,0.012813695749467335,0.016824842688625274,0.01682484268862483,0.05766705093695812,0.05766705093695812,0.08656568450531954,0.08656568450531954,0.055523954344513404,0.055523954344513404,0.08656568450531954,0.08656568450531954,0.055523954344513404,0.055523954344513404,-0.03438345793451769,-0.0343834579345178,-0.012272876106370623,-0.012272876106370623,-0.03352276954103084,-0.033522769541030395,-0.017062201886438366,-0.017062201886438033,0.0,0.0,0.0,0.0,-0.03352276954103084,-0.033522769541030395,-0.017062201886438366,-0.017062201886438033,-0.03438345793451736,-0.03438345793451758,-0.012272876106370734,-0.0122728761063704,0.010807100803170266,0.010807100803170044,-0.0013109412390051034,-0.0013109412390051034,0.00840735855167507,0.008407358551675292,-0.006444825168874124,-0.00644482516887368,0.0,0.0,0.0,0.0,0.00840735855167507,0.008407358551675292,-0.006444825168874124,-0.00644482516887368,0.010807100803170933,0.010807100803170488,-0.0013109412390046593,-0.0013109412390049924,0.008996966415060426,0.00899696641505976,0.03150748249877444,0.03150748249877533,0.004965171532243184,0.004965171532243184,0.02613474791053938,0.02613474791053938,0.0,0.0,0.0,0.0,0.004965171532243184,0.004965171532243184,0.02613474791053938,0.02613474791053938,0.03150748249877555,0.031507482498774664,0.008996966415059982,-0.05701609324341228,0.008996966415059982,0.008996966415060204,0.00899696641505976,0.008996966415060426,0.008996966415059537,0.008996966415060204
2012-07-31,10,0.0382877731755118,0.03828777317551113,0.015483105470376346,0.015483105470377012,-0.010693866312778133,-0.010693866312778577,0.044782383109335466,0.044782383109335466,-0.010693866312778133,-0.010693866312779132,0.04493888605434515,0.04493888605434582,0.021506348297403166,0.021506348297403388,0.062241704415161525,0.06224170441516175,0.03481829095570932,0.03481829095570954,0.014650342320219112,0.014650342320219334,0.03481829095570932,0.034818290955708875,0.014650342320219112,0.014650342320219334,0.02227334393628988,0.022273343936288548,0.06277311622813286,0.06277311622813264,0.08963488502432071,0.08963488502432071,0.060614911008309846,0.060614911008309846,0.08963488502432071,0.08963488502432071,0.060614911008309846,0.060614911008309846,-0.0266274628376304,-0.02662746283763051,-0.007508914130233024,-0.00750891413023369,-0.02966072266606956,-0.029660722666070005,-0.013134378517352552,-0.013134378517353107,0.0,0.0,0.0,0.0,-0.02966072266606956,-0.029660722666070005,-0.013134378517352552,-0.013134378517353107,-0.02662746283763029,-0.0266274628376304,-0.007508914130233579,-0.007508914130233801,0.014058588007716866,0.014058588007717088,0.0027086190769483043,0.002708619076947638,0.012436958386046859,0.012436958386047303,-0.002474574719998235,-0.002474574719998568,0.0,0.0,0.0,0.0,0.012436958386046859,0.012436958386047303,-0.002474574719998235,-0.002474574719998568,0.014058588007716866,0.014058588007716866,0.00270861907694786,0.0027086190769480822,0.01548310547037679,0.01548310547037679,0.03322474211632542,0.0332247421163252,0.00898101637353066,0.00898101637353066,0.03023518646362766,0.030235186463627883,0.0,0.0,0.0,0.0,0.00898101637353066,0.00898101637353066,0.03023518646362766,0.030235186463627883,0.0332247421163252,0.0332247421163252,0.015483105470376568,-0.048794927285022216,0.01548310547037679,0.01548310547037679,0.015483105470376346,0.015483105470377012,0.015483105470376346,0.015483105470377012
2012-08-31,50,0.003006775872861356,0.0030067758728618,0.007531155742138029,0.007531155742138251,0.06297162145213009,0.06297162145213098,0.06942732677735597,0.06942732677735619,0.06297162145213031,0.06297162145213009,-0.00544956509690564,-0.0060754857946223595,0.02665471309013223,0.02665471309013223,0.03934331273696978,0.039343312736970004,0.060858156768359706,0.060858156768360594,0.045236221390807296,0.04523622139080752,-0.0390432867978997,-0.04008199471871621,-0.004739623261608261,-0.00536177264094484,-0.014258313676042245,-0.014258313676041912,0.023255244812270037,0.023255244812269593,0.018658570743652403,0.018658570743652403,0.04016903068534239,0.04016903068534239,-0.0074853323786849835,-0.008502713389390237,-0.01896043749476517,-0.01957484495961581,0.00010612564726431017,0.00010612564726453222,0.022278916739778554,0.022278916739778776,0.00010612564726475426,0.00010612564726431017,0.02227891673977833,0.02227891673977833,0.0,0.0,0.0,0.0,0.00010612564726475426,0.00010612564726431017,0.02227891673977833,0.02227891673977833,0.00010612564726475426,0.00010612564726408813,0.02227891673977811,0.022278916739777888,0.005120433971331773,0.0051204339713315505,0.013006243868177725,0.013006243868178169,0.0051204339713315505,0.005120433971331773,0.013006243868177947,0.013006243868177503,0.0,0.0,0.0,0.0,0.0051204339713315505,0.005120433971331773,0.013006243868177947,0.013006243868177503,0.005120433971331995,0.005120433971331995,0.013006243868177947,0.013006243868177503,0.0075311557421389175,0.007531155742138695,0.02807495578888708,0.028074955788886413,0.007531155742138473,0.007531155742138029,0.02807495578888597,0.028074955788885747,0.0,0.0,0.0,0.0,0.007531155742138473,0.007531155742138029,0.02807495578888597,0.028074955788885747,0.028074955788886413,0.028074955788885747,0.007531155742138251,0.00454440211691387,0.007531155742138473,0.007531155742138251,0.007531155742138695,0.007531155742138251,0.007531155742138029,0.007531155742138473
2012-08-31,10,0.0060513568232132275,0.0060513568232132275,0.010963730371520874,0.010963730371521097,0.0660904207742481,0.06609042077424854,0.07149382979646868,0.07149382979646868,0.06609042077424854,0.06609042077424832,-0.0020324124529190746,-0.001990890914267074,0.029439694889527912,0.029439694889527912,0.04277993769807975,0.04277993769807975,0.0638539483471603,0.06385394834716007,0.05030430285654108,0.05030430285654175,-0.03389414642384203,-0.03382510991312282,8.613819374581055e-05,0.00012746766666982268,-0.008964761170155544,-0.008964761170155766,0.026685839533932443,0.02668583953393222,0.021823173994142353,0.021823173994142353,0.042197983810245976,0.042197983810245976,-0.002167093506234674,-0.0020994744637268248,-0.015522963157415526,-0.015482202605707429,0.008139146902570449,0.008139146902569117,0.0304900335967091,0.0304900335967091,0.00813914690256956,0.008139146902569783,0.030490033596708876,0.0304900335967091,0.0,0.0,0.0,0.0,0.00813914690256956,0.008139146902569783,0.030490033596708876,0.0304900335967091,0.00813914690256956,0.008139146902569783,0.030490033596708876,0.030490033596709543,0.011581653498324629,0.011581653498325295,0.017891245823992596,0.017891245823993263,0.011581653498325517,0.011581653498325517,0.017891245823993485,0.01789124582399282,0.0,0.0,0.0,0.0,0.011581653498325517,0.011581653498325517,0.017891245823993485,0.01789124582399282,0.011581653498325295,0.011581653498325295,0.01789124582399282,0.01789124582399282,0.01096373037152043,0.010963730371520652,0.029927275557100952,0.029927275557100952,0.010963730371521097,0.010963730371520652,0.029927275557101174,0.029927275557100508,0.0,0.0,0.0,0.0,0.010963730371521097,0.010963730371520652,0.029927275557101174,0.029927275557100508,0.02992727555710073,0.029927275557100286,0.010963730371521985,0.008706791974689043,0.010963730371521319,0.010963730371520874,0.010963730371521763,0.010963730371521097,0.010963730371520874,0.010963730371521097
2012-09-30,50,-0.025615547907944514,-0.025615547907944514,-0.008340779705707457,-0.008340779705707457,-0.04155433983317758,-0.04155433983317769,-0.05159943172405512,-0.05159943172405557,-0.04155433983317747,-0.041554339833177356,-0.014868089840115228,-0.014652802571677337,0.06475312267447353,0.0647531226744733,0.055882724993568944,0.05588272499356961,0.028479330653978563,0.028479330653978785,0.032089094194040824,0.03208909419404016,0.025434341645490743,0.025815286994444575,0.025587565078948105,0.025807780360637356,0.028218736418897494,0.028218736418896606,0.017682713764944236,0.01768271376494379,-0.03552132345297876,-0.03552132345297876,0.01505888071839423,0.01505888071839423,-0.026401114190930164,-0.026059961813431176,0.012848989060227689,0.013063811325003893,0.005762984906518387,0.005762984906519053,0.004961407033783782,0.004961407033783782,0.005762984906518387,0.005762984906518387,0.004961407033784004,0.004961407033783782,0.0027973349215153487,0.0027973349215155707,0.008321131843566976,0.008321131843566532,0.005762984906518387,0.005762984906518387,0.004961407033784004,0.004961407033783782,0.005762984906518831,0.005762984906518831,0.004961407033784226,0.004961407033784004,0.005966404914558021,0.005966404914557133,0.016138748989785512,0.016138748989784846,0.005966404914556689,0.005966404914556911,0.016138748989785512,0.016138748989785512,-0.002939284526185304,-0.002939284526184416,0.011645864914970216,0.01164586491497066,0.005966404914556689,0.005966404914556911,0.016138748989785512,0.016138748989785512,0.005966404914557355,0.005966404914556911,0.016138748989785512,0.016138748989785512,-0.008340779705707901,-0.008340779705707124,0.001924439451300053,0.001924439451300053,-0.008340779705707568,-0.00834077970570768,0.001924439451300275,0.001924439451300053,-0.013414946145166584,-0.013414946145166806,-0.002618734852724902,-0.002618734852724791,-0.008340779705707568,-0.00834077970570768,0.001924439451300275,0.001924439451300053,0.0019244394512998308,0.0019244394512993868,-0.008340779705707013,-0.008340779705707346,-0.008340779705707457,-0.008340779705707235,-0.008340779705707568,-0.008340779705707457,-0.008340779705707457,-0.008340779705707457
2012-09-30,10,-0.017789127477384037,-0.017789127477383704,-0.0003756054203404302,-0.00037560542034065225,-0.03641865455484683,-0.03641865455484694,-0.0455028247264786,-0.045502824726479374,-0.0364186545548465,-0.03641865455484716,-0.008535362617127618,-0.008984038737284483,0.06793407099894422,0.06793407099894422,0.05779079570259138,0.05779079570259049,0.02886195921820378,0.028861959218204225,0.03562937791234555,0.03562937791234533,0.02831741266638521,0.027512219105675362,0.029024301335672575,0.028558734863429747,0.03372829011295986,0.033728290112959414,0.019320170954859606,0.019320170954859606,-0.03293559406835156,-0.03293559406835156,0.016698717918438577,0.016698717918438577,-0.02379093388410347,-0.02451598896777052,0.01610704445521849,0.0156440022071056,0.01384144301047674,0.013841443010476517,0.01303342672893315,0.01303342672893315,0.013841443010477184,0.013841443010476961,0.01303342672893315,0.013033426728933595,0.006804517079044059,0.006804517079044281,0.012350387115668493,0.012350387115668937,0.013841443010477184,0.013841443010476961,0.01303342672893315,0.013033426728933595,0.013841443010477406,0.013841443010477184,0.01303342672893315,0.01303342672893315,0.009240422852091035,0.009240422852091257,0.020247099440231953,0.020247099440232175,0.00924042285209059,0.009240422852091035,0.02024709944023173,0.020247099440232175,0.0010449740771072413,0.0010449740771072413,0.015688405833712116,0.015688405833711228,0.00924042285209059,0.009240422852091035,0.02024709944023173,0.020247099440232175,0.009240422852091257,0.009240422852091257,0.02024709944023173,0.020247099440231953,-0.0003756054203404302,-0.0003756054203404302,0.0067560919864981805,0.0067560919864977365,-0.00037560542034054123,-0.00037560542034054123,0.006756091986498625,0.0067560919864981805,-0.009472548327564945,-0.00947254832756439,0.001366804668343713,0.001366804668343713,-0.00037560542034054123,-0.00037560542034054123,0.006756091986498625,0.0067560919864981805,0.006756091986498625,0.006756091986498847,-0.00037560542034009714,-0.0003756054203397641,-0.0003756054203407633,-0.00037560542034020816,-0.00037560542034020816,-0.00037560542034065225,-0.0003756054203404302,-0.0003756054203403192
2012-10-31,50,-0.03154380176953597,-0.03154380176953597,-0.062111848787286594,-0.062111848787286816,-0.04420200359552717,-0.044202003595527395,-0.027809350630625396,-0.027809350630625063,-0.005372518559314532,-0.005372518559315198,-0.054364002869794814,-0.0543640028697947,-0.00785927486338922,-0.007859274863389332,-0.0341110641017045,-0.03411106410170439,-0.01327189421809849,-0.013271894218098601,-0.04340350178908703,-0.04340350178908714,-0.013271894218098712,-0.013271894218098268,-0.06858064856853252,-0.06858064856853274,-0.06107525943788816,-0.06107525943788861,-0.03794125483203448,-0.037941254832034255,-0.05960849505520971,-0.05960849505520971,-0.08966646839116976,-0.08462805929646944,-0.06944468118635627,-0.0694446811863566,-0.12510775573791677,-0.12007939332137108,-0.033508413181644325,-0.033508413181644436,-0.05078918465983606,-0.050789184659836284,-0.03350841318164388,-0.03350841318164388,-0.05078918465983617,-0.05078918465983606,-0.033508413181644325,-0.033508413181644325,-0.050789184659836395,-0.05078918465983584,-0.03350841318164388,-0.03350841318164388,-0.05078918465983617,-0.05078918465983606,-0.033508413181644436,-0.033508413181644436,-0.050789184659836395,-0.05078918465983573,-0.05906700509893126,-0.0590670050989317,-0.047837271192852415,-0.047837271192852415,-0.0590670050989317,-0.05906700509893137,-0.04783727119285264,-0.04783727119285208,-0.05906700509893159,-0.0590670050989317,-0.04783727119285286,-0.047837271192852415,-0.0590670050989317,-0.05906700509893137,-0.04783727119285264,-0.04783727119285208,-0.05906700509893159,-0.05906700509893126,-0.047837271192852304,-0.04783727119285297,-0.06211184878728726,-0.06211184878728726,-0.0407528193733907,-0.040752819373391036,-0.062111848787286705,-0.06211184878728693,-0.040752819373390814,-0.04075281937339115,-0.06211184878728704,-0.062111848787286594,-0.040752819373390814,-0.04075281937339059,-0.062111848787286705,-0.06211184878728693,-0.040752819373390814,-0.04075281937339115,-0.0407528193733907,-0.0407528193733907,-0.062111848787286705,-0.06341590573545342,-0.062111848787286705,-0.062111848787286705,-0.06211184878728715,-0.062111848787286816,-0.062111848787286594,-0.062111848787286594
2012-10-31,10,-0.02376499807489474,-0.023764998074895183,-0.057423419151657495,-0.05742341915165727,-0.03908050542072394,-0.039080505420724054,-0.021559813763836866,-0.021559813763836755,-4.295849540014718e-05,-4.295849539959207e-05,-0.0482851673754805,-0.0482851673754805,-0.002543039704862138,-0.0025430397048619158,-0.03094950919321582,-0.030949509193215263,-0.010365016307867903,-0.01036501630786757,-0.038636632432988094,-0.03863663243298854,-0.01036501630786768,-0.01036501630786757,-0.06393924085658642,-0.06393924085658609,-0.05835101289964095,-0.05835101289964073,-0.0361760129523494,-0.03617601295234929,-0.059418781573776336,-0.059418781573776336,-0.08795226123842159,-0.08232912461178488,-0.06678157571356746,-0.06678157571356813,-0.12206006409550174,-0.11643917537477244,-0.027295511620432755,-0.027295511620432977,-0.044687369147960454,-0.04468736914796012,-0.0272955116204322,-0.027295511620432866,-0.04468736914796023,-0.044687369147960676,-0.02729551162043231,-0.0272955116204332,-0.044687369147960565,-0.044687369147960454,-0.0272955116204322,-0.027295511620432866,-0.04468736914796023,-0.044687369147960676,-0.027295511620432422,-0.027295511620432755,-0.04468736914796012,-0.044687369147960454,-0.0515092724203452,-0.05150927242034464,-0.04171647988435545,-0.041716479884356006,-0.05150927242034509,-0.05150927242034564,-0.041716479884355784,-0.041716479884355784,-0.0515092724203452,-0.05150927242034509,-0.04171647988435545,-0.041716479884355895,-0.05150927242034509,-0.05150927242034564,-0.041716479884355784,-0.041716479884355784,-0.0515092724203452,-0.05150927242034542,-0.04171647988435501,-0.041716479884355784,-0.05742341915165783,-0.057423419151657495,-0.03524298802532677,-0.035242988025326216,-0.057423419151657606,-0.057423419151657384,-0.03524298802532633,-0.03524298802532688,-0.057423419151657606,-0.057423419151657384,-0.03524298802532666,-0.035242988025327326,-0.057423419151657606,-0.057423419151657384,-0.03524298802532633,-0.03524298802532688,-0.03524298802532699,-0.03524298802532655,-0.057423419151657384,-0.05732102229812075,-0.057423419151657495,-0.057423419151657384,-0.057423419151657384,-0.05742341915165727,-0.057423419151657495,-0.05742341915165716
2012-11-30,50,0.0282923613116155,0.02829236131161572,0.02607160126802066,0.026071601268020883,-0.008653835286250633,-0.008653835286250522,0.022408501828719674,0.022408501828720118,0.026274147073217513,0.026274147073217513,0.0020375276620714367,0.0020375276620707705,0.05339013947244786,0.053390139472448306,0.03299560974577309,0.03299560974577265,-0.09526800609159947,-0.12357482877575798,-0.032586070017767144,-0.04995154924172718,-0.09526800609159991,-0.12357482877575732,-0.03613221111372633,-0.05322190730949605,0.0021528216728838867,-0.026287033651438696,-0.00906657492157259,-0.026193187820494623,0.0021528216728841088,-0.026287033651439695,-0.005237477950231995,-0.020852716903176027,-0.024504503312897885,-0.05218785678487592,-0.023280010784078597,-0.03841517141482487,-0.037243930634206945,-0.054975226677203226,0.0015414587616688902,-0.007337038865889101,0.008997891470429176,0.008997891470429176,0.008449436673182875,0.008449436673183097,0.008997891470429176,0.008997891470428954,0.008449436673183097,0.008449436673183097,0.008997891470429176,0.008997891470429176,0.008449436673182875,0.008449436673183097,-0.03724393063420739,-0.05497522667720278,0.001541458761668224,-0.0073370388658888785,0.06006074404994233,0.06006074404994122,0.04071658131247413,0.04071658131247413,0.017077331136547524,0.017077331136547524,0.01822934666227405,0.01822934666227427,0.017077331136547524,0.017077331136547746,0.01822934666227427,0.01822934666227427,0.017077331136547524,0.017077331136547524,0.01822934666227405,0.01822934666227427,0.06006074404994188,0.06006074404994277,0.040716581312474576,0.040716581312474354,0.02607160126802044,0.02607160126802044,0.023651190390903798,0.02365119039090402,0.011460255671948971,0.011460255671949193,0.012846499064904204,0.012846499064904426,0.011460255671948971,0.011460255671949193,0.012846499064904204,0.012846499064904204,0.011460255671948971,0.011460255671949193,0.012846499064904204,0.012846499064904426,0.023651190390904242,0.023651190390904242,0.026071601268020883,0.01942234516420993,0.02607160126802066,0.026071601268021327,0.02607160126802066,0.026071601268020883,0.02607160126802066,0.02607160126802066
2012-11-30,10,0.031049172674362913,0.03104917267436247,0.03102050463919248,0.031020504639191815,-0.0033418576588869486,-0.0033418576588862825,0.02570087877732563,0.025700878777324965,0.03177328098106735,0.03177328098106713,0.008478929330655305,0.00847892933065486,0.05626438770872988,0.05626438770872899,0.03797790868978246,0.03797790868978246,-0.09507010238590508,-0.1223798939961197,-0.0309299498259743,-0.04770878783086174,-0.09507010238590485,-0.12237989399611948,-0.03299641401464948,-0.04953419488937483,0.0075227051277342305,-0.020056423761475317,-0.005819496989320161,-0.022393389548176046,0.0075227051277344525,-0.020056423761475317,-0.0020347035743228936,-0.017688592363715783,-0.019277459079068637,-0.04612298149057903,-0.018569137935295577,-0.03380016793005802,-0.029510911336996126,-0.04675130372076375,0.007979671548643763,-0.0006392831537933574,0.013054164400963408,0.013054164400963408,0.012503504760311257,0.012503504760311257,0.013054164400963408,0.013054164400963408,0.012503504760311257,0.012503504760311701,0.013054164400963408,0.013054164400963408,0.012503504760311257,0.012503504760311257,-0.029510911336996126,-0.04675130372076375,0.00797967154864443,-0.0006392831537938015,0.06687513658218114,0.06687513658218114,0.04574605560775047,0.04574605560775069,0.021166084226543536,0.021166084226543758,0.022322730970464555,0.022322730970464333,0.021166084226543314,0.021166084226543758,0.022322730970464333,0.022322730970464333,0.021166084226543536,0.021166084226543758,0.022322730970464555,0.022322730970464333,0.06687513658218136,0.06687513658218114,0.04574605560775091,0.04574605560775069,0.031020504639192925,0.03102050463919226,0.028600235452151512,0.028600235452151956,0.015526427554047428,0.015526427554047206,0.016918243784763032,0.016918243784763032,0.015526427554047428,0.015526427554047428,0.016918243784763032,0.016918243784763032,0.015526427554047428,0.015526427554047206,0.016918243784763032,0.016918243784763032,0.028600235452151068,0.028600235452151734,0.031020504639193147,0.022803805746796302,0.031020504639191815,0.03102050463919226,0.031020504639192037,0.031020504639191815,0.03102050463919248,0.03102050463919226
2012-12-31,50,0.0961741752428138,0.09617417524281291,0.05609845123704327,0.05609845123704349,0.09025880388419005,0.09025880388419005,0.07768554075867229,0.0776855407586714,-0.051625613516608215,-0.05581604602030876,-0.02467730662748502,-0.02720805116517455,0.028667372813514502,0.028667372813514724,0.011950296027591678,0.011950296027592122,0.01741146038557484,0.02471929231048864,0.012001429387006102,0.016182754384747255,-0.09417379629409883,-0.09184506420847971,-0.04111105646419222,-0.03972776215345386,-0.035740710614777904,-0.0319497093009663,0.0013114166438430441,0.0036599412321820513,-0.03574071061477768,-0.03194970930096597,0.009298316956919406,0.011620628970778979,-0.10466928239577877,-0.10540715395279909,-0.04101328218215461,-0.041330526155104796,-0.017354067467114875,-0.013204588450561605,-0.010178820669169308,-0.008166902134604137,0.0,0.0,0.0,0.0,0.0,0.0,0.0,0.0,-0.007155753092625505,-0.007155753092624839,-0.003732186816987171,-0.003732186816987282,-0.017354067467115764,-0.013204588450561716,-0.010178820669169863,-0.008166902134604581,0.050487918159343836,0.050487918159342726,0.02066386090947736,0.020663860909477805,0.0,0.0,0.0,0.0,0.0,0.0,0.0,0.0,0.0578177570067151,0.05781775700671554,0.026000679939902405,0.026000679939902405,0.050487918159342726,0.050487918159343836,0.02066386090947736,0.020663860909478027,0.05609845123704327,0.05609845123704371,0.01612127789924167,0.016121277899241004,0.0,0.0,0.0,0.0,0.0,0.0,0.0,0.0,0.057817757006715764,0.05781775700671554,0.018829149335457984,0.018829149335457984,0.01612127789924145,0.01612127789924167,0.05609845123704371,0.05609845123704327,0.05609845123704282,0.056098451237043045,0.05609845123704349,0.05609845123704349,0.05609845123704327,0.05609845123704349
2012-12-31,10,0.10204785781893477,0.102047857818935,0.06288737294725144,0.06288737294725077,0.09901594667212943,0.09901594667212965,0.08461323083895089,0.08461323083895156,-0.04400811032445684,-0.04716108538082131,-0.01840763603026141,-0.02030879504671468,0.031531755007397466,0.03153175500739791,0.015243723292519107,0.015243723292519773,0.025583481011265397,0.031769227337353545,0.015256758416670069,0.018791694890463395,-0.08689804728968897,-0.08453045959864847,-0.03648618552986471,-0.0350716226184804,-0.035246205053070856,-0.030357908892838625,0.003203219194499951,0.00626136105430164,-0.035246205053070856,-0.030357908892838403,0.011176854167562755,0.014238272330483248,-0.10184987352916897,-0.10046929593667064,-0.03922838647424909,-0.038208275869042296,-0.009461289430816477,-0.005939359454722237,-0.0030220209921456576,-0.0013120592201292247,0.0,0.0,0.0,0.0,0.0,0.0,0.0,0.0,-0.0031883435145728667,-0.0031883435145733108,0.000248903345582141,0.00024890334558280713,-0.009461289430816366,-0.005939359454722348,-0.0030220209921454355,-0.0013120592201288916,0.05555458523513823,0.0555545852351389,0.026406003872485817,0.026406003872485595,0.0,0.0,0.0,0.0,0.0,0.0,0.0,0.0,0.062044800990758375,0.06204480099075815,0.030100582756845462,0.030100582756845462,0.05555458523513912,0.055554585235138676,0.026406003872485595,0.02640600387248626,0.06288737294725144,0.06288737294725077,0.02104657216208805,0.021046572162087385,0.0,0.0,0.0,0.0,0.0,0.0,0.0,0.0,0.06204480099075771,0.062044800990758375,0.02290039468744709,0.022900394687447312,0.02104657216208805,0.02104657216208783,0.06288737294725144,0.06288737294725188,0.06288737294725188,0.062887372947251,0.06288737294725144,0.06288737294725077,0.06288737294725144,0.06288737294725144
2013-01-31,50,0.2965241135141883,0.29652411351418784,0.18742969208465943,0.18742969208465943,0.29652411351418806,0.2965241135141887,0.1629249557632122,0.1629249557632122,0.32468564830593727,0.322341097736232,0.22130301888480952,0.22003084279916196,0.05277206565612946,0.052772065656129685,0.22099397511422514,0.22099397511422558,0.052772065656129685,0.05277206565612924,0.06963458949309653,0.06963458949309698,0.04196054116538428,0.04008213235032576,0.06846915274563359,0.0673731892652838,0.05063420449306455,0.050634204493064106,0.052571337711331934,0.052571337711331934,0.05063420449306455,0.05063420449306455,0.020430163990142525,0.020430163990142525,0.04253315905029331,0.04059649031648194,0.0227353956963956,0.021677199861872776,0.23326076442355537,0.23326076442355603,0.14543638636981648,0.14543638636981626,0.19210195686780884,0.19210195686780862,0.11288344214592572,0.11288344214592616,0.0,0.0,0.0,0.0,0.23326076442355603,0.2332607644235558,0.1454363863698167,0.14543638636981715,0.2332607644235556,0.23326076442355537,0.14543638636981715,0.14543638636981693,0.18739203481098032,0.18739203481097944,0.11172548579569219,0.11172548579569153,0.15438346807310355,0.15438346807310466,0.08367100101451919,0.08367100101451919,0.0,0.0,0.0,0.0,0.18739203481097944,0.1873920348109792,0.11172548579569175,0.11172548579569175,0.1873920348109792,0.18739203481097944,0.11172548579569086,0.1117254857956913,0.18742969208465898,0.1874296920846592,0.12620370741479392,0.12620370741479392,0.1544200785041283,0.15442007850412787,0.09180017522991135,0.09180017522991157,0.0,0.0,0.0,0.0,0.1874296920846592,0.18742969208465943,0.12620370741479348,0.12620370741479325,0.12620370741479348,0.12620370741479348,0.18742969208465898,0.1874296920846592,0.18742969208465943,0.1874296920846592,0.1874296920846592,0.18742969208465943,0.18742969208465943,0.18742969208465943
2013-01-31,10,0.3000000436510739,0.3000000436510726,0.1894982034847239,0.18949820348472501,0.30000004365107413,0.300000043651073,0.16488832610228576,0.16488832610228554,0.3317837748509893,0.327932211715694,0.22915392574859483,0.22706410548993916,0.05559450614307493,0.05559450614307537,0.22501420026856378,0.22501420026856334,0.05559450614307493,0.05559450614307537,0.07479360395107637,0.07479360395107637,0.050329744152670886,0.04721471046291592,0.07533759708362697,0.07352059889878793,0.05344994411145376,0.053449944111452874,0.05601538548035223,0.05601538548035201,0.053449944111452874,0.053449944111453096,0.022146776031186644,0.022146776031186866,0.04811941440062162,0.044923108845279724,0.026025252930383935,0.024279888510116976,0.24118853930868633,0.24118853930868656,0.15371834570874054,0.15371834570873988,0.19686560105109652,0.19686560105109563,0.11733052882782768,0.1173305288278288,0.0,0.0,0.0,0.0,0.2411885393086859,0.24118853930868633,0.15371834570873988,0.15371834570874032,0.24118853930868522,0.24118853930868567,0.15371834570873988,0.15371834570873988,0.18946048061179233,0.18946048061179122,0.11712870902890482,0.11712870902890549,0.1589963890244448,0.15899638902444457,0.08800135466492587,0.08800135466492631,0.0,0.0,0.0,0.0,0.18946048061179233,0.18946048061179166,0.11712870902890549,0.11712870902890615,0.18946048061179166,0.1894604806117921,0.11712870902890504,0.11712870902890593,0.18949820348472546,0.18949820348472501,0.1308094848167205,0.13080948481672117,0.159033145750898,0.15903314575089778,0.09616301309296715,0.09616301309296715,0.0,0.0,0.0,0.0,0.18949820348472546,0.18949820348472546,0.13080948481672072,0.1308094848167214,0.13080948481672205,0.13080948481672072,0.18949820348472568,0.18949820348472435,0.18949820348472546,0.18949820348472546,0.18949820348472501,0.18949820348472501,0.1894982034847239,0.1894982034847248
2013-02-28,50,0.060951567812545404,0.06095156781254629,0.0262924722114668,0.026292472211466134,0.06095156781254607,0.06095156781254585,0.02811067944512935,0.028110679445130016,0.04901895528391553,0.049018955283916865,0.019726267476803283,0.019726267476803727,0.05617398019185216,0.05617398019185238,0.050132748637225166,0.0501327486372245,0.05617398019185171,0.05617398019185238,0.04518403431166762,0.0451840343116674,0.043536480044648496,0.043536480044648496,0.023247812558712777,0.023247812558712777,-0.024684862536949126,-0.024684862536949237,-0.004420710079769519,-0.004420710079769297,-0.023590465440825548,-0.02359046544082566,-0.028291562647245416,-0.02829156264724475,-0.023590465440825326,-0.02359046544082477,-0.02829156264724486,-0.028291562647245083,0.001916130580304598,0.0019161305803054862,0.00012647724214542855,0.00012647724214587264,0.00191613058030482,0.00191613058030482,0.00012647724214609468,0.00012647724214609468,-0.0007503399178470094,-0.0007503399178465653,-0.00831891540571561,-0.008318915405715277,0.001916130580304154,0.001916130580304598,0.00012647724214653877,0.00012647724214587264,0.0019161305803050421,0.001916130580304598,0.0001264772421456506,0.00012647724214631673,0.029066413841192906,0.02906641384119313,0.0048176030751727605,0.0048176030751725385,0.02906641384119313,0.029066413841192906,0.0048176030751723165,0.0048176030751723165,0.022993697649764888,0.022993697649764222,-0.0023284839817018232,-0.0023284839817021563,0.029066413841192684,0.029066413841192684,0.0048176030751727605,0.0048176030751725385,0.029066413841192906,0.029066413841192906,0.0048176030751727605,0.0048176030751727605,0.026292472211466134,0.026292472211466578,0.01770098955544186,0.017700989555442304,0.026292472211466356,0.026292472211466356,0.017700989555442748,0.017700989555441637,0.018681957430109808,0.018681957430109808,0.005150419728525257,0.005150419728525479,0.026292472211466134,0.026292472211466356,0.01770098955544186,0.017700989555442304,0.017700989555442304,0.017700989555442748,0.026292472211467022,0.026292472211466578,0.026292472211466356,0.026292472211466356,0.0262924722114668,0.026292472211466134,0.0262924722114668,0.026292472211466578
2013-02-28,10,0.06424019830200711,0.06424019830200711,0.03135983321293767,0.03135983321293789,0.06424019830200733,0.06424019830200667,0.03317486803397984,0.03317486803398073,0.05233410816247397,0.052334108162474635,0.024813154171255958,0.024813154171256846,0.059005541077820745,0.05900554107782052,0.05231070198765364,0.05231070198765342,0.05900554107782052,0.059005541077820745,0.050225119928409834,0.050225119928408946,0.049128111537907415,0.04912811153790719,0.02818309635650773,0.028183096356507065,-0.019280015177299492,-0.019280015177299714,-0.0026657521261473915,-0.0026657521261471695,-0.02078384727381033,-0.020783847273809997,-0.025089346963106163,-0.025089346963106496,-0.020783847273810552,-0.020783847273809886,-0.02508934696310583,-0.02508934696310594,0.006937041376405384,0.006937041376405828,0.005060251843701069,0.005060251843701513,0.006937041376405384,0.006937041376405606,0.005060251843700847,0.005060251843700847,0.0032426657168467266,0.0032426657168469486,-0.004356153828915632,-0.004356153828916187,0.006937041376405606,0.006937041376405384,0.005060251843701513,0.005060251843701291,0.006937041376405606,0.006937041376405384,0.005060251843701291,0.005060251843701069,0.03414508205106115,0.03414508205106093,0.008988668457591276,0.00898866845759061,0.034145082051060704,0.03414508205106093,0.00898866845759172,0.008988668457590832,0.027081584553459992,0.027081584553459548,0.0016582153830067003,0.0016582153830067003,0.03414508205106093,0.03414508205106115,0.008988668457591054,0.008988668457591276,0.03414508205106115,0.03414508205106093,0.00898866845759061,0.00898866845759061,0.031359833212938115,0.03135983321293834,0.023462099454738095,0.023462099454737873,0.031359833212939,0.031359833212938115,0.02346209945473765,0.02346209945473854,0.02275261460265643,0.02275261460265643,0.009167004822346447,0.009167004822346225,0.03135983321293834,0.03135983321293834,0.02346209945473854,0.02346209945473854,0.023462099454738095,0.023462099454738095,0.03135983321293767,0.03135983321293856,0.03135983321293834,0.03135983321293834,0.03135983321293767,0.03135983321293789,0.03135983321293767,0.031359833212938115
2013-03-31,50,0.06517749317130273,0.0651774931713025,0.07080730722515471,0.07080730722515516,0.08787524477079067,0.08787524477078956,0.07432642154868829,0.07432642154868807,0.05876007945179307,0.058760079451792846,0.052046318304602934,0.05204631830460271,0.10528595441487987,0.1052859544148792,0.10573341973066741,0.10573341973066719,0.10528595441487987,0.10528595441487942,0.10573341973066785,0.10573341973066697,0.058760079451792846,0.058760079451792624,0.06282527957352446,0.06282527957352468,0.03477806288538354,0.034778062885383765,0.02267946888228156,0.022679468882282228,0.03988872493525375,0.039888724935254194,0.026651825791250916,0.026651825791250916,0.08832922428713452,0.08832922428713452,0.06334439303870965,0.0633443930387092,0.10776232873572411,0.10776232873572456,0.08688385249237207,0.08688385249237274,0.10776232873572433,0.10776232873572411,0.08688385249237274,0.08688385249237274,0.10776232873572411,0.10776232873572367,0.08688385249237318,0.08688385249237296,0.10776232873572389,0.10776232873572456,0.08688385249237185,0.0868838524923734,0.10776232873572478,0.10776232873572433,0.08688385249237274,0.08688385249237252,0.0619822296435133,0.06198222964351352,0.0642129391223667,0.06421293912236736,0.06198222964351352,0.06198222964351263,0.06421293912236692,0.0642129391223667,0.0619822296435133,0.06198222964351263,0.06421293912236647,0.0642129391223667,0.06198222964351263,0.061982229643512854,0.06421293912236625,0.0642129391223667,0.061982229643512854,0.061982229643513076,0.06421293912236647,0.0642129391223667,0.07080730722515538,0.0708073072251556,0.06272259068384267,0.06272259068384245,0.07080730722515538,0.07080730722515582,0.06272259068384267,0.0627225906838429,0.07080730722515538,0.07080730722515582,0.06272259068384245,0.062722590683842,0.07080730722515538,0.07080730722515516,0.06272259068384267,0.06272259068384245,0.06272259068384312,0.0627225906838429,0.0708073072251556,0.07080730722515516,0.07080730722515494,0.0708073072251556,0.07080730722515494,0.07080730722515516,0.07080730722515471,0.0708073072251556
2013-03-31,10,0.0681054318264831,0.06810543182648332,0.07425179851851005,0.07425179851850938,0.08807801160535922,0.08807801160535988,0.07606699512408799,0.07606699512408799,0.061598573568128145,0.0615985735681277,0.055430460679384286,0.0554304606793834,0.10826852071065796,0.10826852071065751,0.1075470481580938,0.1075470481580938,0.10826852071065729,0.10826852071065773,0.10754704815809424,0.10754704815809402,0.0615985735681277,0.06159857356812792,0.06795145166770022,0.06795145166770022,0.04032276373256116,0.04032276373256072,0.026032257440259388,0.02603225744025961,0.04273754244286132,0.0427375424428611,0.02998041117625716,0.029980411176256272,0.09421316388895873,0.09421316388895917,0.06679194216586204,0.06679194216586182,0.1148833615471021,0.1148833615471021,0.0929985418668311,0.09299854186683132,0.11488336154710321,0.11488336154710233,0.09299854186683199,0.09299854186683132,0.11488336154710277,0.11488336154710233,0.09299854186683154,0.09299854186683154,0.11488336154710188,0.1148833615471021,0.09299854186683132,0.09299854186683043,0.11488336154710188,0.11488336154710299,0.09299854186683087,0.0929985418668311,0.06710349655308478,0.06710349655308345,0.06934580411498348,0.06934580411498326,0.06710349655308345,0.06710349655308345,0.06934580411498326,0.06934580411498348,0.06710349655308434,0.06710349655308456,0.06934580411498326,0.06934580411498303,0.06710349655308412,0.06710349655308412,0.06934580411498392,0.06934580411498348,0.06710349655308434,0.06710349655308434,0.06934580411498326,0.06934580411498348,0.07425179851850983,0.07425179851851049,0.06789396308885154,0.0678939630888522,0.07425179851851049,0.07425179851851027,0.06789396308885132,0.06789396308885176,0.07425179851850983,0.07425179851851049,0.06789396308885176,0.06789396308885154,0.07425179851851005,0.07425179851851049,0.06789396308885132,0.0678939630888511,0.06789396308885176,0.06789396308885087,0.07425179851851005,0.07425179851851027,0.07425179851850983,0.07425179851851005,0.07425179851851005,0.07425179851850938,0.07425179851851005,0.07425179851851049
2013-04-30,50,0.049917025578239516,0.04991702557823885,0.04012002251801383,0.04012002251801294,0.06238345332972628,0.062383453329726724,0.04487859757377799,0.04487859757377777,0.05982893742669626,0.05982893742669648,0.040801924679332524,0.040801924679331636,0.045978149372138066,0.045978149372137844,0.053029475146188165,0.05302947514618839,0.048667963019613625,0.04866796301961429,0.04330257321727826,0.043302573217278706,0.06334594076976852,0.0633459407697683,0.03411990436565815,0.03411990436565793,0.04590730717402347,0.04590730717402347,0.04032847700910547,0.04032847700910547,0.016292382884528944,0.016292382884528722,0.023935074339871187,0.023935074339871187,-0.0001065027758939685,-0.00010650277589407953,0.05012962848182756,0.05012962848182645,0.02795269179560078,0.02795269179560189,0.026837679553352478,0.026837679553351812,0.027952691795601448,0.02795269179560189,0.0268376795533527,0.026837679553352034,0.02795269179560189,0.027952691795602558,0.026837679553352478,0.026837679553352034,0.02795269179560189,0.027952691795602114,0.026837679553352034,0.026837679553351812,0.027952691795601226,0.02795269179560167,0.026837679553351812,0.026837679553352922,0.031047880713741538,0.03104788071374176,0.043073074946564205,0.04307307494656376,0.031047880713742648,0.031047880713742204,0.04307307494656398,0.04307307494656443,0.031047880713742204,0.031047880713742426,0.04307307494656443,0.04307307494656376,0.031047880713741316,0.031047880713741982,0.04307307494656465,0.04307307494656465,0.031047880713742204,0.03104788071374176,0.04307307494656443,0.04307307494656398,0.040120022518013165,0.04012002251801361,0.035504356272369364,0.03550435627236914,0.040120022518013165,0.04012002251801383,0.0355043562723687,0.035504356272369364,0.04012002251801272,0.040120022518013165,0.03550435627236981,0.035504356272369364,0.04012002251801339,0.040120022518013165,0.03550435627236981,0.03550435627237025,0.03550435627237003,0.03550435627236892,0.04012002251801228,-0.011613983676307615,0.040120022518013165,0.040120022518013165,0.04012002251801339,0.04012002251801294,0.04012002251801383,0.040120022518013165
2013-04-30,10,0.052929483897352414,0.0529294838973533,0.041958376991415136,0.04195837699141536,0.06832170558388495,0.06832170558388406,0.0483797808772497,0.04837978087724881,0.06570804425488963,0.06570804425488985,0.04759354961882023,0.04759354961882001,0.04907601699757791,0.04907601699757813,0.053238462234194595,0.05323846223419526,0.05177379705106522,0.051773797051064774,0.04518058238192402,0.045180582381923795,0.06640836944020023,0.06640836944020045,0.03922746697156354,0.03922746697156354,0.051511642383822887,0.051511642383822887,0.0437420976567342,0.043742097656734424,0.01921874922571054,0.019218749225709875,0.02739596553621171,0.027395965536211264,0.00020307112924577986,0.00020307112924577986,0.05366645394401526,0.053666453944015036,0.03291066795978481,0.03291066795978548,0.030965670224923025,0.030965670224922803,0.03291066795978548,0.03291066795978459,0.03096567022492347,0.030965670224923025,0.032910667959785256,0.03291066795978592,0.030965670224923025,0.030965670224923247,0.03291066795978481,0.032910667959785034,0.030965670224922803,0.03096567022492369,0.032910667959785034,0.032910667959785034,0.030965670224923914,0.030965670224922803,0.037675769745718624,0.0376757697457184,0.0473316511595685,0.047331651159568944,0.0376757697457184,0.03767576974571796,0.0473316511595685,0.047331651159568944,0.03767576974571818,0.037675769745718846,0.047331651159568944,0.04733165115956939,0.037675769745718846,0.0376757697457184,0.0473316511595685,0.047331651159569166,0.03767576974571818,0.037675769745718846,0.04733165115956961,0.04733165115956872,0.041958376991414914,0.04195837699141425,0.0397439830047408,0.03974398300474147,0.041958376991415136,0.04195837699141469,0.03974398300474147,0.03974398300474058,0.041958376991414914,0.041958376991415136,0.0397439830047408,0.0397439830047408,0.041958376991414914,0.04195837699141469,0.039743983004741246,0.039743983004741024,0.03974398300474169,0.03974398300474191,0.041958376991414914,-0.009128844048128748,0.04195837699141558,0.04195837699141469,0.04195837699141447,0.04195837699141536,0.041958376991415136,0.04195837699141447
2013-05-31,50,0.1340211621726901,0.13402116217269078,0.11022272641508013,0.11022272641508035,0.1059854947960488,0.10598549479604924,0.11247132112541691,0.11247132112541713,0.024384553948535448,0.02438455394853567,0.09699421760505955,0.09699421760505933,0.061409958260804975,0.061409958260806086,0.06468195878041594,0.0646819587804155,0.15070193575549196,0.1507019357554913,0.115363699816323,0.11536369981632233,0.11556327179882486,0.11556327179882553,0.13821558160339653,0.13821558160339809,0.0568611972370594,0.056861197237059624,0.03819727825181207,0.038197278251812516,0.05000622617217876,0.05000622617217898,0.08785832270166494,0.08785832270166516,0.08780226757221876,0.08780226757221832,0.06833025131760584,0.06833025131760517,0.009844478890032704,0.009844478890032926,0.02475681045664513,0.02475681045664513,0.00984447889003226,0.009844478890032704,0.02475681045664535,0.02475681045664513,0.009844478890032482,0.009844478890032704,0.02475681045664513,0.02475681045664535,0.00984447889003226,0.00984447889003226,0.024756810456645573,0.02475681045664535,0.009844478890032704,0.00984447889003337,0.024756810456644684,0.02475681045664535,0.07830332082448344,0.07830332082448255,0.07100379242523025,0.07100379242523003,0.07830332082448366,0.07830332082448233,0.07100379242522958,0.07100379242523025,0.07830332082448255,0.0783033208244821,0.07100379242523025,0.0710037924252298,0.07830332082448321,0.07830332082448388,0.07100379242522914,0.0710037924252298,0.07830332082448366,0.07830332082448277,0.07100379242523003,0.07100379242522958,0.11022272641507991,0.11022272641507924,0.058998033365040614,0.058998033365041724,0.11022272641508035,0.11022272641508013,0.058998033365040836,0.05899803336504128,0.11022272641507969,0.11022272641507924,0.058998033365040836,0.05899803336504106,0.11022272641508035,0.11022272641508035,0.058998033365040836,0.0589980333650415,0.05899803336504106,0.058998033365040836,0.11022272641507946,0.11253310163363284,0.11022272641507969,0.11022272641507969,0.11022272641508013,0.11022272641508035,0.11022272641508013,0.11022272641508035
2013-05-31,10,0.13721969819851898,0.13721969819851876,0.11386487633204867,0.11386487633204956,0.11486895702062738,0.11486895702062694,0.11794253865395232,0.11794253865395299,0.03261258363903341,0.032612583639032966,0.10235035207007392,0.10235035207007326,0.06439459577613516,0.06439459577613449,0.06649013094933531,0.06649013094933465,0.15395777763100305,0.15395777763100305,0.11908867094095155,0.11908867094095199,0.11874019084798704,0.11874019084798682,0.13844115210071384,0.13844115210071317,0.05969927545062492,0.059699275450624256,0.04320555615883981,0.04320555615883981,0.05563252481593328,0.05563252481593284,0.09310523306729768,0.09310523306729812,0.09071862265224584,0.0907186226522465,0.0717809402603351,0.07178094026033488,0.01795572024277159,0.017955720242771145,0.03216620860173469,0.03216620860173469,0.017955720242771367,0.01795572024277159,0.03216620860173469,0.032166208601735136,0.0179557202427707,0.0179557202427707,0.03216620860173447,0.03216620860173536,0.017955720242771367,0.01795572024277048,0.03216620860173536,0.032166208601734914,0.017955720242771145,0.017955720242770257,0.03216620860173469,0.03216620860173469,0.081845957399731,0.08184595739973077,0.07449145549524627,0.07449145549524605,0.08184595739973033,0.08184595739973055,0.07449145549524694,0.07449145549524605,0.08184595739973033,0.08184595739973077,0.07449145549524583,0.07449145549524605,0.081845957399731,0.08184595739973077,0.07449145549524583,0.07449145549524694,0.08184595739973055,0.08184595739973122,0.07449145549524627,0.07449145549524605,0.11386487633204889,0.11386487633204956,0.062465092120570054,0.06246509212057072,0.113864876332048,0.11386487633204889,0.0624650921205705,0.06246509212056983,0.11386487633204889,0.11386487633204867,0.0624650921205705,0.0624650921205705,0.11386487633204911,0.11386487633204911,0.062465092120570276,0.0624650921205705,0.06246509212057094,0.062465092120570276,0.11386487633204867,0.11706616143831639,0.11386487633204845,0.11386487633204889,0.11386487633204911,0.11386487633204956,0.11386487633204867,0.11386487633204911
2013-06-30,50,-0.08395000845339284,-0.10617241921793585,-0.06180456325535977,-0.07518663534691172,-0.0463159003187551,-0.06875414511603706,-0.05846029026052302,-0.07200357228684084,0.02609927225854136,0.003626132672339022,0.018705968619414426,0.005161737238091213,-0.09340274704184925,-0.11540837715892949,-0.06327066491543076,-0.07655078895975431,-0.06655242694309127,-0.08920978880840935,-0.05268042887890145,-0.06611069196868458,0.0038066683294895043,-0.018719568451889046,-0.007018618901896034,-0.02046333231557329,-0.08776884761492276,-0.1099112280988298,-0.07071131097833061,-0.08413179764001488,-0.08776884761492265,-0.1099112280988298,-0.07812229361845491,-0.09143575326598652,-0.005393623902119282,-0.027713398654697796,-0.014023018661346365,-0.027404707414396823,-0.042586443418940134,-0.05601894210728475,-0.02809573046946101,-0.03486517215700913,-0.04258644341894069,-0.05601894210728442,-0.028095730469460678,-0.03486517215700913,-0.042586443418940356,-0.05601894210728453,-0.02809573046946079,-0.034865172157008906,-0.04258644341893958,-0.05601894210728442,-0.028095730469460567,-0.03486517215700924,-0.04258644341894058,-0.05601894210728442,-0.02809573046946101,-0.034865172157008906,-0.061984371244986014,-0.07549662616001795,-0.058149829626421345,-0.06981542623588566,-0.061984371244986014,-0.07549662616001807,-0.058149829626421345,-0.06981542623588588,-0.06198437124498668,-0.07549662616001729,-0.05814982962642168,-0.06981542623588555,-0.06198437124498657,-0.07549662616001784,-0.05814982962642168,-0.06981542623588599,-0.061984371244986125,-0.07549662616001773,-0.058149829626421345,-0.06981542623588666,-0.061804563255359435,-0.07518663534691228,-0.049786414609539476,-0.05652526326787333,-0.06180456325535888,-0.07518663534691228,-0.04978641460953925,-0.05652526326787399,-0.061804563255359546,-0.07518663534691272,-0.0497864146095397,-0.05652526326787333,-0.061804563255359324,-0.07518663534691217,-0.04978641460953992,-0.05652526326787366,-0.049786414609539364,-0.05652526326787388,-0.11595096582878561,-0.07312390862316276,-0.061804563255359435,-0.060691607563360006,-0.061804563255359435,-0.07518663534691172,-0.06180456325535977,-0.06180456325535899
2013-06-30,10,-0.07904149391644744,-0.10036920953834494,-0.05722790477609263,-0.07006506762026654,-0.04120572913799392,-0.06274058911162328,-0.053919097386786574,-0.06691019479318872,0.03434107485601312,0.012715362453187051,0.025254520090707278,0.012241758042211837,-0.08854641422970344,-0.1096660415291858,-0.05724281601103387,-0.0700019190033121,-0.06379957963536498,-0.0854926249691097,-0.04953797167662155,-0.062401350620408524,0.009366064631386894,-0.012257114687810544,-0.0020940519414409664,-0.014992347881338741,-0.08288204258084275,-0.10413292112556394,-0.06622920668832999,-0.07910251532389345,-0.08288204258084264,-0.10413292112556372,-0.07360945088862147,-0.08638101275498078,2.9489917785729958e-05,-0.021393676307715936,-0.009234935311509429,-0.022071449787000597,-0.03489633608642484,-0.04782231611565979,-0.02106847715591109,-0.02757747244410691,-0.03489633608642473,-0.04782231611565979,-0.02106847715591087,-0.027577472444107354,-0.03489633608642473,-0.047822316115660235,-0.02106847715591076,-0.02757747244410602,-0.034896336086424506,-0.04782231611566001,-0.021068477155911203,-0.0275774724441068,-0.034896336086424506,-0.047822316115660346,-0.021068477155910537,-0.027577472444106577,-0.05734353149586102,-0.07030647085436825,-0.05503059456304871,-0.06611568092229159,-0.05734353149586069,-0.07030647085436792,-0.055030594563048596,-0.0661156809222917,-0.05734353149586069,-0.07030647085436903,-0.05503059456304826,-0.06611568092229181,-0.05734353149586113,-0.07030647085436859,-0.055030594563048485,-0.06611568092229203,-0.0573435314958608,-0.07030647085436881,-0.05503059456304826,-0.06611568092229159,-0.0572279047760933,-0.07006506762026654,-0.046685949161736295,-0.0531400053775124,-0.05722790477609219,-0.07006506762026621,-0.046685949161736406,-0.05314000537751207,-0.057227904776092076,-0.07006506762026676,-0.04668594916173541,-0.05314000537751273,-0.05722790477609241,-0.07006506762026654,-0.046685949161736295,-0.05314000537751262,-0.04668594916173652,-0.0531400053775124,-0.1080671388997182,-0.0672357858124889,-0.05722790477609274,-0.05544077518513946,-0.057227904776091965,-0.07006506762026654,-0.05722790477609263,-0.05722790477609241
2013-07-31,50,0.034188889378290455,0.022910110643647785,0.038605156729361934,0.03182549200353835,0.07541673510625535,0.0636051650236833,0.08138079339990467,0.07429464973395605,0.06544360775312374,0.05426080241625164,0.04722505442364544,0.04050748552761396,0.03365655934881562,0.025890468154127655,0.042887701077283014,0.036295832848177056,0.09618925843414816,0.08795334518942433,0.10397470373347595,0.09892778557783899,0.059881214343435074,0.05188513271029094,0.0797279972902567,0.07487229774247095,0.09327141318930043,0.08183618142343163,0.10265270432923068,0.0956081717309083,0.09327141318930177,0.08183618142343252,0.10265270432923024,0.0956081717309083,0.05019298211577383,0.039278502447681385,0.062629300617292,0.0560061797560667,-0.04905162343420666,-0.05786954694480362,-0.0025284452642758692,-0.007034637520031861,0.009271167765757093,0.00445373376634195,0.007504304515570048,0.005117330098143746,-0.049051623434206215,-0.05786954694480362,-0.0025284452642757582,-0.00703463752003175,-0.049051623434206326,-0.057869546944804284,-0.002528445264275536,-0.00703463752003175,-0.0490516234342071,-0.05786954694480351,-0.002528445264275425,-0.007034637520031861,0.019469297717058298,0.01480903399711142,0.05268663161006781,0.05079295667743122,0.026704368717826554,0.022011031575295048,0.013148204941207497,0.011325655569787152,0.019469297717057188,0.01480903399711142,0.05268663161006781,0.050792956677430556,0.01946929771705741,0.014809033997110976,0.05268663161006781,0.05079295667743167,0.019469297717058076,0.01480903399711142,0.05268663161006781,0.050792956677430556,0.03860515672936171,0.0318254920035379,0.03165501941091686,0.028261308315691958,0.014461578712729128,0.009637863725189266,0.00802346587111713,0.005596435030362112,0.03860515672936238,0.0318254920035379,0.03165501941091664,0.0282613083156924,0.03860515672936238,0.031825492003538125,0.03165501941091731,0.0282613083156924,0.03165501941091664,0.0282613083156924,0.015874480012217695,0.019433077647919683,0.038605156729361934,0.03167349597001756,0.038605156729362156,0.03182549200353835,0.038605156729361934,0.03860515672936171
2013-07-31,10,0.03722838248689597,0.027232351544141054,0.04045911837143468,0.03446536586089399,0.07862566817009697,0.06813650347406419,0.08503485944007694,0.0787617579473947,0.06877679334709619,0.05883405951260268,0.05085185353335553,0.04488714112860337,0.036427751915447004,0.027481015299472,0.04309581034724097,0.03728635286747162,0.0991280987066927,0.0896401150163939,0.10929934591852675,0.1035079866867501,0.06277468276253662,0.05360770161739414,0.08322428871534893,0.0776586839223099,0.09359636280954997,0.08351346716056174,0.10461890756383063,0.09840210196095445,0.09359636280955153,0.08351346716056196,0.1046189075638313,0.098402101960954,0.05344694457945032,0.04376008227156469,0.06461577551862097,0.0587420673953396,-0.04293863835086331,-0.05182788851997233,0.0030832203272972425,-0.0014670774302532053,0.01332853929446376,0.007840990255025604,0.011554573076437036,0.008836922641659584,-0.04293863835086331,-0.05182788851997233,0.0030832203272970204,-0.0014670774302532053,-0.0429386383508632,-0.051827888519971,0.0030832203272970204,-0.0014670774302527612,-0.0429386383508632,-0.05182788851997233,0.0030832203272970204,-0.0014670774302526501,0.026022756099706168,0.02065563219600608,0.057763903423773355,0.05516108254042096,0.03083182346644109,0.025439543336658543,0.017221162549011293,0.014718104469319426,0.026022756099705946,0.020655632196005858,0.05776390342377358,0.055161082540421624,0.026022756099706168,0.020655632196006524,0.05776390342377313,0.055161082540419626,0.026022756099706168,0.02065563219600608,0.05776390342377291,0.055161082540421624,0.04045911837143512,0.03446536586089399,0.03424010073013051,0.031234415184270947,0.018539816215092042,0.01303155901122044,0.012075821512810059,0.009311912754263352,0.04045911837143468,0.03446536586089377,0.03424010073012984,0.031234415184269393,0.040459118371434455,0.03446536586089399,0.03424010073012962,0.03123441518427006,0.034240100730130285,0.03123441518427006,0.019933918493783898,0.022714838215252442,0.0404591183714349,0.03425933369698875,0.0404591183714349,0.03446536586089399,0.04045911837143468,0.0404591183714349
2013-08-31,50,-0.004435770487982604,-0.004435770487982493,-0.016200575485601387,-0.01620057548560183,0.01372261077287873,0.01372261077287873,0.029609317345850483,0.029609317345850927,0.015367707090798932,0.015367707090798932,-0.017175702636015644,-0.017175702636015755,-0.07789344231594919,-0.06913989919418351,-0.06432408319417349,-0.05909898475252107,-0.03530819039028965,-0.026576559383319265,-0.044585257624900954,-0.03935368554668128,-0.05976844936052328,-0.051046917990994256,-0.04829407205382874,-0.043078308506382945,0.0049995212650737475,0.01368523911322761,-0.008483161970396558,-0.00324921324565286,0.004999521265074192,0.013685239113228054,0.004289355475111112,0.00952330419985481,0.05234188099054049,0.052341880990540046,-0.04053157846984712,-0.03531134171195505,-0.05521736172824132,-0.05467065098049906,-0.05416217244814869,-0.053893774677332806,-0.058047388778280196,-0.05804738877828031,-0.06139820574188637,-0.061398205741886036,-0.05521736172824132,-0.054670650980498725,-0.05416217244814869,-0.05389377467733236,-0.05521736172824088,-0.05467065098049839,-0.054162172448149026,-0.053893774677332695,-0.05521736172824088,-0.054670650980498725,-0.054162172448148915,-0.053893774677332584,-0.061344721541374714,-0.06134472154137516,-0.04697853406624708,-0.04697853406624686,-0.0635985775023491,-0.06359857750234899,-0.05373041692191216,-0.05373041692191172,-0.06134472154137505,-0.06134472154137516,-0.04697853406624719,-0.04697853406624719,-0.06134472154137538,-0.06134472154137449,-0.04697853406624719,-0.04697853406624708,-0.061344721541374825,-0.06134472154137549,-0.046978534066246636,-0.04697853406624719,-0.01620057548560183,-0.016200575485601387,-0.021536370332032595,-0.021536370332032928,-0.017857272366572863,-0.017857272366572974,-0.029968390057845573,-0.02996839005784635,-0.0162005754856015,-0.016200575485601387,-0.021536370332032706,-0.021536370332032706,-0.016200575485602053,-0.01620057548560161,-0.021536370332032373,-0.021536370332032706,-0.021536370332031818,-0.021536370332032817,-0.01620057548560261,-0.0341407898162579,-0.01620057548560183,-0.016200575485601054,-0.016200575485601276,-0.01620057548560183,-0.016200575485601387,-0.016200575485601387
2013-08-31,10,0.0008988089979815594,0.0008988089979824476,-0.009878805238774158,-0.00987880523877438,0.019154489182711565,0.01915448918271112,0.03299156529948721,0.03299156529948766,0.020808400499011226,0.020808400499010116,-0.012436562624481673,-0.012436562624481451,-0.07295247459063614,-0.06307669846578712,-0.05980637671223177,-0.05391451154879823,-0.030021732510397192,-0.02016948623182524,-0.03987758396827479,-0.033977837396299226,-0.057142309353073406,-0.04732775584603677,-0.04359799061822833,-0.03771603053919503,0.0051382610453232225,0.014886634082731609,-0.0067317473411064865,-0.0008478864444471101,0.0051382610453232225,0.014886634082731387,0.006063331470026689,0.011947192366685844,0.0551973241163215,0.05519732411632128,-0.04044672950423622,-0.034588112912795954,-0.04762870806414299,-0.047677791109327905,-0.046565043325597966,-0.04658002023687546,-0.054283342379792154,-0.05428334237979249,-0.05764754922137394,-0.05764754922137438,-0.047628708064142655,-0.04767779110932768,-0.046565043325597966,-0.04658002023687535,-0.04762870806414243,-0.04767779110932768,-0.046565043325597744,-0.04658002023687524,-0.04762870806414243,-0.04767779110932746,-0.04656504332559808,-0.04658002023687535,-0.053805283865815845,-0.053805283865815734,-0.04008781091138125,-0.04008781091138103,-0.059856713676184725,-0.059856713676184614,-0.049949119886635196,-0.049949119886635085,-0.05380528386581551,-0.053805283865815734,-0.040087810911380695,-0.04008781091138147,-0.05380528386581518,-0.05380528386581529,-0.04008781091138047,-0.04008781091138125,-0.05380528386581518,-0.05380528386581507,-0.040087810911380584,-0.04008781091138125,-0.00987880523877438,-0.009878805238774269,-0.01753557114830584,-0.01753557114830584,-0.01393262610230428,-0.013932626102303614,-0.02609213986826653,-0.026092139868267084,-0.009878805238774602,-0.00987880523877449,-0.017535571148305507,-0.01753557114830584,-0.009878805238775046,-0.009878805238774158,-0.017535571148305062,-0.017535571148305396,-0.017535571148305507,-0.017535571148305618,-0.009878805238774158,-0.02710227767100326,-0.00987880523877449,-0.009878805238774602,-0.009878805238775046,-0.00987880523877438,-0.009878805238774158,-0.009878805238775157
2013-09-30,50,-0.013735171246932909,-0.013735171246933131,0.024075059221247308,0.024075059221247752,0.0843181201102905,0.0843181201102905,0.07009544791169664,0.07009544791169708,0.10621246803772189,0.10621246803772211,0.08864969325389671,0.08864969325389693,0.06923503780847273,0.06937342050041084,0.07025881084799113,0.07033733376261453,0.005091935357835364,0.005335951822494689,0.0331485603936732,0.03327176600212023,0.08783672291546929,0.08821326111112349,0.08665938207094159,0.08679855204656461,-0.0048798236254601335,-0.004627338805715309,0.05797247162218655,0.058085555424337576,-0.006427474052853932,-0.0061753819075303085,-0.003245928989741964,-0.003136928128820826,0.15571234434849823,0.15571234434849823,0.08041303027118807,0.08055574176608404,0.03899864329197,0.03899864329197,0.07215256402731551,0.07215256402731662,0.038998643291970225,0.03899864329196978,0.07215256402731596,0.07215256402731574,0.03899864329197067,0.03899864329197045,0.0721525640273164,0.07215256402731574,0.03899864329197,0.03899864329197,0.07215256402731596,0.07215256402731618,0.03899864329197,0.03899864329197,0.07215256402731574,0.07215256402731574,0.018821831269888234,0.018821831269888678,0.02244549567297005,0.022445495672970273,0.01882183126988779,0.0188218312698889,0.02244549567296872,0.022445495672969162,0.018821831269888012,0.018821831269888678,0.022445495672969606,0.02244549567296894,0.018821831269888234,0.018821831269888456,0.022445495672969606,0.022445495672969162,0.0188218312698889,0.018821831269888678,0.022445495672969384,0.02244549567297005,0.02407505922124753,0.024075059221247752,0.02589189908002587,0.025891899080026093,0.024075059221248196,0.024075059221247086,0.025891899080026537,0.025891899080026315,0.02407505922124753,0.02407505922124753,0.025891899080026537,0.025891899080026537,0.024075059221247308,0.02407505922124753,0.025891899080026315,0.02589189908002698,0.02589189908002565,0.025891899080026093,0.024075059221246642,0.021891901651575285,0.024075059221247308,0.024075059221246864,0.024075059221246864,0.024075059221247752,0.024075059221247308,0.024075059221247308
2013-09-30,10,-0.008450421185377976,-0.008450421185379087,0.02901433295872269,0.02901433295872269,0.09012827381843969,0.09012827381843946,0.07535017570685243,0.07535017570685287,0.11213993927883448,0.1121399392788347,0.09396915689187546,0.09396915689187457,0.07210161487602651,0.0710136110581927,0.0720020643190118,0.0713632954474992,0.010477567606290483,0.009616302692887935,0.03813159704251312,0.037564965747175716,0.09075317036891661,0.08991393875942633,0.09193155231515182,0.09135410691919676,-0.0022119455853778502,-0.003002621599605737,0.059731793942199296,0.05918338424424796,-0.003763745202675195,-0.004553191526157407,-0.001610382607603933,-0.0021250454948337216,0.15917472584110404,0.1591747258411036,0.0839341950748056,0.08337040378871885,0.04734405581546186,0.047344055815462305,0.0807642744397361,0.0807642744397361,0.04734405581546208,0.04734405581546297,0.08076427443973566,0.08076427443973588,0.04734405581546186,0.047344055815462305,0.08076427443973566,0.08076427443973633,0.04734405581546208,0.04734405581546297,0.08076427443973588,0.08076427443973566,0.04734405581546186,0.04734405581546164,0.08076427443973633,0.08076427443973655,0.02537112754150006,0.02537112754149984,0.028198577271460135,0.028198577271460357,0.02537112754149984,0.025371127541499616,0.028198577271461023,0.02819857727146058,0.025371127541499616,0.025371127541499394,0.028198577271460357,0.028198577271460357,0.025371127541499172,0.025371127541499394,0.0281985772714608,0.02819857727146058,0.025371127541499616,0.02537112754149984,0.028198577271460357,0.028198577271460357,0.02901433295872269,0.02901433295872269,0.030853597005132016,0.03085359700513224,0.02901433295872291,0.029014332958722466,0.03085359700513246,0.030853597005132904,0.029014332958723354,0.02901433295872269,0.03085359700513224,0.03085359700513224,0.02901433295872291,0.029014332958723132,0.03085359700513224,0.030853597005132904,0.030853597005132682,0.030853597005132682,0.029014332958722022,0.02678763302045084,0.02901433295872291,0.029014332958722466,0.029014332958722466,0.02901433295872269,0.02901433295872269,0.029014332958722466
2013-10-31,50,-0.017865675466297692,-0.017865675466297026,-0.00495780492084219,-0.004957804920841857,-0.04383428553707347,-0.04383428553707369,-0.03208819907738569,-0.032088199077386026,0.017112023438339286,0.017112023438339508,-0.0039045981695817744,-0.0039045981695825516,0.05675615623451846,0.05675615623451802,0.028581962287884677,0.0285819622878849,-0.008758684113493342,-0.008758684113494342,-0.016872228354388286,-0.01687222835438762,0.006529432125560675,0.006529432125561119,-0.015567437373525395,-0.015567437373525173,-0.06351950825979924,-0.0635195082597988,0.03959643097972698,0.03959643097972765,-0.0112647607055818,-0.011264760705582355,-0.015009578727434247,-0.015009578727433692,-0.05245609683473651,-0.05245609683473651,-0.04010108784950239,-0.040101087849502504,0.022493173023080404,0.022493173023081292,0.025180926263664194,0.02518092626366286,0.022493173023080626,0.02249317302308107,0.02518092626366375,0.025180926263663528,0.02249317302307996,0.022493173023080404,0.025180926263663972,0.025180926263663972,0.02249317302307996,0.022493173023080626,0.025180926263663972,0.02518092626366375,0.02249317302308107,0.022493173023080182,0.025180926263663084,0.025180926263663528,-0.0017699365645559295,-0.0017699365645564846,-0.006626712931315004,-0.00662671293131456,-0.0017699365645558185,-0.0017699365645558185,-0.006626712931314893,-0.006626712931315115,-0.0017699365645558185,-0.0017699365645557075,-0.006626712931315226,-0.006626712931314893,-0.0017699365645560405,-0.0017699365645555964,-0.006626712931315115,-0.00662671293131456,-0.0017699365645562626,-0.0017699365645554854,-0.006626712931314782,-0.006626712931314782,-0.004957804920841968,-0.004957804920841968,0.024896604486365437,0.024896604486365437,-0.004957804920841524,-0.004957804920841302,0.02489660448636566,0.02489660448636588,-0.004957804920842079,-0.004957804920841857,0.024896604486366103,0.024896604486365215,-0.004957804920841968,-0.0049578049208429675,0.024896604486365215,0.024896604486365215,0.024896604486366103,0.02489660448636588,-0.004957804920841191,-0.017163534618358733,-0.004957804920842412,-0.004957804920841746,-0.004957804920841746,-0.004957804920841857,-0.00495780492084219,-0.004957804920841968
2013-10-31,10,-0.012603058083301533,-0.012603058083301533,0.0014386286245648972,0.0014386286245651192,-0.04127084287672145,-0.04127084287672178,-0.02741980949457079,-0.027419809494570346,0.022562063500366714,0.022562063500366936,0.0008997253162601471,0.0008997253162590368,0.05958927791155233,0.05958927791155233,0.033542973521800024,0.0335429735217998,-0.00477379440138781,-0.004773794401387144,-0.012919955905562497,-0.012919955905561609,0.011922766981784294,0.011922766981784072,-0.012365975244903349,-0.012365975244903016,-0.06073474838786619,-0.0607347483878663,0.04160482465333404,0.04160482465333337,-0.010940865174027481,-0.010940865174026815,-0.013175605053477368,-0.01317560505347759,-0.049795742227352835,-0.04979574222735317,-0.03973218031431869,-0.03973218031431869,0.030706010822652896,0.030706010822652452,0.032593390934236854,0.03259339093423619,0.030706010822652674,0.030706010822652452,0.032593390934236854,0.032593390934236854,0.030706010822653118,0.030706010822652452,0.03259339093423641,0.032593390934237076,0.030706010822652674,0.03070601082265334,0.03259339093423663,0.03259339093423663,0.030706010822652008,0.030706010822652674,0.032593390934237076,0.032593390934237076,0.004646989567189008,0.004646989567188564,-0.000241007633649315,-0.00024100763364820477,0.004646989567189008,0.004646989567188342,-0.0002410076336488709,-0.00024100763364920397,0.004646989567188786,0.004646989567188786,-0.00024100763364920397,-0.00024100763364964806,0.004646989567188564,0.004646989567188786,-0.000241007633649315,-0.00024100763364898192,0.004646989567188564,0.004646989567188564,-0.00024100763364975908,-0.000241007633649315,0.001438628624564675,0.0014386286245648972,0.02820099137899268,0.028200991378992457,0.001438628624564675,0.0014386286245648972,0.028200991378992235,0.02820099137899179,0.0014386286245648972,0.0014386286245648972,0.02820099137899179,0.028200991378992013,0.0014386286245653412,0.0014386286245653412,0.028200991378992457,0.028200991378992235,0.028200991378992457,0.028200991378992457,0.0014386286245653412,-0.01000033617664986,0.0014386286245648972,0.0014386286245651192,0.0014386286245648972,0.0014386286245651192,0.0014386286245648972,0.0014386286245648972
2013-11-30,50,0.12565180090207706,0.1256518009020764,0.0803718361956407,0.08037183619564048,0.09595645184038903,0.09595645184038948,0.07144799695400583,0.07144799695400628,0.017894475489066863,0.017894475489066197,0.04767189915602055,0.04767189915602077,0.19970998418863584,0.1997099841886345,0.09989986248023874,0.09989986248024008,0.18887787128599576,0.18887787128599487,0.13513376781530884,0.13513376781530861,0.057409845578891394,0.05740984557889095,0.060687456702521736,0.060687456702521514,0.1310683229784555,0.13106832297845505,0.13882789409821683,0.13882789409821594,0.13058266056571166,0.13058266056571233,0.09422866517976436,0.09422866517976414,0.14782311223092925,0.14782311223093014,0.13345946696542432,0.13345946696542366,0.04751908496584156,0.047519084965840674,0.036041248802454184,0.03604124880245352,0.04751908496584112,0.04751908496584112,0.03604124880245352,0.03604124880245352,0.04751908496584156,0.047519084965840896,0.03604124880245352,0.036041248802453296,0.04751908496584156,0.04751908496584045,0.03604124880245396,0.03604124880245352,0.047519084965841785,0.047519084965840674,0.03604124880245374,0.03604124880245352,0.08073683149099153,0.0807368314909922,0.05534302518230039,0.05534302518229994,0.08073683149099176,0.08073683149099198,0.05534302518230039,0.0553430251822995,0.08073683149099131,0.08073683149099198,0.0553430251822995,0.055343025182300165,0.08073683149099198,0.08073683149099153,0.05534302518229972,0.05534302518229972,0.08073683149099176,0.08073683149099109,0.05534302518229972,0.055343025182300165,0.08037183619564048,0.08037183619564048,0.08254472307665828,0.08254472307665828,0.08037183619564026,0.08037183619564026,0.08254472307665783,0.08254472307665828,0.08037183619564003,0.08037183619564003,0.0825447230766585,0.08254472307665939,0.08037183619564026,0.08037183619564048,0.08254472307665828,0.08254472307665806,0.08254472307665806,0.08254472307665872,0.08037183619564003,0.07701595879422962,0.08037183619563981,0.08037183619564048,0.0803718361956407,0.08037183619564048,0.0803718361956407,0.0803718361956407
2013-11-30,10,0.13168343485137468,0.13168343485137468,0.0873167945991431,0.0873167945991431,0.10182896777877737,0.10182896777877715,0.07833559020760772,0.07833559020760861,0.020623410529025055,0.020623410529026165,0.05272498413294335,0.05272498413294313,0.20638197509366263,0.20638197509366263,0.10703029501359929,0.10703029501359906,0.19381758628286305,0.19381758628286327,0.137943490900295,0.13794349090029545,0.063075815391052,0.06307581539105156,0.06580331774355153,0.06580331774355219,0.13712898053737832,0.1371289805373781,0.1445577346491589,0.14455773464915778,0.13361370819617036,0.13361370819617013,0.09774785953793996,0.0977478595379404,0.1509003808339815,0.15090038083398105,0.13729268619280321,0.13729268619280344,0.05593293511541697,0.05593293511541697,0.0443629070340914,0.044362907034090515,0.05593293511541697,0.05593293511541697,0.0443629070340914,0.04436290703409118,0.05593293511541697,0.05593293511541697,0.04436290703409118,0.0443629070340914,0.05593293511541697,0.05593293511541675,0.04436290703409096,0.044362907034090515,0.05593293511541675,0.05593293511541653,0.0443629070340914,0.04436290703409207,0.08941749218901474,0.08941749218901562,0.062137581878842774,0.062137581878842774,0.08941749218901518,0.08941749218901518,0.062137581878842996,0.062137581878842996,0.08941749218901585,0.08941749218901496,0.062137581878842996,0.062137581878842774,0.08941749218901562,0.08941749218901585,0.062137581878842774,0.06213758187884255,0.0894174921890154,0.08941749218901496,0.06213758187884344,0.062137581878841885,0.0873167945991431,0.0873167945991431,0.08606229990642178,0.086062299906422,0.08731679459914266,0.08731679459914332,0.08606229990642178,0.086062299906422,0.08731679459914288,0.0873167945991431,0.08606229990642245,0.086062299906422,0.08731679459914288,0.08731679459914288,0.08606229990642111,0.08606229990642178,0.086062299906422,0.08606229990642178,0.0873167945991431,0.08398360715714137,0.08731679459914354,0.08731679459914266,0.08731679459914332,0.0873167945991431,0.0873167945991431,0.0873167945991431
2013-12-31,50,-0.026408181604658854,-0.02640818160465863,-0.004248989937321701,-0.004248989937321257,-0.021180002542755205,-0.021180002542754872,-0.004878591611646277,-0.004878591611645833,0.0037513874305918904,0.0037513874305921124,-0.019322861538327518,-0.019322861538327518,-0.0005546122343427218,-0.0005546122343423887,-0.009041142831969662,-0.009041142831970217,0.03599189336942543,0.035991893369425654,0.017107017668394064,0.017107017668393842,0.03911143920452487,0.03911143920452442,0.01573628845203845,0.015736288452039116,0.04492005630910745,0.044920056309107226,0.04296862276126401,0.04296862276126445,0.04492005630910767,0.044920056309107004,0.04296862276126423,0.04296862276126423,0.05407795431738327,0.054077954317383714,0.013441618079021556,0.013441618079021556,-0.010178806372313054,-0.010178806372312943,-0.001261452504574767,-0.0012614525045748781,-0.010178806372313054,-0.010178806372313054,-0.0012614525045753222,-0.0012614525045752112,-0.010178806372312721,-0.010178806372313498,-0.0012614525045755443,-0.0012614525045755443,-0.010178806372313054,-0.010178806372312499,-0.001261452504574656,-0.0012614525045754332,-0.010178806372313276,-0.010178806372313276,-0.0012614525045752112,-0.0012614525045749891,0.024168754735651277,0.024168754735650833,-0.0006761042279452845,-0.0006761042279442853,0.02416875473565172,0.024168754735651277,-0.0006761042279451734,-0.0006761042279453955,0.024168754735651055,0.024168754735651055,-0.0006761042279449514,-0.0006761042279449514,0.024168754735650833,0.024168754735651055,-0.0006761042279441742,-0.0006761042279448404,0.024168754735651277,0.024168754735651055,-0.0006761042279448404,-0.0006761042279447294,-0.004248989937321812,-0.004248989937321479,0.026458359188696656,0.0264583591886971,-0.004248989937321257,-0.004248989937321479,0.0264583591886971,0.026458359188696656,-0.00424898993732159,-0.004248989937321257,0.0264583591886971,0.026458359188696212,-0.004248989937321923,-0.004248989937321035,0.02645835918869688,0.026458359188697322,0.026458359188696656,0.026458359188697322,-0.004248989937321257,-0.004957965380372853,-0.004248989937321479,-0.004248989937321479,-0.004248989937321812,-0.004248989937321257,-0.004248989937321701,-0.004248989937321812
2013-12-31,10,-0.021191337941381727,-0.02119133794138217,0.0005919891060843785,0.0005919891060839344,-0.01593514447724642,-0.015935144477246976,-5.099549049725205e-05,-5.0995490496141826e-05,0.011813688043992965,0.011813688043993187,-0.014496646981962846,-0.01449664698196329,0.002160801421685843,0.002160801421685399,-0.0042615937021910355,-0.00426159370219148,0.038769346874683475,0.03876934687468414,0.020412521636232972,0.020412521636233194,0.0421640823672631,0.04216408236726399,0.017500623964141537,0.017500623964141315,0.04775127837976556,0.04775127837976556,0.046386542882554505,0.04638654288255384,0.04775127837976578,0.04775127837976578,0.04638654288255384,0.04638654288255406,0.054240761533959736,0.05424076153395907,0.01520769872971206,0.015207698729711838,-0.005364786986907344,-0.005364786986907788,0.005172575351150455,0.005172575351150233,-0.005364786986907566,-0.005364786986908121,0.005172575351150677,0.005172575351150233,-0.005364786986908676,-0.005364786986907788,0.005172575351150233,0.005172575351150233,-0.005364786986907899,-0.005364786986908121,0.0051725753511500105,0.005172575351150677,-0.005364786986908454,-0.005364786986908121,0.005172575351150233,0.0051725753511500105,0.025956338474752982,0.025956338474752982,0.003389933862207428,0.003389933862207428,0.025956338474752094,0.025956338474752094,0.003389933862207206,0.0033899338622076503,0.025956338474751872,0.025956338474751872,0.003389933862207206,0.003389933862207428,0.025956338474751872,0.02595633847475276,0.0033899338622076503,0.0033899338622076503,0.02595633847475276,0.025956338474752316,0.0033899338622076503,0.003389933862206984,0.0005919891060841564,0.0005919891060843785,0.028178735001358257,0.0281787350013587,0.0005919891060846005,0.0005919891060843785,0.0281787350013587,0.028178735001359367,0.0005919891060841564,0.0005919891060846005,0.0281787350013587,0.02817873500135848,0.0005919891060841564,0.0005919891060834903,0.0281787350013587,0.02817873500135848,0.028178735001358035,0.028178735001359367,0.0005919891060843785,0.0006096745289663197,0.0005919891060837124,0.0005919891060843785,0.0005919891060839344,0.0005919891060839344,0.0005919891060843785,0.0005919891060837124
2014-01-31,50,-0.034493111258015574,-0.034493111258015574,0.0062713135615533044,0.006271313561552638,0.17062297479207023,0.17062297479207045,0.09509845731096167,0.09509845731096189,0.16790848849565032,0.1679084884956512,0.047016868415689306,0.04701686841568953,0.026990443776867323,0.026990443776867323,0.018806727120499023,0.018806727120499023,0.07362012659117578,0.07362012659117578,0.03816155663258192,0.03816155663258258,0.03395497923390289,0.03395497923390378,0.029450531483795395,0.029450531483795395,0.03495487138671294,0.034954871386712494,0.002015550803099675,0.002015550803100119,0.11284068662351587,0.11284068662351499,0.026329914003271115,0.02632991400327156,0.011164311786647563,-0.0022463472195178857,0.04574171898801227,0.037751307615939034,0.10624956278086861,0.10624956278086706,0.044517563212880695,0.04451756321287981,0.10624956278086817,0.10624956278086795,0.04451756321288047,0.04451756321288025,0.1062495627808675,0.10624956278086795,0.04451756321288047,0.04451756321288003,0.10624956278086795,0.10624956278086817,0.04451756321288025,0.04451756321288136,0.10624956278086728,0.10624956278086817,0.04451756321288092,0.04451756321288047,0.054630018825878146,0.054630018825876814,0.03013867834991002,0.030138678349909798,0.05463001882587881,0.054630018825879034,0.030138678349909354,0.030138678349909798,0.05463001882587837,0.05463001882587859,0.030138678349910242,0.03013867834991002,0.054630018825878146,0.05463001882587837,0.03013867834991002,0.030138678349910242,0.05463001882587726,0.05463001882587837,0.030138678349910242,0.03013867834991002,0.006271313561552638,0.0062713135615533044,-0.01290662031246681,-0.012906620312466699,0.0062713135615533044,0.0062713135615535265,-0.012906620312467365,-0.012906620312467143,0.0062713135615533044,0.006271313561553082,-0.012906620312466699,-0.012906620312467254,0.00627131356155286,0.0062713135615535265,-0.012906620312466921,-0.012906620312467032,-0.01290662031246681,-0.012906620312466588,0.006271313561553082,0.001620899723454139,0.006271313561553082,-0.000630905861296327,0.0062713135615535265,0.006271313561552638,0.0062713135615533044,0.006271313561553082
2014-01-31,10,-0.029243142919831988,-0.029243142919832543,0.012804120658278295,0.012804120658277629,0.1800256161691225,0.18002561616912227,0.10213808290926107,0.10213808290926107,0.17728932666046626,0.1772893266604667,0.055426684677142735,0.05542668467714251,0.03249341585164767,0.03249341585164722,0.023720590870542013,0.023720590870542457,0.0765810629825987,0.07658106298259892,0.04319115434898291,0.043191154348982685,0.03975567477482311,0.03975567477482289,0.03455042282112042,0.03455042282112064,0.037871003795715064,0.037871003795714175,0.005454676240732148,0.005454676240731926,0.11597627338390204,0.11597627338390226,0.029852491384253277,0.029852491384252833,0.011405237521180167,-0.0009093514660665214,0.04758426364764157,0.04023574150683529,0.11513514604408304,0.11513514604408415,0.05039390448942682,0.050393904489427044,0.1151351460440837,0.11513514604408348,0.05039390448942638,0.0503939044894266,0.11513514604408415,0.11513514604408415,0.05039390448942682,0.05039390448942638,0.11513514604408326,0.11513514604408437,0.050393904489426156,0.0503939044894266,0.11513514604408459,0.11513514604408459,0.05039390448942638,0.050393904489425934,0.06141377764534406,0.06141377764534317,0.03758698953424888,0.03758698953424933,0.06141377764534406,0.06141377764534406,0.03758698953424866,0.037586989534249104,0.06141377764534384,0.06141377764534406,0.03758698953424955,0.03758698953424888,0.06141377764534384,0.061413777645343615,0.037586989534250215,0.037586989534249104,0.06141377764534406,0.06141377764534384,0.03758698953424866,0.037586989534249104,0.012804120658277407,0.012804120658277851,-0.009679943795675272,-0.009679943795674717,0.012804120658277407,0.012804120658277185,-0.009679943795675716,-0.009679943795675605,0.012804120658277851,0.012804120658278073,-0.009679943795675272,-0.00967994379567505,0.012804120658278073,0.012804120658277629,-0.009679943795675605,-0.00967994379567505,-0.009679943795675383,-0.009679943795675494,0.012804120658277851,0.009657519143396298,0.012804120658277629,0.00654108071928583,0.012804120658277851,0.012804120658277629,0.012804120658278295,0.012804120658278295
2014-02-28,50,0.06919428144544826,0.06919428144544826,0.12159569661080338,0.12159569661080272,0.04388479662326272,0.04388479662326272,0.09111564815841033,0.09111564815840922,0.08500608121446573,0.0850060812144664,0.06081701356015623,0.06081701356015645,0.06373006736293729,0.06373006736293796,0.08708780465735888,0.08708780465735888,0.036697882017248995,0.036697882017250105,0.048031228182394026,0.04803122818239425,0.08790268891877973,0.08790268891877928,0.0744898881521261,0.07448988815212676,0.06410468238948241,0.0641046823894833,0.07251142201432148,0.07251142201431993,0.046064674777941184,0.04606467477794185,0.04610570123878732,0.04610570123878799,0.03272605040556442,0.03904420017697241,0.04213136798020822,0.04572697387018465,0.07618471475430555,0.07618471475430622,0.09009675302566422,0.09009675302566489,0.07618471475430555,0.07618471475430622,0.09009675302566467,0.09009675302566489,0.07618471475430577,0.076184714754306,0.09009675302566489,0.09009675302566444,0.07618471475430622,0.07618471475430622,0.09009675302566444,0.09009675302566422,0.07618471475430577,0.076184714754306,0.09009675302566444,0.09009675302566533,0.08835665572799556,0.08835665572799667,0.09584539194327824,0.09584539194327801,0.088356655727996,0.08835665572799578,0.0958453919432789,0.09584539194327824,0.08835665572799578,0.08835665572799534,0.0958453919432789,0.09584539194327801,0.08835665572799667,0.08835665572799489,0.09584539194327868,0.09584539194327801,0.08835665572799556,0.08835665572799556,0.09584539194327846,0.09584539194327868,0.12159569661080294,0.12159569661080427,0.09198124871598479,0.09198124871598501,0.1215956966108036,0.12159569661080316,0.09198124871598479,0.09198124871598456,0.12159569661080272,0.12159569661080316,0.09198124871598434,0.0919812487159839,0.12159569661080338,0.12159569661080294,0.09198124871598545,0.09198124871598434,0.09198124871598434,0.09198124871598479,0.12159569661080316,0.1318167113681754,0.12159569661080294,0.13132839615852632,0.12159569661080294,0.12159569661080272,0.12159569661080338,0.1215956966108036
2014-02-28,10,0.07778223043270649,0.07778223043270649,0.12880565451375903,0.12880565451375947,0.046683410691598315,0.046683410691599425,0.09486752262082443,0.09486752262082465,0.08791493982888343,0.08791493982888343,0.06593349947411808,0.06593349947411742,0.07227412686012791,0.07227412686012791,0.0905846658134124,0.0905846658134124,0.04225286992321631,0.042252869923216085,0.05308604625925639,0.05308604625925595,0.09081931322448655,0.09081931322448722,0.07967232047282802,0.07967232047282802,0.0669575051760114,0.06695750517601207,0.07596139497418575,0.07596139497418553,0.046207467991647766,0.04620746799164821,0.04947073428958215,0.04947073428958282,0.035923146059514854,0.0434624098286478,0.045782382192539606,0.05010806694898862,0.08312341164280435,0.08312341164280412,0.09622951782622091,0.09622951782622091,0.08312341164280435,0.08312341164280412,0.09622951782622113,0.09622951782622158,0.08312341164280412,0.08312341164280479,0.09622951782622091,0.09622951782622025,0.08312341164280435,0.08312341164280412,0.09622951782622091,0.09622951782622136,0.08312341164280412,0.08312341164280435,0.09622951782622091,0.09622951782622047,0.09535294297741426,0.09535294297741403,0.10113030006661283,0.10113030006661239,0.09535294297741403,0.09535294297741359,0.10113030006661283,0.10113030006661239,0.09535294297741381,0.09535294297741359,0.10113030006661194,0.10113030006661239,0.09535294297741359,0.09535294297741381,0.1011303000666115,0.10113030006661172,0.09535294297741403,0.09535294297741403,0.10113030006661239,0.10113030006661194,0.1288056545137588,0.12880565451375903,0.09900083595036002,0.09900083595036002,0.12880565451375903,0.12880565451375947,0.09900083595036069,0.09900083595036002,0.1288056545137588,0.12880565451375836,0.09900083595036024,0.09900083595036047,0.12880565451375925,0.1288056545137588,0.09900083595036024,0.09900083595036047,0.09900083595036069,0.09900083595036024,0.12880565451375903,0.13827087993043752,0.12880565451375925,0.13782718895504442,0.12880565451375925,0.12880565451375947,0.12880565451375903,0.12880565451375903
2014-03-31,50,-0.09498486531440287,-0.09498486531440264,-0.09750386620622309,-0.09750386620622253,-0.08697028804507001,-0.08697028804506957,-0.09926838840225027,-0.09926838840225072,-0.008200647814515127,-0.008200647814514572,-0.047442707787394456,-0.047442707787394345,-0.09723221714382624,-0.09723221714382613,-0.0964182571364478,-0.09641825713644825,-0.08113959651885294,-0.08113959651885261,-0.0642946554791386,-0.06429465547913904,-0.08271312725569613,-0.0827131272556969,-0.08025822195959198,-0.08025822195959242,-0.13080010577663304,-0.1308001057766328,-0.0592701254283835,-0.05927012542838306,-0.08676182781317088,-0.08676182781317054,-0.08523987911127517,-0.08523987911127517,-0.09826275424718389,-0.13406676462356337,-0.028908979840482685,-0.050731801771627505,-0.106050792582433,-0.10605079258243322,-0.10123274339036481,-0.10123274339036481,-0.106050792582433,-0.10605079258243277,-0.10123274339036492,-0.10123274339036425,-0.10605079258243244,-0.1060507925824331,-0.10123274339036481,-0.10123274339036425,-0.106050792582433,-0.106050792582433,-0.10123274339036459,-0.10123274339036414,-0.106050792582433,-0.10605079258243288,-0.10123274339036492,-0.10123274339036459,-0.09396991412704092,-0.09396991412704114,-0.11153971352732639,-0.11153971352732694,-0.09396991412704103,-0.09396991412704092,-0.11153971352732739,-0.11153971352732683,-0.09396991412704137,-0.09396991412704081,-0.11153971352732661,-0.1115397135273265,-0.09396991412704092,-0.09396991412704081,-0.11153971352732683,-0.11153971352732728,-0.09396991412704148,-0.09396991412704114,-0.11153971352732672,-0.11153971352732694,-0.09750386620622276,-0.09750386620622298,-0.09170505641668236,-0.09170505641668258,-0.09750386620622287,-0.09750386620622298,-0.0917050564166828,-0.0917050564166828,-0.09750386620622298,-0.0975038662062222,-0.09170505641668236,-0.09170505641668258,-0.09750386620622276,-0.0975038662062232,-0.09170505641668225,-0.09170505641668236,-0.09170505641668236,-0.0917050564166828,-0.08722468733940036,-0.10206632144332661,-0.09750386620622264,-0.10491226820607069,-0.09750386620622309,-0.09750386620622253,-0.09750386620622309,-0.09750386620622253
2014-03-31,10,-0.0901354793794068,-0.09013547937940658,-0.09455682551613165,-0.09455682551613165,-0.08207795721689326,-0.08207795721689348,-0.09492401935076522,-0.09492401935076533,-0.00554234250700858,-0.005542342507008691,-0.04284837539495745,-0.04284837539495767,-0.09475195016559657,-0.09475195016559657,-0.0948888843902439,-0.09488888439024368,-0.08102305825846767,-0.0810230582584669,-0.06122133323600909,-0.061221333236009534,-0.08013226839651,-0.08013226839651011,-0.07868020647291618,-0.0786802064729164,-0.12844252158165403,-0.1284425215816538,-0.056224810931574165,-0.05622481093157472,-0.08428095156033422,-0.08428095156033444,-0.08373252534134756,-0.0837325253413479,-0.09551131023074144,-0.13037545972251197,-0.025507483072897186,-0.04676701742217515,-0.1031760577729064,-0.10317605777290673,-0.09688960011929015,-0.09688960011928993,-0.10317605777290617,-0.1031760577729064,-0.09688960011928982,-0.09688960011928993,-0.10317605777290662,-0.10317605777290706,-0.0968896001192896,-0.09688960011929026,-0.10317605777290673,-0.10317605777290628,-0.09688960011928949,-0.09688960011928993,-0.10317605777290662,-0.10317605777290673,-0.09688960011928993,-0.09688960011928993,-0.09244172965712794,-0.09244172965712771,-0.10932172239035287,-0.1093217223903532,-0.09244172965712794,-0.09244172965712794,-0.1093217223903532,-0.10932172239035265,-0.09244172965712805,-0.09244172965712794,-0.10932172239035276,-0.10932172239035287,-0.09244172965712771,-0.09244172965712771,-0.10932172239035287,-0.10932172239035276,-0.09244172965712749,-0.09244172965712805,-0.1093217223903532,-0.10932172239035298,-0.09455682551613254,-0.09455682551613154,-0.09012163877925805,-0.09012163877925816,-0.09455682551613132,-0.09455682551613143,-0.09012163877925816,-0.09012163877925838,-0.09455682551613154,-0.09455682551613098,-0.0901216387792576,-0.09012163877925827,-0.09455682551613154,-0.09455682551613198,-0.09012163877925783,-0.09012163877925827,-0.09012163877925794,-0.0901216387792576,-0.08056264984761419,-0.09628766080142548,-0.09455682551613132,-0.10132577338019111,-0.09455682551613198,-0.09455682551613165,-0.09455682551613165,-0.09455682551613165
2014-04-30,50,-0.0723955129626469,-0.07239551296264657,-0.06202718674081664,-0.062027186740816975,-0.02410512503646034,-0.024105125036459896,-0.04182226837733327,-0.04182226837733327,0.04557906862399341,0.04557906862399275,0.027502211617663308,0.02750221161766353,-0.07235769813841719,-0.07235769813841764,-0.04681564367870206,-0.04681564367870228,-0.01799240874325403,-0.017992408743253252,-0.014263581185084417,-0.014263581185084306,-0.05784814345209022,-0.057848143452090106,-0.030795949971275216,-0.030795949971275105,-0.03973897370929347,-0.03973897370929347,-0.022642963544691197,0.0007859275945663047,-0.04534232322542309,-0.04534232322542342,-0.033871728549617175,-0.010807713972723287,-0.02429623946926629,-0.02992347313481769,-0.024870188562975626,-0.02792456094092488,-0.027781230279305125,-0.027781230279304903,-0.025255283679405327,-0.025255283679405105,0.030400130633391642,0.03040013063339142,0.02506341601635298,0.02506341601635298,-0.027781230279305458,-0.02778123027930568,-0.02525528367940566,-0.02525528367940566,-0.027781230279306124,-0.02778123027930579,-0.02525528367940566,-0.02525528367940577,-0.027781230279305347,-0.02778123027930479,-0.025255283679405216,-0.025255283679405216,-0.05650548161090396,-0.05650548161090441,-0.03544985064382711,-0.035449850643826775,0.026788233473856504,0.026788233473856504,0.027274104647624142,0.02727410464762392,-0.05650548161090396,-0.05650548161090385,-0.03544985064382733,-0.035449850643826775,-0.05650548161090452,-0.056505481610904296,-0.035449850643826775,-0.035449850643827,-0.05650548161090474,-0.05650548161090441,-0.03544985064382722,-0.035449850643826886,-0.062027186740816864,-0.06202718674081675,-0.039932863179019784,-0.03993286317901912,0.02902589113261711,0.02902589113261711,0.02311614753198077,0.02311614753198099,-0.062027186740817086,-0.062027186740817086,-0.03993286317901912,-0.039932863179019895,-0.06202718674081675,-0.06202718674081664,-0.03993286317902034,-0.039932863179019895,-0.03993286317902023,-0.039932863179019895,-0.10328507214812777,-0.07419548795201991,-0.062027186740817086,-0.08057629510457098,-0.062027186740816864,-0.062027186740816975,-0.06202718674081664,-0.06202718674081631
2014-04-30,10,-0.0698084530007752,-0.06980845300077498,-0.05746226279391964,-0.057462262793920194,-0.021383384689906415,-0.021383384689906526,-0.03715901117985676,-0.037159011179857426,0.048427124092770946,0.048427124092770946,0.030933580940026184,0.030933580940026184,-0.06732623661889536,-0.06732623661889547,-0.043706488179538816,-0.04370648817953893,-0.012666074015556084,-0.012666074015556195,-0.010907311432477695,-0.010907311432477362,-0.052737983207937655,-0.05273798320793732,-0.024515672077814243,-0.024515672077814465,-0.034596195876129276,-0.03459619587612883,-0.02060426384702496,0.0034108314490117753,-0.04261956030233294,-0.04261956030233305,-0.032041555602129845,-0.00832614098580764,-0.018988647376791734,-0.025902029591508446,-0.021590150671322195,-0.025347052891153354,-0.019972204975196917,-0.01997220497519614,-0.017425969545734832,-0.017425969545734943,0.03454244271633988,0.03454244271633966,0.029184273970187524,0.029184273970187524,-0.019972204975196584,-0.019972204975196473,-0.01742596954573461,-0.017425969545735165,-0.019972204975196695,-0.019972204975196584,-0.017425969545735054,-0.017425969545735387,-0.019972204975196917,-0.019972204975196917,-0.017425969545735276,-0.017425969545734943,-0.05044041219256501,-0.05044041219256501,-0.03155754135948907,-0.03155754135948963,0.030916025367218714,0.030916025367218714,0.031403849791936,0.03140384979193622,-0.050440412192565565,-0.05044041219256579,-0.03155754135948896,-0.031557541359489405,-0.050440412192565454,-0.050440412192565454,-0.03155754135948907,-0.031557541359489405,-0.050440412192565565,-0.05044041219256523,-0.031557541359489405,-0.031557541359489405,-0.05746226279392008,-0.057462262793919305,-0.03601895467274252,-0.03601895467274285,0.03316267863465794,0.03316267863465794,0.027229177270803095,0.027229177270802873,-0.05746226279391997,-0.057462262793920416,-0.03601895467274263,-0.03601895467274252,-0.057462262793919416,-0.057462262793919305,-0.0360189546727423,-0.03601895467274252,-0.03601895467274274,-0.03601895467274285,-0.09608250644969074,-0.06974212218882314,-0.05746226279391964,-0.07396586047159204,-0.057462262793919416,-0.057462262793920194,-0.05746226279391964,-0.05746226279392008
2014-05-31,50,0.059953790863227274,0.059953790863226164,0.05933081681617436,0.0593308168161748,0.014271165602533165,0.014271165602533387,0.06273100752694871,0.06273100752694871,-0.0647514956961942,-0.06475149569619432,0.006932785458594104,0.00693278545859477,0.15389562588040628,0.15389562588040584,0.07642641507773051,0.07642641507773118,0.07800532405732086,0.0780053240573213,0.12237191597375108,0.12237191597375197,0.03141961256975834,0.03141961256975834,-0.002285380035227824,-0.00228538003522738,0.10638897817864024,0.10638897817864001,0.12529214277633405,0.11672559926583914,0.07777791525299871,0.07777791525299893,0.09222603829491272,0.08391121805875112,0.09242414966055912,0.0924241496605589,0.071928879889114,0.07192887988911445,0.01772502507378082,0.017725025073780598,0.01584966713628888,0.015849667136289547,0.0,0.0,0.0,0.0,-0.016619948629646553,-0.016619948629646553,-0.019261425289377132,-0.01926142528937702,0.01772502507378082,0.017725025073780598,0.01584966713628977,0.01584966713628977,0.01772502507378082,0.017725025073780154,0.015849667136289103,0.015849667136289547,0.015471079959274991,0.015471079959275436,0.037550082804203466,0.03755008280420413,0.0,0.0,0.0,0.0,0.0011970969940238163,0.0011970969940238163,0.003161591015460985,0.003161591015460985,0.015471079959274325,0.015471079959275214,0.037550082804204354,0.03755008280420391,0.015471079959274991,0.015471079959275214,0.037550082804203466,0.037550082804203466,0.0593308168161748,0.0593308168161748,0.0586472037374417,0.0586472037374417,0.0,0.0,0.0,0.0,-0.0017011047045875083,-0.0017011047045873973,0.0022598567090044153,0.0022598567090046373,0.05933081681617414,0.05933081681617414,0.058647203737441256,0.0586472037374417,0.058647203737441256,0.0586472037374417,0.05706613041257835,0.04921971703718908,0.0593308168161748,0.056371891212461556,0.059330816816173915,0.0593308168161748,0.05933081681617436,0.05933081681617436
2014-05-31,10,0.06295075143777162,0.0629507514377714,0.0645619513127269,0.06456195131272735,0.019705983359977086,0.019705983359977086,0.06631679468516705,0.06631679468516682,-0.059740108848975626,-0.05974010884897518,0.01340565533158089,0.013405655331580446,0.16012812351351147,0.16012812351351124,0.07838862791239887,0.07838862791239953,0.08378165160807605,0.08378165160807627,0.12792373748630204,0.12792373748630204,0.03695431831427198,0.036954318314271095,0.0025876080947198066,0.0025876080947195845,0.10952981096584402,0.10952981096584358,0.12724157072170406,0.11779759434815107,0.08355302426826805,0.08355302426826827,0.0941181833484277,0.08495171314204453,0.09827773829502484,0.09827773829502395,0.07716362819335476,0.07716362819335432,0.025899564303987654,0.025899564303987876,0.023194663102713342,0.023194663102713564,0.0,0.0,0.0,0.0,-0.012666661990971773,-0.012666661990971995,-0.015318757652349246,-0.015318757652349357,0.02589956430398699,0.02589956430398832,0.023194663102714674,0.023194663102713786,0.02589956430398721,0.025899564303987432,0.023194663102713564,0.023194663102713786,0.021998836583430492,0.021998836583430714,0.044219769966728384,0.04421976996672794,0.0,0.0,0.0,0.0,0.005222009946763695,0.005222009946763473,0.007194401431603437,0.007194401431603437,0.021998836583429826,0.021998836583430714,0.04421976996672816,0.044219769966727496,0.021998836583430714,0.021998836583430714,0.04421976996672794,0.04421976996672772,0.06456195131272713,0.0645619513127269,0.0621627509042566,0.0621627509042566,0.0,0.0,0.0,0.0,0.002312157186047381,0.002312157186047159,0.0062890420626087185,0.0062890420626087185,0.06456195131272713,0.06456195131272735,0.06216275090425727,0.06216275090425727,0.06216275090425749,0.06216275090425727,0.06129017089374722,0.055042136735084624,0.0645619513127269,0.06157427696087936,0.06456195131272735,0.06456195131272735,0.0645619513127269,0.0645619513127269
2014-06-30,50,0.06325756990396059,0.06325756990396014,0.04508911440235397,0.04508911440235397,0.05662091086592702,0.05662091086592658,0.05509601800295605,0.05509601800295649,0.0730984788613076,0.07309847886130805,0.031850471570726846,0.03185047157072618,0.12852036347625195,0.12852036347625218,0.07674046126385092,0.07674046126385026,0.09940061511822496,0.09940061511822496,0.072504321214103,0.07250432121410277,0.10097535591981988,0.10097535591981921,0.09435588572634046,0.09435588572634046,0.1148363025420216,0.11483630254202182,0.06156820118778494,0.061568201187784055,0.08446189964418838,0.08446189964418882,0.14388734284686344,0.14388734284686389,0.03705164848174647,0.03705164848174736,0.06864980155121048,0.06864980155121092,0.0633979265778315,0.0633979265778315,0.04637582534235363,0.04637582534235296,0.06775496680495863,0.06775496680495818,0.04641678828490425,0.04641678828490381,0.06775496680495818,0.06775496680495752,0.04641678828490381,0.04641678828490403,0.0633979265778315,0.06339792657783128,0.04637582534235318,0.04637582534235385,0.06339792657783083,0.06339792657783194,0.04637582534235252,0.04637582534235407,0.04451842440297615,0.04451842440297504,0.018793218356122576,0.0187932183561228,0.0443295038323368,0.04432950383233547,0.018998985382824074,0.018998985382824296,0.0443295038323368,0.04432950383233636,0.018998985382824518,0.018998985382824074,0.044518424402975265,0.04451842440297571,0.0187932183561228,0.018793218356122132,0.04451842440297593,0.04451842440297549,0.0187932183561228,0.018793218356122576,0.04508911440235397,0.04508911440235441,0.052195814602140844,0.05219581460214151,0.042564522212067635,0.042564522212067635,0.049170726669936826,0.049170726669936826,0.042564522212067635,0.04256452221206741,0.04917072666993705,0.049170726669936826,0.04508911440235375,0.045089114402353525,0.052195814602141066,0.052195814602141066,0.052195814602140844,0.05219581460214151,0.045089114402353525,0.0432988342810976,0.04508911440235397,0.045089114402353525,0.04508911440235441,0.04508911440235397,0.04508911440235397,0.04508911440235397
2014-06-30,10,0.07179783422178532,0.07179783422178532,0.050135612882439506,0.05013561288243973,0.05945366995544865,0.05945366995544754,0.06019941414770891,0.06019941414770913,0.07884851382847269,0.07884851382847313,0.03686236746693616,0.03686236746693661,0.12872634092122714,0.12872634092122692,0.08020403787469466,0.08020403787469443,0.10534508423618982,0.10534508423619005,0.07438214878376992,0.07438214878376948,0.10404391701464166,0.10404391701464233,0.09787612629136211,0.09787612629136255,0.1178251348061552,0.11782513480615542,0.06509646356831333,0.06509646356831311,0.08745487553040276,0.08745487553040321,0.14586204723029694,0.14586204723029805,0.04260853199150039,0.04260853199150083,0.07038192674044552,0.07038192674044619,0.07193931826415767,0.07193931826415745,0.05310224705936473,0.05310224705936428,0.07202171991906403,0.07202171991906403,0.05059827395237604,0.05059827395237648,0.07202171991906448,0.07202171991906359,0.05059827395237604,0.05059827395237626,0.07193931826415856,0.07193931826415834,0.05310224705936473,0.05310224705936428,0.07193931826415811,0.07193931826415834,0.05310224705936428,0.053102247059363616,0.051232906182429705,0.051232906182429705,0.024524837289246815,0.02452483728924748,0.048502648702795526,0.04850264870279575,0.02307090940033807,0.02307090940033829,0.04850264870279575,0.048502648702795526,0.02307090940033807,0.02307090940033807,0.05123290618242993,0.05123290618242948,0.02452483728924748,0.024524837289247037,0.05123290618242948,0.05123290618242948,0.02452483728924726,0.024524837289245927,0.05013561288244017,0.05013561288243862,0.0573661829806138,0.057366182980614466,0.04673061420891833,0.04673061420891855,0.05336321708619973,0.05336321708620084,0.04673061420891811,0.04673061420891922,0.0533632170862004,0.05336321708619973,0.05013561288243884,0.050135612882439506,0.05736618298061402,0.057366182980614244,0.057366182980614244,0.0573661829806138,0.05013561288243884,0.047626191200710544,0.050135612882439506,0.050135612882439506,0.05013561288243995,0.05013561288243973,0.050135612882439506,0.050135612882439284
2014-07-31,50,-0.03358604240067331,-0.033586042400672644,-0.01687278260086056,-0.016872782600861003,-0.08471914132758429,-0.08471914132758485,-0.05261394789909224,-0.05261394789909213,-0.12182836441132572,-0.12182836441132605,-0.1102986566191616,-0.1102986566191616,-0.07240908220926512,-0.07240908220926578,-0.07648200106919023,-0.07648200106919023,-0.02521786999679665,-0.025217869996796538,-0.03613833639990738,-0.036138336399906934,-0.15256078579334942,-0.1525607857933502,-0.05364488656249533,-0.05364488656249633,-0.03183894658467834,-0.031838946584679007,-0.038426883831890524,-0.038426883831890524,-0.030371854428349554,-0.03037185442835022,-0.04894989166155861,-0.04894989166155872,-0.057356868281944196,-0.057356868281944196,-0.024453543929883748,-0.024453543929883526,-0.020057518553133646,-0.02005751855313287,-0.03647219968113835,-0.036472199681138684,-0.02005751855313409,-0.0200575185531342,-0.03647219968113835,-0.03647219968113846,-0.020057518553133313,-0.020057518553133646,-0.036472199681138684,-0.036472199681138684,-0.020057518553133535,-0.020057518553133535,-0.03647219968113802,-0.03647219968113857,-0.020057518553133646,-0.02005751855313387,-0.03647219968113846,-0.03647219968113857,-0.08083014995698423,-0.08083014995698412,-0.035370814305793696,-0.035370814305793474,-0.08083014995698423,-0.08083014995698412,-0.03537081430579292,-0.035370814305792586,-0.08083014995698423,-0.08083014995698423,-0.03537081430579292,-0.0353708143057927,-0.0808301499569849,-0.08083014995698468,-0.035370814305793474,-0.03537081430579281,-0.08083014995698445,-0.08083014995698468,-0.03537081430579303,-0.035370814305792586,-0.016872782600861003,-0.01687278260086067,-0.02472727407083275,-0.02472727407083275,-0.01687278260086067,-0.016872782600861003,-0.02472727407083264,-0.024727274070832528,-0.016872782600861225,-0.01687278260086089,-0.024727274070832528,-0.02472727407083186,-0.01687278260086078,-0.016872782600861447,-0.024727274070832306,-0.02472727407083286,-0.024727274070832528,-0.024727274070831973,-0.01687278260086089,-0.01814201405352056,-0.01687278260086056,-0.01687278260086089,-0.016872782600860226,-0.016872782600861003,-0.01687278260086056,-0.01687278260086078
2014-07-31,10,-0.028407660212629082,-0.02840766021262897,-0.01210640508507499,-0.01210640508507621,-0.07736745093819586,-0.07736745093819608,-0.046523862519720516,-0.046523862519720294,-0.11708586079435424,-0.11708586079435501,-0.10457938607331041,-0.10457938607331063,-0.07231621587665182,-0.07231621587665249,-0.07351129879146923,-0.07351129879146945,-0.019985181921982953,-0.019985181921983286,-0.03148948126110551,-0.03148948126110529,-0.148019911670216,-0.14801991167021633,-0.05205718535311965,-0.05205718535311987,-0.03170327727040134,-0.0317032772704009,-0.03671938792946017,-0.036719387929459946,-0.02512876853316992,-0.025128768533170587,-0.047168516891286205,-0.047168516891286316,-0.052305858448542075,-0.05230585844854241,-0.019748533179010375,-0.019748533179010486,-0.013758150554575854,-0.013758150554575854,-0.031051497929894034,-0.031051497929894478,-0.013758150554575632,-0.013758150554576187,-0.031051497929894034,-0.031051497929893812,-0.013758150554574744,-0.013758150554575965,-0.03105149792989459,-0.031051497929893923,-0.013758150554575854,-0.013758150554575743,-0.031051497929894034,-0.031051497929894478,-0.013758150554575632,-0.013758150554575854,-0.031051497929893923,-0.0310514979298937,-0.07639685040563171,-0.07639685040563238,-0.02916988482484617,-0.02916988482484606,-0.07639685040563216,-0.07639685040563204,-0.02916988482484628,-0.029169884824846615,-0.07639685040563271,-0.07639685040563216,-0.029169884824846504,-0.02916988482484617,-0.0763968504056326,-0.07639685040563204,-0.029169884824845838,-0.029169884824846393,-0.07639685040563216,-0.07639685040563171,-0.02916988482484617,-0.029169884824846615,-0.012106405085075655,-0.012106405085075767,-0.01922975630671553,-0.019229756306715196,-0.01210640508507621,-0.0121064050850761,-0.01922975630671475,-0.019229756306715085,-0.012106405085075767,-0.012106405085075544,-0.019229756306715196,-0.019229756306715196,-0.012106405085075544,-0.012106405085076433,-0.019229756306714973,-0.019229756306715196,-0.01922975630671586,-0.019229756306715196,-0.01210640508507499,-0.012657237436837665,-0.012106405085076655,-0.01210640508507621,-0.012106405085075767,-0.01210640508507621,-0.01210640508507499,-0.012106405085076544
2014-08-31,50,0.05418553440451612,0.05418553440451657,0.06206704566198851,0.06206704566198895,0.10321604214466218,0.10321604214466262,0.07318228145593708,0.07318228145593664,0.07011891482498123,0.07011891482498056,0.06231777956074791,0.06231777956074791,0.04940174669762132,0.04940174669762154,0.052822502943229654,0.05282250294322943,0.08345913885832656,0.08345913885832612,0.0767498637310442,0.07674986373104442,0.13406518177931548,0.13406518177931503,0.11652528182579047,0.11652528182579025,0.05200372020573729,0.05200372020573707,0.06396506344499553,0.06396506344499553,0.043645309331362236,0.043645309331361126,0.04963943124121406,0.04963943124121384,0.04905644333941139,0.049056443339410505,0.09533782128897461,0.09533782128897328,0.05928558849011867,0.05928558849011867,0.05170703381967656,0.051707033819677006,0.05928558849011778,0.059285588490118446,0.051707033819676784,0.05170703381967745,0.05928558849011867,0.059285588490118224,0.051707033819677006,0.05170703381967723,0.05928558849011867,0.05928558849011889,0.051707033819677006,0.051707033819676784,0.059285588490118446,0.05928558849011867,0.051707033819677006,0.051707033819676784,0.03241549289286905,0.03241549289286949,0.052858167190510175,0.052858167190510175,0.03241549289287016,0.032415492892868825,0.05285816719050995,0.052858167190510175,0.032415492892869935,0.032415492892869935,0.0528581671905104,0.05285816719050973,0.03241549289286927,0.03241549289287016,0.0528581671905104,0.05285816719050995,0.03241549289286971,0.03241549289286927,0.05285816719051062,0.052858167190510175,0.06206704566198873,0.062067045661988285,0.05820257963500186,0.05820257963500297,0.06206704566198851,0.06206704566198851,0.05820257963500208,0.05820257963500208,0.062067045661988285,0.06206704566198806,0.05820257963500208,0.05820257963500275,0.06206704566198873,0.06206704566198806,0.05820257963500186,0.058202579635002305,0.058202579635002305,0.05820257963500186,0.06206704566198873,0.05987250962201229,0.06206704566198851,0.06206704566198851,0.06206704566198806,0.06206704566198895,0.06206704566198851,0.06206704566198784
2014-08-31,10,0.062652930601522,0.06265293060152133,0.06902341280409208,0.06902341280409252,0.10912745749342179,0.10912745749342112,0.08008102321722999,0.08008102321722954,0.07585298425148657,0.07585298425148657,0.06744150390320791,0.06744150390320791,0.055024806330059794,0.05502480633005935,0.05790043008556789,0.05790043008556789,0.08636385018115078,0.08636385018115078,0.07863520380089217,0.07863520380089195,0.14317418479061095,0.1431741847906105,0.12012473572533722,0.12012473572533722,0.05512666281942713,0.05512666281942624,0.06592826262654228,0.06592826262654272,0.04937433669611124,0.049374336696111465,0.053201775938482854,0.053201775938481966,0.05476153512900428,0.054761535129004946,0.10078271553467477,0.10078271553467388,0.06609499808690988,0.06609499808690966,0.05846772616451812,0.0584677261645179,0.0660949980869101,0.0660949980869101,0.05846772616451812,0.05846772616451856,0.06609499808690988,0.06609499808691033,0.05846772616451812,0.05846772616451745,0.0660949980869101,0.06609499808691033,0.0584677261645179,0.05846772616451745,0.06609499808690988,0.06609499808690922,0.0584677261645179,0.058467726164517675,0.04070802844088295,0.04070802844088295,0.05878143179046602,0.05878143179046602,0.04070802844088228,0.04070802844088295,0.05878143179046602,0.05878143179046602,0.04070802844088317,0.04070802844088295,0.05878143179046624,0.05878143179046624,0.040708028440882504,0.040708028440882726,0.05878143179046624,0.05878143179046602,0.04070802844088295,0.04070802844088295,0.0587814317904658,0.05878143179046558,0.06902341280409319,0.06902341280409252,0.06253417586816301,0.06253417586816323,0.06902341280409297,0.06902341280409185,0.06253417586816323,0.06253417586816323,0.06902341280409208,0.06902341280409208,0.06253417586816368,0.06253417586816323,0.06902341280409274,0.0690234128040923,0.06253417586816323,0.06253417586816346,0.06253417586816368,0.06253417586816346,0.0690234128040923,0.0676015594584436,0.06902341280409319,0.06902341280409274,0.0690234128040923,0.06902341280409252,0.06902341280409208,0.0690234128040923
2014-09-30,50,0.011513747621366699,0.011513747621367587,0.004443966614135153,0.004443966614134709,0.009256251112400804,0.009256251112401692,0.011055505774482333,0.011055505774482333,-0.16567524697429448,-0.09931047759695388,-0.05997550404453167,-0.02009607421152848,0.026047652097400675,0.026047652097400453,-0.008832629603383935,-0.008832629603384157,0.014511340439655296,0.014511340439655074,-0.06341764428667485,-0.06341764428667529,-0.12519594785350863,-0.12519594785350852,-0.09408826253309044,-0.09408826253309044,0.009219725154125502,0.009219725154125502,0.020367177382144108,0.020367177382144108,0.0053934359657301645,0.0053934359657299424,-0.05223926658555389,-0.052239266585554334,-0.2582069754041999,-0.19329911098199848,-0.119883920342584,-0.08036565875014179,-0.03981786976094481,-0.03981786976094526,-0.03694806476524348,-0.03694806476524337,-0.039817869760945035,-0.03981786976094559,-0.03694806476524359,-0.03694806476524348,-0.039817869760945146,-0.03981786976094526,-0.03694806476524404,-0.03694806476524337,-0.039817869760945035,-0.03981786976094526,-0.03694806476524404,-0.03694806476524359,-0.039817869760944924,-0.03981786976094526,-0.03694806476524337,-0.03694806476524348,0.0005256612739841238,0.0005256612739845679,0.001518347220594185,0.001518347220593963,0.0005256612739839017,0.0005256612739839017,0.001518347220593741,0.001518347220593519,0.0005256612739839017,0.0005256612739845679,0.001518347220593741,0.001518347220593741,0.0005256612739843458,0.0005256612739841238,0.001518347220593741,0.001518347220593741,0.0005256612739847899,0.0005256612739845679,0.0015183472205930748,0.001518347220593963,0.004443966614134931,0.004443966614135597,0.0005890014421678913,0.0005890014421681133,0.004443966614134709,0.004443966614134487,0.0005890014421676693,0.0005890014421681133,0.004443966614135375,0.004443966614135153,0.0005890014421678913,0.0005890014421678913,0.004443966614135153,0.004443966614134931,0.0005890014421683354,0.0005890014421681133,0.0005890014421681133,0.0005890014421678913,0.004443966614134931,0.004443966614135375,0.004443966614134931,0.004443966614134931,0.004443966614135153,0.004443966614134709,0.004443966614135153,0.004443966614134931
2014-09-30,10,0.017068021807301825,0.017068021807301603,0.007828397440925672,0.007828397440925228,0.014906169469540709,0.014906169469540709,0.01609607518040268,0.016096075180402014,-0.161073330426302,-0.09327170552299047,-0.05534699618252126,-0.01462812596136076,0.028962421508521352,0.028962421508521352,-0.005546395892555012,-0.005546395892555345,0.017359003085639868,0.01735900308563898,-0.06029565475730203,-0.06029565475730192,-0.1204581912944438,-0.1204581912944439,-0.0926072089680996,-0.09260720896809915,0.009425554744791675,0.009425554744791231,0.022188775299758268,0.022188775299758268,0.010854059853532494,0.01085405985353316,-0.05055992516902674,-0.050559925169026965,-0.2522487685891389,-0.18576963475034725,-0.11555864545118144,-0.07520892247071276,-0.03364552730357584,-0.03364552730357584,-0.030757274329452855,-0.030757274329452522,-0.03364552730357595,-0.03364552730357584,-0.0307572743294523,-0.030757274329452744,-0.03364552730357617,-0.03364552730357595,-0.030757274329452522,-0.030757274329452633,-0.03364552730357606,-0.03364552730357573,-0.0307572743294523,-0.030757274329452522,-0.03364552730357606,-0.033645527303575506,-0.03075727432945241,-0.030757274329452744,0.005351352592117831,0.0053513525921171645,0.0055683791591265575,0.005568379159125669,0.005351352592118053,0.005351352592118053,0.005568379159125891,0.005568379159125669,0.005351352592118275,0.005351352592118053,0.005568379159125891,0.005568379159125669,0.005351352592118053,0.005351352592118053,0.005568379159125891,0.005568379159125447,0.005351352592117609,0.005351352592118053,0.005568379159125447,0.005568379159125891,0.00782839744092545,0.007828397440925894,0.0023117809698032232,0.002311780969803001,0.00782839744092545,0.007828397440925006,0.0023117809698034453,0.002311780969803001,0.00782839744092545,0.00782839744092545,0.002311780969802779,0.002311780969802779,0.007828397440925228,0.007828397440925672,0.002311780969802557,0.002311780969802779,0.002311780969803001,0.002311780969803001,0.007828397440925228,0.00782839744092545,0.007828397440925672,0.007828397440925006,0.00782839744092545,0.007828397440925228,0.007828397440925672,0.007828397440925672
2014-10-31,50,0.04948101634369029,0.04948101634368984,0.055734271616031394,0.05573427161603117,0.01792098476028725,0.01792098476028725,0.0035102356871596907,0.0035102356871590246,-0.014889379267553848,-0.003450745338548389,0.04577341089184328,0.05228462964180269,-0.06273613269482192,-0.0902903509969224,-0.04813032671130979,-0.06479199876847863,-0.06273613269482226,-0.09029035099692284,-0.0549458231730513,-0.07148819573981802,-0.05905081069239404,-0.08665236061290005,-0.06393828438945748,-0.08026402587910675,0.00394261666068485,-0.024105444267706888,-0.021376683376166494,-0.03796414375758328,0.00695966569344697,-0.043750930860146364,-0.0034836805447884256,-0.05092553569877423,-0.03144587368492979,-0.17176376735033905,0.0020859849436130062,-0.08455325523016521,-0.04834134457487982,-0.06507934827429551,-0.004608365991357721,-0.012939272975876936,-0.02418668619878428,-0.02418668619878417,-0.029596957593061024,-0.029596957593061135,-0.04834134457487982,-0.06507934827429462,-0.004608365991357721,-0.012939272975876825,-0.04834134457488004,-0.06507934827429462,-0.004608365991357832,-0.01293927297587627,-0.04834134457487982,-0.06507934827429496,-0.004608365991358165,-0.012939272975876603,0.034757910168503825,0.034757910168503825,0.05189879915202611,0.051898799152026553,-0.0329260131558633,-0.03292601315586319,-0.029449465698076716,-0.029449465698076827,0.0347579101685036,0.034757910168503825,0.05189879915202544,0.051898799152025665,0.03475791016850427,0.03475791016850449,0.05189879915202522,0.05189879915202611,0.03475791016850427,0.0347579101685036,0.05189879915202544,0.05189879915202589,0.05573427161603095,0.05573427161603095,0.03874968930820866,0.03874968930820821,-0.0279497374103711,-0.0279497374103711,-0.025841645714464567,-0.02584164571446479,0.055734271616030506,0.055734271616030506,0.03874968930820821,0.038749689308208435,0.05573427161603117,0.05573427161603095,0.03874968930820866,0.038749689308208435,0.03874968930820866,0.03874968930820866,-0.11994538995520299,-0.03199684246723433,0.055734271616030506,0.015888903513299413,0.05573427161603095,0.05573427161603117,0.055734271616031394,0.05573427161603117
2014-10-31,10,0.052470231007546,0.052470231007546,0.060906578257686306,0.06090657825768586,0.026097097971780725,0.026097097971780947,0.009989094920523467,0.009989094920523911,-0.0069768044395072115,0.003367374306419979,0.05249596010574087,0.058357869755608416,-0.06010695959675205,-0.0868512726343621,-0.04503137974788729,-0.0612105776051618,-0.06010695959675194,-0.08685127263436188,-0.051905844960477565,-0.06796857476793494,-0.051492947937600175,-0.07842284260148136,-0.05942351273581836,-0.07530127676080778,0.006944213833389279,-0.020284439068440574,-0.01956999704168938,-0.03565450298825745,0.015047735739528667,-0.03500349505143385,5.4924558837043946e-05,-0.04637207824010314,-0.03092447167009804,-0.16863113148646114,0.006065261057572435,-0.07922625698075803,-0.04222379360323136,-0.05852851170475637,0.000991598194272969,-0.007117181933969374,-0.02026381860561355,-0.02026381860561355,-0.025695839834641077,-0.0256958398346413,-0.04222379360323114,-0.058528511704755815,0.000991598194272969,-0.007117181933968486,-0.04222379360323103,-0.05852851170475659,0.0009915981942738572,-0.007117181933969485,-0.04222379360323103,-0.05852851170475615,0.0009915981942736352,-0.007117181933968708,0.039790784987796535,0.03979078498779609,0.056157697155628794,0.05615769715562946,-0.0290382785353841,-0.029038278535383988,-0.025547755007415907,-0.025547755007415685,0.03979078498779609,0.03979078498779631,0.056157697155629016,0.056157697155629016,0.03979078498779676,0.039790784987796535,0.056157697155628794,0.05615769715562924,0.03979078498779631,0.03979078498779698,0.056157697155628794,0.05615769715562924,0.06090657825768586,0.06090657825768564,0.042126681888560835,0.04212668188856106,-0.024041997661267245,-0.024041997661267245,-0.02192543122487478,-0.02192543122487467,0.06090657825768564,0.06090657825768542,0.04212668188856061,0.04212668188856039,0.06090657825768586,0.06090657825768586,0.04212668188856061,0.04212668188856061,0.04212668188856017,0.04212668188856061,-0.1120785409031424,-0.02596071531177313,0.060906578257686084,0.021496021182290548,0.06090657825768564,0.06090657825768586,0.060906578257686306,0.06090657825768675
2014-11-30,50,0.023369818209548754,0.023369818209548754,0.0074875530910825105,0.0074875530910820665,0.08840791867584574,0.08840791867584574,0.03555966462945359,0.03555966462945359,0.14662513198614935,0.14662513198614913,0.08842192823492145,0.0884219282349219,-0.0009740161403427594,0.004791738226062714,0.010672351763504562,0.014154961301416913,0.015361736940811221,0.021221771076889828,0.03564559656716093,0.0392142597706302,0.15473857134503133,0.16229791514427294,0.0808543439336904,0.08479153709856546,0.05610185249632904,0.059521177452489527,0.06749492886653163,0.06958129115261102,0.08329241022683909,0.0818995099237545,0.07910355576909356,0.08017711794116411,0.05324357169237648,0.05926495085308492,0.03956131799212259,0.04211552317692524,0.020209925774514526,0.023642478277458023,0.04365737582000362,0.04536316521180095,0.026710469789988922,0.026710469789989144,0.04187208698697065,0.04187208698697087,0.020209925774514303,0.02364247827745891,0.04365737582000406,0.04536316521180095,0.020209925774514303,0.023642478277458023,0.0436573758200034,0.04536316521180117,0.020209925774514526,0.0236424782774578,0.04365737582000406,0.045363165211801615,0.027737123037560485,0.027737123037560485,0.04360144640497743,0.04360144640497743,0.02651532666050893,0.02651532666050893,0.03881545575231771,0.038815455752317485,0.027737123037560485,0.027737123037561373,0.04360144640497743,0.04360144640497743,0.027737123037560707,0.027737123037560707,0.04360144640497721,0.043601446404976985,0.02773712303756093,0.02773712303756115,0.04360144640497765,0.043601446404978095,0.007487553091081844,0.007487553091082733,0.02076625150704836,0.020766251507047917,0.0050281653417298955,0.005028165341731228,0.017851273062365447,0.017851273062365003,0.0074875530910825105,0.0074875530910822885,0.02076625150704814,0.02076625150704814,0.0074875530910825105,0.007487553091082955,0.02076625150704836,0.02076625150704814,0.02076625150704814,0.020766251507048583,0.005028165341730562,0.001817781815258046,0.0074875530910820665,0.00827057815741683,0.0074875530910820665,0.0074875530910820665,0.0074875530910825105,0.0074875530910822885
2014-11-30,10,0.03158969737126749,0.03158969737126749,0.012409169219685046,0.012409169219685046,0.09142198064506046,0.09142198064506091,0.03899362762711389,0.038993627627114336,0.15276914833975352,0.15276914833975264,0.09205396389123321,0.09205396389123277,0.007050329233758701,0.011878315875628154,0.015546982152466304,0.01846378622297129,0.02351729384172585,0.028424226175635336,0.04396407685324455,0.04696249910483874,0.16092606232928208,0.16739316975006258,0.08780240404353057,0.09114302479430325,0.059680046934045716,0.0642163816327248,0.06970842706997904,0.07243758844634063,0.0890970678246017,0.08649439245829149,0.08475130917688656,0.08577186162219053,0.06170340188583978,0.06522473068516077,0.044666093950783026,0.047442330020773804,0.02840442414669142,0.031271733415942915,0.0512034325483941,0.052636293923252975,0.03081320893000883,0.030813208930008607,0.04603541200989514,0.04603541200989536,0.0284044241466912,0.03127173341594336,0.05120343254839388,0.05263629392325275,0.028404424146690976,0.03127173341594358,0.0512034325483941,0.052636293923252975,0.028404424146690976,0.03127173341594314,0.05120343254839388,0.0526362939232532,0.03599208112901753,0.035992081129018416,0.04863489895340689,0.04863489895340645,0.030617286007802447,0.03061728600780289,0.04296656646461483,0.04296656646461372,0.035992081129017084,0.03599208112901642,0.04863489895340667,0.04863489895340645,0.03599208112901775,0.035992081129018194,0.04863489895340667,0.04863489895340645,0.03599208112901686,0.03599208112901775,0.04863489895340689,0.04863489895340667,0.01240916921968549,0.012409169219685046,0.024926273742057914,0.024926273742058358,0.009044261906532514,0.009044261906533402,0.021918610816860085,0.02191861081685964,0.012409169219685046,0.012409169219684824,0.024926273742059024,0.024926273742058802,0.012409169219684824,0.012409169219684602,0.024926273742057692,0.024926273742058802,0.024926273742058358,0.024926273742058358,0.00904426190653318,0.005312757592071948,0.012409169219685046,0.01251137695029958,0.012409169219684602,0.012409169219685046,0.012409169219685046,0.012409169219685712
2014-12-31,50,0.03074009990584936,0.030740099905848917,0.00888828274137432,0.008888282741373654,-0.02508239668046186,-0.025082396680462415,-0.018829284282662284,-0.018829284282662395,0.08244632291857967,0.08244632291857923,0.06772894592440948,0.06772894592440881,0.0208545580627284,0.0208545580627284,-0.005762338824956137,-0.00576233882495647,0.04144894679297906,0.04144894679297928,0.01770279688108589,0.017702796881085225,-0.0881100713608769,-0.08811007136087712,-0.052191107116890345,-0.05219110711689001,-0.009919325582299798,-0.009919325582299465,-0.011530539740904455,-0.011530539740904455,0.006442170712880335,0.006442170712880779,0.006542796603812517,0.006542796603812517,-0.0834473561852247,-0.0834473561852247,-0.027412396666679273,-0.027412396666679717,0.026157380538571307,0.02615738053857175,0.008395811092503314,0.008395811092503314,0.026157380538571084,0.02615738053857153,0.008395811092503536,0.008395811092503092,0.026157380538571084,0.02615738053857153,0.008395811092503092,0.008395811092503314,0.02615738053857153,0.026157380538570862,0.008395811092503092,0.008395811092503314,0.026157380538571307,0.02615738053857064,0.008395811092502647,0.008395811092503314,0.0018800269980934203,0.0018800269980934203,-0.018543037328859646,-0.018543037328859868,0.0018800269980936424,0.0018800269980934203,-0.018543037328859757,-0.018543037328859535,0.0018800269980936424,0.0018800269980934203,-0.018543037328859757,-0.018543037328859868,0.0018800269980929762,0.0018800269980936424,-0.018543037328859424,-0.018543037328859535,0.0018800269980936424,0.0018800269980938644,-0.018543037328859868,-0.01854303732886009,0.008888282741373876,0.008888282741373876,-0.002815997142997184,-0.00281599714299674,0.00888828274137432,0.008888282741373876,-0.002815997142996518,-0.002815997142996629,0.008888282741373876,0.008888282741374098,-0.002815997142996629,-0.002815997142996629,0.008888282741373876,0.008888282741373654,-0.002815997142996296,-0.002815997142996851,-0.002815997142996518,-0.002815997142996296,0.008888282741373876,0.008888282741373432,0.008888282741373654,0.008888282741373876,0.008888282741373876,0.008888282741373654,0.00888828274137432,0.008888282741373432
2014-12-31,10,0.03626316394262519,0.03626316394262563,0.013754308287178274,0.01375430828717672,-0.01725169388922676,-0.017251693889226982,-0.014088866306898984,-0.014088866306898429,0.08544177222143401,0.08544177222143534,0.0728773365221762,0.07287733652217643,0.02632465192725353,0.026324651927253084,-0.002564150930332243,-0.002564150930332243,0.04702939255684924,0.04702939255684924,0.0226113362034015,0.022611336203401278,-0.08564884461393074,-0.08564884461393074,-0.050657243075380665,-0.050657243075380554,-0.006977035760253325,-0.006977035760252326,-0.006585364699510543,-0.006585364699510543,0.009418900063796976,0.00941890006379631,0.011581811157292066,0.011581811157292066,-0.08067586264820259,-0.08067586264820259,-0.024139963065312076,-0.02413996306531274,0.03275383194958037,0.032753831949580814,0.01406893535246545,0.01406893535246545,0.03275383194958059,0.03275383194958059,0.014068935352465006,0.014068935352465672,0.03275383194958015,0.032753831949581036,0.014068935352465228,0.01406893535246545,0.03275383194958015,0.03275383194958037,0.014068935352466116,0.014068935352466116,0.03275383194958015,0.03275383194958015,0.01406893535246545,0.014068935352465228,0.008320416204557368,0.008320416204556924,-0.01537270653978895,-0.015372706539789616,0.00832041620455759,0.008320416204556924,-0.01537270653978895,-0.015372706539789283,0.008320416204557146,0.008320416204557368,-0.015372706539789616,-0.015372706539789172,0.008320416204557368,0.008320416204556924,-0.015372706539789616,-0.015372706539788838,0.00832041620455759,0.008320416204557146,-0.01537270653979017,-0.01537270653978895,0.013754308287177608,0.013754308287177608,0.001993576835386923,0.0019935768353871453,0.01375430828717783,0.013754308287177386,0.0019935768353875893,0.0019935768353871453,0.013754308287177386,0.01375430828717783,0.0019935768353871453,0.0019935768353878114,0.01375430828717783,0.013754308287177608,0.0019935768353875893,0.0019935768353873673,0.0019935768353875893,0.0019935768353871453,0.013754308287177164,0.013754308287176942,0.013754308287177608,0.01375430828717783,0.013754308287177386,0.01375430828717672,0.013754308287178274,0.013754308287178052
2015-01-31,50,0.022598375957161743,0.022598375957161965,-0.016142131934696713,-0.016142131934696824,0.02286689182549906,0.022866891825498392,0.08076759324893534,0.08076759324893579,-0.011454399064904308,-0.011454399064904863,-0.03641137873531097,-0.03641137873531075,0.010542985154397444,0.010542985154396778,0.004279928980261971,0.004279928980261527,0.09635971291377499,0.09635971291377454,0.06575976775050552,0.06575976775050552,-0.04605401716983726,-0.03307078231834637,-0.0006830303399542048,0.007100663203312374,-0.008769490983635109,-0.00876949098363533,-0.0279197055549546,-0.02791970555495482,0.06434946775138584,0.06434946775138584,0.03254033072305473,0.03254033072305518,-0.05931972335153024,-0.046337797172728235,-0.05142701758495938,-0.04360758760186689,0.03142226351620603,0.031422263516205584,0.013842965476934088,0.0138429654769332,0.03142226351620603,0.03142226351620536,0.013842965476933866,0.013842965476933422,0.031422263516205806,0.031422263516205584,0.0138429654769332,0.013842965476933422,0.03142226351620625,0.031422263516205806,0.013842965476933866,0.01384296547693431,0.03142226351620514,0.031422263516205806,0.01384296547693431,0.013842965476933866,-0.01325105761337153,-0.01325105761337142,-0.0384824950406184,-0.038482495040618736,-0.013251057613371753,-0.01325105761337142,-0.03848249504061907,-0.038482495040618625,-0.013251057613371864,-0.013251057613371975,-0.03848249504061818,-0.038482495040618625,-0.013251057613371864,-0.013251057613370532,-0.03848249504061907,-0.03848249504061896,-0.013251057613371864,-0.013251057613371642,-0.03848249504061885,-0.038482495040618625,-0.016142131934696602,-0.016142131934696824,-0.01908376939629508,-0.019083769396294414,-0.016142131934696713,-0.016142131934696713,-0.019083769396295525,-0.01908376939629519,-0.01614213193469627,-0.016142131934697268,-0.019083769396295414,-0.01908376939629508,-0.01614213193469638,-0.01614213193469627,-0.019083769396295525,-0.01908376939629519,-0.019083769396294636,-0.019083769396295525,-0.016142131934696935,-0.01701666303917726,-0.01614213193469638,-0.016142131934696602,-0.01614213193469638,-0.016142131934696824,-0.016142131934696713,-0.016142131934696713
2015-01-31,10,0.025388509523655678,0.025388509523655456,-0.012946156845524248,-0.012946156845523471,0.03108273139758877,0.03108273139758877,0.08944850103059276,0.08944850103059276,-0.0061574278325476905,-0.0061574278325475795,-0.03021713831866224,-0.030217138318662684,0.013339361012264739,0.01333936101226496,0.007591021488892791,0.007591021488893901,0.09952418480628933,0.09952418480629022,0.06928411790916589,0.06928411790916589,-0.04094311992321309,-0.02678989216583072,0.002565674942214047,0.011033020785152337,-0.005953371660232021,-0.005953371660232132,-0.024640481065039244,-0.024640481065039466,0.0700526224733542,0.0700526224733542,0.03435194385027196,0.034351943850272626,-0.056707583478029955,-0.04259211031338861,-0.04813969987698541,-0.03963165917305178,0.03639697396595265,0.036396973965953094,0.02036025608654035,0.020360256086540574,0.03639697396595287,0.03639697396595265,0.020360256086540796,0.020360256086540574,0.03639697396595287,0.03639697396595265,0.020360256086539907,0.02036025608654013,0.036396973965953316,0.036396973965953094,0.02036025608654035,0.020360256086540574,0.03639697396595376,0.036396973965953094,0.020360256086540574,0.02036025608654035,-0.008491813559211914,-0.00849181355921147,-0.033073102990632375,-0.03307310299063193,-0.008491813559210803,-0.008491813559211692,-0.033073102990632486,-0.033073102990632264,-0.008491813559210803,-0.00849181355921147,-0.033073102990632264,-0.03307310299063215,-0.008491813559211359,-0.008491813559211359,-0.03307310299063282,-0.033073102990632375,-0.008491813559211692,-0.008491813559211359,-0.03307310299063215,-0.03307310299063182,-0.012946156845524026,-0.012946156845523804,-0.016634028367781162,-0.016634028367781717,-0.012946156845524803,-0.012946156845523693,-0.016634028367781717,-0.016634028367781828,-0.012946156845524581,-0.01294615684552436,-0.016634028367781606,-0.01663402836778194,-0.012946156845523915,-0.01294615684552447,-0.016634028367781273,-0.016634028367781273,-0.016634028367781495,-0.016634028367781495,-0.012946156845523915,-0.013121631233778075,-0.012946156845523804,-0.012946156845524137,-0.012946156845524248,-0.012946156845523471,-0.012946156845524248,-0.01294615684552447
2015-02-28,50,0.054791363586893294,0.054791363586893294,0.043803017611038886,0.04380301761103911,-0.032585745055736415,-0.032585745055736415,0.0027888290657633874,0.0027888290657638315,-0.026459891374771782,-0.02645989137477156,-0.00272657182942726,-0.002726571829427038,0.10845506850402509,0.10845506850402464,0.08552902020973896,0.08552902020973963,0.08817019515486746,0.08817019515486679,0.07162683819153481,0.07162683819153481,0.021214358204795003,0.019614213772000122,0.04226963704378717,0.04127037143355339,0.11037822308876888,0.1103782230887691,0.07269220901350382,0.07269220901350382,0.10900043728106179,0.10900043728106157,0.0752756703260078,0.0752756703260078,0.09632289124083626,0.09142491990334234,0.06153385618225182,0.05873628179314205,0.04872382155530186,0.04872382155530253,0.03686016162083572,0.03686016162083616,-0.006532181975111184,-0.006532181975110962,0.00029013497333219007,0.0002901349733324121,0.04872382155530164,0.04872382155530275,0.03686016162083594,0.03686016162083572,0.048723821555301416,0.048723821555302305,0.036860161620836385,0.03686016162083683,0.04872382155530164,0.048723821555302305,0.036860161620835497,0.03686016162083594,0.05160989374697178,0.05160989374697178,0.07464661942380468,0.07464661942380468,-0.001807760234694089,-0.0018077602346943111,0.0026092559565347173,0.0026092559565344953,0.051609893746971336,0.051609893746971336,0.07464661942380446,0.07464661942380513,0.051609893746971114,0.051609893746971114,0.0746466194238049,0.07464661942380468,0.051609893746971336,0.05160989374697156,0.0746466194238049,0.07464661942380513,0.04380301761103822,0.04380301761103911,0.0890593173897416,0.08905931738974271,0.0008862093293238171,0.0008862093293238171,-0.0008060319789213732,-0.0008060319789212622,0.043803017611037776,0.043803017611038664,0.08905931738974204,0.08905931738974182,0.043803017611038664,0.043803017611038664,0.0890593173897416,0.08905931738974182,0.08905931738974182,0.08905931738974182,0.043803017611038886,0.041819918535084044,0.043803017611038664,0.04380301761103844,0.04380301761103844,0.04380301761103911,0.043803017611038886,0.04380301761103844
2015-02-28,10,0.0576192177321424,0.05761921773214351,0.047302647248075314,0.047302647248075536,-0.02740200292652717,-0.027402002926526947,0.0044470365760214126,0.004447036576022301,-0.023849868647261907,-0.02384986864726213,0.002083433461192552,0.00208343346119233,0.11439455637860796,0.11439455637860751,0.09076469598614878,0.09076469598614945,0.09112384468663093,0.09112384468662982,0.07507396568961022,0.07507396568961,0.0266863800036512,0.02391858004411551,0.0456212315076685,0.04394866651697882,0.1163280158946578,0.11632801589465824,0.07796804130023527,0.07796804130023571,0.11197362382004061,0.11197362382004128,0.07874294369178592,0.07874294369178658,0.09975314530596258,0.09601532569249582,0.0635255677352351,0.06141032899341159,0.053781980118027484,0.05378198011802726,0.04269342319568059,0.04269342319568081,-0.0025383415006391408,-0.0025383415006388077,0.00431140184759693,0.00431140184759693,0.05378198011802704,0.05378198011802682,0.04269342319568015,0.042693423195679925,0.053781980118027484,0.05378198011802726,0.04269342319568015,0.0426934231956797,0.053781980118027484,0.05378198011802726,0.04269342319568015,0.04269342319568037,0.05836996164591124,0.058369961645910795,0.08069246346686376,0.0806924634668631,0.0022050728899907224,0.0022050728899905003,0.00663984593022926,0.00663984593022926,0.058369961645910795,0.05836996164591102,0.08069246346686398,0.08069246346686354,0.05836996164591102,0.05836996164591057,0.08069246346686376,0.08069246346686398,0.058369961645910795,0.058369961645910795,0.08069246346686354,0.08069246346686376,0.0473026472480762,0.04730264724807598,0.09350574307307391,0.09350574307307347,0.0049098724824065965,0.004909872482406374,0.0032108281940277372,0.0032108281940277372,0.0473026472480762,0.04730264724807576,0.09350574307307347,0.09350574307307413,0.047302647248076424,0.047302647248076646,0.09350574307307347,0.09350574307307347,0.09350574307307347,0.09350574307307413,0.0473026472480762,0.04456516301217439,0.0473026472480762,0.04730264724807576,0.04730264724807598,0.047302647248075536,0.047302647248075314,0.0473026472480762
2015-03-31,50,-0.016237065619259528,-0.016237065619258972,0.00295010078018354,0.00295010078018354,-0.07901385735302546,-0.07901385735302557,-0.021955967233407425,-0.02195596723340698,-0.054848393908377036,-0.054848393908376925,-0.03620124310287265,-0.03620124310287243,0.04780462010439135,0.047804620104390905,0.01224810092140216,0.01224810092140216,0.07063853047599422,0.07063853047599444,0.06311446941004295,0.06311446941004228,0.05414715749157084,0.05414715749157106,0.047181120420275224,0.04718112042027589,0.04780462010439046,0.04780462010439157,0.01375928350904676,0.013759283509046094,0.08105159726018862,0.08105159726018885,0.11396889195627669,0.11396889195627669,-0.0039076472970897,-0.003907647297088812,-0.027909808751047982,-0.027909808751048426,-0.008604034382457826,-0.008604034382458048,-0.017525995523874904,-0.01752599552387557,-0.01668833952452009,-0.01668833952452009,-0.02073042492323196,-0.020730424923232293,-0.00860403438245727,-0.008604034382457937,-0.017525995523875015,-0.017525995523875126,-0.008604034382457937,-0.008604034382457382,-0.017525995523875237,-0.017525995523875015,-0.008604034382457604,-0.008604034382457937,-0.017525995523874793,-0.017525995523874904,0.003677874275051174,0.003677874275051396,-0.0031452573782212445,-0.0031452573782215776,-0.010421450247389497,-0.010421450247389386,-0.012384865660376887,-0.012384865660376998,0.003677874275051174,0.003677874275051618,-0.0031452573782214666,-0.0031452573782215776,0.003677874275050952,0.003677874275051396,-0.0031452573782220217,-0.0031452573782208004,0.003677874275051618,0.003677874275051174,-0.0031452573782215776,-0.0031452573782216886,0.00295010078018354,0.00295010078018354,0.001221933957111121,0.001221933957111343,-0.01042145024738872,-0.010421450247389497,-0.01256891878360622,-0.012568918783606109,0.002950100780183096,0.002950100780183096,0.0012219339571120091,0.001221933957111343,0.002950100780183096,0.00295010078018354,0.001221933957111343,0.001221933957111787,0.001221933957111121,0.001221933957111565,0.002950100780183762,0.00284148817544283,0.002950100780183762,0.002950100780183984,0.00295010078018354,0.00295010078018354,0.00295010078018354,0.002950100780183762
2015-03-31,10,-0.01096572157812925,-0.010965721578129473,0.006183918178233716,0.006183918178233938,-0.07407889320125982,-0.07407889320125971,-0.017238708316064888,-0.017238708316065,-0.047256776632453534,-0.047256776632453756,-0.030005651870535055,-0.030005651870534944,0.04809941360532077,0.048099413605320995,0.014006782227287351,0.014006782227286907,0.07373023921912303,0.07373023921912303,0.0649293596547118,0.06492935965471136,0.05979564468591314,0.05979564468591314,0.05225963837131964,0.05225963837131986,0.04809941360532055,0.048099413605320995,0.01547702714284438,0.015477027142844602,0.0842316859460841,0.08423168594608432,0.11420488293748643,0.11420488293748576,-0.0012285298031095016,-0.0012285298031089464,-0.02477382164151587,-0.024773821641515426,-0.0022313145972804316,-0.0022313145972814308,-0.010422318834846567,-0.010422318834845568,-0.012759022199942516,-0.012759022199942627,-0.01681725978806059,-0.016817259788061256,-0.0022313145972808757,-0.0022313145972806536,-0.010422318834846012,-0.010422318834846012,-0.0022313145972810977,-0.0022313145972805426,-0.010422318834845568,-0.010422318834846123,-0.0022313145972806536,-0.0022313145972805426,-0.010422318834846012,-0.010422318834846012,0.005324207447639395,0.005324207447638951,-0.0006890411890434489,-0.0006890411890433379,-0.006467090408218024,-0.006467090408218135,-0.008438351637042096,-0.008438351637041874,0.005324207447638951,0.005324207447638729,-0.0006890411890423387,-0.0006890411890423387,0.005324207447638729,0.005324207447639395,-0.0006890411890435599,-0.0006890411890433379,0.005324207447638951,0.005324207447639173,-0.0006890411890432269,-0.0006890411890427828,0.006183918178233272,0.006183918178233716,0.0021303095487472667,0.0021303095487466006,-0.0064670904082175795,-0.006467090408216802,-0.008623140237286164,-0.008623140237286497,0.006183918178233494,0.006183918178233494,0.002130309548747933,0.002130309548747711,0.006183918178233272,0.00618391817823416,0.002130309548747489,0.0021303095487466006,0.002130309548747489,0.0021303095487470447,0.006183918178233494,0.006780304096516421,0.006183918178233494,0.006183918178233716,0.006183918178233716,0.006183918178233938,0.006183918178233716,0.006183918178233494
2015-04-30,50,-0.059335942362004124,-0.059335942362004124,-0.055754418181018894,-0.055754418181019005,-0.0503400087633703,-0.050340008763370636,-0.06502616590552934,-0.0650261659055289,-0.037231452575208435,-0.03723145257520788,-0.044917572926773564,-0.04491757292677412,-0.05079226357780242,-0.050792263577801866,-0.05647090181693748,-0.05647090181693737,-0.012818719845480775,-0.012818719845480664,-0.024107510706622648,-0.024107510706622537,-0.005989952327669412,-0.005989952327669523,-0.033440629337423866,-0.033440629337423755,-0.050966152984781354,-0.05096615298478091,-0.04227748758230532,-0.04227748758230532,-0.04501707850457759,-0.04501707850457748,-0.028265654754601743,-0.028265654754602076,0.021651408471415667,0.02165140847141589,-0.004591654574163884,-0.004591654574164106,-0.04807093064486845,-0.04807093064486834,-0.006486321392202399,-0.006486321392202621,-0.04807093064486845,-0.04807093064486856,-0.006486321392203176,-0.006486321392202954,-0.04807093064486845,-0.04807093064486845,-0.006486321392202954,-0.006486321392202621,-0.04807093064486867,-0.048070930644868115,-0.006486321392202288,-0.006486321392202843,-0.04807093064486845,-0.04807093064486845,-0.006486321392202621,-0.006486321392201955,-0.07741104355274397,-0.07741104355274453,-0.05773851356964588,-0.057738513569645766,-0.07741104355274442,-0.07741104355274431,-0.05773851356964632,-0.05773851356964588,-0.07741104355274431,-0.07741104355274475,-0.05773851356964599,-0.057738513569645766,-0.07741104355274486,-0.0774110435527442,-0.057738513569645766,-0.057738513569645655,-0.07741104355274409,-0.07741104355274431,-0.05773851356964621,-0.0577385135696461,-0.05575441818101867,-0.055754418181018894,-0.042785751540654005,-0.04278575154065378,-0.05575441818101878,-0.05575441818101934,-0.042785751540654116,-0.042785751540654005,-0.05575441818101945,-0.055754418181018894,-0.04278575154065378,-0.04278575154065378,-0.055754418181018894,-0.05575441818101856,-0.042785751540654116,-0.04278575154065356,-0.04278575154065367,-0.042785751540654005,-0.05575441818101923,-0.05348000825941557,-0.055754418181018894,-0.05575441818101923,-0.055754418181019005,-0.055754418181019005,-0.055754418181018894,-0.05575441818101923
2015-04-30,10,-0.05429553709601764,-0.05429553709601842,-0.05271736608233013,-0.052717366082330686,-0.04271217937678451,-0.04271217937678451,-0.059015870034604734,-0.05901587003460507,-0.03207260376307064,-0.03207260376307153,-0.038778012910754556,-0.038778012910754556,-0.04821993564090066,-0.048219935640900546,-0.053417260606919204,-0.05341726060691876,-0.0075290591184965505,-0.0075290591184963285,-0.019400629019031612,-0.01940062901903228,-0.0006637006886817121,-0.0006637006886823782,-0.027227292041066664,-0.027227292041067552,-0.050840290450218206,-0.050840290450217984,-0.04215501548451828,-0.0421550154845175,-0.03989994778469075,-0.03989994778469075,-0.026580811594398623,-0.026580811594398512,0.024560508239854784,0.024560508239854117,0.0002432460450991769,0.00024324604509895487,-0.04042487563973196,-0.04042487563973207,0.0014937482154382398,0.001493748215439128,-0.04042487563973185,-0.04042487563973196,0.0014937482154382398,0.0014937482154384618,-0.04042487563973207,-0.04042487563973185,0.0014937482154386839,0.0014937482154384618,-0.04042487563973174,-0.04042487563973207,0.0014937482154384618,0.0014937482154380177,-0.04042487563973218,-0.04042487563973196,0.0014937482154386839,0.0014937482154380177,-0.07444364737916842,-0.07444364737916886,-0.053950637689671344,-0.053950637689670566,-0.07444364737916864,-0.0744436473791692,-0.0539506376896709,-0.053950637689670566,-0.07444364737916864,-0.07444364737916875,-0.05395063768967123,-0.053950637689671455,-0.07444364737916886,-0.07444364737916886,-0.053950637689671344,-0.053950637689671455,-0.07444364737916898,-0.07444364737916864,-0.053950637689671455,-0.05395063768967112,-0.05271736608233035,-0.05271736608232991,-0.04047591177962273,-0.040475911779622176,-0.0527173660823298,-0.052717366082330464,-0.04047591177962262,-0.0404759117796224,-0.05271736608233035,-0.05271736608232991,-0.04047591177962251,-0.04047591177962284,-0.05271736608233013,-0.05271736608233002,-0.04047591177962262,-0.04047591177962229,-0.04047591177962229,-0.0404759117796224,-0.05271736608233024,-0.05110177423626128,-0.05271736608233013,-0.05271736608232991,-0.052717366082330575,-0.052717366082330686,-0.05271736608233013,-0.052717366082330686
2015-05-31,50,0.03488630628457279,0.03488630628457279,0.010950264947200194,0.010950264947199972,-0.06033418491319775,-0.060334184913196864,0.026687642942158085,0.02668764294215875,0.03981390945673735,0.03981390945673691,0.04772680018118747,0.04772680018118769,0.08638069946490856,0.08638069946490856,0.08354990949417052,0.08354990949416963,0.1336862208283418,0.1336862208283418,0.08166858278622846,0.08166858278622868,0.08176147573890602,0.08176147573890624,0.09456665385277274,0.09456665385277341,0.17664645618243613,0.1766464561824368,0.1205364546919192,0.12053645469191876,0.12257349257329886,0.12257349257329908,0.08546482492267637,0.08546482492267682,0.10972059027955705,0.10972059027955616,0.041169669760307226,0.02869908870790372,0.011448048487916473,0.011448048487915585,0.01583568064690133,0.01583568064690155,0.019049287408923643,0.01904928740892342,0.020965343991038443,0.020965343991038443,0.011448048487915585,0.011448048487915585,0.01583568064690133,0.01583568064690133,0.011448048487915807,0.01144804848791603,0.01583568064690244,0.01583568064690155,0.011448048487915585,0.01144804848791603,0.015835680646901773,0.015835680646902217,0.02171304778960148,0.021713047789600814,0.03646211934033006,0.0364621193403305,0.016190196352672048,0.016190196352671826,0.012390002047587112,0.012390002047587334,0.021713047789600814,0.021713047789600592,0.036462119340329835,0.03646211934033028,0.021713047789600592,0.02171304778960126,0.0364621193403305,0.03646211934033006,0.021713047789600814,0.021713047789601037,0.0364621193403305,0.03646211934033028,0.010950264947199528,0.01095026494719975,0.017066212953885218,0.017066212953884552,0.014050581648047844,0.014050581648047844,0.011870196400973532,0.01187019640097331,0.01095026494719975,0.010950264947199528,0.017066212953885218,0.017066212953885218,0.010950264947199528,0.010950264947199528,0.01706621295388544,0.017066212953885218,0.01706621295388544,0.01706621295388544,0.010950264947199972,0.010950264947200194,0.010950264947199306,0.010950264947199528,0.010950264947199306,0.010950264947199972,0.010950264947200194,0.010950264947199306
2015-05-31,10,0.04048507414014124,0.040485074140141464,0.01750440988860169,0.017504409888601247,-0.05524793548813767,-0.055247935488137445,0.030108993896411196,0.030108993896410308,0.04558763908917296,0.045587639089172516,0.05287428420496343,0.05287428420496365,0.08654777336895836,0.08654777336895836,0.08711594314397497,0.08711594314397475,0.13391878135826119,0.13391878135826185,0.08343756100135069,0.08343756100135136,0.08474380902232892,0.08474380902232803,0.09633269687054802,0.09633269687054713,0.17674558090721826,0.1767455809072176,0.12245565111711687,0.12245565111711643,0.12560123402806078,0.125601234028061,0.08727045405014744,0.08727045405014744,0.11294613723270475,0.1129461372327043,0.04624856463535276,0.034314160178926745,0.01957216998240452,0.019572169982404297,0.023180575485461263,0.023180575485460597,0.02314596796132129,0.02314596796132129,0.02506972728346457,0.025069727283464793,0.01957216998240452,0.01957216998240452,0.02318057548546082,0.023180575485460597,0.019572169982404075,0.019572169982404297,0.02318057548546082,0.02318057548546082,0.01957216998240474,0.01957216998240452,0.02318057548546082,0.02318057548546082,0.028303295415053054,0.028303295415053276,0.043979896523225204,0.043979896523225204,0.020275383071677533,0.020275383071677755,0.01645991160355731,0.01645991160355731,0.028303295415053054,0.028303295415053276,0.04397989652322565,0.043979896523225204,0.028303295415053498,0.028303295415053054,0.043979896523225426,0.043979896523225426,0.028303295415053276,0.02830329541505372,0.04397989652322498,0.04397989652322476,0.017504409888601025,0.017504409888600803,0.02363708342589077,0.023637083425891214,0.018127166900904434,0.018127166900904434,0.015938016286002332,0.01593801628600211,0.017504409888601247,0.017504409888601025,0.02363708342589166,0.023637083425890992,0.017504409888601025,0.017504409888601025,0.023637083425890326,0.02363708342589077,0.023637083425890992,0.02363708342589166,0.01750440988860147,0.017504409888601247,0.017504409888601025,0.017504409888601025,0.017504409888601025,0.017504409888601247,0.01750440988860169,0.01750440988860147
2015-06-30,50,-0.0017782978583982256,-0.0017782978583980036,-0.01536867713758483,-0.01536867713758494,0.054865385489367924,0.054865385489368146,0.04184926709172743,0.041849267091727205,0.09503592541231498,0.09503592541231454,0.025957357684054383,0.02595735768405394,-0.034575504344892094,-0.034575504344892094,-0.016877399077979027,-0.016877399077979027,0.053505482929333104,0.05350548292933355,0.01335021502153766,0.013350215021537215,-0.02412272858608433,-0.024122728586084108,-0.006454388215950235,-0.006454388215949236,-0.0512534318711807,-0.0512534318711807,-0.051307711791844346,-0.051307711791845456,0.03895537623645984,0.03895537623645984,0.03357405673895997,0.03357405673895997,0.08006698378574129,0.08006698378574173,0.04894288896727694,0.05112788301487292,-0.014673458107570148,-0.014673458107569703,-0.0198776405089921,-0.019877640508992322,-0.020123083774088113,-0.020123083774088335,-0.017203590395034052,-0.01720359039503394,-0.014673458107570148,-0.014673458107569926,-0.019877640508991656,-0.019877640508992545,-0.014673458107570037,-0.014673458107570259,-0.019877640508992767,-0.0198776405089921,-0.014673458107569926,-0.014673458107569815,-0.019877640508992434,-0.019877640508992322,-0.011056071228916609,-0.011056071228916386,-0.026983528052550443,-0.02698352805255,-0.015519676856837639,-0.015519676856838083,-0.027710019959581444,-0.02771001995958211,-0.01105607122891683,-0.01105607122891683,-0.02698352805255011,-0.02698352805255022,-0.011056071228916609,-0.01105607122891672,-0.026983528052550998,-0.026983528052550332,-0.011056071228917053,-0.011056071228916053,-0.026983528052550665,-0.02698352805255011,-0.015368677137585274,-0.015368677137585163,-0.01275236909082511,-0.012752369090824889,-0.018030949948052655,-0.01803094994805321,-0.014651506809232995,-0.01465150680923244,-0.01536867713758494,-0.015368677137585052,-0.012752369090825444,-0.012752369090825222,-0.015368677137584719,-0.015368677137584608,-0.012752369090825333,-0.012752369090824889,-0.012752369090824889,-0.012752369090825444,-0.01536867713758483,-0.01536867713758494,-0.015368677137585163,-0.015368677137585718,-0.01536867713758483,-0.01536867713758494,-0.01536867713758483,-0.015368677137585052
2015-06-30,10,-0.0015648991074721508,-0.0015648991074727059,-0.012191311235616231,-0.012191311235615343,0.06333824236507013,0.06333824236507013,0.04526759160262084,0.04526759160262128,0.10383143884691748,0.10383143884691903,0.030905710040602496,0.030905710040602052,-0.029402424038165953,-0.029402424038166175,-0.0136311859053444,-0.0136311859053444,0.05632988967913355,0.05632988967913288,0.01676182414276739,0.01676182414276739,-0.016284317578688645,-0.016284317578688534,-0.0016623627651974893,-0.001662362765196601,-0.04870201509862271,-0.04870201509862315,-0.046732020916553596,-0.046732020916553596,0.039321579469236534,0.03932157946923587,0.03562251274226047,0.03562251274226069,0.08296260087428098,0.08296260087428076,0.05242446125440314,0.05399215016065373,-0.008339479732674349,-0.00833947973267346,-0.012790967145838605,-0.012790967145838383,-0.016207491701257015,-0.016207491701257903,-0.013276332014993342,-0.013276332014994119,-0.00833947973267457,-0.008339479732673905,-0.01279096714583805,-0.012790967145838716,-0.008339479732673238,-0.008339479732673905,-0.012790967145838161,-0.012790967145838383,-0.008339479732674127,-0.008339479732673682,-0.01279096714583805,-0.01279096714583794,-0.006263348812899583,-0.006263348812900027,-0.023014162113005,-0.023014162113004666,-0.011585689551570355,-0.011585689551570688,-0.023824745314065532,-0.023824745314065532,-0.006263348812899583,-0.00626334881289925,-0.023014162113005,-0.02301416211300511,-0.006263348812899472,-0.006263348812898917,-0.023014162113005,-0.023014162113004888,-0.00626334881289925,-0.006263348812899694,-0.023014162113004888,-0.023014162113005,-0.012191311235616453,-0.012191311235616453,-0.0071825157630376335,-0.007182515763038078,-0.014106997700093382,-0.014106997700093937,-0.010714050292985666,-0.010714050292985888,-0.012191311235616231,-0.012191311235615787,-0.007182515763038522,-0.0071825157630378555,-0.01219131123561601,-0.01219131123561601,-0.0071825157630375225,-0.0071825157630374115,-0.007182515763038078,-0.007182515763038189,-0.012191311235616786,-0.01219131123561601,-0.012191311235615898,-0.012191311235616231,-0.01219131123561601,-0.012191311235615343,-0.012191311235616231,-0.01219131123561601
2015-07-31,50,0.13967347229272087,0.1396734722927213,0.10270326945977959,0.10270326945977937,0.06417825307211644,0.064178253072116,0.053277235243475385,0.05327723524347561,0.023513552830278117,0.03083186320594522,-0.04994945444356813,-0.04550833241772645,0.09426499313544356,0.09426499313544334,0.06819485258381919,0.06819485258381985,0.08818990693691542,0.08818990693691497,0.058326476766815016,0.05832647676681457,0.14446586207505674,0.1444658620750563,0.08519225931007535,0.08519225931007579,-0.015718269469799928,-0.01571826946980004,0.041910942708553556,0.041910942708553556,-0.05774462675024561,-0.05774462675024672,-0.055923832864157585,-0.055923832864157474,-0.05040442006358725,-0.05040442006358781,-0.10467194668068214,-0.10022530793808848,0.05599339412988469,0.05599339412988469,0.06547472707598523,0.06547472707598523,-0.006076963160626447,-0.006076963160626669,-0.003894542224891162,-0.003894542224891051,-0.006076963160626558,-0.006076963160626336,-0.003894542224891162,-0.003894542224891162,0.05599339412988469,0.05599339412988469,0.065474727075985,0.065474727075985,0.05599339412988402,0.05599339412988402,0.06547472707598456,0.06547472707598523,0.013811235071558459,0.01309291425908321,0.01924762135415503,0.01888772148367579,-0.0009071048848330321,-0.0009071048848332541,-0.0017948215114380606,-0.0017948215114381716,-0.0009071048848333652,-0.0009071048848334762,-0.0017948215114380606,-0.0017948215114381716,0.013811235071558015,0.013092914259083654,0.019247621354155253,0.01888772148367579,0.01381123507155868,0.013092914259083654,0.019247621354155253,0.018887721483675568,0.10270326945977959,0.10270326945977959,0.03824819842246341,0.03824819842246363,0.005357537285400671,0.005357537285400449,-0.004440299193138375,-0.004440299193138375,0.005357537285400449,0.005357537285400449,-0.004440299193138264,-0.004440299193138375,0.10270326945977959,0.10270326945977959,0.03824819842246385,0.03824819842246474,0.03824819842246385,0.03824819842246385,0.10270326945977892,0.10270326945977892,0.10270326945977937,0.10270326945977915,0.10270326945977937,0.10270326945977937,0.10270326945977959,0.10270326945977892
2015-07-31,10,0.14578023923529204,0.14578023923529293,0.10979178110107712,0.10979178110107801,0.06703127309875012,0.06703127309875079,0.0566653371380037,0.05666533713800437,0.03173458649273808,0.04003831553669657,-0.04384224089073396,-0.038811134497849675,0.09726689805990762,0.09726689805990696,0.07169152669418799,0.07169152669418843,0.08840807540509821,0.08840807540509799,0.06180073273970366,0.061800732739703435,0.15059830830929255,0.15059830830929277,0.08875096756231082,0.08875096756231016,-0.013029700337320094,-0.013029700337320205,0.043643110175734856,0.043643110175734634,-0.05510386104445797,-0.05510386104445819,-0.05128605178300305,-0.05128605178300283,-0.04762594098793316,-0.04762594098793271,-0.10168993289951178,-0.09666808129507132,0.06447531136143536,0.06447531136143625,0.07146897105841776,0.07146897105841798,-0.002081292660769618,-0.002081292660769507,0.00010990182646586355,0.0001099018264660856,-0.002081292660769618,-0.00208129266076984,0.00010990182646586355,0.00010990182646630764,0.06447531136143647,0.06447531136143603,0.07146897105841798,0.07146897105841754,0.06447531136143625,0.0644753113614358,0.07146897105841732,0.07146897105841732,0.020328321708478425,0.020183734029098455,0.02338511552382072,0.023312843357016444,0.003109348964875913,0.003109348964875913,0.0022180636282143062,0.0022180636282145283,0.003109348964876135,0.003109348964875691,0.0022180636282145283,0.0022180636282143062,0.02032832170847887,0.02018373402909912,0.023385115523819833,0.023312843357015778,0.020328321708478203,0.02018373402909912,0.023385115523820055,0.023312843357016,0.10979178110107846,0.1097917811010789,0.0441162953044123,0.04411629530441208,0.00939917562624637,0.00939917562624637,-0.0004380491396431818,-0.0004380491396435149,0.00939917562624637,0.00939917562624637,-0.00043804913964329284,-0.00043804913964340386,0.10979178110107779,0.10979178110107779,0.04411629530441252,0.04411629530441208,0.04411629530441252,0.04411629530441297,0.10979178110107801,0.10979178110107801,0.10979178110107779,0.10979178110107779,0.10979178110107846,0.10979178110107801,0.10979178110107712,0.10979178110107757
2015-08-31,50,-0.078453715172216,-0.10315765215132011,-0.06635963017626956,-0.0812220301443396,-0.1027637555334483,-0.12684217194452718,-0.1013957531703864,-0.1160102256731258,-0.1191168589017143,-0.14826256825415085,-0.13152357366425727,-0.16177020491110516,-0.08817762997041412,-0.11254936348285571,-0.0806683515467016,-0.09535830581770155,-0.08194402400337752,-0.10631575751581823,-0.08074182312596423,-0.09543177739696385,-0.1064819016068117,-0.1547111958659816,-0.10122689331859347,-0.1300819561643105,-0.11119364383450436,-0.13570082037753284,-0.07172472808225083,-0.08664396635936356,-0.14676491750887932,-0.17067285369807572,-0.10986870027411377,-0.12435334394130093,-0.2088933441162143,-0.20614288307906958,-0.20059911556379195,-0.19611044225504193,-0.05728249303024335,-0.05728249303024291,-0.08395496240277323,-0.09137162277273958,-0.04262946059191819,-0.04262946059191719,-0.07768340655332395,-0.0851508439023877,-0.04262946059191741,-0.04262946059191797,-0.07768340655332395,-0.0851508439023877,-0.05728249303024313,-0.05728249303024313,-0.08395496240277311,-0.09137162277273936,-0.05728249303024302,-0.05728249303024313,-0.08395496240277378,-0.09137162277273947,-0.09209551604362509,-0.10529224713960095,-0.08865133586466278,-0.0952580784764897,-0.08250297809146723,-0.09743785278959516,-0.08072484336524532,-0.08819228071430874,-0.08250297809146756,-0.09743785278959516,-0.08072484336524455,-0.08819228071430907,-0.09209551604362443,-0.10529224713960061,-0.088651335864663,-0.09525807847648982,-0.09209551604362476,-0.10529224713960117,-0.08865133586466278,-0.0952580784764896,-0.066359630176269,-0.08122203014433982,-0.06939970687260777,-0.07682966810389225,-0.061806843686963764,-0.07674171838509147,-0.0647058349794647,-0.0721732723285281,-0.06180684368696354,-0.07674171838509147,-0.06470583497946425,-0.07217327232852777,-0.06635963017626934,-0.08122203014433971,-0.06939970687260766,-0.07682966810389225,-0.06939970687260821,-0.07682966810389269,-0.14354343956307003,-0.12180640732512749,-0.13805910242249175,-0.08122203014433993,-0.06635963017626922,-0.0812220301443396,-0.06635963017626956,-0.06635963017626911
2015-08-31,10,-0.07598359384757358,-0.09973141214071912,-0.06335636702772451,-0.07765118813405447,-0.10035830046358973,-0.12350482049280898,-0.09706164473098655,-0.11114051464156915,-0.11675524585857755,-0.1446677965378318,-0.12733477640218982,-0.1563747101799332,-0.08573307007180919,-0.10916155507935876,-0.07623427161638019,-0.09038585698047974,-0.07948275205243416,-0.10291123705998462,-0.07630809756053047,-0.09045968292462925,-0.10636127134814055,-0.15255172527996397,-0.09833578852338232,-0.1260561878848402,-0.10861496472316157,-0.13217882740473708,-0.06986692696080088,-0.08419903167087062,-0.14441898858593716,-0.16740319631790535,-0.10696019672477575,-0.12089239274513552,-0.206405762583878,-0.20164091107856763,-0.19659262204768202,-0.19072621482422303,-0.04971042684943039,-0.049710426849430944,-0.07880139346799131,-0.08595195016712254,-0.03880380409078665,-0.038803804090786875,-0.0739978257603302,-0.08118566886329315,-0.03880380409078743,-0.03880380409078621,-0.0739978257603302,-0.08118566886329281,-0.04971042684943039,-0.049710426849431055,-0.07880139346799142,-0.08595195016712287,-0.04971042684943061,-0.04971042684943061,-0.07880139346799164,-0.08595195016712276,-0.087716551109988,-0.10087295575462452,-0.08352418821200691,-0.09011768177925994,-0.07883665632559933,-0.09321234253152433,-0.0770514161659045,-0.08423925926886777,-0.07883665632559922,-0.09321234253152377,-0.07705141616590505,-0.08423925926886744,-0.0877165511099881,-0.1008729557546244,-0.08352418821200702,-0.09011768177926005,-0.08771655110998722,-0.1008729557546244,-0.08352418821200713,-0.0901176817792595,-0.06335636702772329,-0.07765118813405414,-0.0656586001665681,-0.07281054197158354,-0.058057820085313794,-0.0724335062912389,-0.06096839575860247,-0.06815623886156563,-0.05805782008531346,-0.07243350629123868,-0.060968395758603244,-0.06815623886156552,-0.06335636702772462,-0.07765118813405447,-0.06565860016656844,-0.07281054197158388,-0.06565860016656833,-0.07281054197158388,-0.13733433864486166,-0.11621811173241159,-0.13181024139927855,-0.07765118813405436,-0.06335636702772396,-0.07765118813405447,-0.06335636702772451,-0.06335636702772462
2015-09-30,50,-0.06670842390297027,-0.047555419215745465,-0.055457969223120074,-0.044028240035904,-0.06261466253528025,-0.04332736149110694,-0.053955820304893876,-0.0422496244574152,-0.04260495667437891,-0.03362138770772838,-0.042360309774378546,-0.029258820469706848,-0.0664122590325753,-0.04730871208742615,-0.048019702883442816,-0.036425272054195434,-0.06201081046987844,-0.04292048189899211,-0.05300358744541478,-0.04148915188170477,-0.06629791319729705,-0.033815448898077305,-0.05286747808522174,-0.03353830226321863,-0.05545976930535024,-0.03542494024718623,-0.04748767562839806,-0.035815935191016335,-0.05022276377813084,-0.029702651908028344,-0.050845071027192934,-0.039080865951200194,-0.031417168743334334,-0.01616035634699775,-0.030325106704698568,-0.01593233691714724,0.0016762656029740697,0.0016762656029745138,-0.006038495440329528,6.62795138912653e-05,-0.040756887622869775,-0.040756887622869886,-0.038704293569853276,-0.03280014745826476,-0.04075688762287,-0.040756887622869664,-0.038704293569853276,-0.03280014745826476,-0.040756887622869775,-0.040756887622869664,-0.038704293569853165,-0.03280014745826476,-0.04075688762287,-0.040756887622869775,-0.038704293569853276,-0.03280014745826476,0.006449394868140779,0.018947553468777967,-0.005078436681696719,0.001048679105736472,-0.04635897875444217,-0.034516598211144056,-0.04057767678973445,-0.034669179195461974,-0.04635897875444239,-0.03451659821114372,-0.04057767678973456,-0.034669179195461974,-0.04635897875444239,-0.034516598211143834,-0.04057767678973445,-0.034669179195462196,-0.04635897875444206,-0.034516598211143834,-0.04057767678973456,-0.03466917919546175,-0.028616879841584564,-0.016862351574259193,0.005134540927583142,0.011208968428838118,-0.055457969223120185,-0.04402824003590389,-0.044725723564829845,-0.03895262145785838,-0.055457969223120185,-0.04402824003590389,-0.044725723564829845,-0.038952621457858605,-0.05545796922311996,-0.044028240035903776,-0.044725723564829845,-0.038952621457858716,-0.044725723564829845,-0.038952621457858494,0.0,-0.007262632744761355,0.0,-0.044028240035904,-0.055457969223120074,-0.044028240035904,-0.055457969223120074,-0.055457969223120185
2015-09-30,10,-0.0629564979689119,-0.04481243021044812,-0.05166081533054967,-0.04082552176520515,-0.05884627926909047,-0.04057341357086175,-0.05015262762270267,-0.03905506248253854,-0.038756132379602404,-0.03208708993910536,-0.038510501974476696,-0.02748736812938224,-0.06265914248597282,-0.044561750133950806,-0.044192646412622216,-0.03319956057491358,-0.058239999657697106,-0.04015328700251086,-0.049196566691426136,-0.03828044481971804,-0.06254433696894446,-0.03227259097557866,-0.049059910157926434,-0.031015912700062986,-0.051662622649291334,-0.0326792982534454,-0.043658480354541895,-0.03259201849428406,-0.04640456383352043,-0.026959700846441503,-0.04702937282026709,-0.035876102601846704,-0.027523368416674465,-0.01468688897500059,-0.026426916178888593,-0.014214818533430096,0.008115344969283012,0.008115344969283456,0.0003509910980810105,0.006156046540637616,-0.03690063390477083,-0.03690063390477083,-0.03483978821737033,-0.029238945522949367,-0.03690063390477094,-0.03690063390477072,-0.034839788217370105,-0.0292389455229497,-0.03690063390477072,-0.03690063390477094,-0.03483978821737033,-0.029238945522949478,-0.03690063390477083,-0.03690063390477083,-0.034839788217370105,-0.02923894552294959,0.011303657277333956,0.023163326672230422,0.0005188829377746895,0.006340313413801368,-0.04252524600571639,-0.03129683408945472,-0.036720702626075186,-0.031115947379286024,-0.04252524600571639,-0.03129683408945494,-0.036720702626075186,-0.031115947379286024,-0.0425252460057165,-0.03129683408945472,-0.036720702626075186,-0.031115947379286135,-0.04252524600571661,-0.031296834089454606,-0.036720702626075186,-0.031115947379286024,-0.02393174754466676,-0.01277963422262507,0.009175282800659268,0.014936991519450382,-0.05166081533054989,-0.04082552176520504,-0.040885424966095374,-0.03540952905041661,-0.05166081533054978,-0.040825521765205375,-0.040885424966095485,-0.03540952905041672,-0.05166081533054978,-0.04082552176520515,-0.040885424966095485,-0.0354095290504165,-0.040885424966095596,-0.03540952905041672,0.0,-0.006388276384660885,0.0,-0.04082552176520515,-0.05166081533054967,-0.04082552176520515,-0.05166081533054967,-0.05166081533054978
2015-10-31,50,0.0,0.0,0.0,0.0,0.0,0.0,0.0,0.0,0.0,0.0,0.0,0.0,0.0,0.0,0.0,0.0,0.0,0.0,0.0,0.0,0.0,0.0,0.0,0.0,0.0,0.0,0.0,0.0,0.0,0.0,0.0,0.0,0.0,0.0,0.0,0.0,0.0831762959924065,0.08317629599240695,0.08490316398069142,0.08490316398069164,0.0,0.0,0.0,0.0,0.0,0.0,0.0,0.0,0.0,0.0,0.0,0.0,0.0,0.0,0.0,0.0,0.07293412623558426,0.07293412623558426,0.08262693538430455,0.08262693538430366,0.0,0.0,0.0,0.0,0.0,0.0,0.0,0.0,0.0,0.0,0.0,0.0,0.0,0.0,0.0,0.0,0.11736494663321095,0.11736494663321073,0.1145857371073018,0.11458573710730158,0.0,0.0,0.0,0.0,0.0,0.0,0.0,0.0,0.0,0.0,0.0,0.0,0.0,0.0,0.0,0.0,0.0,0.0,0.0,0.0,0.0,0.0
2015-10-31,10,0.0,0.0,0.0,0.0,0.0,0.0,0.0,0.0,0.0,0.0,0.0,0.0,0.0,0.0,0.0,0.0,0.0,0.0,0.0,0.0,0.0,0.0,0.0,0.0,0.0,0.0,0.0,0.0,0.0,0.0,0.0,0.0,0.0,0.0,0.0,0.0,0.08840062421295758,0.08840062421295714,0.09100671021877149,0.09100671021877149,0.0,0.0,0.0,0.0,0.0,0.0,0.0,0.0,0.0,0.0,0.0,0.0,0.0,0.0,0.0,0.0,0.07810905487390873,0.0781090548739094,0.08786677440299662,0.08786677440299684,0.0,0.0,0.0,0.0,0.0,0.0,0.0,0.0,0.0,0.0,0.0,0.0,0.0,0.0,0.0,0.0,0.12100419072698809,0.12100419072698676,0.11738650765087377,0.11738650765087355,0.0,0.0,0.0,0.0,0.0,0.0,0.0,0.0,0.0,0.0,0.0,0.0,0.0,0.0,0.0,0.0,0.0,0.0,0.0,0.0,0.0,0.0
2015-11-30,50,0.06981189339137961,0.06981189339138028,0.0218262384201382,0.021826238420137756,0.053686787689542825,0.053686787689542825,0.020703438793703288,0.0207034387937024,0.035385405714827955,0.0353854057148284,0.03265491208324556,0.032654912083246224,0.0922575744105556,0.09225757441055626,0.03967212630317696,0.039672126303177846,0.09225757441055649,0.09225757441055604,0.03967212630317829,0.03967212630317851,0.028726078663856125,0.028726078663856125,0.05113763812107197,0.05113763812107175,0.04997349391499828,0.04997349391499717,0.034142752980530267,0.034142752980530267,0.01311181677318829,0.013111816773187845,0.005782007897479735,0.005782007897479513,-0.007106449003462467,-0.007106449003462245,-0.029076847522306437,-0.029076847522306437,0.0017751943166526285,0.0017751943166528505,-0.009266650744937932,-0.009266650744938487,-0.0017479066714536362,-0.001747906671453081,-0.00823009268180075,-0.008230092681800527,-0.0017479066714535252,-0.0017479066714534142,-0.008230092681800416,-0.008230092681800527,-0.0017479066714537472,-0.0017479066714534142,-0.008230092681800305,-0.008230092681800527,-0.0017479066714531921,-0.0017479066714533031,-0.008230092681800305,-0.008230092681800527,0.04408114699013277,0.04408114699013388,0.010189946657774396,0.010189946657774618,0.033952115397463345,0.03395211539746401,0.003642903044923429,0.003642903044923207,0.03395211539746357,0.033952115397463345,0.003642903044923429,0.003642903044924095,0.033952115397463345,0.03395211539746379,0.003642903044923651,0.003642903044923429,0.033952115397463345,0.033952115397463345,0.003642903044922985,0.003642903044923207,0.03436259366739991,0.034362593667399466,0.013328722908476198,0.013328722908476864,0.021826238420137756,0.0218262384201382,0.0072134137096113715,0.007213413709612038,0.021826238420137756,0.021826238420137534,0.0072134137096115936,0.0072134137096115936,0.021826238420137756,0.021826238420137534,0.007213413709611816,0.007213413709611816,0.007213413709611816,0.0072134137096115936,0.021826238420137756,0.031059348220612737,0.021826238420137756,0.02056091650430436,0.02182623842013731,0.021826238420137756,0.0218262384201382,0.0218262384201382
2015-11-30,10,0.0740868659923446,0.07408686599234415,0.025909460152086172,0.025909460152086172,0.05789732430368688,0.05789732430368688,0.0247821738138565,0.024782173813856723,0.039522809933468794,0.03952280993346835,0.03678140523842366,0.03678140523842388,0.0966222400425667,0.09662224004256625,0.04382666027441995,0.043826660274419726,0.09662224004256603,0.0966222400425667,0.04382666027442017,0.04382666027442017,0.03283687218499032,0.03283687218499032,0.05533798832335446,0.05533798832335424,0.05416919219237992,0.05416919219237992,0.03827519155387882,0.038275191553878596,0.01716021564141257,0.01716021564141279,0.00980111682014706,0.009801116820147282,-0.0031388424060733167,-0.0031388424060734277,-0.025197034725192635,-0.025197034725192746,0.0098216218133107,0.0098216218133107,-0.0021032557176066113,-0.002103255717605945,0.0022411126825061523,0.0022411126825061523,-0.004266976169041037,-0.0042669761690394825,0.0022411126825068184,0.0022411126825063743,-0.004266976169040149,-0.00426697616904026,0.0022411126825063743,0.0022411126825068184,-0.004266976169040371,-0.004266976169039927,0.0022411126825065963,0.0022411126825063743,-0.004266976169040593,-0.004266976169040593,0.04911691320930367,0.04911691320930367,0.015873164527694605,0.01587316452769416,0.03808379218226854,0.03808379218226854,0.007653464096051721,0.007653464096051943,0.03808379218226876,0.03808379218226854,0.007653464096051943,0.007653464096052387,0.03808379218226854,0.03808379218226876,0.007653464096051721,0.007653464096051943,0.03808379218226876,0.03808379218226876,0.007653464096052165,0.007653464096052165,0.039350493810702325,0.039350493810702325,0.017417253654410603,0.017417253654410603,0.025909460152086172,0.025909460152086172,0.011238242535623666,0.01123824253562411,0.02590946015208684,0.025909460152086616,0.01123824253562411,0.01123824253562411,0.02590946015208595,0.02590946015208595,0.011238242535624332,0.011238242535623888,0.01123824253562411,0.01123824253562411,0.025909460152086172,0.035900417946669094,0.025909460152086172,0.025317661054300222,0.025909460152086616,0.025909460152086172,0.025909460152086172,0.025909460152086394
2015-12-31,50,0.02064931160096317,0.020649311600963394,0.019110101902983123,0.019110101902983123,0.03601677236773204,0.03601677236773182,0.015028671851389008,0.015028671851388786,0.025143342554414527,0.025143342554416304,0.00021686126542652673,0.0002168612654258606,0.018951091237920936,0.018951091237921824,-0.0018780311683005424,-0.0018780311683012085,0.01895109123792138,0.018951091237921824,-0.0018780311683009865,-0.0018780311683013196,-0.12484828770863365,-0.09446531407907788,-0.06101949859402811,-0.04287805744062967,-0.011368901793695652,-0.011368901793696096,-0.01997965625283815,-0.019979656252837708,-0.026315527218317203,-0.026315527218316426,-0.029409025193622207,-0.029409025193622207,-0.1666765875595444,-0.13676145547254104,-0.13830851842355685,-0.12931437101238974,0.006190057778081126,0.006190057778080904,0.007638783810322236,0.007638783810322902,0.006190057778081792,0.006190057778081348,0.007638783810323124,0.007638783810323124,0.006190057778081348,0.00619005777808157,0.007638783810323568,0.007638783810323568,0.006190057778080904,0.006190057778081126,0.007638783810322902,0.00763878381032268,0.006190057778080904,0.006190057778080904,0.007638783810323124,0.00763878381032268,0.023006519979606566,0.023006519979606788,0.0189820295110239,0.01898202951102368,0.02300651997960723,0.023006519979606566,0.01898202951102368,0.018982029511024345,0.023006519979606788,0.023006519979606788,0.0189820295110239,0.018982029511024123,0.023006519979606566,0.02300651997960701,0.01898202951102479,0.018982029511024567,0.023006519979606344,0.023006519979606566,0.018982029511024123,0.0189820295110239,0.019110101902982457,0.019110101902983345,-0.004669822740982821,-0.004669822740982599,0.019110101902983345,0.0191101019029829,-0.004669822740982488,-0.004669822740983376,0.0191101019029829,0.019110101902983123,-0.004669822740982932,-0.004669822740982821,0.0191101019029829,0.019110101902983345,-0.00466982274098271,-0.00466982274098271,-0.00466982274098271,-0.004669822740982821,0.019110101902983123,0.015352463585161624,0.019110101902983123,0.015516883950609461,0.01911010190298268,0.019110101902983123,0.019110101902983123,0.019110101902982457
2015-12-31,10,0.02338563224814938,0.0233856322481496,0.020768383734903972,0.02076838373490353,0.03879429257260458,0.03879429257260569,0.018316649393960827,0.01831664939396105,0.03063641721826027,0.03063641721826116,0.006646559137254648,0.006646559137254204,0.021768684616896516,0.02176868461689696,0.0013326514710023663,0.0013326514710025883,0.021768684616896516,0.021768684616896516,0.0013326514710025883,0.0013326514710023663,-0.12216694987126464,-0.09061054943139701,-0.05925298525877665,-0.04043311348625345,-0.008718420716871456,-0.008718420716871567,-0.019718171936387585,-0.019718171936387474,-0.021098187080604736,-0.021098187080604736,-0.027699013907453995,-0.02769901390745455,-0.16422339139128728,-0.13315661768212173,-0.13541109427700293,-0.12512959457387973,0.014271946203449959,0.014271946203449293,0.014116192055211085,0.014116192055211751,0.014271946203449737,0.014271946203449293,0.014116192055211085,0.01411619205521153,0.014271946203449293,0.014271946203449737,0.014116192055211085,0.014116192055211307,0.014271946203449515,0.014271946203449515,0.014116192055210863,0.014116192055211085,0.014271946203449293,0.014271946203449737,0.014116192055210641,0.014116192055211751,0.026317369103005195,0.026317369103005417,0.023078439679912632,0.023078439679912632,0.02631736910300564,0.026317369103005417,0.023078439679912854,0.023078439679913076,0.02631736910300475,0.02631736910300586,0.02307843967991241,0.023078439679912632,0.02631736910300564,0.026317369103006527,0.023078439679913076,0.02307843967991241,0.026317369103006083,0.026317369103005417,0.023078439679912188,0.0230784396799133,0.020768383734903972,0.020768383734903972,-0.0022678728289590167,-0.0022678728289593497,0.020768383734904194,0.02076838373490353,-0.0022678728289591277,-0.0022678728289587946,0.020768383734904416,0.020768383734904194,-0.0022678728289591277,-0.002267872828959794,0.020768383734904194,0.02076838373490375,-0.0022678728289591277,-0.0022678728289593497,-0.002267872828959905,-0.0022678728289594607,0.020768383734903972,0.016305356872873933,0.020768383734904194,0.01648841779734389,0.020768383734904416,0.02076838373490353,0.020768383734903972,0.020768383734904416
2016-01-31,50,-0.135826358232358,-0.135826358232358,-0.11333530144033122,-0.11333530144033055,-0.0899714489585508,-0.09124436904591382,-0.07826029694077874,-0.07901639695129081,-0.12943227750261366,-0.13069966049776227,-0.09614449438407591,-0.0969048564003474,-0.11508274445172961,-0.11508274445172983,-0.0826662998229365,-0.0826662998229366,-0.11508274445172972,-0.11508274445173028,-0.0771775955393893,-0.0771775955393893,-0.1251013277222348,-0.11273822108820042,-0.09719432450888199,-0.09016666225866488,-0.14975880537534914,-0.14975880537534925,-0.11449998564336561,-0.11449998564336517,-0.17740213770778057,-0.2054884303771234,-0.15366905509825335,-0.17060837095739267,-0.15616688624224295,-0.17545930835654122,-0.14638529768655306,-0.1535744042190651,-0.1321640607153618,-0.13293483897122094,-0.11084679329393288,-0.11123008322174799,-0.021624270012834623,-0.0216242700128344,-0.02792358203752454,-0.027923582037524652,-0.13216406071536124,-0.13293483897122138,-0.11084679329393321,-0.11123008322174777,-0.13216406071536124,-0.13293483897122094,-0.11084679329393299,-0.1112300832217481,-0.1321640607153617,-0.13293483897122116,-0.11084679329393277,-0.1112300832217481,-0.08485042112790797,-0.08485042112790808,-0.09541530957562416,-0.09579805847384593,-0.03215221150649816,-0.032152211506498274,-0.028326941368004177,-0.028326941368004066,-0.08485042112790786,-0.08485042112790797,-0.09541530957562416,-0.09579805847384548,-0.08485042112790753,-0.08485042112790742,-0.09541530957562416,-0.09579805847384526,-0.08485042112790786,-0.08485042112790775,-0.09541530957562416,-0.09579805847384493,-0.11333530144033077,-0.11333530144033088,-0.09549825698022085,-0.09549825698022085,-0.030673212003009986,-0.030673212003010097,-0.027897101980405847,-0.027897101980405514,-0.11333530144033,-0.11333530144033066,-0.09549825698022163,-0.09549825698022141,-0.11333530144033066,-0.11333530144033088,-0.09549825698022141,-0.0954982569802213,-0.09549825698022107,-0.09549825698022163,-0.13372980946454072,-0.1298686804342628,-0.11333530144033077,-0.1201468803826432,-0.11333530144033066,-0.11333530144033055,-0.11333530144033122,-0.11333530144033077
2016-01-31,10,-0.1311958152246555,-0.13119581522465518,-0.10901822128413685,-0.10901822128413641,-0.08266194599083432,-0.08291857487011711,-0.07233507408496576,-0.07248726617518542,-0.12476747278594214,-0.12502230760077038,-0.09033423658303619,-0.09048728655390192,-0.11501122145241038,-0.11501122145241072,-0.08117647525040816,-0.08117647525040761,-0.1150112214524106,-0.1150112214524106,-0.07567885686448905,-0.07567885686448872,-0.120413316269957,-0.10904366230432117,-0.09429024805382002,-0.08785285224277017,-0.14736791007193595,-0.14736791007193595,-0.11158883185871526,-0.11158883185871526,-0.1750889760096801,-0.20229518368659083,-0.15088667283583523,-0.16730297600698474,-0.15579123895091795,-0.17327780090454503,-0.14474463603677645,-0.15147784240620488,-0.126585347630226,-0.1267404942407595,-0.10584451485098456,-0.10592160410596851,-0.01769110124906692,-0.01769110124906692,-0.024015737141192983,-0.024015737141192872,-0.12658534763022622,-0.1267404942407594,-0.10584451485098478,-0.10592160410596851,-0.12658534763022633,-0.12674049424075984,-0.10584451485098445,-0.10592160410596885,-0.12658534763022622,-0.1267404942407594,-0.10584451485098512,-0.10592160410596874,-0.078967561592593,-0.07896756159259233,-0.08960141166181435,-0.08967845343807201,-0.02826136612561969,-0.02826136612561947,-0.024420718016719856,-0.024420718016719967,-0.07896756159259222,-0.078967561592593,-0.08960141166181423,-0.08967845343807213,-0.07896756159259266,-0.07896756159259288,-0.08960141166181412,-0.08967845343807157,-0.078967561592593,-0.07896756159259222,-0.08960141166181457,-0.08967845343807235,-0.10901822128413607,-0.10901822128413641,-0.09184882517643078,-0.09184882517643123,-0.026776420895484265,-0.02677642089548471,-0.02398915063158291,-0.023989150631583245,-0.10901822128413607,-0.10901822128413607,-0.09184882517643178,-0.09184882517643156,-0.1090182212841363,-0.10901822128413585,-0.09184882517643178,-0.09184882517643178,-0.09184882517643078,-0.09184882517643111,-0.12601257895848794,-0.12289496413597167,-0.10901822128413674,-0.11455379725041681,-0.10901822128413663,-0.10901822128413641,-0.10901822128413685,-0.10901822128413674
2016-02-29,50,-0.0015194462404171105,-0.0015194462404169995,-0.006694184808431536,-0.006694184808431425,0.019244260321941375,3.8061359646457404e-05,0.0033314368925005944,-0.007938421729917322,0.01555029652994766,-0.0044456704200528385,0.008468239364170849,-0.0030853116475261233,-0.012458889425198238,-0.01245888942519835,-0.003772582377798317,-0.003772582377798428,-0.01245888942519835,-0.01245888942519846,-0.005284962469179755,-0.005284962469180088,-0.01245888942519835,-0.012458889425198238,-0.013167759570438142,-0.01316775957043792,-0.005178198842637816,-0.005178198842637705,-0.0027108854335944343,-0.0027108854335945454,-0.002824634396620951,-0.0021094629687634647,-0.00454764642090455,-0.004169644582412646,0.0008358620841257824,0.0016730996440592616,-0.010938001558333577,-0.010691301314484813,-0.01722788133734654,-0.013462775171482977,-0.03203519580941527,-0.030233658120730422,0.0,0.0,0.0,0.0,0.001213285732835967,0.0050490420021400695,-0.0005830134990116864,0.0012770617434965104,0.001213285732835745,0.0050490420021398474,-0.0005830134990114644,0.0012770617434965104,0.001213285732836189,0.0050490420021400695,-0.0005830134990114644,0.0012770617434967324,0.05031704573473239,0.050317045734732835,0.005367484636398245,0.007202987652090265,0.0,0.0,0.0,0.0,0.004559574914438258,0.00455957491443848,0.00020804629927018148,0.0020341297099204514,0.004559574914438258,0.004559574914438258,0.00020804629927040352,0.0020341297099206734,0.00455957491443848,0.00455957491443848,0.00020804629927018148,0.0020341297099206734,0.05142523860285819,0.05142523860285775,0.005107063658760902,0.005107063658761124,0.0,0.0,0.0,0.0,-0.006694184808431425,-0.006694184808431425,-0.0038805343241773427,-0.0038805343241775647,-0.006694184808431758,-0.006694184808431314,-0.0038805343241775647,-0.0038805343241777868,-0.0038805343241773427,-0.0038805343241775647,0.0,-0.00039104115135835116,-0.006694184808431647,-0.0062287551813483555,-0.006694184808431425,-0.006694184808431425,-0.006694184808431536,-0.006694184808431425
2016-02-29,10,0.0024945459355005806,0.0024945459355008026,-0.002700995601631284,-0.002700995601631284,0.023341724685044696,0.0029344436305960286,0.007364930106138701,-0.0046039867806902945,0.01963291078735474,-0.0016079142086842246,0.012522383040006524,0.00024865716722932696,-0.008488874910324795,-0.008488874910324906,0.00023235196440163364,0.00023235196440118955,-0.008488874910324906,-0.008488874910325017,-0.001286108046945511,-0.001286108046945511,-0.008488874910324795,-0.008488874910324795,-0.009200594784791738,-0.009200594784791627,-0.0011789152198945496,-0.0011789152198945496,0.0012983170370242103,0.0012983170370244324,0.0011841107917343052,0.000697590776275181,-0.0005458279140537758,-0.0008611640437823365,0.0048593228362228125,0.004501280686100673,-0.006961872921382062,-0.007402296047013035,-0.009334089752748631,-0.006245460720996632,-0.025036426392615718,-0.02355874205045161,0.0,0.0,0.0,0.0,0.005238263765932727,0.008372325464412578,0.0034347432306405246,0.004955579340413241,0.005238263765932727,0.008372325464412578,0.0034347432306407466,0.004955579340413019,0.005238263765932727,0.0083723254644128,0.0034347432306405246,0.004955579340413463,0.05706880281385418,0.05706880281385418,0.011023571863782111,0.012526519043927653,0.0,0.0,0.0,0.0,0.008598005366355688,0.008598005366355688,0.004228983168814926,0.0057218297853305344,0.008598005366355688,0.00859800536635591,0.004228983168815148,0.0057218297853305344,0.008598005366355688,0.008598005366355688,0.004228983168814926,0.0057218297853305344,0.05818411948242885,0.05818411948242952,0.012374386341662769,0.012374386341662769,0.0,0.0,0.0,0.0,-0.002700995601631062,-0.002700995601631506,0.00012396604034825565,0.00012396604034825565,-0.002700995601631284,-0.002700995601631284,0.0001239660403484777,0.0001239660403484777,0.00012396604034825565,0.00012396604034825565,0.0,0.0004955198957403706,-0.002700995601631062,-0.0037089325547077223,-0.002700995601631284,-0.002700995601631284,-0.002700995601631284,-0.002700995601631062
2016-03-31,50,0.0,0.0,0.0,0.0,0.0,0.0,0.0,0.0,0.0,0.0,0.0,0.0,0.0,0.0,0.0,0.0,0.0,0.0,0.0,0.0,0.0,0.0,0.0,0.0,0.0,0.0,0.0,0.0,0.0,0.0,0.0,0.0,0.0,0.0,0.0,0.0,0.05172006396415041,0.05172006396415041,0.05568650579261791,0.05568650579261791,0.0,0.0,0.0,0.0,0.0,0.0,0.0,0.0,0.0,0.0,0.0,0.0,0.0,0.0,0.0,0.0,0.037897095073352816,0.037897095073352594,0.04217879327421303,0.04217879327421259,0.0,0.0,0.0,0.0,0.0,0.0,0.0,0.0,0.0,0.0,0.0,0.0,0.0,0.0,0.0,0.0,0.04558312631055128,0.04558312631055084,0.06622207651535095,0.06622207651535028,0.0,0.0,0.0,0.0,0.0,0.0,0.0,0.0,0.0,0.0,0.0,0.0,0.0,0.0,0.0,0.0,0.0,0.0,0.0,0.0,0.0,0.0
2016-03-31,10,0.0,0.0,0.0,0.0,0.0,0.0,0.0,0.0,0.0,0.0,0.0,0.0,0.0,0.0,0.0,0.0,0.0,0.0,0.0,0.0,0.0,0.0,0.0,0.0,0.0,0.0,0.0,0.0,0.0,0.0,0.0,0.0,0.0,0.0,0.0,0.0,0.06016765708631788,0.06016765708631766,0.06331953790131029,0.0633195379013094,0.0,0.0,0.0,0.0,0.0,0.0,0.0,0.0,0.0,0.0,0.0,0.0,0.0,0.0,0.0,0.0,0.041318862167697645,0.0413188621676972,0.04394668860325779,0.0439466886032569,0.0,0.0,0.0,0.0,0.0,0.0,0.0,0.0,0.0,0.0,0.0,0.0,0.0,0.0,0.0,0.0,0.04901475947993661,0.049014759479936165,0.06884240443707013,0.06884240443706902,0.0,0.0,0.0,0.0,0.0,0.0,0.0,0.0,0.0,0.0,0.0,0.0,0.0,0.0,0.0,0.0,0.0,0.0,0.0,0.0,0.0,0.0
2016-04-30,50,-0.04186387779715517,-0.041863877797154836,-0.03970433053042155,-0.03970433053042122,-0.07327924748533488,-0.07327924748533565,-0.06058440340584048,-0.06058440340584026,0.005138305310784741,0.005138305310784075,-0.0062859834935166115,-0.006285983493516056,-0.04792826516800208,-0.04792826516800219,-0.039917160569785115,-0.03991716056978567,-0.1154265428454273,-0.1154265428454273,-0.08312700722406063,-0.08312700722406097,-0.09559853103307037,-0.09559853103307014,-0.06548586982032412,-0.06548586982032434,-0.00749692450759798,-0.007496924507598313,-0.005970089787066368,-0.005970089787066257,-0.0074969245075978685,-0.007496924507598646,-0.005970089787066701,-0.005970089787066257,-0.108454199801433,-0.10393437495940594,-0.06516604861075759,-0.06245415370554108,-0.04719949310401261,-0.04719949310401239,-0.04584923507897887,-0.04584923507897898,-0.05402054215741681,-0.054020542157416696,-0.04965098473760543,-0.04965098473760543,-0.054020542157416584,-0.05402054215741692,-0.049650984737604875,-0.04965098473760532,-0.05402054215741703,-0.05402054215741692,-0.049650984737604875,-0.04965098473760521,-0.05402054215741692,-0.054020542157416696,-0.0496509847376051,-0.04965098473760465,-0.033395581914241745,-0.03339558191424152,-0.03687665002256324,-0.03687665002256235,-0.04101972003422971,-0.041019720034228935,-0.04347733117691743,-0.043477331176917655,-0.041019720034229046,-0.04101972003422938,-0.04347733117691721,-0.043477331176917766,-0.041019720034229046,-0.04101972003422871,-0.04347733117691732,-0.04347733117691732,-0.041019720034229046,-0.04101972003422927,-0.0434773311769171,-0.04347733117691732,-0.029699122292919267,-0.029699122292918823,-0.023132948202031045,-0.023132948202032044,-0.03970433053042122,-0.039704330530421106,-0.03381383080678524,-0.03381383080678513,-0.03970433053042133,-0.03970433053042177,-0.03381383080678513,-0.03381383080678513,-0.03970433053042122,-0.03970433053042144,-0.033813830806784684,-0.033813830806784906,-0.03381383080678513,-0.03381383080678535,-0.03970433053042144,-0.03970433053042133,-0.039704330530420995,-0.039704330530421106,-0.03970433053042144,-0.03970433053042122,-0.03970433053042155,-0.03970433053042122
2016-04-30,10,-0.03803516202411705,-0.038035162024117275,-0.035866985197875456,-0.035866985197875456,-0.06957606765510715,-0.06957606765510682,-0.056830494927941455,-0.0568304949279419,0.009154841995342888,0.009154841995342666,-0.002315098312671182,-0.002315098312671293,-0.044123782711131376,-0.044123782711131154,-0.03608066570692681,-0.036080665706927584,-0.11189178377587827,-0.1118917837758785,-0.07946317908109934,-0.07946317908109979,-0.09198453914908655,-0.091984539149086,-0.061751547621804126,-0.06175154762180379,-0.0035308782518838067,-0.003530878251884473,-0.0019979422937085323,-0.0019979422937083102,-0.003530878251884584,-0.003530878251884473,-0.001997942293708199,-0.0019979422937085323,-0.10489157922121883,-0.09928274942108217,-0.06143044840540546,-0.058065150525324016,-0.04107460196418966,-0.04107460196418933,-0.04048128750066571,-0.04048128750066593,-0.050240404463739896,-0.05024040446374001,-0.04585338627501789,-0.04585338627501789,-0.05024040446374023,-0.050240404463739674,-0.04585338627501789,-0.04585338627501767,-0.05024040446373945,-0.05024040446374034,-0.045853386275018004,-0.04585338627501778,-0.05024040446373934,-0.050240404463739785,-0.045853386275018004,-0.045853386275018004,-0.028733498042762373,-0.028733498042762373,-0.03068540051110813,-0.030685400511107797,-0.03718763100339706,-0.03718763100339706,-0.03965506277003206,-0.03965506277003217,-0.037187631003397836,-0.03718763100339695,-0.039655062770031835,-0.03965506277003217,-0.03718763100339695,-0.03718763100339695,-0.03965506277003206,-0.039655062770031946,-0.03718763100339695,-0.03718763100339706,-0.039655062770031724,-0.03965506277003239,-0.025020788121888682,-0.025020788121889237,-0.019165110715836264,-0.019165110715835598,-0.03586698519787512,-0.035866985197875345,-0.02995294701380491,-0.029952947013804798,-0.035866985197875234,-0.03586698519787601,-0.029952947013805242,-0.02995294701380502,-0.03586698519787601,-0.03586698519787557,-0.029952947013805242,-0.029952947013804798,-0.02995294701380513,-0.02995294701380502,-0.0358669851978759,-0.03586698519787579,-0.03586698519787579,-0.035866985197876344,-0.035866985197875456,-0.035866985197875456,-0.035866985197875456,-0.03586698519787557
2016-05-31,50,0.01758980097361529,0.01758980097361529,0.012069779280377446,0.012069779280377002,0.02595383829422193,0.02595383829422193,0.016691950084130713,0.016691950084130713,0.006124915092817318,0.006124915092817318,0.005425001695083642,0.005425001695083642,0.018836007972548474,0.018836007972548474,0.012048908652567025,0.012048908652567247,0.015709175777147033,0.015709175777147033,0.010183847991118489,0.010183847991118489,0.018425891491417934,0.018425891491417712,0.01272570514582827,0.01272570514582827,0.015149476658925742,0.015149476658925742,0.009664940621656903,0.009664940621656681,0.015149476658925742,0.015149476658925742,0.009664940621656903,0.009664940621657125,0.02436242690818391,0.012275051869882203,0.02188241350682585,0.014958034020501554,0.02765200653552835,0.027652006535528795,0.0023895073420263646,0.002389507342027253,0.012916094789915178,0.012916094789914956,0.006598198311952741,0.006598198311952519,0.027652006535528573,0.02765200653552835,0.0023895073420270307,0.0023895073420270307,0.012916094789914956,0.012916094789914956,0.006598198311952297,0.006598198311952519,0.012916094789915178,0.012916094789915178,0.006598198311952741,0.006598198311952519,0.040685482361355385,0.040685482361355385,0.06442443123846253,0.06442443123846209,0.01522688815746509,0.01522688815746509,0.004657981213171292,0.00465798121317107,0.04068548236135472,0.04068548236135561,0.06442443123846253,0.06442443123846253,0.01522688815746509,0.01522688815746509,0.00465798121317107,0.00465798121317107,0.01522688815746509,0.01522688815746509,0.00465798121317107,0.004657981213171292,0.06799585244310746,0.06799585244310746,0.05900220486635388,0.05900220486635366,0.012069779280377224,0.012069779280377224,0.008496120313596256,0.008496120313596034,0.0679958524431068,0.06799585244310746,0.05900220486635388,0.05900220486635388,0.012069779280377002,0.012069779280377002,0.008496120313596034,0.008496120313596256,0.008496120313596256,0.008496120313596034,0.012069779280377002,0.01206977928037678,0.012069779280377002,0.012069779280377002,0.012069779280377002,0.012069779280377002,0.012069779280377446,0.012069779280377002
2016-05-31,10,0.02168061424386103,0.02168061424386103,0.0161384015086401,0.016138401508639877,0.03007827583510303,0.030078275835103252,0.020779153903564218,0.02077915390356444,0.010169638369572187,0.010169638369572187,0.009466911249636611,0.009466911249636611,0.022931831120176716,0.022931831120176716,0.01611744697880857,0.01611744697880857,0.019792428745095236,0.019792428745095236,0.014244888586057547,0.014244888586057769,0.02252006592957434,0.02252006592957434,0.016796964261992287,0.016796964261992064,0.019230479580167437,0.019230479580167437,0.013723895156819266,0.013723895156819488,0.01923047958016788,0.01923047958016766,0.013723895156819266,0.013723895156819266,0.02848046681535288,0.015136075962887574,0.025990483510873297,0.01834310291756469,0.034258065856547004,0.034258065856547004,0.009637181015011098,0.009637181015010876,0.01698811929158306,0.01698811929158306,0.01064482423481472,0.01064482423481472,0.034258065856547226,0.03425806585654678,0.009637181015010876,0.009637181015011764,0.01698811929158328,0.01698811929158328,0.01064482423481472,0.01064482423481472,0.01698811929158306,0.01698811929158306,0.010644824234814942,0.01064482423481472,0.04904444386105222,0.049044443861052445,0.07212064201347723,0.07212064201347768,0.019308202280711173,0.019308202280711173,0.008696807268299134,0.008696807268299356,0.049044443861052445,0.04904444386105222,0.07212064201347834,0.07212064201347768,0.019308202280711173,0.019308202280711173,0.008696807268299356,0.008696807268299578,0.019308202280711173,0.019308202280711173,0.008696807268299356,0.008696807268299578,0.07486125426295698,0.07486125426295587,0.06413503302475854,0.06413503302475854,0.0161384015086401,0.016138401508639877,0.012550376073650948,0.012550376073650948,0.07486125426295631,0.07486125426295653,0.06413503302475942,0.06413503302475898,0.016138401508639877,0.016138401508639655,0.012550376073650948,0.012550376073650948,0.012550376073650726,0.012550376073650726,0.016138401508639877,0.0161384015086401,0.016138401508639877,0.016138401508639877,0.016138401508639877,0.016138401508639877,0.0161384015086401,0.016138401508639877
2016-06-30,50,0.0004675421199920038,0.0004675421199924479,0.002279743477175744,0.002279743477176188,0.00046754211999222584,0.0004675421199920038,-0.017304997334712025,-0.017304997334712025,-0.02049080869987796,-0.02049080869987685,-0.030542867334903412,-0.030542867334903412,-0.014698742132755682,-0.014698742132755571,-0.002405483485725779,-0.002405483485725557,-0.014698742132755904,-0.01469874213275646,-0.017608321606676025,-0.01760832160667536,0.0045343491492506605,0.0045343491492506605,0.003215117500030784,0.003215117500030118,-0.01789346213691112,-0.01789346213691123,-0.0018281069786103554,-0.0018281069786110216,-0.01789346213691123,-0.017893462136910676,-0.0018281069786105775,-0.0018281069786104664,0.029466150349353404,0.029466150349353626,-0.018416926416631174,-0.018416926416631618,0.0007035375684085743,0.0007035375684083522,-0.00019384622310003596,-0.00019384622310014699,0.002793357107649941,0.002793357107649719,-0.00022008286445263092,-0.000220082864452964,0.0007035375684087963,0.0007035375684094625,-0.00019384622310014699,-0.000193846223100258,0.0027933571076494967,0.002793357107649719,-0.00022008286445274194,-0.00022008286445285297,0.002793357107649941,0.002793357107650163,-0.000220082864453075,-0.00022008286445274194,0.006143298812852249,0.006143298812852249,-0.01632810755012193,-0.021342525054590333,0.0034808921186118003,0.0034808921186120223,-0.017168720749119126,-0.02217885309959311,0.006143298812853137,0.006143298812852693,-0.016328107550122706,-0.021342525054590222,0.0034808921186120223,0.0034808921186120223,-0.017168720749118904,-0.022178853099593332,0.0034808921186118003,0.0034808921186122443,-0.017168720749119792,-0.022178853099593665,0.00029663635465149163,0.00029663635465104754,-0.0020981191192179782,-0.0020981191192179782,0.002279743477176188,0.002279743477175744,-0.004458125369003807,-0.004458125369003585,0.0002966363546512696,0.0002966363546512696,-0.002098119119217867,-0.0020981191192179782,0.0022797434771764102,0.002279743477175966,-0.004458125369003363,-0.00445812536900414,-0.004458125369003474,-0.004458125369003918,0.0022797434771764102,0.002279743477176188,0.002279743477176188,0.002279743477176188,0.002279743477175522,0.002279743477176188,0.002279743477175744,0.0022797434771764102
2016-06-30,10,0.0044654144161759834,0.004465414416175539,0.006284857337224725,0.006284857337224947,0.004465414416175095,0.004465414416175761,-0.013378144177207951,-0.013378144177207951,-0.016576686057318768,-0.016576686057318546,-0.02666891275881944,-0.02666891275881933,-0.010761474369050172,-0.010761474369050394,0.0015809081886564158,0.0015809081886566378,-0.010761474369050394,-0.010761474369050728,-0.013682680534173652,-0.013682680534173985,0.008548472422574172,0.00854847242257506,0.007223969118412832,0.007223969118412832,-0.013968960487108606,-0.013968960487108717,0.0021605918946023817,0.0021605918946017155,-0.01396896048710805,-0.013968960487108606,0.0021605918946019376,0.0021605918946014935,0.033579901199901174,0.033579901199900286,-0.014494516532182589,-0.014494516532182478,0.008741357337129552,0.00874135733712933,0.0062332114962107,0.006233211496210256,0.00680052336981829,0.006800523369817624,0.0037750416795456765,0.0037750416795454544,0.008741357337129108,0.008741357337128886,0.006233211496210034,0.006233211496210034,0.006800523369818512,0.006800523369818068,0.0037750416795452324,0.0037750416795456765,0.00680052336981829,0.006800523369817846,0.0037750416795447883,0.0037750416795456765,0.010996084873029277,0.010996084873029055,-0.012343008902092945,-0.017059074712580502,0.00749080577343153,0.00749080577343153,-0.013241323029835494,-0.017953099387017946,0.010996084873029055,0.010996084873030165,-0.012343008902092723,-0.017059074712580613,0.007490805773431752,0.007490805773431752,-0.013241323029835161,-0.01795309938701839,0.00749080577343153,0.00749080577343153,-0.01324132302983505,-0.017953099387018057,0.006726847044991269,0.006726847044991047,0.002726884424552045,0.0027268844245527113,0.006284857337224503,0.006284857337224503,-0.0004799360597893543,-0.00047993605978924325,0.0067268470449903806,0.006726847044990603,0.0027268844245524893,0.0027268844245529333,0.006284857337224725,0.006284857337224725,-0.0004799360597895763,-0.0004799360597893543,-0.0004799360597893543,-0.00047993605978913223,0.006284857337224059,0.006284857337224503,0.006284857337224947,0.006284857337225169,0.006284857337224947,0.006284857337224947,0.006284857337224725,0.006284857337224947
2016-07-31,50,0.12405000296431323,0.12405000296431301,0.0855710254090658,0.0855710254090658,0.1240500029643139,0.12405000296431368,0.08130056071035385,0.08130056071035385,0.11879880425071332,0.11879880425071399,0.1001724509658386,0.10017245096583771,0.1225326976828669,0.1225326976828669,0.0851413707359645,0.08514137073596495,0.11154974555988928,0.11154974555988884,0.07314191653930613,0.07314191653930568,0.12207997690368155,0.12207997690368133,0.07705743178348134,0.07705743178348246,0.09291366738685336,0.0929136673868538,0.06280675961462845,0.06280675961462912,0.09291366738685314,0.09291366738685403,0.06280675961462823,0.06280675961462823,0.10133422812116022,0.10133422812116089,0.06479644316376176,0.0647964431637611,-0.009017424726514234,-0.009017424726513679,0.013807443754248805,0.013807443754248805,-0.0090174247265139,-0.009017424726514123,0.013807443754248805,0.013807443754248805,-0.009017424726514456,-0.009017424726514012,0.01380744375424836,0.013807443754248583,-0.009017424726513568,-0.009017424726514123,0.013807443754248139,0.013807443754249027,-0.00901742472651379,-0.009017424726514123,0.013807443754249249,0.013807443754249027,0.08066704613211706,0.08066704613211773,0.037874668367301245,0.03709923903457879,0.0806670461321175,0.08066704613211773,0.037874668367301245,0.03709923903457901,0.08066704613211817,0.0806670461321175,0.03787466836730147,0.03709923903457901,0.08066704613211728,0.0806670461321175,0.03787466836730147,0.03709923903457901,0.08066704613211728,0.08066704613211817,0.03787466836730147,0.037099239034579456,0.08557102540906536,0.08557102540906603,0.052577944508940266,0.0525779445089396,0.08557102540906558,0.08557102540906558,0.05257794450893982,0.05257794450894049,0.08557102540906492,0.08557102540906558,0.052577944508940266,0.0525779445089396,0.08557102540906447,0.08557102540906536,0.05257794450893982,0.0525779445089396,0.052577944508940266,0.0525779445089396,0.0855710254090658,0.08557102540906625,0.08557102540906514,0.08557102540906603,0.08557102540906514,0.0855710254090658,0.0855710254090658,0.08557102540906558
2016-07-31,10,0.12706786174428064,0.12706786174428153,0.0890741739450378,0.08907417394503692,0.1270678617442813,0.12706786174428064,0.08651584196707751,0.08651584196707729,0.1247937174598821,0.12479371745988321,0.1038401335432293,0.1038401335432293,0.12266242050688314,0.12266242050688358,0.08528321603442302,0.08528321603442302,0.1146466339250578,0.1146466339250578,0.07665631531995132,0.07665631531995198,0.12511758565152586,0.1251175856515261,0.08063500008017921,0.08063500008017943,0.0958437259286764,0.09584372592867663,0.06452557845195361,0.06452557845195361,0.09584372592867729,0.09584372592867596,0.06452557845195361,0.0645255784519545,0.10450058125258721,0.10450058125258743,0.06993212248737968,0.06993212248738034,-0.0010576853681958376,-0.0010576853681958376,0.020324506019430144,0.0203245060194297,-0.0010576853681958376,-0.0010576853681958376,0.020324506019429478,0.020324506019430144,-0.0010576853681958376,-0.0010576853681962817,0.020324506019430144,0.020324506019430144,-0.0010576853681965037,-0.0010576853681961706,0.020324506019429922,0.020324506019429256,-0.0010576853681960596,-0.0010576853681960596,0.020324506019429922,0.020324506019429922,0.08591135131687877,0.08591135131687744,0.04204817474336897,0.04093079591745674,0.08591135131687855,0.08591135131687788,0.042048174743368305,0.04093079591745741,0.08591135131687744,0.08591135131687766,0.04204817474336764,0.040930795917457186,0.08591135131687744,0.08591135131687766,0.04204817474336808,0.040930795917457186,0.08591135131687766,0.08591135131687788,0.04204817474336853,0.04093079591745741,0.08907417394503625,0.08907417394503736,0.05513825105444403,0.055138251054444476,0.08907417394503714,0.0890741739450367,0.055138251054444476,0.055138251054444476,0.08907417394503714,0.08907417394503714,0.05513825105444514,0.055138251054444254,0.08907417394503692,0.08907417394503692,0.055138251054444476,0.05513825105444403,0.05513825105444403,0.055138251054444254,0.08907417394503736,0.08907417394503758,0.08907417394503736,0.08907417394503692,0.08907417394503647,0.08907417394503692,0.0890741739450378,0.08907417394503692
2016-08-31,50,0.07265666491413847,0.0726566649141378,0.09316091093266166,0.0931609109326621,0.027874920845721185,0.027874920845720963,0.02872435340860169,0.028724353408601466,0.021883360727891654,0.021883360727891654,0.04935589915212657,0.049355899152127014,0.039587425353768246,0.039587425353769135,0.02928875508375617,0.029288755083756612,0.04326551819469082,0.0432655181946906,0.021937649215223454,0.021937649215223898,0.017915220570207335,0.017915220570208,0.015094086657401196,0.01509408665740164,0.028002520364938777,0.02800252036493922,0.047576308707869996,0.047576308707869774,0.011295477630877127,0.011295477630876016,-0.005593547413964783,-0.0055935474139652275,0.012480025728306199,0.012480025728305977,0.011737890884102375,0.011737890884101931,0.024200404199804515,0.024200404199804515,0.0017876709546043035,0.0017876709546040814,0.02420040419980518,0.02420040419980385,0.0017876709546049696,0.0017876709546043035,0.024200404199804293,0.02420040419980385,0.0017876709546043035,0.0017876709546049696,0.024200404199803627,0.024200404199804515,0.0017876709546043035,0.0017876709546045255,0.024200404199804515,0.024200404199804293,0.0017876709546043035,0.0017876709546045255,0.05961272757663272,0.05961272757663316,0.02502258871896257,0.025022588718963013,0.05961272757663272,0.059612727576632496,0.025022588718963235,0.025022588718963235,0.05961272757663272,0.05961272757663316,0.02502258871896279,0.025022588718961902,0.059612727576632274,0.05961272757663316,0.025022588718962124,0.02502258871896279,0.05961272757663272,0.059612727576632274,0.025022588718962346,0.02502258871896257,0.09316091093266143,0.09316091093266166,0.05840101935837039,0.05840101935837061,0.0931609109326621,0.0931609109326621,0.058401019358370165,0.058401019358370165,0.09316091093266232,0.09316091093266232,0.05840101935837083,0.05840101935837061,0.09316091093266232,0.09316091093266121,0.05840101935837061,0.058401019358370165,0.05840101935837039,0.05840101935837061,0.09316091093266254,0.0931609109326621,0.09316091093266188,0.09316091093266232,0.09316091093266143,0.0931609109326621,0.09316091093266166,0.0931609109326621
2016-08-31,10,0.07840433248847356,0.07840433248847312,0.09843292528887448,0.09843292528887448,0.03338263225633287,0.03338263225633309,0.035337306101120625,0.03533730610112085,0.02462298981223432,0.02462298981223432,0.054417106323687126,0.05441710632368735,0.042488878595644985,0.04248887859564543,0.032621093945573776,0.032621093945573554,0.046169277705829126,0.046169277705829126,0.025239951705766872,0.025239951705767316,0.023369564441889645,0.023369564441889423,0.021619419854073563,0.021619419854073785,0.03095781604162151,0.030957816041622177,0.049487697364760885,0.04948769736476,0.01420274399811361,0.014202743998113165,-0.0037879776019352773,-0.0037879776019349443,0.01790524593518894,0.01790524593518894,0.015194058153054524,0.015194058153054968,0.03242695476842972,0.03242695476842972,0.009834198665723548,0.009834198665724436,0.03242695476842994,0.03242695476842972,0.009834198665723992,0.009834198665724214,0.03242695476842972,0.03242695476842883,0.00983419866572377,0.00983419866572377,0.032426954768429495,0.03242695476842994,0.009834198665724436,0.009834198665723992,0.03242695476842972,0.03242695476842994,0.009834198665723326,0.00983419866572488,0.06483532800626546,0.06483532800626635,0.03163543604294694,0.031635436042946496,0.06483532800626612,0.0648353280062659,0.03163543604294694,0.03163543604294605,0.06483532800626612,0.06483532800626568,0.031635436042946496,0.03163543604294694,0.06483532800626524,0.0648353280062659,0.03163543604294672,0.03163543604294672,0.06483532800626635,0.06483532800626612,0.03163543604294694,0.03163543604294694,0.09843292528887493,0.09843292528887493,0.06270141950236585,0.06270141950236541,0.0984329252888747,0.09843292528887382,0.06270141950236585,0.06270141950236519,0.09843292528887448,0.09843292528887515,0.06270141950236563,0.06270141950236541,0.09843292528887493,0.09843292528887448,0.06270141950236563,0.06270141950236585,0.06270141950236585,0.06270141950236519,0.09843292528887426,0.09843292528887426,0.09843292528887448,0.09843292528887493,0.0984329252888747,0.09843292528887448,0.09843292528887448,0.09843292528887448
2016-09-30,50,0.08396694488866463,0.08396694488866352,0.08494017149991451,0.08494017149991429,0.07903682937051548,0.07903682937051482,0.08014401647789948,0.0801440164778997,0.048802481533049225,0.048802481533049225,0.038236344101272524,0.038236344101272746,0.06566412260611165,0.06566412260611099,0.05570223143360842,0.055702231433607974,0.07447860755886393,0.0744786075588646,0.044258744269672246,0.04425874426967269,0.0446981320586497,0.04469813205864992,0.028807191740958027,0.02880719174095825,0.06452379537190045,0.06452379537190023,0.041753434504846254,0.041753434504846476,0.042642358057842555,0.04264235805784211,-3.110635675951379e-05,-3.1106356759402765e-05,0.05921072316298526,0.05921072316298637,0.030735787976621465,0.030735787976622353,0.05450319663421288,0.05450319663421266,0.04653604446721693,0.046536044467216486,0.0545031966342131,0.0545031966342131,0.0465360444672176,0.04653604446721782,0.054503196634212436,0.0545031966342131,0.04653604446721693,0.04653604446721671,0.05450319663421355,0.05450319663421288,0.04653604446721804,0.04653604446721671,0.054503196634212214,0.054503196634212436,0.04653604446721782,0.0465360444672176,0.0696392658512277,0.06963926585122704,0.05302851917746998,0.05302851917746998,0.0696392658512266,0.06963926585122726,0.05302851917746998,0.05302851917747042,0.0696392658512266,0.0696392658512266,0.053028519177469535,0.05302851917746931,0.0696392658512277,0.06963926585122637,0.053028519177470645,0.05302851917746998,0.06963926585122637,0.0696392658512266,0.05302851917746998,0.053028519177469535,0.08494017149991406,0.08494017149991473,0.05970366362398227,0.05970366362398227,0.08494017149991429,0.08494017149991473,0.059703663623982495,0.05970366362398227,0.08494017149991406,0.08494017149991429,0.05970366362398227,0.05970366362398161,0.08494017149991406,0.08494017149991473,0.05970366362398227,0.05970366362398183,0.059703663623982495,0.059703663623982495,0.0849401714999134,0.08494017149991451,0.08494017149991429,0.08494017149991429,0.08494017149991429,0.08494017149991429,0.08494017149991451,0.08494017149991451
2016-09-30,10,0.08992159696319013,0.08992159696318947,0.08692606715820861,0.08692606715820861,0.08483059441626284,0.08483059441626284,0.0853709194890675,0.08537091948906772,0.05442233009425901,0.05442233009425923,0.04326343168824476,0.04326343168824476,0.06852112619050543,0.06852112619050521,0.06079404795561172,0.06079404795561172,0.07735924243061176,0.07735924243061199,0.04776932852768301,0.04776932852768323,0.047498926647288275,0.047498926647288275,0.033769289291656124,0.03376928929165679,0.07022788420190462,0.07022788420190507,0.04364825115169868,0.0436482511516989,0.04822919853444363,0.048229198534442075,0.0033384041373927253,0.0033384041373927253,0.06488634270374449,0.06488634270374538,0.03570718744777124,0.03570718744777035,0.061281863563159344,0.06128186356315979,0.0532634961214411,0.05326349612144132,0.06128186356315979,0.061281863563159567,0.05326349612144132,0.0532634961214411,0.061281863563159344,0.061281863563159567,0.0532634961214411,0.05326349612144066,0.06128186356316023,0.06128186356316001,0.0532634961214411,0.0532634961214411,0.061281863563159344,0.06128186356315979,0.05326349612144132,0.05326349612144132,0.07319649638560377,0.0731964963856031,0.05726160651267609,0.05726160651267609,0.07319649638560355,0.07319649638560333,0.057261606512676755,0.05726160651267609,0.07319649638560355,0.07319649638560377,0.05726160651267653,0.05726160651267587,0.07319649638560333,0.07319649638560355,0.05726160651267609,0.05726160651267587,0.07319649638560399,0.07319649638560355,0.05726160651267587,0.05726160651267653,0.08692606715820861,0.08692606715820816,0.06154408148712087,0.06154408148712065,0.08692606715820883,0.08692606715820883,0.06154408148712065,0.061544081487121094,0.08692606715820905,0.08692606715820883,0.061544081487121094,0.061544081487121094,0.08692606715820861,0.08692606715820927,0.06154408148712043,0.061544081487121094,0.06154408148712065,0.06154408148712087,0.08692606715820927,0.08692606715820861,0.08692606715820883,0.08692606715820883,0.08692606715820861,0.08692606715820861,0.08692606715820861,0.08692606715820883
2016-10-31,50,-0.04392473682976672,-0.043924736829766275,-0.04527823967963196,-0.04527823967963163,-0.04251210079022483,-0.04251210079022494,-0.0697135605027388,-0.06971356050273858,-0.053260887868767814,-0.053260887868767814,-0.03828655481866472,-0.03828655481866472,-0.012979479154272222,-0.012979479154271667,-0.01878533390881476,-0.018785333908814983,-0.060932454364689415,-0.06093245436468908,-0.05554538619266236,-0.05554538619266314,0.0037640548874762203,0.0037640548874768864,-0.041466537166263695,-0.04146653716626436,-0.01851282255841713,-0.018512822558416575,-0.014467051429034927,-0.014467051429035038,-0.03533637212974827,-0.03533637212974783,-0.042221004505232695,-0.042221004505232584,-0.07613730285775522,-0.07613730285775533,-0.09518472946920586,-0.09518472946920586,-0.047927258794039806,-0.04792725879403925,-0.05452608034232376,-0.054874544246327095,-0.04792725879403936,-0.04792725879403947,-0.054526080342323535,-0.05487454424632676,-0.04792725879403903,-0.04792725879403936,-0.05452608034232331,-0.05487454424632687,-0.04792725879403903,-0.04792725879403892,-0.0545260803423232,-0.05487454424632665,-0.04792725879403925,-0.04792725879403925,-0.054526080342323646,-0.05487454424632665,-0.030805733287164183,-0.03080573328716374,-0.025584488148203466,-0.025584488148203133,-0.030805733287164183,-0.030805733287164516,-0.025584488148203688,-0.025584488148203133,-0.03080573328716385,-0.03080573328716374,-0.025584488148203355,-0.025584488148203355,-0.03080573328716385,-0.03080573328716385,-0.025584488148203244,-0.025584488148203466,-0.03080573328716385,-0.03080573328716385,-0.025584488148203577,-0.025584488148203466,-0.045278239679631405,-0.04527823967963185,-0.03464309698663948,-0.034643096986640254,-0.045278239679631294,-0.045278239679631516,-0.03464309698663981,-0.03464309698663959,-0.04527823967963185,-0.045278239679631405,-0.03464309698663959,-0.034643096986640254,-0.045278239679631405,-0.045278239679631405,-0.03464309698663992,-0.03464309698663959,-0.034643096986639255,-0.03464309698663981,-0.045278239679631294,-0.04022583272659419,-0.04527823967963163,-0.045278239679631405,-0.04527823967963218,-0.04527823967963163,-0.04527823967963196,-0.04527823967963185
2016-10-31,10,-0.03880175296317534,-0.03880175296317445,-0.04365505253425839,-0.0436550525342585,-0.03981591097534232,-0.039815910975342206,-0.06665853792618703,-0.06665853792618681,-0.04818793034737212,-0.048187930347372454,-0.03210436860359944,-0.03210436860359944,-0.010218221755162737,-0.010218221755162848,-0.015560271099773093,-0.015560271099773093,-0.0559006037654195,-0.05590060376541939,-0.05093838174778054,-0.050938381747780426,0.009142571890418338,0.009142571890418116,-0.03684338077080773,-0.03684338077080784,-0.01573048061511506,-0.01573048061511506,-0.009666590301545486,-0.009666590301545153,-0.03269596543030351,-0.03269596543030351,-0.037601487023427804,-0.03760148702342814,-0.07118692512628666,-0.07118692512628699,-0.09225407650288775,-0.09225407650288742,-0.041807045953183186,-0.041807045953182964,-0.049206947744023344,-0.049259535997190795,-0.0418070459531823,-0.04180704595318285,-0.04920694774402379,-0.049259535997190795,-0.04180704595318241,-0.04180704595318263,-0.04920694774402268,-0.049259535997190684,-0.04180704595318241,-0.04180704595318252,-0.04920694774402323,-0.04925953599719046,-0.04180704595318252,-0.041807045953182964,-0.04920694774402323,-0.049259535997190795,-0.027688103074206327,-0.027688103074205883,-0.0231507781159922,-0.02315077811599242,-0.027688103074205328,-0.027688103074205217,-0.0231507781159922,-0.0231507781159922,-0.02768810307420555,-0.02768810307420566,-0.0231507781159922,-0.0231507781159922,-0.027688103074205772,-0.027688103074205883,-0.023150778115991977,-0.023150778115992532,-0.02768810307420544,-0.027688103074205994,-0.0231507781159922,-0.023150778115991644,-0.043655052534258054,-0.043655052534258276,-0.03224521237628941,-0.03224521237628908,-0.04365505253425839,-0.04365505253425839,-0.03224521237628908,-0.03224521237628952,-0.04365505253425839,-0.043655052534258165,-0.03224521237628897,-0.03224521237628919,-0.043655052534258054,-0.043655052534258276,-0.032245212376288857,-0.032245212376288745,-0.032245212376288857,-0.03224521237628908,-0.0436550525342585,-0.03715691227971296,-0.043655052534258165,-0.043655052534258054,-0.0436550525342575,-0.0436550525342585,-0.04365505253425839,-0.04365505253425794
2016-11-30,50,0.10329035459868519,0.10329035459868541,0.08366969554915116,0.08366969554915138,-0.020088829144726206,-0.020088829144725984,0.07115338234729873,0.07115338234729895,0.019112656159915087,0.019112656159914643,0.026020813723297564,0.02602081372329823,0.1396682742035913,0.1396682742035913,0.12518671844704765,0.12518671844704854,0.1551348411510025,0.15513484115100207,0.10309661788497881,0.10309661788497859,0.17151853534810346,0.17151853534810346,0.10507251750988034,0.10507251750988056,0.13796826859610634,0.13796826859610678,0.08272256330287897,0.08272256330287919,0.11742295793817359,0.11742295793817403,0.06595450623988675,0.06595450623988652,0.13136162410856134,0.13136162410856045,0.09692749366269093,0.09692749366269116,0.043971075694458905,0.04397107569445868,0.0642177792175147,0.06256716658016526,-0.01221253059781613,-0.012212530597815796,-0.010070017055053948,-0.011605408562177733,0.043971075694458905,0.04397107569445868,0.0642177792175147,0.06256716658016415,0.04397107569445868,0.04397107569445824,0.06421777921751426,0.06256716658016437,0.04397107569445868,0.04397107569445868,0.06421777921751404,0.06256716658016437,0.0885658915346994,0.08856589153469896,0.07836016920160582,0.07836016920160649,-0.019138949026660468,-0.019138949026660357,-0.015447007016776704,-0.015447007016776704,0.08856589153469918,0.08856589153469896,0.07836016920160649,0.07836016920160604,0.08856589153469896,0.08856589153469874,0.07836016920160582,0.07836016920160604,0.08856589153469852,0.08856589153469896,0.07836016920160649,0.07836016920160604,0.08366969554915182,0.0836696955491516,0.04768860045643053,0.04768860045643031,-0.0187353662083779,-0.01873536620837757,-0.015100453370314182,-0.01510045337031396,0.0836696955491516,0.08366969554915116,0.04768860045643053,0.04768860045643031,0.08366969554915182,0.08366969554915138,0.047688600456430086,0.04768860045643031,0.047688600456430086,0.04768860045643031,0.08366969554915116,0.09026924138779502,0.08366969554915182,0.08366969554915116,0.08366969554915138,0.08366969554915138,0.08366969554915116,0.08366969554915116
2016-11-30,10,0.10920216813942552,0.10920216813942485,0.0906358535945404,0.0906358535945404,-0.014838318934487948,-0.014838318934487948,0.07631972218010308,0.07631972218010374,0.027298341077288235,0.02729834107728757,0.031009727822360444,0.031009727822360666,0.14577501329299158,0.1457750132929927,0.13062256848170928,0.13062256848171017,0.15855845872449503,0.1585584587244948,0.10861286889374755,0.10861286889374755,0.17465933044823956,0.17465933044823978,0.10886823250213906,0.10886823250213862,0.1410748033585445,0.14107480335854405,0.08451955772084818,0.08451955772084752,0.117579339515544,0.11757933951554445,0.06946585637887703,0.06946585637887726,0.13464696281674549,0.13464696281674549,0.09880689021285782,0.0988068902128576,0.052356427634535185,0.05235642763453496,0.07191249581646342,0.06991467408935148,-0.008241525695696583,-0.008241525695696583,-0.006090399033164884,-0.00794283960396358,0.05235642763453496,0.05235642763453563,0.07191249581646275,0.06991467408935215,0.05235642763453474,0.05235642763453496,0.07191249581646297,0.06991467408935081,0.0523564276345343,0.05235642763453474,0.07191249581646297,0.06991467408935126,0.09381621461517509,0.09381621461517531,0.08442690526851582,0.08442690526851626,-0.015195789022747541,-0.01519578902274743,-0.011489005034934885,-0.011489005034934663,0.09381621461517442,0.09381621461517464,0.0844269052685156,0.08442690526851537,0.09381621461517486,0.09381621461517509,0.08442690526851582,0.08442690526851582,0.0938162146151742,0.09381621461517509,0.08442690526851537,0.08442690526851537,0.09063585359454085,0.09063585359454063,0.051058725256728055,0.05105872525672739,-0.014790583760974085,-0.014790583760974196,-0.011141058207983612,-0.011141058207983612,0.09063585359454063,0.0906358535945404,0.05105872525672783,0.05105872525672739,0.09063585359454107,0.09063585359454063,0.05105872525672717,0.05105872525672783,0.051058725256726945,0.05105872525672761,0.09063585359454085,0.09564002214411271,0.0906358535945404,0.0906358535945413,0.09063585359454018,0.0906358535945404,0.0906358535945404,0.09063585359454085
2016-12-31,50,0.04881344782895636,0.04881344782895636,0.028559203090597007,0.02855920309059634,0.05265890507487403,0.05265890507487403,0.020808644126718345,0.02080864412671879,-0.023063879588492542,-0.023063879588492098,-0.004429606125136543,-0.004429606125137098,0.030864356751635347,0.03086435675163579,-0.003681972076737372,-0.003681972076737927,0.034767050731101534,0.03476705073110087,0.007480828543414919,0.007480828543414475,0.037672088932975134,0.037672088932973136,0.007719133416362212,0.007719133416362434,0.04529575847907119,0.045295758479070525,-0.010433526436816165,-0.010433526436816165,0.008755166120969271,0.008755166120967939,-0.00638612197828714,-0.006386121978287362,0.06899335899903392,0.06899335899903436,0.00514347094883405,0.005143470948834716,0.012815176947667872,0.012815176947667872,-0.0004999528419893373,-0.0004999528419894483,0.021705532181102605,0.021705532181102383,0.02023202834959248,0.020232028349592257,0.012815176947668316,0.012815176947668316,-0.0004999528419894483,-0.0004999528419901145,0.012815176947668094,0.012815176947667872,-0.0004999528419888932,-0.0004999528419896704,0.012815176947668094,0.012815176947667872,-0.0004999528419900034,-0.0004999528419897814,0.030355811363654173,0.03035581136365395,0.011490061151907094,0.011490061151907094,0.05496758408847868,0.05496758408847868,0.028818191644976565,0.02881819164497612,0.030355811363653507,0.030355811363654395,0.011490061151907316,0.011490061151906872,0.030355811363654617,0.03035581136365484,0.011490061151906872,0.011490061151907094,0.030355811363654617,0.030355811363654617,0.011490061151907316,0.011490061151907094,0.028559203090595897,0.028559203090596785,-0.016143178613233555,-0.01614317861323289,0.05496758408847824,0.054967584088478905,0.022311003031361798,0.02231100303136313,0.02855920309059612,0.02855920309059612,-0.016143178613233,-0.016143178613233222,0.028559203090596563,0.02855920309059634,-0.016143178613233,-0.016143178613233,-0.016143178613232778,-0.01614317861323289,0.028559203090596563,0.028559203090596785,0.028559203090596785,0.02855920309059634,0.028559203090596563,0.02855920309059634,0.028559203090597007,0.02855920309059634
2016-12-31,10,0.054433355151394025,0.05443335515139469,0.032057111870308574,0.03205711187030835,0.06111403912735369,0.06111403912735458,0.02737071223500953,0.027370712235009975,-0.015216963727175736,-0.01521696372717607,0.0035669833667770767,0.0035669833667766326,0.03403899782078468,0.03403899782078401,0.0013300128899551567,0.0013300128899553787,0.03753953630056617,0.03753953630056617,0.012340065718098092,0.01234006571809787,0.040452949383666725,0.04045294938366695,0.012579519972617748,0.012579519972617748,0.045766922583788006,0.045766922583788894,-0.008655945785245311,-0.008655945785244756,0.0141604272342446,0.014160427234243489,-0.0030650595899528454,-0.0030650595899530675,0.07189271862187274,0.07189271862187296,0.008605030389690516,0.008605030389690738,0.01932586062034436,0.019325860620344137,0.005123124825521241,0.0051231248255216855,0.02578827157043806,0.025788271570437615,0.024308879611728784,0.024308879611728784,0.019325860620343915,0.019325860620343693,0.0051231248255216855,0.0051231248255219075,0.019325860620343915,0.019325860620344137,0.0051231248255219075,0.0051231248255216855,0.019325860620343915,0.019325860620343915,0.005123124825521463,0.005123124825521241,0.03386665606091932,0.03386665606091932,0.015648638077471633,0.0156486380774723,0.05918323877015097,0.05918323877015119,0.032929353249951276,0.032929353249951276,0.033866656060919764,0.033866656060919764,0.01564863807747141,0.0156486380774723,0.03386665606091954,0.033866656060919764,0.01564863807747119,0.015648638077471633,0.0338666560609191,0.03386665606091954,0.015648638077471855,0.01564863807747119,0.03205711187030835,0.03205711187030835,-0.011311190602357746,-0.011311190602357413,0.05918323877015008,0.05918323877015097,0.02639616188463423,0.026396161884634006,0.032057111870307686,0.03205711187030902,-0.011311190602357413,-0.011311190602357968,0.03205711187030813,0.032057111870308574,-0.011311190602357857,-0.011311190602357857,-0.011311190602357524,-0.011311190602357746,0.032057111870308796,0.03205711187030835,0.03205711187030924,0.03205711187030902,0.032057111870308574,0.03205711187030835,0.032057111870308574,0.032057111870308574
2017-01-31,50,-0.0052777251240107015,-0.0052777251240110346,0.014121122953768772,0.014121122953768994,-0.016670632041104416,-0.016670632041103528,-0.017145783279699067,-0.017145783279699178,0.014691649331035173,0.01469164933103495,0.014452709617745363,0.014452709617746473,-0.024086868184345578,-0.024086868184346022,0.0461832206899524,0.046183220689952176,0.05640223035161651,0.05640223035161651,0.017756949770279196,0.017756949770279196,0.040652055280293364,0.04065205528029403,0.030906466205122163,0.03090646620512283,0.07641180828625505,0.07641180828625549,0.06644675758932217,0.06644675758932128,0.0118529695254046,0.011852969525404822,0.030097390441491623,0.030097390441492067,-0.003008307289969925,-0.003008307289969925,0.017821135555651457,0.017821135555651457,-0.030641708243170362,-0.030641708243170585,-0.004859380667275093,-0.004859380667276092,-0.030641708243170473,-0.030641708243170696,-0.004859380667276203,-0.004859380667275759,-0.030641708243170696,-0.030641708243170696,-0.004859380667275537,-0.004859380667275648,-0.030641708243170362,-0.030641708243170585,-0.004859380667275426,-0.004859380667274982,-0.030641708243170807,-0.030641708243170473,-0.004859380667276203,-0.00485938066727587,0.014946869814192132,0.01494686981419191,0.05437260860387294,0.05437260860387294,0.014946869814191688,0.01494686981419191,0.05437260860387272,0.05437260860387316,0.01494686981419191,0.01494686981419191,0.05437260860387383,0.054372608603873385,0.01494686981419191,0.01494686981419191,0.054372608603873385,0.05437260860387272,0.014946869814191244,0.014946869814191688,0.05437260860387383,0.05437260860387294,0.014121122953768772,0.014121122953768106,0.04984830196548251,0.04984830196548207,0.014121122953769438,0.014121122953769438,0.04984830196548207,0.04984830196548251,0.01412112295376855,0.01412112295376855,0.04984830196548273,0.04984830196548251,0.014121122953769216,0.014121122953768106,0.04984830196548251,0.04984830196548251,0.049848301965482955,0.04984830196548229,0.014121122953768772,0.014121122953768772,0.01412112295376855,0.014121122953768994,0.014121122953768772,0.014121122953768994,0.014121122953768772,0.014121122953768106
2017-01-31,10,-0.0025219587005423927,-0.0025219587005425037,0.015850893233890995,0.015850893233890773,-0.016468548303039232,-0.016468548303039565,-0.015459542467595733,-0.015459542467595733,0.02012872018657763,0.02012872018657741,0.01611924016193944,0.01611924016193944,-0.021357484721639675,-0.021357484721640008,0.04801013074590976,0.04801013074590976,0.05927088562512983,0.059270885625130054,0.02108092853112642,0.021080928531126863,0.04622823102221063,0.04622823102221019,0.03753344618167209,0.03753344618167187,0.07663906632928974,0.07663906632928907,0.06988965780357836,0.06988965780357814,0.014687460814079234,0.014687460814079234,0.031809870871715606,0.03180987087171627,0.002333921040405862,0.0023339210404049737,0.019659581775997914,0.01965958177599747,-0.024410378631646634,-0.02441037863164741,0.0023358806705846558,0.0023358806705846558,-0.024410378631646967,-0.024410378631646967,0.0023358806705844337,0.0023358806705842117,-0.02441037863164719,-0.024410378631647522,0.0023358806705844337,0.0023358806705844337,-0.0244103786316473,-0.02441037863164719,0.0023358806705846558,0.0023358806705842117,-0.024410378631647967,-0.02441037863164708,0.0023358806705839896,0.0023358806705844337,0.019871088439832096,0.01987108843983254,0.05782492726893307,0.057824927268932846,0.01987108843983254,0.019871088439832096,0.05782492726893329,0.05782492726893307,0.01987108843983232,0.01987108843983232,0.05782492726893329,0.057824927268932846,0.019871088439831874,0.019871088439831652,0.05782492726893307,0.05782492726893329,0.019871088439832096,0.019871088439832096,0.05782492726893307,0.05782492726893307,0.015850893233891217,0.015850893233892105,0.052427277598607214,0.05242727759860699,0.01585089323389144,0.01585089323389144,0.052427277598607214,0.052427277598607436,0.01585089323389144,0.01585089323389144,0.05242727759860699,0.052427277598607214,0.015850893233891883,0.015850893233891883,0.05242727759860699,0.052427277598607214,0.052427277598607214,0.05242727759860699,0.015850893233891883,0.015850893233890995,0.015850893233892327,0.01585089323389144,0.015850893233892105,0.015850893233890773,0.015850893233890995,0.01585089323389144
2017-02-28,50,-0.018633257107875223,-0.018633257107875556,-0.006735534440758806,-0.006735534440758917,0.00727090146798437,0.007270901467984592,-0.003510357983462442,-0.003510357983462553,-0.015428908282085096,-0.015428908282084541,-0.0029718288374167567,-0.00297182883741709,-0.01214767016616014,-0.012147670166159363,0.020349808267839498,0.020349808267839053,0.005475882035501423,0.0054758820355012006,0.011262152220639754,0.011262152220641086,0.007856385764840157,0.007856385764840601,0.019765773171547707,0.01976577317154793,0.005788098833906297,0.005788098833906075,0.02109803320255943,0.021098033202560096,0.03158427593287705,0.031584275932876826,0.03402252405872552,0.03402252405872508,0.023980781659372008,0.023980781659372008,0.023672656219635657,0.02367265621963588,0.022723990036339625,0.022723990036339403,0.019436773558872522,0.019436773558872522,0.022723990036339403,0.022723990036339625,0.0194367735588723,0.019436773558871412,0.022723990036339403,0.02272399003634029,0.019436773558872744,0.019436773558871856,0.02272399003634007,0.022723990036339403,0.0194367735588723,0.019436773558872522,0.022723990036339403,0.022723990036339625,0.019436773558872078,0.0194367735588723,0.0028768948175614817,0.002876894817562148,0.005412341457389225,0.005412341457389669,0.0028768948175619258,0.00287689481756237,0.005412341457388559,0.005412341457389225,0.0028768948175617037,0.002876894817562148,0.005412341457388559,0.005412341457389003,0.0028768948175612596,0.0028768948175612596,0.005412341457389447,0.005412341457388559,0.002876894817562148,0.0028768948175619258,0.005412341457388559,0.005412341457388337,-0.006735534440758806,-0.006735534440758917,0.004955978650064363,0.004955978650063253,-0.006735534440758695,-0.006735534440759139,0.004955978650064141,0.004955978650063697,-0.006735534440758584,-0.006735534440758473,0.004955978650065029,0.004955978650063919,-0.006735534440758917,-0.006735534440758584,0.004955978650063919,0.004955978650064141,0.004955978650064363,0.004955978650063919,-0.006735534440758806,-0.0077722309090968444,-0.006735534440759139,-0.006735534440758806,-0.006735534440758251,-0.006735534440758917,-0.006735534440758806,-0.006735534440759028
2017-02-28,10,-0.013374752694346737,-0.013374752694346737,-0.0019290847810086165,-0.0019290847810087275,0.012668209374891992,0.01266820937489288,0.002895380190624408,0.002895380190623742,-0.012789311922915103,-0.012789311922915214,0.0002353353569501948,0.00023533535694975072,-0.00685441372154294,-0.00685441372154405,0.02371469013936056,0.023714690139361227,0.008395052213694632,0.008395052213694187,0.016202626113976715,0.016202626113976493,0.013256830900292949,0.013256830900292949,0.023065143674799726,0.02306514367479995,0.008520502531686569,0.008520502531686347,0.024382623493732103,0.02438262349373166,0.03466076270297047,0.03466076270297025,0.03598606823726058,0.035986068237260804,0.026726033846709685,0.026726033846709685,0.027160521319265163,0.027160521319265607,0.03093868179713133,0.03093868179713133,0.02762506184191693,0.02762506184191671,0.030938681797130885,0.03093868179713155,0.02762506184191671,0.02762506184191671,0.030938681797131995,0.03093868179713133,0.027625061841917153,0.02762506184191671,0.03093868179713133,0.030938681797131773,0.02762506184191671,0.02762506184191693,0.03093868179713155,0.030938681797131995,0.027625061841917153,0.02762506184191671,0.009323692193238475,0.009323692193238697,0.010261601996231162,0.010261601996231828,0.009323692193239586,0.00932369219324003,0.010261601996231828,0.010261601996231162,0.009323692193238475,0.009323692193238697,0.010261601996231384,0.010261601996231828,0.009323692193239808,0.009323692193239363,0.010261601996231384,0.010261601996231384,0.009323692193239586,0.009323692193239586,0.01026160199623094,0.01026160199623094,-0.0019290847810088385,-0.0019290847810095046,0.007492509015168292,0.007492509015168292,-0.0019290847810095046,-0.0019290847810089495,0.0074925090151678475,0.007492509015168514,-0.0019290847810089495,-0.0019290847810091716,0.007492509015168292,0.0074925090151680696,-0.0019290847810097267,-0.0019290847810087275,0.007492509015168292,0.007492509015168736,0.007492509015168292,0.0074925090151680696,-0.0019290847810089495,-0.002252321168276783,-0.0019290847810085054,-0.0019290847810095046,-0.0019290847810098377,-0.0019290847810087275,-0.0019290847810086165,-0.0019290847810089495
2017-03-31,50,-0.03143721281471368,-0.031437212814714455,0.004286413580658843,0.004286413580659065,-0.03218759613103872,-0.03218759613103794,-0.009990049980382554,-0.009990049980382887,-0.007817157211908676,-0.007817157211908121,0.042803083011147436,0.04280308301114677,0.009235025122876772,0.00923502512287655,-0.00999820982874966,-0.009998209828749993,0.02061693836655798,0.02061693836655709,-0.016048108278758688,-0.016048108278758466,-0.034495460412220846,-0.0344954604122204,0.0014135040930087772,0.0014135040930092213,0.043668410280556014,0.043668410280557124,0.020799563523387077,0.0207995635233873,-0.011493123862871046,-0.01149312386287149,0.004366529434544741,0.0043665294345449635,-0.009801121388499645,-0.009801121388500533,-0.014678676185696071,-0.01467867618569596,-0.02292519076775401,-0.02292519076775401,-0.010086617675419074,-0.010086617675418186,-0.022925190767753678,-0.02292519076775379,-0.010086617675418852,-0.01008661767541863,-0.022925190767753678,-0.02292519076775379,-0.010086617675418408,-0.010086617675418519,-0.02292519076775401,-0.0229251907677539,-0.01008661767541863,-0.010086617675419074,-0.0229251907677539,-0.0229251907677539,-0.010086617675418519,-0.010086617675418741,-0.0010013844655396564,-0.0010013844655389903,0.0026439611775708194,0.0026439611775708194,-0.0010013844655392123,-0.0010013844655397675,0.0026439611775705973,0.0026439611775710414,-0.0010013844655387683,-0.0010013844655387683,0.0026439611775710414,0.0026439611775708194,-0.0010013844655387683,-0.0010013844655389903,0.0026439611775701533,0.0026439611775710414,-0.0010013844655395454,-0.0010013844655389903,0.0026439611775703753,0.0026439611775710414,0.004286413580659287,0.004286413580658621,0.00726865587476655,0.007268655874766328,0.004286413580658177,0.004286413580658399,0.007268655874766772,0.0072686558747656616,0.004286413580658843,0.004286413580659065,0.00726865587476655,0.007268655874766772,0.004286413580659065,0.004286413580658843,0.007268655874765884,0.007268655874766328,0.007268655874765884,0.007268655874765884,0.004286413580659287,0.0029550266767117694,0.004286413580658843,0.004286413580659287,0.004286413580659065,0.004286413580659065,0.004286413580658843,0.004286413580659509
2017-03-31,10,-0.0262473164501974,-0.02624731645019751,0.010742271771187806,0.010742271771188472,-0.027001720581379063,-0.027001720581380284,-0.006805461464627238,-0.006805461464626572,-0.0025006963723527287,-0.0025006963723523956,0.04950653805497596,0.04950653805497551,0.012164026512077708,0.012164026512077708,-0.008210929522185828,-0.008210929522186161,0.023648294087032173,0.023648294087032173,-0.012695202521624593,-0.01269520252162537,-0.031906980729142775,-0.03190698072914255,0.0032241832670030224,0.0032241832670041326,0.04677122305843984,0.04677122305843895,0.022651424812575982,0.022651424812576426,-0.011140466118450654,-0.011140466118450654,0.0062120559082397,0.0062120559082383675,-0.006824139778454752,-0.006824139778455529,-0.011322592961406475,-0.011322592961406253,-0.01507716093441347,-0.015077160934412914,-0.002929151334182478,-0.002929151334182034,-0.015077160934412692,-0.01507716093441247,-0.002929151334182478,-0.0029291513341834774,-0.015077160934413247,-0.015077160934412581,-0.0029291513341829223,-0.0029291513341833664,-0.015077160934413358,-0.01507716093441347,-0.0029291513341827002,-0.0029291513341825892,-0.015077160934413025,-0.015077160934413025,-0.0029291513341831443,-0.0029291513341829223,0.003816941672816876,0.003816941672816432,0.009089261185040831,0.009089261185040609,0.003816941672816654,0.0038169416728159877,0.009089261185039721,0.009089261185040387,0.003816941672816876,0.003816941672816432,0.009089261185039943,0.009089261185039943,0.003816941672816432,0.0038169416728162098,0.009089261185040609,0.009089261185039721,0.003816941672816876,0.003816941672816432,0.009089261185039943,0.009089261185040831,0.01074227177118825,0.010742271771188472,0.01297889604469371,0.012978896044694155,0.010742271771188694,0.010742271771188694,0.012978896044693933,0.012978896044693267,0.01074227177118825,0.010742271771188694,0.012978896044694155,0.012978896044693489,0.010742271771188472,0.010742271771188028,0.012978896044693933,0.01297889604469371,0.012978896044693489,0.012978896044693489,0.010742271771188028,0.008675457112396368,0.010742271771188472,0.01074227177118825,0.010742271771188916,0.010742271771188472,0.010742271771187806,0.01074227177118825
2017-04-30,50,-0.006752592318759021,-0.006752592318759687,0.0045282779463511336,0.004528277946351578,-0.038223873145630693,-0.038223873145630693,0.009639987747675827,0.009639987747675383,-0.0035100015251156025,-0.05761487883426919,0.034576053929802564,0.001803070256081618,0.013631962291764887,0.01363196229176511,-0.010165268126718807,-0.010165268126718141,0.013631962291764221,0.013631962291764443,-0.006475634748359549,-0.006475634748358994,-0.0348247176917551,-0.08876099220218969,-0.012973348215069791,-0.045662947226874806,0.0014125800586897164,0.0014125800586897164,-0.0168124085538911,-0.016812408553891323,-0.001234754509744973,-0.001234754509744862,0.006845615086672696,0.006845615086672918,-0.077370332176801,-0.13124366639701035,-0.04339596935875656,-0.075567034829362,0.016869860868062414,0.016869860868062636,0.028127606128255822,0.028127606128255378,0.01686986086806197,0.016869860868062192,0.0281276061282556,0.028127606128255378,0.016869860868061526,0.016869860868062414,0.028127606128255822,0.028127606128255378,0.016869860868061748,0.016869860868062192,0.028127606128254934,0.028127606128255156,0.01686986086806197,0.016869860868062192,0.028127606128255378,0.028127606128255378,0.014259485495069502,0.01425948549506928,0.031304754277769575,0.031304754277769575,0.014259485495068835,0.014259485495069502,0.03130475427776913,0.031304754277769575,0.014259485495069502,0.01425948549506928,0.0313047542777698,0.0313047542777698,0.01425948549506928,0.014259485495069057,0.03130475427776935,0.031304754277769575,0.014259485495068835,0.014259485495069502,0.031304754277769575,0.03130475427776935,0.0045282779463518,0.0045282779463511336,0.007222265723429766,0.007222265723429322,0.004528277946351356,0.004528277946351578,0.0072222657234291,0.0072222657234291,0.004528277946352022,0.004528277946351578,0.007222265723429322,0.007222265723429544,0.0045282779463518,0.004528277946351578,0.007222265723429322,0.007222265723429766,0.007222265723429322,0.00722226572343021,0.004528277946351356,0.001972604185642046,0.0045282779463518,0.004528277946351578,0.004528277946351356,0.004528277946351578,0.0045282779463511336,0.0045282779463518
2017-04-30,10,0.0012253385558436136,0.0012253385558433916,0.009441906105587483,0.009441906105587483,-0.030498724912121133,-0.03049872491212069,0.016130260339482394,0.016130260339482616,0.0018295385530151531,-0.05155300167110366,0.03957491621074061,0.007256409748921389,0.016517729642569146,0.016517729642568924,-0.006939733935211967,-0.006939733935211967,0.016517729642569146,0.016517729642569146,-0.0032417412785095134,-0.0032417412785095134,-0.029652972756839646,-0.08286916114481857,-0.008212764725167854,-0.0404487656162531,0.004276237689905926,0.004276237689905926,-0.013585068371641418,-0.013585068371641418,0.004116977133424404,0.004116977133424182,0.010252418590335655,0.010252418590335877,-0.07473143712857899,-0.127753445882259,-0.03869648898728317,-0.07042397765094555,0.025037531274986646,0.025037531274986424,0.0355613764628655,0.0355613764628655,0.025037531274986646,0.02503753127498709,0.035561376462865724,0.0355613764628655,0.025037531274986646,0.02503753127498598,0.035561376462865946,0.0355613764628655,0.025037531274986646,0.025037531274986202,0.03556137646286506,0.03556137646286617,0.025037531274986424,0.025037531274987312,0.035561376462865724,0.035561376462865724,0.020779453621900368,0.0207794536218997,0.03710676174006711,0.03710676174006711,0.020779453621899924,0.02077945362190059,0.03710676174006666,0.03710676174006755,0.0207794536218997,0.020779453621900368,0.03710676174006666,0.037106761740066885,0.020779453621900146,0.020779453621900812,0.03710676174006644,0.037106761740066885,0.020779453621899924,0.020779453621899924,0.03710676174006644,0.03710676174006711,0.009441906105587483,0.009441906105587483,0.012917999268668545,0.012917999268669211,0.009441906105587927,0.009441906105587705,0.012917999268669433,0.012917999268669433,0.009441906105587705,0.009441906105587483,0.012917999268668545,0.01291799926866899,0.009441906105587483,0.009441906105587483,0.012917999268668767,0.012917999268668545,0.012917999268669877,0.012917999268669211,0.00944190610558815,0.0075820127988452946,0.009441906105587483,0.009441906105587483,0.009441906105587261,0.009441906105587483,0.009441906105587483,0.009441906105587039
2017-05-31,50,0.0836234719444422,0.08362347194444242,0.08234455536280616,0.08234455536280616,0.09445287842985195,0.09445287842985217,0.08899010810470931,0.08899010810470909,0.1916586317847664,0.18461838898800376,0.06669731139410295,0.06308469521237514,0.07748790468156486,0.07748790468156508,0.14649331957219802,0.1464933195721987,0.17317602311509228,0.17317602311509228,0.12837821489943746,0.12837821489943724,0.175381087680337,0.16875469800002896,0.08192396174466166,0.0782562677666565,0.1799028390819568,0.17990283908195637,0.14743002783778936,0.1474300278377889,0.2983092015270903,0.29830920152709006,0.19782943395712937,0.19782943395712982,0.29902622733453854,0.2914955416466025,0.19190924336004578,0.1879891706826602,0.08428549047097333,0.08428549047097378,0.07292205359949477,0.07292205359949522,0.08428549047097378,0.08428549047097356,0.07292205359949544,0.072922053599495,0.08428549047097422,0.08428549047097356,0.072922053599495,0.07292205359949455,0.08428549047097444,0.08428549047097356,0.07292205359949566,0.072922053599495,0.084285490470974,0.08428549047097378,0.072922053599495,0.072922053599495,0.0950371379067485,0.09503713790674784,0.07945927573672629,0.07945927573672718,0.09503713790674828,0.09503713790674762,0.07945927573672651,0.07945927573672629,0.09503713790674784,0.09503713790674828,0.0794592757367274,0.07945927573672651,0.0950371379067485,0.09503713790674784,0.07945927573672718,0.07945927573672673,0.09503713790674828,0.09503713790674762,0.07945927573672718,0.07945927573672762,0.0823445553628066,0.08234455536280616,0.08957910999252094,0.08957910999252228,0.0823445553628055,0.08234455536280683,0.08957910999252072,0.08957910999252161,0.0823445553628055,0.08234455536280616,0.08957910999252139,0.08957910999252139,0.08234455536280616,0.08234455536280616,0.08957910999252228,0.08957910999252183,0.08957910999252139,0.08957910999252139,0.08234455536280638,0.08374748816015565,0.08234455536280638,0.08234455536280594,0.08234455536280594,0.08234455536280616,0.08234455536280616,0.08234455536280527
2017-05-31,10,0.08652862383780469,0.08652862383780491,0.08756487196857154,0.08756487196857177,0.1032437087326541,0.10324370873265454,0.09599046737846173,0.09599046737846195,0.19509454707258556,0.189694903141838,0.07030177911587887,0.06756220251557443,0.08047211616226901,0.08047211616226835,0.15023715986981112,0.1502371598698118,0.1794623083800848,0.1794623083800846,0.13384046250945736,0.13384046250945691,0.18184068021041933,0.1768460533916314,0.08724957968992864,0.08449632705484933,0.18328588528135903,0.18328588528136036,0.1477208466804154,0.1477208466804154,0.3020317453369634,0.3020317453369641,0.2037092606599955,0.20370926065999528,0.3025587178325593,0.2969191776888209,0.19586024956674453,0.19294645144442657,0.09299465459706724,0.0929946545970668,0.07982002205226668,0.07982002205226668,0.09299465459706746,0.09299465459706746,0.07982002205226602,0.07982002205226713,0.0929946545970668,0.09299465459706724,0.07982002205226646,0.07982002205226713,0.09299465459706768,0.09299465459706724,0.07982002205226668,0.07982002205226602,0.09299465459706768,0.09299465459706724,0.07982002205226668,0.07982002205226624,0.1003904446953241,0.10039044469532366,0.08385435532093899,0.08385435532093832,0.10039044469532321,0.10039044469532343,0.08385435532093899,0.08385435532093877,0.1003904446953241,0.10039044469532343,0.08385435532093877,0.08385435532093877,0.1003904446953241,0.10039044469532388,0.08385435532093921,0.08385435532093832,0.10039044469532366,0.10039044469532343,0.08385435532093899,0.08385435532093877,0.0875648719685711,0.08756487196857243,0.0931196728963124,0.09311967289631262,0.08756487196857199,0.08756487196857154,0.09311967289631262,0.09311967289631218,0.0875648719685711,0.08756487196857154,0.09311967289631196,0.0931196728963124,0.08756487196857154,0.08756487196857221,0.09311967289631262,0.09311967289631218,0.09311967289631218,0.09311967289631262,0.08756487196857243,0.0882090748168145,0.08756487196857154,0.08756487196857177,0.08756487196857221,0.08756487196857177,0.08756487196857154,0.08756487196857221
2017-06-30,50,-0.03142552358975326,-0.031425523589754145,-0.043825621313967056,-0.043825621313967056,-0.0307877517778532,-0.030787751777853756,-0.03006012239170075,-0.030060122391700528,-0.0428389681474991,-0.04283896814749921,-0.017495283686244756,-0.017495283686244978,-0.01922479956820622,-0.01922479956820633,-0.02857295789869374,-0.02857295789869374,-0.09728197991386811,-0.09728197991386822,-0.0622398871547345,-0.062239887154734275,-0.11120424754785008,-0.11120424754785085,-0.04782214498499304,-0.0478221449849926,-0.013130175346714679,-0.013130175346714124,-0.0450545234231694,-0.04505452342316929,-0.04803596402744914,-0.0480359640274487,-0.041560405892026364,-0.04156040589202681,0.05617076181032421,0.056170761810324654,0.03704303274008014,0.03704303274007881,-0.011869068669837834,-0.011869068669838168,-0.019026651390050553,-0.01902665139005033,-0.011869068669837723,-0.011869068669837612,-0.019026651390049887,-0.019026651390050997,-0.011869068669838057,-0.011869068669838168,-0.01902665139005011,-0.01902665139005033,-0.011869068669837834,-0.011869068669837723,-0.01902665139005011,-0.019026651390049998,-0.011869068669837612,-0.011869068669838168,-0.019026651390050442,-0.01902665139005011,0.007033244610790357,0.007033244610789913,-0.023809452021980038,-0.023809452021979927,0.007033244610790135,0.007033244610790357,-0.023809452021980038,-0.02380945202198015,0.007033244610790357,0.007033244610789691,-0.023809452021980593,-0.023809452021980038,0.007033244610790357,0.007033244610790135,-0.023809452021979705,-0.023809452021979705,0.007033244610790135,0.007033244610790135,-0.023809452021979927,-0.02380945202198026,-0.04382562131396717,-0.043825621313966945,-0.020337290296212562,-0.020337290296211785,-0.04382562131396661,-0.043825621313966834,-0.02033729029621245,-0.020337290296211896,-0.04382562131396672,-0.04382562131396672,-0.020337290296212784,-0.02033729029621234,-0.04382562131396672,-0.043825621313966834,-0.020337290296212562,-0.020337290296211785,-0.020337290296212118,-0.020337290296212007,-0.04382562131396661,-0.04382562131396739,-0.04382562131396672,-0.0438256213139665,-0.043825621313967056,-0.043825621313967056,-0.043825621313967056,-0.043825621313967056
2017-06-30,10,-0.023645769864803934,-0.023645769864804267,-0.037679041901221844,-0.03767904190122251,-0.025594375375161293,-0.025594375375161516,-0.02534048765457919,-0.025340487654579413,-0.04002535119874229,-0.0400253511987424,-0.01433483743397479,-0.014334837433974679,-0.016596697563044382,-0.01659669756304405,-0.026723635371970977,-0.02672363537197109,-0.09244490271803252,-0.09244490271803218,-0.057644088643643454,-0.05764408864364301,-0.1088214211049936,-0.10882142110499371,-0.043229642677342195,-0.04322964267734175,-0.010325705332147717,-0.01032570533214816,-0.043345126711178295,-0.043345126711177295,-0.04765339464820517,-0.04765339464820506,-0.03833392324729923,-0.03833392324729956,0.05900231406793921,0.05900231406793943,0.04050275127977154,0.04050275127977132,-0.003932234197133178,-0.003932234197133733,-0.012720656664169105,-0.01272065666416744,-0.003932234197133178,-0.003932234197133955,-0.01272065666416844,-0.012720656664168772,-0.0039322341971330665,-0.0039322341971334,-0.012720656664168328,-0.012720656664168883,-0.0039322341971328445,-0.003932234197133289,-0.01272065666416855,-0.012720656664168772,-0.003932234197133511,-0.0039322341971328445,-0.012720656664168994,-0.012720656664168772,0.011889162547525478,0.011889162547525478,-0.01910113275086478,-0.019101132750865002,0.011889162547525256,0.011889162547525478,-0.019101132750865002,-0.019101132750865224,0.011889162547526144,0.011889162547525034,-0.019101132750865002,-0.01910113275086578,0.011889162547525034,0.011889162547525478,-0.019101132750865224,-0.01910113275086467,0.011889162547525478,0.011889162547525034,-0.019101132750865113,-0.01910113275086467,-0.03767904190122251,-0.03767904190122218,-0.0171580167867611,-0.017158016786761543,-0.03767904190122218,-0.037679041901222066,-0.017158016786761543,-0.017158016786761543,-0.037679041901221844,-0.037679041901222066,-0.017158016786761765,-0.017158016786761876,-0.037679041901221955,-0.03767904190122273,-0.017158016786761765,-0.0171580167867611,-0.017158016786761654,-0.01715801678676121,-0.0376790419012224,-0.037679041901221955,-0.037679041901221955,-0.037679041901222066,-0.03767904190122162,-0.03767904190122251,-0.037679041901221844,-0.03767904190122229
2017-07-31,50,0.05919747005998799,0.059197470059987545,0.029453568928977658,0.029453568928977658,0.07179089253401583,0.07179089253401516,0.060778072737633915,0.060778072737633915,0.12300111038511452,0.12300111038511496,0.07781578630015495,0.0778157863001554,-0.02214275146991518,-0.02214275146991518,-0.012567582606617833,-0.012567582606617167,0.27419599237001613,0.27419599237001613,0.20878217540436195,0.20878217540436061,0.31058257380448073,0.3105825738044805,0.24259701758441032,0.24259701758441032,-0.008609439979226585,-0.008609439979227806,0.03426228942428855,0.03426228942428966,0.2111991461602183,0.21119914616021762,0.12606498133549437,0.12606498133549482,0.31836172140630814,0.31836172140630725,0.1963568058055507,0.19635680580555048,0.005770970501316253,0.005770970501316253,0.0022137750686070934,0.0022137750686064273,-0.01810616569223933,-0.01810616569223933,-0.02006362996119937,-0.02006362996119948,0.005770970501316031,0.005770970501315809,0.0022137750686070934,0.0022137750686073154,0.005770970501316253,0.005770970501316475,0.0022137750686075375,0.0022137750686073154,0.005770970501316031,0.005770970501316475,0.0022137750686064273,0.0022137750686068713,0.1464657206571982,0.1464657206571982,0.11009433770485155,0.11009433770485111,-0.02272917302962041,-0.02272917302962041,-0.019332233359732887,-0.01933223335973322,0.14646572065719798,0.14646572065719776,0.11009433770485133,0.11009433770485133,0.14646572065719687,0.14646572065719732,0.11009433770485155,0.11009433770485155,0.14646572065719865,0.14646572065719843,0.11009433770485155,0.11009433770485155,0.029453568928977658,0.029453568928977658,0.028397909797553744,0.028397909797553966,-0.026408588245535825,-0.026408588245536158,-0.0217519673861295,-0.02175196738612928,0.029453568928977436,0.029453568928977436,0.028397909797553966,0.028397909797553522,0.029453568928977214,0.029453568928977214,0.02839790979755419,0.02839790979755419,0.028397909797554632,0.028397909797553744,0.029453568928977658,0.029453568928977436,0.029453568928977436,0.02945356892897788,0.029453568928977436,0.029453568928977658,0.029453568928977658,0.029453568928977214
2017-07-31,10,0.06487301858601024,0.0648730185860098,0.03607120924041496,0.03607120924041429,0.07466432174752935,0.07466432174752935,0.06589437083393523,0.06589437083393568,0.12901854101248067,0.1290185410124809,0.08301497101802013,0.08301497101802058,-0.019480637124629108,-0.019480637124628775,-0.007806665174200256,-0.00780666517419959,0.28107671076691854,0.2810767107669183,0.21282630603345098,0.21282630603345076,0.3108475305334131,0.31084753053341396,0.2450425513922374,0.24504255139223718,-0.008533463804639152,-0.008533463804639041,0.03442748255317185,0.034427482553172295,0.21138331729621407,0.21138331729621362,0.12799432314786396,0.1279943231478633,0.32271447776835194,0.3227144777683506,0.19878686507395193,0.19878686507395082,0.013849492746921266,0.0138494927469206,0.008656309709067944,0.008656309709067944,-0.01415885379552484,-0.014158853795524728,-0.01612418726757625,-0.01612418726757614,0.013849492746920156,0.0138494927469206,0.008656309709068388,0.008656309709068166,0.013849492746920156,0.0138494927469206,0.008656309709068166,0.008656309709068832,0.013849492746920822,0.013849492746920378,0.008656309709068166,0.008656309709068388,0.15201029216421502,0.15201029216421524,0.11456547602871736,0.11456547602871825,-0.018800446087025913,-0.018800446087025913,-0.01538985037826468,-0.015389850378264569,0.15201029216421458,0.15201029216421502,0.11456547602871825,0.11456547602871825,0.1520102921642148,0.15201029216421547,0.1145654760287187,0.11456547602871714,0.15201029216421524,0.1520102921642157,0.11456547602871714,0.11456547602871803,0.03607120924041385,0.036071209240414515,0.03253915119958384,0.032539151199583616,-0.022494652921899894,-0.022494652921899894,-0.017819311978636287,-0.0178193119786364,0.036071209240413626,0.03607120924041407,0.032539151199583616,0.032539151199584504,0.03607120924041429,0.03607120924041429,0.03253915119958428,0.03253915119958406,0.03253915119958384,0.03253915119958384,0.03607120924041407,0.036071209240413626,0.03607120924041407,0.03607120924041385,0.03607120924041407,0.03607120924041429,0.03607120924041496,0.03607120924041474
2017-08-31,50,0.037178655023551554,0.03717865502355222,0.006662828289849099,0.006662828289849099,-0.10390966099808607,-0.06960891957011661,-0.05026922161191638,-0.029846647229808787,-0.10829051116763755,-0.07381738837200091,-0.004515236416833379,0.016045586759479535,0.028966713555844237,0.028966713555844237,0.026470603299700413,0.02647060329970019,-0.09588893475953186,-0.061437913473588734,-0.03532515330013564,-0.014666481409738252,-0.09568238589115352,-0.06187647429577847,-0.03580477002790272,-0.015309650228426896,0.06766599263724249,0.06766599263724249,0.03721844470415503,0.03721844470415525,-0.07977726056090617,-0.04517648716802247,-0.015513939014616951,0.005127679547257902,-0.09443811216781062,-0.06038859314243572,-0.027265690163894907,-0.006870469366570542,-0.015019359665230048,-0.015019359665229826,0.005363736487149495,0.005363736487149717,-0.0085775272975529,-0.0085775272975529,0.010758106072770834,0.010758106072771056,-0.015019359665229715,-0.015019359665229604,0.005363736487149717,0.005363736487149273,-0.015019359665229826,-0.015019359665229826,0.005363736487149939,0.005363736487149051,-0.015019359665229715,-0.015019359665229493,0.005363736487149495,0.0053637364871506055,0.0373428696418987,0.037342869641898035,0.028176145623497684,0.02817614562349746,0.038554829426642456,0.038554829426642456,0.025387208174168396,0.025387208174167952,0.03734286964189848,0.03734286964189848,0.028176145623497684,0.028176145623497684,0.037342869641898035,0.03734286964189848,0.02817614562349746,0.02817614562349746,0.03734286964189848,0.03734286964189826,0.028176145623496796,0.02817614562349746,0.006662828289848877,0.006662828289849099,-0.006266928015526307,-0.006266928015526307,0.0031250182599391607,0.0031250182599391607,-0.006289308968659313,-0.006289308968659868,0.006662828289848877,0.006662828289848877,-0.006266928015526196,-0.006266928015526307,0.006662828289849099,0.006662828289849321,-0.006266928015526196,-0.006266928015526085,-0.006266928015525974,-0.006266928015526085,0.006662828289848655,0.00953098692704657,0.006662828289849099,0.007738654755754082,0.0066628282898484326,0.006662828289849099,0.006662828289849099,0.0066628282898484326
2017-08-31,10,0.03749087074732782,0.037490870747328486,0.008489923118797593,0.008489923118796927,-0.09910809722318714,-0.06368310532798316,-0.04568852193651196,-0.024607799757167315,-0.10589987311218563,-0.07039166485859305,0.00028614186549957843,0.021509568111811594,0.034480275171618446,0.034480275171618446,0.03306906820178224,0.033069068201782015,-0.0931032004421759,-0.05760359311679675,-0.033409175494013565,-0.01214495460047793,-0.09083673751406562,-0.05592279412916923,-0.03387090991869335,-0.01277462389440176,0.06812991878501795,0.06812991878501684,0.03925332316752406,0.03925332316752339,-0.07716743936705472,-0.04152223423120294,-0.013326939202189969,0.00792471845552245,-0.09173517700304501,-0.05665266332234087,-0.025183828057219193,-0.004187552402770356,-0.007107828861683596,-0.007107828861683041,0.01343898776039576,0.01343898776039687,-0.00461579913490584,-0.004615799134906173,0.014797099503631728,0.014797099503631062,-0.007107828861683263,-0.007107828861683374,0.013438987760395982,0.013438987760396426,-0.007107828861683263,-0.007107828861682819,0.013438987760395982,0.013438987760396426,-0.007107828861683707,-0.007107828861683485,0.013438987760396648,0.013438987760396204,0.04567498271187853,0.04567498271187853,0.034785574269817765,0.03478557426981799,0.04270489867509952,0.04270489867509997,0.029484659555483628,0.02948465955548385,0.04567498271187831,0.045674982711878975,0.03478557426981732,0.03478557426981732,0.0456749827118792,0.04567498271187853,0.03478557426981754,0.034785574269817765,0.04567498271187853,0.04567498271187875,0.03478557426981732,0.03478557426981754,0.008489923118797371,0.008489923118796927,-0.0037829070987726032,-0.00378290709877227,0.0071335098413969344,0.0071335098413971565,-0.0023184370764263162,-0.0023184370764264273,0.008489923118797371,0.008489923118796927,-0.0037829070987726032,-0.003782907098772492,0.008489923118797371,0.008489923118797149,-0.0037829070987727142,-0.0037829070987727142,-0.0037829070987729363,-0.003782907098772381,0.008489923118797149,0.012081158228035349,0.008489923118797371,0.010278354537461398,0.008489923118797371,0.008489923118796927,0.008489923118797593,0.008489923118797371
2017-09-30,50,-0.042805104767709046,-0.042805104767708824,-0.02427182880992107,-0.024271828809920848,-0.0581061202155122,-0.05649482883855128,-0.02924167609575945,-0.028320299164011797,0.023524626856810338,0.02494482208462867,0.013409863053941207,0.014316780996732614,0.06240658988258807,0.06240658988258829,0.03446784223684918,0.03446784223684851,0.005452778798661573,0.007285397813630912,0.020359853287844842,0.021386579650239934,0.018093416340032586,0.01945146498590855,0.08295878747884267,0.08381335570091175,0.034825220133130275,0.0348252201331305,0.07076434454948455,0.07076434454948566,-0.009077611947050701,-0.009456337672824278,-0.00010251105268610505,-0.0003721581286197928,0.14234010296714894,0.14190350612586955,0.06105249992003925,0.06076636088360865,0.053755379866109454,0.05375537986610901,0.030331380185961487,0.030331380185961487,0.053755379866109454,0.053755379866109454,0.030331380185961265,0.030331380185961487,0.053755379866109454,0.05375537986610901,0.030331380185961265,0.03033138018596171,0.05375537986610901,0.05375537986610901,0.030331380185961487,0.03033138018596082,0.053755379866109454,0.053755379866109454,0.030331380185961487,0.030331380185961043,0.009369296034140717,0.009369296034140273,0.0020274740000107982,0.002027474000010576,0.00936929603414094,0.009369296034140717,0.0020274740000107982,0.002027474000009466,0.009369296034141605,0.009369296034140273,0.00202747400000991,0.00202747400000991,0.00936929603414094,0.009369296034140495,0.002027474000010354,0.002027474000010132,0.009369296034140051,0.009369296034140051,0.002027474000010354,0.002027474000010354,-0.024271828809921625,-0.02427182880992107,-0.011015194701401887,-0.011015194701401665,-0.02427182880992107,-0.02427182880992118,-0.011015194701401554,-0.011015194701401332,-0.024271828809921514,-0.02427182880992096,-0.011015194701401776,-0.011015194701402109,-0.02427182880992107,-0.024271828809921514,-0.011015194701401998,-0.011015194701401998,-0.011015194701401998,-0.011015194701401998,-0.02427182880992118,-0.025531736334159616,-0.024271828809921292,-0.02553935460748602,-0.024271828809920848,-0.024271828809920848,-0.02427182880992107,-0.024271828809920737
2017-09-30,10,-0.03511675376006462,-0.0351167537600644,-0.01799955167809353,-0.01799955167809353,-0.050540669547310624,-0.04987172310183452,-0.02144438133902482,-0.021077598249329088,0.031745749467720685,0.03212966396244554,0.01829769688683225,0.018646822956013054,0.06525255271801211,0.06525255271801167,0.0377950326771459,0.03779503267714657,0.010840344571805716,0.011670058028348862,0.023642069058155135,0.02408654068265026,0.0208228847325862,0.021181001067586802,0.08644236672728756,0.08668285129735676,0.040438150799204875,0.04043815079920554,0.07435163481726637,0.07435163481726681,-0.00815533021001369,-0.007781310828806509,0.003744750317600465,0.0038869637872116503,0.14645646186066763,0.1468887845312492,0.0651350647228428,0.06528597615038612,0.062219320989236104,0.062219320989236326,0.03778108468099761,0.03778108468099761,0.062219320989236326,0.06221932098923677,0.037781084680998056,0.03778108468099761,0.06221932098923677,0.062219320989236326,0.03778108468099761,0.03778108468099739,0.062219320989236326,0.06221932098923588,0.03778108468099739,0.03778108468099717,0.06221932098923655,0.062219320989236104,0.03778108468099761,0.037781084680998056,0.015857828537370944,0.015857828537371388,0.005264048784137332,0.00526404878413711,0.015857828537371388,0.015857828537370944,0.005264048784137332,0.00526404878413711,0.015857828537371388,0.01585782853737161,0.005264048784137776,0.005264048784136888,0.015857828537371832,0.015857828537371166,0.005264048784136888,0.005264048784137554,0.01585782853737161,0.015857828537371166,0.00526404878413711,0.00526404878413711,-0.017999551678093417,-0.017999551678093306,-0.004657699897871126,-0.004657699897870793,-0.01799955167809275,-0.017999551678093417,-0.004657699897870904,-0.004657699897870571,-0.01799955167809353,-0.01799955167809364,-0.004657699897870571,-0.004657699897871681,-0.01799955167809353,-0.01799955167809353,-0.004657699897870571,-0.004657699897871015,-0.004657699897870793,-0.004657699897871015,-0.017999551678093306,-0.019963193335714058,-0.017999551678093084,-0.019965089195076224,-0.017999551678093306,-0.01799955167809353,-0.01799955167809353,-0.01799955167809353
2017-10-31,50,0.10676264148638892,0.1067626414863887,0.1171517688284549,0.11715176882845446,0.11267721448742929,0.11267721448742929,0.0954464987873207,0.09544649878732114,-0.03321580977321015,-0.04779631559191566,0.0009002917560516632,-0.007869093445000641,0.13901062197919045,0.13901062197919067,0.10904124007500537,0.10904124007500537,0.17699602849458884,0.17699602849458862,0.14614067276608345,0.14614067276608345,-0.07746030206837018,-0.09169954914883915,0.01230468797031059,0.0036340554643581324,0.10425138542521295,0.10425138542521317,0.07777211892987235,0.07777211892987257,-0.021901877012728388,-0.009424290876816732,0.06061746273281887,0.06810169389768839,-0.23713075340331158,-0.24899003949767307,-0.0912958665304825,-0.09842425192617099,0.06557142516069936,0.06557142516069936,0.042611280883464886,0.04036283006932728,0.06557142516069936,0.06557142516069892,0.04261128088346444,0.04036283006932839,0.06557142516069936,0.06557142516069958,0.04261128088346511,0.04036283006932728,0.06557142516070003,0.06557142516069892,0.042611280883464886,0.04036283006932795,0.06557142516069892,0.0655714251606998,0.042611280883464664,0.040362830069327504,0.06249197194838296,0.06249197194838385,0.0700204445746333,0.07002044457463397,0.06249197194838363,0.06249197194838385,0.07002044457463308,0.07002044457463397,0.062491971948383185,0.06249197194838296,0.07002044457463352,0.07002044457463352,0.06249197194838341,0.06249197194838296,0.07002044457463419,0.07002044457463397,0.06249197194838363,0.06249197194838407,0.07002044457463419,0.0700204445746333,0.11715176882845513,0.11715176882845446,0.06359373479795827,0.06359373479795827,0.11715176882845446,0.11715176882845535,0.06359373479795827,0.0635937347979596,0.11715176882845468,0.1171517688284549,0.06359373479795782,0.06359373479795871,0.1171517688284549,0.11715176882845513,0.06359373479795871,0.06359373479795871,0.06359373479795827,0.06359373479795938,0.1171517688284538,0.1171517688284549,0.1171517688284549,0.11715176882845402,0.1171517688284549,0.11715176882845446,0.1171517688284549,0.11715176882845446
2017-10-31,10,0.1156523458843941,0.1156523458843941,0.1243331598134636,0.12433315981346427,0.12161442573437298,0.12161442573437253,0.10248836170197229,0.10248836170197295,-0.025450435929150306,-0.039107587524095266,0.005727789975431996,-0.002460098709112013,0.13914311154859305,0.13914311154859327,0.11260871936809003,0.11260871936809003,0.18015150853834072,0.1801515085383414,0.14982749068529877,0.14982749068529766,-0.07251701342692696,-0.08581913957958931,0.015621491260078724,0.007538268235408152,0.11016834850345192,0.11016834850345103,0.08132289165314366,0.08132289165314277,-0.019279634428047476,-0.005872671599334689,0.06403107291785148,0.07207706851882878,-0.2349728403894642,-0.24383799692173225,-0.08977934643255536,-0.09510185623861034,0.06906508527553123,0.06906508527553079,0.047648306797902995,0.045658585462462487,0.06906508527553123,0.06906508527553101,0.04764830679790366,0.045658585462462264,0.06906508527553101,0.06906508527553123,0.047648306797904105,0.04565858546246182,0.06906508527553101,0.06906508527553123,0.047648306797904105,0.04565858546246182,0.06906508527553123,0.06906508527553123,0.04764830679790366,0.04565858546246182,0.06932199315221266,0.06932199315221332,0.07604026226526406,0.07604026226526406,0.06932199315221377,0.06932199315221355,0.07604026226526361,0.07604026226526384,0.06932199315221332,0.06932199315221288,0.07604026226526384,0.07604026226526384,0.06932199315221377,0.06932199315221332,0.07604026226526406,0.07604026226526384,0.0693219931522131,0.06932199315221332,0.07604026226526406,0.07604026226526295,0.12433315981346338,0.1243331598134636,0.06792620275000183,0.06792620275000139,0.12433315981346382,0.1243331598134636,0.0679262027500025,0.06792620275000139,0.12433315981346338,0.12433315981346427,0.06792620275000116,0.06792620275000094,0.12433315981346338,0.1243331598134636,0.06792620275000161,0.06792620275000161,0.06792620275000183,0.06792620275000183,0.1243331598134636,0.12433315981346382,0.12433315981346449,0.1243331598134636,0.12433315981346338,0.12433315981346427,0.1243331598134636,0.1243331598134636
2017-11-30,50,-0.06163129077416185,-0.06163129077416285,-0.050068692407484905,-0.05006869240748446,-0.01086343861543515,-0.010863438615434817,-0.01792948886915824,-0.01792948886915824,-0.08517722922614912,-0.07243041893654589,-0.035732824954495035,-0.027973422716220386,-0.02206927070246989,-0.022069270702470223,-0.03327186691777839,-0.03327186691777817,0.023378157563043178,0.02337815756304229,0.04825389866196872,0.04825389866196894,-0.012312610028009319,0.001785145803307131,0.0174289947716304,0.025440144015580035,-0.02093258727721725,-0.020932587277217918,-0.04137567703470246,-0.0413756770347018,0.04064980920001404,0.05185609543976466,0.044727045051015546,0.05092742256531024,-0.06032616995919915,-0.024164844352457138,-0.013479856917416377,0.003412506401483384,0.002462212002705799,0.0024622120027060213,-0.007235501125571919,-0.006627100912592887,0.002462212002705355,0.002462212002705355,-0.007235501125572585,-0.006627100912592887,0.002462212002705577,0.002462212002705577,-0.007235501125572363,-0.006627100912592332,0.002462212002705799,0.002462212002705577,-0.007235501125572696,-0.006627100912593664,0.002462212002705133,0.002462212002705577,-0.00723550112557203,-0.006627100912593109,-0.04938415948805497,-0.049384159488054635,0.0006915935412186158,0.0006915935412181717,-0.04938415948805508,-0.049384159488054524,0.0006915935412186158,0.0006915935412181717,-0.04938415948805441,-0.049384159488054746,0.0006915935412190599,0.0006915935412181717,-0.04938415948805419,-0.049384159488054746,0.0006915935412183938,0.0006915935412179497,-0.049384159488054635,-0.04938415948805486,0.0006915935412181717,0.0006915935412183938,-0.050068692407484794,-0.05006869240748446,-0.00269327159200905,-0.002693271592009716,-0.050068692407483795,-0.05006869240748446,-0.002693271592009494,-0.002693271592009272,-0.05006869240748435,-0.05006869240748424,-0.002693271592009494,-0.002693271592009716,-0.05006869240748413,-0.05006869240748468,-0.002693271592009605,-0.002693271592009383,-0.002693271592009272,-0.00269327159200905,-0.05006869240748413,-0.05006869240748424,-0.050068692407484794,-0.05006869240748402,-0.05006869240748446,-0.05006869240748446,-0.050068692407484905,-0.05006869240748468
2017-11-30,10,-0.06158440834387802,-0.06158440834387746,-0.04846856455266635,-0.04846856455266646,-0.0055633008114026605,-0.005563300811401994,-0.014770439335011432,-0.014770439335010876,-0.08027529056503901,-0.0684699451705254,-0.03101843323301079,-0.02383307944762103,-0.019447476893686977,-0.019447476893687088,-0.03169417410708275,-0.03169417410708242,0.023573140119228952,0.02357314011922873,0.05168494262975121,0.05168494262975121,-0.0070202373885536185,0.006036574559521668,0.020701782779753986,0.02810992503769838,-0.01827358517157507,-0.018273585171575957,-0.03829204741079795,-0.038292047410797725,0.043439750394349774,0.053725587886904735,0.04640801672153749,0.05209045340678253,-0.05529107067716721,-0.020265403171047525,-0.01158361642691641,0.006226730485954457,0.01051415774141029,0.010514157741410513,-0.0024472431042141807,-0.00209325554572537,0.010514157741410068,0.010514157741410068,-0.0024472431042146248,-0.002093255545725592,0.01051415774141029,0.010514157741410513,-0.0024472431042146248,-0.002093255545725148,0.010514157741409846,0.010514157741410513,-0.0024472431042141807,-0.00209325554572537,0.010514157741410068,0.010514157741410513,-0.0024472431042138476,-0.002093255545725148,-0.04632641629569334,-0.046326416295692785,0.0031182285883986083,0.0031182285883994965,-0.04632641629569323,-0.046326416295692785,0.0031182285883992744,0.0031182285883994965,-0.04632641629569301,-0.046326416295692785,0.0031182285883986083,0.0031182285883983862,-0.04632641629569256,-0.046326416295692674,0.0031182285883997185,0.0031182285883988303,-0.046326416295692674,-0.04632641629569312,0.0031182285883992744,0.0031182285883994965,-0.048468564552666016,-0.04846856455266646,0.0005147886440630689,0.000514788644063513,-0.04846856455266635,-0.04846856455266646,0.0005147886440632909,0.0005147886440632909,-0.04846856455266635,-0.04846856455266624,0.0005147886440639571,0.0005147886440632909,-0.04846856455266657,-0.04846856455266624,0.0005147886440644012,0.000514788644063735,0.000514788644063513,0.0005147886440630689,-0.04846856455266624,-0.04846856455266613,-0.04846856455266624,-0.04846856455266635,-0.048468564552667015,-0.04846856455266646,-0.04846856455266635,-0.04846856455266668
2017-12-31,50,-0.05983004734959585,-0.05983004734959574,-0.03237656773752984,-0.03237656773752995,-0.07687203741544435,-0.07687203741544413,-0.046571036946146616,-0.04657103694614684,-0.020436635169032935,-0.020436635169032824,-0.028398231798668627,-0.028398231798668738,-0.06899821311337329,-0.06899821311337362,-0.07081018282060314,-0.07081018282060303,-0.06226181105716955,-0.06226181105716988,-0.05019920427546287,-0.05019920427546265,-0.00122603790515885,-0.0012260379051586279,0.03297542212640314,0.03297542212640203,-0.07452697738837988,-0.07452697738837954,-0.05963969024930882,-0.05963969024930904,-0.07553676194066683,-0.07553676194066661,-0.056377120896714095,-0.056377120896713984,-0.01638933269230991,-0.016389332692309577,-0.03614939989731436,-0.03614939989731403,0.027268357999427062,0.027268357999426618,-0.005484079580038825,-0.005484079580037604,0.027268357999427062,0.027268357999426618,-0.005484079580038714,-0.005484079580038159,0.027268357999426396,0.02726835799942595,-0.005484079580038603,-0.005484079580037937,0.027268357999426174,0.027268357999427284,-0.00548407958003827,-0.005484079580037382,0.027268357999426396,0.027268357999427062,-0.005484079580038048,-0.00548407958003827,-0.047599417370059016,-0.04759941737005979,-0.02057113974571445,-0.02057113974571423,-0.04759941737005924,-0.04759941737005913,-0.020571139745713563,-0.020571139745713896,-0.04759941737005935,-0.04759941737005957,-0.02057113974571434,-0.020571139745713896,-0.047599417370058905,-0.04759941737005913,-0.02057113974571434,-0.020571139745714007,-0.04759941737005968,-0.047599417370058905,-0.02057113974571423,-0.02057113974571434,-0.03237656773752995,-0.03237656773753006,-0.023351259757430465,-0.023351259757430354,-0.03237656773753006,-0.03237656773752973,-0.023351259757430354,-0.023351259757430243,-0.03237656773753017,-0.032376567737529616,-0.02335125975743013,-0.023351259757430354,-0.03237656773752973,-0.03237656773753028,-0.023351259757430687,-0.02335125975743091,-0.023351259757430465,-0.02335125975743002,-0.03237656773753006,-0.029264390706452925,-0.03237656773753006,-0.03237656773752973,-0.03237656773753006,-0.03237656773752995,-0.03237656773752984,-0.03237656773753006
2017-12-31,10,-0.05479228967002636,-0.05479228967002603,-0.027709569001739487,-0.027709569001739376,-0.07192559664734088,-0.07192559664734066,-0.04193239535364912,-0.04193239535365012,-0.012568616836964752,-0.012568616836965196,-0.022152480438943023,-0.02215248043894258,-0.06644686729932592,-0.06644686729932558,-0.06780566818965383,-0.06780566818965394,-0.057237083613524864,-0.05723708361352464,-0.04708900314588427,-0.047089003145883934,0.004125740444610004,0.004125740444609338,0.03795762370237554,0.03795762370237554,-0.0720028674831108,-0.07200286748311102,-0.0565850980090542,-0.056585098009054424,-0.07283157940610763,-0.07283157940610685,-0.05604434769551214,-0.05604434769551181,-0.01111880455112979,-0.011118804551129902,-0.0314357796447049,-0.03143577964470523,0.03551955089095249,0.03551955089095227,0.0025040402030536146,0.0025040402030531705,0.03551955089095271,0.03551955089095227,0.0025040402030533926,0.0025040402030533926,0.035519550890952045,0.03551955089095227,0.0025040402030536146,0.0025040402030531705,0.03551955089095227,0.035519550890952045,0.0025040402030529485,0.0025040402030529485,0.03551955089095249,0.03551955089095227,0.0025040402030531705,0.0025040402030531705,-0.039949575090690415,-0.03994957509069108,-0.016610139610554353,-0.016610139610554242,-0.039949575090690304,-0.039949575090690415,-0.016610139610554575,-0.016610139610554242,-0.03994957509069064,-0.03994957509069075,-0.01661013961055413,-0.016610139610553354,-0.03994957509069097,-0.03994957509069075,-0.01661013961055391,-0.016610139610554242,-0.03994957509069086,-0.03994957509069119,-0.016610139610554242,-0.01661013961055391,-0.027709569001739265,-0.02770956900173982,-0.02011895364268712,-0.020118953642687343,-0.027709569001739487,-0.027709569001739487,-0.020118953642686788,-0.0201189536426869,-0.027709569001739487,-0.027709569001739043,-0.020118953642687454,-0.020118953642687454,-0.027709569001739487,-0.027709569001739487,-0.020118953642686788,-0.020118953642686455,-0.020118953642687454,-0.0201189536426869,-0.02770956900173982,-0.02387723679557785,-0.027709569001739598,-0.027709569001739376,-0.027709569001739487,-0.027709569001739376,-0.027709569001739487,-0.027709569001739598
2018-01-31,50,0.05304072657937753,0.05304072657937842,0.060023801832589374,0.060023801832589374,-0.02182858764030915,-0.021828587640308594,0.04966909541360964,0.049669095413609865,-0.018242657667259632,-0.018242657667259632,0.004129653053887905,0.004129653053888127,0.09255617029884533,0.09255617029884622,0.08166473963278831,0.0816647396327892,0.024806238910396017,0.02480623891039535,0.08184840950652728,0.0818484095065275,0.03951469795398532,0.03951469795398532,0.016759666791778205,0.01675966679177754,0.12048563886661934,0.12048563886661934,0.11462114977478821,0.11462114977478799,0.0972758875087012,0.09727588750870164,0.09625113975375421,0.09625113975375421,0.05986915662568659,0.05986915662568704,0.05400155038082377,0.05400155038082377,0.07087587469558687,0.07087587469558665,0.061673777723081136,0.061673777723081136,0.07087587469558598,0.07087587469558665,0.0616737777230818,0.06167377772308158,0.07087587469558643,0.07087587469558643,0.06167377772308158,0.06167377772308158,0.0708758746955862,0.07087587469558598,0.06167377772308158,0.061673777723080914,0.07087587469558643,0.07087587469558665,0.06167377772308158,0.061673777723081136,0.07313393483432185,0.07313393483432273,0.07139765842409718,0.07139765842409695,0.07313393483432273,0.07313393483432362,0.07139765842409718,0.07139765842409718,0.07313393483432207,0.07313393483432318,0.0713976584240974,0.07139765842409762,0.07313393483432296,0.07313393483432251,0.07139765842409806,0.07139765842409762,0.07313393483432296,0.07313393483432273,0.0713976584240974,0.07139765842409762,0.06002380183258982,0.06002380183259026,0.09820202082050278,0.098202020820503,0.06002380183259026,0.060023801832589374,0.09820202082050256,0.09820202082050233,0.060023801832589374,0.06002380183259026,0.09820202082050233,0.09820202082050278,0.060023801832589374,0.06002380183258982,0.09820202082050367,0.09820202082050322,0.09820202082050344,0.09820202082050278,0.06002380183259026,0.05888909004395493,0.06002380183258982,0.060023801832589374,0.060023801832589374,0.060023801832589374,0.060023801832589374,0.06002380183258982
2018-01-31,10,0.06149892748664665,0.061498927486646426,0.06344052801268463,0.06344052801268485,-0.016587204919389364,-0.016587204919389364,0.05641441319770224,0.056414413197702906,-0.012982060286043762,-0.01298206028604365,0.010584503540123302,0.010584503540123746,0.09861324497051638,0.09861324497051593,0.08702723069253482,0.08702723069253437,0.03029750725564262,0.030297507255644396,0.0854850309876638,0.08548503098766314,0.04508477933967492,0.04508477933967536,0.02003030175669407,0.020030301756693403,0.12376516013327166,0.12376516013327166,0.11839445016454975,0.11839445016454953,0.1004655289001537,0.10046552890015437,0.09995304191171117,0.09995304191171228,0.06021697530329839,0.060216975303297726,0.05756055284875883,0.05756055284875816,0.07775979017348655,0.07775979017348678,0.06935010018230581,0.0693501001823067,0.07775979017348678,0.07775979017348678,0.06935010018230581,0.06935010018230603,0.07775979017348655,0.077759790173487,0.06935010018230603,0.06935010018230647,0.07775979017348633,0.077759790173487,0.0693501001823067,0.06935010018230603,0.077759790173487,0.077759790173487,0.06935010018230647,0.06935010018230581,0.08003236580884288,0.0800323658088431,0.07742530271855208,0.07742530271855186,0.08003236580884265,0.08003236580884332,0.07742530271855141,0.07742530271855119,0.0800323658088431,0.08003236580884288,0.07742530271855119,0.07742530271855141,0.08003236580884265,0.08003236580884243,0.07742530271855186,0.07742530271855186,0.0800323658088431,0.08003236580884288,0.07742530271855164,0.07742530271855186,0.06344052801268507,0.0634405280126853,0.10184385823178288,0.10184385823178288,0.06344052801268507,0.06344052801268485,0.10184385823178288,0.10184385823178266,0.06344052801268463,0.06344052801268463,0.10184385823178288,0.10184385823178266,0.06344052801268507,0.0634405280126853,0.10184385823178266,0.10184385823178288,0.10184385823178288,0.10184385823178177,0.06344052801268463,0.06153837778969118,0.0634405280126844,0.06344052801268463,0.0634405280126853,0.06344052801268485,0.06344052801268463,0.06344052801268418
2018-02-28,50,0.031293006205178386,0.03129300620517883,-0.010221881096640573,-0.010221881096639907,-0.02092049785280503,-0.020920497852804698,0.02091510801029095,0.020915108010291616,-0.031504319992835095,-0.031504319992835206,-0.03510033160892734,-0.03510033160892734,0.006728110428466438,0.006728110428466438,0.018057020560556802,0.018057020560556802,-0.06880686956586624,-0.0688068695658659,-0.06183443941083899,-0.06183443941083788,-0.06529194085739776,-0.044114373944436736,-0.05568917138472729,-0.04309885459224749,0.003712653315257608,0.003712653315256942,0.02131876084371287,0.02131876084371309,-0.0980168075990443,-0.09801680759904485,-0.06282250203025741,-0.06282250203025808,-0.21354349006384044,-0.19271636801374514,-0.15905879601198303,-0.1465071041926569,0.0448886828004571,0.0448886828004571,0.012770621961871065,0.012770621961871065,0.04488868280045755,0.04488868280045688,0.012770621961871287,0.012770621961871287,0.04488868280045755,0.04488868280045688,0.012770621961871065,0.012770621961870843,0.04488868280045688,0.044888682800457325,0.012770621961871287,0.012770621961871287,0.04488868280045688,0.0448886828004571,0.012770621961871065,0.012770621961871287,0.009703306487724328,0.009703306487723662,-0.01753310534511976,-0.017533105345119537,0.009703306487723884,0.009703306487723662,-0.01753310534511965,-0.01753310534511965,0.009703306487723884,0.00970330648772344,-0.017533105345119315,-0.01753310534511965,0.00970330648772344,0.009703306487723662,-0.017533105345119426,-0.017533105345119426,0.009703306487723662,0.009703306487723662,-0.01753310534511965,-0.017533105345119537,-0.010221881096640129,-0.01022188109664035,-0.015160616998437737,-0.015160616998437737,-0.01022188109664024,-0.010221881096640906,-0.015160616998437182,-0.015160616998437182,-0.010221881096640018,-0.010221881096640462,-0.015160616998437737,-0.015160616998437293,-0.01022188109664024,-0.010221881096639907,-0.015160616998437404,-0.015160616998437515,-0.015160616998437293,-0.015160616998437404,-0.010221881096640462,-0.0025219152974608194,-0.010221881096640462,-0.010221881096640573,-0.010221881096639907,-0.010221881096639907,-0.010221881096640573,-0.01022188109664024
2018-02-28,10,0.039576525750599556,0.03957652575059889,-0.005448026851674559,-0.005448026851674448,-0.013056365987506924,-0.013056365987506924,0.027477860500772833,0.02747786050077239,-0.023725199173897704,-0.023725199173897815,-0.028897663383025685,-0.028897663383025796,0.009466478152309499,0.009466478152309943,0.021436724626950676,0.021436724626950898,-0.06381721282265451,-0.06381721282265418,-0.060311925444026415,-0.060311925444026526,-0.06255534362341952,-0.040391394473742515,-0.05104857430028398,-0.037845742139669625,0.009090894890694035,0.009090894890693813,0.0263896935770791,0.026389693577078432,-0.09523562215671755,-0.09523562215671744,-0.061080285241498,-0.06108028524149811,-0.21114400887866236,-0.1893441485816546,-0.15734163663513812,-0.14421693006775027,0.05328140511573376,0.053281405115734426,0.020905366589801133,0.020905366589801133,0.053281405115734204,0.053281405115734204,0.020905366589801133,0.02090536658980091,0.05328140511573398,0.053281405115733316,0.02090536658980091,0.020905366589801355,0.053281405115734204,0.05328140511573376,0.02090536658980091,0.020905366589801355,0.053281405115733094,0.05328140511573376,0.020905366589801355,0.020905366589801577,0.016209964565287338,0.016209964565287782,-0.011208361900587827,-0.01120836190058816,0.016209964565286894,0.016209964565287338,-0.011208361900587493,-0.011208361900588049,0.016209964565286672,0.016209964565287116,-0.011208361900587716,-0.01120836190058827,0.016209964565287116,0.016209964565287338,-0.011208361900588382,-0.01120836190058827,0.01620996456528756,0.016209964565287338,-0.011208361900588493,-0.011208361900587716,-0.00544802685167467,-0.005448026851674226,-0.010380827329468434,-0.0103808273294681,-0.005448026851674337,-0.005448026851674448,-0.010380827329467657,-0.010380827329467657,-0.005448026851674115,-0.005448026851674448,-0.010380827329467768,-0.010380827329467768,-0.005448026851674115,-0.005448026851673893,-0.01038082732946799,-0.010380827329468656,-0.010380827329467879,-0.010380827329467657,-0.005448026851674559,0.0030389067739862163,-0.005448026851674448,-0.005448026851674004,-0.005448026851674559,-0.005448026851674448,-0.005448026851674559,-0.005448026851673449
2018-03-31,50,0.01229904229315526,0.012299042293154816,-0.01055709383358161,-0.010557093833581832,0.010653490701848511,0.010653490701848956,0.008049095817545648,0.008049095817546092,0.012236115571212736,0.01223611557121318,-0.015783057005660517,-0.019868037342587352,-0.006873003318348281,-0.006873003318349058,-0.0067741556202004505,-0.006774155620200117,-0.003603690270366,-0.003603690270365334,-0.004796343508343903,-0.004796343508343681,0.07086371873010266,0.07859465535025412,0.058528321081525725,0.06292268630869335,-0.04333808975970832,-0.0433380897597081,-0.016024445821117728,-0.016024445821117506,-0.06192653209491461,-0.06192653209491428,-0.06596191718884759,-0.06596191718884803,-0.018790534007300908,-0.010280404258479092,0.021016374521014125,0.026148283659704674,-0.026323275690023906,-0.026323275690023906,-0.027089890658751004,-0.027089890658751337,-0.026323275690023684,-0.02632327569002324,-0.027089890658751115,-0.027089890658751115,-0.026323275690024128,-0.026323275690024128,-0.027089890658751004,-0.027089890658751004,-0.02632327569002324,-0.026323275690023573,-0.027089890658751115,-0.02708989065875156,-0.026323275690024128,-0.026323275690024128,-0.027089890658751448,-0.027089890658751448,0.0038643297805427412,0.003864329780542297,-0.003728664440490248,-0.003728664440490581,0.003864329780541631,0.003864329780542297,-0.003728664440490914,-0.003728664440490803,0.003864329780541853,0.003864329780541853,-0.003728664440490803,-0.003728664440490581,0.003864329780542519,0.003864329780542519,-0.003728664440491136,-0.003728664440490803,0.003864329780542297,0.003864329780542075,-0.003728664440491136,-0.003728664440490359,-0.010557093833581166,-0.010557093833581499,-0.011813524133440945,-0.011813524133440945,-0.010557093833581721,-0.010557093833581499,-0.011813524133441722,-0.011813524133441167,-0.010557093833581388,-0.010557093833581388,-0.011813524133441278,-0.0118135241334415,-0.01055709383358161,-0.010557093833580833,-0.01181352413344161,-0.011813524133440834,-0.011813524133441167,-0.011813524133440723,-0.01055709383358161,-0.012078900066319176,-0.010557093833581832,-0.010557093833580833,-0.010557093833581277,-0.010557093833581832,-0.01055709383358161,-0.010557093833580722
2018-03-31,10,0.015012976196866479,0.015012976196866257,-0.00730981963371613,-0.007309819633716352,0.01336151539435071,0.013361515394350043,0.009745370856891755,0.009745370856892643,0.017660028822621632,0.017660028822621854,-0.011036025179490871,-0.014508918351827327,-0.0015514833737728662,-0.0015514833737728662,-0.005032446510496391,-0.005032446510496169,0.0017353477908750303,0.0017353477908750303,0.001601127960079607,0.0016011279600784967,0.07660177907503996,0.08332957611040648,0.06193331426856519,0.06573154499883871,-0.04326925466367315,-0.04326925466367315,-0.014326120635549833,-0.014326120635548945,-0.05690000810995022,-0.05690000810995044,-0.06286965022582647,-0.06286965022582636,-0.013532872338114843,-0.0060931146147313875,0.024300702138766006,0.02879667975894984,-0.02006418588201564,-0.02006418588201575,-0.02081225441074297,-0.02081225441074286,-0.020064185882015417,-0.020064185882015195,-0.02081225441074297,-0.020812254410742526,-0.02006418588201564,-0.020064185882015306,-0.020812254410742526,-0.02081225441074308,-0.02006418588201564,-0.02006418588201575,-0.02081225441074208,-0.02081225441074286,-0.02006418588201575,-0.020064185882015417,-0.02081225441074286,-0.02081225441074297,0.007152201062867736,0.007152201062867292,0.0011010454363076239,0.0011010454363074018,0.007152201062867292,0.0071522010628668475,0.0011010454363071798,0.0011010454363074018,0.0071522010628666255,0.00715220106286707,0.0011010454363071798,0.0011010454363074018,0.007152201062867514,0.007152201062867514,0.001101045436307846,0.001101045436307846,0.007152201062867736,0.007152201062867736,0.0011010454363071798,0.001101045436308068,-0.007309819633716352,-0.00730981963371613,-0.007007114851782181,-0.007007114851782625,-0.007309819633716241,-0.007309819633716019,-0.007007114851782847,-0.007007114851782625,-0.0073098196337167964,-0.007309819633716241,-0.007007114851782625,-0.007007114851782847,-0.007309819633716574,-0.007309819633715575,-0.007007114851782181,-0.007007114851782514,-0.007007114851782736,-0.007007114851781959,-0.007309819633715797,-0.009568153015459213,-0.007309819633716241,-0.007309819633716352,-0.00730981963371613,-0.007309819633716352,-0.00730981963371613,-0.007309819633716463
2018-04-30,50,0.010325107508170284,0.010325107508169618,0.0071408938951145196,0.0071408938951145196,-0.053106128885054504,-0.053106128885055726,-0.05535018403062508,-0.05535018403062508,0.038217751071650374,0.038217751071650596,0.026698818972781035,0.029319350743640005,0.031064897192646823,0.031064897192647267,-0.0061210757533954885,-0.0061210757533952664,0.050424791918709744,0.05042479191870952,0.045524651182808906,0.04552465118280913,0.01740303392119369,0.017403033921195243,0.03450692502062447,0.03450692502062358,0.018392426441054432,0.0183924264410531,0.018668239160416267,0.018668239160416267,0.011793873205973027,0.011793873205973693,0.005889630329862783,0.005889630329862561,-0.0715653131203946,-0.07278604869304905,-0.04642869186276555,-0.047146888681051324,-0.0837451282631817,-0.08374512826318115,-0.0363703921215528,-0.036370392121552686,-0.037163063070817626,-0.037163063070817515,-0.03361980697817912,-0.033619806978179234,-0.037163063070817404,-0.03716306307081718,-0.03361980697817912,-0.033619806978179345,-0.08374512826318214,-0.0837451282631817,-0.03637039212155291,-0.0363703921215528,-0.08374512826318103,-0.08374512826318126,-0.036370392121552686,-0.036370392121552464,-0.028384619925345356,-0.02838461992534569,-0.029505492712888937,-0.029505492712888493,-0.04004091161463719,-0.040040911614637076,-0.03485685547040429,-0.034856855470404624,-0.0400409116146373,-0.040040911614637076,-0.03485685547040429,-0.03485685547040429,-0.0283846199253458,-0.02838461992534569,-0.029505492712888604,-0.029505492712888715,-0.028384619925345467,-0.0283846199253458,-0.02950549271288805,-0.029505492712888715,0.0071408938951142975,0.0071408938951145196,-0.008303617311977596,-0.00830361731197693,-0.03636417501609024,-0.03636417501609024,-0.032955830949913945,-0.03295583094991439,-0.03636417501609024,-0.03636417501609024,-0.03295583094991417,-0.032955830949913945,0.0071408938951142975,0.0071408938951140755,-0.008303617311977929,-0.008303617311977152,-0.008303617311977485,-0.008303617311977707,0.0071408938951140755,0.0071408938951140755,0.0071408938951140755,0.0071408938951140755,0.0071408938951145196,0.0071408938951145196,0.0071408938951145196,0.007140893895114742
2018-04-30,10,0.013085883277807575,0.013085883277808241,0.010463116926519023,0.010463116926519245,-0.050533603509249625,-0.05053360350925007,-0.050778899347984185,-0.05077889934798385,0.04382917162454669,0.04382917162454669,0.030001760781658726,0.031967302629186456,0.03401204617426812,0.03401204617426834,-0.0028308102265465207,-0.0028308102265461876,0.053278590549176164,0.05327859054917661,0.049013221394259565,0.04901322139425934,0.01741315633058038,0.017413156330580604,0.03630742596174663,0.03630742596174663,0.02114778626959435,0.021147786269593905,0.020420727557922236,0.020420727557921126,0.014512398831615592,0.014512398831615592,0.009144390846142603,0.009144390846142825,-0.06891409818739691,-0.06915894248233789,-0.04318195521595103,-0.04332608364548329,-0.07785516356951938,-0.07785516356951983,-0.030175888230498216,-0.030175888230498105,-0.03329236181683093,-0.03329236181683093,-0.029734861478594055,-0.029734861478593833,-0.033292361816830596,-0.03329236181683082,-0.029734861478594055,-0.029734861478593944,-0.07785516356951927,-0.07785516356951927,-0.03017588823049777,-0.030175888230497883,-0.07785516356951949,-0.07785516356951971,-0.030175888230497994,-0.030175888230498105,-0.023698367402625764,-0.023698367402626208,-0.024813534002769533,-0.024813534002769644,-0.03618177960102764,-0.03618177960102764,-0.0309768830300845,-0.03097688303008439,-0.036181779601027975,-0.03618177960102742,-0.03097688303008439,-0.030976883030084612,-0.02369836740262654,-0.02369836740262521,-0.024813534002769422,-0.0248135340027692,-0.023698367402625875,-0.023698367402626208,-0.02481353400276931,-0.024813534002769422,0.010463116926518357,0.010463116926518579,-0.005832476244448381,-0.005832476244448714,-0.03249026215183337,-0.03249026215183326,-0.029068216199963914,-0.029068216199964025,-0.03249026215183348,-0.03249026215183337,-0.029068216199963914,-0.029068216199964025,0.0104631169265188,0.010463116926518357,-0.005832476244448492,-0.005832476244448159,-0.005832476244448714,-0.005832476244448603,0.010463116926518357,0.0104631169265188,0.010463116926518357,0.010463116926518357,0.010463116926518357,0.010463116926519245,0.010463116926519023,0.0104631169265188
2018-05-31,50,0.012431810224205586,0.012431810224205808,0.04315776942790572,0.0431577694279055,0.06057318286680724,0.06057318286680746,0.06792364856431288,0.06792364856431243,0.036543076524457874,0.03654307652445743,0.0630609200908443,0.06306092009084452,0.0474767004866441,0.04747670048664454,0.006489545482285752,0.00648954548228553,0.021396492362935948,0.021396492362935504,0.04885372351157247,0.04885372351157202,0.10831158029871335,0.10831158029871335,0.11075824061651263,0.11075824061651329,0.1577307598287816,0.15773075982878226,0.18205628714658983,0.18205628714658983,0.01637181364034035,0.016371813640339683,0.09648107674603845,0.09648107674603845,0.011638451673997796,-0.010932139379779104,0.012137346627913548,-0.00031620286720190904,0.014117826118288157,0.014117826118288379,0.04938135310540415,0.04938135310540415,0.0,0.0,0.0,0.0,0.0,0.0,0.0,0.0,0.014117826118288601,0.014117826118288823,0.04938135310540348,0.049381353105403925,0.014117826118288379,0.014117826118288157,0.0493813531054037,0.04938135310540415,0.03499149602345564,0.03499149602345519,0.059031116730468014,0.05903111673046779,0.0,0.0,0.0,0.0,0.0,0.0,0.0,0.0,0.03499149602345519,0.03499149602345564,0.05903111673046846,0.059031116730468236,0.03499149602345586,0.03499149602345564,0.05903111673046779,0.059031116730468236,0.043157769427905945,0.04315776942790528,0.0574610643728688,0.05746106437286769,0.0,0.0,0.0,0.0,0.0,0.0,0.0,0.0,0.0431577694279055,0.04315776942790572,0.05746106437286924,0.057461064372868575,0.05746106437286924,0.05746106437286902,0.04315776942790528,0.04315776942790572,0.043157769427905945,0.04315776942790506,0.043157769427905945,0.0431577694279055,0.04315776942790572,0.04315776942790528
2018-05-31,10,0.017856772075643956,0.0178567720756444,0.04651331979644047,0.04651331979644113,0.06909188573472735,0.06909188573472735,0.07650139161374025,0.07650139161374092,0.044868765521084875,0.04486876552108421,0.06673594501329938,0.0667359450132996,0.04782015942537177,0.04782015942537177,0.009877365713388375,0.009877365713387931,0.02686949009997397,0.02686949009997397,0.05076019463643289,0.050760194636432665,0.11443367936348148,0.11443367936348126,0.11459815622241964,0.11459815622241987,0.16091796372772427,0.1609179637277245,0.18596413844703763,0.18596413844703785,0.019408162002829688,0.019408162002829465,0.10027231196654429,0.10027231196654429,0.01705916243432526,-0.006678585867631592,0.01554272264812373,0.002423547237442314,0.022263391717458836,0.02226339171745928,0.0561270952680204,0.05612709526802062,0.0,0.0,0.0,0.0,0.0,0.0,0.0,0.0,0.022263391717459502,0.022263391717459724,0.05612709526802062,0.05612709526802062,0.022263391717459724,0.022263391717459502,0.05612709526802062,0.05612709526802062,0.040093051065516194,0.040093051065515306,0.06334621709469745,0.06334621709469723,0.0,0.0,0.0,0.0,0.0,0.0,0.0,0.0,0.04009305106551553,0.04009305106551553,0.06334621709469812,0.06334621709469834,0.04009305106551575,0.04009305106551575,0.06334621709469745,0.06334621709469745,0.046513319796440245,0.04651331979644091,0.06100686187241866,0.06100686187241888,0.0,0.0,0.0,0.0,0.0,0.0,0.0,0.0,0.04651331979644047,0.04651331979644069,0.06100686187241866,0.06100686187241955,0.061006861872419105,0.06100686187241866,0.04651331979644047,0.04651331979644002,0.04651331979644047,0.04651331979644047,0.04651331979644047,0.04651331979644113,0.04651331979644047,0.04651331979644047
2018-06-30,50,-0.016394567080383116,-0.016394567080383338,0.008089421509937855,0.008089421509938077,0.08537082514909478,0.08537082514909411,0.04559729786085942,0.0455972978608592,0.011890041152488706,0.011890041152488484,0.01102264696391031,0.01102264696391031,0.04766786849676463,0.047667868496763965,0.03049573861362531,0.030495738613625756,0.0939548151587084,0.09395481515870796,0.07210177779945304,0.07210177779945304,0.14177312493070415,0.14177312493070482,0.09880556534883,0.09880556534883,0.06096757666767072,0.06096757666767072,0.03950644448212626,0.03950644448212515,0.011528219308903465,0.011528219308903687,-0.002317846878285623,-0.002317846878285401,0.01371478062080711,0.013714780620807332,0.024793465085314326,0.024793465085314326,0.018424583722809418,0.018424583722809418,-0.0006912576707458484,-0.0006912576707464035,-0.015217667716769356,-0.01521766771676969,-0.02251222422953225,-0.02251222422953303,-0.015217667716769245,-0.01521766771676858,-0.022512224229532807,-0.022512224229532696,0.01842458372280964,0.018424583722809196,-0.0006912576707470697,-0.0006912576707461815,0.018424583722809862,0.018424583722809862,-0.0006912576707464035,-0.0006912576707460705,0.02934579643039359,0.0293457964303927,0.008393377462761142,0.00839337746276092,0.02656161316883665,0.026561613168837095,-0.0002761789766401179,-0.00027617897664022895,0.02656161316883665,0.02656161316883665,-0.00027617897664022895,-0.0002761789766401179,0.029345796430393367,0.02934579643039381,0.008393377462760476,0.00839337746276092,0.029345796430393145,0.02934579643039359,0.008393377462761142,0.008393377462760476,0.008089421509937411,0.008089421509937633,-0.028310697202654778,-0.028310697202655555,0.0026408069934118483,0.0026408069934116263,-0.0361435457971333,-0.0361435457971333,0.0026408069934114042,0.0026408069934114042,-0.03614354579713308,-0.036143545797133525,0.008089421509938077,0.0080894215099383,-0.028310697202655333,-0.02831069720265511,-0.028310697202655444,-0.028310697202654667,0.008089421509938743,0.0080894215099383,0.008089421509938077,0.008089421509937411,0.008089421509937411,0.008089421509938077,0.008089421509937855,0.008089421509938077
2018-06-30,10,-0.008494082174980266,-0.008494082174980044,0.012951594023423052,0.012951594023423718,0.09118661961706476,0.09118661961706476,0.05064119728339089,0.050641197283391115,0.017312100016767307,0.017312100016767307,0.017521807709241388,0.0175218077092405,0.05058788720074281,0.05058788720074303,0.03546598028925496,0.03546598028925585,0.09981660563141137,0.09981660563141226,0.07400172809823102,0.07400172809822969,0.14534659441049036,0.14534659441049036,0.10431004203917094,0.10431004203917071,0.06670445585079898,0.06670445585079876,0.04300727714169117,0.04300727714169117,0.016948339405870483,0.016948339405870483,0.002494129756522856,0.00249412975652219,0.01661633361810133,0.01661633361810133,0.028404014891967755,0.028404014891967755,0.02660474192619655,0.02660474192619633,0.006534140849402625,0.0065341408494032915,-0.011282473581771701,-0.011282473581770702,-0.018606179171508752,-0.018606179171509196,-0.01128247358177048,-0.011282473581770813,-0.018606179171509085,-0.018606179171509307,0.026604741926196995,0.02660474192619655,0.006534140849403514,0.0065341408494030695,0.02660474192619633,0.02660474192619633,0.006534140849403514,0.006534140849403514,0.0359627439474659,0.03596274394746568,0.013257016003215494,0.013257016003215272,0.030663757477203735,0.030663757477203957,0.0037187214070699692,0.003718721407069303,0.030663757477203513,0.030663757477203735,0.003718721407069081,0.003718721407069303,0.03596274394746568,0.0359627439474659,0.013257016003215272,0.013257016003214606,0.03596274394746546,0.0359627439474659,0.01325701600321505,0.013257016003215494,0.01295159402342394,0.012951594023423274,-0.02508736844224002,-0.025087368442240243,0.006647363664714412,0.006647363664713524,-0.03229197155456398,-0.03229197155456376,0.00664736366471419,0.006647363664713302,-0.0322919715545642,-0.03229197155456354,0.012951594023423274,0.01295159402342283,-0.025087368442240132,-0.02508736844223991,-0.02508736844223991,-0.025087368442239133,0.012951594023423052,0.012951594023423274,0.012951594023423274,0.01295159402342394,0.012951594023423274,0.012951594023423718,0.012951594023423052,0.012951594023423496
2018-07-31,50,0.06256257594049308,0.06256257594049375,-0.01641729082250931,-0.016417290822509423,0.03360773381646487,0.033607733816464425,0.0014480583926892443,0.0014480583926899104,-0.09605951282528014,-0.0960595128252798,-0.012333934660206824,-0.012333934660207158,-0.04816419905546132,-0.048164199055460766,0.020428128250526756,0.020428128250526978,-0.06265400930669662,-0.06265400930669618,-0.028986745742578757,-0.028986745742578313,0.00956199820581971,0.009561998205818156,-0.03193143239217289,-0.031931432392172,-0.04285535171195598,-0.042855351711955536,-0.03219739702255486,-0.03219739702255453,-0.07522551342382988,-0.075225513423829,-0.04279096232364432,-0.042790962323644544,-0.05131198504999357,-0.053064638615787585,-0.037279836503243846,-0.038324251208219584,0.012802792303182597,0.012802792303182375,-0.0013473742160752256,-0.0013473742160756697,0.012802792303182597,0.012802792303183042,-0.0013473742160764468,-0.0013473742160766689,0.012802792303182153,0.01280279230318282,-0.0013473742160754476,-0.0013473742160753366,0.012802792303183042,0.01280279230318282,-0.0013473742160755586,-0.0013473742160758917,0.01280279230318282,0.012802792303182153,-0.0013473742160758917,-0.0013473742160752256,-0.0035549121280901153,-0.0035549121280904483,-0.02483136493308158,-0.024831364933081357,-0.0035549121280901153,-0.0035549121280907814,-0.024831364933080913,-0.024831364933081246,-0.0035549121280903373,-0.0035549121280905593,-0.024831364933081135,-0.024831364933081246,-0.0035549121280903373,-0.0035549121280902263,-0.024831364933080358,-0.024831364933081357,-0.0035549121280903373,-0.0035549121280905593,-0.02483136493308169,-0.024831364933081024,-0.01641729082250898,-0.016417290822509534,-0.009962393584657114,-0.009962393584657447,-0.01641729082250898,-0.016417290822509645,-0.009962393584656892,-0.009962393584657114,-0.01641729082250898,-0.016417290822509423,-0.009962393584656892,-0.009962393584657225,-0.016417290822508868,-0.016417290822508646,-0.009962393584656892,-0.009962393584657003,-0.009962393584657003,-0.009962393584657003,-0.016417290822508868,-0.00315202330796005,-0.016417290822509423,-0.017261826801780455,-0.016417290822509645,-0.016417290822509423,-0.01641729082250931,-0.01641729082250931
2018-07-31,10,0.06825615587450162,0.0682561558745014,-0.011673318004960187,-0.011673318004960076,0.03914268873703808,0.039142688737037634,0.006278198575995431,0.006278198575995209,-0.09362130503815758,-0.09362130503815658,-0.009116111598626353,-0.009116111598626908,-0.04306393170233036,-0.04306393170232947,0.02371498373124603,0.02371498373124492,-0.060104577183334396,-0.060104577183334285,-0.024301280709597695,-0.024301280709596695,0.015332486009064894,0.015332486009064894,-0.028648942585448922,-0.028648942585447923,-0.040226374531348585,-0.04022637453134881,-0.03052607927459494,-0.03052607927459494,-0.07253039306874653,-0.07253039306874598,-0.03961187435839508,-0.03961187435839586,-0.04596111057150565,-0.0466285081100255,-0.030933842626960306,-0.031331924308022785,0.017687698139156716,0.01768769813915627,0.005072268274829206,0.005072268274828984,0.017687698139156938,0.01768769813915605,0.005072268274828984,0.00507226827482854,0.017687698139156494,0.017687698139156494,0.005072268274828984,0.005072268274828984,0.01768769813915627,0.01768769813915605,0.005072268274828318,0.005072268274828762,0.017687698139156716,0.017687698139156494,0.005072268274828318,0.005072268274828984,-0.0003274988292025771,-0.00032749882920268814,-0.021630675611976402,-0.021630675611975625,-0.00032749882920279916,-0.00032749882920279916,-0.021630675611976513,-0.021630675611976513,-0.00032749882920224405,-0.00032749882920279916,-0.021630675611976624,-0.02163067561197618,-0.0003274988292025771,-0.00032749882920235507,-0.021630675611977068,-0.021630675611976846,-0.0003274988292029102,-0.0003274988292029102,-0.021630675611976402,-0.02163067561197629,-0.011673318004960631,-0.011673318004960409,-0.005187287790947459,-0.005187287790947015,-0.011673318004960298,-0.011673318004960298,-0.005187287790947792,-0.005187287790948014,-0.011673318004960187,-0.011673318004959743,-0.005187287790947237,-0.005187287790947237,-0.011673318004959965,-0.011673318004959743,-0.005187287790947903,-0.005187287790947903,-0.005187287790947348,-0.005187287790947903,-0.01167331800496052,0.0030958192941503704,-0.011673318004959743,-0.011843039866564986,-0.011673318004960409,-0.011673318004960076,-0.011673318004960187,-0.011673318004959854
2018-08-31,50,0.15888774166183328,0.1588877416618324,0.10105525325466158,0.10105525325466114,0.18480837581485154,0.18480837581485177,0.14083790635440363,0.1408379063544034,0.32949402009130035,0.329494020091301,0.22768926625185948,0.22768926625186037,0.2417985117783279,0.24179851177832812,0.16961092253845078,0.16961092253845145,0.27976424727669125,0.279764247276691,0.20367749224115195,0.20367749224115372,0.06395060812092157,0.06395060812092201,0.22268088167574152,0.22268088167574152,0.14435225591184153,0.14435225591184242,0.11297320795264953,0.11297320795264909,0.08037062886528745,0.08037062886528745,0.13831903600919593,0.1383190360091957,0.056254456803756625,0.04698967853239444,0.04983792208499671,0.04438713289783114,0.09202193447848517,0.09202193447848384,0.060267743886311065,0.06026774388631195,0.0920219344784845,0.09202193447848428,0.06026774388631129,0.06026774388631262,0.09202193447848495,0.09202193447848428,0.06026774388631129,0.060267743886312175,0.09202193447848428,0.09202193447848539,0.06026774388631195,0.060267743886312175,0.09202193447848472,0.09202193447848428,0.06026774388631084,0.06026774388631151,0.08338338583047222,0.08338338583047245,0.07789512691557965,0.07789512691557898,0.08338338583047222,0.08338338583047178,0.07789512691557943,0.07789512691557987,0.08338338583047245,0.08338338583047222,0.07789512691557965,0.07789512691557943,0.08338338583047156,0.08338338583047156,0.07789512691557965,0.07789512691558009,0.08338338583047222,0.08338338583047245,0.07789512691557987,0.07789512691557987,0.10105525325466092,0.1010552532546598,0.06811150430882029,0.06811150430882074,0.10105525325466114,0.10105525325466114,0.06811150430881985,0.06811150430882051,0.10105525325466136,0.10105525325466092,0.06811150430882029,0.06811150430882029,0.10105525325466069,0.10105525325466158,0.06811150430882051,0.06811150430882074,0.06811150430882029,0.06811150430882051,0.10105525325466114,0.10354429363592876,0.10105525325466069,0.10148030437544642,0.1010552532546598,0.10105525325466114,0.10105525325466158,0.10105525325466136
2018-08-31,10,0.16207949809836086,0.1620794980983602,0.10636581447469973,0.1063658144747004,0.19115699127235897,0.19115699127235874,0.1463403455153165,0.14634034551531694,0.3330583412505248,0.33305834125052414,0.22989238201364115,0.22989238201364115,0.24512772473012578,0.24512772473012578,0.173479833702761,0.17347983370276077,0.2866216693274397,0.28662166932744015,0.20755022563368541,0.2075502256336852,0.06696987347125516,0.06696987347125472,0.22665150551049695,0.22665150551049718,0.14773045197895174,0.14773045197895107,0.11498588593386438,0.11498588593386483,0.08347145047010818,0.08347145047010862,0.14216676084310542,0.14216676084310564,0.05950126507381959,0.051395034399625006,0.05351259808610043,0.04875371988715416,0.09904178325330237,0.09904178325330326,0.06793390016328194,0.06793390016328216,0.09904178325330282,0.09904178325330282,0.06793390016328238,0.06793390016328194,0.09904178325330171,0.09904178325330326,0.06793390016328194,0.06793390016328194,0.0990417832533026,0.09904178325330193,0.06793390016328216,0.06793390016328216,0.0990417832533026,0.09904178325330237,0.06793390016328171,0.06793390016328216,0.0903477033900022,0.09034770339000198,0.08482349548803936,0.08482349548803914,0.09034770339000264,0.09034770339000153,0.08482349548803869,0.08482349548803914,0.09034770339000153,0.09034770339000264,0.08482349548803914,0.08482349548803869,0.09034770339000175,0.09034770339000198,0.0848234954880398,0.08482349548803891,0.09034770339000175,0.09034770339000242,0.08482349548803914,0.08482349548803914,0.10636581447469973,0.10636581447470128,0.07326804715755908,0.07326804715755864,0.1063658144747004,0.1063658144747004,0.07326804715755886,0.07326804715755841,0.1063658144747004,0.10636581447470017,0.07326804715755886,0.07326804715755797,0.1063658144747004,0.1063658144747004,0.07326804715755864,0.07326804715755886,0.07326804715755819,0.07326804715755864,0.1063658144747004,0.1072751419965916,0.10636581447469973,0.10603252250031447,0.10636581447469995,0.1063658144747004,0.10636581447469973,0.10636581447469995
2018-09-30,50,0.07985908222708304,0.07985908222708327,0.05009998657268744,0.050099986572686994,0.09906252800103443,0.09906252800103421,0.06717717380678412,0.06717717380678367,0.11296687330735145,0.11296687330735056,0.0938856725319448,0.09388567253194413,0.10305651365791157,0.10305651365791157,0.061699992820165805,0.06169999282016603,0.09739898593441731,0.09739898593441754,0.0832505792269953,0.08325057922699619,0.0482650893888521,0.04826508938885188,0.061195451414385094,0.06119545141438487,0.00609105243802488,0.00609105243802488,0.006399599079637053,0.006399599079636831,0.0058406676641904465,0.0058406676641908906,0.02302388396916366,0.023023883969164105,0.03309708242748566,0.0330970824274861,0.014009138361881668,0.014009138361881668,0.06187287445831058,0.06187287445830947,0.024488762695062505,0.024488762695062283,0.061872874458310356,0.06187287445830947,0.024488762695062505,0.024488762695062283,0.06187287445830991,0.061872874458309024,0.02448876269506206,0.02448876269506206,0.061872874458310356,0.061872874458309246,0.02448876269506206,0.024488762695062727,0.06187287445830969,0.06187287445830969,0.024488762695062505,0.024488762695062727,0.0362603066225482,0.03626030662254753,0.013548098195693248,0.013548098195692804,0.03626030662254798,0.0362603066225482,0.013548098195692804,0.013548098195691693,0.03626030662254731,0.0362603066225482,0.013548098195692582,0.013548098195692138,0.03626030662254753,0.03626030662254798,0.013548098195693248,0.01354809819569236,0.0362603066225482,0.0362603066225482,0.01354809819569347,0.013548098195692582,0.05009998657268766,0.05009998657268788,0.011705125476178191,0.011705125476178413,0.050099986572686994,0.050099986572687216,0.011705125476177525,0.011705125476177747,0.05009998657268744,0.05009998657268788,0.011705125476177525,0.011705125476177969,0.05009998657268766,0.050099986572687216,0.011705125476177969,0.011705125476177969,0.011705125476177969,0.011705125476177747,0.050099986572686994,0.05009998657268788,0.050099986572686994,0.05009998657268766,0.05009998657268766,0.050099986572686994,0.05009998657268744,0.050099986572687216
2018-09-30,10,0.08564534285901093,0.08564534285901138,0.05685034832956859,0.05685034832956859,0.1049516873760552,0.10495168737605542,0.0708346360877441,0.07083463608774498,0.11595069370525857,0.11595069370525923,0.09916165374590591,0.09916165374590635,0.10601376477152069,0.10601376477152025,0.06368474730264206,0.06368474730264184,0.10327923147232032,0.10327923147232032,0.08674872231061115,0.08674872231061137,0.05393985892521602,0.05393985892521602,0.0648915078990897,0.06489150789909037,0.008933339650723182,0.008933339650723626,0.008110220786337496,0.008110220786337052,0.013919749729174313,0.013919749729174313,0.02652265204168547,0.026522652041685912,0.03586677505850355,0.03586677505850311,0.015948000220873393,0.015948000220873393,0.06869891591537791,0.06869891591537813,0.031896222748531544,0.03189622274853221,0.06869891591537791,0.06869891591537769,0.031896222748531766,0.031896222748531544,0.06869891591537813,0.06869891591537791,0.031896222748531544,0.031896222748531766,0.0686989159153788,0.06869891591537858,0.031896222748531766,0.03189622274853132,0.06869891591537813,0.06869891591537858,0.03189622274853199,0.031896222748531766,0.042921702711914644,0.042921702711914644,0.019314845674345493,0.01931484567434527,0.04292170271191398,0.04292170271191442,0.019314845674345493,0.019314845674345937,0.04292170271191442,0.042921702711914866,0.01931484567434527,0.019314845674345493,0.042921702711914866,0.04292170271191442,0.019314845674345493,0.019314845674345715,0.04292170271191398,0.0429217027119142,0.019314845674345715,0.01931484567434616,0.05685034832956859,0.056850348329567923,0.018256126881404322,0.018256126881404322,0.05685034832956837,0.056850348329568146,0.0182561268814041,0.018256126881404766,0.056850348329567923,0.05685034832956859,0.018256126881404322,0.018256126881404322,0.056850348329568146,0.056850348329567923,0.018256126881404322,0.0182561268814041,0.0182561268814041,0.0182561268814041,0.05685034832956837,0.05685034832956859,0.05685034832956859,0.056850348329567923,0.05685034832956881,0.05685034832956859,0.05685034832956859,0.056850348329568146
2018-10-31,50,-0.18833087474352128,-0.12797794345046243,-0.1050878673311213,-0.06898110861944284,-0.22245684117928788,-0.16743310773470077,-0.18368338653935545,-0.15077427420841816,-0.2593271250381153,-0.2126106090771147,-0.2126077802093732,-0.18473462633076976,-0.32804631920439864,-0.16500820455747256,-0.2670062271904996,-0.18455453517699294,-0.24686753021355623,-0.19256160854783722,-0.2025629939943392,-0.1743961376342409,-0.25725749309620927,-0.20328556132651987,-0.2148106667958345,-0.2032362183959232,-0.25859411591714265,-0.18229659727376168,-0.20922603010381413,-0.15808727209974094,-0.15067974364413328,-0.17651448948674386,-0.129455476739176,-0.1450425530668289,-0.14335263444143787,-0.15103891981925066,-0.1215366009983413,-0.1261502332095943,-0.12418832636243426,-0.08438683613933906,-0.08538210266182278,-0.06952289811217538,-0.12418832636243404,-0.08438683613933895,-0.08538210266182289,-0.06952289811217571,-0.12418832636243404,-0.08438683613933828,-0.08538210266182256,-0.06952289811217516,-0.12418832636243426,-0.08438683613933906,-0.08538210266182267,-0.06952289811217582,-0.12418832636243415,-0.08438683613933895,-0.08538210266182267,-0.06952289811217549,-0.15406710960364822,-0.09650346568824819,-0.1375369418234048,-0.11871736386136589,-0.15406710960364778,-0.09650346568824753,-0.13753694182340503,-0.118717363861366,-0.15406710960364767,-0.09650346568824797,-0.13753694182340503,-0.11871736386136578,-0.1540671096036479,-0.09650346568824786,-0.13753694182340448,-0.11871736386136589,-0.154067109603648,-0.0965034656882473,-0.13753694182340492,-0.11871736386136567,-0.10508786733112141,-0.06898110861944273,-0.12335656706229081,-0.10236661458846252,-0.10508786733112119,-0.06898110861944262,-0.12335656706229048,-0.10236661458846119,-0.1050878673311213,-0.06898110861944251,-0.12335656706229026,-0.10236661458846208,-0.1050878673311213,-0.06898110861944295,-0.12335656706229081,-0.10236661458846141,-0.1233565670622907,-0.10236661458846208,-0.12331983066861119,-0.04116740691105447,-0.10508786733112185,-0.05178537053495191,-0.10508786733112141,-0.06898110861944284,-0.1050878673311213,-0.09900547522125858
2018-10-31,10,-0.18615029770222746,-0.12348324513350406,-0.10077156653418484,-0.06320047119925365,-0.2182904944368682,-0.16082728539843982,-0.1797461641902468,-0.14539632285332116,-0.2572514000721632,-0.20722970632410054,-0.20875675327496646,-0.17884942935967862,-0.32619397374096315,-0.16051070907631781,-0.26579964952722523,-0.18063052440550897,-0.24475890769396502,-0.1881896654481242,-0.2024184043493169,-0.17231922387677379,-0.25327292502186216,-0.19690779483718224,-0.21223198228220153,-0.1980810518325974,-0.2566064359123631,-0.1779735765464574,-0.20915144275423603,-0.15606433685933097,-0.14838513966908373,-0.17212440208004842,-0.1252312892844777,-0.1395848018474668,-0.14100961980523585,-0.14762929930568303,-0.11870236895189867,-0.12267772602119476,-0.11996415005853811,-0.0786701995072433,-0.07950266093694347,-0.06256720848904207,-0.11996415005853878,-0.07867019950724308,-0.07950266093694325,-0.06256720848904207,-0.119964150058539,-0.07867019950724341,-0.07950266093694369,-0.06256720848904229,-0.11996415005853911,-0.07867019950724308,-0.07950266093694369,-0.06256720848904163,-0.11996415005853933,-0.07867019950724352,-0.07950266093694347,-0.06256720848904196,-0.14995027162625085,-0.09081806937973202,-0.13473146872802366,-0.11424804994577342,-0.14995027162625096,-0.09081806937973136,-0.13473146872802355,-0.11424804994577353,-0.14995027162625119,-0.0908180693797318,-0.13473146872802355,-0.11424804994577364,-0.1499502716262513,-0.09081806937973191,-0.13473146872802366,-0.11424804994577387,-0.14995027162625119,-0.09081806937973202,-0.13473146872802355,-0.11424804994577331,-0.10077156653418418,-0.0632004711992532,-0.11980708430505038,-0.09746117554487332,-0.10077156653418484,-0.06320047119925287,-0.1198070843050506,-0.09746117554487288,-0.10077156653418484,-0.06320047119925365,-0.11980708430505005,-0.09746117554487366,-0.10077156653418462,-0.0632004711992541,-0.11980708430505005,-0.09746117554487299,-0.11980708430505005,-0.0974611755448731,-0.11555012463221015,-0.0351402664973931,-0.10077156653418462,-0.04585233337461858,-0.10077156653418462,-0.06320047119925365,-0.10077156653418484,-0.09417097593087775
2018-11-30,50,0.023912863452584032,-0.0008645727504228429,0.01433916586064976,0.0008264249082317043,0.04228893536521383,0.008720494452091554,0.038070329618483445,0.018550718569425362,0.046233268949995576,0.0,0.043269637021591256,0.01672932853952669,0.049390099757016914,0.006717797886604648,0.035269558820300695,0.004130002446601111,0.04085457050431529,0.006789453946123958,0.038227726932562156,0.01497047400866891,0.054671131757987323,0.019423839826722578,0.04771533667114869,0.011769824787083438,0.030591659747749134,0.006830910456950168,0.02845470268004613,0.005691420395849356,0.018635931634534808,0.006718106895881704,0.018677071132836343,0.011752037435349472,0.020121555441248384,0.014748096571869151,0.017608731756701745,0.014461952616664497,0.08410306555630265,0.06932330238146744,0.052274503554541774,0.04542563656104326,0.01825389434428404,0.004371864223339239,0.008870051334514795,0.0023036879265116994,0.01825389434428404,0.004371864223339017,0.008870051334514795,0.0023036879265119214,0.01825389434428426,0.004371864223339017,0.008870051334514795,0.0023036879265116994,0.01825389434428426,0.004371864223339017,0.008870051334514573,0.0023036879265116994,0.0934735950868606,0.07264542224781656,0.04770861221462219,0.03442599117508749,0.019611968572622596,0.00019069090701928637,0.010653697732655454,-0.002159149191271914,0.019611968572622596,0.00019069090701950842,0.010653697732655232,-0.002159149191271914,0.019611968572622596,0.00019069090701950842,0.010653697732655232,-0.002159149191271914,0.019611968572622596,0.00019069090701950842,0.010653697732655454,-0.002159149191271914,0.03053462411275709,0.016806131822588943,0.017988106333110432,0.005224475682212404,0.014339165860649983,0.0008264249082317043,0.01392030632753194,0.001207678135807022,0.01433916586064976,0.0008264249082317043,0.013920306327531717,0.0012076781358072441,0.014339165860649983,0.0008264249082317043,0.013920306327531717,0.001207678135807022,0.01392030632753194,0.001207678135807022,0.0,0.0008024520728819873,0.01433916586064976,0.0008114378095023245,0.01433916586064976,0.0008264249082317043,0.01433916586064976,0.000869757669970106
2018-11-30,10,0.028029096069478898,0.0006891622487938953,0.018416911251044166,0.0034659387101521055,0.04647904163803873,0.010187343023418283,0.042243476672225944,0.021111309811585377,0.0504392318402469,0.0,0.04746368581363791,0.018457367278395864,0.053608753424382094,0.008121218056395874,0.03943144649395003,0.004990124589290712,0.04503891048624209,0.008207965887828461,0.04240150673932619,0.0166779440883027,0.05891101570475299,0.02084096521819645,0.05192725762259043,0.012621614307913864,0.0347347417969861,0.008258154899799974,0.03258919394710169,0.007409053783417274,0.022730950455176258,0.008121592141825618,0.022772255338395997,0.014273723388150694,0.024222546618901664,0.017527457719853423,0.02169962113059798,0.017781895519796143,0.0910720094357631,0.0746781447301843,0.05819448452688292,0.05021443370659884,0.022347377336623175,0.00698613221144706,0.012925810334854626,0.005287139408249875,0.022347377336622953,0.006986132211446838,0.012925810334854404,0.005287139408250097,0.022347377336622953,0.006986132211446838,0.012925810334854626,0.005287139408250097,0.022347377336623175,0.00698613221144706,0.012925810334854404,0.005287139408249875,0.10050277557711418,0.0780108768195098,0.054443601490577365,0.039191939650881746,0.023710911159849246,0.0027884721784594557,0.01471662717077682,3.958343050580737e-05,0.023710911159849468,0.0027884721784594557,0.014716627170776597,3.958343050580737e-05,0.023710911159849246,0.0027884721784594557,0.014716627170776597,3.958343050580737e-05,0.023710911159849246,0.0027884721784594557,0.014716627170776597,3.958343050580737e-05,0.035505053339214054,0.020303216598884788,0.02371519579427761,0.009456221901844586,0.018416911251044388,0.0034659387101521055,0.017996367860506624,0.0038170495388214487,0.018416911251044388,0.0034659387101521055,0.017996367860506624,0.0038170495388214487,0.018416911251044388,0.0034659387101523276,0.017996367860506624,0.0038170495388214487,0.017996367860506624,0.0038170495388214487,0.0,0.0033651417276334694,0.01841691125104461,0.0034029216483926206,0.018416911251044388,0.0034659387101521055,0.018416911251044166,0.004351029003352602
2018-12-31,50,0.0,0.0,0.0,0.0,0.0,0.0,0.0,0.0,0.0,0.0,0.0,0.0,0.0,0.0,0.0,0.0,0.0,0.0,0.0,0.0,0.0,0.0,0.0,0.0,0.0,0.0,0.0,0.0,0.0,0.0,0.0,0.0,0.0,0.0,0.0,0.0,-0.09671528570795485,-0.08876354364284844,-0.12518015581381414,-0.13501696803708552,0.0,0.0,0.0,0.0,0.0,0.0,0.0,0.0,0.0,0.0,0.0,0.0,0.0,0.0,0.0,0.0,-0.08205897450228605,-0.09000699043002025,-0.09698755545032955,-0.10259135390363927,0.0,0.0,0.0,0.0,0.0,0.0,0.0,0.0,0.0,0.0,0.0,0.0,0.0,0.0,0.0,0.0,-0.12633216319336982,-0.13751093345750198,-0.09081077695178186,-0.09642915527605489,0.0,0.0,0.0,0.0,0.0,0.0,0.0,0.0,0.0,0.0,0.0,0.0,0.0,0.0,0.0,0.0,0.0,0.0,0.0,0.0,0.0,0.0
2018-12-31,10,0.0,0.0,0.0,0.0,0.0,0.0,0.0,0.0,0.0,0.0,0.0,0.0,0.0,0.0,0.0,0.0,0.0,0.0,0.0,0.0,0.0,0.0,0.0,0.0,0.0,0.0,0.0,0.0,0.0,0.0,0.0,0.0,0.0,0.0,0.0,0.0,-0.09090869712696403,-0.08224353333520462,-0.12096076325806038,-0.12958707121549784,0.0,0.0,0.0,0.0,0.0,0.0,0.0,0.0,0.0,0.0,0.0,0.0,0.0,0.0,0.0,0.0,-0.07903169723325953,-0.08639277325138284,-0.09480110336527281,-0.09980159567979274,0.0,0.0,0.0,0.0,0.0,0.0,0.0,0.0,0.0,0.0,0.0,0.0,0.0,0.0,0.0,0.0,-0.12352181511593352,-0.13350499211104383,-0.08788616638770463,-0.09290364719386024,0.0,0.0,0.0,0.0,0.0,0.0,0.0,0.0,0.0,0.0,0.0,0.0,0.0,0.0,0.0,0.0,0.0,0.0,0.0,0.0,0.0,0.0
2019-01-31,50,0.0,0.0,0.0,0.0,0.0,0.0,0.0,0.0,0.0,0.0,0.0,0.0,0.0,0.0,0.0,0.0,0.0,0.0,0.0,0.0,0.0,0.0,0.0,0.0,0.0,0.0,0.0,0.0,0.0,0.0,0.0,0.0,0.0,0.0,0.0,0.0,0.05954504633800939,0.0568527684120923,0.06850073117381661,0.0695649234701845,0.0,0.0,0.0,0.0,0.0,0.0,0.0,0.0,0.0,0.0,0.0,0.0,0.0,0.0,0.0,0.0,0.12346020773555755,0.12520671004952266,0.12075891376203907,0.12085420902114197,0.0,0.0,0.0,0.0,0.0,0.0,0.0,0.0,0.0,0.0,0.0,0.0,0.0,0.0,0.0,0.0,0.06507158832947701,0.06528132184304503,0.08218097475369657,0.08228479610262984,0.0,0.0,0.0,0.0,0.0,0.0,0.0,0.0,0.0,0.0,0.0,0.0,0.0,0.0,0.0,0.0,0.0,0.0,0.0,0.0,0.0,0.0
2019-01-31,10,0.0,0.0,0.0,0.0,0.0,0.0,0.0,0.0,0.0,0.0,0.0,0.0,0.0,0.0,0.0,0.0,0.0,0.0,0.0,0.0,0.0,0.0,0.0,0.0,0.0,0.0,0.0,0.0,0.0,0.0,0.0,0.0,0.0,0.0,0.0,0.0,0.06805549103974395,0.06457277691252039,0.07708310944819585,0.07659766402404933,0.0,0.0,0.0,0.0,0.0,0.0,0.0,0.0,0.0,0.0,0.0,0.0,0.0,0.0,0.0,0.0,0.13248402980483065,0.13348333172749105,0.12886244518723555,0.12818479366746205,0.0,0.0,0.0,0.0,0.0,0.0,0.0,0.0,0.0,0.0,0.0,0.0,0.0,0.0,0.0,0.0,0.07191819209114825,0.07060545287312481,0.08740050238467023,0.08676274986646249,0.0,0.0,0.0,0.0,0.0,0.0,0.0,0.0,0.0,0.0,0.0,0.0,0.0,0.0,0.0,0.0,0.0,0.0,0.0,0.0,0.0,0.0
2019-02-28,50,0.0,0.0,0.0,0.0,0.0,0.0,0.0,0.0,0.0,0.0,0.0,0.0,0.0,0.0,0.0,0.0,0.0,0.0,0.0,0.0,0.0,0.0,0.0,0.0,0.0,0.0,0.0,0.0,0.0,0.0,0.0,0.0,0.0,0.0,0.0,0.0,0.016968833589352972,0.016968833589353194,0.0620861074907304,0.06208610749072929,0.02179415959660047,0.021794159596601137,0.06495762125537463,0.06495762125537441,0.0,0.0,0.0,0.0,0.0,0.0,0.0,0.0,0.0,0.0,0.0,0.0,0.012756793480170892,0.012756793480170892,0.008789813966476823,0.008789813966477045,0.015021207701315653,0.015021207701315875,0.007353257052766571,0.007353257052766793,0.0,0.0,0.0,0.0,0.0,0.0,0.0,0.0,0.0,0.0,0.0,0.0,0.021942254348206847,0.021942254348206847,0.020174536231829077,0.020174536231828633,0.021854994697669383,0.021854994697669827,0.02056045279370977,0.020560452793710216,0.0,0.0,0.0,0.0,0.0,0.0,0.0,0.0,0.0,0.0,0.0,0.0,0.0,0.0,0.0,0.0,0.0,0.0
2019-02-28,10,0.0,0.0,0.0,0.0,0.0,0.0,0.0,0.0,0.0,0.0,0.0,0.0,0.0,0.0,0.0,0.0,0.0,0.0,0.0,0.0,0.0,0.0,0.0,0.0,0.0,0.0,0.0,0.0,0.0,0.0,0.0,0.0,0.0,0.0,0.0,0.0,0.025137298961885213,0.025137298961885435,0.07061696242466664,0.07061696242466664,0.025877253141442402,0.02587725314144218,0.0692131961654856,0.06921319616548605,0.0,0.0,0.0,0.0,0.0,0.0,0.0,0.0,0.0,0.0,0.0,0.0,0.019267101846179635,0.019267101846179635,0.01451951052116729,0.014519510521167511,0.019077236503318273,0.019077236503317607,0.011378644693337714,0.011378644693337714,0.0,0.0,0.0,0.0,0.0,0.0,0.0,0.0,0.0,0.0,0.0,0.0,0.030150667075967474,0.030150667075967474,0.025954032000191418,0.025954032000191862,0.025938331339818488,0.025938331339818488,0.024638616441237993,0.02463861644123755,0.0,0.0,0.0,0.0,0.0,0.0,0.0,0.0,0.0,0.0,0.0,0.0,0.0,0.0,0.0,0.0,0.0,0.0
2019-03-31,50,-0.007137546653870341,-0.007137546653870008,0.021878501126712413,0.021878501126712413,-0.02506777373312663,-0.02506777373312674,-0.01856388076676363,-0.018563880766764074,0.0071152901859550255,0.007115290185954581,-0.012662812524114497,-0.012662812524114386,0.04900288480448256,0.049002884804483005,0.03635180632347779,0.03635180632347734,0.016554650320618203,0.016554650320618203,0.05139773128396907,0.05139773128396952,-0.025067773733127408,-0.025067773733127297,0.0033790808416129803,0.0033790808416134244,0.04855547574302488,0.048555475743024656,-0.0023103599749338954,-0.002310359974932674,-0.01126388339447204,-0.01126388339447204,0.007906755866305515,0.00790675586630507,-0.027970890777708646,-0.027970890777708868,0.0015963721702842992,0.0015963721702847433,0.033213737310211044,0.033213737310211267,0.02551083625523809,0.02551083625523831,0.0332137373102106,0.033213737310211267,0.025510836255237868,0.02551083625523809,0.021150623382047096,0.02115062338204754,0.020747938961525936,0.020747938961525714,0.021150623382046874,0.021150623382046874,0.020747938961525714,0.020747938961525714,0.021150623382047096,0.021150623382046874,0.020747938961525714,0.020747938961525936,0.04201264708547603,0.042012647085476695,0.023192284681188946,0.023192284681188058,0.04201264708547692,0.042012647085476695,0.023192284681188724,0.02319228468118828,0.028591085152572804,0.028591085152572804,0.013494566710426037,0.013494566710426037,0.02859108515257347,0.028591085152572582,0.013494566710425815,0.013494566710425815,0.028591085152573248,0.028591085152573248,0.013494566710425815,0.013494566710425593,0.025270011808366855,0.025270011808366855,0.023701018305815058,0.023701018305815058,0.025270011808366855,0.02527001180836619,0.023701018305815058,0.023701018305814392,0.021878501126712857,0.021878501126712857,0.014182180793704813,0.014182180793705479,0.021878501126712635,0.0218785011267133,0.014182180793705257,0.014182180793705479,0.014182180793704813,0.01418218079370459,0.021878501126712635,0.021878501126712635,0.02187850112671197,0.02187850112671219,0.021878501126712413,0.021878501126712413,0.021878501126712413,0.021878501126712635
2019-03-31,10,-0.00317006432281719,-0.0031700643228166347,0.02596193170064587,0.025961931700645202,-0.021171940661131372,-0.021171940661131705,-0.014642058112485423,-0.014642058112485312,0.011139726909974668,0.011139726909974224,-0.008717409177557811,-0.008717409177557478,0.053194704523980674,0.053194704523982006,0.04049307228281118,0.040493072282811626,0.020616806765455964,0.020616806765455964,0.0555991208195703,0.05559912081957008,-0.021171940661131927,-0.021171940661132482,0.0073885876581627485,0.007388587658162971,0.052745507614125664,0.052745507614125886,0.00167641181337852,0.001676411813378742,-0.007312889921522903,-0.0073128899215225696,0.01193435529034681,0.011934355290347032,-0.0240866585730235,-0.024086658573024056,0.005598755275860734,0.00559875527586029,0.03830387263307555,0.03830387263307555,0.031359032038672074,0.031359032038672074,0.03830387263307622,0.03830387263307533,0.03135903203867185,0.03135903203867185,0.025231145353604045,0.025231145353604267,0.02482685180452915,0.02482685180452915,0.025231145353604045,0.025231145353603823,0.024826851804528927,0.02482685180452915,0.025231145353604045,0.0252311453536036,0.02482685180452915,0.024826851804528705,0.04547663117750167,0.045476631177502114,0.027392292615345593,0.02739229261534626,0.04547663117750167,0.045476631177501003,0.027392292615346037,0.027392292615346037,0.03270133923909668,0.03270133923909735,0.017544495048928965,0.01754449504892941,0.03270133923909713,0.03270133923909668,0.017544495048928965,0.017544495048928743,0.03270133923909735,0.032701339239096905,0.01754449504892963,0.017544495048929187,0.03186075894357643,0.031860758943576206,0.027061407076774513,0.027061407076774735,0.031860758943576206,0.03186075894357687,0.027061407076773625,0.027061407076774735,0.025961931700645202,0.02596193170064609,0.018234856840833258,0.018234856840833036,0.025961931700645202,0.025961931700645424,0.01823485684083259,0.018234856840833258,0.01823485684083259,0.018234856840833036,0.02596193170064609,0.02596193170064587,0.02596193170064587,0.025961931700645424,0.025961931700645424,0.025961931700645202,0.02596193170064587,0.025961931700644758
2019-04-30,50,0.010254660843010965,0.010254660843010965,0.03452777882007174,0.03452777882007174,0.02598958437641552,0.02598958437641552,0.036711088173453366,0.03671108817345403,0.0696818771892993,0.06968187718930041,0.014742809066134122,0.014742809066134566,0.017337485206142533,0.017337485206141867,0.0213781729932343,0.021378172993234745,0.00852136011292326,0.00852136011292326,0.03571013190806549,0.03571013190806438,-0.01316619177432865,-0.013166191774327873,0.013394736837348598,0.013394736837348376,-0.008522675502284582,-0.008522675502285137,-0.025920667920851126,-0.02592066792085146,0.04294696313737689,0.04294696313737667,0.03074275612702082,0.030742756127021043,0.052639356087794464,0.052639356087794686,0.08514692377430189,0.08514692377430233,0.026673146815444193,0.02667314681544375,0.03597603495175705,0.03597603495175705,0.026673146815444193,0.026673146815444637,0.035976034951757274,0.03597603495175705,0.02667314681544375,0.026673146815444637,0.035976034951757496,0.03597603495175816,0.026673146815444193,0.026673146815444637,0.035976034951757274,0.03597603495175772,0.02667314681544397,0.026673146815444193,0.035976034951757496,0.035976034951757496,0.03651298830161287,0.03651298830161265,0.034347554598914476,0.0343475545989147,0.03651298830161287,0.03651298830161287,0.0343475545989147,0.034347554598914254,0.03651298830161309,0.03651298830161287,0.0343475545989147,0.034347554598914254,0.03651298830161287,0.03651298830161265,0.03434755459891514,0.03434755459891381,0.036512988301612426,0.036512988301612204,0.034347554598914254,0.034347554598914254,0.034527778820071076,0.034527778820071964,0.03328354739519912,0.033283547395198676,0.0345277788200713,0.03452777882007152,0.033283547395198454,0.0332835473951989,0.03452777882007152,0.034527778820071076,0.03328354739519912,0.0332835473951989,0.03452777882007152,0.03452777882007174,0.0332835473951989,0.03328354739519912,0.03328354739519912,0.03328354739519823,0.0345277788200713,0.031715521588857154,0.0345277788200713,0.034527778820071076,0.03452777882007174,0.03452777882007174,0.03452777882007174,0.0345277788200713
2019-04-30,10,0.015667956770662128,0.015667956770662794,0.03789265053733648,0.037892650537336925,0.02874022208480209,0.02874022208480187,0.04171130744943086,0.041711307449430635,0.0725496522156539,0.07254965221565435,0.018006956356911408,0.018006956356910964,0.01750171954861779,0.017501719548618233,0.024703457491564773,0.024703457491564773,0.01394838759887973,0.013948387598879064,0.03917183601406826,0.03917183601406804,-0.007878392922819444,-0.007878392922819222,0.01828218348058419,0.01828218348058508,-0.005745463935834638,-0.00574546393583486,-0.021222531373307207,-0.021222531373306652,0.045914440140374824,0.04591444014037527,0.03253990432434595,0.03253990432434639,0.05561371924812186,0.05561371924812253,0.08883358372677352,0.08883358372677397,0.03491955887024667,0.03491955887024689,0.042635603656455245,0.04263560365645591,0.03491955887024689,0.034919558870247336,0.04263560365645547,0.04263560365645502,0.034919558870247114,0.034919558870247336,0.042635603656456134,0.04263560365645591,0.034919558870247114,0.03491955887024667,0.04263560365645458,0.042635603656455245,0.034919558870247114,0.03491955887024756,0.04263560365645569,0.04263560365645547,0.043176008705581026,0.043176008705581026,0.0401734549506545,0.04017345495065494,0.04317600870558147,0.043176008705580804,0.04017345495065494,0.04017345495065516,0.043176008705580804,0.043176008705580804,0.040173454950654275,0.04017345495065494,0.04317600870558147,0.04317600870558125,0.04017345495065494,0.04017345495065494,0.04317600870558147,0.043176008705580804,0.04017345495065472,0.0401734549506545,0.03789265053733604,0.03789265053733737,0.03663273313505955,0.036632733135059325,0.03789265053733648,0.0378926505373367,0.03663273313505977,0.03663273313505977,0.0378926505373367,0.0378926505373367,0.03663273313505999,0.03663273313505999,0.0378926505373367,0.0378926505373367,0.03663273313505977,0.036632733135059325,0.03663273313505977,0.03663273313505955,0.0378926505373367,0.03581499071350436,0.037892650537336925,0.037892650537336925,0.037892650537336925,0.037892650537336925,0.03789265053733648,0.0378926505373367
2019-05-31,50,-0.1284392744356908,-0.1319916446078091,-0.12873325971947147,-0.1308798648097097,-0.1464224008112469,-0.17143326823744964,-0.12878224525116444,-0.14383928643450905,-0.1384983637284528,-0.16374141513083518,-0.1306728674965496,-0.1456972335227873,-0.1690060231093744,-0.16777431069391802,-0.12618592790816718,-0.12544806606334014,-0.15691655425014162,-0.17820940197877966,-0.15187843647607135,-0.16624053649983406,-0.11045464528426197,-0.13185365743840993,-0.13481827966149096,-0.14767215977597759,-0.08254485388848276,-0.0825448538884831,-0.06652282711685753,-0.06652282711685709,-0.062070314400048954,-0.0835757976500554,-0.0821284385003973,-0.09499606274134154,-0.062070314400048954,-0.08357579765005585,-0.08309306662662996,-0.09583708028914006,-0.1732198694521654,-0.1667640918047324,-0.14268029079535471,-0.14592016429119936,-0.17321986945216494,-0.1667640918047325,-0.14268029079535538,-0.14592016429119992,-0.1732198694521654,-0.16676409180473228,-0.14268029079535482,-0.14592016429119958,-0.1732198694521654,-0.16676409180473273,-0.14268029079535482,-0.14592016429120003,-0.17321986945216572,-0.16676409180473284,-0.14268029079535505,-0.14592016429119958,-0.1445057476726913,-0.14664851679441748,-0.12050791277544959,-0.12121609087171636,-0.14450574767269098,-0.14664851679441737,-0.1205079127754497,-0.1212160908717157,-0.1445057476726912,-0.1466485167944176,-0.12050791277544881,-0.1212160908717167,-0.14450574767269098,-0.14664851679441782,-0.12050791277544926,-0.12121609087171603,-0.14450574767269098,-0.1466485167944177,-0.12050791277544937,-0.1212160908717167,-0.12873325971947158,-0.13087986480970992,-0.09602775639534,-0.0971010911761141,-0.12873325971947192,-0.1308798648097097,-0.09602775639534011,-0.09710109117611432,-0.12873325971947203,-0.13087986480970937,-0.096027756395341,-0.09710109117611398,-0.12873325971947225,-0.13087986480970948,-0.09602775639534045,-0.09710109117611398,-0.09602775639534045,-0.09710109117611421,-0.11779131071802473,-0.08726762212452877,-0.12873325971947136,-0.1249206204026807,-0.12873325971947192,-0.1308798648097097,-0.12873325971947147,-0.12873325971947214
2019-05-31,10,-0.12376914886313306,-0.12633838052059554,-0.12313249240318247,-0.12468666468173528,-0.14413399285163941,-0.1671049277582921,-0.125966961759706,-0.13980351500074972,-0.13608763143326041,-0.15927452589764002,-0.12647996714594967,-0.14030839915355153,-0.16656895982701492,-0.16428167231142432,-0.1232333611515003,-0.12186254352328774,-0.15223241472800064,-0.1725475305982238,-0.14900483186598212,-0.16213465725192144,-0.10568815181208524,-0.12610054493924083,-0.12925662870215093,-0.14153091918567773,-0.07997530916893913,-0.07997530916893969,-0.06345424230474794,-0.0634542423047475,-0.061948794511300864,-0.08235605840328664,-0.08046358426692357,-0.09269466123142389,-0.06194879451130009,-0.08235605840328653,-0.08149783068660832,-0.0936105169395327,-0.16657903185319878,-0.15882994156109864,-0.13579415414443097,-0.1381085596396776,-0.166579031853199,-0.15882994156109898,-0.1357941541444312,-0.1381085596396775,-0.1665790318531991,-0.1588299415610991,-0.13579415414443108,-0.13810855963967816,-0.16657903185319867,-0.15882994156109886,-0.13579415414443108,-0.13810855963967772,-0.166579031853199,-0.1588299415610992,-0.13579415414443097,-0.13810855963967705,-0.13763427339960888,-0.13918814071821994,-0.11555998673133672,-0.11565225881835595,-0.13763427339960876,-0.1391881407182196,-0.1155599867313366,-0.11565225881835617,-0.137634273399609,-0.13918814071821983,-0.11555998673133638,-0.11565225881835595,-0.137634273399609,-0.1391881407182204,-0.11555998673133716,-0.11565225881835639,-0.13763427339960888,-0.13918814071821983,-0.1155599867313365,-0.1156522588183565,-0.1231324924031828,-0.12468666468173584,-0.09094210767574629,-0.09171859757382383,-0.12313249240318236,-0.1246866646817355,-0.09094210767574684,-0.09171859757382383,-0.12313249240318258,-0.12468666468173539,-0.09094210767574695,-0.09171859757382428,-0.12313249240318269,-0.12468666468173573,-0.09094210767574673,-0.09171859757382383,-0.09094210767574717,-0.09171859757382461,-0.10855083922002318,-0.08062869069200174,-0.1231324924031828,-0.11800149439846708,-0.12313249240318247,-0.12468666468173528,-0.12313249240318247,-0.12313249240318258
2019-06-30,50,-0.004529516308161896,-0.0024031556031792745,-0.022107662195159694,-0.020867816824595375,-0.012184311398809267,-0.006040955951406746,-0.01610309651257824,-0.012592792284803145,-0.012184311398809045,-0.006040955951406746,-0.016103096512578352,-0.012592792284803367,-0.007293803396161369,-0.007636825857912144,-0.005602885916717093,-0.005799856238605683,-0.00853706367178686,-0.004503625162957325,-0.010162926994973676,-0.010199475660520485,-0.012611340045270314,-0.00887466256002234,-0.012181484952878963,-0.009888811927190932,-0.006236739836548821,-0.00623673983654871,-0.019286606762421443,-0.019286606762421332,-0.011452530138971184,-0.007867897460387296,-0.011237253069135478,-0.009062291793311084,-0.011452530138971073,-0.007867897460387185,-0.00666360083275519,-0.004443064505115002,0.009711353131991007,0.018693055995899766,0.0235785355095266,0.029047680903892648,-0.031362587557546284,-0.022746250428684167,-0.02128353141869288,-0.016054091291886174,-0.03136258755754617,-0.022746250428684167,-0.02128353141869299,-0.016054091291886285,0.009711353131990563,0.01869305599590021,0.0235785355095266,0.029047680903892648,-0.03136258755754617,-0.022746250428684167,-0.021283531418693324,-0.016054091291886285,0.03852114197843681,0.03794284341103049,0.05450015113487927,0.054132529538713836,-0.034142002259506365,-0.03291172122513064,-0.023406923119581813,-0.022883770777884394,-0.03414200225950614,-0.03291172122513075,-0.023406923119581924,-0.02288377077788417,0.03852114197843637,0.03794284341103005,0.054500151134879715,0.05413252953871295,-0.03414200225950614,-0.03291172122513086,-0.023406923119581813,-0.022883770777884282,0.07033085616537504,0.0697841918330071,0.06435173739884137,0.06409026517337679,-0.022107662195159805,-0.02086781682459571,-0.022019618401646235,-0.021422765348419914,-0.022107662195159583,-0.020867816824595486,-0.022019618401646235,-0.021422765348419914,0.07033085616537504,0.06978419183300666,0.06435173739884226,0.0640902651733759,-0.022019618401646124,-0.021422765348419914,0.0,-0.01725471013774249,-0.022107662195159694,-0.017885911971408874,-0.022107662195159694,-0.020867816824595375,-0.022107662195159694,-0.022107662195159694
2019-06-30,10,-0.000527624916435987,0.00045834472092587397,-0.01817643671654723,-0.01761246878475098,-0.00821319305267365,-0.004569680294633671,-0.012147732076447815,-0.010086004638964918,-0.008213193052673762,-0.004569680294633671,-0.012147732076447815,-0.01008600463896514,-0.003303024716347025,-0.0049015878281784,-0.0016053095786937588,-0.0025197315502474282,-0.004551283023231156,-0.0018255538352021095,-0.00618368248038037,-0.007739677558581737,-0.008641938397210946,-0.006144269906281918,-0.008210355244146927,-0.0066753021271361845,-0.0022417116549869887,-0.0022417116549870997,-0.015344040357446298,-0.015344040357446187,-0.007478469958625555,-0.005074590013486091,-0.007262327453332662,-0.005802232950071096,-0.007478469958625222,-0.005074590013486091,-0.0026702886752989485,-0.0011614996219004858,0.01782152519616287,0.02535983472456893,0.03180009112383875,0.03616801633935429,-0.02746856780903384,-0.02026569109590226,-0.01734899285153213,-0.013189130733762933,-0.02746856780903395,-0.02026569109590215,-0.01734899285153202,-0.01318913073376271,0.017821525196163313,0.02535983472456893,0.03180009112383764,0.036168016339354736,-0.02746856780903384,-0.02026569109590215,-0.01734899285153202,-0.013189130733762933,0.0436668029407834,0.04387952338364465,0.059699534516246544,0.05933718614904282,-0.030259156037433677,-0.029707610609962076,-0.019480920800464485,-0.019643335673367734,-0.0302591560374339,-0.029707610609962076,-0.019480920800464707,-0.019643335673367845,0.04366680294078473,0.0438795233836442,0.059699534516246766,0.059337186149043264,-0.030259156037433677,-0.0297076106099623,-0.019480920800464374,-0.019643335673367956,0.07567891837127183,0.07591540668622376,0.06794442297204561,0.06805754469185143,-0.01817643671654723,-0.01761246878475098,-0.018088038978135157,-0.017816423174837226,-0.01817643671654745,-0.01761246878475109,-0.018088038978135157,-0.017816423174837448,0.07567891837127116,0.07591540668622354,0.06794442297204561,0.06805754469185055,-0.018088038978135157,-0.017816423174837337,0.0,-0.014839971071366365,-0.018176436716547117,-0.01538422113512794,-0.01817643671654734,-0.01761246878475098,-0.01817643671654723,-0.01817643671654723
2019-07-31,50,-0.09538243396079937,-0.09770121478353178,-0.032804270984704065,-0.034195539478344084,-0.020460698206838823,-0.020460698206838712,-0.007792285606557869,-0.00779228560655798,0.016968010317683024,0.016968010317682802,0.005919649584144704,0.005919649584144926,0.02318077557949505,0.02318077557949416,0.04031775954310168,0.040317759543100795,0.03149575013396788,0.031495750133968325,0.017801377729610657,0.017801377729610213,0.029434077341739417,0.02943407734173964,-0.06190019630303223,-0.060609696745203334,0.009963747902788755,0.009963747902788977,0.019843730945616533,0.01984373094561631,0.059671505375614275,0.05967150537561472,0.04627853691893491,0.046278536918935353,0.006068912003585947,0.006068912003585725,0.056458300870563694,0.05645830087056303,-0.03177530474714507,-0.033178598658219705,-0.006585230646066975,-0.007283091064631431,-0.04007243055907672,-0.04146369905271596,-0.009754219504322315,-0.010449853751141491,-0.04007243055907661,-0.041463699052716296,-0.009754219504321648,-0.010449853751142157,-0.031775304747145294,-0.03317859865821926,-0.006585230646066198,-0.00728309106463132,-0.04007243055907728,-0.041463699052716296,-0.009754219504321315,-0.010449853751142268,-0.012712712375301805,-0.014110400108715893,-0.005550568831394154,-0.006252300704743918,-0.017247082731459362,-0.018638351225098604,-0.014191734302922976,-0.014887368549742375,-0.01724708273145914,-0.018638351225098382,-0.014191734302923087,-0.014887368549742375,-0.01271271237530136,-0.014110400108716337,-0.005550568831394376,-0.00625230070474414,-0.017247082731459362,-0.018638351225098604,-0.014191734302922643,-0.014887368549742708,-0.0201001487846596,-0.021509691599024938,0.006022647698781691,0.00532123775334159,-0.032804270984704176,-0.034195539478344306,-0.0022613574773704403,-0.002956991724189728,-0.03280427098470451,-0.034195539478344195,-0.0022613574773703293,-0.002956991724189839,-0.02010014878465982,-0.021509691599024272,0.006022647698781913,0.005321237753342256,-0.002261357477369663,-0.002956991724189617,-0.03280427098470451,-0.03205341872269185,-0.032804270984703954,-0.032053418722692184,-0.03280427098470462,-0.034195539478344084,-0.032804270984704065,-0.032804270984704065
2019-07-31,10,-0.09176757855205087,-0.09302375710879363,-0.028939352986642075,-0.029693060120687065,-0.01654645524263021,-0.016546455242631097,-0.003827419614976346,-0.003827419614976124,0.02103181855072056,0.021031818550721226,0.009939308523542634,0.009939308523541968,0.02726941004734451,0.02726941004734429,0.044474873467349685,0.04447487346734946,0.035617611273363936,0.03561761127336416,0.021868516102156565,0.021868516102156343,0.03354770002841945,0.03354770002841967,-0.05815154573880865,-0.05622745284788966,0.01399956707522887,0.013999567075228425,0.023919030569774513,0.023919030569774957,0.06390595694554779,0.06390595694554713,0.05045947013339647,0.05045947013339558,0.010089167396207355,0.010089167396207577,0.060679912462453744,0.0606799124624533,-0.023998360523506457,-0.024761638486798354,0.0013940445057483153,0.001014465092810779,-0.03623655615571686,-0.03699026328976163,-0.005797193408435541,-0.006174046975458203,-0.036236556155716304,-0.036990263289761294,-0.005797193408435097,-0.006174046975458092,-0.02399836052350679,-0.024761638486799353,0.0013940445057487594,0.0010144650928101129,-0.036236556155716526,-0.03699026328976174,-0.005797193408435208,-0.006174046975457537,-0.0062894912418032245,-0.007048568853816328,-0.000686469743618745,-0.0010669656234512104,-0.01331999814696938,-0.014073705281014814,-0.010252440533903395,-0.010629294100925946,-0.013319998146969603,-0.014073705281015036,-0.010252440533903617,-0.010629294100925835,-0.0062894912418035576,-0.00704856885381655,-0.000686469743618856,-0.0010669656234517655,-0.01331999814696938,-0.014073705281014814,-0.01025244053390384,-0.0106292941009265,-0.015373938965484224,-0.016138175152843992,0.010094185173818548,0.009714183312167002,-0.028939352986641853,-0.029693060120687287,0.001725610125117516,0.0013487565580947436,-0.028939352986641076,-0.0296930601206864,0.001725610125117738,0.0013487565580947436,-0.015373938965483558,-0.016138175152843992,0.010094185173818326,0.009714183312166558,0.001725610125117516,0.0013487565580942995,-0.02893935298664152,-0.02753373348945809,-0.028939352986641187,-0.02753373348945798,-0.028939352986641076,-0.029693060120687065,-0.028939352986642075,-0.028939352986641187
2019-08-31,50,-0.03460220804695202,-0.03540300415555975,-0.008735874367799323,-0.009185934840678978,0.022832601204959335,0.022832601204959335,0.015135152164439392,0.015135152164440058,0.13490985880336104,0.13490985880336104,0.09468267082062476,0.09468267082062432,0.005504267369140781,0.005504267369141225,0.014776859689453081,0.01477685968945286,0.022497409053177764,0.022497409053177986,0.02518837144378483,0.025188371443784385,0.03114633444466519,0.031146334444665413,-0.0043834363705254065,-0.004268867616363581,-0.054374402442012415,-0.054374402442012304,-0.020880053487814965,-0.020880053487815187,-0.0037439855748105932,-0.0037439855748107043,-0.011293425633089882,-0.011293425633089771,-0.03754841367265693,-0.03754841367265627,-0.006552386995086534,-0.00655238699508609,-0.018132322447216742,-0.01857689315261324,-0.01327412403918482,-0.013491373364100445,-0.018132322447216187,-0.01857689315261324,-0.013274124039184376,-0.013491373364100223,-0.01813232244721663,-0.01857689315261246,-0.013274124039184598,-0.013491373364100223,-0.01813232244721641,-0.018576893152613128,-0.01327412403918371,-0.013491373364099779,-0.01813232244721741,-0.01857689315261346,-0.013274124039184931,-0.013491373364099668,-0.004335269805795683,-0.0047563181897870566,-0.0006839422820230645,-0.0008954745255829177,-0.004335269805795683,-0.004756318189787501,-0.0006839422820223984,-0.0008954745255830288,-0.004335269805795905,-0.004756318189787168,-0.0006839422820232866,-0.0008954745255831398,-0.004335269805795794,-0.004756318189787279,-0.0006839422820229535,-0.0008954745255835839,-0.004335269805795572,-0.004756318189787168,-0.0006839422820231755,-0.0008954745255835839,-0.008735874367798546,-0.009185934840678756,0.0006592769171858137,0.0004438050044139885,-0.008735874367798546,-0.009185934840678978,0.0006592769171860358,0.0004438050044148767,-0.008735874367799323,-0.0091859348406792,0.0006592769171860358,0.0004438050044155428,-0.008735874367798657,-0.009185934840679089,0.0006592769171860358,0.00044380500441576487,0.0006592769171864798,0.0004438050044148767,-0.008735874367798546,-0.009155546872869014,-0.008735874367798324,-0.009155546872869125,-0.008735874367798768,-0.009185934840678978,-0.008735874367799323,-0.008735874367798657
2019-08-31,10,-0.026847969987901066,-0.028804319171799708,-0.002363727400656712,-0.0034776155768579953,0.03104816534899668,0.03104816534899646,0.02166074934266815,0.021660749342668373,0.14099110064765497,0.14099110064765563,0.0999624960816421,0.09996249608164143,0.010892109035958164,0.010892109035958164,0.019783151895045092,0.019783151895045314,0.027976305884837238,0.027976305884836794,0.03016937749034998,0.030169377490349536,0.03667157522742426,0.0366715752274247,0.00041857760398822386,-0.0001325334996171712,-0.051668413016229486,-0.0516684130162286,-0.01907696751789445,-0.019076967517894672,0.001594300735382026,0.001594300735382248,-0.007948927855090604,-0.007948927855090271,-0.032391263248347846,-0.03239126324834685,-0.0017608342077302108,-0.0017608342077297667,-0.010245795486316323,-0.011354619246668252,-0.007722912458108078,-0.008262372604719848,-0.010245795486316323,-0.01135461924666703,-0.007722912458107856,-0.008262372604719737,-0.0102457954863161,-0.011354619246667808,-0.007722912458108522,-0.008262372604719848,-0.010245795486315434,-0.011354619246667252,-0.007722912458108078,-0.008262372604719959,-0.010245795486315656,-0.011354619246667919,-0.007722912458108078,-0.00826237260472018,0.002065165584470785,0.000988038711054573,0.0057399649509191075,0.005200261413265128,0.002065165584470341,0.0009880387110541289,0.0057399649509191075,0.005200261413264906,0.002065165584469897,0.0009880387110536848,0.0057399649509191075,0.005200261413265572,0.002065165584470563,0.000988038711054351,0.0057399649509191075,0.005200261413264906,0.002065165584470563,0.000988038711054351,0.005739964950918663,0.005200261413264906,-0.002363727400656379,-0.0034776155768589945,0.005513324338390468,0.004973271067203244,-0.0023637274006570452,-0.0034776155768582173,0.005513324338390246,0.0049732710672039104,-0.00236372740065649,-0.0034776155768586614,0.005513324338390468,0.004973271067203022,-0.002363727400656601,-0.0034776155768586614,0.0055133243383906905,0.004973271067203688,0.005513324338390246,0.004973271067203688,-0.00236372740065649,-0.0034544508874456703,-0.002363727400656823,-0.0034544508874463364,-0.002363727400656601,-0.0034776155768579953,-0.002363727400656712,-0.002363727400656379
2019-09-30,50,-0.07050659722762775,-0.07050659722762742,-0.07581845088720118,-0.07660260848749878,-0.10953481743773341,-0.09866766820456863,-0.12022618564262222,-0.1137336839859503,-0.04656315656939569,-0.03559926090396415,0.001113853884436855,0.0076895236150558155,-0.05294087802837644,-0.052940878028376104,-0.08604774386887093,-0.08683044224280323,-0.14922139200691598,-0.1384493314893327,-0.1131167833403689,-0.10666695263778592,-0.12797401574407252,-0.11743864580500707,-0.13124740092903953,-0.12491692517412223,-0.13809466356913014,-0.1393874609337621,-0.07653712205712748,-0.07731303834164316,-0.18421918634055645,-0.1748120174642751,-0.1807494302498054,-0.17504718097851446,-0.16543032029734528,-0.15499011708260613,-0.16357137145911793,-0.15799448421472995,-0.032670574087787174,-0.0326705740877864,-0.03603796648070612,-0.03603796648070501,-0.019326259187642414,-0.019326259187642414,-0.014333309798125304,-0.014333309798125193,-0.03267057408778673,-0.03267057408778651,-0.03603796648070523,-0.03603796648070445,-0.03267057408778651,-0.03267057408778695,-0.03603796648070512,-0.03603796648070501,-0.03267057408778673,-0.03267057408778673,-0.03603796648070523,-0.03603796648070612,-0.04469381543114126,-0.04469381543114115,-0.021824696441720248,-0.021824696441720803,-0.019702795607511092,-0.019702795607511203,-0.01821864768053949,-0.018218647680539712,-0.04469381543114137,-0.04469381543114048,-0.021824696441720248,-0.02182469644172036,-0.044693815431140704,-0.04469381543114126,-0.02182469644172036,-0.02182469644172036,-0.044693815431140704,-0.04469381543114059,-0.021824696441720137,-0.021824696441719915,-0.0758184508872014,-0.07660260848749867,-0.04848186218700845,-0.04887308537562174,-0.018314833597046998,-0.018314833597046887,-0.02055256740574085,-0.020552567405740962,-0.07581845088720174,-0.07660260848749878,-0.04848186218700834,-0.048873085375622405,-0.07581845088720174,-0.07660260848749867,-0.048481862187008784,-0.04887308537562207,-0.04848186218700845,-0.04887308537562163,-0.0804393586327653,-0.05650074617337619,-0.07581845088720174,-0.07075343249129473,-0.07581845088720152,-0.07660260848749878,-0.07581845088720118,-0.0758184508872013
2019-09-30,10,-0.06801466198550266,-0.06801466198550199,-0.07269374885104363,-0.07285111062597616,-0.10238245074864516,-0.09031254934853128,-0.11315969382804503,-0.10594861637297959,-0.04098325203884867,-0.02883222870248925,0.006198123357448626,0.013480174477292328,-0.050401849784196595,-0.050401849784196484,-0.08439851958595002,-0.08455534173614099,-0.14238779458529716,-0.13042350611058806,-0.10741562856928999,-0.10026334282649729,-0.12545454484910257,-0.11381284358613408,-0.1269897606247734,-0.11998048287078455,-0.13568525864764003,-0.13594454090813957,-0.07346280612125422,-0.07361850600137132,-0.17964651546281674,-0.16804912567352537,-0.17799384633225857,-0.17097964401616006,-0.16096116998287013,-0.14939626392888117,-0.15937230114668943,-0.1525009768763076,-0.02490082081864564,-0.024900820818646086,-0.02906813868330549,-0.029068138683305933,-0.015383852189401637,-0.015383852189401415,-0.010370830641534656,-0.010370830641534878,-0.02490082081864664,-0.024900820818645975,-0.02906813868330549,-0.029068138683306044,-0.024900820818645752,-0.024900820818646086,-0.029068138683305933,-0.029068138683305822,-0.024900820818645975,-0.024900820818645752,-0.029068138683305378,-0.029068138683305378,-0.040086224702120865,-0.04008622470212009,-0.01867917482413506,-0.018679174824135614,-0.01576190232352137,-0.015761902323521038,-0.014271787972722771,-0.014271787972722771,-0.04008622470212009,-0.040086224702120976,-0.018679174824135947,-0.018679174824135614,-0.040086224702120865,-0.04008622470212064,-0.018679174824135836,-0.018679174824135614,-0.04008622470212053,-0.04008622470212064,-0.018679174824135614,-0.018679174824135614,-0.07269374885104296,-0.07285111062597627,-0.045339213627499486,-0.045417716689512,-0.014368360566281324,-0.014368360566281324,-0.01661509028978414,-0.01661509028978414,-0.07269374885104385,-0.07285111062597605,-0.0453392136274996,-0.04541771668951122,-0.07269374885104396,-0.07285111062597616,-0.04533921362750004,-0.04541771668951078,-0.04533921362750026,-0.04541771668951167,-0.07362105510219219,-0.05260019821920914,-0.07269374885104374,-0.06695856450761717,-0.07269374885104396,-0.07285111062597616,-0.07269374885104363,-0.07269374885104374
2019-10-31,50,0.0830924822479846,0.08309248224798416,0.06273558527391554,0.06749293207573293,0.02749788349057991,0.03337711166934465,0.026587224165284917,0.030151315146039526,0.05799345502290154,0.0667405359008384,0.049769952834353814,0.05470154960517237,0.01397967814606127,0.013979678146060603,0.049881926657792564,0.05463917545384134,0.016950855508379492,0.022849658637185355,0.013758730907216243,0.017196904423071757,-0.0764549701036169,-0.07129481208157917,0.0530361011746916,0.056595064146600205,0.015666245034545723,0.02372815410958684,0.0030106432947336614,0.007440632710843165,-0.011591592634595527,0.002860118729454131,-0.012922984069741794,-0.004228294701991042,0.02123393550563346,0.027270725112956917,0.08918353750259689,0.09837108795989513,0.08242922087121496,0.08242922087121585,0.056170839047383625,0.05617083904738318,0.0,0.0,0.0,0.0,0.08242922087121651,0.08242922087121562,0.0561708390473834,0.0561708390473834,0.08242922087121607,0.08242922087121629,0.05617083904738318,0.0561708390473834,0.08242922087121674,0.08242922087121674,0.05617083904738296,0.056170839047383625,0.056086652412874916,0.056086652412874693,0.05122437236299393,0.05122437236299371,0.0,0.0,0.0,0.0,0.056086652412874693,0.056086652412874916,0.051224372362994375,0.05122437236299349,0.056086652412874916,0.05608665241287514,0.05122437236299371,0.05122437236299393,0.05608665241287447,0.056086652412874916,0.05122437236299371,0.05122437236299304,0.06273558527391576,0.06749293207573359,0.048677762857256335,0.05094503585526988,0.0,0.0,0.0,0.0,0.0627355852739151,0.06749293207573204,0.04867776285725611,0.05094503585526966,0.06273558527391487,0.06749293207573359,0.04867776285725656,0.05094503585527055,0.048677762857256335,0.05094503585526988,0.07819618537026596,0.06776677773271356,0.06273558527391532,0.06757383697998187,0.0627355852739151,0.06749293207573293,0.06273558527391554,0.06273558527391532
2019-10-31,10,0.08889606856208343,0.08889606856208432,0.0695671724982172,0.07362571466589829,0.030564708842032218,0.03764038143038562,0.031712046799643234,0.03600062866779341,0.06649143708122862,0.07406539517817601,0.054833157051404235,0.059084803206579606,0.01941293401230859,0.01941293401230837,0.05663088665928839,0.0606914023372187,0.022626338118826084,0.02975431461006184,0.017219793750770318,0.0213521134652086,-0.07366683270270558,-0.06745204039817343,0.055027319337539904,0.05931886842544021,0.018389206276325343,0.025240649905816648,0.007918530951581682,0.011695090045577894,-0.006200175060954605,0.008317964766784147,-0.009688269286888151,-0.0009808726410821533,0.02421481139172088,0.03147750292847018,0.09282669999493942,0.10204984492906699,0.09112347512647778,0.09112347512647867,0.06465418154647207,0.06465418154647207,0.0,0.0,0.0,0.0,0.09112347512647889,0.09112347512647867,0.06465418154647229,0.06465418154647207,0.09112347512647823,0.09112347512647756,0.06465418154647251,0.06465418154647162,0.09112347512647845,0.09112347512647867,0.06465418154647229,0.06465418154647073,0.06287549827665662,0.06287549827665617,0.05882514147736417,0.058825141477364395,0.0,0.0,0.0,0.0,0.0628754982766555,0.06287549827665595,0.05882514147736484,0.05882514147736462,0.0628754982766555,0.06287549827665573,0.058825141477364395,0.05882514147736417,0.06287549827665595,0.06287549827665662,0.05882514147736417,0.05882514147736417,0.0695671724982172,0.07362571466589873,0.05373569927169641,0.055666529244478014,0.0,0.0,0.0,0.0,0.06956717249821676,0.07362571466589873,0.053735699271696635,0.05566652924447735,0.06956717249821676,0.07362571466589851,0.05373569927169619,0.05566652924447735,0.05373569927169686,0.05566652924447757,0.0825046616354812,0.07382475439735003,0.0695671724982172,0.07368452186984253,0.06956717249821742,0.07362571466589829,0.0695671724982172,0.06956717249821698
2019-11-30,50,0.008982398537057401,0.008982398537057401,0.015060999772605888,0.01506099977260611,-0.012256656438216051,-0.012256656438215718,0.01759232990049231,0.017592329900492754,0.25671800839334624,0.25671800839334713,0.1347984593465159,0.13479845934651613,0.006531129174227157,0.006531129174227601,0.028949884904458933,0.028949884904458267,0.019812446633113767,0.019812446633113767,0.018458261297137346,0.018458261297136902,0.3119212996060632,0.31192129960606296,0.24354632895418926,0.2435463289541897,-0.008225502468085288,-0.008225502468085732,0.008385294155985656,0.008385294155985656,0.0860625388868701,0.08606253888686988,0.0684315319571509,0.06843153195715068,0.2786150163107073,0.27861501631070773,0.22348197345564702,0.2234819734556457,0.06290340418954332,0.06290340418954399,0.04330175047677409,0.043301750476773426,0.04787227240391845,0.047872272403918226,0.033389358026018945,0.033389358026017835,0.06290340418954399,0.0629034041895431,0.043301750476773426,0.04330175047677387,0.06290340418954465,0.06290340418954354,0.04330175047677365,0.043301750476774536,0.06290340418954332,0.06290340418954354,0.04330175047677409,0.043301750476774536,0.029888496648236895,0.029888496648235785,0.037717110328409076,0.03771711032840863,0.026553941845709472,0.026553941845709472,0.028779128187869762,0.028779128187869985,0.02988849664823623,0.029888496648236895,0.03771711032840841,0.03771711032840841,0.02988849664823734,0.029888496648236673,0.03771711032840841,0.037717110328408854,0.029888496648236673,0.02988849664823623,0.03771711032840819,0.037717110328408854,0.01506099977260611,0.01506099977260611,0.027288672044925244,0.027288672044925688,0.0018547192073179453,0.0018547192073179453,0.01895383320198607,0.018953833201985848,0.01506099977260611,0.015060999772605443,0.0272886720449248,0.027288672044925022,0.015060999772605665,0.015060999772605665,0.027288672044925466,0.027288672044925022,0.027288672044925466,0.02728867204492591,0.01506099977260611,0.01506099977260611,0.015060999772605888,0.015060999772606332,0.015060999772605888,0.01506099977260611,0.015060999772605888,0.015060999772605888
2019-11-30,10,0.014388877240669729,0.014388877240669284,0.01995679729542177,0.01995679729542177,-0.009608555396665053,-0.009608555396664609,0.020865643312602877,0.020865643312603543,0.2600872199285649,0.2600872199285653,0.14027176931252527,0.14027176931252572,0.014615757142634855,0.01461575714263419,0.03391267068653958,0.033912670686540025,0.025696315850927354,0.02569631585092691,0.023615950643647077,0.023615950643647743,0.3155116224258465,0.31551162242584696,0.24636956077532446,0.24636956077532313,-0.002911229684471106,-0.002911229684470662,0.013314187049931814,0.013314187049931814,0.09221168493562915,0.09221168493562848,0.0754925847756529,0.0754925847756529,0.28259417623497685,0.2825941762349775,0.22608807926908403,0.22608807926908225,0.06973607020482198,0.0697360702048222,0.04833375754499625,0.04833375754499669,0.052059574191744895,0.05205957419174534,0.03751878603011827,0.0375187860301176,0.0697360702048222,0.06973607020482198,0.04833375754499625,0.04833375754499625,0.06973607020482242,0.06973607020482242,0.04833375754499669,0.04833375754499558,0.06973607020482264,0.06973607020482198,0.04833375754499669,0.048333757544997136,0.036508932807193695,0.03650893280719303,0.0435551930027156,0.043555193002715376,0.030656055499438395,0.030656055499438395,0.032890133695114177,0.03289013369511373,0.036508932807193695,0.03650893280719325,0.043555193002715376,0.04355519300271449,0.03650893280719325,0.03650893280719414,0.0435551930027156,0.0435551930027156,0.03650893280719325,0.03650893280719392,0.043555193002715376,0.04355519300271604,0.019956797295421547,0.019956797295421103,0.033068085468954456,0.03306808546895357,0.005858134668685899,0.005858134668685677,0.02302557679120465,0.02302557679120465,0.019956797295421103,0.019956797295421547,0.033068085468953345,0.033068085468953345,0.01995679729542177,0.019956797295421325,0.033068085468954234,0.03306808546895357,0.03306808546895357,0.03306808546895401,0.01995679729542177,0.019956797295421547,0.019956797295421325,0.019956797295421103,0.019956797295422213,0.01995679729542177,0.01995679729542177,0.019956797295421325
2019-12-31,50,0.02161163780915154,0.02161163780915243,0.0524822965671119,0.05248229656711256,0.030288223702364503,0.03028822370236428,0.05685561060519184,0.056855610605190954,0.0052694077960553365,0.0052694077960551144,0.012755869134932984,0.012755869134931874,0.08776666427423518,0.08776666427423518,0.09385179728226856,0.09385179728226745,0.04467507494646994,0.04467507494646972,0.0628205389974803,0.06282053899748052,-0.04128793442175749,-0.041287934421757266,0.009477089423798102,0.009477089423798324,0.09011457516553056,0.09011457516552968,0.08879561252539125,0.08879561252539037,0.12226029081172984,0.12226029081172984,0.07604165764383675,0.07604165764383719,0.04414162518996889,0.044141625189969114,0.07028982240744575,0.07028982240744552,0.06344071330387568,0.0634407133038768,0.046915080241993756,0.046915080241993756,0.06344071330387657,0.06344071330387568,0.046915080241993534,0.046915080241993756,0.0634407133038759,0.06344071330387568,0.0469150802419942,0.04691508024199398,0.06344071330387635,0.0634407133038759,0.04691508024199398,0.046915080241993756,0.06344071330387613,0.06344071330387657,0.0469150802419942,0.04691508024199442,0.04310296593285767,0.04310296593285812,0.048044475561495936,0.04804447556149549,0.04310296593285812,0.04310296593285745,0.04804447556149549,0.04804447556149638,0.04310296593285812,0.04310296593285834,0.048044475561496824,0.048044475561495714,0.04310296593285767,0.04310296593285856,0.04804447556149638,0.04804447556149549,0.043102965932857895,0.043102965932857895,0.04804447556149505,0.04804447556149527,0.05248229656711212,0.0524822965671119,0.04921812444675311,0.04921812444675289,0.0524822965671119,0.0524822965671119,0.049218124446752,0.049218124446751554,0.05248229656711212,0.05248229656711234,0.04921812444675311,0.04921812444675222,0.0524822965671119,0.05248229656711234,0.049218124446752665,0.04921812444675355,0.04921812444675289,0.049218124446751776,0.05248229656711212,0.05248229656711234,0.05248229656711212,0.05248229656711256,0.0524822965671119,0.05248229656711256,0.0524822965671119,0.05248229656711212
2019-12-31,10,0.027085788370337482,0.027085788370336816,0.054253162581681114,0.054253162581681114,0.03856367266507976,0.038563672665079096,0.0636493995658578,0.06364939956585736,0.00847977611022599,0.008479776110226434,0.017852091328603104,0.01785209132860377,0.0936843644928591,0.0936843644928591,0.09921377335712944,0.09921377335712944,0.05047049667229708,0.05047049667229664,0.0681587811190445,0.06815878111904494,-0.03615082165055339,-0.036150821650552944,0.014345954876069378,0.014345954876068934,0.09318056124477114,0.09318056124477114,0.0923997035560431,0.09239970355604288,0.12873238991797242,0.12873238991797176,0.07986671243310095,0.07986671243310117,0.04701652803272638,0.04701652803272549,0.07400174156627681,0.07400174156627615,0.07027683330538781,0.07027683330538759,0.05280490968645202,0.05280490968645268,0.07027683330538803,0.07027683330538781,0.05280490968645313,0.05280490968645268,0.07027683330538781,0.07027683330538825,0.05280490968645224,0.052804909686452906,0.07027683330538803,0.07027683330538803,0.05280490968645335,0.05280490968645357,0.07027683330538737,0.07027683330538737,0.05280490968645268,0.05280490968645335,0.049808348715219,0.04980834871521922,0.053128676575799894,0.05312867657579967,0.049808348715219,0.04980834871521922,0.05312867657579967,0.053128676575799894,0.049808348715218775,0.04980834871521922,0.053128676575799894,0.053128676575799894,0.049808348715218775,0.04980834871521922,0.053128676575799894,0.05312867657580034,0.04980834871521944,0.049808348715219,0.05312867657579967,0.053128676575800116,0.05425316258168045,0.05425316258168156,0.05266891298755305,0.05266891298755283,0.05425316258168089,0.054253162581681336,0.05266891298755305,0.052668912987553274,0.054253162581681114,0.054253162581681114,0.052668912987553496,0.052668912987553274,0.05425316258168045,0.05425316258168089,0.05266891298755305,0.05266891298755394,0.052668912987553274,0.05266891298755372,0.054253162581681114,0.05425316258168156,0.05425316258168067,0.05425316258168089,0.054253162581681114,0.054253162581681114,0.054253162581681114,0.054253162581681336
