date,strategy,benchmark,invested,turnover,transaction_cost,holdings,stock_stop_exits,portfolio_stop_exits,stop_exits,portfolio_value,cash
2020-01-02,-0.00497512437810943,0.013328444969281872,1.0000000000000002,0.9950248756218907,0.0049751243781094535,5,0,0,0,0.9950248756218906,-1.3444106938820255e-16
2020-01-03,-0.017760784442908073,-0.007855191857838673,1.0000000000000002,0.0,0.0,5,0,0,0,0.9773524532906388,-1.3444106938820255e-16
2020-01-06,-0.0003108772519689884,0.005619309971283348,1.0000000000000002,0.0,0.0,5,0,0,0,0.9770486166457547,-1.3444106938820255e-16
2020-01-07,-0.0006841612662986662,-0.00031746819144873317,1.0000000000000002,0.0,0.0,5,0,0,0,0.976380157826955,-1.3444106938820255e-16
2020-01-08,0.011502430396947094,0.006689040547814162,1.0000000000000002,0.0,0.0,5,0,0,0,0.9876109026333197,-1.3444106938820255e-16
2020-01-09,0.011251528656261334,0.008126579909684128,1.0000000000000002,0.0,0.0,5,0,0,0,0.9987230350055346,-1.3444106938820255e-16
2020-01-10,-0.0033846321542555513,-0.0026695808846131097,1.0000000000000002,0.0,0.0,5,0,0,0,0.9953427249080592,-1.3444106938820255e-16
2020-01-13,0.015665189181872208,0.010357418661689266,1.0000000000000002,0.0,0.0,5,0,0,0,1.010934956994544,-1.3444106938820255e-16
2020-01-14,-0.006437917056685394,-0.002436895763831548,1.0000000000000002,0.0,0.0,5,0,0,0,1.0044266415917094,-1.3444106938820255e-16
2020-01-15,-0.017004062612229087,0.0007966530131704452,1.0000000000000002,0.0,0.0,5,0,0,0,0.987347308088693,-1.3444106938820255e-16
2020-01-16,0.016668411397884775,0.010631049485758437,1.0000000000000002,0.0,0.0,5,0,0,0,1.0038048192125093,-1.3444106938820255e-16
2020-01-17,0.0052274574192898715,0.0033996001273852716,1.0000000000000002,0.0,0.0,5,0,0,0,1.0090521661622207,-1.3444106938820255e-16
2020-01-21,-0.01686043130977366,-0.001931080529598339,1.0000000000000002,0.0,0.0,5,0,0,0,0.9920391114266642,-1.3444106938820255e-16
2020-01-22,0.0077500304107331885,0.0013830075044956036,1.0000000000000002,0.0,0.0,5,0,0,0,0.9997274447088577,-1.3444106938820255e-16
2020-01-23,0.0032305025616903293,0.0019939748093769083,1.0000000000000002,0.0,0.0,5,0,0,0,1.0029570667799816,-1.3444106938820255e-16
2020-01-24,-0.03073089706137566,-0.00931353167922011,1.0000000000000002,0.0,0.0,5,0,0,0,0.9721352964037867,-1.3444106938820255e-16
2020-01-27,-0.02946954529489476,-0.018851561231368552,1.0000000000000002,0.0,0.0,5,0,0,0,0.9434869112536494,-1.3444106938820255e-16
2020-01-28,0.024800045198751786,0.014264764594472235,1.0000000000000002,0.0,0.0,5,0,0,0,0.9668854292971706,-1.3444106938820255e-16
2020-01-29,-0.024802847611277934,0.0005912286268099365,1.0000000000000002,0.0,0.0,5,0,0,0,0.9429039173367478,-1.3444106938820255e-16
2020-01-30,0.00038127825836742346,0.002562705062495896,1.0000000000000002,0.0,0.0,5,0,0,0,0.9432634261001579,-1.3444106938820255e-16
2020-01-31,-0.027114377707172288,-0.015914659511836238,1.0000000000000002,0.0,0.0,5,0,0,0,0.9176874252875168,-1.3444106938820255e-16
2020-02-03,0.0037609512167162684,0.013382231185769866,1.0000000000000002,1.1988011988011988,0.005554605846791258,5,0,0,0,0.9211388029262171,-1.3097162243624894e-16
2020-02-04,0.04161029212881706,0.020981440637460214,1.0000000000000002,0.0,0.0,5,0,0,0,0.9594676576071659,-1.3097162243624894e-16
2020-02-05,0.005453996548248297,0.004299760274898423,1.0000000000000002,0.0,0.0,5,0,0,0,0.9647005908999112,-1.3097162243624894e-16
2020-02-06,0.010063436169619466,0.0066750276592026925,1.0000000000000002,0.0,0.0,5,0,0,0,0.9744087937192267,-1.3097162243624894e-16
2020-02-07,-0.014350173282070555,-0.005394879712713352,1.0000000000000002,0.0,0.0,5,0,0,0,0.9604258586817824,-1.3097162243624894e-16
2020-02-10,0.015517494508320073,0.011331304968563938,1.0000000000000002,0.0,0.0,5,0,0,0,0.9753292616695256,-1.3097162243624894e-16
2020-02-11,0.015201419440356467,0.0010958011088375574,1.0000000000000002,0.0,0.0,5,0,0,0,0.9901556508686172,-1.3097162243624894e-16
2020-02-12,0.01753077306747608,0.009027921782771786,1.0000000000000002,0.0,0.0,5,0,0,0,1.0075138448854741,-1.3097162243624894e-16
2020-02-13,0.00023182175171587716,-0.001438449263620245,1.0000000000000002,0.0,0.0,5,0,0,0,1.0077474085098734,-1.3097162243624894e-16
2020-02-14,-0.002310293934658647,0.001977971574602444,1.0000000000000002,0.0,0.0,5,0,0,0,1.0054192157843251,-1.3097162243624894e-16
2020-02-18,-0.005173768341366514,0.0001603608244948873,1.0000000000000002,0.0,0.0,5,0,0,0,1.0002174096758987,-1.3097162243624894e-16
2020-02-19,0.10785894534230578,0.008675819786086558,1.0000000000000002,0.0,0.0,5,0,0,0,1.108099804596554,-1.3097162243624894e-16
2020-02-20,-0.007234650142931787,-0.006745287549335677,1.0000000000000002,0.0,0.0,5,0,0,0,1.1000830901868468,-1.3097162243624894e-16
2020-02-21,-0.02644230113079571,-0.017882362352014458,1.0000000000000002,0.0,0.0,5,0,0,0,1.07099436184723,-1.3097162243624894e-16
2020-02-24,-0.05291732434444929,-0.037101881506922174,1.0000000000000002,0.0,0.0,5,0,0,0,1.0143202058302836,-1.3097162243624894e-16
2020-02-25,-0.0421334776293919,-0.027726074002977774,1.0000000000000002,0.0,0.0,5,0,0,0,0.9715833681288931,-1.3097162243624894e-16
2020-02-26,0.01016153373570905,0.0016908051235420274,1.0000000000000002,0.0,0.0,5,0,0,0,0.9814561453011887,-1.3097162243624894e-16
2020-02-27,-0.048929649967113575,-0.04613067955925165,1.0000000000000002,0.0,0.0,5,0,0,0,0.933433839653529,-1.3097162243624894e-16
2020-02-28,0.027056812051377888,0.0001038466147211814,1.0000000000000002,0.0,0.0,5,0,0,0,0.9586895836154306,-1.3097162243624894e-16
2020-03-02,0.028710858184950228,0.044914576527982586,0.9999999999999986,1.2293326627874208,0.0060994188496967805,5,0,0,0,0.9862143842940022,1.4432899320127035e-15
2020-03-03,-0.016034612327025743,-0.029945823525981186,0.9999999999999986,0.0,0.0,5,0,0,0,0.9704008189705114,1.4432899320127035e-15
2020-03-04,0.048534456455386676,0.03846114074039164,0.9999999999999987,0.0,0.0,5,0,0,0,1.0174986952631073,1.4432899320127035e-15
2020-03-05,-0.0017378284693414514,-0.030993259792112537,0.9999999999999984,0.0,0.0,5,0,0,0,1.0157304570629613,1.4432899320127035e-15
2020-03-06,-0.011609984856912448,-0.018649427851619715,0.9999999999999987,0.0,0.0,5,0,0,0,1.0039378418377556,1.4432899320127035e-15
2020-03-09,-0.09258614569094947,-0.07287401875463217,0.9999999999999984,0.0,0.0,5,0,0,0,0.9109871065487077,1.4432899320127035e-15
2020-03-10,0.03883710479348346,0.04950139989280422,0.9999999999999984,0.0,0.0,5,0,0,0,0.9463672082712522,1.4432899320127035e-15
2020-03-11,-0.046181272539199236,-0.047002450789465855,0.9999999999999984,0.0,0.0,5,0,0,0,0.9026627663039164,1.4432899320127035e-15
2020-03-12,-0.10679298587155872,-0.09434674315042646,0.9999999999999982,0.0,0.0,5,0,0,0,0.8062647142552402,1.4432899320127035e-15
2020-03-13,0.051792404426465266,0.09336974349106453,0.852047889262899,0.14858511892186554,0.0006304864721381492,4,1,0,1,0.848023102410736,0.12546680795549314
2020-03-16,-0.09463010933107374,-0.12314095473462161,0.8365837960131548,0.0,0.0,4,0,0,0,0.7677745835143317,0.12546680795549314
2020-03-17,0.054198690660800075,0.06230493229300893,0.47286267843467245,0.37329462282238435,0.0015135239527564767,2,2,0,2,0.8093869606634496,0.426658074554032
2020-03-18,-0.017679785057648223,-0.047027996668693506,0.4633752685255865,0.0,0.0,2,0,0,0,0.7950771731704567,0.426658074554032
2020-03-19,0.006237218321961446,0.022996278112125124,0.4667015672812136,0.0,0.0,2,0,0,0,0.8000362430823287,0.426658074554032
2020-03-20,-0.028347162259487746,-0.03790742795818758,0.45114302968648534,0.0,0.0,2,0,0,0,0.7773574858862029,0.426658074554032
2020-03-23,0.020232575814827403,-0.00274003128125222,0.462027597114158,0.0,0.0,2,0,0,0,0.7930854301546191,0.426658074554032
2020-03-24,0.020736121327242785,0.08121510116672437,0.4729564363938378,0.0,0.0,2,0,0,0,0.8095309458571738,0.426658074554032
2020-03-25,-0.018516941192052827,-0.00452555055670445,0.46301308119746976,0.0,0.0,2,0,0,0,0.7945409089395896,0.426658074554032
2020-03-26,0.02704114866851204,0.05596340338746186,0.477151505079717,0.0,0.0,2,0,0,0,0.8160262077814397,0.426658074554032
2020-03-27,-0.006131362742433977,-0.037852976708038666,0.4739259542760033,0.0,0.0,2,0,0,0,0.8110228550941989,0.426658074554032
2020-03-30,0.018846224223926455,0.03622450523999721,0.4836570689313622,0.0,0.0,2,0,0,0,0.8263075736720331,0.426658074554032
2020-03-31,-0.00411718576010589,-0.009525131487367,0.48152240034111277,0.0,0.0,2,0,0,0,0.822905511896243,0.426658074554032
2020-04-01,-0.007263296262303709,-0.04409293328537367,0.0,0.47897977753338966,0.00196115794378606,0,0,0,0,0.8169285053674579,0.8169285053674579
2020-04-02,0.0,0.017217392960644506,0.0,0.0,0.0,0,0,0,0,0.8169285053674579,0.8169285053674579
2020-04-03,0.0,-0.015256480428131214,0.0,0.0,0.0,0,0,0,0,0.8169285053674579,0.8169285053674579
2020-04-06,0.0,0.07326111918952294,0.0,0.0,0.0,0,0,0,0,0.8169285053674579,0.8169285053674579
2020-04-07,0.0,-0.0032831557419424895,0.0,0.0,0.0,0,0,0,0,0.8169285053674579,0.8169285053674579
2020-04-08,0.0,0.025818865507638122,0.0,0.0,0.0,0,0,0,0,0.8169285053674579,0.8169285053674579
2020-04-09,0.0,0.007746999811479638,0.0,0.0,0.0,0,0,0,0,0.8169285053674579,0.8169285053674579
2020-04-13,0.0,0.004763527128408329,0.0,0.0,0.0,0,0,0,0,0.8169285053674579,0.8169285053674579
2020-04-14,0.0,0.03946578714794624,0.0,0.0,0.0,0,0,0,0,0.8169285053674579,0.8169285053674579
2020-04-15,0.0,-0.014392230988916177,0.0,0.0,0.0,0,0,0,0,0.8169285053674579,0.8169285053674579
2020-04-16,0.0,0.016582595032488046,0.0,0.0,0.0,0,0,0,0,0.8169285053674579,0.8169285053674579
2020-04-17,0.0,0.013803823851603836,0.0,0.0,0.0,0,0,0,0,0.8169285053674579,0.8169285053674579
2020-04-20,0.0,-0.010336145326487078,0.0,0.0,0.0,0,0,0,0,0.8169285053674579,0.8169285053674579
2020-04-21,0.0,-0.03475170722872312,0.0,0.0,0.0,0,0,0,0,0.8169285053674579,0.8169285053674579
2020-04-22,0.0,0.02809426652203406,0.0,0.0,0.0,0,0,0,0,0.8169285053674579,0.8169285053674579
2020-04-23,0.0,-7.414618385692684e-05,0.0,0.0,0.0,0,0,0,0,0.8169285053674579,0.8169285053674579
2020-04-24,0.0,0.016453633126342737,0.0,0.0,0.0,0,0,0,0,0.8169285053674579,0.8169285053674579
2020-04-27,0.0,0.011076551509322519,0.0,0.0,0.0,0,0,0,0,0.8169285053674579,0.8169285053674579
2020-04-28,0.0,-0.014023763275271883,0.0,0.0,0.0,0,0,0,0,0.8169285053674579,0.8169285053674579
2020-04-29,0.0,0.03566323318324138,0.0,0.0,0.0,0,0,0,0,0.8169285053674579,0.8169285053674579
2020-04-30,0.0,-0.0028223240015657902,0.0,0.0,0.0,0,0,0,0,0.8169285053674579,0.8169285053674579
2020-05-01,-0.004975124378109541,-0.03201507459916597,1.0000000000000002,0.9950248756218907,0.004064320922226159,5,0,0,0,0.8128641844452317,-7.546047120499111e-17
2020-05-04,0.023815893349474093,0.012290576649705676,1.0000000000000002,0.0,0.0,5,0,0,0,0.8322232711695866,-7.546047120499111e-17
2020-05-05,0.019826101549243358,0.011297598014398558,1.0000000000000002,0.0,0.0,5,0,0,0,0.8487230142554383,-7.546047120499111e-17
2020-05-06,0.03304875229014481,0.005138935499358288,1.0000000000000002,0.0,0.0,5,0,0,0,0.8767722509165112,-7.546047120499111e-17
2020-05-07,0.041850220096036894,0.014147852721547283,1.0000000000000002,0.0,0.0,5,0,0,0,0.9134653625914649,-7.546047120499111e-17
2020-05-08,0.009934811443402802,0.015775663760639658,1.0000000000000002,0.0,0.0,5,0,0,0,0.9225404687288907,-7.546047120499111e-17
2020-05-11,0.04253628881189342,0.00778609868573521,1.0000000000000002,0.0,0.0,5,0,0,0,0.9617819165474023,-7.546047120499111e-17
2020-05-12,-0.024433323856660083,-0.02064653876263356,1.0000000000000002,0.0,0.0,5,0,0,0,0.9382823875009204,-7.546047120499111e-17
2020-05-13,0.0031185392928085864,-0.015482269256649972,1.0000000000000002,0.0,0.0,5,0,0,0,0.9412084579940923,-7.546047120499111e-17
2020-05-14,-0.0047876156388091395,0.009088148022526221,1.0000000000000002,0.0,0.0,5,0,0,0,0.9367023136612203,-7.546047120499111e-17
2020-05-15,0.02155592131526496,0.007920630607419543,1.0000000000000002,0.0,0.0,5,0,0,0,0.9568937950303282,-7.546047120499111e-17
2020-05-18,0.0011760053020266614,0.02443497073334555,1.0000000000000002,0.0,0.0,5,0,0,0,0.9580191072067603,-7.546047120499111e-17
2020-05-19,0.010384538843143831,-0.005385101778970447,1.0000000000000002,0.0,0.0,5,0,0,0,0.967967693838023,-7.546047120499111e-17
2020-05-20,-0.001811969940034519,0.020759785773036166,1.0000000000000002,0.0,0.0,5,0,0,0,0.966213765473864,-7.546047120499111e-17
2020-05-21,-0.02688979601075181,-0.009695235712807837,1.0000000000000002,0.0,0.0,5,0,0,0,0.9402324744174914,-7.546047120499111e-17
2020-05-22,-0.009676820604209824,0.004276835072470897,1.0000000000000002,0.0,0.0,5,0,0,0,0.931134013436301,-7.546047120499111e-17
2020-05-26,-0.021328142761464997,0.0016762024212582105,1.0000000000000002,0.0,0.0,5,0,0,0,0.9112746542676757,-7.546047120499111e-17
2020-05-27,-0.013112065711314957,0.007723662003368048,1.0000000000000002,0.0,0.0,5,0,0,0,0.8993259611198622,-7.546047120499111e-17
2020-05-28,0.0073305398565677304,-0.004607792111317677,1.0000000000000002,0.0,0.0,5,0,0,0,0.9059185059218974,-7.546047120499111e-17
2020-05-29,0.05665980055867226,0.01290212684820613,1.0000000000000002,0.0,0.0,5,0,0,0,0.9572476677898425,-7.546047120499111e-17
2020-06-01,0.021926152785842312,0.006552218243746077,0.9999999999999991,0.8529000947286419,0.004189556067585223,5,0,0,0,0.9782364264076937,8.638922910364499e-16
2020-06-02,0.01453073017615547,0.005897174028552499,0.9999999999999991,0.0,0.0,5,0,0,0,0.9924509159683104,8.638922910364499e-16
2020-06-03,0.0120991842578837,0.007756801955759451,0.9999999999999991,0.0,0.0,5,0,0,0,1.0044587624675163,8.638922910364499e-16
2020-06-04,-0.03230623158413182,-0.006929796787746745,0.9999999999999991,0.0,0.0,5,0,0,0,0.9720084850705303,8.638922910364499e-16
2020-06-05,0.010572741051711132,0.020619220663437243,0.9999999999999991,0.0,0.0,5,0,0,0,0.982285279083247,8.638922910364499e-16
2020-06-08,0.003912256869827102,0.011276645276208974,0.9999999999999991,0.0,0.0,5,0,0,0,0.9861282314144706,8.638922910364499e-16
2020-06-09,0.005149265469223119,0.0029219879593944675,0.9999999999999991,0.0,0.0,5,0,0,0,0.9912060674647192,8.638922910364499e-16
2020-06-10,0.025124615785210302,0.006685902298128932,0.9999999999999991,0.0,0.0,5,0,0,0,1.0161097390737395,8.638922910364499e-16
2020-06-11,-0.0317766472272738,-0.0526500514485605,0.9999999999999991,0.0,0.0,5,0,0,0,0.983821178350996,8.638922910364499e-16
2020-06-12,-0.005831744098021563,0.010121334425326811,0.9999999999999991,0.0,0.0,5,0,0,0,0.978083785000639,8.638922910364499e-16
2020-06-15,0.042197819603598585,0.014309377881483787,0.9999999999999991,0.0,0.0,5,0,0,0,1.019356788117301,8.638922910364499e-16
2020-06-16,0.010418737917267551,0.01746352657425776,0.9999999999999991,0.0,0.0,5,0,0,0,1.0299771993368827,8.638922910364499e-16
2020-06-17,0.0018916655105809532,0.0014814462853549593,0.9999999999999991,0.0,0.0,5,0,0,0,1.031925571681553,8.638922910364499e-16
2020-06-18,0.006755167098019932,0.003281307762108332,0.9999999999999991,0.0,0.0,5,0,0,0,1.0388964013509816,8.638922910364499e-16
2020-06-19,0.012182263927208448,0.00030878855700788854,0.9999999999999991,0.0,0.0,5,0,0,0,1.0515525115052664,8.638922910364499e-16
2020-06-22,0.01232745173556693,0.011097784753272721,0.9999999999999991,0.0,0.0,5,0,0,0,1.0645154743382617,8.638922910364499e-16
2020-06-23,0.0026571965630415306,0.007447959031472218,0.9999999999999992,0.0,0.0,5,0,0,0,1.0673441011979778,8.638922910364499e-16
2020-06-24,-0.019786431203257848,-0.021934825515335432,0.9999999999999991,0.0,0.0,5,0,0,0,1.046225170569421,8.638922910364499e-16
2020-06-25,0.015223665638193662,0.010881849951931866,0.9999999999999991,0.0,0.0,5,0,0,0,1.062152552748432,8.638922910364499e-16
2020-06-26,-0.017682769177016944,-0.025933942298093315,0.9999999999999991,0.0,0.0,5,0,0,0,1.043370754327402,8.638922910364499e-16
2020-06-29,-0.00035517800610962436,0.011984018357196646,0.9999999999999991,0.0,0.0,5,0,0,0,1.043000171983247,8.638922910364499e-16
2020-06-30,0.03001026886847402,0.01870028230479459,0.9999999999999992,0.0,0.0,5,0,0,0,1.0743008875743287,8.638922910364499e-16
2020-07-01,-0.006131012733989971,0.00952397919282566,1.0,1.1988011988011982,0.006438478402929486,5,0,0,0,1.0677143351524738,-4.85722573273506e-17
2020-07-02,0.012520946440862657,0.005219309681102624,1.0,0.0,0.0,5,0,0,0,1.0810831291570593,-4.85722573273506e-17
2020-07-06,0.011021690317240429,0.022140366869405792,1.0,0.0,0.0,5,0,0,0,1.0929984926138216,-4.85722573273506e-17
2020-07-07,0.00542183231948945,-0.008597148006331268,1.0,0.0,0.0,5,0,0,0,1.0989245471662286,-4.85722573273506e-17
2020-07-08,0.01731012206790683,0.014365915588282263,1.0,0.0,0.0,5,0,0,0,1.1179470652210952,-4.85722573273506e-17
2020-07-09,0.012286736480847882,0.00527041219919,1.0,0.0,0.0,5,0,0,0,1.131682986211004,-4.85722573273506e-17
2020-07-10,-0.006247062561993255,0.006598589404398725,1.0,0.0,0.0,5,0,0,0,1.1246132917958005,-4.85722573273506e-17
2020-07-13,-0.04760716178790725,-0.021342380569917996,1.0,0.0,0.0,5,0,0,0,1.071073644864447,-4.85722573273506e-17
2020-07-14,0.0027657904233135966,0.009410276579479238,1.0,0.0,0.0,5,0,0,0,1.0740360100940767,-4.85722573273506e-17
2020-07-15,-0.006919625471498381,0.005902619745450588,1.0,0.0,0.0,5,0,0,0,1.0666040831613233,-4.85722573273506e-17
2020-07-16,-0.00840858369977715,-0.007266022577794629,1.0,0.0,0.0,5,0,0,0,1.0576354534535373,-4.85722573273506e-17
2020-07-17,0.0018332049212694823,0.0028032056773577008,1.0,0.0,0.0,5,0,0,0,1.0595743159717175,-4.85722573273506e-17
2020-07-20,0.042776524202265076,0.025125641824030875,1.0,0.0,0.0,5,0,0,0,1.10489922234298,-4.85722573273506e-17
2020-07-21,-0.026123499119556692,-0.008055045663313831,1.0,0.0,0.0,5,0,0,0,1.0760353884809044,-4.85722573273506e-17
2020-07-22,0.001708236716225775,0.0024127931113635537,1.0,0.0,0.0,5,0,0,0,1.0778735116394658,-4.85722573273506e-17
2020-07-23,-0.028832925052543423,-0.02285882034739739,1.0,0.0,0.0,5,0,0,0,1.0467952654622432,-4.85722573273506e-17
2020-07-24,-0.006299439403578355,-0.009386907703102687,1.0,0.0,0.0,5,0,0,0,1.0402010421195111,-4.85722573273506e-17
2020-07-27,0.029981309249604626,0.01670329595678388,1.0,0.0,0.0,5,0,0,0,1.0713876312450572,-4.85722573273506e-17
2020-07-28,-0.01751770550682441,-0.012736938256066033,1.0,0.0,0.0,5,0,0,0,1.0526193782372522,-4.85722573273506e-17
2020-07-29,0.018067814841232543,0.013535805790592548,1.0,0.0,0.0,5,0,0,0,1.071637910261536,-4.85722573273506e-17
2020-07-30,0.015506412324662655,0.004258733204005161,1.0,0.0,0.0,5,0,0,0,1.0882551695607914,-4.85722573273506e-17
2020-07-31,0.0291709075632669,0.014875611833914837,1.0,0.0,0.0,5,0,0,0,1.1200005605172967,-4.85722573273506e-17
2020-08-03,0.03868233538299104,0.014657571490001686,1.0,0.42153002225522224,0.0024570602629297882,5,0,0,0,1.1633247978283647,-9.93129189996722e-17
2020-08-04,0.007499777893561266,0.0035220677903302633,1.0,0.0,0.0,5,0,0,0,1.1720494754301496,-9.93129189996722e-17
2020-08-05,0.02465397664034663,0.005227963930319213,1.0,0.0,0.0,5,0,0,0,1.200945155818735,-9.93129189996722e-17
2020-08-06,-0.015248914399088154,0.009974104961663288,1.0,0.0,0.0,5,0,0,0,1.1826320459396555,-9.93129189996722e-17
2020-08-07,-0.005338250935353894,-0.008741333215989466,1.0,0.0,0.0,5,0,0,0,1.1763188593142386,-9.93129189996722e-17
2020-08-10,-0.028282922829571233,-0.003868822087003898,1.0,0.0,0.0,5,0,0,0,1.1430491237932847,-9.93129189996722e-17
2020-08-11,-0.045088189044338645,-0.016921391746420933,1.0,0.0,0.0,5,0,0,0,1.0915111088127274,-9.93129189996722e-17
2020-08-12,0.030156156421923264,0.021274660037738924,1.0,0.0,0.0,5,0,0,0,1.1244268885463509,-9.93129189996722e-17
2020-08-13,0.03525687825143309,0.0027514755861413054,1.0,0.0,0.0,5,0,0,0,1.1640706704584673,-9.93129189996722e-17
2020-08-14,-0.0011679060933630359,-0.002100991623273707,1.0,0.0,0.0,5,0,0,0,1.1627111452293337,-9.93129189996722e-17
2020-08-17,0.050306883808686864,0.010018821704079528,1.0,0.0,0.0,5,0,0,0,1.2212035197154512,-9.93129189996722e-17
2020-08-18,0.015146703172761455,0.007286773097446186,1.0,0.0,0.0,5,0,0,0,1.2397007269421128,-9.93129189996722e-17
2020-08-19,-0.010201464054424791,-0.005735522990964581,1.0,0.0,0.0,5,0,0,0,1.2270539645379686,-9.93129189996722e-17
2020-08-20,0.03435723867213403,0.01063113981967434,1.0,0.0,0.0,5,0,0,0,1.269212150461188,-9.93129189996722e-17
2020-08-21,0.0010949342059032308,0.004154442964935612,1.0,0.0,0.0,5,0,0,0,1.2706018542592759,-9.93129189996722e-17
2020-08-24,-0.008006490008125922,0.0060026168426352555,1.0,0.0,0.0,5,0,0,0,1.2604287932088427,-9.93129189996722e-17
2020-08-25,0.005876837209416008,0.007627599890549064,1.0,0.0,0.0,5,0,0,0,1.2678361280405919,-9.93129189996722e-17
2020-08-26,0.02740616377983085,0.01731998430209747,1.0,0.0,0.0,5,0,0,0,1.3025826526116588,-9.93129189996722e-17
2020-08-27,0.0016705978341049477,-0.0034118697109108975,1.0,0.0,0.0,5,0,0,0,1.3047587443698545,-9.93129189996722e-17
2020-08-28,0.0006720099475143737,0.006047138672500951,1.0,0.0,0.0,5,0,0,0,1.3056355552251775,-9.93129189996722e-17
2020-08-31,0.0486590364728694,0.00683166342322461,1.0,0.0,0.0,5,0,0,0,1.3691665233271546,-9.93129189996722e-17
2020-09-01,0.08272092538353881,0.013944223175236692,1.0,1.1988011988011988,0.0089392477093926,5,0,0,0,1.4824252451409394,-1.5612511283791264e-17
2020-09-02,-0.03745077595304669,0.009774131514625584,1.0,0.0,0.0,5,0,0,0,1.4269072694180258,-1.5612511283791264e-17
2020-09-03,-0.08353623091029216,-0.04962516009338913,1.0,0.0,0.0,5,0,0,0,1.3077088142723472,-1.5612511283791264e-17
2020-09-04,-0.0027003668423273286,-0.012654803594131736,1.0,0.0,0.0,5,0,0,0,1.304177520750867,-1.5612511283791264e-17
2020-09-08,-0.08136356050638827,-0.041138097997475476,1.0,0.0,0.0,5,0,0,0,1.1980649941301824,-1.5612511283791264e-17
2020-09-09,0.06203816750527946,0.02709324507327371,0.6238543257204525,0.37732264610437,0.002405046617845237,3,2,0,2,1.2723907509182424,0.4786042769512021
2020-09-10,-0.019436667632275917,-0.019925325623800005,0.6163983886983773,0.0,0.0,3,0,0,0,1.2476597147942625,0.4786042769512021
2020-09-11,-0.009391451149967533,-0.006053298877369051,0.6127616587329736,0.0,0.0,3,0,0,0,1.2359423795309898,0.4786042769512021
2020-09-14,0.014802204727437873,0.01872208964850053,0.618410031567646,0.0,0.0,3,0,0,0,1.2542370516641244,0.4786042769512021
2020-09-15,0.007253613489490496,0.012083134894079972,0.621158004973158,0.0,0.0,3,0,0,0,1.263334802461094,0.4786042769512021
2020-09-16,-0.014503375993669132,-0.012492945005816658,0.6155826556901445,0.0,0.0,3,0,0,0,1.245012182815113,0.4786042769512021
2020-09-17,-0.027630684484672208,-0.012687226822315711,0.6046591164735331,0.0,0.0,3,0,0,0,1.2106116440121757,0.4786042769512021
2020-09-18,-0.017717620213585694,-0.010723811640813041,0.5975282753087467,0.0,0.0,3,0,0,0,1.1891624866774233,0.4786042769512021
2020-09-21,0.011896103760300925,-0.001343426039180362,0.20832882835913344,0.3951283805407517,0.0023820134646800745,1,2,0,2,1.2033088870067954,0.9526249564225369
2020-09-22,-0.0006415052451397285,0.01714474741427141,0.20782064114533674,0.0,0.0,1,0,0,0,1.2025369580442573,0.9526249564225369
2020-09-23,-0.00794372334879856,-0.03015429348587295,0.20147739851134794,0.0,0.0,1,0,0,0,1.192984337132848,0.9526249564225369
2020-09-24,0.0029387175749682193,0.003696021818865969,0.20381715503074718,0.0,0.0,1,0,0,0,1.196490181171042,0.9526249564225369
2020-09-25,0.006008063063752456,0.022609915812147552,0.2085721037418791,0.0,0.0,1,0,0,0,1.2036787696346782,0.9526249564225369
2020-09-28,0.003807766931422485,0.018683148317077736,0.21157424525866492,0.0,0.0,1,0,0,0,1.2082620978497485,0.9526249564225369
2020-09-29,0.006095936356848908,-0.002905311445918657,0.21635131775177843,0.0,0.0,1,0,0,0,1.2156275867006332,0.9526249564225369
2020-09-30,0.00058208743922461,0.007424295323056107,0.21680720444056475,0.0,0.0,1,0,0,0,1.2163351882496265,0.9526249564225369
2020-10-01,0.003456825278528086,0.014237743451981144,0.9999999999999991,0.820245488531283,0.005026325617780464,5,0,0,0,1.220539846475531,1.1379786002407855e-15
2020-10-02,-0.018052086305805903,-0.022204564516841052,0.9999999999999991,0.0,0.0,5,0,0,0,1.1985065558272796,1.1379786002407855e-15
2020-10-05,0.05111140949270787,0.023250564334085677,0.9999999999999991,0.0,0.0,5,0,0,0,1.2597639151818627,1.1379786002407855e-15
2020-10-06,-0.011163509612290068,-0.01569824840061773,0.9999999999999991,0.0,0.0,5,0,0,0,1.2457005286055138,1.1379786002407855e-15
2020-10-07,0.05746679899943996,0.018826314482861317,0.9999999999999991,0.0,0.0,5,0,0,0,1.317286950496383,1.1379786002407855e-15
2020-10-08,-0.017756418764248272,0.004962814528019166,0.9999999999999991,0.0,0.0,5,0,0,0,1.2938966517706896,1.1379786002407855e-15
2020-10-09,0.021385827764478726,0.01391300236406634,0.9999999999999991,0.0,0.0,5,0,0,0,1.3215677027104933,1.1379786002407855e-15
2020-10-12,-0.00962413884937896,0.02559602326113275,0.9999999999999991,0.0,0.0,5,0,0,0,1.3088487516407528,1.1379786002407855e-15
2020-10-13,0.02041581793737479,-0.0010440457220523003,0.9999999999999992,0.0,0.0,5,0,0,0,1.3355699694618106,1.1379786002407855e-15
2020-10-14,0.008374719074634163,-0.008024359341385012,0.9999999999999992,0.0,0.0,5,0,0,0,1.3467549927605709,1.1379786002407855e-15
2020-10-15,0.004911092696620045,-0.004656402072337529,0.9999999999999992,0.0,0.0,5,0,0,0,1.353369031369654,1.1379786002407855e-15
2020-10-16,0.004732240146876121,-0.003611162683268221,0.9999999999999992,0.0,0.0,5,0,0,0,1.3597734986334402,1.1379786002407855e-15
2020-10-19,0.01028363297411139,-0.016510093440833873,0.9999999999999992,0.0,0.0,5,0,0,0,1.3737569102213099,1.1379786002407855e-15
2020-10-20,-0.01259021148214401,0.0032755402250899124,0.9999999999999992,0.0,0.0,5,0,0,0,1.3564610201965668,1.1379786002407855e-15
2020-10-21,-0.06482138459966069,-0.0027612382234186716,0.9999999999999991,0.0,0.0,5,0,0,0,1.268533338711957,1.1379786002407855e-15
2020-10-22,0.009547632895218205,0.0018546239456909142,0.9999999999999991,0.0,0.0,5,0,0,0,1.2806448293453243,1.1379786002407855e-15
2020-10-23,0.0015812270745128032,0.003676325395445934,0.9999999999999991,0.0,0.0,5,0,0,0,1.28266981962232,1.1379786002407855e-15
2020-10-26,-0.0039053698136699566,-0.016400630679851314,0.9999999999999991,0.0,0.0,5,0,0,0,1.2776605196278616,1.1379786002407855e-15
2020-10-27,-0.01660540552346923,0.006382660068046775,0.9999999999999991,0.0,0.0,5,0,0,0,1.2564444485781145,1.1379786002407855e-15
2020-10-28,-0.012384722230821765,-0.03730951458930609,0.9999999999999991,0.0,0.0,5,0,0,0,1.2408837330840166,1.1379786002407855e-15
2020-10-29,-0.0005688558070360283,0.01641988509046377,0.9999999999999991,0.0,0.0,5,0,0,0,1.2401778491665951,1.1379786002407855e-15
2020-10-30,-0.047592269264823184,-0.024495781164918462,0.9999999999999991,0.0,0.0,5,0,0,0,1.1811549710327893,1.1379786002407855e-15
2020-11-02,0.020162894419435418,0.004215697210883773,1.0000000000000002,0.4591463032367821,0.0027726539623330816,5,0,0,0,1.2049704740067149,-1.3227266504323154e-16
2020-11-03,-0.023407809641212918,0.018525955264873994,1.0000000000000002,0.0,0.0,5,0,0,0,1.1767647545278836,-1.3227266504323154e-16
2020-11-04,0.03222766858748827,0.03854633401596108,0.8476895357142605,0.1529587720380012,0.0009296978227656769,4,1,0,1,1.2146891390422452,0.18500986673036957
2020-11-05,0.046346840866898775,0.02589127628621446,0.854435968708473,0.0,0.0,4,0,0,0,1.2709861432721863,0.18500986673036957
2020-11-06,0.060045952142873116,0.00036160423982689593,0.8626813950873824,0.0,0.0,4,0,0,0,1.3473037164053627,0.18500986673036957
2020-11-09,-0.06611603775593866,-0.015249882049063634,0.852959671153737,0.0,0.0,4,0,0,0,1.2582253330227893,0.18500986673036957
2020-11-10,-0.053667331760612,-0.01365051501050929,0.84462088884681,0.0,0.0,4,0,0,0,1.1906997366458487,0.18500986673036957
2020-11-11,0.05420131930742289,0.02012307462854701,0.8526096407702568,0.0,0.0,4,0,0,0,1.2552372332710546,0.18500986673036957
2020-11-12,-0.002744253276048214,-0.006516052178237586,0.8522040512537233,0.0,0.0,4,0,0,0,1.2517925443814328,0.18500986673036957
2020-11-13,-0.015166537524288537,0.010222399064781174,0.8499279783053454,0.0,0.0,4,0,0,0,1.2328071857844471,0.18500986673036957
2020-11-16,0.008147521805287994,0.008013982366056771,0.8511408117872264,0.0,0.0,4,0,0,0,1.2428515092123416,0.18500986673036957
2020-11-17,0.043949821573466163,-0.0020798048349075504,0.8574077171751325,0.0,0.0,4,0,0,0,1.297474611284537,0.18500986673036957
2020-11-18,0.018503331157288194,-0.008210583953855988,0.8599982165371565,0.0,0.0,4,0,0,0,1.3214822136853086,0.18500986673036957
2020-11-19,0.023347675458222472,0.008736154715840438,0.8631923569864416,0.0,0.0,4,0,0,0,1.3523357515342465,0.18500986673036957
2020-11-20,0.013578187534592612,-0.004174838439022555,0.8650250718730179,0.0,0.0,4,0,0,0,1.3706980199783128,0.18500986673036957
2020-11-23,0.02270942156770195,0.0021593926613243664,0.8680222111183052,0.0,0.0,4,0,0,0,1.4018257791560145,0.18500986673036957
2020-11-24,0.01735757089832979,0.013147501410619045,0.8702739403952556,0.0,0.0,4,0,0,0,1.4261580695048215,0.18500986673036957
2020-11-25,0.024341984752264567,0.004785374929970887,0.8733566899182422,0.0,0.0,4,0,0,0,1.460873587487027,0.18500986673036957
2020-11-27,0.020562762536955104,0.009210824539925166,0.8759083569079642,0.0,0.0,4,0,0,0,1.4909131841630323,0.18500986673036957
2020-11-30,-0.003046284872809779,-0.000581657909873412,0.8755291833420729,0.0,0.0,4,0,0,0,1.4863714378834438,0.18500986673036957
2020-12-01,-0.039702365302803355,0.012821546348028123,0.9999999999999986,1.1665317138177533,0.008374141068667197,5,0,0,0,1.4273589760809422,2.0972806824559598e-15
2020-12-02,0.011066839130753126,-0.0004646014218057104,0.9999999999999987,0.0,0.0,5,0,0,0,1.4431553282510665,2.0972806824559598e-15
2020-12-03,0.014543028811016434,0.0022523747008165174,0.9999999999999987,0.0,0.0,5,0,0,0,1.4641431777685936,2.0972806824559598e-15
2020-12-04,0.015531272328034529,0.007033168197192907,0.9999999999999987,0.0,0.0,5,0,0,0,1.4868831841897516,2.0972806824559598e-15
2020-12-07,0.006106320610377969,0.004469821984384614,0.9999999999999987,0.0,0.0,5,0,0,0,1.4959625696225938,2.0972806824559598e-15
2020-12-08,0.008615450001780989,0.005018240774582239,0.9999999999999987,0.0,0.0,5,0,0,0,1.5088509603457132,2.0972806824559598e-15
2020-12-09,-0.04357586454979212,-0.01937730993391329,0.9999999999999987,0.0,0.0,5,0,0,0,1.4431014752718647,2.0972806824559598e-15
2020-12-10,0.02408237851907491,0.005418247355198913,0.9999999999999987,0.0,0.0,5,0,0,0,1.4778547912407973,2.0972806824559598e-15
2020-12-11,-0.0016422586929969452,-0.0022518886838218677,0.9999999999999987,0.0,0.0,5,0,0,0,1.475427771362895,2.0972806824559598e-15
2020-12-14,0.009997624037742403,0.005022503019723512,0.9999999999999987,0.0,0.0,5,0,0,0,1.4901785435158252,2.0972806824559598e-15
2020-12-15,0.019976699551786936,0.01246134256803022,0.9999999999999987,0.0,0.0,5,0,0,0,1.5199473925581604,2.0972806824559598e-15
2020-12-16,0.01268175787537662,0.0050121160204752435,0.9999999999999987,0.0,0.0,5,0,0,0,1.5392229973738931,2.0972806824559598e-15
2020-12-17,-0.0007329556510629054,0.008418077232621224,0.9999999999999987,0.0,0.0,5,0,0,0,1.538094815179722,2.0972806824559598e-15
2020-12-18,0.004635946160212789,-0.0007134807572460877,0.9999999999999987,0.0,0.0,5,0,0,0,1.5452253399321976,2.0972806824559598e-15
2020-12-21,0.006455293270726248,-0.0010286510410999483,0.9999999999999987,0.0,0.0,5,0,0,0,1.5552002226708177,2.0972806824559598e-15
2020-12-22,0.029620786479910288,0.005132534023930546,0.9999999999999988,0.0,0.0,5,0,0,0,1.601266476400059,2.0972806824559598e-15
2020-12-23,-0.021518558054244297,-0.0028735115262293887,0.9999999999999988,0.0,0.0,5,0,0,0,1.566809530767329,2.0972806824559598e-15
2020-12-24,0.0029309705056443924,0.0026325110879321656,0.9999999999999988,0.0,0.0,5,0,0,0,1.5714018032899706,2.0972806824559598e-15
2020-12-28,-0.04939926139599882,0.007394803909404057,0.9999999999999987,0.0,0.0,5,0,0,0,1.4937757148511055,2.0972806824559598e-15
2020-12-29,-0.007546701994568417,-0.0038142946689498913,0.9999999999999987,0.0,0.0,5,0,0,0,1.4825026346844008,2.0972806824559598e-15
2020-12-30,0.01724019440307556,0.0015393743393061765,0.9999999999999987,0.0,0.0,5,0,0,0,1.5080612683094317,2.0972806824559598e-15
2020-12-31,-0.01232644255263926,0.0014203727396466803,0.9999999999999987,0.0,0.0,5,0,0,0,1.4894722377197551,2.0972806824559598e-15
2021-01-04,-0.010266436977965365,-0.014729263144160454,1.0,0.8640704424115084,0.006396615327583921,5,0,0,0,1.4741806648607763,-7.806255641895632e-17
2021-01-05,0.028291924146396807,0.009490349264984488,1.0,0.0,0.0,5,0,0,0,1.5158880724091022,-7.806255641895632e-17
2021-01-06,0.011486817344667832,-0.00609769435273988,1.0,0.0,0.0,5,0,0,0,1.5333008018118262,-7.806255641895632e-17
2021-01-07,0.051672873528827656,0.025640913946500588,1.0,0.0,0.0,5,0,0,0,1.6125308602254989,-7.806255641895632e-17
2021-01-08,0.018980060755350303,0.010292428620224836,1.0,0.0,0.0,5,0,0,0,1.643136793922456,-7.806255641895632e-17
2021-01-11,-0.031739366879373954,-0.012539403572295549,1.0,0.0,0.0,5,0,0,0,1.5909846723871528,-7.806255641895632e-17
2021-01-12,0.027867039557101014,0.002761714523592751,1.0,0.0,0.0,5,0,0,0,1.6353207051873069,-7.806255641895632e-17
2021-01-13,0.008750869472871292,0.004323418403134882,1.0,0.0,0.0,5,0,0,0,1.6496311832246848,-7.806255641895632e-17
2021-01-14,0.0013849810802879503,-0.0012425592685575415,1.0,0.0,0.0,5,0,0,0,1.651915891202904,-7.806255641895632e-17
2021-01-15,-0.031685657776142184,-0.00870425177689449,1.0,0.0,0.0,5,0,0,0,1.5995738495992777,-7.806255641895632e-17
2021-01-19,0.01717055845978077,0.015284661263274879,1.0,0.0,0.0,5,0,0,0,1.6270394258945589,-7.806255641895632e-17
2021-01-20,0.00871838691847504,0.019706354381155977,1.0,0.0,0.0,5,0,0,0,1.6412245851411211,-7.806255641895632e-17
2021-01-21,0.01891015345199376,0.005474150435512692,1.0,0.0,0.0,5,0,0,0,1.6722603938953244,-7.806255641895632e-17
2021-01-22,-0.004181823942673413,0.0008976850419943894,1.0,0.0,0.0,5,0,0,0,1.6652672953417484,-7.806255641895632e-17
2021-01-25,-0.01313236125985695,0.006861867975715974,1.0,0.0,0.0,5,0,0,0,1.6433984036250957,-7.806255641895632e-17
2021-01-26,-0.03340767482938234,-0.0007280511644763843,1.0,0.0,0.0,5,0,0,0,1.5884962841416626,-7.806255641895632e-17
2021-01-27,-0.03325480377451817,-0.026087268264435415,1.0,0.0,0.0,5,0,0,0,1.5356711519159802,-7.806255641895632e-17
2021-01-28,0.028039689532394663,0.005015636936985812,1.0,0.0,0.0,5,0,0,0,1.5787308942395593,-7.806255641895632e-17
2021-01-29,-0.02988159664358825,-0.019979061206606974,1.0,0.0,0.0,5,0,0,0,1.5315558944491214,-7.806255641895632e-17
2021-02-01,0.025805594867392978,0.025453904158710294,1.0000000000000002,0.800800800800801,0.00631589389096701,5,0,0,0,1.5710786053780432,-1.3704315460216776e-16
2021-02-02,0.03904826508087389,0.015621624805566947,1.0000000000000002,0.0,0.0,5,0,0,0,1.6324264992237347,-1.3704315460216776e-16
2021-02-03,0.0027938082927152497,-0.0001641325609580413,1.0000000000000002,0.0,0.0,5,0,0,0,1.636987185914514,-1.3704315460216776e-16
2021-02-04,0.017054293247144692,0.012284609071070873,1.0000000000000002,0.0,0.0,5,0,0,0,1.6649048454249182,-1.3704315460216776e-16
2021-02-05,0.005006342442462897,0.005701419953886067,1.0000000000000002,0.0,0.0,5,0,0,0,1.6732399292152311,-1.3704315460216776e-16
2021-02-08,0.09371242435573457,0.009479135040700193,1.0000000000000002,0.0,0.0,5,0,0,0,1.8300432995108082,-1.3704315460216776e-16
2021-02-09,0.05911492717599365,0.0014338156905593369,1.0000000000000002,0.0,0.0,5,0,0,0,1.9382261758903048,-1.3704315460216776e-16
2021-02-10,-0.08430188622694479,-0.0025102698357137854,1.0000000000000002,0.0,0.0,5,0,0,0,1.7748300533283141,-1.3704315460216776e-16
2021-02-11,0.030026722713269116,0.0038103467300871774,1.0000000000000002,0.0,0.0,5,0,0,0,1.82812238320278,-1.3704315460216776e-16
2021-02-12,0.023924692949347293,0.004969365541769966,1.0000000000000002,0.0,0.0,5,0,0,0,1.8718596498947353,-1.3704315460216776e-16
2021-02-16,-0.03450961454120505,-0.0034035465115552777,1.0000000000000002,0.0,0.0,5,0,0,0,1.807262494901633,-1.3704315460216776e-16
2021-02-17,-0.015296351774391037,-0.005837615649589956,1.0000000000000002,0.0,0.0,5,0,0,0,1.779617972030954,-1.3704315460216776e-16
2021-02-18,-0.012724622706560718,-0.007170501244886052,1.0000000000000002,0.0,0.0,5,0,0,0,1.7569730047750454,-1.3704315460216776e-16
2021-02-19,0.03341126774953618,0.0006568457620867996,1.0000000000000002,0.0,0.0,5,0,0,0,1.8156757002662915,-1.3704315460216776e-16
2021-02-22,-0.07530520701477628,-0.024607439038234813,1.0000000000000002,0.0,0.0,5,0,0,0,1.6789458657860397,-1.3704315460216776e-16
2021-02-23,-0.048724505327656376,-0.00501363037368685,1.0000000000000002,0.0,0.0,5,0,0,0,1.597140059003701,-1.3704315460216776e-16
2021-02-24,0.08378869458992999,0.009860055383365873,1.0000000000000002,0.0,0.0,5,0,0,0,1.7309623396249048,-1.3704315460216776e-16
2021-02-25,-0.0765940557427588,-0.03519166815377628,1.0000000000000002,0.0,0.0,5,0,0,0,1.5983809136950586,-1.3704315460216776e-16
2021-02-26,0.030021304507915403,0.005557642070551205,1.0000000000000002,0.0,0.0,5,0,0,0,1.646366393824738,-1.3704315460216776e-16
2021-03-01,0.03911825985163064,0.03005412123962392,1.0,1.1988011988011988,0.010316197279775072,5,0,0,0,1.710769382229366,1.0234868508263162e-16
2021-03-02,-0.028225181910403685,-0.01692868570469308,1.0,0.0,0.0,5,0,0,0,1.6624826052091932,1.0234868508263162e-16
2021-03-03,-0.04859303994982567,-0.027026038913368078,1.0,0.0,0.0,5,0,0,0,1.5816975215583726,1.0234868508263162e-16
2021-03-04,-0.046473178981005225,-0.02110213366126701,1.0,0.0,0.0,5,0,0,0,1.508191009545178,1.0234868508263162e-16
2021-03-05,0.03102103925383637,0.015457715051152121,1.0,0.0,0.0,5,0,0,0,1.5549766620545622,1.0234868508263162e-16
2021-03-08,-0.04263448037240036,-0.024069880007174804,1.0,0.0,0.0,5,0,0,0,1.4886810400766564,1.0234868508263162e-16
2021-03-09,0.06010405241560912,0.03685123033284099,0.8176091756833401,0.18313950702352258,0.001446438795286657,4,1,0,1,1.5781568033395472,0.28784132026204484
2021-03-10,-0.013777634144337969,-0.0003818469579848216,0.8150611559509556,0.0,0.0,4,0,0,0,1.556413536280737,0.28784132026204484
2021-03-11,0.02750035510146498,0.02523874360004008,0.8200109195769749,0.0,0.0,4,0,0,0,1.5992154612131841,0.28784132026204484
2021-03-12,-0.013668925835776058,-0.005881821325752323,0.8175165670659414,0.0,0.0,4,0,0,0,1.5773559036784348,0.28784132026204484
2021-03-15,0.01396207778874925,0.010498883235619871,0.8200293315386915,0.0,0.0,4,0,0,0,1.599379069506136,0.28784132026204484
2021-03-16,0.015141463097170904,0.0008811038099785229,0.8227137054256236,0.0,0.0,4,0,0,0,1.6235960086654508,0.28784132026204484
2021-03-17,0.013461619986600448,0.003981325884915288,0.8250685659149871,0.0,0.0,4,0,0,0,1.6454522411458665,0.28784132026204484
2021-03-18,-0.03227845249056327,-0.030242365102995494,0.8192337098050335,0.0,0.0,4,0,0,0,1.5923395891545489,0.28784132026204484
2021-03-19,0.005916900848633944,0.0075530749529892915,0.820296994669774,0.0,0.0,4,0,0,0,1.601761304620931,0.28784132026204484
2021-03-22,0.02260890636027635,0.012281778953403988,0.824270056506906,0.0,0.0,4,0,0,0,1.6379753759686195,0.28784132026204484
2021-03-23,-0.031456804667564064,-0.011201213197461812,0.818562616164189,0.0,0.0,4,0,0,0,1.5864499045164948,0.28784132026204484
2021-03-24,-0.006723801366517734,-0.02009478248341834,0.817334409013901,0.0,0.0,4,0,0,0,1.5757829304805948,0.28784132026204484
2021-03-25,-0.004234205798264168,0.0012181942978437554,0.8165576764639375,0.0,0.0,4,0,0,0,1.5691107412595482,0.28784132026204484
2021-03-26,0.03639566108685055,0.012409375460237237,0.8229997187139035,0.0,0.0,4,0,0,0,1.6262195640061676,0.28784132026204484
2021-03-29,-0.012451637930058435,-0.0060187044334576445,0.8207679865772886,0.0,0.0,4,0,0,0,1.6059704668003854,0.28784132026204484
2021-03-30,-0.013167838331045179,-0.001091300595310929,0.8183763963270209,0.0,0.0,4,0,0,0,1.5848233073291247,0.28784132026204484
2021-03-31,0.0239827496235967,0.015444270389829873,0.822630211554109,0.0,0.0,4,0,0,0,1.6228317279064397,0.28784132026204484
2021-04-01,0.02002898115599283,0.01760675394508815,1.0,1.025979034269746,0.008535483178606959,5,0,0,0,1.655335394004025,-9.71445146547012e-17
2021-04-05,0.025912562757029134,0.016727413594797236,1.0,0.0,0.0,5,0,0,0,1.6982293762850857,-9.71445146547012e-17
2021-04-06,-0.016754059749817696,-0.0005262742082925431,1.0,0.0,0.0,5,0,0,0,1.6697771398459098,-9.71445146547012e-17
2021-04-07,0.0035951670513378886,-0.0006962940194117362,1.0,0.0,0.0,5,0,0,0,1.6757802676021611,-9.71445146547012e-17
2021-04-08,0.006224456794263977,0.010261481727402266,1.0,0.0,0.0,5,0,0,0,1.686211089474531,-9.71445146547012e-17
2021-04-09,0.0005367620898775183,0.005125049771103507,1.0,0.0,0.0,5,0,0,0,1.687116183662892,-9.71445146547012e-17
2021-04-12,-0.023276052561926663,-0.0036104913851688902,1.0,0.0,0.0,5,0,0,0,1.6478467786938775,-9.71445146547012e-17
2021-04-13,-0.008408811581184894,0.01054870834286703,1.0,0.0,0.0,5,0,0,0,1.6339903456171783,-9.71445146547012e-17
2021-04-14,-0.012524912842354685,-0.00987838139408359,1.0,0.0,0.0,5,0,0,0,1.6135247589530741,-9.71445146547012e-17
2021-04-15,0.00898146814726708,0.013055707282746853,1.0,0.0,0.0,5,0,0,0,1.628016580180438,-9.71445146547012e-17
2021-04-16,-0.009218872766946662,0.0009671863057285623,1.0,0.0,0.0,5,0,0,0,1.613008102465275,-9.71445146547012e-17
2021-04-19,-0.024400407497748078,-0.00979026855153775,1.0,0.0,0.0,5,0,0,0,1.573650047467953,-9.71445146547012e-17
2021-04-20,-0.013542500673711877,-0.009234578841917473,1.0,0.0,0.0,5,0,0,0,1.5523388906399314,-9.71445146547012e-17
2021-04-21,0.03778986744128465,0.011892282441095192,1.0,0.0,0.0,5,0,0,0,1.6110015715411652,-9.71445146547012e-17
2021-04-22,-0.025752824044296907,-0.009448289083465955,1.0,0.0,0.0,5,0,0,0,1.5695137315341798,-9.71445146547012e-17
2021-04-23,0.007639438228702389,0.014357256405947316,1.0,0.0,0.0,5,0,0,0,1.5815039347353355,-9.71445146547012e-17
2021-04-26,0.01293114870830081,0.008701539143620707,1.0,0.0,0.0,5,0,0,0,1.6019545972981608,-9.71445146547012e-17
2021-04-27,-0.00748186268229456,-0.0034344982946684643,1.0,0.0,0.0,5,0,0,0,1.5899689929779055,-9.71445146547012e-17
2021-04-28,-0.01313220845223928,-0.002781043282530815,1.0,0.0,0.0,5,0,0,0,1.5690891887295226,-9.71445146547012e-17
2021-04-29,0.005753870786833648,0.002242938725995014,1.0,0.0,0.0,5,0,0,0,1.5781175251744899,-9.71445146547012e-17
2021-04-30,-0.02809961875092526,-0.008511550457648398,1.0,0.0,0.0,5,0,0,0,1.533773024372933,-9.71445146547012e-17
2021-05-03,-0.010990791342322503,-0.004838855596334679,1.0,1.1988011988011988,0.009147230020676786,5,0,0,0,1.5169156450955672,-4.163336342344337e-17
2021-05-04,-0.020984263552540905,-0.018827857110276458,1.0,0.0,0.0,5,0,0,0,1.4850842874119092,-4.163336342344337e-17
2021-05-05,0.0010949395299821862,-0.0037465133043687038,1.0,0.0,0.0,5,0,0,0,1.486710364903552,-4.163336342344337e-17
2021-05-06,0.003506701687643776,0.0037119292572853624,1.0,0.0,0.0,5,0,0,0,1.4919238146491969,-4.163336342344337e-17
2021-05-07,0.012911791995493749,0.00875785854127642,1.0,0.0,0.0,5,0,0,0,1.5111872246170708,-4.163336342344337e-17
2021-05-10,-0.04203120791935533,-0.025477958083079177,1.0,0.0,0.0,5,0,0,0,1.447670200174117,-4.163336342344337e-17
2021-05-11,-0.005924947335768316,-0.0009276027664643083,1.0,0.0,0.0,5,0,0,0,1.4390928304785242,-4.163336342344337e-17
2021-05-12,-0.04454658472638995,-0.02671847959305318,1.0,0.0,0.0,5,0,0,0,1.3749861597764723,-4.163336342344337e-17
2021-05-13,0.0260364196563021,0.007160058794258184,1.0,0.0,0.0,5,0,0,0,1.4107858764540198,-4.163336342344337e-17
2021-05-14,0.030321875707992385,0.02323736928588338,1.0,0.0,0.0,5,0,0,0,1.4535635504504496,-4.163336342344337e-17
2021-05-17,-0.009361649273445849,-0.003792306890141317,1.0,0.0,0.0,5,0,0,0,1.4399557982944677,-4.163336342344337e-17
2021-05-18,-0.010208491126798558,-0.0056365894317486065,1.0,0.0,0.0,5,0,0,0,1.4252560223045965,-4.163336342344337e-17
2021-05-19,0.017171602221756732,-0.0002930326782775161,1.0,0.0,0.0,5,0,0,0,1.4497299517837743,-4.163336342344337e-17
2021-05-20,0.02738078988372772,0.017744861772570397,1.0,0.0,0.0,5,0,0,0,1.4894247029817125,-4.163336342344337e-17
2021-05-21,-0.009789204952437291,-0.004783418073071144,1.0,0.0,0.0,5,0,0,0,1.4748444193030015,-4.163336342344337e-17
2021-05-24,0.031807462593614444,0.014117571829638464,1.0,0.0,0.0,5,0,0,0,1.5217554780013827,-4.163336342344337e-17
2021-05-25,0.005814146432587597,-0.00029251521130702063,1.0,0.0,0.0,5,0,0,0,1.5306031871850752,-4.163336342344337e-17
2021-05-26,0.002855528501058524,0.005917864207014789,1.0,0.0,0.0,5,0,0,0,1.5349738682098932,-4.163336342344337e-17
2021-05-27,-0.0011997075059861917,-0.00012517838210612808,1.0,0.0,0.0,5,0,0,0,1.5331323485387092,-4.163336342344337e-17
2021-05-28,0.0042167762795282115,0.0009072983495947984,1.0,0.0,0.0,5,0,0,0,1.5395972246594045,-4.163336342344337e-17
2021-06-01,-0.007257729074713226,-0.0008917763748547136,1.0000000000000002,1.5952143569292125,0.012288830111506704,5,0,0,0,1.5284232451186461,-2.0469737016526324e-16
2021-06-02,0.014431607130970026,0.001445028392468073,1.0000000000000002,0.0,0.0,5,0,0,0,1.5504808489220407,-2.0469737016526324e-16
2021-06-03,0.00436622509301321,-0.010309459710361346,1.0000000000000002,0.0,0.0,5,0,0,0,1.5572505973108406,-2.0469737016526324e-16
2021-06-04,0.02802156300638292,0.014688927255154027,1.0000000000000002,0.0,0.0,5,0,0,0,1.6008871930401138,-2.0469737016526324e-16
2021-06-07,0.01863386212647855,0.004866730759276017,1.0000000000000002,0.0,0.0,5,0,0,0,1.6307179042752684,-2.0469737016526324e-16
2021-06-08,-0.008153214056697777,0.003111314579322899,1.0000000000000002,0.0,0.0,5,0,0,0,1.6174223121356226,-2.0469737016526324e-16
2021-06-09,0.001745874297626182,-0.0009451478652527934,1.0000000000000002,0.0,0.0,5,0,0,0,1.6202461281787872,-2.0469737016526324e-16
2021-06-10,0.007557240685490907,0.0078051287580642725,1.0000000000000002,0.0,0.0,5,0,0,0,1.632490718139169,-2.0469737016526324e-16
2021-06-11,0.0042892031888128734,0.003501400430360624,1.0000000000000002,0.0,0.0,5,0,0,0,1.639492802533119,-2.0469737016526324e-16
2021-06-14,-0.0073243402493607945,0.007443076666721726,1.0000000000000002,0.0,0.0,5,0,0,0,1.6274845994109883,-2.0469737016526324e-16
2021-06-15,-0.010450732774521465,-0.007145913210587107,1.0000000000000002,0.0,0.0,5,0,0,0,1.610476192767895,-2.0469737016526324e-16
2021-06-16,-0.008550122736254995,-0.0023572186809210915,1.0000000000000002,0.0,0.0,5,0,0,0,1.5967064236559128,-2.0469737016526324e-16
2021-06-17,0.01776447681023785,0.00866593603291732,1.0000000000000002,0.0,0.0,5,0,0,0,1.625071077891706,-2.0469737016526324e-16
2021-06-18,-0.012499682109440635,-0.009248736487040943,1.0000000000000002,0.0,0.0,5,0,0,0,1.6047582060128136,-2.0469737016526324e-16
2021-06-21,0.013784458723315351,0.007918854063497571,1.0000000000000002,0.0,0.0,5,0,0,0,1.626878929264499,-2.0469737016526324e-16
2021-06-22,0.02363909720295032,0.007904978548745278,1.0000000000000002,0.0,0.0,5,0,0,0,1.665336878410814,-2.0469737016526324e-16
2021-06-23,-0.009030820315850896,0.0012954081283504948,1.0000000000000002,0.0,0.0,5,0,0,0,1.650297520296526,-2.0469737016526324e-16
2021-06-24,0.012603330191093054,0.0068650810745303215,1.0000000000000002,0.0,0.0,5,0,0,0,1.6710967648583652,-2.0469737016526324e-16
2021-06-25,-0.002634497197538832,-0.0006486770191380664,1.0000000000000002,0.0,0.0,5,0,0,0,1.6666942651145296,-2.0469737016526324e-16
2021-06-28,0.021074484404712157,0.00975740369460909,1.0000000000000002,0.0,0.0,5,0,0,0,1.701818987412109,-2.0469737016526324e-16
2021-06-29,0.008268072929050296,0.0019190500349235418,1.0000000000000002,0.0,0.0,5,0,0,0,1.7158897509120747,-2.0469737016526324e-16
2021-06-30,-0.0027588310453648957,-0.0016782308502659715,1.0000000000000002,0.0,0.0,5,0,0,0,1.7111559009968351,-2.0469737016526324e-16
2021-07-01,0.003051439427166791,0.0012701985364251822,1.0,1.1988011988011988,0.01035001440952261,5,0,0,0,1.716377389579166,-6.418476861114186e-17
2021-07-02,0.004559179743019115,0.008053034847741003,1.0,0.0,0.0,5,0,0,0,1.7242026626051115,-6.418476861114186e-17
2021-07-06,0.006944916035640736,0.001660964536808196,1.0,0.0,0.0,5,0,0,0,1.7361771053253323,-6.418476861114186e-17
2021-07-07,-0.0166467741527222,9.703592980847553e-05,1.0,0.0,0.0,5,0,0,0,1.7072753571638546,-6.418476861114186e-17
2021-07-08,0.004621252614743332,-0.007178850606408882,1.0,0.0,0.0,5,0,0,0,1.715165107872235,-6.418476861114186e-17
2021-07-09,0.0058060803597510535,0.009762073962464868,1.0,0.0,0.0,5,0,0,0,1.725123494318782,-6.418476861114186e-17
2021-07-12,0.013134837537847721,0.002130361363916755,1.0,0.0,0.0,5,0,0,0,1.7477827111493833,-6.418476861114186e-17
2021-07-13,-0.008828619142528638,-0.003772829509393727,1.0,0.0,0.0,5,0,0,0,1.7323522032487493,-6.418476861114186e-17
2021-07-14,-0.0014220035359649996,-0.002227958334456659,1.0,0.0,0.0,5,0,0,0,1.7298887922901929,-6.418476861114186e-17
2021-07-15,-0.002076162529322634,-0.006952450189304571,1.0,0.0,0.0,5,0,0,0,1.7262972619997448,-6.418476861114186e-17
2021-07-16,0.01052136948920035,-0.007969155863779442,1.0,0.0,0.0,5,0,0,0,1.7444602733414392,-6.418476861114186e-17
2021-07-19,0.027353666517189623,-0.010553156978987288,1.0,0.0,0.0,5,0,0,0,1.7921776579109063,-6.418476861114186e-17
2021-07-20,0.006018564925419634,0.015684325371311703,1.0,0.0,0.0,5,0,0,0,1.8029639955029295,-6.418476861114186e-17
2021-07-21,0.021049172441316655,0.00917837924547249,1.0,0.0,0.0,5,0,0,0,1.840914895549756,-6.418476861114186e-17
2021-07-22,0.01137767614252061,0.00359778329266347,1.0,0.0,0.0,5,0,0,0,1.8618602290372634,-6.418476861114186e-17
2021-07-23,0.04516813923807117,0.010377847149183328,1.0,0.0,0.0,5,0,0,0,1.9459569911042456,-6.418476861114186e-17
2021-07-26,-0.011321804089683973,0.0002508392671958237,1.0,0.0,0.0,5,0,0,0,1.9239252472840125,-6.418476861114186e-17
2021-07-27,-0.015199578564114802,-0.012138008545398149,1.0,0.0,0.0,5,0,0,0,1.894682394336435,-6.418476861114186e-17
2021-07-28,0.021992049896199184,0.00695796663162529,1.0,0.0,0.0,5,0,0,0,1.9363503440901322,-6.418476861114186e-17
2021-07-29,-0.006420085116914054,0.0010621243543811332,1.0,0.0,0.0,5,0,0,0,1.9239188100649076,-6.418476861114186e-17
2021-07-30,-0.0005714619629100248,-0.007144682362109966,1.0,0.0,0.0,5,0,0,0,1.9228193636452284,-6.418476861114186e-17
2021-08-02,-0.009169066645955515,0.0005719201478813218,0.9999999999999994,0.5130189648903914,0.004899558030127398,5,0,0,0,1.9051889047518316,1.1388459619787739e-15
2021-08-03,0.030235060158235516,0.0054645610861603355,0.9999999999999994,0.0,0.0,5,0,0,0,1.962792405899806,1.1388459619787739e-15
2021-08-04,0.037152039474065424,0.0013032935206787055,0.9999999999999993,0.0,0.0,5,0,0,0,2.0357141468431914,1.1388459619787739e-15
2021-08-05,-0.01593617680725712,0.007752359028563305,0.9999999999999993,0.0,0.0,5,0,0,0,2.0032726462700636,1.1388459619787739e-15
2021-08-06,-0.014671988597036223,-0.00398489647332223,0.9999999999999994,0.0,0.0,5,0,0,0,1.9738806528472346,1.1388459619787739e-15
2021-08-09,0.03742598391705321,0.0016456923812682156,0.9999999999999993,0.0,0.0,5,0,0,0,2.0477550784148777,1.1388459619787739e-15
2021-08-10,-0.03009704660652668,-0.004851214152445271,0.9999999999999994,0.0,0.0,5,0,0,0,1.9861236983810735,1.1388459619787739e-15
2021-08-11,-0.0435270711756226,-0.0015520668870292464,0.9999999999999994,0.0,0.0,5,0,0,0,1.8996735507980498,1.1388459619787739e-15
2021-08-12,0.005361352257333252,0.0034626774961783457,0.9999999999999994,0.0,0.0,5,0,0,0,1.9098583698778173,1.1388459619787739e-15
2021-08-13,0.005146273966418313,0.00044787275861901676,0.9999999999999994,0.0,0.0,5,0,0,0,1.9196870242862658,1.1388459619787739e-15
2021-08-16,-0.01676220797003858,-0.001965526645515858,0.9999999999999994,0.0,0.0,5,0,0,0,1.887508831147795,1.1388459619787739e-15
2021-08-17,0.008947191085096673,-0.009299939629287102,0.9999999999999994,0.0,0.0,5,0,0,0,1.9043967333348817,1.1388459619787739e-15
2021-08-18,-0.020539206679369815,-0.008888229114191626,0.9999999999999994,0.0,0.0,5,0,0,0,1.8652819352294,1.1388459619787739e-15
2021-08-19,-0.0019902681822707713,0.0010928055811647575,0.9999999999999994,0.0,0.0,5,0,0,0,1.8615695239427483,1.1388459619787739e-15
2021-08-20,0.02124689338000918,0.011888152874404811,0.9999999999999994,0.0,0.0,5,0,0,0,1.9011220931374342,1.1388459619787739e-15
2021-08-23,0.04187927929373392,0.015494014266626221,0.9999999999999994,0.0,0.0,5,0,0,0,1.980739716247425,1.1388459619787739e-15
2021-08-24,-0.012979838123792997,0.005162905383270022,0.9999999999999994,0.0,0.0,5,0,0,0,1.9550300353651657,1.1388459619787739e-15
2021-08-25,0.005999112440127741,0.0014686347550383339,0.9999999999999994,0.0,0.0,5,0,0,0,1.9667584803711482,1.1388459619787739e-15
2021-08-26,-0.003669157585282634,-0.006385567357820587,0.9999999999999994,0.0,0.0,5,0,0,0,1.9595421335744754,1.1388459619787739e-15
2021-08-27,0.010063193290347883,0.012290630584592899,0.9999999999999994,0.0,0.0,5,0,0,0,1.979261384825216,1.1388459619787739e-15
2021-08-30,-0.0066898986767846,0.009014745430136806,0.9999999999999994,0.0,0.0,5,0,0,0,1.966020326705863,1.1388459619787739e-15
2021-08-31,-0.0020587059217256343,-0.000435886815269515,0.9999999999999994,0.0,0.0,5,0,0,0,1.9619728690170406,1.1388459619787739e-15
2021-09-01,0.008704623922890287,0.003286239361639298,1.0,0.8108777850163827,0.008056507095379856,5,0,0,0,1.979051104988748,-1.0581813203458523e-16
2021-09-02,-0.0020002918179414797,0.0014236957158730856,1.0,0.0,0.0,5,0,0,0,1.975092425256151,-1.0581813203458523e-16
2021-09-03,0.016126654052993628,0.002109348840070968,1.0,0.0,0.0,5,0,0,0,2.006944057520945,-1.0581813203458523e-16
2021-09-07,-0.0017950946278925128,0.000703712632022846,1.0,0.0,0.0,5,0,0,0,2.0033414030248085,-1.0581813203458523e-16
2021-09-08,-0.02189284200663677,-0.005703625233783427,1.0,0.0,0.0,5,0,0,0,1.9594825662030322,-1.0581813203458523e-16
2021-09-09,0.016462330969246652,-0.0025109380331556075,1.0,0.0,0.0,5,0,0,0,1.9917402167363352,-1.0581813203458523e-16
2021-09-10,-0.0032994741787746307,-0.008706557542303206,1.0,0.0,0.0,5,0,0,0,1.9851685213203867,-1.0581813203458523e-16
2021-09-13,-0.02688095723682926,-0.0006557575911461111,1.0,0.0,0.0,5,0,0,0,1.9318052911908739,-1.0581813203458523e-16
2021-09-14,0.005756456834709489,-0.0044899428568856425,1.0,0.0,0.0,5,0,0,0,1.9429256449626777,-1.0581813203458523e-16
2021-09-15,0.009076742071582933,0.008230648040451483,1.0,0.0,0.0,5,0,0,0,1.9605610799062678,-1.0581813203458523e-16
2021-09-16,0.010715513845769298,0.0013451479462562865,1.0,0.0,0.0,5,0,0,0,1.9815694993034798,-1.0581813203458523e-16
2021-09-17,-0.017470717814557446,-0.00908685893944483,1.0,0.0,0.0,5,0,0,0,1.9469500577512149,-1.0581813203458523e-16
2021-09-20,-0.026308641034298974,-0.02193998979444778,1.0,0.0,0.0,5,0,0,0,1.8957284475701306,-1.0581813203458523e-16
2021-09-21,0.017208481931231256,0.002208401084163647,1.0,0.0,0.0,5,0,0,0,1.9283510563066624,-1.0581813203458523e-16
2021-09-22,0.015560733030947071,0.010202505391571082,1.0,0.0,0.0,5,0,0,0,1.9583576122837951,-1.0581813203458523e-16
2021-09-23,0.018849981615931766,0.010431495517001288,1.0,0.0,0.0,5,0,0,0,1.9952726172727646,-1.0581813203458523e-16
2021-09-24,-0.018892892247686643,-0.0003019416885486903,1.0,0.0,0.0,5,0,0,0,1.9575761467098705,-1.0581813203458523e-16
2021-09-27,-0.017992139624525616,-0.0051655405232979845,1.0,0.0,0.0,5,0,0,0,1.9223551633526257,-1.0581813203458523e-16
2021-09-28,-0.05883272803616668,-0.028275748614240648,1.0,0.0,0.0,5,0,0,0,1.8092577648381798,-1.0581813203458523e-16
2021-09-29,-0.011440617272132969,-0.00235395250873216,1.0,0.0,0.0,5,0,0,0,1.7885587392040314,-1.0581813203458523e-16
2021-09-30,0.016738625680758235,-0.004400314367527081,1.0,0.0,0.0,5,0,0,0,1.8184967544476165,-1.0581813203458523e-16
2021-10-01,-0.03198435243668529,0.00817493421551263,1.0000000000000002,1.601778702177596,0.014212145611035926,5,0,0,0,1.7603333133483956,-1.3877787807814457e-16
2021-10-04,-0.018548787057203753,-0.02136468504772182,1.0000000000000002,0.0,0.0,5,0,0,0,1.7276812655693943,-1.3877787807814457e-16
2021-10-05,0.019041820350378602,0.012510672734488137,1.0000000000000002,0.0,0.0,5,0,0,0,1.7605794618510813,-1.3877787807814457e-16
2021-10-06,-0.013571147585145549,0.004716766064746691,1.0000000000000002,0.0,0.0,5,0,0,0,1.7366863781389241,-1.3877787807814457e-16
2021-10-07,0.0069742208508822845,0.010488583121986084,1.0000000000000002,0.0,0.0,5,0,0,0,1.7487984124887839,-1.3877787807814457e-16
2021-10-08,-0.006183480062230129,-0.005082463539891502,1.0000000000000002,0.0,0.0,5,0,0,0,1.7379847523722998,-1.3877787807814457e-16
2021-10-11,-0.006676896656377829,-0.00640191107302035,1.0000000000000002,0.0,0.0,5,0,0,0,1.7263804077903495,-1.3877787807814457e-16
2021-10-12,0.004500425736900127,-0.0013996354958561996,1.0000000000000002,0.0,0.0,5,0,0,0,1.7341498546092493,-1.3877787807814457e-16
2021-10-13,0.01662609767552592,0.007307517594727031,1.0000000000000002,0.0,0.0,5,0,0,0,1.7629819994759819,-1.3877787807814457e-16
2021-10-14,0.014767777065516574,0.0172797975969039,1.0000000000000002,0.0,0.0,5,0,0,0,1.7890173246147618,-1.3877787807814457e-16
2021-10-15,-0.0008639127678842229,0.004986032348505587,1.0000000000000002,0.0,0.0,5,0,0,0,1.7874717697060611,-1.3877787807814457e-16
2021-10-18,0.0271285655985547,0.008355169558527553,1.0000000000000002,0.0,0.0,5,0,0,0,1.8359633148660965,-1.3877787807814457e-16
2021-10-19,2.8327514079995453e-05,0.007141629594346499,1.0000000000000002,0.0,0.0,5,0,0,0,1.836015323142749,-1.3877787807814457e-16
2021-10-20,-0.004212086603267551,-0.0004898576251427533,1.0000000000000002,0.0,0.0,5,0,0,0,1.8282818675967454,-1.3877787807814457e-16
2021-10-21,0.02734060501447022,0.00621766285776193,1.0000000000000002,0.0,0.0,5,0,0,0,1.878268199993826,-1.3877787807814457e-16
2021-10-22,0.0010909829406917648,-0.008248059461634205,1.0000000000000002,0.0,0.0,5,0,0,0,1.8803173585580633,-1.3877787807814457e-16
2021-10-25,0.04884427946733627,0.009045996619713614,1.0000000000000002,0.0,0.0,5,0,0,0,1.972160105106757,-1.3877787807814457e-16
2021-10-26,-0.00408392166757332,0.0005916381350528077,1.0000000000000002,0.0,0.0,5,0,0,0,1.9641059577215878,-1.3877787807814457e-16
2021-10-27,0.002164235456480146,8.079699680418884e-06,1.0000000000000002,0.0,0.0,5,0,0,0,1.9683567454755726,-1.3877787807814457e-16
2021-10-28,0.0212094212462699,0.013932958685521246,1.0,0.0,0.0,5,0,0,0,2.0101044528533007,-1.3877787807814457e-16
2021-10-29,0.021841018508718113,0.0032541503987195686,1.0,0.0,0.0,5,0,0,0,2.0540071814125263,-1.3877787807814457e-16
2021-11-01,0.005232013154847337,0.006292673508698554,1.0,1.2197941732805038,0.012670147977343019,5,0,0,0,2.0647537740058275,2.0816681711721685e-16
2021-11-02,-0.006678016385790464,0.0034424078356416477,1.0,0.0,0.0,5,0,0,0,2.050965314470394,2.0816681711721685e-16
2021-11-03,0.009926440001018833,0.010350518487610039,1.0,0.0,0.0,5,0,0,0,2.071324098608655,2.0816681711721685e-16
2021-11-04,0.05246107527149202,0.008141094529175552,1.0,0.0,0.0,5,0,0,0,2.179987988057419,2.0816681711721685e-16
2021-11-05,-0.02027815926159504,0.0019623397982608815,1.0,0.0,0.0,5,0,0,0,2.1357818444472265,2.0816681711721685e-16
2021-11-08,0.0036316241796283677,0.0006742911266826024,1.0,0.0,0.0,5,0,0,0,2.1435382014359323,2.0816681711721685e-16
2021-11-09,-0.025565775588019646,-0.005995010473236029,1.0,0.0,0.0,5,0,0,0,2.088736984813674,2.0816681711721685e-16
2021-11-10,-0.019253779448293762,-0.016607634524389625,1.0,0.0,0.0,5,0,0,0,2.0485209035825775,2.0816681711721685e-16
2021-11-11,0.029621308293427573,0.0052216373206712685,1.0,0.0,0.0,5,0,0,0,2.1092007728131277,2.0816681711721685e-16
2021-11-12,0.01836012604542936,0.009976693489161415,1.0,0.0,0.0,5,0,0,0,2.1479259648570936,2.0816681711721685e-16
2021-11-15,-0.011926226189599154,-0.00044835248917507453,1.0,0.0,0.0,5,0,0,0,2.122309313961695,2.0816681711721685e-16
2021-11-16,0.027096208215391382,0.007569696003178805,1.0,0.0,0.0,5,0,0,0,2.1798158490302653,2.0816681711721685e-16
2021-11-17,-0.0012040999365665606,-0.0032731108654387997,1.0,0.0,0.0,5,0,0,0,2.177191132904721,2.0816681711721685e-16
2021-11-18,0.02208586027454751,0.004530878180346365,1.0,0.0,0.0,5,0,0,0,2.2252762720570387,2.0816681711721685e-16
2021-11-19,0.028181844997855476,0.003984535170388881,1.0,0.0,0.0,5,0,0,0,2.287988663033556,2.0816681711721685e-16
2021-11-22,-0.025625956004659,-0.012622169633230707,1.0,0.0,0.0,5,0,0,0,2.2293567662154996,2.0816681711721685e-16
2021-11-23,-0.018228377116183414,-0.005021779645224211,1.0,0.0,0.0,5,0,0,0,2.1887192103544084,2.0816681711721685e-16
2021-11-24,0.026116565694827454,0.004442870603730498,1.0,0.0,0.0,5,0,0,0,2.24588103939916,2.0816681711721685e-16
2021-11-26,-0.02160353623061695,-0.02231387604856827,1.0,0.0,0.0,5,0,0,0,2.197362066994845,2.0816681711721685e-16
2021-11-29,0.02134597835982821,0.018795716703568832,1.0,0.0,0.0,5,0,0,0,2.2442669101256243,2.0816681711721685e-16
2021-11-30,-0.020098385315826528,-0.015532292869582354,1.0,0.0,0.0,5,0,0,0,2.19916076901436,2.0816681711721685e-16
2021-12-01,-0.04953137817129705,-0.01825487525481906,0.9999999999999993,0.8519253227576747,0.008941701726951974,5,0,0,0,2.0902333053048294,1.547373340571312e-15
2021-12-02,0.006396947542540721,0.008343193118040881,0.9999999999999993,0.0,0.0,5,0,0,0,2.103604418110536,1.547373340571312e-15
2021-12-03,-0.04229364526764334,-0.01923421484397625,0.9999999999999993,0.0,0.0,5,0,0,0,2.0146353190675215,1.547373340571312e-15
2021-12-06,-0.014789216455262433,0.009259279575593249,0.9999999999999992,0.0,0.0,5,0,0,0,1.9848404412554153,1.547373340571312e-15
2021-12-07,0.04123221563503732,0.030329003671115906,0.9999999999999993,0.0,0.0,5,0,0,0,2.066679810330401,1.547373340571312e-15
2021-12-08,0.003443896561256876,0.006379348241553728,0.9999999999999993,0.0,0.0,5,0,0,0,2.073797241822417,1.547373340571312e-15
2021-12-09,-0.038387586228677884,-0.0170785076213682,0.9999999999999992,0.0,0.0,5,0,0,0,1.9941891713811646,1.547373340571312e-15
2021-12-10,0.00495725453843221,0.007297016135485501,0.9999999999999993,0.0,0.0,5,0,0,0,2.004074874701486,1.547373340571312e-15
2021-12-13,-0.03218198200762867,-0.013903394089667898,0.9999999999999992,0.0,0.0,5,0,0,0,1.9395797731419022,1.547373340571312e-15
2021-12-14,-0.010602162208852794,-0.01139553520923653,0.9999999999999992,0.0,0.0,5,0,0,0,1.919016033770042,1.547373340571312e-15
2021-12-15,0.0370216966174326,0.02152192915758433,0.9999999999999992,0.0,0.0,5,0,0,0,1.9900612631762653,1.547373340571312e-15
2021-12-16,-0.04913860512335455,-0.024743589751826223,0.9999999999999992,0.0,0.0,5,0,0,0,1.8922724285937627,1.547373340571312e-15
2021-12-17,-0.008870445744888378,-0.0007083459916227275,0.9999999999999992,0.0,0.0,5,0,0,0,1.8754871286813735,1.547373340571312e-15
2021-12-20,-0.020647487676585974,-0.012441744327712279,0.8291163780428799,0.17159498301114195,0.0015772498465639274,4,1,0,1,1.8367630313043293,0.3138727194662231
2021-12-21,0.030910790486957218,0.02404004666114412,0.8342401461561944,0.0,0.0,4,0,0,0,1.8935388285391657,0.3138727194662231
2021-12-22,0.015984517920398567,0.011785716434472349,0.8368480514023022,0.0,0.0,4,0,0,0,1.9238061338769206,0.3138727194662231
2021-12-23,0.017275245028696373,0.00847070672296768,0.8396186780372352,0.0,0.0,4,0,0,0,1.9570403562273535,0.3138727194662231
2021-12-27,0.02826894468786989,0.013919535813812445,0.8440278462251446,0.0,0.0,4,0,0,0,2.012363821809474,0.3138727194662231
2021-12-28,-0.005557843081796299,-0.005641523761151235,0.8431561326219151,0.0,0.0,4,0,0,0,2.001179419464373,0.3138727194662231
2021-12-29,-0.0078286448947964,-0.0009826429858396102,0.8419185692360024,0.0,0.0,4,0,0,0,1.9855128964186117,0.3138727194662231
2021-12-30,-0.008678208028613854,-0.0015635521112173922,0.8405346961558973,0.0,0.0,4,0,0,0,1.9682822024599953,0.3138727194662231
2021-12-31,-0.006793607317817529,-0.0061362261673546525,0.8394439413408706,0.0,0.0,4,0,0,0,1.954910466085833,0.3138727194662231
2022-01-03,0.03949518577204625,0.012005653676296246,1.0000000000000002,0.6524446162040678,0.006650925629586151,5,0,0,0,2.0321200181116104,-2.3765711620882257e-16
2022-01-04,-0.010889947236630837,-0.013268658476225936,1.0000000000000002,0.0,0.0,5,0,0,0,2.0099903383358737,-2.3765711620882257e-16
2022-01-05,-0.03356600179521019,-0.033447763266404085,1.0000000000000002,0.0,0.0,5,0,0,0,1.9425229990309367,-2.3765711620882257e-16
2022-01-06,0.006559002852997153,-0.0012787005140298957,1.0000000000000002,0.0,0.0,5,0,0,0,1.9552640129235934,-2.3765711620882257e-16
2022-01-07,-0.029171620317163915,-0.009612432581122654,1.0000000000000002,0.0,0.0,5,0,0,0,1.898225793518772,-2.3765711620882257e-16
2022-01-10,-0.005961820439309817,0.00046376176532603175,1.0000000000000002,0.0,0.0,5,0,0,0,1.8869089121845468,-2.3765711620882257e-16
2022-01-11,0.021790130462831403,0.014095062767937483,1.0000000000000002,0.0,0.0,5,0,0,0,1.9280249035525274,-2.3765711620882257e-16
2022-01-12,0.004026864325657575,0.002306036193135075,1.0000000000000002,0.0,0.0,5,0,0,0,1.9357887982556223,-2.3765711620882257e-16
2022-01-13,-0.02904523009416149,-0.025123139100315273,1.0000000000000002,0.0,0.0,5,0,0,0,1.8795633671965875,-2.3765711620882257e-16
2022-01-14,0.013888009451638483,0.005871648607693292,1.0000000000000002,0.0,0.0,5,0,0,0,1.9056667610051672,-2.3765711620882257e-16
2022-01-18,-0.037944375637910754,-0.025974407028063307,1.0000000000000002,0.0,0.0,5,0,0,0,1.8333574255849063,-2.3765711620882257e-16
2022-01-19,-0.028287568385830686,-0.011487060654220671,1.0000000000000002,0.0,0.0,5,0,0,0,1.7814962020330027,-2.3765711620882257e-16
2022-01-20,-0.04063829543106412,-0.012986826335980917,1.0000000000000002,0.0,0.0,5,0,0,0,1.7090992330654668,-2.3765711620882257e-16
2022-01-21,-0.019619023924448475,-0.02720771811797229,0.8117589886725801,0.18900815667799897,0.001584978318244954,4,1,0,1,1.675568374322699,0.3154106853307456
2022-01-24,0.011290363725670938,0.006261056648160679,0.44357823768519394,0.37145188191241807,0.003152956205370361,2,2,0,2,1.6944861507160334,0.9428489701994474
2022-01-25,-0.007310816272967924,-0.022795527886028677,0.4394803817386914,0.0,0.0,2,0,0,0,1.6820980737910598,0.9428489701994474
2022-01-26,-0.004396800945811963,0.00020859284186203197,0.43700500481135857,0.0,0.0,2,0,0,0,1.6747022233892668,0.9428489701994474
2022-01-27,-0.006361631424166236,-0.013981260879621149,0.43340050767607396,0.0,0.0,2,0,0,0,1.6640483850988326,0.9428489701994474
2022-01-28,0.007691583901395349,0.031288608055884515,0.4377252907776902,0.0,0.0,2,0,0,0,1.6768475528688018,0.9428489701994474
2022-01-31,0.01633124433917188,0.0340806147415853,0.4467603821548296,0.0,0.0,2,0,0,0,1.7042325599742445,0.9428489701994474
2022-02-01,0.004584179337796757,0.007452315548552191,0.0,0.4505255145551623,0.0038653070224272936,0,0,0,0,1.7120450676624788,1.7120450676624788
2022-02-02,0.0,0.004987033705395438,0.0,0.0,0.0,0,0,0,0,1.7120450676624788,1.7120450676624788
2022-02-03,0.0,-0.03736616941402138,0.0,0.0,0.0,0,0,0,0,1.7120450676624788,1.7120450676624788
2022-02-04,0.0,0.0157930159241797,0.0,0.0,0.0,0,0,0,0,1.7120450676624788,1.7120450676624788
2022-02-07,0.0,-0.005840456822591378,0.0,0.0,0.0,0,0,0,0,1.7120450676624788,1.7120450676624788
2022-02-08,0.0,0.012756231097939885,0.0,0.0,0.0,0,0,0,0,1.7120450676624788,1.7120450676624788
2022-02-09,0.0,0.020847429359933667,0.0,0.0,0.0,0,0,0,0,1.7120450676624788,1.7120450676624788
2022-02-10,0.0,-0.02102992103791934,0.0,0.0,0.0,0,0,0,0,1.7120450676624788,1.7120450676624788
2022-02-11,0.0,-0.02780891489603121,0.0,0.0,0.0,0,0,0,0,1.7120450676624788,1.7120450676624788
2022-02-14,0.0,-1.706891206343375e-05,0.0,0.0,0.0,0,0,0,0,1.7120450676624788,1.7120450676624788
2022-02-15,0.0,0.025294753926803137,0.0,0.0,0.0,0,0,0,0,1.7120450676624788,1.7120450676624788
2022-02-16,0.0,-0.0011076640299781948,0.0,0.0,0.0,0,0,0,0,1.7120450676624788,1.7120450676624788
2022-02-17,0.0,-0.028842620263654806,0.0,0.0,0.0,0,0,0,0,1.7120450676624788,1.7120450676624788
2022-02-18,0.0,-0.01229546238128032,0.0,0.0,0.0,0,0,0,0,1.7120450676624788,1.7120450676624788
2022-02-22,0.0,-0.01229317951181419,0.0,0.0,0.0,0,0,0,0,1.7120450676624788,1.7120450676624788
2022-02-23,0.0,-0.025709290679353902,0.0,0.0,0.0,0,0,0,0,1.7120450676624788,1.7120450676624788
2022-02-24,0.0,0.03344952059895756,0.0,0.0,0.0,0,0,0,0,1.7120450676624788,1.7120450676624788
2022-02-25,0.0,0.01640535907852292,0.0,0.0,0.0,0,0,0,0,1.7120450676624788,1.7120450676624788
2022-02-28,0.0,0.004145816635783506,0.0,0.0,0.0,0,0,0,0,1.7120450676624788,1.7120450676624788
2022-03-01,0.0,-0.015921317796936285,0.0,0.0,0.0,0,0,0,0,1.7120450676624788,1.7120450676624788
2022-03-02,0.0,0.016224516179949244,0.0,0.0,0.0,0,0,0,0,1.7120450676624788,1.7120450676624788
2022-03-03,0.0,-0.015566822396069657,0.0,0.0,0.0,0,0,0,0,1.7120450676624788,1.7120450676624788
2022-03-04,0.0,-0.016583237684866914,0.0,0.0,0.0,0,0,0,0,1.7120450676624788,1.7120450676624788
2022-03-07,0.0,-0.036239818886758646,0.0,0.0,0.0,0,0,0,0,1.7120450676624788,1.7120450676624788
2022-03-08,0.0,-0.0027597385352692294,0.0,0.0,0.0,0,0,0,0,1.7120450676624788,1.7120450676624788
2022-03-09,0.0,0.035949532086611447,0.0,0.0,0.0,0,0,0,0,1.7120450676624788,1.7120450676624788
2022-03-10,0.0,-0.009473996842332855,0.0,0.0,0.0,0,0,0,0,1.7120450676624788,1.7120450676624788
2022-03-11,0.0,-0.021794067674022144,0.0,0.0,0.0,0,0,0,0,1.7120450676624788,1.7120450676624788
2022-03-14,0.0,-0.020444630453667068,0.0,0.0,0.0,0,0,0,0,1.7120450676624788,1.7120450676624788
2022-03-15,0.0,0.029202285593797672,0.0,0.0,0.0,0,0,0,0,1.7120450676624788,1.7120450676624788
2022-03-16,0.0,0.03768212817656691,0.0,0.0,0.0,0,0,0,0,1.7120450676624788,1.7120450676624788
2022-03-17,0.0,0.013264451379705333,0.0,0.0,0.0,0,0,0,0,1.7120450676624788,1.7120450676624788
2022-03-18,0.0,0.02049652476236652,0.0,0.0,0.0,0,0,0,0,1.7120450676624788,1.7120450676624788
2022-03-21,0.0,-0.003985716861265365,0.0,0.0,0.0,0,0,0,0,1.7120450676624788,1.7120450676624788
2022-03-22,0.0,0.019536668097461796,0.0,0.0,0.0,0,0,0,0,1.7120450676624788,1.7120450676624788
2022-03-23,0.0,-0.01319833510638535,0.0,0.0,0.0,0,0,0,0,1.7120450676624788,1.7120450676624788
2022-03-24,0.0,0.01933793350231272,0.0,0.0,0.0,0,0,0,0,1.7120450676624788,1.7120450676624788
2022-03-25,0.0,-0.0015881733268547915,0.0,0.0,0.0,0,0,0,0,1.7120450676624788,1.7120450676624788
2022-03-28,0.0,0.013098918268353632,0.0,0.0,0.0,0,0,0,0,1.7120450676624788,1.7120450676624788
2022-03-29,0.0,0.01844202032639397,0.0,0.0,0.0,0,0,0,0,1.7120450676624788,1.7120450676624788
2022-03-30,0.0,-0.01213171816586378,0.0,0.0,0.0,0,0,0,0,1.7120450676624788,1.7120450676624788
2022-03-31,0.0,-0.015354631400716245,0.0,0.0,0.0,0,0,0,0,1.7120450676624788,1.7120450676624788
2022-04-01,0.0,0.002881849892591104,0.0,0.0,0.0,0,0,0,0,1.7120450676624788,1.7120450676624788
2022-04-04,0.0,0.01900597412614391,0.0,0.0,0.0,0,0,0,0,1.7120450676624788,1.7120450676624788
2022-04-05,0.0,-0.02259655851125464,0.0,0.0,0.0,0,0,0,0,1.7120450676624788,1.7120450676624788
2022-04-06,0.0,-0.022201272189965593,0.0,0.0,0.0,0,0,0,0,1.7120450676624788,1.7120450676624788
2022-04-07,0.0,0.0006107359435800763,0.0,0.0,0.0,0,0,0,0,1.7120450676624788,1.7120450676624788
2022-04-08,0.0,-0.013405748072010337,0.0,0.0,0.0,0,0,0,0,1.7120450676624788,1.7120450676624788
2022-04-11,0.0,-0.02181023157026507,0.0,0.0,0.0,0,0,0,0,1.7120450676624788,1.7120450676624788
2022-04-12,0.0,-0.003011104398112363,0.0,0.0,0.0,0,0,0,0,1.7120450676624788,1.7120450676624788
2022-04-13,0.0,0.020342829866225376,0.0,0.0,0.0,0,0,0,0,1.7120450676624788,1.7120450676624788
2022-04-14,0.0,-0.021439215518904264,0.0,0.0,0.0,0,0,0,0,1.7120450676624788,1.7120450676624788
2022-04-18,0.0,-0.0014022611850154076,0.0,0.0,0.0,0,0,0,0,1.7120450676624788,1.7120450676624788
2022-04-19,0.0,0.02154898727812382,0.0,0.0,0.0,0,0,0,0,1.7120450676624788,1.7120450676624788
2022-04-20,0.0,-0.012231645024930904,0.0,0.0,0.0,0,0,0,0,1.7120450676624788,1.7120450676624788
2022-04-21,0.0,-0.020695208989320646,0.0,0.0,0.0,0,0,0,0,1.7120450676624788,1.7120450676624788
2022-04-22,0.0,-0.025454821521881055,0.0,0.0,0.0,0,0,0,0,1.7120450676624788,1.7120450676624788
2022-04-25,0.0,0.012894752070850002,0.0,0.0,0.0,0,0,0,0,1.7120450676624788,1.7120450676624788
2022-04-26,0.0,-0.039532113109318257,0.0,0.0,0.0,0,0,0,0,1.7120450676624788,1.7120450676624788
2022-04-27,0.0,-0.00014495534581171476,0.0,0.0,0.0,0,0,0,0,1.7120450676624788,1.7120450676624788
2022-04-28,0.0,0.03063469971805266,0.0,0.0,0.0,0,0,0,0,1.7120450676624788,1.7120450676624788
2022-04-29,0.0,-0.04171126607485032,0.0,0.0,0.0,0,0,0,0,1.7120450676624788,1.7120450676624788
2022-05-02,0.0,0.016326216778964397,0.0,0.0,0.0,0,0,0,0,1.7120450676624788,1.7120450676624788
2022-05-03,0.0,0.002212839905394004,0.0,0.0,0.0,0,0,0,0,1.7120450676624788,1.7120450676624788
2022-05-04,0.0,0.0319249786875071,0.0,0.0,0.0,0,0,0,0,1.7120450676624788,1.7120450676624788
2022-05-05,0.0,-0.04991680007540389,0.0,0.0,0.0,0,0,0,0,1.7120450676624788,1.7120450676624788
2022-05-06,0.0,-0.01404721829611677,0.0,0.0,0.0,0,0,0,0,1.7120450676624788,1.7120450676624788
2022-05-09,0.0,-0.042933602903616364,0.0,0.0,0.0,0,0,0,0,1.7120450676624788,1.7120450676624788
2022-05-10,0.0,0.009844313740875243,0.0,0.0,0.0,0,0,0,0,1.7120450676624788,1.7120450676624788
2022-05-11,0.0,-0.031815127820630895,0.0,0.0,0.0,0,0,0,0,1.7120450676624788,1.7120450676624788
2022-05-12,0.0,0.0005919007978312241,0.0,0.0,0.0,0,0,0,0,1.7120450676624788,1.7120450676624788
2022-05-13,0.0,0.03817092202199701,0.0,0.0,0.0,0,0,0,0,1.7120450676624788,1.7120450676624788
2022-05-16,0.0,-0.012046673096709481,0.0,0.0,0.0,0,0,0,0,1.7120450676624788,1.7120450676624788
2022-05-17,0.0,0.027586149833260354,0.0,0.0,0.0,0,0,0,0,1.7120450676624788,1.7120450676624788
2022-05-18,0.0,-0.04725830336586201,0.0,0.0,0.0,0,0,0,0,1.7120450676624788,1.7120450676624788
2022-05-19,0.0,-0.0025975476614464865,0.0,0.0,0.0,0,0,0,0,1.7120450676624788,1.7120450676624788
2022-05-20,0.0,-0.002974747734667771,0.0,0.0,0.0,0,0,0,0,1.7120450676624788,1.7120450676624788
2022-05-23,0.0,0.015910461516923657,0.0,0.0,0.0,0,0,0,0,1.7120450676624788,1.7120450676624788
2022-05-24,0.0,-0.023478089086463316,0.0,0.0,0.0,0,0,0,0,1.7120450676624788,1.7120450676624788
2022-05-25,0.0,0.015117651302262614,0.0,0.0,0.0,0,0,0,0,1.7120450676624788,1.7120450676624788
2022-05-26,0.0,0.026752702260782524,0.0,0.0,0.0,0,0,0,0,1.7120450676624788,1.7120450676624788
2022-05-27,0.0,0.033258847397414915,0.0,0.0,0.0,0,0,0,0,1.7120450676624788,1.7120450676624788
2022-05-31,0.0,-0.0041001371108772,0.0,0.0,0.0,0,0,0,0,1.7120450676624788,1.7120450676624788
2022-06-01,0.0,-0.007195495591749701,0.0,0.0,0.0,0,0,0,0,1.7120450676624788,1.7120450676624788
2022-06-02,0.0,0.026882277318028613,0.0,0.0,0.0,0,0,0,0,1.7120450676624788,1.7120450676624788
2022-06-03,0.0,-0.02469485337315125,0.0,0.0,0.0,0,0,0,0,1.7120450676624788,1.7120450676624788
2022-06-06,0.0,0.004048678542331041,0.0,0.0,0.0,0,0,0,0,1.7120450676624788,1.7120450676624788
2022-06-07,0.0,0.009440163020949077,0.0,0.0,0.0,0,0,0,0,1.7120450676624788,1.7120450676624788
2022-06-08,0.0,-0.0073067112301454795,0.0,0.0,0.0,0,0,0,0,1.7120450676624788,1.7120450676624788
2022-06-09,0.0,-0.027472899932200034,0.0,0.0,0.0,0,0,0,0,1.7120450676624788,1.7120450676624788
2022-06-10,0.0,-0.03523849329555151,0.0,0.0,0.0,0,0,0,0,1.7120450676624788,1.7120450676624788
2022-06-13,0.0,-0.04680755360632205,0.0,0.0,0.0,0,0,0,0,1.7120450676624788,1.7120450676624788
2022-06-14,0.0,0.0017688686227439465,0.0,0.0,0.0,0,0,0,0,1.7120450676624788,1.7120450676624788
2022-06-15,0.0,0.025009231096122075,0.0,0.0,0.0,0,0,0,0,1.7120450676624788,1.7120450676624788
2022-06-16,0.0,-0.04081893879067888,0.0,0.0,0.0,0,0,0,0,1.7120450676624788,1.7120450676624788
2022-06-17,0.0,0.014301107449822048,0.0,0.0,0.0,0,0,0,0,1.7120450676624788,1.7120450676624788
2022-06-21,0.0,0.025092084442237317,0.0,0.0,0.0,0,0,0,0,1.7120450676624788,1.7120450676624788
2022-06-22,0.0,-0.0014655485028881587,0.0,0.0,0.0,0,0,0,0,1.7120450676624788,1.7120450676624788
2022-06-23,0.0,0.016204740975323206,0.0,0.0,0.0,0,0,0,0,1.7120450676624788,1.7120450676624788
2022-06-24,0.0,0.03342425829529061,0.0,0.0,0.0,0,0,0,0,1.7120450676624788,1.7120450676624788
2022-06-27,0.0,-0.008296679178878441,0.0,0.0,0.0,0,0,0,0,1.7120450676624788,1.7120450676624788
2022-06-28,0.0,-0.02864793366707674,0.0,0.0,0.0,0,0,0,0,1.7120450676624788,1.7120450676624788
2022-06-29,0.0,-0.0003261089259620764,0.0,0.0,0.0,0,0,0,0,1.7120450676624788,1.7120450676624788
2022-06-30,0.0,-0.013344034693620666,0.0,0.0,0.0,0,0,0,0,1.7120450676624788,1.7120450676624788
2022-07-01,0.0,0.008986460950001662,0.0,0.0,0.0,0,0,0,0,1.7120450676624788,1.7120450676624788
2022-07-05,0.0,0.01746902524619176,0.0,0.0,0.0,0,0,0,0,1.7120450676624788,1.7120450676624788
2022-07-06,0.0,0.003498804957921209,0.0,0.0,0.0,0,0,0,0,1.7120450676624788,1.7120450676624788
2022-07-07,0.0,0.022839067885730868,0.0,0.0,0.0,0,0,0,0,1.7120450676624788,1.7120450676624788
2022-07-08,0.0,0.0012014013144794333,0.0,0.0,0.0,0,0,0,0,1.7120450676624788,1.7120450676624788
2022-07-11,0.0,-0.022578603766350014,0.0,0.0,0.0,0,0,0,0,1.7120450676624788,1.7120450676624788
2022-07-12,0.0,-0.009485176061696077,0.0,0.0,0.0,0,0,0,0,1.7120450676624788,1.7120450676624788
2022-07-13,0.0,-0.0015220519093782636,0.0,0.0,0.0,0,0,0,0,1.7120450676624788,1.7120450676624788
2022-07-14,0.0,0.000320379971446183,0.0,0.0,0.0,0,0,0,0,1.7120450676624788,1.7120450676624788
2022-07-15,0.0,0.017885706355121433,0.0,0.0,0.0,0,0,0,0,1.7120450676624788,1.7120450676624788
2022-07-18,0.0,-0.008065805545096505,0.0,0.0,0.0,0,0,0,0,1.7120450676624788,1.7120450676624788
2022-07-19,0.0,0.03108258020637389,0.0,0.0,0.0,0,0,0,0,1.7120450676624788,1.7120450676624788
2022-07-20,0.0,0.015751863450878645,0.0,0.0,0.0,0,0,0,0,1.7120450676624788,1.7120450676624788
2022-07-21,0.0,0.013612602567931953,0.0,0.0,0.0,0,0,0,0,1.7120450676624788,1.7120450676624788
2022-07-22,0.0,-0.018698623854268348,0.0,0.0,0.0,0,0,0,0,1.7120450676624788,1.7120450676624788
2022-07-25,0.0,-0.004347204339712585,0.0,0.0,0.0,0,0,0,0,1.7120450676624788,1.7120450676624788
2022-07-26,0.0,-0.01867928701365207,0.0,0.0,0.0,0,0,0,0,1.7120450676624788,1.7120450676624788
2022-07-27,0.0,0.04063530247442659,0.0,0.0,0.0,0,0,0,0,1.7120450676624788,1.7120450676624788
2022-07-28,0.0,0.010818261715186184,0.0,0.0,0.0,0,0,0,0,1.7120450676624788,1.7120450676624788
2022-07-29,0.0,0.018753789076947358,0.0,0.0,0.0,0,0,0,0,1.7120450676624788,1.7120450676624788
2022-08-01,0.0,-0.001752275650564239,0.0,0.0,0.0,0,0,0,0,1.7120450676624788,1.7120450676624788
2022-08-02,0.0,-0.0016345573517018153,0.0,0.0,0.0,0,0,0,0,1.7120450676624788,1.7120450676624788
2022-08-03,0.0,0.025865063124001164,0.0,0.0,0.0,0,0,0,0,1.7120450676624788,1.7120450676624788
2022-08-04,0.0,0.004138004517657112,0.0,0.0,0.0,0,0,0,0,1.7120450676624788,1.7120450676624788
2022-08-05,0.0,-0.004954601087728605,0.0,0.0,0.0,0,0,0,0,1.7120450676624788,1.7120450676624788
2022-08-08,0.0,-0.001034615319497667,0.0,0.0,0.0,0,0,0,0,1.7120450676624788,1.7120450676624788
2022-08-09,0.0,-0.011904763976062549,0.0,0.0,0.0,0,0,0,0,1.7120450676624788,1.7120450676624788
2022-08-10,0.0,0.028884026776619276,0.0,0.0,0.0,0,0,0,0,1.7120450676624788,1.7120450676624788
2022-08-11,0.0,-0.005826039504124192,0.0,0.0,0.0,0,0,0,0,1.7120450676624788,1.7120450676624788
2022-08-12,0.0,0.020913555422654273,0.0,0.0,0.0,0,0,0,0,1.7120450676624788,1.7120450676624788
2022-08-15,0.0,0.006198057044563443,0.0,0.0,0.0,0,0,0,0,1.7120450676624788,1.7120450676624788
2022-08-16,0.0,-0.0019427024390296088,0.0,0.0,0.0,0,0,0,0,1.7120450676624788,1.7120450676624788
2022-08-17,0.0,-0.012549146163073344,0.0,0.0,0.0,0,0,0,0,1.7120450676624788,1.7120450676624788
2022-08-18,0.0,0.0021037672929837825,0.0,0.0,0.0,0,0,0,0,1.7120450676624788,1.7120450676624788
2022-08-19,0.0,-0.02006325818575805,0.0,0.0,0.0,0,0,0,0,1.7120450676624788,1.7120450676624788
2022-08-22,0.0,-0.02547313092258774,0.0,0.0,0.0,0,0,0,0,1.7120450676624788,1.7120450676624788
2022-08-23,0.0,-2.200043529199114e-05,0.0,0.0,0.0,0,0,0,0,1.7120450676624788,1.7120450676624788
2022-08-24,0.0,0.004056641609094802,0.0,0.0,0.0,0,0,0,0,1.7120450676624788,1.7120450676624788
2022-08-25,0.0,0.01671060160081872,0.0,0.0,0.0,0,0,0,0,1.7120450676624788,1.7120450676624788
2022-08-26,0.0,-0.03936586315584678,0.0,0.0,0.0,0,0,0,0,1.7120450676624788,1.7120450676624788
2022-08-29,0.0,-0.010216114534114085,0.0,0.0,0.0,0,0,0,0,1.7120450676624788,1.7120450676624788
2022-08-30,0.0,-0.011194533741897383,0.0,0.0,0.0,0,0,0,0,1.7120450676624788,1.7120450676624788
2022-08-31,0.0,-0.005632654213259869,0.0,0.0,0.0,0,0,0,0,1.7120450676624788,1.7120450676624788
2022-09-01,0.0,-0.002630041117015036,0.0,0.0,0.0,0,0,0,0,1.7120450676624788,1.7120450676624788
2022-09-02,0.0,-0.01308952488076931,0.0,0.0,0.0,0,0,0,0,1.7120450676624788,1.7120450676624788
2022-09-06,0.0,-0.007390259036897162,0.0,0.0,0.0,0,0,0,0,1.7120450676624788,1.7120450676624788
2022-09-07,0.0,0.021393862500018734,0.0,0.0,0.0,0,0,0,0,1.7120450676624788,1.7120450676624788
2022-09-08,0.0,0.005955741108171209,0.0,0.0,0.0,0,0,0,0,1.7120450676624788,1.7120450676624788
2022-09-09,0.0,0.02109045535662668,0.0,0.0,0.0,0,0,0,0,1.7120450676624788,1.7120450676624788
2022-09-12,0.0,0.012722894580624367,0.0,0.0,0.0,0,0,0,0,1.7120450676624788,1.7120450676624788
2022-09-13,0.0,-0.051590969948159815,0.0,0.0,0.0,0,0,0,0,1.7120450676624788,1.7120450676624788
2022-09-14,0.0,0.007401293748571458,0.0,0.0,0.0,0,0,0,0,1.7120450676624788,1.7120450676624788
2022-09-15,0.0,-0.014276868723104852,0.0,0.0,0.0,0,0,0,0,1.7120450676624788,1.7120450676624788
2022-09-16,0.0,-0.008998518345701534,0.0,0.0,0.0,0,0,0,0,1.7120450676624788,1.7120450676624788
2022-09-19,0.0,0.007565788672032614,0.0,0.0,0.0,0,0,0,0,1.7120450676624788,1.7120450676624788
2022-09-20,0.0,-0.009533464594489782,0.0,0.0,0.0,0,0,0,0,1.7120450676624788,1.7120450676624788
2022-09-21,0.0,-0.017930633621340286,0.0,0.0,0.0,0,0,0,0,1.7120450676624788,1.7120450676624788
2022-09-22,0.0,-0.013670594454333829,0.0,0.0,0.0,0,0,0,0,1.7120450676624788,1.7120450676624788
2022-09-23,0.0,-0.017970849528875288,0.0,0.0,0.0,0,0,0,0,1.7120450676624788,1.7120450676624788
2022-09-26,0.0,-0.005981260932053978,0.0,0.0,0.0,0,0,0,0,1.7120450676624788,1.7120450676624788
2022-09-27,0.0,0.0024606305818057894,0.0,0.0,0.0,0,0,0,0,1.7120450676624788,1.7120450676624788
2022-09-28,0.0,0.020511816797074145,0.0,0.0,0.0,0,0,0,0,1.7120450676624788,1.7120450676624788
2022-09-29,0.0,-0.028423916613183553,0.0,0.0,0.0,0,0,0,0,1.7120450676624788,1.7120450676624788
2022-09-30,0.0,-0.015076760050953708,0.0,0.0,0.0,0,0,0,0,1.7120450676624788,1.7120450676624788
2022-10-03,0.0,0.02267626109945664,0.0,0.0,0.0,0,0,0,0,1.7120450676624788,1.7120450676624788
2022-10-04,0.0,0.03337551502553571,0.0,0.0,0.0,0,0,0,0,1.7120450676624788,1.7120450676624788
2022-10-05,0.0,-0.002484394512786703,0.0,0.0,0.0,0,0,0,0,1.7120450676624788,1.7120450676624788
2022-10-06,0.0,-0.006756717302176085,0.0,0.0,0.0,0,0,0,0,1.7120450676624788,1.7120450676624788
2022-10-07,0.0,-0.03801087308081896,0.0,0.0,0.0,0,0,0,0,1.7120450676624788,1.7120450676624788
2022-10-10,0.0,-0.010354723393290688,0.0,0.0,0.0,0,0,0,0,1.7120450676624788,1.7120450676624788
2022-10-11,0.0,-0.010994980355719663,0.0,0.0,0.0,0,0,0,0,1.7120450676624788,1.7120450676624788
2022-10-12,0.0,-0.0008721113636951383,0.0,0.0,0.0,0,0,0,0,1.7120450676624788,1.7120450676624788
2022-10-13,0.0,0.022276231502694976,0.0,0.0,0.0,0,0,0,0,1.7120450676624788,1.7120450676624788
2022-10-14,0.0,-0.03077837472565781,0.0,0.0,0.0,0,0,0,0,1.7120450676624788,1.7120450676624788
2022-10-17,0.0,0.034337637143730504,0.0,0.0,0.0,0,0,0,0,1.7120450676624788,1.7120450676624788
2022-10-18,0.0,0.009048642046599387,0.0,0.0,0.0,0,0,0,0,1.7120450676624788,1.7120450676624788
2022-10-19,0.0,-0.008530548473853483,0.0,0.0,0.0,0,0,0,0,1.7120450676624788,1.7120450676624788
2022-10-20,0.0,-0.006148022287854049,0.0,0.0,0.0,0,0,0,0,1.7120450676624788,1.7120450676624788
2022-10-21,0.0,0.023068827447088713,0.0,0.0,0.0,0,0,0,0,1.7120450676624788,1.7120450676624788
2022-10-24,0.0,0.0085541373007203,0.0,0.0,0.0,0,0,0,0,1.7120450676624788,1.7120450676624788
2022-10-25,0.0,0.022506404477259156,0.0,0.0,0.0,0,0,0,0,1.7120450676624788,1.7120450676624788
2022-10-26,0.0,-0.020369734209002455,0.0,0.0,0.0,0,0,0,0,1.7120450676624788,1.7120450676624788
2022-10-27,0.0,-0.01625353447977107,0.0,0.0,0.0,0,0,0,0,1.7120450676624788,1.7120450676624788
2022-10-28,0.0,0.028702551104384133,0.0,0.0,0.0,0,0,0,0,1.7120450676624788,1.7120450676624788
2022-10-31,0.0,-0.010295617487960151,0.0,0.0,0.0,0,0,0,0,1.7120450676624788,1.7120450676624788
2022-11-01,0.0,-0.008854979213735459,0.0,0.0,0.0,0,0,0,0,1.7120450676624788,1.7120450676624788
2022-11-02,0.0,-0.03361068645018084,0.0,0.0,0.0,0,0,0,0,1.7120450676624788,1.7120450676624788
2022-11-03,0.0,-0.017278860744571745,0.0,0.0,0.0,0,0,0,0,1.7120450676624788,1.7120450676624788
2022-11-04,0.0,0.012792735419803858,0.0,0.0,0.0,0,0,0,0,1.7120450676624788,1.7120450676624788
2022-11-07,0.0,0.008521472828312726,0.0,0.0,0.0,0,0,0,0,1.7120450676624788,1.7120450676624788
2022-11-08,0.0,0.0048919120268553495,0.0,0.0,0.0,0,0,0,0,1.7120450676624788,1.7120450676624788
2022-11-09,0.0,-0.0247758515330182,0.0,0.0,0.0,0,0,0,0,1.7120450676624788,1.7120450676624788
2022-11-10,0.0,0.07350128967203373,0.0,0.0,0.0,0,0,0,0,1.7120450676624788,1.7120450676624788
2022-11-11,0.0,0.018821472256101535,0.0,0.0,0.0,0,0,0,0,1.7120450676624788,1.7120450676624788
2022-11-14,0.0,-0.011225530621461699,0.0,0.0,0.0,0,0,0,0,1.7120450676624788,1.7120450676624788
2022-11-15,0.0,0.014486093508321085,0.0,0.0,0.0,0,0,0,0,1.7120450676624788,1.7120450676624788
2022-11-16,0.0,-0.01538525171418803,0.0,0.0,0.0,0,0,0,0,1.7120450676624788,1.7120450676624788
2022-11-17,0.0,-0.0034604240676811004,0.0,0.0,0.0,0,0,0,0,1.7120450676624788,1.7120450676624788
2022-11-18,0.0,9.910311012384376e-05,0.0,0.0,0.0,0,0,0,0,1.7120450676624788,1.7120450676624788
2022-11-21,0.0,-0.010905357833764118,0.0,0.0,0.0,0,0,0,0,1.7120450676624788,1.7120450676624788
2022-11-22,0.0,0.013596567147419858,0.0,0.0,0.0,0,0,0,0,1.7120450676624788,1.7120450676624788
2022-11-23,0.0,0.009925467001548727,0.0,0.0,0.0,0,0,0,0,1.7120450676624788,1.7120450676624788
2022-11-25,0.0,-0.005224655887835272,0.0,0.0,0.0,0,0,0,0,1.7120450676624788,1.7120450676624788
2022-11-28,0.0,-0.015753687828610086,0.0,0.0,0.0,0,0,0,0,1.7120450676624788,1.7120450676624788
2022-11-29,0.0,-0.005947753830286784,0.0,0.0,0.0,0,0,0,0,1.7120450676624788,1.7120450676624788
2022-11-30,0.0,0.04408471681509485,0.0,0.0,0.0,0,0,0,0,1.7120450676624788,1.7120450676624788
2022-12-01,0.0,0.0012602986497352031,0.0,0.0,0.0,0,0,0,0,1.7120450676624788,1.7120450676624788
2022-12-02,0.0,-0.0018247065268965912,0.0,0.0,0.0,0,0,0,0,1.7120450676624788,1.7120450676624788
2022-12-05,0.0,-0.01933077311514575,0.0,0.0,0.0,0,0,0,0,1.7120450676624788,1.7120450676624788
2022-12-06,0.0,-0.020022166493363525,0.0,0.0,0.0,0,0,0,0,1.7120450676624788,1.7120450676624788
2022-12-07,0.0,-0.005114522436974744,0.0,0.0,0.0,0,0,0,0,1.7120450676624788,1.7120450676624788
2022-12-08,0.0,0.011265099700154657,0.0,0.0,0.0,0,0,0,0,1.7120450676624788,1.7120450676624788
2022-12-09,0.0,-0.006983006654870949,0.0,0.0,0.0,0,0,0,0,1.7120450676624788,1.7120450676624788
2022-12-12,0.0,0.012642066277416708,0.0,0.0,0.0,0,0,0,0,1.7120450676624788,1.7120450676624788
2022-12-13,0.0,0.010146971954644535,0.0,0.0,0.0,0,0,0,0,1.7120450676624788,1.7120450676624788
2022-12-14,0.0,-0.007633314703135219,0.0,0.0,0.0,0,0,0,0,1.7120450676624788,1.7120450676624788
2022-12-15,0.0,-0.03225888057749238,0.0,0.0,0.0,0,0,0,0,1.7120450676624788,1.7120450676624788
2022-12-16,0.0,-0.009723143546460533,0.0,0.0,0.0,0,0,0,0,1.7120450676624788,1.7120450676624788
2022-12-19,0.0,-0.014887971498458885,0.0,0.0,0.0,0,0,0,0,1.7120450676624788,1.7120450676624788
2022-12-20,0.0,0.00010241766566965183,0.0,0.0,0.0,0,0,0,0,1.7120450676624788,1.7120450676624788
2022-12-21,0.0,0.0153840971239112,0.0,0.0,0.0,0,0,0,0,1.7120450676624788,1.7120450676624788
2022-12-22,0.0,-0.02178008583343294,0.0,0.0,0.0,0,0,0,0,1.7120450676624788,1.7120450676624788
2022-12-23,0.0,0.0020755968686916315,0.0,0.0,0.0,0,0,0,0,1.7120450676624788,1.7120450676624788
2022-12-27,0.0,-0.013777727511464222,0.0,0.0,0.0,0,0,0,0,1.7120450676624788,1.7120450676624788
2022-12-28,0.0,-0.013516414293491819,0.0,0.0,0.0,0,0,0,0,1.7120450676624788,1.7120450676624788
2022-12-29,0.0,0.025926890283257675,0.0,0.0,0.0,0,0,0,0,1.7120450676624788,1.7120450676624788
2022-12-30,0.0,-0.001107597227505308,0.0,0.0,0.0,0,0,0,0,1.7120450676624788,1.7120450676624788
2023-01-03,0.0,-0.007595389220297233,0.0,0.0,0.0,0,0,0,0,1.7120450676624788,1.7120450676624788
2023-01-04,0.0,0.006910311716651796,0.0,0.0,0.0,0,0,0,0,1.7120450676624788,1.7120450676624788
2023-01-05,0.0,-0.014678649767878249,0.0,0.0,0.0,0,0,0,0,1.7120450676624788,1.7120450676624788
2023-01-06,0.0,0.025623146016223286,0.0,0.0,0.0,0,0,0,0,1.7120450676624788,1.7120450676624788
2023-01-09,0.0,0.006278139356121093,0.0,0.0,0.0,0,0,0,0,1.7120450676624788,1.7120450676624788
2023-01-10,0.0,0.010058671170563471,0.0,0.0,0.0,0,0,0,0,1.7120450676624788,1.7120450676624788
2023-01-11,0.0,0.01759727382956755,0.0,0.0,0.0,0,0,0,0,1.7120450676624788,1.7120450676624788
2023-01-12,0.0,0.006351599918728024,0.0,0.0,0.0,0,0,0,0,1.7120450676624788,1.7120450676624788
2023-01-13,0.0,0.007094896698781383,0.0,0.0,0.0,0,0,0,0,1.7120450676624788,1.7120450676624788
2023-01-17,0.0,0.0014402811650946479,0.0,0.0,0.0,0,0,0,0,1.7120450676624788,1.7120450676624788
2023-01-18,0.0,-0.01244697519222282,0.0,0.0,0.0,0,0,0,0,1.7120450676624788,1.7120450676624788
2023-01-19,0.0,-0.009559466879142997,0.0,0.0,0.0,0,0,0,0,1.7120450676624788,1.7120450676624788
2023-01-20,0.0,0.026553441194949956,0.0,0.0,0.0,0,0,0,0,1.7120450676624788,1.7120450676624788
2023-01-23,0.0,0.020105095361360403,0.0,0.0,0.0,0,0,0,0,1.7120450676624788,1.7120450676624788
2023-01-24,0.0,-0.002652367269862066,0.0,0.0,0.0,0,0,0,0,1.7120450676624788,1.7120450676624788
2023-01-25,0.0,-0.0018452090193886717,0.0,0.0,0.0,0,0,0,0,1.7120450676624788,1.7120450676624788
2023-01-26,0.0,0.01759475043190961,0.0,0.0,0.0,0,0,0,0,1.7120450676624788,1.7120450676624788
2023-01-27,0.0,0.009493830620098231,0.0,0.0,0.0,0,0,0,0,1.7120450676624788,1.7120450676624788
2023-01-30,0.0,-0.019609463667566884,0.0,0.0,0.0,0,0,0,0,1.7120450676624788,1.7120450676624788
2023-01-31,0.0,0.016740425254421876,0.0,0.0,0.0,0,0,0,0,1.7120450676624788,1.7120450676624788
2023-02-01,-0.004975124378109541,0.02000660051431602,1.0000000000000002,0.9950248756218907,0.008517637152549646,5,0,0,0,1.703527430509929,-1.5092094240998222e-16
2023-02-02,-0.004201561031651924,0.03253966740726111,1.0000000000000002,0.0,0.0,5,0,0,0,1.6963699560415484,-1.5092094240998222e-16
2023-02-03,-0.02170604420395661,-0.015889368536130433,1.0000000000000002,0.0,0.0,5,0,0,0,1.6595484747894467,-1.5092094240998222e-16
2023-02-06,-0.000332183029920885,-0.009952973006453592,1.0000000000000002,0.0,0.0,5,0,0,0,1.6589972009487906,-1.5092094240998222e-16
2023-02-07,0.0133726036195716,0.01903990310722814,1.0000000000000002,0.0,0.0,5,0,0,0,1.6811823129230576,-1.5092094240998222e-16
2023-02-08,-0.007306925972548561,-0.016779692023784265,1.0000000000000002,0.0,0.0,5,0,0,0,1.6688980382161709,-1.5092094240998222e-16
2023-02-09,-0.004022178862820747,-0.010154165806607662,1.0000000000000002,0.0,0.0,5,0,0,0,1.6621854318026548,-1.5092094240998222e-16
2023-02-10,-0.023079578801859957,-0.006061200267955313,1.0000000000000002,0.0,0.0,5,0,0,0,1.6238228921460618,-1.5092094240998222e-16
2023-02-13,0.02016472533685687,0.0148205512930355,1.0000000000000002,0.0,0.0,5,0,0,0,1.6565668347618876,-1.5092094240998222e-16
2023-02-14,0.015496899828670196,0.00574820150485178,1.0000000000000002,0.0,0.0,5,0,0,0,1.6822384850596899,-1.5092094240998222e-16
2023-02-15,0.016427308923597117,0.009234611736119724,1.0000000000000002,0.0,0.0,5,0,0,0,1.7098731363369295,-1.5092094240998222e-16
2023-02-16,-0.026485682843413905,-0.01779190165374478,1.0000000000000002,0.0,0.0,5,0,0,0,1.6645859787454362,-1.5092094240998222e-16
2023-02-17,-0.013422708640438485,-0.00578301787963631,1.0000000000000002,0.0,0.0,5,0,0,0,1.642242726145777,-1.5092094240998222e-16
2023-02-21,-0.018786282731013904,-0.02502451054936672,1.0000000000000002,0.0,0.0,5,0,0,0,1.6113910899794515,-1.5092094240998222e-16
2023-02-22,0.007457599240715318,0.0012851647600451432,1.0000000000000002,0.0,0.0,5,0,0,0,1.6234081989485776,-1.5092094240998222e-16
2023-02-23,0.03214527578498583,0.007241730329917262,1.0000000000000002,0.0,0.0,5,0,0,0,1.6755931032153868,-1.5092094240998222e-16
2023-02-24,-0.005449146455867249,-0.016863954340701315,1.0000000000000002,0.0,0.0,5,0,0,0,1.666462550995525,-1.5092094240998222e-16
2023-02-27,0.01827418793642499,0.006321936855243404,1.0000000000000002,0.0,0.0,5,0,0,0,1.6969158008414316,-1.5092094240998222e-16
2023-02-28,0.006364932331213824,-0.0009972634903550048,1.0000000000000002,0.0,0.0,5,0,0,0,1.7077165550855546,-1.5092094240998222e-16
2023-03-01,0.01956325548096305,-0.006639536338383878,1.0000000000000002,0.8112016287274844,0.007090777635110037,5,0,0,0,1.7411250503417635,-1.3530843112619095e-16
2023-03-02,0.01336350365576422,0.007337502918849381,1.0000000000000002,0.0,0.0,5,0,0,0,1.7643925813171482,-1.3530843112619095e-16
2023-03-03,0.03549902671980476,0.019717776040358848,1.0000000000000002,0.0,0.0,5,0,0,0,1.8270268007055508,-1.3530843112619095e-16
2023-03-06,0.001695595058628152,-0.0011351350246131542,1.0000000000000002,0.0,0.0,5,0,0,0,1.8301246983208084,-1.3530843112619095e-16
2023-03-07,-0.004466550713217887,-0.012453628945557016,1.0000000000000002,0.0,0.0,5,0,0,0,1.8219503535442458,-1.3530843112619095e-16
2023-03-08,0.004811842252510745,0.003961108838843375,1.0000000000000002,0.0,0.0,5,0,0,0,1.8307172912374068,-1.3530843112619095e-16
2023-03-09,-0.0301538363621644,-0.02052956974819531,1.0000000000000002,0.0,0.0,5,0,0,0,1.7755141416120492,-1.3530843112619095e-16
2023-03-10,-0.0195527087615468,-0.017592217636165808,1.0000000000000002,0.0,0.0,5,0,0,0,1.740798030699101,-1.3530843112619095e-16
2023-03-13,-0.0008945098573159838,0.0044847476108409445,1.0000000000000002,0.0,0.0,5,0,0,0,1.7392408697010444,-1.3530843112619095e-16
2023-03-14,0.03990671170136384,0.021387877573898928,1.0000000000000002,0.0,0.0,5,0,0,0,1.8086482536674333,-1.3530843112619095e-16
2023-03-15,-0.004743578357980338,0.0005165666207134212,1.0000000000000002,0.0,0.0,5,0,0,0,1.8000687889541376,-1.3530843112619095e-16
2023-03-16,0.030320981853198203,0.024770274348416166,1.0000000000000002,0.0,0.0,5,0,0,0,1.8546486420385244,-1.3530843112619095e-16
2023-03-17,-0.013976234053646674,-0.007404681517967915,1.0000000000000002,0.0,0.0,5,0,0,0,1.828727638530116,-1.3530843112619095e-16
2023-03-20,0.002147839051271472,0.0038712305545025583,1.0000000000000002,0.0,0.0,5,0,0,0,1.8326554511662905,-1.3530843112619095e-16
2023-03-21,0.025914266841721822,0.01580837631800458,1.0000000000000002,0.0,0.0,5,0,0,0,1.88014737355675,-1.3530843112619095e-16
2023-03-22,-0.015643440891903726,-0.016033013995638168,1.0000000000000002,0.0,0.0,5,0,0,0,1.850735399250447,-1.3530843112619095e-16
2023-03-23,0.009667824439691719,0.010063645397946352,1.0000000000000002,0.0,0.0,5,0,0,0,1.8686279841747229,-1.3530843112619095e-16
2023-03-24,-0.0079495799924173,0.0031017531400312492,1.0000000000000002,0.0,0.0,5,0,0,0,1.8537731765384564,-1.3530843112619095e-16
2023-03-27,-0.004579974466024761,-0.004662067530674885,1.0000000000000002,0.0,0.0,5,0,0,0,1.8452829427241086,-1.3530843112619095e-16
2023-03-28,-0.00026642971030998996,-0.004482669352199986,1.0000000000000002,0.0,0.0,5,0,0,0,1.8447913045242388,-1.3530843112619095e-16
2023-03-29,0.01678511277940231,0.01793741577441077,1.0000000000000002,0.0,0.0,5,0,0,0,1.8757563346251387,-1.3530843112619095e-16
2023-03-30,0.01852577685990453,0.007314579202157834,1.0000000000000002,0.0,0.0,5,0,0,0,1.9105061779239563,-1.3530843112619095e-16
2023-03-31,0.031416603220433714,0.017350063762167967,1.0000000000000002,0.0,0.0,5,0,0,0,1.9705277924659805,-1.3530843112619095e-16
2023-04-03,-0.0032310730802854737,-0.0026554041136397366,1.0000000000000002,0.43966940224020057,0.004327420356640402,5,0,0,0,1.9641608731617894,-2.697495005143935e-16
2023-04-04,-0.005634876820015289,-0.0051786577019322655,1.0000000000000002,0.0,0.0,5,0,0,0,1.953093068586829,-2.697495005143935e-16
2023-04-05,-0.02804671470296405,-0.010676423201547935,1.0000000000000002,0.0,0.0,5,0,0,0,1.8983152245038377,-2.697495005143935e-16
2023-04-06,0.008522457633617364,0.007593219403144946,1.0000000000000002,0.0,0.0,5,0,0,0,1.9144935355799224,-2.697495005143935e-16
2023-04-10,0.014819958084359541,-0.0002978667336490659,1.0000000000000002,0.0,0.0,5,0,0,0,1.9428662495299942,-2.697495005143935e-16
2023-04-11,0.0034448908043434034,-0.004342680915006114,1.0000000000000002,0.0,0.0,5,0,0,0,1.9495592116070692,-2.697495005143935e-16
2023-04-12,-0.01686814974588724,-0.008522369369301286,1.0000000000000002,0.0,0.0,5,0,0,0,1.9166737548872073,-2.697495005143935e-16
2023-04-13,0.017314943676885353,0.01986150630048855,1.0000000000000002,0.0,0.0,5,0,0,0,1.9498608530000436,-2.697495005143935e-16
2023-04-14,0.003942401080139435,-0.0035183909877402053,1.0000000000000002,0.0,0.0,5,0,0,0,1.9575479865330327,-2.697495005143935e-16
2023-04-17,0.000654234112225538,0.002825743113821444,1.0000000000000002,0.0,0.0,5,0,0,0,1.9588286812021412,-2.697495005143935e-16
2023-04-18,0.004916755299928299,-0.0003547127852124854,1.0000000000000002,0.0,0.0,5,0,0,0,1.9684597625020934,-2.697495005143935e-16
2023-04-19,0.003233679089942987,0.00031394478213608856,1.0000000000000002,0.0,0.0,5,0,0,0,1.9748251296754906,-2.697495005143935e-16
2023-04-20,-0.012604682206761142,-0.00803382245091988,1.0000000000000002,0.0,0.0,5,0,0,0,1.9499330865020053,-2.697495005143935e-16
2023-04-21,-0.0036920560073584463,0.0010695665983633251,1.0000000000000002,0.0,0.0,5,0,0,0,1.9427338243360386,-2.697495005143935e-16
2023-04-24,0.0011617289978356204,-0.0029200354681760965,1.0000000000000002,0.0,0.0,5,0,0,0,1.9449907545548457,-2.697495005143935e-16
2023-04-25,-0.03253307621960444,-0.019775929528352942,1.0000000000000002,0.0,0.0,5,0,0,0,1.881714222090487,-2.697495005143935e-16
2023-04-26,0.014674685888190542,0.004677740881357195,1.0000000000000002,0.0,0.0,5,0,0,0,1.9093277872310057,-2.697495005143935e-16
2023-04-27,0.011654163831857689,0.024285404550123735,1.0000000000000002,0.0,0.0,5,0,0,0,1.9315794060721143,-2.697495005143935e-16
2023-04-28,0.01929295987737456,0.006946470487241285,1.0000000000000002,0.0,0.0,5,0,0,0,1.9688452900534268,-2.697495005143935e-16
2023-05-01,0.002867953948013424,-0.0011439254005861654,1.0000000000000002,1.1988011988011988,0.011906483503574252,5,0,0,0,1.9744918476760633,-2.1337098754514727e-16
2023-05-02,-0.011570484944966708,-0.010816028108417974,1.0000000000000002,0.0,0.0,5,0,0,0,1.9516460194785679,-2.1337098754514727e-16
2023-05-03,-0.0015549545699138356,-0.004567507392219339,1.0000000000000002,0.0,0.0,5,0,0,0,1.9486112985817254,-2.1337098754514727e-16
2023-05-04,-0.005733236673424846,-0.004900465044276103,1.0000000000000002,0.0,0.0,5,0,0,0,1.9374394488224467,-2.1337098754514727e-16
2023-05-05,0.014341839302552284,0.022480841018965192,1.0000000000000002,0.0,0.0,5,0,0,0,1.9652258940558838,-2.1337098754514727e-16
2023-05-08,-0.0013541635996529022,0.0017575949274650782,1.0000000000000002,0.0,0.0,5,0,0,0,1.9625646566850579,-2.1337098754514727e-16
2023-05-09,-0.006281958882147887,-0.006311970105372322,1.0000000000000002,0.0,0.0,5,0,0,0,1.9502359062082057,-2.1337098754514727e-16
2023-05-10,0.005055440726569493,0.01041817405987322,1.0000000000000002,0.0,0.0,5,0,0,0,1.960095208234869,-2.1337098754514727e-16
2023-05-11,-0.0018048519575218913,0.0017929959833880016,1.0000000000000002,0.0,0.0,5,0,0,0,1.956557526561357,-2.1337098754514727e-16
2023-05-12,-0.0034461110025725272,-0.003549789176415019,1.0000000000000002,0.0,0.0,5,0,0,0,1.9498150121419078,-2.1337098754514727e-16
2023-05-15,0.010424080088121235,0.006550059589361279,1.0000000000000002,0.0,0.0,5,0,0,0,1.970140039985496,-2.1337098754514727e-16
2023-05-16,0.00013175055198910712,-0.0017918257588691588,1.0000000000000002,0.0,0.0,5,0,0,0,1.9703996070232601,-2.1337098754514727e-16
2023-05-17,0.013071544521296552,0.012761324433136378,1.0000000000000002,0.0,0.0,5,0,0,0,1.99615577321121,-2.1337098754514727e-16
2023-05-18,0.02269560736273646,0.015061037554266354,1.0,0.0,0.0,5,0,0,0,2.0414597408748714,-2.1337098754514727e-16
2023-05-19,-0.008075422524272069,-0.0024383950873863025,1.0,0.0,0.0,5,0,0,0,2.024974090901016,-2.1337098754514727e-16
2023-05-22,0.0006389239453143958,0.004967562740968656,1.0,0.0,0.0,5,0,0,0,2.026267895336334,-2.1337098754514727e-16
2023-05-23,-0.020861254811456842,-0.012619614947402158,1.0000000000000002,0.0,0.0,5,0,0,0,1.9839974044554483,-2.1337098754514727e-16
2023-05-24,-0.004046283899833525,-0.006057445487270052,1.0000000000000002,0.0,0.0,5,0,0,0,1.9759695877004886,-2.1337098754514727e-16
2023-05-25,0.06190551800270838,0.01713624817479742,1.0,0.0,0.0,5,0,0,0,2.0982930085846854,-2.1337098754514727e-16
2023-05-26,0.018753926844038205,0.021861052877086173,1.0,0.0,0.0,5,0,0,0,2.1376442421650395,-2.1337098754514727e-16
2023-05-30,0.005157146347812391,0.003216654223523907,1.0,0.0,0.0,5,0,0,0,2.148668386361443,-2.1337098754514727e-16
2023-05-31,-0.0162941723437805,-0.006310049410844343,1.0,0.0,0.0,5,0,0,0,2.113657613364437,-2.1337098754514727e-16
2023-06-01,0.014947923204791769,0.012809628658206895,1.0,1.1988011988011988,0.012936195407338083,5,0,0,0,2.1452524050502317,6.418476861114186e-17
2023-06-02,-0.007201028470279924,0.01066975028298267,1.0,0.0,0.0,5,0,0,0,2.1298043814055285,6.418476861114186e-17
2023-06-05,-0.0025472891746667337,-0.0008562118190507118,1.0,0.0,0.0,5,0,0,0,2.1243791537606165,6.418476861114186e-17
2023-06-06,0.012975702056957639,0.0035518767337245905,1.0,0.0,0.0,5,0,0,0,2.151944464715826,6.418476861114186e-17
2023-06-07,-0.015686073830953218,-0.012919410943524001,1.0,0.0,0.0,5,0,0,0,2.1181889049621825,6.418476861114186e-17
2023-06-08,0.027200674902514432,0.010196869574188527,1.0,0.0,0.0,5,0,0,0,2.175805072748172,6.418476861114186e-17
2023-06-09,0.014289795767709945,0.001557590629782668,1.0,0.0,0.0,5,0,0,0,2.2068968828680906,6.418476861114186e-17
2023-06-12,0.024733623678487637,0.015293393458684523,1.0,0.0,0.0,5,0,0,0,2.2614814398661776,6.418476861114186e-17
2023-06-13,-0.012716547648491394,0.008275148905384055,1.0,0.0,0.0,5,0,0,0,2.2327232033799405,6.418476861114186e-17
2023-06-14,0.02694322472462707,0.00391623411406572,1.0,0.0,0.0,5,0,0,0,2.2928799663964954,6.418476861114186e-17
2023-06-15,-0.004406610162281166,0.011473523537258279,1.0,0.0,0.0,5,0,0,0,2.2827761382356817,6.418476861114186e-17
2023-06-16,-0.021277009937453073,-0.006765596443276567,1.0,0.0,0.0,5,0,0,0,2.2342054876574604,6.418476861114186e-17
2023-06-20,-0.0010904106033041705,-0.001627326342936608,1.0,0.0,0.0,5,0,0,0,2.2317692863037584,6.418476861114186e-17
2023-06-21,-0.022490467510208556,-0.012079618775154843,1.0,0.0,0.0,5,0,0,0,2.1815757516798624,6.418476861114186e-17
2023-06-22,0.0041846169846400105,0.00951031810509173,1.0,0.0,0.0,5,0,0,0,2.190704810623621,6.418476861114186e-17
2023-06-23,-0.016255894127971127,-0.010131081162892075,1.0,0.0,0.0,5,0,0,0,2.155092945156486,6.418476861114186e-17
2023-06-26,-0.019306440278446413,-0.011616610619297751,1.0,0.0,0.0,5,0,0,0,2.1134857719163214,6.418476861114186e-17
2023-06-27,0.03304688345476814,0.01648907135776234,1.0,0.0,0.0,5,0,0,0,2.183329889904151,6.418476861114186e-17
2023-06-28,0.0028149036894113966,0.002661402371253674,1.0,0.0,0.0,5,0,0,0,2.189475753266444,6.418476861114186e-17
2023-06-29,0.0012379643676818652,-3.082016664524012e-05,1.0,0.0,0.0,5,0,0,0,2.1921862462328914,6.418476861114186e-17
2023-06-30,0.0280661663880426,0.014464499360184124,1.0,0.0,0.0,5,0,0,0,2.2537125101732425,6.418476861114186e-17
2023-07-03,0.0030216856702494077,0.002092381877186078,1.0,0.40292928392702226,0.004563347134342692,5,0,0,0,2.2605225209700945,6.938893903907228e-18
2023-07-05,0.005440412903971126,-0.0018179498866323085,1.0,0.0,0.0,5,0,0,0,2.2728206968628974,6.938893903907228e-18
2023-07-06,-0.011592783880567503,-0.008165177110044053,1.0,0.0,0.0,5,0,0,0,2.246472377724885,6.938893903907228e-18
2023-07-07,0.008928840090012491,-0.0013398013296690436,1.0,0.0,0.0,5,0,0,0,2.2665307703522206,6.938893903907228e-18
2023-07-10,0.02129154659312915,0.001812906465706643,1.0,0.0,0.0,5,0,0,0,2.3147887158539358,6.938893903907228e-18
2023-07-11,0.00498603227593053,0.005496174946392429,1.0,0.0,0.0,5,0,0,0,2.3263303271031432,6.938893903907228e-18
2023-07-12,0.025460645675869698,0.011501137965431285,1.0,0.0,0.0,5,0,0,0,2.3855601992865463,6.938893903907228e-18
2023-07-13,0.0249482519062445,0.015777569175071227,1.0,0.0,0.0,5,0,0,0,2.445075756075858,6.938893903907228e-18
2023-07-14,-0.0006696001428280196,-0.0017588199847899944,1.0,0.0,0.0,5,0,0,0,2.4434385330003643,6.938893903907228e-18
2023-07-17,0.014919397105970011,0.009299125755309445,1.0,0.0,0.0,5,0,0,0,2.4798931627782257,6.938893903907228e-18
2023-07-18,0.016464756633485678,0.007630382257199031,1.0,0.0,0.0,5,0,0,0,2.5207240001804143,6.938893903907228e-18
2023-07-19,-0.013094356791051531,0.00030487034698767346,1.0,0.0,0.0,5,0,0,0,2.4877167407502854,6.938893903907228e-18
2023-07-20,-0.019573282067342546,-0.020525951958301536,1.0,0.0,0.0,5,0,0,0,2.43902395927993,6.938893903907228e-18
2023-07-21,-0.0147866834334891,-0.002168828488742447,1.0,0.0,0.0,5,0,0,0,2.4029588841073624,6.938893903907228e-18
2023-07-24,-0.0019985234344457314,0.0018571125801307709,1.0,0.0,0.0,5,0,0,0,2.398156514465464,6.938893903907228e-18
2023-07-25,0.02333699952666346,0.006095050538285962,1.0,0.0,0.0,5,0,0,0,2.4541222919084094,6.938893903907228e-18
2023-07-26,-0.007367642700642385,-0.0012212119183072634,1.0,0.0,0.0,5,0,0,0,2.4360411957179466,6.938893903907228e-18
2023-07-27,0.014802691772085819,-0.0054628200178515884,1.0,0.0,0.0,5,0,0,0,2.4721011626822627,6.938893903907228e-18
2023-07-28,0.02064723304685745,0.01897137099464441,1.0,0.0,0.0,5,0,0,0,2.5231432115035703,6.938893903907228e-18
2023-07-31,-0.008809114221767889,0.0020511911118470394,1.0,0.0,0.0,5,0,0,0,2.500916554755557,6.938893903907228e-18
2023-08-01,0.00501285356087533,-0.0043294436561424066,1.0,1.2042897673579418,0.015226314824212123,5,0,0,0,2.513453283212516,9.367506770274758e-17
2023-08-02,-0.04080201279582063,-0.021735346457687377,1.0,0.0,0.0,5,0,0,0,2.4108993301891815,9.367506770274758e-17
2023-08-03,0.0020897579893845997,-0.0009827567747008326,1.0,0.0,0.0,5,0,0,0,2.4159375263260463,9.367506770274758e-17
2023-08-04,0.007223322591590531,-0.003615869000418215,1.0,0.0,0.0,5,0,0,0,2.4333886224398285,9.367506770274758e-17
2023-08-07,0.01418573835474879,0.006122556689534875,1.0,0.0,0.0,5,0,0,0,2.4679080367531827,9.367506770274758e-17
2023-08-08,-0.015767408198006372,-0.007865589992064326,1.0,0.0,0.0,5,0,0,0,2.4289955233425546,9.367506770274758e-17
2023-08-09,-0.07212273785523793,-0.011690061227466741,1.0,0.0,0.0,5,0,0,0,2.253809715960973,9.367506770274758e-17
2023-08-10,0.006267090396481878,0.0011638086171537054,0.8189451054419331,0.1817993128452032,0.002063420351474856,4,1,0,1,2.26793454518737,0.41062064994349645
2023-08-11,-0.019049523728302153,-0.006779436524950722,0.8154291180466084,0.0,0.0,4,0,0,0,2.224731472254587,0.41062064994349645
2023-08-14,0.0225886349044917,0.010515432870729535,0.8195062260098067,0.0,0.0,4,0,0,0,2.2749851192418777,0.41062064994349645
2023-08-15,-0.012408362438217413,-0.011407051285561298,0.8172384545136432,0.0,0.0,4,0,0,0,2.246756279340773,0.41062064994349645
2023-08-16,-0.014243157060154665,-0.011475200778598982,0.8145977410196791,0.0,0.0,4,0,0,0,2.2147553767782338,0.41062064994349645
2023-08-17,-0.0119228796665648,-0.011703202579716465,0.8123605382970963,0.0,0.0,4,0,0,0,2.1883491149300296,0.41062064994349645
2023-08-18,-0.003495178822282563,-0.0019640560442616417,0.8117024045291198,0.0,0.0,4,0,0,0,2.1807004434477655,0.41062064994349645
2023-08-21,0.042208946567998895,0.015560671083143074,0.8193283639610411,0.0,0.0,4,0,0,0,2.272745511946064,0.41062064994349645
2023-08-22,-0.006308517856287832,0.0006136799326943443,0.8181813578101806,0.0,0.0,4,0,0,0,2.258407856301154,0.41062064994349645
2023-08-23,0.015661537981421336,0.01593078803569381,0.8209850079080722,0.0,0.0,4,0,0,0,2.293777996720155,0.41062064994349645
2023-08-24,-0.01871960276743545,-0.01873477856862693,0.8175699905992303,0.0,0.0,4,0,0,0,2.2508393837848697,0.41062064994349645
2023-08-25,0.01182831081846425,0.009408427381052853,0.8197026042360854,0.0,0.0,4,0,0,0,2.2774630116187176,0.41062064994349645
2023-08-28,0.008700968290468403,0.008423764093930197,0.8212578341532873,0.0,0.0,4,0,0,0,2.2972791450655268,0.41062064994349645
2023-08-29,0.036859725559430734,0.017411428007593877,0.8276120082200383,0.0,0.0,4,0,0,0,2.381956223886046,0.41062064994349645
2023-08-30,0.006214387551950251,0.005418460826855487,0.8286766777412418,0.0,0.0,4,0,0,0,2.3967586229930538,0.41062064994349645
2023-08-31,0.005941246565203784,0.0011168380927151222,0.8296885401172848,0.0,0.0,4,0,0,0,2.4109983569295337,0.41062064994349645
2023-09-01,-0.01407103844432922,-0.00022467454467545167,1.0,0.6314940260605977,0.00752931090516294,5,0,0,0,2.3770731063599637,-9.540979117872439e-17
2023-09-05,0.004168405074543635,-0.0007741265393723662,1.0,0.0,0.0,5,0,0,0,2.386981709959076,-9.540979117872439e-17
2023-09-06,-0.005526427748557383,-0.01058996557016989,1.0,0.0,0.0,5,0,0,0,2.3737902280018592,-9.540979117872439e-17
2023-09-07,-0.0047177647814474755,-0.008912521977790133,1.0,0.0,0.0,5,0,0,0,2.362591244065648,-9.540979117872439e-17
2023-09-08,-0.003790412545765176,0.0009232347882350833,1.0,0.0,0.0,5,0,0,0,2.3536360485736263,-9.540979117872439e-17
2023-09-11,0.02647549382380232,0.011362773780877466,1.0,0.0,0.0,5,0,0,0,2.415949725241116,-9.540979117872439e-17
2023-09-12,-0.014759186693771853,-0.01036652490791623,1.0,0.0,0.0,5,0,0,0,2.3802922722035156,-9.540979117872439e-17
2023-09-13,0.0095192281172507,0.002901976135631923,1.0,0.0,0.0,5,0,0,0,2.4029508173283496,-9.540979117872439e-17
2023-09-14,0.010432073447815382,0.00814181836214134,1.0,0.0,0.0,5,0,0,0,2.428018576746207,-9.540979117872439e-17
2023-09-15,-0.020245314414829796,-0.015633841454585462,1.0,0.0,0.0,5,0,0,0,2.3788625772549326,-9.540979117872439e-17
2023-09-18,-0.0033409155138799385,0.00013876958799174943,1.0,0.0,0.0,5,0,0,0,2.370914998365193,-9.540979117872439e-17
2023-09-19,-0.0025403191586742535,-0.002337800528076972,1.0,0.0,0.0,5,0,0,0,2.364892117571258,-9.540979117872439e-17
2023-09-20,-0.013394211471548956,-0.015284015558935105,1.0,0.0,0.0,5,0,0,0,2.333216252441109,-9.540979117872439e-17
2023-09-21,-0.026563166726019216,-0.018200324610474605,1.0,0.0,0.0,5,0,0,0,2.271238640119658,-9.540979117872439e-17
2023-09-22,-0.006248190223060557,-0.0009209629042693512,1.0,0.0,0.0,5,0,0,0,2.257047509054225,-9.540979117872439e-17
2023-09-25,0.001297777204586792,0.004504508868605317,1.0,0.0,0.0,5,0,0,0,2.2599766538611448,-9.540979117872439e-17
2023-09-26,-0.013380957783543757,-0.01565103629147102,1.0,0.0,0.0,5,0,0,0,2.229736001664034,-9.540979117872439e-17
2023-09-27,0.002229950568962469,0.0022382175633635093,1.0,0.0,0.0,5,0,0,0,2.234708202729581,-9.540979117872439e-17
2023-09-28,0.0157306079631514,0.008281452212011375,1.0,0.0,0.0,5,0,0,0,2.269861521378759,-9.540979117872439e-17
2023-09-29,0.0041916650122530985,0.0013669814533994185,1.0,0.0,0.0,5,0,0,0,2.2793760205005817,-9.540979117872439e-17
2023-10-02,0.006682796181725736,0.006690978402122738,1.0,1.2083341830231664,0.013947536622826813,5,0,0,0,2.2946086258671,1.8214596497756474e-16
2023-10-03,-0.018593674661971926,-0.018658772533119206,1.0,0.0,0.0,5,0,0,0,2.2519434196011727,1.8214596497756474e-16
2023-10-04,0.011643574379702537,0.013518470257795734,1.0,0.0,0.0,5,0,0,0,2.2781640903061806,1.8214596497756474e-16
2023-10-05,0.0009572557596477793,-0.0012221054716957669,1.0,0.0,0.0,5,0,0,0,2.280344876003049,1.8214596497756474e-16
2023-10-06,0.011465448392544708,0.015999202410559743,1.0,0.0,0.0,5,0,0,0,2.306490052496066,1.8214596497756474e-16
2023-10-09,0.005058869184133119,0.00393843777681524,1.0,0.0,0.0,5,0,0,0,2.318158283946148,1.8214596497756474e-16
2023-10-10,0.006813777163248602,0.005829361097144048,1.0,0.0,0.0,5,0,0,0,2.333953697922096,1.8214596497756474e-16
2023-10-11,0.012964551783005485,0.00713957938526133,1.0,0.0,0.0,5,0,0,0,2.3642123614979442,1.8214596497756474e-16
2023-10-12,-7.739037807552585e-05,-0.006256158271621737,1.0,0.0,0.0,5,0,0,0,2.364029394209437,1.8214596497756474e-16
2023-10-13,-0.00980183552229208,-0.012301650016759313,1.0,0.0,0.0,5,0,0,0,2.340857566917532,1.8214596497756474e-16
2023-10-16,0.009339063650892099,0.011989721012112708,1.0,0.0,0.0,5,0,0,0,2.3627189847326475,1.8214596497756474e-16
2023-10-17,-0.004241464894490177,-0.0025233152923814783,1.0,0.0,0.0,5,0,0,0,2.3526975951033586,1.8214596497756474e-16
2023-10-18,-0.017494791733024262,-0.016214607704617134,1.0,0.0,0.0,5,0,0,0,2.3115376406662382,1.8214596497756474e-16
2023-10-19,-0.0185149863414229,-0.009623252744584199,1.0,0.0,0.0,5,0,0,0,2.268739552821618,1.8214596497756474e-16
2023-10-20,-0.011884820536316454,-0.015346996966322912,1.0,0.0,0.0,5,0,0,0,2.24177599039269,1.8214596497756474e-16
2023-10-23,-0.004303354278069049,0.0026588117340864414,1.0,0.0,0.0,5,0,0,0,2.2321288340939613,1.8214596497756474e-16
2023-10-24,0.006748456195839747,0.00933652076747693,1.0,0.0,0.0,5,0,0,0,2.2471922577543153,1.8214596497756474e-16
2023-10-25,-0.018784126308313054,-0.024250641653744798,1.0,0.0,0.0,5,0,0,0,2.204980714545595,1.8214596497756474e-16
2023-10-26,-0.01506332745918837,-0.01759731281830912,1.0,0.0,0.0,5,0,0,0,2.1717663680011996,1.8214596497756474e-16
2023-10-27,-0.02967709263563878,0.003763630100990456,1.0,0.0,0.0,5,0,0,0,2.1073146563150633,1.8214596497756474e-16
2023-10-30,0.017146807300064015,0.011585191492403002,1.0,0.0,0.0,5,0,0,0,2.143448374647498,1.8214596497756474e-16
2023-10-31,0.004077932850833799,0.004828647326650115,1.0,0.0,0.0,5,0,0,0,2.1521892131885396,1.8214596497756474e-16
2023-11-01,-0.0011254982037074424,0.016358773768905932,1.0,1.1988011988011988,0.012963418661879745,5,0,0,0,2.1497669280950573,1.43982048506075e-16
2023-11-02,0.017734022736449973,0.017817414225266726,1.0,0.0,0.0,5,0,0,0,2.187890943675963,1.43982048506075e-16
2023-11-03,0.017502952273796835,0.01384761271359558,1.0,0.0,0.0,5,0,0,0,2.2261854944433956,1.43982048506075e-16
2023-11-06,0.004663314921409922,0.0030045443769870506,1.0,0.0,0.0,5,0,0,0,2.23656689847746,1.43982048506075e-16
2023-11-07,0.0029079181180737823,0.00895614887358942,1.0,0.0,0.0,5,0,0,0,2.2430706518838264,1.43982048506075e-16
2023-11-08,-0.00039428503201344167,0.0007740991097742178,1.0,0.0,0.0,5,0,0,0,2.24218624270004,1.43982048506075e-16
2023-11-09,-0.01612132900925256,-0.009447764665249214,1.0,0.0,0.0,5,0,0,0,2.2060392205814527,1.43982048506075e-16
2023-11-10,0.013619957226143509,0.020460766916963857,1.0,0.0,0.0,5,0,0,0,2.236085380404967,1.43982048506075e-16
2023-11-13,0.0006833573505378165,-0.002200606149797002,1.0,0.0,0.0,5,0,0,0,2.237613425786097,1.43982048506075e-16
2023-11-14,0.015418824499841444,0.02372491956415912,1.0,0.0,0.0,5,0,0,0,2.272114794496782,1.43982048506075e-16
2023-11-15,0.00028584676433274225,0.0006707708173478988,1.0,0.0,0.0,5,0,0,0,2.2727642711589815,1.43982048506075e-16
2023-11-16,0.004022544066448308,0.0006974698280486358,1.0,0.0,0.0,5,0,0,0,2.281906565592368,1.43982048506075e-16
2023-11-17,-0.003515604019753371,0.0008366709419771468,1.0,0.0,0.0,5,0,0,0,2.2738842856976698,1.43982048506075e-16
2023-11-20,0.008436654725632708,0.0112599914647864,1.0,0.0,0.0,5,0,0,0,2.293068262302143,1.43982048506075e-16
2023-11-21,-0.0008462994647859823,-0.0059191149544098876,1.0,0.0,0.0,5,0,0,0,2.291127639859039,1.43982048506075e-16
2023-11-22,0.006392883311673314,0.00463909025690068,1.0,0.0,0.0,5,0,0,0,2.3057745515128074,1.43982048506075e-16
2023-11-24,0.0025321533923494677,-0.0010516647951354097,1.0,0.0,0.0,5,0,0,0,2.3116131263654136,1.43982048506075e-16
2023-11-27,0.008312797886891765,-0.0006899235410761095,1.0,0.0,0.0,5,0,0,0,2.330829099077575,1.43982048506075e-16
2023-11-28,-0.00029513863394070583,0.0028602861908266775,1.0,0.0,0.0,5,0,0,0,2.330141181361324,1.43982048506075e-16
2023-11-29,0.010428375602306028,-0.0016290503886849939,1.0,0.0,0.0,5,0,0,0,2.354440768806961,1.43982048506075e-16
2023-11-30,0.004616149628038357,-0.002263311160392023,1.0,0.0,0.0,5,0,0,0,2.365309219686128,1.43982048506075e-16
2023-12-01,0.0015736822635048497,0.005540010392641959,1.0,1.1988011988011988,0.014285616873484537,5,0,0,0,2.3690314648528523,-1.4051260155412137e-16
2023-12-04,-0.007234734446722624,-0.008356367069205173,1.0,0.0,0.0,5,0,0,0,2.3518921513087117,-1.4051260155412137e-16
2023-12-05,0.007826567134911588,0.0031312268495462536,1.0,0.0,0.0,5,0,0,0,2.370299393125001,-1.4051260155412137e-16
2023-12-06,-0.010294460275975581,-0.005846852701219429,1.0,0.0,0.0,5,0,0,0,2.345898440180307,-1.4051260155412137e-16
2023-12-07,0.01206238648603808,0.013662694297181588,1.0,0.0,0.0,5,0,0,0,2.374195573822756,-1.4051260155412137e-16
2023-12-08,0.023708553883813543,0.0044615499527995706,1.0,0.0,0.0,5,0,0,0,2.430484317515444,-1.4051260155412137e-16
2023-12-11,0.0018369022852389172,0.0019795649848739494,1.0,0.0,0.0,5,0,0,0,2.4349488797125254,-1.4051260155412137e-16
2023-12-12,0.009250078209532608,0.006991879146976965,1.0,0.0,0.0,5,0,0,0,2.45747234728608,-1.4051260155412137e-16
2023-12-13,0.015663410431767888,0.013800449193001718,1.0,0.0,0.0,5,0,0,0,2.495964745286342,-1.4051260155412137e-16
2023-12-14,-0.022871037579689446,0.0018728632829079217,1.0,0.0,0.0,5,0,0,0,2.438879441799318,-1.4051260155412137e-16
2023-12-15,0.0030263301277142496,0.00354713898571668,1.0,0.0,0.0,5,0,0,0,2.446260296131898,-1.4051260155412137e-16
2023-12-18,0.007733500957550321,0.00613568863700964,1.0,0.0,0.0,5,0,0,0,2.4651784524744516,-1.4051260155412137e-16
2023-12-19,0.0034503415828848194,0.006602571712822858,1.0,0.0,0.0,5,0,0,0,2.4736841601982555,-1.4051260155412137e-16
2023-12-20,-0.011054082323772585,-0.01501551973137294,1.0,0.0,0.0,5,0,0,0,2.446339851848412,-1.4051260155412137e-16
2023-12-21,0.007547375237055398,0.012581169622098543,1.0,0.0,0.0,5,0,0,0,2.4648032966676743,-1.4051260155412137e-16
2023-12-22,-0.0011879739916558218,0.0019451189693209248,1.0,0.0,0.0,5,0,0,0,2.4618751744566856,-1.4051260155412137e-16
2023-12-26,-0.008353593110477009,0.005442583110953025,1.0,0.0,0.0,5,0,0,0,2.44130967096049,-1.4051260155412137e-16
2023-12-27,0.024344803025017292,0.0016321258103677572,1.0,0.0,0.0,5,0,0,0,2.500742874023093,-1.4051260155412137e-16
2023-12-28,-0.0033817126306010525,-0.0002675708784335429,1.0,0.0,0.0,5,0,0,0,2.4922860802601234,-1.4051260155412137e-16
2023-12-29,-0.014697689841670969,-0.005550410152959984,1.0,0.0,0.0,5,0,0,0,2.4556552324557464,-1.4051260155412137e-16
2024-01-02,-0.0033465390842148945,-0.01634849358177426,1.0,1.1988011988011986,0.014758415796440057,5,0,0,0,2.4474372862429763,-6.245004513516506e-17
2024-01-03,-0.03292810910651178,-0.011765495856189911,1.0,0.0,0.0,5,0,0,0,2.3668478042502223,-6.245004513516506e-17
2024-01-04,0.00847099599260992,-0.005613344034110623,1.0,0.0,0.0,5,0,0,0,2.3868973625151435,-6.245004513516506e-17
2024-01-05,-0.001953601426917917,0.000949215398016845,1.0,0.0,0.0,5,0,0,0,2.3822343164218274,-6.245004513516506e-17
2024-01-08,0.015776232103845267,0.02201141481440616,1.0,0.0,0.0,5,0,0,0,2.4198169979234434,-6.245004513516506e-17
2024-01-09,-0.002389982383905531,0.0009392089283848382,1.0,0.0,0.0,5,0,0,0,2.414033677926131,-6.245004513516506e-17
2024-01-10,-0.008299429756106869,0.0075340950927162975,1.0,0.0,0.0,5,0,0,0,2.393998574987307,-6.245004513516506e-17
2024-01-11,-0.0038068634927632683,3.575234033204033e-05,1.0,0.0,0.0,5,0,0,0,2.3848849492104605,-6.245004513516506e-17
2024-01-12,-0.025408990208350746,0.00017202192683707374,0.8515072595941741,0.14912765681775894,0.0017343709050420375,4,1,0,1,2.324287430887929,0.3451398101033654
2024-01-16,0.015159914339622382,-0.001897652829507046,0.8537247794083528,0.0,0.0,4,0,0,0,2.3595234292408507,0.3451398101033654
2024-01-17,0.0006948461486340207,-0.005937000912860202,0.8538263476077493,0.0,0.0,4,0,0,0,2.3611629350082706,0.3451398101033654
2024-01-18,0.018506079720965518,0.01346468688106972,0.8564822976488299,0.0,0.0,4,0,0,0,2.4048588045177226,0.3451398101033654
2024-01-19,0.03197850147651682,0.016958379554081526,0.8609295618602226,0.0,0.0,4,0,0,0,2.481762585348807,0.3451398101033654
2024-01-22,-0.004547423599056577,0.0032210504681486896,0.8602942606843349,0.0,0.0,4,0,0,0,2.470476959600936,0.3451398101033654
2024-01-23,-0.004006037506254723,0.004274543027365185,0.8597323431902405,0.0,0.0,4,0,0,0,2.4605801362424367,0.3451398101033654
2024-01-24,0.018854890214650144,0.0036286014118267484,0.8623281311628114,0.0,0.0,4,0,0,0,2.5069741045756366,0.3451398101033654
2024-01-25,-0.003080538650866216,0.0018458371889065184,0.8619027171453982,0.0,0.0,4,0,0,0,2.4992512739497705,0.3451398101033654
2024-01-26,-0.01467149635870868,-0.003554483570289091,0.8598464549190834,0.0,0.0,4,0,0,0,2.4625835179845184,0.3451398101033654
2024-01-29,0.008449304492420096,0.01117292402955039,0.8610207330635627,0.0,0.0,4,0,0,0,2.4833906359659847,0.3451398101033654
2024-01-30,-0.015722966819119555,-0.00756002435083869,0.8588006605342613,0.0,0.0,4,0,0,0,2.4443443673977794,0.3451398101033654
2024-01-31,-0.021527590900953908,-0.022300909615999176,0.8556941022018683,0.0,0.0,4,0,0,0,2.391723521835389,0.3451398101033654
2024-02-01,0.005898145610173211,0.013032824288839118,1.0,1.4532229748124923,0.017608987932557562,5,0,0,0,2.40583025542645,4.5102810375396984e-17
2024-02-02,0.020001653899160754,0.017401297788382175,1.0,0.0,0.0,5,0,0,0,2.4539508395356195,4.5102810375396984e-17
2024-02-05,0.033808546450798005,-0.00200124076121011,1.0,0.0,0.0,5,0,0,0,2.5369153504820345,4.5102810375396984e-17
2024-02-06,-0.0032995622797705737,0.0007258260409652717,1.0,0.0,0.0,5,0,0,0,2.528544640284613,4.5102810375396984e-17
2024-02-07,0.02344996778413244,0.009459063291570757,1.0,0.0,0.0,5,0,0,0,2.587838930640028,4.5102810375396984e-17
2024-02-08,0.0007330757046384306,0.002352677310197615,1.0,0.0,0.0,5,0,0,0,2.5897360124875974,4.5102810375396984e-17
2024-02-09,0.03024247217747611,0.012470106146275306,1.0,0.0,0.0,5,0,0,0,2.6680560317922613,4.5102810375396984e-17
2024-02-12,0.0043623893496116395,-0.003009205852807506,1.0,0.0,0.0,5,0,0,0,2.679695131009519,4.5102810375396984e-17
2024-02-13,0.0014799617233303142,-0.017998776343418177,1.0,0.0,0.0,5,0,0,0,2.6836609772336075,4.5102810375396984e-17
2024-02-14,0.04131448823098771,0.013001604422842261,1.0,0.0,0.0,5,0,0,0,2.794535057093486,4.5102810375396984e-17
2024-02-15,0.02962820627811391,0.002965310901188678,1.0,0.0,0.0,5,0,0,0,2.877332118216473,4.5102810375396984e-17
2024-02-16,-0.06136969746842591,-0.008205587443034235,1.0,0.0,0.0,5,0,0,0,2.700751116605343,4.5102810375396984e-17
2024-02-20,-0.022919948613252528,-0.009183207063557464,1.0,0.0,0.0,5,0,0,0,2.6388500397955643,4.5102810375396984e-17
2024-02-21,-0.07852585066796025,-0.003193320472898664,1.0,0.0,0.0,5,0,0,0,2.431632095635437,4.5102810375396984e-17
2024-02-22,0.14417149283708075,0.029571649504455566,0.8644400253604798,0.1361484354243753,0.0018952538724249543,4,1,0,1,2.7822041248937572,0.37715552061256596
2024-02-23,-0.038576912890347925,-0.00279260429608319,0.8590007079536054,0.0,0.0,4,0,0,0,2.674875278724564,0.37715552061256596
2024-02-26,0.0045779675646495654,-0.0012860178388419685,0.8596432565724963,0.0,0.0,4,0,0,0,2.687120770990048,0.37715552061256596
2024-02-27,-0.007607641161697876,0.003696098665450398,0.8585672872453333,0.0,0.0,4,0,0,0,2.666678120406211,0.37715552061256596
2024-02-28,-0.015145614711458255,-0.00546060850944563,0.8563922597417994,0.0,0.0,4,0,0,0,2.6262896410350627,0.37715552061256596
2024-02-29,0.036490840312616735,0.0090410688517506,0.8614481337675045,0.0,0.0,4,0,0,0,2.722125156940753,0.37715552061256596
2024-03-01,0.031428549033603925,0.011373314496802678,1.0000000000000002,1.0653201353601525,0.015035465329050056,5,0,0,0,2.8076776009112723,-4.0939474033052647e-16
2024-03-04,0.10483495982438584,-0.00414327759115618,1.0000000000000002,0.0,0.0,5,0,0,0,3.102020369402634,-4.0939474033052647e-16
2024-03-05,-0.07661171588417814,-0.01653072577503545,1.0000000000000002,0.0,0.0,5,0,0,0,2.864369266195026,-4.0939474033052647e-16
2024-03-06,0.0727055913647432,0.005768975997177295,1.0000000000000002,0.0,0.0,5,0,0,0,3.0726249275807307,-4.0939474033052647e-16
2024-03-07,0.02306763824293845,0.015084761335824037,1.0000000000000002,0.0,0.0,5,0,0,0,3.143503127866398,-4.0939474033052647e-16
2024-03-08,0.028991571462434917,-0.011568694262867996,1.0000000000000002,0.0,0.0,5,0,0,0,3.234638223440324,-4.0939474033052647e-16
2024-03-11,-0.02605984194669686,-0.004093157366818256,1.0000000000000002,0.0,0.0,5,0,0,0,3.150344062582725,-4.0939474033052647e-16
2024-03-12,0.045684121702225466,0.015379054871549114,0.8731722267572768,0.12738391372070612,0.0020995189171258742,4,1,0,1,3.2942647641416376,0.41780426450804853
2024-03-13,0.02623113943634592,-0.005402131316638248,0.876414027630868,0.0,0.0,4,0,0,0,3.3806770825100783,0.41780426450804853
2024-03-14,-0.044895774073618444,-0.003043516525946255,0.8706047266734029,0.0,0.0,4,0,0,0,3.2288989679978464,0.41780426450804853
2024-03-15,0.012347134844603591,-0.009632341369153807,0.8721829016225157,0.0,0.0,4,0,0,0,3.2687666189553175,0.41780426450804853
2024-03-18,-0.05842485084197324,0.008155824360966957,0.8642518353508154,0.0,0.0,4,0,0,0,3.077789416805632,0.41780426450804853
2024-03-19,-0.03881913344035215,0.003933492952149065,0.8587693852718192,0.0,0.0,4,0,0,0,2.9583122987333503,0.41780426450804853
2024-03-20,0.04658158919820088,0.012532864437970526,0.8650553227900949,0.0,0.0,4,0,0,0,3.096115186952933,0.41780426450804853
2024-03-21,0.030773390314337457,0.0019810552455434838,0.8690840504053433,0.0,0.0,4,0,0,0,3.1913931480591833,0.41780426450804853
2024-03-22,-0.011662647594583131,0.0016450902304174786,0.8675392068547918,0.0,0.0,4,0,0,0,3.1541730544376017,0.41780426450804853
2024-03-25,0.09117664903120493,-0.0026996220251604974,0.8786073792334057,0.0,0.0,4,0,0,0,3.4417599840057425,0.41780426450804853
2024-03-26,-0.015091001732354115,-0.004197182663276955,0.8767473736354207,0.0,0.0,4,0,0,0,3.3898203781247647,0.41780426450804853
2024-03-27,-0.006643861455014721,0.0051375858374236305,0.8759230233930873,0.0,0.0,4,0,0,0,3.367298881175118,0.41780426450804853
2024-03-28,-0.028558229756328157,-0.0012234198418532571,0.8722754359473447,0.0,0.0,4,0,0,0,3.271134786068292,0.41780426450804853
2024-04-01,-0.017894907374324087,0.001060718858951093,1.0000000000000002,0.2870237854046702,0.0046170864523985425,5,0,0,0,3.212598132062671,-3.200564813177209e-16
2024-04-02,-0.016869311226943906,-0.009537378927831908,1.0000000000000002,0.0,0.0,5,0,0,0,3.158403814325807,-3.200564813177209e-16
2024-04-03,0.011913530920494964,0.002278803963131848,1.0000000000000002,0.0,0.0,5,0,0,0,3.1960315558271866,-3.200564813177209e-16
2024-04-04,-0.01668380371196243,-0.014030200538683646,1.0000000000000002,0.0,0.0,5,0,0,0,3.142709592692528,-3.200564813177209e-16
2024-04-05,-0.019475242207607768,0.012426785532032358,1.0000000000000002,0.0,0.0,5,0,0,0,3.0815045621866686,-3.200564813177209e-16
2024-04-08,0.013332233430658702,0.0003344673750449445,1.0000000000000002,0.0,0.0,5,0,0,0,3.122587900327381,-3.200564813177209e-16
2024-04-09,-0.030338860159134562,0.003241278794968494,1.0000000000000002,0.0,0.0,5,0,0,0,3.027852142684743,-3.200564813177209e-16
2024-04-10,0.029081531690506868,-0.008357228151501306,1.0000000000000002,0.0,0.0,5,0,0,0,3.1159067207263984,-3.200564813177209e-16
2024-04-11,0.02331778565311393,0.01681081270149054,1.0000000000000002,0.0,0.0,5,0,0,0,3.188562765755394,-3.200564813177209e-16
2024-04-12,-0.04026138841988547,-0.016245000295672107,1.0000000000000002,0.0,0.0,5,0,0,0,3.0601868017421316,-3.200564813177209e-16
2024-04-15,-0.05028925211627788,-0.017933447780068,1.0000000000000002,0.0,0.0,5,0,0,0,2.9062922961464155,-3.200564813177209e-16
2024-04-16,0.00811719687742496,-0.00124441780634732,1.0000000000000002,0.0,0.0,5,0,0,0,2.929883242897579,-3.200564813177209e-16
2024-04-17,-0.02815632757092268,-0.011463978729362667,0.837026205936325,0.16365872728149905,0.0023319080677426207,4,1,0,1,2.8473884905659976,0.4640497054807811
2024-04-18,0.002065939851187304,-0.005220376044001496,0.8373622058365965,0.0,0.0,4,0,0,0,2.85327102392047,0.4640497054807811
2024-04-19,-0.08363192954725374,-0.020478109186815918,0.8225191389710362,0.0,0.0,4,0,0,0,2.6146464626687327,0.4640497054807811
2024-04-22,0.023844903937116246,0.011078117486876593,0.6615507070955866,0.16579398963191905,0.002220987429640436,3,1,0,1,2.676992456400589,0.9060262039792278
2024-04-23,0.024798409681589417,0.01587787496819759,0.6697406146350564,0.0,0.0,3,0,0,0,2.7433776120489353,0.9060262039792278
2024-04-24,-0.019560019209530433,0.0010262960997078352,0.6631518585169535,0.0,0.0,3,0,0,0,2.6897170932582624,0.9060262039792278
2024-04-25,-0.018247891480788647,-0.006427213977643231,0.6568908397954767,0.0,0.0,3,0,0,0,2.640635427626463,0.9060262039792278
2024-04-26,0.026953810756302987,0.020250157832943483,0.6658962101208431,0.0,0.0,3,0,0,0,2.711810615219096,0.9060262039792278
2024-04-29,-0.022154309125911986,0.003464587209498049,0.6583266736283264,0.0,0.0,3,0,0,0,2.6517323245586026,0.9060262039792278
2024-04-30,-0.018518227256983044,-0.020350371680459167,0.6518801104000386,0.0,0.0,3,0,0,0,2.6026269427477384,0.9060262039792278
2024-05-01,-0.0028813990982863302,-0.003342795632570117,0.9999999999999998,0.8515090495591553,0.01109611597490878,5,0,0,0,2.5951277358217295,2.237793284010081e-16
2024-05-02,0.05253536608278542,0.015089351873502688,0.9999999999999999,0.0,0.0,5,0,0,0,2.7314637214547144,2.237793284010081e-16
2024-05-03,0.03316067369779896,0.019908524471815348,0.9999999999999999,0.0,0.0,5,0,0,0,2.82204089863925,2.237793284010081e-16
2024-05-06,0.033535460234762615,0.011940646340302896,0.9999999999999999,0.0,0.0,5,0,0,0,2.9166793389764405,2.237793284010081e-16
2024-05-07,-0.015936549778145292,-0.0010208055416576212,0.9999999999999999,0.0,0.0,5,0,0,0,2.8701975335039545,2.237793284010081e-16
2024-05-08,0.0008195456838853143,-0.0018245644189047727,0.9999999999999999,0.0,0.0,5,0,0,0,2.872549791504436,2.237793284010081e-16
2024-05-09,0.0032246558631332523,0.002668794176081679,0.9999999999999999,0.0,0.0,5,0,0,0,2.881812776031753,2.237793284010081e-16
2024-05-10,-0.021531614711963853,-0.00033013046907359733,0.9999999999999999,0.0,0.0,5,0,0,0,2.8197626936662226,2.237793284010081e-16
2024-05-13,0.006380519588190081,0.002898872900767957,0.9999999999999999,0.0,0.0,5,0,0,0,2.8377542447672073,2.237793284010081e-16
2024-05-14,0.028305454527515428,0.007501806951391465,0.9999999999999999,0.0,0.0,5,0,0,0,2.918078168502729,2.237793284010081e-16
2024-05-15,0.09357589857937199,0.014003293780395332,0.9999999999999999,0.0,0.0,5,0,0,0,3.19113995524522,2.237793284010081e-16
2024-05-16,-0.0433374047774463,-0.0026322585019608047,0.9999999999999999,0.0,0.0,5,0,0,0,3.052844231303276,2.237793284010081e-16
2024-05-17,0.02009038929533946,-0.0007398049491241787,0.9999999999999999,0.0,0.0,5,0,0,0,3.11417706036819,2.237793284010081e-16
2024-05-20,0.047101375198554285,0.006526933758492337,0.9999999999999999,0.0,0.0,5,0,0,0,3.2608590825233232,2.237793284010081e-16
2024-05-21,-0.004099133677575084,0.0022477094947119802,0.9999999999999999,0.0,0.0,5,0,0,0,3.2474923852403252,2.237793284010081e-16
2024-05-22,-0.005495323941790087,-0.0018465331461966494,0.9999999999999999,0.0,0.0,5,0,0,0,3.229646362584933,2.237793284010081e-16
2024-05-23,-0.013360286622481898,-0.0038990347493679245,0.9999999999999999,0.0,0.0,5,0,0,0,3.186497361491542,2.237793284010081e-16
2024-05-24,0.0585151838975837,0.011039754629549758,0.9999999999999999,0.0,0.0,5,0,0,0,3.3729558405883853,2.237793284010081e-16
2024-05-28,0.016359095705080096,0.005855871463816387,0.9999999999999999,0.0,0.0,5,0,0,0,3.4281343479935793,2.237793284010081e-16
2024-05-29,-0.028489050393074478,-0.005834400404059248,0.9999999999999999,0.0,0.0,5,0,0,0,3.3304700557993607,2.237793284010081e-16
2024-05-30,-0.02021783483120665,-0.010844900051624196,0.9999999999999999,0.0,0.0,5,0,0,0,3.2631351623009297,2.237793284010081e-16
2024-05-31,-0.026908641857190774,-0.00012322939450226666,0.9999999999999999,0.0,0.0,5,0,0,0,3.175328626886968,2.237793284010081e-16
2024-06-03,0.013839384384314757,0.005596307899468078,1.0000000000000002,1.2346864845432153,0.019997418386827493,5,0,0,0,3.219273220300975,-4.891920202254596e-16
2024-06-04,-0.014485144986224552,0.0016862295219184364,1.0000000000000002,0.0,0.0,5,0,0,0,3.1726415809546453,-4.891920202254596e-16
2024-06-05,0.034270278317448,0.01962724562390572,1.0000000000000002,0.0,0.0,5,0,0,0,3.281368890935469,-4.891920202254596e-16
2024-06-06,0.003343827124034471,-0.0008600932226506819,1.0000000000000002,0.0,0.0,5,0,0,0,3.292341221236942,-4.891920202254596e-16
2024-06-07,-0.019269404999095574,-0.002328994232737358,1.0000000000000002,0.0,0.0,5,0,0,0,3.2288997648497104,-4.891920202254596e-16
2024-06-10,0.03452782900043028,0.0034672192025679838,1.0000000000000002,0.0,0.0,5,0,0,0,3.3403866637899706,-4.891920202254596e-16
2024-06-11,0.0034844536582341323,0.008783908252522288,1.0000000000000002,0.0,0.0,5,0,0,0,3.35202608632053,-4.891920202254596e-16
2024-06-12,0.013801655668487012,0.015273035067584706,1.0000000000000002,0.0,0.0,5,0,0,0,3.398289596155712,-4.891920202254596e-16
2024-06-13,-0.00296319892747543,0.0033577656572612025,1.0000000000000002,0.0,0.0,5,0,0,0,3.3882197880691325,-4.891920202254596e-16
2024-06-14,-0.016995788861166927,0.0012068615811446914,1.0000000000000002,0.0,0.0,5,0,0,0,3.3306343199358817,-4.891920202254596e-16
2024-06-17,-0.012238060464985545,0.009505218724158215,1.0000000000000002,0.0,0.0,5,0,0,0,3.28987381574175,-4.891920202254596e-16
2024-06-18,0.01850457596704347,0.0002919244166139645,1.0000000000000002,0.0,0.0,5,0,0,0,3.350751535687131,-4.891920202254596e-16
2024-06-20,-0.017565786307505604,-0.00787384783998235,1.0000000000000002,0.0,0.0,5,0,0,0,3.2918929502417047,-4.891920202254596e-16
2024-06-21,-0.0034900770964826355,-0.00181849392852651,1.0000000000000002,0.0,0.0,5,0,0,0,3.2804039900519935,-4.891920202254596e-16
2024-06-24,-0.02436089416103626,-0.01088478530878334,1.0000000000000002,0.0,0.0,5,0,0,0,3.2004904156448957,-4.891920202254596e-16
2024-06-25,0.031633425006214466,0.012621604693754396,1.0000000000000002,0.0,0.0,5,0,0,0,3.3017328891913067,-4.891920202254596e-16
2024-06-26,-0.017229605899861333,0.004938684236547308,1.0000000000000002,0.0,0.0,5,0,0,0,3.24484533272393,-4.891920202254596e-16
2024-06-27,0.000964851346008766,0.003006286459873886,1.0000000000000002,0.0,0.0,5,0,0,0,3.2479761261107987,-4.891920202254596e-16
2024-06-28,-0.021490463121916603,-0.007059876462563008,1.0000000000000002,0.0,0.0,5,0,0,0,3.178175614951749,-4.891920202254596e-16
2024-07-01,0.002231706633569308,0.008272631821943044,1.0,1.268151615994137,0.020325897757908256,5,0,0,0,3.185268370554285,-9.367506770274758e-17
2024-07-02,-0.00024899379842890923,0.008359662292796388,1.0,0.0,0.0,5,0,0,0,3.184475258483685,-9.367506770274758e-17
2024-07-03,0.03250620301218499,0.008849031617181868,1.0,0.0,0.0,5,0,0,0,3.287990457723236,-9.367506770274758e-17
2024-07-05,-0.005357906888789454,0.009042021121621113,1.0,0.0,0.0,5,0,0,0,3.2703737109995266,-9.367506770274758e-17
2024-07-08,0.012798392651468093,0.0027777021306627514,1.0,0.0,0.0,5,0,0,0,3.3122292378699374,-9.367506770274758e-17
2024-07-09,0.002529253886842442,0.0013884516060522767,1.0,0.0,0.0,5,0,0,0,3.3206067065439333,-9.367506770274758e-17
2024-07-10,0.015767356937050003,0.011837476547524206,1.0,0.0,0.0,5,0,0,0,3.372963897733573,-9.367506770274758e-17
2024-07-11,-0.022236394946286486,-0.019522302122285562,1.0,0.0,0.0,5,0,0,0,3.2979613403640036,-9.367506770274758e-17
2024-07-12,0.004173134388053112,0.006291994978484761,1.0,0.0,0.0,5,0,0,0,3.311724176243946,-9.367506770274758e-17
2024-07-15,-0.011808849208801986,0.0040286610521378385,1.0,0.0,0.0,5,0,0,0,3.2726165248255374,-9.367506770274758e-17
2024-07-16,-0.0012392253164672518,0.0019907033599837476,1.0,0.0,0.0,5,0,0,0,3.2685610155768847,-9.367506770274758e-17
2024-07-17,-0.048912417783530726,-0.027684185688784058,1.0,0.0,0.0,5,0,0,0,3.1086877936320265,-9.367506770274758e-17
2024-07-18,0.007587999532397305,-0.006984588110552692,1.0,0.0,0.0,5,0,0,0,3.1322765151564753,-9.367506770274758e-17
2024-07-19,-0.006409503968090591,-0.008073493482905203,1.0,0.0,0.0,5,0,0,0,3.112200176403423,-9.367506770274758e-17
2024-07-22,0.021520747310565636,0.015830645780677388,1.0,0.0,0.0,5,0,0,0,3.179177049979699,-9.367506770274758e-17
2024-07-23,0.005375252963649491,-0.0005673614434249519,1.0,0.0,0.0,5,0,0,0,3.196265930839569,-9.367506770274758e-17
2024-07-24,-0.04590310277274201,-0.03639077096210086,1.0,0.0,0.0,5,0,0,0,3.049547407327226,-9.367506770274758e-17
2024-07-25,-0.01789988584625779,-0.009265693868998337,1.0,0.0,0.0,5,0,0,0,2.9949608568533175,-9.367506770274758e-17
2024-07-26,0.014619017969281778,0.010252538909859998,1.0,0.0,0.0,5,0,0,0,3.038744243436952,-9.367506770274758e-17
2024-07-29,-0.007080397471051936,0.0007097813420300358,1.0,0.0,0.0,5,0,0,0,3.017228726380547,-9.367506770274758e-17
2024-07-30,-0.02956520320632139,-0.012825712116679377,1.0,0.0,0.0,5,0,0,0,2.928023745965156,-9.367506770274758e-17
2024-07-31,0.05577824783535967,0.026358746997215077,1.0,0.0,0.0,5,0,0,0,3.0913437801354187,-9.367506770274758e-17
2024-08-01,-0.03811082806845956,-0.023026687886480546,1.0,1.2221667509792313,0.018282469290703967,5,0,0,0,2.9735301088301758,-2.0469737016526324e-16
2024-08-02,-0.009920191538843492,-0.024309461863601056,1.0,0.0,0.0,5,0,0,0,2.9440321206040623,-2.0469737016526324e-16
2024-08-05,-0.04229425957590249,-0.03433932194308953,1.0,0.0,0.0,5,0,0,0,2.8195164618954394,-2.0469737016526324e-16
2024-08-06,0.008620768051535999,0.01029454665723284,1.0,0.0,0.0,5,0,0,0,2.8438228593309276,-2.0469737016526324e-16
2024-08-07,-0.02670776838837363,-0.010450926902294988,1.0,0.0,0.0,5,0,0,0,2.7678706970663547,-2.0469737016526324e-16
2024-08-08,0.051742851196709294,0.028662717286118022,1.0,0.0,0.0,5,0,0,0,2.911088218676391,-2.0469737016526324e-16
2024-08-09,-0.001662673381697899,0.005118912961787014,1.0,0.0,0.0,5,0,0,0,2.9062480297834234,-2.0469737016526324e-16
2024-08-12,-8.594501888170569e-05,0.0021084539725877427,1.0,0.0,0.0,5,0,0,0,2.9059982522416288,-2.0469737016526324e-16
2024-08-13,0.04143189596232366,0.024254065528752422,1.0,0.0,0.0,5,0,0,0,3.026399269495198,-2.0469737016526324e-16
2024-08-14,-0.00626019644443121,0.00029056982067210413,1.0,0.0,0.0,5,0,0,0,3.0074534155488752,-2.0469737016526324e-16
2024-08-15,0.038052678889478386,0.02337601425022262,1.0,0.0,0.0,5,0,0,0,3.1218950746458214,-2.0469737016526324e-16
2024-08-16,0.0050941734747513845,0.0021156957146388766,1.0,0.0,0.0,5,0,0,0,3.137798549726039,-2.0469737016526324e-16
2024-08-19,0.01653209981625614,0.013898291843971622,1.0,0.0,0.0,5,0,0,0,3.1896729485534134,-2.0469737016526324e-16
2024-08-20,-0.012360140184901725,-0.0033470249368012794,1.0,0.0,0.0,5,0,0,0,3.1502481437653045,-2.0469737016526324e-16
2024-08-21,0.013102072548910826,0.005727628555693087,1.0,0.0,0.0,5,0,0,0,3.1915229234919895,-2.0469737016526324e-16
2024-08-22,-0.032133646941240435,-0.016721526261784136,1.0,0.0,0.0,5,0,0,0,3.0889676526636225,-2.0469737016526324e-16
2024-08-23,0.031645689249096165,0.01466793319062476,1.0,0.0,0.0,5,0,0,0,3.1867201631003255,-2.0469737016526324e-16
2024-08-26,-0.013229594366527153,-0.008503700652535917,1.0,0.0,0.0,5,0,0,0,3.144561147982875,-2.0469737016526324e-16
2024-08-27,0.01114601172313967,0.0016391224309093566,1.0,0.0,0.0,5,0,0,0,3.179610463402421,-2.0469737016526324e-16
2024-08-28,-0.015228495354068006,-0.011196565025217264,1.0,0.0,0.0,5,0,0,0,3.1311897802327513,-2.0469737016526324e-16
2024-08-29,-0.012443672884953405,-0.0022554988849898816,1.0,0.0,0.0,5,0,0,0,3.0922262788668258,-2.0469737016526324e-16
2024-08-30,0.00834440366491429,0.011257733646486079,1.0,0.0,0.0,5,0,0,0,3.1180290631609466,-2.0469737016526324e-16
2024-09-03,-0.059856102192409666,-0.03259221079818497,1.0000000000000002,1.5952143569292123,0.023569013040542566,5,0,0,0,2.9313959969174817,-4.128641872824801e-16
2024-09-04,-0.00029669118231068214,-0.003034605115545652,1.0000000000000002,0.0,0.0,5,0,0,0,2.9305262775733354,-4.128641872824801e-16
2024-09-05,-0.009936206014935611,0.0025381963480157754,1.0000000000000002,0.0,0.0,5,0,0,0,2.901407964747184,-4.128641872824801e-16
2024-09-06,-0.03643559877396485,-0.025504254223819744,1.0000000000000002,0.0,0.0,5,0,0,0,2.79569342826407,-4.128641872824801e-16
2024-09-09,0.019042794631436877,0.011609457215793872,1.0000000000000002,0.0,0.0,5,0,0,0,2.84893124407096,-4.128641872824801e-16
2024-09-10,0.01815440795401191,0.008367232313154283,1.0000000000000002,0.0,0.0,5,0,0,0,2.9006519041087553,-4.128641872824801e-16
2024-09-11,0.023558464142763524,0.021711082214841637,1.0000000000000002,0.0,0.0,5,0,0,0,2.96898680798234,-4.128641872824801e-16
2024-09-12,0.008965190486870389,0.010010881415337236,1.0000000000000002,0.0,0.0,5,0,0,0,2.995604340268907,-4.128641872824801e-16
2024-09-13,-0.008671464850429245,0.006505572516027902,1.0000000000000002,0.0,0.0,5,0,0,0,2.9696280625264717,-4.128641872824801e-16
2024-09-16,-0.017928733973011313,-0.005193944895855673,1.0000000000000002,0.0,0.0,5,0,0,0,2.9163863909946457,-4.128641872824801e-16
2024-09-17,-0.014085811076152921,0.0020425898471514436,1.0000000000000002,0.0,0.0,5,0,0,0,2.8753067232660316,-4.128641872824801e-16
2024-09-18,-0.009571031615945191,-0.0031063939223489045,1.0000000000000002,0.0,0.0,5,0,0,0,2.8477870717121125,-4.128641872824801e-16
2024-09-19,0.028887752941822553,0.025076660612330715,1.0000000000000002,0.0,0.0,5,0,0,0,2.9300532410706484,-4.128641872824801e-16
2024-09-20,0.0029955560070744625,-0.0036449578703608987,1.0000000000000002,0.0,0.0,5,0,0,0,2.9388303796579853,-4.128641872824801e-16
2024-09-23,0.004602057826585737,0.001445773173548659,1.0000000000000002,0.0,0.0,5,0,0,0,2.9523550470076985,-4.128641872824801e-16
2024-09-24,0.006450766339598291,0.005577528477582971,1.0000000000000002,0.0,0.0,5,0,0,0,2.971399999567479,-4.128641872824801e-16
2024-09-25,-0.00475698366050481,0.0004251066895464284,1.0000000000000002,0.0,0.0,5,0,0,0,2.9572650983207125,-4.128641872824801e-16
2024-09-26,0.010054933003533773,0.005977473400077926,1.0000000000000002,0.0,0.0,5,0,0,0,2.987000200758016,-4.128641872824801e-16
2024-09-27,-0.014477863994181384,-0.0038867547528513846,1.0000000000000002,0.0,0.0,5,0,0,0,2.943754818100849,-4.128641872824801e-16
2024-09-30,0.004435190144197243,0.0038400482995482044,1.0000000000000002,0.0,0.0,5,0,0,0,2.956810930457023,-4.128641872824801e-16
2024-10-01,-0.03898031627583187,-0.015328379554033433,1.0000000000000002,1.9900497512437816,0.02855832668562786,5,0,0,0,2.8415535052199714,-5.585809592645319e-16
2024-10-02,-0.0183706026896181,0.0008243050667089413,1.0000000000000002,0.0,0.0,5,0,0,0,2.7893524547542836,-5.585809592645319e-16
2024-10-03,-0.0008477549943638474,-0.0003708984312128516,1.0000000000000002,0.0,0.0,5,0,0,0,2.7869877672797245,-5.585809592645319e-16
2024-10-04,0.021311437643995568,0.012242950635987793,1.0000000000000002,0.0,0.0,5,0,0,0,2.846382483296685,-5.585809592645319e-16
2024-10-07,-0.010762170915260771,-0.01179551626671349,1.0000000000000002,0.0,0.0,5,0,0,0,2.8157492285212418,-5.585809592645319e-16
2024-10-08,0.011076907576073491,0.014450629487014366,1.0000000000000002,0.0,0.0,5,0,0,0,2.846939022482972,-5.585809592645319e-16
2024-10-09,-0.011680067875850186,0.005978205035980011,1.0000000000000002,0.0,0.0,5,0,0,0,2.813686581461964,-5.585809592645319e-16
2024-10-10,-0.01360163867967401,-0.0005231030091751299,1.0000000000000002,0.0,0.0,5,0,0,0,2.775415833223071,-5.585809592645319e-16
2024-10-11,-0.0010530003005508881,0.003330518404479843,1.0000000000000002,0.0,0.0,5,0,0,0,2.7724933195165335,-5.585809592645319e-16
2024-10-14,0.0029905617672394413,0.008708964962673038,1.0000000000000002,0.0,0.0,5,0,0,0,2.7807846320378067,-5.585809592645319e-16
2024-10-15,-0.010927438875820261,-0.010112024008622988,1.0000000000000002,0.0,0.0,5,0,0,0,2.7503977779443933,-5.585809592645319e-16
2024-10-16,0.01759151385014679,0.002811386994723497,1.0000000000000002,0.0,0.0,5,0,0,0,2.798781438548515,-5.585809592645319e-16
2024-10-17,-0.008031361544648785,0.0003555982048120132,1.0000000000000002,0.0,0.0,5,0,0,0,2.7763034129310795,-5.585809592645319e-16
2024-10-18,0.0066848461843613816,0.006310317013705546,1.0000000000000002,0.0,0.0,5,0,0,0,2.794862574207641,-5.585809592645319e-16
2024-10-21,0.0015021757002831038,0.0027287409716514333,1.0000000000000002,0.0,0.0,5,0,0,0,2.799060948852247,-5.585809592645319e-16
2024-10-22,-0.008124714871138083,0.001786569010746586,1.0000000000000002,0.0,0.0,5,0,0,0,2.776319376735885,-5.585809592645319e-16
2024-10-23,-0.004741330507748831,-0.015962555452894156,1.0000000000000002,0.0,0.0,5,0,0,0,2.763155928975713,-5.585809592645319e-16
2024-10-24,0.0382756024272759,0.007596138643384043,1.0000000000000002,0.0,0.0,5,0,0,0,2.8689173867577575,-5.585809592645319e-16
2024-10-25,0.0069152612554332915,0.005599591469924947,1.0000000000000002,0.0,0.0,5,0,0,0,2.888756700007442,-5.585809592645319e-16
2024-10-28,0.003875687928133642,0.0026235236773093362,1.0000000000000002,0.0,0.0,5,0,0,0,2.8999526194769762,-5.585809592645319e-16
2024-10-29,-0.01617219883977017,0.007839554823308115,1.0000000000000002,0.0,0.0,5,0,0,0,2.8530540090888823,-5.585809592645319e-16
2024-10-30,-0.009939552386586281,-0.005601336586160355,1.0000000000000002,0.0,0.0,5,0,0,0,2.8246959293037834,-5.585809592645319e-16
2024-10-31,8.202577925864318e-05,-0.02755713053029496,1.0000000000000002,0.0,0.0,5,0,0,0,2.8249276271885533,-5.585809592645319e-16
2024-11-01,-0.013491590536630405,0.008000353509081792,1.0000000000000002,1.5988492308957727,0.02245801891189648,5,0,0,0,2.7868148603469103,-5.655198531684391e-16
2024-11-04,-0.04526996254900029,-0.0032858481052382427,1.0000000000000002,0.0,0.0,5,0,0,0,2.6606558559880082,-5.655198531684391e-16
2024-11-05,0.030548816811441393,0.014256640396236975,1.0000000000000002,0.0,0.0,5,0,0,0,2.741935744330875,-5.655198531684391e-16
2024-11-06,0.04009026674551519,0.029518405815003756,1.0000000000000002,0.0,0.0,5,0,0,0,2.851860679720162,-5.655198531684391e-16
2024-11-07,0.08418055790134438,0.015065437369473189,1.0000000000000002,0.0,0.0,5,0,0,0,3.0919319027959125,-5.655198531684391e-16
2024-11-08,0.05441856123143296,0.0008987434468192834,1.0000000000000002,0.0,0.0,5,0,0,0,3.2601903883716328,-5.655198531684391e-16
2024-11-11,0.007761618172194229,0.0006214827813664225,1.0000000000000002,0.0,0.0,5,0,0,0,3.285494741334831,-5.655198531684391e-16
2024-11-12,-0.008217900829840863,-0.0008997104824907121,1.0000000000000002,0.0,0.0,5,0,0,0,3.258494871373578,-5.655198531684391e-16
2024-11-13,-0.005751756595958946,-0.0026274128926858653,1.0000000000000002,0.0,0.0,5,0,0,0,3.2397528020042565,-5.655198531684391e-16
2024-11-14,0.005701893963431681,-0.0064006792624654585,1.0000000000000002,0.0,0.0,5,0,0,0,3.2582255289490156,-5.655198531684391e-16
2024-11-15,0.007990300966448816,-0.0223747708928147,1.0000000000000002,0.0,0.0,5,0,0,0,3.284259731541885,-5.655198531684391e-16
2024-11-18,0.009718456204544479,0.0059788423962625625,1.0000000000000002,0.0,0.0,5,0,0,0,3.3161776659072237,-5.655198531684391e-16
2024-11-19,0.03379243817747457,0.01041210162305517,1.0000000000000002,0.0,0.0,5,0,0,0,3.4282393946679157,-5.655198531684391e-16
2024-11-20,0.008194484880939212,-0.0011231723524938175,1.0000000000000002,0.0,0.0,5,0,0,0,3.4563320505557624,-5.655198531684391e-16
2024-11-21,0.00642251744477873,0.0003309739957348956,1.0000000000000002,0.0,0.0,5,0,0,0,3.4785304034454048,-5.655198531684391e-16
2024-11-22,0.016218782902346573,0.001646099979054183,1.0000000000000002,0.0,0.0,5,0,0,0,3.534947932878098,-5.655198531684391e-16
2024-11-25,-0.006679169964715181,0.002693456200393962,1.0000000000000002,0.0,0.0,5,0,0,0,3.511337414817987,-5.655198531684391e-16
2024-11-26,0.020453827136788894,0.006269327147551129,1.0000000000000002,0.0,0.0,5,0,0,0,3.5831577033196127,-5.655198531684391e-16
2024-11-27,-0.00922387242010736,-0.005936087283596847,1.0000000000000002,0.0,0.0,5,0,0,0,3.5501071138030675,-5.655198531684391e-16
2024-11-29,0.00863651129304821,0.00827310897357103,1.0000000000000002,0.0,0.0,5,0,0,0,3.5807676539829587,-5.655198531684391e-16
2024-12-02,-0.003724559694553542,0.009666963018219343,1.0,1.2202318217139068,0.02189907308263182,5,0,0,0,3.567430871103373,1.734723475976807e-17
2024-12-03,0.013001284168939975,0.0039663527636977225,1.0,0.0,0.0,5,0,0,0,3.613812053611637,1.734723475976807e-17
2024-12-04,0.030146553118268304,0.01304892827851556,1.0,0.0,0.0,5,0,0,0,3.7227560306452783,1.734723475976807e-17
2024-12-05,-0.013025816731630946,-0.0017662628085394205,1.0,0.0,0.0,5,0,0,0,3.674264092853519,1.734723475976807e-17
2024-12-06,0.039619824959935324,0.008097132617218783,1.0,0.0,0.0,5,0,0,0,3.8198377930689507,1.734723475976807e-17
2024-12-09,-0.07512500930183508,-0.0061976487606851816,1.0,0.0,0.0,5,0,0,0,3.5328724433331447,1.734723475976807e-17
2024-12-10,-0.03521060247400576,-0.0025053492380269216,1.0,0.0,0.0,5,0,0,0,3.408477876139572,1.734723475976807e-17
2024-12-11,0.030781314576618257,0.017658760758274106,1.0,0.0,0.0,5,0,0,0,3.513395305872468,1.734723475976807e-17
2024-12-12,-0.011321009189523057,-0.006591135281496019,1.0,0.0,0.0,5,0,0,0,3.4736201253282584,1.734723475976807e-17
2024-12-13,0.007608584789233097,0.0011999693430715386,1.0,0.0,0.0,5,0,0,0,3.5000494585774047,1.734723475976807e-17
2024-12-16,0.05132231127376263,0.012403744466865207,1.0,0.0,0.0,5,0,0,0,3.679680086364079,1.734723475976807e-17
2024-12-17,-0.014901326011503624,-0.0032135645664698176,1.0,0.0,0.0,5,0,0,0,3.6248479737791297,1.734723475976807e-17
2024-12-18,-0.08579058716250354,-0.03562409591437643,1.0,0.0,0.0,5,0,0,0,3.313870137733807,1.734723475976807e-17
2024-12-19,-0.0014380827204510949,-0.0010274900752054172,1.0,0.0,0.0,5,0,0,0,3.3091045183509133,1.734723475976807e-17
2024-12-20,0.02617155478301436,0.010315000113871209,0.8371866108177983,0.1634977799435375,0.002778225524277149,4,1,0,1,3.3957089285356545,0.5528668793311526
2024-12-23,0.005910072087986773,0.009824301451820228,0.8381431961962098,0.0,0.0,4,0,0,0,3.4157778130931202,0.5528668793311526
2024-12-24,0.01843677964253554,0.013470465560214251,0.841073292874791,0.0,0.0,4,0,0,0,3.47875375594098,0.5528668793311526
2024-12-26,0.014178634839339121,-0.000537643238945007,0.8432951536684804,0.0,0.0,4,0,0,0,3.528077735142446,0.5528668793311526
2024-12-27,-0.024587593890676884,-0.014901142574008208,0.8393450346232768,0.0,0.0,4,0,0,0,3.4413307925760246,0.5528668793311526
2024-12-30,-0.011575336020170912,-0.011928081728214801,0.8374636214257785,0.0,0.0,4,0,0,0,3.401496232295396,0.5528668793311526
2024-12-31,-0.01822216581160463,-0.009031464050827553,0.8344468851157297,0.0,0.0,4,0,0,0,3.339513603942961,0.5528668793311526
2025-01-02,0.0016366426183462846,-0.0015534319645424954,1.0000000000000002,0.2567994849325151,0.0043004664588013755,5,0,0,0,3.3449791942317213,-2.645453300864631e-16
2025-01-03,0.037930260704423624,0.01768001450977663,1.0000000000000002,0.0,0.0,5,0,0,0,3.4718551271198033,-2.645453300864631e-16
2025-01-06,0.010875828973194501,0.012399694038395248,1.0000000000000002,0.0,0.0,5,0,0,0,3.5096144297020664,-2.645453300864631e-16
2025-01-07,-0.03917886328415632,-0.018892583357934867,1.0000000000000002,0.0,0.0,5,0,0,0,3.372111725780667,-2.645453300864631e-16
2025-01-08,-0.0036899983594929076,-0.0005542779648657348,1.0000000000000002,0.0,0.0,5,0,0,0,3.3596686390445094,-2.645453300864631e-16
2025-01-10,-0.01106344064233522,-0.016286873211427966,1.0000000000000002,0.0,0.0,5,0,0,0,3.3224991444785252,-2.645453300864631e-16
2025-01-13,-0.016460736478870697,-0.003837116754229597,1.0000000000000002,0.0,0.0,5,0,0,0,3.267808361609991,-2.645453300864631e-16
2025-01-14,0.02961668632780534,-0.0022898557916311013,1.0000000000000002,0.0,0.0,5,0,0,0,3.3645900168351734,-2.645453300864631e-16
2025-01-15,0.04173032464685611,0.024513346779041045,1.0000000000000002,0.0,0.0,5,0,0,0,3.5049954505412764,-2.645453300864631e-16
2025-01-16,0.016593833680039527,-0.008863883056010047,1.0000000000000002,0.0,0.0,5,0,0,0,3.5631567620968534,-2.645453300864631e-16
2025-01-17,0.02700263559530014,0.015094928951082665,1.0000000000000002,0.0,0.0,5,0,0,0,3.6593713857126846,-2.645453300864631e-16
2025-01-21,0.033752205568010396,0.006448233087721356,1.0000000000000002,0.0,0.0,5,0,0,0,3.782883240972954,-2.645453300864631e-16
2025-01-22,0.013121321780084516,0.012783485413536244,1.0000000000000002,0.0,0.0,5,0,0,0,3.832519669234249,-2.645453300864631e-16
2025-01-23,0.002536896743168482,0.002215860215437848,1.0000000000000002,0.0,0.0,5,0,0,0,3.8422423759012587,-2.645453300864631e-16
2025-01-24,0.005944265976798535,-0.004955544887409791,1.0000000000000002,0.0,0.0,5,0,0,0,3.865081686530942,-2.645453300864631e-16
2025-01-27,-0.05253503784801172,-0.03069347335888617,1.0000000000000002,0.0,0.0,5,0,0,0,3.662029473843382,-2.645453300864631e-16
2025-01-28,0.02920172154546319,0.020254123781643374,1.0000000000000002,0.0,0.0,5,0,0,0,3.7689670388298357,-2.645453300864631e-16
2025-01-29,0.010979601353541035,-0.005131535672895593,1.0000000000000002,0.0,0.0,5,0,0,0,3.8103487944308236,-2.645453300864631e-16
2025-01-30,0.018907281853739688,0.0025175676746096443,1.0000000000000002,0.0,0.0,5,0,0,0,3.8823921330481848,-2.645453300864631e-16
2025-01-31,-0.014096884512524888,-0.0027592366287790826,1.0000000000000002,0.0,0.0,5,0,0,0,3.8276624995162694,-2.645453300864631e-16
2025-02-03,-0.008213554428738057,-0.011997809352776945,0.9999999999999997,0.4477237377609038,0.008517364644198062,5,0,0,0,3.796223785241653,1.547373340571312e-15
2025-02-04,0.06173088529846216,0.013513877205707736,0.9999999999999996,0.0,0.0,5,0,0,0,4.030568040295699,1.547373340571312e-15
2025-02-05,-0.010303539607529721,0.0019494489461990838,0.9999999999999997,0.0,0.0,5,0,0,0,3.9890389228516687,1.547373340571312e-15
2025-02-06,0.014769572560445754,0.005060858694421411,0.9999999999999996,0.0,0.0,5,0,0,0,4.047955322669169,1.547373340571312e-15
2025-02-07,0.001369581669972364,-0.013570535215806534,0.9999999999999996,0.0,0.0,5,0,0,0,4.053499328079964,1.547373340571312e-15
2025-02-10,0.016261286191751267,0.009776328790807032,0.9999999999999996,0.0,0.0,5,0,0,0,4.119414440731943,1.547373340571312e-15
2025-02-11,-0.038158874208115034,-0.0035717275752975564,0.9999999999999997,0.0,0.0,5,0,0,0,3.9622222232769606,1.547373340571312e-15
2025-02-12,0.026316201723722177,0.0003103107737683075,0.9999999999999996,0.0,0.0,5,0,0,0,4.066492862578932,1.547373340571312e-15
2025-02-13,0.09076213163175928,0.015048042460278355,0.9999999999999996,0.0,0.0,5,0,0,0,4.435576423051931,1.547373340571312e-15
2025-02-14,0.03674363961957794,0.004067499548585651,0.9999999999999997,0.0,0.0,5,0,0,0,4.598555644645647,1.547373340571312e-15
2025-02-18,-0.005113202746881651,0.0007233516708189391,0.9999999999999997,0.0,0.0,5,0,0,0,4.575042297291757,1.547373340571312e-15
2025-02-19,-0.03380585998654051,0.0007480667457842038,0.9999999999999996,0.0,0.0,5,0,0,0,4.420379057957011,1.547373340571312e-15
2025-02-20,-0.05279510462039927,-0.004681368183846124,0.9999999999999996,0.0,0.0,5,0,0,0,4.187004683130349,1.547373340571312e-15
2025-02-21,-0.06178022807277128,-0.021959095590560196,0.9999999999999997,0.0,0.0,5,0,0,0,3.928330578864794,1.547373340571312e-15
2025-02-24,-0.041205884559867956,-0.012143004935272983,0.9999999999999997,0.0,0.0,5,0,0,0,3.7664602425190923,1.547373340571312e-15
2025-02-25,-0.06091081430633627,-0.013508586215435159,0.9999999999999997,0.0,0.0,5,0,0,0,3.5370420820948136,1.547373340571312e-15
2025-02-26,-0.0110294564151322,0.002568906055083975,0.8363158830246753,0.16437144924391667,0.0028772463426508335,4,1,0,1,3.4980304306118604,0.5725720221875173
2025-02-27,-0.023940105847193416,-0.02782900977667735,0.8323011549230818,0.0,0.0,4,0,0,0,3.414287211846309,0.5725720221875173
2025-02-28,0.010788004279604024,0.016331669184764808,0.0,0.8347834726484737,0.014465068013628075,0,0,1,1,3.4511205568995043,3.4511205568995043
2025-03-03,-0.004975124378109541,-0.026374517620694427,1.0000000000000002,0.9950248756218908,0.017169754014425397,5,0,0,0,3.4339508028850787,-7.320533068622126e-16
2025-03-04,-0.007141208283032441,-0.0035437940990631356,1.0000000000000002,0.0,0.0,5,0,0,0,3.40942824496799,-7.320533068622126e-16
2025-03-05,0.03268720426329286,0.01463330204767499,1.0000000000000002,0.0,0.0,5,0,0,0,3.5208729224322988,-7.320533068622126e-16
2025-03-06,-0.056374017693284095,-0.026059689616426573,1.0000000000000002,0.0,0.0,5,0,0,0,3.3223871700072953,-7.320533068622126e-16
2025-03-07,0.028012224702728794,0.007026564940064928,1.0000000000000002,0.0,0.0,5,0,0,0,3.4154546259630028,-7.320533068622126e-16
2025-03-10,-0.07837640221506925,-0.0400027243019756,1.0000000000000002,0.0,0.0,5,0,0,0,3.1477635804512074,-7.320533068622126e-16
2025-03-11,0.010828234331942577,-0.0018448594802946694,0.8334627776983405,0.16723413945363486,0.0026627948644252835,4,1,0,1,3.1818483021218875,0.5298961780206306
2025-03-12,0.023003926098230654,0.01217895930681312,0.8372076410920164,0.0,0.0,4,0,0,0,3.25504330531968,0.5298961780206306
2025-03-13,-0.02390421278921062,-0.019573136205077946,0.8332209184375586,0.0,0.0,4,0,0,0,3.177234057511223,0.5298961780206306
2025-03-14,0.024013293016546644,0.026068996292824886,0.8371319174274172,0.0,0.0,4,0,0,0,3.253529909916391,0.5298961780206306
2025-03-17,0.0022593887757160758,0.0030741205324462673,0.8374990702042412,0.0,0.0,4,0,0,0,3.2608808988763127,0.5298961780206306
2025-03-18,-0.026222160858549004,-0.017101052515219317,0.8331231999086869,0.0,0.0,4,0,0,0,3.1753735554054083,0.5298961780206306
2025-03-19,0.009184149362858607,0.014092330231884054,0.8346418736395438,0.0,0.0,4,0,0,0,3.204536660421123,0.5298961780206306
2025-03-20,-0.004834781494407303,-0.0033330345673047157,0.8338385191870259,0.0,0.0,4,0,0,0,3.1890434258771694,0.5298961780206306
2025-03-21,0.016120195948681193,0.00522415490672512,0.8364745809841515,0.0,0.0,4,0,0,0,3.240451430791163,0.5298961780206306
2025-03-24,0.020937723415229703,0.022747404657660786,0.8398282135478107,0.0,0.0,4,0,0,0,3.3082991065895535,0.5298961780206306
2025-03-25,0.0004875348915704958,0.0045777980459160705,0.8399062648296282,0.0,0.0,4,0,0,0,3.3099120178357677,0.5298961780206306
2025-03-26,-0.022839500191655704,-0.020405147140092228,0.8361643402473065,0.0,0.0,4,0,0,0,3.2343152816700442,0.5298961780206306
2025-03-27,-0.013087925763940689,-0.005306571161377005,0.8339916350911867,0.0,0.0,4,0,0,0,3.191984803366368,0.5298961780206306
2025-03-28,-0.02155057393249038,-0.027018765613175844,0.8303352626246425,0.0,0.0,4,0,0,0,3.123195698870035,0.5298961780206306
2025-03-31,-0.005440331473403948,-0.0013683030311937294,0.8294071811430785,0.0,0.0,4,0,0,0,3.106204479011873,0.5298961780206306
2025-04-01,-0.0003516872199709198,0.008705763372179431,0.0,0.8300554212772542,0.012940783359665111,0,0,0,0,3.1051120665939878,3.1051120665939878
2025-04-02,0.0,0.00866230645595012,0.0,0.0,0.0,0,0,0,0,3.1051120665939878,3.1051120665939878
2025-04-03,0.0,-0.05968062047491052,0.0,0.0,0.0,0,0,0,0,3.1051120665939878,3.1051120665939878
2025-04-04,0.0,-0.05817427042170764,0.0,0.0,0.0,0,0,0,0,3.1051120665939878,3.1051120665939878
2025-04-07,0.0,0.000992802948457161,0.0,0.0,0.0,0,0,0,0,3.1051120665939878,3.1051120665939878
2025-04-08,0.0,-0.02149221146499125,0.0,0.0,0.0,0,0,0,0,3.1051120665939878,3.1051120665939878
2025-04-09,0.0,0.12163152801806287,0.0,0.0,0.0,0,0,0,0,3.1051120665939878,3.1051120665939878
2025-04-10,0.0,-0.043075233632343224,0.0,0.0,0.0,0,0,0,0,3.1051120665939878,3.1051120665939878
2025-04-11,0.0,0.020573516319227547,0.0,0.0,0.0,0,0,0,0,3.1051120665939878,3.1051120665939878
2025-04-14,0.0,0.006399568736921157,0.0,0.0,0.0,0,0,0,0,3.1051120665939878,3.1051120665939878
2025-04-15,0.0,-0.0004940978348885183,0.0,0.0,0.0,0,0,0,0,3.1051120665939878,3.1051120665939878
2025-04-16,0.0,-0.03067245122916218,0.0,0.0,0.0,0,0,0,0,3.1051120665939878,3.1051120665939878
2025-04-17,0.0,-0.0012701721051345816,0.0,0.0,0.0,0,0,0,0,3.1051120665939878,3.1051120665939878
2025-04-21,0.0,-0.02551488930308332,0.0,0.0,0.0,0,0,0,0,3.1051120665939878,3.1051120665939878
2025-04-22,0.0,0.027063215644652416,0.0,0.0,0.0,0,0,0,0,3.1051120665939878,3.1051120665939878
2025-04-23,0.0,0.025007505942485686,0.0,0.0,0.0,0,0,0,0,3.1051120665939878,3.1051120665939878
2025-04-24,0.0,0.027411468009182816,0.0,0.0,0.0,0,0,0,0,3.1051120665939878,3.1051120665939878
2025-04-25,0.0,0.012635206611098404,0.0,0.0,0.0,0,0,0,0,3.1051120665939878,3.1051120665939878
2025-04-28,0.0,-0.0009668502844413229,0.0,0.0,0.0,0,0,0,0,3.1051120665939878,3.1051120665939878
2025-04-29,0.0,0.005481105154280463,0.0,0.0,0.0,0,0,0,0,3.1051120665939878,3.1051120665939878
2025-04-30,0.0,-0.0008577015582054148,0.0,0.0,0.0,0,0,0,0,3.1051120665939878,3.1051120665939878
2025-05-01,0.0,0.015154947841271804,0.0,0.0,0.0,0,0,0,0,3.1051120665939878,3.1051120665939878
2025-05-02,0.0,0.015074937410012978,0.0,0.0,0.0,0,0,0,0,3.1051120665939878,3.1051120665939878
2025-05-05,0.0,-0.007425203912719058,0.0,0.0,0.0,0,0,0,0,3.1051120665939878,3.1051120665939878
2025-05-06,0.0,-0.008662851332835064,0.0,0.0,0.0,0,0,0,0,3.1051120665939878,3.1051120665939878
2025-05-07,0.0,0.0027419353981639194,0.0,0.0,0.0,0,0,0,0,3.1051120665939878,3.1051120665939878
2025-05-08,0.0,0.010710049830923385,0.0,0.0,0.0,0,0,0,0,3.1051120665939878,3.1051120665939878
2025-05-09,0.0,4.335642494779357e-05,0.0,0.0,0.0,0,0,0,0,3.1051120665939878,3.1051120665939878
2025-05-12,0.0,0.04347322504048745,0.0,0.0,0.0,0,0,0,0,3.1051120665939878,3.1051120665939878
2025-05-13,0.0,0.016128643092393924,0.0,0.0,0.0,0,0,0,0,3.1051120665939878,3.1051120665939878
2025-05-14,0.0,0.0071922144057858794,0.0,0.0,0.0,0,0,0,0,3.1051120665939878,3.1051120665939878
2025-05-15,0.0,-0.0018013550310416182,0.0,0.0,0.0,0,0,0,0,3.1051120665939878,3.1051120665939878
2025-05-16,0.0,0.005168561863222232,0.0,0.0,0.0,0,0,0,0,3.1051120665939878,3.1051120665939878
2025-05-19,0.0,0.00022701977693961872,0.0,0.0,0.0,0,0,0,0,3.1051120665939878,3.1051120665939878
2025-05-20,0.0,-0.0037859145199149458,0.0,0.0,0.0,0,0,0,0,3.1051120665939878,3.1051120665939878
2025-05-21,0.0,-0.014108354160926151,0.0,0.0,0.0,0,0,0,0,3.1051120665939878,3.1051120665939878
2025-05-22,0.0,0.0028131619469127234,0.0,0.0,0.0,0,0,0,0,3.1051120665939878,3.1051120665939878
2025-05-23,0.0,-0.009961431140025012,0.0,0.0,0.0,0,0,0,0,3.1051120665939878,3.1051120665939878
2025-05-27,0.0,0.024654533623928332,0.0,0.0,0.0,0,0,0,0,3.1051120665939878,3.1051120665939878
2025-05-28,0.0,-0.0051161914908577355,0.0,0.0,0.0,0,0,0,0,3.1051120665939878,3.1051120665939878
2025-05-29,0.0,0.003923032573662999,0.0,0.0,0.0,0,0,0,0,3.1051120665939878,3.1051120665939878
2025-05-30,0.0,-0.003238731616213353,0.0,0.0,0.0,0,0,0,0,3.1051120665939878,3.1051120665939878
2025-06-02,-0.004975124378109541,0.006741094491605759,1.0000000000000002,0.9950248756218908,0.015448318739273575,5,0,0,0,3.089663747854714,-6.938893903907228e-16
2025-06-03,0.012589739271265277,0.008124868361824689,1.0000000000000002,0.0,0.0,5,0,0,0,3.128561808876085,-6.938893903907228e-16
2025-06-04,0.0063952088509962035,0.00317188702464799,1.0000000000000002,0.0,0.0,5,0,0,0,3.148569615047098,-6.938893903907228e-16
2025-06-05,-0.01045152147563111,-0.008326569071753553,1.0000000000000002,0.0,0.0,5,0,0,0,3.1156622720979135,-6.938893903907228e-16
2025-06-06,0.01936706487898232,0.0119959846307236,1.0000000000000002,0.0,0.0,5,0,0,0,3.176003505462631,-6.938893903907228e-16
2025-06-09,-0.004452502784001666,0.0031379082011211423,1.0000000000000002,0.0,0.0,5,0,0,0,3.1618623410125597,-6.938893903907228e-16
2025-06-10,-0.010818575204761594,0.00631670192248146,1.0000000000000002,0.0,0.0,5,0,0,0,3.1276554954892117,-6.938893903907228e-16
2025-06-11,0.019653561369421757,-0.005027205621014774,1.0000000000000002,0.0,0.0,5,0,0,0,3.1891250647122185,-6.938893903907228e-16
2025-06-12,-0.005933533840566274,0.0023760038870555,1.0000000000000002,0.0,0.0,5,0,0,0,3.1702022832189503,-6.938893903907228e-16
2025-06-13,-0.0024744715861294564,-0.013002334537135174,1.0000000000000002,0.0,0.0,5,0,0,0,3.162357707746842,-6.938893903907228e-16
2025-06-16,0.02357549811818127,0.01516923462734976,1.0000000000000002,0.0,0.0,5,0,0,0,3.2369118659348435,-6.938893903907228e-16
2025-06-17,-0.011994840706025078,-0.009142640146790115,1.0000000000000002,0.0,0.0,5,0,0,0,3.1980856237235127,-6.938893903907228e-16
2025-06-18,0.008233297093124925,0.0012899688325833658,1.0000000000000002,0.0,0.0,5,0,0,0,3.22441641279288,-6.938893903907228e-16
2025-06-20,0.0012264231814405058,-0.005057905308947563,1.0000000000000002,0.0,0.0,5,0,0,0,3.2283709118281463,-6.938893903907228e-16
2025-06-23,0.003065835515346782,0.00943901517539869,1.0000000000000002,0.0,0.0,5,0,0,0,3.2382685660263415,-6.938893903907228e-16
2025-06-24,0.026565714376129534,0.014342405598140706,1.0000000000000002,0.0,0.0,5,0,0,0,3.3242954838245957,-6.938893903907228e-16
2025-06-25,-0.0015635467925494417,0.003064402162859192,1.0000000000000002,0.0,0.0,5,0,0,0,3.319097792283375,-6.938893903907228e-16
2025-06-26,0.01983394498297497,0.009730869074350945,1.0000000000000002,0.0,0.0,5,0,0,0,3.3849285952886374,-6.938893903907228e-16
2025-06-27,-0.015805247888022067,0.00523356163330746,1.0000000000000002,0.0,0.0,5,0,0,0,3.3314289597568463,-6.938893903907228e-16
2025-06-30,0.04416276059606816,0.004748572764589731,1.0000000000000002,0.0,0.0,5,0,0,0,3.4785540593493964,-6.938893903907228e-16
2025-07-01,-0.0377603338642335,-0.008190584754928065,1.0,1.2331332460793123,0.020765769436721756,5,0,0,0,3.3472026967035786,5.898059818321144e-17
2025-07-02,0.03015483691108356,0.009416474573687328,1.0,0.0,0.0,5,0,0,0,3.4481370481310143,5.898059818321144e-17
2025-07-03,0.001380715240900443,0.010198042183813705,1.0,0.0,0.0,5,0,0,0,3.4528979435060823,5.898059818321144e-17
2025-07-07,0.004254833075595821,-0.0091538801326142,1.0,0.0,0.0,5,0,0,0,3.467589447882769,5.898059818321144e-17
2025-07-08,-0.006391911142226481,0.0002909978777729805,1.0,0.0,0.0,5,0,0,0,3.44542492425418,5.898059818321144e-17
2025-07-09,0.02659081516491546,0.009446353936584995,1.0,0.0,0.0,5,0,0,0,3.537041581579616,5.898059818321144e-17
2025-07-10,0.01281043446986363,0.0009373480812018276,1.0,0.0,0.0,5,0,0,0,3.5823526209776246,5.898059818321144e-17
2025-07-11,-0.0037368617318681574,-0.0021875209033546117,1.0,0.0,0.0,5,0,0,0,3.5689658645582356,5.898059818321144e-17
2025-07-14,0.019835668665620476,0.002662064080934723,1.0,0.0,0.0,5,0,0,0,3.6397586889265225,5.898059818321144e-17
2025-07-15,-0.0033404946487125553,0.0018153779518059743,1.0,0.0,0.0,5,0,0,0,3.6276000945035585,5.898059818321144e-17
2025-07-16,0.017438403480476206,0.002548143419512927,1.0,0.0,0.0,5,0,0,0,3.690859648617325,5.898059818321144e-17
2025-07-17,0.02038084716636801,0.007484627715022674,1.0,0.0,0.0,5,0,0,0,3.766082495028309,5.898059818321144e-17
2025-07-18,0.008956035163982135,0.0004792764410013195,1.0,0.0,0.0,5,0,0,0,3.79981166228424,5.898059818321144e-17
2025-07-21,-0.013600396069426313,0.003757239541608115,1.0,0.0,0.0,5,0,0,0,3.748132718687949,5.898059818321144e-17
2025-07-22,-0.018901956490876892,-0.0038852550541927933,1.0,0.0,0.0,5,0,0,0,3.6772856771172773,5.898059818321144e-17
2025-07-23,0.01015758204961581,0.006094957659811939,1.0,0.0,0.0,5,0,0,0,3.714638008102473,5.898059818321144e-17
2025-07-24,-0.008317948344127024,0.001804945951526138,1.0,0.0,0.0,5,0,0,0,3.6837398410339457,5.898059818321144e-17
2025-07-25,0.0093214295584092,0.0023914947126881803,1.0,0.0,0.0,5,0,0,0,3.718077562473649,5.898059818321144e-17
2025-07-28,-0.0006224744870992893,0.0033285453318880887,1.0,0.0,0.0,5,0,0,0,3.7157631540499527,5.898059818321144e-17
2025-07-29,-0.013729955008754402,-0.0037910945870781587,1.0,0.0,0.0,5,0,0,0,3.6647458931216597,5.898059818321144e-17
2025-07-30,0.01602785812965357,0.0014873243281801063,1.0,0.0,0.0,5,0,0,0,3.7234839203778445,5.898059818321144e-17
2025-07-31,-0.012061304643979254,-0.000341699610074242,1.0,0.0,0.0,5,0,0,0,3.6785738464772093,5.898059818321144e-17
2025-08-01,-0.05732853125041004,-0.022361042398017283,1.0,0.8861227083579297,0.015432354053176679,5,0,0,0,3.4676866107624997,-1.214306433183765e-17
2025-08-04,0.0368848186866062,0.019537407270559637,1.0,0.0,0.0,5,0,0,0,3.5955916026624464,-1.214306433183765e-17
2025-08-05,-0.025098551148020176,-0.0065086317861381415,1.0,0.0,0.0,5,0,0,0,3.505347462915631,-1.214306433183765e-17
2025-08-06,-0.021377241426406735,0.01208946982174397,1.0,0.0,0.0,5,0,0,0,3.4304128039174415,-1.214306433183765e-17
2025-08-07,0.017621719448947193,0.003461596963922675,1.0,0.0,0.0,5,0,0,0,3.4908625759421508,-1.214306433183765e-17
2025-08-08,0.0002602471665558159,0.00975958799964216,1.0,0.0,0.0,5,0,0,0,3.491771063036375,-1.214306433183765e-17
2025-08-11,0.0017643622031227046,-0.0030125846036507253,0.8425666383548654,0.1580994080790901,0.002767292281187588,4,1,0,1,3.497931811921954,0.5506911639563301
2025-08-12,0.015886186665560187,0.013864599212546791,0.8450285438353309,0.0,0.0,4,0,0,0,3.5535006096295474,0.5506911639563301
2025-08-13,-0.013228226332054782,0.0014408331373172434,0.8429510649776472,0.0,0.0,4,0,0,0,3.5064940992942732,0.5506911639563301
2025-08-14,-0.005581236264773692,-0.00011375600212593096,0.8420696182034547,0.0,0.0,4,0,0,0,3.486923527265077,0.5506911639563301
2025-08-15,-0.00014789001708948035,-0.004039027814433993,0.8420462584219133,0.0,0.0,4,0,0,0,3.48640784608504,0.5506911639563301
2025-08-18,0.0070635332429394015,0.0003140177718334858,0.8431541443374033,0.0,0.0,4,0,0,0,3.5110342038043063,0.5506911639563301
2025-08-19,-0.049119255364046044,-0.014554939789003796,0.8350520225092525,0.0,0.0,4,0,0,0,3.3385748181557426,0.5506911639563301
2025-08-20,-0.0033107025539413915,-0.006666213150863576,0.8345041148596516,0.0,0.0,4,0,0,0,3.32752178997875,0.5506911639563301
2025-08-21,0.009119722439359323,-0.0034265564500969292,0.8359997516049997,0.0,0.0,4,0,0,0,3.357867865114276,0.5506911639563301
2025-08-22,0.03032697847876542,0.018777923167953237,0.8408269881109591,0.0,0.0,4,0,0,0,3.4597018515941347,0.5506911639563301
2025-08-25,-0.011082585852587035,-0.00219756397893045,0.8390431702264334,0.0,0.0,4,0,0,0,3.4213594087994883,0.5506911639563301
2025-08-26,0.013996939955528198,0.004428118599729913,0.8412649748424034,0.0,0.0,4,0,0,0,3.469247971010736,0.5506911639563301
2025-08-27,-0.007769989336456118,0.002129104397596171,0.8400219470771257,0.0,0.0,4,0,0,0,3.4422919512704606,0.5506911639563301
2025-08-28,0.018352234524563027,0.005327431873994426,0.8429049915154719,0.0,0.0,4,0,0,0,3.5054657004621914,0.5506911639563301
2025-08-29,-0.019600881120085734,-0.011500030407516015,0.8397642292212525,0.0,0.0,4,0,0,0,3.436755483996894,0.5506911639563301
2025-09-02,-0.011708238398294601,-0.008199277110118253,1.0000000000000002,1.0376694632471186,0.017714218059356808,5,0,0,0,3.396517131473612,-2.2898349882893854e-16
2025-09-03,-0.0042343336962141764,0.010249238356117907,1.0000000000000002,0.0,0.0,5,0,0,0,3.382135144534044,-2.2898349882893854e-16
2025-09-04,0.025060778712546306,0.009766612567931654,1.0000000000000002,0.0,0.0,5,0,0,0,3.4668940849671377,-2.2898349882893854e-16
2025-09-05,-0.011515522212871554,-0.000336286357507376,1.0000000000000002,0.0,0.0,5,0,0,0,3.4269709891220255,-2.2898349882893854e-16
2025-09-08,0.06348760078516325,0.004530333325806657,1.0000000000000002,0.0,0.0,5,0,0,0,3.6445411551817406,-2.2898349882893854e-16
2025-09-09,0.005200385645132366,0.003706184313743588,1.0000000000000002,0.0,0.0,5,0,0,0,3.6634941746882417,-2.2898349882893854e-16
2025-09-10,0.01375650869236078,0.00030028122227721,1.0000000000000002,0.0,0.0,5,0,0,0,3.7138910641467535,-2.2898349882893854e-16
2025-09-11,0.005086316387388212,0.007173972839332299,1.0000000000000002,0.0,0.0,5,0,0,0,3.7327810891272977,-2.2898349882893854e-16
2025-09-12,-0.004118020129318611,0.004447202680933238,1.0000000000000002,0.0,0.0,5,0,0,0,3.7174094214639317,-2.2898349882893854e-16
2025-09-15,0.012881869676147906,0.009378486163740707,1.0000000000000002,0.0,0.0,5,0,0,0,3.765296605164114,-2.2898349882893854e-16
2025-09-16,0.009084184117819971,-0.0006617819788579116,1.0000000000000002,0.0,0.0,5,0,0,0,3.799501252783627,-2.2898349882893854e-16
2025-09-17,0.01025862344213313,-0.0032519983021370713,1.0000000000000002,0.0,0.0,5,0,0,0,3.8384789054038473,-2.2898349882893854e-16
2025-09-18,0.010858726503500504,0.009406446065890917,1.0000000000000002,0.0,0.0,5,0,0,0,3.8801598980270837,-2.2898349882893854e-16
2025-09-19,0.008606902828639074,0.007153750679216975,1.0000000000000002,0.0,0.0,5,0,0,0,3.913556057228985,-2.2898349882893854e-16
2025-09-22,-0.0033188278909606073,0.006959332752431546,1.0000000000000002,0.0,0.0,5,0,0,0,3.9005676382334156,-2.2898349882893854e-16
2025-09-23,-0.008518815301307603,-0.009456763751602648,1.0000000000000002,0.0,0.0,5,0,0,0,3.8673394229530476,-2.2898349882893854e-16
2025-09-24,-0.029174270412259284,-0.003349950184885264,1.0000000000000002,0.0,0.0,5,0,0,0,3.7545126168518244,-2.2898349882893854e-16
2025-09-25,-0.014891725537230727,-0.005029369473082856,1.0000000000000002,0.0,0.0,5,0,0,0,3.698601445435597,-2.2898349882893854e-16
2025-09-26,-0.007265923833844501,0.004439192841539041,1.0000000000000002,0.0,0.0,5,0,0,0,3.671727689041315,-2.2898349882893854e-16
2025-09-29,0.02839183047546734,0.004762482949039137,1.0000000000000002,0.0,0.0,5,0,0,0,3.7759747591406554,-2.2898349882893854e-16
2025-09-30,0.0017516397999524091,0.0030480962677861267,1.0000000000000002,0.0,0.0,5,0,0,0,3.7825889068123817,-2.2898349882893854e-16
2025-10-01,-0.018988438913650985,0.004199027273156686,1.0,1.5952143569292123,0.02983528400739635,5,0,0,0,3.710763448419921,1.942890293094024e-16
2025-10-02,0.016121625410500107,0.003906366731765365,1.0,0.0,0.0,5,0,0,0,3.7705869867223223,1.942890293094024e-16
2025-10-03,-0.01950324951424609,-0.002781468259787645,1.0,0.0,0.0,5,0,0,0,3.6970482879051074,1.942890293094024e-16
2025-10-06,-0.010005702398632965,0.007074468482048957,1.0,0.0,0.0,5,0,0,0,3.6600567229829535,1.942890293094024e-16
2025-10-07,-0.02380182607920245,-0.006682599828172875,1.0,0.0,0.0,5,0,0,0,3.5729406894224978,1.942890293094024e-16
2025-10-08,0.018213487898858682,0.011190800917661559,1.0,0.0,0.0,5,0,0,0,3.6380164014326346,1.942890293094024e-16
2025-10-09,-0.0035675757987031487,-0.0008136827149489712,1.0,0.0,0.0,5,0,0,0,3.6250375021635985,1.942890293094024e-16
2025-10-10,-0.05922549989323289,-0.03562272227610175,1.0,0.0,0.0,5,0,0,0,3.410342843966243,1.942890293094024e-16
2025-10-13,0.028779963118313434,0.02207577496922908,1.0,0.0,0.0,5,0,0,0,3.508492385236396,1.942890293094024e-16
2025-10-14,-0.0778383610452188,-0.007618989707247614,1.0,0.0,0.0,5,0,0,0,3.2353970882299645,1.942890293094024e-16
2025-10-15,0.024936766683498313,0.0065883126051764496,1.0,0.0,0.0,5,0,0,0,3.3160774305476246,1.942890293094024e-16
2025-10-16,0.01892204696790345,-0.004743697419682724,1.0,0.0,0.0,5,0,0,0,3.378824403437651,1.942890293094024e-16
2025-10-17,0.0038453203268609126,0.005204644512541545,1.0,0.0,0.0,5,0,0,0,3.391817065597084,1.942890293094024e-16
2025-10-20,-0.008495976295457619,0.013693580723431298,1.0,0.0,0.0,5,0,0,0,3.3630002682092424,1.942890293094024e-16
2025-10-21,0.008507245851995693,-0.0016037030883138126,1.0,0.0,0.0,5,0,0,0,3.3916101382912256,1.942890293094024e-16
2025-10-22,-0.00992331158226456,-0.009291324655272826,0.8235898875106948,0.17713956425831115,0.002976769178566007,4,1,0,1,3.3579541341233945,0.5923770665346355
2025-10-23,0.04716912824845476,0.008856484494555783,0.6548532373517445,0.17741327862621026,0.0031220017002541686,3,1,0,1,3.51634590332829,1.213655404885215
2025-10-24,0.011575976980409797,0.01146684218326377,0.6588029268166976,0.0,0.0,3,0,0,0,3.557051042560376,1.213655404885215
2025-10-27,-0.006445201440770987,0.018642207433181124,0.6565895774666095,0.0,0.0,3,0,0,0,3.53412513205597,1.213655404885215
2025-10-28,0.0071061291036647045,0.008039357866708396,0.6590126774036918,0.0,0.0,3,0,0,0,3.5592390815128656,1.213655404885215
2025-10-29,0.043492980448004426,0.005497012064636264,0.6732250920845566,0.0,0.0,3,0,0,0,3.7140409972948776,1.213655404885215
2025-10-30,-0.00883836514200309,-0.0157493362472646,0.6703111819271937,0.0,0.0,3,0,0,0,3.6812149468084163,1.213655404885215
2025-10-31,0.05651297741860617,0.006098941781440548,0.6879462674672111,0.0,0.0,3,0,0,0,3.889251363970436,1.213655404885215
2025-11-03,-0.003796284042934972,0.004626351319454436,1.0,0.8872594876261096,0.01726496778094926,5,0,0,0,3.8744866610784316,-1.5612511283791264e-16
2025-11-04,-0.044188541689107685,-0.020393778487853065,1.0,0.0,0.0,5,0,0,0,3.7032787457314758,-1.5612511283791264e-16
2025-11-05,0.046274421769366025,0.006474038744869182,1.0,0.0,0.0,5,0,0,0,3.8746458283409826,-1.5612511283791264e-16
2025-11-06,-0.011613188780195793,-0.01897079975148719,1.0,0.0,0.0,5,0,0,0,3.829648834880061,-1.5612511283791264e-16
2025-11-07,-0.001462048679580108,-0.0021449649279799976,1.0,0.0,0.0,5,0,0,0,3.824049701857769,-1.5612511283791264e-16
2025-11-10,0.044746242028613326,0.0227185590322605,1.0,0.0,0.0,5,0,0,0,3.995161555346543,-1.5612511283791264e-16
2025-11-11,-0.030077941604657377,-0.0025022133983815253,1.0,0.0,0.0,5,0,0,0,3.8749953193836575,-1.5612511283791264e-16
2025-11-12,-0.020274713667767563,-0.002635043867685316,0.848465512131071,0.1521800856404243,0.0028909055878509927,4,1,0,1,3.796430898819214,0.5752902119823474
2025-11-13,-0.03484315529935511,-0.0229043605910505,0.8429949611807092,0.0,0.0,4,0,0,0,3.664151267428386,0.5752902119823474
2025-11-14,0.014778988451899844,0.001322235995513843,0.8452815434631629,0.0,0.0,4,0,0,0,3.7183037166957242,0.5752902119823474
2025-11-17,0.0015362208292866164,-0.008406770305917854,0.8455188606072299,0.0,0.0,4,0,0,0,3.7240158523149263,0.5752902119823474
2025-11-18,-0.02157682370153491,-0.012119920363113268,0.84211214213343,0.0,0.0,4,0,0,0,3.643663418807806,0.5752902119823474
2025-11-19,-0.0023440039625106657,0.005856589777937238,0.8417411828389021,0.0,0.0,4,0,0,0,3.635122657316065,0.5752902119823474
2025-11-20,-0.057800703122924846,-0.021546491947653457,0.8320325458895504,0.0,0.0,4,0,0,0,3.4250100117851217,0.5752902119823474
2025-11-21,0.004673908776112734,0.00883366058143742,0.8328139581975744,0.0,0.0,4,0,0,0,3.441018196137478,0.5752902119823474
2025-11-24,0.0429632342093369,0.026890308839190524,0.8397009249044448,0.0,0.0,4,0,0,0,3.5888554668167227,0.5752902119823474
2025-11-25,0.014561554791035158,0.006714757469938215,0.8420016268716478,0.0,0.0,4,0,0,0,3.6411147823338808,0.5752902119823474
2025-11-26,0.025444512886944715,0.008212601718349033,0.8459220648774669,0.0,0.0,4,0,0,0,3.7337611743358203,0.5752902119823474
2025-11-28,0.01740575733833305,0.006504502106209564,0.8485580271084555,0.0,0.0,4,0,0,0,3.7987501152955994,0.5752902119823474
2025-12-01,-0.005757604943951722,-0.00384195801621956,1.0000000000000002,0.6488239996818868,0.01229252521757991,5,0,0,0,3.776878412850936,-2.896988204881268e-16
2025-12-02,0.008165869793739455,0.005918133418571614,1.0000000000000002,0.0,0.0,5,0,0,0,3.807719910197062,-2.896988204881268e-16
2025-12-03,-0.007858219029490687,0.001726341919058516,1.0000000000000002,0.0,0.0,5,0,0,0,3.7777980131397806,-2.896988204881268e-16
2025-12-04,-0.0005324473877699187,0.0021765926539891733,1.0000000000000002,0.0,0.0,5,0,0,0,3.775786534456162,-2.896988204881268e-16
2025-12-05,0.03814310078970995,0.003105278249778687,1.0000000000000002,0.0,0.0,5,0,0,0,3.9198067408003534,-2.896988204881268e-16
2025-12-08,0.019518679220006607,-0.0013669447068108687,1.0000000000000002,0.0,0.0,5,0,0,0,3.9963161911784555,-2.896988204881268e-16
2025-12-09,0.023711788154451074,0.0012991646103992505,1.0,0.0,0.0,5,0,0,0,4.091075994101882,-2.896988204881268e-16
2025-12-10,0.03708906511598076,0.0032943835151033607,1.0,0.0,0.0,5,0,0,0,4.242810178041552,-2.896988204881268e-16
2025-12-11,-0.0007110006037556182,-0.0025492344686938173,1.0,0.0,0.0,5,0,0,0,4.239793537443344,-2.896988204881268e-16
2025-12-12,-0.05532946322552823,-0.01689804042238119,1.0,0.0,0.0,5,0,0,0,4.00520803682954,-2.896988204881268e-16
2025-12-15,-0.005227461357128704,-0.005939167507718168,1.0000000000000002,0.0,0.0,5,0,0,0,3.984270966589752,-2.896988204881268e-16
2025-12-16,-0.019432609811105506,0.0023441488007542866,1.0000000000000002,0.0,0.0,5,0,0,0,3.9068461835142974,-2.896988204881268e-16
2025-12-17,-0.024635439003462545,-0.018092323029354263,1.0000000000000002,0.0,0.0,5,0,0,0,3.8105993126644204,-2.896988204881268e-16
2025-12-18,0.036273015976417744,0.013794367681767117,1.0000000000000002,0.0,0.0,5,0,0,0,3.9488212424124236,-2.896988204881268e-16
2025-12-19,0.04541982369794817,0.013094639916962025,1.0,0.0,0.0,5,0,0,0,4.128176007057508,-2.896988204881268e-16
2025-12-22,0.019358952155325904,0.005200445176298585,1.0,0.0,0.0,5,0,0,0,4.208093168866899,-2.896988204881268e-16
2025-12-23,0.0029203192490554475,0.005677193440730921,1.0,0.0,0.0,5,0,0,0,4.22038214434976,-2.896988204881268e-16
2025-12-24,0.013722943445032554,0.002184464371203676,1.0,0.0,0.0,5,0,0,0,4.278298209833096,-2.896988204881268e-16
2025-12-26,-0.005114203148140151,-0.0008558732342057729,1.0,0.0,0.0,5,0,0,0,4.256418123659685,-2.896988204881268e-16
2025-12-29,-0.0030301653789370775,-0.005033251247186676,1.0,0.0,0.0,5,0,0,0,4.243520472823091,-2.896988204881268e-16
2025-12-30,-0.0021519370263304305,-0.002354484788716027,1.0,0.0,0.0,5,0,0,0,4.234388683995632,-2.896988204881268e-16
2025-12-31,-0.013624006985462067,-0.007561782956461149,1.0,0.0,0.0,5,0,0,0,4.176699342985714,-2.896988204881268e-16
