date,strategy,benchmark,invested,turnover,transaction_cost,holdings,stock_stop_exits,portfolio_stop_exits,stop_exits,portfolio_value,cash
2020-01-02,-0.0009990009990009652,0.013328444969281872,1.0,0.999000999000999,0.000999000999000999,5,0,0,0,0.999000999000999,-3.382710778154774e-17
2020-01-03,-0.01776078444290785,-0.007855191857838673,1.0,0.0,0.0,5,0,0,0,0.9812579575994926,-3.382710778154774e-17
2020-01-06,-0.00031087725196876637,0.005619309971283348,1.0,0.0,0.0,5,0,0,0,0.9809529068221616,-3.382710778154774e-17
2020-01-07,-0.0006841612662991103,-0.00031746819144873317,1.0,0.0,0.0,5,0,0,0,0.9802817768392504,-3.382710778154774e-17
2020-01-08,0.011502430396947316,0.006689040547814162,1.0,0.0,0.0,5,0,0,0,0.9915573997467397,-3.382710778154774e-17
2020-01-09,0.011251528656261556,0.008126579909684128,1.0,0.0,0.0,5,0,0,0,1.0027139362443183,-3.382710778154774e-17
2020-01-10,-0.0033846321542554403,-0.0026695808846131097,1.0,0.0,0.0,5,0,0,0,0.9993201184141857,-3.382710778154774e-17
2020-01-13,0.01566518918187243,0.010357418661689266,1.0,0.0,0.0,5,0,0,0,1.014974657122395,-3.382710778154774e-17
2020-01-14,-0.006437917056685616,-0.002436895763831548,1.0,0.0,0.0,5,0,0,0,1.008440334465203,-3.382710778154774e-17
2020-01-15,-0.017004062612229087,0.0007966530131704452,1.0,0.0,0.0,5,0,0,0,0.9912927518772595,-3.382710778154774e-17
2020-01-16,0.016668411397884553,0.010631049485758437,1.0,0.0,0.0,5,0,0,0,1.0078160272812908,-3.382710778154774e-17
2020-01-17,0.0052274574192898715,0.0033996001273852716,1.0,0.0,0.0,5,0,0,0,1.0130843426503817,-3.382710778154774e-17
2020-01-21,-0.01686043130977377,-0.001931080529598339,1.0,0.0,0.0,5,0,0,0,0.9960033036801177,-3.382710778154774e-17
2020-01-22,0.007750030410733411,0.0013830075044956036,1.0,0.0,0.0,5,0,0,0,1.0037223595728295,-3.382710778154774e-17
2020-01-23,0.0032305025616901073,0.0019939748093769083,1.0,0.0,0.0,5,0,0,0,1.0069648872266552,-3.382710778154774e-17
2020-01-24,-0.030730897061375884,-0.00931353167922011,1.0,0.0,0.0,5,0,0,0,0.9760199529328729,-3.382710778154774e-17
2020-01-27,-0.02946954529489476,-0.018851561231368552,1.0,0.0,0.0,5,0,0,0,0.9472570887211965,-3.382710778154774e-17
2020-01-28,0.024800045198751786,0.014264764594472235,1.0,0.0,0.0,5,0,0,0,0.9707491073363202,-3.382710778154774e-17
2020-01-29,-0.024802847611277823,0.0005912286268099365,1.0,0.0,0.0,5,0,0,0,0.9466717651582736,-3.382710778154774e-17
2020-01-30,0.00038127825836742346,0.002562705062495896,1.0,0.0,0.0,5,0,0,0,0.9470327105201388,-3.382710778154774e-17
2020-01-31,-0.02711437770717251,-0.015914659511836238,1.0,0.0,0.0,5,0,0,0,0.9213545079060484,-3.382710778154774e-17
2020-02-03,0.008601098947255803,0.013382231185769866,1.0000000000000002,1.2008967878758734,0.0011173101434874687,5,0,0,0,0.9292791691940486,-2.0860049798621105e-16
2020-02-04,0.04161029212881706,0.020981440637460214,1.0000000000000002,0.0,0.0,5,0,0,0,0.9679467468934374,-2.0860049798621105e-16
2020-02-05,0.005453996548248297,0.004299760274898423,1.0000000000000002,0.0,0.0,5,0,0,0,0.9732259251098825,-2.0860049798621105e-16
2020-02-06,0.010063436169619466,0.0066750276592026925,1.0000000000000002,0.0,0.0,5,0,0,0,0.9830199220858447,-2.0860049798621105e-16
2020-02-07,-0.014350173282070666,-0.005394879712713352,1.0000000000000002,0.0,0.0,5,0,0,0,0.9689134158641852,-2.0860049798621105e-16
2020-02-10,0.015517494508320295,0.011331304968563938,1.0000000000000002,0.0,0.0,5,0,0,0,0.9839485244738955,-2.0860049798621105e-16
2020-02-11,0.015201419440356467,0.0010958011088375574,1.0000000000000002,0.0,0.0,5,0,0,0,0.9989059387021431,-2.0860049798621105e-16
2020-02-12,0.01753077306747608,0.009027921782771786,1.0000000000000002,0.0,0.0,5,0,0,0,1.0164175320292845,-2.0860049798621105e-16
2020-02-13,0.00023182175171587716,-0.001438449263620245,1.0000000000000002,0.0,0.0,5,0,0,0,1.0166531597220343,-2.0860049798621105e-16
2020-02-14,-0.002310293934658425,0.001977971574602444,1.0000000000000002,0.0,0.0,5,0,0,0,1.0143043920934771,-2.0860049798621105e-16
2020-02-18,-0.005173768341366403,0.0001603608244948873,1.0000000000000002,0.0,0.0,5,0,0,0,1.009056616141155,-2.0860049798621105e-16
2020-02-19,0.10785894534230533,0.008675819786086558,1.0000000000000002,0.0,0.0,5,0,0,0,1.1178923985488154,-2.0860049798621105e-16
2020-02-20,-0.007234650142931787,-0.006745287549335677,1.0000000000000002,0.0,0.0,5,0,0,0,1.1098048381478718,-2.0860049798621105e-16
2020-02-21,-0.026442301130795376,-0.017882362352014458,1.0000000000000002,0.0,0.0,5,0,0,0,1.0804590444211521,-2.0860049798621105e-16
2020-02-24,-0.05291732434444951,-0.037101881506922174,1.0000000000000002,0.0,0.0,5,0,0,0,1.023284042726624,-2.0860049798621105e-16
2020-02-25,-0.042133477629392124,-0.027726074002977774,1.0000000000000002,0.0,0.0,5,0,0,0,0.980169527403888,-2.0860049798621105e-16
2020-02-26,0.01016153373570905,0.0016908051235420274,1.0000000000000002,0.0,0.0,5,0,0,0,0.9901295531233165,-2.0860049798621105e-16
2020-02-27,-0.048929649967113464,-0.04613067955925165,1.0000000000000002,0.0,0.0,5,0,0,0,0.9416828606668982,-2.0860049798621105e-16
2020-02-28,0.027056812051377888,0.0001038466147211814,1.0000000000000002,0.0,0.0,5,0,0,0,0.9671617968399664,-2.0860049798621105e-16
2020-03-02,0.03379760283893707,0.044914576527982586,1.0000000000000002,1.2322812920005841,0.0012336160537287624,5,0,0,0,0.9998495471305564,-1.3682631416767066e-16
2020-03-03,-0.016034612327025743,-0.029945823525981186,1.0000000000000002,0.0,0.0,5,0,0,0,0.9838173472569657,-1.3682631416767066e-16
2020-03-04,0.048534456455386676,0.03846114074039164,1.0000000000000002,0.0,0.0,5,0,0,0,1.031566387457463,-1.3682631416767066e-16
2020-03-05,-0.0017378284693415624,-0.030993259792112537,1.0000000000000002,0.0,0.0,5,0,0,0,1.0297737020213236,-1.3682631416767066e-16
2020-03-06,-0.011609984856912225,-0.018649427851619715,1.0000000000000002,0.0,0.0,5,0,0,0,1.0178180449348095,-1.3682631416767066e-16
2020-03-09,-0.0925861456909498,-0.07287401875463217,1.0000000000000002,0.0,0.0,5,0,0,0,0.9235821951395976,-1.3682631416767066e-16
2020-03-10,0.03883710479348346,0.04950139989280422,1.0000000000000002,0.0,0.0,5,0,0,0,0.9594514536376296,-1.3682631416767066e-16
2020-03-11,-0.046181272539199125,-0.047002450789465855,1.0000000000000002,0.0,0.0,5,0,0,0,0.9151427645690595,-1.3682631416767066e-16
2020-03-12,-0.10679298587155917,-0.09434674315042646,1.0000000000000002,0.0,0.0,5,0,0,0,0.8174119362419764,-1.3682631416767066e-16
2020-03-13,0.052417991989448964,0.09336974349106453,0.8515414074594285,0.14858511892186582,0.0001278406852868097,4,1,0,1,0.8602590285679882,0.12771284460152274
2020-03-16,-0.09457385846883848,-0.12314095473462161,0.8360345634713905,0.0,0.0,4,0,0,0,0.7789010129536588,0.12771284460152274
2020-03-17,0.05573912320061436,0.06230493229300893,0.4718627328782676,0.3730625737258979,0.00030688991416772597,2,2,0,2,0.822316272475766,0.434295868855081
2020-03-18,-0.017642398257393443,-0.047027996668693506,0.46237778769679344,0.0,0.0,2,0,0,0,0.8078086413032133,0.434295868855081
2020-03-19,0.006223791827015157,0.022996278112125124,0.465703140126474,0.0,0.0,2,0,0,0,0.8128362741227484,0.434295868855081
2020-03-20,-0.028286518416518747,-0.03790742795818758,0.45014979209422057,0.0,0.0,2,0,0,0,0.7898439658851608,0.434295868855081
2020-03-23,0.020188031726666056,-0.00274003128125222,0.46103052495611124,0.0,0.0,2,0,0,0,0.8057893609275663,0.434295868855081
2020-03-24,0.020691372032243027,0.08121510116672437,0.47195647008284597,0.0,0.0,2,0,0,0,0.822462248374142,0.434295868855081
2020-03-25,-0.018477791037937452,-0.00452555055670445,0.4620157087677639,0.0,0.0,2,0,0,0,0.8072649628120924,0.434295868855081
2020-03-26,0.026982899566608154,0.05596340338746186,0.4761506822954226,0.0,0.0,2,0,0,0,0.8290473122272928,0.434295868855081
2020-03-27,-0.006118502241175938,-0.037852976708038666,0.47292577748369063,0.0,0.0,2,0,0,0,0.8239747843893892,0.434295868855081
2020-03-30,0.018806451014796277,0.03622450523999721,0.4826551971757641,0.0,0.0,2,0,0,0,0.8394708258094357,0.434295868855081
2020-03-31,-0.0041086572129376275,-0.009525131487367,0.480520835358991,0.0,0.0,2,0,0,0,0.836021727945923,0.434295868855081
2020-04-01,-0.005345585025433142,-0.04409293328537367,0.0,0.47797862565450494,0.0003976544883493469,0,0,0,0,0.8315527027160785,0.8315527027160785
2020-04-02,0.0,0.017217392960644506,0.0,0.0,0.0,0,0,0,0,0.8315527027160785,0.8315527027160785
2020-04-03,0.0,-0.015256480428131214,0.0,0.0,0.0,0,0,0,0,0.8315527027160785,0.8315527027160785
2020-04-06,0.0,0.07326111918952294,0.0,0.0,0.0,0,0,0,0,0.8315527027160785,0.8315527027160785
2020-04-07,0.0,-0.0032831557419424895,0.0,0.0,0.0,0,0,0,0,0.8315527027160785,0.8315527027160785
2020-04-08,0.0,0.025818865507638122,0.0,0.0,0.0,0,0,0,0,0.8315527027160785,0.8315527027160785
2020-04-09,0.0,0.007746999811479638,0.0,0.0,0.0,0,0,0,0,0.8315527027160785,0.8315527027160785
2020-04-13,0.0,0.004763527128408329,0.0,0.0,0.0,0,0,0,0,0.8315527027160785,0.8315527027160785
2020-04-14,0.0,0.03946578714794624,0.0,0.0,0.0,0,0,0,0,0.8315527027160785,0.8315527027160785
2020-04-15,0.0,-0.014392230988916177,0.0,0.0,0.0,0,0,0,0,0.8315527027160785,0.8315527027160785
2020-04-16,0.0,0.016582595032488046,0.0,0.0,0.0,0,0,0,0,0.8315527027160785,0.8315527027160785
2020-04-17,0.0,0.013803823851603836,0.0,0.0,0.0,0,0,0,0,0.8315527027160785,0.8315527027160785
2020-04-20,0.0,-0.010336145326487078,0.0,0.0,0.0,0,0,0,0,0.8315527027160785,0.8315527027160785
2020-04-21,0.0,-0.03475170722872312,0.0,0.0,0.0,0,0,0,0,0.8315527027160785,0.8315527027160785
2020-04-22,0.0,0.02809426652203406,0.0,0.0,0.0,0,0,0,0,0.8315527027160785,0.8315527027160785
2020-04-23,0.0,-7.414618385692684e-05,0.0,0.0,0.0,0,0,0,0,0.8315527027160785,0.8315527027160785
2020-04-24,0.0,0.016453633126342737,0.0,0.0,0.0,0,0,0,0,0.8315527027160785,0.8315527027160785
2020-04-27,0.0,0.011076551509322519,0.0,0.0,0.0,0,0,0,0,0.8315527027160785,0.8315527027160785
2020-04-28,0.0,-0.014023763275271883,0.0,0.0,0.0,0,0,0,0,0.8315527027160785,0.8315527027160785
2020-04-29,0.0,0.03566323318324138,0.0,0.0,0.0,0,0,0,0,0.8315527027160785,0.8315527027160785
2020-04-30,0.0,-0.0028223240015657902,0.0,0.0,0.0,0,0,0,0,0.8315527027160785,0.8315527027160785
2020-05-01,-0.0009990009990009652,-0.03201507459916597,1.000000000000001,0.9990009990010001,0.0008307219807353441,5,0,0,0,0.8307219807353432,-9.27318118126852e-16
2020-05-04,0.02381589334947387,0.012290576649705676,1.000000000000001,0.0,0.0,5,0,0,0,0.8505063668315999,-9.27318118126852e-16
2020-05-05,0.01982610154924358,0.011297598014398558,1.000000000000001,0.0,0.0,5,0,0,0,0.8673685924286814,-9.27318118126852e-16
2020-05-06,0.03304875229014459,0.005138935499358288,1.0000000000000009,0.0,0.0,5,0,0,0,0.8960340421841082,-9.27318118126852e-16
2020-05-07,0.041850220096037116,0.014147852721547283,1.0000000000000009,0.0,0.0,5,0,0,0,0.9335332640630549,-9.27318118126852e-16
2020-05-08,0.00993481144340258,0.015775663760639658,1.0000000000000009,0.0,0.0,5,0,0,0,0.9428077410176656,-9.27318118126852e-16
2020-05-11,0.04253628881189342,0.00778609868573521,1.0000000000000009,0.0,0.0,5,0,0,0,0.9829112833836819,-9.27318118126852e-16
2020-05-12,-0.024433323856660083,-0.02064653876263356,1.0000000000000009,0.0,0.0,5,0,0,0,0.9588954936744031,-9.27318118126852e-16
2020-05-13,0.0031185392928085864,-0.015482269256649972,1.0000000000000009,0.0,0.0,5,0,0,0,0.9618858469491238,-9.27318118126852e-16
2020-05-14,-0.0047876156388092506,0.009088148022526221,1.0000000000000009,0.0,0.0,5,0,0,0,0.9572807072255209,-9.27318118126852e-16
2020-05-15,0.02155592131526518,0.007920630607419543,1.0000000000000009,0.0,0.0,5,0,0,0,0.9779157748270956,-9.27318118126852e-16
2020-05-18,0.0011760053020266614,0.02443497073334555,1.0000000000000009,0.0,0.0,5,0,0,0,0.9790658089632277,-9.27318118126852e-16
2020-05-19,0.010384538843143831,-0.005385101778970447,1.0000000000000009,0.0,0.0,5,0,0,0,0.9892329558864004,-9.27318118126852e-16
2020-05-20,-0.001811969940034519,0.020759785773036166,1.0000000000000009,0.0,0.0,5,0,0,0,0.9874404955066427,-9.27318118126852e-16
2020-05-21,-0.0268897960107517,-0.009695235712807837,1.0000000000000009,0.0,0.0,5,0,0,0,0.9608884220097135,-9.27318118126852e-16
2020-05-22,-0.009676820604210046,0.004276835072470897,1.0000000000000009,0.0,0.0,5,0,0,0,0.951590077129263,-9.27318118126852e-16
2020-05-26,-0.021328142761464886,0.0016762024212582105,1.0000000000000009,0.0,0.0,5,0,0,0,0.9312944281138568,-9.27318118126852e-16
2020-05-27,-0.013112065711314846,0.007723662003368048,1.0000000000000009,0.0,0.0,5,0,0,0,0.9190832343758465,-9.27318118126852e-16
2020-05-28,0.007330539856567508,-0.004607792111317677,1.0000000000000009,0.0,0.0,5,0,0,0,0.9258206106569417,-9.27318118126852e-16
2020-05-29,0.05665980055867248,0.01290212684820613,1.0000000000000009,0.0,0.0,5,0,0,0,0.9782774218098724,-9.27318118126852e-16
2020-06-01,0.025425388339748833,0.006552218243746077,1.0,0.854945827516319,0.0008583732013472771,5,0,0,0,1.0031505051633967,-9.259086553026208e-17
2020-06-02,0.014530730176155249,0.005897174028552499,1.0,0.0,0.0,5,0,0,0,1.01772701448,-9.259086553026208e-17
2020-06-03,0.012099184257883477,0.007756801955759451,1.0,0.0,0.0,5,0,0,0,1.030040681152419,-9.259086553026208e-17
2020-06-04,-0.032306231584131595,-0.006929796787746745,1.0000000000000002,0.0,0.0,5,0,0,0,0.9967639483660323,-9.259086553026208e-17
2020-06-05,0.01057274105171091,0.020619220663437243,1.0,0.0,0.0,5,0,0,0,1.0073024754817874,-9.259086553026208e-17
2020-06-08,0.003912256869827546,0.011276645276208974,1.0,0.0,0.0,5,0,0,0,1.0112433015114852,-9.259086553026208e-17
2020-06-09,0.005149265469222897,0.0029219879593944675,1.0,0.0,0.0,5,0,0,0,1.0164504617249412,-9.259086553026208e-17
2020-06-10,0.025124615785210525,0.006685902298128932,1.0,0.0,0.0,5,0,0,0,1.0419883890404802,-9.259086553026208e-17
2020-06-11,-0.031776647227274024,-0.0526500514485605,1.0,0.0,0.0,5,0,0,0,1.0088774915870253,-9.259086553026208e-17
2020-06-12,-0.005831744098021341,0.010121334425326811,1.0,0.0,0.0,5,0,0,0,1.002993976229836,-9.259086553026208e-17
2020-06-15,0.042197819603598585,0.014309377881483787,1.0,0.0,0.0,5,0,0,0,1.0453181351022787,-9.259086553026208e-17
2020-06-16,0.010418737917267773,0.01746352657425776,1.0,0.0,0.0,5,0,0,0,1.0562090307920764,-9.259086553026208e-17
2020-06-17,0.0018916655105809532,0.0014814462853549593,1.0,0.0,0.0,5,0,0,0,1.05820702498759,-9.259086553026208e-17
2020-06-18,0.006755167098019932,0.003281307762108332,1.0,0.0,0.0,5,0,0,0,1.0653553902656796,-9.259086553026208e-17
2020-06-19,0.012182263927208448,0.00030878855700788854,1.0,0.0,0.0,5,0,0,0,1.0783338308061703,-9.259086553026208e-17
2020-06-22,0.012327451735566708,0.011097784753272721,1.0,0.0,0.0,5,0,0,0,1.0916269390602622,-9.259086553026208e-17
2020-06-23,0.0026571965630413086,0.007447959031472218,1.0,0.0,0.0,5,0,0,0,1.0945276064108564,-9.259086553026208e-17
2020-06-24,-0.019786431203257515,-0.021934825515335432,1.0,0.0,0.0,5,0,0,0,1.072870811226542,-9.259086553026208e-17
2020-06-25,0.01522366563819344,0.010881849951931866,1.0,0.0,0.0,5,0,0,0,1.0892038377296323,-9.259086553026208e-17
2020-06-26,-0.017682769177017277,-0.025933942298093315,1.0,0.0,0.0,5,0,0,0,1.0699436976803378,-9.259086553026208e-17
2020-06-29,-0.00035517800610951333,0.011984018357196646,1.0,0.0,0.0,5,0,0,0,1.0695636772111463,-9.259086553026208e-17
2020-06-30,0.03001026886847402,0.01870028230479459,1.0,0.0,0.0,5,0,0,0,1.1016615707362065,-9.259086553026208e-17
2020-07-01,-0.001337427592850604,0.00952397919282566,1.0000000000000002,1.1997600479904023,0.0013215473611453707,5,0,0,0,1.1001881781535208,-1.6740081543176188e-16
2020-07-02,0.012520946440862657,0.005219309681102624,1.0000000000000002,0.0,0.0,5,0,0,0,1.1139635754070512,-1.6740081543176188e-16
2020-07-06,0.011021690317240429,0.022140366869405792,1.0000000000000002,0.0,0.0,5,0,0,0,1.1262413369598736,-1.6740081543176188e-16
2020-07-07,0.00542183231948945,-0.008597148006331268,1.0000000000000002,0.0,0.0,5,0,0,0,1.1323476286401477,-1.6740081543176188e-16
2020-07-08,0.01731012206790683,0.014365915588282263,1.0000000000000002,0.0,0.0,5,0,0,0,1.1519487043152135,-1.6740081543176188e-16
2020-07-09,0.012286736480847882,0.00527041219919,1.0000000000000002,0.0,0.0,5,0,0,0,1.1661023944845887,-1.6740081543176188e-16
2020-07-10,-0.006247062561993477,0.006598589404398725,1.0000000000000002,0.0,0.0,5,0,0,0,1.1588176798725531,-1.6740081543176188e-16
2020-07-13,-0.04760716178790714,-0.021342380569917996,1.0000000000000002,0.0,0.0,5,0,0,0,1.1036496591041733,-1.6740081543176188e-16
2020-07-14,0.0027657904233135966,0.009410276579479238,1.0000000000000002,0.0,0.0,5,0,0,0,1.106702122762017,-1.6740081543176188e-16
2020-07-15,-0.006919625471498492,0.005902619745450588,1.0000000000000002,0.0,0.0,5,0,0,0,1.0990441585639916,-1.6740081543176188e-16
2020-07-16,-0.008408583699777039,-0.007266022577794629,1.0000000000000002,0.0,0.0,5,0,0,0,1.0898027537669552,-1.6740081543176188e-16
2020-07-17,0.0018332049212697044,0.0028032056773577008,1.0000000000000002,0.0,0.0,5,0,0,0,1.0918005855383741,-1.6740081543176188e-16
2020-07-20,0.042776524202265076,0.025125641824030875,1.0000000000000002,0.0,0.0,5,0,0,0,1.1385040197097036,-1.6740081543176188e-16
2020-07-21,-0.026123499119556692,-0.008055045663313831,1.0000000000000002,0.0,0.0,5,0,0,0,1.1087623109532054,-1.6740081543176188e-16
2020-07-22,0.001708236716225775,0.0024127931113635537,1.0000000000000002,0.0,0.0,5,0,0,0,1.110656339442343,-1.6740081543176188e-16
2020-07-23,-0.028832925052543645,-0.02285882034739739,1.0000000000000002,0.0,0.0,5,0,0,0,1.0786328684480695,-1.6740081543176188e-16
2020-07-24,-0.006299439403578244,-0.009386907703102687,1.0000000000000002,0.0,0.0,5,0,0,0,1.071838086054573,-1.6740081543176188e-16
2020-07-27,0.029981309249604626,0.01670329595678388,1.0000000000000002,0.0,0.0,5,0,0,0,1.1039731951780796,-1.6740081543176188e-16
2020-07-28,-0.0175177055068243,-0.012736938256066033,1.0000000000000002,0.0,0.0,5,0,0,0,1.084634117857522,-1.6740081543176188e-16
2020-07-29,0.018067814841232543,0.013535805790592548,1.0000000000000002,0.0,0.0,5,0,0,0,1.1042310862694553,-1.6740081543176188e-16
2020-07-30,0.015506412324662655,0.004258733204005161,1.0000000000000002,0.0,0.0,5,0,0,0,1.1213537487948597,-1.6740081543176188e-16
2020-07-31,0.029170907563267123,0.014875611833914837,1.0000000000000002,0.0,0.0,5,0,0,0,1.1540646553466776,-1.6740081543176188e-16
2020-08-03,0.04043772862825823,0.014657571490001686,1.0,0.4211927307791228,0.000505952865824149,5,0,0,0,1.200732408699051,7.28583859910259e-17
2020-08-04,0.007499777893561266,0.0035220677903302633,1.0,0.0,0.0,5,0,0,0,1.2097376350738946,7.28583859910259e-17
2020-08-05,0.02465397664034663,0.005227963930319213,1.0,0.0,0.0,5,0,0,0,1.2395624784699546,7.28583859910259e-17
2020-08-06,-0.015248914399088154,0.009974104961663288,1.0,0.0,0.0,5,0,0,0,1.2206604963434446,7.28583859910259e-17
2020-08-07,-0.005338250935353783,-0.008741333215989466,1.0,0.0,0.0,5,0,0,0,1.2141443043070899,7.28583859910259e-17
2020-08-10,-0.028282922829571233,-0.003868822087003898,1.0,0.0,0.0,5,0,0,0,1.179804754644409,7.28583859910259e-17
2020-08-11,-0.04508818904433887,-0.016921391746420933,1.0,0.0,0.0,5,0,0,0,1.1266094948315921,7.28583859910259e-17
2020-08-12,0.03015615642192304,0.021274660037738924,1.0,0.0,0.0,5,0,0,0,1.1605837069841574,7.28583859910259e-17
2020-08-13,0.03525687825143331,0.0027514755861413054,1.0,0.0,0.0,5,0,0,0,1.201502265441895,7.28583859910259e-17
2020-08-14,-0.0011679060933629248,-0.002100991623273707,1.0,0.0,0.0,5,0,0,0,1.200099023624896,7.28583859910259e-17
2020-08-17,0.05030688380868664,0.010018821704079528,1.0,0.0,0.0,5,0,0,0,1.260472265765312,7.28583859910259e-17
2020-08-18,0.0151467031727619,0.007286773097446186,1.0,0.0,0.0,5,0,0,0,1.2795642650323578,7.28583859910259e-17
2020-08-19,-0.010201464054424791,-0.005735522990964581,1.0,0.0,0.0,5,0,0,0,1.2665108361773036,7.28583859910259e-17
2020-08-20,0.03435723867213425,0.01063113981967434,1.0,0.0,0.0,5,0,0,0,1.3100246512566915,7.28583859910259e-17
2020-08-21,0.0010949342059032308,0.004154442964935612,1.0,0.0,0.0,5,0,0,0,1.3114590420579288,7.28583859910259e-17
2020-08-24,-0.008006490008126144,0.0060026168426352555,1.0,0.0,0.0,5,0,0,0,1.3009588583416254,7.28583859910259e-17
2020-08-25,0.005876837209416008,0.007627599890549064,1.0,0.0,0.0,5,0,0,0,1.308604381768247,7.28583859910259e-17
2020-08-26,0.027406163779831072,0.01731998430209747,1.0,0.0,0.0,5,0,0,0,1.3444682077779921,7.28583859910259e-17
2020-08-27,0.0016705978341047256,-0.0034118697109108975,1.0,0.0,0.0,5,0,0,0,1.3467142734539288,7.28583859910259e-17
2020-08-28,0.0006720099475145958,0.006047138672500951,1.0,0.0,0.0,5,0,0,0,1.3476192788421497,7.28583859910259e-17
2020-08-31,0.0486590364728694,0.00683166342322461,1.0,0.0,0.0,5,0,0,0,1.4131931344828719,7.28583859910259e-17
2020-09-01,0.08794305728061746,0.013944223175236692,1.0000000000000002,1.199760047990402,0.0018468152063150446,5,0,0,0,1.5374736592572744,-1.3335686721571705e-16
2020-09-02,-0.0374507759530468,0.009774131514625584,1.0000000000000002,0.0,0.0,5,0,0,0,1.4798940777107192,-1.3335686721571705e-16
2020-09-03,-0.08353623091029205,-0.04962516009338913,1.0000000000000002,0.0,0.0,5,0,0,0,1.3562693043123029,-1.3335686721571705e-16
2020-09-04,-0.0027003668423272176,-0.012654803594131736,1.0000000000000002,0.0,0.0,5,0,0,0,1.3526068796536717,-1.3335686721571705e-16
2020-09-08,-0.08136356050638804,-0.041138097997475476,1.0000000000000002,0.0,0.0,5,0,0,0,1.2425539679596134,-1.3335686721571705e-16
2020-09-09,0.06364412152589005,0.02709324507327371,0.6229123928479907,0.37732264610437005,0.0004988711351676011,3,2,0,2,1.321635223698912,0.49837226403243334
2020-09-10,-0.019407320979669573,-0.019925325623800005,0.6154492938609923,0.0,0.0,3,0,0,0,1.2959858246945497,0.49837226403243334
2020-09-11,-0.009376990732864576,-0.006053298877369051,0.6118092326328065,0.0,0.0,3,0,0,0,1.283833377626465,0.49837226403243334
2020-09-14,0.014779197403266275,0.01872208964850053,0.6174628250554006,0.0,0.0,3,0,0,0,1.3028074045473086,0.49837226403243334
2020-09-15,0.0072425032720233595,0.012083134894079972,0.6202134305274758,0.0,0.0,3,0,0,0,1.3122429914375586,0.49837226403243334
2020-09-16,-0.014481321189206975,-0.012492945005816658,0.6146328043920938,0.0,0.0,3,0,0,0,1.2932399792002656,0.49837226403243334
2020-09-17,-0.02758805001262965,-0.012687226822315711,0.6036996505309181,0.0,0.0,3,0,0,0,1.2575620099757565,0.49837226403243334
2020-09-18,-0.01768950610314557,-0.010723811640813041,0.5965630501442097,0.0,0.0,3,0,0,0,1.2353163591252063,0.49837226403243334
2020-09-21,0.013476780047506853,-0.001343426039180362,0.20766790496762433,0.39449884067964847,0.0004940934418036826,1,2,0,2,1.2519644459862238,0.9919716123943123
2020-09-22,-0.0006394700691843003,0.01714474741427141,0.2071609080986741,0.0,0.0,1,0,0,0,1.2511638521953328,0.9919716123943123
2020-09-23,-0.007918505753578664,-0.03015429348587295,0.20083269721348718,0.0,0.0,1,0,0,0,1.2412565040330543,0.9919716123943123
2020-09-24,0.0029293140634643056,0.003696021818865969,0.20316687170244357,0.0,0.0,1,0,0,0,1.244892534166685,0.9919716123943123
2020-09-25,0.005988894200144479,0.022609915812147552,0.20791061124873217,0.0,0.0,1,0,0,0,1.2523480638443591,0.9919716123943123
2020-09-28,0.0037956904878542197,0.018683148317077736,0.21090576871643563,0.0,0.0,1,0,0,0,1.2571015894777757,0.9919716123943123
2020-09-29,0.006076676023661909,-0.002905311445918657,0.21567187661847176,0.0,0.0,1,0,0,0,1.2647405885658625,0.9919716123943123
2020-09-30,0.0005802594210109202,0.007424295323056107,0.21612672647031606,0.0,0.0,1,0,0,0,1.2654744662075126,0.9919716123943123
2020-10-01,0.006737623372573998,0.014237743451981144,1.0,0.8215195688570023,0.001047477075158331,5,0,0,0,1.274000756548428,-4.358492733391728e-17
2020-10-02,-0.018052086305805792,-0.022204564516841052,1.0,0.0,0.0,5,0,0,0,1.2510023849375538,-4.358492733391728e-17
2020-10-05,0.05111140949270765,0.023250564334085677,1.0,0.0,0.0,5,0,0,0,1.314942880110451,-4.358492733391728e-17
2020-10-06,-0.011163509612290179,-0.01569824840061773,1.0,0.0,0.0,5,0,0,0,1.3002635026287255,-4.358492733391728e-17
2020-10-07,0.05746679899944018,0.018826314482861317,1.0,0.0,0.0,5,0,0,0,1.3749854839805984,-4.358492733391728e-17
2020-10-08,-0.017756418764248494,0.004962814528019166,1.0,0.0,0.0,5,0,0,0,1.350570665932276,-4.358492733391728e-17
2020-10-09,0.02138582776447895,0.01391300236406634,1.0,0.0,0.0,5,0,0,0,1.3794537375776614,-4.358492733391728e-17
2020-10-12,-0.00962413884937885,0.02559602326113275,1.0,0.0,0.0,5,0,0,0,1.3661776832709194,-4.358492733391728e-17
2020-10-13,0.02041581793737479,-0.0010440457220523003,1.0,0.0,0.0,5,0,0,0,1.3940693181226829,-4.358492733391728e-17
2020-10-14,0.00837471907463394,-0.008024359341385012,1.0,0.0,0.0,5,0,0,0,1.405744257032527,-4.358492733391728e-17
2020-10-15,0.004911092696620045,-0.004656402072337529,1.0,0.0,0.0,5,0,0,0,1.4126479973865549,-4.358492733391728e-17
2020-10-16,0.004732240146876343,-0.003611162683268221,1.0,0.0,0.0,5,0,0,0,1.4193329869531919,-4.358492733391728e-17
2020-10-19,0.010283632974111168,-0.016510093440833873,1.0,0.0,0.0,5,0,0,0,1.4339288864590674,-4.358492733391728e-17
2020-10-20,-0.01259021148214412,0.0032755402250899124,1.0,0.0,0.0,5,0,0,0,1.4158754185281923,-4.358492733391728e-17
2020-10-21,-0.06482138459966069,-0.0027612382234186716,1.0,0.0,0.0,5,0,0,0,1.3240964134785709,-4.358492733391728e-17
2020-10-22,0.009547632895218205,0.0018546239456909142,1.0,0.0,0.0,5,0,0,0,1.3367383999523395,-4.358492733391728e-17
2020-10-23,0.0015812270745130252,0.003676325395445934,1.0,0.0,0.0,5,0,0,0,1.3388520869018852,-4.358492733391728e-17
2020-10-26,-0.0039053698136697346,-0.016400630679851314,1.0,0.0,0.0,5,0,0,0,1.3336233743767298,-4.358492733391728e-17
2020-10-27,-0.016605405523469563,0.006382660068046775,1.0,0.0,0.0,5,0,0,0,1.3114780174296263,-4.358492733391728e-17
2020-10-28,-0.012384722230821543,-0.03730951458930609,1.0,0.0,0.0,5,0,0,0,1.2952357264719319,-4.358492733391728e-17
2020-10-29,-0.0005688558070360283,0.01641988509046377,1.0,0.0,0.0,5,0,0,0,1.2944989241074478,-4.358492733391728e-17
2020-10-30,-0.047592269264823406,-0.024495781164918462,1.0,0.0,0.0,5,0,0,0,1.232890782748302,-4.358492733391728e-17
2020-11-02,0.02204044621266088,0.004215697210883773,1.0,0.4595135468306532,0.0005792827790750276,5,0,0,0,1.2600642457315514,-9.75781955236954e-17
2020-11-03,-0.023407809641212918,0.018525955264873994,1.0,0.0,0.0,5,0,0,0,1.2305689017317687,-9.75781955236954e-17
2020-11-04,0.032859705071713874,0.03854633401596108,0.8471708101688288,0.15295877203800118,0.00019444111056201197,4,1,0,1,1.2710050329130975,0.19424666945144983
2020-11-05,0.0463184799053733,0.02589127628621446,0.8539362605494718,0.0,0.0,4,0,0,0,1.3298760539897112,0.19424666945144983
2020-11-06,0.060010834880375175,0.00036160423982689593,0.8622054278652616,0.0,0.0,4,0,0,0,1.4096830262770528,0.19424666945144983
2020-11-09,-0.06607955955320077,-0.015249882049063634,0.8524557701416025,0.0,0.0,4,0,0,0,1.316531792791042,0.19424666945144983
2020-11-10,-0.05363562683515355,-0.01365051501050929,0.8440936345004432,0.0,0.0,4,0,0,0,1.245918784836286,0.19424666945144983
2020-11-11,0.05416748414947037,0.02012307462854701,0.8521047482076853,0.0,0.0,4,0,0,0,1.313407070865433,0.19424666945144983
2020-11-12,-0.0027426282028577553,-0.006516052178237586,0.8516980109900868,0.0,0.0,4,0,0,0,1.3098048835910447,0.19424666945144983
2020-11-13,-0.015157531607647323,0.010222399064781174,0.8494155220052605,0.0,0.0,4,0,0,0,1.2899514746681626,0.19424666945144983
2020-11-16,0.008142609331542205,0.008013982366056771,0.8506317691555703,0.0,0.0,4,0,0,0,1.3004550455830322,0.19424666945144983
2020-11-17,0.043923536459975265,-0.0020798048349075504,0.8569165023800988,0.0,0.0,4,0,0,0,1.3575756301922572,0.19424666945144983
2020-11-18,0.01849273047124389,-0.008210583953855988,0.8595144635409442,0.0,0.0,4,0,0,0,1.3826809104157318,0.19424666945144983
2020-11-19,0.02333454228219889,0.008736154715840438,0.8627178789980541,0.0,0.0,4,0,0,0,1.4149451365826171,0.19424666945144983
2020-11-20,0.01357072390142311,-0.004174838439022555,0.8645559527671425,0.0,0.0,4,0,0,0,1.4341469663668411,0.19424666945144983
2020-11-23,0.02269710582809248,0.0021593926613243664,0.8675619140202939,0.0,0.0,4,0,0,0,1.466697951835507,0.19424666945144983
2020-11-24,0.017348366480043342,0.013147501410619045,0.8698203188373586,0.0,0.0,4,0,0,0,1.4921427654194783,0.19424666945144983
2020-11-25,0.02432929673699391,0.004785374929970887,0.8729122738387651,0.0,0.0,4,0,0,0,1.5284455495333276,0.19424666945144983
2020-11-27,0.02055229897445443,0.009210824539925166,0.8754716183688533,0.0,0.0,4,0,0,0,1.559858619433511,0.19424666945144983
2020-11-30,-0.003044765958194251,-0.000581657909873412,0.8750913006130777,0.0,0.0,4,0,0,0,1.5551092150094639,0.19424666945144983
2020-12-01,-0.03518060487047381,0.012821546348028123,1.0000000000000002,1.1690347455302466,0.001756072094596748,5,0,0,0,1.5003995321857833,-3.642919299551295e-16
2020-12-02,0.011066839130753126,-0.0004646014218057104,1.0000000000000002,0.0,0.0,5,0,0,0,1.5170042124403407,-3.642919299551295e-16
2020-12-03,0.014543028811016434,0.0022523747008165174,1.0000000000000002,0.0,0.0,5,0,0,0,1.5390660484082939,-3.642919299551295e-16
2020-12-04,0.015531272328034529,0.007033168197192907,1.0000000000000002,0.0,0.0,5,0,0,0,1.562969702336955,-3.642919299551295e-16
2020-12-07,0.006106320610377969,0.004469821984384614,1.0000000000000002,0.0,0.0,5,0,0,0,1.5725136964437314,-3.642919299551295e-16
2020-12-08,0.00861545000178121,0.005018240774582239,1.0000000000000002,0.0,0.0,5,0,0,0,1.5860616095725586,-3.642919299551295e-16
2020-12-09,-0.04357586454979223,-0.01937730993391329,1.0000000000000002,0.0,0.0,5,0,0,0,1.5169476037061993,-3.642919299551295e-16
2020-12-10,0.02408237851907513,0.005418247355198913,1.0000000000000002,0.0,0.0,5,0,0,0,1.553479310092256,-3.642919299551295e-16
2020-12-11,-0.0016422586929971672,-0.0022518886838218677,1.0000000000000002,0.0,0.0,5,0,0,0,1.5509280951908657,-3.642919299551295e-16
2020-12-14,0.009997624037742625,0.005022503019723512,1.0000000000000002,0.0,0.0,5,0,0,0,1.5664336911961563,-3.642919299551295e-16
2020-12-15,0.019976699551786936,0.01246134256803022,1.0000000000000002,0.0,0.0,5,0,0,0,1.5977258664129785,-3.642919299551295e-16
2020-12-16,0.01268175787537662,0.0050121160204752435,1.0000000000000002,0.0,0.0,5,0,0,0,1.6179878390020543,-3.642919299551295e-16
2020-12-17,-0.0007329556510629054,0.008418077232621224,1.0000000000000002,0.0,0.0,5,0,0,0,1.6168019256721067,-3.642919299551295e-16
2020-12-18,0.004635946160212789,-0.0007134807572460877,1.0000000000000002,0.0,0.0,5,0,0,0,1.6242973323512508,-3.642919299551295e-16
2020-12-21,0.00645529327072647,-0.0010286510410999483,1.0000000000000002,0.0,0.0,5,0,0,0,1.6347826479904368,-3.642919299551295e-16
2020-12-22,0.02962078647991051,0.005132534023930546,1.0000000000000002,0.0,0.0,5,0,0,0,1.683206195747624,-3.642919299551295e-16
2020-12-23,-0.021518558054244408,-0.0028735115262293887,1.0000000000000002,0.0,0.0,5,0,0,0,1.6469860255071649,-3.642919299551295e-16
2020-12-24,0.0029309705056443924,0.0026325110879321656,1.0000000000000002,0.0,0.0,5,0,0,0,1.6518132929711349,-3.642919299551295e-16
2020-12-28,-0.04939926139599893,0.007394803909404057,1.0000000000000002,0.0,0.0,5,0,0,0,1.5702149363342681,-3.642919299551295e-16
2020-12-29,-0.007546701994568417,-0.0038142946689498913,1.0000000000000002,0.0,0.0,5,0,0,0,1.5583649921423333,-3.642919299551295e-16
2020-12-30,0.01724019440307556,0.0015393743393061765,1.0000000000000002,0.0,0.0,5,0,0,0,1.5852315075578145,-3.642919299551295e-16
2020-12-31,-0.01232644255263926,0.0014203727396466803,1.0000000000000002,0.0,0.0,5,0,0,0,1.5656912424472693,-3.642919299551295e-16
2021-01-04,-0.006831482717859161,-0.014729263144160454,1.0000000000000002,0.8647615605418126,0.001345863970264645,5,0,0,0,1.5549952497829873,-2.734357879008442e-16
2021-01-05,0.028291924146396807,0.009490349264984488,1.0000000000000002,0.0,0.0,5,0,0,0,1.598989057437855,-2.734357879008442e-16
2021-01-06,0.011486817344667832,-0.00609769435273988,1.0000000000000002,0.0,0.0,5,0,0,0,1.6173563526767663,-2.734357879008442e-16
2021-01-07,0.051672873528827656,0.025640913946500588,1.0000000000000002,0.0,0.0,5,0,0,0,1.7009298029396789,-2.734357879008442e-16
2021-01-08,0.018980060755350303,0.010292428620224836,1.0000000000000002,0.0,0.0,5,0,0,0,1.73321355394006,-2.734357879008442e-16
2021-01-11,-0.031739366879374176,-0.012539403572295549,1.0000000000000002,0.0,0.0,5,0,0,0,1.6782024530712525,-2.734357879008442e-16
2021-01-12,0.027867039557101014,0.002761714523592751,1.0000000000000002,0.0,0.0,5,0,0,0,1.7249689872158132,-2.734357879008442e-16
2021-01-13,0.008750869472871292,0.004323418403134882,1.0000000000000002,0.0,0.0,5,0,0,0,1.7400639656676897,-2.734357879008442e-16
2021-01-14,0.0013849810802879503,-0.0012425592685575415,1.0000000000000002,0.0,0.0,5,0,0,0,1.7424739213386304,-2.734357879008442e-16
2021-01-15,-0.031685657776142406,-0.00870425177689449,1.0000000000000002,0.0,0.0,5,0,0,0,1.6872624889832417,-2.734357879008442e-16
2021-01-19,0.017170558459780993,0.015284661263274879,1.0000000000000002,0.0,0.0,5,0,0,0,1.7162337281873241,-2.734357879008442e-16
2021-01-20,0.00871838691847504,0.019706354381155977,1.0000000000000002,0.0,0.0,5,0,0,0,1.7311965178721982,-2.734357879008442e-16
2021-01-21,0.01891015345199376,0.005474150435512692,1.0000000000000002,0.0,0.0,5,0,0,0,1.7639337096807186,-2.734357879008442e-16
2021-01-22,-0.004181823942673635,0.0008976850419943894,1.0000000000000002,0.0,0.0,5,0,0,0,1.7565572494602866,-2.734357879008442e-16
2021-01-25,-0.01313236125985684,0.006861867975715974,1.0000000000000002,0.0,0.0,5,0,0,0,1.7334895050867536,-2.734357879008442e-16
2021-01-26,-0.03340767482938234,-0.0007280511644763843,1.0000000000000002,0.0,0.0,5,0,0,0,1.6755776513806684,-2.734357879008442e-16
2021-01-27,-0.03325480377451828,-0.026087268264435415,1.0000000000000002,0.0,0.0,5,0,0,0,1.619856645375036,-2.734357879008442e-16
2021-01-28,0.028039689532394663,0.005015636936985812,1.0000000000000002,0.0,0.0,5,0,0,0,1.6652769227983384,-2.734357879008442e-16
2021-01-29,-0.029881596643587804,-0.019979061206606974,1.0000000000000002,0.0,0.0,5,0,0,0,1.6155157894914034,-2.734357879008442e-16
2021-02-01,0.029105328083961268,0.025453904158710294,1.0000000000000002,0.8001600320064015,0.0013313600853408377,5,0,0,0,1.6625359065693706,-2.1055206189668496e-16
2021-02-02,0.03904826508087389,0.015621624805566947,1.0000000000000002,0.0,0.0,5,0,0,0,1.7274550493555623,-2.1055206189668496e-16
2021-02-03,0.0027938082927152497,-0.0001641325609580413,1.0000000000000002,0.0,0.0,5,0,0,0,1.7322812275977446,-2.1055206189668496e-16
2021-02-04,0.01705429324714447,0.012284609071070873,1.0000000000000002,0.0,0.0,5,0,0,0,1.76182405963972,-2.1055206189668496e-16
2021-02-05,0.005006342442463119,0.005701419953886067,1.0000000000000002,0.0,0.0,5,0,0,0,1.770644354205647,-2.1055206189668496e-16
2021-02-08,0.09371242435573457,0.009479135040700193,1.0000000000000002,0.0,0.0,5,0,0,0,1.936575729310052,-2.1055206189668496e-16
2021-02-09,0.05911492717599365,0.0014338156905593369,1.0,0.0,0.0,5,0,0,0,2.0510562625190127,-2.1055206189668496e-16
2021-02-10,-0.0843018862269449,-0.0025102698357137854,1.0000000000000002,0.0,0.0,5,0,0,0,1.8781483508310721,-2.1055206189668496e-16
2021-02-11,0.030026722713269116,0.0038103467300871774,1.0000000000000002,0.0,0.0,5,0,0,0,1.9345429905758602,-2.1055206189668496e-16
2021-02-12,0.023924692949347293,0.004969365541769966,1.0000000000000002,0.0,0.0,5,0,0,0,1.9808263376226998,-2.1055206189668496e-16
2021-02-16,-0.03450961454120516,-0.0034035465115552777,1.0000000000000002,0.0,0.0,5,0,0,0,1.9124687842382733,-2.1055206189668496e-16
2021-02-17,-0.015296351774391148,-0.005837615649589956,1.0000000000000002,0.0,0.0,5,0,0,0,1.8832149889570224,-2.1055206189668496e-16
2021-02-18,-0.012724622706560718,-0.007170501244886052,1.0000000000000002,0.0,0.0,5,0,0,0,1.8592517887472044,-2.1055206189668496e-16
2021-02-19,0.033411267749535956,0.0006568457620867996,1.0000000000000002,0.0,0.0,5,0,0,0,1.9213717480748411,-2.1055206189668496e-16
2021-02-22,-0.07530520701477605,-0.024607439038234813,1.0000000000000002,0.0,0.0,5,0,0,0,1.7766824508337231,-2.1055206189668496e-16
2021-02-23,-0.048724505327656376,-0.00501363037368685,1.0000000000000002,0.0,0.0,5,0,0,0,1.6901144772925218,-2.1055206189668496e-16
2021-02-24,0.08378869458992977,0.009860055383365873,1.0000000000000002,0.0,0.0,5,0,0,0,1.8317269630524038,-2.1055206189668496e-16
2021-02-25,-0.0765940557427588,-0.03519166815377628,1.0000000000000002,0.0,0.0,5,0,0,0,1.6914275659388538,-2.1055206189668496e-16
2021-02-26,0.030021304507915403,0.005557642070551205,1.0000000000000002,0.0,0.0,5,0,0,0,1.7422064279489864,-2.1055206189668496e-16
2021-03-01,0.04413008929206197,0.03005412123962392,1.0000000000000002,1.199760047990402,0.0021850932770925884,5,0,0,0,1.8190901531795793,-2.1250362580715887e-16
2021-03-02,-0.028225181910403685,-0.01692868570469308,1.0000000000000002,0.0,0.0,5,0,0,0,1.7677460026946616,-2.1250362580715887e-16
2021-03-03,-0.048593039949825556,-0.027026038913368078,1.0000000000000002,0.0,0.0,5,0,0,0,1.6818458505645755,-2.1250362580715887e-16
2021-03-04,-0.046473178981005336,-0.02110213366126701,1.0000000000000002,0.0,0.0,5,0,0,0,1.6036851273328268,-2.1250362580715887e-16
2021-03-05,0.03102103925383637,0.015457715051152121,1.0000000000000002,0.0,0.0,5,0,0,0,1.653433106618612,-2.1250362580715887e-16
2021-03-08,-0.04263448037240036,-0.024069880007174804,1.0000000000000002,0.0,0.0,5,0,0,0,1.582939845287404,-2.1250362580715887e-16
2021-03-09,0.060881351921062254,0.03685123033284099,0.8170101198070522,0.18313950702352258,0.00030760458972606524,4,1,0,1,1.6793113630782182,0.30729698513633896
2021-03-10,-0.013767539379086813,-0.0003818469579848216,0.8144556303919049,0.0,0.0,4,0,0,0,1.6561913777572908,0.30729698513633896
2021-03-11,0.027479924526685018,0.02523874360004008,0.8194180098520492,0.0,0.0,4,0,0,0,1.7017033918198075,0.30729698513633896
2021-03-12,-0.013659042505123065,-0.005881821325752323,0.8169172751311112,0.0,0.0,4,0,0,0,1.6784597528598286,0.30729698513633896
2021-03-15,0.013951842692667693,0.010498883235619871,0.8194364691101196,0.0,0.0,4,0,0,0,1.701877359297703,0.30729698513633896
2021-03-16,0.015130516166081076,0.0008811038099785229,0.8221277677949943,0.0,0.0,4,0,0,0,1.7276276421952443,0.30729698513633896
2021-03-17,0.0134520326056351,0.003981325884915288,0.8244887508413324,0.0,0.0,4,0,0,0,1.7508677455684512,0.30729698513633896
2021-03-18,-0.03225576888088355,-0.030242365102995494,0.8186388060864974,0.0,0.0,4,0,0,0,1.6943921602264016,0.30729698513633896
2021-03-19,0.005912604167144009,0.0075530749529892915,0.8197048201183814,0.0,0.0,4,0,0,0,1.7044104303737322,0.30729698513633896
2021-03-22,0.022592584931490967,0.012281778953403988,0.823688160330541,0.0,0.0,4,0,0,0,1.7429174677800696,0.30729698513633896
2021-03-23,-0.03143459763212442,-0.011201213197461812,0.8179659946159289,0.0,0.0,4,0,0,0,1.688129558474402,0.30729698513633896
2021-03-24,-0.0067189006237985405,-0.02009478248341834,0.8167346529613905,0.0,0.0,4,0,0,0,1.6767871837309156,0.30729698513633896
2021-03-25,-0.004231098758443963,0.0012181942978437554,0.8159559443861839,0.0,0.0,4,0,0,0,1.669692531559657,0.30729698513633896
2021-03-26,0.03636884064611712,0.012409375460237237,0.8224145223248172,0.0,0.0,4,0,0,0,1.730417313167962,0.30729698513633896
2021-03-29,-0.01244278415600586,-0.0060187044334576445,0.8201770238462455,0.0,0.0,4,0,0,0,1.7088861040403975,0.30729698513633896
2021-03-30,-0.013158357330531611,-0.001091300595310929,0.8177792987461269,0.0,0.0,4,0,0,0,1.686399970046254,0.30729698513633896
2021-03-31,0.023965251511667063,0.015444270389829873,0.8220440576622469,0.0,0.0,4,0,0,0,1.7268149694776802,0.30729698513633896
2021-04-01,0.024218426839178298,0.01760675394508815,1.0000000000000002,1.0262250213934434,0.0018168827513919813,5,0,0,0,1.7686357114807734,-1.7954387976359953e-16
2021-04-05,0.025912562757028912,0.016727413594797236,1.0000000000000002,0.0,0.0,5,0,0,0,1.8144655953488416,-1.7954387976359953e-16
2021-04-06,-0.016754059749817585,-0.0005262742082925431,1.0000000000000002,0.0,0.0,5,0,0,0,1.7840659303503787,-1.7954387976359953e-16
2021-04-07,0.0035951670513378886,-0.0006962940194117362,1.0000000000000002,0.0,0.0,5,0,0,0,1.790479945400589,-1.7954387976359953e-16
2021-04-08,0.006224456794263977,0.010261481727402266,1.0000000000000002,0.0,0.0,5,0,0,0,1.8016247104617311,-1.7954387976359953e-16
2021-04-09,0.0005367620898775183,0.005125049771103507,1.0000000000000002,0.0,0.0,5,0,0,0,1.8025917543064935,-1.7954387976359953e-16
2021-04-12,-0.023276052561926552,-0.0036104913851688902,1.0000000000000002,0.0,0.0,5,0,0,0,1.7606345338855602,-1.7954387976359953e-16
2021-04-13,-0.008408811581184894,0.01054870834286703,1.0000000000000002,0.0,0.0,5,0,0,0,1.7458296898267893,-1.7954387976359953e-16
2021-04-14,-0.012524912842354796,-0.00987838139408359,1.0000000000000002,0.0,0.0,5,0,0,0,1.7239633251241135,-1.7954387976359953e-16
2021-04-15,0.008981468147267524,0.013055707282746853,1.0000000000000002,0.0,0.0,5,0,0,0,1.739447046815773,-1.7954387976359953e-16
2021-04-16,-0.009218872766946884,0.0009671863057285623,1.0000000000000002,0.0,0.0,5,0,0,0,1.723411305806337,-1.7954387976359953e-16
2021-04-19,-0.024400407497747967,-0.00979026855153775,1.0000000000000002,0.0,0.0,5,0,0,0,1.6813593676584364,-1.7954387976359953e-16
2021-04-20,-0.013542500673711877,-0.009234578841917473,1.0000000000000002,0.0,0.0,5,0,0,0,1.6585895572891702,-1.7954387976359953e-16
2021-04-21,0.03778986744128465,0.011892282441095192,1.0000000000000002,0.0,0.0,5,0,0,0,1.721267436798627,-1.7954387976359953e-16
2021-04-22,-0.025752824044296907,-0.009448289083465955,1.0000000000000002,0.0,0.0,5,0,0,0,1.676939939365574,-1.7954387976359953e-16
2021-04-23,0.007639438228702389,0.014357256405947316,1.0000000000000002,0.0,0.0,5,0,0,0,1.6897508184456012,-1.7954387976359953e-16
2021-04-26,0.01293114870830081,0.008701539143620707,1.0000000000000002,0.0,0.0,5,0,0,0,1.7116012375588943,-1.7954387976359953e-16
2021-04-27,-0.00748186268229456,-0.0034344982946684643,1.0000000000000002,0.0,0.0,5,0,0,0,1.6987952721326331,-1.7954387976359953e-16
2021-04-28,-0.01313220845223928,-0.002781043282530815,1.0000000000000002,0.0,0.0,5,0,0,0,1.676486338501309,-1.7954387976359953e-16
2021-04-29,0.005753870786833426,0.002242938725995014,1.0000000000000002,0.0,0.0,5,0,0,0,1.686132624268937,-1.7954387976359953e-16
2021-04-30,-0.028099618750925037,-0.008511550457648398,1.0000000000000002,0.0,0.0,5,0,0,0,1.638752940363483,-1.7954387976359953e-16
2021-05-03,-0.006220645671399572,-0.004838855596334679,1.0,1.199760047990402,0.001956226833607829,5,0,0,0,1.6285588389785177,-8.543513119185775e-17
2021-05-04,-0.020984263552541016,-0.018827857110276458,1.0,0.0,0.0,5,0,0,0,1.5943847310905723,-8.543513119185775e-17
2021-05-05,0.0010949395299824083,-0.0037465133043687038,1.0,0.0,0.0,5,0,0,0,1.5961304859586436,-8.543513119185775e-17
2021-05-06,0.003506701687643776,0.0037119292572853624,1.0,0.0,0.0,5,0,0,0,1.6017276394274544,-8.543513119185775e-17
2021-05-07,0.012911791995493749,0.00875785854127642,1.0,0.0,0.0,5,0,0,0,1.622408813541175,-8.543513119185775e-17
2021-05-10,-0.04203120791935533,-0.025477958083079177,1.0,0.0,0.0,5,0,0,0,1.5542170113690312,-8.543513119185775e-17
2021-05-11,-0.005924947335768538,-0.0009276027664643083,1.0,0.0,0.0,5,0,0,0,1.5450083574283142,-8.543513119185775e-17
2021-05-12,-0.044546584726389615,-0.02671847959305318,1.0,0.0,0.0,5,0,0,0,1.4761835117311537,-8.543513119185775e-17
2021-05-13,0.02603641965630188,0.007160058794258184,1.0,0.0,0.0,5,0,0,0,1.5146180451322995,-8.543513119185775e-17
2021-05-14,0.030321875707992385,0.02323736928588338,1.0,0.0,0.0,5,0,0,0,1.5605441052418834,-8.543513119185775e-17
2021-05-17,-0.009361649273445738,-0.003792306890141317,1.0,0.0,0.0,5,0,0,0,1.5459348386528657,-8.543513119185775e-17
2021-05-18,-0.010208491126798669,-0.0056365894317486065,1.0,0.0,0.0,5,0,0,0,1.530153176569869,-8.543513119185775e-17
2021-05-19,0.01717160222175651,-0.0002930326782775161,1.0,0.0,0.0,5,0,0,0,1.5564283582562841,-8.543513119185775e-17
2021-05-20,0.02738078988372772,0.017744861772570397,1.0,0.0,0.0,5,0,0,0,1.5990445961027748,-8.543513119185775e-17
2021-05-21,-0.009789204952437291,-0.004783418073071144,1.0,0.0,0.0,5,0,0,0,1.5833912208234375,-8.543513119185775e-17
2021-05-24,0.03180746259361422,0.014117571829638464,1.0,0.0,0.0,5,0,0,0,1.6337548778508362,-8.543513119185775e-17
2021-05-25,0.005814146432587819,-0.00029251521130702063,1.0,0.0,0.0,5,0,0,0,1.6432537679456156,-8.543513119185775e-17
2021-05-26,0.002855528501058302,0.005917864207014789,1.0,0.0,0.0,5,0,0,0,1.6479461259144559,-8.543513119185775e-17
2021-05-27,-0.0011997075059861917,-0.00012517838210612808,1.0,0.0,0.0,5,0,0,0,1.6459690725777354,-8.543513119185775e-17
2021-05-28,0.0042167762795282115,0.0009072983495947984,1.0,0.0,0.0,5,0,0,0,1.6529097559198183,-8.543513119185775e-17
2021-06-01,-0.0008760801405339746,-0.0008917763748547136,1.0000000000000004,1.5990405756546076,0.002644983662876576,5,0,0,0,1.651461674508562,-6.657001339060997e-16
2021-06-02,0.014431607130970026,0.001445028392468073,1.0000000000000004,0.0,0.0,5,0,0,0,1.6752949205869234,-6.657001339060997e-16
2021-06-03,0.00436622509301321,-0.010309459710361346,1.0000000000000004,0.0,0.0,5,0,0,0,1.6826096353073876,-6.657001339060997e-16
2021-06-04,0.02802156300638292,0.014688927255154027,1.0000000000000004,0.0,0.0,5,0,0,0,1.7297589872183006,-6.657001339060997e-16
2021-06-07,0.01863386212647855,0.004866730759276017,1.0000000000000004,0.0,0.0,5,0,0,0,1.7619910776981635,-6.657001339060997e-16
2021-06-08,-0.008153214056697888,0.003111314579322899,1.0000000000000004,0.0,0.0,5,0,0,0,1.7476251872756987,-6.657001339060997e-16
2021-06-09,0.001745874297626182,-0.0009451478652527934,1.0000000000000004,0.0,0.0,5,0,0,0,1.7506763211720475,-6.657001339060997e-16
2021-06-10,0.007557240685490907,0.0078051287580642725,1.0000000000000004,0.0,0.0,5,0,0,0,1.7639066034935345,-6.657001339060997e-16
2021-06-11,0.0042892031888128734,0.003501400430360624,1.0000000000000004,0.0,0.0,5,0,0,0,1.771472357322007,-6.657001339060997e-16
2021-06-14,-0.0073243402493607945,0.007443076666721726,1.0000000000000004,0.0,0.0,5,0,0,0,1.7584974910346434,-6.657001339060997e-16
2021-06-15,-0.010450732774521354,-0.007145913210587107,1.0000000000000004,0.0,0.0,5,0,0,0,1.740119903671174,-6.657001339060997e-16
2021-06-16,-0.008550122736255217,-0.0023572186809210915,1.0000000000000004,0.0,0.0,5,0,0,0,1.725241664918985,-6.657001339060997e-16
2021-06-17,0.01776447681023785,0.00866593603291732,1.0000000000000004,0.0,0.0,5,0,0,0,1.7558896804674944,-6.657001339060997e-16
2021-06-18,-0.012499682109440413,-0.009248736487040943,1.0000000000000004,0.0,0.0,5,0,0,0,1.7339416176424038,-6.657001339060997e-16
2021-06-21,0.013784458723315351,0.007918854063497571,1.0000000000000004,0.0,0.0,5,0,0,0,1.7578430642994343,-6.657001339060997e-16
2021-06-22,0.02363909720295032,0.007904978548745278,1.0000000000000004,0.0,0.0,5,0,0,0,1.7993968873639405,-6.657001339060997e-16
2021-06-23,-0.009030820315850785,0.0012954081283504948,1.0000000000000004,0.0,0.0,5,0,0,0,1.7831468573972555,-6.657001339060997e-16
2021-06-24,0.012603330191093054,0.0068650810745303215,1.0000000000000004,0.0,0.0,5,0,0,0,1.8056204460202432,-6.657001339060997e-16
2021-06-25,-0.002634497197539165,-0.0006486770191380664,1.0000000000000004,0.0,0.0,5,0,0,0,1.8008635440153835,-6.657001339060997e-16
2021-06-28,0.021074484404712157,0.00975740369460909,1.0000000000000004,0.0,0.0,5,0,0,0,1.8388158146887503,-6.657001339060997e-16
2021-06-29,0.008268072929050296,0.0019190500349235418,1.0000000000000004,0.0,0.0,5,0,0,0,1.8540192779476878,-6.657001339060997e-16
2021-06-30,-0.0027588310453650067,-0.0016782308502659715,1.0000000000000004,0.0,0.0,5,0,0,0,1.8489043520049806,-6.657001339060997e-16
2021-07-01,0.007889312967283235,0.0012701985364251822,1.0000000000000002,1.1997600479904023,0.0022384275520534783,5,0,0,0,1.86349093708452,-1.9905951886833861e-16
2021-07-02,0.004559179743019115,0.008053034847741003,1.0000000000000002,0.0,0.0,5,0,0,0,1.8719869272161753,-1.9905951886833861e-16
2021-07-06,0.006944916035640958,0.001660964536808196,1.0000000000000002,0.0,0.0,5,0,0,0,1.8849877192455091,-1.9905951886833861e-16
2021-07-07,-0.0166467741527222,9.703592980847553e-05,1.0000000000000002,0.0,0.0,5,0,0,0,1.853608754402574,-1.9905951886833861e-16
2021-07-08,0.004621252614743332,-0.007178850606408882,1.0000000000000002,0.0,0.0,5,0,0,0,1.8621747487055682,-1.9905951886833861e-16
2021-07-09,0.0058060803597508315,0.009762073962464868,1.0000000000000002,0.0,0.0,5,0,0,0,1.8729866849404515,-1.9905951886833861e-16
2021-07-12,0.013134837537847721,0.002130361363916755,1.0000000000000002,0.0,0.0,5,0,0,0,1.8975880607576963,-1.9905951886833861e-16
2021-07-13,-0.008828619142528638,-0.003772829509393727,1.0000000000000002,0.0,0.0,5,0,0,0,1.880834978479857,-1.9905951886833861e-16
2021-07-14,-0.0014220035359649996,-0.002227958334456659,1.0000000000000002,0.0,0.0,5,0,0,0,1.878160424489892,-1.9905951886833861e-16
2021-07-15,-0.002076162529322634,-0.006952450189304571,1.0000000000000002,0.0,0.0,5,0,0,0,1.8742610581925094,-1.9905951886833861e-16
2021-07-16,0.01052136948920035,-0.007969155863779442,1.0000000000000002,0.0,0.0,5,0,0,0,1.8939808513049725,-1.9905951886833861e-16
2021-07-19,0.027353666517189623,-0.010553156978987288,1.0000000000000002,0.0,0.0,5,0,0,0,1.9457881719015118,-1.9905951886833861e-16
2021-07-20,0.006018564925419634,0.015684325371311703,1.0000000000000002,0.0,0.0,5,0,0,0,1.9574990243452144,-1.9905951886833861e-16
2021-07-21,0.021049172441316877,0.00917837924547249,1.0000000000000002,0.0,0.0,5,0,0,0,1.9987027588623663,-1.9905951886833861e-16
2021-07-22,0.011377676142520832,0.00359778329266347,1.0,0.0,0.0,5,0,0,0,2.021443351557865,-1.9905951886833861e-16
2021-07-23,0.04516813923807095,0.010377847149183328,1.0,0.0,0.0,5,0,0,0,2.1127481863229036,-1.9905951886833861e-16
2021-07-26,-0.011321804089683973,0.0002508392671958237,1.0,0.0,0.0,5,0,0,0,2.0888280652665205,-1.9905951886833861e-16
2021-07-27,-0.015199578564114802,-0.012138008545398149,1.0,0.0,0.0,5,0,0,0,2.057078758981574,-1.9905951886833861e-16
2021-07-28,0.021992049896199184,0.00695796663162529,1.0,0.0,0.0,5,0,0,0,2.1023181376895086,-1.9905951886833861e-16
2021-07-29,-0.006420085116914054,0.0010621243543811332,1.0,0.0,0.0,5,0,0,0,2.0888210763027097,-1.9905951886833861e-16
2021-07-30,-0.0005714619629101358,-0.007144682362109966,1.0,0.0,0.0,5,0,0,0,2.0876273945102777,-1.9905951886833861e-16
2021-08-02,-0.007131799848804077,0.0005719201478813218,1.0,0.5142494721018018,0.0010664532843965668,5,0,0,0,2.07273885377375,-9.324138683375338e-17
2021-08-03,0.030235060158235516,0.0054645610861603355,1.0,0.0,0.0,5,0,0,0,2.1354082377099117,-9.324138683375338e-17
2021-08-04,0.0371520394740652,0.0013032935206787055,1.0,0.0,0.0,5,0,0,0,2.2147430088505544,-9.324138683375338e-17
2021-08-05,-0.01593617680725712,0.007752359028563305,1.0,0.0,0.0,5,0,0,0,2.1794484726788754,-9.324138683375338e-17
2021-08-06,-0.014671988597036112,-0.00398489647332223,1.0,0.0,0.0,5,0,0,0,2.1474716295399032,-9.324138683375338e-17
2021-08-09,0.037425983917052985,0.0016456923812682156,1.0,0.0,0.0,5,0,0,0,2.2278428682093914,-9.324138683375338e-17
2021-08-10,-0.03009704660652668,-0.004851214152445271,1.0,0.0,0.0,5,0,0,0,2.1607913775728753,-9.324138683375338e-17
2021-08-11,-0.04352707117562249,-0.0015520668870292464,1.0,0.0,0.0,5,0,0,0,2.0667384574855894,-9.324138683375338e-17
2021-08-12,0.005361352257333252,0.0034626774961783457,1.0,0.0,0.0,5,0,0,0,2.0778189703799472,-9.324138683375338e-17
2021-08-13,0.005146273966418313,0.00044787275861901676,1.0,0.0,0.0,5,0,0,0,2.0885119960541436,-9.324138683375338e-17
2021-08-16,-0.016762207970038356,-0.001965526645515858,1.0,0.0,0.0,5,0,0,0,2.053503923628364,-9.324138683375338e-17
2021-08-17,0.008947191085096451,-0.009299939629287102,1.0,0.0,0.0,5,0,0,0,2.0718770156270625,-9.324138683375338e-17
2021-08-18,-0.020539206679369593,-0.008888229114191626,1.0,0.0,0.0,5,0,0,0,2.0293223053888627,-9.324138683375338e-17
2021-08-19,-0.0019902681822708823,0.0010928055811647575,1.0,0.0,0.0,5,0,0,0,2.0252834097728747,-9.324138683375338e-17
2021-08-20,0.02124689338000918,0.011888152874404811,1.0,0.0,0.0,5,0,0,0,2.06831439044462,-9.324138683375338e-17
2021-08-23,0.04187927929373414,0.015494014266626221,1.0,0.0,0.0,5,0,0,0,2.1549339064693,-9.324138683375338e-17
2021-08-24,-0.012979838123792886,0.005162905383270022,1.0,0.0,0.0,5,0,0,0,2.1269632131958556,-9.324138683375338e-17
2021-08-25,0.005999112440127519,0.0014686347550383339,1.0,0.0,0.0,5,0,0,0,2.1397231046678327,-9.324138683375338e-17
2021-08-26,-0.003669157585282745,-0.006385567357820587,1.0,0.0,0.0,5,0,0,0,2.131872123407936,-9.324138683375338e-17
2021-08-27,0.010063193290347883,0.012290630584592899,1.0,0.0,0.0,5,0,0,0,2.1533255646560945,-9.324138683375338e-17
2021-08-30,-0.0066898986767846,0.009014745430136806,1.0,0.0,0.0,5,0,0,0,2.138920034810415,-9.324138683375338e-17
2021-08-31,-0.0020587059217255232,-0.000435886815269515,1.0,0.0,0.0,5,0,0,0,2.1345166274686536,-9.324138683375338e-17
2021-09-01,0.011989030651793353,0.003286239361639298,1.0,0.8115263575298935,0.0017544078487470652,5,0,0,0,2.160107412742138,1.8735013540549517e-16
2021-09-02,-0.0020002918179413687,0.0014236957158730856,1.0,0.0,0.0,5,0,0,0,2.1557865675585552,1.8735013540549517e-16
2021-09-03,0.016126654052993405,0.002109348840070968,1.0,0.0,0.0,5,0,0,0,2.1905521917456623,1.8735013540549517e-16
2021-09-07,-0.0017950946278924018,0.000703712632022846,1.0,0.0,0.0,5,0,0,0,2.1866199432741418,1.8735013540549517e-16
2021-09-08,-0.02189284200663677,-0.005703625233783427,1.0,0.0,0.0,5,0,0,0,2.13874861832748,1.8735013540549517e-16
2021-09-09,0.01646233096924643,-0.0025109380331556075,1.0,0.0,0.0,5,0,0,0,2.1739574059424056,1.8735013540549517e-16
2021-09-10,-0.0032994741787746307,-0.008706557542303206,1.0,0.0,0.0,5,0,0,0,2.166784489615743,1.8735013540549517e-16
2021-09-13,-0.026880957236829373,-0.0006557575911461111,1.0,0.0,0.0,5,0,0,0,2.108539248408957,1.8735013540549517e-16
2021-09-14,0.005756456834709489,-0.0044899428568856425,1.0,0.0,0.0,5,0,0,0,2.120676963576714,1.8735013540549517e-16
2021-09-15,0.009076742071583155,0.008230648040451483,1.0,0.0,0.0,5,0,0,0,2.139925801392248,1.8735013540549517e-16
2021-09-16,0.010715513845769076,0.0013451479462562865,1.0,0.0,0.0,5,0,0,0,2.1628562059459853,1.8735013540549517e-16
2021-09-17,-0.017470717814557668,-0.00908685893944483,1.0,0.0,0.0,5,0,0,0,2.1250695554984382,1.8735013540549517e-16
2021-09-20,-0.02630864103429864,-0.02193998979444778,1.0,0.0,0.0,5,0,0,0,2.069161863389913,1.8735013540549517e-16
2021-09-21,0.01720848193123148,0.002208401084163647,1.0,0.0,0.0,5,0,0,0,2.1047689979288515,1.8735013540549517e-16
2021-09-22,0.01556073303094685,0.010202505391571082,1.0,0.0,0.0,5,0,0,0,2.1375207463974357,1.8735013540549517e-16
2021-09-23,0.018849981615931766,0.010431495517001288,1.0,0.0,0.0,5,0,0,0,2.1778129731707003,1.8735013540549517e-16
2021-09-24,-0.018892892247686643,-0.0003019416885486903,1.0,0.0,0.0,5,0,0,0,2.1366677873329722,1.8735013540549517e-16
2021-09-27,-0.017992139624525616,-0.0051655405232979845,1.0,0.0,0.0,5,0,0,0,2.098224562172051,1.8735013540549517e-16
2021-09-28,-0.05883272803616657,-0.028275748614240648,0.9999999999999999,0.0,0.0,5,0,0,0,1.9747802871469782,1.8735013540549517e-16
2021-09-29,-0.011440617272132969,-0.00235395250873216,0.9999999999999999,0.0,0.0,5,0,0,0,1.9521875816851768,1.8735013540549517e-16
2021-09-30,0.016738625680758235,-0.004400314367527081,0.9999999999999999,0.0,0.0,5,0,0,0,1.9848645188736296,1.8735013540549517e-16
2021-10-01,-0.02573833736796527,0.00817493421551263,1.0,1.6081794162722114,0.0031148702906808553,5,0,0,0,1.933777406257156,6.028164079019405e-17
2021-10-04,-0.018548787057203753,-0.02136468504772182,1.0,0.0,0.0,5,0,0,0,1.8979081809324603,6.028164079019405e-17
2021-10-05,0.019041820350378602,0.012510672734488137,1.0,0.0,0.0,5,0,0,0,1.9340478075552898,6.028164079019405e-17
2021-10-06,-0.013571147585145549,0.004716766064746691,1.0,0.0,0.0,5,0,0,0,1.9078005593222298,6.028164079019405e-17
2021-10-07,0.0069742208508822845,0.010488583121986084,1.0,0.0,0.0,5,0,0,0,1.92110598176238,6.028164079019405e-17
2021-10-08,-0.006183480062230018,-0.005082463539891502,1.0,0.0,0.0,5,0,0,0,1.9092268612267214,6.028164079019405e-17
2021-10-11,-0.006676896656377829,-0.00640191107302035,1.0,0.0,0.0,5,0,0,0,1.89647915078073,6.028164079019405e-17
2021-10-12,0.0045004257368999045,-0.0013996354958561996,1.0,0.0,0.0,5,0,0,0,1.9050141143603978,6.028164079019405e-17
2021-10-13,0.01662609767552614,0.007307517594727031,1.0,0.0,0.0,5,0,0,0,1.9366870650990096,6.028164079019405e-17
2021-10-14,0.014767777065516574,0.0172797975969039,1.0,0.0,0.0,5,0,0,0,1.9652876279220612,6.028164079019405e-17
2021-10-15,-0.0008639127678843339,0.004986032348505587,1.0,0.0,0.0,5,0,0,0,1.9635897908477342,6.028164079019405e-17
2021-10-18,0.027128565598554477,0.008355169558527553,1.0,0.0,0.0,5,0,0,0,2.016859165297399,6.028164079019405e-17
2021-10-19,2.8327514080217497e-05,0.007141629594346499,1.0,0.0,0.0,5,0,0,0,2.016916297903802,6.028164079019405e-17
2021-10-20,-0.004212086603267551,-0.0004898576251427533,1.0,0.0,0.0,5,0,0,0,2.0084208717854892,6.028164079019405e-17
2021-10-21,0.02734060501447022,0.00621766285776193,1.0,0.0,0.0,5,0,0,0,2.0633323135437944,6.028164079019405e-17
2021-10-22,0.0010909829406915428,-0.008248059461634205,1.0,0.0,0.0,5,0,0,0,2.0655833738988485,6.028164079019405e-17
2021-10-25,0.04884427946733649,0.009045996619713614,1.0,0.0,0.0,5,0,0,0,2.1664753054766477,6.028164079019405e-17
2021-10-26,-0.00408392166757332,0.0005916381350528077,1.0,0.0,0.0,5,0,0,0,2.157627590034349,6.028164079019405e-17
2021-10-27,0.002164235456480146,8.079699680418884e-06,1.0,0.0,0.0,5,0,0,0,2.162297204166581,6.028164079019405e-17
2021-10-28,0.021209421246269677,0.013932958685521246,1.0,0.0,0.0,5,0,0,0,2.2081582764293812,6.028164079019405e-17
2021-10-29,0.02184101850871789,0.0032541503987195686,1.0,0.0,0.0,5,0,0,0,2.256386702215054,6.028164079019405e-17
2021-11-01,0.01016385587152846,0.006292673508698554,1.0000000000000002,1.222719923846038,0.0027903821890762908,5,0,0,0,2.279320291446801,-2.7798943702528334e-16
2021-11-02,-0.006678016385790464,0.0034424078356416477,1.0000000000000002,0.0,0.0,5,0,0,0,2.264098953192055,-2.7798943702528334e-16
2021-11-03,0.009926440001019055,0.010350518487610039,1.0000000000000002,0.0,0.0,5,0,0,0,2.286573395607286,-2.7798943702528334e-16
2021-11-04,0.05246107527149202,0.008141094529175552,1.0000000000000002,0.0,0.0,5,0,0,0,2.4065294946280305,-2.7798943702528334e-16
2021-11-05,-0.020278159261595152,0.0019623397982608815,1.0000000000000002,0.0,0.0,5,0,0,0,2.357729506268237,-2.7798943702528334e-16
2021-11-08,0.0036316241796283677,0.0006742911266826024,1.0000000000000002,0.0,0.0,5,0,0,0,2.366291893752224,-2.7798943702528334e-16
2021-11-09,-0.025565775588019757,-0.005995010473236029,1.0000000000000002,0.0,0.0,5,0,0,0,2.3057958062208046,-2.7798943702528334e-16
2021-11-10,-0.01925377944829354,-0.016607634524389625,1.0000000000000002,0.0,0.0,5,0,0,0,2.261400522315029,-2.7798943702528334e-16
2021-11-11,0.02962130829342735,0.0052216373206712685,1.0000000000000002,0.0,0.0,5,0,0,0,2.32838616436144,-2.7798943702528334e-16
2021-11-12,0.018360126045429137,0.009976693489161415,1.0000000000000002,0.0,0.0,5,0,0,0,2.3711356278215496,-2.7798943702528334e-16
2021-11-15,-0.011926226189599043,-0.00044835248917507453,1.0000000000000002,0.0,0.0,5,0,0,0,2.342856927997933,-2.7798943702528334e-16
2021-11-16,0.027096208215391382,0.007569696003178805,1.0000000000000002,0.0,0.0,5,0,0,0,2.4063394671378373,-2.7798943702528334e-16
2021-11-17,-0.0012040999365666716,-0.0032731108654387997,1.0000000000000002,0.0,0.0,5,0,0,0,2.403441993938099,-2.7798943702528334e-16
2021-11-18,0.02208586027454773,0.004530878180346365,1.0000000000000002,0.0,0.0,5,0,0,0,2.456524077994196,-2.7798943702528334e-16
2021-11-19,0.028181844997855254,0.003984535170388881,1.0000000000000002,0.0,0.0,5,0,0,0,2.525753458793728,-2.7798943702528334e-16
2021-11-22,-0.02562595600465878,-0.012622169633230707,1.0000000000000002,0.0,0.0,5,0,0,0,2.461028611780065,-2.7798943702528334e-16
2021-11-23,-0.018228377116183303,-0.005021779645224211,1.0000000000000002,0.0,0.0,5,0,0,0,2.416168054150821,-2.7798943702528334e-16
2021-11-24,0.026116565694827232,0.004442870603730498,1.0000000000000002,0.0,0.0,5,0,0,0,2.479270065866794,-2.7798943702528334e-16
2021-11-26,-0.021603536230616838,-0.02231387604856827,1.0000000000000002,0.0,0.0,5,0,0,0,2.425709065173357,-2.7798943702528334e-16
2021-11-29,0.02134597835982821,0.018795716703568832,1.0000000000000002,0.0,0.0,5,0,0,0,2.4774881983857866,-2.7798943702528334e-16
2021-11-30,-0.02009838531582664,-0.015532292869582354,1.0000000000000002,0.0,0.0,5,0,0,0,2.427694685959216,-2.7798943702528334e-16
2021-12-01,-0.04628055993229996,-0.01825487525481906,1.0,0.8539687174954511,0.001978917536580951,5,0,0,0,2.3153396165483544,-2.0209528495129803e-16
2021-12-02,0.006396947542540721,0.008343193118040881,1.0,0.0,0.0,5,0,0,0,2.3301507226185807,-2.0209528495129803e-16
2021-12-03,-0.042293645267643454,-0.01923421484397625,1.0,0.0,0.0,5,0,0,0,2.2316001545360074,-2.0209528495129803e-16
2021-12-06,-0.014789216455262322,0.009259279575593249,1.0,0.0,0.0,5,0,0,0,2.1985965368089775,-2.0209528495129803e-16
2021-12-07,0.04123221563503754,0.030329003671115906,1.0,0.0,0.0,5,0,0,0,2.2892495433091318,-2.0209528495129803e-16
2021-12-08,0.003443896561256876,0.006379348241553728,1.0,0.0,0.0,5,0,0,0,2.297133481939193,-2.0209528495129803e-16
2021-12-09,-0.038387586228677995,-0.0170785076213682,1.0,0.0,0.0,5,0,0,0,2.208952072322469,-2.0209528495129803e-16
2021-12-10,0.004957254538432432,0.007297016135485501,1.0,0.0,0.0,5,0,0,0,2.219902410008169,-2.0209528495129803e-16
2021-12-13,-0.032181982007628895,-0.013903394089667898,1.0,0.0,0.0,5,0,0,0,2.148461550590594,-2.0209528495129803e-16
2021-12-14,-0.010602162208852906,-0.01139553520923653,1.0,0.0,0.0,5,0,0,0,2.125683212731749,-2.0209528495129803e-16
2021-12-15,0.03702169661743282,0.02152192915758433,1.0,0.0,0.0,5,0,0,0,2.2043796117382737,-2.0209528495129803e-16
2021-12-16,-0.04913860512335444,-0.024743589751826223,1.0,0.0,0.0,5,0,0,0,2.096059472455093,-2.0209528495129803e-16
2021-12-17,-0.0088704457448886,-0.0007083459916227275,1.0,0.0,0.0,5,0,0,0,2.0774664906266205,-2.0209528495129803e-16
2021-12-20,-0.019974702532953414,-0.012441744327712279,0.8285471915301126,0.1715949830111421,0.0003494221478220783,4,1,0,1,2.035969715454175,0.349072725674256
2021-12-21,0.030889570299405644,0.02404004666114412,0.8336846026872774,0.0,0.0,4,0,0,0,2.098859945107158,0.349072725674256
2021-12-22,0.015973873390073168,0.011785716434472349,0.8362995332175561,0.0,0.0,4,0,0,0,2.1323868681337954,0.349072725674256
2021-12-23,0.01726392184281078,0.00847070672296768,0.8390776835121662,0.0,0.0,4,0,0,0,2.169200228363893,0.349072725674256
2021-12-27,0.028250730056983864,0.013919535813812445,0.8434989523626053,0.0,0.0,4,0,0,0,2.230481718454949,0.349072725674256
2021-12-28,-0.00555436036602075,-0.005641523761151235,0.8426248339778559,0.0,0.0,4,0,0,0,2.218092819200829,0.349072725674256
2021-12-29,-0.007823711824566093,-0.0009826429858396102,0.84138386706303,0.0,0.0,4,0,0,0,2.200739100183262,0.349072725674256
2021-12-30,-0.008672696501894062,-0.0015635521112173922,0.8399962026898082,0.0,0.0,4,0,0,0,2.1816527578875213,0.349072725674256
2021-12-31,-0.006789254953580071,-0.0061362261673546525,0.83890247048957,0.0,0.0,4,0,0,0,2.166840961094042,0.349072725674256
2022-01-03,0.042189012553036864,0.012005653676296246,1.0,0.6526862742324115,0.0014748965416200126,5,0,0,0,2.258257841602073,1.734723475976807e-17
2022-01-04,-0.010889947236630282,-0.013268658476225936,1.0,0.0,0.0,5,0,0,0,2.2336655328603197,1.734723475976807e-17
2022-01-05,-0.03356600179521052,-0.033447763266404085,1.0,0.0,0.0,5,0,0,0,2.1586903115744303,1.734723475976807e-17
2022-01-06,0.006559002852997375,-0.0012787005140298957,1.0,0.0,0.0,5,0,0,0,2.1728491674867847,1.734723475976807e-17
2022-01-07,-0.029171620317164138,-0.009612432581122654,1.0,0.0,0.0,5,0,0,0,2.109463636566394,1.734723475976807e-17
2022-01-10,-0.005961820439309706,0.00046376176532603175,1.0,0.0,0.0,5,0,0,0,2.096887393141932,1.734723475976807e-17
2022-01-11,0.021790130462831625,0.014095062767937483,1.0,0.0,0.0,5,0,0,0,2.1425788430043617,1.734723475976807e-17
2022-01-12,0.004026864325657131,0.002306036193135075,1.0,0.0,0.0,5,0,0,0,2.1512067173121636,1.734723475976807e-17
2022-01-13,-0.02904523009416138,-0.025123139100315273,1.0,0.0,0.0,5,0,0,0,2.0887244232277262,1.734723475976807e-17
2022-01-14,0.013888009451638705,0.005871648607693292,1.0,0.0,0.0,5,0,0,0,2.1177326477593814,1.734723475976807e-17
2022-01-18,-0.037944375637910754,-0.025974407028063307,1.0,0.0,0.0,5,0,0,0,2.037376604672132,1.734723475976807e-17
2022-01-19,-0.028287568385830686,-0.011487060654220671,1.0,0.0,0.0,5,0,0,0,1.9797441746397775,1.734723475976807e-17
2022-01-20,-0.04063829543106423,-0.012986826335980917,1.0,0.0,0.0,5,0,0,0,1.8992907459928379,1.734723475976807e-17
2022-01-21,-0.018877122793101164,-0.02720771811797229,0.8111451563728053,0.18900815667799897,0.00035227148830235556,4,1,0,1,1.8634376013609304,0.3519192168140532
2022-01-24,0.012786066611937486,0.006261056648160679,0.4425882247405108,0.3711746480682768,0.0007007645229165269,2,2,0,2,1.8872636386591204,1.0519829752076635
2022-01-25,-0.007294499415801514,-0.022795527886028677,0.4384923072034382,0.0,0.0,2,0,0,0,1.873496995149458,1.0519829752076635
2022-01-26,-0.004386915710357431,0.00020859284186203197,0.43601816643742636,0.0,0.0,2,0,0,0,1.8652781217481293,1.0519829752076635
2022-01-27,-0.006347265680202163,-0.013981260879621149,0.4324155571829168,0.0,0.0,2,0,0,0,1.8534387059419255,1.0519829752076635
2022-01-28,0.007674103927969966,0.031288608055884515,0.43673808763705707,0.0,0.0,2,0,0,0,1.867662187195446,1.0519829752076635
2022-01-31,0.01629441243559704,0.0340806147415853,0.44576895683893475,0.0,0.0,2,0,0,0,1.8980946451639777,1.0519829752076635
2022-02-01,0.006384430359627213,0.007452315548552191,0.0,0.44953252299029456,0.0008590890120463912,0,0,0,0,1.9102128982420084,1.9102128982420084
2022-02-02,0.0,0.004987033705395438,0.0,0.0,0.0,0,0,0,0,1.9102128982420084,1.9102128982420084
2022-02-03,0.0,-0.03736616941402138,0.0,0.0,0.0,0,0,0,0,1.9102128982420084,1.9102128982420084
2022-02-04,0.0,0.0157930159241797,0.0,0.0,0.0,0,0,0,0,1.9102128982420084,1.9102128982420084
2022-02-07,0.0,-0.005840456822591378,0.0,0.0,0.0,0,0,0,0,1.9102128982420084,1.9102128982420084
2022-02-08,0.0,0.012756231097939885,0.0,0.0,0.0,0,0,0,0,1.9102128982420084,1.9102128982420084
2022-02-09,0.0,0.020847429359933667,0.0,0.0,0.0,0,0,0,0,1.9102128982420084,1.9102128982420084
2022-02-10,0.0,-0.02102992103791934,0.0,0.0,0.0,0,0,0,0,1.9102128982420084,1.9102128982420084
2022-02-11,0.0,-0.02780891489603121,0.0,0.0,0.0,0,0,0,0,1.9102128982420084,1.9102128982420084
2022-02-14,0.0,-1.706891206343375e-05,0.0,0.0,0.0,0,0,0,0,1.9102128982420084,1.9102128982420084
2022-02-15,0.0,0.025294753926803137,0.0,0.0,0.0,0,0,0,0,1.9102128982420084,1.9102128982420084
2022-02-16,0.0,-0.0011076640299781948,0.0,0.0,0.0,0,0,0,0,1.9102128982420084,1.9102128982420084
2022-02-17,0.0,-0.028842620263654806,0.0,0.0,0.0,0,0,0,0,1.9102128982420084,1.9102128982420084
2022-02-18,0.0,-0.01229546238128032,0.0,0.0,0.0,0,0,0,0,1.9102128982420084,1.9102128982420084
2022-02-22,0.0,-0.01229317951181419,0.0,0.0,0.0,0,0,0,0,1.9102128982420084,1.9102128982420084
2022-02-23,0.0,-0.025709290679353902,0.0,0.0,0.0,0,0,0,0,1.9102128982420084,1.9102128982420084
2022-02-24,0.0,0.03344952059895756,0.0,0.0,0.0,0,0,0,0,1.9102128982420084,1.9102128982420084
2022-02-25,0.0,0.01640535907852292,0.0,0.0,0.0,0,0,0,0,1.9102128982420084,1.9102128982420084
2022-02-28,0.0,0.004145816635783506,0.0,0.0,0.0,0,0,0,0,1.9102128982420084,1.9102128982420084
2022-03-01,0.0,-0.015921317796936285,0.0,0.0,0.0,0,0,0,0,1.9102128982420084,1.9102128982420084
2022-03-02,0.0,0.016224516179949244,0.0,0.0,0.0,0,0,0,0,1.9102128982420084,1.9102128982420084
2022-03-03,0.0,-0.015566822396069657,0.0,0.0,0.0,0,0,0,0,1.9102128982420084,1.9102128982420084
2022-03-04,0.0,-0.016583237684866914,0.0,0.0,0.0,0,0,0,0,1.9102128982420084,1.9102128982420084
2022-03-07,0.0,-0.036239818886758646,0.0,0.0,0.0,0,0,0,0,1.9102128982420084,1.9102128982420084
2022-03-08,0.0,-0.0027597385352692294,0.0,0.0,0.0,0,0,0,0,1.9102128982420084,1.9102128982420084
2022-03-09,0.0,0.035949532086611447,0.0,0.0,0.0,0,0,0,0,1.9102128982420084,1.9102128982420084
2022-03-10,0.0,-0.009473996842332855,0.0,0.0,0.0,0,0,0,0,1.9102128982420084,1.9102128982420084
2022-03-11,0.0,-0.021794067674022144,0.0,0.0,0.0,0,0,0,0,1.9102128982420084,1.9102128982420084
2022-03-14,0.0,-0.020444630453667068,0.0,0.0,0.0,0,0,0,0,1.9102128982420084,1.9102128982420084
2022-03-15,0.0,0.029202285593797672,0.0,0.0,0.0,0,0,0,0,1.9102128982420084,1.9102128982420084
2022-03-16,0.0,0.03768212817656691,0.0,0.0,0.0,0,0,0,0,1.9102128982420084,1.9102128982420084
2022-03-17,0.0,0.013264451379705333,0.0,0.0,0.0,0,0,0,0,1.9102128982420084,1.9102128982420084
2022-03-18,0.0,0.02049652476236652,0.0,0.0,0.0,0,0,0,0,1.9102128982420084,1.9102128982420084
2022-03-21,0.0,-0.003985716861265365,0.0,0.0,0.0,0,0,0,0,1.9102128982420084,1.9102128982420084
2022-03-22,0.0,0.019536668097461796,0.0,0.0,0.0,0,0,0,0,1.9102128982420084,1.9102128982420084
2022-03-23,0.0,-0.01319833510638535,0.0,0.0,0.0,0,0,0,0,1.9102128982420084,1.9102128982420084
2022-03-24,0.0,0.01933793350231272,0.0,0.0,0.0,0,0,0,0,1.9102128982420084,1.9102128982420084
2022-03-25,0.0,-0.0015881733268547915,0.0,0.0,0.0,0,0,0,0,1.9102128982420084,1.9102128982420084
2022-03-28,0.0,0.013098918268353632,0.0,0.0,0.0,0,0,0,0,1.9102128982420084,1.9102128982420084
2022-03-29,0.0,0.01844202032639397,0.0,0.0,0.0,0,0,0,0,1.9102128982420084,1.9102128982420084
2022-03-30,0.0,-0.01213171816586378,0.0,0.0,0.0,0,0,0,0,1.9102128982420084,1.9102128982420084
2022-03-31,0.0,-0.015354631400716245,0.0,0.0,0.0,0,0,0,0,1.9102128982420084,1.9102128982420084
2022-04-01,0.0,0.002881849892591104,0.0,0.0,0.0,0,0,0,0,1.9102128982420084,1.9102128982420084
2022-04-04,0.0,0.01900597412614391,0.0,0.0,0.0,0,0,0,0,1.9102128982420084,1.9102128982420084
2022-04-05,0.0,-0.02259655851125464,0.0,0.0,0.0,0,0,0,0,1.9102128982420084,1.9102128982420084
2022-04-06,0.0,-0.022201272189965593,0.0,0.0,0.0,0,0,0,0,1.9102128982420084,1.9102128982420084
2022-04-07,0.0,0.0006107359435800763,0.0,0.0,0.0,0,0,0,0,1.9102128982420084,1.9102128982420084
2022-04-08,0.0,-0.013405748072010337,0.0,0.0,0.0,0,0,0,0,1.9102128982420084,1.9102128982420084
2022-04-11,0.0,-0.02181023157026507,0.0,0.0,0.0,0,0,0,0,1.9102128982420084,1.9102128982420084
2022-04-12,0.0,-0.003011104398112363,0.0,0.0,0.0,0,0,0,0,1.9102128982420084,1.9102128982420084
2022-04-13,0.0,0.020342829866225376,0.0,0.0,0.0,0,0,0,0,1.9102128982420084,1.9102128982420084
2022-04-14,0.0,-0.021439215518904264,0.0,0.0,0.0,0,0,0,0,1.9102128982420084,1.9102128982420084
2022-04-18,0.0,-0.0014022611850154076,0.0,0.0,0.0,0,0,0,0,1.9102128982420084,1.9102128982420084
2022-04-19,0.0,0.02154898727812382,0.0,0.0,0.0,0,0,0,0,1.9102128982420084,1.9102128982420084
2022-04-20,0.0,-0.012231645024930904,0.0,0.0,0.0,0,0,0,0,1.9102128982420084,1.9102128982420084
2022-04-21,0.0,-0.020695208989320646,0.0,0.0,0.0,0,0,0,0,1.9102128982420084,1.9102128982420084
2022-04-22,0.0,-0.025454821521881055,0.0,0.0,0.0,0,0,0,0,1.9102128982420084,1.9102128982420084
2022-04-25,0.0,0.012894752070850002,0.0,0.0,0.0,0,0,0,0,1.9102128982420084,1.9102128982420084
2022-04-26,0.0,-0.039532113109318257,0.0,0.0,0.0,0,0,0,0,1.9102128982420084,1.9102128982420084
2022-04-27,0.0,-0.00014495534581171476,0.0,0.0,0.0,0,0,0,0,1.9102128982420084,1.9102128982420084
2022-04-28,0.0,0.03063469971805266,0.0,0.0,0.0,0,0,0,0,1.9102128982420084,1.9102128982420084
2022-04-29,0.0,-0.04171126607485032,0.0,0.0,0.0,0,0,0,0,1.9102128982420084,1.9102128982420084
2022-05-02,0.0,0.016326216778964397,0.0,0.0,0.0,0,0,0,0,1.9102128982420084,1.9102128982420084
2022-05-03,0.0,0.002212839905394004,0.0,0.0,0.0,0,0,0,0,1.9102128982420084,1.9102128982420084
2022-05-04,0.0,0.0319249786875071,0.0,0.0,0.0,0,0,0,0,1.9102128982420084,1.9102128982420084
2022-05-05,0.0,-0.04991680007540389,0.0,0.0,0.0,0,0,0,0,1.9102128982420084,1.9102128982420084
2022-05-06,0.0,-0.01404721829611677,0.0,0.0,0.0,0,0,0,0,1.9102128982420084,1.9102128982420084
2022-05-09,0.0,-0.042933602903616364,0.0,0.0,0.0,0,0,0,0,1.9102128982420084,1.9102128982420084
2022-05-10,0.0,0.009844313740875243,0.0,0.0,0.0,0,0,0,0,1.9102128982420084,1.9102128982420084
2022-05-11,0.0,-0.031815127820630895,0.0,0.0,0.0,0,0,0,0,1.9102128982420084,1.9102128982420084
2022-05-12,0.0,0.0005919007978312241,0.0,0.0,0.0,0,0,0,0,1.9102128982420084,1.9102128982420084
2022-05-13,0.0,0.03817092202199701,0.0,0.0,0.0,0,0,0,0,1.9102128982420084,1.9102128982420084
2022-05-16,0.0,-0.012046673096709481,0.0,0.0,0.0,0,0,0,0,1.9102128982420084,1.9102128982420084
2022-05-17,0.0,0.027586149833260354,0.0,0.0,0.0,0,0,0,0,1.9102128982420084,1.9102128982420084
2022-05-18,0.0,-0.04725830336586201,0.0,0.0,0.0,0,0,0,0,1.9102128982420084,1.9102128982420084
2022-05-19,0.0,-0.0025975476614464865,0.0,0.0,0.0,0,0,0,0,1.9102128982420084,1.9102128982420084
2022-05-20,0.0,-0.002974747734667771,0.0,0.0,0.0,0,0,0,0,1.9102128982420084,1.9102128982420084
2022-05-23,0.0,0.015910461516923657,0.0,0.0,0.0,0,0,0,0,1.9102128982420084,1.9102128982420084
2022-05-24,0.0,-0.023478089086463316,0.0,0.0,0.0,0,0,0,0,1.9102128982420084,1.9102128982420084
2022-05-25,0.0,0.015117651302262614,0.0,0.0,0.0,0,0,0,0,1.9102128982420084,1.9102128982420084
2022-05-26,0.0,0.026752702260782524,0.0,0.0,0.0,0,0,0,0,1.9102128982420084,1.9102128982420084
2022-05-27,0.0,0.033258847397414915,0.0,0.0,0.0,0,0,0,0,1.9102128982420084,1.9102128982420084
2022-05-31,0.0,-0.0041001371108772,0.0,0.0,0.0,0,0,0,0,1.9102128982420084,1.9102128982420084
2022-06-01,0.0,-0.007195495591749701,0.0,0.0,0.0,0,0,0,0,1.9102128982420084,1.9102128982420084
2022-06-02,0.0,0.026882277318028613,0.0,0.0,0.0,0,0,0,0,1.9102128982420084,1.9102128982420084
2022-06-03,0.0,-0.02469485337315125,0.0,0.0,0.0,0,0,0,0,1.9102128982420084,1.9102128982420084
2022-06-06,0.0,0.004048678542331041,0.0,0.0,0.0,0,0,0,0,1.9102128982420084,1.9102128982420084
2022-06-07,0.0,0.009440163020949077,0.0,0.0,0.0,0,0,0,0,1.9102128982420084,1.9102128982420084
2022-06-08,0.0,-0.0073067112301454795,0.0,0.0,0.0,0,0,0,0,1.9102128982420084,1.9102128982420084
2022-06-09,0.0,-0.027472899932200034,0.0,0.0,0.0,0,0,0,0,1.9102128982420084,1.9102128982420084
2022-06-10,0.0,-0.03523849329555151,0.0,0.0,0.0,0,0,0,0,1.9102128982420084,1.9102128982420084
2022-06-13,0.0,-0.04680755360632205,0.0,0.0,0.0,0,0,0,0,1.9102128982420084,1.9102128982420084
2022-06-14,0.0,0.0017688686227439465,0.0,0.0,0.0,0,0,0,0,1.9102128982420084,1.9102128982420084
2022-06-15,0.0,0.025009231096122075,0.0,0.0,0.0,0,0,0,0,1.9102128982420084,1.9102128982420084
2022-06-16,0.0,-0.04081893879067888,0.0,0.0,0.0,0,0,0,0,1.9102128982420084,1.9102128982420084
2022-06-17,0.0,0.014301107449822048,0.0,0.0,0.0,0,0,0,0,1.9102128982420084,1.9102128982420084
2022-06-21,0.0,0.025092084442237317,0.0,0.0,0.0,0,0,0,0,1.9102128982420084,1.9102128982420084
2022-06-22,0.0,-0.0014655485028881587,0.0,0.0,0.0,0,0,0,0,1.9102128982420084,1.9102128982420084
2022-06-23,0.0,0.016204740975323206,0.0,0.0,0.0,0,0,0,0,1.9102128982420084,1.9102128982420084
2022-06-24,0.0,0.03342425829529061,0.0,0.0,0.0,0,0,0,0,1.9102128982420084,1.9102128982420084
2022-06-27,0.0,-0.008296679178878441,0.0,0.0,0.0,0,0,0,0,1.9102128982420084,1.9102128982420084
2022-06-28,0.0,-0.02864793366707674,0.0,0.0,0.0,0,0,0,0,1.9102128982420084,1.9102128982420084
2022-06-29,0.0,-0.0003261089259620764,0.0,0.0,0.0,0,0,0,0,1.9102128982420084,1.9102128982420084
2022-06-30,0.0,-0.013344034693620666,0.0,0.0,0.0,0,0,0,0,1.9102128982420084,1.9102128982420084
2022-07-01,0.0,0.008986460950001662,0.0,0.0,0.0,0,0,0,0,1.9102128982420084,1.9102128982420084
2022-07-05,0.0,0.01746902524619176,0.0,0.0,0.0,0,0,0,0,1.9102128982420084,1.9102128982420084
2022-07-06,0.0,0.003498804957921209,0.0,0.0,0.0,0,0,0,0,1.9102128982420084,1.9102128982420084
2022-07-07,0.0,0.022839067885730868,0.0,0.0,0.0,0,0,0,0,1.9102128982420084,1.9102128982420084
2022-07-08,0.0,0.0012014013144794333,0.0,0.0,0.0,0,0,0,0,1.9102128982420084,1.9102128982420084
2022-07-11,0.0,-0.022578603766350014,0.0,0.0,0.0,0,0,0,0,1.9102128982420084,1.9102128982420084
2022-07-12,0.0,-0.009485176061696077,0.0,0.0,0.0,0,0,0,0,1.9102128982420084,1.9102128982420084
2022-07-13,0.0,-0.0015220519093782636,0.0,0.0,0.0,0,0,0,0,1.9102128982420084,1.9102128982420084
2022-07-14,0.0,0.000320379971446183,0.0,0.0,0.0,0,0,0,0,1.9102128982420084,1.9102128982420084
2022-07-15,0.0,0.017885706355121433,0.0,0.0,0.0,0,0,0,0,1.9102128982420084,1.9102128982420084
2022-07-18,0.0,-0.008065805545096505,0.0,0.0,0.0,0,0,0,0,1.9102128982420084,1.9102128982420084
2022-07-19,0.0,0.03108258020637389,0.0,0.0,0.0,0,0,0,0,1.9102128982420084,1.9102128982420084
2022-07-20,0.0,0.015751863450878645,0.0,0.0,0.0,0,0,0,0,1.9102128982420084,1.9102128982420084
2022-07-21,0.0,0.013612602567931953,0.0,0.0,0.0,0,0,0,0,1.9102128982420084,1.9102128982420084
2022-07-22,0.0,-0.018698623854268348,0.0,0.0,0.0,0,0,0,0,1.9102128982420084,1.9102128982420084
2022-07-25,0.0,-0.004347204339712585,0.0,0.0,0.0,0,0,0,0,1.9102128982420084,1.9102128982420084
2022-07-26,0.0,-0.01867928701365207,0.0,0.0,0.0,0,0,0,0,1.9102128982420084,1.9102128982420084
2022-07-27,0.0,0.04063530247442659,0.0,0.0,0.0,0,0,0,0,1.9102128982420084,1.9102128982420084
2022-07-28,0.0,0.010818261715186184,0.0,0.0,0.0,0,0,0,0,1.9102128982420084,1.9102128982420084
2022-07-29,0.0,0.018753789076947358,0.0,0.0,0.0,0,0,0,0,1.9102128982420084,1.9102128982420084
2022-08-01,0.0,-0.001752275650564239,0.0,0.0,0.0,0,0,0,0,1.9102128982420084,1.9102128982420084
2022-08-02,0.0,-0.0016345573517018153,0.0,0.0,0.0,0,0,0,0,1.9102128982420084,1.9102128982420084
2022-08-03,0.0,0.025865063124001164,0.0,0.0,0.0,0,0,0,0,1.9102128982420084,1.9102128982420084
2022-08-04,0.0,0.004138004517657112,0.0,0.0,0.0,0,0,0,0,1.9102128982420084,1.9102128982420084
2022-08-05,0.0,-0.004954601087728605,0.0,0.0,0.0,0,0,0,0,1.9102128982420084,1.9102128982420084
2022-08-08,0.0,-0.001034615319497667,0.0,0.0,0.0,0,0,0,0,1.9102128982420084,1.9102128982420084
2022-08-09,0.0,-0.011904763976062549,0.0,0.0,0.0,0,0,0,0,1.9102128982420084,1.9102128982420084
2022-08-10,0.0,0.028884026776619276,0.0,0.0,0.0,0,0,0,0,1.9102128982420084,1.9102128982420084
2022-08-11,0.0,-0.005826039504124192,0.0,0.0,0.0,0,0,0,0,1.9102128982420084,1.9102128982420084
2022-08-12,0.0,0.020913555422654273,0.0,0.0,0.0,0,0,0,0,1.9102128982420084,1.9102128982420084
2022-08-15,0.0,0.006198057044563443,0.0,0.0,0.0,0,0,0,0,1.9102128982420084,1.9102128982420084
2022-08-16,0.0,-0.0019427024390296088,0.0,0.0,0.0,0,0,0,0,1.9102128982420084,1.9102128982420084
2022-08-17,0.0,-0.012549146163073344,0.0,0.0,0.0,0,0,0,0,1.9102128982420084,1.9102128982420084
2022-08-18,0.0,0.0021037672929837825,0.0,0.0,0.0,0,0,0,0,1.9102128982420084,1.9102128982420084
2022-08-19,0.0,-0.02006325818575805,0.0,0.0,0.0,0,0,0,0,1.9102128982420084,1.9102128982420084
2022-08-22,0.0,-0.02547313092258774,0.0,0.0,0.0,0,0,0,0,1.9102128982420084,1.9102128982420084
2022-08-23,0.0,-2.200043529199114e-05,0.0,0.0,0.0,0,0,0,0,1.9102128982420084,1.9102128982420084
2022-08-24,0.0,0.004056641609094802,0.0,0.0,0.0,0,0,0,0,1.9102128982420084,1.9102128982420084
2022-08-25,0.0,0.01671060160081872,0.0,0.0,0.0,0,0,0,0,1.9102128982420084,1.9102128982420084
2022-08-26,0.0,-0.03936586315584678,0.0,0.0,0.0,0,0,0,0,1.9102128982420084,1.9102128982420084
2022-08-29,0.0,-0.010216114534114085,0.0,0.0,0.0,0,0,0,0,1.9102128982420084,1.9102128982420084
2022-08-30,0.0,-0.011194533741897383,0.0,0.0,0.0,0,0,0,0,1.9102128982420084,1.9102128982420084
2022-08-31,0.0,-0.005632654213259869,0.0,0.0,0.0,0,0,0,0,1.9102128982420084,1.9102128982420084
2022-09-01,0.0,-0.002630041117015036,0.0,0.0,0.0,0,0,0,0,1.9102128982420084,1.9102128982420084
2022-09-02,0.0,-0.01308952488076931,0.0,0.0,0.0,0,0,0,0,1.9102128982420084,1.9102128982420084
2022-09-06,0.0,-0.007390259036897162,0.0,0.0,0.0,0,0,0,0,1.9102128982420084,1.9102128982420084
2022-09-07,0.0,0.021393862500018734,0.0,0.0,0.0,0,0,0,0,1.9102128982420084,1.9102128982420084
2022-09-08,0.0,0.005955741108171209,0.0,0.0,0.0,0,0,0,0,1.9102128982420084,1.9102128982420084
2022-09-09,0.0,0.02109045535662668,0.0,0.0,0.0,0,0,0,0,1.9102128982420084,1.9102128982420084
2022-09-12,0.0,0.012722894580624367,0.0,0.0,0.0,0,0,0,0,1.9102128982420084,1.9102128982420084
2022-09-13,0.0,-0.051590969948159815,0.0,0.0,0.0,0,0,0,0,1.9102128982420084,1.9102128982420084
2022-09-14,0.0,0.007401293748571458,0.0,0.0,0.0,0,0,0,0,1.9102128982420084,1.9102128982420084
2022-09-15,0.0,-0.014276868723104852,0.0,0.0,0.0,0,0,0,0,1.9102128982420084,1.9102128982420084
2022-09-16,0.0,-0.008998518345701534,0.0,0.0,0.0,0,0,0,0,1.9102128982420084,1.9102128982420084
2022-09-19,0.0,0.007565788672032614,0.0,0.0,0.0,0,0,0,0,1.9102128982420084,1.9102128982420084
2022-09-20,0.0,-0.009533464594489782,0.0,0.0,0.0,0,0,0,0,1.9102128982420084,1.9102128982420084
2022-09-21,0.0,-0.017930633621340286,0.0,0.0,0.0,0,0,0,0,1.9102128982420084,1.9102128982420084
2022-09-22,0.0,-0.013670594454333829,0.0,0.0,0.0,0,0,0,0,1.9102128982420084,1.9102128982420084
2022-09-23,0.0,-0.017970849528875288,0.0,0.0,0.0,0,0,0,0,1.9102128982420084,1.9102128982420084
2022-09-26,0.0,-0.005981260932053978,0.0,0.0,0.0,0,0,0,0,1.9102128982420084,1.9102128982420084
2022-09-27,0.0,0.0024606305818057894,0.0,0.0,0.0,0,0,0,0,1.9102128982420084,1.9102128982420084
2022-09-28,0.0,0.020511816797074145,0.0,0.0,0.0,0,0,0,0,1.9102128982420084,1.9102128982420084
2022-09-29,0.0,-0.028423916613183553,0.0,0.0,0.0,0,0,0,0,1.9102128982420084,1.9102128982420084
2022-09-30,0.0,-0.015076760050953708,0.0,0.0,0.0,0,0,0,0,1.9102128982420084,1.9102128982420084
2022-10-03,0.0,0.02267626109945664,0.0,0.0,0.0,0,0,0,0,1.9102128982420084,1.9102128982420084
2022-10-04,0.0,0.03337551502553571,0.0,0.0,0.0,0,0,0,0,1.9102128982420084,1.9102128982420084
2022-10-05,0.0,-0.002484394512786703,0.0,0.0,0.0,0,0,0,0,1.9102128982420084,1.9102128982420084
2022-10-06,0.0,-0.006756717302176085,0.0,0.0,0.0,0,0,0,0,1.9102128982420084,1.9102128982420084
2022-10-07,0.0,-0.03801087308081896,0.0,0.0,0.0,0,0,0,0,1.9102128982420084,1.9102128982420084
2022-10-10,0.0,-0.010354723393290688,0.0,0.0,0.0,0,0,0,0,1.9102128982420084,1.9102128982420084
2022-10-11,0.0,-0.010994980355719663,0.0,0.0,0.0,0,0,0,0,1.9102128982420084,1.9102128982420084
2022-10-12,0.0,-0.0008721113636951383,0.0,0.0,0.0,0,0,0,0,1.9102128982420084,1.9102128982420084
2022-10-13,0.0,0.022276231502694976,0.0,0.0,0.0,0,0,0,0,1.9102128982420084,1.9102128982420084
2022-10-14,0.0,-0.03077837472565781,0.0,0.0,0.0,0,0,0,0,1.9102128982420084,1.9102128982420084
2022-10-17,0.0,0.034337637143730504,0.0,0.0,0.0,0,0,0,0,1.9102128982420084,1.9102128982420084
2022-10-18,0.0,0.009048642046599387,0.0,0.0,0.0,0,0,0,0,1.9102128982420084,1.9102128982420084
2022-10-19,0.0,-0.008530548473853483,0.0,0.0,0.0,0,0,0,0,1.9102128982420084,1.9102128982420084
2022-10-20,0.0,-0.006148022287854049,0.0,0.0,0.0,0,0,0,0,1.9102128982420084,1.9102128982420084
2022-10-21,0.0,0.023068827447088713,0.0,0.0,0.0,0,0,0,0,1.9102128982420084,1.9102128982420084
2022-10-24,0.0,0.0085541373007203,0.0,0.0,0.0,0,0,0,0,1.9102128982420084,1.9102128982420084
2022-10-25,0.0,0.022506404477259156,0.0,0.0,0.0,0,0,0,0,1.9102128982420084,1.9102128982420084
2022-10-26,0.0,-0.020369734209002455,0.0,0.0,0.0,0,0,0,0,1.9102128982420084,1.9102128982420084
2022-10-27,0.0,-0.01625353447977107,0.0,0.0,0.0,0,0,0,0,1.9102128982420084,1.9102128982420084
2022-10-28,0.0,0.028702551104384133,0.0,0.0,0.0,0,0,0,0,1.9102128982420084,1.9102128982420084
2022-10-31,0.0,-0.010295617487960151,0.0,0.0,0.0,0,0,0,0,1.9102128982420084,1.9102128982420084
2022-11-01,0.0,-0.008854979213735459,0.0,0.0,0.0,0,0,0,0,1.9102128982420084,1.9102128982420084
2022-11-02,0.0,-0.03361068645018084,0.0,0.0,0.0,0,0,0,0,1.9102128982420084,1.9102128982420084
2022-11-03,0.0,-0.017278860744571745,0.0,0.0,0.0,0,0,0,0,1.9102128982420084,1.9102128982420084
2022-11-04,0.0,0.012792735419803858,0.0,0.0,0.0,0,0,0,0,1.9102128982420084,1.9102128982420084
2022-11-07,0.0,0.008521472828312726,0.0,0.0,0.0,0,0,0,0,1.9102128982420084,1.9102128982420084
2022-11-08,0.0,0.0048919120268553495,0.0,0.0,0.0,0,0,0,0,1.9102128982420084,1.9102128982420084
2022-11-09,0.0,-0.0247758515330182,0.0,0.0,0.0,0,0,0,0,1.9102128982420084,1.9102128982420084
2022-11-10,0.0,0.07350128967203373,0.0,0.0,0.0,0,0,0,0,1.9102128982420084,1.9102128982420084
2022-11-11,0.0,0.018821472256101535,0.0,0.0,0.0,0,0,0,0,1.9102128982420084,1.9102128982420084
2022-11-14,0.0,-0.011225530621461699,0.0,0.0,0.0,0,0,0,0,1.9102128982420084,1.9102128982420084
2022-11-15,0.0,0.014486093508321085,0.0,0.0,0.0,0,0,0,0,1.9102128982420084,1.9102128982420084
2022-11-16,0.0,-0.01538525171418803,0.0,0.0,0.0,0,0,0,0,1.9102128982420084,1.9102128982420084
2022-11-17,0.0,-0.0034604240676811004,0.0,0.0,0.0,0,0,0,0,1.9102128982420084,1.9102128982420084
2022-11-18,0.0,9.910311012384376e-05,0.0,0.0,0.0,0,0,0,0,1.9102128982420084,1.9102128982420084
2022-11-21,0.0,-0.010905357833764118,0.0,0.0,0.0,0,0,0,0,1.9102128982420084,1.9102128982420084
2022-11-22,0.0,0.013596567147419858,0.0,0.0,0.0,0,0,0,0,1.9102128982420084,1.9102128982420084
2022-11-23,0.0,0.009925467001548727,0.0,0.0,0.0,0,0,0,0,1.9102128982420084,1.9102128982420084
2022-11-25,0.0,-0.005224655887835272,0.0,0.0,0.0,0,0,0,0,1.9102128982420084,1.9102128982420084
2022-11-28,0.0,-0.015753687828610086,0.0,0.0,0.0,0,0,0,0,1.9102128982420084,1.9102128982420084
2022-11-29,0.0,-0.005947753830286784,0.0,0.0,0.0,0,0,0,0,1.9102128982420084,1.9102128982420084
2022-11-30,0.0,0.04408471681509485,0.0,0.0,0.0,0,0,0,0,1.9102128982420084,1.9102128982420084
2022-12-01,0.0,0.0012602986497352031,0.0,0.0,0.0,0,0,0,0,1.9102128982420084,1.9102128982420084
2022-12-02,0.0,-0.0018247065268965912,0.0,0.0,0.0,0,0,0,0,1.9102128982420084,1.9102128982420084
2022-12-05,0.0,-0.01933077311514575,0.0,0.0,0.0,0,0,0,0,1.9102128982420084,1.9102128982420084
2022-12-06,0.0,-0.020022166493363525,0.0,0.0,0.0,0,0,0,0,1.9102128982420084,1.9102128982420084
2022-12-07,0.0,-0.005114522436974744,0.0,0.0,0.0,0,0,0,0,1.9102128982420084,1.9102128982420084
2022-12-08,0.0,0.011265099700154657,0.0,0.0,0.0,0,0,0,0,1.9102128982420084,1.9102128982420084
2022-12-09,0.0,-0.006983006654870949,0.0,0.0,0.0,0,0,0,0,1.9102128982420084,1.9102128982420084
2022-12-12,0.0,0.012642066277416708,0.0,0.0,0.0,0,0,0,0,1.9102128982420084,1.9102128982420084
2022-12-13,0.0,0.010146971954644535,0.0,0.0,0.0,0,0,0,0,1.9102128982420084,1.9102128982420084
2022-12-14,0.0,-0.007633314703135219,0.0,0.0,0.0,0,0,0,0,1.9102128982420084,1.9102128982420084
2022-12-15,0.0,-0.03225888057749238,0.0,0.0,0.0,0,0,0,0,1.9102128982420084,1.9102128982420084
2022-12-16,0.0,-0.009723143546460533,0.0,0.0,0.0,0,0,0,0,1.9102128982420084,1.9102128982420084
2022-12-19,0.0,-0.014887971498458885,0.0,0.0,0.0,0,0,0,0,1.9102128982420084,1.9102128982420084
2022-12-20,0.0,0.00010241766566965183,0.0,0.0,0.0,0,0,0,0,1.9102128982420084,1.9102128982420084
2022-12-21,0.0,0.0153840971239112,0.0,0.0,0.0,0,0,0,0,1.9102128982420084,1.9102128982420084
2022-12-22,0.0,-0.02178008583343294,0.0,0.0,0.0,0,0,0,0,1.9102128982420084,1.9102128982420084
2022-12-23,0.0,0.0020755968686916315,0.0,0.0,0.0,0,0,0,0,1.9102128982420084,1.9102128982420084
2022-12-27,0.0,-0.013777727511464222,0.0,0.0,0.0,0,0,0,0,1.9102128982420084,1.9102128982420084
2022-12-28,0.0,-0.013516414293491819,0.0,0.0,0.0,0,0,0,0,1.9102128982420084,1.9102128982420084
2022-12-29,0.0,0.025926890283257675,0.0,0.0,0.0,0,0,0,0,1.9102128982420084,1.9102128982420084
2022-12-30,0.0,-0.001107597227505308,0.0,0.0,0.0,0,0,0,0,1.9102128982420084,1.9102128982420084
2023-01-03,0.0,-0.007595389220297233,0.0,0.0,0.0,0,0,0,0,1.9102128982420084,1.9102128982420084
2023-01-04,0.0,0.006910311716651796,0.0,0.0,0.0,0,0,0,0,1.9102128982420084,1.9102128982420084
2023-01-05,0.0,-0.014678649767878249,0.0,0.0,0.0,0,0,0,0,1.9102128982420084,1.9102128982420084
2023-01-06,0.0,0.025623146016223286,0.0,0.0,0.0,0,0,0,0,1.9102128982420084,1.9102128982420084
2023-01-09,0.0,0.006278139356121093,0.0,0.0,0.0,0,0,0,0,1.9102128982420084,1.9102128982420084
2023-01-10,0.0,0.010058671170563471,0.0,0.0,0.0,0,0,0,0,1.9102128982420084,1.9102128982420084
2023-01-11,0.0,0.01759727382956755,0.0,0.0,0.0,0,0,0,0,1.9102128982420084,1.9102128982420084
2023-01-12,0.0,0.006351599918728024,0.0,0.0,0.0,0,0,0,0,1.9102128982420084,1.9102128982420084
2023-01-13,0.0,0.007094896698781383,0.0,0.0,0.0,0,0,0,0,1.9102128982420084,1.9102128982420084
2023-01-17,0.0,0.0014402811650946479,0.0,0.0,0.0,0,0,0,0,1.9102128982420084,1.9102128982420084
2023-01-18,0.0,-0.01244697519222282,0.0,0.0,0.0,0,0,0,0,1.9102128982420084,1.9102128982420084
2023-01-19,0.0,-0.009559466879142997,0.0,0.0,0.0,0,0,0,0,1.9102128982420084,1.9102128982420084
2023-01-20,0.0,0.026553441194949956,0.0,0.0,0.0,0,0,0,0,1.9102128982420084,1.9102128982420084
2023-01-23,0.0,0.020105095361360403,0.0,0.0,0.0,0,0,0,0,1.9102128982420084,1.9102128982420084
2023-01-24,0.0,-0.002652367269862066,0.0,0.0,0.0,0,0,0,0,1.9102128982420084,1.9102128982420084
2023-01-25,0.0,-0.0018452090193886717,0.0,0.0,0.0,0,0,0,0,1.9102128982420084,1.9102128982420084
2023-01-26,0.0,0.01759475043190961,0.0,0.0,0.0,0,0,0,0,1.9102128982420084,1.9102128982420084
2023-01-27,0.0,0.009493830620098231,0.0,0.0,0.0,0,0,0,0,1.9102128982420084,1.9102128982420084
2023-01-30,0.0,-0.019609463667566884,0.0,0.0,0.0,0,0,0,0,1.9102128982420084,1.9102128982420084
2023-01-31,0.0,0.016740425254421876,0.0,0.0,0.0,0,0,0,0,1.9102128982420084,1.9102128982420084
2023-02-01,-0.0009990009990009652,0.02000660051431602,1.0,0.999000999000999,0.00190830459364836,5,0,0,0,1.90830459364836,-3.5561831257524545e-17
2023-02-02,-0.004201561031652146,0.03253966740726111,1.0,0.0,0.0,5,0,0,0,1.9002867354311643,-3.5561831257524545e-17
2023-02-03,-0.021706044203956276,-0.015889368536130433,1.0,0.0,0.0,5,0,0,0,1.8590390275517037,-3.5561831257524545e-17
2023-02-06,-0.000332183029920996,-0.009952973006453592,1.0,0.0,0.0,5,0,0,0,1.85842148633479,-3.5561831257524545e-17
2023-02-07,0.0133726036195716,0.01903990310722814,1.0,0.0,0.0,5,0,0,0,1.8832734202296404,-3.5561831257524545e-17
2023-02-08,-0.00730692597254845,-0.016779692023784265,1.0,0.0,0.0,5,0,0,0,1.8695124807619543,-3.5561831257524545e-17
2023-02-09,-0.004022178862820858,-0.010154165806607662,1.0,0.0,0.0,5,0,0,0,1.8619929671780537,-3.5561831257524545e-17
2023-02-10,-0.023079578801859846,-0.006061200267955313,1.0,0.0,0.0,5,0,0,0,1.819018953763559,-3.5561831257524545e-17
2023-02-13,0.020164725336856648,0.0148205512930355,1.0,0.0,0.0,5,0,0,0,1.8556989713487377,-3.5561831257524545e-17
2023-02-14,0.015496899828670196,0.00574820150485178,1.0,0.0,0.0,5,0,0,0,1.8844565524198955,-3.5561831257524545e-17
2023-02-15,0.01642730892359734,0.009234611736119724,1.0,0.0,0.0,5,0,0,0,1.9154131023595942,-3.5561831257524545e-17
2023-02-16,-0.026485682843413794,-0.01779190165374478,1.0,0.0,0.0,5,0,0,0,1.8646820784163787,-3.5561831257524545e-17
2023-02-17,-0.013422708640438596,-0.00578301787963631,1.0,0.0,0.0,5,0,0,0,1.8396529941707482,-3.5561831257524545e-17
2023-02-21,-0.018786282731013904,-0.02502451054936672,1.0,0.0,0.0,5,0,0,0,1.8050927528953002,-3.5561831257524545e-17
2023-02-22,0.007457599240715318,0.0012851647600451432,1.0,0.0,0.0,5,0,0,0,1.8185544112387129,-3.5561831257524545e-17
2023-02-23,0.03214527578498583,0.007241730329917262,1.0,0.0,0.0,5,0,0,0,1.8770123443179838,-3.5561831257524545e-17
2023-02-24,-0.005449146455867249,-0.016863954340701315,1.0,0.0,0.0,5,0,0,0,1.8667842291543244,-3.5561831257524545e-17
2023-02-27,0.018274187936425212,0.006321936855243404,1.0,0.0,0.0,5,0,0,0,1.900898194994645,-3.5561831257524545e-17
2023-02-28,0.006364932331213824,-0.0009972634903550048,1.0,0.0,0.0,5,0,0,0,1.9129972833743123,-3.5561831257524545e-17
2023-03-01,0.02288434983566523,-0.006639536338383878,1.0000000000000002,0.811850460264159,0.001589899430713306,5,0,0,0,1.956774982441727,-2.239961688355052e-16
2023-03-02,0.01336350365576422,0.007337502918849381,1.0000000000000002,0.0,0.0,5,0,0,0,1.982924352073095,-2.239961688355052e-16
2023-03-03,0.03549902671980454,0.019717776040358848,1.0000000000000002,0.0,0.0,5,0,0,0,2.053316236630689,-2.239961688355052e-16
2023-03-06,0.0016955950586283741,-0.0011351350246131542,1.0000000000000002,0.0,0.0,5,0,0,0,2.0567978294953213,-2.239961688355052e-16
2023-03-07,-0.004466550713217998,-0.012453628945557016,1.0000000000000002,0.0,0.0,5,0,0,0,2.0476110376830436,-2.239961688355052e-16
2023-03-08,0.004811842252510523,0.003961108838843375,1.0000000000000002,0.0,0.0,5,0,0,0,2.057463818990874,-2.239961688355052e-16
2023-03-09,-0.030153836362164288,-0.02052956974819531,1.0000000000000002,0.0,0.0,5,0,0,0,1.9954233916719497,-2.239961688355052e-16
2023-03-10,-0.01955270876154669,-0.017592217636165808,1.0000000000000002,0.0,0.0,5,0,0,0,1.9564074592386103,-2.239961688355052e-16
2023-03-13,-0.0008945098573160948,0.0044847476108409445,1.0000000000000002,0.0,0.0,5,0,0,0,1.9546574334813946,-2.239961688355052e-16
2023-03-14,0.03990671170136384,0.021387877573898928,1.0000000000000002,0.0,0.0,5,0,0,0,2.0326613841542645,-2.239961688355052e-16
2023-03-15,-0.004743578357980227,0.0005165666207134212,1.0000000000000002,0.0,0.0,5,0,0,0,2.023019295603288,-2.239961688355052e-16
2023-03-16,0.03032098185319798,0.024770274348416166,1.0000000000000002,0.0,0.0,5,0,0,0,2.084359226953945,-2.239961688355052e-16
2023-03-17,-0.013976234053646786,-0.007404681517967915,1.0000000000000002,0.0,0.0,5,0,0,0,2.0552277345461585,-2.239961688355052e-16
2023-03-20,0.0021478390512712497,0.0038712305545025583,1.0000000000000002,0.0,0.0,5,0,0,0,2.0596420329336724,-2.239961688355052e-16
2023-03-21,0.025914266841722045,0.01580837631800458,1.0000000000000002,0.0,0.0,5,0,0,0,2.1130161461735426,-2.239961688355052e-16
2023-03-22,-0.015643440891903615,-0.016033013995638168,1.0000000000000002,0.0,0.0,5,0,0,0,2.079961302987239,-2.239961688355052e-16
2023-03-23,0.009667824439691497,0.010063645397946352,1.0000000000000002,0.0,0.0,5,0,0,0,2.1000700037058713,-2.239961688355052e-16
2023-03-24,-0.007949579992417077,0.0031017531400312492,1.0000000000000002,0.0,0.0,5,0,0,0,2.083375329221736,-2.239961688355052e-16
2023-03-27,-0.004579974466024761,-0.004662067530674885,1.0000000000000002,0.0,0.0,5,0,0,0,2.0738335234107543,-2.239961688355052e-16
2023-03-28,-0.00026642971030987894,-0.004482669352199986,1.0000000000000002,0.0,0.0,5,0,0,0,2.073280992545881,-2.239961688355052e-16
2023-03-29,0.01678511277940209,0.01793741577441077,1.0000000000000002,0.0,0.0,5,0,0,0,2.1080812478291544,-2.239961688355052e-16
2023-03-30,0.018525776859904308,0.007314579202157834,1.0000000000000002,0.0,0.0,5,0,0,0,2.147135090628986,-2.239961688355052e-16
2023-03-31,0.031416603220433714,0.017350063762167967,1.0000000000000002,0.0,0.0,5,0,0,0,2.214590781831947,-2.239961688355052e-16
2023-04-03,-0.001474567006258698,-0.0026554041136397366,1.0,0.4400210674289551,0.00097345802548281,5,0,0,0,2.211325219332693,1.7715863498413142e-16
2023-04-04,-0.005634876820015289,-0.0051786577019322655,1.0,0.0,0.0,5,0,0,0,2.1988646741127598,1.7715863498413142e-16
2023-04-05,-0.02804671470296405,-0.010676423201547935,1.0,0.0,0.0,5,0,0,0,2.1371937439274933,1.7715863498413142e-16
2023-04-06,0.008522457633617586,0.007593219403144946,1.0,0.0,0.0,5,0,0,0,2.155407887064948,1.7715863498413142e-16
2023-04-10,0.01481995808435932,-0.0002978667336490659,1.0,0.0,0.0,5,0,0,0,2.1873509416059482,1.7715863498413142e-16
2023-04-11,0.0034448908043434034,-0.004342680915006114,1.0,0.0,0.0,5,0,0,0,2.1948861267505584,1.7715863498413142e-16
2023-04-12,-0.016868149745887462,-0.008522369369301286,1.0,0.0,0.0,5,0,0,0,2.157862458889359,1.7715863498413142e-16
2023-04-13,0.017314943676885353,0.01986150630048855,1.0,0.0,0.0,5,0,0,0,2.195225725827494,1.7715863498413142e-16
2023-04-14,0.003942401080139657,-0.0035183909877402053,1.0,0.0,0.0,5,0,0,0,2.2038801861001467,1.7715863498413142e-16
2023-04-17,0.000654234112225538,0.002825743113821444,1.0,0.0,0.0,5,0,0,0,2.205322039697151,1.7715863498413142e-16
2023-04-18,0.004916755299928299,-0.0003547127852124854,1.0,0.0,0.0,5,0,0,0,2.216165068523881,1.7715863498413142e-16
2023-04-19,0.003233679089942987,0.00031394478213608856,1.0,0.0,0.0,5,0,0,0,2.2233314351658287,1.7715863498413142e-16
2023-04-20,-0.012604682206761142,-0.00803382245091988,1.0,0.0,0.0,5,0,0,0,2.1953070489852613,1.7715863498413142e-16
2023-04-21,-0.0036920560073583353,0.0010695665983633251,1.0,0.0,0.0,5,0,0,0,2.187201852407059,1.7715863498413142e-16
2023-04-24,0.0011617289978356204,-0.0029200354681760965,1.0,0.0,0.0,5,0,0,0,2.1897427882231204,1.7715863498413142e-16
2023-04-25,-0.03253307621960455,-0.019775929528352942,1.0,0.0,0.0,5,0,0,0,2.1185037191925282,1.7715863498413142e-16
2023-04-26,0.014674685888190542,0.004677740881357195,1.0,0.0,0.0,5,0,0,0,2.149592095824642,1.7715863498413142e-16
2023-04-27,0.011654163831857689,0.024285404550123735,1.0,0.0,0.0,5,0,0,0,2.174643794281049,1.7715863498413142e-16
2023-04-28,0.019292959877374782,0.006946470487241285,1.0,0.0,0.0,5,0,0,0,2.2165991097516953,1.7715863498413142e-16
2023-05-01,0.007704942509045631,-0.0011439254005861654,1.0,1.199760047990402,0.0026830965507002205,5,0,0,0,2.2336778784579336,-1.2793585635328952e-16
2023-05-02,-0.011570484944966597,-0.010816028108417974,1.0,0.0,0.0,5,0,0,0,2.2078331421933313,-1.2793585635328952e-16
2023-05-03,-0.0015549545699139466,-0.004567507392219339,1.0,0.0,0.0,5,0,0,0,2.2044000619592703,-1.2793585635328952e-16
2023-05-04,-0.005733236673425068,-0.004900465044276103,1.0,0.0,0.0,5,0,0,0,2.191761714681145,-1.2793585635328952e-16
2023-05-05,0.014341839302552506,0.022480841018965192,1.0,0.0,0.0,5,0,0,0,2.223195608982589,-1.2793585635328952e-16
2023-05-08,-0.0013541635996530133,0.0017575949274650782,1.0,0.0,0.0,5,0,0,0,2.2201850384139963,-1.2793585635328952e-16
2023-05-09,-0.006281958882147776,-0.006311970105372322,1.0,0.0,0.0,5,0,0,0,2.20623792729192,-1.2793585635328952e-16
2023-05-10,0.005055440726569493,0.01041817405987322,1.0,0.0,0.0,5,0,0,0,2.217391432362054,-1.2793585635328952e-16
2023-05-11,-0.0018048519575218913,0.0017929959833880016,1.0,0.0,0.0,5,0,0,0,2.213389369094763,-1.2793585635328952e-16
2023-05-12,-0.0034461110025727493,-0.003549789176415019,1.0,0.0,0.0,5,0,0,0,2.205761783636948,-1.2793585635328952e-16
2023-05-15,0.010424080088121457,0.006550059589361279,1.0,0.0,0.0,5,0,0,0,2.2287548211248973,-1.2793585635328952e-16
2023-05-16,0.00013175055198888508,-0.0017918257588691588,1.0,0.0,0.0,5,0,0,0,2.2290484608028285,-1.2793585635328952e-16
2023-05-17,0.013071544521296774,0.012761324433136378,1.0,0.0,0.0,5,0,0,0,2.258185566998341,-1.2793585635328952e-16
2023-05-18,0.022695607362736236,0.015061037554266354,1.0,0.0,0.0,5,0,0,0,2.3094364599791333,-1.2793585635328952e-16
2023-05-19,-0.008075422524271958,-0.0024383950873863025,1.0,0.0,0.0,5,0,0,0,2.290786784771843,-1.2793585635328952e-16
2023-05-22,0.0006389239453141737,0.004967562740968656,1.0,0.0,0.0,5,0,0,0,2.2922504233022427,-1.2793585635328952e-16
2023-05-23,-0.020861254811456398,-0.012619614947402158,1.0,0.0,0.0,5,0,0,0,2.2444312031300657,-1.2793585635328952e-16
2023-05-24,-0.004046283899833636,-0.006057445487270052,1.0,0.0,0.0,5,0,0,0,2.235349597288556,-1.2793585635328952e-16
2023-05-25,0.06190551800270816,0.01713624817479742,1.0,0.0,0.0,5,0,0,0,2.3737300720258494,-1.2793585635328952e-16
2023-05-26,0.018753926844038427,0.021861052877086173,1.0,0.0,0.0,5,0,0,0,2.418246832144116,-1.2793585635328952e-16
2023-05-30,0.005157146347812391,0.003216654223523907,1.0,0.0,0.0,5,0,0,0,2.430718084962617,-1.2793585635328952e-16
2023-05-31,-0.01629417234378039,-0.006310049410844343,1.0,0.0,0.0,5,0,0,0,2.3911115455670924,-1.2793585635328952e-16
2023-06-01,0.019843175341683894,0.012809628658206895,1.0,1.199760047990402,0.0029291997492219882,5,0,0,0,2.438558791227305,2.2985086056692694e-17
2023-06-02,-0.007201028470279702,0.01066975028298267,1.0,0.0,0.0,5,0,0,0,2.4209986599452264,2.2985086056692694e-17
2023-06-05,-0.0025472891746671777,-0.0008562118190507118,1.0,0.0,0.0,5,0,0,0,2.4148316762668642,2.2985086056692694e-17
2023-06-06,0.012975702056957639,0.0035518767337245905,1.0,0.0,0.0,5,0,0,0,2.446165812615807,2.2985086056692694e-17
2023-06-07,-0.015686073830952996,-0.012919410943524001,1.0,0.0,0.0,5,0,0,0,2.407795075076362,2.2985086056692694e-17
2023-06-08,0.02720067490251421,0.010196869574188527,1.0,0.0,0.0,5,0,0,0,2.4732887261453893,2.2985086056692694e-17
2023-06-09,0.014289795767710167,0.001557590629782668,1.0,0.0,0.0,5,0,0,0,2.5086315169165867,2.2985086056692694e-17
2023-06-12,0.024733623678487637,0.015293393458684523,1.0,0.0,0.0,5,0,0,0,2.570679064803995,2.2985086056692694e-17
2023-06-13,-0.012716547648491616,0.008275148905384055,1.0,0.0,0.0,5,0,0,0,2.5379889019874353,2.2985086056692694e-17
2023-06-14,0.02694322472462707,0.00391623411406572,1.0,0.0,0.0,5,0,0,0,2.6063705073222923,2.2985086056692694e-17
2023-06-15,-0.004406610162280944,0.011473523537258279,1.0,0.0,0.0,5,0,0,0,2.5948852485580565,2.2985086056692694e-17
2023-06-16,-0.021277009937453184,-0.006765596443276567,1.0,0.0,0.0,5,0,0,0,2.539673849337936,2.2985086056692694e-17
2023-06-20,-0.0010904106033042815,-0.001627326342936608,1.0,0.0,0.0,5,0,0,0,2.5369045620436834,2.2985086056692694e-17
2023-06-21,-0.022490467510208445,-0.012079618775154843,1.0,0.0,0.0,5,0,0,0,2.4798483924145405,2.2985086056692694e-17
2023-06-22,0.0041846169846400105,0.00951031810509173,1.0,0.0,0.0,5,0,0,0,2.490225608116771,2.2985086056692694e-17
2023-06-23,-0.01625589412797135,-0.010131081162892075,1.0,0.0,0.0,5,0,0,0,2.4497447642764616,2.2985086056692694e-17
2023-06-26,-0.01930644027844619,-0.011616610619297751,1.0,0.0,0.0,5,0,0,0,2.4024489132875217,2.2985086056692694e-17
2023-06-27,0.03304688345476836,0.01648907135776234,1.0,0.0,0.0,5,0,0,0,2.481842362530969,2.2985086056692694e-17
2023-06-28,0.0028149036894116186,0.002661402371253674,1.0,0.0,0.0,5,0,0,0,2.4888285097537954,2.2985086056692694e-17
2023-06-29,0.0012379643676816432,-3.082016664524012e-05,1.0,0.0,0.0,5,0,0,0,2.4919095907661406,2.2985086056692694e-17
2023-06-30,0.0280661663880426,0.014464499360184124,1.0,0.0,0.0,5,0,0,0,2.5618479399645424,2.2985086056692694e-17
2023-07-03,0.004641860369812623,0.002092381877186078,1.0,0.40260687601829886,0.0010366226438106088,5,0,0,0,2.57373968039055,1.6067876196235176e-16
2023-07-05,0.005440412903970904,-0.0018179498866323085,1.0,0.0,0.0,5,0,0,0,2.5877418869592086,1.6067876196235176e-16
2023-07-06,-0.011592783880567503,-0.008165177110044053,1.0,0.0,0.0,5,0,0,0,2.5577427545249987,1.6067876196235176e-16
2023-07-07,0.008928840090012491,-0.0013398013296690436,1.0,0.0,0.0,5,0,0,0,2.5805804305715405,1.6067876196235176e-16
2023-07-10,0.02129154659312893,0.001812906465706643,1.0,0.0,0.0,5,0,0,0,2.6355249790463713,1.6067876196235176e-16
2023-07-11,0.00498603227593053,0.005496174946392429,1.0,0.0,0.0,5,0,0,0,2.6486657916559175,1.6067876196235176e-16
2023-07-12,0.025460645675869698,0.011501137965431285,1.0,0.0,0.0,5,0,0,0,2.7161025328910657,1.6067876196235176e-16
2023-07-13,0.0249482519062445,0.015777569175071227,1.0,0.0,0.0,5,0,0,0,2.783864543084821,1.6067876196235176e-16
2023-07-14,-0.0006696001428277976,-0.0017588199847899944,1.0,0.0,0.0,5,0,0,0,2.782000466989158,1.6067876196235176e-16
2023-07-17,0.014919397105970011,0.009299125755309445,1.0,0.0,0.0,5,0,0,0,2.8235062367051635,1.6067876196235176e-16
2023-07-18,0.016464756633485678,0.007630382257199031,1.0,0.0,0.0,5,0,0,0,2.8699945797456428,1.6067876196235176e-16
2023-07-19,-0.013094356791051531,0.00030487034698767346,1.0,0.0,0.0,5,0,0,0,2.8324138467300695,1.6067876196235176e-16
2023-07-20,-0.019573282067342546,-0.020525951958301536,1.0,0.0,0.0,5,0,0,0,2.776974211576575,1.6067876196235176e-16
2023-07-21,-0.014786683433489212,-0.002168828488742447,1.0,0.0,0.0,5,0,0,0,2.735911973007029,1.6067876196235176e-16
2023-07-24,-0.0019985234344457314,0.0018571125801307709,1.0,0.0,0.0,5,0,0,0,2.7304441888143938,1.6067876196235176e-16
2023-07-25,0.02333699952666346,0.006095050538285962,1.0,0.0,0.0,5,0,0,0,2.794164563556336,1.6067876196235176e-16
2023-07-26,-0.007367642700642496,-0.0012212119183072634,1.0,0.0,0.0,5,0,0,0,2.7735781574052565,1.6067876196235176e-16
2023-07-27,0.014802691772085597,-0.0054628200178515884,1.0,0.0,0.0,5,0,0,0,2.814634579975116,1.6067876196235176e-16
2023-07-28,0.02064723304685745,0.01897137099464441,1.0,0.0,0.0,5,0,0,0,2.872748996089606,1.6067876196235176e-16
2023-07-31,-0.008809114221768,0.0020511911118470394,1.0,0.0,0.0,5,0,0,0,2.8474426220525832,1.6067876196235176e-16
2023-08-01,0.009880567994471567,-0.0043294436561424066,1.0000000000000002,1.2071783296622185,0.0034755297907132195,5,0,0,0,2.8755769724901303,-2.47198095326695e-16
2023-08-02,-0.04080201279582052,-0.021735346457687377,1.0000000000000002,0.0,0.0,5,0,0,0,2.7582476440632213,-2.47198095326695e-16
2023-08-03,0.0020897579893845997,-0.0009827567747008326,1.0000000000000002,0.0,0.0,5,0,0,0,2.7640117141141034,-2.47198095326695e-16
2023-08-04,0.007223322591590531,-0.003615869000418215,1.0000000000000002,0.0,0.0,5,0,0,0,2.7839770623720845,-2.47198095326695e-16
2023-08-07,0.01418573835474879,0.006122556689534875,1.0000000000000002,0.0,0.0,5,0,0,0,2.823469832564517,-2.47198095326695e-16
2023-08-08,-0.015767408198006483,-0.007865589992064326,1.0000000000000002,0.0,0.0,5,0,0,0,2.7789510311797154,-2.47198095326695e-16
2023-08-09,-0.07212273785523793,-0.011690061227466741,1.0000000000000002,0.0,0.0,5,0,0,0,2.5785254744453976,-2.47198095326695e-16
2023-08-10,0.00699951082642758,0.0011638086171537054,0.818349462524751,0.18179931284520323,0.00047214118415479615,4,1,0,1,2.5965738914199976,0.47166904297064116
2023-08-11,-0.01903566844812643,-0.006779436524950722,0.8148245235503313,0.0,0.0,4,0,0,0,2.547146371721865,0.47166904297064116
2023-08-14,0.022571886711375333,0.010515432870729535,0.8189120208993824,0.0,0.0,4,0,0,0,2.604640271061662,0.47166904297064116
2023-08-15,-0.012399365420087904,-0.011407051285561298,0.8166384540876226,0.0,0.0,4,0,0,0,2.5723443845528915,0.47166904297064116
2023-08-16,-0.014232700013919408,-0.011475200778598982,0.8139910444229926,0.0,0.0,4,0,0,0,2.53573297859506,0.47166904297064116
2023-08-17,-0.0119139997370582,-0.011703202579716465,0.8117482126783416,0.0,0.0,4,0,0,0,2.5055222565548285,0.47166904297064116
2023-08-18,-0.0034925442931121875,-0.0019640560442616417,0.8110884306549226,0.0,0.0,4,0,0,0,2.4967716090964323,0.47166904297064116
2023-08-21,0.04217701960769227,0.015560671083143074,0.8187337028250828,0.0,0.0,4,0,0,0,2.602077994209222,0.47166904297064116
2023-08-22,-0.006303939190932639,0.0006136799326943443,0.8175837619529959,0.0,0.0,4,0,0,0,2.585674652763663,0.47166904297064116
2023-08-23,0.015650098866944573,0.01593078803569381,0.8203946041550068,0.0,0.0,4,0,0,0,2.626140716717167,0.47166904297064116
2023-08-24,-0.018706140738746435,-0.01873477856862693,0.8169708348320803,0.0,0.0,4,0,0,0,2.577015758870503,0.47166904297064116
2023-08-25,0.01181964244667455,0.009408427381052853,0.8191089029213369,0.0,0.0,4,0,0,0,2.607475163719798,0.47166904297064116
2023-08-28,0.008694666277657026,0.008423764093930197,0.8206681336521805,0.0,0.0,4,0,0,0,2.6301462900956207,0.47166904297064116
2023-08-29,0.03683325859895992,0.017411428007593877,0.8270388561897165,0.0,0.0,4,0,0,0,2.7270231485518077,0.47166904297064116
2023-08-30,0.006210083857939752,0.005418460826855487,0.8281063302932445,0.0,0.0,4,0,0,0,2.7439581909868576,0.47166904297064116
2023-08-31,0.005937157425365047,0.0011168380927151222,0.8291208666088974,0.0,0.0,4,0,0,0,2.760249502735366,0.47166904297064116
2023-09-01,-0.011565435045674533,-0.00022467454467545167,1.0,0.6317002489394004,0.001724573637344774,5,0,0,0,2.728326016401625,-2.0101108277881252e-16
2023-09-05,0.004168405074543635,-0.0007741265393723662,1.0,0.0,0.0,5,0,0,0,2.739698784413403,-2.0101108277881252e-16
2023-09-06,-0.005526427748557383,-0.01058996557016989,1.0,0.0,0.0,5,0,0,0,2.724558037028532,-2.0101108277881252e-16
2023-09-07,-0.0047177647814475865,-0.008912521977790133,1.0,0.0,0.0,5,0,0,0,2.7117042130764286,-2.0101108277881252e-16
2023-09-08,-0.003790412545764843,0.0009232347882350833,1.0,0.0,0.0,5,0,0,0,2.7014257354067803,-2.0101108277881252e-16
2023-09-11,0.0264754938238021,0.011362773780877466,1.0,0.0,0.0,5,0,0,0,2.772947315780003,-2.0101108277881252e-16
2023-09-12,-0.014759186693771631,-0.01036652490791623,1.0,0.0,0.0,5,0,0,0,2.7320208686544127,-2.0101108277881252e-16
2023-09-13,0.009519228117250256,0.002901976135631923,1.0,0.0,0.0,5,0,0,0,2.7580275985242224,-2.0101108277881252e-16
2023-09-14,0.010432073447815382,0.00814181836214134,1.0,0.0,0.0,5,0,0,0,2.786799545003129,-2.0101108277881252e-16
2023-09-15,-0.020245314414829685,-0.015633841454585462,1.0,0.0,0.0,5,0,0,0,2.7303799120034364,-2.0101108277881252e-16
2023-09-18,-0.0033409155138800495,0.00013876958799174943,1.0,0.0,0.0,5,0,0,0,2.7212579433966377,-2.0101108277881252e-16
2023-09-19,-0.0025403191586741425,-0.002337800528076972,1.0,0.0,0.0,5,0,0,0,2.714345079707333,-2.0101108277881252e-16
2023-09-20,-0.013394211471548956,-0.015284015558935105,1.0,0.0,0.0,5,0,0,0,2.6779885677029744,-2.0101108277881252e-16
2023-09-21,-0.02656316672601955,-0.018200324610474605,1.0,0.0,0.0,5,0,0,0,2.606852710888706,-2.0101108277881252e-16
2023-09-22,-0.006248190223060668,-0.0009209629042693512,1.0,0.0,0.0,5,0,0,0,2.590564599267572,-2.0101108277881252e-16
2023-09-25,0.001297777204586792,0.004504508868605317,1.0,0.0,0.0,5,0,0,0,2.593926574951511,-2.0101108277881252e-16
2023-09-26,-0.013380957783543757,-0.01565103629147102,1.0,0.0,0.0,5,0,0,0,2.5592173529584725,-2.0101108277881252e-16
2023-09-27,0.002229950568962691,0.0022382175633635093,1.0,0.0,0.0,5,0,0,0,2.5649242811508013,-2.0101108277881252e-16
2023-09-28,0.0157306079631514,0.008281452212011375,1.0,0.0,0.0,5,0,0,0,2.6052720994727525,-2.0101108277881252e-16
2023-09-29,0.0041916650122530985,0.0013669814533994185,1.0,0.0,0.0,5,0,0,0,2.6161925273795115,-2.0101108277881252e-16
2023-10-02,0.011575073013134762,0.006690978402122738,1.0000000000000002,1.2112324461045736,0.0032093838756172203,5,0,0,0,2.646475146900347,-5.754945131553058e-16
2023-10-03,-0.018593674661971926,-0.018658772533119206,1.0000000000000002,0.0,0.0,5,0,0,0,2.5972674490178878,-5.754945131553058e-16
2023-10-04,0.011643574379702537,0.013518470257795734,1.0000000000000002,0.0,0.0,5,0,0,0,2.627508925744508,-5.754945131553058e-16
2023-10-05,0.0009572557596477793,-0.0012221054716957669,1.0000000000000002,0.0,0.0,5,0,0,0,2.630024123797203,-5.754945131553058e-16
2023-10-06,0.01146544839254493,0.015999202410559743,1.0000000000000002,0.0,0.0,5,0,0,0,2.6601785296597478,-5.754945131553058e-16
2023-10-09,0.005058869184133119,0.00393843777681524,1.0000000000000002,0.0,0.0,5,0,0,0,2.673636024847736,-5.754945131553058e-16
2023-10-10,0.006813777163248824,0.005829361097144048,1.0000000000000002,0.0,0.0,5,0,0,0,2.6918535849366827,-5.754945131553058e-16
2023-10-11,0.012964551783005263,0.00713957938526133,1.0000000000000002,0.0,0.0,5,0,0,0,2.726752260130863,-5.754945131553058e-16
2023-10-12,-7.73903780753038e-05,-0.006256158271621737,1.0000000000000002,0.0,0.0,5,0,0,0,2.7265412357425336,-5.754945131553058e-16
2023-10-13,-0.009801835522292301,-0.012301650016759313,1.0000000000000002,0.0,0.0,5,0,0,0,2.699816127005038,-5.754945131553058e-16
2023-10-16,0.009339063650892099,0.011989721012112708,1.0000000000000002,0.0,0.0,5,0,0,0,2.7250298816608427,-5.754945131553058e-16
2023-10-17,-0.004241464894490066,-0.0025233152923814783,1.0000000000000002,0.0,0.0,5,0,0,0,2.713471763081342,-5.754945131553058e-16
2023-10-18,-0.017494791733024262,-0.016214607704617134,1.0000000000000002,0.0,0.0,5,0,0,0,2.6660001397127915,-5.754945131553058e-16
2023-10-19,-0.01851498634142279,-0.009623252744584199,1.0000000000000002,0.0,0.0,5,0,0,0,2.6166391835397778,-5.754945131553058e-16
2023-10-20,-0.011884820536316565,-0.015346996966322912,1.0000000000000002,0.0,0.0,5,0,0,0,2.5855408964351136,-5.754945131553058e-16
2023-10-23,-0.004303354278068938,0.0026588117340864414,1.0000000000000002,0.0,0.0,5,0,0,0,2.5744143979573173,-5.754945131553058e-16
2023-10-24,0.006748456195839747,0.00933652076747693,1.0000000000000002,0.0,0.0,5,0,0,0,2.591787720751871,-5.754945131553058e-16
2023-10-25,-0.018784126308312943,-0.024250641653744798,1.0000000000000002,0.0,0.0,5,0,0,0,2.5431032528409334,-5.754945131553058e-16
2023-10-26,-0.015063327459188258,-0.01759731281830912,1.0000000000000002,0.0,0.0,5,0,0,0,2.5047956557808635,-5.754945131553058e-16
2023-10-27,-0.02967709263563878,0.003763630100990456,1.0000000000000002,0.0,0.0,5,0,0,0,2.4304606030709093,-5.754945131553058e-16
2023-10-30,0.017146807300064237,0.011585191492403002,1.0000000000000002,0.0,0.0,5,0,0,0,2.472135242682164,-5.754945131553058e-16
2023-10-31,0.004077932850833799,0.004828647326650115,1.0000000000000002,0.0,0.0,5,0,0,0,2.4822164442000014,-5.754945131553058e-16
2023-11-01,0.0036922293147307883,0.016358773768905932,1.0,1.199760047990402,0.002992650278103044,5,0,0,0,2.4913813565207836,2.0426368929626904e-16
2023-11-02,0.01773402273644953,0.017817414225266726,1.0,0.0,0.0,5,0,0,0,2.53556357014249,2.0426368929626904e-16
2023-11-03,0.017502952273796835,0.01384761271359558,1.0,0.0,0.0,5,0,0,0,2.579943418297872,2.0426368929626904e-16
2023-11-06,0.004663314921409922,0.0030045443769870506,1.0,0.0,0.0,5,0,0,0,2.591974506936814,2.0426368929626904e-16
2023-11-07,0.0029079181180737823,0.00895614887358942,1.0,0.0,0.0,5,0,0,0,2.5995117565671206,2.0426368929626904e-16
2023-11-08,-0.00039428503201344167,0.0007740991097742178,1.0,0.0,0.0,5,0,0,0,2.5984868079909633,2.0426368929626904e-16
2023-11-09,-0.016121329009252672,-0.009447764665249214,1.0,0.0,0.0,5,0,0,0,2.556595747233138,2.0426368929626904e-16
2023-11-10,0.013619957226143953,0.020460766916963857,1.0,0.0,0.0,5,0,0,0,2.591416471954995,2.0426368929626904e-16
2023-11-13,0.0006833573505378165,-0.002200606149797002,1.0,0.0,0.0,5,0,0,0,2.59318733544941,2.0426368929626904e-16
2023-11-14,0.015418824499841222,0.02372491956415912,1.0,0.0,0.0,5,0,0,0,2.6331712358699155,2.0426368929626904e-16
2023-11-15,0.00028584676433274225,0.0006707708173478988,1.0,0.0,0.0,5,0,0,0,2.633923919347623,2.0426368929626904e-16
2023-11-16,0.00402254406644853,0.0006974698280486358,1.0,0.0,0.0,5,0,0,0,2.644518994380872,2.0426368929626904e-16
2023-11-17,-0.003515604019753482,0.0008366709419771468,1.0,0.0,0.0,5,0,0,0,2.635221912773912,2.0426368929626904e-16
2023-11-20,0.008436654725632486,0.0112599914647864,1.0,0.0,0.0,5,0,0,0,2.6574543701774065,2.0426368929626904e-16
2023-11-21,-0.0008462994647859823,-0.0059191149544098876,1.0,0.0,0.0,5,0,0,0,2.655205367966232,2.0426368929626904e-16
2023-11-22,0.006392883311673314,0.00463909025690068,1.0,0.0,0.0,5,0,0,0,2.672179786052169,2.0426368929626904e-16
2023-11-24,0.0025321533923492456,-0.0010516647951354097,1.0,0.0,0.0,5,0,0,0,2.678946155162388,2.0426368929626904e-16
2023-11-27,0.008312797886891987,-0.0006899235410761095,1.0,0.0,0.0,5,0,0,0,2.7012156931001194,2.0426368929626904e-16
2023-11-28,-0.00029513863394070583,0.0028602861908266775,1.0,0.0,0.0,5,0,0,0,2.7004184599904786,2.0426368929626904e-16
2023-11-29,0.010428375602306028,-0.0016290503886849939,1.0,0.0,0.0,5,0,0,0,2.7285794379746604,2.0426368929626904e-16
2023-11-30,0.004616149628038135,-0.002263311160392023,1.0,0.0,0.0,5,0,0,0,2.7411749689323397,2.0426368929626904e-16
2023-12-01,0.006404428350332614,0.005540010392641959,1.0,1.1997600479904018,0.0033137905436835947,5,0,0,0,2.7587306276165924,1.5308934675495323e-16
2023-12-04,-0.007234734446722513,-0.008356367069205173,1.0,0.0,0.0,5,0,0,0,2.7387719441157463,1.5308934675495323e-16
2023-12-05,0.007826567134911588,0.0031312268495462536,1.0,0.0,0.0,5,0,0,0,2.7602071266035804,1.5308934675495323e-16
2023-12-06,-0.01029446027597547,-0.005846852701219429,1.0,0.0,0.0,5,0,0,0,2.7317922839852953,1.5308934675495323e-16
2023-12-07,0.012062386486038301,0.013662694297181588,1.0,0.0,0.0,5,0,0,0,2.764744218314303,1.5308934675495323e-16
2023-12-08,0.02370855388381332,0.0044615499527995706,1.0,0.0,0.0,5,0,0,0,2.8302923055891687,1.5308934675495323e-16
2023-12-11,0.0018369022852389172,0.0019795649848739494,1.0,0.0,0.0,5,0,0,0,2.8354912759931996,1.5308934675495323e-16
2023-12-12,0.009250078209532608,0.006991879146976965,1.0,0.0,0.0,5,0,0,0,2.861719792058584,1.5308934675495323e-16
2023-12-13,0.015663410431767666,0.013800449193001718,1.0,0.0,0.0,5,0,0,0,2.9065440837023107,1.5308934675495323e-16
2023-12-14,-0.022871037579689335,0.0018728632829079217,1.0,0.0,0.0,5,0,0,0,2.8400684047369316,1.5308934675495323e-16
2023-12-15,0.0030263301277142496,0.00354713898571668,1.0,0.0,0.0,5,0,0,0,2.8486633893149564,1.5308934675495323e-16
2023-12-18,0.007733500957550099,0.00613568863700964,1.0,0.0,0.0,5,0,0,0,2.870693530363962,1.5308934675495323e-16
2023-12-19,0.0034503415828845974,0.006602571712822858,1.0,0.0,0.0,5,0,0,0,2.8805984036234946,1.5308934675495323e-16
2023-12-20,-0.011054082323772474,-0.01501551973137294,1.0,0.0,0.0,5,0,0,0,2.848756031728113,1.5308934675495323e-16
2023-12-21,0.007547375237055176,0.012581169622098543,1.0,0.0,0.0,5,0,0,0,2.8702566624583894,1.5308934675495323e-16
2023-12-22,-0.0011879739916558218,0.0019451189693209248,1.0,0.0,0.0,5,0,0,0,2.866846872194012,1.5308934675495323e-16
2023-12-26,-0.008353593110477009,0.005442583110953025,1.0,0.0,0.0,5,0,0,0,2.8428983999136594,1.5308934675495323e-16
2023-12-27,0.024344803025017292,0.0016321258103677572,1.0,0.0,0.0,5,0,0,0,2.9121082014796946,1.5308934675495323e-16
2023-12-28,-0.0033817126306010525,-0.0002675708784335429,1.0,0.0,0.0,5,0,0,0,2.902260288393074,1.5308934675495323e-16
2023-12-29,-0.014697689841670969,-0.005550410152959984,1.0,0.0,0.0,5,0,0,0,2.859603766834474,1.5308934675495323e-16
2024-01-02,0.0014604760076368795,-0.01634849358177426,0.9999999999999999,1.199760047990402,0.0034399761555883287,5,0,0,0,2.8637801495272837,2.246466901389965e-16
2024-01-03,-0.03292810910651178,-0.011765495856189911,0.9999999999999999,0.0,0.0,5,0,0,0,2.7694812843065866,2.246466901389965e-16
2024-01-04,0.00847099599260992,-0.005613344034110623,0.9999999999999999,0.0,0.0,5,0,0,0,2.7929415491675558,2.246466901389965e-16
2024-01-05,-0.001953601426917917,0.000949215398016845,0.9999999999999999,0.0,0.0,5,0,0,0,2.787485254571804,2.246466901389965e-16
2024-01-08,0.015776232103845267,0.02201141481440616,0.9999999999999999,0.0,0.0,5,0,0,0,2.831461268933975,2.246466901389965e-16
2024-01-09,-0.002389982383905642,0.0009392089283848382,0.9999999999999999,0.0,0.0,5,0,0,0,2.824694126380512,2.246466901389965e-16
2024-01-10,-0.008299429756106758,0.0075340950927162975,0.9999999999999999,0.0,0.0,5,0,0,0,2.8012507758961296,2.246466901389965e-16
2024-01-11,-0.0038068634927633793,3.575234033204033e-05,0.9999999999999999,0.0,0.0,5,0,0,0,2.7905867965832956,2.246466901389965e-16
2024-01-12,-0.024827202510586455,0.00017202192683707374,0.8509992507064524,0.14912765681775894,0.0004058822669488381,4,1,0,1,2.7213043330611533,0.40547638468188946
2024-01-16,0.01515086994084025,-0.001897652829507046,0.8532230491983611,0.0,0.0,4,0,0,0,2.762534461080808,0.40547638468188946
2024-01-17,0.0006944377906801247,-0.005937000912860202,0.8533249059266372,0.0,0.0,4,0,0,0,2.7644528694086383,0.40547638468188946
2024-01-18,0.018495211328637184,0.01346468688106972,0.8559884303412447,0.0,0.0,4,0,0,0,2.8155820094364086,0.40547638468188946
2024-01-19,0.03196006194020873,0.016958379554081526,0.8604485047725623,0.0,0.0,4,0,0,0,2.9055681848557335,0.40547638468188946
2024-01-22,-0.00454488265906583,0.0032210504681486896,0.8598113638712226,0.0,0.0,4,0,0,0,2.8923627183976492,0.40547638468188946
2024-01-23,-0.00400378885386532,0.004274543027365185,0.8592478218692654,0.0,0.0,4,0,0,0,2.880782308784393,0.40547638468188946
2024-01-24,0.01884426412109197,0.0036286014118267484,0.8618511355588239,0.0,0.0,4,0,0,0,2.9350685314864955,0.40547638468188946
2024-01-25,-0.003078834655204643,0.0018458371889065184,0.861424484459214,0.0,0.0,4,0,0,0,2.926031940776354,0.40547638468188946
2024-01-26,-0.014663355777440934,-0.003554483570289091,0.8593622632901028,0.0,0.0,4,0,0,0,2.8831264934125946,0.40547638468188946
2024-01-29,0.00844454657025584,0.01117292402955039,0.860539940259274,0.0,0.0,4,0,0,0,2.9074731893541554,0.40547638468188946
2024-01-30,-0.015714187135868585,-0.00756002435083869,0.8583134513186601,0.0,0.0,4,0,0,0,2.8617846115641234,0.40547638468188946
2024-01-31,-0.021515378007835984,-0.022300909615999176,0.8551979811467343,0.0,0.0,4,0,0,0,2.8002122338693134,0.40547638468188946
2024-02-01,0.011777407932114015,0.013032824288839118,1.0000000000000002,1.4562182001860537,0.00413176173808674,5,0,0,0,2.833191475644089,-6.912873051767576e-16
2024-02-02,0.020001653899160754,0.017401297788382175,1.0000000000000002,0.0,0.0,5,0,0,0,2.8898599909699745,-6.912873051767576e-16
2024-02-05,0.033808546450798005,-0.00200124076121011,1.0000000000000002,0.0,0.0,5,0,0,0,2.9875619567109855,-6.912873051767576e-16
2024-02-06,-0.0032995622797706847,0.0007258260409652717,1.0000000000000002,0.0,0.0,5,0,0,0,2.977704309970144,-6.912873051767576e-16
2024-02-07,0.023449967784132664,0.009459063291570757,1.0000000000000002,0.0,0.0,5,0,0,0,3.047531380109617,-6.912873051767576e-16
2024-02-08,0.0007330757046386527,0.002352677310197615,1.0000000000000002,0.0,0.0,5,0,0,0,3.049765451323499,-6.912873051767576e-16
2024-02-09,0.030242472177475888,0.012470106146275306,1.0000000000000002,0.0,0.0,5,0,0,0,3.141997898132977,-6.912873051767576e-16
2024-02-12,0.0043623893496116395,-0.003009205852807506,1.0000000000000002,0.0,0.0,5,0,0,0,3.155704516300294,-6.912873051767576e-16
2024-02-13,0.0014799617233305362,-0.017998776343418177,1.0000000000000002,0.0,0.0,5,0,0,0,3.1603748381945596,-6.912873051767576e-16
2024-02-14,0.04131448823098749,0.013001604422842261,1.0000000000000002,0.0,0.0,5,0,0,0,3.290944107252658,-6.912873051767576e-16
2024-02-15,0.029628206278114133,0.002965310901188678,1.0000000000000002,0.0,0.0,5,0,0,0,3.388448878112084,-6.912873051767576e-16
2024-02-16,-0.06136969746842591,-0.008205587443034235,1.0000000000000002,0.0,0.0,5,0,0,0,3.180500795575118,-6.912873051767576e-16
2024-02-20,-0.02291994861325275,-0.009183207063557464,1.0000000000000002,0.0,0.0,5,0,0,0,3.107603880776127,-6.912873051767576e-16
2024-02-21,-0.07852585066795992,-0.003193320472898664,1.0000000000000002,0.0,0.0,5,0,0,0,2.863576642499128,-6.912873051767576e-16
2024-02-22,0.14479502593678828,0.029571649504455566,0.8639691926294563,0.1361484354243753,0.00044638370503691493,4,1,0,1,3.27820829672177,0.44593732133187736
2024-02-23,-0.03855590128431652,-0.00279260429608319,0.8585140752829453,0.0,0.0,4,0,0,0,3.151814021243938,0.44593732133187736
2024-02-26,0.0045753740992873215,-0.0012860178388419685,0.8591584779351052,0.0,0.0,4,0,0,0,3.1662347494825083,0.44593732133187736
2024-02-27,-0.007603350984478396,0.003696098665450398,0.8580794058458253,0.0,0.0,4,0,0,0,3.1421607553829407,0.44593732133187736
2024-02-28,-0.015137008206398517,-0.00546060850944563,0.8558981347286556,0.0,0.0,4,0,0,0,3.094597842242886,0.44593732133187736
2024-02-29,0.03646978566535197,0.0090410688517506,0.8609685807880646,0.0,0.0,4,0,0,0,3.207457162269945,0.44593732133187736
2024-03-01,0.03582634237092641,0.011373314496802678,1.0000000000000002,1.0657071902355812,0.0035444494729877205,5,0,0,0,3.322368620705508,-2.3288662664988635e-16
2024-03-04,0.10483495982438606,-0.00414327759115618,1.0000000000000002,0.0,0.0,5,0,0,0,3.6706690015789705,-2.3288662664988635e-16
2024-03-05,-0.07661171588417814,-0.01653072577503545,1.0000000000000002,0.0,0.0,5,0,0,0,3.3894527509251424,-2.3288662664988635e-16
2024-03-06,0.07270559136474297,0.005768975997177295,1.0000000000000002,0.0,0.0,5,0,0,0,3.63588491758401,-2.3288662664988635e-16
2024-03-07,0.02306763824293867,0.015084761335824037,1.0000000000000002,0.0,0.0,5,0,0,0,3.7197561955557945,-2.3288662664988635e-16
2024-03-08,0.028991571462434473,-0.011568694262867996,1.0000000000000002,0.0,0.0,5,0,0,0,3.827597773122084,-2.3288662664988635e-16
2024-03-11,-0.02605984194669675,-0.004093157366818256,1.0000000000000002,0.0,0.0,5,0,0,0,3.727851180118994,-2.3288662664988635e-16
2024-03-12,0.046217274621505045,0.015379054871549114,0.8727272576929895,0.12738391372070612,0.0004968786848299571,4,1,0,1,3.900142301858655,0.496381806145127
2024-03-13,0.02621777203274256,-0.005402131316638248,0.8759788168013236,0.0,0.0,4,0,0,0,4.002395343624041,0.496381806145127
2024-03-14,-0.04487347967113098,-0.003043516525946255,0.8701520892164385,0.0,0.0,4,0,0,0,3.8227939375360984,0.496381806145127
2024-03-15,0.012340715426530924,-0.009632341369153807,0.8717349714331577,0.0,0.0,4,0,0,0,3.8699699496534987,0.496381806145127
2024-03-18,-0.05839484537585815,0.008155824360966957,0.8637804519899411,0.0,0.0,4,0,0,0,3.6439836528342653,0.496381806145127
2024-03-19,-0.03879796056823459,0.003933492952149065,0.858282085948769,0.0,0.0,4,0,0,0,3.50260451876031,0.496381806145127
2024-03-20,0.04655515698336865,0.012532864437970526,0.8645862923653979,0.0,0.0,4,0,0,0,3.6656688219818525,0.496381806145127
2024-03-21,0.03075670507358108,0.0019810552455434838,0.8686268961743638,0.0,0.0,4,0,0,0,3.7784127168369697,0.496381806145127
2024-03-22,-0.011656512826962229,0.0016450902304174786,0.8670774831517299,0.0,0.0,4,0,0,0,3.7343696005376024,0.496381806145127
2024-03-25,0.09112812278629168,-0.0026996220251604974,0.8781788187176034,0.0,0.0,4,0,0,0,4.074675692024788,0.496381806145127
2024-03-26,-0.015083640756747507,-0.004197182663276955,0.8763131710229726,0.0,0.0,4,0,0,0,4.0132147476860345,0.496381806145127
2024-03-27,-0.006640571132069506,0.0051375858374236305,0.8754863291346763,0.0,0.0,4,0,0,0,3.986564709685755,0.496381806145127
2024-03-28,-0.02854399195844881,-0.0012234198418532571,0.8718277823857999,0.0,0.0,4,0,0,0,3.872772238670649,0.496381806145127
2024-04-01,-0.016757050700847875,0.001060718858951093,1.0000000000000002,0.2867907620138079,0.0010923769427117688,5,0,0,0,3.8078759979144086,-6.314393452555578e-16
2024-04-02,-0.016869311226943795,-0.009537378927831908,1.0000000000000002,0.0,0.0,5,0,0,0,3.743639752591981,-6.314393452555578e-16
2024-04-03,0.011913530920494964,0.002278803963131848,1.0000000000000002,0.0,0.0,5,0,0,0,3.7882397205396794,-6.314393452555578e-16
2024-04-04,-0.01668380371196254,-0.014030200538683646,1.0000000000000002,0.0,0.0,5,0,0,0,3.7250374726283355,-6.314393452555578e-16
2024-04-05,-0.019475242207607657,0.012426785532032358,1.0000000000000002,0.0,0.0,5,0,0,0,3.652491465616484,-6.314393452555578e-16
2024-04-08,0.01333223343065848,0.0003344673750449445,1.0000000000000002,0.0,0.0,5,0,0,0,3.701187334439571,-6.314393452555578e-16
2024-04-09,-0.030338860159134562,0.003241278794968494,1.0000000000000002,0.0,0.0,5,0,0,0,3.588897529477249,-6.314393452555578e-16
2024-04-10,0.02908153169050709,-0.008357228151501306,1.0000000000000002,0.0,0.0,5,0,0,0,3.693268166714724,-6.314393452555578e-16
2024-04-11,0.02331778565311393,0.01681081270149054,1.0000000000000002,0.0,0.0,5,0,0,0,3.7793870021856466,-6.314393452555578e-16
2024-04-12,-0.04026138841988569,-0.016245000295672107,1.0000000000000002,0.0,0.0,5,0,0,0,3.627223634101583,-6.314393452555578e-16
2024-04-15,-0.05028925211627788,-0.017933447780068,1.0000000000000002,0.0,0.0,5,0,0,0,3.444813270284127,-6.314393452555578e-16
2024-04-16,0.00811719687742496,-0.00124441780634732,1.0000000000000002,0.0,0.0,5,0,0,0,3.4727754978049896,-6.314393452555578e-16
2024-04-17,-0.02751960374968654,-0.011463978729362667,0.8364781696711482,0.16365872728149913,0.0005527997213145904,4,1,0,1,3.377206092193776,0.5522469215932752
2024-04-18,0.0020645871934663607,-0.005220376044001496,0.836815079168863,0.0,0.0,4,0,0,0,3.3841786286414157,0.5522469215932752
2024-04-19,-0.08357728502352146,-0.020478109186815918,0.8219326974721208,0.0,0.0,4,0,0,0,3.101338166824942,0.5522469215932752
2024-04-22,0.024506971090571206,0.011078117486876593,0.6606518241097538,0.1656786282132392,0.0005265049892541273,3,1,0,1,3.177342571621406,1.0782254058581482
2024-04-23,0.02476471480635234,0.01587787496819759,0.6688525951497343,0.0,0.0,3,0,0,0,3.2560285542496925,1.0782254058581482
2024-04-24,-0.01953408427619685,0.0010262960997078352,0.6622550569687016,0.0,0.0,3,0,0,0,3.1924250180652756,1.0782254058581482
2024-04-25,-0.0182232142713048,-0.006427213977643231,0.6559860164338506,0.0,0.0,3,0,0,0,3.134248772915998,1.0782254058581482
2024-04-26,0.02691668367798239,0.020250157832943483,0.6650030240680904,0.0,0.0,3,0,0,0,3.218612355704682,1.0782254058581482
2024-04-29,-0.02212459290344515,0.003464587209498049,0.6574236620526523,0.0,0.0,3,0,0,0,3.1474018676207174,1.0782254058581482
2024-04-30,-0.01849282623004045,-0.020350371680459167,0.650969094162078,0.0,0.0,3,0,0,0,3.0891975118067028,1.0782254058581482
2024-05-01,0.0005276440674444327,-0.003342795632570117,1.0,0.8512798714449168,0.002633401005403621,5,0,0,0,3.0908275085469716,-1.8604909279851256e-16
2024-05-02,0.05253536608278542,0.015089351873502688,1.0,0.0,0.0,5,0,0,0,3.2532052632072306,-1.8604909279851256e-16
2024-05-03,0.03316067369779896,0.019908524471815348,1.0,0.0,0.0,5,0,0,0,3.3610837414124077,-1.8604909279851256e-16
2024-05-06,0.03353546023476284,0.011940646340302896,1.0,0.0,0.0,5,0,0,0,3.4737992315682518,-1.8604909279851256e-16
2024-05-07,-0.015936549778145404,-0.0010208055416576212,1.0,0.0,0.0,5,0,0,0,3.4184388571950812,-1.8604909279851256e-16
2024-05-08,0.0008195456838853143,-0.0018245644189047727,1.0,0.0,0.0,5,0,0,0,3.4212404240061214,-1.8604909279851256e-16
2024-05-09,0.0032246558631332523,0.002668794176081679,1.0,0.0,0.0,5,0,0,0,3.4322727469985814,-1.8604909279851256e-16
2024-05-10,-0.021531614711963853,-0.00033013046907359733,1.0,0.0,0.0,5,0,0,0,3.3583703726238343,-1.8604909279851256e-16
2024-05-13,0.006380519588189859,0.002898872900767957,1.0,0.0,0.0,5,0,0,0,3.379798520570757,-1.8604909279851256e-16
2024-05-14,0.028305454527515428,0.007501806951391465,1.0,0.0,0.0,5,0,0,0,3.4754652539069366,-1.8604909279851256e-16
2024-05-15,0.09357589857937176,0.014003293780395332,1.0,0.0,0.0,5,0,0,0,3.800685038022663,-1.8604909279851256e-16
2024-05-16,-0.0433374047774463,-0.0026322585019608047,1.0,0.0,0.0,5,0,0,0,3.635973212098291,-1.8604909279851256e-16
2024-05-17,0.020090389295339683,-0.0007398049491241787,1.0,0.0,0.0,5,0,0,0,3.709021329396772,-1.8604909279851256e-16
2024-05-20,0.047101375198554285,0.006526933758492337,1.0,0.0,0.0,5,0,0,0,3.88372133465213,-1.8604909279851256e-16
2024-05-21,-0.004099133677575084,0.0022477094947119802,1.0,0.0,0.0,5,0,0,0,3.8678014417349407,-1.8604909279851256e-16
2024-05-22,-0.005495323941790198,-0.0018465331461966494,1.0,0.0,0.0,5,0,0,0,3.846546619870084,-1.8604909279851256e-16
2024-05-23,-0.013360286622481898,-0.0038990347493679245,1.0,0.0,0.0,5,0,0,0,3.795155654521881,-1.8604909279851256e-16
2024-05-24,0.058515183897584144,0.011039754629549758,1.0,0.0,0.0,5,0,0,0,4.017229885566185,-1.8604909279851256e-16
2024-05-28,0.016359095705079874,0.005855871463816387,1.0,0.0,0.0,5,0,0,0,4.08294813373347,-1.8604909279851256e-16
2024-05-29,-0.02848905039307459,-0.005834400404059248,1.0,0.0,0.0,5,0,0,0,3.966628818599227,-1.8604909279851256e-16
2024-05-30,-0.020217834831206538,-0.010844900051624196,1.0,0.0,0.0,5,0,0,0,3.886432172308084,-1.8604909279851256e-16
2024-05-31,-0.026908641857190774,-0.00012322939450226666,1.0,0.0,0.0,5,0,0,0,3.781853560881182,-1.8604909279851256e-16
2024-06-03,0.018874561395304523,0.005596307899468078,1.0000000000000002,1.2376479552237107,0.004774857253751297,5,0,0,0,3.853234388104085,-3.668940151690947e-16
2024-06-04,-0.014485144986224552,0.0016862295219184364,1.0000000000000002,0.0,0.0,5,0,0,0,3.797419729326491,-3.668940151690947e-16
2024-06-05,0.034270278317448,0.01962724562390572,1.0000000000000002,0.0,0.0,5,0,0,0,3.927558360338678,-3.668940151690947e-16
2024-06-06,0.003343827124034471,-0.0008600932226506819,1.0000000000000002,0.0,0.0,5,0,0,0,3.940691436515207,-3.668940151690947e-16
2024-06-07,-0.019269404999095685,-0.002328994232737358,1.0000000000000002,0.0,0.0,5,0,0,0,3.864756657248527,-3.668940151690947e-16
2024-06-10,0.03452782900043028,0.0034672192025679838,1.0000000000000002,0.0,0.0,5,0,0,0,3.998198314238279,-3.668940151690947e-16
2024-06-11,0.0034844536582343544,0.008783908252522288,1.0,0.0,0.0,5,0,0,0,4.012129850980672,-3.668940151690947e-16
2024-06-12,0.01380165566848679,0.015273035067584706,1.0,0.0,0.0,5,0,0,0,4.067503885681165,-3.668940151690947e-16
2024-06-13,-0.002963198927475319,0.0033577656572612025,1.0,0.0,0.0,5,0,0,0,4.055451062529613,-3.668940151690947e-16
2024-06-14,-0.016995788861167038,0.0012068615811446914,1.0000000000000002,0.0,0.0,5,0,0,0,3.986525472534064,-3.668940151690947e-16
2024-06-17,-0.012238060464985656,0.009505218724158215,1.0000000000000002,0.0,0.0,5,0,0,0,3.9377381327559866,-3.668940151690947e-16
2024-06-18,0.01850457596704369,0.0002919244166139645,1.0,0.0,0.0,5,0,0,0,4.010604307171895,-3.668940151690947e-16
2024-06-20,-0.017565786307505604,-0.00787384783998235,1.0000000000000002,0.0,0.0,5,0,0,0,3.9401548889481517,-3.668940151690947e-16
2024-06-21,-0.0034900770964826355,-0.00181849392852651,1.0000000000000002,0.0,0.0,5,0,0,0,3.9264034446136398,-3.668940151690947e-16
2024-06-24,-0.02436089416103626,-0.01088478530878334,1.0000000000000002,0.0,0.0,5,0,0,0,3.8307527458658788,-3.668940151690947e-16
2024-06-25,0.031633425006214466,0.012621604693754396,1.0000000000000002,0.0,0.0,5,0,0,0,3.951932575569577,-3.668940151690947e-16
2024-06-26,-0.017229605899861333,0.004938684236547308,1.0000000000000002,0.0,0.0,5,0,0,0,3.8838423347496893,-3.668940151690947e-16
2024-06-27,0.000964851346008766,0.003006286459873886,1.0000000000000002,0.0,0.0,5,0,0,0,3.8875896652540587,-3.668940151690947e-16
2024-06-28,-0.021490463121916603,-0.007059876462563008,1.0000000000000002,0.0,0.0,5,0,0,0,3.804043562919772,-3.668940151690947e-16
2024-07-01,0.007345007342723919,0.008272631821943044,1.0,1.2711933548292222,0.0048773930759692715,5,0,0,0,3.8319842908214596,-1.43982048506075e-16
2024-07-02,-0.00024899379842902025,0.008359662292796388,1.0,0.0,0.0,5,0,0,0,3.8310301504973676,-1.43982048506075e-16
2024-07-03,0.032506203012184764,0.008849031617181868,1.0,0.0,0.0,5,0,0,0,3.955562394315236,-1.43982048506075e-16
2024-07-05,-0.005357906888789343,0.009042021121621113,1.0,0.0,0.0,5,0,0,0,3.9343688593136985,-1.43982048506075e-16
2024-07-08,0.012798392651468093,0.0027777021306627514,1.0,0.0,0.0,5,0,0,0,3.9847224568109034,-1.43982048506075e-16
2024-07-09,0.002529253886842664,0.0013884516060522767,1.0,0.0,0.0,5,0,0,0,3.994800831572782,-1.43982048506075e-16
2024-07-10,0.015767356937050003,0.011837476547524206,1.0,0.0,0.0,5,0,0,0,4.057788282176614,-1.43982048506075e-16
2024-07-11,-0.02223639494628671,-0.019522302122285562,1.0,0.0,0.0,5,0,0,0,3.9675576993257207,-1.43982048506075e-16
2024-07-12,0.00417313438805289,0.006291994978484761,1.0,0.0,0.0,5,0,0,0,3.984114850797361,-1.43982048506075e-16
2024-07-15,-0.011808849208801875,0.0040286610521378385,1.0,0.0,0.0,5,0,0,0,3.937067039293747,-1.43982048506075e-16
2024-07-16,-0.0012392253164672518,0.0019907033599837476,1.0,0.0,0.0,5,0,0,0,3.932188126146025,-1.43982048506075e-16
2024-07-17,-0.048912417783530615,-0.027684185688784058,1.0,0.0,0.0,5,0,0,0,3.7398552977165322,-1.43982048506075e-16
2024-07-18,0.007587999532397083,-0.006984588110552692,1.0,0.0,0.0,5,0,0,0,3.768233317966838,-1.43982048506075e-16
2024-07-19,-0.006409503968090369,-0.008073493482905203,1.0,0.0,0.0,5,0,0,0,3.744080811562639,-1.43982048506075e-16
2024-07-22,0.021520747310565413,0.015830645780677388,1.0,0.0,0.0,5,0,0,0,3.8246562286186156,-1.43982048506075e-16
2024-07-23,0.005375252963649713,-0.0005673614434249519,1.0,0.0,0.0,5,0,0,0,3.845214723346439,-1.43982048506075e-16
2024-07-24,-0.04590310277274201,-0.03639077096210086,1.0,0.0,0.0,5,0,0,0,3.6687074367174066,-1.43982048506075e-16
2024-07-25,-0.01789988584625779,-0.009265693868998337,1.0,0.0,0.0,5,0,0,0,3.603037992396848,-1.43982048506075e-16
2024-07-26,0.014619017969281778,0.010252538909859998,1.0,0.0,0.0,5,0,0,0,3.6557108695517027,-1.43982048506075e-16
2024-07-29,-0.007080397471051825,0.0007097813420300358,1.0,0.0,0.0,5,0,0,0,3.629826983556032,-1.43982048506075e-16
2024-07-30,-0.0295652032063215,-0.012825712116679377,1.0,0.0,0.0,5,0,0,0,3.522510411183409,-1.43982048506075e-16
2024-07-31,0.05577824783535945,0.026358746997215077,1.0,0.0,0.0,5,0,0,0,3.7189898699010313,-1.43982048506075e-16
2024-08-01,-0.03338239727942027,-0.023026687886480546,1.0000000000000004,1.2250981923167794,0.004409435290895058,5,0,0,0,3.5948410725858557,-1.1761425167122752e-15
2024-08-02,-0.009920191538843603,-0.024309461863601056,1.0000000000000004,0.0,0.0,5,0,0,0,3.559179560594102,-1.1761425167122752e-15
2024-08-05,-0.04229425957590249,-0.03433932194308953,1.0000000000000004,0.0,0.0,5,0,0,0,3.4086466963810884,-1.1761425167122752e-15
2024-08-06,0.008620768051535999,0.01029454665723284,1.0000000000000004,0.0,0.0,5,0,0,0,3.4380318489202244,-1.1761425167122752e-15
2024-08-07,-0.026707768388373743,-0.010450926902294988,1.0000000000000004,0.0,0.0,5,0,0,0,3.346209690587411,-1.1761425167122752e-15
2024-08-08,0.051742851196709516,0.028662717286118022,1.0000000000000004,0.0,0.0,5,0,0,0,3.5193521206804625,-1.1761425167122752e-15
2024-08-09,-0.001662673381697899,0.005118912961787014,1.0000000000000004,0.0,0.0,5,0,0,0,3.513500587588585,-1.1761425167122752e-15
2024-08-12,-8.594501888170569e-05,0.0021084539725877427,1.0000000000000004,0.0,0.0,5,0,0,0,3.513198619714244,-1.1761425167122752e-15
2024-08-13,0.04143189596232366,0.024254065528752422,1.0000000000000004,0.0,0.0,5,0,0,0,3.6587570994212233,-1.1761425167122752e-15
2024-08-14,-0.00626019644443121,0.00029056982067210413,1.0000000000000004,0.0,0.0,5,0,0,0,3.6358525612363892,-1.1761425167122752e-15
2024-08-15,0.038052678889478386,0.02337601425022262,1.0000000000000004,0.0,0.0,5,0,0,0,3.774206491238605,-1.1761425167122752e-15
2024-08-16,0.0050941734747511624,0.0021156957146388766,1.0000000000000004,0.0,0.0,5,0,0,0,3.793432953834506,-1.1761425167122752e-15
2024-08-19,0.01653209981625614,0.013898291843971622,1.0000000000000004,0.0,0.0,5,0,0,0,3.856146366073574,-1.1761425167122752e-15
2024-08-20,-0.012360140184901613,-0.0033470249368012794,1.0000000000000004,0.0,0.0,5,0,0,0,3.8084838564154055,-1.1761425167122752e-15
2024-08-21,0.013102072548910826,0.005727628555693087,1.0000000000000004,0.0,0.0,5,0,0,0,3.8583828882035163,-1.1761425167122752e-15
2024-08-22,-0.032133646941240324,-0.016721526261784136,1.0000000000000004,0.0,0.0,5,0,0,0,3.7343989747098614,-1.1761425167122752e-15
2024-08-23,0.031645689249096165,0.01466793319062476,1.0000000000000004,0.0,0.0,5,0,0,0,3.852576604195673,-1.1761425167122752e-15
2024-08-26,-0.013229594366527375,-0.008503700652535917,1.0000000000000004,0.0,0.0,5,0,0,0,3.801608578456191,-1.1761425167122752e-15
2024-08-27,0.01114601172313967,0.0016391224309093566,1.0000000000000004,0.0,0.0,5,0,0,0,3.8439813522384516,-1.1761425167122752e-15
2024-08-28,-0.015228495354068006,-0.011196565025217264,1.0000000000000004,0.0,0.0,5,0,0,0,3.7854433000747645,-1.1761425167122752e-15
2024-08-29,-0.012443672884953405,-0.0022554988849898816,1.0000000000000004,0.0,0.0,5,0,0,0,3.7383384819240955,-1.1761425167122752e-15
2024-08-30,0.00834440366491429,0.011257733646486079,1.0000000000000004,0.0,0.0,5,0,0,0,3.769532687253353,-1.1761425167122752e-15
2024-09-03,-0.05381257158115982,-0.03259221079818497,1.0000000000000002,1.5990405756546078,0.0057124075110198385,5,0,0,0,3.5666844396930104,-3.0357660829594124e-16
2024-09-04,-0.0002966911823105711,-0.003034605115545652,1.0000000000000002,0.0,0.0,5,0,0,0,3.565626235869669,-3.0357660829594124e-16
2024-09-05,-0.009936206014935611,0.0025381963480157754,1.0000000000000002,0.0,0.0,5,0,0,0,3.5301974390178086,-3.0357660829594124e-16
2024-09-06,-0.03643559877396474,-0.025504254223819744,1.0000000000000002,0.0,0.0,5,0,0,0,3.401572581536878,-3.0357660829594124e-16
2024-09-09,0.019042794631436655,0.011609457215793872,1.0000000000000002,0.0,0.0,5,0,0,0,3.466348029631011,-3.0357660829594124e-16
2024-09-10,0.01815440795401191,0.008367232313154283,1.0000000000000002,0.0,0.0,5,0,0,0,3.529277525871518,-3.0357660829594124e-16
2024-09-11,0.023558464142763302,0.021711082214841637,1.0000000000000002,0.0,0.0,5,0,0,0,3.6124218839146227,-3.0357660829594124e-16
2024-09-12,0.008965190486870611,0.010010881415337236,1.0000000000000002,0.0,0.0,5,0,0,0,3.644807934222857,-3.0357660829594124e-16
2024-09-13,-0.008671464850429467,0.006505572516027902,1.0000000000000002,0.0,0.0,5,0,0,0,3.613202110334677,-3.0357660829594124e-16
2024-09-16,-0.017928733973011313,-0.005193944895855673,1.0000000000000002,0.0,0.0,5,0,0,0,3.548421970907764,-3.0357660829594124e-16
2024-09-17,-0.014085811076152921,0.0020425898471514436,1.0000000000000002,0.0,0.0,5,0,0,0,3.4984395694070867,-3.0357660829594124e-16
2024-09-18,-0.00957103161594508,-0.0031063939223489045,1.0000000000000002,0.0,0.0,5,0,0,0,3.464955893681818,-3.0357660829594124e-16
2024-09-19,0.028887752941822553,0.025076660612330715,1.0000000000000002,0.0,0.0,5,0,0,0,3.5650506834928106,-3.0357660829594124e-16
2024-09-20,0.0029955560070744625,-0.0036449578703608987,1.0000000000000002,0.0,0.0,5,0,0,0,3.5757299924832724,-3.0357660829594124e-16
2024-09-23,0.004602057826585515,0.001445773173548659,1.0000000000000002,0.0,0.0,5,0,0,0,3.592185708680937,-3.0357660829594124e-16
2024-09-24,0.006450766339598513,0.005577528477582971,1.0000000000000002,0.0,0.0,5,0,0,0,3.6153580593360823,-3.0357660829594124e-16
2024-09-25,-0.00475698366050481,0.0004251066895464284,1.0000000000000002,0.0,0.0,5,0,0,0,3.5981598601209464,-3.0357660829594124e-16
2024-09-26,0.010054933003533773,0.005977473400077926,1.0000000000000002,0.0,0.0,5,0,0,0,3.6343391164504673,-3.0357660829594124e-16
2024-09-27,-0.014477863994181384,-0.0038867547528513846,1.0000000000000002,0.0,0.0,5,0,0,0,3.581721649013764,-3.0357660829594124e-16
2024-09-30,0.004435190144197465,0.0038400482995482044,1.0000000000000002,0.0,0.0,5,0,0,0,3.5976072655707285,-3.0357660829594124e-16
2024-10-01,-0.03126124392125862,-0.015328379554033433,1.0000000000000002,1.998001998001998,0.0069772604350527125,5,0,0,0,3.4851415873088296,-5.108760636751697e-16
2024-10-02,-0.01837060268961832,0.0008243050667089413,1.0000000000000002,0.0,0.0,5,0,0,0,3.4211174358913135,-5.108760636751697e-16
2024-10-03,-0.0008477549943639584,-0.0003708984312128516,1.0000000000000002,0.0,0.0,5,0,0,0,3.418217166498731,-5.108760636751697e-16
2024-10-04,0.02131143764399579,0.012242950635987793,1.0000000000000002,0.0,0.0,5,0,0,0,3.491064288496205,-5.108760636751697e-16
2024-10-07,-0.010762170915260771,-0.01179551626671349,1.0000000000000002,0.0,0.0,5,0,0,0,3.4534928579472455,-5.108760636751697e-16
2024-10-08,0.011076907576073491,0.014450629487014366,1.0000000000000002,0.0,0.0,5,0,0,0,3.4917468791493573,-5.108760636751697e-16
2024-10-09,-0.011680067875850186,0.005978205035980011,1.0000000000000002,0.0,0.0,5,0,0,0,3.4509630385956047,-5.108760636751697e-16
2024-10-10,-0.01360163867967401,-0.0005231030091751299,1.0000000000000002,0.0,0.0,5,0,0,0,3.4040242862477172,-5.108760636751697e-16
2024-10-11,-0.0010530003005509991,0.003330518404479843,1.0000000000000002,0.0,0.0,5,0,0,0,3.4004398476512154,-5.108760636751697e-16
2024-10-14,0.0029905617672396634,0.008708964962673038,1.0000000000000002,0.0,0.0,5,0,0,0,3.410609073051399,-5.108760636751697e-16
2024-10-15,-0.010927438875820372,-0.010112024008622988,1.0000000000000002,0.0,0.0,5,0,0,0,3.3733398508763117,-5.108760636751697e-16
2024-10-16,0.01759151385014679,0.002811386994723497,1.0000000000000002,0.0,0.0,5,0,0,0,3.432682005584254,-5.108760636751697e-16
2024-10-17,-0.008031361544648896,0.0003555982048120132,1.0000000000000002,0.0,0.0,5,0,0,0,3.4051128953295966,-5.108760636751697e-16
2024-10-18,0.006684846184361604,0.006310317013705546,1.0000000000000002,0.0,0.0,5,0,0,0,3.427875551275261,-5.108760636751697e-16
2024-10-21,0.0015021757002831038,0.0027287409716514333,1.0000000000000002,0.0,0.0,5,0,0,0,3.4330248226319813,-5.108760636751697e-16
2024-10-22,-0.008124714871138083,0.001786569010746586,1.0000000000000002,0.0,0.0,5,0,0,0,3.405132474802557,-5.108760636751697e-16
2024-10-23,-0.004741330507748831,-0.015962555452894156,1.0000000000000002,0.0,0.0,5,0,0,0,3.3889876163168493,-5.108760636751697e-16
2024-10-24,0.03827560242727612,0.007596138643384043,1.0000000000000002,0.0,0.0,5,0,0,0,3.518703158949955,-5.108760636751697e-16
2024-10-25,0.0069152612554330695,0.005599591469924947,1.0000000000000002,0.0,0.0,5,0,0,0,3.5430359105744116,-5.108760636751697e-16
2024-10-28,0.003875687928133642,0.0026235236773093362,1.0000000000000002,0.0,0.0,5,0,0,0,3.556767612081969,-5.108760636751697e-16
2024-10-29,-0.01617219883977028,0.007839554823308115,1.0000000000000002,0.0,0.0,5,0,0,0,3.4992468590325245,-5.108760636751697e-16
2024-10-30,-0.009939552386586059,-0.005601336586160355,1.0000000000000002,0.0,0.0,5,0,0,0,3.464465911563574,-5.108760636751697e-16
2024-10-31,8.202577925864318e-05,-0.02755713053029496,1.0000000000000002,0.0,0.0,5,0,0,0,3.4647500870796852,-5.108760636751697e-16
2024-11-01,-0.00713798823896139,0.008000353509081792,1.0,1.60523823881144,0.00553092808367239,5,0,0,0,3.44001874170717,2.6020852139652106e-18
2024-11-04,-0.045269962549000065,-0.0032858481052382427,1.0,0.0,0.0,5,0,0,0,3.2842892221022284,2.6020852139652106e-18
2024-11-05,0.030548816811441393,0.014256640396236975,1.0,0.0,0.0,5,0,0,0,3.3846203719040204,2.6020852139652106e-18
2024-11-06,0.04009026674551519,0.029518405815003756,1.0,0.0,0.0,5,0,0,0,3.5203107054459575,2.6020852139652106e-18
2024-11-07,0.08418055790134393,0.015065437369473189,1.0,0.0,0.0,5,0,0,0,3.816652424616472,2.6020852139652106e-18
2024-11-08,0.05441856123143318,0.0008987434468192834,1.0,0.0,0.0,5,0,0,0,4.024349158284561,2.6020852139652106e-18
2024-11-11,0.007761618172194451,0.0006214827813664225,1.0,0.0,0.0,5,0,0,0,4.055584619842758,2.6020852139652106e-18
2024-11-12,-0.008217900829840752,-0.0008997104824907121,1.0,0.0,0.0,5,0,0,0,4.022256227629863,2.6020852139652106e-18
2024-11-13,-0.005751756595959057,-0.0026274128926858653,1.0,0.0,0.0,5,0,0,0,3.9991211888419556,2.6020852139652106e-18
2024-11-14,0.005701893963431681,-0.0064006792624654585,1.0,0.0,0.0,5,0,0,0,4.021923753807645,2.6020852139652106e-18
2024-11-15,0.007990300966448816,-0.0223747708928147,1.0,0.0,0.0,5,0,0,0,4.054060135064677,2.6020852139652106e-18
2024-11-18,0.009718456204544257,0.0059788423962625625,1.0,0.0,0.0,5,0,0,0,4.093459340937892,2.6020852139652106e-18
2024-11-19,0.03379243817747479,0.01041210162305517,1.0,0.0,0.0,5,0,0,0,4.231787312648542,2.6020852139652106e-18
2024-11-20,0.008194484880939212,-0.0011231723524938175,1.0,0.0,0.0,5,0,0,0,4.2664646298013915,2.6020852139652106e-18
2024-11-21,0.00642251744477873,0.0003309739957348956,1.0,0.0,0.0,5,0,0,0,4.293866073313822,2.6020852139652106e-18
2024-11-22,0.016218782902346796,0.001646099979054183,1.0,0.0,0.0,5,0,0,0,4.363507354968651,2.6020852139652106e-18
2024-11-25,-0.006679169964715181,0.002693456200393962,1.0,0.0,0.0,5,0,0,0,4.334362747702531,2.6020852139652106e-18
2024-11-26,0.02045382713678867,0.006269327147551129,1.0,0.0,0.0,5,0,0,0,4.423017054092175,2.6020852139652106e-18
2024-11-27,-0.009223872420107138,-0.005936087283596847,1.0,0.0,0.0,5,0,0,0,4.38221970907327,2.6020852139652106e-18
2024-11-29,0.00863651129304821,0.00827310897357103,1.0,0.0,0.0,5,0,0,0,4.4200667990793,2.6020852139652106e-18
2024-12-02,0.0011651050103598237,0.009666963018219343,1.0,1.223158622005845,0.005419370638670297,5,0,0,0,4.425216641053033,4.0939474033052647e-16
2024-12-03,0.013001284168939975,0.0039663527636977225,1.0,0.0,0.0,5,0,0,0,4.482750140112485,4.0939474033052647e-16
2024-12-04,0.030146553118268082,0.01304892827851556,1.0,0.0,0.0,5,0,0,0,4.61788960532731,4.0939474033052647e-16
2024-12-05,-0.013025816731630724,-0.0017662628085394205,1.0,0.0,0.0,5,0,0,0,4.557737821641414,4.0939474033052647e-16
2024-12-06,0.0396198249599351,0.008097132617218783,1.0,0.0,0.0,5,0,0,0,4.738314596348123,4.0939474033052647e-16
2024-12-09,-0.07512500930183486,-0.0061976487606851816,1.0,0.0,0.0,5,0,0,0,4.38234866822245,4.0939474033052647e-16
2024-12-10,-0.03521060247400587,-0.0025053492380269216,1.0,0.0,0.0,5,0,0,0,4.228043531363181,4.0939474033052647e-16
2024-12-11,0.030781314576618257,0.017658760758274106,1.0,0.0,0.0,5,0,0,0,4.358188269345707,4.0939474033052647e-16
2024-12-12,-0.011321009189523168,-0.006591135281496019,1.0,0.0,0.0,5,0,0,0,4.308849179898772,4.0939474033052647e-16
2024-12-13,0.007608584789233097,0.0011999693430715386,1.0,0.0,0.0,5,0,0,0,4.341633424228049,4.0939474033052647e-16
2024-12-16,0.05132231127376263,0.012403744466865207,1.0,0.0,0.0,5,0,0,0,4.564456086262853,4.0939474033052647e-16
2024-12-17,-0.014901326011503624,-0.0032135645664698176,1.0,0.0,0.0,5,0,0,0,4.496439638056258,4.0939474033052647e-16
2024-12-18,-0.08579058716250343,-0.03562409591437643,1.0,0.0,0.0,5,0,0,0,4.110687441366657,4.0939474033052647e-16
2024-12-19,-0.0014380827204509838,-0.0010274900752054172,1.0,0.0,0.0,5,0,0,0,4.104775932788053,4.0939474033052647e-16
2024-12-20,0.026843210938659157,0.010315000113871209,0.8366390086769953,0.16349777994353748,0.0006892495056997155,4,1,0,1,4.214961299007814,0.6885602561940162
2024-12-23,0.0059062063212795834,0.009824301451820228,0.8375981872898115,0.0,0.0,4,0,0,0,4.239855730075963,0.6885602561940162
2024-12-24,0.01842479098814298,0.013470465560214251,0.8405362731276254,0.0,0.0,4,0,0,0,4.317974185722493,0.6885602561940162
2024-12-26,0.01416958187456041,-0.000537643238945007,0.8427642381290644,0.0,0.0,4,0,0,0,4.379158074479326,0.6885602561940162
2024-12-27,-0.024572114214769014,-0.014901142574008208,0.8388032942646919,0.0,0.0,4,0,0,0,4.271552902108692,0.6885602561940162
2024-12-30,-0.011567864924938664,-0.011928081728214801,0.8369167694825432,0.0,0.0,4,0,0,0,4.222140155117369,0.6885602561940162
2024-12-31,-0.018210266994116875,-0.009031464050827553,0.8338918965691817,0.0,0.0,4,0,0,0,4.1452538556061,0.6885602561940162
2025-01-02,0.0026654097695573142,-0.0015534319645424954,1.0000000000000002,0.25629118308303955,0.0010654968023242923,5,0,0,0,4.156302655730127,-9.187529209642165e-16
2025-01-03,0.037930260704423624,0.01768001450977663,1.0000000000000002,0.0,0.0,5,0,0,0,4.313952299028459,-9.187529209642165e-16
2025-01-06,0.010875828973194501,0.012399694038395248,1.0000000000000002,0.0,0.0,5,0,0,0,4.360870106431212,-9.187529209642165e-16
2025-01-07,-0.03917886328415643,-0.018892583357934867,1.0000000000000002,0.0,0.0,5,0,0,0,4.1900161727313785,-9.187529209642165e-16
2025-01-08,-0.0036899983594926855,-0.0005542779648657348,1.0000000000000002,0.0,0.0,5,0,0,0,4.174555019927752,-9.187529209642165e-16
2025-01-10,-0.011063440642335443,-0.016286873211427966,1.0000000000000002,0.0,0.0,5,0,0,0,4.1283700782566175,-9.187529209642165e-16
2025-01-13,-0.016460736478870586,-0.003837116754229597,1.0000000000000002,0.0,0.0,5,0,0,0,4.060414066311181,-9.187529209642165e-16
2025-01-14,0.02961668632780534,-0.0022898557916311013,1.0000000000000002,0.0,0.0,5,0,0,0,4.180670076074128,-9.187529209642165e-16
2025-01-15,0.041730324646855665,0.024513346779041045,1.0000000000000002,0.0,0.0,5,0,0,0,4.355130795590097,-9.187529209642165e-16
2025-01-16,0.016593833680039527,-0.008863883056010047,1.0000000000000002,0.0,0.0,5,0,0,0,4.427399111666937,-9.187529209642165e-16
2025-01-17,0.027002635595300584,0.015094928951082665,1.0000000000000002,0.0,0.0,5,0,0,0,4.546950556514237,-9.187529209642165e-16
2025-01-21,0.033752205568010174,0.006448233087721356,1.0000000000000002,0.0,0.0,5,0,0,0,4.700420166405284,-9.187529209642165e-16
2025-01-22,0.013121321780084516,0.012783485413536244,1.0000000000000002,0.0,0.0,5,0,0,0,4.762095891910286,-9.187529209642165e-16
2025-01-23,0.002536896743168482,0.002215860215437848,1.0000000000000002,0.0,0.0,5,0,0,0,4.7741768374691285,-9.187529209642165e-16
2025-01-24,0.005944265976798535,-0.004955544887409791,1.0000000000000002,0.0,0.0,5,0,0,0,4.802555814411316,-9.187529209642165e-16
2025-01-27,-0.05253503784801161,-0.03069347335888617,1.0000000000000002,0.0,0.0,5,0,0,0,4.550253362934029,-9.187529209642165e-16
2025-01-28,0.02920172154546319,0.020254123781643374,1.0000000000000002,0.0,0.0,5,0,0,0,4.683128594599736,-9.187529209642165e-16
2025-01-29,0.010979601353541257,-0.005131535672895593,1.0000000000000002,0.0,0.0,5,0,0,0,4.73454747965581,-9.187529209642165e-16
2025-01-30,0.01890728185373991,0.0025175676746096443,1.0000000000000002,0.0,0.0,5,0,0,0,4.824064903303577,-9.187529209642165e-16
2025-01-31,-0.014096884512524999,-0.0027592366287790826,1.0000000000000002,0.0,0.0,5,0,0,0,4.756060617480781,-9.187529209642165e-16
2025-02-03,-0.006434451429787491,-0.011997809352776945,1.0,0.4487976303959491,0.0021217265682182867,5,0,0,0,4.725457976440476,-4.345482307321902e-16
2025-02-04,0.06173088529846216,0.013513877205707736,1.0,0.0,0.0,5,0,0,0,5.017164680766825,-4.345482307321902e-16
2025-02-05,-0.01030353960752961,0.0019494489461990838,1.0,0.0,0.0,5,0,0,0,4.965470125761046,-4.345482307321902e-16
2025-02-06,0.014769572560445532,0.005060858694421411,1.0,0.0,0.0,5,0,0,0,5.038807997080198,-4.345482307321902e-16
2025-02-07,0.001369581669972586,-0.013570535215806534,1.0,0.0,0.0,5,0,0,0,5.0457090561515106,-4.345482307321902e-16
2025-02-10,0.016261286191751045,0.009776328790807032,1.0,0.0,0.0,5,0,0,0,5.1277587751539,-4.345482307321902e-16
2025-02-11,-0.0381588742081147,-0.0035717275752975564,1.0,0.0,0.0,5,0,0,0,4.932089273083246,-4.345482307321902e-16
2025-02-12,0.026316201723721733,0.0003103107737683075,1.0,0.0,0.0,5,0,0,0,5.0618831293131095,-4.345482307321902e-16
2025-02-13,0.0907621316317595,0.015048042460278355,1.0,0.0,0.0,5,0,0,0,5.5213104322004085,-4.345482307321902e-16
2025-02-14,0.03674363961957794,0.004067499548585651,1.0,0.0,0.0,5,0,0,0,5.724183472948996,-4.345482307321902e-16
2025-02-18,-0.005113202746881762,0.0007233516708189391,1.0,0.0,0.0,5,0,0,0,5.6949145622914585,-4.345482307321902e-16
2025-02-19,-0.0338058599865404,0.0007480667457842038,1.0,0.0,0.0,5,0,0,0,5.502393077963323,-4.345482307321902e-16
2025-02-20,-0.05279510462039949,-0.004681368183846124,1.0,0.0,0.0,5,0,0,0,5.211893659749688,-4.345482307321902e-16
2025-02-21,-0.06178022807277117,-0.021959095590560196,1.0,0.0,0.0,5,0,0,0,4.889901680759322,-4.345482307321902e-16
2025-02-24,-0.041205884559867845,-0.012143004935272983,1.0,0.0,0.0,5,0,0,0,4.688408956592849,-4.345482307321902e-16
2025-02-25,-0.06091081430633638,-0.013508586215435159,1.0,0.0,0.0,5,0,0,0,4.402834149245658,-4.345482307321902e-16
2025-02-26,-0.010378687489941196,0.002568906055083975,0.8357659268127021,0.16437144924391675,0.0007163069117748592,4,1,0,1,4.357138509540596,0.7155906048630839
2025-02-27,-0.023924362979942826,-0.02782900977667735,0.8317404236328428,0.0,0.0,4,0,0,0,4.25289674628446,0.7155906048630839
2025-02-28,0.014167756009784815,0.016331669184764808,0.0,0.8342293882965185,0.0036011613061637054,0,0,1,1,4.313150749720625,4.313150749720625
2025-03-03,-0.0009990009990009652,-0.026374517620694427,1.0,0.999000999000999,0.004308841907812813,5,0,0,0,4.308841907812813,-3.5561831257524545e-17
2025-03-04,-0.007141208283032441,-0.0035437940990631356,1.0,0.0,0.0,5,0,0,0,4.278071570290463,-3.5561831257524545e-17
2025-03-05,0.03268720426329286,0.01463330204767499,1.0,0.0,0.0,5,0,0,0,4.417909769561533,-3.5561831257524545e-17
2025-03-06,-0.056374017693284206,-0.026059689616426573,1.0,0.0,0.0,5,0,0,0,4.1688544460449375,-3.5561831257524545e-17
2025-03-07,0.028012224702728794,0.007026564940064928,1.0,0.0,0.0,5,0,0,0,4.285633333540519,-3.5561831257524545e-17
2025-03-10,-0.07837640221506925,-0.0400027243019756,1.0,0.0,0.0,5,0,0,0,3.949740811644639,-3.5561831257524545e-17
2025-03-11,0.011504980166594514,-0.0018448594802946694,0.8329051507224928,0.1672341394536348,0.0006682426605590698,4,1,0,1,3.9951825013457998,0.6675744178985107
2025-03-12,0.022988535357232998,0.01217895930681312,0.8366600958835215,0.0,0.0,4,0,0,0,4.087025895536586,0.6675744178985107
2025-03-13,-0.023888579108229724,-0.019573136205077946,0.8326626442222631,0.0,0.0,4,0,0,0,3.9893926541136766,0.6675744178985107
2025-03-14,0.02399720364334601,0.026068996292824886,0.8365841672395621,0.0,0.0,4,0,0,0,4.085126922047711,0.6675744178985107
2025-03-17,0.002257910417764908,0.0030741205324462673,0.8369523143076792,0.0,0.0,4,0,0,0,4.094350772682894,0.6675744178985107
2025-03-18,-0.02620504188901218,-0.017101052515219317,0.832564664322551,0.0,0.0,4,0,0,0,3.9870581391764293,0.6675744178985107
2025-03-19,0.009177992201171215,0.014092330231884054,0.8340874087907455,0.0,0.0,4,0,0,0,4.023651327683407,0.6675744178985107
2025-03-20,-0.004831569678088399,-0.0033330345673047157,0.8332818986675593,0.0,0.0,4,0,0,0,4.004210775933371,0.6675744178985107
2025-03-21,0.016109435073959455,0.00522415490672512,0.8359250533675975,0.0,0.0,4,0,0,0,4.068716349450719,0.6675744178985107
2025-03-24,0.02092396823664333,0.022747404657660786,0.8392877905337108,0.0,0.0,4,0,0,0,4.1538500411105375,0.6675744178985107
2025-03-25,0.0004872211666073767,0.0045777980459160705,0.8393660547918919,0.0,0.0,4,0,0,0,4.155873884773479,0.6675744178985107
2025-03-26,-0.022824810305680177,-0.020405147140092228,0.8356139749532959,0.0,0.0,4,0,0,0,4.061016851699194,0.6675744178985107
2025-03-27,-0.013079311261068316,-0.005306571161377005,0.833435425032225,0.0,0.0,4,0,0,0,4.007901548259377,0.6675744178985107
2025-03-28,-0.02153620131111944,-0.027018765613175844,0.829769302460686,0.0,0.0,4,0,0,0,3.9215865736809157,0.6675744178985107
2025-03-31,-0.005436623319563738,-0.0013683030311937294,0.8288387632897819,0.0,0.0,4,0,0,0,3.900266384664754,0.6675744178985107
2025-04-01,0.002979156081694523,0.008705763372179431,0.0,0.829488719323643,0.003247559028114461,0,0,0,0,3.911885886984857,3.911885886984857
2025-04-02,0.0,0.00866230645595012,0.0,0.0,0.0,0,0,0,0,3.911885886984857,3.911885886984857
2025-04-03,0.0,-0.05968062047491052,0.0,0.0,0.0,0,0,0,0,3.911885886984857,3.911885886984857
2025-04-04,0.0,-0.05817427042170764,0.0,0.0,0.0,0,0,0,0,3.911885886984857,3.911885886984857
2025-04-07,0.0,0.000992802948457161,0.0,0.0,0.0,0,0,0,0,3.911885886984857,3.911885886984857
2025-04-08,0.0,-0.02149221146499125,0.0,0.0,0.0,0,0,0,0,3.911885886984857,3.911885886984857
2025-04-09,0.0,0.12163152801806287,0.0,0.0,0.0,0,0,0,0,3.911885886984857,3.911885886984857
2025-04-10,0.0,-0.043075233632343224,0.0,0.0,0.0,0,0,0,0,3.911885886984857,3.911885886984857
2025-04-11,0.0,0.020573516319227547,0.0,0.0,0.0,0,0,0,0,3.911885886984857,3.911885886984857
2025-04-14,0.0,0.006399568736921157,0.0,0.0,0.0,0,0,0,0,3.911885886984857,3.911885886984857
2025-04-15,0.0,-0.0004940978348885183,0.0,0.0,0.0,0,0,0,0,3.911885886984857,3.911885886984857
2025-04-16,0.0,-0.03067245122916218,0.0,0.0,0.0,0,0,0,0,3.911885886984857,3.911885886984857
2025-04-17,0.0,-0.0012701721051345816,0.0,0.0,0.0,0,0,0,0,3.911885886984857,3.911885886984857
2025-04-21,0.0,-0.02551488930308332,0.0,0.0,0.0,0,0,0,0,3.911885886984857,3.911885886984857
2025-04-22,0.0,0.027063215644652416,0.0,0.0,0.0,0,0,0,0,3.911885886984857,3.911885886984857
2025-04-23,0.0,0.025007505942485686,0.0,0.0,0.0,0,0,0,0,3.911885886984857,3.911885886984857
2025-04-24,0.0,0.027411468009182816,0.0,0.0,0.0,0,0,0,0,3.911885886984857,3.911885886984857
2025-04-25,0.0,0.012635206611098404,0.0,0.0,0.0,0,0,0,0,3.911885886984857,3.911885886984857
2025-04-28,0.0,-0.0009668502844413229,0.0,0.0,0.0,0,0,0,0,3.911885886984857,3.911885886984857
2025-04-29,0.0,0.005481105154280463,0.0,0.0,0.0,0,0,0,0,3.911885886984857,3.911885886984857
2025-04-30,0.0,-0.0008577015582054148,0.0,0.0,0.0,0,0,0,0,3.911885886984857,3.911885886984857
2025-05-01,0.0,0.015154947841271804,0.0,0.0,0.0,0,0,0,0,3.911885886984857,3.911885886984857
2025-05-02,0.0,0.015074937410012978,0.0,0.0,0.0,0,0,0,0,3.911885886984857,3.911885886984857
2025-05-05,0.0,-0.007425203912719058,0.0,0.0,0.0,0,0,0,0,3.911885886984857,3.911885886984857
2025-05-06,0.0,-0.008662851332835064,0.0,0.0,0.0,0,0,0,0,3.911885886984857,3.911885886984857
2025-05-07,0.0,0.0027419353981639194,0.0,0.0,0.0,0,0,0,0,3.911885886984857,3.911885886984857
2025-05-08,0.0,0.010710049830923385,0.0,0.0,0.0,0,0,0,0,3.911885886984857,3.911885886984857
2025-05-09,0.0,4.335642494779357e-05,0.0,0.0,0.0,0,0,0,0,3.911885886984857,3.911885886984857
2025-05-12,0.0,0.04347322504048745,0.0,0.0,0.0,0,0,0,0,3.911885886984857,3.911885886984857
2025-05-13,0.0,0.016128643092393924,0.0,0.0,0.0,0,0,0,0,3.911885886984857,3.911885886984857
2025-05-14,0.0,0.0071922144057858794,0.0,0.0,0.0,0,0,0,0,3.911885886984857,3.911885886984857
2025-05-15,0.0,-0.0018013550310416182,0.0,0.0,0.0,0,0,0,0,3.911885886984857,3.911885886984857
2025-05-16,0.0,0.005168561863222232,0.0,0.0,0.0,0,0,0,0,3.911885886984857,3.911885886984857
2025-05-19,0.0,0.00022701977693961872,0.0,0.0,0.0,0,0,0,0,3.911885886984857,3.911885886984857
2025-05-20,0.0,-0.0037859145199149458,0.0,0.0,0.0,0,0,0,0,3.911885886984857,3.911885886984857
2025-05-21,0.0,-0.014108354160926151,0.0,0.0,0.0,0,0,0,0,3.911885886984857,3.911885886984857
2025-05-22,0.0,0.0028131619469127234,0.0,0.0,0.0,0,0,0,0,3.911885886984857,3.911885886984857
2025-05-23,0.0,-0.009961431140025012,0.0,0.0,0.0,0,0,0,0,3.911885886984857,3.911885886984857
2025-05-27,0.0,0.024654533623928332,0.0,0.0,0.0,0,0,0,0,3.911885886984857,3.911885886984857
2025-05-28,0.0,-0.0051161914908577355,0.0,0.0,0.0,0,0,0,0,3.911885886984857,3.911885886984857
2025-05-29,0.0,0.003923032573662999,0.0,0.0,0.0,0,0,0,0,3.911885886984857,3.911885886984857
2025-05-30,0.0,-0.003238731616213353,0.0,0.0,0.0,0,0,0,0,3.911885886984857,3.911885886984857
2025-06-02,-0.0009990009990009652,0.006741094491605759,1.0000000000000002,0.9990009990009991,0.003907977909075782,5,0,0,0,3.907977909075781,-4.0419056990259605e-16
2025-06-03,0.012589739271265499,0.008124868361824689,1.0000000000000002,0.0,0.0,5,0,0,0,3.9571783320289105,-4.0419056990259605e-16
2025-06-04,0.0063952088509962035,0.00317188702464799,1.0000000000000002,0.0,0.0,5,0,0,0,3.9824853139228718,-4.0419056990259605e-16
2025-06-05,-0.010451521475631442,-0.008326569071753553,1.0000000000000002,0.0,0.0,5,0,0,0,3.9408622831380202,-4.0419056990259605e-16
2025-06-06,0.01936706487898232,0.0119959846307236,1.0,0.0,0.0,5,0,0,0,4.017185218654689,-4.0419056990259605e-16
2025-06-09,-0.004452502784001444,0.0031379082011211423,1.0000000000000002,0.0,0.0,5,0,0,0,3.999298690284779,-4.0419056990259605e-16
2025-06-10,-0.010818575204761705,0.00631670192248146,1.0000000000000002,0.0,0.0,5,0,0,0,3.9560319766376284,-4.0419056990259605e-16
2025-06-11,0.01965356136942198,-0.005027205621014774,1.0,0.0,0.0,5,0,0,0,4.033782093869871,-4.0419056990259605e-16
2025-06-12,-0.005933533840566385,0.0023760038870555,1.0,0.0,0.0,5,0,0,0,4.009847511310424,-4.0419056990259605e-16
2025-06-13,-0.0024744715861295674,-0.013002334537135174,1.0000000000000002,0.0,0.0,5,0,0,0,3.999925257578974,-4.0419056990259605e-16
2025-06-16,0.02357549811818127,0.01516923462734976,1.0,0.0,0.0,5,0,0,0,4.094225487961893,-4.0419056990259605e-16
2025-06-17,-0.011994840706025411,-0.009142640146790115,1.0,0.0,0.0,5,0,0,0,4.045115905419241,-4.0419056990259605e-16
2025-06-18,0.008233297093124925,0.0012899688325833658,1.0,0.0,0.0,5,0,0,0,4.078420546444683,-4.0419056990259605e-16
2025-06-20,0.0012264231814405058,-0.005057905308947563,1.0,0.0,0.0,5,0,0,0,4.083422415946506,-4.0419056990259605e-16
2025-06-23,0.003065835515346782,0.00943901517539869,1.0,0.0,0.0,5,0,0,0,4.095941517413478,-4.0419056990259605e-16
2025-06-24,0.026565714376129312,0.014342405598140706,1.0,0.0,0.0,5,0,0,0,4.204753129866415,-4.0419056990259605e-16
2025-06-25,-0.0015635467925495528,0.003064402162859192,1.0,0.0,0.0,5,0,0,0,4.198178801596749,-4.0419056990259605e-16
2025-06-26,0.01983394498297497,0.009730869074350945,1.0,0.0,0.0,5,0,0,0,4.281445248976311,-4.0419056990259605e-16
2025-06-27,-0.015805247888021734,0.00523356163330746,1.0,0.0,0.0,5,0,0,0,4.213775945497248,-4.0419056990259605e-16
2025-06-30,0.04416276059606816,0.004748572764589731,1.0,0.0,0.0,5,0,0,0,4.399867923783713,-4.0419056990259605e-16
2025-07-01,-0.032987473165869474,-0.008190584754928065,1.0000000000000002,1.2360909912228162,0.0052657391403734604,5,0,0,0,4.254727398714528,-9.22005527481673e-16
2025-07-02,0.030154836911083338,0.009416474573687328,1.0000000000000002,0.0,0.0,5,0,0,0,4.3830280095238825,-9.22005527481673e-16
2025-07-03,0.001380715240900665,0.010198042183813705,1.0000000000000002,0.0,0.0,5,0,0,0,4.389079723097926,-9.22005527481673e-16
2025-07-07,0.004254833075595821,-0.0091538801326142,1.0000000000000002,0.0,0.0,5,0,0,0,4.40775452467519,-9.22005527481673e-16
2025-07-08,-0.00639191114222637,0.0002909978777729805,1.0000000000000002,0.0,0.0,5,0,0,0,4.37958054941672,-9.22005527481673e-16
2025-07-09,0.026590815164915238,0.009446353936584995,1.0000000000000002,0.0,0.0,5,0,0,0,4.496037166306118,-9.22005527481673e-16
2025-07-10,0.012810434469863852,0.0009373480812018276,1.0000000000000002,0.0,0.0,5,0,0,0,4.553633355799154,-9.22005527481673e-16
2025-07-11,-0.0037368617318680464,-0.0021875209033546117,1.0000000000000002,0.0,0.0,5,0,0,0,4.53661705757091,-9.22005527481673e-16
2025-07-14,0.019835668665620476,0.002662064080934723,1.0000000000000002,0.0,0.0,5,0,0,0,4.626603890387689,-9.22005527481673e-16
2025-07-15,-0.0033404946487127773,0.0018153779518059743,1.0000000000000002,0.0,0.0,5,0,0,0,4.611148744850135,-9.22005527481673e-16
2025-07-16,0.017438403480476206,0.002548143419512927,1.0000000000000002,0.0,0.0,5,0,0,0,4.691559817171323,-9.22005527481673e-16
2025-07-17,0.02038084716636801,0.007484627715022674,1.0000000000000002,0.0,0.0,5,0,0,0,4.7871777807769655,-9.22005527481673e-16
2025-07-18,0.008956035163981912,0.0004792764410013195,1.0000000000000002,0.0,0.0,5,0,0,0,4.8300519133178375,-9.22005527481673e-16
2025-07-21,-0.013600396069426424,0.003757239541608115,1.0000000000000002,0.0,0.0,5,0,0,0,4.764361294260824,-9.22005527481673e-16
2025-07-22,-0.018901956490877003,-0.0038852550541927933,1.0000000000000002,0.0,0.0,5,0,0,0,4.674305544369887,-9.22005527481673e-16
2025-07-23,0.01015758204961581,0.006094957659811939,1.0000000000000002,0.0,0.0,5,0,0,0,4.721785186461799,-9.22005527481673e-16
2025-07-24,-0.008317948344127024,0.001804945951526138,1.0000000000000002,0.0,0.0,5,0,0,0,4.682509621188745,-9.22005527481673e-16
2025-07-25,0.0093214295584092,0.0023914947126881803,1.0000000000000002,0.0,0.0,5,0,0,0,4.72615730477923,-9.22005527481673e-16
2025-07-28,-0.0006224744870994003,0.0033285453318880887,1.0000000000000002,0.0,0.0,5,0,0,0,4.7232153924349864,-9.22005527481673e-16
2025-07-29,-0.013729955008754402,-0.0037910945870781587,1.0000000000000002,0.0,0.0,5,0,0,0,4.658365857600198,-9.22005527481673e-16
2025-07-30,0.016027858129653794,0.0014873243281801063,1.0000000000000002,0.0,0.0,5,0,0,0,4.733029484681837,-9.22005527481673e-16
2025-07-31,-0.012061304643979254,-0.000341699610074242,1.0000000000000002,0.0,0.0,5,0,0,0,4.675942974178153,-9.22005527481673e-16
2025-08-01,-0.05397438351017492,-0.022361042398017283,1.0,0.8882481276064397,0.003932713742746939,5,0,0,0,4.423561834818154,-4.3107878378023656e-16
2025-08-04,0.036884818686606424,0.019537407270559637,1.0,0.0,0.0,5,0,0,0,4.586724111044413,-4.3107878378023656e-16
2025-08-05,-0.025098551148020287,-0.0065086317861381415,1.0,0.0,0.0,5,0,0,0,4.471603981341507,-4.3107878378023656e-16
2025-08-06,-0.021377241426406735,0.01208946982174397,1.0,0.0,0.0,5,0,0,0,4.376013423469088,-4.3107878378023656e-16
2025-08-07,0.017621719448947193,0.003461596963922675,1.0,0.0,0.0,5,0,0,0,4.453126304322287,-4.3107878378023656e-16
2025-08-08,0.0002602471665558159,0.00975958799964216,1.0,0.0,0.0,5,0,0,0,4.454285217825301,-4.3107878378023656e-16
2025-08-11,0.0023983768005815254,-0.0030125846036507253,0.842033716953143,0.15809940807909006,0.0007060204623367957,4,1,0,1,4.464968272154907,0.7053144418744585
2025-08-12,0.015876138690147368,0.013864599212546791,0.8445024181289108,0.0,0.0,4,0,0,0,4.535854727690746,0.7053144418744585
2025-08-13,-0.013219990267161807,0.0014408331373172434,0.8424192015065357,0.0,0.0,4,0,0,0,4.475890772337415,0.7053144418744585
2025-08-14,-0.005577714760600649,-0.00011375600212593096,0.8415353307820047,0.0,0.0,4,0,0,0,4.450925530309712,0.7053144418744585
2025-08-15,-0.00014779618188376364,-0.004039027814433993,0.8415119068469626,0.0,0.0,4,0,0,0,4.450267700510484,0.7053144418744585
2025-08-18,0.007059050816854873,0.0003140177718334858,0.8426228402152953,0.0,0.0,4,0,0,0,4.481682366356995,0.7053144418744585
2025-08-19,-0.049088303416498724,-0.014554939789003796,0.8344986602329745,0.0,0.0,4,0,0,0,4.261684182540891,0.7053144418744585
2025-08-20,-0.0033085086572116618,-0.006666213150863576,0.8339492799882795,0.0,0.0,4,0,0,0,4.247584363528652,0.7053144418744585
2025-08-21,0.009113659030040466,-0.0034265564500969292,0.8354489422219016,0.0,0.0,4,0,0,0,4.286295399119184,0.7053144418744585
2025-08-22,0.030306997151887005,0.018777923167953237,0.8402892941298346,0.0,0.0,4,0,0,0,4.4162001415724355,0.7053144418744585
2025-08-25,-0.011075498735031997,-0.00219756397893045,0.8385006078159921,0.0,0.0,4,0,0,0,4.367288522490802,0.7053144418744585
2025-08-26,0.013987888915306668,0.004428118599729913,0.8407284801431222,0.0,0.0,4,0,0,0,4.428377669204497,0.7053144418744585
2025-08-27,-0.007765034229305079,0.002129104397596171,0.8394820527886079,0.0,0.0,4,0,0,0,4.393991165022834,0.7053144418744585
2025-08-28,0.01834043927726481,0.005327431873994426,0.8423730011887629,0.0,0.0,4,0,0,0,4.474578893169774,0.7053144418744585
2025-08-29,-0.019588510236942525,-0.011500030407516015,0.8392236316515101,0.0,0.0,4,0,0,0,4.386928558714911,0.7053144418744585
2025-09-02,-0.007580833689637578,-0.008199277110118253,1.0,1.0379560648367263,0.00452361555316227,5,0,0,0,4.353671982902972,-2.177077962350893e-16
2025-09-03,-0.0042343336962141764,0.010249238356117907,1.0,0.0,0.0,5,0,0,0,4.335237082923502,-2.177077962350893e-16
2025-09-04,0.025060778712546306,0.009766612567931654,1.0,0.0,0.0,5,0,0,0,4.443881500125073,-2.177077962350893e-16
2025-09-05,-0.011515522212871665,-0.000336286357507376,1.0,0.0,0.0,5,0,0,0,4.392707883999013,-2.177077962350893e-16
2025-09-08,0.06348760078516325,0.004530333325806657,1.0,0.0,0.0,5,0,0,0,4.671590368504182,-2.177077962350893e-16
2025-09-09,0.005200385645132366,0.003706184313743588,1.0,0.0,0.0,5,0,0,0,4.695884439996489,-2.177077962350893e-16
2025-09-10,0.01375650869236078,0.00030028122227721,1.0,0.0,0.0,5,0,0,0,4.760483415113622,-2.177077962350893e-16
2025-09-11,0.005086316387388212,0.007173972839332299,1.0,0.0,0.0,5,0,0,0,4.784696739919805,-2.177077962350893e-16
2025-09-12,-0.004118020129318611,0.004447202680933238,1.0,0.0,0.0,5,0,0,0,4.76499326243213,-2.177077962350893e-16
2025-09-15,0.012881869676147906,0.009378486163740707,1.0,0.0,0.0,5,0,0,0,4.826375284646503,-2.177077962350893e-16
2025-09-16,0.009084184117819971,-0.0006617819788579116,1.0,0.0,0.0,5,0,0,0,4.870218966353928,-2.177077962350893e-16
2025-09-17,0.010258623442132908,-0.0032519983021370713,1.0,0.0,0.0,5,0,0,0,4.920180708810487,-2.177077962350893e-16
2025-09-18,0.010858726503500282,0.009406446065890917,1.0,0.0,0.0,5,0,0,0,4.973607605475259,-2.177077962350893e-16
2025-09-19,0.008606902828639296,0.007153750679216975,1.0,0.0,0.0,5,0,0,0,5.016414962843365,-2.177077962350893e-16
2025-09-22,-0.0033188278909606073,0.006959332752431546,1.0,0.0,0.0,5,0,0,0,4.999766344952048,-2.177077962350893e-16
2025-09-23,-0.008518815301307603,-0.009456763751602648,1.0,0.0,0.0,5,0,0,0,4.957174258909708,-2.177077962350893e-16
2025-09-24,-0.029174270412259173,-0.003349950184885264,1.0,0.0,0.0,5,0,0,0,4.812552316599586,-2.177077962350893e-16
2025-09-25,-0.014891725537230838,-0.005029369473082856,1.0,0.0,0.0,5,0,0,0,4.7408851083672205,-2.177077962350893e-16
2025-09-26,-0.007265923833844501,0.004439192841539041,1.0,0.0,0.0,5,0,0,0,4.7064381982648165,-2.177077962350893e-16
2025-09-29,0.02839183047546734,0.004762482949039137,1.0,0.0,0.0,5,0,0,0,4.840062593733215,-2.177077962350893e-16
2025-09-30,0.0017516397999524091,0.0030480962677861267,1.0,0.0,0.0,5,0,0,0,4.848540640006659,-2.177077962350893e-16
2025-10-01,-0.012682198546361101,0.004199027273156686,1.0,1.599040575654607,0.007666947723643633,5,0,0,0,4.787050484949994,3.2439329000766293e-16
2025-10-02,0.016121625410500107,0.003906366731765365,1.0,0.0,0.0,5,0,0,0,4.86422551968951,3.2439329000766293e-16
2025-10-03,-0.01950324951424609,-0.002781468259787645,1.0,0.0,0.0,5,0,0,0,4.7693573156854425,3.2439329000766293e-16
2025-10-06,-0.010005702398633076,0.007074468482048957,1.0,0.0,0.0,5,0,0,0,4.7216365457519505,3.2439329000766293e-16
2025-10-07,-0.02380182607920245,-0.006682599828172875,1.0,0.0,0.0,5,0,0,0,4.609252973880756,3.2439329000766293e-16
2025-10-08,0.018213487898858904,0.011190800917661559,1.0,0.0,0.0,5,0,0,0,4.6932035471433124,3.2439329000766293e-16
2025-10-09,-0.0035675757987031487,-0.0008136827149489712,1.0,0.0,0.0,5,0,0,0,4.676460187750136,3.2439329000766293e-16
2025-10-10,-0.05922549989323278,-0.03562272227610175,1.0,0.0,0.0,5,0,0,0,4.399494495399833,3.2439329000766293e-16
2025-10-13,0.028779963118313434,0.02207577496922908,1.0,0.0,0.0,5,0,0,0,4.526111784716663,3.2439329000766293e-16
2025-10-14,-0.0778383610452189,-0.007618989707247614,1.0,0.0,0.0,5,0,0,0,4.173806661486868,3.2439329000766293e-16
2025-10-15,0.024936766683498313,0.0065883126051764496,1.0,0.0,0.0,5,0,0,0,4.277887904386397,3.2439329000766293e-16
2025-10-16,0.018922046967903228,-0.004743697419682724,1.0,0.0,0.0,5,0,0,0,4.358834300236621,3.2439329000766293e-16
2025-10-17,0.0038453203268613567,0.005204644512541545,1.0,0.0,0.0,5,0,0,0,4.375595414372741,3.2439329000766293e-16
2025-10-20,-0.00849597629545773,0.013693580723431298,1.0,0.0,0.0,5,0,0,0,4.338420459453717,3.2439329000766293e-16
2025-10-21,0.00850724585199547,-0.0016037030883138126,1.0,0.0,0.0,5,0,0,0,4.375328468911617,3.2439329000766293e-16
2025-10-22,-0.009221162677835126,-0.009291324655272826,0.8230062227053608,0.17713956425831112,0.000768033022741256,4,1,0,1,4.3349828533308195,0.7672649897185151
2025-10-23,0.0478789597636029,0.008856484494555783,0.6539458713198522,0.17729331474777213,0.0008055043098788858,3,1,0,1,4.542537322941354,1.5719637952875218
2025-10-24,0.011559937282201282,0.01146684218326377,0.6579005198546065,0.0,0.0,3,0,0,0,4.595048769496614,1.5719637952875218
2025-10-27,-0.0064363730120930995,0.018642207433181124,0.6556843760650697,0.0,0.0,3,0,0,0,4.565473321607374,1.5719637952875218
2025-10-28,0.0070963323017583235,0.008039357866708396,0.6581105373028384,0.0,0.0,3,0,0,0,4.597871437412313,1.5719637952875218
2025-10-29,0.04343344174243291,0.005497012064636264,0.6723418581196331,0.0,0.0,3,0,0,0,4.797572818628357,1.5719637952875218
2025-10-30,-0.008826769697359516,-0.0157493362472646,0.669423939364947,0.0,0.0,3,0,0,0,4.755225748252013,1.5719637952875218
2025-10-31,0.05643817526665473,0.006098941781440548,0.6870843288566202,0.0,0.0,3,0,0,0,5.023602012464369,1.5719637952875218
2025-11-03,-0.00024561738422712587,0.004626351319454436,1.0000000000000002,0.8871076890035426,0.004459337296183065,5,0,0,0,5.02236812847867,-1.2004286453759505e-15
2025-11-04,-0.04418854168910791,-0.020393778487853065,1.0000000000000002,0.0,0.0,5,0,0,0,4.800437005055343,-1.2004286453759505e-15
2025-11-05,0.04627442176936625,0.006474038744869182,1.0000000000000002,0.0,0.0,5,0,0,0,5.022574451704547,-1.2004286453759505e-15
2025-11-06,-0.011613188780195904,-0.01897079975148719,1.0000000000000002,0.0,0.0,5,0,0,0,4.964246346434313,-1.2004286453759505e-15
2025-11-07,-0.001462048679580108,-0.0021449649279799976,1.0000000000000002,0.0,0.0,5,0,0,0,4.956988376618399,-1.2004286453759505e-15
2025-11-10,0.044746242028613326,0.0227185590322605,1.0000000000000002,0.0,0.0,5,0,0,0,5.178794978251588,-1.2004286453759505e-15
2025-11-11,-0.030077941604657266,-0.0025022133983815253,1.0000000000000002,0.0,0.0,5,0,0,0,5.023027485313245,-1.2004286453759505e-15
2025-11-12,-0.019677880825490046,-0.002635043867685316,0.8479489553042129,0.15218008564042432,0.0007494769427247129,4,1,0,1,4.92418494907409,0.7487274657819869
2025-11-13,-0.03482194233373437,-0.0229043605910505,0.8424632185863858,0.0,0.0,4,0,0,0,4.752715264736789,0.7487274657819869
2025-11-14,0.014769666192547382,0.001322235995513843,0.8447561188888333,0.0,0.0,4,0,0,0,4.822911282705176,0.7487274657819869
2025-11-17,0.0015352659188412332,-0.008406770305917854,0.8449940941732682,0.0,0.0,4,0,0,0,4.830315734027108,0.7487274657819869
2025-11-18,-0.021563432169592223,-0.012119920363113268,0.8415779715077054,0.0,0.0,4,0,0,0,4.7261575483387,0.7487274657819869
2025-11-19,-0.002342517108206321,0.005856589777937238,0.8412059938315752,0.0,0.0,4,0,0,0,4.715086443425639,0.7487274657819869
2025-11-20,-0.05776395275172075,-0.021546491947653457,0.8314710983174872,0.0,0.0,4,0,0,0,4.442724412887321,0.7487274657819869
2025-11-21,0.00467075486735391,0.00883366058143742,0.8322545959797907,0.0,0.0,4,0,0,0,4.463475289563126,0.7487274657819869
2025-11-24,0.04293437781261833,0.026890308839190524,0.8391601546666557,0.0,0.0,4,0,0,0,4.655111824002516,0.7487274657819869
2025-11-25,0.014552177100463082,0.006714757469938215,0.841467152736278,0.0,0.0,4,0,0,0,4.72285383568786,0.7487274657819869
2025-11-26,0.025428361571328217,0.008212601718349033,0.8453984176712334,0.0,0.0,4,0,0,0,4.842948270670266,0.7487274657819869
2025-11-28,0.017394982733223596,0.006504502106209564,0.8480417291685175,0.0,0.0,4,0,0,0,4.9271912722164695,0.7487274657819869
2025-12-01,-0.0031662861002437204,-0.00384195801621956,1.0,0.6477873643204713,0.0031837285627631835,5,0,0,0,4.911590374978008,-2.393918396847994e-16
2025-12-02,0.008165869793739677,0.005918133418571614,1.0,0.0,0.0,5,0,0,0,4.951697782460263,-2.393918396847994e-16
2025-12-03,-0.007858219029490798,0.001726341919058516,1.0,0.0,0.0,5,0,0,0,4.912786256717847,-2.393918396847994e-16
2025-12-04,-0.0005324473877700298,0.0021765926539891733,1.0,0.0,0.0,5,0,0,0,4.9101704565087845,-2.393918396847994e-16
2025-12-05,0.03814310078971017,0.003105278249778687,1.0,0.0,0.0,5,0,0,0,5.0974595831260565,-2.393918396847994e-16
2025-12-08,0.019518679220006607,-0.0013669447068108687,1.0,0.0,0.0,5,0,0,0,5.196955261566043,-2.393918396847994e-16
2025-12-09,0.023711788154451297,0.0012991646103992505,1.0,0.0,0.0,5,0,0,0,5.320184363776457,-2.393918396847994e-16
2025-12-10,0.037089065115980535,0.0032943835151033607,1.0,0.0,0.0,5,0,0,0,5.517505028073583,-2.393918396847994e-16
2025-12-11,-0.0007110006037556182,-0.0025492344686938173,1.0,0.0,0.0,5,0,0,0,5.513582078667398,-2.393918396847994e-16
2025-12-12,-0.05532946322552823,-0.01689804042238119,1.0,0.0,0.0,5,0,0,0,5.208518541804839,-2.393918396847994e-16
2025-12-15,-0.005227461357128593,-0.005939167507718168,1.0,0.0,0.0,5,0,0,0,5.181291212399667,-2.393918396847994e-16
2025-12-16,-0.019432609811105395,0.0023441488007542866,1.0,0.0,0.0,5,0,0,0,5.0806052019513945,-2.393918396847994e-16
2025-12-17,-0.024635439003462656,-0.018092323029354263,1.0,0.0,0.0,5,0,0,0,4.955442262398046,-2.393918396847994e-16
2025-12-18,0.036273015976417966,0.013794367681767117,1.0,0.0,0.0,5,0,0,0,5.135191098752227,-2.393918396847994e-16
2025-12-19,0.045419823697947725,0.013094639916962025,1.0,0.0,0.0,5,0,0,0,5.368430573112823,-2.393918396847994e-16
2025-12-22,0.019358952155326126,0.005200445176298585,1.0,0.0,0.0,5,0,0,0,5.4723577637269045,-2.393918396847994e-16
2025-12-23,0.0029203192490554475,0.005677193440730921,1.0,0.0,0.0,5,0,0,0,5.488338795442035,-2.393918396847994e-16
2025-12-24,0.013722943445032332,0.002184464371203676,1.0,0.0,0.0,5,0,0,0,5.563654958339063,-2.393918396847994e-16
2025-12-26,-0.00511420314814004,-0.0008558732342057729,1.0,0.0,0.0,5,0,0,0,5.53520129663596,-2.393918396847994e-16
2025-12-29,-0.0030301653789374106,-0.005033251247186676,1.0,0.0,0.0,5,0,0,0,5.5184287213014445,-2.393918396847994e-16
2025-12-30,-0.0021519370263304305,-0.002354484788716027,1.0,0.0,0.0,5,0,0,0,5.506553410208911,-2.393918396847994e-16
2025-12-31,-0.013624006985462067,-0.007561782956461149,1.0,0.0,0.0,5,0,0,0,5.431532088082404,-2.393918396847994e-16
