<TICKER>,<PER>,<DATE>,<TIME>,<OPEN>,<HIGH>,<LOW>,<CLOSE>,<VOL>,<OPENINT>
IMMP.US,D,20120419,000000,25,25.5,23.333,23.333,1098,0
IMMP.US,D,20120420,000000,23.667,25.5,23.667,24,1267,0
IMMP.US,D,20120423,000000,23,23,21.333,21.333,1530,0
IMMP.US,D,20120424,000000,21.667,21.667,21.333,21.333,570,0
IMMP.US,D,20120425,000000,22.6,22.667,21.333,22.567,530,0
IMMP.US,D,20120427,000000,23.333,23.333,23.333,23.333,300,0
IMMP.US,D,20120501,000000,24,24,23.333,23.333,90,0
IMMP.US,D,20120502,000000,23.133,23.133,22.6,22.6,300,0
IMMP.US,D,20120507,000000,20,20,20,20,360,0
IMMP.US,D,20120508,000000,23.333,23.333,20,20,600,0
IMMP.US,D,20120515,000000,17.5,17.5,17.5,17.5,1500,0
IMMP.US,D,20120518,000000,16.667,16.667,15.667,16.133,960,0
IMMP.US,D,20120521,000000,15,15,15,15,120,0
IMMP.US,D,20120523,000000,15.667,15.667,15.667,15.667,300,0
IMMP.US,D,20120525,000000,14.967,14.967,13.7,13.7,330,0
IMMP.US,D,20120529,000000,12.967,12.967,12.5,12.5,360,0
IMMP.US,D,20120531,000000,15.633,15.633,14.667,15.433,927,0
IMMP.US,D,20120601,000000,24.967,24.967,14.433,19.2,3521,0
IMMP.US,D,20120604,000000,19.167,19.167,16.167,16.167,792,0
IMMP.US,D,20120605,000000,15.033,16.267,15.033,16.133,618,0
IMMP.US,D,20120606,000000,13.533,14.667,13.5,14.667,420,0
IMMP.US,D,20120607,000000,13.4,13.4,13.333,13.333,833,0
IMMP.US,D,20120608,000000,13.133,14.867,13.133,14.867,1132,0
IMMP.US,D,20120611,000000,14.667,16.667,14.667,14.667,270,0
IMMP.US,D,20120612,000000,14.667,14.667,11.833,12.833,1685,0
IMMP.US,D,20120613,000000,13.633,14.333,13.6,14.333,480,0
IMMP.US,D,20120614,000000,13.333,14.333,12.033,12.033,1905,0
IMMP.US,D,20120615,000000,12.533,12.733,12.533,12.7,255,0
IMMP.US,D,20120618,000000,12.033,12.167,12.033,12.033,212,0
IMMP.US,D,20120620,000000,11.767,11.767,11.667,11.667,105,0
IMMP.US,D,20120621,000000,11.333,13.9,7.3667,13.9,676,0
IMMP.US,D,20120626,000000,10.833,10.833,10.833,10.833,45,0
IMMP.US,D,20120627,000000,10.833,10.833,10.7,10.7,407,0
IMMP.US,D,20120628,000000,10.667,10.667,10.667,10.667,330,0
IMMP.US,D,20120629,000000,15.667,15.733,11.3,15.3,792,0
IMMP.US,D,20120702,000000,14.767,15.3,11.3,11.767,780,0
IMMP.US,D,20120703,000000,12.467,12.5,12.467,12.5,90,0
IMMP.US,D,20120705,000000,11.7,13.333,11.7,11.7,1515,0
IMMP.US,D,20120706,000000,13.233,13.233,13,13,60,0
IMMP.US,D,20120710,000000,13.267,13.267,13.267,13.267,675,0
IMMP.US,D,20120711,000000,11.767,13.233,10,13,3520,0
IMMP.US,D,20120712,000000,13.133,13.133,11.667,11.667,607,0
IMMP.US,D,20120713,000000,11.167,11.533,7.3667,10.767,3356,0
IMMP.US,D,20120716,000000,11.333,11.667,10.5,10.5,390,0
IMMP.US,D,20120717,000000,10.5,12,10.5,10.667,449,0
IMMP.US,D,20120723,000000,11.967,12,11.967,12,618,0
IMMP.US,D,20120724,000000,12.5,13.229,12.5,13.229,390,0
IMMP.US,D,20120725,000000,15.633,15.633,13,13.333,330,0
IMMP.US,D,20120731,000000,12.767,14.667,11.667,12.067,871,0
IMMP.US,D,20120802,000000,12.033,12.033,11.683,11.9,240,0
IMMP.US,D,20120803,000000,11.667,11.667,11.667,11.667,90,0
IMMP.US,D,20120807,000000,11.667,11.733,11.667,11.667,540,0
IMMP.US,D,20120813,000000,11.667,11.667,11.667,11.667,75,0
IMMP.US,D,20120814,000000,11.867,13.301,11.867,13.301,279,0
IMMP.US,D,20120817,000000,11.8,11.8,11.733,11.733,150,0
IMMP.US,D,20120820,000000,12.333,12.333,12.333,12.333,204,0
IMMP.US,D,20120827,000000,13,13.5,13,13.333,1287,0
IMMP.US,D,20120828,000000,13.5,13.833,13.5,13.5,627,0
IMMP.US,D,20120829,000000,14.033,14.567,14,14.533,1738,0
IMMP.US,D,20120830,000000,14.533,14.533,14.433,14.433,330,0
IMMP.US,D,20120831,000000,14.067,14.067,14.067,14.067,60,0
IMMP.US,D,20120904,000000,14.233,14.233,14.167,14.167,266,0
IMMP.US,D,20120905,000000,14.133,14.333,14.133,14.333,484,0
IMMP.US,D,20120907,000000,15.633,15.633,14.433,14.666,1824,0
IMMP.US,D,20120910,000000,15.3,15.3,15.3,15.3,62,0
IMMP.US,D,20120912,000000,15.633,17.333,15,16.667,3600,0
IMMP.US,D,20120913,000000,16.567,16.667,16.567,16.667,240,0
IMMP.US,D,20120914,000000,15.9,18.333,15.9,18.333,450,0
IMMP.US,D,20120917,000000,16.833,20,16.833,20,210,0
IMMP.US,D,20120918,000000,23.2,23.2,17.167,20,1078,0
IMMP.US,D,20120919,000000,20.667,20.667,17.333,19.333,2220,0
IMMP.US,D,20120920,000000,19,19,19,19,60,0
IMMP.US,D,20120921,000000,19,19.467,19,19.333,962,0
IMMP.US,D,20120924,000000,22.333,22.333,20.5,21.559,3605,0
IMMP.US,D,20120925,000000,20.833,20.833,19.367,20.333,485,0
IMMP.US,D,20120926,000000,17.5,17.5,17.5,17.5,30,0
IMMP.US,D,20120927,000000,16,16.034,16,16.034,1500,0
IMMP.US,D,20120928,000000,21.167,21.167,18.667,19.167,424,0
IMMP.US,D,20121001,000000,22.6,22.6,18.667,21.666,1442,0
IMMP.US,D,20121002,000000,20.7,20.733,20,20,521,0
IMMP.US,D,20121003,000000,18.433,22,18.4,21.833,300,0
IMMP.US,D,20121004,000000,20.833,20.833,16.013,20.333,1368,0
IMMP.US,D,20121005,000000,20,20,17,19.667,773,0
IMMP.US,D,20121008,000000,19.333,19.667,18.333,18.567,947,0
IMMP.US,D,20121009,000000,18.5,18.733,18.067,18.067,1040,0
IMMP.US,D,20121010,000000,18.3,18.3,18.3,18.3,300,0
IMMP.US,D,20121015,000000,16.033,16.667,16,16.467,928,0
IMMP.US,D,20121016,000000,15.667,15.667,13.5,14.667,1588,0
IMMP.US,D,20121017,000000,15.567,15.567,15.567,15.567,53,0
IMMP.US,D,20121019,000000,15.633,15.633,15,15,664,0
IMMP.US,D,20121025,000000,14.9,14.9,14,14,360,0
IMMP.US,D,20121026,000000,14,14,14,14,30,0
IMMP.US,D,20121031,000000,13.267,13.267,11.467,11.68,1410,0
IMMP.US,D,20121102,000000,12.567,12.667,11.7,12.5,1276,0
IMMP.US,D,20121107,000000,13.334,13.334,13.233,13.233,180,0
IMMP.US,D,20121108,000000,14.233,14.233,14.233,14.233,60,0
IMMP.US,D,20121127,000000,13.7,14.032,13.467,13.7,1841,0
IMMP.US,D,20121128,000000,13.667,14.2,12.867,13.333,1477,0
IMMP.US,D,20121129,000000,13.333,13.333,13.2,13.233,773,0
IMMP.US,D,20121130,000000,13.333,13.333,13.267,13.267,660,0
IMMP.US,D,20121203,000000,13.033,13.333,12.833,13.333,780,0
IMMP.US,D,20121205,000000,12.8,13.2,12,12,1620,0
IMMP.US,D,20121206,000000,12.333,13.1,12.067,12.133,1200,0
IMMP.US,D,20121207,000000,12.133,12.133,12.133,12.133,570,0
IMMP.US,D,20121210,000000,12.167,12.167,12.1,12.1,60,0
IMMP.US,D,20121211,000000,12.1,12.1,12.1,12.1,30,0
IMMP.US,D,20121218,000000,12.133,12.133,12.033,12.033,90,0
IMMP.US,D,20121220,000000,12.133,12.133,11.567,11.567,1099,0
IMMP.US,D,20121221,000000,11.7,11.7,11.5,11.5,120,0
IMMP.US,D,20130102,000000,12.467,12.5,11.5,12.333,1057,0
IMMP.US,D,20130103,000000,12.9,13,12.9,13,289,0
IMMP.US,D,20130104,000000,13,13.2,12.5,12.5,225,0
IMMP.US,D,20130107,000000,12.5,12.917,12.167,12.5,703,0
IMMP.US,D,20130108,000000,12.667,12.667,12.5,12.6,150,0
IMMP.US,D,20130109,000000,12.667,12.947,12.5,12.5,300,0
IMMP.US,D,20130110,000000,12.6,12.6,12.5,12.5,180,0
IMMP.US,D,20130111,000000,12.367,12.367,12.333,12.333,239,0
IMMP.US,D,20130115,000000,13,13,13,13,98,0
IMMP.US,D,20130117,000000,13.166,13.166,13.166,13.166,36,0
IMMP.US,D,20130122,000000,12.333,12.666,12.167,12.666,120,0
IMMP.US,D,20130123,000000,12.167,12.167,12.1,12.1,60,0
IMMP.US,D,20130124,000000,12,12.067,12,12.067,210,0
IMMP.US,D,20130130,000000,12.033,12.033,11.9,11.9,203,0
IMMP.US,D,20130131,000000,10,11.6,10,11.6,445,0
IMMP.US,D,20130201,000000,13.067,13.3,12.567,12.567,900,0
IMMP.US,D,20130204,000000,12.367,12.733,12.334,12.667,379,0
IMMP.US,D,20130205,000000,12.533,12.533,12,12.467,630,0
IMMP.US,D,20130207,000000,10,13.267,10,10,401,0
IMMP.US,D,20130208,000000,12.733,13.3,12.2,12.2,150,0
IMMP.US,D,20130211,000000,13.2,13.3,10,10,2468,0
IMMP.US,D,20130213,000000,13.067,13.067,12.266,12.267,1425,0
IMMP.US,D,20130214,000000,13.333,13.333,12.333,12.333,1853,0
IMMP.US,D,20130215,000000,13,13,12.3,12.3,347,0
IMMP.US,D,20130219,000000,12.133,12.333,12.133,12.2,450,0
IMMP.US,D,20130220,000000,11.667,11.667,11.667,11.667,435,0
IMMP.US,D,20130221,000000,12.3,12.3,12.133,12.134,152,0
IMMP.US,D,20130222,000000,12.3,13.167,12.133,12.133,624,0
IMMP.US,D,20130225,000000,12.733,12.733,12.733,12.733,33,0
IMMP.US,D,20130226,000000,12,12.666,11.833,12.666,321,0
IMMP.US,D,20130227,000000,11.667,12.3,11.5,11.5,751,0
IMMP.US,D,20130228,000000,12.133,12.15,12.133,12.15,60,0
IMMP.US,D,20130304,000000,12.15,12.15,12.15,12.15,60,0
IMMP.US,D,20130305,000000,12.033,12.633,12.033,12.633,575,0
IMMP.US,D,20130306,000000,12.6,12.6,12.133,12.567,496,0
IMMP.US,D,20130307,000000,11.7,11.7,11.667,11.667,322,0
IMMP.US,D,20130308,000000,12.633,12.633,11.667,11.767,150,0
IMMP.US,D,20130311,000000,12.6,12.6,12.6,12.6,56,0
IMMP.US,D,20130312,000000,12.633,12.633,11.667,11.667,184,0
IMMP.US,D,20130313,000000,11.667,11.667,11.633,11.667,180,0
IMMP.US,D,20130314,000000,11.667,11.667,11.667,11.667,60,0
IMMP.US,D,20130315,000000,11.7,12.2,9.945,11.667,450,0
IMMP.US,D,20130318,000000,11.667,12.433,9.917,11.4,553,0
IMMP.US,D,20130320,000000,11.9,11.9,11.833,11.833,404,0
IMMP.US,D,20130321,000000,11.667,11.676,11.667,11.667,114,0
IMMP.US,D,20130322,000000,11.333,12.533,11.267,12.533,690,0
IMMP.US,D,20130325,000000,11.4,11.667,11.4,11.667,342,0
IMMP.US,D,20130326,000000,11.667,11.667,11.167,11.167,210,0
IMMP.US,D,20130327,000000,11,11.833,10.767,11.133,1321,0
IMMP.US,D,20130328,000000,10.833,10.833,10,10.693,1609,0
IMMP.US,D,20130401,000000,10.933,11,10.787,10.787,659,0
IMMP.US,D,20130402,000000,10.5,10.5,10.4,10.4,570,0
IMMP.US,D,20130403,000000,10.234,10.234,9.933,9.933,1487,0
IMMP.US,D,20130405,000000,10.7,10.7,10.7,10.7,120,0
IMMP.US,D,20130408,000000,10.4,10.4,8.84,8.84,173,0
IMMP.US,D,20130409,000000,10.367,10.367,9.8,10.133,516,0
IMMP.US,D,20130410,000000,10.467,15.133,10.1,10.833,8812,0
IMMP.US,D,20130411,000000,10.833,10.833,9.4667,10,1650,0
IMMP.US,D,20130412,000000,10.033,10.123,9.533,9.867,3395,0
IMMP.US,D,20130415,000000,9.9,9.9,9.1667,9.1667,1200,0
IMMP.US,D,20130416,000000,9.5,9.867,9.3333,9.4333,1170,0
IMMP.US,D,20130417,000000,10,10,9.3,9.3,1545,0
IMMP.US,D,20130418,000000,9.4,9.4,9.1667,9.1667,2265,0
IMMP.US,D,20130419,000000,9.1,9.1333,8.9,9.0333,1922,0
IMMP.US,D,20130422,000000,9.3,9.3,9.3,9.3,30,0
IMMP.US,D,20130423,000000,9.4333,9.4333,9.4333,9.4333,90,0
IMMP.US,D,20130425,000000,9.633,9.633,9.1667,9.3667,555,0
IMMP.US,D,20130426,000000,9.667,9.667,9.667,9.667,30,0
IMMP.US,D,20130429,000000,9.6,9.631,9.1667,9.2333,870,0
IMMP.US,D,20130430,000000,9.3333,9.3333,9.1333,9.1333,138,0
IMMP.US,D,20130501,000000,9.1333,9.3333,8.5333,8.5333,2856,0
IMMP.US,D,20130502,000000,8.5333,8.5333,8.0667,8.0667,1200,0
IMMP.US,D,20130503,000000,8.0667,8.533,7.5,7.58,3515,0
IMMP.US,D,20130506,000000,8.0667,8.5333,8.0667,8.4,2158,0
IMMP.US,D,20130507,000000,8.8,8.8,8.4667,8.5,900,0
IMMP.US,D,20130508,000000,9.1667,9.1667,8.6333,8.6337,1305,0
IMMP.US,D,20130509,000000,9.2333,9.3,9.2333,9.3,225,0
IMMP.US,D,20130510,000000,9.3333,9.3333,9.333,9.333,163,0
IMMP.US,D,20130514,000000,9.2367,9.2367,9.2367,9.2367,210,0
IMMP.US,D,20130515,000000,9.2997,9.2997,9.2333,9.2667,151,0
IMMP.US,D,20130517,000000,8.7333,8.7333,5.6667,7.8333,5858,0
IMMP.US,D,20130520,000000,7.8333,8,7.8333,8,645,0
IMMP.US,D,20130521,000000,8,8,8,8,30,0
IMMP.US,D,20130522,000000,8.6167,8.6167,8,8.5583,213,0
IMMP.US,D,20130523,000000,8.0333,8.2,8.0333,8.1667,765,0
IMMP.US,D,20130524,000000,8.5667,8.9997,8.3333,8.3333,2920,0
IMMP.US,D,20130528,000000,8.6667,9.2333,7.8333,7.9333,3025,0
IMMP.US,D,20130530,000000,7.8333,7.8367,7.8333,7.8367,300,0
IMMP.US,D,20130531,000000,7.8,7.8,7.3333,7.5,799,0
IMMP.US,D,20130603,000000,8.1663,8.1663,8.1663,8.1663,227,0
IMMP.US,D,20130604,000000,8,8.2667,8,8.2633,443,0
IMMP.US,D,20130605,000000,7.8747,7.8747,7.8747,7.8747,90,0
IMMP.US,D,20130606,000000,7.6,7.7997,6.7,7.7997,272,0
IMMP.US,D,20130607,000000,6.7,7.1667,6.7,7,837,0
IMMP.US,D,20130610,000000,7.0003,7.067,7,7.067,438,0
IMMP.US,D,20130613,000000,7.4667,7.4667,7.4667,7.4667,30,0
IMMP.US,D,20130619,000000,7.3333,7.5667,7.3333,7.5667,2143,0
IMMP.US,D,20130620,000000,8.3333,9,7.8333,8.3333,4425,0
IMMP.US,D,20130621,000000,8.7667,9.3,8.3333,8.3333,5711,0
IMMP.US,D,20130624,000000,8.3667,8.3667,8,8,656,0
IMMP.US,D,20130625,000000,8.3333,8.3333,8.3333,8.3333,60,0
IMMP.US,D,20130626,000000,8.6,8.6,6.7037,7.5233,1950,0
IMMP.US,D,20130627,000000,7.3333,8,7.1,7.3,1542,0
IMMP.US,D,20130628,000000,7.1667,7.1667,6.7667,6.98,4100,0
IMMP.US,D,20130701,000000,7,8.3333,6.6667,8.3,11768,0
IMMP.US,D,20130702,000000,8.1667,8.1667,6.6667,7.3333,12048,0
IMMP.US,D,20130703,000000,7.9333,7.9333,7.0667,7.4,4935,0
IMMP.US,D,20130705,000000,8.1667,9.1333,8,8.6333,15678,0
IMMP.US,D,20130708,000000,9.567,9.7,8.167,8.4367,23486,0
IMMP.US,D,20130709,000000,8.3333,8.3333,7.3333,7.5333,5896,0
IMMP.US,D,20130710,000000,7.8667,9.1333,7.6667,8.1667,14589,0
IMMP.US,D,20130711,000000,8.7667,8.8667,8.4333,8.7997,9983,0
IMMP.US,D,20130712,000000,9,9.033,8.5,8.7,4305,0
IMMP.US,D,20130715,000000,8.5763,8.5763,8,8.1667,2146,0
IMMP.US,D,20130716,000000,8.7667,8.7667,8.2,8.2,1043,0
IMMP.US,D,20130717,000000,8.3913,8.8633,8,8.11,2717,0
IMMP.US,D,20130718,000000,8.1667,8.5017,8.1667,8.5017,2185,0
IMMP.US,D,20130719,000000,8.4003,8.48,8.3,8.3333,2225,0
IMMP.US,D,20130722,000000,8.3333,8.3667,7.834,8.0333,5774,0
IMMP.US,D,20130723,000000,7.861,8.3327,7.861,8.3327,420,0
IMMP.US,D,20130724,000000,7.9,7.9,7.767,7.9,2280,0
IMMP.US,D,20130725,000000,7.7667,8.0667,7.7667,8.0663,1695,0
IMMP.US,D,20130726,000000,8.1667,9.667,8.1667,8.8667,11664,0
IMMP.US,D,20130729,000000,9.0333,9.5,8.8333,9.4967,6222,0
IMMP.US,D,20130730,000000,9.533,11.433,9.533,10.667,41863,0
IMMP.US,D,20130731,000000,10.367,10.6,9.633,10.033,33455,0
IMMP.US,D,20130801,000000,10.033,10.5,9.667,9.967,51006,0
IMMP.US,D,20130802,000000,10,10.967,9.867,10.967,56365,0
IMMP.US,D,20130805,000000,10,10.667,9.867,10,81681,0
IMMP.US,D,20130806,000000,10,10,9.1,9.7,96968,0
IMMP.US,D,20130807,000000,9.6,9.667,9.1667,9.6,55932,0
IMMP.US,D,20130808,000000,9.3,9.3667,8.6667,8.9,53903,0
IMMP.US,D,20130809,000000,9.1,9.1667,8.4667,9,29671,0
IMMP.US,D,20130812,000000,9.1333,9.1333,8.6667,8.668,13348,0
IMMP.US,D,20130813,000000,8.4333,8.8333,8.1,8.8,34366,0
IMMP.US,D,20130814,000000,8.8,8.8,7.7667,8,41156,0
IMMP.US,D,20130815,000000,8.3667,8.3667,8.0667,8.0667,4025,0
IMMP.US,D,20130816,000000,8.0333,8.2663,7.8333,8.0667,9734,0
IMMP.US,D,20130819,000000,7.8667,8.0667,7.8333,7.8333,9772,0
IMMP.US,D,20130820,000000,7.8333,8.1523,7.8293,7.9,8720,0
IMMP.US,D,20130821,000000,7.9,8.1477,7.9,7.9333,12207,0
IMMP.US,D,20130822,000000,7.9667,7.9967,7.7367,7.8,7677,0
IMMP.US,D,20130823,000000,7.8667,8.1663,7.8667,8.0667,19691,0
IMMP.US,D,20130826,000000,8.0997,8.6333,8.0997,8.4333,30152,0
IMMP.US,D,20130827,000000,8.2,8.3667,7.9,8.0663,24131,0
IMMP.US,D,20130828,000000,8.3,8.3,8.1,8.1,7165,0
IMMP.US,D,20130829,000000,8.1667,8.2333,7.5333,7.5333,29966,0
IMMP.US,D,20130830,000000,7.5333,7.7,7.4667,7.5,19657,0
IMMP.US,D,20130903,000000,7.4667,7.9667,7.4667,7.7,8262,0
IMMP.US,D,20130904,000000,7.9333,7.9333,7.7,7.7333,2173,0
IMMP.US,D,20130905,000000,7.7667,7.9667,7.6,7.8667,6241,0
IMMP.US,D,20130906,000000,7.5,8.1333,7.5,7.9333,11156,0
IMMP.US,D,20130909,000000,7.7667,7.993,7.7,7.867,2415,0
IMMP.US,D,20130910,000000,8.1667,8.1667,7.8,7.8,13337,0
IMMP.US,D,20130911,000000,7.8,8,7.5,7.8667,20422,0
IMMP.US,D,20130912,000000,7.9667,7.9667,7.7003,7.8167,4755,0
IMMP.US,D,20130913,000000,7.5333,7.7667,7.5,7.6663,4296,0
IMMP.US,D,20130916,000000,7.5653,8,7.5337,7.9667,9821,0
IMMP.US,D,20130917,000000,7.9667,7.9667,7.6333,7.8167,5349,0
IMMP.US,D,20130918,000000,4.6667,5.6,4.2,5.3667,511435,0
IMMP.US,D,20130919,000000,5.0333,5.3333,4.7,4.7333,204789,0
IMMP.US,D,20130920,000000,4.3667,4.8,4.2667,4.4,159562,0
IMMP.US,D,20130923,000000,4.7,4.7,4.0667,4.2003,72437,0
IMMP.US,D,20130924,000000,4.2,4.2333,4,4.033,47136,0
IMMP.US,D,20130925,000000,4.0667,4.1,3.8333,3.8667,45690,0
IMMP.US,D,20130926,000000,3.9,4.6,3.6667,4.0333,105318,0
IMMP.US,D,20130927,000000,4.1,4.1,3.8,3.9333,61410,0
IMMP.US,D,20130930,000000,4.1333,4.1333,3.7,3.7667,50220,0
IMMP.US,D,20131001,000000,3.9667,4.0667,3.7667,3.8667,12600,0
IMMP.US,D,20131002,000000,3.5,3.6333,3.3333,3.5333,106830,0
IMMP.US,D,20131003,000000,3.5,3.6,3.3667,3.5,58793,0
IMMP.US,D,20131004,000000,3.4667,3.5667,3.4333,3.4333,22414,0
IMMP.US,D,20131007,000000,3.4333,3.8333,3.4333,3.5667,31770,0
IMMP.US,D,20131008,000000,3.5,3.6,3.3333,3.4,59850,0
IMMP.US,D,20131009,000000,3.4,3.4333,3.0667,3.1333,41760,0
IMMP.US,D,20131010,000000,3.3333,3.3333,3.0667,3.2333,5820,0
IMMP.US,D,20131011,000000,3.2333,3.2333,3.1333,3.1667,4620,0
IMMP.US,D,20131014,000000,3.1667,3.2,2.7667,2.8667,67830,0
IMMP.US,D,20131015,000000,2.8667,2.9333,2.7333,2.9,31680,0
IMMP.US,D,20131016,000000,2.9667,2.9667,2.7333,2.8,9330,0
IMMP.US,D,20131017,000000,3,3.5667,2.9333,3.5667,178860,0
IMMP.US,D,20131018,000000,3.6,3.6,3.2,3.3333,26640,0
IMMP.US,D,20131021,000000,3.6667,3.6667,3.3333,3.4333,50460,0
IMMP.US,D,20131022,000000,3.6667,4.0667,3.5,3.7333,240390,0
IMMP.US,D,20131023,000000,3.6667,3.9333,3.6667,3.7333,18900,0
IMMP.US,D,20131024,000000,3.7333,3.7333,3.5,3.6,37320,0
IMMP.US,D,20131025,000000,3.5333,3.6,3.4,3.6,9060,0
IMMP.US,D,20131028,000000,3.6,3.6667,3.5333,3.6,6960,0
IMMP.US,D,20131029,000000,3.5333,3.6667,3.4333,3.6,20370,0
IMMP.US,D,20131030,000000,3.5333,3.5667,3.4,3.4333,10050,0
IMMP.US,D,20131031,000000,3.4333,3.633,3.3667,3.4,11629,0
IMMP.US,D,20131101,000000,3.5333,3.5333,3.4333,3.4667,4380,0
IMMP.US,D,20131104,000000,3.4667,3.5333,3.4667,3.5333,3270,0
IMMP.US,D,20131105,000000,3.4,3.5,3.4,3.4667,4890,0
IMMP.US,D,20131106,000000,3.5667,3.6333,3.5,3.5997,13844,0
IMMP.US,D,20131107,000000,3.5333,3.6667,3.5333,3.5333,4350,0
IMMP.US,D,20131108,000000,3.5667,3.5667,3.4,3.4,1115,0
IMMP.US,D,20131111,000000,3.5333,3.6,3.4,3.5,3300,0
IMMP.US,D,20131112,000000,3.4,3.4333,3.3667,3.4,2760,0
IMMP.US,D,20131113,000000,3.3667,3.4667,3.3,3.3,2730,0
IMMP.US,D,20131114,000000,3.3667,3.5667,3.3333,3.5333,25890,0
IMMP.US,D,20131115,000000,3.5,3.7,3.5,3.6333,20344,0
IMMP.US,D,20131118,000000,3.7333,3.7667,3.5333,3.6,20220,0
IMMP.US,D,20131119,000000,3.6333,3.6667,3.5,3.5,12570,0
IMMP.US,D,20131120,000000,3.5333,3.6,3.5,3.5333,3420,0
IMMP.US,D,20131121,000000,3.5667,3.5667,3.4063,3.5,4353,0
IMMP.US,D,20131122,000000,3.5,3.6,3.4667,3.6,23730,0
IMMP.US,D,20131125,000000,3.9667,6.3333,3.9667,5,1013472,0
IMMP.US,D,20131126,000000,4.8,4.8,4.0333,4.2,267750,0
IMMP.US,D,20131127,000000,4.6,4.6,4.1667,4.3333,69215,0
IMMP.US,D,20131129,000000,4.4333,4.47,4,4.2653,43275,0
IMMP.US,D,20131202,000000,4.27,4.3997,4.1,4.1143,44090,0
IMMP.US,D,20131203,000000,4.1667,5,4.0667,4.6,232950,0
IMMP.US,D,20131204,000000,4.5667,4.5667,4.2333,4.4333,62700,0
IMMP.US,D,20131205,000000,4.6667,4.6667,4.3333,4.4,24450,0
IMMP.US,D,20131206,000000,4.4667,4.4667,4.2333,4.2333,18960,0
IMMP.US,D,20131209,000000,4.3,4.4,4.1667,4.2,20100,0
IMMP.US,D,20131210,000000,4.1667,4.3,3.9333,3.9333,30180,0
IMMP.US,D,20131211,000000,3.9337,4.1333,3.9337,4.0667,21125,0
IMMP.US,D,20131212,000000,3.9333,3.9333,3.5667,3.5667,74580,0
IMMP.US,D,20131213,000000,3.6667,3.7,3.4667,3.5667,30150,0
IMMP.US,D,20131216,000000,3.7333,4.0333,3.7333,3.9,19620,0
IMMP.US,D,20131217,000000,4,4.4667,3.9,3.9,57900,0
IMMP.US,D,20131218,000000,4,4,3.7,3.8,14432,0
IMMP.US,D,20131219,000000,3.8333,3.9333,3.8333,3.9333,5392,0
IMMP.US,D,20131220,000000,3.8333,3.8667,3.6,3.7,38340,0
IMMP.US,D,20131223,000000,3.9333,3.9333,3.6667,3.8333,10440,0
IMMP.US,D,20131224,000000,3.7333,3.857,3.7333,3.8,1407,0
IMMP.US,D,20131226,000000,3.8,3.8667,3.6667,3.7333,20490,0
IMMP.US,D,20131227,000000,3.7333,3.7367,3.7,3.7,6794,0
IMMP.US,D,20131230,000000,3.7333,3.8667,3.6,3.7667,20670,0
IMMP.US,D,20131231,000000,3.7,3.8333,3.6,3.6667,31830,0
IMMP.US,D,20140102,000000,3.6,3.8053,3.5333,3.7033,20760,0
IMMP.US,D,20140103,000000,3.5,3.7333,3.5,3.6,30561,0
IMMP.US,D,20140106,000000,3.5333,3.6597,3.4,3.5667,17787,0
IMMP.US,D,20140107,000000,3.6667,4.1,3.5667,3.7667,117090,0
IMMP.US,D,20140108,000000,3.7333,3.9333,3.7,3.7333,20040,0
IMMP.US,D,20140109,000000,3.9,4.1667,3.8667,3.9667,50220,0
IMMP.US,D,20140110,000000,4.3333,4.4,4.0333,4.2003,122966,0
IMMP.US,D,20140113,000000,4.3,4.5,3.7667,3.9667,117420,0
IMMP.US,D,20140114,000000,4,4.0007,3.8,3.8533,47263,0
IMMP.US,D,20140115,000000,3.8333,4.2,3.8333,4.0667,74130,0
IMMP.US,D,20140116,000000,4.0667,4.6333,3.9667,4.4667,200850,0
IMMP.US,D,20140117,000000,5.5,5.5,4.6667,4.7667,473310,0
IMMP.US,D,20140121,000000,4.9,4.9,4.4337,4.5,48060,0
IMMP.US,D,20140122,000000,4.5333,4.5333,4.2667,4.4333,44782,0
IMMP.US,D,20140123,000000,4.6333,4.6333,4.0667,4.5,26730,0
IMMP.US,D,20140124,000000,4.5,4.5,4.1667,4.2,26100,0
IMMP.US,D,20140127,000000,4.1667,4.3,3.8333,4.1667,38340,0
IMMP.US,D,20140128,000000,4.0333,4.3,3.9333,4.1333,14520,0
IMMP.US,D,20140129,000000,4.2,4.2667,4.0333,4.0667,15029,0
IMMP.US,D,20140130,000000,4.1,4.2333,4.0667,4.1333,19020,0
IMMP.US,D,20140131,000000,4.1333,4.1333,4.0667,4.0667,10170,0
IMMP.US,D,20140203,000000,4,4.0667,4,4.0333,11383,0
IMMP.US,D,20140204,000000,4,4.2333,4,4.0333,7469,0
IMMP.US,D,20140205,000000,3.9667,4,3.8333,3.9,10511,0
IMMP.US,D,20140206,000000,4.2333,6.5,4.1667,5.6667,1109649,0
IMMP.US,D,20140207,000000,5.3,5.3,4.6,4.6667,394397,0
IMMP.US,D,20140210,000000,4.7667,4.7667,4.5,4.6667,97494,0
IMMP.US,D,20140211,000000,4.6667,4.7167,4.4333,4.5667,82620,0
IMMP.US,D,20140212,000000,4.7,4.7667,4.3667,4.4667,35351,0
IMMP.US,D,20140213,000000,4.5667,4.5667,4.3333,4.3667,46410,0
IMMP.US,D,20140214,000000,4.3333,4.5667,4.2667,4.3667,28703,0
IMMP.US,D,20140218,000000,4.3,4.5,4.2333,4.3333,25173,0
IMMP.US,D,20140219,000000,4.3333,4.4333,4.2,4.3333,37225,0
IMMP.US,D,20140220,000000,4.4,4.6667,4.3663,4.4667,43001,0
IMMP.US,D,20140221,000000,4.5333,4.8,4.5,4.5333,63186,0
IMMP.US,D,20140224,000000,4.7,4.7207,4.5333,4.6,42609,0
IMMP.US,D,20140225,000000,4.6,4.649,4.3667,4.4,34173,0
IMMP.US,D,20140226,000000,4.4333,4.5667,4.3667,4.3667,21819,0
IMMP.US,D,20140227,000000,4.5667,4.5667,4.2567,4.3333,49323,0
IMMP.US,D,20140228,000000,4.4667,4.4667,4.3333,4.3533,21762,0
IMMP.US,D,20140303,000000,4.4,4.4163,4.2,4.2,31547,0
IMMP.US,D,20140304,000000,4.2667,4.4333,4.2333,4.2333,24934,0
IMMP.US,D,20140305,000000,4.3,4.533,4.2667,4.4333,25041,0
IMMP.US,D,20140306,000000,4.5,4.5667,4.2667,4.4,80912,0
IMMP.US,D,20140307,000000,4.376,4.376,4.2,4.2333,34231,0
IMMP.US,D,20140310,000000,4.3667,4.3667,4.1667,4.2333,31816,0
IMMP.US,D,20140311,000000,4.2,4.2333,4.1,4.1,68393,0
IMMP.US,D,20140312,000000,4.0667,4.2317,4.0667,4.1667,12610,0
IMMP.US,D,20140313,000000,4.3,4.3,4,4.0333,26545,0
IMMP.US,D,20140314,000000,4,4,3.9,3.9333,23772,0
IMMP.US,D,20140317,000000,3.9333,3.9667,3.8333,3.8667,32981,0
IMMP.US,D,20140318,000000,3.8,3.9667,3.7667,3.7667,35245,0
IMMP.US,D,20140319,000000,3.9,4.367,3.833,4.06,83133,0
IMMP.US,D,20140320,000000,3.9333,4.3333,3.9003,4.0667,151464,0
IMMP.US,D,20140321,000000,4,4.0667,3.8,3.8667,130828,0
IMMP.US,D,20140324,000000,3.9667,3.9667,3.7,3.7333,37720,0
IMMP.US,D,20140325,000000,3.8333,3.8333,3.6667,3.7667,16850,0
IMMP.US,D,20140326,000000,3.7,3.9,3.7,3.8,22080,0
IMMP.US,D,20140327,000000,3.6667,3.8,3.6667,3.7333,42615,0
IMMP.US,D,20140328,000000,3.8,3.8667,3.6667,3.7333,16632,0
IMMP.US,D,20140331,000000,3.7,3.7667,3.6,3.6667,6178,0
IMMP.US,D,20140401,000000,3.8333,3.9,3.7,3.8333,20738,0
IMMP.US,D,20140402,000000,3.7333,3.9,3.7333,3.8,13772,0
IMMP.US,D,20140403,000000,3.7667,3.8667,3.6667,3.6667,9845,0
IMMP.US,D,20140404,000000,3.7333,3.7333,3.6667,3.6667,8467,0
IMMP.US,D,20140407,000000,3.6667,3.7667,3.4,3.4333,30460,0
IMMP.US,D,20140408,000000,3.4,3.6663,3.4,3.6,28286,0
IMMP.US,D,20140409,000000,3.6,3.6667,3.5333,3.6,9001,0
IMMP.US,D,20140410,000000,3.6663,3.6667,3.5,3.5663,4922,0
IMMP.US,D,20140411,000000,3.5663,3.5663,3.3333,3.433,15679,0
IMMP.US,D,20140414,000000,3.4003,3.5347,3.4003,3.5333,6684,0
IMMP.US,D,20140415,000000,3.4667,3.5333,3.4667,3.5,14177,0
IMMP.US,D,20140416,000000,3.4333,3.7,3.4333,3.6,45941,0
IMMP.US,D,20140417,000000,3.5,3.5337,3.3667,3.4667,8672,0
IMMP.US,D,20140421,000000,3.4333,3.5,3.4,3.5,6528,0
IMMP.US,D,20140422,000000,3.4,3.6333,3.4,3.5333,7262,0
IMMP.US,D,20140423,000000,3.4667,3.5333,3.4003,3.41,9597,0
IMMP.US,D,20140424,000000,3.4003,3.5,3.4,3.4523,2649,0
IMMP.US,D,20140425,000000,3.4,3.4337,3.3333,3.3367,9454,0
IMMP.US,D,20140428,000000,3.4,3.4367,3.3353,3.3667,9398,0
IMMP.US,D,20140429,000000,3.4,3.5,3.3333,3.5,18614,0
IMMP.US,D,20140430,000000,3.4373,3.4967,3.4083,3.4337,2724,0
IMMP.US,D,20140501,000000,3.4993,3.4997,3.4333,3.4333,1804,0
IMMP.US,D,20140502,000000,3.367,3.44,3.367,3.4337,604,0
IMMP.US,D,20140505,000000,3.4,3.4,3.175,3.2993,23181,0
IMMP.US,D,20140506,000000,3.24,3.4,3.2253,3.3333,6929,0
IMMP.US,D,20140507,000000,3.3333,3.3667,3.24,3.3333,8846,0
IMMP.US,D,20140508,000000,3.3333,3.3333,3.2333,3.2667,7440,0
IMMP.US,D,20140509,000000,4.2667,4.5,3.5,3.8,411578,0
IMMP.US,D,20140512,000000,3.8667,3.8667,3.6,3.8,32051,0
IMMP.US,D,20140513,000000,3.9333,4,3.8667,3.9333,30908,0
IMMP.US,D,20140514,000000,4.2667,4.3,3.9667,4.1667,61211,0
IMMP.US,D,20140515,000000,4.2333,4.6667,4.2333,4.4,175724,0
IMMP.US,D,20140516,000000,4.4667,4.4667,4.1003,4.3333,32097,0
IMMP.US,D,20140519,000000,4.2,4.2333,4.0333,4.2,14415,0
IMMP.US,D,20140520,000000,4.2667,4.3333,4.1667,4.2667,28762,0
IMMP.US,D,20140521,000000,4.2,4.2667,4.1667,4.2667,31423,0
IMMP.US,D,20140522,000000,4.2667,4.5,4.2,4.4333,53619,0
IMMP.US,D,20140523,000000,4.4333,4.4333,4.2,4.2333,10670,0
IMMP.US,D,20140527,000000,4.3333,4.3997,4.2667,4.3333,10447,0
IMMP.US,D,20140528,000000,4.4,4.9,4.4,4.4,149297,0
IMMP.US,D,20140529,000000,4.8333,5.2,4.6667,4.9333,157115,0
IMMP.US,D,20140530,000000,4.8333,4.9333,4.7333,4.8333,36521,0
IMMP.US,D,20140602,000000,4.9667,4.9667,4.3,4.6,48356,0
IMMP.US,D,20140603,000000,4.5,4.5,3.9333,4.3667,36147,0
IMMP.US,D,20140604,000000,4.2333,4.2337,4.0333,4.2333,16217,0
IMMP.US,D,20140605,000000,4.2333,4.2673,4.1667,4.2333,6104,0
IMMP.US,D,20140606,000000,4.1667,4.167,4.0333,4.0667,6240,0
IMMP.US,D,20140609,000000,4.1,4.1667,4.0667,4.11,6754,0
IMMP.US,D,20140610,000000,3.9667,4.2667,3.9667,4.1,5610,0
IMMP.US,D,20140611,000000,4.1667,4.2333,4.1667,4.193,4301,0
IMMP.US,D,20140612,000000,4.1,4.2,4.1,4.1333,9630,0
IMMP.US,D,20140613,000000,4,4.0733,3.9667,4.0333,10650,0
IMMP.US,D,20140616,000000,4,4.02,3.8667,4,4360,0
IMMP.US,D,20140617,000000,4,4.133,3.834,4,9463,0
IMMP.US,D,20140618,000000,3.9667,3.9667,3.8333,3.8667,7468,0
IMMP.US,D,20140619,000000,3.8883,3.9,3.8197,3.8333,21762,0
IMMP.US,D,20140620,000000,3.8667,3.8667,3.7667,3.7667,3457,0
IMMP.US,D,20140623,000000,4.0333,4.0333,3.7333,3.9,4265,0
IMMP.US,D,20140624,000000,3.9333,3.9333,3.845,3.9013,1471,0
IMMP.US,D,20140625,000000,3.9333,3.9333,3.8667,3.9,5209,0
IMMP.US,D,20140626,000000,3.8333,3.8333,3.7667,3.8,996,0
IMMP.US,D,20140627,000000,3.7033,3.833,3.7,3.7667,11640,0
IMMP.US,D,20140630,000000,3.7003,3.9333,3.7003,3.8667,3987,0
IMMP.US,D,20140701,000000,3.8,3.9333,3.8,3.87,5244,0
IMMP.US,D,20140702,000000,3.8667,4,3.8667,3.8667,3420,0
IMMP.US,D,20140703,000000,3.933,3.9667,3.833,3.8333,4267,0
IMMP.US,D,20140707,000000,3.8667,3.9003,3.8667,3.89,4358,0
IMMP.US,D,20140708,000000,3.8333,3.8667,3.8333,3.8333,8192,0
IMMP.US,D,20140709,000000,3.8333,3.9333,3.7667,3.9333,4163,0
IMMP.US,D,20140710,000000,3.8,3.9333,3.767,3.8667,2906,0
IMMP.US,D,20140711,000000,3.7667,4,3.7,3.7667,5625,0
IMMP.US,D,20140714,000000,3.7,3.7667,3.5333,3.6667,8942,0
IMMP.US,D,20140715,000000,3.8333,3.8333,3.5667,3.6,2435,0
IMMP.US,D,20140716,000000,4,4.2997,3.8667,3.8667,39023,0
IMMP.US,D,20140717,000000,4.0203,4.133,3.9333,3.9593,15582,0
IMMP.US,D,20140718,000000,4.0863,4.233,3.9333,3.9333,3534,0
IMMP.US,D,20140721,000000,3.6667,3.9,3.6667,3.7667,16880,0
IMMP.US,D,20140722,000000,3.7,3.8,3.6667,3.6667,5376,0
IMMP.US,D,20140723,000000,3.7667,4.0667,3.7333,3.767,12866,0
IMMP.US,D,20140724,000000,3.7333,3.876,3.7333,3.876,5927,0
IMMP.US,D,20140725,000000,3.8667,3.9,3.7333,3.7333,5360,0
IMMP.US,D,20140728,000000,3.7333,3.94,3.7,3.7333,1121,0
IMMP.US,D,20140729,000000,3.7663,3.7663,3.7,3.7,1141,0
IMMP.US,D,20140730,000000,3.7003,3.824,3.7003,3.7333,2566,0
IMMP.US,D,20140731,000000,3.7333,3.7333,3.6333,3.6333,6219,0
IMMP.US,D,20140801,000000,3.637,3.733,3.6333,3.6793,4967,0
IMMP.US,D,20140804,000000,3.6333,3.6673,3.6333,3.6337,1338,0
IMMP.US,D,20140805,000000,3.8667,3.9663,3.8333,3.9,11680,0
IMMP.US,D,20140806,000000,3.8,3.8667,3.7333,3.8667,1023,0
IMMP.US,D,20140807,000000,3.8333,3.8333,3.667,3.7987,767,0
IMMP.US,D,20140808,000000,3.7667,3.9333,3.6333,3.9,13187,0
IMMP.US,D,20140811,000000,4.0333,4.0333,3.7667,4,15388,0
IMMP.US,D,20140812,000000,4.0333,4.0333,3.7,3.7333,23928,0
IMMP.US,D,20140813,000000,3.6667,3.7333,3.6333,3.6667,2338,0
IMMP.US,D,20140814,000000,3.6667,3.76,3.6333,3.7333,7993,0
IMMP.US,D,20140815,000000,3.7333,3.74,3.7,3.7,5117,0
IMMP.US,D,20140818,000000,3.7333,3.7337,3.7333,3.7333,5550,0
IMMP.US,D,20140819,000000,3.7333,3.9,3.7,3.7333,12701,0
IMMP.US,D,20140820,000000,3.7333,3.7333,3.6333,3.6667,12213,0
IMMP.US,D,20140821,000000,3.6667,3.667,3.6667,3.667,480,0
IMMP.US,D,20140822,000000,3.6667,3.7,3.6337,3.7,9986,0
IMMP.US,D,20140825,000000,3.6,3.9333,3.6,3.7,2918,0
IMMP.US,D,20140826,000000,3.5333,3.8333,3.5333,3.6,20897,0
IMMP.US,D,20140827,000000,3.5337,3.567,3.5003,3.5337,4817,0
IMMP.US,D,20140828,000000,3.5,3.6333,3.5,3.6,7167,0
IMMP.US,D,20140829,000000,3.6,3.6667,3.5367,3.5667,2738,0
IMMP.US,D,20140902,000000,3.6207,3.6207,3.4337,3.4667,4194,0
IMMP.US,D,20140903,000000,3.4667,3.544,3.4667,3.4667,1843,0
IMMP.US,D,20140904,000000,3.4667,3.6,3.4333,3.4333,2543,0
IMMP.US,D,20140905,000000,3.5333,3.6333,3.4333,3.4333,3587,0
IMMP.US,D,20140908,000000,3.5333,3.5333,3.4333,3.444,2787,0
IMMP.US,D,20140909,000000,3.4277,3.4333,3.4,3.418,6863,0
IMMP.US,D,20140910,000000,3.4,3.4333,3.4,3.4,2841,0
IMMP.US,D,20140911,000000,3.4,3.429,3.4,3.429,2990,0
IMMP.US,D,20140912,000000,3.3333,3.633,3.0067,3.4333,50218,0
IMMP.US,D,20140915,000000,3.4,3.4,3.2,3.3167,24539,0
IMMP.US,D,20140916,000000,3.2667,3.3,3.2667,3.3,4811,0
IMMP.US,D,20140917,000000,3.3,3.4333,3.3,3.4333,7865,0
IMMP.US,D,20140918,000000,3.5667,3.6,3.4333,3.5667,16636,0
IMMP.US,D,20140919,000000,3.4667,3.5333,3.3333,3.5,9239,0
IMMP.US,D,20140922,000000,3.3667,3.4667,3.3667,3.4,515,0
IMMP.US,D,20140923,000000,3.4667,3.4667,3.3717,3.42,668,0
IMMP.US,D,20140924,000000,3.4667,3.4667,3.3667,3.4,3737,0
IMMP.US,D,20140925,000000,3.3667,3.4,3.3667,3.4,3907,0
IMMP.US,D,20140926,000000,3.3333,3.3947,3.2667,3.333,5349,0
IMMP.US,D,20140929,000000,3.3167,3.3833,3.3167,3.3833,949,0
IMMP.US,D,20140930,000000,3.4333,3.4333,3.317,3.317,564,0
IMMP.US,D,20141001,000000,3.3333,3.3333,3.2,3.2,7271,0
IMMP.US,D,20141002,000000,3.3997,3.4667,3.3333,3.4003,11870,0
IMMP.US,D,20141003,000000,3.4057,3.5667,3.4057,3.4337,11030,0
IMMP.US,D,20141006,000000,3.6,3.6,3.4333,3.5667,4369,0
IMMP.US,D,20141007,000000,3.6,3.6,3.467,3.467,1012,0
IMMP.US,D,20141008,000000,3.5667,3.5667,3.4003,3.5,4780,0
IMMP.US,D,20141009,000000,3.467,3.5333,3.467,3.4867,1160,0
IMMP.US,D,20141010,000000,3.3667,3.4,3.3,3.3,7592,0
IMMP.US,D,20141013,000000,3.2667,3.3667,3.25,3.3,1511,0
IMMP.US,D,20141014,000000,3.3333,3.3997,3.2333,3.3663,4427,0
IMMP.US,D,20141015,000000,3.2333,3.333,3.2,3.2667,1159,0
IMMP.US,D,20141016,000000,3.26,3.3233,3.1333,3.1997,10024,0
IMMP.US,D,20141017,000000,3.1987,3.3667,3.167,3.3333,2379,0
IMMP.US,D,20141020,000000,3.3333,3.3333,3.2,3.2667,1725,0
IMMP.US,D,20141021,000000,3.2667,3.2667,3.2333,3.2663,1388,0
IMMP.US,D,20141022,000000,3.2,3.2667,3.2,3.2,767,0
IMMP.US,D,20141023,000000,3.2003,3.2477,3.2,3.2333,3294,0
IMMP.US,D,20141024,000000,3.3333,3.5667,3.2667,3.3547,19365,0
IMMP.US,D,20141027,000000,3.4033,3.4033,3.3173,3.4033,1206,0
IMMP.US,D,20141028,000000,3.5,3.5,3.2243,3.3033,2432,0
IMMP.US,D,20141029,000000,3.4997,3.4997,3.2333,3.4,9437,0
IMMP.US,D,20141030,000000,3.3333,3.3667,3.3,3.3,612,0
IMMP.US,D,20141031,000000,3.4667,3.4667,3.4,3.4,1288,0
IMMP.US,D,20141103,000000,3.1667,3.4333,3.1667,3.2667,2673,0
IMMP.US,D,20141104,000000,3.3333,3.4333,3.3333,3.4333,885,0
IMMP.US,D,20141106,000000,3.4333,3.4667,3.3333,3.4333,5368,0
IMMP.US,D,20141107,000000,3.4643,3.4667,3.3133,3.3133,1109,0
IMMP.US,D,20141110,000000,3.2,3.4,3.2,3.2337,1671,0
IMMP.US,D,20141111,000000,3.3567,3.3567,3.3567,3.3567,600,0
IMMP.US,D,20141112,000000,3.4667,3.4667,3.067,3.2663,8358,0
IMMP.US,D,20141113,000000,2.9,3.1337,2.8667,3.1333,600,0
IMMP.US,D,20141114,000000,3.167,3.2667,3.167,3.2667,758,0
IMMP.US,D,20141117,000000,3.2333,3.2333,3.1337,3.1667,641,0
IMMP.US,D,20141118,000000,3.1333,3.1667,3.1333,3.1667,324,0
IMMP.US,D,20141119,000000,3.1667,3.2333,3.0773,3.2333,1670,0
IMMP.US,D,20141120,000000,3.265,3.265,3.2,3.2,570,0
IMMP.US,D,20141121,000000,3.233,3.233,3.104,3.108,1165,0
IMMP.US,D,20141124,000000,3.1773,3.2333,3.1547,3.2,2332,0
IMMP.US,D,20141125,000000,3.1337,3.262,3.0667,3.262,6736,0
IMMP.US,D,20141126,000000,3.1333,3.1333,3.1333,3.1333,75,0
IMMP.US,D,20141128,000000,3.1033,3.2667,3.07,3.0833,444,0
IMMP.US,D,20141201,000000,3.067,3.0683,3.067,3.067,193,0
IMMP.US,D,20141202,000000,2.9333,3.2327,2.9333,3.2327,1179,0
IMMP.US,D,20141203,000000,3.167,3.2,3.0337,3.0337,2462,0
IMMP.US,D,20141204,000000,3,3.1997,3,3.1947,570,0
IMMP.US,D,20141205,000000,3.2333,3.2333,3.0667,3.0997,8746,0
IMMP.US,D,20141208,000000,2.9667,3.0333,2.9333,2.9333,8838,0
IMMP.US,D,20141209,000000,3.0333,3.0667,2.9333,2.9333,3338,0
IMMP.US,D,20141210,000000,2.9667,2.9983,2.9167,2.9167,2365,0
IMMP.US,D,20141211,000000,2.8333,3.033,2.7667,3,3476,0
IMMP.US,D,20141212,000000,3,3,2.9333,2.9333,704,0
IMMP.US,D,20141215,000000,2.8897,2.9067,2.7333,2.9067,1128,0
IMMP.US,D,20141216,000000,3,3,2.7,2.9,1679,0
IMMP.US,D,20141217,000000,2.7333,3,2.7333,2.7333,480,0
IMMP.US,D,20141218,000000,2.7,2.9667,2.6667,2.8307,6208,0
IMMP.US,D,20141219,000000,2.8,2.8997,2.4667,2.8997,1422,0
IMMP.US,D,20141222,000000,2.8333,2.8333,2.6667,2.7467,1095,0
IMMP.US,D,20141223,000000,2.582,2.6577,2.5667,2.6577,2136,0
IMMP.US,D,20141224,000000,2.5,2.5,2.5,2.5,1679,0
IMMP.US,D,20141226,000000,2.4333,2.667,2.4333,2.5,4318,0
IMMP.US,D,20141229,000000,2.5333,2.6,2.4267,2.4267,1410,0
IMMP.US,D,20141230,000000,2.4333,2.6667,2.0733,2.3667,7369,0
IMMP.US,D,20141231,000000,2.3343,2.476,2.1653,2.2337,3573,0
IMMP.US,D,20150102,000000,2.333,2.5333,2.333,2.5,4118,0
IMMP.US,D,20150105,000000,2.5,2.5667,2.5,2.5667,4816,0
IMMP.US,D,20150107,000000,2.6667,2.733,2.6667,2.733,1286,0
IMMP.US,D,20150108,000000,2.6,2.6,2.6,2.6,55,0
IMMP.US,D,20150109,000000,2.7333,2.7337,2.7333,2.7333,1956,0
IMMP.US,D,20150112,000000,2.7333,2.7997,2.7333,2.7667,359,0
IMMP.US,D,20150113,000000,2.7333,2.7333,2.7333,2.7333,1500,0
IMMP.US,D,20150114,000000,2.6333,2.7337,2.6,2.6,2558,0
IMMP.US,D,20150115,000000,2.6,2.7667,2.6,2.7667,4734,0
IMMP.US,D,20150116,000000,2.6,2.7333,2.6,2.6,2590,0
IMMP.US,D,20150120,000000,2.7333,2.7333,2.6,2.6,1009,0
IMMP.US,D,20150121,000000,2.62,2.7663,2.6,2.7663,4381,0
IMMP.US,D,20150122,000000,2.6453,2.7653,2.6,2.7653,480,0
IMMP.US,D,20150123,000000,2.675,2.675,2.675,2.675,57,0
IMMP.US,D,20150126,000000,2.7333,2.8,2.7333,2.8,5405,0
IMMP.US,D,20150127,000000,3,3,2.867,2.9663,8056,0
IMMP.US,D,20150128,000000,2.9997,3,2.8,2.8,6459,0
IMMP.US,D,20150129,000000,3.1,3.1,2.8003,2.8003,391,0
IMMP.US,D,20150130,000000,2.8333,2.8767,2.8003,2.8003,1785,0
IMMP.US,D,20150202,000000,2.8,2.8173,2.8,2.8173,404,0
IMMP.US,D,20150203,000000,2.817,2.9,2.817,2.8667,930,0
IMMP.US,D,20150204,000000,2.8827,2.9,2.8827,2.9,1308,0
IMMP.US,D,20150205,000000,2.9,2.9333,2.9,2.9,3941,0
IMMP.US,D,20150206,000000,2.9,2.933,2.9,2.9,700,0
IMMP.US,D,20150209,000000,2.9,2.9,2.9,2.9,5019,0
IMMP.US,D,20150210,000000,2.9333,2.9333,2.9,2.9,686,0
IMMP.US,D,20150211,000000,2.9,3.0667,2.8,2.8333,6196,0
IMMP.US,D,20150212,000000,2.9663,2.9663,2.8,2.9663,259,0
IMMP.US,D,20150213,000000,2.7367,2.76,2.7367,2.76,148,0
IMMP.US,D,20150217,000000,2.7337,2.8333,2.7337,2.8053,4802,0
IMMP.US,D,20150218,000000,2.833,2.833,2.6667,2.833,3051,0
IMMP.US,D,20150219,000000,2.6003,2.833,2.6,2.7997,2088,0
IMMP.US,D,20150220,000000,2.8,3.1333,2.64,2.6667,6275,0
IMMP.US,D,20150223,000000,2.7403,2.8667,2.74,2.8667,3281,0
IMMP.US,D,20150224,000000,2.9663,2.9667,2.9,2.933,4705,0
IMMP.US,D,20150225,000000,2.9663,3.1,2.9663,3.1,607,0
IMMP.US,D,20150226,000000,3.015,3.015,2.837,2.837,935,0
IMMP.US,D,20150227,000000,2.9,3.4333,2.9,3.2997,26190,0
IMMP.US,D,20150302,000000,3.1667,3.1667,2.8333,2.8333,27390,0
IMMP.US,D,20150303,000000,2.9333,2.9667,2.8333,2.8333,570,0
IMMP.US,D,20150304,000000,2.8333,2.8333,2.7333,2.7333,3000,0
IMMP.US,D,20150305,000000,2.6667,2.9333,2.6667,2.8,6270,0
IMMP.US,D,20150306,000000,2.9333,2.9333,2.7333,2.8333,3300,0
IMMP.US,D,20150309,000000,2.8,2.8333,2.8,2.8,3000,0
IMMP.US,D,20150310,000000,2.8333,2.8333,2.7333,2.7333,4770,0
IMMP.US,D,20150311,000000,2.6667,2.6667,2.6,2.6,4800,0
IMMP.US,D,20150313,000000,2.8,2.8,2.8,2.8,30,0
IMMP.US,D,20150316,000000,2.6,2.6333,2.6,2.6333,1170,0
IMMP.US,D,20150317,000000,2.6,2.6,2.6,2.6,960,0
IMMP.US,D,20150318,000000,2.5,2.5,2.4,2.4,7320,0
IMMP.US,D,20150319,000000,2.5667,2.6333,2.5667,2.6333,3120,0
IMMP.US,D,20150320,000000,2.8333,2.8333,2.6333,2.6667,1080,0
IMMP.US,D,20150323,000000,2.6333,2.6333,2.6333,2.6333,690,0
IMMP.US,D,20150324,000000,2.6333,2.6333,2.6333,2.6333,3120,0
IMMP.US,D,20150325,000000,2.6667,2.6667,2.6667,2.6667,990,0
IMMP.US,D,20150326,000000,2.7,2.7,2.5,2.6667,3780,0
IMMP.US,D,20150327,000000,2.6667,2.6667,2.6667,2.6667,450,0
IMMP.US,D,20150330,000000,2.5,2.5,2.4,2.4,5850,0
IMMP.US,D,20150331,000000,2.457,2.5,2.4,2.4997,1316,0
IMMP.US,D,20150401,000000,2.3667,2.4333,2.1667,2.4333,6780,0
IMMP.US,D,20150402,000000,2.3333,2.3333,2.1667,2.1667,10260,0
IMMP.US,D,20150406,000000,2.1667,2.1667,2.1333,2.1667,4440,0
IMMP.US,D,20150407,000000,2.1687,2.233,2.1333,2.233,3313,0
IMMP.US,D,20150408,000000,2.2333,2.3,2.2333,2.2667,510,0
IMMP.US,D,20150409,000000,2.2573,2.2573,2.1337,2.239,1944,0
IMMP.US,D,20150410,000000,2.1333,2.1333,2.1333,2.1333,180,0
IMMP.US,D,20150413,000000,2.1333,2.2667,2.1333,2.2,1650,0
IMMP.US,D,20150414,000000,2.1667,2.1667,2.0333,2.0667,3600,0
IMMP.US,D,20150415,000000,2.067,2.067,2.0467,2.0467,1725,0
IMMP.US,D,20150416,000000,2.133,2.133,2.0333,2.133,672,0
IMMP.US,D,20150417,000000,2.0333,2.1333,2.0333,2.1333,180,0
IMMP.US,D,20150420,000000,2.1663,2.1667,2.067,2.067,9216,0
IMMP.US,D,20150421,000000,2.0667,2.1,2,2.1,3825,0
IMMP.US,D,20150423,000000,2.1667,2.1667,1.6667,2.0333,19320,0
IMMP.US,D,20150424,000000,1.9,1.9667,1.7333,1.8667,7140,0
IMMP.US,D,20150427,000000,1.9667,1.9667,1.8667,1.8667,1890,0
IMMP.US,D,20150428,000000,2.0333,2.0333,1.8667,1.9,4350,0
IMMP.US,D,20150429,000000,1.8667,1.9,1.8667,1.9,60,0
IMMP.US,D,20150430,000000,1.8667,1.8667,1.8667,1.8667,30,0
IMMP.US,D,20150501,000000,1.8667,1.8667,1.7,1.8,1590,0
IMMP.US,D,20150504,000000,1.7333,1.7333,1.7,1.7,1740,0
IMMP.US,D,20150505,000000,1.7,1.7,1.7,1.7,930,0
IMMP.US,D,20150506,000000,1.7667,1.7667,1.537,1.6337,6136,0
IMMP.US,D,20150507,000000,1.6667,1.667,1.6667,1.667,272,0
IMMP.US,D,20150508,000000,1.7333,1.7667,1.6667,1.6667,2550,0
IMMP.US,D,20150511,000000,1.7667,1.9667,1.7667,1.8333,1980,0
IMMP.US,D,20150512,000000,2,2.0667,1.9,1.9333,3789,0
IMMP.US,D,20150513,000000,1.9333,1.9333,1.9333,1.9333,360,0
IMMP.US,D,20150514,000000,2.0333,2.0333,1.8333,1.8333,2010,0
IMMP.US,D,20150515,000000,1.7667,1.7667,1.6367,1.6663,3616,0
IMMP.US,D,20150518,000000,1.6667,1.733,1.4037,1.733,11114,0
IMMP.US,D,20150519,000000,2.2333,5.6333,2.1,5.3333,883590,0
IMMP.US,D,20150520,000000,7.1,21.6,6.9333,19.7,27436800,0
IMMP.US,D,20150521,000000,14.233,16.4,9.4333,10.167,6876570,0
IMMP.US,D,20150522,000000,9.633,13.1,9.567,10.5,7342740,0
IMMP.US,D,20150526,000000,12.667,14.5,9.833,9.9,8453439,0
IMMP.US,D,20150527,000000,9.9,10.9,8.7,9.1667,2875590,0
IMMP.US,D,20150528,000000,9.3667,9.3667,7.8333,8.2333,1580649,0
IMMP.US,D,20150529,000000,9.533,9.6,7.5,7.6,2701170,0
IMMP.US,D,20150601,000000,7.3333,7.3667,6.2333,6.5667,1635819,0
IMMP.US,D,20150602,000000,6.2333,8.1333,6.2333,7.0333,2659963,0
IMMP.US,D,20150603,000000,7.6667,7.8333,7,7.1333,1603620,0
IMMP.US,D,20150604,000000,6.8333,6.9667,6.5,6.7,748320,0
IMMP.US,D,20150605,000000,6.5667,7.8,6.3667,7.1333,1724340,0
IMMP.US,D,20150608,000000,6.9333,7.8667,6.9,7.3,1378740,0
IMMP.US,D,20150609,000000,7.1333,7.9333,7.0667,7.3,1406126,0
IMMP.US,D,20150610,000000,7.5,7.5333,7.0333,7.2667,768051,0
IMMP.US,D,20150611,000000,7.1667,7.1667,6.7667,6.8667,528474,0
IMMP.US,D,20150612,000000,6.8667,6.9,6.5,6.5333,453630,0
IMMP.US,D,20150615,000000,6.5,6.5667,6.0333,6.0667,398610,0
IMMP.US,D,20150616,000000,5.9667,6.2667,5.3667,5.8333,863100,0
IMMP.US,D,20150617,000000,5.7333,6,5.4333,5.7333,350790,0
IMMP.US,D,20150618,000000,5.6,6.7,5.5667,6.4667,1384770,0
IMMP.US,D,20150619,000000,6.2333,6.4667,6,6.0667,613260,0
IMMP.US,D,20150622,000000,6.0333,6.1333,5.6667,5.7333,382380,0
IMMP.US,D,20150623,000000,5.6667,6.1967,5.6667,5.7333,465442,0
IMMP.US,D,20150624,000000,5.7333,5.8,5.4333,5.6,400890,0
IMMP.US,D,20150625,000000,5.6667,5.8667,5.5,5.7,267930,0
IMMP.US,D,20150626,000000,5.6667,5.7667,5.3333,5.3333,403470,0
IMMP.US,D,20150629,000000,5.0667,5.2667,4.6,4.8667,581820,0
IMMP.US,D,20150630,000000,5,5,4.6337,4.8333,257005,0
IMMP.US,D,20150701,000000,4.9,5.1,4.4667,4.6333,349260,0
IMMP.US,D,20150702,000000,4.8,4.8,4.2,4.3333,321540,0
IMMP.US,D,20150706,000000,4.2,4.3333,3.8333,3.9667,435750,0
IMMP.US,D,20150707,000000,5.5333,5.9333,4.7333,5.4,4356000,0
IMMP.US,D,20150708,000000,4.3333,4.6333,4.0667,4.4,1068810,0
IMMP.US,D,20150709,000000,4.4,4.4,4.1667,4.2333,254790,0
IMMP.US,D,20150710,000000,4.4,4.4,4.1333,4.3,261030,0
IMMP.US,D,20150713,000000,4.3,4.4333,4.2333,4.3333,177780,0
IMMP.US,D,20150714,000000,4.3333,5.2,4.2667,4.7333,1052371,0
IMMP.US,D,20150715,000000,4.8333,5.4667,4.6333,5.1667,1324697,0
IMMP.US,D,20150716,000000,5.1,5.2667,4.8333,4.8667,523170,0
IMMP.US,D,20150717,000000,4.8333,4.8667,4.5333,4.7667,459570,0
IMMP.US,D,20150720,000000,4.7333,4.7667,4.5,4.5,234540,0
IMMP.US,D,20150721,000000,4.5,4.5333,4.2667,4.2667,263910,0
IMMP.US,D,20150722,000000,4.2667,4.3,4.1,4.2667,193290,0
IMMP.US,D,20150723,000000,4.4,4.7333,4.2667,4.3333,288720,0
IMMP.US,D,20150724,000000,4.4333,4.5333,4.1667,4.1667,166260,0
IMMP.US,D,20150727,000000,4.1667,4.4,4.1667,4.2667,191370,0
IMMP.US,D,20150728,000000,4.2,4.7667,4.2,4.4667,353310,0
IMMP.US,D,20150729,000000,4.4,4.5,4.2333,4.2333,150810,0
IMMP.US,D,20150730,000000,4.2,4.2667,4,4.0667,217290,0
IMMP.US,D,20150731,000000,4.1,4.1,3.8,3.8333,279990,0
IMMP.US,D,20150803,000000,4.0667,4.1667,3.8333,3.9333,282022,0
IMMP.US,D,20150804,000000,3.9667,4.0333,3.8333,3.8333,154500,0
IMMP.US,D,20150805,000000,3.9667,4.3,3.8333,3.8667,454050,0
IMMP.US,D,20150806,000000,4,4,3.5,3.6,399563,0
IMMP.US,D,20150807,000000,3.6333,3.7333,3.4,3.6667,238200,0
IMMP.US,D,20150810,000000,3.5667,3.7667,3.3333,3.6,170460,0
IMMP.US,D,20150811,000000,3.5333,3.6667,3.4,3.452,122704,0
IMMP.US,D,20150812,000000,3.3667,3.4667,3.1,3.1667,298080,0
IMMP.US,D,20150813,000000,3.1,3.3333,3.1,3.3333,254460,0
IMMP.US,D,20150814,000000,5.0333,6,4.0333,4.8,7254420,0
IMMP.US,D,20150817,000000,4.7333,4.7333,4.2667,4.5,808920,0
IMMP.US,D,20150818,000000,4.3333,4.4,3.9667,4,470760,0
IMMP.US,D,20150819,000000,4.0667,4.0667,3.7,3.8333,187740,0
IMMP.US,D,20150820,000000,3.7667,3.9333,3.7,3.7333,165540,0
IMMP.US,D,20150821,000000,3.9,3.9667,3.6333,3.7667,143670,0
IMMP.US,D,20150824,000000,3.4,3.7667,3.2,3.5333,245652,0
IMMP.US,D,20150825,000000,3.7,3.8,3.5333,3.6,98370,0
IMMP.US,D,20150826,000000,3.6667,3.6667,3.5,3.6333,187620,0
IMMP.US,D,20150827,000000,3.7,3.9333,3.6667,3.7,152100,0
IMMP.US,D,20150828,000000,3.7667,3.9333,3.6667,3.8667,109950,0
IMMP.US,D,20150831,000000,3.8333,4.2,3.8,4,252150,0
IMMP.US,D,20150901,000000,3.9667,5.3333,3.8667,4.9667,1520580,0
IMMP.US,D,20150902,000000,5.2,5.7667,4.6,4.6667,1821090,0
IMMP.US,D,20150903,000000,4.3667,4.5333,4.1667,4.2333,469020,0
IMMP.US,D,20150904,000000,4.1667,4.4667,4.1,4.3333,161490,0
IMMP.US,D,20150908,000000,4.4333,4.9,4.3667,4.7,300210,0
IMMP.US,D,20150909,000000,4.8667,4.9333,4.5,4.5667,189750,0
IMMP.US,D,20150910,000000,4.4667,4.6,4.3,4.3667,193978,0
IMMP.US,D,20150911,000000,4.2667,4.3667,4.1667,4.1667,213090,0
IMMP.US,D,20150914,000000,4.1667,4.3,4.0333,4.1,114870,0
IMMP.US,D,20150915,000000,4.0333,4.1667,3.9,3.9,186660,0
IMMP.US,D,20150916,000000,3.9667,3.9667,3.8333,3.8667,158700,0
IMMP.US,D,20150917,000000,4,4.2667,3.9,4.2,330557,0
IMMP.US,D,20150918,000000,4.2333,4.5,4.0667,4.2667,214110,0
IMMP.US,D,20150921,000000,4.2333,4.2667,4.0333,4.1,90390,0
IMMP.US,D,20150922,000000,4.1667,4.1667,3.9,3.9333,90600,0
IMMP.US,D,20150923,000000,4,4.0333,3.8667,3.8667,120390,0
IMMP.US,D,20150924,000000,3.8333,4,3.8,3.9667,87261,0
IMMP.US,D,20150925,000000,4.0333,4.7,3.9333,4.6333,692430,0
IMMP.US,D,20150928,000000,4.6,4.6,4.0667,4.2,288723,0
IMMP.US,D,20150929,000000,4.3,4.5,4.1,4.2,262320,0
IMMP.US,D,20150930,000000,4.3,4.5,4.1333,4.2333,388470,0
IMMP.US,D,20151001,000000,4.3667,4.3667,3.8333,3.8667,386070,0
IMMP.US,D,20151002,000000,3.8333,3.9667,3.7333,3.9333,198390,0
IMMP.US,D,20151005,000000,3.9667,3.9667,3.8,3.8333,128243,0
IMMP.US,D,20151006,000000,3.8,4,3.7333,3.9333,117540,0
IMMP.US,D,20151007,000000,3.8667,4.0333,3.8333,4.0333,111270,0
IMMP.US,D,20151008,000000,4,4.0333,3.8667,3.9,117210,0
IMMP.US,D,20151009,000000,4.2667,4.5,4,4.0667,705750,0
IMMP.US,D,20151012,000000,4,4.1663,3.9,4.1,88353,0
IMMP.US,D,20151013,000000,4.0667,4.0667,3.9667,4.0667,63390,0
IMMP.US,D,20151014,000000,4.3,4.4,4.0333,4.0333,286110,0
IMMP.US,D,20151015,000000,4.1333,4.2667,4.0333,4.1667,104520,0
IMMP.US,D,20151016,000000,4.2333,4.2333,4,4.2,99570,0
IMMP.US,D,20151019,000000,4.2333,4.5333,4.1333,4.2,425280,0
IMMP.US,D,20151020,000000,4.2667,4.2667,4.0667,4.0667,85173,0
IMMP.US,D,20151021,000000,4.1,4.2,3.9333,4.0667,96420,0
IMMP.US,D,20151022,000000,4.0333,4.1,3.8667,3.9333,84420,0
IMMP.US,D,20151023,000000,3.9333,4.1333,3.9,4,137070,0
IMMP.US,D,20151026,000000,4,4.1,3.9333,4.0333,57060,0
IMMP.US,D,20151027,000000,4.1,4.2333,4.0333,4.1,179970,0
IMMP.US,D,20151028,000000,4.1,4.1667,4.0667,4.1667,66060,0
IMMP.US,D,20151029,000000,4.1667,4.2667,4.0333,4.0333,62400,0
IMMP.US,D,20151030,000000,4.1,4.2,3.9667,4.0667,104880,0
IMMP.US,D,20151102,000000,3.9667,4.0667,3.8,3.9333,359446,0
IMMP.US,D,20151103,000000,3.9,4,3.8333,3.9667,106710,0
IMMP.US,D,20151104,000000,3.9667,3.9667,3.8,3.9333,268419,0
IMMP.US,D,20151105,000000,3.9,3.9,3.7667,3.8333,183630,0
IMMP.US,D,20151106,000000,3.7667,3.7667,3.5667,3.6667,249780,0
IMMP.US,D,20151109,000000,3.6333,3.6373,3.5,3.6333,111059,0
IMMP.US,D,20151110,000000,3.5667,3.6667,3.5333,3.6667,83550,0
IMMP.US,D,20151111,000000,3.6667,3.7667,3.6,3.7,82320,0
IMMP.US,D,20151112,000000,3.6333,3.6333,3.5,3.6333,51270,0
IMMP.US,D,20151113,000000,3.5333,3.7667,3.5,3.7333,98790,0
IMMP.US,D,20151116,000000,3.7,3.8667,3.6333,3.8,74940,0
IMMP.US,D,20151117,000000,3.8333,3.8333,3.6667,3.7,70470,0
IMMP.US,D,20151118,000000,3.9,4,3.7333,3.7333,169080,0
IMMP.US,D,20151119,000000,3.7333,3.7333,3.5333,3.6,98220,0
IMMP.US,D,20151120,000000,3.5333,3.6,3.3667,3.6,131040,0
IMMP.US,D,20151123,000000,3.6,3.7333,3.5,3.6,98670,0
IMMP.US,D,20151124,000000,3.5,4.2333,3.5,4.1,662280,0
IMMP.US,D,20151125,000000,3.9667,4.3333,3.7,4.0333,697560,0
IMMP.US,D,20151127,000000,3.9333,4.3333,3.9333,3.9333,234630,0
IMMP.US,D,20151130,000000,4,4,3.6,3.6333,257730,0
IMMP.US,D,20151201,000000,3.6333,3.9,3.6333,3.7,110550,0
IMMP.US,D,20151202,000000,3.7,3.7333,3.5667,3.6,103721,0
IMMP.US,D,20151203,000000,4.4333,5.1333,4.2,4.2,6005091,0
IMMP.US,D,20151204,000000,4.1667,4.2333,3.8333,4.0333,597750,0
IMMP.US,D,20151207,000000,4,4.1333,3.7667,3.9333,305580,0
IMMP.US,D,20151208,000000,3.8667,3.8667,3.7667,3.8333,152812,0
IMMP.US,D,20151209,000000,3.7667,3.8667,3.6667,3.8333,256440,0
IMMP.US,D,20151210,000000,3.8,4.0667,3.7333,4,238500,0
IMMP.US,D,20151211,000000,4.2,4.3,3.9667,4.0333,439560,0
IMMP.US,D,20151214,000000,3.9667,4.1333,3.7333,3.8333,283252,0
IMMP.US,D,20151215,000000,3.7667,3.9,3.7667,3.8667,83130,0
IMMP.US,D,20151216,000000,3.8333,3.9667,3.8,3.8667,85620,0
IMMP.US,D,20151217,000000,3.8,3.9,3.7,3.7,148530,0
IMMP.US,D,20151218,000000,3.7333,3.7667,3.6667,3.7,153600,0
IMMP.US,D,20151221,000000,3.7333,3.7333,3.6333,3.6333,218640,0
IMMP.US,D,20151222,000000,3.8,3.8333,3.6333,3.7333,214979,0
IMMP.US,D,20151223,000000,3.7,3.7667,3.6667,3.7667,82410,0
IMMP.US,D,20151224,000000,3.7,3.8,3.6667,3.7,80469,0
IMMP.US,D,20151228,000000,3.6667,3.7667,3.6333,3.7,101227,0
IMMP.US,D,20151229,000000,3.7,3.7,3.6,3.6333,120804,0
IMMP.US,D,20151230,000000,3.6333,3.7,3.6,3.7,120423,0
IMMP.US,D,20151231,000000,4.0667,4.2333,3.8,3.8,1094616,0
IMMP.US,D,20160104,000000,3.8333,4,3.7667,3.9333,156022,0
IMMP.US,D,20160105,000000,3.9667,3.9667,3.8333,3.9,124817,0
IMMP.US,D,20160106,000000,3.8,3.8667,3.7333,3.8667,125210,0
IMMP.US,D,20160107,000000,3.7333,3.8667,3.6667,3.6667,171449,0
IMMP.US,D,20160108,000000,3.7667,3.8333,3.6,3.6667,144681,0
IMMP.US,D,20160111,000000,3.6333,3.8,3.5333,3.6,179426,0
IMMP.US,D,20160112,000000,3.6,3.7,3.4667,3.5333,157190,0
IMMP.US,D,20160113,000000,3.6,3.6,3.3017,3.323,231791,0
IMMP.US,D,20160114,000000,3.2667,3.3333,3.1667,3.266,189008,0
IMMP.US,D,20160115,000000,3.271,3.271,3.0333,3.167,133044,0
IMMP.US,D,20160119,000000,3.3667,3.3667,2.5667,2.9667,198990,0
IMMP.US,D,20160120,000000,2.8833,3.1,2.65,3.0333,189692,0
IMMP.US,D,20160121,000000,3.0333,3.1667,2.8003,3.083,77323,0
IMMP.US,D,20160122,000000,3.1333,3.2473,3.1,3.1833,54828,0
IMMP.US,D,20160125,000000,3.1667,3.3,3.1333,3.1337,36800,0
IMMP.US,D,20160126,000000,3.2,3.2,2.9667,3.1667,33959,0
IMMP.US,D,20160127,000000,3.133,3.233,3.0333,3.0997,22288,0
IMMP.US,D,20160128,000000,3.4,3.4107,3.1667,3.2,52432,0
IMMP.US,D,20160129,000000,3.2,3.2333,3.0333,3.175,41446,0
IMMP.US,D,20160201,000000,3.1667,3.2993,3.1167,3.2167,49344,0
IMMP.US,D,20160202,000000,3.2003,3.2167,3.1,3.1643,9267,0
IMMP.US,D,20160203,000000,3.1843,3.1987,3.1033,3.1333,22834,0
IMMP.US,D,20160204,000000,3.1667,3.1993,3.0003,3.1703,74201,0
IMMP.US,D,20160205,000000,3.1187,3.1933,3.007,3.1933,33359,0
IMMP.US,D,20160208,000000,3.1667,3.1667,2.9,2.9923,74018,0
IMMP.US,D,20160209,000000,3,3,2.7333,2.8667,55096,0
IMMP.US,D,20160210,000000,2.8667,2.899,2.6727,2.8,48754,0
IMMP.US,D,20160211,000000,2.7667,2.868,2.403,2.7337,79748,0
IMMP.US,D,20160212,000000,2.7667,2.767,2.6003,2.6733,60085,0
IMMP.US,D,20160216,000000,2.6767,2.89,2.6767,2.7667,36361,0
IMMP.US,D,20160217,000000,2.8333,2.9337,2.8333,2.8697,35897,0
IMMP.US,D,20160218,000000,2.867,2.9667,2.8443,2.9,28912,0
IMMP.US,D,20160219,000000,2.9,3,2.7667,3,46419,0
IMMP.US,D,20160222,000000,3.0333,3.067,2.8667,2.8667,36042,0
IMMP.US,D,20160223,000000,2.867,2.988,2.8333,2.8667,21617,0
IMMP.US,D,20160224,000000,2.8667,2.91,2.7333,2.8803,38546,0
IMMP.US,D,20160225,000000,2.9,2.9133,2.7,2.8,22617,0
IMMP.US,D,20160226,000000,2.8,2.8667,2.7333,2.835,24266,0
IMMP.US,D,20160229,000000,2.9333,2.9333,2.7667,2.7737,18698,0
IMMP.US,D,20160301,000000,2.81,2.844,2.7333,2.7667,64105,0
IMMP.US,D,20160302,000000,2.9,2.9,2.7833,2.8167,57044,0
IMMP.US,D,20160303,000000,2.8333,2.9517,2.8167,2.8167,77653,0
IMMP.US,D,20160304,000000,2.7667,2.8663,2.7333,2.8003,61261,0
IMMP.US,D,20160307,000000,2.816,2.9333,2.792,2.8433,43886,0
IMMP.US,D,20160308,000000,2.844,2.9333,2.8333,2.8837,21563,0
IMMP.US,D,20160309,000000,2.884,2.9,2.7333,2.8667,16831,0
IMMP.US,D,20160310,000000,2.8667,3.6333,2.8,3.6,331961,0
IMMP.US,D,20160311,000000,3.6667,3.6667,3.0333,3.3333,295477,0
IMMP.US,D,20160314,000000,3.3333,3.3667,3.1333,3.178,26556,0
IMMP.US,D,20160315,000000,3.2333,3.3,3,3.0167,65096,0
IMMP.US,D,20160316,000000,3.0467,3.1267,3,3.1,36670,0
IMMP.US,D,20160317,000000,3.0947,3.2253,3.0167,3.0933,57992,0
IMMP.US,D,20160318,000000,3.0333,3.1513,3.0333,3.0877,27383,0
IMMP.US,D,20160321,000000,3.0667,3.2263,3.0333,3.052,34306,0
IMMP.US,D,20160322,000000,3.0667,3.4333,3.0667,3.317,112133,0
IMMP.US,D,20160323,000000,3.3667,3.3667,3.1167,3.1333,43844,0
IMMP.US,D,20160324,000000,3.2353,3.2353,3.1,3.1667,42498,0
IMMP.US,D,20160328,000000,3.1,3.3,3.0667,3.1,32315,0
IMMP.US,D,20160329,000000,3.0667,3.149,3.0333,3.1333,29056,0
IMMP.US,D,20160330,000000,3.1,3.2,3.0667,3.1003,26255,0
IMMP.US,D,20160331,000000,3.1333,3.2667,3.0667,3.1797,26154,0
IMMP.US,D,20160401,000000,3.2167,3.2167,3.0667,3.1333,34955,0
IMMP.US,D,20160404,000000,3.1,3.1667,3.0667,3.1667,28084,0
IMMP.US,D,20160405,000000,3.1333,3.1667,3.034,3.1667,39143,0
IMMP.US,D,20160406,000000,3.1667,3.2333,3.1,3.2333,37184,0
IMMP.US,D,20160407,000000,3.2333,3.2333,3.0673,3.15,29337,0
IMMP.US,D,20160408,000000,3.1933,3.2003,3.1333,3.1333,15332,0
IMMP.US,D,20160411,000000,3.1,3.2,3.0667,3.1667,25074,0
IMMP.US,D,20160412,000000,3.0733,3.2333,3.0733,3.1633,29044,0
IMMP.US,D,20160413,000000,3.1337,3.1667,3.079,3.1667,25419,0
IMMP.US,D,20160414,000000,3.1333,3.1667,3.0667,3.0677,18447,0
IMMP.US,D,20160415,000000,3.0667,3.1333,3.0333,3.05,21842,0
IMMP.US,D,20160418,000000,3,3.0667,3,3.0333,37350,0
IMMP.US,D,20160419,000000,3.2,3.3333,3.0833,3.0833,76698,0
IMMP.US,D,20160420,000000,3.1667,4.1333,3.0333,3.8333,1807759,0
IMMP.US,D,20160421,000000,3.8667,3.9,3.5,3.7333,434361,0
IMMP.US,D,20160422,000000,3.7,3.7,3.4333,3.6333,228468,0
IMMP.US,D,20160425,000000,3.5667,3.6333,3.5,3.5,94219,0
IMMP.US,D,20160426,000000,3.5,3.6333,3.433,3.5667,184252,0
IMMP.US,D,20160427,000000,3.6333,3.6667,3.5,3.5333,99704,0
IMMP.US,D,20160428,000000,3.5,3.5667,3.4333,3.4667,93967,0
IMMP.US,D,20160429,000000,3.4857,3.6667,3.4667,3.6,156575,0
IMMP.US,D,20160502,000000,3.7667,3.9333,3.5,3.6,335534,0
IMMP.US,D,20160503,000000,3.5667,3.57,3.3667,3.4667,127662,0
IMMP.US,D,20160504,000000,3.5,3.5,3.1497,3.3667,156149,0
IMMP.US,D,20160505,000000,3.3333,3.3667,3.1833,3.201,41941,0
IMMP.US,D,20160506,000000,3.2667,3.2667,3.1667,3.208,40517,0
IMMP.US,D,20160509,000000,3.2,3.4333,3.1667,3.2003,41203,0
IMMP.US,D,20160510,000000,3.2667,3.3667,3.1667,3.217,53216,0
IMMP.US,D,20160511,000000,3.2843,3.3233,3.1367,3.1367,37142,0
IMMP.US,D,20160512,000000,3.5,3.8667,3.2673,3.3333,1404274,0
IMMP.US,D,20160513,000000,3.3667,3.5333,3.2,3.3333,275697,0
IMMP.US,D,20160516,000000,3.3333,3.3383,3.2,3.2173,72419,0
IMMP.US,D,20160517,000000,3.3333,3.4,3.2333,3.2667,78557,0
IMMP.US,D,20160518,000000,3.2333,3.2833,3.1767,3.25,63944,0
IMMP.US,D,20160519,000000,3.2667,3.4333,3.2333,3.333,191594,0
IMMP.US,D,20160520,000000,3.4,3.5,3.3,3.3667,201293,0
IMMP.US,D,20160523,000000,3.5,3.5667,3.3667,3.5333,160043,0
IMMP.US,D,20160524,000000,3.5333,3.5667,3.4333,3.4667,81004,0
IMMP.US,D,20160525,000000,3.4667,3.5127,3.4333,3.4667,37019,0
IMMP.US,D,20160526,000000,3.5,3.5003,3.4,3.4667,58820,0
IMMP.US,D,20160527,000000,3.5,3.5,3.2383,3.4667,49333,0
IMMP.US,D,20160531,000000,3.4333,3.6,3.43,3.6,66852,0
IMMP.US,D,20160601,000000,3.5333,3.8,3.5333,3.5667,117345,0
IMMP.US,D,20160602,000000,3.5337,3.6,3.5333,3.5667,38639,0
IMMP.US,D,20160603,000000,3.5667,3.6,3.5,3.5,57029,0
IMMP.US,D,20160606,000000,3.5333,3.5667,3.5,3.5,39946,0
IMMP.US,D,20160607,000000,3.5,3.6267,3.5,3.5667,51616,0
IMMP.US,D,20160608,000000,3.6,3.6667,3.5667,3.5833,55960,0
IMMP.US,D,20160609,000000,3.6007,3.6333,3.5,3.5,57125,0
IMMP.US,D,20160610,000000,3.4333,3.5667,3.4333,3.4333,48080,0
IMMP.US,D,20160613,000000,3.4333,3.4333,3.3667,3.3667,52351,0
IMMP.US,D,20160614,000000,3.3667,3.4,3.3333,3.3833,29014,0
IMMP.US,D,20160615,000000,3.3667,3.4667,3.3667,3.4667,29720,0
IMMP.US,D,20160616,000000,3.3667,3.4427,3.3667,3.4,48718,0
IMMP.US,D,20160617,000000,3.4,3.5333,3.3667,3.5,61499,0
IMMP.US,D,20160620,000000,3.6,3.6667,3.5,3.6,95054,0
IMMP.US,D,20160621,000000,3.5667,3.6,3.4667,3.5667,51234,0
IMMP.US,D,20160622,000000,3.6667,3.9333,3.3667,3.4,702096,0
IMMP.US,D,20160623,000000,3.4333,3.5,3.3667,3.4333,76411,0
IMMP.US,D,20160624,000000,3.3333,3.3667,3.18,3.228,184180,0
IMMP.US,D,20160627,000000,3.2333,3.3667,3.07,3.125,93315,0
IMMP.US,D,20160628,000000,3.1667,3.2,3.1333,3.174,19105,0
IMMP.US,D,20160629,000000,3.2667,3.332,3.1333,3.1333,30484,0
IMMP.US,D,20160630,000000,3.1667,3.2333,3.1667,3.2133,26683,0
IMMP.US,D,20160701,000000,3.3,3.3,3.1667,3.2333,23008,0
IMMP.US,D,20160705,000000,3.1667,3.2667,3.1,3.1333,32575,0
IMMP.US,D,20160706,000000,3.1667,3.1667,3.0667,3.1,23024,0
IMMP.US,D,20160707,000000,3.15,3.1667,3.0667,3.1167,22951,0
IMMP.US,D,20160708,000000,3.0667,3.2333,3.0667,3.0767,41571,0
IMMP.US,D,20160711,000000,3.0333,3.1063,3.0333,3.0533,25886,0
IMMP.US,D,20160712,000000,3.0667,3.1667,3.0667,3.1,49114,0
IMMP.US,D,20160713,000000,3.0667,3.1333,3.0667,3.0833,27848,0
IMMP.US,D,20160714,000000,3.0983,3.0983,3.0667,3.0667,12281,0
IMMP.US,D,20160715,000000,3.0667,3.1333,3.0667,3.0667,30239,0
IMMP.US,D,20160718,000000,3.0667,3.0883,3.0333,3.0333,30838,0
IMMP.US,D,20160719,000000,3.0377,3.1,3,3.0333,37518,0
IMMP.US,D,20160720,000000,3.0117,3.0667,3,3,29816,0
IMMP.US,D,20160721,000000,3,3.0667,3,3.0333,25740,0
IMMP.US,D,20160722,000000,3.0667,3.1,3.0333,3.0667,33985,0
IMMP.US,D,20160725,000000,3.0667,3.0833,2.9333,2.9333,38452,0
IMMP.US,D,20160726,000000,2.9333,3.0333,2.9333,2.96,38239,0
IMMP.US,D,20160727,000000,3,3.0667,3,3.0503,19021,0
IMMP.US,D,20160728,000000,3,3.0667,3,3.0333,28924,0
IMMP.US,D,20160729,000000,3.0333,3.1333,3,3.0833,28973,0
IMMP.US,D,20160801,000000,3.1333,3.1333,3,3.017,18704,0
IMMP.US,D,20160802,000000,3,3.0337,2.9667,3.0163,35181,0
IMMP.US,D,20160803,000000,2.97,3.0333,2.9667,2.9667,18984,0
IMMP.US,D,20160804,000000,3.0007,3.0333,2.9333,2.9333,41018,0
IMMP.US,D,20160805,000000,2.9333,3,2.9333,2.9337,23228,0
IMMP.US,D,20160808,000000,2.9667,3,2.9,2.9933,74530,0
IMMP.US,D,20160809,000000,2.9333,3,2.926,2.95,31698,0
IMMP.US,D,20160810,000000,2.9667,3,2.95,2.9667,15906,0
IMMP.US,D,20160811,000000,2.9333,3.0333,2.9333,3.0033,39785,0
IMMP.US,D,20160812,000000,2.9367,3.0323,2.8733,2.9333,22019,0
IMMP.US,D,20160815,000000,2.9667,3.0043,2.8027,2.8667,29544,0
IMMP.US,D,20160816,000000,2.8667,2.92,2.7333,2.8,63578,0
IMMP.US,D,20160817,000000,2.8,2.8,2.6667,2.7997,34732,0
IMMP.US,D,20160818,000000,2.8247,2.8647,2.8167,2.8477,23186,0
IMMP.US,D,20160819,000000,2.8337,2.858,2.77,2.8167,13418,0
IMMP.US,D,20160822,000000,2.7667,2.83,2.7667,2.8087,20961,0
IMMP.US,D,20160823,000000,2.8,2.8793,2.8,2.86,7925,0
IMMP.US,D,20160824,000000,2.8567,2.8567,2.7333,2.8333,28617,0
IMMP.US,D,20160825,000000,3.0183,3.1293,2.87,2.9667,87745,0
IMMP.US,D,20160826,000000,3,3.0267,2.8333,2.9,31088,0
IMMP.US,D,20160829,000000,2.8667,2.9,2.8033,2.84,14591,0
IMMP.US,D,20160830,000000,2.8667,2.8933,2.8333,2.8867,25705,0
IMMP.US,D,20160831,000000,2.9,2.9,2.8833,2.8833,10899,0
IMMP.US,D,20160901,000000,2.9,2.9,2.817,2.8337,20826,0
IMMP.US,D,20160902,000000,2.8337,2.8337,2.8167,2.8337,19766,0
IMMP.US,D,20160906,000000,2.823,2.894,2.8207,2.8503,24575,0
IMMP.US,D,20160907,000000,2.84,2.9667,2.84,2.9003,25659,0
IMMP.US,D,20160908,000000,2.9007,2.9333,2.867,2.9167,8235,0
IMMP.US,D,20160909,000000,2.8333,2.909,2.8333,2.867,9702,0
IMMP.US,D,20160912,000000,2.8667,2.9333,2.8667,2.9333,6133,0
IMMP.US,D,20160913,000000,3.1667,3.2257,2.9667,3,27303,0
IMMP.US,D,20160914,000000,3.0667,3.0667,2.9667,2.9997,20994,0
IMMP.US,D,20160915,000000,2.9667,3.0667,2.9667,3.033,16783,0
IMMP.US,D,20160916,000000,3.0333,3.0817,3,3.0007,7012,0
IMMP.US,D,20160919,000000,3,3,2.8683,2.9637,26192,0
IMMP.US,D,20160920,000000,2.9333,3.0333,2.8667,2.967,17135,0
IMMP.US,D,20160921,000000,2.9333,3,2.9333,2.9337,26696,0
IMMP.US,D,20160922,000000,2.9333,3,2.9333,2.963,7579,0
IMMP.US,D,20160923,000000,2.9633,3,2.9217,2.95,39536,0
IMMP.US,D,20160926,000000,2.9333,2.9667,2.9333,2.95,6804,0
IMMP.US,D,20160927,000000,2.9333,2.9667,2.9167,2.9333,11151,0
IMMP.US,D,20160928,000000,2.9333,3.0167,2.917,3.0167,35868,0
IMMP.US,D,20160929,000000,2.9667,3.0333,2.9333,2.9667,28414,0
IMMP.US,D,20160930,000000,2.94,2.967,2.94,2.9633,7272,0
IMMP.US,D,20161003,000000,2.94,2.9667,2.9003,2.9333,17461,0
IMMP.US,D,20161004,000000,2.9333,2.9667,2.9333,2.95,18561,0
IMMP.US,D,20161005,000000,3.0333,3.1667,2.9667,3.1667,86810,0
IMMP.US,D,20161006,000000,2.9703,3.1,2.9703,2.9833,40518,0
IMMP.US,D,20161007,000000,2.9667,2.9997,2.9333,2.937,16328,0
IMMP.US,D,20161010,000000,2.9333,3.0527,2.9333,2.9667,17213,0
IMMP.US,D,20161011,000000,3,3.05,2.9333,2.9333,20467,0
IMMP.US,D,20161012,000000,3.0003,3.0003,2.9,2.9667,41099,0
IMMP.US,D,20161013,000000,2.9,2.9667,2.9,2.903,23072,0
IMMP.US,D,20161014,000000,2.9167,2.9667,2.9,2.9,16149,0
IMMP.US,D,20161017,000000,2.9293,2.9667,2.9,2.9667,9588,0
IMMP.US,D,20161018,000000,2.9,2.9633,2.9,2.9633,17822,0
IMMP.US,D,20161019,000000,2.9,2.9667,2.9,2.9,9542,0
IMMP.US,D,20161020,000000,2.9,2.9513,2.9,2.9513,3630,0
IMMP.US,D,20161021,000000,2.9667,2.9667,2.9,2.9233,5162,0
IMMP.US,D,20161024,000000,2.9,2.9333,2.8667,2.9,27838,0
IMMP.US,D,20161025,000000,2.8667,2.9253,2.8667,2.9167,15962,0
IMMP.US,D,20161026,000000,2.929,2.9333,2.8667,2.882,11574,0
IMMP.US,D,20161027,000000,2.9,2.9,2.8333,2.8783,37733,0
IMMP.US,D,20161028,000000,2.8333,2.9,2.8167,2.8333,13635,0
IMMP.US,D,20161031,000000,2.8143,2.8333,2.8,2.825,5188,0
IMMP.US,D,20161101,000000,2.8667,2.8667,2.7333,2.7667,34038,0
IMMP.US,D,20161102,000000,2.7667,2.8,2.7417,2.7987,20088,0
IMMP.US,D,20161103,000000,2.8,2.8,2.5367,2.5367,52792,0
IMMP.US,D,20161104,000000,2.6667,2.7667,2.6337,2.69,23363,0
IMMP.US,D,20161107,000000,2.6667,2.7667,2.6,2.6667,14281,0
IMMP.US,D,20161108,000000,2.6297,2.6667,2.6,2.6167,25056,0
IMMP.US,D,20161109,000000,2.5333,2.8,2.5333,2.6333,30654,0
IMMP.US,D,20161110,000000,2.6667,2.7667,2.5333,2.7,23913,0
IMMP.US,D,20161111,000000,2.8283,2.8283,2.64,2.728,16882,0
IMMP.US,D,20161114,000000,2.7333,2.7333,2.6667,2.7003,24127,0
IMMP.US,D,20161115,000000,2.7223,2.7333,2.6667,2.7333,12835,0
IMMP.US,D,20161116,000000,2.7333,2.7333,2.6883,2.717,13145,0
IMMP.US,D,20161117,000000,2.667,2.7333,2.6,2.7,14527,0
IMMP.US,D,20161118,000000,2.6333,2.72,2.6213,2.6833,13958,0
IMMP.US,D,20161121,000000,2.7,2.7333,2.5593,2.6667,21370,0
IMMP.US,D,20161122,000000,2.5667,2.6667,2.5667,2.6,21544,0
IMMP.US,D,20161123,000000,2.6,2.8333,2.6,2.6833,23731,0
IMMP.US,D,20161125,000000,2.8,2.8,2.7,2.7993,8189,0
IMMP.US,D,20161128,000000,2.8667,2.9,2.7,2.7333,25428,0
IMMP.US,D,20161129,000000,2.7333,2.9333,2.7333,2.7833,32024,0
IMMP.US,D,20161130,000000,2.8667,2.87,2.7347,2.8167,12501,0
IMMP.US,D,20161201,000000,2.8273,2.8333,2.7,2.7333,15300,0
IMMP.US,D,20161202,000000,2.8167,2.8167,2.7333,2.7663,7809,0
IMMP.US,D,20161205,000000,2.7,2.7197,2.5,2.6133,37505,0
IMMP.US,D,20161206,000000,2.578,2.6667,2.5667,2.58,23473,0
IMMP.US,D,20161207,000000,2.6667,2.6837,2.5667,2.5803,30962,0
IMMP.US,D,20161208,000000,2.6667,2.6667,2.5437,2.5437,28211,0
IMMP.US,D,20161209,000000,2.5333,2.6333,2.4667,2.5,35822,0
IMMP.US,D,20161212,000000,2.496,2.5663,2.4667,2.5067,15877,0
IMMP.US,D,20161213,000000,2.512,2.5657,2.5,2.5143,16114,0
IMMP.US,D,20161214,000000,2.5,2.5,2.404,2.471,13582,0
IMMP.US,D,20161215,000000,2.4423,2.4667,2.3337,2.3833,43741,0
IMMP.US,D,20161216,000000,2.3887,2.4987,2.35,2.4,20049,0
IMMP.US,D,20161219,000000,2.3667,2.4667,1.7003,2.1,193505,0
IMMP.US,D,20161220,000000,2.1333,2.4,2.1333,2.35,73526,0
IMMP.US,D,20161221,000000,2.4,2.5,2.3333,2.3403,27414,0
IMMP.US,D,20161222,000000,2.7997,2.7997,2.4,2.4483,158531,0
IMMP.US,D,20161223,000000,2.5667,2.5907,2.3333,2.466,74560,0
IMMP.US,D,20161227,000000,2.37,2.5,2.1753,2.3667,79785,0
IMMP.US,D,20161228,000000,2.24,2.4,2.22,2.3273,41759,0
IMMP.US,D,20161229,000000,2.6,3.26,2.06,2.5,3441355,0
IMMP.US,D,20161230,000000,2.39,2.59,2.275,2.34,166578,0
IMMP.US,D,20170103,000000,2.4,2.5879,2.35,2.53,144479,0
IMMP.US,D,20170104,000000,2.54,2.5435,2.4,2.47,82445,0
IMMP.US,D,20170105,000000,2.6,2.8,2.48,2.51,76892,0
IMMP.US,D,20170106,000000,2.51,2.5973,2.47,2.5,75126,0
IMMP.US,D,20170109,000000,2.69,2.69,2.5,2.5,34751,0
IMMP.US,D,20170110,000000,2.5,2.53,2.42,2.5,19903,0
IMMP.US,D,20170111,000000,2.57,2.57,2.37,2.47,51755,0
IMMP.US,D,20170112,000000,2.5,2.6799,2.47,2.56,83201,0
IMMP.US,D,20170113,000000,2.62,2.62,2.49,2.59,20662,0
IMMP.US,D,20170117,000000,2.68,2.68,2.552,2.61,32065,0
IMMP.US,D,20170118,000000,2.59,2.6,2.4,2.515,50629,0
IMMP.US,D,20170119,000000,2.49,2.5298,2.38,2.4801,21067,0
IMMP.US,D,20170120,000000,2.5,2.55,2.4,2.53,19025,0
IMMP.US,D,20170123,000000,2.53,2.64,2.52,2.5734,21751,0
IMMP.US,D,20170124,000000,2.57,2.58,2.54,2.56,16130,0
IMMP.US,D,20170125,000000,2.5,2.55,2.4232,2.53,28490,0
IMMP.US,D,20170126,000000,2.58,2.59,2.49,2.56,25469,0
IMMP.US,D,20170127,000000,2.61,2.61,2.4938,2.57,21876,0
IMMP.US,D,20170130,000000,2.5101,2.6189,2.4938,2.54,15234,0
IMMP.US,D,20170131,000000,2.5362,2.5362,2.45,2.53,12680,0
IMMP.US,D,20170201,000000,2.52,2.52,2.446,2.47,4687,0
IMMP.US,D,20170202,000000,2.5,2.5,2.41,2.42,9258,0
IMMP.US,D,20170203,000000,2.42,2.5,2.42,2.48,18164,0
IMMP.US,D,20170206,000000,2.4793,2.49,2.44,2.48,9127,0
IMMP.US,D,20170207,000000,2.51,2.536,2.41,2.47,20261,0
IMMP.US,D,20170208,000000,2.4521,2.465,2.44,2.45,19295,0
IMMP.US,D,20170209,000000,2.43,2.451,2.39,2.42,48843,0
IMMP.US,D,20170210,000000,2.474,2.5,2.29,2.4,54030,0
IMMP.US,D,20170213,000000,2.42,2.4436,2.4001,2.4198,10963,0
IMMP.US,D,20170214,000000,2.4043,2.4334,2.38,2.41,11877,0
IMMP.US,D,20170215,000000,2.4,2.5336,2.37,2.5336,62063,0
IMMP.US,D,20170216,000000,2.5,2.5,2.4553,2.485,17339,0
IMMP.US,D,20170217,000000,2.5464,2.58,2.47,2.47,18190,0
IMMP.US,D,20170221,000000,2.53,2.53,2.47,2.49,20979,0
IMMP.US,D,20170222,000000,2.4762,2.54,2.4727,2.5,22328,0
IMMP.US,D,20170223,000000,2.5,2.5,2.45,2.49,28416,0
IMMP.US,D,20170224,000000,2.452,2.452,2.41,2.41,17738,0
IMMP.US,D,20170227,000000,2.41,2.4867,2.36,2.39,22652,0
IMMP.US,D,20170228,000000,2.36,3.24,2.3,2.93,1192602,0
IMMP.US,D,20170301,000000,2.8,2.81,2.42,2.48,329308,0
IMMP.US,D,20170302,000000,2.48,2.59,2.4,2.49,57139,0
IMMP.US,D,20170303,000000,2.4101,2.51,2.4101,2.44,45380,0
IMMP.US,D,20170306,000000,2.44,2.5,2.44,2.45,33005,0
IMMP.US,D,20170307,000000,2.44,2.47,2.4,2.42,26690,0
IMMP.US,D,20170308,000000,2.41,2.445,2.4,2.41,28678,0
IMMP.US,D,20170309,000000,2.4288,2.48,2.4,2.42,15238,0
IMMP.US,D,20170310,000000,2.45,2.45,2.4,2.41,13667,0
IMMP.US,D,20170313,000000,2.42,2.44,2.3,2.36,49473,0
IMMP.US,D,20170314,000000,2.308,2.34,2.1022,2.23,49870,0
IMMP.US,D,20170315,000000,2.2413,2.43,2.2413,2.3246,25818,0
IMMP.US,D,20170316,000000,2.29,2.3799,2.25,2.28,10712,0
IMMP.US,D,20170317,000000,2.31,2.4099,2.2925,2.4,34525,0
IMMP.US,D,20170320,000000,2.43,2.5399,2.4,2.43,12891,0
IMMP.US,D,20170321,000000,2.4411,2.48,2.42,2.46,7924,0
IMMP.US,D,20170322,000000,2.43,2.4999,2.43,2.48,5382,0
IMMP.US,D,20170323,000000,2.46,2.48,2.2,2.48,25267,0
IMMP.US,D,20170324,000000,2.4999,2.565,2.455,2.5,39181,0
IMMP.US,D,20170327,000000,2.5,2.5,2.33,2.48,8513,0
IMMP.US,D,20170328,000000,2.4999,2.52,2.4504,2.46,11100,0
IMMP.US,D,20170329,000000,2.46,2.6,2.46,2.47,33139,0
IMMP.US,D,20170330,000000,2.43,2.5999,2.43,2.45,19686,0
IMMP.US,D,20170331,000000,2.4699,2.5786,2.42,2.44,10768,0
IMMP.US,D,20170403,000000,2.4837,2.5202,2.4554,2.49,14787,0
IMMP.US,D,20170404,000000,2.4737,2.53,2.4,2.41,27450,0
IMMP.US,D,20170405,000000,2.45,2.49,2.4258,2.43,22107,0
IMMP.US,D,20170406,000000,2.45,2.5,2.42,2.45,14387,0
IMMP.US,D,20170407,000000,2.47,2.5,2.43,2.5,7577,0
IMMP.US,D,20170410,000000,2.4837,2.495,2.45,2.45,11219,0
IMMP.US,D,20170411,000000,2.43,2.45,2.4101,2.44,12698,0
IMMP.US,D,20170412,000000,2.4,2.45,2.4,2.4325,12223,0
IMMP.US,D,20170413,000000,2.4216,2.45,2.41,2.44,6983,0
IMMP.US,D,20170417,000000,2.45,2.49,2.4401,2.49,10448,0
IMMP.US,D,20170418,000000,2.49,2.49,2.42,2.42,19097,0
IMMP.US,D,20170419,000000,2.5,2.5,2.14,2.34,79349,0
IMMP.US,D,20170420,000000,2.38,2.51,2.38,2.4,91517,0
IMMP.US,D,20170421,000000,2.38,2.44,2.38,2.43,14811,0
IMMP.US,D,20170424,000000,2.42,2.42,2.32,2.32,27155,0
IMMP.US,D,20170425,000000,2.35,2.43,2.32,2.37,37273,0
IMMP.US,D,20170426,000000,2.39,2.52,2.382,2.44,12652,0
IMMP.US,D,20170427,000000,2.4164,2.49,2.4164,2.47,5469,0
IMMP.US,D,20170428,000000,2.4,2.53,2.4,2.5,46890,0
IMMP.US,D,20170501,000000,2.4917,2.55,2.48,2.53,36444,0
IMMP.US,D,20170502,000000,2.46,2.53,2.4,2.45,12488,0
IMMP.US,D,20170503,000000,2.4912,2.51,2.42,2.468,6107,0
IMMP.US,D,20170504,000000,2.4901,2.52,2.45,2.45,26670,0
IMMP.US,D,20170505,000000,2.462,2.54,2.462,2.53,19968,0
IMMP.US,D,20170508,000000,2.55,2.55,2.49,2.53,16228,0
IMMP.US,D,20170509,000000,2.5,2.515,2.46,2.46,38632,0
IMMP.US,D,20170510,000000,2.46,2.5,2.46,2.46,21444,0
IMMP.US,D,20170511,000000,2.46,2.49,2.46,2.49,16760,0
IMMP.US,D,20170512,000000,2.46,2.47,2.4,2.41,24492,0
IMMP.US,D,20170515,000000,2.455,2.455,2.3121,2.38,56644,0
IMMP.US,D,20170516,000000,2.36,2.42,2.36,2.41,12978,0
IMMP.US,D,20170517,000000,2.45,2.4547,2.33,2.44,52655,0
IMMP.US,D,20170518,000000,2.43,2.5,2.39,2.39,19411,0
IMMP.US,D,20170519,000000,2.3962,2.51,2.3962,2.46,57347,0
IMMP.US,D,20170522,000000,2.45,2.5,2.4001,2.46,22789,0
IMMP.US,D,20170523,000000,2.44,2.45,2.4,2.4,15701,0
IMMP.US,D,20170524,000000,2.42,2.53,2.4199,2.46,20684,0
IMMP.US,D,20170525,000000,2.49,2.53,2.44,2.44,12263,0
IMMP.US,D,20170526,000000,2.44,2.5,2.44,2.465,13234,0
IMMP.US,D,20170530,000000,2.47,2.495,2.4436,2.47,27257,0
IMMP.US,D,20170531,000000,2.47,2.53,2.47,2.48,33532,0
IMMP.US,D,20170601,000000,2.52,2.52,2.46,2.52,28435,0
IMMP.US,D,20170602,000000,2.5067,2.75,2.49,2.6,253986,0
IMMP.US,D,20170605,000000,2.68,2.79,2.4,2.49,324357,0
IMMP.US,D,20170606,000000,2.4363,2.47,2.2,2.44,66491,0
IMMP.US,D,20170607,000000,2.46,2.54,2.4329,2.5,49524,0
IMMP.US,D,20170608,000000,2.53,2.55,2.4122,2.5,20683,0
IMMP.US,D,20170609,000000,2.5,2.57,2.28,2.48,75780,0
IMMP.US,D,20170612,000000,2.53,2.53,2.41,2.41,2833,0
IMMP.US,D,20170613,000000,2.4564,2.52,2.35,2.39,33202,0
IMMP.US,D,20170614,000000,2.4127,2.45,2.36,2.3684,32806,0
IMMP.US,D,20170615,000000,2.37,2.45,2.36,2.39,14338,0
IMMP.US,D,20170616,000000,2.43,2.43,2.32,2.38,17504,0
IMMP.US,D,20170619,000000,2.375,2.42,2.34,2.35,10594,0
IMMP.US,D,20170620,000000,2.385,2.42,2.35,2.4,4940,0
IMMP.US,D,20170621,000000,2.37,2.4,2.35,2.35,7000,0
IMMP.US,D,20170622,000000,2.31,2.39,2.307,2.32,31196,0
IMMP.US,D,20170623,000000,2.35,2.35,2.29,2.32,41231,0
IMMP.US,D,20170626,000000,2.3,2.38,2.25,2.35,44936,0
IMMP.US,D,20170627,000000,2.3101,2.44,2.26,2.28,73082,0
IMMP.US,D,20170628,000000,2.33,2.35,2.2499,2.32,50256,0
IMMP.US,D,20170629,000000,2.3265,2.4,1.88,2.16,282921,0
IMMP.US,D,20170630,000000,2.12,2.2,2.03,2.16,138980,0
IMMP.US,D,20170703,000000,2.22,2.22,2.05,2.175,11738,0
IMMP.US,D,20170705,000000,2.2,2.2,1.964,2.05,52131,0
IMMP.US,D,20170706,000000,1.97,2.1,1.86,1.8905,90917,0
IMMP.US,D,20170707,000000,1.92,1.95,1.9,1.9239,30428,0
IMMP.US,D,20170710,000000,1.99,2.0047,1.8617,1.87,62219,0
IMMP.US,D,20170711,000000,1.87,1.9,1.85,1.87,58446,0
IMMP.US,D,20170712,000000,1.89,1.9,1.8,1.82,104738,0
IMMP.US,D,20170713,000000,1.8,1.87,1.8,1.87,89291,0
IMMP.US,D,20170714,000000,1.85,1.87,1.8125,1.86,52074,0
IMMP.US,D,20170717,000000,1.95,1.95,1.74,1.8,273511,0
IMMP.US,D,20170718,000000,1.71,1.83,1.71,1.82,101005,0
IMMP.US,D,20170719,000000,1.77,1.83,1.76,1.8,121810,0
IMMP.US,D,20170720,000000,1.82,1.82,1.78,1.78,46332,0
IMMP.US,D,20170721,000000,1.81,1.82,1.7546,1.79,66398,0
IMMP.US,D,20170724,000000,1.77,1.775,1.72,1.73,70357,0
IMMP.US,D,20170725,000000,1.8,1.84,1.74,1.79,320640,0
IMMP.US,D,20170726,000000,1.79,1.82,1.73,1.76,113627,0
IMMP.US,D,20170727,000000,1.76,1.7676,1.7,1.71,152649,0
IMMP.US,D,20170728,000000,1.72,1.75,1.72,1.7201,53034,0
IMMP.US,D,20170731,000000,1.75,1.75,1.55,1.59,276024,0
IMMP.US,D,20170801,000000,1.64,1.64,1.43,1.5,191103,0
IMMP.US,D,20170802,000000,1.5,1.5011,1.4,1.46,185330,0
IMMP.US,D,20170803,000000,1.5,1.5005,1.43,1.47,48759,0
IMMP.US,D,20170804,000000,1.55,1.6,1.4701,1.55,108479,0
IMMP.US,D,20170807,000000,1.55,1.69,1.55,1.6525,169372,0
IMMP.US,D,20170808,000000,1.68,1.7,1.58,1.61,63709,0
IMMP.US,D,20170809,000000,1.635,1.65,1.57,1.57,125260,0
IMMP.US,D,20170810,000000,1.56,1.59,1.43,1.51,96780,0
IMMP.US,D,20170811,000000,1.51,1.6,1.51,1.58,45491,0
IMMP.US,D,20170814,000000,1.56,1.68,1.55,1.57,506254,0
IMMP.US,D,20170815,000000,1.58,1.62,1.56,1.58,62345,0
IMMP.US,D,20170816,000000,1.58,1.6179,1.45,1.51,182957,0
IMMP.US,D,20170817,000000,1.55,1.6,1.51,1.52,43973,0
IMMP.US,D,20170818,000000,1.56,1.569,1.51,1.55,66024,0
IMMP.US,D,20170821,000000,1.56,1.59,1.5101,1.55,106258,0
IMMP.US,D,20170822,000000,1.5507,1.5538,1.52,1.55,64303,0
IMMP.US,D,20170823,000000,1.5325,1.6,1.53,1.57,56546,0
IMMP.US,D,20170824,000000,1.56,1.575,1.55,1.56,81702,0
IMMP.US,D,20170825,000000,1.58,1.65,1.58,1.61,490551,0
IMMP.US,D,20170828,000000,1.62,1.66,1.61,1.61,130222,0
IMMP.US,D,20170829,000000,1.6275,1.65,1.61,1.6411,74547,0
IMMP.US,D,20170830,000000,1.64,1.68,1.6201,1.66,138393,0
IMMP.US,D,20170831,000000,1.65,1.73,1.65,1.68,206668,0
IMMP.US,D,20170901,000000,1.63,1.71,1.63,1.7,41797,0
IMMP.US,D,20170905,000000,1.7,1.706,1.63,1.66,213226,0
IMMP.US,D,20170906,000000,1.665,1.665,1.635,1.64,54982,0
IMMP.US,D,20170907,000000,1.65,1.67,1.62,1.64,103257,0
IMMP.US,D,20170908,000000,1.6599,1.67,1.62,1.65,134236,0
IMMP.US,D,20170911,000000,1.67,1.673,1.65,1.66,41954,0
IMMP.US,D,20170912,000000,1.67,1.67,1.631,1.66,97988,0
IMMP.US,D,20170913,000000,1.66,1.66,1.63,1.64,39978,0
IMMP.US,D,20170914,000000,1.65,1.65,1.55,1.6,228217,0
IMMP.US,D,20170915,000000,1.56,1.6,1.56,1.6,54938,0
IMMP.US,D,20170918,000000,1.61,1.64,1.6,1.62,45738,0
IMMP.US,D,20170919,000000,1.64,1.65,1.62,1.62,62373,0
IMMP.US,D,20170920,000000,1.6,1.64,1.6,1.62,30603,0
IMMP.US,D,20170921,000000,1.6324,1.64,1.61,1.6279,25015,0
IMMP.US,D,20170922,000000,1.63,1.64,1.63,1.63,13470,0
IMMP.US,D,20170925,000000,1.64,1.719,1.637,1.68,173515,0
IMMP.US,D,20170926,000000,1.71,1.71,1.64,1.67,44520,0
IMMP.US,D,20170927,000000,1.67,1.7,1.65,1.67,22873,0
IMMP.US,D,20170928,000000,1.73,1.78,1.73,1.7515,100720,0
IMMP.US,D,20170929,000000,1.76,1.96,1.76,1.8599,211248,0
IMMP.US,D,20171002,000000,1.87,2,1.87,1.9361,144174,0
IMMP.US,D,20171003,000000,1.95,2.16,1.9,2.15,267417,0
IMMP.US,D,20171004,000000,2.06,2.15,1.9743,2.1,153144,0
IMMP.US,D,20171005,000000,2.08,2.18,1.92,1.9999,80156,0
IMMP.US,D,20171006,000000,2.03,2.05,1.9501,1.99,54446,0
IMMP.US,D,20171009,000000,2.09,2.37,2.01,2.2293,399101,0
IMMP.US,D,20171010,000000,2.22,2.81,2.22,2.57,914213,0
IMMP.US,D,20171011,000000,2.5,2.74,2.4,2.65,439207,0
IMMP.US,D,20171012,000000,2.8,2.85,2.6,2.62,297938,0
IMMP.US,D,20171013,000000,2.6,2.72,2.35,2.72,357553,0
IMMP.US,D,20171016,000000,2.74,2.74,2.51,2.57,114026,0
IMMP.US,D,20171017,000000,2.57,2.57,2.3,2.36,163268,0
IMMP.US,D,20171018,000000,2.37,2.4,2.3,2.38,88188,0
IMMP.US,D,20171019,000000,2.34,2.38,2.27,2.36,55181,0
IMMP.US,D,20171020,000000,2.34,2.45,2.2201,2.24,148806,0
IMMP.US,D,20171023,000000,2.33,2.35,2.2101,2.23,52128,0
IMMP.US,D,20171024,000000,2.28,2.32,2.181,2.2,91001,0
IMMP.US,D,20171025,000000,2.29,2.31,2.18,2.28,98848,0
IMMP.US,D,20171026,000000,2.24,2.25,2.1,2.1,37985,0
IMMP.US,D,20171027,000000,2.1,2.19,2.1,2.11,35149,0
IMMP.US,D,20171030,000000,2.15,2.24,2.1,2.24,101579,0
IMMP.US,D,20171031,000000,2.25,2.25,2.15,2.2001,42488,0
IMMP.US,D,20171101,000000,2.22,2.22,2.11,2.13,38962,0
IMMP.US,D,20171102,000000,2.11,2.17,2.1,2.12,49790,0
IMMP.US,D,20171103,000000,2.11,2.17,2.11,2.15,33311,0
IMMP.US,D,20171106,000000,2.15,2.1502,2.06,2.1,71749,0
IMMP.US,D,20171107,000000,2.1,2.12,2.061,2.08,70692,0
IMMP.US,D,20171108,000000,2.0849,2.15,2.07,2.14,60937,0
IMMP.US,D,20171109,000000,2.3,2.46,2.12,2.13,149592,0
IMMP.US,D,20171110,000000,2.11,2.17,2.02,2.07,66253,0
IMMP.US,D,20171113,000000,2.02,2.03,1.85,1.87,153380,0
IMMP.US,D,20171114,000000,1.81,1.86,1.75,1.7501,118653,0
IMMP.US,D,20171115,000000,1.78,1.7888,1.71,1.73,57325,0
IMMP.US,D,20171116,000000,1.76,1.869,1.76,1.8,53557,0
IMMP.US,D,20171117,000000,1.84,1.84,1.73,1.73,85847,0
IMMP.US,D,20171120,000000,1.73,1.76,1.66,1.68,57035,0
IMMP.US,D,20171121,000000,1.7,1.719,1.6221,1.65,45484,0
IMMP.US,D,20171122,000000,1.78,1.82,1.56,1.57,167000,0
IMMP.US,D,20171124,000000,1.74,1.75,1.68,1.71,104997,0
IMMP.US,D,20171127,000000,1.76,1.7605,1.72,1.7582,32237,0
IMMP.US,D,20171128,000000,1.74,1.8,1.66,1.7101,52603,0
IMMP.US,D,20171129,000000,1.71,1.7147,1.7,1.7147,41224,0
IMMP.US,D,20171130,000000,1.72,1.77,1.7,1.71,37107,0
IMMP.US,D,20171201,000000,1.37,2,1.37,1.72,19600,0
IMMP.US,D,20171204,000000,1.71,1.77,1.71,1.76,37008,0
IMMP.US,D,20171205,000000,2.01,2.01,1.8,1.87,26665,0
IMMP.US,D,20171206,000000,2,2,1.78,1.8,47051,0
IMMP.US,D,20171207,000000,1.8095,1.8189,1.76,1.7848,30435,0
IMMP.US,D,20171208,000000,1.8053,1.8053,1.7,1.76,35135,0
IMMP.US,D,20171211,000000,1.79,1.79,1.69,1.6901,46414,0
IMMP.US,D,20171212,000000,1.69,1.7197,1.69,1.7,15964,0
IMMP.US,D,20171213,000000,1.78,1.78,1.61,1.7,49859,0
IMMP.US,D,20171214,000000,1.67,1.68,1.65,1.66,27506,0
IMMP.US,D,20171215,000000,1.7215,1.7215,1.49,1.6543,49561,0
IMMP.US,D,20171218,000000,1.7,1.7,1.51,1.57,107218,0
IMMP.US,D,20171219,000000,1.6,1.6499,1.56,1.6,54613,0
IMMP.US,D,20171220,000000,1.62,1.655,1.55,1.55,73194,0
IMMP.US,D,20171221,000000,1.6,1.601,1.5,1.53,118931,0
IMMP.US,D,20171222,000000,1.49,1.54,1.41,1.5201,85931,0
IMMP.US,D,20171226,000000,1.53,1.53,1.245,1.32,181073,0
IMMP.US,D,20171227,000000,1.35,1.4199,1.35,1.4,113806,0
IMMP.US,D,20171228,000000,1.4,1.5499,1.4,1.53,95796,0
IMMP.US,D,20171229,000000,1.55,1.6392,1.4201,1.57,71372,0
IMMP.US,D,20180102,000000,1.639,1.6433,1.6,1.64,54052,0
IMMP.US,D,20180103,000000,1.6001,1.69,1.6,1.66,51870,0
IMMP.US,D,20180104,000000,1.6417,1.71,1.62,1.7,45873,0
IMMP.US,D,20180105,000000,1.72,1.745,1.66,1.745,42119,0
IMMP.US,D,20180108,000000,1.75,1.8,1.75,1.76,25782,0
IMMP.US,D,20180109,000000,1.78,1.865,1.78,1.8593,45813,0
IMMP.US,D,20180110,000000,1.82,1.85,1.75,1.85,29820,0
IMMP.US,D,20180111,000000,1.91,1.91,1.78,1.8487,9960,0
IMMP.US,D,20180112,000000,1.86,1.8999,1.85,1.8999,17535,0
IMMP.US,D,20180116,000000,1.95,1.955,1.8263,1.9,61074,0
IMMP.US,D,20180117,000000,1.8979,1.8985,1.87,1.87,8088,0
IMMP.US,D,20180118,000000,1.87,1.88,1.86,1.88,11432,0
IMMP.US,D,20180119,000000,1.835,1.8548,1.82,1.8548,9338,0
IMMP.US,D,20180122,000000,1.85,1.91,1.85,1.8795,13499,0
IMMP.US,D,20180123,000000,1.84,1.99,1.84,1.8701,14354,0
IMMP.US,D,20180124,000000,1.95,1.95,1.9,1.9,23062,0
IMMP.US,D,20180125,000000,1.92,1.92,1.846,1.87,11872,0
IMMP.US,D,20180126,000000,1.89,1.9,1.81,1.8698,15092,0
IMMP.US,D,20180129,000000,1.85,1.875,1.81,1.8201,19238,0
IMMP.US,D,20180130,000000,1.81,1.8799,1.76,1.8799,26777,0
IMMP.US,D,20180131,000000,1.91,1.9108,1.75,1.81,21229,0
IMMP.US,D,20180201,000000,1.76,1.8099,1.76,1.77,15429,0
IMMP.US,D,20180202,000000,1.85,1.85,1.7156,1.76,15895,0
IMMP.US,D,20180205,000000,1.74,1.7699,1.6632,1.67,29364,0
IMMP.US,D,20180206,000000,1.67,1.789,1.67,1.77,93396,0
IMMP.US,D,20180207,000000,1.8,1.8,1.671,1.7222,14481,0
IMMP.US,D,20180208,000000,1.92,1.92,1.735,1.74,17889,0
IMMP.US,D,20180209,000000,1.8,1.82,1.7,1.75,45487,0
IMMP.US,D,20180212,000000,1.7614,1.771,1.68,1.74,17874,0
IMMP.US,D,20180213,000000,1.81,1.815,1.73,1.77,7840,0
IMMP.US,D,20180214,000000,1.755,1.8453,1.75,1.79,10117,0
IMMP.US,D,20180215,000000,1.784,1.825,1.7639,1.825,24317,0
IMMP.US,D,20180216,000000,1.8,1.8,1.77,1.7889,10687,0
IMMP.US,D,20180220,000000,1.776,1.776,1.7242,1.73,13662,0
IMMP.US,D,20180221,000000,1.71,1.8002,1.71,1.79,20873,0
IMMP.US,D,20180222,000000,1.7986,1.829,1.78,1.79,8497,0
IMMP.US,D,20180223,000000,1.82,1.82,1.781,1.79,17429,0
IMMP.US,D,20180226,000000,1.79,1.85,1.79,1.82,29738,0
IMMP.US,D,20180227,000000,1.8,1.8298,1.8,1.8,21252,0
IMMP.US,D,20180228,000000,1.8,1.85,1.8,1.82,50673,0
IMMP.US,D,20180301,000000,1.8212,1.849,1.8,1.845,7410,0
IMMP.US,D,20180302,000000,1.79,1.86,1.79,1.85,13103,0
IMMP.US,D,20180305,000000,1.84,1.85,1.8,1.85,7997,0
IMMP.US,D,20180306,000000,1.85,1.8675,1.8,1.8675,66202,0
IMMP.US,D,20180307,000000,1.8622,1.92,1.811,1.85,56142,0
IMMP.US,D,20180308,000000,1.83,1.8943,1.83,1.84,35705,0
IMMP.US,D,20180309,000000,1.82,1.8796,1.81,1.83,20753,0
IMMP.US,D,20180312,000000,2.11,2.4499,2.04,2.131,459749,0
IMMP.US,D,20180313,000000,2.17,2.1999,1.96,2.03,73649,0
IMMP.US,D,20180314,000000,2.04,2.04,1.91,1.931,30279,0
IMMP.US,D,20180315,000000,1.97,1.97,1.88,1.9321,31465,0
IMMP.US,D,20180316,000000,2,2,1.85,1.87,55697,0
IMMP.US,D,20180319,000000,1.96,2.0027,1.8879,1.8879,74922,0
IMMP.US,D,20180320,000000,1.95,1.95,1.85,1.92,33221,0
IMMP.US,D,20180321,000000,1.92,1.92,1.85,1.8801,19771,0
IMMP.US,D,20180322,000000,1.92,1.92,1.89,1.89,21992,0
IMMP.US,D,20180323,000000,2.2,2.2,1.85,1.89,47097,0
IMMP.US,D,20180326,000000,1.89,1.89,1.78,1.81,59995,0
IMMP.US,D,20180327,000000,1.8045,1.84,1.76,1.84,16103,0
IMMP.US,D,20180328,000000,1.7832,1.849,1.77,1.81,24303,0
IMMP.US,D,20180329,000000,1.84,2.03,1.76,1.9,317553,0
IMMP.US,D,20180402,000000,1.93,1.95,1.81,1.9,23163,0
IMMP.US,D,20180403,000000,1.8568,1.8568,1.73,1.799,21585,0
IMMP.US,D,20180404,000000,1.8,1.88,1.7,1.7936,32716,0
IMMP.US,D,20180405,000000,1.76,1.87,1.76,1.77,19070,0
IMMP.US,D,20180406,000000,1.81,1.81,1.76,1.79,18234,0
IMMP.US,D,20180409,000000,1.8,1.8405,1.79,1.8,4725,0
IMMP.US,D,20180410,000000,1.87,1.93,1.87,1.93,17758,0
IMMP.US,D,20180411,000000,1.89,1.985,1.89,1.945,18679,0
IMMP.US,D,20180412,000000,1.83,1.958,1.83,1.93,4036,0
IMMP.US,D,20180413,000000,1.98,1.98,1.8,1.93,24609,0
IMMP.US,D,20180416,000000,1.8091,1.88,1.8,1.85,23823,0
IMMP.US,D,20180417,000000,1.86,1.8701,1.81,1.85,30480,0
IMMP.US,D,20180418,000000,1.84,1.86,1.84,1.84,16262,0
IMMP.US,D,20180419,000000,1.84,1.88,1.8201,1.85,11576,0
IMMP.US,D,20180420,000000,1.84,1.87,1.82,1.82,19707,0
IMMP.US,D,20180423,000000,1.82,1.86,1.81,1.84,39445,0
IMMP.US,D,20180424,000000,1.83,1.86,1.81,1.84,9244,0
IMMP.US,D,20180425,000000,1.82,1.85,1.81,1.81,21411,0
IMMP.US,D,20180426,000000,1.8,1.91,1.79,1.9,31122,0
IMMP.US,D,20180427,000000,1.871,1.9,1.87,1.87,24493,0
IMMP.US,D,20180430,000000,1.8734,1.89,1.87,1.87,35343,0
IMMP.US,D,20180501,000000,1.87,1.9,1.8101,1.85,14602,0
IMMP.US,D,20180502,000000,1.88,1.88,1.85,1.85,7952,0
IMMP.US,D,20180503,000000,1.868,2.25,1.85,1.91,215640,0
IMMP.US,D,20180504,000000,1.9445,1.97,1.9,1.95,14844,0
IMMP.US,D,20180507,000000,1.99,1.99,1.85,1.93,32589,0
IMMP.US,D,20180508,000000,1.96,1.96,1.89,1.91,6212,0
IMMP.US,D,20180509,000000,1.9,1.95,1.85,1.85,30819,0
IMMP.US,D,20180510,000000,1.89,1.9,1.8601,1.871,31894,0
IMMP.US,D,20180511,000000,1.85,1.94,1.85,1.9242,6255,0
IMMP.US,D,20180514,000000,1.95,2.14,1.9326,2.13,109256,0
IMMP.US,D,20180515,000000,2.15,2.2499,2.015,2.2,179383,0
IMMP.US,D,20180516,000000,2.2,2.22,2.1163,2.1701,128632,0
IMMP.US,D,20180517,000000,2.19,2.2224,2.13,2.13,46305,0
IMMP.US,D,20180518,000000,2.2,2.2,2.1649,2.17,13378,0
IMMP.US,D,20180521,000000,2.2,2.2,2.1034,2.2,22302,0
IMMP.US,D,20180522,000000,2.22,2.25,2.14,2.22,39589,0
IMMP.US,D,20180523,000000,2.35,2.54,2.32,2.53,91586,0
IMMP.US,D,20180524,000000,2.54,2.6599,2.48,2.58,171829,0
IMMP.US,D,20180525,000000,2.63,2.65,2.481,2.58,166196,0
IMMP.US,D,20180529,000000,2.6,2.6,2.42,2.45,153973,0
IMMP.US,D,20180530,000000,2.55,2.82,2.55,2.695,603203,0
IMMP.US,D,20180531,000000,2.75,2.92,2.75,2.899,288113,0
IMMP.US,D,20180601,000000,3.06,3.06,2.8653,2.95,145846,0
IMMP.US,D,20180604,000000,3.05,3.0513,2.56,2.79,236841,0
IMMP.US,D,20180605,000000,2.77,2.7899,2.6,2.64,136864,0
IMMP.US,D,20180606,000000,2.59,2.7,2.45,2.6,65270,0
IMMP.US,D,20180607,000000,2.48,2.64,2.48,2.6,49031,0
IMMP.US,D,20180608,000000,2.55,2.69,2.46,2.49,28675,0
IMMP.US,D,20180611,000000,2.49,2.4938,2.42,2.4299,170259,0
IMMP.US,D,20180612,000000,2.43,2.64,2.43,2.64,126241,0
IMMP.US,D,20180613,000000,2.69,2.75,2.56,2.73,146682,0
IMMP.US,D,20180614,000000,2.72,2.75,2.621,2.7,83688,0
IMMP.US,D,20180615,000000,2.75,2.75,2.6,2.725,40783,0
IMMP.US,D,20180618,000000,2.7,2.7,2.49,2.49,76456,0
IMMP.US,D,20180619,000000,2.5,2.5,2.15,2.23,246587,0
IMMP.US,D,20180620,000000,2.19,2.42,2.151,2.36,114090,0
IMMP.US,D,20180621,000000,2.34,2.42,2.29,2.3447,54152,0
IMMP.US,D,20180622,000000,2.44,2.44,2.3,2.35,31404,0
IMMP.US,D,20180625,000000,2.35,2.35,2.231,2.31,61079,0
IMMP.US,D,20180626,000000,2.29,2.35,2.2799,2.28,35593,0
IMMP.US,D,20180627,000000,2.25,2.2913,2.17,2.2,101610,0
IMMP.US,D,20180628,000000,2.23,2.35,2.18,2.35,105484,0
IMMP.US,D,20180629,000000,2.37,2.41,2.318,2.38,31322,0
IMMP.US,D,20180702,000000,2.48,2.48,2.334,2.4699,55483,0
IMMP.US,D,20180703,000000,2.45,2.47,2.351,2.45,59490,0
IMMP.US,D,20180705,000000,2.44,2.64,2.4212,2.61,169806,0
IMMP.US,D,20180706,000000,2.64,2.65,2.555,2.58,75763,0
IMMP.US,D,20180709,000000,2.64,2.75,2.6,2.7,89015,0
IMMP.US,D,20180710,000000,2.7,2.75,2.69,2.7107,65677,0
IMMP.US,D,20180711,000000,2.68,2.69,2.63,2.67,31577,0
IMMP.US,D,20180712,000000,2.6529,2.67,2.6185,2.6185,28362,0
IMMP.US,D,20180713,000000,2.6101,2.66,2.578,2.6,14623,0
IMMP.US,D,20180716,000000,2.58,2.625,2.5325,2.54,24561,0
IMMP.US,D,20180717,000000,2.59,2.64,2.55,2.64,23818,0
IMMP.US,D,20180718,000000,2.64,2.67,2.6,2.63,16497,0
IMMP.US,D,20180719,000000,2.6,2.6,2.58,2.58,10290,0
IMMP.US,D,20180720,000000,2.58,2.6,2.58,2.6,31687,0
IMMP.US,D,20180723,000000,2.6,2.63,2.58,2.6,20712,0
IMMP.US,D,20180724,000000,2.55,2.55,2.4501,2.47,71937,0
IMMP.US,D,20180725,000000,2.45,2.53,2.45,2.47,23348,0
IMMP.US,D,20180726,000000,2.48,2.6231,2.35,2.5,101508,0
IMMP.US,D,20180727,000000,2.52,2.535,2.3821,2.5,134480,0
IMMP.US,D,20180730,000000,2.54,2.6,2.45,2.6,23204,0
IMMP.US,D,20180731,000000,2.5,2.5,2.41,2.48,83760,0
IMMP.US,D,20180801,000000,2.48,2.5,2.37,2.5,35504,0
IMMP.US,D,20180802,000000,2.48,2.65,2.48,2.62,36512,0
IMMP.US,D,20180803,000000,2.65,2.7,2.56,2.7,49954,0
IMMP.US,D,20180806,000000,2.72,2.75,2.54,2.72,55748,0
IMMP.US,D,20180807,000000,2.7,2.74,2.53,2.54,10375,0
IMMP.US,D,20180808,000000,2.56,2.75,2.55,2.75,32016,0
IMMP.US,D,20180809,000000,2.7,2.75,2.62,2.62,30513,0
IMMP.US,D,20180810,000000,2.72,2.72,2.61,2.66,8095,0
IMMP.US,D,20180813,000000,2.63,2.66,2.585,2.63,17686,0
IMMP.US,D,20180814,000000,2.6,2.6,2.43,2.51,41670,0
IMMP.US,D,20180815,000000,2.49,2.53,2.45,2.45,20526,0
IMMP.US,D,20180816,000000,2.5,2.56,2.35,2.45,25915,0
IMMP.US,D,20180817,000000,2.3997,2.6,2.3501,2.56,31170,0
IMMP.US,D,20180820,000000,2.5164,2.57,2.43,2.56,4818,0
IMMP.US,D,20180821,000000,2.4953,2.59,2.4384,2.5,14670,0
IMMP.US,D,20180822,000000,2.45,2.55,2.45,2.46,21410,0
IMMP.US,D,20180823,000000,2.5,2.55,2.46,2.53,11478,0
IMMP.US,D,20180824,000000,2.5349,2.55,2.465,2.52,43376,0
IMMP.US,D,20180827,000000,2.49,2.55,2.49,2.5,22929,0
IMMP.US,D,20180828,000000,2.52,2.54,2.4801,2.53,7074,0
IMMP.US,D,20180829,000000,2.54,2.75,2.5355,2.66,152036,0
IMMP.US,D,20180830,000000,2.66,2.94,2.6309,2.8,265565,0
IMMP.US,D,20180831,000000,2.7,2.74,2.35,2.61,183036,0
IMMP.US,D,20180904,000000,2.68,2.7,2.55,2.59,83064,0
IMMP.US,D,20180905,000000,2.6,3.04,2.5201,2.9,436073,0
IMMP.US,D,20180906,000000,3,3.359,2.76,3.06,731467,0
IMMP.US,D,20180907,000000,3.08,3.08,2.84,3.02,226713,0
IMMP.US,D,20180910,000000,3,3.28,2.817,3.19,392991,0
IMMP.US,D,20180911,000000,3.2,3.27,3.01,3.04,100378,0
IMMP.US,D,20180912,000000,2.99,3.25,2.91,3.15,168036,0
IMMP.US,D,20180913,000000,3.2,3.2,3.04,3.06,70611,0
IMMP.US,D,20180914,000000,3.02,3.18,3.0101,3.13,56960,0
IMMP.US,D,20180917,000000,3.07,3.13,3,3.03,114558,0
IMMP.US,D,20180918,000000,3,3.015,2.93,2.93,104341,0
IMMP.US,D,20180919,000000,2.901,3.15,2.72,3.08,207134,0
IMMP.US,D,20180920,000000,3.05,3.18,2.95,3.05,154316,0
IMMP.US,D,20180921,000000,3.1,3.1899,2.9502,3.01,97263,0
IMMP.US,D,20180924,000000,3.25,3.2799,3.1265,3.22,120074,0
IMMP.US,D,20180925,000000,3.31,3.92,3.1593,3.62,788318,0
IMMP.US,D,20180926,000000,3.58,3.68,3.4235,3.56,342919,0
IMMP.US,D,20180927,000000,3.55,3.55,3.2803,3.3401,174454,0
IMMP.US,D,20180928,000000,3.7,3.93,3.4285,3.7,827530,0
IMMP.US,D,20181001,000000,3.81,4.21,3.75,3.9,651164,0
IMMP.US,D,20181002,000000,3.94,3.95,3.6,3.77,225561,0
IMMP.US,D,20181003,000000,3.8,3.8,3.6136,3.75,129234,0
IMMP.US,D,20181004,000000,3.72,3.72,3.5,3.51,182189,0
IMMP.US,D,20181005,000000,3.5,3.57,3.3,3.46,226038,0
IMMP.US,D,20181008,000000,3.45,3.46,3.03,3.21,224349,0
IMMP.US,D,20181009,000000,3.17,3.33,3.1101,3.15,87490,0
IMMP.US,D,20181010,000000,3.12,3.21,2.9,2.9,145356,0
IMMP.US,D,20181011,000000,2.85,3.1863,2.82,3.02,118346,0
IMMP.US,D,20181012,000000,3.13,3.2,3.02,3.02,57705,0
IMMP.US,D,20181015,000000,3,3.14,2.96,3,78284,0
IMMP.US,D,20181016,000000,3.05,3.18,3.01,3.16,70352,0
IMMP.US,D,20181017,000000,3.18,3.3703,3.152,3.32,60865,0
IMMP.US,D,20181018,000000,3.32,3.4252,3.21,3.39,140547,0
IMMP.US,D,20181019,000000,3.39,3.41,3.18,3.23,52149,0
IMMP.US,D,20181022,000000,3.2,3.31,3,3.05,77659,0
IMMP.US,D,20181023,000000,3.07,3.11,2.8877,3.03,80238,0
IMMP.US,D,20181024,000000,3.01,3.03,2.83,2.83,94199,0
IMMP.US,D,20181025,000000,2.74,2.94,2.7,2.89,76508,0
IMMP.US,D,20181026,000000,2.88,3.01,2.88,3.01,33001,0
IMMP.US,D,20181029,000000,3.01,3.02,2.91,2.92,97960,0
IMMP.US,D,20181030,000000,2.91,3,2.8712,2.99,21575,0
IMMP.US,D,20181031,000000,2.92,3.03,2.8,3,95470,0
IMMP.US,D,20181101,000000,2.95,3.15,2.95,3.14,41671,0
IMMP.US,D,20181102,000000,3.1,3.2973,3.1,3.18,60325,0
IMMP.US,D,20181105,000000,3.2816,3.39,3.2216,3.27,53217,0
IMMP.US,D,20181106,000000,3.27,3.33,3.1351,3.3,46979,0
IMMP.US,D,20181107,000000,3.31,3.33,3.12,3.31,20617,0
IMMP.US,D,20181108,000000,3.26,3.34,3.2,3.2,43976,0
IMMP.US,D,20181109,000000,3.21,3.28,3.08,3.22,57349,0
IMMP.US,D,20181112,000000,3.12,3.1356,2.8,2.99,161334,0
IMMP.US,D,20181113,000000,2.9727,3.0162,2.7,2.72,261372,0
IMMP.US,D,20181114,000000,2.8,2.82,2.62,2.79,158124,0
IMMP.US,D,20181115,000000,2.75,2.7962,2.6706,2.72,81517,0
IMMP.US,D,20181116,000000,2.75,2.75,2.63,2.68,71001,0
IMMP.US,D,20181119,000000,2.65,2.6725,2.61,2.61,31071,0
IMMP.US,D,20181120,000000,2.61,2.6502,2.59,2.59,18092,0
IMMP.US,D,20181121,000000,2.59,2.65,2.5834,2.6173,46026,0
IMMP.US,D,20181123,000000,2.74,2.86,2.71,2.77,18607,0
IMMP.US,D,20181126,000000,2.8,2.8,2.66,2.66,15644,0
IMMP.US,D,20181127,000000,2.61,2.65,2.55,2.63,38386,0
IMMP.US,D,20181128,000000,2.6,2.72,2.56,2.7017,52898,0
IMMP.US,D,20181129,000000,2.69,2.75,2.59,2.59,17018,0
IMMP.US,D,20181130,000000,2.71,2.71,2.56,2.65,25888,0
IMMP.US,D,20181203,000000,2.64,2.77,2.6156,2.67,15527,0
IMMP.US,D,20181204,000000,2.71,2.72,2.555,2.72,19739,0
IMMP.US,D,20181206,000000,2.7,2.7161,2.52,2.54,41896,0
IMMP.US,D,20181207,000000,2.54,2.6,2.42,2.43,37837,0
IMMP.US,D,20181210,000000,2.41,2.4117,2.31,2.41,40809,0
IMMP.US,D,20181211,000000,2.39,2.5,2.34,2.34,74061,0
IMMP.US,D,20181212,000000,2.3976,2.4,2.3,2.32,47060,0
IMMP.US,D,20181213,000000,2.32,2.38,2.31,2.32,42796,0
IMMP.US,D,20181214,000000,2.33,2.4062,2.32,2.34,13220,0
IMMP.US,D,20181217,000000,2.32,2.3878,2.2,2.22,81706,0
IMMP.US,D,20181218,000000,2.2211,2.24,2.2,2.23,64497,0
IMMP.US,D,20181219,000000,2.17,2.3,2.07,2.12,77574,0
IMMP.US,D,20181220,000000,2.11,2.12,1.95,1.99,60496,0
IMMP.US,D,20181221,000000,1.94,2,1.88,1.91,68418,0
IMMP.US,D,20181224,000000,1.89,2,1.86,1.91,36196,0
IMMP.US,D,20181226,000000,1.92,2,1.84,1.89,64732,0
IMMP.US,D,20181227,000000,1.87,1.87,1.77,1.85,85909,0
IMMP.US,D,20181228,000000,1.86,2.1899,1.82,1.89,36206,0
IMMP.US,D,20181231,000000,1.81,1.95,1.809,1.84,40043,0
IMMP.US,D,20190102,000000,1.85,2.0995,1.8408,2.04,20676,0
IMMP.US,D,20190103,000000,2.08,2.08,2.0353,2.05,12009,0
IMMP.US,D,20190104,000000,2.06,2.28,2.06,2.15,39202,0
IMMP.US,D,20190107,000000,2.34,2.34,2.0402,2.15,64581,0
IMMP.US,D,20190108,000000,2.1148,2.15,2.08,2.1399,24119,0
IMMP.US,D,20190109,000000,2.18,2.3107,2.15,2.18,41949,0
IMMP.US,D,20190110,000000,2.19,2.2,2.11,2.15,9183,0
IMMP.US,D,20190111,000000,2.19,2.27,2.19,2.22,21646,0
IMMP.US,D,20190114,000000,2.2,2.3,2.18,2.25,14097,0
IMMP.US,D,20190115,000000,2.22,2.33,2.22,2.28,3316,0
IMMP.US,D,20190116,000000,2.3,2.3,2.2049,2.25,16888,0
IMMP.US,D,20190117,000000,2.21,2.25,2.15,2.25,1771,0
IMMP.US,D,20190118,000000,2.29,2.29,2.1599,2.18,16145,0
IMMP.US,D,20190122,000000,2.15,2.1748,2.09,2.1688,15761,0
IMMP.US,D,20190123,000000,2.13,2.2,2.08,2.2,23508,0
IMMP.US,D,20190124,000000,2.08,2.22,2.08,2.08,9607,0
IMMP.US,D,20190125,000000,2.08,2.15,2.065,2.1,30267,0
IMMP.US,D,20190128,000000,2.1,2.14,2.05,2.13,16991,0
IMMP.US,D,20190129,000000,2.1273,2.21,2.06,2.1312,37737,0
IMMP.US,D,20190130,000000,2.13,2.2697,2.13,2.21,90224,0
IMMP.US,D,20190131,000000,2.29,2.3684,2.2,2.23,22213,0
IMMP.US,D,20190201,000000,2.3192,2.321,2.2,2.2,7473,0
IMMP.US,D,20190204,000000,2.2,2.31,2.2,2.2,6496,0
IMMP.US,D,20190205,000000,2.2,2.24,2.136,2.15,29979,0
IMMP.US,D,20190206,000000,2.16,2.24,2.16,2.18,17346,0
IMMP.US,D,20190207,000000,2.2,2.25,2.19,2.21,17534,0
IMMP.US,D,20190208,000000,2.25,2.3,2.19,2.3,15265,0
IMMP.US,D,20190211,000000,2.31,2.32,2.11,2.16,21166,0
IMMP.US,D,20190212,000000,2.22,2.2399,2.13,2.14,5930,0
IMMP.US,D,20190213,000000,2.23,2.2498,2.14,2.14,32372,0
IMMP.US,D,20190214,000000,2.14,2.22,2.14,2.17,4339,0
IMMP.US,D,20190215,000000,2.14,2.2326,2.07,2.19,61816,0
IMMP.US,D,20190219,000000,2.17,2.2,2.09,2.11,31416,0
IMMP.US,D,20190220,000000,2.12,2.15,2.11,2.12,15062,0
IMMP.US,D,20190221,000000,2.11,2.12,2.01,2.03,36975,0
IMMP.US,D,20190222,000000,2.02,2.15,2,2,39805,0
IMMP.US,D,20190225,000000,1.99,2,1.95,1.97,81221,0
IMMP.US,D,20190226,000000,2.03,2.18,2,2.15,78001,0
IMMP.US,D,20190227,000000,2.1525,2.25,2.11,2.18,46374,0
IMMP.US,D,20190228,000000,2.25,2.43,2.21,2.22,430187,0
IMMP.US,D,20190301,000000,2.2,2.4,2.1947,2.34,101092,0
IMMP.US,D,20190304,000000,2.33,2.5,2.2521,2.36,135169,0
IMMP.US,D,20190305,000000,2.36,2.5,2.34,2.43,132273,0
IMMP.US,D,20190306,000000,2.49,2.5668,2.201,2.32,125892,0
IMMP.US,D,20190307,000000,2.31,2.42,2.26,2.29,58094,0
IMMP.US,D,20190308,000000,2.37,2.52,2.33,2.43,70705,0
IMMP.US,D,20190311,000000,2.42,2.42,2.27,2.31,29727,0
IMMP.US,D,20190312,000000,2.35,2.35,2.26,2.29,32864,0
IMMP.US,D,20190313,000000,2.29,2.3618,2.29,2.3,17772,0
IMMP.US,D,20190314,000000,2.3081,2.3081,2.25,2.29,23965,0
IMMP.US,D,20190315,000000,2.3,2.3,2.22,2.28,39055,0
IMMP.US,D,20190318,000000,2.31,2.38,2.28,2.38,18542,0
IMMP.US,D,20190319,000000,2.41,2.41,2.36,2.36,29835,0
IMMP.US,D,20190320,000000,2.36,2.5578,2.36,2.405,156160,0
IMMP.US,D,20190321,000000,2.36,2.43,2.24,2.24,50270,0
IMMP.US,D,20190322,000000,3.22,3.23,2.52,2.57,11700189,0
IMMP.US,D,20190325,000000,2.4,2.545,2.29,2.4,639777,0
IMMP.US,D,20190326,000000,2.4,2.4,2.26,2.28,275001,0
IMMP.US,D,20190327,000000,2.33,2.33,2.15,2.21,284542,0
IMMP.US,D,20190328,000000,2.2,2.28,2.12,2.2,143616,0
IMMP.US,D,20190329,000000,2.19,2.26,2.18,2.18,96528,0
IMMP.US,D,20190401,000000,2.18,2.2,2.11,2.16,93642,0
IMMP.US,D,20190402,000000,2.17,2.22,2.15,2.16,75707,0
IMMP.US,D,20190403,000000,2.18,2.19,2.01,2.07,194517,0
IMMP.US,D,20190404,000000,2.05,2.165,2.05,2.09,82178,0
IMMP.US,D,20190405,000000,2.09,2.09,2.02,2.0501,90747,0
IMMP.US,D,20190408,000000,2.04,2.1005,2.02,2.05,108710,0
IMMP.US,D,20190409,000000,2.02,2.04,1.95,1.98,79687,0
IMMP.US,D,20190410,000000,1.98,2.045,1.9716,1.98,42319,0
IMMP.US,D,20190411,000000,2,2.03,1.95,2,78553,0
IMMP.US,D,20190412,000000,1.99,1.99,1.91,1.91,76258,0
IMMP.US,D,20190415,000000,1.93,1.966,1.86,1.89,113770,0
IMMP.US,D,20190416,000000,1.88,2,1.86,1.94,44821,0
IMMP.US,D,20190417,000000,2.0048,2.0048,1.86,1.88,89249,0
IMMP.US,D,20190418,000000,1.87,1.97,1.85,1.9,49888,0
IMMP.US,D,20190422,000000,1.91,1.96,1.8941,1.91,35932,0
IMMP.US,D,20190423,000000,1.93,1.99,1.9047,1.97,43048,0
IMMP.US,D,20190424,000000,1.95,1.96,1.9,1.9,48151,0
IMMP.US,D,20190425,000000,1.99,1.99,1.9,1.91,17904,0
IMMP.US,D,20190426,000000,1.9305,1.9452,1.9,1.92,18746,0
IMMP.US,D,20190429,000000,1.91,1.9672,1.8817,1.9,14335,0
IMMP.US,D,20190430,000000,1.94,1.97,1.9,1.9,21362,0
IMMP.US,D,20190501,000000,1.99,1.99,1.82,1.84,92096,0
IMMP.US,D,20190502,000000,1.9157,1.92,1.83,1.89,35445,0
IMMP.US,D,20190503,000000,1.87,1.94,1.87,1.89,29432,0
IMMP.US,D,20190506,000000,1.85,1.94,1.85,1.94,6710,0
IMMP.US,D,20190507,000000,1.9,1.93,1.86,1.89,39511,0
IMMP.US,D,20190508,000000,1.91,1.93,1.9,1.9,26872,0
IMMP.US,D,20190509,000000,1.91,1.9649,1.88,1.95,51411,0
IMMP.US,D,20190510,000000,1.8612,1.95,1.8612,1.93,10372,0
IMMP.US,D,20190513,000000,1.91,1.95,1.9,1.94,35417,0
IMMP.US,D,20190514,000000,1.94,1.97,1.92,1.97,22030,0
IMMP.US,D,20190515,000000,1.94,1.99,1.931,1.99,20196,0
IMMP.US,D,20190516,000000,1.97,2.05,1.93,2.02,42522,0
IMMP.US,D,20190517,000000,2.03,2.0499,1.92,1.96,30957,0
IMMP.US,D,20190520,000000,1.974,1.974,1.89,1.89,11220,0
IMMP.US,D,20190521,000000,1.9,1.9614,1.9,1.93,4450,0
IMMP.US,D,20190522,000000,1.9132,1.96,1.867,1.9,32025,0
IMMP.US,D,20190523,000000,1.99,1.99,1.885,1.9,19051,0
IMMP.US,D,20190524,000000,1.9101,2,1.8942,1.99,14891,0
IMMP.US,D,20190528,000000,1.99,1.99,1.92,1.98,2092,0
IMMP.US,D,20190529,000000,1.95,1.98,1.94,1.98,19710,0
IMMP.US,D,20190530,000000,1.94,1.98,1.91,1.97,31791,0
IMMP.US,D,20190531,000000,1.9224,1.97,1.9196,1.94,6690,0
IMMP.US,D,20190603,000000,1.91,1.94,1.88,1.9,11529,0
IMMP.US,D,20190604,000000,1.9,1.9,1.83,1.83,26640,0
IMMP.US,D,20190605,000000,1.82,1.83,1.75,1.76,29099,0
IMMP.US,D,20190606,000000,1.77,1.82,1.71,1.74,70991,0
IMMP.US,D,20190607,000000,1.7827,1.7827,1.71,1.7775,43452,0
IMMP.US,D,20190610,000000,1.77,1.85,1.77,1.85,6561,0
IMMP.US,D,20190611,000000,1.85,1.85,1.77,1.77,10372,0
IMMP.US,D,20190612,000000,1.78,1.84,1.77,1.78,5990,0
IMMP.US,D,20190613,000000,1.84,1.84,1.79,1.79,1000,0
IMMP.US,D,20190614,000000,1.8196,1.82,1.75,1.75,31541,0
IMMP.US,D,20190617,000000,1.75,1.93,1.75,1.91,26985,0
IMMP.US,D,20190618,000000,1.8364,1.94,1.8364,1.94,4177,0
IMMP.US,D,20190619,000000,1.95,1.95,1.79,1.8357,3527,0
IMMP.US,D,20190620,000000,1.88,1.88,1.79,1.85,12313,0
IMMP.US,D,20190621,000000,1.8,1.9,1.795,1.8,22548,0
IMMP.US,D,20190624,000000,1.85,1.9,1.74,1.8,36292,0
IMMP.US,D,20190625,000000,1.84,1.85,1.83,1.83,1814,0
IMMP.US,D,20190626,000000,1.81,1.83,1.76,1.78,37753,0
IMMP.US,D,20190627,000000,1.76,1.8299,1.75,1.8299,54567,0
IMMP.US,D,20190628,000000,1.8,1.83,1.8,1.8191,4046,0
IMMP.US,D,20190701,000000,1.8,1.85,1.72,1.72,8057,0
IMMP.US,D,20190702,000000,1.73,1.91,1.72,1.7823,111112,0
IMMP.US,D,20190703,000000,1.737,1.795,1.7315,1.76,20647,0
IMMP.US,D,20190709,000000,1.64,1.64,1.4804,1.56,123812,0
IMMP.US,D,20190710,000000,1.62,1.64,1.56,1.61,35695,0
IMMP.US,D,20190711,000000,1.637,1.93,1.63,1.7348,45611,0
IMMP.US,D,20190712,000000,1.69,1.85,1.69,1.73,20452,0
IMMP.US,D,20190715,000000,1.71,1.7774,1.71,1.71,7058,0
IMMP.US,D,20190716,000000,1.71,1.75,1.7,1.75,15911,0
IMMP.US,D,20190717,000000,1.7734,1.8,1.73,1.73,7885,0
IMMP.US,D,20190718,000000,1.7299,1.77,1.71,1.7299,24096,0
IMMP.US,D,20190719,000000,1.7,1.7311,1.63,1.69,65857,0
IMMP.US,D,20190722,000000,1.73,1.73,1.61,1.7,5531,0
IMMP.US,D,20190723,000000,1.7,1.7,1.6,1.62,100235,0
IMMP.US,D,20190724,000000,1.61,1.7,1.56,1.59,55139,0
IMMP.US,D,20190725,000000,1.55,1.64,1.54,1.54,26107,0
IMMP.US,D,20190726,000000,1.61,1.65,1.58,1.61,15418,0
IMMP.US,D,20190729,000000,1.57,1.5823,1.51,1.51,19014,0
IMMP.US,D,20190730,000000,1.54,1.55,1.48,1.5106,21650,0
IMMP.US,D,20190731,000000,1.53,1.59,1.52,1.5356,10483,0
IMMP.US,D,20190801,000000,1.53,1.54,1.52,1.52,8971,0
IMMP.US,D,20190802,000000,1.52,1.52,1.48,1.4865,12774,0
IMMP.US,D,20190805,000000,1.44,1.537,1.27,1.27,70582,0
IMMP.US,D,20190806,000000,1.365,1.44,1.3,1.365,23283,0
IMMP.US,D,20190807,000000,1.3266,1.43,1.3266,1.4,49824,0
IMMP.US,D,20190808,000000,1.39,1.5,1.37,1.4286,42423,0
IMMP.US,D,20190809,000000,1.38,1.52,1.38,1.39,31775,0
IMMP.US,D,20190812,000000,1.428,1.47,1.38,1.45,13194,0
IMMP.US,D,20190813,000000,1.39,1.51,1.38,1.43,11337,0
IMMP.US,D,20190814,000000,1.46,1.46,1.31,1.35,74743,0
IMMP.US,D,20190815,000000,1.44,1.44,1.36,1.4,29769,0
IMMP.US,D,20190816,000000,1.38,1.48,1.37,1.48,19591,0
IMMP.US,D,20190819,000000,1.51,1.51,1.4372,1.49,13278,0
IMMP.US,D,20190820,000000,1.52,1.52,1.42,1.4757,20317,0
IMMP.US,D,20190821,000000,1.44,1.5066,1.38,1.4229,20462,0
IMMP.US,D,20190822,000000,1.4629,1.488,1.38,1.4422,50294,0
IMMP.US,D,20190823,000000,1.47,1.47,1.4,1.44,2818,0
IMMP.US,D,20190826,000000,1.44,1.4899,1.38,1.44,8162,0
IMMP.US,D,20190827,000000,1.3973,1.49,1.38,1.44,1990,0
IMMP.US,D,20190828,000000,1.44,1.49,1.3801,1.3999,20145,0
IMMP.US,D,20190829,000000,1.3813,1.3914,1.365,1.39,12293,0
IMMP.US,D,20190830,000000,1.38,1.453,1.38,1.4193,9003,0
IMMP.US,D,20190903,000000,1.42,1.51,1.42,1.51,3960,0
IMMP.US,D,20190904,000000,1.51,1.51,1.42,1.43,15449,0
IMMP.US,D,20190905,000000,1.52,1.52,1.4552,1.4979,7493,0
IMMP.US,D,20190906,000000,1.47,1.47,1.42,1.42,39219,0
IMMP.US,D,20190909,000000,1.4983,1.4983,1.42,1.46,14869,0
IMMP.US,D,20190910,000000,1.46,1.5,1.46,1.496,14510,0
IMMP.US,D,20190911,000000,1.5,1.5,1.4612,1.5,5698,0
IMMP.US,D,20190912,000000,1.52,1.5399,1.48,1.5,87903,0
IMMP.US,D,20190913,000000,1.5,1.5399,1.49,1.49,17229,0
IMMP.US,D,20190916,000000,1.5,1.54,1.4478,1.4478,48207,0
IMMP.US,D,20190917,000000,1.48,1.52,1.48,1.51,69155,0
IMMP.US,D,20190918,000000,1.5,1.5126,1.45,1.482,54120,0
IMMP.US,D,20190919,000000,1.54,1.65,1.5,1.5381,140937,0
IMMP.US,D,20190920,000000,1.52,1.68,1.47,1.51,46285,0
IMMP.US,D,20190923,000000,1.74,1.74,1.57,1.5983,60971,0
IMMP.US,D,20190924,000000,1.56,1.56,1.5001,1.54,55064,0
IMMP.US,D,20190925,000000,1.5075,1.53,1.503,1.5111,6086,0
IMMP.US,D,20190926,000000,1.57,1.58,1.46,1.5,109629,0
IMMP.US,D,20190927,000000,1.52,1.69,1.5,1.6,18784,0
IMMP.US,D,20190930,000000,1.6076,1.6299,1.55,1.605,13323,0
IMMP.US,D,20191001,000000,1.6573,1.6573,1.6,1.65,9531,0
IMMP.US,D,20191002,000000,1.7,1.7416,1.6722,1.7064,43521,0
IMMP.US,D,20191003,000000,1.69,1.72,1.63,1.7091,21676,0
IMMP.US,D,20191004,000000,1.74,1.75,1.63,1.7,17262,0
IMMP.US,D,20191007,000000,1.68,1.72,1.6236,1.68,8895,0
IMMP.US,D,20191008,000000,1.6101,1.69,1.6101,1.63,3726,0
IMMP.US,D,20191009,000000,1.62,1.7,1.6,1.66,8825,0
IMMP.US,D,20191010,000000,1.66,1.7085,1.66,1.685,54288,0
IMMP.US,D,20191011,000000,1.6646,1.69,1.6101,1.66,11508,0
IMMP.US,D,20191014,000000,1.7,1.7,1.65,1.67,73101,0
IMMP.US,D,20191015,000000,1.9,1.9238,1.8,1.84,533742,0
IMMP.US,D,20191016,000000,1.81,1.85,1.8008,1.85,26949,0
IMMP.US,D,20191017,000000,1.85,1.85,1.7873,1.85,25989,0
IMMP.US,D,20191018,000000,1.8342,1.85,1.8202,1.85,3788,0
IMMP.US,D,20191021,000000,1.87,1.87,1.8,1.85,39912,0
IMMP.US,D,20191022,000000,1.85,1.85,1.8172,1.83,5625,0
IMMP.US,D,20191023,000000,1.84,1.85,1.83,1.85,19740,0
IMMP.US,D,20191024,000000,1.85,1.85,1.83,1.85,55578,0
IMMP.US,D,20191025,000000,1.85,1.85,1.84,1.8412,76413,0
IMMP.US,D,20191028,000000,1.85,1.85,1.84,1.85,65954,0
IMMP.US,D,20191029,000000,1.85,1.85,1.8,1.85,26963,0
IMMP.US,D,20191030,000000,1.81,1.85,1.81,1.84,26464,0
IMMP.US,D,20191031,000000,1.8,1.85,1.8,1.85,27829,0
IMMP.US,D,20191101,000000,1.8875,1.95,1.8875,1.9,44852,0
IMMP.US,D,20191104,000000,1.9,1.9,1.8701,1.88,17070,0
IMMP.US,D,20191105,000000,1.89,1.9,1.8693,1.9,14568,0
IMMP.US,D,20191106,000000,1.9,1.9,1.8736,1.88,57205,0
IMMP.US,D,20191107,000000,1.89,1.9419,1.86,1.86,23900,0
IMMP.US,D,20191108,000000,1.91,1.91,1.8,1.9,87643,0
IMMP.US,D,20191111,000000,1.91,1.94,1.868,1.9,6419,0
IMMP.US,D,20191112,000000,1.9499,1.9499,1.843,1.9,7627,0
IMMP.US,D,20191113,000000,1.8676,1.8999,1.74,1.82,63069,0
IMMP.US,D,20191114,000000,1.8,1.8,1.62,1.73,76412,0
IMMP.US,D,20191115,000000,1.71,1.8057,1.71,1.8057,10307,0
IMMP.US,D,20191118,000000,1.795,1.86,1.74,1.74,31281,0
IMMP.US,D,20191119,000000,1.72,1.81,1.66,1.7,19671,0
IMMP.US,D,20191120,000000,1.78,1.88,1.78,1.83,23310,0
IMMP.US,D,20191121,000000,1.8442,1.8442,1.67,1.68,23553,0
IMMP.US,D,20191122,000000,1.71,1.79,1.71,1.78,8471,0
IMMP.US,D,20191125,000000,1.75,1.85,1.74,1.74,20739,0
IMMP.US,D,20191126,000000,1.65,1.73,1.65,1.73,9843,0
IMMP.US,D,20191127,000000,1.74,1.81,1.65,1.68,21722,0
IMMP.US,D,20191129,000000,1.6999,1.74,1.68,1.74,17577,0
IMMP.US,D,20191202,000000,1.67,1.7288,1.655,1.69,32915,0
IMMP.US,D,20191203,000000,1.73,1.73,1.68,1.69,8355,0
IMMP.US,D,20191204,000000,1.72,1.73,1.63,1.63,17887,0
IMMP.US,D,20191205,000000,1.66,1.71,1.635,1.7,11083,0
IMMP.US,D,20191206,000000,1.7,1.7391,1.66,1.66,16430,0
IMMP.US,D,20191209,000000,1.7,1.71,1.62,1.67,44645,0
IMMP.US,D,20191210,000000,1.659,1.68,1.598,1.6,42448,0
IMMP.US,D,20191211,000000,1.63,1.6842,1.61,1.62,20589,0
IMMP.US,D,20191212,000000,1.66,1.69,1.61,1.69,39862,0
IMMP.US,D,20191213,000000,1.69,1.85,1.6501,1.7,30794,0
IMMP.US,D,20191216,000000,1.67,1.69,1.6345,1.68,25172,0
IMMP.US,D,20191217,000000,1.68,1.8298,1.65,1.76,53896,0
IMMP.US,D,20191218,000000,1.72,1.78,1.65,1.74,37402,0
IMMP.US,D,20191219,000000,1.7,1.75,1.63,1.64,81183,0
IMMP.US,D,20191220,000000,1.68,1.69,1.61,1.61,44015,0
IMMP.US,D,20191223,000000,1.61,1.69,1.61,1.69,45473,0
IMMP.US,D,20191224,000000,1.66,1.73,1.61,1.655,18001,0
IMMP.US,D,20191226,000000,1.64,1.75,1.64,1.716,13285,0
IMMP.US,D,20191227,000000,1.72,1.78,1.68,1.76,38310,0
IMMP.US,D,20191230,000000,1.73,1.855,1.71,1.7394,96359,0
IMMP.US,D,20191231,000000,1.8,1.8801,1.74,1.79,85485,0
IMMP.US,D,20200102,000000,1.8,1.87,1.8,1.85,15361,0
IMMP.US,D,20200103,000000,1.85,1.8814,1.71,1.84,24125,0
IMMP.US,D,20200106,000000,1.79,1.85,1.76,1.78,32374,0
IMMP.US,D,20200107,000000,1.75,1.84,1.75,1.79,75606,0
IMMP.US,D,20200108,000000,1.76,1.85,1.75,1.82,81372,0
IMMP.US,D,20200109,000000,1.89,1.92,1.83,1.89,130036,0
IMMP.US,D,20200110,000000,1.89,2.1599,1.89,2.05,271730,0
IMMP.US,D,20200113,000000,2.13,2.146,2,2.08,161117,0
IMMP.US,D,20200114,000000,2.1,2.13,2.08,2.09,92166,0
IMMP.US,D,20200115,000000,2.12,2.14,2.0141,2.06,63990,0
IMMP.US,D,20200116,000000,2.11,2.15,2.0675,2.11,55658,0
IMMP.US,D,20200117,000000,2.15,2.2,2.13,2.15,82849,0
IMMP.US,D,20200121,000000,2.25,2.25,2.05,2.09,131779,0
IMMP.US,D,20200122,000000,2.14,2.15,2.04,2.04,66417,0
IMMP.US,D,20200123,000000,2.06,2.09,1.9764,2.0125,63851,0
IMMP.US,D,20200124,000000,1.98,2.04,1.9601,1.99,29520,0
IMMP.US,D,20200127,000000,2.01,2.075,1.92,1.95,144055,0
IMMP.US,D,20200128,000000,2.01,2.03,1.92,2,97740,0
IMMP.US,D,20200129,000000,2.09,2.55,2.05,2.4,789503,0
IMMP.US,D,20200130,000000,2.45,2.5011,2.3,2.3,502334,0
IMMP.US,D,20200131,000000,2.31,2.3799,2.1,2.23,260247,0
IMMP.US,D,20200203,000000,2.24,2.29,2.17,2.2,137297,0
IMMP.US,D,20200204,000000,2.3,2.46,2.22,2.25,426126,0
IMMP.US,D,20200205,000000,2.28,2.36,2.27,2.35,90523,0
IMMP.US,D,20200206,000000,2.39,2.58,2.3,2.4,266879,0
IMMP.US,D,20200207,000000,2.45,2.54,2.4,2.44,158898,0
IMMP.US,D,20200210,000000,2.55,2.55,2.32,2.37,235689,0
IMMP.US,D,20200211,000000,2.47,2.69,2.47,2.57,458898,0
IMMP.US,D,20200212,000000,2.62,2.75,2.6,2.64,215200,0
IMMP.US,D,20200213,000000,2.64,2.71,2.576,2.62,184634,0
IMMP.US,D,20200214,000000,2.8,2.81,2.65,2.665,327395,0
IMMP.US,D,20200218,000000,2.8,3.1,2.8,3.03,991570,0
IMMP.US,D,20200219,000000,3.05,3.05,2.67,2.87,686991,0
IMMP.US,D,20200220,000000,2.78,2.94,2.63,2.68,358361,0
IMMP.US,D,20200221,000000,2.69,2.85,2.68,2.81,197190,0
IMMP.US,D,20200224,000000,2.73,2.9,2.63,2.88,453953,0
IMMP.US,D,20200225,000000,2.9,2.9258,2.66,2.72,304643,0
IMMP.US,D,20200226,000000,2.7,2.75,2.57,2.71,190502,0
IMMP.US,D,20200227,000000,2.61,2.61,2.4,2.46,235852,0
IMMP.US,D,20200228,000000,2.28,2.34,2.1209,2.254,371838,0
IMMP.US,D,20200302,000000,2.34,2.58,2.21,2.5,134813,0
IMMP.US,D,20200303,000000,2.56,2.64,2.36,2.4,305255,0
IMMP.US,D,20200304,000000,2.4409,2.51,2.35,2.45,114502,0
IMMP.US,D,20200305,000000,2.47,2.47,2.3484,2.43,119886,0
IMMP.US,D,20200306,000000,2.3501,2.59,2.34,2.4,154803,0
IMMP.US,D,20200309,000000,2.3,2.4,2.12,2.16,230650,0
IMMP.US,D,20200310,000000,2.38,2.38,2.1775,2.32,180359,0
IMMP.US,D,20200311,000000,2.18,2.28,2.1,2.13,181339,0
IMMP.US,D,20200312,000000,1.95,1.95,1.7,1.79,348561,0
IMMP.US,D,20200313,000000,1.9,1.91,1.76,1.91,147136,0
IMMP.US,D,20200316,000000,1.85,1.9,1.6634,1.768,86079,0
IMMP.US,D,20200317,000000,1.77,2.14,1.77,1.95,161624,0
IMMP.US,D,20200318,000000,1.85,1.9,1.7,1.82,149404,0
IMMP.US,D,20200319,000000,1.75,1.75,1.57,1.71,258095,0
IMMP.US,D,20200320,000000,1.85,1.89,1.73,1.84,93142,0
IMMP.US,D,20200323,000000,1.801,1.84,1.7065,1.76,66598,0
IMMP.US,D,20200324,000000,1.771,2.11,1.77,1.85,214800,0
IMMP.US,D,20200325,000000,0.81,0.955,0.53,0.8875,5554132,0
IMMP.US,D,20200326,000000,0.86,0.8999,0.72,0.77,1562658,0
IMMP.US,D,20200327,000000,0.76,0.76,0.65,0.7258,753623,0
IMMP.US,D,20200330,000000,0.68,0.77,0.63,0.7599,473524,0
IMMP.US,D,20200331,000000,0.74,0.74,0.7,0.7211,255728,0
IMMP.US,D,20200401,000000,0.7,0.73,0.6807,0.72,182689,0
IMMP.US,D,20200402,000000,0.6812,0.72555,0.65,0.7199,224282,0
IMMP.US,D,20200403,000000,0.71,0.71,0.6301,0.67,276922,0
IMMP.US,D,20200406,000000,0.67,0.7,0.67,0.69,182336,0
IMMP.US,D,20200407,000000,0.69,0.71,0.675,0.7062,246625,0
IMMP.US,D,20200408,000000,0.75,0.75,0.7,0.74,235083,0
IMMP.US,D,20200409,000000,0.75,0.7602,0.7,0.707102,377043,0
IMMP.US,D,20200413,000000,0.7677,0.7677,0.68,0.7672,390850,0
IMMP.US,D,20200414,000000,0.85,1.29,0.85,1.08,4398990,0
IMMP.US,D,20200415,000000,0.991,1.091,0.86,1,975411,0
IMMP.US,D,20200416,000000,1.08,1.08,0.83,0.92,733291,0
IMMP.US,D,20200417,000000,1.01,1.01,0.9,0.9351,251729,0
IMMP.US,D,20200420,000000,0.93,0.9753,0.9,0.935,278789,0
IMMP.US,D,20200421,000000,0.97,0.97,0.90251,0.929,108674,0
IMMP.US,D,20200422,000000,0.95,1,0.92,0.9801,308043,0
IMMP.US,D,20200423,000000,1,1.42,0.95,1.31,5750583,0
IMMP.US,D,20200424,000000,1.2,1.22,1.08,1.13,1264211,0
IMMP.US,D,20200429,000000,1.28,1.3,1.018,1.08,1448137,0
IMMP.US,D,20200430,000000,1.05,1.0799,0.97001,1.01,426664,0
IMMP.US,D,20200501,000000,0.97,1,0.93,0.96,188342,0
IMMP.US,D,20200504,000000,0.97,0.97,0.91,0.92,175343,0
IMMP.US,D,20200505,000000,0.9555,0.995,0.92,0.95,208088,0
IMMP.US,D,20200506,000000,0.95,0.96,0.92,0.925,197840,0
IMMP.US,D,20200507,000000,0.97,0.97,0.93,0.9389,106314,0
IMMP.US,D,20200508,000000,0.95,1.05,0.94,1.02,335083,0
IMMP.US,D,20200511,000000,1.02,1.09,1.011,1.05,332134,0
IMMP.US,D,20200512,000000,1.05,1.05,1,1.0099,317733,0
IMMP.US,D,20200513,000000,1.02,1.04,0.95,1,236156,0
IMMP.US,D,20200514,000000,0.97,1,0.9549,0.96,127614,0
IMMP.US,D,20200515,000000,0.96,1.05,0.96,1.01,266665,0
IMMP.US,D,20200518,000000,1.05,1.2,1.03,1.08,702509,0
IMMP.US,D,20200519,000000,1.09,1.1399,1.03,1.06,271060,0
IMMP.US,D,20200520,000000,1.1,1.1,1.03,1.08,177533,0
IMMP.US,D,20200521,000000,1.08,1.1,1.06,1.08,175348,0
IMMP.US,D,20200522,000000,1.06,1.08,1.04,1.07,177025,0
IMMP.US,D,20200526,000000,1.1,1.35,1.1,1.24,2577396,0
IMMP.US,D,20200527,000000,1.27,1.42,1.19,1.28,2793570,0
IMMP.US,D,20200528,000000,1.32,1.35,1.22,1.25,630130,0
IMMP.US,D,20200529,000000,1.28,1.28,1.17,1.23,496251,0
IMMP.US,D,20200601,000000,1.26,1.33,1.13,1.27,1545948,0
IMMP.US,D,20200602,000000,1.27,1.27,1.12,1.19,557761,0
IMMP.US,D,20200603,000000,1.15,1.17,1.09,1.11,377567,0
IMMP.US,D,20200604,000000,1.11,1.14,1.08,1.09,274213,0
IMMP.US,D,20200605,000000,1.09,1.12,1.08,1.08,127154,0
IMMP.US,D,20200608,000000,1.12,1.18,1.0901,1.18,280610,0
IMMP.US,D,20200609,000000,1.16,1.2,1.1157,1.18,235319,0
IMMP.US,D,20200610,000000,1.18,1.18,1.13,1.15,125599,0
IMMP.US,D,20200611,000000,1.14,1.16,1.0448,1.08,242669,0
IMMP.US,D,20200612,000000,1.13,1.1522,1.08,1.14,224883,0
IMMP.US,D,20200615,000000,1.09,1.15,1.03,1.08,213560,0
IMMP.US,D,20200616,000000,1.1,1.14,1.09,1.1058,90344,0
IMMP.US,D,20200617,000000,1.12,1.18,1.05,1.085,309781,0
IMMP.US,D,20200618,000000,1.07,1.107,1.07,1.07,103166,0
IMMP.US,D,20200619,000000,1.07,1.12,1.07,1.07,90943,0
IMMP.US,D,20200622,000000,1.07,1.12,1.07,1.0922,81492,0
IMMP.US,D,20200623,000000,1.1,1.16,1.08,1.115,252264,0
IMMP.US,D,20200624,000000,1.11,1.122,1.08,1.115,142386,0
IMMP.US,D,20200625,000000,1.1,1.14,1.08,1.08,54166,0
IMMP.US,D,20200626,000000,1.0901,1.11,1.05,1.08,159070,0
IMMP.US,D,20200629,000000,1.08,1.12,1.05,1.1,114024,0
IMMP.US,D,20200630,000000,1.08,1.14,1.08,1.08,83825,0
IMMP.US,D,20200701,000000,1.08,1.12,1.03,1.05,155842,0
IMMP.US,D,20200702,000000,1.06,1.08,1.03,1.05,82968,0
IMMP.US,D,20200706,000000,1.05,1.09,1.04,1.05,66119,0
IMMP.US,D,20200707,000000,1.04,1.08,1.04,1.05,81312,0
IMMP.US,D,20200708,000000,1.0599,1.08,1.04,1.07,104020,0
IMMP.US,D,20200709,000000,1.08,1.08,1.03,1.05,72079,0
IMMP.US,D,20200710,000000,1.1,1.19,1.07,1.1,518728,0
IMMP.US,D,20200713,000000,1.14,1.14,1.091,1.12,83180,0
IMMP.US,D,20200714,000000,1.0927,1.12,1.07,1.1,1196213,0
IMMP.US,D,20200715,000000,1.66,1.95,1.36,1.46,54749130,0
IMMP.US,D,20200716,000000,1.3346,1.43,1.25,1.42,2594899,0
IMMP.US,D,20200717,000000,1.36,1.4,1.26,1.29,1193500,0
IMMP.US,D,20200720,000000,1.34,1.49,1.31,1.4594,1039561,0
IMMP.US,D,20200721,000000,1.5,1.53,1.36,1.42,858450,0
IMMP.US,D,20200722,000000,1.4,1.4071,1.3302,1.395,1155815,0
IMMP.US,D,20200723,000000,1.64,1.66,1.39,1.41,4549007,0
IMMP.US,D,20200724,000000,1.38,1.44,1.37,1.44,534888,0
IMMP.US,D,20200727,000000,1.42,1.4997,1.413,1.45,518569,0
IMMP.US,D,20200728,000000,1.44,1.4644,1.38,1.42,275957,0
IMMP.US,D,20200729,000000,1.39,1.41,1.33,1.39,362296,0
IMMP.US,D,20200730,000000,1.35,1.355,1.3,1.33,316176,0
IMMP.US,D,20200731,000000,1.35,1.39,1.31,1.34,197462,0
IMMP.US,D,20200803,000000,1.31,1.3257,1.25,1.28,281232,0
IMMP.US,D,20200804,000000,1.28,1.34,1.27,1.3,232937,0
IMMP.US,D,20200805,000000,1.32,1.3501,1.305,1.35,165265,0
IMMP.US,D,20200806,000000,1.32,1.36,1.3,1.31,112745,0
IMMP.US,D,20200807,000000,1.3,1.31,1.28,1.31,111070,0
IMMP.US,D,20200810,000000,1.29,1.38,1.27,1.36,199885,0
IMMP.US,D,20200811,000000,1.68,1.69,1.33,1.37,5379289,0
IMMP.US,D,20200812,000000,1.33,1.33,1.25,1.31,842194,0
IMMP.US,D,20200813,000000,1.3,1.3,1.25,1.3,472706,0
IMMP.US,D,20200814,000000,1.27,1.29,1.26,1.27,156668,0
IMMP.US,D,20200817,000000,1.3,1.34,1.29,1.33,328762,0
IMMP.US,D,20200818,000000,1.36,1.3735,1.35,1.36,226560,0
IMMP.US,D,20200819,000000,1.35,1.38,1.34,1.37,163245,0
IMMP.US,D,20200820,000000,1.37,1.37,1.32,1.37,191397,0
IMMP.US,D,20200821,000000,1.35,1.355,1.32,1.34,169971,0
IMMP.US,D,20200824,000000,1.32,1.34,1.3,1.315,205088,0
IMMP.US,D,20200825,000000,1.3,1.35,1.3,1.35,100077,0
IMMP.US,D,20200826,000000,1.43,1.43,1.34,1.35,163510,0
IMMP.US,D,20200827,000000,1.34,1.39,1.2873,1.31,186723,0
IMMP.US,D,20200828,000000,1.29,1.41,1.27,1.31,586744,0
IMMP.US,D,20200831,000000,1.31,1.3301,1.3,1.33,233620,0
IMMP.US,D,20200901,000000,1.33,1.3799,1.3,1.31,173294,0
IMMP.US,D,20200902,000000,1.33,1.35,1.3,1.35,209561,0
IMMP.US,D,20200903,000000,1.33,1.34,1.25,1.29,337794,0
IMMP.US,D,20200904,000000,1.27,1.285,1.22,1.27,144986,0
IMMP.US,D,20200908,000000,1.35,1.39,1.3,1.39,379010,0
IMMP.US,D,20200909,000000,1.4,1.44,1.38,1.44,230163,0
IMMP.US,D,20200910,000000,1.46,1.64,1.41,1.6,589986,0
IMMP.US,D,20200911,000000,1.6,1.63,1.48,1.61,436920,0
IMMP.US,D,20200914,000000,1.68,1.69,1.55,1.61,407616,0
IMMP.US,D,20200915,000000,1.62,1.65,1.58,1.61,157829,0
IMMP.US,D,20200916,000000,1.6,1.64,1.56,1.6,171642,0
IMMP.US,D,20200917,000000,1.57,1.64,1.41,1.6,933554,0
IMMP.US,D,20200918,000000,1.93,1.94,1.72,1.89,5530881,0
IMMP.US,D,20200921,000000,1.72,1.8387,1.71,1.81,653103,0
IMMP.US,D,20200922,000000,1.85,1.85,1.76,1.81,393968,0
IMMP.US,D,20200923,000000,1.76,1.82,1.665,1.7,258857,0
IMMP.US,D,20200924,000000,1.7,1.78,1.65,1.77,251874,0
IMMP.US,D,20200925,000000,1.74,1.78,1.67,1.71,129990,0
IMMP.US,D,20200928,000000,1.7,1.74,1.65,1.65,138796,0
IMMP.US,D,20200929,000000,1.69,1.69,1.66,1.68,64712,0
IMMP.US,D,20200930,000000,1.68,1.73,1.66,1.73,131257,0
IMMP.US,D,20201001,000000,1.75,1.77,1.67,1.69,73896,0
IMMP.US,D,20201002,000000,1.65,1.69,1.53,1.65,134304,0
IMMP.US,D,20201005,000000,1.66,1.68,1.65,1.68,68680,0
IMMP.US,D,20201006,000000,1.7,1.76,1.69,1.73,111057,0
IMMP.US,D,20201007,000000,1.73,1.83,1.73,1.79,98021,0
IMMP.US,D,20201008,000000,1.78,1.8,1.74,1.77,41558,0
IMMP.US,D,20201009,000000,1.74,1.7588,1.68,1.71,38800,0
IMMP.US,D,20201012,000000,1.71,1.74,1.69,1.7,50178,0
IMMP.US,D,20201013,000000,1.7,1.72,1.68,1.72,31599,0
IMMP.US,D,20201014,000000,1.7045,1.74,1.7,1.72,101580,0
IMMP.US,D,20201015,000000,1.72,1.73,1.6843,1.7,10998,0
IMMP.US,D,20201016,000000,1.68,1.72,1.68,1.69,60861,0
IMMP.US,D,20201019,000000,1.7,1.726,1.7,1.71,29188,0
IMMP.US,D,20201020,000000,1.68,1.705,1.64,1.64,50931,0
IMMP.US,D,20201021,000000,1.8,1.85,1.75,1.85,284916,0
IMMP.US,D,20201022,000000,1.8,1.8,1.71,1.76,721615,0
IMMP.US,D,20201023,000000,1.82,1.82,1.73,1.8,243370,0
IMMP.US,D,20201026,000000,1.804,1.82,1.72,1.74,158650,0
IMMP.US,D,20201027,000000,1.7699,1.82,1.74,1.76,140543,0
IMMP.US,D,20201028,000000,1.77,1.79,1.74,1.74,98748,0
IMMP.US,D,20201029,000000,1.73,1.8,1.7,1.79,274152,0
IMMP.US,D,20201030,000000,1.78,1.78,1.65,1.71,119681,0
IMMP.US,D,20201102,000000,1.74,1.7461,1.67,1.73,105228,0
IMMP.US,D,20201103,000000,1.73,1.82,1.73,1.82,108651,0
IMMP.US,D,20201104,000000,1.84,1.95,1.7989,1.85,197262,0
IMMP.US,D,20201105,000000,1.84,1.96,1.839,1.93,179112,0
IMMP.US,D,20201106,000000,1.96,2.04,1.93,2.01,213422,0
IMMP.US,D,20201109,000000,2.14,2.35,2.05,2.12,821328,0
IMMP.US,D,20201110,000000,2.04,2.04,1.855,1.95,182227,0
IMMP.US,D,20201111,000000,1.97,2.15,1.955,2.11,412308,0
IMMP.US,D,20201112,000000,2.13,2.2,2.12,2.19,269475,0
IMMP.US,D,20201113,000000,2.24,2.24,2.1,2.14,121364,0
IMMP.US,D,20201116,000000,2.15,2.15,1.97,2.02,180199,0
IMMP.US,D,20201119,000000,1.97,2,1.75,1.9,348893,0
IMMP.US,D,20201120,000000,1.9,1.95,1.85,1.9,110687,0
IMMP.US,D,20201123,000000,1.93,1.9425,1.83,1.89,125748,0
IMMP.US,D,20201124,000000,1.93,1.93,1.87,1.91,117025,0
IMMP.US,D,20201125,000000,1.9,1.93,1.81,1.87,117775,0
IMMP.US,D,20201127,000000,1.85,1.92,1.83,1.9,67156,0
IMMP.US,D,20201130,000000,1.88,1.99,1.88,1.97,106177,0
IMMP.US,D,20201201,000000,1.98,2.039,1.96,1.97,69534,0
IMMP.US,D,20201202,000000,1.95,1.9999,1.94,1.96,103786,0
IMMP.US,D,20201203,000000,2,2.15,1.99,2.07,121220,0
IMMP.US,D,20201204,000000,2.04,2.1132,2,2.04,62913,0
IMMP.US,D,20201207,000000,2.05,2.12,2.04,2.09,62022,0
IMMP.US,D,20201208,000000,2.1,2.12,2.0501,2.08,113064,0
IMMP.US,D,20201209,000000,2.13,2.2,2.05,2.16,7310964,0
IMMP.US,D,20201210,000000,7.01,7.95,5.215,5.69,284909697,0
IMMP.US,D,20201211,000000,4.4,4.55,3.46,3.49,20668914,0
IMMP.US,D,20201214,000000,3.4,3.49,2.94,2.99,7790741,0
IMMP.US,D,20201215,000000,3.27,3.95,3.05,3.45,13106979,0
IMMP.US,D,20201216,000000,3.4,3.57,3.15,3.33,4222434,0
IMMP.US,D,20201217,000000,3.2,3.3565,3.03,3.17,5869494,0
IMMP.US,D,20201218,000000,3.1812,3.27,3.05,3.11,1660974,0
IMMP.US,D,20201221,000000,3.05,3.08,2.861,3,2777238,0
IMMP.US,D,20201222,000000,3.04,3.08,2.95,2.97,1243248,0
IMMP.US,D,20201223,000000,2.92,2.9898,2.9,2.9,1480917,0
IMMP.US,D,20201224,000000,2.99,3.01,2.88,2.94,1072567,0
IMMP.US,D,20201228,000000,2.97,3.05,2.91,2.93,1376700,0
IMMP.US,D,20201229,000000,2.9,2.95,2.77,2.84,2276027,0
IMMP.US,D,20201230,000000,3.26,3.3,3.015,3.09,5440916,0
IMMP.US,D,20201231,000000,3.03,3.2,2.88,3.14,1485707,0
IMMP.US,D,20210104,000000,3.13,3.15,3,3.08,1135718,0
IMMP.US,D,20210105,000000,3.04,3.14,3,3.12,749094,0
IMMP.US,D,20210106,000000,3.12,3.24,3.055,3.12,1106999,0
IMMP.US,D,20210107,000000,3.24,3.28,3.15,3.25,1350304,0
IMMP.US,D,20210108,000000,3.23,3.3,3.12,3.3,861135,0
IMMP.US,D,20210111,000000,3.19,3.41,3.18,3.36,1049804,0
IMMP.US,D,20210112,000000,3.37,3.6326,3.34,3.54,1077994,0
IMMP.US,D,20210113,000000,3.5,3.56,3.4286,3.56,632154,0
IMMP.US,D,20210114,000000,3.51,3.5378,3.44,3.5,700499,0
IMMP.US,D,20210115,000000,3.51,3.52,3.38,3.46,497760,0
IMMP.US,D,20210119,000000,3.45,3.49,3.32,3.35,642928,0
IMMP.US,D,20210120,000000,3.34,3.41,3.22,3.31,826662,0
IMMP.US,D,20210121,000000,3.27,3.35,3.2,3.32,579180,0
IMMP.US,D,20210122,000000,3.1,3.24,3.05,3.2,714877,0
IMMP.US,D,20210125,000000,3.14,3.23,3,3.2,1116251,0
IMMP.US,D,20210126,000000,3.26,3.42,3.13,3.15,1474199,0
IMMP.US,D,20210127,000000,3.23,3.2905,3.02,3.06,1425341,0
IMMP.US,D,20210128,000000,3.02,3.17,3.01,3.1,562357,0
IMMP.US,D,20210129,000000,3.03,3.15,3.01,3.04,402889,0
IMMP.US,D,20210201,000000,3.04,3.0698,2.94,2.96,743375,0
IMMP.US,D,20210202,000000,3,3.05,2.95,2.96,455212,0
IMMP.US,D,20210203,000000,3.02,3.2,3.02,3.11,913096,0
IMMP.US,D,20210204,000000,3.15,3.34,3.14,3.27,665541,0
IMMP.US,D,20210205,000000,3.28,3.34,3.15,3.18,1001121,0
IMMP.US,D,20210208,000000,3.22,3.29,3.19,3.25,759481,0
IMMP.US,D,20210209,000000,3.25,3.59,3.2052,3.55,1701845,0
IMMP.US,D,20210210,000000,3.55,3.63,3.32,3.45,1367913,0
IMMP.US,D,20210211,000000,3.54,3.54,3.27,3.37,664087,0
IMMP.US,D,20210212,000000,3.38,3.42,3.2901,3.33,404891,0
IMMP.US,D,20210216,000000,3.32,3.344,3.15,3.22,1033617,0
IMMP.US,D,20210217,000000,3.22,3.27,3.15,3.19,695699,0
IMMP.US,D,20210218,000000,3.16,3.3299,3.12,3.25,844718,0
IMMP.US,D,20210219,000000,3.25,3.2891,3.11,3.15,711053,0
IMMP.US,D,20210222,000000,3.09,3.1616,2.9,2.93,1440246,0
IMMP.US,D,20210223,000000,2.81,2.88,2.64,2.68,941694,0
IMMP.US,D,20210224,000000,2.75,2.86,2.75,2.82,285265,0
IMMP.US,D,20210225,000000,2.84,2.84,2.64,2.69,335190,0
IMMP.US,D,20210226,000000,2.69,2.76,2.6122,2.68,555140,0
IMMP.US,D,20210301,000000,2.69,2.8095,2.68,2.75,172238,0
IMMP.US,D,20210302,000000,2.76,2.8014,2.7,2.71,271377,0
IMMP.US,D,20210303,000000,2.74,2.74,2.6,2.61,152353,0
IMMP.US,D,20210304,000000,2.56,2.5644,2.31,2.41,516573,0
IMMP.US,D,20210305,000000,2.44,2.5,2.2,2.37,382683,0
IMMP.US,D,20210308,000000,2.42,2.89,2.34,2.46,2401587,0
IMMP.US,D,20210309,000000,2.53,2.66,2.48,2.56,345709,0
IMMP.US,D,20210310,000000,2.64,2.8,2.6,2.7,281439,0
IMMP.US,D,20210311,000000,2.76,2.79,2.63,2.77,395826,0
IMMP.US,D,20210312,000000,2.75,2.76,2.66,2.7,209484,0
IMMP.US,D,20210315,000000,2.72,2.755,2.67,2.74,596113,0
IMMP.US,D,20210316,000000,2.89,2.97,2.8,2.87,832688,0
IMMP.US,D,20210317,000000,2.84,2.93,2.74,2.91,390109,0
IMMP.US,D,20210318,000000,2.87,3,2.84,2.97,308356,0
IMMP.US,D,20210319,000000,2.935,3,2.875,2.98,180803,0
IMMP.US,D,20210322,000000,3,3,2.9,2.97,274813,0
IMMP.US,D,20210323,000000,2.93,2.9428,2.76,2.79,187322,0
IMMP.US,D,20210324,000000,2.76,2.85,2.58,2.63,346160,0
IMMP.US,D,20210325,000000,3.19,4.16,3.01,3.68,107572536,0
IMMP.US,D,20210326,000000,3.45,3.46,2.97,3.11,7253690,0
IMMP.US,D,20210329,000000,3.09,3.1,2.86,2.95,849381,0
IMMP.US,D,20210330,000000,2.93,2.97,2.75,2.88,621318,0
IMMP.US,D,20210331,000000,2.8535,3.11,2.85,3.07,552930,0
IMMP.US,D,20210401,000000,3.07,3.17,3.03,3.13,303094,0
IMMP.US,D,20210405,000000,3.0535,3.14,3.02,3.13,249301,0
IMMP.US,D,20210406,000000,3.1,3.12,2.99,3.02,846180,0
IMMP.US,D,20210407,000000,3.12,3.3,3.1,3.18,2673049,0
IMMP.US,D,20210408,000000,3.62,3.65,3.32,3.54,14116985,0
IMMP.US,D,20210409,000000,3.3,3.55,3.28,3.53,1611596,0
IMMP.US,D,20210412,000000,3.43,3.52,3.21,3.5,1310369,0
IMMP.US,D,20210413,000000,3.48,3.65,3.37,3.57,949554,0
IMMP.US,D,20210414,000000,3.48,3.58,3.4,3.48,588302,0
IMMP.US,D,20210415,000000,3.54,3.55,3.3,3.37,614763,0
IMMP.US,D,20210416,000000,3.38,3.44,3.16,3.29,950699,0
IMMP.US,D,20210419,000000,3.32,3.34,3.1,3.29,543702,0
IMMP.US,D,20210420,000000,3.25,3.29,3.11,3.18,298229,0
IMMP.US,D,20210421,000000,3.14,3.26,3.11,3.21,179286,0
IMMP.US,D,20210422,000000,3.24,3.3434,3.21,3.23,322141,0
IMMP.US,D,20210423,000000,3.28,3.35,3.22,3.31,457568,0
IMMP.US,D,20210426,000000,3.29,3.47,3.28,3.43,560131,0
IMMP.US,D,20210427,000000,3.48,3.48,3.286,3.34,343634,0
IMMP.US,D,20210428,000000,3.35,3.445,3.28,3.37,543701,0
IMMP.US,D,20210429,000000,3.39,3.5,3.35,3.46,625763,0
IMMP.US,D,20210430,000000,3.43,3.5,3.42,3.44,270821,0
IMMP.US,D,20210503,000000,3.49,3.49,3.31,3.46,277585,0
IMMP.US,D,20210504,000000,3.351,3.42,3.23,3.28,517206,0
IMMP.US,D,20210505,000000,3.3,3.37,3.2,3.26,668703,0
IMMP.US,D,20210506,000000,3.23,3.25,3.1,3.2,295605,0
IMMP.US,D,20210507,000000,3.31,3.52,3.24,3.52,545241,0
IMMP.US,D,20210510,000000,3.54,3.93,3.54,3.88,1291221,0
IMMP.US,D,20210511,000000,3.79,3.84,3.62,3.79,646266,0
IMMP.US,D,20210512,000000,3.75,3.8,3.56,3.61,425896,0
IMMP.US,D,20210513,000000,3.64,3.68,3.45,3.45,344933,0
IMMP.US,D,20210514,000000,3.45,3.62,3.445,3.54,269864,0
IMMP.US,D,20210517,000000,3.59,3.64,3.41,3.43,596433,0
IMMP.US,D,20210518,000000,3.52,4.08,3.51,4.04,1698800,0
IMMP.US,D,20210519,000000,3.88,4.34,3.65,4.12,1578754,0
IMMP.US,D,20210520,000000,4.6,5.06,4.5,4.77,7796922,0
IMMP.US,D,20210521,000000,4.65,4.675,4.31,4.5,1041101,0
IMMP.US,D,20210524,000000,4.43,4.54,4.31,4.36,524183,0
IMMP.US,D,20210525,000000,4.4,4.55,4.38,4.45,396531,0
IMMP.US,D,20210526,000000,4.8,4.87,4.52,4.81,1261175,0
IMMP.US,D,20210527,000000,4.9,4.92,4.72,4.82,702065,0
IMMP.US,D,20210528,000000,4.9,5.05,4.85,5.04,704059,0
IMMP.US,D,20210601,000000,5.36,5.4365,5.05,5.21,1275304,0
IMMP.US,D,20210602,000000,5.3,5.35,4.96,5.14,983075,0
IMMP.US,D,20210603,000000,5.14,5.15,4.91,5.07,632524,0
IMMP.US,D,20210604,000000,5.335,5.36,4.55,4.97,2617978,0
IMMP.US,D,20210607,000000,4.85,5.08,4.85,4.99,460062,0
IMMP.US,D,20210608,000000,4.95,4.99,4.6,4.8,722699,0
IMMP.US,D,20210609,000000,4.72,4.9,4.65,4.84,345577,0
IMMP.US,D,20210610,000000,4.92,4.92,4.78,4.87,258870,0
IMMP.US,D,20210611,000000,4.85,5,4.82,4.91,273256,0
IMMP.US,D,20210614,000000,4.96,4.99,4.83,4.89,214591,0
IMMP.US,D,20210615,000000,4.91,4.91,4.47,4.6,470845,0
IMMP.US,D,20210616,000000,4.55,4.77,4.55,4.69,165988,0
IMMP.US,D,20210621,000000,4.2,4.54,4.06,4.5,1176988,0
IMMP.US,D,20210622,000000,4.48,4.48,4.21,4.3,457312,0
IMMP.US,D,20210623,000000,4.29,4.35,4.2,4.28,242617,0
IMMP.US,D,20210624,000000,4.34,4.345,3.9,4.08,686824,0
IMMP.US,D,20210625,000000,4.06,4.19,4.06,4.08,261598,0
IMMP.US,D,20210628,000000,4.06,4.1,3.99,3.99,210820,0
IMMP.US,D,20210629,000000,4.03,4.05,3.9,3.91,197132,0
IMMP.US,D,20210630,000000,3.93,3.97,3.83,3.87,263177,0
IMMP.US,D,20210701,000000,3.86,3.9719,3.83,3.9,300129,0
IMMP.US,D,20210702,000000,3.96,3.97,3.86,3.9,338291,0
IMMP.US,D,20210706,000000,3.96,4.039,3.72,3.95,1190012,0
IMMP.US,D,20210707,000000,4,4,3.72,3.75,522331,0
IMMP.US,D,20210708,000000,3.61,3.82,3.59,3.73,386383,0
IMMP.US,D,20210709,000000,3.75,3.95,3.75,3.9,418972,0
IMMP.US,D,20210712,000000,3.81,4,3.81,3.91,381103,0
IMMP.US,D,20210713,000000,3.91,3.98,3.87,3.89,400394,0
IMMP.US,D,20210714,000000,3.92,3.96,3.63,3.74,643449,0
IMMP.US,D,20210715,000000,3.72,3.74,3.46,3.53,841322,0
IMMP.US,D,20210716,000000,3.68,3.72,3.5526,3.63,630178,0
IMMP.US,D,20210719,000000,3.52,3.616,3.52,3.6,307139,0
IMMP.US,D,20210720,000000,3.61,3.63,3.5,3.52,379604,0
IMMP.US,D,20210721,000000,3.51,3.63,3.51,3.61,237507,0
IMMP.US,D,20210722,000000,3.64,3.66,3.52,3.59,211713,0
IMMP.US,D,20210723,000000,3.61,3.62,3.52,3.53,302191,0
IMMP.US,D,20210726,000000,3.52,3.53,3.47,3.48,153948,0
IMMP.US,D,20210727,000000,3.46,3.5,3.375,3.4,156502,0
IMMP.US,D,20210728,000000,3.44,3.48,3.36,3.37,311039,0
IMMP.US,D,20210729,000000,3.4,3.49,3.36,3.43,189257,0
IMMP.US,D,20210730,000000,3.42,3.52,3.39,3.42,214134,0
IMMP.US,D,20210802,000000,3.45,3.48,3.41,3.46,83961,0
IMMP.US,D,20210803,000000,3.63,3.899,3.45,3.58,843620,0
IMMP.US,D,20210804,000000,3.64,3.66,3.56,3.59,231280,0
IMMP.US,D,20210805,000000,3.61,3.755,3.58,3.74,226729,0
IMMP.US,D,20210806,000000,3.67,3.77,3.6,3.67,169615,0
IMMP.US,D,20210809,000000,3.66,3.79,3.63,3.75,320445,0
IMMP.US,D,20210810,000000,3.81,3.84,3.695,3.8,184217,0
IMMP.US,D,20210811,000000,3.84,3.85,3.68,3.69,78593,0
IMMP.US,D,20210812,000000,3.7,3.72,3.59,3.66,106489,0
IMMP.US,D,20210813,000000,3.7,3.7,3.46,3.56,302884,0
IMMP.US,D,20210816,000000,3.54,3.58,3.39,3.41,190068,0
IMMP.US,D,20210817,000000,3.39,3.4,3.19,3.28,306535,0
IMMP.US,D,20210818,000000,3.3,3.31,3.18,3.22,218967,0
IMMP.US,D,20210819,000000,3.16,3.195,3.07,3.17,349947,0
IMMP.US,D,20210820,000000,3.17,3.36,3.12,3.33,216825,0
IMMP.US,D,20210823,000000,3.33,3.39,3.31,3.31,258168,0
IMMP.US,D,20210824,000000,3.33,3.5102,3.33,3.47,216387,0
IMMP.US,D,20210825,000000,3.53,3.73,3.47,3.64,283039,0
IMMP.US,D,20210826,000000,3.66,3.7644,3.54,3.61,384076,0
IMMP.US,D,20210827,000000,3.66,3.76,3.59,3.75,379850,0
IMMP.US,D,20210830,000000,3.76,3.7962,3.67,3.7,133166,0
IMMP.US,D,20210831,000000,3.68,4.24,3.66,4.24,1077179,0
IMMP.US,D,20210901,000000,4.1285,4.1765,3.95,4.07,616523,0
IMMP.US,D,20210902,000000,4.05,4.24,4.05,4.21,223073,0
IMMP.US,D,20210903,000000,4.23,4.44,4.16,4.39,435469,0
IMMP.US,D,20210907,000000,4.45,4.459,4.11,4.19,375965,0
IMMP.US,D,20210908,000000,4.13,4.21,4.02,4.14,217325,0
IMMP.US,D,20210909,000000,4.14,4.24,3.985,4.16,262478,0
IMMP.US,D,20210910,000000,4.16,4.19,4.05,4.1,123969,0
IMMP.US,D,20210913,000000,4.1,4.1122,3.88,3.91,334928,0
IMMP.US,D,20210914,000000,3.91,3.9337,3.68,3.77,351894,0
IMMP.US,D,20210915,000000,3.75,3.89,3.72,3.84,252874,0
IMMP.US,D,20210916,000000,3.8,3.88,3.72,3.86,100867,0
IMMP.US,D,20210917,000000,3.88,4,3.7246,3.92,324787,0
IMMP.US,D,20210920,000000,3.73,3.87,3.57,3.64,374462,0
IMMP.US,D,20210921,000000,3.69,3.7187,3.64,3.69,192090,0
IMMP.US,D,20210922,000000,3.71,3.92,3.6901,3.81,162964,0
IMMP.US,D,20210923,000000,3.86,4.01,3.8201,3.96,161946,0
IMMP.US,D,20210924,000000,3.91,3.935,3.82,3.89,63045,0
IMMP.US,D,20210927,000000,3.85,4.19,3.81,4.04,398231,0
IMMP.US,D,20210928,000000,4.06,4.2,4.02,4.13,355153,0
IMMP.US,D,20210929,000000,4.13,4.26,3.96,3.99,259997,0
IMMP.US,D,20210930,000000,4.03,4.03,3.84,3.87,189131,0
IMMP.US,D,20211001,000000,3.89,3.92,3.7407,3.87,201357,0
IMMP.US,D,20211004,000000,3.85,3.98,3.78,3.79,106463,0
IMMP.US,D,20211005,000000,3.83,3.937,3.79,3.83,121808,0
IMMP.US,D,20211006,000000,3.77,3.81,3.61,3.64,171433,0
IMMP.US,D,20211007,000000,3.78,3.89,3.71,3.82,137495,0
IMMP.US,D,20211008,000000,3.84,3.8721,3.8,3.82,127637,0
IMMP.US,D,20211011,000000,3.84,3.96,3.8,3.94,324729,0
IMMP.US,D,20211012,000000,3.94,3.94,3.85,3.88,164304,0
IMMP.US,D,20211013,000000,3.89,3.93,3.83,3.91,84353,0
IMMP.US,D,20211014,000000,3.94,4.05,3.92,4.01,339950,0
IMMP.US,D,20211015,000000,4.07,4.1,3.9,3.95,177166,0
IMMP.US,D,20211018,000000,3.99,4.2199,3.97,4.15,425580,0
IMMP.US,D,20211019,000000,4.22,4.3997,4.1999,4.31,394302,0
IMMP.US,D,20211020,000000,4.37,4.37,4.1601,4.3,272903,0
IMMP.US,D,20211021,000000,4.26,4.45,4.22,4.36,208223,0
IMMP.US,D,20211022,000000,4.42,4.42,4.2,4.31,382560,0
IMMP.US,D,20211025,000000,4.36,4.6,4.33,4.57,346838,0
IMMP.US,D,20211026,000000,4.58,4.75,4.58,4.66,313354,0
IMMP.US,D,20211027,000000,4.59,4.59,4.38,4.4,268719,0
IMMP.US,D,20211028,000000,4.28,4.3399,4.06,4.21,465867,0
IMMP.US,D,20211029,000000,4.35,4.42,4.24,4.28,181293,0
IMMP.US,D,20211101,000000,4.34,4.39,4.3,4.35,133862,0
IMMP.US,D,20211102,000000,4.26,4.53,4.22,4.5,219902,0
IMMP.US,D,20211103,000000,4.51,4.69,4.45,4.65,223233,0
IMMP.US,D,20211104,000000,4.7,4.88,4.7,4.8,339427,0
IMMP.US,D,20211105,000000,4.82,4.87,4.7,4.81,275347,0
IMMP.US,D,20211108,000000,4.84,4.88,4.7,4.75,313271,0
IMMP.US,D,20211109,000000,5,5,3.5,3.72,3650351,0
IMMP.US,D,20211110,000000,4.05,4.3,3.9,4.14,1830818,0
IMMP.US,D,20211111,000000,4.01,4.17,3.72,3.98,1247406,0
IMMP.US,D,20211112,000000,4.2,4.34,4.09,4.28,636980,0
IMMP.US,D,20211115,000000,4.3,4.35,4.2301,4.26,273273,0
IMMP.US,D,20211116,000000,4.22,4.22,4.03,4.07,168199,0
IMMP.US,D,20211117,000000,3.9,4,3.78,3.84,441878,0
IMMP.US,D,20211118,000000,3.81,4,3.781,3.89,359664,0
IMMP.US,D,20211119,000000,3.87,3.9404,3.7601,3.81,203785,0
IMMP.US,D,20211122,000000,3.77,3.78,3.55,3.55,239026,0
IMMP.US,D,20211123,000000,3.51,3.61,3.47,3.61,212296,0
IMMP.US,D,20211124,000000,3.6,3.629,3.48,3.55,290474,0
IMMP.US,D,20211126,000000,3.44,3.53,3.32,3.4,161490,0
IMMP.US,D,20211129,000000,3.38,3.46,3.23,3.28,216975,0
IMMP.US,D,20211130,000000,3.28,3.43,3.2,3.43,235011,0
IMMP.US,D,20211201,000000,3.47,3.52,3.18,3.23,299680,0
IMMP.US,D,20211202,000000,3.33,3.4431,3.21,3.36,246817,0
IMMP.US,D,20211203,000000,3.31,3.3456,3.09,3.09,364769,0
IMMP.US,D,20211206,000000,3.15,3.19,3.05,3.1,210553,0
IMMP.US,D,20211207,000000,3.21,3.32,3.1519,3.3,273996,0
IMMP.US,D,20211208,000000,3.3,3.3615,3.25,3.34,383611,0
IMMP.US,D,20211209,000000,3.39,3.51,3.35,3.45,357233,0
IMMP.US,D,20211210,000000,3.43,3.45,3.32,3.34,150804,0
IMMP.US,D,20211213,000000,3.34,3.385,3.22,3.27,216735,0
IMMP.US,D,20211214,000000,3.3,3.32,3.2,3.31,203525,0
IMMP.US,D,20211215,000000,3.33,3.36,3.15,3.36,148594,0
IMMP.US,D,20211216,000000,3.35,3.41,3.29,3.3,183988,0
IMMP.US,D,20211217,000000,3.3,3.43,3.2,3.41,644566,0
IMMP.US,D,20211220,000000,3.34,3.44,3.22,3.36,171535,0
IMMP.US,D,20211221,000000,3.38,3.44,3.335,3.39,107048,0
IMMP.US,D,20211222,000000,3.39,3.46,3.31,3.4,175684,0
IMMP.US,D,20211223,000000,3.44,3.49,3.3764,3.46,193934,0
IMMP.US,D,20211227,000000,3.43,3.54,3.41,3.41,87735,0
IMMP.US,D,20211228,000000,3.46,3.46,3.4,3.44,215325,0
IMMP.US,D,20211229,000000,3.42,3.46,3.4,3.43,180892,0
IMMP.US,D,20211230,000000,3.4,3.54,3.4,3.53,61049,0
IMMP.US,D,20211231,000000,3.45,3.545,3.26,3.28,160237,0
IMMP.US,D,20220103,000000,3.43,3.46,3.3,3.44,84775,0
IMMP.US,D,20220104,000000,3.53,3.62,3.48,3.61,213967,0
IMMP.US,D,20220105,000000,3.6,3.64,3.41,3.45,210713,0
IMMP.US,D,20220106,000000,3.43,3.533,3.21,3.28,173158,0
IMMP.US,D,20220107,000000,3.28,3.4,3.265,3.31,73096,0
IMMP.US,D,20220110,000000,3.3,3.3,3.22,3.28,145435,0
IMMP.US,D,20220111,000000,3.27,3.38,3.22,3.28,61605,0
IMMP.US,D,20220112,000000,3.31,3.37,3.26,3.31,112633,0
IMMP.US,D,20220113,000000,3.32,3.385,3.25,3.255,85195,0
IMMP.US,D,20220114,000000,3.21,3.3,3.1,3.24,136948,0
IMMP.US,D,20220118,000000,3.21,3.225,3.1,3.14,112475,0
IMMP.US,D,20220119,000000,3.15,3.24,3.14,3.19,154483,0
IMMP.US,D,20220120,000000,3.2,3.32,3.14,3.15,135068,0
IMMP.US,D,20220121,000000,3.11,3.11,2.85,2.85,212030,0
IMMP.US,D,20220124,000000,2.85,2.97,2.4401,2.67,895813,0
IMMP.US,D,20220125,000000,2.65,2.7379,2.46,2.48,210456,0
IMMP.US,D,20220126,000000,2.56,2.68,2.475,2.52,292105,0
IMMP.US,D,20220127,000000,2.55,2.5775,2.27,2.39,275026,0
IMMP.US,D,20220128,000000,2.35,2.58,2.31,2.5,862003,0
IMMP.US,D,20220131,000000,2.52,2.75,2.51,2.75,173646,0
IMMP.US,D,20220201,000000,2.78,2.98,2.72,2.95,154795,0
IMMP.US,D,20220202,000000,3.17,3.17,2.89,2.94,132717,0
IMMP.US,D,20220203,000000,2.89,2.91,2.7,2.7,104217,0
IMMP.US,D,20220204,000000,2.7,2.91,2.64,2.67,63255,0
IMMP.US,D,20220207,000000,2.91,2.91,2.67,2.7,78467,0
IMMP.US,D,20220208,000000,2.69,2.78,2.66,2.78,59149,0
IMMP.US,D,20220209,000000,2.77,2.86,2.7364,2.81,64915,0
IMMP.US,D,20220210,000000,2.83,2.97,2.7757,2.85,70602,0
IMMP.US,D,20220211,000000,2.85,2.9475,2.62,2.66,192739,0
IMMP.US,D,20220214,000000,2.61,2.67,2.5142,2.57,97237,0
IMMP.US,D,20220215,000000,2.6,2.66,2.56,2.62,62286,0
IMMP.US,D,20220216,000000,2.59,2.72,2.582,2.71,73238,0
IMMP.US,D,20220217,000000,2.7,2.7002,2.52,2.54,66984,0
IMMP.US,D,20220218,000000,2.52,2.5777,2.42,2.55,118282,0
IMMP.US,D,20220222,000000,2.55,2.64,2.4,2.52,140126,0
IMMP.US,D,20220223,000000,2.59,2.59,2.41,2.48,86083,0
IMMP.US,D,20220224,000000,2.31,2.39,2.02,2.3,412819,0
IMMP.US,D,20220225,000000,2.34,2.37,2.29,2.33,173489,0
IMMP.US,D,20220228,000000,2.33,2.44,2.33,2.42,199698,0
IMMP.US,D,20220301,000000,2.43,2.53,2.43,2.49,63263,0
IMMP.US,D,20220302,000000,2.53,2.69,2.5,2.6,99794,0
IMMP.US,D,20220303,000000,2.61,2.65,2.53,2.59,182806,0
IMMP.US,D,20220304,000000,2.6,2.8,2.4701,2.75,319726,0
IMMP.US,D,20220307,000000,2.76,2.83,2.51,2.53,299251,0
IMMP.US,D,20220308,000000,2.62,2.67,2.45,2.58,155083,0
IMMP.US,D,20220309,000000,2.65,2.88,2.65,2.87,516233,0
IMMP.US,D,20220310,000000,2.81,2.94,2.6811,2.9,255221,0
IMMP.US,D,20220311,000000,2.9,2.9,2.62,2.69,149272,0
IMMP.US,D,20220314,000000,2.65,2.68,2.48,2.52,59570,0
IMMP.US,D,20220315,000000,2.59,2.61,2.4,2.49,80735,0
IMMP.US,D,20220316,000000,2.57,2.61,2.5,2.58,58939,0
IMMP.US,D,20220317,000000,2.61,2.78,2.595,2.72,144641,0
IMMP.US,D,20220318,000000,2.81,3.14,2.81,3.1,427500,0
IMMP.US,D,20220321,000000,3.19,3.24,3.03,3.19,197703,0
IMMP.US,D,20220322,000000,3.19,3.2849,3.18,3.2,216758,0
IMMP.US,D,20220323,000000,3.21,3.45,3.21,3.42,161710,0
IMMP.US,D,20220324,000000,3.2,3.25,3,3.11,448550,0
IMMP.US,D,20220325,000000,3.02,3.0434,2.8904,2.92,158069,0
IMMP.US,D,20220328,000000,2.91,2.93,2.745,2.78,166265,0
IMMP.US,D,20220329,000000,2.89,2.95,2.8,2.87,82934,0
IMMP.US,D,20220330,000000,3.01,3.15,2.75,2.8,220947,0
IMMP.US,D,20220331,000000,2.77,2.8,2.71,2.74,51788,0
IMMP.US,D,20220401,000000,2.8,2.84,2.681,2.81,37448,0
IMMP.US,D,20220404,000000,2.81,2.87,2.79,2.8,34468,0
IMMP.US,D,20220405,000000,2.78,2.87,2.772,2.85,76609,0
IMMP.US,D,20220406,000000,2.8,2.801,2.68,2.73,77171,0
IMMP.US,D,20220407,000000,2.74,2.78,2.61,2.69,46666,0
IMMP.US,D,20220408,000000,2.6775,2.73,2.65,2.73,17248,0
IMMP.US,D,20220411,000000,2.65,2.67,2.58,2.58,86852,0
IMMP.US,D,20220412,000000,2.59,2.63,2.36,2.45,172042,0
IMMP.US,D,20220413,000000,2.45,2.55,2.45,2.45,58002,0
IMMP.US,D,20220414,000000,2.45,2.64,2.41,2.55,146176,0
IMMP.US,D,20220418,000000,2.51,2.55,2.38,2.46,107085,0
IMMP.US,D,20220419,000000,2.44,2.53,2.38,2.47,64689,0
IMMP.US,D,20220420,000000,2.34,2.55,2.285,2.49,123698,0
IMMP.US,D,20220421,000000,2.53,2.54,2.34,2.36,45141,0
IMMP.US,D,20220422,000000,2.34,2.41,2.26,2.29,80622,0
IMMP.US,D,20220425,000000,2.32,2.3689,2.25,2.34,45684,0
IMMP.US,D,20220426,000000,2.31,2.36,2.2,2.22,81355,0
IMMP.US,D,20220427,000000,2.26,2.3113,2.12,2.19,103788,0
IMMP.US,D,20220428,000000,2.21,2.459,2.21,2.4,126459,0
IMMP.US,D,20220429,000000,2.41,2.49,2.28,2.29,138338,0
IMMP.US,D,20220502,000000,2.38,2.42,2.305,2.41,40317,0
IMMP.US,D,20220503,000000,2.4,2.5127,2.33,2.4,51876,0
IMMP.US,D,20220504,000000,2.61,2.72,2.44,2.59,180846,0
IMMP.US,D,20220505,000000,2.48,2.625,2.4,2.44,63024,0
IMMP.US,D,20220506,000000,2.44,2.57,2.33,2.43,106768,0
IMMP.US,D,20220509,000000,2.34,2.36,2.08,2.2,128301,0
IMMP.US,D,20220510,000000,2.32,2.45,2.21,2.31,73908,0
IMMP.US,D,20220511,000000,2.3,2.46,2.2,2.25,121228,0
IMMP.US,D,20220512,000000,2.2,2.37,2.2,2.3,49251,0
IMMP.US,D,20220513,000000,2.3,2.48,2.3,2.41,104254,0
IMMP.US,D,20220516,000000,2.46,2.56,2.37,2.43,81604,0
IMMP.US,D,20220517,000000,2.5,2.68,2.5,2.66,64885,0
IMMP.US,D,20220518,000000,2.62,2.7223,2.5512,2.61,78740,0
IMMP.US,D,20220519,000000,2.65,2.79,2.65,2.72,95399,0
IMMP.US,D,20220520,000000,2.86,2.89,2.7203,2.79,42961,0
IMMP.US,D,20220523,000000,2.82,2.82,2.66,2.7,41192,0
IMMP.US,D,20220524,000000,2.68,2.74,2.66,2.72,46905,0
IMMP.US,D,20220525,000000,2.67,2.8,2.67,2.72,102937,0
IMMP.US,D,20220526,000000,2.73,2.85,2.7,2.8,135481,0
IMMP.US,D,20220527,000000,2.72,3.015,2.71,2.93,446487,0
IMMP.US,D,20220531,000000,2.98,3.015,2.9201,2.97,60578,0
IMMP.US,D,20220601,000000,2.98,3.05,2.88,2.96,91759,0
IMMP.US,D,20220602,000000,3.04,3.08,2.97,3.02,137116,0
IMMP.US,D,20220603,000000,3.03,3.39,3.01,3.09,989151,0
IMMP.US,D,20220606,000000,3.03,3.1099,2.64,2.67,378252,0
IMMP.US,D,20220607,000000,2.7,2.72,2.61,2.64,121230,0
IMMP.US,D,20220608,000000,2.64,2.75,2.61,2.63,113588,0
IMMP.US,D,20220609,000000,2.65,2.72,2.51,2.52,93013,0
IMMP.US,D,20220610,000000,2.52,2.64,2.43,2.48,111010,0
IMMP.US,D,20220613,000000,2.39,2.4,2.27,2.33,114183,0
IMMP.US,D,20220614,000000,2.39,2.61,2.01,2.07,202885,0
IMMP.US,D,20220615,000000,2.07,2.1701,2.07,2.15,85329,0
IMMP.US,D,20220616,000000,2.15,2.15,1.945,2.02,116404,0
IMMP.US,D,20220617,000000,2.05,2.0934,1.85,1.96,324648,0
IMMP.US,D,20220621,000000,2.05,2.22,2.05,2.19,199772,0
IMMP.US,D,20220622,000000,2.13,2.25,2.08,2.16,64770,0
IMMP.US,D,20220623,000000,2.16,2.19,2.04,2.1,53014,0
IMMP.US,D,20220624,000000,2.14,2.29,2.06,2.13,115647,0
IMMP.US,D,20220627,000000,2.16,2.24,2.131,2.14,76937,0
IMMP.US,D,20220628,000000,2.16,2.22,1.92,2,165334,0
IMMP.US,D,20220629,000000,2,2.04,1.96,2.01,28243,0
IMMP.US,D,20220630,000000,2.0371,2.06,2,2.03,32616,0
IMMP.US,D,20220701,000000,2.03,2.0773,2.01,2.01,34531,0
IMMP.US,D,20220705,000000,2.13,2.17,2.02,2.16,51943,0
IMMP.US,D,20220706,000000,2.15,2.2,2.09,2.11,126200,0
IMMP.US,D,20220707,000000,2.12,2.19,2.12,2.15,45112,0
IMMP.US,D,20220708,000000,2.2,2.27,2.14,2.27,81816,0
IMMP.US,D,20220711,000000,2.26,2.26,2.08,2.09,67148,0
IMMP.US,D,20220712,000000,2.07,2.17,1.95,2.06,123100,0
IMMP.US,D,20220713,000000,2.01,2.0601,1.95,2.04,80656,0
IMMP.US,D,20220714,000000,2.04,2.0999,2.04,2.07,30018,0
IMMP.US,D,20220715,000000,2.08,2.12,2.02,2.1,45484,0
IMMP.US,D,20220718,000000,2.15,2.16,2.09,2.13,62153,0
IMMP.US,D,20220719,000000,2.15,2.19,2.111,2.13,23980,0
IMMP.US,D,20220720,000000,2.12,2.17,2.1,2.13,69950,0
IMMP.US,D,20220721,000000,2.13,2.27,2.13,2.22,29876,0
IMMP.US,D,20220722,000000,2.21,2.26,2.2,2.23,44179,0
IMMP.US,D,20220725,000000,2.23,2.26,2.2,2.21,16294,0
IMMP.US,D,20220726,000000,2.2,2.31,2.2,2.25,20666,0
IMMP.US,D,20220727,000000,2.42,2.42,2.15,2.23,89003,0
IMMP.US,D,20220728,000000,2.25,2.38,2.17,2.21,69110,0
IMMP.US,D,20220729,000000,2.26,2.2911,2.22,2.26,17409,0
IMMP.US,D,20220801,000000,2.22,2.26,2.2,2.26,52091,0
IMMP.US,D,20220802,000000,2.27,2.3,2.2016,2.24,32648,0
IMMP.US,D,20220803,000000,2.23,2.34,2.23,2.29,29727,0
IMMP.US,D,20220804,000000,2.34,2.35,2.28,2.28,62386,0
IMMP.US,D,20220805,000000,2.25,2.28,2.19,2.23,22796,0
IMMP.US,D,20220808,000000,2.15,2.3,2.15,2.26,32135,0
IMMP.US,D,20220809,000000,2.25,2.27,2.2,2.23,17764,0
IMMP.US,D,20220810,000000,2.24,2.2881,2.21,2.25,102392,0
IMMP.US,D,20220811,000000,2.24,2.2933,2.2283,2.26,39002,0
IMMP.US,D,20220812,000000,2.24,2.29,2.2,2.23,100535,0
IMMP.US,D,20220815,000000,2.28,2.28,2.2,2.26,29558,0
IMMP.US,D,20220816,000000,2.24,2.26,2.18,2.24,67220,0
IMMP.US,D,20220817,000000,2.19,2.23,2.05,2.14,130053,0
IMMP.US,D,20220818,000000,1.94,2.185,1.94,2.04,136868,0
IMMP.US,D,20220819,000000,2.1,2.1,2.07,2.07,26458,0
IMMP.US,D,20220822,000000,2.01,2.0809,1.98,1.98,58969,0
IMMP.US,D,20220823,000000,2.03,2.14,2.03,2.09,53211,0
IMMP.US,D,20220824,000000,2.08,2.16,2.08,2.11,31236,0
IMMP.US,D,20220825,000000,2.09,2.149,2.08,2.11,7324,0
IMMP.US,D,20220826,000000,2.112,2.14,2.02,2.02,67873,0
IMMP.US,D,20220829,000000,2,2.0782,2,2,22063,0
IMMP.US,D,20220830,000000,2.04,2.04,1.9,1.95,119152,0
IMMP.US,D,20220831,000000,2,2.03,1.95,2.02,77821,0
IMMP.US,D,20220901,000000,2.02,2.02,1.8001,1.87,107111,0
IMMP.US,D,20220902,000000,1.95,1.95,1.91,1.91,17862,0
IMMP.US,D,20220906,000000,1.93,1.95,1.82,1.85,33425,0
IMMP.US,D,20220907,000000,1.82,1.8925,1.82,1.86,44453,0
IMMP.US,D,20220908,000000,1.82,1.89,1.82,1.84,41607,0
IMMP.US,D,20220909,000000,1.84,1.96,1.84,1.89,27036,0
IMMP.US,D,20220912,000000,1.91,1.98,1.9,1.905,30407,0
IMMP.US,D,20220913,000000,1.94,1.9799,1.8,1.82,109597,0
IMMP.US,D,20220914,000000,1.82,1.9424,1.82,1.85,73768,0
IMMP.US,D,20220915,000000,1.82,1.9246,1.82,1.87,35111,0
IMMP.US,D,20220916,000000,1.96,1.961,1.8,1.8,94497,0
IMMP.US,D,20220919,000000,1.78,1.9,1.78,1.83,49038,0
IMMP.US,D,20220920,000000,1.83,1.83,1.76,1.77,15087,0
IMMP.US,D,20220921,000000,1.77,1.89,1.76,1.84,54016,0
IMMP.US,D,20220922,000000,1.84,1.84,1.71,1.79,43807,0
IMMP.US,D,20220923,000000,1.72,1.75,1.64,1.71,51111,0
IMMP.US,D,20220926,000000,1.64,1.7199,1.58,1.63,82886,0
IMMP.US,D,20220927,000000,1.62,1.69,1.61,1.61,18606,0
IMMP.US,D,20220928,000000,1.62,1.7,1.6,1.7,37779,0
IMMP.US,D,20220929,000000,1.69,1.69,1.47,1.61,52545,0
IMMP.US,D,20220930,000000,1.58,1.63,1.5599,1.56,29740,0
IMMP.US,D,20221003,000000,1.56,1.62,1.52,1.595,95347,0
IMMP.US,D,20221004,000000,1.73,1.73,1.62,1.68,238368,0
IMMP.US,D,20221005,000000,1.68,1.89,1.67,1.7,164662,0
IMMP.US,D,20221006,000000,1.73,1.77,1.72,1.75,73099,0
IMMP.US,D,20221007,000000,1.77,1.77,1.68,1.705,20826,0
IMMP.US,D,20221010,000000,1.7,1.76,1.65,1.71,48034,0
IMMP.US,D,20221011,000000,1.68,1.81,1.62,1.73,86064,0
IMMP.US,D,20221012,000000,1.8,1.8,1.67,1.76,26304,0
IMMP.US,D,20221013,000000,1.75,1.89,1.68,1.86,83260,0
IMMP.US,D,20221014,000000,1.88,1.97,1.8599,1.915,99198,0
IMMP.US,D,20221017,000000,1.92,1.98,1.9,1.94,33235,0
IMMP.US,D,20221018,000000,1.99,2.06,1.95,2,41708,0
IMMP.US,D,20221019,000000,2,2,1.915,1.95,62519,0
IMMP.US,D,20221020,000000,1.93,1.9898,1.89,1.89,28574,0
IMMP.US,D,20221021,000000,1.89,1.9,1.8621,1.9,12437,0
IMMP.US,D,20221024,000000,1.89,1.89,1.83,1.84,17575,0
IMMP.US,D,20221025,000000,1.85,1.88,1.8499,1.87,32121,0
IMMP.US,D,20221026,000000,1.87,1.94,1.85,1.93,24769,0
IMMP.US,D,20221027,000000,1.93,1.93,1.81,1.84,88981,0
IMMP.US,D,20221028,000000,1.82,1.8625,1.81,1.85,22485,0
IMMP.US,D,20221031,000000,1.87,1.88,1.78,1.79,34962,0
IMMP.US,D,20221101,000000,1.8,1.84,1.79,1.81,74503,0
IMMP.US,D,20221102,000000,1.93,1.93,1.8,1.8,51706,0
IMMP.US,D,20221103,000000,1.85,1.89,1.81,1.83,191461,0
IMMP.US,D,20221104,000000,1.88,2.0517,1.88,2,148730,0
IMMP.US,D,20221107,000000,2.09,2.19,2.0463,2.11,226485,0
IMMP.US,D,20221108,000000,2.18,2.2899,1.97,2.1,174995,0
IMMP.US,D,20221109,000000,1.99,2.09,1.92,1.94,105859,0
IMMP.US,D,20221110,000000,2.05,2.12,2.01,2.09,148482,0
IMMP.US,D,20221111,000000,2.12,2.35,2.11,2.29,196334,0
IMMP.US,D,20221114,000000,2.26,2.41,2.14,2.2,118222,0
IMMP.US,D,20221115,000000,2.21,2.25,2.17,2.18,74361,0
IMMP.US,D,20221116,000000,2.1527,2.18,2.03,2.05,35309,0
IMMP.US,D,20221117,000000,2.01,2.1,2.01,2.04,49308,0
IMMP.US,D,20221118,000000,2.0527,2.16,1.94,1.94,107993,0
IMMP.US,D,20221121,000000,1.93,1.9851,1.8,1.87,159619,0
IMMP.US,D,20221122,000000,1.89,2.01,1.85,1.98,126164,0
IMMP.US,D,20221123,000000,2.06,2.1,2.01,2.07,57736,0
IMMP.US,D,20221125,000000,2.13,2.44,2.13,2.27,246283,0
IMMP.US,D,20221128,000000,2.3,2.58,2.24,2.36,333867,0
IMMP.US,D,20221129,000000,2.36,2.58,2.36,2.48,199949,0
IMMP.US,D,20221130,000000,2.52,2.62,2.13,2.4,217047,0
IMMP.US,D,20221201,000000,2.46,2.56,2.45,2.53,57187,0
IMMP.US,D,20221202,000000,2.53,2.6285,2.47,2.47,91441,0
IMMP.US,D,20221205,000000,2.42,2.4925,2.22,2.24,146300,0
IMMP.US,D,20221206,000000,2.25,2.39,2.25,2.28,108281,0
IMMP.US,D,20221207,000000,2.25,2.27,2.15,2.23,65701,0
IMMP.US,D,20221208,000000,2.24,2.4,2.24,2.36,112316,0
IMMP.US,D,20221209,000000,2.34,2.3559,2.21,2.27,21607,0
IMMP.US,D,20221212,000000,2.23,2.26,2.1,2.23,169078,0
IMMP.US,D,20221213,000000,2.28,2.2907,2.1,2.13,136202,0
IMMP.US,D,20221214,000000,2.1,2.2,1.99,2,259270,0
IMMP.US,D,20221215,000000,1.96,2,1.8,1.88,209264,0
IMMP.US,D,20221216,000000,1.95,2,1.85,1.88,791767,0
IMMP.US,D,20221219,000000,1.9,1.98,1.9,1.94,159918,0
IMMP.US,D,20221220,000000,1.91,1.95,1.78,1.79,293557,0
IMMP.US,D,20221221,000000,1.8,1.87,1.8,1.82,298853,0
IMMP.US,D,20221222,000000,1.82,1.9,1.75,1.89,141225,0
IMMP.US,D,20221223,000000,2.09,2.1,1.81,2,2570943,0
IMMP.US,D,20221227,000000,1.89,1.985,1.72,1.75,440985,0
IMMP.US,D,20221228,000000,1.76,1.79,1.69,1.71,249667,0
IMMP.US,D,20221229,000000,1.7,1.7692,1.68,1.75,241035,0
IMMP.US,D,20221230,000000,1.71,1.77,1.71,1.75,64930,0
IMMP.US,D,20230103,000000,1.85,1.8547,1.7781,1.83,99075,0
IMMP.US,D,20230104,000000,1.8,1.93,1.79,1.89,159965,0
IMMP.US,D,20230105,000000,1.87,1.92,1.87,1.9,72826,0
IMMP.US,D,20230106,000000,1.9,1.98,1.88,1.98,44596,0
IMMP.US,D,20230109,000000,1.89,2.06,1.87,1.9,157747,0
IMMP.US,D,20230110,000000,1.88,2.03,1.88,2.0223,62295,0
IMMP.US,D,20230111,000000,1.96,2.03,1.96,2,97108,0
IMMP.US,D,20230112,000000,2,2,1.9501,1.99,170537,0
IMMP.US,D,20230113,000000,1.95,2.01,1.92,2.01,40862,0
IMMP.US,D,20230117,000000,2.01,2.048,1.9836,2.015,31296,0
IMMP.US,D,20230118,000000,2.03,2.03,1.965,1.98,103669,0
IMMP.US,D,20230119,000000,1.96,2.01,1.9526,2.01,18345,0
IMMP.US,D,20230120,000000,2,2.06,1.96,2.03,69574,0
IMMP.US,D,20230123,000000,2.06,2.0844,1.98,2.03,209068,0
IMMP.US,D,20230124,000000,2,2.09,2,2.06,113827,0
IMMP.US,D,20230125,000000,2.03,2.0622,1.98,2.0314,75274,0
IMMP.US,D,20230126,000000,2.02,2.08,1.91,1.93,86327,0
IMMP.US,D,20230127,000000,1.95,2.02,1.95,2,54289,0
IMMP.US,D,20230130,000000,2.02,2.02,1.96,1.99,23633,0
IMMP.US,D,20230131,000000,2,2.02,1.8701,1.95,131677,0
IMMP.US,D,20230201,000000,1.95,1.98,1.89,1.98,49845,0
IMMP.US,D,20230202,000000,1.97,2.04,1.9576,2.01,61244,0
IMMP.US,D,20230203,000000,1.97,2.03,1.9521,1.965,28063,0
IMMP.US,D,20230206,000000,1.98,1.9899,1.9,1.91,41612,0
IMMP.US,D,20230207,000000,1.99,1.99,1.88,1.9,42995,0
IMMP.US,D,20230208,000000,1.895,1.895,1.8,1.8,44540,0
IMMP.US,D,20230209,000000,1.81,1.88,1.7801,1.81,23341,0
IMMP.US,D,20230210,000000,1.81,1.82,1.8,1.81,22002,0
IMMP.US,D,20230213,000000,1.9,1.9001,1.85,1.87,71945,0
IMMP.US,D,20230214,000000,1.87,1.87,1.75,1.8,35403,0
IMMP.US,D,20230215,000000,1.76,1.83,1.75,1.77,71338,0
IMMP.US,D,20230216,000000,1.8,1.82,1.77,1.82,12717,0
IMMP.US,D,20230217,000000,1.8,1.805,1.79,1.8,18212,0
IMMP.US,D,20230221,000000,1.75,1.825,1.75,1.81,34930,0
IMMP.US,D,20230222,000000,1.8,1.84,1.75,1.75,32798,0
IMMP.US,D,20230223,000000,1.79,1.8,1.75,1.75,55260,0
IMMP.US,D,20230224,000000,1.74,1.74,1.64,1.73,93950,0
IMMP.US,D,20230227,000000,1.72,1.75,1.64,1.66,51757,0
IMMP.US,D,20230228,000000,1.65,1.6699,1.62,1.63,22328,0
IMMP.US,D,20230301,000000,1.63,1.69,1.6,1.65,51620,0
IMMP.US,D,20230302,000000,1.68,1.74,1.6673,1.705,107060,0
IMMP.US,D,20230303,000000,1.71,1.76,1.69,1.71,36133,0
IMMP.US,D,20230306,000000,1.72,1.7769,1.72,1.755,43414,0
IMMP.US,D,20230307,000000,1.7938,1.81,1.75,1.78,26857,0
IMMP.US,D,20230308,000000,1.76,1.85,1.75,1.79,51125,0
IMMP.US,D,20230309,000000,1.85,1.85,1.75,1.79,30789,0
IMMP.US,D,20230310,000000,1.79,1.79,1.7,1.72,48281,0
IMMP.US,D,20230313,000000,1.72,1.73,1.66,1.66,32990,0
IMMP.US,D,20230314,000000,1.7,1.79,1.7,1.745,48851,0
IMMP.US,D,20230315,000000,1.68,1.73,1.68,1.73,41569,0
IMMP.US,D,20230316,000000,1.69,1.8,1.69,1.76,46878,0
IMMP.US,D,20230317,000000,1.76,1.89,1.7301,1.79,141178,0
IMMP.US,D,20230320,000000,1.84,1.84,1.74,1.8,18700,0
IMMP.US,D,20230321,000000,1.84,1.8875,1.74,1.83,110381,0
IMMP.US,D,20230322,000000,1.86,1.8813,1.8,1.82,41980,0
IMMP.US,D,20230323,000000,1.82,1.85,1.6785,1.8,1041540,0
IMMP.US,D,20230324,000000,1.7675,1.77,1.76,1.77,55010,0
IMMP.US,D,20230327,000000,1.75,1.75,1.66,1.66,35158,0
IMMP.US,D,20230328,000000,1.65,1.7099,1.65,1.66,18220,0
IMMP.US,D,20230329,000000,1.6999,1.75,1.66,1.66,54943,0
IMMP.US,D,20230330,000000,1.68,1.74,1.68,1.72,31626,0
IMMP.US,D,20230331,000000,1.77,1.78,1.65,1.68,209433,0
IMMP.US,D,20230403,000000,1.73,1.73,1.62,1.635,153479,0
IMMP.US,D,20230404,000000,1.67,1.72,1.59,1.6,88828,0
IMMP.US,D,20230405,000000,1.65,1.65,1.6,1.6,61354,0
IMMP.US,D,20230406,000000,1.6298,1.67,1.61,1.66,66568,0
IMMP.US,D,20230410,000000,1.62,1.6999,1.61,1.62,63988,0
IMMP.US,D,20230411,000000,1.5894,1.71,1.58,1.6,107733,0
IMMP.US,D,20230412,000000,1.58,1.66,1.58,1.6,41790,0
IMMP.US,D,20230413,000000,1.595,1.65,1.59,1.59,77348,0
IMMP.US,D,20230414,000000,1.62,1.63,1.59,1.59,29131,0
IMMP.US,D,20230417,000000,1.58,1.6212,1.58,1.59,45184,0
IMMP.US,D,20230418,000000,1.6,1.61,1.57,1.57,74876,0
IMMP.US,D,20230419,000000,1.55,1.655,1.55,1.61,683202,0
IMMP.US,D,20230420,000000,1.5901,1.67,1.59,1.63,111760,0
IMMP.US,D,20230421,000000,1.58,1.65,1.58,1.63,84031,0
IMMP.US,D,20230424,000000,1.63,1.71,1.62,1.63,80275,0
IMMP.US,D,20230425,000000,1.62,1.7,1.61,1.66,71457,0
IMMP.US,D,20230426,000000,1.71,1.7423,1.64,1.64,146245,0
IMMP.US,D,20230427,000000,1.68,1.739,1.63,1.65,122451,0
IMMP.US,D,20230428,000000,1.65,1.705,1.64,1.64,97476,0
IMMP.US,D,20230501,000000,1.665,1.68,1.66,1.68,65476,0
IMMP.US,D,20230502,000000,1.67,1.74,1.6,1.65,99624,0
IMMP.US,D,20230503,000000,1.66,1.66,1.59,1.625,32658,0
IMMP.US,D,20230504,000000,1.64,1.685,1.63,1.66,61474,0
IMMP.US,D,20230505,000000,1.68,1.7,1.62,1.64,70698,0
IMMP.US,D,20230508,000000,1.67,1.7149,1.6,1.6,49691,0
IMMP.US,D,20230509,000000,1.63,1.65,1.52,1.56,95778,0
IMMP.US,D,20230510,000000,1.55,1.59,1.54,1.56,53224,0
IMMP.US,D,20230511,000000,1.58,1.61,1.51,1.59,75381,0
IMMP.US,D,20230512,000000,1.61,1.61,1.52,1.55,44178,0
IMMP.US,D,20230515,000000,1.55,1.57,1.5,1.54,133327,0
IMMP.US,D,20230516,000000,1.61,1.67,1.57,1.59,164642,0
IMMP.US,D,20230517,000000,1.86,3.9,1.77,2.62,78984480,0
IMMP.US,D,20230518,000000,2.45,2.8,2.37,2.43,5313863,0
IMMP.US,D,20230519,000000,2.44,2.63,2.4,2.45,2042582,0
IMMP.US,D,20230522,000000,2.41,2.44,2.16,2.33,1360952,0
IMMP.US,D,20230523,000000,2.21,2.3687,2.21,2.3,553255,0
IMMP.US,D,20230524,000000,2.52,2.74,2.4,2.45,3430389,0
IMMP.US,D,20230525,000000,2.47,2.52,2.2513,2.3,613987,0
IMMP.US,D,20230526,000000,2.2,2.23,2.06,2.13,646805,0
IMMP.US,D,20230530,000000,2.1,2.1399,2,2.01,471112,0
IMMP.US,D,20230602,000000,1.9,2.17,1.87,2.07,1748784,0
IMMP.US,D,20230605,000000,2.07,2.11,2,2.09,491485,0
IMMP.US,D,20230606,000000,2.08,2.21,2.07,2.18,338641,0
IMMP.US,D,20230607,000000,2.14,2.19,2.11,2.17,181900,0
IMMP.US,D,20230608,000000,2.13,2.15,2.04,2.05,281085,0
IMMP.US,D,20230609,000000,2.05,2.1,2.03,2.05,201574,0
IMMP.US,D,20230612,000000,2.02,2.0982,1.99,2.01,182446,0
IMMP.US,D,20230613,000000,2.01,2.17,1.97,2.13,456051,0
IMMP.US,D,20230614,000000,2.08,2.18,2.08,2.14,203469,0
IMMP.US,D,20230615,000000,2.09,2.1679,2.09,2.13,244682,0
IMMP.US,D,20230616,000000,2.13,2.15,2.06,2.1,177305,0
IMMP.US,D,20230620,000000,2.1,2.15,2.05,2.07,327267,0
IMMP.US,D,20230621,000000,2.07,2.085,2.01,2.04,126093,0
IMMP.US,D,20230622,000000,2.02,2.02,1.9252,1.95,239542,0
IMMP.US,D,20230623,000000,1.92,1.98,1.92,1.96,92302,0
IMMP.US,D,20230626,000000,1.93,1.96,1.92,1.93,62961,0
IMMP.US,D,20230627,000000,1.92,1.96,1.9,1.95,112639,0
IMMP.US,D,20230628,000000,2.01,2.03,1.97,2,237670,0
IMMP.US,D,20230629,000000,2.04,2.135,2.03,2.12,392858,0
IMMP.US,D,20230630,000000,2.1,2.17,2.07,2.11,292708,0
IMMP.US,D,20230703,000000,2.08,2.16,2.0408,2.16,244408,0
IMMP.US,D,20230705,000000,2.16,2.32,2.1073,2.18,490548,0
IMMP.US,D,20230706,000000,2.18,2.18,2.045,2.12,334865,0
IMMP.US,D,20230707,000000,2.08,2.15,2.06,2.1,109164,0
IMMP.US,D,20230710,000000,2.08,2.15,2.07,2.12,106140,0
IMMP.US,D,20230711,000000,2.12,2.15,2.0915,2.15,81889,0
IMMP.US,D,20230712,000000,2.14,2.16,2.1099,2.16,141055,0
IMMP.US,D,20230713,000000,2.15,2.18,2.14,2.16,124093,0
IMMP.US,D,20230714,000000,2.16,2.2292,2.15,2.18,275441,0
IMMP.US,D,20230717,000000,2.17,2.38,2.17,2.25,377958,0
IMMP.US,D,20230718,000000,2.24,2.4,2.23,2.37,338283,0
IMMP.US,D,20230719,000000,2.4,2.46,2.25,2.25,248765,0
IMMP.US,D,20230720,000000,2.3,2.3197,2.18,2.27,154324,0
IMMP.US,D,20230721,000000,2.27,2.31,2.21,2.31,241547,0
IMMP.US,D,20230724,000000,2.33,2.33,2.23,2.27,229996,0
IMMP.US,D,20230725,000000,2.24,2.28,2.215,2.23,96366,0
IMMP.US,D,20230726,000000,2.23,2.24,2.18,2.21,40570,0
IMMP.US,D,20230727,000000,2.23,2.24,2.055,2.1,505676,0
IMMP.US,D,20230728,000000,2.1,2.18,2.1,2.16,64649,0
IMMP.US,D,20230731,000000,2.18,2.18,2.105,2.16,217780,0
IMMP.US,D,20230801,000000,2.17,2.1959,2.1301,2.17,142720,0
IMMP.US,D,20230802,000000,2.12,2.135,2.1,2.13,145250,0
IMMP.US,D,20230803,000000,2.14,2.21,2.1,2.11,387213,0
IMMP.US,D,20230804,000000,2.1,2.13,2.06,2.11,232181,0
IMMP.US,D,20230807,000000,2.06,2.13,2.06,2.12,91361,0
IMMP.US,D,20230808,000000,2.08,2.09,2.02,2.04,83414,0
IMMP.US,D,20230809,000000,2.05,2.05,2,2,156579,0
IMMP.US,D,20230810,000000,2,2.07,1.9611,1.99,136069,0
IMMP.US,D,20230811,000000,2.01,2.06,1.99,2.01,81199,0
IMMP.US,D,20230814,000000,1.99,2.0099,1.93,2,64438,0
IMMP.US,D,20230815,000000,1.97,2.025,1.96,2.01,91830,0
IMMP.US,D,20230816,000000,2,2,1.92,1.96,74992,0
IMMP.US,D,20230817,000000,1.92,1.9399,1.83,1.87,97020,0
IMMP.US,D,20230818,000000,1.84,1.8618,1.75,1.815,154860,0
IMMP.US,D,20230821,000000,1.81,1.87,1.77,1.8,89190,0
IMMP.US,D,20230822,000000,1.78,1.86,1.76,1.78,75289,0
IMMP.US,D,20230823,000000,1.78,1.87,1.75,1.75,138934,0
IMMP.US,D,20230824,000000,1.76,1.93,1.7569,1.88,171405,0
IMMP.US,D,20230825,000000,1.87,1.9,1.82,1.89,79804,0
IMMP.US,D,20230828,000000,1.86,1.89,1.8199,1.86,220806,0
IMMP.US,D,20230829,000000,1.85,1.88,1.83,1.87,64743,0
IMMP.US,D,20230830,000000,1.88,1.9,1.86,1.87,128351,0
IMMP.US,D,20230831,000000,1.9,1.93,1.8698,1.9,146356,0
IMMP.US,D,20230901,000000,1.87,1.94,1.87,1.92,136068,0
IMMP.US,D,20230905,000000,1.93,1.95,1.87,1.92,82776,0
IMMP.US,D,20230906,000000,1.91,1.92,1.88,1.89,156473,0
IMMP.US,D,20230907,000000,1.9,1.91,1.83,1.91,86661,0
IMMP.US,D,20230908,000000,1.91,1.95,1.89,1.935,103991,0
IMMP.US,D,20230911,000000,1.94,1.99,1.92,1.97,308943,0
IMMP.US,D,20230912,000000,1.95,1.99,1.94,1.95,88828,0
IMMP.US,D,20230913,000000,1.95,1.96,1.92,1.92,100426,0
IMMP.US,D,20230914,000000,1.96,1.99,1.9201,1.99,61035,0
IMMP.US,D,20230915,000000,2,2.03,1.94,2.02,75692,0
IMMP.US,D,20230918,000000,2.02,2.02,1.97,2,117737,0
IMMP.US,D,20230919,000000,1.99,1.99,1.95,1.97,62360,0
IMMP.US,D,20230920,000000,2.01,2.01,1.94,1.98,60329,0
IMMP.US,D,20230921,000000,1.97,1.97,1.915,1.97,67566,0
IMMP.US,D,20230922,000000,1.93,1.9874,1.93,1.98,83159,0
IMMP.US,D,20230925,000000,1.98,2.15,1.95,2.06,196474,0
IMMP.US,D,20230926,000000,2.04,2.04,1.94,1.95,126562,0
IMMP.US,D,20230927,000000,1.95,1.97,1.91,1.92,51207,0
IMMP.US,D,20230928,000000,1.92,1.9222,1.86,1.86,56668,0
IMMP.US,D,20230929,000000,1.86,1.91,1.81,1.9,84261,0
IMMP.US,D,20231002,000000,1.87,1.89,1.82,1.84,43937,0
IMMP.US,D,20231003,000000,1.82,1.87,1.78,1.8,56287,0
IMMP.US,D,20231004,000000,1.8399,1.9,1.77,1.805,96818,0
IMMP.US,D,20231005,000000,1.75,1.84,1.75,1.81,41829,0
IMMP.US,D,20231006,000000,1.78,1.85,1.75,1.84,33186,0
IMMP.US,D,20231009,000000,1.79,1.83,1.76,1.77,74853,0
IMMP.US,D,20231010,000000,1.76,1.79,1.75,1.7702,88200,0
IMMP.US,D,20231011,000000,1.79,1.81,1.7514,1.8,23650,0
IMMP.US,D,20231012,000000,1.81,1.82,1.75,1.76,64492,0
IMMP.US,D,20231013,000000,1.77,1.85,1.72,1.84,189620,0
IMMP.US,D,20231016,000000,1.95,2.05,1.752,1.82,505016,0
IMMP.US,D,20231017,000000,1.84,1.95,1.79,1.83,230590,0
IMMP.US,D,20231018,000000,1.79,1.82,1.76,1.79,173126,0
IMMP.US,D,20231019,000000,1.84,1.9373,1.78,1.85,142830,0
IMMP.US,D,20231020,000000,1.85,2.05,1.78,2.04,422446,0
IMMP.US,D,20231023,000000,2.06,2.24,1.89,2.03,1290829,0
IMMP.US,D,20231024,000000,2.06,2.12,1.85,1.88,307691,0
IMMP.US,D,20231025,000000,1.96,1.96,1.87,1.93,230016,0
IMMP.US,D,20231026,000000,1.96,1.99,1.87,1.94,176706,0
IMMP.US,D,20231027,000000,1.91,1.99,1.79,1.87,172929,0
IMMP.US,D,20231030,000000,1.87,1.91,1.82,1.83,265112,0
IMMP.US,D,20231031,000000,1.85,1.9,1.83,1.89,130177,0
IMMP.US,D,20231101,000000,1.87,1.9085,1.834,1.87,110930,0
IMMP.US,D,20231102,000000,1.8486,1.95,1.81,1.86,94362,0
IMMP.US,D,20231103,000000,1.9,1.92,1.84,1.9,137818,0
IMMP.US,D,20231106,000000,1.98,1.98,1.85,1.9,126599,0
IMMP.US,D,20231107,000000,1.85,1.89,1.85,1.87,56491,0
IMMP.US,D,20231108,000000,1.85,1.86,1.8,1.82,94751,0
IMMP.US,D,20231109,000000,1.84,1.85,1.72,1.78,87409,0
IMMP.US,D,20231110,000000,1.77,1.82,1.71,1.78,140315,0
IMMP.US,D,20231113,000000,1.8,1.85,1.75,1.77,110216,0
IMMP.US,D,20231114,000000,1.8,1.91,1.75,1.85,229267,0
IMMP.US,D,20231115,000000,1.88,1.88,1.83,1.84,49883,0
IMMP.US,D,20231116,000000,1.84,1.91,1.84,1.89,74949,0
IMMP.US,D,20231117,000000,1.85,1.915,1.8205,1.88,49709,0
IMMP.US,D,20231120,000000,1.86,1.9181,1.8212,1.87,64783,0
IMMP.US,D,20231121,000000,1.84,1.92,1.58,1.865,384943,0
IMMP.US,D,20231122,000000,1.86,1.9,1.845,1.88,41627,0
IMMP.US,D,20231124,000000,1.87,1.98,1.83,1.92,77639,0
IMMP.US,D,20231127,000000,1.94,1.99,1.91,1.93,59377,0
IMMP.US,D,20231128,000000,1.96,1.99,1.85,1.86,99048,0
IMMP.US,D,20231129,000000,1.9,1.97,1.84,1.92,112727,0
IMMP.US,D,20231130,000000,1.98,2.01,1.9064,1.99,85853,0
IMMP.US,D,20231201,000000,1.97,2.01,1.95,1.99,83313,0
IMMP.US,D,20231204,000000,1.97,2.15,1.97,2.06,228299,0
IMMP.US,D,20231205,000000,2.05,2.12,2.02,2.05,113591,0
IMMP.US,D,20231206,000000,2.05,2.11,2.035,2.06,87727,0
IMMP.US,D,20231207,000000,2.08,2.15,2.05,2.07,75960,0
IMMP.US,D,20231208,000000,2.11,2.15,2.05,2.08,49818,0
IMMP.US,D,20231211,000000,2.05,2.14,2.01,2.07,147238,0
IMMP.US,D,20231212,000000,2.05,2.075,2,2.02,142037,0
IMMP.US,D,20231213,000000,2.03,2.14,1.98,2.11,131520,0
IMMP.US,D,20231214,000000,2.09,2.18,2.08,2.12,124311,0
IMMP.US,D,20231215,000000,2.14,2.54,2.135,2.49,1625643,0
IMMP.US,D,20231218,000000,2.46,2.46,2.29,2.35,350611,0
IMMP.US,D,20231219,000000,2.369,2.49,2.34,2.44,152430,0
IMMP.US,D,20231220,000000,2.41,2.48,2.27,2.34,166288,0
IMMP.US,D,20231221,000000,2.33,2.33,2.23,2.29,142669,0
IMMP.US,D,20231222,000000,2.3,2.35,2.23,2.33,87839,0
IMMP.US,D,20231226,000000,2.36,2.36,2.31,2.35,72828,0
IMMP.US,D,20231227,000000,2.32,2.46,2.2227,2.46,158371,0
IMMP.US,D,20231228,000000,2.38,2.5,2.38,2.46,127606,0
IMMP.US,D,20231229,000000,2.44,2.46,2.35,2.4,56374,0
IMMP.US,D,20240102,000000,2.45,2.45,2.32,2.35,62216,0
IMMP.US,D,20240103,000000,2.39,2.39,2.27,2.31,52681,0
IMMP.US,D,20240104,000000,2.3,2.42,2.28,2.41,161745,0
IMMP.US,D,20240105,000000,2.43,2.44,2.31,2.4,109604,0
IMMP.US,D,20240108,000000,2.37,2.52,2.28,2.41,167201,0
IMMP.US,D,20240109,000000,2.41,2.51,2.41,2.44,260971,0
IMMP.US,D,20240110,000000,2.52,2.7309,2.49,2.67,266226,0
IMMP.US,D,20240111,000000,2.67,2.67,2.51,2.56,163223,0
IMMP.US,D,20240112,000000,2.58,2.62,2.45,2.58,87019,0
IMMP.US,D,20240116,000000,2.6,2.6,2.32,2.44,167912,0
IMMP.US,D,20240117,000000,2.43,2.46,2.36,2.41,104257,0
IMMP.US,D,20240118,000000,2.37,2.41,2.24,2.27,190504,0
IMMP.US,D,20240119,000000,2.3,2.4,2.22,2.26,143212,0
IMMP.US,D,20240122,000000,2.3,2.4,2.2713,2.32,98771,0
IMMP.US,D,20240123,000000,2.39,2.39,2.24,2.25,56908,0
IMMP.US,D,20240124,000000,2.3,2.32,2.11,2.13,83393,0
IMMP.US,D,20240125,000000,2.13,2.23,2.1,2.14,138400,0
IMMP.US,D,20240126,000000,2.12,2.2,2.12,2.14,79838,0
IMMP.US,D,20240129,000000,2.16,2.19,2.1,2.14,63222,0
IMMP.US,D,20240130,000000,2.13,2.3,2.12,2.14,92826,0
IMMP.US,D,20240131,000000,2.13,2.27,2.13,2.17,149367,0
IMMP.US,D,20240201,000000,2.17,2.21,2.1,2.2,51015,0
IMMP.US,D,20240202,000000,2.21,2.21,2.08,2.11,114131,0
IMMP.US,D,20240205,000000,2.14,2.17,2.14,2.16,78551,0
IMMP.US,D,20240206,000000,2.2,2.29,2.17,2.28,91230,0
IMMP.US,D,20240207,000000,2.32,2.43,2.25,2.38,107818,0
IMMP.US,D,20240208,000000,2.4,2.4,2.31,2.35,46348,0
IMMP.US,D,20240209,000000,2.35,2.39,2.3,2.34,36414,0
IMMP.US,D,20240212,000000,2.34,2.35,2.26,2.31,68513,0
IMMP.US,D,20240213,000000,2.26,2.38,2.21,2.25,60100,0
IMMP.US,D,20240214,000000,2.24,2.29,2.21,2.29,58465,0
IMMP.US,D,20240215,000000,2.23,2.31,2.21,2.3,39662,0
IMMP.US,D,20240216,000000,2.22,2.33,2.2189,2.3,101506,0
IMMP.US,D,20240220,000000,2.23,2.34,2.21,2.23,181954,0
IMMP.US,D,20240221,000000,2.17,2.3,2.17,2.23,132065,0
IMMP.US,D,20240222,000000,2.27,2.365,2.24,2.28,107481,0
IMMP.US,D,20240223,000000,2.23,2.29,2.19,2.24,31623,0
IMMP.US,D,20240226,000000,2.26,2.29,2.18,2.26,100516,0
IMMP.US,D,20240227,000000,2.26,2.39,2.2402,2.33,136703,0
IMMP.US,D,20240228,000000,2.4,2.45,2.25,2.28,50043,0
IMMP.US,D,20240229,000000,2.28,2.4,2.28,2.34,75462,0
IMMP.US,D,20240301,000000,2.39,2.39,2.28,2.3,50454,0
IMMP.US,D,20240304,000000,2.27,2.49,2.25,2.35,136336,0
IMMP.US,D,20240305,000000,2.5,2.69,2.5,2.61,528073,0
IMMP.US,D,20240306,000000,2.59,2.75,2.47,2.73,572497,0
IMMP.US,D,20240307,000000,2.7,2.95,2.67,2.89,517837,0
IMMP.US,D,20240308,000000,2.92,2.92,2.7,2.75,388289,0
IMMP.US,D,20240311,000000,2.68,2.6999,2.53,2.55,115637,0
IMMP.US,D,20240312,000000,2.55,2.64,2.5,2.55,58929,0
IMMP.US,D,20240313,000000,2.5001,2.7,2.5001,2.61,147126,0
IMMP.US,D,20240314,000000,2.58,2.58,2.43,2.52,106452,0
IMMP.US,D,20240315,000000,2.5,2.55,2.35,2.39,222549,0
IMMP.US,D,20240318,000000,2.35,2.44,2.35,2.42,65781,0
IMMP.US,D,20240319,000000,2.37,2.48,2.36,2.42,98228,0
IMMP.US,D,20240320,000000,2.45,2.48,2.39,2.44,76178,0
IMMP.US,D,20240321,000000,2.46,2.525,2.39,2.51,96717,0
IMMP.US,D,20240322,000000,2.48,2.57,2.42,2.47,75041,0
IMMP.US,D,20240325,000000,2.47,2.54,2.45,2.5,58769,0
IMMP.US,D,20240326,000000,2.52,2.57,2.36,2.39,149486,0
IMMP.US,D,20240327,000000,2.39,2.43,2.35,2.39,89235,0
IMMP.US,D,20240328,000000,2.4,2.466,2.3,2.33,112564,0
IMMP.US,D,20240401,000000,2.32,2.45,2.32,2.45,105362,0
IMMP.US,D,20240402,000000,2.42,2.55,2.42,2.54,183399,0
IMMP.US,D,20240403,000000,2.57,2.57,2.47,2.52,129772,0
IMMP.US,D,20240404,000000,2.55,2.776,2.51,2.76,279138,0
IMMP.US,D,20240405,000000,2.78,2.85,2.7,2.8,169978,0
IMMP.US,D,20240408,000000,2.85,3.05,2.72,2.78,400244,0
IMMP.US,D,20240409,000000,2.81,2.9,2.67,2.67,164740,0
IMMP.US,D,20240410,000000,2.71,2.72,2.51,2.53,98592,0
IMMP.US,D,20240411,000000,2.57,2.69,2.47,2.53,175555,0
IMMP.US,D,20240412,000000,2.52,2.6,2.43,2.49,112793,0
IMMP.US,D,20240415,000000,2.47,2.47,2.23,2.31,219587,0
IMMP.US,D,20240416,000000,2.31,2.38,2.26,2.26,84528,0
IMMP.US,D,20240417,000000,2.26,2.4,2.11,2.26,197424,0
IMMP.US,D,20240418,000000,2.25,2.33,2.15,2.2,270168,0
IMMP.US,D,20240419,000000,2.2,2.32,2.2,2.245,88278,0
IMMP.US,D,20240422,000000,2.2,2.46,2.2,2.32,170669,0
IMMP.US,D,20240423,000000,2.35,2.58,2.3327,2.51,77995,0
IMMP.US,D,20240424,000000,2.78,3.03,2.4,2.59,1404786,0
IMMP.US,D,20240425,000000,2.66,2.66,2.55,2.6,246865,0
IMMP.US,D,20240426,000000,2.61,2.7,2.61,2.65,886017,0
IMMP.US,D,20240429,000000,2.78,2.8,2.56,2.67,612450,0
IMMP.US,D,20240430,000000,2.69,2.76,2.62,2.69,254566,0
IMMP.US,D,20240501,000000,2.66,2.66,2.57,2.6,212200,0
IMMP.US,D,20240502,000000,2.73,2.74,2.6,2.69,168591,0
IMMP.US,D,20240503,000000,2.78,2.89,2.73,2.82,315670,0
IMMP.US,D,20240506,000000,2.91,3.04,2.91,3,515705,0
IMMP.US,D,20240507,000000,3.02,3.08,2.9,2.92,543609,0
IMMP.US,D,20240508,000000,2.92,3.04,2.8,2.99,184291,0
IMMP.US,D,20240509,000000,2.96,3.02,2.9399,3.01,219650,0
IMMP.US,D,20240510,000000,3.01,3.07,2.87,2.88,226065,0
IMMP.US,D,20240513,000000,2.88,3.06,2.87,2.93,210686,0
IMMP.US,D,20240514,000000,3,3,2.89,2.93,77346,0
IMMP.US,D,20240515,000000,3.08,3.09,2.8,2.82,261092,0
IMMP.US,D,20240516,000000,2.83,2.95,2.82,2.92,92459,0
IMMP.US,D,20240517,000000,3,3.0791,2.94,2.96,130722,0
IMMP.US,D,20240520,000000,3.08,3.16,2.98,3.1,243432,0
IMMP.US,D,20240521,000000,3.06,3.335,3.05,3.23,221969,0
IMMP.US,D,20240522,000000,3.21,3.27,3.07,3.12,222100,0
IMMP.US,D,20240523,000000,3.14,3.14,2.9,2.99,242912,0
IMMP.US,D,20240524,000000,2.99,3.12,2.6705,2.84,320058,0
IMMP.US,D,20240528,000000,2.89,2.94,2.81,2.85,157782,0
IMMP.US,D,20240529,000000,2.81,2.95,2.78,2.8,206908,0
IMMP.US,D,20240530,000000,2.8,2.92,2.77,2.87,185945,0
IMMP.US,D,20240531,000000,2.93,3.05,2.87,2.98,180510,0
IMMP.US,D,20240605,000000,2.68,2.7,2.45,2.62,1200482,0
IMMP.US,D,20240606,000000,2.65,2.86,2.61,2.85,387318,0
IMMP.US,D,20240607,000000,2.85,2.85,2.65,2.67,121472,0
IMMP.US,D,20240610,000000,2.7,2.7085,2.565,2.64,395763,0
IMMP.US,D,20240611,000000,2.7,2.74,2.5901,2.71,163707,0
IMMP.US,D,20240612,000000,2.77,2.77,2.46,2.56,311961,0
IMMP.US,D,20240613,000000,2.65,2.75,2.62,2.73,128437,0
IMMP.US,D,20240614,000000,2.75,2.79,2.68,2.71,129648,0
IMMP.US,D,20240617,000000,2.69,2.77,2.6,2.69,193478,0
IMMP.US,D,20240618,000000,2.65,2.72,2.52,2.57,255652,0
IMMP.US,D,20240620,000000,2.52,2.62,2.47,2.59,196852,0
IMMP.US,D,20240621,000000,2.69,2.75,2.67,2.74,168604,0
IMMP.US,D,20240624,000000,2.71,2.77,2.65,2.66,153520,0
IMMP.US,D,20240625,000000,2.7,2.72,2.6,2.63,155190,0
IMMP.US,D,20240626,000000,2.78,2.8,2.71,2.77,258695,0
IMMP.US,D,20240627,000000,1.88,2.03,1.66,1.87,2530735,0
IMMP.US,D,20240628,000000,1.86,2.04,1.85,2.01,764154,0
IMMP.US,D,20240701,000000,2.01,2.1,1.97,2.01,240624,0
IMMP.US,D,20240702,000000,1.97,1.97,1.83,1.88,302973,0
IMMP.US,D,20240703,000000,1.95,2.04,1.91,1.98,93553,0
IMMP.US,D,20240705,000000,1.94,2,1.9,1.94,157327,0
IMMP.US,D,20240708,000000,2,2.02,1.94,1.96,132481,0
IMMP.US,D,20240709,000000,1.98,2,1.92,1.98,82119,0
IMMP.US,D,20240710,000000,1.97,2,1.91,2,133731,0
IMMP.US,D,20240711,000000,2,2.055,1.96,2.01,1004229,0
IMMP.US,D,20240712,000000,2.36,2.6,2.13,2.31,6009681,0
IMMP.US,D,20240715,000000,2.21,2.2209,1.96,2.04,975118,0
IMMP.US,D,20240716,000000,2.05,2.11,1.9505,2.03,384682,0
IMMP.US,D,20240717,000000,2.07,2.13,1.98,2,482478,0
IMMP.US,D,20240718,000000,2,2.015,1.88,1.94,255236,0
IMMP.US,D,20240719,000000,1.91,1.99,1.88,1.94,196749,0
IMMP.US,D,20240722,000000,1.91,1.95,1.87,1.9,262998,0
IMMP.US,D,20240723,000000,1.9,2.09,1.9,2.04,284351,0
IMMP.US,D,20240724,000000,2.05,2.15,2.01,2.1,200997,0
IMMP.US,D,20240725,000000,2.07,2.14,2.07,2.13,225742,0
IMMP.US,D,20240726,000000,2.14,2.18,2.12,2.17,102362,0
IMMP.US,D,20240729,000000,2.13,2.2,2.1215,2.17,86596,0
IMMP.US,D,20240730,000000,2.16,2.2,2.12,2.15,140687,0
IMMP.US,D,20240731,000000,2.12,2.2,2.12,2.16,116465,0
IMMP.US,D,20240801,000000,2.15,2.175,2.07,2.075,162133,0
IMMP.US,D,20240802,000000,2.03,2.055,1.97,2,193060,0
IMMP.US,D,20240805,000000,1.85,1.855,1.7,1.77,269646,0
IMMP.US,D,20240806,000000,1.83,1.88,1.795,1.83,158085,0
IMMP.US,D,20240807,000000,1.85,2.02,1.85,1.87,165406,0
IMMP.US,D,20240808,000000,1.88,1.92,1.85,1.89,180294,0
IMMP.US,D,20240809,000000,1.99,2.07,1.94,1.98,288899,0
IMMP.US,D,20240812,000000,1.98,2.02,1.93,1.95,85242,0
IMMP.US,D,20240813,000000,1.94,2.06,1.935,1.99,108861,0
IMMP.US,D,20240814,000000,2.06,2.18,2.055,2.16,326394,0
IMMP.US,D,20240815,000000,2.19,2.2,2.15,2.17,119315,0
IMMP.US,D,20240816,000000,2.22,2.35,2.22,2.26,178905,0
IMMP.US,D,20240819,000000,2.29,2.35,2.26,2.32,122639,0
IMMP.US,D,20240820,000000,2.42,2.42,2.28,2.29,127407,0
IMMP.US,D,20240821,000000,2.35,2.39,2.31,2.35,113233,0
IMMP.US,D,20240822,000000,2.35,2.5,2.35,2.4,176641,0
IMMP.US,D,20240823,000000,2.43,2.49,2.36,2.43,120906,0
IMMP.US,D,20240826,000000,2.45,2.45,2.35,2.39,64985,0
IMMP.US,D,20240827,000000,2.4295,2.43,2.3701,2.39,94160,0
IMMP.US,D,20240828,000000,2.46,2.54,2.44,2.51,129219,0
IMMP.US,D,20240829,000000,2.5,2.5,2.38,2.48,104533,0
IMMP.US,D,20240830,000000,2.52,2.6496,2.5,2.63,218343,0
IMMP.US,D,20240903,000000,2.59,2.61,2.43,2.53,186376,0
IMMP.US,D,20240904,000000,2.5,2.58,2.5,2.53,48745,0
IMMP.US,D,20240905,000000,2.55,2.59,2.5,2.57,61554,0
IMMP.US,D,20240906,000000,2.58,2.6,2.53,2.54,52310,0
IMMP.US,D,20240909,000000,2.58,2.7,2.55,2.61,135311,0
IMMP.US,D,20240910,000000,2.63,2.67,2.55,2.58,69331,0
IMMP.US,D,20240911,000000,2.67,2.72,2.55,2.59,315609,0
IMMP.US,D,20240912,000000,2.57,2.7,2.57,2.63,136616,0
IMMP.US,D,20240913,000000,2.62,2.68,2.61,2.64,88940,0
IMMP.US,D,20240916,000000,2.4,2.41,1.88,2.31,567062,0
IMMP.US,D,20240917,000000,2.32,2.32,2.18,2.23,196907,0
IMMP.US,D,20240918,000000,2.24,2.33,2.22,2.23,142843,0
IMMP.US,D,20240919,000000,2.27,2.3399,2.24,2.25,85528,0
IMMP.US,D,20240920,000000,2.27,2.36,2.2501,2.31,174309,0
IMMP.US,D,20240923,000000,2.29,2.31,2.26,2.29,51485,0
IMMP.US,D,20240924,000000,2.26,2.36,2.26,2.32,49621,0
IMMP.US,D,20240925,000000,2.34,2.34,2.2,2.21,113250,0
IMMP.US,D,20240926,000000,2.26,2.31,2.24,2.27,71674,0
IMMP.US,D,20240927,000000,2.31,2.31,2.18,2.22,102481,0
IMMP.US,D,20240930,000000,2.25,2.26,2.2017,2.21,35872,0
IMMP.US,D,20241001,000000,2.215,2.215,2.08,2.15,217861,0
IMMP.US,D,20241002,000000,2.14,2.14,2.1,2.115,54244,0
IMMP.US,D,20241003,000000,2.14,2.14,2.08,2.08,86097,0
IMMP.US,D,20241004,000000,2.09,2.09,2.02,2.05,85661,0
IMMP.US,D,20241007,000000,2.06,2.09,2.02,2.05,100051,0
IMMP.US,D,20241008,000000,2.05,2.09,2.01,2.025,55756,0
IMMP.US,D,20241009,000000,2.01,2.09,1.99,2,85495,0
IMMP.US,D,20241010,000000,2.04,2.13,2.04,2.075,92987,0
IMMP.US,D,20241011,000000,2.08,2.08,2.04,2.06,87072,0
IMMP.US,D,20241014,000000,2.04,2.11,2.04,2.105,104283,0
IMMP.US,D,20241015,000000,2.12,2.12,2.03,2.06,41589,0
IMMP.US,D,20241016,000000,2.06,2.09,2.0099,2.04,43849,0
IMMP.US,D,20241017,000000,2.06,2.06,1.96,1.99,125142,0
IMMP.US,D,20241018,000000,2,2.02,1.96,1.99,63768,0
IMMP.US,D,20241021,000000,1.94,1.9899,1.92,1.935,50189,0
IMMP.US,D,20241022,000000,1.92,1.97,1.91,1.95,48963,0
IMMP.US,D,20241023,000000,1.92,1.98,1.91,1.93,49023,0
IMMP.US,D,20241024,000000,1.95,1.9593,1.86,1.89,84388,0
IMMP.US,D,20241025,000000,1.91,1.91,1.86,1.9,39963,0
IMMP.US,D,20241028,000000,1.93,1.97,1.88,1.915,71894,0
IMMP.US,D,20241029,000000,1.92,1.96,1.8902,1.94,88961,0
IMMP.US,D,20241030,000000,1.95,1.95,1.86,1.95,91844,0
IMMP.US,D,20241031,000000,1.92,1.95,1.8,1.815,132965,0
IMMP.US,D,20241101,000000,1.8,1.865,1.8,1.82,43928,0
IMMP.US,D,20241104,000000,1.81,1.88,1.81,1.83,37767,0
IMMP.US,D,20241105,000000,1.83,1.89,1.77,1.82,91332,0
IMMP.US,D,20241106,000000,1.85,1.87,1.83,1.83,35475,0
IMMP.US,D,20241107,000000,1.81,1.85,1.8,1.84,70058,0
IMMP.US,D,20241108,000000,1.85,1.94,1.85,1.855,61712,0
IMMP.US,D,20241111,000000,1.93,2.06,1.93,1.98,189109,0
IMMP.US,D,20241112,000000,1.96,2.0199,1.93,1.98,99045,0
IMMP.US,D,20241113,000000,1.96,1.97,1.85,1.87,198915,0
IMMP.US,D,20241114,000000,2.08,2.16,2.0002,2.09,418576,0
IMMP.US,D,20241115,000000,2.12,2.165,2.02,2.05,219746,0
IMMP.US,D,20241118,000000,2.02,2.04,1.91,1.97,167700,0
IMMP.US,D,20241119,000000,2,2.07,2,2.02,94209,0
IMMP.US,D,20241120,000000,2.03,2.03,1.91,1.96,73930,0
IMMP.US,D,20241121,000000,1.93,1.93,1.81,1.84,110359,0
IMMP.US,D,20241122,000000,1.92,1.96,1.8724,1.925,182074,0
IMMP.US,D,20241125,000000,1.99,2.08,1.99,2.02,101062,0
IMMP.US,D,20241126,000000,2.02,2.08,1.89,1.91,99908,0
IMMP.US,D,20241127,000000,1.92,2.05,1.92,1.99,76344,0
IMMP.US,D,20241129,000000,2.04,2.07,1.985,2.03,83725,0
IMMP.US,D,20241202,000000,2.06,2.07,2,2.05,71625,0
IMMP.US,D,20241203,000000,2.05,2.05,1.99,2.02,59657,0
IMMP.US,D,20241204,000000,2.01,2.06,1.9308,1.95,144971,0
IMMP.US,D,20241205,000000,1.95,2.05,1.91,1.93,95248,0
IMMP.US,D,20241206,000000,2.02,2.14,2.01,2.09,210714,0
IMMP.US,D,20241209,000000,2.18,2.18,2.1,2.18,130628,0
IMMP.US,D,20241210,000000,2.18,2.18,2.08,2.12,110098,0
IMMP.US,D,20241211,000000,2.13,2.36,2.13,2.36,540104,0
IMMP.US,D,20241212,000000,2.35,2.39,2.22,2.235,334504,0
IMMP.US,D,20241213,000000,2.22,2.29,2.14,2.18,179431,0
IMMP.US,D,20241216,000000,2.19,2.19,2.0031,2.08,226537,0
IMMP.US,D,20241217,000000,2.07,2.14,2.0541,2.13,70220,0
IMMP.US,D,20241218,000000,2.16,2.24,2.1,2.17,126640,0
IMMP.US,D,20241219,000000,2.17,2.19,2.0903,2.12,110685,0
IMMP.US,D,20241220,000000,2.11,2.17,2.03,2.03,226331,0
IMMP.US,D,20241223,000000,2.01,2.0599,1.95,1.98,174000,0
IMMP.US,D,20241224,000000,1.98,2.05,1.94,1.95,104357,0
IMMP.US,D,20241226,000000,1.95,2.05,1.94,2.04,168451,0
IMMP.US,D,20241227,000000,2.02,2.07,1.97,2.01,108165,0
IMMP.US,D,20241230,000000,2.1,2.1,2.02,2.08,124788,0
IMMP.US,D,20241231,000000,2.1,2.19,2.1,2.17,145980,0
IMMP.US,D,20250102,000000,2.21,2.25,2.18,2.21,97038,0
IMMP.US,D,20250103,000000,2.2,2.25,2.13,2.18,42190,0
IMMP.US,D,20250106,000000,2.25,2.2619,2.13,2.14,62567,0
IMMP.US,D,20250107,000000,2.19,2.19,2.0301,2.05,68294,0
IMMP.US,D,20250108,000000,2.01,2.05,1.95,2,70948,0
IMMP.US,D,20250110,000000,1.99,2.05,1.93,2.01,60345,0
IMMP.US,D,20250113,000000,2.01,2.01,1.93,1.94,47629,0
IMMP.US,D,20250114,000000,1.93,1.9471,1.9,1.93,35606,0
IMMP.US,D,20250115,000000,2.05,2.05,1.9,1.92,72999,0
IMMP.US,D,20250116,000000,1.95,1.95,1.9074,1.94,70869,0
IMMP.US,D,20250117,000000,1.93,1.95,1.91,1.93,56021,0
IMMP.US,D,20250121,000000,1.93,1.95,1.9,1.91,82653,0
IMMP.US,D,20250122,000000,1.95,2.02,1.92,1.96,102702,0
IMMP.US,D,20250123,000000,1.93,2,1.93,1.98,103950,0
IMMP.US,D,20250124,000000,1.99,2.02,1.95,1.965,95130,0
IMMP.US,D,20250127,000000,1.97,1.97,1.9,1.94,65883,0
IMMP.US,D,20250128,000000,1.96,1.9698,1.92,1.96,36870,0
IMMP.US,D,20250129,000000,1.97,2.05,1.97,2.05,99885,0
IMMP.US,D,20250130,000000,2.1,2.16,1.98,2.07,134606,0
IMMP.US,D,20250131,000000,2.05,2.14,2.04,2.09,80324,0
IMMP.US,D,20250203,000000,1.99,2.0299,1.89,1.97,71545,0
IMMP.US,D,20250204,000000,2,2.0445,1.95,1.95,33171,0
IMMP.US,D,20250205,000000,1.96,2.0101,1.95,1.965,97650,0
IMMP.US,D,20250206,000000,1.95,2.03,1.95,2.03,55988,0
IMMP.US,D,20250207,000000,2.05,2.07,1.9901,2.02,78966,0
IMMP.US,D,20250210,000000,2.02,2.02,1.91,1.94,64951,0
IMMP.US,D,20250211,000000,1.94,2.03,1.94,2.01,71214,0
IMMP.US,D,20250212,000000,1.99,1.99,1.96,1.99,39778,0
IMMP.US,D,20250213,000000,1.98,1.98,1.95,1.95,13128,0
IMMP.US,D,20250214,000000,1.96,2.01,1.9359,1.96,96467,0
IMMP.US,D,20250218,000000,1.99,2.08,1.99,2.04,111078,0
IMMP.US,D,20250219,000000,2,2.06,1.96,2.02,83877,0
IMMP.US,D,20250220,000000,2,2,1.95,1.97,35233,0
IMMP.US,D,20250221,000000,1.97,1.98,1.88,1.92,78062,0
IMMP.US,D,20250224,000000,1.93,2,1.8701,1.89,67807,0
IMMP.US,D,20250225,000000,1.96,1.96,1.84,1.88,51321,0
IMMP.US,D,20250226,000000,1.89,1.96,1.8501,1.9,37921,0
IMMP.US,D,20250227,000000,1.9,1.945,1.86,1.9,105174,0
IMMP.US,D,20250228,000000,1.87,1.94,1.87,1.93,118807,0
IMMP.US,D,20250303,000000,1.91,1.94,1.86,1.86,157134,0
IMMP.US,D,20250304,000000,1.85,1.85,1.75,1.8,119575,0
IMMP.US,D,20250305,000000,1.82,1.84,1.75,1.79,83898,0
IMMP.US,D,20250306,000000,1.81,1.9397,1.81,1.84,64283,0
IMMP.US,D,20250307,000000,1.79,1.83,1.75,1.76,78388,0
IMMP.US,D,20250310,000000,1.78,1.88,1.75,1.75,128800,0
IMMP.US,D,20250311,000000,1.75,1.77,1.7,1.7,103842,0
IMMP.US,D,20250312,000000,1.69,1.7299,1.65,1.7,42389,0
IMMP.US,D,20250313,000000,1.77,1.79,1.68,1.75,45162,0
IMMP.US,D,20250314,000000,1.77,1.8,1.73,1.78,40513,0
IMMP.US,D,20250317,000000,1.74,1.83,1.74,1.82,30824,0
IMMP.US,D,20250318,000000,1.828,1.85,1.828,1.845,38472,0
IMMP.US,D,20250319,000000,1.85,1.91,1.85,1.91,69402,0
IMMP.US,D,20250320,000000,1.93,1.97,1.89,1.9,37119,0
IMMP.US,D,20250321,000000,1.92,1.9296,1.88,1.88,56504,0
IMMP.US,D,20250324,000000,1.9,1.9,1.775,1.84,90437,0
IMMP.US,D,20250325,000000,1.88,1.91,1.81,1.84,72109,0
IMMP.US,D,20250326,000000,1.85,1.94,1.8,1.83,39378,0
IMMP.US,D,20250327,000000,1.81,1.92,1.81,1.82,89999,0
IMMP.US,D,20250328,000000,1.79,1.87,1.7801,1.86,24126,0
IMMP.US,D,20250331,000000,1.81,1.88,1.76,1.76,110347,0
IMMP.US,D,20250401,000000,1.81,1.81,1.74,1.77,25853,0
IMMP.US,D,20250402,000000,1.75,1.75,1.66,1.67,126124,0
IMMP.US,D,20250403,000000,1.63,1.67,1.6,1.61,174479,0
IMMP.US,D,20250404,000000,1.59,1.61,1.45,1.5,173439,0
IMMP.US,D,20250407,000000,1.33,1.55,1.32,1.42,147890,0
IMMP.US,D,20250408,000000,1.46,1.7338,1.41,1.45,96200,0
IMMP.US,D,20250409,000000,1.45,1.54,1.4,1.5,103048,0
IMMP.US,D,20250410,000000,1.5,1.51,1.38,1.41,165249,0
IMMP.US,D,20250411,000000,1.46,1.46,1.415,1.46,31179,0
