<TICKER>,<PER>,<DATE>,<TIME>,<OPEN>,<HIGH>,<LOW>,<CLOSE>,<VOL>,<OPENINT>
NNDM.US,D,20160307,000000,71.4,71.4,71.4,71.4,100,0
NNDM.US,D,20160308,000000,69,69,69,69,100,0
NNDM.US,D,20160314,000000,66.5,67.999,65.7,67.999,84,0
NNDM.US,D,20160315,000000,74.9,75.899,73.9,75,1073,0
NNDM.US,D,20160316,000000,77,84,77,83.9,1326,0
NNDM.US,D,20160317,000000,81.5,83.4,77.5,79.93,1393,0
NNDM.US,D,20160318,000000,80.174,80.3,79.408,79.408,99,0
NNDM.US,D,20160321,000000,87.2,94,83.501,87.5,3830,0
NNDM.US,D,20160322,000000,89,89,84.187,88.9,3116,0
NNDM.US,D,20160323,000000,86.6,88.6,83.9,83.9,2713,0
NNDM.US,D,20160324,000000,84.785,85,83.4,84.885,281,0
NNDM.US,D,20160328,000000,87.9,87.9,77.5,83.6,910,0
NNDM.US,D,20160329,000000,81.5,81.8,81.5,81.6,104,0
NNDM.US,D,20160330,000000,77.5,81.4,77.5,80.1,687,0
NNDM.US,D,20160331,000000,76.1,88,76.1,84.685,1045,0
NNDM.US,D,20160401,000000,80.4,84,72.4,81.985,1030,0
NNDM.US,D,20160404,000000,83.4,83.4,83.4,83.4,160,0
NNDM.US,D,20160405,000000,81.5,82.999,81.001,81.001,97,0
NNDM.US,D,20160406,000000,80.915,82,80.915,81.6,105,0
NNDM.US,D,20160407,000000,83.2,83.9,82,83.4,170,0
NNDM.US,D,20160408,000000,84.185,84.2,81.6,82.01,479,0
NNDM.US,D,20160411,000000,80,82.499,77.8,80.3,2884,0
NNDM.US,D,20160412,000000,78.9,80.3,76.5,78,6093,0
NNDM.US,D,20160413,000000,77,77.9,76.2,77.6,502,0
NNDM.US,D,20160414,000000,75.6,78.4,75.6,76.9,2963,0
NNDM.US,D,20160418,000000,78.8,78.9,78.432,78.9,290,0
NNDM.US,D,20160419,000000,81,82,78.501,78.501,407,0
NNDM.US,D,20160420,000000,78.5,78.5,77.5,77.5,301,0
NNDM.US,D,20160421,000000,76.399,76.4,76.2,76.299,120,0
NNDM.US,D,20160422,000000,76.2,76.4,76.2,76.3,155,0
NNDM.US,D,20160425,000000,74.2,74.81,73,73,640,0
NNDM.US,D,20160427,000000,75.5,77.8,75.5,76.8,324,0
NNDM.US,D,20160428,000000,77.9,77.9,70.001,73.8,140,0
NNDM.US,D,20160429,000000,77.4,77.4,73.2,73.901,110,0
NNDM.US,D,20160502,000000,75.2,75.2,72.799,73.5,61,0
NNDM.US,D,20160503,000000,75.199,75.199,75.199,75.199,15,0
NNDM.US,D,20160506,000000,72.3,72.6,72.144,72.6,35,0
NNDM.US,D,20160510,000000,65,68.899,62.5,64.7,591,0
NNDM.US,D,20160511,000000,72.4,72.4,67.4,67.4,400,0
NNDM.US,D,20160513,000000,71.3,71.3,71.3,71.3,10,0
NNDM.US,D,20160516,000000,67.4,67.5,62.136,66,442,0
NNDM.US,D,20160517,000000,68.17,68.17,65.4,65.4,80,0
NNDM.US,D,20160518,000000,66.799,66.8,64.5,65.3,1060,0
NNDM.US,D,20160519,000000,66.206,66.7,65.5,65.5,420,0
NNDM.US,D,20160520,000000,65.8,65.8,65.1,65.1,60,0
NNDM.US,D,20160523,000000,69.2,70.199,69.2,70.199,90,0
NNDM.US,D,20160524,000000,68.7,70.1,67.6,70.1,70,0
NNDM.US,D,20160525,000000,79.8,81.9,78,80.8,1129,0
NNDM.US,D,20160526,000000,79,80,77.1,78.999,1334,0
NNDM.US,D,20160527,000000,79.8,81.9,78.5,78.5,960,0
NNDM.US,D,20160531,000000,76.8,76.8,74.999,74.999,362,0
NNDM.US,D,20160601,000000,72.7,72.7,71.436,71.488,176,0
NNDM.US,D,20160602,000000,71.2,75.8,71.2,74.9,528,0
NNDM.US,D,20160603,000000,74.9,75.799,73.75,74.75,385,0
NNDM.US,D,20160606,000000,71.9,72.5,70,71,679,0
NNDM.US,D,20160607,000000,75,75,75,75,208,0
NNDM.US,D,20160608,000000,72.7,72.7,70.152,71.3,323,0
NNDM.US,D,20160609,000000,71.05,72.1,70,71.568,292,0
NNDM.US,D,20160610,000000,71.6,72.399,70,71.2,221,0
NNDM.US,D,20160613,000000,69.2,69.3,68.098,69.199,345,0
NNDM.US,D,20160614,000000,71.591,72.4,71,71,212,0
NNDM.US,D,20160615,000000,70,71.699,70,71.699,53,0
NNDM.US,D,20160616,000000,69.8,70.7,67.801,67.801,140,0
NNDM.US,D,20160617,000000,70,71,68.98,68.98,610,0
NNDM.US,D,20160620,000000,69.9,70.6,69.1,70.3,605,0
NNDM.US,D,20160621,000000,69.3,73,68.8,70,1795,0
NNDM.US,D,20160622,000000,71.1,72,70,70.8,927,0
NNDM.US,D,20160623,000000,69,69.999,67.9,68,152,0
NNDM.US,D,20160624,000000,68.4,69.4,68.001,68.001,305,0
NNDM.US,D,20160627,000000,66.7,69.999,64.101,68,294,0
NNDM.US,D,20160628,000000,67,68.599,65.511,65.6,100,0
NNDM.US,D,20160629,000000,69.8,69.8,68.847,69.75,35,0
NNDM.US,D,20160630,000000,70,73.6,70,71.481,459,0
NNDM.US,D,20160701,000000,72.2,73.4,72.2,72.5,430,0
NNDM.US,D,20160705,000000,70.2,70.2,67.6,68.4,554,0
NNDM.US,D,20160706,000000,67.1,67.899,67.1,67.1,100,0
NNDM.US,D,20160707,000000,68.499,68.499,68.499,68.499,10,0
NNDM.US,D,20160711,000000,67.9,67.9,66.1,66.95,541,0
NNDM.US,D,20160712,000000,67,69.8,67,68.7,654,0
NNDM.US,D,20160713,000000,69.09,71.5,69.09,71.2,1562,0
NNDM.US,D,20160714,000000,71.7,72.9,71.2,72.5,495,0
NNDM.US,D,20160715,000000,73.4,73.4,71.9,71.9,331,0
NNDM.US,D,20160718,000000,70.8,70.8,67.601,69.7,1826,0
NNDM.US,D,20160719,000000,68.9,69.7,67.4,68.1,333,0
NNDM.US,D,20160720,000000,68.8,73.4,68.6,69.799,1080,0
NNDM.US,D,20160721,000000,70.38,71,69,69,578,0
NNDM.US,D,20160722,000000,73.9,73.9,68.98,72,1447,0
NNDM.US,D,20160725,000000,69.6,70.1,67.7,68,2095,0
NNDM.US,D,20160726,000000,69.899,69.9,69.899,69.9,41,0
NNDM.US,D,20160727,000000,69.4,70.8,68.44,69.999,767,0
NNDM.US,D,20160728,000000,70.8,73,70.432,72.6,996,0
NNDM.US,D,20160729,000000,72.5,72.9,70.2,70.3,1577,0
NNDM.US,D,20160801,000000,70.3,71.199,69.65,70.5,150,0
NNDM.US,D,20160802,000000,70,70,69,69.1,342,0
NNDM.US,D,20160803,000000,69.999,70.9,69.15,70.85,311,0
NNDM.US,D,20160804,000000,70.3,72.599,70.3,70.516,198,0
NNDM.US,D,20160805,000000,72.2,72.2,70.6,71.355,120,0
NNDM.US,D,20160808,000000,70.3,70.3,69.7,69.7,190,0
NNDM.US,D,20160809,000000,70.599,70.599,69.2,70,176,0
NNDM.US,D,20160810,000000,72,72,69.341,69.7,83,0
NNDM.US,D,20160811,000000,70.55,70.55,69,69.3,130,0
NNDM.US,D,20160812,000000,69.1,69.1,69.1,69.1,10,0
NNDM.US,D,20160815,000000,69.1,69.873,69,69.873,70,0
NNDM.US,D,20160816,000000,69,69.729,69,69,120,0
NNDM.US,D,20160817,000000,69,69,69,69,13,0
NNDM.US,D,20160818,000000,69,70.053,69,70.053,82,0
NNDM.US,D,20160819,000000,70.2,70.2,68.976,68.976,129,0
NNDM.US,D,20160822,000000,67.4,67.4,67.4,67.4,10,0
NNDM.US,D,20160823,000000,66.8,68.3,66.8,68,190,0
NNDM.US,D,20160824,000000,70.8,71.9,70.8,71.001,511,0
NNDM.US,D,20160825,000000,71,71.3,71,71.06,187,0
NNDM.US,D,20160826,000000,71.19,71.19,71.19,71.19,50,0
NNDM.US,D,20160829,000000,70.6,70.8,68.2,69.899,720,0
NNDM.US,D,20160830,000000,69.8,69.8,69.8,69.8,21,0
NNDM.US,D,20160831,000000,69.2,69.2,68.3,69.1,160,0
NNDM.US,D,20160902,000000,69.9,69.9,69,69,630,0
NNDM.US,D,20160906,000000,73.7,74.1,71.1,73.7,508,0
NNDM.US,D,20160907,000000,73.5,74.8,72.054,73.2,344,0
NNDM.US,D,20160908,000000,72.6,72.7,71.1,71.9,127,0
NNDM.US,D,20160909,000000,76.399,76.399,72.562,72.562,422,0
NNDM.US,D,20160912,000000,73,73.399,71.8,72.001,101,0
NNDM.US,D,20160913,000000,76,81.735,76,77.6,1912,0
NNDM.US,D,20160914,000000,85.3,89,84,86.1,1914,0
NNDM.US,D,20160915,000000,83.4,83.4,80.1,82,1668,0
NNDM.US,D,20160916,000000,81.2,82.9,81.15,82.9,987,0
NNDM.US,D,20160919,000000,81.8,82.7,80,82.7,436,0
NNDM.US,D,20160920,000000,83,83,80.2,81.759,637,0
NNDM.US,D,20160921,000000,81.2,82.689,80.1,80.1,485,0
NNDM.US,D,20160922,000000,81.6,81.6,78.35,80,727,0
NNDM.US,D,20160923,000000,79.501,81.4,76.2,81.4,553,0
NNDM.US,D,20160926,000000,79.4,79.82,77.442,79.3,650,0
NNDM.US,D,20160927,000000,70.9,77.4,70.8,76.2,9367,0
NNDM.US,D,20160928,000000,75.4,75.7,72.7,75.5,2174,0
NNDM.US,D,20160929,000000,75.9,79,75,76,3308,0
NNDM.US,D,20160930,000000,78.799,78.8,75.5,76.36,1112,0
NNDM.US,D,20161003,000000,89.5,89.5,68.5,72.5,4106,0
NNDM.US,D,20161004,000000,72.851,73.45,70.55,72.8,3763,0
NNDM.US,D,20161005,000000,72.6,72.6,70.999,71.3,1690,0
NNDM.US,D,20161006,000000,71.5,72.5,71.2,72.4,1145,0
NNDM.US,D,20161007,000000,72.4,73,70.5,72.5,3462,0
NNDM.US,D,20161010,000000,72.5,72.7,70.2,70.6,2168,0
NNDM.US,D,20161011,000000,71.5,71.5,69.6,69.6,752,0
NNDM.US,D,20161012,000000,70,71,68.8,71,1204,0
NNDM.US,D,20161013,000000,72,72,68.8,68.8,767,0
NNDM.US,D,20161014,000000,71,71,67.9,68.1,1095,0
NNDM.US,D,20161017,000000,68.2,70,66.1,68,1214,0
NNDM.US,D,20161018,000000,70.47,70.492,68,68.1,191,0
NNDM.US,D,20161019,000000,68.1,68.1,66.5,66.7,1834,0
NNDM.US,D,20161020,000000,66.7,66.7,66,66.1,519,0
NNDM.US,D,20161021,000000,65.7,65.7,64.4,64.806,1941,0
NNDM.US,D,20161024,000000,65.1,67,65.1,67,791,0
NNDM.US,D,20161025,000000,67.4,67.4,66,67,355,0
NNDM.US,D,20161026,000000,67.3,70.4,66.7,70.4,1767,0
NNDM.US,D,20161027,000000,69.9,69.9,67,69.1,575,0
NNDM.US,D,20161028,000000,67.603,69,67.6,69,393,0
NNDM.US,D,20161031,000000,68.7,68.7,66.6,66.6,120,0
NNDM.US,D,20161101,000000,69.8,69.8,66.6,66.6,152,0
NNDM.US,D,20161102,000000,65.3,66.3,63.095,66.092,2302,0
NNDM.US,D,20161103,000000,65.2,67.1,63.1,64.101,855,0
NNDM.US,D,20161104,000000,64.5,66.499,64.5,66.05,342,0
NNDM.US,D,20161107,000000,68.3,68.3,66,66.7,487,0
NNDM.US,D,20161108,000000,65.52,66.4,65.52,66.4,60,0
NNDM.US,D,20161109,000000,66,71.4,63.6,65.3,338,0
NNDM.US,D,20161110,000000,64.28,64.28,63.3,63.5,679,0
NNDM.US,D,20161111,000000,64.5,65,64.103,65,1230,0
NNDM.US,D,20161114,000000,65,65,62,64.7,2698,0
NNDM.US,D,20161115,000000,64.7,65.9,64.099,65,3998,0
NNDM.US,D,20161116,000000,64,64.9,63.5,64.7,960,0
NNDM.US,D,20161117,000000,63.5,64.9,63,63.7,210,0
NNDM.US,D,20161118,000000,63.412,64,62.5,63.9,2463,0
NNDM.US,D,20161121,000000,63.999,63.999,63.4,63.4,490,0
NNDM.US,D,20161122,000000,63.67,63.692,60.5,61,3881,0
NNDM.US,D,20161123,000000,60.724,61,59.6,60.3,2892,0
NNDM.US,D,20161125,000000,60.111,60.2,59.7,60,69,0
NNDM.US,D,20161128,000000,62.1,62.838,61.3,61.5,1676,0
NNDM.US,D,20161129,000000,61.512,62.5,61.512,62,381,0
NNDM.US,D,20161130,000000,61.8,61.8,61,61.1,193,0
NNDM.US,D,20161201,000000,60.44,63.9,59.1,61,628,0
NNDM.US,D,20161202,000000,61.2,63.589,59.7,61.4,1430,0
NNDM.US,D,20161205,000000,63.1,64,61.2,61.4,2175,0
NNDM.US,D,20161206,000000,59.8,62,59.8,61.1,1800,0
NNDM.US,D,20161207,000000,61.1,61.714,59.7,60.7,1366,0
NNDM.US,D,20161208,000000,60.589,60.589,60,60.387,91,0
NNDM.US,D,20161209,000000,61,64.9,60,63.3,2715,0
NNDM.US,D,20161212,000000,63,63,60.5,61.95,893,0
NNDM.US,D,20161213,000000,62,62,60,60.525,981,0
NNDM.US,D,20161214,000000,60.5,60.9,58.927,60,927,0
NNDM.US,D,20161215,000000,59.8,60.899,59.1,59.1,808,0
NNDM.US,D,20161216,000000,60.7,60.7,57.9,59.8,410,0
NNDM.US,D,20161219,000000,60,60,58.2,59.6,363,0
NNDM.US,D,20161220,000000,60.8,61.3,58.3,61.2,815,0
NNDM.US,D,20161221,000000,61,61.1,60.5,61.1,576,0
NNDM.US,D,20161222,000000,60.3,60.763,60.1,60.763,826,0
NNDM.US,D,20161223,000000,61.3,61.8,60.2,61.8,1073,0
NNDM.US,D,20161227,000000,61.9,62.2,61,62.2,293,0
NNDM.US,D,20161228,000000,61.3,61.607,60,60.1,795,0
NNDM.US,D,20161229,000000,59.6,64.9,58,58.9,1082,0
NNDM.US,D,20161230,000000,61.003,61.003,59.5,59.5,33,0
NNDM.US,D,20170103,000000,61.3,61.372,60,60.101,221,0
NNDM.US,D,20170104,000000,60.101,61.1,60.1,60.1,192,0
NNDM.US,D,20170105,000000,61.3,61.3,60.3,60.311,76,0
NNDM.US,D,20170106,000000,60.4,64.899,60.101,60.8,842,0
NNDM.US,D,20170109,000000,64.9,64.9,60,62.3,2938,0
NNDM.US,D,20170110,000000,62.1,62.45,60.5,61.1,2069,0
NNDM.US,D,20170111,000000,64.999,64.999,62.309,62.309,239,0
NNDM.US,D,20170112,000000,62.9,64.7,61.9,62.248,923,0
NNDM.US,D,20170113,000000,62.3,64.204,62,62.2,742,0
NNDM.US,D,20170117,000000,62,62.001,58.6,61.1,5222,0
NNDM.US,D,20170118,000000,60.077,60.899,58.61,60.4,3006,0
NNDM.US,D,20170119,000000,58.8,59.6,58,58.2,1967,0
NNDM.US,D,20170120,000000,59.1,59.5,58,59.3,2050,0
NNDM.US,D,20170123,000000,59.899,59.9,51,57.7,11142,0
NNDM.US,D,20170124,000000,58.9,58.9,55.9,57.6,2279,0
NNDM.US,D,20170125,000000,56.6,59.4,54.27,57.7,930,0
NNDM.US,D,20170126,000000,58,58,56.2,56.2,1040,0
NNDM.US,D,20170127,000000,56.4,58.414,56.3,58.1,337,0
NNDM.US,D,20170130,000000,58.1,58.6,56.7,57.8,1174,0
NNDM.US,D,20170131,000000,56.646,58.1,56.6,57.7,370,0
NNDM.US,D,20170201,000000,58.3,60.899,58.3,60.1,238,0
NNDM.US,D,20170202,000000,60.3,60.9,59,59.599,1127,0
NNDM.US,D,20170203,000000,60,60.9,60,60.9,26,0
NNDM.US,D,20170206,000000,61.5,62.6,61.4,62.6,747,0
NNDM.US,D,20170207,000000,63.1,63.2,60.7,62,1006,0
NNDM.US,D,20170208,000000,63.6,64.9,62.5,63.9,1948,0
NNDM.US,D,20170209,000000,63.1,68.999,63.1,66.4,5006,0
NNDM.US,D,20170210,000000,65.3,69.999,65.1,68.5,2664,0
NNDM.US,D,20170213,000000,66.9,69.8,64.982,65.601,1298,0
NNDM.US,D,20170214,000000,66.7,69,66,66,1523,0
NNDM.US,D,20170215,000000,65.6,66,64.265,66,168,0
NNDM.US,D,20170216,000000,64.2,65.9,64,64,424,0
NNDM.US,D,20170217,000000,64.096,65.8,64.096,64.5,344,0
NNDM.US,D,20170221,000000,65.3,65.3,62.1,64.125,298,0
NNDM.US,D,20170222,000000,65.5,65.9,64.99,65.1,974,0
NNDM.US,D,20170223,000000,67,67.899,64.4,66.9,2810,0
NNDM.US,D,20170224,000000,66.5,66.9,65.601,66.9,2285,0
NNDM.US,D,20170227,000000,67,67.5,65.9,66.999,1053,0
NNDM.US,D,20170228,000000,67.6,67.6,60.5,65.699,910,0
NNDM.US,D,20170301,000000,64,68.499,62.5,65.6,614,0
NNDM.US,D,20170302,000000,64.001,64.6,64.001,64.5,483,0
NNDM.US,D,20170303,000000,64.1,64.1,62.6,63.1,150,0
NNDM.US,D,20170306,000000,63.15,63.15,60,61.889,622,0
NNDM.US,D,20170307,000000,62.7,66.399,60.786,62.599,500,0
NNDM.US,D,20170308,000000,60.6,61.6,59.3,60.244,1735,0
NNDM.US,D,20170309,000000,59.7,60.4,58.4,58.9,623,0
NNDM.US,D,20170310,000000,59.5,59.8,59.5,59.503,82,0
NNDM.US,D,20170313,000000,59.4,59.55,58.4,58.4,726,0
NNDM.US,D,20170314,000000,59.9,60.9,58.86,59.1,878,0
NNDM.US,D,20170315,000000,63.2,64.9,63,64.899,1941,0
NNDM.US,D,20170316,000000,69.1,69.8,66.853,67.6,1972,0
NNDM.US,D,20170317,000000,68.4,75.9,68,71.899,2979,0
NNDM.US,D,20170320,000000,71.4,72.8,69.5,70,4074,0
NNDM.US,D,20170321,000000,70.26,70.26,65.4,66,829,0
NNDM.US,D,20170322,000000,64.2,68.1,64.2,66.401,960,0
NNDM.US,D,20170323,000000,67.1,69.8,66.7,66.7,723,0
NNDM.US,D,20170324,000000,69.999,69.999,66,67.2,871,0
NNDM.US,D,20170327,000000,67.2,69.7,67.2,69.1,240,0
NNDM.US,D,20170328,000000,69.3,69.496,67.9,68,1212,0
NNDM.US,D,20170329,000000,67.844,69.299,66.6,67.5,322,0
NNDM.US,D,20170330,000000,67.7,67.7,66.5,67.2,660,0
NNDM.US,D,20170331,000000,68.8,68.9,66.9,67,833,0
NNDM.US,D,20170403,000000,68.2,69.5,66.901,68.4,966,0
NNDM.US,D,20170404,000000,68.4,69,67.297,67.9,289,0
NNDM.US,D,20170405,000000,68.7,69.3,68.5,68.799,942,0
NNDM.US,D,20170406,000000,69,69.5,68.4,69.2,637,0
NNDM.US,D,20170407,000000,68.9,70.7,68.042,68.5,2223,0
NNDM.US,D,20170410,000000,68,68.099,67,67.1,783,0
NNDM.US,D,20170411,000000,66.9,67.4,65.999,65.999,763,0
NNDM.US,D,20170412,000000,65,65.2,64.2,64.2,481,0
NNDM.US,D,20170413,000000,64.001,66,64.001,64.873,204,0
NNDM.US,D,20170417,000000,65,65,62.3,64.999,356,0
NNDM.US,D,20170418,000000,64.8,64.8,63.9,63.9,504,0
NNDM.US,D,20170419,000000,64,65.599,63.2,64.4,1774,0
NNDM.US,D,20170420,000000,64.2,64.2,62.5,62.501,1576,0
NNDM.US,D,20170421,000000,62.6,63.8,62.6,63.3,824,0
NNDM.US,D,20170424,000000,62.6,64.7,62.4,62.5,3948,0
NNDM.US,D,20170425,000000,62.7,63.4,62.1,62.8,1235,0
NNDM.US,D,20170426,000000,63.9,64.4,61.4,61.4,3531,0
NNDM.US,D,20170427,000000,63.1,68.4,62.663,63,2542,0
NNDM.US,D,20170428,000000,63,63,61.8,62.8,985,0
NNDM.US,D,20170501,000000,62.479,62.8,61.36,62,669,0
NNDM.US,D,20170502,000000,61.999,64,61.095,63.9,1362,0
NNDM.US,D,20170503,000000,64,64.2,61.6,63.8,1000,0
NNDM.US,D,20170504,000000,63.9,64.8,63.3,63.6,571,0
NNDM.US,D,20170505,000000,66.499,66.499,63.6,63.8,1096,0
NNDM.US,D,20170508,000000,63.063,64.3,62.5,64.3,2044,0
NNDM.US,D,20170509,000000,63.3,64.399,62.8,62.9,733,0
NNDM.US,D,20170510,000000,64.2,64.2,61.9,63.599,1028,0
NNDM.US,D,20170511,000000,63.2,63.5,61.785,62.001,381,0
NNDM.US,D,20170512,000000,62.2,64.4,62.2,62.3,1263,0
NNDM.US,D,20170515,000000,62,64.592,61.9,62,1289,0
NNDM.US,D,20170516,000000,63.2,63.5,61,62.476,1885,0
NNDM.US,D,20170517,000000,64.9,64.9,61.7,61.7,2289,0
NNDM.US,D,20170518,000000,61.5,64.5,61.5,64.5,1760,0
NNDM.US,D,20170519,000000,65,68.4,64.8,66.4,2333,0
NNDM.US,D,20170522,000000,66.1,67.7,62.878,67.1,1106,0
NNDM.US,D,20170523,000000,66.7,67.9,65.8,66.3,1837,0
NNDM.US,D,20170524,000000,65,66.8,64.8,65.2,2048,0
NNDM.US,D,20170525,000000,65.4,67.2,65.4,67.2,1017,0
NNDM.US,D,20170526,000000,67.9,76,67,68,3263,0
NNDM.US,D,20170530,000000,67.8,68,66.66,66.9,2260,0
NNDM.US,D,20170531,000000,67.2,67.69,66.5,66.5,656,0
NNDM.US,D,20170601,000000,65.6,65.6,64.084,64.3,2063,0
NNDM.US,D,20170602,000000,64.9,64.95,63.1,64.4,710,0
NNDM.US,D,20170605,000000,63.6,64.3,62.004,64.3,729,0
NNDM.US,D,20170606,000000,66.9,66.9,62.5,64.092,2224,0
NNDM.US,D,20170607,000000,64.7,64.7,63.496,63.9,485,0
NNDM.US,D,20170608,000000,63.9,63.9,61,62.8,2878,0
NNDM.US,D,20170609,000000,62.4,62.428,60.1,62,1808,0
NNDM.US,D,20170612,000000,61.5,62.5,60.9,62.5,786,0
NNDM.US,D,20170613,000000,61.7,62,60.5,60.8,952,0
NNDM.US,D,20170614,000000,62.7,63.2,60.1,61.2,4079,0
NNDM.US,D,20170615,000000,61.5,61.5,60.1,60.1,2059,0
NNDM.US,D,20170616,000000,60.4,62.2,60.4,61.3,234,0
NNDM.US,D,20170619,000000,62.4,62.6,60.1,61.1,1988,0
NNDM.US,D,20170620,000000,61.1,61.2,60.3,60.3,1522,0
NNDM.US,D,20170621,000000,60.7,60.7,59.475,60.4,2540,0
NNDM.US,D,20170622,000000,59.1,60.6,59.1,60,1144,0
NNDM.US,D,20170623,000000,60.5,62.1,60.4,61,2479,0
NNDM.US,D,20170626,000000,60.2,60.9,58.8,60.9,2052,0
NNDM.US,D,20170627,000000,60.5,61.8,59.9,61.5,1093,0
NNDM.US,D,20170628,000000,60.8,63.7,60.5,61.4,2449,0
NNDM.US,D,20170629,000000,61.6,63.101,60.4,61.9,1375,0
NNDM.US,D,20170630,000000,61.9,62.2,60.4,61.099,1935,0
NNDM.US,D,20170703,000000,60.5,61.5,60.1,60.7,592,0
NNDM.US,D,20170705,000000,61.1,63.6,61.1,62.3,3990,0
NNDM.US,D,20170706,000000,61.4,61.4,60.3,60.4,433,0
NNDM.US,D,20170707,000000,61.5,61.5,60.3,60.7,425,0
NNDM.US,D,20170710,000000,60.7,60.9,59.5,60.6,1666,0
NNDM.US,D,20170711,000000,60,60.1,59.7,59.95,256,0
NNDM.US,D,20170712,000000,60,60.5,58.8,60.5,484,0
NNDM.US,D,20170713,000000,58.8,60.1,58.8,59.2,603,0
NNDM.US,D,20170714,000000,59.3,60.3,58.5,59.5,1135,0
NNDM.US,D,20170717,000000,58.7,59.824,58.7,59.824,741,0
NNDM.US,D,20170718,000000,59,59.589,58.1,58.4,753,0
NNDM.US,D,20170719,000000,58.2,58.4,57.5,57.6,2501,0
NNDM.US,D,20170720,000000,56.9,57.5,56.01,57.399,460,0
NNDM.US,D,20170721,000000,58.1,58.1,57,57.6,307,0
NNDM.US,D,20170724,000000,57.2,58,56,56.5,1095,0
NNDM.US,D,20170725,000000,56.2,58,56,57.4,432,0
NNDM.US,D,20170726,000000,57.41,57.41,56,56.9,911,0
NNDM.US,D,20170727,000000,56.2,57.7,56,57.7,269,0
NNDM.US,D,20170728,000000,56.824,56.824,55.5,56.099,748,0
NNDM.US,D,20170731,000000,56.234,56.5,55.283,56.5,523,0
NNDM.US,D,20170801,000000,55.25,56.2,55.2,55.9,408,0
NNDM.US,D,20170802,000000,55.2,55.2,53.31,53.6,626,0
NNDM.US,D,20170803,000000,53.5,53.5,51,51.301,685,0
NNDM.US,D,20170804,000000,53.7,53.9,52.1,52.3,150,0
NNDM.US,D,20170807,000000,48.6,48.8,46.37,46.7,2092,0
NNDM.US,D,20170808,000000,46.5,51,46.5,49.351,787,0
NNDM.US,D,20170809,000000,46.9,47.619,45.801,47.5,559,0
NNDM.US,D,20170810,000000,46.2,46.2,41.701,42.8,1652,0
NNDM.US,D,20170811,000000,43,46,43,45.5,496,0
NNDM.US,D,20170814,000000,47.3,49.4,47.3,49.4,1652,0
NNDM.US,D,20170815,000000,48.8,48.8,48.2,48.542,397,0
NNDM.US,D,20170816,000000,47.7,47.7,44.2,44.2,782,0
NNDM.US,D,20170817,000000,45.1,45.2,43.9,44,546,0
NNDM.US,D,20170818,000000,43.4,43.4,43,43.4,345,0
NNDM.US,D,20170821,000000,43.3,44.15,42.983,43.2,950,0
NNDM.US,D,20170822,000000,43.899,43.899,43.515,43.635,385,0
NNDM.US,D,20170823,000000,43.694,46.7,43.564,45.5,163,0
NNDM.US,D,20170824,000000,44.6,44.6,42.9,42.9,257,0
NNDM.US,D,20170828,000000,44.6,44.6,43,43.6,2040,0
NNDM.US,D,20170829,000000,43,43.1,43,43,620,0
NNDM.US,D,20170830,000000,41.1,42.2,41.1,42.2,1020,0
NNDM.US,D,20170831,000000,46.1,59.899,44.3,50.514,8988,0
NNDM.US,D,20170901,000000,53,54.5,49.659,51.3,5187,0
NNDM.US,D,20170905,000000,49.7,52.6,46.9,49,1624,0
NNDM.US,D,20170906,000000,50.4,53.2,49.3,51.4,1398,0
NNDM.US,D,20170907,000000,51.4,52.228,50.6,51.1,569,0
NNDM.US,D,20170908,000000,51.8,51.8,50.5,51.3,602,0
NNDM.US,D,20170911,000000,49.701,50.8,49.701,50.6,388,0
NNDM.US,D,20170912,000000,50,50.9,49.31,50.4,2118,0
NNDM.US,D,20170913,000000,49.8,52.2,49,50.9,798,0
NNDM.US,D,20170914,000000,50.8,52.1,50.8,51.7,284,0
NNDM.US,D,20170915,000000,52.2,52.2,50.77,51.6,734,0
NNDM.US,D,20170918,000000,51.7,51.7,51.512,51.512,117,0
NNDM.US,D,20170919,000000,50.78,50.982,49.6,49.7,525,0
NNDM.US,D,20170920,000000,50.2,51.9,49.5,50,805,0
NNDM.US,D,20170921,000000,51.4,51.4,49.8,50.001,1093,0
NNDM.US,D,20170922,000000,51.7,51.9,49.3,51.8,1818,0
NNDM.US,D,20170925,000000,51.8,51.9,50.7,51.5,361,0
NNDM.US,D,20170926,000000,51.5,51.9,50,51.9,297,0
NNDM.US,D,20170927,000000,52.5,52.5,51.7,52.3,251,0
NNDM.US,D,20170928,000000,51.9,52.5,50,51.1,327,0
NNDM.US,D,20170929,000000,51.5,51.5,51,51.2,273,0
NNDM.US,D,20171002,000000,52.1,53.4,52,53.3,361,0
NNDM.US,D,20171003,000000,53.3,54.372,52.605,54,302,0
NNDM.US,D,20171004,000000,55,56.7,54.5,55.192,314,0
NNDM.US,D,20171005,000000,56,56,54.11,54.9,460,0
NNDM.US,D,20171006,000000,53.3,57.9,53.3,55.3,263,0
NNDM.US,D,20171009,000000,53.7,54.201,53.51,54,353,0
NNDM.US,D,20171010,000000,54.6,57.6,49.611,53.5,3125,0
NNDM.US,D,20171011,000000,54,56,53,54.5,3444,0
NNDM.US,D,20171012,000000,52.5,57.2,52.5,57.2,3045,0
NNDM.US,D,20171013,000000,57.2,57.2,55,55.7,432,0
NNDM.US,D,20171016,000000,57,57,55.4,56,2084,0
NNDM.US,D,20171017,000000,55.6,55.7,53.732,55.1,1060,0
NNDM.US,D,20171018,000000,54.4,54.4,52.7,52.7,315,0
NNDM.US,D,20171019,000000,52.2,52.2,50.6,51.202,692,0
NNDM.US,D,20171020,000000,51.1,51.5,48.8,51.5,1004,0
NNDM.US,D,20171023,000000,50.1,52.638,49.8,49.8,479,0
NNDM.US,D,20171024,000000,48.7,48.714,48.5,48.714,86,0
NNDM.US,D,20171025,000000,48.5,49.1,47.01,49.1,500,0
NNDM.US,D,20171026,000000,49.2,49.387,48,48.2,303,0
NNDM.US,D,20171027,000000,46.9,49.1,46.7,47.8,465,0
NNDM.US,D,20171030,000000,47.5,48.5,46,46.1,1066,0
NNDM.US,D,20171031,000000,46.7,47.049,46.61,46.96,512,0
NNDM.US,D,20171101,000000,46.7,47,45.3,46.608,749,0
NNDM.US,D,20171102,000000,44.7,44.7,44.2,44.2,364,0
NNDM.US,D,20171103,000000,43.22,43.735,43.22,43.735,143,0
NNDM.US,D,20171106,000000,45.4,45.4,43.9,43.9,1110,0
NNDM.US,D,20171107,000000,44.2,44.2,43.799,43.799,277,0
NNDM.US,D,20171108,000000,44.2,44.2,42.1,43.1,1357,0
NNDM.US,D,20171109,000000,43,43.1,42.9,43,257,0
NNDM.US,D,20171110,000000,43.1,43.1,41.6,42.4,1508,0
NNDM.US,D,20171113,000000,44.5,44.5,43.5,44,2246,0
NNDM.US,D,20171114,000000,45,46.5,42.5,43,16102,0
NNDM.US,D,20171115,000000,43.8,44.3,42.9,43,3685,0
NNDM.US,D,20171116,000000,43,45.2,42.6,42.9,8623,0
NNDM.US,D,20171117,000000,43.4,45.1,41.654,43,4197,0
NNDM.US,D,20171120,000000,43.9,44,42.4,42.4,1659,0
NNDM.US,D,20171121,000000,41.3,43.1,38.7,40.5,6924,0
NNDM.US,D,20171122,000000,39.9,39.9,39,39.5,973,0
NNDM.US,D,20171124,000000,39,39.605,37.329,39,297,0
NNDM.US,D,20171127,000000,39.8,41.9,38.01,39.44,1912,0
NNDM.US,D,20171128,000000,39.2,42,39.2,40.501,1493,0
NNDM.US,D,20171129,000000,41.4,41.4,40,40.6,985,0
NNDM.US,D,20171130,000000,41.3,41.4,39.31,39.7,1642,0
NNDM.US,D,20171201,000000,39.6,39.795,39.1,39.4,106,0
NNDM.US,D,20171204,000000,37.6,37.6,35.4,35.7,5480,0
NNDM.US,D,20171205,000000,35.4,37.4,31.2,34.1,2438,0
NNDM.US,D,20171206,000000,33.9,38.599,33.8,35.8,880,0
NNDM.US,D,20171207,000000,34.7,35,32.7,33.5,3989,0
NNDM.US,D,20171208,000000,33.5,38.2,33.5,34.4,18038,0
NNDM.US,D,20171211,000000,38.1,38.1,35.8,37.4,3953,0
NNDM.US,D,20171212,000000,36.5,36.964,35.2,35.4,2647,0
NNDM.US,D,20171213,000000,34.9,35.799,34.5,35.699,940,0
NNDM.US,D,20171214,000000,34.9,34.986,33.6,34.85,749,0
NNDM.US,D,20171215,000000,33.869,34.3,33.869,34.2,226,0
NNDM.US,D,20171218,000000,33.9,33.9,32.1,32.365,3421,0
NNDM.US,D,20171219,000000,31.6,31.6,29,29.5,4286,0
NNDM.US,D,20171220,000000,30.9,31.52,29.4,30.299,1347,0
NNDM.US,D,20171221,000000,29.5,31.399,29.5,31.399,3002,0
NNDM.US,D,20171222,000000,31,31.399,29.6,30.5,988,0
NNDM.US,D,20171226,000000,30.8,32.2,30.8,31.1,2777,0
NNDM.US,D,20171227,000000,31.2,34.1,31.2,31.9,4957,0
NNDM.US,D,20171228,000000,32.8,33.268,30.1,32.2,1356,0
NNDM.US,D,20171229,000000,32.2,32.2,30.1,30.7,4051,0
NNDM.US,D,20180102,000000,31.5,33.856,31.5,32.7,1537,0
NNDM.US,D,20180103,000000,32.2,34.3,32.1,33.1,1876,0
NNDM.US,D,20180104,000000,33.2,33.5,32.431,32.8,1922,0
NNDM.US,D,20180105,000000,33.5,33.5,33,33.3,1424,0
NNDM.US,D,20180108,000000,33.3,33.3,32.001,32.2,1156,0
NNDM.US,D,20180109,000000,32.8,34,32.8,33.1,1088,0
NNDM.US,D,20180110,000000,33.5,33.5,32.8,33.1,1819,0
NNDM.US,D,20180111,000000,33.7,33.7,32,32.4,789,0
NNDM.US,D,20180112,000000,33,33,31.1,32,3035,0
NNDM.US,D,20180116,000000,37.8,38.9,35.6,37.3,8083,0
NNDM.US,D,20180117,000000,37.5,37.8,35.814,37.2,2149,0
NNDM.US,D,20180118,000000,36.7,37.6,34.8,35,2221,0
NNDM.US,D,20180119,000000,37.599,37.9,35.7,36.2,830,0
NNDM.US,D,20180122,000000,36.7,37.699,35.4,36.7,2071,0
NNDM.US,D,20180123,000000,37.7,38.8,36.2,37.1,4727,0
NNDM.US,D,20180124,000000,37.2,37.2,35.23,35.9,1263,0
NNDM.US,D,20180125,000000,36.2,36.5,35.3,35.3,852,0
NNDM.US,D,20180126,000000,35.101,36.9,35.1,36.4,3004,0
NNDM.US,D,20180129,000000,36.6,36.6,35.01,35.399,270,0
NNDM.US,D,20180130,000000,35.6,35.6,34.498,34.498,307,0
NNDM.US,D,20180131,000000,34.6,34.6,33.1,33.301,1303,0
NNDM.US,D,20180201,000000,33.2,34.038,32.2,32.6,854,0
NNDM.US,D,20180202,000000,32.9,32.901,31.8,31.8,458,0
NNDM.US,D,20180205,000000,31.7,34.2,29.2,29.2,967,0
NNDM.US,D,20180206,000000,28.7,29.54,28.1,29.1,2254,0
NNDM.US,D,20180207,000000,29.8,31.9,28.2,30.099,6867,0
NNDM.US,D,20180208,000000,29.2,29.36,27.6,28.251,1948,0
NNDM.US,D,20180209,000000,27.2,28.7,27.2,27.2,2307,0
NNDM.US,D,20180212,000000,28,30.4,28,29,1396,0
NNDM.US,D,20180213,000000,28.5,30,27,29.3,5578,0
NNDM.US,D,20180214,000000,29.1,30.7,29,30.64,490,0
NNDM.US,D,20180215,000000,30.6,34.7,28.744,32.9,5880,0
NNDM.US,D,20180216,000000,19.9,23.5,19.6,23,134109,0
NNDM.US,D,20180220,000000,23.1,23.9,23.1,23.1,29090,0
NNDM.US,D,20180221,000000,22.8,22.8,21.6,22,18270,0
NNDM.US,D,20180222,000000,22.4,23.077,21.3,21.3,11781,0
NNDM.US,D,20180223,000000,21.5,22.1,21.4,22.1,6525,0
NNDM.US,D,20180226,000000,22.6,23,22.1,22.6,14692,0
NNDM.US,D,20180227,000000,22.6,23,21.6,22,6398,0
NNDM.US,D,20180228,000000,22.801,22.9,21.7,22,3458,0
NNDM.US,D,20180301,000000,22.8,22.8,21.8,21.8,3137,0
NNDM.US,D,20180302,000000,21.8,22.3,21.6,22.3,5152,0
NNDM.US,D,20180305,000000,22.3,23,21.4,22,7445,0
NNDM.US,D,20180306,000000,21.9,22.29,21.6,22,3355,0
NNDM.US,D,20180307,000000,22.1,22.5,21.7,22,3627,0
NNDM.US,D,20180308,000000,22,22.046,20.5,21.4,3269,0
NNDM.US,D,20180309,000000,21.5,21.551,21,21.551,1876,0
NNDM.US,D,20180312,000000,21.6,22,21.412,21.5,854,0
NNDM.US,D,20180313,000000,21.8,21.8,20.5,21.1,5506,0
NNDM.US,D,20180314,000000,22,22.5,21.5,22,18486,0
NNDM.US,D,20180315,000000,21,21.458,20.8,21,3466,0
NNDM.US,D,20180316,000000,21.4,21.499,20.5,20.665,2797,0
NNDM.US,D,20180319,000000,20.3,20.694,20,20.3,6801,0
NNDM.US,D,20180320,000000,20.6,21,20,20.229,3638,0
NNDM.US,D,20180321,000000,20.1,20.6,20,20.4,3148,0
NNDM.US,D,20180322,000000,20.4,20.499,19.8,19.9,2166,0
NNDM.US,D,20180323,000000,19.7,19.813,18.61,19.5,4402,0
NNDM.US,D,20180326,000000,19.5,19.9,18.562,19.2,6005,0
NNDM.US,D,20180327,000000,19,19.9,18.6,18.7,5811,0
NNDM.US,D,20180328,000000,18.6,19,18.2,18.3,1820,0
NNDM.US,D,20180329,000000,18.3,18.8,18,18.6,835,0
NNDM.US,D,20180402,000000,18.7,18.7,17.6,17.8,2712,0
NNDM.US,D,20180403,000000,18.1,19.599,16.7,18,3958,0
NNDM.US,D,20180404,000000,17.6,18,17,17.7,2639,0
NNDM.US,D,20180405,000000,18.1,18.3,17.4,17.4,1462,0
NNDM.US,D,20180406,000000,17.4,18.4,17.1,17.6,2408,0
NNDM.US,D,20180409,000000,18.1,18.699,17.6,18.6,2812,0
NNDM.US,D,20180410,000000,17.9,18.399,17.5,17.5,595,0
NNDM.US,D,20180411,000000,17.2,17.9,16.9,17.2,2758,0
NNDM.US,D,20180412,000000,17.3,17.9,16.9,17,2340,0
NNDM.US,D,20180413,000000,17.7,18,17.199,17.3,1332,0
NNDM.US,D,20180416,000000,17.3,17.4,16.3,17.199,4395,0
NNDM.US,D,20180417,000000,16.9,16.992,15.898,16.3,3965,0
NNDM.US,D,20180418,000000,16.5,16.7,15.205,15.8,5884,0
NNDM.US,D,20180419,000000,15.7,16.4,15.501,15.589,987,0
NNDM.US,D,20180420,000000,16.045,16.045,15.601,15.9,474,0
NNDM.US,D,20180423,000000,15.9,15.9,14.6,14.6,5531,0
NNDM.US,D,20180424,000000,15.3,15.3,13.1,14.1,9827,0
NNDM.US,D,20180425,000000,14.3,14.5,13.7,13.7,1765,0
NNDM.US,D,20180426,000000,14.6,15.2,13.5,13.8,5218,0
NNDM.US,D,20180427,000000,13.9,14.1,13.2,13.7,9024,0
NNDM.US,D,20180430,000000,14.2,14.3,13.4,14.3,7489,0
NNDM.US,D,20180501,000000,14,14.061,13.6,13.7,2794,0
NNDM.US,D,20180502,000000,13.6,13.81,13,13.7,7924,0
NNDM.US,D,20180503,000000,13.6,13.6,12.1,12.936,11105,0
NNDM.US,D,20180504,000000,13,13.7,12.9,13.3,2034,0
NNDM.US,D,20180507,000000,13,13.499,12.4,12.4,5467,0
NNDM.US,D,20180508,000000,12.4,14.709,12.4,14.1,7733,0
NNDM.US,D,20180509,000000,14.2,14.232,12.8,13.4,4545,0
NNDM.US,D,20180510,000000,13.9,13.9,12.4,13.9,5033,0
NNDM.US,D,20180511,000000,13.6,13.773,12.81,13.1,2014,0
NNDM.US,D,20180514,000000,13.2,13.9,13.1,13.9,4190,0
NNDM.US,D,20180515,000000,13.8,14,13.2,13.2,2390,0
NNDM.US,D,20180516,000000,13.89,14,12.8,13.3,8076,0
NNDM.US,D,20180517,000000,13.7,13.7,12.4,12.874,4389,0
NNDM.US,D,20180518,000000,13.5,13.5,12.8,13.4,3218,0
NNDM.US,D,20180521,000000,14,16,13.1,13.95,10601,0
NNDM.US,D,20180522,000000,14.158,14.5,13.5,13.8,6647,0
NNDM.US,D,20180523,000000,14,14.69,13.5,14.4,7390,0
NNDM.US,D,20180524,000000,14,14.1,13.7,13.8,1398,0
NNDM.US,D,20180525,000000,13.8,14,13.7,13.95,1610,0
NNDM.US,D,20180529,000000,13.9,13.999,13.1,13.8,2249,0
NNDM.US,D,20180530,000000,13.8,14.1,13.1,13.1,3306,0
NNDM.US,D,20180531,000000,13.1,13.286,12.5,12.548,3153,0
NNDM.US,D,20180601,000000,13.5,13.5,12.61,13.399,2844,0
NNDM.US,D,20180604,000000,13.7,13.7,12.6,12.659,1540,0
NNDM.US,D,20180605,000000,13.1,13.4,12.5,12.79,3081,0
NNDM.US,D,20180606,000000,13,13,12.79,13,3290,0
NNDM.US,D,20180607,000000,13,17,12.806,13.9,22886,0
NNDM.US,D,20180608,000000,14,14,13.306,13.306,3276,0
NNDM.US,D,20180611,000000,24.2,33.5,24,26.8,4620347,0
NNDM.US,D,20180612,000000,26.5,28.2,22.5,24.6,556483,0
NNDM.US,D,20180613,000000,26,26.3,24,24,108098,0
NNDM.US,D,20180614,000000,23.9,24.678,20.4,21.4,147987,0
NNDM.US,D,20180615,000000,21.9,24.6,21.4,23.3,181113,0
NNDM.US,D,20180618,000000,24.4,28.5,24,28.4,318130,0
NNDM.US,D,20180619,000000,28,28.49,26,27.4,87194,0
NNDM.US,D,20180620,000000,27.4,27.8,26,26.5,40883,0
NNDM.US,D,20180621,000000,27.7,27.7,23.5,24.2,63742,0
NNDM.US,D,20180622,000000,24.2,24.6,23.5,24.2,28129,0
NNDM.US,D,20180625,000000,23.6,24.1,21.2,22.2,47548,0
NNDM.US,D,20180626,000000,22.2,23.999,22.2,23.1,14968,0
NNDM.US,D,20180627,000000,23,23,21.4,21.7,18694,0
NNDM.US,D,20180628,000000,22.1,22.1,20,20.6,22894,0
NNDM.US,D,20180629,000000,20.6,21.2,20.2,21,18497,0
NNDM.US,D,20180702,000000,20.5,21.2,18.7,19.5,36540,0
NNDM.US,D,20180703,000000,19.8,20,19.11,19.5,5729,0
NNDM.US,D,20180705,000000,19.5,19.7,18.3,19.2,18052,0
NNDM.US,D,20180706,000000,19.1,19.8,18.502,19.299,10302,0
NNDM.US,D,20180709,000000,23.8,25.9,21.7,23.3,300412,0
NNDM.US,D,20180710,000000,23.2,23.2,21.7,22.6,37695,0
NNDM.US,D,20180711,000000,22.2,22.2,21.35,21.7,14657,0
NNDM.US,D,20180712,000000,23,23,21.4,22.2,21182,0
NNDM.US,D,20180713,000000,22.3,22.9,21.7,22.2,15662,0
NNDM.US,D,20180716,000000,22.4,22.599,21,21.7,24956,0
NNDM.US,D,20180717,000000,22,22,21.11,21.4,10392,0
NNDM.US,D,20180718,000000,21.2,21.5,21.1,21.5,5961,0
NNDM.US,D,20180719,000000,21.3,21.5,20.1,21.2,23620,0
NNDM.US,D,20180720,000000,21.3,21.399,20.4,20.7,10831,0
NNDM.US,D,20180723,000000,20.5,21.3,20.1,20.8,12301,0
NNDM.US,D,20180724,000000,20.7,20.7,19.6,20.1,14555,0
NNDM.US,D,20180725,000000,20.1,20.1,19.6,20.1,5167,0
NNDM.US,D,20180726,000000,20.1,20.3,18.81,20.3,12559,0
NNDM.US,D,20180727,000000,20.6,20.6,19.1,19.4,6392,0
NNDM.US,D,20180730,000000,19.2,20.1,19.2,19.9,16154,0
NNDM.US,D,20180731,000000,20.5,20.5,19.356,20.3,2639,0
NNDM.US,D,20180801,000000,20.3,21.2,19.6,20.3,7651,0
NNDM.US,D,20180802,000000,19.7,20.7,19.7,20,7027,0
NNDM.US,D,20180803,000000,20.1,22,20,21.3,30647,0
NNDM.US,D,20180806,000000,23,23.1,21.731,22.7,40694,0
NNDM.US,D,20180807,000000,22.6,22.6,20.8,21.7,10112,0
NNDM.US,D,20180808,000000,21.6,21.646,20.7,21,10948,0
NNDM.US,D,20180809,000000,20.9,21,20.3,20.3,8210,0
NNDM.US,D,20180810,000000,20.5,21.297,19.9,20.5,7552,0
NNDM.US,D,20180813,000000,20.7,20.7,19,20,12905,0
NNDM.US,D,20180814,000000,19.8,19.8,18.6,19.2,7888,0
NNDM.US,D,20180815,000000,19.1,19.5,18.7,19,4427,0
NNDM.US,D,20180816,000000,18.9,19.799,18.5,18.8,7357,0
NNDM.US,D,20180817,000000,18.5,19.607,17.6,18.9,9246,0
NNDM.US,D,20180820,000000,19.4,19.9,18.9,19.8,9474,0
NNDM.US,D,20180821,000000,19.7,19.8,18.9,19.4,5951,0
NNDM.US,D,20180822,000000,19.3,19.5,19.2,19.307,2292,0
NNDM.US,D,20180823,000000,19.048,19.3,19.01,19.179,2518,0
NNDM.US,D,20180824,000000,19.4,19.4,18.907,19.101,4889,0
NNDM.US,D,20180827,000000,21.1,21.7,20,20.4,47653,0
NNDM.US,D,20180828,000000,20.7,21.5,20,21.1,17424,0
NNDM.US,D,20180829,000000,21.3,22.3,21.3,22.3,22419,0
NNDM.US,D,20180830,000000,22.6,24.2,22.5,23.1,51605,0
NNDM.US,D,20180831,000000,23.4,23.99,21.1,22.4,26570,0
NNDM.US,D,20180904,000000,23,23.5,22.4,23,22003,0
NNDM.US,D,20180905,000000,22,22.5,21.5,21.7,10433,0
NNDM.US,D,20180906,000000,22,22.2,20.8,21,11051,0
NNDM.US,D,20180907,000000,20.8,21.917,20.5,20.5,4595,0
NNDM.US,D,20180910,000000,20.6,20.89,20.532,20.8,5254,0
NNDM.US,D,20180911,000000,20.8,21,20.5,21,6190,0
NNDM.US,D,20180912,000000,21,21.5,20.5,20.7,7905,0
NNDM.US,D,20180913,000000,20.5,21.548,20.3,20.3,8367,0
NNDM.US,D,20180914,000000,20.3,21,20.1,20.1,4144,0
NNDM.US,D,20180917,000000,20.3,20.9,20.3,20.8,8282,0
NNDM.US,D,20180918,000000,20.8,20.8,20.1,20.2,6843,0
NNDM.US,D,20180919,000000,20.3,21.2,20.2,20.9,8752,0
NNDM.US,D,20180920,000000,21.2,21.9,20.396,21.3,10769,0
NNDM.US,D,20180921,000000,20.8,21.267,20.2,20.7,6793,0
NNDM.US,D,20180924,000000,20.5,21.3,20.5,20.9,7066,0
NNDM.US,D,20180925,000000,20.6,21.1,20.1,20.2,8694,0
NNDM.US,D,20180926,000000,20.6,20.8,20.2,20.4,4973,0
NNDM.US,D,20180927,000000,20.3,20.3,19.7,19.9,8022,0
NNDM.US,D,20180928,000000,19.8,20,19.2,19.7,7788,0
NNDM.US,D,20181001,000000,19.7,19.7,19.2,19.2,7377,0
NNDM.US,D,20181002,000000,21.2,21.4,19.5,20.4,29961,0
NNDM.US,D,20181003,000000,20.5,20.65,19.5,20.3,7878,0
NNDM.US,D,20181004,000000,20.1,20.4,19.2,19.2,5385,0
NNDM.US,D,20181005,000000,19.2,19.4,18.5,19.2,7195,0
NNDM.US,D,20181008,000000,18.9,19.5,18.5,18.6,8207,0
NNDM.US,D,20181009,000000,18.5,19,17.3,18.1,18287,0
NNDM.US,D,20181010,000000,18.3,18.7,17,17.9,12241,0
NNDM.US,D,20181011,000000,17.7,17.893,16.228,16.9,9409,0
NNDM.US,D,20181012,000000,17.3,17.917,16.6,17.613,10632,0
NNDM.US,D,20181015,000000,19.4,19.4,18.195,18.5,9270,0
NNDM.US,D,20181016,000000,19.4,19.45,18,19,6931,0
NNDM.US,D,20181017,000000,19,19.4,18.695,19.2,2386,0
NNDM.US,D,20181018,000000,19,19.4,17.4,18.403,4908,0
NNDM.US,D,20181019,000000,18.4,18.6,18.064,18.6,1914,0
NNDM.US,D,20181022,000000,19.1,19.5,18.2,19,6017,0
NNDM.US,D,20181023,000000,18.5,18.557,17.55,18,9871,0
NNDM.US,D,20181024,000000,18.1,18.7,17.2,17.7,4846,0
NNDM.US,D,20181025,000000,17.4,17.9,17.3,17.4,4611,0
NNDM.US,D,20181026,000000,17.4,17.7,17.077,17.6,1737,0
NNDM.US,D,20181029,000000,17.6,18.243,17.246,18,3702,0
NNDM.US,D,20181030,000000,17.8,18.4,17.5,18.4,3771,0
NNDM.US,D,20181031,000000,18.1,18.3,17,18,4586,0
NNDM.US,D,20181101,000000,18.1,18.385,17.6,18.2,4777,0
NNDM.US,D,20181102,000000,18.1,18.111,17.2,18,5922,0
NNDM.US,D,20181105,000000,17.8,18.2,17.384,17.5,12111,0
NNDM.US,D,20181106,000000,17.1,17.95,17.1,17.7,3305,0
NNDM.US,D,20181107,000000,20.1,20.6,19.7,20.269,43972,0
NNDM.US,D,20181108,000000,20.6,21.3,19.7,21.3,10411,0
NNDM.US,D,20181109,000000,21.5,21.519,20.5,21.3,6424,0
NNDM.US,D,20181112,000000,21.3,21.3,18.7,20.3,7406,0
NNDM.US,D,20181113,000000,21.2,21.2,20.3,20.5,4322,0
NNDM.US,D,20181114,000000,20.5,20.9,19.49,20.4,4956,0
NNDM.US,D,20181115,000000,19,20,18.4,18.899,9265,0
NNDM.US,D,20181116,000000,19.4,19.6,18.2,18.906,5185,0
NNDM.US,D,20181119,000000,19.2,19.3,17.8,19,5920,0
NNDM.US,D,20181120,000000,18.7,18.7,17.701,18.2,3707,0
NNDM.US,D,20181121,000000,18.1,18.9,18,18.9,2686,0
NNDM.US,D,20181123,000000,17,18.1,17,17.5,7694,0
NNDM.US,D,20181126,000000,17.7,17.7,16.492,16.5,12608,0
NNDM.US,D,20181127,000000,17,17,16,16.22,5652,0
NNDM.US,D,20181128,000000,15.8,17.02,15.4,16.4,5198,0
NNDM.US,D,20181129,000000,16.2,17.1,16,16.4,8440,0
NNDM.US,D,20181130,000000,17,17,16.282,16.6,1324,0
NNDM.US,D,20181203,000000,16.7,16.999,15.9,16.2,5608,0
NNDM.US,D,20181204,000000,16.3,16.3,14.5,15,13709,0
NNDM.US,D,20181206,000000,14.6,15.032,14,15.01,5399,0
NNDM.US,D,20181207,000000,15.2,15.2,14.1,14.3,7253,0
NNDM.US,D,20181210,000000,14.3,14.4,13,13.5,12558,0
NNDM.US,D,20181211,000000,13.7,13.95,12.7,13,8342,0
NNDM.US,D,20181212,000000,13,13.5,12.501,13,8845,0
NNDM.US,D,20181213,000000,13.4,13.4,12.4,13,7028,0
NNDM.US,D,20181214,000000,15.8,15.8,12.3,12.5,10618,0
NNDM.US,D,20181217,000000,12.6,13.4,11.191,11.65,18525,0
NNDM.US,D,20181218,000000,11.8,12.44,11.349,11.446,8007,0
NNDM.US,D,20181219,000000,11.8,12,11.2,11.5,8820,0
NNDM.US,D,20181220,000000,11.6,11.779,10.6,11.2,11068,0
NNDM.US,D,20181221,000000,10.8,11.061,9.9,10,13082,0
NNDM.US,D,20181224,000000,11.1,11.1,9.394,9.502,15858,0
NNDM.US,D,20181226,000000,10.2,10.4,9.5,10,11395,0
NNDM.US,D,20181227,000000,10.4,10.7,9.5,9.924,8233,0
NNDM.US,D,20181228,000000,9.6,10.5,9.6,10.2,9843,0
NNDM.US,D,20181231,000000,11.5,14.5,9.811,11.1,57385,0
NNDM.US,D,20190102,000000,11.2,12.4,10.8,12.3,14072,0
NNDM.US,D,20190103,000000,12.3,12.3,11.8,11.8,3152,0
NNDM.US,D,20190104,000000,11.8,12.921,11.8,12.6,4112,0
NNDM.US,D,20190107,000000,12.9,12.9,12,12.1,6424,0
NNDM.US,D,20190108,000000,12.1,12.4,12,12,4784,0
NNDM.US,D,20190109,000000,12.2,12.6,12,12.3,2983,0
NNDM.US,D,20190110,000000,12.5,12.7,11.859,12.7,2236,0
NNDM.US,D,20190111,000000,12.7,12.7,12.2,12.2,1633,0
NNDM.US,D,20190114,000000,13,13.3,12.2,12.5,9329,0
NNDM.US,D,20190115,000000,12.6,13,12.1,12.7,12571,0
NNDM.US,D,20190116,000000,12.9,13.104,12.4,12.8,3015,0
NNDM.US,D,20190117,000000,12.7,13,12.4,12.9,7429,0
NNDM.US,D,20190118,000000,12.99,13.8,12.5,13.4,3371,0
NNDM.US,D,20190122,000000,13.2,13.4,12.4,12.4,5572,0
NNDM.US,D,20190123,000000,12.4,12.9,12.4,12.772,3004,0
NNDM.US,D,20190124,000000,12.4,12.861,12.4,12.6,3306,0
NNDM.US,D,20190125,000000,12.4,13,12.4,12.5,4526,0
NNDM.US,D,20190128,000000,13,13.2,12.5,12.5,5119,0
NNDM.US,D,20190129,000000,12.3,12.399,11.1,11.45,20461,0
NNDM.US,D,20190130,000000,11,11.1,9.3,10.6,62012,0
NNDM.US,D,20190131,000000,10.2,10.3,9.481,9.667,42879,0
NNDM.US,D,20190201,000000,7.3,8.702,7.052,8.58,289131,0
NNDM.US,D,20190204,000000,9.03,9.2,8.8,9.1,118131,0
NNDM.US,D,20190205,000000,9.248,9.248,8.5,8.702,42436,0
NNDM.US,D,20190206,000000,8.6,8.6,7.792,8.151,45104,0
NNDM.US,D,20190207,000000,8.4,8.4,7.801,7.997,21760,0
NNDM.US,D,20190208,000000,8.3,8.3,7.8,8.059,13707,0
NNDM.US,D,20190211,000000,8.102,8.8,8.102,8.211,17833,0
NNDM.US,D,20190212,000000,8.2,8.6,8.1,8.205,29200,0
NNDM.US,D,20190213,000000,8.653,9.09,8.6,8.7,110776,0
NNDM.US,D,20190214,000000,8.31,8.7,8.3,8.382,39379,0
NNDM.US,D,20190215,000000,8.5,8.5,8.26,8.49,13700,0
NNDM.US,D,20190219,000000,8.5,8.8,8.26,8.45,16501,0
NNDM.US,D,20190220,000000,8.5,8.855,8.3,8.3,15417,0
NNDM.US,D,20190221,000000,8.69,8.69,8.2,8.25,14234,0
NNDM.US,D,20190222,000000,8.3,8.342,8.1,8.342,4083,0
NNDM.US,D,20190225,000000,9,9.089,8.452,8.79,53981,0
NNDM.US,D,20190226,000000,9,9,8.3,8.58,56151,0
NNDM.US,D,20190227,000000,8.6,8.6,8.32,8.424,17310,0
NNDM.US,D,20190228,000000,8.6,8.6,8.301,8.4,16137,0
NNDM.US,D,20190301,000000,8.5,8.5,8.25,8.4,14379,0
NNDM.US,D,20190304,000000,8.2,8.4,8.2,8.3,18940,0
NNDM.US,D,20190305,000000,8.3,8.4,8.2,8.35,8286,0
NNDM.US,D,20190306,000000,8.3,8.5,8.101,8.313,19049,0
NNDM.US,D,20190307,000000,8.354,8.445,8,8.2,40683,0
NNDM.US,D,20190308,000000,8.15,8.386,8,8.386,17601,0
NNDM.US,D,20190311,000000,8.3,8.5,8.1,8.255,11799,0
NNDM.US,D,20190312,000000,8.2,8.487,8.12,8.372,26803,0
NNDM.US,D,20190313,000000,8.5,8.6,8.352,8.51,23824,0
NNDM.US,D,20190314,000000,8.7,8.8,6.73,7.305,113179,0
NNDM.US,D,20190315,000000,8.2,8.2,7.095,7.5,55347,0
NNDM.US,D,20190318,000000,7.65,7.7,7.3,7.5,21291,0
NNDM.US,D,20190319,000000,8,8,7.435,7.6,9062,0
NNDM.US,D,20190320,000000,7.511,7.6,7.5,7.598,7025,0
NNDM.US,D,20190321,000000,7.8,7.883,7.4,7.7,6209,0
NNDM.US,D,20190322,000000,7.538,7.739,7.4,7.455,3617,0
NNDM.US,D,20190325,000000,7.5,7.5,7.2,7.23,12165,0
NNDM.US,D,20190326,000000,7.398,7.398,7,7.01,22987,0
NNDM.US,D,20190327,000000,7.281,7.281,6.9,7.02,8843,0
NNDM.US,D,20190328,000000,7.4,7.4,6.7,6.789,13650,0
NNDM.US,D,20190329,000000,6.96,7.2,6.801,7.099,7568,0
NNDM.US,D,20190401,000000,7.4,7.4,7.06,7.158,13714,0
NNDM.US,D,20190402,000000,7.85,8.1,7.516,7.85,29333,0
NNDM.US,D,20190403,000000,7.5,7.901,7.5,7.901,12888,0
NNDM.US,D,20190404,000000,7.6,7.849,7.4,7.6668,10355,0
NNDM.US,D,20190405,000000,7.8,7.848,7.502,7.676,5082,0
NNDM.US,D,20190408,000000,8,8,7.501,7.7,4450,0
NNDM.US,D,20190409,000000,7.51,7.859,7.05,7.859,4724,0
NNDM.US,D,20190410,000000,7.51,7.815,7.5,7.55,4168,0
NNDM.US,D,20190411,000000,7.7,7.7,7.11,7.212,6250,0
NNDM.US,D,20190412,000000,7.2,7.401,7.2,7.401,2978,0
NNDM.US,D,20190415,000000,7.6,7.6,7.3,7.423,2588,0
NNDM.US,D,20190416,000000,7.6,7.6,7.201,7.375,5529,0
NNDM.US,D,20190417,000000,7.6,7.6,7.12,7.3,6236,0
NNDM.US,D,20190418,000000,7.3,7.499,7,7,10540,0
NNDM.US,D,20190422,000000,7.4,7.5,7.25,7.321,5575,0
NNDM.US,D,20190423,000000,7.6,7.799,7.1,7.799,6829,0
NNDM.US,D,20190424,000000,7.8,7.8,7.4,7.595,4283,0
NNDM.US,D,20190425,000000,7.899,7.899,7.401,7.539,1382,0
NNDM.US,D,20190426,000000,7.5,7.699,7.499,7.5,2496,0
NNDM.US,D,20190429,000000,7.6,7.6,7.2,7.3,10729,0
NNDM.US,D,20190430,000000,7.5,7.6,7.3,7.301,35640,0
NNDM.US,D,20190501,000000,7.5,7.5,7.108,7.302,6552,0
NNDM.US,D,20190502,000000,7.496,7.499,7,7.1944,9574,0
NNDM.US,D,20190503,000000,7.45,7.45,7.12,7.201,3299,0
NNDM.US,D,20190506,000000,7.5,7.5,7.1,7.348,9058,0
NNDM.US,D,20190507,000000,7.35,7.35,7.1,7.3,3572,0
NNDM.US,D,20190508,000000,7.4,7.4,7,7.219,6327,0
NNDM.US,D,20190509,000000,7.219,7.219,6.8,6.907,7772,0
NNDM.US,D,20190510,000000,7,7,6.8,6.83,6817,0
NNDM.US,D,20190513,000000,6.9,7.036,6.7,6.732,10406,0
NNDM.US,D,20190514,000000,6.833,7.036,6.72,6.781,3725,0
NNDM.US,D,20190515,000000,6.9,6.9,6.506,6.6,15793,0
NNDM.US,D,20190516,000000,6.6,6.8,6.5,6.589,19162,0
NNDM.US,D,20190517,000000,6.8,6.8,5.8,5.956,30640,0
NNDM.US,D,20190520,000000,6.2,6.266,5.7,5.75,4950,0
NNDM.US,D,20190521,000000,5.83,5.83,5.5,5.6917,11111,0
NNDM.US,D,20190522,000000,5.8,5.8,5.3,5.5,8848,0
NNDM.US,D,20190523,000000,5.46,5.527,5.3,5.342,4908,0
NNDM.US,D,20190524,000000,5.5,5.5039,5,5.2,10785,0
NNDM.US,D,20190528,000000,5.3,5.3,5.051,5.101,4222,0
NNDM.US,D,20190529,000000,5.5,5.527,4.901,4.9652,7076,0
NNDM.US,D,20190530,000000,5.1,5.201,4.95,5,5223,0
NNDM.US,D,20190531,000000,4.874,5,4.7,4.8,3162,0
NNDM.US,D,20190603,000000,5,5.41,4.901,5.354,59415,0
NNDM.US,D,20190604,000000,5.02,5.2,4.901,4.979,30282,0
NNDM.US,D,20190605,000000,5,5,4.5,4.7,23523,0
NNDM.US,D,20190606,000000,4.75,4.9,4.5,4.639,13091,0
NNDM.US,D,20190607,000000,4.5,4.6395,4.5,4.53,12782,0
NNDM.US,D,20190610,000000,4.8,4.8,4.246,4.332,24161,0
NNDM.US,D,20190611,000000,4.4,4.5,4.2,4.221,14395,0
NNDM.US,D,20190612,000000,5.02,5.292,4.501,4.6996,178698,0
NNDM.US,D,20190613,000000,4.9,5,4.4,4.995,27095,0
NNDM.US,D,20190614,000000,4.8,4.969,4.5652,4.8,5373,0
NNDM.US,D,20190617,000000,4.62,5.1,4.62,4.988,5393,0
NNDM.US,D,20190618,000000,4.964,4.988,4.7,4.921,8758,0
NNDM.US,D,20190619,000000,4.76,5.1,4.6,4.976,7864,0
NNDM.US,D,20190620,000000,4.976,5,4.8,5,1753,0
NNDM.US,D,20190621,000000,5.2,5.2,4.5,4.961,6216,0
NNDM.US,D,20190624,000000,4.98,5.2,4.751,4.751,1690,0
NNDM.US,D,20190625,000000,4.76,4.8,4.556,4.65,2610,0
NNDM.US,D,20190626,000000,4.7,4.753,4.6126,4.677,4328,0
NNDM.US,D,20190627,000000,4.668,4.9,4.5,4.75,5248,0
NNDM.US,D,20190628,000000,4.62,4.877,4.62,4.8,1573,0
NNDM.US,D,20190701,000000,5,5,4.526,4.83,1927,0
NNDM.US,D,20190702,000000,4.9,5.04,4.8,4.901,6807,0
NNDM.US,D,20190703,000000,4.9,5.35,4.9,5.248,21234,0
NNDM.US,D,20190705,000000,5.299,5.3,5.001,5.151,1987,0
NNDM.US,D,20190708,000000,4.3,4.4,3.9,4.101,43842,0
NNDM.US,D,20190709,000000,4.27,4.34,4,4.15,13312,0
NNDM.US,D,20190710,000000,4.4,4.4,4.2,4.289,7611,0
NNDM.US,D,20190711,000000,4.394,4.394,4,4.1,8945,0
NNDM.US,D,20190712,000000,4.1,4.36,4.1,4.2069,9070,0
NNDM.US,D,20190715,000000,3.73,4.1,3.73,4.06,20785,0
NNDM.US,D,20190716,000000,4.027,4.295,3.9,3.929,6587,0
NNDM.US,D,20190717,000000,4,4,3.754,3.85,4764,0
NNDM.US,D,20190718,000000,3.799,3.95,3.799,3.799,6679,0
NNDM.US,D,20190719,000000,3.85,4,3.7,3.8,7356,0
NNDM.US,D,20190722,000000,3.818,3.9,3.7,3.7,4393,0
NNDM.US,D,20190723,000000,3.7,3.753,3.602,3.602,4193,0
NNDM.US,D,20190724,000000,4.365,4.5,3.69,4.365,93779,0
NNDM.US,D,20190725,000000,4.1,4.4,3.8,3.899,18420,0
NNDM.US,D,20190726,000000,4.015,4.016,3.946,4.016,3657,0
NNDM.US,D,20190729,000000,3.944,4.1,3.898,4.044,11459,0
NNDM.US,D,20190730,000000,4.5,4.5,4.016,4.07,10947,0
NNDM.US,D,20190731,000000,4.254,4.254,3.803,4.016,13545,0
NNDM.US,D,20190801,000000,3.892,4.199,3.892,4.026,11409,0
NNDM.US,D,20190802,000000,3.903,4.19,3.8,3.855,6563,0
NNDM.US,D,20190805,000000,3.899,3.899,3.3,3.484,13347,0
NNDM.US,D,20190806,000000,3.85,3.85,3.4,3.651,3276,0
NNDM.US,D,20190807,000000,3.65,3.699,3.539,3.638,8001,0
NNDM.US,D,20190808,000000,3.7,3.849,3.501,3.8,5427,0
NNDM.US,D,20190809,000000,3.798,3.8,3.4,3.67,709,0
NNDM.US,D,20190812,000000,3.6,3.689,3.476,3.598,5430,0
NNDM.US,D,20190813,000000,3.8,3.8,3.422,3.5,12894,0
NNDM.US,D,20190814,000000,3.5,3.5,3.099,3.251,10533,0
NNDM.US,D,20190815,000000,3.1,3.1,3,3.0544,8270,0
NNDM.US,D,20190816,000000,3.146,3.4,3.014,3.16,5813,0
NNDM.US,D,20190819,000000,3.29,3.29,3.196,3.235,4106,0
NNDM.US,D,20190820,000000,3.27,3.27,2.9,3.1,9120,0
NNDM.US,D,20190821,000000,3,3.15,2.902,3.149,4734,0
NNDM.US,D,20190822,000000,3.032,3.055,2.92,3,13042,0
NNDM.US,D,20190823,000000,3,3,2.92,2.989,5087,0
NNDM.US,D,20190826,000000,3.138,3.138,2.92,2.9621,7174,0
NNDM.US,D,20190827,000000,2.92,3,2.752,2.915,8711,0
NNDM.US,D,20190828,000000,2.766,3.06,2.766,2.902,11300,0
NNDM.US,D,20190829,000000,2.935,3.047,2.9,2.901,3450,0
NNDM.US,D,20190830,000000,3,3.3,2.9,3,2513,0
NNDM.US,D,20190903,000000,3.222,3.3,3,3,12223,0
NNDM.US,D,20190904,000000,3.1,3.149,2.975,3.001,24713,0
NNDM.US,D,20190905,000000,3.5,3.8,3,3.02,360946,0
NNDM.US,D,20190906,000000,3.1,3.12,2.8619,2.9,51026,0
NNDM.US,D,20190909,000000,2.903,2.997,2.7,2.8,83015,0
NNDM.US,D,20190910,000000,2.85,3.052,2.8,2.949,32349,0
NNDM.US,D,20190911,000000,3.049,3.049,2.949,2.95,12433,0
NNDM.US,D,20190912,000000,3.3,3.3,3.116,3.2382,30717,0
NNDM.US,D,20190913,000000,3.23,3.398,3.18,3.35,23605,0
NNDM.US,D,20190916,000000,3.325,3.39,3.1222,3.241,16337,0
NNDM.US,D,20190917,000000,3.3,3.3,3.2,3.209,3051,0
NNDM.US,D,20190918,000000,3.2,3.36,3.1,3.112,5142,0
NNDM.US,D,20190919,000000,3.216,3.486,3.201,3.332,23423,0
NNDM.US,D,20190920,000000,3.4,3.4,3.201,3.299,10591,0
NNDM.US,D,20190923,000000,3.299,3.299,3.16,3.1932,19217,0
NNDM.US,D,20190924,000000,3.2,4.5,2.8,3.487,216267,0
NNDM.US,D,20190925,000000,3.7,3.75,3.5,3.6995,121517,0
NNDM.US,D,20190926,000000,4.099,4.3,3.779,4.1,119353,0
NNDM.US,D,20190927,000000,4.1,4.161,3.925,3.925,27682,0
NNDM.US,D,20190930,000000,3.925,4.144,3.9,4.013,19717,0
NNDM.US,D,20191001,000000,4.1,4.6882,4.0028,4.449,66134,0
NNDM.US,D,20191002,000000,4.282,4.89,4.282,4.75,34229,0
NNDM.US,D,20191003,000000,4.9,4.9,4.117,4.6,18587,0
NNDM.US,D,20191004,000000,4.4,4.7,4.2,4.3036,9394,0
NNDM.US,D,20191007,000000,4.12,4.178,3.8,3.919,33242,0
NNDM.US,D,20191008,000000,3.75,3.75,3.6,3.641,7950,0
NNDM.US,D,20191009,000000,3.7,3.999,3.699,3.7694,14929,0
NNDM.US,D,20191010,000000,3.769,3.95,3.614,3.7,7506,0
NNDM.US,D,20191011,000000,3.8001,3.899,3.65,3.8,14583,0
NNDM.US,D,20191014,000000,3.792,3.87,3.6,3.761,13349,0
NNDM.US,D,20191015,000000,3.761,3.761,3.6,3.6,3594,0
NNDM.US,D,20191016,000000,3.7,3.7,3.3,3.545,20633,0
NNDM.US,D,20191017,000000,3.56,3.59,3.452,3.4923,7702,0
NNDM.US,D,20191018,000000,3.45,3.499,3.311,3.499,13005,0
NNDM.US,D,20191021,000000,3.32,3.67,3.32,3.53,6292,0
NNDM.US,D,20191022,000000,3.7,3.79,2.15,2.87,508513,0
NNDM.US,D,20191023,000000,4.5,4.86,2.8,3.24,11767025,0
NNDM.US,D,20191024,000000,3.46,3.47,3.02,3.34,1216387,0
NNDM.US,D,20191025,000000,3.29,3.36,3.07,3.12,210548,0
NNDM.US,D,20191028,000000,3.2,3.29,3.1,3.21,100736,0
NNDM.US,D,20191029,000000,3.16,3.8,3.11,3.45,566236,0
NNDM.US,D,20191030,000000,3.41,3.4483,3.2,3.2,90050,0
NNDM.US,D,20191031,000000,3.3267,3.33,3.1304,3.19,35119,0
NNDM.US,D,20191101,000000,3.18,3.27,3.12,3.19,90242,0
NNDM.US,D,20191104,000000,3.19,3.3,3.15,3.17,51434,0
NNDM.US,D,20191105,000000,3.14,3.2362,2.95,3,66206,0
NNDM.US,D,20191106,000000,3.11,3.16,2.95,2.95,62129,0
NNDM.US,D,20191107,000000,3.02,3.11,2.965,2.97,32334,0
NNDM.US,D,20191108,000000,2.97,3.09,2.97,3.09,21898,0
NNDM.US,D,20191111,000000,3.05,3.05,2.8701,2.96,73807,0
NNDM.US,D,20191112,000000,3,3.0594,2.8192,2.93,86344,0
NNDM.US,D,20191113,000000,2.95,2.95,2.61,2.77,80117,0
NNDM.US,D,20191114,000000,2.71,2.776,2.56,2.61,68828,0
NNDM.US,D,20191115,000000,2.57,2.75,2.57,2.74,38701,0
NNDM.US,D,20191118,000000,2.7,2.7799,2.62,2.76,27026,0
NNDM.US,D,20191119,000000,2.85,2.9,2.7293,2.75,54962,0
NNDM.US,D,20191120,000000,2.7,2.86,2.62,2.69,29302,0
NNDM.US,D,20191121,000000,2.67,2.79,2.6564,2.6564,19034,0
NNDM.US,D,20191122,000000,2.69,2.75,2.67,2.6801,24390,0
NNDM.US,D,20191125,000000,2.78,2.78,2.66,2.69,9873,0
NNDM.US,D,20191126,000000,2.74,2.8,2.55,2.635,25547,0
NNDM.US,D,20191127,000000,2.7137,2.7471,2.61,2.62,15449,0
NNDM.US,D,20191129,000000,2.66,2.6733,2.56,2.6,30317,0
NNDM.US,D,20191202,000000,2.6,2.69,2.5905,2.608,14437,0
NNDM.US,D,20191203,000000,2.73,2.73,2.61,2.65,11595,0
NNDM.US,D,20191204,000000,2.68,2.7699,2.585,2.6548,23313,0
NNDM.US,D,20191205,000000,2.8,2.88,2.7,2.73,29170,0
NNDM.US,D,20191206,000000,2.83,2.95,2.71,2.8645,60964,0
NNDM.US,D,20191209,000000,2.86,2.95,2.8101,2.9,18153,0
NNDM.US,D,20191210,000000,2.8,2.87,2.68,2.7235,30263,0
NNDM.US,D,20191211,000000,2.7,2.729,2.63,2.675,12717,0
NNDM.US,D,20191212,000000,2.65,2.7299,2.538,2.638,14698,0
NNDM.US,D,20191213,000000,2.64,2.64,2.5512,2.63,16263,0
NNDM.US,D,20191216,000000,2.61,2.6641,2.58,2.58,8160,0
NNDM.US,D,20191217,000000,2.55,2.6145,2.55,2.57,5600,0
NNDM.US,D,20191218,000000,2.56,2.6,2.46,2.55,56756,0
NNDM.US,D,20191219,000000,2.51,2.5625,2.45,2.46,11006,0
NNDM.US,D,20191220,000000,2.46,2.51,2.43,2.51,16333,0
NNDM.US,D,20191223,000000,2.51,2.59,2.51,2.5527,12455,0
NNDM.US,D,20191224,000000,2.52,2.57,2.5,2.5039,8165,0
NNDM.US,D,20191226,000000,2.47,2.55,2.405,2.405,31578,0
NNDM.US,D,20191227,000000,2.47,2.47,2.4,2.45,20229,0
NNDM.US,D,20191230,000000,2.4,2.5,2.36,2.3886,31254,0
NNDM.US,D,20191231,000000,2.54,2.54,2.42,2.53,38416,0
NNDM.US,D,20200102,000000,2.6299,2.6299,2.53,2.55,18721,0
NNDM.US,D,20200103,000000,2.56,2.58,2.51,2.51,8898,0
NNDM.US,D,20200106,000000,2.47,2.58,2.45,2.5,20634,0
NNDM.US,D,20200107,000000,2.48,2.499,2.4,2.41,14095,0
NNDM.US,D,20200108,000000,2.51,2.51,2.4291,2.4501,17895,0
NNDM.US,D,20200109,000000,2.44,2.44,2.395,2.4224,11216,0
NNDM.US,D,20200110,000000,2.4321,2.47,2.4,2.4117,11140,0
NNDM.US,D,20200113,000000,2.39,2.4135,2.3,2.3669,58328,0
NNDM.US,D,20200114,000000,2.33,2.37,2.3203,2.3615,10479,0
NNDM.US,D,20200115,000000,2.37,2.37,2.26,2.26,15077,0
NNDM.US,D,20200116,000000,2.28,2.34,2.28,2.29,13586,0
NNDM.US,D,20200117,000000,2.3,2.34,2.285,2.2892,23199,0
NNDM.US,D,20200121,000000,2.35,2.72,2.35,2.5663,92299,0
NNDM.US,D,20200122,000000,2.55,2.5784,2.5,2.5401,15067,0
NNDM.US,D,20200123,000000,2.6,2.7,2.5163,2.7,65854,0
NNDM.US,D,20200124,000000,2.7,2.7,2.51,2.55,36403,0
NNDM.US,D,20200127,000000,2.62,2.62,2.29,2.34,30153,0
NNDM.US,D,20200128,000000,2.4763,2.4763,2.34,2.42,11173,0
NNDM.US,D,20200129,000000,2.42,2.4715,2.3001,2.31,16661,0
NNDM.US,D,20200130,000000,2.36,2.45,2.2849,2.3,14559,0
NNDM.US,D,20200131,000000,2.3,2.4,2.24,2.24,24394,0
NNDM.US,D,20200203,000000,2.41,2.41,2.21,2.22,38474,0
NNDM.US,D,20200204,000000,2.24,2.24,1.8301,1.91,100024,0
NNDM.US,D,20200205,000000,1.55,1.57,1.47,1.5,1188569,0
NNDM.US,D,20200206,000000,1.59,1.59,1.47,1.47,210918,0
NNDM.US,D,20200207,000000,1.47,1.5,1.4,1.4,75847,0
NNDM.US,D,20200210,000000,1.45,1.45,1.31,1.33,112959,0
NNDM.US,D,20200211,000000,1.36,1.38,1.23,1.26,225230,0
NNDM.US,D,20200212,000000,1.3,1.36,1.25,1.2698,99196,0
NNDM.US,D,20200213,000000,1.32,1.32,1.24,1.2979,36850,0
NNDM.US,D,20200214,000000,1.3,1.32,1.26,1.32,60179,0
NNDM.US,D,20200218,000000,1.4,1.42,1.33,1.36,44549,0
NNDM.US,D,20200219,000000,1.34,1.39,1.29,1.36,94309,0
NNDM.US,D,20200220,000000,1.28,1.41,1.26,1.41,92763,0
NNDM.US,D,20200221,000000,1.36,1.4,1.3396,1.35,19937,0
NNDM.US,D,20200224,000000,1.27,1.31,1.26,1.28,98352,0
NNDM.US,D,20200225,000000,1.26,1.29,1.26,1.27,72131,0
NNDM.US,D,20200226,000000,1.28,1.336,1.27,1.275,43907,0
NNDM.US,D,20200227,000000,1.27,1.3,1.27,1.295,69091,0
NNDM.US,D,20200228,000000,1.3,1.38,1.15,1.33,80924,0
NNDM.US,D,20200302,000000,1.33,1.3699,1.18,1.27,42507,0
NNDM.US,D,20200303,000000,1.32,1.32,1.25,1.2695,17419,0
NNDM.US,D,20200304,000000,1.37,1.37,1.21,1.2801,34830,0
NNDM.US,D,20200305,000000,1.29,1.3719,1.25,1.28,58097,0
NNDM.US,D,20200306,000000,1.28,1.3,1.2161,1.27,30697,0
NNDM.US,D,20200309,000000,1.13,1.15,1,1.08,96497,0
NNDM.US,D,20200310,000000,1.06,1.19,1.02,1.05,38609,0
NNDM.US,D,20200311,000000,1.03,1.08,1,1.06,26515,0
NNDM.US,D,20200312,000000,0.88,1,0.83,0.8802,36851,0
NNDM.US,D,20200313,000000,0.88,0.985,0.88,0.98,16267,0
NNDM.US,D,20200316,000000,0.86,0.86,0.78,0.8456,46057,0
NNDM.US,D,20200317,000000,0.79,0.8199,0.75,0.8,36760,0
NNDM.US,D,20200318,000000,0.7277,0.7277,0.65,0.6601,33361,0
NNDM.US,D,20200319,000000,0.6803,0.7999,0.625,0.7,106929,0
NNDM.US,D,20200320,000000,0.71,0.77,0.602,0.7462,22059,0
NNDM.US,D,20200323,000000,0.7115,0.7115,0.6501,0.7065,29690,0
NNDM.US,D,20200324,000000,0.69,0.74,0.69,0.7339,22835,0
NNDM.US,D,20200325,000000,0.74,0.74,0.69,0.7399,34476,0
NNDM.US,D,20200326,000000,0.7374,0.7374,0.69,0.6971,49444,0
NNDM.US,D,20200327,000000,0.7152,0.8949,0.7,0.8502,249875,0
NNDM.US,D,20200330,000000,1.07,1.54,0.86,1.15,3007971,0
NNDM.US,D,20200331,000000,1.15,1.15,0.86,0.94,555516,0
NNDM.US,D,20200401,000000,0.9,0.9,0.7,0.7501,247677,0
NNDM.US,D,20200402,000000,0.7876,0.8249,0.7135,0.7213,103908,0
NNDM.US,D,20200403,000000,0.7,0.7156,0.51,0.649,155295,0
NNDM.US,D,20200406,000000,0.9888,0.9888,0.70011,0.71,161245,0
NNDM.US,D,20200407,000000,0.82,0.8684,0.7469,0.824899,203182,0
NNDM.US,D,20200408,000000,0.78,0.889999,0.7451,0.84,196138,0
NNDM.US,D,20200409,000000,0.89,1.37,0.84,1.08,1943075,0
NNDM.US,D,20200413,000000,1.03,1.05,0.88,0.9455,1286337,0
NNDM.US,D,20200414,000000,0.99,1.2199,0.989001,1.14,695213,0
NNDM.US,D,20200415,000000,1.19,1.66,1.14,1.49,1946717,0
NNDM.US,D,20200416,000000,1.56,1.6,1.26,1.34,1007787,0
NNDM.US,D,20200417,000000,1.29,1.35,1.21,1.28,455150,0
NNDM.US,D,20200420,000000,1.3,1.32,1.18,1.24,723036,0
NNDM.US,D,20200421,000000,1.22,1.23,1.03,1.03,759282,0
NNDM.US,D,20200422,000000,0.8,0.88,0.65,0.7001,5608524,0
NNDM.US,D,20200423,000000,0.76,0.77,0.7359,0.7566,1974504,0
NNDM.US,D,20200424,000000,0.77,0.77,0.7111,0.74,1605325,0
NNDM.US,D,20200427,000000,0.77,0.7799,0.7414,0.774,1806749,0
NNDM.US,D,20200428,000000,0.785,0.785,0.743,0.754,889150,0
NNDM.US,D,20200429,000000,0.7599,0.77,0.733,0.76,993177,0
NNDM.US,D,20200430,000000,0.753,0.99,0.7341,0.8127,10934717,0
NNDM.US,D,20200501,000000,0.88,0.88,0.725,0.768,2413099,0
NNDM.US,D,20200504,000000,0.79,0.8199,0.74,0.76,996487,0
NNDM.US,D,20200505,000000,0.761,0.79,0.721,0.7474,833401,0
NNDM.US,D,20200506,000000,0.74,0.74,0.705,0.73,579122,0
NNDM.US,D,20200507,000000,0.7598,0.835,0.7401,0.7826,1854681,0
NNDM.US,D,20200508,000000,0.79,1.02,0.79,0.904,3992148,0
NNDM.US,D,20200511,000000,0.8908,1.07,0.82,0.9809,2353657,0
NNDM.US,D,20200512,000000,0.965,0.97,0.84,0.8686,1258564,0
NNDM.US,D,20200513,000000,0.8895,0.8895,0.74,0.8386,836561,0
NNDM.US,D,20200514,000000,0.765,0.78,0.705,0.78,949733,0
NNDM.US,D,20200515,000000,0.78,0.824,0.73,0.7997,457560,0
NNDM.US,D,20200518,000000,0.79,0.79,0.7568,0.7698,660625,0
NNDM.US,D,20200519,000000,1.24,3.97,1.14,3.4,331855208,0
NNDM.US,D,20200520,000000,3.21,4.8891,2.81,2.96,147139202,0
NNDM.US,D,20200521,000000,2.75,3.46,2.34,3.09,64271242,0
NNDM.US,D,20200522,000000,2.99,3.35,2.81,3.03,16739438,0
NNDM.US,D,20200526,000000,3.05,3.11,2.71,2.85,12737380,0
NNDM.US,D,20200527,000000,2.76,2.8,2.51,2.59,8773360,0
NNDM.US,D,20200528,000000,2.62,2.87,2.5101,2.67,7369695,0
NNDM.US,D,20200529,000000,2.65,2.7,2.51,2.59,5106099,0
NNDM.US,D,20200601,000000,2.54,2.61,2.4,2.48,5259745,0
NNDM.US,D,20200602,000000,2.39,3.31,2.3,3.08,31082452,0
NNDM.US,D,20200603,000000,2.9,2.99,2.65,2.75,9837905,0
NNDM.US,D,20200604,000000,2.6,2.89,2.48,2.63,7699898,0
NNDM.US,D,20200605,000000,2.56,2.75,2.53,2.61,4220767,0
NNDM.US,D,20200608,000000,2.72,2.84,2.6,2.62,5932870,0
NNDM.US,D,20200609,000000,2.62,2.7,2.52,2.6,3412998,0
NNDM.US,D,20200610,000000,2.64,2.64,2.51,2.53,4550304,0
NNDM.US,D,20200611,000000,2.4,2.5,2.28,2.36,3767238,0
NNDM.US,D,20200612,000000,2.42,2.45,2.27,2.31,2553963,0
NNDM.US,D,20200615,000000,2.25,2.46,2.16,2.36,3294402,0
NNDM.US,D,20200616,000000,2.44,2.45,2.28,2.42,2981831,0
NNDM.US,D,20200617,000000,2.28,2.305,2.21,2.25,3537370,0
NNDM.US,D,20200618,000000,2.19,2.29,2.1,2.19,2677465,0
NNDM.US,D,20200619,000000,2.23,2.43,2.16,2.31,4345287,0
NNDM.US,D,20200622,000000,2.27,2.33,2.21,2.24,2049411,0
NNDM.US,D,20200623,000000,2.51,2.57,2.26,2.31,6483014,0
NNDM.US,D,20200624,000000,2.29,2.31,2.11,2.25,3114589,0
NNDM.US,D,20200625,000000,2.21,2.29,2.16,2.2,1934185,0
NNDM.US,D,20200626,000000,2.19,2.19,2.08,2.1,2421055,0
NNDM.US,D,20200629,000000,2.11,2.2,2.05,2.12,1501093,0
NNDM.US,D,20200630,000000,2.13,2.2299,2.07,2.2,1420455,0
NNDM.US,D,20200701,000000,2.25,2.25,2.09,2.12,1543769,0
NNDM.US,D,20200702,000000,2.13,2.17,2.09,2.12,1116936,0
NNDM.US,D,20200706,000000,2.15,2.18,2.08,2.15,1881024,0
NNDM.US,D,20200707,000000,2.1,2.14,2.01,2.03,2212677,0
NNDM.US,D,20200708,000000,2.05,2.05,1.9,1.94,2627726,0
NNDM.US,D,20200709,000000,1.95,1.96,1.75,1.88,3033969,0
NNDM.US,D,20200710,000000,1.96,2.05,1.89,1.93,1757399,0
NNDM.US,D,20200713,000000,1.92,1.92,1.8273,1.83,1715721,0
NNDM.US,D,20200714,000000,1.8,1.825,1.6301,1.71,2081829,0
NNDM.US,D,20200715,000000,1.75,1.87,1.71,1.82,1466259,0
NNDM.US,D,20200716,000000,1.82,1.99,1.735,1.99,1378669,0
NNDM.US,D,20200717,000000,2.04,2.43,2.03,2.15,7678223,0
NNDM.US,D,20200720,000000,2.28,2.295,2.15,2.23,2531538,0
NNDM.US,D,20200721,000000,2.24,2.265,2.12,2.22,1371417,0
NNDM.US,D,20200722,000000,2.22,2.42,2.15,2.4,2942484,0
NNDM.US,D,20200723,000000,2.43,2.5,2.21,2.26,2456363,0
NNDM.US,D,20200724,000000,2.29,2.48,2.13,2.4,3411951,0
NNDM.US,D,20200727,000000,2.44,2.48,2.23,2.27,1873053,0
NNDM.US,D,20200728,000000,2.29,2.3,2.17,2.23,986971,0
NNDM.US,D,20200729,000000,2.23,2.32,2.2,2.29,1139053,0
NNDM.US,D,20200730,000000,2.27,2.37,2.25,2.35,1189798,0
NNDM.US,D,20200731,000000,2.35,2.35,2.25,2.29,807707,0
NNDM.US,D,20200803,000000,2.29,2.4,2.29,2.35,1281551,0
NNDM.US,D,20200804,000000,2.39,2.8,2.36,2.56,5765525,0
NNDM.US,D,20200805,000000,2.65,2.73,2.35,2.46,3440958,0
NNDM.US,D,20200806,000000,2.35,2.361,2.01,2.23,2530849,0
NNDM.US,D,20200807,000000,2.2,2.33,2.18,2.18,1343803,0
NNDM.US,D,20200810,000000,2.19,2.255,2.15,2.16,1069930,0
NNDM.US,D,20200811,000000,2.16,2.1973,1.96,2,1898649,0
NNDM.US,D,20200812,000000,2.02,2.1,2,2.05,944432,0
NNDM.US,D,20200813,000000,1.9,2.02,1.86,1.91,1965246,0
NNDM.US,D,20200814,000000,1.94,2.09,1.92,1.97,891268,0
NNDM.US,D,20200817,000000,1.98,1.99,1.86,1.89,1147118,0
NNDM.US,D,20200818,000000,1.9,1.99,1.8,1.83,1095252,0
NNDM.US,D,20200819,000000,1.82,1.85,1.77,1.82,1012651,0
NNDM.US,D,20200820,000000,1.81,1.81,1.73,1.78,917297,0
NNDM.US,D,20200821,000000,1.78,1.78,1.71,1.76,790776,0
NNDM.US,D,20200824,000000,1.78,1.785,1.7,1.72,693176,0
NNDM.US,D,20200825,000000,1.72,1.74,1.65,1.7,972076,0
NNDM.US,D,20200826,000000,1.66,1.75,1.66,1.72,521895,0
NNDM.US,D,20200827,000000,1.74,1.74,1.66,1.68,550896,0
NNDM.US,D,20200828,000000,1.72,1.79,1.65,1.69,1607964,0
NNDM.US,D,20200831,000000,1.7,1.75,1.61,1.65,843916,0
NNDM.US,D,20200901,000000,1.64,1.64,1.55,1.59,860736,0
NNDM.US,D,20200902,000000,1.59,1.6,1.53,1.59,632938,0
NNDM.US,D,20200903,000000,1.59,1.6,1.44,1.45,1315074,0
NNDM.US,D,20200904,000000,1.43,1.46,1.31,1.38,1366287,0
NNDM.US,D,20200908,000000,1.4,1.49,1.32,1.41,916203,0
NNDM.US,D,20200909,000000,1.41,1.47,1.38,1.41,495796,0
NNDM.US,D,20200910,000000,1.5,1.83,1.5,1.54,6226905,0
NNDM.US,D,20200911,000000,1.57,1.5895,1.47,1.52,1021934,0
NNDM.US,D,20200914,000000,1.54,1.68,1.5333,1.67,1234297,0
NNDM.US,D,20200915,000000,1.7,1.72,1.56,1.6,879965,0
NNDM.US,D,20200916,000000,1.56,1.63,1.5,1.52,910271,0
NNDM.US,D,20200917,000000,1.46,1.62,1.46,1.54,785847,0
NNDM.US,D,20200918,000000,1.56,1.6,1.53,1.58,620035,0
NNDM.US,D,20200921,000000,1.59,1.59,1.47,1.53,736623,0
NNDM.US,D,20200922,000000,1.54,1.54,1.47,1.51,544056,0
NNDM.US,D,20200923,000000,1.49,1.51,1.38,1.43,769651,0
NNDM.US,D,20200924,000000,1.88,1.9,1.44,1.78,18248996,0
NNDM.US,D,20200925,000000,1.54,1.63,1.5,1.55,2437070,0
NNDM.US,D,20200928,000000,1.58,1.62,1.5,1.58,1267950,0
NNDM.US,D,20200929,000000,1.75,2.23,1.65,2.13,14453309,0
NNDM.US,D,20200930,000000,2.6,3.28,2.36,2.86,119118704,0
NNDM.US,D,20201001,000000,2.395,2.47,2.14,2.4,19218097,0
NNDM.US,D,20201002,000000,2.17,2.63,2.17,2.36,11613728,0
NNDM.US,D,20201005,000000,2.4,2.47,2.27,2.35,5465542,0
NNDM.US,D,20201006,000000,2.3,2.32,2.15,2.21,6529149,0
NNDM.US,D,20201007,000000,2.22,2.5,2.19,2.36,8495099,0
NNDM.US,D,20201008,000000,2.44,2.46,2.27,2.39,3675714,0
NNDM.US,D,20201009,000000,2.39,2.63,2.33,2.62,8685185,0
NNDM.US,D,20201012,000000,2.73,3.13,2.68,3.06,22229545,0
NNDM.US,D,20201013,000000,3.06,3.3993,2.85,2.99,19389102,0
NNDM.US,D,20201014,000000,3.02,3.9,3.02,3.65,25856517,0
NNDM.US,D,20201015,000000,3.52,4.48,3.38,4.48,32981448,0
NNDM.US,D,20201016,000000,4.6,6,4.59,4.91,106026017,0
NNDM.US,D,20201019,000000,5.15,5.31,4.2611,4.38,28027694,0
NNDM.US,D,20201020,000000,4.02,4.35,3.4,3.74,23672143,0
NNDM.US,D,20201021,000000,3.6,4.1,3.55,3.78,11026160,0
NNDM.US,D,20201022,000000,3.9,4.205,3.65,4.14,8755785,0
NNDM.US,D,20201023,000000,4.22,4.38,3.91,3.98,7327170,0
NNDM.US,D,20201026,000000,3.17,3.51,3,3.13,19055673,0
NNDM.US,D,20201027,000000,3.31,3.36,3.15,3.25,6895453,0
NNDM.US,D,20201028,000000,3.1,3.15,2.82,3.03,9211332,0
NNDM.US,D,20201029,000000,3.06,3.09,2.88,2.9,8573456,0
NNDM.US,D,20201030,000000,2.96,3.04,2.67,3.04,10464353,0
NNDM.US,D,20201102,000000,3.04,3.08,2.86,2.95,4990995,0
NNDM.US,D,20201103,000000,3,3.19,2.91,3.02,6924360,0
NNDM.US,D,20201104,000000,3.1,3.15,2.87,2.94,6485525,0
NNDM.US,D,20201105,000000,2.99,3.98,2.93,3.77,24640327,0
NNDM.US,D,20201106,000000,3.75,4.22,3.61,3.98,19759861,0
NNDM.US,D,20201109,000000,4.42,4.61,3.98,4.32,15528338,0
NNDM.US,D,20201110,000000,4.4619,4.57,3.75,4.12,11142637,0
NNDM.US,D,20201111,000000,4.12,4.12,3.85,3.96,5999742,0
NNDM.US,D,20201112,000000,3.48,3.86,3.37,3.58,11230961,0
NNDM.US,D,20201113,000000,3.64,3.95,3.6,3.68,7318403,0
NNDM.US,D,20201116,000000,3.83,4.24,3.7908,4.21,13750517,0
NNDM.US,D,20201117,000000,4.06,4.85,4.01,4.47,17585636,0
NNDM.US,D,20201118,000000,4.59,4.95,4.55,4.77,11877460,0
NNDM.US,D,20201119,000000,5.0081,5.88,4.96,5.86,26155898,0
NNDM.US,D,20201120,000000,4.32,4.69,4.2,4.43,55620246,0
NNDM.US,D,20201123,000000,4.82,5.3,4.8,5.18,29031388,0
NNDM.US,D,20201124,000000,5.425,5.55,4.63,4.99,22808416,0
NNDM.US,D,20201125,000000,4.95,5.73,4.9,5.73,25120349,0
NNDM.US,D,20201127,000000,6.3,7.39,6.26,6.53,45821803,0
NNDM.US,D,20201130,000000,6.2,7.15,5.9,6.4,56374677,0
NNDM.US,D,20201201,000000,6.62,6.89,6.07,6.33,23813889,0
NNDM.US,D,20201202,000000,6,6.42,5.76,6.4,22191030,0
NNDM.US,D,20201203,000000,6.843,7.72,6.79,7.58,47084562,0
NNDM.US,D,20201204,000000,7.52,7.97,7.06,7.44,33338329,0
NNDM.US,D,20201207,000000,6.585,7.16,6.55,6.67,59885971,0
NNDM.US,D,20201208,000000,7.33,7.36,6.85,7.1,27720255,0
NNDM.US,D,20201209,000000,7.09,7.251,6.35,6.67,28456275,0
NNDM.US,D,20201210,000000,6.5,6.76,6.39,6.44,17753627,0
NNDM.US,D,20201211,000000,6.41,6.48,6.03,6.14,20135091,0
NNDM.US,D,20201214,000000,6.5068,6.94,6.27,6.65,23829851,0
NNDM.US,D,20201215,000000,6.7735,6.97,6.3324,6.48,16287643,0
NNDM.US,D,20201216,000000,6.4319,6.46,6.1419,6.27,13171134,0
NNDM.US,D,20201217,000000,6.27,7.04,6.12,6.85,30694535,0
NNDM.US,D,20201218,000000,6.87,7.29,6.61,7.15,33023962,0
NNDM.US,D,20201221,000000,7.0965,8.4198,7.0006,8.41,45693604,0
NNDM.US,D,20201222,000000,8.86,9.54,8.51,9.08,41327849,0
NNDM.US,D,20201223,000000,9.55,10.49,8.63,8.77,52014060,0
NNDM.US,D,20201224,000000,9.3665,9.64,8.65,8.81,20314987,0
NNDM.US,D,20201228,000000,8.08,8.62,8,8.15,69153703,0
NNDM.US,D,20201229,000000,8.63,8.88,8.05,8.59,44545177,0
NNDM.US,D,20201230,000000,8.65,9.75,8.61,9.55,39457056,0
NNDM.US,D,20201231,000000,9.9,9.9146,9.03,9.1,30190489,0
NNDM.US,D,20210104,000000,9.255,9.33,8.31,8.53,32706922,0
NNDM.US,D,20210105,000000,8.28,8.99,8.23,8.54,20715671,0
NNDM.US,D,20210106,000000,8.4222,8.65,7.88,8.09,25837674,0
NNDM.US,D,20210107,000000,8.34,9.53,8.34,9.34,37108539,0
NNDM.US,D,20210108,000000,9.59,9.61,8.8,9.13,24495938,0
NNDM.US,D,20210111,000000,8.92,9.85,8.86,9.29,25041446,0
NNDM.US,D,20210112,000000,9.3,9.56,9.1,9.4,15290577,0
NNDM.US,D,20210113,000000,9.75,11.45,9.66,11.43,59695205,0
NNDM.US,D,20210114,000000,10.45,10.61,10.1,10.37,84971697,0
NNDM.US,D,20210115,000000,10.76,10.95,10.27,10.38,32918100,0
NNDM.US,D,20210119,000000,11.05,11.61,10.68,10.94,38709484,0
NNDM.US,D,20210120,000000,11.24,11.86,11.12,11.52,33155309,0
NNDM.US,D,20210121,000000,11.9,13.3,11.5,12.6,48019934,0
NNDM.US,D,20210122,000000,12.6,14.66,12.4,14.39,52580308,0
NNDM.US,D,20210125,000000,16.45,17.86,13.21,16.66,65243539,0
NNDM.US,D,20210126,000000,16.9,17.89,15.58,15.59,44667346,0
NNDM.US,D,20210127,000000,14.49,16.21,14.05,14.52,38893643,0
NNDM.US,D,20210128,000000,15.0035,15.15,13.4,14.35,29033325,0
NNDM.US,D,20210129,000000,13.97,15.13,13.5,13.74,28163479,0
NNDM.US,D,20210201,000000,14.15,14.44,12.96,14.14,26373028,0
NNDM.US,D,20210202,000000,14.14,15.18,13.76,14.67,30665795,0
NNDM.US,D,20210203,000000,15.19,16.2389,15.04,15.47,25622176,0
NNDM.US,D,20210204,000000,15.26,15.66,14.47,14.72,19598412,0
NNDM.US,D,20210205,000000,14.8,15.37,14.165,14.9,18279869,0
NNDM.US,D,20210208,000000,15.04,16.66,15.01,16.04,29141907,0
NNDM.US,D,20210209,000000,15.98,17.1,15.5122,16.72,24704875,0
NNDM.US,D,20210210,000000,17,17.77,15.02,15.67,27090682,0
NNDM.US,D,20210211,000000,15.851,16.1,14.55,15.47,16889079,0
NNDM.US,D,20210212,000000,15.28,16.14,14.82,15.6,14198907,0
NNDM.US,D,20210216,000000,14.51,15.15,14,14.53,69044338,0
NNDM.US,D,20210217,000000,14.97,15.48,14.25,14.54,27426976,0
NNDM.US,D,20210218,000000,14.09,14.43,13.5,13.55,28052631,0
NNDM.US,D,20210219,000000,14.02,14.59,13.6,13.87,23500693,0
NNDM.US,D,20210222,000000,13.5,13.67,12.26,12.45,31932753,0
NNDM.US,D,20210223,000000,10.72,11.9698,9.69,11.26,45657381,0
NNDM.US,D,20210224,000000,11.65,12.45,11.08,11.82,21595969,0
NNDM.US,D,20210225,000000,11.4,11.78,10,10.18,29415515,0
NNDM.US,D,20210226,000000,9.95,10.75,9.5,9.84,29252645,0
NNDM.US,D,20210301,000000,10.36,10.66,9.8701,10.26,20020134,0
NNDM.US,D,20210302,000000,10.44,10.49,9.575,9.61,20118071,0
NNDM.US,D,20210303,000000,9.7,9.83,8.56,8.77,29701336,0
NNDM.US,D,20210304,000000,8.4,9.25,7.08,7.79,53144418,0
NNDM.US,D,20210305,000000,7.99,8.08,6.5,7.61,50793653,0
NNDM.US,D,20210308,000000,8.12,8.85,7.78,7.95,39487121,0
NNDM.US,D,20210309,000000,8.61,9.74,8.2608,9.48,36138246,0
NNDM.US,D,20210310,000000,10.22,10.48,9.115,9.38,37878669,0
NNDM.US,D,20210311,000000,9,11.16,8.8201,11.1,46024700,0
NNDM.US,D,20210312,000000,10.41,11.39,10.1111,11.31,27982526,0
NNDM.US,D,20210315,000000,11.59,11.6,11.03,11.49,21094316,0
NNDM.US,D,20210316,000000,11.44,11.5699,10.01,10.29,25698653,0
NNDM.US,D,20210317,000000,9.93,11.1299,9.75,11.09,22667612,0
NNDM.US,D,20210318,000000,10.84,11.0499,10.02,10.13,19911279,0
NNDM.US,D,20210319,000000,9.95,10.43,9.7201,10.2,17588367,0
NNDM.US,D,20210322,000000,10.38,10.44,9.83,9.83,16523280,0
NNDM.US,D,20210323,000000,9.88,9.9499,9.03,9.12,18095048,0
NNDM.US,D,20210324,000000,9.25,9.35,8.36,8.38,20305752,0
NNDM.US,D,20210325,000000,8.03,9.1,7.79,8.96,22100810,0
NNDM.US,D,20210326,000000,8.91,9.02,8.26,8.75,16495938,0
NNDM.US,D,20210329,000000,8.73,8.9499,8.115,8.21,14887116,0
NNDM.US,D,20210330,000000,7.955,8.48,7.68,8.35,18015952,0
NNDM.US,D,20210331,000000,8.6,8.75,8.38,8.59,14666256,0
NNDM.US,D,20210401,000000,9.0522,9.06,8.24,8.33,18666084,0
NNDM.US,D,20210405,000000,8.4,8.55,8.08,8.18,12482850,0
NNDM.US,D,20210406,000000,8.05,8.31,7.877,8.27,12417464,0
NNDM.US,D,20210407,000000,8.19,8.22,7.62,7.68,17277498,0
NNDM.US,D,20210408,000000,7.74,8.02,7.67,7.93,13092296,0
NNDM.US,D,20210409,000000,7.84,8.1,7.79,7.82,7669678,0
NNDM.US,D,20210412,000000,7.87,7.9,7.26,7.34,15490382,0
NNDM.US,D,20210413,000000,7.4588,7.74,7.35,7.63,14927955,0
NNDM.US,D,20210414,000000,7.72,8.16,7.55,7.6,15805851,0
NNDM.US,D,20210415,000000,7.6914,7.698,6.83,7.08,21333238,0
NNDM.US,D,20210416,000000,6.9163,7.33,6.69,7.32,14042685,0
NNDM.US,D,20210419,000000,7.18,7.2,6.57,6.64,21253115,0
NNDM.US,D,20210420,000000,7.05,7.79,6.87,7.14,68308456,0
NNDM.US,D,20210421,000000,7.12,7.44,6.85,7.39,22544493,0
NNDM.US,D,20210422,000000,7.71,7.77,7.09,7.25,20716822,0
NNDM.US,D,20210423,000000,7.26,7.56,7.14,7.49,12313947,0
NNDM.US,D,20210426,000000,7.66,8.35,7.57,8.23,21040553,0
NNDM.US,D,20210427,000000,9.15,9.33,7.86,8.13,59087707,0
NNDM.US,D,20210428,000000,8.11,8.19,7.83,7.96,18724209,0
NNDM.US,D,20210429,000000,8,8.094,7.4701,7.71,17635510,0
NNDM.US,D,20210430,000000,7.52,7.81,7.28,7.34,13968214,0
NNDM.US,D,20210503,000000,7.33,7.38,6.93,7.11,14866956,0
NNDM.US,D,20210504,000000,6.95,7,6.61,6.98,17399963,0
NNDM.US,D,20210505,000000,7.0352,7.18,6.76,6.87,12738408,0
NNDM.US,D,20210506,000000,6.77,6.79,6.24,6.48,21348360,0
NNDM.US,D,20210507,000000,6.62,6.89,6.53,6.67,13026752,0
NNDM.US,D,20210510,000000,6.6019,6.6086,6.21,6.22,14705533,0
NNDM.US,D,20210511,000000,5.62,6.35,5.51,6.23,19000522,0
NNDM.US,D,20210512,000000,6.04,6.23,5.9,5.91,11899704,0
NNDM.US,D,20210513,000000,5.95,6.16,5.39,5.53,19627130,0
NNDM.US,D,20210514,000000,5.67,6.31,5.65,6.23,15756360,0
NNDM.US,D,20210517,000000,6.17,6.36,5.95,6.31,15976673,0
NNDM.US,D,20210518,000000,6.27,6.71,6.155,6.49,12533096,0
NNDM.US,D,20210519,000000,6.16,6.35,6.05,6.19,11853733,0
NNDM.US,D,20210520,000000,6.33,6.55,6.06,6.41,12723162,0
NNDM.US,D,20210521,000000,6.3831,6.47,6.1738,6.18,8889070,0
NNDM.US,D,20210524,000000,6.21,6.59,6.1,6.43,13035601,0
NNDM.US,D,20210525,000000,6.52,6.64,6.32,6.52,12832645,0
NNDM.US,D,20210526,000000,6.57,7.43,6.52,7.13,22482477,0
NNDM.US,D,20210527,000000,7.27,7.44,6.92,7.38,21940356,0
NNDM.US,D,20210528,000000,7.5,7.71,7.05,7.1,12764291,0
NNDM.US,D,20210601,000000,7.202,7.3,7.04,7.22,10226167,0
NNDM.US,D,20210602,000000,7.2443,7.6699,7.16,7.55,12802504,0
NNDM.US,D,20210603,000000,7.46,7.605,7.25,7.27,9981723,0
NNDM.US,D,20210604,000000,7.4287,8.29,7.29,7.69,25012750,0
NNDM.US,D,20210607,000000,7.84,8.3,7.615,8.15,16068255,0
NNDM.US,D,20210608,000000,8.34,8.42,7.78,8.3,15667058,0
NNDM.US,D,20210609,000000,8.29,8.38,7.76,7.9,12743725,0
NNDM.US,D,20210610,000000,7.9743,8.16,7.61,7.68,9082686,0
NNDM.US,D,20210611,000000,7.78,8.1,7.655,7.76,8378655,0
NNDM.US,D,20210614,000000,7.88,8.41,7.64,8.01,16083390,0
NNDM.US,D,20210615,000000,7.99,8.0801,7.365,7.42,13775684,0
NNDM.US,D,20210616,000000,7.4168,7.58,7.24,7.54,9290383,0
NNDM.US,D,20210617,000000,7.47,8.18,7.45,8.14,22329851,0
NNDM.US,D,20210618,000000,8,8.2176,7.61,7.68,12782703,0
NNDM.US,D,20210621,000000,7.67,7.69,7.275,7.59,8889649,0
NNDM.US,D,20210622,000000,7.49,8.11,7.36,8.07,20786113,0
NNDM.US,D,20210623,000000,8.03,8.77,8.02,8.65,29768230,0
NNDM.US,D,20210624,000000,8.68,8.73,8.33,8.62,12645075,0
NNDM.US,D,20210625,000000,8.64,9.075,8.41,8.77,19596656,0
NNDM.US,D,20210628,000000,8.9,9.3,8.77,8.86,15246563,0
NNDM.US,D,20210629,000000,9.0146,9.06,8.42,8.52,12391866,0
NNDM.US,D,20210630,000000,8.46,8.47,8.14,8.24,10356458,0
NNDM.US,D,20210701,000000,8.4528,8.49,7.902,8,10468167,0
NNDM.US,D,20210702,000000,7.96,8.12,7.67,7.7,8530907,0
NNDM.US,D,20210706,000000,7.72,7.93,7.43,7.6,8678567,0
NNDM.US,D,20210707,000000,7.6027,7.69,7.01,7.09,11963447,0
NNDM.US,D,20210708,000000,6.92,7.27,6.762,7.13,9972979,0
NNDM.US,D,20210709,000000,7.15,7.3,7.01,7.27,5740990,0
NNDM.US,D,20210712,000000,7.23,7.34,6.95,7.12,6907552,0
NNDM.US,D,20210713,000000,7.09,7.1,6.77,6.79,6547950,0
NNDM.US,D,20210714,000000,6.86,6.91,6.48,6.52,7953379,0
NNDM.US,D,20210715,000000,6.5,6.75,6.29,6.48,7334891,0
NNDM.US,D,20210716,000000,6.52,6.8617,6.48,6.63,11605693,0
NNDM.US,D,20210719,000000,6.32,6.46,6.17,6.41,10050852,0
NNDM.US,D,20210720,000000,6.5154,6.69,6.1701,6.59,7968062,0
NNDM.US,D,20210721,000000,6.59,6.96,6.59,6.87,6920397,0
NNDM.US,D,20210722,000000,6.8507,6.96,6.43,6.52,8278601,0
NNDM.US,D,20210723,000000,6.5954,6.62,6.31,6.42,5850105,0
NNDM.US,D,20210726,000000,6.37,6.6,6.25,6.35,5706793,0
NNDM.US,D,20210727,000000,6.33,6.33,5.96,6.2,9133998,0
NNDM.US,D,20210728,000000,6.19,6.6392,6.16,6.51,6826511,0
NNDM.US,D,20210729,000000,6.59,6.625,6.36,6.43,4456214,0
NNDM.US,D,20210730,000000,6.39,6.52,6.28,6.33,4022474,0
NNDM.US,D,20210802,000000,6.35,6.47,6.29,6.3,4632360,0
NNDM.US,D,20210803,000000,6.35,6.37,6.06,6.22,6092928,0
NNDM.US,D,20210804,000000,6.15,6.335,6.08,6.09,6050868,0
NNDM.US,D,20210805,000000,6.15,6.43,6.07,6.26,6102490,0
NNDM.US,D,20210806,000000,6.27,6.31,6.1,6.24,4552067,0
NNDM.US,D,20210809,000000,6.21,6.48,6.173,6.34,5119936,0
NNDM.US,D,20210810,000000,6.56,6.98,6.46,6.56,12862483,0
NNDM.US,D,20210811,000000,6.62,6.63,6.23,6.38,6623286,0
NNDM.US,D,20210812,000000,6.5,6.51,6.21,6.34,5120276,0
NNDM.US,D,20210813,000000,6.25,6.26,5.77,5.78,16414335,0
NNDM.US,D,20210816,000000,5.79,5.8,5.57,5.64,8273257,0
NNDM.US,D,20210817,000000,5.55,5.6201,5.29,5.39,12242582,0
NNDM.US,D,20210818,000000,5.51,5.91,5.23,5.65,16103522,0
NNDM.US,D,20210819,000000,5.51,5.685,5.41,5.45,7742047,0
NNDM.US,D,20210820,000000,5.46,5.69,5.41,5.64,6326005,0
NNDM.US,D,20210823,000000,5.6915,5.94,5.648,5.94,7616485,0
NNDM.US,D,20210824,000000,5.98,6.1,5.745,6.09,8400742,0
NNDM.US,D,20210825,000000,6.09,6.14,5.94,6,5699202,0
NNDM.US,D,20210826,000000,5.96,6.27,5.86,5.88,6756725,0
NNDM.US,D,20210827,000000,5.9,6.14,5.87,6.07,5335748,0
NNDM.US,D,20210830,000000,6.08,6.22,5.88,6.13,7381021,0
NNDM.US,D,20210831,000000,6.15,6.48,6.15,6.4,8170483,0
NNDM.US,D,20210901,000000,6.5185,6.57,6.33,6.33,7620405,0
NNDM.US,D,20210902,000000,6.41,6.64,6.33,6.46,5514945,0
NNDM.US,D,20210903,000000,6.49,6.54,6.29,6.42,4541768,0
NNDM.US,D,20210907,000000,6.36,6.48,6.3,6.35,5073334,0
NNDM.US,D,20210908,000000,6.5023,6.575,6.0801,6.12,7116867,0
NNDM.US,D,20210909,000000,6.0924,6.48,6.02,6.31,6603810,0
NNDM.US,D,20210910,000000,6.34,6.45,6.1,6.13,4153911,0
NNDM.US,D,20210913,000000,6.18,6.18,5.91,6.02,4815957,0
NNDM.US,D,20210914,000000,6.0581,6.12,5.7703,5.85,5887643,0
NNDM.US,D,20210915,000000,5.83,6.02,5.792,6.02,4235020,0
NNDM.US,D,20210916,000000,5.98,6.16,5.9601,6.01,4700331,0
NNDM.US,D,20210917,000000,6.042,6.16,5.9287,6.12,4655625,0
NNDM.US,D,20210920,000000,5.86,5.9,5.56,5.66,9929134,0
NNDM.US,D,20210921,000000,5.682,5.775,5.58,5.67,5313604,0
NNDM.US,D,20210922,000000,5.7038,6.23,5.68,6.12,10549379,0
NNDM.US,D,20210923,000000,6.11,6.33,6.01,6.26,7071531,0
NNDM.US,D,20210924,000000,6.15,6.18,5.93,5.97,5102444,0
NNDM.US,D,20210927,000000,5.97,6.19,5.8501,6.13,4746625,0
NNDM.US,D,20210928,000000,6.04,6.08,5.77,5.8,6256827,0
NNDM.US,D,20210929,000000,5.88,5.9,5.55,5.56,5837766,0
NNDM.US,D,20210930,000000,5.62,5.77,5.57,5.64,4094702,0
NNDM.US,D,20211001,000000,5.67,5.71,5.51,5.64,3478380,0
NNDM.US,D,20211004,000000,5.6,5.62,5.35,5.38,5947688,0
NNDM.US,D,20211005,000000,5.43,5.5699,5.3773,5.51,5179259,0
NNDM.US,D,20211006,000000,5.44,5.59,5.4,5.52,4489263,0
NNDM.US,D,20211007,000000,5.587,5.85,5.575,5.68,5702048,0
NNDM.US,D,20211008,000000,5.69,5.775,5.62,5.64,3574964,0
NNDM.US,D,20211011,000000,5.64,5.78,5.58,5.59,2869164,0
NNDM.US,D,20211012,000000,5.6092,5.69,5.51,5.62,3227060,0
NNDM.US,D,20211013,000000,5.63,5.7668,5.5801,5.68,4451301,0
NNDM.US,D,20211014,000000,5.7393,5.76,5.62,5.69,3726339,0
NNDM.US,D,20211015,000000,5.68,5.75,5.56,5.6,4082050,0
NNDM.US,D,20211018,000000,5.54,5.615,5.51,5.51,4119948,0
NNDM.US,D,20211019,000000,5.57,5.93,5.55,5.89,7069653,0
NNDM.US,D,20211020,000000,5.8,5.98,5.78,5.84,4959978,0
NNDM.US,D,20211021,000000,5.81,5.95,5.71,5.73,4207663,0
NNDM.US,D,20211022,000000,5.77,5.77,5.48,5.56,5403132,0
NNDM.US,D,20211025,000000,5.53,5.83,5.5,5.78,7216297,0
NNDM.US,D,20211026,000000,5.78,6.15,5.74,5.89,11168594,0
NNDM.US,D,20211027,000000,6.03,6.15,5.68,5.7,8275000,0
NNDM.US,D,20211028,000000,5.74,5.88,5.7173,5.88,4015078,0
NNDM.US,D,20211029,000000,5.87,6.03,5.8333,5.88,4104204,0
NNDM.US,D,20211101,000000,5.92,6.38,5.87,6.28,11216524,0
NNDM.US,D,20211102,000000,6.31,6.35,6.085,6.27,7660782,0
NNDM.US,D,20211103,000000,6.55,6.745,6.16,6.25,14998771,0
NNDM.US,D,20211104,000000,6.27,6.48,6.01,6.05,9142517,0
NNDM.US,D,20211105,000000,6.08,6.09,5.76,5.8,8284752,0
NNDM.US,D,20211108,000000,5.87,6.19,5.85,6.13,7744139,0
NNDM.US,D,20211109,000000,6.089,6.15,5.85,5.96,6857362,0
NNDM.US,D,20211110,000000,5.86,5.895,5.48,5.57,9436976,0
NNDM.US,D,20211111,000000,5.65,5.72,5.54,5.62,5193742,0
NNDM.US,D,20211112,000000,5.62,5.68,5.49,5.66,5004690,0
NNDM.US,D,20211115,000000,5.6385,5.66,5.47,5.52,5810796,0
NNDM.US,D,20211116,000000,5.5,5.51,5.28,5.42,6526623,0
NNDM.US,D,20211117,000000,5.4,5.52,5.17,5.18,7216986,0
NNDM.US,D,20211118,000000,5.2,5.2,4.715,4.84,13614760,0
NNDM.US,D,20211119,000000,4.78,5,4.76,4.85,5651119,0
NNDM.US,D,20211122,000000,4.87,4.88,4.45,4.62,11429239,0
NNDM.US,D,20211123,000000,4.6,4.72,4.51,4.62,7215524,0
NNDM.US,D,20211124,000000,4.8,5.26,4.6501,5.1,14732634,0
NNDM.US,D,20211126,000000,4.876,4.99,4.82,4.98,4670166,0
NNDM.US,D,20211129,000000,5.06,5.1,4.76,4.8,7704948,0
NNDM.US,D,20211130,000000,4.73,4.8299,4.53,4.79,7513468,0
NNDM.US,D,20211201,000000,4.85,4.87,4.45,4.46,6027036,0
NNDM.US,D,20211202,000000,4.4,4.51,4.2,4.45,6580742,0
NNDM.US,D,20211203,000000,4.3901,4.47,4.16,4.24,8360459,0
NNDM.US,D,20211206,000000,4.1533,4.44,3.98,4.33,10216865,0
NNDM.US,D,20211207,000000,4.44,4.62,4.38,4.52,6138368,0
NNDM.US,D,20211208,000000,4.52,4.7,4.43,4.64,3359493,0
NNDM.US,D,20211209,000000,4.62,4.65,4.4,4.43,3289872,0
NNDM.US,D,20211210,000000,4.45,4.54,4.28,4.33,3600905,0
NNDM.US,D,20211213,000000,4.255,4.29,4.02,4.07,7118631,0
NNDM.US,D,20211214,000000,4.02,4.17,3.995,4.06,4665087,0
NNDM.US,D,20211215,000000,4.02,4.26,3.89,4.2,8111412,0
NNDM.US,D,20211216,000000,4.28,4.28,3.92,3.95,6063508,0
NNDM.US,D,20211217,000000,3.9,4.18,3.84,4.15,10084930,0
NNDM.US,D,20211220,000000,4,4.05,3.89,3.96,6545429,0
NNDM.US,D,20211221,000000,4.03,4.14,3.99,4.12,5504318,0
NNDM.US,D,20211222,000000,4.1,4.145,4.01,4.07,6064483,0
NNDM.US,D,20211223,000000,4.04,4.18,4,4.11,5624350,0
NNDM.US,D,20211227,000000,4.09,4.1,3.9,3.91,7337278,0
NNDM.US,D,20211228,000000,3.91,3.97,3.78,3.83,8411593,0
NNDM.US,D,20211229,000000,3.81,3.88,3.71,3.76,7543115,0
NNDM.US,D,20211230,000000,3.75,4,3.74,3.88,7002512,0
NNDM.US,D,20211231,000000,3.81,3.98,3.77,3.8,6766097,0
NNDM.US,D,20220103,000000,3.85,4.145,3.85,4.06,5065510,0
NNDM.US,D,20220104,000000,4.055,4.12,3.845,3.98,4810822,0
NNDM.US,D,20220105,000000,3.99,4.125,3.87,3.88,8323483,0
NNDM.US,D,20220106,000000,3.93,3.93,3.67,3.8,5003218,0
NNDM.US,D,20220107,000000,3.75,3.9,3.73,3.81,3612975,0
NNDM.US,D,20220110,000000,3.77,3.78,3.6,3.73,6250905,0
NNDM.US,D,20220111,000000,3.73,3.93,3.68,3.87,4253648,0
NNDM.US,D,20220112,000000,3.88,3.925,3.74,3.76,3698592,0
NNDM.US,D,20220113,000000,3.79,3.81,3.62,3.62,3364559,0
NNDM.US,D,20220114,000000,3.6,3.71,3.57,3.71,4051256,0
NNDM.US,D,20220118,000000,3.62,3.64,3.455,3.46,6261388,0
NNDM.US,D,20220119,000000,3.5,3.5509,3.36,3.36,6222173,0
NNDM.US,D,20220120,000000,3.42,3.61,3.38,3.38,6050115,0
NNDM.US,D,20220121,000000,3.33,3.38,3.17,3.24,7689112,0
NNDM.US,D,20220124,000000,3.07,3.33,3,3.32,13615045,0
NNDM.US,D,20220125,000000,3.22,3.45,3.22,3.35,6288061,0
NNDM.US,D,20220126,000000,3.45,3.78,3.4201,3.51,12461076,0
NNDM.US,D,20220127,000000,3.5327,3.55,3.21,3.24,7517301,0
NNDM.US,D,20220128,000000,3.24,3.37,3.13,3.37,5921038,0
NNDM.US,D,20220131,000000,3.49,3.73,3.4599,3.67,8656652,0
NNDM.US,D,20220201,000000,3.7,3.88,3.62,3.8,5396791,0
NNDM.US,D,20220202,000000,3.89,3.92,3.65,3.73,7143815,0
NNDM.US,D,20220203,000000,3.58,3.69,3.53,3.59,4135742,0
NNDM.US,D,20220204,000000,3.61,3.75,3.55,3.72,2868404,0
NNDM.US,D,20220207,000000,3.74,3.8583,3.7,3.73,3926085,0
NNDM.US,D,20220208,000000,3.7204,3.92,3.7201,3.87,3184520,0
NNDM.US,D,20220209,000000,3.95,4,3.825,3.92,5103753,0
NNDM.US,D,20220210,000000,3.81,4.16,3.79,3.92,6237523,0
NNDM.US,D,20220211,000000,3.92,4.02,3.75,3.79,4706875,0
NNDM.US,D,20220214,000000,3.745,3.89,3.73,3.76,3091283,0
NNDM.US,D,20220215,000000,3.84,3.965,3.8233,3.95,3359424,0
NNDM.US,D,20220216,000000,3.92,4.03,3.84,3.9,2813564,0
NNDM.US,D,20220217,000000,3.87,3.9,3.685,3.72,2783386,0
NNDM.US,D,20220218,000000,3.66,3.756,3.59,3.62,2702456,0
NNDM.US,D,20220222,000000,3.47,3.63,3.425,3.49,3553184,0
NNDM.US,D,20220223,000000,3.53,3.585,3.35,3.38,3099064,0
NNDM.US,D,20220224,000000,3.08,3.5,3.08,3.5,5371660,0
NNDM.US,D,20220225,000000,3.48,3.52,3.36,3.49,3339153,0
NNDM.US,D,20220228,000000,3.43,3.58,3.43,3.54,2906048,0
NNDM.US,D,20220301,000000,3.49,3.58,3.435,3.47,3034475,0
NNDM.US,D,20220302,000000,3.45,3.49,3.345,3.46,2808693,0
NNDM.US,D,20220303,000000,3.46,3.46,3.3,3.32,2487284,0
NNDM.US,D,20220304,000000,3.26,3.35,3.165,3.2,3198140,0
NNDM.US,D,20220307,000000,3.14,3.2591,3.11,3.16,4180900,0
NNDM.US,D,20220308,000000,3.17,3.32,3.07,3.23,3897633,0
NNDM.US,D,20220309,000000,3.26,3.4,3.225,3.35,2494250,0
NNDM.US,D,20220310,000000,3.27,3.385,3.22,3.37,2264680,0
NNDM.US,D,20220311,000000,3.38,3.38,3.21,3.23,3147884,0
NNDM.US,D,20220314,000000,3.2,3.2,3,3.06,5287208,0
NNDM.US,D,20220315,000000,3.09,3.24,3.06,3.24,3230833,0
NNDM.US,D,20220316,000000,3.3,3.46,3.265,3.46,3782657,0
NNDM.US,D,20220317,000000,3.43,3.65,3.385,3.64,3031130,0
NNDM.US,D,20220318,000000,3.6,3.71,3.575,3.68,2583046,0
NNDM.US,D,20220321,000000,3.69,3.875,3.64,3.75,3301057,0
NNDM.US,D,20220322,000000,3.75,3.945,3.73,3.87,3291995,0
NNDM.US,D,20220323,000000,3.83,3.915,3.75,3.8,2060305,0
NNDM.US,D,20220324,000000,3.83,3.85,3.71,3.84,1871175,0
NNDM.US,D,20220325,000000,3.87,3.87,3.645,3.75,2765364,0
NNDM.US,D,20220328,000000,3.75,3.7635,3.58,3.74,2426875,0
NNDM.US,D,20220329,000000,3.77,3.96,3.74,3.94,3755777,0
NNDM.US,D,20220330,000000,3.89,3.98,3.7801,3.82,3240465,0
NNDM.US,D,20220331,000000,3.8,3.84,3.43,3.56,5679593,0
NNDM.US,D,20220401,000000,3.55,3.565,3.44,3.46,2770988,0
NNDM.US,D,20220404,000000,3.48,3.63,3.45,3.57,3838150,0
NNDM.US,D,20220405,000000,3.56,3.56,3.3433,3.37,2912695,0
NNDM.US,D,20220406,000000,3.32,3.34,3.2,3.26,3101698,0
NNDM.US,D,20220407,000000,3.23,3.2916,3.14,3.22,3071235,0
NNDM.US,D,20220408,000000,3.21,3.23,3.14,3.18,1628717,0
NNDM.US,D,20220411,000000,3.11,3.195,3.0819,3.15,2143906,0
NNDM.US,D,20220412,000000,3.23,3.24,3.1,3.12,2512665,0
NNDM.US,D,20220413,000000,3.14,3.2,3.09,3.12,2338934,0
NNDM.US,D,20220414,000000,3.12,3.12,3.04,3.06,3114219,0
NNDM.US,D,20220418,000000,3.04,3.08,2.87,2.9,6211021,0
NNDM.US,D,20220419,000000,2.92,3.0976,2.895,3.02,2934197,0
NNDM.US,D,20220420,000000,3.04,3.07,2.98,3.05,2660008,0
NNDM.US,D,20220421,000000,3.08,3.12,2.89,2.93,2812759,0
NNDM.US,D,20220422,000000,2.9,2.97,2.87,2.9,3184446,0
NNDM.US,D,20220425,000000,2.88,2.97,2.85,2.97,3222467,0
NNDM.US,D,20220426,000000,2.96,2.96,2.79,2.83,3750191,0
NNDM.US,D,20220427,000000,2.83,2.92,2.8,2.82,2969301,0
NNDM.US,D,20220428,000000,2.84,2.9,2.67,2.88,4003757,0
NNDM.US,D,20220429,000000,2.84,2.97,2.83,2.84,2465338,0
NNDM.US,D,20220502,000000,2.83,2.95,2.79,2.95,2776013,0
NNDM.US,D,20220503,000000,2.97,3.0398,2.94,2.99,2146846,0
NNDM.US,D,20220504,000000,2.97,3.09,2.89,3.08,2671984,0
NNDM.US,D,20220505,000000,3,3.005,2.86,2.92,2430084,0
NNDM.US,D,20220506,000000,2.87,2.9089,2.77,2.8,3401968,0
NNDM.US,D,20220509,000000,2.73,2.78,2.58,2.61,8342101,0
NNDM.US,D,20220510,000000,2.665,2.72,2.41,2.47,8941867,0
NNDM.US,D,20220511,000000,2.37,2.49,2.25,2.27,7280428,0
NNDM.US,D,20220512,000000,2.21,2.48,2.17,2.34,5826060,0
NNDM.US,D,20220513,000000,2.42,2.635,2.41,2.55,4604864,0
NNDM.US,D,20220516,000000,2.53,2.59,2.46,2.54,3519849,0
NNDM.US,D,20220517,000000,2.84,3.04,2.765,2.91,10789487,0
NNDM.US,D,20220518,000000,2.83,3.13,2.82,2.99,8127220,0
NNDM.US,D,20220519,000000,2.91,3.07,2.908,2.985,5030333,0
NNDM.US,D,20220520,000000,3.01,3.07,2.745,2.82,4128255,0
NNDM.US,D,20220523,000000,2.8,2.82,2.7,2.78,2338561,0
NNDM.US,D,20220524,000000,2.73,2.76,2.66,2.73,2492835,0
NNDM.US,D,20220525,000000,2.7,2.78,2.67,2.73,3244182,0
NNDM.US,D,20220526,000000,2.73,2.82,2.7,2.74,2407097,0
NNDM.US,D,20220527,000000,2.75,2.93,2.75,2.9,3798149,0
NNDM.US,D,20220531,000000,2.98,3.1,2.86,2.98,3927836,0
NNDM.US,D,20220601,000000,3.005,3.1,2.93,2.98,3017807,0
NNDM.US,D,20220602,000000,2.99,3.09,2.9596,3.06,2360024,0
NNDM.US,D,20220603,000000,2.98,3.12,2.93,3.05,3307694,0
NNDM.US,D,20220606,000000,3.08,3.12,2.9701,3,2341827,0
NNDM.US,D,20220607,000000,2.94,3.07,2.92,3.06,1601305,0
NNDM.US,D,20220608,000000,3.05,3.21,3.03,3.18,3146134,0
NNDM.US,D,20220609,000000,3.14,3.21,3.07,3.08,2124411,0
NNDM.US,D,20220610,000000,3.04,3.15,2.94,2.98,2299414,0
NNDM.US,D,20220613,000000,2.802,2.92,2.76,2.76,4343510,0
NNDM.US,D,20220614,000000,2.8,2.9,2.72,2.86,2195778,0
NNDM.US,D,20220615,000000,2.88,3.09,2.8733,3.03,3345102,0
NNDM.US,D,20220616,000000,2.92,2.9821,2.86,2.9,2887010,0
NNDM.US,D,20220617,000000,2.9,3.1,2.89,3.02,3870159,0
NNDM.US,D,20220621,000000,3.055,3.13,3.04,3.09,2752783,0
NNDM.US,D,20220622,000000,3.03,3.18,3.03,3.11,2358406,0
NNDM.US,D,20220623,000000,3.11,3.2,3.1,3.16,2008276,0
NNDM.US,D,20220624,000000,3.2,3.25,3.17,3.19,2709227,0
NNDM.US,D,20220627,000000,3.2,3.26,3.16,3.24,3077612,0
NNDM.US,D,20220628,000000,3.24,3.35,3.18,3.2,3484067,0
NNDM.US,D,20220629,000000,3.14,3.17,3.07,3.12,2301713,0
NNDM.US,D,20220630,000000,3.05,3.1799,3.01,3.14,2413854,0
NNDM.US,D,20220701,000000,3.13,3.19,3.06,3.1,1916140,0
NNDM.US,D,20220705,000000,3.06,3.31,3.03,3.31,3461825,0
NNDM.US,D,20220706,000000,3.28,3.39,3.23,3.27,2803933,0
NNDM.US,D,20220707,000000,3.26,3.46,3.255,3.36,3211205,0
NNDM.US,D,20220708,000000,3.31,3.46,3.27,3.41,2453428,0
NNDM.US,D,20220711,000000,3.35,3.39,3.27,3.27,1838552,0
NNDM.US,D,20220712,000000,3.29,3.335,3.225,3.29,1798982,0
NNDM.US,D,20220713,000000,3.24,3.42,3.22,3.4,2334862,0
NNDM.US,D,20220714,000000,3.35,3.43,3.31,3.39,2026318,0
NNDM.US,D,20220715,000000,3.4,3.4225,3.29,3.34,3415615,0
NNDM.US,D,20220718,000000,3.39,3.45,3.0834,3.12,5159516,0
NNDM.US,D,20220719,000000,3.19,3.24,3.1212,3.21,2179013,0
NNDM.US,D,20220720,000000,3.2,3.47,3.195,3.46,4300449,0
NNDM.US,D,20220721,000000,3.42,3.5386,3.41,3.47,2615628,0
NNDM.US,D,20220722,000000,3.46,3.46,3.31,3.35,2342248,0
NNDM.US,D,20220725,000000,3.35,3.35,3.25,3.3,1069386,0
NNDM.US,D,20220726,000000,3.27,3.28,3.15,3.16,1317382,0
NNDM.US,D,20220727,000000,3.24,3.27,3.17,3.25,1368658,0
NNDM.US,D,20220728,000000,3.25,3.345,3.22,3.32,1383077,0
NNDM.US,D,20220729,000000,3.32,3.345,3.25,3.29,2139635,0
NNDM.US,D,20220801,000000,3.24,3.31,3.21,3.29,1014983,0
NNDM.US,D,20220802,000000,3.255,3.45,3.23,3.44,2281971,0
NNDM.US,D,20220803,000000,3.5,3.55,3.38,3.39,3796216,0
NNDM.US,D,20220804,000000,3.41,3.59,3.39,3.48,2804707,0
NNDM.US,D,20220805,000000,3.4,3.45,3.33,3.42,3569325,0
NNDM.US,D,20220808,000000,3.42,3.47,3.35,3.38,2825174,0
NNDM.US,D,20220809,000000,3.36,3.36,3.26,3.27,1906294,0
NNDM.US,D,20220810,000000,3.34,3.47,3.275,3.45,3094239,0
NNDM.US,D,20220811,000000,3.5,3.74,3.5,3.53,4664043,0
NNDM.US,D,20220812,000000,3.52,3.59,3.4256,3.58,2428380,0
NNDM.US,D,20220815,000000,3.55,3.61,3.49,3.55,1875953,0
NNDM.US,D,20220816,000000,3.53,3.5601,3.43,3.53,2522285,0
NNDM.US,D,20220817,000000,3.46,3.585,3.415,3.53,2850819,0
NNDM.US,D,20220818,000000,3.51,3.51,3.44,3.45,1534881,0
NNDM.US,D,20220819,000000,3.43,3.43,3.25,3.26,2361561,0
NNDM.US,D,20220822,000000,3.22,3.23,3.1,3.1,2215620,0
NNDM.US,D,20220823,000000,3.11,3.1599,3.06,3.07,1585490,0
NNDM.US,D,20220824,000000,3.08,3.2,3.065,3.16,1107233,0
NNDM.US,D,20220825,000000,3.19,3.23,3.14,3.21,1171043,0
NNDM.US,D,20220826,000000,3.19,3.19,3.04,3.04,2063929,0
NNDM.US,D,20220829,000000,3,3.115,2.98,3.05,1560654,0
NNDM.US,D,20220830,000000,3.08,3.09,2.94,2.98,1392501,0
NNDM.US,D,20220831,000000,2.99,3.025,2.94,2.97,2129052,0
NNDM.US,D,20220901,000000,3.02,3.02,2.74,2.78,4197062,0
NNDM.US,D,20220902,000000,2.84,2.852,2.575,2.62,11229396,0
NNDM.US,D,20220906,000000,2.63,2.63,2.46,2.49,5838021,0
NNDM.US,D,20220907,000000,2.53,2.7,2.41,2.68,18717923,0
NNDM.US,D,20220908,000000,2.62,2.72,2.57,2.7,4547802,0
NNDM.US,D,20220909,000000,2.72,2.77,2.7,2.76,2167318,0
NNDM.US,D,20220912,000000,2.77,2.77,2.67,2.77,2094346,0
NNDM.US,D,20220913,000000,2.68,2.705,2.64,2.67,3408117,0
NNDM.US,D,20220914,000000,2.65,2.68,2.62,2.66,2392215,0
NNDM.US,D,20220915,000000,2.64,2.6699,2.53,2.54,2775158,0
NNDM.US,D,20220916,000000,2.5,2.53,2.46,2.49,2205459,0
NNDM.US,D,20220919,000000,2.45,2.48,2.44,2.45,1766678,0
NNDM.US,D,20220920,000000,2.45,2.475,2.44,2.45,1402452,0
NNDM.US,D,20220921,000000,2.43,2.47,2.38,2.41,2101431,0
NNDM.US,D,20220922,000000,2.41,2.43,2.35,2.39,2378396,0
NNDM.US,D,20220923,000000,2.36,2.455,2.32,2.43,3051210,0
NNDM.US,D,20220926,000000,2.42,2.46,2.37,2.4,2337988,0
NNDM.US,D,20220927,000000,2.41,2.49,2.39,2.45,1807832,0
NNDM.US,D,20220928,000000,2.39,2.52,2.39,2.49,2007401,0
NNDM.US,D,20220929,000000,2.44,2.45,2.37,2.41,1927141,0
NNDM.US,D,20220930,000000,2.41,2.495,2.38,2.39,1561323,0
NNDM.US,D,20221003,000000,2.39,2.47,2.36,2.43,2362735,0
NNDM.US,D,20221004,000000,2.48,2.54,2.45,2.49,2131619,0
NNDM.US,D,20221005,000000,2.43,2.47,2.41,2.46,1073903,0
NNDM.US,D,20221006,000000,2.4,2.455,2.38,2.45,1999199,0
NNDM.US,D,20221007,000000,2.43,2.43,2.37,2.38,2089747,0
NNDM.US,D,20221010,000000,2.385,2.39,2.29,2.32,2771895,0
NNDM.US,D,20221011,000000,2.31,2.415,2.295,2.35,2120643,0
NNDM.US,D,20221012,000000,2.34,2.34,2.3,2.3,1323165,0
NNDM.US,D,20221013,000000,2.25,2.4,2.2326,2.38,2636045,0
NNDM.US,D,20221014,000000,2.37,2.4,2.31,2.33,1227588,0
NNDM.US,D,20221017,000000,2.36,2.485,2.36,2.43,2503591,0
NNDM.US,D,20221018,000000,2.46,2.49,2.325,2.35,3135273,0
NNDM.US,D,20221019,000000,2.35,2.38,2.32,2.36,1908821,0
NNDM.US,D,20221020,000000,2.33,2.41,2.3299,2.35,1422074,0
NNDM.US,D,20221021,000000,2.33,2.47,2.33,2.46,2781442,0
NNDM.US,D,20221024,000000,2.45,2.51,2.39,2.49,2683088,0
NNDM.US,D,20221025,000000,2.45,2.555,2.45,2.54,2176237,0
NNDM.US,D,20221026,000000,2.47,2.56,2.47,2.49,1690869,0
NNDM.US,D,20221027,000000,2.49,2.53,2.46,2.46,4979486,0
NNDM.US,D,20221028,000000,2.46,2.5,2.42,2.49,1424056,0
NNDM.US,D,20221031,000000,2.46,2.5,2.42,2.48,1537451,0
NNDM.US,D,20221101,000000,2.5,2.53,2.46,2.47,2303795,0
NNDM.US,D,20221102,000000,2.45,2.5,2.4,2.41,1791380,0
NNDM.US,D,20221103,000000,2.37,2.97,2.37,2.67,15231389,0
NNDM.US,D,20221104,000000,2.71,2.79,2.6,2.76,4147960,0
NNDM.US,D,20221107,000000,2.75,2.765,2.6616,2.71,1869267,0
NNDM.US,D,20221108,000000,2.7,2.74,2.61,2.66,1712329,0
NNDM.US,D,20221109,000000,2.6,2.65,2.515,2.53,2902771,0
NNDM.US,D,20221110,000000,2.63,2.715,2.59,2.65,3417522,0
NNDM.US,D,20221111,000000,2.65,2.73,2.62,2.71,2213520,0
NNDM.US,D,20221114,000000,2.69,2.765,2.65,2.7,1591244,0
NNDM.US,D,20221115,000000,2.75,2.78,2.62,2.63,4001025,0
NNDM.US,D,20221116,000000,2.6,2.62,2.54,2.56,2087059,0
NNDM.US,D,20221117,000000,2.5,2.56,2.4601,2.55,1313285,0
NNDM.US,D,20221118,000000,2.55,2.57,2.4701,2.5,1444908,0
NNDM.US,D,20221121,000000,2.45,2.48,2.42,2.42,1428054,0
NNDM.US,D,20221122,000000,2.43,2.45,2.39,2.41,1587764,0
NNDM.US,D,20221123,000000,2.4,2.43,2.385,2.41,1617551,0
NNDM.US,D,20221125,000000,2.43,2.47,2.4,2.46,587466,0
NNDM.US,D,20221128,000000,2.42,2.47,2.41,2.41,4556308,0
NNDM.US,D,20221129,000000,2.39,2.415,2.33,2.37,2735978,0
NNDM.US,D,20221130,000000,2.38,2.49,2.34,2.47,2515658,0
NNDM.US,D,20221201,000000,2.52,2.552,2.37,2.38,3570829,0
NNDM.US,D,20221202,000000,2.35,2.37,2.3,2.34,3090307,0
NNDM.US,D,20221205,000000,2.35,2.4488,2.345,2.35,2892917,0
NNDM.US,D,20221206,000000,2.35,2.37,2.18,2.19,6833580,0
NNDM.US,D,20221207,000000,2.19,2.22,2.11,2.17,4055206,0
NNDM.US,D,20221208,000000,2.16,2.19,2.12,2.15,2026907,0
NNDM.US,D,20221209,000000,2.16,2.16,2.06,2.07,2310873,0
NNDM.US,D,20221212,000000,2.06,2.22,2.06,2.18,3130389,0
NNDM.US,D,20221213,000000,2.25,2.36,2.21,2.36,5532577,0
NNDM.US,D,20221214,000000,2.4,2.52,2.37,2.47,3860234,0
NNDM.US,D,20221215,000000,2.45,2.51,2.42,2.46,3552882,0
NNDM.US,D,20221216,000000,2.44,2.5,2.41,2.41,8445548,0
NNDM.US,D,20221219,000000,2.4,2.43,2.28,2.41,4771156,0
NNDM.US,D,20221220,000000,2.38,2.42,2.35,2.4,2793140,0
NNDM.US,D,20221221,000000,2.4,2.43,2.37,2.4,1783600,0
NNDM.US,D,20221222,000000,2.37,2.44,2.325,2.41,3880988,0
NNDM.US,D,20221223,000000,2.4,2.45,2.39,2.41,1551859,0
NNDM.US,D,20221227,000000,2.38,2.43,2.37,2.41,4286193,0
NNDM.US,D,20221228,000000,2.36,2.445,2.36,2.38,1845481,0
NNDM.US,D,20221229,000000,2.38,2.42,2.3,2.35,3354772,0
NNDM.US,D,20221230,000000,2.31,2.34,2.26,2.3,2824758,0
NNDM.US,D,20230103,000000,2.38,2.39,2.27,2.32,2492948,0
NNDM.US,D,20230104,000000,2.3,2.47,2.29,2.47,2110283,0
NNDM.US,D,20230105,000000,2.46,2.55,2.45,2.54,1017447,0
NNDM.US,D,20230106,000000,2.49,2.52,2.48,2.49,1514514,0
NNDM.US,D,20230109,000000,2.51,2.55,2.49,2.51,3370768,0
NNDM.US,D,20230110,000000,2.51,2.55,2.49,2.51,4134078,0
NNDM.US,D,20230111,000000,2.51,2.57,2.485,2.5,3779683,0
NNDM.US,D,20230112,000000,2.5,2.5569,2.44,2.52,4153428,0
NNDM.US,D,20230113,000000,2.5,2.57,2.48,2.53,948015,0
NNDM.US,D,20230117,000000,2.52,2.57,2.495,2.51,1659012,0
NNDM.US,D,20230118,000000,2.53,2.54,2.35,2.35,2468188,0
NNDM.US,D,20230119,000000,2.34,2.37,2.275,2.35,3579472,0
NNDM.US,D,20230120,000000,2.35,2.485,2.35,2.48,2530187,0
NNDM.US,D,20230123,000000,2.47,2.605,2.44,2.57,3919389,0
NNDM.US,D,20230124,000000,2.57,2.75,2.5543,2.72,5015724,0
NNDM.US,D,20230125,000000,2.67,2.79,2.64,2.71,3024114,0
NNDM.US,D,20230126,000000,2.73,2.77,2.68,2.72,1603589,0
NNDM.US,D,20230127,000000,2.71,2.91,2.69,2.86,3056105,0
NNDM.US,D,20230130,000000,2.82,2.83,2.71,2.73,2400934,0
NNDM.US,D,20230131,000000,2.73,2.78,2.725,2.76,2859068,0
NNDM.US,D,20230201,000000,2.77,2.78,2.68,2.73,3306773,0
NNDM.US,D,20230202,000000,2.75,2.99,2.74,2.82,8106586,0
NNDM.US,D,20230203,000000,2.79,2.91,2.769,2.81,2604256,0
NNDM.US,D,20230206,000000,2.755,2.78,2.67,2.69,1902132,0
NNDM.US,D,20230207,000000,2.69,2.7,2.555,2.61,1542099,0
NNDM.US,D,20230208,000000,2.6,2.62,2.56,2.58,1266319,0
NNDM.US,D,20230209,000000,2.6,2.6063,2.52,2.53,1588014,0
NNDM.US,D,20230210,000000,2.53,2.53,2.42,2.5,1387561,0
NNDM.US,D,20230213,000000,2.52,2.57,2.46,2.56,1972719,0
NNDM.US,D,20230214,000000,2.55,2.64,2.525,2.63,1772308,0
NNDM.US,D,20230215,000000,2.77,2.99,2.7,2.95,7974571,0
NNDM.US,D,20230216,000000,2.89,3.0194,2.85,2.91,4013457,0
NNDM.US,D,20230217,000000,2.89,2.92,2.82,2.89,2133182,0
NNDM.US,D,20230221,000000,2.885,2.9,2.75,2.79,2051307,0
NNDM.US,D,20230222,000000,2.8,2.9,2.8,2.87,1577879,0
NNDM.US,D,20230223,000000,2.86,2.93,2.84,2.84,1154673,0
NNDM.US,D,20230224,000000,2.8,2.88,2.8,2.83,1535677,0
NNDM.US,D,20230227,000000,2.83,2.95,2.83,2.91,1586033,0
NNDM.US,D,20230228,000000,2.89,2.99,2.89,2.94,1804923,0
NNDM.US,D,20230301,000000,2.95,3,2.93,2.96,1742675,0
NNDM.US,D,20230302,000000,2.93,3.11,2.92,3.11,2629579,0
NNDM.US,D,20230303,000000,3.11,3.18,3.095,3.1,1898374,0
NNDM.US,D,20230306,000000,3.12,3.22,3.07,3.08,2649655,0
NNDM.US,D,20230307,000000,3.08,3.08,2.98,3.04,2284853,0
NNDM.US,D,20230308,000000,3.03,3.055,3,3.04,2433035,0
NNDM.US,D,20230309,000000,3.06,3.15,3.0308,3.1,4446854,0
NNDM.US,D,20230310,000000,2.85,3.02,2.66,2.77,6485124,0
NNDM.US,D,20230313,000000,2.665,2.81,2.66,2.72,3442051,0
NNDM.US,D,20230314,000000,2.73,2.74,2.51,2.56,5940082,0
NNDM.US,D,20230315,000000,2.49,2.6,2.46,2.49,2977900,0
NNDM.US,D,20230316,000000,2.49,2.63,2.43,2.61,2250274,0
NNDM.US,D,20230317,000000,2.61,2.62,2.58,2.6,1427188,0
NNDM.US,D,20230320,000000,2.59,2.62,2.57,2.57,1378903,0
NNDM.US,D,20230321,000000,2.62,2.63,2.49,2.54,1951261,0
NNDM.US,D,20230322,000000,2.51,2.51,2.38,2.38,2901104,0
NNDM.US,D,20230323,000000,2.41,2.475,2.39,2.4,2106846,0
NNDM.US,D,20230324,000000,2.42,2.66,2.388,2.59,4636696,0
NNDM.US,D,20230327,000000,2.61,2.65,2.55,2.6,1473932,0
NNDM.US,D,20230328,000000,2.59,2.595,2.55,2.56,1233097,0
NNDM.US,D,20230329,000000,2.58,2.645,2.5301,2.595,1862416,0
NNDM.US,D,20230330,000000,2.65,2.93,2.62,2.87,3625131,0
NNDM.US,D,20230331,000000,2.88,2.93,2.86,2.89,2062159,0
NNDM.US,D,20230403,000000,2.84,2.9,2.8,2.89,1407172,0
NNDM.US,D,20230404,000000,2.87,2.935,2.825,2.84,2034160,0
NNDM.US,D,20230405,000000,2.84,2.86,2.51,2.55,2980038,0
NNDM.US,D,20230406,000000,2.56,2.6,2.51,2.55,1131020,0
NNDM.US,D,20230410,000000,2.6,2.62,2.485,2.55,1898597,0
NNDM.US,D,20230411,000000,2.52,2.56,2.51,2.53,990531,0
NNDM.US,D,20230412,000000,2.54,2.555,2.475,2.48,1291694,0
NNDM.US,D,20230413,000000,2.51,2.56,2.48,2.52,1249466,0
NNDM.US,D,20230414,000000,2.5,2.53,2.47,2.49,876497,0
NNDM.US,D,20230417,000000,2.485,2.58,2.47,2.53,1653474,0
NNDM.US,D,20230418,000000,2.53,2.57,2.48,2.5,1040960,0
NNDM.US,D,20230419,000000,2.48,2.5,2.42,2.47,1490186,0
NNDM.US,D,20230420,000000,2.44,2.46,2.405,2.42,1543695,0
NNDM.US,D,20230421,000000,2.42,2.47,2.375,2.47,1375511,0
NNDM.US,D,20230424,000000,2.45,2.46,2.4125,2.42,850690,0
NNDM.US,D,20230425,000000,2.41,2.41,2.36,2.39,1524889,0
NNDM.US,D,20230426,000000,2.39,2.4275,2.36,2.39,872758,0
NNDM.US,D,20230427,000000,2.38,2.46,2.3702,2.45,905750,0
NNDM.US,D,20230428,000000,2.45,2.525,2.41,2.47,890152,0
NNDM.US,D,20230501,000000,2.45,2.53,2.44,2.52,909696,0
NNDM.US,D,20230502,000000,2.52,2.525,2.45,2.5,953944,0
NNDM.US,D,20230503,000000,2.47,2.57,2.47,2.54,1081104,0
NNDM.US,D,20230504,000000,2.49,2.55,2.48,2.52,529332,0
NNDM.US,D,20230505,000000,2.55,2.57,2.5,2.5,916539,0
NNDM.US,D,20230508,000000,2.48,2.66,2.46,2.65,2051128,0
NNDM.US,D,20230509,000000,2.64,2.6601,2.57,2.6,728668,0
NNDM.US,D,20230510,000000,2.6,2.66,2.6,2.63,814442,0
NNDM.US,D,20230511,000000,2.61,2.64,2.55,2.59,878647,0
NNDM.US,D,20230512,000000,2.55,2.6,2.51,2.52,1060814,0
NNDM.US,D,20230515,000000,2.5,2.565,2.46,2.53,4058394,0
NNDM.US,D,20230516,000000,2.5,2.54,2.46,2.46,1436341,0
NNDM.US,D,20230517,000000,2.46,2.5,2.44,2.48,1101472,0
NNDM.US,D,20230518,000000,2.5,2.53,2.46,2.48,1214921,0
NNDM.US,D,20230519,000000,2.46,2.515,2.45,2.45,1447957,0
NNDM.US,D,20230522,000000,2.45,2.48,2.41,2.45,3263961,0
NNDM.US,D,20230523,000000,2.42,2.47,2.41,2.45,1116853,0
NNDM.US,D,20230524,000000,2.43,2.44,2.38,2.43,1031566,0
NNDM.US,D,20230525,000000,2.41,2.47,2.33,2.36,4858344,0
NNDM.US,D,20230526,000000,2.35,2.39,2.32,2.38,1647553,0
NNDM.US,D,20230530,000000,2.4,2.405,2.275,2.36,2441500,0
NNDM.US,D,20230531,000000,2.33,2.41,2.31,2.41,1615042,0
NNDM.US,D,20230601,000000,2.41,2.45,2.38,2.39,931118,0
NNDM.US,D,20230602,000000,2.39,2.45,2.35,2.44,895943,0
NNDM.US,D,20230605,000000,2.38,2.41,2.28,2.4,3911958,0
NNDM.US,D,20230606,000000,2.4,2.415,2.37,2.38,2345250,0
NNDM.US,D,20230607,000000,2.39,2.48,2.39,2.39,3401009,0
NNDM.US,D,20230608,000000,2.39,2.41,2.36,2.37,2589092,0
NNDM.US,D,20230609,000000,2.39,2.43,2.365,2.4,2023007,0
NNDM.US,D,20230612,000000,2.39,2.43,2.3,2.43,2978850,0
NNDM.US,D,20230613,000000,2.38,2.495,2.38,2.46,1991785,0
NNDM.US,D,20230614,000000,2.48,2.49,2.415,2.42,1610972,0
NNDM.US,D,20230615,000000,2.43,2.48,2.4,2.43,1549352,0
NNDM.US,D,20230616,000000,2.46,2.53,2.45,2.51,6009296,0
NNDM.US,D,20230620,000000,2.49,2.52,2.35,2.35,2418594,0
NNDM.US,D,20230621,000000,2.37,2.381,2.3,2.33,2321446,0
NNDM.US,D,20230622,000000,2.32,2.32,2.27,2.3,1347609,0
NNDM.US,D,20230623,000000,2.3,2.3,2.21,2.21,1640423,0
NNDM.US,D,20230626,000000,2.224,2.29,2.16,2.28,1772421,0
NNDM.US,D,20230627,000000,2.29,2.33,2.27,2.32,1621523,0
NNDM.US,D,20230628,000000,2.33,2.4199,2.33,2.41,2833341,0
NNDM.US,D,20230629,000000,2.48,2.81,2.48,2.76,9559613,0
NNDM.US,D,20230630,000000,2.77,2.95,2.75,2.89,7573620,0
NNDM.US,D,20230703,000000,2.96,2.99,2.84,2.93,3243668,0
NNDM.US,D,20230705,000000,2.92,3.0666,2.89,2.98,4467594,0
NNDM.US,D,20230706,000000,2.97,2.97,2.8,2.89,3289531,0
NNDM.US,D,20230707,000000,2.9,3.04,2.9,3.02,2972564,0
NNDM.US,D,20230710,000000,3,3.08,2.97,3.05,4055789,0
NNDM.US,D,20230711,000000,3.05,3.155,3.03,3.11,4973984,0
NNDM.US,D,20230712,000000,3.13,3.15,3.07,3.14,4128717,0
NNDM.US,D,20230713,000000,3.15,3.2399,3.12,3.15,4095031,0
NNDM.US,D,20230714,000000,3.14,3.19,3.1,3.11,2492955,0
NNDM.US,D,20230717,000000,3.03,3.19,3.02,3.18,3581752,0
NNDM.US,D,20230718,000000,3.15,3.205,3.13,3.16,2549572,0
NNDM.US,D,20230719,000000,3.14,3.19,3.13,3.15,3394995,0
NNDM.US,D,20230720,000000,3.13,3.255,3.13,3.2,3474503,0
NNDM.US,D,20230721,000000,3.16,3.29,3.15,3.17,4081356,0
NNDM.US,D,20230724,000000,3.15,3.29,3.14,3.23,2606050,0
NNDM.US,D,20230725,000000,3.25,3.3232,3.2497,3.26,2784127,0
NNDM.US,D,20230726,000000,3.22,3.33,3.21,3.28,2766457,0
NNDM.US,D,20230727,000000,3.29,3.35,3.16,3.17,3800291,0
NNDM.US,D,20230728,000000,3.2,3.33,3.16,3.23,5796323,0
NNDM.US,D,20230731,000000,3.21,3.285,3.08,3.1,4424149,0
NNDM.US,D,20230801,000000,3.07,3.17,3.05,3.11,3295543,0
NNDM.US,D,20230802,000000,3.06,3.09,2.99,2.99,2322180,0
NNDM.US,D,20230803,000000,2.94,2.9407,2.78,2.79,2575297,0
NNDM.US,D,20230804,000000,2.8,2.81,2.72,2.79,2265893,0
NNDM.US,D,20230807,000000,2.99,3.075,2.91,2.99,3856805,0
NNDM.US,D,20230808,000000,2.96,2.96,2.89,2.95,1421167,0
NNDM.US,D,20230809,000000,2.95,2.95,2.88,2.91,1345352,0
NNDM.US,D,20230810,000000,2.91,2.92,2.89,2.9,1227420,0
NNDM.US,D,20230811,000000,2.85,2.9,2.85,2.87,1428559,0
NNDM.US,D,20230814,000000,2.88,2.93,2.86,2.91,945668,0
NNDM.US,D,20230815,000000,2.89,2.98,2.85,2.9,1801692,0
NNDM.US,D,20230816,000000,2.88,2.9,2.84,2.85,1179433,0
NNDM.US,D,20230817,000000,2.85,2.87,2.82,2.85,1701341,0
NNDM.US,D,20230818,000000,2.85,2.87,2.785,2.86,1554500,0
NNDM.US,D,20230821,000000,2.85,2.88,2.8016,2.84,1401137,0
NNDM.US,D,20230822,000000,2.83,2.9,2.8,2.83,1224484,0
NNDM.US,D,20230823,000000,2.8,2.895,2.8,2.86,931492,0
NNDM.US,D,20230824,000000,2.87,2.87,2.78,2.78,1330977,0
NNDM.US,D,20230825,000000,2.78,2.85,2.75,2.85,1311906,0
NNDM.US,D,20230828,000000,2.9,3.025,2.88,2.98,2704812,0
NNDM.US,D,20230829,000000,2.96,3.1,2.94,3.05,1987513,0
NNDM.US,D,20230830,000000,3.05,3.15,3.02,3.13,2791233,0
NNDM.US,D,20230831,000000,3.12,3.23,3.12,3.18,2218768,0
NNDM.US,D,20230901,000000,3.18,3.1899,2.96,2.96,1567537,0
NNDM.US,D,20230905,000000,2.92,2.925,2.68,2.71,3065033,0
NNDM.US,D,20230906,000000,2.7,2.76,2.67,2.75,1270571,0
NNDM.US,D,20230907,000000,2.7,2.86,2.64,2.84,2606542,0
NNDM.US,D,20230908,000000,2.82,2.83,2.7,2.72,952186,0
NNDM.US,D,20230911,000000,2.71,2.72,2.64,2.66,1416253,0
NNDM.US,D,20230912,000000,2.64,2.7147,2.63,2.67,792671,0
NNDM.US,D,20230913,000000,2.67,2.67,2.58,2.59,1327834,0
NNDM.US,D,20230914,000000,2.6,2.65,2.57,2.61,1139203,0
NNDM.US,D,20230915,000000,2.61,2.615,2.52,2.54,1182595,0
NNDM.US,D,20230918,000000,2.53,2.55,2.5,2.52,1103603,0
NNDM.US,D,20230919,000000,2.51,2.6,2.51,2.53,1302603,0
NNDM.US,D,20230920,000000,2.66,2.775,2.61,2.74,3106823,0
NNDM.US,D,20230921,000000,2.68,2.7997,2.55,2.57,2395480,0
NNDM.US,D,20230922,000000,2.57,2.68,2.57,2.58,1679075,0
NNDM.US,D,20230925,000000,2.55,2.63,2.55,2.6,1546056,0
NNDM.US,D,20230926,000000,2.58,2.66,2.555,2.57,1293338,0
NNDM.US,D,20230927,000000,2.59,2.745,2.59,2.72,1827219,0
NNDM.US,D,20230928,000000,2.7,2.76,2.67,2.68,2099204,0
NNDM.US,D,20230929,000000,2.7,2.79,2.68,2.72,1730289,0
NNDM.US,D,20231002,000000,2.7,2.74,2.64,2.65,1307195,0
NNDM.US,D,20231003,000000,2.65,2.7,2.61,2.64,1267372,0
NNDM.US,D,20231004,000000,2.63,2.71,2.63,2.69,1500037,0
NNDM.US,D,20231005,000000,2.67,2.73,2.66,2.69,1161899,0
NNDM.US,D,20231006,000000,2.66,2.8099,2.66,2.79,1260680,0
NNDM.US,D,20231009,000000,2.68,2.8019,2.67,2.69,1826838,0
NNDM.US,D,20231010,000000,2.7,2.82,2.7,2.8,1841985,0
NNDM.US,D,20231011,000000,2.8,2.85,2.74,2.75,1388934,0
NNDM.US,D,20231012,000000,2.74,2.81,2.73,2.76,1132733,0
NNDM.US,D,20231013,000000,2.76,2.77,2.63,2.67,1172774,0
NNDM.US,D,20231016,000000,2.61,2.645,2.54,2.55,1044262,0
NNDM.US,D,20231017,000000,2.54,2.61,2.53,2.6,816211,0
NNDM.US,D,20231018,000000,2.58,2.58,2.45,2.48,1158459,0
NNDM.US,D,20231019,000000,2.59,2.83,2.59,2.73,5781109,0
NNDM.US,D,20231020,000000,2.69,2.82,2.69,2.79,2710220,0
NNDM.US,D,20231023,000000,2.71,2.91,2.71,2.79,2853941,0
NNDM.US,D,20231024,000000,2.8,2.88,2.79,2.87,1628511,0
NNDM.US,D,20231025,000000,2.86,2.86,2.7,2.72,1728808,0
NNDM.US,D,20231026,000000,2.67,2.77,2.67,2.71,1469478,0
NNDM.US,D,20231027,000000,2.7,2.72,2.58,2.59,1471071,0
NNDM.US,D,20231030,000000,2.6,2.645,2.55,2.57,1379625,0
NNDM.US,D,20231031,000000,2.54,2.66,2.525,2.66,943078,0
NNDM.US,D,20231101,000000,2.66,2.66,2.53,2.57,1030557,0
NNDM.US,D,20231102,000000,2.59,2.655,2.58,2.63,1020359,0
NNDM.US,D,20231103,000000,2.65,2.68,2.55,2.57,1465576,0
NNDM.US,D,20231106,000000,2.58,2.62,2.53,2.53,929471,0
NNDM.US,D,20231107,000000,2.53,2.57,2.5,2.54,594932,0
NNDM.US,D,20231108,000000,2.52,2.54,2.47,2.47,1103940,0
NNDM.US,D,20231109,000000,2.48,2.491,2.41,2.42,1248709,0
NNDM.US,D,20231110,000000,2.42,2.48,2.395,2.48,1042977,0
NNDM.US,D,20231113,000000,2.48,2.48,2.4,2.42,1003250,0
NNDM.US,D,20231114,000000,2.45,2.5,2.42,2.5,1560026,0
NNDM.US,D,20231115,000000,2.5,2.575,2.49,2.54,1464244,0
NNDM.US,D,20231116,000000,2.48,2.495,2.4,2.42,1182785,0
NNDM.US,D,20231117,000000,2.42,2.47,2.4,2.45,1648915,0
NNDM.US,D,20231120,000000,2.45,2.519,2.435,2.47,1250693,0
NNDM.US,D,20231121,000000,2.43,2.46,2.41,2.42,656492,0
NNDM.US,D,20231122,000000,2.42,2.465,2.4,2.42,885078,0
NNDM.US,D,20231124,000000,2.4,2.4998,2.4,2.48,587554,0
NNDM.US,D,20231127,000000,2.45,2.51,2.435,2.46,1333257,0
NNDM.US,D,20231128,000000,2.44,2.4699,2.35,2.36,2272673,0
NNDM.US,D,20231129,000000,2.37,2.41,2.31,2.31,1561266,0
NNDM.US,D,20231130,000000,2.3,2.36,2.26,2.3,3192856,0
NNDM.US,D,20231201,000000,2.28,2.33,2.26,2.32,1689306,0
NNDM.US,D,20231204,000000,2.29,2.38,2.29,2.37,1115953,0
NNDM.US,D,20231205,000000,2.37,2.37,2.29,2.32,1295546,0
NNDM.US,D,20231206,000000,2.3,2.35,2.3,2.32,953109,0
NNDM.US,D,20231207,000000,2.31,2.42,2.31,2.41,1594336,0
NNDM.US,D,20231208,000000,2.41,2.5,2.37,2.4,1266972,0
NNDM.US,D,20231211,000000,2.38,2.38,2.23,2.26,2870217,0
NNDM.US,D,20231212,000000,2.26,2.27,2.21,2.21,1767699,0
NNDM.US,D,20231213,000000,2.21,2.3,2.2,2.29,1968227,0
NNDM.US,D,20231214,000000,2.32,2.395,2.3001,2.34,2155685,0
NNDM.US,D,20231215,000000,2.32,2.39,2.29,2.39,7044259,0
NNDM.US,D,20231218,000000,2.38,2.46,2.34,2.43,2020768,0
NNDM.US,D,20231219,000000,2.42,2.5,2.4101,2.48,1608538,0
NNDM.US,D,20231220,000000,2.45,2.4787,2.36,2.36,1809578,0
NNDM.US,D,20231221,000000,2.36,2.4,2.35,2.4,1150003,0
NNDM.US,D,20231222,000000,2.38,2.44,2.362,2.4,1469232,0
NNDM.US,D,20231226,000000,2.37,2.535,2.37,2.5,2818912,0
NNDM.US,D,20231227,000000,2.5,2.5781,2.43,2.47,1584668,0
NNDM.US,D,20231228,000000,2.46,2.51,2.45,2.46,1513812,0
NNDM.US,D,20231229,000000,2.5,2.51,2.4,2.4,1842147,0
NNDM.US,D,20240102,000000,2.38,2.415,2.33,2.34,1722686,0
NNDM.US,D,20240103,000000,2.31,2.345,2.28,2.29,1731344,0
NNDM.US,D,20240104,000000,2.3,2.35,2.275,2.33,774858,0
NNDM.US,D,20240105,000000,2.36,2.365,2.29,2.31,889196,0
NNDM.US,D,20240108,000000,2.32,2.34,2.28,2.3,757186,0
NNDM.US,D,20240109,000000,2.28,2.31,2.27,2.29,921506,0
NNDM.US,D,20240110,000000,2.28,2.29,2.22,2.24,1235245,0
NNDM.US,D,20240111,000000,2.23,2.26,2.19,2.2,1888819,0
NNDM.US,D,20240112,000000,2.21,2.27,2.18,2.23,1995787,0
NNDM.US,D,20240116,000000,2.2,2.2,2.14,2.14,1313369,0
NNDM.US,D,20240117,000000,2.11,2.12,2.09,2.11,1189927,0
NNDM.US,D,20240118,000000,2.1,2.135,2.07,2.09,1682798,0
NNDM.US,D,20240119,000000,2.1,2.22,2.0601,2.22,3401973,0
NNDM.US,D,20240122,000000,2.21,2.33,2.2,2.29,3233293,0
NNDM.US,D,20240123,000000,2.31,2.38,2.31,2.34,2241515,0
NNDM.US,D,20240124,000000,2.34,2.346,2.28,2.29,1931138,0
NNDM.US,D,20240125,000000,2.28,2.3655,2.28,2.36,1707605,0
NNDM.US,D,20240126,000000,2.33,2.43,2.33,2.38,1807355,0
NNDM.US,D,20240129,000000,2.34,2.44,2.33,2.43,1702613,0
NNDM.US,D,20240130,000000,2.4,2.44,2.35,2.35,1554718,0
NNDM.US,D,20240131,000000,2.33,2.49,2.3107,2.4,2123397,0
NNDM.US,D,20240201,000000,2.4,2.48,2.4,2.44,1610026,0
NNDM.US,D,20240202,000000,2.41,2.49,2.405,2.47,1185383,0
NNDM.US,D,20240205,000000,2.44,2.47,2.35,2.4,2164389,0
NNDM.US,D,20240206,000000,2.38,2.48,2.38,2.43,1624829,0
NNDM.US,D,20240207,000000,2.45,2.53,2.44,2.49,2399176,0
NNDM.US,D,20240208,000000,2.47,2.57,2.47,2.55,1940650,0
NNDM.US,D,20240209,000000,2.57,2.66,2.56,2.56,2168619,0
NNDM.US,D,20240212,000000,2.55,2.645,2.55,2.61,2257864,0
NNDM.US,D,20240213,000000,2.51,2.57,2.48,2.49,1617580,0
NNDM.US,D,20240214,000000,2.52,2.66,2.52,2.62,2094829,0
NNDM.US,D,20240215,000000,2.6,2.74,2.6,2.72,2282246,0
NNDM.US,D,20240216,000000,2.71,2.8895,2.71,2.84,2763433,0
NNDM.US,D,20240220,000000,2.8,2.865,2.69,2.69,1977766,0
NNDM.US,D,20240221,000000,2.7,2.795,2.66,2.67,1781610,0
NNDM.US,D,20240222,000000,2.71,2.81,2.71,2.71,1630492,0
NNDM.US,D,20240223,000000,2.7,2.74,2.68,2.72,1242899,0
NNDM.US,D,20240226,000000,2.69,2.85,2.69,2.82,2398274,0
NNDM.US,D,20240227,000000,2.81,2.9,2.81,2.88,2552174,0
NNDM.US,D,20240228,000000,2.9,2.99,2.825,2.84,2005357,0
NNDM.US,D,20240229,000000,2.85,2.91,2.84,2.85,1790853,0
NNDM.US,D,20240301,000000,2.82,2.92,2.81,2.89,1862356,0
NNDM.US,D,20240304,000000,2.93,3.01,2.8,2.81,3308364,0
NNDM.US,D,20240305,000000,2.75,2.83,2.7,2.75,2198827,0
NNDM.US,D,20240306,000000,2.78,2.9,2.78,2.85,1974840,0
NNDM.US,D,20240307,000000,2.8,2.91,2.8,2.88,1865802,0
NNDM.US,D,20240308,000000,2.85,2.96,2.85,2.92,2331695,0
NNDM.US,D,20240311,000000,2.9,2.995,2.87,2.92,2482228,0
NNDM.US,D,20240312,000000,2.9,2.98,2.9,2.92,1406002,0
NNDM.US,D,20240313,000000,2.9,2.99,2.9,2.95,1500125,0
NNDM.US,D,20240314,000000,2.91,2.955,2.78,2.79,2595041,0
NNDM.US,D,20240315,000000,2.83,2.92,2.82,2.89,2262142,0
NNDM.US,D,20240318,000000,2.86,2.915,2.78,2.78,1167163,0
NNDM.US,D,20240319,000000,2.75,2.8,2.725,2.75,1442457,0
NNDM.US,D,20240320,000000,2.7,2.85,2.7,2.83,1794303,0
NNDM.US,D,20240321,000000,2.89,3,2.68,2.69,4073537,0
NNDM.US,D,20240322,000000,2.7,2.82,2.7,2.73,1523568,0
NNDM.US,D,20240325,000000,2.72,2.785,2.7,2.7,1086667,0
NNDM.US,D,20240326,000000,2.74,2.83,2.7,2.75,1083521,0
NNDM.US,D,20240327,000000,2.76,2.83,2.755,2.8,1246137,0
NNDM.US,D,20240328,000000,2.79,2.87,2.7725,2.785,1122474,0
NNDM.US,D,20240401,000000,2.79,2.845,2.71,2.73,1025228,0
NNDM.US,D,20240402,000000,2.68,2.725,2.67,2.7,815757,0
NNDM.US,D,20240403,000000,2.69,2.75,2.6698,2.74,869574,0
NNDM.US,D,20240404,000000,2.74,2.795,2.66,2.67,932216,0
NNDM.US,D,20240405,000000,2.64,2.7,2.61,2.68,1104630,0
NNDM.US,D,20240408,000000,2.66,2.8,2.65,2.8,1256851,0
NNDM.US,D,20240409,000000,2.79,2.83,2.74,2.81,1062558,0
NNDM.US,D,20240410,000000,2.74,2.8002,2.71,2.74,878945,0
NNDM.US,D,20240411,000000,2.74,2.79,2.7,2.7,1111843,0
NNDM.US,D,20240412,000000,2.68,2.73,2.58,2.61,1171939,0
NNDM.US,D,20240415,000000,2.61,2.64,2.5,2.51,1066300,0
NNDM.US,D,20240416,000000,2.51,2.54,2.395,2.47,1641201,0
NNDM.US,D,20240417,000000,2.44,2.545,2.44,2.46,760331,0
NNDM.US,D,20240418,000000,2.46,2.48,2.385,2.43,847182,0
NNDM.US,D,20240419,000000,2.41,2.45,2.38,2.39,1250684,0
NNDM.US,D,20240422,000000,2.4,2.455,2.38,2.42,889957,0
NNDM.US,D,20240423,000000,2.41,2.5,2.4,2.46,610019,0
NNDM.US,D,20240424,000000,2.46,2.535,2.46,2.51,587711,0
NNDM.US,D,20240425,000000,2.47,2.5,2.46,2.46,561777,0
NNDM.US,D,20240426,000000,2.46,2.51,2.44,2.45,644250,0
NNDM.US,D,20240429,000000,2.43,2.515,2.43,2.47,832609,0
NNDM.US,D,20240430,000000,2.43,2.45,2.385,2.41,803303,0
NNDM.US,D,20240501,000000,2.4,2.53,2.39,2.45,709977,0
NNDM.US,D,20240502,000000,2.45,2.54,2.45,2.49,829480,0
NNDM.US,D,20240503,000000,2.5,2.56,2.495,2.51,888556,0
NNDM.US,D,20240506,000000,2.5,2.58,2.5,2.52,760184,0
NNDM.US,D,20240507,000000,2.5,2.54,2.37,2.38,1882121,0
NNDM.US,D,20240508,000000,2.38,2.41,2.37,2.37,781729,0
NNDM.US,D,20240509,000000,2.38,2.415,2.34,2.4,908434,0
NNDM.US,D,20240510,000000,2.4,2.4358,2.34,2.35,708912,0
NNDM.US,D,20240513,000000,2.35,2.57,2.35,2.55,1802711,0
NNDM.US,D,20240514,000000,2.56,2.7393,2.54,2.66,2551782,0
NNDM.US,D,20240515,000000,2.67,2.7,2.56,2.59,1187030,0
NNDM.US,D,20240516,000000,2.56,2.68,2.56,2.67,1026766,0
NNDM.US,D,20240517,000000,2.65,2.75,2.65,2.71,1655218,0
NNDM.US,D,20240520,000000,2.67,2.7091,2.62,2.63,1307985,0
NNDM.US,D,20240521,000000,2.61,2.68,2.57,2.57,963882,0
NNDM.US,D,20240522,000000,2.55,2.65,2.55,2.6,926217,0
NNDM.US,D,20240523,000000,2.58,2.59,2.5425,2.56,734826,0
NNDM.US,D,20240524,000000,2.55,2.695,2.55,2.64,873368,0
NNDM.US,D,20240528,000000,2.64,2.74,2.64,2.69,1378858,0
NNDM.US,D,20240529,000000,2.64,2.68,2.61,2.65,648139,0
NNDM.US,D,20240530,000000,2.65,2.73,2.64,2.68,766593,0
NNDM.US,D,20240531,000000,2.66,2.74,2.65,2.72,2052696,0
NNDM.US,D,20240603,000000,2.67,2.74,2.55,2.61,1527060,0
NNDM.US,D,20240604,000000,2.57,2.655,2.57,2.59,770275,0
NNDM.US,D,20240605,000000,2.6,2.67,2.57,2.59,1299309,0
NNDM.US,D,20240606,000000,2.56,2.65,2.55,2.64,1037540,0
NNDM.US,D,20240607,000000,2.58,2.648,2.58,2.59,818595,0
NNDM.US,D,20240610,000000,2.55,2.62,2.51,2.55,891590,0
NNDM.US,D,20240611,000000,2.52,2.57,2.5,2.51,757695,0
NNDM.US,D,20240612,000000,2.5,2.58,2.435,2.44,1300610,0
NNDM.US,D,20240613,000000,2.41,2.41,2.35,2.37,1033705,0
NNDM.US,D,20240614,000000,2.35,2.3799,2.3,2.31,1289712,0
NNDM.US,D,20240617,000000,2.3,2.315,2.25,2.25,1190079,0
NNDM.US,D,20240618,000000,2.25,2.26,2.21,2.25,1161627,0
NNDM.US,D,20240620,000000,2.21,2.2399,2.2,2.21,881757,0
NNDM.US,D,20240621,000000,2.21,2.24,2.205,2.21,1234283,0
NNDM.US,D,20240624,000000,2.22,2.24,2.19,2.2,1134778,0
NNDM.US,D,20240625,000000,2.19,2.21,2.15,2.19,1101519,0
NNDM.US,D,20240626,000000,2.16,2.2,2.15,2.18,1119537,0
NNDM.US,D,20240627,000000,2.18,2.21,2.17,2.2,520957,0
NNDM.US,D,20240628,000000,2.2,2.22,2.18,2.2,758217,0
NNDM.US,D,20240701,000000,2.2,2.22,2.2,2.2,631968,0
NNDM.US,D,20240702,000000,2.19,2.215,2.16,2.16,690331,0
NNDM.US,D,20240703,000000,2.34,2.62,2.28,2.52,7265958,0
NNDM.US,D,20240705,000000,2.51,2.55,2.395,2.45,1912938,0
NNDM.US,D,20240708,000000,2.43,2.485,2.38,2.42,1259525,0
NNDM.US,D,20240709,000000,2.4,2.42,2.35,2.35,952664,0
NNDM.US,D,20240710,000000,2.34,2.37,2.31,2.32,1208100,0
NNDM.US,D,20240711,000000,2.33,2.39,2.33,2.39,890102,0
NNDM.US,D,20240712,000000,2.4,2.44,2.35,2.36,892783,0
NNDM.US,D,20240715,000000,2.35,2.36,2.3,2.33,976714,0
NNDM.US,D,20240716,000000,2.32,2.4978,2.3101,2.48,1481361,0
NNDM.US,D,20240717,000000,2.46,2.52,2.4,2.4,1145074,0
NNDM.US,D,20240718,000000,2.4,2.41,2.29,2.29,887601,0
NNDM.US,D,20240719,000000,2.28,2.33,2.25,2.29,1040724,0
NNDM.US,D,20240722,000000,2.29,2.35,2.26,2.3,681940,0
NNDM.US,D,20240723,000000,2.3,2.36,2.29,2.35,521482,0
NNDM.US,D,20240724,000000,2.31,2.35,2.28,2.31,583485,0
NNDM.US,D,20240725,000000,2.3,2.34,2.27,2.285,1052456,0
NNDM.US,D,20240726,000000,2.38,2.5,2.37,2.46,3060097,0
NNDM.US,D,20240729,000000,2.5,2.52,2.4125,2.46,1703307,0
NNDM.US,D,20240730,000000,2.53,2.53,2.44,2.475,1470054,0
NNDM.US,D,20240731,000000,2.52,2.525,2.42,2.43,2416957,0
NNDM.US,D,20240801,000000,2.45,2.45,2.32,2.34,1287111,0
NNDM.US,D,20240802,000000,2.33,2.33,2.22,2.26,1134730,0
NNDM.US,D,20240805,000000,2.18,2.21,2.1,2.18,1677040,0
NNDM.US,D,20240806,000000,2.19,2.24,2.165,2.2,835329,0
NNDM.US,D,20240807,000000,2.24,2.255,2.1,2.11,1064173,0
NNDM.US,D,20240808,000000,2.15,2.22,2.12,2.2,712124,0
NNDM.US,D,20240809,000000,2.16,2.1899,2.04,2.04,5465344,0
NNDM.US,D,20240812,000000,2.06,2.12,2.06,2.06,823615,0
NNDM.US,D,20240813,000000,2.07,2.12,2.07,2.09,910958,0
NNDM.US,D,20240814,000000,2.1,2.11,2.06,2.09,671013,0
NNDM.US,D,20240815,000000,2.06,2.16,2.06,2.14,703739,0
NNDM.US,D,20240816,000000,2.15,2.15,2.1,2.14,919143,0
NNDM.US,D,20240819,000000,2.13,2.17,2.11,2.16,1127991,0
NNDM.US,D,20240820,000000,2.2,2.23,2.12,2.19,1358134,0
NNDM.US,D,20240821,000000,2.19,2.23,2.16,2.19,793981,0
NNDM.US,D,20240822,000000,2.19,2.22,2.18,2.19,760505,0
NNDM.US,D,20240823,000000,2.2,2.25,2.1631,2.23,965195,0
NNDM.US,D,20240826,000000,2.24,2.28,2.22,2.25,594376,0
NNDM.US,D,20240827,000000,2.25,2.27,2.24,2.25,494766,0
NNDM.US,D,20240828,000000,2.2,2.23,2.15,2.16,775483,0
NNDM.US,D,20240829,000000,2.16,2.19,2.15,2.18,729826,0
NNDM.US,D,20240830,000000,2.2,2.2,2.16,2.19,658028,0
NNDM.US,D,20240903,000000,2.16,2.18,2.08,2.14,1598955,0
NNDM.US,D,20240904,000000,2.12,2.16,2.09,2.15,613468,0
NNDM.US,D,20240905,000000,2.14,2.17,2.13,2.14,571551,0
NNDM.US,D,20240906,000000,2.13,2.15,2.0442,2.08,976794,0
NNDM.US,D,20240909,000000,2.07,2.14,2.06,2.11,787549,0
NNDM.US,D,20240910,000000,2.1,2.105,2.06,2.1,579476,0
NNDM.US,D,20240911,000000,2.09,2.15,2.08,2.15,490866,0
NNDM.US,D,20240912,000000,2.14,2.2,2.12,2.18,774122,0
NNDM.US,D,20240913,000000,2.17,2.2,2.14,2.14,563038,0
NNDM.US,D,20240916,000000,2.16,2.18,2.11,2.16,662510,0
NNDM.US,D,20240917,000000,2.16,2.2,2.13,2.14,1098879,0
NNDM.US,D,20240918,000000,2.17,2.25,2.16,2.2,995241,0
NNDM.US,D,20240919,000000,2.26,2.26,2.1736,2.18,723162,0
NNDM.US,D,20240920,000000,2.18,2.22,2.16,2.22,757289,0
NNDM.US,D,20240923,000000,2.22,2.22,2.15,2.15,732117,0
NNDM.US,D,20240924,000000,2.15,2.21,2.15,2.21,525384,0
NNDM.US,D,20240925,000000,2.2,2.47,2.14,2.46,4001239,0
NNDM.US,D,20240926,000000,2.49,2.54,2.4,2.5,1969483,0
NNDM.US,D,20240927,000000,2.52,2.6,2.51,2.53,1383486,0
NNDM.US,D,20240930,000000,2.52,2.52,2.41,2.45,942233,0
NNDM.US,D,20241001,000000,2.45,2.45,2.3415,2.36,1047082,0
NNDM.US,D,20241002,000000,2.33,2.3899,2.3,2.34,614714,0
NNDM.US,D,20241003,000000,2.38,2.43,2.37,2.39,903117,0
NNDM.US,D,20241004,000000,2.42,2.46,2.385,2.46,761419,0
NNDM.US,D,20241007,000000,2.42,2.44,2.355,2.4,566058,0
NNDM.US,D,20241008,000000,2.39,2.4,2.37,2.38,468930,0
NNDM.US,D,20241009,000000,2.36,2.375,2.34,2.34,457059,0
NNDM.US,D,20241010,000000,2.3,2.315,2.27,2.3,572337,0
NNDM.US,D,20241011,000000,2.27,2.34,2.27,2.32,496957,0
NNDM.US,D,20241014,000000,2.31,2.32,2.285,2.29,655453,0
NNDM.US,D,20241015,000000,2.29,2.29,2.2407,2.28,942973,0
NNDM.US,D,20241016,000000,2.3,2.44,2.295,2.35,1275470,0
NNDM.US,D,20241017,000000,2.35,2.38,2.34,2.35,764372,0
NNDM.US,D,20241018,000000,2.35,2.37,2.3,2.3,703839,0
NNDM.US,D,20241021,000000,2.31,2.36,2.2925,2.34,734420,0
NNDM.US,D,20241022,000000,2.34,2.4,2.31,2.39,1149017,0
NNDM.US,D,20241023,000000,2.38,2.38,2.29,2.3,537760,0
NNDM.US,D,20241024,000000,2.3,2.34,2.27,2.34,626174,0
NNDM.US,D,20241025,000000,2.32,2.36,2.31,2.31,501788,0
NNDM.US,D,20241028,000000,2.33,2.4,2.31,2.39,1220830,0
NNDM.US,D,20241029,000000,2.38,2.39,2.3,2.32,844513,0
NNDM.US,D,20241030,000000,2.32,2.32,2.23,2.23,988496,0
NNDM.US,D,20241031,000000,2.22,2.23,2.17,2.17,819735,0
NNDM.US,D,20241101,000000,2.2,2.26,2.17,2.18,893566,0
NNDM.US,D,20241104,000000,2.17,2.22,2.1611,2.22,563977,0
NNDM.US,D,20241105,000000,2.2,2.23,2.175,2.21,529185,0
NNDM.US,D,20241106,000000,2.2,2.22,2.13,2.18,1166024,0
NNDM.US,D,20241107,000000,2.2,2.22,2.1703,2.2,933829,0
NNDM.US,D,20241108,000000,2.18,2.18,2.13,2.14,935705,0
NNDM.US,D,20241111,000000,2.13,2.1687,2.12,2.15,1232180,0
NNDM.US,D,20241112,000000,2.12,2.15,2.1,2.1,1189597,0
NNDM.US,D,20241113,000000,2.13,2.265,2.13,2.16,1957278,0
NNDM.US,D,20241114,000000,2.19,2.19,2.13,2.17,826227,0
NNDM.US,D,20241115,000000,2.15,2.16,2.06,2.09,1811747,0
NNDM.US,D,20241118,000000,2.08,2.09,2.04,2.05,1817761,0
NNDM.US,D,20241119,000000,2.05,2.1,2.04,2.09,1310982,0
NNDM.US,D,20241120,000000,2.16,2.21,2.1,2.13,2137328,0
NNDM.US,D,20241121,000000,2.15,2.19,2.09,2.16,1669981,0
NNDM.US,D,20241122,000000,2.14,2.16,2.08,2.11,1843666,0
NNDM.US,D,20241125,000000,2.12,2.32,2.12,2.28,3504812,0
NNDM.US,D,20241126,000000,2.28,2.28,2.155,2.19,1635409,0
NNDM.US,D,20241127,000000,2.18,2.23,2.155,2.21,1339571,0
NNDM.US,D,20241129,000000,2.22,2.245,2.15,2.16,1228764,0
NNDM.US,D,20241202,000000,2.16,2.27,2.12,2.24,1751759,0
NNDM.US,D,20241203,000000,2.23,2.23,2.125,2.15,1020721,0
NNDM.US,D,20241204,000000,2.15,2.19,2.12,2.15,1396295,0
NNDM.US,D,20241205,000000,2.14,2.19,2.12,2.17,1317314,0
NNDM.US,D,20241206,000000,2.15,2.44,2.15,2.41,5062182,0
NNDM.US,D,20241209,000000,2.37,2.5,2.33,2.46,3747787,0
NNDM.US,D,20241210,000000,2.45,2.48,2.375,2.44,2874782,0
NNDM.US,D,20241211,000000,2.42,2.44,2.37,2.38,1650476,0
NNDM.US,D,20241212,000000,2.34,2.4,2.28,2.39,1289444,0
NNDM.US,D,20241213,000000,2.38,2.385,2.27,2.27,1237233,0
NNDM.US,D,20241216,000000,2.24,2.29,2.21,2.21,1740720,0
NNDM.US,D,20241217,000000,2.32,2.58,2.3001,2.57,5706503,0
NNDM.US,D,20241218,000000,2.5,2.61,2.46,2.5,2768312,0
NNDM.US,D,20241219,000000,2.46,2.55,2.42,2.49,1592171,0
NNDM.US,D,20241220,000000,2.47,2.535,2.42,2.49,1312009,0
NNDM.US,D,20241223,000000,2.45,2.51,2.39,2.49,1927184,0
NNDM.US,D,20241224,000000,2.48,2.53,2.45,2.52,1395147,0
NNDM.US,D,20241226,000000,2.54,2.74,2.54,2.68,5126987,0
NNDM.US,D,20241227,000000,2.68,2.68,2.555,2.57,2149773,0
NNDM.US,D,20241230,000000,2.51,2.55,2.48,2.52,1900719,0
NNDM.US,D,20241231,000000,2.5,2.5499,2.44,2.48,2258153,0
NNDM.US,D,20250102,000000,2.49,2.58,2.47,2.51,1815462,0
NNDM.US,D,20250103,000000,2.51,2.53,2.44,2.5,1905540,0
NNDM.US,D,20250106,000000,2.5,2.68,2.45,2.62,3645653,0
NNDM.US,D,20250107,000000,2.62,2.62,2.35,2.42,3844566,0
NNDM.US,D,20250108,000000,2.38,2.385,2.24,2.33,3388399,0
NNDM.US,D,20250110,000000,2.27,2.395,2.26,2.38,3006453,0
NNDM.US,D,20250113,000000,2.32,2.32,2.18,2.28,3529983,0
NNDM.US,D,20250114,000000,2.3,2.37,2.22,2.24,1619538,0
NNDM.US,D,20250115,000000,2.3,2.3081,2.23,2.26,1559402,0
NNDM.US,D,20250116,000000,2.26,2.28,2.23,2.26,1691259,0
NNDM.US,D,20250117,000000,2.26,2.34,2.26,2.33,2044425,0
NNDM.US,D,20250121,000000,2.31,2.325,2.27,2.3,1837971,0
NNDM.US,D,20250122,000000,2.3,2.34,2.29,2.34,1156984,0
NNDM.US,D,20250123,000000,2.32,2.34,2.31,2.32,772029,0
NNDM.US,D,20250124,000000,2.33,2.42,2.295,2.34,1538240,0
NNDM.US,D,20250127,000000,2.28,2.305,2.215,2.25,1828802,0
NNDM.US,D,20250128,000000,2.31,2.5,2.31,2.44,3904645,0
NNDM.US,D,20250129,000000,2.41,2.44,2.31,2.38,1426649,0
NNDM.US,D,20250130,000000,2.4,2.44,2.37,2.37,892855,0
NNDM.US,D,20250131,000000,2.37,2.395,2.29,2.31,1004386,0
NNDM.US,D,20250203,000000,2.25,2.35,2.22,2.33,1457704,0
NNDM.US,D,20250204,000000,2.33,2.545,2.33,2.54,2090764,0
NNDM.US,D,20250205,000000,2.52,2.67,2.47,2.66,3565425,0
NNDM.US,D,20250206,000000,2.66,2.69,2.59,2.66,1726856,0
NNDM.US,D,20250207,000000,2.63,2.69,2.57,2.59,1803702,0
NNDM.US,D,20250210,000000,2.6,2.65,2.54,2.64,1033786,0
NNDM.US,D,20250211,000000,2.6,2.68,2.58,2.58,1345755,0
NNDM.US,D,20250212,000000,2.48,2.51,2.31,2.5,2949367,0
NNDM.US,D,20250213,000000,2.53,2.58,2.47,2.51,1783563,0
NNDM.US,D,20250214,000000,2.53,2.61,2.45,2.49,1506708,0
NNDM.US,D,20250218,000000,2.5,2.5,2.36,2.4,2732478,0
NNDM.US,D,20250219,000000,2.4,2.44,2.365,2.38,1567918,0
NNDM.US,D,20250220,000000,2.38,2.3958,2.29,2.31,1573598,0
NNDM.US,D,20250221,000000,2.33,2.335,2.23,2.25,1890532,0
NNDM.US,D,20250224,000000,2.26,2.265,2.2,2.235,1977348,0
NNDM.US,D,20250225,000000,2.22,2.26,2.18,2.2,1821762,0
NNDM.US,D,20250226,000000,2.2,2.25,2.18,2.2,1600687,0
NNDM.US,D,20250227,000000,2.2,2.22,2.1,2.1,3223051,0
NNDM.US,D,20250228,000000,2.11,2.19,2.1075,2.13,10762893,0
NNDM.US,D,20250303,000000,2.14,2.21,2.1,2.11,1692214,0
NNDM.US,D,20250304,000000,2.1,2.22,2.06,2.18,2074947,0
NNDM.US,D,20250305,000000,2.2,2.24,2.16,2.22,1491547,0
NNDM.US,D,20250306,000000,2.19,2.22,2.15,2.17,1199105,0
NNDM.US,D,20250307,000000,2.13,2.2,2.13,2.2,1190799,0
NNDM.US,D,20250310,000000,2.17,2.2,2.11,2.17,1559993,0
NNDM.US,D,20250311,000000,2.15,2.185,2.1,2.15,1243903,0
NNDM.US,D,20250312,000000,2.18,2.22,2.165,2.21,941850,0
NNDM.US,D,20250313,000000,2.18,2.19,2.115,2.12,1244104,0
NNDM.US,D,20250314,000000,2.15,2.18,2.13,2.15,901472,0
NNDM.US,D,20250317,000000,2.14,2.21,2.14,2.19,1179361,0
NNDM.US,D,20250318,000000,2.18,2.2,2.14,2.15,507532,0
NNDM.US,D,20250319,000000,2.14,2.17,2.115,2.14,822031,0
NNDM.US,D,20250320,000000,2.12,2.155,2.1,2.13,978760,0
NNDM.US,D,20250321,000000,2.1,2.13,2.07,2.11,738679,0
NNDM.US,D,20250324,000000,2.12,2.13,2.06,2.08,1223677,0
NNDM.US,D,20250325,000000,1.78,1.78,1.6701,1.73,12418344,0
NNDM.US,D,20250326,000000,1.75,1.85,1.72,1.78,5309442,0
NNDM.US,D,20250327,000000,1.77,1.7885,1.64,1.71,4809093,0
NNDM.US,D,20250328,000000,1.7,1.72,1.62,1.68,2656473,0
NNDM.US,D,20250331,000000,1.62,1.6386,1.58,1.59,3171431,0
NNDM.US,D,20250401,000000,1.57,1.6,1.53,1.56,3310458,0
NNDM.US,D,20250402,000000,1.54,1.575,1.53,1.55,2542604,0
NNDM.US,D,20250403,000000,1.51,1.53,1.48,1.5,2686534,0
NNDM.US,D,20250404,000000,1.48,1.48,1.38,1.43,3247990,0
