<TICKER>,<PER>,<DATE>,<TIME>,<OPEN>,<HIGH>,<LOW>,<CLOSE>,<VOL>,<OPENINT>
OXBR.US,D,20140514,000000,4.6098,4.6098,4.4816,4.5116,25974,0
OXBR.US,D,20140515,000000,4.2932,4.5193,4.2932,4.4739,3277,0
OXBR.US,D,20140516,000000,4.1728,4.5193,3.849,4.4876,16998,0
OXBR.US,D,20140519,000000,4.3459,4.5033,4.2256,4.4063,25444,0
OXBR.US,D,20140520,000000,4.444,4.444,4.2931,4.3686,12379,0
OXBR.US,D,20140521,000000,4.2555,4.3459,4.0974,4.2932,9990,0
OXBR.US,D,20140522,000000,4.3686,4.3686,4.2179,4.2179,2521,0
OXBR.US,D,20140523,000000,4.3611,4.5193,4.3385,4.5193,13276,0
OXBR.US,D,20140527,000000,4.407,4.407,4.3008,4.3686,12744,0
OXBR.US,D,20140528,000000,4.3987,4.4063,4.3611,4.3987,4807,0
OXBR.US,D,20140529,000000,4.3686,4.3686,4.3535,4.3611,2143,0
OXBR.US,D,20140530,000000,4.3611,4.3611,4.2405,4.3611,4694,0
OXBR.US,D,20140602,000000,4.3686,4.3686,4.2555,4.2556,4780,0
OXBR.US,D,20140603,000000,4.2555,4.3611,4.1429,4.316,10738,0
OXBR.US,D,20140604,000000,4.1652,4.3535,4.1652,4.3535,2853,0
OXBR.US,D,20140605,000000,4.361,4.3611,4.3604,4.3611,2390,0
OXBR.US,D,20140606,000000,4.1652,4.3167,4.1578,4.316,6772,0
OXBR.US,D,20140609,000000,4.1502,4.3686,4.12,4.3611,12398,0
OXBR.US,D,20140610,000000,4.1954,4.1954,4.0071,4.1429,8099,0
OXBR.US,D,20140611,000000,4.1879,4.1954,4.0296,4.1879,7142,0
OXBR.US,D,20140613,000000,4.1429,4.1429,4.105,4.105,2723,0
OXBR.US,D,20140616,000000,4.1276,4.1351,3.7885,4.1351,6539,0
OXBR.US,D,20140617,000000,3.992,4.1429,3.977,4.0297,6040,0
OXBR.US,D,20140618,000000,4.1351,4.1351,3.8714,3.8714,6173,0
OXBR.US,D,20140619,000000,3.9544,4.0598,3.9039,4.0598,21755,0
OXBR.US,D,20140620,000000,4.1351,4.1429,4.105,4.1124,22340,0
OXBR.US,D,20140623,000000,4.1728,4.1954,4.1276,4.1276,13037,0
OXBR.US,D,20140624,000000,4.1276,4.1276,4.0673,4.105,15980,0
OXBR.US,D,20140625,000000,4.0973,4.0974,4.0673,4.0673,3318,0
OXBR.US,D,20140626,000000,4.1351,4.1351,4.0108,4.12,6936,0
OXBR.US,D,20140627,000000,3.9695,4.1879,3.9695,3.977,8588,0
OXBR.US,D,20140630,000000,4.1429,4.1954,3.8412,4.0448,20479,0
OXBR.US,D,20140701,000000,4.1954,4.1954,4.0524,4.0524,11098,0
OXBR.US,D,20140702,000000,3.992,3.992,3.992,3.992,1858,0
OXBR.US,D,20140707,000000,4.0071,4.1351,3.849,3.992,8727,0
OXBR.US,D,20140708,000000,3.9695,4.1652,3.8113,4.0296,39628,0
OXBR.US,D,20140709,000000,4.0448,4.1502,4.0448,4.0673,43914,0
OXBR.US,D,20140710,000000,4.1429,4.1879,4.0296,4.1276,28537,0
OXBR.US,D,20140711,000000,4.1502,4.1954,4.0749,4.1227,35147,0
OXBR.US,D,20140714,000000,4.1879,4.3611,4.1429,4.3535,23670,0
OXBR.US,D,20140715,000000,4.3686,4.5193,4.2933,4.5193,36681,0
OXBR.US,D,20140716,000000,4.5116,4.6472,4.3029,4.5568,60295,0
OXBR.US,D,20140717,000000,4.5193,4.6098,4.4816,4.5568,12359,0
OXBR.US,D,20140718,000000,4.5568,4.8205,4.5568,4.6775,35036,0
OXBR.US,D,20140721,000000,4.6697,4.6697,4.4891,4.5568,24580,0
OXBR.US,D,20140722,000000,4.6624,4.6624,4.5946,4.6536,18188,0
OXBR.US,D,20140723,000000,4.7451,5.2949,4.6398,5.1068,60231,0
OXBR.US,D,20140724,000000,5.2725,5.4458,5.1218,5.4232,110884,0
OXBR.US,D,20140725,000000,5.3629,5.3855,5.152,5.3251,29165,0
OXBR.US,D,20140728,000000,5.5662,6.0254,5.3553,5.8749,117685,0
OXBR.US,D,20140729,000000,5.6491,5.8672,5.6491,5.7643,17008,0
OXBR.US,D,20140730,000000,5.9202,6.6753,5.7245,5.845,79149,0
OXBR.US,D,20140731,000000,5.7997,5.7997,5.6491,5.6642,17420,0
OXBR.US,D,20140801,000000,4.9032,5.7245,4.8959,5.7094,15001,0
OXBR.US,D,20140804,000000,5.7245,5.845,5.5737,5.845,37355,0
OXBR.US,D,20140805,000000,5.845,5.845,5.6491,5.7997,5414,0
OXBR.US,D,20140806,000000,5.9373,5.9373,5.356,5.8676,27927,0
OXBR.US,D,20140807,000000,5.8992,5.9373,5.0116,5.4325,18919,0
OXBR.US,D,20140808,000000,5.2204,5.5089,5.2204,5.3727,17672,0
OXBR.US,D,20140811,000000,5.3941,5.4477,5.2624,5.4171,23226,0
OXBR.US,D,20140812,000000,5.3636,5.3865,5.356,5.3636,13669,0
OXBR.US,D,20140813,000000,5.4086,5.4086,5.1187,5.1262,25250,0
OXBR.US,D,20140814,000000,5.0803,5.1187,4.5297,5.0039,11738,0
OXBR.US,D,20140815,000000,5.0499,5.0499,4.8049,4.8962,6796,0
OXBR.US,D,20140818,000000,4.9275,5.0651,4.8969,4.9351,7696,0
OXBR.US,D,20140819,000000,4.935,5.1111,4.935,4.9731,19644,0
OXBR.US,D,20140820,000000,4.9731,5.2105,4.805,5.1111,25084,0
OXBR.US,D,20140821,000000,5.0192,5.1111,4.9047,4.9811,6024,0
OXBR.US,D,20140822,000000,5.0039,5.1034,5.0039,5.0116,13575,0
OXBR.US,D,20140825,000000,5.0116,5.1187,4.9731,5.0003,15957,0
OXBR.US,D,20140826,000000,5.0039,5.0346,4.5297,4.5297,49741,0
OXBR.US,D,20140827,000000,4.8501,4.8641,4.6291,4.7746,40444,0
OXBR.US,D,20140828,000000,4.7438,4.9428,4.7438,4.8639,6161,0
OXBR.US,D,20140829,000000,4.8202,4.9635,4.694,4.8815,48210,0
OXBR.US,D,20140902,000000,5.1034,5.7309,5.1034,5.7309,10268,0
OXBR.US,D,20140903,000000,5.4171,5.5012,5.3177,5.5012,10069,0
OXBR.US,D,20140904,000000,5.7385,5.7385,5.3253,5.4707,4984,0
OXBR.US,D,20140905,000000,5.2411,5.6239,5.1723,5.3789,10783,0
OXBR.US,D,20140908,000000,5.6239,5.6239,5.3405,5.356,20583,0
OXBR.US,D,20140909,000000,5.4325,5.463,5.356,5.356,10758,0
OXBR.US,D,20140910,000000,5.4707,5.4707,5.356,5.356,10474,0
OXBR.US,D,20140911,000000,5.356,5.356,5.3405,5.356,5230,0
OXBR.US,D,20140915,000000,5.3484,5.3484,5.3484,5.3484,132,0
OXBR.US,D,20140916,000000,5.2028,5.2183,4.8891,5.0192,37645,0
OXBR.US,D,20140917,000000,5.3397,5.3484,5.3176,5.3177,5086,0
OXBR.US,D,20140918,000000,4.997,5.3022,4.997,5.1647,3018,0
OXBR.US,D,20140919,000000,5.3177,5.3328,5.3177,5.3328,1496,0
OXBR.US,D,20140922,000000,5.3177,5.3177,5.0192,5.2718,9226,0
OXBR.US,D,20140923,000000,5.1647,5.1647,5.1647,5.1647,852,0
OXBR.US,D,20140924,000000,5.2411,5.264,5.0192,5.1647,15147,0
OXBR.US,D,20140925,000000,4.9915,5.2487,4.7973,5.0268,22078,0
OXBR.US,D,20140926,000000,5.2022,5.2022,4.7131,4.7131,20140,0
OXBR.US,D,20140929,000000,4.7821,4.984,4.7131,4.8202,9693,0
OXBR.US,D,20140930,000000,5.1187,5.1187,4.8202,5.0116,6184,0
OXBR.US,D,20141001,000000,5.0116,5.0116,4.8049,4.8049,11796,0
OXBR.US,D,20141002,000000,4.8049,4.9344,4.8049,4.9344,6253,0
OXBR.US,D,20141003,000000,4.935,5.1262,4.8586,5.0881,19769,0
OXBR.US,D,20141006,000000,5.0116,5.1258,4.9046,4.9199,6465,0
OXBR.US,D,20141007,000000,4.8891,4.9731,4.8738,4.8738,16424,0
OXBR.US,D,20141008,000000,4.9731,5.0116,4.9656,4.9731,4133,0
OXBR.US,D,20141009,000000,5.0116,5.0881,4.8586,5.088,6012,0
OXBR.US,D,20141010,000000,4.8891,5.0116,4.8126,5.0116,12908,0
OXBR.US,D,20141013,000000,4.8891,4.9731,4.8106,4.9503,8625,0
OXBR.US,D,20141014,000000,4.935,5.0116,4.935,5.0077,6535,0
OXBR.US,D,20141015,000000,4.9275,5.2003,4.8969,5.0651,12287,0
OXBR.US,D,20141016,000000,4.8973,5.1832,4.8973,4.9888,8045,0
OXBR.US,D,20141017,000000,5.1631,5.1631,4.8969,5.1493,8404,0
OXBR.US,D,20141020,000000,5.1493,5.2028,4.9275,5.1953,18694,0
OXBR.US,D,20141021,000000,5.0468,5.356,5.0468,5.356,25347,0
OXBR.US,D,20141022,000000,5.3484,5.4247,5.1647,5.4247,9044,0
OXBR.US,D,20141023,000000,5.3934,5.5005,5.3484,5.3636,13861,0
OXBR.US,D,20141024,000000,5.3636,5.5089,5.2028,5.5089,20308,0
OXBR.US,D,20141027,000000,5.4938,5.5855,5.4938,5.5855,10632,0
OXBR.US,D,20141028,000000,5.3023,5.5855,5.3023,5.4325,31356,0
OXBR.US,D,20141029,000000,5.5855,5.7002,5.5471,5.7002,17182,0
OXBR.US,D,20141030,000000,5.6664,5.8915,5.6659,5.7843,40660,0
OXBR.US,D,20141031,000000,5.7843,5.7843,5.6313,5.7309,20323,0
OXBR.US,D,20141103,000000,5.6321,5.9297,5.6239,5.6313,30526,0
OXBR.US,D,20141104,000000,5.7997,5.9373,5.6926,5.7079,8107,0
OXBR.US,D,20141105,000000,5.7934,6.0344,5.7934,5.9258,22204,0
OXBR.US,D,20141106,000000,6.0189,6.0344,5.9722,6.0344,14663,0
OXBR.US,D,20141107,000000,6.0344,6.1044,5.9801,6.1044,8241,0
OXBR.US,D,20141110,000000,6.1044,6.1044,5.9178,5.9178,5314,0
OXBR.US,D,20141111,000000,5.9412,6.0656,5.9412,6.0424,5382,0
OXBR.US,D,20141112,000000,5.9956,5.9956,5.7858,5.7858,11792,0
OXBR.US,D,20141113,000000,5.8488,5.8488,5.5723,5.5723,2788,0
OXBR.US,D,20141114,000000,5.664,5.664,5.5723,5.5723,1398,0
OXBR.US,D,20141117,000000,5.8093,5.8093,5.8093,5.8093,379,0
OXBR.US,D,20141118,000000,5.6071,5.8487,5.6071,5.8487,4745,0
OXBR.US,D,20141119,000000,5.5486,5.7936,5.3619,5.7936,23406,0
OXBR.US,D,20141120,000000,5.5406,5.5644,5.3352,5.3668,20370,0
OXBR.US,D,20141121,000000,5.5168,5.5168,5.3355,5.509,8478,0
OXBR.US,D,20141124,000000,5.5406,5.5406,5.4536,5.4536,775,0
OXBR.US,D,20141125,000000,5.3747,5.3747,5.098,5.1375,16865,0
OXBR.US,D,20141126,000000,5.1376,5.1376,5.0347,5.1375,24007,0
OXBR.US,D,20141128,000000,5.1297,5.1297,5.1297,5.1297,683,0
OXBR.US,D,20141201,000000,5.1376,5.2878,4.7898,5.1992,52564,0
OXBR.US,D,20141202,000000,4.7818,5.3668,4.5999,5.0505,105228,0
OXBR.US,D,20141203,000000,5.0189,5.2166,4.8215,4.8925,50291,0
OXBR.US,D,20141204,000000,4.9399,5.1534,4.7108,4.7898,27258,0
OXBR.US,D,20141205,000000,4.7424,4.9164,4.4895,4.7424,64483,0
OXBR.US,D,20141208,000000,4.9004,4.9004,4.7345,4.7424,8738,0
OXBR.US,D,20141209,000000,4.8917,4.8917,4.7502,4.7958,4049,0
OXBR.US,D,20141210,000000,4.8214,4.9479,4.7502,4.9164,24968,0
OXBR.US,D,20141211,000000,4.9004,5.1289,4.5526,4.5526,13799,0
OXBR.US,D,20141212,000000,4.6302,4.647,4.5764,4.6396,4238,0
OXBR.US,D,20141215,000000,4.7424,4.7424,4.5052,4.5052,23281,0
OXBR.US,D,20141216,000000,4.7255,4.7345,4.4974,4.4974,21485,0
OXBR.US,D,20141217,000000,4.5526,4.6237,4.5526,4.6237,1897,0
OXBR.US,D,20141218,000000,4.5999,4.6949,4.4973,4.6712,10059,0
OXBR.US,D,20141219,000000,4.5999,4.8055,4.5446,4.5604,12460,0
OXBR.US,D,20141222,000000,4.8608,4.8608,4.3392,4.5612,20221,0
OXBR.US,D,20141223,000000,4.5684,4.6475,4.371,4.4025,8817,0
OXBR.US,D,20141226,000000,4.6667,4.6667,4.426,4.469,8307,0
OXBR.US,D,20141229,000000,4.5446,4.7345,4.4657,4.7345,1184,0
OXBR.US,D,20141230,000000,4.7424,4.7424,4.521,4.5526,4443,0
OXBR.US,D,20141231,000000,4.4961,4.6633,4.4816,4.6396,14581,0
OXBR.US,D,20150102,000000,4.5052,5.3271,4.2048,5.0031,116256,0
OXBR.US,D,20150105,000000,4.9795,5.3658,4.7898,4.9241,32610,0
OXBR.US,D,20150106,000000,5.1138,5.2323,4.608,4.7185,25177,0
OXBR.US,D,20150107,000000,4.6237,4.6633,4.6237,4.6315,1470,0
OXBR.US,D,20150108,000000,4.5446,4.7818,4.5446,4.5844,16039,0
OXBR.US,D,20150109,000000,4.5446,4.5999,4.5446,4.5999,1391,0
OXBR.US,D,20150112,000000,4.5446,4.5843,4.5446,4.5843,1013,0
OXBR.US,D,20150113,000000,4.5764,4.6474,4.5131,4.5131,6922,0
OXBR.US,D,20150114,000000,4.5131,4.5131,4.189,4.34,24546,0
OXBR.US,D,20150115,000000,4.3471,4.5543,4.197,4.197,7998,0
OXBR.US,D,20150116,000000,4.3234,4.4895,4.3234,4.4894,7212,0
OXBR.US,D,20150120,000000,4.4657,4.5526,4.2363,4.4737,69370,0
OXBR.US,D,20150121,000000,4.5368,4.7345,4.3076,4.7266,10247,0
OXBR.US,D,20150122,000000,4.3946,4.5446,4.2682,4.2761,62765,0
OXBR.US,D,20150123,000000,4.4182,4.7185,4.276,4.6315,104990,0
OXBR.US,D,20150126,000000,4.7345,4.9004,4.4895,4.4895,89638,0
OXBR.US,D,20150127,000000,4.5843,4.7108,4.4025,4.4025,75843,0
OXBR.US,D,20150128,000000,4.702,4.702,4.2363,4.2839,24125,0
OXBR.US,D,20150129,000000,4.3076,4.3315,4.1418,4.3235,35906,0
OXBR.US,D,20150130,000000,4.2919,4.7424,4.197,4.6396,112689,0
OXBR.US,D,20150202,000000,4.7424,4.7661,4.7028,4.7424,60142,0
OXBR.US,D,20150203,000000,4.6712,4.7977,4.6712,4.7609,26949,0
OXBR.US,D,20150204,000000,4.8055,4.9795,4.8055,4.8214,12752,0
OXBR.US,D,20150205,000000,4.8687,5.0505,4.8214,4.9479,9034,0
OXBR.US,D,20150206,000000,4.9954,4.9954,4.9399,4.9558,4685,0
OXBR.US,D,20150209,000000,5.0031,5.113,4.9399,4.9479,19374,0
OXBR.US,D,20150210,000000,5.0268,5.0583,4.9533,4.9558,2533,0
OXBR.US,D,20150211,000000,4.9399,5.0896,4.9164,4.9637,78012,0
OXBR.US,D,20150212,000000,4.9399,4.9637,4.774,4.9479,56980,0
OXBR.US,D,20150213,000000,4.9479,5.1297,4.9399,4.9716,53530,0
OXBR.US,D,20150217,000000,5.1211,5.1211,4.7108,4.9399,12308,0
OXBR.US,D,20150218,000000,4.8766,4.9321,4.8214,4.8215,2771,0
OXBR.US,D,20150219,000000,4.7581,4.774,4.7068,4.7581,14082,0
OXBR.US,D,20150220,000000,4.7424,4.8373,4.6712,4.8373,3394,0
OXBR.US,D,20150223,000000,5.1217,5.2562,4.6633,4.7028,54653,0
OXBR.US,D,20150224,000000,4.9795,5.1177,4.7032,4.7108,6798,0
OXBR.US,D,20150225,000000,4.9688,5.0091,4.7672,4.8551,3967,0
OXBR.US,D,20150226,000000,4.8479,4.8962,4.7591,4.8236,2387,0
OXBR.US,D,20150227,000000,4.8757,5.0818,4.7996,4.8398,6736,0
OXBR.US,D,20150302,000000,4.8882,4.9366,4.8479,4.8801,7686,0
OXBR.US,D,20150304,000000,4.8479,5.0091,4.8076,4.8236,5083,0
OXBR.US,D,20150305,000000,5.0495,5.0495,4.8236,4.872,2729,0
OXBR.US,D,20150306,000000,4.7591,4.7833,4.7591,4.7833,2729,0
OXBR.US,D,20150309,000000,4.7672,4.7672,4.7591,4.7672,7439,0
OXBR.US,D,20150310,000000,4.7591,4.7591,4.6865,4.7591,7313,0
OXBR.US,D,20150311,000000,4.7187,4.751,4.6785,4.6785,7934,0
OXBR.US,D,20150312,000000,4.751,4.751,4.751,4.751,1859,0
OXBR.US,D,20150313,000000,4.8236,4.8236,4.6785,4.6785,2233,0
OXBR.US,D,20150316,000000,4.6785,4.7591,4.6785,4.7591,1364,0
OXBR.US,D,20150317,000000,4.7431,4.8156,4.7431,4.7591,7809,0
OXBR.US,D,20150318,000000,4.8076,5.0495,4.7833,4.8399,8182,0
OXBR.US,D,20150319,000000,4.9851,4.9851,4.6947,4.7108,13886,0
OXBR.US,D,20150320,000000,4.9124,4.9206,4.9124,4.9206,247,0
OXBR.US,D,20150323,000000,5.0574,5.0655,4.7996,4.8076,14505,0
OXBR.US,D,20150324,000000,4.8559,5.0011,4.8156,4.8156,6074,0
OXBR.US,D,20150325,000000,4.7996,4.8399,4.7996,4.8076,15994,0
OXBR.US,D,20150326,000000,4.8399,4.872,4.6463,4.6463,49959,0
OXBR.US,D,20150327,000000,4.9044,4.9044,4.4365,4.4365,13886,0
OXBR.US,D,20150330,000000,4.7268,4.7672,4.6543,4.7268,6817,0
OXBR.US,D,20150331,000000,4.6865,4.7672,4.6543,4.7672,6695,0
OXBR.US,D,20150401,000000,4.6865,4.6865,4.6865,4.6865,1240,0
OXBR.US,D,20150402,000000,4.7187,4.864,4.6785,4.7349,30373,0
OXBR.US,D,20150406,000000,4.6704,4.9206,4.6704,4.7996,10785,0
OXBR.US,D,20150407,000000,4.9206,5.0011,4.7996,4.7996,10945,0
OXBR.US,D,20150408,000000,4.8479,4.8479,4.8076,4.8156,20209,0
OXBR.US,D,20150409,000000,4.8076,4.8076,4.7996,4.7996,4859,0
OXBR.US,D,20150410,000000,4.7996,4.7996,4.7591,4.7591,2109,0
OXBR.US,D,20150413,000000,4.7591,4.7591,4.751,4.7591,3596,0
OXBR.US,D,20150414,000000,4.6785,4.9206,4.6785,4.7108,10662,0
OXBR.US,D,20150415,000000,4.7397,4.7397,4.6382,4.6382,15588,0
OXBR.US,D,20150416,000000,4.6947,4.6947,4.5655,4.606,1919,0
OXBR.US,D,20150417,000000,4.6302,4.8076,4.6302,4.8076,6446,0
OXBR.US,D,20150420,000000,4.5288,4.8155,4.5288,4.8155,2899,0
OXBR.US,D,20150421,000000,4.6994,4.6994,4.6947,4.6947,2483,0
OXBR.US,D,20150422,000000,4.6463,4.8399,4.6463,4.7591,5083,0
OXBR.US,D,20150423,000000,4.6624,4.8236,4.6624,4.6947,3967,0
OXBR.US,D,20150424,000000,4.5252,4.8318,4.5252,4.7431,3472,0
OXBR.US,D,20150427,000000,4.8318,4.8399,4.5413,4.6624,9174,0
OXBR.US,D,20150428,000000,4.606,4.8318,4.4688,4.4848,21944,0
OXBR.US,D,20150429,000000,4.5493,4.5979,4.5091,4.5979,5578,0
OXBR.US,D,20150430,000000,4.4848,4.7187,4.4768,4.5333,1612,0
OXBR.US,D,20150501,000000,4.6382,4.7108,4.4688,4.7108,1859,0
OXBR.US,D,20150504,000000,4.7349,4.7349,4.5735,4.5735,3967,0
OXBR.US,D,20150505,000000,4.5735,4.6302,4.5735,4.6302,1612,0
OXBR.US,D,20150506,000000,4.6302,4.84,4.6302,4.8399,29550,0
OXBR.US,D,20150507,000000,4.848,4.848,4.6382,4.6463,8619,0
OXBR.US,D,20150508,000000,4.4929,4.7187,4.4929,4.6704,7686,0
OXBR.US,D,20150511,000000,4.6865,4.6865,4.6785,4.6785,4463,0
OXBR.US,D,20150512,000000,4.6947,4.7212,4.6947,4.7187,7903,0
OXBR.US,D,20150513,000000,4.7591,4.8156,4.7349,4.8156,7809,0
OXBR.US,D,20150514,000000,4.8801,4.8801,4.8399,4.864,4215,0
OXBR.US,D,20150515,000000,4.8399,5.1301,4.7268,5.0637,44181,0
OXBR.US,D,20150518,000000,5.0333,5.0574,4.9528,5.0498,20738,0
OXBR.US,D,20150519,000000,5.0011,5.0655,4.8399,4.9206,22192,0
OXBR.US,D,20150520,000000,4.8801,5.0333,4.8399,5.0011,2603,0
OXBR.US,D,20150521,000000,5.0252,5.0252,4.9851,4.9851,247,0
OXBR.US,D,20150522,000000,5.0252,5.0252,4.7753,4.9528,4957,0
OXBR.US,D,20150526,000000,4.864,5.0333,4.8399,4.9851,9719,0
OXBR.US,D,20150527,000000,4.8479,4.8479,4.8479,4.8479,247,0
OXBR.US,D,20150528,000000,4.8963,4.9206,4.8399,4.8559,4339,0
OXBR.US,D,20150529,000000,4.8882,4.9851,4.872,4.9851,24794,0
OXBR.US,D,20150601,000000,5.0655,5.0655,4.8479,4.864,10662,0
OXBR.US,D,20150602,000000,5.0574,5.0574,4.872,4.9206,13428,0
OXBR.US,D,20150603,000000,5.0655,5.0655,4.9528,4.9688,11902,0
OXBR.US,D,20150604,000000,5.0594,5.1416,5.0594,5.1004,22122,0
OXBR.US,D,20150605,000000,4.9854,5.1416,4.9854,5.0428,14223,0
OXBR.US,D,20150608,000000,4.9688,5.1416,4.9605,4.9854,5472,0
OXBR.US,D,20150609,000000,4.9854,5.1004,4.9854,5.1004,16990,0
OXBR.US,D,20150610,000000,4.8619,5.1253,4.8619,4.977,22525,0
OXBR.US,D,20150611,000000,5.0995,5.0995,4.9112,4.9605,20448,0
OXBR.US,D,20150612,000000,4.9028,5.0183,4.9028,4.9688,19207,0
OXBR.US,D,20150615,000000,4.9359,4.9935,4.9195,4.9441,9482,0
OXBR.US,D,20150616,000000,4.9854,5.0594,4.8866,4.8948,18114,0
OXBR.US,D,20150617,000000,4.977,4.977,4.9028,4.9028,2308,0
OXBR.US,D,20150618,000000,4.9359,4.977,4.8207,4.8619,13494,0
OXBR.US,D,20150619,000000,4.9359,5.0018,4.8207,4.9195,14949,0
OXBR.US,D,20150622,000000,5.0183,5.0758,4.9524,4.9524,31482,0
OXBR.US,D,20150623,000000,5.0594,5.1334,5.0428,5.0922,10566,0
OXBR.US,D,20150624,000000,5.1334,5.3966,5.0428,5.0428,33549,0
OXBR.US,D,20150625,000000,5.0512,5.2239,5.0347,5.0841,27595,0
OXBR.US,D,20150626,000000,5.0922,5.1086,5.0594,5.0841,2796,0
OXBR.US,D,20150629,000000,5.0677,5.0677,5.0183,5.0183,1702,0
OXBR.US,D,20150630,000000,5.1253,5.1253,4.977,4.977,6448,0
OXBR.US,D,20150701,000000,5.1253,5.2651,5.0841,5.232,38777,0
OXBR.US,D,20150702,000000,5.1253,5.1253,5.0428,5.0428,3040,0
OXBR.US,D,20150706,000000,4.977,4.9935,4.7467,4.8948,27959,0
OXBR.US,D,20150707,000000,4.9277,4.9605,4.8042,4.9605,5714,0
OXBR.US,D,20150709,000000,4.9359,4.9359,4.9359,4.9359,2066,0
OXBR.US,D,20150710,000000,4.9359,4.9441,4.8373,4.8453,23096,0
OXBR.US,D,20150713,000000,4.9277,4.977,4.9277,4.9605,18476,0
OXBR.US,D,20150714,000000,4.9605,4.9688,4.9359,4.9359,2416,0
OXBR.US,D,20150715,000000,4.9359,4.9441,4.9359,4.9359,2710,0
OXBR.US,D,20150716,000000,4.9441,5.2568,4.9441,5.2568,6685,0
OXBR.US,D,20150717,000000,5.3227,5.4295,4.9935,5.331,23340,0
OXBR.US,D,20150720,000000,5.3554,5.4048,5.0841,5.4048,6078,0
OXBR.US,D,20150721,000000,5.4048,5.4048,5.1416,5.1416,2308,0
OXBR.US,D,20150722,000000,5.4377,5.4377,5.3472,5.3472,1336,0
OXBR.US,D,20150723,000000,5.3472,5.3472,5.1911,5.1911,3405,0
OXBR.US,D,20150724,000000,5.2651,5.2651,5.1416,5.1416,5714,0
OXBR.US,D,20150728,000000,5.1745,5.2651,5.1581,5.2403,9969,0
OXBR.US,D,20150729,000000,5.1253,5.2651,5.1086,5.1662,7413,0
OXBR.US,D,20150730,000000,5.2156,5.2156,5.2156,5.2156,730,0
OXBR.US,D,20150731,000000,5.1581,5.1827,5.1581,5.1827,3283,0
OXBR.US,D,20150803,000000,5.1582,5.2239,5.1581,5.1827,8030,0
OXBR.US,D,20150804,000000,5.1416,5.2156,5.1416,5.2156,4133,0
OXBR.US,D,20150805,000000,5.1416,5.2403,5.1416,5.232,10091,0
OXBR.US,D,20150806,000000,5.1169,5.2082,5.1169,5.1962,6093,0
OXBR.US,D,20150807,000000,5.0018,5.2568,5.0018,5.2568,2796,0
OXBR.US,D,20150810,000000,5.2651,5.6105,5.1662,5.4213,3040,0
OXBR.US,D,20150811,000000,5.331,5.3489,5.331,5.3472,2079,0
OXBR.US,D,20150812,000000,5.1581,5.232,4.9524,5.232,34036,0
OXBR.US,D,20150813,000000,5.3472,5.3472,5.2486,5.3391,8142,0
OXBR.US,D,20150814,000000,5.2895,5.4131,5.2651,5.2651,3162,0
OXBR.US,D,20150817,000000,5.2732,5.331,5.0594,5.331,5105,0
OXBR.US,D,20150818,000000,5.3145,5.3145,5.2486,5.3061,852,0
OXBR.US,D,20150820,000000,5.1827,5.2568,5.1827,5.2403,1336,0
OXBR.US,D,20150821,000000,5.0758,5.0758,4.8948,4.977,8142,0
OXBR.US,D,20150824,000000,4.9605,4.9688,4.6232,4.9359,6266,0
OXBR.US,D,20150825,000000,5.0594,5.0594,4.9359,4.9441,13371,0
OXBR.US,D,20150826,000000,5.0347,5.0347,4.722,4.8373,15561,0
OXBR.US,D,20150827,000000,5.0347,5.0347,4.7138,4.7877,17141,0
OXBR.US,D,20150828,000000,4.8536,5.0428,4.8536,4.9605,2676,0
OXBR.US,D,20150831,000000,5.0347,5.0347,4.9277,4.9854,13857,0
OXBR.US,D,20150901,000000,5.0512,5.1004,4.9854,5.0594,8630,0
OXBR.US,D,20150902,000000,5.118,5.3276,5.0761,5.3028,17759,0
OXBR.US,D,20150903,000000,5.1516,5.1936,5.0761,5.1347,1908,0
OXBR.US,D,20150904,000000,5.2354,5.2354,5.2354,5.2354,239,0
OXBR.US,D,20150908,000000,5.0341,5.0929,4.9587,5.0929,2264,0
OXBR.US,D,20150909,000000,5.1684,5.3697,5.0678,5.0678,1788,0
OXBR.US,D,20150910,000000,5.118,5.118,5.0594,5.118,6477,0
OXBR.US,D,20150911,000000,5.051,5.0761,5.051,5.051,4290,0
OXBR.US,D,20150914,000000,5.0929,5.0929,5.0843,5.0843,595,0
OXBR.US,D,20150915,000000,5.1347,5.1347,5.0257,5.0257,7152,0
OXBR.US,D,20150916,000000,5.0174,5.0174,4.9671,4.9922,4410,0
OXBR.US,D,20150918,000000,4.9671,4.9671,4.9671,4.9671,477,0
OXBR.US,D,20150921,000000,5.1012,5.1012,4.9502,4.9502,1431,0
OXBR.US,D,20150922,000000,4.9502,5.0929,4.9502,5.0929,2503,0
OXBR.US,D,20150923,000000,5.0594,5.0594,5.0594,5.0594,477,0
OXBR.US,D,20150924,000000,4.9502,5.034,4.9334,5.034,8081,0
OXBR.US,D,20150925,000000,5.0341,5.0341,4.7825,4.7909,7629,0
OXBR.US,D,20150928,000000,4.8663,4.8663,4.514,4.8663,8737,0
OXBR.US,D,20150929,000000,4.8832,4.9587,4.8747,4.9502,4052,0
OXBR.US,D,20150930,000000,5.0174,5.0174,5.0174,5.0174,118,0
OXBR.US,D,20151001,000000,5.0006,5.0006,4.9755,4.9839,1192,0
OXBR.US,D,20151005,000000,4.9922,4.9922,4.8915,4.9334,2996,0
OXBR.US,D,20151006,000000,4.8663,4.9839,4.8663,4.9839,1072,0
OXBR.US,D,20151007,000000,4.9755,5.0174,4.9755,5.0174,7270,0
OXBR.US,D,20151008,000000,5.0006,5.0006,5.0006,5.0006,118,0
OXBR.US,D,20151009,000000,5.009,5.009,4.8915,4.8915,3337,0
OXBR.US,D,20151012,000000,4.8663,4.9083,4.8663,4.9083,1301,0
OXBR.US,D,20151013,000000,4.9083,4.9083,4.9083,4.9083,1192,0
OXBR.US,D,20151014,000000,4.8832,4.8832,4.8832,4.8832,118,0
OXBR.US,D,20151015,000000,5.0006,5.0341,4.8327,4.9922,5126,0
OXBR.US,D,20151016,000000,4.9166,4.9922,4.9083,4.9083,1668,0
OXBR.US,D,20151019,000000,5.0006,5.0006,4.9922,5.0006,2625,0
OXBR.US,D,20151020,000000,5.009,5.009,4.9167,4.9838,2742,0
OXBR.US,D,20151021,000000,4.9502,4.9502,4.9502,4.9502,715,0
OXBR.US,D,20151022,000000,4.9166,4.9922,4.7909,4.8159,22049,0
OXBR.US,D,20151023,000000,4.9502,4.9502,4.9502,4.9502,595,0
OXBR.US,D,20151026,000000,4.8663,4.8832,4.8663,4.8832,30273,0
OXBR.US,D,20151027,000000,4.9502,4.9502,4.9418,4.9418,3812,0
OXBR.US,D,20151028,000000,4.7993,4.9755,4.7993,4.8663,6198,0
OXBR.US,D,20151029,000000,4.9502,4.9587,4.8832,4.8832,1312,0
OXBR.US,D,20151030,000000,4.9083,4.9922,4.9083,4.9502,1192,0
OXBR.US,D,20151102,000000,4.7993,4.9502,4.7993,4.9417,9110,0
OXBR.US,D,20151103,000000,4.9502,4.9502,4.7574,4.7574,5602,0
OXBR.US,D,20151104,000000,4.7993,4.9166,4.7993,4.9165,5752,0
OXBR.US,D,20151105,000000,4.9083,5.0424,4.9083,4.9922,32658,0
OXBR.US,D,20151106,000000,5.0174,5.0678,4.9755,4.9755,18949,0
OXBR.US,D,20151109,000000,5.0163,5.0341,5.0163,5.0341,1908,0
OXBR.US,D,20151110,000000,4.9839,5.0341,4.9839,5.0341,2503,0
OXBR.US,D,20151111,000000,5.0341,5.0341,5.0174,5.0341,9653,0
OXBR.US,D,20151112,000000,4.3797,4.8411,4.3629,4.7574,49819,0
OXBR.US,D,20151113,000000,4.7404,4.8077,4.7069,4.7069,10608,0
OXBR.US,D,20151116,000000,4.8159,4.925,4.8077,4.8077,1431,0
OXBR.US,D,20151117,000000,4.7321,4.7741,4.7069,4.7741,1551,0
OXBR.US,D,20151118,000000,4.9166,4.9166,4.6735,4.6986,22407,0
OXBR.US,D,20151119,000000,4.623,4.8663,4.5391,4.7237,7152,0
OXBR.US,D,20151120,000000,4.8244,4.8747,4.8244,4.8579,6078,0
OXBR.US,D,20151123,000000,4.7488,4.8411,4.7488,4.8411,5126,0
OXBR.US,D,20151124,000000,4.8663,5.0006,4.7404,4.8663,19069,0
OXBR.US,D,20151125,000000,4.8244,4.8663,4.7404,4.8495,7390,0
OXBR.US,D,20151127,000000,4.7404,4.8663,4.7404,4.8663,954,0
OXBR.US,D,20151130,000000,4.7404,4.8579,4.7404,4.8579,1908,0
OXBR.US,D,20151201,000000,4.8663,5.1097,4.8663,5.0341,34640,0
OXBR.US,D,20151202,000000,5.0341,5.0341,4.7489,4.9502,24024,0
OXBR.US,D,20151203,000000,5.1216,5.1216,4.9256,4.9256,1427,0
OXBR.US,D,20151204,000000,4.8389,5.0445,4.8389,4.9246,10392,0
OXBR.US,D,20151207,000000,5.0016,5.0016,5.0016,5.0016,235,0
OXBR.US,D,20151208,000000,4.8681,4.9584,4.8561,4.9584,3588,0
OXBR.US,D,20151209,000000,4.8561,4.8645,4.8561,4.8645,818,0
OXBR.US,D,20151210,000000,4.8903,5.0273,4.8645,4.9589,16347,0
OXBR.US,D,20151211,000000,4.8389,4.8475,4.7275,4.7791,12494,0
OXBR.US,D,20151214,000000,4.8389,4.8389,4.7875,4.8389,3433,0
OXBR.US,D,20151215,000000,4.8219,4.8389,4.6419,4.7618,8991,0
OXBR.US,D,20151216,000000,4.9246,4.9246,4.8645,4.8817,5372,0
OXBR.US,D,20151217,000000,4.8988,4.8988,4.6933,4.7705,6772,0
OXBR.US,D,20151218,000000,4.599,4.796,4.599,4.6933,1050,0
OXBR.US,D,20151221,000000,4.7105,4.7105,4.6847,4.6933,2337,0
OXBR.US,D,20151222,000000,4.6933,4.7105,4.6933,4.7105,5846,0
OXBR.US,D,20151223,000000,4.6677,4.7105,4.5819,4.7105,6540,0
OXBR.US,D,20151224,000000,4.7533,4.7533,4.7533,4.7533,300,0
OXBR.US,D,20151228,000000,4.6249,4.7105,4.5135,4.6677,36690,0
OXBR.US,D,20151229,000000,4.6026,4.761,4.4878,4.6506,9311,0
OXBR.US,D,20151230,000000,4.6761,4.7105,4.6249,4.7105,3742,0
OXBR.US,D,20151231,000000,4.7105,4.9846,4.7105,4.8988,11366,0
OXBR.US,D,20160104,000000,4.3678,4.6163,4.0253,4.4706,25127,0
OXBR.US,D,20160105,000000,4.2909,4.4963,4.2909,4.4279,1050,0
OXBR.US,D,20160106,000000,4.7791,4.7791,4.445,4.445,1228,0
OXBR.US,D,20160107,000000,4.3493,4.505,4.3493,4.505,1050,0
OXBR.US,D,20160108,000000,4.4536,4.4536,4.3166,4.3764,11968,0
OXBR.US,D,20160111,000000,4.3066,4.4279,4.3066,4.4279,934,0
OXBR.US,D,20160112,000000,4.4279,4.4279,4.4279,4.4279,116,0
OXBR.US,D,20160113,000000,4.3422,4.3422,4.0696,4.3078,8909,0
OXBR.US,D,20160114,000000,4.3678,4.522,4.3678,4.522,934,0
OXBR.US,D,20160115,000000,4.2908,4.2908,4.1965,4.2821,12670,0
OXBR.US,D,20160119,000000,4.1965,4.3593,4.1965,4.2993,10741,0
OXBR.US,D,20160120,000000,4.111,4.294,4.111,4.294,1166,0
OXBR.US,D,20160121,000000,4.3249,4.3678,4.2822,4.2908,2195,0
OXBR.US,D,20160122,000000,4.2908,4.2908,4.111,4.2565,17306,0
OXBR.US,D,20160125,000000,4.2286,4.2396,4.2286,4.2396,2451,0
OXBR.US,D,20160126,000000,4.402,4.402,4.402,4.402,1750,0
OXBR.US,D,20160127,000000,4.402,4.4364,4.402,4.4364,701,0
OXBR.US,D,20160129,000000,4.3593,4.7875,4.3452,4.7875,1238,0
OXBR.US,D,20160202,000000,4.2137,4.5819,4.2137,4.5562,6760,0
OXBR.US,D,20160203,000000,4.4621,4.4792,4.4621,4.4621,4905,0
OXBR.US,D,20160204,000000,4.3851,4.5648,4.3764,4.5648,2979,0
OXBR.US,D,20160205,000000,4.2821,4.546,4.2737,4.2993,18316,0
OXBR.US,D,20160208,000000,4.2908,4.3678,4.2908,4.3678,3561,0
OXBR.US,D,20160209,000000,4.5304,4.5304,4.111,4.111,8343,0
OXBR.US,D,20160210,000000,4.1196,4.1538,4.111,4.111,4934,0
OXBR.US,D,20160211,000000,4.1196,4.6077,4.1196,4.6077,11851,0
OXBR.US,D,20160212,000000,4.6162,4.6162,4.5819,4.5819,441,0
OXBR.US,D,20160216,000000,4.3037,4.4449,4.3037,4.4449,958,0
OXBR.US,D,20160217,000000,4.4535,4.4535,4.2092,4.3249,28044,0
OXBR.US,D,20160219,000000,4.2821,4.4099,4.2396,4.4099,6655,0
OXBR.US,D,20160222,000000,4.4279,4.4279,4.3764,4.3764,235,0
OXBR.US,D,20160223,000000,4.4004,4.4004,4.4004,4.4004,292,0
OXBR.US,D,20160224,000000,4.3678,4.3835,4.1196,4.3835,7591,0
OXBR.US,D,20160225,000000,4.3851,4.3851,4.1281,4.3335,9931,0
OXBR.US,D,20160226,000000,4.3773,4.3773,4.3082,4.3088,4070,0
OXBR.US,D,20160229,000000,4.2898,4.4651,4.2196,4.4198,7021,0
OXBR.US,D,20160301,000000,4.3764,4.3862,4.3687,4.3854,10847,0
OXBR.US,D,20160302,000000,4.3072,4.5705,4.3072,4.4127,3863,0
OXBR.US,D,20160303,000000,4.4127,4.4127,4.4127,4.4127,113,0
OXBR.US,D,20160304,000000,4.9213,4.9213,4.4827,4.5879,2609,0
OXBR.US,D,20160308,000000,4.3565,4.4849,4.3565,4.4849,1776,0
OXBR.US,D,20160309,000000,4.4301,4.4301,4.3819,4.3862,2735,0
OXBR.US,D,20160310,000000,4.395,4.4302,4.395,4.4302,512,0
OXBR.US,D,20160311,000000,4.3875,4.4134,4.3072,4.3424,16986,0
OXBR.US,D,20160314,000000,4.4213,4.4301,4.0792,4.3862,76592,0
OXBR.US,D,20160315,000000,4.3862,4.4003,4.3862,4.4003,3324,0
OXBR.US,D,20160316,000000,4.2723,4.3774,4.0967,4.3118,8693,0
OXBR.US,D,20160317,000000,4.4003,4.4003,4.1495,4.374,6725,0
OXBR.US,D,20160318,000000,4.2108,4.5091,3.9672,4.4652,28405,0
OXBR.US,D,20160321,000000,4.2459,4.4038,4.2459,4.4038,2877,0
OXBR.US,D,20160322,000000,4.338,4.4038,4.338,4.4038,1461,0
OXBR.US,D,20160323,000000,4.2561,4.2561,4.2561,4.2561,1709,0
OXBR.US,D,20160324,000000,4.3424,4.3948,4.2213,4.3858,5668,0
OXBR.US,D,20160328,000000,4.3949,4.4739,4.3758,4.3949,14074,0
OXBR.US,D,20160329,000000,4.4213,4.5169,4.3949,4.5169,10712,0
OXBR.US,D,20160330,000000,4.4128,4.4476,4.4128,4.4476,1123,0
OXBR.US,D,20160331,000000,4.4782,4.6494,4.4739,4.4827,4253,0
OXBR.US,D,20160404,000000,4.3949,4.3949,4.3862,4.3949,1597,0
OXBR.US,D,20160406,000000,4.6056,4.6056,4.5968,4.5968,5872,0
OXBR.US,D,20160408,000000,4.5968,4.5968,4.5967,4.5967,1636,0
OXBR.US,D,20160413,000000,4.2555,4.509,4.2555,4.509,5284,0
OXBR.US,D,20160415,000000,4.3173,4.5845,4.3169,4.5835,2902,0
OXBR.US,D,20160418,000000,4.4652,4.4827,4.4652,4.4827,1226,0
OXBR.US,D,20160419,000000,4.5968,4.5968,4.4739,4.5353,10814,0
OXBR.US,D,20160420,000000,4.5353,4.5353,4.3521,4.5329,4304,0
OXBR.US,D,20160421,000000,4.4485,4.5189,4.4039,4.4213,13565,0
OXBR.US,D,20160422,000000,4.4039,4.4423,4.2898,4.3774,17780,0
OXBR.US,D,20160425,000000,4.4127,4.4127,4.3249,4.3249,684,0
OXBR.US,D,20160426,000000,4.3161,4.3424,4.3161,4.3424,1368,0
OXBR.US,D,20160427,000000,4.3424,4.3424,4.3072,4.3072,342,0
OXBR.US,D,20160428,000000,4.3335,4.3335,4.3335,4.3335,113,0
OXBR.US,D,20160429,000000,4.3424,4.3424,4.3072,4.3088,1718,0
OXBR.US,D,20160502,000000,4.347,4.347,4.3161,4.3161,684,0
OXBR.US,D,20160503,000000,4.3161,4.4739,4.2187,4.2626,8908,0
OXBR.US,D,20160504,000000,4.3511,4.3774,4.2985,4.3687,3875,0
OXBR.US,D,20160505,000000,4.3875,4.3875,4.2196,4.2898,2964,0
OXBR.US,D,20160506,000000,4.2985,4.2985,4.2547,4.2547,1033,0
OXBR.US,D,20160509,000000,4.2985,4.3072,4.2985,4.2986,1888,0
OXBR.US,D,20160510,000000,4.2985,4.5441,4.2985,4.457,6714,0
OXBR.US,D,20160511,000000,4.5091,4.5091,4.4212,4.4212,6307,0
OXBR.US,D,20160512,000000,4.4213,4.4213,4.3512,4.3512,342,0
OXBR.US,D,20160516,000000,4.3072,4.3161,4.2898,4.2985,16484,0
OXBR.US,D,20160517,000000,4.3687,4.4739,4.3687,4.4739,8341,0
OXBR.US,D,20160519,000000,4.4915,4.7022,4.4652,4.7022,23593,0
OXBR.US,D,20160520,000000,4.7021,4.7021,4.4739,4.6406,10676,0
OXBR.US,D,20160523,000000,4.5616,4.5616,4.5178,4.5178,2394,0
OXBR.US,D,20160524,000000,4.5617,4.5617,4.5538,4.5538,684,0
OXBR.US,D,20160525,000000,4.5083,4.5083,4.3862,4.3949,8208,0
OXBR.US,D,20160526,000000,4.4294,4.4294,4.4294,4.4294,515,0
OXBR.US,D,20160527,000000,4.4301,4.4301,4.3072,4.3862,4260,0
OXBR.US,D,20160531,000000,4.3161,4.4446,4.3072,4.4292,4915,0
OXBR.US,D,20160601,000000,4.3599,4.395,4.3161,4.3161,4105,0
OXBR.US,D,20160602,000000,4.3687,4.4361,4.3073,4.3335,11969,0
OXBR.US,D,20160603,000000,4.3512,4.4476,4.3512,4.4178,2624,0
OXBR.US,D,20160606,000000,4.553,4.5616,4.4827,4.5616,6212,0
OXBR.US,D,20160607,000000,4.5441,4.6196,4.5441,4.6142,7470,0
OXBR.US,D,20160608,000000,4.6494,4.6844,4.4066,4.623,14215,0
OXBR.US,D,20160609,000000,4.5835,4.667,4.5835,4.5968,2165,0
OXBR.US,D,20160610,000000,4.5968,4.6844,4.5705,4.5792,2508,0
OXBR.US,D,20160613,000000,4.6844,4.7371,4.4739,4.7371,5235,0
OXBR.US,D,20160614,000000,4.7371,4.7371,4.4739,4.4739,1368,0
OXBR.US,D,20160615,000000,4.7282,4.7371,4.6272,4.6272,19444,0
OXBR.US,D,20160616,000000,4.7577,4.7577,4.4166,4.6589,8954,0
OXBR.US,D,20160617,000000,4.7577,4.7577,4.4255,4.614,10109,0
OXBR.US,D,20160620,000000,4.716,4.716,4.605,4.6293,5792,0
OXBR.US,D,20160621,000000,4.6678,4.6678,4.4884,4.5063,8579,0
OXBR.US,D,20160622,000000,4.4884,4.5585,4.4884,4.4973,8871,0
OXBR.US,D,20160623,000000,4.4792,4.7396,4.4614,4.7038,19851,0
OXBR.US,D,20160624,000000,4.641,4.641,4.4345,4.623,7213,0
OXBR.US,D,20160627,000000,4.6858,4.6858,4.587,4.5871,6231,0
OXBR.US,D,20160628,000000,4.4874,4.5556,4.4346,4.4973,2786,0
OXBR.US,D,20160629,000000,4.5064,4.6049,4.5063,4.5153,13479,0
OXBR.US,D,20160630,000000,4.5602,4.5871,4.5154,4.5154,1377,0
OXBR.US,D,20160701,000000,4.6589,4.6679,4.5154,4.5243,8964,0
OXBR.US,D,20160706,000000,4.5243,4.5243,4.3178,4.3807,10159,0
OXBR.US,D,20160707,000000,4.4793,4.4793,4.4255,4.4255,19046,0
OXBR.US,D,20160711,000000,4.418,4.418,4.418,4.418,111,0
OXBR.US,D,20160712,000000,4.5153,4.5934,4.4885,4.4973,6632,0
OXBR.US,D,20160713,000000,4.4884,4.4884,4.4884,4.4884,184,0
OXBR.US,D,20160714,000000,4.4721,4.5242,4.4721,4.5242,6616,0
OXBR.US,D,20160715,000000,4.4255,4.5116,4.4255,4.4524,14344,0
OXBR.US,D,20160718,000000,4.4793,4.4884,4.4542,4.4884,12921,0
OXBR.US,D,20160719,000000,4.4724,4.4884,4.4434,4.4884,2562,0
OXBR.US,D,20160720,000000,4.4884,4.5063,4.4615,4.4865,16040,0
OXBR.US,D,20160721,000000,4.4703,4.4884,4.4525,4.4884,2626,0
OXBR.US,D,20160722,000000,4.4884,4.4884,4.4884,4.4884,111,0
OXBR.US,D,20160725,000000,4.4884,4.614,4.4884,4.5511,19319,0
OXBR.US,D,20160726,000000,4.5682,4.5691,4.5333,4.5602,3593,0
OXBR.US,D,20160727,000000,4.5063,4.5602,4.5063,4.5602,1783,0
OXBR.US,D,20160728,000000,4.5341,4.5593,4.5341,4.5409,2228,0
OXBR.US,D,20160729,000000,4.5333,4.5503,4.5333,4.5422,4883,0
OXBR.US,D,20160801,000000,4.5691,4.5691,4.5345,4.5345,961,0
OXBR.US,D,20160802,000000,4.5511,4.5602,4.5063,4.5063,6028,0
OXBR.US,D,20160804,000000,4.5333,4.5467,4.5063,4.5404,15368,0
OXBR.US,D,20160805,000000,4.5422,4.5422,4.5333,4.5333,7174,0
OXBR.US,D,20160810,000000,4.569,4.569,4.4434,4.5492,5633,0
OXBR.US,D,20160811,000000,4.5422,4.5422,4.4703,4.4703,2625,0
OXBR.US,D,20160812,000000,4.5422,4.5422,4.4973,4.4973,2395,0
OXBR.US,D,20160815,000000,4.5306,4.5333,4.5196,4.5333,12149,0
OXBR.US,D,20160816,000000,4.4615,4.5333,4.4615,4.5069,18938,0
OXBR.US,D,20160817,000000,4.4973,4.4973,4.4535,4.4884,6572,0
OXBR.US,D,20160818,000000,4.4703,4.4793,4.4524,4.4703,9692,0
OXBR.US,D,20160819,000000,4.4525,4.4525,4.4525,4.4525,111,0
OXBR.US,D,20160822,000000,4.4636,4.4793,4.4636,4.4793,3148,0
OXBR.US,D,20160823,000000,4.468,4.4732,4.4615,4.4615,2228,0
OXBR.US,D,20160824,000000,4.4615,4.5324,4.4615,4.5108,6572,0
OXBR.US,D,20160825,000000,4.488,4.488,4.4524,4.4732,7102,0
OXBR.US,D,20160826,000000,4.4794,4.5243,4.4771,4.4771,1789,0
OXBR.US,D,20160829,000000,4.5153,4.8744,4.4973,4.605,41313,0
OXBR.US,D,20160830,000000,4.5691,4.5691,4.5055,4.5602,14475,0
OXBR.US,D,20160831,000000,4.5161,4.5691,4.4793,4.5198,17512,0
OXBR.US,D,20160901,000000,4.5602,4.5602,4.4793,4.5153,1114,0
OXBR.US,D,20160902,000000,4.5153,4.5153,4.5153,4.5153,780,0
OXBR.US,D,20160906,000000,4.5511,4.5871,4.4615,4.4884,36473,0
OXBR.US,D,20160907,000000,4.4793,4.5691,4.4615,4.5691,47155,0
OXBR.US,D,20160908,000000,4.4884,4.5871,4.4793,4.5691,82418,0
OXBR.US,D,20160909,000000,4.5781,4.5871,4.4703,4.5333,19696,0
OXBR.US,D,20160912,000000,4.5243,4.5333,4.4793,4.5243,22857,0
OXBR.US,D,20160913,000000,4.5333,4.641,4.5243,4.623,20188,0
OXBR.US,D,20160914,000000,4.614,4.614,4.5109,4.5691,18251,0
OXBR.US,D,20160915,000000,4.605,4.614,4.4703,4.5871,18274,0
OXBR.US,D,20160916,000000,4.5781,4.6589,4.4884,4.4884,52855,0
OXBR.US,D,20160919,000000,4.5333,4.623,4.5333,4.5781,2005,0
OXBR.US,D,20160920,000000,4.4973,4.614,4.4973,4.5511,7781,0
OXBR.US,D,20160921,000000,4.6155,4.6155,4.5421,4.5971,4568,0
OXBR.US,D,20160922,000000,4.5787,4.5972,4.5333,4.5333,13018,0
OXBR.US,D,20160923,000000,4.5972,4.5972,4.4777,4.4777,16728,0
OXBR.US,D,20160926,000000,4.5144,4.5295,4.4868,4.5053,7485,0
OXBR.US,D,20160927,000000,4.5144,4.5879,4.496,4.5511,182563,0
OXBR.US,D,20160928,000000,4.5787,4.5787,4.5696,4.5787,8004,0
OXBR.US,D,20160929,000000,4.5511,4.5787,4.4868,4.5696,27089,0
OXBR.US,D,20160930,000000,4.5787,4.5972,4.5236,4.5972,17522,0
OXBR.US,D,20161003,000000,4.5743,4.6422,4.5237,4.5237,44672,0
OXBR.US,D,20161004,000000,4.5236,4.5778,4.5236,4.5511,7432,0
OXBR.US,D,20161005,000000,4.5511,4.5603,4.5236,4.5329,5598,0
OXBR.US,D,20161006,000000,4.5053,4.5053,4.027,4.1191,99702,0
OXBR.US,D,20161007,000000,4.2386,4.4501,4.1191,4.441,79387,0
OXBR.US,D,20161010,000000,4.5053,4.5421,4.4079,4.5329,7177,0
OXBR.US,D,20161011,000000,4.5144,4.5144,4.5144,4.5144,109,0
OXBR.US,D,20161012,000000,4.4592,4.5053,4.3397,4.349,5953,0
OXBR.US,D,20161013,000000,4.2891,4.5329,4.2891,4.496,5526,0
OXBR.US,D,20161014,000000,4.5236,4.5511,4.496,4.5511,5195,0
OXBR.US,D,20161017,000000,4.5053,4.5972,4.5053,4.5511,3262,0
OXBR.US,D,20161018,000000,4.5511,4.6431,4.4198,4.5972,29098,0
OXBR.US,D,20161019,000000,4.3672,4.5511,4.3213,4.4659,7070,0
OXBR.US,D,20161020,000000,4.3672,4.5972,4.3672,4.5972,9245,0
OXBR.US,D,20161021,000000,4.5919,4.5919,4.5919,4.5919,1958,0
OXBR.US,D,20161024,000000,4.6891,4.6891,4.5896,4.6891,22971,0
OXBR.US,D,20161025,000000,4.5053,4.5511,4.5053,4.5511,1605,0
OXBR.US,D,20161026,000000,4.5972,4.6431,4.5162,4.6431,3335,0
OXBR.US,D,20161027,000000,4.6431,4.6431,4.5511,4.6431,15913,0
OXBR.US,D,20161028,000000,4.5972,4.6431,4.5972,4.643,13072,0
OXBR.US,D,20161031,000000,4.6431,4.6431,4.6049,4.6049,2355,0
OXBR.US,D,20161103,000000,4.4592,4.4592,4.4592,4.4592,110,0
OXBR.US,D,20161104,000000,4.5159,4.5159,4.5053,4.5053,4954,0
OXBR.US,D,20161107,000000,4.4685,4.5053,4.4592,4.5053,3964,0
OXBR.US,D,20161108,000000,4.5263,4.5263,4.5263,4.5263,1087,0
OXBR.US,D,20161109,000000,4.5511,4.5972,4.5511,4.5972,6293,0
OXBR.US,D,20161110,000000,4.5511,4.5511,4.5511,4.5511,217,0
OXBR.US,D,20161111,000000,4.3279,4.5511,4.3279,4.5511,4025,0
OXBR.US,D,20161114,000000,4.5156,4.5156,4.4998,4.4998,654,0
OXBR.US,D,20161115,000000,4.5972,4.6891,4.5904,4.6376,19025,0
OXBR.US,D,20161117,000000,4.593,4.5972,4.593,4.5937,1360,0
OXBR.US,D,20161118,000000,4.5512,4.5971,4.5458,4.5511,5731,0
OXBR.US,D,20161121,000000,4.5436,4.5436,4.5051,4.506,2815,0
OXBR.US,D,20161122,000000,4.547,4.7351,4.5053,4.6891,29453,0
OXBR.US,D,20161123,000000,4.7167,4.7351,4.6431,4.7351,8721,0
OXBR.US,D,20161128,000000,4.7351,4.7811,4.6438,4.7435,7815,0
OXBR.US,D,20161129,000000,4.7351,4.7351,4.7082,4.7351,17151,0
OXBR.US,D,20161130,000000,4.6891,5.0109,4.6891,5.0109,20034,0
OXBR.US,D,20161201,000000,4.9508,5.2407,4.7351,5.2407,39794,0
OXBR.US,D,20161202,000000,5.1489,5.2407,5.0109,5.1489,27645,0
OXBR.US,D,20161205,000000,5.1028,5.1948,4.965,5.0569,8757,0
OXBR.US,D,20161206,000000,4.9649,5.2407,4.919,5.0569,59424,0
OXBR.US,D,20161207,000000,5.0422,5.1489,4.9649,5.1489,6683,0
OXBR.US,D,20161208,000000,5.0569,5.2637,5.0569,5.2637,9575,0
OXBR.US,D,20161209,000000,5.1029,5.2407,5.0569,5.0569,21244,0
OXBR.US,D,20161212,000000,5.1028,5.1948,5.0109,5.0109,33176,0
OXBR.US,D,20161213,000000,5.0109,5.0569,4.9649,5.0569,12006,0
OXBR.US,D,20161214,000000,5.0337,5.0484,5.0337,5.0484,1816,0
OXBR.US,D,20161215,000000,5.0494,5.1028,5.0494,5.1019,8700,0
OXBR.US,D,20161216,000000,5.0569,5.1489,5.0569,5.1479,4102,0
OXBR.US,D,20161219,000000,5.1948,5.2868,5.1535,5.2868,21396,0
OXBR.US,D,20161220,000000,5.2868,5.2868,5.1948,5.264,37496,0
OXBR.US,D,20161221,000000,5.259,5.3999,5.259,5.353,18868,0
OXBR.US,D,20161222,000000,5.3062,5.3999,5.2591,5.306,3777,0
OXBR.US,D,20161223,000000,5.4469,5.4469,5.353,5.353,6342,0
OXBR.US,D,20161227,000000,5.4401,5.4469,5.2653,5.353,15045,0
OXBR.US,D,20161228,000000,5.1886,5.3999,5.1886,5.306,14922,0
OXBR.US,D,20161229,000000,5.306,5.5877,5.306,5.4939,40323,0
OXBR.US,D,20161230,000000,5.5407,5.6347,5.4939,5.6347,24911,0
OXBR.US,D,20170103,000000,5.6816,5.7286,5.4469,5.4939,34971,0
OXBR.US,D,20170104,000000,5.5407,5.5877,5.259,5.5877,32409,0
OXBR.US,D,20170105,000000,5.3999,5.5877,5.3999,5.5407,3676,0
OXBR.US,D,20170106,000000,5.6346,5.6347,5.5878,5.6347,7875,0
OXBR.US,D,20170109,000000,5.6348,5.6816,5.6347,5.6816,10484,0
OXBR.US,D,20170110,000000,5.7286,5.7286,5.6441,5.7286,9831,0
OXBR.US,D,20170111,000000,5.6431,5.7286,5.6348,5.7286,5987,0
OXBR.US,D,20170112,000000,5.6348,5.6816,5.6348,5.6816,2982,0
OXBR.US,D,20170113,000000,5.6347,5.722,5.6347,5.7201,2350,0
OXBR.US,D,20170117,000000,5.7286,5.7286,5.6821,5.6821,8984,0
OXBR.US,D,20170118,000000,5.6816,5.8695,5.6816,5.8129,4760,0
OXBR.US,D,20170119,000000,5.8695,5.8695,5.6816,5.7755,12515,0
OXBR.US,D,20170120,000000,5.6901,5.8176,5.6901,5.6943,3057,0
OXBR.US,D,20170123,000000,5.6347,5.7755,5.6347,5.7634,2638,0
OXBR.US,D,20170124,000000,5.8216,5.8216,5.7286,5.7755,2944,0
OXBR.US,D,20170125,000000,5.7286,5.8216,5.7286,5.7373,1685,0
OXBR.US,D,20170126,000000,5.759,5.7755,5.6911,5.7506,7160,0
OXBR.US,D,20170127,000000,5.6817,5.7755,5.6816,5.7286,9322,0
OXBR.US,D,20170130,000000,5.6816,5.6816,5.306,5.353,43006,0
OXBR.US,D,20170131,000000,5.4939,5.5877,5.4469,5.5877,3916,0
OXBR.US,D,20170201,000000,5.6816,5.6816,5.6816,5.6816,4912,0
OXBR.US,D,20170202,000000,5.3999,5.6588,5.3999,5.6588,310,0
OXBR.US,D,20170203,000000,5.4939,5.6761,5.4939,5.5631,6143,0
OXBR.US,D,20170206,000000,5.4469,5.5407,5.3999,5.4469,6223,0
OXBR.US,D,20170207,000000,5.4939,5.5501,5.4939,5.5148,15499,0
OXBR.US,D,20170208,000000,5.5325,5.5407,5.4469,5.4905,1038,0
OXBR.US,D,20170209,000000,5.4469,5.4941,5.3999,5.4469,16190,0
OXBR.US,D,20170210,000000,5.3999,5.5399,5.1651,5.353,14096,0
OXBR.US,D,20170213,000000,5.3999,5.5406,5.3999,5.4939,7345,0
OXBR.US,D,20170214,000000,5.5331,5.5406,5.5331,5.5406,1608,0
OXBR.US,D,20170215,000000,5.5407,5.5407,5.4469,5.5407,6828,0
OXBR.US,D,20170216,000000,5.5406,5.6347,5.5028,5.5814,4477,0
OXBR.US,D,20170217,000000,5.6346,5.6347,5.5689,5.6347,10009,0
OXBR.US,D,20170221,000000,5.6347,5.6347,5.5877,5.6347,12825,0
OXBR.US,D,20170222,000000,5.6347,5.6347,5.5877,5.5877,319,0
OXBR.US,D,20170223,000000,5.595,6.433,5.595,6.339,21405,0
OXBR.US,D,20170224,000000,6.1042,6.1981,5.9301,6.1981,11044,0
OXBR.US,D,20170227,000000,6.1512,6.2766,5.9734,6.0573,11203,0
OXBR.US,D,20170228,000000,6.0573,6.1341,6.0104,6.0104,5021,0
OXBR.US,D,20170301,000000,6.1372,6.1512,5.9835,5.9835,9945,0
OXBR.US,D,20170302,000000,6.0016,6.0016,5.9077,5.9164,6064,0
OXBR.US,D,20170303,000000,6.1424,6.1443,5.8695,6.1413,15887,0
OXBR.US,D,20170306,000000,6.1042,6.1512,5.8695,6.0104,5241,0
OXBR.US,D,20170307,000000,5.8225,6.0333,5.8225,5.8312,11637,0
OXBR.US,D,20170308,000000,5.8225,6.147,5.7755,5.9164,6088,0
OXBR.US,D,20170309,000000,5.9164,5.9164,5.7286,5.744,899,0
OXBR.US,D,20170310,000000,5.9555,6.2921,5.7765,6.2829,33335,0
OXBR.US,D,20170313,000000,6.2921,6.4799,6.2827,6.3859,19872,0
OXBR.US,D,20170314,000000,6.4799,6.4799,6.339,6.4799,11735,0
OXBR.US,D,20170315,000000,6.4512,6.499,6.2123,6.2123,4932,0
OXBR.US,D,20170316,000000,6.2123,6.4034,6.0781,6.2601,10808,0
OXBR.US,D,20170317,000000,6.3557,6.3557,6.1645,6.1645,5767,0
OXBR.US,D,20170320,000000,6.0689,6.1167,5.83,6.1167,36701,0
OXBR.US,D,20170321,000000,6.0689,6.2601,5.83,5.8778,58912,0
OXBR.US,D,20170322,000000,5.9734,5.9734,5.3521,5.6388,32677,0
OXBR.US,D,20170323,000000,5.7029,5.83,5.5967,5.83,18126,0
OXBR.US,D,20170324,000000,5.7822,6.0092,5.7822,5.9256,8550,0
OXBR.US,D,20170327,000000,6.0689,6.0689,5.8778,6.0689,30206,0
OXBR.US,D,20170328,000000,6.0689,6.3795,5.83,5.8475,76022,0
OXBR.US,D,20170329,000000,5.8778,6.1645,5.8778,6.1645,36820,0
OXBR.US,D,20170330,000000,6.2123,6.2501,5.9163,6.0211,36795,0
OXBR.US,D,20170331,000000,6.0596,6.4024,6.0596,6.2695,11608,0
OXBR.US,D,20170403,000000,6.3079,6.3792,6.0212,6.1645,15150,0
OXBR.US,D,20170404,000000,6.0735,6.0735,5.9256,5.9734,14012,0
OXBR.US,D,20170405,000000,5.8778,5.997,5.8778,5.8778,3755,0
OXBR.US,D,20170406,000000,6.0286,6.0286,5.8778,6.0283,1758,0
OXBR.US,D,20170407,000000,5.7822,5.9256,5.7822,5.9223,2898,0
OXBR.US,D,20170410,000000,5.8778,6.1243,5.8778,5.9256,4811,0
OXBR.US,D,20170411,000000,5.9734,6.0235,5.9256,6.0211,2658,0
OXBR.US,D,20170412,000000,6.0212,6.2123,5.8778,5.8778,9535,0
OXBR.US,D,20170413,000000,5.9107,5.9107,5.8778,5.8778,737,0
OXBR.US,D,20170417,000000,5.9496,6.0211,5.8778,5.8778,18033,0
OXBR.US,D,20170418,000000,5.9256,5.9256,5.9256,5.9256,246,0
OXBR.US,D,20170419,000000,6.1178,6.1178,5.8778,5.8778,2021,0
OXBR.US,D,20170420,000000,5.8778,6.0143,5.8052,5.8778,12190,0
OXBR.US,D,20170421,000000,5.9246,5.9246,5.7822,5.83,3807,0
OXBR.US,D,20170424,000000,5.9256,5.9256,5.7344,5.873,7119,0
OXBR.US,D,20170425,000000,5.7344,5.8748,5.6388,5.7344,11092,0
OXBR.US,D,20170426,000000,5.7344,5.83,5.7344,5.83,8287,0
OXBR.US,D,20170427,000000,5.7822,5.7822,5.7818,5.7818,2093,0
OXBR.US,D,20170428,000000,5.8214,5.8214,5.6866,5.7336,7341,0
OXBR.US,D,20170501,000000,5.6866,5.6878,5.5433,5.5911,20530,0
OXBR.US,D,20170502,000000,5.8176,5.8778,5.6388,5.6388,10443,0
OXBR.US,D,20170503,000000,5.5911,5.6388,5.5866,5.6381,1467,0
OXBR.US,D,20170504,000000,5.67,5.67,5.5433,5.5911,2385,0
OXBR.US,D,20170505,000000,5.5461,5.5911,5.5433,5.5911,2317,0
OXBR.US,D,20170508,000000,5.571,5.6866,5.5433,5.6866,5659,0
OXBR.US,D,20170509,000000,5.6866,5.7344,5.6866,5.7057,3170,0
OXBR.US,D,20170510,000000,5.6388,5.6811,5.5576,5.6628,4367,0
OXBR.US,D,20170511,000000,5.6865,5.6865,5.5433,5.6388,3668,0
OXBR.US,D,20170512,000000,5.6594,5.6866,5.5911,5.6388,7607,0
OXBR.US,D,20170515,000000,5.681,5.681,5.4955,5.5385,18617,0
OXBR.US,D,20170516,000000,5.5433,5.6866,5.5433,5.6866,19331,0
OXBR.US,D,20170517,000000,5.5743,5.5743,5.5743,5.5743,209,0
OXBR.US,D,20170518,000000,5.5434,5.6387,5.5434,5.6384,8475,0
OXBR.US,D,20170519,000000,5.5434,5.6388,5.5433,5.5433,12141,0
OXBR.US,D,20170522,000000,5.5977,5.6824,5.5433,5.5433,21177,0
OXBR.US,D,20170523,000000,5.5433,5.5433,5.3999,5.4477,17458,0
OXBR.US,D,20170524,000000,5.4477,5.4745,5.3999,5.4745,2192,0
OXBR.US,D,20170525,000000,5.3999,5.6866,5.3043,5.6866,24535,0
OXBR.US,D,20170526,000000,5.3521,5.4477,5.2089,5.3521,25841,0
OXBR.US,D,20170530,000000,5.3996,5.4955,5.3521,5.3521,8726,0
OXBR.US,D,20170531,000000,5.3521,5.3521,5.2565,5.3521,7206,0
OXBR.US,D,20170601,000000,5.57,5.57,5.2838,5.5433,9275,0
OXBR.US,D,20170602,000000,5.4945,5.5433,5.4477,5.4955,8207,0
OXBR.US,D,20170605,000000,5.4477,5.5433,5.4477,5.5433,9241,0
OXBR.US,D,20170606,000000,5.4954,5.5433,5.3043,5.4956,2951,0
OXBR.US,D,20170607,000000,5.5433,5.6856,5.3999,5.5911,18795,0
OXBR.US,D,20170608,000000,5.3999,5.6709,5.3999,5.6388,2127,0
OXBR.US,D,20170609,000000,5.6388,5.6866,5.6384,5.6866,27421,0
OXBR.US,D,20170612,000000,5.6866,5.6866,5.6388,5.6388,5345,0
OXBR.US,D,20170613,000000,5.4955,5.6387,5.4955,5.6387,665,0
OXBR.US,D,20170614,000000,5.5911,5.5911,5.5528,5.5528,829,0
OXBR.US,D,20170615,000000,5.591,5.5911,5.591,5.5911,1779,0
OXBR.US,D,20170616,000000,5.5911,5.6866,5.5433,5.6866,13702,0
OXBR.US,D,20170619,000000,5.6865,5.6865,5.5911,5.6388,17816,0
OXBR.US,D,20170620,000000,5.6866,5.6866,5.5433,5.5895,14308,0
OXBR.US,D,20170621,000000,5.513,5.6594,5.513,5.6586,16436,0
OXBR.US,D,20170622,000000,5.7082,5.7082,5.6106,5.6301,6129,0
OXBR.US,D,20170623,000000,5.6594,5.6594,5.5651,5.6594,5679,0
OXBR.US,D,20170626,000000,5.6594,5.6594,5.5618,5.5891,5628,0
OXBR.US,D,20170627,000000,5.6594,5.6594,5.513,5.6036,3729,0
OXBR.US,D,20170628,000000,5.5618,5.6594,5.5618,5.6106,1031,0
OXBR.US,D,20170629,000000,5.441,5.5794,5.4155,5.4642,3824,0
OXBR.US,D,20170630,000000,5.6105,5.6105,5.5155,5.5155,673,0
OXBR.US,D,20170703,000000,5.6594,5.6594,5.5618,5.6106,5255,0
OXBR.US,D,20170705,000000,5.524,5.7067,5.524,5.6191,3565,0
OXBR.US,D,20170707,000000,5.7082,5.757,5.7082,5.7082,6050,0
OXBR.US,D,20170711,000000,5.6355,5.6594,5.635,5.6594,1661,0
OXBR.US,D,20170712,000000,5.7033,5.7033,5.6106,5.634,4629,0
OXBR.US,D,20170713,000000,5.7082,5.7082,5.6106,5.6586,6150,0
OXBR.US,D,20170714,000000,5.513,5.764,5.513,5.757,46445,0
OXBR.US,D,20170717,000000,5.8545,5.8545,5.5618,5.6106,39926,0
OXBR.US,D,20170718,000000,5.7082,5.7082,5.5618,5.7082,7042,0
OXBR.US,D,20170719,000000,5.7809,5.8048,5.6594,5.7082,6471,0
OXBR.US,D,20170720,000000,5.6594,5.7082,5.6594,5.7082,417,0
OXBR.US,D,20170721,000000,5.8058,5.8058,5.8058,5.8058,514,0
OXBR.US,D,20170724,000000,5.7571,5.8048,5.7082,5.7082,5867,0
OXBR.US,D,20170725,000000,5.6106,5.7072,5.513,5.6106,8007,0
OXBR.US,D,20170726,000000,5.4652,5.6347,5.4652,5.6347,2876,0
OXBR.US,D,20170727,000000,5.5618,5.5618,5.5618,5.5618,489,0
OXBR.US,D,20170731,000000,5.5203,5.5203,5.5203,5.5203,533,0
OXBR.US,D,20170801,000000,5.513,5.5454,5.513,5.5454,2783,0
OXBR.US,D,20170802,000000,5.5617,5.5618,5.4643,5.513,7686,0
OXBR.US,D,20170803,000000,5.513,5.513,5.4642,5.4642,12197,0
OXBR.US,D,20170804,000000,5.4642,5.5659,5.4642,5.5202,4991,0
OXBR.US,D,20170807,000000,5.513,5.5594,5.4155,5.4642,5033,0
OXBR.US,D,20170808,000000,5.513,5.5618,5.4155,5.4438,4085,0
OXBR.US,D,20170809,000000,5.6584,5.6584,5.4327,5.4327,4657,0
OXBR.US,D,20170810,000000,5.3667,5.4083,5.3667,5.3667,6671,0
OXBR.US,D,20170811,000000,5.4155,5.4257,5.3667,5.3667,2584,0
OXBR.US,D,20170814,000000,5.513,5.5618,5.4155,5.4155,2599,0
OXBR.US,D,20170815,000000,5.4155,5.4945,5.3667,5.3667,1117,0
OXBR.US,D,20170816,000000,5.513,5.5617,5.4155,5.4155,21127,0
OXBR.US,D,20170817,000000,5.4643,5.4647,5.3998,5.4155,4952,0
OXBR.US,D,20170818,000000,5.4642,5.513,5.4642,5.4642,2598,0
OXBR.US,D,20170821,000000,5.5618,5.5618,5.4642,5.513,4946,0
OXBR.US,D,20170822,000000,5.5618,5.6106,5.5618,5.5623,3358,0
OXBR.US,D,20170823,000000,5.6643,5.6664,5.6643,5.6664,3708,0
OXBR.US,D,20170824,000000,5.7082,5.7082,5.7082,5.7082,1370,0
OXBR.US,D,20170825,000000,5.7082,5.8058,5.6594,5.6594,7370,0
OXBR.US,D,20170828,000000,5.8058,5.8058,5.3667,5.3667,19281,0
OXBR.US,D,20170829,000000,5.3667,5.4155,5.3667,5.4155,1586,0
OXBR.US,D,20170830,000000,5.513,5.6106,5.513,5.6106,6990,0
OXBR.US,D,20170831,000000,5.6594,5.7878,5.6106,5.6295,9275,0
OXBR.US,D,20170901,000000,5.6106,5.757,5.4642,5.4642,13664,0
OXBR.US,D,20170905,000000,5.4642,5.6106,4.0006,4.6829,109513,0
OXBR.US,D,20170906,000000,4.6836,4.8788,4.3909,4.7812,61736,0
OXBR.US,D,20170907,000000,4.6836,4.8788,4.4309,4.6105,79575,0
OXBR.US,D,20170908,000000,4.7324,5.1715,4.4397,4.7324,66831,0
OXBR.US,D,20170911,000000,5.6106,5.6594,4.83,4.9765,212557,0
OXBR.US,D,20170912,000000,4.83,4.9764,4.83,4.8788,36109,0
OXBR.US,D,20170913,000000,4.8055,5.0739,4.8055,4.9764,26216,0
OXBR.US,D,20170914,000000,5.0252,5.0252,4.3909,4.9764,35293,0
OXBR.US,D,20170915,000000,4.8788,5.0252,4.7812,4.83,7100,0
OXBR.US,D,20170918,000000,4.8788,4.8788,4.4885,4.5373,33263,0
OXBR.US,D,20170919,000000,4.6836,4.6836,4.5373,4.5373,36965,0
OXBR.US,D,20170920,000000,4.61,4.83,4.5861,4.83,46203,0
OXBR.US,D,20170921,000000,4.9,5.15,4.75,5.05,39068,0
OXBR.US,D,20170922,000000,5.001,5.001,4.7975,5,16519,0
OXBR.US,D,20170925,000000,4.9,4.9,4.55,4.65,53452,0
OXBR.US,D,20170926,000000,4.55,4.5505,4.3,4.4,77292,0
OXBR.US,D,20170927,000000,4.5,4.5,4.3001,4.4,37834,0
OXBR.US,D,20170928,000000,4.4,4.5,4.2999,4.35,27739,0
OXBR.US,D,20170929,000000,4.3,4.3,3.75,3.9,111472,0
OXBR.US,D,20171002,000000,3.6,3.7,3.3577,3.5501,106944,0
OXBR.US,D,20171003,000000,3.55,3.7437,3.55,3.6501,27039,0
OXBR.US,D,20171004,000000,3.7,3.8,3.55,3.675,22012,0
OXBR.US,D,20171005,000000,3.7914,3.9,3.6842,3.85,16139,0
OXBR.US,D,20171006,000000,3.9,4,3.75,3.8499,17433,0
OXBR.US,D,20171009,000000,3.85,3.9,3.85,3.9,13330,0
OXBR.US,D,20171010,000000,3.9,4,3.85,3.9,21244,0
OXBR.US,D,20171011,000000,4,4.115,4,4.05,16982,0
OXBR.US,D,20171012,000000,4.05,4.1,3.9997,4.05,11928,0
OXBR.US,D,20171013,000000,4,4.15,4,4.15,12897,0
OXBR.US,D,20171016,000000,4,4.189,3.95,4.05,26996,0
OXBR.US,D,20171017,000000,4.1,4.2165,3.9,3.95,11018,0
OXBR.US,D,20171018,000000,4,4.149,3.7,3.7,26251,0
OXBR.US,D,20171019,000000,3.75,3.75,3.65,3.7,9448,0
OXBR.US,D,20171020,000000,3.8,3.8,3.55,3.65,11387,0
OXBR.US,D,20171023,000000,3.65,3.65,3.25,3.3,45281,0
OXBR.US,D,20171024,000000,3.35,3.45,3.25,3.25,11431,0
OXBR.US,D,20171025,000000,3.3,3.5205,3.25,3.25,10907,0
OXBR.US,D,20171026,000000,3.3,3.3,3.15,3.2,4496,0
OXBR.US,D,20171027,000000,3.2,3.2,3.05,3.1,25060,0
OXBR.US,D,20171030,000000,3.35,3.3505,3.0501,3.1,59652,0
OXBR.US,D,20171031,000000,3.1,3.1999,3.05,3.1,5706,0
OXBR.US,D,20171101,000000,3.105,3.2,3.05,3.1,6055,0
OXBR.US,D,20171102,000000,3.1,3.1999,3.05,3.1999,6476,0
OXBR.US,D,20171103,000000,3.25,3.25,3.15,3.2,9233,0
OXBR.US,D,20171106,000000,3.3,3.3,3.15,3.2,13659,0
OXBR.US,D,20171107,000000,3.2,3.4673,3.1573,3.35,19734,0
OXBR.US,D,20171108,000000,3.45,3.75,3.3001,3.4,19832,0
OXBR.US,D,20171109,000000,3.4,3.45,3.3,3.3,22906,0
OXBR.US,D,20171110,000000,3.35,3.35,3,3.225,37353,0
OXBR.US,D,20171113,000000,3.05,3.4,3.05,3.25,24016,0
OXBR.US,D,20171114,000000,3.35,3.35,3.25,3.2999,4588,0
OXBR.US,D,20171115,000000,3.2,3.2,2.3,2.9999,178038,0
OXBR.US,D,20171116,000000,3,3,2.6613,2.75,22848,0
OXBR.US,D,20171117,000000,2.7066,2.8,2.45,2.6,30483,0
OXBR.US,D,20171120,000000,2.75,2.75,2.575,2.581,11694,0
OXBR.US,D,20171121,000000,2.65,2.65,2.5,2.65,50129,0
OXBR.US,D,20171122,000000,2.65,2.75,2.538,2.6239,16852,0
OXBR.US,D,20171124,000000,2.687,2.687,2.55,2.65,10339,0
OXBR.US,D,20171127,000000,2.5896,2.7,2.54,2.6,18344,0
OXBR.US,D,20171128,000000,2.6,2.6427,2.488,2.5,19580,0
OXBR.US,D,20171129,000000,2.5377,2.649,2.4584,2.5125,17978,0
OXBR.US,D,20171130,000000,2.55,2.5805,2.45,2.487,37344,0
OXBR.US,D,20171201,000000,2.4196,2.5,2.4,2.4,6825,0
OXBR.US,D,20171204,000000,2.5,2.549,2.2,2.201,77614,0
OXBR.US,D,20171205,000000,2.2,2.339,2.2,2.2422,21570,0
OXBR.US,D,20171206,000000,2.249,2.4377,2.225,2.25,59689,0
OXBR.US,D,20171207,000000,2.35,2.3954,2.2,2.3115,34296,0
OXBR.US,D,20171208,000000,2.4,2.4,2.3,2.35,6992,0
OXBR.US,D,20171211,000000,2.35,2.3745,2.25,2.2925,14256,0
OXBR.US,D,20171212,000000,2.3069,2.8,2.302,2.4,156640,0
OXBR.US,D,20171213,000000,2.5,2.5,2.3,2.4,31709,0
OXBR.US,D,20171214,000000,2.35,2.45,2.35,2.4,7788,0
OXBR.US,D,20171215,000000,2.4,2.4499,2.25,2.25,29549,0
OXBR.US,D,20171218,000000,2.4,2.4,2.2001,2.25,57498,0
OXBR.US,D,20171219,000000,2.2001,2.4,2.0001,2.35,39725,0
OXBR.US,D,20171220,000000,2.35,2.35,2.2,2.2185,5633,0
OXBR.US,D,20171221,000000,2.25,2.25,2.1052,2.15,13286,0
OXBR.US,D,20171222,000000,2.2,2.2,2.15,2.2,21222,0
OXBR.US,D,20171226,000000,2.2,2.212,2.15,2.151,33661,0
OXBR.US,D,20171227,000000,2.15,2.2,2.1,2.2,73946,0
OXBR.US,D,20171228,000000,2.2,2.25,2.05,2.1,82963,0
OXBR.US,D,20171229,000000,2.0732,2.15,1.85,2.15,66800,0
OXBR.US,D,20180102,000000,2.15,2.35,2.15,2.2,27024,0
OXBR.US,D,20180103,000000,2.151,2.249,2.1,2.15,15845,0
OXBR.US,D,20180104,000000,2.05,2.325,2.05,2.2,18934,0
OXBR.US,D,20180105,000000,2.25,2.25,2.15,2.15,17426,0
OXBR.US,D,20180108,000000,2.3,2.3,2.15,2.2,37298,0
OXBR.US,D,20180109,000000,2.2,2.2446,2.2,2.2,15812,0
OXBR.US,D,20180110,000000,2.2473,2.25,2.15,2.212,28157,0
OXBR.US,D,20180111,000000,2.2,2.2,2.151,2.1999,3934,0
OXBR.US,D,20180112,000000,2.2,2.25,2.15,2.2001,10534,0
OXBR.US,D,20180116,000000,2.2,2.4,2.2,2.3,192539,0
OXBR.US,D,20180117,000000,2.3,2.325,2.25,2.2877,32083,0
OXBR.US,D,20180118,000000,2.2545,2.3444,2.252,2.3001,2336,0
OXBR.US,D,20180119,000000,2.3,2.35,2.25,2.3,9470,0
OXBR.US,D,20180122,000000,2.3,2.3,2.25,2.25,3913,0
OXBR.US,D,20180123,000000,2.25,2.299,2.25,2.2665,5267,0
OXBR.US,D,20180124,000000,2.25,2.35,2.25,2.35,28004,0
OXBR.US,D,20180125,000000,2.3199,2.3422,2.2921,2.2921,3957,0
OXBR.US,D,20180126,000000,2.25,2.3,2.25,2.251,14115,0
OXBR.US,D,20180129,000000,2.25,2.3,2.25,2.3,10377,0
OXBR.US,D,20180130,000000,2.25,2.3465,2.25,2.25,13742,0
OXBR.US,D,20180131,000000,2.35,2.6,2.25,2.4,59987,0
OXBR.US,D,20180201,000000,2.372,2.6511,2.35,2.5939,243931,0
OXBR.US,D,20180202,000000,2.6,3,2.35,2.4,130654,0
OXBR.US,D,20180205,000000,2.35,2.3691,2.25,2.3,53849,0
OXBR.US,D,20180206,000000,2.25,2.35,2.25,2.35,29570,0
OXBR.US,D,20180207,000000,2.3742,2.3742,2.3742,2.3742,1970,0
OXBR.US,D,20180208,000000,2.3,2.3995,2.25,2.2501,11599,0
OXBR.US,D,20180209,000000,2.25,2.3,2.2,2.25,20153,0
OXBR.US,D,20180212,000000,2.25,2.2956,2.2001,2.25,23064,0
OXBR.US,D,20180213,000000,2.35,2.45,2.35,2.45,16774,0
OXBR.US,D,20180214,000000,2.4,2.4443,2.35,2.3501,5106,0
OXBR.US,D,20180215,000000,2.3501,2.4,2.3501,2.4,981,0
OXBR.US,D,20180216,000000,2.355,2.3663,2.3,2.3,5732,0
OXBR.US,D,20180220,000000,2.35,2.35,2.2,2.25,14585,0
OXBR.US,D,20180221,000000,2.2001,2.25,2.2,2.25,7348,0
OXBR.US,D,20180222,000000,2.25,2.25,2.2,2.2,911,0
OXBR.US,D,20180223,000000,2.2,2.3,2.2,2.2465,14882,0
OXBR.US,D,20180226,000000,2.2628,2.2628,2.1543,2.1543,5286,0
OXBR.US,D,20180227,000000,2.15,2.15,2,2.101,22304,0
OXBR.US,D,20180228,000000,2.05,2.1499,2.05,2.1,3520,0
OXBR.US,D,20180301,000000,2.052,2.149,2.05,2.1,1811,0
OXBR.US,D,20180302,000000,2.0625,2.0675,2.05,2.05,2449,0
OXBR.US,D,20180305,000000,2.05,2.1,2.05,2.05,2254,0
OXBR.US,D,20180306,000000,2.05,2.0999,2.05,2.05,3025,0
OXBR.US,D,20180307,000000,2.1,2.15,2.1,2.15,12900,0
OXBR.US,D,20180308,000000,2.2,2.3,2.2,2.3,3227,0
OXBR.US,D,20180309,000000,2.2,2.35,2.2,2.35,3199,0
OXBR.US,D,20180312,000000,2.25,2.3113,2.2,2.2,5473,0
OXBR.US,D,20180313,000000,2.3,2.349,2.2519,2.349,5070,0
OXBR.US,D,20180314,000000,2.266,2.4,2.2499,2.4,16861,0
OXBR.US,D,20180315,000000,2.45,2.45,2.3046,2.35,13370,0
OXBR.US,D,20180316,000000,2.3279,2.4,2.3279,2.4,4516,0
OXBR.US,D,20180319,000000,2.4,2.4,2.35,2.4,6032,0
OXBR.US,D,20180320,000000,2.302,2.4,2.302,2.4,1579,0
OXBR.US,D,20180321,000000,2.3345,2.3345,2.3345,2.3345,2409,0
OXBR.US,D,20180322,000000,2.3,2.3,2.25,2.25,5219,0
OXBR.US,D,20180323,000000,2.3,2.3,2.2,2.2001,6199,0
OXBR.US,D,20180326,000000,2.2,2.25,2.2,2.25,2853,0
OXBR.US,D,20180327,000000,2.2,2.3,2.2,2.261,12913,0
OXBR.US,D,20180328,000000,2.25,2.3,2.25,2.2613,1436,0
OXBR.US,D,20180329,000000,2.25,2.251,2.25,2.251,468,0
OXBR.US,D,20180402,000000,2.3,2.35,2.2903,2.35,14288,0
OXBR.US,D,20180403,000000,2.301,2.3062,2.25,2.25,14867,0
OXBR.US,D,20180404,000000,2.2272,2.2613,2.2,2.25,10298,0
OXBR.US,D,20180405,000000,2.2501,2.3,2.25,2.3,9501,0
OXBR.US,D,20180406,000000,2.251,2.2623,2.25,2.25,5202,0
OXBR.US,D,20180409,000000,2.25,2.25,2.1063,2.1063,6099,0
OXBR.US,D,20180410,000000,2.15,2.15,2,2.0603,25498,0
OXBR.US,D,20180411,000000,2.05,2.05,1.85,2.05,32790,0
OXBR.US,D,20180412,000000,2.05,2.2,2.05,2.2,3203,0
OXBR.US,D,20180413,000000,2.1,2.15,2.1,2.15,500,0
OXBR.US,D,20180416,000000,2.1748,2.1748,2.15,2.1501,3057,0
OXBR.US,D,20180417,000000,2.1,2.15,2.0501,2.15,4517,0
OXBR.US,D,20180418,000000,2.15,2.15,2.0501,2.0846,1870,0
OXBR.US,D,20180419,000000,2.05,2.0747,2.05,2.05,4081,0
OXBR.US,D,20180420,000000,2.051,2.085,2.051,2.0748,2338,0
OXBR.US,D,20180423,000000,2.15,2.15,2.05,2.05,2395,0
OXBR.US,D,20180424,000000,2.05,2.0541,2.05,2.05,4615,0
OXBR.US,D,20180425,000000,2.1,2.1,2.0847,2.0897,5489,0
OXBR.US,D,20180426,000000,2.05,2.0897,2.05,2.0501,1039,0
OXBR.US,D,20180427,000000,2.05,2.05,2.05,2.05,307,0
OXBR.US,D,20180430,000000,2.0501,2.0897,2.05,2.05,2750,0
OXBR.US,D,20180502,000000,2.05,2.1,2.05,2.05,11702,0
OXBR.US,D,20180503,000000,2.0887,2.1,2.0541,2.0588,1413,0
OXBR.US,D,20180504,000000,2.05,2.0505,2.05,2.0505,4450,0
OXBR.US,D,20180507,000000,2.05,2.1,2.05,2.05,4191,0
OXBR.US,D,20180508,000000,2.0613,2.0613,2.05,2.05,1900,0
OXBR.US,D,20180509,000000,2.05,2.05,2.05,2.05,3219,0
OXBR.US,D,20180510,000000,2.05,2.1,2.05,2.1,1017,0
OXBR.US,D,20180511,000000,2.05,2.1,2.05,2.1,2845,0
OXBR.US,D,20180514,000000,2.05,2.05,2.05,2.05,117,0
OXBR.US,D,20180515,000000,2.1,2.1,2.001,2.099,5396,0
OXBR.US,D,20180516,000000,1.95,2.1,1.9,1.9,18852,0
OXBR.US,D,20180517,000000,1.984,1.984,1.9,1.95,1378,0
OXBR.US,D,20180518,000000,1.9105,1.9499,1.65,1.6857,14709,0
OXBR.US,D,20180521,000000,1.7,1.7499,1.6,1.6442,17492,0
OXBR.US,D,20180522,000000,1.6,1.7,1.6,1.65,8346,0
OXBR.US,D,20180523,000000,1.7,1.7,1.6999,1.6999,1943,0
OXBR.US,D,20180524,000000,1.6,1.6507,1.6,1.65,4815,0
OXBR.US,D,20180529,000000,1.6583,1.6583,1.65,1.65,647,0
OXBR.US,D,20180530,000000,1.65,1.65,1.6,1.6,1654,0
OXBR.US,D,20180531,000000,1.646,1.65,1.55,1.55,7906,0
OXBR.US,D,20180601,000000,1.55,1.65,1.55,1.55,6454,0
OXBR.US,D,20180604,000000,1.55,1.6,1.5,1.5,25022,0
OXBR.US,D,20180605,000000,1.6,1.6,1.3,1.35,23208,0
OXBR.US,D,20180606,000000,1.25,1.35,1.25,1.3075,23530,0
OXBR.US,D,20180607,000000,1.2,2.1,1,1.55,635719,0
OXBR.US,D,20180608,000000,1.5,1.9,1.2757,1.9,61561,0
OXBR.US,D,20180611,000000,1.95,1.95,1.7001,1.775,35254,0
OXBR.US,D,20180612,000000,1.8,1.9,1.75,1.85,11123,0
OXBR.US,D,20180613,000000,1.85,1.95,1.7,1.95,15144,0
OXBR.US,D,20180614,000000,1.95,1.95,1.65,1.8,34769,0
OXBR.US,D,20180615,000000,1.8,1.95,1.8,1.9,17195,0
OXBR.US,D,20180618,000000,1.9,1.95,1.8,1.95,15168,0
OXBR.US,D,20180619,000000,1.95,1.95,1.8,1.95,8844,0
OXBR.US,D,20180620,000000,1.95,1.95,1.8,1.8,2245,0
OXBR.US,D,20180621,000000,1.75,1.9,1.6819,1.9,24570,0
OXBR.US,D,20180622,000000,1.8045,1.9,1.8045,1.9,2924,0
OXBR.US,D,20180625,000000,1.95,1.95,1.7,1.95,3226,0
OXBR.US,D,20180626,000000,1.95,1.95,1.7,1.8,3613,0
OXBR.US,D,20180627,000000,1.7553,1.8905,1.7,1.7,3033,0
OXBR.US,D,20180628,000000,1.85,1.85,1.75,1.75,789,0
OXBR.US,D,20180629,000000,1.75,1.8499,1.7,1.75,20504,0
OXBR.US,D,20180702,000000,1.75,1.75,1.7,1.75,527,0
OXBR.US,D,20180703,000000,1.8,1.8,1.8,1.8,1658,0
OXBR.US,D,20180705,000000,1.849,1.95,1.75,1.85,18932,0
OXBR.US,D,20180706,000000,1.8,1.85,1.8,1.8002,2549,0
OXBR.US,D,20180709,000000,1.7,1.85,1.6,1.693,22541,0
OXBR.US,D,20180710,000000,1.755,1.8,1.701,1.775,13772,0
OXBR.US,D,20180711,000000,1.7,1.8,1.65,1.8,7884,0
OXBR.US,D,20180712,000000,1.741,1.7905,1.7051,1.7051,1036,0
OXBR.US,D,20180716,000000,1.7015,1.7015,1.7015,1.7015,3114,0
OXBR.US,D,20180717,000000,1.65,1.75,1.6,1.75,10459,0
OXBR.US,D,20180718,000000,1.6501,1.7,1.65,1.65,4808,0
OXBR.US,D,20180719,000000,1.7,1.7579,1.65,1.75,2720,0
OXBR.US,D,20180720,000000,1.6583,1.6583,1.6535,1.6535,443,0
OXBR.US,D,20180723,000000,1.6,1.6075,1.6,1.6,1951,0
OXBR.US,D,20180724,000000,1.7412,1.7412,1.603,1.6825,2479,0
OXBR.US,D,20180725,000000,1.6966,1.6966,1.6,1.63,1590,0
OXBR.US,D,20180726,000000,1.603,1.6557,1.603,1.6527,2069,0
OXBR.US,D,20180730,000000,1.65,1.65,1.5578,1.58,10741,0
OXBR.US,D,20180731,000000,1.6,1.7,1.6,1.7,470,0
OXBR.US,D,20180801,000000,1.651,1.651,1.651,1.651,544,0
OXBR.US,D,20180802,000000,1.75,1.85,1.653,1.75,32276,0
OXBR.US,D,20180803,000000,1.85,3,1.841,2.3,4043761,0
OXBR.US,D,20180806,000000,2,2.1,1.85,2.1,229593,0
OXBR.US,D,20180807,000000,2,2.1,1.85,2,74194,0
OXBR.US,D,20180808,000000,1.7,2,1.7,1.9975,40233,0
OXBR.US,D,20180809,000000,2,2.099,1.8501,2.095,27593,0
OXBR.US,D,20180810,000000,2.1,2.1,2,2.0887,17050,0
OXBR.US,D,20180813,000000,2.1,2.1,1.95,2.05,9719,0
OXBR.US,D,20180814,000000,2,2,1.8501,1.9,18757,0
OXBR.US,D,20180815,000000,1.95,2,1.856,1.9077,9026,0
OXBR.US,D,20180816,000000,1.9598,2,1.9,1.95,22633,0
OXBR.US,D,20180817,000000,2,2.05,1.994,2,15474,0
OXBR.US,D,20180820,000000,1.962,1.962,1.8857,1.8857,33919,0
OXBR.US,D,20180821,000000,1.75,1.9077,1.75,1.9,11038,0
OXBR.US,D,20180822,000000,1.8,1.9,1.75,1.85,2042,0
OXBR.US,D,20180823,000000,1.8802,1.9402,1.75,1.8,21717,0
OXBR.US,D,20180824,000000,1.75,1.9,1.75,1.85,8634,0
OXBR.US,D,20180827,000000,1.9,1.9,1.85,1.8603,3676,0
OXBR.US,D,20180828,000000,1.85,1.9,1.801,1.8562,3397,0
OXBR.US,D,20180829,000000,1.85,1.85,1.8001,1.8001,1046,0
OXBR.US,D,20180830,000000,1.8438,1.8438,1.75,1.8,3082,0
OXBR.US,D,20180831,000000,1.845,1.85,1.762,1.85,3135,0
OXBR.US,D,20180904,000000,1.75,1.9067,1.75,1.9,14431,0
OXBR.US,D,20180905,000000,1.75,1.95,1.75,1.95,11081,0
OXBR.US,D,20180906,000000,1.9,1.95,1.9,1.9,5964,0
OXBR.US,D,20180907,000000,1.9,1.9,1.818,1.818,1770,0
OXBR.US,D,20180910,000000,1.8923,2.05,1.8923,2.05,24680,0
OXBR.US,D,20180911,000000,2.05,2.5,2,2.4,73297,0
OXBR.US,D,20180912,000000,2.45,2.4601,2.25,2.4,45331,0
OXBR.US,D,20180913,000000,2.3324,2.4499,1.95,1.95,84374,0
OXBR.US,D,20180914,000000,1.9,2.3,1.7035,1.95,43495,0
OXBR.US,D,20180917,000000,1.95,2.25,1.95,2.25,39262,0
OXBR.US,D,20180918,000000,2,2.225,2,2.1,18925,0
OXBR.US,D,20180919,000000,2.15,2.15,2,2.05,14367,0
OXBR.US,D,20180920,000000,2.05,2.1,2,2,15679,0
OXBR.US,D,20180921,000000,2.05,2.1,1.9,1.95,40401,0
OXBR.US,D,20180924,000000,1.95,1.95,1.8,1.8,35503,0
OXBR.US,D,20180925,000000,1.85,1.85,1.65,1.65,35075,0
OXBR.US,D,20180926,000000,1.65,1.8217,1.65,1.75,13310,0
OXBR.US,D,20180927,000000,1.65,2,1.6,1.85,67463,0
OXBR.US,D,20180928,000000,1.8,1.9499,1.8,1.85,25763,0
OXBR.US,D,20181001,000000,1.855,1.9103,1.78,1.8,16176,0
OXBR.US,D,20181002,000000,1.9015,1.9015,1.7209,1.73,5064,0
OXBR.US,D,20181003,000000,1.8355,1.8355,1.56,1.6989,50977,0
OXBR.US,D,20181004,000000,1.73,1.775,1.64,1.65,5730,0
OXBR.US,D,20181005,000000,1.6,1.7309,1.35,1.42,66519,0
OXBR.US,D,20181008,000000,1.44,1.4627,1.41,1.44,10616,0
OXBR.US,D,20181009,000000,1.43,1.4892,1.4,1.4,808,0
OXBR.US,D,20181010,000000,1.41,1.42,1.4,1.42,1483,0
OXBR.US,D,20181011,000000,1.41,1.413,1.35,1.35,11091,0
OXBR.US,D,20181012,000000,1.36,1.36,1.15,1.32,23422,0
OXBR.US,D,20181015,000000,1.3,1.3,1.2,1.21,18989,0
OXBR.US,D,20181016,000000,1.21,1.3471,1.16,1.2,9791,0
OXBR.US,D,20181017,000000,1.16,1.27,1.1,1.25,30331,0
OXBR.US,D,20181018,000000,1.25,1.25,1.09,1.09,10897,0
OXBR.US,D,20181019,000000,1.15,1.2,1.14,1.2,13607,0
OXBR.US,D,20181022,000000,1.19,1.6,1.19,1.28,153334,0
OXBR.US,D,20181023,000000,1.28,1.3852,1.0965,1.11,43731,0
OXBR.US,D,20181024,000000,1.15,1.16,1.05,1.05,19108,0
OXBR.US,D,20181025,000000,1.1122,1.3739,1.06,1.18,80234,0
OXBR.US,D,20181026,000000,1.12,1.26,1.09,1.09,26970,0
OXBR.US,D,20181029,000000,1.0974,1.17,1.05,1.05,5276,0
OXBR.US,D,20181030,000000,1.07,1.13,1.03,1.03,7942,0
OXBR.US,D,20181031,000000,1.0439,1.3799,1.03,1.1055,71069,0
OXBR.US,D,20181101,000000,1.17,1.17,1.11,1.11,1578,0
OXBR.US,D,20181102,000000,1.1667,1.1667,1.1156,1.13,1417,0
OXBR.US,D,20181105,000000,1.1,1.28,1.05,1.17,15164,0
OXBR.US,D,20181106,000000,1.17,1.17,1.0999,1.15,4508,0
OXBR.US,D,20181107,000000,1.14,1.16,1.12,1.12,1851,0
OXBR.US,D,20181108,000000,1.19,1.19,1.05,1.07,5440,0
OXBR.US,D,20181109,000000,1.101,1.1385,1.101,1.1385,2006,0
OXBR.US,D,20181112,000000,1.1499,1.1499,1.05,1.05,1451,0
OXBR.US,D,20181113,000000,1.05,1.1,1.05,1.06,1737,0
OXBR.US,D,20181114,000000,1.142,1.68,1.07,1.11,1090555,0
OXBR.US,D,20181115,000000,1.15,1.23,1.02,1.2264,130742,0
OXBR.US,D,20181116,000000,1.2,1.2,1.0501,1.19,13305,0
OXBR.US,D,20181119,000000,1.19,1.19,1.07,1.1399,20413,0
OXBR.US,D,20181120,000000,1.0785,1.2137,1.07,1.08,14453,0
OXBR.US,D,20181121,000000,1.1016,1.2,1.0701,1.08,8495,0
OXBR.US,D,20181123,000000,1.111,1.111,0.9313,0.9975,32301,0
OXBR.US,D,20181126,000000,1.14,1.14,0.9518,1,35813,0
OXBR.US,D,20181127,000000,1.0001,1.01,0.872,0.93,13362,0
OXBR.US,D,20181128,000000,1,1,0.8208,0.93,20388,0
OXBR.US,D,20181129,000000,0.95,0.95,0.93,0.94,3993,0
OXBR.US,D,20181130,000000,0.94,0.94,0.9,0.9,6069,0
OXBR.US,D,20181203,000000,0.924,0.928,0.862,0.92,9513,0
OXBR.US,D,20181204,000000,0.95,0.95,0.9,0.9001,3033,0
OXBR.US,D,20181206,000000,0.9436,0.9436,0.85,0.87,10791,0
OXBR.US,D,20181207,000000,0.9,0.945,0.7553,0.782,30552,0
OXBR.US,D,20181210,000000,0.75,0.84,0.7,0.84,5820,0
OXBR.US,D,20181211,000000,0.7055,0.8442,0.7055,0.8301,26015,0
OXBR.US,D,20181212,000000,0.8035,0.84436,0.8,0.83,8103,0
OXBR.US,D,20181213,000000,0.85,0.85,0.754,0.81,11059,0
OXBR.US,D,20181214,000000,0.85,0.8539,0.75,0.8118,5633,0
OXBR.US,D,20181217,000000,0.888,0.8883,0.72,0.72,12454,0
OXBR.US,D,20181218,000000,0.72,0.75,0.702,0.75,42869,0
OXBR.US,D,20181219,000000,0.85,0.85,0.7,0.71,5483,0
OXBR.US,D,20181220,000000,0.65696,0.706,0.61,0.62,24343,0
OXBR.US,D,20181221,000000,0.68,0.7074,0.5889,0.5889,7301,0
OXBR.US,D,20181224,000000,0.6131,0.6437,0.54,0.54,22224,0
OXBR.US,D,20181226,000000,0.54,0.62,0.51,0.57,16071,0
OXBR.US,D,20181227,000000,0.62,0.6821,0.55,0.66,7564,0
OXBR.US,D,20181228,000000,0.6209,0.7459,0.6109,0.622,15964,0
OXBR.US,D,20181231,000000,0.56,0.67,0.56,0.63,22007,0
OXBR.US,D,20190102,000000,0.67,0.7901,0.65,0.79,25790,0
OXBR.US,D,20190103,000000,0.7901,0.82,0.79,0.81,7177,0
OXBR.US,D,20190104,000000,0.79924,0.8,0.79,0.8,4551,0
OXBR.US,D,20190107,000000,0.88,1.01,0.88,1,36555,0
OXBR.US,D,20190108,000000,1.05,1.05,1.03,1.05,3713,0
OXBR.US,D,20190109,000000,0.9271,0.995,0.9271,0.995,3106,0
OXBR.US,D,20190111,000000,1,1,1,1,799,0
OXBR.US,D,20190114,000000,1.05,1.14,1.05,1.0953,15062,0
OXBR.US,D,20190115,000000,1.08,1.08,1.05,1.05,2978,0
OXBR.US,D,20190116,000000,1.05,1.05,1.0201,1.0201,1086,0
OXBR.US,D,20190117,000000,0.87,1.05,0.87,1,13748,0
OXBR.US,D,20190118,000000,0.9548,1.05,0.9548,1,5009,0
OXBR.US,D,20190122,000000,1.14,1.14,0.9201,1,32800,0
OXBR.US,D,20190123,000000,0.95,1.05,0.95,1.0133,8191,0
OXBR.US,D,20190124,000000,1,1,1,1,128,0
OXBR.US,D,20190125,000000,1.06,1.17,1,1,5105,0
OXBR.US,D,20190128,000000,1.03,1.0905,1.02,1.02,1149,0
OXBR.US,D,20190129,000000,1,1.01,0.96,0.9601,21118,0
OXBR.US,D,20190130,000000,1,1.0691,1,1.0691,708,0
OXBR.US,D,20190131,000000,1.1,1.1,0.98,0.98,16089,0
OXBR.US,D,20190201,000000,1,1,1,1,851,0
OXBR.US,D,20190204,000000,1,1.0525,1,1,1127,0
OXBR.US,D,20190205,000000,1,1.05,1,1,1331,0
OXBR.US,D,20190207,000000,1.0376,1.0376,1.0376,1.0376,165,0
OXBR.US,D,20190208,000000,0.87,0.98,0.87,0.98,3144,0
OXBR.US,D,20190211,000000,0.9,1.01,0.9,1.01,4921,0
OXBR.US,D,20190212,000000,0.99,1.1,0.99,1.1,17875,0
OXBR.US,D,20190213,000000,1.13,1.25,1.075,1.16,14392,0
OXBR.US,D,20190214,000000,1.15,1.45,1.15,1.4,54236,0
OXBR.US,D,20190215,000000,1.6,1.6834,1.03,1.1,96475,0
OXBR.US,D,20190219,000000,1.14,1.14,0.944,1,20515,0
OXBR.US,D,20190220,000000,1.04,1.06,1.01,1.02,13976,0
OXBR.US,D,20190221,000000,1.018,1.04,0.93,1,9596,0
OXBR.US,D,20190222,000000,1.02,1.02,1.02,1.02,706,0
OXBR.US,D,20190225,000000,0.9427,0.9827,0.87,0.9826,7442,0
OXBR.US,D,20190226,000000,0.9548,0.9851,0.9548,0.96,7440,0
OXBR.US,D,20190227,000000,0.99,0.99,0.95,0.9527,11714,0
OXBR.US,D,20190228,000000,0.966,0.966,0.93,0.93,2469,0
OXBR.US,D,20190301,000000,0.9548,0.9548,0.9476,0.9476,3484,0
OXBR.US,D,20190304,000000,0.9,0.9548,0.9,0.9,6357,0
OXBR.US,D,20190305,000000,0.9,0.9,0.85,0.86,2073,0
OXBR.US,D,20190306,000000,0.8868,0.8971,0.8868,0.89,7197,0
OXBR.US,D,20190307,000000,0.904,0.93,0.85,0.85,6827,0
OXBR.US,D,20190308,000000,0.9,1,0.86,1,30054,0
OXBR.US,D,20190311,000000,1,1,0.86,0.9501,31578,0
OXBR.US,D,20190312,000000,0.9701,0.9749,0.97,0.97,1600,0
OXBR.US,D,20190313,000000,0.86514,0.9797,0.86514,0.9531,3636,0
OXBR.US,D,20190314,000000,0.99,2.93,0.9795,1.48,8728484,0
OXBR.US,D,20190315,000000,1.25,1.3499,1.13,1.25,372066,0
OXBR.US,D,20190318,000000,1.2,1.27,1.09,1.19,131690,0
OXBR.US,D,20190319,000000,1.15,1.15,1.03,1.09,100112,0
OXBR.US,D,20190320,000000,1.07,1.08,0.9,0.93,100490,0
OXBR.US,D,20190321,000000,0.94,0.96,0.92578,0.93,18958,0
OXBR.US,D,20190322,000000,0.98,0.98,0.94,0.95,27573,0
OXBR.US,D,20190325,000000,0.87,1.15,0.87,0.9566,196993,0
OXBR.US,D,20190326,000000,0.947,1.37,0.94,1.17,464264,0
OXBR.US,D,20190327,000000,1.17,1.45,1.13,1.18,311187,0
OXBR.US,D,20190328,000000,1.17,1.2641,1.1,1.1,50081,0
OXBR.US,D,20190329,000000,1.14,1.15,1.1,1.1,22164,0
OXBR.US,D,20190401,000000,1.1,1.2648,1.1,1.1412,21350,0
OXBR.US,D,20190402,000000,1.17,1.6,1.1412,1.38,345092,0
OXBR.US,D,20190403,000000,1.39,1.55,1.37,1.45,105710,0
OXBR.US,D,20190404,000000,1.42,1.52,1.3175,1.33,31362,0
OXBR.US,D,20190405,000000,1.25,1.38,1.24,1.31,36423,0
OXBR.US,D,20190408,000000,1.34,1.3999,1.3118,1.37,26319,0
OXBR.US,D,20190409,000000,1.37,1.42,1.37,1.4,20825,0
OXBR.US,D,20190410,000000,1.43,1.57,1.43,1.47,12705,0
OXBR.US,D,20190411,000000,1.46,1.5,1.3,1.3,16960,0
OXBR.US,D,20190412,000000,1.483,1.483,1.26,1.26,5275,0
OXBR.US,D,20190415,000000,1.29,1.39,1.1609,1.28,47969,0
OXBR.US,D,20190416,000000,1.3,1.34,1.2,1.26,43601,0
OXBR.US,D,20190417,000000,1.28,1.28,1.2371,1.28,1540,0
OXBR.US,D,20190418,000000,1.29,1.29,1.1501,1.28,16288,0
OXBR.US,D,20190422,000000,1.15,1.232,1.0623,1.12,32497,0
OXBR.US,D,20190423,000000,1.13,1.27,1.13,1.15,10365,0
OXBR.US,D,20190424,000000,1.17,1.21,1.13,1.17,11506,0
OXBR.US,D,20190425,000000,1.15,1.1646,1.05,1.05,1821,0
OXBR.US,D,20190426,000000,1.05,1.1149,1.05,1.11,8488,0
OXBR.US,D,20190429,000000,1.11,1.11,1.05,1.05,16191,0
OXBR.US,D,20190430,000000,1.08,1.36,1.03,1.36,89639,0
OXBR.US,D,20190501,000000,1.31,1.314,1.12,1.21,20922,0
OXBR.US,D,20190502,000000,1.2416,1.29,1.2127,1.29,13597,0
OXBR.US,D,20190503,000000,1.28,1.28,1.1101,1.21,12115,0
OXBR.US,D,20190506,000000,1.24,1.24,1.15,1.15,2791,0
OXBR.US,D,20190507,000000,1.15,1.2243,1.15,1.22,2757,0
OXBR.US,D,20190508,000000,1.22,1.22,1.1523,1.219,3468,0
OXBR.US,D,20190509,000000,1.1636,1.1636,1.1636,1.1636,275,0
OXBR.US,D,20190510,000000,1.16,1.2262,1.1554,1.16,1357,0
OXBR.US,D,20190513,000000,1.21,1.23,1.1613,1.17,6183,0
OXBR.US,D,20190514,000000,1.19,1.22,1.16,1.1658,2509,0
OXBR.US,D,20190515,000000,1.18,1.1998,1.16,1.18,13724,0
OXBR.US,D,20190516,000000,1.2,1.2393,1.2,1.2,9478,0
OXBR.US,D,20190517,000000,1.2,1.2933,1.2,1.2512,6448,0
OXBR.US,D,20190520,000000,1.2027,1.2301,1.2027,1.2301,6135,0
OXBR.US,D,20190521,000000,1.19,1.19,1.16,1.16,4394,0
OXBR.US,D,20190522,000000,1.14,1.15,1.1,1.11,9227,0
OXBR.US,D,20190523,000000,1.1,1.1516,1.1,1.1516,1026,0
OXBR.US,D,20190524,000000,1.1055,1.1055,1.1055,1.1055,286,0
OXBR.US,D,20190528,000000,1.1259,1.164,1.1259,1.164,252,0
OXBR.US,D,20190529,000000,1.15,1.1612,1.15,1.1612,413,0
OXBR.US,D,20190530,000000,1.12,1.2464,1.12,1.21,2599,0
OXBR.US,D,20190531,000000,1.1,1.1,1.1,1.1,267,0
OXBR.US,D,20190603,000000,1.1,1.14,1.1,1.14,1839,0
OXBR.US,D,20190604,000000,1.11,1.11,1.11,1.11,316,0
OXBR.US,D,20190605,000000,1.0239,1.11,1.01,1.02,6786,0
OXBR.US,D,20190606,000000,1.1,1.1,1.05,1.05,1943,0
OXBR.US,D,20190607,000000,1.1,1.1357,1.1,1.1348,3164,0
OXBR.US,D,20190610,000000,1.1001,1.1001,1.1001,1.1001,266,0
OXBR.US,D,20190611,000000,1.11,1.6422,1.11,1.37,281919,0
OXBR.US,D,20190612,000000,1.38,1.3996,1.1501,1.27,32232,0
OXBR.US,D,20190613,000000,1.35,1.35,1.1002,1.21,6082,0
OXBR.US,D,20190614,000000,1.2,1.25,1.2,1.24,5750,0
OXBR.US,D,20190617,000000,1.21,1.21,1.12,1.12,4763,0
OXBR.US,D,20190618,000000,1.14,1.19,1.08,1.17,9470,0
OXBR.US,D,20190619,000000,1.16,1.21,1.16,1.18,929,0
OXBR.US,D,20190620,000000,1.1001,1.1056,1.05,1.05,1757,0
OXBR.US,D,20190621,000000,1.1,1.1296,1.0747,1.08,4076,0
OXBR.US,D,20190624,000000,1.1,1.1,0.9565,0.9565,6249,0
OXBR.US,D,20190625,000000,1.0999,2.55,1.0799,1.34,13475570,0
OXBR.US,D,20190626,000000,1.2,1.28,1.12,1.25,469440,0
OXBR.US,D,20190627,000000,1.23,1.24,1.1,1.1,125529,0
OXBR.US,D,20190628,000000,1.15,1.24,1.1004,1.16,63410,0
OXBR.US,D,20190701,000000,1.16,1.16,1.04,1.06,39586,0
OXBR.US,D,20190702,000000,1.1,1.46,1.05,1.1,410124,0
OXBR.US,D,20190703,000000,1.1,1.1799,1.1,1.13,40296,0
OXBR.US,D,20190705,000000,1.12,1.17,1.05,1.11,18292,0
OXBR.US,D,20190708,000000,1.1,1.1452,1.07,1.07,26832,0
OXBR.US,D,20190709,000000,1.1,1.14,1.03,1.07,24303,0
OXBR.US,D,20190710,000000,1.08,1.13,1.015,1.1,23861,0
OXBR.US,D,20190711,000000,1.09,1.1,1.01,1.01,30453,0
OXBR.US,D,20190712,000000,1.02,1.09,1.02,1.07,9573,0
OXBR.US,D,20190715,000000,1.06,1.13,1.02,1.06,43507,0
OXBR.US,D,20190716,000000,1.06,1.11,1.02,1.0602,3424,0
OXBR.US,D,20190717,000000,1.05,1.1,1.0325,1.1,24492,0
OXBR.US,D,20190718,000000,1.0725,1.0929,1.03,1.0929,12774,0
OXBR.US,D,20190719,000000,1.1,1.11,1.04,1.0501,20466,0
OXBR.US,D,20190722,000000,1.06,1.1,1.0488,1.06,10126,0
OXBR.US,D,20190723,000000,1.06,1.09,0.99,1,21854,0
OXBR.US,D,20190724,000000,1.0262,1.04,1,1,16315,0
OXBR.US,D,20190725,000000,1,1.05,1,1.04,25450,0
OXBR.US,D,20190726,000000,1.0893,1.0893,1.01,1.04,7817,0
OXBR.US,D,20190729,000000,1.09,1.09,1,1,12031,0
OXBR.US,D,20190730,000000,1.05,1.06,1.02,1.0292,13697,0
OXBR.US,D,20190731,000000,1.06,1.06,1.01,1.01,11584,0
OXBR.US,D,20190801,000000,1.0549,1.0549,1.01,1.02,22691,0
OXBR.US,D,20190802,000000,1.01,1.05,0.95,1.05,9395,0
OXBR.US,D,20190805,000000,1,1.01,0.95,0.991,12289,0
OXBR.US,D,20190806,000000,0.9923,1.0304,0.9923,1.02,11794,0
OXBR.US,D,20190807,000000,1,1.01,0.96,1.01,7700,0
OXBR.US,D,20190808,000000,0.9599,1.04,0.9599,0.99,25359,0
OXBR.US,D,20190809,000000,0.97,0.9855,0.97,0.9855,2241,0
OXBR.US,D,20190812,000000,1,1.04,0.95,1.0153,13709,0
OXBR.US,D,20190813,000000,1,1.0099,0.9548,1,1077,0
OXBR.US,D,20190814,000000,0.97,1,0.97,1,5603,0
OXBR.US,D,20190815,000000,0.96,0.96,0.95,0.958,7840,0
OXBR.US,D,20190816,000000,0.95,0.9626,0.95,0.9548,950,0
OXBR.US,D,20190819,000000,0.975,1.0052,0.975,0.9979,753,0
OXBR.US,D,20190820,000000,0.9708,0.99012,0.9708,0.99012,1983,0
OXBR.US,D,20190821,000000,0.95,1,0.93,0.99,7315,0
OXBR.US,D,20190822,000000,0.97888,0.98,0.951,0.9789,3527,0
OXBR.US,D,20190823,000000,0.95,1,0.95,1,6049,0
OXBR.US,D,20190826,000000,0.96,1.0599,0.9543,1.05,13118,0
OXBR.US,D,20190827,000000,0.9608,0.99,0.9608,0.99,19645,0
OXBR.US,D,20190828,000000,0.96,0.99,0.96,0.989,2533,0
OXBR.US,D,20190829,000000,0.98115,0.98115,0.864,0.92,23205,0
OXBR.US,D,20190830,000000,0.92,0.92515,0.8641,0.8641,11808,0
OXBR.US,D,20190903,000000,0.8641,0.9074,0.8641,0.86755,2714,0
OXBR.US,D,20190904,000000,0.85,0.8685,0.7,0.7852,53034,0
OXBR.US,D,20190905,000000,0.7924,0.8,0.75,0.7538,8593,0
OXBR.US,D,20190906,000000,0.76,0.83,0.76,0.76695,9576,0
OXBR.US,D,20190909,000000,0.8079,0.81,0.785,0.785,4066,0
OXBR.US,D,20190910,000000,0.78,0.94,0.76,0.81,41428,0
OXBR.US,D,20190911,000000,0.78,0.8739,0.78,0.82,28706,0
OXBR.US,D,20190912,000000,0.785,0.84,0.78,0.84,4578,0
OXBR.US,D,20190913,000000,0.79,0.846,0.79,0.8,18672,0
OXBR.US,D,20190916,000000,0.82,0.85,0.82,0.82,7948,0
OXBR.US,D,20190917,000000,0.81,0.9215,0.81,0.85,21232,0
OXBR.US,D,20190918,000000,0.8344,0.85,0.8,0.83,7729,0
OXBR.US,D,20190919,000000,0.832,0.91,0.8125,0.83,8512,0
OXBR.US,D,20190920,000000,0.9,0.9,0.8303,0.885,3414,0
OXBR.US,D,20190923,000000,0.885,0.887,0.83,0.8301,4403,0
OXBR.US,D,20190924,000000,0.85075,0.88,0.75,0.8492,28480,0
OXBR.US,D,20190925,000000,0.86,0.88,0.83,0.83,1381,0
OXBR.US,D,20190926,000000,0.83,0.95,0.7,0.772,173547,0
OXBR.US,D,20190927,000000,0.79,0.819,0.78,0.78,23107,0
OXBR.US,D,20190930,000000,0.8,0.95,0.8,0.8337,52595,0
OXBR.US,D,20191001,000000,0.9485,0.9485,0.81275,0.82001,4977,0
OXBR.US,D,20191002,000000,0.81,0.861,0.782,0.782,3980,0
OXBR.US,D,20191003,000000,0.92,0.95,0.8,0.8999,38685,0
OXBR.US,D,20191004,000000,0.9174,1,0.9174,0.937,41456,0
OXBR.US,D,20191007,000000,0.95,0.95,0.802,0.92,31279,0
OXBR.US,D,20191008,000000,0.82,1.0767,0.82,1.05,216598,0
OXBR.US,D,20191009,000000,0.8602,1.02,0.8602,0.942,9112,0
OXBR.US,D,20191010,000000,1.08,1.1,0.9501,1.0246,8325,0
OXBR.US,D,20191011,000000,0.97325,1.05,0.9503,0.9954,37355,0
OXBR.US,D,20191014,000000,1.05,1.05,0.91,0.9807,13055,0
OXBR.US,D,20191015,000000,0.871,1.31,0.871,1.06,341770,0
OXBR.US,D,20191016,000000,1,1.06,1,1.05,35766,0
OXBR.US,D,20191017,000000,1.001,1.0308,0.9455,1.0045,3451,0
OXBR.US,D,20191018,000000,0.986,1.06,0.95,0.9755,18017,0
OXBR.US,D,20191021,000000,0.98,1.05,0.96,1.01,9132,0
OXBR.US,D,20191022,000000,0.9804,1.02,0.96,1,6392,0
OXBR.US,D,20191023,000000,0.9168,1.1,0.87,0.952,7897,0
OXBR.US,D,20191024,000000,0.94,1,0.94,0.9975,10439,0
OXBR.US,D,20191025,000000,0.971,0.9711,0.92,0.95,5940,0
OXBR.US,D,20191028,000000,0.93,0.955,0.921,0.95,1726,0
OXBR.US,D,20191029,000000,0.954,0.95645,0.94,0.94,859,0
OXBR.US,D,20191030,000000,0.9494,0.9494,0.921,0.921,2026,0
OXBR.US,D,20191031,000000,0.91,0.91,0.8807,0.91,12932,0
OXBR.US,D,20191101,000000,0.9,0.9,0.8461,0.89,12459,0
OXBR.US,D,20191104,000000,0.86,0.91,0.86,0.9,7654,0
OXBR.US,D,20191105,000000,0.95,0.98,0.9187,0.98,7345,0
OXBR.US,D,20191106,000000,0.95,0.95,0.9,0.912,5909,0
OXBR.US,D,20191107,000000,0.961,0.9611,0.9,0.9,4497,0
OXBR.US,D,20191108,000000,0.9,0.98,0.9,0.9,1165,0
OXBR.US,D,20191111,000000,0.87,0.87975,0.865,0.87975,2127,0
OXBR.US,D,20191112,000000,0.847,0.86,0.83448,0.83448,3073,0
OXBR.US,D,20191113,000000,0.8859,0.93,0.8706,0.8706,3916,0
OXBR.US,D,20191114,000000,0.85,0.8605,0.845,0.8499,3336,0
OXBR.US,D,20191115,000000,0.82,0.8425,0.82,0.83,12207,0
OXBR.US,D,20191118,000000,0.84673,0.84673,0.84673,0.84673,1098,0
OXBR.US,D,20191119,000000,0.93,0.93,0.7922,0.88,2667,0
OXBR.US,D,20191120,000000,0.78,0.9,0.78,0.78,8403,0
OXBR.US,D,20191121,000000,0.75,0.86,0.75,0.8001,2961,0
OXBR.US,D,20191122,000000,0.82,0.82,0.8,0.804,1658,0
OXBR.US,D,20191125,000000,0.83,0.84746,0.8276,0.83,3734,0
OXBR.US,D,20191126,000000,0.8543,0.98,0.8,0.85,26099,0
OXBR.US,D,20191127,000000,0.83,0.83,0.815,0.815,902,0
OXBR.US,D,20191129,000000,0.84,0.8429,0.84,0.8429,1930,0
OXBR.US,D,20191202,000000,0.81,0.8198,0.81,0.81,1516,0
OXBR.US,D,20191203,000000,0.9358,0.9358,0.8763,0.8763,892,0
OXBR.US,D,20191204,000000,0.8364,0.8661,0.833,0.833,2740,0
OXBR.US,D,20191205,000000,0.9,0.9,0.8195,0.82,7281,0
OXBR.US,D,20191206,000000,0.86,0.86,0.86,0.86,541,0
OXBR.US,D,20191209,000000,0.86,0.9,0.86,0.89,3668,0
OXBR.US,D,20191210,000000,0.9,0.99,0.9,0.95,27808,0
OXBR.US,D,20191211,000000,0.93,0.93,0.9,0.9,9349,0
OXBR.US,D,20191212,000000,0.92,0.9219,0.86,0.9215,2487,0
OXBR.US,D,20191213,000000,0.88704,0.8995,0.82,0.8247,6845,0
OXBR.US,D,20191216,000000,0.85,0.9,0.85,0.8999,799,0
OXBR.US,D,20191217,000000,0.92,0.92,0.8755,0.92,17454,0
OXBR.US,D,20191218,000000,0.838,0.89,0.838,0.89,3009,0
OXBR.US,D,20191219,000000,0.8483,0.8483,0.82,0.82,3655,0
OXBR.US,D,20191220,000000,0.86,0.8617,0.81,0.8101,7844,0
OXBR.US,D,20191223,000000,0.82,0.82,0.7631,0.7765,6143,0
OXBR.US,D,20191224,000000,0.76,0.76,0.75,0.7501,8200,0
OXBR.US,D,20191226,000000,0.77,0.7985,0.73,0.775,9095,0
OXBR.US,D,20191227,000000,0.72605,0.75,0.7,0.74,9078,0
OXBR.US,D,20191230,000000,0.76,0.7638,0.739,0.76,8015,0
OXBR.US,D,20191231,000000,0.76125,0.76125,0.7,0.745,8851,0
OXBR.US,D,20200102,000000,0.7404,0.8001,0.7232,0.8001,13505,0
OXBR.US,D,20200103,000000,0.78,0.8652,0.7623,0.78,73286,0
OXBR.US,D,20200106,000000,0.8,0.93,0.8,0.93,61196,0
OXBR.US,D,20200107,000000,0.847,0.97,0.847,0.9586,58638,0
OXBR.US,D,20200108,000000,0.9291,1.0125,0.885,0.9568,11037,0
OXBR.US,D,20200109,000000,0.95,0.98,0.95,0.97,1663,0
OXBR.US,D,20200110,000000,0.95,0.95,0.95,0.95,462,0
OXBR.US,D,20200113,000000,0.9548,0.96,0.915,0.915,7137,0
OXBR.US,D,20200114,000000,0.99,0.99,0.8657,0.8657,2315,0
OXBR.US,D,20200116,000000,0.99,1.01,0.94,1,17892,0
OXBR.US,D,20200117,000000,1.089,1.1,0.98,0.99,10950,0
OXBR.US,D,20200121,000000,1.005,1.0305,0.9762,1.02,12392,0
OXBR.US,D,20200122,000000,1.02,1.1,0.8632,1.0201,7759,0
OXBR.US,D,20200123,000000,1.0308,1.0903,1.0308,1.04,2755,0
OXBR.US,D,20200124,000000,1.08,1.1,1.08,1.09,24917,0
OXBR.US,D,20200127,000000,1.07,1.08,1.06,1.07,6994,0
OXBR.US,D,20200128,000000,1.02,1.07,1.02,1.07,4111,0
OXBR.US,D,20200129,000000,1.06,1.07,1.04,1.07,15444,0
OXBR.US,D,20200130,000000,1.09,1.09,0.91,0.952,2192,0
OXBR.US,D,20200131,000000,0.92,0.9275,0.92,0.9275,2413,0
OXBR.US,D,20200203,000000,0.8801,1,0.8801,1,4053,0
OXBR.US,D,20200204,000000,1.0481,1.0481,1.0092,1.0092,2314,0
OXBR.US,D,20200205,000000,1,1,0.9634,0.9634,1719,0
OXBR.US,D,20200206,000000,1,1.0152,1,1.0152,2514,0
OXBR.US,D,20200207,000000,1.0362,1.72,1.01,1.105,817530,0
OXBR.US,D,20200210,000000,1.13,1.37,1.08,1.2069,142468,0
OXBR.US,D,20200211,000000,1.33,1.33,1.16,1.18,41300,0
OXBR.US,D,20200212,000000,1.15,1.2784,1.1,1.26,76296,0
OXBR.US,D,20200213,000000,1.2,1.26,1.1296,1.1379,11016,0
OXBR.US,D,20200214,000000,1.2103,1.29,1.14,1.28,64813,0
OXBR.US,D,20200218,000000,1.23,1.27,1.19,1.25,12842,0
OXBR.US,D,20200219,000000,1.1789,1.24,1.1059,1.22,14330,0
OXBR.US,D,20200220,000000,1.26,1.27,1.2201,1.26,11527,0
OXBR.US,D,20200221,000000,1.26,1.86,1.23,1.5,387940,0
OXBR.US,D,20200224,000000,1.47,1.72,1.15,1.47,95285,0
OXBR.US,D,20200225,000000,1.44,1.75,1.35,1.44,12886,0
OXBR.US,D,20200226,000000,1.41,1.5656,1.352,1.3595,6273,0
OXBR.US,D,20200227,000000,1.35,1.5599,1.35,1.41,18048,0
OXBR.US,D,20200228,000000,1.46,1.562,1.27,1.39,5744,0
OXBR.US,D,20200302,000000,1.03,1.53,1.03,1.2965,10392,0
OXBR.US,D,20200303,000000,1.34,1.5,1.2632,1.5,10861,0
OXBR.US,D,20200304,000000,1.18,1.4472,1.15,1.37,5046,0
OXBR.US,D,20200305,000000,1.3816,1.3816,1.21,1.315,5945,0
OXBR.US,D,20200306,000000,1.2653,1.27,1.25,1.25,6228,0
OXBR.US,D,20200309,000000,1.22,1.22,1.1636,1.2,21202,0
OXBR.US,D,20200310,000000,1.1865,1.4,1.16,1.271,39085,0
OXBR.US,D,20200311,000000,1.2134,1.3202,1.0832,1.0832,15192,0
OXBR.US,D,20200312,000000,1.05,1.15,1,1.14,2278,0
OXBR.US,D,20200313,000000,1.08,1.2295,1.06,1.1359,9295,0
OXBR.US,D,20200316,000000,1.06,1.25,1.05,1.1002,2670,0
OXBR.US,D,20200317,000000,1.0534,1.161,1.0534,1.14,5148,0
OXBR.US,D,20200318,000000,1.01,1.1,1,1,1974,0
OXBR.US,D,20200319,000000,0.93,1,0.8209,0.96,13399,0
OXBR.US,D,20200320,000000,0.96,0.96,0.74,0.74,29298,0
OXBR.US,D,20200323,000000,0.7425,0.8101,0.74,0.74,19882,0
OXBR.US,D,20200324,000000,0.85,0.8543,0.85,0.85,2197,0
OXBR.US,D,20200325,000000,0.8783,0.89,0.85,0.8842,2746,0
OXBR.US,D,20200326,000000,0.8875,0.8875,0.78,0.79,6456,0
OXBR.US,D,20200327,000000,0.85,0.8699,0.78,0.7839,6081,0
OXBR.US,D,20200330,000000,0.7508,0.809,0.7508,0.809,1139,0
OXBR.US,D,20200331,000000,0.8731,0.8731,0.8731,0.8731,2523,0
OXBR.US,D,20200401,000000,0.8731,0.8731,0.8731,0.8731,283,0
OXBR.US,D,20200402,000000,0.766,0.8792,0.766,0.8792,1149,0
OXBR.US,D,20200403,000000,0.8791,0.8791,0.7801,0.7801,403,0
OXBR.US,D,20200406,000000,0.8415,0.8415,0.79,0.79,2399,0
OXBR.US,D,20200407,000000,0.8492,0.8492,0.8063,0.81,663,0
OXBR.US,D,20200408,000000,0.79,0.79,0.79,0.79,386,0
OXBR.US,D,20200409,000000,0.79,0.7901,0.785,0.79,7190,0
OXBR.US,D,20200413,000000,0.85,0.85,0.82,0.82,396,0
OXBR.US,D,20200414,000000,0.81,0.845,0.78,0.84,17406,0
OXBR.US,D,20200415,000000,0.8,1.0881,0.78,0.899903,87596,0
OXBR.US,D,20200416,000000,0.97,1.0403,0.88,0.9586,32274,0
OXBR.US,D,20200417,000000,1,1.03,0.8442,0.8442,4277,0
OXBR.US,D,20200420,000000,0.7822,0.946,0.78,0.8784,7108,0
OXBR.US,D,20200421,000000,0.8784,0.8784,0.78,0.78,8456,0
OXBR.US,D,20200422,000000,0.878299,0.878299,0.79,0.800101,1738,0
OXBR.US,D,20200423,000000,0.87,0.87,0.82,0.82,3108,0
OXBR.US,D,20200424,000000,0.8387,0.87,0.82,0.83005,6285,0
OXBR.US,D,20200427,000000,0.92,0.92,0.838,0.8791,2450,0
OXBR.US,D,20200428,000000,0.848,0.848,0.8381,0.8381,1101,0
OXBR.US,D,20200429,000000,0.88,0.88,0.8405,0.8408,1494,0
OXBR.US,D,20200430,000000,0.842,0.874,0.838,0.8452,12139,0
OXBR.US,D,20200501,000000,0.84,0.8558,0.84,0.855,3915,0
OXBR.US,D,20200504,000000,0.85,0.88,0.84,0.88,11650,0
OXBR.US,D,20200505,000000,0.84,0.865,0.8,0.85,5661,0
OXBR.US,D,20200506,000000,0.9096,0.9096,0.82,0.85,13752,0
OXBR.US,D,20200507,000000,0.8,0.96,0.8,0.8453,17742,0
OXBR.US,D,20200508,000000,0.925,0.97,0.87,0.95,7843,0
OXBR.US,D,20200511,000000,0.9585,1,0.95,0.98,20442,0
OXBR.US,D,20200512,000000,1,1.03,1,1.02,6478,0
OXBR.US,D,20200513,000000,0.87,0.9638,0.855,0.913088,6718,0
OXBR.US,D,20200515,000000,0.875,0.9316,0.8215,0.931499,18180,0
OXBR.US,D,20200518,000000,0.95,0.963351,0.89,0.9,5879,0
OXBR.US,D,20200519,000000,0.89,0.8998,0.87,0.8844,1917,0
OXBR.US,D,20200520,000000,0.87,0.9136,0.87,0.9136,1051,0
OXBR.US,D,20200521,000000,0.92,0.92,0.87,0.87,3781,0
OXBR.US,D,20200522,000000,0.87,0.909,0.87,0.9,3152,0
OXBR.US,D,20200526,000000,0.87,0.92,0.87,0.9199,4340,0
OXBR.US,D,20200527,000000,0.9,0.9,0.87,0.9,7929,0
OXBR.US,D,20200528,000000,0.8701,1.03,0.8701,0.9991,40751,0
OXBR.US,D,20200529,000000,0.9747,0.9999,0.97,0.9999,9550,0
OXBR.US,D,20200601,000000,1.02,1.34,0.963,1.02,48082,0
OXBR.US,D,20200602,000000,0.98,1.1001,0.98,1.025,9944,0
OXBR.US,D,20200603,000000,1.0254,1.03,0.91,0.9205,3703,0
OXBR.US,D,20200604,000000,0.9452,1.008,0.9452,1,2933,0
OXBR.US,D,20200605,000000,0.92,1.09,0.915,1.04,8350,0
OXBR.US,D,20200608,000000,1.03,1.1,0.9425,1.04,18412,0
OXBR.US,D,20200609,000000,1.0501,1.1,1.05,1.05,4286,0
OXBR.US,D,20200610,000000,1.12,1.3,1,1,220282,0
OXBR.US,D,20200611,000000,1.1,1.3,1.05,1.05,177708,0
OXBR.US,D,20200612,000000,1.14,1.3,1.04,1.2,100264,0
OXBR.US,D,20200615,000000,1.24,1.25,1.0992,1.1601,50561,0
OXBR.US,D,20200616,000000,1.18,1.25,1.12,1.17,34353,0
OXBR.US,D,20200617,000000,1.16,1.97,1.08,1.37,731773,0
OXBR.US,D,20200618,000000,1.19,1.35,1.12,1.33,92533,0
OXBR.US,D,20200619,000000,1.29,3.89,1.15,1.63,14350544,0
OXBR.US,D,20200622,000000,1.49,1.5,1.2,1.24,980246,0
OXBR.US,D,20200623,000000,1.25,1.38,1.13,1.21,757647,0
OXBR.US,D,20200624,000000,1.27,1.28,1.17,1.21,303541,0
OXBR.US,D,20200625,000000,1.2,1.2359,1.08,1.15,208732,0
OXBR.US,D,20200626,000000,1.13,1.16,0.85,1.02,379732,0
OXBR.US,D,20200629,000000,1.03,1.04,0.95,1,169168,0
OXBR.US,D,20200630,000000,1.26,1.85,1.22,1.4,7123146,0
OXBR.US,D,20200701,000000,1.33,1.33,1.05,1.15,1096482,0
OXBR.US,D,20200702,000000,1.11,1.17,1.09,1.11,182624,0
OXBR.US,D,20200706,000000,1.12,1.3495,1.07,1.25,1054295,0
OXBR.US,D,20200707,000000,1.21,1.2199,1.1,1.11,253748,0
OXBR.US,D,20200708,000000,1.12,1.1201,1.05,1.0796,149961,0
OXBR.US,D,20200709,000000,1.06,1.12,1.06,1.06,106620,0
OXBR.US,D,20200710,000000,1.06,1.09,1.03,1.09,126592,0
OXBR.US,D,20200713,000000,1.12,1.12,1.06,1.09,151622,0
OXBR.US,D,20200714,000000,1.07,1.09,1.04,1.05,83210,0
OXBR.US,D,20200715,000000,1.16,1.25,1.05,1.0702,532248,0
OXBR.US,D,20200716,000000,1.05,1.15,1.04,1.1,176154,0
OXBR.US,D,20200717,000000,1.0801,1.16,1.0701,1.09,156913,0
OXBR.US,D,20200720,000000,1.09,1.1067,1.05,1.09,111628,0
OXBR.US,D,20200721,000000,1.1,1.2,1.07,1.14,300258,0
OXBR.US,D,20200722,000000,1.15,1.2292,1.11,1.155,97979,0
OXBR.US,D,20200723,000000,1.18,1.23,1.12,1.15,156917,0
OXBR.US,D,20200724,000000,1.13,1.15,1.12,1.15,42565,0
OXBR.US,D,20200727,000000,1.14,1.1445,1.09,1.1306,61726,0
OXBR.US,D,20200728,000000,1.12,1.28,1.11,1.22,263830,0
OXBR.US,D,20200729,000000,1.2,1.2,1.13,1.16,126617,0
OXBR.US,D,20200730,000000,1.16,1.2,1.13,1.15,49528,0
OXBR.US,D,20200731,000000,1.1699,1.44,1.152,1.39,1235354,0
OXBR.US,D,20200803,000000,1.24,1.35,1.17,1.25,308466,0
OXBR.US,D,20200804,000000,1.26,1.34,1.215,1.29,152842,0
OXBR.US,D,20200805,000000,1.31,1.33,1.23,1.2499,73278,0
OXBR.US,D,20200806,000000,1.33,1.33,1.21,1.28,120832,0
OXBR.US,D,20200807,000000,1.26,1.29,1.19,1.23,79919,0
OXBR.US,D,20200810,000000,1.21,1.25,1.15,1.17,6715489,0
OXBR.US,D,20200811,000000,2.08,2.55,1.64,1.83,70414503,0
OXBR.US,D,20200812,000000,1.63,2.04,1.63,2,2835849,0
OXBR.US,D,20200813,000000,1.76,2,1.72,1.77,743106,0
OXBR.US,D,20200814,000000,1.74,1.74,1.55,1.58,664022,0
OXBR.US,D,20200817,000000,1.47,1.6419,1.47,1.58,200342,0
OXBR.US,D,20200818,000000,1.52,1.56,1.38,1.39,180479,0
OXBR.US,D,20200819,000000,1.39,1.46,1.381,1.43,125550,0
OXBR.US,D,20200820,000000,1.37,1.42,1.2601,1.3,190619,0
OXBR.US,D,20200821,000000,1.27,1.35,1.27,1.29,142671,0
OXBR.US,D,20200824,000000,1.26,1.31,1.22,1.3,146610,0
OXBR.US,D,20200825,000000,1.26,1.34,1.26,1.32,153886,0
OXBR.US,D,20200826,000000,1.31,1.3799,1.22,1.22,87242,0
OXBR.US,D,20200827,000000,1.24,1.265,1.21,1.25,139337,0
OXBR.US,D,20200828,000000,1.2,1.2499,1.2,1.21,42666,0
OXBR.US,D,20200831,000000,1.22,1.24,1.12,1.12,89237,0
OXBR.US,D,20200901,000000,1.12,1.185,1.12,1.17,72690,0
OXBR.US,D,20200902,000000,1.14,1.19,1.14,1.14,59088,0
OXBR.US,D,20200903,000000,1.14,1.1899,1.1,1.12,67777,0
OXBR.US,D,20200904,000000,1.11,1.18,1.1,1.1,64109,0
OXBR.US,D,20200908,000000,1.13,1.13,1.1,1.12,36845,0
OXBR.US,D,20200909,000000,1.12,1.145,1.09,1.095,66817,0
OXBR.US,D,20200910,000000,1.1,1.12,1,1.06,227355,0
OXBR.US,D,20200911,000000,1.03,1.065,1.02,1.03,21324,0
OXBR.US,D,20200914,000000,1.07,1.08,1.05,1.05,40480,0
OXBR.US,D,20200915,000000,1.04,1.04,1,1.01,116949,0
OXBR.US,D,20200916,000000,1.01,1.045,0.99,1.04,57662,0
OXBR.US,D,20200917,000000,0.95,1.05,0.95,1.04,50060,0
OXBR.US,D,20200918,000000,1.04,1.05,1,1.03,30120,0
OXBR.US,D,20200921,000000,1.01,1.0289,0.9958,1.005,16743,0
OXBR.US,D,20200922,000000,1.01,1.03,1,1,32769,0
OXBR.US,D,20200923,000000,1,1.0739,0.994949,1.02,139241,0
OXBR.US,D,20200924,000000,1,1.02,0.981,0.99475,44780,0
OXBR.US,D,20200925,000000,1.01,1.09,1,1.07,300750,0
OXBR.US,D,20200928,000000,1.55,9.62,1.55,2.95,140357969,0
OXBR.US,D,20200929,000000,2.4,2.64,2.04,2.17,7970817,0
OXBR.US,D,20200930,000000,1.99,2,1.67,1.76,2881467,0
OXBR.US,D,20201001,000000,1.71,2.49,1.71,1.92,13044454,0
OXBR.US,D,20201002,000000,1.8,1.96,1.72,1.77,1537592,0
OXBR.US,D,20201005,000000,1.8,1.9072,1.68,1.78,761826,0
OXBR.US,D,20201006,000000,1.86,1.95,1.77,1.82,1324455,0
OXBR.US,D,20201007,000000,1.88,1.88,1.76,1.78,639316,0
OXBR.US,D,20201008,000000,1.86,3.18,1.8,2.34,58298038,0
OXBR.US,D,20201009,000000,2.12,2.4,1.97,2.37,2668156,0
OXBR.US,D,20201012,000000,2.22,2.29,2,2.12,906161,0
OXBR.US,D,20201013,000000,2.04,2.06,1.92,1.95,672451,0
OXBR.US,D,20201014,000000,1.91,2.09,1.91,2.02,477532,0
OXBR.US,D,20201015,000000,1.96,2.02,1.92,1.98,440142,0
OXBR.US,D,20201016,000000,1.95,2.03,1.9,1.94,457141,0
OXBR.US,D,20201019,000000,1.96,1.98,1.8794,1.88,387683,0
OXBR.US,D,20201020,000000,1.96,1.96,1.88,1.91,314317,0
OXBR.US,D,20201021,000000,1.92,2,1.86,1.89,468316,0
OXBR.US,D,20201022,000000,1.92,2.04,1.86,1.93,651872,0
OXBR.US,D,20201023,000000,1.98,2,1.88,1.97,277685,0
OXBR.US,D,20201026,000000,1.93,1.97,1.86,1.91,178880,0
OXBR.US,D,20201027,000000,1.88,2.0998,1.86,1.93,847699,0
OXBR.US,D,20201028,000000,1.97,1.97,1.76,1.84,316112,0
OXBR.US,D,20201029,000000,1.8,1.8286,1.73,1.75,224287,0
OXBR.US,D,20201030,000000,1.72,1.7258,1.55,1.63,234731,0
OXBR.US,D,20201102,000000,1.61,1.65,1.5601,1.62,109826,0
OXBR.US,D,20201103,000000,1.67,1.72,1.57,1.68,147837,0
OXBR.US,D,20201104,000000,1.67,1.7,1.56,1.58,84524,0
OXBR.US,D,20201105,000000,1.63,1.6799,1.61,1.65,92274,0
OXBR.US,D,20201106,000000,1.65,1.72,1.61,1.67,120196,0
OXBR.US,D,20201109,000000,1.7,1.8409,1.62,1.75,611462,0
OXBR.US,D,20201110,000000,1.75,1.95,1.71,1.93,1401756,0
OXBR.US,D,20201111,000000,1.69,1.77,1.63,1.74,574747,0
OXBR.US,D,20201112,000000,1.67,1.6897,1.63,1.64,193946,0
OXBR.US,D,20201113,000000,1.63,1.63,1.5401,1.6,185714,0
OXBR.US,D,20201116,000000,1.64,1.6417,1.6,1.61,137024,0
OXBR.US,D,20201117,000000,1.65,1.6587,1.55,1.62,247326,0
OXBR.US,D,20201118,000000,1.58,1.66,1.58,1.62,195777,0
OXBR.US,D,20201119,000000,1.6,1.7,1.58,1.65,229744,0
OXBR.US,D,20201120,000000,1.65,1.65,1.59,1.61,172551,0
OXBR.US,D,20201123,000000,1.6,1.69,1.58,1.58,247148,0
OXBR.US,D,20201124,000000,1.6,1.64,1.5867,1.59,158388,0
OXBR.US,D,20201125,000000,1.61,1.69,1.59,1.68,272982,0
OXBR.US,D,20201127,000000,1.74,1.74,1.66,1.7175,93965,0
OXBR.US,D,20201130,000000,1.7,1.73,1.67,1.68,134096,0
OXBR.US,D,20201201,000000,1.69,1.71,1.62,1.65,120755,0
OXBR.US,D,20201202,000000,1.68,1.715,1.62,1.69,284053,0
OXBR.US,D,20201203,000000,1.71,1.73,1.6727,1.7,124058,0
OXBR.US,D,20201204,000000,1.7,1.98,1.7,1.89,1409240,0
OXBR.US,D,20201207,000000,1.92,2.18,1.84,1.9,1521546,0
OXBR.US,D,20201208,000000,1.96,2.065,1.85,1.87,1282748,0
OXBR.US,D,20201209,000000,1.87,1.87,1.73,1.73,343249,0
OXBR.US,D,20201210,000000,1.71,1.755,1.66,1.68,193758,0
OXBR.US,D,20201211,000000,1.7,1.75,1.6675,1.67,171846,0
OXBR.US,D,20201214,000000,1.7,1.725,1.64,1.67,95166,0
OXBR.US,D,20201215,000000,1.67,1.8,1.6,1.78,368257,0
OXBR.US,D,20201216,000000,1.77,1.86,1.73,1.81,491225,0
OXBR.US,D,20201217,000000,1.82,1.9451,1.78,1.83,665229,0
OXBR.US,D,20201218,000000,1.85,1.85,1.76,1.81,212626,0
OXBR.US,D,20201221,000000,1.74,1.81,1.71,1.75,133648,0
OXBR.US,D,20201222,000000,1.76,1.76,1.69,1.7,140813,0
OXBR.US,D,20201223,000000,1.7,1.7,1.64,1.67,177186,0
OXBR.US,D,20201224,000000,1.68,1.73,1.65,1.68,93145,0
OXBR.US,D,20201228,000000,1.73,1.74,1.6602,1.7201,675727,0
OXBR.US,D,20201229,000000,1.75,3.54,1.73,2.05,77335268,0
OXBR.US,D,20201230,000000,1.85,2.16,1.83,2.1,3787550,0
OXBR.US,D,20201231,000000,2,2.11,1.87,1.87,776986,0
OXBR.US,D,20210104,000000,1.83,1.87,1.75,1.82,555489,0
OXBR.US,D,20210105,000000,1.78,1.95,1.78,1.91,275447,0
OXBR.US,D,20210106,000000,1.87,2.07,1.8,2.04,3374316,0
OXBR.US,D,20210107,000000,2.05,2.07,1.85,1.9,1272037,0
OXBR.US,D,20210108,000000,1.87,2.35,1.87,2.25,3414045,0
OXBR.US,D,20210111,000000,2.03,2.27,2.01,2.05,739504,0
OXBR.US,D,20210112,000000,2.06,2.4,2.05,2.14,890743,0
OXBR.US,D,20210113,000000,2.12,2.18,2.06,2.09,265339,0
OXBR.US,D,20210114,000000,2.1,2.38,2.05,2.35,2480651,0
OXBR.US,D,20210115,000000,2.34,2.8,2.17,2.52,5647993,0
OXBR.US,D,20210119,000000,2.47,2.78,2.41,2.63,4769900,0
OXBR.US,D,20210120,000000,2.65,2.66,2.3,2.36,1820734,0
OXBR.US,D,20210121,000000,2.34,2.35,2.12,2.27,1015446,0
OXBR.US,D,20210122,000000,2.21,2.36,2.19,2.29,441379,0
OXBR.US,D,20210125,000000,2.33,2.63,2.28,2.4,1836102,0
OXBR.US,D,20210126,000000,2.8333,5.88,2.6,3.14,89314317,0
OXBR.US,D,20210127,000000,4.0799,5.41,3.33,4.12,30873610,0
OXBR.US,D,20210128,000000,3.63,4.03,2.75,3.01,3672485,0
OXBR.US,D,20210129,000000,3.13,3.83,3.01,3.07,2429358,0
OXBR.US,D,20210201,000000,3.15,3.45,3.02,3.28,1155624,0
OXBR.US,D,20210202,000000,3.35,3.42,2.9,3,995943,0
OXBR.US,D,20210203,000000,3.06,3.61,3.02,3.36,1293291,0
OXBR.US,D,20210204,000000,3.36,3.39,3.17,3.25,1075478,0
OXBR.US,D,20210205,000000,3.23,3.57,3.16,3.27,1501664,0
OXBR.US,D,20210208,000000,3.3,3.4,3.1519,3.31,975352,0
OXBR.US,D,20210209,000000,3.4,3.87,3.28,3.36,2451758,0
OXBR.US,D,20210210,000000,3.41,3.54,3.11,3.18,851911,0
OXBR.US,D,20210211,000000,3.28,3.57,3.18,3.3,804399,0
OXBR.US,D,20210212,000000,3.24,3.51,3.21,3.4755,684162,0
OXBR.US,D,20210216,000000,3.68,4.02,3.53,3.83,1312833,0
OXBR.US,D,20210217,000000,3.85,3.85,3.55,3.74,986951,0
OXBR.US,D,20210218,000000,3.65,3.93,3.64,3.81,753760,0
OXBR.US,D,20210219,000000,3.82,3.8799,3.66,3.7,634301,0
OXBR.US,D,20210222,000000,3.6841,3.81,3.51,3.56,656747,0
OXBR.US,D,20210223,000000,3.19,3.23,2.56,2.86,1921313,0
OXBR.US,D,20210224,000000,2.94,3.2299,2.9303,3.02,391843,0
OXBR.US,D,20210225,000000,3.15,3.49,2.98,3.19,1045569,0
OXBR.US,D,20210226,000000,3.26,3.26,2.91,2.93,301593,0
OXBR.US,D,20210301,000000,3.01,3.2,2.83,3.13,808845,0
OXBR.US,D,20210302,000000,3.1,3.15,2.74,2.86,1178277,0
OXBR.US,D,20210303,000000,2.81,2.85,2.61,2.67,466101,0
OXBR.US,D,20210304,000000,2.53,2.585,2.18,2.33,508801,0
OXBR.US,D,20210305,000000,2.4155,2.56,2.23,2.42,294842,0
OXBR.US,D,20210308,000000,2.51,2.57,2.45,2.5,145957,0
OXBR.US,D,20210309,000000,2.54,2.677,2.45,2.6,568700,0
OXBR.US,D,20210310,000000,2.65,2.68,2.5,2.55,117861,0
OXBR.US,D,20210311,000000,2.629,2.99,2.574,2.89,450039,0
OXBR.US,D,20210312,000000,2.82,3,2.763,2.97,1703359,0
OXBR.US,D,20210315,000000,2.96,3.12,2.82,3.02,643839,0
OXBR.US,D,20210316,000000,3,3,2.81,2.84,472776,0
OXBR.US,D,20210317,000000,2.78,3.07,2.7299,2.92,960331,0
OXBR.US,D,20210318,000000,2.93,3.17,2.87,2.95,773334,0
OXBR.US,D,20210319,000000,2.87,3.06,2.83,2.97,379767,0
OXBR.US,D,20210322,000000,2.98,3.14,2.95,3.06,242665,0
OXBR.US,D,20210323,000000,3.07,3.22,2.963,3.08,767451,0
OXBR.US,D,20210324,000000,3.06,3.13,2.76,2.78,241822,0
OXBR.US,D,20210325,000000,2.64,2.98,2.59,2.7,500715,0
OXBR.US,D,20210326,000000,2.71,2.87,2.66,2.8,558111,0
OXBR.US,D,20210329,000000,2.81,2.81,2.55,2.64,338175,0
OXBR.US,D,20210330,000000,2.69,2.71,2.47,2.56,872762,0
OXBR.US,D,20210331,000000,2.49,2.7,2.49,2.53,422166,0
OXBR.US,D,20210401,000000,2.55,2.77,2.53,2.64,336741,0
OXBR.US,D,20210405,000000,2.68,2.76,2.6,2.71,605308,0
OXBR.US,D,20210406,000000,2.7,2.7502,2.62,2.66,231641,0
OXBR.US,D,20210407,000000,2.72,2.72,2.62,2.62,159235,0
OXBR.US,D,20210408,000000,2.64,2.645,2.5195,2.57,275590,0
OXBR.US,D,20210409,000000,2.59,2.68,2.52,2.57,97548,0
OXBR.US,D,20210412,000000,2.56,2.56,2.33,2.42,484982,0
OXBR.US,D,20210413,000000,2.4,2.4152,2.16,2.19,375167,0
OXBR.US,D,20210414,000000,2.18,2.3,2.1451,2.24,147210,0
OXBR.US,D,20210415,000000,2.18,2.37,2.1539,2.18,865643,0
OXBR.US,D,20210416,000000,2.16,2.16,1.88,1.92,375188,0
OXBR.US,D,20210419,000000,1.9,2,1.9,1.95,105230,0
OXBR.US,D,20210420,000000,1.96,1.98,1.83,1.88,233709,0
OXBR.US,D,20210421,000000,1.9,2,1.86,1.99,119280,0
OXBR.US,D,20210422,000000,1.99,2.15,1.92,1.98,450997,0
OXBR.US,D,20210423,000000,1.99,2.23,1.98,2.23,484240,0
OXBR.US,D,20210426,000000,2.18,2.2,2.11,2.15,98274,0
OXBR.US,D,20210427,000000,2.17,2.27,2.12,2.23,192286,0
OXBR.US,D,20210428,000000,2.21,2.26,2.15,2.21,166792,0
OXBR.US,D,20210429,000000,2.2,2.22,2.07,2.1,105257,0
OXBR.US,D,20210430,000000,2.11,2.11,1.98,2.02,100769,0
OXBR.US,D,20210503,000000,2.01,2.12,2.01,2.05,75960,0
OXBR.US,D,20210504,000000,2,2.18,2,2.13,103189,0
OXBR.US,D,20210505,000000,2.13,2.29,2.06,2.17,603029,0
OXBR.US,D,20210506,000000,2.14,2.2,2.01,2.04,281421,0
OXBR.US,D,20210507,000000,2.09,2.4702,2.04,2.13,966077,0
OXBR.US,D,20210510,000000,2.11,2.17,2.03,2.06,159194,0
OXBR.US,D,20210511,000000,1.97,2.015,1.86,1.93,435521,0
OXBR.US,D,20210512,000000,1.93,2.29,1.8901,1.9799,1218271,0
OXBR.US,D,20210513,000000,2.02,2.0299,1.92,1.98,148221,0
OXBR.US,D,20210514,000000,2,2.22,2,2.15,767482,0
OXBR.US,D,20210517,000000,2.15,2.15,2,2.08,368655,0
OXBR.US,D,20210518,000000,2.09,2.18,2.04,2.06,235275,0
OXBR.US,D,20210519,000000,2.01,2.1499,2.01,2.13,207879,0
OXBR.US,D,20210520,000000,2.1345,2.72,2.06,2.63,4553587,0
OXBR.US,D,20210521,000000,2.7763,2.8906,2.38,2.45,3721422,0
OXBR.US,D,20210524,000000,2.43,2.69,2.35,2.49,937289,0
OXBR.US,D,20210525,000000,2.46,2.51,2.27,2.3,594438,0
OXBR.US,D,20210526,000000,2.27,2.53,2.27,2.36,264960,0
OXBR.US,D,20210527,000000,2.41,2.48,2.3732,2.42,280242,0
OXBR.US,D,20210528,000000,2.39,2.44,2.26,2.3,339190,0
OXBR.US,D,20210601,000000,2.33,2.41,2.2,2.35,611148,0
OXBR.US,D,20210602,000000,2.43,2.77,2.3985,2.57,2431096,0
OXBR.US,D,20210603,000000,2.57,3.0492,2.43,2.86,3116554,0
OXBR.US,D,20210604,000000,2.8,2.88,2.62,2.62,839075,0
OXBR.US,D,20210607,000000,2.68,2.86,2.66,2.74,1391991,0
OXBR.US,D,20210608,000000,2.75,3.03,2.61,2.88,1408087,0
OXBR.US,D,20210609,000000,2.88,2.99,2.72,2.74,607804,0
OXBR.US,D,20210610,000000,2.76,2.79,2.57,2.62,180488,0
OXBR.US,D,20210611,000000,2.62,3.26,2.62,3.05,6505189,0
OXBR.US,D,20210614,000000,2.98,3.4,2.77,3.31,5594416,0
OXBR.US,D,20210615,000000,3.32,3.55,3.02,3.2,4156180,0
OXBR.US,D,20210616,000000,3.13,3.18,2.88,3.01,1060637,0
OXBR.US,D,20210617,000000,3.02,3.48,2.87,3.39,6675585,0
OXBR.US,D,20210618,000000,3.25,3.25,2.65,2.66,3148247,0
OXBR.US,D,20210621,000000,2.61,2.73,2.5,2.5,1580553,0
OXBR.US,D,20210622,000000,2.45,2.6,2.36,2.47,886139,0
OXBR.US,D,20210623,000000,2.49,2.57,2.41,2.45,418525,0
OXBR.US,D,20210624,000000,2.47,2.68,2.47,2.59,851459,0
OXBR.US,D,20210625,000000,2.6,2.64,2.48,2.51,239789,0
OXBR.US,D,20210628,000000,2.5,2.69,2.4538,2.64,867590,0
OXBR.US,D,20210629,000000,2.64,2.64,2.54,2.58,159618,0
OXBR.US,D,20210630,000000,2.54,2.64,2.52,2.62,263543,0
OXBR.US,D,20210701,000000,2.76,2.76,2.5597,2.6,279256,0
OXBR.US,D,20210702,000000,2.62,2.63,2.5,2.6,269262,0
OXBR.US,D,20210706,000000,2.61,2.95,2.59,2.79,1692368,0
OXBR.US,D,20210707,000000,2.76,2.84,2.62,2.77,1279586,0
OXBR.US,D,20210708,000000,2.69,3.39,2.607,3.06,10313184,0
OXBR.US,D,20210709,000000,3.02,3.45,2.86,2.94,3173322,0
OXBR.US,D,20210712,000000,2.98,3.2,2.95,3.15,1156793,0
OXBR.US,D,20210713,000000,3.18,3.63,3.16,3.35,10943885,0
OXBR.US,D,20210714,000000,4.36,4.85,3.28,3.54,37650093,0
OXBR.US,D,20210715,000000,3.27,3.4494,3.0001,3.29,1888195,0
OXBR.US,D,20210716,000000,3.21,3.63,3.03,3.57,1556769,0
OXBR.US,D,20210719,000000,3.99,3.99,3.36,3.48,18027444,0
OXBR.US,D,20210720,000000,3.32,3.65,3.12,3.64,1818624,0
OXBR.US,D,20210721,000000,3.53,3.92,3.5,3.89,1056189,0
OXBR.US,D,20210722,000000,3.89,4.05,3.68,3.98,956870,0
OXBR.US,D,20210723,000000,3.92,3.92,3.6,3.6,428423,0
OXBR.US,D,20210726,000000,3.64,3.74,3.37,3.39,385131,0
OXBR.US,D,20210727,000000,3.33,3.52,3.22,3.41,287497,0
OXBR.US,D,20210728,000000,3.36,3.7,3.36,3.63,190601,0
OXBR.US,D,20210729,000000,3.6,3.84,3.54,3.8,231385,0
OXBR.US,D,20210730,000000,3.7,3.89,3.695,3.83,407104,0
OXBR.US,D,20210802,000000,3.87,3.87,3.58,3.64,180852,0
OXBR.US,D,20210803,000000,3.64,3.64,3.42,3.44,101937,0
OXBR.US,D,20210804,000000,3.39,3.58,3.39,3.54,183092,0
OXBR.US,D,20210805,000000,3.58,3.78,3.4847,3.68,166012,0
OXBR.US,D,20210806,000000,3.72,3.77,3.62,3.75,157518,0
OXBR.US,D,20210809,000000,3.76,4.11,3.7013,3.85,586660,0
OXBR.US,D,20210810,000000,3.85,4.15,3.82,4.1,494295,0
OXBR.US,D,20210811,000000,4.04,4.05,3.89,3.89,165857,0
OXBR.US,D,20210812,000000,3.99,4.08,3.76,4.08,322369,0
OXBR.US,D,20210813,000000,4.02,4.1,3.85,3.99,270523,0
OXBR.US,D,20210816,000000,3.9,3.92,3.43,3.43,757298,0
OXBR.US,D,20210817,000000,3.63,3.63,3.13,3.19,369672,0
OXBR.US,D,20210818,000000,3.14,3.4,3.135,3.37,199289,0
OXBR.US,D,20210819,000000,3.23,3.36,3.02,3.02,239959,0
OXBR.US,D,20210820,000000,3.09,3.35,3.09,3.32,210908,0
OXBR.US,D,20210823,000000,3.26,3.54,3.26,3.47,225454,0
OXBR.US,D,20210824,000000,3.5,3.6189,3.4701,3.49,94964,0
OXBR.US,D,20210825,000000,3.53,3.54,3.305,3.31,202229,0
OXBR.US,D,20210826,000000,3.29,3.4,3.15,3.17,123973,0
OXBR.US,D,20210827,000000,3.17,3.27,3.1,3.24,230792,0
OXBR.US,D,20210830,000000,3.29,3.3191,3.07,3.07,165638,0
OXBR.US,D,20210831,000000,3.08,3.26,3.08,3.21,124300,0
OXBR.US,D,20210901,000000,3.18,3.26,3.141,3.21,97640,0
OXBR.US,D,20210902,000000,3.268,3.42,3.19,3.37,254156,0
OXBR.US,D,20210903,000000,3.39,3.39,3.25,3.28,80607,0
OXBR.US,D,20210907,000000,3.27,3.41,3.21,3.38,78953,0
OXBR.US,D,20210908,000000,3.34,3.34,3.1801,3.24,45156,0
OXBR.US,D,20210909,000000,3.22,3.41,3.22,3.39,51588,0
OXBR.US,D,20210910,000000,3.37,3.38,3.31,3.36,21952,0
OXBR.US,D,20210913,000000,3.35,3.35,3.22,3.22,41378,0
OXBR.US,D,20210914,000000,3.19,3.2,2.91,2.94,196838,0
OXBR.US,D,20210915,000000,3.1,3.11,2.99,3.03,53689,0
OXBR.US,D,20210916,000000,3.06,3.11,2.98,3,27085,0
OXBR.US,D,20210917,000000,3.06,3.11,3.0099,3.1,69960,0
OXBR.US,D,20210920,000000,2.97,3.03,2.83,2.86,84395,0
OXBR.US,D,20210921,000000,2.88,2.88,2.6767,2.68,124202,0
OXBR.US,D,20210922,000000,2.74,2.85,2.72,2.82,31052,0
OXBR.US,D,20210923,000000,2.81,2.97,2.74,2.81,136038,0
OXBR.US,D,20210924,000000,2.85,3.07,2.85,2.92,70745,0
OXBR.US,D,20210927,000000,2.93,3.09,2.92,3.01,121115,0
OXBR.US,D,20210928,000000,2.96,2.97,2.83,2.88,66692,0
OXBR.US,D,20210929,000000,2.91,2.91,2.77,2.8,53640,0
OXBR.US,D,20210930,000000,2.8435,2.97,2.8101,2.95,49604,0
OXBR.US,D,20211001,000000,2.95,2.95,2.8109,2.94,152188,0
OXBR.US,D,20211004,000000,2.92,2.98,2.852,2.89,34729,0
OXBR.US,D,20211005,000000,2.89,3.0501,2.85,2.95,161288,0
OXBR.US,D,20211006,000000,2.89,2.94,2.85,2.9,33785,0
OXBR.US,D,20211007,000000,2.915,2.945,2.8747,2.9,26816,0
OXBR.US,D,20211008,000000,2.89,2.89,2.83,2.87,10941,0
OXBR.US,D,20211011,000000,2.87,2.9173,2.8495,2.85,17448,0
OXBR.US,D,20211012,000000,2.86,2.9,2.85,2.86,9785,0
OXBR.US,D,20211013,000000,2.85,2.9,2.84,2.87,20472,0
OXBR.US,D,20211014,000000,2.86,2.9,2.86,2.89,55340,0
OXBR.US,D,20211015,000000,3,3.1546,2.92,3.01,148173,0
OXBR.US,D,20211018,000000,3.01,3.03,2.91,2.92,35668,0
OXBR.US,D,20211019,000000,2.98,2.98,2.87,2.89,18371,0
OXBR.US,D,20211020,000000,2.89,2.93,2.87,2.93,32525,0
OXBR.US,D,20211021,000000,2.93,3.08,2.93,2.98,56225,0
OXBR.US,D,20211022,000000,2.95,3.45,2.82,3.21,1223882,0
OXBR.US,D,20211025,000000,3.15,3.4314,3.03,3.09,463338,0
OXBR.US,D,20211026,000000,3.05,3.3199,2.93,3.24,192265,0
OXBR.US,D,20211027,000000,3.21,3.2799,3.15,3.26,128732,0
OXBR.US,D,20211028,000000,3.26,3.7355,3.26,3.56,395545,0
OXBR.US,D,20211029,000000,3.57,3.62,3.21,3.3,124922,0
OXBR.US,D,20211101,000000,3.37,3.45,3.29,3.45,3193264,0
OXBR.US,D,20211102,000000,3.42,3.48,3.18,3.48,849327,0
OXBR.US,D,20211103,000000,3.49,3.73,3.42,3.7,231201,0
OXBR.US,D,20211104,000000,3.68,3.7,3.5637,3.69,157482,0
OXBR.US,D,20211105,000000,3.5,3.7,3.5,3.64,109118,0
OXBR.US,D,20211108,000000,3.63,3.68,3.58,3.61,49504,0
OXBR.US,D,20211109,000000,3.57,3.65,3.42,3.62,116253,0
OXBR.US,D,20211110,000000,3.64,3.69,3.48,3.65,142279,0
OXBR.US,D,20211111,000000,3.64,3.64,3.5316,3.56,67919,0
OXBR.US,D,20211112,000000,3.54,3.6198,3.46,3.57,4487261,0
OXBR.US,D,20211115,000000,3.95,4.18,3.63,3.99,2351419,0
OXBR.US,D,20211116,000000,3.9,3.9,3.652,3.73,380310,0
OXBR.US,D,20211117,000000,3.7,4.15,3.7,4.11,309638,0
OXBR.US,D,20211118,000000,4.11,4.45,3.95,4.43,509379,0
OXBR.US,D,20211119,000000,4.36,4.3687,3.9201,4.23,221788,0
OXBR.US,D,20211122,000000,4.19,4.3899,4.08,4.33,139388,0
OXBR.US,D,20211123,000000,4.36,4.414,4.27,4.4,96765,0
OXBR.US,D,20211124,000000,4.33,4.74,4.33,4.74,176021,0
OXBR.US,D,20211126,000000,4.64,4.64,4.39,4.49,126183,0
OXBR.US,D,20211129,000000,4.49,4.85,4.49,4.59,176794,0
OXBR.US,D,20211130,000000,4.52,4.52,4.22,4.36,137077,0
OXBR.US,D,20211201,000000,4.41,4.54,4.32,4.36,90142,0
OXBR.US,D,20211202,000000,4.33,4.45,4.22,4.41,74232,0
OXBR.US,D,20211203,000000,4.46,4.78,4.4001,4.725,154213,0
OXBR.US,D,20211206,000000,4.84,5.2,4.58,5.13,357151,0
OXBR.US,D,20211207,000000,5.11,5.2738,5.01,5.19,206792,0
OXBR.US,D,20211208,000000,5.24,5.65,5.15,5.53,220107,0
OXBR.US,D,20211209,000000,5.6,6.23,5.5501,6.15,503343,0
OXBR.US,D,20211210,000000,6.09,6.146,5.4201,5.85,224178,0
OXBR.US,D,20211213,000000,5.76,6.076,5.49,5.905,254613,0
OXBR.US,D,20211214,000000,5.78,6.1,5.6215,6.03,105674,0
OXBR.US,D,20211215,000000,6.19,6.46,6.0101,6.46,310545,0
OXBR.US,D,20211216,000000,6.59,6.6299,6.09,6.55,236533,0
OXBR.US,D,20211217,000000,6.47,6.81,6.245,6.81,194630,0
OXBR.US,D,20211220,000000,6.79,6.79,6.3,6.55,220448,0
OXBR.US,D,20211221,000000,6.69,6.69,6.451,6.63,101207,0
OXBR.US,D,20211222,000000,6.56,7.1,6.4,6.8,220203,0
OXBR.US,D,20211223,000000,6.89,7.0286,6.7162,6.96,83553,0
OXBR.US,D,20211227,000000,7.11,7.13,6.8801,7.06,134236,0
OXBR.US,D,20211228,000000,7,7.0833,5.76,6.27,455860,0
OXBR.US,D,20211229,000000,6.2,6.55,6.2,6.36,108992,0
OXBR.US,D,20211230,000000,6.38,6.38,5.6,5.79,225749,0
OXBR.US,D,20211231,000000,5.64,5.85,5.62,5.62,103749,0
OXBR.US,D,20220103,000000,5.64,5.68,5,5.24,241608,0
OXBR.US,D,20220104,000000,5.24,5.24,4.82,5.08,163002,0
OXBR.US,D,20220105,000000,5.01,5.5015,5.01,5.25,161530,0
OXBR.US,D,20220106,000000,5.13,5.31,4.81,5.1,186011,0
OXBR.US,D,20220107,000000,5.05,6.03,5.05,5.72,189874,0
OXBR.US,D,20220110,000000,5.51,5.595,5.2,5.33,72922,0
OXBR.US,D,20220111,000000,5.28,5.28,5.01,5.11,96896,0
OXBR.US,D,20220112,000000,5.05,5.195,4.93,5.09,64051,0
OXBR.US,D,20220113,000000,5.05,5.333,5.02,5.14,117637,0
OXBR.US,D,20220114,000000,5.23,5.36,5.0956,5.34,44126,0
OXBR.US,D,20220118,000000,5.1508,5.5215,5.1508,5.4,70846,0
OXBR.US,D,20220119,000000,5.38,5.51,5.16,5.32,44595,0
OXBR.US,D,20220120,000000,5.26,5.57,5.165,5.2,38797,0
OXBR.US,D,20220121,000000,5.0102,5.1392,4.81,4.84,55202,0
OXBR.US,D,20220124,000000,4.75,4.89,4.35,4.86,69326,0
OXBR.US,D,20220125,000000,4.67,4.92,4.667,4.73,57929,0
OXBR.US,D,20220126,000000,4.72,4.9499,4.62,4.62,27075,0
OXBR.US,D,20220127,000000,4.59,4.75,4.36,4.43,54598,0
OXBR.US,D,20220128,000000,4.43,4.7384,4.2801,4.68,94369,0
OXBR.US,D,20220131,000000,4.58,5.3,4.58,5.29,101182,0
OXBR.US,D,20220201,000000,5.35,5.81,5.3,5.73,221554,0
OXBR.US,D,20220202,000000,5.78,5.8618,5.6501,5.7552,41442,0
OXBR.US,D,20220203,000000,5.66,5.79,5.2901,5.55,69189,0
OXBR.US,D,20220204,000000,5.53,5.63,5.3074,5.6,33014,0
OXBR.US,D,20220207,000000,5.65,5.65,5.49,5.59,16267,0
OXBR.US,D,20220208,000000,5.55,5.74,5.49,5.69,26165,0
OXBR.US,D,20220209,000000,5.8,6.04,5.72,5.99,79896,0
OXBR.US,D,20220210,000000,5.84,6.2,5.84,6.05,50473,0
OXBR.US,D,20220211,000000,6,6.12,5.6,5.78,54554,0
OXBR.US,D,20220214,000000,5.7,5.7263,5.4,5.6,23640,0
OXBR.US,D,20220215,000000,5.64,6.13,5.6052,6.1,98948,0
OXBR.US,D,20220216,000000,6.05,6.1499,5.9,5.94,44965,0
OXBR.US,D,20220217,000000,5.98,6,5.65,5.77,42090,0
OXBR.US,D,20220218,000000,5.79,5.8,5.51,5.64,19761,0
OXBR.US,D,20220222,000000,5.52,5.68,5.52,5.67,12749,0
OXBR.US,D,20220223,000000,5.7,5.78,5.4738,5.75,14822,0
OXBR.US,D,20220224,000000,5.37,5.49,4.88,5.44,54074,0
OXBR.US,D,20220225,000000,5.5,5.8489,5.5,5.75,47262,0
OXBR.US,D,20220228,000000,5.72,6.05,5.65,5.91,164918,0
OXBR.US,D,20220301,000000,5.9,6.1,5.9,5.97,39717,0
OXBR.US,D,20220302,000000,6.05,6.3986,5.9806,6.27,85345,0
OXBR.US,D,20220303,000000,6.1718,6.2499,6,6.05,31410,0
OXBR.US,D,20220304,000000,6.08,6.3,5.96,6.01,41481,0
OXBR.US,D,20220307,000000,6.03,6.03,5.72,5.84,19612,0
OXBR.US,D,20220308,000000,5.81,5.88,5.36,5.55,100150,0
OXBR.US,D,20220309,000000,5.72,6.21,5.5321,5.96,94502,0
OXBR.US,D,20220310,000000,5.83,6.1899,5.83,6.13,111233,0
OXBR.US,D,20220311,000000,6.04,6.25,6.04,6.17,64290,0
OXBR.US,D,20220314,000000,6.25,6.3,5.96,5.99,38616,0
OXBR.US,D,20220315,000000,6.0196,6.07,5.9652,6,13806,0
OXBR.US,D,20220316,000000,6.09,6.0973,5.91,6.07,33141,0
OXBR.US,D,20220317,000000,6.005,6.2,5.9743,6.2,8617,0
OXBR.US,D,20220318,000000,6.2,6.37,6,6.01,53019,0
OXBR.US,D,20220321,000000,5.96,6.14,5.82,6.04,19226,0
OXBR.US,D,20220322,000000,6.08,6.44,6.05,6.42,93903,0
OXBR.US,D,20220323,000000,6.42,6.65,6.22,6.45,57833,0
OXBR.US,D,20220324,000000,6.26,6.8224,6.26,6.46,58149,0
OXBR.US,D,20220325,000000,6.96,6.96,6.48,6.63,28263,0
OXBR.US,D,20220328,000000,6.84,6.87,6.45,6.8,25483,0
OXBR.US,D,20220329,000000,7.03,7.03,6.68,6.97,50019,0
OXBR.US,D,20220330,000000,7,7.01,6.5988,6.95,49739,0
OXBR.US,D,20220331,000000,6.88,6.88,4.85,5.47,361400,0
OXBR.US,D,20220401,000000,5.36,5.6,5.3,5.5,72977,0
OXBR.US,D,20220404,000000,5.44,5.72,5.26,5.69,38217,0
OXBR.US,D,20220405,000000,5.48,5.61,5.13,5.3,36909,0
OXBR.US,D,20220406,000000,5.19,5.4216,5.19,5.38,19465,0
OXBR.US,D,20220407,000000,5.39,5.5,5.26,5.42,20417,0
OXBR.US,D,20220408,000000,5.41,5.5331,5.38,5.47,9245,0
OXBR.US,D,20220411,000000,5.47,5.55,5.39,5.5,4523,0
OXBR.US,D,20220412,000000,5.55,5.63,5.34,5.55,61848,0
OXBR.US,D,20220413,000000,5.68,5.68,5.5301,5.57,6501,0
OXBR.US,D,20220414,000000,5.7299,5.73,5.35,5.44,34640,0
OXBR.US,D,20220418,000000,5.44,5.44,5.04,5.18,43258,0
OXBR.US,D,20220419,000000,5.14,5.2,4.9632,5.15,18634,0
OXBR.US,D,20220420,000000,5.17,5.2,5,5.13,14871,0
OXBR.US,D,20220421,000000,5.1,5.15,4.8013,4.86,42589,0
OXBR.US,D,20220422,000000,4.91,4.9561,4.725,4.84,22579,0
OXBR.US,D,20220425,000000,4.99,4.99,4.8,4.96,12019,0
OXBR.US,D,20220426,000000,4.81,4.91,4.6,4.6,29292,0
OXBR.US,D,20220427,000000,4.65,4.7,4.34,4.6405,47564,0
OXBR.US,D,20220428,000000,4.7,4.71,4.6185,4.67,19721,0
OXBR.US,D,20220429,000000,4.7,4.71,4.65,4.71,13815,0
OXBR.US,D,20220502,000000,4.7028,4.7507,4.65,4.65,26990,0
OXBR.US,D,20220503,000000,4.6653,4.668,4.61,4.64,37543,0
OXBR.US,D,20220504,000000,4.65,4.77,4.47,4.71,56729,0
OXBR.US,D,20220505,000000,4.6,4.9,4.6,4.87,94016,0
OXBR.US,D,20220506,000000,4.87,5.255,4.87,5.24,75994,0
OXBR.US,D,20220509,000000,5.3159,5.33,4.79,4.79,67156,0
OXBR.US,D,20220510,000000,4.82,5.1,4.82,4.94,32460,0
OXBR.US,D,20220511,000000,4.98,5.02,4.85,4.93,9507,0
OXBR.US,D,20220512,000000,4.9,4.9,4.52,4.55,44216,0
OXBR.US,D,20220513,000000,4.65,4.65,4.58,4.63,13896,0
OXBR.US,D,20220516,000000,4.61,4.93,4.61,4.85,68644,0
OXBR.US,D,20220517,000000,4.95,5.0999,4.84,4.95,16458,0
OXBR.US,D,20220518,000000,4.98,5.0553,4.78,4.87,70309,0
OXBR.US,D,20220519,000000,4.91,4.92,4.8,4.84,13804,0
OXBR.US,D,20220520,000000,4.84,4.86,4.73,4.77,7022,0
OXBR.US,D,20220523,000000,4.75,4.8124,4.63,4.65,8064,0
OXBR.US,D,20220524,000000,4.655,4.655,4.49,4.62,15233,0
OXBR.US,D,20220525,000000,4.61,4.9704,4.61,4.85,16038,0
OXBR.US,D,20220526,000000,4.9,5,4.7,4.76,38425,0
OXBR.US,D,20220527,000000,4.82,5.105,4.7,4.92,149121,0
OXBR.US,D,20220531,000000,4.85,5.25,4.85,5.2,122971,0
OXBR.US,D,20220601,000000,5.31,5.4299,5.305,5.3314,45797,0
OXBR.US,D,20220602,000000,5.27,5.43,5.27,5.42,33822,0
OXBR.US,D,20220603,000000,5.39,5.73,5.34,5.6,18503,0
OXBR.US,D,20220606,000000,5.7,5.7447,5.5,5.66,34440,0
OXBR.US,D,20220607,000000,5.62,5.7,4.96,5.04,109100,0
OXBR.US,D,20220608,000000,4.96,5.3205,4.35,4.4,71261,0
OXBR.US,D,20220609,000000,4.63,4.63,3.5101,3.62,109468,0
OXBR.US,D,20220610,000000,3.95,4.37,3.56,4.34,146727,0
OXBR.US,D,20220613,000000,4.23,4.23,3.85,3.93,31765,0
OXBR.US,D,20220614,000000,4.12,4.23,4,4.02,60003,0
OXBR.US,D,20220615,000000,3.91,4.12,3.652,4.03,47134,0
OXBR.US,D,20220616,000000,4,4.07,3.82,3.87,47747,0
OXBR.US,D,20220617,000000,3.92,4.3799,3.88,4.05,6725,0
OXBR.US,D,20220621,000000,4.05,4.05,3.83,3.94,42498,0
OXBR.US,D,20220622,000000,3.94,4.0378,3.55,3.72,62570,0
OXBR.US,D,20220623,000000,3.7,3.88,3.69,3.77,21146,0
OXBR.US,D,20220624,000000,3.67,3.96,3.67,3.8,45260,0
OXBR.US,D,20220627,000000,3.7,3.795,3.6,3.62,25472,0
OXBR.US,D,20220628,000000,3.8558,3.8558,3.47,3.47,5467,0
OXBR.US,D,20220629,000000,3.34,3.48,3.32,3.36,22675,0
OXBR.US,D,20220630,000000,3.46,3.5399,3.19,3.34,24053,0
OXBR.US,D,20220701,000000,3.25,3.4899,3.1,3.26,30153,0
OXBR.US,D,20220705,000000,3.11,3.5299,2.94,3.02,103752,0
OXBR.US,D,20220706,000000,2.9438,3.0099,2.46,2.73,330491,0
OXBR.US,D,20220707,000000,2.73,3.0399,2.5807,2.95,55815,0
OXBR.US,D,20220708,000000,2.89,3.0272,2.87,2.97,18666,0
OXBR.US,D,20220711,000000,2.71,3.055,2.71,2.99,42466,0
OXBR.US,D,20220712,000000,2.83,2.9899,2.71,2.82,51078,0
OXBR.US,D,20220713,000000,2.75,3,2.75,2.97,26956,0
OXBR.US,D,20220714,000000,3.05,3.347,3.02,3.19,82182,0
OXBR.US,D,20220715,000000,3.23,3.3799,3.1492,3.32,60090,0
OXBR.US,D,20220718,000000,3.34,3.4,3.0402,3.38,35708,0
OXBR.US,D,20220719,000000,3.32,3.4307,3.25,3.29,18999,0
OXBR.US,D,20220720,000000,3.3,3.78,3.2745,3.6,29037,0
OXBR.US,D,20220721,000000,3.57,3.6,3.21,3.51,13737,0
OXBR.US,D,20220722,000000,3.53,3.53,3.2,3.46,18781,0
OXBR.US,D,20220725,000000,3.22,3.6399,3.15,3.39,19180,0
OXBR.US,D,20220726,000000,3.21,3.56,3.21,3.48,17330,0
OXBR.US,D,20220727,000000,3.5799,3.59,3.4,3.42,22113,0
OXBR.US,D,20220728,000000,3.38,3.5799,3.38,3.47,19028,0
OXBR.US,D,20220729,000000,3.48,3.7999,3.42,3.49,15679,0
OXBR.US,D,20220801,000000,3.54,3.7514,3.49,3.58,9146,0
OXBR.US,D,20220802,000000,3.42,3.5544,3.13,3.3,16731,0
OXBR.US,D,20220803,000000,3.3999,3.58,3.11,3.18,46083,0
OXBR.US,D,20220804,000000,3.49,3.5424,3.1007,3.3,24373,0
OXBR.US,D,20220805,000000,3.3,3.42,3.1983,3.4,2889,0
OXBR.US,D,20220808,000000,3.39,3.4291,3.208,3.33,13318,0
OXBR.US,D,20220809,000000,3.2464,3.3521,3.21,3.25,1327,0
OXBR.US,D,20220810,000000,3.4071,3.4071,3.11,3.2,20726,0
OXBR.US,D,20220811,000000,3.11,3.1214,3.062,3.07,4432,0
OXBR.US,D,20220812,000000,3.1,3.1,3.015,3.04,20632,0
OXBR.US,D,20220815,000000,2.9,3.04,2.9,3.04,4718,0
OXBR.US,D,20220816,000000,3.05,3.0624,2.902,2.975,9723,0
OXBR.US,D,20220817,000000,2.95,3.0816,2.9499,2.95,5283,0
OXBR.US,D,20220818,000000,2.925,2.9846,2.9001,2.91,4793,0
OXBR.US,D,20220819,000000,2.94,2.95,2.94,2.94,782,0
OXBR.US,D,20220822,000000,2.82,2.9781,2.75,2.91,3568,0
OXBR.US,D,20220823,000000,2.85,2.9599,2.81,2.9599,1687,0
OXBR.US,D,20220824,000000,2.945,2.9712,2.89,2.94,4945,0
OXBR.US,D,20220825,000000,3.0581,3.0999,2.97,3.005,9452,0
OXBR.US,D,20220826,000000,2.96,3.0499,2.84,2.87,12871,0
OXBR.US,D,20220829,000000,2.901,2.9799,2.82,2.82,7115,0
OXBR.US,D,20220830,000000,2.85,2.85,2.655,2.67,8485,0
OXBR.US,D,20220831,000000,2.66,2.73,2.645,2.7,11693,0
OXBR.US,D,20220901,000000,2.65,2.715,2.6107,2.6686,7272,0
OXBR.US,D,20220902,000000,2.64,2.7699,2.62,2.7,11006,0
OXBR.US,D,20220906,000000,2.66,2.66,2.53,2.53,1629,0
OXBR.US,D,20220907,000000,2.6,2.7799,2.5,2.7699,10004,0
OXBR.US,D,20220908,000000,2.83,2.83,2.61,2.63,2253,0
OXBR.US,D,20220909,000000,2.63,2.9999,2.63,2.73,3686,0
OXBR.US,D,20220912,000000,2.56,2.8199,2.56,2.72,9574,0
OXBR.US,D,20220913,000000,2.6,2.7499,2.52,2.56,5050,0
OXBR.US,D,20220914,000000,2.6,2.78,2.56,2.56,7300,0
OXBR.US,D,20220915,000000,2.9399,2.9399,2.64,2.69,2823,0
OXBR.US,D,20220916,000000,2.75,2.9899,2.51,2.52,15127,0
OXBR.US,D,20220919,000000,2.45,2.47,2.3601,2.4562,7330,0
OXBR.US,D,20220920,000000,2.4,2.4,2.36,2.39,2281,0
OXBR.US,D,20220921,000000,2.3609,2.3632,2.3609,2.3632,711,0
OXBR.US,D,20220922,000000,2.26,2.2602,2.21,2.22,2952,0
OXBR.US,D,20220923,000000,2.25,2.25,2.08,2.14,7758,0
OXBR.US,D,20220926,000000,2.19,2.19,2.04,2.1,4854,0
OXBR.US,D,20220927,000000,2.0775,2.1999,2.0775,2.09,5830,0
OXBR.US,D,20220928,000000,2.0561,2.13,2.04,2.06,1964,0
OXBR.US,D,20220929,000000,2.1435,2.2199,2.0401,2.1567,3191,0
OXBR.US,D,20220930,000000,2.18,2.19,2.104,2.13,4771,0
OXBR.US,D,20221003,000000,2.2478,2.4199,2.2048,2.39,17325,0
OXBR.US,D,20221004,000000,2.47,2.47,2.25,2.32,5290,0
OXBR.US,D,20221005,000000,2.21,2.4199,2.05,2.17,6724,0
OXBR.US,D,20221006,000000,2.2496,2.2496,2.2496,2.2496,440,0
OXBR.US,D,20221007,000000,2.225,2.3344,2.1,2.2,1032,0
OXBR.US,D,20221010,000000,2.15,2.3544,2.15,2.225,1552,0
OXBR.US,D,20221011,000000,2.22,2.22,2.14,2.14,1206,0
OXBR.US,D,20221013,000000,2.09,2.1907,2.01,2.05,16687,0
OXBR.US,D,20221014,000000,2.16,2.1997,2.02,2.06,24321,0
OXBR.US,D,20221017,000000,2.095,2.115,2.02,2.0616,13679,0
OXBR.US,D,20221018,000000,2.34,2.34,2.08,2.1,17382,0
OXBR.US,D,20221019,000000,2.0865,2.12,2.05,2.05,19531,0
OXBR.US,D,20221020,000000,2.105,2.12,2.06,2.1144,2998,0
OXBR.US,D,20221021,000000,2.09,2.1599,2.05,2.08,1542,0
OXBR.US,D,20221024,000000,2.18,2.18,2.07,2.13,1311,0
OXBR.US,D,20221025,000000,2.12,2.12,1.97,2.02,36026,0
OXBR.US,D,20221026,000000,2.1399,2.1399,2.01,2.01,5618,0
OXBR.US,D,20221027,000000,1.99,2.1399,1.95,1.97,27688,0
OXBR.US,D,20221028,000000,1.95,2.0877,1.9,2.06,30539,0
OXBR.US,D,20221031,000000,2.02,2.06,1.9258,2.02,7105,0
OXBR.US,D,20221101,000000,2.03,2.1,1.99,2,13562,0
OXBR.US,D,20221102,000000,1.97,1.97,1.95,1.95,985,0
OXBR.US,D,20221104,000000,2,2,1.86,1.86,4696,0
OXBR.US,D,20221107,000000,2.0316,2.0316,1.905,1.905,611,0
OXBR.US,D,20221108,000000,1.93,1.93,1.88,1.91,1566,0
OXBR.US,D,20221109,000000,1.9,1.91,1.852,1.89,3237,0
OXBR.US,D,20221110,000000,1.91,1.91,1.89,1.8901,1950,0
OXBR.US,D,20221111,000000,1.91,1.96,1.84,1.8801,14762,0
OXBR.US,D,20221114,000000,1.96,2.0999,1.89,1.89,6557,0
OXBR.US,D,20221115,000000,1.85,1.85,1.8363,1.8363,1732,0
OXBR.US,D,20221116,000000,1.82,1.82,1.62,1.72,9301,0
OXBR.US,D,20221117,000000,1.82,1.9,1.81,1.9,5105,0
OXBR.US,D,20221118,000000,1.93,1.93,1.845,1.87,27663,0
OXBR.US,D,20221121,000000,1.8875,1.8875,1.83,1.87,2425,0
OXBR.US,D,20221122,000000,1.9499,1.9499,1.74,1.78,1549,0
OXBR.US,D,20221123,000000,1.9389,1.9389,1.681,1.8999,721,0
OXBR.US,D,20221125,000000,1.91,1.91,1.7101,1.815,4164,0
OXBR.US,D,20221128,000000,1.69,1.78,1.57,1.78,14601,0
OXBR.US,D,20221129,000000,1.765,1.765,1.66,1.67,9966,0
OXBR.US,D,20221130,000000,1.68,1.8,1.68,1.75,49235,0
OXBR.US,D,20221201,000000,1.83,1.885,1.69,1.85,14150,0
OXBR.US,D,20221202,000000,1.84,1.9026,1.68,1.7,16011,0
OXBR.US,D,20221205,000000,1.725,1.7399,1.67,1.705,17002,0
OXBR.US,D,20221206,000000,1.9199,1.9199,1.64,1.66,3459,0
OXBR.US,D,20221207,000000,1.61,1.8728,1.61,1.81,1205,0
OXBR.US,D,20221208,000000,1.55,1.8445,1.55,1.78,7077,0
OXBR.US,D,20221209,000000,1.55,1.7699,1.55,1.7399,2990,0
OXBR.US,D,20221212,000000,1.55,1.6596,1.485,1.63,3204,0
OXBR.US,D,20221213,000000,1.4,1.6797,1.4,1.5899,5907,0
OXBR.US,D,20221214,000000,1.36,1.5719,1.36,1.44,3599,0
OXBR.US,D,20221215,000000,1.41,1.5732,1.41,1.48,1697,0
OXBR.US,D,20221216,000000,1.48,1.57,1.41,1.57,1987,0
OXBR.US,D,20221219,000000,1.59,1.59,1.41,1.42,3140,0
OXBR.US,D,20221220,000000,1.41,1.5759,1.41,1.45,3271,0
OXBR.US,D,20221221,000000,1.45,1.47,1.45,1.46,4186,0
OXBR.US,D,20221222,000000,1.46,1.46,1.0701,1.23,72852,0
OXBR.US,D,20221223,000000,1.28,1.36,1.205,1.245,13108,0
OXBR.US,D,20221227,000000,1.24,1.2497,1.12,1.2,20441,0
OXBR.US,D,20221228,000000,1.1741,1.1797,1.14,1.14,6318,0
OXBR.US,D,20221229,000000,1.2499,1.2499,1.12,1.1774,3803,0
OXBR.US,D,20221230,000000,1.0798,1.2,1.07,1.2,33147,0
OXBR.US,D,20230103,000000,1.25,1.25,1.16,1.19,2470,0
OXBR.US,D,20230104,000000,1.24,1.49,1.2,1.44,17854,0
OXBR.US,D,20230105,000000,1.4,1.54,1.3443,1.54,24578,0
OXBR.US,D,20230106,000000,1.485,2.31,1.485,2.21,96872,0
OXBR.US,D,20230109,000000,2.35,2.4,2.1,2.37,37101,0
OXBR.US,D,20230110,000000,2.37,2.4489,2.3,2.42,13527,0
OXBR.US,D,20230111,000000,2.4,2.87,2.4,2.78,55397,0
OXBR.US,D,20230112,000000,2.75,2.75,2.32,2.63,40113,0
OXBR.US,D,20230113,000000,2.56,2.6,2.35,2.48,17605,0
OXBR.US,D,20230117,000000,2.52,2.5496,2.35,2.39,9455,0
OXBR.US,D,20230118,000000,2.43,2.43,2.3,2.33,2479,0
OXBR.US,D,20230119,000000,2.31,2.31,2.085,2.25,22489,0
OXBR.US,D,20230120,000000,2.24,2.25,2.1128,2.15,12959,0
OXBR.US,D,20230123,000000,2.2135,2.2275,1.97,2.06,4752,0
OXBR.US,D,20230124,000000,2.09,2.1614,2.09,2.1399,2889,0
OXBR.US,D,20230125,000000,2.18,2.18,1.96,2.01,6906,0
OXBR.US,D,20230126,000000,2.11,2.14,2.02,2.14,4142,0
OXBR.US,D,20230127,000000,2.19,2.19,2.1,2.15,3794,0
OXBR.US,D,20230130,000000,2.09,2.2,2.08,2.2,11134,0
OXBR.US,D,20230131,000000,2.25,2.2501,2.2499,2.25,7700,0
OXBR.US,D,20230201,000000,2.2999,2.6999,2.29,2.6,46524,0
OXBR.US,D,20230202,000000,2.6001,2.725,2.6001,2.62,12292,0
OXBR.US,D,20230203,000000,2.6,2.65,2.6,2.62,7269,0
OXBR.US,D,20230206,000000,2.6726,2.6726,2.51,2.51,34926,0
OXBR.US,D,20230207,000000,2.5537,2.5537,2.05,2.14,35582,0
OXBR.US,D,20230208,000000,2.15,2.2117,2.0501,2.2117,3287,0
OXBR.US,D,20230209,000000,2.11,2.21,2.1,2.1,968,0
OXBR.US,D,20230210,000000,2.17,2.17,1.92,2.09,11462,0
OXBR.US,D,20230213,000000,1.9101,2.0999,1.9101,2.0999,1609,0
OXBR.US,D,20230214,000000,2.065,2.065,2.065,2.065,544,0
OXBR.US,D,20230215,000000,2.07,2.1383,2,2,11448,0
OXBR.US,D,20230216,000000,2,2.11,1.99,2.05,28335,0
OXBR.US,D,20230217,000000,2.01,2.038,2,2,2440,0
OXBR.US,D,20230221,000000,2.055,2.055,2.04,2.04,985,0
OXBR.US,D,20230222,000000,2.3149,2.3149,2,2.02,5590,0
OXBR.US,D,20230223,000000,2.09,2.09,1.9616,2.0199,1677,0
OXBR.US,D,20230224,000000,2.05,2.0826,1.8869,1.94,6902,0
OXBR.US,D,20230227,000000,2.13,2.13,1.92,2.01,7140,0
OXBR.US,D,20230228,000000,2.17,2.17,1.92,1.955,24827,0
OXBR.US,D,20230301,000000,1.96,2.1712,1.96,1.96,8989,0
OXBR.US,D,20230302,000000,1.9475,1.9599,1.8,1.84,10119,0
OXBR.US,D,20230303,000000,2.1199,2.1199,1.89,1.89,17803,0
OXBR.US,D,20230306,000000,1.9829,1.9829,1.91,1.97,1935,0
OXBR.US,D,20230307,000000,1.912,1.94,1.91,1.91,1803,0
OXBR.US,D,20230308,000000,1.9,1.94,1.87,1.93,1922,0
OXBR.US,D,20230309,000000,1.8999,1.9,1.84,1.84,2331,0
OXBR.US,D,20230310,000000,1.84,1.893,1.84,1.8556,1198,0
OXBR.US,D,20230313,000000,1.84,1.9,1.84,1.86,4608,0
OXBR.US,D,20230314,000000,1.84,1.94,1.84,1.85,2539,0
OXBR.US,D,20230315,000000,1.88,1.88,1.84,1.84,1675,0
OXBR.US,D,20230316,000000,1.77,1.89,1.64,1.8,10311,0
OXBR.US,D,20230317,000000,1.57,1.85,1.57,1.74,3994,0
OXBR.US,D,20230320,000000,1.63,1.7199,1.63,1.7199,2635,0
OXBR.US,D,20230321,000000,1.72,1.7999,1.72,1.7799,802,0
OXBR.US,D,20230322,000000,1.78,1.78,1.78,1.78,433,0
OXBR.US,D,20230323,000000,1.8599,1.95,1.79,1.9499,8545,0
OXBR.US,D,20230324,000000,1.95,2.412,1.9341,2.04,295348,0
OXBR.US,D,20230327,000000,2.09,2.09,1.76,1.81,50759,0
OXBR.US,D,20230328,000000,1.72,1.8959,1.65,1.71,41303,0
OXBR.US,D,20230329,000000,1.86,2.0552,1.7101,1.78,8513,0
OXBR.US,D,20230330,000000,1.73,2.0599,1.73,1.85,5092,0
OXBR.US,D,20230331,000000,2.05,2.05,1.75,1.75,8917,0
OXBR.US,D,20230403,000000,1.79,1.79,1.691,1.691,4059,0
OXBR.US,D,20230404,000000,1.65,1.68,1.64,1.64,3429,0
OXBR.US,D,20230405,000000,1.7499,1.7499,1.66,1.7408,9577,0
OXBR.US,D,20230406,000000,1.6711,1.69,1.6711,1.69,875,0
OXBR.US,D,20230410,000000,1.62,1.77,1.62,1.7638,2056,0
OXBR.US,D,20230411,000000,1.63,1.7565,1.62,1.6876,12288,0
OXBR.US,D,20230412,000000,1.6,1.7057,1.6,1.62,2829,0
OXBR.US,D,20230413,000000,1.64,1.67,1.57,1.57,2501,0
OXBR.US,D,20230414,000000,1.59,1.64,1.59,1.6,4382,0
OXBR.US,D,20230417,000000,1.55,1.6299,1.475,1.51,21599,0
OXBR.US,D,20230418,000000,1.51,1.5101,1.31,1.31,14059,0
OXBR.US,D,20230419,000000,1.25,1.5106,1.21,1.21,47193,0
OXBR.US,D,20230420,000000,1.31,1.31,1.21,1.26,15270,0
OXBR.US,D,20230421,000000,1.26,1.42,1.26,1.37,24906,0
OXBR.US,D,20230424,000000,1.29,1.46,1.26,1.35,36236,0
OXBR.US,D,20230425,000000,1.4399,1.4399,1.3156,1.33,2488,0
OXBR.US,D,20230426,000000,1.3393,1.3699,1.22,1.28,4293,0
OXBR.US,D,20230427,000000,1.4215,1.4215,1.2201,1.3699,942,0
OXBR.US,D,20230428,000000,1.36,1.36,1.14,1.19,19412,0
OXBR.US,D,20230501,000000,1.19,1.2,1.17,1.17,1568,0
OXBR.US,D,20230502,000000,1.16,1.25,1.16,1.2499,4542,0
OXBR.US,D,20230503,000000,1.17,1.2313,1.14,1.14,4013,0
OXBR.US,D,20230504,000000,1.14,1.19,1.14,1.18,4335,0
OXBR.US,D,20230505,000000,1.228,1.3065,1.13,1.18,34249,0
OXBR.US,D,20230508,000000,1.25,1.25,1.15,1.19,7934,0
OXBR.US,D,20230509,000000,1.14,1.31,1.11,1.29,19681,0
OXBR.US,D,20230510,000000,1.3553,1.37,1.2655,1.36,4404,0
OXBR.US,D,20230511,000000,1.37,1.371,1.28,1.3542,3987,0
OXBR.US,D,20230512,000000,1.31,1.375,1.295,1.3199,10274,0
OXBR.US,D,20230515,000000,1.31,1.3125,1.23,1.2501,2988,0
OXBR.US,D,20230516,000000,1.29,1.29,1.226,1.29,4023,0
OXBR.US,D,20230517,000000,1.18,1.24,1.18,1.24,731,0
OXBR.US,D,20230518,000000,1.24,1.2453,1.123,1.2453,12437,0
OXBR.US,D,20230519,000000,1.28,1.28,1.1901,1.26,6306,0
OXBR.US,D,20230522,000000,1.16,1.3399,1.16,1.3,3079,0
OXBR.US,D,20230523,000000,1.3,1.3,1.2124,1.24,5919,0
OXBR.US,D,20230524,000000,1.28,1.28,1.22,1.22,1292,0
OXBR.US,D,20230525,000000,1.29,1.29,1.18,1.19,3347,0
OXBR.US,D,20230526,000000,1.2592,1.2592,1.17,1.17,3309,0
OXBR.US,D,20230530,000000,1.29,1.3299,1.17,1.2328,6646,0
OXBR.US,D,20230531,000000,1.21,1.2963,1.1997,1.2887,76471,0
OXBR.US,D,20230601,000000,1.3,1.46,1.3,1.4278,32621,0
OXBR.US,D,20230602,000000,1.39,1.6,1.39,1.51,45344,0
OXBR.US,D,20230605,000000,1.52,1.5999,1.36,1.5219,19128,0
OXBR.US,D,20230606,000000,1.3869,1.71,1.3869,1.6464,35135,0
OXBR.US,D,20230607,000000,1.77,1.77,1.56,1.57,17601,0
OXBR.US,D,20230608,000000,1.76,1.76,1.43,1.54,24116,0
OXBR.US,D,20230609,000000,1.6371,1.66,1.49,1.57,4538,0
OXBR.US,D,20230612,000000,1.569,1.6999,1.569,1.6,6694,0
OXBR.US,D,20230613,000000,1.6509,1.72,1.57,1.61,33188,0
OXBR.US,D,20230614,000000,1.655,1.8199,1.59,1.76,65887,0
OXBR.US,D,20230615,000000,1.7217,1.92,1.6,1.79,19512,0
OXBR.US,D,20230616,000000,1.75,1.9,1.75,1.85,8145,0
OXBR.US,D,20230620,000000,1.78,1.8378,1.7037,1.81,9228,0
OXBR.US,D,20230621,000000,1.7114,1.79,1.7114,1.76,5405,0
OXBR.US,D,20230622,000000,1.85,1.85,1.74,1.75,4921,0
OXBR.US,D,20230623,000000,1.7969,1.7969,1.7,1.7,5740,0
OXBR.US,D,20230626,000000,1.85,1.9899,1.77,1.9,37297,0
OXBR.US,D,20230627,000000,1.97,1.97,1.9,1.9057,14379,0
OXBR.US,D,20230628,000000,1.97,1.9999,1.9,1.9,16185,0
OXBR.US,D,20230629,000000,1.94,1.94,1.86,1.9,3594,0
OXBR.US,D,20230630,000000,1.89,1.9699,1.79,1.7999,2517,0
OXBR.US,D,20230703,000000,1.69,1.7887,1.69,1.7,1658,0
OXBR.US,D,20230705,000000,1.7,1.7913,1.7,1.7,2244,0
OXBR.US,D,20230706,000000,1.5,1.67,1.5,1.6262,7492,0
OXBR.US,D,20230707,000000,1.56,1.747,1.56,1.57,5781,0
OXBR.US,D,20230710,000000,1.785,1.785,1.48,1.53,22530,0
OXBR.US,D,20230711,000000,1.52,1.7504,1.44,1.51,12924,0
OXBR.US,D,20230712,000000,1.45,1.765,1.45,1.58,137136,0
OXBR.US,D,20230713,000000,1.78,1.8102,1.6501,1.68,4133,0
OXBR.US,D,20230714,000000,1.65,1.87,1.65,1.8,44737,0
OXBR.US,D,20230717,000000,1.8219,2.03,1.81,1.85,24679,0
OXBR.US,D,20230718,000000,1.901,1.901,1.85,1.86,14052,0
OXBR.US,D,20230719,000000,1.95,1.9681,1.85,1.9315,5159,0
OXBR.US,D,20230720,000000,1.91,1.91,1.8,1.8,7358,0
OXBR.US,D,20230721,000000,1.8,1.95,1.8,1.82,3886,0
OXBR.US,D,20230724,000000,1.92,1.95,1.8,1.85,12805,0
OXBR.US,D,20230725,000000,1.84,1.8865,1.83,1.85,22052,0
OXBR.US,D,20230726,000000,1.85,1.94,1.8,1.86,12020,0
OXBR.US,D,20230727,000000,1.86,1.9164,1.7301,1.82,6181,0
OXBR.US,D,20230728,000000,1.6901,1.82,1.67,1.707,3957,0
OXBR.US,D,20230731,000000,1.67,1.739,1.61,1.61,18329,0
OXBR.US,D,20230801,000000,1.64,1.64,1.56,1.6,9173,0
OXBR.US,D,20230802,000000,1.52,1.6227,1.3194,1.405,43653,0
OXBR.US,D,20230803,000000,1.32,1.4855,1.32,1.39,15637,0
OXBR.US,D,20230804,000000,1.5199,1.5199,1.3,1.3,5432,0
OXBR.US,D,20230807,000000,1.29,1.82,1.29,1.58,103924,0
OXBR.US,D,20230808,000000,1.53,1.59,1.4,1.54,15092,0
OXBR.US,D,20230809,000000,1.588,1.77,1.57,1.77,23232,0
OXBR.US,D,20230810,000000,1.79,1.9099,1.68,1.77,16599,0
OXBR.US,D,20230811,000000,1.7623,1.7999,1.6765,1.79,6313,0
OXBR.US,D,20230814,000000,1.68,1.7099,1.549,1.62,12869,0
OXBR.US,D,20230815,000000,1.43,1.6499,1.33,1.33,43458,0
OXBR.US,D,20230816,000000,1.33,1.4199,1.311,1.32,28180,0
OXBR.US,D,20230817,000000,1.28,1.5,1.25,1.26,32562,0
OXBR.US,D,20230818,000000,1.38,1.38,1.26,1.27,10083,0
OXBR.US,D,20230821,000000,1.26,1.37,1.21,1.21,17029,0
OXBR.US,D,20230822,000000,1.22,1.36,1.16,1.2,14068,0
OXBR.US,D,20230823,000000,1.2432,1.3499,1.1803,1.19,13556,0
OXBR.US,D,20230824,000000,1.19,1.27,1.15,1.19,12947,0
OXBR.US,D,20230825,000000,1.16,1.2529,1.16,1.22,1887,0
OXBR.US,D,20230828,000000,1.2,1.2286,1.12,1.13,44593,0
OXBR.US,D,20230829,000000,1.24,1.24,1.13,1.13,2556,0
OXBR.US,D,20230830,000000,1.15,1.2,1.13,1.2,10280,0
OXBR.US,D,20230831,000000,1.19,1.2099,1.12,1.17,10702,0
OXBR.US,D,20230901,000000,1.24,1.24,1.11,1.16,10843,0
OXBR.US,D,20230905,000000,1.11,1.2212,1.11,1.13,2514,0
OXBR.US,D,20230906,000000,1.2399,1.2399,1.05,1.07,15055,0
OXBR.US,D,20230907,000000,1.04,1.0401,1.01,1.01,12620,0
OXBR.US,D,20230908,000000,1.01,1.1457,1.01,1.1,35995,0
OXBR.US,D,20230911,000000,1.1,1.1201,1.1,1.1,37160,0
OXBR.US,D,20230912,000000,1.1,1.12,1.085,1.085,86116,0
OXBR.US,D,20230913,000000,1.21,1.21,1.02,1.02,11996,0
OXBR.US,D,20230914,000000,1.093,1.093,0.981,1.0196,13800,0
OXBR.US,D,20230915,000000,1,1.0999,1,1.03,21620,0
OXBR.US,D,20230918,000000,1.01,1.0323,0.96,0.96,21351,0
OXBR.US,D,20230919,000000,0.97,0.9937,0.96,0.96,8962,0
OXBR.US,D,20230920,000000,0.96,1.103,0.96,1.005,134280,0
OXBR.US,D,20230921,000000,0.9748,1.1255,0.97,1.03,11257,0
OXBR.US,D,20230922,000000,1.0653,1.1499,0.9805,0.9805,26192,0
OXBR.US,D,20230925,000000,1.02,1.1355,0.9906,1.04,31502,0
OXBR.US,D,20230926,000000,1.118,1.118,1.0401,1.09,9035,0
OXBR.US,D,20230927,000000,1.0729,1.11,1.03,1.095,7121,0
OXBR.US,D,20230928,000000,1.08,1.1399,1.025,1.08,11726,0
OXBR.US,D,20230929,000000,1.14,1.4,1.13,1.4,98773,0
OXBR.US,D,20231002,000000,1.43,1.68,1.4,1.67,88961,0
OXBR.US,D,20231003,000000,1.64,1.83,1.61,1.635,52037,0
OXBR.US,D,20231004,000000,1.62,1.62,1.36,1.59,22769,0
OXBR.US,D,20231005,000000,1.5,1.59,1.38,1.53,10862,0
OXBR.US,D,20231006,000000,1.61,1.61,1.49,1.57,3884,0
OXBR.US,D,20231009,000000,1.4626,1.48,1.42,1.48,987,0
OXBR.US,D,20231010,000000,1.52,1.6999,1.515,1.58,13116,0
OXBR.US,D,20231011,000000,1.46,1.5599,1.46,1.47,863,0
OXBR.US,D,20231012,000000,1.7499,1.7499,1.5,1.5,3747,0
OXBR.US,D,20231013,000000,1.575,1.575,1.51,1.55,1059,0
OXBR.US,D,20231016,000000,1.54,1.58,1.4955,1.5,3512,0
OXBR.US,D,20231017,000000,1.55,1.6,1.55,1.58,8022,0
OXBR.US,D,20231018,000000,1.515,1.5626,1.47,1.56,2746,0
OXBR.US,D,20231019,000000,1.56,1.56,1.3401,1.4999,12628,0
OXBR.US,D,20231020,000000,1.43,1.5401,1.43,1.44,1748,0
OXBR.US,D,20231023,000000,1.43,1.54,1.43,1.52,14650,0
OXBR.US,D,20231024,000000,1.53,1.54,1.43,1.47,17417,0
OXBR.US,D,20231025,000000,1.42,1.5,1.42,1.5,6940,0
OXBR.US,D,20231026,000000,1.44,1.48,1.43,1.48,13846,0
OXBR.US,D,20231027,000000,1.44,1.4972,1.42,1.45,16191,0
OXBR.US,D,20231030,000000,1.44,1.47,1.42,1.43,3257,0
OXBR.US,D,20231031,000000,1.421,1.43,1.08,1.15,108688,0
OXBR.US,D,20231101,000000,1.1133,1.17,1.1133,1.17,4635,0
OXBR.US,D,20231102,000000,1.09,1.245,1.09,1.22,4392,0
OXBR.US,D,20231103,000000,1.2999,1.2999,1.23,1.23,1713,0
OXBR.US,D,20231106,000000,1.17,1.2909,1.17,1.2909,635,0
OXBR.US,D,20231107,000000,1.2498,1.2498,1.23,1.23,1904,0
OXBR.US,D,20231108,000000,1.18,1.2999,1.18,1.2999,2067,0
OXBR.US,D,20231109,000000,1.26,1.2899,1.1301,1.19,10410,0
OXBR.US,D,20231110,000000,1.12,1.24,1.12,1.24,2489,0
OXBR.US,D,20231113,000000,1.15,1.23,1.11,1.15,2443,0
OXBR.US,D,20231114,000000,1.145,1.174,1.07,1.09,21784,0
OXBR.US,D,20231115,000000,1.1501,1.25,1.13,1.1499,18267,0
OXBR.US,D,20231116,000000,1.24,1.24,1.16,1.16,736,0
OXBR.US,D,20231117,000000,1.12,1.17,1.12,1.13,2246,0
OXBR.US,D,20231120,000000,1.1618,1.23,1.03,1.23,7321,0
OXBR.US,D,20231121,000000,1.13,1.1418,1.054,1.1,5572,0
OXBR.US,D,20231122,000000,1.2177,1.2177,1.07,1.09,9335,0
OXBR.US,D,20231124,000000,1.22,1.22,1.07,1.07,4057,0
OXBR.US,D,20231127,000000,1.07,1.2156,1.07,1.1,1585,0
OXBR.US,D,20231128,000000,1.1677,1.1799,1.0938,1.125,1201,0
OXBR.US,D,20231129,000000,1.11,1.1699,1.1,1.1,980,0
OXBR.US,D,20231130,000000,1.07,1.17,1.05,1.0501,13203,0
OXBR.US,D,20231201,000000,1.1505,1.1505,1.04,1.105,4019,0
OXBR.US,D,20231204,000000,1.05,1.06,1.04,1.06,8937,0
OXBR.US,D,20231205,000000,1.03,1.18,1.03,1.11,14656,0
OXBR.US,D,20231206,000000,1.1,1.1001,1.04,1.091,3040,0
OXBR.US,D,20231207,000000,1.05,1.1799,1.03,1.0499,10450,0
OXBR.US,D,20231208,000000,1.0432,1.0791,1.03,1.0538,3083,0
OXBR.US,D,20231211,000000,1.1099,1.1099,1.03,1.07,7548,0
OXBR.US,D,20231212,000000,1.11,1.16,1.03,1.03,19915,0
OXBR.US,D,20231213,000000,1.0364,1.0999,1.01,1.01,11196,0
OXBR.US,D,20231214,000000,1.04,1.05,1.04,1.05,941,0
OXBR.US,D,20231215,000000,1.15,1.28,1.03,1.11,89522,0
OXBR.US,D,20231218,000000,1.07,1.1777,1.07,1.1165,2998,0
OXBR.US,D,20231219,000000,1.07,1.19,1.07,1.16,1621,0
OXBR.US,D,20231220,000000,1.09,1.1599,1.08,1.1599,4983,0
OXBR.US,D,20231221,000000,1.13,1.13,1.0961,1.1,884,0
OXBR.US,D,20231222,000000,1.13,1.14,1.11,1.13,3429,0
OXBR.US,D,20231226,000000,1.11,1.12,1.1,1.12,4192,0
OXBR.US,D,20231227,000000,1.14,1.14,1.03,1.0305,20054,0
OXBR.US,D,20231228,000000,1.09,1.1499,1.03,1.05,9729,0
OXBR.US,D,20231229,000000,1.044,1.17,1.03,1.1,59732,0
OXBR.US,D,20240102,000000,1.1,1.11,1.05,1.05,6321,0
OXBR.US,D,20240103,000000,1.101,1.13,0.99,1.06,54785,0
OXBR.US,D,20240104,000000,1.1,1.1,0.999,1.02,19887,0
OXBR.US,D,20240105,000000,0.9971,1.1,0.991,1.0702,39356,0
OXBR.US,D,20240108,000000,1.04,1.06,1.03,1.0312,7992,0
OXBR.US,D,20240109,000000,1.045,1.06,1.03,1.06,4024,0
OXBR.US,D,20240110,000000,1.0899,1.09,1.0001,1.0865,11358,0
OXBR.US,D,20240111,000000,1.0717,1.08,1.02,1.08,795,0
OXBR.US,D,20240112,000000,1.0472,1.065,1.0165,1.0165,4177,0
OXBR.US,D,20240116,000000,1.01,1.06,1.01,1.06,1963,0
OXBR.US,D,20240117,000000,1.07,1.07,1.03,1.03,2020,0
OXBR.US,D,20240118,000000,1.02,1.02,1.01,1.02,1569,0
OXBR.US,D,20240119,000000,1.0465,1.0465,1,1,15258,0
OXBR.US,D,20240122,000000,1,1.05,1,1.05,16906,0
OXBR.US,D,20240123,000000,1.0014,1.03,1,1,6777,0
OXBR.US,D,20240124,000000,1.05,1.1,1.0201,1.055,18234,0
OXBR.US,D,20240125,000000,1.042,1.042,1.01,1.01,8602,0
OXBR.US,D,20240126,000000,1.016,1.04,1,1,3608,0
OXBR.US,D,20240129,000000,1.0001,1.0001,1.0001,1.0001,619,0
OXBR.US,D,20240130,000000,1.0003,1.01,1,1,2381,0
OXBR.US,D,20240131,000000,1.01,1.01,1,1,1750,0
OXBR.US,D,20240201,000000,1.01,1.1,1,1,7754,0
OXBR.US,D,20240202,000000,1.022,1.035,1,1,6008,0
OXBR.US,D,20240205,000000,1.06,1.06,0.99,0.99,3340,0
OXBR.US,D,20240206,000000,0.99,1.025,0.99,1,1712,0
OXBR.US,D,20240207,000000,0.9906,1.01,0.9873,0.9873,3424,0
OXBR.US,D,20240208,000000,0.981,0.9905,0.98,0.98,1893,0
OXBR.US,D,20240209,000000,0.99,0.9999,0.985,0.9999,3711,0
OXBR.US,D,20240212,000000,1,1.05,1,1.01,7457,0
OXBR.US,D,20240213,000000,1.045,1.09,1.02,1.0238,11436,0
OXBR.US,D,20240214,000000,1.0003,1.02,1.0003,1.02,1435,0
OXBR.US,D,20240215,000000,1.045,1.05,1.0001,1.05,14956,0
OXBR.US,D,20240216,000000,1.05,1.05,0.98,1.03,75597,0
OXBR.US,D,20240220,000000,1.01,1.05,0.9816,1.02,20909,0
OXBR.US,D,20240221,000000,1,1,0.9856,0.99,4403,0
OXBR.US,D,20240222,000000,0.99,0.9901,0.979999,0.98,4924,0
OXBR.US,D,20240223,000000,0.9994,0.9994,0.98,0.9994,1910,0
OXBR.US,D,20240226,000000,1,1,0.9709,0.9709,2066,0
OXBR.US,D,20240227,000000,0.98,0.98,0.931,0.938,20052,0
OXBR.US,D,20240228,000000,0.95,0.99,0.93,0.93,9228,0
OXBR.US,D,20240229,000000,0.9277,0.95,0.9277,0.9497,10885,0
OXBR.US,D,20240301,000000,0.9933,0.9933,0.93,0.965,5085,0
OXBR.US,D,20240304,000000,0.95,0.950001,0.9301,0.9301,2934,0
OXBR.US,D,20240305,000000,0.94,0.94,0.87,0.885,11628,0
OXBR.US,D,20240306,000000,0.9399,0.9399,0.87,0.9299,11246,0
OXBR.US,D,20240307,000000,0.900001,0.900001,0.87,0.8999,11703,0
OXBR.US,D,20240308,000000,0.88,0.9399,0.88,0.8854,1992,0
OXBR.US,D,20240311,000000,0.87,1.02,0.87,0.99,55368,0
OXBR.US,D,20240312,000000,1,1.11,1,1.09,76181,0
OXBR.US,D,20240313,000000,1.0801,1.15,1.08,1.1,34694,0
OXBR.US,D,20240314,000000,1.1,1.12,1.06,1.06,5907,0
OXBR.US,D,20240315,000000,1.14,1.21,1.1,1.13,31690,0
OXBR.US,D,20240318,000000,1.1799,1.1799,1.13,1.13,4675,0
OXBR.US,D,20240319,000000,1.13,1.15,1.09,1.09,5262,0
OXBR.US,D,20240320,000000,1.1,1.106,1.1,1.1,1771,0
OXBR.US,D,20240321,000000,1.11,1.2,1.1,1.13,4283,0
OXBR.US,D,20240322,000000,1.185,1.185,1.09,1.1,25285,0
OXBR.US,D,20240325,000000,1.08,1.08,1.05,1.05,6655,0
OXBR.US,D,20240326,000000,1.05,1.08,1,1.07,17383,0
OXBR.US,D,20240327,000000,1.25,1.25,1.04,1.04,7058,0
OXBR.US,D,20240328,000000,1.04,1.18,0.99,1.06,58501,0
OXBR.US,D,20240401,000000,1.08,1.135,1.075,1.12,5405,0
OXBR.US,D,20240402,000000,1.13,1.14,1.1,1.13,11770,0
OXBR.US,D,20240403,000000,1.13,1.13,1.1,1.13,5941,0
OXBR.US,D,20240404,000000,1.14,1.1401,1.03,1.07,14036,0
OXBR.US,D,20240405,000000,1.09,1.105,1.05,1.09,8522,0
OXBR.US,D,20240408,000000,1.11,1.11,1.05,1.05,9237,0
OXBR.US,D,20240410,000000,1.05,1.0772,0.94,1.03,2852,0
OXBR.US,D,20240411,000000,1.05,1.06,0.94,1.03,26014,0
OXBR.US,D,20240412,000000,1.02,1.08,1,1,5769,0
OXBR.US,D,20240415,000000,1.02,1.08,1.01,1.01,1596,0
OXBR.US,D,20240416,000000,1.01,1.06,0.99,1.01,13950,0
OXBR.US,D,20240417,000000,1,1.0732,1,1.045,7140,0
OXBR.US,D,20240418,000000,1.04,1.04,1.03,1.03,468,0
OXBR.US,D,20240419,000000,1.04,1.04,1.01,1.04,2744,0
OXBR.US,D,20240422,000000,1.04,1.04,0.9792,1.02,9267,0
OXBR.US,D,20240423,000000,1,1.0988,1,1.07,5383,0
OXBR.US,D,20240424,000000,1.0988,1.0988,1.0988,1.0988,572,0
OXBR.US,D,20240425,000000,1.04,1.09,1.04,1.06,8089,0
OXBR.US,D,20240426,000000,1.08,1.0801,1.05,1.05,918,0
OXBR.US,D,20240429,000000,1.01,1.08,1.01,1.065,21470,0
OXBR.US,D,20240430,000000,1.04,1.0799,1.04,1.065,2629,0
OXBR.US,D,20240501,000000,1.08,1.1,1.075,1.0985,14437,0
OXBR.US,D,20240502,000000,1.15,1.2,1.1481,1.17,18783,0
OXBR.US,D,20240503,000000,1.16,1.22,1.15,1.18,21187,0
OXBR.US,D,20240506,000000,1.2001,1.29,1.2001,1.25,26952,0
OXBR.US,D,20240507,000000,1.22,1.3399,1.22,1.27,14702,0
OXBR.US,D,20240508,000000,1.34,1.78,1.33,1.54,303538,0
OXBR.US,D,20240509,000000,1.55,1.6507,1.26,1.295,108677,0
OXBR.US,D,20240510,000000,1.54,1.548,1.29,1.33,41768,0
OXBR.US,D,20240513,000000,1.35,1.448,1.32,1.32,11353,0
OXBR.US,D,20240514,000000,1.47,1.4795,1.37,1.479,29888,0
OXBR.US,D,20240515,000000,1.51,1.5999,1.4942,1.58,27344,0
OXBR.US,D,20240516,000000,1.635,1.75,1.635,1.75,37210,0
OXBR.US,D,20240517,000000,1.75,2,1.745,1.98,88054,0
OXBR.US,D,20240520,000000,2.1,2.249,1.81,2.02,75021,0
OXBR.US,D,20240521,000000,2.09,2.1992,2.08,2.13,24520,0
OXBR.US,D,20240522,000000,2.21,2.39,2.185,2.37,73609,0
OXBR.US,D,20240523,000000,2.55,2.55,2.2163,2.23,43851,0
OXBR.US,D,20240524,000000,2.3,2.3,1.96,2.2,64404,0
OXBR.US,D,20240528,000000,2.32,2.32,2.16,2.22,36121,0
OXBR.US,D,20240529,000000,2.27,2.27,2.14,2.18,14150,0
OXBR.US,D,20240530,000000,2.28,2.28,2.1,2.17,30216,0
OXBR.US,D,20240531,000000,2.28,2.29,2.15,2.2,25205,0
OXBR.US,D,20240603,000000,2.24,2.2402,2.1741,2.21,14440,0
OXBR.US,D,20240604,000000,2.17,2.23,2.085,2.15,16668,0
OXBR.US,D,20240605,000000,2.15,2.2,2.1101,2.18,10754,0
OXBR.US,D,20240606,000000,2.18,2.26,2.14,2.195,8922,0
OXBR.US,D,20240607,000000,2.09,2.185,2.09,2.18,6613,0
OXBR.US,D,20240610,000000,2.21,2.36,2,2.16,55231,0
OXBR.US,D,20240611,000000,2.21,2.23,2.15,2.23,64632,0
OXBR.US,D,20240612,000000,2.2999,2.2999,2.22,2.24,4974,0
OXBR.US,D,20240613,000000,2.21,2.61,2.2,2.39,114527,0
OXBR.US,D,20240614,000000,2.57,2.725,2.44,2.55,54489,0
OXBR.US,D,20240617,000000,2.84,2.899,2.57,2.7,62165,0
OXBR.US,D,20240618,000000,2.75,2.75,2.38,2.39,70831,0
OXBR.US,D,20240620,000000,2.44,2.55,2.44,2.51,21158,0
OXBR.US,D,20240621,000000,2.47,2.5836,2.2411,2.35,63821,0
OXBR.US,D,20240624,000000,2.35,2.5799,2.35,2.4,17453,0
OXBR.US,D,20240625,000000,2.4,2.49,2.36,2.44,13837,0
OXBR.US,D,20240626,000000,2.47,2.47,2.35,2.44,18010,0
OXBR.US,D,20240627,000000,2.43,2.46,2.4,2.42,6536,0
OXBR.US,D,20240628,000000,2.49,2.49,2.37,2.38,8373,0
OXBR.US,D,20240701,000000,2.425,2.425,2.29,2.29,6439,0
OXBR.US,D,20240702,000000,2.32,2.3529,2.29,2.34,13640,0
OXBR.US,D,20240703,000000,2.29,2.515,2.23,2.23,21478,0
OXBR.US,D,20240705,000000,2.39,2.4,2.26,2.26,8512,0
OXBR.US,D,20240708,000000,2.3254,2.4699,2.25,2.265,8064,0
OXBR.US,D,20240709,000000,2.26,2.305,2.1301,2.22,28610,0
OXBR.US,D,20240710,000000,2.25,2.34,2.2277,2.34,9007,0
OXBR.US,D,20240711,000000,2.35,2.65,2.35,2.5,29231,0
OXBR.US,D,20240712,000000,2.55,2.56,2.52,2.54,26789,0
OXBR.US,D,20240715,000000,2.54,2.5599,2.53,2.54,9524,0
OXBR.US,D,20240716,000000,2.55,2.56,2.52,2.54,8991,0
OXBR.US,D,20240717,000000,2.6499,3.22,2.57,2.8,79039,0
OXBR.US,D,20240718,000000,2.89,3.0999,2.85,2.87,44027,0
OXBR.US,D,20240719,000000,2.9,2.95,2.85,2.885,46726,0
OXBR.US,D,20240722,000000,2.99,3.7199,2.9052,3.39,158814,0
OXBR.US,D,20240723,000000,3.62,3.62,3.28,3.4,51856,0
OXBR.US,D,20240724,000000,3.32,3.4394,3.32,3.43,22380,0
OXBR.US,D,20240725,000000,3.47,3.55,3.25,3.42,82122,0
OXBR.US,D,20240726,000000,3.49,3.49,2.8,2.95,82806,0
OXBR.US,D,20240729,000000,3.06,3.339,3,3.07,19508,0
OXBR.US,D,20240730,000000,3.2,3.2,2.82,2.83,46745,0
OXBR.US,D,20240731,000000,2.76,2.86,2.61,2.81,14695,0
OXBR.US,D,20240801,000000,2.89,2.89,2.75,2.81,2451,0
OXBR.US,D,20240802,000000,2.95,2.95,2.75,2.79,11404,0
OXBR.US,D,20240805,000000,2.75,3.06,2.31,2.65,117629,0
OXBR.US,D,20240806,000000,2.58,2.99,2.575,2.92,60094,0
OXBR.US,D,20240807,000000,2.99,3.27,2.56,2.73,152271,0
OXBR.US,D,20240808,000000,2.73,2.79,2.6901,2.71,12642,0
OXBR.US,D,20240809,000000,2.59,2.82,2.54,2.59,14799,0
OXBR.US,D,20240812,000000,2.6427,2.66,2.55,2.66,7662,0
OXBR.US,D,20240813,000000,2.68,2.68,2.61,2.65,2484,0
OXBR.US,D,20240814,000000,2.61,2.61,2.5016,2.525,2897,0
OXBR.US,D,20240815,000000,2.5221,2.5221,2.41,2.48,6615,0
OXBR.US,D,20240816,000000,2.54,2.55,2.225,2.24,35531,0
OXBR.US,D,20240819,000000,2.16,2.2674,2.08,2.1,29178,0
OXBR.US,D,20240820,000000,2.1,2.14,2.04,2.14,3361,0
OXBR.US,D,20240821,000000,2.12,2.19,2.12,2.17,3388,0
OXBR.US,D,20240822,000000,2.13,2.2,2.08,2.19,9281,0
OXBR.US,D,20240823,000000,2.17,2.17,2.1,2.12,12551,0
OXBR.US,D,20240826,000000,2.14,2.15,1.94,2.03,28852,0
OXBR.US,D,20240827,000000,2,2.145,1.73,1.885,39138,0
OXBR.US,D,20240828,000000,1.9,1.9628,1.87,1.9,6492,0
OXBR.US,D,20240829,000000,1.9,1.9899,1.88,1.92,7976,0
OXBR.US,D,20240830,000000,1.92,2.09,1.92,2.09,6697,0
OXBR.US,D,20240903,000000,2.09,2.3199,2.09,2.28,18359,0
OXBR.US,D,20240904,000000,2.395,2.43,2.26,2.29,8130,0
OXBR.US,D,20240905,000000,2.33,2.33,2.12,2.12,11132,0
OXBR.US,D,20240906,000000,2.16,2.4247,2.15,2.15,4890,0
OXBR.US,D,20240909,000000,2.12,2.37,2.12,2.23,4193,0
OXBR.US,D,20240910,000000,2.35,2.3899,2.2,2.21,8668,0
OXBR.US,D,20240911,000000,2.2712,2.32,2.25,2.28,7086,0
OXBR.US,D,20240912,000000,2.29,2.4499,2.29,2.39,1612,0
OXBR.US,D,20240913,000000,2.29,2.379,2.28,2.34,4928,0
OXBR.US,D,20240916,000000,2.3,2.34,2.2868,2.3,3116,0
OXBR.US,D,20240917,000000,2.33,2.35,2.32,2.35,2157,0
OXBR.US,D,20240918,000000,2.325,2.34,2.2,2.2,18166,0
OXBR.US,D,20240919,000000,2.28,2.376,2.28,2.35,10798,0
OXBR.US,D,20240920,000000,2.39,2.7,2.39,2.56,116858,0
OXBR.US,D,20240923,000000,2.55,2.7,2.495,2.56,29706,0
OXBR.US,D,20240924,000000,2.6,2.7,2.56,2.7,3981,0
OXBR.US,D,20240925,000000,2.655,2.999,2.65,2.78,47571,0
OXBR.US,D,20240926,000000,2.8,2.9499,2.8,2.8,22869,0
OXBR.US,D,20240927,000000,2.8,2.8197,2.73,2.79,9216,0
OXBR.US,D,20240930,000000,2.74,2.78,2.74,2.78,1699,0
OXBR.US,D,20241001,000000,2.81,2.9499,2.74,2.9499,898,0
OXBR.US,D,20241002,000000,2.97,2.97,2.85,2.895,1934,0
OXBR.US,D,20241003,000000,2.855,2.855,2.855,2.855,396,0
OXBR.US,D,20241004,000000,2.8868,2.8868,2.77,2.77,2548,0
OXBR.US,D,20241007,000000,2.72,2.8776,2.61,2.61,4487,0
OXBR.US,D,20241008,000000,2.817015,2.817015,2.42,2.42,18241,0
OXBR.US,D,20241009,000000,2.8899,2.8899,2.32,2.32,10203,0
OXBR.US,D,20241010,000000,2.35,2.51,2.35,2.51,15022,0
OXBR.US,D,20241011,000000,2.89,2.89,2.44,2.45,115976,0
OXBR.US,D,20241014,000000,2.43,2.8112,2.43,2.63,9394,0
OXBR.US,D,20241015,000000,2.7,2.8235,2.65,2.7,7021,0
OXBR.US,D,20241016,000000,2.8999,2.95,2.65,2.71,50376,0
OXBR.US,D,20241017,000000,2.9,3,2.31,2.55,108061,0
OXBR.US,D,20241018,000000,2.6,2.715,2.57,2.7,9272,0
OXBR.US,D,20241021,000000,2.65,2.89,2.65,2.86,7785,0
OXBR.US,D,20241022,000000,2.72,2.93,2.65,2.65,6930,0
OXBR.US,D,20241023,000000,2.66,2.8017,2.66,2.8,1110,0
OXBR.US,D,20241024,000000,2.68,2.8771,2.65,2.65,45270,0
OXBR.US,D,20241025,000000,2.8842,3,2.66,2.71,24184,0
OXBR.US,D,20241028,000000,2.7,2.9,2.69,2.89,4413,0
OXBR.US,D,20241029,000000,2.8899,2.935,2.87,2.92,3004,0
OXBR.US,D,20241030,000000,2.9,2.9,2.7,2.83,10765,0
OXBR.US,D,20241031,000000,2.86,3,2.75,2.78,2447,0
OXBR.US,D,20241101,000000,2.78,2.81,2.65,2.78,21305,0
OXBR.US,D,20241104,000000,2.85,2.85,2.71,2.71,1792,0
OXBR.US,D,20241105,000000,2.73,2.7605,2.62,2.7,8445,0
OXBR.US,D,20241106,000000,2.67,2.845,2.6,2.65,11266,0
OXBR.US,D,20241107,000000,2.67,2.8,2.67,2.67,2041,0
OXBR.US,D,20241108,000000,2.66,2.88,2.6153,2.7219,8431,0
OXBR.US,D,20241111,000000,2.7725,2.878,2.5501,2.6,17882,0
OXBR.US,D,20241112,000000,2.58,2.7773,2.47,2.7099,14356,0
OXBR.US,D,20241113,000000,2.74,2.9662,2.55,2.59,61935,0
OXBR.US,D,20241114,000000,2.41,2.71,2.41,2.71,20441,0
OXBR.US,D,20241115,000000,2.82,2.87,2.7005,2.74,6216,0
OXBR.US,D,20241118,000000,2.7297,3.095,2.7297,3.04,21815,0
OXBR.US,D,20241119,000000,3.1349,3.35,2.99,3.06,63865,0
OXBR.US,D,20241120,000000,3.06,3.11,3.02,3.1,11093,0
OXBR.US,D,20241121,000000,3.09,3.23,2.93,3.09,15396,0
OXBR.US,D,20241122,000000,2.99,3.202,2.98,3.05,14443,0
OXBR.US,D,20241125,000000,3.04,3.25,3.04,3.08,19787,0
OXBR.US,D,20241126,000000,3.16,3.19,3,3.05,11711,0
OXBR.US,D,20241127,000000,3.09,3.115,3.04,3.08,13057,0
OXBR.US,D,20241129,000000,3.1,3.13,3.055,3.08,12706,0
OXBR.US,D,20241202,000000,3.19,4.07,3.1213,3.9,166059,0
OXBR.US,D,20241203,000000,4.19,4.19,3.29,3.63,139149,0
OXBR.US,D,20241204,000000,3.45,3.65,3.45,3.65,13342,0
OXBR.US,D,20241205,000000,3.73,3.9227,3.6,3.645,25033,0
OXBR.US,D,20241206,000000,3.74,3.76,3.55,3.75,23075,0
OXBR.US,D,20241209,000000,3.874,3.91,3.623,3.75,26683,0
OXBR.US,D,20241210,000000,3.85,3.85,3.55,3.62,20920,0
OXBR.US,D,20241211,000000,3.71,4.0676,3.7,3.86,53730,0
OXBR.US,D,20241212,000000,3.96,4.1,3.73,3.8399,25735,0
OXBR.US,D,20241213,000000,3.9,3.9088,3.67,3.78,10649,0
OXBR.US,D,20241216,000000,3.7899,3.9173,3.55,3.75,33575,0
OXBR.US,D,20241217,000000,4,4.0731,3.6,3.66,56551,0
OXBR.US,D,20241218,000000,3.7208,3.7632,3.65,3.66,20118,0
OXBR.US,D,20241219,000000,3.68,3.75,3.6201,3.74,9113,0
OXBR.US,D,20241220,000000,3.72,4.035,3.72,3.95,22926,0
OXBR.US,D,20241223,000000,3.9,3.9,3.7601,3.8182,7019,0
OXBR.US,D,20241224,000000,3.83,4,3.76,3.95,17882,0
OXBR.US,D,20241226,000000,4,4.01,3.8,3.99,38217,0
OXBR.US,D,20241227,000000,4.05,4.89,4.0127,4.805,163108,0
OXBR.US,D,20241230,000000,4.96,4.96,3.81,4.12,99766,0
OXBR.US,D,20241231,000000,4.23,4.264,3.76,4.1205,37950,0
OXBR.US,D,20250102,000000,3.97,4.2352,3.76,4.125,13522,0
OXBR.US,D,20250103,000000,3.93,4.0956,3.78,3.93,20764,0
OXBR.US,D,20250106,000000,3.94,4.1122,3.7515,3.8059,15448,0
OXBR.US,D,20250107,000000,4.02,4.08,3.75,3.9735,19715,0
OXBR.US,D,20250108,000000,3.74,3.9194,3.7301,3.8467,21269,0
OXBR.US,D,20250110,000000,3.86,4.11,3.86,4.05,11774,0
OXBR.US,D,20250113,000000,3.89,4.05,3.85,3.94,47697,0
OXBR.US,D,20250114,000000,4.1093,4.1093,3.78,3.78,13831,0
OXBR.US,D,20250115,000000,3.81,3.93,3.63,3.8712,21170,0
OXBR.US,D,20250116,000000,3.99,4.0967,3.85,3.955,13816,0
OXBR.US,D,20250117,000000,4.05,4.4,3.9611,4.325,42501,0
OXBR.US,D,20250121,000000,4.52,4.62,4.27,4.36,38186,0
OXBR.US,D,20250122,000000,4.43,5.05,4.43,4.9,114144,0
OXBR.US,D,20250123,000000,4.9,5.0064,4.5,4.5151,65526,0
OXBR.US,D,20250124,000000,4.55,5.04,4.3607,4.857,38439,0
OXBR.US,D,20250127,000000,4.95,4.99,4.5,4.5,23620,0
OXBR.US,D,20250128,000000,4.6,4.7203,4.4,4.67,15946,0
OXBR.US,D,20250129,000000,4.59,4.7,4.37,4.37,28827,0
OXBR.US,D,20250130,000000,4.62,4.7376,4.46,4.55,12283,0
OXBR.US,D,20250131,000000,4.66,4.6922,4.2501,4.27,54702,0
OXBR.US,D,20250203,000000,4.2176,4.5467,4.16,4.37,33994,0
OXBR.US,D,20250204,000000,4.3188,4.95,4.25,4.77,39084,0
OXBR.US,D,20250205,000000,4.835,4.8826,4.5,4.615,17118,0
OXBR.US,D,20250206,000000,4.61,4.9,4.46,4.6778,14186,0
OXBR.US,D,20250207,000000,4.61,4.7806,4.45,4.45,13305,0
OXBR.US,D,20250210,000000,4.64,4.7777,4.5,4.63,12028,0
OXBR.US,D,20250211,000000,4.6,4.69,4.41,4.475,13844,0
OXBR.US,D,20250212,000000,4.565,4.64,4.35,4.35,8267,0
OXBR.US,D,20250213,000000,4.56,5.072,4.5,4.82,78651,0
OXBR.US,D,20250214,000000,4.97,5.33,4.6,5.14,96119,0
OXBR.US,D,20250218,000000,5.24,5.2898,5,5.11,30988,0
OXBR.US,D,20250219,000000,5.15,5.5,5.0601,5.5,36150,0
OXBR.US,D,20250220,000000,5.81,5.81,5.32,5.34,42399,0
OXBR.US,D,20250221,000000,5.75,5.75,5.01,5.14,35947,0
OXBR.US,D,20250224,000000,5.4,5.4,4.6001,4.94,42213,0
OXBR.US,D,20250225,000000,4.64,4.64,3.6162,4,128112,0
OXBR.US,D,20250226,000000,4.1491,4.2737,3.7,3.92,29730,0
OXBR.US,D,20250227,000000,3.8999,3.92,3.5132,3.52,24800,0
OXBR.US,D,20250228,000000,3.41,3.68,3.38,3.62,11623,0
OXBR.US,D,20250303,000000,3.8868,4.5,3.64,3.64,36920,0
OXBR.US,D,20250304,000000,3.68,3.7006,3.35,3.5367,50093,0
OXBR.US,D,20250305,000000,3.67,3.681,3.09,3.23,42549,0
OXBR.US,D,20250306,000000,3.14,3.25,3.06,3.15,26601,0
OXBR.US,D,20250307,000000,3.255,3.4783,3.21,3.25,23613,0
OXBR.US,D,20250310,000000,3.25,3.29,2.92,3.15,34198,0
OXBR.US,D,20250311,000000,3.1347,3.22,2.9741,3.0352,20359,0
OXBR.US,D,20250312,000000,3.05,3.1618,2.7817,2.92,22622,0
OXBR.US,D,20250313,000000,2.92,3.04,2.585,2.76,19197,0
OXBR.US,D,20250314,000000,2.8552,2.8653,2.61,2.82,10740,0
OXBR.US,D,20250317,000000,2.73,2.9377,2.6,2.7,33020,0
OXBR.US,D,20250318,000000,2.6616,2.7289,2.55,2.5835,16853,0
OXBR.US,D,20250319,000000,2.88,2.9344,2.55,2.57,30374,0
OXBR.US,D,20250320,000000,2.58,2.665,2.34,2.34,44276,0
OXBR.US,D,20250321,000000,2.38,2.4,2.1,2.17,28653,0
OXBR.US,D,20250324,000000,2.28,2.2918,2.07,2.1,57333,0
OXBR.US,D,20250325,000000,2.09,2.295,2.0601,2.2,90050,0
OXBR.US,D,20250326,000000,2.18,2.3053,2.05,2.105,120705,0
OXBR.US,D,20250327,000000,2.1,2.1,1.83,1.99,61629,0
OXBR.US,D,20250328,000000,1.9,2.0398,1.9,2.02,8423,0
OXBR.US,D,20250331,000000,1.99,1.99,1.88,1.89,27916,0
OXBR.US,D,20250401,000000,1.87,1.9513,1.835,1.9321,12283,0
OXBR.US,D,20250402,000000,1.96,2.0798,1.9,1.92,19896,0
OXBR.US,D,20250403,000000,1.82,1.91,1.79,1.81,7916,0
OXBR.US,D,20250404,000000,1.8159,1.865,1.59,1.6,27617,0
