date,strategy,benchmark,invested,turnover,holdings,qqq
2019-01-02,0.0,0.004620769722476492,0.0,0.0,0,0.004019188383248995
2019-01-03,0.0,-0.030369295708771782,0.0,0.0,0,-0.032670454545454586
2019-01-04,0.0,0.042602289781078495,0.0,0.0,0,0.04278467494326521
2019-01-07,0.0,0.012555580803809141,0.0,0.0,0,0.011905523907060456
2019-01-08,0.0,0.010776012475294472,0.0,0.0,0,0.009045480422544161
2019-01-09,0.0,0.008711048281861755,0.0,0.0,0,0.00814944834503506
2019-01-10,0.0,0.0041669349185731175,0.0,0.0,0,0.0028603407536376135
2019-01-11,0.0,-0.002088413144684109,0.0,0.0,0,-0.0036582341269841834
2019-01-14,0.0,-0.009404043330827894,0.0,0.0,0,-0.008836890907959138
2019-01-15,0.0,0.017073786216373676,0.0,0.0,0,0.019526590067181493
2019-01-16,0.0,0.0015461364875555272,0.0,0.0,0,-0.0001847518167261697
2019-01-17,0.0,0.007074952941422463,0.0,0.0,0,0.00788420080073915
2019-01-18,0.0,0.010271777947789884,0.0,0.0,0,0.009900385014973034
2019-01-22,0.0,-0.019123334027270178,0.0,0.0,0,-0.020030257186081868
2019-01-23,0.0,0.0007706300071597116,0.0,0.0,0,0.001296776583920023
2019-01-24,0.0,0.006787868091326477,0.0,0.0,0,0.006475485661424418
2019-01-25,0.0,0.012921526381714177,0.0,0.0,0,0.011948529411764719
2019-01-28,0.0,-0.011051116296077246,0.0,0.0,0,-0.01235240690281536
2019-01-29,0.0,-0.008099462349429709,0.0,0.0,0,-0.009441481209000235
2019-01-30,0.0,0.022023863557138368,0.0,0.0,0,0.025437890697530774
2019-01-31,0.0,0.013735068887788193,0.0,0.0,0,0.014968614196040564
2019-02-01,0.0,-0.0024540974422569972,0.0,0.0,0,-0.004222169362511963
2019-02-04,0.0,0.011518639354522575,0.0,0.0,0,0.012421618393550382
2019-02-05,0.0,0.007422906169956223,0.0,0.0,0,0.008847991505927855
2019-02-06,0.0,-0.0036206444185871156,0.0,0.0,0,-0.002981932994211345
2019-02-07,0.0,-0.011786630793315878,0.0,0.0,0,-0.013429509734928735
2019-02-08,0.0,0.0013514855714740204,0.0,0.0,0,0.001961600190215851
2019-02-11,0.0,0.0013290537028567417,0.0,0.0,0,-0.0009492168960606451
2019-02-12,0.0,0.014603401997884458,0.0,0.0,0,0.014786223277909682
2019-02-13,0.0,0.0007768166031865142,0.0,0.0,0,0.0007022060974894995
2019-02-14,0.0,0.0008854398411597408,0.0,0.0,0,0.0012279983626690694
2019-02-15,0.0,0.006120951235138117,0.0,0.0,0,0.004205116224740069
2019-02-19,0.0,0.0019217092766132815,0.0,0.0,0,0.0019774339886005077
2019-02-20,0.0,0.00030718186881650844,0.0,0.0,0,-0.00017413512885999793
2019-02-21,0.0,-0.003920353366181795,0.0,0.0,0,-0.003657474600870847
2019-02-22,0.0,0.009092846772863705,0.0,0.0,0,0.007400069921920327
2019-02-25,0.0,0.0035762015213469667,0.0,0.0,0,0.0036439354502864063
2019-02-26,0.0,-0.0006830666917291284,0.0,0.0,0,0.0010373443983398012
2019-02-27,0.0,0.000690130229031416,0.0,0.0,0,-0.0006332757628093599
2019-02-28,0.0,-0.0029095203503475275,0.0,0.0,0,-0.002304280200472464
2019-03-01,-0.0029910269192422456,0.0083398674373647,0.9999999999999992,0.997008973080757,5,0.006928806513078145
2019-03-04,-0.01251688550576635,-0.002340945416064444,0.9999999999999992,0.0,5,0.00017202821262674028
2019-03-05,0.0026010025228964118,-0.00015966860509819547,0.9999999999999992,0.0,5,0.0007453273707145325
2019-03-06,-0.00474350886091679,-0.009297340798184672,0.9999999999999992,0.0,5,-0.005671727298768303
2019-03-07,-0.016808088879672223,-0.011252438225459849,0.9999999999999992,0.0,5,-0.012272412998386661
2019-03-08,-0.013487202769109308,-0.0017947816197891875,0.9999999999999992,0.0,5,-0.0015166540278832574
2019-03-11,0.01965407474945513,0.020237198267889056,0.9999999999999992,0.0,5,0.020798037039200912
2019-03-12,0.0017645548239439979,0.0043621907690307715,0.9999999999999992,0.0,5,0.0054941910376009595
2019-03-13,0.002051654081602017,0.006900302248846302,0.9999999999999992,0.0,5,0.0075132335363423675
2019-03-14,-0.0017945843927558158,-0.0016353956771808509,0.9999999999999992,0.0,5,-0.0016948195017231216
2019-03-15,0.0023504217548968587,0.007550816152966933,0.9999999999999992,0.0,5,0.009280742459396585
2019-03-18,0.0008675986516426537,0.0033751836404405378,0.9999999999999992,0.0,5,0.0023785253714607713
2019-03-19,-9.617152575247534e-05,0.0012275876014975484,0.9999999999999992,0.0,5,0.0033622863547213555
2019-03-20,0.006846086035608767,0.0006499265104014107,0.9999999999999992,0.0,5,0.003965372800893263
2019-03-21,0.01272203554792073,0.01423084798541474,0.9999999999999992,0.0,5,0.01563195371606585
2019-03-22,-0.031210535289639574,-0.02504032422668312,0.9999999999999992,0.0,5,-0.0219641781234593
2019-03-25,0.010476068541502626,-0.0006712183133802396,0.9999999999999992,0.0,5,-0.0019041218637992907
2019-03-26,4.1264168071597496e-05,0.007067720758254792,0.9999999999999992,0.0,5,0.004657165301312993
2019-03-27,-0.0015625745001011104,-0.0062588539066401605,0.9999999999999992,0.0,5,-0.0064227869310250485
2019-03-28,0.03253752262656451,0.003374161737008441,0.9999999999999993,0.0,5,0.0023046655424394658
2019-03-29,0.00254020015155465,0.007843078297170125,0.9999999999999993,0.0,5,0.007571084067074185
2019-04-01,0.009092639343959652,0.012884756042828016,0.9999999999999998,1.5971251746855653,5,0.013247244795725255
2019-04-02,-0.00045207413293502086,0.002526494683768421,0.9999999999999998,0.0,5,0.003790375741595131
2019-04-03,0.031546982893515096,0.005970410424802175,0.9999999999999998,0.0,5,0.005746182892792717
2019-04-04,-0.0013441132322905558,-0.0004774841645606154,0.9999999999999998,0.0,5,-0.00038089019479803365
2019-04-05,0.00474543412704298,0.005944172441304074,0.9999999999999998,0.0,5,0.0051711937292471255
2019-04-08,-0.006038285609135108,0.0019134139500776026,0.9999999999999998,0.0,5,0.0025452182389256173
2019-04-09,-0.018654059435022963,-0.005607338878727552,0.9999999999999998,0.0,5,-0.0035110462917949947
2019-04-10,0.007537902604203284,0.006948850134243623,0.9999999999999998,0.0,5,0.005366435385949719
2019-04-11,0.0014889509432072234,-0.0021195116641509193,0.9999999999999998,0.0,5,-0.0023723513236640903
2019-04-12,-0.007615770888036,0.0046305062892646465,0.9999999999999998,0.0,5,0.004323623196238469
2019-04-15,-0.003305156216060423,-0.0010208212004564343,0.9999999999999998,0.0,5,0.00016143787332500992
2019-04-16,0.016279337154275098,0.00303663117364783,0.9999999999999998,0.0,5,0.0034434520606907437
2019-04-17,-0.005436762744470469,-0.000518722586725584,0.9999999999999998,0.0,5,0.0034852546916890326
2019-04-18,0.001669708686022453,0.0002476213313571396,0.9999999999999998,0.0,5,0.0012823938017632042
2019-04-22,0.009514920801678706,0.0021517592747273273,0.9999999999999998,0.0,5,0.0028283259512247305
2019-04-23,0.00286994739006019,0.013168589454877866,0.9999999999999998,0.0,5,0.01271817794806318
2019-04-24,0.006464012698202293,-0.0023162686112060404,0.9999999999999998,0.0,5,-0.003152750775051172
2019-04-25,-0.0002475392605837401,0.0020575635442949824,0.9999999999999998,0.0,5,0.004058826630119583
2019-04-26,0.009155342937954725,0.0034143111093352108,0.9999999999999998,0.0,5,0.0008924821503570879
2019-04-29,-0.006613110988808235,0.0018965678323745738,0.9999999999999998,0.0,5,0.0019407290847102132
2019-04-30,0.0014173460691078166,-0.006625960944810716,0.9999999999999998,0.0,5,-0.00774787980316205
2019-05-01,-0.01821109503090801,-0.007169653307876334,0.0,0.9999999999999998,0,-0.003218318033132661
2019-05-02,0.0,-0.0015988416674677097,0.0,0.0,0,-0.004340231831895469
2019-05-03,0.0,0.015830986826797178,0.0,0.0,0,0.015948115464355928
2019-05-06,0.0,-0.0049865262126408405,0.0,0.0,0,-0.0061221286170268785
2019-05-07,0.0,-0.019638619327883133,0.0,0.0,0,-0.01947983573760126
2019-05-08,0.0,-0.0025666268839499295,0.0,0.0,0,-0.002523625429553311
2019-05-09,0.0,-0.004120443444817656,0.0,0.0,0,-0.005383000484470046
2019-05-10,0.0,0.0008027340767942093,0.0,0.0,0,0.0012447908210209135
2019-05-13,0.0,-0.03409396855469371,0.0,0.0,0,-0.034702702702702704
2019-05-14,0.0,0.011438468841457272,0.0,0.0,0,0.01097547317728731
2019-05-15,0.0,0.011333610584961296,0.0,0.0,0,0.01412429378531077
2019-05-16,0.0,0.009703201929178062,0.0,0.0,0,0.010049702332186383
2019-05-17,0.0,-0.010353188707419858,0.0,0.0,0,-0.010220083274752767
2019-05-20,0.0,-0.014572136990285367,0.0,0.0,0,-0.016881555944055937
2019-05-21,0.0,0.010820071339249226,0.0,0.0,0,0.0104473464851349
2019-05-22,0.0,-0.004480047972954426,0.0,0.0,0,-0.004454710443821064
2019-05-23,0.0,-0.01581248008764158,0.0,0.0,0,-0.015302176555076819
2019-05-24,0.0,0.0011444257721118234,0.0,0.0,0,-0.0005049088359044829
2019-05-28,0.0,-0.0038836797093019237,0.0,0.0,0,-0.0037606645711718567
2019-05-29,0.0,-0.007892367146347001,0.0,0.0,0,-0.008225815538903558
2019-05-30,0.0,0.002704287982018938,0.0,0.0,0,0.004203828892802353
2019-05-31,0.0,-0.015139341436011255,0.0,0.0,0,-0.015952933190021
2019-06-03,0.0,-0.016118004013309872,0.0,0.0,0,-0.022017821212992117
2019-06-04,0.0,0.02646932641667421,0.0,0.0,0,0.028156595344462687
2019-06-05,0.0,0.006424754668123311,0.0,0.0,0,0.0074323938025271374
2019-06-06,0.0,0.005289407403887392,0.0,0.0,0,0.007945065546790753
2019-06-07,0.0,0.01661735571606404,0.0,0.0,0,0.019311975677045012
2019-06-10,0.0,0.010471293183099029,0.0,0.0,0,0.011654882898807006
2019-06-11,0.0,-7.670803621429023e-05,0.0,0.0,0,0.0013650013650012838
2019-06-12,0.0,-0.0038158304448751013,0.0,0.0,0,-0.005779716466739471
2019-06-13,0.0,0.0056988700813356274,0.0,0.0,0,0.005923000987166693
2019-06-14,0.0,-0.005163841931470348,0.0,0.0,0,-0.0042525351651946375
2019-06-17,0.0,0.006202630197991832,0.0,0.0,0,0.006022777047744343
2019-06-18,0.0,0.01387630624268632,0.0,0.0,0,0.014531403069554694
2019-06-19,0.0,0.004204224909154064,0.0,0.0,0,0.0037551633496057946
2019-06-20,0.0,0.008015204299194334,0.0,0.0,0,0.009299342632675733
2019-06-21,0.0,-0.002438078690952694,0.0,0.0,0,-0.00148265819433413
2019-06-24,0.0,-0.003238388836250272,0.0,0.0,0,2.9591133266171354e-05
2019-06-25,0.0,-0.01511173251279141,0.0,0.0,0,-0.01716624149659851
2019-06-26,0.0,0.0032023964528253845,0.0,0.0,0,0.004650408262585781
2019-06-27,0.0,0.007305918801059352,0.0,0.0,0,0.0038215189192098986
2019-06-28,0.0,0.0048295130583631,0.0,0.0,0,0.0012868632707774275
2019-07-01,-0.0029910269192422456,0.01060672648817107,0.9999999999999991,0.997008973080757,5,0.013494698511299141
2019-07-02,0.0038557703155497336,0.002215949203428158,0.9999999999999991,0.0,5,0.003962802493923556
2019-07-03,0.005423398500068455,0.007539711793548065,0.9999999999999991,0.0,5,0.00752591968843741
2019-07-05,0.0028271327406963476,-0.0010330186543096032,0.9999999999999991,0.0,5,-0.002037191809444172
2019-07-08,0.0007245302618061888,-0.007769141328066498,0.9999999999999991,0.0,5,-0.007013870714472681
2019-07-09,0.00722435515281572,0.0053529348505865215,0.9999999999999991,0.0,5,0.00500764324495262
2019-07-10,-0.0007509824418915345,0.00746773720081606,0.9999999999999991,0.0,5,0.009965383405014183
2019-07-11,-0.006993994203570941,-0.0007912558396766523,0.9999999999999991,0.0,5,-0.0007270461154965657
2019-07-12,-0.025450382762768564,0.005868639001273657,0.9999999999999991,0.0,5,0.005768631119426493
2019-07-15,0.006074738941489022,0.0017043379517736046,0.9999999999999991,0.0,5,0.0032036376789128518
2019-07-16,-0.008184598348259242,-0.0042855151414283865,0.9999999999999991,0.0,5,-0.005150656708730272
2019-07-17,-0.0016264798702204653,-0.004571411309320816,0.9999999999999991,0.0,5,-0.004918457157649603
2019-07-18,-0.007492850356280556,0.002691464238547381,0.9999999999999991,0.0,5,0.0011446409989595008
2019-07-19,-0.005719525852658114,-0.007402000979574108,0.9999999999999991,0.0,5,-0.007327720611163047
2019-07-22,0.011744152541971697,0.007076593549452781,0.9999999999999991,0.0,5,0.007957698549814207
2019-07-23,0.003330231044560872,0.005760604073582476,0.9999999999999991,0.0,5,0.006544434633563467
2019-07-24,0.006583827472271375,0.008495479143152407,0.9999999999999991,0.0,5,0.007017905980700734
2019-07-25,-0.007905532079961142,-0.009969356486210335,0.9999999999999991,0.0,5,-0.009479887266205522
2019-07-26,0.004310803905833938,0.0111269715265081,0.9999999999999991,0.0,5,0.010294878427314913
2019-07-29,-0.004210868261558032,-0.004427247332300155,0.9999999999999991,0.0,5,-0.0034307952276100284
2019-07-30,-0.0037203401305591077,-0.002377778258217389,0.9999999999999991,0.0,5,-0.004316103175418862
2019-07-31,-0.03615354265987014,-0.011867914399256718,0.9999999999999992,0.0,5,-0.013830116627102984
2019-08-01,-0.0034519036684258486,-0.007865014982288532,1.0,1.5971251746855653,5,-0.004971219256933557
2019-08-02,-0.010236571139549122,-0.013197967565540036,1.0,0.0,5,-0.01472521693399964
2019-08-05,-0.03587606527588916,-0.034736053900979225,1.0,0.0,5,-0.035334934614358326
2019-08-06,0.021634248982497217,0.013879037644123127,1.0,0.0,5,0.013998782714546465
2019-08-07,0.006868077052113453,0.0037736602976790046,1.0,0.0,5,0.005402160864345751
2019-08-08,0.04583241392242687,0.022425780254364147,1.0,0.0,5,0.02176390773405701
2019-08-09,-0.001722533443989871,-0.009953788456660062,1.0,0.0,5,-0.009401891001805884
2019-08-12,-0.02177519713087972,-0.012027668667372704,1.0,0.0,5,-0.011475146120435542
2019-08-13,0.016297407060585023,0.01945081028584772,1.0,0.0,5,0.02191483590995391
2019-08-14,-0.035029090209494185,-0.0302406582319239,1.0,0.0,5,-0.029884813418971312
2019-08-15,0.002201021893597055,-0.0009415817583050545,1.0,0.0,5,-0.0011490479317136648
2019-08-16,0.013941937696035911,0.01665719429227641,1.0,0.0,5,0.016050397151465168
2019-08-19,0.0076697466268418335,0.013528372920219578,1.0,0.0,5,0.015904679749838335
2019-08-20,-0.011607992375378573,-0.006778868837584939,1.0,0.0,5,-0.007748235418988503
2019-08-21,0.013769596671198592,0.009014198684866193,1.0,0.0,5,0.008878429694603396
2019-08-22,0.005214472416366078,-0.003593409648874557,1.0,0.0,5,-0.003233844033292521
2019-08-23,-0.02921245655141602,-0.029984783248160896,1.0,0.0,5,-0.03164556962025333
2019-08-26,0.01719340695785898,0.01315444085673323,1.0,0.0,5,0.015104080848025392
2019-08-27,0.008622868192485367,-0.003411113599097626,1.0,0.0,5,-0.00211016123796115
2019-08-28,0.008095306313904205,0.0038239287634664887,1.0,0.0,5,0.0035785935043106676
2019-08-29,0.016954648763365388,0.01482906719752708,1.0,0.0,5,0.015289858987519667
2019-08-30,0.00022653755010315635,-0.0013181595115984157,1.0,0.0,5,-0.002394636015325746
2019-09-03,-0.012529547354296455,-0.011141659941398818,0.0,1.0,0,-0.009708219981863775
2019-09-04,0.0,0.013045162581274417,0.0,0.0,0,0.014435766226770896
2019-09-05,0.0,0.01754447876293086,0.0,0.0,0,0.01831890829926186
2019-09-06,0.0,-0.0016952800330266582,0.0,0.0,0,-0.0009907185316508915
2019-09-09,0.0,-0.0019288862598715317,0.0,0.0,0,-0.002087791638394565
2019-09-10,0.0,-0.000405530061497017,0.0,0.0,0,-0.0028767194936973883
2019-09-11,0.0,0.010578711688568498,0.0,0.0,0,0.009389425094418868
2019-09-12,0.0,0.003034329299695271,0.0,0.0,0,0.0041573559216336875
2019-09-13,0.0,-0.0021672787441021635,0.0,0.0,0,-0.003570874087874487
2019-09-16,0.0,-0.0028336580360560637,0.0,0.0,0,-0.004466604341954783
2019-09-17,0.0,0.003983545797285659,0.0,0.0,0,0.004799666110183676
2019-09-18,0.0,-0.0010542241528851415,0.0,0.0,0,-0.0004153686396676237
2019-09-19,0.0,0.0006713388908767826,0.0,0.0,0,0.0016621649698731478
2019-09-20,0.0,-0.007969076999407076,0.0,0.0,0,-0.010578718108276375
2019-09-23,0.0,-0.0006417974694929995,0.0,0.0,0,0.00044103773584902584
2019-09-24,0.0,-0.014647850343792124,0.0,0.0,0,-0.013280839895013052
2019-09-25,0.0,0.010477092515879471,0.0,0.0,0,0.011225195509921848
2019-09-26,0.0,-0.005784016671049441,0.0,0.0,0,-0.0036826599326599263
2019-09-27,0.0,-0.011335344508786482,0.0,0.0,0,-0.012408913296018564
2019-09-30,0.0,0.007520489084761994,0.0,0.0,0,0.009517189755654076
2019-10-01,0.0,-0.011333385287620845,0.0,0.0,0,-0.008156347651077756
2019-10-02,0.0,-0.015606927689401306,0.0,0.0,0,-0.01719442516153158
2019-10-03,0.0,0.011177547284929812,0.0,0.0,0,0.010975278456941018
2019-10-04,0.0,0.013998529013867556,0.0,0.0,0,0.01472564088783801
2019-10-07,0.0,-0.0032797115860200288,0.0,0.0,0,-0.0030189078968274607
2019-10-08,0.0,-0.016654772513319593,0.0,0.0,0,-0.01498087547811311
2019-10-09,0.0,0.010220175163927703,0.0,0.0,0,0.009761622262970615
2019-10-10,0.0,0.005951562021231371,0.0,0.0,0,0.007744485392298328
2019-10-11,0.0,0.013364751970617927,0.0,0.0,0,0.01287894848420601
2019-10-14,0.0,-0.0010413377617586317,0.0,0.0,0,-0.00010465177123153424
2019-10-15,0.0,0.012431911096046022,0.0,0.0,0,0.012716521011042037
2019-10-16,0.0,-0.003010267882891937,0.0,0.0,0,-0.0024803637866889217
2019-10-17,0.0,0.004021316513880269,0.0,0.0,0,0.0026419394944054986
2019-10-18,0.0,-0.008251972167540478,0.0,0.0,0,-0.009609919917333953
2019-10-21,0.0,0.009079651006114187,0.0,0.0,0,0.008868485575668883
2019-10-22,0.0,-0.0071898163004042726,0.0,0.0,0,-0.00796318320492262
2019-10-23,0.0,0.0019113557472294485,0.0,0.0,0,0.001928590044305567
2019-10-24,0.0,0.00812949595987078,0.0,0.0,0,0.009728436166892118
2019-10-25,0.0,0.007002406777649295,0.0,0.0,0,0.007985985882837499
2019-10-28,0.0,0.010053244280645579,0.0,0.0,0,0.009865058270292382
2019-10-29,0.0,-0.005902072764870758,0.0,0.0,0,-0.007744090702029638
2019-10-30,0.0,0.0032779259393573845,0.0,0.0,0,0.004845949806162153
2019-10-31,0.0,-0.0013993409546181335,0.0,0.0,0,0.0004568759835523739
2019-11-01,-0.0029910269192422456,0.011340558714741933,0.9999999999999993,0.9970089730807571,5,0.00908260604830513
2019-11-04,0.0005360506833298473,0.0055804394934444446,0.9999999999999993,0.0,5,0.00618494493890509
2019-11-05,-0.004277480892023067,0.00017543755216453683,0.9999999999999993,0.0,5,0.000549725137431345
2019-11-06,-0.004557147181645238,-0.002851299735780244,0.9999999999999993,0.0,5,-0.0022476399780232414
2019-11-07,0.0014233411856532374,0.0028404055681965357,0.9999999999999993,0.0,5,0.003354024829795854
2019-11-08,0.007214359043107965,0.004836090544339866,0.9999999999999993,0.0,5,0.003991418450331796
2019-11-11,0.00044239951540236966,-0.001301344790991532,0.9999999999999993,0.0,5,-0.0013417482482731558
2019-11-12,-0.0026594769845748045,0.002576651437216526,0.9999999999999993,0.0,5,0.0028861464968155115
2019-11-13,0.00013325879176506739,-0.00047020478147663525,0.9999999999999993,0.0,5,0.00024808970923895224
2019-11-14,-0.0031448974899596083,-0.00036312943083094407,0.9999999999999993,0.0,5,-0.0007936901632025206
2019-11-15,0.01862030813706106,0.0072898287355041,0.9999999999999993,0.0,5,0.007347465620811233
2019-11-18,0.003132897228471432,0.0010666761770614652,0.9999999999999993,0.0,5,0.0007885269331231459
2019-11-19,-0.0017610522931337247,0.002423385313890636,0.9999999999999993,0.0,5,0.0014773230905602563
2019-11-20,-0.009102229579112775,-0.005125591141741936,0.9999999999999993,0.0,5,-0.0059989182278606945
2019-11-21,-0.017590843564744274,-0.0024066082538906075,0.9999999999999993,0.0,5,-0.0022260697501857996
2019-11-22,0.0037307817781111474,0.001607049437998942,0.9999999999999993,0.0,5,0.0006445215666834869
2019-11-25,0.019675143912093684,0.013217357676603037,0.9999999999999993,0.0,5,0.011841648912451097
2019-11-26,-0.002671465797866812,0.0017885337419787373,0.9999999999999993,0.0,5,0.001909705219861113
2019-11-27,0.009663730616063848,0.006618948347834053,0.9999999999999993,0.0,5,0.00698890572308275
2019-11-29,-0.009597933624675647,-0.004560531322886807,0.9999999999999993,0.0,5,-0.004562220927975091
2019-12-02,-0.01687952779121127,-0.0112491882580813,1.0000000000000002,0.4252938674340098,5,-0.01023890784982906
2019-12-03,-0.0056349350870152914,-0.005526453566671918,1.0000000000000002,0.0,5,-0.007832512315270934
2019-12-04,0.0064072848965750495,0.005402211824567793,1.0000000000000002,0.0,5,0.005064296708207294
2019-12-05,0.007921988685103631,0.00047046285745167005,1.0000000000000002,0.0,5,0.001975991700834845
2019-12-06,0.011224742058241421,0.010014362653823827,1.0000000000000002,0.0,5,0.0106986146033623
2019-12-09,-0.012508174792865145,-0.004008557562606985,1.0000000000000002,0.0,5,-0.0045365853658536626
2019-12-10,0.0051319843164865375,-0.0006553597014163914,1.0000000000000002,0.0,5,-0.0008330474837063839
2019-12-11,0.007511458978330943,0.004395230986187437,1.0000000000000002,0.0,5,0.00529671407552712
2019-12-12,0.0029272247514446903,0.007311085730058897,1.0000000000000002,0.0,5,0.007464142843204291
2019-12-13,0.0032980818103711673,0.002014334611520452,1.0000000000000002,0.0,5,0.003292818749697446
2019-12-16,0.010798743554232493,0.009084337839607715,1.0000000000000002,0.0,5,0.010039094550895689
2019-12-17,-0.0026067833549666686,0.0010358136198049817,1.0000000000000002,0.0,5,0.0005734218951589654
2019-12-18,0.0015267150349553837,0.0004952874870667312,1.0000000000000002,0.0,5,0.0007641243612399595
2019-12-19,0.006169148031108795,0.006738900785428381,1.0000000000000002,0.0,5,0.006251491290861333
2019-12-20,0.0058803063908485775,0.004246581188940279,1.0000000000000002,0.0,5,0.0040311106895569715
2019-12-23,0.00436856958910159,0.0023182624908124616,1.0000000000000002,0.0,5,0.002634027679372819
2019-12-24,0.0028628962084540355,0.0008081581189445242,1.0000000000000002,0.0,5,0.0005193333648079168
2019-12-26,0.002293576662306007,0.007763948670862941,1.0000000000000002,0.0,5,0.008824084560211443
2019-12-27,-0.003275944520985341,-0.0017478185601739193,1.0000000000000002,0.0,5,-0.0008419477056923474
2019-12-30,-0.003439994019074577,-0.0067317039385285105,1.0000000000000002,0.0,5,-0.006554000280885708
2019-12-31,0.00517868589531667,0.002974449938476287,1.0000000000000002,0.0,5,0.0018849253098345287
2020-01-02,0.005552424564573499,0.013328444969281872,0.9999999999999993,1.2263536295331976,5,0.016697239076242765
2020-01-03,-0.017760784442908184,-0.007855191857838673,0.9999999999999993,0.0,5,-0.009159881569207995
2020-01-06,-0.00031087725196876637,0.005619309971283348,0.9999999999999993,0.0,5,0.006443178634793156
2020-01-07,-0.0006841612662988883,-0.00031746819144873317,0.9999999999999993,0.0,5,-0.00013917238819827205
2020-01-08,0.011502430396947316,0.006689040547814162,0.9999999999999993,0.0,5,0.0075163550317820516
2020-01-09,0.011251528656261334,0.008126579909684128,0.9999999999999993,0.0,5,0.008473405480083018
2020-01-10,-0.0033846321542556623,-0.0026695808846131097,0.9999999999999993,0.0,5,-0.002557194392438067
2020-01-13,0.01566518918187243,0.010357418661689266,0.9999999999999993,0.0,5,0.01153687680263693
2020-01-14,-0.006437917056685727,-0.002436895763831548,0.9999999999999993,0.0,5,-0.003937542430413998
2020-01-15,-0.017004062612229087,0.0007966530131704452,0.9999999999999993,0.0,5,0.00040894220283527183
2020-01-16,0.016668411397884775,0.010631049485758437,0.9999999999999993,0.0,5,0.009583503656265702
2020-01-17,0.0052274574192898715,0.0033996001273852716,0.9999999999999993,0.0,5,0.004948713334533172
2020-01-21,-0.01686043130977366,-0.001931080529598339,0.9999999999999993,0.0,5,-0.0004476676515355882
2020-01-22,0.0077500304107331885,0.0013830075044956036,0.9999999999999993,0.0,5,0.0026424220709422297
2020-01-23,0.0032305025616903293,0.0019939748093769083,0.9999999999999993,0.0,5,0.003216152231205527
2020-01-24,-0.030730897061375773,-0.00931353167922011,0.9999999999999993,0.0,5,-0.008415334609733427
2020-01-27,-0.029469545294894872,-0.018851561231368552,0.9999999999999993,0.0,5,-0.020655590480466834
2020-01-28,0.024800045198751786,0.014264764594472235,0.9999999999999993,0.0,5,0.015359926639156196
2020-01-29,-0.024802847611277934,0.0005912286268099365,0.9999999999999993,0.0,5,0.0016256491307293786
2020-01-30,0.0003812782583676455,0.002562705062495896,0.9999999999999993,0.0,5,0.0035616067805777085
2020-01-31,-0.027114377707172288,-0.015914659511836238,0.9999999999999993,0.0,5,-0.015858041329739447
2020-02-03,0.0061800925067612145,0.013382231185769866,1.0000000000000002,1.1994583010067863,5,0.015109325786278438
2020-02-04,0.04161029212881706,0.020981440637460214,1.0,0.0,5,0.022888748988218355
2020-02-05,0.005453996548248297,0.004299760274898423,1.0,0.0,5,0.003297138084142892
2020-02-06,0.010063436169619688,0.0066750276592026925,1.0,0.0,5,0.008632021733414819
2020-02-07,-0.014350173282070666,-0.005394879712713352,1.0,0.0,5,-0.0043007949954384506
2020-02-10,0.015517494508320073,0.011331304968563938,1.0,0.0,5,0.012085514834206279
2020-02-11,0.015201419440356911,0.0010958011088375574,1.0,0.0,5,0.0001724360908736955
2020-02-12,0.01753077306747608,0.009027921782771786,1.0,0.0,5,0.009740959441403518
2020-02-13,0.00023182175171587716,-0.001438449263620245,1.0,0.0,5,-0.001280573697016174
2020-02-14,-0.002310293934658536,0.001977971574602444,1.0,0.0,5,0.002863614993374952
2020-02-18,-0.005173768341366625,0.0001603608244948873,1.0,0.0,5,0.0003835663143538781
2020-02-19,0.10785894534230578,0.008675819786086558,1.0,0.0,5,0.009585481191155765
2020-02-20,-0.007234650142931787,-0.006745287549335677,1.0,0.0,5,-0.009283483838298578
2020-02-21,-0.026442301130795598,-0.017882362352014458,1.0,0.0,5,-0.019209472697844676
2020-02-24,-0.05291732434444962,-0.037101881506922174,1.0,0.0,5,-0.03856342554392689
2020-02-25,-0.0421334776293919,-0.027726074002977774,1.0,0.0,5,-0.027191833416143285
2020-02-26,0.01016153373570905,0.0016908051235420274,1.0,0.0,5,0.005153921158935759
2020-02-27,-0.04892964996711335,-0.04613067955925165,1.0000000000000002,0.0,5,-0.05007390983000748
2020-02-28,0.027056812051377888,0.0001038466147211814,1.0,0.0,5,0.0007780587434353947
2020-03-02,0.03125118394896509,0.044914576527982586,0.9999999999999998,1.2308052113952723,5,0.05160349854227375
2020-03-03,-0.016034612327025854,-0.029945823525981186,0.9999999999999998,0.0,5,-0.03206727659181219
2020-03-04,0.0485344564553869,0.03846114074039164,0.9999999999999998,0.0,5,0.041722360129845315
2020-03-05,-0.0017378284693414514,-0.030993259792112537,0.9999999999999998,0.0,5,-0.030382183117954265
2020-03-06,-0.011609984856912337,-0.018649427851619715,0.9999999999999998,0.0,5,-0.016872252942010335
2020-03-09,-0.09258614569094992,-0.07287401875463217,0.9999999999999999,0.0,5,-0.06946447456975302
2020-03-10,0.03883710479348346,0.04950139989280422,0.9999999999999998,0.0,5,0.054450586351191044
2020-03-11,-0.046181272539199125,-0.047002450789465855,0.9999999999999999,0.0,5,-0.043554945862525396
2020-03-12,-0.10679298587155883,-0.09434674315042646,0.9999999999999999,0.0,5,-0.09169142505890793
2020-03-13,0.05257438888019461,0.09336974349106453,0.9999999999999999,0.0,5,0.08470561696368129
2020-03-16,-0.11902254184804029,-0.12314095473462161,0.9999999999999999,0.0,5,-0.11978787563689297
2020-03-17,0.06707512637862179,0.06230493229300893,0.9999999999999999,0.0,5,0.07584170112226807
2020-03-18,-0.0527175672868917,-0.047027996668693506,0.9999999999999999,0.0,5,-0.030416163390798112
2020-03-19,0.04315462428730066,0.022996278112125124,0.9999999999999999,0.0,5,0.006002265005662588
2020-03-20,-0.02660445235535902,-0.03790742795818758,0.9999999999999999,0.0,5,-0.039175954069571084
2020-03-23,0.04727602202681713,-0.00274003128125222,0.9999999999999999,0.0,5,0.0007187463386058024
2020-03-24,0.07343213502953949,0.08121510116672437,0.9999999999999999,0.0,5,0.07743752199929599
2020-03-25,-0.012850921865090958,-0.00452555055670445,0.9999999999999999,0.0,5,-0.00740498747685947
2020-03-26,0.0435068487473107,0.05596340338746186,0.9999999999999999,0.0,5,0.05266044980800877
2020-03-27,-0.015338925979499818,-0.037852976708038666,0.9999999999999999,0.0,5,-0.03439291297550806
2020-03-30,0.03585459869489749,0.03622450523999721,0.9999999999999999,0.0,5,0.03637344846195356
2020-03-31,-0.006581832473836369,-0.009525131487367,0.9999999999999999,0.0,5,-0.008539887523432599
2020-04-01,-0.035752527328418715,-0.04409293328537367,0.0,0.9999999999999999,0,-0.04248949579831929
2020-04-02,0.0,0.017217392960644506,0.0,0.0,0,0.020295101749766786
2020-04-03,0.0,-0.015256480428131214,0.0,0.0,0,-0.014192785334121827
2020-04-06,0.0,0.07326111918952294,0.0,0.0,0,0.07149479195070074
2020-04-07,0.0,-0.0032831557419424895,0.0,0.0,0,-0.0004071661237784463
2020-04-08,0.0,0.025818865507638122,0.0,0.0,0,0.021232179226069237
2020-04-09,0.0,0.007746999811479638,0.0,0.0,0,0.0014458792441542911
2020-04-13,0.0,0.004763527128408329,0.0,0.0,0,0.010803544757542527
2020-04-14,0.0,0.03946578714794624,0.0,0.0,0,0.04349110968822356
2020-04-15,0.0,-0.014392230988916177,0.0,0.0,0,-0.011469838572642277
2020-04-16,0.0,0.016582595032488046,0.0,0.0,0,0.018239984720431535
2020-04-17,0.0,0.013803823851603836,0.0,0.0,0,0.009566236811254347
2020-04-20,0.0,-0.010336145326487078,0.0,0.0,0,-0.011844488829021338
2020-04-21,0.0,-0.03475170722872312,0.0,0.0,0,-0.03689950173921208
2020-04-22,0.0,0.02809426652203406,0.0,0.0,0,0.02967445946605496
2020-04-23,0.0,-7.414618385692684e-05,0.0,0.0,0,-0.002133004692610241
2020-04-24,0.0,0.016453633126342737,0.0,0.0,0,0.01577047311419344
2020-04-27,0.0,0.011076551509322519,0.0,0.0,0,0.008043396932285507
2020-04-28,0.0,-0.014023763275271883,0.0,0.0,0,-0.018834663202820567
2020-04-29,0.0,0.03566323318324138,0.0,0.0,0,0.03546099290780136
2020-04-30,0.0,-0.0028223240015657902,0.0,0.0,0,-0.0004109589041096928
2020-05-01,-0.0029910269192423566,-0.03201507459916597,0.9999999999999994,0.9970089730807571,5,-0.02818509889909082
2020-05-04,0.023815893349474093,0.012290576649705676,0.9999999999999994,0.0,5,0.011657422205509027
2020-05-05,0.019826101549243358,0.011297598014398558,0.9999999999999994,0.0,5,0.011337236316327548
2020-05-06,0.03304875229014459,0.005138935499358288,0.9999999999999994,0.0,5,0.006156390701093528
2020-05-07,0.041850220096037116,0.014147852721547283,0.9999999999999993,0.0,5,0.012876712328767193
2020-05-08,0.009934811443402802,0.015775663760639658,0.9999999999999993,0.0,5,0.013704805698314004
2020-05-11,0.0425362888118932,0.00778609868573521,0.9999999999999993,0.0,5,0.008938895312639028
2020-05-12,-0.024433323856659972,-0.02064653876263356,0.9999999999999993,0.0,5,-0.02093710054216058
2020-05-13,0.0031185392928085864,-0.015482269256649972,0.9999999999999993,0.0,5,-0.012515757248334203
2020-05-14,-0.004787615638809473,0.009088148022526221,0.9999999999999993,0.0,5,0.011352238533783199
2020-05-15,0.02155592131526518,0.007920630607419543,0.9999999999999993,0.0,5,0.006491457422350244
2020-05-18,0.0011760053020266614,0.02443497073334555,0.9999999999999993,0.0,5,0.01863214941550595
2020-05-19,0.01038453884314361,-0.005385101778970447,0.9999999999999994,0.0,5,-0.0025062656641602343
2020-05-20,-0.001811969940034408,0.020759785773036166,0.9999999999999993,0.0,5,0.019968262364453926
2020-05-21,-0.0268897960107517,-0.009695235712807837,0.9999999999999993,0.0,5,-0.010890704006223162
2020-05-22,-0.009676820604209935,0.004276835072470897,0.9999999999999993,0.0,5,0.0034517411631056483
2020-05-26,-0.021328142761464997,0.0016762024212582105,0.9999999999999993,0.0,5,-0.0026996429504487773
2020-05-27,-0.013112065711314846,0.007723662003368048,0.9999999999999993,0.0,5,0.005457561997904259
2020-05-28,0.0073305398565677304,-0.004607792111317677,0.9999999999999993,0.0,5,-0.001302705284641048
2020-05-29,0.05665980055867248,0.01290212684820613,0.9999999999999993,0.0,5,0.014652810991782284
2020-06-01,0.023673674793847077,0.006552218243746077,1.0,0.8539217358882295,5,0.0029996571820363194
2020-06-02,0.01453073017615547,0.005897174028552499,1.0,0.0,5,0.00670768179099368
2020-06-03,0.012099184257883477,0.007756801955759451,1.0,0.0,5,0.004498578279505727
2020-06-04,-0.032306231584131706,-0.006929796787746745,1.0,0.0,5,-0.007013393045755989
2020-06-05,0.010572741051711132,0.020619220663437243,1.0,0.0,5,0.019827256094966605
2020-06-08,0.003912256869827324,0.011276645276208974,1.0,0.0,5,0.007760023363511337
2020-06-09,0.005149265469223119,0.0029219879593944675,1.0,0.0,5,0.00724487683709385
2020-06-10,0.02512461578521008,0.006685902298128932,1.0,0.0,5,0.01200164406082993
2020-06-11,-0.03177664722727358,-0.0526500514485605,1.0,0.0,5,-0.04954918365689209
2020-06-12,-0.005831744098021785,0.010121334425326811,1.0,0.0,5,0.007948038629177034
2020-06-15,0.042197819603598585,0.014309377881483787,1.0,0.0,5,0.012167203662879489
2020-06-16,0.010418737917267551,0.01746352657425776,1.0,0.0,5,0.017172774869109952
2020-06-17,0.0018916655105809532,0.0014814462853549593,1.0,0.0,5,0.0031706814906318215
2020-06-18,0.006755167098019932,0.003281307762108332,1.0,0.0,5,0.0027091371808554143
2020-06-19,0.012182263927208226,0.00030878855700788854,1.0,0.0,5,-0.0001637465203864208
2020-06-22,0.01232745173556693,0.011097784753272721,1.0,0.0,5,0.011972895512610826
2020-06-23,0.0026571965630413086,0.007447959031472218,1.0,0.0,5,0.008510983221204471
2020-06-24,-0.019786431203257626,-0.021934825515335432,1.0,0.0,5,-0.020615656646841174
2020-06-25,0.01522366563819344,0.010881849951931866,1.0,0.0,5,0.009519510894095307
2020-06-26,-0.017682769177016944,-0.025933942298093315,1.0,0.0,5,-0.023615006300044872
2020-06-29,-0.00035517800610951333,0.011984018357196646,1.0,0.0,5,0.010906668886853765
2020-06-30,0.0300102688684738,0.01870028230479459,1.0,0.0,5,0.019601383627079416
2020-07-01,-0.003735178305562914,0.00952397919282566,1.0000000000000004,1.1992804317409556,5,0.011672051696284491
2020-07-02,0.012520946440862435,0.005219309681102624,1.0000000000000004,0.0,5,0.006786698071779229
2020-07-06,0.011021690317240873,0.022140366869405792,1.0000000000000004,0.0,5,0.024584638566160333
2020-07-07,0.00542183231948945,-0.008597148006331268,1.0000000000000004,0.0,5,-0.006888811486512547
2020-07-08,0.017310122067906608,0.014365915588282263,1.0000000000000004,0.0,5,0.013171739215151357
2020-07-09,0.012286736480848104,0.00527041219919,1.0000000000000004,0.0,5,0.008423400900034572
2020-07-10,-0.006247062561993477,0.006598589404398725,1.0000000000000004,0.0,5,0.006827370508810882
2020-07-13,-0.047607161787906915,-0.021342380569917996,1.0000000000000004,0.0,5,-0.02057051937720189
2020-07-14,0.0027657904233133745,0.009410276579479238,1.0000000000000004,0.0,5,0.0070782084010210244
2020-07-15,-0.006919625471498159,0.005902619745450588,1.0000000000000004,0.0,5,0.002035564773207321
2020-07-16,-0.008408583699777261,-0.007266022577794629,1.0000000000000007,0.0,5,-0.0068225373706399806
2020-07-17,0.0018332049212697044,0.0028032056773577008,1.0000000000000004,0.0,5,0.0011577647422047477
2020-07-20,0.0427765242022653,0.025125641824030875,1.0000000000000004,0.0,5,0.028370981420090757
2020-07-21,-0.026123499119556692,-0.008055045663313831,1.0000000000000004,0.0,5,-0.010420571257215516
2020-07-22,0.001708236716225553,0.0024127931113635537,1.0000000000000004,0.0,5,0.0035227272727273995
2020-07-23,-0.028832925052543312,-0.02285882034739739,1.0000000000000007,0.0,5,-0.02612010719812785
2020-07-24,-0.006299439403578244,-0.009386907703102687,1.0000000000000007,0.0,5,-0.009495755978450315
2020-07-27,0.029981309249604626,0.01670329595678388,1.0000000000000004,0.0,5,0.01784316794490537
2020-07-28,-0.01751770550682441,-0.012736938256066033,1.0000000000000007,0.0,5,-0.01272489620175321
2020-07-29,0.018067814841232543,0.013535805790592548,1.0000000000000004,0.0,5,0.011526030917799135
2020-07-30,0.015506412324662877,0.004258733204005161,1.0000000000000004,0.0,5,0.005235400546637514
2020-07-31,0.029170907563267123,0.014875611833914837,1.0000000000000004,0.0,5,0.017845517558304325
2020-08-03,0.0395603832950473,0.014657571490001686,1.0000000000000002,0.42136130901837804,5,0.013506903946724824
2020-08-04,0.007499777893561266,0.0035220677903302633,1.0000000000000002,0.0,5,0.0037122280792931672
2020-08-05,0.02465397664034641,0.005227963930319213,1.0000000000000002,0.0,5,0.0024779939344625745
2020-08-06,-0.015248914399088043,0.009974104961663288,1.0000000000000002,0.0,5,0.013244788784356976
2020-08-07,-0.005338250935353672,-0.008741333215989466,1.0000000000000002,0.0,5,-0.01154238275560715
2020-08-10,-0.028282922829571233,-0.003868822087003898,1.0000000000000002,0.0,5,-0.004273032010903788
2020-08-11,-0.045088189044338756,-0.016921391746420933,1.0000000000000002,0.0,5,-0.0189412156413008
2020-08-12,0.030156156421923264,0.021274660037738924,1.0000000000000002,0.0,5,0.025151777970511935
2020-08-13,0.03525687825143309,0.0027514755861413054,1.0000000000000002,0.0,5,0.002280585595526796
2020-08-14,-0.0011679060933628138,-0.002100991623273707,1.0000000000000002,0.0,5,-0.0011743981209629828
2020-08-17,0.05030688380868642,0.010018821704079528,1.0000000000000002,0.0,5,0.011610817166372689
2020-08-18,0.0151467031727619,0.007286773097446186,1.0000000000000002,0.0,5,0.009625163446171925
2020-08-19,-0.010201464054425013,-0.005735522990964581,1.0000000000000002,0.0,5,-0.006727344677483149
2020-08-20,0.03435723867213403,0.01063113981967434,1.0000000000000002,0.0,5,0.01387178558493285
2020-08-21,0.0010949342059032308,0.004154442964935612,1.0000000000000002,0.0,5,0.006930304004572507
2020-08-24,-0.008006490008126033,0.0060026168426352555,1.0000000000000002,0.0,5,0.006244013197573395
2020-08-25,0.005876837209416008,0.007627599890549064,1.0000000000000002,0.0,5,0.007862355886189887
2020-08-26,0.02740616377983085,0.01731998430209747,1.0000000000000002,0.0,5,0.021339117050304335
2020-08-27,0.0016705978341049477,-0.0034118697109108975,1.0000000000000002,0.0,5,-0.003116865324016893
2020-08-28,0.0006720099475143737,0.006047138672500951,1.0000000000000002,0.0,5,0.005085036935234433
2020-08-31,0.04865903647286962,0.00683166342322461,1.0000000000000002,0.0,5,0.00803336409940858
2020-09-01,0.08533094753197878,0.013944223175236692,1.0000000000000002,1.1992804317409558,5,0.01709169831795987
2020-09-02,-0.0374507759530468,0.009774131514625584,1.0000000000000002,0.0,5,0.009469191784475806
2020-09-03,-0.08353623091029194,-0.04962516009338913,1.0000000000000002,0.0,5,-0.05070022460034351
2020-09-04,-0.0027003668423275506,-0.012654803594131736,1.0000000000000002,0.0,5,-0.013325910719877654
2020-09-08,-0.08136356050638816,-0.041138097997475476,1.0000000000000002,0.0,5,-0.04806403836659845
2020-09-09,0.06404561003104292,0.02709324507327371,1.0000000000000002,0.0,5,0.029375810335247277
2020-09-10,-0.019549366800398427,-0.019925325623800005,1.0000000000000002,0.0,5,-0.01993666330790289
2020-09-11,-0.00945277558362978,-0.006053298877369051,1.0000000000000002,0.0,5,-0.006939854593522754
2020-09-14,0.049150340822713856,0.01872208964850053,1.0000000000000002,0.0,5,0.017415418746533406
2020-09-15,0.025192033221375976,0.012083134894079972,1.0000000000000002,0.0,5,0.014173571740078383
2020-09-16,-0.01885693773087216,-0.012492945005816658,1.0000000000000002,0.0,5,-0.015946391457034248
2020-09-17,-0.03262918544286275,-0.012687226822315711,1.0000000000000002,0.0,5,-0.015622155056261633
2020-09-18,0.005396664168412002,-0.010723811640813041,1.0000000000000002,0.0,5,-0.01276265167209234
2020-09-21,0.03172503251323078,-0.001343426039180362,1.0000000000000002,0.0,5,0.0038529621163860828
2020-09-22,0.0019277583273562549,0.01714474741427141,1.0000000000000002,0.0,5,0.01857874471982357
2020-09-23,-0.030760722393045836,-0.03015429348587295,1.0000000000000002,0.0,5,-0.03053435114503822
2020-09-24,-0.011921330834925858,0.003696021818865969,1.0000000000000002,0.0,5,0.004656268927922369
2020-09-25,0.04405999128293514,0.022609915812147552,1.0000000000000002,0.0,5,0.02324880364746229
2020-09-28,0.01688359925762528,0.018683148317077736,1.0000000000000002,0.0,5,0.020768890852850053
2020-09-29,-0.006563475688231013,-0.002905311445918657,1.0000000000000002,0.0,5,-0.004509379509379463
2020-09-30,0.011573839326518565,0.007424295323056107,1.0000000000000002,0.0,5,0.0068490668599385796
2020-10-01,0.027821241027987442,0.014237743451981144,1.0000000000000004,0.8047625530179007,5,0.015872444572415656
2020-10-02,-0.018052086305805903,-0.022204564516841052,1.0000000000000004,0.0,5,-0.028131089459698888
2020-10-05,0.05111140949270787,0.023250564334085677,1.0000000000000004,0.0,5,0.02132623673945555
2020-10-06,-0.01116350961229029,-0.01569824840061773,1.0000000000000004,0.0,5,-0.017846944603084114
2020-10-07,0.05746679899944018,0.018826314482861317,1.0000000000000004,0.0,5,0.01729902602122424
2020-10-08,-0.017756418764248494,0.004962814528019166,1.0000000000000004,0.0,5,0.005322949414118261
2020-10-09,0.02138582776447895,0.01391300236406634,1.0000000000000004,0.0,5,0.015280196155076142
2020-10-12,-0.009624138849378627,0.02559602326113275,1.0000000000000004,0.0,5,0.03087046305694585
2020-10-13,0.02041581793737457,-0.0010440457220523003,1.0000000000000004,0.0,5,-3.395239873704714e-05
2020-10-14,0.00837471907463394,-0.008024359341385012,1.0000000000000004,0.0,5,-0.00835257367920672
2020-10-15,0.004911092696620045,-0.004656402072337529,1.0000000000000004,0.0,5,-0.006710949804834554
2020-10-16,0.004732240146876121,-0.003611162683268221,1.0000000000000004,0.0,5,-0.005480868665977412
2020-10-19,0.010283632974111612,-0.016510093440833873,1.0000000000000004,0.0,5,-0.016325257356764156
2020-10-20,-0.012590211482144231,0.0032755402250899124,1.0000000000000004,0.0,5,0.002149400986610539
2020-10-21,-0.06482138459966069,-0.0027612382234186716,1.0000000000000004,0.0,5,-0.0007735311697902869
2020-10-22,0.009547632895218428,0.0018546239456909142,1.0000000000000004,0.0,5,-3.5187726521002105e-05
2020-10-23,0.0015812270745128032,0.003676325395445934,1.0000000000000004,0.0,5,0.0019705820254767303
2020-10-26,-0.0039053698136697346,-0.016400630679851314,1.0000000000000004,0.0,5,-0.01499613682657841
2020-10-27,-0.016605405523469452,0.006382660068046775,1.0000000000000004,0.0,5,0.007808321745641056
2020-10-28,-0.012384722230821765,-0.03730951458930609,1.0000000000000004,0.0,5,-0.03898676855586214
2020-10-29,-0.0005688558070359173,0.01641988509046377,1.0000000000000004,0.0,5,0.017486379031070642
2020-10-30,-0.047592269264823184,-0.024495781164918462,1.0000000000000004,0.0,5,-0.02536271210969998
2020-11-02,0.021101295030860445,0.004215697210883773,1.0000000000000004,0.459329851629042,5,0.0022273368475760336
2020-11-03,-0.03017029641049318,0.018525955264873994,1.0000000000000004,0.0,5,0.017297577598340164
2020-11-04,0.024456886919089982,0.03854633401596108,1.0000000000000004,0.0,5,0.04463863098489007
2020-11-05,0.06573146888243109,0.02589127628621446,1.0000000000000004,0.0,5,0.02607089331149126
2020-11-06,-0.0013550631001368885,0.00036160423982689593,1.0000000000000004,0.0,5,0.0007473079927986515
2020-11-09,-0.05418281932588942,-0.015249882049063634,1.0000000000000004,0.0,5,-0.020433793829130242
2020-11-10,-0.047450552341568364,-0.01365051501050929,1.0000000000000004,0.0,5,-0.017914688658650424
2020-11-11,0.04959719847294064,0.02012307462854701,1.0000000000000004,0.0,5,0.022369628113753093
2020-11-12,-0.01203403128864422,-0.006516052178237586,1.0000000000000004,0.0,5,-0.004693539480949638
2020-11-13,-0.01630297474207021,0.010222399064781174,1.0000000000000004,0.0,5,0.008772538141470276
2020-11-16,0.009491357703923287,0.008013982366056771,1.0000000000000004,0.0,5,0.007802564190698691
2020-11-17,0.029525644878035884,-0.0020798048349075504,1.0000000000000004,0.0,5,-0.0031718963165074943
2020-11-18,0.024554425447558925,-0.008210583953855988,1.0000000000000004,0.0,5,-0.00739042666027967
2020-11-19,0.019898259749147718,0.008736154715840438,1.0000000000000004,0.0,5,0.007824618248250648
2020-11-20,0.01927086429568403,-0.004174838439022555,1.0000000000000004,0.0,5,-0.006840413160954961
2020-11-23,0.03675768024363846,0.0021593926613243664,1.0000000000000004,0.0,5,3.443763344579409e-05
2020-11-24,0.018893843272960176,0.013147501410619045,1.0000000000000004,0.0,5,0.014050070594717523
2020-11-25,0.023695540531861736,0.004785374929970887,1.0000000000000004,0.0,5,0.0061466363296769355
2020-11-27,0.026653731736159036,0.009210824539925166,1.0000000000000004,0.0,5,0.009214256784123132
2020-11-30,-0.015829974410664804,-0.000581657909873412,1.0000000000000004,0.0,5,0.0020400655496473075
2020-12-01,-0.0328313846983288,0.012821546348028123,0.9999999999999988,1.6809350306128754,5,0.012816233896268736
2020-12-02,0.011066839130753348,-0.0004646014218057104,0.9999999999999988,0.0,5,0.001285177618137734
2020-12-03,0.01454302881101599,0.0022523747008165174,0.9999999999999988,0.0,5,0.0014151719598483048
2020-12-04,0.015531272328034751,0.007033168197192907,0.9999999999999988,0.0,5,0.004075193900354934
2020-12-07,0.006106320610377969,0.004469821984384614,0.9999999999999988,0.0,5,0.005662477088242968
2020-12-08,0.00861545000178121,0.005018240774582239,0.9999999999999988,0.0,5,0.0033848657445076924
2020-12-09,-0.04357586454979223,-0.01937730993391329,0.9999999999999988,0.0,5,-0.022641019819001795
2020-12-10,0.02408237851907513,0.005418247355198913,0.9999999999999988,0.0,5,0.004015797683448952
2020-12-11,-0.0016422586929970562,-0.0022518886838218677,0.9999999999999988,0.0,5,-0.0022147296046539644
2020-12-14,0.009997624037742403,0.005022503019723512,0.9999999999999988,0.0,5,0.007255259234719036
2020-12-15,0.019976699551786936,0.01246134256803022,0.9999999999999988,0.0,5,0.010689382975924255
2020-12-16,0.01268175787537662,0.0050121160204752435,0.9999999999999988,0.0,5,0.005499690845780947
2020-12-17,-0.0007329556510629054,0.008418077232621224,0.9999999999999988,0.0,5,0.006537639976697429
2020-12-18,0.004635946160212789,-0.0007134807572460877,0.9999999999999989,0.0,5,-0.003022508038585281
2020-12-21,0.00645529327072647,-0.0010286510410999483,0.9999999999999989,0.0,5,-0.0018663161968649478
2020-12-22,0.029620786479910288,0.005132534023930546,0.9999999999999989,0.0,5,0.0027191505891492884
2020-12-23,-0.021518558054244408,-0.0028735115262293887,0.9999999999999989,0.0,5,-0.00503615702479332
2020-12-24,0.0029309705056443924,0.0026325110879321656,0.9999999999999989,0.0,5,0.004412719013627608
2020-12-28,-0.049399261395998595,0.007394803909404057,0.9999999999999988,0.0,5,0.01007882155317219
2020-12-29,-0.007546701994568417,-0.0038142946689498913,0.9999999999999988,0.0,5,0.0008954842010997499
2020-12-30,0.01724019440307556,0.0015393743393061765,0.9999999999999988,0.0,5,3.195296523528235e-05
2020-12-31,-0.01232644255263926,0.0014203727396466803,0.9999999999999988,0.0,5,0.0024602997092373347
2021-01-04,-0.008549646426817104,-0.014729263144160454,1.0000000000000002,0.8644158633359185,5,-0.014119971951297217
2021-01-05,0.028291924146396807,0.009490349264984488,1.0000000000000002,0.0,5,0.008244156348000464
2021-01-06,0.01148681734466761,-0.00609769435273988,1.0000000000000002,0.0,5,-0.013852369653049257
2021-01-07,0.051672873528827656,0.025640913946500588,1.0000000000000002,0.0,5,0.02419197502763848
2021-01-08,0.018980060755350303,0.010292428620224836,1.0,0.0,5,0.012857959235506922
2021-01-11,-0.031739366879374176,-0.012539403572295549,1.0000000000000002,0.0,5,-0.014450051719274049
2021-01-12,0.027867039557101014,0.002761714523592751,1.0,0.0,5,-0.001590229629158335
2021-01-13,0.008750869472871514,0.004323418403134882,1.0,0.0,5,0.0067533129459735886
2021-01-14,0.0013849810802881724,-0.0012425592685575415,1.0,0.0,5,-0.005347424376661136
2021-01-15,-0.031685657776142406,-0.00870425177689449,1.0000000000000002,0.0,5,-0.007921107046286013
2021-01-19,0.017170558459781216,0.015284661263274879,1.0,0.0,5,0.014589880074392436
2021-01-20,0.008718386918474597,0.019706354381155977,1.0,0.0,5,0.0232609588824626
2021-01-21,0.018910153451993983,0.005474150435512692,1.0,0.0,5,0.007999505822034347
2021-01-22,-0.004181823942673635,0.0008976850419943894,1.0,0.0,5,-0.0028802549332024308
2021-01-25,-0.01313236125985684,0.006861867975715974,1.0,0.0,5,0.008266240550673043
2021-01-26,-0.03340767482938245,-0.0007280511644763843,1.0000000000000002,0.0,5,0.001462924019383527
2021-01-27,-0.03325480377451828,-0.026087268264435415,1.0000000000000002,0.0,5,-0.027876685230834752
2021-01-28,0.028039689532394663,0.005015636936985812,1.0000000000000002,0.0,5,0.005916789280906665
2021-01-29,-0.029881596643587915,-0.019979061206606974,1.0000000000000002,0.0,5,-0.021038217353417155
2021-02-01,0.027456121818526302,0.025453904158710294,1.0,0.8004802881729038,5,0.024987283825025797
2021-02-02,0.03904826508087411,0.015621624805566947,1.0,0.0,5,0.01631412443396818
2021-02-03,0.0027938082927150276,-0.0001641325609580413,1.0,0.0,5,-0.003967285156249889
2021-02-04,0.01705429324714447,0.012284609071070873,1.0,0.0,5,0.01182670506771255
2021-02-05,0.005006342442462897,0.005701419953886067,1.0,0.0,5,0.0033914728682171713
2021-02-08,0.09371242435573457,0.009479135040700193,1.0,0.0,5,0.006699661999034268
2021-02-09,0.05911492717599365,0.0014338156905593369,1.0,0.0,5,-0.00020984471491070078
2021-02-10,-0.08430188622694479,-0.0025102698357137854,1.0,0.0,5,-0.002278792240112737
2021-02-11,0.030026722713269116,0.0038103467300871774,1.0,0.0,5,0.005499624342599763
2021-02-12,0.023924692949347293,0.004969365541769966,1.0,0.0,5,0.005589096778049862
2021-02-16,-0.03450961454120516,-0.0034035465115552777,1.0,0.0,5,-0.00270471095259317
2021-02-17,-0.015296351774390926,-0.005837615649589956,1.0,0.0,5,-0.004798235679799534
2021-02-18,-0.01272462270656105,-0.007170501244886052,1.0,0.0,5,-0.004372173808882107
2021-02-19,0.03341126774953618,0.0006568457620867996,1.0,0.0,5,-0.004361295756008299
2021-02-22,-0.07530520701477617,-0.024607439038234813,1.0,0.0,5,-0.02591988399492473
2021-02-23,-0.04872450532765649,-0.00501363037368685,1.0,0.0,5,-0.0029772981019724476
2021-02-24,0.08378869458992999,0.009860055383365873,1.0,0.0,5,0.008243125544357577
2021-02-25,-0.07659405574275868,-0.03519166815377628,1.0,0.0,5,-0.03486255514762615
2021-02-26,0.030021304507915403,0.005557642070551205,1.0,0.0,5,0.004187577917718954
2021-03-01,0.041623172807016884,0.03005412123962392,1.0,1.1992804317409556,5,0.03008212898707585
2021-03-02,-0.028225181910403685,-0.01692868570469308,1.0,0.0,5,-0.01603881454927525
2021-03-03,-0.048593039949825334,-0.027026038913368078,0.9999999999999999,0.0,5,-0.02902010050251247
2021-03-04,-0.046473178981005336,-0.02110213366126701,0.9999999999999999,0.0,5,-0.016366929745115777
2021-03-05,0.03102103925383637,0.015457715051152121,0.9999999999999999,0.0,5,0.015060835251561988
2021-03-08,-0.042634480372400474,-0.024069880007174804,0.9999999999999999,0.0,5,-0.02831411170143827
2021-03-09,0.06107567679742587,0.03685123033284099,0.9999999999999999,0.0,5,0.03944122157764873
2021-03-10,-0.014526660128603486,-0.0003818469579848216,0.9999999999999999,0.0,5,-0.002854668505629099
2021-03-11,0.04089545358557878,0.02523874360004008,1.0,0.0,5,0.02303139475038618
2021-03-12,-0.013231900421067477,-0.005881821325752323,0.9999999999999999,0.0,5,-0.008112187146270933
2021-03-15,0.015602799344501372,0.010498883235619871,1.0,0.0,5,0.01068281240093838
2021-03-16,0.008667558342053239,0.0008811038099785229,1.0,0.0,5,0.005488818492613623
2021-03-17,0.01544517710920057,0.003981325884915288,1.0,0.0,5,0.004117536964252322
2021-03-18,-0.03944526821573624,-0.030242365102995494,0.9999999999999999,0.0,5,-0.03063063063063043
2021-03-19,0.011063837374353902,0.0075530749529892915,1.0,0.0,5,0.003525189078322999
2021-03-22,0.026195965858857306,0.012281778953403988,1.0,0.0,5,0.018728619786676948
2021-03-23,-0.03116915159391176,-0.011201213197461812,0.9999999999999999,0.0,5,-0.004362700480210813
2021-03-24,-0.024491554987819297,-0.02009478248341834,0.9999999999999999,0.0,5,-0.01686526700712443
2021-03-25,-0.0069201832469492075,0.0012181942978437554,0.9999999999999999,0.0,5,-0.0017314906852216039
2021-03-26,0.04221159344280556,0.012409375460237237,1.0,0.0,5,0.01500016060129128
2021-03-29,-0.01767394201632888,-0.0060187044334576445,0.9999999999999999,0.0,5,-0.0002848101265822134
2021-03-30,-0.011028595470002345,-0.001091300595310929,0.9999999999999999,0.0,5,-0.0050330790414993
2021-03-31,0.026616130588395626,0.015444270389829873,1.0,0.0,5,0.01530287604988545
2021-04-01,0.027317536420227162,0.01760675394508815,1.0,1.1992804317409553,5,0.01704634474978839
2021-04-05,0.025912562757029134,0.016727413594797236,1.0,0.0,5,0.019964876605971238
2021-04-06,-0.016754059749817696,-0.0005262742082925431,1.0,0.0,5,-0.0006947590998339637
2021-04-07,0.0035951670513378886,-0.0006962940194117362,1.0,0.0,5,0.0024182334804425665
2021-04-08,0.006224456794264199,0.010261481727402266,1.0,0.0,5,0.010433628852300814
2021-04-09,0.0005367620898775183,0.005125049771103507,1.0,0.0,5,0.0060582547451355495
2021-04-12,-0.02327605256192644,-0.0036104913851688902,1.0,0.0,5,-0.0013052119486222091
2021-04-13,-0.008408811581184894,0.01054870834286703,1.0,0.0,5,0.011673151750972721
2021-04-14,-0.012524912842354685,-0.00987838139408359,1.0,0.0,5,-0.012008220786846824
2021-04-15,0.008981468147267302,0.013055707282746853,1.0,0.0,5,0.015155567442275197
2021-04-16,-0.009218872766946773,0.0009671863057285623,1.0,0.0,5,0.0011709259096630564
2021-04-19,-0.024400407497748078,-0.00979026855153775,0.9999999999999999,0.0,5,-0.009151779187743125
2021-04-20,-0.013542500673711877,-0.009234578841917473,0.9999999999999999,0.0,5,-0.00728871576959389
2021-04-21,0.03778986744128443,0.011892282441095192,1.0,0.0,5,0.008560982134894868
2021-04-22,-0.025752824044296796,-0.009448289083465955,0.9999999999999999,0.0,5,-0.012054584573668592
2021-04-23,0.007639438228702389,0.014357256405947316,0.9999999999999999,0.0,5,0.012589498806682808
2021-04-26,0.01293114870830081,0.008701539143620707,0.9999999999999999,0.0,5,0.006511107182841203
2021-04-27,-0.00748186268229456,-0.0034344982946684643,0.9999999999999999,0.0,5,-0.00433217223311777
2021-04-28,-0.013132208452239391,-0.002781043282530815,0.9999999999999999,0.0,5,-0.003380861384683076
2021-04-29,0.005753870786833648,0.002242938725995014,0.9999999999999999,0.0,5,0.003598820058997143
2021-04-30,-0.02809961875092526,-0.008511550457648398,0.9999999999999999,0.0,5,-0.006554582329081238
2021-05-03,-0.008606671963921064,-0.004838855596334679,1.0000000000000002,1.1992804317409553,5,-0.005325601349152498
2021-05-04,-0.020984263552541016,-0.018827857110276458,1.0000000000000002,0.0,5,-0.017995776197983204
2021-05-05,0.0010949395299824083,-0.0037465133043687038,1.0000000000000002,0.0,5,-0.0033622099715273635
2021-05-06,0.003506701687643776,0.0037119292572853624,1.0000000000000002,0.0,5,0.00753730662857488
2021-05-07,0.012911791995493749,0.00875785854127642,1.0000000000000002,0.0,5,0.00811438568972278
2021-05-10,-0.04203120791935533,-0.025477958083079177,1.0000000000000002,0.0,5,-0.025254338719329805
2021-05-11,-0.005924947335768427,-0.0009276027664643083,1.0000000000000002,0.0,5,-0.0013813850687621754
2021-05-12,-0.04454658472638984,-0.02671847959305318,1.0000000000000002,0.0,5,-0.025883003903968582
2021-05-13,0.0260364196563021,0.007160058794258184,1.0000000000000002,0.0,5,0.0077313894411310535
2021-05-14,0.030321875707992163,0.02323736928588338,1.0000000000000002,0.0,5,0.022076783365691854
2021-05-17,-0.009361649273445738,-0.003792306890141317,1.0000000000000002,0.0,5,-0.006066362327277086
2021-05-18,-0.01020849112679878,-0.0056365894317486065,1.0000000000000002,0.0,5,-0.006750716685675617
2021-05-19,0.017171602221756954,-0.0002930326782775161,1.0000000000000002,0.0,5,0.0011482837812673008
2021-05-20,0.02738078988372772,0.017744861772570397,1.0000000000000002,0.0,5,0.019343439040267807
2021-05-21,-0.009789204952437291,-0.004783418073071144,1.0000000000000002,0.0,5,-0.005534774807651299
2021-05-24,0.03180746259361422,0.014117571829638464,1.0000000000000002,0.0,5,0.016819057521176628
2021-05-25,0.005814146432587819,-0.00029251521130702063,1.0000000000000002,0.0,5,0.001383417040089041
2021-05-26,0.002855528501058524,0.005917864207014789,1.0000000000000002,0.0,5,0.003483797339099537
2021-05-27,-0.0011997075059863027,-0.00012517838210612808,1.0000000000000002,0.0,5,-0.003741058869302427
2021-05-28,0.0042167762795282115,0.0009072983495947984,1.0000000000000002,0.0,5,0.0031542898341745396
2021-06-01,-0.004070726717186779,-0.0008917763748547136,1.0,1.5971251746855661,5,-0.003324049950588548
2021-06-02,0.01533934943844839,0.001445028392468073,1.0,0.0,5,0.0019530076317531009
2021-06-03,0.006595656158643548,-0.010309459710361346,1.0,0.0,5,-0.010405733649204052
2021-06-04,0.026234279256074133,0.014688927255154027,1.0,0.0,5,0.01696969696969708
2021-06-07,0.01394612296610065,0.004866730759276017,1.0,0.0,5,0.0029797377830751426
2021-06-08,-0.007648510998200075,0.003111314579322899,1.0,0.0,5,0.0004753416518121778
2021-06-09,0.0037804419466200834,-0.0009451478652527934,1.0,0.0,5,0.00023755790473933835
2021-06-10,0.00725205494494241,0.0078051287580642725,1.0,0.0,5,0.010420377627360367
2021-06-11,0.005421302314878362,0.003501400430360624,1.0,0.0,5,0.0026149551931835546
2021-06-14,-0.01041431802231818,0.007443076666721726,1.0,0.0,5,0.009582698394092093
2021-06-15,-0.010859732414792322,-0.007145913210587107,1.0,0.0,5,-0.0065310150648745235
2021-06-16,-0.008064770342145477,-0.0023572186809210915,1.0,0.0,5,-0.003652194238298434
2021-06-17,0.01601214959511732,0.00866593603291732,1.0,0.0,5,0.012697574851177285
2021-06-18,-0.011756972195321791,-0.009248736487040943,1.0,0.0,5,-0.007847338854462316
2021-06-21,0.0138808536430155,0.007918854063497571,1.0,0.0,5,0.0062072498029945855
2021-06-22,0.02049405808815319,0.007904978548745278,1.0,0.0,5,0.009321640144035248
2021-06-23,-0.011547017411718152,0.0012954081283504948,1.0,0.0,5,0.0004891101073165594
2021-06-24,0.01219551185450074,0.0068650810745303215,1.0,0.0,5,0.00618278023810892
2021-06-25,-0.00010012231818989914,-0.0006486770191380664,1.0,0.0,5,-0.0012289576724113793
2021-06-28,0.013248014144109366,0.00975740369460909,1.0,0.0,5,0.012161620786356186
2021-06-29,0.008922594021537389,0.0019190500349235418,1.0,0.0,5,0.003618783749399279
2021-06-30,-0.00021497942767800815,-0.0016782308502659715,1.0,0.0,5,-0.0015775092256120615
2021-07-01,0.0020087804728829983,0.0012701985364251822,1.0000000000000002,1.1992804317409556,5,0.00039500042321471973
2021-07-02,0.004559179743019115,0.008053034847741003,1.0000000000000002,0.0,5,0.01147869250077549
2021-07-06,0.006944916035640736,0.001660964536808196,1.0000000000000002,0.0,5,0.00432188266785638
2021-07-07,-0.016646774152722088,9.703592980847553e-05,1.0000000000000002,0.0,5,0.0021099975013187944
2021-07-08,0.004621252614743554,-0.007178850606408882,1.0000000000000002,0.0,5,-0.006039617675578368
2021-07-09,0.0058060803597508315,0.009762073962464868,1.0000000000000002,0.0,5,0.00624355436630708
2021-07-12,0.013134837537847721,0.002130361363916755,1.0000000000000002,0.0,5,0.0039057089831306957
2021-07-13,-0.008828619142528638,-0.003772829509393727,1.0000000000000002,0.0,5,0.0
2021-07-14,-0.0014220035359651106,-0.002227958334456659,1.0000000000000002,0.0,5,0.0017934992550079354
2021-07-15,-0.002076162529322634,-0.006952450189304571,1.0000000000000002,0.0,5,-0.007023439006252241
2021-07-16,0.01052136948920035,-0.007969155863779442,1.0000000000000002,0.0,5,-0.008099411960501235
2021-07-19,0.027353666517189623,-0.010553156978987288,1.0000000000000002,0.0,5,-0.008193512304250694
2021-07-20,0.006018564925419412,0.015684325371311703,1.0000000000000002,0.0,5,0.011616432176389413
2021-07-21,0.021049172441316877,0.00917837924547249,1.0000000000000002,0.0,5,0.007720393544970339
2021-07-22,0.011377676142520832,0.00359778329266347,1.0000000000000002,0.0,5,0.006610244496072504
2021-07-23,0.04516813923807095,0.010377847149183328,1.0000000000000002,0.0,5,0.011677428218161756
2021-07-26,-0.011321804089683751,0.0002508392671958237,1.0000000000000002,0.0,5,0.0007876154263988244
2021-07-27,-0.015199578564114913,-0.012138008545398149,1.0000000000000002,0.0,5,-0.011017938071589461
2021-07-28,0.021992049896199184,0.00695796663162529,1.0000000000000002,0.0,5,0.0038416156737919316
2021-07-29,-0.006420085116914165,0.0010621243543811332,1.0000000000000002,0.0,5,0.0017767815652078855
2021-07-30,-0.0005714619629101358,-0.007144682362109966,1.0000000000000002,0.0,5,-0.005211744160663723
2021-08-02,-0.008151653411163085,0.0005719201478813218,1.0,0.51363348151833,5,8.228872370197315e-05
2021-08-03,0.030235060158235516,0.0054645610861603355,1.0,0.0,5,0.006061437191442698
2021-08-04,0.0371520394740652,0.0013032935206787055,1.0,0.0,5,0.0014448897249257353
2021-08-05,-0.01593617680725723,0.007752359028563305,1.0,0.0,5,0.006342897588065721
2021-08-06,-0.014671988597036001,-0.00398489647332223,1.0,0.0,5,-0.004382286904536459
2021-08-09,0.037425983917052985,0.0016456923812682156,1.0,0.0,5,0.0018475750577366945
2021-08-10,-0.03009704660652668,-0.004851214152445271,1.0,0.0,5,-0.00512570173297533
2021-08-11,-0.04352707117562249,-0.0015520668870292464,1.0,0.0,5,-0.0017173699705593792
2021-08-12,0.005361352257333252,0.0034626774961783457,1.0,0.0,5,0.003604489227492458
2021-08-13,0.005146273966418535,0.00044787275861901676,1.0,0.0,5,0.0035099175577504305
2021-08-16,-0.0167622079700388,-0.001965526645515858,1.0,0.0,5,0.00043381595358171765
2021-08-17,0.008947191085096673,-0.009299939629287102,1.0,0.0,5,-0.008808065477803662
2021-08-18,-0.020539206679369815,-0.008888229114191626,1.0,0.0,5,-0.009624586443551353
2021-08-19,-0.0019902681822706603,0.0010928055811647575,1.0,0.0,5,0.004831451367991013
2021-08-20,0.021246893380008958,0.011888152874404811,1.0,0.0,5,0.010358281129794644
2021-08-23,0.04187927929373436,0.015494014266626221,1.0,0.0,5,0.014956625785222943
2021-08-24,-0.012979838123793108,0.005162905383270022,1.0,0.0,5,0.0030544168475199474
2021-08-25,0.005999112440127741,0.0014686347550383339,1.0,0.0,5,0.0011485963084649775
2021-08-26,-0.003669157585282745,-0.006385567357820587,1.0,0.0,5,-0.006350053361793062
2021-08-27,0.010063193290347883,0.012290630584592899,1.0,0.0,5,0.009720208366897909
2021-08-30,-0.006689898676784489,0.009014745430136806,1.0,0.0,5,0.011222210403148303
2021-08-31,-0.0020587059217257453,-0.000435886815269515,1.0,0.0,5,-0.0008152316835848827
2021-09-01,0.010346170799888421,0.003286239361639298,1.0,0.8112019416364177,5,0.00165811290959339
2021-09-02,-0.0020002918179413687,0.0014236957158730856,1.0,0.0,5,-0.000472962320668624
2021-09-03,0.016126654052993628,0.002109348840070968,1.0,0.0,5,0.003075709779179814
2021-09-07,-0.0017950946278926239,0.000703712632022846,1.0,0.0,5,0.0014152055979244071
2021-09-08,-0.02189284200663666,-0.005703625233783427,1.0,0.0,5,-0.0034806731046035377
2021-09-09,0.01646233096924643,-0.0025109380331556075,1.0,0.0,5,-0.003440306738799137
2021-09-10,-0.0032994741787745197,-0.008706557542303206,1.0,0.0,5,-0.007589532769389007
2021-09-13,-0.02688095723682926,-0.0006557575911461111,1.0,0.0,5,-0.0006904060118430033
2021-09-14,0.005756456834709489,-0.0044899428568856425,1.0,0.0,5,-0.002843249275901294
2021-09-15,0.009076742071583155,0.008230648040451483,1.0,0.0,5,0.007434845174012716
2021-09-16,0.010715513845769298,0.0013451479462562865,1.0,0.0,5,0.0006877397169686716
2021-09-17,-0.017470717814557446,-0.00908685893944483,1.0,0.0,5,-0.01184214004387929
2021-09-20,-0.026308641034298974,-0.02193998979444778,1.0,0.0,5,-0.02064063879303424
2021-09-21,0.01720848193123148,0.002208401084163647,1.0,0.0,5,0.0012305168170632097
2021-09-22,0.015560733030947071,0.010202505391571082,1.0,0.0,5,0.009340434248259255
2021-09-23,0.018849981615931766,0.010431495517001288,1.0,0.0,5,0.009226939416078217
2021-09-24,-0.018892892247686643,-0.0003019416885486903,1.0,0.0,5,0.0009383881173252728
2021-09-27,-0.017992139624525838,-0.0051655405232979845,1.0,0.0,5,-0.00798221412691169
2021-09-28,-0.05883272803616668,-0.028275748614240648,1.0,0.0,5,-0.028297556365600274
2021-09-29,-0.011440617272132747,-0.00235395250873216,1.0,0.0,5,-0.0016394809236668362
2021-09-30,0.016738625680758235,-0.004400314367527081,1.0,0.0,5,-0.0036740146960587694
2021-10-01,-0.028867572235394823,0.00817493421551263,0.9999999999999988,1.6049726776555164,5,0.006201810258129381
2021-10-04,-0.018548787057203753,-0.02136468504772182,0.9999999999999988,0.0,5,-0.020989505247376306
2021-10-05,0.019041820350378158,0.012510672734488137,0.9999999999999988,0.0,5,0.013498950711814395
2021-10-06,-0.013571147585145438,0.004716766064746691,0.9999999999999988,0.0,5,0.006407745257149378
2021-10-07,0.0069742208508822845,0.010488583121986084,0.9999999999999988,0.0,5,0.009175077154057965
2021-10-08,-0.006183480062230018,-0.005082463539891502,0.9999999999999988,0.0,5,-0.004986638014160882
2021-10-11,-0.006676896656377718,-0.00640191107302035,0.9999999999999988,0.0,5,-0.007669730867205793
2021-10-12,0.0045004257368999045,-0.0013996354958561996,0.9999999999999988,0.0,5,-0.003487820530706731
2021-10-13,0.01662609767552592,0.007307517594727031,0.9999999999999988,0.0,5,0.008008064064512599
2021-10-14,0.014767777065516574,0.0172797975969039,0.9999999999999988,0.0,5,0.018416666666666748
2021-10-15,-0.0008639127678842229,0.004986032348505587,0.9999999999999988,0.0,5,0.006300630063006407
2021-10-18,0.0271285655985547,0.008355169558527553,0.9999999999999988,0.0,5,0.010055835637231114
2021-10-19,2.8327514079995453e-05,0.007141629594346499,0.9999999999999988,0.0,5,0.007567422514423772
2021-10-20,-0.004212086603267551,-0.0004898576251427533,0.9999999999999988,0.0,5,-0.0013050310277785693
2021-10-21,0.02734060501447022,0.00621766285776193,0.9999999999999989,0.0,5,0.006106992372926445
2021-10-22,0.0010909829406917648,-0.008248059461634205,0.9999999999999989,0.0,5,-0.008402470379303861
2021-10-25,0.04884427946733627,0.009045996619713614,0.9999999999999989,0.0,5,0.010237904303662004
2021-10-26,-0.004083921667573431,0.0005916381350528077,0.9999999999999989,0.0,5,0.0031487312465270367
2021-10-27,0.002164235456480146,8.079699680418884e-06,0.9999999999999989,0.0,5,0.002321164802700837
2021-10-28,0.021209421246269677,0.013932958685521246,0.9999999999999989,0.0,5,0.01110526315789473
2021-10-29,0.021841018508718113,0.0032541503987195686,0.999999999999999,0.0,5,0.004919056790380516
2021-11-01,0.007694980724377798,0.006292673508698554,1.0000000000000002,1.221255296267064,5,0.0034187148739996953
2021-11-02,-0.006678016385790575,0.0034424078356416477,1.0000000000000002,0.0,5,0.004181400511060085
2021-11-03,0.009926440001019055,0.010350518487610039,1.0000000000000002,0.0,5,0.010615602107698185
2021-11-04,0.0524610752714918,0.008141094529175552,1.0000000000000002,0.0,5,0.01281855638638807
2021-11-05,-0.02027815926159493,0.0019623397982608815,1.0000000000000002,0.0,5,0.0009542463964644643
2021-11-08,0.0036316241796285897,0.0006742911266826024,1.0000000000000002,0.0,5,-0.0013547415955845743
2021-11-09,-0.025565775588019868,-0.005995010473236029,1.0000000000000002,0.0,5,-0.006883384414410165
2021-11-10,-0.019253779448293762,-0.016607634524389625,1.0000000000000002,0.0,5,-0.014696954366083093
2021-11-11,0.02962130829342735,0.0052216373206712685,1.0000000000000002,0.0,5,0.0027727144360862876
2021-11-12,0.01836012604542936,0.009976693489161415,1.0000000000000002,0.0,5,0.010522542819836778
2021-11-15,-0.011926226189599154,-0.00044835248917507453,1.0000000000000002,0.0,5,-0.00022802128198629035
2021-11-16,0.027096208215391382,0.007569696003178805,1.0000000000000002,0.0,5,0.007120954866830509
2021-11-17,-0.0012040999365664495,-0.0032731108654387997,1.0000000000000002,0.0,5,0.0005284082331034057
2021-11-18,0.02208586027454773,0.004530878180346365,1.0000000000000002,0.0,5,0.010361391243115525
2021-11-19,0.028181844997855254,0.003984535170388881,1.0000000000000002,0.0,5,0.005575606720597204
2021-11-22,-0.02562595600465889,-0.012622169633230707,1.0000000000000002,0.0,5,-0.011609198247481634
2021-11-23,-0.018228377116183192,-0.005021779645224211,1.0000000000000002,0.0,5,-0.004557976458802626
2021-11-24,0.026116565694827232,0.004442870603730498,1.0000000000000002,0.0,5,0.003220287813223255
2021-11-26,-0.021603536230616838,-0.02231387604856827,1.0000000000000002,0.0,5,-0.01895877219380082
2021-11-29,0.02134597835982821,0.018795716703568832,1.0000000000000002,0.0,5,0.021702453987730186
2021-11-30,-0.020098385315826528,-0.015532292869582354,1.0000000000000002,0.0,5,-0.01468638194600802
2021-12-01,-0.047907916038166354,-0.01825487525481906,1.0000000000000002,0.8529457962926218,5,-0.017012848509471268
2021-12-02,0.006396947542540721,0.008343193118040881,1.0000000000000002,0.0,5,0.007207067575945469
2021-12-03,-0.04229364526764334,-0.01923421484397625,1.0000000000000002,0.0,5,-0.017388628144956453
2021-12-06,-0.014789216455262544,0.009259279575593249,1.0000000000000002,0.0,5,0.008012945997442067
2021-12-07,0.04123221563503754,0.030329003671115906,1.0000000000000002,0.0,5,0.030113930605903727
2021-12-08,0.003443896561256876,0.006379348241553728,1.0000000000000002,0.0,5,0.004474272930649059
2021-12-09,-0.038387586228678106,-0.0170785076213682,1.0000000000000002,0.0,5,-0.014714346487825658
2021-12-10,0.00495725453843221,0.007297016135485501,1.0000000000000002,0.0,5,0.0108703934168084
2021-12-13,-0.032181982007628784,-0.013903394089667898,1.0000000000000002,0.0,5,-0.014446873194140952
2021-12-14,-0.010602162208852794,-0.01139553520923653,1.0000000000000002,0.0,5,-0.010350277876918335
2021-12-15,0.0370216966174326,0.02152192915758433,1.0000000000000002,0.0,5,0.02279752704791349
2021-12-16,-0.04913860512335433,-0.024743589751826223,1.0000000000000002,0.0,5,-0.025714645510641065
2021-12-17,-0.008870445744888378,-0.0007083459916227275,1.0000000000000002,0.0,5,-0.004989142798055846
2021-12-20,-0.019806506247045275,-0.012441744327712279,1.0000000000000002,0.0,5,-0.009686913824011212
2021-12-21,0.04074428477375869,0.02404004666114412,1.0000000000000002,0.0,5,0.022380414510493996
2021-12-22,0.016124325832579167,0.011785716434472349,1.0000000000000002,0.0,5,0.012178515454381866
2021-12-23,0.016041874203992945,0.00847070672296768,1.0000000000000002,0.0,5,0.007539027795405495
2021-12-27,0.02847255896225165,0.013919535813812445,1.0000000000000002,0.0,5,0.0165272599012396
2021-12-28,-0.007156125559874216,-0.005641523761151235,1.0000000000000002,0.0,5,-0.0046346782988003765
2021-12-29,-0.008922369532722851,-0.0009826429858396102,1.0000000000000002,0.0,5,-0.00014939867035179688
2021-12-30,-0.0077897689799988346,-0.0015635521112173922,1.0000000000000002,0.0,5,-0.002988419872992143
2021-12-31,-0.009829576121674233,-0.0061362261673546525,1.0000000000000002,0.0,5,-0.006244536030972858
2022-01-03,0.04152431421929603,0.012005653676296246,1.0000000000000002,0.8088007032332927,5,0.009626743747643607
2022-01-04,-0.010889947236630615,-0.013268658476225936,1.0000000000000002,0.0,5,-0.012970523800040046
2022-01-05,-0.03356600179521052,-0.033447763266404085,1.0000000000000002,0.0,5,-0.030721113829545788
2022-01-06,0.006559002852997375,-0.0012787005140298957,1.0000000000000002,0.0,5,-0.0007025943948582025
2022-01-07,-0.029171620317163804,-0.009612432581122654,1.0000000000000002,0.0,5,-0.010832769126608022
2022-01-10,-0.005961820439309706,0.00046376176532603175,1.0000000000000002,0.0,5,0.0006581372084453196
2022-01-11,0.021790130462831403,0.014095062767937483,1.0000000000000002,0.0,5,0.015021967325247854
2022-01-12,0.004026864325657131,0.002306036193135075,1.0000000000000002,0.0,5,0.003965579804053654
2022-01-13,-0.029045230094161156,-0.025123139100315273,1.0000000000000002,0.0,5,-0.025016135278172036
2022-01-14,0.013888009451638483,0.005871648607693292,1.0000000000000002,0.0,5,0.006222528199968158
2022-01-18,-0.03794437563791064,-0.025974407028063307,1.0000000000000002,0.0,5,-0.024894081734691098
2022-01-19,-0.028287568385830908,-0.011487060654220671,1.0000000000000002,0.0,5,-0.010983672918634446
2022-01-20,-0.04063829543106401,-0.012986826335980917,1.0000000000000002,0.0,5,-0.012988430473695689
2022-01-21,-0.01869164751026442,-0.02720771811797229,1.0000000000000002,0.0,5,-0.027728629879465005
2022-01-24,0.015266252800464342,0.006261056648160679,1.0000000000000002,0.0,5,0.004577895305524882
2022-01-25,-0.031030254915089817,-0.022795527886028677,1.0000000000000002,0.0,5,-0.023181432210585995
2022-01-26,0.00705600040460741,0.00020859284186203197,1.0000000000000002,0.0,5,-0.0015647184955520643
2022-01-27,-0.03362408014062013,-0.013981260879621149,1.0000000000000002,0.0,5,-0.010070522680442173
2022-01-28,0.020271793461747345,0.031288608055884515,1.0000000000000002,0.0,5,0.031369099970683045
2022-01-31,0.06368032363321796,0.0340806147415853,1.0000000000000002,0.0,5,0.031978396816373156
2022-02-01,0.010925028037158002,0.007452315548552191,0.0,1.0000000000000002,0,0.006803470596336458
2022-02-02,0.0,0.004987033705395438,0.0,0.0,0,0.0081254103742614
2022-02-03,0.0,-0.03736616941402138,0.0,0.0,0,-0.04054384108116893
2022-02-04,0.0,0.0157930159241797,0.0,0.0,0,0.012614905953896027
2022-02-07,0.0,-0.005840456822591378,0.0,0.0,0,-0.008044468031619179
2022-02-08,0.0,0.012756231097939885,0.0,0.0,0,0.011235322276349491
2022-02-09,0.0,0.020847429359933667,0.0,0.0,0,0.02119068834929827
2022-02-10,0.0,-0.02102992103791934,0.0,0.0,0,-0.022632454394240886
2022-02-11,0.0,-0.02780891489603121,0.0,0.0,0,-0.031721675083000944
2022-02-14,0.0,-1.706891206343375e-05,0.0,0.0,0,0.0012389788509192812
2022-02-15,0.0,0.025294753926803137,0.0,0.0,0,0.024864024864024836
2022-02-16,0.0,-0.0011076640299781948,0.0,0.0,0,-0.00025271670457416295
2022-02-17,0.0,-0.028842620263654806,0.0,0.0,0,-0.029743849005729683
2022-02-18,0.0,-0.01229546238128032,0.0,0.0,0,-0.011405413229121475
2022-02-22,0.0,-0.01229317951181419,0.0,0.0,0,-0.010043629761939621
2022-02-23,0.0,-0.025709290679353902,0.0,0.0,0,-0.02561523899668694
2022-02-24,0.0,0.03344952059895756,0.0,0.0,0,0.03360451702993128
2022-02-25,0.0,0.01640535907852292,0.0,0.0,0,0.015507063349877948
2022-02-28,0.0,0.004145816635783506,0.0,0.0,0,0.002978858778957205
2022-03-01,0.0,-0.015921317796936285,0.0,0.0,0,-0.015311418685121092
2022-03-02,0.0,0.016224516179949244,0.0,0.0,0,0.016779407888957154
2022-03-03,0.0,-0.015566822396069657,0.0,0.0,0,-0.014284891423305246
2022-03-04,0.0,-0.016583237684866914,0.0,0.0,0,-0.01449190673756795
2022-03-07,0.0,-0.036239818886758646,0.0,0.0,0,-0.036881114734657716
2022-03-08,0.0,-0.0027597385352692294,0.0,0.0,0,-0.004648156128793768
2022-03-09,0.0,0.035949532086611447,0.0,0.0,0,0.03599814442554483
2022-03-10,0.0,-0.009473996842332855,0.0,0.0,0,-0.01110480909877909
2022-03-11,0.0,-0.021794067674022144,0.0,0.0,0,-0.020738370513478377
2022-03-14,0.0,-0.020444630453667068,0.0,0.0,0,-0.019204685573366187
2022-03-15,0.0,0.029202285593797672,0.0,0.0,0,0.03136687934123272
2022-03-16,0.0,0.03768212817656691,0.0,0.0,0,0.03708669815633092
2022-03-17,0.0,0.013264451379705333,0.0,0.0,0,0.012106252938410833
2022-03-18,0.0,0.02049652476236652,0.0,0.0,0,0.020468006038787623
2022-03-21,0.0,-0.003985716861265365,0.0,0.0,0,-0.002777632365074445
2022-03-22,0.0,0.019536668097461796,0.0,0.0,0,0.019652650822669093
2022-03-23,0.0,-0.01319833510638535,0.0,0.0,0,-0.014371358135365386
2022-03-24,0.0,0.01933793350231272,0.0,0.0,0,0.02222664354944137
2022-03-25,0.0,-0.0015881733268547915,0.0,0.0,0,-0.0008341443069648236
2022-03-28,0.0,0.013098918268353632,0.0,0.0,0,0.015472380687352238
2022-03-29,0.0,0.01844202032639397,0.0,0.0,0,0.01720972294538381
2022-03-30,0.0,-0.01213171816586378,0.0,0.0,0,-0.011045556184164362
2022-03-31,0.0,-0.015354631400716245,0.0,0.0,0,-0.012394780571521768
2022-04-01,0.0,0.002881849892591104,0.0,0.0,0,-0.0019032382633640266
2022-04-04,0.0,0.01900597412614391,0.0,0.0,0,0.020588641702362853
2022-04-05,0.0,-0.02259655851125464,0.0,0.0,0,-0.0222041700514487
2022-04-06,0.0,-0.022201272189965593,0.0,0.0,0,-0.02171143727499314
2022-04-07,0.0,0.0006107359435800763,0.0,0.0,0,0.0023778520070203424
2022-04-08,0.0,-0.013405748072010337,0.0,0.0,0,-0.013979101948602302
2022-04-11,0.0,-0.02181023157026507,0.0,0.0,0,-0.023657453816411156
2022-04-12,0.0,-0.003011104398112363,0.0,0.0,0,-0.004224236557247241
2022-04-13,0.0,0.020342829866225376,0.0,0.0,0,0.020326999558108794
2022-04-14,0.0,-0.021439215518904264,0.0,0.0,0,-0.022867042009527938
2022-04-18,0.0,-0.0014022611850154076,0.0,0.0,0,0.0007682534054309631
2022-04-19,0.0,0.02154898727812382,0.0,0.0,0,0.022350822285866156
2022-04-20,0.0,-0.012231645024930904,0.0,0.0,0,-0.014584416334546435
2022-04-21,0.0,-0.020695208989320646,0.0,0.0,0,-0.020691070015533053
2022-04-22,0.0,-0.025454821521881055,0.0,0.0,0,-0.026185844680532533
2022-04-25,0.0,0.012894752070850002,0.0,0.0,0,0.012845728334357709
2022-04-26,0.0,-0.039532113109318257,0.0,0.0,0,-0.037745008799077606
2022-04-27,0.0,-0.00014495534581171476,0.0,0.0,0,-0.001198208992873817
2022-04-28,0.0,0.03063469971805266,0.0,0.0,0,0.03551584796060103
2022-04-29,0.0,-0.04171126607485032,0.0,0.0,0,-0.04499862809060695
2022-05-02,0.0,0.016326216778964397,0.0,0.0,0,0.016695929768555606
2022-05-03,0.0,0.002212839905394004,0.0,0.0,0,0.001067570962069997
2022-05-04,0.0,0.0319249786875071,0.0,0.0,0,0.0338121824226838
2022-05-05,0.0,-0.04991680007540389,0.0,0.0,0,-0.05036407766990303
2022-05-06,0.0,-0.01404721829611677,0.0,0.0,0,-0.011980830670926479
2022-05-09,0.0,-0.042933602903616364,0.0,0.0,0,-0.03912691996766382
2022-05-10,0.0,0.009844313740875243,0.0,0.0,0,0.012148746424364587
2022-05-11,0.0,-0.031815127820630895,0.0,0.0,0,-0.029658199228620896
2022-05-12,0.0,0.0005919007978312241,0.0,0.0,0,-0.0023643092105263275
2022-05-13,0.0,0.03817092202199701,0.0,0.0,0,0.037059934741542344
2022-05-16,0.0,-0.012046673096709481,0.0,0.0,0,-0.01159170696164813
2022-05-17,0.0,0.027586149833260354,0.0,0.0,0,0.025901353705937602
2022-05-18,0.0,-0.04725830336586201,0.0,0.0,0,-0.04909037462847454
2022-05-19,0.0,-0.0025975476614464865,0.0,0.0,0,-0.005358246891529861
2022-05-20,0.0,-0.002974747734667771,0.0,0.0,0,-0.003107949444022262
2022-05-23,0.0,0.015910461516923657,0.0,0.0,0,0.016627407510045655
2022-05-24,0.0,-0.023478089086463316,0.0,0.0,0,-0.021262096224614946
2022-05-25,0.0,0.015117651302262614,0.0,0.0,0,0.013995265283386571
2022-05-26,0.0,0.026752702260782524,0.0,0.0,0,0.027707203186156715
2022-05-27,0.0,0.033258847397414915,0.0,0.0,0,0.03263956168776949
2022-05-31,0.0,-0.0041001371108772,0.0,0.0,0,-0.0026528631510839285
2022-06-01,0.0,-0.007195495591749701,0.0,0.0,0,-0.00739587388088736
2022-06-02,0.0,0.026882277318028613,0.0,0.0,0,0.027385620915032494
2022-06-03,0.0,-0.02469485337315125,0.0,0.0,0,-0.026019466887206577
2022-06-06,0.0,0.004048678542331041,0.0,0.0,0,0.0033311561071196483
2022-06-07,0.0,0.009440163020949077,0.0,0.0,0,0.008625740511685409
2022-06-08,0.0,-0.0073067112301454795,0.0,0.0,0,-0.00719656630199772
2022-06-09,0.0,-0.027472899932200034,0.0,0.0,0,-0.026784553374073594
2022-06-10,0.0,-0.03523849329555151,0.0,0.0,0,-0.03527054108216432
2022-06-13,0.0,-0.04680755360632205,0.0,0.0,0,-0.046496330148178666
2022-06-14,0.0,0.0017688686227439465,0.0,0.0,0,0.00181547510983604
2022-06-15,0.0,0.025009231096122075,0.0,0.0,0,0.02497191113044095
2022-06-16,0.0,-0.04081893879067888,0.0,0.0,0,-0.04034653465346527
2022-06-17,0.0,0.014301107449822048,0.0,0.0,0,0.012159622683223459
2022-06-21,0.0,0.025092084442237317,0.0,0.0,0,0.025182569441916325
2022-06-22,0.0,-0.0014655485028881587,0.0,0.0,0,-0.0014586594563824606
2022-06-23,0.0,0.016204740975323206,0.0,0.0,0,0.014892934763245158
2022-06-24,0.0,0.03342425829529061,0.0,0.0,0,0.03426364753378963
2022-06-27,0.0,-0.008296679178878441,0.0,0.0,0,-0.007331726689521867
2022-06-28,0.0,-0.02864793366707674,0.0,0.0,0,-0.030466746452385007
2022-06-29,0.0,-0.0003261089259620764,0.0,0.0,0,0.0009169782041333896
2022-06-30,0.0,-0.013344034693620666,0.0,0.0,0,-0.012403100775193798
2022-07-01,0.0,0.008986460950001662,0.0,0.0,0,0.006600542314828095
2022-07-05,0.0,0.01746902524619176,0.0,0.0,0,0.0171197674830752
2022-07-06,0.0,0.003498804957921209,0.0,0.0,0,0.006412043490382047
2022-07-07,0.0,0.022839067885730868,0.0,0.0,0,0.021398891966758926
2022-07-08,0.0,0.0012014013144794333,0.0,0.0,0,0.0012543223269374515
2022-07-11,0.0,-0.022578603766350014,0.0,0.0,0,-0.021364482816996766
2022-07-12,0.0,-0.009485176061696077,0.0,0.0,0,-0.009687240520343088
2022-07-13,0.0,-0.0015220519093782636,0.0,0.0,0,-0.002061207378423968
2022-07-14,0.0,0.000320379971446183,0.0,0.0,0,0.003570803430771985
2022-07-15,0.0,0.017885706355121433,0.0,0.0,0,0.018139323961349207
2022-07-18,0.0,-0.008065805545096505,0.0,0.0,0,-0.008462671737417438
2022-07-19,0.0,0.03108258020637389,0.0,0.0,0,0.030753282653766645
2022-07-20,0.0,0.015751863450878645,0.0,0.0,0,0.015856520281595454
2022-07-21,0.0,0.013612602567931953,0.0,0.0,0,0.014355014355014406
2022-07-22,0.0,-0.018698623854268348,0.0,0.0,0,-0.01753529832780265
2022-07-25,0.0,-0.004347204339712585,0.0,0.0,0,-0.005695552832875372
2022-07-26,0.0,-0.01867928701365207,0.0,0.0,0,-0.01964898258234249
2022-07-27,0.0,0.04063530247442659,0.0,0.0,0,0.04225974114209996
2022-07-28,0.0,0.010818261715186184,0.0,0.0,0,0.009778038525471766
2022-07-29,0.0,0.018753789076947358,0.0,0.0,0,0.018236983957909514
2022-08-01,0.0,-0.001752275650564239,0.0,0.0,0,-0.00060229506118048
2022-08-02,0.0,-0.0016345573517018153,0.0,0.0,0,-0.002981571351539869
2022-08-03,0.0,0.025865063124001164,0.0,0.0,0,0.02723252632583595
2022-08-04,0.0,0.004138004517657112,0.0,0.0,0,0.0046765152219023776
2022-08-05,0.0,-0.004954601087728605,0.0,0.0,0,-0.008168927250308156
2022-08-08,0.0,-0.001034615319497667,0.0,0.0,0,-0.003232323232323253
2022-08-09,0.0,-0.011904763976062549,0.0,0.0,0,-0.011318636774656055
2022-08-10,0.0,0.028884026776619276,0.0,0.0,0,0.02791093730288896
2022-08-11,0.0,-0.005826039504124192,0.0,0.0,0,-0.005676065412818843
2022-08-12,0.0,0.020913555422654273,0.0,0.0,0,0.019470501110837146
2022-08-15,0.0,0.006198057044563443,0.0,0.0,0,0.008081358394624427
2022-08-16,0.0,-0.0019427024390296088,0.0,0.0,0,-0.0023419203747072626
2022-08-17,0.0,-0.012549146163073344,0.0,0.0,0,-0.011406043096183982
2022-08-18,0.0,0.0021037672929837825,0.0,0.0,0,0.0024049438339066587
2022-08-19,0.0,-0.02006325818575805,0.0,0.0,0,-0.019497084548104837
2022-08-22,0.0,-0.02547313092258774,0.0,0.0,0,-0.0263272006442421
2022-08-23,0.0,-2.200043529199114e-05,0.0,0.0,0,-0.0008270772362898304
2022-08-24,0.0,0.004056641609094802,0.0,0.0,0,0.002897166507481508
2022-08-25,0.0,0.01671060160081872,0.0,0.0,0,0.0176819783498936
2022-08-26,0.0,-0.03936586315584678,0.0,0.0,0,-0.04098820887142052
2022-08-29,0.0,-0.010216114534114085,0.0,0.0,0,-0.009855581576892924
2022-08-30,0.0,-0.011194533741897383,0.0,0.0,0,-0.01113629644229841
2022-08-31,0.0,-0.005632654213259869,0.0,0.0,0,-0.005813567204836834
2022-09-01,0.0,-0.002630041117015036,0.0,0.0,0,0.0004343903498513768
2022-09-02,0.0,-0.01308952488076931,0.0,0.0,0,-0.01412825651302585
2022-09-06,0.0,-0.007390259036897162,0.0,0.0,0,-0.007182301724430129
2022-09-07,0.0,0.021393862500018734,0.0,0.0,0,0.020201330830916353
2022-09-08,0.0,0.005955741108171209,0.0,0.0,0,0.0051844666688964924
2022-09-09,0.0,0.02109045535662668,0.0,0.0,0,0.02186210568348179
2022-09-12,0.0,0.012722894580624367,0.0,0.0,0,0.011885766387704111
2022-09-13,0.0,-0.051590969948159815,0.0,0.0,0,-0.05483684108901343
2022-09-14,0.0,0.007401293748571458,0.0,0.0,0,0.007933265236635956
2022-09-15,0.0,-0.014276868723104852,0.0,0.0,0,-0.016653717528628653
2022-09-16,0.0,-0.008998518345701534,0.0,0.0,0,-0.006114737203710252
2022-09-19,0.0,0.007565788672032614,0.0,0.0,0,0.007771878888428008
2022-09-20,0.0,-0.009533464594489782,0.0,0.0,0,-0.007971138979556702
2022-09-21,0.0,-0.017930633621340286,0.0,0.0,0,-0.017906002147335065
2022-09-22,0.0,-0.013670594454333829,0.0,0.0,0,-0.012307800818169068
2022-09-23,0.0,-0.017970849528875288,0.0,0.0,0,-0.01628164387474562
2022-09-26,0.0,-0.005981260932053978,0.0,0.0,0,-0.004137780842800476
2022-09-27,0.0,0.0024606305818057894,0.0,0.0,0,0.00040091846776246776
2022-09-28,0.0,0.020511816797074145,0.0,0.0,0,0.0198921597201982
2022-09-29,0.0,-0.028423916613183553,0.0,0.0,0,-0.028827605915553445
2022-09-30,0.0,-0.015076760050953708,0.0,0.0,0,-0.01695663368521727
2022-10-03,0.0,0.02267626109945664,0.0,0.0,0,0.02346030083065176
2022-10-04,0.0,0.03337551502553571,0.0,0.0,0,0.03144079260044608
2022-10-05,0.0,-0.002484394512786703,0.0,0.0,0,-0.0005316697976111007
2022-10-06,0.0,-0.006756717302176085,0.0,0.0,0,-0.007872898787148142
2022-10-07,0.0,-0.03801087308081896,0.0,0.0,0,-0.03810408921933073
2022-10-10,0.0,-0.010354723393290688,0.0,0.0,0,-0.009996283909327386
2022-10-11,0.0,-0.010994980355719663,0.0,0.0,0,-0.013738223039675757
2022-10-12,0.0,-0.0008721113636951383,0.0,0.0,0,-0.00034253092293057286
2022-10-13,0.0,0.022276231502694976,0.0,0.0,0,0.02345237188761118
2022-10-14,0.0,-0.03077837472565781,0.0,0.0,0,-0.030057287404210875
2022-10-17,0.0,0.034337637143730504,0.0,0.0,0,0.03302140062897885
2022-10-18,0.0,0.009048642046599387,0.0,0.0,0,0.007907926489697292
2022-10-19,0.0,-0.008530548473853483,0.0,0.0,0,-0.0036466774716368278
2022-10-20,0.0,-0.006148022287854049,0.0,0.0,0,-0.0051018521941661454
2022-10-21,0.0,0.023068827447088713,0.0,0.0,0,0.023447660807847992
2022-10-24,0.0,0.0085541373007203,0.0,0.0,0,0.011001379710986692
2022-10-25,0.0,0.022506404477259156,0.0,0.0,0,0.020685940025139127
2022-10-26,0.0,-0.020369734209002455,0.0,0.0,0,-0.022096337215439243
2022-10-27,0.0,-0.01625353447977107,0.0,0.0,0,-0.018206023099341717
2022-10-28,0.0,0.028702551104384133,0.0,0.0,0,0.030600652325283084
2022-10-31,0.0,-0.010295617487960151,0.0,0.0,0,-0.011627906976744318
2022-11-01,0.0,-0.008854979213735459,0.0,0.0,0,-0.01021766504767041
2022-11-02,0.0,-0.03361068645018084,0.0,0.0,0,-0.03427719821162445
2022-11-03,0.0,-0.017278860744571745,0.0,0.0,0,-0.01953477868112019
2022-11-04,0.0,0.012792735419803858,0.0,0.0,0,0.01608507044416263
2022-11-07,0.0,0.008521472828312726,0.0,0.0,0,0.010994408342148931
2022-11-08,0.0,0.0048919120268553495,0.0,0.0,0,0.007287267835121014
2022-11-09,0.0,-0.0247758515330182,0.0,0.0,0,-0.02307635230392535
2022-11-10,0.0,0.07350128967203373,0.0,0.0,0,0.07378854625550657
2022-11-11,0.0,0.018821472256101535,0.0,0.0,0,0.018426171529619895
2022-11-14,0.0,-0.011225530621461699,0.0,0.0,0,-0.008751215446589744
2022-11-15,0.0,0.014486093508321085,0.0,0.0,0,0.01383828475336335
2022-11-16,0.0,-0.01538525171418803,0.0,0.0,0,-0.013649400463042971
2022-11-17,0.0,-0.0034604240676811004,0.0,0.0,0,-0.002207118834080757
2022-11-18,0.0,9.910311012384376e-05,0.0,0.0,0,3.511112671605865e-05
2022-11-21,0.0,-0.010905357833764118,0.0,0.0,0,-0.01028719893265928
2022-11-22,0.0,0.013596567147419858,0.0,0.0,0,0.014402781226719563
2022-11-23,0.0,0.009925467001548727,0.0,0.0,0,0.010036719706242536
2022-11-25,0.0,-0.005224655887835272,0.0,0.0,0,-0.006578491794197117
2022-11-28,0.0,-0.015753687828610086,0.0,0.0,0,-0.014673079604070938
2022-11-29,0.0,-0.005947753830286784,0.0,0.0,0,-0.0075695942838952535
2022-11-30,0.0,0.04408471681509485,0.0,0.0,0,0.0455857718216488
2022-12-01,0.0,0.0012602986497352031,0.0,0.0,0,0.0012271611671665905
2022-12-02,0.0,-0.0018247065268965912,0.0,0.0,0,-0.003983385537246309
2022-12-05,0.0,-0.01933077311514575,0.0,0.0,0,-0.016783455819518123
2022-12-06,0.0,-0.020022166493363525,0.0,0.0,0,-0.020720344875538754
2022-12-07,0.0,-0.005114522436974744,0.0,0.0,0,-0.00408264697529126
2022-12-08,0.0,0.011265099700154657,0.0,0.0,0,0.011834741382383607
2022-12-09,0.0,-0.006983006654870949,0.0,0.0,0,-0.006376607363043796
2022-12-12,0.0,0.012642066277416708,0.0,0.0,0,0.012551411147354807
2022-12-13,0.0,0.010146971954644535,0.0,0.0,0,0.010750052524686637
2022-12-14,0.0,-0.007633314703135219,0.0,0.0,0,-0.007413822968993622
2022-12-15,0.0,-0.03225888057749238,0.0,0.0,0,-0.033576489476807136
2022-12-16,0.0,-0.009723143546460533,0.0,0.0,0,-0.009534472173065134
2022-12-19,0.0,-0.014887971498458885,0.0,0.0,0,-0.014018559708295242
2022-12-20,0.0,0.00010241766566965183,0.0,0.0,0,-0.0007784986098238189
2022-12-21,0.0,0.0153840971239112,0.0,0.0,0,0.014506195740891847
2022-12-22,0.0,-0.02178008583343294,0.0,0.0,0,-0.02446516730663728
2022-12-23,0.0,0.0020755968686916315,0.0,0.0,0,0.002249212775528475
2022-12-27,0.0,-0.013777727511464222,0.0,0.0,0,-0.014138240574506411
2022-12-28,0.0,-0.013516414293491819,0.0,0.0,0,-0.013202822672433223
2022-12-29,0.0,0.025926890283257675,0.0,0.0,0,0.024375240292195288
2022-12-30,0.0,-0.001107597227505308,0.0,0.0,0,-0.0006005104338689948
2023-01-03,0.0,-0.007595389220297233,0.0,0.0,0,-0.006759801712482916
2023-01-04,0.0,0.006910311716651796,0.0,0.0,0,0.0047640653357530205
2023-01-05,0.0,-0.014678649767878249,0.0,0.0,0,-0.015654399036652333
2023-01-06,0.0,0.025623146016223286,0.0,0.0,0,0.027601498585518636
2023-01-09,0.0,0.006278139356121093,0.0,0.0,0,0.006473214285714457
2023-01-10,0.0,0.010058671170563471,0.0,0.0,0,0.008464552376727719
2023-01-11,0.0,0.01759727382956755,0.0,0.0,0,0.017300150276729154
2023-01-12,0.0,0.006351599918728024,0.0,0.0,0,0.005404431633939888
2023-01-13,0.0,0.007094896698781383,0.0,0.0,0,0.0068804873678551814
2023-01-17,0.0,0.0014402811650946479,0.0,0.0,0,0.0020286863366194563
2023-01-18,0.0,-0.01244697519222282,0.0,0.0,0,-0.012999928962136864
2023-01-19,0.0,-0.009559466879142997,0.0,0.0,0,-0.009824384626457516
2023-01-20,0.0,0.026553441194949956,0.0,0.0,0,0.027366890786843845
2023-01-23,0.0,0.020105095361360403,0.0,0.0,0,0.02221593321069726
2023-01-24,0.0,-0.002652367269862066,0.0,0.0,0,-0.0020418050941305443
2023-01-25,0.0,-0.0018452090193886717,0.0,0.0,0,-0.00221937094704705
2023-01-26,0.0,0.01759475043190961,0.0,0.0,0,0.019497445521843293
2023-01-27,0.0,0.009493830620098231,0.0,0.0,0,0.009954319220017771
2023-01-30,0.0,-0.019609463667566884,0.0,0.0,0,-0.02021872679403225
2023-01-31,0.0,0.016740425254421876,0.0,0.0,0,0.01498604747304233
2023-02-01,-0.0029910269192423566,0.02000660051431602,0.9999999999999994,0.997008973080757,5,0.021383477021247543
2023-02-02,-0.004201561031651813,0.03253966740726111,0.9999999999999994,0.0,5,0.03588993752492353
2023-02-03,-0.02170604420395661,-0.015889368536130433,0.9999999999999993,0.0,5,-0.01777235981008618
2023-02-06,-0.000332183029920996,-0.009952973006453592,0.9999999999999993,0.0,5,-0.008459076360310958
2023-02-07,0.0133726036195716,0.01903990310722814,0.9999999999999993,0.0,5,0.020718732501070924
2023-02-08,-0.007306925972548339,-0.016779692023784265,0.9999999999999993,0.0,5,-0.017781076545759777
2023-02-09,-0.004022178862820969,-0.010154165806607662,0.9999999999999993,0.0,5,-0.008837927522423294
2023-02-10,-0.023079578801859735,-0.006061200267955313,0.9999999999999993,0.0,5,-0.0065632458233891855
2023-02-13,0.020164725336856648,0.0148205512930355,0.9999999999999993,0.0,5,0.0160160160160161
2023-02-14,0.015496899828670418,0.00574820150485178,0.9999999999999993,0.0,5,0.00738916256157629
2023-02-15,0.016427308923596895,0.009234611736119724,0.9999999999999994,0.0,5,0.007660961695191482
2023-02-16,-0.026485682843413683,-0.01779190165374478,0.9999999999999993,0.0,5,-0.01876415399547071
2023-02-17,-0.013422708640438707,-0.00578301787963631,0.9999999999999993,0.0,5,-0.007055720408835953
2023-02-21,-0.01878628273101368,-0.02502451054936672,0.9999999999999993,0.0,5,-0.02367512285828144
2023-02-22,0.007457599240715318,0.0012851647600451432,0.9999999999999993,0.0,5,0.0007482229704451893
2023-02-23,0.03214527578498583,0.007241730329917262,0.9999999999999993,0.0,5,0.008734069668649092
2023-02-24,-0.005449146455867138,-0.016863954340701315,0.9999999999999993,0.0,5,-0.016744154706556102
2023-02-27,0.01827418793642499,0.006321936855243404,0.9999999999999994,0.0,5,0.007161212951858786
2023-02-28,0.006364932331213824,-0.0009972634903550048,0.9999999999999994,0.0,5,-0.00129278083962725
2023-03-01,0.021223138837735522,-0.006639536338383878,1.0,0.8115259148073269,5,-0.008039242403597213
2023-03-02,0.01336350365576422,0.007337502918849381,1.0,0.0,5,0.008276098901099038
2023-03-03,0.03549902671980476,0.019717776040358848,1.0,0.0,5,0.02067368277647219
2023-03-06,0.001695595058628152,-0.0011351350246131542,1.0,0.0,5,0.0011345435130805104
2023-03-07,-0.004466550713217887,-0.012453628945557016,1.0,0.0,5,-0.012265848943403768
2023-03-08,0.004811842252510523,0.003961108838843375,1.0,0.0,5,0.004994263346156602
2023-03-09,-0.03015383636216451,-0.02052956974819531,1.0,0.0,5,-0.01732590155127256
2023-03-10,-0.019552708761546578,-0.017592217636165808,1.0,0.0,5,-0.014043600082006336
2023-03-13,-0.0008945098573160948,0.0044847476108409445,1.0,0.0,5,0.007416392306359265
2023-03-14,0.03990671170136384,0.021387877573898928,1.0,0.0,5,0.02297980666689603
2023-03-15,-0.004743578357980449,0.0005165666207134212,1.0,0.0,5,0.005245989844302024
2023-03-16,0.03032098185319798,0.024770274348416166,1.0,0.0,5,0.026360686448332338
2023-03-17,-0.013976234053646563,-0.007404681517967915,1.0,0.0,5,-0.004726051953978017
2023-03-20,0.0021478390512712497,0.0038712305545025583,1.0,0.0,5,0.003544111867959332
2023-03-21,0.025914266841722045,0.01580837631800458,1.0,0.0,5,0.014282445991436576
2023-03-22,-0.015643440891903504,-0.016033013995638168,1.0,0.0,5,-0.01359798930205558
2023-03-23,0.009667824439691275,0.010063645397946352,1.0,0.0,5,0.011858094864758861
2023-03-24,-0.007949579992417188,0.0031017531400312492,1.0,0.0,5,0.003680387409200625
2023-03-27,-0.00457997446602465,-0.004662067530674885,1.0,0.0,5,-0.006851297886712238
2023-03-28,-0.00026642971030987894,-0.004482669352199986,1.0,0.0,5,-0.005311568856069426
2023-03-29,0.01678511277940231,0.01793741577441077,1.0,0.0,5,0.018233915082052743
2023-03-30,0.018525776859904086,0.007314579202157834,1.0,0.0,5,0.009465336403172042
2023-03-31,0.03141660322043349,0.017350063762167967,1.0,0.0,5,0.01663076533198171
2023-04-03,-0.002353171133832155,-0.0026554041136397366,1.0000000000000002,0.43984516454371475,5,-0.0024304365437947117
2023-04-04,-0.0056348768200154,-0.0051786577019322655,1.0000000000000002,0.0,5,-0.0033734187099796475
2023-04-05,-0.028046714702963937,-0.010676423201547935,1.0000000000000002,0.0,5,-0.009872441783934538
2023-04-06,0.008522457633617586,0.007593219403144946,1.0000000000000002,0.0,5,0.00674221321853663
2023-04-10,0.014819958084359541,-0.0002978667336490659,1.0000000000000002,0.0,5,-0.0005659487501965543
2023-04-11,0.0034448908043434034,-0.004342680915006114,1.0000000000000002,0.0,5,-0.006417717935004896
2023-04-12,-0.01686814974588735,-0.008522369369301286,1.0000000000000002,0.0,5,-0.00883386632048877
2023-04-13,0.017314943676885353,0.01986150630048855,1.0000000000000002,0.0,5,0.01958216202402241
2023-04-14,0.003942401080139435,-0.0035183909877402053,1.0000000000000002,0.0,5,-0.0018798759281889454
2023-04-17,0.000654234112225538,0.002825743113821444,1.0000000000000002,0.0,5,0.0008475374329033336
2023-04-18,0.004916755299928299,-0.0003547127852124854,1.0000000000000002,0.0,5,6.272738677748357e-05
2023-04-19,0.003233679089942987,0.00031394478213608856,1.0000000000000002,0.0,5,-0.0004704258922412219
2023-04-20,-0.012604682206761031,-0.00803382245091988,1.0000000000000002,0.0,5,-0.007624486210034087
2023-04-21,-0.0036920560073584463,0.0010695665983633251,1.0000000000000002,0.0,5,0.001043379284178858
2023-04-24,0.0011617289978356204,-0.0029200354681760965,1.0000000000000002,0.0,5,-0.002084583557057651
2023-04-25,-0.03253307621960444,-0.019775929528352942,1.0000000000000002,0.0,5,-0.018863744263332705
2023-04-26,0.014674685888190542,0.004677740881357195,1.0000000000000002,0.0,5,0.006064711764895536
2023-04-27,0.011654163831857467,0.024285404550123735,1.0000000000000002,0.0,5,0.027190816686440078
2023-04-28,0.019292959877374782,0.006946470487241285,1.0000000000000002,0.0,5,0.00689870454190733
2023-05-01,0.0052854814109077886,-0.0011439254005861654,0.9999999999999998,1.1992804317409556,5,-0.001147073412698374
2023-05-02,-0.011570484944966597,-0.010816028108417974,0.9999999999999998,0.0,5,-0.008721561811353529
2023-05-03,-0.0015549545699136136,-0.004567507392219339,0.9999999999999998,0.0,5,-0.006543928862170256
2023-05-04,-0.005733236673424846,-0.004900465044276103,0.9999999999999998,0.0,5,-0.0035298937880172687
2023-05-05,0.014341839302552284,0.022480841018965192,0.9999999999999998,0.0,5,0.02125438846190364
2023-05-08,-0.0013541635996529022,0.0017575949274650782,0.9999999999999998,0.0,5,0.0024776239586237203
2023-05-09,-0.006281958882147887,-0.006311970105372322,0.9999999999999998,0.0,5,-0.006333220056226718
2023-05-10,0.0050554407265697154,0.01041817405987322,0.9999999999999998,0.0,5,0.010881731127969418
2023-05-11,-0.0018048519575221134,0.0017929959833880016,0.9999999999999998,0.0,5,0.0032601340960816128
2023-05-12,-0.003446111002572416,-0.003549789176415019,0.9999999999999998,0.0,5,-0.0035867565910483457
2023-05-15,0.010424080088121235,0.006550059589361279,0.9999999999999998,0.0,5,0.005414884779866513
2023-05-16,0.00013175055198910712,-0.0017918257588691588,0.9999999999999998,0.0,5,0.0011322255882983967
2023-05-17,0.013071544521296552,0.012761324433136378,0.9999999999999998,0.0,5,0.012104169213840166
2023-05-18,0.02269560736273668,0.015061037554266354,0.9999999999999998,0.0,5,0.018573326890553243
2023-05-19,-0.008075422524272291,-0.0024383950873863025,0.9999999999999998,0.0,5,-0.0022533874936992992
2023-05-22,0.0006389239453143958,0.004967562740968656,0.9999999999999998,0.0,5,0.003357998276425578
2023-05-23,-0.02086125481145673,-0.012619614947402158,0.9999999999999998,0.0,5,-0.012676223196303682
2023-05-24,-0.004046283899833303,-0.006057445487270052,0.9999999999999998,0.0,5,-0.005129589632829612
2023-05-25,0.06190551800270816,0.01713624817479742,0.9999999999999999,0.0,5,0.024332881049299093
2023-05-26,0.018753926844038427,0.021861052877086173,0.9999999999999999,0.0,5,0.025550453314494126
2023-05-30,0.005157146347812391,0.003216654223523907,0.9999999999999999,0.0,5,0.0045350172215845586
2023-05-31,-0.01629417234378039,-0.006310049410844343,0.9999999999999999,0.0,5,-0.005686039202240201
2023-06-01,0.017394570809888377,0.012809628658206895,1.0,1.1992804317409553,5,0.011552056093565799
2023-06-02,-0.007201028470279924,0.01066975028298267,1.0,0.0,5,0.007499786937871011
2023-06-05,-0.0025472891746669557,-0.0008562118190507118,1.0,0.0,5,0.0007049203440010476
2023-06-06,0.012975702056957639,0.0035518767337245905,1.0,0.0,5,-0.00016906170752328809
2023-06-07,-0.015686073830953107,-0.012919410943524001,1.0,0.0,5,-0.016965392853116712
2023-06-08,0.027200674902514432,0.010196869574188527,1.0,0.0,5,0.012413279055099924
2023-06-09,0.014289795767709945,0.001557590629782668,1.0,0.0,5,0.003822738213223875
2023-06-12,0.024733623678487415,0.015293393458684523,1.0,0.0,5,0.016897038081805427
2023-06-13,-0.012716547648491283,0.008275148905384055,1.0,0.0,5,0.007683985686149475
2023-06-14,0.026943224724626846,0.00391623411406572,1.0,0.0,5,0.007267521885151007
2023-06-15,-0.004406610162281055,0.011473523537258279,1.0,0.0,5,0.011915823995627184
2023-06-16,-0.021277009937453295,-0.006765596443276567,1.0,0.0,5,-0.006292875276832421
2023-06-20,-0.0010904106033039485,-0.001627326342936608,1.0,0.0,5,-0.0014297556600442185
2023-06-21,-0.022490467510208445,-0.012079618775154843,1.0,0.0,5,-0.013627691469065062
2023-06-22,0.0041846169846400105,0.00951031810509173,1.0,0.0,5,0.01179883945841409
2023-06-23,-0.016255894127971127,-0.010131081162892075,1.0,0.0,5,-0.009913428189092466
2023-06-26,-0.019306440278446524,-0.011616610619297751,1.0,0.0,5,-0.01340541733325995
2023-06-27,0.03304688345476814,0.01648907135776234,1.0,0.0,5,0.01719414001341968
2023-06-28,0.0028149036894113966,0.002661402371253674,1.0,0.0,5,0.0019514608470989625
2023-06-29,0.0012379643676818652,-3.082016664524012e-05,1.0,0.0,5,-0.0020025237285346
2023-06-30,0.028066166388042824,0.014464499360184124,1.0,0.0,5,0.015420136884637614
2023-07-03,0.0038320972495085037,0.002092381877186078,1.0000000000000002,0.40276801545236646,5,0.002355043040441762
2023-07-05,0.005440412903970904,-0.0018179498866323085,1.0000000000000002,0.0,5,-2.7005860271933635e-05
2023-07-06,-0.011592783880567503,-0.008165177110044053,1.0000000000000002,0.0,5,-0.007615858269417686
2023-07-07,0.008928840090012713,-0.0013398013296690436,1.0000000000000002,0.0,5,-0.003320089261416026
2023-07-10,0.02129154659312893,0.001812906465706643,1.0000000000000002,0.0,5,0.000327653997378885
2023-07-11,0.00498603227593053,0.005496174946392429,1.0000000000000002,0.0,5,0.004940495687302038
2023-07-12,0.025460645675869475,0.011501137965431285,1.0000000000000002,0.0,5,0.012630035038161846
2023-07-13,0.024948251906244945,0.015777569175071227,1.0000000000000002,0.0,5,0.016978702859288708
2023-07-14,-0.0006696001428281306,-0.0017588199847899944,1.0000000000000002,0.0,5,-0.0002109982856388637
2023-07-17,0.014919397105970233,0.009299125755309445,1.0000000000000002,0.0,5,0.009338644577518762
2023-07-18,0.016464756633485678,0.007630382257199031,1.0000000000000002,0.0,5,0.008180653929588777
2023-07-19,-0.013094356791051531,0.00030487034698767346,1.0000000000000002,0.0,5,-0.00023331777881474558
2023-07-20,-0.01957328206734288,-0.020525951958301536,1.0000000000000002,0.0,5,-0.02305199014650572
2023-07-21,-0.01478668343348899,-0.002168828488742447,1.0000000000000002,0.0,5,-0.00299925682131863
2023-07-24,-0.0019985234344456204,0.0018571125801307709,1.0000000000000002,0.0,5,0.0015973165082661112
2023-07-25,0.023336999526663238,0.006095050538285962,1.0000000000000002,0.0,5,0.006777768917948901
2023-07-26,-0.007367642700642385,-0.0012212119183072634,1.0000000000000002,0.0,5,-0.0033264691905592336
2023-07-27,0.014802691772085819,-0.0054628200178515884,1.0000000000000002,0.0,5,-0.0023839796567068916
2023-07-28,0.02064723304685745,0.01897137099464441,1.0000000000000002,0.0,5,0.018214646062343798
2023-07-31,-0.008809114221768,0.0020511911118470394,1.0000000000000002,0.0,5,0.000521539584854569
2023-08-01,0.007443795396699038,-0.0043294436561424066,1.0,1.2057323184867397,5,-0.002319641367806602
2023-08-02,-0.04080201279582074,-0.021735346457687377,1.0,0.0,5,-0.021944146921288543
2023-08-03,0.0020897579893848217,-0.0009827567747008326,1.0,0.0,5,-0.0016026069072355709
2023-08-04,0.007223322591590309,-0.003615869000418215,1.0,0.0,5,-0.0046817731881537705
2023-08-07,0.014185738354749011,0.006122556689534875,1.0,0.0,5,0.008466831523492147
2023-08-08,-0.015767408198006594,-0.007865589992064326,1.0,0.0,5,-0.008502358804872157
2023-08-09,-0.07212273785523793,-0.011690061227466741,1.0,0.0,5,-0.01099462365591386
2023-08-10,0.007182615933913894,0.0011638086171537054,1.0,0.0,5,0.0018482781114945723
2023-08-11,-0.03391755134069008,-0.006779436524950722,1.0,0.0,5,-0.006375647738679935
2023-08-14,0.03312174484667274,0.010515432870729535,1.0,0.0,5,0.011222149410222926
2023-08-15,-0.015903748629237047,-0.011407051285561298,1.0,0.0,5,-0.010611583637099908
2023-08-16,-0.021359122738036973,-0.011475200778598982,1.0,0.0,5,-0.01058894165165658
2023-08-17,-0.018701635825398966,-0.011703202579716465,1.0,0.0,5,-0.010922932641915462
2023-08-18,-0.0039268805585526145,-0.0019640560442616417,1.0,0.0,5,-0.0012549500808746172
2023-08-21,0.049504498144836706,0.015560671083143074,1.0,0.0,5,0.016111467902717003
2023-08-22,-0.0027795319520380612,0.0006136799326943443,1.0,0.0,5,-0.0014289640010991533
2023-08-23,0.028868861908367238,0.01593078803569381,1.0,0.0,5,0.015768616874896946
2023-08-24,-0.028494767246965647,-0.01873477856862693,1.0,0.0,5,-0.021375741648830937
2023-08-25,0.006232692833760156,0.009408427381052853,1.0,0.0,5,0.007751508775815097
2023-08-28,0.009622630764941631,0.008423764093930197,1.0,0.0,5,0.007527058952804699
2023-08-29,0.041608783521470016,0.017411428007593877,1.0,0.0,5,0.021839895299378353
2023-08-30,0.010237140427055147,0.005418460826855487,1.0,0.0,5,0.005576753742295271
2023-08-31,0.010440695583729065,0.0011168380927151222,1.0,0.0,5,0.002998460966937344
2023-09-01,-0.008978095635459593,-0.00022467454467545167,1.0,0.8054203906328341,5,-0.0010582290536788053
2023-09-05,0.004168405074543857,-0.0007741265393723662,1.0,0.0,5,0.0012712201064646322
2023-09-06,-0.005526427748557383,-0.01058996557016989,1.0,0.0,5,-0.008807892718279642
2023-09-07,-0.0047177647814475865,-0.008912521977790133,1.0,0.0,5,-0.007151625126754713
2023-09-08,-0.003790412545764843,0.0009232347882350833,1.0,0.0,5,0.0013976240391333494
2023-09-11,0.02647549382380232,0.011362773780877466,1.0,0.0,5,0.011782704385635556
2023-09-12,-0.014759186693771742,-0.01036652490791623,1.0,0.0,5,-0.011088415523781814
2023-09-13,0.009519228117250478,0.002901976135631923,1.0,0.0,5,0.0038091150513692718
2023-09-14,0.010432073447815382,0.00814181836214134,1.0,0.0,5,0.00817722669089549
2023-09-15,-0.020245314414829685,-0.015633841454585462,1.0,0.0,5,-0.017123015347098813
2023-09-18,-0.0033409155138800495,0.00013876958799174943,1.0,0.0,5,0.0010397508157817814
2023-09-19,-0.0025403191586741425,-0.002337800528076972,1.0,0.0,5,-0.002131333297361482
2023-09-20,-0.013394211471548956,-0.015284015558935105,1.0,0.0,5,-0.014410468543001542
2023-09-21,-0.026563166726019216,-0.018200324610474605,1.0,0.0,5,-0.018324463707686367
2023-09-22,-0.006248190223060668,-0.0009209629042693512,1.0,0.0,5,0.0001397194433576665
2023-09-25,0.001297777204586792,0.004504508868605317,1.0,0.0,5,0.004749797435109393
2023-09-26,-0.013380957783543979,-0.01565103629147102,1.0,0.0,5,-0.015016267623258472
2023-09-27,0.002229950568962469,0.0022382175633635093,1.0,0.0,5,0.0023432427091274466
2023-09-28,0.01573060796315162,0.008281452212011375,1.0,0.0,5,0.008365254619197682
2023-09-29,0.0041916650122530985,0.0013669814533994185,1.0,0.0,5,0.0007262366972988765
2023-10-02,0.009126004505496832,0.006690978402122738,1.0000000000000002,1.209781578730521,5,0.008345661093588586
2023-10-03,-0.018593674661972037,-0.018658772533119206,1.0000000000000002,0.0,5,-0.017549687205890452
2023-10-04,0.011643574379702537,0.013518470257795734,1.0000000000000002,0.0,5,0.013608700552237174
2023-10-05,0.0009572557596477793,-0.0012221054716957669,1.0000000000000002,0.0,5,-0.002946490618485176
2023-10-06,0.011465448392544708,0.015999202410559743,1.0000000000000002,0.0,5,0.016755415539881247
2023-10-09,0.005058869184133119,0.00393843777681524,1.0000000000000002,0.0,5,0.005100082259391403
2023-10-10,0.006813777163248824,0.005829361097144048,1.0000000000000002,0.0,5,0.005537974683544444
2023-10-11,0.012964551783005263,0.00713957938526133,1.0000000000000002,0.0,5,0.007135299384139593
2023-10-12,-7.73903780753038e-05,-0.006256158271621737,1.0000000000000002,0.0,5,-0.0034750282851140346
2023-10-13,-0.009801835522292301,-0.012301650016759313,1.0000000000000002,0.0,5,-0.012569945665396265
2023-10-16,0.009339063650892099,0.011989721012112708,1.0000000000000002,0.0,5,0.011306395094174526
2023-10-17,-0.004241464894490177,-0.0025233152923814783,1.0000000000000002,0.0,5,-0.003275493354267578
2023-10-18,-0.01749479173302415,-0.016214607704617134,1.0000000000000002,0.0,5,-0.013117870722433533
2023-10-19,-0.0185149863414229,-0.009623252744584199,1.0000000000000002,0.0,5,-0.009356853895478356
2023-10-20,-0.011884820536316343,-0.015346996966322912,1.0000000000000002,0.0,5,-0.014917909825818865
2023-10-23,-0.004303354278069049,0.0026588117340864414,1.0000000000000002,0.0,5,0.003017484489565625
2023-10-24,0.006748456195839525,0.00933652076747693,1.0000000000000002,0.0,5,0.009728118761773485
2023-10-25,-0.018784126308313165,-0.024250641653744798,1.0000000000000002,0.0,5,-0.024475816556678742
2023-10-26,-0.015063327459188036,-0.01759731281830912,1.0000000000000002,0.0,5,-0.019067191870754008
2023-10-27,-0.029677092635639002,0.003763630100990456,1.0000000000000002,0.0,5,0.004801257056392894
2023-10-30,0.017146807300064237,0.011585191492403002,1.0000000000000002,0.0,5,0.011265239929338922
2023-10-31,0.004077932850833799,0.004828647326650115,1.0000000000000002,0.0,5,0.004782359679266879
2023-11-01,0.001282402587788667,0.016358773768905932,1.0,1.1992804317409558,5,0.017356855815544137
2023-11-02,0.01773402273644975,0.017817414225266726,1.0,0.0,5,0.01815329448677727
2023-11-03,0.017502952273796613,0.01384761271359558,1.0,0.0,5,0.011748844375963019
2023-11-06,0.004663314921410144,0.0030045443769870506,1.0,0.0,5,0.0040793016235620705
2023-11-07,0.0029079181180737823,0.00895614887358942,1.0,0.0,5,0.00945261504292949
2023-11-08,-0.0003942850320135527,0.0007740991097742178,1.0,0.0,5,0.0006439495572847509
2023-11-09,-0.01612132900925245,-0.009447764665249214,1.0,0.0,5,-0.007695607872580168
2023-11-10,0.013619957226143287,0.020460766916963857,1.0,0.0,5,0.022482233091036807
2023-11-13,0.0006833573505378165,-0.002200606149797002,1.0,0.0,5,-0.0031184756468193298
2023-11-14,0.015418824499841444,0.02372491956415912,1.0,0.0,5,0.021526470666207276
2023-11-15,0.0002858467643329643,0.0006707708173478988,1.0,0.0,5,0.0007526016661043577
2023-11-16,0.004022544066448308,0.0006974698280486358,1.0,0.0,5,0.000855764742492493
2023-11-17,-0.00351560401975326,0.0008366709419771468,1.0,0.0,5,0.00023319082782746747
2023-11-20,0.008436654725632708,0.0112599914647864,1.0,0.0,5,0.01217490415500988
2023-11-21,-0.0008462994647859823,-0.0059191149544098876,1.0,0.0,5,-0.00580948968623618
2023-11-22,0.006392883311673314,0.00463909025690068,1.0,0.0,5,0.004092980152907266
2023-11-24,0.0025321533923494677,-0.0010516647951354097,1.0,0.0,5,-0.0014100394811052963
2023-11-27,0.008312797886891765,-0.0006899235410761095,1.0,0.0,5,-0.0008728915817308724
2023-11-28,-0.0002951386339405948,0.0028602861908266775,1.0,0.0,5,0.002620962561348472
2023-11-29,0.010428375602305806,-0.0016290503886849939,1.0,0.0,5,-0.0009738845177990063
2023-11-30,0.004616149628038357,-0.002263311160392023,1.0,0.0,5,-0.0025140453041225808
2023-12-01,0.003988089737043454,0.005540010392641959,1.0,1.1992804317409553,5,0.002854718000154355
2023-12-04,-0.007234734446722624,-0.008356367069205173,1.0,0.0,5,-0.009283479509668124
2023-12-05,0.007826567134911588,0.0031312268495462536,1.0,0.0,5,0.0025108718161110932
2023-12-06,-0.01029446027597547,-0.005846852701219429,1.0,0.0,5,-0.005783779596684635
2023-12-07,0.012062386486038301,0.013662694297181588,1.0,0.0,5,0.013972211401116708
2023-12-08,0.0237085538838131,0.0044615499527995706,1.0,0.0,5,0.004456624747073867
2023-12-11,0.0018369022852391392,0.0019795649848739494,1.0,0.0,5,0.00854221383583642
2023-12-12,0.009250078209532386,0.006991879146976965,1.0,0.0,5,0.007964199029126373
2023-12-13,0.015663410431767888,0.013800449193001718,1.0,0.0,5,0.01271728497253366
2023-12-14,-0.022871037579689557,0.0018728632829079217,1.0,0.0,5,-0.0008668945360875702
2023-12-15,0.0030263301277144716,0.00354713898571668,1.0,0.0,5,0.004834031582339415
2023-12-18,0.007733500957550321,0.00613568863700964,1.0,0.0,5,0.0062867222578579796
2023-12-19,0.0034503415828845974,0.006602571712822858,1.0,0.0,5,0.00510956077429503
2023-12-20,-0.011054082323772585,-0.01501551973137294,1.0,0.0,5,-0.014859712581875018
2023-12-21,0.007547375237055398,0.012581169622098543,1.0,0.0,5,0.011635407363302486
2023-12-22,-0.0011879739916558218,0.0019451189693209248,1.0,0.0,5,0.001495941339480611
2023-12-26,-0.00835359311047712,0.005442583110953025,1.0,0.0,5,0.006121749351094552
2023-12-27,0.024344803025017292,0.0016321258103677572,1.0,0.0,5,0.0020342679127725027
2023-12-28,-0.0033817126306010525,-0.0002675708784335429,1.0,0.0,5,-0.000486026731470246
2023-12-29,-0.014697689841670969,-0.005550410152959984,1.0,0.0,5,-0.0043277413080475835
2024-01-02,-0.0009439923648115744,-0.01634849358177426,1.0000000000000002,1.1992804317409556,5,-0.0169222504395391
2024-01-03,-0.032928109106511894,-0.011765495856189911,1.0000000000000002,0.0,5,-0.010581484885367254
2024-01-04,0.00847099599260992,-0.005613344034110623,1.0000000000000002,0.0,5,-0.0051464865814777605
2024-01-05,-0.001953601426917917,0.000949215398016845,1.0000000000000002,0.0,5,0.0011860300797417178
2024-01-08,0.015776232103845267,0.02201141481440616,1.0000000000000002,0.0,5,0.020667926906112077
2024-01-09,-0.002389982383905642,0.0009392089283848382,1.0000000000000002,0.0,5,0.001975552537350378
2024-01-10,-0.008299429756106869,0.0075340950927162975,1.0000000000000002,0.0,5,0.0067775723967962165
2024-01-11,-0.0038068634927632683,3.575234033204033e-05,1.0000000000000002,0.0,5,0.0020807833537332954
2024-01-12,-0.02468175558614516,0.00017202192683707374,1.0000000000000002,0.0,5,0.0005130084279956204
2024-01-16,0.014107392154169895,-0.001897652829507046,1.0000000000000002,0.0,5,-9.766578767467227e-05
2024-01-17,0.0058014594341546655,-0.005937000912860202,1.0000000000000002,0.0,5,-0.005640750146512996
2024-01-18,0.01468354569465613,0.01346468688106972,1.0000000000000002,0.0,5,0.014194150438348707
2024-01-19,0.030283414212550097,0.016958379554081526,1.0000000000000002,0.0,5,0.019830988643792846
2024-01-22,-0.007663931262841928,0.0032210504681486896,1.0000000000000002,0.0,5,0.0013058549788691476
2024-01-23,-0.009826421025664778,0.004274543027365185,1.0000000000000002,0.0,5,0.004149574372228404
2024-01-24,0.019271325648571036,0.0036286014118267484,1.0000000000000002,0.0,5,0.005549258524605527
2024-01-25,-0.00115614162577371,0.0018458371889065184,1.0000000000000002,0.0,5,0.0012211445882159833
2024-01-26,-0.004205336580746399,-0.003554483570289091,1.0000000000000002,0.0,5,-0.0059575466166295055
2024-01-29,0.014005048520897123,0.01117292402955039,1.0000000000000002,0.0,5,0.010240437932092172
2024-01-30,-0.013959864840306313,-0.00756002435083869,1.0000000000000002,0.0,5,-0.0066565456031765224
2024-01-31,-0.02659326477961732,-0.022300909615999176,1.0000000000000002,0.0,5,-0.019586174465083594
2024-02-01,0.009005889126971756,0.013032824288839118,1.0,1.5971251746855661,5,0.011775427488788015
2024-02-02,0.020001653899160754,0.017401297788382175,1.0,0.0,5,0.016900540438039346
2024-02-05,0.033808546450798005,-0.00200124076121011,1.0,0.0,5,-0.0013053308780679451
2024-02-06,-0.0032995622797706847,0.0007258260409652717,1.0,0.0,5,-0.0020072353833587853
2024-02-07,0.023449967784132886,0.009459063291570757,1.0,0.0,5,0.01029023129633555
2024-02-08,0.0007330757046382086,0.002352677310197615,1.0,0.0,5,0.0018518947197851965
2024-02-09,0.030242472177475888,0.012470106146275306,1.0,0.0,5,0.009843110977610259
2024-02-12,0.0043623893496116395,-0.003009205852807506,1.0,0.0,5,-0.003912595812835873
2024-02-13,0.0014799617233303142,-0.017998776343418177,1.0,0.0,5,-0.015597004640051537
2024-02-14,0.04131448823098771,0.013001604422842261,1.0,0.0,5,0.01089721152724299
2024-02-15,0.029628206278114133,0.002965310901188678,1.0,0.0,5,0.0029777018604866257
2024-02-16,-0.06136969746842591,-0.008205587443034235,1.0,0.0,5,-0.009067685438770123
2024-02-20,-0.02291994861325264,-0.009183207063557464,1.0,0.0,5,-0.007548133869057172
2024-02-21,-0.07852585066796014,-0.003193320472898664,1.0,0.0,5,-0.004001684919966331
2024-02-22,0.14495090921171538,0.029571649504455566,1.0,0.0,5,0.029275627922276337
2024-02-23,-0.031296383519035076,-0.00279260429608319,1.0,0.0,5,-0.002944734859725795
2024-02-26,0.015398202258680271,-0.0012860178388419685,1.0,0.0,5,-0.0005265808874032052
2024-02-27,-0.0012785415440983439,0.003696098665450398,1.0,0.0,5,0.002405222769442217
2024-02-28,-0.014042819955891517,-0.00546060850944563,1.0,0.0,5,-0.005324497257769734
2024-02-29,0.03260036479054906,0.0090410688517506,1.0,0.0,5,0.008569393709651596
2024-03-01,0.028268833198225263,0.011373314496802678,1.0000000000000002,1.1992804317409556,5,0.01505694760820031
2024-03-04,0.10483495982438606,-0.00414327759115618,1.0,0.0,5,-0.003568142546172548
2024-03-05,-0.07661171588417837,-0.01653072577503545,1.0000000000000002,0.0,5,-0.017949641908022174
2024-03-06,0.0727055913647432,0.005768975997177295,1.0,0.0,5,0.006283683063868839
2024-03-07,0.02306763824293845,0.015084761335824037,1.0,0.0,5,0.01517810342077075
2024-03-08,0.028991571462434917,-0.011568694262867996,1.0,0.0,5,-0.014434841171848678
2024-03-11,-0.02605984194669697,-0.004093157366818256,1.0,0.0,5,-0.0037128149059267868
2024-03-12,0.04635056285132477,0.015379054871549114,1.0,0.0,5,0.014335032808248993
2024-03-13,0.02312289601894313,-0.005402131316638248,1.0,0.0,5,-0.007686065906324591
2024-03-14,-0.05406848521956964,-0.003043516525946255,1.0,0.0,5,-0.002521294718909717
2024-03-15,0.0196026451332052,-0.009632341369153807,1.0,0.0,5,-0.01188686979095488
2024-03-18,-0.05813669219691098,0.008155824360966957,1.0,0.0,5,0.009525834255162291
2024-03-19,-0.039609040774289395,0.003933492952149065,1.0,0.0,5,0.002491542470512975
2024-03-20,0.06881766970896397,0.012532864437970526,1.0,0.0,5,0.011856716145655088
2024-03-21,0.025998307724875325,0.0019810552455434838,1.0,0.0,5,0.00473218108479645
2024-03-22,-0.017401165723503587,0.0016450902304174786,1.0,0.0,5,0.00114383116154948
2024-03-25,0.09123434727995927,-0.0026996220251604974,1.0,0.0,5,-0.003629194856400453
2024-03-26,-0.018439424613437283,-0.004197182663276955,1.0,0.0,5,-0.0032377012321251897
2024-03-27,0.003718181710418156,0.0051375858374236305,1.0,0.0,5,0.0034061174772170855
2024-03-28,-0.025101178087341136,-0.0012234198418532571,1.0,0.0,5,-0.0018434008497627552
2024-04-01,-0.02341678861511809,0.001060718858951093,1.0,0.42422936620902374,5,0.0021170694353731534
2024-04-02,-0.016869311226943906,-0.009537378927831908,1.0,0.0,5,-0.008630183166647987
2024-04-03,0.011913530920494964,0.002278803963131848,1.0,0.0,5,0.0022443381469474666
2024-04-04,-0.016683803711962653,-0.014030200538683646,1.0,0.0,5,-0.015290658222121722
2024-04-05,-0.019475242207607657,0.012426785532032358,1.0,0.0,5,0.011783893049110983
2024-04-08,0.013332233430658702,0.0003344673750449445,1.0,0.0,5,0.00029513928303837034
2024-04-09,-0.030338860159134673,0.003241278794968494,1.0,0.0,5,0.0036995006808899777
2024-04-10,0.029081531690506868,-0.008357228151501306,1.0,0.0,5,-0.008728489699930009
2024-04-11,0.02331778565311393,0.01681081270149054,1.0,0.0,5,0.015968246002235675
2024-04-12,-0.04026138841988569,-0.016245000295672107,1.0,0.0,5,-0.015941801199003236
2024-04-15,-0.050289252116277994,-0.017933447780068,1.0,0.0,5,-0.016451046158760585
2024-04-16,0.008117196877425181,-0.00124441780634732,1.0,0.0,5,9.279450656518584e-05
2024-04-17,-0.02736042279437756,-0.011463978729362667,1.0000000000000002,0.0,5,-0.012201345395499774
2024-04-18,0.004834483728236805,-0.005220376044001496,1.0000000000000002,0.0,5,-0.0057063685891415306
2024-04-19,-0.08781203097749712,-0.020478109186815918,1.0000000000000002,0.0,5,-0.020689166528896297
2024-04-22,0.04703975176411501,0.011078117486876593,1.0000000000000002,0.0,5,0.010056674303629665
2024-04-23,0.03653013582979625,0.01587787496819759,1.0000000000000002,0.0,5,0.01492287856358332
2024-04-24,-0.03059410611842872,0.0010262960997078352,1.0000000000000002,0.0,5,0.0033876773237349056
2024-04-25,-0.014101517565556776,-0.006427213977643231,1.0000000000000002,0.0,5,-0.004829898478347361
2024-04-26,0.048366360386584706,0.020250157832943483,1.0000000000000002,0.0,5,0.015431735186712148
2024-04-29,-0.012509983102988786,0.003464587209498049,1.0000000000000002,0.0,5,0.004060324825986061
2024-04-30,-0.056377682678933616,-0.020350371680459167,1.0000000000000002,0.0,5,-0.018856152512998547
2024-05-01,-0.0338289447185105,-0.003342795632570117,1.0000000000000002,0.5273217688572036,5,-0.0072305047222025465
2024-05-02,0.05253536608278564,0.015089351873502688,1.0000000000000002,0.0,5,0.012763332700702401
2024-05-03,0.03316067369779896,0.019908524471815348,1.0000000000000002,0.0,5,0.020098383696416144
2024-05-06,0.03353546023476284,0.011940646340302896,1.0000000000000002,0.0,5,0.010953430697161703
2024-05-07,-0.015936549778145515,-0.0010208055416576212,1.0000000000000002,0.0,5,0.00015900056785911332
2024-05-08,0.0008195456838855364,-0.0018245644189047727,1.0000000000000002,0.0,5,-0.0005904796511627675
2024-05-09,0.0032246558631332523,0.002668794176081679,1.0000000000000002,0.0,5,0.0021815207017223948
2024-05-10,-0.02153161471196363,-0.00033013046907359733,1.0000000000000002,0.0,5,0.002358169697519452
2024-05-13,0.006380519588189637,0.002898872900767957,1.0000000000000002,0.0,5,0.00230737908881129
2024-05-14,0.02830545452751565,0.007501806951391465,1.0000000000000002,0.0,5,0.0064322469982847075
2024-05-15,0.09357589857937176,0.014003293780395332,1.0000000000000002,0.0,5,0.015630255869755194
2024-05-16,-0.0433374047774463,-0.0026322585019608047,1.0000000000000002,0.0,5,-0.0020313534996688754
2024-05-17,0.020090389295339683,-0.0007398049491241787,1.0000000000000002,0.0,5,-0.0004867472012035634
2024-05-20,0.04710137519855406,0.006526933758492337,1.0000000000000002,0.0,5,0.006972728882592705
2024-05-21,-0.004099133677574973,0.0022477094947119802,1.0000000000000002,0.0,5,0.0019564309423840687
2024-05-22,-0.005495323941790198,-0.0018465331461966494,1.0000000000000002,0.0,5,-0.00019745502413348603
2024-05-23,-0.013360286622481898,-0.0038990347493679245,1.0000000000000002,0.0,5,-0.004498474907287275
2024-05-24,0.05851518389758392,0.011039754629549758,1.0000000000000002,0.0,5,0.009456421108319013
2024-05-28,0.016359095705080096,0.005855871463816387,1.0000000000000002,0.0,5,0.003777704989627484
2024-05-29,-0.0284890503930747,-0.005834400404059248,1.0000000000000002,0.0,5,-0.007048381482770538
2024-05-30,-0.020217834831206427,-0.010844900051624196,1.0000000000000002,0.0,5,-0.010713346770659826
2024-05-31,-0.026908641857190774,-0.00012322939450226666,1.0000000000000002,0.0,5,-0.001860259107518747
2024-06-03,0.0163539572118232,0.005596307899468078,1.0000000000000002,1.2361654461936964,5,0.005369306205764257
2024-06-04,-0.014485144986224663,0.0016862295219184364,1.0000000000000002,0.0,5,0.0027365215280383826
2024-06-05,0.034270278317448,0.01962724562390572,1.0000000000000002,0.0,5,0.02015978167572685
2024-06-06,0.003343827124034471,-0.0008600932226506819,1.0000000000000002,0.0,5,-0.00034517722693261366
2024-06-07,-0.019269404999095685,-0.002328994232737358,1.0000000000000002,0.0,5,-0.0008848220644409599
2024-06-10,0.03452782900043028,0.0034672192025679838,1.0000000000000002,0.0,5,0.004039225851045769
2024-06-11,0.0034844536582341323,0.008783908252522288,1.0000000000000002,0.0,5,0.006862724006626131
2024-06-12,0.013801655668487012,0.015273035067584706,1.0000000000000002,0.0,5,0.01309773086620214
2024-06-13,-0.00296319892747543,0.0033577656572612025,1.0000000000000002,0.0,5,0.005420225666983081
2024-06-14,-0.016995788861167038,0.0012068615811446914,1.0000000000000002,0.0,5,0.005181238462829585
2024-06-17,-0.012238060464985434,0.009505218724158215,1.0000000000000002,0.0,5,0.012249838268745261
2024-06-18,0.01850457596704369,0.0002919244166139645,1.0000000000000002,0.0,5,0.0003092400940090112
2024-06-20,-0.017565786307505604,-0.00787384783998235,1.0000000000000002,0.0,5,-0.007708002720471341
2024-06-21,-0.0034900770964825245,-0.00181849392852651,1.0000000000000002,0.0,5,-0.002679294660103637
2024-06-24,-0.024360894161036484,-0.01088478530878334,1.0000000000000002,0.0,5,-0.01136761214544535
2024-06-25,0.03163342500621469,0.012621604693754396,1.0000000000000002,0.0,5,0.011435564182631586
2024-06-26,-0.017229605899861333,0.004938684236547308,1.0000000000000002,0.0,5,0.002065167508031207
2024-06-27,0.0009648513460085439,0.003006286459873886,1.0000000000000002,0.0,5,0.0025813435476820246
2024-06-28,-0.021490463121916492,-0.007059876462563008,1.0000000000000002,0.0,5,-0.005190922115404728
2024-07-01,0.004785294520163408,0.008272631821943044,1.0,1.269670663647554,5,0.0058650414309866505
2024-07-02,-0.0002489937984287982,0.008359662292796388,1.0,0.0,5,0.010499667994687822
2024-07-03,0.032506203012184764,0.008849031617181868,1.0,0.0,5,0.008337098032773493
2024-07-05,-0.005357906888789343,0.009042021121621113,1.0,0.0,5,0.010426849136526473
2024-07-08,0.012798392651467871,0.0027777021306627514,1.0,0.0,5,0.0023782650757819823
2024-07-09,0.002529253886842664,0.0013884516060522767,1.0,0.0,5,0.0008645996702458802
2024-07-10,0.015767356937050225,0.011837476547524206,1.0,0.0,5,0.010426502199811116
2024-07-11,-0.022236394946286597,-0.019522302122285562,1.0,0.0,5,-0.021930173373628237
2024-07-12,0.00417313438805289,0.006291994978484761,1.0,0.0,5,0.005874819588152835
2024-07-15,-0.011808849208802097,0.0040286610521378385,1.0,0.0,5,0.0026878460854451447
2024-07-16,-0.0012392253164671407,0.0019907033599837476,1.0,0.0,5,0.00038294870502864065
2024-07-17,-0.048912417783530726,-0.027684185688784058,1.0,0.0,5,-0.029354877704799165
2024-07-18,0.007587999532397305,-0.006984588110552692,1.0,0.0,5,-0.004732548726570807
2024-07-19,-0.006409503968090591,-0.008073493482905203,1.0,0.0,5,-0.008863584224905519
2024-07-22,0.021520747310565413,0.015830645780677388,1.0,0.0,5,0.014897735880817775
2024-07-23,0.005375252963649491,-0.0005673614434249519,1.0,0.0,5,-0.0035246309504063378
2024-07-24,-0.04590310277274201,-0.03639077096210086,1.0,0.0,5,-0.035870334151720695
2024-07-25,-0.01789988584625779,-0.009265693868998337,1.0,0.0,5,-0.011027666278216497
2024-07-26,0.014619017969282,0.010252538909859998,1.0,0.0,5,0.010255962642110594
2024-07-29,-0.007080397471052047,0.0007097813420300358,1.0,0.0,5,0.002008769466703919
2024-07-30,-0.029565203206321278,-0.012825712116679377,1.0,0.0,5,-0.013731407630954817
2024-07-31,0.05577824783535945,0.026358746997215077,1.0,0.0,5,0.029593687845605787
2024-08-01,-0.03574944463488361,-0.023026687886480546,0.9999999999999998,1.223630715943471,5,-0.02422145328719716
2024-08-02,-0.009920191538843381,-0.024309461863601056,0.9999999999999998,0.0,5,-0.023734934516816852
2024-08-05,-0.042294259575902604,-0.03433932194308953,0.9999999999999999,0.0,5,-0.029816155988857895
2024-08-06,0.008620768051535999,0.01029454665723284,0.9999999999999999,0.0,5,0.009555091071961508
2024-08-07,-0.02670776838837363,-0.010450926902294988,0.9999999999999999,0.0,5,-0.010829749960184598
2024-08-08,0.051742851196709294,0.028662717286118022,0.9999999999999999,0.0,5,0.03059088713572722
2024-08-09,-0.0016626733816977879,0.005118912961787014,0.9999999999999999,0.0,5,0.005222398285982033
2024-08-12,-8.594501888159467e-05,0.0021084539725877427,0.9999999999999999,0.0,5,0.0021535933926868367
2024-08-13,0.04143189596232344,0.024254065528752422,0.9999999999999998,0.0,5,0.024812796313527397
2024-08-14,-0.006260196444431321,0.00029056982067210413,0.9999999999999998,0.0,5,0.00032426823468378885
2024-08-15,0.03805267888947861,0.02337601425022262,0.9999999999999998,0.0,5,0.025263112398158816
2024-08-16,0.0050941734747513845,0.0021156957146388766,0.9999999999999998,0.0,5,0.0012857805320178883
2024-08-19,0.01653209981625614,0.013898291843971622,0.9999999999999998,0.0,5,0.013136012462370728
2024-08-20,-0.012360140184901725,-0.0033470249368012794,0.9999999999999998,0.0,5,-0.0020986140835704825
2024-08-21,0.013102072548910826,0.005727628555693087,0.9999999999999998,0.0,5,0.004664140257360616
2024-08-22,-0.03213364694124021,-0.016721526261784136,0.9999999999999998,0.0,5,-0.015854922279792683
2024-08-23,0.03164568924909594,0.01466793319062476,0.9999999999999998,0.0,5,0.010845530167421291
2024-08-26,-0.013229594366527042,-0.008503700652535917,0.9999999999999998,0.0,5,-0.009708333333333319
2024-08-27,0.011146011723139448,0.0016391224309093566,0.9999999999999998,0.0,5,0.0029873353809903858
2024-08-28,-0.015228495354068006,-0.011196565025217264,0.9999999999999998,0.0,5,-0.011347428475543042
2024-08-29,-0.012443672884953183,-0.0022554988849898816,0.9999999999999998,0.0,5,-0.001463880343693491
2024-08-30,0.008344403664914068,0.011257733646486079,0.9999999999999998,0.0,5,0.011919432286576104
2024-09-03,-0.056837956489866004,-0.03259221079818497,1.0,1.5971251746855657,5,-0.03036092972473592
2024-09-04,-0.00029669118231068214,-0.003034605115545652,1.0,0.0,5,-0.002598471232758137
2024-09-05,-0.0099362060149355,0.0025381963480157754,1.0,0.0,5,0.0009335446473155429
2024-09-06,-0.03643559877396474,-0.025504254223819744,1.0,0.0,5,-0.026787263577997766
2024-09-09,0.019042794631436655,0.011609457215793872,1.0,0.0,5,0.012859658115848216
2024-09-10,0.01815440795401191,0.008367232313154283,1.0,0.0,5,0.00924173744664003
2024-09-11,0.023558464142763302,0.021711082214841637,1.0,0.0,5,0.021715431910347416
2024-09-12,0.008965190486870611,0.010010881415337236,1.0,0.0,5,0.009816055652767774
2024-09-13,-0.008671464850429689,0.006505572516027902,1.0,0.0,5,0.004479945902539972
2024-09-16,-0.01792873397301109,-0.005193944895855673,1.0,0.0,5,-0.004417890352168885
2024-09-17,-0.014085811076153032,0.0020425898471514436,1.0,0.0,5,0.0005282731806270924
2024-09-18,-0.00957103161594508,-0.0031063939223489045,1.0,0.0,5,-0.004329552894464572
2024-09-19,0.028887752941822553,0.025076660612330715,1.0,0.0,5,0.025284235533684196
2024-09-20,0.0029955560070742404,-0.0036449578703608987,1.0,0.0,5,-0.0019033432638201342
2024-09-23,0.004602057826585959,0.001445773173548659,1.0,0.0,5,0.0026466710886330347
2024-09-24,0.006450766339598291,0.005577528477582971,1.0,0.0,5,0.004823617091752164
2024-09-25,-0.004756983660504921,0.0004251066895464284,1.0,0.0,5,0.0009271277582050264
2024-09-26,0.010054933003533773,0.005977473400077926,1.0,0.0,5,0.007513070684615819
2024-09-27,-0.014477863994181273,-0.0038867547528513846,1.0,0.0,5,-0.005557031074427399
2024-09-30,0.004435190144197243,0.0038400482995482044,1.0,0.0,5,0.0027118644067796183
2024-10-01,-0.03512847608294678,-0.015328379554033433,1.0,1.9940179461615157,5,-0.01393242772553105
2024-10-02,-0.01837060268961821,0.0008243050667089413,1.0,0.0,5,0.0014129282938890597
2024-10-03,-0.0008477549943639584,-0.0003708984312128516,1.0,0.0,5,-0.0007469654528478031
2024-10-04,0.021311437643996012,0.012242950635987793,1.0,0.0,5,0.011898087584875094
2024-10-07,-0.010762170915260882,-0.01179551626671349,1.0,0.0,5,-0.010711647377493305
2024-10-08,0.011076907576073491,0.014450629487014366,1.0,0.0,5,0.014934660858743065
2024-10-09,-0.011680067875850075,0.005978205035980011,1.0,0.0,5,0.007868383404864288
2024-10-10,-0.01360163867967401,-0.0005231030091751299,1.0,0.0,5,-0.00113555713271829
2024-10-11,-0.0010530003005511102,0.003330518404479843,1.0,0.0,5,0.0015631661219270843
2024-10-14,0.0029905617672396634,0.008708964962673038,1.0,0.0,5,0.00839143830063227
2024-10-15,-0.010927438875820261,-0.010112024008622988,1.0,0.0,5,-0.01336683417085438
2024-10-16,0.01759151385014679,0.002811386994723497,1.0,0.0,5,0.000122236935927722
2024-10-17,-0.008031361544648896,0.0003555982048120132,1.0,0.0,5,0.0006925913100159775
2024-10-18,0.0066848461843613816,0.006310317013705546,1.0,0.0,5,0.006554707379134994
2024-10-21,0.0015021757002833258,0.0027287409716514333,1.0,0.0,5,0.0019212490140956273
2024-10-22,-0.008124714871138417,0.001786569010746586,1.0,0.0,5,0.0010899842557829942
2024-10-23,-0.004741330507748609,-0.015962555452894156,1.0,0.0,5,-0.015323816436809357
2024-10-24,0.0382756024272759,0.007596138643384043,1.0,0.0,5,0.008108772217216842
2024-10-25,0.0069152612554330695,0.005599591469924947,1.0,0.0,5,0.0060935976600584585
2024-10-28,0.003875687928133642,0.0026235236773093362,1.0,0.0,5,0.00016151174997980355
2024-10-29,-0.01617219883977028,0.007839554823308115,1.0,0.0,5,0.009608397254743828
2024-10-30,-0.009939552386585948,-0.005601336586160355,1.0,0.0,5,-0.007557581573896299
2024-10-31,8.202577925864318e-05,-0.02755713053029496,1.0,0.0,5,-0.025242757564769014
2024-11-01,-0.010321123986298142,0.008000353509081792,1.0000000000000002,1.6020373649553852,5,0.007398987289449099
2024-11-04,-0.045269962549000176,-0.0032858481052382427,1.0000000000000002,0.0,5,-0.0029132388240362683
2024-11-05,0.030548816811441393,0.014256640396236975,1.0000000000000002,0.0,5,0.012756939157630764
2024-11-06,0.04009026674551497,0.029518405815003756,1.0000000000000002,0.0,5,0.027163202698035294
2024-11-07,0.08418055790134438,0.015065437369473189,1.0,0.0,5,0.015744293682503185
2024-11-08,0.05441856123143296,0.0008987434468192834,1.0,0.0,5,0.001168360789812084
2024-11-11,0.007761618172194229,0.0006214827813664225,1.0,0.0,5,-0.000583498657953041
2024-11-12,-0.008217900829840863,-0.0008997104824907121,1.0,0.0,5,-0.001809901914993084
2024-11-13,-0.005751756595959057,-0.0026274128926858653,1.0,0.0,5,-0.0012867754576825208
2024-11-14,0.005701893963431681,-0.0064006792624654585,1.0,0.0,5,-0.0069497315763785705
2024-11-15,0.007990300966448816,-0.0223747708928147,1.0,0.0,5,-0.023825905757927313
2024-11-18,0.009718456204544257,0.0059788423962625625,1.0,0.0,5,0.0069476609541454515
2024-11-19,0.03379243817747479,0.01041210162305517,1.0,0.0,5,0.006879724811007515
2024-11-20,0.008194484880939212,-0.0011231723524938175,1.0,0.0,5,-0.0005760139832358124
2024-11-21,0.00642251744477873,0.0003309739957348956,1.0,0.0,5,0.003597193791362807
2024-11-22,0.016218782902346796,0.001646099979054183,1.0,0.0,5,0.001604023921739417
2024-11-25,-0.0066791699647154035,0.002693456200393962,1.0,0.0,5,0.001581684098143521
2024-11-26,0.020453827136788894,0.006269327147551129,1.0,0.0,5,0.005369233502438009
2024-11-27,-0.009223872420107249,-0.005936087283596847,1.0,0.0,5,-0.007873397341501276
2024-11-29,0.008636511293048432,0.00827310897357103,1.0,0.0,5,0.008786859291509908
2024-12-02,-0.001282655869570437,0.009666963018219343,0.9999999999999998,1.2216934689349654,5,0.01088790363714831
2024-12-03,0.013001284168939975,0.0039663527636977225,0.9999999999999998,0.0,5,0.003066234547536517
2024-12-04,0.030146553118268082,0.01304892827851556,0.9999999999999998,0.0,5,0.012362876545359613
2024-12-05,-0.013025816731630724,-0.0017662628085394205,0.9999999999999998,0.0,5,-0.0027710889423997465
2024-12-06,0.0396198249599351,0.008097132617218783,0.9999999999999998,0.0,5,0.008949617676932364
2024-12-09,-0.07512500930183497,-0.0061976487606851816,0.9999999999999998,0.0,5,-0.007787570278073308
2024-12-10,-0.03521060247400576,-0.0025053492380269216,0.9999999999999998,0.0,5,-0.003407481143994584
2024-12-11,0.03078131457661848,0.017658760758274106,0.9999999999999998,0.0,5,0.017902420284287235
2024-12-12,-0.011321009189523057,-0.006591135281496019,0.9999999999999998,0.0,5,-0.006453804347826053
2024-12-13,0.007608584789232875,0.0011999693430715386,0.9999999999999998,0.0,5,0.007654320987654284
2024-12-16,0.051322311273762855,0.012403744466865207,0.9999999999999998,0.0,5,0.014400693645976625
2024-12-17,-0.014901326011503957,-0.0032135645664698176,0.9999999999999998,0.0,5,-0.00440381292156744
2024-12-18,-0.08579058716250332,-0.03562409591437643,0.9999999999999998,0.0,5,-0.03607689436356831
2024-12-19,-0.0014380827204510949,-0.0010274900752054172,0.9999999999999998,0.0,5,-0.00445330803338051
2024-12-20,0.02701112497757019,0.010315000113871209,0.9999999999999998,0.0,5,0.008732520372639385
2024-12-23,8.943787607540443e-05,0.009824301451820228,0.9999999999999998,0.0,5,0.00972633324335792
2024-12-24,0.025900409309427053,0.013470465560214251,0.9999999999999998,0.0,5,0.01355977585250634
2024-12-26,0.007359636865746477,-0.000537643238945007,0.9999999999999998,0.0,5,-0.0006792965506832171
2024-12-27,-0.03151262672141275,-0.014901142574008208,0.9999999999999998,0.0,5,-0.013293051359516639
2024-12-30,-0.021120665233602343,-0.011928081728214801,0.9999999999999998,0.0,5,-0.013299908144519312
2024-12-31,-0.022960830413652267,-0.009031464050827553,0.9999999999999998,0.0,5,-0.008494792575783894
2025-01-02,0.005518098491148038,-0.0015534319645424954,1.0,0.4133384419937627,5,-0.001956066740997353
2025-01-03,0.037930260704423624,0.01768001450977663,1.0,0.0,5,0.016365168649432604
2025-01-06,0.010875828973194501,0.012399694038395248,1.0,0.0,5,0.011492922981989118
2025-01-07,-0.03917886328415643,-0.018892583357934867,1.0,0.0,5,-0.017844206352232383
2025-01-08,-0.0036899983594929076,-0.0005542779648657348,1.0,0.0,5,0.00017469622267940466
2025-01-10,-0.011063440642335443,-0.016286873211427966,1.0,0.0,5,-0.015681099229530204
2025-01-13,-0.016460736478870586,-0.003837116754229597,1.0,0.0,5,-0.003213785760760146
2025-01-14,0.029616686327805564,-0.0022898557916311013,1.0,0.0,5,-0.0009494422027058746
2025-01-15,0.04173032464685589,0.024513346779041045,1.0,0.0,5,0.023006256434624284
2025-01-16,0.01659383368003975,-0.008863883056010047,1.0,0.0,5,-0.007005999612928138
2025-01-17,0.02700263559530014,0.015094928951082665,1.0,0.0,5,0.016878459499493292
2025-01-21,0.033752205568010396,0.006448233087721356,1.0,0.0,5,0.005864990225016298
2025-01-22,0.013121321780084516,0.012783485413536244,1.0,0.0,5,0.012785823170731847
2025-01-23,0.002536896743168482,0.002215860215437848,1.0,0.0,5,0.002126018325149026
2025-01-24,0.005944265976798535,-0.004955544887409791,1.0,0.0,5,-0.005651096425352886
2025-01-27,-0.05253503784801172,-0.03069347335888617,1.0,0.0,5,-0.029114664954779768
2025-01-28,0.02920172154546319,0.020254123781643374,1.0,0.0,5,0.014779953715407856
2025-01-29,0.010979601353541257,-0.005131535672895593,1.0,0.0,5,-0.0018780782277071362
2025-01-30,0.018907281853739688,0.0025175676746096443,1.0,0.0,5,0.004262427279534187
2025-01-31,-0.01409688451252511,-0.0027592366287790826,1.0,0.0,5,-0.0014530159640568918
2025-02-03,-0.007325068473083229,-0.011997809352776945,1.0000000000000002,0.448260040900566,5,-0.008003216603802432
2025-02-04,0.061730885298461935,0.013513877205707736,1.0000000000000002,0.0,5,0.012275385535890138
2025-02-05,-0.01030353960752961,0.0019494489461990838,1.0000000000000002,0.0,5,0.004537914466032467
2025-02-06,0.014769572560445754,0.005060858694421411,1.0000000000000002,0.0,5,0.005219702002467574
2025-02-07,0.001369581669972364,-0.013570535215806534,1.0000000000000002,0.0,5,-0.012613293051359609
2025-02-10,0.016261286191751045,0.009776328790807032,1.0000000000000002,0.0,5,0.012105102118870947
2025-02-11,-0.0381588742081147,-0.0035717275752975564,1.0000000000000002,0.0,5,-0.0023807274444967996
2025-02-12,0.026316201723721955,0.0003103107737683075,1.0000000000000002,0.0,5,0.0005871323320516542
2025-02-13,0.0907621316317595,0.015048042460278355,1.0000000000000002,0.0,5,0.014385765663448735
2025-02-14,0.03674363961957772,0.004067499548585651,1.0000000000000002,0.0,5,0.0041985445045717995
2025-02-18,-0.005113202746881651,0.0007233516708189391,1.0000000000000002,0.0,5,0.0022670259221408973
2025-02-19,-0.0338058599865404,0.0007480667457842038,1.0000000000000002,0.0,5,0.00027810223037993964
2025-02-20,-0.05279510462039938,-0.004681368183846124,1.0000000000000002,0.0,5,-0.004244513641755598
2025-02-21,-0.06178022807277128,-0.021959095590560196,1.0000000000000002,0.0,5,-0.02075461161885961
2025-02-24,-0.04120588455986807,-0.012143004935272983,1.0000000000000002,0.0,5,-0.011804288321167977
2025-02-25,-0.06091081430633638,-0.013508586215435159,1.0000000000000002,0.0,5,-0.012599303672071627
2025-02-26,-0.01021599525864303,0.002568906055083975,1.0000000000000002,0.0,5,0.0024156471596663565
2025-02-27,-0.02892279406653331,-0.02782900977667735,1.0000000000000002,0.0,5,-0.027771299751243816
2025-02-28,0.021509591094944547,0.016331669184764808,1.0000000000000002,0.0,5,0.015791472604793633
2025-03-03,-0.03151897791718017,-0.026374517620694427,1.0,1.1992804317409558,5,-0.02188244091544178
2025-03-04,-0.007141208283032219,-0.0035437940990631356,1.0,0.0,5,-0.0030178050497936537
2025-03-05,0.032687204263292635,0.01463330204767499,1.0,0.0,5,0.013036020583190311
2025-03-06,-0.056374017693284206,-0.026059689616426573,1.0,0.0,5,-0.02750941216310432
2025-03-07,0.028012224702728572,0.007026564940064928,1.0,0.0,5,0.00735354362966012
2025-03-10,-0.07837640221506914,-0.0400027243019756,1.0,0.0,5,-0.03875637975558677
2025-03-11,0.011674166625257776,-0.0018448594802946694,1.0,0.0,5,-0.002390370824783661
2025-03-12,0.03475915175292732,0.01217895930681312,1.0,0.0,5,0.011280746395250452
2025-03-13,-0.03650309553864006,-0.019573136205077946,1.0,0.0,5,-0.017990438647991436
2025-03-14,0.03888563654916166,0.026068996292824886,1.0,0.0,5,0.02417047444164533
2025-03-17,0.014573596272360101,0.0030741205324462673,1.0,0.0,5,0.006483759329525052
2025-03-18,-0.033955220130923,-0.017101052515219317,1.0,0.0,5,-0.017047455309981974
2025-03-19,0.021253784202672987,0.014092330231884054,1.0,0.0,5,0.013381379862603682
2025-03-20,-0.0008774596998006867,-0.0033330345673047157,1.0,0.0,5,-0.0033895485454055185
2025-03-21,0.01869285898605999,0.00522415490672512,1.0,0.0,5,0.003296749154947154
2025-03-24,0.03762623532300369,0.022747404657660786,1.0,0.0,5,0.021911051493220146
2025-03-25,-0.00041956989755365104,0.0045777980459160705,1.0,0.0,5,0.0057065992744465
2025-03-26,-0.03606298531667462,-0.020405147140092228,1.0,0.0,5,-0.018400680906253686
2025-03-27,-0.015826163488804723,-0.005306571161377005,1.0,0.0,5,-0.005698005698005715
2025-03-28,-0.02997458480238757,-0.027018765613175844,1.0,0.0,5,-0.026327810306881028
2025-03-31,-0.006667697055449562,-0.0013683030311937294,1.0,0.0,5,-4.264937945164249e-05
2025-04-01,0.0031829718655727035,0.008705763372179431,0.0,1.0,0,0.008061076516250099
2025-04-02,0.0,0.00866230645595012,0.0,0.0,0,0.007298497990268382
2025-04-03,0.0,-0.05968062047491052,0.0,0.0,0,-0.05353355035177976
2025-04-04,0.0,-0.05817427042170764,0.0,0.0,0,-0.06210890693649318
2025-04-07,0.0,0.000992802948457161,0.0,0.0,0,0.002413230179572956
2025-04-08,0.0,-0.02149221146499125,0.0,0.0,0,-0.018008449573981067
2025-04-09,0.0,0.12163152801806287,0.0,0.0,0,0.12003076479353947
2025-04-10,0.0,-0.043075233632343224,0.0,0.0,0,-0.04253218884120158
2025-04-11,0.0,0.020573516319227547,0.0,0.0,0,0.018423057958671274
2025-04-14,0.0,0.006399568736921157,0.0,0.0,0,0.006778169014084678
2025-04-15,0.0,-0.0004940978348885183,0.0,0.0,0,0.0011148028329106552
2025-04-16,0.0,-0.03067245122916218,0.0,0.0,0,-0.030153496801240465
2025-04-17,0.0,-0.0012701721051345816,0.0,0.0,0,-0.0001801071637621554
2025-04-21,0.0,-0.02551488930308332,0.0,0.0,0,-0.02474667867597391
2025-04-22,0.0,0.027063215644652416,0.0,0.0,0,0.026251991410957798
2025-04-23,0.0,0.025007505942485686,0.0,0.0,0,0.022678185745140578
2025-04-24,0.0,0.027411468009182816,0.0,0.0,0,0.0281370996128123
2025-04-25,0.0,0.012635206611098404,0.0,0.0,0,0.01114796191291334
2025-04-28,0.0,-0.0009668502844413229,0.0,0.0,0,-0.0003174200101576652
2025-04-29,0.0,0.005481105154280463,0.0,0.0,0,0.006604432590334497
2025-04-30,0.0,-0.0008577015582054148,0.0,0.0,0,-0.00012617500473133259
2025-05-01,0.0,0.015154947841271804,0.0,0.0,0,0.013060760931289161
2025-05-02,0.0,0.015074937410012978,0.0,0.0,0,0.014843879754193656
2025-05-05,0.0,-0.007425203912719058,0.0,0.0,0,-0.0059325327823578355
2025-05-06,0.0,-0.008662851332835064,0.0,0.0,0,-0.009301751281048931
2025-05-07,0.0,0.0027419353981639194,0.0,0.0,0,0.003925967470555181
2025-05-08,0.0,0.010710049830923385,0.0,0.0,0,0.010324849989654439
2025-05-09,0.0,4.335642494779357e-05,0.0,0.0,0,-0.000655348256159205
2025-05-12,0.0,0.04347322504048745,0.0,0.0,0,0.040740209439104946
2025-05-13,0.0,0.016128643092393924,0.0,0.0,0,0.015240720685241627
2025-05-14,0.0,0.0071922144057858794,0.0,0.0,0,0.005993134079403939
2025-05-15,0.0,-0.0018013550310416182,0.0,0.0,0,0.0010989434718904345
2025-05-16,0.0,0.005168561863222232,0.0,0.0,0,0.004352431391429823
2025-05-19,0.0,0.00022701977693961872,0.0,0.0,0,0.0009587543863012193
2025-05-20,0.0,-0.0037859145199149458,0.0,0.0,0,-0.003333269477596268
2025-05-21,0.0,-0.014108354160926151,0.0,0.0,0,-0.01389663059565216
2025-05-22,0.0,0.0028131619469127234,0.0,0.0,0,0.0018711991267736927
2025-05-23,0.0,-0.009961431140025012,0.0,0.0,0,-0.009260700389104981
2025-05-27,0.0,0.024654533623928332,0.0,0.0,0,0.023525253318670947
2025-05-28,0.0,-0.0051161914908577355,0.0,0.0,0,-0.004431909750201579
2025-05-29,0.0,0.003923032573662999,0.0,0.0,0,0.0019656587847602935
2025-05-30,0.0,-0.003238731616213353,0.0,0.0,0,-0.0015771353836093738
2025-06-02,-0.0029910269192423566,0.006741094491605759,1.0,0.9970089730807576,5,0.00789813334360745
2025-06-03,0.012589739271265499,0.008124868361824689,1.0,0.0,5,0.007817128877505963
2025-06-04,0.0063952088509962035,0.00317188702464799,1.0,0.0,5,0.0027877868386119165
2025-06-05,-0.010451521475631442,-0.008326569071753553,1.0,0.0,5,-0.0075269020557142685
2025-06-06,0.01936706487898232,0.0119959846307236,1.0,0.0,5,0.009775338706911274
2025-06-09,-0.004452502784001666,0.0031379082011211423,1.0,0.0,5,0.0014719202898549888
2025-06-10,-0.010818575204761371,0.00631670192248146,1.0,0.0,5,0.006613906161673455
2025-06-11,0.019653561369421757,-0.005027205621014774,1.0,0.0,5,-0.0033694614477454143
2025-06-12,-0.005933533840566274,0.0023760038870555,1.0,0.0,5,0.0023478146541200395
2025-06-13,-0.0024744715861296784,-0.013002334537135174,1.0,0.0,5,-0.012554810178765474
2025-06-16,0.02357549811818127,0.01516923462734976,1.0,0.0,5,0.013909974191589347
2025-06-17,-0.011994840706025078,-0.009142640146790115,1.0,0.0,5,-0.009751258679743136
2025-06-18,0.008233297093125147,0.0012899688325833658,1.0,0.0,5,-0.00017010660013616619
2025-06-20,0.0012264231814402837,-0.005057905308947563,1.0,0.0,5,-0.004083252991549768
2025-06-23,0.003065835515347004,0.00943901517539869,1.0,0.0,5,0.010271074160544957
2025-06-24,0.026565714376129312,0.014342405598140706,1.0,0.0,5,0.01529201542368086
2025-06-25,-0.0015635467925495528,0.003064402162859192,1.0,0.0,5,0.0025565971321652725
2025-06-26,0.01983394498297497,0.009730869074350945,1.0,0.0,5,0.00935028457387821
2025-06-27,-0.015805247888021734,0.00523356163330746,1.0,0.0,5,0.0034235289809967373
2025-06-30,0.04416276059606816,0.004748572764589731,1.0,0.0,5,0.0064770384425913985
2025-07-01,-0.0353767620860429,-0.008190584754928065,1.0,1.2346103471926033,5,-0.008429410485098932
2025-07-02,0.030154836911083338,0.009416474573687328,1.0,0.0,5,0.006965392420336558
2025-07-03,0.001380715240900443,0.010198042183813705,1.0,0.0,5,0.009840232389252135
2025-07-07,0.004254833075595821,-0.0091538801326142,1.0,0.0,5,-0.007532990543310358
2025-07-08,-0.00639191114222637,0.0002909978777729805,1.0,0.0,5,0.0005615636831333148
2025-07-09,0.02659081516491546,0.009446353936584995,1.0,0.0,5,0.007078973096281249
2025-07-10,0.012810434469863408,0.0009373480812018276,1.0,0.0,5,-0.001438202247190823
2025-07-11,-0.0037368617318680464,-0.0021875209033546117,1.0,0.0,5,-0.0022504275812403884
2025-07-14,0.019835668665620698,0.002662064080934723,1.0,0.0,5,0.0036268495128113365
2025-07-15,-0.0033404946487125553,0.0018153779518059743,1.0,0.0,5,0.0009169198683949276
2025-07-16,0.017438403480476206,0.002548143419512927,1.0,0.0,5,0.0010238540020117703
2025-07-17,0.02038084716636801,0.007484627715022674,1.0,0.0,5,0.008092734482944008
2025-07-18,0.008956035163982135,0.0004792764410013195,1.0,0.0,5,-0.0009611961552151715
2025-07-21,-0.013600396069426424,0.003757239541608115,1.0,0.0,5,0.005184762855004799
2025-07-22,-0.018901956490877003,-0.0038852550541927933,1.0,0.0,5,-0.005175744899586943
2025-07-23,0.01015758204961581,0.006094957659811939,1.0,0.0,5,0.004561247216035458
2025-07-24,-0.008317948344127024,0.001804945951526138,1.0,0.0,5,0.002128376580763147
2025-07-25,0.0093214295584092,0.0023914947126881803,1.0,0.0,5,0.0024070370435922417
2025-07-28,-0.0006224744870992893,0.0033285453318880887,1.0,0.0,5,0.0031251655278350388
2025-07-29,-0.013729955008754291,-0.0037910945870781587,1.0,0.0,5,-0.0015489140000701784
2025-07-30,0.01602785812965357,0.0014873243281801063,1.0,0.0,5,0.0013397736487676948
2025-07-31,-0.012061304643979254,-0.000341699610074242,1.0,0.0,5,-0.00529910918629628
2025-08-01,-0.05565346625296552,-0.022361042398017283,0.9999999999999998,0.8871841450219637,5,-0.0196987663935152
2025-08-04,0.0368848186866062,0.019537407270559637,0.9999999999999998,0.0,5,0.0184516501769334
2025-08-05,-0.025098551148020176,-0.0065086317861381415,0.9999999999999998,0.0,5,-0.006789576316255874
2025-08-06,-0.021377241426406624,0.01208946982174397,0.9999999999999998,0.0,5,0.012583218805219065
2025-08-07,0.01762171944894697,0.003461596963922675,0.9999999999999998,0.0,5,0.0033843333568355227
2025-08-08,0.0002602471665558159,0.00975958799964216,0.9999999999999998,0.0,5,0.0093282271098305
2025-08-11,0.002556880449946508,-0.0030125846036507253,0.9999999999999998,0.0,5,-0.002958837350970134
2025-08-12,0.020175891335497242,0.013864599212546791,0.9999999999999998,0.0,5,0.01256873527101332
2025-08-13,-0.014396486293543509,0.0014408331373172434,0.9999999999999998,0.0,5,0.0004999569002672732
2025-08-14,-0.007577591593739497,-0.00011375600212593096,0.9999999999999998,0.0,5,-0.0007754075197299315
2025-08-15,-0.0005682515108350605,-0.004039027814433993,0.9999999999999998,0.0,5,-0.004397385711083057
2025-08-18,0.00877226786318519,0.0003140177718334858,0.9999999999999998,0.0,5,-0.0003983787716077547
2025-08-19,-0.05807699644026598,-0.014554939789003796,0.9999999999999998,0.0,5,-0.01356760409627289
2025-08-20,-0.005657287738423111,-0.006666213150863576,0.9999999999999998,0.0,5,-0.005937324339516437
2025-08-21,0.00808612048603341,-0.0034265564500969292,0.9999999999999998,0.0,5,-0.004629793249690817
2025-08-22,0.03640573361426247,0.018777923167953237,0.9999999999999998,0.0,5,0.015427496094304827
2025-08-25,-0.010450597267409378,-0.00219756397893045,0.9999999999999998,0.0,5,-0.002884766683567186
2025-08-26,0.01508361719044582,0.004428118599729913,0.9999999999999998,0.0,5,0.004015289661944088
2025-08-27,-0.006372004424072153,0.002129104397596171,0.9999999999999998,0.0,5,0.0015368226192347123
2025-08-28,0.015553947342993979,0.005327431873994426,0.9999999999999998,0.0,5,0.006259917348166555
2025-08-29,-0.028187770016318003,-0.011500030407516015,0.9999999999999998,0.0,5,-0.01157551812573654
2025-09-02,-0.012940488666032368,-0.008199277110118253,1.0,1.199280431740955,5,-0.008380084151472622
2025-09-03,-0.0042343336962141764,0.010249238356117907,1.0,0.0,5,0.00786747286163858
2025-09-04,0.025060778712546528,0.009766612567931654,1.0,0.0,5,0.009051519988773293
2025-09-05,-0.011515522212871776,-0.000336286357507376,1.0,0.0,5,0.001442901100429328
2025-09-08,0.06348760078516325,0.004530333325806657,1.0,0.0,5,0.004877964100961751
2025-09-09,0.005200385645132366,0.003706184313743588,1.0,0.0,5,0.002833105878694564
2025-09-10,0.01375650869236078,0.00030028122227721,1.0,0.0,5,0.0003272984100188836
2025-09-11,0.00508631638738799,0.007173972839332299,1.0,0.0,5,0.005820561391423951
2025-09-12,-0.004118020129318611,0.004447202680933238,1.0,0.0,5,0.004417203122859759
2025-09-15,0.012881869676147684,0.009378486163740707,1.0,0.0,5,0.008556915419493327
2025-09-16,0.009084184117819971,-0.0006617819788579116,1.0,0.0,5,-0.000845051379123829
2025-09-17,0.01025862344213313,-0.0032519983021370713,1.0,0.0,5,-0.001996007984031878
2025-09-18,0.010858726503500504,0.009406446065890917,1.0,0.0,5,0.009016949152542697
2025-09-19,0.008606902828639074,0.007153750679216975,1.0,0.0,5,0.006769468521131472
2025-09-22,-0.0033188278909603852,0.006959332752431546,1.0,0.0,5,0.005912989071494179
2025-09-23,-0.008518815301307825,-0.009456763751602648,1.0,0.0,5,-0.006642311524410527
2025-09-24,-0.029174270412259173,-0.003349950184885264,1.0,0.0,5,-0.0035105315947844273
2025-09-25,-0.014891725537230727,-0.005029369473082856,1.0,0.0,5,-0.004311357154839879
2025-09-26,-0.00726592383384439,0.004439192841539041,1.0,0.0,5,0.004110996916752319
2025-09-29,0.02839183047546734,0.004762482949039137,1.0,0.0,5,0.004631105592563189
2025-09-30,0.0017516397999524091,0.0030480962677861267,1.0,0.0,5,0.0027391311609572533
2025-10-01,-0.015839095675724058,0.004199027273156686,1.0,1.597125174685566,5,0.004797041824208481
2025-10-02,0.016121625410500107,0.003906366731765365,1.0,0.0,5,0.004111065064235531
2025-10-03,-0.0195032495142462,-0.002781468259787645,1.0,0.0,5,-0.004209796443960134
2025-10-06,-0.010005702398632743,0.007074468482048957,1.0,0.0,5,0.007510195961404786
2025-10-07,-0.02380182607920256,-0.006682599828172875,1.0,0.0,5,-0.005265669480508772
2025-10-08,0.018213487898858904,0.011190800917661559,1.0,0.0,5,0.011463830209591297
2025-10-09,-0.0035675757987031487,-0.0008136827149489712,1.0,0.0,5,-0.0012102577521916347
2025-10-10,-0.05922549989323289,-0.03562272227610175,1.0,0.0,5,-0.03471426232192576
2025-10-13,0.028779963118313434,0.02207577496922908,1.0,0.0,5,0.0212213740458016
2025-10-14,-0.07783836104521868,-0.007618989707247614,1.0,0.0,5,-0.006661018919951522
2025-10-15,0.02493676668349809,0.0065883126051764496,1.0,0.0,5,0.007056856187291016
2025-10-16,0.01892204696790345,-0.004743697419682724,1.0,0.0,5,-0.003702965693600513
2025-10-17,0.0038453203268611347,0.005204644512541545,1.0,0.0,5,0.006566776112935324
2025-10-20,-0.00849597629545773,0.013693580723431298,1.0,0.0,5,0.012600798105740774
2025-10-21,0.00850724585199547,-0.0016037030883138126,1.0,0.0,5,-0.00026163456192562773
2025-10-22,-0.009045625451727601,-0.009291324655272826,1.0,0.0,5,-0.009633942883313096
2025-10-23,0.055859157601484855,0.008856484494555783,1.0,0.0,5,0.008406414639382964
2025-10-24,0.021900605283617924,0.01146684218326377,1.0,0.0,5,0.010678371384585272
2025-10-27,0.005979559968849468,0.018642207433181124,1.0,0.0,5,0.01780910711391992
2025-10-28,5.701677441671826e-05,0.008039357866708396,1.0,0.0,5,0.00768998073524485
2025-10-29,0.04931337065839658,0.005497012064636264,1.0,0.0,5,0.004502938760032826
2025-10-30,-0.015544655707618538,-0.0157493362472646,1.0,0.0,5,-0.015288547745253789
2025-10-31,0.07721868925701902,0.006098941781440548,1.0,0.0,5,0.004823895854963789
2025-11-03,0.00024333066338400045,0.004626351319454436,1.0,1.1992804317409556,5,0.004784841114661376
2025-11-04,-0.04418854168910791,-0.020393778487853065,1.0,0.0,5,-0.02029806353626118
2025-11-05,0.046274421769366025,0.006474038744869182,1.0,0.0,5,0.006507872426321892
2025-11-06,-0.011613188780195904,-0.01897079975148719,1.0,0.0,5,-0.018627262225645147
2025-11-07,-0.001462048679579997,-0.0021449649279799976,1.0,0.0,5,-0.00315529615642407
2025-11-10,0.044746242028613104,0.0227185590322605,1.0,0.0,5,0.02212418407845962
2025-11-11,-0.030077941604657377,-0.0025022133983815253,1.0,0.0,5,-0.0026635431542127996
2025-11-12,-0.019528672614920195,-0.002635043867685316,1.0,0.0,5,-0.0007883263349260927
2025-11-13,-0.050369329758348846,-0.0229043605910505,1.0,0.0,5,-0.020416049462227304
2025-11-14,0.015734781840311296,0.001322235995513843,1.0,0.0,5,0.0007560815253122577
2025-11-17,0.0008443310305077389,-0.008406770305917854,1.0,0.0,5,-0.008540551194034962
2025-11-18,-0.021295642683118676,-0.012119920363113268,1.0,0.0,5,-0.012175728058841151
2025-11-19,-0.008526009172412863,0.005856589777937238,1.0,0.0,5,0.005970049135516797
2025-11-20,-0.06502476109666355,-0.021546491947653457,1.0,0.0,5,-0.023671795555703756
2025-11-21,0.004023919545666832,0.00883366058143742,1.0,0.0,5,0.007512763160141489
2025-11-24,0.05734508121866466,0.026890308839190524,1.0,0.0,5,0.025573237073567512
2025-11-25,0.020192327333097504,0.006714757469938215,1.0,0.0,5,0.0061636591975677835
2025-11-26,0.031621500440861094,0.008212601718349033,1.0,0.0,5,0.008835750299725609
2025-11-28,0.029248679179616044,0.006504502106209564,1.0,0.0,5,0.00810718413726863
2025-12-01,-0.011235907121268984,-0.00384195801621956,0.9999999999999999,0.8004802881729037,5,-0.0033589018974566898
2025-12-02,0.008165869793739455,0.005918133418571614,0.9999999999999999,0.0,5,0.007826044687849754
2025-12-03,-0.007858219029490576,0.001726341919058516,0.9999999999999999,0.0,5,0.0024437299035369175
2025-12-04,-0.0005324473877700298,0.0021765926539891733,0.9999999999999999,0.0,5,-0.0009302027200410734
2025-12-05,0.03814310078971017,0.003105278249778687,0.9999999999999999,0.0,5,0.0040774392397340264
2025-12-08,0.019518679220006607,-0.0013669447068108687,0.9999999999999999,0.0,5,-0.0019185265715929711
2025-12-09,0.023711788154451074,0.0012991646103992505,0.9999999999999999,0.0,5,0.0012334209008777464
2025-12-10,0.037089065115980535,0.0032943835151033607,0.9999999999999999,0.0,5,0.004095672346212442
2025-12-11,-0.0007110006037555072,-0.0025492344686938173,0.9999999999999999,0.0,5,-0.003234492758241503
2025-12-12,-0.05532946322552845,-0.01689804042238119,0.9999999999999999,0.0,5,-0.019118258256338172
2025-12-15,-0.005227461357128371,-0.005939167507718168,0.9999999999999999,0.0,5,-0.0050193931097423095
2025-12-16,-0.019432609811105506,0.0023441488007542866,0.9999999999999999,0.0,5,0.001981852130900519
2025-12-17,-0.024635439003462545,-0.018092323029354263,0.9999999999999999,0.0,5,-0.0185369840621169
2025-12-18,0.036273015976417744,0.013794367681767117,0.9999999999999999,0.0,5,0.01449009843273763
2025-12-19,0.045419823697947725,0.013094639916962025,0.9999999999999999,0.0,5,0.013035412322897288
2025-12-22,0.019358952155326126,0.005200445176298585,0.9999999999999999,0.0,5,0.004787424033708909
2025-12-23,0.0029203192490554475,0.005677193440730921,0.9999999999999999,0.0,5,0.0046833868962063985
2025-12-24,0.013722943445032332,0.002184464371203676,0.9999999999999999,0.0,5,0.002925527639806358
2025-12-26,-0.00511420314814004,-0.0008558732342057729,0.9999999999999999,0.0,5,-6.410975590209755e-05
2025-12-29,-0.0030301653789374106,-0.005033251247186676,0.9999999999999999,0.0,5,-0.004840596900094418
2025-12-30,-0.0021519370263303195,-0.002354484788716027,0.9999999999999999,0.0,5,-0.002319326106914432
2025-12-31,-0.013624006985462178,-0.007561782956461149,0.9999999999999999,0.0,5,-0.008265663593949202
