week_end,n_listed_common,n_with_vendor_prices,n_price_ge_10,cutoff_rank250_dv_bucket,n_unresolved_candidates,mcap_weighted_coverage,snapshot_age_days,n_listed_nasdaq,n_foreign_excluded,n_non_common_excluded,n_spac_shell_excluded,n_investment_company_excluded,n_unknown_foreign_flag,n_ranked_dv50,n_ranked_dv20,cutoff_rank300_dv_bucket,top250_close_in_week,top300_close_in_week,top250_close_on_week_end,top300_close_on_week_end,top250_zero_volume_close,n_outside_trading,n_young,n_missing,n_missing_with_pf_dv,n_missing_pf_dv_ge_cut250,n_missing_pf_dv_ge_cut300,n_missing_pf_dv_ge_cut250_not_pending,n_missing_proxy_above,n_missing_proxy_above_single_class,n_missing_proxy_above_no_pf_dv,n_missing_proxy_above_no_pf_dv_not_pending,n_missing_proxy_above_float_only,n_missing_dv_stored_direct,n_missing_unknown,n_missing_unknown_not_pending,n_missing_short_window_own_dv20_top,est_missing_top250,est_missing_top250_residual,est_missing_top250_residual_ex_siblings,est_missing_top250_residual_upper,n_unresolved_candidates_ge_cut300,n_missing_tiingo_pending,n_missing_yahoo_pending,n_missing_fetched_pending_reconcile,n_missing_answer_not_in_panel,n_missing_unfillable,n_missing_no_vendor_source,n_missing_series_gap,n_missing_short_window,n_missing_candidate_other,n_missing_not_candidate,mcap_weighted_coverage_names,mcap_weighted_coverage_known_dv,snapshot_stale,snapshot_source,pf_cut250_ratio,pf_cut300_ratio,top250_overlap_prefilter,pf_top250_not_top250_here,top250_ff49_missing,top250_earnings_flag,top250_series_ends_within_4w,top250_series_ends_unresolved_terminal,complete_250,complete_250_strict,complete_250_after_pending
2012-01-06,2281,1244,814,10M-20M,4,0.94991,28,2546,232,11,1,25,4,808,812,10M-20M,250,300,250,300,0,0,2,1042,169,0,0,0,11,9,10,9,3,0,4,4,0,8.65,7.82,7.82,11.82,0,4,0,0,0,27,0,162,0,0,849,2276,0.97298,N,wayback_symdir,1.146,1.1085,235,15,0,13,0,0,N,N,N
2012-01-13,2280,1241,825,10M-20M,4,0.94956,35,2545,232,11,1,25,4,819,823,10M-20M,248,298,248,298,0,1,2,1041,176,0,0,0,11,9,10,9,3,0,4,4,0,8.55,7.71,7.71,11.71,0,4,0,0,0,27,0,162,0,0,848,2274,0.9727,N,wayback_symdir,1.1159,1.1162,233,17,0,20,1,1,N,N,N
2012-01-20,2277,1240,832,10M-20M,4,0.94896,42,2542,232,11,1,25,4,828,832,10M-20M,249,299,249,299,0,1,1,1037,176,0,0,0,10,8,9,8,2,0,3,3,0,7.69,6.85,6.85,9.85,0,4,0,0,0,27,0,162,0,0,844,2271,0.9721,N,wayback_symdir,1.1034,1.1072,235,13,0,33,1,1,N,N,N
2012-01-27,2263,1248,844,10M-20M,4,0.94776,2,2526,229,11,1,26,4,840,842,10M-20M,250,300,250,300,0,0,1,1018,182,0,0,0,11,9,10,9,2,0,0,0,0,9.61,8.78,8.78,8.78,0,4,0,0,0,27,0,161,1,0,825,2263,0.97107,N,wayback_companylist,1.1244,1.0949,236,14,0,57,1,1,N,N,N
2012-02-03,2264,1249,866,10M-20M,4,0.94768,9,2527,229,11,1,26,4,861,864,10M-20M,250,300,250,300,0,0,2,1018,187,0,0,0,11,9,10,9,2,0,0,0,0,9.23,8.39,8.39,8.39,0,4,0,0,0,27,0,161,1,0,825,2264,0.97099,N,wayback_companylist,1.1048,1.0667,238,12,0,63,1,1,N,N,N
2012-02-10,2263,1251,853,10M-20M,4,0.94788,16,2525,228,11,1,26,4,847,850,10M-20M,250,300,250,300,0,0,4,1014,183,0,0,0,11,9,10,9,2,0,0,0,0,8.69,7.86,7.86,7.86,0,4,0,0,0,25,0,162,1,0,822,2263,0.9712,N,wayback_companylist,1.0898,1.0804,236,14,0,48,0,0,N,N,N
2012-02-17,2262,1250,857,10M-20M,4,0.94706,23,2524,228,11,1,26,4,849,852,10M-20M,248,298,248,298,0,0,5,1013,185,0,0,0,11,9,10,9,2,0,0,0,0,8.37,7.53,7.53,7.53,0,4,0,0,0,26,0,161,2,0,820,2262,0.97018,N,wayback_companylist,1.0923,1.0749,236,14,0,54,0,0,N,N,N
2012-02-24,2258,1251,859,10M-20M,4,0.94794,30,2518,226,11,1,26,4,850,856,10M-20M,250,300,250,300,0,0,6,1011,182,0,0,0,11,9,10,9,3,0,0,0,0,8.5,7.66,7.66,7.66,0,4,0,0,0,27,0,162,2,0,816,2258,0.97107,N,wayback_companylist,1.1169,1.0976,238,12,0,60,0,0,N,N,N
2012-03-02,2254,1253,846,10M-20M,4,0.94991,37,2514,226,11,1,26,4,838,843,10M-20M,250,300,250,300,0,0,6,1004,176,0,0,0,10,8,9,8,2,0,0,0,0,8.14,7.3,7.3,7.3,0,4,0,0,0,26,0,161,0,0,813,2253,0.97306,N,wayback_companylist,1.114,1.1173,239,10,0,24,1,0,N,N,N
2012-03-09,2250,1252,854,10M-20M,4,0.94993,44,2510,226,11,1,26,4,847,853,10M-20M,250,300,250,300,0,0,5,999,178,0,0,0,10,8,9,8,2,0,0,0,0,8.53,7.69,7.69,7.69,0,4,0,0,0,25,0,161,0,0,809,2249,0.97309,N,wayback_companylist,1.071,1.0907,239,10,0,8,2,1,N,N,N
2012-03-16,2251,1254,864,10M-20M,4,0.94994,51,2510,225,11,1,26,4,859,863,10M-20M,250,300,250,300,0,0,4,998,179,0,0,0,10,8,9,8,3,0,0,0,0,8.08,7.25,7.25,7.25,0,4,0,0,0,24,0,162,0,0,808,2250,0.97308,N,wayback_companylist,1.0613,1.1271,237,12,0,8,2,1,N,N,N
2012-03-23,2248,1254,870,10M-20M,4,0.95062,58,2508,226,11,1,26,4,865,868,10M-20M,250,300,250,300,0,0,3,995,181,0,0,0,10,8,9,8,3,0,0,0,0,8.03,7.19,7.19,7.19,0,4,0,0,0,24,0,160,0,0,807,2247,0.97376,N,wayback_companylist,1.0762,1.1214,236,13,0,5,2,1,N,N,N
2012-03-30,2242,1252,867,10M-20M,4,0.9496,65,2501,224,11,1,26,4,864,867,10M-20M,248,298,248,298,0,0,3,988,178,0,0,0,9,7,8,7,3,0,0,0,0,7.38,6.54,6.54,6.54,0,4,0,0,0,23,0,160,0,0,801,2241,0.97275,N,wayback_companylist,1.0921,1.1452,235,14,0,7,1,1,N,N,N
2012-04-05,2251,1255,864,10M-20M,4,0.95238,0,2514,226,13,1,26,4,862,864,10M-20M,250,300,250,300,0,2,4,992,178,0,0,0,9,6,9,8,4,0,0,0,0,7.87,7.04,7.04,7.04,0,4,0,0,0,24,0,164,0,0,800,2249,0.97401,N,wayback_companylist,1.1242,1.1275,235,15,0,10,0,0,N,N,N
2012-04-13,2251,1255,850,10M-20M,4,0.95189,8,2514,226,13,1,26,4,847,849,10M-20M,249,299,249,299,0,1,5,993,172,0,0,0,9,6,9,8,4,0,0,0,0,7.9,7.06,7.06,7.06,0,4,0,0,0,24,0,165,0,0,800,2250,0.97363,N,wayback_companylist,1.1639,1.1111,236,14,0,16,0,0,N,N,N
2012-04-20,2252,1258,856,10M-20M,4,0.95236,15,2515,226,13,1,26,4,851,853,10M-20M,250,300,250,300,0,0,6,994,174,0,0,0,10,7,10,9,4,0,0,0,0,8.63,7.8,7.8,7.8,0,4,0,0,0,25,0,165,0,0,800,2252,0.9741,N,wayback_companylist,1.1733,1.1011,236,14,0,52,0,0,N,N,N
2012-04-27,2253,1258,864,10M-20M,4,0.95205,22,2515,225,13,1,26,4,859,861,10M-20M,250,300,250,300,0,0,8,992,177,0,0,0,9,6,9,8,3,0,0,0,0,7.87,7.04,7.04,7.04,0,4,0,0,0,24,0,165,0,0,799,2253,0.97379,N,wayback_companylist,1.1531,1.0971,236,14,0,109,1,1,N,N,N
2012-05-04,2250,1260,850,10M-20M,4,0.95232,29,2511,224,13,1,26,4,843,847,10M-20M,250,300,250,300,0,0,6,993,174,0,0,0,9,6,9,8,3,0,0,0,0,8.13,7.29,7.29,7.29,0,4,0,0,0,25,0,166,2,0,796,2250,0.97413,N,wayback_companylist,1.1072,1.0818,236,13,0,82,1,1,N,N,N
2012-05-11,2245,1258,842,10M-20M,4,0.95286,36,2506,224,14,1,25,4,836,842,10M-20M,250,299,250,299,0,0,6,987,173,0,0,0,10,7,10,9,4,0,0,0,1,8.24,7.4,7.4,7.4,0,4,0,0,0,22,0,166,2,0,793,2245,0.97468,N,wayback_companylist,1.1796,1.0836,237,12,0,42,1,1,N,N,N
2012-05-18,2243,1258,826,10M-20M,4,0.95286,43,2504,224,14,1,25,4,820,825,10M-20M,250,300,250,300,0,0,6,986,168,0,0,0,10,7,10,9,3,0,0,0,1,8.42,7.58,7.58,7.58,0,4,0,0,0,23,0,166,2,0,791,2242,0.97469,N,wayback_companylist,1.201,1.0973,236,13,0,21,1,1,N,N,N
2012-05-25,2241,1260,832,10M-20M,4,0.95351,50,2502,224,14,1,25,4,826,829,10M-20M,250,300,250,300,0,0,4,985,170,0,0,0,10,7,10,9,3,0,0,0,0,8.95,8.12,8.12,8.12,0,4,0,0,0,23,0,166,3,0,789,2240,0.97534,N,wayback_companylist,1.1456,1.1137,234,15,0,13,0,0,N,N,N
2012-06-01,2242,1260,822,10M-20M,4,0.95283,5,2503,224,15,1,24,4,817,820,10M-20M,249,299,249,299,0,0,4,983,167,0,0,0,10,7,10,9,3,0,0,0,0,9.04,8.2,8.2,8.2,0,4,0,0,0,23,0,166,3,0,787,2242,0.97374,N,wayback_companylist,1.219,1.1408,234,16,0,7,1,1,N,N,N
2012-06-08,2239,1262,837,10M-20M,4,0.95298,3,2499,223,15,1,24,4,834,837,10M-20M,250,300,250,300,0,0,3,977,170,0,0,0,10,7,10,9,2,0,0,0,0,9.54,8.7,8.7,8.7,0,4,0,0,0,24,0,167,1,0,781,2239,0.97389,N,wayback_companylist,1.1545,1.1668,234,16,0,5,2,1,N,N,N
2012-06-15,2238,1264,841,10M-20M,4,0.95411,10,2497,222,15,1,24,4,837,839,10M-20M,250,300,250,300,0,0,1,977,174,0,0,0,9,6,9,8,2,0,0,0,0,8.79,7.95,7.95,7.95,0,4,0,0,0,22,0,166,2,0,783,2238,0.97524,N,wayback_companylist,1.1843,1.1407,234,16,0,3,1,0,N,N,N
2012-06-22,2232,1264,843,10M-20M,4,0.95429,0,2490,221,16,1,24,4,840,843,10M-20M,249,299,249,299,0,0,0,970,174,0,0,0,9,6,9,8,2,0,0,0,0,8.71,7.88,7.88,7.88,0,4,0,0,0,21,0,166,2,0,777,2232,0.97543,N,wayback_symdir,1.1272,1.155,234,16,0,4,1,0,N,N,N
2012-06-29,2232,1264,854,10M-20M,4,0.95419,7,2490,221,16,1,24,4,852,853,10M-20M,250,300,250,300,0,0,1,968,175,0,0,0,10,7,10,9,3,0,0,0,0,8.94,8.11,8.11,8.11,0,4,0,0,0,21,0,166,1,0,776,2232,0.97533,N,wayback_symdir,1.1664,1.096,234,16,0,7,1,0,N,N,N
2012-07-06,2231,1265,859,10M-20M,4,0.95423,14,2489,221,16,1,24,4,856,857,10M-20M,250,300,249,299,0,1,2,967,177,0,0,0,9,6,9,8,2,0,1,1,0,8.43,7.6,7.6,8.6,0,4,0,0,0,22,0,166,1,0,774,2229,0.9754,N,wayback_symdir,1.1672,1.1088,235,15,0,10,0,0,N,N,N
2012-07-13,2223,1267,862,10M-20M,4,0.95513,21,2481,221,16,1,24,4,856,858,10M-20M,250,300,250,300,0,0,4,958,178,0,0,0,10,7,10,9,2,0,1,1,0,8.59,7.75,7.75,8.75,0,4,0,0,0,22,0,164,2,0,766,2222,0.97632,N,wayback_symdir,1.1387,1.1134,236,14,0,18,0,0,N,N,N
2012-07-20,2224,1268,852,10M-20M,4,0.95473,28,2482,221,16,1,24,4,845,848,10M-20M,250,299,250,299,0,0,6,956,174,0,0,0,10,7,10,9,2,0,1,1,0,8.59,7.75,7.75,8.75,0,4,0,0,0,22,0,164,1,0,765,2223,0.97591,N,wayback_symdir,1.0788,1.1184,236,14,0,59,0,0,N,N,N
2012-07-27,2223,1269,854,10M-20M,4,0.95519,35,2481,221,16,1,24,4,844,849,10M-20M,250,300,250,300,0,0,8,954,173,0,0,0,10,7,10,9,2,0,1,1,0,8.83,7.99,7.99,8.99,0,4,0,0,0,23,0,164,1,0,762,2222,0.97638,N,wayback_symdir,1.0883,1.1484,236,14,0,108,0,0,N,N,N
2012-08-03,2220,1268,850,10M-20M,4,0.95508,42,2477,220,16,1,24,4,841,848,10M-20M,250,300,250,300,0,0,7,953,171,0,0,0,10,7,10,9,2,0,1,1,0,9.14,8.3,7.99,9.3,0,4,0,0,0,23,0,166,1,0,759,2219,0.97626,N,wayback_symdir,1.0781,1.152,236,13,0,76,0,0,N,N,N
2012-08-10,2220,1271,845,10M-20M,4,0.95544,49,2476,220,15,1,24,4,835,842,10M-20M,250,300,250,300,0,0,7,952,172,0,0,0,12,8,12,11,2,0,1,1,0,10.53,9.69,8.55,10.69,0,4,0,0,0,23,0,167,1,0,757,2219,0.97661,N,wayback_symdir,1.0896,1.152,236,13,0,40,0,0,N,N,N
2012-08-17,2214,1274,854,10M-20M,4,0.95973,56,2470,220,15,1,24,4,843,849,10M-20M,250,300,250,300,0,0,5,946,178,0,0,0,10,5,10,9,2,0,1,1,0,8.68,7.85,6.71,8.85,0,4,0,0,0,21,0,167,2,0,752,2213,0.98095,N,wayback_symdir,1.0863,1.1474,236,13,0,19,0,0,N,N,N
2012-08-24,2211,1276,852,10M-20M,4,0.96163,63,2467,220,15,1,24,4,843,850,10M-20M,250,300,250,300,0,0,4,940,173,0,0,0,9,4,9,8,2,0,1,1,1,7.19,6.36,5.22,7.36,0,4,0,0,0,17,0,167,2,0,750,2210,0.9828,N,wayback_symdir,1.1681,1.1216,236,13,0,12,0,0,N,N,N
2012-08-31,2204,1276,857,10M-20M,4,0.96205,70,2459,219,15,1,24,4,849,855,10M-20M,250,300,250,300,0,0,2,934,174,0,0,0,9,4,9,8,2,0,1,1,1,7.03,6.2,5.06,7.2,0,4,0,0,0,17,0,166,3,0,744,2203,0.98323,N,wayback_symdir,1.1214,1.1273,236,13,0,6,1,0,N,N,N
2012-09-07,2203,1279,870,10M-20M,4,0.96364,77,2457,218,15,1,24,4,860,867,10M-20M,249,299,249,299,0,0,2,931,181,0,0,0,8,3,8,7,2,0,1,1,1,6.63,5.8,4.66,6.8,0,4,0,0,0,15,0,165,4,0,743,2202,0.98482,N,wayback_symdir,1.1228,1.1279,237,12,0,6,1,0,N,N,N
2012-09-14,2202,1277,876,10M-20M,4,0.9634,84,2456,218,15,1,24,4,869,874,10M-20M,250,299,250,299,0,0,1,929,184,0,0,0,7,3,7,6,2,0,1,1,0,5.78,4.95,4.64,5.95,0,4,0,0,0,15,0,165,3,0,742,2201,0.98438,N,wayback_symdir,1.0815,1.1171,237,12,0,0,1,0,N,N,N
2012-09-21,2202,1279,879,10M-20M,4,0.96433,91,2456,218,15,1,24,4,873,877,10M-20M,250,300,250,300,0,0,2,927,185,0,0,0,5,2,5,4,2,0,1,1,0,4.72,3.89,3.58,4.89,0,4,0,0,0,14,0,166,2,0,741,2201,0.98513,N,wayback_symdir,1.0794,1.1316,237,12,0,7,1,0,N,N,N
2012-09-28,2197,1281,875,10M-20M,4,0.96469,98,2451,218,15,1,24,4,869,874,10M-20M,250,300,250,300,1,0,2,920,180,0,0,0,5,2,5,4,2,0,1,1,0,4.57,3.73,3.42,4.73,0,4,0,0,0,13,0,165,2,0,736,2196,0.98549,N,wayback_symdir,1.1267,1.1152,236,13,0,5,0,0,N,N,N
2012-10-05,2189,1280,876,10M-20M,4,0.96497,105,2443,218,15,1,24,4,871,875,10M-20M,249,299,249,299,1,1,2,911,181,0,0,0,5,2,5,4,2,0,1,1,0,4.75,3.91,3.61,4.91,0,4,0,0,0,13,0,165,1,0,728,2187,0.98578,N,wayback_symdir,1.1078,1.1274,236,13,0,10,0,0,N,N,N
2012-10-12,2186,1283,867,10M-20M,4,0.966,112,2440,218,15,1,24,4,862,865,10M-20M,250,300,250,300,0,0,6,903,178,0,0,0,3,1,3,2,2,0,1,1,0,2.63,1.79,1.49,2.79,0,4,0,0,0,11,0,165,0,0,723,2185,0.98683,N,wayback_symdir,1.0734,1.0903,237,12,0,18,0,0,N,N,N
2012-10-19,2185,1284,860,10M-20M,4,0.96605,119,2439,218,15,1,24,4,856,857,5M-10M,250,300,250,300,0,0,6,901,173,0,0,0,2,0,2,1,2,0,1,1,0,2.2,1.36,1.06,2.36,0,4,0,0,0,10,0,166,0,0,721,2184,0.98689,N,wayback_symdir,1.1158,1.1054,236,13,0,58,0,0,N,N,N
2012-10-26,2193,1289,864,10M-20M,4,0.9643,2,2447,217,16,1,24,4,858,861,5M-10M,249,299,249,299,0,0,8,903,179,0,0,0,4,1,4,3,0,0,0,0,0,3.92,3.08,1.41,3.08,0,4,0,0,0,10,0,169,1,0,719,2193,0.98454,N,wayback_companylist,1.1141,1.1166,235,15,0,116,1,1,N,N,N
2012-11-02,2192,1289,865,10M-20M,4,0.96432,9,2446,217,16,1,24,4,859,863,10M-20M,250,300,250,300,0,0,8,903,181,0,0,0,4,1,4,3,0,0,0,0,0,3.4,2.57,1.43,2.57,0,4,0,0,0,11,0,169,1,0,718,2192,0.98456,N,wayback_companylist,1.111,1.1389,234,16,0,94,0,0,N,N,N
2012-11-09,2188,1290,854,10M-20M,4,0.96469,4,2445,219,17,1,24,4,847,853,10M-20M,250,299,250,299,0,0,10,897,176,0,0,0,4,1,4,3,0,0,0,0,0,3.4,2.57,1.42,2.57,0,4,0,0,0,11,0,168,1,0,713,2188,0.9847,N,wayback_companylist,1.1649,1.1407,235,15,0,51,0,0,N,N,N
2012-11-16,2181,1288,850,10M-20M,4,0.96285,3,2437,217,18,1,24,4,843,849,10M-20M,249,299,249,299,0,0,6,892,171,0,0,0,4,1,4,3,0,0,0,0,0,4.84,4.01,2.33,4.01,0,4,0,0,0,13,0,167,1,0,707,2181,0.98283,N,wayback_companylist,1.1746,1.1427,234,16,0,18,0,0,N,N,N
2012-11-23,2182,1288,853,10M-20M,4,0.96256,10,2438,217,18,1,24,4,848,852,10M-20M,249,299,249,299,0,0,4,896,178,0,0,0,5,2,5,4,0,0,0,0,0,5.93,5.09,3.42,5.09,0,4,0,0,0,15,0,168,1,0,708,2182,0.98272,N,wayback_companylist,1.2024,1.1583,235,15,0,8,1,0,N,N,N
2012-11-30,2179,1288,861,10M-20M,4,0.96271,17,2435,217,18,1,24,4,858,861,5M-10M,250,300,250,300,0,0,4,892,178,0,0,0,5,2,5,4,0,0,0,0,0,5.76,4.92,3.25,4.92,0,4,0,0,0,15,0,168,0,0,705,2179,0.98277,N,wayback_companylist,1.1647,1.1087,235,15,0,11,1,0,N,N,N
2012-12-07,2178,1288,856,10M-20M,4,0.9613,24,2435,218,18,1,24,4,853,855,5M-10M,249,299,249,299,0,0,1,892,180,0,0,0,5,2,5,4,0,0,0,0,0,4.68,3.84,2.7,3.84,0,4,0,0,0,14,0,168,0,0,706,2178,0.98135,N,wayback_companylist,1.1767,1.1362,235,15,0,7,1,0,N,N,N
2012-12-14,2173,1292,855,10M-20M,4,0.96206,31,2430,218,18,1,24,4,851,853,5M-10M,250,300,250,300,0,0,2,883,178,0,0,0,6,2,6,5,0,0,0,0,0,5.25,4.42,4.11,4.42,0,4,0,0,0,13,0,164,0,0,702,2173,0.98213,N,wayback_companylist,1.1208,1.1085,236,14,0,4,1,0,N,N,N
2012-12-21,2173,1292,865,10M-20M,4,0.96192,38,2429,217,18,1,24,4,862,864,10M-20M,250,300,250,300,0,0,3,882,186,0,0,0,6,2,6,5,0,0,0,0,0,6.16,5.32,4.49,5.32,0,4,0,0,0,12,0,165,0,0,701,2173,0.98199,N,wayback_companylist,1.1002,1.1024,236,14,0,7,0,0,N,N,N
2012-12-28,2169,1289,862,10M-20M,4,0.96194,45,2425,217,18,1,24,4,859,862,5M-10M,249,299,249,299,0,2,2,879,183,0,0,0,6,2,6,5,0,0,0,0,0,6.19,5.35,4.51,5.35,0,4,0,0,0,12,0,166,0,0,697,2167,0.98185,N,wayback_companylist,1.1021,1.1236,236,14,0,0,0,0,N,N,N
2013-01-04,2162,1288,884,10M-20M,4,0.96187,52,2418,218,18,1,24,4,879,883,10M-20M,250,300,250,300,0,1,2,876,189,0,0,0,7,3,7,6,1,0,0,0,0,6.25,5.41,4.57,5.41,0,4,0,0,0,12,0,166,2,0,692,2161,0.98179,N,wayback_companylist,1.1003,1.1138,237,13,0,14,1,1,N,N,N
2013-01-11,2159,1289,883,10M-20M,4,0.96352,59,2414,217,18,1,24,4,878,881,10M-20M,250,300,250,300,0,0,2,874,188,0,0,0,7,3,7,6,0,0,0,0,0,5.58,4.74,4.43,4.74,0,4,0,0,0,11,0,166,3,0,690,2159,0.98344,N,wayback_companylist,1.1086,1.105,239,11,0,20,3,2,N,N,N
2013-01-18,2161,1292,886,10M-20M,4,0.96382,66,2416,217,18,1,24,4,881,882,10M-20M,250,300,250,300,0,0,3,872,190,0,0,0,7,3,7,6,0,0,0,0,0,5.56,4.72,4.42,4.72,0,4,0,0,0,10,0,166,2,0,690,2161,0.98374,N,wayback_companylist,1.0967,1.1133,239,11,0,37,3,2,N,N,N
2013-01-25,2155,1293,891,10M-20M,4,0.96578,73,2410,217,18,1,24,4,885,887,10M-20M,250,300,250,300,0,0,3,866,192,0,0,0,7,3,7,6,0,0,0,0,1,5.55,4.71,4.4,4.71,0,4,0,0,0,10,0,166,2,0,684,2155,0.9857,N,wayback_companylist,1.0911,1.1153,238,12,0,53,3,2,N,N,N
2013-02-01,2157,1296,893,10M-20M,4,0.96617,80,2412,217,18,1,24,4,885,890,10M-20M,250,300,250,300,0,0,4,865,197,0,0,0,7,3,7,6,0,0,0,0,1,5.3,4.46,4.16,4.46,0,4,0,0,0,9,0,166,2,0,684,2157,0.9861,N,wayback_companylist,1.0623,1.1153,238,12,0,62,2,1,N,N,N
2013-02-08,2160,1294,894,10M-20M,4,0.96469,1,2418,220,19,1,24,4,888,892,10M-20M,249,299,249,299,0,0,5,866,197,0,0,0,6,4,6,5,0,0,0,0,0,4.25,3.41,3.1,3.41,0,4,0,0,0,9,0,167,0,0,686,2160,0.98581,N,wayback_companylist,1.0768,1.1104,239,11,0,59,0,0,N,N,N
2013-02-15,2161,1298,900,10M-20M,4,0.96516,8,2419,220,19,1,24,4,890,896,10M-20M,250,300,250,300,0,0,6,867,200,0,0,0,6,4,6,5,0,0,0,0,0,4.51,3.67,3.36,3.67,0,4,0,0,0,10,0,164,3,0,686,2161,0.98628,N,wayback_companylist,1.0819,1.0888,240,10,0,46,0,0,N,N,N
2013-02-22,2170,1305,909,10M-20M,4,0.96404,3,2427,218,20,1,24,4,897,905,10M-20M,250,300,250,300,0,0,12,865,200,0,0,0,6,4,6,5,0,0,0,0,0,4.38,3.54,3.23,3.54,0,4,0,0,0,9,0,164,3,0,685,2170,0.98512,N,wayback_symdir,1.0747,1.0954,240,10,0,41,0,0,N,N,N
2013-03-01,2169,1305,909,10M-20M,4,0.96405,10,2426,218,20,1,24,4,900,909,10M-20M,250,300,250,300,0,0,9,864,201,0,0,0,5,3,5,4,0,0,0,0,1,3.45,2.61,2.31,2.61,0,4,0,0,0,8,0,164,3,0,685,2169,0.98513,N,wayback_symdir,1.069,1.0678,241,9,0,40,0,0,N,N,N
2013-03-08,2169,1306,916,10M-20M,4,0.96435,17,2426,218,20,1,24,4,909,916,10M-20M,250,300,250,300,0,0,8,863,207,0,0,0,5,3,5,4,0,0,0,0,1,3.5,2.66,2.36,2.66,0,4,0,0,0,7,0,164,3,0,685,2169,0.98543,N,wayback_symdir,1.1125,1.0834,240,10,0,8,0,0,N,N,N
2013-03-15,2163,1304,916,10M-20M,5,0.96701,3,2419,217,20,1,24,4,912,916,10M-20M,250,300,250,300,0,0,2,859,205,0,0,0,6,3,6,4,2,0,0,0,1,4.27,2.59,2.28,2.59,0,5,0,0,0,7,0,164,3,0,680,2163,0.98817,N,wayback_companylist,1.072,1.0943,240,10,0,8,0,0,N,N,N
2013-03-22,2164,1306,916,10M-20M,5,0.96696,10,2420,217,20,1,24,4,914,914,10M-20M,250,300,250,300,0,0,3,857,203,0,0,0,7,4,7,5,3,0,0,0,0,4.6,2.92,2.61,2.92,0,5,0,0,0,9,0,163,1,0,679,2164,0.98811,N,wayback_companylist,1.1228,1.0794,239,11,0,12,0,0,N,N,N
2013-03-28,2160,1308,914,10M-20M,5,0.96746,16,2416,217,20,1,24,4,912,912,10M-20M,250,300,250,300,0,0,3,853,208,0,0,0,7,4,7,5,3,0,0,0,0,4.56,2.88,2.58,2.88,0,5,0,0,0,9,0,162,1,0,676,2160,0.98862,N,wayback_companylist,1.1053,1.0886,239,11,0,3,0,0,N,N,N
2013-04-05,2161,1311,916,10M-20M,5,0.9676,24,2417,217,20,1,24,4,912,914,10M-20M,250,300,250,300,0,0,4,852,202,0,0,0,6,3,6,4,2,0,0,0,0,4.42,2.74,2.44,2.74,0,5,0,0,0,7,0,162,2,0,676,2161,0.98875,N,wayback_companylist,1.1041,1.1004,238,12,0,5,0,0,N,N,N
2013-04-12,2159,1314,925,10M-20M,5,0.96854,31,2415,217,20,1,24,4,919,922,10M-20M,250,300,250,300,0,0,4,848,204,0,0,0,6,3,6,4,2,0,0,0,0,3.85,2.17,1.86,2.17,0,5,0,0,0,6,0,160,3,0,674,2159,0.9897,N,wayback_companylist,1.0835,1.1081,239,11,0,12,1,1,N,N,N
2013-04-19,2159,1315,916,10M-20M,5,0.96922,3,2413,215,18,1,25,4,909,914,10M-20M,250,300,250,300,0,0,7,845,197,0,0,0,6,3,6,4,2,0,0,0,0,4.15,2.47,2.17,2.47,0,5,0,0,0,6,0,159,3,0,672,2158,0.98962,N,wayback_companylist,1.0804,1.0852,239,11,0,44,1,1,N,N,N
2013-04-26,2159,1315,924,10M-20M,5,0.96946,10,2412,214,18,1,25,4,920,923,10M-20M,250,300,250,300,0,0,4,844,201,0,0,0,6,3,6,4,2,0,0,0,0,3.84,2.16,1.86,2.16,0,5,0,0,0,6,0,159,1,0,673,2158,0.98984,N,wayback_companylist,1.1115,1.1254,239,11,0,96,1,1,N,N,N
2013-05-03,2161,1318,927,10M-20M,5,0.96954,17,2414,214,18,1,25,4,921,925,10M-20M,250,300,250,300,0,0,5,845,202,0,0,0,6,3,6,4,2,0,0,0,0,3.96,2.28,1.98,2.28,0,5,0,0,0,6,0,159,2,0,673,2160,0.98991,N,wayback_companylist,1.0674,1.145,240,10,0,92,1,1,N,N,N
2013-05-10,2159,1318,931,10M-20M,5,0.96945,24,2412,214,18,1,25,4,925,927,10M-20M,250,300,250,300,0,0,6,840,207,0,0,0,6,3,6,4,2,0,0,0,0,3.95,2.27,1.96,2.27,0,5,0,0,0,6,0,159,1,0,669,2158,0.98983,N,wayback_companylist,1.0608,1.1559,240,10,0,61,3,0,N,N,N
2013-05-17,2156,1316,938,10M-20M,5,0.9692,31,2409,214,18,1,25,4,932,935,10M-20M,249,299,249,299,0,0,6,838,210,0,0,0,5,2,5,3,2,0,0,0,1,3.51,1.83,1.53,1.83,0,5,0,0,0,5,0,161,1,0,666,2155,0.98959,N,wayback_companylist,1.0842,1.1378,239,11,0,10,3,0,N,N,N
2013-05-24,2156,1316,934,20M-50M,6,0.9689,38,2409,214,18,1,25,4,928,932,10M-20M,249,299,249,299,0,1,5,840,210,0,0,0,6,3,6,4,2,0,0,0,1,4.98,3.3,2.46,3.3,0,6,0,0,0,6,0,162,1,0,665,2154,0.98929,N,wayback_companylist,1.0917,1.0794,239,11,0,16,4,0,N,N,N
2013-05-31,2165,1321,944,10M-20M,6,0.96889,5,2423,219,18,1,26,4,937,942,10M-20M,250,300,250,300,0,0,8,843,213,0,0,0,6,3,6,4,3,0,0,0,1,4.39,2.71,2.39,2.71,0,6,0,0,0,7,0,166,1,0,663,2165,0.98967,N,wayback_companylist,1.0748,1.0708,240,10,0,5,6,0,N,N,N
2013-06-07,2165,1321,948,20M-50M,6,0.9687,12,2423,219,18,1,26,4,943,947,10M-20M,250,299,250,299,0,0,7,841,218,0,0,0,6,3,6,4,3,0,0,0,0,4.15,2.48,2.16,2.48,0,6,0,0,0,6,0,166,0,0,663,2165,0.98948,N,wayback_companylist,1.0723,1.0686,239,11,0,5,3,0,N,N,N
2013-06-14,2164,1320,945,20M-50M,6,0.96941,19,2421,218,18,1,26,4,942,945,10M-20M,247,297,247,297,0,3,4,839,218,0,0,0,6,2,6,4,3,0,0,0,0,4.53,2.85,2.85,2.85,0,6,0,0,0,5,0,166,0,0,662,2159,0.99038,N,wayback_companylist,1.1143,1.0844,237,13,0,3,3,0,N,N,N
2013-06-21,2163,1316,945,10M-20M,6,0.96898,26,2420,218,18,1,26,4,941,943,10M-20M,250,300,250,300,0,3,5,840,219,0,0,0,6,2,6,4,3,0,0,0,0,4.24,2.56,2.56,2.56,0,6,0,0,0,5,0,166,0,0,663,2158,0.99,N,wayback_companylist,1.0732,1.092,238,11,0,8,2,0,N,N,N
2013-06-28,2166,1326,952,10M-20M,6,0.96843,5,2425,220,18,1,26,4,942,943,10M-20M,250,300,250,300,0,1,11,838,224,0,0,0,6,2,6,4,3,0,0,0,0,4.26,2.58,2.58,2.58,0,6,0,0,0,5,0,168,2,0,657,2164,0.99007,N,wayback_companylist,1.1081,1.0975,238,12,0,4,1,0,N,N,N
2013-07-05,2163,1321,963,20M-50M,6,0.96448,12,2423,220,19,1,26,4,954,957,10M-20M,248,298,248,298,0,1,10,835,226,0,0,0,6,2,6,4,3,0,0,0,0,4.25,2.57,2.57,2.57,0,6,0,0,0,5,0,167,2,0,655,2161,0.98612,N,wayback_companylist,1.1449,1.1003,237,13,0,3,2,0,N,N,N
2013-07-12,2159,1321,963,10M-20M,6,0.96518,19,2419,220,19,1,26,4,954,963,10M-20M,250,300,250,300,0,1,10,837,228,0,0,0,7,3,7,5,3,0,0,0,0,5.93,4.26,4.26,4.26,0,6,0,0,0,7,0,169,2,0,653,2157,0.98688,N,wayback_companylist,1.0659,1.1108,239,11,0,9,2,0,N,N,N
2013-07-19,2160,1321,976,10M-20M,6,0.96509,26,2420,220,19,1,26,4,966,975,10M-20M,250,300,250,300,0,1,12,836,228,0,0,0,7,3,7,5,3,0,0,0,0,5.93,4.25,4.25,4.25,0,6,0,0,0,7,0,169,2,0,652,2158,0.98678,N,wayback_companylist,1.0758,1.0722,239,11,0,45,2,0,N,N,N
2013-07-26,2160,1317,974,10M-20M,6,0.96296,33,2419,219,19,1,26,4,965,971,10M-20M,249,299,249,299,0,1,10,838,227,0,0,0,7,3,7,5,3,0,0,0,0,5.64,3.96,3.96,3.96,0,6,0,0,0,8,0,170,2,0,652,2158,0.98531,N,wayback_companylist,1.0551,1.045,239,10,0,100,0,0,N,N,N
2013-08-02,2156,1318,974,10M-20M,6,0.96279,40,2414,218,19,0,26,4,969,970,10M-20M,249,299,249,299,0,1,6,835,232,0,0,0,8,4,8,6,4,0,0,0,0,6.22,4.55,4.55,4.55,0,6,0,0,0,9,0,172,0,0,648,2154,0.98517,N,wayback_companylist,1.0611,1.0508,240,8,0,91,0,0,N,N,N
2013-08-09,2164,1327,979,20M-50M,6,0.96316,6,2425,220,19,0,27,4,970,973,10M-20M,250,300,250,300,0,0,17,830,230,0,0,0,9,5,8,6,3,0,0,0,0,6.44,4.77,4.77,4.77,0,6,0,0,0,9,0,172,0,0,643,2164,0.98578,N,wayback_companylist,1.0517,1.0861,240,10,0,58,0,0,N,N,N
2013-08-16,2164,1327,974,10M-20M,6,0.96316,13,2425,220,19,0,27,4,965,972,10M-20M,250,300,250,300,0,0,16,830,228,0,0,0,9,5,8,6,3,0,0,0,0,6.44,4.77,4.77,4.77,0,6,0,0,0,9,0,172,0,0,643,2164,0.98578,N,wayback_companylist,1.0605,1.0632,240,10,0,15,0,0,N,N,N
2013-08-23,2168,1332,977,10M-20M,6,0.9568,1,2428,220,18,0,27,4,968,977,10M-20M,250,300,250,300,0,0,14,831,228,0,0,0,8,4,7,5,3,0,0,0,0,6.34,4.66,4.66,4.66,0,6,0,0,0,9,0,173,1,0,642,2168,0.98608,N,wayback_companylist,1.0553,1.0741,240,10,0,18,0,0,N,N,N
2013-08-30,2167,1330,972,10M-20M,6,0.95653,8,2428,221,18,0,27,4,965,972,10M-20M,249,299,249,299,0,0,9,834,226,0,0,0,8,4,7,5,3,0,0,0,0,6.34,4.66,4.66,4.66,0,6,0,0,0,9,0,174,1,0,644,2167,0.98585,N,wayback_companylist,1.1005,1.0641,240,10,0,6,0,0,N,N,N
2013-09-06,2165,1330,975,10M-20M,6,0.95666,15,2426,221,18,0,27,4,970,975,10M-20M,250,300,250,300,0,0,6,834,228,0,0,0,8,4,7,5,3,0,0,0,0,6.46,4.78,4.78,4.78,0,6,0,0,0,10,0,175,1,0,642,2165,0.98597,N,wayback_companylist,1.0802,1.0743,242,8,0,6,2,1,N,N,N
2013-09-13,2162,1330,981,10M-20M,6,0.95671,22,2423,221,18,0,27,4,981,981,10M-20M,250,300,250,300,0,0,2,830,231,0,0,0,8,4,7,5,3,0,0,0,0,6.34,4.66,4.66,4.66,0,6,0,0,0,10,0,175,0,0,639,2162,0.98602,N,wayback_companylist,1.0758,1.0704,242,8,0,5,3,2,N,N,N
2013-09-20,2165,1335,985,10M-20M,6,0.95796,29,2426,221,18,0,27,4,980,980,10M-20M,250,300,250,300,0,0,5,830,230,0,0,0,7,3,6,4,3,0,0,0,0,4.66,2.98,2.98,2.98,0,6,0,0,0,9,0,176,0,0,639,2165,0.98729,N,wayback_companylist,1.0424,1.0598,242,8,0,6,3,2,N,N,N
2013-09-27,2165,1339,993,10M-20M,6,0.95832,36,2426,221,18,0,27,4,983,983,10M-20M,250,300,250,300,0,1,9,826,230,0,0,0,7,3,6,4,3,0,0,0,0,4.66,2.98,2.98,2.98,0,6,0,0,0,9,0,174,1,0,636,2164,0.98764,N,wayback_companylist,1.087,1.0652,241,9,0,3,3,2,N,N,N
2013-10-04,2173,1341,1001,20M-50M,6,0.95783,4,2439,224,19,0,28,4,990,996,10M-20M,250,300,248,298,0,3,15,827,232,0,0,0,7,3,6,4,2,0,0,0,0,5.19,3.51,3.51,3.51,0,6,0,0,0,9,0,175,1,0,636,2169,0.98731,N,wayback_companylist,1.0942,1.0619,241,9,0,3,2,1,N,N,N
2013-10-11,2173,1343,1000,20M-50M,6,0.95738,4,2439,224,19,0,28,4,986,996,10M-20M,250,300,250,300,0,1,19,825,234,0,0,0,7,3,6,4,2,0,0,0,0,5.19,3.51,3.51,3.51,0,6,0,0,0,9,0,175,1,0,634,2172,0.98674,N,wayback_companylist,1.1312,1.0965,243,7,0,14,1,0,N,N,N
2013-10-18,2173,1343,1006,10M-20M,6,0.95756,11,2439,224,19,0,28,4,991,1002,10M-20M,249,299,249,299,0,1,20,824,240,0,0,0,7,3,6,4,2,0,0,0,0,4.94,3.26,3.26,3.26,0,6,0,0,0,8,0,175,1,0,634,2172,0.98691,N,wayback_companylist,1.0703,1.0692,242,8,0,41,1,0,N,N,N
2013-10-25,2171,1345,1006,20M-50M,6,0.9577,18,2437,224,19,0,28,4,994,1003,10M-20M,250,300,250,300,0,1,17,821,239,0,0,0,7,3,6,4,3,0,0,0,0,4.81,3.13,3.13,3.13,0,6,0,0,0,8,0,174,0,0,633,2170,0.98706,N,wayback_companylist,1.0413,1.0745,243,7,0,96,1,0,N,N,N
2013-11-01,2178,1348,995,20M-50M,6,0.95737,1,2446,225,18,1,28,4,984,990,10M-20M,250,300,250,300,0,0,13,828,239,0,0,0,8,4,6,4,2,0,0,0,0,5.28,3.61,3.61,3.61,0,6,0,0,0,10,0,175,1,0,636,2178,0.98778,N,wayback_symdir,1.0639,1.0453,243,7,0,98,0,0,N,N,N
2013-11-08,2180,1348,1001,20M-50M,6,0.96385,0,2451,227,19,1,28,4,989,997,10M-20M,249,299,249,299,0,0,14,828,237,0,0,0,7,3,6,4,2,0,0,0,0,4.95,3.28,3.28,3.28,0,6,0,0,0,11,0,175,1,0,635,2180,0.98717,N,wayback_companylist,1.0277,1.0336,243,7,0,69,0,0,N,N,N
2013-11-15,2184,1352,1008,20M-50M,6,0.96387,7,2455,227,19,1,28,4,997,1002,10M-20M,250,300,250,300,0,0,12,831,246,0,0,0,8,4,7,5,3,0,0,0,0,5.3,3.62,3.62,3.62,0,6,0,0,0,12,0,177,0,0,636,2183,0.98718,N,wayback_companylist,1.0195,1.0392,244,6,0,13,0,0,N,N,N
2013-11-22,2184,1353,1006,20M-50M,6,0.96389,14,2455,227,19,1,28,4,995,1002,10M-20M,250,300,250,300,0,0,13,830,244,0,0,0,8,4,7,5,3,0,0,0,0,5.29,3.62,3.62,3.62,0,6,0,0,0,12,0,177,0,0,635,2183,0.98721,N,wayback_companylist,1.0268,1.0639,244,6,0,18,0,0,N,N,N
2013-11-29,2180,1353,1014,20M-50M,6,0.96402,21,2451,227,19,1,28,4,1006,1014,10M-20M,250,300,250,300,0,0,10,826,247,0,0,0,8,4,7,5,3,0,0,0,0,5.29,3.61,3.61,3.61,0,6,0,0,0,12,0,177,0,0,631,2179,0.98734,N,wayback_companylist,1.0366,1.0697,244,6,0,5,0,0,N,N,N
2013-12-06,2177,1354,1012,20M-50M,6,0.96435,28,2448,227,19,1,28,4,1006,1012,10M-20M,250,300,250,300,0,0,8,823,243,0,0,0,8,4,7,5,3,0,0,0,0,5.28,3.6,3.6,3.6,0,6,0,0,0,13,0,176,0,0,628,2176,0.98767,N,wayback_companylist,1.0387,1.0548,243,7,0,9,0,0,N,N,N
2013-12-13,2176,1355,1010,20M-50M,6,0.96459,35,2446,226,18,1,28,4,1006,1010,10M-20M,250,300,250,300,0,0,6,821,241,0,0,0,8,4,7,5,3,0,0,0,0,5.27,3.59,3.59,3.59,0,6,0,0,0,12,0,175,0,0,628,2175,0.98792,N,wayback_companylist,1.05,1.051,243,7,0,6,0,0,N,N,N
2013-12-20,2173,1355,1023,20M-50M,6,0.96558,42,2443,226,18,1,28,4,1023,1023,10M-20M,250,300,250,300,0,0,2,818,250,0,0,0,7,5,5,3,3,0,0,0,0,4.32,2.65,2.65,2.65,0,6,0,0,0,10,0,175,0,0,627,2172,0.98894,N,wayback_companylist,1.07,1.0549,243,7,0,3,0,0,N,N,N
2013-12-27,2169,1353,1030,20M-50M,6,0.96576,49,2438,225,18,1,28,4,1030,1030,10M-20M,250,300,250,300,0,0,2,815,250,0,0,0,6,4,5,3,3,0,0,0,0,4.1,2.42,2.42,2.42,0,6,0,0,0,9,0,175,0,0,625,2168,0.98913,N,wayback_companylist,1.0449,1.0512,243,6,0,0,1,0,N,N,N
2014-01-03,2167,1353,1027,20M-50M,6,0.966,56,2435,224,18,1,28,4,1027,1027,10M-20M,250,300,250,300,0,0,1,814,250,0,0,0,6,4,5,3,3,0,0,0,0,4.67,3.07,3.07,3.07,0,6,0,0,0,9,0,175,0,0,624,2166,0.98938,N,wayback_companylist,1.0481,1.0414,244,5,0,3,1,0,N,N,N
2014-01-10,2164,1354,1036,20M-50M,6,0.9663,63,2432,224,18,1,28,4,1035,1036,10M-20M,250,300,250,300,0,0,1,811,248,0,0,0,6,4,5,3,3,0,0,0,0,4.29,2.7,2.7,2.7,0,6,0,0,0,8,0,175,1,0,621,2163,0.98952,N,wayback_companylist,1.0321,1.0453,245,4,0,26,1,0,N,N,N
2014-01-17,2162,1354,1040,20M-50M,6,0.96659,70,2429,223,18,1,28,4,1039,1039,10M-20M,250,300,250,300,0,0,1,808,249,0,0,0,6,4,5,3,3,0,0,0,0,4.39,2.79,2.79,2.79,0,6,0,0,0,7,0,175,0,0,620,2161,0.98981,N,wayback_companylist,1.0106,1.0278,245,3,0,35,1,0,N,N,N
2014-01-24,2175,1361,1040,20M-50M,6,0.96692,2,2445,224,19,1,29,3,1040,1040,10M-20M,250,300,250,300,1,0,1,814,248,0,0,0,5,3,5,3,3,0,0,0,0,4.54,2.95,2.95,2.95,0,6,0,0,0,7,0,180,0,0,621,2175,0.98973,N,wayback_companylist,1.0515,1.0678,244,6,0,40,0,0,N,N,N
2014-01-31,2179,1363,1040,20M-50M,6,0.96682,9,2449,224,19,1,29,3,1036,1036,10M-20M,249,299,249,299,1,1,5,814,245,0,0,0,5,3,5,3,3,0,0,0,0,4.54,2.95,2.95,2.95,0,6,0,0,0,7,0,180,0,0,621,2178,0.98963,N,wayback_companylist,1.0565,1.0537,244,6,0,61,1,0,N,N,N
2014-02-07,2179,1365,1030,20M-50M,6,0.96686,16,2450,225,19,1,29,3,1024,1024,10M-20M,250,300,250,300,0,0,7,814,242,0,0,0,5,3,5,3,3,0,0,0,0,4.54,2.95,2.95,2.95,0,6,0,0,0,8,0,180,0,0,620,2179,0.98967,N,wayback_companylist,1.0287,1.0392,245,5,0,63,1,0,N,N,N
2014-02-14,2176,1369,1044,20M-50M,6,0.96923,23,2447,225,19,1,29,3,1034,1038,10M-20M,250,300,250,300,0,0,10,807,243,0,0,0,4,2,4,2,3,0,0,0,0,3.68,2.09,2.09,2.09,0,6,0,0,0,7,0,180,0,0,614,2176,0.99208,N,wayback_companylist,1.0494,1.0296,245,5,0,53,1,0,N,N,N
2014-02-21,2173,1370,1048,20M-50M,6,0.96961,30,2444,225,19,1,29,3,1037,1043,10M-20M,250,300,250,300,0,0,11,803,243,0,0,0,4,2,4,2,3,0,0,0,0,3.56,1.96,1.96,1.96,0,6,0,0,0,7,0,179,0,0,611,2173,0.99247,N,wayback_companylist,1.0409,1.0262,245,5,0,47,1,0,N,N,N
2014-02-28,2172,1372,1056,20M-50M,6,0.97012,37,2443,225,19,1,29,3,1043,1053,10M-20M,250,300,250,300,0,0,12,801,245,0,0,0,4,2,4,2,3,0,0,0,0,3.65,2.06,2.06,2.06,0,6,0,0,0,7,0,179,0,0,609,2172,0.99297,N,wayback_companylist,1.0307,1.0158,245,5,0,48,0,0,N,N,N
2014-03-07,2183,1377,1068,20M-50M,6,0.97124,3,2458,226,21,1,30,3,1058,1066,10M-20M,250,300,250,300,0,0,19,797,244,0,0,0,4,2,4,2,3,0,0,0,0,3.55,1.96,1.96,1.96,0,6,0,0,0,7,0,184,0,0,600,2183,0.99309,N,wayback_companylist,1.0343,1.0364,244,6,0,10,0,0,N,N,N
2014-03-14,2185,1378,1070,20M-50M,6,0.97123,10,2460,226,21,1,30,3,1060,1067,20M-50M,250,300,250,300,0,1,14,802,245,0,0,0,4,2,4,2,3,0,0,0,0,3.55,1.96,1.96,1.96,0,6,0,0,0,7,0,185,0,0,604,2184,0.99313,N,wayback_companylist,1.0536,1.0454,244,6,0,7,0,0,N,N,N
2014-03-21,2188,1382,1072,20M-50M,6,0.97124,17,2464,226,22,1,30,3,1063,1067,20M-50M,250,300,250,300,0,1,10,805,250,0,0,0,4,2,4,2,3,0,0,0,0,3.65,2.06,2.06,2.06,0,6,0,0,0,7,0,186,0,0,606,2187,0.99331,N,wayback_companylist,1.0555,1.0366,244,6,0,5,0,0,N,N,N
2014-03-28,2198,1389,1066,20M-50M,6,0.97138,3,2473,225,22,1,30,3,1057,1061,20M-50M,250,300,250,300,0,0,14,806,248,0,0,0,3,1,3,1,2,0,0,0,0,2.67,1.08,1.08,1.08,0,6,0,0,0,5,0,186,0,0,609,2198,0.99344,N,wayback_symdir,1.0712,1.0303,242,8,0,6,0,0,N,N,N
2014-04-04,2200,1390,1064,20M-50M,6,0.97148,10,2474,224,22,1,30,3,1057,1062,20M-50M,250,300,250,300,0,2,14,805,247,0,0,0,3,1,3,1,2,0,0,0,0,2.67,1.08,1.08,1.08,0,6,0,0,0,5,0,187,0,0,607,2198,0.99344,N,wayback_symdir,1.0684,1.0615,242,8,0,6,0,0,N,N,N
2014-04-11,2201,1394,1047,20M-50M,6,0.9715,17,2473,222,22,1,30,3,1037,1044,20M-50M,250,300,250,300,0,0,15,806,244,0,0,0,3,1,3,1,2,0,1,1,0,2.67,1.08,1.08,2.08,0,6,0,0,0,5,0,188,1,0,606,2200,0.99347,N,wayback_symdir,1.0611,1.0302,243,7,0,12,0,0,N,N,N
2014-04-17,2205,1398,1058,20M-50M,6,0.97154,23,2477,222,22,1,30,3,1047,1052,20M-50M,250,300,250,300,0,0,17,806,243,0,0,0,3,1,3,1,2,0,1,1,0,1.88,1.08,1.08,2.08,0,6,0,0,0,5,0,188,1,0,606,2204,0.99348,N,wayback_symdir,1.0684,1.0594,243,7,0,34,0,0,N,N,N
2014-04-25,2204,1397,1051,20M-50M,6,0.97164,31,2476,222,22,1,30,3,1042,1047,20M-50M,250,300,250,300,0,2,11,806,241,0,0,0,3,1,3,1,2,0,1,1,0,1.88,1.08,1.08,2.08,0,6,0,0,0,5,0,189,1,0,605,2201,0.99355,N,wayback_symdir,1.0719,1.065,243,7,0,91,0,0,N,N,N
2014-05-02,2203,1399,1045,20M-50M,6,0.97198,38,2475,222,22,1,30,3,1038,1045,20M-50M,250,300,250,300,0,3,10,802,240,0,0,0,3,1,3,1,2,0,1,1,0,1.88,1.08,1.08,2.08,0,6,0,0,0,5,0,189,1,0,601,2199,0.99354,N,wayback_symdir,1.0276,1.0663,243,7,0,97,0,0,N,N,N
2014-05-09,2203,1401,1038,20M-50M,6,0.972,45,2473,220,22,1,30,3,1029,1036,20M-50M,250,300,245,294,0,2,11,801,235,0,0,0,3,1,3,1,2,0,1,1,0,1.78,0.98,0.98,1.98,0,6,0,0,0,5,0,189,1,0,600,2200,0.99355,N,wayback_symdir,1.0456,1.0673,244,6,0,75,1,0,N,N,N
2014-05-16,2198,1401,1036,20M-50M,6,0.97254,52,2468,220,22,1,30,3,1029,1032,20M-50M,250,300,250,300,0,0,9,798,229,0,0,0,2,0,2,0,2,0,0,0,0,1.14,0.35,0.35,0.35,0,6,0,0,0,4,0,190,1,0,597,2197,0.9946,N,wayback_symdir,1.048,1.0584,244,5,0,11,0,0,N,N,Y
2014-05-23,2198,1402,1049,20M-50M,6,0.97256,59,2468,220,22,1,30,3,1044,1046,20M-50M,250,300,250,300,0,0,5,798,231,0,0,0,2,0,2,0,2,0,1,1,0,1.14,0.35,0.35,1.35,0,6,0,0,0,4,0,190,2,0,596,2196,0.99459,N,wayback_symdir,1.0396,1.045,244,5,0,12,1,0,N,N,N
2014-05-30,2198,1404,1052,20M-50M,6,0.97307,66,2468,220,22,1,30,3,1047,1050,20M-50M,250,300,250,299,0,1,6,795,233,0,0,0,2,0,2,0,2,0,0,0,0,1.14,0.35,0.35,0.35,0,6,0,0,0,4,0,189,1,0,595,2195,0.99463,N,wayback_symdir,1.0579,1.0262,244,5,0,5,1,0,N,N,Y
2014-06-06,2216,1411,1068,20M-50M,8,0.97213,1,2493,226,21,1,31,4,1062,1065,20M-50M,250,300,250,300,0,0,8,803,240,0,0,0,3,0,3,1,0,0,0,0,0,1.94,1.14,0.35,1.14,0,8,0,0,0,7,0,193,2,0,593,2216,0.99273,N,wayback_companylist,1.0594,1.0658,243,7,0,7,1,0,N,N,N
2014-06-13,2217,1415,1080,20M-50M,8,0.97334,8,2494,226,21,1,31,4,1072,1075,10M-20M,250,300,250,300,0,0,8,802,239,0,0,0,3,0,3,1,0,0,0,0,0,2.01,1.21,0.38,1.21,0,8,0,0,0,7,0,193,2,0,592,2217,0.99388,N,wayback_companylist,1.0388,1.0237,244,6,0,6,1,0,N,N,N
2014-06-20,2220,1420,1086,20M-50M,8,0.9734,15,2497,226,21,1,31,4,1077,1081,10M-20M,250,300,250,299,0,2,12,798,240,0,0,0,3,0,3,1,0,0,0,0,1,1.94,1.14,0.35,1.14,0,8,0,0,0,7,0,193,1,0,589,2218,0.99388,N,wayback_companylist,1.0576,1.0243,244,6,0,4,1,0,N,N,N
2014-06-27,2221,1421,1088,20M-50M,8,0.97354,22,2498,226,21,1,31,4,1077,1082,10M-20M,250,300,250,300,0,3,12,798,244,0,0,0,3,0,3,1,0,0,0,0,1,1.94,1.14,0.35,1.14,0,8,0,0,0,7,0,194,1,0,588,2218,0.99388,N,wayback_companylist,1.0988,1.0243,244,6,0,5,2,0,N,N,N
2014-07-03,2220,1424,1097,20M-50M,8,0.97366,28,2497,226,21,1,31,4,1086,1094,10M-20M,250,300,250,299,0,1,12,799,247,0,0,0,3,0,3,1,0,0,0,0,1,1.94,1.14,0.35,1.14,0,8,0,0,0,7,0,194,2,0,588,2219,0.99388,N,wayback_companylist,1.0467,1.0436,244,6,0,7,2,0,N,N,N
2014-07-11,2227,1429,1093,20M-50M,8,0.97473,0,2512,234,21,1,31,5,1082,1090,10M-20M,250,300,250,300,0,1,15,798,237,0,0,0,2,0,2,0,1,0,1,1,0,1.14,0.35,0.35,1.35,0,8,0,0,0,7,0,197,1,0,585,2224,0.99513,N,wayback_symdir,1.0713,1.0403,243,7,0,12,1,0,N,N,N
2014-07-18,2230,1433,1089,20M-50M,7,0.97475,7,2515,234,21,1,31,5,1078,1086,10M-20M,250,300,250,300,0,1,17,795,234,0,0,0,1,0,1,0,1,0,1,1,0,1.02,0.22,0.22,1.22,0,7,0,0,0,6,0,197,1,0,584,2226,0.99515,N,wayback_symdir,1.0361,1.0624,243,7,0,35,4,1,N,N,N
2014-07-25,2232,1438,1087,20M-50M,7,0.97483,14,2517,234,21,1,31,5,1076,1080,10M-20M,250,300,248,298,0,3,16,792,230,0,0,0,1,0,1,0,1,0,1,1,0,1.02,0.22,0.22,1.22,0,7,0,0,0,6,0,197,1,0,581,2226,0.99516,N,wayback_symdir,1.0255,1.0797,244,6,0,86,2,1,N,N,N
2014-08-01,2233,1437,1073,20M-50M,7,0.97339,21,2516,232,21,1,31,5,1062,1067,10M-20M,249,299,249,299,0,2,15,793,227,0,0,0,2,1,2,1,1,0,1,1,1,1.78,0.98,0.95,1.98,0,7,0,0,0,6,0,197,2,0,581,2228,0.99372,N,wayback_symdir,1.0485,1.0371,244,6,0,94,2,1,N,N,N
2014-08-08,2233,1439,1082,20M-50M,7,0.97338,28,2516,232,21,1,31,5,1071,1079,10M-20M,250,300,249,299,0,1,14,793,225,0,0,0,2,1,2,1,1,0,1,1,0,1.97,1.17,1.17,2.17,0,7,0,0,0,7,0,197,0,0,582,2229,0.99371,N,wayback_symdir,1.0407,1.0372,245,5,0,66,1,1,N,N,N
2014-08-15,2243,1443,1086,20M-50M,7,0.97498,2,2531,236,22,1,31,4,1074,1084,10M-20M,250,300,249,299,0,1,19,794,226,0,0,0,2,0,2,1,0,0,0,0,0,1.85,1.05,0.22,1.05,0,7,0,0,0,7,0,198,1,0,581,2242,0.9941,N,wayback_companylist,1.0413,1.049,244,6,0,19,1,0,N,N,N
2014-08-22,2243,1442,1091,20M-50M,7,0.97511,9,2531,236,22,1,31,4,1083,1090,10M-20M,250,300,250,300,0,3,13,794,231,0,0,0,2,0,2,1,0,0,0,0,0,1.85,1.05,0.22,1.05,0,7,0,0,0,7,0,198,1,0,581,2240,0.99411,N,wayback_companylist,1.0542,1.0668,244,6,0,13,1,0,N,N,N
2014-08-29,2238,1444,1103,20M-50M,7,0.97515,16,2526,236,22,1,31,4,1097,1101,10M-20M,250,300,250,300,0,0,8,793,231,0,0,0,2,0,2,1,0,0,0,0,1,1.81,1.02,0.22,1.02,0,7,0,0,0,7,0,200,2,0,577,2238,0.99414,N,wayback_companylist,1.0201,1.0323,244,6,0,6,2,0,N,N,N
2014-09-05,2237,1444,1098,20M-50M,7,0.97519,23,2526,237,22,1,31,4,1094,1096,10M-20M,250,300,250,300,0,0,4,794,231,0,0,0,2,0,2,1,0,0,0,0,1,1.85,1.05,0.22,1.05,0,7,0,0,0,7,0,200,2,0,578,2237,0.99424,N,wayback_companylist,1.0328,1.0365,244,6,0,5,2,0,N,N,N
2014-09-12,2242,1444,1103,20M-50M,8,0.97533,2,2532,238,22,1,31,4,1100,1103,10M-20M,250,300,250,300,1,0,2,799,233,0,0,0,2,0,2,1,0,0,0,0,1,1.82,1.02,0.22,1.02,0,8,0,0,0,7,0,200,2,0,582,2242,0.99402,N,wayback_companylist,1.027,1.0564,244,6,0,3,3,0,N,N,N
2014-09-19,2243,1444,1094,20M-50M,8,0.97533,9,2533,238,22,1,31,4,1091,1093,10M-20M,250,300,250,300,0,1,2,799,233,0,0,0,1,0,1,0,0,0,0,0,0,1.02,0.22,0.22,0.22,0,8,0,0,0,7,0,201,1,0,582,2242,0.99403,N,wayback_companylist,1.0307,1.0424,243,7,0,5,4,1,N,N,Y
2014-09-26,2246,1447,1088,20M-50M,8,0.97587,5,2539,241,22,1,31,4,1084,1086,10M-20M,250,300,250,300,0,1,5,798,226,0,0,0,1,0,1,0,0,0,1,1,0,1.02,0.22,0.22,1.22,0,8,0,0,0,6,0,202,1,0,581,2244,0.99423,N,wayback_companylist,1.0485,1.0584,243,7,0,5,3,1,N,N,N
2014-10-03,2247,1448,1085,20M-50M,8,0.97595,12,2540,241,22,1,31,4,1082,1083,10M-20M,249,299,249,299,0,4,6,794,220,0,0,0,1,0,1,0,0,0,1,1,0,1.02,0.22,0.22,1.22,0,8,0,0,0,6,0,202,0,0,578,2242,0.99423,N,wayback_companylist,1.0446,1.048,242,8,0,5,4,2,N,N,N
2014-10-10,2246,1451,1060,20M-50M,8,0.97596,19,2538,240,22,1,31,4,1054,1056,10M-20M,250,300,248,298,0,3,7,794,215,0,0,0,3,0,3,2,0,0,1,1,0,1.81,1.02,0.22,2.02,0,8,0,0,0,6,0,202,2,0,576,2242,0.99424,N,wayback_companylist,1.026,1.0718,242,8,0,10,1,1,N,N,N
2014-10-17,2243,1448,1067,20M-50M,8,0.97474,26,2535,240,22,1,31,4,1060,1063,10M-20M,250,300,250,300,0,2,5,795,216,0,0,0,5,0,5,4,0,0,1,1,0,3.4,2.61,0.22,3.61,0,8,0,0,2,6,0,203,3,0,573,2240,0.99299,N,wayback_companylist,1.0305,1.0573,243,7,0,32,1,1,N,N,N
2014-10-24,2241,1448,1074,20M-50M,9,0.97452,33,2534,241,22,1,31,4,1066,1072,10M-20M,250,300,250,300,0,1,5,795,216,0,0,0,6,0,6,4,0,0,1,1,1,3.43,2.64,0.25,3.64,0,9,0,0,3,6,0,203,3,0,571,2239,0.99275,N,wayback_companylist,1.0476,1.0443,243,7,0,86,1,1,N,N,N
2014-10-31,2239,1449,1086,20M-50M,9,0.97451,40,2532,241,22,1,31,4,1079,1084,20M-50M,250,300,250,300,0,0,5,793,220,0,0,0,6,0,6,4,0,0,0,0,1,3.43,2.64,0.25,2.64,0,9,0,0,3,6,0,203,3,0,569,2239,0.99275,N,wayback_companylist,1.0364,1.0396,243,7,0,101,0,0,N,N,N
2014-11-07,2244,1455,1094,20M-50M,9,0.97293,47,2537,241,22,1,31,4,1081,1086,20M-50M,249,299,249,299,0,3,11,788,221,0,0,0,6,0,6,4,0,0,0,0,1,3.5,2.7,0.28,2.7,0,9,0,0,3,6,0,202,3,0,565,2241,0.99108,N,wayback_companylist,1.0367,1.0449,244,6,0,68,2,0,N,N,N
2014-11-14,2241,1459,1099,20M-50M,9,0.973,54,2534,241,22,1,31,4,1086,1090,20M-50M,250,300,250,300,0,2,14,782,223,0,0,0,5,1,5,3,0,0,0,0,0,3.58,2.79,1.19,2.79,0,9,0,0,3,7,0,202,1,0,560,2239,0.99114,N,wayback_companylist,1.0492,1.0634,242,8,0,11,3,1,N,N,N
2014-11-21,2255,1469,1101,20M-50M,9,0.97615,0,2559,248,25,1,31,4,1085,1095,20M-50M,250,300,250,300,0,0,20,784,222,0,0,0,2,0,2,0,0,0,0,0,0,1.05,0.25,0.22,0.25,0,9,0,0,0,6,0,202,0,0,567,2255,0.99369,N,wayback_companylist,1.0374,1.0436,243,7,0,16,3,1,N,N,Y
2014-11-28,2255,1469,1105,20M-50M,9,0.97615,7,2559,248,25,1,31,4,1090,1101,20M-50M,250,300,250,300,0,0,19,784,225,0,0,0,2,0,2,0,0,0,0,0,0,1.05,0.25,0.22,0.25,0,9,0,0,0,6,0,202,0,0,567,2255,0.99364,N,wayback_companylist,1.0267,1.0286,244,6,0,4,3,1,N,N,Y
2014-12-05,2253,1470,1103,20M-50M,9,0.97613,14,2557,248,25,1,31,4,1088,1101,20M-50M,250,300,249,299,0,1,19,782,223,0,0,0,2,0,2,0,0,0,0,0,0,1.05,0.25,0.22,0.25,0,9,0,0,0,6,0,202,0,0,565,2252,0.99365,N,wayback_companylist,1.0406,1.0632,243,7,0,9,2,0,N,N,Y
2014-12-12,2254,1470,1102,20M-50M,9,0.97612,21,2557,247,25,1,31,4,1092,1098,20M-50M,249,299,249,298,0,3,12,782,221,0,0,0,2,0,2,0,0,0,0,0,0,1.05,0.25,0.22,0.25,0,9,0,0,0,6,0,202,1,0,564,2251,0.99367,N,wayback_companylist,1.056,1.0446,243,7,0,4,2,0,N,N,N
2014-12-19,2253,1470,1109,20M-50M,9,0.97623,28,2557,247,26,1,31,4,1100,1106,20M-50M,250,300,250,300,0,4,8,781,221,0,0,0,2,0,2,0,0,0,0,0,0,1.08,0.28,0.25,0.28,0,9,0,0,0,7,0,202,1,0,562,2249,0.99367,N,wayback_companylist,1.0407,1.0514,243,7,0,3,4,0,N,N,Y
2014-12-26,2250,1469,1114,20M-50M,9,0.97705,35,2554,247,26,1,31,4,1105,1112,20M-50M,250,300,250,300,0,4,6,781,224,0,0,0,2,0,2,0,0,0,0,0,0,1.11,0.31,0.28,0.31,0,9,0,0,0,7,0,203,1,0,561,2246,0.99445,N,wayback_companylist,1.0478,1.0669,243,7,0,0,5,0,N,N,Y
2015-01-02,2247,1469,1111,20M-50M,9,0.97703,42,2551,247,26,1,31,4,1104,1108,20M-50M,250,300,248,298,0,2,5,780,225,0,0,0,2,0,2,0,0,0,0,0,0,1.08,0.45,0.43,0.45,0,9,0,0,0,6,0,203,1,0,561,2245,0.99444,N,wayback_companylist,1.0535,1.0598,242,7,0,1,4,0,N,N,Y
2015-01-09,2245,1467,1108,20M-50M,9,0.97715,49,2549,247,26,1,31,4,1103,1107,20M-50M,250,300,249,299,0,3,3,777,219,0,0,0,3,1,3,1,0,0,0,0,0,1.26,0.63,0.61,0.63,0,9,0,0,0,6,0,203,1,0,558,2242,0.99436,N,wayback_companylist,1.0827,1.0509,241,8,0,27,5,0,N,N,N
2015-01-16,2251,1473,1107,20M-50M,9,0.97743,0,2559,251,26,1,31,4,1102,1107,20M-50M,250,300,249,299,0,1,5,777,218,0,0,0,3,1,3,1,0,0,0,0,1,1.26,0.63,0.61,0.63,0,9,0,0,0,6,0,204,1,0,557,2250,0.99429,N,wayback_symdir,1.0712,1.069,240,10,0,27,3,0,N,N,N
2015-01-23,2248,1471,1101,20M-50M,9,0.97741,3,2556,251,26,1,31,4,1098,1101,20M-50M,250,300,249,299,0,1,2,778,217,0,0,0,3,1,3,1,0,0,0,0,1,1.26,0.63,0.61,0.63,0,9,0,0,0,6,0,205,1,0,557,2247,0.99429,N,wayback_companylist,1.0629,1.079,240,10,0,38,3,0,N,N,N
2015-01-30,2251,1473,1104,20M-50M,8,0.97747,10,2559,251,26,1,31,4,1100,1101,20M-50M,250,300,249,299,0,4,4,775,215,0,0,0,2,1,2,1,0,0,0,0,1,1.26,0.63,0.61,0.63,0,8,0,0,0,6,0,205,1,0,555,2247,0.99429,N,wayback_companylist,1.0861,1.0868,240,10,0,63,2,0,N,N,N
2015-02-06,2249,1473,1109,20M-50M,8,0.97759,17,2557,251,26,1,31,4,1105,1105,20M-50M,250,300,250,299,0,5,5,771,216,0,0,0,1,0,1,0,0,0,0,0,0,0.77,0.13,0.12,0.13,0,8,0,0,0,6,0,205,0,0,552,2244,0.99431,N,wayback_companylist,1.0483,1.0743,240,10,0,54,2,0,N,N,Y
2015-02-13,2253,1474,1111,20M-50M,8,0.97758,5,2560,250,25,1,31,4,1107,1110,20M-50M,250,300,250,300,0,4,13,767,219,0,0,0,1,0,1,0,0,0,0,0,0,0.77,0.13,0.12,0.13,0,8,0,0,0,6,0,205,0,0,548,2249,0.99423,N,wayback_companylist,1.0634,1.0618,240,10,0,56,3,0,N,N,Y
2015-02-20,2252,1475,1115,20M-50M,8,0.97759,12,2558,249,25,1,31,4,1111,1115,20M-50M,250,300,250,300,0,3,13,767,218,0,0,0,1,0,1,0,0,0,0,0,0,0.77,0.13,0.12,0.13,0,8,0,0,0,6,0,206,0,0,547,2249,0.99423,N,wayback_companylist,1.0608,1.0936,239,11,0,49,3,0,N,N,Y
2015-02-27,2248,1474,1116,20M-50M,8,0.97773,19,2553,248,25,1,31,4,1111,1115,20M-50M,249,299,248,298,0,3,10,768,219,0,0,0,1,0,1,0,0,0,0,0,0,0.77,0.13,0.12,0.13,0,8,0,0,0,6,0,207,0,0,547,2245,0.99437,N,wayback_companylist,1.0599,1.0622,239,11,0,55,1,0,N,N,N
2015-03-06,2251,1477,1121,20M-50M,8,0.97772,1,2556,250,23,1,31,3,1118,1120,20M-50M,250,300,250,300,0,0,6,772,219,0,0,0,1,0,1,0,0,0,0,0,0,0.77,0.13,0.12,0.13,0,8,0,0,0,6,0,209,1,0,548,2251,0.99435,N,wayback_companylist,1.0738,1.0504,238,12,0,10,2,0,N,N,Y
2015-03-13,2251,1477,1118,20M-50M,8,0.97779,8,2557,250,24,1,31,3,1115,1117,20M-50M,250,300,249,299,0,3,4,772,216,0,0,0,1,0,1,0,0,0,0,0,0,0.77,0.14,0.12,0.14,0,8,0,0,0,6,0,209,2,0,547,2248,0.99434,N,wayback_companylist,1.0984,1.0514,238,12,0,5,1,0,N,N,Y
2015-03-20,2249,1477,1121,20M-50M,8,0.97791,15,2555,250,24,1,31,3,1118,1120,20M-50M,250,300,250,300,0,3,1,772,216,0,0,0,1,0,1,0,0,0,0,0,0,0.8,0.16,0.15,0.16,0,8,0,0,0,7,0,210,2,0,545,2246,0.99436,N,wayback_companylist,1.0874,1.0422,238,12,0,6,1,0,N,N,Y
2015-03-27,2250,1477,1122,20M-50M,8,0.97789,0,2560,253,25,1,31,3,1118,1120,20M-50M,250,300,250,300,0,0,2,773,216,0,0,0,2,1,2,1,0,0,0,0,1,1.73,1.1,1.1,1.1,0,8,0,0,0,7,0,210,3,0,545,2250,0.99432,N,wayback_symdir,1.0844,1.0432,240,10,0,5,2,0,N,N,N
2015-04-02,2249,1475,1120,20M-50M,8,0.97593,3,2559,253,25,1,31,3,1116,1119,20M-50M,250,300,249,299,0,1,2,774,219,0,0,0,2,1,2,1,0,0,0,0,1,1.73,1.1,1.1,1.1,0,8,0,0,0,6,0,212,3,0,545,2248,0.99236,N,wayback_companylist,1.0657,1.0765,240,10,0,5,2,0,N,N,N
2015-04-10,2245,1474,1120,20M-50M,9,0.97594,0,2558,256,25,1,31,3,1118,1120,20M-50M,250,300,250,300,0,0,3,770,223,0,0,0,3,1,3,1,0,0,0,0,0,1.73,1.1,1.1,1.1,0,9,0,0,0,7,0,212,1,0,541,2245,0.99237,N,wayback_companylist,1.041,1.0674,242,8,0,12,2,0,N,N,N
2015-04-17,2251,1478,1124,20M-50M,9,0.9756,7,2564,256,25,1,31,3,1116,1118,20M-50M,250,300,250,300,0,1,9,769,219,0,0,0,3,1,3,1,0,0,0,0,0,1.73,1.1,1.1,1.1,0,9,0,0,0,7,0,212,1,0,540,2250,0.992,N,wayback_companylist,1.0439,1.0713,243,7,0,26,2,0,N,N,N
2015-04-24,2252,1479,1129,20M-50M,10,0.9756,14,2565,256,25,1,31,3,1121,1122,20M-50M,250,300,250,300,0,1,9,771,222,0,0,0,3,1,3,1,0,0,0,0,0,1.78,1.12,1.12,1.12,0,10,0,0,0,8,0,212,0,0,541,2251,0.99202,N,wayback_companylist,1.0476,1.0591,243,7,0,78,3,1,N,N,N
2015-05-01,2253,1480,1120,20M-50M,10,0.97567,21,2566,256,25,1,31,3,1112,1119,20M-50M,249,299,249,299,0,5,10,768,217,0,0,0,3,1,3,1,0,0,0,0,0,1.78,1.12,1.12,1.12,0,10,0,0,0,8,0,212,0,0,538,2248,0.99203,N,wayback_companylist,1.0482,1.0387,243,7,0,105,3,1,N,N,N
2015-05-08,2252,1480,1115,20M-50M,10,0.97689,2,2563,254,25,1,31,3,1107,1114,20M-50M,250,300,250,300,0,1,13,768,212,0,0,0,2,0,2,0,0,0,0,0,0,1.06,0.43,0.43,0.43,0,10,0,0,0,8,0,213,0,0,537,2251,0.99265,N,wayback_companylist,1.041,1.0498,243,7,0,70,2,1,N,N,Y
2015-05-15,2254,1481,1116,20M-50M,10,0.97689,9,2566,255,25,1,31,3,1108,1116,20M-50M,250,300,250,300,0,1,14,769,211,0,0,0,3,1,3,1,0,0,0,0,0,1.3,0.66,0.66,0.66,0,10,0,0,0,8,0,213,0,0,538,2253,0.99265,N,wayback_companylist,1.0305,1.0779,242,8,0,19,2,1,N,N,N
2015-05-22,2258,1482,1117,20M-50M,10,0.97679,0,2572,257,25,1,31,3,1114,1117,20M-50M,250,300,250,300,0,0,14,768,209,0,0,0,3,1,3,1,0,0,0,0,0,1.3,0.66,0.66,0.66,0,10,0,0,0,8,0,213,0,0,537,2258,0.99255,N,wayback_companylist,1.0337,1.0737,242,8,0,18,0,0,N,N,N
2015-05-29,2258,1481,1115,20M-50M,10,0.97672,7,2572,257,25,1,31,3,1112,1115,20M-50M,249,299,249,299,0,1,13,769,210,0,0,0,2,0,2,0,0,0,0,0,0,1.09,0.46,0.46,0.46,0,10,0,0,0,8,0,213,0,0,538,2257,0.99253,N,wayback_companylist,1.0223,1.085,242,8,0,9,1,0,N,N,N
2015-06-05,2257,1481,1122,20M-50M,10,0.97681,14,2571,257,25,1,31,3,1120,1122,20M-50M,250,300,250,300,0,2,10,768,214,0,0,0,2,0,2,0,0,0,0,0,0,1.09,0.46,0.46,0.46,0,10,0,0,0,8,0,213,0,0,537,2255,0.99253,N,wayback_companylist,1.0473,1.0844,242,8,0,5,3,0,N,N,Y
2015-06-12,2261,1484,1127,20M-50M,10,0.97686,2,2579,259,26,2,31,3,1125,1125,20M-50M,250,300,250,300,0,2,8,772,214,0,0,0,2,0,2,0,0,0,0,0,0,1.09,0.46,0.46,0.46,0,10,0,0,0,8,0,216,0,0,538,2258,0.99252,N,wayback_companylist,1.0353,1.0859,242,8,0,4,3,0,N,N,Y
2015-06-19,2262,1487,1136,20M-50M,10,0.97753,9,2580,259,26,2,31,3,1132,1132,20M-50M,250,300,250,300,0,1,5,774,218,0,0,0,2,0,2,0,0,0,0,0,0,1.09,0.46,0.46,0.46,0,10,0,0,0,8,0,216,0,0,540,2260,0.9932,N,wayback_companylist,1.0324,1.0552,242,8,0,1,3,0,N,N,Y
2015-06-26,2274,1495,1129,20M-50M,10,0.97762,0,2595,263,25,2,31,4,1121,1125,20M-50M,250,300,250,300,0,0,18,772,216,0,0,0,2,0,2,0,0,0,0,0,0,1.09,0.46,0.46,0.46,0,10,0,0,0,8,0,216,0,0,538,2270,0.99313,N,wayback_symdir,1.0476,1.0468,242,8,0,3,5,0,N,N,Y
2015-07-02,2277,1498,1125,20M-50M,10,0.97769,6,2598,263,25,2,31,4,1114,1119,20M-50M,250,300,249,299,0,3,17,773,213,0,0,0,2,0,2,0,0,0,3,3,0,1.09,0.46,0.46,3.46,0,10,0,0,0,8,0,216,3,0,536,2268,0.99313,N,wayback_symdir,1.0304,1.0383,242,8,0,4,3,0,N,N,N
2015-07-10,2278,1499,1124,20M-50M,10,0.97816,14,2599,263,25,2,31,4,1110,1118,20M-50M,249,299,249,299,0,5,18,773,213,0,0,0,2,0,2,0,0,0,4,4,0,1.06,0.43,0.43,4.43,0,10,0,0,0,8,0,217,3,0,535,2267,0.9934,N,wayback_symdir,1.0406,1.0519,242,8,0,9,4,0,N,N,N
2015-07-17,2275,1501,1131,20M-50M,10,0.97818,21,2596,263,25,2,31,4,1117,1128,20M-50M,250,300,250,300,0,1,15,774,210,0,0,0,2,0,2,0,0,0,6,6,2,1.06,0.43,0.43,6.43,0,10,0,0,0,8,0,218,2,0,536,2267,0.99342,N,wayback_symdir,1.0367,1.0479,242,8,0,35,4,0,N,N,N
2015-07-24,2275,1503,1124,20M-50M,9,0.97814,28,2595,262,25,2,31,4,1111,1119,20M-50M,250,300,248,298,0,2,14,773,204,0,0,0,1,0,1,0,0,0,6,6,1,1.06,0.43,0.43,6.43,0,9,0,0,0,8,0,218,2,0,536,2266,0.99341,N,wayback_symdir,1.0469,1.0493,240,10,0,74,1,0,N,N,N
2015-07-31,2276,1502,1122,20M-50M,9,0.978,35,2596,262,25,2,31,4,1110,1118,20M-50M,249,299,249,299,0,3,11,773,209,0,0,0,1,0,1,0,0,0,6,6,0,1.06,0.43,0.43,6.43,0,9,0,0,0,8,0,218,2,0,536,2267,0.99338,N,wayback_symdir,1.0677,1.0523,240,10,0,96,2,0,N,N,N
2015-08-07,2273,1502,1107,20M-50M,9,0.97807,42,2592,261,25,2,31,4,1099,1104,20M-50M,250,300,249,299,0,4,10,768,206,0,0,0,1,0,1,0,0,0,4,4,0,1.06,0.43,0.43,4.43,0,9,0,0,0,8,0,218,0,0,533,2263,0.99338,N,wayback_symdir,1.0582,1.0641,241,9,0,74,1,0,N,N,N
2015-08-14,2290,1511,1105,20M-50M,9,0.97754,4,2612,265,24,2,31,3,1095,1101,20M-50M,250,300,250,300,0,0,19,772,204,0,0,0,1,0,1,0,0,0,3,3,0,1.06,0.43,0.43,3.43,0,9,0,0,0,8,0,221,0,0,534,2284,0.99283,N,wayback_companylist,1.0291,1.1409,241,9,0,18,1,0,N,N,N
2015-08-21,2291,1511,1098,20M-50M,9,0.97757,11,2611,264,24,2,30,3,1092,1096,20M-50M,250,300,250,300,0,2,13,775,202,0,0,0,2,1,2,1,0,0,3,3,0,1.27,0.64,0.64,3.64,0,9,0,0,0,8,0,223,0,0,535,2282,0.99284,N,wayback_companylist,1.0381,1.0949,241,9,0,10,1,0,N,N,N
2015-08-28,2289,1510,1099,20M-50M,9,0.97758,18,2608,262,25,2,30,3,1094,1099,20M-50M,250,300,249,299,0,2,9,776,204,0,0,0,1,0,1,0,0,0,4,4,0,1.09,0.46,0.46,4.46,0,9,0,0,0,9,0,224,0,0,534,2280,0.99286,N,wayback_companylist,1.0406,1.0743,240,10,0,7,0,0,N,N,N
2015-09-04,2288,1509,1093,20M-50M,9,0.97763,25,2607,262,25,2,30,3,1089,1093,20M-50M,250,300,250,300,0,3,4,776,200,0,0,0,1,0,1,0,0,0,4,4,0,1.09,0.46,0.46,4.46,0,9,0,0,0,9,0,225,0,0,533,2278,0.99285,N,wayback_companylist,1.0529,1.0677,241,9,0,4,3,0,N,N,N
2015-09-11,2286,1507,1097,20M-50M,9,0.97739,32,2605,262,25,2,30,3,1096,1097,20M-50M,250,300,250,300,0,1,2,776,199,0,0,0,1,0,1,0,0,0,4,4,0,1.09,0.46,0.46,4.46,0,9,0,0,0,9,0,225,0,0,533,2278,0.99261,N,wayback_companylist,1.0696,1.0505,241,9,0,4,5,0,N,N,N
2015-09-18,2285,1508,1098,20M-50M,9,0.97745,39,2604,262,25,2,30,3,1097,1097,20M-50M,250,300,250,300,0,1,1,776,200,0,0,0,1,0,1,0,0,0,4,4,0,1.12,0.49,0.49,4.49,0,9,0,0,0,10,0,226,0,0,531,2277,0.99264,N,wayback_companylist,1.0846,1.0491,240,10,0,3,5,0,N,N,N
2015-09-25,2283,1508,1083,20M-50M,9,0.97746,46,2602,262,25,2,30,3,1082,1082,20M-50M,250,300,250,300,0,1,1,774,194,0,0,0,1,0,1,0,0,0,4,4,0,1.12,0.49,0.49,4.49,0,9,0,0,0,10,0,226,0,0,529,2275,0.99265,N,wayback_companylist,1.0411,1.0666,241,9,0,5,5,0,N,N,N
2015-10-02,2285,1511,1079,20M-50M,9,0.9768,53,2604,262,25,2,30,3,1074,1075,20M-50M,250,300,248,297,0,3,5,773,191,0,0,0,1,0,1,0,0,0,4,4,0,1.12,0.49,0.49,4.49,0,9,0,0,0,10,0,226,0,0,528,2275,0.99199,N,wayback_companylist,1.0495,1.0688,240,10,0,6,2,0,N,N,N
2015-10-09,2287,1518,1092,20M-50M,10,0.97571,0,2609,263,27,2,30,3,1082,1083,20M-50M,250,300,250,300,0,1,9,768,193,0,0,0,3,0,3,1,0,0,3,3,0,1.47,0.84,0.49,3.84,0,10,0,0,0,10,0,228,2,0,518,2278,0.99141,N,wayback_companylist,1.0713,1.0975,238,12,0,7,0,0,N,N,N
2015-10-16,2286,1519,1095,20M-50M,10,0.97577,7,2608,263,27,2,30,3,1085,1090,20M-50M,250,300,250,300,0,1,9,767,194,0,0,0,3,0,3,1,0,0,3,3,0,1.47,0.84,0.49,3.84,0,10,0,0,0,11,0,228,2,0,516,2276,0.99141,N,wayback_companylist,1.0588,1.0982,237,13,0,31,0,0,N,N,N
2015-10-23,2282,1520,1097,20M-50M,10,0.97591,0,2608,264,30,2,30,3,1086,1095,20M-50M,250,300,250,300,0,0,13,761,193,0,0,0,3,0,3,1,0,0,2,2,1,1.47,0.84,0.49,2.84,0,10,0,0,0,11,0,228,2,0,510,2274,0.99155,N,wayback_symdir,1.083,1.142,238,12,0,80,2,0,N,N,N
2015-10-30,2282,1521,1094,20M-50M,10,0.97591,7,2608,264,30,2,30,3,1081,1093,20M-50M,250,300,250,300,0,0,14,760,191,0,0,0,3,0,3,1,0,0,2,2,1,1.47,0.84,0.49,2.84,0,10,0,0,0,11,0,228,2,0,509,2274,0.99155,N,wayback_symdir,1.0777,1.1075,239,11,0,103,1,0,N,N,N
2015-11-06,2279,1520,1105,20M-50M,10,0.97594,14,2605,264,30,2,30,3,1097,1105,20M-50M,249,299,249,299,0,1,9,758,195,0,0,0,3,0,3,1,0,0,2,2,1,1.47,0.84,0.49,2.84,0,10,0,0,0,11,0,228,2,0,507,2270,0.99158,N,wayback_symdir,1.0708,1.0857,239,11,0,80,1,0,N,N,N
2015-11-13,2279,1523,1092,20M-50M,10,0.97605,21,2605,264,30,2,30,3,1086,1089,20M-50M,250,300,250,300,0,2,7,755,186,0,0,0,2,0,2,0,0,0,2,2,0,1.12,0.49,0.49,2.49,0,10,0,0,0,13,0,228,0,0,504,2269,0.9916,N,wayback_symdir,1.0273,1.1021,241,9,0,15,2,0,N,N,N
2015-11-20,2281,1525,1096,20M-50M,10,0.97599,28,2608,265,30,2,30,3,1090,1091,20M-50M,250,300,249,299,0,2,8,754,189,0,0,0,2,0,2,0,0,0,2,2,0,1.09,0.46,0.46,2.46,0,10,0,0,0,12,0,228,0,0,504,2271,0.99156,N,wayback_symdir,1.0317,1.0912,242,8,0,14,2,0,N,N,N
2015-11-27,2280,1523,1104,20M-50M,10,0.97597,35,2606,264,30,2,30,3,1098,1102,20M-50M,250,300,250,300,0,3,7,754,192,0,0,0,3,1,3,1,0,0,2,2,0,1.32,0.69,0.69,2.69,0,10,0,0,0,12,0,228,0,0,504,2269,0.99156,N,wayback_symdir,1.0448,1.0474,242,8,0,5,4,0,N,N,N
2015-12-04,2284,1529,1099,20M-50M,11,0.97606,1,2610,265,30,2,29,3,1094,1099,20M-50M,250,300,250,300,0,0,7,754,192,0,0,0,2,0,2,0,0,0,3,3,0,1.12,0.48,0.48,3.48,0,11,0,0,0,11,0,230,0,0,502,2274,0.99164,N,wayback_companylist,1.0353,1.0695,242,8,0,10,4,0,N,N,N
2015-12-11,2281,1529,1083,20M-50M,11,0.97927,1,2612,267,32,2,30,3,1078,1083,20M-50M,250,300,250,300,0,1,8,750,179,0,0,0,2,0,2,0,0,0,0,0,0,1.07,0.43,0.43,0.43,0,11,0,0,0,11,0,231,0,0,497,2280,0.99203,N,wayback_symdir,1.0283,1.0597,241,8,0,6,5,0,N,N,Y
2015-12-18,2282,1530,1100,20M-50M,11,0.9793,8,2612,266,32,2,30,3,1097,1099,20M-50M,249,299,247,297,0,4,5,750,179,0,0,0,2,0,2,0,0,0,0,0,0,1.07,0.43,0.43,0.43,0,11,0,0,0,11,0,231,0,0,497,2278,0.99203,N,wayback_symdir,1.0706,1.0866,241,8,0,5,4,0,N,N,N
2015-12-24,2279,1528,1108,20M-50M,11,0.97931,14,2610,267,32,2,30,3,1105,1107,20M-50M,250,300,250,300,0,4,3,749,186,0,0,0,2,0,2,0,0,0,0,0,0,1.07,0.43,0.43,0.43,0,11,0,0,0,11,0,231,1,0,495,2275,0.99204,N,wayback_symdir,1.0242,1.0972,242,7,0,6,4,0,N,N,Y
2015-12-31,2275,1527,1095,20M-50M,11,0.97927,21,2605,266,32,2,30,3,1093,1095,20M-50M,249,299,249,299,0,2,2,747,184,0,0,0,2,0,2,0,0,0,0,0,0,1.07,0.43,0.43,0.43,0,11,0,0,0,10,0,231,1,0,494,2273,0.99202,N,wayback_symdir,1.037,1.0774,242,7,0,1,4,0,N,N,N
2016-01-08,2269,1536,1063,20M-50M,6,0.97962,29,2599,266,32,2,30,3,1059,1060,20M-50M,250,300,248,298,0,3,2,735,175,0,0,0,2,0,2,0,0,0,0,0,0,1.08,0.55,0.55,0.55,0,6,0,0,0,10,0,231,0,0,488,2266,0.99225,N,wayback_symdir,1.0315,1.0565,241,8,0,21,4,0,N,N,Y
2016-01-15,2265,1538,1040,20M-50M,6,0.97984,4,2598,270,31,2,30,3,1035,1040,20M-50M,250,300,249,299,0,2,2,729,171,0,0,0,3,1,3,1,0,0,0,0,1,1.99,1.46,1.46,1.46,0,6,0,0,0,10,0,231,1,0,481,2263,0.99236,N,wayback_symdir,1.0921,1.0866,241,9,0,30,3,0,N,N,N
2016-01-22,2265,1537,1044,20M-50M,6,0.97991,11,2598,270,31,2,30,3,1041,1044,20M-50M,249,299,248,298,0,6,0,727,173,0,0,0,2,0,2,0,0,0,0,0,0,1.08,0.55,0.55,0.55,0,6,0,0,0,10,0,231,0,0,480,2259,0.99235,N,wayback_symdir,1.104,1.0966,241,9,0,27,2,0,N,N,N
2016-01-29,2252,1532,1041,20M-50M,6,0.97986,0,2587,271,31,2,31,3,1038,1041,20M-50M,250,300,250,299,0,1,0,722,171,0,0,0,2,0,2,0,0,0,0,0,0,1.08,0.54,0.54,0.54,0,6,0,0,0,10,0,231,0,0,475,2251,0.99237,N,wayback_companylist,1.105,1.0841,240,10,0,68,1,0,N,N,Y
2016-02-05,2251,1531,1023,20M-50M,6,0.97983,0,2586,271,31,2,31,3,1019,1021,20M-50M,250,300,250,300,0,1,2,721,169,0,0,0,2,0,2,0,0,0,0,0,0,1.8,0.73,0.73,0.73,0,6,0,0,0,10,0,231,0,0,474,2250,0.99235,N,wayback_companylist,1.0969,1.1042,241,9,0,61,2,0,N,N,Y
2016-02-12,2245,1531,1015,20M-50M,4,0.97988,0,2580,271,31,2,31,3,1012,1012,20M-50M,250,300,250,300,0,0,5,712,168,0,0,0,2,0,2,0,0,0,0,0,0,1.99,0.92,0.92,0.92,0,4,0,0,0,10,0,231,0,0,467,2245,0.99234,N,wayback_companylist,1.0705,1.0969,241,9,0,64,2,0,N,N,Y
2016-02-19,2243,1532,1031,20M-50M,4,0.98,0,2578,271,31,2,31,3,1027,1029,20M-50M,250,300,250,300,0,0,5,710,169,0,0,0,2,0,2,0,0,0,0,0,0,1.99,0.92,0.92,0.92,0,4,0,0,0,10,0,231,0,0,465,2243,0.99234,N,wayback_companylist,1.0702,1.0996,240,10,0,42,2,0,N,N,Y
2016-02-26,2243,1532,1034,20M-50M,4,0.97998,0,2577,270,31,2,31,3,1030,1033,20M-50M,250,300,250,300,0,1,5,708,172,0,0,0,2,0,2,0,0,0,0,0,0,1.77,0.7,0.7,0.7,0,4,0,0,0,10,0,231,0,0,463,2242,0.99234,N,wayback_companylist,1.085,1.1223,240,10,0,54,1,0,N,N,Y
2016-03-04,2246,1533,1037,20M-50M,4,0.98001,7,2578,268,31,2,31,3,1033,1036,20M-50M,249,299,248,298,0,5,6,707,172,0,0,0,2,0,2,0,0,0,0,0,0,1.77,0.7,0.7,0.7,0,4,0,0,0,10,0,231,0,0,462,2241,0.99233,N,wayback_companylist,1.0405,1.1004,241,9,0,13,0,0,N,N,N
2016-03-11,2238,1532,1046,20M-50M,4,0.98006,0,2571,269,31,2,31,3,1044,1045,20M-50M,250,300,250,300,0,1,4,703,174,0,0,0,2,0,2,0,0,0,0,0,0,1.76,0.69,0.69,0.69,0,4,0,0,0,10,0,231,0,0,458,2237,0.99234,N,wayback_symdir,1.0736,1.0589,242,8,0,5,0,0,N,N,Y
2016-03-18,2241,1534,1053,20M-50M,4,0.98001,2,2572,267,31,2,31,3,1051,1052,20M-50M,250,300,250,300,0,1,2,706,178,0,0,0,3,1,3,1,0,0,0,0,0,2.57,1.5,1.5,1.5,0,4,0,0,0,10,0,231,1,0,460,2240,0.99235,N,wayback_companylist,1.0602,1.0961,241,9,0,4,0,0,N,N,N
2016-03-24,2240,1535,1048,20M-50M,4,0.98002,0,2571,267,31,2,31,3,1045,1046,20M-50M,250,300,250,300,0,0,3,705,173,0,0,0,3,1,3,1,0,0,0,0,0,2.57,1.5,1.5,1.5,0,4,0,0,0,10,0,231,1,0,459,2240,0.99235,N,wayback_companylist,1.092,1.0931,242,8,0,6,0,0,N,N,N
2016-04-01,2240,1535,1060,20M-50M,4,0.98002,8,2571,267,31,2,31,3,1057,1059,20M-50M,250,300,250,300,0,1,3,705,178,0,0,0,3,1,3,1,0,0,0,0,1,2.57,1.5,1.5,1.5,0,4,0,0,0,10,0,231,1,0,459,2239,0.99235,N,wayback_companylist,1.1263,1.0776,241,9,0,8,0,0,N,N,N
2016-04-08,2240,1534,1068,20M-50M,4,0.98002,15,2571,267,31,2,31,3,1065,1067,20M-50M,250,300,250,300,0,3,3,704,176,0,0,0,3,1,3,1,0,0,0,0,1,2.29,1.22,1.22,1.22,0,4,0,0,0,10,0,231,1,0,458,2237,0.99236,N,wayback_companylist,1.1244,1.098,241,9,0,12,0,0,N,N,N
2016-04-15,2236,1533,1072,20M-50M,4,0.98033,3,2567,265,33,2,31,3,1070,1072,20M-50M,250,300,250,300,0,1,3,701,180,0,0,0,4,2,4,2,0,0,0,0,1,2.93,1.86,1.86,1.86,0,4,0,0,0,10,0,231,1,0,455,2235,0.99233,N,wayback_companylist,1.0704,1.1283,241,9,0,20,2,0,N,N,N
2016-04-22,2239,1534,1082,20M-50M,4,0.97941,10,2570,265,33,2,31,3,1078,1079,20M-50M,250,300,250,300,0,1,2,705,181,0,0,0,6,1,6,4,0,0,0,0,0,3.21,2.14,1.07,2.14,0,4,0,0,0,11,0,232,3,0,455,2238,0.99141,N,wayback_companylist,1.0989,1.0997,241,9,0,61,2,0,N,N,N
2016-04-29,2243,1539,1079,20M-50M,3,0.97917,5,2572,261,35,2,31,3,1073,1075,20M-50M,250,300,249,298,0,4,4,706,180,0,0,0,6,1,6,5,0,0,0,0,2,2.71,2.18,1.11,2.18,0,3,0,0,0,12,0,233,4,0,454,2239,0.99148,N,wayback_companylist,1.0849,1.1012,241,9,0,103,1,0,N,N,N
2016-05-06,2240,1537,1063,20M-50M,3,0.9792,6,2569,261,35,2,31,3,1056,1059,20M-50M,250,300,250,300,0,2,5,704,178,0,0,0,6,1,6,5,0,0,0,0,1,2.68,2.14,1.07,2.14,0,3,0,0,0,12,0,233,4,0,452,2238,0.99136,N,wayback_companylist,1.0624,1.1184,242,8,0,88,1,0,N,N,N
2016-05-13,2236,1538,1051,20M-50M,3,0.97927,13,2564,260,35,2,31,3,1044,1049,20M-50M,250,300,249,299,0,2,5,700,178,0,0,0,6,1,6,5,0,0,0,0,0,2.71,2.17,1.1,2.17,0,3,0,0,0,12,0,233,4,0,448,2234,0.99149,N,wayback_companylist,1.0753,1.1208,243,7,0,26,0,0,N,N,N
2016-05-20,2230,1539,1058,20M-50M,3,0.97939,0,2558,260,35,2,31,3,1052,1057,20M-50M,250,300,250,300,0,0,9,690,180,0,0,0,4,1,4,3,0,0,0,0,0,1.64,1.1,1.1,1.1,0,3,0,0,0,12,0,233,2,0,440,2230,0.99151,N,wayback_symdir,1.0531,1.0996,243,7,0,11,0,0,N,N,N
2016-05-27,2232,1541,1077,20M-50M,3,0.97939,7,2560,260,35,2,31,3,1070,1075,20M-50M,250,300,250,300,0,0,10,690,180,0,0,0,3,1,3,2,0,0,0,0,0,1.6,1.07,1.07,1.07,0,3,0,0,0,12,0,233,1,0,441,2232,0.99166,N,wayback_symdir,1.0861,1.1205,242,8,0,9,1,0,N,N,N
2016-06-03,2232,1542,1074,20M-50M,3,0.9794,14,2560,260,35,2,31,3,1069,1072,20M-50M,250,300,250,300,0,1,9,688,181,0,0,0,3,1,3,2,0,0,0,0,0,1.6,1.07,1.07,1.07,0,3,0,0,0,12,0,233,0,0,440,2231,0.99168,N,wayback_symdir,1.0511,1.0782,242,8,0,7,1,0,N,N,N
2016-06-10,2228,1540,1067,20M-50M,3,0.97946,1,2554,258,35,2,31,3,1063,1067,20M-50M,250,300,250,300,0,0,8,686,182,0,0,0,3,1,3,2,0,0,0,0,0,1.67,1.14,1.14,1.14,0,3,0,0,0,12,0,235,0,0,436,2228,0.99148,N,wayback_companylist,1.0743,1.0967,241,9,0,3,1,0,N,N,N
2016-06-17,2230,1541,1065,20M-50M,2,0.97921,0,2554,256,35,2,31,3,1063,1065,20M-50M,250,300,250,300,0,0,9,685,181,0,0,0,3,1,3,2,0,0,0,0,0,1.64,1.1,1.1,1.1,0,2,0,0,0,12,0,236,0,0,435,2230,0.99131,N,wayback_companylist,1.0565,1.1329,242,8,0,2,1,0,N,N,N
2016-06-24,2232,1545,1064,20M-50M,3,0.97921,2,2556,256,35,2,31,3,1060,1062,20M-50M,250,300,249,299,0,1,8,685,182,0,0,0,3,1,3,2,0,0,0,0,0,1.67,1.14,1.14,1.14,0,3,0,0,0,12,0,236,0,0,434,2231,0.99131,N,wayback_symdir,1.0663,1.1184,241,9,0,2,0,0,N,N,N
2016-07-01,2232,1544,1074,20M-50M,3,0.97929,9,2556,256,35,2,31,3,1072,1072,20M-50M,250,300,250,300,0,6,6,682,182,0,0,0,3,1,3,2,0,0,0,0,0,1.86,1.33,1.33,1.33,0,3,0,0,0,12,0,236,0,0,431,2226,0.99131,N,wayback_symdir,1.0591,1.1064,242,8,0,6,0,0,N,N,N
2016-07-08,2234,1550,1086,20M-50M,3,0.9796,1,2556,254,35,2,31,3,1081,1085,20M-50M,250,300,250,300,0,1,7,682,184,0,0,0,4,2,4,3,0,0,0,0,1,2.27,1.74,1.74,1.74,0,3,0,0,0,12,0,237,3,0,427,2233,0.99151,N,wayback_companylist,1.0411,1.1064,241,9,0,9,0,0,N,N,N
2016-07-15,2233,1549,1089,20M-50M,3,0.9796,8,2556,255,35,2,31,3,1084,1088,20M-50M,250,300,250,300,0,2,7,682,184,0,0,0,4,2,4,3,0,0,0,0,1,2.7,2.17,2.17,2.17,0,3,0,0,0,12,0,237,3,0,427,2231,0.99151,N,wayback_companylist,1.0412,1.1222,240,10,0,22,0,0,N,N,N
2016-07-22,2238,1552,1093,20M-50M,3,0.9796,0,2561,255,35,2,31,3,1084,1089,20M-50M,250,300,250,300,0,0,15,679,184,0,0,0,4,2,4,3,0,0,0,0,1,2.83,2.29,2.29,2.29,0,3,0,0,0,12,0,236,3,0,425,2238,0.99156,N,wayback_symdir,1.0727,1.1348,237,13,0,67,2,0,N,N,N
2016-07-29,2241,1558,1102,20M-50M,1,0.97981,7,2565,256,35,2,31,3,1094,1095,20M-50M,250,300,250,300,0,2,15,675,184,0,0,0,3,1,3,2,0,0,0,0,0,1.63,1.1,1.1,1.1,0,1,0,0,0,12,0,238,2,0,422,2238,0.99156,N,wayback_symdir,1.0982,1.1186,236,14,0,105,3,0,N,N,N
2016-08-05,2242,1559,1105,20M-50M,1,0.97991,14,2566,257,34,2,31,3,1096,1101,20M-50M,250,299,250,299,0,3,15,676,184,0,0,0,3,1,3,2,0,0,0,0,0,1.6,1.06,1.06,1.06,0,1,0,0,0,12,0,238,2,0,423,2238,0.99164,N,wayback_symdir,1.0598,1.1835,239,11,0,85,4,0,N,N,N
2016-08-12,2241,1564,1109,20M-50M,1,0.98001,21,2565,257,34,2,31,3,1099,1106,20M-50M,250,300,250,300,0,2,12,677,184,0,0,0,3,1,3,2,0,0,0,0,0,1.6,1.07,1.07,1.07,0,1,0,0,0,12,0,240,3,0,421,2238,0.99162,N,wayback_symdir,1.072,1.148,238,12,0,26,3,0,N,N,N
2016-08-19,2240,1564,1111,20M-50M,1,0.97999,28,2564,257,34,2,31,3,1100,1109,20M-50M,250,300,250,299,0,4,11,678,185,0,0,0,3,1,3,2,0,0,0,0,0,1.6,1.07,1.07,1.07,0,1,0,0,0,13,0,240,3,0,421,2235,0.99162,N,wayback_symdir,1.0302,1.1582,240,10,0,9,2,0,N,N,N
2016-08-26,2235,1559,1103,20M-50M,1,0.97989,1,2557,257,33,2,30,3,1095,1103,20M-50M,250,300,250,300,0,0,9,676,186,0,0,0,3,1,3,2,0,0,0,0,0,2.14,1.6,1.07,1.6,0,1,0,0,0,13,0,240,1,0,421,2234,0.99159,N,wayback_symdir,1.0799,1.131,240,10,0,7,2,0,N,N,N
2016-09-02,2235,1559,1112,20M-50M,2,0.98033,8,2557,257,33,2,30,3,1107,1112,20M-50M,250,300,249,299,0,4,6,673,184,0,0,0,3,1,3,2,0,0,0,0,0,2.14,1.6,1.07,1.6,0,2,0,0,0,13,0,240,0,0,418,2230,0.99159,N,wayback_symdir,1.1069,1.1138,240,10,0,9,2,0,N,N,N
2016-09-09,2234,1559,1107,20M-50M,1,0.98043,15,2556,257,33,2,30,3,1104,1107,20M-50M,250,300,250,300,0,7,4,670,182,0,0,0,3,1,3,2,0,0,0,0,0,2.14,1.6,1.07,1.6,0,1,0,0,0,13,0,240,0,0,416,2226,0.99159,N,wayback_symdir,1.1119,1.077,240,10,0,6,1,0,N,N,N
2016-09-16,2224,1559,1107,20M-50M,1,0.98064,6,2544,255,33,2,30,3,1106,1106,20M-50M,250,300,250,300,0,2,1,664,180,0,0,0,3,1,3,2,0,0,0,0,0,2.13,1.6,1.06,1.6,0,1,0,0,0,12,0,240,0,0,411,2221,0.99177,N,wayback_companylist,1.0828,1.0975,240,10,0,2,1,0,N,N,N
2016-09-23,2218,1556,1116,20M-50M,1,0.98115,2,2538,254,34,2,30,3,1114,1114,20M-50M,250,300,250,300,0,0,1,663,181,0,0,0,3,1,3,2,0,0,0,0,0,2.17,1.63,1.1,1.63,0,1,0,0,0,12,0,239,1,0,410,2218,0.99213,N,wayback_companylist,1.0585,1.0864,239,11,0,4,1,0,N,N,N
2016-09-30,2221,1558,1118,20M-50M,1,0.98108,2,2544,256,35,2,30,3,1113,1115,20M-50M,250,300,249,299,0,1,6,662,180,0,0,0,3,1,3,2,0,0,0,0,0,2.17,1.63,1.1,1.63,0,1,0,0,0,12,0,239,1,0,409,2220,0.99206,N,wayback_symdir,1.0923,1.0851,240,10,0,7,0,0,N,N,N
2016-10-07,2227,1562,1119,20M-50M,1,0.98055,5,2549,255,35,2,30,3,1111,1114,20M-50M,250,300,250,300,0,4,11,661,178,0,0,0,3,1,3,2,0,0,0,0,0,2.39,1.86,1.32,1.86,0,1,0,0,0,13,0,239,1,0,407,2223,0.99152,N,wayback_companylist,1.0721,1.112,240,10,0,13,1,0,N,N,N
2016-10-14,2225,1563,1109,20M-50M,1,0.98056,12,2547,255,35,2,30,3,1100,1106,20M-50M,250,300,250,300,0,1,13,660,176,0,0,0,4,2,4,3,0,0,0,0,0,2.73,2.2,1.66,2.2,0,1,0,0,0,13,0,239,1,0,406,2224,0.99153,N,wayback_companylist,1.0461,1.1195,240,10,0,19,1,0,N,N,N
2016-10-21,2227,1564,1109,20M-50M,1,0.98023,19,2549,255,35,2,30,3,1099,1105,20M-50M,250,300,250,300,0,0,15,659,174,0,0,0,4,2,4,3,0,0,0,0,0,2.57,2.04,1.5,2.04,0,1,0,0,0,13,0,239,0,0,406,2227,0.99153,N,wayback_companylist,1.0556,1.097,238,12,0,61,2,0,N,N,N
2016-10-28,2230,1568,1094,20M-50M,2,0.97875,0,2552,255,35,2,30,3,1082,1088,20M-50M,250,300,250,300,0,0,19,658,170,0,0,0,4,2,4,3,0,0,0,0,0,2.99,2.46,1.92,2.46,0,2,0,0,0,14,0,242,0,0,400,2230,0.98949,N,wayback_symdir,1.0596,1.083,240,10,0,93,2,0,N,N,N
2016-11-04,2232,1570,1087,20M-50M,2,0.9788,7,2554,255,35,2,30,3,1076,1082,20M-50M,250,300,250,300,0,1,15,659,168,0,0,0,4,2,4,3,0,0,0,0,0,3.24,2.71,2.17,2.71,0,2,0,0,0,14,0,242,0,0,401,2230,0.98951,N,wayback_symdir,1.063,1.0792,241,9,0,98,2,1,N,N,N
2016-11-11,2229,1569,1122,20M-50M,2,0.9791,14,2551,255,35,2,30,3,1113,1120,20M-50M,249,299,249,299,0,3,11,656,174,0,0,0,4,2,4,3,0,0,0,0,0,3.24,2.71,2.17,2.71,0,2,0,0,0,14,0,243,0,0,397,2225,0.98962,N,wayback_symdir,1.041,1.0911,240,10,0,29,2,1,N,N,N
2016-11-18,2227,1571,1132,20M-50M,2,0.97917,3,2551,257,36,2,29,3,1124,1132,20M-50M,250,300,250,300,0,1,8,655,175,0,0,0,4,2,4,3,0,0,0,0,0,3.59,3.06,2.52,3.06,0,2,0,0,0,15,0,243,0,0,395,2225,0.98969,N,wayback_companylist,1.0531,1.0833,240,10,0,18,1,1,N,N,N
2016-11-25,2233,1574,1138,20M-50M,2,0.97912,5,2558,257,37,2,29,3,1133,1138,20M-50M,249,299,249,299,0,3,6,655,178,0,0,0,4,2,4,3,0,0,1,1,0,3.59,3.06,2.52,4.06,0,2,0,0,0,15,0,244,0,0,394,2228,0.9896,N,wayback_companylist,1.0298,1.0718,242,8,0,12,1,1,N,N,N
2016-12-02,2232,1576,1132,20M-50M,2,0.97944,12,2557,257,37,2,29,3,1128,1130,20M-50M,250,300,249,299,0,5,4,653,173,0,0,0,4,2,4,3,0,0,1,1,0,3.59,3.06,2.52,4.06,0,2,0,0,0,15,0,244,0,0,392,2225,0.98959,N,wayback_companylist,1.0882,1.0848,242,8,0,10,0,0,N,N,N
2016-12-09,2235,1577,1148,20M-50M,2,0.9792,19,2561,258,37,2,29,3,1145,1146,20M-50M,250,300,250,300,0,4,6,655,179,0,0,0,4,2,4,3,0,0,1,1,0,3.59,3.06,2.52,4.06,0,2,0,0,0,15,0,245,1,0,392,2228,0.98959,N,wayback_companylist,1.0891,1.0717,242,8,0,5,0,0,N,N,N
2016-12-16,2228,1577,1142,20M-50M,2,0.97928,26,2554,258,37,2,29,3,1138,1140,20M-50M,250,300,250,300,0,0,6,652,179,0,0,0,5,2,5,4,0,0,1,1,0,3.59,3.06,2.52,4.06,0,2,0,0,0,15,0,245,1,0,389,2225,0.98967,N,wayback_companylist,1.0898,1.043,242,8,0,4,0,0,N,N,N
2016-12-23,2227,1577,1147,20M-50M,2,0.97929,33,2551,256,37,2,29,3,1141,1147,20M-50M,250,300,250,300,0,2,5,651,180,0,0,0,5,2,5,4,0,0,1,1,0,3.59,3.06,2.52,4.06,0,2,0,0,0,15,0,246,1,0,387,2222,0.98968,N,wayback_companylist,1.0839,1.0275,242,8,0,3,0,0,N,N,N
2016-12-30,2224,1576,1139,20M-50M,2,0.97964,40,2546,255,36,2,29,3,1134,1139,20M-50M,250,300,250,300,0,1,5,649,180,0,0,0,4,2,4,3,0,0,1,1,0,3.65,3.12,2.58,4.12,0,2,0,0,0,14,0,246,1,0,386,2220,0.99003,N,wayback_companylist,1.0827,1.0563,242,8,0,3,0,0,N,N,N
2017-01-06,2223,1575,1150,20M-50M,2,0.97958,47,2545,254,37,2,29,3,1145,1150,20M-50M,250,300,250,300,0,0,5,649,178,0,0,0,4,2,4,3,0,0,1,1,0,3.42,2.85,2.28,3.85,0,2,0,0,0,14,0,246,1,0,386,2220,0.99003,N,wayback_companylist,1.0789,1.0341,242,8,0,22,0,0,N,N,N
2017-01-13,2224,1576,1153,20M-50M,2,0.97961,54,2544,253,37,1,29,3,1151,1152,20M-50M,250,300,250,300,0,1,2,647,178,0,0,0,4,2,4,3,0,0,1,1,0,3.42,2.85,2.28,3.85,0,2,0,0,0,14,0,246,0,0,385,2220,0.99003,N,wayback_companylist,1.0399,1.0629,242,8,0,24,0,0,N,N,N
2017-01-20,2223,1577,1143,20M-50M,1,0.97967,61,2542,253,37,1,28,3,1142,1142,20M-50M,250,300,250,300,0,0,1,646,174,0,0,0,4,2,4,3,0,0,1,1,0,3.29,2.71,2.14,3.71,0,1,0,0,0,14,0,246,0,0,385,2220,0.99003,N,wayback_companylist,1.0638,1.0447,241,9,0,27,1,0,N,N,N
2017-01-27,2219,1580,1142,20M-50M,1,0.98013,1,2541,257,36,1,28,3,1141,1142,20M-50M,250,300,250,300,0,1,2,639,176,0,0,0,4,2,4,3,0,0,0,0,0,3.28,2.71,2.14,2.71,0,1,0,0,0,14,0,247,0,0,377,2216,0.99005,N,wayback_companylist,1.0639,1.0535,241,9,0,57,1,0,N,N,N
2017-02-03,2223,1582,1144,20M-50M,1,0.97969,4,2546,258,36,1,28,3,1139,1139,20M-50M,250,300,250,300,0,1,7,639,174,0,0,0,4,2,4,3,0,0,0,0,0,3.18,2.6,2.03,2.6,0,1,0,0,0,14,0,247,0,0,377,2222,0.99037,N,wayback_companylist,1.0679,1.0326,242,8,0,56,1,0,N,N,N
2017-02-10,2222,1583,1149,20M-50M,1,0.9799,11,2546,259,36,1,28,3,1143,1145,20M-50M,250,300,250,300,0,2,7,637,173,0,0,0,4,2,4,3,0,0,0,0,0,3.18,2.6,2.03,2.6,0,1,0,0,0,14,0,246,1,0,375,2220,0.99043,N,wayback_companylist,1.0053,1.0248,246,4,0,55,2,0,N,N,N
2017-02-17,2221,1582,1158,20M-50M,1,0.97983,18,2545,259,36,1,28,3,1153,1158,20M-50M,250,300,249,299,0,3,6,637,174,0,0,0,4,2,4,3,0,0,0,0,0,3.18,2.6,2.03,2.6,0,1,0,0,0,14,0,246,1,0,375,2218,0.99042,N,wayback_companylist,1.0123,1.0351,247,3,0,61,1,0,N,N,N
2017-02-24,2220,1580,1153,20M-50M,1,0.98004,25,2543,259,35,1,28,3,1149,1153,20M-50M,250,300,249,299,0,6,6,634,174,0,0,0,4,2,4,3,0,0,0,0,0,3.18,2.6,2.03,2.6,0,1,0,0,0,14,0,246,1,0,372,2214,0.99041,N,wayback_companylist,1.0104,1.0294,247,3,0,62,2,0,N,N,N
2017-03-03,2217,1578,1146,20M-50M,2,0.97985,32,2539,258,35,1,28,3,1141,1144,20M-50M,250,300,250,300,0,4,4,635,173,0,0,0,4,2,4,3,0,0,0,0,0,3.34,2.77,2.2,2.77,0,2,0,0,0,14,0,248,1,0,370,2213,0.99015,N,wayback_companylist,1.0502,1.053,246,4,0,33,3,0,N,N,N
2017-03-10,2214,1580,1147,20M-50M,2,0.97994,39,2536,258,35,1,28,3,1144,1145,20M-50M,250,300,250,300,0,1,2,634,172,0,0,0,4,2,4,3,0,0,0,0,0,3.45,2.88,2.3,2.88,0,2,0,0,0,14,0,248,1,0,369,2213,0.99014,N,wayback_companylist,1.0206,1.0394,247,3,0,5,3,0,N,N,N
2017-03-17,2219,1584,1155,20M-50M,2,0.98056,1,2538,257,35,0,28,3,1152,1153,20M-50M,250,300,250,300,0,0,2,635,176,0,0,0,4,2,4,3,0,0,1,1,0,3.2,2.63,2.06,3.63,0,2,0,0,0,14,0,250,0,0,369,2218,0.99033,N,wayback_companylist,1.0461,1.0325,246,4,0,2,4,1,N,N,N
2017-03-24,2222,1586,1149,20M-50M,1,0.98057,8,2539,255,35,0,28,3,1146,1148,20M-50M,250,300,248,298,0,4,3,635,173,0,0,0,4,2,4,3,0,0,1,1,0,3.21,2.63,2.06,3.63,0,1,0,0,0,14,0,252,0,0,368,2217,0.9903,N,wayback_companylist,1.023,1.0214,246,4,0,6,2,1,N,N,N
2017-03-31,2219,1581,1154,20M-50M,1,0.98036,0,2536,254,37,0,27,3,1150,1153,20M-50M,250,300,250,300,0,0,6,635,173,0,0,0,4,2,4,3,0,0,1,1,0,3.28,2.71,2.14,3.71,0,1,0,0,0,14,0,253,0,0,367,2218,0.9901,N,wayback_companylist,1.022,1.0261,245,5,0,7,2,1,N,N,N
2017-04-07,2220,1583,1152,20M-50M,1,0.9805,7,2537,254,37,0,27,3,1148,1151,20M-50M,250,300,250,300,0,2,6,633,170,0,0,0,4,2,4,3,0,0,1,1,0,3.28,2.71,2.14,3.71,0,1,0,0,0,14,0,253,0,0,365,2217,0.99009,N,wayback_companylist,1.02,1.035,245,5,0,7,2,1,N,N,N
2017-04-13,2218,1583,1151,20M-50M,1,0.98048,13,2535,254,37,0,27,3,1148,1150,20M-50M,250,300,249,299,0,1,4,634,170,0,0,0,4,2,4,3,0,0,1,1,0,3.31,2.74,2.17,3.74,0,1,0,0,0,14,0,254,0,0,365,2216,0.99008,N,wayback_companylist,1.0336,1.02,245,5,0,16,2,0,N,N,N
2017-04-21,2219,1584,1154,20M-50M,1,0.98047,6,2535,253,37,0,27,3,1149,1152,20M-50M,250,300,249,299,0,3,5,634,172,0,0,0,4,2,4,3,0,0,1,1,0,3.48,2.9,2.33,3.9,0,1,0,0,0,14,0,254,1,0,364,2215,0.99011,N,wayback_companylist,1.0373,1.0158,245,5,0,47,1,0,N,N,N
2017-04-28,2220,1584,1164,20M-50M,1,0.98058,13,2537,254,37,0,27,3,1159,1162,20M-50M,250,300,249,299,0,4,5,633,168,0,0,0,4,2,4,3,0,0,1,1,0,3.48,2.91,2.33,3.91,0,1,0,0,0,14,0,254,1,0,363,2215,0.99009,N,wayback_companylist,1.0546,1.0318,245,5,0,103,0,0,N,N,N
2017-05-05,2218,1584,1156,20M-50M,1,0.9807,20,2536,255,37,0,27,3,1150,1154,20M-50M,250,300,250,300,0,3,5,632,167,0,0,0,4,2,4,3,0,0,1,1,0,3.48,2.9,2.33,3.9,0,1,0,0,0,14,0,254,1,0,362,2214,0.9901,N,wayback_companylist,1.0382,1.0502,245,5,0,103,0,0,N,N,N
2017-05-12,2218,1586,1155,20M-50M,1,0.98067,1,2540,255,41,0,27,3,1151,1154,20M-50M,250,300,250,300,0,1,6,629,167,0,0,0,4,2,4,3,0,0,1,1,0,3.1,2.53,1.95,3.53,0,1,0,0,0,14,0,255,0,0,359,2216,0.99007,N,wayback_companylist,1.0389,1.0517,245,5,0,36,0,0,N,N,N
2017-05-19,2217,1586,1151,20M-50M,1,0.98076,8,2539,255,41,0,27,3,1148,1151,20M-50M,250,300,250,300,0,3,4,627,163,0,0,0,4,2,4,3,0,0,1,1,0,3.1,2.53,1.95,3.53,0,1,0,0,0,14,0,255,0,0,357,2213,0.99008,N,wayback_companylist,1.0212,1.0462,245,5,0,10,0,0,N,N,N
2017-05-26,2217,1588,1155,20M-50M,1,0.9807,15,2539,255,41,0,27,3,1151,1153,20M-50M,250,300,250,300,0,2,5,627,163,0,0,0,4,2,4,3,0,0,1,1,0,3.1,2.53,1.95,3.53,0,1,0,0,0,14,0,255,0,0,357,2213,0.99008,N,wayback_companylist,1.0589,1.0495,245,5,0,12,1,0,N,N,N
2017-06-02,2215,1588,1164,20M-50M,1,0.98281,22,2537,255,41,0,27,3,1160,1161,20M-50M,250,300,250,300,0,3,4,624,163,0,0,0,3,1,3,2,0,0,1,1,0,2.88,2.3,1.73,3.3,0,1,0,0,0,14,0,255,0,0,354,2210,0.99205,N,wayback_companylist,1.0151,1.0434,245,5,0,8,2,0,N,N,N
2017-06-09,2214,1588,1160,20M-50M,1,0.98276,29,2536,255,41,0,27,3,1156,1158,20M-50M,250,300,250,300,0,1,4,624,167,0,0,0,4,2,4,3,0,0,1,1,0,3.1,2.53,1.95,3.53,0,1,0,0,0,14,0,255,0,0,354,2211,0.99206,N,wayback_companylist,1.0228,1.0266,245,5,0,4,2,0,N,N,N
2017-06-16,2214,1590,1156,20M-50M,2,0.97377,3,2539,257,42,0,27,3,1152,1155,20M-50M,250,300,250,300,0,1,5,623,168,0,0,0,5,3,5,4,0,0,0,0,0,4.04,3.47,2.9,3.47,0,2,0,0,0,14,0,256,0,0,351,2212,0.98288,N,wayback_companylist,1.0198,1.059,245,5,0,1,2,0,N,N,N
2017-06-23,2216,1594,1167,20M-50M,1,0.97382,6,2543,258,42,0,28,3,1160,1163,20M-50M,250,300,249,299,0,1,5,624,169,0,0,0,5,3,5,4,0,0,0,0,0,4.04,3.47,2.9,3.47,0,1,0,0,0,14,0,256,1,0,352,2214,0.98291,N,wayback_companylist,1.0102,1.0463,245,5,0,3,2,0,N,N,N
2017-06-30,2214,1593,1168,20M-50M,1,0.97376,1,2541,258,42,0,28,3,1162,1166,20M-50M,250,300,249,299,0,1,7,619,170,0,0,0,5,3,5,4,0,0,0,0,0,4.15,3.58,3.01,3.58,0,1,0,0,0,14,0,257,1,0,346,2212,0.98289,N,wayback_companylist,1.0317,1.0438,245,5,0,5,1,0,N,N,N
2017-07-07,2216,1597,1170,20M-50M,2,0.98289,2,2541,257,41,0,28,3,1162,1166,20M-50M,250,300,250,300,0,0,12,617,169,0,0,0,3,1,3,2,1,0,0,0,0,3.01,2.44,1.86,2.44,0,2,0,0,0,13,0,257,2,0,343,2213,0.99222,N,wayback_companylist,1.0164,1.052,244,6,0,5,1,0,N,N,N
2017-07-14,2218,1598,1176,20M-50M,2,0.98286,9,2543,257,41,0,28,3,1168,1175,20M-50M,250,300,250,300,0,0,13,617,167,0,0,0,3,1,3,2,1,0,0,0,0,3.01,2.44,1.86,2.44,0,2,0,0,0,13,0,257,2,0,343,2215,0.99219,N,wayback_companylist,1.026,1.0281,244,6,0,10,1,0,N,N,N
2017-07-21,2221,1603,1180,20M-50M,2,0.98294,16,2545,257,40,0,28,3,1171,1175,20M-50M,250,300,249,299,0,1,15,615,168,0,0,0,3,1,3,2,1,0,0,0,0,3.01,2.44,1.86,2.44,0,2,0,0,0,13,0,257,1,0,342,2216,0.99228,N,wayback_companylist,1.0376,1.031,244,6,0,48,0,0,N,N,N
2017-07-28,2222,1603,1176,20M-50M,2,0.98292,23,2544,255,40,0,28,3,1166,1171,20M-50M,250,300,250,300,0,1,17,613,168,0,0,0,3,1,3,2,1,0,0,0,0,3.01,2.44,1.86,2.44,0,2,0,0,0,13,0,257,0,0,341,2217,0.99225,N,wayback_companylist,1.0274,1.0382,245,5,0,100,0,0,N,N,N
2017-08-04,2219,1604,1169,20M-50M,3,0.9831,30,2541,255,40,0,28,3,1161,1166,20M-50M,250,300,250,300,0,1,8,615,172,0,0,0,3,1,3,2,1,0,0,0,0,3.01,2.43,1.86,2.43,0,3,0,0,0,13,0,257,0,0,342,2214,0.99244,N,wayback_companylist,1.0234,1.0348,244,6,0,93,1,0,N,N,N
2017-08-11,2216,1604,1166,20M-50M,3,0.98315,37,2539,256,40,0,28,3,1158,1166,20M-50M,250,300,250,299,0,2,8,612,172,0,0,0,3,1,3,2,1,0,0,0,0,3.01,2.43,1.86,2.43,0,3,0,0,0,13,0,257,0,0,339,2210,0.99247,N,wayback_companylist,1.0228,1.0239,244,6,0,40,1,0,N,N,N
2017-08-18,2225,1612,1155,20M-50M,2,0.9832,2,2552,259,41,0,28,3,1148,1154,20M-50M,250,300,250,300,0,0,7,613,169,0,0,0,4,2,4,3,1,0,1,1,0,3.2,2.63,2.06,3.63,0,2,0,0,0,13,0,260,0,0,338,2218,0.99249,N,wayback_companylist,1.0418,1.0386,244,6,0,6,3,0,N,N,N
2017-08-25,2226,1612,1163,20M-50M,2,0.98318,9,2554,259,42,0,28,3,1158,1162,20M-50M,250,300,250,300,0,1,4,613,172,0,0,0,4,2,4,3,1,0,2,2,0,3.2,2.63,2.06,4.63,0,2,0,0,0,13,0,260,1,0,337,2217,0.99249,N,wayback_companylist,1.0527,1.0493,244,6,0,15,3,0,N,N,N
2017-09-01,2226,1614,1172,20M-50M,2,0.98324,16,2554,259,42,0,28,3,1168,1171,20M-50M,250,300,249,299,0,3,1,614,174,0,0,0,4,2,4,3,1,0,3,3,0,3.2,2.63,2.06,5.63,0,2,0,0,0,13,0,259,3,0,337,2215,0.9925,N,wayback_companylist,1.0381,1.0553,244,6,0,8,3,0,N,N,N
2017-09-08,2225,1611,1174,20M-50M,2,0.98384,1,2552,259,41,0,28,3,1170,1174,20M-50M,250,300,250,300,0,1,2,615,174,0,0,0,4,2,4,3,1,0,2,2,0,3.26,2.68,2.11,4.68,0,2,0,0,0,13,0,261,3,0,336,2219,0.99258,N,wayback_companylist,1.0376,1.0455,244,6,0,3,4,0,N,N,N
2017-09-15,2221,1608,1178,20M-50M,2,0.9839,3,2550,259,43,0,28,3,1175,1177,20M-50M,250,300,249,298,0,4,1,611,171,0,0,0,4,2,4,3,1,0,1,1,0,2.99,2.41,1.84,3.41,0,2,0,0,0,13,0,261,3,0,332,2212,0.99251,N,wayback_symdir,1.0538,1.0309,245,5,0,3,2,0,N,N,N
2017-09-22,2219,1607,1182,20M-50M,2,0.98382,1,2550,261,43,0,28,3,1178,1179,20M-50M,249,299,249,299,0,0,4,611,171,0,0,0,4,2,4,3,1,0,1,1,0,2.99,2.41,1.84,3.41,0,2,0,0,0,13,0,263,2,0,331,2213,0.99241,N,wayback_symdir,1.0499,1.0601,244,6,0,5,2,0,N,N,N
2017-09-29,2221,1608,1185,20M-50M,2,0.98381,8,2552,261,43,0,28,3,1181,1182,20M-50M,250,300,250,300,0,1,6,610,174,0,0,0,4,2,4,3,1,0,0,0,0,3.56,2.99,2.42,2.99,0,2,0,0,0,14,0,263,1,0,330,2213,0.99241,N,wayback_symdir,1.0205,1.044,242,8,0,5,1,0,N,N,N
2017-10-06,2217,1610,1191,20M-50M,2,0.98395,6,2551,264,43,0,28,3,1186,1188,20M-50M,249,299,248,298,0,3,6,605,172,0,0,0,4,2,4,3,1,0,0,0,0,3.28,2.71,2.14,2.71,0,2,0,0,0,14,0,260,2,0,327,2207,0.99247,N,wayback_companylist,1.0417,1.0271,244,6,0,5,0,0,N,N,N
2017-10-13,2219,1618,1189,20M-50M,2,0.98369,0,2554,266,42,0,28,3,1178,1185,20M-50M,250,300,250,300,0,0,14,598,172,0,0,0,4,2,4,3,1,0,0,0,0,3.42,2.85,2.28,2.85,0,2,0,0,0,14,0,257,3,0,322,2214,0.99243,N,wayback_symdir,1.0388,1.0447,245,5,0,9,0,0,N,N,N
2017-10-20,2217,1619,1186,20M-50M,2,0.98381,3,2551,265,42,0,28,3,1176,1183,20M-50M,250,300,250,300,0,1,13,595,170,0,0,0,4,2,4,3,1,0,0,0,0,3.42,2.85,2.27,2.85,0,2,0,0,0,14,0,259,2,0,318,2211,0.99245,N,wayback_companylist,1.0455,1.036,245,5,0,41,2,0,N,N,N
2017-10-27,2219,1621,1185,20M-50M,2,0.98382,10,2554,265,43,0,28,3,1173,1181,20M-50M,250,300,250,300,0,2,14,593,167,0,0,0,4,2,4,3,1,0,0,0,0,3.89,3.31,2.74,3.31,0,2,0,0,0,14,0,259,2,0,316,2212,0.99246,N,wayback_companylist,1.0127,1.0601,244,6,0,102,2,0,N,N,N
2017-11-03,2221,1629,1173,20M-50M,3,0.98391,3,2558,267,43,0,28,3,1165,1170,20M-50M,250,300,250,300,0,1,13,588,170,0,0,0,4,2,4,3,1,0,0,0,0,3.42,2.84,2.27,2.84,0,3,0,0,0,14,0,257,1,0,313,2214,0.99249,N,wayback_companylist,1.038,1.0233,245,5,0,92,2,0,N,N,N
2017-11-10,2224,1632,1177,20M-50M,3,0.98391,10,2562,267,44,0,28,3,1168,1174,20M-50M,250,300,250,300,0,3,14,587,168,0,0,0,4,2,4,3,1,0,0,0,0,3.42,2.85,2.27,2.85,0,3,0,0,0,14,0,257,0,0,313,2215,0.99249,N,wayback_companylist,1.0415,1.0472,244,6,0,43,2,0,N,N,N
2017-11-17,2219,1636,1183,20M-50M,1,0.98406,2,2559,269,44,0,28,3,1173,1177,20M-50M,250,300,250,300,0,1,15,579,166,0,0,0,4,2,4,3,1,0,0,0,0,3.42,2.84,2.27,2.84,0,1,0,0,0,14,0,257,0,0,307,2212,0.99259,N,wayback_symdir,1.0396,1.0467,244,6,0,14,0,0,N,N,N
2017-11-24,2219,1634,1189,20M-50M,1,0.98399,9,2559,269,44,0,28,3,1180,1186,20M-50M,248,298,248,298,0,4,14,578,167,0,0,0,4,2,4,3,1,0,0,0,0,3.42,2.84,2.27,2.84,0,1,0,0,0,14,0,256,0,0,307,2209,0.9926,N,wayback_symdir,1.0482,1.0734,244,6,0,8,0,0,N,N,N
2017-12-01,2212,1636,1185,20M-50M,1,0.98449,16,2552,269,44,0,28,3,1179,1185,20M-50M,250,300,250,300,0,2,10,572,167,0,0,0,4,2,4,3,1,0,0,0,0,3.41,2.84,2.27,2.84,0,1,0,0,0,14,0,255,0,0,302,2204,0.99275,N,wayback_symdir,1.0451,1.0577,245,5,0,13,1,0,N,N,N
2017-12-08,2213,1637,1181,20M-50M,1,0.9845,23,2553,268,45,0,28,3,1174,1179,20M-50M,250,300,250,300,0,3,7,573,166,0,0,0,4,2,4,3,1,0,0,0,0,3.41,2.84,2.27,2.84,0,1,0,0,0,14,0,256,1,0,301,2204,0.99274,N,wayback_symdir,1.1131,1.0555,245,5,0,6,1,0,N,N,N
2017-12-15,2215,1644,1190,20M-50M,1,0.98456,0,2557,270,45,0,28,3,1182,1186,20M-50M,250,300,250,300,0,0,11,567,168,0,0,0,4,2,4,3,1,0,0,0,0,3.41,2.84,2.27,2.84,0,1,0,0,0,14,0,254,4,0,294,2208,0.9927,N,wayback_symdir,1.0585,1.0569,246,4,0,5,1,0,N,N,N
2017-12-22,2214,1645,1187,20M-50M,1,0.98464,5,2556,270,45,0,28,3,1183,1186,20M-50M,250,300,250,300,0,3,6,564,169,0,0,0,4,2,4,3,1,0,0,0,0,3.41,2.84,2.27,2.84,0,1,0,0,0,14,0,254,2,0,293,2204,0.99277,N,wayback_companylist,1.0454,1.0501,244,6,0,4,2,0,N,N,N
2017-12-29,2209,1644,1187,20M-50M,1,0.98467,12,2551,270,45,0,28,3,1183,1187,20M-50M,250,300,250,300,0,2,6,561,168,0,0,0,4,2,4,3,1,0,0,0,0,3.41,2.84,2.27,2.84,0,1,0,0,0,14,0,254,2,0,290,2200,0.99276,N,wayback_companylist,1.0351,1.0435,244,5,0,2,1,0,N,N,N
2018-01-05,2210,1645,1202,20M-50M,1,0.98502,5,2555,274,44,0,28,3,1198,1202,20M-50M,250,300,250,300,0,3,6,560,167,0,0,0,4,2,4,3,1,0,0,0,0,3.77,3.11,2.46,3.11,0,1,0,0,0,14,0,254,2,0,289,2200,0.99297,N,wayback_companylist,1.0681,1.0963,243,7,0,22,2,0,N,N,N
2018-01-12,2205,1645,1200,20M-50M,1,0.98523,12,2550,274,44,0,28,3,1196,1199,20M-50M,250,300,250,300,0,3,4,558,170,0,0,0,4,2,4,3,1,0,0,0,0,3.62,2.96,2.31,2.96,0,1,0,0,0,15,0,255,2,0,285,2195,0.99318,N,wayback_companylist,1.0644,1.0831,243,6,0,17,2,0,N,N,N
2018-01-19,2205,1647,1206,20M-50M,1,0.98525,0,2550,272,45,1,28,3,1203,1205,20M-50M,250,300,250,300,0,0,3,556,166,0,0,0,4,2,4,3,1,0,0,0,0,3.99,3.34,2.68,3.34,0,1,0,0,0,15,0,256,1,0,283,2198,0.99316,N,repo_symdir,1.0518,1.1195,241,9,0,22,2,0,N,N,N
2018-01-26,2208,1650,1204,20M-50M,3,0.98525,7,2553,272,45,1,28,3,1200,1202,20M-50M,250,300,250,300,0,0,5,558,168,0,0,0,4,2,4,3,1,0,0,0,0,4.02,3.36,2.71,3.36,0,3,0,0,0,15,0,256,0,0,284,2201,0.99315,N,repo_symdir,1.0436,1.1172,242,8,0,46,2,0,N,N,N
2018-02-02,2210,1655,1188,20M-50M,3,0.98558,1,2557,274,45,1,28,3,1181,1183,20M-50M,250,300,250,300,0,2,9,554,166,0,0,0,4,2,4,3,1,0,0,0,0,4.02,3.36,2.7,3.36,0,3,0,0,0,14,0,256,1,0,280,2200,0.99339,N,repo_symdir,1.05,1.0963,244,6,0,61,1,0,N,N,N
2018-02-09,2212,1655,1184,20M-50M,3,0.98555,8,2559,274,45,1,28,3,1175,1179,20M-50M,249,299,248,298,0,4,11,553,165,0,0,0,4,2,4,3,1,0,0,0,0,3.98,3.33,2.67,3.33,0,3,0,0,0,14,0,255,1,0,280,2200,0.99339,N,repo_symdir,1.0408,1.0798,242,8,0,56,4,0,N,N,N
2018-02-16,2208,1655,1194,20M-50M,2,0.98567,15,2554,273,45,1,28,3,1186,1190,20M-50M,250,300,250,299,0,3,10,551,166,0,0,0,4,2,4,3,1,0,0,0,0,3.73,3.08,2.42,3.08,0,2,0,0,0,14,0,256,1,0,278,2197,0.99339,N,repo_symdir,1.0374,1.0719,244,6,0,48,4,0,N,N,N
2018-02-23,2210,1662,1193,20M-50M,2,0.98598,0,2556,276,42,1,28,3,1182,1189,20M-50M,250,300,250,300,0,0,11,550,165,0,0,0,4,2,4,3,1,0,0,0,0,3.73,3.07,2.42,3.07,0,2,0,0,0,14,0,256,3,0,275,2201,0.99359,N,wayback_symdir,1.034,1.0645,243,7,0,55,5,0,N,N,N
2018-03-02,2211,1661,1197,20M-50M,2,0.98589,7,2557,276,42,1,28,3,1188,1193,20M-50M,250,300,250,300,0,0,7,552,165,0,0,0,4,2,4,3,1,0,0,0,0,3.99,3.33,2.67,3.33,0,2,0,0,0,14,0,256,3,0,277,2202,0.99357,N,wayback_symdir,1.0599,1.0912,244,6,0,40,7,2,N,N,N
2018-03-09,2211,1664,1210,20M-50M,1,0.98598,14,2557,276,42,1,28,3,1203,1209,20M-50M,250,300,247,297,0,3,4,550,167,0,0,0,4,2,4,3,1,0,0,0,0,3.95,3.3,2.64,3.3,0,1,0,0,0,14,0,255,3,0,277,2199,0.99359,N,wayback_symdir,1.0736,1.0812,243,7,0,10,4,2,N,N,N
2018-03-16,2212,1658,1206,20M-50M,2,0.98592,21,2559,275,44,1,28,3,1199,1204,20M-50M,249,299,249,299,0,5,3,551,167,0,0,0,4,2,4,3,1,0,0,0,0,3.98,3.32,2.67,3.32,0,2,0,0,0,14,0,256,3,0,276,2198,0.99359,N,wayback_symdir,1.0489,1.0501,244,6,0,7,4,2,N,N,N
2018-03-23,2214,1665,1193,20M-50M,3,0.98554,0,2562,275,45,1,28,3,1184,1189,20M-50M,250,300,250,300,0,0,6,553,166,0,0,0,5,2,5,4,1,0,0,0,0,3.95,3.29,2.64,3.29,0,3,0,0,0,15,0,258,3,0,274,2205,0.99315,N,repo_symdir,1.0486,1.0505,246,4,0,11,4,2,N,N,N
2018-03-29,2219,1670,1192,20M-50M,3,0.98577,0,2569,277,45,1,28,3,1184,1188,20M-50M,250,300,243,293,0,7,9,545,174,0,0,0,5,2,5,4,1,0,0,0,0,3.92,3.26,2.61,3.26,0,3,0,0,0,14,0,259,1,0,268,2203,0.99313,N,wayback_symdir,1.0281,1.0322,246,4,0,7,1,0,N,N,N
2018-04-06,2221,1649,1172,20M-50M,4,0.97932,8,2570,277,45,1,27,3,1164,1170,20M-50M,250,300,249,299,0,8,9,565,148,0,0,0,10,7,10,9,2,0,0,0,0,8.3,7.65,6.99,7.65,0,4,0,0,0,33,0,259,1,0,268,2204,0.98502,N,wayback_symdir,1.1999,1.3273,221,29,0,3,0,0,N,N,N
2018-04-13,2218,1650,1182,20M-50M,3,0.97948,15,2567,277,45,1,27,3,1176,1181,20M-50M,250,300,250,300,0,5,8,563,147,0,0,0,10,7,10,9,2,0,0,0,0,8.3,7.64,6.99,7.64,0,3,0,0,0,33,0,259,0,0,268,2204,0.98505,N,wayback_symdir,1.2058,1.3095,220,30,0,11,0,0,N,N,N
2018-04-20,2217,1673,1187,20M-50M,3,0.97972,22,2566,277,45,1,27,3,1177,1181,20M-50M,250,300,250,300,0,4,7,544,147,0,0,0,9,6,9,8,1,0,0,0,0,7.42,6.76,6.1,6.76,0,3,0,0,0,33,0,236,5,0,267,2204,0.98542,N,wayback_symdir,1.2016,1.2767,220,30,0,45,1,0,N,N,N
2018-04-27,2218,1678,1189,20M-50M,4,0.97977,3,2569,278,46,1,27,3,1176,1183,20M-50M,250,300,250,300,0,1,10,542,149,0,0,0,9,6,9,8,1,0,0,0,0,7.29,6.63,5.98,6.63,0,4,0,0,0,33,0,236,5,0,264,2208,0.98547,N,repo_symdir,1.2183,1.2755,218,32,0,106,1,0,N,N,N
2018-05-04,2224,1674,1195,20M-50M,3,0.98029,0,2574,277,46,1,27,3,1181,1189,20M-50M,250,300,250,300,0,0,12,542,148,0,0,0,8,5,8,7,1,0,0,0,0,6.88,6.22,5.57,6.22,0,3,0,0,0,34,0,238,5,0,262,2215,0.98586,N,wayback_symdir,1.2009,1.3065,221,29,0,94,2,0,N,N,N
2018-05-11,2223,1685,1204,20M-50M,2,0.98062,3,2574,278,46,1,27,3,1191,1201,20M-50M,250,300,250,300,0,0,12,539,148,0,0,0,8,5,8,7,1,0,0,0,0,6.82,6.16,5.51,6.16,0,2,0,0,0,34,0,237,5,0,261,2214,0.98619,N,wayback_companylist,1.1791,1.3027,220,30,0,45,2,0,N,N,N
2018-05-18,2223,1684,1210,20M-50M,2,0.98061,10,2574,278,46,1,27,3,1201,1210,20M-50M,250,300,249,299,0,1,12,535,149,0,0,0,8,5,8,7,1,0,0,0,0,6.83,6.18,5.52,6.18,0,2,0,0,0,34,0,237,1,0,261,2213,0.98618,N,wayback_companylist,1.1916,1.2804,219,31,0,7,1,0,N,N,N
2018-05-25,2227,1688,1214,20M-50M,2,0.9805,4,2578,277,47,1,27,3,1202,1209,20M-50M,250,300,250,300,0,2,17,531,149,0,0,0,8,5,7,6,1,0,0,0,0,6.17,5.52,5.52,5.52,0,2,0,0,0,33,0,236,0,0,260,2216,0.98652,N,repo_symdir,1.1976,1.2859,220,30,0,12,1,0,N,N,N
2018-06-01,2227,1691,1217,20M-50M,2,0.98051,11,2578,277,47,1,27,3,1208,1212,20M-50M,250,300,249,299,0,2,13,534,149,0,0,0,8,5,7,6,1,0,0,0,0,6.55,5.89,5.89,5.89,0,2,0,0,0,33,0,239,0,0,260,2216,0.98654,N,repo_symdir,1.1731,1.2165,221,29,0,9,0,0,N,N,N
2018-06-08,2225,1693,1222,20M-50M,2,0.98053,3,2581,280,48,2,27,3,1215,1221,20M-50M,250,300,250,300,3,0,11,530,150,0,0,0,8,5,7,6,1,0,0,0,0,6.17,5.51,5.51,5.51,0,2,0,0,0,33,0,238,0,0,257,2216,0.98661,N,wayback_symdir,1.1536,1.2187,222,28,0,8,1,0,N,N,N
2018-06-15,2227,1696,1227,20M-50M,3,0.98054,10,2584,280,49,2,27,3,1219,1224,20M-50M,250,300,250,300,0,0,10,531,150,0,0,0,8,5,7,6,1,0,0,0,0,6.17,5.51,5.51,5.51,0,3,0,0,0,33,0,237,1,0,257,2218,0.98661,N,wayback_symdir,1.1578,1.2319,221,29,0,2,1,0,N,N,N
2018-06-22,2231,1698,1227,20M-50M,3,0.98054,17,2587,280,48,2,27,3,1215,1221,20M-50M,250,300,250,300,0,3,13,532,152,0,0,0,8,5,7,6,1,0,0,0,0,6.2,5.54,5.54,5.54,0,3,0,0,0,34,0,237,1,0,257,2220,0.98668,N,wayback_symdir,1.1465,1.2999,222,28,0,1,1,0,N,N,N
2018-06-29,2232,1701,1219,20M-50M,2,0.98081,24,2589,281,48,2,27,3,1208,1211,20M-50M,250,300,250,300,0,2,13,530,152,0,0,0,8,5,7,6,1,0,0,0,0,6.16,5.5,5.5,5.5,0,2,0,0,0,33,0,237,1,0,257,2224,0.98696,N,wayback_symdir,1.14,1.29,221,29,0,4,1,0,N,N,N
2018-07-06,2239,1707,1232,20M-50M,2,0.9805,0,2600,285,48,2,27,3,1222,1228,20M-50M,250,300,249,299,0,1,20,523,152,0,0,0,8,5,7,6,1,0,0,0,0,6.11,5.46,5.46,5.46,0,2,0,0,0,33,0,235,0,0,253,2232,0.98677,N,wayback_symdir,1.1337,1.2449,222,28,0,3,0,0,N,N,N
2018-07-13,2239,1708,1234,20M-50M,2,0.98109,7,2600,285,48,2,27,3,1223,1233,20M-50M,250,300,250,300,0,1,19,523,152,0,0,0,8,5,7,6,1,0,0,0,0,6.69,6.03,6.03,6.03,0,2,0,0,0,33,0,234,1,0,253,2232,0.98738,N,wayback_symdir,1.1308,1.279,222,28,0,10,0,0,N,N,N
2018-07-20,2245,1720,1240,20M-50M,2,0.9814,14,2608,286,49,2,27,3,1221,1230,20M-50M,250,300,250,300,0,1,26,518,153,0,0,0,8,5,7,6,1,0,0,0,0,6.55,5.89,5.89,5.89,0,2,0,0,0,33,0,230,1,0,252,2238,0.98768,N,wayback_symdir,1.1316,1.317,221,29,0,37,1,0,N,N,N
2018-07-27,2251,1769,1242,20M-50M,2,0.98292,21,2612,284,49,2,27,3,1210,1216,20M-50M,250,300,250,300,0,1,24,493,155,0,0,0,8,5,7,6,1,0,0,0,0,6.46,5.81,5.81,5.81,0,2,0,0,0,33,0,191,12,0,255,2243,0.98926,N,wayback_symdir,1.1455,1.3352,220,30,0,92,1,0,N,N,N
2018-08-03,2250,1774,1243,20M-50M,2,0.98307,28,2611,284,49,2,27,3,1210,1236,20M-50M,250,300,249,299,0,3,16,495,155,0,0,0,8,5,7,6,1,0,0,0,0,6.58,5.93,5.93,5.93,0,2,0,0,0,35,0,189,15,0,254,2240,0.98945,N,wayback_symdir,1.1773,1.2812,222,28,0,93,0,0,N,N,N
2018-08-10,2255,1774,1250,20M-50M,2,0.98295,3,2618,287,48,2,27,4,1217,1245,20M-50M,250,300,250,300,0,0,23,491,155,0,0,0,7,4,6,5,1,0,0,0,0,5.29,4.63,4.63,4.63,0,2,0,0,0,32,0,191,14,0,252,2245,0.98936,N,wayback_symdir,1.1546,1.2623,221,29,0,56,0,0,N,N,N
2018-08-17,2259,1777,1251,20M-50M,3,0.98295,4,2625,288,49,3,27,4,1217,1246,20M-50M,250,300,250,300,0,2,25,492,156,0,0,0,7,4,6,5,1,0,0,0,0,5.17,4.51,4.51,4.51,0,3,0,0,0,31,0,192,14,0,252,2246,0.98938,N,repo_symdir,1.1946,1.2562,221,29,0,7,0,0,N,N,N
2018-08-24,2256,1785,1258,20M-50M,4,0.98322,2,2623,289,49,3,27,4,1245,1255,20M-50M,250,300,250,300,0,1,18,467,158,0,0,0,6,4,5,4,1,0,0,0,0,5.09,4.43,4.43,4.43,0,4,0,0,0,28,0,184,4,0,247,2244,0.98966,N,repo_symdir,1.1389,1.2763,222,28,0,10,0,0,N,N,N
2018-08-31,2257,1821,1276,20M-50M,4,0.98596,9,2623,289,49,3,26,4,1254,1263,20M-50M,250,300,250,300,0,0,10,449,160,0,0,0,6,4,5,4,1,0,0,0,0,5.07,4.41,4.41,4.41,0,4,0,0,0,28,0,157,11,0,249,2245,0.9923,N,repo_symdir,1.1969,1.2797,221,29,0,15,0,0,N,N,N
2018-09-07,2258,1822,1278,20M-50M,4,0.98636,0,2622,289,47,3,26,4,1254,1262,20M-50M,250,300,250,300,0,1,10,447,162,0,0,0,6,4,5,4,1,0,0,0,0,4.78,4.12,4.12,4.12,0,4,0,0,0,27,0,156,13,0,247,2245,0.99269,N,wayback_symdir,1.1696,1.2873,221,29,0,12,0,0,N,N,N
2018-09-14,2261,1828,1283,20M-50M,3,0.9864,7,2626,289,48,3,26,4,1260,1278,20M-50M,250,300,250,300,0,2,8,446,162,0,0,0,6,4,5,4,1,0,1,1,1,4.78,4.12,4.12,5.12,0,3,0,0,0,27,0,153,15,0,248,2247,0.99273,N,wayback_symdir,1.1844,1.2662,221,29,0,3,0,0,N,N,N
2018-09-21,2261,1835,1282,20M-50M,3,0.98642,14,2626,289,48,3,26,4,1257,1276,20M-50M,250,300,250,300,0,1,7,443,161,0,0,0,6,4,5,4,1,0,1,1,1,4.77,4.11,4.11,5.11,0,3,0,0,0,27,0,149,16,0,248,2248,0.99275,N,wayback_symdir,1.1983,1.2663,222,28,0,5,0,0,N,N,N
2018-09-28,2261,1852,1301,20M-50M,3,0.98682,21,2626,289,48,3,26,4,1265,1283,20M-50M,250,300,250,300,0,0,10,432,161,0,0,0,6,4,5,4,1,0,1,1,2,4.72,4.06,4.06,5.06,0,3,0,0,0,26,0,133,23,0,247,2248,0.99315,N,wayback_symdir,1.1911,1.2449,222,28,0,8,0,0,N,N,N
2018-10-05,2262,1848,1282,20M-50M,3,0.98676,28,2627,289,48,3,26,4,1257,1272,20M-50M,250,300,250,300,0,3,11,420,160,0,0,0,5,3,4,3,1,0,0,0,0,3.59,2.93,2.93,2.93,0,3,0,0,0,23,0,133,14,0,247,2246,0.9931,N,wayback_symdir,1.2041,1.1927,223,27,0,8,0,0,N,N,N
2018-10-12,2266,1860,1277,20M-50M,3,0.98773,3,2639,296,49,3,26,4,1250,1271,20M-50M,250,300,250,299,0,3,17,416,162,0,0,0,3,1,2,1,0,0,8,8,0,2.01,1.36,1.36,9.36,0,3,0,0,0,23,0,134,14,0,242,2162,0.99502,N,wayback_symdir,1.1875,1.212,221,29,0,9,0,0,N,N,N
2018-10-19,2265,1856,1266,20M-50M,3,0.98773,10,2638,296,49,3,26,4,1239,1259,20M-50M,250,300,250,300,0,4,15,412,160,0,0,0,3,1,2,1,0,0,8,8,0,2.01,1.35,1.35,9.35,0,3,0,0,0,22,0,129,16,0,242,2163,0.99499,N,wayback_symdir,1.2078,1.2222,224,26,0,32,0,0,N,N,N
2018-10-26,2262,1865,1250,20M-50M,3,0.98789,17,2635,296,49,3,26,4,1231,1244,20M-50M,250,300,250,300,0,4,12,396,163,0,0,0,3,1,2,1,0,0,8,8,0,1.97,1.31,1.31,9.31,0,3,0,0,0,21,0,119,10,0,243,2163,0.99519,N,wayback_symdir,1.1668,1.2481,223,27,0,92,0,0,N,N,N
2018-11-02,2262,1874,1266,20M-50M,3,0.98795,24,2637,297,50,3,26,4,1249,1262,20M-50M,250,300,250,300,0,3,9,394,161,0,0,0,3,1,2,1,0,0,8,8,0,2.05,1.4,1.4,9.4,0,3,0,0,0,21,0,117,10,0,243,2166,0.99524,N,wayback_symdir,1.148,1.261,224,26,0,93,0,0,N,N,N
2018-11-09,2262,1868,1261,20M-50M,3,0.98797,31,2637,297,50,3,26,4,1245,1259,20M-50M,250,300,250,300,0,5,6,396,161,0,0,0,3,1,2,1,0,0,8,8,0,1.97,1.31,1.31,9.31,0,3,0,0,0,22,0,117,11,0,243,2166,0.99524,N,wayback_symdir,1.163,1.2438,225,25,0,64,0,0,N,N,N
2018-11-16,2261,1874,1248,20M-50M,3,0.98798,38,2633,297,47,3,26,4,1238,1246,20M-50M,250,300,250,300,0,4,5,390,161,0,0,0,3,1,2,1,0,0,7,7,0,1.96,1.3,1.3,8.3,0,3,0,0,0,21,0,116,7,0,243,2169,0.99525,N,wayback_symdir,1.1736,1.2154,226,23,0,12,0,0,N,N,N
2018-11-23,2264,1883,1247,20M-50M,3,0.98811,2,2649,305,52,3,26,4,1236,1242,20M-50M,250,300,250,300,0,0,4,387,158,0,0,0,3,1,3,2,0,0,6,6,0,1.96,1.3,1.3,7.3,0,3,0,0,0,20,0,113,9,0,242,2179,0.99482,N,wayback_symdir,1.166,1.197,226,24,0,7,1,0,N,N,N
2018-11-30,2266,1888,1260,20M-50M,3,0.98832,9,2650,304,52,3,26,4,1250,1254,20M-50M,250,300,250,300,0,2,5,383,157,0,0,0,3,1,3,2,0,0,6,6,0,1.95,1.29,1.29,7.29,0,3,0,0,0,20,0,111,7,0,242,2181,0.99502,N,wayback_symdir,1.1603,1.2284,226,24,0,16,1,0,N,N,N
2018-12-07,2265,1888,1240,20M-50M,3,0.98882,16,2649,304,52,3,26,4,1231,1234,20M-50M,250,300,250,300,0,5,4,382,158,0,0,0,3,1,2,1,0,0,6,6,0,1.95,1.29,1.29,7.29,0,3,0,0,0,20,0,111,6,0,242,2180,0.99605,N,wayback_symdir,1.1765,1.2319,226,24,0,14,2,1,N,N,N
2018-12-14,2264,1887,1231,20M-50M,3,0.98839,23,2648,304,52,3,26,4,1220,1224,20M-50M,250,300,250,300,0,6,4,379,158,0,0,0,3,1,2,1,0,0,6,6,0,1.94,1.28,1.28,7.28,0,3,0,0,0,20,0,108,6,0,242,2180,0.99562,N,wayback_symdir,1.2171,1.2221,224,26,0,4,3,1,N,N,N
2018-12-21,2258,1888,1185,20M-50M,3,0.98848,30,2640,302,52,3,26,4,1173,1182,20M-50M,250,300,248,298,0,5,3,377,157,0,0,0,3,1,3,2,0,0,5,5,0,1.94,1.28,1.28,6.28,0,3,0,0,0,20,0,105,8,0,241,2180,0.99515,N,wayback_symdir,1.2026,1.2541,223,27,0,4,3,1,N,N,N
2018-12-28,2255,1886,1202,20M-50M,3,0.98851,37,2637,302,52,3,26,4,1192,1199,20M-50M,248,298,248,298,0,3,3,373,157,0,0,0,3,1,3,2,0,0,5,5,0,1.93,1.27,1.27,6.27,0,3,0,0,0,20,0,104,6,0,240,2179,0.99519,N,wayback_symdir,1.229,1.3133,223,27,0,3,3,1,N,N,N
2019-01-04,2258,1890,1225,20M-50M,3,0.99017,0,2640,307,47,3,26,4,1215,1223,20M-50M,250,300,250,300,0,1,3,370,158,0,0,0,3,1,3,2,0,0,6,6,0,1.75,1.18,1.18,7.18,0,3,0,0,0,19,0,103,6,0,239,2183,0.99592,N,wayback_companylist,1.2051,1.3211,225,25,0,22,2,0,N,N,N
2019-01-11,2256,1885,1231,20M-50M,3,0.99074,2,2643,310,49,3,26,4,1221,1228,20M-50M,249,299,248,298,0,3,4,371,158,0,0,0,3,1,3,2,0,0,7,7,0,1.75,1.18,1.18,8.18,0,3,0,0,0,19,0,104,6,0,239,2184,0.99649,N,repo_symdir,1.2223,1.3316,224,26,0,16,1,0,N,N,N
2019-01-18,2257,1885,1234,20M-50M,3,0.99078,9,2644,310,49,3,26,4,1226,1233,20M-50M,250,300,250,300,0,3,4,369,159,0,0,0,3,1,3,2,0,0,7,7,0,1.18,1.17,1.17,8.17,0,3,0,0,0,18,0,104,5,0,239,2185,0.99647,N,repo_symdir,1.1568,1.3328,225,25,0,30,2,0,N,N,N
2019-01-25,2253,1877,1236,20M-50M,3,0.98962,16,2640,310,49,3,26,4,1231,1235,20M-50M,249,299,249,299,0,1,3,371,158,0,0,0,3,1,3,2,0,0,8,8,0,1.38,1.38,1.38,9.38,0,3,0,0,0,18,0,108,3,0,239,2185,0.99586,N,repo_symdir,1.1627,1.3209,225,25,0,45,2,0,N,N,N
2019-02-01,2253,1878,1241,20M-50M,3,0.98959,23,2638,308,49,3,26,4,1237,1240,20M-50M,250,300,250,300,0,3,4,371,160,0,0,0,4,2,3,2,0,0,8,8,0,1.38,1.38,1.38,9.38,0,3,0,0,0,19,0,108,2,0,239,2186,0.99586,N,repo_symdir,1.2247,1.3223,225,25,0,64,2,0,N,N,N
2019-02-08,2256,1878,1238,20M-50M,3,0.98961,30,2641,308,49,3,26,4,1233,1232,20M-50M,250,300,250,300,0,3,8,370,161,0,0,0,4,2,3,2,0,0,7,7,0,1.17,1.17,1.17,8.17,0,3,0,0,0,19,0,109,0,0,239,2190,0.99587,N,repo_symdir,1.2201,1.3138,225,25,0,57,2,0,N,N,N
2019-02-15,2253,1878,1250,20M-50M,3,0.98952,37,2639,309,49,3,26,4,1245,1247,20M-50M,250,300,248,298,0,2,7,372,162,0,0,0,2,1,2,1,0,0,7,7,0,1.18,1.17,1.17,8.17,0,3,0,0,0,19,0,109,0,0,241,2191,0.99578,N,repo_symdir,1.1957,1.2952,224,26,0,40,1,0,N,N,N
2019-02-22,2252,1878,1256,20M-50M,3,0.99011,44,2639,310,49,3,26,4,1251,1254,20M-50M,249,299,249,299,0,2,6,374,162,0,0,0,2,1,2,1,0,0,8,8,0,1.18,1.18,1.18,9.18,0,3,0,0,0,20,0,110,0,0,241,2191,0.99637,N,repo_symdir,1.1897,1.3046,225,25,0,53,3,2,N,N,N
2019-03-01,2253,1879,1251,20M-50M,3,0.99009,51,2638,307,50,3,26,4,1244,1249,20M-50M,250,300,250,300,0,3,7,374,161,0,0,0,2,1,2,1,0,0,6,6,0,1.19,1.18,1.18,7.18,0,3,0,0,0,19,0,110,2,0,240,2192,0.99636,N,repo_symdir,1.1836,1.2676,226,24,0,49,3,2,N,N,N
2019-03-08,2254,1880,1233,20M-50M,3,0.99009,58,2638,306,50,3,26,4,1226,1231,20M-50M,250,300,250,299,0,3,8,374,161,0,0,0,2,1,2,1,0,0,6,6,0,1.19,1.18,1.18,7.18,0,3,0,0,0,19,0,110,2,0,240,2193,0.99635,N,repo_symdir,1.1716,1.2536,226,24,0,6,4,2,N,N,N
2019-03-15,2254,1881,1242,20M-50M,2,0.98943,2,2643,309,52,3,26,4,1237,1239,20M-50M,250,300,250,300,0,0,8,370,161,0,0,0,2,1,2,1,0,0,2,2,0,1.19,1.19,1.19,3.19,0,2,0,0,0,19,0,111,2,0,236,2200,0.99571,N,wayback_symdir,1.1374,1.2321,224,26,0,10,4,2,N,N,N
2019-03-22,2260,1884,1239,20M-50M,2,0.98941,9,2646,306,52,3,26,4,1233,1234,20M-50M,250,300,248,298,0,3,7,374,163,0,0,0,2,1,2,1,0,0,3,3,0,1.19,1.19,1.19,4.19,0,2,0,0,0,19,0,111,2,0,240,2203,0.9957,N,wayback_symdir,1.1223,1.2349,225,25,0,7,2,0,N,N,N
2019-03-29,2263,1885,1241,20M-50M,2,0.98999,16,2647,305,51,3,26,4,1233,1237,20M-50M,250,300,250,300,0,3,10,373,164,0,0,0,2,1,2,1,0,0,3,3,0,1.18,1.18,1.18,4.18,0,2,0,0,0,19,0,111,1,0,240,2207,0.99628,N,wayback_symdir,1.1395,1.2035,224,26,0,6,2,0,N,N,N
2019-04-05,2262,1885,1256,20M-50M,2,0.98936,23,2646,305,51,3,26,4,1243,1250,20M-50M,249,299,248,298,0,5,10,376,163,0,0,0,4,2,3,2,0,0,3,3,0,1.44,1.44,1.44,4.44,0,2,0,0,0,19,0,110,4,0,241,2204,0.99567,N,wayback_symdir,1.1332,1.2054,223,27,0,3,1,0,N,N,N
2019-04-12,2254,1885,1248,20M-50M,2,0.99003,30,2637,305,50,3,26,4,1236,1246,20M-50M,250,300,250,300,0,2,8,370,164,0,0,0,4,2,3,2,0,0,3,3,0,1.42,1.42,1.42,4.42,0,2,0,0,0,19,0,107,4,0,238,2199,0.99636,N,wayback_symdir,1.104,1.1835,227,23,0,9,1,0,N,N,N
2019-04-18,2255,1888,1245,20M-50M,1,0.99002,36,2640,306,51,3,26,4,1232,1240,20M-50M,250,300,250,300,0,0,13,366,164,0,0,0,3,2,2,2,0,0,2,2,0,1.22,1.22,1.22,3.22,0,1,0,0,0,19,0,107,2,0,237,2202,0.99636,N,wayback_symdir,1.0851,1.2286,228,22,0,28,1,0,N,N,N
2019-04-26,2255,1886,1248,20M-50M,1,0.99002,44,2639,306,50,3,26,4,1239,1243,20M-50M,250,300,250,300,0,1,10,367,164,0,0,0,1,1,1,1,0,0,2,2,0,1.18,1.18,1.18,3.18,0,1,0,0,0,19,0,109,1,0,237,2202,0.99635,N,wayback_symdir,1.1263,1.1839,226,24,0,104,0,0,N,N,N
2019-05-03,2256,1887,1262,20M-50M,1,0.98948,51,2640,306,50,3,26,4,1251,1257,20M-50M,249,299,249,299,0,3,11,362,164,0,0,0,1,1,1,1,0,0,2,2,0,1.16,1.16,1.16,3.16,0,1,0,0,0,19,0,107,1,0,234,2201,0.99581,N,wayback_symdir,1.1339,1.1772,226,24,0,108,0,0,N,N,N
2019-05-10,2271,1900,1264,20M-50M,1,0.98985,4,2662,313,50,3,25,4,1250,1253,20M-50M,250,300,250,300,0,0,15,367,166,0,0,0,1,1,1,1,0,0,1,1,0,1.17,1.17,1.17,2.17,0,1,0,0,0,21,0,108,1,0,236,2220,0.99634,N,wayback_symdir,1.118,1.1487,228,22,0,52,0,0,N,N,N
2019-05-17,2271,1895,1257,20M-50M,1,0.98978,11,2660,311,50,3,25,4,1241,1251,20M-50M,250,300,250,300,0,0,15,370,166,0,0,0,1,1,1,1,0,0,1,1,0,1.18,1.18,1.18,2.18,0,1,0,0,0,21,0,109,3,0,236,2220,0.9963,N,wayback_symdir,1.1514,1.1589,228,22,0,7,0,0,N,N,N
2019-05-24,2273,1903,1249,20M-50M,1,0.99061,18,2662,311,50,3,25,4,1238,1246,20M-50M,250,300,250,300,0,1,11,369,168,0,0,0,0,0,0,0,0,0,1,1,0,0.56,0.56,0.56,1.56,0,1,0,0,0,20,0,111,0,0,237,2221,0.99714,N,wayback_symdir,1.1465,1.1773,228,22,0,10,0,0,N,N,N
2019-05-31,2271,1901,1232,20M-50M,1,0.9907,25,2660,311,50,3,25,4,1219,1228,20M-50M,250,300,250,300,0,1,11,367,167,0,0,0,0,0,0,0,0,0,1,1,0,0.56,0.56,0.56,1.56,0,1,0,0,0,20,0,110,1,0,235,2219,0.99723,N,wayback_symdir,1.1514,1.1923,228,22,0,13,0,0,N,N,N
2019-06-07,2270,1903,1237,20M-50M,1,0.99069,32,2660,311,51,3,25,4,1229,1235,20M-50M,250,300,250,300,0,0,8,365,167,0,0,0,1,0,1,1,0,0,1,1,0,0.6,0.6,0.6,1.6,0,1,0,0,0,20,0,110,0,0,234,2218,0.99722,N,wayback_symdir,1.1658,1.1665,229,21,0,12,0,0,N,N,N
2019-06-14,2275,1914,1241,20M-50M,1,0.99129,0,2671,316,52,3,25,4,1235,1237,20M-50M,250,300,250,300,0,0,7,362,168,0,0,0,1,0,0,0,0,0,0,0,0,0.77,0.77,0.77,0.77,0,1,0,0,0,20,0,108,1,0,232,2275,0.9972,N,wayback_symdir,1.1547,1.1683,230,20,0,5,0,0,Y,Y,Y
2019-06-21,2281,1920,1254,20M-50M,1,0.99129,4,2677,316,52,3,25,4,1244,1249,20M-50M,250,300,250,300,0,1,11,364,167,0,0,0,1,0,0,0,0,0,0,0,0,0.78,0.77,0.77,0.77,0,1,0,0,0,20,0,108,2,0,233,2280,0.99718,N,repo_symdir,1.1722,1.1935,231,19,0,3,0,0,Y,Y,Y
2019-06-28,2287,1921,1269,20M-50M,1,0.99128,11,2683,316,52,3,25,4,1254,1259,20M-50M,250,300,250,300,0,1,15,364,169,0,0,0,0,0,0,0,0,0,0,0,0,0.73,0.73,0.73,0.73,0,1,0,0,0,20,0,108,2,0,233,2285,0.9972,N,repo_symdir,1.1502,1.1735,230,20,0,6,0,0,Y,Y,Y
2019-07-05,2288,1920,1269,20M-50M,1,0.99125,18,2684,316,52,3,25,4,1254,1261,20M-50M,250,300,250,300,0,2,17,366,169,0,0,0,1,0,0,0,0,0,0,0,0,0.82,0.82,0.82,0.82,0,1,0,0,0,20,0,110,2,0,233,2286,0.99716,N,repo_symdir,1.1708,1.1538,230,20,0,4,1,0,Y,Y,Y
2019-07-12,2285,1920,1265,20M-50M,1,0.99131,25,2681,316,52,3,25,4,1249,1262,20M-50M,250,300,250,300,0,1,16,366,169,0,0,0,0,0,0,0,0,0,0,0,0,0.82,0.82,0.82,0.82,0,1,0,0,0,18,0,111,3,0,233,2284,0.99724,N,repo_symdir,1.1332,1.1597,232,18,0,11,1,0,Y,Y,Y
2019-07-19,2286,1906,1260,20M-50M,1,0.99111,32,2681,315,52,3,25,4,1244,1256,20M-50M,250,300,250,300,0,2,16,364,169,0,0,0,1,0,0,0,0,0,0,0,0,0.81,0.81,0.81,0.81,0,1,0,0,0,17,0,112,2,0,232,2284,0.99706,N,repo_symdir,1.1289,1.1393,232,18,0,33,1,0,Y,Y,Y
2019-07-26,2286,1896,1256,20M-50M,1,0.99057,39,2683,316,53,3,25,4,1242,1251,20M-50M,250,300,250,300,0,5,13,377,170,0,0,0,1,0,0,0,0,0,0,0,0,0.84,0.84,0.84,0.84,0,1,0,0,0,18,0,124,2,0,232,2281,0.99652,N,repo_symdir,1.1066,1.1577,232,18,0,93,1,0,Y,Y,Y
2019-08-02,2286,1903,1244,20M-50M,1,0.99106,46,2683,316,53,3,25,4,1234,1237,20M-50M,250,300,249,299,0,7,9,379,170,0,0,0,1,0,0,0,0,0,0,0,0,0.81,0.81,0.81,0.81,0,1,0,0,0,18,0,126,2,0,232,2279,0.99702,N,repo_symdir,1.0984,1.1469,232,18,0,96,0,0,Y,Y,Y
2019-08-09,2286,1908,1234,20M-50M,1,0.99058,0,2689,321,54,4,24,4,1225,1231,20M-50M,250,300,250,300,0,0,10,377,171,0,0,0,1,0,0,0,0,0,0,0,0,0.84,0.84,0.84,0.84,0,1,0,0,0,17,0,127,1,0,231,2284,0.99654,N,wayback_symdir,1.0912,1.1556,232,18,0,61,0,0,Y,Y,Y
2019-08-16,2286,1909,1226,20M-50M,2,0.99059,7,2689,321,54,4,24,4,1218,1224,20M-50M,250,300,250,300,0,0,10,375,171,0,0,0,3,1,1,0,1,0,0,0,0,0.83,0.83,0.83,0.83,0,2,0,0,0,17,0,124,1,0,231,2284,0.99656,N,wayback_symdir,1.0954,1.1676,233,17,0,10,0,0,N,N,Y
2019-08-23,2286,1886,1212,20M-50M,2,0.99023,14,2688,320,54,4,24,4,1204,1212,20M-50M,250,300,250,300,0,1,7,377,172,0,0,0,1,0,1,0,0,0,0,0,0,0.83,0.83,0.83,0.83,0,2,0,0,0,17,0,125,2,0,231,2283,0.99619,N,wayback_symdir,1.072,1.1249,234,16,0,9,0,0,N,N,Y
2019-08-30,2284,1877,1211,20M-50M,2,0.98993,21,2686,320,54,4,24,4,1206,1211,20M-50M,250,300,250,300,0,1,4,396,172,0,0,0,2,0,1,0,0,0,1,1,0,0.88,0.88,0.88,1.88,0,2,0,0,0,18,0,144,2,0,230,2281,0.99611,N,wayback_symdir,1.0716,1.1167,233,17,0,15,0,0,N,N,N
2019-09-06,2283,1878,1217,20M-50M,2,0.98997,28,2685,320,54,4,24,4,1214,1217,20M-50M,250,300,250,300,0,1,2,404,174,0,0,0,2,0,1,0,0,0,1,1,0,0.9,0.9,0.9,1.9,0,2,0,0,0,19,0,151,3,0,229,2280,0.99615,N,wayback_symdir,1.0811,1.1143,233,17,0,11,0,0,N,N,N
2019-09-13,2286,1878,1242,20M-50M,2,0.98927,0,2689,321,54,4,24,4,1237,1238,20M-50M,250,300,250,300,0,0,5,403,174,0,0,0,3,0,3,2,0,0,0,0,0,1.98,1.98,0.86,1.98,0,2,0,0,0,19,0,151,1,0,230,2284,0.99544,N,wayback_symdir,1.0814,1.1449,234,16,0,5,0,0,N,N,N
2019-09-20,2288,1869,1237,20M-50M,2,0.98847,7,2691,321,54,4,24,4,1229,1228,20M-50M,250,300,250,300,0,1,6,401,174,0,0,0,5,1,3,2,1,0,0,0,0,2.06,2.06,0.93,2.06,0,2,0,0,0,19,0,148,1,0,231,2285,0.99467,N,wayback_symdir,1.0904,1.1381,233,17,0,3,1,1,N,N,N
2019-09-27,2290,1858,1225,20M-50M,2,0.98877,14,2693,321,54,4,24,4,1215,1219,20M-50M,250,300,250,300,0,6,8,420,173,0,0,0,6,1,4,3,1,0,0,0,0,2.11,2.11,0.98,2.11,0,2,0,0,0,23,0,164,0,0,231,2282,0.99493,N,wayback_symdir,1.0779,1.1107,232,18,0,3,1,1,N,N,N
2019-10-04,2291,1860,1216,20M-50M,2,0.98879,21,2693,320,54,4,24,4,1200,1209,20M-50M,250,300,250,300,0,4,13,428,172,0,0,0,6,1,4,3,1,0,0,0,0,2.17,2.17,1.04,2.17,0,2,0,0,0,25,0,170,1,0,230,2285,0.99492,N,wayback_symdir,1.0561,1.1322,234,16,0,10,2,1,N,N,N
2019-10-11,2290,1868,1210,20M-50M,2,0.98901,28,2692,320,54,4,24,4,1192,1202,20M-50M,250,300,249,299,0,4,15,425,172,0,0,0,6,1,4,3,1,0,0,0,0,2.16,2.16,1.04,2.16,0,2,0,0,0,25,0,167,1,0,230,2284,0.99496,N,wayback_symdir,1.0805,1.1444,233,17,0,7,2,1,N,N,N
2019-10-18,2288,1852,1212,20M-50M,2,0.98892,35,2688,319,54,4,23,4,1198,1210,20M-50M,250,300,250,300,0,5,11,423,172,0,0,0,6,1,4,3,1,0,0,0,0,2.12,2.12,0.99,2.12,0,2,0,0,0,24,0,167,1,0,229,2281,0.99487,N,wayback_symdir,1.0795,1.1259,233,16,0,28,1,0,N,N,N
2019-10-25,2288,1841,1213,20M-50M,1,0.98615,42,2687,318,54,4,23,4,1199,1209,20M-50M,249,299,248,298,0,5,13,432,172,0,0,0,4,0,3,3,0,0,0,0,0,2.15,2.15,1.02,2.15,0,1,0,0,0,24,0,178,0,0,229,2281,0.9921,N,wayback_symdir,1.115,1.1165,231,18,0,81,2,1,N,N,N
2019-11-01,2288,1843,1216,20M-50M,1,0.98617,49,2688,318,55,4,23,4,1202,1210,20M-50M,250,300,249,299,0,5,13,442,172,0,0,0,5,1,4,4,0,0,0,0,0,3.15,3.14,2.02,3.14,0,1,0,0,0,26,0,186,0,0,229,2281,0.99209,N,wayback_symdir,1.0708,1.1167,234,15,0,95,1,1,N,N,N
2019-11-08,2286,1850,1214,20M-50M,1,0.98648,2,2696,326,57,4,23,4,1205,1211,20M-50M,250,300,250,300,0,1,12,431,172,0,0,0,3,1,2,2,0,0,0,0,0,2,1.99,1.99,1.99,0,1,0,0,0,25,0,181,0,0,224,2282,0.99237,N,repo_symdir,1.0859,1.0978,235,15,0,61,2,1,N,N,N
2019-11-15,2286,1845,1211,20M-50M,2,0.98643,9,2696,326,57,4,23,4,1204,1210,20M-50M,250,300,250,300,0,2,10,433,171,0,0,0,4,1,3,2,0,0,0,0,0,2,2,2,2,0,2,0,0,0,25,0,182,0,0,224,2281,0.9923,N,repo_symdir,1.0911,1.1007,236,14,0,11,2,1,N,N,N
2019-11-22,2285,1840,1216,20M-50M,1,0.98687,16,2694,326,57,3,23,4,1208,1215,20M-50M,250,300,250,300,0,1,11,436,171,0,0,0,3,1,2,2,0,0,0,0,0,2.01,2.01,2.01,2.01,0,1,0,0,0,25,0,186,0,0,224,2280,0.99274,N,repo_symdir,1.0946,1.1142,236,14,0,11,1,0,N,N,N
2019-11-29,2284,1837,1226,20M-50M,1,0.98649,23,2692,326,57,2,23,4,1221,1223,20M-50M,249,299,249,299,0,3,6,441,172,0,0,0,2,1,2,2,0,0,0,0,0,1.98,1.98,1.98,1.98,0,1,0,0,0,25,0,190,1,0,224,2277,0.99238,N,repo_symdir,1.0913,1.1269,236,14,0,10,2,0,N,N,N
2019-12-06,2281,1840,1224,20M-50M,2,0.98592,30,2689,326,57,2,23,4,1220,1222,20M-50M,250,300,249,299,0,3,4,439,170,0,0,0,5,2,3,2,1,0,0,0,0,2.02,2.02,2.02,2.02,0,2,0,0,0,26,0,185,2,0,224,2274,0.99181,N,repo_symdir,1.0678,1.111,235,15,0,16,2,0,N,N,N
2019-12-13,2280,1834,1226,20M-50M,2,0.98548,37,2688,326,57,2,23,4,1220,1223,20M-50M,250,300,250,300,0,1,2,435,171,0,0,0,5,2,3,2,1,0,0,0,0,2.01,2,2,2,0,2,0,0,0,26,0,179,4,0,224,2275,0.99138,N,repo_symdir,1.0802,1.096,235,14,0,12,2,0,N,N,N
2019-12-20,2279,1830,1227,20M-50M,2,0.98656,44,2686,325,57,2,23,4,1219,1224,20M-50M,250,300,249,299,0,2,2,447,172,0,0,0,4,2,2,1,1,0,0,0,0,2.22,2.21,2.21,2.21,0,2,0,0,0,29,0,186,6,0,224,2273,0.99246,N,repo_symdir,1.084,1.1276,233,16,0,5,2,0,N,N,N
2019-12-27,2279,1832,1227,20M-50M,2,0.98584,0,2696,330,62,2,23,4,1217,1222,20M-50M,250,300,250,300,0,1,3,453,175,1,1,1,6,2,3,2,2,0,0,0,0,3.03,3.03,3.03,3.03,0,2,0,0,0,31,0,190,7,0,223,2273,0.99192,N,repo_symdir,1.0877,1.073,233,17,0,0,1,0,N,N,N
2020-01-03,2279,1841,1225,20M-50M,2,0.98634,7,2697,330,63,2,23,4,1212,1218,20M-50M,250,300,250,300,0,2,3,445,174,1,1,1,4,1,3,2,0,0,0,0,0,3.49,3.49,3.49,3.49,0,2,0,0,0,31,0,179,10,0,223,2273,0.99231,N,repo_symdir,1.1225,1.1076,234,16,0,5,0,0,N,N,N
2020-01-10,2276,1841,1232,20M-50M,2,0.98635,14,2696,330,65,2,23,4,1220,1228,20M-50M,249,299,249,299,0,1,4,441,174,1,1,1,5,1,3,2,0,0,0,0,0,3.48,3.47,3.47,3.47,0,2,0,0,0,31,0,178,10,0,220,2271,0.99233,N,repo_symdir,1.086,1.0977,234,16,0,26,0,0,N,N,N
2020-01-17,2275,1838,1237,20M-50M,2,0.98635,21,2696,330,66,2,23,4,1226,1236,20M-50M,250,300,249,299,0,1,5,440,177,1,1,1,4,1,2,1,0,0,0,0,0,3.46,3.46,3.46,3.46,0,2,0,0,0,31,0,179,8,0,220,2270,0.99293,N,repo_symdir,1.1157,1.0885,234,16,0,25,0,0,N,N,N
2020-01-24,2275,1843,1225,20M-50M,2,0.98638,28,2696,330,66,2,23,4,1213,1222,20M-50M,250,300,250,300,0,1,4,441,177,1,1,1,4,1,2,1,0,0,0,0,0,3.24,3.24,3.24,3.24,0,2,0,0,0,31,0,178,10,0,220,2270,0.99296,N,repo_symdir,1.0752,1.0936,235,15,0,38,0,0,N,N,N
2020-01-31,2277,1851,1227,20M-50M,2,0.98649,35,2698,330,66,2,23,4,1212,1220,20M-50M,250,300,250,300,0,1,7,435,178,1,1,1,4,1,2,1,0,0,0,0,0,3.21,3.21,3.21,3.21,0,2,0,0,0,30,0,173,9,0,221,2272,0.99307,N,repo_symdir,1.1002,1.1011,234,16,0,63,0,0,N,N,N
2020-02-07,2279,1854,1235,20M-50M,2,0.98654,42,2699,329,66,2,23,4,1223,1226,20M-50M,250,300,250,300,0,2,11,425,176,0,0,0,3,1,2,1,0,0,0,0,0,2.15,2.14,2.14,2.14,0,2,0,0,0,29,0,170,3,0,221,2273,0.99312,N,repo_symdir,1.0509,1.1291,235,15,0,54,0,0,N,N,N
2020-02-14,2278,1858,1240,20M-50M,2,0.9866,49,2696,328,66,2,22,4,1225,1232,20M-50M,250,300,250,300,0,1,10,423,174,0,0,0,3,1,2,1,0,0,0,0,0,2.15,2.14,2.14,2.14,0,2,0,0,0,29,0,166,5,0,221,2273,0.99318,N,repo_symdir,1.0907,1.104,236,14,0,56,0,0,N,N,N
2020-02-21,2274,1859,1250,20M-50M,2,0.98662,56,2691,327,66,2,22,4,1234,1246,20M-50M,250,300,250,300,0,0,9,422,175,0,0,0,3,1,2,1,0,0,0,0,0,2.14,2.14,2.14,2.14,0,2,0,0,0,29,0,164,7,0,220,2270,0.9932,N,repo_symdir,1.1186,1.1154,235,15,0,50,0,0,N,N,N
2020-02-28,2287,1869,1215,20M-50M,3,0.98657,0,2712,333,66,3,23,4,1200,1213,20M-50M,250,300,250,300,0,0,11,419,174,0,0,0,4,1,2,1,0,0,0,0,0,2.45,2.44,2.44,2.44,0,3,0,0,0,29,0,161,5,0,221,2283,0.99313,N,repo_symdir,1.1041,1.1015,235,15,0,42,0,0,N,N,N
2020-03-06,2288,1875,1208,20M-50M,3,0.98667,7,2712,332,66,3,23,4,1198,1204,20M-50M,250,300,250,300,0,0,7,415,175,0,0,0,4,1,2,1,0,0,0,0,0,2.43,2.42,2.42,2.42,0,3,0,0,0,29,0,158,4,0,221,2284,0.99323,N,repo_symdir,1.0996,1.1521,236,14,0,10,0,0,N,N,N
2020-03-13,2288,1878,1110,50M-100M,3,0.98661,14,2712,332,66,3,23,4,1104,1108,20M-50M,250,300,250,300,0,0,3,411,174,0,0,0,4,1,2,1,0,0,0,0,0,2.42,2.41,2.41,2.41,0,3,0,0,0,28,0,156,3,0,221,2284,0.99318,N,repo_symdir,1.1102,1.0951,237,13,0,9,0,0,N,N,N
2020-03-20,2289,1883,1015,50M-100M,3,0.98677,21,2711,330,66,3,23,4,1011,1014,20M-50M,249,299,249,299,0,2,2,407,173,0,0,0,4,1,2,1,0,0,0,0,0,2.83,2.39,2.39,2.39,0,3,0,0,0,27,0,154,3,0,220,2283,0.99334,N,repo_symdir,1.0967,1.0484,234,16,0,9,1,0,N,N,N
2020-03-27,2288,1883,1070,50M-100M,3,0.98676,28,2709,330,65,3,23,4,1066,1070,20M-50M,250,300,250,300,0,1,2,405,175,0,0,0,4,1,2,1,0,0,0,0,0,2.81,2.38,2.38,2.38,0,3,0,0,0,27,0,153,2,0,220,2283,0.99336,N,repo_symdir,1.0874,1.104,238,12,0,4,2,0,N,N,N
2020-04-03,2288,1882,1025,50M-100M,3,0.98671,0,2710,332,63,4,23,4,1021,1024,20M-50M,250,300,250,300,0,0,2,403,175,0,0,0,4,1,2,1,0,0,0,0,0,2.71,2.28,2.28,2.28,0,3,0,0,0,28,0,151,2,0,219,2284,0.99332,N,repo_symdir,1.0567,1.0842,238,12,0,13,2,0,N,N,N
2020-04-09,2289,1885,1106,50M-100M,3,0.98658,6,2711,332,63,4,23,4,1102,1104,20M-50M,249,299,249,299,0,1,3,402,175,0,0,0,3,1,2,1,0,0,0,0,0,2.52,2.09,2.09,2.09,0,3,0,0,0,28,0,151,1,0,219,2284,0.99319,N,repo_symdir,1.0902,1.0993,238,12,0,18,2,0,N,N,N
2020-04-17,2290,1886,1106,50M-100M,3,0.9867,3,2711,332,62,4,23,4,1104,1105,20M-50M,250,300,249,299,0,1,2,401,174,0,0,0,3,1,2,1,0,0,0,0,0,2.48,2.05,2.05,2.05,0,3,0,0,0,28,0,151,0,0,219,2285,0.99331,N,repo_symdir,1.0369,1.1019,238,12,0,22,1,0,N,N,N
2020-04-24,2291,1887,1118,50M-100M,3,0.98662,0,2709,331,61,3,23,4,1113,1115,20M-50M,250,300,250,300,0,0,4,400,174,0,0,0,3,1,2,1,0,0,0,0,0,2.48,2.05,2.05,2.05,0,3,0,0,0,27,0,150,1,0,219,2287,0.99322,N,repo_symdir,1.0469,1.1425,237,13,0,59,0,0,N,N,N
2020-05-01,2288,1892,1141,50M-100M,3,0.98672,2,2706,331,61,3,23,4,1136,1139,20M-50M,250,300,250,300,0,1,5,397,176,0,0,0,4,1,2,1,0,0,0,0,0,2.73,2.3,2.3,2.3,0,3,0,0,0,26,0,148,2,0,218,2283,0.99334,N,repo_symdir,1.0704,1.0976,237,13,0,108,0,0,N,N,N
2020-05-08,2288,1885,1164,50M-100M,3,0.9867,9,2706,331,61,3,23,4,1160,1162,20M-50M,250,300,250,300,0,4,4,397,175,0,0,0,4,1,2,1,0,0,0,0,0,2.73,2.3,2.3,2.3,0,3,0,0,0,26,0,148,2,0,218,2280,0.99331,N,repo_symdir,1.0727,1.1151,236,14,0,105,0,0,N,N,N
2020-05-15,2285,1894,1129,50M-100M,3,0.98713,16,2701,329,61,3,23,4,1126,1128,20M-50M,250,300,250,300,0,2,3,390,174,0,0,0,3,1,2,1,0,0,0,0,0,2.43,2,2,2,0,3,0,0,0,24,0,144,2,0,217,2279,0.99374,N,repo_symdir,1.0668,1.0976,237,13,0,10,1,1,N,N,N
2020-05-22,2286,1901,1169,20M-50M,3,0.98716,0,2707,331,64,3,23,4,1162,1166,20M-50M,250,300,250,300,0,1,7,384,173,0,0,0,3,1,2,1,0,0,0,0,0,2.37,1.94,1.94,1.94,0,3,0,0,0,24,0,138,4,0,215,2280,0.99376,N,repo_symdir,1.0586,1.0796,236,14,0,15,1,1,N,N,N
2020-05-29,2286,1900,1188,20M-50M,3,0.98705,7,2707,331,64,3,23,4,1183,1185,20M-50M,250,300,250,300,0,1,6,382,172,0,0,0,3,1,2,1,0,0,0,0,0,2.37,1.93,1.93,1.93,0,3,0,0,0,24,0,137,3,0,215,2280,0.99363,N,repo_symdir,1.0559,1.1414,236,14,0,16,1,1,N,N,N
2020-06-05,2288,1901,1223,50M-100M,3,0.98663,4,2706,329,63,3,23,4,1215,1219,20M-50M,249,299,249,299,0,2,7,385,174,0,0,0,4,1,2,1,0,0,0,0,0,2.69,2.26,2.26,2.26,0,3,0,0,0,25,0,140,3,0,214,2281,0.99376,N,repo_symdir,1.1054,1.132,235,15,0,8,1,0,N,N,N
2020-06-12,2291,1904,1192,50M-100M,3,0.99038,11,2709,329,63,3,23,4,1180,1183,20M-50M,249,299,249,299,0,4,10,385,174,1,1,1,3,0,1,0,0,0,1,1,0,2.63,2.06,2.06,3.06,0,3,0,0,0,25,0,139,4,0,214,2249,0.99698,N,repo_symdir,1.0766,1.1167,235,15,0,5,1,0,N,N,N
2020-06-19,2292,1904,1210,50M-100M,3,0.99037,18,2710,329,63,3,23,4,1198,1205,20M-50M,250,300,250,300,0,4,12,384,174,1,1,1,3,0,1,0,0,0,1,1,1,2.54,1.96,1.96,2.96,0,3,0,0,0,25,0,139,3,0,214,2250,0.99696,N,repo_symdir,1.0557,1.0957,237,13,0,0,1,0,N,N,N
2020-06-26,2292,1909,1185,50M-100M,3,0.99043,25,2709,329,62,3,23,4,1174,1182,20M-50M,250,300,250,300,0,4,11,378,173,1,1,1,3,0,1,0,0,0,1,1,1,2.56,2.12,2.12,3.12,0,3,0,0,0,25,0,133,2,0,215,2250,0.99703,N,repo_symdir,1.0406,1.0865,238,12,0,2,1,0,N,N,N
2020-07-02,2301,1920,1219,50M-100M,3,0.99131,3,2725,338,59,4,23,3,1203,1214,20M-50M,250,300,249,299,0,6,17,379,174,0,0,0,2,0,1,0,0,0,9,9,2,1.73,1.16,1.16,10.16,0,3,0,0,0,23,0,132,3,0,218,2204,0.99715,N,repo_symdir,1.0818,1.1087,239,11,0,8,0,0,N,N,N
2020-07-10,2299,1916,1217,50M-100M,3,0.99129,11,2723,338,59,4,23,3,1207,1212,20M-50M,250,300,250,300,0,4,14,374,173,0,0,0,2,0,1,0,0,0,8,8,0,1.39,0.82,0.82,8.82,0,3,0,0,0,23,0,131,0,0,217,2205,0.99713,N,repo_symdir,1.0593,1.1,240,10,0,11,1,0,N,N,N
2020-07-17,2301,1919,1239,50M-100M,4,0.99129,18,2725,339,58,4,23,3,1225,1230,20M-50M,250,300,250,300,0,2,15,377,176,0,0,0,2,0,1,0,0,0,9,9,0,1.39,0.82,0.82,9.82,0,4,0,0,0,23,0,132,0,0,218,2212,0.99728,N,repo_symdir,1.0754,1.0682,239,11,0,19,0,0,N,N,N
2020-07-24,2302,1923,1235,50M-100M,4,0.99132,25,2727,339,59,4,23,3,1220,1224,20M-50M,250,300,250,300,0,2,13,379,178,0,0,0,2,0,1,0,0,0,9,9,0,1.39,0.82,0.82,9.82,0,4,0,0,0,23,0,132,1,0,219,2214,0.99737,N,repo_symdir,1.0714,1.0791,238,12,0,64,0,0,N,N,N
2020-07-31,2309,1927,1240,50M-100M,4,0.99089,0,2745,347,61,4,24,3,1222,1234,20M-50M,250,300,250,300,0,1,23,377,178,0,0,0,2,0,1,0,0,0,9,9,0,1.42,0.85,0.85,9.85,0,4,0,0,0,23,0,130,1,0,219,2223,0.99696,N,repo_symdir,1.0761,1.0943,239,11,0,116,0,0,N,N,N
2020-08-07,2310,1931,1273,50M-100M,4,0.99089,0,2750,349,64,4,23,3,1252,1262,20M-50M,250,300,250,300,0,0,24,372,181,0,0,0,2,0,1,0,0,0,9,9,0,1.39,0.83,0.83,9.83,0,4,0,0,0,23,0,123,2,0,220,2223,0.99704,N,repo_symdir,1.0566,1.1018,237,13,0,82,0,0,N,N,N
2020-08-14,2314,1928,1272,50M-100M,4,0.99085,0,2757,352,64,4,23,3,1250,1265,20M-50M,250,300,250,300,0,1,26,374,182,0,0,0,2,0,1,0,0,0,9,9,0,1.4,0.83,0.83,9.83,0,4,0,0,0,23,0,124,2,0,221,2226,0.99704,N,repo_symdir,1.0678,1.1152,236,14,0,17,0,0,N,N,N
2020-08-21,2314,1928,1264,20M-50M,3,0.99085,0,2759,353,65,4,23,3,1248,1258,20M-50M,250,300,250,300,0,1,22,377,181,0,0,0,2,0,1,0,0,0,8,8,0,1.37,0.81,0.81,8.81,0,3,0,0,0,23,0,131,0,0,220,2230,0.99704,N,repo_symdir,1.0644,1.0675,236,14,0,9,0,0,N,N,N
2020-08-28,2315,1930,1266,20M-50M,3,0.99085,0,2763,354,67,4,23,3,1251,1262,20M-50M,250,300,250,300,0,0,18,382,185,0,0,0,2,0,1,0,0,0,6,6,0,1.39,0.82,0.82,6.82,0,3,0,0,0,23,0,133,1,0,222,2234,0.99727,N,repo_symdir,1.0459,1.0757,237,13,0,13,0,0,N,N,N
2020-09-04,2314,1933,1260,20M-50M,3,0.99084,0,2767,357,69,4,23,3,1247,1258,20M-50M,250,300,250,300,0,1,15,379,186,0,0,0,2,0,1,0,0,0,6,6,0,1.41,0.85,0.85,6.85,0,3,0,0,0,23,0,128,3,0,222,2234,0.9973,N,repo_symdir,1.0582,1.0727,239,11,0,12,1,0,N,N,N
2020-09-11,2313,1929,1254,20M-50M,3,0.99082,0,2766,357,69,4,23,3,1245,1252,20M-50M,250,300,250,300,0,0,9,383,186,0,0,0,2,0,1,0,0,0,6,6,0,1.47,0.9,0.9,6.9,0,3,0,0,0,24,0,130,3,0,223,2235,0.99732,N,repo_symdir,1.0664,1.1075,238,12,0,7,1,0,N,N,N
2020-09-18,2323,1933,1272,20M-50M,3,0.99074,0,2783,360,72,4,24,3,1260,1266,20M-50M,250,300,250,300,0,0,13,387,186,0,0,0,2,0,1,0,0,0,6,6,0,1.48,0.92,0.92,6.92,0,3,0,0,0,24,0,134,3,0,223,2245,0.99724,N,repo_symdir,1.0566,1.1091,236,14,0,2,3,0,N,N,N
2020-09-25,2335,1945,1247,20M-50M,3,0.99086,0,2797,362,72,4,24,3,1230,1232,20M-50M,250,300,250,300,0,0,22,388,186,0,0,0,3,1,2,1,0,0,7,7,0,2.44,1.88,1.88,8.88,0,3,0,0,0,25,0,134,3,0,223,2257,0.99734,N,repo_symdir,1.0442,1.1116,236,14,0,5,4,1,N,N,N
2020-10-02,2342,1952,1276,20M-50M,3,0.99121,0,2809,366,72,5,24,3,1252,1260,20M-50M,250,300,249,299,0,1,28,387,186,0,0,0,3,1,2,1,0,0,7,7,1,2.53,1.97,1.97,8.97,0,3,0,0,0,26,0,132,2,0,224,2266,0.99745,N,repo_symdir,1.0849,1.0893,234,16,0,9,2,1,N,N,N
2020-10-09,2346,1952,1298,20M-50M,3,0.99121,0,2815,366,74,5,24,3,1270,1289,20M-50M,250,300,250,300,0,1,32,391,188,0,0,0,4,2,3,2,0,0,7,7,1,2.99,2.56,2.56,9.56,0,3,0,0,0,27,0,134,3,0,224,2272,0.99745,N,repo_symdir,1.0666,1.0743,233,17,0,8,2,1,N,N,N
2020-10-16,2352,1958,1302,20M-50M,3,0.99111,0,2823,366,76,5,24,3,1269,1292,20M-50M,250,300,250,300,0,0,40,391,188,0,0,0,4,2,3,2,0,0,6,6,1,3,2.57,2.57,8.57,0,3,0,0,0,27,0,135,2,0,224,2282,0.99733,N,repo_symdir,1.0859,1.0829,233,17,0,17,2,1,N,N,N
2020-10-23,2354,1967,1302,20M-50M,3,0.9912,0,2829,367,79,5,24,3,1271,1291,20M-50M,250,300,249,299,0,1,34,387,188,0,0,0,2,0,1,0,0,0,6,6,0,1.53,0.97,0.97,6.97,0,3,0,0,0,26,0,132,2,0,224,2284,0.99743,N,repo_symdir,1.0633,1.089,233,17,0,55,2,0,N,N,N
2020-10-30,2365,1974,1277,20M-50M,3,0.99126,0,2839,368,78,5,23,3,1246,1265,20M-50M,249,299,249,299,0,2,32,386,187,0,0,0,2,0,1,0,0,0,6,6,0,1.49,0.92,0.92,6.92,0,3,0,0,0,24,0,130,5,0,224,2293,0.99747,N,repo_symdir,1.0751,1.061,235,15,0,101,2,0,N,N,N
2020-11-06,2366,1979,1294,20M-50M,3,0.99135,0,2843,368,80,6,23,3,1270,1286,20M-50M,250,300,250,300,0,0,24,388,189,0,0,0,3,1,2,1,0,0,6,6,0,1.94,1.37,1.37,7.37,0,3,0,0,0,24,0,133,4,0,224,2297,0.99772,N,repo_symdir,1.0386,1.0521,235,15,0,79,2,0,N,N,N
2020-11-13,2370,1979,1331,20M-50M,3,0.99124,0,2849,368,82,6,23,3,1309,1330,20M-50M,250,300,250,300,0,1,22,389,190,0,0,0,3,1,2,1,0,0,6,6,1,2.01,1.58,1.58,7.58,0,3,0,0,0,24,0,132,4,0,226,2300,0.99777,N,repo_symdir,1.068,1.0685,236,14,0,17,2,0,N,N,N
2020-11-20,2379,1988,1354,50M-100M,3,0.99119,0,2865,369,88,6,23,3,1334,1348,20M-50M,250,300,250,300,0,0,18,392,190,0,0,0,3,1,2,1,0,0,6,6,1,1.99,1.43,1.43,7.43,0,3,0,0,0,22,0,134,7,0,226,2314,0.99775,N,repo_symdir,1.0991,1.0998,234,16,0,11,1,0,N,N,N
2020-11-27,2382,1988,1371,50M-100M,3,0.99115,0,2872,370,91,6,23,3,1352,1364,20M-50M,250,300,250,300,0,1,19,394,193,0,0,0,3,1,2,1,0,0,6,6,1,1.99,1.43,1.43,7.43,0,3,0,0,0,22,0,135,8,0,226,2316,0.99772,N,repo_symdir,1.0956,1.0873,234,16,0,6,1,0,N,N,N
2020-12-04,2387,1987,1385,50M-100M,3,0.99116,0,2882,372,93,7,23,3,1369,1378,20M-50M,250,300,250,300,0,0,17,396,193,0,0,0,3,1,2,1,0,0,7,7,1,2,1.43,1.43,8.43,0,3,0,0,0,22,0,137,7,0,227,2325,0.9977,N,repo_symdir,1.1216,1.105,234,16,0,16,1,0,N,N,N
2020-12-11,2395,1995,1404,50M-100M,3,0.99116,0,2902,374,102,8,23,3,1385,1393,20M-50M,250,300,250,300,0,1,23,393,193,0,0,0,2,0,1,0,0,0,7,7,0,1.4,0.83,0.83,7.83,0,3,0,0,0,22,0,138,3,0,227,2330,0.9977,N,repo_symdir,1.0783,1.087,234,16,0,9,1,0,N,N,N
2020-12-18,2405,2004,1408,50M-100M,3,0.99112,0,2917,375,106,8,23,3,1381,1395,20M-50M,250,300,250,300,0,1,30,400,195,0,0,0,2,0,1,0,0,0,7,7,0,1.42,0.85,0.85,7.85,0,3,0,0,0,22,0,140,5,0,230,2341,0.9977,N,repo_symdir,1.0722,1.0703,236,14,0,2,1,0,N,N,N
2020-12-24,2410,2006,1423,50M-100M,3,0.99106,0,2918,376,101,8,23,3,1398,1414,20M-50M,250,300,249,299,0,2,30,401,197,0,0,0,2,0,1,0,0,0,7,7,0,1.37,0.81,0.81,7.81,0,3,0,0,0,22,0,141,5,0,230,2347,0.99764,N,repo_symdir,1.0698,1.0767,238,12,0,2,0,0,N,N,N
2020-12-31,2409,2007,1420,50M-100M,3,0.98983,0,2921,378,103,8,23,3,1400,1416,20M-50M,250,300,250,300,0,1,25,399,197,0,0,0,3,1,2,1,0,0,6,6,0,1.86,1.44,1.44,7.44,0,3,0,0,0,23,0,141,3,0,229,2348,0.99737,N,repo_symdir,1.0607,1.0431,238,12,0,3,0,0,N,N,N
2021-01-08,2411,2026,1450,50M-100M,3,0.98999,0,2933,380,108,10,24,3,1422,1438,20M-50M,250,300,250,300,0,0,23,394,197,0,0,0,3,1,2,1,0,0,6,6,1,2.3,1.91,1.91,7.91,0,3,0,0,0,23,0,125,12,0,231,2353,0.9975,N,repo_symdir,1.0718,1.0908,238,12,0,23,0,0,N,N,N
2021-01-15,2419,2032,1470,50M-100M,3,0.98999,0,2946,382,111,10,24,3,1443,1463,20M-50M,250,300,250,300,0,2,24,394,199,0,0,0,3,1,2,1,0,0,6,6,1,2.3,2.08,2.08,8.08,0,3,0,0,0,23,0,125,12,0,231,2358,0.99751,N,repo_symdir,1.0984,1.0893,238,12,0,20,0,0,N,N,N
2021-01-22,2421,2033,1495,50M-100M,3,0.98999,1,2948,382,111,10,24,3,1468,1483,50M-100M,250,300,250,300,0,1,18,394,199,0,0,0,3,1,2,1,0,0,5,5,2,2.29,1.91,1.91,6.91,0,3,0,0,0,24,0,122,15,0,230,2363,0.9975,N,repo_symdir,1.0534,1.0963,238,12,0,32,0,0,N,N,N
2021-01-29,2427,2039,1492,50M-100M,3,0.99018,0,2972,388,120,12,25,3,1465,1479,50M-100M,250,300,250,300,0,0,19,393,199,0,0,0,2,0,1,0,0,0,5,5,1,1.71,1.33,1.33,6.33,0,3,0,0,0,24,0,123,11,0,232,2371,0.99757,N,repo_symdir,1.073,1.0661,236,14,0,51,0,0,N,N,N
2021-02-05,2438,2046,1525,50M-100M,3,0.99,0,2993,392,125,13,25,3,1489,1512,50M-100M,250,300,250,300,0,0,28,397,200,0,0,0,2,0,1,0,0,0,4,4,1,1.74,1.36,1.36,5.36,0,3,0,0,0,23,0,125,13,0,233,2383,0.99751,N,repo_symdir,1.1025,1.1014,234,16,0,57,1,0,N,N,N
2021-02-12,2451,2053,1545,50M-100M,3,0.98996,0,3018,397,133,13,25,3,1511,1529,50M-100M,250,300,250,300,0,0,37,392,206,0,0,0,2,0,1,0,0,0,3,3,0,1.9,1.14,1.14,4.14,0,3,0,0,0,22,0,127,6,0,234,2399,0.9975,N,repo_symdir,1.1096,1.0709,234,16,0,50,1,0,N,N,N
2021-02-19,2456,2059,1553,50M-100M,3,0.98996,0,3028,398,137,13,25,3,1525,1546,50M-100M,250,300,250,300,0,0,35,394,208,0,0,0,2,0,1,0,0,0,3,3,0,1.9,1.14,1.14,4.14,0,3,0,0,0,22,0,130,4,0,235,2405,0.9975,N,repo_symdir,1.1112,1.0945,234,16,0,40,1,0,N,N,N
2021-02-26,2457,2060,1519,50M-100M,3,0.98995,3,3028,396,138,13,25,3,1498,1518,50M-100M,250,300,250,300,0,0,29,392,209,0,0,0,2,0,1,0,0,0,2,2,1,1.89,1.13,1.13,3.13,0,3,0,0,0,21,0,128,2,0,238,2408,0.9975,N,repo_symdir,1.0742,1.0872,236,14,0,62,1,0,N,N,N
2021-03-05,2457,2057,1506,50M-100M,3,0.98982,0,3058,400,159,18,25,3,1491,1505,50M-100M,250,300,250,300,0,0,29,390,209,0,0,0,2,0,1,0,0,0,1,1,0,1.5,1.12,1.12,2.12,0,3,0,0,0,20,0,127,2,0,238,2410,0.99747,N,repo_symdir,1.1012,1.1472,235,15,0,20,0,0,N,N,N
2021-03-12,2462,2058,1543,50M-100M,3,0.98978,0,3080,402,172,20,25,3,1532,1539,50M-100M,250,300,250,300,0,1,23,394,210,0,0,0,2,0,1,0,0,0,1,1,0,1.91,1.15,1.15,2.15,0,3,0,0,0,20,0,130,2,0,239,2415,0.99744,N,repo_symdir,1.1222,1.118,233,17,0,14,0,0,N,N,N
2021-03-19,2468,2059,1538,50M-100M,3,0.98954,1,3099,402,181,25,24,3,1532,1534,50M-100M,250,300,250,300,0,1,16,400,211,0,0,0,2,0,1,0,0,0,1,1,0,1.94,1.18,1.18,2.18,0,3,0,0,0,22,0,134,1,0,240,2421,0.99721,N,repo_symdir,1.105,1.1314,234,16,0,12,0,0,N,N,N
2021-03-26,2481,2069,1517,50M-100M,3,0.98951,0,3130,408,191,28,23,3,1503,1507,50M-100M,250,300,250,300,0,2,26,403,211,0,0,0,2,0,1,0,0,0,1,1,0,1.95,1.19,1.19,2.19,0,3,0,0,0,23,0,136,1,0,240,2434,0.99717,N,repo_symdir,1.0759,1.1183,234,16,0,5,3,0,N,N,N
2021-04-01,2483,2072,1525,50M-100M,3,0.98939,0,3145,410,201,29,23,3,1508,1515,50M-100M,250,300,250,300,0,3,29,403,213,0,0,0,2,0,1,0,0,0,1,1,0,1.94,1.18,1.18,2.18,0,3,0,0,0,23,0,135,1,0,241,2432,0.9971,N,repo_symdir,1.0887,1.1293,234,16,0,6,3,0,N,N,N
2021-04-09,2481,2071,1521,50M-100M,3,0.98952,0,3157,413,211,30,23,3,1504,1517,50M-100M,250,300,250,300,0,0,26,401,213,0,0,0,2,0,1,0,0,0,1,1,0,1.55,1.16,1.16,2.16,0,3,0,0,0,22,0,134,1,0,241,2434,0.99723,N,repo_symdir,1.1043,1.1133,235,15,0,10,4,0,N,N,N
2021-04-16,2492,2075,1501,50M-100M,3,0.98946,0,3185,413,224,34,23,3,1481,1493,50M-100M,250,300,250,300,0,2,33,402,213,0,0,0,2,0,1,0,0,0,1,1,0,1.55,1.17,1.17,2.17,0,3,0,0,0,22,0,136,0,0,241,2442,0.99715,N,repo_symdir,1.0839,1.0913,235,15,0,19,4,0,N,N,N
2021-04-23,2498,2079,1518,50M-100M,3,0.98944,7,3191,413,224,34,23,3,1494,1505,50M-100M,250,300,247,297,0,6,32,410,216,0,0,0,2,0,1,0,0,0,1,1,0,1.58,1.2,1.2,2.2,0,3,0,0,0,22,0,142,0,0,243,2443,0.9972,N,repo_symdir,1.0732,1.0749,234,16,0,57,1,0,N,N,N
2021-04-30,2507,2083,1515,50M-100M,3,0.98939,0,3226,416,239,42,23,4,1494,1504,50M-100M,250,300,250,300,0,1,34,413,217,0,0,0,2,0,1,0,0,0,1,1,0,1.6,1.21,1.21,2.21,0,3,0,0,0,22,0,144,0,0,244,2455,0.99717,N,repo_symdir,1.0405,1.0918,237,13,0,104,1,0,N,N,N
2021-05-07,2513,2089,1499,50M-100M,3,0.98953,2,3241,415,247,44,23,4,1474,1488,50M-100M,250,300,249,299,0,2,35,412,217,0,0,0,2,0,1,0,0,0,2,2,0,1.58,1.2,1.2,3.2,0,3,0,0,0,22,0,141,1,0,245,2460,0.99743,N,repo_symdir,1.0371,1.0906,238,12,0,97,1,0,N,N,N
2021-05-14,2524,2095,1483,50M-100M,3,0.98932,0,3273,419,256,52,23,4,1458,1477,50M-100M,250,300,249,299,0,1,41,415,217,0,0,0,2,0,1,0,0,0,2,2,0,1.6,1.22,1.22,3.22,0,3,0,0,0,23,0,142,2,0,245,2472,0.99715,N,repo_symdir,1.0192,1.0733,236,14,0,24,0,0,N,N,N
2021-05-21,2524,2086,1501,50M-100M,3,0.98929,0,3280,421,258,55,23,4,1483,1499,50M-100M,250,300,250,300,0,1,29,424,218,0,0,0,2,0,1,0,0,0,3,3,0,1.7,1.31,1.31,4.31,0,3,0,0,0,25,0,146,3,0,247,2472,0.99714,N,repo_symdir,1.0275,1.0763,236,14,0,9,0,0,N,N,N
2021-05-28,2528,2091,1510,50M-100M,3,0.98933,7,3284,421,258,55,23,4,1494,1505,50M-100M,250,300,250,300,0,2,25,429,219,0,0,0,2,0,1,0,0,0,2,2,0,1.78,1.4,1.4,3.4,0,3,0,0,0,25,0,151,1,0,249,2476,0.99719,N,repo_symdir,1.0462,1.0675,236,14,0,16,0,0,N,N,N
2021-06-04,2526,2094,1524,50M-100M,5,0.98936,14,3282,421,258,55,23,4,1512,1518,50M-100M,250,300,250,300,0,1,18,431,220,0,0,0,2,0,1,0,0,0,2,2,0,1.73,1.5,1.5,3.5,0,5,0,0,0,25,0,149,2,0,250,2475,0.99722,N,repo_symdir,1.0717,1.0714,235,15,0,14,1,0,N,N,N
2021-06-11,2528,2101,1545,50M-100M,4,0.98941,21,3284,421,258,55,23,4,1532,1537,50M-100M,250,300,250,300,0,2,16,429,222,0,0,0,3,1,1,0,0,0,2,2,0,1.67,1.44,1.44,3.44,0,4,0,0,0,24,0,148,4,0,249,2476,0.99728,N,repo_symdir,1.0437,1.0628,237,13,0,5,1,0,N,N,N
2021-06-18,2545,2106,1531,50M-100M,4,0.98921,4,3308,430,254,57,22,4,1515,1521,50M-100M,250,300,250,300,0,1,18,431,222,0,0,0,3,1,2,1,0,0,2,2,1,2.14,1.91,1.91,3.91,0,4,0,0,0,24,0,149,5,0,249,2494,0.99708,N,repo_symdir,1.0517,1.0909,237,13,0,2,2,0,N,N,N
2021-06-25,2552,2104,1548,50M-100M,4,0.98917,11,3316,430,255,57,22,4,1529,1541,50M-100M,250,300,250,300,0,2,25,437,222,0,0,0,3,1,2,1,0,0,2,2,1,2.18,1.95,1.95,3.95,0,4,0,0,0,24,0,156,4,0,249,2500,0.99703,N,repo_symdir,1.062,1.0923,237,13,0,3,3,1,N,N,N
2021-07-02,2559,2114,1544,50M-100M,4,0.98998,18,3324,431,255,57,22,4,1521,1529,50M-100M,250,300,249,299,0,2,27,445,225,0,0,0,2,0,1,0,0,0,19,19,0,1.64,1.25,1.25,20.25,0,4,0,0,0,26,0,162,1,0,252,2428,0.99765,N,repo_symdir,1.0523,1.0535,240,10,0,4,2,1,N,N,N
2021-07-09,2561,2117,1523,50M-100M,4,0.98999,25,3325,431,254,57,22,4,1502,1514,50M-100M,250,300,250,300,0,2,29,442,225,0,0,0,2,0,1,0,0,0,19,19,0,1.51,1.29,1.29,20.29,0,4,0,0,0,26,0,159,1,0,252,2430,0.99766,N,repo_symdir,1.0516,1.0677,239,11,0,4,2,1,N,N,N
2021-07-16,2596,2142,1509,50M-100M,5,0.98962,0,3383,450,252,63,22,4,1482,1497,50M-100M,250,300,250,300,0,2,45,445,227,0,0,0,2,0,1,0,0,0,17,17,0,1.53,1.3,1.3,18.3,0,5,0,0,0,24,0,159,1,0,256,2468,0.9974,N,repo_symdir,1.042,1.0714,240,10,0,17,1,1,N,N,N
2021-07-23,2610,2152,1519,50M-100M,6,0.98945,0,3397,454,248,63,22,4,1487,1501,50M-100M,250,300,250,300,0,0,44,456,232,0,0,0,2,0,1,0,0,0,17,17,0,1.73,1.34,1.34,18.34,0,6,0,0,0,25,0,159,6,0,260,2487,0.99738,N,repo_symdir,1.0304,1.0718,241,9,0,55,0,0,N,N,N
2021-07-30,2625,2163,1523,50M-100M,6,0.98952,0,3420,457,253,63,22,4,1485,1504,20M-50M,250,300,250,300,0,0,49,458,232,0,0,0,2,0,1,0,0,0,16,16,0,2.08,1.3,1.3,17.3,0,6,0,0,0,25,0,159,7,0,261,2505,0.99743,N,repo_symdir,1.0305,1.0467,240,10,0,109,1,0,N,N,N
2021-08-06,2631,2167,1532,50M-100M,6,0.98952,0,3429,457,256,63,22,4,1502,1522,20M-50M,249,299,249,299,0,0,38,459,232,0,0,0,2,0,1,0,0,0,15,15,0,2.09,1.32,1.32,16.32,0,6,0,0,0,24,0,161,6,0,262,2510,0.99744,N,repo_symdir,1.0291,1.0601,241,9,0,92,2,0,N,N,N
2021-08-13,2640,2173,1521,50M-100M,6,0.98951,0,3441,458,258,63,22,4,1491,1519,20M-50M,250,300,250,300,0,1,40,459,232,0,0,0,2,0,1,0,0,0,15,15,0,1.71,1.32,1.32,16.32,0,6,0,0,0,24,0,162,5,0,262,2520,0.99743,N,repo_symdir,1.0155,1.0377,242,8,0,18,2,0,N,N,N
2021-08-20,2643,2180,1495,50M-100M,5,0.98952,0,3448,459,260,64,22,4,1477,1494,20M-50M,250,300,250,300,0,0,32,454,232,0,0,0,2,0,1,0,0,0,16,16,0,1.67,1.28,1.28,17.28,0,5,0,0,0,23,0,160,0,0,266,2524,0.99747,N,repo_symdir,1.0307,1.0353,241,9,0,9,2,0,N,N,N
2021-08-27,2651,2189,1524,50M-100M,5,0.98952,0,3457,464,255,65,22,4,1513,1524,20M-50M,250,300,250,300,0,1,22,457,236,0,0,0,2,0,1,0,0,0,15,15,0,1.67,1.27,1.27,16.27,0,5,0,0,0,22,0,159,0,0,271,2532,0.9976,N,repo_symdir,1.0214,1.0369,241,9,0,12,2,1,N,N,N
2021-09-03,2650,2185,1537,50M-100M,5,0.98948,1,3458,466,256,64,22,4,1535,1536,20M-50M,250,300,250,300,0,0,9,459,237,0,0,0,2,0,1,0,0,0,14,14,0,1.68,1.28,1.28,15.28,0,5,0,0,0,22,0,159,0,0,273,2537,0.99759,N,repo_symdir,1.0214,1.0451,241,9,0,11,0,0,N,N,N
2021-09-10,2653,2186,1529,50M-100M,6,0.98944,0,3465,468,258,64,22,4,1527,1527,20M-50M,249,299,249,299,0,0,9,462,238,0,0,0,2,0,1,0,0,0,15,15,0,1.69,1.28,1.28,16.28,0,6,0,0,0,22,0,159,1,0,274,2542,0.99758,N,repo_symdir,1.0103,1.0233,240,10,0,7,3,1,N,N,N
2021-09-17,2660,2193,1528,50M-100M,5,0.98929,0,3478,472,259,65,22,4,1521,1521,20M-50M,250,300,250,300,0,0,14,463,238,0,0,0,2,0,1,0,0,0,13,13,0,1.7,1.31,1.31,14.31,0,5,0,0,0,22,0,159,2,0,275,2552,0.99745,N,repo_symdir,1.0217,1.0428,242,8,0,2,2,0,N,N,N
2021-09-24,2663,2193,1526,50M-100M,5,0.98887,2,3484,472,262,65,22,4,1518,1518,20M-50M,250,300,250,300,0,0,16,464,240,0,0,0,2,0,1,0,0,0,13,13,0,2.07,1.3,1.3,14.3,0,5,0,0,0,22,0,160,1,0,276,2557,0.99709,N,repo_symdir,1.0279,1.0326,241,9,0,5,3,0,N,N,N
2021-10-01,2676,2201,1528,50M-100M,5,0.98929,2,3506,474,267,67,22,4,1514,1520,20M-50M,250,300,250,300,0,3,22,466,243,0,0,0,2,0,1,0,0,0,13,13,0,2.23,1.46,1.46,14.46,0,5,0,0,0,23,0,160,2,0,276,2567,0.99714,N,repo_symdir,1.0226,1.049,241,9,0,6,3,0,N,N,N
2021-10-08,2679,2210,1518,50M-100M,6,0.98934,4,3520,475,277,67,22,4,1498,1510,20M-50M,250,300,249,299,0,3,27,465,244,0,0,0,2,0,1,0,0,0,13,13,0,2.02,1.62,1.62,14.62,0,6,0,0,0,23,0,154,5,0,277,2573,0.99719,N,repo_symdir,1.0204,1.0461,243,7,0,8,1,0,N,N,N
2021-10-15,2683,2214,1520,50M-100M,6,0.98934,11,3523,474,277,67,22,4,1498,1515,20M-50M,250,300,249,299,0,1,29,467,246,0,0,0,2,0,1,0,0,0,13,13,0,2.02,1.62,1.62,14.62,0,6,0,0,0,24,0,154,4,0,279,2580,0.9972,N,repo_symdir,1.0245,1.0275,244,6,0,18,0,0,N,N,N
2021-10-22,2693,2213,1514,50M-100M,6,0.98916,4,3537,479,276,67,22,4,1490,1504,20M-50M,250,300,250,300,0,3,32,471,246,0,0,0,2,0,1,0,0,0,14,14,0,2.04,1.63,1.63,15.63,0,6,0,0,0,24,0,157,6,0,278,2593,0.99712,N,repo_symdir,1.0009,1.0193,245,5,0,49,0,0,N,N,N
2021-10-29,2702,2222,1528,50M-100M,5,0.98909,0,3547,480,275,67,23,4,1504,1519,20M-50M,250,300,250,300,0,0,32,476,247,0,0,0,2,0,1,0,0,0,13,13,0,2.01,1.78,1.78,14.78,0,5,0,0,0,26,0,157,7,0,281,2606,0.99706,N,repo_symdir,1.009,1.0129,244,6,0,102,1,0,N,N,N
2021-11-05,2707,2227,1542,50M-100M,5,0.98908,2,3553,481,274,68,23,4,1524,1535,20M-50M,250,300,250,300,0,2,32,471,249,0,0,0,2,0,1,0,0,0,10,10,0,2.04,1.65,1.65,11.65,0,5,0,0,0,26,0,157,1,0,282,2616,0.99703,N,repo_symdir,1.0023,1.0144,244,6,0,100,1,0,N,N,N
2021-11-12,2715,2232,1539,50M-100M,5,0.98909,9,3561,481,274,68,23,4,1519,1533,20M-50M,250,300,250,300,0,4,32,472,249,0,0,0,2,0,1,0,0,0,10,10,0,2,1.6,1.6,11.6,0,5,0,0,0,26,0,156,1,0,284,2624,0.99703,N,repo_symdir,1.0089,1.0039,245,5,0,26,2,0,N,N,N
2021-11-19,2714,2232,1512,50M-100M,5,0.98908,16,3563,483,275,68,23,4,1493,1505,20M-50M,250,300,250,300,0,5,28,474,249,0,0,0,2,0,1,0,0,0,10,10,0,1.89,1.49,1.49,11.49,0,5,0,0,0,26,0,157,1,0,285,2625,0.99715,N,repo_symdir,1.0049,1,245,5,0,20,1,0,N,N,N
2021-11-26,2711,2228,1491,50M-100M,5,0.98902,23,3560,483,275,68,23,4,1477,1489,20M-50M,249,299,249,299,0,6,19,474,253,0,0,0,2,0,1,0,0,0,9,9,0,2.25,1.47,1.47,10.47,0,5,0,0,0,25,0,157,0,0,287,2625,0.99713,N,repo_symdir,1.0018,0.9999,246,4,0,8,1,0,N,N,N
2021-12-03,2723,2242,1463,50M-100M,5,0.98895,1,3603,495,293,69,23,4,1452,1461,20M-50M,250,300,250,300,0,2,28,467,254,0,0,0,2,0,1,0,0,0,5,5,0,1.97,1.57,1.57,6.57,0,5,0,0,0,20,0,155,0,0,287,2645,0.99706,N,repo_symdir,0.9946,0.9999,245,5,0,13,1,0,N,N,N
2021-12-10,2725,2243,1472,50M-100M,5,0.98889,3,3610,497,295,70,23,4,1461,1470,20M-50M,250,300,249,299,0,1,17,479,257,0,0,0,2,0,1,0,0,0,6,6,0,2.02,1.62,1.62,7.62,0,5,0,0,0,21,0,156,3,0,294,2651,0.99711,N,repo_symdir,1,1.013,245,5,0,7,0,0,N,N,N
2021-12-17,2728,2249,1457,50M-100M,5,0.98904,0,3634,501,309,73,23,4,1449,1453,50M-100M,250,300,250,300,0,0,9,480,257,0,0,0,2,0,1,0,0,0,6,6,0,2.07,1.68,1.68,7.68,0,5,0,0,0,21,0,157,2,0,295,2656,0.99725,N,repo_symdir,0.9972,1.0109,245,5,0,5,0,0,N,N,N
2021-12-23,2731,2253,1476,50M-100M,5,0.98909,5,3637,501,309,73,23,4,1467,1474,50M-100M,250,300,250,300,0,1,10,480,258,0,0,0,2,0,1,0,0,0,6,6,0,2.07,1.67,1.67,7.67,0,5,0,0,0,20,0,156,4,0,295,2659,0.9973,N,repo_symdir,1.0042,1.0065,245,5,0,3,1,0,N,N,N
2021-12-31,2733,2256,1458,50M-100M,5,0.98999,0,3664,503,326,79,23,4,1449,1457,20M-50M,250,300,250,300,0,0,9,480,258,0,0,0,3,1,2,1,0,0,6,6,0,2.25,2.02,2.02,8.02,0,5,0,0,0,20,0,156,4,0,295,2664,0.99714,N,repo_symdir,1,1,245,5,0,2,0,0,N,N,N
2022-01-07,2734,2279,1435,50M-100M,5,0.9901,7,3666,503,327,79,23,4,1425,1430,50M-100M,250,300,250,300,0,4,10,457,257,0,0,0,3,1,2,1,0,0,6,6,0,2.11,1.51,1.49,7.51,0,5,0,0,0,20,0,131,5,0,296,2658,0.9973,N,repo_symdir,1.0064,1.005,244,6,0,17,0,0,N,N,N
2022-01-14,2739,2282,1408,50M-100M,5,0.9901,1,3684,504,337,81,23,4,1399,1404,50M-100M,250,300,250,300,0,1,13,457,257,0,0,0,3,1,2,1,0,0,6,6,0,2.11,1.51,1.49,7.51,0,5,0,0,0,20,0,131,4,0,297,2664,0.99732,N,repo_symdir,1,1.0013,246,4,0,12,1,0,N,N,N
2022-01-21,2741,2279,1365,50M-100M,5,0.99008,8,3686,504,337,81,23,4,1356,1360,50M-100M,250,300,250,300,0,2,13,455,257,0,0,0,2,0,1,0,0,0,6,6,0,1.69,1.08,1.06,7.08,0,5,0,0,0,19,0,130,4,0,297,2666,0.99733,N,repo_symdir,0.9805,0.9993,245,5,0,24,1,0,N,N,N
2022-01-28,2742,2279,1358,50M-100M,5,0.99008,15,3687,504,337,81,23,4,1344,1352,50M-100M,250,300,250,300,0,2,14,461,257,0,0,0,2,0,1,0,0,0,6,6,0,1.71,1.1,1.08,7.1,0,5,0,0,0,19,0,133,7,0,297,2668,0.99733,N,repo_symdir,0.9787,0.9825,245,5,0,49,1,0,N,N,N
2022-02-04,2742,2279,1364,50M-100M,5,0.99003,22,3687,504,337,81,23,4,1349,1360,50M-100M,250,300,250,300,0,1,17,461,258,0,0,0,2,0,1,0,0,0,4,4,0,1.71,1.1,1.09,5.1,0,5,0,0,0,18,0,133,8,0,297,2671,0.99729,N,repo_symdir,1,1.0043,245,5,0,62,2,0,N,N,N
2022-02-11,2755,2291,1386,50M-100M,5,0.99001,0,3734,509,364,82,24,4,1374,1384,50M-100M,250,300,250,300,0,0,15,467,262,0,0,0,2,0,1,0,0,0,5,5,0,1.86,1.25,1.24,6.25,0,5,0,0,0,18,0,138,6,0,300,2685,0.99729,N,repo_symdir,1,1,245,5,0,53,2,0,N,N,N
2022-02-18,2757,2292,1363,50M-100M,5,0.99001,7,3736,509,364,82,24,4,1354,1361,20M-50M,249,299,249,299,0,3,11,466,263,0,0,0,2,0,1,0,0,0,4,4,0,1.86,1.25,1.23,5.25,0,5,0,0,0,18,0,138,4,0,301,2687,0.99729,N,repo_symdir,1.0012,1,244,6,0,69,2,0,N,N,N
2022-02-25,2755,2291,1364,50M-100M,5,0.99003,14,3732,507,364,82,24,4,1357,1363,20M-50M,250,300,250,300,0,0,8,467,264,0,0,0,2,0,1,0,0,0,4,4,0,1.86,1.25,1.23,5.25,0,5,0,0,0,18,0,139,4,0,301,2688,0.9973,N,repo_symdir,1.0153,1.0047,244,6,0,60,3,0,N,N,N
2022-03-04,2761,2293,1330,50M-100M,5,0.99014,0,3744,509,368,82,24,4,1325,1330,20M-50M,250,300,249,299,0,1,7,468,265,0,0,0,2,0,1,0,0,0,4,4,0,1.86,1.25,1.23,5.25,0,5,0,0,0,18,0,140,3,0,302,2695,0.99729,N,repo_symdir,1.0064,1,244,6,0,23,3,0,N,N,N
2022-03-11,2762,2294,1326,50M-100M,5,0.99016,7,3744,508,368,82,24,4,1324,1326,50M-100M,250,300,249,299,0,3,4,464,264,0,0,0,2,0,1,0,0,0,5,5,0,1.84,1.23,1.22,6.23,0,5,0,0,0,18,0,138,1,0,302,2694,0.99731,N,repo_symdir,1,1.0001,245,5,0,7,3,0,N,N,N
2022-03-18,2763,2297,1360,50M-100M,5,0.99016,14,3741,505,368,81,24,4,1358,1359,50M-100M,250,300,250,300,0,2,4,462,265,0,0,0,3,1,2,1,0,0,4,4,0,2.11,1.5,1.49,5.5,0,5,0,0,0,17,0,138,0,0,302,2696,0.99731,N,repo_symdir,1.0033,1.0157,244,6,0,4,3,0,N,N,N
2022-03-25,2765,2296,1352,50M-100M,5,0.99019,21,3742,504,368,81,24,4,1349,1349,50M-100M,250,300,249,299,0,3,4,464,266,0,0,0,2,0,1,0,0,0,4,4,0,1.84,1.23,1.21,5.23,0,5,0,0,0,17,0,139,0,0,303,2696,0.9973,N,repo_symdir,1.0328,1.0153,245,5,0,7,2,0,N,N,N
2022-04-01,2763,2300,1355,50M-100M,5,0.99025,0,3759,507,384,81,24,4,1351,1352,50M-100M,250,300,250,300,0,0,5,463,268,0,0,0,2,0,1,0,0,0,4,4,0,1.81,1.21,1.21,5.21,0,5,0,0,0,17,0,138,1,0,302,2696,0.99739,N,repo_symdir,1.0667,1.0237,243,7,0,8,2,0,N,N,N
2022-04-08,2763,2298,1339,50M-100M,5,0.99066,7,3759,507,384,81,24,4,1335,1339,20M-50M,249,299,248,298,0,4,3,463,268,0,0,0,2,0,1,0,0,0,5,5,0,1.48,0.88,0.88,5.88,0,5,0,0,0,17,0,137,1,0,303,2691,0.99781,N,repo_symdir,1.0118,1.0175,243,7,0,5,1,0,N,N,N
2022-04-14,2760,2299,1327,50M-100M,4,0.99133,3,3760,508,387,82,23,4,1323,1327,20M-50M,250,300,250,300,0,0,5,461,268,0,0,0,1,0,0,0,0,0,5,5,0,0.88,0.87,0.87,5.87,0,4,0,0,0,17,0,136,1,0,303,2692,0.99848,N,repo_symdir,1.0055,1.0068,243,7,0,12,1,0,N,N,N
2022-04-22,2764,2301,1302,50M-100M,4,0.99134,0,3769,509,392,83,21,4,1299,1302,20M-50M,250,300,250,300,0,0,9,460,267,0,0,0,1,0,0,0,0,0,6,6,0,0.88,0.87,0.87,6.87,0,4,0,0,0,17,0,136,1,0,302,2696,0.99849,N,repo_symdir,1.0128,1.0018,243,7,0,49,2,0,N,N,N
2022-04-29,2766,2298,1267,50M-100M,4,0.99131,6,3772,509,393,83,21,4,1265,1266,20M-50M,250,300,250,300,0,1,8,461,267,0,0,0,1,0,0,0,0,0,6,6,0,0.88,0.87,0.87,6.87,0,4,0,0,0,17,0,137,1,0,302,2697,0.99846,N,repo_symdir,1.0187,0.9999,243,7,0,117,2,0,N,N,N
2022-05-06,2769,2305,1257,50M-100M,4,0.99141,13,3775,509,393,83,21,4,1254,1254,20M-50M,250,300,249,299,0,3,11,461,267,0,0,0,1,0,0,0,0,0,6,6,0,0.73,0.73,0.73,6.73,0,4,0,0,0,17,0,137,1,0,302,2697,0.99847,N,repo_symdir,1.0061,0.9999,242,8,0,99,1,0,N,N,N
2022-05-13,2767,2306,1244,50M-100M,4,0.99145,2,3772,511,390,83,21,4,1240,1241,20M-50M,250,300,250,300,0,1,13,457,267,0,0,0,1,0,0,0,0,0,5,5,0,0.72,0.72,0.72,5.72,0,4,0,0,0,17,0,134,1,0,301,2698,0.99849,N,repo_symdir,1,0.9996,244,6,0,24,3,0,N,N,N
2022-05-20,2768,2306,1244,50M-100M,4,0.99143,9,3773,511,390,83,21,4,1240,1241,20M-50M,250,300,249,298,0,3,7,460,269,0,0,0,1,0,0,0,0,0,5,5,0,0.73,0.72,0.72,5.72,0,4,0,0,0,17,0,135,2,0,302,2698,0.99847,N,repo_symdir,1,0.9991,243,7,0,11,2,0,N,N,N
2022-05-27,2767,2295,1260,50M-100M,4,0.99138,16,3772,511,390,83,21,4,1256,1259,20M-50M,250,300,250,299,0,6,6,462,270,0,0,0,1,0,0,0,0,0,5,5,0,0.73,0.72,0.72,5.72,0,4,0,0,0,17,0,136,2,0,303,2695,0.99844,N,repo_symdir,0.9998,1.0001,244,6,0,15,2,0,N,N,N
2022-06-03,2760,2289,1253,50M-100M,4,0.99145,23,3766,513,389,83,21,4,1249,1253,20M-50M,250,299,250,299,0,6,4,467,270,0,0,0,1,0,0,0,0,0,6,6,1,0.75,0.74,0.74,6.74,0,4,0,0,0,16,0,141,2,0,304,2689,0.99852,N,repo_symdir,1.0001,0.9954,244,6,0,10,2,0,N,N,N
2022-06-10,2760,2290,1227,50M-100M,4,0.99144,3,3773,518,390,84,21,4,1224,1226,20M-50M,250,300,249,299,0,1,4,465,271,0,0,0,1,0,0,0,0,0,5,5,1,0.88,0.87,0.87,5.87,0,4,0,0,0,16,0,140,2,0,303,2694,0.99854,N,repo_symdir,0.9986,1.0009,243,7,0,6,1,0,N,N,N
2022-06-17,2760,2287,1217,50M-100M,4,0.99143,10,3773,518,390,84,21,4,1216,1217,20M-50M,249,299,249,299,0,2,2,467,272,0,0,0,1,0,0,0,0,0,4,4,1,0.74,0.73,0.73,4.73,0,4,0,0,0,16,0,142,1,0,304,2694,0.99852,N,repo_symdir,0.9979,0.9975,242,8,0,1,1,0,N,N,N
2022-06-24,2763,2291,1245,50M-100M,4,0.99143,0,3778,519,390,85,21,4,1245,1244,20M-50M,250,300,250,300,0,0,2,470,274,0,0,0,1,0,0,0,0,0,3,3,0,0.75,0.75,0.75,3.75,0,4,0,0,0,16,0,144,0,0,306,2699,0.99852,N,repo_symdir,0.9979,1.0035,244,6,0,1,1,0,N,N,N
2022-07-01,2763,2283,1229,50M-100M,5,0.99199,7,3778,519,390,85,21,4,1228,1228,20M-50M,250,300,250,300,0,4,2,470,273,0,0,0,1,0,0,0,0,0,17,16,0,0.65,0.64,0.64,16.64,0,5,0,0,0,16,0,143,0,0,306,2615,0.99884,N,repo_symdir,0.9807,0.9888,242,8,0,4,1,0,N,N,N
2022-07-08,2762,2280,1245,50M-100M,5,0.99166,14,3773,518,388,84,21,4,1244,1244,20M-50M,250,300,248,298,0,5,2,474,273,0,0,0,1,0,0,0,0,0,19,18,0,0.66,0.65,0.65,18.65,0,5,0,0,0,16,0,146,0,0,307,2614,0.9988,N,repo_symdir,0.9999,0.9986,245,5,0,5,0,0,N,N,N
2022-07-15,2758,2275,1239,50M-100M,5,0.99166,21,3768,517,388,84,21,4,1239,1239,20M-50M,250,300,250,300,0,4,1,477,275,0,0,0,1,0,0,0,0,0,18,17,0,0.67,0.66,0.66,17.66,0,5,0,0,0,15,0,149,0,0,308,2614,0.9988,N,repo_symdir,0.9761,0.9837,242,8,0,13,1,0,N,N,N
2022-07-22,2754,2272,1254,50M-100M,6,0.99159,28,3763,517,387,84,21,4,1253,1253,20M-50M,250,300,250,300,0,2,0,481,275,0,0,0,1,0,0,0,0,0,20,18,0,0.67,0.67,0.67,18.67,0,6,0,0,0,15,0,151,1,0,308,2614,0.99873,N,repo_symdir,0.9782,0.9763,243,7,0,44,1,0,N,N,N
2022-07-29,2754,2276,1245,20M-50M,4,0.99146,6,3778,528,390,85,21,4,1243,1242,20M-50M,250,300,250,300,0,0,1,477,275,0,0,0,1,0,0,0,0,0,15,15,0,0.68,0.67,0.67,15.67,0,4,0,0,0,15,0,149,1,0,308,2621,0.99872,N,repo_symdir,0.9852,0.9792,244,6,0,103,2,0,N,N,N
2022-08-05,2752,2275,1273,50M-100M,5,0.99144,13,3777,529,390,85,21,4,1271,1272,20M-50M,250,300,250,300,0,0,1,477,277,0,1,0,1,0,0,0,0,0,15,15,0,0.68,0.67,0.67,15.67,0,5,0,0,0,16,0,147,1,0,308,2619,0.99874,N,repo_symdir,0.9708,0.9904,247,3,0,109,1,0,N,N,N
2022-08-12,2757,2271,1294,50M-100M,4,0.99092,0,3782,532,387,85,21,4,1292,1294,20M-50M,249,299,249,299,0,1,6,478,277,0,1,0,1,0,0,0,0,0,16,16,0,0.68,0.67,0.67,16.67,0,4,0,0,0,16,0,147,1,0,310,2627,0.99872,N,repo_symdir,0.9951,0.9705,247,3,0,25,2,0,N,N,N
2022-08-19,2757,2265,1270,50M-100M,5,0.99088,5,3783,533,387,85,21,4,1268,1270,20M-50M,250,300,249,299,0,3,6,484,279,1,2,1,2,0,0,0,0,0,17,16,0,1.68,1.67,1.67,17.67,0,5,0,0,0,17,0,151,1,0,310,2627,0.99869,N,repo_symdir,0.9732,0.9736,245,5,0,11,1,0,N,N,N
2022-08-26,2756,2260,1258,50M-100M,5,0.99087,12,3780,531,387,85,21,4,1257,1257,20M-50M,250,300,250,300,0,4,6,486,279,1,2,1,2,0,0,0,0,0,15,14,0,1.7,1.69,1.69,15.69,0,5,0,0,0,17,0,154,0,0,310,2628,0.99868,N,repo_symdir,0.96,0.9788,243,7,0,16,1,0,N,N,N
2022-09-02,2756,2267,1242,20M-50M,4,0.99091,0,3782,535,383,86,22,4,1240,1240,20M-50M,250,300,250,300,0,0,10,485,278,1,2,1,2,0,0,0,0,0,15,15,0,1.7,1.69,1.69,16.69,0,4,0,0,0,18,0,154,0,0,309,2633,0.9987,N,repo_symdir,0.9512,0.9605,243,7,0,11,2,0,N,N,N
2022-09-09,2757,2265,1261,20M-50M,4,0.99091,4,3783,535,383,86,22,4,1258,1259,20M-50M,250,300,250,300,0,2,11,486,279,1,2,1,2,0,0,0,0,0,16,16,0,1.69,1.68,1.68,17.68,0,4,0,0,0,18,0,154,1,0,309,2634,0.9987,N,repo_symdir,0.9535,0.9752,245,5,0,6,2,0,N,N,N
2022-09-16,2753,2264,1235,20M-50M,4,0.99092,1,3776,534,381,86,22,4,1233,1235,20M-50M,250,300,250,300,0,1,9,486,281,1,2,1,2,0,0,0,0,0,16,16,0,1.68,1.68,1.68,17.68,0,4,0,0,0,18,0,151,1,0,312,2636,0.9987,N,repo_symdir,0.9634,0.9897,244,6,0,1,2,0,N,N,N
2022-09-23,2754,2268,1200,50M-100M,4,0.99094,3,3774,533,379,86,22,4,1197,1199,20M-50M,250,300,250,300,0,0,9,482,280,1,2,1,2,0,0,0,0,0,16,16,0,1.67,1.66,1.66,17.66,0,4,0,0,0,17,0,148,2,0,311,2638,0.99872,N,repo_symdir,0.976,0.9675,243,7,0,4,3,0,N,N,N
2022-09-30,2756,2266,1208,50M-100M,4,0.99077,10,3775,532,379,86,22,4,1204,1207,20M-50M,250,300,249,299,0,2,8,483,280,1,2,1,2,0,0,0,0,0,16,16,0,1.67,1.67,1.67,17.67,0,4,0,0,0,17,0,149,2,0,311,2640,0.99865,N,repo_symdir,0.9907,0.9769,244,6,0,5,1,0,N,N,N
2022-10-07,2754,2256,1213,50M-100M,4,0.99074,17,3773,532,379,86,22,4,1210,1212,20M-50M,249,299,248,298,0,5,4,490,281,1,2,1,2,0,0,0,0,0,16,16,0,1.7,1.69,1.69,17.69,0,4,0,0,0,18,0,154,2,0,312,2635,0.99864,N,repo_symdir,0.9722,0.9442,244,6,0,6,0,0,N,N,N
2022-10-14,2751,2255,1191,50M-100M,4,0.99073,4,3770,535,376,86,22,4,1188,1191,20M-50M,250,300,250,300,0,2,4,495,282,1,2,1,3,1,0,0,0,0,15,15,0,1.72,1.71,1.71,16.71,0,4,0,0,0,18,0,159,2,0,312,2639,0.99863,N,repo_symdir,0.9901,0.9402,244,6,0,19,0,0,N,N,N
2022-10-21,2752,2255,1204,50M-100M,4,0.99073,11,3771,535,376,86,22,4,1201,1203,20M-50M,250,300,250,300,0,3,3,495,284,1,2,1,3,1,0,0,0,0,15,15,0,1.71,1.7,1.7,16.7,0,4,0,0,0,18,0,159,1,0,313,2640,0.99866,N,repo_symdir,0.9909,0.9395,245,5,0,43,0,0,N,N,N
2022-10-28,2749,2255,1222,20M-50M,4,0.99074,4,3763,533,373,86,22,4,1219,1220,20M-50M,250,300,250,300,0,1,2,493,284,1,2,1,3,1,0,0,0,0,14,14,0,1.71,1.7,1.7,15.7,0,4,0,0,0,17,0,158,1,0,313,2641,0.99866,N,repo_symdir,1,0.9742,247,3,0,96,0,0,N,N,N
2022-11-04,2754,2258,1206,50M-100M,4,0.99079,2,3757,532,363,86,22,4,1204,1205,20M-50M,250,300,250,300,0,3,2,493,284,1,2,1,3,1,0,0,0,0,14,14,0,1.71,1.7,1.7,15.7,0,4,0,0,0,17,0,159,0,0,313,2646,0.99867,N,repo_symdir,0.9938,0.964,246,4,0,118,0,0,N,N,N
2022-11-11,2753,2263,1228,50M-100M,5,0.9908,3,3754,532,361,86,22,4,1225,1227,20M-50M,250,300,250,300,0,0,4,490,284,1,2,1,2,0,0,0,0,0,15,14,0,1.69,1.68,1.68,15.68,0,5,0,0,0,17,0,153,1,0,314,2649,0.99868,N,repo_symdir,1,0.9799,247,3,0,36,0,0,N,N,N
2022-11-18,2756,2268,1209,50M-100M,4,0.9908,2,3759,535,360,86,22,4,1204,1206,20M-50M,250,300,250,300,0,0,5,489,284,1,2,1,4,1,1,1,0,0,13,13,0,1.92,1.91,1.68,14.91,0,4,0,0,0,17,0,153,2,0,313,2653,0.99868,N,repo_symdir,0.9917,0.9694,247,3,0,10,0,0,N,N,N
2022-11-25,2756,2265,1211,50M-100M,4,0.99079,9,3759,535,360,86,22,4,1208,1209,20M-50M,250,300,250,300,0,1,4,489,285,1,2,1,2,0,0,0,0,0,13,13,0,1.94,1.93,1.68,14.93,0,4,0,0,0,17,0,154,1,0,313,2653,0.99867,N,repo_symdir,0.9996,0.9794,247,3,0,8,1,0,N,N,N
2022-12-02,2754,2259,1219,20M-50M,4,0.99085,16,3755,534,359,86,22,4,1216,1218,20M-50M,250,300,250,300,0,1,3,489,285,1,2,1,2,0,0,0,0,0,12,12,0,1.95,1.94,1.68,13.94,0,4,0,0,0,17,0,154,1,0,313,2652,0.99873,N,repo_symdir,0.9931,0.9859,247,3,0,17,1,0,N,N,N
2022-12-09,2755,2256,1202,20M-50M,4,0.99085,1,3741,534,348,82,22,4,1199,1202,20M-50M,250,300,250,300,0,1,4,496,285,1,2,1,2,0,0,0,0,0,12,12,0,1.97,1.96,1.71,13.96,0,4,0,0,0,18,0,161,1,0,312,2655,0.99873,N,repo_symdir,0.9914,0.9829,247,3,0,11,1,0,N,N,N
2022-12-16,2759,2258,1203,20M-50M,4,0.99084,0,3725,535,335,74,22,4,1198,1201,20M-50M,250,300,250,300,0,1,5,499,284,1,2,1,2,0,0,0,0,0,12,12,0,1.98,1.98,1.72,13.98,0,4,0,0,0,18,0,163,1,0,313,2659,0.9987,N,repo_symdir,0.9625,0.961,246,4,0,2,1,0,N,N,N
2022-12-23,2759,2255,1184,20M-50M,4,0.99084,7,3725,535,335,74,22,4,1181,1183,20M-50M,250,300,249,299,0,4,3,501,284,1,2,1,2,0,0,0,0,0,12,12,0,1.74,1.73,1.73,13.73,0,4,0,0,0,18,0,165,0,0,314,2659,0.9987,N,repo_symdir,0.976,0.95,242,8,0,3,0,0,N,N,N
2022-12-30,2757,2253,1201,20M-50M,4,0.9925,14,3711,535,327,70,22,4,1198,1201,20M-50M,250,300,250,300,0,5,4,500,285,1,2,1,2,0,0,0,0,0,11,11,0,1.74,1.73,1.73,12.73,0,4,0,0,0,18,0,164,0,0,314,2658,0.99899,N,repo_symdir,0.9544,0.9629,242,8,0,2,0,0,N,N,N
2023-01-06,2753,2303,1213,20M-50M,4,0.99279,21,3687,535,313,65,21,4,1207,1209,20M-50M,250,300,250,300,0,7,4,447,286,1,2,1,2,0,0,0,0,0,11,11,0,1.28,1.28,1.28,12.28,0,4,0,0,0,16,0,110,4,0,313,2652,0.99926,N,repo_symdir,0.98,0.9615,244,6,0,22,0,0,N,N,N
2023-01-13,2744,2303,1245,20M-50M,4,0.99313,0,3671,538,306,62,21,4,1237,1238,20M-50M,250,300,250,300,0,0,6,443,284,1,2,1,2,0,0,0,0,0,9,9,0,1.28,1.28,1.28,10.28,0,4,0,0,0,16,0,107,5,0,311,2655,0.99928,N,repo_symdir,0.9914,0.9949,246,4,0,19,0,0,N,N,N
2023-01-20,2746,2304,1243,20M-50M,4,0.99318,4,3673,538,306,62,21,4,1233,1239,20M-50M,250,300,250,300,0,3,7,444,286,1,2,1,2,0,0,0,0,0,9,9,0,1.28,1.27,1.27,10.27,0,4,0,0,0,16,0,106,6,0,312,2657,0.99932,N,repo_symdir,0.9975,0.9999,246,4,0,23,0,0,N,N,N
2023-01-27,2740,2302,1249,20M-50M,4,0.99319,4,3663,536,305,61,21,4,1240,1247,20M-50M,250,300,250,300,0,1,6,443,287,1,2,1,2,0,0,0,0,0,9,9,0,1.27,1.27,1.27,10.27,0,4,0,0,0,16,0,105,6,0,312,2654,0.99932,N,repo_symdir,0.9944,1,247,3,0,46,0,0,N,N,N
2023-02-03,2741,2303,1264,20M-50M,4,0.99357,11,3663,536,305,60,21,4,1254,1263,20M-50M,250,300,250,300,0,3,7,441,287,1,2,1,2,0,0,0,0,0,9,9,0,1.27,1.27,1.27,10.27,0,4,0,0,0,16,0,103,6,0,312,2655,0.99933,N,repo_symdir,0.997,0.9868,247,3,0,61,2,0,N,N,N
2023-02-10,2734,2297,1239,50M-100M,4,0.99366,2,3651,540,298,58,21,4,1233,1237,20M-50M,250,300,250,300,0,2,8,433,293,2,2,2,2,0,0,0,0,0,8,8,0,2.17,2.17,2.17,10.17,0,4,0,0,0,16,0,102,1,0,310,2654,0.99942,N,repo_symdir,0.9742,0.9784,244,6,0,48,2,0,N,N,N
2023-02-17,2736,2300,1246,50M-100M,4,0.99367,9,3652,539,298,58,21,4,1242,1245,20M-50M,250,300,250,300,0,3,8,434,294,0,1,0,1,0,0,0,0,0,8,8,0,0.25,0.24,0.24,8.24,0,4,0,0,0,16,0,102,1,0,311,2656,0.99944,N,repo_symdir,1.0025,1,247,3,0,73,2,0,N,N,N
2023-02-24,2733,2299,1225,50M-100M,4,0.99367,16,3646,539,296,57,21,4,1222,1225,20M-50M,250,300,249,299,0,5,6,432,293,1,1,1,1,0,0,0,0,0,7,7,0,1.18,1.17,1.17,8.17,0,4,0,0,0,15,0,102,0,0,311,2653,0.99944,N,repo_symdir,0.9951,0.9895,245,5,0,66,1,0,N,N,N
2023-03-03,2730,2295,1230,20M-50M,4,0.99365,2,3636,545,282,58,21,4,1227,1230,20M-50M,250,300,250,300,0,6,7,431,292,1,1,1,1,0,0,0,0,0,7,7,0,1.17,1.17,1.17,8.17,0,4,0,0,0,15,0,101,0,0,311,2652,0.99944,N,repo_symdir,0.9943,0.9649,245,5,0,29,2,1,N,N,N
2023-03-10,2730,2290,1193,50M-100M,4,0.99365,9,3636,545,282,58,21,4,1190,1192,20M-50M,250,300,250,300,0,9,5,431,293,1,2,1,1,0,0,0,0,0,7,7,0,1.18,1.17,1.17,8.17,0,4,0,0,0,15,0,100,1,0,311,2652,0.99946,N,repo_symdir,0.976,0.9771,244,6,0,5,2,1,N,N,N
2023-03-17,2727,2290,1178,50M-100M,4,0.99365,16,3623,540,279,56,21,4,1177,1178,20M-50M,250,300,250,300,2,4,2,433,293,1,2,1,1,0,0,0,0,0,8,8,0,1.18,1.17,1.17,9.17,0,4,0,0,0,15,0,102,1,0,311,2654,0.99945,N,repo_symdir,0.9764,0.9751,244,6,0,5,3,1,N,N,N
2023-03-24,2720,2288,1179,50M-100M,4,0.99366,2,3612,549,273,49,21,4,1177,1178,20M-50M,250,300,250,300,1,2,1,432,292,1,2,1,1,0,0,0,0,0,7,7,0,1.18,1.18,1.18,8.18,0,4,0,0,0,15,0,103,2,0,308,2652,0.99945,N,repo_symdir,0.9756,0.9527,244,6,0,6,2,1,N,N,N
2023-03-31,2722,2288,1183,50M-100M,4,0.99364,1,3605,546,272,44,21,3,1180,1181,20M-50M,250,300,250,300,0,1,3,433,291,1,2,1,1,0,0,0,0,0,7,7,0,1.18,1.18,1.18,8.18,0,4,0,0,0,15,0,103,2,0,309,2657,0.99943,N,repo_symdir,0.9859,0.9702,245,5,0,6,0,0,N,N,N
2023-04-06,2720,2284,1173,50M-100M,4,0.99367,1,3607,552,270,44,21,3,1169,1171,20M-50M,250,300,250,300,0,1,4,435,293,1,2,1,1,0,0,0,0,0,7,7,0,1.18,1.18,1.18,8.18,0,4,0,0,0,14,0,106,2,0,309,2654,0.99943,N,repo_symdir,0.9789,0.996,246,4,0,3,0,0,N,N,N
2023-04-14,2718,2283,1176,50M-100M,4,0.99369,4,3606,553,270,44,21,3,1172,1175,20M-50M,250,300,250,300,0,1,4,435,293,1,1,1,1,0,0,0,0,0,8,8,0,1.18,1.18,1.18,9.18,0,4,0,0,0,14,0,106,2,0,309,2652,0.99945,N,repo_symdir,0.9365,0.9999,246,4,0,11,0,0,N,N,N
2023-04-21,2717,2283,1179,50M-100M,4,0.99362,3,3599,552,265,44,21,3,1176,1179,20M-50M,250,300,250,300,0,1,5,434,292,1,2,1,1,0,0,0,0,0,6,6,0,1.18,1.18,1.18,7.18,0,4,0,0,0,14,0,105,1,0,310,2654,0.99938,N,repo_symdir,0.9746,0.9933,245,5,1,45,0,0,N,N,N
2023-04-28,2718,2283,1163,50M-100M,4,0.99373,10,3599,552,264,44,21,3,1161,1163,20M-50M,250,300,250,299,0,3,5,431,291,0,1,0,1,0,0,0,0,0,6,6,0,0.25,0.24,0.24,6.24,0,4,0,0,0,14,0,103,0,0,310,2654,0.99937,N,repo_symdir,0.9585,0.9937,244,6,1,105,0,0,N,N,N
2023-05-05,2716,2285,1158,50M-100M,4,0.9938,17,3593,552,263,41,21,3,1156,1158,20M-50M,250,300,250,300,0,2,4,429,291,0,1,0,1,0,0,0,0,0,7,7,0,0.24,0.24,0.24,7.24,0,4,0,0,0,14,0,102,0,0,309,2653,0.9994,N,repo_symdir,0.943,0.9935,244,6,1,110,0,0,N,N,N
2023-05-12,2711,2288,1154,50M-100M,4,0.99408,24,3582,552,260,38,21,3,1151,1153,20M-50M,250,300,250,300,1,1,2,424,292,0,1,0,1,0,0,0,0,0,6,6,0,0.23,0.23,0.23,6.23,0,4,0,0,0,14,0,98,1,0,307,2649,0.99942,N,repo_symdir,0.9905,0.999,245,5,1,36,0,0,N,N,N
2023-05-19,2713,2289,1158,20M-50M,4,0.99399,0,3579,553,256,36,21,3,1155,1158,20M-50M,250,300,250,300,0,0,5,422,292,0,1,0,1,0,0,0,0,0,6,6,0,0.23,0.23,0.23,6.23,0,4,0,0,0,14,0,97,1,0,306,2652,0.99933,N,repo_symdir,0.9888,0.9976,245,5,1,10,1,0,N,N,N
2023-05-26,2713,2288,1160,20M-50M,4,0.99399,7,3579,553,256,36,21,3,1158,1160,20M-50M,250,300,250,300,0,0,4,421,292,0,0,0,1,0,0,0,0,0,6,6,0,0.22,0.22,0.22,6.22,0,4,0,0,0,14,0,96,1,0,306,2652,0.99933,N,repo_symdir,0.9834,0.9988,245,5,1,15,1,0,N,N,N
2023-06-02,2712,2290,1175,20M-50M,4,0.994,14,3578,553,256,36,21,3,1172,1174,20M-50M,250,300,250,300,0,4,4,421,293,0,0,0,1,0,0,0,0,0,7,7,0,0.22,0.22,0.22,7.22,0,4,0,0,0,14,0,96,1,0,306,2648,0.99934,N,repo_symdir,0.9942,0.9952,245,5,1,12,2,0,N,N,N
2023-06-09,2712,2285,1183,20M-50M,4,0.99397,21,3577,553,255,36,21,3,1181,1182,20M-50M,250,300,250,300,0,5,3,420,293,0,0,0,1,0,0,0,0,0,6,6,0,0.22,0.22,0.22,6.22,0,4,0,0,0,14,0,95,0,0,307,2647,0.99943,N,repo_symdir,1,0.992,246,4,1,5,1,0,N,N,N
2023-06-16,2694,2288,1186,50M-100M,3,0.99405,0,3552,555,248,34,21,3,1184,1184,20M-50M,250,300,249,299,0,1,4,406,291,0,0,0,1,0,0,0,0,0,5,5,0,0.2,0.2,0.2,5.2,0,3,0,0,0,13,0,86,1,0,303,2634,0.99947,N,repo_symdir,1.0218,1,246,4,1,1,1,0,N,N,N
2023-06-23,2694,2284,1177,50M-100M,3,0.99405,7,3552,555,248,34,21,3,1175,1175,20M-50M,249,299,249,299,0,2,2,406,291,0,0,0,1,0,0,0,0,0,5,5,0,0.2,0.2,0.2,5.2,0,3,0,0,0,13,0,85,1,0,304,2632,0.99947,N,repo_symdir,1,0.9977,246,4,1,1,1,0,N,N,N
2023-06-30,2694,2282,1179,50M-100M,3,0.99414,14,3547,554,244,34,21,3,1176,1177,20M-50M,250,300,250,299,0,4,4,408,293,0,0,0,1,0,0,0,0,0,8,8,0,0.19,0.19,0.19,8.19,0,3,0,0,0,13,0,87,1,0,304,2630,0.99955,N,repo_symdir,0.9615,0.9909,245,5,0,4,1,0,N,N,N
2023-07-07,2688,2275,1179,50M-100M,3,0.99486,21,3543,557,243,34,21,3,1177,1177,20M-50M,250,300,250,300,0,5,3,407,292,0,0,0,1,0,0,0,0,0,27,26,0,0.16,0.16,0.16,26.16,0,3,0,0,0,13,0,86,1,0,304,2472,0.99969,N,repo_symdir,1,0.9985,247,3,0,2,2,0,N,N,N
2023-07-14,2690,2282,1190,50M-100M,3,0.99487,6,3540,556,241,32,21,3,1185,1189,20M-50M,250,300,249,299,0,2,7,408,294,0,0,0,1,0,0,0,0,0,26,25,0,0.16,0.15,0.15,25.15,0,3,0,0,0,13,0,85,2,0,305,2481,0.9997,N,repo_symdir,1.0182,1,246,4,0,11,1,0,N,N,N
2023-07-21,2689,2278,1198,50M-100M,3,0.99487,13,3539,555,242,32,21,3,1192,1196,20M-50M,250,300,250,300,0,4,7,409,293,0,0,0,1,0,0,0,0,0,26,25,0,0.16,0.16,0.16,25.16,0,3,0,0,0,13,0,86,2,0,305,2481,0.99969,N,repo_symdir,1.0093,0.9931,247,3,0,40,1,0,N,N,N
2023-07-28,2684,2278,1201,50M-100M,3,0.99487,0,3521,556,229,31,21,3,1196,1198,20M-50M,250,300,250,300,0,0,7,406,294,0,0,0,1,0,0,0,0,0,24,23,0,0.16,0.15,0.15,23.15,0,3,0,0,0,13,0,84,2,0,304,2488,0.99971,N,repo_symdir,0.9944,0.9965,247,3,0,98,1,0,N,N,N
2023-08-04,2686,2278,1202,50M-100M,3,0.99492,7,3524,557,229,31,21,3,1198,1199,20M-50M,250,300,250,300,0,4,8,406,294,0,0,0,1,0,0,0,0,0,24,23,0,0.16,0.15,0.15,23.15,0,3,0,0,0,13,0,84,2,0,304,2486,0.99971,N,repo_symdir,0.9997,0.9849,246,4,0,115,0,0,N,N,N
2023-08-11,2684,2275,1192,50M-100M,3,0.99492,14,3519,555,228,31,21,3,1188,1192,20M-50M,249,299,249,298,0,5,9,405,294,0,0,0,1,0,0,0,0,0,23,22,0,0.16,0.15,0.15,22.15,0,3,0,0,0,13,0,84,2,0,303,2487,0.99971,N,repo_symdir,1,0.9947,247,3,0,31,0,0,N,N,N
2023-08-18,2684,2275,1169,50M-100M,4,0.99495,21,3516,555,226,30,21,3,1166,1169,20M-50M,250,300,250,300,0,4,8,406,293,0,0,0,1,0,0,0,0,0,23,22,0,0.16,0.15,0.15,22.15,0,4,0,0,0,13,0,84,2,0,303,2489,0.99971,N,repo_symdir,0.9999,0.9915,246,4,0,9,0,0,N,N,N
2023-08-25,2676,2274,1161,50M-100M,3,0.995,0,3506,558,221,30,21,3,1158,1161,20M-50M,250,300,250,300,0,1,7,403,292,0,0,0,1,0,0,0,0,0,20,19,0,0.16,0.16,0.16,19.16,0,3,0,0,0,11,0,82,2,0,305,2492,0.99971,N,repo_symdir,0.9906,0.9943,246,4,0,12,0,0,N,N,N
2023-09-01,2675,2275,1173,20M-50M,2,0.99504,7,3505,558,221,30,21,3,1173,1173,20M-50M,250,300,250,300,0,4,6,398,292,0,0,0,1,0,0,0,0,0,20,19,0,0.15,0.15,0.15,19.15,0,2,0,0,0,11,0,80,0,0,305,2491,0.99972,N,repo_symdir,0.9798,0.9826,246,4,0,10,1,0,N,N,N
2023-09-08,2675,2272,1159,20M-50M,2,0.99506,14,3503,558,219,30,21,3,1159,1159,20M-50M,250,300,250,300,0,6,4,397,291,0,0,0,1,0,0,0,0,0,20,19,0,0.15,0.15,0.15,19.15,0,2,0,0,0,11,0,79,0,0,305,2491,0.99973,N,repo_symdir,0.9995,0.9843,246,4,0,4,2,0,N,N,N
2023-09-15,2672,2273,1149,50M-100M,2,0.99506,21,3496,556,217,30,21,3,1147,1147,20M-50M,250,300,250,300,0,3,4,398,293,0,0,0,1,0,0,0,0,0,19,18,0,0.15,0.15,0.15,18.15,0,2,0,0,0,11,0,79,1,0,305,2494,0.99973,N,repo_symdir,0.9741,0.9963,244,6,0,3,4,0,N,N,N
2023-09-22,2672,2274,1133,20M-50M,2,0.99506,28,3496,556,217,30,21,3,1129,1129,20M-50M,250,300,250,300,0,3,5,396,293,0,0,0,1,0,0,0,0,0,19,18,0,0.15,0.15,0.15,18.15,0,2,0,0,0,11,0,78,1,0,304,2496,0.99973,N,repo_symdir,0.9687,0.9935,242,8,0,3,4,0,N,N,N
2023-09-29,2672,2274,1135,20M-50M,2,0.99462,6,3500,563,214,30,21,3,1130,1132,20M-50M,250,300,249,298,0,3,7,394,294,0,0,0,1,0,0,0,0,0,17,16,0,0.15,0.15,0.15,16.15,0,2,0,0,0,11,0,75,1,0,305,2501,0.99973,N,repo_symdir,0.9715,0.9858,244,6,0,6,3,0,N,N,N
2023-10-06,2672,2271,1121,20M-50M,2,0.99506,13,3497,562,212,30,21,3,1115,1120,20M-50M,250,300,249,299,0,4,8,397,295,0,0,0,1,0,0,0,0,0,19,18,0,0.15,0.14,0.14,18.14,0,2,0,0,0,11,0,77,1,0,306,2500,0.99974,N,repo_symdir,0.9844,0.9932,244,6,0,7,2,0,N,N,N
2023-10-13,2671,2269,1109,20M-50M,2,0.99507,20,3493,562,210,29,21,3,1104,1108,20M-50M,250,300,248,298,0,6,8,398,295,0,0,0,1,0,0,0,0,0,20,19,0,0.15,0.14,0.14,19.14,0,2,0,0,0,11,0,78,1,0,306,2501,0.99974,N,repo_symdir,0.939,0.9851,243,7,0,10,1,0,N,N,N
2023-10-20,2670,2265,1095,20M-50M,2,0.99506,27,3491,562,209,29,21,3,1090,1094,20M-50M,250,300,250,300,0,10,7,398,294,0,0,0,1,0,0,0,0,0,20,19,0,0.15,0.14,0.14,19.14,0,2,0,0,0,11,0,77,2,0,306,2501,0.99974,N,repo_symdir,0.9481,0.9621,242,8,0,34,1,0,N,N,N
2023-10-27,2662,2269,1081,20M-50M,2,0.99507,0,3486,570,205,28,21,3,1076,1078,20M-50M,250,300,250,300,0,0,9,392,294,0,0,0,1,0,0,0,0,0,18,17,0,0.2,0.2,0.2,17.2,0,2,0,0,0,10,0,74,3,0,303,2509,0.99975,N,repo_symdir,0.9226,0.9669,241,9,0,86,1,0,N,N,N
2023-11-03,2663,2268,1119,20M-50M,2,0.99519,7,3487,570,205,28,21,3,1114,1116,20M-50M,250,300,250,300,0,2,8,393,294,0,0,0,1,0,0,0,0,0,19,18,0,0.2,0.2,0.2,18.2,0,2,0,0,0,10,0,74,3,0,304,2510,0.99975,N,repo_symdir,0.9696,0.9669,244,6,0,121,1,0,N,N,N
2023-11-10,2663,2267,1104,20M-50M,2,0.99519,14,3485,569,204,28,21,3,1100,1103,20M-50M,250,300,249,299,0,8,4,395,294,0,0,0,1,0,0,0,0,0,21,20,0,0.2,0.2,0.2,20.2,0,2,0,0,0,10,0,76,3,0,304,2511,0.99975,N,repo_symdir,0.9696,0.9451,244,6,0,43,0,0,N,N,N
2023-11-17,2657,2256,1121,20M-50M,2,0.99519,21,3478,568,204,28,21,3,1118,1121,20M-50M,250,300,250,300,0,9,5,391,295,0,0,0,1,0,0,0,0,0,17,16,0,0.2,0.2,0.2,16.2,0,2,0,0,0,10,0,76,1,0,302,2510,0.99975,N,repo_symdir,0.9588,0.9413,246,4,0,9,1,0,N,N,N
2023-11-24,2654,2255,1124,20M-50M,2,0.99519,28,3474,568,203,28,21,3,1122,1124,20M-50M,250,300,250,300,0,7,4,393,295,0,0,0,1,0,0,0,0,0,17,16,0,0.2,0.2,0.2,16.2,0,2,0,0,0,10,0,77,1,0,303,2511,0.99975,N,repo_symdir,0.9382,0.9531,244,6,0,12,2,0,N,N,N
2023-12-01,2649,2255,1136,50M-100M,2,0.9952,3,3464,570,197,27,21,2,1135,1136,20M-50M,250,300,250,300,0,3,6,389,296,0,0,0,1,0,0,0,0,0,15,14,0,0.14,0.14,0.14,14.14,0,2,0,0,0,10,0,73,0,0,304,2514,0.99972,N,repo_symdir,0.9737,0.9616,245,5,0,17,1,0,N,N,N
2023-12-08,2649,2253,1141,50M-100M,2,0.9952,10,3464,570,197,27,21,2,1141,1141,20M-50M,250,300,250,300,0,4,5,389,298,0,0,0,1,0,0,0,0,0,15,14,0,0.13,0.13,0.13,14.13,0,2,0,0,0,10,0,73,0,0,304,2514,0.99972,N,repo_symdir,0.9999,0.9635,248,2,0,9,1,0,N,N,N
2023-12-15,2641,2248,1149,50M-100M,2,0.9952,0,3447,571,188,26,21,2,1149,1149,20M-50M,250,300,250,300,0,1,6,390,302,0,0,0,1,0,0,0,0,0,15,14,0,0.13,0.13,0.13,14.13,0,2,0,0,0,10,0,72,0,0,306,2514,0.99976,N,repo_symdir,0.9842,0.985,248,2,0,3,0,0,N,N,N
2023-12-22,2641,2242,1169,50M-100M,2,0.99519,1,3447,571,188,26,21,2,1168,1168,20M-50M,250,300,250,300,0,7,3,392,304,0,0,0,1,0,0,0,0,0,15,14,0,0.13,0.13,0.13,14.13,0,2,0,0,0,10,0,72,0,0,308,2514,0.99976,N,repo_symdir,0.9909,0.9794,248,2,0,3,0,0,N,N,N
2023-12-29,2640,2240,1180,50M-100M,2,0.99521,8,3444,570,188,25,21,2,1178,1178,20M-50M,250,300,250,300,0,9,3,392,303,0,0,0,1,0,0,0,0,0,15,14,0,0.13,0.13,0.13,14.13,0,2,0,0,0,10,0,72,0,0,308,2515,0.99976,N,repo_symdir,0.9903,0.9926,248,2,0,3,1,0,N,N,N
2024-01-05,2636,2256,1175,50M-100M,2,0.99589,15,3437,569,186,25,21,2,1170,1171,20M-50M,250,300,250,300,0,8,2,376,304,0,0,0,0,0,0,0,0,0,16,15,0,0.12,0.12,0.12,15.12,0,2,0,0,0,10,0,53,4,0,307,2512,0.99986,N,repo_symdir,0.9839,0.991,247,3,0,20,1,0,N,N,N
2024-01-12,2629,2254,1175,50M-100M,1,0.99589,22,3429,569,185,25,21,2,1169,1171,20M-50M,250,300,250,300,0,4,2,375,304,0,0,0,0,0,0,0,0,0,15,15,0,0.12,0.11,0.11,15.11,0,1,0,0,0,10,0,52,5,0,307,2511,0.99986,N,repo_symdir,0.9745,0.9903,247,3,0,12,2,0,N,N,N
2024-01-19,2628,2258,1163,50M-100M,1,0.99589,1,3427,574,179,25,21,2,1157,1163,20M-50M,250,300,250,300,0,0,2,374,306,0,0,0,0,0,0,0,0,0,15,15,0,0.11,0.11,0.11,15.11,0,1,0,0,0,11,0,49,5,0,308,2516,0.99987,N,repo_symdir,0.9699,0.9828,245,5,0,20,2,0,N,N,N
2024-01-26,2617,2253,1177,50M-100M,1,0.99589,0,3404,568,173,25,21,2,1172,1177,20M-50M,250,300,249,299,0,2,1,368,304,0,0,0,0,0,0,0,0,0,12,12,0,0.11,0.11,0.11,12.11,0,1,0,0,0,11,0,47,4,0,305,2510,0.99986,N,repo_symdir,0.9805,0.9812,244,6,0,43,1,0,N,N,N
2024-02-02,2616,2248,1163,50M-100M,1,0.99621,7,3403,568,173,25,21,2,1159,1163,20M-50M,250,300,250,300,0,2,0,368,303,0,0,0,0,0,0,0,0,0,12,12,0,0.11,0.11,0.11,12.11,0,1,0,0,0,11,0,47,4,0,305,2510,0.99987,N,repo_symdir,0.924,0.9677,244,6,0,63,1,0,N,N,N
2024-02-09,2612,2246,1174,50M-100M,1,0.99621,14,3398,568,172,25,21,2,1174,1174,20M-50M,250,300,250,300,0,0,0,365,302,0,0,0,0,0,0,0,0,0,13,13,0,0.1,0.1,0.1,13.1,0,1,0,0,0,11,0,49,0,0,304,2510,0.99987,N,repo_symdir,0.9463,0.9745,245,5,0,62,0,0,N,N,N
2024-02-16,2613,2245,1188,50M-100M,1,0.99621,21,3398,567,172,25,21,2,1188,1188,20M-50M,249,299,249,299,0,3,0,364,302,0,0,0,0,0,0,0,0,0,12,12,0,0.1,0.1,0.1,12.1,0,1,0,0,0,11,0,48,0,0,304,2511,0.99987,N,repo_symdir,0.9509,0.9749,245,5,0,74,2,0,N,N,N
2024-02-23,2612,2243,1178,50M-100M,1,0.99621,28,3396,566,172,25,21,2,1178,1178,20M-50M,250,300,250,300,0,3,0,366,302,0,0,0,0,0,0,0,0,0,14,14,0,0.1,0.1,0.1,14.1,0,1,0,0,0,11,0,50,0,0,304,2511,0.99987,N,repo_symdir,0.9852,0.945,244,6,0,61,2,0,N,N,N
2024-03-01,2611,2239,1189,50M-100M,1,0.9962,3,3391,563,172,24,21,2,1189,1189,20M-50M,250,300,250,300,0,3,0,366,301,0,0,0,0,0,0,0,0,0,14,14,0,0.11,0.1,0.1,14.1,0,1,0,0,0,11,0,50,0,0,304,2512,0.99986,N,repo_symdir,0.9395,0.9258,244,5,0,38,2,0,N,N,N
2024-03-08,2609,2236,1195,50M-100M,2,0.9962,10,3383,562,169,22,21,2,1195,1195,20M-50M,250,300,250,300,0,3,0,370,301,0,0,0,0,0,0,0,0,0,16,15,0,0.11,0.11,0.11,15.11,0,2,0,0,0,11,0,53,0,0,304,2512,0.99986,N,repo_symdir,0.948,0.9631,245,4,0,10,2,0,N,N,N
2024-03-15,2608,2235,1180,50M-100M,2,0.9962,17,3379,561,167,22,21,2,1180,1180,20M-50M,250,300,250,300,0,5,0,369,302,0,0,0,0,0,0,0,0,0,15,14,0,0.11,0.11,0.11,14.11,0,2,0,0,0,11,0,52,0,0,304,2511,0.99986,N,repo_symdir,0.9497,0.9631,246,3,0,4,0,0,N,N,N
2024-03-22,2603,2229,1186,50M-100M,2,0.9962,24,3372,561,165,22,21,2,1185,1185,20M-50M,248,298,248,297,0,5,1,368,301,0,0,0,0,0,0,0,0,0,14,13,0,0.11,0.11,0.11,13.11,0,2,0,0,0,10,0,52,0,0,304,2510,0.99986,N,repo_symdir,0.9365,0.9759,246,3,0,5,0,0,N,N,N
2024-03-28,2613,2253,1205,50M-100M,1,0.9962,0,3388,576,155,23,21,2,1202,1202,20M-50M,250,300,250,300,0,0,5,359,304,0,0,0,0,0,0,0,0,0,7,7,0,0.1,0.1,0.1,7.1,0,1,0,0,0,9,0,45,0,0,304,2534,0.99986,N,repo_symdir,0.956,0.9882,248,2,0,4,0,0,N,N,N
2024-04-05,2618,2254,1191,50M-100M,1,0.99625,8,3390,573,155,23,21,2,1188,1189,20M-50M,250,300,250,300,0,6,5,361,307,0,0,0,0,0,0,0,0,0,8,8,0,0.1,0.09,0.09,8.09,0,1,0,0,0,9,0,45,0,0,306,2533,0.99987,N,repo_symdir,0.9241,0.9642,248,2,0,2,0,0,N,N,N
2024-04-12,2614,2250,1167,50M-100M,1,0.99627,15,3384,573,154,23,21,2,1164,1166,20M-50M,250,300,250,300,0,5,5,359,306,0,0,0,0,0,0,0,0,0,8,8,0,0.09,0.09,0.09,8.09,0,1,0,0,0,9,0,43,0,0,306,2530,0.99987,N,repo_symdir,0.9694,0.9791,247,3,0,7,0,0,N,N,N
2024-04-19,2614,2252,1155,50M-100M,1,0.99627,22,3380,571,152,23,21,2,1152,1155,20M-50M,250,300,250,300,0,4,5,358,305,0,0,0,0,0,0,0,0,0,8,8,0,0.09,0.09,0.09,8.09,0,1,0,0,0,9,0,42,0,0,306,2532,0.99988,N,repo_symdir,0.9741,0.9693,247,3,0,28,0,0,N,N,N
2024-04-26,2604,2253,1172,50M-100M,1,0.99594,6,3379,582,148,24,21,2,1170,1172,20M-50M,250,300,250,300,0,0,4,350,305,0,0,0,0,0,0,0,0,0,6,6,0,0.41,0.41,0.41,6.41,0,1,0,0,0,9,0,35,0,0,305,2528,0.99957,N,repo_symdir,0.9928,0.9812,247,3,0,100,0,0,N,N,N
2024-05-03,2604,2251,1192,50M-100M,1,0.99563,13,3378,581,148,24,21,2,1191,1192,20M-50M,250,300,250,300,0,1,2,351,306,0,0,0,0,0,0,0,0,0,6,6,0,0.07,0.07,0.07,6.07,0,1,0,0,0,10,0,35,0,0,305,2527,0.99989,N,repo_symdir,0.9961,1,248,2,0,109,1,0,N,N,N
2024-05-10,2606,2253,1177,50M-100M,1,0.99564,20,3379,580,148,24,21,2,1175,1175,20M-50M,250,300,250,300,0,1,3,352,312,0,0,0,1,1,0,0,0,0,6,6,0,0.07,0.07,0.07,6.07,0,1,0,0,0,11,0,36,0,0,304,2529,0.9999,N,repo_symdir,0.9915,0.9775,246,4,0,53,2,0,N,N,N
2024-05-17,2605,2253,1186,50M-100M,1,0.99564,27,3377,580,148,23,21,2,1184,1184,20M-50M,250,300,250,300,0,2,4,351,309,0,0,0,0,0,0,0,0,0,6,6,0,0.07,0.07,0.07,6.07,0,1,0,0,0,11,0,36,0,0,303,2528,0.9999,N,repo_symdir,0.9925,1,248,2,0,8,1,0,N,N,N
2024-05-24,2603,2250,1182,50M-100M,1,0.99562,6,3374,580,147,23,21,2,1180,1182,20M-50M,249,299,249,299,0,3,4,350,311,0,0,0,1,1,0,0,0,0,6,6,0,0.07,0.06,0.06,6.06,0,1,0,0,1,11,0,35,0,0,302,2525,0.99988,N,repo_symdir,0.9963,0.9952,248,2,0,11,1,0,N,N,N
2024-05-31,2589,2252,1169,50M-100M,1,0.99575,0,3356,583,143,20,21,2,1166,1168,20M-50M,250,300,249,299,0,1,6,337,307,0,0,0,1,1,0,0,0,0,5,5,0,0.05,0.04,0.04,5.04,0,1,0,0,0,10,0,26,1,0,299,2513,0.99997,N,repo_symdir,0.9985,0.9801,248,2,0,17,0,0,N,N,N
2024-06-07,2593,2254,1166,50M-100M,1,0.99576,7,3360,583,143,20,21,2,1160,1162,20M-50M,250,300,250,300,0,2,9,338,306,0,0,0,1,1,0,0,0,0,5,5,0,0.11,0.1,0.1,5.1,0,1,0,0,0,10,0,26,2,0,299,2516,0.99997,N,repo_symdir,0.9978,0.967,247,3,0,11,1,0,N,N,N
2024-06-14,2594,2257,1163,50M-100M,0,0.99576,14,3361,583,143,20,21,2,1156,1157,20M-50M,250,300,250,300,0,2,9,337,305,0,0,0,1,1,0,0,0,0,5,5,0,0.11,0.11,0.11,5.11,0,0,0,0,0,10,0,26,2,0,299,2517,0.99997,N,repo_symdir,0.9966,0.9805,248,2,0,6,1,0,N,N,N
2024-06-21,2592,2256,1155,50M-100M,0,0.99576,21,3356,581,142,20,21,2,1148,1152,20M-50M,250,300,250,300,0,1,7,338,308,0,0,0,1,1,0,0,0,0,5,5,0,0.1,0.1,0.1,5.1,0,0,0,0,0,10,0,26,2,0,300,2517,0.99997,N,repo_symdir,1.0064,0.9893,248,2,0,1,1,0,N,N,N
2024-06-28,2593,2258,1160,50M-100M,0,0.9958,28,3357,581,142,20,21,2,1151,1158,20M-50M,250,300,250,300,0,1,10,336,308,0,0,0,0,0,0,0,0,0,5,5,0,0.1,0.1,0.1,5.1,0,0,0,0,0,10,0,25,2,0,299,2516,0.99998,N,repo_symdir,0.9988,0.9957,248,2,0,4,1,0,N,N,N
2024-07-05,2581,2252,1156,50M-100M,0,0.9963,4,3342,585,137,18,21,2,1147,1154,20M-50M,250,300,249,299,0,6,11,326,307,0,0,0,0,0,0,0,0,0,4,4,0,0.08,0.08,0.08,4.08,0,0,0,0,0,10,0,19,2,0,295,2401,0.99998,N,repo_symdir,0.9931,0.9801,248,2,0,4,0,0,N,N,N
2024-07-12,2574,2250,1176,50M-100M,0,0.9963,2,3336,588,135,18,21,2,1169,1176,20M-50M,250,300,250,300,0,0,9,323,308,0,0,0,0,0,0,0,0,0,3,3,0,0.02,0.02,0.02,3.02,0,0,0,0,0,10,0,18,0,0,295,2402,0.99998,N,repo_symdir,0.9977,0.9787,248,2,0,9,0,0,N,N,N
2024-07-19,2576,2249,1177,50M-100M,0,0.9963,9,3338,588,135,18,21,2,1172,1175,20M-50M,250,300,250,300,0,2,7,323,308,0,0,0,0,0,0,0,0,0,3,3,0,0.02,0.02,0.02,3.02,0,0,0,0,0,10,0,18,0,0,295,2404,0.99998,N,repo_symdir,0.9985,1,248,2,0,30,0,0,N,N,N
2024-07-26,2576,2249,1198,50M-100M,0,0.9963,16,3336,587,134,18,21,2,1193,1195,20M-50M,250,300,250,300,0,3,7,324,308,0,0,0,1,1,0,0,0,0,4,4,0,0.02,0.02,0.02,4.02,0,0,0,0,0,10,0,19,0,0,295,2404,0.99998,N,repo_symdir,0.9904,1,248,2,0,86,0,0,N,N,N
2024-08-02,2574,2247,1163,50M-100M,0,0.99633,23,3334,587,134,18,21,2,1159,1161,20M-50M,250,300,250,299,0,6,5,323,309,0,0,0,1,1,0,0,0,0,2,2,0,0.02,0.02,0.02,2.02,0,0,0,0,0,10,0,19,0,0,294,2404,0.99999,N,repo_symdir,0.9914,0.988,246,4,0,117,0,0,N,N,N
2024-08-09,2573,2242,1149,50M-100M,0,0.99633,30,3330,585,133,18,21,2,1145,1148,20M-50M,250,300,250,300,0,10,5,321,307,0,0,0,0,0,0,0,0,0,2,2,0,0.02,0.02,0.02,2.02,0,0,0,0,0,10,0,19,0,0,292,2403,0.99999,N,repo_symdir,0.9684,0.9623,245,5,0,59,1,0,N,N,N
2024-08-16,2558,2239,1162,50M-100M,0,0.99608,3,3317,591,129,18,21,2,1158,1162,20M-50M,250,299,249,298,0,1,7,317,304,0,0,0,0,0,0,0,0,0,1,1,0,0.02,0.02,0.02,1.02,0,0,0,0,0,10,0,18,0,0,289,2405,0.99995,N,repo_symdir,0.9917,0.979,247,3,0,7,0,0,N,N,N
2024-08-23,2558,2236,1174,50M-100M,1,0.99611,10,3317,591,129,18,21,2,1172,1174,20M-50M,250,300,250,300,0,5,5,316,303,0,1,0,0,0,0,0,0,0,1,1,0,0.03,0.02,0.02,1.02,1,1,0,0,0,10,0,18,0,0,287,2404,0.99995,N,repo_symdir,0.9884,0.9556,248,2,0,9,0,0,N,N,N
2024-08-30,2558,2237,1172,50M-100M,1,0.99611,17,3313,590,127,17,21,2,1171,1172,20M-50M,250,300,250,300,0,4,4,317,305,0,1,0,0,0,0,0,0,0,1,1,0,0.02,0.01,0.01,1.01,1,1,0,0,0,10,0,18,0,0,288,2404,0.99999,N,repo_symdir,0.9779,0.9781,246,4,0,21,0,0,N,N,N
2024-09-06,2558,2237,1157,50M-100M,1,0.99616,24,3313,590,127,17,21,2,1157,1157,20M-50M,250,300,250,300,0,5,2,316,304,0,1,0,0,0,0,0,0,0,1,1,0,0.02,0.01,0.01,1.01,1,1,0,0,0,10,0,18,0,0,287,2403,0.99999,N,repo_symdir,0.955,0.9477,244,6,0,9,0,0,N,N,N
2024-09-13,2562,2241,1183,50M-100M,1,0.99616,31,3317,590,127,17,21,2,1180,1180,20M-50M,250,300,250,300,0,8,6,316,303,0,0,0,0,0,0,0,0,0,2,2,0,0.01,0.01,0.01,2.01,0,1,0,0,0,10,0,18,0,0,287,2407,0.99999,N,repo_symdir,0.9618,0.9768,245,5,0,3,0,0,N,N,N
2024-09-20,2551,2240,1184,50M-100M,1,0.99616,4,3317,600,127,18,21,2,1181,1181,20M-50M,250,300,250,300,0,5,5,307,296,0,1,0,0,0,0,0,0,0,1,1,0,0.01,0.01,0.01,1.01,1,1,0,0,0,9,0,18,0,0,279,2408,0.99999,N,repo_symdir,0.988,0.9513,247,3,0,3,0,0,N,N,N
2024-09-27,2550,2238,1171,50M-100M,1,0.99616,11,3316,600,127,18,21,2,1167,1170,20M-50M,250,300,250,300,0,4,6,307,296,0,0,0,1,1,0,0,0,0,1,1,0,0.01,0.01,0.01,1.01,0,1,0,0,0,9,0,18,0,0,279,2409,0.99999,N,repo_symdir,0.9836,0.9777,247,3,0,7,0,0,N,N,N
2024-10-04,2548,2239,1175,50M-100M,1,0.99617,18,3312,598,127,18,21,2,1171,1174,20M-50M,250,300,250,300,0,4,5,306,296,0,1,0,1,1,0,0,0,0,1,1,0,0.01,0.01,0.01,1.01,1,1,0,0,0,9,0,18,0,0,278,2409,1,N,repo_symdir,0.9666,0.9666,246,4,0,5,0,0,N,N,N
2024-10-11,2538,2242,1181,50M-100M,1,0.99617,0,3312,610,126,17,21,2,1174,1178,20M-50M,250,300,250,300,0,1,9,295,288,0,0,0,1,1,0,0,0,0,0,0,0,0,0,0,0,0,1,0,0,0,9,0,17,0,0,268,2412,1,N,repo_symdir,0.9876,0.9744,246,4,0,6,1,0,Y,Y,Y
2024-10-18,2538,2240,1199,50M-100M,1,0.99617,7,3312,610,126,17,21,2,1195,1196,20M-50M,250,300,250,300,0,4,5,294,287,0,0,0,1,1,0,0,0,0,0,0,0,0,0,0,0,0,1,0,0,0,9,0,17,0,0,267,2412,1,N,repo_symdir,0.984,0.9556,248,2,0,26,1,1,Y,Y,Y
2024-10-25,2534,2243,1190,50M-100M,1,0.99617,0,3315,620,123,17,21,2,1184,1188,20M-50M,250,300,250,300,0,1,7,291,284,0,0,0,1,1,0,0,0,0,0,0,0,0,0,0,0,0,1,0,0,0,9,0,17,0,0,264,2415,1,N,repo_symdir,0.97,0.9841,245,5,0,76,1,1,Y,Y,Y
2024-11-01,2532,2243,1185,50M-100M,1,0.99652,0,3315,621,124,17,21,2,1180,1183,20M-50M,250,300,250,300,0,3,6,286,278,0,0,0,0,0,0,0,0,0,0,0,0,0.01,0.01,0.01,0.01,0,1,0,0,0,9,0,17,0,0,259,2411,1,N,repo_symdir,0.9711,0.9686,246,4,0,110,1,1,Y,Y,Y
2024-11-08,2532,2241,1201,50M-100M,1,0.99658,7,3315,621,124,17,21,2,1196,1201,20M-50M,250,299,250,299,1,4,6,286,279,0,0,0,0,0,0,0,0,0,0,0,0,0,0,0,0,0,1,0,0,0,9,0,17,0,0,259,2411,1,N,repo_symdir,0.9822,0.9387,246,4,0,72,1,1,Y,Y,Y
2024-11-15,2529,2243,1177,50M-100M,1,0.99658,14,3310,621,123,16,21,2,1174,1176,20M-50M,250,300,250,300,0,2,3,285,278,0,1,0,0,0,0,0,0,0,0,0,0,0.01,0.01,0.01,0.01,0,1,0,0,0,9,0,17,0,0,258,2413,1,N,repo_symdir,0.984,0.953,247,3,0,13,0,0,Y,Y,Y
2024-11-22,2530,2242,1180,50M-100M,1,0.99643,21,3310,621,122,16,21,2,1177,1179,20M-50M,250,299,250,299,0,5,4,283,276,0,1,0,0,0,0,0,0,0,0,0,0,0.01,0.01,0.01,0.01,0,1,0,0,0,9,0,17,0,0,256,2414,1,N,repo_symdir,0.9846,0.9538,248,2,0,13,0,0,Y,Y,Y
2024-11-29,2525,2238,1191,50M-100M,1,0.99643,28,3303,620,121,16,21,2,1190,1191,20M-50M,250,300,250,300,0,3,2,284,276,0,2,0,0,0,0,0,0,0,0,0,0,0.03,0.03,0.03,0.03,0,1,0,0,0,10,0,17,0,0,256,2412,1,N,repo_symdir,0.9987,0.9434,249,1,0,13,0,0,Y,Y,Y
2024-12-06,2528,2241,1201,50M-100M,1,0.99643,5,3301,627,111,14,21,2,1200,1201,20M-50M,250,299,250,299,0,3,4,282,274,1,2,1,0,0,0,0,0,0,0,0,0,0.98,0.98,0.98,0.98,0,1,0,0,0,10,0,16,0,0,255,2419,0.99999,N,repo_symdir,0.9795,0.9614,248,2,0,17,0,0,N,N,N
2024-12-13,2529,2242,1190,50M-100M,1,0.99643,12,3302,627,111,14,21,2,1187,1188,50M-100M,250,300,250,300,0,6,6,281,272,1,2,1,0,0,0,0,0,0,0,0,0,0.98,0.98,0.98,0.98,0,1,0,0,0,10,0,16,0,0,254,2419,0.99999,N,repo_symdir,0.985,0.9541,248,2,0,6,0,0,N,N,N
2024-12-20,2530,2241,1183,50M-100M,1,0.99642,19,3299,626,109,13,21,2,1182,1182,50M-100M,250,300,250,300,0,6,5,282,274,1,2,1,0,0,0,0,0,0,0,0,0,0.98,0.98,0.98,0.98,0,1,0,0,0,10,0,16,0,0,255,2420,0.99999,N,repo_symdir,0.9856,0.9763,247,3,0,3,0,0,N,N,N
2024-12-27,2529,2241,1192,50M-100M,1,0.99642,26,3296,625,109,12,21,2,1190,1192,50M-100M,250,300,250,300,0,8,5,280,272,1,2,1,0,0,0,0,0,0,0,0,0,0.98,0.98,0.98,0.98,0,1,0,0,0,10,0,16,0,0,253,2420,1,N,repo_symdir,0.9629,0.9459,246,4,0,1,0,0,N,N,N
2025-01-03,2521,2244,1197,50M-100M,1,0.99632,2,3289,632,103,12,21,2,1195,1196,50M-100M,250,300,250,300,0,4,5,272,264,1,2,1,0,0,0,0,0,0,0,0,0,0.97,0.97,0.97,0.97,0,1,0,0,0,10,0,14,1,0,246,2413,1,N,repo_symdir,0.9699,0.9495,247,3,0,2,0,0,N,N,N
2025-01-10,2521,2242,1177,50M-100M,1,0.99633,9,3289,632,103,12,21,2,1175,1176,50M-100M,250,300,250,300,0,7,4,272,262,1,2,1,0,0,0,0,0,0,1,1,0,0.97,0.97,0.97,1.97,0,1,0,0,0,10,0,16,1,0,244,2413,1,N,repo_symdir,0.958,0.9461,244,6,0,17,0,0,N,N,N
2025-01-17,2516,2242,1190,50M-100M,1,0.99633,16,3283,632,102,12,21,2,1188,1190,50M-100M,250,300,250,300,0,5,3,270,260,1,2,1,0,0,0,0,0,0,1,1,0,0.97,0.97,0.97,1.97,0,1,0,0,0,10,0,16,1,0,242,2412,1,N,repo_symdir,0.9713,0.9375,244,6,0,19,0,0,N,N,N
2025-01-24,2515,2242,1210,50M-100M,1,0.99633,23,3282,632,102,12,21,2,1209,1210,50M-100M,250,300,250,300,0,5,1,269,259,1,1,1,0,0,0,0,0,0,1,1,0,0.97,0.97,0.97,1.97,0,1,0,0,0,10,0,16,1,0,241,2412,1,N,repo_symdir,0.9887,0.9892,247,3,0,28,0,0,N,N,N
2025-01-31,2519,2246,1205,50M-100M,1,0.99632,30,3285,632,101,12,21,2,1199,1200,50M-100M,250,300,250,300,0,7,4,269,258,1,1,1,0,0,0,0,0,0,1,1,0,0.98,0.98,0.98,1.98,0,1,0,0,0,10,0,16,2,0,240,2414,1,N,repo_symdir,0.999,0.9873,247,3,0,58,0,0,N,N,N
2025-02-07,2517,2251,1211,50M-100M,1,0.99629,6,3290,643,96,13,21,2,1206,1206,50M-100M,250,300,250,300,0,6,7,262,253,1,1,1,0,0,0,0,0,0,0,0,0,0.97,0.97,0.97,0.97,0,1,0,0,0,10,0,15,1,0,235,2420,1,N,repo_symdir,0.9892,0.9852,247,3,0,75,1,0,N,N,N
2025-02-14,2521,2256,1206,50M-100M,1,0.9963,13,3294,643,96,13,21,2,1197,1202,50M-100M,250,300,250,300,0,7,13,260,252,1,1,1,0,0,0,0,0,0,0,0,0,0.97,0.97,0.97,0.97,0,1,0,0,0,10,0,15,1,0,233,2426,1,N,repo_symdir,0.9725,0.9658,245,5,0,54,3,0,N,N,N
2025-02-21,2517,2256,1190,50M-100M,1,0.9963,20,3291,644,96,13,21,2,1181,1187,50M-100M,250,300,249,299,0,7,14,256,248,1,1,1,0,0,0,0,0,0,0,0,0,0.97,0.97,0.97,0.97,0,1,0,0,0,10,0,15,1,0,229,2427,1,N,repo_symdir,0.9808,0.9402,245,5,0,47,2,0,N,N,N
2025-02-28,2519,2257,1167,50M-100M,1,0.9963,27,3291,643,95,13,21,2,1158,1166,50M-100M,250,300,249,299,0,13,15,254,246,1,1,1,0,0,0,0,0,0,0,0,0,0.97,0.97,0.97,0.97,0,1,0,0,0,9,0,15,1,0,228,2424,1,N,repo_symdir,0.9681,0.9445,241,9,0,49,1,0,N,N,N
2025-03-07,2517,2263,1144,50M-100M,1,0.99636,6,3297,650,97,12,21,2,1137,1143,50M-100M,250,300,250,300,0,5,14,249,241,1,1,1,0,0,0,0,0,0,0,0,0,0.97,0.97,0.97,0.97,0,1,0,0,0,9,1,15,0,0,223,2431,1,N,repo_symdir,0.9493,0.9376,240,10,0,14,2,0,N,N,N
2025-03-14,2514,2265,1142,50M-100M,1,0.99636,13,3293,649,97,12,21,2,1136,1141,50M-100M,250,300,249,299,0,3,13,247,240,1,1,1,0,0,0,0,0,0,0,0,0,0.97,0.97,0.97,0.97,0,1,0,0,0,9,1,15,0,0,221,2432,1,N,repo_symdir,0.9625,0.9416,242,8,0,6,1,0,N,N,N
2025-03-21,2512,2265,1135,50M-100M,1,0.99636,20,3290,648,97,12,21,2,1132,1135,50M-100M,250,300,250,300,0,4,7,243,236,1,1,1,0,0,0,0,0,0,0,0,0,0.97,0.97,0.97,0.97,0,1,0,0,0,9,1,14,0,0,218,2432,1,N,repo_symdir,0.9507,0.9175,241,9,0,6,1,0,N,N,N
2025-03-28,2514,2269,1123,50M-100M,1,0.99635,27,3288,644,97,12,21,2,1120,1121,50M-100M,250,300,250,299,0,3,6,243,236,1,1,1,0,0,0,0,0,0,0,0,0,0.97,0.97,0.97,0.97,0,1,0,0,0,9,1,14,0,0,218,2435,1,N,repo_symdir,0.9683,0.95,242,8,0,5,1,0,N,N,N
2025-04-04,2512,2275,1074,50M-100M,1,0.99597,3,3287,647,96,11,21,2,1071,1072,50M-100M,250,300,249,299,0,9,7,228,220,1,1,1,0,0,0,0,0,0,0,0,0,0.97,0.97,0.97,0.97,0,1,0,0,0,9,1,12,0,0,205,2423,1,N,repo_symdir,0.9375,0.9381,240,10,0,4,1,0,N,N,N
2025-04-11,2509,2277,1077,50M-100M,2,0.996,10,3284,647,96,11,21,2,1076,1077,50M-100M,250,300,250,300,0,6,6,226,218,1,1,1,0,0,0,0,0,0,0,0,0,0.97,0.97,0.97,0.97,0,2,0,0,0,9,1,12,0,0,202,2424,1,N,repo_symdir,0.9478,0.9198,240,10,0,7,1,0,N,N,N
2025-04-17,2508,2279,1094,50M-100M,2,0.996,16,3283,647,96,11,21,2,1092,1093,50M-100M,250,300,250,300,0,5,6,225,217,1,1,1,0,0,0,0,0,0,0,0,0,0.97,0.97,0.97,0.97,0,2,0,0,0,9,1,12,0,0,201,2425,1,N,repo_symdir,0.961,0.9022,241,9,0,20,1,0,N,N,N
2025-04-25,2504,2276,1120,50M-100M,2,0.99601,24,3278,647,96,10,21,2,1118,1120,50M-100M,250,300,250,300,0,5,6,223,216,1,1,1,0,0,0,0,0,0,0,0,0,0.97,0.97,0.97,0.97,0,2,0,0,0,9,1,12,0,0,199,2422,1,N,repo_symdir,0.9534,0.8973,242,8,0,76,1,0,N,N,N
2025-05-02,2495,2279,1129,50M-100M,2,0.99602,1,3282,664,91,11,21,2,1129,1129,50M-100M,250,300,250,300,0,3,3,213,207,1,1,1,0,0,0,0,0,0,0,0,0,0.96,0.96,0.96,0.96,0,2,0,0,0,9,1,11,0,0,190,2416,1,N,repo_symdir,0.9577,0.9539,245,5,0,115,0,0,N,N,N
2025-05-09,2496,2280,1121,50M-100M,2,0.99603,8,3283,664,91,11,21,2,1119,1120,50M-100M,250,300,250,300,0,3,3,214,207,1,1,1,0,0,0,0,0,0,0,0,0,0.97,0.97,0.97,0.97,0,2,0,0,0,9,1,11,1,0,190,2417,1,N,repo_symdir,0.9692,0.952,245,5,0,83,0,0,N,N,N
2025-05-16,2495,2282,1146,50M-100M,2,0.99604,15,3282,664,91,11,21,2,1143,1143,50M-100M,250,300,250,300,0,3,2,212,205,1,1,1,0,0,0,0,0,0,0,0,0,0.97,0.97,0.97,0.97,0,2,0,0,0,9,1,11,1,0,188,2416,1,N,repo_symdir,0.988,0.9723,245,5,0,8,0,0,N,N,N
2025-05-23,2493,2280,1130,50M-100M,2,0.99607,22,3283,668,90,11,21,2,1128,1129,50M-100M,250,300,250,300,0,5,2,209,202,1,1,1,0,0,0,0,0,0,0,0,0,0.97,0.97,0.97,0.97,0,2,0,0,0,9,1,11,1,0,185,2413,1,N,repo_symdir,0.9778,0.951,246,4,0,12,0,0,N,N,N
2025-05-30,2492,2280,1135,50M-100M,2,0.99609,29,3280,666,90,11,21,2,1133,1135,50M-100M,250,300,250,300,0,8,2,205,197,1,1,1,0,0,0,0,0,0,0,0,0,0.97,0.97,0.97,0.97,0,2,0,0,0,9,0,11,1,0,182,2409,0.99999,N,repo_symdir,0.9827,0.9447,245,5,0,16,0,0,N,N,N
2025-06-06,2485,2286,1170,50M-100M,2,0.9961,5,3281,669,95,11,21,2,1167,1169,50M-100M,250,300,250,300,0,4,3,196,189,0,1,0,0,0,0,0,0,0,0,0,0,0.02,0.02,0.02,0.02,0,2,0,0,0,9,0,9,1,0,175,2406,1,N,repo_symdir,0.9835,0.9675,246,4,0,11,1,0,Y,Y,Y
2025-06-13,2483,2288,1167,50M-100M,2,0.9961,12,3279,669,95,11,21,2,1163,1164,50M-100M,250,300,250,300,0,0,5,195,189,0,1,0,0,0,0,0,0,0,0,0,0,0.02,0.02,0.02,0.02,0,2,0,0,0,9,0,9,0,0,175,2408,1,N,repo_symdir,0.9765,0.9703,247,3,0,3,1,0,Y,Y,Y
2025-06-20,2483,2287,1156,50M-100M,2,0.9961,19,3279,669,95,11,21,2,1150,1152,50M-100M,250,300,250,300,0,1,6,195,189,0,1,0,0,0,0,0,0,0,0,0,0,0.02,0.02,0.02,0.02,0,2,0,0,0,9,0,9,0,0,175,2407,1,N,repo_symdir,0.9912,0.9742,246,4,0,1,3,1,Y,Y,Y
2025-06-27,2484,2289,1167,50M-100M,2,0.99613,26,3279,668,95,11,21,2,1160,1163,50M-100M,250,300,250,300,0,4,8,193,187,0,1,0,0,0,0,0,0,0,0,0,0,0.02,0.02,0.02,0.02,0,2,0,0,0,9,0,9,0,0,173,2405,1,N,repo_symdir,0.9923,0.96,247,3,0,3,3,1,Y,Y,Y
2025-07-03,2480,2289,1198,50M-100M,2,0.99812,2,3298,672,113,12,21,2,1191,1196,50M-100M,250,300,249,299,0,4,8,190,184,0,1,0,0,0,0,0,0,0,1,1,0,0.01,0.01,0.01,1.01,0,2,0,0,0,9,0,9,0,0,170,2274,1,N,repo_symdir,0.9941,0.9479,247,3,0,3,2,1,N,N,N
2025-07-11,2476,2288,1191,50M-100M,2,0.99813,10,3294,673,112,12,21,2,1182,1189,50M-100M,250,300,250,300,0,7,10,181,175,0,1,0,0,0,0,0,0,0,1,1,0,0.01,0.01,0.01,1.01,0,2,0,0,0,8,0,10,0,0,161,2273,1,N,repo_symdir,0.979,0.9696,247,3,0,6,2,1,N,N,N
2025-07-18,2475,2289,1197,50M-100M,2,0.99817,17,3293,673,112,12,21,2,1190,1195,50M-100M,250,300,248,297,0,9,9,180,172,0,1,0,0,0,0,0,0,0,3,3,0,0.01,0.01,0.01,3.01,0,2,0,0,0,8,0,10,0,0,160,2273,1,N,repo_symdir,0.9714,0.9736,246,4,0,26,0,0,N,N,N
2025-07-25,2476,2288,1205,50M-100M,2,0.99817,24,3293,673,111,12,21,2,1199,1203,50M-100M,250,300,250,300,0,10,7,179,172,0,1,0,0,0,0,0,0,0,2,2,0,0.01,0.01,0.01,2.01,0,2,0,0,0,8,0,9,1,0,159,2273,1,N,repo_symdir,0.9725,0.9409,246,4,0,66,0,0,N,N,N
2025-08-01,2465,2292,1179,50M-100M,2,0.99789,0,3310,692,121,12,20,2,1175,1177,50M-100M,250,300,250,300,0,1,7,173,166,0,1,0,0,0,0,0,0,0,1,1,0,0.01,0.01,0.01,1.01,0,2,0,0,0,8,0,9,0,0,154,2267,1,N,repo_symdir,0.9843,0.9767,247,3,0,111,0,0,N,N,N
2025-08-08,2465,2292,1189,50M-100M,3,0.99789,7,3310,692,121,12,20,2,1183,1186,50M-100M,250,300,250,300,0,5,6,168,161,0,1,0,0,0,0,0,0,0,1,1,0,0.01,0.01,0.01,1.01,0,3,0,0,0,8,0,9,0,0,148,2264,1,N,repo_symdir,0.9735,0.9493,247,3,0,82,0,0,N,N,N
2025-08-15,2464,2294,1204,100M-200M,3,0.99789,14,3309,692,121,12,20,2,1199,1201,50M-100M,250,300,250,300,0,6,6,166,159,1,3,1,0,0,0,0,0,0,1,1,0,0.97,0.97,0.97,1.97,1,3,0,0,0,8,0,10,0,0,145,2264,1,N,repo_symdir,0.9728,0.9625,245,5,0,10,0,0,N,N,N
2025-08-22,2461,2294,1221,50M-100M,3,0.99789,21,3305,691,121,12,20,2,1216,1221,50M-100M,250,300,250,300,0,5,6,164,157,0,2,0,0,0,0,0,0,0,1,1,0,0.03,0.01,0.01,1.01,1,3,0,0,0,7,0,10,0,0,144,2264,1,N,repo_symdir,0.9672,0.9567,246,4,0,8,0,0,N,N,N
2025-08-29,2459,2293,1209,100M-200M,3,0.99789,28,3301,690,120,12,20,2,1205,1209,50M-100M,250,300,250,299,0,5,6,163,156,1,2,1,0,0,0,0,0,0,1,1,0,0.97,0.96,0.96,1.96,1,3,0,0,1,7,0,10,0,0,142,2264,1,N,repo_symdir,0.9788,0.9595,245,5,0,19,0,0,N,N,N
2025-09-05,2459,2298,1222,100M-200M,2,0.99789,4,3321,700,128,14,20,2,1218,1222,50M-100M,250,300,250,300,0,5,7,156,150,1,2,1,0,0,0,0,0,0,0,0,0,0.97,0.96,0.96,0.96,1,2,0,0,1,7,0,9,0,0,137,2270,1,N,repo_symdir,0.9869,0.9549,245,5,0,12,1,0,N,N,N
2025-09-12,2459,2303,1227,100M-200M,2,0.99789,11,3321,700,128,14,20,2,1221,1222,50M-100M,250,300,250,300,0,1,9,155,148,1,2,1,0,0,0,0,0,0,1,1,0,0.97,0.96,0.96,1.96,1,2,0,0,1,7,0,9,0,0,136,2270,1,N,repo_symdir,1,0.9743,248,2,0,4,2,0,N,N,N
2025-09-19,2461,2305,1234,100M-200M,2,0.99789,18,3323,700,128,14,20,2,1227,1227,50M-100M,250,300,250,300,0,3,9,153,146,2,2,1,0,0,0,0,0,0,1,1,0,1.92,0.96,0.96,1.96,1,2,0,0,1,7,0,9,0,0,134,2271,1,N,repo_symdir,0.9595,0.948,245,5,0,2,2,0,N,N,N
2025-09-26,2460,2306,1239,100M-200M,2,0.99789,25,3322,700,128,14,20,2,1232,1237,50M-100M,250,300,250,300,0,4,8,150,143,2,2,1,0,0,0,0,0,0,1,1,0,1.92,0.96,0.96,1.96,1,2,0,0,1,7,0,9,0,0,131,2272,1,N,repo_symdir,0.9816,0.9606,247,3,0,4,2,0,N,N,N
2025-10-03,2456,2309,1249,100M-200M,2,0.9979,2,3335,709,135,15,20,2,1242,1249,50M-100M,250,300,249,299,0,4,7,145,140,1,2,1,0,0,0,0,0,0,0,0,0,0.97,0.96,0.96,0.96,1,2,0,0,0,7,0,8,0,0,128,2267,1,N,repo_symdir,0.9738,0.971,248,2,0,5,2,0,N,N,N
2025-10-10,2458,2309,1244,100M-200M,2,0.9979,9,3337,709,135,15,20,2,1236,1243,50M-100M,250,300,249,299,0,9,9,141,136,1,2,1,0,0,0,0,0,0,0,0,0,0.97,0.96,0.96,0.96,1,2,0,0,0,6,0,8,0,0,125,2265,1,N,repo_symdir,0.9831,0.9774,248,2,0,9,1,0,N,N,N
2025-10-17,2452,2308,1245,100M-200M,2,0.9979,16,3331,709,135,15,20,2,1242,1245,50M-100M,250,300,250,300,0,4,5,140,135,0,2,0,0,0,0,0,0,0,0,0,0,0.03,0.01,0.01,0.01,1,2,0,0,0,6,0,8,0,0,124,2264,1,N,repo_symdir,0.9963,0.9726,249,1,0,20,1,0,Y,Y,Y
2025-10-24,2451,2308,1257,100M-200M,2,0.9979,23,3329,709,134,15,20,2,1256,1256,50M-100M,250,300,250,300,0,7,4,137,132,0,2,0,0,0,0,0,0,0,0,0,0,0.03,0.01,0.01,0.01,1,2,0,0,0,6,0,8,0,0,121,2263,1,N,repo_symdir,0.9921,0.9862,248,1,0,65,0,0,Y,Y,Y
2025-10-31,2448,2307,1252,100M-200M,2,0.9979,30,3327,710,134,15,20,2,1249,1250,50M-100M,250,300,250,300,0,6,6,135,130,0,2,0,0,0,0,0,0,0,0,0,0,0.03,0.01,0.01,0.01,1,2,0,0,0,6,0,8,0,0,119,2264,1,N,repo_symdir,0.9704,0.9769,248,1,0,114,0,0,Y,Y,Y
2025-11-07,2444,2314,1229,100M-200M,2,0.9979,6,3346,726,138,18,20,2,1225,1227,50M-100M,250,300,250,300,0,1,8,129,124,0,2,0,0,0,0,0,0,0,0,0,0,0.03,0.01,0.01,0.01,1,2,0,0,0,6,0,8,0,0,113,2261,1,N,repo_symdir,0.9829,0.95,245,4,0,88,0,0,Y,Y,Y
2025-11-14,2442,2313,1217,100M-200M,2,0.9979,13,3344,726,138,18,20,2,1213,1216,50M-100M,250,300,250,299,0,1,7,129,124,0,2,0,0,0,0,0,0,0,0,0,0,0.03,0.01,0.01,0.01,1,2,0,0,0,6,0,8,0,0,113,2260,1,N,repo_symdir,0.9788,0.9294,245,4,0,10,0,0,Y,Y,Y
2025-11-21,2445,2315,1205,100M-200M,2,0.9979,20,3345,724,138,18,20,2,1201,1204,50M-100M,250,300,250,300,0,4,8,126,121,0,2,0,0,0,0,0,0,0,0,0,0,0.01,0,0,0,1,2,0,0,0,6,0,8,0,0,110,2263,1,N,repo_symdir,0.9749,0.8902,243,6,0,15,0,0,Y,Y,Y
2025-11-28,2442,2314,1225,100M-200M,2,0.9979,27,3342,724,138,18,20,2,1221,1224,50M-100M,250,300,250,300,0,5,8,124,119,0,2,0,0,0,0,0,0,0,0,0,0,0.01,0,0,0,1,2,0,0,0,6,0,8,0,0,108,2263,1,N,repo_symdir,0.975,0.9324,246,3,0,17,0,0,Y,Y,Y
2025-12-05,2440,2319,1239,100M-200M,2,0.99805,4,3350,725,143,22,20,2,1235,1237,50M-100M,250,300,250,300,0,3,10,117,112,1,2,0,0,0,0,0,0,0,0,0,0,0.96,0,0,0,1,2,0,0,0,5,0,7,0,0,103,2265,1,N,repo_symdir,0.9853,0.9567,247,3,0,13,1,1,N,N,Y
2025-12-12,2439,2320,1252,100M-200M,2,0.99805,11,3349,725,143,22,20,2,1247,1248,50M-100M,250,300,250,299,0,6,8,115,109,1,1,0,0,0,0,0,0,0,0,0,0,0.96,0,0,0,1,2,0,0,0,5,0,7,0,0,101,2264,1,N,repo_symdir,0.9688,0.985,247,3,0,8,1,1,N,N,Y
2025-12-19,2437,2320,1243,100M-200M,2,0.99805,18,3346,725,142,22,20,2,1236,1239,50M-100M,250,300,250,300,0,4,10,113,107,1,2,0,0,0,0,0,0,0,0,0,0,0.96,0,0,0,1,2,0,0,0,5,0,7,0,0,99,2265,1,N,repo_symdir,0.9793,0.9445,247,3,0,4,2,1,N,N,Y
2025-12-26,2435,2319,1249,100M-200M,2,0.99805,25,3342,725,140,22,20,2,1242,1247,50M-100M,250,300,250,300,0,4,8,112,106,1,2,0,0,0,0,0,0,0,0,0,0,0.96,0,0,0,1,2,0,0,0,5,0,7,0,0,98,2264,1,N,repo_symdir,0.9841,0.9329,247,3,0,1,2,1,N,N,Y
2026-01-02,2425,2320,1244,100M-200M,2,0.99816,1,3335,720,148,21,21,2,1236,1242,50M-100M,250,300,250,300,0,1,8,105,97,1,2,0,0,0,0,0,0,0,2,2,0,0.97,0.01,0.01,2.01,1,2,0,0,0,4,0,6,2,0,91,2250,1,N,repo_symdir,1,0.967,248,2,0,3,1,0,N,N,N
2026-01-09,2427,2322,1257,100M-200M,2,0.99816,8,3337,720,148,21,21,2,1249,1253,50M-100M,250,300,249,299,0,5,5,104,96,1,2,0,0,0,0,0,0,0,2,2,0,0.97,0.01,0.01,2.01,1,2,0,0,0,5,0,6,3,0,88,2250,1,N,repo_symdir,0.9997,0.9758,249,1,0,19,0,0,N,N,N
2026-01-16,2423,2321,1268,100M-200M,2,0.99816,15,3332,719,148,21,21,2,1264,1267,50M-100M,250,300,250,300,0,4,3,100,92,1,1,0,0,0,0,0,0,0,2,2,0,0.97,0.01,0.01,2.01,1,2,0,0,0,4,0,6,2,0,86,2250,1,N,repo_symdir,0.9901,0.99,249,1,0,19,0,0,N,N,N
2026-01-23,2423,2321,1278,100M-200M,2,0.99816,22,3332,719,148,21,21,2,1274,1277,50M-100M,250,299,250,299,0,8,2,97,89,1,1,0,0,0,0,0,0,0,2,2,0,0.97,0.01,0.01,2.01,1,2,0,0,0,4,0,6,2,0,83,2250,1,N,repo_symdir,0.9851,0.9978,249,1,0,30,0,0,N,N,N
2026-01-30,2424,2325,1256,100M-200M,2,0.99816,29,3331,718,147,21,21,2,1250,1253,50M-100M,250,300,250,300,0,6,6,95,87,1,1,0,0,0,0,0,0,0,2,2,0,0.97,0.01,0.01,2.01,1,2,0,0,0,4,0,6,2,0,81,2253,1,N,repo_symdir,0.9648,0.9679,246,4,0,61,0,0,N,N,N
2026-02-06,2419,2327,1260,100M-200M,2,0.99817,5,3347,725,159,23,21,2,1252,1254,50M-100M,250,300,250,300,0,8,9,85,79,2,2,1,0,0,0,0,0,0,0,0,0,1.93,0.97,0.97,0.97,1,2,0,0,0,4,0,6,1,0,72,2247,1,N,repo_symdir,0.9505,0.9857,245,5,0,81,0,0,N,N,N
2026-02-13,2415,2329,1239,100M-200M,2,0.99817,12,3342,724,159,23,21,2,1231,1235,50M-100M,250,300,250,300,0,9,10,80,74,1,2,0,0,0,0,0,0,0,0,0,0,0.97,0.01,0.01,0.01,1,2,0,0,0,4,0,6,1,0,67,2246,1,N,repo_symdir,0.9772,0.9741,245,5,0,71,0,0,N,N,Y
2026-02-20,2415,2329,1244,100M-200M,2,0.99811,19,3342,724,159,23,21,2,1234,1240,50M-100M,250,300,250,300,0,8,12,79,73,0,2,0,0,0,0,0,0,0,0,0,0,0.02,0.01,0.01,0.01,1,2,0,0,0,4,0,6,1,0,66,2245,1,N,repo_symdir,0.9807,0.9619,246,4,0,46,2,0,Y,Y,Y
2026-02-27,2409,2334,1248,100M-200M,1,0.99811,6,3348,726,166,26,21,2,1238,1245,50M-100M,250,300,250,300,0,0,16,76,70,0,2,0,0,0,0,0,0,0,0,0,0,0.02,0.02,0.02,0.02,0,1,0,0,0,4,0,7,1,0,63,2243,1,N,repo_symdir,0.9387,0.9676,246,4,0,53,2,0,Y,Y,Y
2026-03-06,2410,2336,1235,100M-200M,1,0.9981,5,3353,721,174,27,21,2,1226,1232,50M-100M,250,300,250,300,0,3,13,73,66,0,1,0,0,0,0,0,0,0,0,0,0,0.09,0.09,0.09,0.09,0,1,0,0,0,4,0,7,1,0,60,2232,0.99976,N,repo_symdir,0.9426,0.9764,244,6,0,18,2,0,Y,Y,Y
2026-03-13,2408,2336,1224,100M-200M,1,0.99834,12,3351,721,174,27,21,2,1218,1223,50M-100M,250,300,250,300,0,2,10,70,64,0,0,0,0,0,0,0,0,0,0,0,0,0.01,0.01,0.01,0.01,0,1,0,0,0,4,0,6,0,0,59,2231,1,N,repo_symdir,0.958,0.9778,247,3,0,8,3,0,Y,Y,Y
2026-03-20,2408,2336,1209,100M-200M,1,0.99835,19,3350,720,174,27,21,2,1204,1208,50M-100M,250,300,249,299,0,5,9,68,62,0,0,0,0,0,0,0,0,0,0,0,0,0.01,0.01,0.01,0.01,0,1,0,0,0,4,0,6,0,0,57,2227,1,N,repo_symdir,0.9467,0.9546,246,4,0,9,1,0,Y,Y,Y
2026-03-27,2409,2338,1205,100M-200M,1,0.99835,26,3349,718,174,27,21,2,1201,1204,50M-100M,249,299,249,299,0,3,8,68,62,0,0,0,0,0,0,0,0,0,0,0,0,0.01,0.01,0.01,0.01,0,1,0,0,0,4,0,6,0,0,57,2228,1,N,repo_symdir,0.9657,0.9679,245,5,0,3,1,0,N,N,N
2026-04-02,2412,2345,1215,100M-200M,1,0.99854,1,3361,714,181,33,21,2,1213,1215,50M-100M,250,300,250,300,0,5,5,62,55,0,0,0,0,0,0,0,0,0,0,0,0,0.01,0.01,0.01,0.01,0,1,0,0,0,4,0,6,0,0,51,2151,1,N,repo_symdir,0.9592,0.9579,245,5,0,6,1,0,Y,Y,Y
2026-04-10,2413,2346,1233,100M-200M,1,0.99854,9,3361,714,180,33,21,2,1231,1232,50M-100M,250,300,249,299,0,7,5,61,54,0,0,0,0,0,0,0,0,0,0,0,0,0.01,0.01,0.01,0.01,0,1,0,0,0,4,0,6,0,0,50,2148,1,N,repo_symdir,0.9813,0.9883,246,4,0,7,0,0,Y,Y,Y
2026-04-17,2408,2347,1268,100M-200M,1,0.99854,16,3356,714,180,33,21,2,1263,1265,50M-100M,250,300,250,300,0,0,7,61,54,0,0,0,0,0,0,0,0,0,0,0,0,0.01,0.01,0.01,0.01,0,1,0,0,0,4,0,6,0,0,50,2147,1,N,repo_symdir,0.9858,0.993,248,2,0,16,0,0,Y,Y,Y
2026-04-24,2413,2352,1261,100M-200M,1,0.99864,23,3360,714,179,33,21,2,1253,1254,50M-100M,250,300,250,300,0,3,10,59,51,0,0,0,0,0,0,0,0,0,1,1,0,0.01,0.01,0.01,1.01,0,1,0,0,0,4,0,6,1,0,47,2143,1,N,repo_symdir,0.9861,0.9883,248,2,0,63,1,0,N,N,N
2026-05-01,2408,2356,1270,100M-200M,1,0.99872,0,3369,714,192,34,21,2,1259,1265,50M-100M,250,300,250,300,0,2,12,51,43,0,0,0,0,0,0,0,0,0,1,1,0,0.01,0.01,0.01,1.01,0,1,0,0,0,4,0,5,1,0,40,2121,1,N,repo_symdir,0.9952,0.9988,249,1,0,114,1,0,N,N,N
2026-05-08,2406,2359,1266,100M-200M,1,0.99868,0,3366,714,190,35,21,2,1253,1260,50M-100M,250,300,250,300,0,2,13,46,38,0,0,0,0,0,0,0,0,0,1,1,0,0.01,0.01,0.01,1.01,0,1,0,0,0,4,0,4,1,0,36,2113,1,N,repo_symdir,0.9815,0.9809,248,2,0,97,0,0,N,N,N
2026-05-15,2410,2363,1259,100M-200M,1,0.9988,7,3370,714,190,35,21,2,1243,1253,50M-100M,250,300,250,299,0,8,17,42,34,0,0,0,0,0,0,0,0,0,1,1,0,0.01,0.01,0.01,1.01,0,1,0,0,0,4,0,4,1,0,32,2107,1,N,repo_symdir,0.9793,0.9875,249,1,0,14,1,0,N,N,N
2026-05-22,2409,2363,1276,100M-200M,1,0.99885,14,3367,713,189,35,21,2,1261,1271,50M-100M,250,300,250,300,0,6,17,41,33,0,0,0,0,0,0,0,0,0,1,1,0,0.01,0.01,0.01,1.01,0,1,0,0,0,4,0,4,1,0,31,2106,1,N,repo_symdir,0.9894,0.964,247,3,0,16,1,0,N,N,N
2026-05-29,2403,2363,1284,100M-200M,1,0.99885,21,3360,713,188,35,21,2,1273,1282,50M-100M,250,300,250,300,0,2,13,39,32,0,0,0,0,0,0,0,0,0,0,0,0,0.01,0.01,0.01,0.01,0,1,0,0,0,4,0,4,0,0,30,2106,1,N,repo_symdir,0.9989,0.9666,249,1,0,14,1,0,Y,Y,Y
2026-06-05,2402,2366,1269,100M-200M,1,0.99887,4,3374,717,196,36,23,2,1259,1267,50M-100M,250,300,250,300,0,2,12,33,26,0,0,0,0,0,0,0,0,0,0,0,0,0.01,0.01,0.01,0.01,0,1,0,0,0,4,0,2,0,0,26,2097,1,N,repo_symdir,0.9769,0.9791,246,4,0,10,2,0,Y,Y,Y
2026-06-12,2405,2371,1282,100M-200M,1,0.99891,11,3377,717,196,36,23,2,1271,1276,50M-100M,250,300,250,299,0,3,13,32,24,0,0,0,0,0,0,0,0,0,0,0,0,0.01,0.01,0.01,0.01,0,1,0,0,0,4,0,2,0,0,25,2095,0.99998,N,repo_symdir,0.965,0.9663,245,5,0,2,1,0,Y,Y,Y
2026-06-18,2407,2373,1284,100M-200M,1,0.9989,17,3379,717,196,36,23,2,1273,1277,100M-200M,250,300,250,300,0,3,12,33,24,0,0,0,0,0,0,0,0,0,1,1,0,0.01,0.01,0.01,1.01,0,1,0,0,0,4,0,2,1,0,25,2092,0.99998,N,repo_symdir,0.9894,0.9904,246,4,0,2,1,0,N,N,N
2026-06-26,2405,2372,1295,100M-200M,1,0.99889,25,3373,716,193,36,23,2,1286,1292,100M-200M,250,300,250,300,0,3,9,33,24,0,0,0,0,0,0,0,0,0,1,1,0,0.01,0.01,0.01,1.01,0,1,0,0,0,4,0,2,1,0,25,2087,0.99998,N,repo_symdir,0.9618,0.9683,245,4,0,5,0,0,N,N,N
2026-07-02,2401,2375,1306,100M-200M,1,0.99962,1,3384,718,201,41,23,2,1295,1305,100M-200M,250,300,250,300,0,0,11,28,21,0,0,0,0,0,0,0,0,0,1,1,0,0,0,0,1,0,1,0,0,0,4,0,1,2,0,20,329,1,N,repo_symdir,0.9638,0.9754,246,4,0,7,0,0,N,N,N
2026-07-10,2402,2372,1301,100M-200M,5,0.99962,9,3384,717,201,41,23,2,1292,1301,100M-200M,250,300,250,300,0,2,8,31,24,0,0,0,0,0,0,0,0,0,1,1,0,0,0,0,1,0,5,0,0,0,4,0,1,2,0,19,321,1,N,repo_symdir,0.9796,0.9844,246,4,0,8,1,0,N,N,N
2026-07-17,2407,2378,1292,100M-200M,3,0.99962,16,3390,721,199,40,23,2,1282,1290,100M-200M,250,300,250,299,0,5,10,27,20,0,0,0,0,0,0,0,0,0,1,1,0,0,0,0,1,0,3,0,0,0,4,0,1,1,0,18,322,1,N,repo_symdir,0.9874,0.9686,246,4,0,17,1,0,N,N,N
