snapshot_date,source,capture_timestamp,capture_time_et,as_of_session,capture_phase,as_of_check,original_url,rows,common_rows,has_market_cap,quality,has_names,has_security_type,has_etf_flag,quality_note,sha256,raw_sha256,snapshot_file
2010-12-31,wayback_symdir,20110101155420,2011-01-01T10:54:20-05:00,,,,http://www.nasdaqtrader.com:80/dynamic/SymDir/nasdaqlisted.txt,2891,2637,N,no_etf_flag,Y,Y,N,no ETF column; ETFs count as common unless the name gives them away,9527b34e6c062607a83f847784a22cf0314cda4aed41e86dae2725176676eb35,4e737a8ce34f7274534daf922495fedada5bbca52457634aab0faf30a4d628ca,research_cache/reversal_2012_2026/listings/symdir/nasdaq_listed_2010-12-31.csv
2011-01-25,wayback_companylist,20110125201148,2011-01-25T15:11:48-05:00,2011-01-24,intraday,unverified,http://www.nasdaq.com:80/screening/companies-by-name.aspx?exchange=NASDAQ&render=download,2875,2797,Y,name_only,Y,N,N,"company list: issuer names, prices and market cap only; take security type and flags from the nearest symbol file",fd4dfc158eabe6a14b20e746c31a05ea65a87c6fb9cedfe0b330139382e296a9,9732ced51de0308919540935bcce44cbe63aa92ca388f518b86702ad095fd690,research_cache/reversal_2012_2026/listings/companylist/nasdaq_companylist_2011-01-25.csv
2011-05-27,wayback_companylist,20110527151336,2011-05-27T11:13:36-04:00,2011-05-26,intraday,unverified,http://www.nasdaq.com:80/screening/companies-by-name.aspx?exchange=NASDAQ&render=download,2844,2754,Y,name_only,Y,N,N,"company list: issuer names, prices and market cap only; take security type and flags from the nearest symbol file",7e8984a92b669ba1e3e2374fc618f9aed035122dd1ce8b879cf5f7ac2dda3f1c,446bb7da1306bae4e9f1392f798b9a30b7bb1e823c10a02b55bed24e64111944,research_cache/reversal_2012_2026/listings/companylist/nasdaq_companylist_2011-05-27.csv
2011-07-28,wayback_companylist,20110728062321,2011-07-28T02:23:21-04:00,2011-07-27,pre_open,confirmed,http://www.nasdaq.com:80/screening/companies-by-name.aspx?exchange=NASDAQ&render=download,2817,2721,Y,name_only,Y,N,N,"company list: issuer names, prices and market cap only; take security type and flags from the nearest symbol file",2f4d9710d9877e993d98a97fceaed642b7a209006166c4ae21d4152768050c2e,a3c4e4ca62523ca0d0ffd6b9af931b75d85fadc515f10faa8b3d78ef602eb91f,research_cache/reversal_2012_2026/listings/companylist/nasdaq_companylist_2011-07-28.csv
2011-09-26,wayback_companylist,20110926144923,2011-09-26T10:49:23-04:00,2011-09-23,intraday,confirmed,http://www.nasdaq.com:80/screening/companies-by-name.aspx?exchange=NASDAQ&render=download,2818,2720,Y,name_only,Y,N,N,"company list: issuer names, prices and market cap only; take security type and flags from the nearest symbol file",8dc33e321d97cc501c0194364a0abf3e845d078cb595ff74a353c7c86d7f6c60,0796b4325a86d6846c954a2861100ad7af1ba86b5ef7fad1c1b85d9c33b8c3e2,research_cache/reversal_2012_2026/listings/companylist/nasdaq_companylist_2011-09-26.csv
2011-10-07,wayback_symdir,20111010032953,2011-10-09T23:29:53-04:00,,,,http://www.nasdaqtrader.com:80/dynamic/SymDir/nasdaqlisted.txt,2820,2558,N,no_etf_flag,Y,Y,N,no ETF column; ETFs count as common unless the name gives them away,96f28ff927a16d43fd9dae52cb4110dca7f47a29ec39eb9cf941cf570ad91e35,ae5acef40c15c081785b9ec3bdea685f3aa8d899195450f4deb0d9d5ecc8597b,research_cache/reversal_2012_2026/listings/symdir/nasdaq_listed_2011-10-07.csv
2011-11-04,wayback_companylist,20111104223123,2011-11-04T18:31:23-04:00,2011-11-03,after_close,confirmed,http://www.nasdaq.com/screening/companies-by-name.aspx?exchange=NASDAQ&render=download,2800,2701,Y,name_only,Y,N,N,"company list: issuer names, prices and market cap only; take security type and flags from the nearest symbol file",b3ed8aafba37a4fe3800f7dc97cd21e46d752b6bd8b09316a92c57170b0c9835,80a941787969d80a237bc0ac389d3bb5c9c3baa4a62094cc8bce522e1baf33a0,research_cache/reversal_2012_2026/listings/companylist/nasdaq_companylist_2011-11-04.csv
2011-11-09,wayback_symdir,20111109175259,2011-11-09T12:52:59-05:00,,,,http://www.nasdaqtrader.com:80/dynamic/SymDir/nasdaqlisted.txt,2801,2544,N,no_etf_flag,Y,Y,N,no ETF column; ETFs count as common unless the name gives them away,c97a11eaaf31bb317b994844f85560086129dc8929c6a0bd94cbc4109d48d78d,cf870eab4abaf2e7259783d8f89a9eb298f25c2d12c1017de6fe0fc5e4adf715,research_cache/reversal_2012_2026/listings/symdir/nasdaq_listed_2011-11-09.csv
2011-11-13,wayback_companylist,20111113125204,2011-11-13T07:52:04-05:00,2011-11-11,non_session_day,confirmed,http://www.nasdaq.com:80/screening/companies-by-industry.aspx?industry=ALL&exchange=NASDAQ&sortname=marketcap&sorttype=1&render=download,2796,2696,Y,name_only,Y,N,N,"company list: issuer names, prices and market cap only; take security type and flags from the nearest symbol file",46fa8d2d8000f6d833062e21120904eb1c6614d481503a3679d52f118e1d4f3b,fca51c66db4386c486c306a9f947973afc4cdf26c80531447cec21afe763c9b5,research_cache/reversal_2012_2026/listings/companylist/nasdaq_companylist_2011-11-13.csv
2011-11-26,wayback_companylist,20111126074610,2011-11-26T02:46:10-05:00,2011-11-25,non_session_day,confirmed,http://www.nasdaq.com:80/screening/companies-by-name.aspx?exchange=NASDAQ&render=download,2791,2690,Y,name_only,Y,N,N,"company list: issuer names, prices and market cap only; take security type and flags from the nearest symbol file",5b9cd4457bb905fa9f54001e63d3ee1d6b0b9b289fdfd9563a7a22c4c6e09eee,fe0cd7e8c3de1c3e38612b12648856b2e8c3f6e9d4c960806ece2f1a9a989002,research_cache/reversal_2012_2026/listings/companylist/nasdaq_companylist_2011-11-26.csv
2011-12-09,wayback_symdir,20111210041521,2011-12-09T23:15:21-05:00,,,,http://www.nasdaqtrader.com:80/dynamic/SymDir/nasdaqlisted.txt,2789,2524,N,no_etf_flag,Y,Y,N,no ETF column; ETFs count as common unless the name gives them away,bebd1a18610f71a6c0fad4233c76159d39f54315d288e4ec4d130d43d64586de,9c81ae3affc4e2df4830f424d767719ff085fe85dd9087b4c176b32eb306f9b4,research_cache/reversal_2012_2026/listings/symdir/nasdaq_listed_2011-12-09.csv
2012-01-25,wayback_companylist,20120125233842,2012-01-25T18:38:42-05:00,2012-01-24,after_close,confirmed,http://www.nasdaq.com:80/screening/companies-by-name.aspx?exchange=NASDAQ&render=download,2771,2665,Y,name_only,Y,N,N,"company list: issuer names, prices and market cap only; take security type and flags from the nearest symbol file",321a16a3285f3e2e6febdc6603c89f816c60113bab12c0b35cee96fe13808bb6,1baee5ae5261de449087a7f2a333973196b57522f635e0716da9921118c16d82,research_cache/reversal_2012_2026/listings/companylist/nasdaq_companylist_2012-01-25.csv
2012-04-05,wayback_companylist,20120405190814,2012-04-05T15:08:14-04:00,2012-04-04,intraday,confirmed,http://www.nasdaq.com:80/screening/companies-by-name.aspx?exchange=NASDAQ&render=download,2778,2676,Y,name_only,Y,N,N,"company list: issuer names, prices and market cap only; take security type and flags from the nearest symbol file",39d8dbfc3114def455c6af9ab9d189f4a2965eb861ba40bb04ede7067d0359c2,df9abbff0c37e757c66aceb81531cb94df5f826c0c243d5e79ff33e3dd79b307,research_cache/reversal_2012_2026/listings/companylist/nasdaq_companylist_2012-04-05.csv
2012-05-27,wayback_companylist,20120527072620,2012-05-27T03:26:20-04:00,2012-05-25,non_session_day,confirmed,http://www.nasdaq.com/screening/companies-by-name.aspx?exchange=NASDAQ&render=download,2771,2662,Y,name_only,Y,N,N,"company list: issuer names, prices and market cap only; take security type and flags from the nearest symbol file",3721a2369f58f6e0f6c5542b05e2190d9f1422d6c88d6a60ba3b380b7fc961fa,a32764ef231adc23b7c910d33b64a3d988c5afd48bb3e1beb9845aca61d7169b,research_cache/reversal_2012_2026/listings/companylist/nasdaq_companylist_2012-05-27.csv
2012-06-05,wayback_companylist,20120605045626,2012-06-05T00:56:26-04:00,2012-06-04,pre_open,confirmed,http://www.nasdaq.com:80/screening/companies-by-name.aspx?exchange=NASDAQ&render=download,2769,2660,Y,name_only,Y,N,N,"company list: issuer names, prices and market cap only; take security type and flags from the nearest symbol file",afbce9759e2deef5bac83ddbff8ba838c7495ed82dbb17b908d826fa88484c7f,237d76186a767c6486bcdae015c7c990960584f42ffa9d61d6075ed03ebacd7a,research_cache/reversal_2012_2026/listings/companylist/nasdaq_companylist_2012-06-05.csv
2012-06-22,wayback_symdir,20120623141057,2012-06-23T10:10:57-04:00,,,,http://www.nasdaqtrader.com:80/dynamic/SymDir/nasdaqlisted.txt,2763,2478,N,no_etf_flag,Y,Y,N,no ETF column; ETFs count as common unless the name gives them away,b9c315bdd365f51670094068ca962850c863fb1562bd83ad9cfeab78ec9a7a92,aa6f97cc533ea2a6904b14d11207fffbe6b7fabfbc81d4dea935266d07f9b874,research_cache/reversal_2012_2026/listings/symdir/nasdaq_listed_2012-06-22.csv
2012-10-24,wayback_companylist,20121024191634,2012-10-24T15:16:34-04:00,2012-10-23,intraday,confirmed,http://www.nasdaq.com/screening/companies-by-industry.aspx?exchange=NASDAQ&render=download,2717,2614,Y,name_only,Y,N,N,"company list: issuer names, prices and market cap only; take security type and flags from the nearest symbol file",3fa3bd7fa1225ab375601a2554a8ed4763888094b171a9b3d42af2ed45f16339,051b92da72bd2b3b39fdc4d8195e545f2f5b96660c257617ffbb4ece4d4a3546,research_cache/reversal_2012_2026/listings/companylist/nasdaq_companylist_2012-10-24.csv
2012-11-05,wayback_companylist,20121105145748,2012-11-05T09:57:48-05:00,2012-11-02,intraday,confirmed,http://www.nasdaq.com/screening/companies-by-industry.aspx?exchange=NASDAQ&render=download,2711,2608,Y,name_only,Y,N,N,"company list: issuer names, prices and market cap only; take security type and flags from the nearest symbol file",87ddb1f1e999be51d75d414683ceb3734fd30f37679c389f52f5d214f72b59a9,1ee01f08a9c7d96bf94c40709795b38511853a711eab4ca2dc1fee3fe9d0bbbb,research_cache/reversal_2012_2026/listings/companylist/nasdaq_companylist_2012-11-05.csv
2012-11-11,wayback_companylist,20121111010514,2012-11-10T20:05:14-05:00,2012-11-09,non_session_day,confirmed,http://www.nasdaq.com:80/screening/companies-by-industry.aspx?exchange=NASDAQ&render=download,2705,2602,Y,name_only,Y,N,N,"company list: issuer names, prices and market cap only; take security type and flags from the nearest symbol file",e98931f26457d66438576580d1fd912ff093b6835e1c36f1df7c30d51c1fad57,583b4cb266c83deb2fdc5b724b015674f286f85952833d38667b1292934151ec,research_cache/reversal_2012_2026/listings/companylist/nasdaq_companylist_2012-11-11.csv
2012-11-13,wayback_companylist,20121113061458,2012-11-13T01:14:58-05:00,2012-11-12,pre_open,confirmed,http://www.nasdaq.com/screening/companies-by-name.aspx?letter=0&exchange=nasdaq&render=download,2703,2600,Y,name_only,Y,N,N,"company list: issuer names, prices and market cap only; take security type and flags from the nearest symbol file",886395ec06738740f45a5ad695fad572cbca5e13d6b734afa283604b0b5221e1,3c613a5e592aea2914feac242909e20e5f9bf6972278b7ccc2a951177d160156,research_cache/reversal_2012_2026/listings/companylist/nasdaq_companylist_2012-11-13.csv
2013-02-07,wayback_companylist,20130207021033,2013-02-06T21:10:33-05:00,2013-02-06,evening,confirmed,http://www.nasdaq.com/screening/companies-by-name.aspx?exchange=NASDAQ&render=download,2691,2587,Y,name_only,Y,N,N,"company list: issuer names, prices and market cap only; take security type and flags from the nearest symbol file",9f5db17f6d3436d6e27efd191c6e47f1d1fb7942f54ce0335aa518707588514c,2794439fe551038eb061bcd20a0fe7ad008cbe5e507d64c05dfbc57ee5fd6109,research_cache/reversal_2012_2026/listings/companylist/nasdaq_companylist_2013-02-07.csv
2013-02-19,wayback_symdir,20130220103818,2013-02-20T05:38:18-05:00,,,,http://www.nasdaqtrader.com/dynamic/SymDir/nasdaqlisted.txt,2698,2423,N,no_etf_flag,Y,Y,N,no ETF column; ETFs count as common unless the name gives them away,57d6de72fced3a1fa7987d63cd30b65bb32f5108dc3a47c5c6302fb0e319206f,59f9bfb5a82aa9d87b20986d377b5c01d2ec49dda37c2a571d290f6f292ce30d,research_cache/reversal_2012_2026/listings/symdir/nasdaq_listed_2013-02-19.csv
2013-03-12,wayback_companylist,20130312202923,2013-03-12T16:29:23-04:00,2013-03-11,after_close,confirmed,http://www.nasdaq.com/screening/companies-by-industry.aspx?exchange=NASDAQ&page=20&render=download,2678,2574,Y,name_only,Y,N,N,"company list: issuer names, prices and market cap only; take security type and flags from the nearest symbol file",aed6cdd2fec705c7ef0f440c3eff8c994b35301325329cdda2dc55c3aa17c824,8b5f90a97ff1ddc9862ccc3b2b1e5bc86000a2ce4f7a972287332dae43609fcf,research_cache/reversal_2012_2026/listings/companylist/nasdaq_companylist_2013-03-12.csv
2013-04-16,wayback_companylist,20130416081740,2013-04-16T04:17:40-04:00,2013-04-15,pre_open,confirmed,http://www.nasdaq.com:80/screening/companies-by-name.aspx?exchange=NASDAQ&render=download,2679,2571,Y,name_only,Y,N,N,"company list: issuer names, prices and market cap only; take security type and flags from the nearest symbol file",d20a246fa26fc1619268f6f2031d5bdfa78b1337847c925625b5613e4fd17004,e7ae5d067fa44578805e52f2e3fbe4187b44b0d7d22463c2998e1473a24caa0a,research_cache/reversal_2012_2026/listings/companylist/nasdaq_companylist_2013-04-16.csv
2013-05-26,wayback_companylist,20130526171017,2013-05-26T13:10:17-04:00,2013-05-24,non_session_day,confirmed,http://www.nasdaq.com/screening/companies-by-industry.aspx?exchange=NASDAQ&render=download,2696,2589,Y,name_only,Y,N,N,"company list: issuer names, prices and market cap only; take security type and flags from the nearest symbol file",90f3d35f02e9a864e8f57213c5999ac28ab200b2bc00e7059e609449a073daa2,fcf1941501271276c464b09647434a243d527a8c0751c26d7395d036efa89a86,research_cache/reversal_2012_2026/listings/companylist/nasdaq_companylist_2013-05-26.csv
2013-06-23,wayback_companylist,20130623045330,2013-06-23T00:53:30-04:00,2013-06-21,non_session_day,confirmed,http://www.nasdaq.com:80/screening/companies-by-name.aspx?exchange=NASDAQ&render=download,2701,2592,Y,name_only,Y,N,N,"company list: issuer names, prices and market cap only; take security type and flags from the nearest symbol file",f643d07a9d1bcb7c5ae459a9e1431ff76fc770e11d05bb8e15d1bfef2b49a924,db07c2501535eaaf57fd5fdb15f654a68c6112be2ba541a002369dfa61ab1030,research_cache/reversal_2012_2026/listings/companylist/nasdaq_companylist_2013-06-23.csv
2013-08-03,wayback_companylist,20130803035840,2013-08-02T23:58:40-04:00,2013-08-02,evening,confirmed,http://www.nasdaq.com:80/screening/companies-by-name.aspx?letter=0&exchange=nasdaq&render=download,2705,2583,Y,name_only,Y,N,N,"company list: issuer names, prices and market cap only; take security type and flags from the nearest symbol file",ae80f4fc1c250ba5e2adbcf84530821a89b8f92806a4f4c88c89974d71d29746,7ecfca6dcc7d08db68761903d4624d328260496109613db7b697c17d31ff1e86,research_cache/reversal_2012_2026/listings/companylist/nasdaq_companylist_2013-08-03.csv
2013-08-22,wayback_companylist,20130822195446,2013-08-22T15:54:46-04:00,2013-08-21,intraday,confirmed,http://www.nasdaq.com/screening/companies-by-industry.aspx?exchange=NASDAQ&page=59&render=download,2712,2590,Y,name_only,Y,N,N,"company list: issuer names, prices and market cap only; take security type and flags from the nearest symbol file",45285ddb3046a6d5b00d1f61e737e3cc5f55325bd0d26cb1244b65ffa639f2d3,e0d947e2930ee3da685bd2bc55f3646a30bac7850aea7f2279beef7dd656abd0,research_cache/reversal_2012_2026/listings/companylist/nasdaq_companylist_2013-08-22.csv
2013-09-30,wayback_companylist,20130930015932,2013-09-29T21:59:32-04:00,2013-09-27,non_session_day,confirmed,http://www.nasdaq.com:80/screening/companies-by-name.aspx?exchange=NASDAQ&render=download,2730,2606,Y,name_only,Y,N,N,"company list: issuer names, prices and market cap only; take security type and flags from the nearest symbol file",f5148868e8785afe863d21a84912cd161a9e9bba26508a98c55826692f04426a,72ced3f777e0ae7bbe13bbf9458a8367eec8d21df888acfd2c5117b6fdebf730,research_cache/reversal_2012_2026/listings/companylist/nasdaq_companylist_2013-09-30.csv
2013-10-07,wayback_companylist,20131007114717,2013-10-07T07:47:17-04:00,2013-10-04,pre_open,confirmed,http://www.nasdaq.com/screening/companies-by-name.aspx?exchange=NASDAQ&render=download,2728,2604,Y,name_only,Y,N,N,"company list: issuer names, prices and market cap only; take security type and flags from the nearest symbol file",5bf3664c0855dea347012932f97d3ad263d92459e0b055d9d477d10a9b8c8e14,9e9e7c3c033ae110e6d9df5524d864c904be9027b94a154f54d90063b25efca5,research_cache/reversal_2012_2026/listings/companylist/nasdaq_companylist_2013-10-07.csv
2013-10-31,wayback_symdir,20131031171024,2013-10-31T13:10:24-04:00,,,,http://www.nasdaqtrader.com/dynamic/SymDir/nasdaqlisted.txt,2753,2453,N,no_etf_flag,Y,Y,N,no ETF column; ETFs count as common unless the name gives them away,2b755bca1133787903e8cd4a467b7e070a610f9bc308e60dae3ddf4807918c91,0199f1d8051f9478f427afe2be1a41b1641e708d6e9c930f7fe9eee9d801d90c,research_cache/reversal_2012_2026/listings/symdir/nasdaq_listed_2013-10-31.csv
2013-11-08,wayback_companylist,20131108213920,2013-11-08T16:39:20-05:00,2013-11-07,after_close,confirmed,http://www.nasdaq.com/screening/companies-by-industry.aspx?exchange=NASDAQ&render=download,2755,2624,Y,name_only,Y,N,N,"company list: issuer names, prices and market cap only; take security type and flags from the nearest symbol file",a77d6e33185e68d0c6559eb9c2ff604e7f521573503679540604733f5af40277,5c28ca3a3414749b23f6657816f6812ac99663707abb955f432652a760785051,research_cache/reversal_2012_2026/listings/companylist/nasdaq_companylist_2013-11-08.csv
2014-01-22,wayback_companylist,20140122055901,2014-01-22T00:59:01-05:00,2014-01-21,pre_open,confirmed,http://www.nasdaq.com/screening/companies-by-name.aspx?exchange=NASDAQ&render=download,2773,2640,Y,name_only,Y,N,N,"company list: issuer names, prices and market cap only; take security type and flags from the nearest symbol file",82f7dd8cbac44c827abcbadcec40ee2eaf0f30aaf60aa5f4b6b408b6bff7069d,defae9071bf39e6852cc9d7bc5bec103bf4f76ba5e0abf21a944e91f6d80d021,research_cache/reversal_2012_2026/listings/companylist/nasdaq_companylist_2014-01-22.csv
2014-03-04,wayback_companylist,20140304075502,2014-03-04T02:55:02-05:00,2014-03-03,pre_open,confirmed,http://www.nasdaq.com:80/screening/companies-by-name.aspx?exchange=NASDAQ&render=download,2786,2650,Y,name_only,Y,N,N,"company list: issuer names, prices and market cap only; take security type and flags from the nearest symbol file",51753832e868bfd3a222fb17c430c732803329869a57ae41ea3cf782f4243907,7c0c98a590cd035a11e282cf865dc2b80410aeef8ffa125df5c170211c0a952b,research_cache/reversal_2012_2026/listings/companylist/nasdaq_companylist_2014-03-04.csv
2014-03-25,wayback_symdir,20140325133751,2014-03-25T09:37:51-04:00,,,,http://www.nasdaqtrader.com:80/dynamic/SymDir/nasdaqlisted.txt,2811,2482,N,no_etf_flag,Y,Y,N,no ETF column; ETFs count as common unless the name gives them away,973c96042c2098311964e350362a3c6f7a877d13b885bbfd8b1298d18cc5a886,cc8d7690637b6a132736c835c59e8c236d2c53ddc0d5dd76ff191d82ee77f8c0,research_cache/reversal_2012_2026/listings/symdir/nasdaq_listed_2014-03-25.csv
2014-06-05,wayback_companylist,20140605081421,2014-06-05T04:14:21-04:00,2014-06-04,pre_open,confirmed,http://www.nasdaq.com:80/screening/companies-by-name.aspx?exchange=NASDAQ&render=download,2841,2699,Y,name_only,Y,N,N,"company list: issuer names, prices and market cap only; take security type and flags from the nearest symbol file",33aa5d4533bebccb1f40bebf880369b4e4495527ba364958fc1663d0befb7413,e9a22ff25aac63b96313be8b263422fad1c37b0bbe97cf0340eed69695b104f6,research_cache/reversal_2012_2026/listings/companylist/nasdaq_companylist_2014-06-05.csv
2014-07-07,wayback_companylist,20140707060009,2014-07-07T02:00:09-04:00,2014-07-03,pre_open,confirmed,http://www.nasdaq.com/screening/companies-by-name.aspx?exchange=NASDAQ&render=download,2870,2722,Y,name_only,Y,N,N,"company list: issuer names, prices and market cap only; take security type and flags from the nearest symbol file",67ba926e203cb4386a892800c7223a89e48f03adc4de184dceb1fd627d22abf1,180c596c9eac9ef41549f347194f0275e68ecb62f7c1b0fcd07b19a68513a81e,research_cache/reversal_2012_2026/listings/companylist/nasdaq_companylist_2014-07-07.csv
2014-07-11,wayback_symdir,20140711231643,2014-07-11T19:16:43-04:00,,,,http://www.nasdaqtrader.com/dynamic/SymDir/nasdaqlisted.txt,2877,2533,N,no_etf_flag,Y,Y,N,no ETF column; ETFs count as common unless the name gives them away,243ec0909bfe1b29294fbc6f8a8a27509b211febc0e5d3dd9c130092b6269a74,6f2defa1109c22f6350e4e33beecea9b581a6283c258856ca18cf1ee478b1163,research_cache/reversal_2012_2026/listings/symdir/nasdaq_listed_2014-07-11.csv
2014-08-13,wayback_companylist,20140813223455,2014-08-13T18:34:55-04:00,2014-08-12,after_close,confirmed,http://www.nasdaq.com/screening/companies-by-industry.aspx?exchange=NASDAQ&render=download,2902,2746,Y,name_only,Y,N,N,"company list: issuer names, prices and market cap only; take security type and flags from the nearest symbol file",b31f797d8488e197ec7892521aa23904d0af905dc6b084568e5b3eadffa35ec1,25a88401cb63fcecf335236e88302e4bbcd2f05c002ec324a35b470cc550294c,research_cache/reversal_2012_2026/listings/companylist/nasdaq_companylist_2014-08-13.csv
2014-09-10,wayback_companylist,20140910020612,2014-09-09T22:06:12-04:00,2014-09-09,evening,confirmed,http://www.nasdaq.com:80/screening/companies-by-name.aspx?exchange=NASDAQ&render=download,2907,2745,Y,name_only,Y,N,N,"company list: issuer names, prices and market cap only; take security type and flags from the nearest symbol file",70608d627278a9c73a68d2520bea450b3d414149759559d4fe56c2ae3925b2d0,2679ae27d6c9690b25297c41cf2adf9f7e7a8c422873b0f5e8c88e928a8d2ae8,research_cache/reversal_2012_2026/listings/companylist/nasdaq_companylist_2014-09-10.csv
2014-09-21,wayback_companylist,20140921160426,2014-09-21T12:04:26-04:00,2014-09-19,non_session_day,confirmed,http://www.nasdaq.com:80/screening/companies-by-name.aspx?exchange=NASDAQ&render=download,2957,2796,Y,name_only,Y,N,N,"company list: issuer names, prices and market cap only; take security type and flags from the nearest symbol file",7e03fbb0297b21c16b9a3b728c2af2abd164e6ad77b4828a1da2b43745242f9e,ca29d101dde0e2ad763dd04f5b18d373e11aaef7af4638863578058526d3794f,research_cache/reversal_2012_2026/listings/companylist/nasdaq_companylist_2014-09-21.csv
2014-11-21,wayback_companylist,20141121023616,2014-11-20T21:36:16-05:00,2014-11-20,evening,confirmed,http://www.nasdaq.com:80/screening/companies-by-name.aspx?exchange=NASDAQ&render=download,2956,2774,Y,name_only,Y,N,N,"company list: issuer names, prices and market cap only; take security type and flags from the nearest symbol file",32e6b0b7129344ac0567bd81a9260010baf83d9027fb69f6de735d19ac364064,bbea7e6b6497dca5d9238abce927be2865ad935b50f6d432095c69423d3365b8,research_cache/reversal_2012_2026/listings/companylist/nasdaq_companylist_2014-11-21.csv
2015-01-10,repo_symdir,,,,,,https://github.com/datasets/nasdaq-listings@f533e2ad467c2728978554974c0ff41f86927a4e:data/nasdaq-listed-symbols.csv,2967,2809,N,name_only,Y,N,N,"names carry no security type (2% typed); the name filter misses most ETFs, warrants and units; no Test Issue column",acfb24e0b15fdfa3288d0859a82191c9e79958929f3e85eb81d9648cdac1046a,,stocks_list_dir/nasdaq/snapshots/nasdaq_listed_2015-01-10.csv
2015-01-16,wayback_symdir,20150120034150,2015-01-19T22:41:50-05:00,,,,http://www.nasdaqtrader.com:80/dynamic/SymDir/nasdaqlisted.txt,2975,2579,N,no_etf_flag,Y,Y,N,no ETF column; ETFs count as common unless the name gives them away,eabc887d41f5ae350c8aabd59ea5e47d46b807f7e322d07189bab447c540989e,91edc880b0f58c4c8a856e5d41c3f7eec9e1c7c3a0de99da5bf8dc26056a0bc5,research_cache/reversal_2012_2026/listings/symdir/nasdaq_listed_2015-01-16.csv
2015-01-20,wayback_companylist,20150120184249,2015-01-20T13:42:49-05:00,2015-01-16,intraday,confirmed,http://www.nasdaq.com:80/screening/companies-by-name.aspx?exchange=NASDAQ&render=download,2967,2774,Y,name_only,Y,N,N,"company list: issuer names, prices and market cap only; take security type and flags from the nearest symbol file",c1bec0962076310fc1eb91999177834182c0fce81b114e2f4cb1ce2d1345d3f2,4d0b496951cfea7e37a7711c1b1c6f0231d8d704401b184edd91cd89aaa1aecf,research_cache/reversal_2012_2026/listings/companylist/nasdaq_companylist_2015-01-20.csv
2015-02-08,wayback_companylist,20150208061537,2015-02-08T01:15:37-05:00,2015-02-06,non_session_day,confirmed,http://www.nasdaq.com:80/screening/companies-by-name.aspx?exchange=NASDAQ&render=download,2973,2782,Y,name_only,Y,N,N,"company list: issuer names, prices and market cap only; take security type and flags from the nearest symbol file",5937c53a701d8f99a27ed52538d8cbdda0e30abcf1e1369e10fb2b468e9f8fbf,da441c9cdc10626c82705e96c6e18a11666f51d01a487eded11d21246c468e1a,research_cache/reversal_2012_2026/listings/companylist/nasdaq_companylist_2015-02-08.csv
2015-03-05,wayback_companylist,20150305194454,2015-03-05T14:44:54-05:00,2015-03-04,intraday,confirmed,http://www.nasdaq.com:80/screening/companies-by-name.aspx?letter=0&exchange=nasdaq&render=download,2962,2772,Y,name_only,Y,N,N,"company list: issuer names, prices and market cap only; take security type and flags from the nearest symbol file",aa0f89ef64d4bf005a0037233f0872b17269322d66e5651b3e962b2eb0b5191a,25278d39290db6b03670a63257153de6b31a82f3052d2097a5a69788ff43996d,research_cache/reversal_2012_2026/listings/companylist/nasdaq_companylist_2015-03-05.csv
2015-03-27,wayback_symdir,20150329153750,2015-03-29T11:37:50-04:00,,,,http://www.nasdaqtrader.com/dynamic/SymDir/nasdaqlisted.txt,2978,2580,N,no_etf_flag,Y,Y,N,no ETF column; ETFs count as common unless the name gives them away,ca993e9458fee26c9af4d99a270b722009a949ab4e2eb419dcc6c3df57f72a53,1af19da81d82055b9fb7363487652aa7fd5d462b5953754e0145ee365ae11b01,research_cache/reversal_2012_2026/listings/symdir/nasdaq_listed_2015-03-27.csv
2015-03-30,wayback_companylist,20150330100931,2015-03-30T06:09:31-04:00,2015-03-27,pre_open,confirmed,http://www.nasdaq.com/screening/companies-by-name.aspx?exchange=NASDAQ&render=download,2973,2777,Y,name_only,Y,N,N,"company list: issuer names, prices and market cap only; take security type and flags from the nearest symbol file",7e576e542e29c53d928e9b9e919742973440651830a5c526077e34b502ebf403,e409d6f5767a91e1ab9bbbc8815d86d6e174865e24819d862ff3344a56347bdf,research_cache/reversal_2012_2026/listings/companylist/nasdaq_companylist_2015-03-30.csv
2015-04-10,wayback_companylist,20150410081156,2015-04-10T04:11:56-04:00,2015-04-09,pre_open,confirmed,http://www.nasdaq.com:80/screening/companies-by-name.aspx?exchange=NASDAQ&render=download,2975,2777,Y,name_only,Y,N,N,"company list: issuer names, prices and market cap only; take security type and flags from the nearest symbol file",7a069658040df0fe7f1a6155c46a6617b3aa7f4de98618563d2640a13b2fb994,100d58928db1975c00e656b2ea908623df00339598a9282ad14417f55a66f812,research_cache/reversal_2012_2026/listings/companylist/nasdaq_companylist_2015-04-10.csv
2015-05-06,wayback_companylist,20150506105310,2015-05-06T06:53:10-04:00,2015-05-05,pre_open,confirmed,http://www.nasdaq.com/screening/companies-by-industry.aspx?exchange=NASDAQ&render=download,2994,2793,Y,name_only,Y,N,N,"company list: issuer names, prices and market cap only; take security type and flags from the nearest symbol file",929b59b87c9cb58059b0d67c978530a95058cfef6d2d0287ee32f1e030edbb2e,e9e0a77232ce8ead22e1d58b2e2fc065c3544d3aa9bbdd5f8b9b7707cb984a73,research_cache/reversal_2012_2026/listings/companylist/nasdaq_companylist_2015-05-06.csv
2015-05-22,wayback_companylist,20150522135155,2015-05-22T09:51:55-04:00,2015-05-21,intraday,confirmed,http://www.nasdaq.com/screening/companies-by-name.aspx?letter=0&exchange=nasdaq&render=download,3004,2802,Y,name_only,Y,N,N,"company list: issuer names, prices and market cap only; take security type and flags from the nearest symbol file",b147175816ae6bd75d0a65d7da12bd8292d4e9b8e51d8ff55e30391ff4ac5b01,039d7f044ab375fbd9839cc8a8ba4bae9ee871798a44f1ee7b2a6fd60f1b4b52,research_cache/reversal_2012_2026/listings/companylist/nasdaq_companylist_2015-05-22.csv
2015-06-10,wayback_companylist,20150610055253,2015-06-10T01:52:53-04:00,2015-06-09,pre_open,confirmed,http://www.nasdaq.com:80/screening/companies-by-name.aspx?exchange=NASDAQ&render=download,3033,2830,Y,name_only,Y,N,N,"company list: issuer names, prices and market cap only; take security type and flags from the nearest symbol file",d37adedf2ad65b3e68be92646453741ad64712ff5f2ddfc77e21960f77a3263f,336a54b7a990e9f52b10e4ba031513fe677732bab56afc19b828af960c5b69f1,research_cache/reversal_2012_2026/listings/companylist/nasdaq_companylist_2015-06-10.csv
2015-06-26,wayback_symdir,20150628013536,2015-06-27T21:35:36-04:00,,,,http://www.nasdaqtrader.com:80/dynamic/SymDir/nasdaqlisted.txt,3043,2618,N,no_etf_flag,Y,Y,N,no ETF column; ETFs count as common unless the name gives them away,289af28eabb09f3334603dfd7f758f21e05e90559563528361b979862a5625d4,8aeb58a30882af850a3b45938cff292d7a97c9e4de0d89b7110c0fdc668e0a49,research_cache/reversal_2012_2026/listings/symdir/nasdaq_listed_2015-06-26.csv
2015-08-10,wayback_companylist,20150810061726,2015-08-10T02:17:26-04:00,2015-08-07,pre_open,confirmed,http://www.nasdaq.com:80/screening/companies-by-name.aspx?exchange=NASDAQ&render=download,3102,2897,Y,name_only,Y,N,N,"company list: issuer names, prices and market cap only; take security type and flags from the nearest symbol file",3c6ac02cd3073ba7c5053a940bc3afb2acbbb56209d6a1449af1dc60a6a0797b,2f40e097262014094aa1761342aea396e65b97e33261432d88dde3592bdd4536,research_cache/reversal_2012_2026/listings/companylist/nasdaq_companylist_2015-08-10.csv
2015-10-09,wayback_companylist,20151009224448,2015-10-09T18:44:48-04:00,2015-10-08,after_close,confirmed,http://www.nasdaq.com:80/screening/companies-by-name.aspx?exchange=NASDAQ&render=download,3107,2897,Y,name_only,Y,N,N,"company list: issuer names, prices and market cap only; take security type and flags from the nearest symbol file",38f19bf24c5371f7c83e29a25d63709f29bc25fdd1bd85631aa987a725279699,d90b49e5e6ef08332a1cab3f5b2b5f1b8d7d67c9936728b77d13fb0e1c7795f3,research_cache/reversal_2012_2026/listings/companylist/nasdaq_companylist_2015-10-09.csv
2015-10-23,wayback_symdir,20151025103508,2015-10-25T06:35:08-04:00,,,,http://www.nasdaqtrader.com:80/dynamic/SymDir/nasdaqlisted.txt,3092,2647,N,no_etf_flag,Y,Y,N,no ETF column; ETFs count as common unless the name gives them away,5ef898249885f04a619bbcca6b83fa06354e88b32ccaaa07a4286fa61537fd55,1c4c1f8a521e345cacc4cfe0653e468d511106482703cde48de2f4f3e7aee71f,research_cache/reversal_2012_2026/listings/symdir/nasdaq_listed_2015-10-23.csv
2015-12-03,wayback_companylist,20151203225321,2015-12-03T17:53:21-05:00,2015-12-02,after_close,confirmed,http://www.nasdaq.com/screening/companies-by-name.aspx?letter=0&exchange=nasdaq&render=download,3105,2877,Y,name_only,Y,N,N,"company list: issuer names, prices and market cap only; take security type and flags from the nearest symbol file",8f96a93535fb10b309b94c8b8acb748f3c395611e4c313db393cc325d71fe8fc,8d10995340cbedd8269726968addf172b9a42750be1ba1d8104d006134f727b0,research_cache/reversal_2012_2026/listings/companylist/nasdaq_companylist_2015-12-03.csv
2015-12-07,wayback_companylist,20151207234408,2015-12-07T18:44:08-05:00,2015-12-04,after_close,confirmed,http://www.nasdaq.com/screening/companies-by-industry.aspx?industry=ALL&exchange=NASDAQ&market=NASDAQ&render=download,3109,2878,Y,name_only,Y,N,N,"company list: issuer names, prices and market cap only; take security type and flags from the nearest symbol file",a3834255b1e47d149c420f9b9c7b0bc7f7180fcaf577cfbf6649603756bc0fd5,92f277cbec5addc17b6f4b559c6935adc6720e7d5c785791c5a3d5bb356de221,research_cache/reversal_2012_2026/listings/companylist/nasdaq_companylist_2015-12-07.csv
2015-12-09,wayback_companylist,20151209183746,2015-12-09T13:37:46-05:00,2015-12-08,intraday,confirmed,http://www.nasdaq.com:80/screening/companies-by-name.aspx?exchange=NASDAQ&render=download,3110,2877,Y,name_only,Y,N,N,"company list: issuer names, prices and market cap only; take security type and flags from the nearest symbol file",9254049afef2a5d38d9654b191d89e83602ef3a15a9136065b05b458b1e972ef,504f834ccf7f86aa176237ece3484289c585ce34622e0cf02107654b03f8145c,research_cache/reversal_2012_2026/listings/companylist/nasdaq_companylist_2015-12-09.csv
2015-12-10,wayback_symdir,20151210112600,2015-12-10T06:26:00-05:00,,,,http://www.nasdaqtrader.com:80/dynamic/SymDir/nasdaqlisted.txt,3112,2652,N,no_etf_flag,Y,Y,N,no ETF column; ETFs count as common unless the name gives them away,d6c291e9d660f22cdcf6d17ec1f00a6f15179140a8958193a484998de92f4aed,70ec5a786d3ae62a3a380f722747015771b205de573fad3265881839988d54aa,research_cache/reversal_2012_2026/listings/symdir/nasdaq_listed_2015-12-10.csv
2016-01-11,wayback_symdir,20160111191448,2016-01-11T14:14:48-05:00,,,,http://nasdaqtrader.com:80/dynamic/SymDir/nasdaqlisted.txt,3099,2641,N,no_etf_flag,Y,Y,N,no ETF column; ETFs count as common unless the name gives them away,6a149ea694b7af5ff54fee874d2815a15254babe55e148bfe0137a665f645521,ee211799a2deb0fd03de2874a13e7d20feb2ddf27ca487ae323a03e295807636,research_cache/reversal_2012_2026/listings/symdir/nasdaq_listed_2016-01-11.csv
2016-01-29,wayback_companylist,20160129040414,2016-01-28T23:04:14-05:00,2016-01-28,evening,confirmed,http://www.nasdaq.com/screening/companies-by-name.aspx?letter=0&exchange=nasdaq&render=download,3114,2896,Y,name_only,Y,N,N,"company list: issuer names, prices and market cap only; take security type and flags from the nearest symbol file",8fca37035b6e616e7e07d9bff19767b5a88137990446f5a1ffc363cde1203296,d178379493c689b6dc966781b0772daac52e121c586890f4af42d01da8a7afbe,research_cache/reversal_2012_2026/listings/companylist/nasdaq_companylist_2016-01-29.csv
2016-02-02,wayback_companylist,20160202093509,2016-02-02T04:35:09-05:00,2016-02-01,pre_open,confirmed,http://www.nasdaq.com/screening/companies-by-name.aspx?exchange=NASDAQ&render=download,3086,2868,Y,name_only,Y,N,N,"company list: issuer names, prices and market cap only; take security type and flags from the nearest symbol file",a651c28659ed8a4748915d1c38c7438211b7b9bc7ef1059188b5b1e37da413fc,90011509e63de012c69b007ef5a4b227646ac8979a226d520c1db31f1f757076,research_cache/reversal_2012_2026/listings/companylist/nasdaq_companylist_2016-02-02.csv
2016-02-04,wayback_companylist,20160204060929,2016-02-04T01:09:29-05:00,2016-02-03,pre_open,confirmed,http://www.nasdaq.com/screening/companies-by-name.aspx?letter=0&exchange=nasdaq&render=download,3096,2868,Y,name_only,Y,N,N,"company list: issuer names, prices and market cap only; take security type and flags from the nearest symbol file",a26a2cb26b0d83dcf27ff745d2f55b14235098f27533d44aa179ebf716328533,37ecb75b1e786d21146c17d182a202c22bc5bd229b2d65446674fe78636c077b,research_cache/reversal_2012_2026/listings/companylist/nasdaq_companylist_2016-02-04.csv
2016-02-05,wayback_companylist,20160205052056,2016-02-05T00:20:56-05:00,2016-02-04,pre_open,confirmed,http://www.nasdaq.com/screening/companies-by-name.aspx?letter=0&exchange=nasdaq&render=download,3095,2867,Y,name_only,Y,N,N,"company list: issuer names, prices and market cap only; take security type and flags from the nearest symbol file",1f5dc9dd81657bbfd57f14a63f88d0869da7ce2e9ccb976e65da12ed2d96181b,656803bc230f87e2402a775e958e8d7c650a2cb2966bea3eff6370467cae35b3,research_cache/reversal_2012_2026/listings/companylist/nasdaq_companylist_2016-02-05.csv
2016-02-08,wayback_companylist,20160208081813,2016-02-08T03:18:13-05:00,2016-02-05,pre_open,confirmed,http://www.nasdaq.com:80/screening/companies-by-name.aspx?exchange=NASDAQ&render=download,3121,2891,Y,name_only,Y,N,N,"company list: issuer names, prices and market cap only; take security type and flags from the nearest symbol file",2d477ecbfa9397a95d7aca9da73e4201a0bc4a32926722f208f86015030da35f,2a92a500d13d57d8c5bfe2becf860ee441d82880eb3a04bed8c14e973e620be3,research_cache/reversal_2012_2026/listings/companylist/nasdaq_companylist_2016-02-08.csv
2016-02-12,wayback_companylist,20160212054631,2016-02-12T00:46:31-05:00,2016-02-11,pre_open,confirmed,http://www.nasdaq.com/screening/companies-by-name.aspx?letter=0&exchange=nasdaq&render=download,3088,2860,Y,name_only,Y,N,N,"company list: issuer names, prices and market cap only; take security type and flags from the nearest symbol file",7cc420758f44c0fd418310a7ed34668b48f1d502cc31fc556452d479004cdd21,995a6c97857ad7b92db6cda5933b33bd25f160a6c97dc93271808c8a932430d0,research_cache/reversal_2012_2026/listings/companylist/nasdaq_companylist_2016-02-12.csv
2016-02-19,wayback_companylist,20160219060431,2016-02-19T01:04:31-05:00,2016-02-18,pre_open,confirmed,http://www.nasdaq.com/screening/companies-by-name.aspx?letter=0&exchange=nasdaq&render=download,3116,2884,Y,name_only,Y,N,N,"company list: issuer names, prices and market cap only; take security type and flags from the nearest symbol file",aca037b01c0132e2e63aafd269a386e7728d27cde78cc1295b3f146739fcdb35,1bf30ace862c5e3e0965d4d9e95ac9619a2e0cce5f8d4bc84d82a5a0ffbd59ad,research_cache/reversal_2012_2026/listings/companylist/nasdaq_companylist_2016-02-19.csv
2016-02-26,wayback_companylist,20160226064507,2016-02-26T01:45:07-05:00,2016-02-25,pre_open,confirmed,http://www.nasdaq.com/screening/companies-by-name.aspx?letter=0&exchange=nasdaq&render=download,3116,2882,Y,name_only,Y,N,N,"company list: issuer names, prices and market cap only; take security type and flags from the nearest symbol file",6df72d5b05852aaaa8f257217781e773082c7f5958544f6b817b095f499c809a,215a84fce56b114103360b4877be0c7375f2c9cfe7211c28a71e833e04e7fd7c,research_cache/reversal_2012_2026/listings/companylist/nasdaq_companylist_2016-02-26.csv
2016-03-08,wayback_companylist,20160308072248,2016-03-08T02:22:48-05:00,2016-03-07,pre_open,confirmed,http://www.nasdaq.com/screening/companies-by-name.aspx?letter=0&exchange=nasdaq&render=download,3085,2852,Y,name_only,Y,N,N,"company list: issuer names, prices and market cap only; take security type and flags from the nearest symbol file",11677557a6c53f0c72d1dc00db2b83ec1a6ef633933436518e95e78cee2e5dc4,15e13bd511f4a82e38075ceb2752a4060b02a6b743d0c2b8c65c341ac9185a52,research_cache/reversal_2012_2026/listings/companylist/nasdaq_companylist_2016-03-08.csv
2016-03-09,wayback_companylist,20160309032609,2016-03-08T22:26:09-05:00,2016-03-08,evening,confirmed,http://www.nasdaq.com/screening/companies-by-name.aspx?letter=0&exchange=nasdaq&render=download,3084,2851,Y,name_only,Y,N,N,"company list: issuer names, prices and market cap only; take security type and flags from the nearest symbol file",2b2f95c10f87ad3d0f4c49b2832405eb935d7d788f4e4b30e675922d21e23cc3,b31ad99c12add1db5d09dbed69b57e087c2f62eedd8f15d44fe9808569d400ef,research_cache/reversal_2012_2026/listings/companylist/nasdaq_companylist_2016-03-09.csv
2016-03-11,wayback_symdir,20160312152615,2016-03-12T10:26:15-05:00,,,,http://www.nasdaqtrader.com:80/dynamic/SymDir/nasdaqlisted.txt,3090,2542,N,full,Y,Y,Y,,b0ae3c1511b0a3751c118ab7a240a8f6ab16a8024045ffdc213d4d68cc62e720,70aa5380b970bc23fd87c0bec096b577c700fc95192d075eb26400458cadfcd7,research_cache/reversal_2012_2026/listings/symdir/nasdaq_listed_2016-03-11.csv
2016-03-14,wayback_companylist,20160314042920,2016-03-14T00:29:20-04:00,2016-03-11,pre_open,confirmed,http://www.nasdaq.com/screening/companies-by-name.aspx?exchange=NASDAQ&render=download,3087,2855,Y,name_only,Y,N,N,"company list: issuer names, prices and market cap only; take security type and flags from the nearest symbol file",68ce9fd53809c36eaff36da4c93740d8f2f12f217eb70763f53a75ece4683d54,da463a945ffaa7d7aca198dc59fc97f41b0970f2b62d0ead19ae07658cde1fbc,research_cache/reversal_2012_2026/listings/companylist/nasdaq_companylist_2016-03-14.csv
2016-03-16,wayback_companylist,20160316042214,2016-03-16T00:22:14-04:00,2016-03-15,pre_open,confirmed,http://www.nasdaq.com/screening/companies-by-name.aspx?letter=0&exchange=nasdaq&render=download,3086,2854,Y,name_only,Y,N,N,"company list: issuer names, prices and market cap only; take security type and flags from the nearest symbol file",dbcacdfdf12545bd9195ffd9db672ac1f490c2a48658803b6d6913abba06ced6,960e52c30f4c290acdc9209b44a448b0cdde05ce43fc2908faea442e4fe1787c,research_cache/reversal_2012_2026/listings/companylist/nasdaq_companylist_2016-03-16.csv
2016-03-24,wayback_companylist,20160324164543,2016-03-24T12:45:43-04:00,2016-03-23,intraday,confirmed,http://www.nasdaq.com:80/screening/companies-by-name.aspx?letter=0&exchange=nasdaq&render=download,3089,2853,Y,name_only,Y,N,N,"company list: issuer names, prices and market cap only; take security type and flags from the nearest symbol file",0a287c7d23421d9b9e0c0d9b28ccb0f610943e35c13aa3045399756799e6fcaf,9ec5b8c63d16c139cad7ebfe06a159a58146c54d16847243160fe13d598253ab,research_cache/reversal_2012_2026/listings/companylist/nasdaq_companylist_2016-03-24.csv
2016-04-12,wayback_companylist,20160412173931,2016-04-12T13:39:31-04:00,2016-04-11,intraday,confirmed,http://www.nasdaq.com/screening/companies-by-industry.aspx?industry=ALL&exchange=NASDAQ&sortname=marketcap&sorttype=1&render=download,3129,2889,Y,name_only,Y,N,N,"company list: issuer names, prices and market cap only; take security type and flags from the nearest symbol file",1befffab92036922535f0759169586c55c5cf1bbe8737c29ffda5bf19d7c4a0e,6f6f024413ee80834d6dda72552ceda1d614881bc706b3ad3cc0be314e55494a,research_cache/reversal_2012_2026/listings/companylist/nasdaq_companylist_2016-04-12.csv
2016-04-24,wayback_companylist,20160424050105,2016-04-24T01:01:05-04:00,2016-04-22,non_session_day,confirmed,http://www.nasdaq.com/screening/companies-by-industry.aspx?exchange=NASDAQ&render=download,3139,2891,Y,name_only,Y,N,N,"company list: issuer names, prices and market cap only; take security type and flags from the nearest symbol file",fa0e51abbf38cd66ded6f8e52eb534fa18c835d74d9c32e875b7c48c76851cd7,5b5460f3252f03081a583e79a2be3861f4ae39662807fe82d2f1057c1961cacd,research_cache/reversal_2012_2026/listings/companylist/nasdaq_companylist_2016-04-24.csv
2016-04-30,wayback_companylist,20160430183353,2016-04-30T14:33:53-04:00,2016-04-29,non_session_day,confirmed,http://www.nasdaq.com:80/screening/companies-by-industry.aspx?exchange=NASDAQ&render=download,3141,2893,Y,name_only,Y,N,N,"company list: issuer names, prices and market cap only; take security type and flags from the nearest symbol file",2b0edd7df3b061584b0338ad3563894295dad64efa3b09fd5f1ed32a4dca8887,71cb3b9eb3590f6229f470ba4cf358c34aa41d6c0cae5c724c78f1627fac8325,research_cache/reversal_2012_2026/listings/companylist/nasdaq_companylist_2016-04-30.csv
2016-05-20,wayback_symdir,20160523000029,2016-05-22T20:00:29-04:00,,,,http://www.nasdaqtrader.com:80/dynamic/SymDir/nasdaqlisted.txt,3116,2527,N,full,Y,Y,Y,,f96fdae1d79f7b1e3a0a667c3acc24a7399ff94028e4713fbeb5351365daf41f,30a3769ebae2ea2048ce6e057136be23801ca8b584dd7406f10d2465151e867c,research_cache/reversal_2012_2026/listings/symdir/nasdaq_listed_2016-05-20.csv
2016-06-04,wayback_companylist,20160604172355,2016-06-04T13:23:55-04:00,2016-06-03,non_session_day,confirmed,http://www.nasdaq.com:80/screening/companies-by-industry.aspx?exchange=NASDAQ&render=download,3140,2885,Y,name_only,Y,N,N,"company list: issuer names, prices and market cap only; take security type and flags from the nearest symbol file",52675629b1ac378b6bc48865f45a9d30adcccde36bc78fab45d1b20113d55623,0a29b6e2fb22a3bcbb60d5ae8593b738f96c0665fa9f1a04134f675558c69999,research_cache/reversal_2012_2026/listings/companylist/nasdaq_companylist_2016-06-04.csv
2016-06-09,wayback_companylist,20160609070342,2016-06-09T03:03:42-04:00,2016-06-08,pre_open,confirmed,http://www.nasdaq.com:80/screening/companies-by-name.aspx?letter=0&exchange=nasdaq&render=download,3136,2881,Y,name_only,Y,N,N,"company list: issuer names, prices and market cap only; take security type and flags from the nearest symbol file",86dbc45deea69f8dd372fab26156184378e0a1e54992cf61a0b522ed4927feee,71a6502fabd1d07aef1a2b7cee16a71fa11b3d207bd32de590dec6bff5fc110a,research_cache/reversal_2012_2026/listings/companylist/nasdaq_companylist_2016-06-09.csv
2016-06-17,wayback_companylist,20160617034400,2016-06-16T23:44:00-04:00,2016-06-16,evening,confirmed,http://www.nasdaq.com/screening/companies-by-industry.aspx?exchange=NASDAQ&render=download,3145,2885,Y,name_only,Y,N,N,"company list: issuer names, prices and market cap only; take security type and flags from the nearest symbol file",e162a400f93bc1f2b44d51901c74ac41223757258543f7eb12f4dd948f68eb8b,dd1596bb67c6c50735724c7285f6af0f115be6bcc919e5961bee583fb791826d,research_cache/reversal_2012_2026/listings/companylist/nasdaq_companylist_2016-06-17.csv
2016-06-22,wayback_symdir,20160623030328,2016-06-22T23:03:28-04:00,,,,http://www.nasdaqtrader.com:80/dynamic/SymDir/nasdaqlisted.txt,3123,2525,N,full,Y,Y,Y,,6235556cd38e3379bd9ace95e1c842aa522419f764cfc27cfd17a738805108e5,318864157400e35eb457e62e2af9ab9a990cdc2076bf66bca6b6338754547547,research_cache/reversal_2012_2026/listings/symdir/nasdaq_listed_2016-06-22.csv
2016-07-07,wayback_companylist,20160707152923,2016-07-07T11:29:23-04:00,2016-07-06,intraday,confirmed,http://www.nasdaq.com:80/screening/companies-by-industry.aspx?exchange=NASDAQ&render=download,3132,2871,Y,name_only,Y,N,N,"company list: issuer names, prices and market cap only; take security type and flags from the nearest symbol file",dffe4faac1cf3966fc4d9060512d3b9c747911b13e47912fbb0c9e52b2834301,1beb4c6d546b021deddf3083b76ea00501da8ce7c44df40d7cd8cc70988449da,research_cache/reversal_2012_2026/listings/companylist/nasdaq_companylist_2016-07-07.csv
2016-07-22,wayback_symdir,20160724002128,2016-07-23T20:21:28-04:00,,,,http://www.nasdaqtrader.com:80/dynamic/SymDir/nasdaqlisted.txt,3148,2530,N,full,Y,Y,Y,,ed48cc5de6137ae16ab56610b1f56dda7d7fc334674a70a3486dbd4c2b2a8a29,92bc7bde1bccd2225b55cba996d212177d724928917145d40c09db841c275846,research_cache/reversal_2012_2026/listings/symdir/nasdaq_listed_2016-07-22.csv
2016-08-25,wayback_symdir,20160825102229,2016-08-25T06:22:29-04:00,,,,http://www.nasdaqtrader.com:80/dynamic/SymDir/nasdaqlisted.txt,3142,2527,N,full,Y,Y,Y,,d94a68365537de52ed8336afc55ecd9e965e8d8156e4c9c68a503106d4a72d63,f5a429a04dee2d36e9723df3499fd70e4bcf7413408eb17d3875c56799e67b39,research_cache/reversal_2012_2026/listings/symdir/nasdaq_listed_2016-08-25.csv
2016-09-10,wayback_companylist,20160910123632,2016-09-10T08:36:32-04:00,2016-09-09,non_session_day,confirmed,http://www.nasdaq.com/screening/companies-by-name.aspx?exchange=NASDAQ&render=download,3151,2858,Y,name_only,Y,N,N,"company list: issuer names, prices and market cap only; take security type and flags from the nearest symbol file",29983eb9a56d08e939032756a5cfbebfb553d406c4fdc9848a232abb90ba257f,3c979239462f7dc4d7ba03b7eb2ea99ecdc0e1b787b630e378e57fc66655c963,research_cache/reversal_2012_2026/listings/companylist/nasdaq_companylist_2016-09-10.csv
2016-09-18,wayback_companylist,20160918042515,2016-09-18T00:25:15-04:00,2016-09-16,non_session_day,confirmed,http://www.nasdaq.com:80/screening/companies-by-industry.aspx?exchange=NASDAQ&render=download,3130,2835,Y,name_only,Y,N,N,"company list: issuer names, prices and market cap only; take security type and flags from the nearest symbol file",969fd15e4269dd28924a98b7846121bd97a0151aa496c016db1e80626f2b903f,e83c4c0147eeda145a4cde2ddacabec00d264c2f19e5f770b5ca093bfcbd0369,research_cache/reversal_2012_2026/listings/companylist/nasdaq_companylist_2016-09-18.csv
2016-09-21,wayback_companylist,20160921125117,2016-09-21T08:51:17-04:00,2016-09-20,pre_open,confirmed,http://www.nasdaq.com:80/screening/companies-by-name.aspx?exchange=NASDAQ&render=download,3128,2833,Y,name_only,Y,N,N,"company list: issuer names, prices and market cap only; take security type and flags from the nearest symbol file",22e9b2d0c40cb2b83e2e5c511ce078ae4ecca26927dd5d6c703a540567820c55,5c0d4167609a1abd4201cbb2221d217d23a4135dd0ea1ba4cdf0121e9d1a641e,research_cache/reversal_2012_2026/listings/companylist/nasdaq_companylist_2016-09-21.csv
2016-09-28,wayback_symdir,20160928153936,2016-09-28T11:39:36-04:00,,,,http://www.nasdaqtrader.com:80/dynamic/SymDir/nasdaqlisted.txt,3147,2513,N,full,Y,Y,Y,,418db0d40e5349809348b3f2c324659c1b83c638548aa5259a00b624908ee404,ac1b4687a145ee232776f5389f0f0ecc295e9429a018efb6eb5fde56e93082f0,research_cache/reversal_2012_2026/listings/symdir/nasdaq_listed_2016-09-28.csv
2016-10-02,wayback_companylist,20161002091054,2016-10-02T05:10:54-04:00,2016-09-30,non_session_day,confirmed,http://www.nasdaq.com:80/screening/companies-by-industry.aspx?exchange=NASDAQ&render=download,3170,2862,Y,name_only,Y,N,N,"company list: issuer names, prices and market cap only; take security type and flags from the nearest symbol file",c1ab41c3e6c777da8b50ff075adabc585712ed84338d7cb5d6d19cf8d2bac423,aeeb990a0d027819870aeeb1df8a936d6f6540d0d96b0f9257eba21826d62dbf,research_cache/reversal_2012_2026/listings/companylist/nasdaq_companylist_2016-10-02.csv
2016-10-24,wayback_companylist,20161024210045,2016-10-24T17:00:45-04:00,2016-10-21,after_close,confirmed,http://www.nasdaq.com:80/screening/companies-by-industry.aspx?exchange=NASDAQ&render=download,3151,2845,Y,name_only,Y,N,N,"company list: issuer names, prices and market cap only; take security type and flags from the nearest symbol file",5465ef7e0ddf3678f70caa21226182c1dd46840e7268685e980e46512b319fdc,f48142f22a730337e7b25a83d20d79f0856e14fea02c3af74cd20f8608588c30,research_cache/reversal_2012_2026/listings/companylist/nasdaq_companylist_2016-10-24.csv
2016-10-28,wayback_symdir,20161030140644,2016-10-30T10:06:44-04:00,,,,http://www.nasdaqtrader.com:80/dynamic/SymDir/nasdaqlisted.txt,3156,2519,N,full,Y,Y,Y,,b3be424c51162924c08325675725b147e7cd4141c768ec63ed20129423fe087d,2fb59794cbd680dea3669a7ac9b50567a7f434a8c71d8f72716c6b1034f119a3,research_cache/reversal_2012_2026/listings/symdir/nasdaq_listed_2016-10-28.csv
2016-11-13,wayback_companylist,20161113055503,2016-11-13T00:55:03-05:00,2016-11-11,non_session_day,confirmed,http://www.nasdaq.com/screening/companies-by-name.aspx?exchange=NASDAQ&render=download,3153,2847,Y,name_only,Y,N,N,"company list: issuer names, prices and market cap only; take security type and flags from the nearest symbol file",03f5a284c757755f1b35cfa4ce4320754f72f8882b980afa1eaae53942ec31fb,e2d129e84b19054adc4e0c5bc384ebfb8bdb151fec78b053567c459891db4573,research_cache/reversal_2012_2026/listings/companylist/nasdaq_companylist_2016-11-13.csv
2016-11-15,wayback_companylist,20161115041048,2016-11-14T23:10:48-05:00,2016-11-14,evening,confirmed,http://www.nasdaq.com/screening/companies-by-name.aspx?letter=0&exchange=nasdaq&render=download,3157,2851,Y,name_only,Y,N,N,"company list: issuer names, prices and market cap only; take security type and flags from the nearest symbol file",bd717dbbe1166ed391c0e9e645c0c8c620b07f73edcbaa7e43e4868105aef4ba,9f54f391720e3277f7694f9c30e7049a41b3cf07e38b926d48048cefeb68703c,research_cache/reversal_2012_2026/listings/companylist/nasdaq_companylist_2016-11-15.csv
2016-11-20,wayback_companylist,20161120200833,2016-11-20T15:08:33-05:00,2016-11-18,non_session_day,confirmed,http://www.nasdaq.com:80/screening/companies-by-name.aspx?exchange=NASDAQ&render=download,3189,2876,Y,name_only,Y,N,N,"company list: issuer names, prices and market cap only; take security type and flags from the nearest symbol file",b1990a2767a93f14a08eb7c04563a7b616a93e7473f99be00d7ae14f20a8fd8a,18c3ff04f14d35bc20a7197ee668e5ff6859649ce2afd3042fd5e8e10f979b41,research_cache/reversal_2012_2026/listings/companylist/nasdaq_companylist_2016-11-20.csv
2017-01-26,wayback_companylist,20170126184945,2017-01-26T13:49:45-05:00,2017-01-25,intraday,confirmed,http://www.nasdaq.com:80/screening/companies-by-name.aspx?exchange=NASDAQ&render=download,3184,2873,Y,name_only,Y,N,N,"company list: issuer names, prices and market cap only; take security type and flags from the nearest symbol file",8455700a1c588da3162eee74b7ea9d1dc1416a006acaf71a4424be671d3d944b,0fd3712a8db716838678814f8dc465b873f60709963eb36fbeb60ed5a3ee5ccc,research_cache/reversal_2012_2026/listings/companylist/nasdaq_companylist_2017-01-26.csv
2017-01-30,wayback_companylist,20170130201919,2017-01-30T15:19:19-05:00,2017-01-27,intraday,confirmed,http://www.nasdaq.com/screening/companies-by-industry.aspx?exchange=NASDAQ&page=30&render=download,3183,2872,Y,name_only,Y,N,N,"company list: issuer names, prices and market cap only; take security type and flags from the nearest symbol file",f254f837fb403aaae82ac13a4596fda039616bbfe62dba6e091d012d65b18336,f151b55b4974a0f31ee4be55fbeb4796538d23525d35c6a7dea81f654d81d541,research_cache/reversal_2012_2026/listings/companylist/nasdaq_companylist_2017-01-30.csv
2017-03-16,wayback_companylist,20170316152635,2017-03-16T11:26:35-04:00,2017-03-15,intraday,confirmed,http://www.nasdaq.com/screening/companies-by-industry.aspx?exchange=NASDAQ&render=download,3196,2885,Y,name_only,Y,N,N,"company list: issuer names, prices and market cap only; take security type and flags from the nearest symbol file",97cdb3017456d25bae6708c38b496491ed43c00becf8475f222ed8192d485c89,d6e5e005374a0aeaa514c8f6e36ebdd256e6a314beb2131493530d267c3925e2,research_cache/reversal_2012_2026/listings/companylist/nasdaq_companylist_2017-03-16.csv
2017-03-29,wayback_companylist,20170329102600,2017-03-29T06:26:00-04:00,2017-03-28,pre_open,confirmed,http://www.nasdaq.com/screening/companies-by-industry.aspx?exchange=NASDAQ&render=download,3193,2879,Y,name_only,Y,N,N,"company list: issuer names, prices and market cap only; take security type and flags from the nearest symbol file",5c680be324d65a9ae47de195068facc00082a85db45bc8c64242346daba68c22,a683539112e4d84164345948db3fc167566f190ca56bc992c0c38259a379da43,research_cache/reversal_2012_2026/listings/companylist/nasdaq_companylist_2017-03-29.csv
2017-03-31,wayback_companylist,20170331184657,2017-03-31T14:46:57-04:00,2017-03-30,intraday,confirmed,http://www.nasdaq.com:80/screening/companies-by-name.aspx?letter=0&exchange=nasdaq&render=download,3190,2877,Y,name_only,Y,N,N,"company list: issuer names, prices and market cap only; take security type and flags from the nearest symbol file",242f9047294213db8e6f0312cfababeefb0d1bf59caffdf2b78cba6a27e02ecd,1b3258b09db62bcaf4045794bd94f50a263115b739a63382f90bf6dbc2562171,research_cache/reversal_2012_2026/listings/companylist/nasdaq_companylist_2017-03-31.csv
2017-04-15,wayback_companylist,20170415211838,2017-04-15T17:18:38-04:00,2017-04-13,non_session_day,confirmed,http://www.nasdaq.com:80/screening/companies-by-name.aspx?exchange=NASDAQ&render=download,3167,2852,Y,name_only,Y,N,N,"company list: issuer names, prices and market cap only; take security type and flags from the nearest symbol file",798a36826213a6f6d81ba0c91369b2bb55a583814917741eef460aae00b06217,171e929582ed438452cfe7442c147aefc90779cef4ee8fa6c5327db3de1a06f7,research_cache/reversal_2012_2026/listings/companylist/nasdaq_companylist_2017-04-15.csv
2017-05-11,wayback_companylist,20170511161657,2017-05-11T12:16:57-04:00,2017-05-10,intraday,confirmed,http://www.nasdaq.com:80/screening/companies-by-name.aspx?letter=0&exchange=nasdaq&render=download,3211,2884,Y,name_only,Y,N,N,"company list: issuer names, prices and market cap only; take security type and flags from the nearest symbol file",0d9c8dc2f0abd4f286b4a9ceb526ea72b840848c87963aa4cf2a8f32f0754016,6df63b4a3579f724b20b43c29f61fa5ff727ac7e76c294aa25c07066f8bb73c6,research_cache/reversal_2012_2026/listings/companylist/nasdaq_companylist_2017-05-11.csv
2017-06-12,wayback_companylist,20170612034224,2017-06-11T23:42:24-04:00,2017-06-09,non_session_day,confirmed,http://www.nasdaq.com:80/screening/companies-by-name.aspx?letter=0&exchange=nasdaq&render=download,3199,2869,Y,name_only,Y,N,N,"company list: issuer names, prices and market cap only; take security type and flags from the nearest symbol file",6f67b5691d90d5e070bedd4a9a8377260dadd10ba1075f234de4b91cc361f97d,427818366af5b2b1d71e0407872a3a566a7d6ba065678e9db8c0aa7382d7ff05,research_cache/reversal_2012_2026/listings/companylist/nasdaq_companylist_2017-06-12.csv
2017-06-13,wayback_companylist,20170613213910,2017-06-13T17:39:10-04:00,2017-06-12,after_close,confirmed,http://www.nasdaq.com:80/screening/companies-by-name.aspx?letter=0&exchange=nasdaq&render=download,3196,2866,Y,name_only,Y,N,N,"company list: issuer names, prices and market cap only; take security type and flags from the nearest symbol file",6989baa359bc77d6440ec3af90aeaa3ebfeeef4176bf90f5d5b9ce38ad0f4e06,7ec828b74688264346ea45bbb87a45f9fecb44075ddb0d94ce9441ef36094a26,research_cache/reversal_2012_2026/listings/companylist/nasdaq_companylist_2017-06-13.csv
2017-06-17,wayback_companylist,20170617003302,2017-06-16T20:33:02-04:00,2017-06-16,evening,confirmed,http://www.nasdaq.com:80/screening/companies-by-name.aspx?exchange=NASDAQ&render=download,3202,2872,Y,name_only,Y,N,N,"company list: issuer names, prices and market cap only; take security type and flags from the nearest symbol file",b33a1cd5a14be4471a6564bc67e49fdf6d56189191f230fe404e4b2a4f3ae59b,474d55288fc87f64000991e3d86bc7fc0eb9f5bb5aed656c937c61ddea99000a,research_cache/reversal_2012_2026/listings/companylist/nasdaq_companylist_2017-06-17.csv
2017-06-29,wayback_companylist,20170629061207,2017-06-29T02:12:07-04:00,2017-06-28,pre_open,confirmed,http://www.nasdaq.com/screening/companies-by-name.aspx?letter=0&exchange=nasdaq&render=download,3209,2871,Y,name_only,Y,N,N,"company list: issuer names, prices and market cap only; take security type and flags from the nearest symbol file",4f2a320600f5d0b7bc3940e4d42cf121839c2a985300863071a37ff791a0c2e1,065966a95fc785c9310b260771f9a43acac3349b019ae8fd1fab0626592cf59e,research_cache/reversal_2012_2026/listings/companylist/nasdaq_companylist_2017-06-29.csv
2017-07-01,wayback_companylist,20170701183436,2017-07-01T14:34:36-04:00,2017-06-30,non_session_day,confirmed,http://www.nasdaq.com/screening/companies-by-name.aspx?exchange=NASDAQ&render=download,3213,2878,Y,name_only,Y,N,N,"company list: issuer names, prices and market cap only; take security type and flags from the nearest symbol file",e4c92c8d4af9bd1a28ab5d53bd9290a6851fb3d2ce78146d0cbbe4de8b3148df,f659b1e48df2738b3d17ba702b356af40bc813855f45c2123a8b76c4fc65dc55,research_cache/reversal_2012_2026/listings/companylist/nasdaq_companylist_2017-07-01.csv
2017-07-05,wayback_companylist,20170705142555,2017-07-05T10:25:55-04:00,2017-07-03,intraday,confirmed,http://www.nasdaq.com/screening/companies-by-industry.aspx?exchange=NASDAQ&render=download,3209,2874,Y,name_only,Y,N,N,"company list: issuer names, prices and market cap only; take security type and flags from the nearest symbol file",579b2309c32285b289ae08b1a449d95c14d0532022ca306ccceffac827386bf3,cce1f9cf2a6d1e09a45645c4bc544b8f56962b4ab5e0664ea6ba237978a02d5a,research_cache/reversal_2012_2026/listings/companylist/nasdaq_companylist_2017-07-05.csv
2017-08-13,wayback_companylist,20170813073803,2017-08-13T03:38:03-04:00,2017-08-11,non_session_day,confirmed,http://www.nasdaq.com:80/screening/companies-by-name.aspx?letter=0&exchange=nasdaq&render=download,3277,2909,Y,name_only,Y,N,N,"company list: issuer names, prices and market cap only; take security type and flags from the nearest symbol file",8b29f9b16c4fcf5b61469fa3b3a0e5175dc5d8eb9982437d2f5c20c60b97cc7c,e99f7221c0c5e85f16cb060d2313a0ace004e8746dc148c9f6e4996f07b4b0ae,research_cache/reversal_2012_2026/listings/companylist/nasdaq_companylist_2017-08-13.csv
2017-08-16,wayback_companylist,20170816143934,2017-08-16T10:39:34-04:00,2017-08-15,intraday,confirmed,http://www.nasdaq.com:80/screening/companies-by-name.aspx?exchange=NASDAQ&render=download,3279,2907,Y,name_only,Y,N,N,"company list: issuer names, prices and market cap only; take security type and flags from the nearest symbol file",0d4b9f8c0a403d2bc9ef7afbeb9226ad045c59ff96cc9abdaa0daeee5e8c6eb5,4ff232cc0c33e7c450b71dc3728e27ff56778a6d7bde909a7bc5709ed6fdc591,research_cache/reversal_2012_2026/listings/companylist/nasdaq_companylist_2017-08-16.csv
2017-09-07,wayback_companylist,20170907013215,2017-09-06T21:32:15-04:00,2017-09-06,evening,confirmed,http://www.nasdaq.com:80/screening/companies-by-industry.aspx?exchange=NASDAQ&render=download,3274,2904,Y,name_only,Y,N,N,"company list: issuer names, prices and market cap only; take security type and flags from the nearest symbol file",6add96483a5a9df17abffe15296a23ee32f8ab473a78a2d3e3a30cc774fe2c6a,1bad31c6076a9cfce8353891bd3ef89cd8ee995b35d67bb9e37b9c0b66f2d7e3,research_cache/reversal_2012_2026/listings/companylist/nasdaq_companylist_2017-09-07.csv
2017-09-12,wayback_symdir,20170912200147,2017-09-12T16:01:47-04:00,,,,http://www.nasdaqtrader.com:80/dynamic/SymDir/nasdaqlisted.txt,3249,2513,N,full,Y,Y,Y,,5bf663edb9f27a29ba93f0171068b923aca66d9fdf5530751ef093c27347193c,63825cb45a83d60fc3614a3549da786550fbe28700f1da93633bdb722bdee370,research_cache/reversal_2012_2026/listings/symdir/nasdaq_listed_2017-09-12.csv
2017-09-21,wayback_symdir,20170921204818,2017-09-21T16:48:18-04:00,,,,http://www.nasdaqtrader.com/dynamic/SymDir/nasdaqlisted.txt,3249,2514,N,full,Y,Y,Y,,9eb7535b3165688c0f3ba81bd48b8fbe7b922b37f298b467ce7bfb8831f19841,bdac2eaf23b5363b86cc993fd5bf9b973acab9a7514996440dc51bf0b7747814,research_cache/reversal_2012_2026/listings/symdir/nasdaq_listed_2017-09-21.csv
2017-09-30,wayback_companylist,20170930014928,2017-09-29T21:49:28-04:00,2017-09-29,evening,confirmed,http://www.nasdaq.com:80/screening/companies-by-name.aspx?letter=0&exchange=nasdaq&render=download,3272,2900,Y,name_only,Y,N,N,"company list: issuer names, prices and market cap only; take security type and flags from the nearest symbol file",319282ac22d3dd7c4c710df7c9c3b9453b94bef144541bb46f850170e2343481,19831882182fc7610b1bf88726d8b6f10820b5e31a300ab3521143bd46b68327,research_cache/reversal_2012_2026/listings/companylist/nasdaq_companylist_2017-09-30.csv
2017-10-08,wayback_companylist,20171008173525,2017-10-08T13:35:25-04:00,2017-10-06,non_session_day,confirmed,http://www.nasdaq.com:80/screening/companies-by-industry.aspx?exchange=NASDAQ&render=download,3269,2897,Y,name_only,Y,N,N,"company list: issuer names, prices and market cap only; take security type and flags from the nearest symbol file",592962b5f2fd3b017ef149c184f173f9cf3ba703637b084a9204401f0ae286bf,9593b40102306b56e6f6d23681324a4537a353952b3183f8b57fe8db0193c36f,research_cache/reversal_2012_2026/listings/companylist/nasdaq_companylist_2017-10-08.csv
2017-10-13,wayback_symdir,20171015150920,2017-10-15T11:09:20-04:00,,,,http://www.nasdaqtrader.com:80/dynamic/SymDir/nasdaqlisted.txt,3252,2517,N,full,Y,Y,Y,,95a84bd9893532c47d6b680761e2d9bdab1ceabe9efe99a0a7d093978b09a108,2737ba714f84404f07836018dcf95103b7e2500529777f089c37488e32c74f73,research_cache/reversal_2012_2026/listings/symdir/nasdaq_listed_2017-10-13.csv
2017-10-16,wayback_companylist,20171016115104,2017-10-16T07:51:04-04:00,2017-10-13,pre_open,confirmed,http://www.nasdaq.com:80/screening/companies-by-name.aspx?exchange=NASDAQ&render=download,3249,2880,Y,name_only,Y,N,N,"company list: issuer names, prices and market cap only; take security type and flags from the nearest symbol file",f3905beac78d57e217a81ff45bf6d4df25201b11be2269ae0c513436dff09208,33e7295d86ff5bbeff6a36fc9198e06e3f7c7f2bf663c576e03d270a6144b620,research_cache/reversal_2012_2026/listings/companylist/nasdaq_companylist_2017-10-16.csv
2017-10-17,wayback_companylist,20171017194809,2017-10-17T15:48:09-04:00,2017-10-16,intraday,confirmed,http://www.nasdaq.com:80/screening/companies-by-name.aspx?exchange=NASDAQ&render=download,3249,2881,Y,name_only,Y,N,N,"company list: issuer names, prices and market cap only; take security type and flags from the nearest symbol file",654c35bd115355c73e5471a89efae7ac3d53dcf59251d8a3624669c66e89c808,67e7640ffcf27150fe1b66dffc92139237ea1a23f75fcc3e0edb98df20968ced,research_cache/reversal_2012_2026/listings/companylist/nasdaq_companylist_2017-10-17.csv
2017-10-31,wayback_companylist,20171031184842,2017-10-31T14:48:42-04:00,2017-10-30,intraday,confirmed,http://www.nasdaq.com:80/screening/companies-by-name.aspx?letter=0&exchange=nasdaq&render=download,3284,2905,Y,name_only,Y,N,N,"company list: issuer names, prices and market cap only; take security type and flags from the nearest symbol file",cf9a7194af21d1c7f9d692061c5b98b6561aaf59c03b5d87ab741afc7ac009bd,9142f339b9cf61df1b821a3144bf7b140b67973f3c29a88ec50b7e4fec28a93a,research_cache/reversal_2012_2026/listings/companylist/nasdaq_companylist_2017-10-31.csv
2017-11-15,wayback_symdir,20171115153204,2017-11-15T10:32:04-05:00,,,,http://www.nasdaqtrader.com:80/dynamic/SymDir/nasdaqlisted.txt,3270,2520,N,full,Y,Y,Y,,1d44a71628ac14b7fbf80bb55949fbdc5662251ef3a09cd10172bb3e27339661,af8a326c735ae3fbb2873d86ded5adc975b48028202f39cc2261627dd365924a,research_cache/reversal_2012_2026/listings/symdir/nasdaq_listed_2017-11-15.csv
2017-12-15,wayback_symdir,20171216211803,2017-12-16T16:18:03-05:00,,,,http://www.nasdaqtrader.com:80/dynamic/SymDir/nasdaqlisted.txt,3275,2519,N,full,Y,Y,Y,,0de2c622ab86e3222fab7e96222f476267067f31563aa76bcc7a5f2111466f06,8871ce32a11747d0af6f654f72a0447929c3571a6dfa354127e0d4c1bf698ad4,research_cache/reversal_2012_2026/listings/symdir/nasdaq_listed_2017-12-15.csv
2017-12-17,wayback_companylist,20171217175622,2017-12-17T12:56:22-05:00,2017-12-15,non_session_day,confirmed,http://www.nasdaq.com:80/screening/companies-by-name.aspx?exchange=NASDAQ&render=download,3280,2890,Y,name_only,Y,N,N,"company list: issuer names, prices and market cap only; take security type and flags from the nearest symbol file",333fa783e4712f4ebc3fe340be5a9042939c1e83617a9d767c9fb69f3d8a47b8,7445cb05155352e83df300840fe036b4ce66f1281e87115d207e5235927df3c0,research_cache/reversal_2012_2026/listings/companylist/nasdaq_companylist_2017-12-17.csv
2017-12-31,wayback_companylist,20171231171154,2017-12-31T12:11:54-05:00,2017-12-29,non_session_day,confirmed,http://www.nasdaq.com:80/screening/companies-by-name.aspx?letter=0&exchange=nasdaq&render=download,3285,2891,Y,name_only,Y,N,N,"company list: issuer names, prices and market cap only; take security type and flags from the nearest symbol file",2c66b86ad57395f9de8512e808f79580594bc3c5e04a50586d15f6846333190d,95d7ae7679d9b08d0bebb37f8535c4ede453e00487b37e77cdbd6ab86489f5cd,research_cache/reversal_2012_2026/listings/companylist/nasdaq_companylist_2017-12-31.csv
2018-01-17,wayback_symdir,20180118013544,2018-01-17T20:35:44-05:00,,,,http://www.nasdaqtrader.com:80/dynamic/SymDir/nasdaqlisted.txt,3274,2513,N,full,Y,Y,Y,,7f3ed60f54db979867653a7dce7fdf8ea669b307b342ddde550ed3bed2ed3660,26ba31aedcfb7f265bd582484edb9bdd938c33c5be4a92efeb8d025c49055d7a,research_cache/reversal_2012_2026/listings/symdir/nasdaq_listed_2018-01-17.csv
2018-01-19,repo_symdir,20180121063325,2018-01-21T01:33:25-05:00,,,,https://data.commoncrawl.org/crawl-data/CC-MAIN-2018-05/segments/1516084890314.60/warc/CC-MAIN-20180121060717-20180121080717-00122.warc.gz#offset=531723889&length=44452&timestamp=20180121063325,3273,2512,N,full,Y,Y,Y,,8f69fab0f0de8663393c138d38586f5a592977cf7e205b48bc39bbd2dc4dba49,,stocks_list_dir/nasdaq/snapshots/nasdaq_listed_2018-01-19.csv
2018-02-01,repo_symdir,,,,,,https://raw.githubusercontent.com/prediqtiv/alpha-vantage-cookbook/1eb1b8dd030867188808308f9efc2ccbf7b3f785/data/nasdaqtrader-nasdaqlisted.txt,3283,2519,N,full,Y,Y,Y,,8ba27d718799b6a4469a7ffe03e027bbd175b78729c01a778d7f6d82a01b0302,,stocks_list_dir/nasdaq/snapshots/nasdaq_listed_2018-02-01.csv
2018-02-17,wayback_companylist,20180217080102,2018-02-17T03:01:02-05:00,2018-02-16,non_session_day,confirmed,http://www.nasdaq.com:80/screening/companies-by-name.aspx?exchange=NASDAQ&render=download,3288,2916,Y,name_only,Y,N,N,"company list: issuer names, prices and market cap only; take security type and flags from the nearest symbol file",63a02de3c344b7596d778dd284e9d9c0abf69aec1d8453068033f872a350360a,e08590020320bc1f31c9de70cafa76c7349ec628bae39dcc25a725636dbbfb70,research_cache/reversal_2012_2026/listings/companylist/nasdaq_companylist_2018-02-17.csv
2018-02-23,repo_symdir,20180223084019,2018-02-23T03:40:19-05:00,,,,https://data.commoncrawl.org/crawl-data/CC-MAIN-2018-09/segments/1518891814538.66/warc/CC-MAIN-20180223075134-20180223095134-00122.warc.gz#offset=518964429&length=44632&timestamp=20180223084019,3280,2519,N,full,Y,Y,Y,,4c14faab5c17acb66a937fbd3a62601d9948be9ee6d77b8437275a1916148483,,stocks_list_dir/nasdaq/snapshots/nasdaq_listed_2018-02-23.csv
2018-02-23,wayback_symdir,20180224145242,2018-02-24T09:52:42-05:00,,,,http://www.nasdaqtrader.com:80/dynamic/SymDir/nasdaqlisted.txt,3280,2519,N,full,Y,Y,Y,,36f2af393cb18daa68a5f7ab1caeeb1223cf70f70ee1ec21a522b93eb6d81d96,507209ba87d92cac91d48dbfa0a72e993670f3242edbf7ad5a955fa6cd9e685f,research_cache/reversal_2012_2026/listings/symdir/nasdaq_listed_2018-02-23.csv
2018-03-23,repo_symdir,20180323224945,2018-03-23T18:49:45-04:00,,,,https://data.commoncrawl.org/crawl-data/CC-MAIN-2018-13/segments/1521257649095.35/warc/CC-MAIN-20180323220107-20180324000107-00122.warc.gz#offset=426841494&length=44662&timestamp=20180323224945,3287,2522,N,full,Y,Y,Y,,7bc9af40d01ec26d3c350fd5d5e63cb13474ead1cd17c648e643844ec3fa881f,,stocks_list_dir/nasdaq/snapshots/nasdaq_listed_2018-03-23.csv
2018-03-29,wayback_symdir,20180330211345,2018-03-30T17:13:45-04:00,,,,http://www.nasdaqtrader.com:80/dynamic/SymDir/nasdaqlisted.txt,3293,2530,N,full,Y,Y,Y,,80681e35412e4f86681c7565e5910113309b7cce1a01903ddeb92ed13d0198b6,0d389a9a651238b5b056a020c8d0389db4f6efed079b1d3cdec414cb4121cfc8,research_cache/reversal_2012_2026/listings/symdir/nasdaq_listed_2018-03-29.csv
2018-04-24,repo_symdir,20180425023351,2018-04-24T22:33:51-04:00,,,,https://data.commoncrawl.org/crawl-data/CC-MAIN-2018-17/segments/1524125947690.43/warc/CC-MAIN-20180425022414-20180425042414-00602.warc.gz#offset=490457195&length=44749&timestamp=20180425023351,3298,2526,N,full,Y,Y,Y,,5cd2bb8fd087ff471355874a804051c904eb31161b79dd95460839ab28f294a5,,stocks_list_dir/nasdaq/snapshots/nasdaq_listed_2018-04-24.csv
2018-05-04,wayback_symdir,20180504234739,2018-05-04T19:47:39-04:00,,,,http://www.nasdaqtrader.com:80/dynamic/SymDir/nasdaqlisted.txt,3303,2534,N,full,Y,Y,Y,,2b6f71aaeaf80bc3fa55354cda04d8fc863131a1ab2c63327eb6d08fd479df1d,27b1f2b55ff952201b69f12f318463eedaa0394680a32a8662931d6fe0a9857e,research_cache/reversal_2012_2026/listings/symdir/nasdaq_listed_2018-05-04.csv
2018-05-08,wayback_companylist,20180508143701,2018-05-08T10:37:01-04:00,2018-05-07,intraday,unverified,https://www.nasdaq.com/screening/companies-by-name.aspx?letter=0&exchange=nasdaq&render=download,3313,2935,Y,name_only,Y,N,N,"company list: issuer names, prices and market cap only; take security type and flags from the nearest symbol file",175b9427b4eaf12385f94f3ca9c32836dd243b3ef357b6d46973559bba53b15e,407bd630d6f40cc6cea6bedddd8757e10012bcafcd81a1f65f0a0a903e241283,research_cache/reversal_2012_2026/listings/companylist/nasdaq_companylist_2018-05-08.csv
2018-05-21,repo_symdir,20180521223906,2018-05-21T18:39:06-04:00,,,,https://data.commoncrawl.org/crawl-data/CC-MAIN-2018-22/segments/1526794864558.8/warc/CC-MAIN-20180521220041-20180522000041-00602.warc.gz#offset=446402179&length=44794&timestamp=20180521223906,3304,2534,N,full,Y,Y,Y,,77d4aaa1e7013f7fab943a3efd5159cce37a6591d907b00c932af625f444daf1,,stocks_list_dir/nasdaq/snapshots/nasdaq_listed_2018-05-21.csv
2018-06-05,wayback_symdir,20180605072739,2018-06-05T03:27:39-04:00,,,,http://www.nasdaqtrader.com:80/dynamic/SymDir/nasdaqlisted.txt,3311,2538,N,full,Y,Y,Y,,a4a2efb654938daa76ef32c205abf4808872d7f6062e81cf33c26aaa387aff4b,510252e2221a153fd896bc21b321cf24532339e2b61c783fb7e22acf21f3a198,research_cache/reversal_2012_2026/listings/symdir/nasdaq_listed_2018-06-05.csv
2018-07-06,wayback_symdir,20180707153657,2018-07-07T11:36:57-04:00,,,,http://www.nasdaqtrader.com:80/dynamic/SymDir/nasdaqlisted.txt,3339,2559,N,full,Y,Y,Y,,27b46156e9328a9d45ceed84972fbd727bad88274882f061b731b2224618f0f4,8c9b20a09015753e0473f24961f9bd323a90bfede6927e7e11fcc6d97bafd58a,research_cache/reversal_2012_2026/listings/symdir/nasdaq_listed_2018-07-06.csv
2018-08-07,wayback_symdir,20180808063138,2018-08-08T02:31:38-04:00,,,,http://www.nasdaqtrader.com:80/dynamic/SymDir/nasdaqlisted.txt,3364,2574,N,full,Y,Y,Y,,1f7887b0185b433bdbdd3239bf81b3760ff975630b562616ec304b99fb2d19c8,dd57a3f6a0e75bfc68ab5110e3d5d9591998291aa834b395a468770d8aca8a1e,research_cache/reversal_2012_2026/listings/symdir/nasdaq_listed_2018-08-07.csv
2018-08-13,repo_symdir,,,,,,https://raw.githubusercontent.com/lensesio/datagen/2c9ea9c495f302eff8525aea51a7e1445a923fc9/datagen-core/src/main/resources/nasdaqlisted.txt,3379,2583,N,full,Y,Y,Y,,bbb80500a0fc48e6c7a2c5b5c432467eb78825502124c7da437313064ab1e058,,stocks_list_dir/nasdaq/snapshots/nasdaq_listed_2018-08-13.csv
2018-08-22,repo_symdir,,,,,,https://github.com/datasets/nasdaq-listings@f9e4d345038cfc18d4363930bf618b8fec1fc2d2:data/nasdaq-listed-symbols.csv,3370,2988,N,name_only,Y,N,N,"names carry no security type (6% typed); the name filter misses most ETFs, warrants and units; no Test Issue column",f9d9dde6c72bb85be3fd9ab3cfefb01aa3fbc65d8e657b7c738d13a6caf75cf0,,stocks_list_dir/nasdaq/snapshots/nasdaq_listed_2018-08-22.csv
2018-09-07,wayback_symdir,20180908125905,2018-09-08T08:59:05-04:00,,,,http://www.nasdaqtrader.com:80/dynamic/SymDir/nasdaqlisted.txt,3383,2582,N,full,Y,Y,Y,,d81e36794a1d952115b641c951ba8739b05ab555a6aff757559880bf35f002e0,b4626fa50162c69e95661ae28358f49a710a3d4cec518f00d7fb0badb53215dc,research_cache/reversal_2012_2026/listings/symdir/nasdaq_listed_2018-09-07.csv
2018-10-09,wayback_symdir,20181009152044,2018-10-09T11:20:44-04:00,,,,http://www.nasdaqtrader.com:80/dynamic/SymDir/nasdaqlisted.txt,3404,2594,N,full,Y,Y,Y,,0803f315674cf17e701ba66828b943ac31a2c55e766329a63845eb1d6dbdaca3,73c2ed6ccf97d690659b95109522e4a2791d2ef1802df65d22669c744f49b71b,research_cache/reversal_2012_2026/listings/symdir/nasdaq_listed_2018-10-09.csv
2018-11-21,wayback_symdir,20181123063844,2018-11-23T01:38:44-05:00,,,,http://www.nasdaqtrader.com:80/dynamic/SymDir/nasdaqlisted.txt,3423,2603,N,full,Y,Y,Y,,0c9a5e6d079a359afc64c96cf3fc9d4b1a915fbb4f22e55b3b029816027cb804,b190b053c35b437b9c7d9b9076dd9dab0d4aa0f6fa19e12c5725093e0ccca953,research_cache/reversal_2012_2026/listings/symdir/nasdaq_listed_2018-11-21.csv
2019-01-03,wayback_companylist,20190103022544,2019-01-02T21:25:44-05:00,2019-01-02,evening,unverified,https://www.nasdaq.com/screening/companies-by-name.aspx?letter=0&exchange=nasdaq&render=download,3455,3009,Y,name_only,Y,N,N,"company list: issuer names, prices and market cap only; take security type and flags from the nearest symbol file",a5ea039c648c0f2b006f344c6fad1f52c22e124bdaa252ca130b043d071f5ab3,5f868adc40bb9d3d75569c548024266be3c6cbc1746749823491db1f292e5db4,research_cache/reversal_2012_2026/listings/companylist/nasdaq_companylist_2019-01-03.csv
2019-01-04,wayback_companylist,20190104132116,2019-01-04T08:21:16-05:00,2019-01-03,pre_open,unverified,https://www.nasdaq.com/screening/companies-by-name.aspx?exchange=NASDAQ&render=download,3424,2980,Y,name_only,Y,N,N,"company list: issuer names, prices and market cap only; take security type and flags from the nearest symbol file",b5e52ebbcaa3c57dd4e6b8024a3f92ac33bdefaaa2399032a1e0af45d23ca9bd,5dfba66284055e1f085c3ba0439fbcddbfe5e6f8018d1548add6371c4607e310,research_cache/reversal_2012_2026/listings/companylist/nasdaq_companylist_2019-01-04.csv
2019-01-07,wayback_symdir,20190107084327,2019-01-07T03:43:27-05:00,,,,http://www.nasdaqtrader.com:80/dynamic/SymDir/nasdaqlisted.txt,3411,2598,N,full,Y,Y,Y,,a42805b66958879547b9bf5d3112b8c3c8362ebed9df20dedf47887003ca610c,8817e04f69619599e8792e7ed56710ce009991a1ba0b7988c908b8fdd9014de3,research_cache/reversal_2012_2026/listings/symdir/nasdaq_listed_2019-01-07.csv
2019-01-09,repo_symdir,,,,,,https://raw.githubusercontent.com/michaelrendier/PtolemyDesktop/5800092f0543cf88d3c88ca94e403341bd954796/Phaleron/PennyWatcher/oldnasdaq/nasdaqlisted.txt,3418,2602,N,full,Y,Y,Y,,3f560bf5bcae3cab27a2c08de4462c8e3879761c8ff7d6433bd82cd6fd07c6e8,,stocks_list_dir/nasdaq/snapshots/nasdaq_listed_2019-01-09.csv
2019-03-13,wayback_symdir,20190313191757,2019-03-13T15:17:57-04:00,,,,http://www.nasdaqtrader.com:80/dynamic/SymDir/nasdaqlisted.txt,3418,2599,N,full,Y,Y,Y,,29b60ad899e922e4b6788f54005a8608882b0a72d017cd09d5daebbaebb7da15,8a1233ffeba0500fb934887933b27ed6c84341f01296f980ad3e9b2db12449f1,research_cache/reversal_2012_2026/listings/symdir/nasdaq_listed_2019-03-13.csv
2019-05-06,wayback_symdir,20190506070839,2019-05-06T03:08:39-04:00,,,,http://www.nasdaqtrader.com:80/dynamic/SymDir/nasdaqlisted.txt,3429,2615,N,full,Y,Y,Y,,4648fa564c030ff6650b711bd961b8f646c9ccddaab2f9f80adacea1939eb5c7,088f599d7b37d5e8c5cccfe37c1a1f3c4a92c75881ce040273cc14595d43de24,research_cache/reversal_2012_2026/listings/symdir/nasdaq_listed_2019-05-06.csv
2019-06-11,wayback_companylist,20190611121705,2019-06-11T08:17:05-04:00,2019-06-10,pre_open,unverified,https://www.nasdaq.com/screening/companies-by-industry.aspx?exchange=NASDAQ&render=download,3471,3014,Y,name_only,Y,N,N,"company list: issuer names, prices and market cap only; take security type and flags from the nearest symbol file",bc4c815c0767090de1d0c3e0b705ef7e47e73b71301bfab1fa76d4e44e99ca0a,64b17fe13fed19e6e5ffd0deba58e2020373c03ecd370e7b9660957338d8a3ef,research_cache/reversal_2012_2026/listings/companylist/nasdaq_companylist_2019-06-11.csv
2019-06-14,wayback_symdir,20190614205154,2019-06-14T16:51:54-04:00,,,,http://www.nasdaqtrader.com:80/dynamic/SymDir/nasdaqlisted.txt,3444,2626,N,full,Y,Y,Y,,f1427b4500224384bea4b2e419a9566346396829294fd66701281a6926c123ae,ca48fbfa1de59dd461e4b32984c56a2a918333da7e23be08e17c47aeab48aac3,research_cache/reversal_2012_2026/listings/symdir/nasdaq_listed_2019-06-14.csv
2019-06-17,repo_symdir,,,,,,https://github.com/leotavares/machinelearning-2019.1.git@02d11503898d11e7880d587df73f7e8b7c00e478:Trabalho 2/nasdaqlisted.txt,3445,3444,N,symbol_only,N,N,N,"Source Format=symbol_only; no names (Name is blank or repeats Symbol on 100% of rows); the name filter removes nothing, so ETFs, warrants and units count as common; no Test Issue column",a2666d6df09da8c940795ba4502875ae441df2980a5a4f9815324c9d9e184e00,,stocks_list_dir/nasdaq/snapshots/nasdaq_listed_2019-06-17.csv
2019-08-09,wayback_symdir,20190811232746,2019-08-11T19:27:46-04:00,,,,http://www.nasdaqtrader.com:80/dynamic/SymDir/nasdaqlisted.txt,3481,2644,N,full,Y,Y,Y,,3b5efac44f70d109aac8a575311d0c8f93796a4967cc1b66e769ff8a3d735c32,0269d25455aa9cc666acd459a870668c0f7bac7933cca98e57492db7e119ec32,research_cache/reversal_2012_2026/listings/symdir/nasdaq_listed_2019-08-09.csv
2019-09-13,wayback_symdir,20190915173844,2019-09-15T13:38:44-04:00,,,,http://www.nasdaqtrader.com:80/dynamic/SymDir/nasdaqlisted.txt,3475,2644,N,full,Y,Y,Y,,e1136112323f5c562039e882755c036a31f352941a4e5a1ed11942f7b11df445,b866a02878eea43b35bc7d36e3f440b3361c5707e155a1d7c801bdf10e1cfd5a,research_cache/reversal_2012_2026/listings/symdir/nasdaq_listed_2019-09-13.csv
2019-11-06,repo_symdir,,,,,,https://raw.githubusercontent.com/benliang02033/ISE599_Final_Project_Code/9cf7cd8698f248ec7f9080e6bf453838d48da41c/Archive/Data%20preprocessing/nasdaqlisted.txt,3502,2646,N,full,Y,Y,Y,,962b50c021ac65ab92e5056b11880595a6fb6306940ab22c9506e2e8f366c28e,,stocks_list_dir/nasdaq/snapshots/nasdaq_listed_2019-11-06.csv
2019-12-27,repo_symdir,,,,,,https://raw.githubusercontent.com/mikeymc/valueinvestor/cefd3b9da70c846c809cceaf1d8ccd703eeec1b3/spec/test_responses/nasdaqlisted.txt,3516,2643,N,full,Y,Y,Y,,e66fababb86d212b7c0b5d4bc9428d69d6fc9e39195a6df1e5f2b9484eeca52f,,stocks_list_dir/nasdaq/snapshots/nasdaq_listed_2019-12-27.csv
2020-02-25,repo_symdir,,,,,,https://raw.githubusercontent.com/pantoner/stockfrontend/b7e00256bd3c02f6f04b6b3d26ed2adca1d694d5/nasdaqlisted.txt,3561,2656,N,full,Y,Y,Y,,e5f3f44add4503100fde2f755f95c32887421b6971d87f8da7d9703ef9d180c1,,stocks_list_dir/nasdaq/snapshots/nasdaq_listed_2020-02-25.csv
2020-02-28,repo_symdir,,,,,,https://raw.githubusercontent.com/gniehaus/NLP-Earning-Transcripts/0001109d388f411bde0fd43a11c65599fd02d5fb/WebScraping/data/nasdaqlisted.txt,3570,2656,N,full,Y,Y,Y,,ba409b83ee0d53beb52a2a92e8e736b8fe26fcab2c79cef810d905ea0fce135b,,stocks_list_dir/nasdaq/snapshots/nasdaq_listed_2020-02-28.csv
2020-03-31,repo_symdir,,,,,,https://raw.githubusercontent.com/Capstone-Projects-2020-Spring/Stocks/67362c0f5374e9f79c0a5cb256a6f4fb10665fe6/NASDAQ_txt_files/nasdaqlisted.txt,3555,2655,N,full,Y,Y,Y,,fea17b3c7e5f92e3d75f55a16deede73d7a849acb2dd93597d600f8fe01eb0df,,stocks_list_dir/nasdaq/snapshots/nasdaq_listed_2020-03-31.csv
2020-04-02,repo_symdir,,,,,,https://github.com/DavidCico/Factor-risk-model-with-principal-component-analysis.git@3db1f1936b3deb48acfa09d7c265cd6a32dc0f84:nasdaq_data/nasdaq_securities.txt,3556,2656,N,full,Y,Y,Y,,eb54527b796cb0cefae8ea2901122fa2d8e8d104f588ecb0fbffb46f6d7caa3c,,stocks_list_dir/nasdaq/snapshots/nasdaq_listed_2020-04-02.csv
2020-04-03,repo_symdir,,,,,,https://raw.githubusercontent.com/andrew-j-millward/OptionArbitrageCalculator/352f65cdf4542bc5e4f9559e2790faee064426b2/nasdaqlisted.txt,3559,2657,N,full,Y,Y,Y,,e58d3f71518b3058483457cf1a1089f99baad1dc716e34e8ba9e5cc37c395083,,stocks_list_dir/nasdaq/snapshots/nasdaq_listed_2020-04-03.csv
2020-04-14,repo_symdir,,,,,,https://raw.githubusercontent.com/Robert-Ciborowski/PumpBot/5b91ac66af94cc5e4693ad35f90f8d0fa4e19305/stock_data/nasdaqlisted.txt,3560,2659,N,full,Y,Y,Y,,ff9cde07c6f7af994bcad4707f86e0d6d67573dad0cd6fef41115d8bb5128132,,stocks_list_dir/nasdaq/snapshots/nasdaq_listed_2020-04-14.csv
2020-04-24,repo_symdir,,,,,,https://raw.githubusercontent.com/RyanBacastow/buy_the_dip/a4cbb432f4ad654ebdd29e0abfea05b3a02431c0/tmp/nasdaqlisted.txt,3552,2658,N,full,Y,Y,Y,,276a3f19eb342b0a0b5eb2d40479b6370e120e677b2c162658262ae5c0d8870f,,stocks_list_dir/nasdaq/snapshots/nasdaq_listed_2020-04-24.csv
2020-04-29,repo_symdir,,,,,,https://raw.githubusercontent.com/ethan1027/legacy-bt-trading/31ac0532d92f0c6be261451092d25dce7d5b086b/stock_selector/nasdaqlisted.txt,3550,2656,N,full,Y,Y,Y,,cf3cc5d84d4d965ddc97cb84b57cd66968c44442172f6c68a90571e7450d26b7,,stocks_list_dir/nasdaq/snapshots/nasdaq_listed_2020-04-29.csv
2020-05-22,repo_symdir,,,,,,https://github.com/pyrotank41/ThreeComa.git@d6d29afcde2968c04cd34fd83448c3202e7c6deb:nasdaq/tickers/nasdaq_listed.txt,3554,2653,N,full,Y,Y,Y,,986d0e4af15d72fa6373819cfda14275055cac0bfdb5aa67590532b01dc483b4,,stocks_list_dir/nasdaq/snapshots/nasdaq_listed_2020-05-22.csv
2020-06-01,repo_symdir,20200602043827,2020-06-02T00:38:27-04:00,,,,https://data.commoncrawl.org/crawl-data/CC-MAIN-2020-24/segments/1590347422803.50/warc/CC-MAIN-20200602033630-20200602063630-00075.warc.gz#offset=83669983&length=47381&timestamp=20200602043827,3542,2649,N,full,Y,Y,Y,,7855a25d7cea32fdf995aea106927be9b69965bb28c7491c4e2d887173f8f58e,,stocks_list_dir/nasdaq/snapshots/nasdaq_listed_2020-06-01.csv
2020-06-29,repo_symdir,,,,,,https://raw.githubusercontent.com/stormasm/equity-symbols/096a35d7e5725e309ef74d7541a517caf258e56f/nasdaqtrader/nasdaqlisted.txt,3572,2674,N,full,Y,Y,Y,,8ef6e33f937daa5ca6516abfaead6f9d4ef070e86cf5a224b7efe899851e679c,,stocks_list_dir/nasdaq/snapshots/nasdaq_listed_2020-06-29.csv
2020-07-29,repo_symdir,,,,,,https://raw.githubusercontent.com/ledgey/datasciencestuff/305a6d6ed58057a52f5ccc4befd2dfe19e0e7176/nasdaqlisted.txt,3588,2687,N,full,Y,Y,Y,,e5a1edf73357470554b1ba76619c69ed38b650150a24d7b6b2e73518d32bf601,,stocks_list_dir/nasdaq/snapshots/nasdaq_listed_2020-07-29.csv
2020-07-30,repo_symdir,,,,,,https://github.com/SamPom100/UnusualVolumeDetector.git@a8cb251ae7e0104ea16558d121d5ceb82b40a5ff:data/nasdaqlisted.txt,3595,2691,N,full,Y,Y,Y,,922a32de115342aad154539b3a99ac65863d2721270a7f5771a429c472c4d67d,,stocks_list_dir/nasdaq/snapshots/nasdaq_listed_2020-07-30.csv
2020-07-31,repo_symdir,,,,,,https://github.com/SamPom100/UnusualVolumeDetector.git@fb65d809ba820b776de630d1957eefdc7dac84f1:data/nasdaqlisted.txt,3600,2694,N,full,Y,Y,Y,,208a54d09bda29319bce2f2d7f6be842db8f3b487809d81f3a584ce423a43023,,stocks_list_dir/nasdaq/snapshots/nasdaq_listed_2020-07-31.csv
2020-08-03,repo_symdir,,,,,,https://github.com/SamPom100/UnusualVolumeDetector.git@9f52953782ac96291f67aa734808347ffce63da7:data/nasdaqlisted.txt,3595,2691,N,full,Y,Y,Y,,5be8fe214cbf5161fa63299c0e2d026755413a95ac1db6c88b1e99c32fc3782c,,stocks_list_dir/nasdaq/snapshots/nasdaq_listed_2020-08-03.csv
2020-08-04,repo_symdir,,,,,,https://github.com/SamPom100/UnusualVolumeDetector.git@1aed56566cca164cd17054c60e47f5f4f165b63b:data/nasdaqlisted.txt,3595,2690,N,full,Y,Y,Y,,183a66e5e57f8db8a99d80544fac9037e4333749e6b8ea07d7769e445a7f15d7,,stocks_list_dir/nasdaq/snapshots/nasdaq_listed_2020-08-04.csv
2020-08-05,repo_symdir,,,,,,https://github.com/SamPom100/UnusualVolumeDetector.git@e1da986111067b3ab86c04893612d55f04553bfc:data/nasdaqlisted.txt,3598,2692,N,full,Y,Y,Y,,369ee59cd72b099b02e5a88495987dd9a7289508fb895bdb38fec2db6fe5d3f7,,stocks_list_dir/nasdaq/snapshots/nasdaq_listed_2020-08-05.csv
2020-08-06,repo_symdir,,,,,,https://github.com/SamPom100/UnusualVolumeDetector.git@6a2fea79279b1985c19dc2c5da98445ea7cb42d7:data/nasdaqlisted.txt,3602,2693,N,full,Y,Y,Y,,97aeabfa0024baf60edb5c42070bc40fed7a441d9b07e5eae09a32cc205d6036,,stocks_list_dir/nasdaq/snapshots/nasdaq_listed_2020-08-06.csv
2020-08-07,repo_symdir,,,,,,https://raw.githubusercontent.com/yuxli066/stoxbot/7c9740442716bba24c661b0b00495047b9598d4b/volumeScraper/data/nasdaqlisted.txt,3609,2697,N,full,Y,Y,Y,,cd24736fb4906f4a6f1893d3afbfa1cd12e456a682177da4d15fda61465f0a81,,stocks_list_dir/nasdaq/snapshots/nasdaq_listed_2020-08-07.csv
2020-08-10,repo_symdir,,,,,,https://github.com/SamPom100/UnusualVolumeDetector.git@0efd26d27a329f4708f45830755cfea89e3af16e:data/nasdaqlisted.txt,3611,2698,N,full,Y,Y,Y,,95a06f5a326cdbda69e8b9f50b46af73f12ed28ebf40f553e549bece0e1e33bf,,stocks_list_dir/nasdaq/snapshots/nasdaq_listed_2020-08-10.csv
2020-08-11,repo_symdir,,,,,,https://github.com/SamPom100/UnusualVolumeDetector.git@bb516e5b89c22fb653e25b5e523acec40aafadc3:data/nasdaqlisted.txt,3611,2698,N,full,Y,Y,Y,,e52a15ba82fa5e81d56959d5dd14f7b3270375881c0460cac84a1a1d83d36fd8,,stocks_list_dir/nasdaq/snapshots/nasdaq_listed_2020-08-11.csv
2020-08-12,repo_symdir,,,,,,https://github.com/SamPom100/UnusualVolumeDetector.git@2596e5ac20d4750fefc7a83b750590a14f5a0f5a:data/nasdaqlisted.txt,3616,2701,N,full,Y,Y,Y,,e19331d67cc69c12a1600865154faa7388190aee791c6f92b74a2959cd8df567,,stocks_list_dir/nasdaq/snapshots/nasdaq_listed_2020-08-12.csv
2020-08-13,repo_symdir,,,,,,https://github.com/SamPom100/UnusualVolumeDetector.git@9b268d694921e867809f470790af5653132e996c:data/nasdaqlisted.txt,3615,2700,N,full,Y,Y,Y,,0dc309e305c24f398144fd0def7f664d653f1773050b137486ccd2c29df3d6c5,,stocks_list_dir/nasdaq/snapshots/nasdaq_listed_2020-08-13.csv
2020-08-14,repo_symdir,,,,,,https://github.com/SamPom100/UnusualVolumeDetector.git@6a087a49ece4f030473ca8f43b61a7e8a85d3794:data/nasdaqlisted.txt,3621,2704,N,full,Y,Y,Y,,bf4628684cb6292078ac89d375306802914ef6162f879b8b87bb54b0c34aff6f,,stocks_list_dir/nasdaq/snapshots/nasdaq_listed_2020-08-14.csv
2020-08-17,repo_symdir,,,,,,https://github.com/SamPom100/UnusualVolumeDetector.git@cd88800989655483a00779d7db4731f2e5ef75fc:data/nasdaqlisted.txt,3617,2703,N,full,Y,Y,Y,,5909ac1a00ef9000e7bc867649c39b5b2abbb56b1a141f0995d798eb20612601,,stocks_list_dir/nasdaq/snapshots/nasdaq_listed_2020-08-17.csv
2020-08-18,repo_symdir,,,,,,https://github.com/SamPom100/UnusualVolumeDetector.git@d577158a683991addf377cc2711964b3515fb098:data/nasdaqlisted.txt,3615,2702,N,full,Y,Y,Y,,b0f9de3ea7ca19daf4d4b213bd8d665039c63ae455ae692d2b1b7651af65ef79,,stocks_list_dir/nasdaq/snapshots/nasdaq_listed_2020-08-18.csv
2020-08-19,repo_symdir,,,,,,https://raw.githubusercontent.com/tdp-datsci/financial/f4941ab1385ff96fa77bd51a003acb339ab63b9b/data/nasdaqlisted.txt,3618,2704,N,full,Y,Y,Y,,cad33c1cf695f7d8f81fc53a356eb6721ccc891126675520e78a2fe4a8341a3f,,stocks_list_dir/nasdaq/snapshots/nasdaq_listed_2020-08-19.csv
2020-08-20,repo_symdir,,,,,,https://github.com/SamPom100/UnusualVolumeDetector.git@f7005f1ee41bf3cb777a7379d109d43bb4564a8f:data/nasdaqlisted.txt,3618,2704,N,full,Y,Y,Y,,945d79580e81bc705d6db3f517c36d789f376af1a34a43a7d0604376b871272f,,stocks_list_dir/nasdaq/snapshots/nasdaq_listed_2020-08-20.csv
2020-08-21,repo_symdir,,,,,,https://github.com/SamPom100/UnusualVolumeDetector.git@3e8987c1aea7f99e09aa576dddff812ec30ce00a:data/nasdaqlisted.txt,3621,2705,N,full,Y,Y,Y,,0fdc15889195247178d07dc668d41597d49c0650ebfc318c24a5215b58c932a9,,stocks_list_dir/nasdaq/snapshots/nasdaq_listed_2020-08-21.csv
2020-08-23,repo_symdir,,,,,,https://github.com/SamPom100/UnusualVolumeDetector.git@59a375446be200ec464e8a7c7447343299f2729e:data/nasdaqlisted.txt,3621,2705,N,full,Y,Y,Y,,ac1fbb459d6b180fd069e1d72474c640472d067eb3ddd975c96fe7f5432b1951,,stocks_list_dir/nasdaq/snapshots/nasdaq_listed_2020-08-23.csv
2020-08-24,repo_symdir,,,,,,https://github.com/SamPom100/UnusualVolumeDetector.git@20967dd4e935459cc7e472dbf418fb2b3e797ad9:data/nasdaqlisted.txt,3618,2705,N,full,Y,Y,Y,,cb2c09aee25de927711cdb3f4320db8c14dfd36db7a10e104b08eff157411cbb,,stocks_list_dir/nasdaq/snapshots/nasdaq_listed_2020-08-24.csv
2020-08-25,repo_symdir,,,,,,https://github.com/SamPom100/UnusualVolumeDetector.git@85b4777577c616fc260d7180b0a5dcc1cf0fb68e:data/nasdaqlisted.txt,3617,2705,N,full,Y,Y,Y,,037a97b63f0258028c077677af7442580f33958ff846993a38ba2f7b146ea4e1,,stocks_list_dir/nasdaq/snapshots/nasdaq_listed_2020-08-25.csv
2020-08-26,repo_symdir,,,,,,https://github.com/SamPom100/UnusualVolumeDetector.git@98b1e3c048f55e3433b601a59b959b4a7f3cd4bb:data/nasdaqlisted.txt,3617,2704,N,full,Y,Y,Y,,7250506a0fb4e2334487bc9fe07e11eb8a668b9268518625fe114c60b5e6d1af,,stocks_list_dir/nasdaq/snapshots/nasdaq_listed_2020-08-26.csv
2020-08-27,repo_symdir,,,,,,https://github.com/SamPom100/UnusualVolumeDetector.git@6d5c62b09fe2b9e92510d82fc8c4274d412ae5bf:data/nasdaqlisted.txt,3620,2704,N,full,Y,Y,Y,,ae351f563dc020a36554fd0019e0bd30a4b59e4f8b54d98340430fa993048542,,stocks_list_dir/nasdaq/snapshots/nasdaq_listed_2020-08-27.csv
2020-08-28,repo_symdir,,,,,,https://github.com/SamPom100/UnusualVolumeDetector.git@d506e154e6f49658a5f64d1b127983456340f1fb:data/nasdaqlisted.txt,3627,2707,N,full,Y,Y,Y,,3e1a877284c6ebfe8c28367f0b817e72a539a21039017ee5a5bfa7f3ff4c3c11,,stocks_list_dir/nasdaq/snapshots/nasdaq_listed_2020-08-28.csv
2020-08-31,repo_symdir,,,,,,https://github.com/SamPom100/UnusualVolumeDetector.git@f2566bae134173953aca5c718a2b667a79408bfb:data/nasdaqlisted.txt,3630,2710,N,full,Y,Y,Y,,3c10e458c1ba0a9b4a5a10f89b06d0e8a26eaa7cd9267d2ae4db877b17beee12,,stocks_list_dir/nasdaq/snapshots/nasdaq_listed_2020-08-31.csv
2020-09-01,repo_symdir,,,,,,https://raw.githubusercontent.com/5p1k3-py/jycite2/75f558fea801f4d71a047e6b31f79377ff251b36/utils/nasdaqlisted.txt,3628,2709,N,full,Y,Y,Y,,1f01b8f13922979e7471f64d7cdeddd48e115349d974ba1be62e25a254b37549,,stocks_list_dir/nasdaq/snapshots/nasdaq_listed_2020-09-01.csv
2020-09-02,repo_symdir,,,,,,https://github.com/SamPom100/UnusualVolumeDetector.git@4dc030e8506510a2b991ca7d434dec34fa0cb295:data/nasdaqlisted.txt,3632,2708,N,full,Y,Y,Y,,271d6a16f90a73a22a0d7427776ffbcbea5af9f118844dd466f5d246c17da5ea,,stocks_list_dir/nasdaq/snapshots/nasdaq_listed_2020-09-02.csv
2020-09-04,repo_symdir,,,,,,https://github.com/SamPom100/UnusualVolumeDetector.git@19105aecc1b6fb9c77484cd39773dcf8fc7b7bb1:data/nasdaqlisted.txt,3638,2709,N,full,Y,Y,Y,,c0d6b08404ef231fcdd054daff3b9c57ea165c8bc829a6df0578257e4396c70b,,stocks_list_dir/nasdaq/snapshots/nasdaq_listed_2020-09-04.csv
2020-09-07,repo_symdir,,,,,,https://github.com/SamPom100/UnusualVolumeDetector.git@88a99e5649bdd676747d29bea5bd98bc98408e91:data/nasdaqlisted.txt,3638,2709,N,full,Y,Y,Y,,5a1c8dbc205f81e24bf0eac00a7d274136dbd0eebeb8250826f802cca4ad2197,,stocks_list_dir/nasdaq/snapshots/nasdaq_listed_2020-09-07.csv
2020-09-08,repo_symdir,,,,,,https://github.com/SamPom100/UnusualVolumeDetector.git@7fde57540debef817929dca5d75e237a235f87e6:data/nasdaqlisted.txt,3638,2708,N,full,Y,Y,Y,,47806dea0c9081d6a1838b4b088038038e7421b0d9cae9a7c7f1bfe7cf86b16e,,stocks_list_dir/nasdaq/snapshots/nasdaq_listed_2020-09-08.csv
2020-09-09,repo_symdir,,,,,,https://github.com/SamPom100/UnusualVolumeDetector.git@0c8f2e35da96f49f0e14574ff9c433989739e0eb:data/nasdaqlisted.txt,3639,2708,N,full,Y,Y,Y,,2e0bd56a000ba454b136a1e5ca84e2c1cf9266335db9ced08036fc3767ccfac7,,stocks_list_dir/nasdaq/snapshots/nasdaq_listed_2020-09-09.csv
2020-09-10,repo_symdir,,,,,,https://github.com/SamPom100/UnusualVolumeDetector.git@65788e36999cb6a1e3f44b5f7efe7c217c8c264e:data/nasdaqlisted.txt,3641,2707,N,full,Y,Y,Y,,8fe5c0d0d0afab2b34f98b637627c0db4b08eaabc854f35fd3595dd4e2eb3903,,stocks_list_dir/nasdaq/snapshots/nasdaq_listed_2020-09-10.csv
2020-09-11,repo_symdir,,,,,,https://github.com/Ferruolo/delphi.git@369d74053ff211f7114b01d51621a388693a0dc7:nasdaq.lst,3644,2708,N,full,Y,Y,Y,,75195874f1a39084c498dd39ff6391cefe6c828c703dab396d7e1b4a5ddb5308,,stocks_list_dir/nasdaq/snapshots/nasdaq_listed_2020-09-11.csv
2020-09-14,repo_symdir,,,,,,https://github.com/SamPom100/UnusualVolumeDetector.git@260d66952449679450a0f9668cb3d2d5d60ca437:data/nasdaqlisted.txt,3648,2709,N,full,Y,Y,Y,,4ee48069b4b645339b243512caeeebc7dfc1752854d845a82b498f609a6edc53,,stocks_list_dir/nasdaq/snapshots/nasdaq_listed_2020-09-14.csv
2020-09-15,repo_symdir,,,,,,https://github.com/SamPom100/UnusualVolumeDetector.git@43e28bcbe1ae14e43c2e3fe7d44e2d82c39e1212:data/nasdaqlisted.txt,3649,2710,N,full,Y,Y,Y,,ce66ef43cae098fc88b0ee97ae9a57b85061491dde881555c079e52827d8b33a,,stocks_list_dir/nasdaq/snapshots/nasdaq_listed_2020-09-15.csv
2020-09-16,repo_symdir,,,,,,https://github.com/SamPom100/UnusualVolumeDetector.git@cd626af02823bd0b5ad5d68e769011f5e36ace96:data/nasdaqlisted.txt,3658,2714,N,full,Y,Y,Y,,200b3d318179ce8170225b4ac3ff2387205ce24ba112e1827b2be00ff2eebe5a,,stocks_list_dir/nasdaq/snapshots/nasdaq_listed_2020-09-16.csv
2020-09-17,repo_symdir,,,,,,https://github.com/SamPom100/UnusualVolumeDetector.git@d2714212ea7fb020c4d6a54355b4fb1d3c39040e:data/nasdaqlisted.txt,3664,2717,N,full,Y,Y,Y,,a56bf228c7ee36f53eaed4303a33384f74f590bde3f4c75c48370ca7b24bc7cc,,stocks_list_dir/nasdaq/snapshots/nasdaq_listed_2020-09-17.csv
2020-09-18,repo_symdir,,,,,,https://github.com/SamPom100/UnusualVolumeDetector.git@d06ad9527288cff50c3faa05e768b76ef0364f42:data/nasdaqlisted.txt,3673,2722,N,full,Y,Y,Y,,e9cf64d1a821e66041e5b2cb0ed49d833381b6d8c68bc8764e3d74762b056d15,,stocks_list_dir/nasdaq/snapshots/nasdaq_listed_2020-09-18.csv
2020-09-21,repo_symdir,,,,,,https://github.com/SamPom100/UnusualVolumeDetector.git@a20e192e9cc0cff27448226fa039bf6655ab3293:data/nasdaqlisted.txt,3681,2724,N,full,Y,Y,Y,,724c2cc4edfa5852b07ab0530e0dc06d45e5132f5a2d5ac6871466988961e056,,stocks_list_dir/nasdaq/snapshots/nasdaq_listed_2020-09-21.csv
2020-09-22,repo_symdir,,,,,,https://github.com/SamPom100/UnusualVolumeDetector.git@e33ddbf8e4f1b41b03573b8e4cf682f5af4a4348:data/nasdaqlisted.txt,3683,2724,N,full,Y,Y,Y,,a5b6b104daf509b09d89741be360c4ecde4835a8d321ca9f26d69c3b25999b97,,stocks_list_dir/nasdaq/snapshots/nasdaq_listed_2020-09-22.csv
2020-09-23,repo_symdir,,,,,,https://github.com/SamPom100/UnusualVolumeDetector.git@19ffcdff45858cc8b031f31c3b00aa899411c64d:data/nasdaqlisted.txt,3688,2727,N,full,Y,Y,Y,,160a5f19fb7b3dcf3530045d5730b91dd6a4192e119305deab29d6325b122f0b,,stocks_list_dir/nasdaq/snapshots/nasdaq_listed_2020-09-23.csv
2020-09-24,repo_symdir,,,,,,https://github.com/SamPom100/UnusualVolumeDetector.git@4e282302546b31785a3e21b6643411328a9dca1b:data/nasdaqlisted.txt,3689,2727,N,full,Y,Y,Y,,06d1dd0af09b9e18a091643195eb69631d94b03e82533e40db4691db2af71f3f,,stocks_list_dir/nasdaq/snapshots/nasdaq_listed_2020-09-24.csv
2020-09-25,repo_symdir,,,,,,https://raw.githubusercontent.com/kintonc/project-alpha/d1ea78b892df8f57fd32a34e8b18b1fa0468deff/sample-data-files/data/reference/nasdaqlisted.txt,3703,2736,N,full,Y,Y,Y,,a52ee39bda5f84c63d2914b08e4901040420d20f17a683ca6ab6b0a1ffcd9d29,,stocks_list_dir/nasdaq/snapshots/nasdaq_listed_2020-09-25.csv
2020-09-28,repo_symdir,,,,,,https://github.com/SamPom100/UnusualVolumeDetector.git@3abe13d34c28f7e759f2bba3920c281c66b81075:data/nasdaqlisted.txt,3702,2736,N,full,Y,Y,Y,,c8cd8733cf0da29190696b75c93f1a886ba6d44807cd3503e0a04f74656590f2,,stocks_list_dir/nasdaq/snapshots/nasdaq_listed_2020-09-28.csv
2020-09-29,repo_symdir,,,,,,https://github.com/SamPom100/UnusualVolumeDetector.git@158bb2fe0f6ccac167e62cc875dffe487855816d:data/nasdaqlisted.txt,3704,2737,N,full,Y,Y,Y,,80dab74a9544b91cbd9f8503a21b2e3c5e3b7478e599641e8c515475070de089,,stocks_list_dir/nasdaq/snapshots/nasdaq_listed_2020-09-29.csv
2020-09-30,repo_symdir,,,,,,https://github.com/SamPom100/UnusualVolumeDetector.git@ffed6be7ec74e75a8976ebd824332809904d7171:data/nasdaqlisted.txt,3707,2737,N,full,Y,Y,Y,,8bfb4dda1f659482267ff59f01fbe2df85fde8d5d75f84f082f00b9ed9746feb,,stocks_list_dir/nasdaq/snapshots/nasdaq_listed_2020-09-30.csv
2020-10-01,repo_symdir,,,,,,https://github.com/SamPom100/UnusualVolumeDetector.git@6f5cd10a9ba0dc661b351c69352ecdf1790d3d31:data/nasdaqlisted.txt,3716,2744,N,full,Y,Y,Y,,348e7d187f41ddb5f591019141ff4be5fa7ffaa728905ba2dfd4ca1943025617,,stocks_list_dir/nasdaq/snapshots/nasdaq_listed_2020-10-01.csv
2020-10-02,repo_symdir,,,,,,https://github.com/SamPom100/UnusualVolumeDetector.git@a7473b7e1f6360075a7b4ee37aff4f0431bf9fa5:data/nasdaqlisted.txt,3720,2748,N,full,Y,Y,Y,,9764752e2deb60b5932868424fe4d6e6bbc121de1e5b3811c985bda9544a5f76,,stocks_list_dir/nasdaq/snapshots/nasdaq_listed_2020-10-02.csv
2020-10-05,repo_symdir,,,,,,https://github.com/SamPom100/UnusualVolumeDetector.git@2a34ce64c58acaace426644e13e0c4fd1a1b4826:data/nasdaqlisted.txt,3722,2748,N,full,Y,Y,Y,,77708f5ee8336324a1cb6aecd58b4202c81e3f1eaf18ccb4f09894d97715ec33,,stocks_list_dir/nasdaq/snapshots/nasdaq_listed_2020-10-05.csv
2020-10-06,repo_symdir,,,,,,https://github.com/SamPom100/UnusualVolumeDetector.git@c9b2ea11f3f6f3ce263e8aa8f36cca5c6a3874b7:data/nasdaqlisted.txt,3720,2746,N,full,Y,Y,Y,,be95771414db645271dac5aa910326350049f62f8be004f89fb1afd6f30c88ca,,stocks_list_dir/nasdaq/snapshots/nasdaq_listed_2020-10-06.csv
2020-10-07,repo_symdir,,,,,,https://github.com/SamPom100/UnusualVolumeDetector.git@9fb485d13c119e32b9833957185e0455d7eb190b:data/nasdaqlisted.txt,3723,2747,N,full,Y,Y,Y,,c480f5dadf875ecac39ffeb4e56d921544404b82ea5bb25fcefbbf6ac1d77712,,stocks_list_dir/nasdaq/snapshots/nasdaq_listed_2020-10-07.csv
2020-10-08,repo_symdir,,,,,,https://github.com/SamPom100/UnusualVolumeDetector.git@f4c9960288e8e9795017ef59fd07dfd857595b35:data/nasdaqlisted.txt,3730,2748,N,full,Y,Y,Y,,e34eb67b9814794441615130daaa685df8144814972609b550f557bd0153f578,,stocks_list_dir/nasdaq/snapshots/nasdaq_listed_2020-10-08.csv
2020-10-09,repo_symdir,,,,,,https://github.com/SamPom100/UnusualVolumeDetector.git@9dcefe033fa70e53da2102966ee91662664eb820:data/nasdaqlisted.txt,3735,2752,N,full,Y,Y,Y,,53cc1ad5967cd0135bc65b90f3daf0a18927ec8aef78b3a2a86f3855bf6d022c,,stocks_list_dir/nasdaq/snapshots/nasdaq_listed_2020-10-09.csv
2020-10-12,repo_symdir,,,,,,https://github.com/SamPom100/UnusualVolumeDetector.git@f9911596a13ebf625bfc5be691c8231c17e79fda:data/nasdaqlisted.txt,3732,2749,N,full,Y,Y,Y,,d23a197d704ee236d6149bb83c13092d9945c4b4fd004972f5b70bc5b36aa2bb,,stocks_list_dir/nasdaq/snapshots/nasdaq_listed_2020-10-12.csv
2020-10-13,repo_symdir,,,,,,https://github.com/SamPom100/UnusualVolumeDetector.git@2122f38067b6756969bc0bdbc4bca520d60213d7:data/nasdaqlisted.txt,3735,2748,N,full,Y,Y,Y,,7d961602e26259864bc3bed8c4871841c7b28bd861ac133f72e2cf9847261a36,,stocks_list_dir/nasdaq/snapshots/nasdaq_listed_2020-10-13.csv
2020-10-14,repo_symdir,,,,,,https://github.com/SamPom100/UnusualVolumeDetector.git@f4faf805bb4abf6b1fe2ff76ed82ca9cc4a752c7:data/nasdaqlisted.txt,3736,2748,N,full,Y,Y,Y,,50f764d1d7516c833a67c3eb8fd2137cb98c5d915dd0225a0a53ca20f146cdce,,stocks_list_dir/nasdaq/snapshots/nasdaq_listed_2020-10-14.csv
2020-10-15,repo_symdir,,,,,,https://raw.githubusercontent.com/SamPom100/UnusualVolumeDetector/f110301b3016b9a87837b4565736ae8a00d84d7e/data/nasdaqlisted.txt,3740,2752,N,full,Y,Y,Y,,ed9803f5ddcd7917e3892d5384e6265bf73fe372a56e96e7d5cdbc8d2bd602b5,,stocks_list_dir/nasdaq/snapshots/nasdaq_listed_2020-10-15.csv
2020-10-16,repo_symdir,,,,,,https://github.com/SamPom100/UnusualVolumeDetector.git@bcb92a99b06905f1bfdc6a1360398114bb1b7c60:data/nasdaqlisted.txt,3749,2758,N,full,Y,Y,Y,,785405099d95fc6bfdb3853c607e4758ea5154812c30dc1b3debc1f989c790f5,,stocks_list_dir/nasdaq/snapshots/nasdaq_listed_2020-10-16.csv
2020-10-19,repo_symdir,,,,,,https://github.com/SamPom100/UnusualVolumeDetector.git@8f9af92798ad7bb98209e1aed42d4c701a2b697e:data/nasdaqlisted.txt,3748,2758,N,full,Y,Y,Y,,3683d17f45518ef84326ccc4365ce2564f7ad532f210c6deffbb92c51630acbc,,stocks_list_dir/nasdaq/snapshots/nasdaq_listed_2020-10-19.csv
2020-10-20,repo_symdir,,,,,,https://github.com/SamPom100/UnusualVolumeDetector.git@982dfc1973342d08d22e3fecedbcc32fbe4c7150:data/nasdaqlisted.txt,3750,2758,N,full,Y,Y,Y,,fc08acf89992a8301526be1db082139356c340a80b14be3be4edfe5c889b6c4b,,stocks_list_dir/nasdaq/snapshots/nasdaq_listed_2020-10-20.csv
2020-10-21,repo_symdir,,,,,,https://github.com/SamPom100/UnusualVolumeDetector.git@d8b3192c7cdf7893a63ff9b2266b0d3b1a067595:data/nasdaqlisted.txt,3754,2758,N,full,Y,Y,Y,,1cc813a7693170ae9948da97f466e62f2045f5a57cc6c75857f2be6513c97547,,stocks_list_dir/nasdaq/snapshots/nasdaq_listed_2020-10-21.csv
2020-10-22,repo_symdir,,,,,,https://github.com/SamPom100/UnusualVolumeDetector.git@044ab88e1210fc5d311c42fb9c8f9bf1c70a3e87:data/nasdaqlisted.txt,3758,2760,N,full,Y,Y,Y,,98ade1540f697b9d2a082ccf781a73bbb17a37471fb8bde421a26c78b2838f7f,,stocks_list_dir/nasdaq/snapshots/nasdaq_listed_2020-10-22.csv
2020-10-23,repo_symdir,,,,,,https://github.com/SamPom100/UnusualVolumeDetector.git@4973a75d38b76a6a24ab90e3b421ee23bf643046:data/nasdaqlisted.txt,3764,2761,N,full,Y,Y,Y,,602d8f8bf2f6875f487987d7b07b377b49d8bbe37aef7485f793896c48691f0a,,stocks_list_dir/nasdaq/snapshots/nasdaq_listed_2020-10-23.csv
2020-10-26,repo_symdir,,,,,,https://github.com/SamPom100/UnusualVolumeDetector.git@12f1f8cbe7b411674c3ffb68d24b5077873a6e76:data/nasdaqlisted.txt,3767,2762,N,full,Y,Y,Y,,81c0385b51adbdb5172a0f1ab9ebb751449a85c353ce6dfd07261d3c0d7d954d,,stocks_list_dir/nasdaq/snapshots/nasdaq_listed_2020-10-26.csv
2020-10-27,repo_symdir,,,,,,https://github.com/SamPom100/UnusualVolumeDetector.git@4e2070ab0af95471e5bb5c2292dccb2d9bd0bfd6:data/nasdaqlisted.txt,3769,2762,N,full,Y,Y,Y,,98ad3241804af3e434bd15ea5b8301c9d25c64e778ff4d651e9ed1f452c793b2,,stocks_list_dir/nasdaq/snapshots/nasdaq_listed_2020-10-27.csv
2020-10-28,repo_symdir,,,,,,https://github.com/SamPom100/UnusualVolumeDetector.git@e57655f3878f744db459d8b3afe9c9c7f3e36cfa:data/nasdaqlisted.txt,3771,2766,N,full,Y,Y,Y,,2f25ad3dbb7eb395d5499726952f8bba17db29ac6e7178babb595ff7a47debbc,,stocks_list_dir/nasdaq/snapshots/nasdaq_listed_2020-10-28.csv
2020-10-29,repo_symdir,,,,,,https://github.com/SamPom100/UnusualVolumeDetector.git@d4be09d73077e4b65a25970265ec60a1c273dd55:data/nasdaqlisted.txt,3774,2769,N,full,Y,Y,Y,,99e60ccca0e81cf39ff3759a1bf957dc6fb3c65f19c884d43fc03c138898a82b,,stocks_list_dir/nasdaq/snapshots/nasdaq_listed_2020-10-29.csv
2020-10-30,repo_symdir,,,,,,https://github.com/SamPom100/UnusualVolumeDetector.git@cc9fc4760b6ca1e44e450d4c78da9eb2f87fd4dd:data/nasdaqlisted.txt,3781,2772,N,full,Y,Y,Y,,2968d8972b50aac91b05ac9193092e3995ae5f105fb3a0eec221297fbacdce51,,stocks_list_dir/nasdaq/snapshots/nasdaq_listed_2020-10-30.csv
2020-11-02,repo_symdir,,,,,,https://github.com/SamPom100/UnusualVolumeDetector.git@f65ba72ab091ce25185d8453554191ff287b338b:data/nasdaqlisted.txt,3784,2774,N,full,Y,Y,Y,,f0aea170aa0a05767b3080fd4a954092a9396b0db3bca7fd8f5d84c688962676,,stocks_list_dir/nasdaq/snapshots/nasdaq_listed_2020-11-02.csv
2020-11-03,repo_symdir,,,,,,https://github.com/SamPom100/UnusualVolumeDetector.git@5abc7c5e08138f1fde0af88c1bf947ce20f6eaa0:data/nasdaqlisted.txt,3786,2774,N,full,Y,Y,Y,,1aada59e88300d078412292cafb1b6cb3d870eceefe98a917cd20be78dd989ff,,stocks_list_dir/nasdaq/snapshots/nasdaq_listed_2020-11-03.csv
2020-11-04,repo_symdir,,,,,,https://raw.githubusercontent.com/SamPom100/UnusualVolumeDetector/c5e620cde1e216ea2f84dafd8f633700c0a5159a/data/nasdaqlisted.txt,3788,2775,N,full,Y,Y,Y,,1e1cc30107556c5f3026ccbf044833a7ea33c988920dc22d007bfa5f5d9facf2,,stocks_list_dir/nasdaq/snapshots/nasdaq_listed_2020-11-04.csv
2020-11-05,repo_symdir,,,,,,https://github.com/SamPom100/UnusualVolumeDetector.git@0023a921a407c7dda0b7cee49ee65ad48383e943:data/nasdaqlisted.txt,3788,2774,N,full,Y,Y,Y,,f65e5606890c9e1c4f8e10c9dc1de99005918a681c3e8d7cd08f7448218f945b,,stocks_list_dir/nasdaq/snapshots/nasdaq_listed_2020-11-05.csv
2020-11-06,repo_symdir,,,,,,https://github.com/SamPom100/UnusualVolumeDetector.git@52a348b62181627e7ed4cb6f0934a54a8ebcb430:data/nasdaqlisted.txt,3789,2774,N,full,Y,Y,Y,,58984ef409c18fed5c0ed945887eb201158cd48e094e3f8d41c80699f87291ff,,stocks_list_dir/nasdaq/snapshots/nasdaq_listed_2020-11-06.csv
2020-11-09,repo_symdir,,,,,,https://github.com/SamPom100/UnusualVolumeDetector.git@1e7c9d07a47fe6c8eddd86e0af41ab87574c9c88:data/nasdaqlisted.txt,3790,2775,N,full,Y,Y,Y,,26c15586dee799d8fce23ec74025335638bcd24e435f04096f6df4352fc48f38,,stocks_list_dir/nasdaq/snapshots/nasdaq_listed_2020-11-09.csv
2020-11-10,repo_symdir,,,,,,https://github.com/SamPom100/UnusualVolumeDetector.git@ac2b9ae717a4c0e64c069edf0b588871ed667417:data/nasdaqlisted.txt,3796,2776,N,full,Y,Y,Y,,527ad5133a0f24db6b8c1c7d424f593914d555c5980c658d6f98fc70b8fbd316,,stocks_list_dir/nasdaq/snapshots/nasdaq_listed_2020-11-10.csv
2020-11-11,repo_symdir,,,,,,https://github.com/SamPom100/UnusualVolumeDetector.git@d80a2217b27c980a2a840213b9a478eed092dcc1:data/nasdaqlisted.txt,3797,2777,N,full,Y,Y,Y,,07289289fc4c7ca8bb30e2cdb5e88a1023c34bae1b997db31ceeebacc590760b,,stocks_list_dir/nasdaq/snapshots/nasdaq_listed_2020-11-11.csv
2020-11-12,repo_symdir,,,,,,https://github.com/SamPom100/UnusualVolumeDetector.git@b951262d9afb5c0c4ad2616255f189b0257cde2a:data/nasdaqlisted.txt,3797,2777,N,full,Y,Y,Y,,fb0182932cdfbdb78bd447cddf6ca112d3b233fcd9da75b9c7681f9c9df04369,,stocks_list_dir/nasdaq/snapshots/nasdaq_listed_2020-11-12.csv
2020-11-13,repo_symdir,,,,,,https://github.com/SamPom100/UnusualVolumeDetector.git@b9987b553fdd9b61d4bed1b9bff6e0934ff4410e:data/nasdaqlisted.txt,3805,2778,N,full,Y,Y,Y,,8ae6299d53a28d1bfa77dc7654ca231f45aa44aba0c7c0ba162d130f6003bb56,,stocks_list_dir/nasdaq/snapshots/nasdaq_listed_2020-11-13.csv
2020-11-16,repo_symdir,,,,,,https://github.com/SamPom100/UnusualVolumeDetector.git@0a881433e68b188d6b224caa8ed7d38e46a85f9b:data/nasdaqlisted.txt,3812,2780,N,full,Y,Y,Y,,f317c6711975346c783f9b89e8fc18b6169aff0092260cd6bad73016ee2f598c,,stocks_list_dir/nasdaq/snapshots/nasdaq_listed_2020-11-16.csv
2020-11-17,repo_symdir,,,,,,https://github.com/SamPom100/UnusualVolumeDetector.git@3ca0af86efdac209ac62df30491b38936722eead:data/nasdaqlisted.txt,3816,2782,N,full,Y,Y,Y,,708cce3304d6074cb607d093298a82dfffc072a9242451bcd45149b1bd191e0e,,stocks_list_dir/nasdaq/snapshots/nasdaq_listed_2020-11-17.csv
2020-11-18,repo_symdir,,,,,,https://github.com/SamPom100/UnusualVolumeDetector.git@8c836a6d6e679aa07fc482461455e7fd2e0fe61e:data/nasdaqlisted.txt,3814,2783,N,full,Y,Y,Y,,ce8b275cfb8b91cb6aab6a25b69c60d95f207c5128d2221679533f17cfb30fac,,stocks_list_dir/nasdaq/snapshots/nasdaq_listed_2020-11-18.csv
2020-11-19,repo_symdir,,,,,,https://github.com/SamPom100/UnusualVolumeDetector.git@2b518bfcf388acecdd8167dca43d3ffc18e42a3d:data/nasdaqlisted.txt,3821,2786,N,full,Y,Y,Y,,db71cbe3f9177e079de0a9b91abbe96e5a383043542f1932aec60bb69c64d6cb,,stocks_list_dir/nasdaq/snapshots/nasdaq_listed_2020-11-19.csv
2020-11-20,repo_symdir,,,,,,https://github.com/SamPom100/UnusualVolumeDetector.git@003a9f7434ffe0a9df7763c78f03e3dd6d300c4c:data/nasdaqlisted.txt,3828,2788,N,full,Y,Y,Y,,8da4f8487503d594d2f3d3404ef62e8ee2e326cb718a45d39efe60be1644acf4,,stocks_list_dir/nasdaq/snapshots/nasdaq_listed_2020-11-20.csv
2020-11-23,repo_symdir,,,,,,https://github.com/SamPom100/UnusualVolumeDetector.git@2f45a6a11c6c7d6af4682dcabd54f9f5110338c4:data/nasdaqlisted.txt,3836,2789,N,full,Y,Y,Y,,dc030b729d5abe63daad16a8bcba31331b32ec1c4e4096da5a918e7b625d485a,,stocks_list_dir/nasdaq/snapshots/nasdaq_listed_2020-11-23.csv
2020-11-24,repo_symdir,,,,,,https://github.com/SamPom100/UnusualVolumeDetector.git@425753b3cccc5839f89bb8b3dd737ce5d7567b2e:data/nasdaqlisted.txt,3839,2791,N,full,Y,Y,Y,,f0fca3bbb9e7ea5058e2a419dd339363a4563e56555f8976f58cadaf072c882f,,stocks_list_dir/nasdaq/snapshots/nasdaq_listed_2020-11-24.csv
2020-11-25,repo_symdir,,,,,,https://github.com/SamPom100/UnusualVolumeDetector.git@ef08f78351d854717df7a80c970191adeaa3bbfd:data/nasdaqlisted.txt,3841,2792,N,full,Y,Y,Y,,955f79b1e09ec9ebe417485faa0f145b249739583a494b64216341573318b18b,,stocks_list_dir/nasdaq/snapshots/nasdaq_listed_2020-11-25.csv
2020-11-26,repo_symdir,,,,,,https://github.com/SamPom100/UnusualVolumeDetector.git@37db4e35a0ac78861f6557aeb891a18ea4c7210e:data/nasdaqlisted.txt,3841,2792,N,full,Y,Y,Y,,ad62b6c1f4098632e89a82a3e3a43725260b0069b82bd3df82ec911a519ab2ae,,stocks_list_dir/nasdaq/snapshots/nasdaq_listed_2020-11-26.csv
2020-11-27,repo_symdir,,,,,,https://github.com/SamPom100/UnusualVolumeDetector.git@cc9da33504a5f66c9df8d1567def5993e418a991:data/nasdaqlisted.txt,3844,2792,N,full,Y,Y,Y,,f52be54c89da6885f0ad0d46efdcc08b69a59633be31abd8fffb75e466f88af5,,stocks_list_dir/nasdaq/snapshots/nasdaq_listed_2020-11-27.csv
2020-11-30,repo_symdir,,,,,,https://raw.githubusercontent.com/SchroDeCat/BigData-stock/180552924f4487bfa201e04abc1f82f580fbe0ba/nasdaqlisted.txt,3846,2792,N,full,Y,Y,Y,,9633cf8fafc519eebd50c0cbb09d8b9e521b8c1a7f636b4a35b58f6c3b9380d3,,stocks_list_dir/nasdaq/snapshots/nasdaq_listed_2020-11-30.csv
2020-12-01,repo_symdir,,,,,,https://raw.githubusercontent.com/SamPom100/UnusualVolumeDetector/20199cbdbd9d9efd5a379537a8cd0f67ac5a519b/data/nasdaqlisted.txt,3849,2795,N,full,Y,Y,Y,,7810b729ec64947ad0b9f80a0a03e9d4465215e3089d5f949f6e377e1168b4ca,,stocks_list_dir/nasdaq/snapshots/nasdaq_listed_2020-12-01.csv
2020-12-02,repo_symdir,,,,,,https://github.com/SamPom100/UnusualVolumeDetector.git@ca7d7faf51fe61f944dae2c477e9eece673b877f:data/nasdaqlisted.txt,3851,2795,N,full,Y,Y,Y,,eb68ba55d38af341cad2256585068ff59678b720955e775ec21a6b13d2c94918,,stocks_list_dir/nasdaq/snapshots/nasdaq_listed_2020-12-02.csv
2020-12-03,repo_symdir,,,,,,https://github.com/SamPom100/UnusualVolumeDetector.git@2f76696e2d099d4cf04cf2ea5ed0394005dbc349:data/nasdaqlisted.txt,3851,2795,N,full,Y,Y,Y,,a7573140cb6cdb3b41a4083e868d1666a7adddad9b607feed6871c7e7fad53c7,,stocks_list_dir/nasdaq/snapshots/nasdaq_listed_2020-12-03.csv
2020-12-04,repo_symdir,,,,,,https://raw.githubusercontent.com/pricel3ss/finance_research/3fce818173d751fc90b589fc1c74c0db4ad8dd6c/nasdaqlisted.txt,3858,2800,N,full,Y,Y,Y,,f44cc271d6d4237cdec40359c51701f54527a852081a9da37daaaab812981e45,,stocks_list_dir/nasdaq/snapshots/nasdaq_listed_2020-12-04.csv
2020-12-07,repo_symdir,,,,,,https://raw.githubusercontent.com/fshsweden/quandl-test/495dec05a84b5522f9c3085b4d7668d612746701/docs/nasdaqlisted.txt,3863,2801,N,full,Y,Y,Y,,613b3d79f3ebb64bbe309ad532747e831d088f7de2ad1b9fd422470499e7d462,,stocks_list_dir/nasdaq/snapshots/nasdaq_listed_2020-12-07.csv
2020-12-08,repo_symdir,,,,,,https://github.com/SamPom100/UnusualVolumeDetector.git@4be02c0b8091b175f98284da911b9426268e3c79:data/nasdaqlisted.txt,3870,2801,N,full,Y,Y,Y,,030383e4b1d3770978bb57cb6fa6e1fcb9f22a8ec7f8d72110c04ce2eb27c347,,stocks_list_dir/nasdaq/snapshots/nasdaq_listed_2020-12-08.csv
2020-12-09,repo_symdir,,,,,,https://github.com/SamPom100/UnusualVolumeDetector.git@2c55ee1d360a52a71435834a9656be6c52356e76:data/nasdaqlisted.txt,3880,2803,N,full,Y,Y,Y,,ac14f4545cfeb26e46dd3e3fafcd4af6a4117a36c976ba0112b2a59931e54e91,,stocks_list_dir/nasdaq/snapshots/nasdaq_listed_2020-12-09.csv
2020-12-10,repo_symdir,,,,,,https://github.com/SamPom100/UnusualVolumeDetector.git@6690a636dc9aae0814432822c459a815241721c6:data/nasdaqlisted.txt,3889,2807,N,full,Y,Y,Y,,bdbba50c33056eaa4261b842ef6e98733c60f3be8393e5c50cca364313682121,,stocks_list_dir/nasdaq/snapshots/nasdaq_listed_2020-12-10.csv
2020-12-11,repo_symdir,,,,,,https://github.com/SamPom100/UnusualVolumeDetector.git@c2d5c4211898611b8f0dc42195b3e9dce53c77d7:data/nasdaqlisted.txt,3904,2811,N,full,Y,Y,Y,,40885eb7e020c33ed177d24e4aa0bbfa2526f5b340dac64ce520b7b58254e568,,stocks_list_dir/nasdaq/snapshots/nasdaq_listed_2020-12-11.csv
2020-12-14,repo_symdir,,,,,,https://github.com/SamPom100/UnusualVolumeDetector.git@db5cc1c62958c03ebfb051ec4487d4dca16ba802:data/nasdaqlisted.txt,3906,2811,N,full,Y,Y,Y,,4adbce6408be61c1208d4449ea13fa1e03443ab276ebf126b469f486f638b9c6,,stocks_list_dir/nasdaq/snapshots/nasdaq_listed_2020-12-14.csv
2020-12-15,repo_symdir,,,,,,https://github.com/SamPom100/UnusualVolumeDetector.git@eb064eec958566900374a733fa99537b5739a216:data/nasdaqlisted.txt,3912,2813,N,full,Y,Y,Y,,e450c1ea48af9058204e3a61fd0b01358c000e09c36a97b5a869be6368b502ed,,stocks_list_dir/nasdaq/snapshots/nasdaq_listed_2020-12-15.csv
2020-12-16,repo_symdir,,,,,,https://github.com/SamPom100/UnusualVolumeDetector.git@6c3d9c0817a4ee8447636e114968922c41094d16:data/nasdaqlisted.txt,3919,2816,N,full,Y,Y,Y,,b97a11c8113b319ac5194816666035f0083438eeba5418c5d1908d167743a5c2,,stocks_list_dir/nasdaq/snapshots/nasdaq_listed_2020-12-16.csv
2020-12-17,repo_symdir,,,,,,https://github.com/SamPom100/UnusualVolumeDetector.git@9832564c28f7aa62d17455b9b9e2cd294eefcffb:data/nasdaqlisted.txt,3925,2820,N,full,Y,Y,Y,,f285cba5a2296f01290e721279d38aae47c506f08b6f41606079bc7b43afb5c7,,stocks_list_dir/nasdaq/snapshots/nasdaq_listed_2020-12-17.csv
2020-12-18,repo_symdir,,,,,,https://github.com/SamPom100/UnusualVolumeDetector.git@c63650ff2db45f6580147eed26452b8056991231:data/nasdaqlisted.txt,3934,2822,N,full,Y,Y,Y,,7fd2c850ed78227563982eef5857d05cde8f230ca5bac391ec828a1cc2abaddb,,stocks_list_dir/nasdaq/snapshots/nasdaq_listed_2020-12-18.csv
2020-12-21,repo_symdir,,,,,,https://github.com/SamPom100/UnusualVolumeDetector.git@2f8e1b14905398cc0f717fac715e8ffd00af5f88:data/nasdaqlisted.txt,3936,2823,N,full,Y,Y,Y,,1a30e2ebf0d4b5eb7e3280f50259d3e9b590e8188ff20a7cc5436958e539b451,,stocks_list_dir/nasdaq/snapshots/nasdaq_listed_2020-12-21.csv
2020-12-22,repo_symdir,,,,,,https://github.com/SamPom100/UnusualVolumeDetector.git@d00581b4bafe58d9eb63fbfd98e1d88d29cccbfd:data/nasdaqlisted.txt,3932,2821,N,full,Y,Y,Y,,01bb848c9191ca719a8af509966264e0f462f0a96f9360e7ca522180814a5ffa,,stocks_list_dir/nasdaq/snapshots/nasdaq_listed_2020-12-22.csv
2020-12-23,repo_symdir,,,,,,https://raw.githubusercontent.com/SamPom100/UnusualVolumeDetector/c692b9ee7b1c61565bc06c4d22a3d870bf12a739/data/nasdaqlisted.txt,3938,2826,N,full,Y,Y,Y,,d97402c9c3fdbf4b2621c4c2ab1414b1202bb8fe4bf58ebb2b93793c1c4513c9,,stocks_list_dir/nasdaq/snapshots/nasdaq_listed_2020-12-23.csv
2020-12-24,repo_symdir,,,,,,https://github.com/SamPom100/UnusualVolumeDetector.git@9433697ea8ce20bef483cd7f6f68cbe18ac0935c:data/nasdaqlisted.txt,3938,2828,N,full,Y,Y,Y,,7f7f6b31ed113ce1de836b85b9da031d713a2c6a1d97c958d829054abea358f1,,stocks_list_dir/nasdaq/snapshots/nasdaq_listed_2020-12-24.csv
2020-12-25,repo_symdir,,,,,,https://github.com/SamPom100/UnusualVolumeDetector.git@0e0904baf72c930ee1bd0872671ea9f92e393d38:data/nasdaqlisted.txt,3938,2828,N,full,Y,Y,Y,,99991fed89e8a0b63efb7d8941be697c05fbd5dd3eff9febfa88b8c309c583cc,,stocks_list_dir/nasdaq/snapshots/nasdaq_listed_2020-12-25.csv
2020-12-28,repo_symdir,,,,,,https://github.com/SamPom100/UnusualVolumeDetector.git@cda8eb8b7237807d59ff8182ecf02a1df64e9467:data/nasdaqlisted.txt,3940,2827,N,full,Y,Y,Y,,8c54ad52ef64fc2c182acecf2995dfaeda0a668e0dc0065208b4f2e794bcd78f,,stocks_list_dir/nasdaq/snapshots/nasdaq_listed_2020-12-28.csv
2020-12-29,repo_symdir,,,,,,https://github.com/SamPom100/UnusualVolumeDetector.git@33dfb2123f2803b0ca769bcfa9592e374daf40a3:data/nasdaqlisted.txt,3941,2828,N,full,Y,Y,Y,,86584898c90e895505f71dfdaa94299cab1e61b51003b0218c5bf60ef4a21278,,stocks_list_dir/nasdaq/snapshots/nasdaq_listed_2020-12-29.csv
2020-12-30,repo_symdir,,,,,,https://github.com/SamPom100/UnusualVolumeDetector.git@58b8e61e3e170685e9226c32b187457107af4656:data/nasdaqlisted.txt,3941,2829,N,full,Y,Y,Y,,4f4165bb1078530bcc7d0218a7f567e1602aca0d33beb61aa1cf38e4b1efb898,,stocks_list_dir/nasdaq/snapshots/nasdaq_listed_2020-12-30.csv
2020-12-31,repo_symdir,,,,,,https://github.com/SamPom100/UnusualVolumeDetector.git@3eedee09222b4656594e915f8fe3e3c4513685b1:data/nasdaqlisted.txt,3939,2829,N,full,Y,Y,Y,,ff840de77f2bb8bb6faf94fcbf8a889c9a6b008bf6971c6763fe5a9a928d3c83,,stocks_list_dir/nasdaq/snapshots/nasdaq_listed_2020-12-31.csv
2021-01-01,repo_symdir,,,,,,https://github.com/SamPom100/UnusualVolumeDetector.git@2aa49a7bae2c407942db684563706e6e88d3bc60:data/nasdaqlisted.txt,3939,2829,N,full,Y,Y,Y,,7f88d78c5dac051df650fd1acc6905ae38f2bf3ff76bbcd31e1e7fc69c7b75ad,,stocks_list_dir/nasdaq/snapshots/nasdaq_listed_2021-01-01.csv
2021-01-04,repo_symdir,,,,,,https://github.com/SamPom100/UnusualVolumeDetector.git@9ae3eb89cca9b899f5f595103e312f276b22dc04:data/nasdaqlisted.txt,3946,2831,N,full,Y,Y,Y,,9571fb111d67241fe63f67124f33706c3f076c9585dc5ca8151735770662fb11,,stocks_list_dir/nasdaq/snapshots/nasdaq_listed_2021-01-04.csv
2021-01-05,repo_symdir,,,,,,https://github.com/SamPom100/UnusualVolumeDetector.git@32d30f662ce573830f0377bcfdae17ebb2753c43:data/nasdaqlisted.txt,3949,2829,N,full,Y,Y,Y,,7db4b0806cf3a84d2d7259e13adf0ae24282f941cf9ec2281f392449e6051449,,stocks_list_dir/nasdaq/snapshots/nasdaq_listed_2021-01-05.csv
2021-01-06,repo_symdir,,,,,,https://github.com/SamPom100/UnusualVolumeDetector.git@ba94b21039d8d8b0ca4a33706523975cd9554cd9:data/nasdaqlisted.txt,3952,2829,N,full,Y,Y,Y,,907f22604c86a583e6319e4f70664a0fd06610d94f408889c6ccb2a37da62fdd,,stocks_list_dir/nasdaq/snapshots/nasdaq_listed_2021-01-06.csv
2021-01-07,repo_symdir,,,,,,https://github.com/SamPom100/UnusualVolumeDetector.git@8eb9a14b48013341ca5f088718091a93351e1de3:data/nasdaqlisted.txt,3958,2830,N,full,Y,Y,Y,,b5ec547e485e5a6c9fc11c0f7a38ee6f254907eed7c6eda6a97c411222d100b3,,stocks_list_dir/nasdaq/snapshots/nasdaq_listed_2021-01-07.csv
2021-01-08,repo_symdir,,,,,,https://github.com/SamPom100/UnusualVolumeDetector.git@bdd883afc2d141103e639fee81642839b0e3b4ed:data/nasdaqlisted.txt,3976,2835,N,full,Y,Y,Y,,4b601e2b16299ffb6c02a6afac20328d39a25e5e3c833c4049e46e33a967c2fa,,stocks_list_dir/nasdaq/snapshots/nasdaq_listed_2021-01-08.csv
2021-01-11,repo_symdir,,,,,,https://github.com/SamPom100/UnusualVolumeDetector.git@8548455cfcd3442e5118690d826d19087217af9d:data/nasdaqlisted.txt,3978,2835,N,full,Y,Y,Y,,2a1c6118763966b0073183c6d089df05545a588019f0215a7e82f03ededb1dcd,,stocks_list_dir/nasdaq/snapshots/nasdaq_listed_2021-01-11.csv
2021-01-12,repo_symdir,,,,,,https://github.com/SamPom100/UnusualVolumeDetector.git@f92116742f8842475cefd6589e24d6d6817956f0:data/nasdaqlisted.txt,3987,2837,N,full,Y,Y,Y,,39fb60f07c13b5964132c3c31d8b688e599cf198c0ca1a518be7e5638c31f3d9,,stocks_list_dir/nasdaq/snapshots/nasdaq_listed_2021-01-12.csv
2021-01-13,repo_symdir,,,,,,https://github.com/SamPom100/UnusualVolumeDetector.git@626483d6c90c0e33c21061fcfa2ea503d13080be:data/nasdaqlisted.txt,3992,2840,N,full,Y,Y,Y,,0bafbc927a070a80a72018b225a4431fc50e5d24891b08156fa0a3a28ba4cf7d,,stocks_list_dir/nasdaq/snapshots/nasdaq_listed_2021-01-13.csv
2021-01-14,repo_symdir,,,,,,https://github.com/SamPom100/UnusualVolumeDetector.git@33b6e89db77c43352e17c39a2a6884844620a7b2:data/nasdaqlisted.txt,3998,2842,N,full,Y,Y,Y,,ac75a6a7c98a8cd90342d64aafdbc78a4beabc4b1d4da071aa94b23d872e5f8a,,stocks_list_dir/nasdaq/snapshots/nasdaq_listed_2021-01-14.csv
2021-01-15,repo_symdir,,,,,,https://raw.githubusercontent.com/SamPom100/UnusualVolumeDetector/5131a494f33b0202783afc773b4f88d0d370c99a/data/nasdaqlisted.txt,4007,2845,N,full,Y,Y,Y,,6b96a4c443e5c0d881b81f7429608e5fe44b1cba14dfa9255ddd23906cf25cb6,,stocks_list_dir/nasdaq/snapshots/nasdaq_listed_2021-01-15.csv
2021-01-18,repo_symdir,,,,,,https://github.com/SamPom100/UnusualVolumeDetector.git@8b2399e36e98b5c37bdfd297abfffadd6d666ddc:data/nasdaqlisted.txt,4007,2845,N,full,Y,Y,Y,,afa6686f6ad117c827b6c82f0a9e2294e003380a423d3e0f7cfbf6275a259d3d,,stocks_list_dir/nasdaq/snapshots/nasdaq_listed_2021-01-18.csv
2021-01-19,repo_symdir,,,,,,https://github.com/SamPom100/UnusualVolumeDetector.git@4714d970badbf8e0916f5c5e03a5e89b3f10ed2c:data/nasdaqlisted.txt,4006,2845,N,full,Y,Y,Y,,ef9c5c9b75836615487f1ba5db6bd294ef7ad03525977e0c8f9a65529ba7f3e2,,stocks_list_dir/nasdaq/snapshots/nasdaq_listed_2021-01-19.csv
2021-01-21,repo_symdir,,,,,,https://github.com/SamPom100/UnusualVolumeDetector.git@b12066c0deaf5b52029459fa70c0d706d3bd791e:data/nasdaqlisted.txt,4014,2847,N,full,Y,Y,Y,,1f1ad6a7879259b3fb5df3b7176b453eb0856799247c43ae52ce7f087a28cf43,,stocks_list_dir/nasdaq/snapshots/nasdaq_listed_2021-01-21.csv
2021-01-28,repo_symdir,,,,,,https://github.com/SamPom100/UnusualVolumeDetector.git@71660eaa9d8d910330cc3e0abd9dd066f4f2612e:data/nasdaqlisted.txt,4057,2860,N,full,Y,Y,Y,,22829d8b5537e2fd0e3df83f3718749047f69faf0219f7448b25658bc1e7a8cc,,stocks_list_dir/nasdaq/snapshots/nasdaq_listed_2021-01-28.csv
2021-01-29,repo_symdir,,,,,,https://github.com/SamPom100/UnusualVolumeDetector.git@a4d8c1c84459bf8f63f9db37afb5ea841c2c0874:data/nasdaqlisted.txt,4076,2863,N,full,Y,Y,Y,,b9ccf5ce6da960f7204234ce9caab20b2fda1a4b420bd05073388121b569b779,,stocks_list_dir/nasdaq/snapshots/nasdaq_listed_2021-01-29.csv
2021-02-02,repo_symdir,,,,,,https://github.com/SamPom100/UnusualVolumeDetector.git@aa4a17ee13acac553fff6fefeb15612124a9fad8:data/nasdaqlisted.txt,4082,2863,N,full,Y,Y,Y,,f57a491e563a18ba465e65c573dd16491569f1b833cd46b3c70d6642ce7858ff,,stocks_list_dir/nasdaq/snapshots/nasdaq_listed_2021-02-02.csv
2021-02-03,repo_symdir,,,,,,https://github.com/SamPom100/UnusualVolumeDetector.git@a6ca21d4943660293244783592c653e437f34575:data/nasdaqlisted.txt,4081,2863,N,full,Y,Y,Y,,4251f520aa3292a0c719e3fe4d30b084d5f1ca72eee56b75fd8039cb83e6dc9b,,stocks_list_dir/nasdaq/snapshots/nasdaq_listed_2021-02-03.csv
2021-02-04,repo_symdir,,,,,,https://github.com/SamPom100/UnusualVolumeDetector.git@1d2c65010df5fddf3c2286a2d5b3e5036fc82583:data/nasdaqlisted.txt,4094,2867,N,full,Y,Y,Y,,1682a6107b15e670e62977c7cb549f1721b0c1a1b0b88aa5552ce8cff6d20624,,stocks_list_dir/nasdaq/snapshots/nasdaq_listed_2021-02-04.csv
2021-02-05,repo_symdir,,,,,,https://raw.githubusercontent.com/roaga/Hacklytics2021/0aed65231777694257cf8cbc7a570d2c9479242a/stocknames.txt,4117,2879,N,full,Y,Y,Y,,ef91b664e133f4d0f73a6f67bc2f04af58e49c281fdb514b6a375dd4cd58db5b,,stocks_list_dir/nasdaq/snapshots/nasdaq_listed_2021-02-05.csv
2021-02-08,repo_symdir,,,,,,https://github.com/SamPom100/UnusualVolumeDetector.git@32c1aa8f244191a3bf92d7237d1a8a883ba816cf:data/nasdaqlisted.txt,4124,2879,N,full,Y,Y,Y,,90e6c79bed8c1902dd35e61ef041f2b05f0315b323442d4190da5b7988b107df,,stocks_list_dir/nasdaq/snapshots/nasdaq_listed_2021-02-08.csv
2021-02-09,repo_symdir,,,,,,https://github.com/SamPom100/UnusualVolumeDetector.git@4bc7e349fe79b4cbb97845e80fb94401e7170568:data/nasdaqlisted.txt,4139,2881,N,full,Y,Y,Y,,68dd8cac60fec45e93251e48169f2a904c5f410f267a58a17ff4bcc79d78a6b0,,stocks_list_dir/nasdaq/snapshots/nasdaq_listed_2021-02-09.csv
2021-02-10,repo_symdir,,,,,,https://github.com/SamPom100/UnusualVolumeDetector.git@89af938f8d6db0cebca35ada46c75506cf04a709:data/nasdaqlisted.txt,4150,2885,N,full,Y,Y,Y,,81ffd0db4142511daef07c03f30f12e952097136d9026ad9b2a7eac88c8f7ea1,,stocks_list_dir/nasdaq/snapshots/nasdaq_listed_2021-02-10.csv
2021-02-11,repo_symdir,,,,,,https://github.com/SamPom100/UnusualVolumeDetector.git@7fb1b49f3d9158aa0e323861343069c9d2de595f:data/nasdaqlisted.txt,4155,2889,N,full,Y,Y,Y,,579a2f96411b5d27571eb86e696824fe0d23524adebb80fa08c01459c2efc573,,stocks_list_dir/nasdaq/snapshots/nasdaq_listed_2021-02-11.csv
2021-02-12,repo_symdir,,,,,,https://github.com/SamPom100/UnusualVolumeDetector.git@dbd356f77bce992a0aa0177698782b8028e1fb97:data/nasdaqlisted.txt,4167,2895,N,full,Y,Y,Y,,8c5d533d13fd9b6ca884c43ece88d1ab8a62472be3a888be59d662ffc645ceca,,stocks_list_dir/nasdaq/snapshots/nasdaq_listed_2021-02-12.csv
2021-02-15,repo_symdir,,,,,,https://github.com/SamPom100/UnusualVolumeDetector.git@6b780794848c15fac754bcc05b1ad3da98b30fd6:data/nasdaqlisted.txt,4167,2895,N,full,Y,Y,Y,,1a351879586bdcdbfc29a75e2f887335aa6ff8aef4d380cfbd15f475e37254f2,,stocks_list_dir/nasdaq/snapshots/nasdaq_listed_2021-02-15.csv
2021-02-16,repo_symdir,,,,,,https://github.com/SamPom100/UnusualVolumeDetector.git@3c1ef93109832a4ee49e929a16588d489ca70377:data/nasdaqlisted.txt,4170,2895,N,full,Y,Y,Y,,dad9a4b24c0e6d6502fcf04a7102b891c791307d568cea5ef14def94f0e3cabc,,stocks_list_dir/nasdaq/snapshots/nasdaq_listed_2021-02-16.csv
2021-02-17,repo_symdir,,,,,,https://github.com/SamPom100/UnusualVolumeDetector.git@a77718524c3638d8b4ebee50e0a7a36945b66654:data/nasdaqlisted.txt,4182,2901,N,full,Y,Y,Y,,6adb0ba41719ecfb44d9979d4f81a0efc17a0dc9048f96b2ca413d20e4a25497,,stocks_list_dir/nasdaq/snapshots/nasdaq_listed_2021-02-17.csv
2021-02-18,repo_symdir,,,,,,https://github.com/SamPom100/UnusualVolumeDetector.git@fd7873b090dbae02ac3199e63ce0517d234df8e5:data/nasdaqlisted.txt,4184,2901,N,full,Y,Y,Y,,6b75e5a60f1a4d2bb5bb3575710204cebc2e8ea81c0c432ca2b7fdb53f1e2f6f,,stocks_list_dir/nasdaq/snapshots/nasdaq_listed_2021-02-18.csv
2021-02-19,repo_symdir,,,,,,https://github.com/SamPom100/UnusualVolumeDetector.git@13f8d203792536182ca2240200de5dd4d95241af:data/nasdaqlisted.txt,4191,2901,N,full,Y,Y,Y,,7270e4f50687c51c67f36036c4a218975e126fed0f74d003747c86399fa47136,,stocks_list_dir/nasdaq/snapshots/nasdaq_listed_2021-02-19.csv
2021-02-22,repo_symdir,,,,,,https://github.com/SamPom100/UnusualVolumeDetector.git@6a6dd4b1231ee1650e1874ff2b9d5956a3a21149:data/nasdaqlisted.txt,4191,2900,N,full,Y,Y,Y,,a8f01d5ec37b9c1ee069b2bc0ebdd896efa27720cd833384acbb5380911090e9,,stocks_list_dir/nasdaq/snapshots/nasdaq_listed_2021-02-22.csv
2021-02-23,repo_symdir,,,,,,https://github.com/SamPom100/UnusualVolumeDetector.git@4290d4b770931333b3e0c6397ad35d2f8427e9e1:data/nasdaqlisted.txt,4196,2900,N,full,Y,Y,Y,,a7307342d4970b2882e2b7890c468c4e6d88c9dcb710a596a0342d72e7d9bac7,,stocks_list_dir/nasdaq/snapshots/nasdaq_listed_2021-02-23.csv
2021-03-01,repo_symdir,,,,,,https://raw.githubusercontent.com/SamPom100/UnusualVolumeDetector/d08b6eadeb06abd69aeb2becdadfb32f2c61c28b/data/nasdaqlisted.txt,4240,2903,N,full,Y,Y,Y,,a2be997425b55dfc91f5c1daba058e7e8c149f6b9ba780e8318172453435ddca,,stocks_list_dir/nasdaq/snapshots/nasdaq_listed_2021-03-01.csv
2021-03-02,repo_symdir,,,,,,https://github.com/SamPom100/UnusualVolumeDetector.git@c444f7405d27d33d0d8ed6be2eedd22403387d56:data/nasdaqlisted.txt,4249,2902,N,full,Y,Y,Y,,a17a1db623d6a41263b740fbbb2fae1601b612a0ccb283cd673967ceac0c446f,,stocks_list_dir/nasdaq/snapshots/nasdaq_listed_2021-03-02.csv
2021-03-03,repo_symdir,,,,,,https://github.com/SamPom100/UnusualVolumeDetector.git@bf8347040f7b63ebc7b9eee10321ad555cf53efa:data/nasdaqlisted.txt,4256,2905,N,full,Y,Y,Y,,69fa7e022af21cd894d349355a1fc8dd0cfa57b42ac4fb05d2c4245a5a0c9311,,stocks_list_dir/nasdaq/snapshots/nasdaq_listed_2021-03-03.csv
2021-03-04,repo_symdir,,,,,,https://github.com/SamPom100/UnusualVolumeDetector.git@8dc00710e271682ceada64dcf51754e06afcd67b:data/nasdaqlisted.txt,4267,2906,N,full,Y,Y,Y,,4a7bbbabec439610a3bf25c546617063a32d1a420be0ce5a44b4a36315ee08c8,,stocks_list_dir/nasdaq/snapshots/nasdaq_listed_2021-03-04.csv
2021-03-05,repo_symdir,,,,,,https://github.com/SamPom100/UnusualVolumeDetector.git@aa248e164da632481e7a854787f35c746ddb92a8:data/nasdaqlisted.txt,4281,2909,N,full,Y,Y,Y,,c498a717fa352739c74f67cc7c12eefdf2e45b0d3fcdd14e91fed24ac8941815,,stocks_list_dir/nasdaq/snapshots/nasdaq_listed_2021-03-05.csv
2021-03-08,repo_symdir,,,,,,https://github.com/SamPom100/UnusualVolumeDetector.git@3ceb2d39e55b6a9ec24b1efc5dd4631773a4e114:data/nasdaqlisted.txt,4297,2911,N,full,Y,Y,Y,,f2ae61b26584c4fef7d475c486aa58ef3e90fc436e2d86a7dfb54ef7ddeaad08,,stocks_list_dir/nasdaq/snapshots/nasdaq_listed_2021-03-08.csv
2021-03-09,repo_symdir,,,,,,https://github.com/SamPom100/UnusualVolumeDetector.git@47db5c3fb6d0186bee7fec846a2cd2884c45f617:data/nasdaqlisted.txt,4299,2913,N,full,Y,Y,Y,,20ba58f229353c6f648f2942e1fd0b9cc0b3dfb769759d097db7e30eaa632fbd,,stocks_list_dir/nasdaq/snapshots/nasdaq_listed_2021-03-09.csv
2021-03-10,repo_symdir,,,,,,https://github.com/SamPom100/UnusualVolumeDetector.git@da685af14665d0541d7939ba8c31fd5538195d42:data/nasdaqlisted.txt,4304,2913,N,full,Y,Y,Y,,6b70bd5dde2b16b384167392bcccbc00d65e66ad7f0036e2fefc4d66a8861e1d,,stocks_list_dir/nasdaq/snapshots/nasdaq_listed_2021-03-10.csv
2021-03-11,repo_symdir,,,,,,https://github.com/SamPom100/UnusualVolumeDetector.git@59c6f97d9ca2dd6686bd7fe0daac30bb858a3cd9:data/nasdaqlisted.txt,4309,2914,N,full,Y,Y,Y,,8c8509895885b7ffa391837ab2eb1e34c47eb19194c81a7a82f1b6022e6606c2,,stocks_list_dir/nasdaq/snapshots/nasdaq_listed_2021-03-11.csv
2021-03-12,repo_symdir,,,,,,https://github.com/SamPom100/UnusualVolumeDetector.git@2abe92f71f30cfe77e39fd040731687a0a390f6a:data/nasdaqlisted.txt,4324,2918,N,full,Y,Y,Y,,b7b6b3991ed0d660db6f3a11a92fc551a2dec9d3869d62299a43adbec7d979c2,,stocks_list_dir/nasdaq/snapshots/nasdaq_listed_2021-03-12.csv
2021-03-15,repo_symdir,,,,,,https://github.com/SamPom100/UnusualVolumeDetector.git@9be4c99e7799300c3bdde90f6664f97f7784d16e:data/nasdaqlisted.txt,4344,2922,N,full,Y,Y,Y,,b1aa936600c043d6674ba1d18b9426e19877de04694e85e2fa62379ba0cee43d,,stocks_list_dir/nasdaq/snapshots/nasdaq_listed_2021-03-15.csv
2021-03-16,repo_symdir,,,,,,https://github.com/SamPom100/UnusualVolumeDetector.git@69c91c12673717d9993e1b156325e6ee9856f169:data/nasdaqlisted.txt,4350,2922,N,full,Y,Y,Y,,79605d3f8e17e11d7b6a7c72151e575c10dfbc867c277d0309ed78bcc479e2c7,,stocks_list_dir/nasdaq/snapshots/nasdaq_listed_2021-03-16.csv
2021-03-18,repo_symdir,,,,,,https://github.com/SamPom100/UnusualVolumeDetector.git@0ef674fe3efa1a015903b93b2d79321513b73a93:data/nasdaqlisted.txt,4370,2928,N,full,Y,Y,Y,,a202bdf079686f49cbdc74f3956b3005559c344a92012aa9f34bf1bf055903e0,,stocks_list_dir/nasdaq/snapshots/nasdaq_listed_2021-03-18.csv
2021-03-22,repo_symdir,,,,,,https://raw.githubusercontent.com/austin-starks/Deep-RL-Stocks/ce518aca3ecc671d530f80810b5af6ab8bbd3f98/data/stock_list/nasdaqlisted.txt,4382,2930,N,full,Y,Y,Y,,ea3637330db77a3cd9a74bafca55a7c404d9c7075afbb2da05454c67e14a0f09,,stocks_list_dir/nasdaq/snapshots/nasdaq_listed_2021-03-22.csv
2021-03-23,repo_symdir,,,,,,https://github.com/SamPom100/UnusualVolumeDetector.git@9004a581d40840e768dd7259211dc5e00970e8e7:data/nasdaqlisted.txt,4392,2934,N,full,Y,Y,Y,,51df92f44f2dc158cb17d2d2e0f997f69baeee3a1f4fed0abfb73068d00784db,,stocks_list_dir/nasdaq/snapshots/nasdaq_listed_2021-03-23.csv
2021-03-25,repo_symdir,,,,,,https://github.com/SamPom100/UnusualVolumeDetector.git@ae5996602dc43b28f9000c79ad3a5187867124c6:data/nasdaqlisted.txt,4410,2942,N,full,Y,Y,Y,,34da9db1b1eb2302117ccf2c35be058e6d2f3258efdb47d018881e2841524036,,stocks_list_dir/nasdaq/snapshots/nasdaq_listed_2021-03-25.csv
2021-03-26,repo_symdir,,,,,,https://raw.githubusercontent.com/NilsDM/Raven/59c1737755fd81b6ba44e2897d166311f73578fc/nasdaqlisted.txt,4423,2949,N,full,Y,Y,Y,,5be5311a224ebf0a3c5115353199cdf5ac90534f4cb4182d10518b66940d73d1,,stocks_list_dir/nasdaq/snapshots/nasdaq_listed_2021-03-26.csv
2021-03-29,repo_symdir,,,,,,https://github.com/SamPom100/UnusualVolumeDetector.git@ed550e5ddeb0fa9d405914428ea56e9b7137d765:data/nasdaqlisted.txt,4440,2951,N,full,Y,Y,Y,,e42505de0118b4b7e47ffb85d8dba1b0c40d511b336ae1c6ffc3cc4699f9cb92,,stocks_list_dir/nasdaq/snapshots/nasdaq_listed_2021-03-29.csv
2021-03-30,repo_symdir,,,,,,https://github.com/SamPom100/UnusualVolumeDetector.git@f4849d5b337bc31ef7684fc641d1133ff178b30d:data/nasdaqlisted.txt,4443,2950,N,full,Y,Y,Y,,ffe8e5488fdf8bab27168e19e28e7caecdf931cb6e3f778b8853bbbdfe3cd37f,,stocks_list_dir/nasdaq/snapshots/nasdaq_listed_2021-03-30.csv
2021-03-31,repo_symdir,,,,,,https://github.com/SamPom100/UnusualVolumeDetector.git@66cff619a0a1c77621ef63e7aadfe9cb09b606db:data/nasdaqlisted.txt,4444,2951,N,full,Y,Y,Y,,997255d4176037fa6242a6544281c3f2bb469d6f0d4282e2397537c76ba72aa2,,stocks_list_dir/nasdaq/snapshots/nasdaq_listed_2021-03-31.csv
2021-04-01,repo_symdir,,,,,,https://github.com/SamPom100/UnusualVolumeDetector.git@713c0ff6d9675263f5dfea5942e8088d5d3cedec:data/nasdaqlisted.txt,4450,2954,N,full,Y,Y,Y,,42a812883e55004983791eeaa033700387ac74d4754b71e5fb6701a02cb4f359,,stocks_list_dir/nasdaq/snapshots/nasdaq_listed_2021-04-01.csv
2021-04-02,repo_symdir,,,,,,https://github.com/SamPom100/UnusualVolumeDetector.git@0db8d3a1dbcc60e77f7509985a5396157f11e755:data/nasdaqlisted.txt,4450,2954,N,full,Y,Y,Y,,c3f0f7519ce63c08e6b3353258e9fc0e67ced82a18d6a8a6e5fabfbd8b3c300a,,stocks_list_dir/nasdaq/snapshots/nasdaq_listed_2021-04-02.csv
2021-04-05,repo_symdir,,,,,,https://github.com/SamPom100/UnusualVolumeDetector.git@43626dcab167c6b8ebeda0a76ae3ec03becf3b68:data/nasdaqlisted.txt,4464,2954,N,full,Y,Y,Y,,caf2edf6a8752c268e6877a499f0be0e3800f97501c02f18f1b3b7ca9eb02757,,stocks_list_dir/nasdaq/snapshots/nasdaq_listed_2021-04-05.csv
2021-04-06,repo_symdir,,,,,,https://github.com/SamPom100/UnusualVolumeDetector.git@549043fd8aaadf285028cee515dfe01310509087:data/nasdaqlisted.txt,4464,2954,N,full,Y,Y,Y,,a82b67ed2858fd8378e9010396e8d5ab08c16055e2de2e2f5bab4a6b3d0acbda,,stocks_list_dir/nasdaq/snapshots/nasdaq_listed_2021-04-06.csv
2021-04-07,repo_symdir,,,,,,https://github.com/SamPom100/UnusualVolumeDetector.git@0e14e6ff9cf064035594adc6418c38bb98bf3917:data/nasdaqlisted.txt,4465,2954,N,full,Y,Y,Y,,b3384f09c91fa5f3f86c3248da411838249b67b14807262245823cd91daea917,,stocks_list_dir/nasdaq/snapshots/nasdaq_listed_2021-04-07.csv
2021-04-08,repo_symdir,,,,,,https://github.com/SamPom100/UnusualVolumeDetector.git@41e558a558862e39c78b05cbe659478f48a37afc:data/nasdaqlisted.txt,4466,2953,N,full,Y,Y,Y,,4f2695417cb334695d1479d1a88e4e2c043474995ce04cc6cded3b72d9a65e6c,,stocks_list_dir/nasdaq/snapshots/nasdaq_listed_2021-04-08.csv
2021-04-09,repo_symdir,,,,,,https://github.com/SamPom100/UnusualVolumeDetector.git@c65c2eacd55cfd8d5f1ccef930d73aef2f316b9e:data/nasdaqlisted.txt,4476,2956,N,full,Y,Y,Y,,38551928f2138c260157f73129b9fd56e113988e55d584a333f9d6c8e9e32734,,stocks_list_dir/nasdaq/snapshots/nasdaq_listed_2021-04-09.csv
2021-04-12,repo_symdir,,,,,,https://github.com/SamPom100/UnusualVolumeDetector.git@e5f8cd67439f8ad8b89cce6bb2c0fb31b9ecad09:data/nasdaqlisted.txt,4493,2957,N,full,Y,Y,Y,,00af181053940db56fd5e70cafc2771137a92260315786b52cae2ba1da2f4dd5,,stocks_list_dir/nasdaq/snapshots/nasdaq_listed_2021-04-12.csv
2021-04-13,repo_symdir,,,,,,https://github.com/SamPom100/UnusualVolumeDetector.git@a56de3f0ead5613fef10584f66f21e1f4abf005d:data/nasdaqlisted.txt,4494,2957,N,full,Y,Y,Y,,588c18931c2168b1cb31cd8c81b80d7463ed668c732d55653d2e5c2aef993df6,,stocks_list_dir/nasdaq/snapshots/nasdaq_listed_2021-04-13.csv
2021-04-14,repo_symdir,,,,,,https://github.com/SamPom100/UnusualVolumeDetector.git@2d39289637310c52ac925638928b3b1713a0180c:data/nasdaqlisted.txt,4500,2959,N,full,Y,Y,Y,,d2bf9ec3ea2cdad5ce4449db824f2e922fafeeb7584b0c8ccedff25372b14ba1,,stocks_list_dir/nasdaq/snapshots/nasdaq_listed_2021-04-14.csv
2021-04-15,repo_symdir,,,,,,https://github.com/SamPom100/UnusualVolumeDetector.git@715ee2c84bdedb7f80308fca685f90d69ac6142a:data/nasdaqlisted.txt,4510,2966,N,full,Y,Y,Y,,be46883f0286308814514652e7c76f274ea116862ab477483cf8d2d97573b0a5,,stocks_list_dir/nasdaq/snapshots/nasdaq_listed_2021-04-15.csv
2021-04-16,repo_symdir,,,,,,https://github.com/SamPom100/UnusualVolumeDetector.git@c3d8aed53057600c0cd1a6c8c20451e49b8bbff6:data/nasdaqlisted.txt,4524,2971,N,full,Y,Y,Y,,8b515ff444290e7d3e672800ae5c1505eff361d6363c596324af4131c3a520ff,,stocks_list_dir/nasdaq/snapshots/nasdaq_listed_2021-04-16.csv
2021-04-27,repo_symdir,,,,,,https://github.com/SamPom100/UnusualVolumeDetector.git@edef175ba3ec43d27bf0a07e6f7b88be60bd77c5:data/nasdaqlisted.txt,4571,2987,N,full,Y,Y,Y,,548e3983b1ec33dcca58995d6f75b8f3763a24d9f92037ac73ca7d88921d868f,,stocks_list_dir/nasdaq/snapshots/nasdaq_listed_2021-04-27.csv
2021-04-28,repo_symdir,,,,,,https://github.com/SamPom100/UnusualVolumeDetector.git@40ea7d887f2d5a3099f45b383aa984821fa3736b:data/nasdaqlisted.txt,4573,2989,N,full,Y,Y,Y,,e3347e08b5c3f9db0feb6cf6edb43f3b3aed0b80e0186e05650be9048ce219ee,,stocks_list_dir/nasdaq/snapshots/nasdaq_listed_2021-04-28.csv
2021-04-29,repo_symdir,,,,,,https://raw.githubusercontent.com/SamPom100/UnusualVolumeDetector/bc4595b3ceb540362e0967317e5535fde99644e5/data/nasdaqlisted.txt,4583,2993,N,full,Y,Y,Y,,a3790c8e3e4163db2e3c8c6bfc362be4723a4a15763816e504fa975d0e8b6bc9,,stocks_list_dir/nasdaq/snapshots/nasdaq_listed_2021-04-29.csv
2021-04-30,repo_symdir,,,,,,https://github.com/SamPom100/UnusualVolumeDetector.git@c9845ff29f4d214c55a5b86f544ac9b8f2280707:data/nasdaqlisted.txt,4591,2997,N,full,Y,Y,Y,,76a23edcac6335e00568e4068a80b7ab80cdb33026e6c18e54aa4e84425d2360,,stocks_list_dir/nasdaq/snapshots/nasdaq_listed_2021-04-30.csv
2021-05-03,repo_symdir,,,,,,https://github.com/SamPom100/UnusualVolumeDetector.git@3de7c0a029ad21896705bb727e30d4a90e6bc827:data/nasdaqlisted.txt,4611,2998,N,full,Y,Y,Y,,577c70875f0538534e3f5fb71bfc01094736f508fdd053a6e83316ade90bd5fd,,stocks_list_dir/nasdaq/snapshots/nasdaq_listed_2021-05-03.csv
2021-05-04,repo_symdir,,,,,,https://github.com/SamPom100/UnusualVolumeDetector.git@2567eeb38d9a5416b4734403e54f20745d78ded4:data/nasdaqlisted.txt,4615,3000,N,full,Y,Y,Y,,55a254df609eb3cf1431d79f20176b1629ceba256ddcff6fb83fde4c2bbcaf29,,stocks_list_dir/nasdaq/snapshots/nasdaq_listed_2021-05-04.csv
2021-05-05,repo_symdir,,,,,,https://github.com/SamPom100/UnusualVolumeDetector.git@05593f9f4867d8942f97833ddd0a02394f691dae:data/nasdaqlisted.txt,4619,3003,N,full,Y,Y,Y,,0125b959b00237d304b76eaa630ad9a63d0ff6730e07494b99ef08e342b13f3f,,stocks_list_dir/nasdaq/snapshots/nasdaq_listed_2021-05-05.csv
2021-05-12,repo_symdir,,,,,,https://github.com/SamPom100/UnusualVolumeDetector.git@267912bed2aa02d4fcea382aed06e0071b34a271:data/nasdaqlisted.txt,4653,3018,N,full,Y,Y,Y,,62e7395c977ccf3099d99c340cc69a052fe80b76d9e8bf1af85b752068446cfc,,stocks_list_dir/nasdaq/snapshots/nasdaq_listed_2021-05-12.csv
2021-05-13,repo_symdir,,,,,,https://github.com/SamPom100/UnusualVolumeDetector.git@7fc85edff2456a43dda68f22ea84bf3e3d34a8f6:data/nasdaqlisted.txt,4665,3020,N,full,Y,Y,Y,,c1e6c9c42bcf6b43beeb3aa9ed21c76fb7c4ffceb4d939c893360da24fab9629,,stocks_list_dir/nasdaq/snapshots/nasdaq_listed_2021-05-13.csv
2021-05-14,repo_symdir,,,,,,https://github.com/SamPom100/UnusualVolumeDetector.git@4775eb1351fb75ae96caf42166d379b29931a106:data/nasdaqlisted.txt,4679,3026,N,full,Y,Y,Y,,0126f345c7e80dd8611cd12cc87b0d41f37ac5a378d70126846ad1c1b7216f55,,stocks_list_dir/nasdaq/snapshots/nasdaq_listed_2021-05-14.csv
2021-05-17,repo_symdir,,,,,,https://github.com/SamPom100/UnusualVolumeDetector.git@089c8b0fceb861cba628d6f42d4b0facb98d8c74:data/nasdaqlisted.txt,4682,3026,N,full,Y,Y,Y,,17f6799d0c5b7735edccfbc11abb21fc5464805f01408266440135e08205f504,,stocks_list_dir/nasdaq/snapshots/nasdaq_listed_2021-05-17.csv
2021-05-18,repo_symdir,,,,,,https://github.com/SamPom100/UnusualVolumeDetector.git@ce6c2588e332ad8745215a15c3393c739290ed70:data/nasdaqlisted.txt,4691,3027,N,full,Y,Y,Y,,af8bb895d1808f6af8b09fcd31828cdf06854bd5e214de4d2a3400adb5f46c14,,stocks_list_dir/nasdaq/snapshots/nasdaq_listed_2021-05-18.csv
2021-05-19,repo_symdir,,,,,,https://github.com/SamPom100/UnusualVolumeDetector.git@139d48d97a188520fc09f55f2be91275e1020d3b:data/nasdaqlisted.txt,4697,3028,N,full,Y,Y,Y,,8a8941e721411ef29d4bfd60c66a25f82383f9931745a6a7f23803dff3c2e0f4,,stocks_list_dir/nasdaq/snapshots/nasdaq_listed_2021-05-19.csv
2021-05-20,repo_symdir,,,,,,https://github.com/SamPom100/UnusualVolumeDetector.git@231b600af76b0f40510af5c90f6fc884b5dbc7ea:data/nasdaqlisted.txt,4699,3029,N,full,Y,Y,Y,,29cfcb6828dbda61a4cc99c4e55c5efaa0cf030b668af8901e8ab8b6fabb1f3d,,stocks_list_dir/nasdaq/snapshots/nasdaq_listed_2021-05-20.csv
2021-05-21,repo_symdir,,,,,,https://raw.githubusercontent.com/SamPom100/UnusualVolumeDetector/1ffe41ef97e22600099ca1ee98d20c587505f8cd/data/nasdaqlisted.txt,4704,3031,N,full,Y,Y,Y,,9bb5053e0b20938da6471ec86d918c487fbc4f8e29cca58ae0251968cf09ec4c,,stocks_list_dir/nasdaq/snapshots/nasdaq_listed_2021-05-21.csv
2021-06-14,repo_symdir,20210614232702,2021-06-14T19:27:02-04:00,,,,https://data.commoncrawl.org/crawl-data/CC-MAIN-2021-25/segments/1623487614006.8/warc/CC-MAIN-20210614232115-20210615022115-00057.warc.gz#offset=824798620&length=60658&timestamp=20210614232702,4742,3059,N,full,Y,Y,Y,,e0a7aefc536e56bac0bdcaf592d680d230ca3bcd5e81c08e69811cc766573fbb,,stocks_list_dir/nasdaq/snapshots/nasdaq_listed_2021-06-14.csv
2021-07-15,repo_symdir,,,,,,https://raw.githubusercontent.com/SamPom100/UnusualVolumeDetector/94031d2caa47f0327207d2b4c93d2b9ee5841f20/data/nasdaqlisted.txt,4844,3138,N,full,Y,Y,Y,,3e02df48f716d7d89bce3884bbbe0a3373111cecf9426bb851f1d1cb35d1f9a3,,stocks_list_dir/nasdaq/snapshots/nasdaq_listed_2021-07-15.csv
2021-07-16,repo_symdir,,,,,,https://github.com/SamPom100/UnusualVolumeDetector.git@cab3d9084ed475d69ee1c8997740ef17ab7bd407:data/nasdaqlisted.txt,4849,3142,N,full,Y,Y,Y,,85f87428e62d87d5e9b070e61be8b0e5a610938980d4344e9c2f539b9a58fc5a,,stocks_list_dir/nasdaq/snapshots/nasdaq_listed_2021-07-16.csv
2021-07-19,repo_symdir,,,,,,https://github.com/SamPom100/UnusualVolumeDetector.git@73e702f85748c762be3b0635120f7a5ed2717758:data/nasdaqlisted.txt,4847,3144,N,full,Y,Y,Y,,b9517542f97940911c7d2b72f32c179140c0d0131f20ec4a2e99e3e9ea54474b,,stocks_list_dir/nasdaq/snapshots/nasdaq_listed_2021-07-19.csv
2021-07-20,repo_symdir,,,,,,https://raw.githubusercontent.com/SamPom100/UnusualVolumeDetector/d369fffc3b397fcbd8b941609e32213144559f49/data/nasdaqlisted.txt,4851,3145,N,full,Y,Y,Y,,02b143bd9374f0cd4b852afb52abc63688fd3def4175bb025b027da0a308aee7,,stocks_list_dir/nasdaq/snapshots/nasdaq_listed_2021-07-20.csv
2021-07-21,repo_symdir,,,,,,https://github.com/SamPom100/UnusualVolumeDetector.git@d1eb41b1a970b383e7ae80885555f1990a28b4b0:data/nasdaqlisted.txt,4854,3150,N,full,Y,Y,Y,,a0eed59123daea6ff4c568358fb3df7f4d6bb7856fd570eb9b8ae0361802cf61,,stocks_list_dir/nasdaq/snapshots/nasdaq_listed_2021-07-21.csv
2021-07-22,repo_symdir,,,,,,https://github.com/SamPom100/UnusualVolumeDetector.git@fa795b220f06d835a447ebcfbbcab12eb34180d9:data/nasdaqlisted.txt,4855,3154,N,full,Y,Y,Y,,9cb1e2f2fa960e11ad7db69781299c584ceb81761157fb8739b99d1e1df4a8a0,,stocks_list_dir/nasdaq/snapshots/nasdaq_listed_2021-07-22.csv
2021-07-23,repo_symdir,,,,,,https://github.com/SamPom100/UnusualVolumeDetector.git@3889f3b1a931fad8a8c2660d80163b6eb1b53a01:data/nasdaqlisted.txt,4861,3160,N,full,Y,Y,Y,,1304cd1c78b159a13c42a08769c247d8fa27048e25db1e64475b6401a359b720,,stocks_list_dir/nasdaq/snapshots/nasdaq_listed_2021-07-23.csv
2021-07-29,repo_symdir,,,,,,https://github.com/SamPom100/UnusualVolumeDetector.git@59488d85674f259bc183480423c00b8002535753:data/nasdaqlisted.txt,4875,3170,N,full,Y,Y,Y,,b6df3f0d4bf19659760e6f8d453bbbb655d86b720d48e779d036a79b405432fa,,stocks_list_dir/nasdaq/snapshots/nasdaq_listed_2021-07-29.csv
2021-07-30,repo_symdir,,,,,,https://github.com/SamPom100/UnusualVolumeDetector.git@aa7d2ca89c7a04f68a2131412da273dc387879c5:data/nasdaqlisted.txt,4888,3178,N,full,Y,Y,Y,,09b7db726af904ea64a89b55d6c3f2af43042fa200ed6f67cb34960d2c530cb5,,stocks_list_dir/nasdaq/snapshots/nasdaq_listed_2021-07-30.csv
2021-08-02,repo_symdir,,,,,,https://github.com/zhouyousong/ZfinanceUI.git@804138a06919bfadfba2892a3f41775fdbb61fa7:backup/210805/00_Config/NasdaqTickerList.csv,4887,3179,N,full,Y,Y,Y,,4c36e87424dc4454d89c9d14eb70d6ee304b2446acddb00987112b16445ae1a3,,stocks_list_dir/nasdaq/snapshots/nasdaq_listed_2021-08-02.csv
2021-08-03,repo_symdir,,,,,,https://github.com/SamPom100/UnusualVolumeDetector.git@91b55845dc46a0511b60b11d98520c0b74222aca:data/nasdaqlisted.txt,4892,3181,N,full,Y,Y,Y,,f9d2d78ff6e29636f377fb0041cc86f99deccd9ffedde9b76c3ffbb3cc151e12,,stocks_list_dir/nasdaq/snapshots/nasdaq_listed_2021-08-03.csv
2021-08-04,repo_symdir,,,,,,https://github.com/SamPom100/UnusualVolumeDetector.git@c11a2e28eaaa0c9fc125bf5fec612e252d1fa130:data/nasdaqlisted.txt,4901,3182,N,full,Y,Y,Y,,ed1ab997d8bb4036545271ec8256251160fc01ed99ba09001611df9232b35d3d,,stocks_list_dir/nasdaq/snapshots/nasdaq_listed_2021-08-04.csv
2021-08-05,repo_symdir,,,,,,https://github.com/SamPom100/UnusualVolumeDetector.git@5fe49356bd6b28dff7117ac74bcd78e3b8a9c98f:data/nasdaqlisted.txt,4903,3184,N,full,Y,Y,Y,,bc4ae049eb0717ca5dd563665d2d35b2713b3225fb2d27055ca4d26bf66022ad,,stocks_list_dir/nasdaq/snapshots/nasdaq_listed_2021-08-05.csv
2021-08-06,repo_symdir,,,,,,https://github.com/SamPom100/UnusualVolumeDetector.git@c72b686f34e452a4e1434e6e6807a7b9188c48d1:data/nasdaqlisted.txt,4908,3184,N,full,Y,Y,Y,,7c6b5191f97e0c6dbd2f7d134af47e35db46b9df58d738436b46c3c57e53fa40,,stocks_list_dir/nasdaq/snapshots/nasdaq_listed_2021-08-06.csv
2021-08-07,repo_symdir,,,,,,https://github.com/SamPom100/UnusualVolumeDetector.git@aab8b30f0126031960efdc022359e902af141329:data/nasdaqlisted.txt,4908,3184,N,full,Y,Y,Y,,0781aaaf08434db2b978184b0c54dd7c7dca3f41dcffc390e919125ccd01c62b,,stocks_list_dir/nasdaq/snapshots/nasdaq_listed_2021-08-07.csv
2021-08-09,repo_symdir,,,,,,https://github.com/SamPom100/UnusualVolumeDetector.git@a50a704c08468fa86a2c4479e159c8ab4a72d518:data/nasdaqlisted.txt,4912,3183,N,full,Y,Y,Y,,89e45a99ada837d770cdb46e042916c3500ff141ca54171d4acec5240ee4072a,,stocks_list_dir/nasdaq/snapshots/nasdaq_listed_2021-08-09.csv
2021-08-10,repo_symdir,,,,,,https://github.com/SamPom100/UnusualVolumeDetector.git@03892351a02ddb901bdd1a5521cf586ce49f15de:data/nasdaqlisted.txt,4918,3186,N,full,Y,Y,Y,,5c5bd81f38116b833ac36cc3ba411ab7c35c4d7adb36ff9aff99ab56a8b03536,,stocks_list_dir/nasdaq/snapshots/nasdaq_listed_2021-08-10.csv
2021-08-11,repo_symdir,,,,,,https://raw.githubusercontent.com/SamPom100/UnusualVolumeDetector/964832921c0d1659cf3a7c22e72734896368261e/data/nasdaqlisted.txt,4925,3188,N,full,Y,Y,Y,,e45fd9c5672e0ba8becd7b75edf5b4cf002d859e0fb277d1fe9e9ac60256fa7c,,stocks_list_dir/nasdaq/snapshots/nasdaq_listed_2021-08-11.csv
2021-08-12,repo_symdir,,,,,,https://raw.githubusercontent.com/SamPom100/UnusualVolumeDetector/5e3e87b55e557319498022a6dd62198fc6056f68/data/nasdaqlisted.txt,4931,3191,N,full,Y,Y,Y,,4b4273dcceb7523c5b7ef5ec321cf960503ca6573017455a4bedfbc45fe84b8b,,stocks_list_dir/nasdaq/snapshots/nasdaq_listed_2021-08-12.csv
2021-08-13,repo_symdir,,,,,,https://raw.githubusercontent.com/SamPom100/UnusualVolumeDetector/5b7bbfa48bee3c415940711a193e6d83e73da166/data/nasdaqlisted.txt,4942,3194,N,full,Y,Y,Y,,8712fad66e6ec6c9e02a3f79ce388a34eb9a7691d048ac3f8e46a8cf0aed7166,,stocks_list_dir/nasdaq/snapshots/nasdaq_listed_2021-08-13.csv
2021-08-16,repo_symdir,,,,,,https://raw.githubusercontent.com/SamPom100/UnusualVolumeDetector/a361452e94bf27a75c7fc754c89f4773838dae79/data/nasdaqlisted.txt,4942,3196,N,full,Y,Y,Y,,2dbdb52bb76201826e398b22a97f1697e829b6007ddbef5288174714d1094489,,stocks_list_dir/nasdaq/snapshots/nasdaq_listed_2021-08-16.csv
2021-08-17,repo_symdir,,,,,,https://raw.githubusercontent.com/SamPom100/UnusualVolumeDetector/4ccc5690b306f11647716baa30e283ef3787e607/data/nasdaqlisted.txt,4947,3196,N,full,Y,Y,Y,,56e5db1c279199f89c3cf252e06bf643f0fe3437fb19ae8793c684808073c017,,stocks_list_dir/nasdaq/snapshots/nasdaq_listed_2021-08-17.csv
2021-08-19,repo_symdir,,,,,,https://raw.githubusercontent.com/SamPom100/UnusualVolumeDetector/ec0245868a6f21cff938a236e08fe072f4caa99b/data/nasdaqlisted.txt,4951,3197,N,full,Y,Y,Y,,2a8da6f5314c99bc72630fe36f540ce61b8458d5cabd57afbb9797245c5bd368,,stocks_list_dir/nasdaq/snapshots/nasdaq_listed_2021-08-19.csv
2021-08-20,repo_symdir,,,,,,https://raw.githubusercontent.com/SamPom100/UnusualVolumeDetector/bff916dcfd53ad6fff7e31c7851881198cd680d4/data/nasdaqlisted.txt,4955,3199,N,full,Y,Y,Y,,54e2870d8dcf7f9d6340356ef6651f524b5f5dbcefc983c6528e00dc658066b9,,stocks_list_dir/nasdaq/snapshots/nasdaq_listed_2021-08-20.csv
2021-08-21,repo_symdir,,,,,,https://github.com/SamPom100/UnusualVolumeDetector.git@bff916dcfd53ad6fff7e31c7851881198cd680d4:data/nasdaqlisted.txt,4955,3199,N,full,Y,Y,Y,,63c1db5826c3eee30ab126b03f2cc0542c7a44fcad027efdb05b2669ee192279,,stocks_list_dir/nasdaq/snapshots/nasdaq_listed_2021-08-21.csv
2021-08-23,repo_symdir,,,,,,https://raw.githubusercontent.com/SamPom100/UnusualVolumeDetector/5d1c41a8c50250cf6d3be0fa8197d59ffed393bc/data/nasdaqlisted.txt,4958,3201,N,full,Y,Y,Y,,3042fcb771011dc18051952c684454c5e5d37e1313f465d40e12921a50fe9dd2,,stocks_list_dir/nasdaq/snapshots/nasdaq_listed_2021-08-23.csv
2021-08-24,repo_symdir,,,,,,https://raw.githubusercontent.com/SamPom100/UnusualVolumeDetector/08b8ba57d4c9c6e64f174b850ae921140d2fcfe0/data/nasdaqlisted.txt,4958,3205,N,full,Y,Y,Y,,a6c9c9d164efbeca5783c1391e33a843540e581716c3cbcc9ffb4828e9de2078,,stocks_list_dir/nasdaq/snapshots/nasdaq_listed_2021-08-24.csv
2021-08-25,repo_symdir,,,,,,https://raw.githubusercontent.com/SamPom100/UnusualVolumeDetector/e163ee4a6867eaabea18c81085175e4678ec3b14/data/nasdaqlisted.txt,4956,3206,N,full,Y,Y,Y,,7fc4ccc3236bfe88d300633a4bcd04a198b8e86e987398e87417d5c337b1fa66,,stocks_list_dir/nasdaq/snapshots/nasdaq_listed_2021-08-25.csv
2021-08-27,repo_symdir,,,,,,https://raw.githubusercontent.com/SamPom100/UnusualVolumeDetector/5a7858779ed0efb23e80f28d003a0d9c0a032ce5/data/nasdaqlisted.txt,4964,3213,N,full,Y,Y,Y,,1912cda9789a2a6548198933fd826ceaf0e2b87490e362b0007758ab0f7688df,,stocks_list_dir/nasdaq/snapshots/nasdaq_listed_2021-08-27.csv
2021-09-02,repo_symdir,,,,,,https://raw.githubusercontent.com/SamPom100/UnusualVolumeDetector/997a99ab05706bda4c55dddf989db3b75d58b6f9/data/nasdaqlisted.txt,4965,3213,N,full,Y,Y,Y,,cda375b39a51020586f9ffdda0538dc1204cc7db65e4cfcc6f62e17eb1780b91,,stocks_list_dir/nasdaq/snapshots/nasdaq_listed_2021-09-02.csv
2021-09-07,repo_symdir,,,,,,https://raw.githubusercontent.com/SamPom100/UnusualVolumeDetector/d13c8a2eb1fccbe7eb454d7d68b8406b0a2beb9c/data/nasdaqlisted.txt,4972,3214,N,full,Y,Y,Y,,c1000befe699ae8f4b9950488358f58674e096f733f2d8053133c926b85fc257,,stocks_list_dir/nasdaq/snapshots/nasdaq_listed_2021-09-07.csv
2021-09-08,repo_symdir,,,,,,https://raw.githubusercontent.com/SamPom100/UnusualVolumeDetector/e8edeb851797f6180450efdc7162342bd53d100b/data/nasdaqlisted.txt,4975,3215,N,full,Y,Y,Y,,4bdc4669c29b3f54e7bb5ac5ee2ab41c1821e0532d6cb9bf248340246e1ed5c8,,stocks_list_dir/nasdaq/snapshots/nasdaq_listed_2021-09-08.csv
2021-09-10,repo_symdir,,,,,,https://raw.githubusercontent.com/SamPom100/UnusualVolumeDetector/72001cdb822dca073e605a339ba2a5ebfaae12cc/data/nasdaqlisted.txt,4984,3218,N,full,Y,Y,Y,,03b5cdd95e55776eb3acd40d900ed94ef5678fe4be7a208a4b9360190b4ac918,,stocks_list_dir/nasdaq/snapshots/nasdaq_listed_2021-09-10.csv
2021-09-15,repo_symdir,,,,,,https://raw.githubusercontent.com/SamPom100/UnusualVolumeDetector/7abd1203dc5decc46d2dc1dae808fba467a111a6/data/nasdaqlisted.txt,5003,3228,N,full,Y,Y,Y,,6f645d59d7c6095984cdf689b16bcb1e704c37615e4e30d3493daedb2cea0e43,,stocks_list_dir/nasdaq/snapshots/nasdaq_listed_2021-09-15.csv
2021-09-16,repo_symdir,,,,,,https://raw.githubusercontent.com/SamPom100/UnusualVolumeDetector/21f74fe6ff4ff761901b8765919518be73c74bf0/data/nasdaqlisted.txt,5006,3229,N,full,Y,Y,Y,,609390544ccbd58b37ed7e3313c0691560e8db0edc3df82c7117e95c66f1e82e,,stocks_list_dir/nasdaq/snapshots/nasdaq_listed_2021-09-16.csv
2021-09-17,repo_symdir,,,,,,https://raw.githubusercontent.com/SamPom100/UnusualVolumeDetector/6f86cc315577d1405ae0a088a6f35478569a1c70/data/nasdaqlisted.txt,5007,3230,N,full,Y,Y,Y,,e3a6172b290f6ce9abc87395af04f7ab2dc3ea4654487ef10ca9fb966b608232,,stocks_list_dir/nasdaq/snapshots/nasdaq_listed_2021-09-17.csv
2021-09-20,repo_symdir,,,,,,https://raw.githubusercontent.com/SamPom100/UnusualVolumeDetector/d4b5595ec598b6b8f2aaf6f90a37a8e88334028d/data/nasdaqlisted.txt,5010,3229,N,full,Y,Y,Y,,738c0ca3e0631e4bc440a6a9df4a5f397133401a37625def84984d0574d1efc9,,stocks_list_dir/nasdaq/snapshots/nasdaq_listed_2021-09-20.csv
2021-09-22,repo_symdir,,,,,,https://raw.githubusercontent.com/SamPom100/UnusualVolumeDetector/a331fe55eaf7937d7cd22f9f8205e61c95e8ad07/data/nasdaqlisted.txt,5017,3232,N,full,Y,Y,Y,,b6ce8df7d237566a7637985d633c761b6277fd65138161eb81258fd35b886793,,stocks_list_dir/nasdaq/snapshots/nasdaq_listed_2021-09-22.csv
2021-09-27,repo_symdir,,,,,,https://raw.githubusercontent.com/SamPom100/UnusualVolumeDetector/dbb4b0fddf759658d34874e2600588440d6523df/data/nasdaqlisted.txt,5040,3242,N,full,Y,Y,Y,,a85ae61ab8563d195cb40d60760163d730760bf7e914fc9d45c55dcd56fcd286,,stocks_list_dir/nasdaq/snapshots/nasdaq_listed_2021-09-27.csv
2021-09-29,repo_symdir,,,,,,https://raw.githubusercontent.com/SamPom100/UnusualVolumeDetector/fea4d7062c06b62ea72a0e6aa417e0c76327a63e/data/nasdaqlisted.txt,5049,3248,N,full,Y,Y,Y,,bbe602add72927f8d63d54dd52143b0fa8f54e7b878128f99639b72fd492dcdd,,stocks_list_dir/nasdaq/snapshots/nasdaq_listed_2021-09-29.csv
2021-10-04,repo_symdir,,,,,,https://raw.githubusercontent.com/SamPom100/UnusualVolumeDetector/232bdb506334e9b409a43097c5a7c9b6b5d5d3a5/data/nasdaqlisted.txt,5081,3250,N,full,Y,Y,Y,,41cb8564ec5f671bae24174603fdbfabeea95196fd16f1d15c1bc4a77941cf1f,,stocks_list_dir/nasdaq/snapshots/nasdaq_listed_2021-10-04.csv
2021-10-18,repo_symdir,,,,,,https://raw.githubusercontent.com/SamPom100/UnusualVolumeDetector/175b9302314e5fcc020d78d3fac703540f316911/data/nasdaqlisted.txt,5113,3264,N,full,Y,Y,Y,,051b108470cce9efe4ba970f05988f70a8b7c74f0b370db145b81f432f1e10e8,,stocks_list_dir/nasdaq/snapshots/nasdaq_listed_2021-10-18.csv
2021-10-25,repo_symdir,,,,,,https://raw.githubusercontent.com/SamPom100/UnusualVolumeDetector/631d7dc039ada3d7459b3013efad1d3627046481/data/nasdaqlisted.txt,5133,3276,N,full,Y,Y,Y,,4f733502dcb9bb1d9779a3ad1d4b7e51699ce83b6d461a2039cbc3b5cadb3806,,stocks_list_dir/nasdaq/snapshots/nasdaq_listed_2021-10-25.csv
2021-10-26,repo_symdir,,,,,,https://raw.githubusercontent.com/SamPom100/UnusualVolumeDetector/bcd4eaf65a6825cfa429ec857e2f8f23ee039aa2/data/nasdaqlisted.txt,5135,3277,N,full,Y,Y,Y,,50692305721c2984a4defb6ff52b757eeb77f31df64dc841e6a1b01fd7599af8,,stocks_list_dir/nasdaq/snapshots/nasdaq_listed_2021-10-26.csv
2021-10-28,repo_symdir,,,,,,https://raw.githubusercontent.com/SamPom100/UnusualVolumeDetector/64e085145bd67b77a7f11775703a7267d78d8ed9/data/nasdaqlisted.txt,5156,3282,N,full,Y,Y,Y,,b9389760bffd8aa10af92cb0ad6e98bebf9d4fd998fe0825d8f6c19235a32c96,,stocks_list_dir/nasdaq/snapshots/nasdaq_listed_2021-10-28.csv
2021-10-29,repo_symdir,,,,,,https://github.com/SamPom100/UnusualVolumeDetector.git@64e085145bd67b77a7f11775703a7267d78d8ed9:data/nasdaqlisted.txt,5156,3282,N,full,Y,Y,Y,,ce58e357019cf2212bcfc1ca3940dca92c70d3f403263fb006d7bafc74229e58,,stocks_list_dir/nasdaq/snapshots/nasdaq_listed_2021-10-29.csv
2021-11-01,repo_symdir,,,,,,https://raw.githubusercontent.com/SamPom100/UnusualVolumeDetector/eba927ab78402fd849cb5ffaff011d53d57cb4a4/data/nasdaqlisted.txt,5160,3286,N,full,Y,Y,Y,,8c0d02f72280ff046760e5c3a2fdf638c9c3a846251a7ac3d9201a2b35f379fd,,stocks_list_dir/nasdaq/snapshots/nasdaq_listed_2021-11-01.csv
2021-11-03,repo_symdir,,,,,,https://raw.githubusercontent.com/SamPom100/UnusualVolumeDetector/2ce92a7133db40efd10dccbbe1eb89c9d8ed6428/data/nasdaqlisted.txt,5165,3288,N,full,Y,Y,Y,,8335437415809605ebe8fd183d0f973a48837afc597b262f9ca250791839d841,,stocks_list_dir/nasdaq/snapshots/nasdaq_listed_2021-11-03.csv
2021-11-29,repo_symdir,,,,,,https://raw.githubusercontent.com/SamPom100/UnusualVolumeDetector/47f1815693d048d6bebd5ea438e9223fdef46316/data/nasdaqlisted.txt,5277,3318,N,full,Y,Y,Y,,0acc1438b1841180b062714e0dd8478724e99104a33453eefb0473b94827338c,,stocks_list_dir/nasdaq/snapshots/nasdaq_listed_2021-11-29.csv
2021-11-30,repo_symdir,,,,,,https://raw.githubusercontent.com/SamPom100/UnusualVolumeDetector/99ce319d586c169b2bae3cbce54654db219fb6f7/data/nasdaqlisted.txt,5280,3320,N,full,Y,Y,Y,,b454dbe097a45d2269f6030492b5fb58d3b0769a5bd9a18da772d41bbaccd0cb,,stocks_list_dir/nasdaq/snapshots/nasdaq_listed_2021-11-30.csv
2021-12-01,repo_symdir,,,,,,https://raw.githubusercontent.com/SamPom100/UnusualVolumeDetector/3eb12e9f63905b6513ed3eb1de16d99d91b24d4e/data/nasdaqlisted.txt,5285,3320,N,full,Y,Y,Y,,388af15352d0a2a59ef9d7b77d5784ee15ae4a9048e579e7ef2cf73d0ac4a19d,,stocks_list_dir/nasdaq/snapshots/nasdaq_listed_2021-12-01.csv
2021-12-02,repo_symdir,,,,,,https://raw.githubusercontent.com/SamPom100/UnusualVolumeDetector/c799c605bea7abbebd472f10bd9afb95cd52c3d1/data/nasdaqlisted.txt,5291,3320,N,full,Y,Y,Y,,1f24c37a7e0495536ae6bf0286aafec54365e2f2263bf4e0e5f38dd65a21f76e,,stocks_list_dir/nasdaq/snapshots/nasdaq_listed_2021-12-02.csv
2021-12-06,repo_symdir,,,,,,https://raw.githubusercontent.com/SamPom100/UnusualVolumeDetector/24ea7c2c9ca2a35cfba3aee3adf42099bcd32e17/data/nasdaqlisted.txt,5298,3322,N,full,Y,Y,Y,,97001c616e79a68128fec301bccbc9a9364d19df866ea2c5fc1c9fb53aadcb66,,stocks_list_dir/nasdaq/snapshots/nasdaq_listed_2021-12-06.csv
2021-12-07,repo_symdir,,,,,,https://raw.githubusercontent.com/SamPom100/UnusualVolumeDetector/a791c12ee3993fb4b2e4d9e58ec025b3b850a73e/data/nasdaqlisted.txt,5304,3324,N,full,Y,Y,Y,,05e3cf4e5adb7942ca3d5152ee1b715cd8d6bac90d7c4b2cfda75ac955a85eb1,,stocks_list_dir/nasdaq/snapshots/nasdaq_listed_2021-12-07.csv
2021-12-17,repo_symdir,,,,,,https://raw.githubusercontent.com/SamPom100/UnusualVolumeDetector/eed9888d1f9d8bc03ad692ff9b0184aa8433525c/data/nasdaqlisted.txt,5362,3336,N,full,Y,Y,Y,,c9744f8d41c7b00a50d10cdbbb695c6827f4b229c5a5b50c7f14f0665b93e980,,stocks_list_dir/nasdaq/snapshots/nasdaq_listed_2021-12-17.csv
2021-12-18,repo_symdir,,,,,,https://github.com/SamPom100/UnusualVolumeDetector.git@eed9888d1f9d8bc03ad692ff9b0184aa8433525c:data/nasdaqlisted.txt,5362,3336,N,full,Y,Y,Y,,0eeb028a674011caf5516c7b43c97e12fcd0b65bff4d8880094f8e504d6285f5,,stocks_list_dir/nasdaq/snapshots/nasdaq_listed_2021-12-18.csv
2021-12-31,repo_symdir,,,,,,https://raw.githubusercontent.com/SamPom100/UnusualVolumeDetector/7b341b0be7aefe5c7acab095b21a98b3ccc755be/data/nasdaqlisted.txt,5419,3348,N,full,Y,Y,Y,,cad76824bdfead80a76b0a6259afbed13ccbe58eb22016eb1cbcfe2dcc492b70,,stocks_list_dir/nasdaq/snapshots/nasdaq_listed_2021-12-31.csv
2022-01-13,repo_symdir,,,,,,https://raw.githubusercontent.com/SamPom100/UnusualVolumeDetector/496e14b2b0a1aebd429d8d692440e9647c3a4d2b/data/nasdaqlisted.txt,5466,3357,N,full,Y,Y,Y,,fa65344fa8348ad04ae06ece12391b55d641567d4f66f1146c65dbd1cf983d34,,stocks_list_dir/nasdaq/snapshots/nasdaq_listed_2022-01-13.csv
2022-02-11,repo_symdir,,,,,,https://raw.githubusercontent.com/kyoungd/material-stock-finder/c7464ed82bf45e41f28cc396d93358cd8debc67d/nasdaqlisted.txt,5569,3380,N,full,Y,Y,Y,,f0c6ad2d81f3f3b66b89b2035649a7ee220a9102772b136b6408f6cca6328449,,stocks_list_dir/nasdaq/snapshots/nasdaq_listed_2022-02-11.csv
2022-03-01,repo_symdir,,,,,,https://github.com/hnsk/redis-timeseries-stocks.git@8cc9631027b14d089595844459146faf960432ab:stockdata/nasdaqlisted.txt,5590,3387,N,full,Y,Y,Y,,cba85d757f3922eee304e260733e1efe1f97e85bb48aa855f6a932b845498369,,stocks_list_dir/nasdaq/snapshots/nasdaq_listed_2022-03-01.csv
2022-03-03,repo_symdir,,,,,,https://raw.githubusercontent.com/SamPom100/UnusualVolumeDetector/163d61d625259adc0980902a215db8d4f81c5066/data/nasdaqlisted.txt,5593,3386,N,full,Y,Y,Y,,88c33ff6b5ab344fe066cdb6ac373b9a6a12503182e5c317baf603e162c3398c,,stocks_list_dir/nasdaq/snapshots/nasdaq_listed_2022-03-03.csv
2022-03-04,repo_symdir,,,,,,https://github.com/SamPom100/UnusualVolumeDetector.git@163d61d625259adc0980902a215db8d4f81c5066:data/nasdaqlisted.txt,5593,3386,N,full,Y,Y,Y,,46d1a5f9548deef249e508a01ed3625c9429c7e95b6eb6fa14cd44b571c55311,,stocks_list_dir/nasdaq/snapshots/nasdaq_listed_2022-03-04.csv
2022-04-01,repo_symdir,,,,,,https://raw.githubusercontent.com/SamPom100/UnusualVolumeDetector/fd0ec6b2cc748fc9a1f0040a0311f657ab5c785e/data/nasdaqlisted.txt,5639,3385,N,full,Y,Y,Y,,e5f85e859034573b36610c509f0c8589ada5702071bb2266ffa47190e4cc4d9d,,stocks_list_dir/nasdaq/snapshots/nasdaq_listed_2022-04-01.csv
2022-04-11,repo_symdir,,,,,,https://raw.githubusercontent.com/SamPom100/UnusualVolumeDetector/abbf718a1b4ab68c0afdd1cb4481ea618345e4b3/data/nasdaqlisted.txt,5644,3381,N,full,Y,Y,Y,,fc2be8e6c8b639823afee48b5ac104aa2b860674a26f31abcd191697371aaa63,,stocks_list_dir/nasdaq/snapshots/nasdaq_listed_2022-04-11.csv
2022-04-22,repo_symdir,,,,,,https://raw.githubusercontent.com/SamPom100/UnusualVolumeDetector/a5471d59a873a6a5bdbe969b7697e2d410c53294/data/nasdaqlisted.txt,5678,3387,N,full,Y,Y,Y,,a2414c6db27d74bf87c74acd90399b5a5aba674b3b2cf566374d36c505349b1e,,stocks_list_dir/nasdaq/snapshots/nasdaq_listed_2022-04-22.csv
2022-04-23,repo_symdir,,,,,,https://github.com/SamPom100/UnusualVolumeDetector.git@a5471d59a873a6a5bdbe969b7697e2d410c53294:data/nasdaqlisted.txt,5678,3387,N,full,Y,Y,Y,,ed3cc742ec0df53e8b9ce85fa55470b89b2bf4bd79ce182b99f05e6b71bf845b,,stocks_list_dir/nasdaq/snapshots/nasdaq_listed_2022-04-23.csv
2022-05-11,repo_symdir,,,,,,https://raw.githubusercontent.com/SamPom100/UnusualVolumeDetector/46bc133131695091eb1116caac96ed5594bb8b43/data/nasdaqlisted.txt,5688,3392,N,full,Y,Y,Y,,9031a070d314fed6cc77bbd2ccf2b4d300a2f7e9c0ecf7eff0325290d948e84e,,stocks_list_dir/nasdaq/snapshots/nasdaq_listed_2022-05-11.csv
2022-06-07,repo_symdir,,,,,,https://raw.githubusercontent.com/SamPom100/UnusualVolumeDetector/88241672b266ec4fcd5f429b5e62452be6d82984/data/nasdaqlisted.txt,5696,3392,N,full,Y,Y,Y,,84d656c96220438a4475ceaa3b5eae5cd7994d989a0bfbfc08a2183bd1c64594,,stocks_list_dir/nasdaq/snapshots/nasdaq_listed_2022-06-07.csv
2022-06-24,repo_symdir,,,,,,https://raw.githubusercontent.com/Ec04222002/nasdaq_symbols/7d2a2e490f23206c1ff693a1348b031a946dd382/nasdaq.json,4003,2749,N,no_etf_flag,Y,Y,N,Source Format=json_catalog; no ETF column; ETFs count as common unless the name gives them away; no Test Issue column,a8a3db4b2b30b56823889ab61c01f5c0019c65e82afbf754c972aa7fea2e5aa4,,stocks_list_dir/nasdaq/snapshots/nasdaq_listed_2022-06-24.csv
2022-07-23,repo_symdir,,,,,,https://github.com/rreichel3/US-Stock-Symbols.git@1a524b1d2fdd6c814499b0b1768103397fc76af4:nasdaq/nasdaq_full_tickers.json,4877,3420,N,no_etf_flag,Y,Y,N,no ETF column; ETFs count as common unless the name gives them away; no Test Issue column,d515223949a640239ad31942e38eeb40f5f4f07b2f134f737a2123011d979aeb,,stocks_list_dir/nasdaq/snapshots/nasdaq_listed_2022-07-23.csv
2022-08-12,repo_symdir,,,,,,https://raw.githubusercontent.com/SamPom100/UnusualVolumeDetector/83ea942de7d781c75f1892191caecbb83bf619a1/data/nasdaqlisted.txt,5729,3406,N,full,Y,Y,Y,,17e0747378b16675cbf2950f5b3114163bff7ddc489cc09b698056d25e149749,,stocks_list_dir/nasdaq/snapshots/nasdaq_listed_2022-08-12.csv
2022-08-14,repo_symdir,,,,,,https://github.com/SamPom100/UnusualVolumeDetector.git@83ea942de7d781c75f1892191caecbb83bf619a1:data/nasdaqlisted.txt,5729,3406,N,full,Y,Y,Y,,c38f03d27fa450fab805c396a16a4e8ab042577422a64f1da133e7a3170bab90,,stocks_list_dir/nasdaq/snapshots/nasdaq_listed_2022-08-14.csv
2022-08-29,repo_symdir,,,,,,https://raw.githubusercontent.com/SamPom100/UnusualVolumeDetector/663899835cc1dff8d1cdf34b9b8946e343035b54/data/nasdaqlisted.txt,5728,3407,N,full,Y,Y,Y,,df7c4afc606ede4de91ae549fab104ed57fb0d22dd481f1a4aefc3bdfaf02583,,stocks_list_dir/nasdaq/snapshots/nasdaq_listed_2022-08-29.csv
2022-09-02,repo_symdir,,,,,,https://raw.githubusercontent.com/SamPom100/UnusualVolumeDetector/e550f097da04634686a2974346f353269ccabb60/data/nasdaqlisted.txt,5726,3409,N,full,Y,Y,Y,,8796f6087a4d4772697b9dcc49bee5642d56998574d511337aa7b4fe33be2459,,stocks_list_dir/nasdaq/snapshots/nasdaq_listed_2022-09-02.csv
2022-09-05,repo_symdir,,,,,,https://github.com/SamPom100/UnusualVolumeDetector.git@e550f097da04634686a2974346f353269ccabb60:data/nasdaqlisted.txt,5726,3409,N,full,Y,Y,Y,,95d833f1e8272e21dce014379eb161fe885a51e4784b1c39e1c31dde55c33643,,stocks_list_dir/nasdaq/snapshots/nasdaq_listed_2022-09-05.csv
2022-09-15,repo_symdir,,,,,,https://raw.githubusercontent.com/SamPom100/UnusualVolumeDetector/c6ed8a040dc6e28507baad834007bf4e0fc7490e/data/nasdaqlisted.txt,5727,3405,N,full,Y,Y,Y,,b9afcbf6bfb5f492c7af4a8a4583466d336b1a40c571e888c8d1a05dd61614fb,,stocks_list_dir/nasdaq/snapshots/nasdaq_listed_2022-09-15.csv
2022-09-20,repo_symdir,,,,,,https://raw.githubusercontent.com/SamPom100/UnusualVolumeDetector/13cd29272b3002f8bf2a5a94390932986cf46ef9/data/nasdaqlisted.txt,5723,3405,N,full,Y,Y,Y,,c5442b2a8a66a08d6c76a97bf51bc2954f5f8ecff4107c64e8fe72aff5620bcb,,stocks_list_dir/nasdaq/snapshots/nasdaq_listed_2022-09-20.csv
2022-10-10,repo_symdir,,,,,,https://raw.githubusercontent.com/SamPom100/UnusualVolumeDetector/c99924419d5298569bbdd818c1be35f1db77fc0c/data/nasdaqlisted.txt,5714,3404,N,full,Y,Y,Y,,d249d321751b2f706c95040f29b1e3b1311966c2289f4364a91bb504613be7a8,,stocks_list_dir/nasdaq/snapshots/nasdaq_listed_2022-10-10.csv
2022-10-24,repo_symdir,,,,,,https://raw.githubusercontent.com/SamPom100/UnusualVolumeDetector/98cfbe8d87a9daa870827db2e445609c09dcaccb/data/nasdaqlisted.txt,5714,3400,N,full,Y,Y,Y,,f5b87666e4ad7f230901c8ccb91cc905a8e96bb025126a7a0cb1f797c32af025,,stocks_list_dir/nasdaq/snapshots/nasdaq_listed_2022-10-24.csv
2022-11-01,repo_symdir,,,,,,https://raw.githubusercontent.com/SamPom100/UnusualVolumeDetector/0ee5e7c1857e3b5a89089975d34308b4b9573144/data/nasdaqlisted.txt,5701,3405,N,full,Y,Y,Y,,05356c81da10554bb7d2e93ac15db866bcf7f70551ffd50a6c6fbb9a070b2b83,,stocks_list_dir/nasdaq/snapshots/nasdaq_listed_2022-11-01.csv
2022-11-02,repo_symdir,,,,,,https://github.com/SamPom100/UnusualVolumeDetector.git@0ee5e7c1857e3b5a89089975d34308b4b9573144:data/nasdaqlisted.txt,5701,3405,N,full,Y,Y,Y,,495ea6bb66112ed4faad733ede777460b3e8138d66fafb5f72feb657db464636,,stocks_list_dir/nasdaq/snapshots/nasdaq_listed_2022-11-02.csv
2022-11-08,repo_symdir,,,,,,https://raw.githubusercontent.com/SamPom100/UnusualVolumeDetector/2c5fda4ed86c91383fab80061c146e8dd7144dde/data/nasdaqlisted.txt,5690,3401,N,full,Y,Y,Y,,0c29b37dcbe2ed8b78981279e5649edec08f51dbc3e0f055765a7dda69959f53,,stocks_list_dir/nasdaq/snapshots/nasdaq_listed_2022-11-08.csv
2022-11-16,repo_symdir,,,,,,https://raw.githubusercontent.com/SamPom100/UnusualVolumeDetector/575f22966cdb3791626b445a73bde9dd62f8a99c/data/nasdaqlisted.txt,5698,3409,N,full,Y,Y,Y,,59dfcf3a37dcc9a16c4156bc40e20c7ae927a715ad0e83e2e0ad071c5af6a505,,stocks_list_dir/nasdaq/snapshots/nasdaq_listed_2022-11-16.csv
2022-12-07,repo_symdir,,,,,,https://raw.githubusercontent.com/SamPom100/UnusualVolumeDetector/89d4866032d02bbc903ef4fb8cb2b919dedbd204/data/nasdaqlisted.txt,5653,3403,N,full,Y,Y,Y,,c4492f890a9b250096be399cdefbcfefa6d07e40728dbf42577d36b14b34d472,,stocks_list_dir/nasdaq/snapshots/nasdaq_listed_2022-12-07.csv
2022-12-08,repo_symdir,,,,,,https://github.com/SamPom100/UnusualVolumeDetector.git@89d4866032d02bbc903ef4fb8cb2b919dedbd204:data/nasdaqlisted.txt,5653,3403,N,full,Y,Y,Y,,11ccc5d6fa4a3fe6d68e5efb5d70e179ede89e9abc869b9a0b15958ccb46b6a2,,stocks_list_dir/nasdaq/snapshots/nasdaq_listed_2022-12-08.csv
2022-12-16,repo_symdir,,,,,,https://github.com/austin-starks/NextTrade.git@53a3c2acc10452aedb8718346ff97a70e8572972:app/data/nasdaqlisted.txt,5604,3400,N,full,Y,Y,Y,,8a63e7dd0e83d8ca19c6b942daf9264cbb9b1e39faed42f14de670d070c0efd2,,stocks_list_dir/nasdaq/snapshots/nasdaq_listed_2022-12-16.csv
2023-01-13,repo_symdir,,,,,,https://raw.githubusercontent.com/SamPom100/UnusualVolumeDetector/afab1dfb5582d6a625d4d06dc069f8e003bbdd80/data/nasdaqlisted.txt,5473,3375,N,full,Y,Y,Y,,4a8a8d3b23bdea21ca5884a30f8a4f6ed4cc9e54f56e84825a0864641c1634fe,,stocks_list_dir/nasdaq/snapshots/nasdaq_listed_2023-01-13.csv
2023-01-16,repo_symdir,,,,,,https://github.com/SamPom100/UnusualVolumeDetector.git@304ba43c2a1aa9720219defbc9b79c8d37b0e012:data/nasdaqlisted.txt,5473,3375,N,full,Y,Y,Y,,5edd3352a802cf84b33f18e778797efc403ed582a953674a0126b16c67ec5b55,,stocks_list_dir/nasdaq/snapshots/nasdaq_listed_2023-01-16.csv
2023-01-23,repo_symdir,,,,,,https://raw.githubusercontent.com/SamPom100/UnusualVolumeDetector/1af70fa5b6a8666890da1c3ffbf875561fc36cea/data/nasdaqlisted.txt,5451,3367,N,full,Y,Y,Y,,88a0116bea9e68fdd513861b743946dbce214096a95181857edd6bdbdb8e6fdb,,stocks_list_dir/nasdaq/snapshots/nasdaq_listed_2023-01-23.csv
2023-02-08,repo_symdir,,,,,,https://raw.githubusercontent.com/SamPom100/UnusualVolumeDetector/1e27fc13d4b52f590c7d28227c72860678577fb3/data/nasdaqlisted.txt,5430,3332,N,full,Y,Y,Y,,df195bfbb13da4ce331d9978b546847a65009cd2e8a8acd77807b7c7f9fad1f1,,stocks_list_dir/nasdaq/snapshots/nasdaq_listed_2023-02-08.csv
2023-03-01,repo_symdir,,,,,,https://raw.githubusercontent.com/SamPom100/UnusualVolumeDetector/2229087ef11ab70facaa8b75665eef9c38103557/data/nasdaqlisted.txt,5399,3336,N,full,Y,Y,Y,,ad772827f83416e14f42e4936f6af9da6afef90309598e097f42f3a758183b4f,,stocks_list_dir/nasdaq/snapshots/nasdaq_listed_2023-03-01.csv
2023-03-22,repo_symdir,,,,,,https://raw.githubusercontent.com/SamPom100/UnusualVolumeDetector/53c807e32605e1d04fa54cef50cf056f2dd257dc/data/nasdaqlisted.txt,5349,3320,N,full,Y,Y,Y,,e826e5f518c4289a381713f75a935eb4081536dfcb662d12c23bf27c74702fe5,,stocks_list_dir/nasdaq/snapshots/nasdaq_listed_2023-03-22.csv
2023-03-29,repo_symdir,,,,,,https://raw.githubusercontent.com/SamPom100/UnusualVolumeDetector/c3339bfb8e116a85d9e8eba68d7f0062fedb070b/data/nasdaqlisted.txt,5339,3314,N,full,Y,Y,Y,,1743b9ce06fd93a732a827e6b4f6c3e88421fc9923c62a2276760ff049b89a32,,stocks_list_dir/nasdaq/snapshots/nasdaq_listed_2023-03-29.csv
2023-03-30,repo_symdir,,,,,,https://github.com/SamPom100/UnusualVolumeDetector.git@c3339bfb8e116a85d9e8eba68d7f0062fedb070b:data/nasdaqlisted.txt,5339,3314,N,full,Y,Y,Y,,22175025794edc878ceeb031ce3dc8c28ec20aa6a460f331233be6e7b915b0b8,,stocks_list_dir/nasdaq/snapshots/nasdaq_listed_2023-03-30.csv
2023-04-04,repo_symdir,,,,,,https://raw.githubusercontent.com/SamPom100/UnusualVolumeDetector/a834bf52b927a70b6cf634784dc078370b8109a0/data/nasdaqlisted.txt,5330,3318,N,full,Y,Y,Y,,9221546333659bd2cf790e2e668a8cfaa43439922b2fe33141bb8e458ba4bacb,,stocks_list_dir/nasdaq/snapshots/nasdaq_listed_2023-04-04.csv
2023-04-05,repo_symdir,,,,,,https://github.com/SamPom100/UnusualVolumeDetector.git@a834bf52b927a70b6cf634784dc078370b8109a0:data/nasdaqlisted.txt,5330,3318,N,full,Y,Y,Y,,24d71e86843b20a4015809feb8127b0f4a7949bb188c96cb5e9fd7d0b0f2bea2,,stocks_list_dir/nasdaq/snapshots/nasdaq_listed_2023-04-05.csv
2023-04-10,repo_symdir,,,,,,https://raw.githubusercontent.com/SamPom100/UnusualVolumeDetector/3cd8455142fed1fb838e65fefebab88904e9e2b8/data/nasdaqlisted.txt,5330,3317,N,full,Y,Y,Y,,088d933fe35b55940a4bc5b234d7f1e302bd234080e0e9d1721373cbbdff1a88,,stocks_list_dir/nasdaq/snapshots/nasdaq_listed_2023-04-10.csv
2023-04-18,repo_symdir,,,,,,https://raw.githubusercontent.com/SamPom100/UnusualVolumeDetector/bd93e0b147e6265b04d654ed4b18fa0194073167/data/nasdaqlisted.txt,5318,3314,N,full,Y,Y,Y,,c40802d95ca2937756ca02d0a7e755d60adaea49fd9d50584b45d95c4a6221a0,,stocks_list_dir/nasdaq/snapshots/nasdaq_listed_2023-04-18.csv
2023-05-19,repo_symdir,,,,,,https://github.com/rreichel3/US-Stock-Symbols.git@c8fd5b96d489543e9ce77f9d4a949c8c5e3e5435:nasdaq/nasdaq_full_tickers.json,4466,3359,N,no_etf_flag,Y,Y,N,no ETF column; ETFs count as common unless the name gives them away; no Test Issue column,5389c74c08fd797c9e2952ba55f7f02b9b5c9d88e9137c363a60a0b8f887b15e,,stocks_list_dir/nasdaq/snapshots/nasdaq_listed_2023-05-19.csv
2023-06-16,repo_symdir,,,,,,https://raw.githubusercontent.com/asafravid/sss/a1907d62a884b509c29bc14d517c5bc46e2befd6/Indices/nasdaqlisted.csv,5234,3285,N,full,Y,Y,Y,,412c243064b6a8f33f6e223c72685941e1e9f4eea3b355749b249867ed53c347,,stocks_list_dir/nasdaq/snapshots/nasdaq_listed_2023-06-16.csv
2023-07-08,repo_symdir,,,,,,https://github.com/rreichel3/US-Stock-Symbols.git@a09b1e347207890104867d28ccf7a6a2c45a0e7c:nasdaq/nasdaq_full_tickers.json,4383,3327,N,no_etf_flag,Y,Y,N,no ETF column; ETFs count as common unless the name gives them away; no Test Issue column,eb453073da7322522fe0b1dae5b1acf8b02c310b5e2fffc94cc7b150629d72e8,,stocks_list_dir/nasdaq/snapshots/nasdaq_listed_2023-07-08.csv
2023-07-28,repo_symdir,,,,,,https://media.githubusercontent.com/media/georgejieh/Market_GPT/ed5b86084fa7d0a7a356bcec31fbcfec536a9bcd/Data/tickers/nasdaqlisted.txt,5160,3274,N,full,Y,Y,Y,,f1c569405ce71f9e9f895657c499ddf086f15696c126460c1676433c5d59fe58,,stocks_list_dir/nasdaq/snapshots/nasdaq_listed_2023-07-28.csv
2023-08-21,repo_symdir,,,,,,https://raw.githubusercontent.com/csrak/RIVING-Tools/3b8fa0adda79eea2443ed48b4a9765fd971edb8c/Data/US/nasdaqlisted.txt,5148,3273,N,full,Y,Y,Y,,169d054fd44c9be5dfe35ed8b99cd60ca5d2faddb600903949c6659156365ae6,,stocks_list_dir/nasdaq/snapshots/nasdaq_listed_2023-08-21.csv
2023-08-25,repo_symdir,,,,,,https://raw.githubusercontent.com/loudemaria/StockSelector/6c4f1d53c17926e51867dabadc2677976e497e6e/nasdaqlisted.txt,5139,3268,N,full,Y,Y,Y,,2286bd584ee73097b45d574dc9d13db5c2170aed7094b3c9257f19ffee161288,,stocks_list_dir/nasdaq/snapshots/nasdaq_listed_2023-08-25.csv
2023-09-23,repo_symdir,,,,,,https://github.com/rreichel3/US-Stock-Symbols.git@38afe417347d7b47f85e53123520f8209f1c2ea9:nasdaq/nasdaq_full_tickers.json,4288,3319,N,no_etf_flag,Y,Y,N,no ETF column; ETFs count as common unless the name gives them away; no Test Issue column,e9c2e456e19d2c0a54169454dbeb2b93e20d81cdde463cbeedb413777574e072,,stocks_list_dir/nasdaq/snapshots/nasdaq_listed_2023-09-23.csv
2023-10-27,repo_symdir,,,,,,https://github.com/ashton-berret/Algorithmic-Stock-Trading.git@ff103fc30dee62b46a3add5930d2dd25a7f06adc:Stock_Data/nasdaqlisted.txt,5091,3260,N,full,Y,Y,Y,,26a14f886a56ba3e736d079eecf607f4731eeba4747288ad7a3890ee8751e171,,stocks_list_dir/nasdaq/snapshots/nasdaq_listed_2023-10-27.csv
2023-11-28,repo_symdir,,,,,,https://raw.githubusercontent.com/semanurgursoy/stock-market-signal-app/f636c741d788c4507433f21a9024fafcccc5fb14/nasdaqlisted.txt,5055,3245,N,full,Y,Y,Y,,e4e407eaafb262781184e1e790354f694953e9410366f405d65f81590216be0d,,stocks_list_dir/nasdaq/snapshots/nasdaq_listed_2023-11-28.csv
2023-12-15,repo_symdir,,,,,,https://raw.githubusercontent.com/ResonanceCache/Aions-Edge/09d73a74a716d13503622178c0292b5b73031fd4/back/nasdaqlisted.txt,5039,3236,N,full,Y,Y,Y,,44d4dbfcc9e67da1b009d957612375992992ed34099851c80049cd01a53df846,,stocks_list_dir/nasdaq/snapshots/nasdaq_listed_2023-12-15.csv
2023-12-21,repo_symdir,,,,,,https://github.com/ashton-berret/Algorithmic-Stock-Trading.git@ff103fc30dee62b46a3add5930d2dd25a7f06adc:Stock_Data/nasdaqlisted.txt,5091,3260,N,full,Y,Y,Y,,0c91240fd82b0710ea0ce6139aaa6a03d1844c8511cecd6d2e5e3692fe031ad5,,stocks_list_dir/nasdaq/snapshots/nasdaq_listed_2023-12-21.csv
2024-01-13,repo_symdir,,,,,,https://github.com/qualia-dev/StockManager.git@db6e2466a404c5e31e4625ef7928a2f09cac355a:data/nasdaqlisted.txt,4983,3228,N,full,Y,Y,Y,,274daef022203eccddfef90119d68a93159e9b2ea736b632bb996875982b2f0f,,stocks_list_dir/nasdaq/snapshots/nasdaq_listed_2024-01-13.csv
2024-01-16,repo_symdir,,,,,,https://github.com/qualia-dev/StockManager.git@965e2d6f6111b548111f48081494a4fb9a445232:data/nasdaqlisted.txt,4982,3228,N,full,Y,Y,Y,,24aa2940c92de1de12afec8cda10ed8c291c555faeab478a1cfdedc9c941fef9,,stocks_list_dir/nasdaq/snapshots/nasdaq_listed_2024-01-16.csv
2024-01-17,repo_symdir,,,,,,https://github.com/qualia-dev/StockManager.git@7339cefe8c5cd7a0f75726dda909fee99c677dad:data/nasdaqlisted.txt,4981,3227,N,full,Y,Y,Y,,9db4032c353c74c481eeb0e9a9a3b89115f668a94b747b951f5a8937292ddba7,,stocks_list_dir/nasdaq/snapshots/nasdaq_listed_2024-01-17.csv
2024-01-18,repo_symdir,,,,,,https://github.com/qualia-dev/StockManager.git@6b0aa2f2fe941f593e1c1e5c9735c733f003a36c:data/nasdaqlisted.txt,4982,3228,N,full,Y,Y,Y,,dfc1b94d55b1241813ee281680541ceef39f46260e57bc355bd760647b02dbfe,,stocks_list_dir/nasdaq/snapshots/nasdaq_listed_2024-01-18.csv
2024-01-24,repo_symdir,,,,,,https://github.com/qualia-dev/StockManager.git@c4d9935d34af3e859a0c7cc35e480035b9089622:data/nasdaqlisted.txt,4982,3229,N,full,Y,Y,Y,,6358fd358ffae430d6bdbb55fa58330d2c257f999fafcb9d60448ebdef7eeffd,,stocks_list_dir/nasdaq/snapshots/nasdaq_listed_2024-01-24.csv
2024-01-26,repo_symdir,,,,,,https://raw.githubusercontent.com/JasonHertz/finance/809746b6d89bf94e66e95c9b393b424376148b81/symbols_NASDAQ.csv,4855,3886,N,name_only,Y,N,N,"Source Format=csv_catalog; names carry no security type (12% typed); the name filter misses most ETFs, warrants and units; no Test Issue column",39156c7084b90138f78df9a6c2c284b5a2584ace087de1587ef05784d85133b5,,stocks_list_dir/nasdaq/snapshots/nasdaq_listed_2024-01-26.csv
2024-02-27,repo_symdir,,,,,,https://raw.githubusercontent.com/JasonHertz/finance/7182337ca65fbebf7cfe1d1b03a18c155d8fe346/symbols_NASDAQ.csv,4834,3875,N,name_only,Y,N,N,"Source Format=csv_catalog; names carry no security type (12% typed); the name filter misses most ETFs, warrants and units; no Test Issue column",ec9ebb514b6ba1a96e1ac02374a3f7c874ab9e7958a33979e2af0c3cbfddfc57,,stocks_list_dir/nasdaq/snapshots/nasdaq_listed_2024-02-27.csv
2024-03-28,repo_symdir,,,,,,https://raw.githubusercontent.com/m-janyell0w/mc-simulation/78580c4478635fc29de43cdcae98da44fef108ca/jupyter_notebooks/nasdaqlisted.txt,4918,3213,N,full,Y,Y,Y,,65effc5bf00fce2b10af023cea1668812a234960a1922307e624c337c278e0a8,,stocks_list_dir/nasdaq/snapshots/nasdaq_listed_2024-03-28.csv
2024-04-20,repo_symdir,,,,,,https://github.com/rreichel3/US-Stock-Symbols.git@7c4da660bedfb7aa002923045ef42ff0516fcbfe:nasdaq/nasdaq_full_tickers.json,4019,3262,N,no_etf_flag,Y,Y,N,no ETF column; ETFs count as common unless the name gives them away; no Test Issue column,0adf94f9bb4a3930c3c6481bf6af46e891d3032caffc0764cf1c3238834381e2,,stocks_list_dir/nasdaq/snapshots/nasdaq_listed_2024-04-20.csv
2024-05-18,repo_symdir,,,,,,https://github.com/m-janyell0w/mc-simulation.git@78580c4478635fc29de43cdcae98da44fef108ca:jupyter_notebooks/nasdaqlisted.txt,4918,3213,N,full,Y,Y,Y,,85fa6a874727c43a68d6f991994f3cde36470d3a5046cc7b91b5f9648c4724e8,,stocks_list_dir/nasdaq/snapshots/nasdaq_listed_2024-05-18.csv
2024-05-31,repo_symdir,,,,,,https://github.com/nexuspcs/PortfolioPro.git@5ebaecba9f8d2d5aff553ab1a09b862732cd5d31:public/allNasdaqStocks.txt,4852,3195,N,full,Y,Y,Y,,7ea633365c073ddf4c97f2e80be3e4a8b846156e6853921cc3474c1c4bf84493,,stocks_list_dir/nasdaq/snapshots/nasdaq_listed_2024-05-31.csv
2024-07-01,repo_symdir,,,,,,https://github.com/JusGu/company-icons.git@85bb45faa42ece556fcb2c93671316e1dc08af07:nasdaqlisted.txt,4837,3187,N,full,Y,Y,Y,,cd81bfd008a2615551e330a8c0012bd2758da3a68e7e07a73e47f2e021c48e52,,stocks_list_dir/nasdaq/snapshots/nasdaq_listed_2024-07-01.csv
2024-07-10,repo_symdir,,,,,,https://raw.githubusercontent.com/SamPom100/UnusualVolumeDetector/427cba23df31bf3f5612f050a14ff2dd4df8bb3f/data/nasdaqlisted.txt,4830,3183,N,full,Y,Y,Y,,4f7352bae5f40ef1a7881da0bf6fbc0560877ac3877acba60f20ed866d144982,,stocks_list_dir/nasdaq/snapshots/nasdaq_listed_2024-07-10.csv
2024-08-13,repo_symdir,,,,,,https://github.com/GoldenMM/Stock-Price-Indicator.git@8a40af43d72be1d24d8b1feddaef776d6960c0f2:data/stock_tickers.txt,4799,3170,N,full,Y,Y,Y,,2a1ae7ae61683167684ee75580496a499a123a8b371680031e29d06ef144cd1e,,stocks_list_dir/nasdaq/snapshots/nasdaq_listed_2024-08-13.csv
2024-09-16,repo_symdir,,,,,,https://raw.githubusercontent.com/reddyneeraj17/ComplianceSearch/562661e101c0ba62661801b29eaec34eda24df99/Ingestion/companydata/data/nasdaqlisted.txt,4811,3171,N,full,Y,Y,Y,,83f2ae8ee9922de78d64dd9000dfe1eaba1f4af64c28af60c69f6d03eb4296d8,,stocks_list_dir/nasdaq/snapshots/nasdaq_listed_2024-09-16.csv
2024-10-05,repo_symdir,,,,,,https://github.com/datasets/nasdaq-listings@e1bd70bc9ebf210706cce9b7987cdea3e4755aee:data/nasdaq-listed.csv,4823,3239,N,no_etf_flag,Y,Y,N,no ETF column; ETFs count as common unless the name gives them away; no Test Issue column,27013e53585d37803903480cec1a4257eaad939de15df6bc164a97e3403a3f04,,stocks_list_dir/nasdaq/snapshots/nasdaq_listed_2024-10-05.csv
2024-10-08,repo_symdir,,,,,,https://github.com/datasets/nasdaq-listings@ae693ed0b6346b1ea07a9fefa0d6e8db329e8041:data/nasdaq-listed.csv,4823,3236,N,no_etf_flag,Y,Y,N,no ETF column; ETFs count as common unless the name gives them away; no Test Issue column,fc9e705e8032348744b43d9e30bd43e64a0c5971f25e3f2c65c6fb970f3d03bc,,stocks_list_dir/nasdaq/snapshots/nasdaq_listed_2024-10-08.csv
2024-10-09,repo_symdir,,,,,,https://github.com/datasets/nasdaq-listings@786876943a57749a7ad43f6e20afe53e87d0d28c:data/nasdaq-listed.csv,4824,3237,N,no_etf_flag,Y,Y,N,no ETF column; ETFs count as common unless the name gives them away; no Test Issue column,e3ccb8e895ced76e527380c3cbd9191e61777345007c0be27b2f33243ce0f05e,,stocks_list_dir/nasdaq/snapshots/nasdaq_listed_2024-10-09.csv
2024-10-10,repo_symdir,,,,,,https://raw.githubusercontent.com/SamPom100/UnusualVolumeDetector/703be79d2c179903680f5bd92cb85b036e2e84b8/data/nasdaqlisted.txt,4832,3163,N,full,Y,Y,Y,,aa02fa3b5177f1f6490107949bd926bb085ddfa3308ec80022b5f36f007af799,,stocks_list_dir/nasdaq/snapshots/nasdaq_listed_2024-10-10.csv
2024-10-11,repo_symdir,,,,,,https://github.com/datasets/nasdaq-listings@4e2fb3cbb47f1aa77b8a26406bede567f54f3a1a:data/nasdaq-listed-symbols.csv,4839,3167,N,full,Y,Y,Y,,c187a9a28e33b66101394271b257b9a204841ee6b8a71773c433c6773fc1a27a,,stocks_list_dir/nasdaq/snapshots/nasdaq_listed_2024-10-11.csv
2024-10-24,repo_symdir,,,,,,https://github.com/datasets/nasdaq-listings@276261b4c7d0bebd63b3fdce4a18f0fb3ff37513:data/nasdaq-listed-symbols.csv,4838,3171,N,full,Y,Y,Y,,2a0476016fd27b6807b551acbd413bb31c0c0d7094936253ab7112089f92408a,,stocks_list_dir/nasdaq/snapshots/nasdaq_listed_2024-10-24.csv
2024-10-25,repo_symdir,,,,,,https://github.com/datasets/nasdaq-listings@b82c52409de51636661b1c777b31e8c1ac11d70c:data/nasdaq-listed-symbols.csv,4840,3173,N,full,Y,Y,Y,,7fe91cdc60d2383cfc88f761451c1f6c82047088ed011ffb13aede41775fc23e,,stocks_list_dir/nasdaq/snapshots/nasdaq_listed_2024-10-25.csv
2024-11-01,repo_symdir,,,,,,https://github.com/datasets/nasdaq-listings@3cac47379bd18e561ce7e72f3fc65c0d260d53be:data/nasdaq-listed-symbols.csv,4839,3172,N,full,Y,Y,Y,,e40d548210b0b0c5d3699bc58e3d2463baf125b3fde4a163cb84af4e335b8f5f,,stocks_list_dir/nasdaq/snapshots/nasdaq_listed_2024-11-01.csv
2024-12-01,repo_symdir,,,,,,https://github.com/datasets/nasdaq-listings@dce1490334667c532bbd66c2bb9c1e8ccf48a8c7:data/nasdaq-listed-symbols.csv,4798,3170,N,full,Y,Y,Y,,eb182d92c0c9e522481927b62a478108abf8c1760595a54d145ec7c84e08ff12,,stocks_list_dir/nasdaq/snapshots/nasdaq_listed_2024-12-01.csv
2025-01-01,repo_symdir,,,,,,https://github.com/datasets/nasdaq-listings@e84c209773b0f363a6350dc8cf2fea92e93476bc:data/nasdaq-listed-symbols.csv,4791,3167,N,full,Y,Y,Y,,ab35330f165e1bda181d8d72679563db9c6bb5f932259c7a78c2c3de31e815a3,,stocks_list_dir/nasdaq/snapshots/nasdaq_listed_2025-01-01.csv
2025-02-01,repo_symdir,,,,,,https://github.com/datasets/nasdaq-listings@baf03470fe9d77962c5ec63aecb1c61152f5f6b2:data/nasdaq-listed-symbols.csv,4788,3173,N,full,Y,Y,Y,,03ca27293ba79bad0a6ec276259e37050188318b1b0bac0afdab00eef97fe4ff,,stocks_list_dir/nasdaq/snapshots/nasdaq_listed_2025-02-01.csv
2025-03-01,repo_symdir,,,,,,https://github.com/datasets/nasdaq-listings@b8302c080813516cc423ec1e8570c7fcec6a0190:data/nasdaq-listed-symbols.csv,4809,3178,N,full,Y,Y,Y,,ab53ab67c6d194ed37f0e63e1b3be611e5c392fecd1d127e10d83683f5aeb826,,stocks_list_dir/nasdaq/snapshots/nasdaq_listed_2025-03-01.csv
2025-04-01,repo_symdir,,,,,,https://github.com/datasets/nasdaq-listings@4ad285bc13809fcf5a2e14332620f409a0ba4996:data/nasdaq-listed-symbols.csv,4828,3173,N,full,Y,Y,Y,,a7e6696c233068a718d5236ca483705f28a6e222b059d1f2eb3fc41c3c0ad2cb,,stocks_list_dir/nasdaq/snapshots/nasdaq_listed_2025-04-01.csv
2025-05-01,repo_symdir,,,,,,https://github.com/datasets/nasdaq-listings@70724b5fa97f9d6b0528ac87f667b00c8ee1aab7:data/nasdaq-listed-symbols.csv,4842,3172,N,full,Y,Y,Y,,f5861c284067919cbc4769393831e1c7cb01149a90f9bc4bf79f57ba17a7d209,,stocks_list_dir/nasdaq/snapshots/nasdaq_listed_2025-05-01.csv
2025-06-01,repo_symdir,,,,,,https://github.com/datasets/nasdaq-listings@b2b2804c0410b9f5f21c2da3b5c1c4c8d24b5c25:data/nasdaq-listed-symbols.csv,4873,3167,N,full,Y,Y,Y,,910e6921b2273e20b08d56c5d98ee0a105c50f6335415828ba21b06ddea2cc51,,stocks_list_dir/nasdaq/snapshots/nasdaq_listed_2025-06-01.csv
2025-07-01,repo_symdir,,,,,,https://github.com/datasets/nasdaq-listings@d88f36e921959fdc985d984c9d2cee080bec9d56:data/nasdaq-listed-symbols.csv,4956,3167,N,full,Y,Y,Y,,2ad14fb80d1bea35a58730338e4dd31eae1abfcfd42470c16a8028bb79d26331,,stocks_list_dir/nasdaq/snapshots/nasdaq_listed_2025-07-01.csv
2025-08-01,repo_symdir,,,,,,https://github.com/datasets/nasdaq-listings@c84409a5f61b63aa7e29c7ee84c5775b107ff64e:data/nasdaq-listed-symbols.csv,5006,3171,N,full,Y,Y,Y,,301b26b336eb50c191aeaf30f82950dd07bb4ae1530144db0d2dc7d5b066d10f,,stocks_list_dir/nasdaq/snapshots/nasdaq_listed_2025-08-01.csv
2025-09-01,repo_symdir,,,,,,https://github.com/datasets/nasdaq-listings@27334633763c0570d68a92fc157063d33a34a96c:data/nasdaq-listed-symbols.csv,5059,3177,N,full,Y,Y,Y,,776686f78e860268aa9f77cd013ecad48aeb3169cb78791c4ab65e3ce0c3b5e6,,stocks_list_dir/nasdaq/snapshots/nasdaq_listed_2025-09-01.csv
2025-10-01,repo_symdir,,,,,,https://github.com/datasets/nasdaq-listings@00d06f565804aa1ae8b81a4512f1b0ccb4a68fb3:data/nasdaq-listed-symbols.csv,5122,3183,N,full,Y,Y,Y,,8119a529f1a15fa13b2605a3643c4c772debdd8a80ee725fbca08e49426fc93b,,stocks_list_dir/nasdaq/snapshots/nasdaq_listed_2025-10-01.csv
2025-11-01,repo_symdir,,,,,,https://github.com/datasets/nasdaq-listings@441144e6fb2d57675450bfca8cecf57fb9ac754d:data/nasdaq-listed-symbols.csv,5159,3190,N,full,Y,Y,Y,,5c0a746f973706c2fc703eab3a82af6f1290e0217518c2af44f4327a29240d02,,stocks_list_dir/nasdaq/snapshots/nasdaq_listed_2025-11-01.csv
2025-12-01,repo_symdir,,,,,,https://github.com/datasets/nasdaq-listings@2ca384c07768e9a66720b93a5b08389a2fe5ae7a:data/nasdaq-listed-symbols.csv,5222,3187,N,full,Y,Y,Y,,b8af5dc76e6f5250de6b1b178f5dfc7a622c29c71eb69705a443b24e8091f2c9,,stocks_list_dir/nasdaq/snapshots/nasdaq_listed_2025-12-01.csv
2026-01-01,repo_symdir,,,,,,https://github.com/datasets/nasdaq-listings@81ac580f524a9b011de2ff21174ce319d59f3be5:data/nasdaq-listed-symbols.csv,5250,3171,N,full,Y,Y,Y,,f3a560e14aa51188d152cb62235403437805b233bcea06079b54f885cf95b8cc,,stocks_list_dir/nasdaq/snapshots/nasdaq_listed_2026-01-01.csv
2026-02-01,repo_symdir,,,,,,https://github.com/datasets/nasdaq-listings@ce5da8899b3d0380176f13421544f9f34a8043f4:data/nasdaq-listed-symbols.csv,5293,3168,N,full,Y,Y,Y,,40487c6b58494406156f6e6dbad5679152d7b5e63c1fb177549f0581446d59bb,,stocks_list_dir/nasdaq/snapshots/nasdaq_listed_2026-02-01.csv
2026-02-21,repo_symdir,,,,,,https://github.com/rreichel3/US-Stock-Symbols.git@76e4be5acc40bbfc211ec4ef61fa855f5b26f5e9:nasdaq/nasdaq_full_tickers.json,4034,3198,N,no_etf_flag,Y,Y,N,no ETF column; ETFs count as common unless the name gives them away; no Test Issue column,8ed3ca417293199d9742b65a54bc9d3d04911673e6c25344ee5bcb2f582ce925,,stocks_list_dir/nasdaq/snapshots/nasdaq_listed_2026-02-21.csv
2026-03-01,repo_symdir,,,,,,https://github.com/datasets/nasdaq-listings@c0dcd19290554fdd93dc26f64a09118a61430dce:data/nasdaq-listed-symbols.csv,5364,3162,N,full,Y,Y,Y,,25533caebb3c5db6ded6327ecef2f8ec802c9b127e4d7eaa24f1a2475330ac12,,stocks_list_dir/nasdaq/snapshots/nasdaq_listed_2026-03-01.csv
2026-04-01,repo_symdir,,,,,,https://github.com/datasets/nasdaq-listings@8c663f360f136509e3306c590eb72ae076a23805:data/nasdaq-listed-symbols.csv,5410,3163,N,full,Y,Y,Y,,6e5b337a48b68cf5ae0cf88c09a7c66c2dfe07520a5d8148a7682779e03f6b85,,stocks_list_dir/nasdaq/snapshots/nasdaq_listed_2026-04-01.csv
2026-05-01,repo_symdir,,,,,,https://github.com/datasets/nasdaq-listings@d7cb7d7c002c3b2459aa16f5c5a120bd9268336c:data/nasdaq-listed-symbols.csv,5442,3159,N,full,Y,Y,Y,,522ae3b1b82445e4dbf57ba018143a9f395ec2370c7f3b0c7f95269c66c53ceb,,stocks_list_dir/nasdaq/snapshots/nasdaq_listed_2026-05-01.csv
2026-05-08,repo_symdir,,,,,,https://github.com/datasets/nasdaq-listings@8daebf48a3dd90066e9ab2b61e55fba3a680c040:data/nasdaq-listed-symbols.csv,5443,3157,N,full,Y,Y,Y,,a39cadb4ddf8237034a13ea4532362d1e40cdf6f67241b107444807d87b45b00,,stocks_list_dir/nasdaq/snapshots/nasdaq_listed_2026-05-08.csv
2026-06-01,repo_symdir,,,,,,https://github.com/datasets/nasdaq-listings@41dbbac2081d2bd26809550ff8f6db31db50f52a:data/nasdaq-listed-symbols.csv,5480,3157,N,full,Y,Y,Y,,d3d2b926a60985b300a2785d1baec9e84e407859e99d9dfdfa428cb8c22003f0,,stocks_list_dir/nasdaq/snapshots/nasdaq_listed_2026-06-01.csv
2026-07-01,repo_symdir,,,,,,https://github.com/datasets/nasdaq-listings@74787340fed8b78522050e552a68ddf36f1b774e:data/nasdaq-listed-symbols.csv,5532,3165,N,full,Y,Y,Y,,acce8051ad7ba1f04d53953134e096d3a6151fbd8d6e86ab847f2e598b85b46e,,stocks_list_dir/nasdaq/snapshots/nasdaq_listed_2026-07-01.csv
