<TICKER>,<PER>,<DATE>,<TIME>,<OPEN>,<HIGH>,<LOW>,<CLOSE>,<VOL>,<OPENINT>
VRTS.US,D,20090102,000000,7.6325,8.90625,5.93632,8.90625,18255.352836366,0
VRTS.US,D,20090105,000000,9.48829,9.48829,6.78451,7.47121,42128.128647293,0
VRTS.US,D,20090106,000000,7.54748,10.1428,7.33568,10.0829,63509.133245632,0
VRTS.US,D,20090107,000000,8.41287,10.4298,8.41287,8.68433,26111.198296715,0
VRTS.US,D,20090108,000000,8.64236,9.70648,7.6325,8.40402,30824.095094065,0
VRTS.US,D,20090109,000000,8.03104,8.3199,6.89468,7.74287,45945.656450328,0
VRTS.US,D,20090112,000000,7.1914,7.42021,6.5046,6.5046,74286.120049934,0
VRTS.US,D,20090113,000000,6.52131,7.26777,5.89396,6.08895,69517.26269044,0
VRTS.US,D,20090114,000000,5.8515,6.2756,5.69032,5.69032,46911.230513515,0
VRTS.US,D,20090115,000000,5.67342,6.35177,5.51223,6.14832,50574.103672077,0
VRTS.US,D,20090116,000000,6.17387,6.78451,5.93632,6.26735,92221.988949692,0
VRTS.US,D,20090120,000000,5.97023,6.43679,5.86851,5.86851,68983.09368815,0
VRTS.US,D,20090121,000000,5.96207,6.14832,5.09669,5.89396,56167.107492248,0
VRTS.US,D,20090122,000000,5.77543,5.77543,5.10514,5.10514,36324.509620505,0
VRTS.US,D,20090123,000000,5.09669,5.39379,5.02062,5.04567,23439.335820497,0
VRTS.US,D,20090126,000000,5.03752,5.47813,5.03752,5.08833,31102.880440022,0
VRTS.US,D,20090127,000000,5.08833,5.13069,4.87633,5.08833,34163.414456954,0
VRTS.US,D,20090128,000000,5.12214,5.47813,4.98642,5.38505,95125.833392619,0
VRTS.US,D,20090129,000000,5.50388,5.50388,4.87633,4.88449,32051.157602183,0
VRTS.US,D,20090130,000000,4.9356,5.72413,4.9356,5.13915,39714.702221707,0
VRTS.US,D,20090202,000000,5.00351,5.28352,4.87633,5.00351,27703.530655923,0
VRTS.US,D,20090203,000000,5.01187,5.20706,4.87633,4.91879,35603.127101222,0
VRTS.US,D,20090204,000000,4.89344,5.1478,4.86769,4.87633,28539.886693795,0
VRTS.US,D,20090205,000000,4.83387,5.08008,4.74906,4.9356,501694.57934533,0
VRTS.US,D,20090206,000000,4.88449,5.03752,4.73196,4.94425,62010.40764492,0
VRTS.US,D,20090209,000000,4.91879,4.96125,4.66434,4.78307,28392.354302686,0
VRTS.US,D,20090210,000000,4.77452,4.83387,4.66434,4.6897,36796.613272053,0
VRTS.US,D,20090211,000000,4.6897,4.74071,4.57971,4.6897,19557.707737188,0
VRTS.US,D,20090212,000000,4.46924,5.39379,4.46924,5.39379,31212.766634779,0
VRTS.US,D,20090213,000000,5.36814,5.77543,4.75761,5.00351,31765.250002862,0
VRTS.US,D,20090217,000000,4.86769,5.1644,4.68114,4.78307,33559.040385791,0
VRTS.US,D,20090218,000000,4.80842,4.97796,4.57971,4.63024,48092.507107152,0
VRTS.US,D,20090219,000000,4.6897,4.73196,4.45234,4.45234,53434.197130054,0
VRTS.US,D,20090220,000000,4.40988,4.59613,4.40988,4.50306,40723.009805078,0
VRTS.US,D,20090223,000000,4.5116,4.57077,3.81625,4.01115,33601.773905974,0
VRTS.US,D,20090224,000000,4.04545,5.08008,4.04545,4.42698,29668.255119585,0
VRTS.US,D,20090225,000000,4.41824,4.83387,4.07916,4.12152,27741.176852275,0
VRTS.US,D,20090226,000000,4.13871,4.66434,3.86726,4.24014,32819.343500715,0
VRTS.US,D,20090227,000000,4.20624,4.32506,4.02824,4.24014,23681.492434869,0
VRTS.US,D,20090302,000000,4.10451,4.30816,3.61241,3.62971,33696.398129237,0
VRTS.US,D,20090303,000000,3.62971,5.93632,3.39225,3.44327,66027.358542143,0
VRTS.US,D,20090304,000000,3.49378,3.86726,3.20562,3.42606,89283.550704713,0
VRTS.US,D,20090305,000000,3.43491,3.61241,3.42606,3.44327,46410.637848512,0
VRTS.US,D,20090306,000000,3.46007,4.00289,3.46007,3.97744,583207.75163006,0
VRTS.US,D,20090309,000000,3.90098,4.24014,3.47717,3.91777,16379.147807369,0
VRTS.US,D,20090310,000000,3.8249,4.37618,3.8249,4.01115,51867.301390003,0
VRTS.US,D,20090311,000000,3.8249,4.74071,3.8249,4.23199,126794.42424269,0
VRTS.US,D,20090312,000000,3.93498,5.08833,3.93498,5.08008,64389.240268453,0
VRTS.US,D,20090313,000000,5.08008,5.08833,4.46924,4.87633,110737.81276622,0
VRTS.US,D,20090316,000000,4.74906,5.69897,4.74906,5.04567,100785.98988736,0
VRTS.US,D,20090317,000000,5.02897,5.6226,4.91879,5.6226,99779.717233525,0
VRTS.US,D,20090318,000000,5.68206,6.61477,5.54634,5.86015,121154.61704327,0
VRTS.US,D,20090319,000000,5.89396,6.58086,5.43616,5.72413,89226.572677802,0
VRTS.US,D,20090320,000000,5.79205,6.21623,5.04567,5.05463,118227.37091072,0
VRTS.US,D,20090323,000000,5.11378,5.30043,4.87633,5.30043,26438.821951453,0
VRTS.US,D,20090324,000000,5.22407,5.76668,5.02062,5.6226,29326.386958119,0
VRTS.US,D,20090325,000000,5.6396,5.93632,5.6226,5.86015,17819.877916404,0
VRTS.US,D,20090326,000000,5.95333,6.14832,5.77543,6.0634,50394.012408448,0
VRTS.US,D,20090327,000000,5.95333,5.95333,5.71607,5.71607,17444.433417651,0
VRTS.US,D,20090330,000000,5.5888,5.5888,5.09669,5.18986,157168.79991006,0
VRTS.US,D,20090331,000000,5.25787,5.63086,5.13069,5.52078,74454.001736368,0
VRTS.US,D,20090401,000000,5.47813,5.6056,5.24116,5.45287,19995.217586683,0
VRTS.US,D,20090402,000000,5.51223,5.59724,5.18161,5.42751,35043.521479775,0
VRTS.US,D,20090403,000000,5.39379,5.50388,5.13915,5.50388,24053.884539323,0
VRTS.US,D,20090406,000000,5.42751,5.51223,5.30043,5.46172,74037.858646965,0
VRTS.US,D,20090407,000000,5.38505,5.45287,5.32588,5.32588,57748.247739027,0
VRTS.US,D,20090408,000000,5.34269,5.52078,5.23271,5.49513,28355.7255711,0
VRTS.US,D,20090409,000000,5.35134,6.56415,5.35134,6.42853,526419.99063039,0
VRTS.US,D,20090413,000000,6.57222,6.57222,5.8515,6.2416,27108.313767657,0
VRTS.US,D,20090414,000000,6.10616,6.10616,5.93632,5.93632,13883.306735716,0
VRTS.US,D,20090415,000000,5.93632,6.60652,5.93632,6.60652,20013.531952476,0
VRTS.US,D,20090416,000000,6.63178,7.03012,6.36896,6.79296,33277.202645535,0
VRTS.US,D,20090417,000000,6.77586,7.71732,6.16532,7.62414,47066.902622754,0
VRTS.US,D,20090420,000000,7.81895,8.27646,7.42885,7.97178,71534.895321948,0
VRTS.US,D,20090421,000000,7.97178,8.34613,7.96342,8.14141,41507.47513987,0
VRTS.US,D,20090422,000000,7.88676,8.80109,7.88676,8.47145,157066.03596867,0
VRTS.US,D,20090423,000000,8.25867,8.40402,8.14976,8.18446,55480.318775018,0
VRTS.US,D,20090424,000000,8.21768,8.30249,7.88676,7.92952,72479.102625044,0
VRTS.US,D,20090427,000000,7.88676,8.268,7.80234,8.10721,64077.896049975,0
VRTS.US,D,20090428,000000,8.00578,8.14141,7.64105,7.88676,74428.565117212,0
VRTS.US,D,20090429,000000,7.91261,9.09928,7.75968,8.86153,26485.625330701,0
VRTS.US,D,20090430,000000,9.14066,10.1094,9.14066,9.6249,135761.3412278,0
VRTS.US,D,20090501,000000,9.55709,10.1517,9.54825,9.70058,162249.00148803,0
VRTS.US,D,20090504,000000,9.6937,9.78609,9.38116,9.54136,71220.498709171,0
VRTS.US,D,20090505,000000,9.41458,9.64357,9.09279,9.19364,77718.028706553,0
VRTS.US,D,20090506,000000,9.27766,10.0643,9.12366,9.27766,105600.63316134,0
VRTS.US,D,20090507,000000,9.41458,10.2677,9.133,9.83818,144331.44695407,0
VRTS.US,D,20090508,000000,9.98266,11.8629,9.57478,11.7705,79366.321627906,0
VRTS.US,D,20090511,000000,11.6869,12.0407,10.6578,11.8629,67737.716814239,0
VRTS.US,D,20090512,000000,11.2712,12.426,11.2712,11.9769,76231.512683037,0
VRTS.US,D,20090513,000000,12.1705,12.4083,11.4932,11.6603,66009.044176351,0
VRTS.US,D,20090514,000000,12.021,12.021,11.6181,11.8549,84413.964333358,0
VRTS.US,D,20090515,000000,11.8727,11.8727,11.3469,11.3469,54125.05570635,0
VRTS.US,D,20090518,000000,11.5031,12.2628,11.1964,12.2628,46337.380385341,0
VRTS.US,D,20090519,000000,12.6097,13.4491,12.3729,13.2614,87488.742857017,0
VRTS.US,D,20090520,000000,13.3922,13.5002,12.8299,13.457,49677.717212996,0
VRTS.US,D,20090521,000000,13.4747,13.5002,12.5764,13.1022,39515.279127519,0
VRTS.US,D,20090522,000000,13.1621,13.3577,12.5852,12.8466,10422.909065641,0
VRTS.US,D,20090526,000000,12.6628,13.1533,12.5665,13.0933,27935.512622632,0
VRTS.US,D,20090527,000000,13.0756,13.5543,12.6717,13.3243,40301.779391844,0
VRTS.US,D,20090528,000000,13.3577,13.4305,12.764,12.9852,22592.805134963,0
VRTS.US,D,20090529,000000,12.8712,13.1209,12.5174,12.5508,41718.090346488,0
VRTS.US,D,20090601,000000,12.9508,13.5621,12.5665,13.5366,68304.444689049,0
VRTS.US,D,20090602,000000,13.1778,13.909,12.8063,13.909,56547.639314832,0
VRTS.US,D,20090603,000000,13.8167,13.909,13.28,13.909,54174.911479897,0
VRTS.US,D,20090604,000000,13.856,14.1627,13.6605,14.0358,61176.086536581,0
VRTS.US,D,20090605,000000,14.1627,14.1627,13.4167,13.9326,16943.840752648,0
VRTS.US,D,20090608,000000,13.8098,13.856,13.2988,13.7371,14789.86784246,0
VRTS.US,D,20090609,000000,13.7371,13.7371,13.1365,13.3646,36123.051596784,0
VRTS.US,D,20090610,000000,13.3155,13.3155,12.255,12.9066,37831.374939347,0
VRTS.US,D,20090611,000000,12.9852,13.3922,12.7562,13.1297,19446.804077665,0
VRTS.US,D,20090612,000000,13.401,13.401,12.9774,13.289,7116.1485752728,0
VRTS.US,D,20090615,000000,13.0854,13.1297,12.7228,12.9596,14800.042490123,0
VRTS.US,D,20090616,000000,13.1621,13.1621,12.426,12.5852,49822.197209806,0
VRTS.US,D,20090617,000000,12.6265,12.6265,11.914,12.3464,23321.30990761,0
VRTS.US,D,20090618,000000,12.2697,13.112,12.255,12.5085,6614.538445503,0
VRTS.US,D,20090619,000000,12.7562,12.7562,11.9316,11.9316,39180.533219417,0
VRTS.US,D,20090622,000000,12.0338,12.3897,11.1169,11.1876,50274.969030795,0
VRTS.US,D,20090623,000000,11.2878,11.9238,11.0245,11.1542,16724.068363134,0
VRTS.US,D,20090624,000000,11.2347,11.7881,11.2347,11.5031,17769.00467809,0
VRTS.US,D,20090625,000000,11.4579,11.7881,11.451,11.7881,24751.865368982,0
VRTS.US,D,20090626,000000,11.9571,13.1365,11.9571,12.9351,158972.76494065,0
VRTS.US,D,20090629,000000,12.3208,13.0177,11.6269,12.5764,39737.086446565,0
VRTS.US,D,20090630,000000,12.6265,12.8299,11.9493,12.4564,15330.141633348,0
VRTS.US,D,20090701,000000,12.6196,13.4648,12.2963,13.2369,11397.640311725,0
VRTS.US,D,20090702,000000,12.9253,12.9253,12.0014,12.2156,22814.612454009,0
VRTS.US,D,20090706,000000,12.2226,12.2226,11.967,12.021,19500.729710277,0
VRTS.US,D,20090707,000000,12.0829,12.0829,11.8549,11.9238,31882.258450983,0
VRTS.US,D,20090708,000000,11.8629,11.8629,11.451,11.509,26527.341386118,0
VRTS.US,D,20090709,000000,11.6692,12.0014,11.4333,11.451,42658.227790518,0
VRTS.US,D,20090710,000000,11.5326,11.7881,11.4411,11.6024,15647.590640423,0
VRTS.US,D,20090713,000000,11.6181,12.653,11.6181,12.653,25412.200002289,0
VRTS.US,D,20090714,000000,11.7469,12.4849,11.7469,12.1252,11825.992978324,0
VRTS.US,D,20090715,000000,12.2461,12.7129,11.9571,12.5852,26178.350971289,0
VRTS.US,D,20090716,000000,12.5508,12.7228,12.197,12.7228,14001.332648603,0
VRTS.US,D,20090717,000000,12.6786,12.9351,12.5596,12.7798,26085.761677558,0
VRTS.US,D,20090720,000000,12.8133,12.9351,12.6628,12.764,12446.646485747,0
VRTS.US,D,20090721,000000,12.8987,13.4403,12.6344,13.401,28797.30527966,0
VRTS.US,D,20090722,000000,13.3922,13.401,12.8712,13.401,10959.112997464,0
VRTS.US,D,20090723,000000,13.2132,13.909,12.8063,13.8167,38126.439721564,0
VRTS.US,D,20090724,000000,13.0756,13.9926,13.0756,13.7745,22507.338094597,0
VRTS.US,D,20090727,000000,13.7017,13.7017,13.4235,13.57,2075.6281231851,0
VRTS.US,D,20090728,000000,13.9002,13.9002,13.4914,13.57,4652.8663761399,0
VRTS.US,D,20090729,000000,13.6928,13.6928,13.059,13.0756,11953.176074107,0
VRTS.US,D,20090730,000000,13.4235,13.8167,12.8133,13.0854,60212.547402926,0
VRTS.US,D,20090731,000000,12.9686,13.4914,12.9686,13.4403,20480.548280192,0
VRTS.US,D,20090803,000000,13.4914,13.7371,13.0009,13.4816,34354.697833012,0
VRTS.US,D,20090804,000000,13.2702,13.4747,13.2702,13.3744,8406.2938988996,0
VRTS.US,D,20090805,000000,13.3577,13.5277,12.6196,12.6432,19862.947167068,0
VRTS.US,D,20090806,000000,12.7129,12.7228,12.1803,12.5508,17420.014263261,0
VRTS.US,D,20090807,000000,12.9253,13.2614,12.5921,13.112,20368.627155903,0
VRTS.US,D,20090810,000000,13.112,13.3489,12.9774,13.2525,10709.834129728,0
VRTS.US,D,20090811,000000,13.2702,13.909,13.1533,13.401,18137.326923479,0
VRTS.US,D,20090812,000000,13.401,13.7469,13.2525,13.401,16355.746117745,0
VRTS.US,D,20090813,000000,13.4305,13.57,13.059,13.171,6834.3108350167,0
VRTS.US,D,20090814,000000,13.6132,13.7469,12.426,12.7965,16796.308361539,0
VRTS.US,D,20090817,000000,12.6009,13.5277,12.6009,12.9774,53177.796008955,0
VRTS.US,D,20090818,000000,13.1365,13.57,12.8791,13.1445,53280.559950348,0
VRTS.US,D,20090819,000000,13.5621,13.5621,12.7395,13.1445,5417.9998803728,0
VRTS.US,D,20090820,000000,13.0245,13.4914,12.7307,13.2614,52929.534605986,0
VRTS.US,D,20090821,000000,13.57,13.57,12.7965,13.4167,21660.807409062,0
VRTS.US,D,20090824,000000,12.8564,13.8304,12.8564,13.457,15910.09655012,0
VRTS.US,D,20090825,000000,13.6054,13.7843,13.3577,13.7184,7303.3620922659,0
VRTS.US,D,20090826,000000,13.6506,13.8659,13.6506,13.8471,13513.967025561,0
VRTS.US,D,20090827,000000,13.9002,13.9002,12.7562,13.5002,94560.122982574,0
VRTS.US,D,20090828,000000,13.6201,13.6928,12.8889,13.4235,66357.017126414,0
VRTS.US,D,20090831,000000,13.2525,13.6369,12.8378,13.2437,72474.015301212,0
VRTS.US,D,20090901,000000,13.0933,13.289,12.426,12.5085,37724.541138889,0
VRTS.US,D,20090902,000000,12.4162,12.9508,12.3995,12.7041,30999.099033863,0
VRTS.US,D,20090903,000000,12.426,13.0933,12.3051,12.7307,15722.883033127,0
VRTS.US,D,20090904,000000,12.8378,13.28,12.6864,13.0245,21299.607417037,0
VRTS.US,D,20090908,000000,13.1022,13.1022,12.8063,12.8889,5083.2539722709,0
VRTS.US,D,20090909,000000,12.8987,13.3744,12.8889,13.3577,2294.3830479325,0
VRTS.US,D,20090910,000000,13.1445,13.3577,12.9253,13.3577,11288.771581735,0
VRTS.US,D,20090911,000000,13.3086,13.3243,12.9931,13.3243,5677.4533957709,0
VRTS.US,D,20090914,000000,13.1533,13.1533,12.6864,12.7896,31963.655632284,0
VRTS.US,D,20090915,000000,12.7896,13.5179,12.653,13.1209,11719.159177866,0
VRTS.US,D,20090916,000000,12.7474,13.7745,12.7474,13.7567,16889.915120035,0
VRTS.US,D,20090917,000000,13.5455,13.8471,13.5002,13.685,8865.1705084861,0
VRTS.US,D,20090918,000000,13.7106,13.7106,13.1445,13.1621,36405.906801807,0
VRTS.US,D,20090921,000000,13.1445,13.3401,12.8466,13.1876,16793.25596724,0
VRTS.US,D,20090922,000000,13.171,13.4747,12.9351,13.4747,10475.817233487,0
VRTS.US,D,20090923,000000,13.1297,13.3922,13.0756,13.1445,11756.805374217,0
VRTS.US,D,20090924,000000,13.1621,13.3155,12.8466,13.1365,7728.6623645656,0
VRTS.US,D,20090925,000000,13.1445,13.5621,13.1445,13.401,6942.1621002411,0
VRTS.US,D,20090928,000000,13.1778,13.8825,13.1778,13.4403,10137.00146632,0
VRTS.US,D,20090929,000000,13.5179,13.7843,13.2034,13.2702,9050.3490959467,0
VRTS.US,D,20090930,000000,13.3155,13.6605,13.2369,13.2369,9865.3383737267,0
VRTS.US,D,20091001,000000,13.1445,13.1445,12.4328,12.8063,21605.864311684,0
VRTS.US,D,20091002,000000,12.6196,13.2369,12.2461,12.8466,10900.10004102,0
VRTS.US,D,20091005,000000,12.8712,13.5543,12.6628,13.5543,15660.817682385,0
VRTS.US,D,20091006,000000,13.5179,13.5179,12.2963,13.0854,3962.0077998445,0
VRTS.US,D,20091007,000000,13.0009,13.0009,12.8634,12.941,24224.818620056,0
VRTS.US,D,20091008,000000,12.9351,13.6132,12.7129,13.5455,39390.130961268,0
VRTS.US,D,20091009,000000,13.2988,13.6369,13.1533,13.6369,17084.250890392,0
VRTS.US,D,20091012,000000,13.7184,13.7567,13.6605,13.6605,4341.5221576621,0
VRTS.US,D,20091013,000000,13.4403,13.6761,13.4403,13.6761,6494.4776030835,0
VRTS.US,D,20091014,000000,13.7567,13.9002,13.2702,13.9002,65038.382789332,0
VRTS.US,D,20091015,000000,13.7106,14.2895,13.3646,13.9847,18359.134242525,0
VRTS.US,D,20091016,000000,13.8304,13.8304,13.4816,13.5956,12738.658873665,0
VRTS.US,D,20091019,000000,13.57,13.6447,13.0422,13.3086,10687.449904871,0
VRTS.US,D,20091020,000000,13.059,13.3321,13.059,13.1297,13173.116328861,0
VRTS.US,D,20091021,000000,13.4167,13.4167,13.0245,13.0854,12954.361404114,0
VRTS.US,D,20091022,000000,12.9351,12.9686,12.7798,12.9508,7477.3485672976,0
VRTS.US,D,20091023,000000,12.772,12.9774,12.6717,12.7896,14938.417698335,0
VRTS.US,D,20091026,000000,12.772,12.8133,12.6344,12.7228,18697.950009692,0
VRTS.US,D,20091027,000000,12.7129,12.8889,12.3897,12.7395,6096.648879473,0
VRTS.US,D,20091028,000000,12.6953,12.6953,12.3897,12.4083,21977.238951371,0
VRTS.US,D,20091029,000000,12.4938,12.8634,12.4653,12.6097,14512.099961269,0
VRTS.US,D,20091030,000000,12.5085,13.2369,12.3208,12.426,34558.190786265,0
VRTS.US,D,20091102,000000,12.4751,13.1297,12.4751,12.9351,9415.6189470366,0
VRTS.US,D,20091103,000000,12.8712,13.2369,12.5174,13.2369,15967.074577031,0
VRTS.US,D,20091104,000000,13.2034,13.401,12.7896,13.2525,13211.77998998,0
VRTS.US,D,20091105,000000,13.3243,13.5788,13.1533,13.5788,14109.183913827,0
VRTS.US,D,20091106,000000,13.5788,13.5788,13.1533,13.4491,13679.813782462,0
VRTS.US,D,20091109,000000,13.509,13.6605,13.509,13.6605,9879.5828804545,0
VRTS.US,D,20091110,000000,13.6054,13.9592,13.4914,13.629,9816.5000649459,0
VRTS.US,D,20091111,000000,13.802,14.0094,13.802,13.9926,5279.6246721605,0
VRTS.US,D,20091112,000000,13.9749,13.9749,13.5788,13.6132,12556.532680503,0
VRTS.US,D,20091113,000000,13.6928,13.7017,13.629,13.7017,2327.9593852193,0
VRTS.US,D,20091116,000000,13.8659,13.915,13.7282,13.8226,8395.1017864706,0
VRTS.US,D,20091117,000000,13.3922,13.9002,13.3155,13.8904,2752.2421927528,0
VRTS.US,D,20091118,000000,13.4305,14.1037,13.3401,13.9415,20915.005735388,0
VRTS.US,D,20091119,000000,13.909,14.0182,13.3401,13.3401,25308.41859613,0
VRTS.US,D,20091120,000000,13.3243,13.6054,13.1297,13.2211,8306.5823518054,0
VRTS.US,D,20091123,000000,13.3401,14.1685,13.3401,13.5887,5067.9920007769,0
VRTS.US,D,20091124,000000,13.112,13.4403,13.059,13.2614,63446.050430123,0
VRTS.US,D,20091125,000000,13.7745,13.7745,13.1445,13.3243,7965.7316551059,0
VRTS.US,D,20091127,000000,13.0009,13.1975,13.0009,13.0422,7267.7508254466,0
VRTS.US,D,20091130,000000,13.0854,13.5179,13.059,13.2614,22758.651891865,0
VRTS.US,D,20091201,000000,13.3577,13.3577,13.0756,13.2034,12091.551282319,0
VRTS.US,D,20091202,000000,13.1778,13.7941,13.112,13.4088,4200.094555151,0
VRTS.US,D,20091203,000000,13.4088,13.4491,13.0933,13.1778,9003.5457166984,0
VRTS.US,D,20091204,000000,13.5277,13.6928,13.1365,13.509,15233.482480552,0
VRTS.US,D,20091207,000000,13.509,13.5621,13.171,13.4403,8388.996997873,0
VRTS.US,D,20091208,000000,13.3401,13.5887,13.3243,13.5455,34282.457834607,0
VRTS.US,D,20091209,000000,13.5277,13.6605,13.5179,13.5887,19674.716185309,0
VRTS.US,D,20091210,000000,13.7017,14.0094,13.5277,13.6054,25536.330703774,0
VRTS.US,D,20091211,000000,13.5543,13.7843,13.1209,13.3922,17708.974256881,0
VRTS.US,D,20091214,000000,13.4747,14.0094,13.171,13.8393,14666.754605742,0
VRTS.US,D,20091215,000000,13.8471,13.9995,13.3832,13.57,25906.687878695,0
VRTS.US,D,20091216,000000,13.7282,14.0516,13.3086,13.6369,29952.127789374,0
VRTS.US,D,20091217,000000,13.5455,14.0516,13.3577,13.7745,35758.799210461,0
VRTS.US,D,20091218,000000,13.915,13.915,13.4816,13.6506,76504.193240397,0
VRTS.US,D,20091221,000000,13.6928,14.2196,13.2437,13.5455,23108.659771461,0
VRTS.US,D,20091222,000000,13.5956,13.6928,13.3646,13.509,9761.5569675675,0
VRTS.US,D,20091223,000000,13.6132,13.7469,13.5543,13.5543,11123.942289599,0
VRTS.US,D,20091224,000000,13.5788,13.7106,13.4816,13.6683,7349.1480067479,0
VRTS.US,D,20091228,000000,13.6054,13.856,13.401,13.4914,17802.581015377,0
VRTS.US,D,20091229,000000,13.4648,13.5956,13.4403,13.5956,26607.721102653,0
VRTS.US,D,20091230,000000,13.57,13.685,13.4914,13.6447,10174.647662672,0
VRTS.US,D,20091231,000000,13.6761,13.7567,13.4816,13.4816,7357.2877248781,0
VRTS.US,D,20100104,000000,13.7184,14.1538,13.7017,14.1125,13306.404213242,0
VRTS.US,D,20100105,000000,13.9749,14.1037,13.7843,13.8659,11748.665656087,0
VRTS.US,D,20100106,000000,13.8098,14.0781,13.5366,13.57,17815.808057339,0
VRTS.US,D,20100107,000000,13.6054,13.8226,13.3922,13.7106,13615.713502188,0
VRTS.US,D,20100108,000000,13.6761,13.7745,13.57,13.6605,2983.2066946954,0
VRTS.US,D,20100111,000000,13.7371,14.0182,13.7371,13.8167,6279.7925374011,0
VRTS.US,D,20100112,000000,13.7843,14.3809,13.7843,13.8098,5687.6280434336,0
VRTS.US,D,20100113,000000,13.856,14.0457,13.6928,13.8904,7293.1874446033,0
VRTS.US,D,20100114,000000,13.915,13.9415,13.8659,13.8659,957.43434505743,0
VRTS.US,D,20100115,000000,13.9749,14.4152,13.8226,13.8226,12077.306775592,0
VRTS.US,D,20100119,000000,13.9002,14.9626,13.9002,14.8143,15261.971494008,0
VRTS.US,D,20100120,000000,14.7141,15.1141,14.7141,15.0089,22512.425418428,0
VRTS.US,D,20100121,000000,15.001,15.0167,14.6275,14.6275,8499.9006573961,0
VRTS.US,D,20100122,000000,14.662,14.8388,13.8226,13.8825,22783.071046255,0
VRTS.US,D,20100125,000000,13.9749,14.1214,13.9749,14.1214,6137.3474701237,0
VRTS.US,D,20100126,000000,14.028,14.1214,14.0094,14.0516,24077.286228947,0
VRTS.US,D,20100127,000000,13.9238,14.5184,13.8471,14.3641,36771.176652896,0
VRTS.US,D,20100128,000000,14.372,14.6275,13.8659,13.8737,18819.028316878,0
VRTS.US,D,20100129,000000,14.0781,14.4152,13.8304,13.8825,68194.558494292,0
VRTS.US,D,20100201,000000,13.8904,13.9847,13.6761,13.8226,12828.195773097,0
VRTS.US,D,20100202,000000,13.802,14.1037,13.401,13.9995,16972.329766103,0
VRTS.US,D,20100203,000000,13.9002,14.0094,13.6132,13.9238,11303.016088462,0
VRTS.US,D,20100204,000000,13.7017,13.7371,13.5543,13.6683,20155.977019753,0
VRTS.US,D,20100205,000000,13.6761,14.4064,13.6683,14.3641,6728.494499325,0
VRTS.US,D,20100208,000000,14.3514,14.3582,13.9847,14.0182,15067.635723651,0
VRTS.US,D,20100209,000000,14.2825,14.3641,14.1627,14.3641,9390.1823278799,0
VRTS.US,D,20100210,000000,14.257,14.6364,14.0182,14.2983,9518.3828884296,0
VRTS.US,D,20100211,000000,15.2231,15.2556,14.372,14.6698,37232.088192015,0
VRTS.US,D,20100212,000000,14.4152,15.2133,14.4152,14.8143,21489.873328329,0
VRTS.US,D,20100216,000000,14.8811,15.3853,14.8388,15.3853,12918.750137295,0
VRTS.US,D,20100217,000000,15.4345,16.2797,15.4345,16.0969,31768.302397161,0
VRTS.US,D,20100218,000000,16.0035,16.1047,15.3587,15.6114,15982.336548525,0
VRTS.US,D,20100219,000000,15.6114,16.2993,15.6114,16.2246,8828.5417769005,0
VRTS.US,D,20100222,000000,16.7328,17.7234,16.2178,17.6409,37743.872969448,0
VRTS.US,D,20100223,000000,17.6409,18.3161,17.0119,17.0119,17332.512293362,0
VRTS.US,D,20100224,000000,17.5976,17.5976,16.8851,16.894,6145.4871882539,0
VRTS.US,D,20100225,000000,16.657,16.951,15.9681,16.9205,13050.003092143,0
VRTS.US,D,20100226,000000,17.749,17.749,16.8231,17.2998,30965.522696576,0
VRTS.US,D,20100301,000000,16.5971,17.7844,16.5971,17.7156,14329.973768107,0
VRTS.US,D,20100302,000000,17.6586,17.6675,17.4738,17.518,8843.8037483945,0
VRTS.US,D,20100303,000000,17.8021,17.8021,17.4267,17.6134,5726.2917045518,0
VRTS.US,D,20100304,000000,17.6134,17.6134,17.1662,17.464,8509.0578402926,0
VRTS.US,D,20100305,000000,17.4817,17.4817,17.1573,17.3844,15630.293739397,0
VRTS.US,D,20100308,000000,17.2998,17.3755,16.894,16.9598,15305.722478957,0
VRTS.US,D,20100309,000000,16.657,17.3529,16.3406,16.894,23788.326235327,0
VRTS.US,D,20100310,000000,16.9431,17.1318,16.4526,17.064,33649.594749989,0
VRTS.US,D,20100311,000000,16.9038,17.5535,16.9038,17.1986,21361.67276778,0
VRTS.US,D,20100312,000000,16.9117,16.9353,16.5303,16.657,20737.966866058,0
VRTS.US,D,20100315,000000,16.5873,17.1573,16.5873,16.7131,11525.840872275,0
VRTS.US,D,20100316,000000,16.4192,17.1662,16.4192,17.1662,7474.2961729988,0
VRTS.US,D,20100317,000000,17.4453,17.5446,17.2635,17.3932,5625.5626926913,0
VRTS.US,D,20100318,000000,17.5701,17.5976,16.6305,16.7672,46432.004608603,0
VRTS.US,D,20100319,000000,16.9205,16.9431,16.4114,16.7672,37282.961430329,0
VRTS.US,D,20100322,000000,17.1888,17.4365,16.7819,17.41,15585.525289681,0
VRTS.US,D,20100323,000000,17.3755,17.6232,17.1573,17.4886,6169.9063426443,0
VRTS.US,D,20100324,000000,17.5357,17.6409,17.3195,17.5898,17611.297639319,0
VRTS.US,D,20100325,000000,17.7657,18.149,17.6989,17.8866,24700.992130669,0
VRTS.US,D,20100326,000000,18.1068,18.3004,17.2635,17.3097,24787.476635801,0
VRTS.US,D,20100329,000000,17.4267,17.5898,17.064,17.3195,20137.66265396,0
VRTS.US,D,20100330,000000,17.4188,18.324,17.3283,17.6487,26169.193788392,0
VRTS.US,D,20100331,000000,17.5034,17.9859,17.1573,17.6743,24485.28960022,0
VRTS.US,D,20100401,000000,17.7156,17.8345,17.3932,17.464,6037.6359230295,0
VRTS.US,D,20100405,000000,17.4944,17.5446,17.29,17.4817,20358.45250824,0
VRTS.US,D,20100406,000000,17.7844,17.811,17.5034,17.6321,10083.075833708,0
VRTS.US,D,20100407,000000,17.5535,17.9279,17.5535,17.7156,18372.361284487,0
VRTS.US,D,20100408,000000,17.9761,17.9761,17.8945,17.9761,7183.3012498464,0
VRTS.US,D,20100409,000000,18.1815,18.3161,18.04,18.2935,11458.688197701,0
VRTS.US,D,20100412,000000,18.4035,18.5137,18.2237,18.3161,12593.161412089,0
VRTS.US,D,20100413,000000,18.4035,18.4035,18.2502,18.3161,16049.489223099,0
VRTS.US,D,20100414,000000,18.4704,18.7407,18.3406,18.7338,19469.188302523,0
VRTS.US,D,20100415,000000,18.6149,19.066,18.5716,18.9736,12005.066777187,0
VRTS.US,D,20100416,000000,18.9972,19.2085,18.7338,18.7338,23252.122303504,0
VRTS.US,D,20100419,000000,18.7083,18.9824,18.6847,18.9363,13888.394059547,0
VRTS.US,D,20100420,000000,18.4881,19.2773,18.4881,19.2174,7710.3479987728,0
VRTS.US,D,20100421,000000,19.2262,19.412,19.0886,19.182,17171.752860291,0
VRTS.US,D,20100422,000000,19.0483,19.4454,19.0483,19.4454,3959.9728703119,0
VRTS.US,D,20100423,000000,19.4454,19.9653,19.4454,19.9653,28333.341346243,0
VRTS.US,D,20100426,000000,20.0233,20.1835,19.8857,20.1324,13544.490968549,0
VRTS.US,D,20100427,000000,19.6744,19.93,19.5064,19.5889,16911.281880127,0
VRTS.US,D,20100428,000000,19.7196,20.04,19.7196,19.8709,2637.2686741646,0
VRTS.US,D,20100429,000000,20.0813,20.6995,19.8857,20.6818,15531.599657069,0
VRTS.US,D,20100430,000000,20.7162,20.8203,20.5059,20.5491,13886.359130015,0
VRTS.US,D,20100503,000000,20.558,20.7958,20.3939,20.7958,10114.617241462,0
VRTS.US,D,20100504,000000,20.5059,20.5904,19.0974,20.5904,50993.299155779,0
VRTS.US,D,20100505,000000,20.3201,20.6091,19.8434,20.3614,11597.063405913,0
VRTS.US,D,20100506,000000,20.3034,20.3034,17.7294,18.7171,23411.864271808,0
VRTS.US,D,20100507,000000,18.7171,19.2085,18.6572,19.0808,37708.261702629,0
VRTS.US,D,20100510,000000,19.8248,20.3546,19.8248,20.3546,11670.320869085,0
VRTS.US,D,20100511,000000,20.0813,20.7772,19.3933,20.6514,13982.000818044,0
VRTS.US,D,20100512,000000,20.5993,21.0405,20.4027,21.0179,13961.651522718,0
VRTS.US,D,20100513,000000,20.9275,21.1918,20.9275,21.1417,8794.9654396136,0
VRTS.US,D,20100514,000000,20.8449,20.9207,20.439,20.4636,22774.931328125,0
VRTS.US,D,20100517,000000,20.674,20.6995,19.9378,20.0046,19044.905494989,0
VRTS.US,D,20100518,000000,20.3546,20.3546,19.7108,19.7108,11059.842009324,0
VRTS.US,D,20100519,000000,19.8248,20.097,19.5064,19.7687,15244.674592981,0
VRTS.US,D,20100520,000000,19.3864,19.6744,18.9363,19.0227,25623.832673673,0
VRTS.US,D,20100521,000000,18.8085,19.3609,18.8085,19.1741,32536.488295692,0
VRTS.US,D,20100524,000000,19.1663,19.3,18.837,18.837,6222.8145104902,0
VRTS.US,D,20100525,000000,18.3692,18.3692,17.811,17.8345,23355.903709663,0
VRTS.US,D,20100526,000000,17.8345,18.6404,17.8345,18.1402,130924.31372896,0
VRTS.US,D,20100527,000000,18.547,19.5889,18.2336,19.4808,56315.657348123,0
VRTS.US,D,20100528,000000,20.2514,20.3614,19.1397,19.3265,17089.338214224,0
VRTS.US,D,20100601,000000,19.1564,19.93,19.1564,19.3521,11574.679181056,0
VRTS.US,D,20100602,000000,19.9869,20.0488,19.5467,19.7284,32075.576756573,0
VRTS.US,D,20100603,000000,19.6577,20.3034,19.6577,19.816,26983.165601406,0
VRTS.US,D,20100604,000000,18.7338,19.0227,18.3604,18.4881,21827.67163073,0
VRTS.US,D,20100607,000000,18.7171,18.9097,18.4448,18.4448,7953.5220779107,0
VRTS.US,D,20100608,000000,18.4538,18.4538,18.0576,18.1314,16356.763582511,0
VRTS.US,D,20100609,000000,18.3083,18.5137,18.0576,18.2689,13239.251538669,0
VRTS.US,D,20100610,000000,18.5137,18.7407,18.4035,18.7171,62891.532132508,0
VRTS.US,D,20100611,000000,18.5372,19.1564,18.5372,19.1564,6598.2590092428,0
VRTS.US,D,20100614,000000,19.2547,19.5309,18.6925,18.837,9912.141752975,0
VRTS.US,D,20100615,000000,18.8459,19.2449,18.5795,19.2006,34295.684876568,0
VRTS.US,D,20100616,000000,19.0974,19.3864,18.9638,19.066,6418.1677456135,0
VRTS.US,D,20100617,000000,19.2842,19.4533,18.9363,19.4454,24976.725082327,0
VRTS.US,D,20100618,000000,19.4719,19.4808,18.9559,18.9638,47120.828255366,0
VRTS.US,D,20100621,000000,19.2361,19.4621,18.6572,18.6572,25483.422535928,0
VRTS.US,D,20100622,000000,18.7751,18.7751,18.1136,18.1569,47784.215282973,0
VRTS.US,D,20100623,000000,18.1981,18.2237,17.7234,17.8188,35585.830200195,0
VRTS.US,D,20100624,000000,17.6743,17.8945,17.2144,17.2144,43819.155088829,0
VRTS.US,D,20100625,000000,17.5357,17.5357,16.5716,16.5794,489383.25567349,0
VRTS.US,D,20100628,000000,16.7229,16.7229,16.3849,16.3849,29668.255119585,0
VRTS.US,D,20100629,000000,16.2178,16.3151,15.808,15.9082,51551.88731246,0
VRTS.US,D,20100630,000000,15.8767,16.2001,15.7401,15.8767,39174.42843082,0
VRTS.US,D,20100701,000000,15.8423,15.8423,15.4747,15.5012,35992.816106702,0
VRTS.US,D,20100702,000000,15.629,15.7234,15.3686,15.402,58869.493911454,0
VRTS.US,D,20100706,000000,15.6114,15.7489,15.1798,15.3587,54150.492325506,0
VRTS.US,D,20100707,000000,15.402,15.9593,15.172,15.9514,38047.077469795,0
VRTS.US,D,20100708,000000,16.0438,16.1047,15.8993,16.0035,40814.581634042,0
VRTS.US,D,20100709,000000,16.028,16.5794,15.9779,16.5794,15336.246421945,0
VRTS.US,D,20100712,000000,16.5794,17.6586,16.5538,17.4541,45518.321248496,0
VRTS.US,D,20100713,000000,17.6409,19.6076,17.5613,19.0582,96939.973070873,0
VRTS.US,D,20100714,000000,19.0483,19.2449,17.8777,18.3004,58933.594191728,0
VRTS.US,D,20100715,000000,18.3161,18.9097,17.8266,18.6326,97400.884609992,0
VRTS.US,D,20100716,000000,18.4203,18.7083,17.8945,17.8945,19500.729710277,0
VRTS.US,D,20100719,000000,18.6061,18.6061,17.811,18.2159,19373.546614494,0
VRTS.US,D,20100720,000000,18.3161,18.6326,17.9023,18.2237,30462.89510204,0
VRTS.US,D,20100721,000000,18.3506,18.5795,18.0655,18.3604,24062.024257453,0
VRTS.US,D,20100722,000000,18.5648,19.3697,18.3692,19.3343,56463.189739232,0
VRTS.US,D,20100723,000000,18.9097,20.1687,18.7083,20.1589,34034.196431638,0
VRTS.US,D,20100726,000000,20.3368,21.0818,19.6832,20.8696,29171.732313647,0
VRTS.US,D,20100727,000000,20.9442,20.9904,20.3781,20.4636,22588.735275898,0
VRTS.US,D,20100728,000000,20.4292,20.7073,20.1786,20.7073,21181.58150415,0
VRTS.US,D,20100729,000000,20.2002,21.0179,19.5555,20.7958,16385.252595967,0
VRTS.US,D,20100730,000000,20.6818,21.9801,20.6818,21.8789,86384.793585617,0
VRTS.US,D,20100802,000000,21.8386,22.7369,21.4042,22.4646,82284.410577561,0
VRTS.US,D,20100803,000000,20.6906,22.8804,20.0734,22.2858,74545.573565332,0
VRTS.US,D,20100804,000000,22.33,23.4052,22.1089,23.3217,63311.745080976,0
VRTS.US,D,20100805,000000,22.675,23.3217,22.675,23.1517,47002.802342479,0
VRTS.US,D,20100806,000000,22.9138,22.9993,22.4391,22.5413,26635.192651343,0
VRTS.US,D,20100809,000000,22.5482,23.1674,22.5335,23.1281,17625.542146047,0
VRTS.US,D,20100810,000000,22.9237,23.2972,22.8293,23.0219,22489.023728804,0
VRTS.US,D,20100811,000000,22.0921,22.3212,21.6587,22.0312,25440.689015745,0
VRTS.US,D,20100812,000000,21.589,21.9801,20.6514,21.8386,11292.8414408,0
VRTS.US,D,20100813,000000,21.6332,21.6332,20.9207,20.9207,31728.621271276,0
VRTS.US,D,20100816,000000,20.8794,21.641,20.8794,21.6332,12823.108449265,0
VRTS.US,D,20100817,000000,21.9143,23.307,21.9143,23.1674,18415.09480467,0
VRTS.US,D,20100818,000000,22.8568,23.2972,22.2426,23.2195,25362.344228742,0
VRTS.US,D,20100819,000000,23.1025,23.1025,22.3713,22.3713,21240.594460594,0
VRTS.US,D,20100820,000000,22.2426,22.3369,21.9575,22.039,15446.132616702,0
VRTS.US,D,20100823,000000,22.557,22.557,21.7855,21.7855,16797.325826305,0
VRTS.US,D,20100824,000000,21.8386,22.8568,21.7609,22.3369,27964.001636088,0
VRTS.US,D,20100825,000000,22.1344,22.6357,22.0921,22.6179,15555.001346693,0
VRTS.US,D,20100826,000000,22.6278,22.7959,22.5668,22.6612,7390.8640621649,0
VRTS.US,D,20100827,000000,22.9914,22.9914,22.1512,22.906,9600.7975344973,0
VRTS.US,D,20100830,000000,22.7183,23.0317,22.6023,22.6023,22751.529638501,0
VRTS.US,D,20100831,000000,22.1953,22.5836,22.1953,22.4991,12210.594659973,0
VRTS.US,D,20100901,000000,22.9138,23.4052,22.6534,23.4052,16088.152884217,0
VRTS.US,D,20100902,000000,23.5163,23.6853,23.2529,23.6018,30496.471439327,0
VRTS.US,D,20100903,000000,23.4131,24.0873,23.3394,24.0402,40533.761358553,0
VRTS.US,D,20100907,000000,23.8288,23.8878,23.3807,23.3807,32406.25280561,0
VRTS.US,D,20100908,000000,23.9586,24.1364,23.7729,24.105,9784.9586571916,0
VRTS.US,D,20100909,000000,24.338,24.5738,24.1227,24.1748,8912.9913525006,0
VRTS.US,D,20100910,000000,24.4824,24.4824,23.8554,23.933,12168.878604556,0
VRTS.US,D,20100913,000000,24.2819,24.5925,24.1129,24.5925,20306.561805161,0
VRTS.US,D,20100914,000000,24.5836,24.5925,24.0322,24.338,14383.899400719,0
VRTS.US,D,20100915,000000,24.2456,24.5925,24.049,24.3989,18435.444099995,0
VRTS.US,D,20100916,000000,24.3792,24.5453,24.3291,24.3566,3608.9475259497,0
VRTS.US,D,20100917,000000,24.5925,24.6436,24.338,24.3468,35998.9208953,0
VRTS.US,D,20100920,000000,24.5542,24.7213,24.4658,24.6986,40872.577125719,0
VRTS.US,D,20100921,000000,24.5925,25.2874,24.5925,24.8225,5439.3666404644,0
VRTS.US,D,20100922,000000,24.9513,25.2205,24.1925,24.4245,9909.0893586762,0
VRTS.US,D,20100923,000000,24.2456,24.5925,24.1925,24.4658,13914.84814347,0
VRTS.US,D,20100924,000000,24.5542,25.424,24.5277,25.3994,14677.946718171,0
VRTS.US,D,20100927,000000,25.4417,25.4574,25.1881,25.1881,20481.565744959,0
VRTS.US,D,20100928,000000,25.2303,26.0176,25.1792,25.943,24035.57017353,0
VRTS.US,D,20100929,000000,25.8829,26.163,25.534,26.053,29128.998793464,0
VRTS.US,D,20100930,000000,26.8413,26.8413,25.5439,25.6599,22476.814151609,0
VRTS.US,D,20101001,000000,26.0687,26.7822,26.0245,26.163,17487.166937834,0
VRTS.US,D,20101004,000000,26.1877,26.8668,26.1385,26.7724,46110.485742463,0
VRTS.US,D,20101005,000000,26.798,27.5617,26.7822,27.4693,22514.46034796,0
VRTS.US,D,20101006,000000,25.306,27.9863,25.306,27.7641,22565.333586274,0
VRTS.US,D,20101007,000000,28.0806,29.0221,27.7198,28.6379,16879.740472373,0
VRTS.US,D,20101008,000000,28.5808,29.2581,28.5012,28.5622,9275.2088092918,0
VRTS.US,D,20101011,000000,28.6054,28.8433,28.5907,28.7253,20727.792218395,0
VRTS.US,D,20101012,000000,28.6299,28.9612,28.6299,28.7842,25993.172383828,0
VRTS.US,D,20101013,000000,28.8079,28.918,28.7578,28.8345,46240.721232545,0
VRTS.US,D,20101014,000000,28.8167,28.8345,28.6299,28.7764,9068.6634617395,0
VRTS.US,D,20101015,000000,28.9691,30.0973,28.9691,30.0885,29671.307513884,0
VRTS.US,D,20101018,000000,30.1062,30.404,29.775,30.351,14745.099392744,0
VRTS.US,D,20101019,000000,29.8674,30.062,28.5907,29.7328,10353.721461535,0
VRTS.US,D,20101020,000000,29.9814,30.6153,29.8516,30.1376,10831.929901681,0
VRTS.US,D,20101021,000000,30.1376,30.4964,30.1376,30.3273,16983.521878532,0
VRTS.US,D,20101022,000000,30.3273,30.4876,30.1376,30.2183,17146.316241135,0
VRTS.US,D,20101025,000000,30.2506,30.7401,30.235,30.571,23862.601163265,0
VRTS.US,D,20101026,000000,30.2919,31.0379,30.2664,30.919,49475.241724509,0
VRTS.US,D,20101027,000000,30.8365,31.3711,30.5976,30.7225,46447.266580097,0
VRTS.US,D,20101028,000000,30.9455,31.7937,30.8197,30.9534,34703.688247841,0
VRTS.US,D,20101029,000000,30.9455,31.4182,30.7844,31.1677,11934.861708314,0
VRTS.US,D,20101101,000000,31.4262,31.435,30.691,30.8787,7933.1727825853,0
VRTS.US,D,20101102,000000,31.0379,32.4109,31.0379,32.4109,22412.713871334,0
VRTS.US,D,20101103,000000,32.3245,33.9137,32.3245,32.9996,33062.517579853,0
VRTS.US,D,20101104,000000,33.6582,33.837,33.2837,33.7702,20055.248007893,0
VRTS.US,D,20101105,000000,33.8901,33.8901,33.0724,33.4577,11701.862276839,0
VRTS.US,D,20101108,000000,32.5417,33.6404,32.4109,33.5835,33091.006593308,0
VRTS.US,D,20101109,000000,33.441,33.667,33.1,33.1,36522.915249927,0
VRTS.US,D,20101110,000000,33.211,33.326,32.2518,33.0635,16554.151747167,0
VRTS.US,D,20101111,000000,32.7864,33.326,32.7864,33.0724,10063.744003149,0
VRTS.US,D,20101112,000000,32.7176,33.2837,32.6331,33.0292,35377.24992311,0
VRTS.US,D,20101115,000000,33.3004,34.7295,33.1431,34.1161,42194.263857101,0
VRTS.US,D,20101116,000000,33.8557,34.0238,33.0292,33.3182,27984.350931413,0
VRTS.US,D,20101117,000000,33.3437,33.8724,33.0537,33.5648,20172.256456013,0
VRTS.US,D,20101118,000000,34.1604,34.1604,33.2444,33.4823,16861.42610658,0
VRTS.US,D,20101119,000000,33.4725,34.9545,32.9898,34.9545,29234.815129155,0
VRTS.US,D,20101122,000000,34.8976,35.211,34.3009,35.1354,31128.317059179,0
VRTS.US,D,20101123,000000,34.755,35.5845,34.5742,35.0941,29078.12555515,0
VRTS.US,D,20101124,000000,35.0941,36.6725,35.0941,36.583,41058.773177946,0
VRTS.US,D,20101126,000000,36.4327,37.7114,36.3374,37.1581,21973.169092306,0
VRTS.US,D,20101129,000000,37.0529,38.02,36.4661,37.9954,67978.855963844,0
VRTS.US,D,20101130,000000,38.1527,38.1625,37.3408,37.9954,34454.409380106,0
VRTS.US,D,20101201,000000,38.5635,39.4863,38.2804,39.452,62311.577215736,0
VRTS.US,D,20101202,000000,39.5286,40.2824,39.3822,40.1026,69399.236777553,0
VRTS.US,D,20101203,000000,40.0023,41.2388,39.1777,41.0717,63946.643095127,0
VRTS.US,D,20101206,000000,41.0629,41.9199,41.0629,41.6476,32679.950827736,0
VRTS.US,D,20101207,000000,41.9199,42.3267,41.2653,41.7587,79794.674294505,0
VRTS.US,D,20101208,000000,41.8865,42.2934,40.8673,41.0118,64885.763074392,0
VRTS.US,D,20101209,000000,41.7676,42.5037,41.5199,42.5037,54058.920496542,0
VRTS.US,D,20101210,000000,42.4103,42.481,42.0378,42.3199,32969.928286122,0
VRTS.US,D,20101213,000000,42.4457,42.4457,41.6919,41.7253,28415.75599231,0
VRTS.US,D,20101214,000000,41.4835,41.6564,39.7665,40.477,81952.717063758,0
VRTS.US,D,20101215,000000,40.4623,41.1238,39.7999,40.4623,46249.878415442,0
VRTS.US,D,20101216,000000,40.3483,40.8014,39.9326,40.6245,33962.973897999,0
VRTS.US,D,20101217,000000,40.2097,41.0118,39.1719,39.909,60650.057252421,0
VRTS.US,D,20101220,000000,40.139,40.9518,38.9675,40.8673,39095.066179051,0
VRTS.US,D,20101221,000000,40.8751,41.5552,40.7916,41.3783,34561.243180564,0
VRTS.US,D,20101222,000000,41.1985,41.3597,40.08,40.9096,19257.555631139,0
VRTS.US,D,20101223,000000,40.7483,41.0963,40.4299,40.6972,16045.419364034,0
VRTS.US,D,20101227,000000,40.6648,41.4216,40.6501,41.4216,4665.0759533351,0
VRTS.US,D,20101228,000000,41.5965,41.5965,41.1051,41.2575,15072.723047482,0
VRTS.US,D,20101229,000000,41.4687,41.5012,40.8014,40.8112,6738.6691469876,0
VRTS.US,D,20101230,000000,40.6815,40.8348,39.0176,39.0599,26132.565056807,0
VRTS.US,D,20101231,000000,38.9094,39.2819,38.475,38.475,13390.853788843,0
VRTS.US,D,20110103,000000,38.3738,40.5704,38.1527,39.5955,87865.204820536,0
VRTS.US,D,20110104,000000,39.8097,40.2648,39.2574,39.6308,27539.718828554,0
VRTS.US,D,20110105,000000,39.3075,39.8176,39.3075,39.8176,9124.6240238842,0
VRTS.US,D,20110106,000000,39.6132,39.8353,39.4598,39.7045,12176.00085792,0
VRTS.US,D,20110107,000000,39.6132,39.851,39.5198,39.8176,22109.509370986,0
VRTS.US,D,20110110,000000,39.5787,39.9326,39.4598,39.8598,14984.203612817,0
VRTS.US,D,20110111,000000,39.9326,40.7729,39.6633,40.4702,33319.936165718,0
VRTS.US,D,20110112,000000,41.5012,41.5199,40.8211,41.2152,14911.963614412,0
VRTS.US,D,20110113,000000,40.9872,41.1238,40.1213,40.4221,31978.917603778,0
VRTS.US,D,20110114,000000,40.4299,40.8348,39.7045,40.597,34917.355848758,0
VRTS.US,D,20110118,000000,40.4024,40.6972,40.4024,40.4623,46824.746008383,0
VRTS.US,D,20110119,000000,40.4623,40.4623,39.3921,39.3921,34643.657826632,0
VRTS.US,D,20110120,000000,39.2485,40.1646,36.6892,37.4411,47544.093598133,0
VRTS.US,D,20110121,000000,37.85,39.7045,37.85,38.3738,26353.354911087,0
VRTS.US,D,20110124,000000,38.5341,39.4432,37.6622,38.5163,41575.64527921,0
VRTS.US,D,20110125,000000,38.4908,39.0873,37.8244,38.937,62797.925374011,0
VRTS.US,D,20110126,000000,39.2898,40.1115,39.2653,40.1115,21287.397839842,0
VRTS.US,D,20110127,000000,40.2176,40.3227,39.5787,40.1557,14372.70728829,0
VRTS.US,D,20110128,000000,40.1115,40.5272,39.8097,40.0624,21251.786573023,0
VRTS.US,D,20110131,000000,40.1291,41.5464,39.8264,40.9361,27727.949810314,0
VRTS.US,D,20110201,000000,41.1316,42.6236,40.9096,42.2934,30743.71537753,0
VRTS.US,D,20110202,000000,42.0103,46.209,42.0103,45.236,61854.735535682,0
VRTS.US,D,20110203,000000,45.2202,46.1107,45.2202,45.5593,19070.342114146,0
VRTS.US,D,20110204,000000,46.1107,46.1185,45.5927,45.7254,16844.129205553,0
VRTS.US,D,20110207,000000,45.6596,47.3284,45.6596,47.237,31954.498449388,0
VRTS.US,D,20110208,000000,47.6636,47.9043,47.067,47.9043,34373.012198805,0
VRTS.US,D,20110209,000000,47.5584,48.3387,47.4247,47.8149,22033.199513516,0
VRTS.US,D,20110210,000000,47.636,48.2788,47.3284,47.984,18173.955655065,0
VRTS.US,D,20110211,000000,47.984,48.9196,47.4817,48.9196,44439.808596252,0
VRTS.US,D,20110214,000000,48.6956,49.7147,48.0027,48.6681,34769.823457649,0
VRTS.US,D,20110215,000000,48.2523,48.5747,47.8307,48.2365,22374.050210216,0
VRTS.US,D,20110216,000000,47.8808,49.1624,47.6636,49.1044,28380.144725491,0
VRTS.US,D,20110218,000000,48.8813,49.1879,47.9762,48.6022,28649.772888552,0
VRTS.US,D,20110222,000000,47.8237,48.1019,47.0896,47.1781,38559.879711994,0
VRTS.US,D,20110223,000000,47.5319,47.5407,46.1942,46.5509,37402.004807982,0
VRTS.US,D,20110224,000000,46.2011,48.5098,46.2011,47.7786,28725.065281255,0
VRTS.US,D,20110225,000000,47.348,49.5162,47.348,49.2548,16533.802451842,0
VRTS.US,D,20110228,000000,49.1791,49.9163,48.2984,49.4238,62856.938330455,0
VRTS.US,D,20110301,000000,49.5772,49.5772,47.4906,47.5319,16047.454293566,0
VRTS.US,D,20110302,000000,48.2189,48.8056,47.3127,48.4499,24240.08059155,0
VRTS.US,D,20110303,000000,49.0474,50.33,48.9432,49.9163,28720.99542219,0
VRTS.US,D,20110304,000000,49.7629,49.7629,48.493,49.1879,25129.344797267,0
VRTS.US,D,20110307,000000,49.1123,49.5772,47.8395,47.9043,39372.834060242,0
VRTS.US,D,20110308,000000,48.2365,49.2204,46.897,48.8725,31302.30353421,0
VRTS.US,D,20110309,000000,48.5658,49.0474,48.4665,49.0396,17227.713422436,0
VRTS.US,D,20110310,000000,48.0155,48.271,45.1328,45.1505,41895.129215818,0
VRTS.US,D,20110311,000000,45.2104,47.1436,44.5509,45.8827,96511.620404275,0
VRTS.US,D,20110314,000000,45.5593,45.5593,42.884,43.3775,58781.991941555,0
VRTS.US,D,20110315,000000,42.141,43.3775,41.7165,42.884,38253.622817348,0
VRTS.US,D,20110316,000000,42.6403,43.8757,41.9533,42.3533,53886.968951043,0
VRTS.US,D,20110317,000000,42.489,44.72,42.3769,44.1077,35170.704575558,0
VRTS.US,D,20110318,000000,44.4713,45.4945,44.3357,44.3524,22756.616962332,0
VRTS.US,D,20110321,000000,45.4561,46.8036,44.9735,46.7948,75712.605652241,0
VRTS.US,D,20110322,000000,46.6856,49.6057,46.6856,48.5747,48081.314994723,0
VRTS.US,D,20110323,000000,48.6189,49.6057,47.2124,49.4847,107750.53621246,0
VRTS.US,D,20110324,000000,50.0273,51.0789,48.4665,50.9855,47792.355001103,0
VRTS.US,D,20110325,000000,51.2991,51.4053,49.8239,50.6603,62622.921434213,0
VRTS.US,D,20110328,000000,52.1906,52.8352,50.8057,50.8833,49862.895800456,0
VRTS.US,D,20110329,000000,50.8302,51.5792,50.5364,50.8833,21624.178677477,0
VRTS.US,D,20110330,000000,50.9757,51.246,49.7059,50.0185,37770.327053371,0
VRTS.US,D,20110331,000000,50.2651,50.2651,49.644,49.9683,17708.974256881,0
VRTS.US,D,20110401,000000,50.4106,51.5614,50.102,51.3915,32846.815049404,0
VRTS.US,D,20110404,000000,51.8986,52.165,51.2913,51.7237,22364.893027319,0
VRTS.US,D,20110405,000000,51.4583,52.1551,51.0701,51.1889,21849.038390822,0
VRTS.US,D,20110406,000000,51.2735,51.5556,48.6681,48.6857,44518.153383255,0
VRTS.US,D,20110407,000000,48.8194,50.3467,48.73,48.9098,23206.336389022,0
VRTS.US,D,20110408,000000,49.356,49.356,47.3903,47.6095,34198.008259007,0
VRTS.US,D,20110411,000000,47.7628,48.2788,46.839,47.0571,58660.913634369,0
VRTS.US,D,20110412,000000,46.6493,46.778,45.3284,45.4777,37016.385661567,0
VRTS.US,D,20110413,000000,45.7883,46.0321,44.2786,44.608,46992.627694817,0
VRTS.US,D,20110414,000000,43.5965,47.9132,43.5965,47.237,63314.797475275,0
VRTS.US,D,20110415,000000,47.9928,48.0027,46.8301,47.4975,31353.176772524,0
VRTS.US,D,20110418,000000,46.6158,46.9126,45.2438,45.7343,40500.185021266,0
VRTS.US,D,20110419,000000,45.8827,46.5982,44.947,44.9893,84453.645459242,0
VRTS.US,D,20110420,000000,46.0321,46.151,45.0747,45.6831,50788.78873776,0
VRTS.US,D,20110421,000000,46.491,46.491,45.3195,45.8905,11163.623415484,0
VRTS.US,D,20110425,000000,45.692,46.0075,44.2944,44.6924,43397.924675595,0
VRTS.US,D,20110426,000000,44.1646,46.7701,43.973,46.1864,48518.824844217,0
VRTS.US,D,20110427,000000,46.2689,46.3505,45.7795,46.0507,19668.611396711,0
VRTS.US,D,20110428,000000,45.8453,46.1273,45.3539,45.4945,7539.4139180399,0
VRTS.US,D,20110429,000000,45.6183,45.8984,44.0546,44.7858,37444.738328165,0
VRTS.US,D,20110502,000000,44.5824,44.6158,42.2235,43.4452,58418.757019997,0
VRTS.US,D,20110503,000000,43.7106,46.5903,43.403,44.7367,52572.404473026,0
VRTS.US,D,20110504,000000,44.7435,46.2257,44.6748,45.7598,40238.696576335,0
VRTS.US,D,20110505,000000,46.2345,47.4906,45.7598,47.3196,34391.326564597,0
VRTS.US,D,20110506,000000,47.9132,49.1703,47.8808,48.5098,25248.38817492,0
VRTS.US,D,20110509,000000,48.5098,50.5718,48.2445,50.4745,47496.272754119,0
VRTS.US,D,20110510,000000,50.6504,52.0706,50.4479,51.4583,31791.704086785,0
VRTS.US,D,20110511,000000,50.4666,52.2407,49.2626,49.3472,29279.583578871,0
VRTS.US,D,20110512,000000,49.0749,49.8976,48.9098,49.587,9412.5665527378,0
VRTS.US,D,20110513,000000,49.0474,49.7059,48.0675,48.6681,26572.109835834,0
VRTS.US,D,20110516,000000,48.382,48.5835,46.9657,46.9657,46386.218694121,0
VRTS.US,D,20110517,000000,47.067,47.6803,46.5677,46.6768,33969.078686597,0
VRTS.US,D,20110518,000000,46.8036,47.4906,46.5982,47.4739,18358.116777759,0
VRTS.US,D,20110519,000000,44.72,47.8051,44.72,47.464,49631.931298514,0
VRTS.US,D,20110520,000000,46.6434,47.4817,46.6434,46.9923,17938.921294057,0
VRTS.US,D,20110523,000000,46.093,47.0346,45.1328,46.0507,42055.888648888,0
VRTS.US,D,20110524,000000,46.3976,46.5509,44.7505,44.7858,35762.869069526,0
VRTS.US,D,20110525,000000,44.947,45.463,44.4124,45.1505,15542.791769498,0
VRTS.US,D,20110526,000000,44.4124,45.8021,43.9033,45.6517,40480.853190707,0
VRTS.US,D,20110527,000000,45.9613,46.2169,45.7971,46.0832,18229.916217209,0
VRTS.US,D,20110531,000000,46.778,47.3991,45.9299,46.9471,43566.823826795,0
VRTS.US,D,20110601,000000,47.067,47.0837,45.9131,46.0566,44116.254800579,0
VRTS.US,D,20110602,000000,46.2345,46.2345,45.7077,46.1766,14748.151787043,0
VRTS.US,D,20110603,000000,46.8478,49.3472,46.8478,48.5098,68069.410328042,0
VRTS.US,D,20110606,000000,48.8538,48.8538,48.3387,48.3486,28418.808386609,0
VRTS.US,D,20110607,000000,48.493,49.0847,48.3555,48.5658,38933.289281214,0
VRTS.US,D,20110608,000000,48.382,48.9196,48.21,48.3142,76429.918312459,0
VRTS.US,D,20110609,000000,48.3073,48.5098,48.0842,48.3387,46580.554464478,0
VRTS.US,D,20110610,000000,48.3299,48.4842,47.8237,47.8484,31438.64381289,0
VRTS.US,D,20110613,000000,48.2886,48.8813,48.0095,48.154,25116.117755306,0
VRTS.US,D,20110614,000000,48.154,50.0351,48.1441,49.7718,34779.998105312,0
VRTS.US,D,20110615,000000,49.3815,49.6616,47.754,48.1628,41402.676268945,0
VRTS.US,D,20110616,000000,48.271,50.0519,47.871,48.8911,29077.108090384,0
VRTS.US,D,20110617,000000,49.4336,49.5516,47.871,48.501,118305.71569772,0
VRTS.US,D,20110620,000000,48.21,48.8813,47.9132,48.3142,22466.639503946,0
VRTS.US,D,20110621,000000,48.7467,49.7305,48.3486,49.587,28563.288383419,0
VRTS.US,D,20110622,000000,49.1466,50.1089,49.0218,49.1123,17892.117914809,0
VRTS.US,D,20110623,000000,48.2012,49.1202,48.1796,48.8538,17398.647503169,0
VRTS.US,D,20110624,000000,48.9697,49.753,48.5481,49.238,105364.58133557,0
VRTS.US,D,20110627,000000,49.4592,50.33,48.9835,50.0607,16072.890912723,0
VRTS.US,D,20110628,000000,49.9614,50.8745,49.9614,50.8745,17407.804686065,0
VRTS.US,D,20110629,000000,50.8745,51.5614,50.5463,51.5291,23410.846807042,0
VRTS.US,D,20110630,000000,51.7315,51.9065,51.3679,51.478,34912.268524926,0
VRTS.US,D,20110701,000000,51.8828,55.0309,51.7315,54.166,60876.951895299,0
VRTS.US,D,20110705,000000,54.2663,56.0147,54.2663,55.7159,72986.817543411,0
VRTS.US,D,20110706,000000,55.8958,56.5042,55.7159,56.4373,76800.27548738,0
VRTS.US,D,20110707,000000,56.8206,58.515,56.6781,58.4737,54772.163297696,0
VRTS.US,D,20110708,000000,57.4556,59.9696,57.4556,59.78,41153.397401209,0
VRTS.US,D,20110711,000000,60.0237,60.2094,58.8865,59.0586,66700.920217412,0
VRTS.US,D,20110712,000000,59.0242,60.3244,59.0242,59.6355,41341.628382969,0
VRTS.US,D,20110713,000000,60.3647,60.9987,59.5145,59.9529,18819.028316878,0
VRTS.US,D,20110714,000000,60.3156,60.634,59.1009,59.151,17458.677924379,0
VRTS.US,D,20110715,000000,59.3466,60.4306,59.0065,60.4306,23126.974137253,0
VRTS.US,D,20110718,000000,60.0433,61.5598,60.0433,61.1697,25875.146470941,0
VRTS.US,D,20110719,000000,61.6886,64.2666,61.5353,64.2401,31966.708026583,0
VRTS.US,D,20110720,000000,63.1137,65.1983,63.1137,64.2066,32183.428021798,0
VRTS.US,D,20110721,000000,63.6464,66.2922,63.6464,66.1655,34752.526556622,0
VRTS.US,D,20110722,000000,65.8942,66.5665,65.8942,66.3866,27884.639384319,0
VRTS.US,D,20110725,000000,66.0799,68.3532,66.0799,67.1079,31817.140705941,0
VRTS.US,D,20110726,000000,67.6564,67.7173,67.0215,67.3095,56524.237625208,0
VRTS.US,D,20110727,000000,66.7935,67.507,65.2219,66.192,81871.319882456,0
VRTS.US,D,20110728,000000,66.0563,67.1257,65.5698,66.9124,37954.488176065,0
VRTS.US,D,20110729,000000,63.2798,68.1134,63.2798,66.6224,82257.956493638,0
VRTS.US,D,20110801,000000,67.5552,68.65,66.1841,67.2702,50943.443382232,0
VRTS.US,D,20110802,000000,67.0598,68.0475,65.8185,65.8283,67344.975414459,0
VRTS.US,D,20110803,000000,66.249,67.4195,63.7172,67.047,47653.97979289,0
VRTS.US,D,20110804,000000,66.706,67.2544,60.0611,60.9151,47462.696416832,0
VRTS.US,D,20110805,000000,61.4262,62.9486,53.595,57.1784,106384.08103137,0
VRTS.US,D,20110808,000000,53.9193,55.2933,48.4223,48.4223,111784.78401071,0
VRTS.US,D,20110809,000000,51.1889,54.2387,48.3486,53.5812,135287.20264672,0
VRTS.US,D,20110810,000000,51.4583,53.8505,50.4922,50.8136,59106.563201994,0
VRTS.US,D,20110811,000000,52.4116,53.7503,50.8833,53.2657,41290.755144655,0
VRTS.US,D,20110812,000000,54.8874,54.8874,51.9438,52.4529,33396.246023188,0
VRTS.US,D,20110815,000000,53.42,54.5287,53.0701,54.5287,15609.944444071,0
VRTS.US,D,20110816,000000,53.7984,54.4923,51.9438,52.0794,53817.781346937,0
VRTS.US,D,20110817,000000,52.6033,52.6033,51.1378,51.1989,20231.269412457,0
VRTS.US,D,20110818,000000,49.3815,49.7059,46.6954,46.9923,57081.808317122,0
VRTS.US,D,20110819,000000,46.3976,47.8808,45.3038,46.4193,66093.493751951,0
VRTS.US,D,20110822,000000,46.1107,49.2292,44.5912,48.2984,43327.719606722,0
VRTS.US,D,20110823,000000,48.4164,51.6608,48.154,51.2548,77761.779691503,0
VRTS.US,D,20110824,000000,51.5065,53.7896,49.6794,52.8598,47365.01979927,0
VRTS.US,D,20110825,000000,53.4023,53.4023,50.0351,50.5629,25995.207313361,0
VRTS.US,D,20110826,000000,49.8808,53.5134,49.8808,53.0799,68639.190597151,0
VRTS.US,D,20110829,000000,53.7837,55.1223,53.3355,55.1085,45827.630537441,0
VRTS.US,D,20110830,000000,53.0889,53.1242,50.8833,51.9527,48716.213008873,0
VRTS.US,D,20110831,000000,52.0018,52.4116,50.8833,51.994,51798.113785897,0
VRTS.US,D,20110901,000000,51.2155,52.3674,50.3211,51.1546,39068.612095128,0
VRTS.US,D,20110902,000000,50.273,52.2131,49.0651,49.238,65785.201927772,0
VRTS.US,D,20110906,000000,47.7716,49.2292,47.4739,48.7132,57918.164354994,0
VRTS.US,D,20110907,000000,49.9772,50.502,48.7811,49.7305,23546.169620955,0
VRTS.US,D,20110908,000000,49.4238,49.7796,47.5151,47.7019,27259.916017831,0
VRTS.US,D,20110909,000000,47.2046,48.0675,45.3706,46.2512,27937.547552165,0
VRTS.US,D,20110912,000000,45.1839,48.7811,45.1839,46.5431,29442.377941474,0
VRTS.US,D,20110913,000000,45.8827,48.4164,45.8827,48.271,19596.371398306,0
VRTS.US,D,20110914,000000,48.7968,49.1791,46.8655,48.6681,46642.619815221,0
VRTS.US,D,20110915,000000,48.9933,48.9933,47.2783,48.3486,23058.803997913,0
VRTS.US,D,20110916,000000,48.2984,49.6204,47.5151,48.3988,50315.667621445,0
VRTS.US,D,20110919,000000,47.3648,48.7467,46.72,48.4842,18113.925233855,0
VRTS.US,D,20110920,000000,48.5835,48.9767,47.2429,47.464,38231.23859249,0
VRTS.US,D,20110921,000000,47.1682,48.8449,46.6434,46.6856,103491.42870087,0
VRTS.US,D,20110922,000000,45.0384,46.1608,42.489,42.9459,44023.665506849,0
VRTS.US,D,20110923,000000,44.6384,44.9392,43.0944,44.8291,71693.619825485,0
VRTS.US,D,20110926,000000,46.0261,46.3564,44.3946,45.8207,66120.96530064,0
VRTS.US,D,20110927,000000,45.9977,49.5073,45.9977,48.1874,62417.393551427,0
VRTS.US,D,20110928,000000,46.6679,48.839,45.9613,46.1107,44307.538176638,0
VRTS.US,D,20110929,000000,47.754,47.754,45.0473,47.1436,35926.680896895,0
VRTS.US,D,20110930,000000,47.2046,48.1019,45.3382,45.4709,60954.279217535,0
VRTS.US,D,20111003,000000,45.2202,46.7623,43.7106,43.8335,59514.566573267,0
VRTS.US,D,20111004,000000,43.7106,45.576,42.7091,44.6659,43730.635654164,0
VRTS.US,D,20111005,000000,44.0399,46.6493,43.9809,46.3024,13142.592385873,0
VRTS.US,D,20111006,000000,46.2591,48.2788,45.9613,48.1874,23642.828773751,0
VRTS.US,D,20111007,000000,48.21,48.21,46.2257,46.9126,27768.648400964,0
VRTS.US,D,20111010,000000,48.3988,49.1879,47.3903,49.1879,32002.319293402,0
VRTS.US,D,20111011,000000,48.6857,49.753,47.8395,48.2984,25353.187045846,0
VRTS.US,D,20111012,000000,48.5481,50.7507,48.21,50.4843,24446.625939102,0
VRTS.US,D,20111013,000000,49.7796,51.2991,49.2125,50.9423,21427.807977587,0
VRTS.US,D,20111014,000000,51.875,51.875,49.0474,49.753,27955.861917957,0
VRTS.US,D,20111017,000000,49.0847,49.2469,47.3815,47.5849,26264.835476421,0
VRTS.US,D,20111018,000000,47.7972,48.839,47.008,48.44,26865.139688519,0
VRTS.US,D,20111019,000000,48.0842,48.5265,46.5844,46.6158,23925.683978773,0
VRTS.US,D,20111020,000000,47.4817,48.0508,46.0744,46.8212,19733.729141752,0
VRTS.US,D,20111021,000000,47.9762,48.7811,46.607,48.1353,21771.711068585,0
VRTS.US,D,20111024,000000,48.3898,50.6603,48.1628,50.6603,18582.976491104,0
VRTS.US,D,20111025,000000,49.3059,50.0519,48.0754,48.4164,20748.141513721,0
VRTS.US,D,20111026,000000,48.5098,48.7811,47.0483,48.5186,21443.069949081,0
VRTS.US,D,20111027,000000,50.5187,54.5631,48.901,54.1139,47307.024307593,0
VRTS.US,D,20111028,000000,54.8353,56.1337,54.284,54.9867,23017.087942496,0
VRTS.US,D,20111031,000000,54.3527,54.9286,52.9168,52.9168,20919.075594454,0
VRTS.US,D,20111101,000000,49.2469,50.2897,48.2886,48.9767,42344.848642508,0
VRTS.US,D,20111102,000000,49.016,50.7054,48.3988,50.4843,37521.048185635,0
VRTS.US,D,20111103,000000,50.8657,54.224,50.2573,53.308,34321.121495725,0
VRTS.US,D,20111104,000000,52.6898,53.6559,52.5954,53.367,9975.2245684836,0
VRTS.US,D,20111107,000000,53.3935,53.8505,52.2632,53.5812,14680.999112469,0
VRTS.US,D,20111108,000000,54.284,55.6147,53.4368,55.3522,17019.133145351,0
VRTS.US,D,20111109,000000,53.6814,55.7012,52.6485,52.6485,23898.212430084,0
VRTS.US,D,20111110,000000,54.0019,56.5828,53.5871,54.8687,20699.30320494,0
VRTS.US,D,20111111,000000,55.1498,58.9396,55.1498,58.5917,26187.508154185,0
VRTS.US,D,20111114,000000,58.1996,60.0522,57.5902,58.9671,28813.584715921,0
VRTS.US,D,20111115,000000,59.5932,60.634,58.746,60.5947,23579.745958242,0
VRTS.US,D,20111116,000000,59.7023,60.8493,58.1082,58.3667,27680.128966299,0
VRTS.US,D,20111117,000000,58.9494,60.236,57.6255,58.2182,30950.260725082,0
VRTS.US,D,20111118,000000,58.515,61.0616,58.3755,60.9574,31215.819029078,0
VRTS.US,D,20111121,000000,59.3043,60.7549,58.8865,60.7461,31776.442115291,0
VRTS.US,D,20111122,000000,60.924,61.4508,59.9471,61.4508,76530.64732432,0
VRTS.US,D,20111123,000000,60.4561,61.3997,58.6851,61.1195,32884.461245756,0
VRTS.US,D,20111125,000000,60.8807,60.8807,58.2978,59.2945,11523.805942742,0
VRTS.US,D,20111128,000000,60.9751,63.1806,60.2802,62.0946,40447.27685342,0
VRTS.US,D,20111129,000000,62.3402,63.0971,61.5275,62.9123,39195.795190911,0
VRTS.US,D,20111130,000000,64.6676,67.4018,63.2149,64.358,268529.30111324,0
VRTS.US,D,20111201,000000,64.2312,64.2312,61.7466,62.6735,42053.853719356,0
VRTS.US,D,20111202,000000,63.6985,63.6985,62.5525,63.272,18538.208041388,0
VRTS.US,D,20111205,000000,63.4273,64.0465,62.0238,62.8582,40012.819398224,0
VRTS.US,D,20111206,000000,62.9486,63.1452,62.1142,62.2469,21977.238951371,0
VRTS.US,D,20111207,000000,62.2813,64.0022,60.9436,63.7251,10683.380045806,0
VRTS.US,D,20111208,000000,64.4012,64.4956,60.7392,60.9839,19185.315632734,0
VRTS.US,D,20111209,000000,61.4674,65.5698,61.4674,65.4598,20021.671670606,0
VRTS.US,D,20111212,000000,64.2224,64.7089,63.4931,64.3236,15902.974296756,0
VRTS.US,D,20111213,000000,64.7983,65.1354,62.1879,62.4601,15358.630646803,0
VRTS.US,D,20111214,000000,61.6886,62.7795,61.6886,62.1958,22512.425418428,0
VRTS.US,D,20111215,000000,62.1623,62.8769,61.898,62.5348,15917.218803484,0
VRTS.US,D,20111216,000000,62.756,62.8051,61.0616,61.0616,41026.214305426,0
VRTS.US,D,20111219,000000,61.6886,62.9044,61.6886,62.2891,31460.010572982,0
VRTS.US,D,20111220,000000,63.5521,64.6391,63.4872,63.8912,30951.278189848,0
VRTS.US,D,20111221,000000,63.384,64.3767,63.384,64.1643,8975.0567032429,0
VRTS.US,D,20111222,000000,64.7639,64.9546,63.7074,64.8759,28507.327821274,0
VRTS.US,D,20111223,000000,64.9251,64.9791,64.4012,64.9791,5584.8641020406,0
VRTS.US,D,20111227,000000,64.6214,66.6224,64.5368,66.5665,30065.066378429,0
VRTS.US,D,20111228,000000,66.7414,66.7414,64.5615,64.5615,18876.006343789,0
VRTS.US,D,20111229,000000,64.5368,65.9718,63.9187,64.4867,27486.810660708,0
VRTS.US,D,20111230,000000,64.4956,66.3866,64.0936,64.4612,30598.217915953,0
VRTS.US,D,20120103,000000,65.561,65.7222,64.129,65.7222,12964.536051777,0
VRTS.US,D,20120104,000000,65.4273,66.1477,64.7895,65.7831,22414.748800866,0
VRTS.US,D,20120105,000000,65.2848,66.0367,64.5232,66.0367,8574.1755853337,0
VRTS.US,D,20120106,000000,65.7733,65.7733,64.8346,65.3183,13410.185619402,0
VRTS.US,D,20120109,000000,65.5197,65.9521,64.7482,65.5197,23035.402308289,0
VRTS.US,D,20120110,000000,67.6319,70.8133,67.5297,70.2855,157717.21341908,0
VRTS.US,D,20120111,000000,70.2098,70.3887,69.5739,69.9573,78053.792079422,0
VRTS.US,D,20120112,000000,70.3621,70.3809,69.4363,69.5405,37278.891571264,0
VRTS.US,D,20120113,000000,69.4816,69.4816,67.8529,68.0829,1040940.7308193,0
VRTS.US,D,20120117,000000,67.4107,68.6913,66.8613,66.8613,48524.929632815,0
VRTS.US,D,20120118,000000,66.9881,67.4922,66.938,67.4922,26173.263647457,0
VRTS.US,D,20120119,000000,67.6938,67.8451,66.6991,67.507,37400.987343216,0
VRTS.US,D,20120120,000000,67.4018,68.2569,67.3498,67.7586,24520.900867039,0
VRTS.US,D,20120123,000000,67.7586,67.9551,67.3271,67.7763,16673.195124821,0
VRTS.US,D,20120124,000000,66.938,68.022,66.938,67.7173,32329.94294814,0
VRTS.US,D,20120125,000000,67.5297,67.9631,67.2859,67.6938,29236.850058688,0
VRTS.US,D,20120126,000000,68.4298,68.4298,67.3498,67.7104,25680.810700584,0
VRTS.US,D,20120127,000000,68.0054,68.2913,67.4922,67.8196,13943.337156926,0
VRTS.US,D,20120130,000000,67.8028,67.8373,67.2622,67.5463,18231.951146742,0
VRTS.US,D,20120131,000000,68.0663,68.0898,67.165,67.3095,22208.203453314,0
VRTS.US,D,20120201,000000,69.0383,69.0471,67.912,68.4466,54969.551462351,0
VRTS.US,D,20120202,000000,69.5405,70.5489,68.5134,69.796,80714.46244321,0
VRTS.US,D,20120203,000000,69.9719,70.8133,69.8275,70.3012,28326.219092879,0
VRTS.US,D,20120206,000000,70.0938,70.7622,69.1935,69.5651,18187.182697026,0
VRTS.US,D,20120207,000000,69.5405,70.0074,69.168,69.5159,32156.973937875,0
VRTS.US,D,20120208,000000,69.5405,70.5675,69.5405,70.1735,32328.925483374,0
VRTS.US,D,20120209,000000,70.2619,70.4348,68.0967,68.9115,15969.109506564,0
VRTS.US,D,20120210,000000,68.4388,68.7326,67.7684,68.4643,16138.008657764,0
VRTS.US,D,20120213,000000,68.9203,69.0284,68.3709,68.6402,11723.229036931,0
VRTS.US,D,20120214,000000,68.5056,68.6019,67.9631,68.3276,11964.368186536,0
VRTS.US,D,20120215,000000,68.5743,68.5743,66.706,66.879,19581.109426812,0
VRTS.US,D,20120216,000000,66.3099,67.507,65.902,67.4539,13496.670124534,0
VRTS.US,D,20120217,000000,67.0795,68.1046,67.0795,67.8028,13065.265063637,0
VRTS.US,D,20120221,000000,66.9959,67.7419,66.9959,67.4195,14159.039687374,0
VRTS.US,D,20120222,000000,66.9694,68.1134,66.9694,67.7173,23012.000618665,0
VRTS.US,D,20120223,000000,67.2947,68.4977,67.2947,68.2028,15017.779950104,0
VRTS.US,D,20120224,000000,68.5302,68.5302,66.7935,66.9959,13546.525898081,0
VRTS.US,D,20120227,000000,66.9468,69.5257,66.7856,69.1847,33227.346871988,0
VRTS.US,D,20120228,000000,69.5337,69.9208,68.6913,69.0471,60989.890484354,0
VRTS.US,D,20120229,000000,69.4816,69.4816,67.0037,67.4539,141203.76026256,0
VRTS.US,D,20120301,000000,68.0054,69.5159,67.4382,67.6397,29805.612863031,0
VRTS.US,D,20120302,000000,67.7341,68.4388,64.4612,64.5457,30639.93397137,0
VRTS.US,D,20120305,000000,64.0465,66.879,64.0465,65.9885,20043.038430697,0
VRTS.US,D,20120306,000000,63.6553,65.0027,62.8769,63.1619,15415.608673714,0
VRTS.US,D,20120307,000000,63.2887,65.792,63.2887,65.5275,29238.88498822,0
VRTS.US,D,20120308,000000,66.2156,66.5212,64.6391,66.5045,10023.045412498,0
VRTS.US,D,20120309,000000,66.8692,68.0299,66.648,68.0054,26178.350971289,0
VRTS.US,D,20120312,000000,68.0898,68.7985,68.0751,68.5655,45730.971384645,0
VRTS.US,D,20120313,000000,69.0736,69.8599,68.6913,69.7026,50472.35719545,0
VRTS.US,D,20120314,000000,69.796,69.8599,68.7326,69.0215,11334.557496217,0
VRTS.US,D,20120315,000000,69.2516,69.8962,68.2264,69.5651,28405.581344648,0
VRTS.US,D,20120316,000000,69.0215,69.7194,68.1507,68.6815,213102.90797083,0
VRTS.US,D,20120319,000000,69.1002,69.5405,68.8201,69.4215,47693.660918775,0
VRTS.US,D,20120320,000000,68.2825,68.8063,66.9959,67.2859,19628.930270827,0
VRTS.US,D,20120321,000000,67.7507,68.4711,66.6735,68.1419,17118.844692446,0
VRTS.US,D,20120322,000000,67.1974,67.7852,66.4691,67.3762,11883.988470001,0
VRTS.US,D,20120323,000000,67.0037,67.9631,67.0037,67.8451,18862.779301828,0
VRTS.US,D,20120326,000000,68.6097,69.4068,68.1605,69.0284,20825.468835957,0
VRTS.US,D,20120327,000000,69.0059,69.5405,68.2913,69.5061,19037.783241625,0
VRTS.US,D,20120328,000000,69.2259,70.3444,68.8624,70.3444,18634.867194184,0
VRTS.US,D,20120329,000000,69.7626,73.7804,69.7626,73.3225,48327.541468159,0
VRTS.US,D,20120330,000000,73.7804,73.7804,72.1332,72.7446,45585.473923069,0
VRTS.US,D,20120402,000000,72.0369,74.1717,72.0369,74.1294,40003.662215327,0
VRTS.US,D,20120403,000000,73.6045,73.6792,69.7862,71.0757,28885.824714326,0
VRTS.US,D,20120404,000000,70.769,70.9223,68.9558,69.1424,33568.197568687,0
VRTS.US,D,20120405,000000,69.168,69.6073,68.5833,68.9115,5803.6190267881,0
VRTS.US,D,20120409,000000,67.5896,70.5489,67.5728,69.2329,87258.795819841,0
VRTS.US,D,20120410,000000,68.8436,68.8436,65.8854,66.0966,36189.186806592,0
VRTS.US,D,20120411,000000,67.0037,67.3409,66.0465,67.278,43452.867772973,0
VRTS.US,D,20120412,000000,67.0795,70.7268,67.0795,70.1911,25885.321118604,0
VRTS.US,D,20120413,000000,69.6486,69.6486,66.7767,68.3532,25223.96902053,0
VRTS.US,D,20120416,000000,68.5302,70.254,67.8884,69.1336,12221.786772402,0
VRTS.US,D,20120417,000000,69.8962,70.6688,69.4215,70.1735,6911.6381572531,0
VRTS.US,D,20120418,000000,70.1125,71.6261,69.0059,71.5249,18571.784378675,0
VRTS.US,D,20120419,000000,71.914,71.9229,67.4382,68.0898,19572.969708682,0
VRTS.US,D,20120420,000000,68.2343,69.5984,67.1079,67.7026,22941.795549793,0
VRTS.US,D,20120423,000000,66.4859,67.3193,65.616,66.4278,20203.797863768,0
VRTS.US,D,20120424,000000,66.2096,67.8274,66.2096,67.8028,11586.888758251,0
VRTS.US,D,20120425,000000,68.1321,71,68.0967,70.3985,28066.765577481,0
VRTS.US,D,20120426,000000,70.4663,72.0831,70.143,72.0831,28390.319373154,0
VRTS.US,D,20120427,000000,71.914,73.2379,71.6182,73.2379,12652.174368533,0
VRTS.US,D,20120430,000000,72.832,73.577,70.9804,71.576,9498.0335931043,0
VRTS.US,D,20120501,000000,71.2712,72.5931,69.5572,69.5572,41924.63569404,0
VRTS.US,D,20120502,000000,68.6815,71.2614,68.4801,69.1169,24860.734098973,0
VRTS.US,D,20120503,000000,68.3178,68.9979,66.1477,66.2332,38834.595198886,0
VRTS.US,D,20120504,000000,66.2411,66.2411,63.8823,63.8823,26993.340249069,0
VRTS.US,D,20120507,000000,63.612,65.504,63.6032,64.5615,24752.882833748,0
VRTS.US,D,20120508,000000,64.0317,66.4947,64.0317,66.2332,14591.462213038,0
VRTS.US,D,20120509,000000,65.046,66.1477,65.046,65.3438,13655.394628072,0
VRTS.US,D,20120510,000000,66.02,66.4436,65.3507,66.0278,11881.953540468,0
VRTS.US,D,20120511,000000,65.3005,66.9468,65.3005,66.4947,14376.777147355,0
VRTS.US,D,20120514,000000,65.4097,66.9045,65.3998,65.6672,27722.862486482,0
VRTS.US,D,20120515,000000,65.6878,66.2569,65.3094,65.3674,8774.6161442883,0
VRTS.US,D,20120516,000000,65.5984,66.0731,64.4867,64.9791,24058.971863154,0
VRTS.US,D,20120517,000000,65.3438,65.3438,64.1123,64.1123,15629.27627463,0
VRTS.US,D,20120518,000000,64.0848,64.3855,63.6032,63.6985,19346.075065804,0
VRTS.US,D,20120521,000000,64.2401,65.2937,63.8744,64.9791,24579.913823483,0
VRTS.US,D,20120522,000000,64.7001,65.3005,62.1879,62.5525,39840.867852725,0
VRTS.US,D,20120523,000000,62.0513,63.3153,60.3893,61.0704,23548.204550488,0
VRTS.US,D,20120524,000000,60.8493,61.4832,60.2094,61.3397,10093.250481371,0
VRTS.US,D,20120525,000000,61.1598,61.1598,60.4208,60.6959,14589.427283505,0
VRTS.US,D,20120529,000000,60.5947,60.9839,60.2459,60.6606,22577.543163469,0
VRTS.US,D,20120530,000000,60.2094,61.4262,59.6355,59.6778,30689.789744917,0
VRTS.US,D,20120531,000000,59.8055,60.7883,59.205,60.1112,36964.494958487,0
VRTS.US,D,20120601,000000,58.515,59.7279,58.515,59.0919,25258.562822583,0
VRTS.US,D,20120604,000000,59.2139,59.2453,58.515,58.8561,15165.312341213,0
VRTS.US,D,20120605,000000,58.6683,59.6934,58.6683,59.1598,10750.532720379,0
VRTS.US,D,20120606,000000,59.4085,62.2469,59.2768,62.009,7078.5023789209,0
VRTS.US,D,20120607,000000,62.4434,62.8484,61.1029,61.3997,16502.261044088,0
VRTS.US,D,20120608,000000,61.1127,62.5751,60.7883,62.009,7253.5063187188,0
VRTS.US,D,20120611,000000,62.9565,63.2464,60.2802,60.4473,28846.143588441,0
VRTS.US,D,20120612,000000,61.2375,61.2375,59.8762,60.6104,8376.7874206778,0
VRTS.US,D,20120613,000000,60.7461,60.7549,58.6851,58.7785,15490.901066418,0
VRTS.US,D,20120614,000000,59.3632,60.4837,58.515,59.6679,33967.043757064,0
VRTS.US,D,20120615,000000,59.3721,61.4832,59.3632,60.6695,43682.814810149,0
VRTS.US,D,20120618,000000,60.1691,60.8051,59.032,59.3632,27744.229246574,0
VRTS.US,D,20120619,000000,59.7976,62.3236,59.1283,62.1623,35407.773866098,0
VRTS.US,D,20120620,000000,62.2891,63.3516,60.5583,63.2061,27231.427004375,0
VRTS.US,D,20120621,000000,63.2887,63.2887,59.8862,60.1928,18807.836204449,0
VRTS.US,D,20120622,000000,60.7136,62.6646,59.7279,62.2036,161177.61108915,0
VRTS.US,D,20120625,000000,61.6798,63.6032,60.9751,62.867,16703.719067809,0
VRTS.US,D,20120626,000000,63.1884,65.2682,62.068,65.0303,35211.403166209,0
VRTS.US,D,20120627,000000,65.2514,66.3099,64.9713,65.6809,35050.643733139,0
VRTS.US,D,20120628,000000,65.1718,65.7055,63.7309,65.6878,14845.828404605,0
VRTS.US,D,20120629,000000,66.5753,68.9724,66.1477,68.6913,33493.92264075,0
VRTS.US,D,20120702,000000,68.6913,69.5159,67.5375,69.5159,27334.190945768,0
VRTS.US,D,20120703,000000,69.5405,71.4472,69.055,71.4383,17632.66439941,0
VRTS.US,D,20120705,000000,70.6256,72.0369,69.5405,71.7784,28714.890633593,0
VRTS.US,D,20120706,000000,70.6845,70.6923,68.6166,69.055,19003.189439572,0
VRTS.US,D,20120709,000000,68.2343,69.9573,67.7586,69.456,30791.536221544,0
VRTS.US,D,20120710,000000,70.1655,70.7356,69.0736,69.9208,13443.761956688,0
VRTS.US,D,20120711,000000,70.3366,70.4821,69.6241,69.9818,15016.762485338,0
VRTS.US,D,20120712,000000,69.6486,69.6486,67.8952,68.2647,19558.725201954,0
VRTS.US,D,20120713,000000,68.6097,69.6683,68.5655,69.4127,12682.698311521,0
VRTS.US,D,20120716,000000,68.0967,70.2619,68.0967,69.2417,10139.036395853,0
VRTS.US,D,20120717,000000,70.085,70.6354,67.5728,70.3444,15921.288662549,0
VRTS.US,D,20120718,000000,70.7622,73.2625,70.254,72.5657,59138.104609748,0
VRTS.US,D,20120719,000000,73.059,73.171,71.0364,71.0364,16371.008089239,0
VRTS.US,D,20120720,000000,70.0653,70.0653,65.9807,66.302,29118.824145801,0
VRTS.US,D,20120723,000000,63.6032,66.0131,63.6032,65.3595,22443.237814322,0
VRTS.US,D,20120724,000000,64.5368,65.9807,64.5368,65.2514,20514.124617479,0
VRTS.US,D,20120725,000000,65.8942,67.675,64.4082,66.302,25320.628173325,0
VRTS.US,D,20120726,000000,67.4982,69.3203,67.0392,67.1708,10316.075265183,0
VRTS.US,D,20120727,000000,67.4018,70.8457,67.4018,70.2442,9359.6583848919,0
VRTS.US,D,20120730,000000,70.7543,71.2359,68.9901,69.2417,10910.274688683,0
VRTS.US,D,20120731,000000,69.3115,71.2281,69.2417,71,24163.77073408,0
VRTS.US,D,20120801,000000,71.7784,72.0753,69.5337,69.5337,20591.451939715,0
VRTS.US,D,20120802,000000,70.254,71.3646,69.168,70.8624,32067.437038443,0
VRTS.US,D,20120803,000000,72.3238,72.3238,70.9804,71.576,22446.290208621,0
VRTS.US,D,20120806,000000,71.4207,71.4472,69.6152,70.5115,17048.639623573,0
VRTS.US,D,20120807,000000,70.6079,72.0831,70.254,71.8128,20238.391665821,0
VRTS.US,D,20120808,000000,71.5513,72.5116,70.3985,72.2128,14912.981079178,0
VRTS.US,D,20120809,000000,71.4207,73.289,71.4207,72.4487,14617.916296961,0
VRTS.US,D,20120810,000000,72.5745,73.348,71.517,72.5185,12029.485931577,0
VRTS.US,D,20120813,000000,72.4487,72.9676,72.3455,72.7592,13819.206455441,0
VRTS.US,D,20120814,000000,72.9421,73.1189,71.2359,71.5081,29219.553157661,0
VRTS.US,D,20120815,000000,71.6664,73.348,71.4894,72.664,35971.44934661,0
VRTS.US,D,20120816,000000,72.777,73.348,70.2383,73.1101,66908.483029731,0
VRTS.US,D,20120817,000000,73.2045,73.6978,73.1101,73.6978,20452.059266737,0
VRTS.US,D,20120820,000000,73.3568,74.2021,72.777,74.0773,18281.806920289,0
VRTS.US,D,20120821,000000,74.2483,75.9859,74.2483,75.07,26327.91829193,0
VRTS.US,D,20120822,000000,76.0537,76.6129,74.5687,75.3648,23134.096390617,0
VRTS.US,D,20120823,000000,75.5545,75.5545,74.0685,74.1048,8816.3321997052,0
VRTS.US,D,20120824,000000,74.3819,75.2399,73.9927,74.5442,17708.974256881,0
VRTS.US,D,20120827,000000,74.7308,75.0198,73.9967,74.8528,18728.47395268,0
VRTS.US,D,20120828,000000,74.6778,75.0552,74.3495,74.7033,11621.482560304,0
VRTS.US,D,20120829,000000,74.8007,75.4533,74.3583,74.7642,15765.61655331,0
VRTS.US,D,20120830,000000,73.9102,75.3923,72.3455,73.5603,28578.550354913,0
VRTS.US,D,20120831,000000,73.9751,74.0773,72.5264,72.6276,38426.591827613,0
VRTS.US,D,20120904,000000,72.5116,75.1033,72.0555,74.6778,22920.428789701,0
VRTS.US,D,20120905,000000,74.4871,74.4871,70.311,70.3887,56444.875373439,0
VRTS.US,D,20120906,000000,71.289,72.8821,71.289,72.549,60343.800357775,0
VRTS.US,D,20120907,000000,72.6708,75.1908,72.549,74.5588,24252.290168745,0
VRTS.US,D,20120910,000000,74.8429,75.6872,73.7804,74.7741,37931.086486441,0
VRTS.US,D,20120911,000000,74.5687,76.0871,73.917,75.0021,22693.534146824,0
VRTS.US,D,20120912,000000,75.3648,76.096,73.8827,74.6041,25273.824794077,0
VRTS.US,D,20120913,000000,74.5854,76.7663,73.7972,76.7496,25818.16844403,0
VRTS.US,D,20120914,000000,76.7073,79.4946,76.6985,78.1304,39933.457146455,0
VRTS.US,D,20120917,000000,78.1895,78.5394,75.7304,76.0537,24882.100859064,0
VRTS.US,D,20120918,000000,76.2572,76.2572,72.1961,75.8355,26867.174618052,0
VRTS.US,D,20120919,000000,75.9004,76.0685,72.664,72.7592,45940.569126496,0
VRTS.US,D,20120920,000000,72.6374,75.0287,71.8305,74.7368,31484.429727372,0
VRTS.US,D,20120921,000000,75.9004,76.2149,73.1455,75.2075,334564.79937351,0
VRTS.US,D,20120924,000000,74.6699,76.7152,73.6379,75.8159,41511.544998935,0
VRTS.US,D,20120925,000000,76.0616,77.4886,74.3583,74.3583,37046.909604555,0
VRTS.US,D,20120926,000000,74.7741,75.0109,73.4906,73.7087,14459.191793423,0
VRTS.US,D,20120927,000000,74.4418,74.5854,73.1357,73.7028,18819.028316878,0
VRTS.US,D,20120928,000000,73.1976,73.7883,72.5538,72.9323,21529.554454214,0
VRTS.US,D,20121001,000000,73.4413,74.3907,73.2566,73.7343,11448.513550038,0
VRTS.US,D,20121002,000000,73.8748,74.2021,72.9519,73.577,21082.887421823,0
VRTS.US,D,20121003,000000,74.0074,74.2119,73.0325,73.8679,15627.241345098,0
VRTS.US,D,20121004,000000,74.1805,74.3662,73.5603,73.9515,11521.77101321,0
VRTS.US,D,20121005,000000,74.3495,74.9598,73.7254,73.7254,6513.8094336426,0
VRTS.US,D,20121008,000000,73.5681,74.4616,73.5681,73.8453,7984.0460208987,0
VRTS.US,D,20121009,000000,74.0262,75.0454,73.5417,74.3583,17784.266649584,0
VRTS.US,D,20121010,000000,74.7918,74.8007,73.7883,74.6296,30584.990873992,0
VRTS.US,D,20121011,000000,74.6935,75.3058,74.4793,75.2243,18485.299873542,0
VRTS.US,D,20121012,000000,75.3383,75.6872,74.6778,75.2321,13105.963654288,0
VRTS.US,D,20121015,000000,75.5181,76.4036,75.0365,76.4036,12999.12985383,0
VRTS.US,D,20121016,000000,76.7152,78.4578,76.7152,78.1983,32450.00379056,0
VRTS.US,D,20121017,000000,78.1374,78.9728,78.0234,78.9728,67832.341037501,0
VRTS.US,D,20121018,000000,78.6386,79.4199,78.617,78.9462,9735.1028836445,0
VRTS.US,D,20121019,000000,78.215,79.3856,78.0342,78.784,52676.185879185,0
VRTS.US,D,20121022,000000,78.9728,79.6066,78.6897,79.4711,48168.816964622,0
VRTS.US,D,20121023,000000,78.8105,79.1192,78.2071,78.9541,21118.498688642,0
VRTS.US,D,20121024,000000,79.3118,79.4946,78.1246,78.963,15320.984450451,0
VRTS.US,D,20121025,000000,80.4795,80.7606,79.9693,80.4027,15606.892049773,0
VRTS.US,D,20121026,000000,80.5669,81.3994,80.1845,80.9886,30564.641578667,0
VRTS.US,D,20121031,000000,81.0976,81.8377,80.557,81.2667,27480.705872111,0
VRTS.US,D,20121101,000000,81.5507,86.5071,81.5507,86.2899,114961.309011,0
VRTS.US,D,20121102,000000,86.8472,88.3087,86.8472,88.1997,75216.082846302,0
VRTS.US,D,20121105,000000,87.0635,88.4079,87.0635,88.3558,45877.486310988,0
VRTS.US,D,20121106,000000,88.5947,89.2729,88.2891,89.094,44751.15281473,0
VRTS.US,D,20121107,000000,88.2891,88.3284,87.2541,87.4655,57243.585214959,0
VRTS.US,D,20121108,000000,87.3946,88.4424,86.3332,86.3332,43103.877358143,0
VRTS.US,D,20121109,000000,85.8978,86.4816,84.7587,86.3686,53405.708116599,0
VRTS.US,D,20121112,000000,85.6216,87.316,85.6216,87.2639,29359.963295406,0
VRTS.US,D,20121113,000000,86.9337,88.5299,86.9337,88.0925,30476.122144001,0
VRTS.US,D,20121114,000000,88.065,88.1907,86.9524,87.2374,75681.064244487,0
VRTS.US,D,20121115,000000,87.1873,87.3347,84.9848,85.2551,65077.04645045,0
VRTS.US,D,20121116,000000,85.5214,86.2723,84.6997,85.7877,225222.94826661,0
VRTS.US,D,20121119,000000,87.0349,88.5397,86.5259,88.4178,25807.993796367,0
VRTS.US,D,20121120,000000,88.1111,91.8272,87.8202,91.5049,74437.722300108,0
VRTS.US,D,20121121,000000,92.3236,93.2701,91.7723,92.7649,63604.774933661,0
VRTS.US,D,20121123,000000,93.2701,93.5226,93.0647,93.3615,17221.608633839,0
VRTS.US,D,20121126,000000,93.3615,95.5493,93.327,95.4342,58022.963225919,0
VRTS.US,D,20121127,000000,95.2328,95.9257,94.59,94.7698,63528.465076191,0
VRTS.US,D,20121128,000000,94.5605,95.3959,93.5885,95.3074,28832.91654648,0
VRTS.US,D,20121129,000000,95.7606,96.8908,95.4913,96.4348,94966.091424315,0
VRTS.US,D,20121130,000000,96.9872,97.5051,95.8284,97.3881,71830.977568931,0
VRTS.US,D,20121203,000000,97.6309,98.0771,97.2899,98.0771,33814.424042124,0
VRTS.US,D,20121204,000000,97.5925,98.0673,95.7606,96.4732,64857.274060936,0
VRTS.US,D,20121205,000000,96.9095,97.2899,96.7542,97.0657,65542.027848634,0
VRTS.US,D,20121206,000000,97.0657,98.0181,96.247,97.6801,53461.668678743,0
VRTS.US,D,20121207,000000,98.0771,98.7946,97.91,98.5489,54209.50528195,0
VRTS.US,D,20121210,000000,98.7946,99.2274,98.3818,98.3916,36669.43017627,0
VRTS.US,D,20121211,000000,98.8339,99.2274,97.8019,97.9494,42275.661038402,0
VRTS.US,D,20121212,000000,98.3818,99.2274,97.969,98.1361,24137.316650157,0
VRTS.US,D,20121213,000000,98.5391,98.7651,97.0559,97.6408,72728.381492779,0
VRTS.US,D,20121214,000000,97.6309,97.9395,96.706,97.1248,17525.830598952,0
VRTS.US,D,20121217,000000,97.5051,100.908,97.5051,100.681,38418.452109483,0
VRTS.US,D,20121218,000000,100.534,101.949,100.534,101.949,20196.675610404,0
VRTS.US,D,20121219,000000,101.419,101.989,99.374,99.5513,35225.647672937,0
VRTS.US,D,20121220,000000,99.4829,102.087,99.4829,101.242,20204.815328534,0
VRTS.US,D,20121221,000000,101.3,101.999,100.082,101.989,115778.33321831,0
VRTS.US,D,20121224,000000,101.91,103.414,101.192,102.716,19254.50323684,0
VRTS.US,D,20121226,000000,103.188,103.188,102.028,102.294,22250.936973497,0
VRTS.US,D,20121227,000000,102.382,102.677,100.554,101.291,38068.444229887,0
VRTS.US,D,20121228,000000,100.681,102.214,100.681,101.35,10528.725401333,0
VRTS.US,D,20121231,000000,101.389,103.364,101.389,102.549,22167.504862663,0
VRTS.US,D,20130102,000000,103.463,106.824,102.775,106.559,73912.710480714,0
VRTS.US,D,20130103,000000,106.716,107.061,105.498,106.097,70650.718440061,0
VRTS.US,D,20130104,000000,106.638,108.053,105.665,107.66,27223.287286245,0
VRTS.US,D,20130107,000000,107.316,108.013,106.588,107.522,25565.837181996,0
VRTS.US,D,20130108,000000,107.67,109.616,107.247,109.223,76113.48677015,0
VRTS.US,D,20130109,000000,109.842,111.738,109.792,111.728,49012.295255857,0
VRTS.US,D,20130110,000000,111.483,113.98,110.363,113.95,56864.070857141,0
VRTS.US,D,20130111,000000,114.097,114.323,112.427,114.323,26673.856312461,0
VRTS.US,D,20130114,000000,114.51,117.144,113.203,116.928,44040.962407876,0
VRTS.US,D,20130115,000000,115.974,116.358,115.012,115.326,54213.575141015,0
VRTS.US,D,20130116,000000,115.641,115.984,114.932,115.169,53613.270928917,0
VRTS.US,D,20130117,000000,115.964,115.974,114.932,115.542,47738.429368491,0
VRTS.US,D,20130118,000000,115.699,116.79,115.699,116.79,23444.423144329,0
VRTS.US,D,20130122,000000,117.036,119.562,116.938,119.434,26879.384195247,0
VRTS.US,D,20130123,000000,119.699,121.911,119.454,121.449,44330.939866262,0
VRTS.US,D,20130124,000000,121.881,124.408,120.721,120.909,89305.934929571,0
VRTS.US,D,20130125,000000,121.252,121.941,119.218,119.414,73713.287386526,0
VRTS.US,D,20130128,000000,119.571,120.633,118.412,120.515,45148.981538341,0
VRTS.US,D,20130129,000000,120.446,123.238,120.427,122.874,42106.761887202,0
VRTS.US,D,20130130,000000,123.66,123.66,120.172,123.169,82652.732822949,0
VRTS.US,D,20130131,000000,123.316,126.746,122.982,126.353,62605.624533187,0
VRTS.US,D,20130201,000000,127.159,129.548,126.294,129.341,41644.832883316,0
VRTS.US,D,20130204,000000,128.113,133.105,128.113,132.477,65391.443063226,0
VRTS.US,D,20130205,000000,131.67,133.419,131.67,132.575,88999.678034924,0
VRTS.US,D,20130206,000000,131.778,133.509,131.229,132.683,38325.862815753,0
VRTS.US,D,20130207,000000,133.311,133.311,131.768,132.565,40518.499387059,0
VRTS.US,D,20130208,000000,132.89,137.489,132.89,137.43,44400.127470368,0
VRTS.US,D,20130211,000000,137.43,139.17,136.84,138.186,18195.322415156,0
VRTS.US,D,20130212,000000,138.855,138.855,137.862,138.256,14353.375457731,0
VRTS.US,D,20130213,000000,138.256,140.192,138.226,139.503,37176.127629871,0
VRTS.US,D,20130214,000000,138.865,141.587,138.865,140.997,23405.759483211,0
VRTS.US,D,20130215,000000,141.745,142.472,140.86,141.685,29508.513151281,0
VRTS.US,D,20130219,000000,141.332,144.879,141.332,144.123,29266.35653691,0
VRTS.US,D,20130220,000000,144.889,144.889,136.487,136.497,108532.96661772,0
VRTS.US,D,20130221,000000,135.611,136.497,134.01,135.573,60539.153592898,0
VRTS.US,D,20130222,000000,135.661,139.376,133.95,138.973,26951.624193652,0
VRTS.US,D,20130225,000000,139.995,140.889,136.084,137.479,79514.871483781,0
VRTS.US,D,20130226,000000,137.735,141.951,137.735,140.358,40445.241923887,0
VRTS.US,D,20130227,000000,140.801,145.676,140.801,144.879,42412.001317082,0
VRTS.US,D,20130228,000000,144.31,144.801,142.138,142.492,51970.065331396,0
VRTS.US,D,20130301,000000,141.627,143.563,140.526,142.815,22901.096959142,0
VRTS.US,D,20130304,000000,142.482,146.885,141.224,145.106,59039.41052742,0
VRTS.US,D,20130305,000000,147.877,149.175,147.013,148.811,51637.354352826,0
VRTS.US,D,20130306,000000,148.811,149.804,147.858,149.273,41296.859933253,0
VRTS.US,D,20130307,000000,149.273,153.892,149.273,153.882,115764.08871158,0
VRTS.US,D,20130308,000000,154.924,156.575,153.499,156.565,50383.837760785,0
VRTS.US,D,20130311,000000,155.75,158.05,155.75,157.568,44920.05196593,0
VRTS.US,D,20130312,000000,156.124,157.568,155.455,157.224,34831.888808391,0
VRTS.US,D,20130313,000000,157.519,158.325,156.162,157.705,30892.265233405,0
VRTS.US,D,20130314,000000,158.511,161.067,157.342,160.428,48728.422586069,0
VRTS.US,D,20130315,000000,160.36,162.286,157.647,157.863,107699.66297415,0
VRTS.US,D,20130318,000000,156.477,159.288,155.229,158.629,42153.56526645,0
VRTS.US,D,20130319,000000,157.843,158.198,150.413,153.067,151127.09412797,0
VRTS.US,D,20130320,000000,153.028,156.555,152.644,156.457,85294.071356179,0
VRTS.US,D,20130321,000000,154.158,156.457,153.018,154.482,70787.058718741,0
VRTS.US,D,20130322,000000,155.209,157.686,153.489,156.29,49210.700885279,0
VRTS.US,D,20130325,000000,157.421,158.02,154.885,157.076,56814.215083594,0
VRTS.US,D,20130326,000000,158.364,159.121,156.389,159.121,33387.088840292,0
VRTS.US,D,20130327,000000,158.531,160.015,157.116,158.993,15828.699368819,0
VRTS.US,D,20130328,000000,159.318,160.28,157.519,157.971,42228.857659154,0
VRTS.US,D,20130401,000000,158.551,159.258,155.661,157.568,62674.812137293,0
VRTS.US,D,20130402,000000,157.234,159.366,156.723,157.912,40391.316291275,0
VRTS.US,D,20130403,000000,157.627,157.627,150.482,150.649,49372.477783116,0
VRTS.US,D,20130404,000000,150.01,154.05,150.01,154.05,26251.60843446,0
VRTS.US,D,20130405,000000,151.347,152.31,150.57,151.661,55537.296801929,0
VRTS.US,D,20130408,000000,151.661,154.393,150.894,154.393,49978.886783811,0
VRTS.US,D,20130409,000000,154.148,155.936,152.644,155.485,57095.035359084,0
VRTS.US,D,20130410,000000,156.212,163.456,156.212,162.62,75559.985937301,0
VRTS.US,D,20130411,000000,162.935,165.107,162.935,164.005,68654.452568645,0
VRTS.US,D,20130412,000000,162.6,164.821,162.6,164.114,27589.574602101,0
VRTS.US,D,20130415,000000,162.747,163.504,157.401,158.256,81866.232558625,0
VRTS.US,D,20130416,000000,160.015,163.544,157.184,161.775,65489.119680788,0
VRTS.US,D,20130417,000000,160.546,160.546,154.649,155.583,59205.257284322,0
VRTS.US,D,20130418,000000,154.787,157.224,149.243,150.531,53495.24501603,0
VRTS.US,D,20130419,000000,150.462,155.209,150.109,154.266,44761.327462393,0
VRTS.US,D,20130422,000000,153.637,156.389,151.543,156.34,29831.049482188,0
VRTS.US,D,20130423,000000,156.625,159.986,156.625,159.986,31484.429727372,0
VRTS.US,D,20130424,000000,159.809,159.849,156.094,157.234,28704.71598593,0
VRTS.US,D,20130425,000000,158.138,161.224,158.118,158.747,23445.440609095,0
VRTS.US,D,20130426,000000,156.31,159.416,156.31,157.018,14527.361932763,0
VRTS.US,D,20130429,000000,156.31,161.922,155.17,160.497,20331.998424317,0
VRTS.US,D,20130430,000000,161.322,163.475,160.28,162.001,47080.129664716,0
VRTS.US,D,20130501,000000,163.789,166.561,154.639,160.693,76880.655203916,0
VRTS.US,D,20130502,000000,161.823,164.605,159.632,164.114,60349.905146372,0
VRTS.US,D,20130503,000000,165.254,173.952,165.254,172.88,85640.00937671,0
VRTS.US,D,20130506,000000,172.89,174.689,172.311,173.441,28440.175146701,0
VRTS.US,D,20130507,000000,171.701,178.601,171.701,177.873,51179.495208006,0
VRTS.US,D,20130508,000000,177.893,182.07,177.018,181.068,133374.36888614,0
VRTS.US,D,20130509,000000,181.854,186.109,180.34,183.957,94003.569755426,0
VRTS.US,D,20130510,000000,184.035,188.085,183.308,187.682,77643.753778616,0
VRTS.US,D,20130513,000000,187.692,190.798,187.377,190.434,67660.389492002,0
VRTS.US,D,20130514,000000,190.139,197.687,190.139,197.658,58041.277591712,0
VRTS.US,D,20130515,000000,196.832,202.69,196.292,202.396,43337.894254385,0
VRTS.US,D,20130516,000000,202.69,205.334,202.532,203.378,70904.067166862,0
VRTS.US,D,20130517,000000,204.862,209.766,204.862,209.56,50430.641140034,0
VRTS.US,D,20130520,000000,209.521,211.064,206.051,207.752,83224.548021592,0
VRTS.US,D,20130521,000000,206.995,208.892,203.133,204.636,51922.244487381,0
VRTS.US,D,20130522,000000,204.596,205.874,191.329,192.341,110003.20320498,0
VRTS.US,D,20130523,000000,189.195,190.582,184.518,187.476,96100.564638703,0
VRTS.US,D,20130524,000000,186.945,190.375,186.572,190.021,50157.960582674,0
VRTS.US,D,20130528,000000,192.675,201.727,192.675,201.452,76337.329018729,0
VRTS.US,D,20130529,000000,199.3,201.825,198.464,198.464,55795.73285256,0
VRTS.US,D,20130530,000000,198.376,201.923,197.186,200.813,32601.606040733,0
VRTS.US,D,20130531,000000,199.014,200.125,196.527,196.635,61954.447082776,0
VRTS.US,D,20130603,000000,198.169,198.424,193.501,197.933,63561.023948712,0
VRTS.US,D,20130604,000000,198.454,199.388,192.547,194.1,31322.652829536,0
VRTS.US,D,20130605,000000,192.97,193.343,184.173,186.886,61454.871882539,0
VRTS.US,D,20130606,000000,186.748,194.847,186.748,194.759,34308.91191853,0
VRTS.US,D,20130607,000000,196.577,203.466,196.577,201.53,25074.401699889,0
VRTS.US,D,20130610,000000,202.759,204.135,201.137,202.091,18983.857609013,0
VRTS.US,D,20130611,000000,200.282,202.484,195.978,196.675,53862.549796653,0
VRTS.US,D,20130612,000000,198.061,200.891,186.208,186.965,41984.66611525,0
VRTS.US,D,20130613,000000,186.474,189.678,183.78,188.37,60955.296682301,0
VRTS.US,D,20130614,000000,187.191,187.407,183.161,183.388,69599.677336507,0
VRTS.US,D,20130617,000000,185.097,186.109,182.208,184.007,65840.14502515,0
VRTS.US,D,20130618,000000,185.067,186.444,183.731,184.636,40581.582202567,0
VRTS.US,D,20130619,000000,183.161,184.321,180.675,180.911,34417.78064852,0
VRTS.US,D,20130620,000000,178.905,179.348,165.558,168.065,95330.343810639,0
VRTS.US,D,20130621,000000,169.568,169.657,160.713,163.672,112285.37667572,0
VRTS.US,D,20130624,000000,160.536,160.536,153.755,156.978,110219.92320019,0
VRTS.US,D,20130625,000000,159.671,162.316,156.537,160.536,52116.580257738,0
VRTS.US,D,20130626,000000,162.434,163.19,154.6,156.084,82157.227481777,0
VRTS.US,D,20130627,000000,157.597,158.895,154.482,156.457,159632.08210919,0
VRTS.US,D,20130628,000000,155.632,156.251,149.489,149.499,270180.64642889,0
VRTS.US,D,20130701,000000,150.983,152.507,148.388,150.954,106962.00101861,0
VRTS.US,D,20130702,000000,150.964,151.838,146.796,151.76,99095.980910593,0
VRTS.US,D,20130703,000000,150.678,151.504,149.902,151.199,30225.8258115,0
VRTS.US,D,20130705,000000,154.03,154.03,149.626,152.93,47001.784877713,0
VRTS.US,D,20130708,000000,153.106,154.787,152.526,153.862,28010.805015336,0
VRTS.US,D,20130709,000000,155.121,157.44,152.536,155.75,58394.337865607,0
VRTS.US,D,20130710,000000,152.713,158.983,150.954,157.322,67353.11513259,0
VRTS.US,D,20130711,000000,160.27,162.945,157.136,161.136,105164.14077661,0
VRTS.US,D,20130712,000000,161.578,161.775,159.524,160.635,50268.864242197,0
VRTS.US,D,20130715,000000,161.136,161.823,159.878,161.156,34782.033034844,0
VRTS.US,D,20130716,000000,161.136,161.951,158.256,159.318,25585.169012555,0
VRTS.US,D,20130717,000000,159.878,161.126,157.166,161.037,29556.333995296,0
VRTS.US,D,20130718,000000,161.136,162.767,158.727,162.316,43327.719606722,0
VRTS.US,D,20130719,000000,161.136,162.138,159.553,161.48,50598.522826468,0
VRTS.US,D,20130722,000000,161.136,162.404,160.773,162.384,50156.943117908,0
VRTS.US,D,20130723,000000,162.452,165.961,161.175,165.303,56184.404393275,0
VRTS.US,D,20130724,000000,165.51,165.785,162.492,163.22,20677.936444848,0
VRTS.US,D,20130725,000000,162.571,164.959,162.079,163.514,35393.529359371,0
VRTS.US,D,20130726,000000,162.001,162.797,161.047,162.011,43199.519046173,0
VRTS.US,D,20130729,000000,161.136,162.434,156.517,156.86,37666.545647212,0
VRTS.US,D,20130730,000000,156.959,159.701,154.04,157.912,43081.493133286,0
VRTS.US,D,20130731,000000,157.735,159.956,156.645,158.158,55509.825253239,0
VRTS.US,D,20130801,000000,159.465,163.013,157.952,160.909,48063.00062893,0
VRTS.US,D,20130802,000000,159.023,162.188,158.571,161.087,63763.499437199,0
VRTS.US,D,20130805,000000,160.398,162.384,160.084,161.037,60624.620633265,0
VRTS.US,D,20130806,000000,160.645,161.873,160.212,161.302,42153.56526645,0
VRTS.US,D,20130807,000000,160.389,161.823,159.563,160.055,83428.040974845,0
VRTS.US,D,20130808,000000,160.398,161.136,153.647,156.389,98125.319523575,0
VRTS.US,D,20130809,000000,155.573,156.968,154,154.04,35157.477533597,0
VRTS.US,D,20130812,000000,152.792,155.632,152.742,155.258,29494.268644553,0
VRTS.US,D,20130813,000000,155.15,159.238,154.217,159.19,23884.985388122,0
VRTS.US,D,20130814,000000,158.727,159.907,156.133,159.337,54036.536271684,0
VRTS.US,D,20130815,000000,157.273,161.264,157.273,158.679,62597.484815057,0
VRTS.US,D,20130816,000000,157.912,162.963,157.912,160.035,38110.160285304,0
VRTS.US,D,20130819,000000,160.114,164.929,158.934,160.28,97027.475040772,0
VRTS.US,D,20130820,000000,160.035,161.775,157.411,161.136,41187.991203262,0
VRTS.US,D,20130821,000000,160.104,161.392,157.381,160.025,66205.41487624,0
VRTS.US,D,20130822,000000,160.389,163.779,160.262,161.785,22733.215272708,0
VRTS.US,D,20130823,000000,162.374,162.993,159.22,161.48,23287.733570324,0
VRTS.US,D,20130826,000000,161.686,163.642,160.28,161.234,21237.542066295,0
VRTS.US,D,20130827,000000,158.158,161.008,156.399,156.487,86133.479788349,0
VRTS.US,D,20130828,000000,156.88,157.509,152.762,153.283,26819.353774037,0
VRTS.US,D,20130829,000000,152.92,153.666,152.241,153.371,33511.219541776,0
VRTS.US,D,20130830,000000,151.269,152.732,146.305,147.828,51058.41690082,0
VRTS.US,D,20130903,000000,150.265,150.993,147.828,149.43,20881.429398102,0
VRTS.US,D,20130904,000000,149.764,150.373,148.438,149.489,44912.929712567,0
VRTS.US,D,20130905,000000,149.332,150.245,148.005,148.88,24100.687918571,0
VRTS.US,D,20130906,000000,149.636,149.636,145.636,148.556,50649.396064781,0
VRTS.US,D,20130909,000000,149.077,149.892,146.658,148.281,39243.616034926,0
VRTS.US,D,20130910,000000,142.167,144.949,139.09,140.997,120187.00805055,0
VRTS.US,D,20130911,000000,138.413,141.607,129.42,140.879,212580.94854574,0
VRTS.US,D,20130912,000000,137.282,140.477,134.118,136.211,831413.19403711,0
VRTS.US,D,20130913,000000,135.631,138.314,135.435,136.3,139010.10622649,0
VRTS.US,D,20130916,000000,138.246,138.246,134.235,134.845,329524.27892142,0
VRTS.US,D,20130917,000000,134.992,137.519,134.816,136.467,133342.82747838,0
VRTS.US,D,20130918,000000,135.887,139.16,134.806,139.062,99658.638926339,0
VRTS.US,D,20130919,000000,139.258,142.659,138.599,141.46,70558.129146331,0
VRTS.US,D,20130920,000000,141.41,142.511,140.339,141.312,155976.33120399,0
VRTS.US,D,20130923,000000,141.214,141.214,138.56,140.29,36218.693284813,0
VRTS.US,D,20130924,000000,140.339,143.032,137.882,140.791,78651.04389722,0
VRTS.US,D,20130925,000000,140.3,142.02,139.926,140.723,51645.494070957,0
VRTS.US,D,20130926,000000,141.43,142.757,140.388,142.039,65798.428969733,0
VRTS.US,D,20130927,000000,141.076,142.983,139.641,142.394,54832.193718905,0
VRTS.US,D,20130930,000000,140.339,140.398,135.994,137.98,277459.58936677,0
VRTS.US,D,20131001,000000,137.253,138.806,136.132,137.685,73340.895282072,0
VRTS.US,D,20131002,000000,136.241,137.174,133.233,134.678,100229.43666022,0
VRTS.US,D,20131003,000000,134.02,134.373,130.854,131.346,73462.991054024,0
VRTS.US,D,20131004,000000,132.073,134.796,131.74,134.57,92567.926970223,0
VRTS.US,D,20131007,000000,134.01,134.579,132.535,132.908,65211.351799597,0
VRTS.US,D,20131008,000000,133.636,134.511,131.425,131.72,54896.29399918,0
VRTS.US,D,20131009,000000,132.359,134.088,131.356,131.749,68746.024397609,0
VRTS.US,D,20131010,000000,132.663,134.57,132.319,133.626,108717.12774042,0
VRTS.US,D,20131011,000000,133.557,138.815,132.388,137.439,49642.105946176,0
VRTS.US,D,20131014,000000,136.624,138.491,135.523,137.302,78060.914332785,0
VRTS.US,D,20131015,000000,136.113,138.452,135.366,137.243,102115.81633687,0
VRTS.US,D,20131016,000000,138.236,141.41,138.049,139.887,78534.0354491,0
VRTS.US,D,20131017,000000,138.678,141.371,138.678,140.791,95630.495916687,0
VRTS.US,D,20131018,000000,142.118,143.955,139.671,141.509,113439.18172066,0
VRTS.US,D,20131021,000000,141.262,142.02,140.683,141.695,53826.938529833,0
VRTS.US,D,20131022,000000,141.901,147.887,141.607,146.914,94922.340439365,0
VRTS.US,D,20131023,000000,146.374,149.764,144.811,149.115,61296.147379001,0
VRTS.US,D,20131024,000000,149.696,150.305,148.182,149.882,38557.844782462,0
VRTS.US,D,20131025,000000,150.58,151.179,148.191,150.157,27710.652909287,0
VRTS.US,D,20131028,000000,150.02,151.337,149.057,150.531,47640.752750929,0
VRTS.US,D,20131029,000000,151.73,159.681,151.73,157.038,142561.05826076,0
VRTS.US,D,20131030,000000,161.136,177.234,161.136,174.827,151408.93186822,0
VRTS.US,D,20131031,000000,174.866,179.22,171.947,172.576,99537.560619153,0
VRTS.US,D,20131101,000000,173.382,175.289,166.768,169.549,67566.782733506,0
VRTS.US,D,20131104,000000,170.473,174.306,169.127,174.03,56247.487208783,0
VRTS.US,D,20131105,000000,170.798,179.397,170.798,175.22,101645.74761486,0
VRTS.US,D,20131106,000000,175.623,178.945,173.126,174.375,58252.910263096,0
VRTS.US,D,20131107,000000,175.338,181.845,171.269,173.116,54124.038241583,0
VRTS.US,D,20131108,000000,172.9,176.389,171.387,176.321,39029.94843401,0
VRTS.US,D,20131111,000000,175.436,177.294,174.964,176.517,14975.046429921,0
VRTS.US,D,20131112,000000,176.517,176.871,173.844,175.583,40917.345575435,0
VRTS.US,D,20131113,000000,175.2,177.215,169.716,176.851,25236.178597725,0
VRTS.US,D,20131114,000000,177.304,177.304,173.176,175.553,29361.998224939,0
VRTS.US,D,20131115,000000,176.389,176.389,173.235,176.37,33250.748561612,0
VRTS.US,D,20131118,000000,176.272,180.114,174.129,177.471,26463.241105843,0
VRTS.US,D,20131119,000000,177.519,177.873,171.701,175.966,48227.829921065,0
VRTS.US,D,20131120,000000,176.409,176.409,169.696,170.6,56362.460727371,0
VRTS.US,D,20131121,000000,171.573,175.132,170.748,172.998,44220.036206739,0
VRTS.US,D,20131122,000000,172.242,174.404,168.536,173.058,55185.2539928,0
VRTS.US,D,20131125,000000,173.028,180.645,172.124,174.679,34785.085429143,0
VRTS.US,D,20131126,000000,174.404,178.12,173.982,175.22,33868.349674736,0
VRTS.US,D,20131127,000000,175.986,177.206,174.581,175.888,17572.633978201,0
VRTS.US,D,20131129,000000,176.547,176.547,175.034,176.232,6572.8223900861,0
VRTS.US,D,20131202,000000,175.711,176.056,170.876,170.876,18749.840712772,0
VRTS.US,D,20131203,000000,170.03,170.03,165.853,167.504,23937.893555968,0
VRTS.US,D,20131204,000000,166.797,170.129,165.755,167.564,23112.729630526,0
VRTS.US,D,20131205,000000,166.905,171.888,166.905,168.871,29125.946399165,0
VRTS.US,D,20131206,000000,171.711,172.998,168.536,171.347,20778.665456709,0
VRTS.US,D,20131209,000000,172.242,173.755,170.473,173.156,28048.451211688,0
VRTS.US,D,20131210,000000,170.788,174.002,169.608,170.404,37266.681994069,0
VRTS.US,D,20131211,000000,170.03,171.347,167.121,167.367,44691.12239352,0
VRTS.US,D,20131212,000000,168.261,169.028,165.598,167.396,24524.970726104,0
VRTS.US,D,20131213,000000,168.311,175.23,165.402,169.922,31225.99367674,0
VRTS.US,D,20131216,000000,171.2,175.475,171.19,175.102,42212.578222893,0
VRTS.US,D,20131217,000000,175.613,175.908,170.826,173.893,48106.751613879,0
VRTS.US,D,20131218,000000,175.092,179.947,174.217,179.781,52002.624203916,0
VRTS.US,D,20131219,000000,178.522,179.151,173.884,175.014,48932.933004088,0
VRTS.US,D,20131220,000000,175.367,178.463,175.367,175.849,96035.446893662,0
VRTS.US,D,20131223,000000,176.793,181.903,175.8,181.402,70790.11111304,0
VRTS.US,D,20131224,000000,181.589,181.589,177.49,179.761,38980.092660463,0
VRTS.US,D,20131226,000000,180.625,181.795,179.436,180.39,64571.366461615,0
VRTS.US,D,20131227,000000,181.146,181.146,174.964,177.657,31958.568308453,0
VRTS.US,D,20131230,000000,177.018,178.238,169.746,170.453,131832.90976524,0
VRTS.US,D,20131231,000000,171.564,173.844,169.087,169.647,265196.08653895,0
VRTS.US,D,20140102,000000,169.598,172.458,168.173,169.598,153054.17239528,0
VRTS.US,D,20140103,000000,169.784,174.119,169.283,173.264,76762.629291029,0
VRTS.US,D,20140106,000000,173.992,173.992,169.598,170.689,85842.484865197,0
VRTS.US,D,20140107,000000,170.896,173.107,170.896,171.505,47567.495287758,0
VRTS.US,D,20140108,000000,171.711,171.711,164.085,166.237,82460.431982125,0
VRTS.US,D,20140109,000000,167.75,167.76,160.222,161.322,87229.289341619,0
VRTS.US,D,20140110,000000,161.843,161.843,156.447,157.775,121688.78604556,0
VRTS.US,D,20140113,000000,156.595,158.138,152.85,154.099,72454.683470653,0
VRTS.US,D,20140114,000000,154.541,158.158,152.241,157.244,75816.3870584,0
VRTS.US,D,20140115,000000,157.244,169.726,156.782,166.925,112730.00877857,0
VRTS.US,D,20140116,000000,166.905,167.888,163.799,165.608,81127.553138315,0
VRTS.US,D,20140117,000000,164.999,170.816,164.999,170.295,72908.472756408,0
VRTS.US,D,20140121,000000,172.35,176.33,171.632,173.795,85961.52824285,0
VRTS.US,D,20140122,000000,173.854,177.176,173.755,175.092,60727.384574658,0
VRTS.US,D,20140123,000000,173.716,174.03,168.507,168.89,72281.714460388,0
VRTS.US,D,20140124,000000,168.527,168.527,160.389,161.981,179351.56674422,0
VRTS.US,D,20140127,000000,162.512,165.254,153.519,161.096,90324.417160604,0
VRTS.US,D,20140128,000000,160.791,164.398,160.162,164.34,203878.57239985,0
VRTS.US,D,20140129,000000,162.404,162.404,152.732,154.659,160246.63082802,0
VRTS.US,D,20140130,000000,156.555,158.354,153.234,155.858,172749.23787591,0
VRTS.US,D,20140131,000000,152.802,156.389,150.305,154.561,77472.819697883,0
VRTS.US,D,20140203,000000,154.256,155.553,148.87,150.964,145853.5742444,0
VRTS.US,D,20140204,000000,152.084,156.428,143.386,154.501,97550.451930634,0
VRTS.US,D,20140205,000000,153.096,154.108,149.165,150.668,107368.98692511,0
VRTS.US,D,20140206,000000,150.875,152.723,148.694,150.237,99163.133585167,0
VRTS.US,D,20140207,000000,152.113,153.126,150.511,151.996,68358.370321661,0
VRTS.US,D,20140210,000000,150.964,151.7,149.853,151.524,60521.856691872,0
VRTS.US,D,20140211,000000,150.964,153.617,150.099,153.617,54849.490619932,0
VRTS.US,D,20140212,000000,154.079,155.17,152.978,154,59147.261792645,0
VRTS.US,D,20140213,000000,153.99,156.743,152.035,156.664,56431.648331477,0
VRTS.US,D,20140214,000000,156.457,156.664,149.696,152.565,99151.941472738,0
VRTS.US,D,20140218,000000,153.126,153.942,151.543,153.214,105564.00442975,0
VRTS.US,D,20140219,000000,152.301,154.02,149.754,149.951,137763.71188781,0
VRTS.US,D,20140220,000000,150.954,152.349,150.187,152.044,47196.12064807,0
VRTS.US,D,20140221,000000,151.15,153.843,150.423,150.738,60864.742318104,0
VRTS.US,D,20140224,000000,150.531,156.801,149.371,154.59,59057.724893213,0
VRTS.US,D,20140225,000000,153.499,154.187,150.786,152.526,92981.017665328,0
VRTS.US,D,20140226,000000,153.391,153.98,149.548,150.964,71506.406308492,0
VRTS.US,D,20140227,000000,150.187,154.718,148.349,154.148,76865.393232422,0
VRTS.US,D,20140228,000000,156.86,159.426,153.539,157.038,81818.41171461,0
VRTS.US,D,20140303,000000,154.934,156.232,150.816,151.249,142992.46332166,0
VRTS.US,D,20140304,000000,153.116,156.801,151.386,155.505,214149.87921532,0
VRTS.US,D,20140305,000000,154.866,154.866,149.44,150.816,196245.55172332,0
VRTS.US,D,20140306,000000,150.668,154.118,149.853,153.371,67160.814291765,0
VRTS.US,D,20140307,000000,153.096,154.846,150.373,151.435,59270.375029363,0
VRTS.US,D,20140310,000000,150.688,154.619,149.666,153.411,68855.910592366,0
VRTS.US,D,20140311,000000,153.421,153.421,148.074,149.548,46833.903191279,0
VRTS.US,D,20140312,000000,148.339,151.013,147.927,149.784,28285.520502228,0
VRTS.US,D,20140313,000000,149.794,150.776,147.249,148.163,63113.339451554,0
VRTS.US,D,20140314,000000,147.572,150.806,146.786,148.929,138706.90172614,0
VRTS.US,D,20140317,000000,149.607,151.936,147.524,151.72,63590.530426933,0
VRTS.US,D,20140318,000000,152.064,155.012,150.197,154.826,80272.88273465,0
VRTS.US,D,20140319,000000,154.659,154.659,152.074,152.536,39842.902782257,0
VRTS.US,D,20140320,000000,152.802,155.956,150.462,155.465,39040.123081672,0
VRTS.US,D,20140321,000000,154.885,156.998,152.251,153.568,73200.485144327,0
VRTS.US,D,20140324,000000,154.433,155.18,151.455,152.732,60213.564867693,0
VRTS.US,D,20140325,000000,152.92,154.894,152.703,153.165,46658.899251481,0
VRTS.US,D,20140326,000000,153.568,154.01,146.836,148.782,117327.93205734,0
VRTS.US,D,20140327,000000,148.173,149.754,145.951,148.712,88601.849311314,0
VRTS.US,D,20140328,000000,148.604,150.776,145.077,145.853,77607.12504703,0
VRTS.US,D,20140331,000000,146.099,147.572,145.224,146.855,190098.02960553,0
VRTS.US,D,20140401,000000,146.432,149.007,146.197,147.553,111515.15584765,0
VRTS.US,D,20140402,000000,147.396,152.428,147.081,150.521,72137.234463578,0
VRTS.US,D,20140403,000000,150.738,151.77,148.211,149.804,54069.095144205,0
VRTS.US,D,20140404,000000,150.02,151.916,142.157,145.597,56573.075933989,0
VRTS.US,D,20140407,000000,142.609,144.27,139.926,142.167,78139.259119788,0
VRTS.US,D,20140408,000000,141.666,144.889,141.096,143.937,72435.351640094,0
VRTS.US,D,20140409,000000,144.811,149.155,143.326,148.231,64733.143359451,0
VRTS.US,D,20140410,000000,145.362,148.959,145.362,147.258,87119.403146862,0
VRTS.US,D,20140411,000000,145.646,149.971,145.646,148.388,133885.1361988,0
VRTS.US,D,20140414,000000,148.694,150.245,146.413,147.71,50044.004528852,0
VRTS.US,D,20140415,000000,148.103,150.541,144.152,149.833,38007.396343911,0
VRTS.US,D,20140416,000000,151.465,155.485,150.433,154.708,49703.153832152,0
VRTS.US,D,20140417,000000,155.641,159.426,153.371,157.922,90560.468986378,0
VRTS.US,D,20140421,000000,155.367,159.288,155.288,155.661,44168.145503659,0
VRTS.US,D,20140422,000000,156.241,157.126,154.924,156.467,34419.815578053,0
VRTS.US,D,20140423,000000,156.29,157.765,153.529,153.99,47641.770215695,0
VRTS.US,D,20140424,000000,155.2,155.72,152.064,152.634,36531.054968057,0
VRTS.US,D,20140425,000000,151.435,151.661,147.534,149.843,40066.745030836,0
VRTS.US,D,20140428,000000,149.794,152.644,149.283,150.894,41770.998514333,0
VRTS.US,D,20140429,000000,152.526,155.16,150.846,151.75,56619.879313237,0
VRTS.US,D,20140430,000000,149.47,158.06,149.47,156.87,172767.5522417,0
VRTS.US,D,20140501,000000,155.769,161.402,155.641,158.777,145794.56128796,0
VRTS.US,D,20140502,000000,158.61,160.369,158.344,158.521,82344.44099877,0
VRTS.US,D,20140505,000000,158.61,160.202,156.428,160.015,74145.709912189,0
VRTS.US,D,20140506,000000,157.824,159.426,156.34,157.617,51308.713233322,0
VRTS.US,D,20140507,000000,158.266,160.172,155.641,159.632,37589.218324975,0
VRTS.US,D,20140508,000000,159.996,163.18,159.996,160.683,64731.108429919,0
VRTS.US,D,20140509,000000,157.991,161.775,157.991,160.006,50002.288473435,0
VRTS.US,D,20140512,000000,161.067,163.239,159.956,161.637,47978.55105333,0
VRTS.US,D,20140513,000000,161.116,161.165,156.114,157.028,70221.348308697,0
VRTS.US,D,20140514,000000,156.467,157.194,154.836,155.16,38941.428999344,0
VRTS.US,D,20140515,000000,154.295,154.295,147.572,149.686,49613.616932721,0
VRTS.US,D,20140516,000000,149.519,154.875,148.025,154.738,55546.453984825,0
VRTS.US,D,20140519,000000,153.647,160.743,151.632,159.759,61684.818919715,0
VRTS.US,D,20140520,000000,158.826,159.121,154.197,155.603,87909.973270252,0
VRTS.US,D,20140521,000000,155.603,158.61,155.603,156.094,85490.442056069,0
VRTS.US,D,20140522,000000,156.88,157.667,156.074,156.546,95411.74099194,0
VRTS.US,D,20140523,000000,156.988,159.465,156.988,158.875,36045.724274548,0
VRTS.US,D,20140527,000000,159.563,160.683,158.699,160.398,37588.200860209,0
VRTS.US,D,20140528,000000,159.947,161.018,157.076,159.376,29523.775122775,0
VRTS.US,D,20140529,000000,159.2,159.651,158.089,159.268,48664.322305794,0
VRTS.US,D,20140530,000000,159.849,159.849,155.907,156.457,56765.376774813,0
VRTS.US,D,20140602,000000,157.431,157.539,154.747,156.968,42891.227221994,0
VRTS.US,D,20140603,000000,156.645,162.571,156.645,161.853,52302.776309965,0
VRTS.US,D,20140604,000000,160.497,167.003,160.497,165.45,45273.112239825,0
VRTS.US,D,20140605,000000,165.018,170.6,163.082,168.517,44128.464377775,0
VRTS.US,D,20140606,000000,169.676,173.952,168.143,172.753,41030.284164491,0
VRTS.US,D,20140609,000000,172.615,172.998,170.62,171.75,38594.473514047,0
VRTS.US,D,20140610,000000,171.898,173.519,169.273,173.303,55304.297370453,0
VRTS.US,D,20140611,000000,172.576,173.804,171.613,172.763,44211.896488608,0
VRTS.US,D,20140612,000000,172.979,173.844,169.647,170.483,52426.90701145,0
VRTS.US,D,20140613,000000,170.65,171.445,165.981,167.711,32758.295614739,0
VRTS.US,D,20140616,000000,167.662,167.662,161.568,162.119,73747.881188579,0
VRTS.US,D,20140617,000000,163.082,167.239,163.082,165.293,39806.274050671,0
VRTS.US,D,20140618,000000,164.379,169.578,163.111,169.038,44564.956762503,0
VRTS.US,D,20140619,000000,169.972,175.603,169.519,174.325,62720.598051775,0
VRTS.US,D,20140620,000000,175.947,178.04,172.232,177.992,142161.19460762,0
VRTS.US,D,20140623,000000,176.95,182.336,176.713,180.527,98991.182039668,0
VRTS.US,D,20140624,000000,179.761,182.945,177.529,177.657,82389.209448486,0
VRTS.US,D,20140625,000000,177.156,179.711,175.829,177.431,33220.224618624,0
VRTS.US,D,20140626,000000,176.439,178.188,173.932,176.183,20497.845181219,0
VRTS.US,D,20140627,000000,174.463,180.183,174.463,178.945,56178.299604677,0
VRTS.US,D,20140630,000000,177.264,180.655,176.979,179.574,51401.302527052,0
VRTS.US,D,20140701,000000,179.338,182.336,177.49,178.296,72133.164604513,0
VRTS.US,D,20140702,000000,178.11,182.276,177.785,179.2,45514.25138943,0
VRTS.US,D,20140703,000000,181.873,182.748,180.036,182.336,42071.150620382,0
VRTS.US,D,20140707,000000,180.665,183.426,179.603,182.129,45477.622657845,0
VRTS.US,D,20140708,000000,178.964,184.832,178.964,182.326,111788.85386978,0
VRTS.US,D,20140709,000000,184.105,184.39,180.478,183.161,46902.073330619,0
VRTS.US,D,20140710,000000,181.775,182.326,178.551,179.927,50457.095223956,0
VRTS.US,D,20140711,000000,180.871,189.913,179.063,182.562,46106.415883398,0
VRTS.US,D,20140714,000000,185.255,186.994,183.2,184.105,54954.289490857,0
VRTS.US,D,20140715,000000,184.921,186.031,183.25,183.662,43040.794542635,0
VRTS.US,D,20140716,000000,184.232,184.468,180.272,180.39,59142.174468813,0
VRTS.US,D,20140717,000000,179.554,180.586,177.864,178.945,30129.166658704,0
VRTS.US,D,20140718,000000,177.569,180.949,174.541,180.901,93268.960194181,0
VRTS.US,D,20140721,000000,179.023,180.851,177.726,179.781,38389.963096028,0
VRTS.US,D,20140722,000000,180.4,181.873,178.276,178.935,35322.306825732,0
VRTS.US,D,20140723,000000,179.623,179.682,177.707,178.11,29529.879911373,0
VRTS.US,D,20140724,000000,179.112,179.112,177.412,178.679,44879.35337528,0
VRTS.US,D,20140725,000000,176.713,179.279,176.202,178.11,39804.239121139,0
VRTS.US,D,20140728,000000,178.827,179.761,176.252,176.9,107460.55875408,0
VRTS.US,D,20140729,000000,176.586,179.977,175.072,178.729,87235.394130217,0
VRTS.US,D,20140730,000000,179.525,179.623,175.082,177.903,70948.835616578,0
VRTS.US,D,20140731,000000,177.186,177.186,173.775,174.257,82734.130004251,0
VRTS.US,D,20140801,000000,176.026,176.793,173.195,173.922,71341.577016357,0
VRTS.US,D,20140804,000000,175.465,179.19,175.465,177.5,89235.729860698,0
VRTS.US,D,20140805,000000,175.976,178.266,174.315,174.758,49416.228768065,0
VRTS.US,D,20140806,000000,173.205,179.298,173.205,177.008,75002.415245386,0
VRTS.US,D,20140807,000000,177.569,177.569,173.716,174.541,15445.115151936,0
VRTS.US,D,20140808,000000,174.473,177.765,173.884,176.713,20725.757288863,0
VRTS.US,D,20140811,000000,177.815,178.444,176.802,176.812,23209.388783321,0
VRTS.US,D,20140812,000000,176.694,177.5,175.485,176.301,23355.903709663,0
VRTS.US,D,20140813,000000,177.481,177.815,175.22,177.815,12307.253812768,0
VRTS.US,D,20140814,000000,176.881,179.043,176.881,177.844,48702.985966912,0
VRTS.US,D,20140815,000000,179.937,179.937,173.736,175.908,51609.882804137,0
VRTS.US,D,20140818,000000,176.793,177.589,176.104,177.569,23918.561725409,0
VRTS.US,D,20140819,000000,177.264,178.817,175.603,178.611,46464.563481124,0
VRTS.US,D,20140820,000000,179.416,179.947,177.5,179.082,19498.694780745,0
VRTS.US,D,20140821,000000,178.12,181.549,177.068,180.871,18637.919588482,0
VRTS.US,D,20140822,000000,181.235,183.829,181.235,182.276,23088.310476135,0
VRTS.US,D,20140825,000000,183.554,185.903,183.554,184.714,29985.704126661,0
VRTS.US,D,20140826,000000,184.4,187.496,183.977,186.159,29153.417947854,0
VRTS.US,D,20140827,000000,187.113,189.628,185.756,189.303,33745.236438018,0
VRTS.US,D,20140828,000000,188.754,190.7,188.656,190.277,40670.101637232,0
VRTS.US,D,20140829,000000,191.161,193.156,189.068,190.11,73972.740901924,0
VRTS.US,D,20140902,000000,191.269,192.842,190.405,190.798,31005.20382246,0
VRTS.US,D,20140903,000000,191.093,192.616,188.724,188.95,26595.511525458,0
VRTS.US,D,20140904,000000,188.852,188.852,173.844,174.493,205415.96166168,0
VRTS.US,D,20140905,000000,174.217,176.743,150.766,157.244,532505.44739743,0
VRTS.US,D,20140908,000000,156.733,160.34,156.044,159.003,147375.70153474,0
VRTS.US,D,20140909,000000,158.934,162.718,158.158,161.48,126906.34536697,0
VRTS.US,D,20140910,000000,161.48,163.868,160.468,162.452,83526.735057173,0
VRTS.US,D,20140911,000000,161.883,162.875,160.398,160.998,82754.479299576,0
VRTS.US,D,20140912,000000,160.703,161.126,156.635,157.686,118270.1044309,0
VRTS.US,D,20140915,000000,157.234,158.934,153.656,156.988,98794.811339778,0
VRTS.US,D,20140916,000000,158.05,160.074,155.288,158.08,90700.879124123,0
VRTS.US,D,20140917,000000,157.136,158.777,155.288,156.929,45784.897017258,0
VRTS.US,D,20140918,000000,155.907,157.076,145.578,149.214,238282.10854165,0
VRTS.US,D,20140919,000000,148.546,149.804,146.177,147.917,174908.29810993,0
VRTS.US,D,20140922,000000,147.7,148.742,144.683,144.683,138666.20313549,0
VRTS.US,D,20140923,000000,144.624,146.737,142.079,145.332,130648.58077731,0
VRTS.US,D,20140924,000000,145.263,149.381,144.909,148.201,84557.426865402,0
VRTS.US,D,20140925,000000,148.566,148.664,146.167,148.487,57666.850557726,0
VRTS.US,D,20140926,000000,149.568,151.543,148.191,149.843,56498.801006051,0
VRTS.US,D,20140929,000000,148.712,149.283,141.381,148.772,41084.209797103,0
VRTS.US,D,20140930,000000,150.059,150.059,145.47,147.642,103658.29292254,0
VRTS.US,D,20141001,000000,147.023,147.023,142.531,143.927,72945.101487994,0
VRTS.US,D,20141002,000000,144.516,147.642,141.892,147.061,46935.649667906,0
VRTS.US,D,20141003,000000,147.848,148.782,144.476,146.207,66685.658245918,0
VRTS.US,D,20141006,000000,144.909,146.315,144.506,145.086,38232.256057256,0
VRTS.US,D,20141007,000000,143.946,147.258,143.543,144.064,59917.482620709,0
VRTS.US,D,20141008,000000,144.152,145.568,138.835,144.221,102258.26140415,0
VRTS.US,D,20141009,000000,144.713,146.885,139.012,140.486,47058.762904624,0
VRTS.US,D,20141010,000000,139.523,143.17,138.216,138.295,33927.36263118,0
VRTS.US,D,20141013,000000,139.09,143.258,138.609,138.649,46254.965739273,0
VRTS.US,D,20141014,000000,140.506,145.794,138.432,140.713,50691.112120198,0
VRTS.US,D,20141015,000000,138.226,142.58,138.226,142.403,85438.551352989,0
VRTS.US,D,20141016,000000,140.074,147.16,138.186,145.184,48114.891332009,0
VRTS.US,D,20141017,000000,147.278,147.278,140.3,141.352,47204.2603662,0
VRTS.US,D,20141020,000000,141.056,146.718,139.052,146.63,42894.279616292,0
VRTS.US,D,20141021,000000,147.278,151.898,147.091,150.836,61416.20822142,0
VRTS.US,D,20141022,000000,151.514,151.592,142.079,143.543,67074.329786632,0
VRTS.US,D,20141023,000000,145.548,145.548,140.428,142.777,56003.295664879,0
VRTS.US,D,20141024,000000,143.071,144.221,141.174,142.825,29168.679919348,0
VRTS.US,D,20141027,000000,142.835,142.835,139.435,140.733,50244.445087807,0
VRTS.US,D,20141028,000000,156.87,156.87,140.358,144.496,100242.66370218,0
VRTS.US,D,20141029,000000,145.558,151.838,142.059,149.115,148085.89194159,0
VRTS.US,D,20141030,000000,148.566,154.069,147.101,154.04,70541.849710071,0
VRTS.US,D,20141031,000000,154.639,156.379,151.445,152.713,67379.569216512,0
VRTS.US,D,20141103,000000,151.681,154.089,151.681,152.93,41150.34500691,0
VRTS.US,D,20141104,000000,151.808,154.767,149.598,153.381,43738.775372294,0
VRTS.US,D,20141105,000000,153.99,159.514,153.558,158.905,83728.193080894,0
VRTS.US,D,20141106,000000,158.511,159.386,154.826,159.347,42074.203014681,0
VRTS.US,D,20141107,000000,159.789,160.232,156.683,156.723,53325.328400064,0
VRTS.US,D,20141110,000000,157.647,158.482,155.298,157.794,37348.07917537,0
VRTS.US,D,20141111,000000,157.942,158,154.757,155.858,69702.4412779,0
VRTS.US,D,20141112,000000,155.946,156.87,155.17,155.976,60035.508533596,0
VRTS.US,D,20141113,000000,156.782,157.175,155.946,155.946,55468.109197822,0
VRTS.US,D,20141114,000000,155.966,156.743,136.83,140.585,567268.14860172,0
VRTS.US,D,20141117,000000,139.966,140.723,134.531,136.467,116234.1574336,0
VRTS.US,D,20141118,000000,136.152,137.086,133.105,133.93,120483.09029753,0
VRTS.US,D,20141119,000000,134.285,134.285,130.688,131.375,79291.029235203,0
VRTS.US,D,20141120,000000,131.375,136.094,131.13,134.157,109201.44096916,0
VRTS.US,D,20141121,000000,133.803,134.216,131.012,131.533,149245.80177514,0
VRTS.US,D,20141124,000000,132.477,134.275,131.74,132.958,90804.660530282,0
VRTS.US,D,20141125,000000,132.908,134.688,132.083,133.774,72075.169112836,0
VRTS.US,D,20141126,000000,133.223,134.187,132.251,132.928,107209.24495681,0
VRTS.US,D,20141128,000000,132.289,132.938,130.845,131.247,49841.529040365,0
VRTS.US,D,20141201,000000,131.405,132.437,129.371,131.956,63862.193519527,0
VRTS.US,D,20141202,000000,132.477,134.826,132.014,133.557,132763.89002637,0
VRTS.US,D,20141203,000000,133.105,135.926,133.056,134.403,102400.70647143,0
VRTS.US,D,20141204,000000,133.803,135.209,133.105,134.098,101635.5729672,0
VRTS.US,D,20141205,000000,133.95,136.044,133.95,134.747,210863.46802028,0
VRTS.US,D,20141208,000000,134.442,135.435,134.137,134.954,108684.5688679,0
VRTS.US,D,20141209,000000,134.481,135.729,133.253,134.954,146670.59845171,0
VRTS.US,D,20141210,000000,134.904,137.106,134.481,135.474,192424.97152598,0
VRTS.US,D,20141211,000000,136.113,136.889,135.337,136.152,113723.05439045,0
VRTS.US,D,20141212,000000,134.57,135.906,133.626,135.307,107379.16157277,0
VRTS.US,D,20141215,000000,135.415,136.221,132.545,134.619,121395.75619287,0
VRTS.US,D,20141216,000000,134.451,134.894,132.123,132.899,121633.84294818,0
VRTS.US,D,20141217,000000,132.938,136.398,132.88,135.503,124319.94993112,0
VRTS.US,D,20141218,000000,136.497,139.15,135.946,138.845,120284.68466811,0
VRTS.US,D,20141219,000000,138.845,144.172,138.324,143.101,224497.49588826,0
VRTS.US,D,20141222,000000,143.602,146.668,141.558,144.604,161467.58854754,0
VRTS.US,D,20141223,000000,144.959,145.568,140.545,143.965,74760.258631015,0
VRTS.US,D,20141224,000000,144.378,144.378,142.825,143.651,15782.913454337,0
VRTS.US,D,20141226,000000,143.927,144.536,143.003,143.799,39166.288712689,0
VRTS.US,D,20141229,000000,143.749,146.177,142.668,145.735,79106.868112508,0
VRTS.US,D,20141230,000000,145.873,147.484,144.476,145.312,40219.364745776,0
VRTS.US,D,20141231,000000,146.246,147.376,145.106,145.273,123330.97417831,0
VRTS.US,D,20150102,000000,144.26,145.735,140.477,141.568,90844.341656167,0
VRTS.US,D,20150105,000000,141.047,141.42,136.349,137.184,101733.24958476,0
VRTS.US,D,20150106,000000,138.049,138.049,129.793,130.619,127264.4929647,0
VRTS.US,D,20150107,000000,131.081,131.081,126.805,128.634,106874.49904871,0
VRTS.US,D,20150108,000000,129.095,131.179,124.043,126.727,160697.36771947,0
VRTS.US,D,20150109,000000,126.452,126.52,123.13,123.915,63999.551262973,0
VRTS.US,D,20150112,000000,123.454,123.454,120.653,123.002,25864.971823278,0
VRTS.US,D,20150113,000000,123.267,125.951,121.626,125.921,98746.990495764,0
VRTS.US,D,20150114,000000,124.358,125.901,122.206,123.464,128569.90025982,0
VRTS.US,D,20150115,000000,123.12,124.22,119.375,119.955,50495.758885075,0
VRTS.US,D,20150116,000000,119.651,122.334,118.549,121.695,63290.378320885,0
VRTS.US,D,20150120,000000,124.034,124.034,119.571,120.948,65799.4464345,0
VRTS.US,D,20150121,000000,120.957,121.007,116.574,117.773,121029.46887702,0
VRTS.US,D,20150122,000000,117.213,121.331,114.884,120.24,76983.419145309,0
VRTS.US,D,20150123,000000,119.562,120.446,117.881,119.09,57116.402119175,0
VRTS.US,D,20150126,000000,120.82,123.08,117.459,122.963,90832.132078971,0
VRTS.US,D,20150127,000000,121.194,123.454,120.328,121.312,52090.126173815,0
VRTS.US,D,20150128,000000,121.508,122.53,118.511,118.982,105770.54977731,0
VRTS.US,D,20150129,000000,116.948,123.404,116.613,121.833,104825.32500944,0
VRTS.US,D,20150130,000000,119.375,120.24,109.576,115.945,151212.56116833,0
VRTS.US,D,20150202,000000,115.964,120.054,115.129,119.542,74563.887931125,0
VRTS.US,D,20150203,000000,119.621,124.466,119.621,122.55,48204.428231441,0
VRTS.US,D,20150204,000000,123.414,124.093,119.67,122.196,89453.467320679,0
VRTS.US,D,20150205,000000,123.08,127.602,122.254,125.803,70883.717871537,0
VRTS.US,D,20150206,000000,125.646,129.047,125.646,127.257,83742.437587621,0
VRTS.US,D,20150209,000000,127.788,129.203,126.58,128.594,73915.762875013,0
VRTS.US,D,20150210,000000,129.941,129.941,125.656,126.54,93492.80244276,0
VRTS.US,D,20150211,000000,126.727,127.277,124.516,124.614,43628.889177537,0
VRTS.US,D,20150212,000000,124.476,126.462,122.186,122.658,63515.23803423,0
VRTS.US,D,20150213,000000,122.756,124.093,122.186,122.973,67908.650894971,0
VRTS.US,D,20150217,000000,122.53,125.685,121.823,123.837,42559.533708191,0
VRTS.US,D,20150218,000000,124.516,125.223,123.13,124.338,39177.480825118,0
VRTS.US,D,20150219,000000,124.614,126.943,124.545,125.871,60463.861200194,0
VRTS.US,D,20150220,000000,125.44,126.196,123.11,124.408,36802.718060651,0
VRTS.US,D,20150223,000000,123.198,123.807,120.879,122.088,29278.566114105,0
VRTS.US,D,20150224,000000,122.52,122.52,120.505,120.81,32549.715337654,0
VRTS.US,D,20150225,000000,120.299,121.194,119.08,119.679,48136.258092101,0
VRTS.US,D,20150226,000000,119.09,120.693,116.26,117.095,51666.860831048,0
VRTS.US,D,20150227,000000,116.26,117.104,112.574,112.82,110261.63925561,0
VRTS.US,D,20150302,000000,112.407,113.92,110.795,111.119,154532.54870066,0
VRTS.US,D,20150303,000000,111.119,112.004,108.829,110.185,114407.80817815,0
VRTS.US,D,20150304,000000,109.646,109.96,108.495,109.596,129729.81009337,0
VRTS.US,D,20150305,000000,110.175,111.316,109.478,111.061,119554.14496593,0
VRTS.US,D,20150306,000000,110.569,112.004,109.331,111.119,123999.44852975,0
VRTS.US,D,20150309,000000,110.933,114.393,110.166,112.151,120607.22099901,0
VRTS.US,D,20150310,000000,110.952,113.331,110.431,112.544,91829.247549913,0
VRTS.US,D,20150311,000000,112.004,114.589,111.532,114.146,165176.24762058,0
VRTS.US,D,20150312,000000,114.127,117.96,113.635,117.655,116163.95236473,0
VRTS.US,D,20150313,000000,116.928,121.085,116.387,120.289,166232.37604797,0
VRTS.US,D,20150316,000000,121.213,121.881,115.08,118.108,121659.27956733,0
VRTS.US,D,20150317,000000,117.507,120.446,117.174,119.1,85860.79923099,0
VRTS.US,D,20150318,000000,118.766,122.019,118.491,119.769,59778.08994773,0
VRTS.US,D,20150319,000000,119.07,119.473,113.37,113.792,80833.505820864,0
VRTS.US,D,20150320,000000,113.684,118.009,113.655,117.164,89137.03577837,0
VRTS.US,D,20150323,000000,117.557,122.913,117.026,122.422,164708.2138281,0
VRTS.US,D,20150324,000000,122.973,124.368,121.134,122.55,85161.800936564,0
VRTS.US,D,20150325,000000,122.658,123.179,120.318,121.498,198750.54997787,0
VRTS.US,D,20150326,000000,121.833,124.81,118.647,118.913,170790.61820085,0
VRTS.US,D,20150327,000000,119.09,120.957,115.11,115.67,102474.98139937,0
VRTS.US,D,20150330,000000,117.38,117.38,113.144,113.684,109261.47139037,0
VRTS.US,D,20150331,000000,113.065,113.065,111.227,111.798,67938.157373193,0
VRTS.US,D,20150401,000000,112.053,116.437,111.728,116.26,139559.53720027,0
VRTS.US,D,20150402,000000,116.761,121.282,115.974,116.22,162370.07979522,0
VRTS.US,D,20150406,000000,115.188,118.52,112.85,116.082,68081.619905237,0
VRTS.US,D,20150407,000000,115.306,117.527,112.574,112.84,131631.45174152,0
VRTS.US,D,20150408,000000,115.149,115.149,110.805,113.341,156987.69118166,0
VRTS.US,D,20150409,000000,113.782,115.66,111.866,115.041,132764.90749114,0
VRTS.US,D,20150410,000000,115.434,116.437,110.5,111.974,108672.3592907,0
VRTS.US,D,20150413,000000,113.882,126.304,112.22,122.019,336320.94356009,0
VRTS.US,D,20150414,000000,124.23,124.23,113.095,113.802,117568.05374217,0
VRTS.US,D,20150415,000000,114.225,119.208,112.75,115.365,105234.34584548,0
VRTS.US,D,20150416,000000,115.709,118.412,113.724,114.874,79703.102465541,0
VRTS.US,D,20150417,000000,115.208,115.208,111.119,111.179,68200.66328289,0
VRTS.US,D,20150420,000000,111.572,112.289,108.161,110.972,129971.96670774,0
VRTS.US,D,20150421,000000,111.64,117.507,111.64,116.289,105489.72950182,0
VRTS.US,D,20150422,000000,116.692,117.036,113.183,113.782,143518.49260582,0
VRTS.US,D,20150423,000000,114.009,115.375,110.696,113.802,79079.396563819,0
VRTS.US,D,20150424,000000,114.186,116.24,113.872,115.09,66518.79402425,0
VRTS.US,D,20150427,000000,115.778,118.118,114.786,116.299,58356.691669255,0
VRTS.US,D,20150428,000000,114.195,119.493,114.195,118.058,24022.343131568,0
VRTS.US,D,20150429,000000,117.144,118.737,116.181,116.958,55032.63427786,0
VRTS.US,D,20150430,000000,117.527,117.92,113.626,114.608,71934.758975091,0
VRTS.US,D,20150501,000000,115.503,115.581,111.335,113.547,52934.621929817,0
VRTS.US,D,20150504,000000,113.252,115.277,112.643,114.137,52934.621929817,0
VRTS.US,D,20150505,000000,113.409,117.026,113.409,114.205,160084.85393018,0
VRTS.US,D,20150506,000000,115.139,115.139,112.722,114.589,64324.122523412,0
VRTS.US,D,20150507,000000,113.9,116.958,113.734,114.667,72681.578113531,0
VRTS.US,D,20150508,000000,115.395,116.525,112.672,114.904,80215.904707739,0
VRTS.US,D,20150511,000000,110.923,114.942,97.8314,99.7285,382426.34197872,0
VRTS.US,D,20150512,000000,99.374,102.264,97.3685,98.6963,167139.95461948,0
VRTS.US,D,20150513,000000,98.0476,100.17,98.0476,99.5414,76488.931268903,0
VRTS.US,D,20150514,000000,100.142,101.291,97.4166,99.1383,139564.6245241,0
VRTS.US,D,20150515,000000,99.2858,100.603,97.2997,98.8142,63888.64760345,0
VRTS.US,D,20150518,000000,99.1383,101.134,98.3229,100.731,140073.35690724,0
VRTS.US,D,20150519,000000,101.182,101.399,98.4113,100.593,144303.97540538,0
VRTS.US,D,20150520,000000,100.908,102.48,100.25,101.094,87677.991303543,0
VRTS.US,D,20150521,000000,101.212,102.431,100.072,101.871,171742.96522207,0
VRTS.US,D,20150522,000000,102.186,104.348,101.871,103.473,221294.51680405,0
VRTS.US,D,20150526,000000,103.581,105.822,102.52,104.269,128686.90870794,0
VRTS.US,D,20150527,000000,104.957,107.62,103.099,106.48,222579.57480385,0
VRTS.US,D,20150528,000000,106.54,109.36,106.254,109.134,176551.50370745,0
VRTS.US,D,20150529,000000,108.8,109.311,106.166,106.687,103533.14475628,0
VRTS.US,D,20150601,000000,106.824,108.23,104.633,107.552,104930.12388037,0
VRTS.US,D,20150602,000000,108.632,110.52,107.178,108.426,110338.96657785,0
VRTS.US,D,20150603,000000,108.22,110.293,107.876,109.143,112979.28764631,0
VRTS.US,D,20150604,000000,108.652,109.36,106.765,107.552,98523.148247185,0
VRTS.US,D,20150605,000000,109.468,115.591,108.093,113.9,216048.46846918,0
VRTS.US,D,20150608,000000,114.992,114.992,110.441,111.159,137113.55190217,0
VRTS.US,D,20150609,000000,111.581,114.048,109.626,113.056,98844.667113325,0
VRTS.US,D,20150610,000000,113.694,115.473,110.175,113.243,127982.82308969,0
VRTS.US,D,20150611,000000,113.91,114.589,112.053,113.91,68358.370321661,0
VRTS.US,D,20150612,000000,113.331,114.235,111.198,111.964,113446.30397403,0
VRTS.US,D,20150615,000000,110.756,112.338,108.279,110.127,111347.27416122,0
VRTS.US,D,20150616,000000,109.508,116.682,109.508,115.768,101901.13127119,0
VRTS.US,D,20150617,000000,115.631,120.054,115.631,118.874,243679.75912669,0
VRTS.US,D,20150618,000000,119.581,120.899,117.615,118.343,99102.085699191,0
VRTS.US,D,20150619,000000,119.503,121.036,117.331,120.338,149238.67952177,0
VRTS.US,D,20150622,000000,120.338,120.918,119.591,120.054,99338.137524965,0
VRTS.US,D,20150623,000000,120.054,121.645,119.562,120.525,147774.54772311,0
VRTS.US,D,20150624,000000,120.338,121.783,120.102,120.486,174309.0113626,0
VRTS.US,D,20150625,000000,120.613,120.613,116.102,116.986,113563.31242215,0
VRTS.US,D,20150626,000000,116.731,118.392,114.746,116.338,348380.95343465,0
VRTS.US,D,20150629,000000,115.67,115.67,110.48,110.48,103769.19658206,0
VRTS.US,D,20150630,000000,111.345,113.97,109.93,113.419,114981.65830632,0
VRTS.US,D,20150701,000000,115.198,115.581,110.48,113.419,132566.50186172,0
VRTS.US,D,20150702,000000,112.81,113.469,111.149,111.808,145277.6891867,0
VRTS.US,D,20150706,000000,111.109,111.827,108.131,110.373,209403.40608069,0
VRTS.US,D,20150707,000000,109.96,110.706,105.035,110.157,124524.46034914,0
VRTS.US,D,20150708,000000,107.079,108.476,102.893,105.901,170924.92354999,0
VRTS.US,D,20150709,000000,107.021,108.013,102.903,106.746,174425.00234595,0
VRTS.US,D,20150710,000000,104.927,107.217,102.402,104.446,139675.52818363,0
VRTS.US,D,20150713,000000,105.134,108.476,103.699,108.23,127553.45295832,0
VRTS.US,D,20150714,000000,108.003,110.942,108.003,109.93,143033.16191231,0
VRTS.US,D,20150715,000000,110.009,110.53,108.908,110.343,161003.62461412,0
VRTS.US,D,20150716,000000,110.844,114.776,110.333,111.788,144690.61201656,0
VRTS.US,D,20150717,000000,111.512,114.156,110.087,110.746,133032.50072467,0
VRTS.US,D,20150720,000000,111.179,111.63,105.861,106.215,128837.49349335,0
VRTS.US,D,20150721,000000,106.038,107.738,104.24,106.352,137113.55190217,0
VRTS.US,D,20150722,000000,106.372,107.866,103.866,105.4,103651.17066917,0
VRTS.US,D,20150723,000000,104.524,104.829,102.284,103.777,145739.61819058,0
VRTS.US,D,20150724,000000,103.709,104.819,102.49,102.795,152505.75888626,0
VRTS.US,D,20150727,000000,102.539,102.539,97.7194,101.527,122541.42151969,0
VRTS.US,D,20150728,000000,102.402,103.857,100.495,101.517,142826.61656476,0
VRTS.US,D,20150729,000000,101.134,103.994,100.357,103.817,113828.87072614,0
VRTS.US,D,20150730,000000,102.991,104.308,101.409,101.527,109300.13505149,0
VRTS.US,D,20150731,000000,102.883,108.338,99.5116,104.072,141704.35292756,0
VRTS.US,D,20150803,000000,103.561,109.105,101.399,107.65,214714.5721606,0
VRTS.US,D,20150804,000000,106.5,109.007,104.584,107.316,196058.33820632,0
VRTS.US,D,20150805,000000,107.817,108.466,102.677,105.714,137405.56429009,0
VRTS.US,D,20150806,000000,106.284,106.284,103.807,105.075,71654.956164367,0
VRTS.US,D,20150807,000000,104.849,105.911,102.942,104.013,99077.666544801,0
VRTS.US,D,20150810,000000,104.829,109.842,104.829,107.965,116496.6633433,0
VRTS.US,D,20150811,000000,107.542,108.387,103.522,104.997,123454.08741503,0
VRTS.US,D,20150812,000000,104.652,105.055,101.399,104.623,102558.4135102,0
VRTS.US,D,20150813,000000,104.426,107.895,104.426,106.156,104652.35599918,0
VRTS.US,D,20150814,000000,106.205,110.49,105.114,108.8,102909.43885456,0
VRTS.US,D,20150817,000000,108.662,108.8,105.93,106.313,88274.225656576,0
VRTS.US,D,20150818,000000,106.225,108.397,106.067,106.47,86997.30737491,0
VRTS.US,D,20150819,000000,105.911,106.716,103.63,103.63,79678.68331115,0
VRTS.US,D,20150820,000000,102.745,103.04,98.2442,98.5095,108020.16437552,0
VRTS.US,D,20150821,000000,97.0176,100.593,96.9479,98.5095,113477.84538178,0
VRTS.US,D,20150824,000000,94.7984,99.2175,92.3432,93.2406,100998.64002351,0
VRTS.US,D,20150825,000000,95.4441,96.0642,90.5692,90.6626,163658.19018931,0
VRTS.US,D,20150826,000000,92.4917,94.533,88.8916,94.1143,159937.32153907,0
VRTS.US,D,20150827,000000,95.2701,100.072,94.9497,98.5095,97332.714470652,0
VRTS.US,D,20150828,000000,97.8117,98.5685,96.3149,97.6604,116151.74278753,0
VRTS.US,D,20150831,000000,96.9479,100.18,96.5321,99.0699,83044.456757962,0
VRTS.US,D,20150901,000000,95.7606,95.847,86.6988,88.3558,444622.94567587,0
VRTS.US,D,20150902,000000,88.2792,89.5619,86.3244,89.1903,214760.35807508,0
VRTS.US,D,20150903,000000,89.1903,90.7619,88.5299,89.9264,128346.05801124,0
VRTS.US,D,20150904,000000,88.9004,89.9088,86.4197,86.7598,93265.907799882,0
VRTS.US,D,20150908,000000,87.3525,89.1107,86.2644,88.4778,271908.30160201,0
VRTS.US,D,20150909,000000,89.0213,89.9186,86.7067,86.7942,163888.13722649,0
VRTS.US,D,20150910,000000,86.2899,88.3185,86.0915,86.9603,203213.15044272,0
VRTS.US,D,20150911,000000,86.9681,88.6321,86.0915,88.2478,226841.73470974,0
VRTS.US,D,20150914,000000,88.7137,90.1299,87.0635,89.0399,156455.55710891,0
VRTS.US,D,20150915,000000,88.8188,89.5697,86.0993,87.6817,209770.71086131,0
VRTS.US,D,20150916,000000,87.7003,89.5088,87.3259,88.5201,133338.75761932,0
VRTS.US,D,20150917,000000,88.1476,90.9486,87.951,88.5397,113793.25945932,0
VRTS.US,D,20150918,000000,87.2217,87.5058,84.2526,85.1814,205816.84277959,0
VRTS.US,D,20150921,000000,85.3386,88.2891,85.3386,87.8055,66903.395705899,0
VRTS.US,D,20150922,000000,86.5858,86.8728,85.0182,86.1701,117658.60810637,0
VRTS.US,D,20150923,000000,86.0168,88.4866,85.941,87.7524,117619.94444525,0
VRTS.US,D,20150924,000000,87.0192,88.3087,86.0404,87.0192,76498.088451799,0
VRTS.US,D,20150925,000000,87.9077,89.3908,86.6732,88.4178,91179.087564268,0
VRTS.US,D,20150928,000000,87.9264,88.8287,84.8806,85.6059,86410.230204774,0
VRTS.US,D,20150929,000000,85.826,86.4197,83.8319,84.5189,193388.51065964,0
VRTS.US,D,20150930,000000,85.6059,86.8315,84.8039,86.5259,104768.34698253,0
VRTS.US,D,20151001,000000,86.9524,87.2826,84.1414,86.8816,112779.86455212,0
VRTS.US,D,20151002,000000,85.5539,87.1686,81.3807,85.7356,78631.712066661,0
VRTS.US,D,20151005,000000,86.0825,90.5869,86.0825,88.984,87892.676369225,0
VRTS.US,D,20151006,000000,88.8552,91.0479,88.4778,89.7024,125325.2051202,0
VRTS.US,D,20151007,000000,89.8999,90.809,87.8202,89.5343,192695.61715381,0
VRTS.US,D,20151008,000000,88.5859,90.471,88.4689,89.9452,113941.8093152,0
VRTS.US,D,20151009,000000,89.5343,89.666,87.7789,88.4424,121611.45872332,0
VRTS.US,D,20151012,000000,88.9682,89.0497,87.0546,88.2704,110458.0099555,0
VRTS.US,D,20151013,000000,88.8836,89.9746,86.7323,87.1784,87229.289341619,0
VRTS.US,D,20151014,000000,86.8904,87.0713,84.0805,85.3651,110693.04431651,0
VRTS.US,D,20151015,000000,85.9155,92.0416,85.9155,90.7078,105812.26583272,0
VRTS.US,D,20151016,000000,90.8749,92.5379,88.9515,91.6887,54476.081050712,0
VRTS.US,D,20151019,000000,90.9397,93.8608,90.0935,90.2626,48601.239490285,0
VRTS.US,D,20151020,000000,90.7451,92.9437,89.1195,92.1604,73161.821483209,0
VRTS.US,D,20151021,000000,92.0592,94.5704,90.067,90.1299,60512.699508975,0
VRTS.US,D,20151022,000000,90.3894,94.3217,90.0572,92.6213,59001.764331068,0
VRTS.US,D,20151023,000000,93.3615,96.9006,92.2145,95.7891,69225.250302521,0
VRTS.US,D,20151026,000000,95.3675,96.6186,90.6066,92.1693,68293.25257662,0
VRTS.US,D,20151027,000000,91.4665,93.5413,90.5692,90.9397,94431.922422025,0
VRTS.US,D,20151028,000000,90.2813,94.9595,90.2813,94.8082,66796.561905441,0
VRTS.US,D,20151029,000000,94.1979,97.0363,87.4693,88.2635,143180.69430342,0
VRTS.US,D,20151030,000000,88.9269,102.952,88.9269,101.202,313425.95138954,0
VRTS.US,D,20151102,000000,101.448,107.434,101.448,106.343,234559.20496188,0
VRTS.US,D,20151103,000000,106.667,112.604,104.889,111.267,217895.16701995,0
VRTS.US,D,20151104,000000,111.64,111.65,106.893,109.576,81241.509192137,0
VRTS.US,D,20151105,000000,109.763,111.129,109.213,109.871,106867.37679534,0
VRTS.US,D,20151106,000000,110.814,112.957,107.051,112.329,195574.02497758,0
VRTS.US,D,20151109,000000,112.033,112.033,107.572,107.886,85221.831357774,0
VRTS.US,D,20151110,000000,107.915,108.898,105.714,106.677,95996.783232544,0
VRTS.US,D,20151111,000000,106.352,108.387,105.34,106.883,76676.144785896,0
VRTS.US,D,20151112,000000,106.441,109.999,106.019,107.542,118891.77540309,0
VRTS.US,D,20151113,000000,107.041,111.66,106.205,108.77,109989.97616302,0
VRTS.US,D,20151116,000000,108.8,113.379,107.709,111.846,167701.59517046,0
VRTS.US,D,20151117,000000,112.004,115.443,110.824,113.233,131734.21568291,0
VRTS.US,D,20151118,000000,114.667,117.695,112.613,116.092,198001.69590989,0
VRTS.US,D,20151119,000000,115.916,116.593,112.957,116.23,237092.69222988,0
VRTS.US,D,20151120,000000,116.908,118.009,115.876,116.682,159950.54858103,0
VRTS.US,D,20151123,000000,116.377,119.238,116.377,117.743,94719.864950878,0
VRTS.US,D,20151124,000000,117.341,117.429,116.485,116.986,63149.96818314,0
VRTS.US,D,20151125,000000,116.545,118.717,116.397,116.633,143528.66725348,0
VRTS.US,D,20151127,000000,116.771,120.23,116.771,118.451,51004.491268208,0
VRTS.US,D,20151130,000000,119.168,120.938,117.537,117.793,77257.117167434,0
VRTS.US,D,20151201,000000,118.638,121.95,118.638,120.142,121794.60238125,0
VRTS.US,D,20151202,000000,120.142,122.737,118.579,119.641,189268.79582102,0
VRTS.US,D,20151203,000000,119.827,120.613,113.626,114.402,80325.790902496,0
VRTS.US,D,20151204,000000,115.159,116.84,113.842,115.425,120628.58775911,0
VRTS.US,D,20151207,000000,114.874,115.208,112.505,114.854,100389.17862852,0
VRTS.US,D,20151208,000000,113.37,116.014,111.778,113.006,156666.17231552,0
VRTS.US,D,20151209,000000,112.102,114.844,109.095,111.778,81537.59143912,0
VRTS.US,D,20151210,000000,112.033,113.203,111.325,112.033,70896.944913498,0
VRTS.US,D,20151211,000000,109.684,111.63,106.51,107.267,122711.33813566,0
VRTS.US,D,20151214,000000,107.079,108.121,104.574,104.917,155572.39769179,0
VRTS.US,D,20151215,000000,106.146,107.502,103.748,105.39,187593.03135098,0
VRTS.US,D,20151216,000000,106.235,108.534,103.925,107.817,172330.04239221,0
VRTS.US,D,20151217,000000,107.994,110.686,105.911,106.097,91138.388973618,0
VRTS.US,D,20151218,000000,105.291,105.418,101.861,102.382,242183.06845552,0
VRTS.US,D,20151221,000000,103.364,104.534,101.517,102.627,194532.14105692,0
VRTS.US,D,20151222,000000,103.011,104.672,100.495,103.001,210512.44267592,0
VRTS.US,D,20151223,000000,104.072,106.962,102.834,105.38,125251.94765702,0
VRTS.US,D,20151224,000000,105.33,105.773,103.266,104.907,49340.936375361,0
VRTS.US,D,20151228,000000,104.013,107.079,102.038,104.77,135431.68264353,0
VRTS.US,D,20151229,000000,105.802,106.49,103.394,104.544,123436.790514,0
VRTS.US,D,20151230,000000,104.023,104.889,101.861,102.421,92962.703299535,0
VRTS.US,D,20151231,000000,101.458,103.296,101.045,101.556,46106.415883398,0
VRTS.US,D,20160104,000000,99.2076,101.703,97.8903,101.202,109267.57617897,0
VRTS.US,D,20160105,000000,101.38,103.847,99.8563,100.288,94639.485234343,0
VRTS.US,D,20160106,000000,98.4211,99.7771,96.7738,97.514,118413.56696294,0
VRTS.US,D,20160107,000000,95.2986,95.9257,91.5128,92.242,170994.1111541,0
VRTS.US,D,20160108,000000,92.8779,93.4677,90.1919,90.8385,160144.88435139,0
VRTS.US,D,20160111,000000,90.4798,90.9397,85.3671,88.5397,180965.26586352,0
VRTS.US,D,20160112,000000,89.3466,90.1201,83.7297,85.3671,238722.67078544,0
VRTS.US,D,20160113,000000,86.3863,86.3863,79.071,80.9552,211523.80265359,0
VRTS.US,D,20160114,000000,81.0583,82.167,78.6061,81.3463,108976.58125581,0
VRTS.US,D,20160115,000000,78.9335,81.2254,77.3167,80.8529,111366.60599178,0
VRTS.US,D,20160119,000000,82.0982,83.4387,77.8847,78.5109,125945.85862762,0
VRTS.US,D,20160120,000000,76.5284,79.3718,74.4163,78.6818,173949.8463001,0
VRTS.US,D,20160121,000000,78.9069,81.7011,78.1442,79.4976,52173.558284649,0
VRTS.US,D,20160122,000000,80.7743,82.7911,79.7374,81.7011,60980.733301458,0
VRTS.US,D,20160125,000000,80.9728,82.6476,78.1442,79.3305,93933.364686554,0
VRTS.US,D,20160126,000000,79.929,83.7562,79.7197,82.6879,125898.0377836,0
VRTS.US,D,20160127,000000,82.1739,82.4432,79.3482,80.3999,46930.562344074,0
VRTS.US,D,20160128,000000,81.2657,82.0775,78.4204,79.4278,76390.237186575,0
VRTS.US,D,20160129,000000,78.3064,82.0342,74.7102,76.4508,185104.31253269,0
VRTS.US,D,20160201,000000,76.0813,77.6665,74.4949,76.5344,148933.44009189,0
VRTS.US,D,20160202,000000,75.6655,76.6405,73.7716,75.9987,154067.56730248,0
VRTS.US,D,20160203,000000,76.8823,77.9998,73.4267,75.1181,116619.77658001,0
VRTS.US,D,20160204,000000,75.1535,77.7501,73.7166,75.408,134287.03478148,0
VRTS.US,D,20160205,000000,75.3982,76.6179,73.7343,74.431,133610.42071191,0
VRTS.US,D,20160208,000000,73.5898,75.9801,72.5165,75.5535,149119.63614412,0
VRTS.US,D,20160209,000000,74.3652,76.4979,73.1908,75.1535,92879.271188701,0
VRTS.US,D,20160210,000000,75.7707,78.4784,74.608,75.0758,58543.905186248,0
VRTS.US,D,20160211,000000,73.5623,76.9864,73.4502,75.066,95771.923519199,0
VRTS.US,D,20160212,000000,76.2238,78.0617,75.7009,77.412,74035.823717432,0
VRTS.US,D,20160216,000000,78.6622,81.4583,77.3088,80.906,79121.112619236,0
VRTS.US,D,20160217,000000,81.4161,83.2304,80.9905,82.0687,72034.470522185,0
VRTS.US,D,20160218,000000,82.4608,83.077,80.0352,80.6602,56020.592565905,0
VRTS.US,D,20160219,000000,79.9575,79.9575,78.1393,79.0091,64257.987313605,0
VRTS.US,D,20160222,000000,79.8799,83.1134,74.6168,82.1366,61868.980042409,0
VRTS.US,D,20160223,000000,82.0599,82.57,78.7506,78.784,112339.30230833,0
VRTS.US,D,20160224,000000,77.8464,79.4003,75.0109,78.784,42464.909484928,0
VRTS.US,D,20160225,000000,78.8706,82.164,77.7589,79.3482,52195.942509507,0
VRTS.US,D,20160226,000000,79.933,83.7454,79.933,81.2411,73379.55894319,0
VRTS.US,D,20160229,000000,81.2657,82.562,79.017,79.7591,104844.65684,0
VRTS.US,D,20160301,000000,80.1286,83.5252,79.9988,82.7105,165711.43408764,0
VRTS.US,D,20160302,000000,82.8412,84.1612,81.4092,83.3896,131998.75652214,0
VRTS.US,D,20160303,000000,83.3896,87.7524,82.8589,86.4541,104300.31319005,0
VRTS.US,D,20160304,000000,86.8904,87.1431,84.6722,85.3533,123193.61643487,0
VRTS.US,D,20160307,000000,85.195,85.2177,83.7621,84.2663,94297.617072877,0
VRTS.US,D,20160308,000000,83.9498,84.231,72.546,73.3371,492110.06124709,0
VRTS.US,D,20160309,000000,73.4679,76.0557,66.8937,67.908,309213.6472572,0
VRTS.US,D,20160310,000000,65.9246,67.5699,63.7044,66.7345,335824.42075415,0
VRTS.US,D,20160311,000000,67.5099,67.5099,65.6838,65.9246,359545.5943149,0
VRTS.US,D,20160314,000000,65.7006,67.9533,64.8248,67.7586,248765.0480285,0
VRTS.US,D,20160315,000000,67.2121,67.2121,65.5443,66.5458,134691.98575845,0
VRTS.US,D,20160316,000000,65.9718,67.5129,65.8882,66.7787,118642.49653535,0
VRTS.US,D,20160317,000000,66.5272,68.0289,66.4563,67.794,217125.96365665,0
VRTS.US,D,20160318,000000,68.1812,69.6014,67.9611,69.3764,306922.31660356,0
VRTS.US,D,20160321,000000,69.1867,70.4801,68.3699,70.2383,89716.990695142,0
VRTS.US,D,20160322,000000,69.6014,70.7749,67.7586,69.8167,119578.56412032,0
VRTS.US,D,20160323,000000,69.7783,69.8167,67.4313,67.5503,143687.39175702,0
VRTS.US,D,20160324,000000,67.0726,67.1542,66.1743,66.9271,87867.239750069,0
VRTS.US,D,20160328,000000,67.1197,67.1197,64.6519,66.7001,99972.01807435,0
VRTS.US,D,20160329,000000,66.4131,67.3606,64.9192,67.2407,72456.718400186,0
VRTS.US,D,20160330,000000,67.3261,69.0717,67.3261,68.8633,111656.58345016,0
VRTS.US,D,20160331,000000,69.0265,69.9062,67.5325,67.8569,168760.77599214,0
VRTS.US,D,20160401,000000,67.3507,67.3507,65.5265,66.0701,147598.52631855,0
VRTS.US,D,20160404,000000,66.0848,66.7522,63.3742,63.442,84681.557566886,0
VRTS.US,D,20160405,000000,62.8808,63.4499,60.2281,60.3343,145588.01594041,0
VRTS.US,D,20160406,000000,60.4001,61.783,59.3151,60.409,143356.71570798,0
VRTS.US,D,20160407,000000,59.9912,59.9912,57.4388,58.0393,149108.44403169,0
VRTS.US,D,20160408,000000,58.6379,59.5235,57.658,58.1838,171266.79171146,0
VRTS.US,D,20160411,000000,58.8296,60.1338,57.9401,58.5789,128468.15378319,0
VRTS.US,D,20160412,000000,58.6723,60.1918,58.3657,59.1686,77867.596027195,0
VRTS.US,D,20160413,000000,59.6375,64.5968,59.6375,64.2607,142712.66051094,0
VRTS.US,D,20160414,000000,64.0081,65.5796,62.124,63.8096,125767.80229352,0
VRTS.US,D,20160415,000000,63.8341,63.8666,62.4178,62.6715,41138.135429715,0
VRTS.US,D,20160418,000000,62.4178,63.4794,62.1152,62.5319,73524.03894,0
VRTS.US,D,20160419,000000,62.7983,64.1634,61.6896,62.8424,90016.125336425,0
VRTS.US,D,20160420,000000,63.0872,64.9359,63.0872,64.243,71660.043488199,0
VRTS.US,D,20160421,000000,64.1014,64.1014,62.8612,63.3987,50932.251269803,0
VRTS.US,D,20160422,000000,63.5924,64.0691,62.697,63.4499,87719.70735896,0
VRTS.US,D,20160425,000000,62.6715,63.0872,61.1067,62.4464,54194.243310456,0
VRTS.US,D,20160426,000000,62.8424,63.1049,60.9839,61.2444,303740.70427945,0
VRTS.US,D,20160427,000000,61.1844,62.4621,60.7991,61.8321,128166.98421238,0
VRTS.US,D,20160428,000000,61.2011,61.665,59.2424,59.6031,176506.73525773,0
VRTS.US,D,20160429,000000,61.3073,69.4049,61.2985,68.3896,441942.94348152,0
VRTS.US,D,20160502,000000,68.2471,69.395,66.6657,68.8181,147757.25082209,0
VRTS.US,D,20160503,000000,68.2638,68.2638,64.018,65.8549,153571.04449654,0
VRTS.US,D,20160504,000000,65.1099,66.2382,61.785,62.1014,140670.60872504,0
VRTS.US,D,20160505,000000,62.1565,62.2577,60.3815,61.9451,108631.66070005,0
VRTS.US,D,20160506,000000,61.4203,64.8995,61.2886,64.8033,105470.39767126,0
VRTS.US,D,20160509,000000,65.8391,68.711,65.8391,68.6166,200723.41415966,0
VRTS.US,D,20160510,000000,69.2692,71.3007,68.5901,71.2556,186180.7902554,0
VRTS.US,D,20160511,000000,70.9498,73.066,69.2948,70.2157,267356.16423773,0
VRTS.US,D,20160512,000000,70.2855,71.6624,69.6289,70.3022,148485.75559474,0
VRTS.US,D,20160513,000000,70.2422,71.1229,68.309,68.8781,194002.0419137,0
VRTS.US,D,20160516,000000,69.1847,70.3897,68.6344,69.278,163695.83638566,0
VRTS.US,D,20160517,000000,68.7562,70.086,67.7399,68.3266,159190.50240063,0
VRTS.US,D,20160518,000000,68.0741,70.3809,67.9002,69.568,139474.07015991,0
VRTS.US,D,20160519,000000,69.2447,70.0575,67.8481,68.3002,118905.00244505,0
VRTS.US,D,20160520,000000,68.536,70.1695,68.536,69.2624,53503.38473416,0
VRTS.US,D,20160523,000000,69.4196,70.3454,68.2225,69.052,84415.99926289,0
VRTS.US,D,20160524,000000,69.1307,70.1695,68.4977,69.4736,63495.906203671,0
VRTS.US,D,20160525,000000,69.9366,70.8201,69.4972,70.655,72936.961769864,0
VRTS.US,D,20160526,000000,70.8005,71.5455,69.4826,70.7749,71812.663203139,0
VRTS.US,D,20160527,000000,70.7317,70.8201,69.7715,70.3995,46052.490250786,0
VRTS.US,D,20160531,000000,71.0315,72.1823,70.0034,71.1779,91444.645868264,0
VRTS.US,D,20160601,000000,71.0894,71.6359,70.1695,71.0776,87411.415534781,0
VRTS.US,D,20160602,000000,70.9578,71.4373,70.3897,71.0127,66526.933742381,0
VRTS.US,D,20160603,000000,70.9578,71.284,69.7007,69.8737,130513.25796339,0
VRTS.US,D,20160606,000000,69.9543,72.1116,69.9543,71.168,134747.9463206,0
VRTS.US,D,20160607,000000,71.5101,71.5543,70.6639,71.0658,110957.58515574,0
VRTS.US,D,20160608,000000,71.0658,71.5632,70.8634,71.3007,89781.090975417,0
VRTS.US,D,20160609,000000,70.6953,72.1116,69.915,70.4093,194364.25937049,0
VRTS.US,D,20160610,000000,69.6103,70.4093,67.681,67.9345,86818.233576047,0
VRTS.US,D,20160613,000000,67.3822,68.0653,65.5718,66.0367,131734.21568291,0
VRTS.US,D,20160614,000000,65.7635,68.0024,65.5718,66.8584,137648.73836922,0
VRTS.US,D,20160615,000000,67.2712,68.2737,65.7822,66.8662,78725.318825158,0
VRTS.US,D,20160616,000000,66.3335,66.3601,64.5241,65.9384,72508.609103265,0
VRTS.US,D,20160617,000000,66.1487,67.4814,65.6357,66.0269,80793.824694979,0
VRTS.US,D,20160620,000000,66.9616,68.2559,66.6657,68.0986,131436.0985064,0
VRTS.US,D,20160621,000000,68.3797,68.7277,67.2151,68.6078,69535.577056233,0
VRTS.US,D,20160622,000000,68.5989,69.9454,68.0741,68.4829,112166.33329806,0
VRTS.US,D,20160623,000000,69.5523,71.0698,69.0697,70.9135,69857.095922373,0
VRTS.US,D,20160624,000000,66.938,69.055,66.938,68.3168,260359.05904011,0
VRTS.US,D,20160627,000000,67.4618,67.4618,64.1742,64.2529,260991.92212473,0
VRTS.US,D,20160628,000000,65.0401,65.5718,60.9741,61.4203,257145.90530824,0
VRTS.US,D,20160629,000000,61.9088,62.5044,61.033,62.0208,102099.53690061,0
VRTS.US,D,20160630,000000,62.1565,62.4258,60.8434,62.2331,70814.530267431,0
VRTS.US,D,20160701,000000,62.3196,63.0194,61.5097,62.3982,69245.599597846,0
VRTS.US,D,20160705,000000,62.2243,62.8542,61.0026,62.2577,135090.83194683,0
VRTS.US,D,20160706,000000,62.0483,63.4135,61.2109,62.7236,64531.685335731,0
VRTS.US,D,20160707,000000,62.8907,65.8293,62.8907,65.4588,208372.71427246,0
VRTS.US,D,20160708,000000,66.2038,68.0377,66.2038,67.453,62299.36763854,0
VRTS.US,D,20160711,000000,67.8294,68.4928,66.1655,67.2622,49556.63890581,0
VRTS.US,D,20160712,000000,67.6535,68.8947,67.6535,68.536,53370.096849779,0
VRTS.US,D,20160713,000000,68.3621,68.9921,67.164,68.9656,58269.189699356,0
VRTS.US,D,20160714,000000,70.1371,71.6929,68.9488,69.3685,92350.189510242,0
VRTS.US,D,20160715,000000,71.4738,72.775,68.9921,71.5798,128417.28054488,0
VRTS.US,D,20160718,000000,71.7804,71.9897,70.3278,70.8103,48579.872730193,0
VRTS.US,D,20160719,000000,70.3809,71.2211,70.0211,70.0486,62803.012697843,0
VRTS.US,D,20160720,000000,70.3729,72.434,70.0486,71.1317,45757.425468568,0
VRTS.US,D,20160721,000000,70.7838,72.3661,70.1204,70.4378,37276.856641731,0
VRTS.US,D,20160722,000000,70.715,71.7381,69.8039,71.7381,43050.969190298,0
VRTS.US,D,20160725,000000,71.3273,71.4649,70.4378,71.2654,29181.906961309,0
VRTS.US,D,20160726,000000,71.7028,72.5332,71.1592,72.1823,42646.018213323,0
VRTS.US,D,20160727,000000,72.2629,74.6522,71.804,73.8355,127932.96731614,0
VRTS.US,D,20160728,000000,74.147,74.147,72.1116,73.0532,67194.390629052,0
VRTS.US,D,20160729,000000,71.8836,75.3824,71.8836,74.1008,98751.060354829,0
VRTS.US,D,20160801,000000,74.662,78.4234,73.8453,75.4542,339084.37786527,0
VRTS.US,D,20160802,000000,75.5309,77.0091,74.0232,76.841,83613.219562306,0
VRTS.US,D,20160803,000000,77.0975,78.9718,76.8145,78.3811,36478.146800211,0
VRTS.US,D,20160804,000000,78.1079,78.8725,77.8533,78.6602,26677.926171526,0
VRTS.US,D,20160805,000000,78.8981,84.1729,78.8646,81.1596,189287.11018682,0
VRTS.US,D,20160808,000000,81.7138,82.4029,79.3463,80.4372,106308.78863866,0
VRTS.US,D,20160809,000000,80.7546,81.2529,79.5241,80.2082,84619.492216144,0
VRTS.US,D,20160810,000000,80.2082,81.0692,79.2057,79.7256,98891.470492574,0
VRTS.US,D,20160811,000000,80.218,80.6829,79.0828,79.2421,79819.093448895,0
VRTS.US,D,20160812,000000,78.9265,79.0209,77.3864,78.3732,93745.133704794,0
VRTS.US,D,20160815,000000,78.6268,79.7944,78.6179,78.8185,47011.959525376,0
VRTS.US,D,20160816,000000,78.6789,80.9217,77.7551,78.2061,45421.6620957,0
VRTS.US,D,20160817,000000,78.2061,78.2061,77.0975,77.5192,69151.99283935,0
VRTS.US,D,20160818,000000,77.695,78.5315,77.0091,78.4165,61265.623436013,0
VRTS.US,D,20160819,000000,78.3644,78.9973,77.3039,78.8725,95498.225497073,0
VRTS.US,D,20160822,000000,78.7418,78.9079,77.2548,78.0302,189492.6380696,0
VRTS.US,D,20160823,000000,78.5216,79.1192,77.9084,78.6023,88883.68705157,0
VRTS.US,D,20160824,000000,78.6789,79.0926,77.7816,78.3457,74108.063715837,0
VRTS.US,D,20160825,000000,77.9939,78.6789,77.7236,77.8012,62297.332709008,0
VRTS.US,D,20160826,000000,78.1079,79.074,77.4042,77.9496,98763.269932024,0
VRTS.US,D,20160829,000000,78.3732,80.904,77.414,78.4302,143733.1776715,0
VRTS.US,D,20160830,000000,78.1963,80.3045,78.1963,80.0951,90885.040246817,0
VRTS.US,D,20160831,000000,79.8848,81.6411,79.4701,80.1738,131142.05118895,0
VRTS.US,D,20160901,000000,81.1782,81.1782,77.3088,77.8956,88102.274111076,0
VRTS.US,D,20160902,000000,78.0705,80.0598,78.0705,79.9615,51947.681106538,0
VRTS.US,D,20160906,000000,79.8848,79.8848,76.5059,78.0793,116769.34390065,0
VRTS.US,D,20160907,000000,77.6617,78.9167,77.2381,77.8956,53416.900229028,0
VRTS.US,D,20160908,000000,78.0705,82.3282,77.1752,80.7006,219464.09768954,0
VRTS.US,D,20160909,000000,79.8475,80.3497,78.1698,78.2228,61638.015540467,0
VRTS.US,D,20160912,000000,77.6519,81.1596,77.414,80.9305,81695.298477892,0
VRTS.US,D,20160913,000000,80.0136,81.4751,79.2971,80.1198,90910.476865974,0
VRTS.US,D,20160914,000000,79.8396,80.332,77.3423,78.7143,141759.29602494,0
VRTS.US,D,20160915,000000,78.3811,81.6058,77.8445,81.4279,98989.147110135,0
VRTS.US,D,20160916,000000,81.3532,82.1601,79.4622,81.3719,172526.4130921,0
VRTS.US,D,20160919,000000,82.2751,85.7631,81.1045,84.2702,136334.17389121,0
VRTS.US,D,20160920,000000,85.1489,85.8841,83.9449,84.0068,65388.390668928,0
VRTS.US,D,20160921,000000,84.4295,86.8374,84.4295,86.4502,66393.645858,0
VRTS.US,D,20160922,000000,86.9249,89.4724,86.6624,89.2453,73726.514428487,0
VRTS.US,D,20160923,000000,88.6507,89.3466,85.9342,85.9342,55862.885527134,0
VRTS.US,D,20160926,000000,85.484,92.0857,84.4295,85.087,65985.642486726,0
VRTS.US,D,20160927,000000,84.8756,85.5371,82.8648,85.1754,126081.18144153,0
VRTS.US,D,20160928,000000,85.8781,87.0379,82.7773,85.2461,111176.34008048,0
VRTS.US,D,20160929,000000,84.86,85.7848,83.1802,83.7425,37293.136077991,0
VRTS.US,D,20160930,000000,84.3332,88.1907,84.0412,86.117,49302.272714243,0
VRTS.US,D,20161003,000000,85.5371,87.8478,84.0579,86.6075,76498.088451799,0
VRTS.US,D,20161004,000000,86.7401,87.1667,85.6413,86.9612,88070.732703322,0
VRTS.US,D,20161005,000000,87.1273,88.8748,86.6802,88.4247,73971.723437158,0
VRTS.US,D,20161006,000000,88.749,88.749,86.1691,88.4247,71493.179266531,0
VRTS.US,D,20161007,000000,89.0213,89.2631,86.0905,86.7774,60435.372186739,0
VRTS.US,D,20161010,000000,87.4448,87.9961,87.3377,87.5234,69167.254810844,0
VRTS.US,D,20161011,000000,87.7258,87.892,85.6413,86.0276,53991.767821969,0
VRTS.US,D,20161012,000000,86.2566,86.5819,85.3858,86.3017,105511.09626191,0
VRTS.US,D,20161013,000000,85.4644,85.4644,83.8054,84.6143,58304.800966175,0
VRTS.US,D,20161014,000000,84.7007,86.1248,84.4373,85.484,40716.905016481,0
VRTS.US,D,20161017,000000,85.4477,85.4919,84.569,84.9209,26256.695758291,0
VRTS.US,D,20161018,000000,85.888,86.2831,85.1401,85.1401,27155.117146905,0
VRTS.US,D,20161019,000000,85.5803,86.7676,84.9651,86.6349,52623.277711339,0
VRTS.US,D,20161020,000000,86.2831,87.7348,85.8438,86.1966,41355.872889696,0
VRTS.US,D,20161021,000000,85.888,86.1071,85.2737,85.2737,39085.908996154,0
VRTS.US,D,20161024,000000,86.1071,86.5494,85.0074,86.1071,55200.515964294,0
VRTS.US,D,20161025,000000,86.0206,86.4855,85.1401,85.888,28789.16556153,0
VRTS.US,D,20161026,000000,85.2285,85.8438,84.0412,84.5248,37488.489313115,0
VRTS.US,D,20161027,000000,85.2325,85.2325,81.9635,82.2279,60359.062329269,0
VRTS.US,D,20161028,000000,94.076,104.171,89.6925,98.5194,402436.8215369,0
VRTS.US,D,20161031,000000,97.8019,97.8019,94.2843,94.7797,264472.66909013,0
VRTS.US,D,20161101,000000,95.0215,95.0215,90.3087,90.9211,167580.51686327,0
VRTS.US,D,20161102,000000,90.353,90.752,88.235,88.3284,75045.14876557,0
VRTS.US,D,20161103,000000,89.0694,89.8724,87.8821,88.3648,99929.284554166,0
VRTS.US,D,20161104,000000,88.4079,89.1569,87.7495,88.1907,68973.936505253,0
VRTS.US,D,20161107,000000,90.182,91.0016,89.381,89.8724,45181.540410861,0
VRTS.US,D,20161108,000000,90.5692,92.9998,89.9186,90.8385,114398.65099525,0
VRTS.US,D,20161109,000000,91.0016,96.4161,91.0016,94.5605,118855.1466715,0
VRTS.US,D,20161110,000000,95.1178,98.5194,95.1178,96.4535,93898.770884501,0
VRTS.US,D,20161111,000000,95.7793,98.9912,93.4479,94.3777,167329.203066,0
VRTS.US,D,20161114,000000,94.8938,97.9395,94.5605,97.3587,108467.84887268,0
VRTS.US,D,20161115,000000,97.0854,99.7573,93.4951,98.4899,71419.921803359,0
VRTS.US,D,20161116,000000,98.4899,98.7061,95.966,98.2736,104381.71037135,0
VRTS.US,D,20161117,000000,98.942,101.399,97.9592,100.633,95751.574223873,0
VRTS.US,D,20161118,000000,101.134,103.905,98.5194,100.446,101675.25409308,0
VRTS.US,D,20161121,000000,100.112,101.841,98.6078,100.544,54709.080482187,0
VRTS.US,D,20161122,000000,100.731,103.905,98.8535,101.036,36114.911878654,0
VRTS.US,D,20161123,000000,100.681,102.785,97.8216,102.274,99054.264855177,0
VRTS.US,D,20161125,000000,102.579,103.748,101.399,102.49,35768.973858123,0
VRTS.US,D,20161128,000000,102.539,104.524,100.416,102.627,94185.695948588,0
VRTS.US,D,20161129,000000,102.873,104.151,101.605,101.93,63797.075774486,0
VRTS.US,D,20161130,000000,103.05,103.05,100.839,102.304,108181.94127336,0
VRTS.US,D,20161201,000000,102.579,104.889,100.751,102.49,98957.605702381,0
VRTS.US,D,20161202,000000,102.49,102.893,100.869,101.134,79060.06473326,0
VRTS.US,D,20161205,000000,101.891,102.755,100.416,101.036,111833.62231949,0
VRTS.US,D,20161206,000000,101.182,104.171,100.495,103.424,129776.61347261,0
VRTS.US,D,20161207,000000,105.095,106.422,103.955,105.911,77167.580268003,0
VRTS.US,D,20161208,000000,106.117,112.259,106.087,112.161,110325.73953588,0
VRTS.US,D,20161209,000000,112.043,113.056,111.09,112.967,75696.326215981,0
VRTS.US,D,20161212,000000,112.712,113.124,107.365,107.719,136589.55754754,0
VRTS.US,D,20161213,000000,108.594,111.287,104.917,105.045,84800.600944539,0
VRTS.US,D,20161214,000000,105.193,106.284,101.36,101.891,102751.73181579,0
VRTS.US,D,20161215,000000,101.891,103.885,99.5315,100.544,93261.837940817,0
VRTS.US,D,20161216,000000,103.336,112.662,100.681,102.077,528433.55340283,0
VRTS.US,D,20161219,000000,101.979,103.011,100.17,102.028,79305.27374193,0
VRTS.US,D,20161220,000000,102.382,105.999,102.382,105.959,76986.471539607,0
VRTS.US,D,20161221,000000,106.117,108.495,105.134,108.259,91400.894883315,0
VRTS.US,D,20161222,000000,106.422,107.227,105.655,106.913,53445.389242483,0
VRTS.US,D,20161223,000000,106.765,109.153,106.765,108.171,47222.574731993,0
VRTS.US,D,20161227,000000,107.895,108.8,106.815,106.962,18152.588894973,0
VRTS.US,D,20161228,000000,107.188,108.632,103.837,105.428,61808.9496212,0
VRTS.US,D,20161229,000000,104.997,106.117,102.49,104.917,67499.630058932,0
VRTS.US,D,20161230,000000,104.819,105.478,103.659,104.259,37406.074667047,0
VRTS.US,D,20170103,000000,105.281,107.738,104.259,107.394,48256.318934521,0
VRTS.US,D,20170104,000000,107.945,110.451,107.001,110.284,44553.764650074,0
VRTS.US,D,20170105,000000,109.576,109.626,105.999,108.544,41929.723017871,0
VRTS.US,D,20170106,000000,109.203,110.117,107.267,107.817,48419.113297123,0
VRTS.US,D,20170109,000000,107.895,108.632,105.773,108.426,43541.387207638,0
VRTS.US,D,20170110,000000,108.259,108.987,106.815,107.482,57616.994784179,0
VRTS.US,D,20170111,000000,107.306,110.284,107.306,110.284,36119.999202485,0
VRTS.US,D,20170112,000000,109.744,109.744,105.095,107.895,54874.927239089,0
VRTS.US,D,20170113,000000,110.373,111.287,107.482,108.702,35502.398089361,0
VRTS.US,D,20170117,000000,108.495,108.495,104.869,105.193,36900.394678212,0
VRTS.US,D,20170118,000000,105.566,106.913,102.893,106.372,72346.832205429,0
VRTS.US,D,20170119,000000,106.54,106.716,105.193,105.773,43704.181570241,0
VRTS.US,D,20170120,000000,106.166,106.863,104.642,106.47,39246.668429225,0
VRTS.US,D,20170123,000000,106.372,106.962,105.095,106.205,42706.048634533,0
VRTS.US,D,20170124,000000,108.22,111.788,105.999,110.412,80587.279347427,0
VRTS.US,D,20170125,000000,109.704,111.836,106.913,110.942,42472.031738292,0
VRTS.US,D,20170126,000000,106.962,107.837,96.7837,98.1754,997039.16108438,0
VRTS.US,D,20170127,000000,97.3587,97.7478,95.7704,97.4068,1145591.0518889,0
VRTS.US,D,20170130,000000,96.4928,97.9887,95.8667,97.5336,209937.57508298,0
VRTS.US,D,20170131,000000,97.2702,97.9395,94.6637,96.6864,304890.43946533,0
VRTS.US,D,20170201,000000,97.3587,97.7478,95.8087,97.0461,145125.06947176,0
VRTS.US,D,20170202,000000,96.4928,98.1263,95.6161,97.0078,128333.84843405,0
VRTS.US,D,20170203,000000,98.0378,98.657,95.9061,95.9474,119760.69031348,0
VRTS.US,D,20170206,000000,95.2033,96.2175,94.5428,95.8569,94016.796797388,0
VRTS.US,D,20170207,000000,96.0446,96.9773,95.7704,96.8613,84326.462363459,0
VRTS.US,D,20170208,000000,96.3051,97.0854,95.5011,95.8569,96586.912796979,0
VRTS.US,D,20170209,000000,95.9955,97.2702,95.4539,97.0854,107141.07481747,0
VRTS.US,D,20170210,000000,97.4559,98.9912,97.0461,97.3587,69019.722419735,0
VRTS.US,D,20170213,000000,97.3194,97.7478,95.9955,96.3051,75280.183126577,0
VRTS.US,D,20170214,000000,95.9061,96.6383,95.337,96.3051,62594.432420758,0
VRTS.US,D,20170215,000000,95.8087,98.8928,95.8087,98.7061,102930.80561465,0
VRTS.US,D,20170216,000000,98.3523,99.1095,97.1827,98.5685,139160.6910119,0
VRTS.US,D,20170217,000000,97.9395,98.9125,97.3587,98.3523,114978.60591202,0
VRTS.US,D,20170221,000000,97.8903,99.1095,96.1792,97.0078,80427.537379123,0
VRTS.US,D,20170222,000000,96.7738,98.2736,96.6864,97.8412,75196.751015743,0
VRTS.US,D,20170223,000000,97.9887,98.942,96.938,98.8044,106288.43934334,0
VRTS.US,D,20170224,000000,97.4953,98.3523,96.4014,97.1827,58807.428560711,0
VRTS.US,D,20170227,000000,96.9773,99.4433,96.9773,99.1581,127626.71042149,0
VRTS.US,D,20170228,000000,98.4407,99.9048,96.4014,97.2319,129972.9841725,0
VRTS.US,D,20170301,000000,98.5194,99.0206,97.6309,98.5685,158519.99311966,0
VRTS.US,D,20170302,000000,98.3523,98.8044,96.9773,97.6702,133421.17226538,0
VRTS.US,D,20170303,000000,97.5336,98.6078,96.7738,98.4014,94653.729741071,0
VRTS.US,D,20170306,000000,97.5336,98.4407,96.6864,97.8412,56998.376206288,0
VRTS.US,D,20170307,000000,97.4559,98.6766,96.6383,97.2702,74561.853001593,0
VRTS.US,D,20170308,000000,97.8019,99.0403,96.9773,97.4068,50995.334085312,0
VRTS.US,D,20170309,000000,97.4559,98.2245,95.108,95.5404,116247.38447556,0
VRTS.US,D,20170310,000000,96.2569,96.6864,94.358,94.8445,89496.200840862,0
VRTS.US,D,20170313,000000,94.9311,95.2033,93.2897,93.9718,74118.2383635,0
VRTS.US,D,20170314,000000,92.9811,93.842,92.2784,93.6543,86389.880909449,0
VRTS.US,D,20170315,000000,94.6637,97.2319,94.6637,97.0854,235025.20382483,0
VRTS.US,D,20170316,000000,97.7095,98.5685,96.4014,97.9395,144604.12751143,0
VRTS.US,D,20170317,000000,97.7478,97.9887,95.5011,96.3051,97707.141504639,0
VRTS.US,D,20170320,000000,96.3051,96.3051,94.4937,94.6637,66057.882485131,0
VRTS.US,D,20170321,000000,95.3763,95.3763,91.2503,91.2503,134617.71083051,0
VRTS.US,D,20170322,000000,91.1118,91.2042,89.5088,90.1919,65884.913474866,0
VRTS.US,D,20170323,000000,90.7275,90.9575,89.5697,89.9264,81971.03142955,0
VRTS.US,D,20170324,000000,90.1476,90.809,89.2542,89.6571,154903.92334035,0
VRTS.US,D,20170327,000000,88.8099,92.8868,88.5495,90.0129,75713.623117007,0
VRTS.US,D,20170328,000000,91.8941,92.7049,90.809,92.3137,131327.22977641,0
VRTS.US,D,20170329,000000,92.242,92.5644,91.3388,92.0219,54126.073171116,0
VRTS.US,D,20170330,000000,92.0219,93.7005,92.0219,93.159,81668.844393969,0
VRTS.US,D,20170331,000000,92.8415,94.2175,92.6115,93.9256,84205.384056273,0
VRTS.US,D,20170403,000000,94.3119,95.0126,92.5191,93.4293,109409.00378148,0
VRTS.US,D,20170404,000000,92.7049,94.358,91.7064,92.6115,69801.135360228,0
VRTS.US,D,20170405,000000,93.2406,94.1694,90.3177,90.5456,65583.743904051,0
VRTS.US,D,20170406,000000,90.809,94.358,90.3618,94.358,56482.521569791,0
VRTS.US,D,20170407,000000,94.1418,95.625,93.842,95.0608,52564.264754896,0
VRTS.US,D,20170410,000000,95.7704,96.6383,95.0608,95.337,42576.830609217,0
VRTS.US,D,20170411,000000,95.2515,96.2175,94.6637,95.9474,44471.350004007,0
VRTS.US,D,20170412,000000,95.4539,96.9095,94.6637,96.2175,39664.84644816,0
VRTS.US,D,20170413,000000,95.8569,96.3522,94.2175,94.6273,48627.693574208,0
VRTS.US,D,20170417,000000,95.4146,96.5419,95.0608,96.4436,48890.199483905,0
VRTS.US,D,20170418,000000,95.6652,97.6309,95.6652,97.5827,34124.750795835,0
VRTS.US,D,20170419,000000,96.4014,98.7258,96.4014,98.3523,69361.590581201,0
VRTS.US,D,20170420,000000,99.2462,99.2462,98.4899,98.942,56072.483268985,0
VRTS.US,D,20170421,000000,98.5685,99.6394,98.3129,99.0699,84551.322076804,0
VRTS.US,D,20170424,000000,100.643,100.643,98.1263,98.1263,55663.462432946,0
VRTS.US,D,20170425,000000,99.0699,99.1095,98.5685,98.6078,37296.18847229,0
VRTS.US,D,20170426,000000,98.4899,100.387,98.4899,99.5909,57374.838169807,0
VRTS.US,D,20170427,000000,99.4433,99.7285,98.657,99.0699,130322.9920521,0
VRTS.US,D,20170428,000000,97.5336,98.6078,93.4096,94.7423,83135.01112216,0
VRTS.US,D,20170501,000000,94.6077,95.8961,93.1403,94.4357,69584.415365013,0
VRTS.US,D,20170502,000000,94.3876,94.3876,90.7825,92.3806,74392.953850392,0
VRTS.US,D,20170503,000000,91.9482,92.6774,89.9746,92.1693,38821.368156925,0
VRTS.US,D,20170504,000000,92.1693,92.9536,90.2007,91.2228,25368.44901734,0
VRTS.US,D,20170505,000000,91.5855,94.5231,90.3265,91.4951,31011.308611058,0
VRTS.US,D,20170508,000000,91.2228,93.4578,90.2813,90.9486,45123.544919184,0
VRTS.US,D,20170509,000000,90.9486,92.6313,90.5967,91.4026,35353.848233486,0
VRTS.US,D,20170510,000000,91.0852,92.3806,91.0852,91.8656,44439.808596252,0
VRTS.US,D,20170511,000000,91.3575,91.9039,88.6842,88.7323,73315.458662915,0
VRTS.US,D,20170512,000000,88.4197,88.4197,86.9042,87.662,58424.861808595,0
VRTS.US,D,20170515,000000,87.662,89.8016,87.662,89.666,37684.860013004,0
VRTS.US,D,20170516,000000,89.7112,91.8174,88.5987,91.8174,43761.159597152,0
VRTS.US,D,20170517,000000,90.2007,90.2007,88.3765,88.9515,53491.175156965,0
VRTS.US,D,20170518,000000,88.7323,90.3265,88.463,89.9746,44779.641828186,0
VRTS.US,D,20170519,000000,89.8901,92.3334,89.8901,92.3334,60824.043727453,0
VRTS.US,D,20170522,000000,92.2872,93.5413,91.1747,93.1767,52497.112080322,0
VRTS.US,D,20170523,000000,93.5413,93.5413,91.9482,92.3806,35530.887102817,0
VRTS.US,D,20170524,000000,92.4917,92.4917,89.0872,90.2007,57678.042670155,0
VRTS.US,D,20170525,000000,90.2813,91.9482,89.9353,91.7723,27460.356576785,0
VRTS.US,D,20170526,000000,90.9928,91.3132,90.3265,91.1314,18469.020437282,0
VRTS.US,D,20170530,000000,90.7353,91.0665,88.1957,88.7756,80774.49286442,0
VRTS.US,D,20170531,000000,89.3102,90.1722,87.1735,89.666,52186.785326611,0
VRTS.US,D,20170601,000000,89.3565,91.7064,89.3565,90.2007,66734.496554699,0
VRTS.US,D,20170602,000000,90.2813,91.4479,89.2631,89.4901,60041.613322193,0
VRTS.US,D,20170605,000000,89.3102,90.7353,89.3102,90.0218,24211.591578094,0
VRTS.US,D,20170606,000000,90.8189,90.8189,88.8188,90.3265,39036.053222607,0
VRTS.US,D,20170607,000000,90.1564,91.7723,89.8901,91.4479,36961.442564188,0
VRTS.US,D,20170608,000000,91.2671,95.3272,90.9928,94.1232,36364.19074639,0
VRTS.US,D,20170609,000000,94.2932,97.397,94.2932,96.3424,49323.639474335,0
VRTS.US,D,20170612,000000,96.764,98.2736,90.7353,98.1754,67985.978217208,0
VRTS.US,D,20170613,000000,98.3523,98.3523,95.6751,96.2952,57693.304641649,0
VRTS.US,D,20170614,000000,95.7891,97.3488,95.5777,96.9675,41732.334853215,0
VRTS.US,D,20170615,000000,95.7232,96.9675,94.9595,96.4348,19291.131968426,0
VRTS.US,D,20170616,000000,95.6751,97.222,95.6751,97.0756,68733.814820414,0
VRTS.US,D,20170619,000000,97.397,98.1263,96.6285,98.0378,26050.150410739,0
VRTS.US,D,20170620,000000,98.2736,99.1581,97.1248,98.7553,33966.026292298,0
VRTS.US,D,20170621,000000,98.7061,99.1581,96.6776,96.9006,34498.160365056,0
VRTS.US,D,20170622,000000,97.0461,98.5685,96.6285,97.8903,25913.810132059,0
VRTS.US,D,20170623,000000,98.7061,98.9912,96.1694,97.4461,218849.54897071,0
VRTS.US,D,20170626,000000,97.4855,99.1581,96.8515,98.8044,34176.641498915,0
VRTS.US,D,20170627,000000,99.1581,99.5909,98.5194,99.0699,43586.155657354,0
VRTS.US,D,20170628,000000,99.7285,100.052,98.8535,99.2076,96426.153363908,0
VRTS.US,D,20170629,000000,99.2076,99.3254,96.5802,98.4014,48870.867653346,0
VRTS.US,D,20170630,000000,98.4014,99.8167,97.2613,98.8044,59643.784598583,0
VRTS.US,D,20170703,000000,99.5414,100.927,98.4407,98.942,34850.203174184,0
VRTS.US,D,20170705,000000,98.8928,99.2076,97.8019,99.0206,33538.691090466,0
VRTS.US,D,20170706,000000,97.8903,98.8044,96.4348,98.0378,19729.659282687,0
VRTS.US,D,20170707,000000,98.9912,100.839,98.9912,99.679,72882.018672485,0
VRTS.US,D,20170710,000000,99.4928,100.446,99.2076,99.3552,108591.97957417,0
VRTS.US,D,20170711,000000,99.4037,99.4829,96.8515,99.0699,71180.817583287,0
VRTS.US,D,20170712,000000,99.0699,101.547,98.8928,100.957,117216.01093305,0
VRTS.US,D,20170713,000000,101.468,105.733,101.154,105.733,114264.3456461,0
VRTS.US,D,20170714,000000,105.291,105.291,103.011,103.748,102613.35660758,0
VRTS.US,D,20170717,000000,103.837,103.837,100.308,101.104,85402.94008617,0
VRTS.US,D,20170718,000000,100.465,102.49,99.3552,101.37,40498.150091733,0
VRTS.US,D,20170719,000000,102.068,103.188,101.006,103.188,35303.992459939,0
VRTS.US,D,20170720,000000,102.745,103.955,102.294,102.745,125868.53130538,0
VRTS.US,D,20170721,000000,103.04,103.04,99.0206,100.751,68159.964692239,0
VRTS.US,D,20170724,000000,100.878,103.414,100.799,103.188,51142.866476421,0
VRTS.US,D,20170725,000000,104.18,105.438,103.364,104.318,64862.361384767,0
VRTS.US,D,20170726,000000,104.79,104.829,102.214,103.512,82921.343521244,0
VRTS.US,D,20170727,000000,103.885,104.269,102.569,103.364,90003.91575923,0
VRTS.US,D,20170728,000000,101.861,104.003,99.3839,101.272,97792.608545005,0
VRTS.US,D,20170731,000000,103.188,105.743,102.913,105.301,82345.458463537,0
VRTS.US,D,20170801,000000,105.793,105.793,103.561,104.584,62190.49890855,0
VRTS.US,D,20170802,000000,104.751,104.751,102.205,102.952,47589.879512616,0
VRTS.US,D,20170803,000000,102.863,103.925,102.254,103.276,33326.040954316,0
VRTS.US,D,20170804,000000,103.296,104.003,103.139,103.463,16925.526386855,0
VRTS.US,D,20170807,000000,103.326,104.456,101.232,103.04,55439.620184367,0
VRTS.US,D,20170808,000000,102.913,104.927,102.412,102.815,41660.09485481,0
VRTS.US,D,20170809,000000,102.49,103.364,100.495,102.775,37605.497761236,0
VRTS.US,D,20170810,000000,102.008,102.008,99.1878,99.473,50513.055786101,0
VRTS.US,D,20170811,000000,99.6206,99.6206,97.6408,99.266,45354.509421126,0
VRTS.US,D,20170814,000000,99.8949,100.741,99.8949,100.348,26625.01800368,0
VRTS.US,D,20170815,000000,100.996,101.713,100.082,100.869,62722.632981308,0
VRTS.US,D,20170816,000000,100.947,100.947,97.0176,98.5095,77009.873229231,0
VRTS.US,D,20170817,000000,98.598,101.478,95.5493,95.5493,62943.422835587,0
VRTS.US,D,20170818,000000,95.0982,98.5194,93.7378,94.6549,38868.171536173,0
VRTS.US,D,20170821,000000,94.703,95.625,93.7851,94.8838,38877.32871907,0
VRTS.US,D,20170822,000000,95.4146,96.14,94.8838,95.0028,62827.431852233,0
VRTS.US,D,20170823,000000,94.6549,95.5974,94.2568,94.3974,51549.852382927,0
VRTS.US,D,20170824,000000,95.1443,95.7793,94.2568,94.8347,27113.401091488,0
VRTS.US,D,20170825,000000,94.8838,95.223,94.3031,94.5802,31061.164384605,0
VRTS.US,D,20170828,000000,94.7512,95.1934,93.3713,94.6549,45113.370271521,0
VRTS.US,D,20170829,000000,94.2077,94.7512,93.4194,93.4194,65364.988979303,0
VRTS.US,D,20170830,000000,93.8322,94.6549,93.3713,93.6907,39425.742228088,0
VRTS.US,D,20170831,000000,94.2077,95.4441,93.6907,94.7512,53420.970088093,0
VRTS.US,D,20170901,000000,95.3763,96.9095,95.3763,96.14,28176.651772237,0
VRTS.US,D,20170905,000000,96.1891,97.0176,93.1865,93.5502,47184.928535641,0
VRTS.US,D,20170906,000000,93.9158,94.9595,93.1865,94.6175,41571.575420145,0
VRTS.US,D,20170907,000000,94.7512,95.0028,92.7747,93.9158,30709.121575476,0
VRTS.US,D,20170908,000000,93.1865,95.1934,93.1865,93.3713,31272.797055989,0
VRTS.US,D,20170911,000000,94.7512,96.5989,94.5802,95.732,38049.112399328,0
VRTS.US,D,20170912,000000,96.362,97.6801,96.1891,97.6801,28266.188671669,0
VRTS.US,D,20170913,000000,98.254,99.6592,97.2319,98.9715,56042.976790763,0
VRTS.US,D,20170914,000000,98.9715,100.554,98.9715,98.9715,77105.514917261,0
VRTS.US,D,20170915,000000,99.1878,100.662,97.7292,99.9445,163278.67583149,0
VRTS.US,D,20170918,000000,99.8949,102.008,99.8949,101.32,40674.171496297,0
VRTS.US,D,20170919,000000,101.763,101.91,99.7573,100.033,51160.163377447,0
VRTS.US,D,20170920,000000,100.2,101.272,100.072,100.456,60336.678104411,0
VRTS.US,D,20170921,000000,100.741,101.409,99.0996,100.996,35253.119221626,0
VRTS.US,D,20170922,000000,101.045,103.463,100.17,103.276,58336.34237393,0
VRTS.US,D,20170925,000000,103.326,104.053,102.294,103.512,53224.599388203,0
VRTS.US,D,20170926,000000,103.885,104.23,102.618,103.611,53310.06642857,0
VRTS.US,D,20170927,000000,104.505,104.505,101.763,103.364,178267.96676814,0
VRTS.US,D,20170928,000000,103.512,104.633,102.618,103.797,79986.975135329,0
VRTS.US,D,20170929,000000,104.269,104.269,103.04,103.748,85164.853330863,0
VRTS.US,D,20171002,000000,104.092,104.456,103.001,103.709,121190.22831009,0
VRTS.US,D,20171003,000000,104.269,104.967,103.885,104.505,293082.7608528,0
VRTS.US,D,20171004,000000,104.799,108.131,104.534,107.149,122226.00744215,0
VRTS.US,D,20171005,000000,107.719,108.476,106.5,107.306,104211.79375538,0
VRTS.US,D,20171006,000000,107.051,108.131,106.706,107.67,48411.991043759,0
VRTS.US,D,20171009,000000,111.189,111.189,107.719,109.173,70381.090277001,0
VRTS.US,D,20171010,000000,109.321,110.185,108.614,109.724,111293.3485286,0
VRTS.US,D,20171011,000000,109.92,110.009,108.328,108.652,55932.07313124,0
VRTS.US,D,20171012,000000,108.318,109.271,107.394,109.026,51961.925613266,0
VRTS.US,D,20171013,000000,108.987,109.92,107.817,109.026,39315.856033331,0
VRTS.US,D,20171016,000000,108.987,110.019,108.338,109.606,49261.574123593,0
VRTS.US,D,20171017,000000,109.173,110.668,107.965,108.476,51109.290139134,0
VRTS.US,D,20171018,000000,108.987,109.92,108.564,109.468,37872.073529998,0
VRTS.US,D,20171019,000000,109.075,109.684,108.033,109.606,28867.510348533,0
VRTS.US,D,20171020,000000,110.608,111.189,108.564,111.041,78400.747564719,0
VRTS.US,D,20171023,000000,110.726,110.726,106.903,107.719,52272.252366977,0
VRTS.US,D,20171024,000000,107.817,108.672,106.372,107.434,32821.378430247,0
VRTS.US,D,20171025,000000,107.306,107.306,105.114,106.568,30640.951436137,0
VRTS.US,D,20171026,000000,107.149,108.033,105.4,107.719,34100.331641445,0
VRTS.US,D,20171027,000000,107.719,107.719,104.003,105.114,102737.48730906,0
VRTS.US,D,20171030,000000,105.301,106.352,102.903,104.23,44857.986615188,0
VRTS.US,D,20171031,000000,103.915,105.498,103.552,104.456,48791.505401577,0
VRTS.US,D,20171101,000000,104.927,105.665,102.657,102.657,46586.659253076,0
VRTS.US,D,20171102,000000,102.314,105.498,102.314,105.35,59625.47023279,0
VRTS.US,D,20171103,000000,105.163,105.635,103.955,104.318,36674.517500101,0
VRTS.US,D,20171106,000000,103.787,104.721,101.703,103.955,32914.985188744,0
VRTS.US,D,20171107,000000,104.18,104.18,99.3354,99.5017,93900.805814033,0
VRTS.US,D,20171108,000000,99.0699,100.102,97.7773,99.6889,50340.086775836,0
VRTS.US,D,20171109,000000,98.7061,99.9246,97.6604,99.1095,40205.120239048,0
VRTS.US,D,20171110,000000,98.942,101.566,95.6072,100.406,55471.161592121,0
VRTS.US,D,20171113,000000,99.9742,102.146,98.9322,99.787,55692.968911167,0
VRTS.US,D,20171114,000000,99.1581,101.124,96.5321,100.937,76709.721123183,0
VRTS.US,D,20171115,000000,100.023,101.262,100.023,100.937,48899.356666801,0
VRTS.US,D,20171116,000000,103.178,103.699,101.124,102.451,90022.230125023,0
VRTS.US,D,20171117,000000,101.949,104.003,101.851,103.316,110734.76037192,0
VRTS.US,D,20171120,000000,103.699,104.672,102.903,103.915,60032.456139297,0
VRTS.US,D,20171121,000000,104.633,106.5,104.092,105.301,55799.802711626,0
VRTS.US,D,20171122,000000,105.498,106.235,104.003,104.534,34150.187414992,0
VRTS.US,D,20171124,000000,104.889,104.889,102.608,103.699,16381.182736902,0
VRTS.US,D,20171127,000000,104.799,105.301,104.18,104.534,42409.966387549,0
VRTS.US,D,20171128,000000,104.584,106.578,104.288,106.235,24894.310436259,0
VRTS.US,D,20171129,000000,106.372,108.141,104.957,107.355,44455.070567746,0
VRTS.US,D,20171130,000000,108.043,111.866,106.117,107.728,41776.085838165,0
VRTS.US,D,20171201,000000,107.778,108.141,102.775,107.68,51253.770135944,0
VRTS.US,D,20171204,000000,109.045,109.095,102.608,108.328,26751.183634697,0
VRTS.US,D,20171205,000000,108.093,109.439,106.765,107.159,47049.605721728,0
VRTS.US,D,20171206,000000,107.159,108.328,106.962,107.444,20294.352227965,0
VRTS.US,D,20171207,000000,107.68,108.486,106.5,106.54,34494.09050599,0
VRTS.US,D,20171208,000000,105.546,107.198,104.799,105.35,32962.806032758,0
VRTS.US,D,20171211,000000,106.54,106.903,105.35,105.635,27668.93685387,0
VRTS.US,D,20171212,000000,105.704,106.677,105.016,105.586,21694.383746349,0
VRTS.US,D,20171213,000000,104.799,106.333,104.534,104.721,48504.58033749,0
VRTS.US,D,20171214,000000,103.915,106.422,103.65,104.505,72054.81981751,0
VRTS.US,D,20171215,000000,104.721,107.109,104.721,105.586,110321.66967682,0
VRTS.US,D,20171218,000000,106.5,108.239,105.841,106.5,52152.191524558,0
VRTS.US,D,20171219,000000,106.677,106.677,104.672,105.793,56048.064114595,0
VRTS.US,D,20171220,000000,105.891,105.891,104.368,104.505,48648.042869533,0
VRTS.US,D,20171221,000000,104.799,105.939,104.318,104.721,42787.445815834,0
VRTS.US,D,20171222,000000,104.927,104.927,102.853,103.739,30856.653966585,0
VRTS.US,D,20171226,000000,103.699,103.827,102.244,102.244,30451.702989611,0
VRTS.US,D,20171227,000000,102.608,102.834,99.9742,100.976,70680.224918283,0
VRTS.US,D,20171228,000000,101.124,102.775,100.377,101.389,80165.031469426,0
VRTS.US,D,20171229,000000,102.244,103.601,101.272,103.227,73869.976960531,0
VRTS.US,D,20180102,000000,103.453,103.552,101.488,103.031,167690.40305803,0
VRTS.US,D,20180103,000000,103.453,106.54,103.453,106.47,136808.31247229,0
VRTS.US,D,20180104,000000,107.109,109.664,106.47,109.291,74981.048485295,0
VRTS.US,D,20180105,000000,109.626,112.122,108.957,110.117,113451.39129786,0
VRTS.US,D,20180108,000000,110.343,112.387,109.488,112.201,64235.603088747,0
VRTS.US,D,20180109,000000,114.235,114.589,112.84,113.95,65896.105587295,0
VRTS.US,D,20180110,000000,114.097,115.267,113.183,114.186,69884.567471062,0
VRTS.US,D,20180111,000000,115.021,116.771,112.888,116.475,78485.197140319,0
VRTS.US,D,20180112,000000,117.479,119.188,116.603,117.911,60303.101767124,0
VRTS.US,D,20180116,000000,119.06,120.82,115.277,116.152,46580.554464478,0
VRTS.US,D,20180117,000000,116.977,118.717,116.603,116.977,49410.123979468,0
VRTS.US,D,20180118,000000,116.977,118.451,116.024,116.338,46597.851365505,0
VRTS.US,D,20180119,000000,116.387,118.402,116.387,117.597,66320.388394828,0
VRTS.US,D,20180122,000000,116.977,118.579,115.964,117.086,67357.184991655,0
VRTS.US,D,20180123,000000,117.134,118.629,116.437,117.597,30389.637638869,0
VRTS.US,D,20180124,000000,118.088,118.451,112.554,117.006,44693.157323053,0
VRTS.US,D,20180125,000000,117.086,117.104,116.387,116.387,63157.090436504,0
VRTS.US,D,20180126,000000,117.086,118.088,115.463,117.557,72502.504314668,0
VRTS.US,D,20180129,000000,116.84,117.862,115.65,116.475,45654.661527175,0
VRTS.US,D,20180130,000000,115.561,116.702,113.802,115.561,55717.388065558,0
VRTS.US,D,20180131,000000,115.926,115.926,113.026,115.267,70418.736473353,0
VRTS.US,D,20180201,000000,114.402,116.702,114.402,116.702,61273.763154143,0
VRTS.US,D,20180202,000000,116.515,120.034,116.142,117.006,77064.81632661,0
VRTS.US,D,20180205,000000,118.284,118.766,112.181,112.604,82337.318745407,0
VRTS.US,D,20180206,000000,111.768,115.778,109.508,113.675,77775.006733464,0
VRTS.US,D,20180207,000000,113.763,116.555,111.532,113.94,58742.31081567,0
VRTS.US,D,20180208,000000,114.363,114.726,107.6,108.249,104133.44896838,0
VRTS.US,D,20180209,000000,109.646,111.896,106.432,109.065,186720.04658152,0
VRTS.US,D,20180212,000000,110.185,112.23,108.013,111.149,75150.965101261,0
VRTS.US,D,20180213,000000,110.559,113.94,109.812,111.198,71221.516173937,0
VRTS.US,D,20180214,000000,110.323,114.402,110.019,113.351,40750.481353767,0
VRTS.US,D,20180215,000000,114.323,115.463,112.76,113.399,21992.500922865,0
VRTS.US,D,20180216,000000,113.056,115.188,112.181,113.626,104220.95093828,0
VRTS.US,D,20180220,000000,112.702,113.351,110.402,110.903,41241.916835874,0
VRTS.US,D,20180221,000000,111.297,113.852,108.318,110.952,47092.339241911,0
VRTS.US,D,20180222,000000,111.63,112.092,109.193,109.861,42341.796248209,0
VRTS.US,D,20180223,000000,110.608,111.532,107.365,110.147,89891.99463494,0
VRTS.US,D,20180226,000000,110.402,113.763,109.36,111.581,22554.141473845,0
VRTS.US,D,20180227,000000,111.395,113.262,110.117,111.581,44964.820415646,0
VRTS.US,D,20180228,000000,111.896,112.75,110.53,110.766,53053.66530747,0
VRTS.US,D,20180301,000000,110.814,112.299,109.143,110.648,52651.766724795,0
VRTS.US,D,20180302,000000,109.763,111.856,108.662,110.323,34548.016138603,0
VRTS.US,D,20180305,000000,109.763,111.945,105.055,111.051,44826.445207434,0
VRTS.US,D,20180306,000000,111.444,114.018,110.441,113.714,39718.772080772,0
VRTS.US,D,20180307,000000,112.79,115.188,112.79,114.451,30051.839336468,0
VRTS.US,D,20180308,000000,114.824,115.926,113.576,115.739,50307.527903315,0
VRTS.US,D,20180309,000000,116.702,121.42,115.012,120.791,150882.90258406,0
VRTS.US,D,20180312,000000,120.791,122.363,118.894,120.928,70126.724085434,0
VRTS.US,D,20180313,000000,121.468,121.468,116.338,118.284,57807.260695471,0
VRTS.US,D,20180314,000000,118.894,119.296,116.437,117.822,61055.008229396,0
VRTS.US,D,20180315,000000,118.727,118.727,116.25,117.517,32133.572248251,0
VRTS.US,D,20180316,000000,117.597,120.82,115.926,118.894,97345.941512614,0
VRTS.US,D,20180319,000000,118.677,118.677,116.152,117.38,60919.685415482,0
VRTS.US,D,20180320,000000,117.557,118.078,115.974,116.102,45438.958996727,0
VRTS.US,D,20180321,000000,116.338,119.158,116.338,117.517,24009.116089607,0
VRTS.US,D,20180322,000000,116.653,117.036,114.363,114.677,30361.148625413,0
VRTS.US,D,20180323,000000,114.914,115.267,109.96,110.147,29891.079903398,0
VRTS.US,D,20180326,000000,111.768,113.773,110.559,111.581,44573.096480633,0
VRTS.US,D,20180327,000000,112.181,116.977,109.439,110.814,59480.99023598,0
VRTS.US,D,20180328,000000,111.198,114.599,108.987,111.051,56144.72326739,0
VRTS.US,D,20180329,000000,111.896,112.967,110.844,111.493,76412.621411433,0
VRTS.US,D,20180402,000000,111.001,111.345,106.156,107.886,48432.340339085,0
VRTS.US,D,20180403,000000,108.348,113.213,108.348,111.63,54702.975693589,0
VRTS.US,D,20180404,000000,109.458,114.176,109.458,113.498,82507.235361373,0
VRTS.US,D,20180405,000000,113.852,118.727,112.329,113.9,47970.411335199,0
VRTS.US,D,20180406,000000,112.75,113.626,110.952,112.092,73695.990485499,0
VRTS.US,D,20180409,000000,112.367,113.449,110.185,111.001,89820.772101302,0
VRTS.US,D,20180410,000000,111.718,112.515,108.888,109.646,52851.189818983,0
VRTS.US,D,20180411,000000,106.923,108.495,105.596,106.923,48172.886823687,0
VRTS.US,D,20180412,000000,107.198,108.033,105.311,105.458,47921.573026419,0
VRTS.US,D,20180413,000000,105.802,106.687,103.65,104.368,68171.156804668,0
VRTS.US,D,20180416,000000,104.721,107.365,103.336,106.824,117684.04472553,0
VRTS.US,D,20180417,000000,107.414,108.839,106.077,107.119,35424.053302359,0
VRTS.US,D,20180418,000000,106.923,108.083,104.721,106.244,104124.29178549,0
VRTS.US,D,20180419,000000,105.674,107.119,104.053,105.645,32386.920975051,0
VRTS.US,D,20180420,000000,105.173,107.876,103.502,104.318,38946.516323176,0
VRTS.US,D,20180423,000000,104.269,104.269,101.645,102.991,40073.8672842,0
VRTS.US,D,20180424,000000,103.827,104.318,102.294,103.178,25755.085628522,0
VRTS.US,D,20180425,000000,103.129,104.584,101.428,103.266,36531.054968057,0
VRTS.US,D,20180426,000000,103.699,103.875,101.881,102.775,46934.632203139,0
VRTS.US,D,20180427,000000,104.102,106.55,103.011,103.787,86567.937243545,0
VRTS.US,D,20180430,000000,104.278,106.117,103.404,104.278,103924.8686913,0
VRTS.US,D,20180501,000000,104.466,106.117,101.959,104.063,80364.454563614,0
VRTS.US,D,20180502,000000,103.787,105.418,99.4235,103.875,83976.454483863,0
VRTS.US,D,20180503,000000,103.601,104.416,102.805,104.013,44816.270559771,0
VRTS.US,D,20180504,000000,103.502,104.761,103.266,104.466,35662.140057665,0
VRTS.US,D,20180507,000000,104.682,106.52,103.827,105.861,32512.069141302,0
VRTS.US,D,20180508,000000,105.812,109.143,105.134,107.296,80483.497941268,0
VRTS.US,D,20180509,000000,107.719,110.127,107.689,108.957,95245.894235038,0
VRTS.US,D,20180510,000000,109.291,110.706,108.82,109.891,60405.865708517,0
VRTS.US,D,20180511,000000,109.94,111.935,109.744,111.62,50538.492405258,0
VRTS.US,D,20180514,000000,112.171,112.554,111.139,111.846,43509.845799884,0
VRTS.US,D,20180515,000000,111.572,113.399,111.09,112.083,32425.584636169,0
VRTS.US,D,20180516,000000,112.083,115.473,112.083,114.874,55920.881018811,0
VRTS.US,D,20180517,000000,114.874,117.743,114.874,117.016,59002.781795835,0
VRTS.US,D,20180518,000000,117.567,117.606,115.218,116.112,69529.472267635,0
VRTS.US,D,20180521,000000,116.613,117.793,115.886,116.485,37536.310157129,0
VRTS.US,D,20180522,000000,116.663,116.663,113.852,114.225,30835.287206494,0
VRTS.US,D,20180523,000000,114.225,114.225,112.407,112.868,24963.498040366,0
VRTS.US,D,20180524,000000,112.996,113.626,111.09,113.537,55735.702431351,0
VRTS.US,D,20180525,000000,113.351,115.1,111.994,113.213,41435.235141465,0
VRTS.US,D,20180529,000000,112.456,112.692,110.382,111.66,49832.371857468,0
VRTS.US,D,20180530,000000,112.171,114.579,112.171,113.173,31954.498449388,0
VRTS.US,D,20180531,000000,113.537,116.26,112.456,113.498,38654.503935257,0
VRTS.US,D,20180601,000000,114.137,117.046,111.189,115.129,32378.781256921,0
VRTS.US,D,20180604,000000,115.178,118.647,114.363,117.567,98745.973030998,0
VRTS.US,D,20180605,000000,117.695,118.431,114.726,115.699,47868.664858573,0
VRTS.US,D,20180606,000000,116.034,117.527,115.07,116.072,41446.427253894,0
VRTS.US,D,20180607,000000,116.663,118.264,114.383,115.611,33547.848273362,0
VRTS.US,D,20180608,000000,115.571,117.144,114.677,114.914,29548.194277166,0
VRTS.US,D,20180611,000000,115.218,117.891,115.218,115.748,40921.4154345,0
VRTS.US,D,20180612,000000,116.161,116.968,114.323,116.397,51833.725052716,0
VRTS.US,D,20180613,000000,116.613,117.026,114.156,114.914,43358.24354971,0
VRTS.US,D,20180614,000000,115.178,116.613,113.989,115.936,66778.247539649,0
VRTS.US,D,20180615,000000,115.297,120.289,114.038,119.552,112323.02287207,0
VRTS.US,D,20180618,000000,118.737,121.783,117.242,120.25,82940.675351803,0
VRTS.US,D,20180619,000000,119.316,121.635,118.737,121.076,93461.261035006,0
VRTS.US,D,20180620,000000,122.236,124.781,119.158,120.869,123641.30093202,0
VRTS.US,D,20180621,000000,121.076,121.871,118.264,120.869,56487.608893622,0
VRTS.US,D,20180622,000000,121.999,124.751,118.048,124.309,105365.59880033,0
VRTS.US,D,20180625,000000,123.474,123.474,119.09,120.771,55785.558204898,0
VRTS.US,D,20180626,000000,121.222,122.186,119.591,121.222,47348.74036301,0
VRTS.US,D,20180627,000000,121.587,122.274,115.571,115.886,60543.223451963,0
VRTS.US,D,20180628,000000,116.21,119.395,114.323,117.193,63841.844224201,0
VRTS.US,D,20180629,000000,118.216,119.365,115.66,115.66,68288.165252789,0
VRTS.US,D,20180702,000000,115.571,117.527,114.363,116.525,64343.454353971,0
VRTS.US,D,20180703,000000,117.095,117.743,115.699,116.437,22571.438374871,0
VRTS.US,D,20180705,000000,117.527,118.737,115.936,118.264,40720.974875546,0
VRTS.US,D,20180706,000000,118.294,121.322,117.144,117.606,43949.390578911,0
VRTS.US,D,20180709,000000,117.793,119.041,117.016,117.842,56592.407764548,0
VRTS.US,D,20180710,000000,118.166,120.771,118.166,120.328,116618.75911525,0
VRTS.US,D,20180711,000000,120.162,121.222,118.549,118.785,56922.066348818,0
VRTS.US,D,20180712,000000,120.162,120.633,117.645,119.267,24338.774673878,0
VRTS.US,D,20180713,000000,119.641,121.124,117.793,118.874,49540.35946955,0
VRTS.US,D,20180716,000000,118.874,120.162,117.016,117.891,63494.888738904,0
VRTS.US,D,20180717,000000,118.118,120.829,115.66,116.21,69884.567471062,0
VRTS.US,D,20180718,000000,116.437,118.647,115.129,117.242,96805.667721726,0
VRTS.US,D,20180719,000000,116.986,119.228,115.748,115.984,51980.239979058,0
VRTS.US,D,20180720,000000,115.984,117.606,115.984,116.663,85088.543473393,0
VRTS.US,D,20180723,000000,116.565,117.94,114.972,116.8,65528.800806672,0
VRTS.US,D,20180724,000000,117.527,117.911,115.237,116.8,51589.533508812,0
VRTS.US,D,20180725,000000,116.712,119.267,114.176,117.341,79239.138532123,0
VRTS.US,D,20180726,000000,116.938,118.962,116.348,117.193,89621.349007113,0
VRTS.US,D,20180727,000000,116.525,121.222,112.643,116.986,79107.885577274,0
VRTS.US,D,20180730,000000,117.606,121.803,116.849,118.216,63881.525350086,0
VRTS.US,D,20180731,000000,118.392,120.879,117.498,120.879,50119.296921556,0
VRTS.US,D,20180801,000000,121.016,121.016,114.441,116.072,97083.435602917,0
VRTS.US,D,20180802,000000,115.513,116.309,112.938,115.748,90225.723078276,0
VRTS.US,D,20180803,000000,115.65,116.613,114.441,115.65,25985.032665698,0
VRTS.US,D,20180806,000000,115.601,118.441,114.569,117.98,43011.288064413,0
VRTS.US,D,20180807,000000,117.891,120.446,117.891,119.651,38808.141114963,0
VRTS.US,D,20180808,000000,119.277,120.466,118.028,120.466,35541.061750479,0
VRTS.US,D,20180809,000000,120.299,120.299,118.746,118.972,34867.500075211,0
VRTS.US,D,20180810,000000,118.579,118.579,115.561,117.527,71356.838987851,0
VRTS.US,D,20180813,000000,118.657,118.657,116.161,117.292,34587.697264487,0
VRTS.US,D,20180814,000000,117.439,119.571,116.623,119.14,71353.786593552,0
VRTS.US,D,20180815,000000,118.441,119.326,116.21,117.527,52401.470392293,0
VRTS.US,D,20180816,000000,117.743,120.26,117.743,118.746,34829.853878859,0
VRTS.US,D,20180817,000000,118.343,119.513,117.743,118.579,28710.820774528,0
VRTS.US,D,20180820,000000,118.53,119.356,116.898,118.068,45301.601253281,0
VRTS.US,D,20180821,000000,118.53,120.073,117.793,119.277,45295.496464683,0
VRTS.US,D,20180822,000000,119.473,119.473,117.488,118.068,40790.162479652,0
VRTS.US,D,20180823,000000,118.216,119.188,116.485,117.341,40726.062199377,0
VRTS.US,D,20180824,000000,118.118,118.657,116.21,116.613,41041.47627692,0
VRTS.US,D,20180827,000000,116.986,118.441,116.485,116.986,98815.160635104,0
VRTS.US,D,20180828,000000,116.938,118.304,116.034,116.161,29830.032017422,0
VRTS.US,D,20180829,000000,116.21,116.986,115.837,116.437,24732.533538423,0
VRTS.US,D,20180830,000000,116.309,117.144,115.415,116.485,18082.383826101,0
VRTS.US,D,20180831,000000,116.26,117.193,116.21,117.016,17562.459330538,0
VRTS.US,D,20180904,000000,116.565,117.645,115.886,116.112,17100.530326653,0
VRTS.US,D,20180905,000000,116.072,116.072,113.301,113.754,30142.393700666,0
VRTS.US,D,20180906,000000,112.878,113.684,110.048,111.169,44684.000140156,0
VRTS.US,D,20180907,000000,110.834,110.834,103.935,108.662,89358.843097416,0
VRTS.US,D,20180910,000000,109.213,110.441,107.63,110.225,35881.912447179,0
VRTS.US,D,20180911,000000,110.54,111.827,109.763,111.217,19378.633938325,0
VRTS.US,D,20180912,000000,111.267,111.866,109.596,110.54,35975.519205675,0
VRTS.US,D,20180913,000000,111.827,112.004,108.8,109.556,27122.558274385,0
VRTS.US,D,20180914,000000,109.714,112.112,107.306,110.185,21285.36291031,0
VRTS.US,D,20180917,000000,110.048,110.048,107.492,108.201,21134.778124902,0
VRTS.US,D,20180918,000000,108.289,111.414,107.306,107.817,36325.527085271,0
VRTS.US,D,20180919,000000,107.582,110.658,106.323,110.185,41221.567540549,0
VRTS.US,D,20180920,000000,110.786,111.69,108.456,110.874,20943.494748844,0
VRTS.US,D,20180921,000000,110.923,113.301,109.812,110.402,71130.96180974,0
VRTS.US,D,20180924,000000,109.96,110.686,103.915,108.76,18616.552828391,0
VRTS.US,D,20180925,000000,110.147,110.49,107.492,107.866,51466.420272094,0
VRTS.US,D,20180926,000000,108.151,108.839,103.227,103.453,46363.834469264,0
VRTS.US,D,20180927,000000,103.827,104.809,103.227,103.739,53461.668678743,0
VRTS.US,D,20180928,000000,103.404,104.859,102.441,103.178,55126.241036357,0
VRTS.US,D,20181001,000000,103.188,104.514,102.304,103.453,74131.465405462,0
VRTS.US,D,20181002,000000,103.139,105.921,102.392,104.633,57123.524372539,0
VRTS.US,D,20181003,000000,104.682,106.205,104.072,104.809,42082.342732811,0
VRTS.US,D,20181004,000000,104.288,106.156,103.64,104.386,59344.6499573,0
VRTS.US,D,20181005,000000,104.514,105.272,102.795,103.286,58672.105746798,0
VRTS.US,D,20181008,000000,103.06,104.043,100.819,102.952,43374.522985971,0
VRTS.US,D,20181009,000000,103.354,107.001,101.94,102.559,49814.057491676,0
VRTS.US,D,20181010,000000,102.697,104.426,98.5194,101.773,108001.85000973,0
VRTS.US,D,20181011,000000,101.517,104.652,99.3155,99.3155,59603.086007932,0
VRTS.US,D,20181012,000000,100.505,100.603,98.0673,99.2858,63042.116917915,0
VRTS.US,D,20181015,000000,99.168,102.843,97.6604,101.173,67480.298228373,0
VRTS.US,D,20181016,000000,101.851,102.677,98.4113,101.723,60867.794712402,0
VRTS.US,D,20181017,000000,101.733,102.49,99.2274,101.32,64474.70730882,0
VRTS.US,D,20181018,000000,100.967,102.087,98.0574,98.598,51798.113785897,0
VRTS.US,D,20181019,000000,98.6864,100.24,95.5011,98.4407,28048.451211688,0
VRTS.US,D,20181022,000000,98.5489,98.7946,96.6285,98.1951,11276.562004539,0
VRTS.US,D,20181023,000000,96.6285,98.1951,94.4455,95.5591,40224.452069607,0
VRTS.US,D,20181024,000000,95.5208,95.5208,90.4061,90.8385,40165.439113164,0
VRTS.US,D,20181025,000000,90.5692,93.0263,90.471,92.1771,43777.439033412,0
VRTS.US,D,20181026,000000,96.14,98.7553,91.6208,92.7649,90062.928715673,0
VRTS.US,D,20181029,000000,91.2946,92.7501,88.4482,89.9903,53833.043318431,0
VRTS.US,D,20181030,000000,90.3196,90.3196,87.7741,90.009,33026.906313033,0
VRTS.US,D,20181031,000000,90.8189,93.7104,90.3107,90.6183,58540.852791949,0
VRTS.US,D,20181101,000000,90.8848,92.5191,88.8728,91.6307,57528.475349513,0
VRTS.US,D,20181102,000000,92.1054,92.3904,89.8891,91.6602,51030.945352131,0
VRTS.US,D,20181105,000000,91.7447,92.2784,91.2228,91.8843,32656.549138112,0
VRTS.US,D,20181106,000000,91.7821,92.9998,90.3107,92.1329,35641.79076234,0
VRTS.US,D,20181107,000000,92.6774,93.5413,91.1314,93.5413,49340.936375361,0
VRTS.US,D,20181108,000000,93.1865,95.2898,93.1865,94.993,35344.69105059,0
VRTS.US,D,20181109,000000,94.6175,94.6175,90.2999,94.3305,27164.274329802,0
VRTS.US,D,20181112,000000,94.2666,94.9733,92.242,93.6907,63742.132677107,0
VRTS.US,D,20181113,000000,93.7378,94.5133,92.6961,93.6455,104127.34417978,0
VRTS.US,D,20181114,000000,93.6907,93.963,92.583,93.0263,96286.76069093,0
VRTS.US,D,20181115,000000,92.6027,94.874,92.1329,93.7664,43985.001845731,0
VRTS.US,D,20181116,000000,93.4293,93.8883,92.2872,93.8883,65675.315733015,0
VRTS.US,D,20181119,000000,93.6632,94.2843,91.4951,91.8362,33024.871383501,0
VRTS.US,D,20181120,000000,90.8848,91.0213,85.6482,85.9941,60939.017246041,0
VRTS.US,D,20181121,000000,86.0118,89.1373,86.0118,87.088,34282.457834607,0
VRTS.US,D,20181123,000000,86.8257,90.586,86.8257,88.0915,12651.156903766,0
VRTS.US,D,20181126,000000,88.7696,89.3525,87.0153,87.9185,34301.789665166,0
VRTS.US,D,20181127,000000,87.7839,88.2143,84.572,84.9002,75676.994385421,0
VRTS.US,D,20181128,000000,84.9101,87.5912,83.1754,86.6605,88591.674663651,0
VRTS.US,D,20181129,000000,85.9853,88.5859,85.8015,85.9037,43413.186647089,0
VRTS.US,D,20181130,000000,85.7406,89.2365,85.2924,86.6605,86546.570483454,0
VRTS.US,D,20181203,000000,87.5637,87.5637,85.5853,86.2576,85976.790214344,0
VRTS.US,D,20181204,000000,85.9234,85.9234,82.1877,83.3493,72013.103762093,0
VRTS.US,D,20181206,000000,81.8082,85.5204,76.7987,77.931,198297.77815688,0
VRTS.US,D,20181207,000000,78.0833,79.5084,73.1053,75.9309,149793.19781939,0
VRTS.US,D,20181210,000000,75.8847,77.5928,73.3667,77.0828,118800.20357412,0
VRTS.US,D,20181211,000000,78.0047,86.5061,76.2523,77.0828,70811.477873132,0
VRTS.US,D,20181212,000000,77.986,80.0372,77.986,78.9069,47604.124019343,0
VRTS.US,D,20181213,000000,77.8573,77.8573,74.1893,74.7642,68538.461585291,0
VRTS.US,D,20181214,000000,74.208,75.7186,72.0743,73.6704,156932.74808429,0
VRTS.US,D,20181217,000000,73.178,74.437,71.4167,72.0477,136314.84206065,0
VRTS.US,D,20181218,000000,72.3318,75.6507,69.6477,70.7238,85746.843177168,0
VRTS.US,D,20181219,000000,70.7238,71.4531,68.764,69.1179,75981.216350535,0
VRTS.US,D,20181220,000000,69.3183,71.1533,67.278,68.023,79366.321627906,0
VRTS.US,D,20181221,000000,68.1911,69.5533,65.2612,66.1527,260198.29960704,0
VRTS.US,D,20181224,000000,65.9994,65.9994,63.9914,64.2951,21308.764599934,0
VRTS.US,D,20181226,000000,64.412,67.8785,63.8538,67.8697,110413.24150578,0
VRTS.US,D,20181227,000000,66.8102,69.055,66.8102,68.8348,69655.637898652,0
VRTS.US,D,20181228,000000,69.0177,73.5062,68.8909,72.5657,105992.35709635,0
VRTS.US,D,20181231,000000,72.7474,72.9951,70.6658,72.4576,66700.920217412,0
VRTS.US,D,20190102,000000,70.9145,73.9004,63.8538,73.9004,67845.568079463,0
VRTS.US,D,20190103,000000,73.5239,75.7136,73.346,73.4158,49556.63890581,0
VRTS.US,D,20190104,000000,73.4158,76.0076,72.2128,74.8213,74363.44737217,0
VRTS.US,D,20190107,000000,74.4458,76.0439,74.4458,75.3383,77613.229835628,0
VRTS.US,D,20190108,000000,75.6577,76.4458,74.4969,75.6419,53451.494031081,0
VRTS.US,D,20190109,000000,75.406,77.4474,75.406,76.208,67045.840773177,0
VRTS.US,D,20190110,000000,75.6577,77.2548,75.1279,75.2764,26698.275466851,0
VRTS.US,D,20190111,000000,74.5195,75.1672,67.7036,73.2782,109185.1615329,0
VRTS.US,D,20190114,000000,72.0565,73.3195,71.7902,72.2757,68552.706092019,0
VRTS.US,D,20190115,000000,72.2835,77.2017,72.2835,77.0464,139944.13888192,0
VRTS.US,D,20190116,000000,77.4474,80.9778,77.4474,79.9114,182375.47202956,0
VRTS.US,D,20190117,000000,79.3894,81.3709,79.3894,81.3709,106898.9182031,0
VRTS.US,D,20190118,000000,81.6225,87.6925,81.6225,85.6295,179210.13914171,0
VRTS.US,D,20190122,000000,84.972,86.1592,82.108,83.0299,136227.34009075,0
VRTS.US,D,20190123,000000,83.6236,85.3376,79.5271,79.818,57556.964362969,0
VRTS.US,D,20190124,000000,79.4445,81.2677,79.1271,80.3743,29650.958218559,0
VRTS.US,D,20190125,000000,81.8269,82.163,80.0922,82.0264,58915.279825936,0
VRTS.US,D,20190128,000000,81.2166,82.5817,80.2023,82.1532,45583.438993537,0
VRTS.US,D,20190129,000000,81.818,82.4382,80.8155,81.3139,51254.78760071,0
VRTS.US,D,20190130,000000,81.6824,82.3105,77.7707,80.6436,78844.362202811,0
VRTS.US,D,20190131,000000,80.451,82.5808,79.7747,82.5808,114592.98676561,0
VRTS.US,D,20190201,000000,84.6565,84.6565,79.8553,82.7468,84131.109128336,0
VRTS.US,D,20190204,000000,83.2323,84.1779,82.2318,83.8849,72798.586561652,0
VRTS.US,D,20190205,000000,83.8849,86.3922,82.967,86.171,73747.881188579,0
VRTS.US,D,20190206,000000,86.1809,87.1912,85.7769,87.1165,68058.218215613,0
VRTS.US,D,20190207,000000,87.1165,87.6757,85.087,87.0311,71844.204610893,0
VRTS.US,D,20190208,000000,87.0694,88.8689,84.6093,85.198,103161.7701166,0
VRTS.US,D,20190211,000000,85.2443,86.059,83.8751,84.4452,97117.011940204,0
VRTS.US,D,20190212,000000,84.5277,86.8315,84.4727,86.5298,98670.680638294,0
VRTS.US,D,20190213,000000,87.0782,89.6493,86.115,89.5589,85926.934440797,0
VRTS.US,D,20190214,000000,88.8954,90.2842,87.7043,90.2842,101991.68563539,0
VRTS.US,D,20190215,000000,90.6596,93.2986,90.3471,91.3211,262222.03702715,0
VRTS.US,D,20190219,000000,91.4852,94.1605,91.1639,93.391,77996.814052511,0
VRTS.US,D,20190220,000000,93.4008,95.3458,92.3334,94.1506,92032.740503167,0
VRTS.US,D,20190221,000000,94.533,95.2328,92.8415,94.5704,61956.482012308,0
VRTS.US,D,20190222,000000,95.1541,96.1498,94.6077,96.14,52441.151518178,0
VRTS.US,D,20190225,000000,96.3718,97.7095,96.2077,97.6024,64389.240268453,0
VRTS.US,D,20190226,000000,97.0854,99.3839,96.9184,98.2736,78332.577425379,0
VRTS.US,D,20190227,000000,97.5729,99.1284,96.998,98.8437,57599.697883152,0
VRTS.US,D,20190228,000000,98.4211,98.4211,93.3615,93.9158,182201.48555453,0
VRTS.US,D,20190301,000000,95.0313,95.8863,93.3811,95.2328,101601.99662991,0
VRTS.US,D,20190304,000000,95.2799,96.0053,93.5138,93.9452,101431.06254918,0
VRTS.US,D,20190305,000000,93.9718,94.133,91.8941,93.5502,82813.49225602,0
VRTS.US,D,20190306,000000,93.8804,93.8804,91.0263,91.0263,44953.628303217,0
VRTS.US,D,20190307,000000,90.988,90.988,88.3913,89.4282,52144.051806427,0
VRTS.US,D,20190308,000000,89.0341,90.3923,89.0341,90.0719,31251.430295897,0
VRTS.US,D,20190311,000000,90.4297,92.3334,89.7967,92.0955,47171.70149368,0
VRTS.US,D,20190312,000000,92.2322,92.353,90.8228,91.7064,57156.08324506,0
VRTS.US,D,20190313,000000,91.9923,93.728,91.0537,92.6489,55344.995961104,0
VRTS.US,D,20190314,000000,92.6587,93.4479,92.2145,92.6489,62121.311304444,0
VRTS.US,D,20190315,000000,92.87,93.5885,92.0955,92.2047,164302.24538636,0
VRTS.US,D,20190318,000000,92.0416,94.9832,91.9482,94.646,110060.18123189,0
VRTS.US,D,20190319,000000,95.1365,95.5306,92.1604,92.6676,59590.876430737,0
VRTS.US,D,20190320,000000,92.6676,93.4951,90.8798,91.0174,66289.86445184,0
VRTS.US,D,20190321,000000,90.8798,93.2406,90.8228,92.2322,137938.71582761,0
VRTS.US,D,20190322,000000,92.7049,92.7049,87.4821,88.5289,78985.789805322,0
VRTS.US,D,20190325,000000,88.1171,89.0242,86.4364,87.1067,138561.40426457,0
VRTS.US,D,20190326,000000,87.9313,90.4101,87.8969,89.7692,109577.90293268,0
VRTS.US,D,20190327,000000,90.18,91.9482,89.1677,90.2085,118120.53711026,0
VRTS.US,D,20190328,000000,90.3373,91.1078,81.4161,90.3117,50795.910991123,0
VRTS.US,D,20190329,000000,91.0537,91.7899,89.2837,89.5392,81653.582422475,0
VRTS.US,D,20190401,000000,90.6685,94.3678,90.4101,94.1792,49090.64004286,0
VRTS.US,D,20190402,000000,94.9409,96.1989,93.6268,95.966,81071.59257617,0
VRTS.US,D,20190403,000000,96.9872,98.0771,95.4627,96.2175,45682.133075865,0
VRTS.US,D,20190404,000000,96.2274,97.9494,94.9832,97.5631,40062.675171771,0
VRTS.US,D,20190405,000000,98.4309,100.554,97.739,100.2,53498.297410329,0
VRTS.US,D,20190408,000000,100.259,100.947,98.6275,100.819,76788.065910185,0
VRTS.US,D,20190409,000000,100.869,101.232,98.9125,99.3839,57334.139579156,0
VRTS.US,D,20190410,000000,99.374,102.677,99.3056,102.362,77892.015181585,0
VRTS.US,D,20190411,000000,103.394,107.532,103.266,105.93,118933.4914585,0
VRTS.US,D,20190412,000000,107.689,108.318,105.831,106.981,91983.902194386,0
VRTS.US,D,20190415,000000,107.572,109.183,105.694,109.183,90754.804756735,0
VRTS.US,D,20190416,000000,109.881,112.417,108.997,110.628,69929.335920778,0
VRTS.US,D,20190417,000000,111.463,111.463,108.554,110.255,72173.863195163,0
VRTS.US,D,20190418,000000,109.999,111.021,107.64,108.407,77011.908158764,0
VRTS.US,D,20190422,000000,107.915,109.753,107.444,109.252,97170.937572816,0
VRTS.US,D,20190423,000000,108.997,109.92,108.505,109.271,140284.98957862,0
VRTS.US,D,20190424,000000,109.38,110.058,108.328,109.321,105787.84667833,0
VRTS.US,D,20190425,000000,109.213,111.67,108.141,110.923,48702.985966912,0
VRTS.US,D,20190426,000000,112.554,115.621,110.166,113.822,75900.836634,0
VRTS.US,D,20190429,000000,114.746,116.673,114.333,114.746,57003.46353012,0
VRTS.US,D,20190430,000000,115.159,115.326,112.211,113.036,89581.667881229,0
VRTS.US,D,20190501,000000,113.675,114.146,110.864,113.223,133211.57452353,0
VRTS.US,D,20190502,000000,113.576,113.576,109.429,112.112,93881.473983474,0
VRTS.US,D,20190503,000000,112.938,113.763,112.938,113.173,115628.76589767,0
VRTS.US,D,20190506,000000,111.503,112.928,110.117,111.768,101653.88733299,0
VRTS.US,D,20190507,000000,110.549,112.977,110.363,111.099,62437.742846753,0
VRTS.US,D,20190508,000000,110.952,112.151,109.646,109.861,67919.8430074,0
VRTS.US,D,20190509,000000,109.045,111.041,106.333,108.652,102181.95154668,0
VRTS.US,D,20190510,000000,107.355,110.834,107.001,110.313,84987.814461533,0
VRTS.US,D,20190513,000000,108.416,111.021,105.625,105.979,64082.983373807,0
VRTS.US,D,20190514,000000,106.638,108.043,105.802,107.434,94703.585514618,0
VRTS.US,D,20190515,000000,106.52,109.291,106.137,108.584,61751.971594289,0
VRTS.US,D,20190516,000000,108.554,110.038,107.502,107.866,73685.815837837,0
VRTS.US,D,20190517,000000,107.001,107.6,105.193,105.193,83324.259568686,0
VRTS.US,D,20190520,000000,104.269,106.057,103.611,104.691,56313.62241859,0
VRTS.US,D,20190521,000000,105.488,106.362,104.259,104.682,153468.28055515,0
VRTS.US,D,20190522,000000,104.456,107.827,102.431,102.618,49745.887352336,0
VRTS.US,D,20190523,000000,101.566,102.962,98.5095,100.534,213847.69217974,0
VRTS.US,D,20190524,000000,101.164,103.434,100.004,102.873,65138.094336426,0
VRTS.US,D,20190528,000000,102.981,103.875,101.645,101.851,65253.067855014,0
VRTS.US,D,20190529,000000,100.947,101.783,98.2442,99.1779,83579.643225019,0
VRTS.US,D,20190530,000000,99.4235,100.406,97.9887,98.5391,60550.345705327,0
VRTS.US,D,20190531,000000,97.1248,97.3095,93.4479,93.6632,97314.40010486,0
VRTS.US,D,20190603,000000,93.2897,94.6371,92.012,92.7846,122172.08180953,0
VRTS.US,D,20190604,000000,93.5502,96.5606,93.4008,96.5321,108676.42914977,0
VRTS.US,D,20190605,000000,96.9773,98.1459,95.4048,97.5827,72295.958967116,0
VRTS.US,D,20190606,000000,97.514,98.4702,95.7232,96.7738,54012.117117294,0
VRTS.US,D,20190607,000000,97.0559,98.6177,96.7257,97.2613,45799.141523985,0
VRTS.US,D,20190610,000000,97.9887,99.4532,97.0854,98.4407,42500.520751747,0
VRTS.US,D,20190611,000000,99.3056,100.328,96.9479,97.2997,31587.193668765,0
VRTS.US,D,20190612,000000,96.9184,97.7773,96.247,96.9675,36880.045382887,0
VRTS.US,D,20190613,000000,98.2147,99.0501,97.0952,98.0771,37360.288752565,0
VRTS.US,D,20190614,000000,97.9199,97.9297,96.2175,97.0952,75407.366222361,0
VRTS.US,D,20190617,000000,96.5802,97.8117,95.4913,95.5011,51576.30646685,0
VRTS.US,D,20190618,000000,95.8087,98.8437,95.8087,97.91,69755.349445746,0
VRTS.US,D,20190619,000000,97.8609,99.2462,95.4725,96.0348,40090.14672046,0
VRTS.US,D,20190620,000000,97.2515,97.3488,94.9694,96.0741,36822.04989121,0
VRTS.US,D,20190621,000000,95.5974,96.6186,94.188,94.6175,62341.083693957,0
VRTS.US,D,20190624,000000,94.59,95.9758,91.9482,92.6213,94329.158480632,0
VRTS.US,D,20190625,000000,92.7315,96.14,91.4685,93.1403,129328.92897546,0
VRTS.US,D,20190626,000000,93.4293,95.0883,92.4258,94.0947,46276.332499365,0
VRTS.US,D,20190627,000000,94.7698,97.6604,94.3404,97.3488,60068.067406116,0
VRTS.US,D,20190628,000000,97.8707,99.1779,97.2515,99.0206,96137.193370288,0
VRTS.US,D,20190701,000000,100.78,100.78,97.6702,98.4899,81477.561017911,0
VRTS.US,D,20190702,000000,98.598,98.598,94.9497,97.3881,60109.783461533,0
VRTS.US,D,20190703,000000,97.2319,98.7553,96.8417,98.5293,34466.618957301,0
VRTS.US,D,20190705,000000,98.5095,99.7087,98.0967,99.001,87343.245395441,0
VRTS.US,D,20190708,000000,98.3523,99.2274,96.7257,97.4559,40433.032346692,0
VRTS.US,D,20190709,000000,97.1346,98.7946,96.7159,98.1361,59013.973908264,0
VRTS.US,D,20190710,000000,99.0206,101.497,98.8339,100.16,80950.514268984,0
VRTS.US,D,20190711,000000,100.957,102.697,100.465,102.49,100586.56679317,0
VRTS.US,D,20190712,000000,103.354,103.64,101.586,102.48,77233.71547781,0
VRTS.US,D,20190715,000000,103.296,103.482,100.888,102.657,93300.501601936,0
VRTS.US,D,20190716,000000,102.304,105.881,101.733,102.598,86940.329347999,0
VRTS.US,D,20190717,000000,102.765,103.679,99.0501,99.8167,82589.650007441,0
VRTS.US,D,20190718,000000,99.9048,100.741,98.5095,100.456,64612.065052266,0
VRTS.US,D,20190719,000000,100.082,101.547,99.3839,99.6206,81628.145803318,0
VRTS.US,D,20190722,000000,100.142,100.142,95.7045,96.1792,70018.87282021,0
VRTS.US,D,20190723,000000,97.1346,98.3622,95.8569,97.6801,79942.206685614,0
VRTS.US,D,20190724,000000,101.35,101.723,97.4559,101.35,80270.847805118,0
VRTS.US,D,20190725,000000,101.202,101.36,96.8024,97.2702,92828.397950388,0
VRTS.US,D,20190726,000000,103.719,104.348,98.6668,104.278,88388.181710398,0
VRTS.US,D,20190729,000000,104.259,104.514,101.881,101.881,140434.55689926,0
VRTS.US,D,20190730,000000,101.419,102.549,100.033,101.36,145774.21199263,0
VRTS.US,D,20190731,000000,100.976,101.428,98.7651,99.2858,95133.973110749,0
VRTS.US,D,20190801,000000,99.1185,99.787,94.5704,95.0028,64881.693215326,0
VRTS.US,D,20190802,000000,94.3031,94.761,90.5722,93.5973,85956.440919019,0
VRTS.US,D,20190805,000000,91.2867,95.5493,86.7008,87.7013,87750.231301948,0
VRTS.US,D,20190806,000000,88.1386,90.9437,85.718,88.2006,130776.78133786,0
VRTS.US,D,20190807,000000,86.7185,88.7313,85.7563,88.4041,84821.967704631,0
VRTS.US,D,20190808,000000,89.1008,90.4444,88.4984,89.6739,53243.931218762,0
VRTS.US,D,20190809,000000,89.1913,90.5958,87.088,87.9981,60094.521490039,0
VRTS.US,D,20190812,000000,87.1745,87.6925,85.7995,86.6349,60102.661208169,0
VRTS.US,D,20190813,000000,87.0055,89.2581,86.0698,89.0832,77170.632662302,0
VRTS.US,D,20190814,000000,87.3397,89.6385,86.3381,88.2645,156532.88443114,0
VRTS.US,D,20190815,000000,90.2488,90.2488,87.378,88.9151,112249.7654089,0
VRTS.US,D,20190816,000000,89.8488,92.2498,89.8488,91.9187,36878.010453354,0
VRTS.US,D,20190819,000000,93.4096,94.8642,93.4096,94.3119,38542.582810968,0
VRTS.US,D,20190820,000000,93.8234,96.2175,92.7501,95.8382,80212.852313441,0
VRTS.US,D,20190821,000000,96.4535,100.18,96.4535,99.7573,85499.599238965,0
VRTS.US,D,20190822,000000,100.259,101.517,99.2561,99.5116,97958.455301907,0
VRTS.US,D,20190823,000000,98.7356,99.581,95.732,95.8382,76202.006204815,0
VRTS.US,D,20190826,000000,97.2417,98.5194,94.1605,94.4259,38493.744502187,0
VRTS.US,D,20190827,000000,95.2799,95.2799,91.8803,92.6213,61449.784558707,0
VRTS.US,D,20190828,000000,92.6872,95.4627,92.4877,94.4819,80930.164973659,0
VRTS.US,D,20190829,000000,95.7232,98.6078,95.7232,97.6122,64102.315204366,0
VRTS.US,D,20190830,000000,98.5194,99.0108,96.362,98.8634,44337.044654859,0
VRTS.US,D,20190903,000000,97.8117,98.8044,95.7704,96.5704,76387.184792276,0
VRTS.US,D,20190904,000000,97.9887,98.5587,96.362,98.5587,50711.461415523,0
VRTS.US,D,20190905,000000,100.004,103.306,100.004,102.097,58542.887721482,0
VRTS.US,D,20190906,000000,101.645,103.581,100.878,102.441,59455.553616824,0
VRTS.US,D,20190909,000000,102.942,107.984,102.539,107.464,87061.407655185,0
VRTS.US,D,20190910,000000,107.276,112.043,106.402,110.706,88703.59578794,0
VRTS.US,D,20190911,000000,110.628,114.097,110.451,113.773,89475.851545537,0
VRTS.US,D,20190912,000000,113.95,115.11,111.572,113.822,92600.485842744,0
VRTS.US,D,20190913,000000,114.166,114.411,109.714,110.097,119540.91792397,0
VRTS.US,D,20190916,000000,109.527,110.608,107.247,110.274,69646.480715756,0
VRTS.US,D,20190917,000000,109.95,110.903,107.63,110.795,103141.42082127,0
VRTS.US,D,20190918,000000,110.648,112.427,109.281,110.814,77505.378570404,0
VRTS.US,D,20190919,000000,110.913,112.279,108.604,110.029,104898.58247262,0
VRTS.US,D,20190920,000000,110.147,110.716,106.765,107.502,186692.57503284,0
VRTS.US,D,20190923,000000,107.169,107.68,103.346,105.911,70402.457037092,0
VRTS.US,D,20190924,000000,106.412,106.412,101.723,102.697,98253.520084124,0
VRTS.US,D,20190925,000000,103.08,106.412,101.93,106.372,61650.225117662,0
VRTS.US,D,20190926,000000,105.596,105.812,104.23,104.799,44156.95339123,0
VRTS.US,D,20190927,000000,104.917,105.645,103.336,103.699,48070.122882294,0
VRTS.US,D,20190930,000000,103.522,104.072,101.458,102.47,65053.644760826,0
VRTS.US,D,20191001,000000,102.49,103.04,97.7478,97.9788,77777.041662997,0
VRTS.US,D,20191002,000000,96.822,97.5631,94.2273,94.8642,44353.32409112,0
VRTS.US,D,20191003,000000,94.5231,94.5231,91.8234,93.0647,36578.875812072,0
VRTS.US,D,20191004,000000,92.759,94.0484,91.723,93.6455,42085.39512711,0
VRTS.US,D,20191007,000000,92.7649,93.3359,91.5659,92.0572,60221.704585823,0
VRTS.US,D,20191008,000000,90.009,90.009,86.3381,86.3853,64351.594072101,0
VRTS.US,D,20191009,000000,86.8217,87.0978,82.6692,82.9011,68132.49314355,0
VRTS.US,D,20191010,000000,83.4378,84.0589,81.4269,81.8269,85901.49782164,0
VRTS.US,D,20191011,000000,83.3847,85.6993,82.966,84.226,163632.75357016,0
VRTS.US,D,20191014,000000,85.2659,91.3781,85.2659,89.091,120653.0069135,0
VRTS.US,D,20191015,000000,89.6925,93.9158,89.6925,91.0656,114514.64197861,0
VRTS.US,D,20191016,000000,90.7599,94.0091,89.203,91.9707,94325.088621567,0
VRTS.US,D,20191017,000000,92.6774,93.6819,89.8861,90.5908,71236.778145431,0
VRTS.US,D,20191018,000000,89.9245,91.5747,89.3309,91.3978,71311.053073369,0
VRTS.US,D,20191021,000000,92.0189,93.5226,92.0189,92.6961,53559.345296305,0
VRTS.US,D,20191022,000000,92.362,93.5885,91.1432,92.1123,30995.029174798,0
VRTS.US,D,20191023,000000,91.723,93.3615,89.8861,92.9251,43646.186078564,0
VRTS.US,D,20191024,000000,93.1118,93.1118,91.0459,91.7771,50765.387048135,0
VRTS.US,D,20191025,000000,99.0897,99.0897,92.4445,94.6549,37890.38789579,0
VRTS.US,D,20191028,000000,96.5125,100.112,95.5679,99.8949,64197.956892395,0
VRTS.US,D,20191029,000000,99.4037,101.93,98.3523,100.77,50233.252975378,0
VRTS.US,D,20191030,000000,101.527,103.473,99.1581,101.723,66150.471778862,0
VRTS.US,D,20191031,000000,100.77,101.615,98.1361,101.134,65177.77546231,0
VRTS.US,D,20191101,000000,102.352,103.767,100.937,102.441,76248.809584064,0
VRTS.US,D,20191104,000000,103.935,105.891,102.549,105.458,72885.071066784,0
VRTS.US,D,20191105,000000,106.137,109.36,106.137,107.482,54755.883861435,0
VRTS.US,D,20191106,000000,107.159,108.111,105.93,106.726,67063.137674203,0
VRTS.US,D,20191107,000000,107.797,107.797,105.724,107.159,57581.383517359,0
VRTS.US,D,20191108,000000,106.618,107.817,103.679,107.041,75062.445666596,0
VRTS.US,D,20191111,000000,106.166,108.456,106.137,108.033,35593.969918325,0
VRTS.US,D,20191112,000000,108.063,109.183,106.215,108.869,37574.973818248,0
VRTS.US,D,20191113,000000,108.063,108.898,106.352,108.614,63408.404233772,0
VRTS.US,D,20191114,000000,108.436,109.773,107.482,108.534,48098.611895749,0
VRTS.US,D,20191115,000000,109.527,109.822,107.709,109.233,46261.070527871,0
VRTS.US,D,20191118,000000,108.564,109.016,107.925,108.407,55566.80328015,0
VRTS.US,D,20191119,000000,109.055,110.363,108.682,109.115,30856.653966585,0
VRTS.US,D,20191120,000000,108.318,109.714,106.47,107.788,45221.221536745,0
VRTS.US,D,20191121,000000,108.239,108.977,106.815,107.797,38355.369293974,0
VRTS.US,D,20191122,000000,108.476,109.458,107.404,108.554,27434.919957629,0
VRTS.US,D,20191125,000000,108.908,112.407,108.131,109.92,73765.178089605,0
VRTS.US,D,20191126,000000,110.363,110.382,108.79,109.193,50392.994943682,0
VRTS.US,D,20191127,000000,109.616,114.932,106.775,110.392,27708.617979755,0
VRTS.US,D,20191129,000000,109.822,111.395,108.102,109.822,19524.131399901,0
VRTS.US,D,20191202,000000,110.441,114.009,108.407,108.859,32561.924914849,0
VRTS.US,D,20191203,000000,107.169,108.839,106.372,108.131,49178.142012759,0
VRTS.US,D,20191204,000000,109.134,110.293,108.21,108.957,46918.352766879,0
VRTS.US,D,20191205,000000,109.901,110.431,108.534,108.76,42413.018781848,0
VRTS.US,D,20191206,000000,109.852,111.886,109.566,111.335,69829.624373684,0
VRTS.US,D,20191209,000000,110.962,112.22,110.363,111.542,78040.56503746,0
VRTS.US,D,20191210,000000,111.473,111.473,107.454,109.291,68343.108350167,0
VRTS.US,D,20191211,000000,109.763,110.795,108.367,109.832,61571.880330659,0
VRTS.US,D,20191212,000000,110.363,113.065,108.614,112.309,62402.131579933,0
VRTS.US,D,20191213,000000,111.718,111.856,109.96,111.601,39194.777726145,0
VRTS.US,D,20191216,000000,112.249,113.98,110.726,111.297,85027.495587417,0
VRTS.US,D,20191217,000000,111.886,113.763,110.933,113.763,52838.980241788,0
VRTS.US,D,20191218,000000,114.353,114.353,111.886,112.722,82222.345226818,0
VRTS.US,D,20191219,000000,113.429,115.483,111.109,115.12,96446.502659234,0
VRTS.US,D,20191220,000000,115.228,115.513,111.119,114.569,220979.10272651,0
VRTS.US,D,20191223,000000,115.345,115.345,113.379,114.726,37424.38903284,0
VRTS.US,D,20191224,000000,114.677,115.326,113.95,115.277,12889.243659073,0
VRTS.US,D,20191226,000000,115.591,115.591,112.84,112.987,32536.488295692,0
VRTS.US,D,20191227,000000,113.645,114.569,111.512,114.166,43187.309468977,0
VRTS.US,D,20191230,000000,114.736,114.972,113.773,114.51,32254.650555436,0
VRTS.US,D,20191231,000000,114.491,115.581,113.252,113.478,50230.200581079,0
VRTS.US,D,20200102,000000,114.599,117.577,112.81,114.834,59783.177271562,0
VRTS.US,D,20200103,000000,113.095,115.68,112.171,115.415,78313.24559482,0
VRTS.US,D,20200106,000000,114.451,115.335,113.124,115.031,59923.587409306,0
VRTS.US,D,20200107,000000,114.942,116.319,113.812,115.1,43641.098754733,0
VRTS.US,D,20200108,000000,115.169,116.515,114.776,115.689,75232.362282563,0
VRTS.US,D,20200109,000000,116.702,117.026,114.559,116.269,69066.525798983,0
VRTS.US,D,20200110,000000,116.643,118.638,115.936,118.146,78869.798821968,0
VRTS.US,D,20200113,000000,117.99,121.518,117.99,119.571,124403.38204196,0
VRTS.US,D,20200114,000000,119.05,120.044,117.97,118.402,68074.497651873,0
VRTS.US,D,20200115,000000,117.665,118.717,117.252,117.587,65880.843615801,0
VRTS.US,D,20200116,000000,118.314,119.13,118.078,118.451,82924.395915543,0
VRTS.US,D,20200117,000000,119.336,120.446,118.579,119.651,62287.158061345,0
VRTS.US,D,20200121,000000,119.562,120.397,118.599,119.651,98552.654725407,0
VRTS.US,D,20200122,000000,120.2,122.304,119.523,121.36,99627.097518585,0
VRTS.US,D,20200123,000000,121.095,121.204,118.923,120.957,53629.550365178,0
VRTS.US,D,20200124,000000,120.879,120.879,117.321,118.353,73297.144297122,0
VRTS.US,D,20200127,000000,115.847,118.314,115.473,117.213,111007.44092928,0
VRTS.US,D,20200128,000000,118.009,118.785,116.201,118.127,71150.293640299,0
VRTS.US,D,20200129,000000,118.274,119.238,116.859,117.93,127871.91943016,0
VRTS.US,D,20200130,000000,117.026,118.835,114.52,118.599,99167.203444232,0
VRTS.US,D,20200131,000000,120.476,120.476,112.643,115.306,159661.58858741,0
VRTS.US,D,20200203,000000,119.798,120.623,116.996,118.903,248019.24635482,0
VRTS.US,D,20200204,000000,120.24,121.743,119.14,121.734,171920.0040914,0
VRTS.US,D,20200205,000000,122.766,126.53,121.901,126.422,110774.44149781,0
VRTS.US,D,20200206,000000,127.101,128.043,126.422,126.943,42548.341595762,0
VRTS.US,D,20200207,000000,126.373,127.199,124.122,125.823,48051.808516501,0
VRTS.US,D,20200210,000000,125.734,129.852,123.837,129.469,144851.37144963,0
VRTS.US,D,20200211,000000,129.813,132.899,129.39,130.088,114461.73381076,0
VRTS.US,D,20200212,000000,131.307,132.024,129.686,129.793,87671.886514945,0
VRTS.US,D,20200213,000000,129.125,130.403,127.464,127.552,60783.345136802,0
VRTS.US,D,20200214,000000,127.592,128.437,125.085,127.542,233373.85850917,0
VRTS.US,D,20200218,000000,128.221,128.388,124.142,126.265,50145.751005479,0
VRTS.US,D,20200219,000000,126.736,128.771,126.216,128.614,58397.390259906,0
VRTS.US,D,20200220,000000,128.171,129.98,128.053,128.85,39811.361374503,0
VRTS.US,D,20200221,000000,128.427,128.437,125.577,126.157,61748.91919999,0
VRTS.US,D,20200224,000000,121.37,121.931,117.606,118.677,84872.840942944,0
VRTS.US,D,20200225,000000,118.677,119.041,113.852,115.11,72474.015301212,0
VRTS.US,D,20200226,000000,115.739,117.547,111.728,112.967,50648.378600015,0
VRTS.US,D,20200227,000000,110.658,114.038,105.085,109.704,56623.949172302,0
VRTS.US,D,20200228,000000,105.173,107.089,101.182,103.473,122137.48800748,0
VRTS.US,D,20200302,000000,104.368,105.498,98.4211,105.498,232272.96163207,0
VRTS.US,D,20200303,000000,105.4,106.933,101.154,102.058,119751.53313058,0
VRTS.US,D,20200304,000000,104.25,105.39,101.154,105.203,82999.688308246,0
VRTS.US,D,20200305,000000,101.92,102.264,94.9832,96.0839,132389.46299239,0
VRTS.US,D,20200306,000000,91.2464,96.2756,91.2464,95.3272,115173.95914715,0
VRTS.US,D,20200309,000000,87.1018,89.7368,82.5935,84.0274,92656.446404888,0
VRTS.US,D,20200310,000000,87.4026,93.2701,86.7746,93.1393,93483.645259864,0
VRTS.US,D,20200311,000000,90.6921,90.8848,85.9745,86.8492,143504.24809909,0
VRTS.US,D,20200312,000000,80.6622,81.1429,72.9784,75.5181,100015.7690593,0
VRTS.US,D,20200313,000000,79.7246,82.9837,72.2835,79.5487,68339.038491102,0
VRTS.US,D,20200316,000000,69.9307,74.44,66.2569,67.906,106389.1683552,0
VRTS.US,D,20200317,000000,68.4977,74.2885,65.2455,73.9799,107315.0612925,0
VRTS.US,D,20200318,000000,68.77,70.0437,63.6798,68.5911,136001.46291264,0
VRTS.US,D,20200319,000000,67.7291,76.1874,66.0141,69.7351,105569.09175359,0
VRTS.US,D,20200320,000000,69.1542,72.5833,62.7885,63.4754,144155.4255495,0
VRTS.US,D,20200323,000000,63.8754,68.3651,51.8966,53.7267,96743.602370984,0
VRTS.US,D,20200324,000000,56.7066,68.0849,55.1783,64.531,66533.038530978,0
VRTS.US,D,20200325,000000,65.0873,72.0673,63.1776,65.676,58771.817293892,0
VRTS.US,D,20200326,000000,66.7728,74.3072,66.7728,73.5023,77927.626448404,0
VRTS.US,D,20200327,000000,68.4318,72.9598,68.2441,70.2963,93936.417080853,0
VRTS.US,D,20200330,000000,71.1779,74.6827,67.5227,70.8319,73972.740901924,0
VRTS.US,D,20200331,000000,70.2963,71.516,68.4613,71.3371,78127.049542593,0
VRTS.US,D,20200401,000000,68.1026,70.5793,66.1477,67.8519,67718.384983679,0
VRTS.US,D,20200402,000000,66.8947,69.9307,63.8302,66.5586,84167.737859921,0
VRTS.US,D,20200403,000000,66.0966,68.534,58.8807,60.9702,65000.73659298,0
VRTS.US,D,20200406,000000,63.0223,68.4977,63.0223,67.1286,74408.215821886,0
VRTS.US,D,20200407,000000,70.4093,75.7805,67.0165,73.0983,96547.231671094,0
VRTS.US,D,20200408,000000,75.4345,76.2572,71.2722,74.955,50297.353255653,0
VRTS.US,D,20200409,000000,78.0489,79.9517,75.0601,79.3236,60854.567670441,0
VRTS.US,D,20200413,000000,77.9074,81.6362,75.6449,79.2008,63554.919160114,0
VRTS.US,D,20200414,000000,80.3625,83.8879,75.7904,76.9422,53009.914322521,0
VRTS.US,D,20200415,000000,74.9824,75.0306,71.8629,74.0458,72403.81023234,0
VRTS.US,D,20200416,000000,76.0056,76.0056,70.9518,72.4625,63428.753529097,0
VRTS.US,D,20200417,000000,74.6089,79.0976,74.21,75.6203,49879.175236717,0
VRTS.US,D,20200420,000000,75.0011,75.9849,71.2339,72.5637,47744.534157088,0
VRTS.US,D,20200421,000000,70.8496,72.5274,70.5292,71.8433,34959.071904175,0
VRTS.US,D,20200422,000000,73.1269,74.6404,70.5695,71.2339,78110.770106333,0
VRTS.US,D,20200423,000000,72.1705,73.0983,69.7351,70.2963,64219.323652487,0
VRTS.US,D,20200424,000000,70.7189,72.3947,68.882,70.9155,41535.964153326,0
VRTS.US,D,20200427,000000,72.0497,75.9771,71.7037,75.3383,46499.157283177,0
VRTS.US,D,20200428,000000,77.5417,78.0587,74.5805,76.8568,76507.245634695,0
VRTS.US,D,20200429,000000,80.4018,82.1787,78.6602,81.1487,71722.108838941,0
VRTS.US,D,20200430,000000,79.0484,80.5256,75.6016,76.7997,117625.03176909,0
VRTS.US,D,20200501,000000,79.5615,89.606,75.9889,87.8861,88916.24592409,0
VRTS.US,D,20200504,000000,88.2625,92.5173,85.6364,88.3696,78055.827008954,0
VRTS.US,D,20200505,000000,90.7127,93.7025,83.3749,83.3984,106246.72328792,0
VRTS.US,D,20200506,000000,84.7676,85.0526,82.2436,83.0564,35596.004847858,0
VRTS.US,D,20200507,000000,83.7651,86.2516,83.3984,84.7676,35406.756401332,0
VRTS.US,D,20200508,000000,85.9873,90.6596,85.9489,90.2193,49876.122842418,0
VRTS.US,D,20200511,000000,88.4051,89.1992,86.2438,86.459,56096.902423376,0
VRTS.US,D,20200512,000000,86.4688,86.4688,81.3934,81.6481,38891.573225797,0
VRTS.US,D,20200513,000000,80.8648,80.8648,76.3673,77.7,39446.091523413,0
VRTS.US,D,20200514,000000,74.664,79.7787,71.0668,78.3133,48289.895271807,0
VRTS.US,D,20200515,000000,77.5663,78.4086,75.8454,76.7368,43266.671720746,0
VRTS.US,D,20200518,000000,79.9487,84.5602,78.559,84.2574,41594.977109769,0
VRTS.US,D,20200519,000000,83.709,85.2688,80.1089,80.1089,27208.025314751,0
VRTS.US,D,20200520,000000,81.5723,84.4658,81.5723,83.6058,33415.577853747,0
VRTS.US,D,20200521,000000,83.2255,86.288,83.2255,84.171,34528.684308044,0
VRTS.US,D,20200522,000000,84.5209,86.4207,82.0746,85.825,46393.340947485,0
VRTS.US,D,20200526,000000,89.4832,94.1506,88.122,91.5992,41255.143877836,0
VRTS.US,D,20200527,000000,94.2568,96.5606,91.6769,94.1045,57624.117037543,0
VRTS.US,D,20200528,000000,96.14,96.14,87.9244,88.5584,60414.005426647,0
VRTS.US,D,20200529,000000,88.3598,89.319,86.7991,87.8674,56923.083813584,0
VRTS.US,D,20200601,000000,88.7658,102.166,88.7658,96.2569,88268.120867978,0
VRTS.US,D,20200602,000000,96.8908,102.146,94.646,99.3839,84749.727706226,0
VRTS.US,D,20200603,000000,102.451,107.797,101.871,107.119,78022.250671667,0
VRTS.US,D,20200604,000000,105.674,107.778,102.637,104.997,55445.724972965,0
VRTS.US,D,20200605,000000,107.65,112.456,102.588,105.134,115671.49941785,0
VRTS.US,D,20200608,000000,108.151,110.293,105.783,108.8,51765.554913376,0
VRTS.US,D,20200609,000000,105.753,109.616,104.869,107.817,48337.716115822,0
VRTS.US,D,20200610,000000,107.208,110.854,105.418,106.47,59417.907420472,0
VRTS.US,D,20200611,000000,101.507,104.967,95.8087,96.1694,76523.525070956,0
VRTS.US,D,20200612,000000,100.878,103.346,97.9592,103.08,42714.188352663,0
VRTS.US,D,20200615,000000,102.038,108.584,100.77,107.169,58633.44208568,0
VRTS.US,D,20200616,000000,112.859,113.341,107.886,109.518,59337.527703937,0
VRTS.US,D,20200617,000000,109.724,111.365,106.765,110.077,59185.925453763,0
VRTS.US,D,20200618,000000,109.035,111.217,107.365,110.569,49545.446793381,0
VRTS.US,D,20200619,000000,112.633,112.948,107.955,108.731,133126.10748317,0
VRTS.US,D,20200622,000000,108.063,108.741,105.743,108.318,39071.664489427,0
VRTS.US,D,20200623,000000,109.478,109.979,108.239,108.829,37872.073529998,0
VRTS.US,D,20200624,000000,107.198,109.999,103.532,103.866,47114.723466769,0
VRTS.US,D,20200625,000000,104.013,108.466,104.013,107.994,34843.08092082,0
VRTS.US,D,20200626,000000,106.254,106.254,100.397,101.144,144400.63455817,0
VRTS.US,D,20200629,000000,103.306,106.677,103.306,106.677,49083.517789496,0
VRTS.US,D,20200630,000000,105.41,110.225,105.41,109.891,41953.124707495,0
VRTS.US,D,20200701,000000,109.35,111.512,106.422,106.844,31456.958178683,0
VRTS.US,D,20200702,000000,110.019,110.814,107.031,107.807,41719.107811254,0
VRTS.US,D,20200706,000000,111.424,114.068,110.373,111.552,78946.108679438,0
VRTS.US,D,20200707,000000,110.373,126.186,107.984,120.761,104824.30754468,0
VRTS.US,D,20200708,000000,120.034,122.775,117.753,120.102,55054.001037952,0
VRTS.US,D,20200709,000000,120.693,123.139,113.635,115.316,43659.413120525,0
VRTS.US,D,20200710,000000,116.603,121.154,116.603,120.28,42946.170319372,0
VRTS.US,D,20200713,000000,123.935,123.935,116.132,117.301,64357.698860699,0
VRTS.US,D,20200714,000000,116.063,121.204,114.549,120.328,30068.118772728,0
VRTS.US,D,20200715,000000,124.29,124.299,121.813,122.589,56377.722698865,0
VRTS.US,D,20200716,000000,122.658,123.935,119.06,122.667,37482.384524517,0
VRTS.US,D,20200717,000000,122.226,122.226,119.817,120.328,47099.461495275,0
VRTS.US,D,20200720,000000,119.689,124.643,118.805,120.869,44105.06268815,0
VRTS.US,D,20200721,000000,121.931,124.947,121.41,124.083,22490.04119357,0
VRTS.US,D,20200722,000000,122.363,125.43,122.363,124.171,31812.05338211,0
VRTS.US,D,20200723,000000,122.845,126.107,122.835,124.879,61773.33835438,0
VRTS.US,D,20200724,000000,129.449,135.592,124.859,126.402,131950.93567813,0
VRTS.US,D,20200727,000000,128.781,134.01,127.366,131.002,42919.716235449,0
VRTS.US,D,20200728,000000,130.393,131.041,127.808,128.987,27842.923328902,0
VRTS.US,D,20200729,000000,128.662,133.832,128.043,131.179,32849.867443703,0
VRTS.US,D,20200730,000000,129.165,131.435,128.279,129.243,26377.774065477,0
VRTS.US,D,20200731,000000,128.634,129.538,125.803,129.066,32016.56380013,0
VRTS.US,D,20200803,000000,129.38,130.295,126.167,129.518,26550.743075742,0
VRTS.US,D,20200804,000000,129.774,129.774,126.255,128.407,41354.85542493,0
VRTS.US,D,20200805,000000,130.255,133.086,128.761,133.066,34104.40150051,0
VRTS.US,D,20200806,000000,132.437,133.273,130.845,131.72,28020.979662999,0
VRTS.US,D,20200807,000000,130.59,136.014,130.59,135.838,28535.81683473,0
VRTS.US,D,20200810,000000,135.808,138.737,133.391,135.375,28115.603886261,0
VRTS.US,D,20200811,000000,137.617,139.297,135.15,135.946,41650.937671914,0
VRTS.US,D,20200812,000000,138.481,140.771,135.061,137.646,42651.105537155,0
VRTS.US,D,20200813,000000,138.049,139.12,133.902,134.816,28899.051756287,0
VRTS.US,D,20200814,000000,133.341,137.391,133.341,135.435,24693.869877305,0
VRTS.US,D,20200817,000000,134.806,137.263,134.619,135.966,31533.268036153,0
VRTS.US,D,20200818,000000,135.611,137.224,133.105,133.105,32535.470830926,0
VRTS.US,D,20200819,000000,132.722,136.221,132.722,134.128,28215.315433356,0
VRTS.US,D,20200820,000000,133.046,136.074,132.82,133.273,39573.274619196,0
VRTS.US,D,20200821,000000,132.309,133.744,131.621,132.555,26209.892379043,0
VRTS.US,D,20200824,000000,134.373,134.678,131.975,132.968,57897.815059668,0
VRTS.US,D,20200825,000000,134.383,134.864,132.87,133.577,25958.578581775,0
VRTS.US,D,20200826,000000,134.118,134.128,130.796,132.054,20494.79278692,0
VRTS.US,D,20200827,000000,132.339,134.619,131.602,132.938,41445.409789128,0
VRTS.US,D,20200828,000000,133.538,133.922,130.56,132.162,44358.411414951,0
VRTS.US,D,20200831,000000,131.533,136.27,130.58,134.747,57338.209438222,0
VRTS.US,D,20200901,000000,133.842,136.88,133.636,135.052,41544.103871456,0
VRTS.US,D,20200902,000000,134.629,137.017,133.764,136.103,35932.785685492,0
VRTS.US,D,20200903,000000,136.624,137.076,132.79,134.049,52067.741948957,0
VRTS.US,D,20200904,000000,135.465,135.465,130.796,131.69,53358.904737351,0
VRTS.US,D,20200908,000000,129.646,129.646,124.977,126.284,48437.427662916,0
VRTS.US,D,20200909,000000,127.552,128.604,125.243,128.221,32868.181809495,0
VRTS.US,D,20200910,000000,129.518,130.275,125.184,125.793,52413.679969488,0
VRTS.US,D,20200911,000000,126.039,129.233,125.341,128.201,38841.71745225,0
VRTS.US,D,20200914,000000,128.81,130.924,127.376,129.636,25282.981976974,0
VRTS.US,D,20200915,000000,131.061,131.523,128.909,129.223,27888.709243384,0
VRTS.US,D,20200916,000000,128.948,134.01,128.948,132.702,50163.047906505,0
VRTS.US,D,20200917,000000,130.471,133.794,130.471,132.162,63921.20647597,0
VRTS.US,D,20200918,000000,133.607,134.874,131.493,132.113,153081.64394396,0
VRTS.US,D,20200921,000000,129.282,130.275,122.815,124.328,73213.712186289,0
VRTS.US,D,20200922,000000,124.633,130.127,124.388,129.193,76397.359439939,0
VRTS.US,D,20200923,000000,128.997,132.87,127.65,128.083,94858.240159091,0
VRTS.US,D,20200924,000000,128.073,129.145,125.262,126.658,80048.023021305,0
VRTS.US,D,20200925,000000,125.842,128.201,125.292,127.965,48125.065979672,0
VRTS.US,D,20200928,000000,129.96,133.027,128.201,131.523,40194.945591386,0
VRTS.US,D,20200929,000000,131.445,132.162,128.644,130.225,33632.297848962,0
VRTS.US,D,20200930,000000,131.002,133.842,130.756,131.67,39802.204191606,0
VRTS.US,D,20201001,000000,132.181,132.732,130.265,131.337,31958.568308453,0
VRTS.US,D,20201002,000000,129.037,135.926,128.398,135.228,51330.079993414,0
VRTS.US,D,20201005,000000,137.076,141.45,136.398,140.988,58981.415035743,0
VRTS.US,D,20201006,000000,143.081,143.081,137.872,138.324,73404.995562347,0
VRTS.US,D,20201007,000000,139.681,141.44,136.447,136.928,89532.829572448,0
VRTS.US,D,20201008,000000,138.442,146.836,138.442,146.492,69535.577056233,0
VRTS.US,D,20201009,000000,148.762,149.666,146.502,147.769,52301.758845199,0
VRTS.US,D,20201012,000000,148.939,150.079,147.209,148.634,54719.25512985,0
VRTS.US,D,20201013,000000,148.201,149.754,147.416,148.281,53471.843326406,0
VRTS.US,D,20201014,000000,148.86,151.435,147.189,150.846,46687.388264937,0
VRTS.US,D,20201015,000000,150.836,155.406,146.973,154.521,52650.749260029,0
VRTS.US,D,20201016,000000,153.902,157.833,152.684,156.595,33046.238143592,0
VRTS.US,D,20201019,000000,158.08,158.944,154.148,154.885,43073.353415155,0
VRTS.US,D,20201020,000000,155.956,158.727,155.956,158.325,34866.482610444,0
VRTS.US,D,20201021,000000,159.386,160.713,156.654,158.335,39362.659412579,0
VRTS.US,D,20201022,000000,158.709,161.519,157.401,160.487,62733.825093736,0
VRTS.US,D,20201023,000000,161.843,170.502,161.843,168.625,65954.101078972,0
VRTS.US,D,20201026,000000,169.087,171.79,163.348,164.438,56181.351998976,0
VRTS.US,D,20201027,000000,165.411,165.411,156.182,157.303,55015.337376834,0
VRTS.US,D,20201028,000000,153.371,156.517,150.973,151.121,47908.345984457,0
VRTS.US,D,20201029,000000,150.118,152.556,148.644,151.514,46212.23221909,0
VRTS.US,D,20201030,000000,150.325,152.752,150.255,152.301,50876.290707659,0
VRTS.US,D,20201102,000000,154.275,157.489,152.172,155.848,68541.51397959,0
VRTS.US,D,20201103,000000,158.639,161.116,156.026,158.03,78782.296852069,0
VRTS.US,D,20201104,000000,156.595,164.045,154.738,160.743,64929.514059341,0
VRTS.US,D,20201105,000000,162.767,167.672,162.767,166.364,56214.928336263,0
VRTS.US,D,20201106,000000,167.79,167.79,160.861,161.332,47456.591628235,0
VRTS.US,D,20201109,000000,167.151,174.63,164.989,165.372,70311.902672895,0
VRTS.US,D,20201110,000000,167.868,171.81,166.394,169.313,67420.267807163,0
VRTS.US,D,20201111,000000,170.856,172.183,169.155,171.181,61045.851046499,0
VRTS.US,D,20201112,000000,169.451,171.731,165.5,167.544,57990.404353399,0
VRTS.US,D,20201113,000000,169.529,174.493,168.88,173.509,43158.820455522,0
VRTS.US,D,20201116,000000,176.074,181.156,175.17,178.276,75587.45748599,0
VRTS.US,D,20201117,000000,176.694,183.662,174.335,182.001,111989.29442873,0
VRTS.US,D,20201118,000000,182.768,186.031,174.375,174.601,145706.04185329,0
VRTS.US,D,20201119,000000,173.431,174.944,167.023,171.249,64629.361953292,0
VRTS.US,D,20201120,000000,170.876,171.928,166.247,170.61,57777.754217249,0
VRTS.US,D,20201123,000000,170.738,175.662,170.738,174.355,56006.348059178,0
VRTS.US,D,20201124,000000,175.81,179.368,171.652,175.387,88612.023958976,0
VRTS.US,D,20201125,000000,174.513,175.839,171.309,174.296,44924.121824995,0
VRTS.US,D,20201127,000000,174.306,177.579,173.018,176.704,25127.309867735,0
VRTS.US,D,20201130,000000,176.586,176.586,169.097,170.738,49174.072153694,0
VRTS.US,D,20201201,000000,171.564,173.363,170.394,171.721,27040.143628317,0
VRTS.US,D,20201202,000000,171.701,177.234,171.337,176.016,46080.979264241,0
VRTS.US,D,20201203,000000,176.91,191.653,176.91,190.454,63416.543951902,0
VRTS.US,D,20201204,000000,190.906,197.265,188.518,196.626,43115.069470572,0
VRTS.US,D,20201207,000000,197.196,197.196,194.621,196.272,52449.291236308,0
VRTS.US,D,20201208,000000,195.751,204.843,195.751,204.578,83006.81056161,0
VRTS.US,D,20201209,000000,206.74,206.74,199.496,203.418,72742.625999507,0
VRTS.US,D,20201210,000000,200.646,207.103,200.646,204.46,36840.364257003,0
VRTS.US,D,20201211,000000,202.041,204.705,199.977,201.226,41933.792876936,0
VRTS.US,D,20201214,000000,204.095,206.454,193.048,194.916,66190.152904746,0
VRTS.US,D,20201215,000000,196.626,207.221,195.791,204.037,89239.799719763,0
VRTS.US,D,20201216,000000,206.051,207.417,200.734,203.309,78546.245026295,0
VRTS.US,D,20201217,000000,205.786,206.67,199.811,205.059,69999.54098965,0
VRTS.US,D,20201218,000000,205.059,205.059,197.933,198.985,169018.19457801,0
VRTS.US,D,20201221,000000,196.803,199.506,194.042,195.457,65312.080811458,0
VRTS.US,D,20201222,000000,197.108,200.42,193.894,198.051,30420.161581857,0
VRTS.US,D,20201223,000000,200.675,204.233,198.817,202.396,26731.851804138,0
VRTS.US,D,20201224,000000,202.985,205.383,201.059,205.098,30015.210604882,0
VRTS.US,D,20201228,000000,207.486,208.558,203.309,203.761,34624.325996073,0
VRTS.US,D,20201229,000000,203.712,204.774,198.847,202.041,24363.193828268,0
VRTS.US,D,20201230,000000,202.926,206.562,202.926,205.363,29278.566114105,0
VRTS.US,D,20201231,000000,204.351,207.408,203.84,207.133,29845.293988916,0
VRTS.US,D,20210104,000000,209.599,210.277,200.951,202.955,54042.641060282,0
VRTS.US,D,20210105,000000,205.933,209.992,204.498,205.845,47855.437816611,0
VRTS.US,D,20210106,000000,206.818,225.658,206.818,219.32,84879.963196308,0
VRTS.US,D,20210107,000000,219.663,222.248,218.258,221.649,32653.496743813,0
VRTS.US,D,20210108,000000,222.386,225.266,218.396,223.231,42501.538216513,0
VRTS.US,D,20210111,000000,221.915,229.069,217.953,222.406,43272.776509344,0
VRTS.US,D,20210112,000000,224.45,226.455,222.337,223.811,37968.732682793,0
VRTS.US,D,20210113,000000,223.182,225.266,221.905,223.182,54041.623595516,0
VRTS.US,D,20210114,000000,225.157,227.497,223.133,224.646,57163.205498424,0
VRTS.US,D,20210115,000000,221.442,222.652,214.799,216.647,78905.410088787,0
VRTS.US,D,20210119,000000,220.096,221.55,210.12,213.196,90218.600824912,0
VRTS.US,D,20210120,000000,213.511,215.29,213.059,214.523,54877.979633387,0
VRTS.US,D,20210121,000000,216.941,216.941,209.746,209.864,58017.875902088,0
VRTS.US,D,20210122,000000,207.153,213.786,204.085,212.872,74301.382021428,0
VRTS.US,D,20210125,000000,214.435,214.445,205.796,206.209,67674.63399873,0
VRTS.US,D,20210126,000000,206.926,208.99,203.3,206.906,26830.545886466,0
VRTS.US,D,20210127,000000,201.059,203.899,191.8,194.641,75367.685096476,0
VRTS.US,D,20210128,000000,198.278,209.599,198.278,208.165,69748.227192383,0
VRTS.US,D,20210129,000000,206.572,206.572,198.493,201.255,84276.606589912,0
VRTS.US,D,20210201,000000,203.653,213.433,202.297,212.411,48416.060902824,0
VRTS.US,D,20210202,000000,230.003,236.725,215.683,224.293,107213.31481587,0
VRTS.US,D,20210203,000000,227.929,228.539,218.032,222.602,70944.765757513,0
VRTS.US,D,20210204,000000,222.386,228.391,222.386,226.317,45099.125764793,0
VRTS.US,D,20210205,000000,230.279,231.595,225.954,231.595,39910.055456831,0
VRTS.US,D,20210208,000000,233.365,235.665,232.352,235.547,29021.147528239,0
VRTS.US,D,20210209,000000,233.748,241.728,233.423,239.655,43261.584396915,0
VRTS.US,D,20210210,000000,242.8,249.188,242.003,242.907,53176.778544189,0
VRTS.US,D,20210211,000000,245.443,245.443,232.185,244.402,34300.7722004,0
VRTS.US,D,20210212,000000,241.59,247.419,241.59,247.203,22412.713871334,0
VRTS.US,D,20210216,000000,247.979,252.058,246.161,251.291,42548.341595762,0
VRTS.US,D,20210217,000000,248.706,249.405,242.358,242.927,35533.939497116,0
VRTS.US,D,20210218,000000,242.603,243.616,235.389,238.633,45835.770255571,0
VRTS.US,D,20210219,000000,244.392,244.392,232.686,236.715,76384.132397977,0
VRTS.US,D,20210222,000000,233.797,236.715,230.818,233.118,37563.781705819,0
VRTS.US,D,20210223,000000,231.615,246.712,226.642,244.676,59293.776718987,0
VRTS.US,D,20210224,000000,246.967,251.89,245.384,247.497,36630.766515152,0
VRTS.US,D,20210225,000000,247.065,248.706,240.097,240.45,32609.745758864,0
VRTS.US,D,20210226,000000,241.001,244.235,235.045,240.45,41384.361903152,0
VRTS.US,D,20210301,000000,245.345,255.881,245.345,252.795,61348.038082081,0
VRTS.US,D,20210302,000000,245.492,249.601,241.217,243.173,49870.01805382,0
VRTS.US,D,20210303,000000,245.473,258.771,232.892,235.733,153460.14083702,0
VRTS.US,D,20210304,000000,237.767,237.767,220.116,227.91,87746.161442883,0
VRTS.US,D,20210305,000000,232.981,235.665,221.973,235.665,47926.66035025,0
VRTS.US,D,20210308,000000,236.785,242.544,233.531,235.399,51052.312112223,0
VRTS.US,D,20210309,000000,238.888,246.722,234.416,243.428,61758.076382886,0
VRTS.US,D,20210310,000000,246.947,255.577,246.947,248.598,46659.916716247,0
VRTS.US,D,20210311,000000,252.186,255.685,247.724,249.808,44955.66323275,0
VRTS.US,D,20210312,000000,248.283,250.102,244.638,248.51,40024.011510653,0
VRTS.US,D,20210315,000000,251.675,251.675,246.092,250.751,31791.704086785,0
VRTS.US,D,20210316,000000,251.399,251.399,245.237,246.702,32766.435332869,0
VRTS.US,D,20210317,000000,245.247,251.351,242.79,250.22,31629.927188948,0
VRTS.US,D,20210318,000000,248.097,252.068,241.758,244.412,47396.561207025,0
VRTS.US,D,20210319,000000,242.239,250.446,238.514,245.66,101365.94480414,0
VRTS.US,D,20210322,000000,247.556,247.832,240.067,242.466,27078.807289435,0
VRTS.US,D,20210323,000000,240.402,240.923,229.315,230.603,34266.178398347,0
VRTS.US,D,20210324,000000,232.303,237.424,224.224,225.462,52486.93743266,0
VRTS.US,D,20210325,000000,225.295,227.988,216.961,224.951,29917.533987321,0
VRTS.US,D,20210326,000000,228.774,232.509,224.145,230.082,59312.09108478,0
VRTS.US,D,20210329,000000,225.482,232.342,221.472,230.003,70335.304362519,0
VRTS.US,D,20210330,000000,229.463,230.918,224.411,228.716,32913.967723977,0
VRTS.US,D,20210331,000000,227.9,230.092,222.524,225.688,70733.133086129,0
VRTS.US,D,20210401,000000,229.05,234.917,229.05,230.918,29610.259627908,0
VRTS.US,D,20210405,000000,233.335,236.529,230.691,235.625,32655.531673346,0
VRTS.US,D,20210406,000000,235.988,237.679,230.279,234.956,98749.025425296,0
VRTS.US,D,20210407,000000,236.549,239.173,231.231,232.569,30229.895670565,0
VRTS.US,D,20210408,000000,234.789,237.198,232.401,237.198,38198.679719969,0
VRTS.US,D,20210409,000000,237.236,244.117,237.236,242.396,46940.736991737,0
VRTS.US,D,20210412,000000,241.502,245.159,238.564,243.399,26849.877717025,0
VRTS.US,D,20210413,000000,243.428,247.478,235.477,241.079,30190.21454468,0
VRTS.US,D,20210414,000000,239.861,247.714,239.861,244.431,33209.032506195,0
VRTS.US,D,20210415,000000,246.092,247.792,244.854,245.964,25713.369573105,0
VRTS.US,D,20210416,000000,248.618,253.621,246.554,249.188,55623.781307061,0
VRTS.US,D,20210419,000000,246.928,249.188,241.955,245.994,38693.167596375,0
VRTS.US,D,20210420,000000,243.616,249.365,236.687,238.033,41214.445287185,0
VRTS.US,D,20210421,000000,236.912,243.301,235.949,242.947,28834.951476012,0
VRTS.US,D,20210422,000000,244.726,248.756,240.48,241.178,31346.05451916,0
VRTS.US,D,20210423,000000,243.045,248.401,243.045,246.111,36319.422296674,0
VRTS.US,D,20210426,000000,246.111,251.655,246.111,250.78,40302.79685661,0
VRTS.US,D,20210427,000000,249.964,258.771,248.894,249.817,93603.706102283,0
VRTS.US,D,20210428,000000,258.771,263.548,251.449,260.756,79740.748661893,0
VRTS.US,D,20210429,000000,264.343,267.056,259.861,265.277,74668.686802051,0
VRTS.US,D,20210430,000000,260.432,267.183,256.254,262.869,53850.340219458,0
VRTS.US,D,20210503,000000,265.886,267.026,260.963,263.566,63974.114643816,0
VRTS.US,D,20210504,000000,262.869,271.066,257.611,259.448,60565.607676821,0
VRTS.US,D,20210505,000000,259.448,264.608,257.67,263.39,47934.80006838,0
VRTS.US,D,20210506,000000,263.39,266.702,259.586,266.113,45519.338713262,0
VRTS.US,D,20210507,000000,262.534,269.739,262.534,264.913,48724.352727003,0
VRTS.US,D,20210510,000000,266.496,267.744,257.66,259.154,54847.455690399,0
VRTS.US,D,20210511,000000,256.048,256.825,249.493,253.453,67249.33372643,0
VRTS.US,D,20210512,000000,253.424,256.746,241.866,242.8,68506.920177537,0
VRTS.US,D,20210513,000000,242.111,251.085,242.111,249.689,62479.45890217,0
VRTS.US,D,20210514,000000,252.402,263.566,248.048,257.65,75718.710440838,0
VRTS.US,D,20210517,000000,254.26,264.628,251.852,262.957,86411.24766954,0
VRTS.US,D,20210518,000000,264.107,273.956,264.107,265.798,101209.25523013,0
VRTS.US,D,20210519,000000,260.176,266.417,255.272,260.019,53708.912616946,0
VRTS.US,D,20210520,000000,260.215,268.796,258.751,267.233,55419.270889042,0
VRTS.US,D,20210521,000000,271.046,274.84,266.368,266.722,49264.626517891,0
VRTS.US,D,20210524,000000,268.127,270.437,264.913,267.744,31809.000987811,0
VRTS.US,D,20210525,000000,269.886,273.641,260.697,262.436,50606.662544598,0
VRTS.US,D,20210526,000000,262.781,268.451,260.215,265.896,54462.85400875,0
VRTS.US,D,20210527,000000,267.685,269.592,266.525,267.508,56321.762136721,0
VRTS.US,D,20210528,000000,268.658,271.282,264.039,270.329,45345.35223823,0
VRTS.US,D,20210601,000000,273.474,277.965,273.1,275.99,64897.972651587,0
VRTS.US,D,20210602,000000,276.068,288.894,272.038,284.217,113873.63917586,0
VRTS.US,D,20210603,000000,280.963,287.754,273.877,286.614,48942.090186985,0
VRTS.US,D,20210604,000000,287.421,287.469,280.737,282.85,43144.575948794,0
VRTS.US,D,20210607,000000,285.297,287.253,279.666,279.666,48455.742028709,0
VRTS.US,D,20210608,000000,279.322,286.172,277.7,284.904,36962.460028955,0
VRTS.US,D,20210609,000000,284.826,284.826,278.024,278.024,33960.938968466,0
VRTS.US,D,20210610,000000,282.241,283.263,277.827,280.452,43921.919030222,0
VRTS.US,D,20210611,000000,280.089,284.187,278.31,282.359,39960.928695144,0
VRTS.US,D,20210614,000000,281.514,284.285,277.817,278.771,41629.570911822,0
VRTS.US,D,20210615,000000,279.921,280.54,275.469,277.396,43709.268894072,0
VRTS.US,D,20210616,000000,275.754,277.484,272.393,274.074,41869.692596661,0
VRTS.US,D,20210617,000000,273.601,274.761,263.145,265.955,49282.940883684,0
VRTS.US,D,20210618,000000,260.785,262.289,252.677,253.405,67546.43343818,0
VRTS.US,D,20210621,000000,255.104,260.815,255.104,260.274,35849.353574658,0
VRTS.US,D,20210622,000000,261.464,263.429,257.394,263.429,45217.15167768,0
VRTS.US,D,20210623,000000,263.459,265.975,261.611,263.646,36350.963704428,0
VRTS.US,D,20210624,000000,266.407,271.204,260.599,263.675,35831.039208866,0
VRTS.US,D,20210625,000000,262.869,269.149,262.712,264.147,367931.53891848,0
VRTS.US,D,20210628,000000,266.083,269.169,259.636,264.245,72406.862626639,0
VRTS.US,D,20210629,000000,264.835,268.363,260.913,260.913,34223.444878163,0
VRTS.US,D,20210630,000000,261.867,267.832,257.797,267.017,60140.307404521,0
VRTS.US,D,20210701,000000,269.051,269.307,263.666,266.024,24116.967354831,0
VRTS.US,D,20210702,000000,265.936,267.626,263.075,263.911,27216.165032881,0
VRTS.US,D,20210706,000000,263.459,263.881,259.704,261.375,50849.836623736,0
VRTS.US,D,20210707,000000,260.707,264.688,256.874,262.043,42570.725820619,0
VRTS.US,D,20210708,000000,256.599,260.855,252.058,255.773,46234.616443948,0
VRTS.US,D,20210709,000000,260.137,265.65,256.234,265.552,37011.298337735,0
VRTS.US,D,20210712,000000,264.972,271.509,263.881,270.781,26460.188711545,0
VRTS.US,D,20210713,000000,270.978,276.452,264.353,266.073,52666.011231523,0
VRTS.US,D,20210714,000000,267.046,267.046,253.65,258.112,62973.946778576,0
VRTS.US,D,20210715,000000,255.615,258.721,251.124,254.721,32201.74238759,0
VRTS.US,D,20210716,000000,255.783,255.783,250.2,251.684,43762.177061918,0
VRTS.US,D,20210719,000000,245.129,245.62,238.839,240.805,41785.243021061,0
VRTS.US,D,20210720,000000,240.284,251.164,236.146,248.205,56437.753120075,0
VRTS.US,D,20210721,000000,251.016,256.038,249.866,254.22,37513.925932271,0
VRTS.US,D,20210722,000000,253.66,254.731,248.137,252.176,38516.128727045,0
VRTS.US,D,20210723,000000,253.12,255.114,249.385,254.731,36472.042011614,0
VRTS.US,D,20210726,000000,257.493,257.611,253.277,255.95,26151.896887366,0
VRTS.US,D,20210727,000000,253.581,255.459,250.849,252.618,41395.554015581,0
VRTS.US,D,20210728,000000,256.343,260.717,247.714,258.604,50061.301429879,0
VRTS.US,D,20210729,000000,263.213,266.259,261.758,264.245,29102.544709541,0
VRTS.US,D,20210730,000000,261.65,269.287,261.65,266.241,34791.19021774,0
VRTS.US,D,20210802,000000,268.019,275.813,265.896,267.685,42995.008628153,0
VRTS.US,D,20210803,000000,269.66,274.623,267.066,271.527,53325.328400064,0
VRTS.US,D,20210804,000000,268.275,275.597,265.474,274.761,47544.093598133,0
VRTS.US,D,20210805,000000,302.752,302.752,287.263,298.438,152601.40057429,0
VRTS.US,D,20210806,000000,302.428,305.465,291.961,301.484,77069.903650441,0
VRTS.US,D,20210809,000000,303.538,303.736,297.573,301.504,49943.275516992,0
VRTS.US,D,20210810,000000,301.73,304.315,297.985,299.873,47295.832195164,0
VRTS.US,D,20210811,000000,299.578,300.296,294.968,299.637,24220.748760991,0
VRTS.US,D,20210812,000000,300.767,303.087,295.499,301.141,19677.768579608,0
VRTS.US,D,20210813,000000,300.797,304.079,299.538,301.878,31829.350283137,0
VRTS.US,D,20210816,000000,298.998,302.802,297.995,301.681,24409.997207516,0
VRTS.US,D,20210817,000000,297.819,302.546,297.819,302.438,55282.930610362,0
VRTS.US,D,20210818,000000,302.556,304.305,293.485,294.182,37935.156345506,0
VRTS.US,D,20210819,000000,293.789,293.789,281.552,288.737,82589.650007441,0
VRTS.US,D,20210820,000000,287.351,292.423,284.197,288.217,45007.553935829,0
VRTS.US,D,20210823,000000,289.779,296.089,289.268,294.959,24307.233266123,0
VRTS.US,D,20210824,000000,296.629,299.136,292.256,297.642,32147.816754978,0
VRTS.US,D,20210825,000000,299.49,303.736,299.087,300.64,38653.486470491,0
VRTS.US,D,20210826,000000,300.64,300.64,289.956,292.934,46076.909405176,0
VRTS.US,D,20210827,000000,294.615,306.438,293.917,305.672,45929.377014067,0
VRTS.US,D,20210830,000000,307.667,307.667,299.332,300.04,26018.609002985,0
VRTS.US,D,20210831,000000,301.897,304.58,298.074,301.504,47181.876141342,0
VRTS.US,D,20210901,000000,301.337,303.834,298.576,303.342,43611.592276511,0
VRTS.US,D,20210902,000000,305.534,310.036,304.954,307.391,60617.498379901,0
VRTS.US,D,20210903,000000,308.119,310.713,302.241,305.642,26988.252925237,0
VRTS.US,D,20210907,000000,304.05,305.524,302.497,302.624,27419.657986135,0
VRTS.US,D,20210908,000000,300.472,303.067,298.664,301.937,32800.011670156,0
VRTS.US,D,20210909,000000,302.566,308.099,301.544,305.043,42250.224419245,0
VRTS.US,D,20210910,000000,307.539,307.539,300.58,301.484,30027.420182077,0
VRTS.US,D,20210913,000000,302.31,305.819,302.31,305.554,31102.880440022,0
VRTS.US,D,20210914,000000,307.882,310.477,302.35,304.227,75995.460857263,0
VRTS.US,D,20210915,000000,303.352,312.63,303.352,311.579,25663.513799557,0
VRTS.US,D,20210916,000000,313.16,314.33,308.483,313.711,34991.630776695,0
VRTS.US,D,20210917,000000,314.517,315.254,302.88,310.104,100162.28398564,0
VRTS.US,D,20210920,000000,302.861,303.538,286.231,292.816,55280.895680829,0
VRTS.US,D,20210921,000000,297.829,297.937,292.374,292.904,29989.773985726,0
VRTS.US,D,20210922,000000,296.344,305.544,296.344,300.502,37322.642556213,0
VRTS.US,D,20210923,000000,303.018,314.134,303.018,310.497,50308.545368081,0
VRTS.US,D,20210924,000000,308.178,314.566,308.178,312.11,26876.331800948,0
VRTS.US,D,20210927,000000,312.541,321.111,311.391,312.148,45540.705473353,0
VRTS.US,D,20210928,000000,308.994,309.259,297.534,301.77,34571.417828227,0
VRTS.US,D,20210929,000000,303.834,303.902,297.465,300.679,29622.469205103,0
VRTS.US,D,20210930,000000,301.74,305.603,298.919,299.224,57223.235919633,0
VRTS.US,D,20211001,000000,302.055,303.844,296.551,303.529,40949.904447956,0
VRTS.US,D,20211004,000000,303.726,305.868,297.15,304.167,56396.037064658,0
VRTS.US,D,20211005,000000,305.043,314.32,305.043,310.006,35345.708515356,0
VRTS.US,D,20211006,000000,308.423,309.17,302.241,307.676,28516.485004171,0
VRTS.US,D,20211007,000000,312.423,314.901,310.104,310.104,28294.677685124,0
VRTS.US,D,20211008,000000,312.886,317.741,310.91,313.367,34399.466282728,0
VRTS.US,D,20211011,000000,312.198,314.566,306.006,306.035,19997.252516215,0
VRTS.US,D,20211012,000000,305.357,306.615,297.396,299.293,32029.790842091,0
VRTS.US,D,20211013,000000,302.055,302.055,295.785,298.909,26009.451820088,0
VRTS.US,D,20211014,000000,306.595,310.655,303.107,308.934,37878.178318595,0
VRTS.US,D,20211015,000000,315.843,318.949,308.768,310.134,44673.825492494,0
VRTS.US,D,20211018,000000,307.519,309.829,305.141,306.752,31016.395934889,0
VRTS.US,D,20211019,000000,307.991,313.809,306.762,313.809,26086.779142325,0
VRTS.US,D,20211020,000000,313.809,319.943,309.613,311.372,32996.382370045,0
VRTS.US,D,20211021,000000,313.18,316.767,306.271,309.711,54102.671481492,0
VRTS.US,D,20211022,000000,311.431,314.812,310.212,313.455,21010.647423418,0
VRTS.US,D,20211025,000000,315.421,321.476,315.018,321.033,37445.755792932,0
VRTS.US,D,20211026,000000,322.92,326.675,318.458,320.129,41805.592316387,0
VRTS.US,D,20211027,000000,303.323,312.138,296.817,298.251,65763.83516768,0
VRTS.US,D,20211028,000000,299.382,307.362,294.87,301.524,66807.75401787,0
VRTS.US,D,20211029,000000,301.524,312.1,301.524,310.046,54612.421329392,0
VRTS.US,D,20211101,000000,312.758,313.16,307.784,312.551,39858.164753751,0
VRTS.US,D,20211102,000000,314.419,320.935,309.78,312.729,50156.943117908,0
VRTS.US,D,20211103,000000,313.937,321.093,313.937,318.232,52721.971793667,0
VRTS.US,D,20211104,000000,318.095,321.191,314.164,316.316,44949.558444152,0
VRTS.US,D,20211105,000000,319.834,324.581,317.406,318.783,41833.063865076,0
VRTS.US,D,20211108,000000,323.147,323.147,317.023,317.22,32089.821263301,0
VRTS.US,D,20211109,000000,317.917,317.917,306.153,307.519,61084.514707617,0
VRTS.US,D,20211110,000000,307.991,311.382,305.209,307.155,45118.457595352,0
VRTS.US,D,20211111,000000,308.896,317.396,308.61,314.901,37932.103951207,0
VRTS.US,D,20211112,000000,320.178,324.856,318.841,323.087,44649.406338103,0
VRTS.US,D,20211115,000000,326.311,326.311,318.586,320.63,52730.111511797,0
VRTS.US,D,20211116,000000,319.568,319.568,315.805,316.767,32742.016178478,0
VRTS.US,D,20211117,000000,316.679,316.679,311.706,312.503,66519.811489017,0
VRTS.US,D,20211118,000000,313.681,316.228,308.109,311.313,49396.896937506,0
VRTS.US,D,20211119,000000,308.551,315.018,304.227,306.419,59759.775581937,0
VRTS.US,D,20211122,000000,310.458,312.561,303.293,304.109,52154.22645409,0
VRTS.US,D,20211123,000000,305.269,309.013,301.897,305.387,42387.582162691,0
VRTS.US,D,20211124,000000,304.66,308.325,301.574,306.173,34179.693893214,0
VRTS.US,D,20211126,000000,297.16,298.232,288.826,294.988,26521.236597521,0
VRTS.US,D,20211129,000000,297.16,298.438,290.221,293.936,72413.984880003,0
VRTS.US,D,20211130,000000,290.723,294.054,283.578,288.128,76688.354363091,0
VRTS.US,D,20211201,000000,289.897,299.873,277.759,279.125,86761.255549136,0
VRTS.US,D,20211202,000000,279.479,294.025,279.479,293.14,51486.769567419,0
VRTS.US,D,20211203,000000,293.082,293.082,278.859,282.664,100692.38312887,0
VRTS.US,D,20211206,000000,286.938,287.253,282.997,284.177,39164.253783157,0
VRTS.US,D,20211207,000000,288.59,296.807,288.049,290.634,55070.280474212,0
VRTS.US,D,20211208,000000,291.234,294.035,289.219,291.244,33775.760381006,0
VRTS.US,D,20211209,000000,289.641,289.641,283.332,285.405,48833.221456994,0
VRTS.US,D,20211210,000000,288.551,289.249,283.656,284.61,29721.163287431,0
VRTS.US,D,20211213,000000,285.199,292.315,275.745,276.629,49696.031578789,0
VRTS.US,D,20211214,000000,274.801,280.344,271.292,275.98,109733.57504192,0
VRTS.US,D,20211215,000000,277.228,280.963,273.07,274.633,105841.77231094,0
VRTS.US,D,20211216,000000,279.096,286.782,279.096,280.923,57365.680986911,0
VRTS.US,D,20211217,000000,278.378,282.093,270.702,280.717,138760.82735875,0
VRTS.US,D,20211220,000000,275.41,275.41,264.58,270.152,74251.526247881,0
VRTS.US,D,20211221,000000,274.673,282.438,274.673,280.246,41912.426116845,0
VRTS.US,D,20211222,000000,280.668,283.105,280.019,282.035,38989.249843359,0
VRTS.US,D,20211223,000000,284.403,290.202,284.403,287.243,31129.334523945,0
VRTS.US,D,20211227,000000,289.513,290.723,285.985,288.56,38002.30902008,0
VRTS.US,D,20211228,000000,289.249,292.747,288.345,288.944,31636.031977546,0
VRTS.US,D,20211229,000000,288.934,290.261,285.464,287.489,27178.518836529,0
VRTS.US,D,20211230,000000,288.767,292.767,287.283,288.177,26177.333506522,0
VRTS.US,D,20211231,000000,287.744,290.369,285.249,287.862,31881.240986216,0
VRTS.US,D,20220103,000000,290.683,293.485,277.288,281.061,107323.20101063,0
VRTS.US,D,20220104,000000,283.46,289.485,283.46,287.283,44852.899291357,0
VRTS.US,D,20220105,000000,287.97,287.97,275.763,277.346,63518.290428528,0
VRTS.US,D,20220106,000000,278.083,278.083,270.093,275.38,42260.399066908,0
VRTS.US,D,20220107,000000,276.845,283.676,275.351,280.993,72989.86993771,0
VRTS.US,D,20220110,000000,280.256,280.256,270.958,278.073,62976.999172874,0
VRTS.US,D,20220111,000000,278.889,282.791,275.4,282.536,43225.973130096,0
VRTS.US,D,20220112,000000,285.169,286.231,282.556,283.882,63180.492126128,0
VRTS.US,D,20220113,000000,286.025,286.025,276.147,276.147,38097.950708109,0
VRTS.US,D,20220114,000000,272.304,276.354,267.734,275.459,47086.234453313,0
VRTS.US,D,20220118,000000,272.697,276.875,270.751,274.515,82783.985777798,0
VRTS.US,D,20220119,000000,276.855,276.855,267.311,268.373,99228.251330208,0
VRTS.US,D,20220120,000000,270.86,275.184,263.636,265.365,89181.804228086,0
VRTS.US,D,20220121,000000,261.434,262.534,253.12,253.375,101636.59043196,0
VRTS.US,D,20220124,000000,247.822,255.625,238.386,254.26,92467.197958363,0
VRTS.US,D,20220125,000000,250.427,255.282,242.279,244.215,79248.295715019,0
VRTS.US,D,20220126,000000,248.225,251.792,238.731,242.073,89831.964213731,0
VRTS.US,D,20220127,000000,243.861,248.343,237.531,239.202,58619.197578952,0
VRTS.US,D,20220128,000000,240.224,241.581,232.942,241.581,69225.250302521,0
VRTS.US,D,20220131,000000,241.286,255.085,241.286,255.076,68211.855395319,0
VRTS.US,D,20220201,000000,256.274,257.326,249.493,255.38,98887.400633509,0
VRTS.US,D,20220202,000000,254.171,254.171,248.736,251.97,65734.328689458,0
VRTS.US,D,20220203,000000,248.077,251.684,242.957,244.117,65362.954049771,0
VRTS.US,D,20220204,000000,261.502,266.142,248.726,262.692,75166.227072755,0
VRTS.US,D,20220207,000000,261.257,264.698,252.136,254.21,56026.697354503,0
VRTS.US,D,20220208,000000,254.839,259.252,254.839,256.244,34964.159228006,0
VRTS.US,D,20220209,000000,260.147,263.96,256.51,263.193,57932.408861722,0
VRTS.US,D,20220210,000000,259.134,263.754,250.141,252.343,78208.446723894,0
VRTS.US,D,20220211,000000,253.925,258.308,248.146,249.768,48530.016956646,0
VRTS.US,D,20220214,000000,249.63,251.389,244.303,246.986,59567.474741113,0
VRTS.US,D,20220215,000000,251.537,258.053,250.702,255.419,39128.642516338,0
VRTS.US,D,20220216,000000,255.39,258.053,253.797,257.296,31198.522128051,0
VRTS.US,D,20220217,000000,253.561,255.606,244.254,244.608,39249.720823523,0
VRTS.US,D,20220218,000000,244.205,249.423,243.075,246.053,36553.439192915,0
VRTS.US,D,20220222,000000,245.187,248.864,238.358,243.851,47715.027678866,0
VRTS.US,D,20220223,000000,244.598,247.271,233.601,233.689,58563.237016807,0
VRTS.US,D,20220224,000000,225.61,236.697,224.332,235.242,76618.149294219,0
VRTS.US,D,20220225,000000,237.531,242.721,237.011,241.983,40552.075724345,0
VRTS.US,D,20220228,000000,238.859,240.51,230.603,234.543,95119.728604021,0
VRTS.US,D,20220301,000000,232.725,235.821,222.023,225.56,63246.627335935,0
VRTS.US,D,20220302,000000,228.352,236.018,227.291,234.032,45956.848562757,0
VRTS.US,D,20220303,000000,236.45,236.49,226.848,228.774,49381.634966012,0
VRTS.US,D,20220304,000000,225.64,225.64,212.331,214.818,71248.987722627,0
VRTS.US,D,20220307,000000,213.776,216.126,201.51,201.51,82182.664100934,0
VRTS.US,D,20220308,000000,204.243,208.135,198.611,200.853,82078.882694775,0
VRTS.US,D,20220309,000000,207.536,214.337,206.562,211.575,45677.045752033,0
VRTS.US,D,20220310,000000,208.223,211.162,203.319,207.309,50208.833820987,0
VRTS.US,D,20220311,000000,210.936,212.312,205.462,206.297,35983.658923806,0
VRTS.US,D,20220314,000000,208.597,214.828,206.759,208.253,43324.667212423,0
VRTS.US,D,20220315,000000,208.852,214.573,208.852,212.695,59725.181779884,0
VRTS.US,D,20220316,000000,217.148,228.499,212.95,225.512,59886.958677721,0
VRTS.US,D,20220317,000000,224.971,231.546,217.806,230.78,45278.199563656,0
VRTS.US,D,20220318,000000,230.18,232.922,226.307,232.489,104637.09402768,0
VRTS.US,D,20220321,000000,236.224,238.396,232.096,233.816,73680.728514005,0
VRTS.US,D,20220322,000000,236.264,242.171,235.88,237.04,46872.566852397,0
VRTS.US,D,20220323,000000,235.615,237.551,230.505,231.958,36151.54061024,0
VRTS.US,D,20220324,000000,234.387,237.128,232.411,235.575,28527.6771166,0
VRTS.US,D,20220325,000000,237.463,238.603,236.401,238.358,30949.243260316,0
VRTS.US,D,20220328,000000,237.571,237.571,231.654,234.16,24531.075514702,0
VRTS.US,D,20220329,000000,237.561,243.065,237.561,241.129,45202.907170953,0
VRTS.US,D,20220330,000000,240.166,241.217,235.448,236.411,30308.240457567,0
VRTS.US,D,20220331,000000,236.942,239.605,233.689,233.934,31789.669157252,0
VRTS.US,D,20220401,000000,236.018,238.741,232.106,233.679,39150.009276429,0
VRTS.US,D,20220404,000000,234.122,236.176,231.291,231.635,35870.72033475,0
VRTS.US,D,20220405,000000,232.205,233.885,225.502,226.199,40598.879103594,0
VRTS.US,D,20220406,000000,225.728,225.728,215.565,215.565,32062.349714612,0
VRTS.US,D,20220407,000000,216.793,217.02,208.135,212.804,67407.040765202,0
VRTS.US,D,20220408,000000,202.867,207.909,192.331,198.651,115142.41773939,0
VRTS.US,D,20220411,000000,198.651,202.897,193.186,193.864,59081.126582837,0
VRTS.US,D,20220412,000000,195.181,197.383,192.262,193.275,49882.227631016,0
VRTS.US,D,20220413,000000,193.461,202.405,193.461,201.786,41285.667820824,0
VRTS.US,D,20220414,000000,201.776,202.739,197.874,197.874,35572.603158234,0
VRTS.US,D,20220418,000000,195.928,196.617,193,193.609,34439.147408612,0
VRTS.US,D,20220419,000000,194.218,204.803,194.218,204.312,39759.470671423,0
VRTS.US,D,20220420,000000,207.309,208.095,203.388,204.45,31430.50409476,0
VRTS.US,D,20220421,000000,208.371,208.371,197.236,198.366,27296.544749416,0
VRTS.US,D,20220422,000000,196.901,198.857,190.838,191.672,86460.085978321,0
VRTS.US,D,20220425,000000,190.257,193.117,185.953,192.439,68909.836224978,0
VRTS.US,D,20220426,000000,191.574,191.574,179.17,180.36,69937.475638908,0
VRTS.US,D,20220427,000000,180.37,183.604,177.028,177.825,65708.892070302,0
VRTS.US,D,20220428,000000,182.178,182.178,173.068,180.841,63561.023948712,0
VRTS.US,D,20220429,000000,185.903,186.227,173.303,174.119,59175.7508061,0
VRTS.US,D,20220502,000000,174.944,178.36,172.124,176.773,76782.978586354,0
VRTS.US,D,20220503,000000,175.623,178.375,170.876,174.758,152917.8321166,0
VRTS.US,D,20220504,000000,176.114,181.845,171.505,180.714,70460.45252877,0
VRTS.US,D,20220505,000000,177.647,181.127,169.578,173.176,51560.02703059,0
VRTS.US,D,20220506,000000,172.753,174.267,167.082,171.78,104568.92388834,0
VRTS.US,D,20220509,000000,169.774,170.03,162.527,167.269,82008.677625902,0
VRTS.US,D,20220510,000000,171.593,171.593,163.534,168.468,57577.313658294,0
VRTS.US,D,20220511,000000,167.328,170.315,162.148,162.59,60254.263458343,0
VRTS.US,D,20220512,000000,160.664,167.485,158.536,166.758,68284.095393724,0
VRTS.US,D,20220513,000000,170.315,174.311,168.321,169.942,75297.480027604,0
VRTS.US,D,20220516,000000,168.261,170.949,164.91,168.35,72809.77867408,0
VRTS.US,D,20220517,000000,173.755,178.503,173.274,177.942,85176.045443292,0
VRTS.US,D,20220518,000000,173.834,175.289,170.522,171.996,105267.92218277,0
VRTS.US,D,20220519,000000,171.327,177.913,171.327,174.395,77532.850119093,0
VRTS.US,D,20220520,000000,178.276,180.68,175.072,180.4,54000.925004865,0
VRTS.US,D,20220523,000000,183.181,183.378,179.122,179.298,49093.692437158,0
VRTS.US,D,20220524,000000,177.441,178.866,172.261,178.178,60925.79020408,0
VRTS.US,D,20220525,000000,178.404,183.397,177.323,181.186,46414.707707577,0
VRTS.US,D,20220526,000000,182.63,189.987,182.63,188.459,35056.748521736,0
VRTS.US,D,20220527,000000,189.854,191.751,188.444,190.631,44049.102126006,0
VRTS.US,D,20220531,000000,189.097,191.653,186.965,189.353,48788.453007278,0
VRTS.US,D,20220601,000000,189.363,189.43,183.013,186.247,50228.165651546,0
VRTS.US,D,20220602,000000,185.893,192.125,185.314,191.741,49364.338064986,0
VRTS.US,D,20220603,000000,189.205,191.633,187.574,189.303,40920.397969734,0
VRTS.US,D,20220606,000000,190.768,195.397,190.768,194.012,40730.132058442,0
VRTS.US,D,20220607,000000,191.299,193.393,189.776,191.319,34069.807698457,0
VRTS.US,D,20220608,000000,188.989,190.503,187.043,187.898,30036.577364974,0
VRTS.US,D,20220609,000000,185.883,189.481,183.643,184.655,41222.585005315,0
VRTS.US,D,20220610,000000,180.547,180.969,171.996,178.876,40010.784468691,0
VRTS.US,D,20220613,000000,172.694,174.148,167.209,169.097,70757.55224052,0
VRTS.US,D,20220614,000000,170.954,174.227,168.148,173.333,57972.089987606,0
VRTS.US,D,20220615,000000,174.561,178.797,172.055,175.535,51968.030401863,0
VRTS.US,D,20220616,000000,169.411,169.411,163.441,165.548,62203.725950511,0
VRTS.US,D,20220617,000000,166.031,170.66,166.031,167.72,92476.355141259,0
VRTS.US,D,20220621,000000,171.966,173.49,171.465,172.772,42252.259348778,0
VRTS.US,D,20220622,000000,170.178,174.679,170.178,172.213,44963.80295088,0
VRTS.US,D,20220623,000000,172.006,179.781,172.006,179.781,67841.498220398,0
VRTS.US,D,20220624,000000,181.47,189.942,179.893,186.994,214489.71244725,0
VRTS.US,D,20220627,000000,188.468,188.468,182.281,184.576,52306.84616903,0
VRTS.US,D,20220628,000000,186.64,188.606,180.714,181.569,50773.526766266,0
VRTS.US,D,20220629,000000,182.955,182.955,175.475,176.851,40677.223890596,0
VRTS.US,D,20220630,000000,172.724,172.724,163.338,168.085,89387.332110872,0
VRTS.US,D,20220701,000000,166.807,172.173,164.31,170.768,60815.904009323,0
VRTS.US,D,20220705,000000,168.674,176.449,165.332,176.193,63450.120289189,0
VRTS.US,D,20220706,000000,175.78,175.78,170.788,172.251,52897.993198231,0
VRTS.US,D,20220707,000000,174.443,177.844,174.286,176.979,38447.958587705,0
VRTS.US,D,20220708,000000,177.5,177.5,171.327,171.947,53566.467549669,0
VRTS.US,D,20220711,000000,169.441,169.441,163.593,164.615,52514.408981349,0
VRTS.US,D,20220712,000000,164.821,170.6,164.821,169.588,67181.16358709,0
VRTS.US,D,20220713,000000,165.843,170.816,164.821,170.32,75688.18649785,0
VRTS.US,D,20220714,000000,168.311,173.775,165.077,173.205,67918.825542634,0
VRTS.US,D,20220715,000000,176.36,178.503,170.03,177.421,111603.67528232,0
VRTS.US,D,20220718,000000,178.561,179.701,174.325,174.778,52800.31658067,0
VRTS.US,D,20220719,000000,177.687,183.631,177.687,181.5,60346.852752074,0
VRTS.US,D,20220720,000000,181.775,186.512,181.775,186.237,46617.183196064,0
VRTS.US,D,20220721,000000,186.582,189.353,185.264,188.301,58786.06180062,0
VRTS.US,D,20220722,000000,188.095,190.67,184.606,186.916,35553.271327675,0
VRTS.US,D,20220725,000000,188.744,189.952,186.788,189.933,33033.011101631,0
VRTS.US,D,20220726,000000,188.646,190.65,186.758,187.624,40270.237984089,0
VRTS.US,D,20220727,000000,188.38,193.383,187.446,192.704,49330.761727699,0
VRTS.US,D,20220728,000000,193.408,200.583,187.713,200.44,35729.575393201,0
VRTS.US,D,20220729,000000,198.538,205.461,198.538,204.342,60866.589239786,0
VRTS.US,D,20220801,000000,201.529,205.421,198.033,202.618,44930.79676145,0
VRTS.US,D,20220802,000000,200.737,203.653,197.686,200.974,65052.725944797,0
VRTS.US,D,20220803,000000,202.539,207.036,198.538,205.481,48479.824865192,0
VRTS.US,D,20220804,000000,206.6,207.031,200.555,205.649,47499.424783048,0
VRTS.US,D,20220805,000000,204.223,214.801,199.291,203.143,71388.473128574,0
VRTS.US,D,20220808,000000,205.481,207.838,203.302,205.619,39148.354670375,0
VRTS.US,D,20220809,000000,205.293,205.293,197.84,202.311,64342.920324049,0
VRTS.US,D,20220810,000000,207.788,209.967,207.095,209.571,49296.656653506,0
VRTS.US,D,20220811,000000,212.424,214.355,208.818,211.354,37946.834487316,0
VRTS.US,D,20220812,000000,213.632,216.791,211.988,216.029,39327.068176595,0
VRTS.US,D,20220815,000000,214.414,219.634,213.275,218.851,31761.529746628,0
VRTS.US,D,20220816,000000,217.514,220.396,215.256,217.653,41437.301103144,0
VRTS.US,D,20220817,000000,215.791,216.925,212.225,214.424,41030.399730226,0
VRTS.US,D,20220818,000000,216.831,217.564,213.483,217.178,49706.587068903,0
VRTS.US,D,20220819,000000,214.216,215.811,207.541,209.373,56533.039134165,0
VRTS.US,D,20220822,000000,205.679,205.818,201.747,203.995,50081.178655386,0
VRTS.US,D,20220823,000000,204.589,207.666,202.302,202.698,51200.914691531,0
VRTS.US,D,20220824,000000,203.431,204.352,201.103,203.272,38079.102675535,0
VRTS.US,D,20220825,000000,205.253,207.887,204.431,206.828,31269.815184317,0
VRTS.US,D,20220826,000000,207.739,207.739,196.518,197.26,57271.115818044,0
VRTS.US,D,20220829,000000,195.943,197.557,193.427,195.676,58852.275991717,0
VRTS.US,D,20220830,000000,197.498,201.628,192.388,192.804,70603.951126695,0
VRTS.US,D,20220831,000000,194.339,195.111,188.48,189.416,54723.691093794,0
VRTS.US,D,20220901,000000,188.05,188.911,182.761,188.258,45259.952710759,0
VRTS.US,D,20220902,000000,191.031,192.328,184.127,184.147,40737.592290657,0
VRTS.US,D,20220906,000000,184.078,184.514,181.434,183.721,49170.446550244,0
VRTS.US,D,20220907,000000,182.256,187.307,181.255,186.693,39359.37796303,0
VRTS.US,D,20220908,000000,185.673,191.506,185.158,191.229,34119.134475571,0
VRTS.US,D,20220909,000000,192.556,198.053,192.556,195.2,45441.695259457,0
VRTS.US,D,20220912,000000,197.765,199.39,195.151,199.033,39661.272530034,0
VRTS.US,D,20220913,000000,193.447,195.641,186.703,187.802,57249.912520696,0
VRTS.US,D,20220914,000000,189.664,195.237,183.088,185.078,49125.010913069,0
VRTS.US,D,20220915,000000,184.85,187.802,183.197,184.454,46927.945435476,0
VRTS.US,D,20220916,000000,183.959,184.801,180.24,184.088,135598.11558358,0
VRTS.US,D,20220919,000000,182.325,192.318,182.325,190.595,50501.205879044,0
VRTS.US,D,20220920,000000,188.099,188.693,183.226,185.009,39537.081788424,0
VRTS.US,D,20220921,000000,187.881,187.881,179.185,179.75,43661.627963042,0
VRTS.US,D,20220922,000000,179.136,179.136,172.926,174.719,53857.384945,0
VRTS.US,D,20220923,000000,171.46,173.342,165.646,169.707,55623.316709849,0
VRTS.US,D,20220926,000000,169.687,173.084,167.063,167.063,48750.419326586,0
VRTS.US,D,20220927,000000,168.855,170.658,162.774,164.151,49039.188042851,0
VRTS.US,D,20220928,000000,165.617,167.479,164.527,165.3,70394.947195692,0
VRTS.US,D,20220929,000000,163.052,163.052,158.515,160.645,57220.631776739,0
VRTS.US,D,20220930,000000,160.575,164.656,157.466,157.991,70269.746773256,0
VRTS.US,D,20221003,000000,160.318,163.824,157.436,162.041,66314.826977422,0
VRTS.US,D,20221004,000000,165.795,168.628,165.25,167.578,90913.680943696,0
VRTS.US,D,20221005,000000,163.943,166.246,161.1,164.973,51218.079265575,0
VRTS.US,D,20221006,000000,166.062,167.469,160.962,163.497,63046.490143336,0
VRTS.US,D,20221007,000000,161.338,161.338,153.207,155.108,69331.753285809,0
VRTS.US,D,20221010,000000,155.752,156.99,152.603,154.811,46986.50692339,0
VRTS.US,D,20221011,000000,152.92,153.544,148.621,150.374,58399.938981624,0
VRTS.US,D,20221012,000000,150.008,150.008,144.669,146.333,63756.295764085,0
VRTS.US,D,20221013,000000,143.184,155.178,140.44,154.692,77336.50287513,0
VRTS.US,D,20221014,000000,155.653,155.653,145.719,146.571,66603.595693687,0
VRTS.US,D,20221017,000000,149.235,154.039,148.691,151.602,52838.616991465,0
VRTS.US,D,20221018,000000,155.534,157.535,152.167,154.138,62846.573339768,0
VRTS.US,D,20221019,000000,152.593,152.672,147.027,149.929,55832.320640852,0
VRTS.US,D,20221020,000000,151.028,156.624,149.74,152.444,68987.452124109,0
VRTS.US,D,20221021,000000,151.216,160.982,143.59,160.377,71720.658120361,0
VRTS.US,D,20221024,000000,162.705,165.716,160.021,164.418,48652.480286455,0
VRTS.US,D,20221025,000000,164.28,169.925,162.893,169.925,52714.426249855,0
VRTS.US,D,20221026,000000,171.658,174.303,168.647,170.351,88631.80227671,0
VRTS.US,D,20221027,000000,173.124,174.412,169.38,170.44,77184.041070388,0
VRTS.US,D,20221028,000000,170.86,176.54,169.81,175.2,89289,0
VRTS.US,D,20221031,000000,174.31,174.5,169.57,171.49,68995,0
VRTS.US,D,20221101,000000,174.68,175.67,169.39,173.02,47531,0
VRTS.US,D,20221102,000000,173.02,175.62,168.01,168.01,64458,0
VRTS.US,D,20221103,000000,165.12,165.12,160.26,163.16,57658,0
VRTS.US,D,20221104,000000,166.71,170.56,163.9,168,55698,0
VRTS.US,D,20221107,000000,169.58,169.7,165.65,169.43,57109,0
VRTS.US,D,20221108,000000,170.3,172.81,166.47,171.48,47368,0
VRTS.US,D,20221109,000000,171.5,171.5,165.72,166.94,61587,0
VRTS.US,D,20221110,000000,175.64,188.12,173.27,187.55,104556,0
VRTS.US,D,20221111,000000,189.5,202.5,189.5,202.23,94334,0
VRTS.US,D,20221114,000000,199.95,200.19,188.62,189.15,83942,0
VRTS.US,D,20221115,000000,191.8,199.28,191.8,193.27,76021,0
VRTS.US,D,20221116,000000,191.16,194.1525,188.65,191.19,53070,0
VRTS.US,D,20221117,000000,187.22,189.74,185.54,189.36,59015,0
VRTS.US,D,20221118,000000,194.41,194.41,184.34,187.83,66234,0
VRTS.US,D,20221121,000000,185.43,191.09,185.18,188.61,47214,0
VRTS.US,D,20221122,000000,188.78,191.02,186.875,189.73,51002,0
VRTS.US,D,20221123,000000,188.64,192.68,187,192.39,34396,0
VRTS.US,D,20221125,000000,191.25,193.82,190.64,193.69,20993,0
VRTS.US,D,20221128,000000,192.36,192.83,188.485,190.1,52478,0
VRTS.US,D,20221129,000000,190.1,192.3,187.59,189.2,53076,0
VRTS.US,D,20221130,000000,190.46,194.44,185.1,193.94,86903,0
VRTS.US,D,20221201,000000,195.94,202.065,193.75,199.02,75670,0
VRTS.US,D,20221202,000000,194.04,200.395,194.04,198.29,78611,0
VRTS.US,D,20221205,000000,197.54,197.54,191.645,192.4,82584,0
VRTS.US,D,20221206,000000,192.8,193.97,187.7,189.78,69187,0
VRTS.US,D,20221207,000000,191.03,192.92,187.56,188.95,70192,0
VRTS.US,D,20221208,000000,191.63,194.4,189.5,191.94,67576,0
VRTS.US,D,20221209,000000,189.73,192.46,188.6625,191.38,81507,0
VRTS.US,D,20221212,000000,191.51,194.5,189.19,193.88,37922,0
VRTS.US,D,20221213,000000,203.35,207.66,196.25,198.34,85933,0
VRTS.US,D,20221214,000000,196.6,200.57,193.25,194.36,54160,0
VRTS.US,D,20221215,000000,191.5,192.235,184.6,187.95,90129,0
VRTS.US,D,20221216,000000,184.36,190.3,177.18,189.32,229895,0
VRTS.US,D,20221219,000000,190.67,190.99,185.1,187.72,96460,0
VRTS.US,D,20221220,000000,187.72,192.725,185.63,189.7,71872,0
VRTS.US,D,20221221,000000,192.68,195.16,191.26,193.74,60958,0
VRTS.US,D,20221222,000000,191.41,191.67,182.7,187.44,81962,0
VRTS.US,D,20221223,000000,188.6,193.06,185.86,189.94,57801,0
VRTS.US,D,20221227,000000,191.06,192.84,188.2,192.33,64766,0
VRTS.US,D,20221228,000000,192.63,193.43,184.4,184.45,73940,0
VRTS.US,D,20221229,000000,186.81,194.29,185.16,190.72,92718,0
VRTS.US,D,20221230,000000,187.42,192,186.3,191.44,101539,0
VRTS.US,D,20230103,000000,194.68,196.67,192,194.11,100503,0
VRTS.US,D,20230104,000000,194.31,202.165,194.31,202.11,91287,0
VRTS.US,D,20230105,000000,201.23,201.23,197.41,198.1,86604,0
VRTS.US,D,20230106,000000,201.42,205.76,199.46,205,53683,0
VRTS.US,D,20230109,000000,206.4,210.19,204.78,205.69,79382,0
VRTS.US,D,20230110,000000,203.99,212.365,203.73,211.81,74504,0
VRTS.US,D,20230111,000000,214.07,216.6,212.15,213.64,83306,0
VRTS.US,D,20230112,000000,215.5,216.77,211.03,213.07,70210,0
VRTS.US,D,20230113,000000,210.72,216.74,209.4,214.78,40572,0
VRTS.US,D,20230117,000000,213.12,215.5,211.08,211.51,69076,0
VRTS.US,D,20230118,000000,212.03,215.46,209.78,211.87,77666,0
VRTS.US,D,20230119,000000,210.71,213.0625,206.7,211.87,88402,0
VRTS.US,D,20230120,000000,213.67,217.99,211.83,217.99,62340,0
VRTS.US,D,20230123,000000,217.86,219.805,215.43,218.42,68406,0
VRTS.US,D,20230124,000000,216.49,218.7,215.05,215.26,85276,0
VRTS.US,D,20230125,000000,212.64,212.75,206.77,209.89,60253,0
VRTS.US,D,20230126,000000,211.86,213.71,207.3731,213.71,62345,0
VRTS.US,D,20230127,000000,212.93,215.78,212.63,214.36,44345,0
VRTS.US,D,20230130,000000,211.24,214.29,208.46,209.08,61650,0
VRTS.US,D,20230131,000000,209.74,215.23,208.4,214.88,76471,0
VRTS.US,D,20230201,000000,214,224.34,212.31,221.77,100569,0
VRTS.US,D,20230202,000000,224.78,235.32,219.7,230.61,99231,0
VRTS.US,D,20230203,000000,230.15,248.225,222.06,245,141585,0
VRTS.US,D,20230206,000000,238.65,238.65,216.025,216.9,181822,0
VRTS.US,D,20230207,000000,215.47,221.29,213.26,220.23,93547,0
VRTS.US,D,20230208,000000,218.63,224.95,213.99,217,86422,0
VRTS.US,D,20230209,000000,219.76,219.98,213.63,214.05,70075,0
VRTS.US,D,20230210,000000,212.57,213.7,209.81,213.06,64644,0
VRTS.US,D,20230213,000000,214.46,217.75,213.92,216.11,77310,0
VRTS.US,D,20230214,000000,215.17,219.21,212.91,216.85,89908,0
VRTS.US,D,20230215,000000,214.33,217.68,213.55,216.95,77535,0
VRTS.US,D,20230216,000000,212.53,217.95,211.38,214.71,51123,0
VRTS.US,D,20230217,000000,215.33,217.4,213,216.63,86665,0
VRTS.US,D,20230221,000000,212.83,214.6,207.345,209.2,74991,0
VRTS.US,D,20230222,000000,210,212,207.28,209.69,76757,0
VRTS.US,D,20230223,000000,212.36,212.85,208.06,210.92,51310,0
VRTS.US,D,20230224,000000,206.94,208.99,204.705,208.16,70093,0
VRTS.US,D,20230227,000000,211.23,211.7,206.58,208.35,60693,0
VRTS.US,D,20230228,000000,209.53,212.01,208,210.43,43801,0
VRTS.US,D,20230301,000000,210.85,211.95,204.93,206.66,49567,0
VRTS.US,D,20230302,000000,203.63,205.41,202.065,203.97,39097,0
VRTS.US,D,20230303,000000,206.39,209.25,202.26,208.18,31175,0
VRTS.US,D,20230306,000000,208.56,211.53,200.43,202.31,71862,0
VRTS.US,D,20230307,000000,202.82,202.82,196.31,196.68,55148,0
VRTS.US,D,20230308,000000,197.65,200.95,195.5,200.54,72097,0
VRTS.US,D,20230309,000000,200.22,200.22,192,192.52,58002,0
VRTS.US,D,20230310,000000,192.01,192.75,180,182.41,97849,0
VRTS.US,D,20230313,000000,177.63,177.65,169.78,173.07,130065,0
VRTS.US,D,20230314,000000,179.55,181.17,171.73,172.44,145437,0
VRTS.US,D,20230315,000000,166.9,171.09,165,171.08,91747,0
VRTS.US,D,20230316,000000,168.39,177.82,166.4,176.22,113193,0
VRTS.US,D,20230317,000000,173.75,175.15,169.9,171.48,165827,0
VRTS.US,D,20230320,000000,174.18,174.75,169.07,169.92,83529,0
VRTS.US,D,20230321,000000,173.58,178.13,173,177.1,84138,0
VRTS.US,D,20230322,000000,177.1,178.1,171.48,172.17,96548,0
VRTS.US,D,20230323,000000,171.99,176.325,167.99,169.36,64732,0
VRTS.US,D,20230324,000000,167.29,168.495,165,168.25,79239,0
VRTS.US,D,20230327,000000,175.03,176.725,172.47,175.7,63763,0
VRTS.US,D,20230328,000000,173.88,177.34,172.53,176.11,63885,0
VRTS.US,D,20230329,000000,177.96,178.76,175.08,178.32,89170,0
VRTS.US,D,20230330,000000,180.62,183,177.55,179.85,98616,0
VRTS.US,D,20230331,000000,180.84,191.18,179.19,190.39,146744,0
VRTS.US,D,20230403,000000,189.63,189.8,181.52,185.25,84737,0
VRTS.US,D,20230404,000000,185.29,185.44,179.34,181.51,103433,0
VRTS.US,D,20230405,000000,179.19,181.695,177.95,179.78,113070,0
VRTS.US,D,20230406,000000,179.73,182.09,177.5,179.21,109991,0
VRTS.US,D,20230410,000000,178.8,181.45,177.04,180.12,50049,0
VRTS.US,D,20230411,000000,180.49,185.8,180.49,183.16,62987,0
VRTS.US,D,20230412,000000,185.32,185.45,180.79,180.8,47099,0
VRTS.US,D,20230413,000000,182.41,182.87,180.08,182.29,41142,0
VRTS.US,D,20230414,000000,183.72,185.88,180.85,184.19,50886,0
VRTS.US,D,20230417,000000,184.19,188.07,183.1,187.64,38845,0
VRTS.US,D,20230418,000000,188.4,188.58,186.2,187.45,51043,0
VRTS.US,D,20230419,000000,185.65,191.11,185.65,188.62,73100,0
VRTS.US,D,20230420,000000,186.49,187.71,185.415,187.29,65300,0
VRTS.US,D,20230421,000000,187.96,189.89,185.19,189.06,70359,0
VRTS.US,D,20230424,000000,188.7,189.27,185.25,187.51,55726,0
VRTS.US,D,20230425,000000,185.45,187.5,182.03,182.03,47449,0
VRTS.US,D,20230426,000000,181.07,183.65,177,177.89,77173,0
VRTS.US,D,20230427,000000,177.58,178.1,175.04,178.1,85204,0
VRTS.US,D,20230428,000000,179.74,183.98,174.8708,182.21,43035,0
VRTS.US,D,20230501,000000,182.75,184.57,175.43,176.09,50624,0
VRTS.US,D,20230502,000000,174.88,175.99,170.89,175.14,53099,0
VRTS.US,D,20230503,000000,175.41,178.04,172.64,173.08,44509,0
VRTS.US,D,20230504,000000,171.2,171.2,165.32,167.28,54431,0
VRTS.US,D,20230505,000000,171.23,172.12,165.865,168.78,98552,0
VRTS.US,D,20230508,000000,169.83,169.83,165.7,167.06,38096,0
VRTS.US,D,20230509,000000,165.3,171.04,165,167.66,49689,0
VRTS.US,D,20230510,000000,171.19,171.19,166.07,170.21,54829,0
VRTS.US,D,20230511,000000,168.21,172.25,168.21,171.28,44632,0
VRTS.US,D,20230512,000000,172.47,173.1,169.36,171.48,27892,0
VRTS.US,D,20230515,000000,172.03,176.55,170.4,174.46,33221,0
VRTS.US,D,20230516,000000,172.67,173.79,171.66,171.91,31902,0
VRTS.US,D,20230517,000000,173.02,180.08,173.02,178.54,46180,0
VRTS.US,D,20230518,000000,176.85,183.84,176.85,183.24,38561,0
VRTS.US,D,20230519,000000,185.84,185.84,179.58,183.53,52395,0
VRTS.US,D,20230522,000000,185.13,187.49,184.12,185.4,64657,0
VRTS.US,D,20230523,000000,184.3,190.47,183.83,188.11,62073,0
VRTS.US,D,20230524,000000,186.18,187.04,184.14,185.26,50652,0
VRTS.US,D,20230525,000000,185.96,189.87,184.91,189.06,44408,0
VRTS.US,D,20230526,000000,188.72,195.415,188,194.35,31378,0
VRTS.US,D,20230530,000000,194.79,195.59,193.99,195,32943,0
VRTS.US,D,20230531,000000,193.46,193.46,189.76,190.78,42933,0
VRTS.US,D,20230601,000000,190.08,196.36,190,194.71,33059,0
VRTS.US,D,20230602,000000,197.8,203.66,196.93,201.89,58915,0
VRTS.US,D,20230605,000000,200,201.57,194.69,198.96,60798,0
VRTS.US,D,20230606,000000,198.28,207.68,198.28,207.01,57817,0
VRTS.US,D,20230607,000000,208.85,214.47,208.85,212.82,72813,0
VRTS.US,D,20230608,000000,211.54,211.65,207.515,211.24,50510,0
VRTS.US,D,20230609,000000,212.99,212.99,208.22,210.23,36101,0
VRTS.US,D,20230612,000000,208.92,212.94,207.35,212.72,47269,0
VRTS.US,D,20230613,000000,212.31,217.09,212.31,215,44415,0
VRTS.US,D,20230614,000000,214.41,216.45,202.26,211.9,44586,0
VRTS.US,D,20230615,000000,211.76,215.82,211.25,215.38,49739,0
VRTS.US,D,20230616,000000,216.65,217,208.99,211.66,105446,0
VRTS.US,D,20230620,000000,211.38,211.41,208.18,208.53,33405,0
VRTS.US,D,20230621,000000,207.5,208.35,204.55,204.55,20248,0
VRTS.US,D,20230622,000000,204.07,204.07,197.96,199.51,43532,0
VRTS.US,D,20230623,000000,197.66,198.19,194.72,196.77,77174,0
VRTS.US,D,20230626,000000,198.195,200.2901,196.28,197.05,32482,0
VRTS.US,D,20230627,000000,199.04,201.65,198.97,200.25,32133,0
VRTS.US,D,20230628,000000,198.6701,201,198.51,198.8,23655,0
VRTS.US,D,20230629,000000,200.31,203.19,199.65,200.08,32488,0
VRTS.US,D,20230630,000000,202.68,202.68,197.32,197.47,31498,0
VRTS.US,D,20230703,000000,196.89,200.6372,196.89,199.41,23686,0
VRTS.US,D,20230705,000000,197.45,199.275,195.58,196.34,47167,0
VRTS.US,D,20230706,000000,193.64,193.64,188.25,192.71,43992,0
VRTS.US,D,20230707,000000,193.56,195.36,193.24,193.25,31548,0
VRTS.US,D,20230710,000000,192.46,196.27,192,195.01,29153,0
VRTS.US,D,20230711,000000,194.08,198.13,194.05,197.34,22591,0
VRTS.US,D,20230712,000000,201.35,202.44,200.14,201.3,33266,0
VRTS.US,D,20230713,000000,203.12,206.29,201.27,205.66,39159,0
VRTS.US,D,20230714,000000,205.64,207.31,202.95,206.61,40533,0
VRTS.US,D,20230717,000000,205.57,210.68,205.4,207.9,33817,0
VRTS.US,D,20230718,000000,207.78,216.45,207.78,216.45,35601,0
VRTS.US,D,20230719,000000,215.59,218.5,215,216.55,26601,0
VRTS.US,D,20230720,000000,215.49,217.35,213.6863,216.68,27487,0
VRTS.US,D,20230721,000000,217.47,217.47,214.28,214.79,20741,0
VRTS.US,D,20230724,000000,214.5,218.69,214.5,218.58,25608,0
VRTS.US,D,20230725,000000,217.93,223.1,216.81,216.97,44314,0
VRTS.US,D,20230726,000000,216.64,219.09,215.47,216.85,19923,0
VRTS.US,D,20230727,000000,216.3,217.08,209.03,210.82,34617,0
VRTS.US,D,20230728,000000,202.26,209.86,199.46,201.78,58866,0
VRTS.US,D,20230731,000000,202.88,208.675,202.36,205.73,46248,0
VRTS.US,D,20230801,000000,204.09,206.355,201.91,205.3,43794,0
VRTS.US,D,20230802,000000,204.8,206.2,200.82,203.28,38078,0
VRTS.US,D,20230803,000000,202,205.07,202,204.21,30761,0
VRTS.US,D,20230804,000000,203.38,209.27,203.38,205.95,47925,0
VRTS.US,D,20230807,000000,205.85,211.48,205.72,209.93,35582,0
VRTS.US,D,20230808,000000,207.04,207.04,202.44,205.85,50003,0
VRTS.US,D,20230809,000000,204.06,205.01,201.94,203.33,30690,0
VRTS.US,D,20230810,000000,203.44,207.57,201.41,202.5,36265,0
VRTS.US,D,20230811,000000,202.26,203.4,198.85,200.46,62236,0
VRTS.US,D,20230814,000000,199.69,201.22,197.51,199.5,39514,0
VRTS.US,D,20230815,000000,197.25,198.84,193.79,195.14,35677,0
VRTS.US,D,20230816,000000,193.94,198.21,193.94,195.72,22907,0
VRTS.US,D,20230817,000000,197.6,204.76,196.12,200.61,65817,0
VRTS.US,D,20230818,000000,199.41,200.17,196.35,197.5,41832,0
VRTS.US,D,20230821,000000,198.28,198.28,194.77,196.14,23339,0
VRTS.US,D,20230822,000000,196.11,197.25,194.16,195.28,21570,0
VRTS.US,D,20230823,000000,195.3,201.01,195.3,200.66,21993,0
VRTS.US,D,20230824,000000,199.4,203.65,197.255,197.35,38919,0
VRTS.US,D,20230825,000000,199.78,202.35,199.17,200.79,21889,0
VRTS.US,D,20230828,000000,201.56,204.2,200.555,203.07,32537,0
VRTS.US,D,20230829,000000,203.88,204.78,203.04,204.27,24715,0
VRTS.US,D,20230830,000000,203.07,206.03,202.81,204.73,18680,0
VRTS.US,D,20230831,000000,204.08,208.35,203.61,207.1,83784,0
VRTS.US,D,20230901,000000,207.95,212.5,207.95,210.58,33851,0
VRTS.US,D,20230905,000000,208.4,210,202.03,202.24,44114,0
VRTS.US,D,20230906,000000,201.395,203,199.375,201.06,24849,0
VRTS.US,D,20230907,000000,199.5,200.11,197.24,200.08,33335,0
VRTS.US,D,20230908,000000,197.96,201.91,197.56,200.34,23134,0
VRTS.US,D,20230911,000000,201.39,201.41,197.73,200.08,30551,0
VRTS.US,D,20230912,000000,199.5,204.24,198.6903,201.98,22646,0
VRTS.US,D,20230913,000000,198.88,202.87,198.88,201.99,28687,0
VRTS.US,D,20230914,000000,203.4,206.25,203.4,205.49,38401,0
VRTS.US,D,20230915,000000,204.73,206.76,203.9,206.75,115761,0
VRTS.US,D,20230918,000000,207.5,207.5,202.51,204.55,36275,0
VRTS.US,D,20230919,000000,204.595,205.8,203.85,205.05,26924,0
VRTS.US,D,20230920,000000,206.72,206.72,202.85,203.36,22835,0
VRTS.US,D,20230921,000000,201.01,204.43,199,201.65,39511,0
VRTS.US,D,20230922,000000,201.77,204.3,199.87,200.89,35724,0
VRTS.US,D,20230925,000000,201.41,203.08,200.5,203.08,20808,0
VRTS.US,D,20230926,000000,202.56,202.56,198.44,198.45,34175,0
VRTS.US,D,20230927,000000,197.59,200.51,196.0188,200.02,29961,0
VRTS.US,D,20230928,000000,199.48,204.47,199.45,202.36,38622,0
VRTS.US,D,20230929,000000,203.85,204.51,200.86,201.99,28409,0
VRTS.US,D,20231002,000000,201.97,202.2825,196.74,198.52,28481,0
VRTS.US,D,20231003,000000,196.66,196.66,190.84,191.51,28722,0
VRTS.US,D,20231004,000000,192.19,192.425,188.05,191.81,28405,0
VRTS.US,D,20231005,000000,190.34,195.025,190.3,193.85,25686,0
VRTS.US,D,20231006,000000,191.35,195.5,190.47,192.87,37302,0
VRTS.US,D,20231009,000000,190.9,194.19,190.11,193.47,34827,0
VRTS.US,D,20231010,000000,194.5,196.3999,192.75,192.93,29072,0
VRTS.US,D,20231011,000000,194.4543,196.05,189.57,190.2,29428,0
VRTS.US,D,20231012,000000,191.24,191.24,183.7,186.18,24094,0
VRTS.US,D,20231013,000000,187.5,187.5,179.13,181.64,41710,0
VRTS.US,D,20231016,000000,184.25,186.64,181.565,182.25,42179,0
VRTS.US,D,20231017,000000,180.34,184.335,179.9,181.52,41926,0
VRTS.US,D,20231018,000000,179.11,179.11,175.21,177.46,37266,0
VRTS.US,D,20231019,000000,176.62,177.79,171.97,172.36,46338,0
VRTS.US,D,20231020,000000,173.66,173.66,170.01,170.94,53793,0
VRTS.US,D,20231023,000000,171.73,174.05,170.01,171.01,69263,0
VRTS.US,D,20231024,000000,171.8,173.21,170.1041,172.22,38207,0
VRTS.US,D,20231025,000000,170.89,171.47,168.78,171.01,37591,0
VRTS.US,D,20231026,000000,171.78,173.95,171.78,173.53,58014,0
VRTS.US,D,20231027,000000,168.93,182.22,168.93,174.02,43650,0
VRTS.US,D,20231030,000000,174.99,180.85,172.94,179.71,57336,0
VRTS.US,D,20231031,000000,178.33,184.835,178.33,184.23,40330,0
VRTS.US,D,20231101,000000,185.42,187.32,181.775,186.93,42809,0
VRTS.US,D,20231102,000000,187.79,194.33,187.79,194.31,29491,0
VRTS.US,D,20231103,000000,197.4,202.45,197.4,201.03,30740,0
VRTS.US,D,20231106,000000,200.23,200.23,197.2001,199.41,27906,0
VRTS.US,D,20231107,000000,201.08,201.08,192.86,194.6,56305,0
VRTS.US,D,20231108,000000,195.516,196.11,193.17,193.84,28819,0
VRTS.US,D,20231109,000000,192.0519,195.61,192.0519,192.98,44768,0
VRTS.US,D,20231110,000000,191.22,194.295,191.15,193.25,39383,0
VRTS.US,D,20231113,000000,192.565,193.53,190.51,192.41,56562,0
VRTS.US,D,20231114,000000,198.26,203.88,196.52,203.58,35633,0
VRTS.US,D,20231115,000000,202.67,208.31,201.18,202.1,71563,0
VRTS.US,D,20231116,000000,200.3,200.3,197.84,197.94,53740,0
VRTS.US,D,20231117,000000,200.89,201.53,198,199.07,77528,0
VRTS.US,D,20231120,000000,197.91,203.84,197,198.04,45019,0
VRTS.US,D,20231121,000000,197.39,197.405,193.83,193.83,58359,0
VRTS.US,D,20231122,000000,195.9,196.9,194.45,195.99,35633,0
VRTS.US,D,20231124,000000,195.22,198.19,195.22,198.04,10589,0
VRTS.US,D,20231127,000000,196.72,196.72,193.44,194.13,29484,0
VRTS.US,D,20231128,000000,192.09,194.565,191.71,191.87,32796,0
VRTS.US,D,20231129,000000,193.84,196.85,193.84,195.05,34237,0
VRTS.US,D,20231130,000000,195.7,198.9,194.25,195.62,67146,0
VRTS.US,D,20231201,000000,194.22,201.79,194.22,201.23,49458,0
VRTS.US,D,20231204,000000,199.28,205.35,199.28,204.38,34701,0
VRTS.US,D,20231205,000000,202.87,204,200.025,202.06,74423,0
VRTS.US,D,20231206,000000,203.09,205.78,202.78,203.11,42700,0
VRTS.US,D,20231207,000000,202.81,206.7,202.81,206.69,35993,0
VRTS.US,D,20231208,000000,206.03,209.275,205.07,206.44,36553,0
VRTS.US,D,20231211,000000,205.41,207.7743,204.595,205.13,37951,0
VRTS.US,D,20231212,000000,205.98,208.53,204.91,207.97,31506,0
VRTS.US,D,20231213,000000,207.15,217.3,205.09,217.04,71780,0
VRTS.US,D,20231214,000000,220.08,226.83,220.08,225.65,59868,0
VRTS.US,D,20231215,000000,226.87,226.88,218.8,219.92,96265,0
VRTS.US,D,20231218,000000,220.03,220.03,217.3,217.98,42513,0
VRTS.US,D,20231219,000000,220.01,227.5,220.01,226.61,69650,0
VRTS.US,D,20231220,000000,230.68,237.51,229.06,235.88,78298,0
VRTS.US,D,20231221,000000,237.02,237.02,232.93,235.51,53277,0
VRTS.US,D,20231222,000000,237.25,240.62,235.69,240.33,30792,0
VRTS.US,D,20231226,000000,242.12,243.33,239.4,243.2,22486,0
VRTS.US,D,20231227,000000,242.4,246.97,242.4,245.4,27697,0
VRTS.US,D,20231228,000000,243.89,247.87,243.35,247.11,29428,0
VRTS.US,D,20231229,000000,242.6,243.52,240,241.76,33397,0
VRTS.US,D,20240102,000000,239.46,240.25,233.75,235.63,32009,0
VRTS.US,D,20240103,000000,234.67,234.67,228.77,229.11,46567,0
VRTS.US,D,20240104,000000,231.08,238.71,231.08,238.02,24848,0
VRTS.US,D,20240105,000000,235.45,238.955,233.41,234.2,49715,0
VRTS.US,D,20240108,000000,233.77,238.81,233.77,238.45,22613,0
VRTS.US,D,20240109,000000,235.18,236.5,232.41,233.37,37528,0
VRTS.US,D,20240110,000000,233.37,236.565,231.57,233.25,31914,0
VRTS.US,D,20240111,000000,232.81,235,230.64,232.78,38069,0
VRTS.US,D,20240112,000000,236.39,237.67,234.16,237.16,31447,0
VRTS.US,D,20240116,000000,234.14,237.53,228.97,230.41,41960,0
VRTS.US,D,20240117,000000,226,232.29,226,229.29,38414,0
VRTS.US,D,20240118,000000,229.75,232.57,228.4,231.87,40569,0
VRTS.US,D,20240119,000000,230.94,242.43,230.9,240.15,39173,0
VRTS.US,D,20240122,000000,240.79,245.54,240.79,244.69,37939,0
VRTS.US,D,20240123,000000,247.87,247.87,240,242.75,31910,0
VRTS.US,D,20240124,000000,246.76,247.43,237.66,241,65824,0
VRTS.US,D,20240125,000000,245.6,245.6,240.49,244.65,24017,0
VRTS.US,D,20240126,000000,246.86,248.1562,243.42,245.96,24811,0
VRTS.US,D,20240129,000000,245.39,247.3,243.77,246.68,41234,0
VRTS.US,D,20240130,000000,244.06,246.38,243.13,243.13,31373,0
VRTS.US,D,20240131,000000,243.14,244.75,235.67,236.11,43854,0
VRTS.US,D,20240201,000000,238.65,239.87,230.92,239.21,39753,0
VRTS.US,D,20240202,000000,233.69,243.145,230.09,230.98,56784,0
VRTS.US,D,20240205,000000,228.82,234.59,226.35,232.49,55316,0
VRTS.US,D,20240206,000000,230.87,233.2,229.93,230,41826,0
VRTS.US,D,20240207,000000,230.16,235.01,226.43,232.14,33331,0
VRTS.US,D,20240208,000000,229.76,235.56,228.31,231.69,30958,0
VRTS.US,D,20240209,000000,233.8,237.26,230.41,234.1,49312,0
VRTS.US,D,20240212,000000,233.99,239.14,233.99,237.95,48189,0
VRTS.US,D,20240213,000000,230.18,233.63,225.72,228.18,45922,0
VRTS.US,D,20240214,000000,232.59,233.495,227.33,231.03,42527,0
VRTS.US,D,20240215,000000,231.74,237.04,231.485,235.8,44367,0
VRTS.US,D,20240216,000000,231.74,236.2525,231.74,233.24,42028,0
VRTS.US,D,20240220,000000,229.66,235.8,229.48,231.5,42281,0
VRTS.US,D,20240221,000000,229.28,231.99,227.25,230,67609,0
VRTS.US,D,20240222,000000,229.99,234.84,229.9,234.84,113470,0
VRTS.US,D,20240223,000000,233.74,238.26,233.49,235.51,44408,0
VRTS.US,D,20240226,000000,233.46,237,230.57,230.95,40415,0
VRTS.US,D,20240227,000000,234.2,234.2,230.24,231.52,49610,0
VRTS.US,D,20240228,000000,228.51,232,228.38,228.77,84708,0
VRTS.US,D,20240229,000000,232.83,232.83,229.6032,232.32,39886,0
VRTS.US,D,20240301,000000,233.71,236.785,229.54,236.16,97285,0
VRTS.US,D,20240304,000000,233.52,236.72,226.36,227.27,130993,0
VRTS.US,D,20240305,000000,226.54,230.29,224.82,227.18,98963,0
VRTS.US,D,20240306,000000,238.23,252.5,234.02,245.63,148704,0
VRTS.US,D,20240307,000000,247.5,252.32,247.5,248.21,67764,0
VRTS.US,D,20240308,000000,249.43,253.63,248.39,250.52,55170,0
VRTS.US,D,20240311,000000,248.43,250.845,245.81,249.08,51598,0
VRTS.US,D,20240312,000000,246.92,251.38,246.73,247.3,58398,0
VRTS.US,D,20240313,000000,246.38,249.8057,239.68,241.73,52854,0
VRTS.US,D,20240314,000000,241.73,241.73,231.195,234,83487,0
VRTS.US,D,20240315,000000,231.95,237.045,231.29,231.33,315089,0
VRTS.US,D,20240318,000000,232.92,233.65,230.475,231.37,49143,0
VRTS.US,D,20240319,000000,228.81,235.315,228.81,233.97,43982,0
VRTS.US,D,20240320,000000,231.63,242.25,231.63,240.17,37355,0
VRTS.US,D,20240321,000000,240.97,247.16,240.97,245.97,49257,0
VRTS.US,D,20240322,000000,245.24,246,242.87,243.4,41353,0
VRTS.US,D,20240325,000000,244.38,245.64,243.6,243.81,24813,0
VRTS.US,D,20240326,000000,244.99,246.03,237.66,239.36,49647,0
VRTS.US,D,20240327,000000,242.83,247.61,242.83,247.61,38000,0
VRTS.US,D,20240328,000000,252.09,263.39,243.73,247.98,102745,0
VRTS.US,D,20240401,000000,246.68,246.68,241.24,241.96,49989,0
VRTS.US,D,20240402,000000,236.89,242.46,236.89,242.46,52904,0
VRTS.US,D,20240403,000000,239.57,246.32,239.57,244.51,27735,0
VRTS.US,D,20240404,000000,246,247.735,240.07,240.65,21177,0
VRTS.US,D,20240405,000000,239.29,242.41,238.8,241.38,24405,0
VRTS.US,D,20240408,000000,238.38,243.08,237.1,239.64,40255,0
VRTS.US,D,20240409,000000,239.69,239.94,236.62,239.64,22180,0
VRTS.US,D,20240410,000000,232.39,233.71,227.91,228.32,43243,0
VRTS.US,D,20240411,000000,230.7,233.96,228.34,231.55,34438,0
VRTS.US,D,20240412,000000,228.37,229.13,225.52,225.63,32259,0
VRTS.US,D,20240415,000000,228.53,230.26,222.22,223.98,35872,0
VRTS.US,D,20240416,000000,221.01,221.88,216.67,219.47,64335,0
VRTS.US,D,20240417,000000,222.38,222.5,218.04,218.58,43422,0
VRTS.US,D,20240418,000000,217.61,225.08,217.61,219.8,44164,0
VRTS.US,D,20240419,000000,218.81,225.38,218.81,224.91,34879,0
VRTS.US,D,20240422,000000,224.39,232.27,224.39,231.78,62351,0
VRTS.US,D,20240423,000000,230.9,236.065,230.9,233.14,20124,0
VRTS.US,D,20240424,000000,230.93,236.04,230.13,234.7,36198,0
VRTS.US,D,20240425,000000,230.52,231.47,226.44,230.75,38880,0
VRTS.US,D,20240426,000000,217.96,240.37,217.96,227.58,74494,0
VRTS.US,D,20240429,000000,225.82,226.99,218.94,222.19,93396,0
VRTS.US,D,20240430,000000,221.89,223.41,218.65,219.32,84613,0
VRTS.US,D,20240501,000000,220.21,223.965,218.565,219.9,58222,0
VRTS.US,D,20240502,000000,223.26,223.41,219.525,223.28,60923,0
VRTS.US,D,20240503,000000,224.48,228.23,224.03,226.6,25173,0
VRTS.US,D,20240506,000000,228.01,229.3,226.045,227.56,30227,0
VRTS.US,D,20240507,000000,229.23,230.785,224.61,224.61,52068,0
VRTS.US,D,20240508,000000,223.75,234.55,223.349,234.16,52093,0
VRTS.US,D,20240509,000000,232.44,238.8,232.44,234.54,51515,0
VRTS.US,D,20240510,000000,233.06,234.18,230.57,230.68,31680,0
VRTS.US,D,20240513,000000,232.68,233.96,230.64,230.64,23361,0
VRTS.US,D,20240514,000000,234.18,235.12,230.37,232.49,34300,0
VRTS.US,D,20240515,000000,233.85,236.47,231.98,234.43,37535,0
VRTS.US,D,20240516,000000,234.52,236.31,232.67,235.41,23597,0
VRTS.US,D,20240517,000000,236.36,236.36,233.17,233.34,26992,0
VRTS.US,D,20240520,000000,232.45,235.81,232.45,233.36,40728,0
VRTS.US,D,20240521,000000,231.23,237.375,231.23,237,22465,0
VRTS.US,D,20240522,000000,235.17,235.89,232.71,234.4,46390,0
VRTS.US,D,20240523,000000,234.36,234.36,229,229.67,25791,0
VRTS.US,D,20240524,000000,230.15,234.13,229.6,232.64,50785,0
VRTS.US,D,20240528,000000,232.38,232.38,227.675,228.54,26646,0
VRTS.US,D,20240529,000000,227.39,227.44,224.94,225.68,39588,0
VRTS.US,D,20240530,000000,227.06,229.4899,225.68,226.69,27860,0
VRTS.US,D,20240531,000000,226.24,230.485,225.365,228.59,75685,0
VRTS.US,D,20240603,000000,231.29,231.29,227.34,230,26614,0
VRTS.US,D,20240604,000000,228.96,232,225.38,227.22,19549,0
VRTS.US,D,20240605,000000,226.86,228.6,225.23,226.7,42470,0
VRTS.US,D,20240606,000000,224.48,226.035,221.17,221.98,60135,0
VRTS.US,D,20240607,000000,220.04,220.32,216.74,218,53522,0
VRTS.US,D,20240610,000000,215.23,217.15,215.23,216.35,57276,0
VRTS.US,D,20240611,000000,214.19,215.32,212.21,214.99,34101,0
VRTS.US,D,20240612,000000,221.17,229.405,217.77,218.76,45523,0
VRTS.US,D,20240613,000000,217.16,218.24,213.07,213.45,49638,0
VRTS.US,D,20240614,000000,210.89,213.785,209.96,212.63,35708,0
VRTS.US,D,20240617,000000,212.53,215.54,210.01,215.53,39658,0
VRTS.US,D,20240618,000000,216.91,220.752,216.01,217.33,45264,0
VRTS.US,D,20240620,000000,215.53,221.465,215.53,220,27488,0
VRTS.US,D,20240621,000000,219.83,221.57,219.01,219.21,106020,0
VRTS.US,D,20240624,000000,221.05,227.07,221.05,225.38,35970,0
VRTS.US,D,20240625,000000,224.28,224.28,219.825,222.7,35645,0
VRTS.US,D,20240626,000000,221.57,222.735,219.49,220.33,19989,0
VRTS.US,D,20240627,000000,221.81,222.53,219.51,220.83,23842,0
VRTS.US,D,20240628,000000,223.31,226.02,219.345,225.85,313402,0
VRTS.US,D,20240701,000000,224.98,226.66,221.67,222.92,31608,0
VRTS.US,D,20240702,000000,223.82,225.95,223,225.43,16717,0
VRTS.US,D,20240703,000000,225.03,226.78,225.03,226.7,10904,0
VRTS.US,D,20240705,000000,225.51,225.51,221.44,221.46,15726,0
VRTS.US,D,20240708,000000,221.83,222.78,221.11,222.08,43016,0
VRTS.US,D,20240709,000000,221.35,224.4999,220.45,222.73,24409,0
VRTS.US,D,20240710,000000,222.46,227.16,222.46,227.16,16599,0
VRTS.US,D,20240711,000000,231.73,235.15,229.46,229.79,65102,0
VRTS.US,D,20240712,000000,232.31,233.4,229.95,230.93,39605,0
VRTS.US,D,20240715,000000,231.7,238.97,230.5,231.54,68854,0
VRTS.US,D,20240716,000000,234.75,244.8672,234.74,243.63,55816,0
VRTS.US,D,20240717,000000,242.75,247.89,239.66,244.86,70830,0
VRTS.US,D,20240718,000000,242.82,248.71,242.81,243.39,27809,0
VRTS.US,D,20240719,000000,243.47,244.82,239.56,240.3,25384,0
VRTS.US,D,20240722,000000,240.8,242.81,237.88,241.61,36545,0
VRTS.US,D,20240723,000000,240.5,246.34,240.5,241.18,62538,0
VRTS.US,D,20240724,000000,240.22,244.77,237.395,237.4,49508,0
VRTS.US,D,20240725,000000,238.06,248.35,238.06,245.79,68164,0
VRTS.US,D,20240726,000000,242.2,247.05,231.125,234.48,36800,0
VRTS.US,D,20240729,000000,232.24,232.24,224.08,226.29,41600,0
VRTS.US,D,20240730,000000,228.74,233,225.5,229.34,43685,0
VRTS.US,D,20240731,000000,227.55,230.19,225,226,52010,0
VRTS.US,D,20240801,000000,225.4,227.04,214.65,214.81,52883,0
VRTS.US,D,20240802,000000,208.01,210.15,204.56,207.23,42171,0
VRTS.US,D,20240805,000000,196.42,199.02,193.84,196.09,56967,0
VRTS.US,D,20240806,000000,196.52,200.17,194.1,196.84,41921,0
VRTS.US,D,20240807,000000,199.48,199.5,192.39,192.39,37224,0
VRTS.US,D,20240808,000000,195.81,198.595,192.6,197.87,27374,0
VRTS.US,D,20240809,000000,198.32,198.32,195.93,197.49,20931,0
VRTS.US,D,20240812,000000,197.21,200,194.92,197.46,47797,0
VRTS.US,D,20240813,000000,196.51,198.36,194.67,197.24,49269,0
VRTS.US,D,20240814,000000,197.32,201.34,191.44,200.42,44783,0
VRTS.US,D,20240815,000000,205.84,208.7094,205.43,206,35349,0
VRTS.US,D,20240816,000000,205.36,208.555,205.36,208.12,23911,0
VRTS.US,D,20240819,000000,207.65,211.14,207.09,210.75,39497,0
VRTS.US,D,20240820,000000,210.09,210.09,207.27,209.54,26822,0
VRTS.US,D,20240821,000000,209.39,211.16,206.99,207.89,23255,0
VRTS.US,D,20240822,000000,207.93,211.355,207.93,209.95,23028,0
VRTS.US,D,20240823,000000,210.2,218.745,210.2,216.74,25752,0
VRTS.US,D,20240826,000000,219.94,220.46,213.84,214.45,37247,0
VRTS.US,D,20240827,000000,209.71,212.665,209.465,209.68,25993,0
VRTS.US,D,20240828,000000,207.53,209.92,204.07,204.37,31961,0
VRTS.US,D,20240829,000000,207.03,208.42,204.6,207.78,36830,0
VRTS.US,D,20240830,000000,209.9,212.08,207.3,211.66,36209,0
VRTS.US,D,20240903,000000,210.23,210.23,204.39,205.65,44000,0
VRTS.US,D,20240904,000000,203.62,206.04,201.195,202.19,24127,0
VRTS.US,D,20240905,000000,203.97,204.8,201.09,201.9,17247,0
VRTS.US,D,20240906,000000,200.08,202.115,196.78,197.04,23515,0
VRTS.US,D,20240909,000000,197.96,199.52,195.71,196.74,32810,0
VRTS.US,D,20240910,000000,197.85,197.85,193.2332,195.75,35306,0
VRTS.US,D,20240911,000000,194.05,196.11,190.42,194.99,40181,0
VRTS.US,D,20240912,000000,194.82,198.355,194.82,197.67,22837,0
VRTS.US,D,20240913,000000,200.71,204.42,199.47,203.98,32375,0
VRTS.US,D,20240916,000000,205.3,206.43,204.34,206.09,20461,0
VRTS.US,D,20240917,000000,208.57,209.28,206.16,206.38,24926,0
VRTS.US,D,20240918,000000,205.61,209.9,205.61,206.03,41691,0
VRTS.US,D,20240919,000000,211.1,211.28,209.305,209.85,23613,0
VRTS.US,D,20240920,000000,209.78,209.78,206.22,207.21,116347,0
VRTS.US,D,20240923,000000,208.46,209.63,207.2132,208.2,16157,0
VRTS.US,D,20240924,000000,208.46,210.1,207.2896,208.83,16799,0
VRTS.US,D,20240925,000000,207.5,207.79,204.19,204.26,21983,0
VRTS.US,D,20240926,000000,206.86,207.5075,205.25,206.81,24236,0
VRTS.US,D,20240927,000000,208.54,211.145,206.66,207.83,19508,0
VRTS.US,D,20240930,000000,207.92,209.45,204.0501,209.45,34255,0
VRTS.US,D,20241001,000000,207.78,207.78,203.14,205.13,21776,0
VRTS.US,D,20241002,000000,205.8644,206.5567,204.35,204.95,22963,0
VRTS.US,D,20241003,000000,204.44,205.51,203,204.19,20987,0
VRTS.US,D,20241004,000000,207,208.64,205.81,208.39,21961,0
VRTS.US,D,20241007,000000,206.67,206.67,203.42,205.37,18601,0
VRTS.US,D,20241008,000000,203.59,204.38,202,203.34,28859,0
VRTS.US,D,20241009,000000,203.985,206.06,203.985,205.88,23887,0
VRTS.US,D,20241010,000000,203.47,205.23,203.305,205.23,18363,0
VRTS.US,D,20241011,000000,205.99,208.15,205.99,207.91,19268,0
VRTS.US,D,20241014,000000,206.29,212.83,206.29,212.78,31171,0
VRTS.US,D,20241015,000000,213.97,222.04,213.97,217.59,38220,0
VRTS.US,D,20241016,000000,220.39,223.55,220.39,222.92,25201,0
VRTS.US,D,20241017,000000,223.29,224.15,223.08,223.65,15329,0
VRTS.US,D,20241018,000000,223.99,225.41,221.86,224.15,23619,0
VRTS.US,D,20241021,000000,223.65,223.65,216.4901,216.84,21880,0
VRTS.US,D,20241022,000000,216.63,216.63,214.44,215.14,16567,0
VRTS.US,D,20241023,000000,212.67,214,207,209.24,24500,0
VRTS.US,D,20241024,000000,211.06,214.9399,209.29,212.95,37170,0
VRTS.US,D,20241025,000000,223.61,223.61,210.08,213.74,28901,0
VRTS.US,D,20241028,000000,215.53,225.435,215.53,225.42,29096,0
VRTS.US,D,20241029,000000,225.4,225.4,221.9,223.94,44882,0
VRTS.US,D,20241030,000000,222.43,227.75,222.43,225.53,38335,0
VRTS.US,D,20241031,000000,221.29,223.98,216.37,216.37,29028,0
VRTS.US,D,20241101,000000,217.53,218.61,215.66,217.06,16576,0
VRTS.US,D,20241104,000000,215.37,215.45,213.6507,215.45,20282,0
VRTS.US,D,20241105,000000,213.58,218.52,213.58,218.52,22862,0
VRTS.US,D,20241106,000000,233.25,242.59,233.25,238.93,53987,0
VRTS.US,D,20241107,000000,237.01,238.2,234.725,234.77,49765,0
VRTS.US,D,20241108,000000,234.64,238.265,234.64,236.65,37937,0
VRTS.US,D,20241111,000000,240,245.59,238.73,244.05,27585,0
VRTS.US,D,20241112,000000,240.17,243.27,239.45,241.8,33429,0
VRTS.US,D,20241113,000000,242.35,245,238.04,238.64,26238,0
VRTS.US,D,20241114,000000,240.49,241.79,238.6501,241.53,26852,0
VRTS.US,D,20241115,000000,244.09,244.6,237.99,238,25217,0
VRTS.US,D,20241118,000000,235.623,239.17,235.35,235.88,20675,0
VRTS.US,D,20241119,000000,234.82,235.16,232.36,232.36,26954,0
VRTS.US,D,20241120,000000,231.9,235.75,231.9,234.48,20983,0
VRTS.US,D,20241121,000000,237.79,240.62,232.51,239.4,29314,0
VRTS.US,D,20241122,000000,242.39,244.42,240.38,242.09,31198,0
VRTS.US,D,20241125,000000,245,249.76,243.98,244.03,46948,0
VRTS.US,D,20241126,000000,240.795,248.5197,239.01,247.67,46869,0
VRTS.US,D,20241127,000000,250.99,250.99,244.96,246.92,40801,0
VRTS.US,D,20241129,000000,247.66,250.54,245.7175,246.97,20415,0
VRTS.US,D,20241202,000000,247.055,248.86,245.13,248.47,28534,0
VRTS.US,D,20241203,000000,250,250,243.15,246.37,23280,0
VRTS.US,D,20241204,000000,246.49,252.82,245.81,250.89,23062,0
VRTS.US,D,20241205,000000,250.82,250.89,247.61,247.61,25383,0
VRTS.US,D,20241206,000000,246.21,248.34,244.4592,245.55,21284,0
VRTS.US,D,20241209,000000,245.11,249.75,245.11,247.33,38745,0
VRTS.US,D,20241210,000000,245.04,247.2,244.21,245.69,45940,0
VRTS.US,D,20241211,000000,247.55,248.35,243.79,244.22,61647,0
VRTS.US,D,20241212,000000,244.98,246.78,242.43,242.67,24630,0
VRTS.US,D,20241213,000000,242.605,243.39,239.04,239.7,34767,0
VRTS.US,D,20241216,000000,240.07,240.135,237.94,238.05,26117,0
VRTS.US,D,20241217,000000,235.18,237.49,232.5,233.56,37611,0
VRTS.US,D,20241218,000000,235.63,236.12,220.03,220.92,48449,0
VRTS.US,D,20241219,000000,223.655,227.375,216.83,217.88,67717,0
VRTS.US,D,20241220,000000,220.59,223.68,214.68,221,196396,0
VRTS.US,D,20241223,000000,219.345,220.38,217.73,220.38,30698,0
VRTS.US,D,20241224,000000,219.58,223.5,219.58,223.5,14165,0
VRTS.US,D,20241226,000000,223.95,226.51,222.36,225.6,36896,0
VRTS.US,D,20241227,000000,223.72,223.88,220.79,222.92,24712,0
VRTS.US,D,20241230,000000,219.265,222.8425,219.265,220.65,46402,0
VRTS.US,D,20241231,000000,221.65,223.175,218.99,220.58,15568,0
VRTS.US,D,20250102,000000,223.96,223.96,217.22,219.21,51139,0
VRTS.US,D,20250103,000000,218.49,220.1,215.825,220.1,33697,0
VRTS.US,D,20250106,000000,222.22,222.29,216.78,217.37,22780,0
VRTS.US,D,20250107,000000,216.29,216.81,211.64,214.46,45133,0
VRTS.US,D,20250108,000000,212.85,215.54,211.73,214.57,38347,0
VRTS.US,D,20250110,000000,206.42,209,202.855,204.4,30942,0
VRTS.US,D,20250113,000000,204.765,205.29,201.3,205.29,28294,0
VRTS.US,D,20250114,000000,207.41,209.15,205.55,207.75,20792,0
VRTS.US,D,20250115,000000,214.43,215,207.39,209.93,42921,0
VRTS.US,D,20250116,000000,210.02,211.44,208.97,210.99,22786,0
VRTS.US,D,20250117,000000,209.27,215.9,207.8,210.08,33750,0
VRTS.US,D,20250121,000000,210,212.54,209.695,210.69,37473,0
VRTS.US,D,20250122,000000,210,210,207.57,209.08,56802,0
VRTS.US,D,20250123,000000,209.1625,211.43,207.12,210.42,19634,0
VRTS.US,D,20250124,000000,207.74,210.3862,207.74,208.84,53675,0
VRTS.US,D,20250127,000000,212.27,212.27,206.91,210.22,24601,0
VRTS.US,D,20250128,000000,209.22,215.28,208.58,212.2,56075,0
VRTS.US,D,20250129,000000,211.795,212.845,206.03,208.87,54727,0
VRTS.US,D,20250130,000000,209.55,213.865,208.87,211.21,32135,0
VRTS.US,D,20250131,000000,203.945,207.4,195.1489,199.5,67185,0
VRTS.US,D,20250203,000000,195.38,198.475,191.475,196.52,37259,0
VRTS.US,D,20250204,000000,195.17,195.2,193.08,194.56,26247,0
VRTS.US,D,20250205,000000,197.485,197.485,193.47,194.88,37954,0
VRTS.US,D,20250206,000000,192.42,193.86,190.76,191.27,32738,0
VRTS.US,D,20250207,000000,190.105,191.84,188.06,189.05,25139,0
VRTS.US,D,20250210,000000,187.195,189.77,184.9,185.39,22391,0
VRTS.US,D,20250211,000000,183.17,189.56,183.17,188.9,24338,0
VRTS.US,D,20250212,000000,183.95,185.07,181.65,184.43,55820,0
VRTS.US,D,20250213,000000,185,185.295,182.45,184.01,68935,0
VRTS.US,D,20250214,000000,187.815,188.165,185.6,186.85,38030,0
VRTS.US,D,20250218,000000,186.05,187.87,185.9562,186.91,38483,0
VRTS.US,D,20250219,000000,185.395,186.47,183.89,185.74,38401,0
VRTS.US,D,20250220,000000,182.86,184.675,181.88,182.29,39698,0
VRTS.US,D,20250221,000000,184.13,184.43,179.4,180.27,42034,0
VRTS.US,D,20250224,000000,182.11,182.73,180,180.82,36736,0
VRTS.US,D,20250225,000000,182.23,182.23,179.38,180.31,39949,0
VRTS.US,D,20250226,000000,180,181.97,180,181.1,33668,0
VRTS.US,D,20250227,000000,181,184.44,180.42,183.27,36920,0
VRTS.US,D,20250228,000000,184.43,188.43,184.185,187.77,55196,0
VRTS.US,D,20250303,000000,188.28,192,180.99,183.76,51056,0
VRTS.US,D,20250304,000000,180.05,181.77,175.27,177.02,56493,0
VRTS.US,D,20250305,000000,178.01,182.15,176.3,180.99,37017,0
VRTS.US,D,20250306,000000,180.23,181.36,175.0135,181.23,40066,0
VRTS.US,D,20250307,000000,180.405,182.52,177.62,181.64,55497,0
VRTS.US,D,20250310,000000,178.87,179.48,171.14,171.71,52432,0
VRTS.US,D,20250311,000000,170.14,177.65,170.14,175.91,37728,0
VRTS.US,D,20250312,000000,175.1,176.08,172.01,172.27,40530,0
VRTS.US,D,20250313,000000,170.03,170.3099,167.13,167.94,32628,0
VRTS.US,D,20250314,000000,170.995,174.01,168.56,173.32,31033,0
VRTS.US,D,20250317,000000,171.1737,176.975,171.1737,176.38,42713,0
VRTS.US,D,20250318,000000,174.795,176.43,171.68,175.76,39668,0
VRTS.US,D,20250319,000000,176.945,178.1,173.685,176.84,52165,0
VRTS.US,D,20250320,000000,175.48,179.26,174.1,176.95,41967,0
VRTS.US,D,20250321,000000,175.5,177.25,172.74,175.51,136625,0
VRTS.US,D,20250324,000000,178.51,180.9199,176.8002,178.8,27365,0
VRTS.US,D,20250325,000000,180.19,180.19,175.365,176.78,34020,0
VRTS.US,D,20250326,000000,178.0375,178.0375,171.49,174.77,68132,0
VRTS.US,D,20250327,000000,174.53,176.07,170.44,175.18,63772,0
VRTS.US,D,20250328,000000,172.655,174.815,169.7675,173.25,56481,0
VRTS.US,D,20250331,000000,169.04,174.42,169,172.36,39026,0
VRTS.US,D,20250401,000000,173.035,174.9,170.5,174.02,53882,0
VRTS.US,D,20250402,000000,174.19,175.03,171.6,175.01,64089,0
VRTS.US,D,20250403,000000,163.06076,169.09,160.17,161.76,56287,0
VRTS.US,D,20250404,000000,156.34,159.455,151.77,158.53,98755,0
