date,strategy,benchmark,invested,turnover,transaction_cost,holdings,stock_stop_exits,portfolio_stop_exits,stop_exits,coincident_stop_veto,portfolio_value,cash
2012-01-03,-0.00497512437810943,0.01672460383181784,1.0000000000000002,0.9950248756218907,0.0049751243781094535,10,0,0,0,False,0.9950248756218906,-1.3444106938820255e-16
2012-01-04,0.015495224851427958,-0.00013587695188621574,1.0000000000000002,0.0,0.0,10,0,0,0,False,1.010443009802416,-1.3444106938820255e-16
2012-01-05,0.010761228698342284,0.008118231353810179,1.0000000000000002,0.0,0.0,10,0,0,0,False,1.021316618117541,-1.3444106938820255e-16
2012-01-06,0.013206135100507055,0.0016330069129839586,1.0000000000000002,0.0,0.0,10,0,0,0,False,1.0348042633567942,-1.3444106938820255e-16
2012-01-09,0.019189267446489078,0.0008750588956780714,1.0000000000000002,0.0,0.0,10,0,0,0,False,1.054661399121115,-1.3444106938820255e-16
2012-01-10,0.0057620790653591936,0.009691506646908321,1.0000000000000002,0.0,0.0,10,0,0,0,False,1.0607384414900332,-1.3444106938820255e-16
2012-01-11,-0.004027573674347473,0.0030564292321924036,1.0000000000000002,0.0,0.0,10,0,0,0,False,1.0564662392677195,-1.3444106938820255e-16
2012-01-12,0.00522399848874322,0.00514246927061035,1.0000000000000002,0.0,0.0,10,0,0,0,False,1.0619852173050623,-1.3444106938820255e-16
2012-01-13,0.0022019336207286244,-0.005149227437883042,1.0000000000000002,0.0,0.0,10,0,0,0,False,1.0643236382597632,-1.3444106938820255e-16
2012-01-17,0.005024330469750371,0.006422840346587577,1.0000000000000002,0.0,0.0,10,0,0,0,False,1.0696711519451472,-1.3444106938820255e-16
2012-01-18,0.017137344139664945,0.01525977921249444,1.0000000000000002,0.0,0.0,10,0,0,0,False,1.088002474592303,-1.3444106938820255e-16
2012-01-19,0.007051406171027397,0.006722761588758397,1.0000000000000002,0.0,0.0,10,0,0,0,False,1.0956744219557362,-1.3444106938820255e-16
2012-01-20,0.003019475977253272,-0.000584615142948941,1.0000000000000002,0.0,0.0,10,0,0,0,False,1.0989827845517224,-1.3444106938820255e-16
2012-01-23,-0.00414326476413307,-0.0009079197617253287,1.0000000000000002,0.0,0.0,10,0,0,0,False,1.0944294079041004,-1.3444106938820255e-16
2012-01-24,-0.0002141078254705997,0.0008871585027911966,1.0000000000000002,0.0,0.0,10,0,0,0,False,1.094195082003443,-1.3444106938820255e-16
2012-01-25,0.012906805264093935,0.011365013470165275,1.0000000000000002,0.0,0.0,10,0,0,0,False,1.1083176448477907,-1.3444106938820255e-16
2012-01-26,0.02643464435862697,-0.004623373417992571,1.0000000000000002,0.0,0.0,10,0,0,0,False,1.137615627625733,-1.3444106938820255e-16
2012-01-27,0.00473650161410033,0.004017424285632787,1.0000000000000002,0.0,0.0,10,0,0,0,False,1.143003945882208,-1.3444106938820255e-16
2012-01-30,-3.8692915041882436e-05,-0.0016367896895138623,1.0000000000000002,0.0,0.0,10,0,0,0,False,1.1429597197276375,-1.3444106938820255e-16
2012-01-31,-0.005052538413173102,0.0006757612422656489,1.0000000000000002,0.0,0.0,10,0,0,0,False,1.137184871839004,-1.3444106938820255e-16
2012-02-01,0.002789375525521054,0.01223591205484631,0.9999999999999998,0.2977480726680205,0.0017002265526876404,10,0,0,0,False,1.1403569074885045,1.1535911115245767e-16
2012-02-02,0.0010299476958455234,0.004005905339030447,0.9999999999999998,0.0,0.0,10,0,0,0,False,1.1415314154578138,1.1535911115245767e-16
2012-02-03,0.025591777278631156,0.016078722657035804,0.9999999999999998,0.0,0.0,10,0,0,0,False,1.1707452331987707,1.1535911115245767e-16
2012-02-06,0.000365226537630825,-0.0012630177399634013,0.9999999999999998,0.0,0.0,10,0,0,0,False,1.1711728204267395,1.1535911115245767e-16
2012-02-07,-0.001527650214535936,0.0007202299111990218,0.9999999999999998,0.0,0.0,10,0,0,0,False,1.169383678016356,1.1535911115245767e-16
2012-02-08,0.0014675761832880774,0.004056361944011044,0.9999999999999998,0.0,0.0,10,0,0,0,False,1.1710998376513386,1.1535911115245767e-16
2012-02-09,0.004537777243407204,0.0038993297380762737,0.9999999999999998,0.0,0.0,10,0,0,0,False,1.1764140278443909,1.1535911115245767e-16
2012-02-10,-0.0056900994561418505,-0.007976858668434006,0.9999999999999998,0.0,0.0,10,0,0,0,False,1.169720115024356,1.1535911115245767e-16
2012-02-13,0.008682263627910247,0.009473532290367848,0.9999999999999998,0.0,0.0,10,0,0,0,False,1.1798759334338669,1.1535911115245767e-16
2012-02-14,0.005662268180742558,0.00015016767302089562,0.9999999999999998,0.0,0.0,10,0,0,0,False,1.1865567073889733,1.1535911115245767e-16
2012-02-15,-0.006111434621752787,-0.00545734215635485,0.9999999999999998,0.0,0.0,10,0,0,0,False,1.1793051436467634,1.1535911115245767e-16
2012-02-16,0.01748969038977366,0.0150969015650122,0.9999999999999998,0.0,0.0,10,0,0,0,False,1.199930825484213,1.1535911115245767e-16
2012-02-17,-0.015155184066951932,-0.002726523211428855,0.9999999999999998,0.0,0.0,10,0,0,0,False,1.1817456529563901,1.1535911115245767e-16
2012-02-21,-0.007497068016521724,-0.001087445541334442,0.9999999999999998,0.0,0.0,10,0,0,0,False,1.1728860254179472,1.1535911115245767e-16
2012-02-22,-0.006370451241260899,-0.005222938399870536,0.9999999999999998,0.0,0.0,10,0,0,0,False,1.165414212181466,1.1535911115245767e-16
2012-02-23,0.011056537255135002,0.008117531821119517,0.9999999999999998,0.0,0.0,10,0,0,0,False,1.178299657836114,1.1535911115245767e-16
2012-02-24,-0.002570191162429958,0.002289498068975826,0.9999999999999998,0.0,0.0,10,0,0,0,False,1.1752712024688494,1.1535911115245767e-16
2012-02-27,0.0011600819758139647,0.0008131252636018882,0.9999999999999998,0.0,0.0,10,0,0,0,False,1.1766346134075267,1.1535911115245767e-16
2012-02-28,0.011426753612583607,0.006945040285926574,0.9999999999999998,0.0,0.0,10,0,0,0,False,1.190079727226972,1.1535911115245767e-16
2012-02-29,-0.0020296292367782964,-0.0066527273701268985,0.9999999999999998,0.0,0.0,10,0,0,0,False,1.187664306618495,1.1535911115245767e-16
2012-03-01,0.004055318983644751,0.007442170334665876,1.0000000000000002,0.6061984365449645,0.0036253880942966753,10,0,0,0,False,1.1924806642273225,-2.0860049798621105e-16
2012-03-02,-0.0010874020633533377,-0.004275753855006892,1.0000000000000002,0.0,0.0,10,0,0,0,False,1.1911839582925328,-2.0860049798621105e-16
2012-03-05,-0.008834400239577156,-0.008638528072418938,1.0000000000000002,0.0,0.0,10,0,0,0,False,1.1806605624460127,-2.0860049798621105e-16
2012-03-06,-0.011081312103908059,-0.013611310701987511,1.0000000000000002,0.0,0.0,10,0,0,0,False,1.1675772942647729,-2.0860049798621105e-16
2012-03-07,0.008738603561913916,0.00871718543949851,1.0000000000000002,0.0,0.0,10,0,0,0,False,1.1777802893672449,-2.0860049798621105e-16
2012-03-08,0.011510615346210784,0.01183026858524805,1.0000000000000002,0.0,0.0,10,0,0,0,False,1.1913372652405,-2.0860049798621105e-16
2012-03-09,0.00851973971646447,0.006032884441691255,1.0000000000000002,0.0,0.0,10,0,0,0,False,1.2014871486548737,-2.0860049798621105e-16
2012-03-12,0.0004919579953255315,-0.0015661537319663354,1.0000000000000002,0.0,0.0,10,0,0,0,False,1.2020782298639354,-2.0860049798621105e-16
2012-03-13,0.016849218573788294,0.018842630153657947,1.0000000000000002,0.0,0.0,10,0,0,0,False,1.2223323087017055,-2.0860049798621105e-16
2012-03-14,-0.0034058041741926726,0.00027964920587830733,1.0000000000000002,0.0,0.0,10,0,0,0,False,1.2181692842224787,-2.0860049798621105e-16
2012-03-15,0.004992577513029284,0.005143534611754541,1.0000000000000002,0.0,0.0,10,0,0,0,False,1.224251088797951,-2.0860049798621105e-16
2012-03-16,0.0010090420530217692,-0.00036320863104888357,1.0000000000000002,0.0,0.0,10,0,0,0,False,1.2254864096300058,-2.0860049798621105e-16
2012-03-19,0.004872499310346834,0.007547671883898488,1.0000000000000002,0.0,0.0,10,0,0,0,False,1.2314575913157675,-2.0860049798621105e-16
2012-03-20,0.0029647408287032384,-0.0013546999222076028,1.0000000000000002,0.0,0.0,10,0,0,0,False,1.235108543915558,-2.0860049798621105e-16
2012-03-21,0.004726697253457424,0.0003806580804663895,1.0000000000000002,0.0,0.0,10,0,0,0,False,1.2409465280778054,-2.0860049798621105e-16
2012-03-22,-0.0011549646712042394,-0.003902032832289515,1.0000000000000002,0.0,0.0,10,0,0,0,False,1.239513278679022,-2.0860049798621105e-16
2012-03-23,-0.0005909361370043387,0.0015015734072321152,1.0000000000000002,0.0,0.0,10,0,0,0,False,1.2387808054903537,-2.0860049798621105e-16
2012-03-26,0.018507761832816882,0.01781343769763999,1.0000000000000002,0.0,0.0,10,0,0,0,False,1.2617078656014342,-2.0860049798621105e-16
2012-03-27,0.0010635868931723191,-0.0007109528141577837,1.0000000000000002,0.0,0.0,10,0,0,0,False,1.2630498015503002,-2.0860049798621105e-16
2012-03-28,-0.006451637814485323,-0.004932170912488321,1.0000000000000002,0.0,0.0,10,0,0,0,False,1.2549010616890401,-2.0860049798621105e-16
2012-03-29,0.00019587122963860004,-0.0030917950633825297,1.0000000000000002,0.0,0.0,10,0,0,0,False,1.255146860703068,-2.0860049798621105e-16
2012-03-30,0.00035417669881532277,-0.0012244132758576498,1.0000000000000002,0.0,0.0,10,0,0,0,False,1.2555914044747203,-2.0860049798621105e-16
2012-04-02,0.006770273143535732,0.00909890414582537,1.0,0.4354155538796059,0.0027580312606253843,10,0,0,0,False,1.2640921012396897,7.546047120499111e-17
2012-04-03,0.00451882653461344,-0.001964900471199127,1.0,0.0,0.0,10,0,0,0,False,1.269804314168967,7.546047120499111e-17
2012-04-04,-0.013110976206149205,-0.014607026191573502,1.0,0.0,0.0,10,0,0,0,False,1.253155940019432,7.546047120499111e-17
2012-04-05,0.010063772624958833,0.004044829061571553,1.0,0.0,0.0,10,0,0,0,False,1.265767416463404,7.546047120499111e-17
2012-04-09,-0.00912306375635985,-0.010848855705242633,1.0,0.0,0.0,10,0,0,0,False,1.2542197396222856,7.546047120499111e-17
2012-04-10,-0.028602889149570543,-0.018332337243120223,1.0,0.0,0.0,10,0,0,0,False,1.218345431440666,7.546047120499111e-17
2012-04-11,0.00912775256046161,0.008438028630458616,1.0,0.0,0.0,10,0,0,0,False,1.2294661870720254,7.546047120499111e-17
2012-04-12,0.006894282918562977,0.01295889884168866,1.0,0.0,0.0,10,0,0,0,False,1.2379424748045067,7.546047120499111e-17
2012-04-13,-0.005705237184752354,-0.014471993585442933,1.0,0.0,0.0,10,0,0,0,False,1.2308797193646677,7.546047120499111e-17
2012-04-16,-0.009406882512653758,-0.007614641782380582,1.0,0.0,0.0,10,0,0,0,False,1.219300978457396,7.546047120499111e-17
2012-04-17,0.020023345158544092,0.018210481134067757,1.0,0.0,0.0,10,0,0,0,False,1.243715462801199,7.546047120499111e-17
2012-04-18,-0.00014596213727957608,-0.003736698071634348,1.0,0.0,0.0,10,0,0,0,False,1.2435339274340809,7.546047120499111e-17
2012-04-19,-0.018845320977819546,-0.007880684161044926,1.0,0.0,0.0,10,0,0,0,False,1.220099131424777,7.546047120499111e-17
2012-04-20,0.0022195581589554703,-0.002364075783556352,1.0,0.0,0.0,10,0,0,0,False,1.2228072124066656,7.546047120499111e-17
2012-04-23,-0.013196750592698092,-0.009998500224966289,1.0,0.0,0.0,10,0,0,0,False,1.2066701306015823,7.546047120499111e-17
2012-04-24,-0.01213839471897915,-0.002979312898719,1.0,0.0,0.0,10,0,0,0,False,1.1920230922607382,7.546047120499111e-17
2012-04-25,0.023282090540570843,0.022970623211418628,1.0,0.0,0.0,10,0,0,0,False,1.2197758818212039,7.546047120499111e-17
2012-04-26,0.00483762180805436,0.006925004271973956,1.0,0.0,0.0,10,0,0,0,False,1.2256766962280408,7.546047120499111e-17
2012-04-27,0.006229997086964589,0.006093830214487284,1.0,0.0,0.0,10,0,0,0,False,1.2333126584751017,7.546047120499111e-17
2012-04-30,-0.005847410811377185,-0.007441646031539184,1.0,0.0,0.0,10,0,0,0,False,1.2261009727021261,7.546047120499111e-17
2012-05-01,0.005211642556720353,0.0013392376035912257,1.0,0.2516901467841977,0.0015529835224118126,10,0,0,0,False,1.2324909727102968,-7.979727989493313e-17
2012-05-02,0.011709683493360545,0.003084866546624987,1.0,0.0,0.0,10,0,0,0,False,1.2469230519091585,-7.979727989493313e-17
2012-05-03,-0.01585868309214078,-0.011618248880884696,1.0,0.0,0.0,10,0,0,0,False,1.2271484943886461,-7.979727989493313e-17
2012-05-04,-0.024966450538179252,-0.022471282610852183,1.0,0.0,0.0,10,0,0,0,False,1.1965109522004909,-7.979727989493313e-17
2012-05-07,0.0011132085573128947,0.0004802898015692225,1.0,0.0,0.0,10,0,0,0,False,1.197842918431399,-7.979727989493313e-17
2012-05-08,-0.012829739144937125,-0.003884696527101661,1.0,0.0,0.0,10,0,0,0,False,1.182474906251314,-7.979727989493313e-17
2012-05-09,-0.0027179186000196864,-0.003923605100686567,1.0,0.0,0.0,10,0,0,0,False,1.179261035709557,-7.979727989493313e-17
2012-05-10,0.008510666076386286,-0.0003646356880236956,1.0,0.0,0.0,10,0,0,0,False,1.1892973326013745,-7.979727989493313e-17
2012-05-11,-9.749240448009289e-05,6.142539852960205e-05,1.0,0.0,0.0,10,0,0,0,False,1.1891813851447774,-7.979727989493313e-17
2012-05-14,-0.011295718997968218,-0.010648232998335394,1.0,0.0,0.0,10,0,0,0,False,1.1757487263805675,-7.979727989493313e-17
2012-05-15,-0.002174110867247392,-0.0030387102839987135,1.0,0.0,0.0,10,0,0,0,False,1.1731925182973912,-7.979727989493313e-17
2012-05-16,-0.005549121516160382,-0.006814663275461763,1.0,0.0,0.0,10,0,0,0,False,1.1666823304515088,-7.979727989493313e-17
2012-05-17,-0.0333016705567557,-0.02099835075364298,1.0,0.0,0.0,10,0,0,0,False,1.1278298598384247,-7.979727989493313e-17
2012-05-18,-0.01446399337190385,-0.012403605670973206,1.0,0.0,0.0,10,0,0,0,False,1.1115169362210864,-7.979727989493313e-17
2012-05-21,0.029267186397607503,0.02462222766024058,1.0,0.0,0.0,10,0,0,0,False,1.1440479095775666,-7.979727989493313e-17
2012-05-22,0.00016309613203380202,-0.0028553917694865705,1.0,0.0,0.0,10,0,0,0,False,1.1442344993664801,-7.979727989493313e-17
2012-05-23,0.012360014427973853,0.003888583488715236,1.0,0.0,0.0,10,0,0,0,False,1.1583772542876354,-7.979727989493313e-17
2012-05-24,0.005805218056443628,-0.0037683324292194786,1.0,0.0,0.0,10,0,0,0,False,1.1651018868403995,-7.979727989493313e-17
2012-05-25,-0.0054299452870649745,-0.0006515154946330481,1.0,0.0,0.0,10,0,0,0,False,1.158775447341,-7.979727989493313e-17
2012-05-29,0.01442768260237881,0.011791945812026583,1.0,0.0,0.0,10,0,0,0,False,1.1754938917026654,-7.979727989493313e-17
2012-05-30,-0.013353770941995413,-0.011713694579221778,1.0,0.0,0.0,10,0,0,0,False,1.1597966155291533,-7.979727989493313e-17
2012-05-31,-0.007126091281687952,-0.0035314516476072644,1.0,0.0,0.0,10,0,0,0,False,1.1515317989786997,-7.979727989493313e-17
2012-06-01,-0.03904397917805691,-0.028245664538199655,1.0,0.2697373605555217,0.0014944337874029008,10,0,0,0,False,1.106571415396505,9.259086553026208e-17
2012-06-04,0.00816857514239655,0.00456054275190354,1.0,0.0,0.0,10,0,0,0,False,1.1156105271535994,9.259086553026208e-17
2012-06-05,-0.0041689622855182185,0.0065579834855669095,1.0,0.0,0.0,10,0,0,0,False,1.110959588940569,9.259086553026208e-17
2012-06-06,0.02575352994791369,0.023976695524054348,1.0,0.0,0.0,10,0,0,0,False,1.1395707199852718,9.259086553026208e-17
2012-06-07,-0.01453050922116883,-0.0048159397058409326,1.0,0.0,0.0,10,0,0,0,False,1.1230121771303518,9.259086553026208e-17
2012-06-08,0.018097093084559868,0.009678455115117446,1.0,0.0,0.0,10,0,0,0,False,1.143335433034974,9.259086553026208e-17
2012-06-11,-0.018723003813754246,-0.01703385146458003,1.0,0.0,0.0,10,0,0,0,False,1.1219287593618599,9.259086553026208e-17
2012-06-12,0.01336220695563517,0.011865944414587881,1.0,0.0,0.0,10,0,0,0,False,1.136920203633932,9.259086553026208e-17
2012-06-13,-0.0049769796883197825,-0.008603375625525378,1.0,0.0,0.0,10,0,0,0,False,1.1312617748732057,9.259086553026208e-17
2012-06-14,-0.00044308506939538805,0.006286786526451538,1.0,0.0,0.0,10,0,0,0,False,1.1307605296711816,9.259086553026208e-17
2012-06-15,0.018657521355482265,0.012858129595000323,1.0,0.0,0.0,10,0,0,0,False,1.151857718401458,9.259086553026208e-17
2012-06-18,0.011515550826108667,0.007842557783347193,1.0,0.0,0.0,10,0,0,0,False,1.1651219945021556,9.259086553026208e-17
2012-06-19,0.00905935271613556,0.011891528361481107,1.0,0.0,0.0,10,0,0,0,False,1.175677245607678,9.259086553026208e-17
2012-06-20,-0.004249938875675707,0.00023551417180911471,1.0,0.0,0.0,10,0,0,0,False,1.1706806891763226,9.259086553026208e-17
2012-06-21,-0.02645250713384084,-0.024351174734255854,1.0,0.0,0.0,10,0,0,0,False,1.1397132498944362,9.259086553026208e-17
2012-06-22,0.009159316304668597,0.011657485015949653,1.0,0.0,0.0,10,0,0,0,False,1.1501522440468412,9.259086553026208e-17
2012-06-25,-0.011641245400347833,-0.019450841145160047,1.0,0.0,0.0,10,0,0,0,False,1.1367630395261312,9.259086553026208e-17
2012-06-26,0.007144113025262744,0.00631142129891904,1.0,0.0,0.0,10,0,0,0,False,1.1448842031634472,9.259086553026208e-17
2012-06-27,-0.007037600502323493,0.007449037250476964,1.0,0.0,0.0,10,0,0,0,False,1.136826965520162,9.259086553026208e-17
2012-06-28,-0.021536369318708948,-0.00898338240671015,1.0,0.0,0.0,10,0,0,0,False,1.1123438401392525,9.259086553026208e-17
2012-06-29,0.036107427633820244,0.030026425781455757,1.0,0.0,0.0,10,0,0,0,False,1.1525077148510063,9.259086553026208e-17
2012-07-02,0.0011681670604810623,0.005512682918519252,1.0,0.2667918844190392,0.001541250429110668,10,0,0,0,False,1.1538540364004455,-9.367506770274758e-17
2012-07-03,0.009716080618574097,0.008420251894972752,1.0,0.0,0.0,10,0,0,0,False,1.1650649752401794,-9.367506770274758e-17
2012-07-05,0.014315729843595193,1.344049845974915e-05,1.0,0.0,0.0,10,0,0,0,False,1.1817437306759526,-9.367506770274758e-17
2012-07-06,-0.010333874986868885,-0.013033748201223494,1.0,0.0,0.0,10,0,0,0,False,1.1695317386966313,-9.367506770274758e-17
2012-07-09,-0.00526742572807104,-0.0018929094826625192,1.0,0.0,0.0,10,0,0,0,False,1.163371317126425,-9.367506770274758e-17
2012-07-10,-0.009533039624142092,-0.010041681305150041,1.0,0.0,0.0,10,0,0,0,False,1.1522808522626684,-9.367506770274758e-17
2012-07-11,-0.010150649262095968,-0.004944337654769204,1.0,0.0,0.0,10,0,0,0,False,1.140584453479921,-9.367506770274758e-17
2012-07-12,0.0005584393512467756,-0.007545100727844423,1.0,0.0,0.0,10,0,0,0,False,1.1412214007221644,-9.367506770274758e-17
2012-07-13,0.017469795674739164,0.014751325444277041,1.0,0.0,0.0,10,0,0,0,False,1.1611583054124202,-9.367506770274758e-17
2012-07-16,-0.004042574954988165,-0.003964318009125001,1.0,0.0,0.0,10,0,0,0,False,1.1564642359281834,-9.367506770274758e-17
2012-07-17,0.006812093736970892,0.004522047557838471,1.0,0.0,0.0,10,0,0,0,False,1.1643421787067805,-9.367506770274758e-17
2012-07-18,0.0167592931175522,0.011188884001594568,1.0,0.0,0.0,10,0,0,0,False,1.1838557305688568,-9.367506770274758e-17
2012-07-19,0.007101817811497213,0.007918099370689102,1.0,0.0,0.0,10,0,0,0,False,1.1922632582824537,-9.367506770274758e-17
2012-07-20,-0.021257303594566457,-0.013688897592261884,1.0,0.0,0.0,10,0,0,0,False,1.1669189562364966,-9.367506770274758e-17
2012-07-23,-0.005196719110926007,-0.012015895805558507,1.0,0.0,0.0,10,0,0,0,False,1.1608548061957205,-9.367506770274758e-17
2012-07-24,-0.010168404599973146,-0.009397401844105091,1.0,0.0,0.0,10,0,0,0,False,1.149050764844499,-9.367506770274758e-17
2012-07-25,-0.010451499270523024,-0.00305624539380156,1.0,0.0,0.0,10,0,0,0,False,1.1370414616139328,-9.367506770274758e-17
2012-07-26,0.02985059293183112,0.013667386064241338,1.0,0.0,0.0,10,0,0,0,False,1.1709828234311845,-9.367506770274758e-17
2012-07-27,0.022342865703038894,0.02241081828393665,1.0,0.0,0.0,10,0,0,0,False,1.1971459353956728,-9.367506770274758e-17
2012-07-30,-0.002965917902774118,-0.004141185557532512,1.0,0.0,0.0,10,0,0,0,False,1.1935952988336496,-9.367506770274758e-17
2012-07-31,-0.012460442848094444,-0.002145432129870173,1.0,0.0,0.0,10,0,0,0,False,1.1787225728287787,-9.367506770274758e-17
2012-08-01,-0.015277665307864452,-0.006569099716960625,1.0,0.2674250957994845,0.0015540988819512072,10,0,0,0,False,1.1607144438702757,-8.023096076392733e-17
2012-08-02,0.0010955658119535805,-0.0035750853534506355,1.0,0.0,0.0,10,0,0,0,False,1.1619860829324207,-8.023096076392733e-17
2012-08-03,0.024537607318318777,0.019977489629764422,1.0,0.0,0.0,10,0,0,0,False,1.1904984411447679,-8.023096076392733e-17
2012-08-06,0.0006760510316172752,0.007416018309782002,1.0,0.0,0.0,10,0,0,0,False,1.1913032788440425,-8.023096076392733e-17
2012-08-07,0.018589282348546066,0.008679258194368877,1.0,0.0,0.0,10,0,0,0,False,1.2134487518572232,-8.023096076392733e-17
2012-08-08,-0.019540680791529152,-0.0015286186517736722,1.0,0.0,0.0,10,0,0,0,False,1.1897371371403018,-8.023096076392733e-17
2012-08-09,-0.011796808064145847,0.0024540971357409624,1.0,0.0,0.0,10,0,0,0,False,1.1757020364866713,-8.023096076392733e-17
2012-08-10,-0.00925728147146343,0.0007354968043720156,1.0,0.0,0.0,10,0,0,0,False,1.1648182318083413,-8.023096076392733e-17
2012-08-13,-0.0029756017055549977,0.0005494792691658201,1.0,0.0,0.0,10,0,0,0,False,1.161352196691111,-8.023096076392733e-17
2012-08-14,0.007249004755078836,-0.0018329076399825617,1.0,0.0,0.0,10,0,0,0,False,1.169770844287246,-8.023096076392733e-17
2012-08-15,0.009464540462842619,0.004623795981411938,1.0,0.0,0.0,10,0,0,0,False,1.1808421877752564,-8.023096076392733e-17
2012-08-16,0.010457616685297877,0.010379652792365857,1.0,0.0,0.0,10,0,0,0,False,1.1931909827408387,-8.023096076392733e-17
2012-08-17,0.013693178691346786,0.00463696670368452,1.0,0.0,0.0,10,0,0,0,False,1.2095295600804128,-8.023096076392733e-17
2012-08-20,-0.007467136522166018,-0.00012354586982510352,1.0,0.0,0.0,10,0,0,0,False,1.200497837727697,-8.023096076392733e-17
2012-08-21,-0.00276523480494828,-0.0029094242590720354,1.0,0.0,0.0,10,0,0,0,False,1.1971781793235472,-8.023096076392733e-17
2012-08-22,0.010356616663433016,0.0020897804555204402,1.0,0.0,0.0,10,0,0,0,False,1.209576894804628,-8.023096076392733e-17
2012-08-23,-0.008773506428098599,-0.006594722484675408,1.0,0.0,0.0,10,0,0,0,False,1.19896466414278,-8.023096076392733e-17
2012-08-24,0.007053295668332682,0.005367819655722084,1.0,0.0,0.0,10,0,0,0,False,1.2074213164148622,-8.023096076392733e-17
2012-08-27,-0.0030130358254407685,0.001107535043113561,1.0,0.0,0.0,10,0,0,0,False,1.2037833127321034,-8.023096076392733e-17
2012-08-28,0.0010962440132424867,0.0012853094434548407,1.0,0.0,0.0,10,0,0,0,False,1.2051029529819273,-8.023096076392733e-17
2012-08-29,0.0020945045660738515,0.0013161572536886101,1.0,0.0,0.0,10,0,0,0,False,1.2076270466195371,-8.023096076392733e-17
2012-08-30,-0.013557466584598,-0.010541349625999952,1.0,0.0,0.0,10,0,0,0,False,1.191254683288336,-8.023096076392733e-17
2012-08-31,0.0027019115917610304,0.005986138399519891,1.0,0.0,0.0,10,0,0,0,False,1.1944733481258523,-8.023096076392733e-17
2012-09-04,0.0010736645448088389,0.0026410843310640253,1.0,0.27305335177554446,0.00163475754172884,10,0,0,0,False,1.1957558118094542,-2.4936649967166602e-17
2012-09-05,-0.012671148495468576,-0.0018829225484081613,1.0,0.0,0.0,10,0,0,0,False,1.180604212353697,-2.4936649967166602e-17
2012-09-06,0.014606960499801591,0.02167945472376176,1.0,0.0,0.0,10,0,0,0,False,1.1978492514494468,-2.4936649967166602e-17
2012-09-07,0.009304118756115143,0.00019446330630801256,1.0,0.0,0.0,10,0,0,0,False,1.208994183136856,-2.4936649967166602e-17
2012-09-10,-0.015649229787877417,-0.010330217583430001,1.0,0.0,0.0,10,0,0,0,False,1.1900743553527402,-2.4936649967166602e-17
2012-09-11,-0.0025244691470088787,0.00016430306505754722,1.0,0.0,0.0,10,0,0,0,False,1.1870700493600057,-2.4936649967166602e-17
2012-09-12,-0.010017425015591441,0.003150267512312732,1.0,0.0,0.0,10,0,0,0,False,1.1751786641522874,-2.4936649967166602e-17
2012-09-13,0.01455663686758446,0.013332005698469152,1.0,0.0,0.0,10,0,0,0,False,1.1922853132208853,-2.4936649967166602e-17
2012-09-14,0.009606206971753517,0.008910460674039333,1.0,0.0,0.0,10,0,0,0,False,1.203738652709067,-2.4936649967166602e-17
2012-09-17,-0.0065394990350198245,-0.0016583489062328427,1.0,0.0,0.0,10,0,0,0,False,1.19586680495126,-2.4936649967166602e-17
2012-09-18,-0.007678331948956729,-0.00027366792632343984,1.0,0.0,0.0,10,0,0,0,False,1.186684542656106,-2.4936649967166602e-17
2012-09-19,0.006381889985155986,0.0015168040782931325,1.0,0.0,0.0,10,0,0,0,False,1.1942578328544222,-2.4936649967166602e-17
2012-09-20,0.009393831704095357,-0.0020926468729334236,1.0,0.0,0.0,10,0,0,0,False,1.2054764899475543,-2.4936649967166602e-17
2012-09-21,0.0009590351565986754,0.0012594617060668334,1.0,0.0,0.0,10,0,0,0,False,1.2066325842818673,-2.4936649967166602e-17
2012-09-24,-0.0056170084926187025,-0.006031522409086887,1.0,0.0,0.0,10,0,0,0,False,1.1998549188084855,-2.4936649967166602e-17
2012-09-25,-0.013246754282704165,-0.013620055809009268,1.0,0.0,0.0,10,0,0,0,False,1.1839607355241355,-2.4936649967166602e-17
2012-09-26,-0.004608303341454789,-0.007707530799652362,1.0,0.0,0.0,10,0,0,0,False,1.1785046853104684,-2.4936649967166602e-17
2012-09-27,0.0167787471608436,0.01386692310178761,1.0,0.0,0.0,10,0,0,0,False,1.1982785174531623,-2.4936649967166602e-17
2012-09-28,-0.007160443253485416,-0.006494324858307587,1.0,0.0,0.0,10,0,0,0,False,1.1896983121270683,-2.4936649967166602e-17
2012-10-01,0.002744639659981507,-0.0008664315535117373,1.0,0.04005538660871574,0.00023897095247113026,10,0,0,0,False,1.1929636052979453,-7.87672878310719e-17
2012-10-02,0.0016012848478081931,0.002090874345196614,1.0,0.0,0.0,10,0,0,0,False,1.1948738798430956,-7.87672878310719e-17
2012-10-03,0.004062715921050675,0.004868527326572725,1.0,0.0,0.0,10,0,0,0,False,1.1997283129783818,-7.87672878310719e-17
2012-10-04,0.0012849481284464837,0.004538741974273064,1.0,0.0,0.0,10,0,0,0,False,1.2012699016287876,-7.87672878310719e-17
2012-10-05,9.66563399835696e-05,-0.00421345246486704,1.0,0.0,0.0,10,0,0,0,False,1.2013860119808113,-7.87672878310719e-17
2012-10-08,-0.008737358000091677,-0.0076015167321340504,1.0,0.0,0.0,10,0,0,0,False,1.1908890722978325,-7.87672878310719e-17
2012-10-09,-0.019236564276598367,-0.015207190219377997,1.0,0.0,0.0,10,0,0,0,False,1.1679804581122766,-7.87672878310719e-17
2012-10-10,-0.005053255369913745,-0.0043197108012345,1.0,0.0,0.0,10,0,0,0,False,1.1620783545903663,-7.87672878310719e-17
2012-10-11,-0.003914871949799337,-0.0007766287215985601,1.0,0.0,0.0,10,0,0,0,False,1.1575289666365116,-7.87672878310719e-17
2012-10-12,0.00027807474287078193,-0.0017379755998038204,1.0,0.0,0.0,10,0,0,0,False,1.1578508462062747,-7.87672878310719e-17
2012-10-15,0.00792400826476336,0.006592994123307161,1.0,0.0,0.0,10,0,0,0,False,1.1670256658809763,-7.87672878310719e-17
2012-10-16,0.009427458602617955,0.012071745526429423,1.0,0.0,0.0,10,0,0,0,False,1.178027752034262,-7.87672878310719e-17
2012-10-17,-0.0056067760475450035,0.0009513184040643718,1.0,0.0,0.0,10,0,0,0,False,1.171422814250813,-7.87672878310719e-17
2012-10-18,-0.007647294322396858,-0.01006726511644962,1.0,0.0,0.0,10,0,0,0,False,1.1624645992142666,-7.87672878310719e-17
2012-10-19,-0.027404503230446853,-0.021885077406949338,1.0,0.0,0.0,10,0,0,0,False,1.1306078343498192,-7.87672878310719e-17
2012-10-22,-0.010351642415295736,0.003772898644110123,1.0,0.0,0.0,10,0,0,0,False,1.118904186336698,-7.87672878310719e-17
2012-10-23,-0.013722765942172588,-0.008783676283411146,1.0,0.0,0.0,10,0,0,0,False,1.1035497260758824,-7.87672878310719e-17
2012-10-24,0.013547982986473084,-0.002929315222407358,1.0,0.0,0.0,10,0,0,0,False,1.1185005989894856,-7.87672878310719e-17
2012-10-25,-0.005462854773892856,0.0014824093637857416,1.0,0.0,0.0,10,0,0,0,False,1.112390392652694,-7.87672878310719e-17
2012-10-26,-0.0010600224624730537,0.0006128018762538989,1.0,0.0,0.0,10,0,0,0,False,1.1112112338494429,-7.87672878310719e-17
2012-10-31,-0.004546751561310458,-0.0035877441054903425,1.0,0.0,0.0,10,0,0,0,False,1.1061588324369922,-7.87672878310719e-17
2012-11-01,0.00891413431918009,0.014385888896726096,1.0,0.254030774296003,0.0014193189636916245,10,0,0,0,False,1.116019280847683,-1.0625181290357943e-16
2012-11-02,-0.0037458508975234395,-0.012559418933417943,1.0,0.0,0.0,10,0,0,0,False,1.1118388390228662,-1.0625181290357943e-16
2012-11-05,0.005610750575385515,0.005878348894191365,1.0,0.0,0.0,10,0,0,0,False,1.1180770894286496,-1.0625181290357943e-16
2012-11-06,0.00966450333111335,0.004090463722237203,1.0,0.0,0.0,10,0,0,0,False,1.1288827491838742,-1.0625181290357943e-16
2012-11-07,-0.021711157040231077,-0.024781420045665747,1.0,0.0,0.0,10,0,0,0,False,1.1043733985363353,-1.0625181290357943e-16
2012-11-08,-0.015050626515251131,-0.014200130051850501,1.0,0.0,0.0,10,0,0,0,False,1.0877518869815863,-1.0625181290357943e-16
2012-11-09,0.0028748869662111876,0.003208338115046505,1.0,0.0,0.0,10,0,0,0,False,1.0908790507039412,-1.0625181290357943e-16
2012-11-12,-7.703431726457932e-05,-0.00021346909798136693,1.0,0.0,0.0,10,0,0,0,False,1.090795015581052,-1.0625181290357943e-16
2012-11-13,0.0013421808778464328,-0.007010450202289742,1.0,0.0,0.0,10,0,0,0,False,1.0922590597926152,-1.0625181290357943e-16
2012-11-14,-0.024887070153127633,-0.012857564361246965,1.0,0.0,0.0,10,0,0,0,False,1.0650759319461671,-1.0625181290357943e-16
2012-11-15,0.0014695156243118568,-0.0034671086771823623,1.0,0.0,0.0,10,0,0,0,False,1.0666410776692405,-1.0625181290357943e-16
2012-11-16,0.0035980744679049437,0.005706853359847441,1.0,0.0,0.0,10,0,0,0,False,1.0704789316972207,-1.0625181290357943e-16
2012-11-19,0.022660767150753713,0.02206005411811085,1.0,0.0,0.0,10,0,0,0,False,1.094736805508199,-1.0625181290357943e-16
2012-11-20,0.004595989106565224,0.00020911705791992752,1.0,0.0,0.0,10,0,0,0,False,1.0997682039408707,-1.0625181290357943e-16
2012-11-21,-0.0020430594164148053,0.0033840189319369607,1.0,0.0,0.0,10,0,0,0,False,1.0975213121559357,-1.0625181290357943e-16
2012-11-23,0.013293949338276878,0.013770514769950948,1.0,0.0,0.0,10,0,0,0,False,1.1121117048774158,-1.0625181290357943e-16
2012-11-26,0.0028006860664970823,0.0033469503565415337,1.0,0.0,0.0,10,0,0,0,False,1.1152263806336544,-1.0625181290357943e-16
2012-11-27,0.0029635940757131163,-0.0030200417901222743,1.0,0.0,0.0,10,0,0,0,False,1.1185314589283792,-1.0625181290357943e-16
2012-11-28,0.004885206779914331,0.008083456039679415,1.0,0.0,0.0,10,0,0,0,False,1.1239957163950836,-1.0625181290357943e-16
2012-11-29,0.007070823071328558,0.0067685458155346545,1.0,0.0,0.0,10,0,0,0,False,1.1319432912386445,-1.0625181290357943e-16
2012-11-30,-0.0011559270163158386,-0.0005942835894729992,1.0,0.0,0.0,10,0,0,0,False,1.1306348474073642,-1.0625181290357943e-16
2012-12-03,-0.0011497361097467795,-0.0026708833847135516,0.9999999999999998,0.2463212218200821,0.0013926109295204336,10,0,0,0,False,1.129334915696362,1.5439038936193583e-16
2012-12-04,0.001593946550354275,-0.0018353540736792961,0.9999999999999998,0.0,0.0,10,0,0,0,False,1.1311350151894308,1.5439038936193583e-16
2012-12-05,-0.008038269216216198,-0.00767176476952125,0.9999999999999998,0.0,0.0,10,0,0,0,False,1.1220426474174494,1.5439038936193583e-16
2012-12-06,0.016810556153006084,0.005235901402293575,0.9999999999999998,0.0,0.0,10,0,0,0,False,1.140904808347928,1.5439038936193583e-16
2012-12-07,-0.007547045466188118,-0.003756770047536717,0.9999999999999998,0.0,0.0,10,0,0,0,False,1.1322943478867336,1.5439038936193583e-16
2012-12-10,-0.0035087600591969803,0.0029952586264792025,0.9999999999999998,0.0,0.0,10,0,0,0,False,1.128321398703614,1.5439038936193583e-16
2012-12-11,0.007381749561333306,0.011831427270535988,0.9999999999999998,0.0,0.0,10,0,0,0,False,1.1366503846935374,1.5439038936193583e-16
2012-12-12,0.0031548604585946993,-0.0028090857955861415,0.9999999999999998,0.0,0.0,10,0,0,0,False,1.1402363580474535,1.5439038936193583e-16
2012-12-13,-0.00875581344886689,-0.007183664292584324,0.9999999999999998,0.0,0.0,10,0,0,0,False,1.1302526612087747,1.5439038936193583e-16
2012-12-14,-0.007546217000578226,-0.006961459512909052,0.9999999999999998,0.0,0.0,10,0,0,0,False,1.1217235293618122,1.5439038936193583e-16
2012-12-17,0.011592363160712438,0.013216303365284121,0.9999999999999998,0.0,0.0,10,0,0,0,False,1.1347269558800903,1.5439038936193583e-16
2012-12-18,0.01867824630500059,0.014591742025119814,0.9999999999999998,0.0,0.0,10,0,0,0,False,1.155921665450942,1.5439038936193583e-16
2012-12-19,-0.0033736298254025687,-0.003329448393042611,0.9999999999999998,0.0,0.0,10,0,0,0,False,1.1520220136445478,1.5439038936193583e-16
2012-12-20,0.0030486374042610898,0.001980646113447726,0.9999999999999998,0.0,0.0,10,0,0,0,False,1.1555341110458768,1.5439038936193583e-16
2012-12-21,-0.006343707760187223,-0.009631522842375007,0.9999999999999998,0.0,0.0,10,0,0,0,False,1.148203740338474,1.5439038936193583e-16
2012-12-24,0.0020029878728378137,-0.002783804092008957,0.9999999999999998,0.0,0.0,10,0,0,0,False,1.150503578505919,1.5439038936193583e-16
2012-12-26,-0.011007029400008528,-0.007448781535923099,0.9999999999999998,0.0,0.0,10,0,0,0,False,1.1378399517924893,1.5439038936193583e-16
2012-12-27,0.004655254722171209,-0.001421328672088773,0.9999999999999998,0.0,0.0,10,0,0,0,False,1.1431368866011464,1.5439038936193583e-16
2012-12-28,-0.005403113185708186,-0.008573533983728066,0.9999999999999998,0.0,0.0,10,0,0,0,False,1.1369603886160824,1.5439038936193583e-16
2012-12-31,0.018925294039858098,0.019997871168969894,0.9999999999999998,0.0,0.0,10,0,0,0,False,1.158477698282313,1.5439038936193583e-16
2013-01-02,0.01888095932627043,0.030716904398395695,1.0000000000000002,0.2560555483716423,0.0015131141509994825,10,0,0,0,False,1.1803508685839728,-2.8731357570865868e-16
2013-01-03,0.004028076703468164,-0.003756080790165428,1.0000000000000002,0.0,0.0,10,0,0,0,False,1.1851054124196343,-2.8731357570865868e-16
2013-01-04,-0.007385218545896133,0.0003514837481017885,1.0000000000000002,0.0,0.0,10,0,0,0,False,1.176353149948991,-2.8731357570865868e-16
2013-01-07,-0.006892397152609475,-0.0009187983505218877,1.0000000000000002,0.0,0.0,10,0,0,0,False,1.1682452568478194,-2.8731357570865868e-16
2013-01-08,0.0009239785408448054,-0.00225893158151258,1.0000000000000002,0.0,0.0,10,0,0,0,False,1.1693246903955905,-2.8731357570865868e-16
2013-01-09,-0.0016593925345362859,0.00452809181262448,1.0000000000000002,0.0,0.0,10,0,0,0,False,1.167384321733899,-2.8731357570865868e-16
2013-01-10,-0.004392813090888792,0.0051355039382479095,1.0000000000000002,0.0,0.0,10,0,0,0,False,1.162256220603288,-2.8731357570865868e-16
2013-01-11,0.004016666633789079,0.0012428565937163683,1.0000000000000002,0.0,0.0,10,0,0,0,False,1.166924616384499,-2.8731357570865868e-16
2013-01-14,0.0011119160779993198,-0.002604234736061639,1.0000000000000002,0.0,0.0,10,0,0,0,False,1.1682221386272702,-2.8731357570865868e-16
2013-01-15,0.001352768323493514,-0.0021555733761026152,1.0000000000000002,0.0,0.0,10,0,0,0,False,1.169802472531209,-2.8731357570865868e-16
2013-01-16,0.002008263829881951,0.002173088421553393,1.0000000000000002,0.0,0.0,10,0,0,0,False,1.1721517445249,-2.8731357570865868e-16
2013-01-17,0.004083563169386295,0.005921335411895212,1.0000000000000002,0.0,0.0,10,0,0,0,False,1.1769383002177738,-2.8731357570865868e-16
2013-01-18,-0.0020745764693393953,-0.00041135204081632626,1.0000000000000002,0.0,0.0,10,0,0,0,False,1.1744966517142776,-2.8731357570865868e-16
2013-01-22,0.010217103485437695,0.002701972431261579,1.0000000000000002,0.0,0.0,10,0,0,0,False,1.1864966055481425,-2.8731357570865868e-16
2013-01-23,-0.0018512325682497055,0.0033373845385049616,1.0000000000000002,0.0,0.0,10,0,0,0,False,1.1843001243898341,-2.8731357570865868e-16
2013-01-24,-7.0690893208325e-05,-0.007385046862387168,1.0000000000000002,0.0,0.0,10,0,0,0,False,1.1842164051562143,-2.8731357570865868e-16
2013-01-25,0.009678523110401072,0.00617500131533566,1.0000000000000002,0.0,0.0,10,0,0,0,False,1.1956778710012348,-2.8731357570865868e-16
2013-01-28,0.00013198283185644755,0.0014572770191541018,1.0000000000000002,0.0,0.0,10,0,0,0,False,1.1958356799526377,-2.8731357570865868e-16
2013-01-29,-0.015993932609720485,-0.000202929334559232,1.0000000000000002,0.0,0.0,10,0,0,0,False,1.176709564675176,-2.8731357570865868e-16
2013-01-30,0.0015875090739345676,-0.0035989296119089964,1.0000000000000002,0.0,0.0,10,0,0,0,False,1.1785776017864835,-2.8731357570865868e-16
2013-01-31,-0.004577118267922842,-5.7346345289199796e-05,1.0000000000000002,0.0,0.0,10,0,0,0,False,1.173183112715182,-2.8731357570865868e-16
2013-02-01,0.0008315450276723535,0.011765968046069775,1.0000000000000002,0.2760631940382445,0.0016229501440140092,10,0,0,0,False,1.1741586672991093,-3.0747973611688906e-16
2013-02-04,-0.016180095986132015,-0.015076656441236347,1.0000000000000002,0.0,0.0,10,0,0,0,False,1.155160667359261,-3.0747973611688906e-16
2013-02-05,0.011595875302063519,0.012905783234566925,1.0000000000000002,0.0,0.0,10,0,0,0,False,1.1685557664118074,-3.0747973611688906e-16
2013-02-06,0.007366120347666927,-0.0009774623065644805,1.0000000000000002,0.0,0.0,10,0,0,0,False,1.177163488820157,-3.0747973611688906e-16
2013-02-07,-0.0014896980128664694,-0.001057320860475719,1.0000000000000002,0.0,0.0,10,0,0,0,False,1.1754098707100427,-3.0747973611688906e-16
2013-02-08,0.010124372992704078,0.009080259233594123,1.0000000000000002,0.0,0.0,10,0,0,0,False,1.1873101586604171,-3.0747973611688906e-16
2013-02-11,0.0030958511599472605,-0.0005855278835542599,1.0000000000000002,0.0,0.0,10,0,0,0,False,1.1909858941923233,-3.0747973611688906e-16
2013-02-12,-0.003061314166108775,-0.0017261904761904923,1.0000000000000002,0.0,0.0,10,0,0,0,False,1.1873399122027966,-3.0747973611688906e-16
2013-02-13,0.0030863715520437207,0.0032606096363083648,1.0000000000000002,0.0,0.0,10,0,0,0,False,1.1910044843304253,-3.0747973611688906e-16
2013-02-14,0.000639138668927286,0.0005567928904679498,1.0000000000000002,0.0,0.0,10,0,0,0,False,1.1917657013512266,-3.0747973611688906e-16
2013-02-15,0.00597615386929129,-0.0020727117628228653,1.0000000000000002,0.0,0.0,10,0,0,0,False,1.1988878765586455,-3.0747973611688906e-16
2013-02-19,-0.0005046240795059109,0.006754353812464142,1.0000000000000002,0.0,0.0,10,0,0,0,False,1.1982828888675063,-3.0747973611688906e-16
2013-02-20,-0.02251987540750866,-0.0153038186170662,1.0000000000000002,0.0,0.0,10,0,0,0,False,1.1712977075072606,-3.0747973611688906e-16
2013-02-21,-0.010355626211061453,-0.010403171852041093,1.0000000000000002,0.0,0.0,10,0,0,0,False,1.1591681862664422,-3.0747973611688906e-16
2013-02-22,0.009450926534639192,0.009685517118049214,1.0000000000000002,0.0,0.0,10,0,0,0,False,1.1701233996361373,-3.0747973611688906e-16
2013-02-25,-0.019563592626672843,-0.014412616328171257,1.0000000000000002,0.0,0.0,10,0,0,0,False,1.1472315821227184,-3.0747973611688906e-16
2013-02-26,0.0009457999145918716,0.004300008022462887,1.0000000000000002,0.0,0.0,10,0,0,0,False,1.1483166336551072,-3.0747973611688906e-16
2013-02-27,0.025190257820210116,0.010419727778496979,1.0000000000000002,0.0,0.0,10,0,0,0,False,1.177243025716115,-3.0747973611688906e-16
2013-02-28,-0.0009429501352854475,-0.000654626754283405,1.0000000000000002,0.0,0.0,10,0,0,0,False,1.1761329442457522,-3.0747973611688906e-16
2013-03-01,0.0027766598649259233,0.003022001937288632,1.0000000000000002,0.2653206388123783,0.0015666723891713857,10,0,0,0,False,1.1793986653878565,-1.9927635930283571e-16
2013-03-04,-0.0012637917737106097,0.0038772896199690265,1.0000000000000002,0.0,0.0,10,0,0,0,False,1.177908151056614,-1.9927635930283571e-16
2013-03-05,0.007759008906625731,0.013230516368481604,1.0000000000000002,0.0,0.0,10,0,0,0,False,1.1870475508918494,-1.9927635930283571e-16
2013-03-06,-0.003344647475754914,-0.0005489232924517085,1.0000000000000002,0.0,0.0,10,0,0,0,False,1.183077295297158,-1.9927635930283571e-16
2013-03-07,-0.007426857460275604,0.003019525967938863,1.0000000000000002,0.0,0.0,10,0,0,0,False,1.1742907488604977,-1.9927635930283571e-16
2013-03-08,0.007875910658617258,0.003799399032842654,1.0000000000000002,0.0,0.0,10,0,0,0,False,1.1835393578857636,-1.9927635930283571e-16
2013-03-11,-0.000768648899192037,0.002619923047620265,1.0000000000000002,0.0,0.0,10,0,0,0,False,1.1826296316611742,-1.9927635930283571e-16
2013-03-12,-0.005272458332227115,-0.0032432896720960835,1.0000000000000002,0.0,0.0,10,0,0,0,False,1.1763942662057836,-1.9927635930283571e-16
2013-03-13,0.005894601211097195,0.0008635791389013381,1.0000000000000002,0.0,0.0,10,0,0,0,False,1.183328641272088,-1.9927635930283571e-16
2013-03-14,0.005533638161869137,0.0042555589853208176,1.0000000000000002,0.0,0.0,10,0,0,0,False,1.189876753799464,-1.9927635930283571e-16
2013-03-15,-0.004952290012406935,-0.003025471643314681,1.0000000000000002,0.0,0.0,10,0,0,0,False,1.1839841390356276,-1.9927635930283571e-16
2013-03-18,-0.0046343093463360185,-0.0035333186563133445,1.0000000000000002,0.0,0.0,10,0,0,0,False,1.1784971902741812,-1.9927635930283571e-16
2013-03-19,0.0004813747733194429,-0.002622320842900927,1.0000000000000002,0.0,0.0,10,0,0,0,False,1.179064489092007,-1.9927635930283571e-16
2013-03-20,0.009983964388489364,0.007769904686448115,1.0000000000000002,0.0,0.0,10,0,0,0,False,1.190836226962834,-1.9927635930283571e-16
2013-03-21,-0.0037253410201184556,-0.00970742365096755,1.0000000000000002,0.0,0.0,10,0,0,0,False,1.1863999559182863,-1.9927635930283571e-16
2013-03-22,0.004065687524202,0.006950877957212276,1.0000000000000002,0.0,0.0,10,0,0,0,False,1.191223487417777,-1.9927635930283571e-16
2013-03-25,-0.004082751820509434,-0.0029892141756547863,1.0000000000000002,0.0,0.0,10,0,0,0,False,1.1863600175558884,-1.9927635930283571e-16
2013-03-26,0.0086235337469045,0.005310172163323301,1.0000000000000002,0.0,0.0,10,0,0,0,False,1.1965906332032599,-1.9927635930283571e-16
2013-03-27,-0.0032176157672050287,0.0012421290830382237,1.0000000000000002,0.0,0.0,10,0,0,0,False,1.1927404643149753,-1.9927635930283571e-16
2013-03-28,0.0011200788374454707,0.003377838920074261,1.0000000000000002,0.0,0.0,10,0,0,0,False,1.1940764276676192,-1.9927635930283571e-16
2013-04-01,-0.009715365945788146,-0.008676335569483884,1.0000000000000002,0.053362024067093394,0.0003155806407511136,10,0,0,0,False,1.182475538205589,-2.3483819056036026e-16
2013-04-02,0.0024710241400425215,0.004843895344915472,1.0000000000000002,0.0,0.0,10,0,0,0,False,1.1853974638055047,-2.3483819056036026e-16
2013-04-03,-0.00893840761843423,-0.011140263755114899,1.0000000000000002,0.0,0.0,10,0,0,0,False,1.174801898084153,-2.3483819056036026e-16
2013-04-04,0.01394163389357983,0.001982197167023081,1.0000000000000002,0.0,0.0,10,0,0,0,False,1.191180556044725,-2.3483819056036026e-16
2013-04-05,-0.008672894473305104,-0.006548846814553921,1.0000000000000002,0.0,0.0,10,0,0,0,False,1.1808495727834962,-2.3483819056036026e-16
2013-04-08,0.014332898137690231,0.005739919792377979,1.0000000000000002,0.0,0.0,10,0,0,0,False,1.197774569426137,-2.3483819056036026e-16
2013-04-09,0.007888781775843956,0.004844472030413494,1.0000000000000002,0.0,0.0,10,0,0,0,False,1.2072235516209953,-2.3483819056036026e-16
2013-04-10,0.01792723331902102,0.01834233047931888,1.0000000000000002,0.0,0.0,10,0,0,0,False,1.2288657298991221,-2.3483819056036026e-16
2013-04-11,0.007450920962472463,0.0008825233148836986,1.0000000000000002,0.0,0.0,10,0,0,0,False,1.2380219113260915,-2.3483819056036026e-16
2013-04-12,0.004889480735469354,-0.0015786810814834018,1.0000000000000002,0.0,0.0,10,0,0,0,False,1.2440751956116094,-2.3483819056036026e-16
2013-04-15,-0.02449166857687235,-0.02381219745367913,1.0000000000000002,0.0,0.0,10,0,0,0,False,1.2136057182359823,-2.3483819056036026e-16
2013-04-16,0.017688770662544595,0.014966594020189739,1.0000000000000002,0.0,0.0,10,0,0,0,False,1.2350729114606114,-2.3483819056036026e-16
2013-04-17,-0.028215815210543504,-0.018366553586977807,1.0000000000000002,0.0,0.0,10,0,0,0,False,1.2002243224192908,-2.3483819056036026e-16
2013-04-18,-0.019207660607565402,-0.011954366969278207,1.0000000000000002,0.0,0.0,10,0,0,0,False,1.1771708209813159,-2.3483819056036026e-16
2013-04-19,0.009666117299330201,0.012538055921055946,1.0000000000000002,0.0,0.0,10,0,0,0,False,1.1885494922182702,-2.3483819056036026e-16
2013-04-22,0.017853460029458645,0.008574355795763156,1.0000000000000002,0.0,0.0,10,0,0,0,False,1.2097692130706224,-2.3483819056036026e-16
2013-04-23,0.01688342144781574,0.011065268822192387,1.0000000000000002,0.0,0.0,10,0,0,0,False,1.230194256549486,-2.3483819056036026e-16
2013-04-24,0.007424492226663082,9.781820440823985e-05,1.0000000000000002,0.0,0.0,10,0,0,0,False,1.2393278242445234,-2.3483819056036026e-16
2013-04-25,0.006282971521075487,0.006220880100955117,1.0000000000000002,0.0,0.0,10,0,0,0,False,1.2471144856695282,-2.3483819056036026e-16
2013-04-26,-0.011032522983128179,-0.003261408089386131,1.0000000000000002,0.0,0.0,10,0,0,0,False,1.233355666443787,-2.3483819056036026e-16
2013-04-29,0.006458795311185428,0.008465324493940551,1.0000000000000002,0.0,0.0,10,0,0,0,False,1.2413216582392381,-2.3483819056036026e-16
2013-04-30,0.011039513985409144,0.006582965933075613,1.0000000000000002,0.0,0.0,10,0,0,0,False,1.2550252460457616,-2.3483819056036026e-16
2013-05-01,0.006434458994671655,-0.00891017456793608,1.0,0.2582291079984673,0.0016329551594272606,10,0,0,0,False,1.2631006545287207,-7.546047120499111e-17
2013-05-02,0.017850530905378692,0.012576103778150882,1.0,0.0,0.0,10,0,0,0,False,1.2856476717989898,-7.546047120499111e-17
2013-05-03,0.01893225869441828,0.011378067203750453,1.0,0.0,0.0,10,0,0,0,False,1.3099878861113647,-7.546047120499111e-17
2013-05-06,-0.00038188598257193895,0.004244353606176254,1.0,0.0,0.0,10,0,0,0,False,1.3094876201003198,-7.546047120499111e-17
2013-05-07,0.009523235722488588,0.0010786714884010173,1.0,0.0,0.0,10,0,0,0,False,1.3219581793822157,-7.546047120499111e-17
2013-05-08,0.0036799223828332117,0.004899002979394496,1.0,0.0,0.0,10,0,0,0,False,1.3268228828756938,-7.546047120499111e-17
2013-05-09,-0.007731312146283198,-0.0012012234602009064,1.0,0.0,0.0,10,0,0,0,False,1.3165648010053506,-7.546047120499111e-17
2013-05-10,0.014506177858850666,0.008040139037951866,1.0,0.0,0.0,10,0,0,0,False,1.3356631241714365,-7.546047120499111e-17
2013-05-13,0.0003079675350370348,0.0006430520854148192,1.0,0.0,0.0,10,0,0,0,False,1.3360744650514276,-7.546047120499111e-17
2013-05-14,0.012686018199342897,0.006926884165651348,1.0,0.0,0.0,10,0,0,0,False,1.3530239300307472,-7.546047120499111e-17
2013-05-15,0.0029750370363526013,0.0026020833243685093,1.0,0.0,0.0,10,0,0,0,False,1.35704922633366,-7.546047120499111e-17
2013-05-16,-0.01324160503412708,-0.0018377874929346172,1.0,0.0,0.0,10,0,0,0,False,1.339079716466682,-7.546047120499111e-17
2013-05-17,0.007061839382672019,0.00973381353095304,1.0,0.0,0.0,10,0,0,0,False,1.3485360823449637,-7.546047120499111e-17
2013-05-20,-0.0029092260073192433,-0.0007259564957686759,1.0,0.0,0.0,10,0,0,0,False,1.3446128861023974,-7.546047120499111e-17
2013-05-21,0.004596917112013266,0.0016274314551536495,1.0,0.0,0.0,10,0,0,0,False,1.3507939600875551,-7.546047120499111e-17
2013-05-22,-0.005585055025679075,-0.011084742639180134,1.0,0.0,0.0,10,0,0,0,False,1.3432497014921112,-7.546047120499111e-17
2013-05-23,0.0019934591043788696,-0.0011203476453094385,1.0,0.0,0.0,10,0,0,0,False,1.3459274148390048,-7.546047120499111e-17
2013-05-24,-0.0007868654644612727,-8.09384255434642e-05,1.0,0.0,0.0,10,0,0,0,False,1.3448683510385964,-7.546047120499111e-17
2013-05-28,0.0005808695227853544,0.008600403817145441,1.0,0.0,0.0,10,0,0,0,False,1.3456495440758733,-7.546047120499111e-17
2013-05-29,-0.004291254219971674,-0.0061251287981315405,1.0,0.0,0.0,10,0,0,0,False,1.3398750197912548,-7.546047120499111e-17
2013-05-30,0.002557602016511229,0.006857927279438902,1.0,0.0,0.0,10,0,0,0,False,1.3433018868437459,-7.546047120499111e-17
2013-05-31,-0.012201914779372047,-0.010136653968435883,1.0,0.0,0.0,10,0,0,0,False,1.3269110316975088,-7.546047120499111e-17
2013-06-03,0.0014886699797673764,0.002737397754495774,1.0000000000000002,0.2409702034850609,0.0016030415142884759,10,0,0,0,False,1.328886364316219,-2.255140518769849e-16
2013-06-04,0.006320010431879242,-0.005803160822562603,1.0000000000000002,0.0,0.0,10,0,0,0,False,1.3372849400014795,-2.255140518769849e-16
2013-06-05,-0.020966810076836206,-0.012707313816664123,1.0000000000000002,0.0,0.0,10,0,0,0,False,1.3092463406458552,-2.255140518769849e-16
2013-06-06,0.020154414490351158,0.006635346966614497,1.0000000000000002,0.0,0.0,10,0,0,0,False,1.3356334340652074,-2.255140518769849e-16
2013-06-07,0.017293231776084106,0.013191980257297509,1.0000000000000002,0.0,0.0,10,0,0,0,False,1.358730852608384,-2.255140518769849e-16
2013-06-10,-0.0020531798154020953,0.0013115340047620272,1.0000000000000002,0.0,0.0,10,0,0,0,False,1.3559411338472445,-2.255140518769849e-16
2013-06-11,-0.025555526354497093,-0.010599435195767226,1.0000000000000002,0.0,0.0,10,0,0,0,False,1.3212893444660645,-2.255140518769849e-16
2013-06-12,-0.020019753582602773,-0.010625729207582202,1.0000000000000002,0.0,0.0,10,0,0,0,False,1.294837457378535,-2.255140518769849e-16
2013-06-13,0.013684311284888784,0.013213094026728767,1.0000000000000002,0.0,0.0,10,0,0,0,False,1.3125564162086367,-2.255140518769849e-16
2013-06-14,-0.012013098649587106,-0.00632735022385611,1.0000000000000002,0.0,0.0,10,0,0,0,False,1.296788546497574,-2.255140518769849e-16
2013-06-17,0.003908388652422712,0.008345055779800603,1.0000000000000002,0.0,0.0,10,0,0,0,False,1.3018569001372968,-2.255140518769849e-16
2013-06-18,0.010991596929793568,0.008704770929969907,1.0000000000000002,0.0,0.0,10,0,0,0,False,1.3161663864438766,-2.255140518769849e-16
2013-06-19,-0.016613107135958316,-0.0111941086099544,1.0000000000000002,0.0,0.0,10,0,0,0,False,1.2943007732571374,-2.255140518769849e-16
2013-06-20,-0.029828358674718003,-0.022816014172862387,1.0000000000000002,0.0,0.0,10,0,0,0,False,1.2556939055594587,-2.255140518769849e-16
2013-06-21,-0.009037360112993276,-0.002196342021623221,1.0000000000000002,0.0,0.0,10,0,0,0,False,1.244345747543227,-2.255140518769849e-16
2013-06-24,-0.006141420775094941,-0.01086901481867597,1.0000000000000002,0.0,0.0,10,0,0,0,False,1.236703696717864,-2.255140518769849e-16
2013-06-25,0.01066981694527902,0.00816978643443056,1.0000000000000002,0.0,0.0,10,0,0,0,False,1.2498990987773935,-2.255140518769849e-16
2013-06-26,0.014655676910455107,0.008462076366370308,1.0000000000000002,0.0,0.0,10,0,0,0,False,1.268217216139744,-2.255140518769849e-16
2013-06-27,0.01803874430697605,0.007594321460094422,1.0000000000000002,0.0,0.0,10,0,0,0,False,1.291094262227394,-2.255140518769849e-16
2013-06-28,-0.003130616129992436,0.0004085705934822048,1.0000000000000002,0.0,0.0,10,0,0,0,False,1.2870523417047242,-2.255140518769849e-16
2013-07-01,0.009652171050039016,0.009179460809520146,1.0000000000000004,0.07070517722810188,0.00045956058499915553,10,0,0,0,False,1.2994751910572115,-5.24916481808857e-16
2013-07-02,0.002267983334377277,-0.0003173979251649417,1.0000000000000004,0.0,0.0,10,0,0,0,False,1.302422379133966,-5.24916481808857e-16
2013-07-03,0.002822909080065994,0.0029912041414108526,1.0000000000000004,0.0,0.0,10,0,0,0,False,1.3060989990941043,-5.24916481808857e-16
2013-07-05,0.0016892319172099324,0.010369751177370379,1.0000000000000004,0.0,0.0,10,0,0,0,False,1.30830530321041,-5.24916481808857e-16
2013-07-08,0.007730461107230857,0.0015664285466499006,1.0000000000000004,0.0,0.0,10,0,0,0,False,1.318419106473262,-5.24916481808857e-16
2013-07-09,0.013764156603416566,0.005575565936485782,1.0000000000000002,0.0,0.0,10,0,0,0,False,1.3365660335236966,-5.24916481808857e-16
2013-07-10,-0.0010891874607837915,0.004708554730527892,1.0000000000000002,0.0,0.0,10,0,0,0,False,1.335110262559473,-5.24916481808857e-16
2013-07-11,0.01588339806762651,0.01634306229336846,1.0000000000000002,0.0,0.0,10,0,0,0,False,1.3563163503238784,-5.24916481808857e-16
2013-07-12,0.012756093957257963,0.006086717156191579,1.0000000000000002,0.0,0.0,10,0,0,0,False,1.373617649124375,-5.24916481808857e-16
2013-07-15,-0.0008766361516959753,0.00205825975927576,1.0000000000000002,0.0,0.0,10,0,0,0,False,1.372413486234545,-5.24916481808857e-16
2013-07-16,-0.008135724110042042,-0.0024920373999650636,1.0000000000000002,0.0,0.0,10,0,0,0,False,1.3612479087456397,-5.24916481808857e-16
2013-07-17,0.017662952624198258,0.0031957760177852013,1.0000000000000002,0.0,0.0,10,0,0,0,False,1.3852915660676028,-5.24916481808857e-16
2013-07-18,0.0037274707626719916,0.0003545706371190782,1.0000000000000002,0.0,0.0,10,0,0,0,False,1.390455199877896,-5.24916481808857e-16
2013-07-19,0.0008623382176287109,-0.006554434992578906,1.0000000000000002,0.0,0.0,10,0,0,0,False,1.3916542425366512,-5.24916481808857e-16
2013-07-22,-0.000795877044727944,0.0035622042651737296,1.0000000000000002,0.0,0.0,10,0,0,0,False,1.390546656870818,-5.24916481808857e-16
2013-07-23,-0.012212498066481503,-0.00586600356811362,1.0000000000000002,0.0,0.0,10,0,0,0,False,1.373564608512431,-5.24916481808857e-16
2013-07-24,-0.000638618595796836,9.222550967091792e-05,1.0000000000000002,0.0,0.0,10,0,0,0,False,1.3726874246109064,-5.24916481808857e-16
2013-07-25,0.0057206578238622185,0.0071487873743214525,1.0000000000000002,0.0,0.0,10,0,0,0,False,1.380540099666224,-5.24916481808857e-16
2013-07-26,-0.0033246301074850715,0.002210701855122954,1.0000000000000002,0.0,0.0,10,0,0,0,False,1.3759503144862832,-5.24916481808857e-16
2013-07-29,-0.005302561559551999,-0.0038802600460610126,1.0000000000000002,0.0,0.0,10,0,0,0,False,1.3686542532408348,-5.24916481808857e-16
2013-07-30,0.007688850287789428,0.004815067066439971,1.0000000000000002,0.0,0.0,10,0,0,0,False,1.3791776308897497,-5.24916481808857e-16
2013-07-31,0.0006765530060517388,0.0027375036983579015,1.0000000000000002,0.0,0.0,10,0,0,0,False,1.3801107176618075,-5.24916481808857e-16
2013-08-01,0.015959967247347162,0.013614137178110886,1.0,0.44556240950703685,0.0031306727850330717,10,0,0,0,False,1.4021372395134026,2.3418766925686896e-17
2013-08-02,-0.001584474573678496,0.0037679759721851447,1.0,0.0,0.0,10,0,0,0,False,1.399915588708586,2.3418766925686896e-17
2013-08-05,-0.00037413808357367184,0.0009106431633150169,1.0,0.0,0.0,10,0,0,0,False,1.3993918269730616,2.3418766925686896e-17
2013-08-06,-0.010103445762292607,-0.007359969671942412,1.0,0.0,0.0,10,0,0,0,False,1.3852531475490437,2.3418766925686896e-17
2013-08-07,-0.010032149317945827,-0.0032080572430893683,1.0,0.0,0.0,10,0,0,0,False,1.3713560811296772,2.3418766925686896e-17
2013-08-08,0.00457314399842379,0.004135210357935515,1.0,0.0,0.0,10,0,0,0,False,1.3776274899617973,2.3418766925686896e-17
2013-08-09,0.0024646952474756123,-0.0024556296208456674,1.0,0.0,0.0,10,0,0,0,False,1.381022921889098,2.3418766925686896e-17
2013-08-12,-0.0015656156305308144,0.0026884163949056905,1.0,0.0,0.0,10,0,0,0,False,1.378860770816467,2.3418766925686896e-17
2013-08-13,0.002141389892197809,0.003948255425823222,1.0,0.0,0.0,10,0,0,0,False,1.3818134493338414,2.3418766925686896e-17
2013-08-14,-0.012894400117500204,-0.004117287949248372,1.0,0.0,0.0,10,0,0,0,False,1.3639957938303877,2.3418766925686896e-17
2013-08-15,-0.024922121625017835,-0.017210480558803254,1.0,0.0,0.0,10,0,0,0,False,1.330002124760534,2.3418766925686896e-17
2013-08-16,-0.007346026137559414,-0.0009262309372335409,1.0,0.0,0.0,10,0,0,0,False,1.3202318943890337,2.3418766925686896e-17
2013-08-19,-0.006209790185268904,-0.0037998156978777953,1.0,0.0,0.0,10,0,0,0,False,1.3120335313289777,2.3418766925686896e-17
2013-08-20,0.01285399393723341,0.006826242673595662,1.0,0.0,0.0,10,0,0,0,False,1.3288984023861272,2.3418766925686896e-17
2013-08-21,0.0002804261088376059,-0.0038189444895810887,1.0,0.0,0.0,10,0,0,0,False,1.3292710601941489,2.3418766925686896e-17
2013-08-22,0.01748598737377316,0.010811741796049157,1.0,0.0,0.0,10,0,0,0,False,1.352514677169026,2.3418766925686896e-17
2013-08-23,0.0037322275104314517,0.005243616556416919,1.0,0.0,0.0,10,0,0,0,False,1.3575625696554185,2.3418766925686896e-17
2013-08-26,-0.001316155981134104,-6.0118268134568e-05,1.0,0.0,0.0,10,0,0,0,False,1.3557758055596028,2.3418766925686896e-17
2013-08-27,-0.022779449412511976,-0.021612736827655077,1.0,0.0,0.0,10,0,0,0,False,1.32489197918215,2.3418766925686896e-17
2013-08-28,0.002014074321293746,0.004144199277913874,1.0,0.0,0.0,10,0,0,0,False,1.3275604100959089,2.3418766925686896e-17
2013-08-29,0.0019433682924938633,0.007499937175617921,1.0,0.0,0.0,10,0,0,0,False,1.3301403489032593,2.3418766925686896e-17
2013-08-30,-0.002715638438805179,-0.008405353147529215,1.0,0.0,0.0,10,0,0,0,False,1.326528168642772,2.3418766925686896e-17
2013-09-03,0.004827518774616513,0.006334491044675872,0.9999999999999998,0.24051672401694477,0.0016048922169386037,10,0,0,0,False,1.3329320082819527,3.3198270521506146e-16
2013-09-04,0.018451764789395142,0.01008409404601962,0.9999999999999999,0.0,0.0,10,0,0,0,False,1.3575269561790273,3.3198270521506146e-16
2013-09-05,0.006991920421148601,0.002669195185583062,0.9999999999999999,0.0,0.0,10,0,0,0,False,1.3670186766261951,3.3198270521506146e-16
2013-09-06,-0.006059241418459482,0.0003361776329815491,0.9999999999999999,0.0,0.0,10,0,0,0,False,1.358735580440974,3.3198270521506146e-16
2013-09-09,0.017916416824719228,0.012614692309583786,0.9999999999999999,0.0,0.0,10,0,0,0,False,1.3830792534547314,3.3198270521506146e-16
2013-09-10,0.003808523210465209,0.006162706780639571,0.9999999999999999,0.0,0.0,10,0,0,0,False,1.3883467428934266,3.3198270521506146e-16
2013-09-11,-0.006019320992203703,-0.0010753495556472537,0.9999999999999999,0.0,0.0,10,0,0,0,False,1.3799898381994706,3.3198270521506146e-16
2013-09-12,-0.007010003891324557,-0.0024268391225796826,0.9999999999999999,0.0,0.0,10,0,0,0,False,1.370316104063704,3.3198270521506146e-16
2013-09-13,0.007046313437002016,0.0016711383568759342,0.9999999999999999,0.0,0.0,10,0,0,0,False,1.3799717808407082,3.3198270521506146e-16
2013-09-16,0.00835373670248285,-0.0011632430769936697,0.9999999999999999,0.0,0.0,10,0,0,0,False,1.391499701754708,3.3198270521506146e-16
2013-09-17,0.006446475301238763,0.007490861452429165,0.9999999999999999,0.0,0.0,10,0,0,0,False,1.4004699702137506,3.3198270521506146e-16
2013-09-18,0.02435063456545583,0.010128921162933624,0.9999999999999999,0.0,0.0,10,0,0,0,False,1.4345723026783204,3.3198270521506146e-16
2013-09-19,0.0028076028712580303,0.0015170576882856945,0.9999999999999999,0.0,0.0,10,0,0,0,False,1.4386000119943472,3.3198270521506146e-16
2013-09-20,-0.00813480488580387,-0.0038660415124912584,0.9999999999999999,0.0,0.0,10,0,0,0,False,1.426897281588058,3.3198270521506146e-16
2013-09-23,-0.004719773310370323,-0.0025008411197622316,0.9999999999999999,0.0,0.0,10,0,0,0,False,1.4201626498817788,3.3198270521506146e-16
2013-09-24,0.003992928057775513,0.0007861280273233628,0.9999999999999999,0.0,0.0,10,0,0,0,False,1.4258332571730965,3.3198270521506146e-16
2013-09-25,-0.0067690622834772896,-0.0018974059576726265,0.9999999999999999,0.0,0.0,10,0,0,0,False,1.4161817030494386,3.3198270521506146e-16
2013-09-26,0.012882262643442388,0.007000558161161408,0.9999999999999999,0.0,0.0,10,0,0,0,False,1.434425327698959,3.3198270521506146e-16
2013-09-27,0.0005817024044652008,-0.0015418899238240913,0.9999999999999999,0.0,0.0,10,0,0,0,False,1.4352597363611073,3.3198270521506146e-16
2013-09-30,0.00019748205956648945,-0.002673504989342934,0.9999999999999999,0.0,0.0,10,0,0,0,False,1.4355431744098566,3.3198270521506146e-16
2013-10-01,0.016507127742326544,0.01232937732667283,1.0,0.06149138324714397,0.00044879137417350417,10,0,0,0,False,1.459239868969465,2.5261910618912253e-17
2013-10-02,0.003124027066057078,-0.0007752790742748816,1.0,0.0,0.0,10,0,0,0,False,1.4637985738159953,2.5261910618912253e-17
2013-10-03,-0.00745396339653448,-0.010663089577512053,1.0,0.0,0.0,10,0,0,0,False,1.4528874728268715,2.5261910618912253e-17
2013-10-04,0.008549494504795918,0.008851852009838845,1.0,0.0,0.0,10,0,0,0,False,1.4653089262918917,2.5261910618912253e-17
2013-10-07,-0.013387430813022072,-0.009814220996651635,1.0,0.0,0.0,10,0,0,0,False,1.4456922044214553,2.5261910618912253e-17
2013-10-08,-0.01610017882542658,-0.020037715562826963,1.0,0.0,0.0,10,0,0,0,False,1.4224163014037448,2.5261910618912253e-17
2013-10-09,-0.007594217159707761,-0.004614582954707402,1.0,0.0,0.0,10,0,0,0,False,1.4116141631193764,2.5261910618912253e-17
2013-10-10,0.021312127661181846,0.0225598050998157,1.0,0.0,0.0,10,0,0,0,False,1.4416986643721088,2.5261910618912253e-17
2013-10-11,-5.251958988228278e-05,0.008274971747656679,1.0,0.0,0.0,10,0,0,0,False,1.441622946949522,2.5261910618912253e-17
2013-10-14,0.008147071539684525,0.006173708324027194,1.0,0.0,0.0,10,0,0,0,False,1.4533679522315708,2.5261910618912253e-17
2013-10-15,-0.005105841826482771,-0.005574951248663251,1.0,0.0,0.0,10,0,0,0,False,1.4459472853517972,2.5261910618912253e-17
2013-10-16,0.013636961141850756,0.011971476089941646,1.0,0.0,0.0,10,0,0,0,False,1.4656656122953042,2.5261910618912253e-17
2013-10-17,0.00035762774686087795,0.006178000541174011,1.0,0.0,0.0,10,0,0,0,False,1.4661897749858808,2.5261910618912253e-17
2013-10-18,0.0064703881750918235,0.013235339379401356,1.0,0.0,0.0,10,0,0,0,False,1.47567659196839,2.5261910618912253e-17
2013-10-21,0.004577533014887614,0.0014740897431966271,1.0,0.0,0.0,10,0,0,0,False,1.4824315502874224,2.5261910618912253e-17
2013-10-22,0.00481125283323558,0.0024285659621687827,1.0,0.0,0.0,10,0,0,0,False,1.4895639032838206,2.5261910618912253e-17
2013-10-23,-0.005417600974941483,-0.005725817182902548,1.0,0.0,0.0,10,0,0,0,False,1.4814940404291526,2.5261910618912253e-17
2013-10-24,0.0027740473302748647,0.005602638150771888,1.0,0.0,0.0,10,0,0,0,False,1.4856037750168232,2.5261910618912253e-17
2013-10-25,0.0003936349033117903,0.003665117486561398,1.0,0.0,0.0,10,0,0,0,False,1.4861885605151617,2.5261910618912253e-17
2013-10-28,0.0019810264789976717,-0.0008191491312192767,1.0,0.0,0.0,10,0,0,0,False,1.4891327394063256,2.5261910618912253e-17
2013-10-29,0.002873764090738584,0.003098933362577716,1.0,0.0,0.0,10,0,0,0,False,1.4934121555991746,2.5261910618912253e-17
2013-10-30,-0.007893485544472001,-0.0054954784888071595,1.0,0.0,0.0,10,0,0,0,False,1.4816239283370138,2.5261910618912253e-17
2013-10-31,-0.006884968198242691,-0.0027756689078143326,1.0,0.0,0.0,10,0,0,0,False,1.4714229947086581,2.5261910618912253e-17
2013-11-01,-0.006906237175309915,0.0005944317309187763,1.0000000000000002,0.4525748493415022,0.0033141493845656005,10,0,0,0,False,1.4612609985219953,-1.7694179454963432e-16
2013-11-04,0.010841092419220155,0.003709829578484758,1.0000000000000002,0.0,0.0,10,0,0,0,False,1.4771026640555742,-1.7694179454963432e-16
2013-11-05,0.0044650841237707795,0.0008306681460179544,1.0000000000000002,0.0,0.0,10,0,0,0,False,1.4836980517100284,-1.7694179454963432e-16
2013-11-06,-0.012640476803948197,-0.0020077108829321677,1.0000000000000002,0.0,0.0,10,0,0,0,False,1.4649434009033246,-1.7694179454963432e-16
2013-11-07,-0.02237453842137538,-0.01897783542517062,1.0000000000000002,0.0,0.0,10,0,0,0,False,1.4321659684946728,-1.7694179454963432e-16
2013-11-08,0.02016521348817757,0.016047343212861165,1.0000000000000002,0.0,0.0,10,0,0,0,False,1.4610459009998704,-1.7694179454963432e-16
2013-11-11,0.0024483933786694223,0.00014288520959482298,1.0000000000000002,0.0,0.0,10,0,0,0,False,1.4646231161098104,-1.7694179454963432e-16
2013-11-12,-0.0002334921061389883,3.313953043404538e-05,1.0000000000000002,0.0,0.0,10,0,0,0,False,1.4642811381737302,-1.7694179454963432e-16
2013-11-13,0.010459674073705072,0.011648248220582413,1.0000000000000002,0.0,0.0,10,0,0,0,False,1.4795970416313013,-1.7694179454963432e-16
2013-11-14,0.005127812404818632,0.001805511380289504,1.0000000000000002,0.0,0.0,10,0,0,0,False,1.4871841376955113,-1.7694179454963432e-16
2013-11-15,0.001088349326934468,0.003330195280838888,1.0000000000000002,0.0,0.0,10,0,0,0,False,1.4888027135507997,-1.7694179454963432e-16
2013-11-18,-0.007056501120019654,-0.00925744549005636,1.0000000000000002,0.0,0.0,10,0,0,0,False,1.4782969755351403,-1.7694179454963432e-16
2013-11-19,-0.006015570232499212,-0.004436512788162372,1.0000000000000002,0.0,0.0,10,0,0,0,False,1.4694041762543175,-1.7694179454963432e-16
2013-11-20,0.003763781900639973,-0.002614744820745085,1.0000000000000002,0.0,0.0,10,0,0,0,False,1.4749346930976281,-1.7694179454963432e-16
2013-11-21,0.004144645197267094,0.012212854508870885,1.0000000000000002,0.0,0.0,10,0,0,0,False,1.481047774089658,-1.7694179454963432e-16
2013-11-22,0.0032319462239465135,0.005666186439100107,1.0000000000000002,0.0,0.0,10,0,0,0,False,1.4858344408506112,-1.7694179454963432e-16
2013-11-25,-0.002686805128663039,0.0007315771856644115,1.0000000000000002,0.0,0.0,10,0,0,0,False,1.4818422932545896,-1.7694179454963432e-16
2013-11-26,0.003246460886676905,0.005802852226826527,1.0000000000000002,0.0,0.0,10,0,0,0,False,1.4866530362998642,-1.7694179454963432e-16
2013-11-27,0.0016210148539339553,0.006720179204778853,1.0000000000000002,0.0,0.0,10,0,0,0,False,1.4890629229543524,-1.7694179454963432e-16
2013-11-29,0.00030224474427309467,0.003743099079053014,1.0000000000000002,0.0,0.0,10,0,0,0,False,1.4895129843967074,-1.7694179454963432e-16
2013-12-02,-0.0013288499990155023,-0.003603521366429163,1.0,0.2543156693745847,0.0018939238458675445,10,0,0,0,False,1.4875336450688583,-3.7730235602495554e-17
2013-12-03,-0.005029622354439933,-0.001992455367516688,1.0,0.0,0.0,10,0,0,0,False,1.4800519125946385,-3.7730235602495554e-17
2013-12-04,-0.0032490890658678495,0.00019815713861093265,1.0,0.0,0.0,10,0,0,0,False,1.4752430921085105,-3.7730235602495554e-17
2013-12-05,-0.002435611934390791,-0.0011961614660723763,1.0,0.0,0.0,10,0,0,0,False,1.4716499724272434,-3.7730235602495554e-17
2013-12-06,0.0023058992486391094,0.007277179173632131,1.0,0.0,0.0,10,0,0,0,False,1.4750434489929232,-3.7730235602495554e-17
2013-12-09,-0.0007891385116597371,0.0015335309118478246,1.0,0.0,0.0,10,0,0,0,False,1.4738794354009515,-3.7730235602495554e-17
2013-12-10,-0.0008532383632900986,-0.002030107526881819,1.0,0.0,0.0,10,0,0,0,False,1.472621864923803,-3.7730235602495554e-17
2013-12-11,-0.01143371304170393,-0.013958881809830737,1.0,0.0,0.0,10,0,0,0,False,1.4557843291013253,-3.7730235602495554e-17
2013-12-12,-0.014743446477512467,-0.0013512628883173283,1.0,0.0,0.0,10,0,0,0,False,1.4343210507624184,-3.7730235602495554e-17
2013-12-13,-0.0020352766186789717,0.0006452831293839445,1.0,0.0,0.0,10,0,0,0,False,1.4314018106641226,-3.7730235602495554e-17
2013-12-16,0.0068913974038011805,0.007133252353173525,1.0,0.0,0.0,10,0,0,0,False,1.4412661693859297,-3.7730235602495554e-17
2013-12-17,-0.004613301357575317,-0.001449328952331741,1.0,0.0,0.0,10,0,0,0,False,1.4346171742100742,-3.7730235602495554e-17
2013-12-18,0.017663342430349394,0.011526811563713046,1.0,0.0,0.0,10,0,0,0,False,1.459957308614607,-3.7730235602495554e-17
2013-12-19,-0.0020773268053017047,-0.0029287528211192626,1.0,0.0,0.0,10,0,0,0,False,1.4569245001628257,-3.7730235602495554e-17
2013-12-20,-6.728159930347033e-05,0.011483167448219422,1.0,0.0,0.0,10,0,0,0,False,1.4568264759523903,-3.7730235602495554e-17
2013-12-23,0.00562321916184616,0.01075822045936059,1.0,0.0,0.0,10,0,0,0,False,1.4650185305074506,-3.7730235602495554e-17
2013-12-24,0.00019707467652052557,0.0015715009176286987,1.0,0.0,0.0,10,0,0,0,False,1.4653072485604468,-3.7730235602495554e-17
2013-12-26,0.007609121133491881,0.002830111103814037,1.0,0.0,0.0,10,0,0,0,False,1.476456948912527,-3.7730235602495554e-17
2013-12-27,-0.004401593817142446,-0.00254138277965521,1.0,0.0,0.0,10,0,0,0,False,1.4699581851349166,-3.7730235602495554e-17
2013-12-30,0.0018841325584972868,-0.0005748943520959005,1.0,0.0,0.0,10,0,0,0,False,1.4727277812111588,-3.7730235602495554e-17
2013-12-31,0.0007228550751248175,0.005389629512799976,1.0,0.0,0.0,10,0,0,0,False,1.4737923499620846,-3.7730235602495554e-17
2014-01-02,-0.011584234602069476,-0.008025686410477628,1.0,0.2543293542989907,0.00185479140771258,10,0,0,0,False,1.4567195936253885,-8.283304597789254e-17
2014-01-03,0.0030153063619378084,-0.002693558288590747,1.0,0.0,0.0,10,0,0,0,False,1.4611120494836065,-8.283304597789254e-17
2014-01-06,-0.008862518832745248,-0.004412002952048799,1.0,0.0,0.0,10,0,0,0,False,1.448162916428307,-8.283304597789254e-17
2014-01-07,0.0047733147657949004,0.009602107621297318,1.0,0.0,0.0,10,0,0,0,False,1.4550754538605708,-8.283304597789254e-17
2014-01-08,-0.0012820635791415125,0.002992814999936755,1.0,0.0,0.0,10,0,0,0,False,1.4532099546162733,-8.283304597789254e-17
2014-01-09,-0.003111650470690952,-0.0022613735386023404,1.0,0.0,0.0,10,0,0,0,False,1.448688073176979,-8.283304597789254e-17
2014-01-10,0.010410362998289902,0.0044463800847982515,1.0,0.0,0.0,10,0,0,0,False,1.4637694418900444,-8.283304597789254e-17
2014-01-13,-0.032141338155592614,-0.014700587464412496,1.0,0.0,0.0,10,0,0,0,False,1.4167219332764334,-8.283304597789254e-17
2014-01-14,0.02032438029233541,0.016949943692409875,1.0,0.0,0.0,10,0,0,0,False,1.4455159286168362,-8.283304597789254e-17
2014-01-15,-0.007173306514786759,0.007616482828195714,1.0,0.0,0.0,10,0,0,0,False,1.435146799788861,-8.283304597789254e-17
2014-01-16,0.00883107470701705,0.0009039403471498009,1.0,0.0,0.0,10,0,0,0,False,1.4478206883933327,-8.283304597789254e-17
2014-01-17,-0.0074064456090355835,-0.00500387572928751,1.0,0.0,0.0,10,0,0,0,False,1.437097483213111,-8.283304597789254e-17
2014-01-21,0.0021813564024564247,0.006713320372373488,1.0,0.0,0.0,10,0,0,0,False,1.4402323050090717,-8.283304597789254e-17
2014-01-22,-0.00047617233458685515,0.004079787024335868,1.0,0.0,0.0,10,0,0,0,False,1.439546506230048,-8.283304597789254e-17
2014-01-23,-0.01560896668934908,-0.00568468065048322,1.0,0.0,0.0,10,0,0,0,False,1.4170766727665345,-8.283304597789254e-17
2014-01-24,-0.025393119127253616,-0.02150096759094755,1.0,0.0,0.0,10,0,0,0,False,1.3810926760025217,-8.283304597789254e-17
2014-01-27,-0.010234684416273399,-0.010794080931601169,1.0,0.0,0.0,10,0,0,0,False,1.3669576283140095,-8.283304597789254e-17
2014-01-28,0.014497166291873587,0.0035140230454420163,1.0,0.0,0.0,10,0,0,0,False,1.3867746403656227,-8.283304597789254e-17
2014-01-29,-0.013490684224808258,-0.01135445441146321,1.0,0.0,0.0,10,0,0,0,False,1.3680661016014781,-8.283304597789254e-17
2014-01-30,0.017364228725310182,0.017697455409508622,1.0,0.0,0.0,10,0,0,0,False,1.3918215143010295,-8.283304597789254e-17
2014-01-31,-0.012918451167075795,-0.004668783294943024,1.0,0.0,0.0,10,0,0,0,False,1.3738413360352462,-8.283304597789254e-17
2014-02-03,-0.02785572638563627,-0.02605336964173821,1.0000000000000002,0.2494281280135829,0.0016677259924353864,10,0,0,0,False,1.3355719876813714,-2.435118079402443e-16
2014-02-04,0.017051530177635277,0.008646571394259617,1.0000000000000002,0.0,0.0,10,0,0,0,False,1.3583455337337247,-2.435118079402443e-16
2014-02-05,-0.015538755387430436,-0.004953466682541485,1.0000000000000002,0.0,0.0,10,0,0,0,False,1.3372385347534277,-2.435118079402443e-16
2014-02-06,0.016428725700699864,0.011359723797534693,1.0000000000000002,0.0,0.0,10,0,0,0,False,1.3592076598372975,-2.435118079402443e-16
2014-02-07,0.01821903379045664,0.0169430034866358,1.0000000000000002,0.0,0.0,10,0,0,0,False,1.3839711101201209,-2.435118079402443e-16
2014-02-10,0.005622879884894072,0.005407357627436493,1.0000000000000002,0.0,0.0,10,0,0,0,False,1.3917530134364897,-2.435118079402443e-16
2014-02-11,0.019825628204976686,0.010337064545017816,1.0000000000000002,0.0,0.0,10,0,0,0,False,1.4193453912340375,-2.435118079402443e-16
2014-02-12,0.005760613722829433,0.0024433496352156414,1.0000000000000002,0.0,0.0,10,0,0,0,False,1.4275216917722149,-2.435118079402443e-16
2014-02-13,0.006069583235550402,0.009373287728293045,1.0000000000000002,0.0,0.0,10,0,0,0,False,1.4361861535009801,-2.435118079402443e-16
2014-02-14,0.00296299739686412,0.0007899931093435786,1.0000000000000002,0.0,0.0,10,0,0,0,False,1.440441569335216,-2.435118079402443e-16
2014-02-18,0.005206174481674264,0.006776546764624136,1.0000000000000002,0.0,0.0,10,0,0,0,False,1.4479407594758318,-2.435118079402443e-16
2014-02-19,-0.008555011596072304,-0.00815150829911715,1.0000000000000002,0.0,0.0,10,0,0,0,False,1.4355536094880903,-2.435118079402443e-16
2014-02-20,0.0043737088481907715,0.006984414304821218,1.0000000000000002,0.0,0.0,10,0,0,0,False,1.4418323030119604,-2.435118079402443e-16
2014-02-21,0.006573000391845607,-0.0009700179714363655,1.0000000000000002,0.0,0.0,10,0,0,0,False,1.4513094673046336,-2.435118079402443e-16
2014-02-24,0.007708540015775034,0.006933416822054728,1.0000000000000002,0.0,0.0,10,0,0,0,False,1.4624969444086247,-2.435118079402443e-16
2014-02-25,-0.0052143794212271555,-0.0012533047632149463,1.0000000000000002,0.0,0.0,10,0,0,0,False,1.4548709304380927,-2.435118079402443e-16
2014-02-26,0.008475190712823544,0.0010426137313788164,1.0000000000000002,0.0,0.0,10,0,0,0,False,1.4672012390360984,-2.435118079402443e-16
2014-02-27,0.0035000413480037462,0.006260420258327626,1.0000000000000002,0.0,0.0,10,0,0,0,False,1.472336504038567,-2.435118079402443e-16
2014-02-28,-0.005916984895040445,-0.0025029577926496405,1.0000000000000002,0.0,0.0,10,0,0,0,False,1.4636247111837541,-2.435118079402443e-16
2014-03-03,-0.009837253423663261,-0.007154002043722074,1.0000000000000002,0.44168943585029175,0.0032076244072428775,10,0,0,0,False,1.4492266639827036,-1.1796119636642288e-16
2014-03-04,0.011613841188306218,0.01745736878205273,1.0000000000000002,0.0,0.0,10,0,0,0,False,1.4660577523040577,-1.1796119636642288e-16
2014-03-05,-7.65990346733858e-05,0.001378685911038735,1.0000000000000002,0.0,0.0,10,0,0,0,False,1.4659454536954557,-1.1796119636642288e-16
2014-03-06,-0.0007662824377963062,-0.0013401422524641493,1.0000000000000002,0.0,0.0,10,0,0,0,False,1.4648221254395215,-1.1796119636642288e-16
2014-03-07,0.0021434385948624346,-0.003655612393370977,1.0000000000000002,0.0,0.0,10,0,0,0,False,1.467961881717797,-1.1796119636642288e-16
2014-03-10,-0.002644783230440706,-0.00040818960254818126,1.0000000000000002,0.0,0.0,10,0,0,0,False,1.4640794407501037,-1.1796119636642288e-16
2014-03-11,-0.006205809982150257,-0.006289217488298693,1.0000000000000002,0.0,0.0,10,0,0,0,False,1.4549936419420357,-1.1796119636642288e-16
2014-03-12,-0.0035573953014750304,0.003747269188200786,1.0000000000000002,0.0,0.0,10,0,0,0,False,1.449817654396515,-1.1796119636642288e-16
2014-03-13,-0.014023496042962491,-0.014551329309783756,1.0000000000000002,0.0,0.0,10,0,0,0,False,1.4294861422570684,-1.1796119636642288e-16
2014-03-14,0.0029876636255772304,-0.0035254740970483978,1.0000000000000002,0.0,0.0,10,0,0,0,False,1.4337569660075564,-1.1796119636642288e-16
2014-03-17,0.005260563710621113,0.008138291047681934,1.0000000000000002,0.0,0.0,10,0,0,0,False,1.4412993358727861,-1.1796119636642288e-16
2014-03-18,0.005179824133867417,0.012467411419880392,1.0000000000000002,0.0,0.0,10,0,0,0,False,1.4487650129568672,-1.1796119636642288e-16
2014-03-19,-0.0029626342916561077,-0.005933108733667591,1.0000000000000002,0.0,0.0,10,0,0,0,False,1.4444728520489296,-1.1796119636642288e-16
2014-03-20,-0.0020930793695291827,0.0027137848752487592,1.0000000000000002,0.0,0.0,10,0,0,0,False,1.441449455722461,-1.1796119636642288e-16
2014-03-21,-0.0049670847794647255,-0.009839580116176472,1.0000000000000002,0.0,0.0,10,0,0,0,False,1.4342896540705743,-1.1796119636642288e-16
2014-03-24,-0.006168738622798431,-0.011784515957061314,1.0000000000000002,0.0,0.0,10,0,0,0,False,1.4254418960852289,-1.1796119636642288e-16
2014-03-25,-0.006440341842404829,0.0018644516510675224,1.0000000000000002,0.0,0.0,10,0,0,0,False,1.4162615629979542,-1.1796119636642288e-16
2014-03-26,-0.005389726883320067,-0.014333025527422771,1.0000000000000002,0.0,0.0,10,0,0,0,False,1.4086282999780513,-1.1796119636642288e-16
2014-03-27,0.004978329370011858,-0.0053551386254694355,1.0000000000000002,0.0,0.0,10,0,0,0,False,1.4156409156152618,-1.1796119636642288e-16
2014-03-28,0.00804181978880636,0.001091194657968808,1.0000000000000002,0.0,0.0,10,0,0,0,False,1.4270252447443006,-1.1796119636642288e-16
2014-03-31,0.006932354164681964,0.01040252615177617,1.0000000000000002,0.0,0.0,10,0,0,0,False,1.43691788914281,-1.1796119636642288e-16
2014-04-01,0.010341692331603092,0.016444382270765834,1.0000000000000002,0.4331117989698938,0.0031507341193388644,10,0,0,0,False,1.4517780518581016,-2.259477327459791e-16
2014-04-02,0.007020738652633751,0.001972802504194071,1.0000000000000002,0.0,0.0,10,0,0,0,False,1.4619706061418272,-2.259477327459791e-16
2014-04-03,-0.006690365208236626,-0.009054170973188058,1.0000000000000002,0.0,0.0,10,0,0,0,False,1.4521894888630313,-2.259477327459791e-16
2014-04-04,-0.01751707987538631,-0.025959637638947486,1.0000000000000002,0.0,0.0,10,0,0,0,False,1.4267513695924212,-2.259477327459791e-16
2014-04-07,-0.018079004641556984,-0.011623822294578257,1.0000000000000002,0.0,0.0,10,0,0,0,False,1.400957124959212,-2.259477327459791e-16
2014-04-08,0.0038774225547149044,0.008147607083767383,1.0000000000000002,0.0,0.0,10,0,0,0,False,1.4063892277137175,-2.259477327459791e-16
2014-04-09,0.0170671732231773,0.01724042522639624,1.0000000000000002,0.0,0.0,10,0,0,0,False,1.4303923162823182,-2.259477327459791e-16
2014-04-10,-0.028188043143694053,-0.0310212488592283,1.0000000000000002,0.0,0.0,10,0,0,0,False,1.3900723559585437,-2.259477327459791e-16
2014-04-11,-0.00899256772612711,-0.013413572561830511,1.0000000000000002,0.0,0.0,10,0,0,0,False,1.3775720361533694,-2.259477327459791e-16
2014-04-14,0.008100960084670428,0.005740362474466965,1.0000000000000002,0.0,0.0,10,0,0,0,False,1.388731692232006,-2.259477327459791e-16
2014-04-15,-0.0005340803017637175,0.0028513259249738354,1.0000000000000002,0.0,0.0,10,0,0,0,False,1.38798999799075,-2.259477327459791e-16
2014-04-16,0.011499608286934304,0.01290729700624893,1.0000000000000002,0.0,0.0,10,0,0,0,False,1.4039513392738263,-2.259477327459791e-16
2014-04-17,0.0007781763580261281,0.0022734892553772923,1.0000000000000002,0.0,0.0,10,0,0,0,False,1.4050438610138685,-2.259477327459791e-16
2014-04-21,-0.0030977764031916433,0.006355676446458514,1.0000000000000002,0.0,0.0,10,0,0,0,False,1.4006913492957704,-2.259477327459791e-16
2014-04-22,0.005333394491300103,0.009683299228848474,1.0000000000000002,0.0,0.0,10,0,0,0,False,1.408161788822116,-2.259477327459791e-16
2014-04-23,-0.009004379049893485,-0.00828790857054984,1.0000000000000002,0.0,0.0,10,0,0,0,False,1.3954821663119856,-2.259477327459791e-16
2014-04-24,0.007433829859841312,0.005178035935418102,1.0000000000000002,0.0,0.0,10,0,0,0,False,1.4058559433087916,-2.259477327459791e-16
2014-04-25,-0.01597694082497736,-0.01754429567221072,1.0000000000000002,0.0,0.0,10,0,0,0,False,1.3833946660941043,-2.259477327459791e-16
2014-04-28,0.006707920411278767,-0.0002846725288139229,1.0000000000000002,0.0,0.0,10,0,0,0,False,1.3926743674116513,-2.259477327459791e-16
2014-04-29,0.003057851321389027,0.007151998015707761,1.0000000000000002,0.0,0.0,10,0,0,0,False,1.3969329585663057,-2.259477327459791e-16
2014-04-30,0.0033240887222283355,0.0026855105591756523,1.0000000000000002,0.0,0.0,10,0,0,0,False,1.401576487659585,-2.259477327459791e-16
2014-05-01,-0.005784257728713271,0.0031328014870899423,1.0,0.24957907322433073,0.0017410766986553103,10,0,0,0,False,1.3934694080284573,1.0907073855204175e-16
2014-05-02,0.00460310662262442,-0.0008601678585969941,1.0,0.0,0.0,10,0,0,0,False,1.3998836962889776,1.0907073855204175e-16
2014-05-05,-0.0022528373229638854,0.003433691491881108,1.0,0.0,0.0,10,0,0,0,False,1.3967299860501692,1.0907073855204175e-16
2014-05-06,-0.004602249706471495,-0.013847092264319572,1.0,0.0,0.0,10,0,0,0,False,1.3903018858818499,1.0907073855204175e-16
2014-05-07,-0.0057456656595447075,-0.003207760319156372,1.0,0.0,0.0,10,0,0,0,False,1.3823136760797383,1.0907073855204175e-16
2014-05-08,-0.0003395071578610187,-0.003975224243245479,1.0,0.0,0.0,10,0,0,0,False,1.3818443706923,1.0907073855204175e-16
2014-05-09,0.005540758116855615,0.0050277921757373445,1.0,0.0,0.0,10,0,0,0,False,1.3895008361054446,1.0907073855204175e-16
2014-05-12,0.01900674484760345,0.01767978796769576,1.0,0.0,0.0,10,0,0,0,False,1.4159107239628326,1.0907073855204175e-16
2014-05-13,-0.0032251332355086593,-0.0033036831192098104,1.0,0.0,0.0,10,0,0,0,False,1.411344223228467,1.0907073855204175e-16
2014-05-14,-0.0018633047197088581,-0.007152248143593276,1.0,0.0,0.0,10,0,0,0,False,1.4087144588761915,1.0907073855204175e-16
2014-05-15,-0.009188755721499242,-0.007642703868495859,1.0,0.0,0.0,10,0,0,0,False,1.3957701258322341,1.0907073855204175e-16
2014-05-16,0.008687062494616704,0.0052343529215170825,1.0,0.0,0.0,10,0,0,0,False,1.4078952681434578,1.0907073855204175e-16
2014-05-19,0.0063119857910189925,0.008610004703233365,1.0,0.0,0.0,10,0,0,0,False,1.4167818830712222,1.0907073855204175e-16
2014-05-20,-0.014993973247466319,-0.0070095325036894085,1.0,0.0,0.0,10,0,0,0,False,1.3955386934189573,1.0907073855204175e-16
2014-05-21,0.006625150504862676,0.008457610322522457,1.0,0.0,0.0,10,0,0,0,False,1.4047843472982173,1.0907073855204175e-16
2014-05-22,0.008635719579548562,0.005518474951228702,1.0,0.0,0.0,10,0,0,0,False,1.4169156709912238,1.0907073855204175e-16
2014-05-23,0.007588558226788278,0.007575283081080686,1.0,0.0,0.0,10,0,0,0,False,1.4276680180629895,1.0907073855204175e-16
2014-05-27,0.008838558933238927,0.012246064387871014,1.0,0.0,0.0,10,0,0,0,False,1.4402865459777396,1.0907073855204175e-16
2014-05-28,-0.003810733356015894,-0.0028297150072911226,1.0,0.0,0.0,10,0,0,0,False,1.4347979979947614,1.0907073855204175e-16
2014-05-29,0.007311918500757297,0.005412938798485811,1.0,0.0,0.0,10,0,0,0,False,1.445289124021149,1.0907073855204175e-16
2014-05-30,0.0008309943903359596,-0.0012547463480151455,1.0,0.0,0.0,10,0,0,0,False,1.446490151175624,1.0907073855204175e-16
2014-06-02,-0.002914479909641665,-0.0012774888800436424,1.0,0.43650982518768666,0.003154720029111822,10,0,0,0,False,1.4422743846905282,-5.377642775528102e-17
2014-06-03,0.0017725082434292272,-0.0007363588815085809,1.0,0.0,0.0,10,0,0,0,False,1.4448308279266788,-5.377642775528102e-17
2014-06-04,0.0020803778554823182,0.0041472999058282944,1.0,0.0,0.0,10,0,0,0,False,1.4478366219860157,-5.377642775528102e-17
2014-06-05,0.0044308285238936485,0.01048769391369686,1.0,0.0,0.0,10,0,0,0,False,1.454251737788649,-5.377642775528102e-17
2014-06-06,0.007977677317666076,0.005858601611180125,1.0,0.0,0.0,10,0,0,0,False,1.465853288891382,-5.377642775528102e-17
2014-06-09,-0.0020951083711042706,0.0034341417928018814,1.0,0.0,0.0,10,0,0,0,False,1.462782167395015,-5.377642775528102e-17
2014-06-10,-0.0034095130938460727,0.0004058354516429663,1.0,0.0,0.0,10,0,0,0,False,1.457794792441837,-5.377642775528102e-17
2014-06-11,-0.0012842339997444219,-0.0013992162286768917,1.0,0.0,0.0,10,0,0,0,False,1.455922642804733,-5.377642775528102e-17
2014-06-12,-0.024835793605571532,-0.007918017700285218,1.0,0.0,0.0,10,0,0,0,False,1.4197636485423564,-5.377642775528102e-17
2014-06-13,-0.0007437491666412166,0.003029576837223713,1.0,0.0,0.0,10,0,0,0,False,1.4187077005119255,-5.377642775528102e-17
2014-06-16,0.003859294180889039,0.002424274817586003,1.0,0.0,0.0,10,0,0,0,False,1.4241829108848938,-5.377642775528102e-17
2014-06-17,0.002879887328664621,0.0037328225745105748,1.0,0.0,0.0,10,0,0,0,False,1.4282843972036519,-5.377642775528102e-17
2014-06-18,0.007548243903645169,0.0059046442084003115,1.0,0.0,0.0,10,0,0,0,False,1.4390654361975157,-5.377642775528102e-17
2014-06-19,-0.0017459746337563642,-0.0008044530995613419,1.0,0.0,0.0,10,0,0,0,False,1.4365528644495993,-5.377642775528102e-17
2014-06-20,0.00044431625087515414,0.0019979904710587526,1.0,0.0,0.0,10,0,0,0,False,1.4371911482325155,-5.377642775528102e-17
2014-06-23,0.0013513498134440916,0.000146564591899212,1.0,0.0,0.0,10,0,0,0,False,1.439133296222563,-5.377642775528102e-17
2014-06-24,-0.0031635813178975125,-0.004195798081077284,1.0,0.0,0.0,10,0,0,0,False,1.434580481012669,-5.377642775528102e-17
2014-06-25,0.005465464335978609,0.006760306486597534,1.0,0.0,0.0,10,0,0,0,False,1.4424211294687348,-5.377642775528102e-17
2014-06-26,-0.0019223826299891167,-0.00016210934672722388,1.0,0.0,0.0,10,0,0,0,False,1.4396482441443148,-5.377642775528102e-17
2014-06-27,0.002017821902747352,0.004311528953153232,1.0,0.0,0.0,10,0,0,0,False,1.4425531979036008,-5.377642775528102e-17
2014-06-30,0.002843575424665401,0.002330641809640266,1.0,0.0,0.0,10,0,0,0,False,1.446655206725932,-5.377642775528102e-17
2014-07-01,0.010962331711078743,0.011449100923778044,1.0000000000000002,0.23346781901174096,0.001709244945467981,10,0,0,0,False,1.4625139209736207,-1.1167282376600696e-16
2014-07-02,0.005900536114220811,-0.00020631806054127733,1.0000000000000002,0.0,0.0,10,0,0,0,False,1.4711435371818762,-1.1167282376600696e-16
2014-07-03,0.009205761123948442,0.006326134602140598,1.0000000000000002,0.0,0.0,10,0,0,0,False,1.484686533164213,-1.1167282376600696e-16
2014-07-07,-0.00564867622408094,-0.007668509866693762,1.0000000000000002,0.0,0.0,10,0,0,0,False,1.4763000196441152,-1.1167282376600696e-16
2014-07-08,-0.0055884134927758344,-0.013494192490860146,1.0000000000000002,0.0,0.0,10,0,0,0,False,1.4680498446949508,-1.1167282376600696e-16
2014-07-09,0.003060329510379489,0.00627804875827187,1.0000000000000002,0.0,0.0,10,0,0,0,False,1.4725425609573788,-1.1167282376600696e-16
2014-07-10,-0.008181312896321846,-0.005166201866301012,1.0000000000000002,0.0,0.0,10,0,0,0,False,1.4604952295130353,-1.1167282376600696e-16
2014-07-11,-0.00015364011132923405,0.0043878802425785235,1.0000000000000002,0.0,0.0,10,0,0,0,False,1.4602708388633772,-1.1167282376600696e-16
2014-07-14,0.003022531747285395,0.005645964291801642,1.0000000000000002,0.0,0.0,10,0,0,0,False,1.4646845538334767,-1.1167282376600696e-16
2014-07-15,-0.0036906433786934034,-0.00541160533038787,1.0000000000000002,0.0,0.0,10,0,0,0,False,1.4592789254829968,-1.1167282376600696e-16
2014-07-16,-0.007502535074518812,0.002169215079075526,1.0000000000000002,0.0,0.0,10,0,0,0,False,1.4483306341610545,-1.1167282376600696e-16
2014-07-17,-0.01510893937767599,-0.01412571643613858,1.0000000000000002,0.0,0.0,10,0,0,0,False,1.426447894410684,-1.1167282376600696e-16
2014-07-18,0.016099891662658683,0.01574435294345755,1.0000000000000002,0.0,0.0,10,0,0,0,False,1.4494135509731236,-1.1167282376600696e-16
2014-07-21,-0.004106125514803827,-0.0016808321397252524,1.0000000000000002,0.0,0.0,10,0,0,0,False,1.4434620770099704,-1.1167282376600696e-16
2014-07-22,0.005004068215541446,0.007078400475584834,1.0000000000000002,0.0,0.0,10,0,0,0,False,1.4506852597098754,-1.1167282376600696e-16
2014-07-23,0.0032171170746269073,0.003967711096449333,1.0000000000000002,0.0,0.0,10,0,0,0,False,1.4553522840287976,-1.1167282376600696e-16
2014-07-24,0.004194029312318381,-0.00035547755301079675,1.0000000000000002,0.0,0.0,10,0,0,0,False,1.4614560741677638,-1.1167282376600696e-16
2014-07-25,-0.007264233990751157,-0.005042317944825236,1.0000000000000002,0.0,0.0,10,0,0,0,False,1.4508397152778045,-1.1167282376600696e-16
2014-07-28,0.007673125135834624,-0.0010450246531110707,1.0000000000000002,0.0,0.0,10,0,0,0,False,1.4619721899651699,-1.1167282376600696e-16
2014-07-29,-0.0015534119471080077,-0.0004971978961464396,1.0000000000000002,0.0,0.0,10,0,0,0,False,1.4597011448989383,-1.1167282376600696e-16
2014-07-30,0.008606685093373923,0.004546716881773882,1.0000000000000002,0.0,0.0,10,0,0,0,False,1.472264332983521,-1.1167282376600696e-16
2014-07-31,-0.019247303522903048,-0.02086757536282624,1.0000000000000002,0.0,0.0,10,0,0,0,False,1.4439272145006428,-1.1167282376600696e-16
2014-08-01,-0.0029007530735433162,-0.003920091904150769,1.0000000000000002,0.6248803588459227,0.004512420912835367,10,0,0,0,False,1.4397387381952071,-2.645453300864631e-16
2014-08-04,0.009006399491375383,0.007179550636405629,1.0000000000000002,0.0,0.0,10,0,0,0,False,1.452705600434602,-2.645453300864631e-16
2014-08-05,-0.007480270403028011,-0.007082818978514038,1.0000000000000002,0.0,0.0,10,0,0,0,False,1.441838969727358,-2.645453300864631e-16
2014-08-06,0.005405952591291285,0.0005077145269622996,1.0000000000000002,0.0,0.0,10,0,0,0,False,1.4496334828419803,-2.645453300864631e-16
2014-08-07,-0.01037650869600959,-0.004610647621067443,1.0000000000000002,0.0,0.0,10,0,0,0,False,1.4345913484012438,-2.645453300864631e-16
2014-08-08,0.018228490728883218,0.00828833840657106,1.0000000000000002,0.0,0.0,10,0,0,0,False,1.460741783495312,-2.645453300864631e-16
2014-08-11,0.0054904607390762195,0.0069619988323228466,1.0000000000000002,0.0,0.0,10,0,0,0,False,1.468761928907521,-2.645453300864631e-16
2014-08-12,-0.002269009689277013,-0.0027446475782401114,1.0000000000000002,0.0,0.0,10,0,0,0,False,1.4654292938595888,-2.645453300864631e-16
2014-08-13,0.006584733348396821,0.010224958705929321,1.0000000000000002,0.0,0.0,10,0,0,0,False,1.4750787550005835,-2.645453300864631e-16
2014-08-14,0.0043405996144552095,0.004255648892920405,1.0000000000000002,0.0,0.0,10,0,0,0,False,1.4814814812758301,-2.645453300864631e-16
2014-08-15,0.03485904909491211,0.0026791376600043826,1.0000000000000002,0.0,0.0,10,0,0,0,False,1.5331245169648275,-2.645453300864631e-16
2014-08-18,-0.0005552906055663609,0.009715694995635182,1.0000000000000002,0.0,0.0,10,0,0,0,False,1.5322731873233935,-2.645453300864631e-16
2014-08-19,0.011358859072421845,0.004258735440581196,1.0000000000000002,0.0,0.0,10,0,0,0,False,1.5496780625186504,-2.645453300864631e-16
2014-08-20,0.0029475994725538524,-0.0002274539527226116,1.0000000000000002,0.0,0.0,10,0,0,0,False,1.5542458927583584,-2.645453300864631e-16
2014-08-21,-0.004203125482674319,0.0012416049557271158,1.0000000000000002,0.0,0.0,10,0,0,0,False,1.5477132022401638,-2.645453300864631e-16
2014-08-22,0.011216676132550063,0.0014231150807988424,1.0000000000000002,0.0,0.0,10,0,0,0,False,1.5650733999757636,-2.645453300864631e-16
2014-08-25,0.004942131521421311,0.00414235842471089,1.0000000000000002,0.0,0.0,10,0,0,0,False,1.5728081985591218,-2.645453300864631e-16
2014-08-26,0.0005941132161593199,0.002916168323342072,1.0000000000000002,0.0,0.0,10,0,0,0,False,1.5737426246963695,-2.645453300864631e-16
2014-08-27,0.0013514940170675782,-0.00022316349082041054,1.0000000000000002,0.0,0.0,10,0,0,0,False,1.5758695284380508,-2.645453300864631e-16
2014-08-28,-0.0006060467362398736,-0.0026085100597311728,1.0000000000000002,0.0,0.0,10,0,0,0,False,1.574914477853601,-2.645453300864631e-16
2014-08-29,-0.0015554715095519311,0.004952015053557135,1.0000000000000002,0.0,0.0,10,0,0,0,False,1.572464743253319,-2.645453300864631e-16
2014-09-02,0.00254610988789028,0.0039124112770643205,1.0,0.27173567355365064,0.002144827658824838,10,0,0,0,False,1.5764684112844751,-1.0538445116559103e-16
2014-09-03,-0.005060853061439996,-0.005573888977486674,1.0,0.0,0.0,10,0,0,0,False,1.5684901362989627,-1.0538445116559103e-16
2014-09-04,0.0007355866642444475,-0.0022460284338307046,1.0,0.0,0.0,10,0,0,0,False,1.5696438967262232,-1.0538445116559103e-16
2014-09-05,0.0016359989349650217,0.004517446282459092,1.0,0.0,0.0,10,0,0,0,False,1.5722118324695415,-1.0538445116559103e-16
2014-09-08,-7.873897322374646e-06,0.0020489428538466026,1.0,0.0,0.0,10,0,0,0,False,1.5721994530350036,-1.0538445116559103e-16
2014-09-09,-0.009316671676039667,-0.008710251312526007,1.0,0.0,0.0,10,0,0,0,False,1.5575517869218274,-1.0538445116559103e-16
2014-09-10,0.007458734586176963,0.007519292487956797,1.0,0.0,0.0,10,0,0,0,False,1.569169152304703,-1.0538445116559103e-16
2014-09-11,0.009490504314455084,0.001153401707612689,1.0,0.0,0.0,10,0,0,0,False,1.5840613589147607,-1.0538445116559103e-16
2014-09-12,-0.003424241201803846,-0.005272430582440646,1.0,0.0,0.0,10,0,0,0,False,1.5786371507433794,-1.0538445116559103e-16
2014-09-15,-0.011902641836727956,-0.010662098023861422,1.0,0.0,0.0,10,0,0,0,False,1.5598471981479283,-1.0538445116559103e-16
2014-09-16,0.008732122375383788,0.007492951990372587,1.0,0.0,0.0,10,0,0,0,False,1.5734679747690554,-1.0538445116559103e-16
2014-09-17,0.004333952522830087,0.0020712931088524567,1.0,0.0,0.0,10,0,0,0,False,1.5802873102678983,-1.0538445116559103e-16
2014-09-18,0.010078721079358255,0.006847654456470398,1.0,0.0,0.0,10,0,0,0,False,1.5962145852933378,-1.0538445116559103e-16
2014-09-19,-0.008381615571048107,-0.0029695019639135456,1.0,0.0,0.0,10,0,0,0,False,1.582835728270509,-1.0538445116559103e-16
2014-09-22,-0.010153814849382492,-0.011376089296670777,1.0,0.0,0.0,10,0,0,0,False,1.5667639073486628,-1.0538445116559103e-16
2014-09-23,-0.001208104368154328,-0.0041964004646166675,1.0,0.0,0.0,10,0,0,0,False,1.5648710930283283,-1.0538445116559103e-16
2014-09-24,0.014990035252889111,0.010320137563685439,1.0,0.0,0.0,10,0,0,0,False,1.58832856587905,-1.0538445116559103e-16
2014-09-25,-0.017388485793498498,-0.01942171752750832,1.0,0.0,0.0,10,0,0,0,False,1.5607099371758544,-1.0538445116559103e-16
2014-09-26,0.01814188693942187,0.01017292214697485,1.0,0.0,0.0,10,0,0,0,False,1.589024160401331,-1.0538445116559103e-16
2014-09-29,-0.002910074326346823,-0.0014050383828040358,1.0,0.0,0.0,10,0,0,0,False,1.5843999819882024,-1.0538445116559103e-16
2014-09-30,-0.0022040709408316372,-0.0027652939453089997,1.0,0.0,0.0,10,0,0,0,False,1.580907852029248,-1.0538445116559103e-16
2014-10-01,-0.014844458845700736,-0.015867818821250324,1.0,0.23308690396893691,0.0018172123326362563,10,0,0,0,False,1.5574401304809549,6.353424730765056e-17
2014-10-02,0.004310719195740775,0.0018340649708199486,1.0,0.0,0.0,10,0,0,0,False,1.5641538175476362,6.353424730765056e-17
2014-10-03,0.009408142140665321,0.010252335774803,1.0,0.0,0.0,10,0,0,0,False,1.5788695989929886,6.353424730765056e-17
2014-10-06,-0.01098535648067478,-0.0046519363875411335,1.0,0.0,0.0,10,0,0,0,False,1.5615251536115506,6.353424730765056e-17
2014-10-07,-0.011437606788464394,-0.015623507929581781,1.0,0.0,0.0,10,0,0,0,False,1.5436650429142453,6.353424730765056e-17
2014-10-08,0.02411764075000411,0.019016144348438013,1.0,0.0,0.0,10,0,0,0,False,1.580894601857591,6.353424730765056e-17
2014-10-09,-0.01847473905472563,-0.02019652822015572,1.0,0.0,0.0,10,0,0,0,False,1.5516879866152475,6.353424730765056e-17
2014-10-10,-0.018089666760737977,-0.023319249912946316,1.0,0.0,0.0,10,0,0,0,False,1.5236184680207372,6.353424730765056e-17
2014-10-13,-0.020926659405467785,-0.014634350988983247,1.0,0.0,0.0,10,0,0,0,False,1.4917342232765867,6.353424730765056e-17
2014-10-14,0.00185602661734241,0.0032061674076138136,1.0,0.0,0.0,10,0,0,0,False,1.4945029217009886,6.353424730765056e-17
2014-10-15,-0.005617389403382411,-0.002803317652313786,1.0,0.0,0.0,10,0,0,0,False,1.4861077168253014,6.353424730765056e-17
2014-10-16,0.0037059020604808257,0.0004911371137248377,1.0,0.0,0.0,10,0,0,0,False,1.4916150864751807,6.353424730765056e-17
2014-10-17,0.011799065566477696,0.009733460511514247,1.0,0.0,0.0,10,0,0,0,False,1.5092147506804485,6.353424730765056e-17
2014-10-20,0.020954901615587884,0.013533101641284073,1.0,0.0,0.0,10,0,0,0,False,1.5408401972977515,6.353424730765056e-17
2014-10-21,0.029068128449350805,0.023959343752967044,1.0,0.0,0.0,10,0,0,0,False,1.5856295380727254,6.353424730765056e-17
2014-10-22,-0.011945014479057714,-0.00828828278439997,1.0,0.0,0.0,10,0,0,0,False,1.5666891702820251,6.353424730765056e-17
2014-10-23,0.01114913834824316,0.01595762994495309,1.0,0.0,0.0,10,0,0,0,False,1.5841564045901937,6.353424730765056e-17
2014-10-24,0.00876866024038292,0.00694625167591556,1.0,0.0,0.0,10,0,0,0,False,1.5980473338696717,6.353424730765056e-17
2014-10-27,0.0049243795681459535,0.0004928942711457385,1.0,0.0,0.0,10,0,0,0,False,1.6059167255095095,6.353424730765056e-17
2014-10-28,0.0066642604620208434,0.017467904427046266,1.0,0.0,0.0,10,0,0,0,False,1.6166189728486207,6.353424730765056e-17
2014-10-29,-0.0050766042542523815,-0.0032995274182842094,1.0,0.0,0.0,10,0,0,0,False,1.6084120380935523,6.353424730765056e-17
2014-10-30,0.008368113686425094,0.003717134548044454,1.0,0.0,0.0,10,0,0,0,False,1.6218714128829337,6.353424730765056e-17
2014-10-31,0.012692713199454086,0.014147638614943281,1.0,0.0,0.0,10,0,0,0,False,1.64245736157305,6.353424730765056e-17
2014-11-03,0.00036166758745181937,0.0017642967748439098,1.0,0.41579545626268916,0.0034229828052740807,10,0,0,0,False,1.6430513851645028,7.806255641895632e-18
2014-11-04,-0.01180084188985675,-0.003291742961525901,1.0,0.0,0.0,10,0,0,0,False,1.6236619955512663,7.806255641895632e-18
2014-11-05,-0.0034233044390376,-0.0006315154157434666,1.0,0.0,0.0,10,0,0,0,False,1.618103706234399,7.806255641895632e-18
2014-11-06,-0.0021001919866476815,0.003841392517123232,1.0,0.0,0.0,10,0,0,0,False,1.6147053777970006,7.806255641895632e-18
2014-11-07,0.004095055111200452,-0.0012806808589607144,1.0,0.0,0.0,10,0,0,0,False,1.6213176853074311,7.806255641895632e-18
2014-11-10,0.006745480911997337,0.004120923301993651,1.0,0.0,0.0,10,0,0,0,False,1.6322542528059563,7.806255641895632e-18
2014-11-11,0.004468580436593372,0.0019219110348240864,1.0,0.0,0.0,10,0,0,0,False,1.6395481122275914,7.806255641895632e-18
2014-11-12,0.00019835716788363378,0.0031283793550906935,1.0,0.0,0.0,10,0,0,0,False,1.639873328347742,7.806255641895632e-18
2014-11-13,0.0002586118826648498,0.001069486666292585,1.0,0.0,0.0,10,0,0,0,False,1.6402974190765178,7.806255641895632e-18
2014-11-14,-0.005922410686850177,0.001794796698500578,1.0,0.0,0.0,10,0,0,0,False,1.6305829041121662,7.806255641895632e-18
2014-11-17,-0.002666843929038376,-0.0037410366553340957,1.0,0.0,0.0,10,0,0,0,False,1.6262343939935409,7.806255641895632e-18
2014-11-18,0.008638080728469388,0.00673087133376149,1.0,0.0,0.0,10,0,0,0,False,1.6402819379722704,7.806255641895632e-18
2014-11-19,-0.0026907410139882515,-0.005684261908376564,1.0,0.0,0.0,10,0,0,0,False,1.6358683640872642,7.806255641895632e-18
2014-11-20,0.004364193294202012,0.0055948936097405255,1.0,0.0,0.0,10,0,0,0,False,1.643007609832011,7.806255641895632e-18
2014-11-21,0.012032217898598763,0.002360784063345278,1.0,0.0,0.0,10,0,0,0,False,1.6627766354025657,7.806255641895632e-18
2014-11-24,0.005884050093198923,0.008894582019636,1.0,0.0,0.0,10,0,0,0,False,1.672560496419075,7.806255641895632e-18
2014-11-25,0.0026513257546370017,0.0007066199069460932,1.0,0.0,0.0,10,0,0,0,False,1.6769949991394193,7.806255641895632e-18
2014-11-26,0.0006670010358951206,0.006109346923764081,1.0,0.0,0.0,10,0,0,0,False,1.6781135565410363,7.806255641895632e-18
2014-11-28,0.008688677365116693,0.0009003158719413928,1.0,0.0,0.0,10,0,0,0,False,1.6926941438158498,7.806255641895632e-18
2014-12-01,-0.01195781212972169,-0.013415017716622901,0.9999999999999999,0.6462632024446271,0.005421744255474741,10,0,0,0,False,1.6724532252510198,1.8388068845354155e-16
2014-12-02,0.008711704404880338,0.0060202860795099955,0.9999999999999999,0.0,0.0,10,0,0,0,False,1.6870231433803953,1.8388068845354155e-16
2014-12-03,0.0029143895243941564,0.003923642788007831,0.9999999999999999,0.0,0.0,10,0,0,0,False,1.6919397859568737,1.8388068845354155e-16
2014-12-04,-0.000700654487422181,-0.0010535828666391467,0.9999999999999999,0.0,0.0,10,0,0,0,False,1.6907543207533948,1.8388068845354155e-16
2014-12-05,0.004916956647759152,0.002373423344740999,0.9999999999999999,0.0,0.0,10,0,0,0,False,1.6990676864505507,1.8388068845354155e-16
2014-12-08,-0.0022489318641715217,-0.008381491996313994,0.9999999999999999,0.0,0.0,10,0,0,0,False,1.6952465989911079,1.8388068845354155e-16
2014-12-09,0.0019510319026920797,0.0054380903505204525,0.9999999999999999,0.0,0.0,10,0,0,0,False,1.6985540791886697,1.8388068845354155e-16
2014-12-10,-0.012141335106449436,-0.017297957721418067,0.9999999999999999,0.0,0.0,10,0,0,0,False,1.6779313649168135,1.8388068845354155e-16
2014-12-11,0.005864904784191216,0.00515373546654363,0.9999999999999999,0.0,0.0,10,0,0,0,False,1.6877722726064586,1.8388068845354155e-16
2014-12-12,-0.0062732363854621775,-0.011588411966101053,0.9999999999999999,0.0,0.0,10,0,0,0,False,1.6771844781755696,1.8388068845354155e-16
2014-12-15,-0.006932941449788732,-0.01040912389528259,0.9999999999999999,0.0,0.0,10,0,0,0,False,1.6655566563878839,1.8388068845354155e-16
2014-12-16,-0.016419731173846985,-0.012449100033479876,0.9999999999999999,0.0,0.0,10,0,0,0,False,1.6382086638351834,1.8388068845354155e-16
2014-12-17,0.018571481553080194,0.02121451282887632,0.9999999999999999,0.0,0.0,10,0,0,0,False,1.6686326258156947,1.8388068845354155e-16
2014-12-18,0.027918748665029858,0.02241232772118318,0.9999999999999999,0.0,0.0,10,0,0,0,False,1.715218760710112,1.8388068845354155e-16
2014-12-19,0.002267215581763793,0.0035759414450327043,0.9999999999999999,0.0,0.0,10,0,0,0,False,1.7191075314105273,1.8388068845354155e-16
2014-12-22,-0.007094915506935751,0.0033659436050419433,0.9999999999999999,0.0,0.0,10,0,0,0,False,1.7069106087278327,1.8388068845354155e-16
2014-12-23,-0.00812546733646391,-0.0033462863196767056,0.9999999999999999,0.0,0.0,10,0,0,0,False,1.693041162330351,1.8388068845354155e-16
2014-12-24,0.003974279740523334,0.0016893159824173942,0.9999999999999999,0.0,0.0,10,0,0,0,False,1.6997697815216726,1.8388068845354155e-16
2014-12-26,0.003013989454845767,0.0069948483181063725,0.9999999999999999,0.0,0.0,10,0,0,0,False,1.7048928697188444,1.8388068845354155e-16
2014-12-29,0.006190282134460601,1.0464211781968658e-05,0.9999999999999999,0.0,0.0,10,0,0,0,False,1.7154466375914341,1.8388068845354155e-16
2014-12-30,-0.005834302239954958,-0.006130819751947958,0.9999999999999999,0.0,0.0,10,0,0,0,False,1.7054382034312112,1.8388068845354155e-16
2014-12-31,-0.0069897010847220775,-0.008663656867771485,0.9999999999999999,0.0,0.0,10,0,0,0,False,1.6935177001707615,1.8388068845354155e-16
2015-01-02,-0.0018238613059446962,-0.001950929654498168,1.0000000000000002,0.22839749721802724,0.001932655785757963,10,0,0,0,False,1.6904289587664876,-2.209604027525458e-16
2015-01-05,-0.010371407294787804,-0.01570621591081045,1.0000000000000002,0.0,0.0,10,0,0,0,False,1.6728968315322164,-2.209604027525458e-16
2015-01-06,0.002228372640447729,-0.012859473919123121,1.0000000000000002,0.0,0.0,10,0,0,0,False,1.6766246690618944,-2.209604027525458e-16
2015-01-07,0.03164394097643619,0.012569837936837747,1.0000000000000002,0.0,0.0,10,0,0,0,False,1.729679681129326,-2.209604027525458e-16
2015-01-08,0.01239192321244964,0.01843248022533306,1.0000000000000002,0.0,0.0,10,0,0,0,False,1.7511137389200149,-2.209604027525458e-16
2015-01-09,-0.01103915942419531,-0.006781843776998864,1.0000000000000002,0.0,0.0,10,0,0,0,False,1.731782915186178,-2.209604027525458e-16
2015-01-12,-0.006664181985145845,-0.008367180265905105,1.0000000000000002,0.0,0.0,10,0,0,0,False,1.720241998680611,-2.209604027525458e-16
2015-01-13,-0.008068840908848185,-0.0006881456725069679,1.0000000000000002,0.0,0.0,10,0,0,0,False,1.7063616396685382,-2.209604027525458e-16
2015-01-14,-0.006310780406531102,-0.004758167971682936,1.0000000000000002,0.0,0.0,10,0,0,0,False,1.6955931660664616,-2.209604027525458e-16
2015-01-15,-0.025023815242094294,-0.014765095521114935,1.0000000000000002,0.0,0.0,10,0,0,0,False,1.6531629559530567,-2.209604027525458e-16
2015-01-16,0.021206400888425847,0.013905623669522083,1.0000000000000002,0.0,0.0,10,0,0,0,False,1.6882205923308924,-2.209604027525458e-16
2015-01-20,0.014338265207099798,0.004417031068169486,1.0000000000000002,0.0,0.0,10,0,0,0,False,1.71242674691182,-2.209604027525458e-16
2015-01-21,0.004150575199728168,0.002700366226616069,1.0000000000000002,0.0,0.0,10,0,0,0,False,1.7195343028989034,-2.209604027525458e-16
2015-01-22,0.010532905550901805,0.01777855898501879,1.0000000000000002,0.0,0.0,10,0,0,0,False,1.7376459953028733,-2.209604027525458e-16
2015-01-23,0.004733953768901289,0.001574604276999736,1.0000000000000002,0.0,0.0,10,0,0,0,False,1.7458719311113535,-2.209604027525458e-16
2015-01-26,0.006334744143245086,0.0029172447164964588,1.0000000000000002,0.0,0.0,10,0,0,0,False,1.756931583101817,-2.209604027525458e-16
2015-01-27,-0.009980239582858874,-0.018915411458891973,1.0000000000000002,0.0,0.0,10,0,0,0,False,1.7393969849717694,-2.209604027525458e-16
2015-01-28,-0.01634622882754555,-0.009293986969988177,1.0000000000000002,0.0,0.0,10,0,0,0,False,1.7109644038334781,-2.209604027525458e-16
2015-01-29,0.0010020435918318693,0.009793034922755961,1.0000000000000002,0.0,0.0,10,0,0,0,False,1.712678864750192,-2.209604027525458e-16
2015-01-30,0.0018241844006585684,-0.010285240442957533,1.0000000000000002,0.0,0.0,10,0,0,0,False,1.7158031068186068,-2.209604027525458e-16
2015-02-02,0.00874999659656761,0.008942298179067443,1.0000000000000002,0.28012798844769465,0.0024276508166361267,10,0,0,0,False,1.7308163781636499,-2.5326962749261384e-16
2015-02-03,0.014593732286532601,0.01091590443061019,1.0000000000000002,0.0,0.0,10,0,0,0,False,1.7560754490237163,-2.5326962749261384e-16
2015-02-04,-0.007282343259202739,-0.0023351536956282004,1.0000000000000002,0.0,0.0,10,0,0,0,False,1.743287104814867,-2.5326962749261384e-16
2015-02-05,0.008490172863721668,0.010261389943757582,1.0000000000000002,0.0,0.0,10,0,0,0,False,1.758087913685842,-2.5326962749261384e-16
2015-02-06,-0.007717034275491863,-0.004344126999556441,1.0000000000000002,0.0,0.0,10,0,0,0,False,1.7445206889966005,-2.5326962749261384e-16
2015-02-09,-0.0037239376868566376,-0.0038761698818854384,1.0000000000000002,0.0,0.0,10,0,0,0,False,1.738024202657345,-2.5326962749261384e-16
2015-02-10,0.011743883275016076,0.013040662759522759,1.0000000000000002,0.0,0.0,10,0,0,0,False,1.7584353560225057,-2.5326962749261384e-16
2015-02-11,0.0018398012891187587,0.0028281365593876284,1.0000000000000002,0.0,0.0,10,0,0,0,False,1.7616705276573479,-2.5326962749261384e-16
2015-02-12,0.008753366928508477,0.011753297657938422,1.0000000000000002,0.0,0.0,10,0,0,0,False,1.7770910761930718,-2.5326962749261384e-16
2015-02-13,0.004532641425384565,0.007458379891724043,1.0000000000000002,0.0,0.0,10,0,0,0,False,1.785145992821706,-2.5326962749261384e-16
2015-02-17,0.0038640334140280785,0.0011095990514444765,1.0000000000000002,0.0,0.0,10,0,0,0,False,1.7920438565868875,-2.5326962749261384e-16
2015-02-18,0.003014012941535249,0.0014471339607737832,1.0000000000000002,0.0,0.0,10,0,0,0,False,1.797445099962439,-2.5326962749261384e-16
2015-02-19,0.013566445045419151,0.003738066585779798,1.0000000000000002,0.0,0.0,10,0,0,0,False,1.8218300401332375,-2.5326962749261384e-16
2015-02-20,0.004175408033288086,0.006349625100021239,1.0000000000000002,0.0,0.0,10,0,0,0,False,1.8294369239180952,-2.5326962749261384e-16
2015-02-23,0.000762887178480609,0.001008884193855808,1.0000000000000002,0.0,0.0,10,0,0,0,False,1.8308325778911911,-2.5326962749261384e-16
2015-02-24,-0.0001252633714262652,0.0014412301851762788,1.0000000000000002,0.0,0.0,10,0,0,0,False,1.8306032416299673,-2.5326962749261384e-16
2015-02-25,0.006841725782240182,-0.00019725771122169888,1.0000000000000002,0.0,0.0,10,0,0,0,False,1.8431277270252797,-2.5326962749261384e-16
2015-02-26,0.0015810142366425861,0.0041774541450925184,1.0000000000000002,0.0,0.0,10,0,0,0,False,1.8460417382016574,-2.5326962749261384e-16
2015-02-27,0.018125986200789423,-0.004883888680706772,1.0000000000000002,0.0,0.0,10,0,0,0,False,1.8795030652743818,-2.5326962749261384e-16
2015-03-02,0.0022199500254962423,0.00897955724976196,1.0,0.6349589975686132,0.005999330078074381,10,0,0,0,False,1.883675468152058,-8.673617379884035e-17
2015-03-03,-0.005768928224999081,-0.005630917800544588,1.0,0.0,0.0,10,0,0,0,False,1.8728086795770973,-8.673617379884035e-17
2015-03-04,0.00040413298165309364,-0.0025622603378032682,1.0,0.0,0.0,10,0,0,0,False,1.8735655433328404,-8.673617379884035e-17
2015-03-05,-0.00039623778258468523,0.003154732841137209,1.0,0.0,0.0,10,0,0,0,False,1.8728231658764232,-8.673617379884035e-17
2015-03-06,-0.010808976247799862,-0.011126251831270806,1.0,0.0,0.0,10,0,0,0,False,1.8525798647601355,-8.673617379884035e-17
2015-03-09,0.008109268790355006,0.0030583860546622432,1.0,0.0,0.0,10,0,0,0,False,1.8676029328390749,-8.673617379884035e-17
2015-03-10,-0.011174308257337118,-0.016722489635129456,1.0,0.0,0.0,10,0,0,0,False,1.8467337619652242,-8.673617379884035e-17
2015-03-11,0.0003554134236425366,-0.0020268571275713354,1.0,0.0,0.0,10,0,0,0,False,1.8473901159341204,-8.673617379884035e-17
2015-03-12,0.01229595778428516,0.00893827570935457,1.0,0.0,0.0,10,0,0,0,False,1.870105546810752,-8.673617379884035e-17
2015-03-13,0.0002682797890893873,-0.004399943596230749,1.0,0.0,0.0,10,0,0,0,False,1.8706072583324254,-8.673617379884035e-17
2015-03-16,0.013839482408888104,0.011854032704978534,1.0,0.0,0.0,10,0,0,0,False,1.8964954945780552,-8.673617379884035e-17
2015-03-17,-0.004522635632226768,0.001606731768744929,1.0,0.0,0.0,10,0,0,0,False,1.887918336477919,-8.673617379884035e-17
2015-03-18,0.009132097810256035,0.009195046443390753,1.0,0.0,0.0,10,0,0,0,False,1.9051589913844114,-8.673617379884035e-17
2015-03-19,0.004554874839360901,0.0019165413647155294,1.0,0.0,0.0,10,0,0,0,False,1.9138367521392503,-8.673617379884035e-17
2015-03-20,0.009690565714006283,0.006818391364807885,1.0,0.0,0.0,10,0,0,0,False,1.932382912951736,-8.673617379884035e-17
2015-03-23,-0.008427575715543645,-0.003073698637871436,1.0,0.0,0.0,10,0,0,0,False,1.9160976096414124,-8.673617379884035e-17
2015-03-24,0.0011968721580168928,-0.003240929271541071,1.0,0.0,0.0,10,0,0,0,False,1.9183909335224347,-8.673617379884035e-17
2015-03-25,-0.022321418121603265,-0.023666944959987668,1.0,0.0,0.0,10,0,0,0,False,1.8755697273745877,-8.673617379884035e-17
2015-03-26,-0.004197956638644862,-0.002698666262006544,1.0,0.0,0.0,10,0,0,0,False,1.8676961669863141,-8.673617379884035e-17
2015-03-27,0.004321042177133805,0.005728611612724643,1.0,0.0,0.0,10,0,0,0,False,1.875766560897933,-8.673617379884035e-17
2015-03-30,0.014107337019858779,0.011494003071053749,1.0,0.0,0.0,10,0,0,0,False,1.9022286319431017,-8.673617379884035e-17
2015-03-31,-0.009232859045328223,-0.009410927861903007,1.0,0.0,0.0,10,0,0,0,False,1.8846656231123835,-8.673617379884035e-17
2015-04-01,-0.01236135907198177,-0.004213508680349531,1.0000000000000002,0.44664535725817606,0.00416616218965161,10,0,0,0,False,1.8613685946144711,-2.3071822230491534e-16
2015-04-02,0.0006233039391414508,0.0013749147068888856,1.0000000000000002,0.0,0.0,10,0,0,0,False,1.8625287929916887,-2.3071822230491534e-16
2015-04-06,0.005095111100579253,0.006216548724079951,1.0000000000000002,0.0,0.0,10,0,0,0,False,1.8720185841200092,-2.3071822230491534e-16
2015-04-07,0.0020421650235040723,-0.0014418016904250708,1.0000000000000002,0.0,0.0,10,0,0,0,False,1.8758415549958487,-2.3071822230491534e-16
2015-04-08,0.009845002851785134,0.008266374487549522,1.0000000000000002,0.0,0.0,10,0,0,0,False,1.8943092204542797,-2.3071822230491534e-16
2015-04-09,0.009137113419963372,0.004795226035090083,1.0000000000000002,0.0,0.0,10,0,0,0,False,1.911617738654053,-2.3071822230491534e-16
2015-04-10,-0.000516399879992413,0.004305888273417269,1.0000000000000002,0.0,0.0,10,0,0,0,False,1.9106305794832206,-2.3071822230491534e-16
2015-04-13,0.00044139115733687895,-0.0015472439841631713,1.0000000000000002,0.0,0.0,10,0,0,0,False,1.9114739149259419,-2.3071822230491534e-16
2015-04-14,0.0022553704606202984,-0.002197163333834573,1.0000000000000002,0.0,0.0,10,0,0,0,False,1.915784996729912,-2.3071822230491534e-16
2015-04-15,0.006613948666779557,0.00677678013537486,1.0000000000000002,0.0,0.0,10,0,0,0,False,1.92845590035487,-2.3071822230491534e-16
2015-04-16,-0.004124559692336938,-0.0006445793471190342,1.0000000000000002,0.0,0.0,10,0,0,0,False,1.920501868879817,-2.3071822230491534e-16
2015-04-17,-0.009210343334668747,-0.015172341491955565,1.0000000000000002,0.0,0.0,10,0,0,0,False,1.902813387292561,-2.3071822230491534e-16
2015-04-20,0.011715701794746902,0.012731633766677186,1.0000000000000002,0.0,0.0,10,0,0,0,False,1.9251061815091328,-2.3071822230491534e-16
2015-04-21,0.007405165894412757,0.0039042164757094877,1.0000000000000002,0.0,0.0,10,0,0,0,False,1.9393619121475676,-2.3071822230491534e-16
2015-04-22,0.0025813731413866225,0.004202109965854239,1.0000000000000002,0.0,0.0,10,0,0,0,False,1.9443681288990136,-2.3071822230491534e-16
2015-04-23,0.008744577829251865,0.004148857022679531,1.0000000000000002,0.0,0.0,10,0,0,0,False,1.9613708073308878,-2.3071822230491534e-16
2015-04-24,-0.002390174347549179,0.007124124177242397,1.0000000000000002,0.0,0.0,10,0,0,0,False,1.9566827891411736,-2.3071822230491534e-16
2015-04-27,-0.006069240272355669,-0.0062509032408976095,1.0000000000000002,0.0,0.0,10,0,0,0,False,1.9448072111570927,-2.3071822230491534e-16
2015-04-28,-0.004622924248190885,-0.0009545180574082046,1.0000000000000002,0.0,0.0,10,0,0,0,False,1.935816514742578,-2.3071822230491534e-16
2015-04-29,-0.005409438305447045,-0.006286282965337953,1.0000000000000002,0.0,0.0,10,0,0,0,False,1.9253448347354125,-2.3071822230491534e-16
2015-04-30,-0.012948894167262526,-0.016366658113108,1.0000000000000002,0.0,0.0,10,0,0,0,False,1.9004137482349381,-2.3071822230491534e-16
2015-05-01,0.02002722438977922,0.012945712223322747,1.0000000000000002,0.038972708683054566,0.000377811487533052,10,0,0,0,False,1.9384737608042608,-2.544080397737236e-16
2015-05-04,0.0014447101907575366,0.0023055345876039635,1.0000000000000002,0.0,0.0,10,0,0,0,False,1.9412742936010108,-2.544080397737236e-16
2015-05-05,-0.01689796673908661,-0.015467645932167762,1.0000000000000002,0.0,0.0,10,0,0,0,False,1.908470705156297,-2.544080397737236e-16
2015-05-06,-0.006502249936614524,-0.003986370540410067,1.0000000000000002,0.0,0.0,10,0,0,0,False,1.8960613516346638,-2.544080397737236e-16
2015-05-07,0.005042352790318061,0.005264592424149228,1.0000000000000002,0.0,0.0,10,0,0,0,False,1.9056219618816932,-2.544080397737236e-16
2015-05-08,0.006414163868416756,0.0117297201114539,1.0000000000000002,0.0,0.0,10,0,0,0,False,1.9178449334164562,-2.544080397737236e-16
2015-05-11,0.00038070877769791345,-0.001994583925196358,1.0000000000000002,0.0,0.0,10,0,0,0,False,1.9185750738168712,-2.544080397737236e-16
2015-05-12,-0.0016105392453842349,-0.003480456005641508,1.0000000000000002,0.0,0.0,10,0,0,0,False,1.9154851333652732,-2.544080397737236e-16
2015-05-13,-0.0028888770138152386,0.0011052632858725708,1.0000000000000002,0.0,0.0,10,0,0,0,False,1.9099515323931895,-2.544080397737236e-16
2015-05-14,0.014177574833911466,0.013872782406628703,1.0000000000000002,0.0,0.0,10,0,0,0,False,1.937030013172838,-2.544080397737236e-16
2015-05-15,-1.1645316588038135e-05,-0.0004969114000519248,1.0000000000000002,0.0,0.0,10,0,0,0,False,1.937007455845094,-2.544080397737236e-16
2015-05-18,0.006225269611545903,0.005972299531128433,1.0000000000000002,0.0,0.0,10,0,0,0,False,1.9490658494973043,-2.544080397737236e-16
2015-05-19,-0.0040690367919103965,-0.0016560400764021876,1.0000000000000002,0.0,0.0,10,0,0,0,False,1.9411350288458438,-2.544080397737236e-16
2015-05-20,-0.002568707988207075,0.00033735501909681886,1.0000000000000002,0.0,0.0,10,0,0,0,False,1.9361488197910588,-2.544080397737236e-16
2015-05-21,0.006490064825467767,0.0037560677891188554,1.0000000000000002,0.0,0.0,10,0,0,0,False,1.9487145511432555,-2.544080397737236e-16
2015-05-22,-0.003340236244509076,-0.00028091907149963014,1.0000000000000002,0.0,0.0,10,0,0,0,False,1.9422053841693245,-2.544080397737236e-16
2015-05-26,-0.01437694773236975,-0.011123186630994653,1.0000000000000002,0.0,0.0,10,0,0,0,False,1.914282398875595,-2.544080397737236e-16
2015-05-27,0.014770699693476441,0.014671859321444547,1.0000000000000002,0.0,0.0,10,0,0,0,False,1.942557689317894,-2.544080397737236e-16
2015-05-28,0.0019470626193967,-0.0016860175454077586,1.0000000000000002,0.0,0.0,10,0,0,0,False,1.9463399707807865,-2.544080397737236e-16
2015-05-29,-0.008112383372259946,-0.005482602913310597,1.0000000000000002,0.0,0.0,10,0,0,0,False,1.9305505147650595,-2.544080397737236e-16
2015-06-01,-0.0012574051842509926,0.0025444426381870944,1.0000000000000002,0.2385444950866694,0.0023024618719484245,10,0,0,0,False,1.9281230305393355,-1.5525775109992423e-16
2015-06-02,-0.005340087112214675,-0.0012611229640728805,1.0000000000000002,0.0,0.0,10,0,0,0,False,1.917826685593188,-1.5525775109992423e-16
2015-06-03,-0.00011762285403893458,0.004473536989906268,1.0000000000000002,0.0,0.0,10,0,0,0,False,1.9176011053448765,-1.5525775109992423e-16
2015-06-04,-0.006494388964967235,-0.00786587386723081,1.0000000000000002,0.0,0.0,10,0,0,0,False,1.9051474578871157,-1.5525775109992423e-16
2015-06-05,-0.0008439205759901425,0.0018461510727922903,1.0000000000000002,0.0,0.0,10,0,0,0,False,1.9035396647471095,-1.5525775109992423e-16
2015-06-08,-0.012914732236517179,-0.009239512593568922,1.0000000000000002,0.0,0.0,10,0,0,0,False,1.878955959675311,-1.5525775109992423e-16
2015-06-09,-0.002755151221286556,-0.0015452751705178347,1.0000000000000002,0.0,0.0,10,0,0,0,False,1.8737791518682678,-1.5525775109992423e-16
2015-06-10,0.01835295698997852,0.012529203738246064,1.0000000000000002,0.0,0.0,10,0,0,0,False,1.9081685400512247,-1.5525775109992423e-16
2015-06-11,0.005005801585631131,0.0011463965919997765,1.0000000000000002,0.0,0.0,10,0,0,0,False,1.9177204531546646,-1.5525775109992423e-16
2015-06-12,-0.006469954019378221,-0.006179958570861954,1.0000000000000002,0.0,0.0,10,0,0,0,False,1.9053128900007328,-1.5525775109992423e-16
2015-06-15,-0.0022839968360095497,-0.0041832273329922565,1.0000000000000002,0.0,0.0,10,0,0,0,False,1.9009611613883628,-1.5525775109992423e-16
2015-06-16,0.008961684374770407,0.0050854376831099835,1.0000000000000002,0.0,0.0,10,0,0,0,False,1.9179969753254225,-1.5525775109992423e-16
2015-06-17,0.002478397235408325,0.0018455163867636681,1.0000000000000002,0.0,0.0,10,0,0,0,False,1.9227505337265907,-1.5525775109992423e-16
2015-06-18,0.01745173531585187,0.013439667147882473,1.0000000000000002,0.0,0.0,10,0,0,0,False,1.9563058671195999,-1.5525775109992423e-16
2015-06-19,-0.0043519812325326646,-0.0031074137442440586,1.0000000000000002,0.0,0.0,10,0,0,0,False,1.947792060700802,-1.5525775109992423e-16
2015-06-22,0.007858091392092481,0.007224975571624048,1.0000000000000002,0.0,0.0,10,0,0,0,False,1.963097988726581,-1.5525775109992423e-16
2015-06-23,-0.002699156079230769,0.0011873564965509953,1.0000000000000002,0.0,0.0,10,0,0,0,False,1.957799280856184,-1.5525775109992423e-16
2015-06-24,-0.005766723347075509,-0.007302120982468074,1.0000000000000002,0.0,0.0,10,0,0,0,False,1.9465091940343828,-1.5525775109992423e-16
2015-06-25,-0.00045224938926535785,-0.0019952131127647377,1.0000000000000002,0.0,0.0,10,0,0,0,False,1.9456288864401814,-1.5525775109992423e-16
2015-06-26,-0.0012209450897068264,-0.006196972455972394,1.0000000000000002,0.0,0.0,10,0,0,0,False,1.9432533804048906,-1.5525775109992423e-16
2015-06-29,-0.02810032684812802,-0.024021132682393476,1.0000000000000002,0.0,0.0,10,0,0,0,False,1.8886473252667835,-1.5525775109992423e-16
2015-06-30,0.003435117404035015,0.005727552824659643,1.0000000000000002,0.0,0.0,10,0,0,0,False,1.8951350505638918,-1.5525775109992423e-16
2015-07-01,-0.001177687223917423,0.0052638226931156495,0.9999999999999999,0.6201945537149138,0.0058881000346932754,10,0,0,0,False,1.8929031742272446,2.5760643618255585e-16
2015-07-02,0.00032558219900979957,-0.0007799733343711868,0.9999999999999999,0.0,0.0,10,0,0,0,False,1.893519469805222,2.5760643618255585e-16
2015-07-06,-0.002985401455849912,-0.0034476693929780255,0.9999999999999999,0.0,0.0,10,0,0,0,False,1.8878665540233854,2.5760643618255585e-16
2015-07-07,0.0008254847882684935,0.001105802575868342,0.9999999999999999,0.0,0.0,10,0,0,0,False,1.8894249591460126,2.5760643618255585e-16
2015-07-08,-0.0236253400809312,-0.017548954869073485,0.9999999999999999,0.0,0.0,10,0,0,0,False,1.8447866519287885,2.5760643618255585e-16
2015-07-09,-0.0010112024567896505,0.002574484397383392,0.9999999999999999,0.0,0.0,10,0,0,0,False,1.8429211991341055,2.5760643618255585e-16
2015-07-10,0.015774700842663858,0.015297477151338335,0.9999999999999999,0.0,0.0,10,0,0,0,False,1.8719927297270493,2.5760643618255585e-16
2015-07-13,0.01318467513763788,0.014768713017239365,0.9999999999999999,0.0,0.0,10,0,0,0,False,1.8966743457285202,2.5760643618255585e-16
2015-07-14,0.014377287059066601,0.006581925563862612,0.9999999999999999,0.0,0.0,10,0,0,0,False,1.9239433772546264,2.5760643618255585e-16
2015-07-15,-0.003661428025764968,-0.0011655882660430716,0.9999999999999999,0.0,0.0,10,0,0,0,False,1.9168989970531614,2.5760643618255585e-16
2015-07-16,0.010286943959012085,0.012598756066922734,0.9999999999999999,0.0,0.0,10,0,0,0,False,1.9366180296109339,2.5760643618255585e-16
2015-07-17,0.0031058299101835996,0.009095150310655331,0.9999999999999999,0.0,0.0,10,0,0,0,False,1.9426328358119003,2.5760643618255585e-16
2015-07-20,0.01198429547921176,0.0016736210222063619,0.9999999999999999,0.0,0.0,10,0,0,0,False,1.965913921723889,2.5760643618255585e-16
2015-07-21,-0.002220737646865145,-0.002057882412210388,0.9999999999999999,0.0,0.0,10,0,0,0,False,1.9615481426674204,2.5760643618255585e-16
2015-07-22,-0.005518817871841497,-0.006979504946516002,0.9999999999999999,0.0,0.0,10,0,0,0,False,1.95072271572119,2.5760643618255585e-16
2015-07-23,-0.0011422618472499702,-0.0049035049895876925,0.9999999999999999,0.0,0.0,10,0,0,0,False,1.9484944795884578,2.5760643618255585e-16
2015-07-24,-0.03305798566843676,-0.011227301702456671,0.9999999999999999,0.0,0.0,10,0,0,0,False,1.8840811770071944,2.5760643618255585e-16
2015-07-27,-0.009298086118335491,-0.009599853194275254,0.9999999999999999,0.0,0.0,10,0,0,0,False,1.8665628279694466,2.5760643618255585e-16
2015-07-28,0.013042523046827181,0.009808007881614067,0.9999999999999999,0.0,0.0,10,0,0,0,False,1.8909075166715892,2.5760643618255585e-16
2015-07-29,0.0020025829696950215,0.004425048288437594,0.9999999999999999,0.0,0.0,10,0,0,0,False,1.8946942158617441,2.5760643618255585e-16
2015-07-30,0.0013861464339981477,0.0033354265581320153,0.9999999999999999,0.0,0.0,10,0,0,0,False,1.8973205394925778,2.5760643618255585e-16
2015-07-31,0.00012187252530448944,-9.748907527673545e-05,0.9999999999999999,0.0,0.0,10,0,0,0,False,1.8975517707380378,2.5760643618255585e-16
2015-08-03,-0.00593105745269229,-0.0025154438726218142,1.0,0.08240696309874933,0.000777540526391091,10,0,0,0,False,1.8862972821663326,-8.370040771588094e-17
2015-08-04,-0.007763290211644347,-0.0019216754556196092,1.0,0.0,0.0,10,0,0,0,False,1.8716534089394394,-8.370040771588094e-17
2015-08-05,0.003925165914524298,0.006735826962259939,1.0,0.0,0.0,10,0,0,0,False,1.8789999591040116,-8.370040771588094e-17
2015-08-06,-0.023227500358211084,-0.016245326136984595,1.0,0.0,0.0,10,0,0,0,False,1.8353554868808446,-8.370040771588094e-17
2015-08-07,0.004067310336280272,-0.0025511823051630467,1.0,0.0,0.0,10,0,0,0,False,1.8428204472233838,-8.370040771588094e-17
2015-08-10,0.01768854691556565,0.0115513706642556,1.0,0.0,0.0,10,0,0,0,False,1.8754172631610584,-8.370040771588094e-17
2015-08-11,-0.013363515858862973,-0.012742522746580498,1.0,0.0,0.0,10,0,0,0,False,1.8503550948228202,-8.370040771588094e-17
2015-08-12,-0.002716748926589685,0.001508917385874664,1.0,0.0,0.0,10,0,0,0,False,1.8453281446051506,-8.370040771588094e-17
2015-08-13,-0.0002041502471324952,-0.002146939428812167,1.0,0.0,0.0,10,0,0,0,False,1.844951420408389,-8.370040771588094e-17
2015-08-14,0.001024756452179032,0.0029164447644125513,1.0,0.0,0.0,10,0,0,0,False,1.8468420462804094,-8.370040771588094e-17
2015-08-17,0.00967195483216754,0.008608940596764869,1.0,0.0,0.0,10,0,0,0,False,1.8647046191341814,-8.370040771588094e-17
2015-08-18,-0.005804526526451359,-0.006353496617888199,1.0,0.0,0.0,10,0,0,0,False,1.8538808917084206,-8.370040771588094e-17
2015-08-19,-0.006178384685625371,-0.007965509245940527,1.0,0.0,0.0,10,0,0,0,False,1.842426902398116,-8.370040771588094e-17
2015-08-20,-0.0325445565215825,-0.02820446212747274,1.0,0.0,0.0,10,0,0,0,False,1.7824659359361363,-8.370040771588094e-17
2015-08-21,-0.05213272942079017,-0.03515131614206013,1.0,0.0,0.0,10,0,0,0,False,1.6895411215962022,-8.370040771588094e-17
2015-08-24,-0.03279493666451261,-0.03820409516281209,1.0,0.0,0.0,10,0,0,0,False,1.634132727521365,-8.370040771588094e-17
2015-08-25,0.0006774164101230884,-0.00436560066280034,1.0,0.0,0.0,10,0,0,0,False,1.6352397158473073,-8.370040771588094e-17
2015-08-26,0.04342863796270069,0.04239436712854716,1.0,0.0,0.0,10,0,0,0,False,1.7062559494490694,-8.370040771588094e-17
2015-08-27,0.028042231198527556,0.024517087667161874,1.0,0.0,0.0,10,0,0,0,False,1.7541031732673833,-8.370040771588094e-17
2015-08-28,0.004025256058585613,0.003243453272688379,1.0,0.0,0.0,10,0,0,0,False,1.761163887692962,-8.370040771588094e-17
2015-08-31,-0.011246804268671973,-0.010730440846109746,1.0,0.0,0.0,10,0,0,0,False,1.741356422163026,-8.370040771588094e-17
2015-09-01,-0.035290361653935065,-0.029395878136793563,1.0,0.24646305808224114,0.002072724803361884,10,0,0,0,False,1.6799033242564905,-3.686287386450715e-17
2015-09-02,0.016516724142785266,0.024563727603724494,1.0,0.0,0.0,10,0,0,0,False,1.7076498240497828,-3.686287386450715e-17
2015-09-03,-0.01863284558892364,-0.0034694882925822013,1.0,0.0,0.0,10,0,0,0,False,1.6758314485583106,-3.686287386450715e-17
2015-09-04,-0.004746187414286562,-0.010474300200697173,1.0,0.0,0.0,10,0,0,0,False,1.6678776384286975,-3.686287386450715e-17
2015-09-08,0.02197459861429829,0.02732973721433618,1.0,0.0,0.0,10,0,0,0,False,1.7045285800709318,-3.686287386450715e-17
2015-09-09,-0.020286564016271824,-0.011513134583706064,1.0,0.0,0.0,10,0,0,0,False,1.669949551913758,-3.686287386450715e-17
2015-09-10,-0.002467657899257847,0.00835066774941673,1.0,0.0,0.0,10,0,0,0,False,1.6658286877106159,-3.686287386450715e-17
2015-09-11,0.0015526566763708338,0.005439624706802038,1.0,0.0,0.0,10,0,0,0,False,1.6684151477442797,-3.686287386450715e-17
2015-09-14,0.0031686713466325678,-0.003438165016907302,1.0,0.0,0.0,10,0,0,0,False,1.6737018070172247,-3.686287386450715e-17
2015-09-15,0.012595401071433532,0.011394701832580179,1.0,0.0,0.0,10,0,0,0,False,1.6947827525505896,-3.686287386450715e-17
2015-09-16,0.005003420189839236,0.005908873947643389,1.0,0.0,0.0,10,0,0,0,False,1.7032624627920927,-3.686287386450715e-17
2015-09-17,0.0010162494303707081,0.0009633398661821335,1.0,0.0,0.0,10,0,0,0,False,1.704993402299677,-3.686287386450715e-17
2015-09-18,-0.01781661515535371,-0.013633199618582226,1.0,0.0,0.0,10,0,0,0,False,1.6746161910084867,-3.686287386450715e-17
2015-09-21,-0.009108629483259856,0.0003563534366501919,1.0,0.0,0.0,10,0,0,0,False,1.6593627325979226,-3.686287386450715e-17
2015-09-22,-0.007019233611584519,-0.014957702400824169,1.0,0.0,0.0,10,0,0,0,False,1.6477152779314606,-3.686287386450715e-17
2015-09-23,-0.00399984766697048,-0.0008367109757684288,1.0,0.0,0.0,10,0,0,0,False,1.6411246678211948,-3.686287386450715e-17
2015-09-24,-0.0030218901954780497,-0.003842036221546552,1.0,0.0,0.0,10,0,0,0,False,1.6361653692779488,-3.686287386450715e-17
2015-09-25,-0.013560671838999339,-0.010134164681232072,1.0,0.0,0.0,10,0,0,0,False,1.6139778676308354,-3.686287386450715e-17
2015-09-28,-0.035390482379191845,-0.030412845407020273,1.0,0.0,0.0,10,0,0,0,False,1.5568584123460407,-3.686287386450715e-17
2015-09-29,-0.0026646946114428083,-0.005865003252001899,1.0,0.0,0.0,10,0,0,0,False,1.552709860123883,-3.686287386450715e-17
2015-09-30,0.022686378903165494,0.022765800198604413,1.0,0.0,0.0,10,0,0,0,False,1.5879352243373344,-3.686287386450715e-17
2015-10-01,-0.005800786403887148,0.0014977619174330048,1.0000000000000002,0.26609927081341367,0.0021032848741099636,10,0,0,0,False,1.578723951277745,-1.4051260155412137e-16
2015-10-02,0.009110269203358223,0.01744073978749583,1.0000000000000002,0.0,0.0,10,0,0,0,False,1.5931065514716745,-1.4051260155412137e-16
2015-10-05,0.005600518593502191,0.015608206654015522,1.0000000000000002,0.0,0.0,10,0,0,0,False,1.6020287743346218,-1.4051260155412137e-16
2015-10-06,-0.01079534484610789,-0.006881010732777915,1.0000000000000002,0.0,0.0,10,0,0,0,False,1.584734321262292,-1.4051260155412137e-16
2015-10-07,0.00980142048964816,0.009011532592548388,1.0000000000000002,0.0,0.0,10,0,0,0,False,1.600266968709361,-1.4051260155412137e-16
2015-10-08,-0.010393855089457227,0.004099245569419541,1.0000000000000002,0.0,0.0,10,0,0,0,False,1.5836340257321508,-1.4051260155412137e-16
2015-10-09,0.0006889373823297795,0.004090845786242969,1.0000000000000002,0.0,0.0,10,0,0,0,False,1.584725050412407,-1.4051260155412137e-16
2015-10-12,-5.422139111688207e-05,0.001691326032815521,1.0000000000000002,0.0,0.0,10,0,0,0,False,1.584639124415636,-1.4051260155412137e-16
2015-10-13,-0.019729215447986892,-0.008686366237488752,1.0000000000000002,0.0,0.0,10,0,0,0,False,1.5533754377227305,-1.4051260155412137e-16
2015-10-14,-0.007101708412209473,-0.002868651044563908,1.0000000000000002,0.0,0.0,10,0,0,0,False,1.5423438183093354,-1.4051260155412137e-16
2015-10-15,0.024366656232595263,0.018242261031764295,1.0000000000000002,0.0,0.0,10,0,0,0,False,1.5799255799225473,-1.4051260155412137e-16
2015-10-16,0.0059236197733758544,0.003406459756340574,1.0000000000000002,0.0,0.0,10,0,0,0,False,1.5892844583282388,-1.4051260155412137e-16
2015-10-19,0.004771067722553424,0.00384315362429688,1.0000000000000002,0.0,0.0,10,0,0,0,False,1.5968670421093245,-1.4051260155412137e-16
2015-10-20,0.00021004861908591188,-0.004994424387696816,1.0000000000000002,0.0,0.0,10,0,0,0,False,1.5972024618263834,-1.4051260155412137e-16
2015-10-21,-0.006662802989363725,-0.008369258226571308,1.0000000000000002,0.0,0.0,10,0,0,0,False,1.5865606164891075,-1.4051260155412137e-16
2015-10-22,0.021306440465397536,0.016513991047453436,1.0000000000000002,0.0,0.0,10,0,0,0,False,1.620364575809077,-1.4051260155412137e-16
2015-10-23,0.009750687938639535,0.02272540005591006,1.0000000000000002,0.0,0.0,10,0,0,0,False,1.6361642451346174,-1.4051260155412137e-16
2015-10-26,-0.0102211400526655,0.0005644632514509862,1.0000000000000002,0.0,0.0,10,0,0,0,False,1.6194407812359328,-1.4051260155412137e-16
2015-10-27,0.013062488022485663,-0.0009037876773675402,1.0000000000000002,0.0,0.0,10,0,0,0,False,1.6405947070439522,-1.4051260155412137e-16
2015-10-28,0.014926173181828872,0.013029432780919725,1.0000000000000002,0.0,0.0,10,0,0,0,False,1.665082507762482,-1.4051260155412137e-16
2015-10-29,-0.01838485294571668,-0.004203532871966953,1.0000000000000002,0.0,0.0,10,0,0,0,False,1.6344702107147837,-1.4051260155412137e-16
2015-10-30,-0.00029232173132243133,-0.004043931442355375,1.0000000000000002,0.0,0.0,10,0,0,0,False,1.6339924195529927,-1.4051260155412137e-16
2015-11-02,0.009554032452707695,0.0,1.0000000000000002,0.45537356894115927,0.0037645007463761562,10,0,0,0,False,1.6496036361568804,-1.3574211199518516e-16
2015-11-03,0.006748896305663665,0.018081602770220195,1.0000000000000002,0.0,0.0,10,0,0,0,False,1.6607366400427488,-1.3574211199518516e-16
2015-11-04,-0.004654718684643844,-0.0005150307283787736,1.0000000000000002,0.0,0.0,10,0,0,0,False,1.6530063781740691,-1.3574211199518516e-16
2015-11-05,-0.0035013059059293417,-0.002866282416265964,1.0000000000000002,0.0,0.0,10,0,0,0,False,1.6472186971796294,-1.3574211199518516e-16
2015-11-06,0.021389192851017036,0.0037794231462817685,1.0000000000000002,0.0,0.0,10,0,0,0,False,1.6824513755614054,-1.3574211199518516e-16
2015-11-09,-0.0007052056315629551,-0.0100678241411154,1.0000000000000002,0.0,0.0,10,0,0,0,False,1.6812649013765286,-1.3574211199518516e-16
2015-11-10,0.00010900394683277526,-0.002366808720460245,1.0000000000000002,0.0,0.0,10,0,0,0,False,1.6814481658864502,-1.3574211199518516e-16
2015-11-11,-0.012775780731716257,-0.0031909174781864502,1.0000000000000002,0.0,0.0,10,0,0,0,False,1.6599663528073385,-1.3574211199518516e-16
2015-11-12,-0.027826388143842973,-0.01222412779108828,1.0000000000000002,0.0,0.0,10,0,0,0,False,1.613775484768402,-1.3574211199518516e-16
2015-11-13,-0.014515937799346679,-0.015424368533083044,1.0000000000000002,0.0,0.0,10,0,0,0,False,1.5903500202093934,-1.3574211199518516e-16
2015-11-16,0.00826926351608992,0.011514119895657426,1.0000000000000002,0.0,0.0,10,0,0,0,False,1.603501043609324,-1.3574211199518516e-16
2015-11-17,0.006300600637050291,0.0002808438701276117,1.0000000000000002,0.0,0.0,10,0,0,0,False,1.6136040633061999,-1.3574211199518516e-16
2015-11-18,0.025790025182536702,0.017886049394105985,1.0000000000000002,0.0,0.0,10,0,0,0,False,1.6552189527335102,-1.3574211199518516e-16
2015-11-19,-0.004738684034907736,-0.00030739674072377543,1.0000000000000002,0.0,0.0,10,0,0,0,False,1.6473753931079151,-1.3574211199518516e-16
2015-11-20,0.008804340498274943,0.0061651594089222606,1.0000000000000002,0.0,0.0,10,0,0,0,False,1.6618794469973166,-1.3574211199518516e-16
2015-11-23,-0.0033403305336643374,-0.00047795069223321995,1.0000000000000002,0.0,0.0,10,0,0,0,False,1.6563282203372423,-1.3574211199518516e-16
2015-11-24,0.0026830053259014885,6.469403113773531e-05,1.0000000000000002,0.0,0.0,10,0,0,0,False,1.660772157773848,-1.3574211199518516e-16
2015-11-25,0.01167336628813409,0.002612286120543539,1.0000000000000002,0.0,0.0,10,0,0,0,False,1.680158959492677,-1.3574211199518516e-16
2015-11-27,0.003629011106970559,0.0022243135992310314,1.0000000000000002,0.0,0.0,10,0,0,0,False,1.6862562750181518,-1.3574211199518516e-16
2015-11-30,0.001996189585657726,-0.0036762606484227467,1.0000000000000002,0.0,0.0,10,0,0,0,False,1.689622362233093,-1.3574211199518516e-16
2015-12-01,0.0041606757879246725,0.009325362752445665,1.0000000000000004,0.05825245408733821,0.0004943147859233042,10,0,0,0,False,1.6966523330863723,-6.482444789290831e-16
2015-12-02,-0.007393525250662725,-0.006417360352318546,1.0000000000000004,0.0,0.0,10,0,0,0,False,1.6841080912201023,-6.482444789290831e-16
2015-12-03,-0.022419828968833766,-0.016725886582036775,1.0000000000000004,0.0,0.0,10,0,0,0,False,1.6463506758499185,-6.482444789290831e-16
2015-12-04,0.02204696908096926,0.020791976257887423,1.0000000000000004,0.0,0.0,10,0,0,0,False,1.6826477182968145,-6.482444789290831e-16
2015-12-07,-0.010350325360805157,-0.007868101052648124,1.0000000000000004,0.0,0.0,10,0,0,0,False,1.665231766944826,-6.482444789290831e-16
2015-12-08,0.006633351398948717,-0.0006997320421627817,1.0000000000000004,0.0,0.0,10,0,0,0,False,1.6762778344156632,-6.482444789290831e-16
2015-12-09,-0.018238833699627754,-0.014783552175513415,1.0000000000000004,0.0,0.0,10,0,0,0,False,1.6457044817593838,-6.482444789290831e-16
2015-12-10,0.010060533568282182,0.004439652938665439,1.0000000000000004,0.0,0.0,10,0,0,0,False,1.6622611469415967,-6.482444789290831e-16
2015-12-11,-0.025355017558204906,-0.022139928330263015,1.0000000000000004,0.0,0.0,10,0,0,0,False,1.6201144863745707,-6.482444789290831e-16
2015-12-14,-0.005186014742492473,0.0038025566669075417,1.0000000000000004,0.0,0.0,10,0,0,0,False,1.6117125487637065,-6.482444789290831e-16
2015-12-15,0.013230301884723517,0.008709187578121558,1.0000000000000004,0.0,0.0,10,0,0,0,False,1.6330359923352475,-6.482444789290831e-16
2015-12-16,0.013107694672741754,0.015168076278147646,1.0000000000000004,0.0,0.0,10,0,0,0,False,1.6544413295123757,-6.482444789290831e-16
2015-12-17,-0.010373929909893165,-0.013523633066469087,1.0000000000000004,0.0,0.0,10,0,0,0,False,1.6372782711199838,-6.482444789290831e-16
2015-12-18,-0.013722998037017597,-0.015885838857616075,1.0000000000000004,0.0,0.0,10,0,0,0,False,1.6148099046193527,-6.482444789290831e-16
2015-12-21,0.010653259409072025,0.00931120336636404,1.0000000000000004,0.0,0.0,10,0,0,0,False,1.6320128934296014,-6.482444789290831e-16
2015-12-22,0.005045531785262014,0.006478269049980057,1.0000000000000004,0.0,0.0,10,0,0,0,False,1.6402472663573577,-6.482444789290831e-16
2015-12-23,0.01546992003626868,0.008962070599568106,1.0000000000000004,0.0,0.0,10,0,0,0,False,1.6656217604076142,-6.482444789290831e-16
2015-12-24,0.0008726117877162487,0.000507339558522002,1.0000000000000004,0.0,0.0,10,0,0,0,False,1.6670752015896226,-6.482444789290831e-16
2015-12-28,-0.002228384386436799,-0.0014855926629311345,1.0000000000000004,0.0,0.0,10,0,0,0,False,1.6633603172393843,-6.482444789290831e-16
2015-12-29,0.009469010555466228,0.013281061327990784,1.0000000000000004,0.0,0.0,10,0,0,0,False,1.6791106936408677,-6.482444789290831e-16
2015-12-30,-0.007416887988891174,-0.008240073458969377,1.0000000000000004,0.0,0.0,10,0,0,0,False,1.666656917705184,-6.482444789290831e-16
2015-12-31,-0.013862630733046055,-0.011536049990898745,1.0000000000000004,0.0,0.0,10,0,0,0,False,1.6435526682963604,-6.482444789290831e-16
2016-01-04,-0.024117832297194886,-0.02083320435781366,0.9999999999999996,0.42744376216808755,0.0034352565123653357,10,0,0,0,False,1.6039137406707815,7.559057546568937e-16
2016-01-05,-5.599586128002265e-05,-0.0023780106984783167,0.9999999999999996,0.0,0.0,10,0,0,0,False,1.6038239281394537,7.559057546568937e-16
2016-01-06,-0.011022342686107911,-0.011381211163965954,0.9999999999999996,0.0,0.0,10,0,0,0,False,1.586146031195321,7.559057546568937e-16
2016-01-07,-0.032028581365648234,-0.03025989835144416,0.9999999999999996,0.0,0.0,10,0,0,0,False,1.5353440239773817,7.559057546568937e-16
2016-01-08,-0.01811059134930426,-0.009766708970313731,0.9999999999999996,0.0,0.0,10,0,0,0,False,1.5075380357785308,7.559057546568937e-16
2016-01-11,-0.01065612548605066,-0.0012145024735928933,0.9999999999999996,0.0,0.0,10,0,0,0,False,1.4914735212942805,7.559057546568937e-16
2016-01-12,0.022535971142648048,0.010334152926843032,0.9999999999999996,0.0,0.0,10,0,0,0,False,1.5250853255301922,7.559057546568937e-16
2016-01-13,-0.0317382733201097,-0.034114923731410784,0.9999999999999996,0.0,0.0,10,0,0,0,False,1.4766817506320264,7.559057546568937e-16
2016-01-14,0.007857495057228547,0.019650622845242438,0.9999999999999996,0.0,0.0,10,0,0,0,False,1.4882847701887172,7.559057546568937e-16
2016-01-15,-0.02075265351500255,-0.027427973997833144,0.9999999999999996,0.0,0.0,10,0,0,0,False,1.4573989120213355,7.559057546568937e-16
2016-01-19,-0.003239518813101361,-0.0025553981703003714,0.9999999999999996,0.0,0.0,10,0,0,0,False,1.452677640827649,7.559057546568937e-16
2016-01-20,-0.0035419000925697164,-0.00117497398117139,0.9999999999999996,0.0,0.0,10,0,0,0,False,1.4475324017571276,7.559057546568937e-16
2016-01-21,-0.005015030099937645,8.27874938285067e-05,0.9999999999999996,0.0,0.0,10,0,0,0,False,1.4402729831916805,7.559057546568937e-16
2016-01-22,0.03014292291813181,0.02663651590907734,0.9999999999999996,0.0,0.0,10,0,0,0,False,1.483687020705095,7.559057546568937e-16
2016-01-25,-0.020538480999893416,-0.015832530380750387,0.9999999999999996,0.0,0.0,10,0,0,0,False,1.4532143430205549,7.559057546568937e-16
2016-01-26,0.004959776598115084,0.010884100180188483,0.9999999999999996,0.0,0.0,10,0,0,0,False,1.4604219615111134,7.559057546568937e-16
2016-01-27,-0.012704533893144077,-0.021783535627213357,0.9999999999999996,0.0,0.0,10,0,0,0,False,1.4418679812028035,7.559057546568937e-16
2016-01-28,0.005805853780001424,0.008618808340300488,0.9999999999999996,0.0,0.0,10,0,0,0,False,1.4502392558717327,7.559057546568937e-16
2016-01-29,0.02121339648145959,0.023802443315148025,0.9999999999999996,0.0,0.0,10,0,0,0,False,1.4810037561995166,7.559057546568937e-16
2016-02-01,-0.0008735577949069429,0.0013914107698864697,1.0,0.43654948374892477,0.0032368985451089872,10,0,0,0,False,1.479710013824002,1.431146867680866e-17
2016-02-02,-0.016265247778443515,-0.022383466640475413,1.0,0.0,0.0,10,0,0,0,False,1.4556421638089105,1.431146867680866e-17
2016-02-03,0.0011544935610516838,-0.0028138455013296815,1.0,0.0,0.0,10,0,0,0,False,1.4573226933142231,1.431146867680866e-17
2016-02-04,0.004280964012642663,0.0011810871009942936,1.0,0.0,0.0,10,0,0,0,False,1.463561439319109,1.431146867680866e-17
2016-02-05,-0.031765934736324164,-0.032468798896814755,1.0,0.0,0.0,10,0,0,0,False,1.4170700421550975,1.431146867680866e-17
2016-02-08,-0.02628594375414328,-0.018195633919708354,1.0,0.0,0.0,10,0,0,0,False,1.3798210187313271,1.431146867680866e-17
2016-02-09,0.002479325750541994,-0.003499317187044104,1.0,0.0,0.0,10,0,0,0,False,1.3832420445142068,1.431146867680866e-17
2016-02-10,-0.0005072667492962424,0.0034740769438468266,1.0,0.0,0.0,10,0,0,0,False,1.3825403718187963,1.431146867680866e-17
2016-02-11,-0.011661405482137788,-0.0039102717071555215,1.0,0.0,0.0,10,0,0,0,False,1.3664180079475918,1.431146867680866e-17
2016-02-12,0.027536838054671664,0.016562609170374776,1.0,0.0,0.0,10,0,0,0,False,1.4040448393474316,1.431146867680866e-17
2016-02-16,0.021874550937585502,0.022697401167831366,1.0,0.0,0.0,10,0,0,0,False,1.4347576897043912,1.431146867680866e-17
2016-02-17,0.01823781544355585,0.02211473953777765,1.0,0.0,0.0,10,0,0,0,False,1.4609245356554426,1.431146867680866e-17
2016-02-18,-0.010544757665896243,-0.010260141897986741,1.0,0.0,0.0,10,0,0,0,False,1.4455194404587939,1.431146867680866e-17
2016-02-19,0.0025783082213053365,0.0037637993198946784,1.0,0.0,0.0,10,0,0,0,False,1.4492464351161853,1.431146867680866e-17
2016-02-22,0.013186234506671335,0.014692135755594693,1.0,0.0,0.0,10,0,0,0,False,1.4683565384675847,1.431146867680866e-17
2016-02-23,-0.012218458540082744,-0.014665395093114486,1.0,0.0,0.0,10,0,0,0,False,1.450415484980259,1.431146867680866e-17
2016-02-24,0.005685273374946398,0.00866639409833092,1.0,0.0,0.0,10,0,0,0,False,1.4586614935196274,1.431146867680866e-17
2016-02-25,0.010872678724652474,0.008715320239142565,1.0,0.0,0.0,10,0,0,0,False,1.474521051306688,1.431146867680866e-17
2016-02-26,-0.004183434443313261,0.0018048098378589117,1.0,0.0,0.0,10,0,0,0,False,1.468352489153261,1.431146867680866e-17
2016-02-29,-0.008689330209320612,-0.007084241609933484,1.0,0.0,0.0,10,0,0,0,False,1.4555934895113305,1.431146867680866e-17
2016-03-01,0.028756582247801754,0.028883575779305337,1.0000000000000002,0.4157526398029998,0.003119331179011076,10,0,0,0,False,1.497451383411828,-3.222248856626919e-16
2016-03-02,0.0005288274944097449,0.002946903724264205,1.0000000000000002,0.0,0.0,10,0,0,0,False,1.498243276874918,-3.222248856626919e-16
2016-03-03,-2.5154093969192992e-05,0.0008504450134252384,1.0000000000000002,0.0,0.0,10,0,0,0,False,1.4982055899227429,-3.222248856626919e-16
2016-03-04,-2.2087316725705186e-05,0.002039354934111781,1.0000000000000002,0.0,0.0,10,0,0,0,False,1.498172498581358,-3.222248856626919e-16
2016-03-07,0.004788338124899649,-0.0018592246799887802,1.0000000000000002,0.0,0.0,10,0,0,0,False,1.5053462550739913,-3.222248856626919e-16
2016-03-08,-0.011863523170958401,-0.012622566771093302,1.0000000000000002,0.0,0.0,10,0,0,0,False,1.4874875448966056,-3.222248856626919e-16
2016-03-09,-0.003107521298716387,0.005498191175317135,1.0000000000000002,0.0,0.0,10,0,0,0,False,1.482865145669264,-3.222248856626919e-16
2016-03-10,0.003063601406167127,-0.0026141863223396733,1.0000000000000002,0.0,0.0,10,0,0,0,False,1.4874080534146927,-3.222248856626919e-16
2016-03-11,0.015123787643926523,0.018512877356724022,1.0000000000000002,0.0,0.0,10,0,0,0,False,1.5099032969544026,-3.222248856626919e-16
2016-03-14,0.002311238182980846,0.0003810911564741115,1.0000000000000002,0.0,0.0,10,0,0,0,False,1.5133930431069322,-3.222248856626919e-16
2016-03-15,-0.0038269758039662927,-0.0045491846606594555,1.0000000000000002,0.0,0.0,10,0,0,0,False,1.5076013245490711,-3.222248856626919e-16
2016-03-16,0.006765758029368518,0.007465164781326639,1.0000000000000002,0.0,0.0,10,0,0,0,False,1.5178013903157255,-3.222248856626919e-16
2016-03-17,0.005333576046314237,0.0023131966694502903,1.0000000000000002,0.0,0.0,10,0,0,0,False,1.5258966994541758,-3.222248856626919e-16
2016-03-18,0.00821187417435576,0.004326647623276836,1.0000000000000002,0.0,0.0,10,0,0,0,False,1.5384271711531583,-3.222248856626919e-16
2016-03-21,2.5421850311957428e-05,0.0027567066561717812,1.0000000000000002,0.0,0.0,10,0,0,0,False,1.538466280818419,-3.222248856626919e-16
2016-03-22,0.0002545168418188748,0.0026596892272054973,1.0000000000000002,0.0,0.0,10,0,0,0,False,1.5388578463974578,-3.222248856626919e-16
2016-03-23,-0.008775909218844413,-0.01095064724801631,1.0000000000000002,0.0,0.0,10,0,0,0,False,1.5253529696367674,-3.222248856626919e-16
2016-03-24,-0.0007369439559753443,0.0009729998568419607,1.0000000000000002,0.0,0.0,10,0,0,0,False,1.5242288699850646,-3.222248856626919e-16
2016-03-28,0.0006730778775239088,-0.0014056771760763143,1.0000000000000002,0.0,0.0,10,0,0,0,False,1.5252547947177348,-3.222248856626919e-16
2016-03-29,0.009809469594795894,0.016747140108962277,1.0000000000000002,0.0,0.0,10,0,0,0,False,1.5402167352508351,-3.222248856626919e-16
2016-03-30,0.016144080605989375,0.004677465848829332,1.0000000000000002,0.0,0.0,10,0,0,0,False,1.5650821183754184,-3.222248856626919e-16
2016-03-31,-0.001948644035767666,0.00011502703679577841,1.0000000000000002,0.0,0.0,10,0,0,0,False,1.5620323304399595,-3.222248856626919e-16
2016-04-01,0.010008684445004024,0.009176853308072053,1.0,0.029202323853940566,0.00023039123911991173,10,0,0,0,False,1.5776662191282271,3.0791341698588326e-17
2016-04-04,-0.006025987327450966,-0.00462712685215716,1.0,0.0,0.0,10,0,0,0,False,1.5681592224848129,3.0791341698588326e-17
2016-04-05,-0.0035256039975499753,-0.009785682562070463,1.0,0.0,0.0,10,0,0,0,False,1.5626305140612256,3.0791341698588326e-17
2016-04-06,0.012744265146001021,0.015852829588667516,1.0,0.0,0.0,10,0,0,0,False,1.5825450916576538,3.0791341698588326e-17
2016-04-07,-0.016810802290419535,-0.014703152599491398,1.0,0.0,0.0,10,0,0,0,False,1.5559412390061231,3.0791341698588326e-17
2016-04-08,0.00013337412203351384,0.00047847007389156815,1.0,0.0,0.0,10,0,0,0,False,1.5561487613028113,3.0791341698588326e-17
2016-04-11,-0.008574120372708549,-0.003564441421002762,1.0,0.0,0.0,10,0,0,0,False,1.5428061545055598,3.0791341698588326e-17
2016-04-12,0.0015372712057519777,0.008004696652557097,1.0,0.0,0.0,10,0,0,0,False,1.545177865982938,3.0791341698588326e-17
2016-04-13,0.015996949720598064,0.01546155820034345,1.0,0.0,0.0,10,0,0,0,False,1.5698959986144483,3.0791341698588326e-17
2016-04-14,0.0017227698045587658,-0.0003092116761709285,1.0,0.0,0.0,10,0,0,0,False,1.5726005680371589,3.0791341698588326e-17
2016-04-15,-0.003949287424833137,-0.001550762318798804,1.0,0.0,0.0,10,0,0,0,False,1.5663899163895243,3.0791341698588326e-17
2016-04-18,0.003066156062937919,0.004414505452794648,1.0,0.0,0.0,10,0,0,0,False,1.571192712328587,3.0791341698588326e-17
2016-04-19,-0.002546625780133538,-0.003969721896282752,1.0,0.0,0.0,10,0,0,0,False,1.567191472461813,3.0791341698588326e-17
2016-04-20,0.002548940465265437,0.0015788013841422366,1.0,0.0,0.0,10,0,0,0,False,1.5711861502227897,3.0791341698588326e-17
2016-04-21,0.0010587484394786184,-0.0004526558609546649,1.0,0.0,0.0,10,0,0,0,False,1.5728496411074684,3.0791341698588326e-17
2016-04-22,-0.004949603525423951,-0.008018799285491651,1.0,0.0,0.0,10,0,0,0,False,1.565064658978881,3.0791341698588326e-17
2016-04-25,-0.0002806472652985281,-0.002127906763441545,1.0,0.0,0.0,10,0,0,0,False,1.5646254278623233,3.0791341698588326e-17
2016-04-26,0.0031906081113406426,-0.001534011875509278,1.0,0.0,0.0,10,0,0,0,False,1.5696175344436705,3.0791341698588326e-17
2016-04-27,-0.005134745494094539,-0.005142852092877459,1.0,0.0,0.0,10,0,0,0,False,1.561557947881234,3.0791341698588326e-17
2016-04-28,-0.013432743432059024,-0.011895626860513375,1.0,0.0,0.0,10,0,0,0,False,1.5405819406130528,3.0791341698588326e-17
2016-04-29,-0.02551766224161689,-0.006228573093403189,1.0,0.0,0.0,10,0,0,0,False,1.5012698909969542,3.0791341698588326e-17
2016-05-02,0.007186939493517119,0.00884329158101771,0.9999999999999999,0.2282401503798818,0.0017275348188914481,10,0,0,0,False,1.5120594268669885,2.0361316799277773e-16
2016-05-03,-0.009293657531869837,-0.01128564328992887,0.9999999999999999,0.0,0.0,10,0,0,0,False,1.4980068643858513,2.0361316799277773e-16
2016-05-04,-0.014063414121308404,-0.007889641549639115,0.9999999999999999,0.0,0.0,10,0,0,0,False,1.4769397734954304,2.0361316799277773e-16
2016-05-05,-0.0033644199092908167,-0.001809342188373586,0.9999999999999999,0.0,0.0,10,0,0,0,False,1.471970727916659,2.0361316799277773e-16
2016-05-06,0.0011588167362743818,0.004042831662861346,0.9999999999999999,0.0,0.0,10,0,0,0,False,1.4736764722314748,2.0361316799277773e-16
2016-05-09,0.010573471427002934,0.0029664959390520718,0.9999999999999999,0.0,0.0,10,0,0,0,False,1.4892583483032606,2.0361316799277773e-16
2016-05-10,0.0062453077581801075,0.012561528858724191,0.9999999999999999,0.0,0.0,10,0,0,0,False,1.4985592250198534,2.0361316799277773e-16
2016-05-11,-0.020858582193952868,-0.010226866579350458,0.9999999999999999,0.0,0.0,10,0,0,0,False,1.4673014042522705,2.0361316799277773e-16
2016-05-12,-0.008049910720651421,-0.0049068098302307295,0.9999999999999999,0.0,0.0,10,0,0,0,False,1.4554897589477533,2.0361316799277773e-16
2016-05-13,-0.0043777579513077924,-0.004147884902510834,0.9999999999999999,0.0,0.0,10,0,0,0,False,1.4491179770824727,2.0361316799277773e-16
2016-05-16,0.00823370182144445,0.012247502490736917,0.9999999999999999,0.0,0.0,10,0,0,0,False,1.4610495824098646,2.0361316799277773e-16
2016-05-17,-0.008291134618240603,-0.012507695593723,0.9999999999999999,0.0,0.0,10,0,0,0,False,1.4489358236381802,2.0361316799277773e-16
2016-05-18,0.004063904016032849,0.004960016794854694,0.9999999999999999,0.0,0.0,10,0,0,0,False,1.4548241597508371,2.0361316799277773e-16
2016-05-19,-0.006667675364801617,-0.005610809483389101,0.9999999999999999,0.0,0.0,10,0,0,0,False,1.4451238645407483,2.0361316799277773e-16
2016-05-20,0.009417167603955834,0.012101843897093012,0.9999999999999999,0.0,0.0,10,0,0,0,False,1.4587328381816047,2.0361316799277773e-16
2016-05-23,0.0024850248865209146,-0.0007925888175723816,0.9999999999999999,0.0,0.0,10,0,0,0,False,1.4623578255872711,2.0361316799277773e-16
2016-05-24,0.02196828585540711,0.019992593866799968,0.9999999999999999,0.0,0.0,10,0,0,0,False,1.494483320322664,2.0361316799277773e-16
2016-05-25,0.005294048542172636,0.006959387315536469,0.9999999999999999,0.0,0.0,10,0,0,0,False,1.5023951875659194,2.0361316799277773e-16
2016-05-26,-0.00019895769656375073,0.0014055269596351394,0.9999999999999999,0.0,0.0,10,0,0,0,False,1.5020962744800728,2.0361316799277773e-16
2016-05-27,0.004944965603124851,0.006473171935851729,0.9999999999999999,0.0,0.0,10,0,0,0,False,1.5095240888899588,2.0361316799277773e-16
2016-05-31,0.0039254363557630345,0.002949184149184214,0.9999999999999999,0.0,0.0,10,0,0,0,False,1.5154496296283877,2.0361316799277773e-16
2016-06-01,-0.0003448246468146232,0.0008488596860929398,1.0000000000000002,0.4365564164811397,0.003313989370788261,10,0,0,0,False,1.5149270652450857,-1.7694179454963432e-16
2016-06-02,0.00368300425103274,0.003858831844111288,1.0000000000000002,0.0,0.0,10,0,0,0,False,1.520506548066388,-1.7694179454963432e-16
2016-06-03,-0.0038436167462898574,-0.005801209443717759,1.0000000000000002,0.0,0.0,10,0,0,0,False,1.5146623036353966,-1.7694179454963432e-16
2016-06-06,0.0033104920300150997,0.005298916342270754,1.0000000000000002,0.0,0.0,10,0,0,0,False,1.5196765811197457,-1.7694179454963432e-16
2016-06-07,-0.009637656752929824,-0.0014007659935878491,1.0000000000000002,0.0,0.0,10,0,0,0,False,1.5050304598554476,-1.7694179454963432e-16
2016-06-08,0.0053734258160971216,0.00259789388824494,1.0000000000000002,0.0,0.0,10,0,0,0,False,1.5131176293824475,-1.7694179454963432e-16
2016-06-09,-0.0028576122136731996,-0.0032203334669375083,1.0000000000000002,0.0,0.0,10,0,0,0,False,1.508793725964,-1.7694179454963432e-16
2016-06-10,-0.017042634826521685,-0.012920993886988863,1.0000000000000002,0.0,0.0,10,0,0,0,False,1.4830799054638486,-1.7694179454963432e-16
2016-06-13,0.00021119868581420675,-0.009420662141388259,1.0000000000000002,0.0,0.0,10,0,0,0,False,1.48339312999084,-1.7694179454963432e-16
2016-06-14,0.004724740625077883,-0.0010085924752827324,1.0000000000000002,0.0,0.0,10,0,0,0,False,1.4904017777750693,-1.7694179454963432e-16
2016-06-15,0.0006090424339717515,-0.001779603876479241,1.0000000000000002,0.0,0.0,10,0,0,0,False,1.4913094957014013,-1.7694179454963432e-16
2016-06-16,0.00870734413024099,0.002066151854684506,1.0000000000000002,0.0,0.0,10,0,0,0,False,1.5042948406851695,-1.7694179454963432e-16
2016-06-17,-0.0038839752677746198,-0.009201411152328864,1.0000000000000002,0.0,0.0,10,0,0,0,False,1.4984521967285074,-1.7694179454963432e-16
2016-06-20,0.010499994307091587,0.007680747933719312,1.0000000000000002,0.0,0.0,10,0,0,0,False,1.5141859362636054,-1.7694179454963432e-16
2016-06-21,0.00091522981793557,0.0013540449970126378,1.0000000000000002,0.0,0.0,10,0,0,0,False,1.5155717643823727,-1.7694179454963432e-16
2016-06-22,-0.0027977112346226907,-0.002155350477948903,1.0000000000000002,0.0,0.0,10,0,0,0,False,1.5113316322302832,-1.7694179454963432e-16
2016-06-23,0.014583573604394662,0.01587318927251613,1.0000000000000002,0.0,0.0,10,0,0,0,False,1.5333722483295633,-1.7694179454963432e-16
2016-06-24,-0.036881805636977405,-0.04115241423695126,1.0000000000000002,0.0,0.0,10,0,0,0,False,1.4768187110975373,-1.7694179454963432e-16
2016-06-27,-0.021019778660861133,-0.024116521310625583,1.0000000000000002,0.0,0.0,10,0,0,0,False,1.4457763086680488,-1.7694179454963432e-16
2016-06-28,0.0201797774261252,0.0212061104553789,1.0000000000000002,0.0,0.0,10,0,0,0,False,1.474951752784935,-1.7694179454963432e-16
2016-06-29,0.0214467339231883,0.018623682697438637,1.0000000000000002,0.0,0.0,10,0,0,0,False,1.5065846505764535,-1.7694179454963432e-16
2016-06-30,0.018095734347942427,0.013269843594706288,1.0000000000000002,0.0,0.0,10,0,0,0,False,1.5338474061859728,-1.7694179454963432e-16
2016-07-01,0.0016021985031731134,0.00410928277395084,1.0,0.07412410829876574,0.0005695972710634588,10,0,0,0,False,1.53630493420426,7.892991815694472e-17
2016-07-05,-0.012920868738213076,-0.008158217081017494,1.0,0.0,0.0,10,0,0,0,False,1.5164545398075377,7.892991815694472e-17
2016-07-06,0.008682564138110749,0.007518360478516284,1.0,0.0,0.0,10,0,0,0,False,1.529621253611946,7.892991815694472e-17
2016-07-07,0.00484294487699688,0.003632294321146201,1.0,0.0,0.0,10,0,0,0,False,1.5370291250258714,7.892991815694472e-17
2016-07-08,0.01644048367965989,0.016393851382484614,1.0,0.0,0.0,10,0,0,0,False,1.5622986272710213,7.892991815694472e-17
2016-07-11,0.0029987488737939216,0.0064316814383460486,1.0,0.0,0.0,10,0,0,0,False,1.56698356852008,7.892991815694472e-17
2016-07-12,0.004330630564449489,0.0068515064857055386,1.0,0.0,0.0,10,0,0,0,False,1.573769595455903,7.892991815694472e-17
2016-07-13,-0.005647456007044638,-0.0034024314390097565,1.0,0.0,0.0,10,0,0,0,False,1.5648818009003413,7.892991815694472e-17
2016-07-14,0.006293205319843009,0.0056595341738368,1.0,0.0,0.0,10,0,0,0,False,1.5747299233746928,7.892991815694472e-17
2016-07-15,0.004560042281511967,-0.0008880108523138253,1.0,0.0,0.0,10,0,0,0,False,1.5819107584072434,7.892991815694472e-17
2016-07-18,0.0016798544964886641,0.005207184092826056,1.0,0.0,0.0,10,0,0,0,False,1.5845681383077976,7.892991815694472e-17
2016-07-19,-0.006123640191251001,-0.00383911103090373,1.0,0.0,0.0,10,0,0,0,False,1.5748648131702803,7.892991815694472e-17
2016-07-20,0.005863211268316126,0.01063466324684903,1.0,0.0,0.0,10,0,0,0,False,1.584098578288935,7.892991815694472e-17
2016-07-21,0.0047342419406688485,-0.003149414504741044,1.0,0.0,0.0,10,0,0,0,False,1.5915980842164243,7.892991815694472e-17
2016-07-22,-0.0034848607119956077,0.00517556524912921,1.0,0.0,0.0,10,0,0,0,False,1.586051586583451,7.892991815694472e-17
2016-07-25,0.0044969226812168195,-0.0004961216708447846,1.0,0.0,0.0,10,0,0,0,False,1.593183937936738,7.892991815694472e-17
2016-07-26,-0.0099296327390207,0.0024364067701345693,1.0,0.0,0.0,10,0,0,0,False,1.5773642065473195,7.892991815694472e-17
2016-07-27,-0.0012499381943866794,0.005823876706641862,1.0,0.0,0.0,10,0,0,0,False,1.5753925987790975,7.892991815694472e-17
2016-07-28,0.0021731776665787628,0.0029514514553756754,1.0,0.0,0.0,10,0,0,0,False,1.5788162067908578,7.892991815694472e-17
2016-07-29,-0.0015634614936793634,0.001386988892294605,1.0,0.0,0.0,10,0,0,0,False,1.5763477884459434,7.892991815694472e-17
2016-08-01,0.004179967180991673,0.004275425149607326,1.0000000000000007,0.061532006414484273,0.0004871562868554803,10,0,0,0,False,1.5829368704674762,-7.850707930967538e-16
2016-08-02,-0.0010118164980619238,-0.008963812778680968,1.0000000000000007,0.0,0.0,10,0,0,0,False,1.5813352288265468,-7.850707930967538e-16
2016-08-03,-0.0007741303438404401,0.004284032053066378,1.0000000000000007,0.0,0.0,10,0,0,0,False,1.5801110692421283,-7.850707930967538e-16
2016-08-04,-0.0005373689172920582,0.0012616526700317543,1.0000000000000007,0.0,0.0,10,0,0,0,False,1.5792619666676484,-7.850707930967538e-16
2016-08-05,0.013096240889847621,0.010620875877086933,1.0000000000000007,0.0,0.0,10,0,0,0,False,1.5999443618113025,-7.850707930967538e-16
2016-08-08,-0.003313034156000705,-0.001528407668691667,1.0000000000000007,0.0,0.0,10,0,0,0,False,1.594643691492921,-7.850707930967538e-16
2016-08-09,-0.003683372898314885,0.0023670762272436363,1.0000000000000007,0.0,0.0,10,0,0,0,False,1.5887700241372071,-7.850707930967538e-16
2016-08-10,-0.0009162371133903946,-0.003999613432641436,1.0000000000000007,0.0,0.0,10,0,0,0,False,1.5873143340764504,-7.850707930967538e-16
2016-08-11,0.012366339884141597,0.004576699664973871,1.0000000000000004,0.0,0.0,10,0,0,0,False,1.6069436026346098,-7.850707930967538e-16
2016-08-12,0.0022442743426611678,0.0008588095948818264,1.0000000000000004,0.0,0.0,10,0,0,0,False,1.610550024932106,-7.850707930967538e-16
2016-08-15,0.0070490822440785195,0.005566694397040939,1.0000000000000004,0.0,0.0,10,0,0,0,False,1.6219029245160552,-7.850707930967538e-16
2016-08-16,-0.003694001004865055,-0.0066343533471936444,1.0000000000000004,0.0,0.0,10,0,0,0,False,1.6159116134830993,-7.850707930967538e-16
2016-08-17,0.0032905375618632604,0.000296588369033568,1.0000000000000004,0.0,0.0,10,0,0,0,False,1.6212288313439165,-7.850707930967538e-16
2016-08-18,0.006295562634325957,0.0021974462980018927,1.0000000000000004,0.0,0.0,10,0,0,0,False,1.6314353789962173,-7.850707930967538e-16
2016-08-19,0.008696364709194215,-0.0003377765968107793,1.0000000000000004,0.0,0.0,10,0,0,0,False,1.645622936051451,-7.850707930967538e-16
2016-08-22,0.0006363542669778344,0.0011874281970269962,1.0000000000000004,0.0,0.0,10,0,0,0,False,1.6466701352286437,-7.850707930967538e-16
2016-08-23,0.005738715378905246,0.002951607311299176,1.0000000000000004,0.0,0.0,10,0,0,0,False,1.6561199064576644,-7.850707930967538e-16
2016-08-24,-0.009734327979254886,-0.008058850662749362,1.0000000000000004,0.0,0.0,10,0,0,0,False,1.6399986921152325,-7.850707930967538e-16
2016-08-25,6.298093822088013e-05,-0.001052132285592533,1.0000000000000004,0.0,0.0,10,0,0,0,False,1.6401019807715431,-7.850707930967538e-16
2016-08-26,-0.001844074865284151,0.0012892252296832218,1.0000000000000004,0.0,0.0,10,0,0,0,False,1.6370775099322996,-7.850707930967538e-16
2016-08-29,-3.5496036209226034e-05,0.0025695355086787774,1.0000000000000004,0.0,0.0,10,0,0,0,False,1.6370194001697298,-7.850707930967538e-16
2016-08-30,-0.00459000759957251,-0.0017850364601422752,1.0000000000000004,0.0,0.0,10,0,0,0,False,1.6295054686823032,-7.850707930967538e-16
2016-08-31,-0.0007715292877504831,-0.001870575977722555,1.0000000000000004,0.0,0.0,10,0,0,0,False,1.6282482574886652,-7.850707930967538e-16
2016-09-01,-0.0012770088534631574,0.002683523707669222,1.0,0.05122034344079498,0.0004165713503313252,10,0,0,0,False,1.6261689700482163,-8.451355934524507e-17
2016-09-02,-0.006806785337302612,0.004340728610482625,1.0,0.0,0.0,10,0,0,0,False,1.6150999869469156,-8.451355934524507e-17
2016-09-06,-0.0029292695966971483,0.004954437321747829,1.0,0.0,0.0,10,0,0,0,False,1.610368923659526,-8.451355934524507e-17
2016-09-07,0.0010024568728514982,0.0015201168511169705,1.0,0.0,0.0,10,0,0,0,False,1.6119832490548751,-8.451355934524507e-17
2016-09-08,-0.007976984233046824,-0.004627275356513971,1.0,0.0,0.0,10,0,0,0,False,1.5991244840932288,-8.451355934524507e-17
2016-09-09,-0.02727737531468588,-0.025396008730900976,1.0,0.0,0.0,10,0,0,0,False,1.5555045653657145,-8.451355934524507e-17
2016-09-12,0.01326872065565321,0.016773586864631262,1.0,0.0,0.0,10,0,0,0,False,1.5761441209221454,-8.451355934524507e-17
2016-09-13,-0.008818942700672294,-0.010867477808098713,1.0,0.0,0.0,10,0,0,0,False,1.5622441962317315,-8.451355934524507e-17
2016-09-14,0.005462052797085892,0.003592454294166325,1.0,0.0,0.0,10,0,0,0,False,1.5707772565134903,-8.451355934524507e-17
2016-09-15,0.015483301221141721,0.014673999810582927,1.0,0.0,0.0,10,0,0,0,False,1.5950980739274074,-8.451355934524507e-17
2016-09-16,-0.0037344809650613486,-0.0009753147514485194,1.0,0.0,0.0,10,0,0,0,False,1.5891412105329195,-8.451355934524507e-17
2016-09-19,-0.0015702936388707345,-0.0018190243173042964,1.0,0.0,0.0,10,0,0,0,False,1.5866457921987522,-8.451355934524507e-17
2016-09-20,0.0032441336302058144,0.0012073092688029696,1.0,0.0,0.0,10,0,0,0,False,1.5917930831724487,-8.451355934524507e-17
2016-09-21,0.008747232692422502,0.01027027368387401,1.0,0.0,0.0,10,0,0,0,False,1.6057168676691467,-8.451355934524507e-17
2016-09-22,0.003913788030103671,0.008373614933822493,1.0,0.0,0.0,10,0,0,0,False,1.6120013031255658,-8.451355934524507e-17
2016-09-23,-0.006570453458468628,-0.006324538535299129,1.0,0.0,0.0,10,0,0,0,False,1.6014097235883884,-8.451355934524507e-17
2016-09-26,-0.010406057155603166,-0.009095754605852102,1.0,0.0,0.0,10,0,0,0,False,1.584745362475189,-8.451355934524507e-17
2016-09-27,0.006110455053827124,0.009171638589074327,1.0,0.0,0.0,10,0,0,0,False,1.5944288777843547,-8.451355934524507e-17
2016-09-28,-0.001661962720022725,0.0024199965697333514,1.0,0.0,0.0,10,0,0,0,False,1.5917789964297495,-8.451355934524507e-17
2016-09-29,-0.012033443206996064,-0.009288227403642879,1.0,0.0,0.0,10,0,0,0,False,1.572624414278123,-8.451355934524507e-17
2016-09-30,0.015650710998162953,0.008132260575847372,1.0,0.0,0.0,10,0,0,0,False,1.5972371044946452,-8.451355934524507e-17
2016-10-03,-0.0057020313401796585,-0.002095237198795119,1.0000000000000002,0.24553143919559037,0.0019520752211726682,10,0,0,0,False,1.5881296084671188,-3.124670661103224e-16
2016-10-04,-0.0006388158055943283,-0.002114728297152535,1.0000000000000002,0.0,0.0,10,0,0,0,False,1.5871150861718977,-3.124670661103224e-16
2016-10-05,0.004277276220041593,0.00498326905762303,1.0000000000000002,0.0,0.0,10,0,0,0,False,1.5939036157884499,-3.124670661103224e-16
2016-10-06,-0.002491558269709482,-0.0017249558880517712,1.0000000000000002,0.0,0.0,10,0,0,0,False,1.5899323120534123,-3.124670661103224e-16
2016-10-07,-0.00416245321445019,-0.0027229335156836454,1.0000000000000002,0.0,0.0,10,0,0,0,False,1.5833142931903474,-3.124670661103224e-16
2016-10-10,-0.0003933938321785124,0.00685322361977958,1.0000000000000002,0.0,0.0,10,0,0,0,False,1.5826914271130064,-3.124670661103224e-16
2016-10-11,-0.01308194695951237,-0.015365917111885619,1.0000000000000002,0.0,0.0,10,0,0,0,False,1.561986741810239,-3.124670661103224e-16
2016-10-12,-0.0010943700544300272,-0.0014809054679145728,1.0000000000000002,0.0,0.0,10,0,0,0,False,1.5602773502945853,-3.124670661103224e-16
2016-10-13,-0.005928986029709815,-0.004903569751594783,1.0000000000000002,0.0,0.0,10,0,0,0,False,1.551026487682216,-3.124670661103224e-16
2016-10-14,-0.0022730549607786754,0.0001592264414640443,1.0000000000000002,0.0,0.0,10,0,0,0,False,1.5475009192300908,-3.124670661103224e-16
2016-10-17,-0.006137894556006107,-0.0027502799012580903,1.0000000000000002,0.0,0.0,10,0,0,0,False,1.538002521762534,-3.124670661103224e-16
2016-10-18,0.006095580480326213,0.008465677983686914,1.0000000000000002,0.0,0.0,10,0,0,0,False,1.5473775399128822,-3.124670661103224e-16
2016-10-19,0.007320592255782188,0.0004901751575250302,1.0000000000000002,0.0,0.0,10,0,0,0,False,1.5587052599483397,-3.124670661103224e-16
2016-10-20,0.0025048532252367472,-0.0008729969303582497,1.0000000000000002,0.0,0.0,10,0,0,0,False,1.562609587845915,-3.124670661103224e-16
2016-10-21,-0.004601959862451044,0.0029702984841115665,1.0000000000000002,0.0,0.0,10,0,0,0,False,1.555418521241967,-3.124670661103224e-16
2016-10-24,0.009157674780803982,0.009972648266683981,1.0000000000000002,0.0,0.0,10,0,0,0,False,1.5696625382075398,-3.124670661103224e-16
2016-10-25,-0.007606361149822938,-0.0049775980591167945,1.0000000000000002,0.0,0.0,10,0,0,0,False,1.5577231180585855,-3.124670661103224e-16
2016-10-26,0.008587213682595962,-0.006270564527966149,1.0000000000000002,0.0,0.0,10,0,0,0,False,1.5710996193316744,-3.124670661103224e-16
2016-10-27,-0.009341118065312126,-0.006532959257333548,1.0000000000000002,0.0,0.0,10,0,0,0,False,1.5564237922951303,-3.124670661103224e-16
2016-10-28,-0.004221645669789442,-0.0049597867717879884,1.0000000000000002,0.0,0.0,10,0,0,0,False,1.5498531225320302,-3.124670661103224e-16
2016-10-31,-0.000996523261319826,-0.00018496753078034445,1.0000000000000002,0.0,0.0,10,0,0,0,False,1.548308657843798,-3.124670661103224e-16
2016-11-01,-0.004815415596556627,-0.0068527731598534425,1.0000000000000002,0.024287498750725126,0.00018714004123050312,10,0,0,0,False,1.5408529081845332,-1.7610153786595806e-16
2016-11-02,-0.006843438921656841,-0.009315912252921055,1.0000000000000002,0.0,0.0,10,0,0,0,False,1.530308175420115,-1.7610153786595806e-16
2016-11-03,-0.01006705054703716,-0.009236892618723958,1.0000000000000002,0.0,0.0,10,0,0,0,False,1.5149024856656166,-1.7610153786595806e-16
2016-11-04,-0.0025429077875125383,-0.0023802142420161765,1.0000000000000002,0.0,0.0,10,0,0,0,False,1.5110502283374954,-1.7610153786595806e-16
2016-11-07,0.026157039865220222,0.023739796651061962,1.0000000000000002,0.0,0.0,10,0,0,0,False,1.5505748293984694,-1.7610153786595806e-16
2016-11-08,0.0049712380125870315,0.005288308462329194,1.0000000000000002,0.0,0.0,10,0,0,0,False,1.5582831059317357,-1.7610153786595806e-16
2016-11-09,0.0246358663018178,0.011086879493870994,1.0000000000000002,0.0,0.0,10,0,0,0,False,1.5966727601898512,-1.7610153786595806e-16
2016-11-10,-0.0012543740543917714,-0.008049788254576362,1.0000000000000002,0.0,0.0,10,0,0,0,False,1.594669935306115,-1.7610153786595806e-16
2016-11-11,0.00023413652346127023,0.00543505242800868,1.0000000000000002,0.0,0.0,10,0,0,0,False,1.5950433057808358,-1.7610153786595806e-16
2016-11-14,0.0028264069911903,-0.003572581129145269,1.0000000000000002,0.0,0.0,10,0,0,0,False,1.599551547331546,-1.7610153786595806e-16
2016-11-15,0.002456578918411223,0.010965085293674015,1.0000000000000002,0.0,0.0,10,0,0,0,False,1.6034809719416327,-1.7610153786595806e-16
2016-11-16,-0.0021098831345508495,0.0035938903182206605,1.0000000000000002,0.0,0.0,10,0,0,0,False,1.6000978144823599,-1.7610153786595806e-16
2016-11-17,0.01207914898517437,0.007439702347689314,1.0000000000000002,0.0,0.0,10,0,0,0,False,1.619425634374344,-1.7610153786595806e-16
2016-11-18,-4.599211156153249e-05,-0.0023360460469014077,1.0000000000000002,0.0,0.0,10,0,0,0,False,1.6193511535699023,-1.7610153786595806e-16
2016-11-21,0.008858665158701262,0.008897869548224913,1.0000000000000002,0.0,0.0,10,0,0,0,False,1.6336964432137346,-1.7610153786595806e-16
2016-11-22,0.01138810238668131,0.0032577121261814224,1.0000000000000002,0.0,0.0,10,0,0,0,False,1.6523011455778096,-1.7610153786595806e-16
2016-11-23,-0.0050945937078825665,-0.0010526423078217606,1.0000000000000002,0.0,0.0,10,0,0,0,False,1.6438833425580217,-1.7610153786595806e-16
2016-11-25,-0.001315670886432807,0.0033898502274860576,1.0000000000000002,0.0,0.0,10,0,0,0,False,1.6417205331035263,-1.7610153786595806e-16
2016-11-28,-0.006900363209691673,-0.005577004393045426,1.0000000000000002,0.0,0.0,10,0,0,0,False,1.6303920651363033,-1.7610153786595806e-16
2016-11-29,0.0034836336703185644,0.0020693225860233255,1.0000000000000002,0.0,0.0,10,0,0,0,False,1.6360717538302325,-1.7610153786595806e-16
2016-11-30,-0.010448673593242086,-0.010453631475070835,1.0000000000000002,0.0,0.0,10,0,0,0,False,1.6189769740993374,-1.7610153786595806e-16
2016-12-01,-0.013480842380319324,-0.013631603941949622,1.0,0.24037785876828252,0.0019219095724326563,10,0,0,0,False,1.5971518006941379,1.1102230246251565e-16
2016-12-02,-0.0014058854797812659,0.000864579124500997,1.0,0.0,0.0,10,0,0,0,False,1.5949063881685355,1.1102230246251565e-16
2016-12-05,0.006053097933532925,0.010130088764093603,1.0,0.0,0.0,10,0,0,0,False,1.604560512730937,1.1102230246251565e-16
2016-12-06,0.0036131365945843985,0.0045414200606639366,0.9999999999999999,0.0,0.0,10,0,0,0,False,1.6103580090377103,1.1102230246251565e-16
2016-12-07,0.014807879443650585,0.011393174573410825,1.0,0.0,0.0,10,0,0,0,False,1.634203996296658,1.1102230246251565e-16
2016-12-08,0.0202361993859157,0.0043754451208599665,1.0,0.0,0.0,10,0,0,0,False,1.6672740742029775,1.1102230246251565e-16
2016-12-09,-0.00582479276987713,0.005009838833118563,1.0,0.0,0.0,10,0,0,0,False,1.6575625482301564,1.1102230246251565e-16
2016-12-12,-0.0020015600071660034,-0.005870144182202219,1.0,0.0,0.0,10,0,0,0,False,1.6542448373242427,1.1102230246251565e-16
2016-12-13,0.007763595257731515,0.009476160915208087,1.0,0.0,0.0,10,0,0,0,False,1.66708772469842,1.1102230246251565e-16
2016-12-14,-0.005929995929519372,-0.004970908593954992,0.9999999999999999,0.0,0.0,10,0,0,0,False,1.6572019012768067,1.1102230246251565e-16
2016-12-15,0.0005770522463923733,0.003711867810844982,1.0,0.0,0.0,10,0,0,0,False,1.6581581933566643,1.1102230246251565e-16
2016-12-16,-0.001978124724735908,-0.003608290431140748,0.9999999999999999,0.0,0.0,10,0,0,0,False,1.654878149636862,1.1102230246251565e-16
2016-12-19,-0.0009533379925893426,0.0037298330845576544,0.9999999999999999,0.0,0.0,10,0,0,0,False,1.6533004914237073,1.1102230246251565e-16
2016-12-20,0.005500875762644908,0.004855756634168262,1.0,0.0,0.0,10,0,0,0,False,1.6623950920253487,1.1102230246251565e-16
2016-12-21,-0.0039520327825298684,-0.002281151914155788,1.0,0.0,0.0,10,0,0,0,False,1.6558252521241479,1.1102230246251565e-16
2016-12-22,-0.007252849767459324,-0.0043883041768494335,0.9999999999999999,0.0,0.0,10,0,0,0,False,1.643815800329326,1.1102230246251565e-16
2016-12-23,0.001814346623325802,0.0028031619152399934,0.9999999999999999,0.0,0.0,10,0,0,0,False,1.6467982519760231,1.1102230246251565e-16
2016-12-27,0.0029958196176869123,0.0045307349406744635,1.0,0.0,0.0,10,0,0,0,False,1.6517317624856656,1.1102230246251565e-16
2016-12-28,-0.010700871093615283,-0.008907578195070598,1.0,0.0,0.0,10,0,0,0,False,1.6340567938140764,1.1102230246251565e-16
2016-12-29,-0.004016446999087764,-0.001189708283264146,0.9999999999999999,0.0,0.0,10,0,0,0,False,1.627493691308223,1.1102230246251565e-16
2016-12-30,-0.008630915134418382,-0.00901489146957768,0.9999999999999999,0.0,0.0,10,0,0,0,False,1.6134469313767403,1.1102230246251565e-16
2017-01-03,0.011338806698002246,0.00853779948175415,1.0000000000000004,0.04139638773891794,0.00033781093869108923,10,0,0,0,False,1.6317414942491062,-6.365893055748639e-16
2017-01-04,0.01205510115285513,0.0088265229315736,1.0000000000000004,0.0,0.0,10,0,0,0,False,1.65141230301759,-6.365893055748639e-16
2017-01-05,-0.004788975361259773,0.001997425597955127,1.0000000000000004,0.0,0.0,10,0,0,0,False,1.6435037301871576,-6.365893055748639e-16
2017-01-06,0.0019702641137151478,0.0060350879571402505,1.0000000000000004,0.0,0.0,10,0,0,0,False,1.6467418666075024,-6.365893055748639e-16
2017-01-09,0.00039246306096685224,0.0019488467441244328,1.0000000000000004,0.0,0.0,10,0,0,0,False,1.6473881519610933,-6.365893055748639e-16
2017-01-10,0.006170693718537734,0.0036154467649145428,1.0000000000000004,0.0,0.0,10,0,0,0,False,1.6575536796823933,-6.365893055748639e-16
2017-01-11,-0.000802094046452706,0.0021308508608295362,1.0000000000000004,0.0,0.0,10,0,0,0,False,1.6562241657442442,-6.365893055748639e-16
2017-01-12,-0.003050624909127886,-0.002904514175128159,1.0000000000000004,0.0,0.0,10,0,0,0,False,1.6511716470491253,-6.365893055748639e-16
2017-01-13,0.00032823767472622833,0.004800350976735368,1.0000000000000004,0.0,0.0,10,0,0,0,False,1.6517136237911265,-6.365893055748639e-16
2017-01-17,-0.004115230796951086,-0.006349002060432873,1.0000000000000004,0.0,0.0,10,0,0,0,False,1.6449164410187576,-6.365893055748639e-16
2017-01-18,0.009543597706300089,0.0030548338698583866,1.0000000000000004,0.0,0.0,10,0,0,0,False,1.6606148617923193,-6.365893055748639e-16
2017-01-19,-0.009825587182029749,-0.0028025164076663778,1.0000000000000004,0.0,0.0,10,0,0,0,False,1.6442983456920046,-6.365893055748639e-16
2017-01-20,0.017841487670215317,0.0027526677818250356,1.0000000000000004,0.0,0.0,10,0,0,0,False,1.673635074352824,-6.365893055748639e-16
2017-01-23,-0.0013987560517730868,-0.0004302534605459263,1.0000000000000004,0.0,0.0,10,0,0,0,False,1.6712940671641134,-6.365893055748639e-16
2017-01-24,0.008767285756712928,0.008647689487869314,1.0000000000000004,0.0,0.0,10,0,0,0,False,1.6859467798344403,-6.365893055748639e-16
2017-01-25,0.006640466119379296,0.009887554990573033,1.0000000000000004,0.0,0.0,10,0,0,0,False,1.6971422523050077,-6.365893055748639e-16
2017-01-26,-0.009042145002806756,-0.0002050088999250299,1.0000000000000004,0.0,0.0,10,0,0,0,False,1.6817964459692758,-6.365893055748639e-16
2017-01-27,-0.006914773583978628,0.0009901718074343258,1.0000000000000004,0.0,0.0,10,0,0,0,False,1.6701672043310583,-6.365893055748639e-16
2017-01-30,-0.0006388257094265271,-0.008315073481572344,1.0000000000000004,0.0,0.0,10,0,0,0,False,1.6691002585818906,-6.365893055748639e-16
2017-01-31,-0.0037387301979128207,0.00019238614035987922,1.0000000000000004,0.0,0.0,10,0,0,0,False,1.6628599430417863,-6.365893055748639e-16
2017-02-01,-0.0033704419889659665,0.004961877470039067,1.0000000000000004,0.05830865848916205,0.0004833025906416444,10,0,0,0,False,1.6572553700679886,-6.450460825202509e-16
2017-02-02,-0.001998556051597822,-0.0011430267895939927,1.0000000000000004,0.0,0.0,10,0,0,0,False,1.6539432523190962,-6.450460825202509e-16
2017-02-03,0.006520161666161872,0.005423831467164852,1.0000000000000004,0.0,0.0,10,0,0,0,False,1.6647272297108744,-6.450460825202509e-16
2017-02-06,0.003281801319429567,-0.0005682602258431091,1.0000000000000004,0.0,0.0,10,0,0,0,False,1.6701905337298297,-6.450460825202509e-16
2017-02-07,-0.00025137719582402074,0.001884048057633425,1.0000000000000004,0.0,0.0,10,0,0,0,False,1.669770685916969,-6.450460825202509e-16
2017-02-08,-0.00524006060386939,0.0014504195660225427,1.0000000000000004,0.0,0.0,10,0,0,0,False,1.6610209863281995,-6.450460825202509e-16
2017-02-09,0.0023379541001007365,0.005759839303123071,1.0000000000000004,0.0,0.0,10,0,0,0,False,1.6649043771535388,-6.450460825202509e-16
2017-02-10,0.007710201068331424,0.0033156784802690353,1.0000000000000004,0.0,0.0,10,0,0,0,False,1.6777411246609375,-6.450460825202509e-16
2017-02-13,0.002917233826536636,0.005202201645274851,1.0000000000000004,0.0,0.0,10,0,0,0,False,1.68263548782197,-6.450460825202509e-16
2017-02-14,0.0054020536547365605,0.003228648359808295,1.0000000000000004,0.0,0.0,10,0,0,0,False,1.691725175008548,-6.450460825202509e-16
2017-02-15,0.008941450861494005,0.006376075218322397,1.0000000000000004,0.0,0.0,10,0,0,0,False,1.7068516525320392,-6.450460825202509e-16
2017-02-16,-0.001967731847424048,-0.0007801438073103961,1.0000000000000004,0.0,0.0,10,0,0,0,False,1.7034930261765235,-6.450460825202509e-16
2017-02-17,0.006375729521808093,0.004072331494476833,1.0000000000000004,0.0,0.0,10,0,0,0,False,1.7143540369537114,-6.450460825202509e-16
2017-02-21,0.0007071661200743762,0.004687800720589497,1.0000000000000004,0.0,0.0,10,0,0,0,False,1.7155663700464576,-6.450460825202509e-16
2017-02-22,0.0008162418162025453,-0.000906980083124509,1.0000000000000004,0.0,0.0,10,0,0,0,False,1.7169666870561604,-6.450460825202509e-16
2017-02-23,-0.007463516967869621,-0.004286245749795636,1.0000000000000004,0.0,0.0,10,0,0,0,False,1.70415207705405,-6.450460825202509e-16
2017-02-24,0.009589954666915812,0.0016794248207756546,1.0000000000000004,0.0,0.0,10,0,0,0,False,1.7204948182185287,-6.450460825202509e-16
2017-02-27,0.0033657283552495088,0.002838138561716441,1.0000000000000004,0.0,0.0,10,0,0,0,False,1.7262855364132668,-6.450460825202509e-16
2017-02-28,-0.007117302810713322,-0.00621982644227681,1.0000000000000004,0.0,0.0,10,0,0,0,False,1.7139990395128588,-6.450460825202509e-16
2017-03-01,0.00425316367200379,0.013490809509510093,1.0,0.425224732880394,0.0036674706830035243,10,0,0,0,False,1.7212889579615644,2.42861286636753e-17
2017-03-02,-0.003453824388989335,-0.007250911911047653,1.0,0.0,0.0,10,0,0,0,False,1.7153439281780587,2.42861286636753e-17
2017-03-03,0.0015789131897936404,0.0016259071788500279,1.0,0.0,0.0,10,0,0,0,False,1.7180523073312914,2.42861286636753e-17
2017-03-06,-0.00018645123014937592,-0.003674113188263939,1.0,0.0,0.0,10,0,0,0,False,1.7177319743651285,2.42861286636753e-17
2017-03-07,-0.004227774328683598,-0.002607202971794287,1.0,0.0,0.0,10,0,0,0,False,1.7104697912203486,2.42861286636753e-17
2017-03-08,0.003391476786785308,0.0006204393737860858,1.0,0.0,0.0,10,0,0,0,False,1.71627080981177,2.42861286636753e-17
2017-03-09,-0.007083979315782529,0.00021589537445998452,1.0,0.0,0.0,10,0,0,0,False,1.7041127828947822,2.42861286636753e-17
2017-03-10,0.004646326404315726,0.003925440219403553,1.0,0.0,0.0,10,0,0,0,False,1.7120306471138782,2.42861286636753e-17
2017-03-13,0.003895405862827994,0.002396869183671102,1.0,0.0,0.0,10,0,0,0,False,1.7186997013339869,2.42861286636753e-17
2017-03-14,-0.0018285634888388635,-0.0032268057424480467,1.0,0.0,0.0,10,0,0,0,False,1.7155569498118493,2.42861286636753e-17
2017-03-15,0.006827764911773393,0.0073811388221298735,1.0,0.0,0.0,10,0,0,0,False,1.7272703693579237,2.42861286636753e-17
2017-03-16,-0.002526143195683672,0.00012033796731691915,1.0,0.0,0.0,10,0,0,0,False,1.7229070370672641,2.42861286636753e-17
2017-03-17,0.0017428165484378866,4.070662222188659e-05,1.0,0.0,0.0,10,0,0,0,False,1.725909747962885,2.42861286636753e-17
2017-03-20,-0.003586820894991405,8.978139298432275e-05,1.0,0.0,0.0,10,0,0,0,False,1.7197192188160224,2.42861286636753e-17
2017-03-21,-0.014770702056929097,-0.018249454573626034,1.0,0.0,0.0,10,0,0,0,False,1.694317758613316,2.42861286636753e-17
2017-03-22,0.006966959324425481,0.004799933639752396,1.0,0.0,0.0,10,0,0,0,False,1.7061220015202267,2.42861286636753e-17
2017-03-23,-0.005032488582374706,-0.0006785373077252688,1.0,0.0,0.0,10,0,0,0,False,1.697535962027438,2.42861286636753e-17
2017-03-24,0.002267183158577657,0.0018994309064153114,1.0,0.0,0.0,10,0,0,0,False,1.7013845869716264,2.42861286636753e-17
2017-03-27,-0.003676239290057226,0.0019952682056407767,1.0,0.0,0.0,10,0,0,0,False,1.6951298901055036,2.42861286636753e-17
2017-03-28,0.004674914491741733,0.005953389837400902,1.0,0.0,0.0,10,0,0,0,False,1.7030544773941423,2.42861286636753e-17
2017-03-29,0.0004414842211784009,0.003814326061773343,1.0,0.0,0.0,10,0,0,0,False,1.7038063490737192,2.42861286636753e-17
2017-03-30,0.0034216529142996333,0.002846945014351565,1.0,0.0,0.0,10,0,0,0,False,1.7096361830334297,2.42861286636753e-17
2017-03-31,-0.0015667766573763675,-0.0004395418741411916,1.0,0.0,0.0,10,0,0,0,False,1.7069575649692468,2.42861286636753e-17
2017-04-03,-0.002851942445036726,-0.002885783106639339,1.0000000000000002,0.02789153107612435,0.00023740250739159253,10,0,0,0,False,1.7020894202378345,-1.326792408579136e-16
2017-04-04,0.0013800940982897636,0.0006666519415252647,1.0000000000000002,0.0,0.0,10,0,0,0,False,1.7044384638014662,-1.326792408579136e-16
2017-04-05,-0.004527576670240507,-0.005786092075694138,1.0000000000000002,0.0,0.0,10,0,0,0,False,1.6967214879768981,-1.326792408579136e-16
2017-04-06,0.0033436809517231048,0.0024674310424794843,1.0000000000000002,0.0,0.0,10,0,0,0,False,1.702394783296626,-1.326792408579136e-16
2017-04-07,0.0018732253902722373,-0.00019392918143801285,1.0000000000000002,0.0,0.0,10,0,0,0,False,1.705583752428964,-1.326792408579136e-16
2017-04-10,0.0012752732929068866,0.0005308269486283823,1.0000000000000002,0.0,0.0,10,0,0,0,False,1.7077588378372526,-1.326792408579136e-16
2017-04-11,-0.0020715074584042314,-0.00240781636891374,1.0000000000000002,0.0,0.0,10,0,0,0,False,1.704221202667517,-1.326792408579136e-16
2017-04-12,-0.011046548139859724,-0.00521748764652441,1.0000000000000002,0.0,0.0,10,0,0,0,False,1.6853954411112806,-1.326792408579136e-16
2017-04-13,-0.0040060972460206346,-0.0053134764875027996,1.0000000000000002,0.0,0.0,10,0,0,0,False,1.678643583076189,-1.326792408579136e-16
2017-04-17,0.007365653623777613,0.008895567020586359,1.0000000000000002,0.0,0.0,10,0,0,0,False,1.6910078902669052,-1.326792408579136e-16
2017-04-18,-0.0029005092469429616,-0.0012497972438827443,1.0000000000000002,0.0,0.0,10,0,0,0,False,1.6861031062445326,-1.326792408579136e-16
2017-04-19,0.004764478814480944,0.0023180902776460677,1.0000000000000002,0.0,0.0,10,0,0,0,False,1.6941365087732652,-1.326792408579136e-16
2017-04-20,0.005735181385016164,0.009167615010245989,1.0000000000000002,0.0,0.0,10,0,0,0,False,1.703852688942058,-1.326792408579136e-16
2017-04-21,-0.001151953661287508,-0.00105797413653963,1.0000000000000002,0.0,0.0,10,0,0,0,False,1.7018899295987366,-1.326792408579136e-16
2017-04-24,0.007673098526177702,0.01240158226348953,1.0000000000000002,0.0,0.0,10,0,0,0,False,1.7149486987092575,-1.326792408579136e-16
2017-04-25,0.0010962738422981566,0.00696384607036471,1.0000000000000002,0.0,0.0,10,0,0,0,False,1.7168287521085357,-1.326792408579136e-16
2017-04-26,-8.818787394104799e-05,-4.3183208563002395e-05,1.0000000000000002,0.0,0.0,10,0,0,0,False,1.7166773486309663,-1.326792408579136e-16
2017-04-27,0.011350827995438406,0.003935102892337783,1.0000000000000002,0.0,0.0,10,0,0,0,False,1.7361630579389415,-1.326792408579136e-16
2017-04-28,-0.008881800922019734,-0.0002198732376229584,1.0000000000000002,0.0,0.0,10,0,0,0,False,1.7207428032901628,-1.326792408579136e-16
2017-05-01,-0.0035962882057689605,0.007273981081352465,1.0000000000000002,0.23924424671605696,0.0020534428904465866,10,0,0,0,False,1.7145545162415285,-1.8691645453650096e-16
2017-05-02,0.006833470178087886,0.000618885011837822,1.0000000000000002,0.0,0.0,10,0,0,0,False,1.726270873396971,-1.8691645453650096e-16
2017-05-03,-2.2625951883070705e-05,-0.0037438743875454206,1.0000000000000002,0.0,0.0,10,0,0,0,False,1.7262318148752522,-1.8691645453650096e-16
2017-05-04,0.0025705040677648228,0.0004594445647856382,1.0000000000000002,0.0,0.0,10,0,0,0,False,1.730669100777294,-1.8691645453650096e-16
2017-05-05,0.0017038658284203034,0.004184128104242069,1.0000000000000002,0.0,0.0,10,0,0,0,False,1.7336179287184112,-1.8691645453650096e-16
2017-05-08,-0.00375639020588181,0.00031150218371167604,1.0000000000000002,0.0,0.0,10,0,0,0,False,1.7271057833102323,-1.8691645453650096e-16
2017-05-09,0.005041297862294014,0.002937997432660433,1.0000000000000002,0.0,0.0,10,0,0,0,False,1.7358126380035899,-1.8691645453650096e-16
2017-05-10,0.0030466605730394836,0.0013969732132677048,1.0000000000000002,0.0,0.0,10,0,0,0,False,1.7411010699299792,-1.8691645453650096e-16
2017-05-11,-0.003883922781758309,-0.0021503995315753643,1.0000000000000002,0.0,0.0,10,0,0,0,False,1.7343387678191344,-1.8691645453650096e-16
2017-05-12,-0.004806806745452863,0.0008616799325043001,1.0000000000000002,0.0,0.0,10,0,0,0,False,1.726002136531081,-1.8691645453650096e-16
2017-05-15,0.0036039843375479386,0.00464610870691029,1.0000000000000002,0.0,0.0,10,0,0,0,False,1.7322226211977132,-1.8691645453650096e-16
2017-05-16,0.0022171787911837715,0.003284761674768877,1.0000000000000002,0.0,0.0,10,0,0,0,False,1.7360632684550417,-1.8691645453650096e-16
2017-05-17,-0.026589513241508822,-0.02571041163411203,1.0000000000000002,0.0,0.0,10,0,0,0,False,1.6899021911903593,-1.8691645453650096e-16
2017-05-18,0.006137022789290736,0.0073012720403353715,1.0000000000000002,0.0,0.0,10,0,0,0,False,1.700273159449367,-1.8691645453650096e-16
2017-05-19,0.010308696319053734,0.004718362854610358,1.0000000000000002,0.0,0.0,10,0,0,0,False,1.7178007591095685,-1.8691645453650096e-16
2017-05-22,0.0066947311365457285,0.008205516110080469,1.0000000000000002,0.0,0.0,10,0,0,0,False,1.7293009733379612,-1.8691645453650096e-16
2017-05-23,0.0020374318958160664,0.0008298362006475823,1.0000000000000002,0.0,0.0,10,0,0,0,False,1.7328243062985058,-1.8691645453650096e-16
2017-05-24,0.004836149328279138,0.0039601153988380045,1.0000000000000002,0.0,0.0,10,0,0,0,False,1.741204503403437,-1.8691645453650096e-16
2017-05-25,0.008876610939050344,0.006853750271782255,1.0000000000000002,0.0,0.0,10,0,0,0,False,1.7566604983454714,-1.8691645453650096e-16
2017-05-26,0.0011727497254057084,0.0004947899199967409,1.0000000000000002,0.0,0.0,10,0,0,0,False,1.7587206214625373,-1.8691645453650096e-16
2017-05-30,0.0011371858356019615,-0.0008279521090541753,1.0000000000000002,0.0,0.0,10,0,0,0,False,1.7607206136420455,-1.8691645453650096e-16
2017-05-31,0.0022606572127676916,-0.0007528223503201481,1.0000000000000002,0.0,0.0,10,0,0,0,False,1.7647009993969442,-1.8691645453650096e-16
2017-06-01,0.003839662728156279,0.007793812071268613,1.0,0.23956298588034547,0.002124446118544628,10,0,0,0,False,1.7714768560506688,-6.288372600415926e-17
2017-06-02,0.006908352546094454,0.009439939786420659,1.0,0.0,0.0,10,0,0,0,False,1.783714842699514,-6.288372600415926e-17
2017-06-05,0.004001468994742741,-0.0016048083226491983,1.0,0.0,0.0,10,0,0,0,False,1.7908523223380384,-6.288372600415926e-17
2017-06-06,-0.011653732656186078,-0.0032752775466581285,1.0,0.0,0.0,10,0,0,0,False,1.7699822081468009,-6.288372600415926e-17
2017-06-07,0.004570852677548309,0.0035569061721019146,1.0,0.0,0.0,10,0,0,0,False,1.7780725360621217,-6.288372600415926e-17
2017-06-08,0.009326132481744631,0.003871435483827179,1.0,0.0,0.0,10,0,0,0,False,1.7946550760955886,-6.288372600415926e-17
2017-06-09,-0.01391531992628392,-0.018007628192390324,1.0,0.0,0.0,10,0,0,0,False,1.7696818765543891,-6.288372600415926e-17
2017-06-12,-0.003661529395985963,-0.005228788470675982,1.0,0.0,0.0,10,0,0,0,False,1.7632021343418416,-6.288372600415926e-17
2017-06-13,0.001012800740984865,0.007272348942426898,1.0,0.0,0.0,10,0,0,0,False,1.764987906770009,-6.288372600415926e-17
2017-06-14,-0.005414513356799877,-0.004096219290874781,1.0,0.0,0.0,10,0,0,0,False,1.7554313561742125,-6.288372600415926e-17
2017-06-15,-0.0009408861984809835,-0.004744248812420304,1.0,0.0,0.0,10,0,0,0,False,1.7537796950388074,-6.288372600415926e-17
2017-06-16,-0.002547429809988233,-0.002228562160408787,1.0,0.0,0.0,10,0,0,0,False,1.7493120643635134,-6.288372600415926e-17
2017-06-19,0.016492662729046703,0.014182933475393567,1.0,0.0,0.0,10,0,0,0,False,1.7781628782489132,-6.288372600415926e-17
2017-06-20,-0.01403831592589555,-0.008171168444069399,1.0,0.0,0.0,10,0,0,0,False,1.7532004659963552,-6.288372600415926e-17
2017-06-21,0.003612007443539067,0.007420843383785902,1.0,0.0,0.0,10,0,0,0,False,1.75953303912955,-6.288372600415926e-17
2017-06-22,0.0015835905275602968,0.0004394805720455697,1.0,0.0,0.0,10,0,0,0,False,1.7623194189832452,-6.288372600415926e-17
2017-06-23,0.0021326227752951343,0.004579368295992925,1.0,0.0,0.0,10,0,0,0,False,1.7660777815135136,-6.288372600415926e-17
2017-06-26,-0.007257561409518498,-0.0028889669207133872,1.0,0.0,0.0,10,0,0,0,False,1.753260363560193,-6.288372600415926e-17
2017-06-27,-0.014718982854319829,-0.01609210625792734,1.0,0.0,0.0,10,0,0,0,False,1.727454154329792,-6.288372600415926e-17
2017-06-28,0.01336466942844905,0.014282662434270232,1.0,0.0,0.0,10,0,0,0,False,1.7505410080552108,-6.288372600415926e-17
2017-06-29,-0.016025491552337012,-0.014445648764016328,1.0,0.0,0.0,10,0,0,0,False,1.7224877279186026,-6.288372600415926e-17
2017-06-30,0.0024278483701110076,-0.0006396445410882245,1.0,0.0,0.0,10,0,0,0,False,1.726669666941366,-6.288372600415926e-17
2017-07-03,-0.00496391991563383,-0.004944254708053486,1.0000000000000002,0.25650094371120696,0.0022062991723383637,10,0,0,0,False,1.7180986169939148,-1.973247953923618e-16
2017-07-05,0.005619589552133375,0.006677479326267388,1.0000000000000002,0.0,0.0,10,0,0,0,False,1.7277536260315087,-1.973247953923618e-16
2017-07-06,-0.006291466565182424,-0.009982327836795646,1.0000000000000002,0.0,0.0,10,0,0,0,False,1.7168835218604588,-1.973247953923618e-16
2017-07-07,0.009761783136968516,0.010447576632410804,1.0000000000000002,0.0,0.0,10,0,0,0,False,1.7336433664722952,-1.973247953923618e-16
2017-07-10,0.006156844758491875,0.0037883465875894196,1.0000000000000002,0.0,0.0,10,0,0,0,False,1.7443171395462542,-1.973247953923618e-16
2017-07-11,0.00386312864989824,0.00273779662978213,1.0000000000000002,0.0,0.0,10,0,0,0,False,1.751055661062544,-1.973247953923618e-16
2017-07-12,0.011095626600472919,0.010958633069886314,1.0000000000000002,0.0,0.0,10,0,0,0,False,1.7704847208343384,-1.973247953923618e-16
2017-07-13,0.0023923144003914487,0.002119412220390471,1.0000000000000002,0.0,0.0,10,0,0,0,False,1.7747202769276633,-1.973247953923618e-16
2017-07-14,0.010832910562480702,0.006061146589355193,1.0000000000000002,0.0,0.0,10,0,0,0,False,1.7939456629610417,-1.973247953923618e-16
2017-07-17,-0.0028763038771713045,0.0003104965152944672,1.0000000000000002,0.0,0.0,10,0,0,0,False,1.7887857300952323,-1.973247953923618e-16
2017-07-18,0.0046904785028882845,0.004732002580375427,1.0000000000000002,0.0,0.0,10,0,0,0,False,1.7971759911085174,-1.973247953923618e-16
2017-07-19,0.004258256824233753,0.006419910022998465,1.0000000000000002,0.0,0.0,10,0,0,0,False,1.8048288280370042,-1.973247953923618e-16
2017-07-20,0.007326285369628316,0.0007768158069487718,1.0000000000000002,0.0,0.0,10,0,0,0,False,1.8180515190745352,-1.973247953923618e-16
2017-07-21,-0.006404907713620123,-0.00035211267605639307,1.0000000000000002,0.0,0.0,10,0,0,0,False,1.806407066876256,-1.973247953923618e-16
2017-07-24,-0.0022710038788936737,0.0036100504872607075,1.0000000000000002,0.0,0.0,10,0,0,0,False,1.8023047094205191,-1.973247953923618e-16
2017-07-25,0.0035724339872449384,0.0002121104788301853,1.0000000000000002,0.0,0.0,10,0,0,0,False,1.8087433240198245,-1.973247953923618e-16
2017-07-26,0.006761957671274299,0.0016500030668245014,1.0000000000000002,0.0,0.0,10,0,0,0,False,1.8209739698150464,-1.973247953923618e-16
2017-07-27,-0.003697778323170642,-0.006315067533377405,1.0000000000000002,0.0,0.0,10,0,0,0,False,1.8142404117424065,-1.973247953923618e-16
2017-07-28,-0.015589582916910927,-0.0011766650816831259,1.0000000000000002,0.0,0.0,10,0,0,0,False,1.7859571604123377,-1.973247953923618e-16
2017-07-31,-0.002999934992822584,-0.004166499207285623,1.0000000000000002,0.0,0.0,10,0,0,0,False,1.7805994050311347,-1.973247953923618e-16
2017-08-01,0.00091070563036455,0.002334517899243993,1.0,0.4359318917133086,0.0038931205520558792,10,0,0,0,False,1.7822210069347202,-6.158268339717665e-17
2017-08-02,-0.0005108112389697883,-4.5576416649817375e-05,1.0,0.0,0.0,10,0,0,0,False,1.7813106284140499,-6.158268339717665e-17
2017-08-03,-0.004567235368077904,-0.0035064164067868386,1.0,0.0,0.0,10,0,0,0,False,1.7731749635104241,-6.158268339717665e-17
2017-08-04,0.0017046380895449076,0.0017696685594044137,1.0,0.0,0.0,10,0,0,0,False,1.7761975850926512,-6.158268339717665e-17
2017-08-07,0.009067614207731944,0.005071179283968386,1.0,0.0,0.0,10,0,0,0,False,1.7923034595509766,-6.158268339717665e-17
2017-08-08,-0.0018204271410406925,-0.002084974865949163,1.0,0.0,0.0,10,0,0,0,False,1.7890407016882288,-6.158268339717665e-17
2017-08-09,0.00015721103074350928,-0.0028459326328083012,1.0,0.0,0.0,10,0,0,0,False,1.7893219586209832,-6.158268339717665e-17
2017-08-10,-0.021683217135088473,-0.02132445856363796,1.0,0.0,0.0,10,0,0,0,False,1.7505237020676225,-6.158268339717665e-17
2017-08-11,-0.0004666568498764567,0.006384241485116293,1.0,0.0,0.0,10,0,0,0,False,1.7497068081911815,-6.158268339717665e-17
2017-08-14,0.015546273959864854,0.013373147330591362,1.0,0.0,0.0,10,0,0,0,False,1.7769082295807623,-6.158268339717665e-17
2017-08-15,-0.004196893241030564,-0.001138791494945779,1.0,0.0,0.0,10,0,0,0,False,1.7694507354421032,-6.158268339717665e-17
2017-08-16,0.003369447408770876,0.0019106397087844673,1.0,0.0,0.0,10,0,0,0,False,1.7754128066375863,-6.158268339717665e-17
2017-08-17,-0.02041048661293221,-0.0194164800833474,1.0,0.0,0.0,10,0,0,0,False,1.7391757673152815,-6.158268339717665e-17
2017-08-18,0.008814795249989515,-0.0008647505070066286,1.0,0.0,0.0,10,0,0,0,False,1.7545062456079092,-6.158268339717665e-17
2017-08-21,-0.0019274038858794196,-0.0005469128451697225,1.0,0.0,0.0,10,0,0,0,False,1.751124603452325,-6.158268339717665e-17
2017-08-22,0.01565520686840527,0.013576104372129638,1.0,0.0,0.0,10,0,0,0,False,1.778538821371725,-6.158268339717665e-17
2017-08-23,-0.0018969996198214822,-0.0030281636464107864,1.0,0.0,0.0,10,0,0,0,False,1.7751649339037452,-6.158268339717665e-17
2017-08-24,-0.002296535675981315,-0.0011276899365384452,1.0,0.0,0.0,10,0,0,0,False,1.7710882043022842,-6.158268339717665e-17
2017-08-25,0.0025183932690973077,-0.0009073035399620455,1.0,0.0,0.0,10,0,0,0,False,1.7755485009149765,-6.158268339717665e-17
2017-08-28,0.0014003157416151435,0.002773842691667028,1.0,0.0,0.0,10,0,0,0,False,1.7780348294308088,-6.158268339717665e-17
2017-08-29,0.002717002514196265,0.003003348708105147,1.0,0.0,0.0,10,0,0,0,False,1.7828657545327007,-6.158268339717665e-17
2017-08-30,0.01567694466024161,0.010539695067040222,1.0,0.0,0.0,10,0,0,0,False,1.8108156423031498,-6.158268339717665e-17
2017-08-31,0.012146202399873296,0.009476627088244483,1.0,0.0,0.0,10,0,0,0,False,1.8328101756034205,-6.158268339717665e-17
2017-09-01,0.0002774778278160639,0.0010375256729231452,1.0,0.41351347916568343,0.003798363424925404,10,0,0,0,False,1.8333187397897461,5.117434254131581e-17
2017-09-05,-0.012545232055577893,-0.009286283542782048,1.0,0.0,0.0,10,0,0,0,False,1.810319330767244,5.117434254131581e-17
2017-09-06,0.0060217463952776384,0.0027825434520376557,1.0,0.0,0.0,10,0,0,0,False,1.821220614671593,5.117434254131581e-17
2017-09-07,0.003207695416422629,0.0007132455533480631,1.0,0.0,0.0,10,0,0,0,False,1.8270625356895696,5.117434254131581e-17
2017-09-08,-0.005915795400521562,-0.005889491254284729,1.0,0.0,0.0,10,0,0,0,False,1.816254007544472,5.117434254131581e-17
2017-09-11,0.015307252070885013,0.01133140694431134,1.0,0.0,0.0,10,0,0,0,False,1.8440558654627104,5.117434254131581e-17
2017-09-12,0.005041828896828804,0.0034233691866738525,1.0,0.0,0.0,10,0,0,0,False,1.8533532796125671,5.117434254131581e-17
2017-09-13,0.0042953971659194234,0.0009156869833872872,1.0,0.0,0.0,10,0,0,0,False,1.8613141680372625,5.117434254131581e-17
2017-09-14,-0.00387627111152844,-0.004815616952684398,1.0,0.0,0.0,10,0,0,0,False,1.854099209698221,5.117434254131581e-17
2017-09-15,0.013400869274413862,0.0030159991318197132,1.0,0.0,0.0,10,0,0,0,False,1.8789457508291807,5.117434254131581e-17
2017-09-18,0.02187475578322573,0.000956800575739658,1.0,0.0,0.0,10,0,0,0,False,1.9200472302584988,5.117434254131581e-17
2017-09-19,0.004005875260241432,0.0010348679239298164,1.0,0.0,0.0,10,0,0,0,False,1.9277386999566863,5.117434254131581e-17
2017-09-20,-0.012969123477770128,-0.0008171395571536788,1.0,0.0,0.0,10,0,0,0,False,1.902737618724072,5.117434254131581e-17
2017-09-21,-0.005570236692420183,-0.005165720782399075,1.0,0.0,0.0,10,0,0,0,False,1.8921389198242071,5.117434254131581e-17
2017-09-22,0.0070695123265189785,0.0006586025584076616,1.0,0.0,0.0,10,0,0,0,False,1.9055154192413908,5.117434254131581e-17
2017-09-25,-0.014166607382150809,-0.008764711693388327,1.0,0.0,0.0,10,0,0,0,False,1.8785207304363636,5.117434254131581e-17
2017-09-26,0.003606708753487453,0.001502278486051667,1.0,0.0,0.0,10,0,0,0,False,1.8852960075984362,5.117434254131581e-17
2017-09-27,0.018825016732324062,0.011457329864538401,1.0,0.0,0.0,10,0,0,0,False,1.9207867364868605,5.117434254131581e-17
2017-09-28,0.00020726145999150347,2.95044684239798e-05,1.0,0.0,0.0,10,0,0,0,False,1.9211848415501969,5.117434254131581e-17
2017-09-29,0.008319078084435994,0.006587143106798976,1.0,0.0,0.0,10,0,0,0,False,1.937167328261688,5.117434254131581e-17
2017-10-02,0.0034877984966945608,0.0031958632750201943,1.0000000000000004,0.041668278182938265,0.0004050841794497599,10,0,0,0,False,1.943923777557045,-5.821623565160916e-16
2017-10-03,-0.0036516569686445566,0.0023002061681274277,1.0000000000000004,0.0,0.0,10,0,0,0,False,1.936825234748215,-5.821623565160916e-16
2017-10-04,-0.0013518712807712996,0.0004470345437870282,1.0000000000000004,0.0,0.0,10,0,0,0,False,1.9342068963374859,-5.821623565160916e-16
2017-10-05,0.00019389864603414075,0.007763255268672609,1.0000000000000004,0.0,0.0,10,0,0,0,False,1.9345819364358354,-5.821623565160916e-16
2017-10-06,0.0050928687464943945,0.0007319721432383908,1.0000000000000004,0.0,0.0,10,0,0,0,False,1.9444345083174421,-5.821623565160916e-16
2017-10-09,0.0032442241349073253,-0.0015857229518549953,1.0000000000000004,0.0,0.0,10,0,0,0,False,1.9507426896780722,-5.821623565160916e-16
2017-10-10,0.00524154999052695,0.0011429040401353951,1.0000000000000004,0.0,0.0,10,0,0,0,False,1.9609676050046747,-5.821623565160916e-16
2017-10-11,0.0036225481150908845,0.002474446848077738,1.0000000000000004,0.0,0.0,10,0,0,0,False,1.9680713045059386,-5.821623565160916e-16
2017-10-12,-0.005175275044027816,-0.0018232617856535072,1.0000000000000004,0.0,0.0,10,0,0,0,False,1.9578859941988618,-5.821623565160916e-16
2017-10-13,-0.01173022465946516,0.002167940340466412,1.0000000000000004,0.0,0.0,10,0,0,0,False,1.9349195516292887,-5.821623565160916e-16
2017-10-16,-0.004712825621086103,0.002755184920984144,1.0000000000000004,0.0,0.0,10,0,0,0,False,1.9258006131916299,-5.821623565160916e-16
2017-10-17,0.0016327098164554688,-5.1298309178715584e-05,1.0000000000000004,0.0,0.0,10,0,0,0,False,1.9289448867573238,-5.821623565160916e-16
2017-10-18,-0.00046045249994974835,8.454539983793197e-05,1.0000000000000004,0.0,0.0,10,0,0,0,False,1.928056699261951,-5.821623565160916e-16
2017-10-19,-0.003335731947996745,-0.0028909666982386284,1.0000000000000004,0.0,0.0,10,0,0,0,False,1.9216252189326737,-5.821623565160916e-16
2017-10-20,0.007667306472874502,0.0036305445250555124,1.0000000000000004,0.0,0.0,10,0,0,0,False,1.936358908412235,-5.821623565160916e-16
2017-10-23,-0.00272303491980741,-0.006368891662271059,1.0000000000000004,0.0,0.0,10,0,0,0,False,1.9310861354873483,-5.821623565160916e-16
2017-10-24,0.002659756901545629,0.0017611050875594447,1.0000000000000004,0.0,0.0,10,0,0,0,False,1.9362223551636897,-5.821623565160916e-16
2017-10-25,-0.01018484114225593,-0.00523459352498723,1.0000000000000004,0.0,0.0,10,0,0,0,False,1.9165022380602628,-5.821623565160916e-16
2017-10-26,0.000977191040725911,-0.0010847378447118583,1.0000000000000004,0.0,0.0,10,0,0,0,False,1.9183750268768265,-5.821623565160916e-16
2017-10-27,0.008210066462795318,0.022036734550700876,1.0000000000000004,0.0,0.0,10,0,0,0,False,1.934125013348052,-5.821623565160916e-16
2017-10-30,0.0025233578295631443,-0.00034318920152887067,1.0000000000000004,0.0,0.0,10,0,0,0,False,1.9390055028438378,-5.821623565160916e-16
2017-10-31,0.00383590778483045,0.004285724948350111,1.0000000000000004,0.0,0.0,10,0,0,0,False,1.9464433491470257,-5.821623565160916e-16
2017-11-01,-0.007834854644355183,-0.0016558630499988736,1.0000000000000002,0.10580268337634165,0.0010221678795349996,10,0,0,0,False,1.9311932484329868,-2.0296264668928643e-16
2017-11-02,0.004407402936109861,-0.00023671450099127522,1.0000000000000002,0.0,0.0,10,0,0,0,False,1.9397047952263258,-2.0296264668928643e-16
2017-11-03,0.0009970031318813355,0.007371622194265681,1.0000000000000002,0.0,0.0,10,0,0,0,False,1.9416386869820916,-2.0296264668928643e-16
2017-11-06,0.0016465328188564055,0.003252301790721779,1.0000000000000002,0.0,0.0,10,0,0,0,False,1.944835658802569,-2.0296264668928643e-16
2017-11-07,-0.0032820042584117415,-0.0027496154500683545,1.0000000000000002,0.0,0.0,10,0,0,0,False,1.938452699888468,-2.0296264668928643e-16
2017-11-08,0.014041350409435438,0.0031532202037660717,1.0000000000000002,0.0,0.0,10,0,0,0,False,1.9656711934997182,-2.0296264668928643e-16
2017-11-09,-0.012327209952600726,-0.005754840012330953,1.0000000000000002,0.0,0.0,10,0,0,0,False,1.941439951999668,-2.0296264668928643e-16
2017-11-10,0.016454940874568003,0.0001318656937909779,1.0000000000000002,0.0,0.0,10,0,0,0,False,1.9733862316213464,-2.0296264668928643e-16
2017-11-13,-0.004279279393272328,0.0009865589234470118,1.0000000000000002,0.0,0.0,10,0,0,0,False,1.964941560585402,-2.0296264668928643e-16
2017-11-14,-0.004530771942391376,-0.002919675581276149,1.0000000000000002,0.0,0.0,10,0,0,0,False,1.956038858494263,-2.0296264668928643e-16
2017-11-15,-0.0013052752489773889,-0.0046988290854702575,1.0000000000000002,0.0,0.0,10,0,0,0,False,1.9534856893862325,-2.0296264668928643e-16
2017-11-16,0.011293792893904087,0.012984979593540835,1.0000000000000002,0.0,0.0,10,0,0,0,False,1.9755479521833659,-2.0296264668928643e-16
2017-11-17,0.008581129812071042,-0.0015456428328541882,1.0000000000000002,0.0,0.0,10,0,0,0,False,1.9925003856110226,-2.0296264668928643e-16
2017-11-20,0.0013392138590797575,0.0011676610952129352,1.0000000000000002,0.0,0.0,10,0,0,0,False,1.9951687697416547,-2.0296264668928643e-16
2017-11-21,0.001999327707935983,0.010568850679825825,1.0000000000000002,0.0,0.0,10,0,0,0,False,1.9991577659450077,-2.0296264668928643e-16
2017-11-22,-0.007486317334671866,0.0007110986115808071,1.0000000000000002,0.0,0.0,10,0,0,0,False,1.9841914365070696,-2.0296264668928643e-16
2017-11-24,0.0037146945183976765,0.0031744804870355026,1.0000000000000002,0.0,0.0,10,0,0,0,False,1.991562101559714,-2.0296264668928643e-16
2017-11-27,-0.008324974316822775,-0.0015444843335186142,1.0000000000000002,0.0,0.0,10,0,0,0,False,1.974982398213872,-2.0296264668928643e-16
2017-11-28,0.008601596834024727,0.004919648412739841,1.0000000000000002,0.0,0.0,10,0,0,0,False,1.991970400557603,-2.0296264668928643e-16
2017-11-29,-0.013462227716387054,-0.012733726436900517,1.0000000000000002,0.0,0.0,10,0,0,0,False,1.9651540414209938,-2.0296264668928643e-16
2017-11-30,0.008796916348181805,0.007272556973203503,1.0000000000000002,0.0,0.0,10,0,0,0,False,1.9824413371346659,-2.0296264668928643e-16
2017-12-01,-0.0062701427946670885,-0.0038377239400891883,1.0000000000000002,0.27124942096062615,0.002675450486346831,10,0,0,0,False,1.9700111468687806,-1.7780915628762273e-16
2017-12-04,-0.016674102904316812,-0.010546732808089598,1.0000000000000002,0.0,0.0,10,0,0,0,False,1.9371629782832394,-1.7780915628762273e-16
2017-12-05,0.0031939745531244235,-0.0019423440794769098,1.0000000000000002,0.0,0.0,10,0,0,0,False,1.9433502275411307,-1.7780915628762273e-16
2017-12-06,0.0045143736551014335,0.0020954540009847644,1.0000000000000002,0.0,0.0,10,0,0,0,False,1.9521232366109778,-1.7780915628762273e-16
2017-12-07,0.006922910595809295,0.00538043919290887,1.0000000000000002,0.0,0.0,10,0,0,0,False,1.9656376112500376,-1.7780915628762273e-16
2017-12-08,0.00155623866069865,0.003998376712160523,1.0000000000000002,0.0,0.0,10,0,0,0,False,1.968696612493588,-1.7780915628762273e-16
2017-12-11,0.004622687218480026,0.00511689914274549,1.0000000000000002,0.0,0.0,10,0,0,0,False,1.977797281161227,-1.7780915628762273e-16
2017-12-12,-0.005756979984455346,-0.0018560220120198423,1.0000000000000002,0.0,0.0,10,0,0,0,False,1.9664111418002717,-1.7780915628762273e-16
2017-12-13,0.00034142086454891363,0.0019643503061457235,1.0000000000000002,0.0,0.0,10,0,0,0,False,1.9670825155923637,-1.7780915628762273e-16
2017-12-14,-0.0031623845533939043,-0.002802583053683416,1.0000000000000002,0.0,0.0,10,0,0,0,False,1.9608618442298031,-1.7780915628762273e-16
2017-12-15,0.015139236470255835,0.011675045881081036,1.0000000000000002,0.0,0.0,10,0,0,0,False,1.9905477953751003,-1.7780915628762273e-16
2017-12-18,0.011205185290379616,0.008387375213904091,1.0,0.0,0.0,10,0,0,0,False,2.0128522522516348,-1.7780915628762273e-16
2017-12-19,-0.003664193990651432,-0.004418979476607632,1.0,0.0,0.0,10,0,0,0,False,2.005476771124865,-1.7780915628762273e-16
2017-12-20,0.003985448570270167,-0.000415014677010328,1.0,0.0,0.0,10,0,0,0,False,2.013469495655055,-1.7780915628762273e-16
2017-12-21,-0.00459959556326317,0.0006320823564567313,1.0,0.0,0.0,10,0,0,0,False,2.004208350296074,-1.7780915628762273e-16
2017-12-22,-9.239426268159434e-05,-0.0007752506801551595,1.0,0.0,0.0,10,0,0,0,False,2.0040231729432882,-1.7780915628762273e-16
2017-12-26,-0.0016978401615680427,-0.0034066287737285483,1.0,0.0,0.0,10,0,0,0,False,2.000620661915552,-1.7780915628762273e-16
2017-12-27,0.0015957001353450462,0.00044545683907015743,1.0,0.0,0.0,10,0,0,0,False,2.003813052576545,-1.7780915628762273e-16
2017-12-28,0.0016157969437307074,0.0015592837808577897,1.0,0.0,0.0,10,0,0,0,False,2.007050807582706,-1.7780915628762273e-16
2017-12-29,-0.008736220145948437,-0.006729355677298043,1.0000000000000002,0.0,0.0,10,0,0,0,False,1.9895167698835599,-1.7780915628762273e-16
2018-01-02,0.01506226209311956,0.014994053428908805,1.0000000000000002,0.42198100481777934,0.004269927297823501,10,0,0,0,False,2.0194833929102027,-2.2811613709095013e-16
2018-01-03,0.023973355011827735,0.008367452202364012,1.0000000000000002,0.0,0.0,10,0,0,0,False,2.0678971852289294,-2.2811613709095013e-16
2018-01-04,0.009727414307351356,0.0017522252896025048,1.0000000000000002,0.0,0.0,10,0,0,0,False,2.0880124778946567,-2.2811613709095013e-16
2018-01-05,0.009535533239089844,0.008286330052619029,1.0000000000000002,0.0,0.0,10,0,0,0,False,2.1079227902812554,-2.2811613709095013e-16
2018-01-08,0.007946906268854637,0.0029187731495456948,1.0000000000000002,0.0,0.0,10,0,0,0,False,2.124674255117603,-2.2811613709095013e-16
2018-01-09,-0.004998569734142699,0.0008648403836477581,1.0000000000000002,0.0,0.0,10,0,0,0,False,2.11405392269106,-2.2811613709095013e-16
2018-01-10,-0.006885230582428625,-0.001397387878722789,1.0000000000000002,0.0,0.0,10,0,0,0,False,2.0994981739696446,-2.2811613709095013e-16
2018-01-11,0.004174110610234649,0.0081371960611889,1.0000000000000002,0.0,0.0,10,0,0,0,False,2.1082617115737796,-2.2811613709095013e-16
2018-01-12,0.004337076781254723,0.006833306252639559,1.0000000000000002,0.0,0.0,10,0,0,0,False,2.1174054044918544,-2.2811613709095013e-16
2018-01-16,-0.009786490197824294,-0.005146658956864947,1.0000000000000002,0.0,0.0,10,0,0,0,False,2.0966834372559746,-2.2811613709095013e-16
2018-01-17,0.0185549393012594,0.010325733943811644,1.0000000000000002,0.0,0.0,10,0,0,0,False,2.135587271168215,-2.2811613709095013e-16
2018-01-18,-0.0002889858916100829,-0.00030555145337129996,1.0000000000000002,0.0,0.0,10,0,0,0,False,2.1349701165765453,-2.2811613709095013e-16
2018-01-19,0.004511018958001989,0.005527662379716691,1.0000000000000002,0.0,0.0,10,0,0,0,False,2.1446010072471897,-2.2811613709095013e-16
2018-01-22,0.010192147788470551,0.009766383553828861,1.0000000000000002,0.0,0.0,10,0,0,0,False,2.166459097660356,-2.2811613709095013e-16
2018-01-23,0.009722972566080568,0.007054534256868195,1.0000000000000002,0.0,0.0,10,0,0,0,False,2.1875235200324434,-2.2811613709095013e-16
2018-01-24,-0.019834292748804216,-0.006062753592688819,1.0000000000000002,0.0,0.0,10,0,0,0,False,2.1441355381412253,-2.2811613709095013e-16
2018-01-25,-0.0007518767374712354,-0.0005259431410407078,1.0000000000000002,0.0,0.0,10,0,0,0,False,2.1425234125081114,-2.2811613709095013e-16
2018-01-26,0.017800847671743947,0.012765855472939291,1.0000000000000002,0.0,0.0,10,0,0,0,False,2.180662145407313,-2.2811613709095013e-16
2018-01-29,-0.008727447552803747,-0.005230669205158245,1.0000000000000002,0.0,0.0,10,0,0,0,False,2.1616305309028863,-2.2811613709095013e-16
2018-01-30,-0.01673698334454876,-0.00857559980702094,1.0000000000000002,0.0,0.0,10,0,0,0,False,2.1254513567100966,-2.2811613709095013e-16
2018-01-31,0.0019469004715622074,0.0020979185354097485,1.0000000000000002,0.0,0.0,10,0,0,0,False,2.129589398958758,-2.2811613709095013e-16
2018-02-01,0.016740475789307707,-0.004334033098742918,0.9999999999999998,0.23445976565828305,0.0025412871566430173,10,0,0,0,False,2.1652397387331934,2.398255205537936e-16
2018-02-02,-0.02510873259879609,-0.017440095228451358,0.9999999999999998,0.0,0.0,10,0,0,0,False,2.1108733131210546,2.398255205537936e-16
2018-02-05,-0.044945280505767515,-0.033098808278813285,0.9999999999999998,0.0,0.0,10,0,0,0,False,2.01599951995069,2.398255205537936e-16
2018-02-06,0.03010611420556919,0.014113141735776935,0.9999999999999998,0.0,0.0,10,0,0,0,False,2.076693431736698,2.398255205537936e-16
2018-02-07,-0.013097417335543482,-0.008979901417391911,0.9999999999999998,0.0,0.0,10,0,0,0,False,2.0494941111832605,2.398255205537936e-16
2018-02-08,-0.03956261778038905,-0.03897058698408096,0.9999999999999999,0.0,0.0,10,0,0,0,False,1.968410759019359,2.398255205537936e-16
2018-02-09,0.02868497641750678,0.014361472523550578,0.9999999999999998,0.0,0.0,10,0,0,0,False,2.024874575221796,2.398255205537936e-16
2018-02-12,0.00719295966937139,0.015633130148327234,0.9999999999999998,0.0,0.0,10,0,0,0,False,2.039439416376902,2.398255205537936e-16
2018-02-13,0.0007150822455965766,0.004518759775192116,0.9999999999999998,0.0,0.0,10,0,0,0,False,2.040897783294523,2.398255205537936e-16
2018-02-14,0.023030000417487928,0.018551382076916756,0.9999999999999998,0.0,0.0,10,0,0,0,False,2.087899660095846,2.398255205537936e-16
2018-02-15,0.014204145211790253,0.01579172722244837,0.9999999999999998,0.0,0.0,10,0,0,0,False,2.1175564900554953,2.398255205537936e-16
2018-02-16,-0.005351238588416574,-0.002337237392568081,0.9999999999999998,0.0,0.0,10,0,0,0,False,2.1062249400527584,2.398255205537936e-16
2018-02-20,0.0025994219362817095,-0.0007127731529305015,0.9999999999999998,0.0,0.0,10,0,0,0,False,2.111699907364675,2.398255205537936e-16
2018-02-21,-0.0035326038871382748,-0.002222755145649624,0.9999999999999998,0.0,0.0,10,0,0,0,False,2.104240108063449,2.398255205537936e-16
2018-02-22,-0.003058432687422674,-0.0011277279887174085,0.9999999999999998,0.0,0.0,10,0,0,0,False,2.097804431334762,2.398255205537936e-16
2018-02-23,0.01253689819713033,0.017655854993650744,0.9999999999999998,0.0,0.0,10,0,0,0,False,2.124104391927895,2.398255205537936e-16
2018-02-26,0.010978809516437593,0.011457738903646542,0.9999999999999998,0.0,0.0,10,0,0,0,False,2.1474245294399,2.398255205537936e-16
2018-02-27,-0.012401797955422955,-0.012276546663325005,0.9999999999999998,0.0,0.0,10,0,0,0,False,2.120792604301267,2.398255205537936e-16
2018-02-28,-0.005730059764986195,-0.007822313971061146,0.9999999999999998,0.0,0.0,10,0,0,0,False,2.10864033592948,2.398255205537936e-16
2018-03-01,-0.02125118604207099,-0.012711339946221423,1.0,0.8013335937728262,0.008302343192989399,10,0,0,0,False,2.0638292278548276,2.1510571102112408e-16
2018-03-02,0.009198610745440039,0.010766569588352981,1.0,0.0,0.0,10,0,0,0,False,2.082813589566926,2.1510571102112408e-16
2018-03-05,0.014514327852892084,0.010034638123380013,1.0,0.0,0.0,10,0,0,0,False,2.1130442288623597,2.1510571102112408e-16
2018-03-06,0.014231543064066043,0.005635150650411314,1.0,0.0,0.0,10,0,0,0,False,2.1431161088016903,2.1510571102112408e-16
2018-03-07,-0.006028839433597666,0.0033423856815817388,1.0,0.0,0.0,10,0,0,0,False,2.1301956058941682,2.1510571102112408e-16
2018-03-08,0.009805230657762065,0.004231686023154824,1.0,0.0,0.0,10,0,0,0,False,2.1510826651561117,2.1510571102112408e-16
2018-03-09,0.01695711645636444,0.017886482329943387,1.0,0.0,0.0,10,0,0,0,False,2.187558824416431,2.1510571102112408e-16
2018-03-12,0.013033307068717415,0.0036384593232940965,1.0,0.0,0.0,10,0,0,0,False,2.2160699503059327,2.1510571102112408e-16
2018-03-13,-0.0007051319600029915,-0.01018802607660263,1.0,0.0,0.0,10,0,0,0,False,2.2145073285583696,2.1510571102112408e-16
2018-03-14,-0.004072489493732956,-0.0018905181031717566,1.0,0.0,0.0,10,0,0,0,False,2.205488770729021,2.1510571102112408e-16
2018-03-15,0.0003514837703879614,-0.0020101749676171288,1.0,0.0,0.0,10,0,0,0,False,2.206263964237705,2.1510571102112408e-16
2018-03-16,0.013593699504133028,3.3414686064547894e-05,1.0,0.0,0.0,10,0,0,0,False,2.23625525359435,2.1510571102112408e-16
2018-03-19,-0.016087290462360015,-0.018410876827932743,1.0,0.0,0.0,10,0,0,0,False,2.200279965781799,2.1510571102112408e-16
2018-03-20,0.007078496810135615,0.0027313376814663837,1.0,0.0,0.0,10,0,0,0,False,2.2158546405009907,2.1510571102112408e-16
2018-03-21,-0.0032268866243507777,-0.002581345208135022,1.0,0.0,0.0,10,0,0,0,False,2.2087043288000525,2.1510571102112408e-16
2018-03-22,-0.027853553976675327,-0.02431623530180571,1.0,0.0,0.0,10,0,0,0,False,2.147184063559304,2.1510571102112408e-16
2018-03-23,-0.03038330828318947,-0.02428046112619897,1.0,0.0,0.0,10,0,0,0,False,2.08194550821543,2.1510571102112408e-16
2018-03-26,0.03116136403663794,0.032586995133289554,1.0,0.0,0.0,10,0,0,0,False,2.1468217701013743,2.1510571102112408e-16
2018-03-27,-0.027914336634840775,-0.02932327776038912,1.0,0.0,0.0,10,0,0,0,False,2.08689466451576,2.1510571102112408e-16
2018-03-28,-0.0054791491930682445,-0.008500743942256306,1.0,0.0,0.0,10,0,0,0,False,2.07546025729866,2.1510571102112408e-16
2018-03-29,0.017366891947391272,0.01643489998172476,1.0,0.0,0.0,10,0,0,0,False,2.1115045513282706,2.1510571102112408e-16
2018-04-02,-0.02942235111936342,-0.027369072680861972,1.0000000000000002,0.23060174123722588,0.0023656796203267655,10,0,0,0,False,2.0493791230289564,-3.5475095083725705e-16
2018-04-03,0.015301214491036497,0.010357853860516908,1.0000000000000002,0.0,0.0,10,0,0,0,False,2.0807371125638747,-3.5475095083725705e-16
2018-04-04,0.014539717672218844,0.014526154096251798,1.0000000000000002,0.0,0.0,10,0,0,0,False,2.110990442730661,-3.5475095083725705e-16
2018-04-05,-0.005413029977810346,0.004890565539171554,1.0000000000000002,0.0,0.0,10,0,0,0,False,2.099563588181289,-3.5475095083725705e-16
2018-04-06,-0.02248713861566909,-0.022813363088322935,1.0000000000000002,0.0,0.0,10,0,0,0,False,2.0523504107414445,-3.5475095083725705e-16
2018-04-09,0.0039926641507364025,0.005094626189527274,1.0000000000000002,0.0,0.0,10,0,0,0,False,2.060544756651161,-3.5475095083725705e-16
2018-04-10,0.029153034914485954,0.020712656379764383,1.0000000000000002,0.0,0.0,10,0,0,0,False,2.1206158898846734,-3.5475095083725705e-16
2018-04-11,-0.011142083186912677,-0.0035620146755004356,1.0000000000000002,0.0,0.0,10,0,0,0,False,2.0969878112320894,-3.5475095083725705e-16
2018-04-12,0.013685696985019646,0.010074961064671095,1.0000000000000002,0.0,0.0,10,0,0,0,False,2.1256865509978913,-3.5475095083725705e-16
2018-04-13,-0.007979424999713491,-0.004705731592031026,1.0000000000000002,0.0,0.0,10,0,0,0,False,2.108724794591304,-3.5475095083725705e-16
2018-04-16,0.009660741889746971,0.006983585894670297,1.0000000000000002,0.0,0.0,10,0,0,0,False,2.1290966405483602,-3.5475095083725705e-16
2018-04-17,0.01703764101909422,0.017442065359154713,1.0000000000000002,0.0,0.0,10,0,0,0,False,2.1653714248049827,-3.5475095083725705e-16
2018-04-18,0.0007312405815087519,0.0019420279636039872,1.0000000000000002,0.0,0.0,10,0,0,0,False,2.1669548322648393,-3.5475095083725705e-16
2018-04-19,-0.01214596980329441,-0.007838001002352213,1.0000000000000002,0.0,0.0,10,0,0,0,False,2.1406350643070478,-3.5475095083725705e-16
2018-04-20,-0.008760483671476749,-0.012700944552809124,1.0000000000000002,0.0,0.0,10,0,0,0,False,2.1218820657795954,-3.5475095083725705e-16
2018-04-23,-0.0030401871441562145,-0.00245304804772728,1.0000000000000002,0.0,0.0,10,0,0,0,False,2.1154311472017966,-3.5475095083725705e-16
2018-04-24,-0.015578792473889269,-0.01700894962532684,1.0000000000000002,0.0,0.0,10,0,0,0,False,2.0824752843667382,-3.5475095083725705e-16
2018-04-25,0.008077872880297488,-0.0005151590756111712,1.0000000000000002,0.0,0.0,10,0,0,0,False,2.0992972549902142,-3.5475095083725705e-16
2018-04-26,0.03360222870009011,0.016411231244699787,1.0000000000000002,0.0,0.0,10,0,0,0,False,2.169838321461867,-3.5475095083725705e-16
2018-04-27,0.0016865796149116985,0.00015727634456741413,1.0000000000000002,0.0,0.0,10,0,0,0,False,2.1734979265424985,-3.5475095083725705e-16
2018-04-30,-0.009906391515198343,-0.007518441740454462,1.0000000000000002,0.0,0.0,10,0,0,0,False,2.1519664051246967,-3.5475095083725705e-16
2018-05-01,0.0020929019936033466,0.009117992943943554,1.0000000000000002,0.058857270033329544,0.000634806576940704,10,0,0,0,False,2.1564702599041494,-5.539188899228442e-16
2018-05-02,-0.006064334578097852,-0.0041791548044608495,1.0000000000000002,0.0,0.0,10,0,0,0,False,2.143392702740373,-5.539188899228442e-16
2018-05-03,0.0030937876574570478,-0.0017955470686187303,1.0000000000000002,0.0,0.0,10,0,0,0,False,2.1500239046291947,-5.539188899228442e-16
2018-05-04,0.020017701072780225,0.017137081144404043,1.0000000000000002,0.0,0.0,10,0,0,0,False,2.1930624404513934,-5.539188899228442e-16
2018-05-07,0.007311959657925193,0.007710517229611025,1.0000000000000002,0.0,0.0,10,0,0,0,False,2.2090980245432847,-5.539188899228442e-16
2018-05-08,0.0036805233467429588,0.00023260167290417577,1.0000000000000002,0.0,0.0,10,0,0,0,False,2.21722866139786,-5.539188899228442e-16
2018-05-09,0.015873582152271748,0.010046966520069978,1.0000000000000002,0.0,0.0,10,0,0,0,False,2.2524240227049304,-5.539188899228442e-16
2018-05-10,0.01014925628912744,0.008863868661499463,1.0000000000000002,0.0,0.0,10,0,0,0,False,2.27528445138315,-5.539188899228442e-16
2018-05-11,-0.0014797947714854098,-0.00028228337772373546,1.0000000000000002,0.0,0.0,10,0,0,0,False,2.271917497348351,-5.539188899228442e-16
2018-05-14,0.0023615600442692397,0.001140083334325137,1.0000000000000002,0.0,0.0,10,0,0,0,False,2.2772827669339653,-5.539188899228442e-16
2018-05-15,-0.004841869728951176,-0.008053882656635647,1.0000000000000002,0.0,0.0,10,0,0,0,False,2.2662564604404856,-5.539188899228442e-16
2018-05-16,0.013287332703346255,0.006348238504226167,1.0000000000000002,0.0,0.0,10,0,0,0,False,2.2963689640214664,-5.539188899228442e-16
2018-05-17,-0.0020336377314507104,-0.002139626728833055,1.0000000000000002,0.0,0.0,10,0,0,0,False,2.2916989814509,-5.539188899228442e-16
2018-05-18,-0.005577350923035573,-0.003810431906653644,1.0000000000000002,0.0,0.0,10,0,0,0,False,2.278917372021385,-5.539188899228442e-16
2018-05-21,0.007364621403624261,0.005398200393188279,1.0000000000000002,0.0,0.0,10,0,0,0,False,2.295700735676465,-5.539188899228442e-16
2018-05-22,0.0036229672107723765,-0.002107102477130196,1.0000000000000002,0.0,0.0,10,0,0,0,False,2.304017984167567,-5.539188899228442e-16
2018-05-23,0.008753780456012272,0.006437657722614176,1.0000000000000002,0.0,0.0,10,0,0,0,False,2.324186851767674,-5.539188899228442e-16
2018-05-24,0.003597279526550645,-0.00020600703478068638,1.0000000000000002,0.0,0.0,10,0,0,0,False,2.3325476015454156,-5.539188899228442e-16
2018-05-25,-0.00678588745283093,0.0012687707670819837,1.0000000000000002,0.0,0.0,10,0,0,0,False,2.316719196042958,-5.539188899228442e-16
2018-05-29,-0.0004948323819188305,-0.0050122479601787395,1.0000000000000002,0.0,0.0,10,0,0,0,False,2.315572808364943,-5.539188899228442e-16
2018-05-30,0.011291657222816998,0.008904157426710357,1.0000000000000002,0.0,0.0,10,0,0,0,False,2.3417194627914757,-5.539188899228442e-16
2018-05-31,-0.011080694231443866,-0.0027243196879223053,1.0000000000000002,0.0,0.0,10,0,0,0,False,2.3157715854484624,-5.539188899228442e-16
2018-06-01,0.01228441868732566,0.015077692712860191,1.0,0.2328543180370136,0.002732489516992316,10,0,0,0,False,2.3442194931883233,-8.456776945386935e-17
2018-06-04,0.007874545781506148,0.006900664825329805,1.0,0.0,0.0,10,0,0,0,False,2.362679156909334,-8.456776945386935e-17
2018-06-05,0.0013265410122591526,0.0041280569410737655,1.0,0.0,0.0,10,0,0,0,False,2.365813347709784,-8.456776945386935e-17
2018-06-06,0.0033344589063697416,0.006727054524789056,1.0,0.0,0.0,10,0,0,0,False,2.373702055097863,-8.456776945386935e-17
2018-06-07,-0.0009161873054213121,-0.00704496134741639,1.0,0.0,0.0,10,0,0,0,False,2.37152729940813,-8.456776945386935e-17
2018-06-08,-0.0003432840930451819,0.0013673745327120734,1.0,0.0,0.0,10,0,0,0,False,2.3707131918100206,-8.456776945386935e-17
2018-06-11,-0.0001800260172458712,0.0018861266779097718,1.0,0.0,0.0,10,0,0,0,False,2.3702864017560668,-8.456776945386935e-17
2018-06-12,0.003284932001786922,0.005725874630032601,1.0,0.0,0.0,10,0,0,0,False,2.3780726314105958,-8.456776945386935e-17
2018-06-13,-0.0056847293876368665,-0.0010501065060184445,1.0,0.0,0.0,10,0,0,0,False,2.364553932036881,-8.456776945386935e-17
2018-06-14,0.005229907167041636,0.008490429499839358,1.0,0.0,0.0,10,0,0,0,False,2.376920329592897,-8.456776945386935e-17
2018-06-15,0.0005341863838597138,-0.0019559363178129896,1.0,0.0,0.0,10,0,0,0,False,2.378190048068485,-8.456776945386935e-17
2018-06-18,-0.002618727688983191,0.00014977033085772362,1.0,0.0,0.0,10,0,0,0,False,2.371962215939944,-8.456776945386935e-17
2018-06-19,-0.0032172395508158758,-0.0027675028591639395,1.0,0.0,0.0,10,0,0,0,False,2.3643310452857813,-8.456776945386935e-17
2018-06-20,0.00048308383424378043,0.007239546969424193,1.0,0.0,0.0,10,0,0,0,False,2.3654732153925595,-8.456776945386935e-17
2018-06-21,-0.013106525741676478,-0.008810578121998813,1.0,0.0,0.0,10,0,0,0,False,2.3344700798037707,-8.456776945386935e-17
2018-06-22,-0.00900625561138202,-0.0026099481363175414,1.0,0.0,0.0,10,0,0,0,False,2.3134452455479346,-8.456776945386935e-17
2018-06-25,-0.02556845638632388,-0.02090390834320599,1.0,0.0,0.0,10,0,0,0,False,2.254294021684994,-8.456776945386935e-17
2018-06-26,0.004855643148182542,0.003932562594382238,1.0,0.0,0.0,10,0,0,0,False,2.2652400690053778,-8.456776945386935e-17
2018-06-27,-0.020173742976718922,-0.015413317173854302,1.0,0.0,0.0,10,0,0,0,False,2.2195416980726983,-8.456776945386935e-17
2018-06-28,0.00580824368099031,0.007870983147649335,1.0,0.0,0.0,10,0,0,0,False,2.2324333371152236,-8.456776945386935e-17
2018-06-29,-0.0033516564822715367,0.000882180453266157,1.0,0.0,0.0,10,0,0,0,False,2.2249509874496423,-8.456776945386935e-17
2018-07-02,0.006571515891463653,0.007641519184094392,1.0,0.4301737429220949,0.004827409092032671,10,0,0,0,False,2.239572288221395,1.5959455978986625e-16
2018-07-03,-0.012100197566928816,-0.008591789682079964,1.0,0.0,0.0,10,0,0,0,False,2.2124730210684973,1.5959455978986625e-16
2018-07-05,0.013519003811157893,0.011164065741450235,1.0,0.0,0.0,10,0,0,0,False,2.2423834522724064,1.5959455978986625e-16
2018-07-06,0.012803828802238737,0.013439773030535562,1.0,0.0,0.0,10,0,0,0,False,2.2710945461042753,1.5959455978986625e-16
2018-07-09,0.010028095527110592,0.00881980481193323,1.0,0.0,0.0,10,0,0,0,False,2.293869299163709,1.5959455978986625e-16
2018-07-10,0.00964530248510731,0.00038678733434438506,1.0,0.0,0.0,10,0,0,0,False,2.3159943624154438,1.5959455978986625e-16
2018-07-11,-0.012977396652205986,-0.005489006457134571,1.0,0.0,0.0,10,0,0,0,False,2.2859387849301056,1.5959455978986625e-16
2018-07-12,6.64211892995592e-05,0.013906365799312814,1.0,0.0,0.0,10,0,0,0,False,2.2860906197028665,1.5959455978986625e-16
2018-07-13,0.00291869429177094,0.0002633079103993019,1.0,0.0,0.0,10,0,0,0,False,2.2927630193450645,1.5959455978986625e-16
2018-07-16,-0.0029518660600049706,-0.002588787602319398,1.0,0.0,0.0,10,0,0,0,False,2.2859950900046253,1.5959455978986625e-16
2018-07-17,0.010266545714000763,0.0063286793190460156,1.0,0.0,0.0,10,0,0,0,False,2.309464363098139,1.5959455978986625e-16
2018-07-18,0.00161516276958662,-8.659320180215424e-05,1.0,0.0,0.0,10,0,0,0,False,2.313194523955102,1.5959455978986625e-16
2018-07-19,-0.0015984852638818436,-0.003710016292823193,1.0,0.0,0.0,10,0,0,0,False,2.3094969165960677,1.5959455978986625e-16
2018-07-20,-0.005414167218812604,-0.0006516811023649094,1.0,0.0,0.0,10,0,0,0,False,2.2969929140982845,1.5959455978986625e-16
2018-07-23,0.004937217284828765,0.0027710160156768637,1.0,0.0,0.0,10,0,0,0,False,2.3083336672168997,1.5959455978986625e-16
2018-07-24,-0.005354242498828432,-0.00014028541482724588,1.0,0.0,0.0,10,0,0,0,False,2.2959742889944104,1.5959455978986625e-16
2018-07-25,0.01340998003899796,0.01166597158187277,1.0,0.0,0.0,10,0,0,0,False,2.326763258379878,1.5959455978986625e-16
2018-07-26,-0.022561954630329506,-0.010092987350534433,1.0,0.0,0.0,10,0,0,0,False,2.2742669313087935,1.5959455978986625e-16
2018-07-27,-0.009051453688504574,-0.014615087412283234,1.0,0.0,0.0,10,0,0,0,False,2.2536815095047547,1.5959455978986625e-16
2018-07-30,-0.014593996374984042,-0.013883167953699926,1.0,0.0,0.0,10,0,0,0,False,2.2207912897246738,1.5959455978986625e-16
2018-07-31,0.004109514645443735,0.0054770642201835695,1.0,0.0,0.0,10,0,0,0,False,2.229917664054271,1.5959455978986625e-16
2018-08-01,-0.01076885449408227,0.004627342510678645,1.0000000000000002,0.2475632492845905,0.002733887866498476,10,0,0,0,False,2.205904005196287,-2.7885679876327174e-16
2018-08-02,0.012659775419086028,0.012377878605839499,1.0000000000000002,0.0,0.0,10,0,0,0,False,2.2338302544981343,-2.7885679876327174e-16
2018-08-03,0.0015236373432057082,0.0011944470585714129,1.0000000000000002,0.0,0.0,10,0,0,0,False,2.23723380169227,-2.7885679876327174e-16
2018-08-06,0.008258567021088403,0.006102194085829238,1.0000000000000002,0.0,0.0,10,0,0,0,False,2.25571014698539,-2.7885679876327174e-16
2018-08-07,0.008445473064606857,0.003051014721947576,1.0000000000000002,0.0,0.0,10,0,0,0,False,2.2747606862733156,-2.7885679876327174e-16
2018-08-08,0.004302576789497969,0.0005923517606707396,1.0000000000000002,0.0,0.0,10,0,0,0,False,2.2845480188037377,-2.7885679876327174e-16
2018-08-09,-0.006459562706227606,0.00043731689169557164,1.0000000000000002,0.0,0.0,10,0,0,0,False,2.269790837620887,-2.7885679876327174e-16
2018-08-10,-0.012194405355739346,-0.006674020478878551,1.0000000000000002,0.0,0.0,10,0,0,0,False,2.2421120880741947,-2.7885679876327174e-16
2018-08-13,-0.002228443171664929,-0.002474758007921296,1.0000000000000002,0.0,0.0,10,0,0,0,False,2.2371156687014184,-2.7885679876327174e-16
2018-08-14,0.006784488730698257,0.006545012538828221,1.0000000000000002,0.0,0.0,10,0,0,0,False,2.252293354744992,-2.7885679876327174e-16
2018-08-15,-0.012490629698938438,-0.01229467045918986,1.0000000000000002,0.0,0.0,10,0,0,0,False,2.2241607924774924,-2.7885679876327174e-16
2018-08-16,0.00020407746019412976,0.00416766136658997,1.0000000000000002,0.0,0.0,10,0,0,0,False,2.2246146935630846,-2.7885679876327174e-16
2018-08-17,-0.005052209071480962,0.0012566546937686773,1.0000000000000002,0.0,0.0,10,0,0,0,False,2.2133754750277155,-2.7885679876327174e-16
2018-08-20,0.0027759065231645064,0.0005987080816864943,1.0000000000000002,0.0,0.0,10,0,0,0,False,2.2195195984470573,-2.7885679876327174e-16
2018-08-21,0.013110334624418352,0.0048791781337493845,1.0000000000000002,0.0,0.0,10,0,0,0,False,2.2486182430881527,-2.7885679876327174e-16
2018-08-22,0.0021802505541776984,0.0038083156848409683,1.0000000000000002,0.0,0.0,10,0,0,0,False,2.2535207942587796,-2.7885679876327174e-16
2018-08-23,0.0011172917802979576,-0.0013487089611144976,1.0000000000000002,0.0,0.0,10,0,0,0,False,2.2560386345189354,-2.7885679876327174e-16
2018-08-24,0.008641752279553216,0.008570202806132077,1.0000000000000002,0.0,0.0,10,0,0,0,False,2.2755347615315498,-2.7885679876327174e-16
2018-08-27,0.005922968730802891,0.00905110508710072,1.0000000000000002,0.0,0.0,10,0,0,0,False,2.289012682769956,-2.7885679876327174e-16
2018-08-28,0.001786327526515974,0.0015141246649885698,1.0000000000000002,0.0,0.0,10,0,0,0,False,2.2931016091337324,-2.7885679876327174e-16
2018-08-29,0.004003894663298313,0.009918991686218348,1.0000000000000002,0.0,0.0,10,0,0,0,False,2.3022829464289436,-2.7885679876327174e-16
2018-08-30,-0.00236379104022999,-0.002630186882978114,1.0000000000000002,0.0,0.0,10,0,0,0,False,2.2968408306281005,-2.7885679876327174e-16
2018-08-31,0.0032696258697204605,0.0026185902039299602,1.0000000000000002,0.0,0.0,10,0,0,0,False,2.3043506408265526,-2.7885679876327174e-16
2018-09-04,5.61344139988762e-05,-0.0022553683686127313,1.0,0.2390434206540864,0.002757649893529275,10,0,0,0,False,2.3044799941994234,-1.6219664500383146e-16
2018-09-05,-0.01101809549743138,-0.011874568206395764,1.0,0.0,0.0,10,0,0,0,False,2.279089013551414,-1.6219664500383146e-16
2018-09-06,-0.0142551313941498,-0.009060457864691562,1.0,0.0,0.0,10,0,0,0,False,2.2466003002042756,-1.6219664500383146e-16
2018-09-07,-0.005430624535397888,-0.002548364010890092,1.0,0.0,0.0,10,0,0,0,False,2.234399857492754,-1.6219664500383146e-16
2018-09-10,0.008700500437120562,0.00273585454803138,1.0,0.0,0.0,10,0,0,0,False,2.253840254429572,-1.6219664500383146e-16
2018-09-11,-0.00018034503080188724,0.006096545095087835,1.0,0.0,0.0,10,0,0,0,False,2.2534337855394644,-1.6219664500383146e-16
2018-09-12,-0.012381922034685466,-0.0022878981723882807,1.0,0.0,0.0,10,0,0,0,False,2.2255319440965886,-1.6219664500383146e-16
2018-09-13,0.005252878659525173,0.007477782261765098,1.0,0.0,0.0,10,0,0,0,False,2.237222393351825,-1.6219664500383146e-16
2018-09-14,0.0011317720235237694,-0.00045796516220331096,1.0,0.0,0.0,10,0,0,0,False,2.2397544190670216,-1.6219664500383146e-16
2018-09-17,-0.007271941571316831,-0.014263349496382083,1.0,0.0,0.0,10,0,0,0,False,2.2234670557974674,-1.6219664500383146e-16
2018-09-18,0.007835085755792726,0.00763950155715909,1.0,0.0,0.0,10,0,0,0,False,2.2408881108548204,-1.6219664500383146e-16
2018-09-19,0.0043298378593348286,-0.0007629230963740463,1.0,0.0,0.0,10,0,0,0,False,2.250590793035733,-1.6219664500383146e-16
2018-09-20,0.00480586994083354,0.009835170640650759,1.0,0.0,0.0,10,0,0,0,False,2.2614068396771003,-1.6219664500383146e-16
2018-09-21,-0.002365274216843516,-0.005359811564940142,1.0,0.0,0.0,10,0,0,0,False,2.2560579923854185,-1.6219664500383146e-16
2018-09-24,-0.0021909287183382586,0.0010080899411888389,1.0,0.0,0.0,10,0,0,0,False,2.251115130139665,-1.6219664500383146e-16
2018-09-25,-0.0017460218100586733,0.0017790260532324353,1.0,0.0,0.0,10,0,0,0,False,2.247184634025488,-1.6219664500383146e-16
2018-09-26,0.0008922923488452472,-0.0021355184063001076,1.0,0.0,0.0,10,0,0,0,False,2.2491897796808713,-1.6219664500383146e-16
2018-09-27,0.00547104881548921,0.0064577859791501435,1.0,0.0,0.0,10,0,0,0,False,2.261495206760805,-1.6219664500383146e-16
2018-09-28,0.0037022094621350643,0.0005446302200919906,1.0,0.0,0.0,10,0,0,0,False,2.269867735713848,-1.6219664500383146e-16
2018-10-01,-0.0011504885087540995,-0.0011247708448579585,1.0,0.23704049828782142,0.002690346395814415,10,0,0,0,False,2.2672562789675177,1.4311468676808659e-16
2018-10-02,-0.005004229680748762,-0.004696851049403428,1.0,0.0,0.0,10,0,0,0,False,2.2559104078024443,1.4311468676808659e-16
2018-10-03,0.002777127215775277,0.003191467099810996,1.0,0.0,0.0,10,0,0,0,False,2.2621753579923034,1.4311468676808659e-16
2018-10-04,-0.017072008430596752,-0.0181394201909586,1.0,0.0,0.0,10,0,0,0,False,2.2235554812091705,1.4311468676808659e-16
2018-10-05,-0.013833457452161912,-0.011556505710545562,1.0,0.0,0.0,10,0,0,0,False,2.192796021067342,1.4311468676808659e-16
2018-10-08,-0.0030023831529001344,-0.0067407505539420765,1.0,0.0,0.0,10,0,0,0,False,2.186212407235943,1.4311468676808659e-16
2018-10-09,0.004984966589556716,0.0002675560139981936,1.0,0.0,0.0,10,0,0,0,False,2.1971106030436887,1.4311468676808659e-16
2018-10-10,-0.04408623197466732,-0.0408334690269605,1.0,0.0,0.0,10,0,0,0,False,2.1002482753239033,1.4311468676808659e-16
2018-10-11,-0.00855396473633907,-0.012528843446994897,1.0,0.0,0.0,10,0,0,0,False,2.0822828256392256,1.4311468676808659e-16
2018-10-12,0.02393280070420034,0.022899252797776937,1.0,0.0,0.0,10,0,0,0,False,2.1321176855150283,1.4311468676808659e-16
2018-10-15,-0.003036898108865871,-0.008823645420652393,1.0,0.0,0.0,10,0,0,0,False,2.1256426613480084,1.4311468676808659e-16
2018-10-16,0.02320139260798948,0.028900216427967695,1.0,0.0,0.0,10,0,0,0,False,2.174960531278235,1.4311468676808659e-16
2018-10-17,-0.0026900419540183407,-0.00036492100925067383,1.0,0.0,0.0,10,0,0,0,False,2.169109796200763,1.4311468676808659e-16
2018-10-18,-0.020496131216197977,-0.020615763522949693,1.0,0.0,0.0,10,0,0,0,False,2.1246514371954914,1.4311468676808659e-16
2018-10-19,-0.011597519880227836,-0.004824265079554024,1.0,0.0,0.0,10,0,0,0,False,2.100010749914062,1.4311468676808659e-16
2018-10-22,0.005478271292310266,0.0026312285661684864,1.0,0.0,0.0,10,0,0,0,False,2.111515178518859,1.4311468676808659e-16
2018-10-23,-0.011106841388745292,-0.004162731373260287,1.0,0.0,0.0,10,0,0,0,False,2.088062914341122,1.4311468676808659e-16
2018-10-24,-0.04532964682246776,-0.04425389308830607,0.9999999999999999,0.0,0.0,10,0,0,0,False,1.993411759890946,1.4311468676808659e-16
2018-10-25,0.021014771389481934,0.029534058712706868,1.0,0.0,0.0,10,0,0,0,False,2.035302852310159,1.4311468676808659e-16
2018-10-26,-0.01929782872311625,-0.02065083121721123,0.9999999999999999,0.0,0.0,10,0,0,0,False,1.9960259264666076,1.4311468676808659e-16
2018-10-29,-0.007325547331127336,-0.016313181837842028,0.9999999999999999,0.0,0.0,10,0,0,0,False,1.9814039440681193,1.4311468676808659e-16
2018-10-30,0.02417649581654735,0.015795080769727354,1.0,0.0,0.0,10,0,0,0,False,2.0293073482327726,1.4311468676808659e-16
2018-10-31,0.017655794715524253,0.020142006662459133,1.0,0.0,0.0,10,0,0,0,False,2.0651363821878754,1.4311468676808659e-16
2018-11-01,0.015879629462543843,0.017542014228801417,1.0000000000000002,0.2546104106899632,0.0026741784408595105,10,0,0,0,False,2.097929982726637,-2.454633718507182e-16
2018-11-02,0.003907188325215971,-0.01036713437385306,1.0000000000000002,0.0,0.0,10,0,0,0,False,2.106126990262267,-2.454633718507182e-16
2018-11-05,-0.0007443446284882693,-0.0038249473269653667,1.0000000000000002,0.0,0.0,10,0,0,0,False,2.104559305950151,-2.454633718507182e-16
2018-11-06,0.011130251629200227,0.006428007034828154,1.0000000000000002,0.0,0.0,10,0,0,0,False,2.127983580593951,-2.454633718507182e-16
2018-11-07,0.021066658908874825,0.0264087657742178,1.0000000000000002,0.0,0.0,10,0,0,0,False,2.17281308485001,-2.454633718507182e-16
2018-11-08,-0.0019073074020948821,-0.005266334246937232,1.0000000000000002,0.0,0.0,10,0,0,0,False,2.168668862369907,-2.454633718507182e-16
2018-11-09,-0.011397017867777026,-0.01646288370632487,1.0000000000000002,0.0,0.0,10,0,0,0,False,2.1439525045961854,-2.454633718507182e-16
2018-11-12,-0.03321131103561614,-0.027815928766635634,1.0000000000000002,0.0,0.0,10,0,0,0,False,2.0727490311204533,-2.454633718507182e-16
2018-11-13,0.006529499821071871,1.3609466444908236e-06,1.0000000000000002,0.0,0.0,10,0,0,0,False,2.086283045548281,-2.454633718507182e-16
2018-11-14,-0.001486469496011944,-0.008955822190563123,1.0000000000000002,0.0,0.0,10,0,0,0,False,2.0831818494410266,-2.454633718507182e-16
2018-11-15,0.020470802334086935,0.017185117164489228,1.0000000000000002,0.0,0.0,10,0,0,0,False,2.1258262533068915,-2.454633718507182e-16
2018-11-16,-0.02160624262693578,-0.0015373542067563806,1.0000000000000002,0.0,0.0,10,0,0,0,False,2.079895135495233,-2.454633718507182e-16
2018-11-19,-0.039552847268280344,-0.030269596029321888,1.0000000000000002,0.0,0.0,10,0,0,0,False,1.9976293608669506,-2.454633718507182e-16
2018-11-20,-0.017275610980704514,-0.01702504666727367,1.0000000000000002,0.0,0.0,10,0,0,0,False,1.9631190931449798,-2.454633718507182e-16
2018-11-21,0.00581958004697003,0.009181047101561424,1.0000000000000002,0.0,0.0,10,0,0,0,False,1.9745436218492722,-2.454633718507182e-16
2018-11-23,-0.008750518804643836,-0.004771773817634273,1.0000000000000002,0.0,0.0,10,0,0,0,False,1.9572653407556906,-2.454633718507182e-16
2018-11-26,0.019535431023030903,0.02058949586250436,1.0000000000000002,0.0,0.0,10,0,0,0,False,1.9955013628137925,-2.454633718507182e-16
2018-11-27,0.00012295886379698473,0.00012003925358450296,1.0000000000000002,0.0,0.0,10,0,0,0,False,1.9957467273940697,-2.454633718507182e-16
2018-11-28,0.02818942722170692,0.029492932653001347,1.0000000000000002,0.0,0.0,10,0,0,0,False,2.0520056845189045,-2.454633718507182e-16
2018-11-29,-0.0029618270005656866,-0.002538499902997815,1.0000000000000002,0.0,0.0,10,0,0,0,False,2.045927998677182,-2.454633718507182e-16
2018-11-30,0.014696963685331799,0.007900352974250957,1.0000000000000002,0.0,0.0,10,0,0,0,False,2.075996928176544,-2.454633718507182e-16
2018-12-03,0.008140727232484712,0.015138011660805306,1.0000000000000004,0.28554092822085414,0.002992310972047347,10,0,0,0,False,2.0928970529043056,-6.83481049534862e-16
2018-12-04,-0.04658663450333711,-0.03804061374749512,1.0000000000000004,0.0,0.0,10,0,0,0,False,1.9953960228475414,-6.83481049534862e-16
2018-12-06,0.005446349780751758,0.004167058861592299,1.0000000000000004,0.0,0.0,10,0,0,0,False,2.00626364753909,-6.83481049534862e-16
2018-12-07,-0.045609213502963986,-0.030467707914508035,1.0000000000000004,0.0,0.0,10,0,0,0,False,1.9147595404952444,-6.83481049534862e-16
2018-12-10,0.01223444257221007,0.007356602216881392,1.0000000000000004,0.0,0.0,10,0,0,0,False,1.938185556133025,-6.83481049534862e-16
2018-12-11,0.0023565832385454843,0.0016110060223459843,1.0000000000000004,0.0,0.0,10,0,0,0,False,1.9427530517277989,-6.83481049534862e-16
2018-12-12,0.0159847902675454,0.009454153336270199,1.0000000000000004,0.0,0.0,10,0,0,0,False,1.9738075518013016,-6.83481049534862e-16
2018-12-13,-0.0026845685185256096,-0.003941783270358878,1.0000000000000004,0.0,0.0,10,0,0,0,False,1.9685087301861077,-6.83481049534862e-16
2018-12-14,-0.017915268058063205,-0.022581717931387746,1.0000000000000004,0.0,0.0,10,0,0,0,False,1.933242368610186,-6.83481049534862e-16
2018-12-17,-0.01581108728727776,-0.022709795471492655,1.0000000000000004,0.0,0.0,10,0,0,0,False,1.9026757047726268,-6.83481049534862e-16
2018-12-18,0.006702746703002971,0.00446867138603424,1.0000000000000004,0.0,0.0,10,0,0,0,False,1.9154288580796752,-6.83481049534862e-16
2018-12-19,-0.0343249189618825,-0.021680726257255034,1.0000000000000004,0.0,0.0,10,0,0,0,False,1.8496819177488393,-6.83481049534862e-16
2018-12-20,-0.012481562172476757,-0.01633609695688909,1.0000000000000004,0.0,0.0,10,0,0,0,False,1.826594997893151,-6.83481049534862e-16
2018-12-21,-0.017303896743559033,-0.029933780815427302,1.0000000000000004,0.0,0.0,10,0,0,0,False,1.7949877866573065,-6.83481049534862e-16
2018-12-24,-0.022065556188610724,-0.02211756146409327,1.0000000000000004,0.0,0.0,10,0,0,0,False,1.7553803827929497,-6.83481049534862e-16
2018-12-26,0.06019938804274738,0.05836183994564492,1.0000000000000004,0.0,0.0,10,0,0,0,False,1.8610532076193291,-6.83481049534862e-16
2018-12-27,0.009432633501372356,0.0038356358168905036,1.0000000000000004,0.0,0.0,10,0,0,0,False,1.8786078404533557,-6.83481049534862e-16
2018-12-28,-0.0013334843343030256,0.0007644665235613246,1.0000000000000004,0.0,0.0,10,0,0,0,False,1.8761027463278124,-6.83481049534862e-16
2018-12-31,0.005916811773281072,0.0077089598026887085,1.0000000000000004,0.0,0.0,10,0,0,0,False,1.8872032931451697,-6.83481049534862e-16
2019-01-02,0.005908228073318922,0.004620769722476492,1.0000000000000004,0.07512740288200186,0.0007133597379758698,10,0,0,0,False,1.89835332062179,-7.198018223131264e-16
2019-01-03,-0.04097903021894844,-0.030369295708771782,1.0000000000000004,0.0,0.0,10,0,0,0,False,1.8205606425297884,-7.198018223131264e-16
2019-01-04,0.041322784359351994,0.042602289781078495,1.0000000000000004,0.0,0.0,10,0,0,0,False,1.89579127737417,-7.198018223131264e-16
2019-01-07,0.0257929289371841,0.012555580803809141,1.0000000000000004,0.0,0.0,10,0,0,0,False,1.9446892870712154,-7.198018223131264e-16
2019-01-08,0.009551207325800393,0.010776012475294472,1.0000000000000004,0.0,0.0,10,0,0,0,False,1.9632634176362955,-7.198018223131264e-16
2019-01-09,0.014932461032171274,0.008711048281861755,1.0000000000000004,0.0,0.0,10,0,0,0,False,1.9925797721160368,-7.198018223131264e-16
2019-01-10,0.007106629786121532,0.0041669349185731175,1.0000000000000004,0.0,0.0,10,0,0,0,False,2.00674029887578,-7.198018223131264e-16
2019-01-11,0.005630746224972949,-0.002088413144684109,1.0000000000000004,0.0,0.0,10,0,0,0,False,2.018039744238176,-7.198018223131264e-16
2019-01-14,-0.00884083346214759,-0.009404043330827894,1.0000000000000004,0.0,0.0,10,0,0,0,False,2.0001985909393714,-7.198018223131264e-16
2019-01-15,0.010024313732118317,0.017073786216373676,1.0000000000000004,0.0,0.0,10,0,0,0,False,2.0202492091414888,-7.198018223131264e-16
2019-01-16,-0.002650777538252602,0.0015461364875555272,1.0000000000000004,0.0,0.0,10,0,0,0,False,2.014893977916224,-7.198018223131264e-16
2019-01-17,0.012658233748114922,0.007074952941422463,1.0000000000000004,0.0,0.0,10,0,0,0,False,2.0403989768663564,-7.198018223131264e-16
2019-01-18,0.025811682932986857,0.010271777947789884,1.0000000000000004,0.0,0.0,10,0,0,0,False,2.0930651083140215,-7.198018223131264e-16
2019-01-22,-0.021640360850145535,-0.019123334027270178,1.0000000000000004,0.0,0.0,10,0,0,0,False,2.047770424087257,-7.198018223131264e-16
2019-01-23,-0.0038784869382468834,0.0007706300071597116,1.0000000000000004,0.0,0.0,10,0,0,0,False,2.0398281732449064,-7.198018223131264e-16
2019-01-24,0.021916706323185542,0.006787868091326477,1.0000000000000004,0.0,0.0,10,0,0,0,False,2.084534488267675,-7.198018223131264e-16
2019-01-25,0.01947277821226434,0.012921526381714177,1.0000000000000004,0.0,0.0,10,0,0,0,False,2.125126166033527,-7.198018223131264e-16
2019-01-28,-0.022721823892838278,-0.011051116296077246,1.0000000000000004,0.0,0.0,10,0,0,0,False,2.0768394235388508,-7.198018223131264e-16
2019-01-29,-0.01275079010834157,-0.008099462349429709,1.0000000000000004,0.0,0.0,10,0,0,0,False,2.050358079960578,-7.198018223131264e-16
2019-01-30,0.01499640466289609,0.022023863557138368,1.0000000000000004,0.0,0.0,10,0,0,0,False,2.0811060794315055,-7.198018223131264e-16
2019-01-31,0.01930694619888862,0.013735068887788193,1.0000000000000004,0.0,0.0,10,0,0,0,False,2.1212858825412697,-7.198018223131264e-16
2019-02-01,0.0018396177145096893,-0.0024540974422569972,0.9999999999999993,0.4527706131707399,0.004822030275293481,10,0,0,0,False,2.1251882376283318,1.1162945567910754e-15
2019-02-04,0.01102082213941924,0.011518639354522575,0.9999999999999993,0.0,0.0,10,0,0,0,False,2.1486095592080194,1.1162945567910754e-15
2019-02-05,0.0023693716154804534,0.007422906169956223,0.9999999999999993,0.0,0.0,10,0,0,0,False,2.153700413710357,1.1162945567910754e-15
2019-02-06,0.015575522115813367,-0.0036206444185871156,0.9999999999999994,0.0,0.0,10,0,0,0,False,2.187245422134939,1.1162945567910754e-15
2019-02-07,-0.020449339667486188,-0.011786630793315878,0.9999999999999993,0.0,0.0,10,0,0,0,False,2.1425176975615474,1.1162945567910754e-15
2019-02-08,0.0015119407100627758,0.0013514855714740204,0.9999999999999993,0.0,0.0,10,0,0,0,False,2.145757057290521,1.1162945567910754e-15
2019-02-11,0.003849973849906041,0.0013290537028567417,0.9999999999999993,0.0,0.0,10,0,0,0,False,2.1540181658493407,1.1162945567910754e-15
2019-02-12,0.022623758057035204,0.014603401997884458,0.9999999999999994,0.0,0.0,10,0,0,0,False,2.202750151683975,1.1162945567910754e-15
2019-02-13,0.008251166764167817,0.0007768166031865142,0.9999999999999994,0.0,0.0,10,0,0,0,False,2.220925410525316,1.1162945567910754e-15
2019-02-14,0.00023901406373560974,0.0008854398411597408,0.9999999999999994,0.0,0.0,10,0,0,0,False,2.221456242932939,1.1162945567910754e-15
2019-02-15,0.005885912807377158,0.006120951235138117,0.9999999999999994,0.0,0.0,10,0,0,0,False,2.234531540684246,1.1162945567910754e-15
2019-02-19,-0.00198321708497895,0.0019217092766132815,0.9999999999999994,0.0,0.0,10,0,0,0,False,2.2300999795558365,1.1162945567910754e-15
2019-02-20,0.00939328063403666,0.00030718186881650844,0.9999999999999994,0.0,0.0,10,0,0,0,False,2.2510479345057637,1.1162945567910754e-15
2019-02-21,-0.008645027555112761,-0.003920353366181795,0.9999999999999994,0.0,0.0,10,0,0,0,False,2.231587563084082,1.1162945567910754e-15
2019-02-22,0.014589085957879,0.009092846772863705,0.9999999999999994,0.0,0.0,10,0,0,0,False,2.264144385864449,1.1162945567910754e-15
2019-02-25,0.0014666917289067882,0.0035762015213469667,0.9999999999999994,0.0,0.0,10,0,0,0,False,2.2674651877082472,1.1162945567910754e-15
2019-02-26,-0.0016205941778790756,-0.0006830666917291284,0.9999999999999994,0.0,0.0,10,0,0,0,False,2.263790546826504,1.1162945567910754e-15
2019-02-27,-0.005785153779526486,0.000690130229031416,0.9999999999999994,0.0,0.0,10,0,0,0,False,2.250694170388474,1.1162945567910754e-15
2019-02-28,-0.002201564554712987,-0.0029095203503475275,0.9999999999999994,0.0,0.0,10,0,0,0,False,2.245739121879448,1.1162945567910754e-15
2019-03-01,0.0022160815947247503,0.0083398674373647,1.0,0.4169160341898696,0.00470159851752152,10,0,0,0,False,2.250715863013998,9.020562075079397e-17
2019-03-04,-0.0026585478361155213,-0.002340945416064444,1.0,0.0,0.0,10,0,0,0,False,2.244732227226671,9.020562075079397e-17
2019-03-05,-0.006506996595013637,-0.00015966860509819547,1.0,0.0,0.0,10,0,0,0,False,2.23012576226739,9.020562075079397e-17
2019-03-06,-0.016589293360334212,-0.009297340798184672,1.0,0.0,0.0,10,0,0,0,False,2.193129551766697,9.020562075079397e-17
2019-03-07,-0.012434264340985934,-0.011252438225459849,1.0,0.0,0.0,10,0,0,0,False,2.165859599186002,9.020562075079397e-17
2019-03-08,-0.0011000536297168795,-0.0017947816197891875,1.0,0.0,0.0,10,0,0,0,False,2.16347703747246,9.020562075079397e-17
2019-03-11,0.023613434280398637,0.020237198267889056,1.0,0.0,0.0,10,0,0,0,False,2.2145641603139676,9.020562075079397e-17
2019-03-12,0.005255078644278877,0.0043621907690307715,1.0,0.0,0.0,10,0,0,0,False,2.226201869139219,9.020562075079397e-17
2019-03-13,0.00746953045240395,0.006900302248846302,1.0,0.0,0.0,10,0,0,0,False,2.242830551793953,9.020562075079397e-17
2019-03-14,-0.004624916199721496,-0.0016353956771808509,1.0,0.0,0.0,10,0,0,0,False,2.2324576484417307,9.020562075079397e-17
2019-03-15,0.026388239638955868,0.007550816152966933,1.0,0.0,0.0,10,0,0,0,False,2.291368275852631,9.020562075079397e-17
2019-03-18,6.836302630364166e-05,0.0033751836404405378,1.0,0.0,0.0,10,0,0,0,False,2.2915249207223445,9.020562075079397e-17
2019-03-19,0.006327733339396513,0.0012275876014975484,1.0,0.0,0.0,10,0,0,0,False,2.306025079361257,9.020562075079397e-17
2019-03-20,-0.00886261288255108,0.0006499265104014107,1.0,0.0,0.0,10,0,0,0,False,2.285587671785424,9.020562075079397e-17
2019-03-21,0.032671840105547245,0.01423084798541474,1.0,0.0,0.0,10,0,0,0,False,2.3602620267452075,9.020562075079397e-17
2019-03-22,-0.028745673888289414,-0.02504032422668312,1.0,0.0,0.0,10,0,0,0,False,2.292414704233477,9.020562075079397e-17
2019-03-25,-0.00834596355042394,-0.0006712183133802396,1.0,0.0,0.0,10,0,0,0,False,2.2732822946694884,9.020562075079397e-17
2019-03-26,0.012479831912154182,0.007067720758254792,1.0,0.0,0.0,10,0,0,0,False,2.30165247559584,9.020562075079397e-17
2019-03-27,-0.011095371450188574,-0.0062588539066401605,1.0,0.0,0.0,10,0,0,0,False,2.276114786429858,9.020562075079397e-17
2019-03-28,0.00026165245997211706,0.003374161737008441,1.0,0.0,0.0,10,0,0,0,False,2.276710337462906,9.020562075079397e-17
2019-03-29,0.01579052647955348,0.007843078297170125,1.0,0.0,0.0,10,0,0,0,False,2.3126607923328875,9.020562075079397e-17
2019-04-01,0.01681401818758954,0.012884756042828016,1.0,0.43945487056944765,0.005178369823285198,10,0,0,0,False,2.351545912956898,3.5561831257524545e-17
2019-04-02,0.003241247749939502,0.002526494683768421,1.0,0.0,0.0,10,0,0,0,False,2.359167855856149,3.5561831257524545e-17
2019-04-03,0.01830581893981864,0.005970410424802175,1.0,0.0,0.0,10,0,0,0,False,2.402354355474092,3.5561831257524545e-17
2019-04-04,-0.0009370076762180712,-0.0004774841645606154,1.0,0.0,0.0,10,0,0,0,False,2.4001033310020166,3.5561831257524545e-17
2019-04-05,0.008701221873827603,0.005944172441304074,1.0,0.0,0.0,10,0,0,0,False,2.4209871626051775,3.5561831257524545e-17
2019-04-08,0.0015312322763969544,0.0019134139500776026,1.0,0.0,0.0,10,0,0,0,False,2.424694256289301,3.5561831257524545e-17
2019-04-09,-0.01284515119322871,-0.005607338878727552,1.0,0.0,0.0,10,0,0,0,False,2.3935486919699116,3.5561831257524545e-17
2019-04-10,0.007693736711542387,0.006948850134243623,1.0,0.0,0.0,10,0,0,0,False,2.4119640254121846,3.5561831257524545e-17
2019-04-11,-0.002939468884482599,-0.0021195116641509193,1.0,0.0,0.0,10,0,0,0,False,2.404874132208994,3.5561831257524545e-17
2019-04-12,0.004770673570309691,0.0046305062892646465,1.0,0.0,0.0,10,0,0,0,False,2.416347001671445,3.5561831257524545e-17
2019-04-15,-0.0047709951839775,-0.0010208212004564343,1.0,0.0,0.0,10,0,0,0,False,2.404818621763652,3.5561831257524545e-17
2019-04-16,0.00848520423716348,0.00303663117364783,1.0,0.0,0.0,10,0,0,0,False,2.4252239989226503,3.5561831257524545e-17
2019-04-17,-0.007730174815402058,-0.000518722586725584,1.0,0.0,0.0,10,0,0,0,False,2.4064765934444696,3.5561831257524545e-17
2019-04-18,0.0006673591155854641,0.0002476213313571396,1.0,0.0,0.0,10,0,0,0,False,2.4080825775355477,3.5561831257524545e-17
2019-04-22,-0.0029401112141658192,0.0021517592747273273,1.0,0.0,0.0,10,0,0,0,False,2.401002546944698,3.5561831257524545e-17
2019-04-23,0.009406456639443395,0.013168589454877866,1.0,0.0,0.0,10,0,0,0,False,2.4235874732937264,3.5561831257524545e-17
2019-04-24,0.005293733167355041,-0.0023162686112060404,1.0,0.0,0.0,10,0,0,0,False,2.436417298685088,3.5561831257524545e-17
2019-04-25,-0.0007900308315219595,0.0020575635442949824,1.0,0.0,0.0,10,0,0,0,False,2.434492453900673,3.5561831257524545e-17
2019-04-26,-0.011143122307218922,0.0034143111093352108,1.0,0.0,0.0,10,0,0,0,False,2.4073646067308565,3.5561831257524545e-17
2019-04-29,-0.002346557493699497,0.0018965678323745738,1.0,0.0,0.0,10,0,0,0,False,2.4017155872728653,3.5561831257524545e-17
2019-04-30,0.0032556303856670077,-0.006625960944810716,1.0,0.0,0.0,10,0,0,0,False,2.4095346855165207,3.5561831257524545e-17
2019-05-01,-0.009924566537916513,-0.007169653307876334,1.0,0.4464353057074669,0.005337040638240509,10,0,0,0,False,2.385621098204694,1.8821749714348357e-16
2019-05-02,0.006793800636068381,-0.0015988416674677097,1.0,0.0,0.0,10,0,0,0,False,2.4018285323390955,1.8821749714348357e-16
2019-05-03,0.01765452987023841,0.015830986826797178,1.0,0.0,0.0,10,0,0,0,False,2.444231685906467,1.8821749714348357e-16
2019-05-06,-0.011518996523370184,-0.0049865262126408405,1.0,0.0,0.0,10,0,0,0,False,2.416076589614199,1.8821749714348357e-16
2019-05-07,-0.02788486526654621,-0.019638619327883133,1.0,0.0,0.0,10,0,0,0,False,2.3487046194391508,1.8821749714348357e-16
2019-05-08,-0.0039014733168364346,-0.0025666268839499295,1.0,0.0,0.0,10,0,0,0,False,2.3395412110372784,1.8821749714348357e-16
2019-05-09,-0.0063851140128732276,-0.004120443444817656,1.0,0.0,0.0,10,0,0,0,False,2.3246029736669898,1.8821749714348357e-16
2019-05-10,0.0015555613146638336,0.0008027340767942093,1.0,0.0,0.0,10,0,0,0,False,2.3282190361247785,1.8821749714348357e-16
2019-05-13,-0.03761260809818834,-0.03409396855469371,1.0,0.0,0.0,10,0,0,0,False,2.2406486459522754,1.8821749714348357e-16
2019-05-14,0.016394847458434114,0.011438468841457272,1.0,0.0,0.0,10,0,0,0,False,2.27738373871061,1.8821749714348357e-16
2019-05-15,0.007383062776432414,0.011333610584961296,1.0,0.0,0.0,10,0,0,0,False,2.294197805819537,1.8821749714348357e-16
2019-05-16,0.004980228338473003,0.009703201929178062,1.0,0.0,0.0,10,0,0,0,False,2.305623434746142,1.8821749714348357e-16
2019-05-17,-0.008176325385380934,-0.010353188707419858,1.0,0.0,0.0,10,0,0,0,False,2.286771907327498,1.8821749714348357e-16
2019-05-20,-0.018826953115258838,-0.014572136990285367,1.0,0.0,0.0,10,0,0,0,False,2.243718959842952,1.8821749714348357e-16
2019-05-21,0.015533107301749505,0.010820071339249226,1.0,0.0,0.0,10,0,0,0,False,2.2785708872011625,1.8821749714348357e-16
2019-05-22,-0.006839258086728139,-0.004480047972954426,1.0,0.0,0.0,10,0,0,0,False,2.2629871528346888,1.8821749714348357e-16
2019-05-23,-0.015549506037563221,-0.01581248008764158,1.0,0.0,0.0,10,0,0,0,False,2.2277988204387578,1.8821749714348357e-16
2019-05-24,0.0030903388367349294,0.0011444257721118234,1.0,0.0,0.0,10,0,0,0,False,2.234683473653992,1.8821749714348357e-16
2019-05-28,-0.011039840960906044,-0.0038836797093019237,1.0,0.0,0.0,10,0,0,0,False,2.210012923506887,1.8821749714348357e-16
2019-05-29,-0.014558138632575712,-0.007892367146347001,1.0,0.0,0.0,10,0,0,0,False,2.1778392489866896,1.8821749714348357e-16
2019-05-30,0.009593134411021387,0.002704287982018938,1.0,0.0,0.0,10,0,0,0,False,2.198731553627817,1.8821749714348357e-16
2019-05-31,-0.012621982089028205,-0.015139341436011255,1.0,0.0,0.0,10,0,0,0,False,2.1709792033393454,1.8821749714348357e-16
2019-06-03,-0.005437666988291956,-0.016118004013309872,1.0,0.2848173272560834,0.0030792361391959074,10,0,0,0,False,2.1591741413930787,-1.0061396160665481e-16
2019-06-04,0.03522320449959526,0.02646932641667421,1.0,0.0,0.0,10,0,0,0,False,2.235227173725605,-1.0061396160665481e-16
2019-06-05,0.00590616052637527,0.006424754668123311,1.0,0.0,0.0,10,0,0,0,False,2.2484287842265447,-1.0061396160665481e-16
2019-06-06,-8.097353851110878e-05,0.005289407403887392,1.0,0.0,0.0,10,0,0,0,False,2.2482467209917956,-1.0061396160665481e-16
2019-06-07,0.018678873038478372,0.01661735571606404,1.0,0.0,0.0,10,0,0,0,False,2.290241436052377,-1.0061396160665481e-16
2019-06-10,0.009984954487521014,0.010471293183099029,1.0,0.0,0.0,10,0,0,0,False,2.3131093925567945,-1.0061396160665481e-16
2019-06-11,-0.0017445846381726193,-7.670803621429023e-05,1.0,0.0,0.0,10,0,0,0,False,2.309073977444127,-1.0061396160665481e-16
2019-06-12,-0.016603087277582418,-0.0038158304448751013,1.0,0.0,0.0,10,0,0,0,False,2.270736220666228,-1.0061396160665481e-16
2019-06-13,0.0037084064909045367,0.0056988700813356274,1.0,0.0,0.0,10,0,0,0,False,2.2791570336060785,-1.0061396160665481e-16
2019-06-14,-0.010245907865801263,-0.005163841931470348,1.0,0.0,0.0,10,0,0,0,False,2.2558050006280577,-1.0061396160665481e-16
2019-06-17,0.004004092524863223,0.006202630197991832,1.0,0.0,0.0,10,0,0,0,False,2.2648374525686217,-1.0061396160665481e-16
2019-06-18,0.028771355358450323,0.01387630624268632,1.0,0.0,0.0,10,0,0,0,False,2.3299998957456007,-1.0061396160665481e-16
2019-06-19,0.005303083838788636,0.004204224909154064,1.0,0.0,0.0,10,0,0,0,False,2.342356080537108,-1.0061396160665481e-16
2019-06-20,0.0107580235458542,0.008015204299194334,1.0,0.0,0.0,10,0,0,0,False,2.367555202404301,-1.0061396160665481e-16
2019-06-21,-0.010008390193014804,-0.002438078690952694,1.0,0.0,0.0,10,0,0,0,False,2.3438597861351367,-1.0061396160665481e-16
2019-06-24,-0.002124238918651322,-0.003238388836250272,1.0,0.0,0.0,10,0,0,0,False,2.338880867957567,-1.0061396160665481e-16
2019-06-25,-0.011967172250824776,-0.01511173251279141,1.0,0.0,0.0,10,0,0,0,False,2.31089107773656,-1.0061396160665481e-16
2019-06-26,0.02295186348735312,0.0032023964528253845,1.0,0.0,0.0,10,0,0,0,False,2.363930334286912,-1.0061396160665481e-16
2019-06-27,0.00916811553333896,0.007305918801059352,1.0,0.0,0.0,10,0,0,0,False,2.385603120704419,-1.0061396160665481e-16
2019-06-28,0.0055787874036039575,0.0048295130583631,1.0,0.0,0.0,10,0,0,0,False,2.398911893344203,-1.0061396160665481e-16
2019-07-01,0.01192906793210069,0.01060672648817107,1.0,0.05166445561727138,0.0006272467695918342,10,0,0,0,False,2.4275286762830306,1.927711462679227e-16
2019-07-02,-0.008895466478282876,0.002215949203428158,1.0,0.0,0.0,10,0,0,0,False,2.4059346763180844,1.927711462679227e-16
2019-07-03,0.009296680439576877,0.007539711793548065,1.0,0.0,0.0,10,0,0,0,False,2.4283018821623106,1.927711462679227e-16
2019-07-05,-0.005741022775243798,-0.0010330186543096032,1.0,0.0,0.0,10,0,0,0,False,2.4143609457516493,1.927711462679227e-16
2019-07-08,0.0009414019490523451,-0.007769141328066498,1.0,0.0,0.0,10,0,0,0,False,2.416633829851696,1.927711462679227e-16
2019-07-09,0.0016662801789271153,0.0053529348505865215,1.0,0.0,0.0,10,0,0,0,False,2.4206606189021023,1.927711462679227e-16
2019-07-10,0.008369994180713158,0.00746773720081606,1.0,0.0,0.0,10,0,0,0,False,2.440921534195794,1.927711462679227e-16
2019-07-11,0.002192661810821228,-0.0007912558396766523,1.0,0.0,0.0,10,0,0,0,False,2.4462736496270363,1.927711462679227e-16
2019-07-12,0.016972672149509593,0.005868639001273657,1.0,0.0,0.0,10,0,0,0,False,2.48779345027014,1.927711462679227e-16
2019-07-15,0.001630394199372498,0.0017043379517736046,1.0,0.0,0.0,10,0,0,0,False,2.4918495342806977,1.927711462679227e-16
2019-07-16,-0.002291708584015839,-0.0042855151414283865,1.0,0.0,0.0,10,0,0,0,False,2.4861389413129107,1.927711462679227e-16
2019-07-17,0.002333927809151648,-0.004571411309320816,1.0,0.0,0.0,10,0,0,0,False,2.491941410125456,1.927711462679227e-16
2019-07-18,0.009477650862134146,0.002691464238547381,1.0,0.0,0.0,10,0,0,0,False,2.515559160779519,1.927711462679227e-16
2019-07-19,-0.008164188254573101,-0.007402000979574108,1.0,0.0,0.0,10,0,0,0,False,2.4950216622253993,1.927711462679227e-16
2019-07-22,0.01176234785646968,0.007076593549452781,1.0,0.0,0.0,10,0,0,0,False,2.5243689749259217,1.927711462679227e-16
2019-07-23,0.01159152933909291,0.005760604073582476,1.0,0.0,0.0,10,0,0,0,False,2.553630271961471,1.927711462679227e-16
2019-07-24,0.015957554976652633,0.008495479143152407,1.0,0.0,0.0,10,0,0,0,False,2.594379967416341,1.927711462679227e-16
2019-07-25,-0.01211543292428563,-0.009969356486210335,1.0,0.0,0.0,10,0,0,0,False,2.562947930940998,1.927711462679227e-16
2019-07-26,0.003125372680174099,0.0111269715265081,1.0,0.0,0.0,10,0,0,0,False,2.5709580983850695,1.927711462679227e-16
2019-07-29,-0.0015614208327754397,-0.004427247332300155,1.0,0.0,0.0,10,0,0,0,False,2.5669437508500583,1.927711462679227e-16
2019-07-30,0.003525975595148223,-0.002377778258217389,1.0,0.0,0.0,10,0,0,0,False,2.575994731869674,1.927711462679227e-16
2019-07-31,-0.022432832352471066,-0.011867914399256718,1.0,0.0,0.0,10,0,0,0,False,2.5182078739087927,1.927711462679227e-16
2019-08-01,-0.009893560816226388,-0.007865014982288532,1.0000000000000002,0.046297817079944084,0.0005773039481710402,10,0,0,0,False,2.493293831160376,-5.801565824969934e-16
2019-08-02,-0.012067570701349228,-0.013197967565540036,1.0000000000000002,0.0,0.0,10,0,0,0,False,2.4632058315736103,-5.801565824969934e-16
2019-08-05,-0.03977548253920904,-0.034736053900979225,1.0000000000000002,0.0,0.0,10,0,0,0,False,2.3652306310293763,-5.801565824969934e-16
2019-08-06,0.02422333803069998,0.013879037644123127,1.0000000000000002,0.0,0.0,10,0,0,0,False,2.4225244121253664,-5.801565824969934e-16
2019-08-07,-7.157252933021052e-05,0.0037736602976790046,1.0000000000000002,0.0,0.0,10,0,0,0,False,2.4223510259258263,-5.801565824969934e-16
2019-08-08,0.027847523129340468,0.022425780254364147,1.0000000000000002,0.0,0.0,10,0,0,0,False,2.4898075021476775,-5.801565824969934e-16
2019-08-09,-0.01699281722812329,-0.009953788456660062,1.0000000000000002,0.0,0.0,10,0,0,0,False,2.447498658330472,-5.801565824969934e-16
2019-08-12,-0.015325877890384532,-0.012027668667372704,1.0000000000000002,0.0,0.0,10,0,0,0,False,2.409988592756019,-5.801565824969934e-16
2019-08-13,0.024087928958794524,0.01945081028584772,1.0000000000000002,0.0,0.0,10,0,0,0,False,2.468040226769831,-5.801565824969934e-16
2019-08-14,-0.03252307233219254,-0.0302406582319239,1.0000000000000002,0.0,0.0,10,0,0,0,False,2.387771975955835,-5.801565824969934e-16
2019-08-15,0.002319772955096555,-0.0009415817583050545,1.0000000000000002,0.0,0.0,10,0,0,0,False,2.393311064808595,-5.801565824969934e-16
2019-08-16,0.02471579727352946,0.01665719429227641,1.0000000000000002,0.0,0.0,10,0,0,0,False,2.4524636558988995,-5.801565824969934e-16
2019-08-19,0.022054995139022093,0.013528372920219578,1.0000000000000002,0.0,0.0,10,0,0,0,False,2.5065527299083783,-5.801565824969934e-16
2019-08-20,-0.006047274686206805,-0.006778868837584939,1.0000000000000002,0.0,0.0,10,0,0,0,False,2.491394917035161,-5.801565824969934e-16
2019-08-21,0.011884864008941731,0.009014198684866193,1.0000000000000002,0.0,0.0,10,0,0,0,False,2.521004806816692,-5.801565824969934e-16
2019-08-22,0.0012152854960725268,-0.003593409648874557,1.0000000000000002,0.0,0.0,10,0,0,0,False,2.5240685473939455,-5.801565824969934e-16
2019-08-23,-0.029479467321797403,-0.029984783248160896,1.0000000000000002,0.0,0.0,10,0,0,0,False,2.449660351133069,-5.801565824969934e-16
2019-08-26,0.011446576126963759,0.01315444085673323,1.0000000000000002,0.0,0.0,10,0,0,0,False,2.4777005748275185,-5.801565824969934e-16
2019-08-27,-0.007836048006468532,-0.003411113599097626,1.0000000000000002,0.0,0.0,10,0,0,0,False,2.4582851941775155,-5.801565824969934e-16
2019-08-28,0.008666126958061682,0.0038239287634664887,1.0000000000000002,0.0,0.0,10,0,0,0,False,2.4795890057693812,-5.801565824969934e-16
2019-08-29,0.017769638664012044,0.01482906719752708,1.0000000000000002,0.0,0.0,10,0,0,0,False,2.52365040643716,-5.801565824969934e-16
2019-08-30,0.004128012569430295,-0.0013181595115984157,1.0000000000000002,0.0,0.0,10,0,0,0,False,2.5340680670357805,-5.801565824969934e-16
2019-09-03,-0.016280206884840887,-0.011141659941398818,0.9999999999999998,0.62914733903306,0.007866478931213792,10,0,0,0,False,2.492812914644169,3.7990444123892075e-16
2019-09-04,0.008848551114524872,0.013045162581274417,0.9999999999999998,0.0,0.0,10,0,0,0,False,2.514870697138346,3.7990444123892075e-16
2019-09-05,0.024061691195781165,0.01754447876293086,0.9999999999999998,0.0,0.0,10,0,0,0,False,2.5753827392502076,3.7990444123892075e-16
2019-09-06,0.004358242178490901,-0.0016952800330266582,0.9999999999999998,0.0,0.0,10,0,0,0,False,2.586606880930165,3.7990444123892075e-16
2019-09-09,-0.012701178545536762,-0.0019288862598715317,0.9999999999999998,0.0,0.0,10,0,0,0,False,2.553753925108357,3.7990444123892075e-16
2019-09-10,-0.00010365408059798131,-0.000405530061497017,0.9999999999999998,0.0,0.0,10,0,0,0,False,2.5534892180931763,3.7990444123892075e-16
2019-09-11,0.0044215489701511235,0.010578711688568498,0.9999999999999998,0.0,0.0,10,0,0,0,False,2.5647795957157284,3.7990444123892075e-16
2019-09-12,0.0015697761076201022,0.003034329299695271,0.9999999999999998,0.0,0.0,10,0,0,0,False,2.5688057254463947,3.7990444123892075e-16
2019-09-13,0.0025798366520153326,-0.0021672787441021635,0.9999999999999998,0.0,0.0,10,0,0,0,False,2.575432824608808,3.7990444123892075e-16
2019-09-16,-0.0018830353689687218,-0.0028336580360560637,0.9999999999999998,0.0,0.0,10,0,0,0,False,2.5705831935096666,3.7990444123892075e-16
2019-09-17,0.005762713269546582,0.003983545797285659,0.9999999999999998,0.0,0.0,10,0,0,0,False,2.5853967273893783,3.7990444123892075e-16
2019-09-18,-0.004310806540358758,-0.0010542241528851415,0.9999999999999998,0.0,0.0,10,0,0,0,False,2.574251582267526,3.7990444123892075e-16
2019-09-19,0.0013079294211280068,0.0006713388908767826,0.9999999999999998,0.0,0.0,10,0,0,0,False,2.577618521649359,3.7990444123892075e-16
2019-09-20,-0.009116047804076266,-0.007969076999407076,0.9999999999999998,0.0,0.0,10,0,0,0,False,2.554120827985331,3.7990444123892075e-16
2019-09-23,0.010681318246914095,-0.0006417974694929995,0.9999999999999998,0.0,0.0,10,0,0,0,False,2.5814022053901144,3.7990444123892075e-16
2019-09-24,-0.009406301102600212,-0.014647850343792124,0.9999999999999998,0.0,0.0,10,0,0,0,False,2.557120758979299,3.7990444123892075e-16
2019-09-25,0.0014861318348975416,0.010477092515879471,0.9999999999999998,0.0,0.0,10,0,0,0,False,2.5609209775448956,3.7990444123892075e-16
2019-09-26,-0.0069652294097906076,-0.005784016671049441,0.9999999999999998,0.0,0.0,10,0,0,0,False,2.54308357543595,3.7990444123892075e-16
2019-09-27,-0.013745854216257292,-0.011335344508786482,0.9999999999999998,0.0,0.0,10,0,0,0,False,2.5081267193482493,3.7990444123892075e-16
2019-09-30,0.012166178973754826,0.007520489084761994,0.9999999999999998,0.0,0.0,10,0,0,0,False,2.5386410379046964,3.7990444123892075e-16
2019-10-01,-0.00508256046303901,-0.011333385287620845,1.0,0.25346010679456865,0.0032049310327293525,10,0,0,0,False,2.5257382413355938,-1.1275702593849246e-17
2019-10-02,-0.014818496100775791,-0.015606927689401306,1.0,0.0,0.0,10,0,0,0,False,2.488310599054782,-1.1275702593849246e-17
2019-10-03,0.008838954899090146,0.011177547284929812,1.0,0.0,0.0,10,0,0,0,False,2.5103046642147553,-1.1275702593849246e-17
2019-10-04,0.011405914393872285,0.013998529013867556,1.0,0.0,0.0,10,0,0,0,False,2.5389369843173273,-1.1275702593849246e-17
2019-10-07,-0.01038326566183434,-0.0032797115860200288,1.0,0.0,0.0,10,0,0,0,False,2.512574527110504,-1.1275702593849246e-17
2019-10-08,-0.018306887211742673,-0.016654772513319593,1.0,0.0,0.0,10,0,0,0,False,2.4665771086315944,-1.1275702593849246e-17
2019-10-09,0.008418044920296408,0.010220175163927703,1.0,0.0,0.0,10,0,0,0,False,2.4873408655314297,-1.1275702593849246e-17
2019-10-10,0.010458032868391198,0.005951562021231371,1.0,0.0,0.0,10,0,0,0,False,2.51335355805805,-1.1275702593849246e-17
2019-10-11,0.017931684076184506,0.013364751970617927,1.0,0.0,0.0,10,0,0,0,False,2.558422220032901,-1.1275702593849246e-17
2019-10-14,-0.0011895149165827013,-0.0010413377617586317,1.0,0.0,0.0,10,0,0,0,False,2.5553789386392554,-1.1275702593849246e-17
2019-10-15,0.011674864603289814,0.012431911096046022,1.0,0.0,0.0,10,0,0,0,False,2.585212641757967,-1.1275702593849246e-17
2019-10-16,-0.005158664197062235,-0.003010267882891937,1.0,0.0,0.0,10,0,0,0,False,2.5718763978611374,-1.1275702593849246e-17
2019-10-17,0.005202232117141881,0.004021316513880269,1.0,0.0,0.0,10,0,0,0,False,2.58525589585941,-1.1275702593849246e-17
2019-10-18,-0.011395317963949436,-0.008251972167540478,1.0,0.0,0.0,10,0,0,0,False,2.555796082907917,-1.1275702593849246e-17
2019-10-21,0.005945040536882162,0.009079651006114187,1.0,0.0,0.0,10,0,0,0,False,2.570990394224809,-1.1275702593849246e-17
2019-10-22,-0.0024465181819182114,-0.0071898163004042726,1.0,0.0,0.0,10,0,0,0,False,2.564700419479801,-1.1275702593849246e-17
2019-10-23,-0.005298259125008364,0.0019113557472294485,1.0,0.0,0.0,10,0,0,0,False,2.5511119720793793,-1.1275702593849246e-17
2019-10-24,0.011605174282556696,0.00812949595987078,1.0,0.0,0.0,10,0,0,0,False,2.5807180711296773,-1.1275702593849246e-17
2019-10-25,0.005978209171372706,0.007002406777649295,1.0,0.0,0.0,10,0,0,0,False,2.5961461435712323,-1.1275702593849246e-17
2019-10-28,0.0006288486822125794,0.010053244280645579,1.0,0.0,0.0,10,0,0,0,False,2.5977787266524484,-1.1275702593849246e-17
2019-10-29,-0.0010859551488495711,-0.005902072764870758,1.0,0.0,0.0,10,0,0,0,False,2.594957655468668,-1.1275702593849246e-17
2019-10-30,0.0026053748979937286,0.0032779259393573845,1.0,0.0,0.0,10,0,0,0,False,2.601718493005583,-1.1275702593849246e-17
2019-10-31,-0.007809142873809405,-0.0013993409546181335,1.0,0.0,0.0,10,0,0,0,False,2.5814013015762702,-1.1275702593849246e-17
2019-11-01,0.0010714232565545156,0.011340558714741933,1.0000000000000002,0.2729006457219156,0.003530922271896665,10,0,0,0,False,2.584167074965279,-4.453902524570452e-16
2019-11-04,0.005067381037901386,0.0055804394934444446,1.0000000000000002,0.0,0.0,10,0,0,0,False,2.5972620341997272,-4.453902524570452e-16
2019-11-05,0.00030293135475312205,0.00017543755216453683,1.0000000000000002,0.0,0.0,10,0,0,0,False,2.598048826306396,-4.453902524570452e-16
2019-11-06,0.0022224934855206158,-0.002851299735780244,1.0000000000000002,0.0,0.0,10,0,0,0,False,2.6038229728979263,-4.453902524570452e-16
2019-11-07,0.0036156162610565534,0.0028404055681965357,1.0000000000000002,0.0,0.0,10,0,0,0,False,2.6132373975796486,-4.453902524570452e-16
2019-11-08,0.004240595291377103,0.004836090544339866,1.0000000000000002,0.0,0.0,10,0,0,0,False,2.6243190797830755,-4.453902524570452e-16
2019-11-11,-0.0017510306380759122,-0.001301344790991532,1.0000000000000002,0.0,0.0,10,0,0,0,False,2.6197238166702883,-4.453902524570452e-16
2019-11-12,0.0028822235270922203,0.002576651437216526,1.0000000000000002,0.0,0.0,10,0,0,0,False,2.6272744462891793,-4.453902524570452e-16
2019-11-13,0.0023511783288261423,-0.00047020478147663525,1.0000000000000002,0.0,0.0,10,0,0,0,False,2.633451637031173,-4.453902524570452e-16
2019-11-14,0.003411856868678731,-0.00036312943083094407,1.0000000000000002,0.0,0.0,10,0,0,0,False,2.642436597087311,-4.453902524570452e-16
2019-11-15,0.0076983781627633086,0.0072898287355041,1.0000000000000002,0.0,0.0,10,0,0,0,False,2.6627790732828145,-4.453902524570452e-16
2019-11-18,0.0012695662051500634,0.0010666761770614652,1.0000000000000002,0.0,0.0,10,0,0,0,False,2.6661596476060354,-4.453902524570452e-16
2019-11-19,-0.001299962704842228,0.002423385313890636,1.0000000000000002,0.0,0.0,10,0,0,0,False,2.6626937394989922,-4.453902524570452e-16
2019-11-20,-0.005494264898469048,-0.005125591141741936,1.0000000000000002,0.0,0.0,10,0,0,0,False,2.6480641947506895,-4.453902524570452e-16
2019-11-21,-0.0010917881534882046,-0.0024066082538906075,1.0000000000000002,0.0,0.0,10,0,0,0,False,2.6451730696331843,-4.453902524570452e-16
2019-11-22,0.00083459252341056,0.001607049437998942,1.0000000000000002,0.0,0.0,10,0,0,0,False,2.6473807113002272,-4.453902524570452e-16
2019-11-25,0.009451297896620137,0.013217357676603037,1.0000000000000002,0.0,0.0,10,0,0,0,False,2.6724018950484916,-4.453902524570452e-16
2019-11-26,0.005180294401272212,0.0017885337419787373,1.0000000000000002,0.0,0.0,10,0,0,0,False,2.6862457236233603,-4.453902524570452e-16
2019-11-27,0.007824970839526824,0.006618948347834053,1.0000000000000002,0.0,0.0,10,0,0,0,False,2.707265518078517,-4.453902524570452e-16
2019-11-29,-0.005297678680494244,-0.004560531322886807,1.0000000000000002,0.0,0.0,10,0,0,0,False,2.692923295260955,-4.453902524570452e-16
2019-12-02,-0.00550769532514106,-0.0112491882580813,1.0,0.2364235118564862,0.003169565780042353,10,0,0,0,False,2.678091494216683,2.185751579730777e-16
2019-12-03,-0.005274388665489904,-0.005526453566671918,1.0,0.0,0.0,10,0,0,0,False,2.6639661987944416,2.185751579730777e-16
2019-12-04,0.007337394533100561,0.005402211824567793,1.0,0.0,0.0,10,0,0,0,False,2.683512769817841,2.185751579730777e-16
2019-12-05,0.005016528662250552,0.00047046285745167005,1.0,0.0,0.0,10,0,0,0,False,2.6969746885431474,2.185751579730777e-16
2019-12-06,0.016581432122698248,0.010014362653823827,1.0,0.0,0.0,10,0,0,0,False,2.7416943912778606,2.185751579730777e-16
2019-12-09,-0.006034102988626389,-0.004008557562606985,1.0,0.0,0.0,10,0,0,0,False,2.7251507249575506,2.185751579730777e-16
2019-12-10,-0.0014580295595046922,-0.0006553597014163914,1.0,0.0,0.0,10,0,0,0,False,2.721177374646457,2.185751579730777e-16
2019-12-11,0.005675977994012094,0.004395230986187437,1.0,0.0,0.0,10,0,0,0,False,2.7366227175427538,2.185751579730777e-16
2019-12-12,0.009097763071757914,0.007311085730058897,1.0,0.0,0.0,10,0,0,0,False,2.7615198626437483,2.185751579730777e-16
2019-12-13,-0.0023039389486652073,0.002014334611520452,1.0,0.0,0.0,10,0,0,0,False,2.7551574894746906,2.185751579730777e-16
2019-12-16,0.00422549472967626,0.009084337839607715,1.0,0.0,0.0,10,0,0,0,False,2.766799392925894,2.185751579730777e-16
2019-12-17,-0.0031023069865799835,0.0010358136198049817,1.0,0.0,0.0,10,0,0,0,False,2.7582159318387545,2.185751579730777e-16
2019-12-18,0.00028505789822452776,0.0004952874870667312,1.0,0.0,0.0,10,0,0,0,False,2.759002183075134,2.185751579730777e-16
2019-12-19,0.002711423073997521,0.006738900785428381,1.0,0.0,0.0,10,0,0,0,False,2.7664830052555334,2.185751579730777e-16
2019-12-20,0.010484725773892034,0.004246581188940279,1.0,0.0,0.0,10,0,0,0,False,2.79548882092377,2.185751579730777e-16
2019-12-23,-0.0030817182547575594,0.0023182624908124616,1.0,0.0,0.0,10,0,0,0,False,2.7868739119933585,2.185751579730777e-16
2019-12-24,0.002371113207570996,0.0008081581189445242,1.0,0.0,0.0,10,0,0,0,False,2.793481905533921,2.185751579730777e-16
2019-12-26,0.0010417158843820662,0.007763948670862941,1.0,0.0,0.0,10,0,0,0,False,2.79639192000765,2.185751579730777e-16
2019-12-27,-0.0005889838932174873,-0.0017478185601739193,1.0,0.0,0.0,10,0,0,0,False,2.794744890207642,2.185751579730777e-16
2019-12-30,-0.005515996248321997,-0.0067317039385285105,1.0,0.0,0.0,10,0,0,0,False,2.7793290878782395,2.185751579730777e-16
2019-12-31,0.0023078122878374963,0.002974449938476287,1.0,0.0,0.0,10,0,0,0,False,2.785743257699189,2.185751579730777e-16
