date,strategy,benchmark,invested,turnover,transaction_cost,holdings,stock_stop_exits,portfolio_stop_exits,stop_exits,coincident_stop_veto,portfolio_value,cash
2012-01-03,-0.0009990009990009652,0.01672460383181784,1.0000000000000002,0.9990009990009991,0.0009990009990009992,30,0,0,0,False,0.999000999000999,-1.450662506785605e-16
2012-01-04,0.004864233074857838,-0.00013587695188621574,1.0000000000000002,0.0,0.0,30,0,0,0,False,1.0038603727021558,-1.450662506785605e-16
2012-01-05,0.01144960651362581,0.008118231353810179,1.0000000000000002,0.0,0.0,30,0,0,0,False,1.0153541789642173,-1.450662506785605e-16
2012-01-06,0.004395450702788795,0.0016330069129839586,1.0000000000000002,0.0,0.0,30,0,0,0,False,1.0198171182037252,-1.450662506785605e-16
2012-01-09,0.012170082233524226,0.0008750588956780714,1.0000000000000002,0.0,0.0,30,0,0,0,False,1.0322283763954203,-1.450662506785605e-16
2012-01-10,0.009189470233406327,0.009691506646908321,1.0000000000000002,0.0,0.0,30,0,0,0,False,1.0417140083343834,-1.450662506785605e-16
2012-01-11,0.0038330123339738176,0.0030564292321924036,1.0000000000000002,0.0,0.0,30,0,0,0,False,1.0457069109768025,-1.450662506785605e-16
2012-01-12,0.002951978500049579,0.00514246927061035,1.0000000000000002,0.0,0.0,30,0,0,0,False,1.0487938152953593,-1.450662506785605e-16
2012-01-13,-0.008631186510163591,-0.005149227437883042,1.0000000000000002,0.0,0.0,30,0,0,0,False,1.039741480264839,-1.450662506785605e-16
2012-01-17,0.008462892248799703,0.006422840346587577,1.0000000000000002,0.0,0.0,30,0,0,0,False,1.0485407003789278,-1.450662506785605e-16
2012-01-18,0.02455190939488694,0.01525977921249444,1.0000000000000002,0.0,0.0,30,0,0,0,False,1.0742843766514825,-1.450662506785605e-16
2012-01-19,0.006940091337553467,0.006722761588758397,1.0000000000000002,0.0,0.0,30,0,0,0,False,1.0817400083479505,-1.450662506785605e-16
2012-01-20,0.0019540654943346336,-0.000584615142948941,1.0000000000000002,0.0,0.0,30,0,0,0,False,1.0838537991721044,-1.450662506785605e-16
2012-01-23,-0.0033926334218280507,-0.0009079197617253287,1.0000000000000002,0.0,0.0,30,0,0,0,False,1.080176680548658,-1.450662506785605e-16
2012-01-24,0.00485728759228321,0.0008871585027911966,1.0000000000000002,0.0,0.0,30,0,0,0,False,1.0854234093365607,-1.450662506785605e-16
2012-01-25,0.007560340519905173,0.011365013470165275,1.0000000000000002,0.0,0.0,30,0,0,0,False,1.0936295799194216,-1.450662506785605e-16
2012-01-26,0.007988678997954635,-0.004623373417992571,1.0000000000000002,0.0,0.0,30,0,0,0,False,1.1023662355760657,-1.450662506785605e-16
2012-01-27,0.007532093400419271,0.004017424285632787,1.0000000000000002,0.0,0.0,30,0,0,0,False,1.1106693610238934,-1.450662506785605e-16
2012-01-30,-0.004694622914402813,-0.0016367896895138623,1.0000000000000002,0.0,0.0,30,0,0,0,False,1.1054551871913054,-1.450662506785605e-16
2012-01-31,-0.0011038875136565318,0.0006757612422656489,1.0000000000000002,0.0,0.0,30,0,0,0,False,1.104234889013258,-1.450662506785605e-16
2012-02-01,0.010792135658911794,0.01223591205484631,0.9999999999999998,0.20065758751025012,0.00022400930509012393,30,0,0,0,False,1.1161519417347925,1.3192029933717375e-16
2012-02-02,0.0035407918659007276,0.004005905339030447,0.9999999999999998,0.0,0.0,30,0,0,0,False,1.1201040034511964,1.3192029933717375e-16
2012-02-03,0.01807653690248867,0.016078722657035804,0.9999999999999998,0.0,0.0,30,0,0,0,False,1.1403516048042073,1.3192029933717375e-16
2012-02-06,-0.004717154353533148,-0.0012630177399634013,0.9999999999999998,0.0,0.0,30,0,0,0,False,1.1349723902670465,1.3192029933717375e-16
2012-02-07,0.0008323772649394545,0.0007202299111990218,0.9999999999999998,0.0,0.0,30,0,0,0,False,1.1359171154810388,1.3192029933717375e-16
2012-02-08,0.0003616394414316382,0.004056361944011044,0.9999999999999998,0.0,0.0,30,0,0,0,False,1.136327907912194,1.3192029933717375e-16
2012-02-09,0.004970353938971828,0.0038993297380762737,0.9999999999999998,0.0,0.0,30,0,0,0,False,1.141975859805249,1.3192029933717375e-16
2012-02-10,-0.012614673085625694,-0.007976858668434006,0.9999999999999998,0.0,0.0,30,0,0,0,False,1.1275702076621295,1.3192029933717375e-16
2012-02-13,0.004660034250085321,0.009473532290367848,0.9999999999999998,0.0,0.0,30,0,0,0,False,1.1328247234492108,1.3192029933717375e-16
2012-02-14,0.0025454628910557275,0.00015016767302089562,0.9999999999999998,0.0,0.0,30,0,0,0,False,1.1357082867448212,1.3192029933717375e-16
2012-02-15,-0.005506702576481337,-0.00545734215635485,0.9999999999999998,0.0,0.0,30,0,0,0,False,1.1294542789960722,1.3192029933717375e-16
2012-02-16,0.017851644910672038,0.0150969015650122,0.9999999999999998,0.0,0.0,30,0,0,0,False,1.1496168957275492,1.3192029933717375e-16
2012-02-17,-0.009082049177621232,-0.002726523211428855,0.9999999999999998,0.0,0.0,30,0,0,0,False,1.1391760185451274,1.3192029933717375e-16
2012-02-21,-0.006833576823086163,-0.001087445541334442,0.9999999999999998,0.0,0.0,30,0,0,0,False,1.1313913717073818,1.3192029933717375e-16
2012-02-22,-0.0013048708628163874,-0.005222938399870536,0.9999999999999998,0.0,0.0,30,0,0,0,False,1.129915052071999,1.3192029933717375e-16
2012-02-23,0.0018604731128495366,0.008117531821119517,0.9999999999999998,0.0,0.0,30,0,0,0,False,1.132017228646183,1.3192029933717375e-16
2012-02-24,-0.0021610120902737506,0.002289498068975826,0.9999999999999998,0.0,0.0,30,0,0,0,False,1.1295709257286803,1.3192029933717375e-16
2012-02-27,0.0005960780163352108,0.0008131252636018882,0.9999999999999998,0.0,0.0,30,0,0,0,False,1.1302442381253985,1.3192029933717375e-16
2012-02-28,0.007624880742354012,0.006945040285926574,0.9999999999999998,0.0,0.0,30,0,0,0,False,1.1388622156508375,1.3192029933717375e-16
2012-02-29,-0.008656927216078025,-0.0066527273701268985,0.9999999999999998,0.0,0.0,30,0,0,0,False,1.1290031683408068,1.3192029933717375e-16
2012-03-01,0.0048077595673483575,0.007442170334665876,1.0,0.4199072625653451,0.00047655598561776593,30,0,0,0,False,1.134431144124964,-7.773729576721067e-17
2012-03-02,-0.0015117363734155065,-0.004275753855006892,1.0,0.0,0.0,30,0,0,0,False,1.132716183301255,-7.773729576721067e-17
2012-03-05,-0.008844968730227443,-0.008638528072418938,1.0,0.0,0.0,30,0,0,0,False,1.1226973440797328,-7.773729576721067e-17
2012-03-06,-0.0113884598660966,-0.013611310701987511,1.0,0.0,0.0,30,0,0,0,False,1.1099115504349075,-7.773729576721067e-17
2012-03-07,0.00908624471894437,0.00871718543949851,1.0,0.0,0.0,30,0,0,0,False,1.119996478398542,-7.773729576721067e-17
2012-03-08,0.01127086012381917,0.01183026858524805,1.0,0.0,0.0,30,0,0,0,False,1.132619802045742,-7.773729576721067e-17
2012-03-09,0.007890403185988992,0.006032884441691255,1.0,0.0,0.0,30,0,0,0,False,1.141556628940318,-7.773729576721067e-17
2012-03-12,-0.0004669764933852294,-0.0015661537319663354,1.0,0.0,0.0,30,0,0,0,False,1.1410235488287348,-7.773729576721067e-17
2012-03-13,0.0186281936269983,0.018842630153657947,1.0,0.0,0.0,30,0,0,0,False,1.1622787564292811,-7.773729576721067e-17
2012-03-14,-0.00502985883457141,0.00027964920587830733,1.0,0.0,0.0,30,0,0,0,False,1.1564326583580207,-7.773729576721067e-17
2012-03-15,0.005877716997954696,0.005143534611754541,1.0,0.0,0.0,30,0,0,0,False,1.1632298422510414,-7.773729576721067e-17
2012-03-16,-0.000850191569757297,-0.00036320863104888357,1.0,0.0,0.0,30,0,0,0,False,1.1622408740454695,-7.773729576721067e-17
2012-03-19,0.005570503185414077,0.007547671883898488,1.0,0.0,0.0,30,0,0,0,False,1.1687151405365581,-7.773729576721067e-17
2012-03-20,-0.0018419805782992071,-0.0013546999222076028,1.0,0.0,0.0,30,0,0,0,False,1.1665623899461255,-7.773729576721067e-17
2012-03-21,0.005677002072790982,0.0003806580804663895,1.0,0.0,0.0,30,0,0,0,False,1.1731849670518897,-7.773729576721067e-17
2012-03-22,-0.0005764966638789337,-0.003902032832289515,1.0,0.0,0.0,30,0,0,0,False,1.1725086298322713,-7.773729576721067e-17
2012-03-23,-0.00018704386338330714,0.0015015734072321152,1.0,0.0,0.0,30,0,0,0,False,1.1722893192882973,-7.773729576721067e-17
2012-03-26,0.018575879550981167,0.01781343769763999,1.0,0.0,0.0,30,0,0,0,False,1.1940656244822985,-7.773729576721067e-17
2012-03-27,-1.6882042782384588e-05,-0.0007109528141577837,1.0,0.0,0.0,30,0,0,0,False,1.194045466215341,-7.773729576721067e-17
2012-03-28,-0.005052346871356805,-0.004932170912488321,1.0,0.0,0.0,30,0,0,0,False,1.18801273433985,-7.773729576721067e-17
2012-03-29,0.0010755187826216872,-0.0030917950633825297,1.0,0.0,0.0,30,0,0,0,False,1.1892904643496265,-7.773729576721067e-17
2012-03-30,0.0016950044719086232,-0.0012244132758576498,1.0,0.0,0.0,30,0,0,0,False,1.1913063170050973,-7.773729576721067e-17
2012-04-02,0.0072486317984636894,0.00909890414582537,1.0,0.15903693508349115,0.00019086539819240336,30,0,0,0,False,1.1999416578562512,-5.0876186943882296e-17
2012-04-03,0.0008196212056232888,-0.001964900471199127,1.0,0.0,0.0,30,0,0,0,False,1.2009251554845408,-5.0876186943882296e-17
2012-04-04,-0.010363850735038205,-0.014607026191573502,1.0,0.0,0.0,30,0,0,0,False,1.1884789464291465,-5.0876186943882296e-17
2012-04-05,0.009254991471132623,0.004044829061571553,1.0,0.0,0.0,30,0,0,0,False,1.199478308941969,-5.0876186943882296e-17
2012-04-09,-0.011182121473203521,-0.010848855705242633,1.0,0.0,0.0,30,0,0,0,False,1.1860655967869072,-5.0876186943882296e-17
2012-04-10,-0.02097079037492422,-0.018332337243120223,1.0,0.0,0.0,30,0,0,0,False,1.1611928637857796,-5.0876186943882296e-17
2012-04-11,0.008851991911441814,0.008438028630458616,1.0,0.0,0.0,30,0,0,0,False,1.1714717336236353,-5.0876186943882296e-17
2012-04-12,0.013172796169160117,0.01295889884168866,1.0,0.0,0.0,30,0,0,0,False,1.186903291988592,-5.0876186943882296e-17
2012-04-13,-0.009089213219952597,-0.014471993585442933,1.0,0.0,0.0,30,0,0,0,False,1.176115274896244,-5.0876186943882296e-17
2012-04-16,-0.009664380509175619,-0.007614641782380582,1.0,0.0,0.0,30,0,0,0,False,1.164748849356993,-5.0876186943882296e-17
2012-04-17,0.015231477187809483,0.018210481134067757,1.0,0.0,0.0,30,0,0,0,False,1.1824896948855015,-5.0876186943882296e-17
2012-04-18,0.0025440365383331276,-0.003736698071634348,1.0,0.0,0.0,30,0,0,0,False,1.1854979918754927,-5.0876186943882296e-17
2012-04-19,-0.00564562819708081,-0.007880684161044926,1.0,0.0,0.0,30,0,0,0,False,1.1788051109849778,-5.0876186943882296e-17
2012-04-20,-0.006487545430844177,-0.002364075783556352,1.0,0.0,0.0,30,0,0,0,False,1.1711575592733514,-5.0876186943882296e-17
2012-04-23,-0.010380047162083295,-0.009998500224966289,1.0,0.0,0.0,30,0,0,0,False,1.1590008885738636,-5.0876186943882296e-17
2012-04-24,-0.005782819260211514,-0.002979312898719,1.0,0.0,0.0,30,0,0,0,False,1.1522985959128165,-5.0876186943882296e-17
2012-04-25,0.01714123012123392,0.022970623211418628,1.0,0.0,0.0,30,0,0,0,False,1.1720504113137329,-5.0876186943882296e-17
2012-04-26,0.007474051765761214,0.006925004271973956,1.0,0.0,0.0,30,0,0,0,False,1.1808103767599736,-5.0876186943882296e-17
2012-04-27,0.002531039929223544,0.006093830214487284,1.0,0.0,0.0,30,0,0,0,False,1.1837990549723945,-5.0876186943882296e-17
2012-04-30,-0.00497261533131399,-0.007441646031539184,1.0,0.0,0.0,30,0,0,0,False,1.1779124776424437,-5.0876186943882296e-17
2012-05-01,0.004038191320567375,0.0013392376035912257,1.0,0.3094354147897277,0.00036607298366704246,30,0,0,0,False,1.1826691135860474,-6.619054263024005e-17
2012-05-02,0.009558357318963706,0.003084866546624987,1.0,0.0,0.0,30,0,0,0,False,1.1939734875638048,-6.619054263024005e-17
2012-05-03,-0.012822141131168197,-0.011618248880884696,1.0,0.0,0.0,30,0,0,0,False,1.1786641909993887,-6.619054263024005e-17
2012-05-04,-0.022955165851668125,-0.022471282610852183,1.0,0.0,0.0,30,0,0,0,False,1.1516077590115754,-6.619054263024005e-17
2012-05-07,-0.006379876422975661,0.0004802898015692225,1.0,0.0,0.0,30,0,0,0,False,1.1442606438213416,-6.619054263024005e-17
2012-05-08,-0.018296470327793024,-0.003884696527101661,1.0,0.0,0.0,30,0,0,0,False,1.123324712904403,-6.619054263024005e-17
2012-05-09,-0.002576730371982694,-0.003923605100686567,1.0,0.0,0.0,30,0,0,0,False,1.1204302079990636,-6.619054263024005e-17
2012-05-10,0.004273088912763345,-0.0003646356880236956,1.0,0.0,0.0,30,0,0,0,False,1.1252179058983895,-6.619054263024005e-17
2012-05-11,0.0029506810951922535,6.142539852960205e-05,1.0,0.0,0.0,30,0,0,0,False,1.1285380651012957,-6.619054263024005e-17
2012-05-14,-0.00946886513922407,-0.010648232998335394,1.0,0.0,0.0,30,0,0,0,False,1.1178520903583706,-6.619054263024005e-17
2012-05-15,-0.003913924576641636,-0.0030387102839987135,1.0,0.0,0.0,30,0,0,0,False,1.1134769015888668,-6.619054263024005e-17
2012-05-16,-0.008038928243157328,-0.006814663275461763,1.0,0.0,0.0,30,0,0,0,False,1.1045257406765807,-6.619054263024005e-17
2012-05-17,-0.025114748660022057,-0.02099835075364298,1.0,0.0,0.0,30,0,0,0,False,1.0767858543109636,-6.619054263024005e-17
2012-05-18,-0.013104063351599415,-0.012403605670973206,1.0,0.0,0.0,30,0,0,0,False,1.0626755842599667,-6.619054263024005e-17
2012-05-21,0.02229553211048052,0.02462222766024058,1.0,0.0,0.0,30,0,0,0,False,1.0863685018718585,-6.619054263024005e-17
2012-05-22,0.0004849704670741861,-0.0028553917694865705,1.0,0.0,0.0,30,0,0,0,False,1.0868953585116259,-6.619054263024005e-17
2012-05-23,0.006403266910824046,0.003888583488715236,1.0,0.0,0.0,30,0,0,0,False,1.0938550395963116,-6.619054263024005e-17
2012-05-24,-0.0017731638008140482,-0.0037683324292194786,1.0,0.0,0.0,30,0,0,0,False,1.0919154554367614,-6.619054263024005e-17
2012-05-25,-0.0017903150674586366,-0.0006515154946330481,1.0,0.0,0.0,30,0,0,0,False,1.089960582744502,-6.619054263024005e-17
2012-05-29,0.008826375248072171,0.011791945812026583,1.0,0.0,0.0,30,0,0,0,False,1.0995809838534125,-6.619054263024005e-17
2012-05-30,-0.012978364748337023,-0.011713694579221778,1.0,0.0,0.0,30,0,0,0,False,1.0853102207746277,-6.619054263024005e-17
2012-05-31,-0.00563096725477652,-0.0035314516476072644,1.0,0.0,0.0,30,0,0,0,False,1.0791988744601715,-6.619054263024005e-17
2012-06-01,-0.03205638969955682,-0.028245664538199655,1.0,0.34103717590514787,0.00035637021585738904,30,0,0,0,False,1.0446036547771531,-6.228741480929223e-17
2012-06-04,0.0058833825725401745,0.00456054275190354,1.0,0.0,0.0,30,0,0,0,False,1.0507494577148808,-6.228741480929223e-17
2012-06-05,0.005340108564243717,0.0065579834855669095,1.0,0.0,0.0,30,0,0,0,False,1.0563605738928985,-6.228741480929223e-17
2012-06-06,0.023360029272451843,0.023976695524054348,1.0,0.0,0.0,30,0,0,0,False,1.0810371878213005,-6.228741480929223e-17
2012-06-07,-0.009585508909514706,-0.0048159397058409326,1.0,0.0,0.0,30,0,0,0,False,1.0706748962259227,-6.228741480929223e-17
2012-06-08,0.013281161216466275,0.009678455115117446,1.0,0.0,0.0,30,0,0,0,False,1.0848947021331226,-6.228741480929223e-17
2012-06-11,-0.019573808629475886,-0.01703385146458003,1.0,0.0,0.0,30,0,0,0,False,1.0636591808504365,-6.228741480929223e-17
2012-06-12,0.014967704062401,0.011865944414587881,1.0,0.0,0.0,30,0,0,0,False,1.0795797166926617,-6.228741480929223e-17
2012-06-13,-0.009004543707437973,-0.008603375625525378,1.0,0.0,0.0,30,0,0,0,False,1.0698585939480392,-6.228741480929223e-17
2012-06-14,0.008194930701018732,0.006286786526451538,1.0,0.0,0.0,30,0,0,0,False,1.0786260109853327,-6.228741480929223e-17
2012-06-15,0.014768109663674256,0.012858129595000323,1.0,0.0,0.0,30,0,0,0,False,1.0945552782016557,-6.228741480929223e-17
2012-06-18,0.010727526582396285,0.007842557783347193,1.0,0.0,0.0,30,0,0,0,False,1.1062971490444662,-6.228741480929223e-17
2012-06-19,0.008591595880935277,0.011891528361481107,1.0,0.0,0.0,30,0,0,0,False,1.115802007073287,-6.228741480929223e-17
2012-06-20,1.426464943943273e-05,0.00023551417180911471,1.0,0.0,0.0,30,0,0,0,False,1.1158179235977617,-6.228741480929223e-17
2012-06-21,-0.031249079250641576,-0.024351174734255854,1.0,0.0,0.0,30,0,0,0,False,1.080949640873969,-6.228741480929223e-17
2012-06-22,0.01386149333798481,0.011657485015949653,1.0,0.0,0.0,30,0,0,0,False,1.0959332171196405,-6.228741480929223e-17
2012-06-25,-0.01774798049913917,-0.019450841145160047,1.0,0.0,0.0,30,0,0,0,False,1.0764826157538423,-6.228741480929223e-17
2012-06-26,0.006866482686657127,0.00631142129891904,1.0,0.0,0.0,30,0,0,0,False,1.0838742649974034,-6.228741480929223e-17
2012-06-27,-0.0004897555302598722,0.007449037250476964,1.0,0.0,0.0,30,0,0,0,False,1.0833434315820145,-6.228741480929223e-17
2012-06-28,-0.022983190811517673,-0.00898338240671015,1.0,0.0,0.0,30,0,0,0,False,1.0584447427795607,-6.228741480929223e-17
2012-06-29,0.03754366964974443,0.030026425781455757,1.0,0.0,0.0,30,0,0,0,False,1.0981826425449852,-6.228741480929223e-17
2012-07-02,0.0012926410710683012,0.005512682918519252,1.0,0.12171024133682955,0.00013384913976897535,30,0,0,0,False,1.0996021985322733,-9.299744134494414e-17
2012-07-03,0.00587976004475288,0.008420251894972752,1.0,0.0,0.0,30,0,0,0,False,1.1060675956043258,-9.299744134494414e-17
2012-07-05,0.003937088050953053,1.344049845974915e-05,1.0,0.0,0.0,30,0,0,0,False,1.110422281118526,-9.299744134494414e-17
2012-07-06,-0.01796217771475106,-0.013033748201223494,1.0,0.0,0.0,30,0,0,0,False,1.0904766787666558,-9.299744134494414e-17
2012-07-09,-0.0034551456883653575,-0.0018929094826625192,1.0,0.0,0.0,30,0,0,0,False,1.0867089229717521,-9.299744134494414e-17
2012-07-10,-0.012694844290829455,-0.010041681305150041,1.0,0.0,0.0,30,0,0,0,False,1.0729133224051708,-9.299744134494414e-17
2012-07-11,-0.009222061930910574,-0.004944337654769204,1.0,0.0,0.0,30,0,0,0,False,1.0630188492994512,-9.299744134494414e-17
2012-07-12,-0.0001756622158072263,-0.007545100727844423,1.0,0.0,0.0,30,0,0,0,False,1.0628321170529385,-9.299744134494414e-17
2012-07-13,0.014812020013584837,0.014751325444277041,1.0,0.0,0.0,30,0,0,0,False,1.0785748076418074,-9.299744134494414e-17
2012-07-16,-0.005182603518667284,-0.003964318009125001,1.0,0.0,0.0,30,0,0,0,False,1.072984982048577,-9.299744134494414e-17
2012-07-17,0.0055077620182462095,0.004522047557838471,1.0,0.0,0.0,30,0,0,0,False,1.0788947279788528,-9.299744134494414e-17
2012-07-18,0.018535830587068425,0.011188884001594568,1.0,0.0,0.0,30,0,0,0,False,1.09889293787795,-9.299744134494414e-17
2012-07-19,0.010786618764789146,0.007918099370689102,1.0,0.0,0.0,30,0,0,0,False,1.1107462770621586,-9.299744134494414e-17
2012-07-20,-0.025306792304143677,-0.013688897592261884,1.0,0.0,0.0,30,0,0,0,False,1.0826368517259457,-9.299744134494414e-17
2012-07-23,-0.010440400765164615,-0.012015895805558507,1.0,0.0,0.0,30,0,0,0,False,1.0713336891107907,-9.299744134494414e-17
2012-07-24,-0.012722970717172544,-0.009397401844105091,1.0,0.0,0.0,30,0,0,0,False,1.0577031419559138,-9.299744134494414e-17
2012-07-25,0.0007085878019812419,-0.00305624539380156,1.0,0.0,0.0,30,0,0,0,False,1.058452617500421,-9.299744134494414e-17
2012-07-26,0.028698463376761962,0.013667386064241338,1.0,0.0,0.0,30,0,0,0,False,1.0888285811797946,-9.299744134494414e-17
2012-07-27,0.021948722383058117,0.02241081828393665,1.0,0.0,0.0,30,0,0,0,False,1.112726977430849,-9.299744134494414e-17
2012-07-30,-0.006369074822092702,-0.004141185557532512,1.0,0.0,0.0,30,0,0,0,False,1.1056399360550309,-9.299744134494414e-17
2012-07-31,-0.004084544692926628,-0.002145432129870173,1.0,0.0,0.0,30,0,0,0,False,1.1011239003219295,-9.299744134494414e-17
2012-08-01,-0.011410763591812256,-0.006569099716960625,1.0,0.13552081421304824,0.00014754242902622575,30,0,0,0,False,1.0885592358100618,3.371868756429919e-17
2012-08-02,0.000986037084361735,-0.0035750853534506355,1.0,0.0,0.0,30,0,0,0,False,1.089632595585095,3.371868756429919e-17
2012-08-03,0.02191461552617513,0.019977489629764422,1.0,0.0,0.0,30,0,0,0,False,1.1135114749821307,3.371868756429919e-17
2012-08-06,0.007066461891341191,0.007416018309782002,1.0,0.0,0.0,30,0,0,0,False,1.121380061385663,3.371868756429919e-17
2012-08-07,0.02241783104436945,0.008679258194368877,1.0,0.0,0.0,30,0,0,0,False,1.1465189701383314,3.371868756429919e-17
2012-08-08,-0.008470457775804019,-0.0015286186517736722,1.0,0.0,0.0,30,0,0,0,False,1.1368074296126163,3.371868756429919e-17
2012-08-09,-0.004304305859838653,0.0024540971357409624,1.0,0.0,0.0,30,0,0,0,False,1.1319142627318266,3.371868756429919e-17
2012-08-10,-0.0021892891070924847,0.0007354968043720156,1.0,0.0,0.0,30,0,0,0,False,1.1294361751662652,3.371868756429919e-17
2012-08-13,-0.0011138323366279845,0.0005494792691658201,1.0,0.0,0.0,30,0,0,0,False,1.1281781726322075,3.371868756429919e-17
2012-08-14,0.001993749796818989,-0.0018329076399825617,1.0,0.0,0.0,30,0,0,0,False,1.1304274776346686,3.371868756429919e-17
2012-08-15,0.007974999269497962,0.004623795981411938,1.0,0.0,0.0,30,0,0,0,False,1.1394426359430254,3.371868756429919e-17
2012-08-16,0.010534132258695816,0.010379652792365857,1.0,0.0,0.0,30,0,0,0,False,1.1514456753712463,3.371868756429919e-17
2012-08-17,0.005674031998214035,0.00463696670368452,1.0,0.0,0.0,30,0,0,0,False,1.157979014977508,3.371868756429919e-17
2012-08-20,-0.005313415690257117,-0.00012354586982510352,1.0,0.0,0.0,30,0,0,0,False,1.151826191110338,3.371868756429919e-17
2012-08-21,-0.0012688694803231204,-0.0029094242590720354,1.0,0.0,0.0,30,0,0,0,False,1.1503646740098012,3.371868756429919e-17
2012-08-22,0.004536664691851655,0.0020897804555204402,1.0,0.0,0.0,30,0,0,0,False,1.1555834928091349,3.371868756429919e-17
2012-08-23,-0.004858373123135529,-0.006594722484675408,1.0,0.0,0.0,30,0,0,0,False,1.1499692370261319,3.371868756429919e-17
2012-08-24,0.007270464754728145,0.005367819655722084,1.0,0.0,0.0,30,0,0,0,False,1.158330047832952,3.371868756429919e-17
2012-08-27,-0.0013208338990291502,0.001107535043113561,1.0,0.0,0.0,30,0,0,0,False,1.15680008623951,3.371868756429919e-17
2012-08-28,0.0003211162565603942,0.0012853094434548407,1.0,0.0,0.0,30,0,0,0,False,1.157171553552792,3.371868756429919e-17
2012-08-29,0.0016213146270156464,0.0013161572536886101,1.0,0.0,0.0,30,0,0,0,False,1.1590476927185336,3.371868756429919e-17
2012-08-30,-0.01292913636296511,-0.010541349625999952,1.0,0.0,0.0,30,0,0,0,False,1.1440622070481956,3.371868756429919e-17
2012-08-31,0.005025385193481613,0.005986138399519891,1.0,0.0,0.0,30,0,0,0,False,1.1498115603239174,3.371868756429919e-17
2012-09-04,-5.2868187601973204e-05,0.0026410843310640253,1.0000000000000002,0.18832928158478457,0.00021657252381577022,30,0,0,0,False,1.1497507718706392,-3.0878077872387166e-16
2012-09-05,-0.005984304498473425,-0.0018829225484081613,1.0000000000000002,0.0,0.0,30,0,0,0,False,1.1428703131544105,-3.0878077872387166e-16
2012-09-06,0.025240113546616927,0.02167945472376176,1.0000000000000002,0.0,0.0,30,0,0,0,False,1.1717164896274854,-3.0878077872387166e-16
2012-09-07,0.003378727800524839,0.00019446330630801256,1.0000000000000002,0.0,0.0,30,0,0,0,False,1.1756754007053232,-3.0878077872387166e-16
2012-09-10,-0.012141439637542217,-0.010330217583430001,1.0000000000000002,0.0,0.0,30,0,0,0,False,1.1614010087943163,-3.0878077872387166e-16
2012-09-11,-0.002539051599608988,0.00016430306505754722,1.0000000000000002,0.0,0.0,30,0,0,0,False,1.1584521517051496,-3.0878077872387166e-16
2012-09-12,-0.002354534850870893,0.003150267512312732,1.0000000000000002,0.0,0.0,30,0,0,0,False,1.1557245357408934,-3.0878077872387166e-16
2012-09-13,0.01000841504364014,0.013332005698469152,1.0000000000000002,0.0,0.0,30,0,0,0,False,1.1672915065707066,-3.0878077872387166e-16
2012-09-14,0.015874005185882778,0.008910460674039333,1.0000000000000002,0.0,0.0,30,0,0,0,False,1.1858210979994468,-3.0878077872387166e-16
2012-09-17,-0.002402311763713305,-0.0016583489062328427,1.0000000000000002,0.0,0.0,30,0,0,0,False,1.1829723860260632,-3.0878077872387166e-16
2012-09-18,-0.0016862329965439127,-0.00027366792632343984,1.0000000000000002,0.0,0.0,30,0,0,0,False,1.1809776189547458,-3.0878077872387166e-16
2012-09-19,0.002787694798713991,0.0015168040782931325,1.0000000000000002,0.0,0.0,30,0,0,0,False,1.1842698241205036,-3.0878077872387166e-16
2012-09-20,0.0015679259611058871,-0.0020926468729334236,1.0000000000000002,0.0,0.0,30,0,0,0,False,1.1861266715226966,-3.0878077872387166e-16
2012-09-21,0.00028823014040813,0.0012594617060668334,1.0000000000000002,0.0,0.0,30,0,0,0,False,1.1864685489797713,-3.0878077872387166e-16
2012-09-24,-0.005042815211259266,-0.006031522409086887,1.0000000000000002,0.0,0.0,30,0,0,0,False,1.1804854073332953,-3.0878077872387166e-16
2012-09-25,-0.012300161223822936,-0.013620055809009268,1.0000000000000002,0.0,0.0,30,0,0,0,False,1.1659652465007255,-3.0878077872387166e-16
2012-09-26,-0.007210409024457021,-0.007707530799652362,1.0000000000000002,0.0,0.0,30,0,0,0,False,1.1575581601651534,-3.0878077872387166e-16
2012-09-27,0.015006866725081558,0.01386692310178761,1.0000000000000002,0.0,0.0,30,0,0,0,False,1.1749294812012825,-3.0878077872387166e-16
2012-09-28,-0.007152957225894485,-0.006494324858307587,1.0000000000000002,0.0,0.0,30,0,0,0,False,1.1665252608788073,-3.0878077872387166e-16
2012-10-01,0.0029652749697530734,-0.0008664315535117373,1.0,0.11062808553865597,0.00012944744695476872,30,0,0,0,False,1.1699843290364758,9.803898144700174e-17
2012-10-02,0.0032800936729315833,0.002090874345196614,1.0,0.0,0.0,30,0,0,0,False,1.1738219872315774,9.803898144700174e-17
2012-10-03,0.005890468067226484,0.004868527326572725,1.0,0.0,0.0,30,0,0,0,False,1.1807363481639734,9.803898144700174e-17
2012-10-04,0.005067282243053528,0.004538741974273064,1.0,0.0,0.0,30,0,0,0,False,1.1867194724947527,9.803898144700174e-17
2012-10-05,-0.0008154702366628408,-0.00421345246486704,1.0,0.0,0.0,30,0,0,0,False,1.185751738085665,9.803898144700174e-17
2012-10-08,-0.00794164200976355,-0.0076015167321340504,1.0,0.0,0.0,30,0,0,0,False,1.1763349222693338,9.803898144700174e-17
2012-10-09,-0.01840723521837717,-0.015207190219377997,1.0,0.0,0.0,30,0,0,0,False,1.1546818486595307,9.803898144700174e-17
2012-10-10,-0.007976726034039427,-0.0043197108012345,1.0,0.0,0.0,30,0,0,0,False,1.1454712678962955,9.803898144700174e-17
2012-10-11,-0.0008060994595630033,-0.0007766287215985601,1.0,0.0,0.0,30,0,0,0,False,1.1445479041262994,9.803898144700174e-17
2012-10-12,-0.0034842625912082648,-0.0017379755998038204,1.0,0.0,0.0,30,0,0,0,False,1.1405599986801063,9.803898144700174e-17
2012-10-15,0.008330861576421933,0.006592994123307161,1.0,0.0,0.0,30,0,0,0,False,1.1500618461487142,9.803898144700174e-17
2012-10-16,0.016273878048689516,0.012071745526429423,1.0,0.0,0.0,30,0,0,0,False,1.1687778123813892,9.803898144700174e-17
2012-10-17,-0.002943990030751298,0.0009513184040643718,1.0,0.0,0.0,30,0,0,0,False,1.165336942153575,9.803898144700174e-17
2012-10-18,-0.010679128562104179,-0.01006726511644962,1.0,0.0,0.0,30,0,0,0,False,1.1528921591301478,9.803898144700174e-17
2012-10-19,-0.022049915219956584,-0.021885077406949338,1.0,0.0,0.0,30,0,0,0,False,1.1274709847635753,9.803898144700174e-17
2012-10-22,-0.0016685670808053166,0.003772898644110123,1.0,0.0,0.0,30,0,0,0,False,1.1255897237938357,9.803898144700174e-17
2012-10-23,-0.008466504824309884,-0.008783676283411146,1.0,0.0,0.0,30,0,0,0,False,1.1160599129671416,9.803898144700174e-17
2012-10-24,0.00010624293160432785,-0.002929315222407358,1.0,0.0,0.0,30,0,0,0,False,1.1161784864441413,9.803898144700174e-17
2012-10-25,-0.004166233497634342,0.0014824093637857416,1.0,0.0,0.0,30,0,0,0,False,1.111528226244579,9.803898144700174e-17
2012-10-26,-0.00224109692672958,0.0006128018762538989,1.0,0.0,0.0,30,0,0,0,False,1.109037183752769,9.803898144700174e-17
2012-10-31,-0.0026380564958696784,-0.0035877441054903425,1.0,0.0,0.0,30,0,0,0,False,1.106111481006009,9.803898144700174e-17
2012-11-01,0.013326436794913521,0.014385888896726096,1.0000000000000002,0.19503903641304882,0.00021865254094318167,30,0,0,0,False,1.1208520057457638,-2.9422536455825377e-16
2012-11-02,-0.01348827456132673,-0.012559418933417943,1.0000000000000002,0.0,0.0,30,0,0,0,False,1.1057336461496512,-2.9422536455825377e-16
2012-11-05,0.007275637726099404,0.005878348894191365,1.0000000000000002,0.0,0.0,30,0,0,0,False,1.113778563580595,-2.9422536455825377e-16
2012-11-06,0.004068763325754343,0.004090463722237203,1.0000000000000002,0.0,0.0,30,0,0,0,False,1.1183102649531032,-2.9422536455825377e-16
2012-11-07,-0.019314812065776565,-0.024781420045665747,1.0000000000000002,0.0,0.0,30,0,0,0,False,1.0967103123543052,-2.9422536455825377e-16
2012-11-08,-0.012481454288834737,-0.014200130051850501,1.0000000000000002,0.0,0.0,30,0,0,0,False,1.0830217727225613,-2.9422536455825377e-16
2012-11-09,0.0039812787559883045,0.003208338115046505,1.0000000000000002,0.0,0.0,30,0,0,0,False,1.0873335842985743,-2.9422536455825377e-16
2012-11-12,0.004638900933651158,-0.00021346909798136693,1.0000000000000002,0.0,0.0,30,0,0,0,False,1.092377617077967,-2.9422536455825377e-16
2012-11-13,3.433652730011616e-05,-0.007010450202289742,1.0000000000000002,0.0,0.0,30,0,0,0,False,1.092415125531838,-2.9422536455825377e-16
2012-11-14,-0.018001494237820936,-0.012857564361246965,1.0000000000000002,0.0,0.0,30,0,0,0,False,1.0727500209442682,-2.9422536455825377e-16
2012-11-15,-0.004780212946969398,-0.0034671086771823623,1.0000000000000002,0.0,0.0,30,0,0,0,False,1.0676220474052887,-2.9422536455825377e-16
2012-11-16,0.010125617760500694,0.005706853359847441,1.0000000000000002,0.0,0.0,30,0,0,0,False,1.0784323801699978,-2.9422536455825377e-16
2012-11-19,0.018625868884072805,0.02206005411811085,1.0000000000000002,0.0,0.0,30,0,0,0,False,1.0985191202833826,-2.9422536455825377e-16
2012-11-20,0.0053570450179698526,0.00020911705791992752,1.0000000000000002,0.0,0.0,30,0,0,0,False,1.1044039366638414,-2.9422536455825377e-16
2012-11-21,0.0018762810551431475,0.0033840189319369607,1.0000000000000002,0.0,0.0,30,0,0,0,False,1.1064761088474293,-2.9422536455825377e-16
2012-11-23,0.012845168204642876,0.013770514769950948,1.0000000000000002,0.0,0.0,30,0,0,0,False,1.1206889805799933,-2.9422536455825377e-16
2012-11-26,-0.0011397496664981022,0.0033469503565415337,1.0000000000000002,0.0,0.0,30,0,0,0,False,1.1194116756881292,-2.9422536455825377e-16
2012-11-27,-0.0031907803877624374,-0.0030200417901222743,1.0000000000000002,0.0,0.0,30,0,0,0,False,1.1158398788675112,-2.9422536455825377e-16
2012-11-28,0.008179288627362613,0.008083456039679415,1.0000000000000002,0.0,0.0,30,0,0,0,False,1.1249666552986899,-2.9422536455825377e-16
2012-11-29,0.008182871548033654,0.0067685458155346545,1.0000000000000002,0.0,0.0,30,0,0,0,False,1.1341721129348201,-2.9422536455825377e-16
2012-11-30,-0.0013922916448388944,-0.0005942835894729992,1.0000000000000002,0.0,0.0,30,0,0,0,False,1.1325930145781717,-2.9422536455825377e-16
2012-12-03,-0.0029210396365697555,-0.0026708833847135516,1.0,0.24951094399963247,0.0002818392048969105,30,0,0,0,False,1.129284665490487,-2.7321894746634712e-17
2012-12-04,-0.0006715849793659245,-0.0018353540736792961,1.0,0.0,0.0,30,0,0,0,False,1.1285262548717152,-2.7321894746634712e-17
2012-12-05,-0.002303250531514922,-0.00767176476952125,1.0,0.0,0.0,30,0,0,0,False,1.1259269761753534,-2.7321894746634712e-17
2012-12-06,0.009398621288315478,0.005235901402293575,1.0,0.0,0.0,30,0,0,0,False,1.1365091374227239,-2.7321894746634712e-17
2012-12-07,-0.0045623429745587085,-0.003756770047536717,1.0,0.0,0.0,30,0,0,0,False,1.1313239929440815,-2.7321894746634712e-17
2012-12-10,0.0016636674378101013,0.0029952586264792025,1.0,0.0,0.0,30,0,0,0,False,1.133206139832756,-2.7321894746634712e-17
2012-12-11,0.012788989668812034,0.011831427270535988,1.0,0.0,0.0,30,0,0,0,False,1.1476987014477116,-2.7321894746634712e-17
2012-12-12,-0.0015863654240837466,-0.0028090857955861415,1.0,0.0,0.0,30,0,0,0,False,1.145878031910469,-2.7321894746634712e-17
2012-12-13,-0.011150435965668226,-0.007183664292584324,1.0,0.0,0.0,30,0,0,0,False,1.1331009922911854,-2.7321894746634712e-17
2012-12-14,-0.007264643895157574,-0.006961459512909052,1.0,0.0,0.0,30,0,0,0,False,1.1248694170849403,-2.7321894746634712e-17
2012-12-17,0.0161422961744091,0.013216303365284121,1.0,0.0,0.0,30,0,0,0,False,1.1430273923730603,-2.7321894746634712e-17
2012-12-18,0.01499838514453189,0.014591742025119814,1.0,0.0,0.0,30,0,0,0,False,1.1601709574346213,-2.7321894746634712e-17
2012-12-19,-0.0060470523815426835,-0.003329448393042611,1.0,0.0,0.0,30,0,0,0,False,1.1531553428834695,-2.7321894746634712e-17
2012-12-20,-0.0017193393617603858,0.001980646113447726,1.0,0.0,0.0,30,0,0,0,False,1.1511726775122257,-2.7321894746634712e-17
2012-12-21,-0.0057148517995201376,-0.009631522842375007,1.0,0.0,0.0,30,0,0,0,False,1.1445938962645865,-2.7321894746634712e-17
2012-12-24,-0.0013276268786004408,-0.002783804092008957,1.0,0.0,0.0,30,0,0,0,False,1.1430743026428236,-2.7321894746634712e-17
2012-12-26,-0.009603161568745633,-0.007448781535923099,1.0,0.0,0.0,30,0,0,0,False,1.1320971754294633,-2.7321894746634712e-17
2012-12-27,0.0016470455964907593,-0.001421328672088773,1.0,0.0,0.0,30,0,0,0,False,1.133961791097054,-2.7321894746634712e-17
2012-12-28,-0.008915993902471553,-0.008573533983728066,1.0,0.0,0.0,30,0,0,0,False,1.123851394681997,-2.7321894746634712e-17
2012-12-31,0.019260729266747267,0.019997871168969894,1.0,0.0,0.0,30,0,0,0,False,1.1454975921310233,-2.7321894746634712e-17
2013-01-02,0.02547720729638825,0.030716904398395695,1.0,0.18115303564757992,0.00021283570659020844,30,0,0,0,False,1.174681671743259,4.4642024452090645e-17
2013-01-03,-0.0009194886991301665,-0.003756080790165428,1.0,0.0,0.0,30,0,0,0,False,1.1736015652210159,4.4642024452090645e-17
2013-01-04,-0.0035341809228428556,0.0003514837481017885,1.0,0.0,0.0,30,0,0,0,False,1.1694538449581933,4.4642024452090645e-17
2013-01-07,-0.0010541361316939168,-0.0009187983505218877,1.0,0.0,0.0,30,0,0,0,False,1.1682210814058744,4.4642024452090645e-17
2013-01-08,0.0003476398358717159,-0.00225893158151258,1.0,0.0,0.0,30,0,0,0,False,1.1686272015908763,4.4642024452090645e-17
2013-01-09,0.005481772563009635,0.00452809181262448,1.0,0.0,0.0,30,0,0,0,False,1.1750333501209438,4.4642024452090645e-17
2013-01-10,0.004577930557866372,0.0051355039382479095,1.0,0.0,0.0,30,0,0,0,False,1.1804125712009745,4.4642024452090645e-17
2013-01-11,0.002839414489198999,0.0012428565937163683,1.0,0.0,0.0,30,0,0,0,False,1.1837642517588751,4.4642024452090645e-17
2013-01-14,-0.002292515263668138,-0.002604234736061639,1.0,0.0,0.0,30,0,0,0,False,1.1810504541431333,4.4642024452090645e-17
2013-01-15,-1.8787254273511245e-05,-0.0021555733761026152,1.0,0.0,0.0,30,0,0,0,False,1.1810282654479414,4.4642024452090645e-17
2013-01-16,0.0014047127508625135,0.002173088421553393,1.0,0.0,0.0,30,0,0,0,False,1.1826872709115452,4.4642024452090645e-17
2013-01-17,0.005962234794625765,0.005921335411895212,1.0,0.0,0.0,30,0,0,0,False,1.189738730109335,4.4642024452090645e-17
2013-01-18,-0.0027463354487039515,-0.00041135204081632626,1.0,0.0,0.0,30,0,0,0,False,1.1864713084601397,4.4642024452090645e-17
2013-01-22,0.005998416681887608,0.002701972431261579,1.0,0.0,0.0,30,0,0,0,False,1.193588257749388,4.4642024452090645e-17
2013-01-23,0.0018975348022944871,0.0033373845385049616,1.0,0.0,0.0,30,0,0,0,False,1.1958531330080775,4.4642024452090645e-17
2013-01-24,0.0013807689779075094,-0.007385046862387168,1.0,0.0,0.0,30,0,0,0,False,1.1975043299162684,4.4642024452090645e-17
2013-01-25,0.013411769234833892,0.00617500131533566,1.0,0.0,0.0,30,0,0,0,False,1.2135649816468197,4.4642024452090645e-17
2013-01-28,-0.002153880322151469,0.0014572770191541018,1.0,0.0,0.0,30,0,0,0,False,1.2109511079131985,4.4642024452090645e-17
2013-01-29,-0.004028036971081894,-0.000202929334559232,1.0,0.0,0.0,30,0,0,0,False,1.2060733520803515,4.4642024452090645e-17
2013-01-30,-0.0002053294890482782,-0.0035989296119089964,1.0,0.0,0.0,30,0,0,0,False,1.205825709655214,4.4642024452090645e-17
2013-01-31,0.0021869841540067547,-5.7346345289199796e-05,1.0,0.0,0.0,30,0,0,0,False,1.2084628313747239,4.4642024452090645e-17
2013-02-01,0.008919583001326448,0.011765968046069775,1.0,0.1942884429140722,0.00023693062683012193,30,0,0,0,False,1.2192418159031888,4.548228113576691e-17
2013-02-04,-0.014241472796316157,-0.015076656441236347,1.0,0.0,0.0,30,0,0,0,False,1.2018780167498724,4.548228113576691e-17
2013-02-05,0.01115725167142223,0.012905783234566925,1.0,0.0,0.0,30,0,0,0,False,1.2152876722611006,4.548228113576691e-17
2013-02-06,-0.002857299857077944,-0.0009774623065644805,1.0,0.0,0.0,30,0,0,0,False,1.2118152309688404,4.548228113576691e-17
2013-02-07,-0.0027848905399262547,-0.001057320860475719,1.0,0.0,0.0,30,0,0,0,False,1.2084404581959767,4.548228113576691e-17
2013-02-08,0.009449779369138378,0.009080259233594123,1.0,0.0,0.0,30,0,0,0,False,1.219859953906669,4.548228113576691e-17
2013-02-11,-0.001221993496288487,-0.0005855278835542599,1.0,0.0,0.0,30,0,0,0,False,1.2183692929766123,4.548228113576691e-17
2013-02-12,-0.0029680687468326417,-0.0017261904761904923,1.0,0.0,0.0,30,0,0,0,False,1.2147530891560279,4.548228113576691e-17
2013-02-13,0.002969754778051392,0.0032606096363083648,1.0,0.0,0.0,30,0,0,0,False,1.2183606079467018,4.548228113576691e-17
2013-02-14,-0.006358445523008238,0.0005567928904679498,1.0,0.0,0.0,30,0,0,0,False,1.2106137283936935,4.548228113576691e-17
2013-02-15,0.0004096604799581627,-0.0020727117628228653,1.0,0.0,0.0,30,0,0,0,False,1.2111096689947112,4.548228113576691e-17
2013-02-19,0.0014315095020731583,0.006754353812464142,1.0,0.0,0.0,30,0,0,0,False,1.2128433839939297,4.548228113576691e-17
2013-02-20,-0.015568381409841514,-0.0153038186170662,1.0,0.0,0.0,30,0,0,0,False,1.1939613756015093,4.548228113576691e-17
2013-02-21,-0.008344404527074412,-0.010403171852041093,1.0,0.0,0.0,30,0,0,0,False,1.183998478893788,4.548228113576691e-17
2013-02-22,0.01025702203742651,0.009685517118049214,1.0,0.0,0.0,30,0,0,0,False,1.1961427773840811,4.548228113576691e-17
2013-02-25,-0.018188506714780672,-0.014412616328171257,1.0,0.0,0.0,30,0,0,0,False,1.1743867264457943,4.548228113576691e-17
2013-02-26,0.002265810098307064,0.004300008022462887,1.0,0.0,0.0,30,0,0,0,False,1.177047663749893,4.548228113576691e-17
2013-02-27,0.018604293639161718,0.010419727778496979,1.0,0.0,0.0,30,0,0,0,False,1.1989458041135852,4.548228113576691e-17
2013-02-28,-0.0009459772185138604,-0.000654626754283405,1.0,0.0,0.0,30,0,0,0,False,1.197811628696661,4.548228113576691e-17
2013-03-01,0.007136164037773618,0.003022001937288632,1.0,0.44814358401712945,0.0005408646141531919,30,0,0,0,False,1.206359408965393,-4.4885969940899884e-17
2013-03-04,0.002384504221061956,0.0038772896199690265,1.0,0.0,0.0,30,0,0,0,False,1.2092359780681887,-4.4885969940899884e-17
2013-03-05,0.012202074115731376,0.013230516368481604,1.0,0.0,0.0,30,0,0,0,False,1.2239911650959856,-4.4885969940899884e-17
2013-03-06,-0.0008700616941794692,-0.0005489232924517085,1.0,0.0,0.0,30,0,0,0,False,1.2229262172692215,-4.4885969940899884e-17
2013-03-07,-0.00468947951885601,0.003019525967938863,1.0,0.0,0.0,30,0,0,0,False,1.2171913298202655,-4.4885969940899884e-17
2013-03-08,0.0052795883529737075,0.003799399032842654,1.0,0.0,0.0,30,0,0,0,False,1.2236175989885252,-4.4885969940899884e-17
2013-03-11,0.0007286991090709183,0.002619923047620265,1.0,0.0,0.0,30,0,0,0,False,1.2245092480427515,-4.4885969940899884e-17
2013-03-12,-0.003132795826661816,-0.0032432896720960835,1.0,0.0,0.0,30,0,0,0,False,1.2206731105807744,-4.4885969940899884e-17
2013-03-13,0.004556044991814723,0.0008635791389013381,1.0,0.0,0.0,30,0,0,0,False,1.2262345521928788,-4.4885969940899884e-17
2013-03-14,0.0016260736351418892,0.0042555589853208176,1.0,0.0,0.0,30,0,0,0,False,1.2282284998686996,-4.4885969940899884e-17
2013-03-15,-0.01338761718530379,-0.003025471643314681,1.0,0.0,0.0,30,0,0,0,False,1.2117854468963776,-4.4885969940899884e-17
2013-03-18,-0.006606323856095941,-0.0035333186563133445,1.0,0.0,0.0,30,0,0,0,False,1.2037799997900762,-4.4885969940899884e-17
2013-03-19,-0.003985860193538304,-0.002622320842900927,1.0,0.0,0.0,30,0,0,0,False,1.1989819010071354,-4.4885969940899884e-17
2013-03-20,0.010870039821520683,0.007769904686448115,1.0,0.0,0.0,30,0,0,0,False,1.2120148820163656,-4.4885969940899884e-17
2013-03-21,-0.011941545136322396,-0.00970742365096755,1.0,0.0,0.0,30,0,0,0,False,1.1975415515968728,-4.4885969940899884e-17
2013-03-22,0.0038307391079028807,0.006950877957212276,1.0,0.0,0.0,30,0,0,0,False,1.2021290208519135,-4.4885969940899884e-17
2013-03-25,-0.0038290088947939838,-0.0029892141756547863,1.0,0.0,0.0,30,0,0,0,False,1.1975260581383815,-4.4885969940899884e-17
2013-03-26,0.008791921411913428,0.005310172163323301,1.0,0.0,0.0,30,0,0,0,False,1.2080546131302525,-4.4885969940899884e-17
2013-03-27,0.0010296256278676807,0.0012421290830382237,1.0,0.0,0.0,30,0,0,0,False,1.2092984571197953,-4.4885969940899884e-17
2013-03-28,0.006493063359064299,0.003377838920074261,1.0,0.0,0.0,30,0,0,0,False,1.2171505086218928,-4.4885969940899884e-17
2013-04-01,-0.008305605223572043,-0.008676335569483884,1.0,0.05401670611025372,6.520391926457977e-05,30,0,0,0,False,1.2070413369996094,-1.2739375526704677e-17
2013-04-02,0.004376576306258206,0.004843895344915472,1.0,0.0,0.0,30,0,0,0,False,1.2123240455157962,-1.2739375526704677e-17
2013-04-03,-0.008963280039972377,-0.011140263755114899,1.0,0.0,0.0,30,0,0,0,False,1.201457645596646,-1.2739375526704677e-17
2013-04-04,0.008508933149736553,0.001982197167023081,1.0,0.0,0.0,30,0,0,0,False,1.2116807683852677,-1.2739375526704677e-17
2013-04-05,-0.01389427011055111,-0.006548846814553921,1.0,0.0,0.0,30,0,0,0,False,1.1948453485015627,-1.2739375526704677e-17
2013-04-08,0.008947193137356368,0.005739919792377979,1.0,0.0,0.0,30,0,0,0,False,1.205535860603878,-1.2739375526704677e-17
2013-04-09,0.004823752506808443,0.004844472030413494,1.0,0.0,0.0,30,0,0,0,False,1.2113510672335135,-1.2739375526704677e-17
2013-04-10,0.018589849294987637,0.01834233047931888,1.0,0.0,0.0,30,0,0,0,False,1.233869901016707,-1.2739375526704677e-17
2013-04-11,0.011070680456755744,0.0008825233148836986,1.0,0.0,0.0,30,0,0,0,False,1.2475296804160716,-1.2739375526704677e-17
2013-04-12,0.0006034078418719613,-0.0015786810814834018,1.0,0.0,0.0,30,0,0,0,False,1.2482824496082026,-1.2739375526704677e-17
2013-04-15,-0.025630369032929257,-0.02381219745367913,1.0,0.0,0.0,30,0,0,0,False,1.2162885097674154,-1.2739375526704677e-17
2013-04-16,0.014135479681083085,0.014966594020189739,1.0,0.0,0.0,30,0,0,0,False,1.2334813312835675,-1.2739375526704677e-17
2013-04-17,-0.021782380052423278,-0.018366553586977807,1.0,0.0,0.0,30,0,0,0,False,1.2066131721379798,-1.2739375526704677e-17
2013-04-18,-0.015470096376580589,-0.011954366969278207,1.0,0.0,0.0,30,0,0,0,False,1.1879467500757537,-1.2739375526704677e-17
2013-04-19,0.0045033140272521255,0.012538055921055946,1.0,0.0,0.0,30,0,0,0,False,1.1932964473389984,-1.2739375526704677e-17
2013-04-22,0.009516739090468684,0.008574355795763156,1.0,0.0,0.0,30,0,0,0,False,1.204652738285907,-1.2739375526704677e-17
2013-04-23,0.012872472832871074,0.011065268822192387,1.0,0.0,0.0,30,0,0,0,False,1.220159597932536,-1.2739375526704677e-17
2013-04-24,0.00015274465770498402,9.781820440823985e-05,1.0,0.0,0.0,30,0,0,0,False,1.2203459707926676,-1.2739375526704677e-17
2013-04-25,0.003886315316542044,0.006220880100955117,1.0,0.0,0.0,30,0,0,0,False,1.2250886200304394,-1.2739375526704677e-17
2013-04-26,-0.006593731521312929,-0.003261408089386131,1.0,0.0,0.0,30,0,0,0,False,1.217010714580143,-1.2739375526704677e-17
2013-04-29,0.008816987972225077,0.008465324493940551,1.0,0.0,0.0,30,0,0,0,False,1.2277410834126652,-1.2739375526704677e-17
2013-04-30,0.007666135148316489,0.006582965933075613,1.0,0.0,0.0,30,0,0,0,False,1.2371531124852473,-1.2739375526704677e-17
2013-05-01,-0.0042386209443209255,-0.00891017456793608,1.0,0.12789436705471002,0.0001575744117151728,30,0,0,0,False,1.2319092893913355,9.383769802862041e-17
2013-05-02,0.014671962217982948,0.012576103778150882,1.0,0.0,0.0,30,0,0,0,False,1.2499838159412675,9.383769802862041e-17
2013-05-03,0.015527053893382936,0.011378067203750453,1.0,0.0,0.0,30,0,0,0,False,1.2693923820172441,9.383769802862041e-17
2013-05-06,0.002659246185590325,0.004244353606176254,1.0,0.0,0.0,30,0,0,0,False,1.272768008867141,9.383769802862041e-17
2013-05-07,0.006856954873988075,0.0010786714884010173,1.0,0.0,0.0,30,0,0,0,False,1.2814953216689986,9.383769802862041e-17
2013-05-08,0.002133200591143858,0.004899002979394496,1.0,0.0,0.0,30,0,0,0,False,1.284229008246731,9.383769802862041e-17
2013-05-09,-0.00521279921345652,-0.0012012234602009064,1.0,0.0,0.0,30,0,0,0,False,1.2775345802826443,9.383769802862041e-17
2013-05-10,0.011178145604902268,0.008040139037951866,1.0,0.0,0.0,30,0,0,0,False,1.2918150478363415,9.383769802862041e-17
2013-05-13,-0.0030353148572139776,0.0006430520854148192,1.0,0.0,0.0,30,0,0,0,False,1.2878939824288713,9.383769802862041e-17
2013-05-14,0.012285683879439624,0.006926884165651348,1.0,0.0,0.0,30,0,0,0,False,1.303716640767225,9.383769802862041e-17
2013-05-15,0.007533075109872778,0.0026020833243685093,1.0,0.0,0.0,30,0,0,0,False,1.3135376361441153,9.383769802862041e-17
2013-05-16,-0.0073948906139506,-0.0018377874929346172,1.0,0.0,0.0,30,0,0,0,False,1.3038241690075223,9.383769802862041e-17
2013-05-17,0.010949916192489084,0.00973381353095304,1.0,0.0,0.0,30,0,0,0,False,1.3181009343878964,9.383769802862041e-17
2013-05-20,-0.0009513846936924919,-0.0007259564957686759,1.0,0.0,0.0,30,0,0,0,False,1.316846913334178,9.383769802862041e-17
2013-05-21,0.003151026528300571,0.0016274314551536495,1.0,0.0,0.0,30,0,0,0,False,1.3209963328918048,9.383769802862041e-17
2013-05-22,-0.00962149089912756,-0.011084742639180134,1.0,0.0,0.0,30,0,0,0,False,1.3082863786971055,9.383769802862041e-17
2013-05-23,-0.0006703338595245301,-0.0011203476453094385,1.0,0.0,0.0,30,0,0,0,False,1.30740939003951,9.383769802862041e-17
2013-05-24,-0.00039288304543749764,-8.09384255434642e-05,1.0,0.0,0.0,30,0,0,0,False,1.3068957310567177,9.383769802862041e-17
2013-05-28,0.006756801195098472,0.008600403817145441,1.0,0.0,0.0,30,0,0,0,False,1.315726165694191,9.383769802862041e-17
2013-05-29,-0.0047206156245680475,-0.0061251287981315405,1.0,0.0,0.0,30,0,0,0,False,1.309515128198762,9.383769802862041e-17
2013-05-30,0.008037868348309107,0.006857927279438902,1.0,0.0,0.0,30,0,0,0,False,1.320040838399343,9.383769802862041e-17
2013-05-31,-0.007955346879031544,-0.010136653968435883,1.0,0.0,0.0,30,0,0,0,False,1.3095394556353885,9.383769802862041e-17
2013-06-03,-0.0028652198272917095,0.002737397754495774,0.9999999999999998,0.11391744724765458,0.00014876890747886717,30,0,0,0,False,1.3057873372224813,1.9052142676001527e-16
2013-06-04,-0.002824406764170506,-0.005803160822562603,0.9999999999999998,0.0,0.0,30,0,0,0,False,1.302099262634662,1.9052142676001527e-16
2013-06-05,-0.015619892750442621,-0.012707313816664123,0.9999999999999998,0.0,0.0,30,0,0,0,False,1.281760611801878,1.9052142676001527e-16
2013-06-06,0.012893779757293888,0.006635346966614497,0.9999999999999998,0.0,0.0,30,0,0,0,False,1.2982873508320258,1.9052142676001527e-16
2013-06-07,0.015187833361401504,0.013191980257297509,0.9999999999999998,0.0,0.0,30,0,0,0,False,1.318005522771678,1.9052142676001527e-16
2013-06-10,-0.003683494504233442,0.0013115340047620272,0.9999999999999998,0.0,0.0,30,0,0,0,False,1.3131506566719993,1.9052142676001527e-16
2013-06-11,-0.016114818449338597,-0.010599435195767226,0.9999999999999998,0.0,0.0,30,0,0,0,False,1.2919894722431002,1.9052142676001527e-16
2013-06-12,-0.010528081735874939,-0.010625729207582202,0.9999999999999998,0.0,0.0,30,0,0,0,False,1.278387301477435,1.9052142676001527e-16
2013-06-13,0.014235252707126556,0.013213094026728767,0.9999999999999998,0.0,0.0,30,0,0,0,False,1.2965854677715478,1.9052142676001527e-16
2013-06-14,-0.008341943818916842,-0.00632735022385611,0.9999999999999998,0.0,0.0,30,0,0,0,False,1.2857694246429736,1.9052142676001527e-16
2013-06-17,0.0045505861714603135,0.008345055779800603,0.9999999999999998,0.0,0.0,30,0,0,0,False,1.2916204292064404,1.9052142676001527e-16
2013-06-18,0.009617400353934658,0.008704770929969907,0.9999999999999998,0.0,0.0,30,0,0,0,False,1.3040424599794396,1.9052142676001527e-16
2013-06-19,-0.013767784562518481,-0.0111941086099544,0.9999999999999998,0.0,0.0,30,0,0,0,False,1.286088684330066,1.9052142676001527e-16
2013-06-20,-0.025709468976628402,-0.022816014172862387,0.9999999999999998,0.0,0.0,30,0,0,0,False,1.2530240271990893,1.9052142676001527e-16
2013-06-21,-0.008929144017139401,-0.002196342021623221,0.9999999999999998,0.0,0.0,30,0,0,0,False,1.2418355952032927,1.9052142676001527e-16
2013-06-24,-0.0070454647891160516,-0.01086901481867597,0.9999999999999998,0.0,0.0,30,0,0,0,False,1.2330862862434169,1.9052142676001527e-16
2013-06-25,0.011707562295756091,0.00816978643443056,0.9999999999999998,0.0,0.0,30,0,0,0,False,1.247522720755654,1.9052142676001527e-16
2013-06-26,0.01174887947570058,0.008462076366370308,0.9999999999999998,0.0,0.0,30,0,0,0,False,1.2621797148450102,1.9052142676001527e-16
2013-06-27,0.010722861016898122,0.007594321460094422,0.9999999999999998,0.0,0.0,30,0,0,0,False,1.2757138925056413,1.9052142676001527e-16
2013-06-28,3.800479999949147e-05,0.0004085705934822048,0.9999999999999998,0.0,0.0,30,0,0,0,False,1.2757623757569825,1.9052142676001527e-16
2013-07-01,0.0072917106480510085,0.009179460809520146,0.9999999999999998,0.04898439387133316,6.295120716606166e-05,30,0,0,0,False,1.2850648658566726,3.1126089119343225e-16
2013-07-02,0.0006861370455988336,-0.0003173979251649417,0.9999999999999998,0.0,0.0,30,0,0,0,False,1.2859465964671344,3.1126089119343225e-16
2013-07-03,0.002522259688802375,0.0029912041414108526,0.9999999999999998,0.0,0.0,30,0,0,0,False,1.289190087729356,3.1126089119343225e-16
2013-07-05,0.00846218666207288,0.010369751177370379,0.9999999999999998,0.0,0.0,30,0,0,0,False,1.3000994548946159,3.1126089119343225e-16
2013-07-08,0.003545769122060838,0.0015664285466499006,0.9999999999999998,0.0,0.0,30,0,0,0,False,1.3047093073973892,3.1126089119343225e-16
2013-07-09,0.0021209538285973384,0.005575565936485782,0.9999999999999998,0.0,0.0,30,0,0,0,False,1.3074765355981202,3.1126089119343225e-16
2013-07-10,0.005019332663192211,0.004708554730527892,0.9999999999999998,0.0,0.0,30,0,0,0,False,1.314039195279605,3.1126089119343225e-16
2013-07-11,0.015407678495878985,0.01634306229336846,0.9999999999999999,0.0,0.0,30,0,0,0,False,1.3342854887314568,3.1126089119343225e-16
2013-07-12,0.007139204743950689,0.006086717156191579,0.9999999999999999,0.0,0.0,30,0,0,0,False,1.3438112260223931,3.1126089119343225e-16
2013-07-15,0.0003779437433197863,0.00205825975927576,0.9999999999999999,0.0,0.0,30,0,0,0,False,1.3443191110674713,3.1126089119343225e-16
2013-07-16,-0.0040276236194649595,-0.0024920373999650636,0.9999999999999999,0.0,0.0,30,0,0,0,False,1.3389046996636378,3.1126089119343225e-16
2013-07-17,0.006070491712197645,0.0031957760177852013,0.9999999999999999,0.0,0.0,30,0,0,0,False,1.3470325095463684,3.1126089119343225e-16
2013-07-18,0.0035703211741076046,0.0003545706371190782,0.9999999999999999,0.0,0.0,30,0,0,0,False,1.3518418482374133,3.1126089119343225e-16
2013-07-19,-0.0038937565511978356,-0.006554434992578906,0.9999999999999999,0.0,0.0,30,0,0,0,False,1.3465781051846555,3.1126089119343225e-16
2013-07-22,0.0028083041377799933,0.0035622042651737296,0.9999999999999999,0.0,0.0,30,0,0,0,False,1.3503597060492896,3.1126089119343225e-16
2013-07-23,-0.010766392389676693,-0.00586600356811362,0.9999999999999999,0.0,0.0,30,0,0,0,False,1.3358212035867545,3.1126089119343225e-16
2013-07-24,-0.004123745745317264,9.222550967091792e-05,0.9999999999999998,0.0,0.0,30,0,0,0,False,1.330312616581959,3.1126089119343225e-16
2013-07-25,0.011450572010184512,0.0071487873743214525,0.9999999999999999,0.0,0.0,30,0,0,0,False,1.3455454569941876,3.1126089119343225e-16
2013-07-26,0.007025180027236955,0.002210701855122954,0.9999999999999999,0.0,0.0,30,0,0,0,False,1.3549981560644024,3.1126089119343225e-16
2013-07-29,-0.005931087044500516,-0.0038802600460610126,0.9999999999999999,0.0,0.0,30,0,0,0,False,1.3469615440556468,3.1126089119343225e-16
2013-07-30,0.005482101258304173,0.004815067066439971,0.9999999999999999,0.0,0.0,30,0,0,0,False,1.3543457236312015,3.1126089119343225e-16
2013-07-31,0.0009339886930022079,0.0027375036983579015,0.9999999999999999,0.0,0.0,30,0,0,0,False,1.3556106672234889,3.1126089119343225e-16
2013-08-01,0.017003125566601884,0.013614137178110886,1.0,0.32663079423116287,0.0004504600381863183,30,0,0,0,False,1.3786602856177148,-4.494018004952416e-17
2013-08-02,0.001348376456525191,0.0037679759721851447,1.0,0.0,0.0,30,0,0,0,False,1.380519238688388,-4.494018004952416e-17
2013-08-05,-0.0030966399664874578,0.0009106431633150169,1.0,0.0,0.0,30,0,0,0,False,1.3762442676393607,-4.494018004952416e-17
2013-08-06,-0.0022551805466082264,-0.007359969671942412,1.0,0.0,0.0,30,0,0,0,False,1.3731405883395993,-4.494018004952416e-17
2013-08-07,-0.006642178717593761,-0.0032080572430893683,1.0,0.0,0.0,30,0,0,0,False,1.3640199431474658,-4.494018004952416e-17
2013-08-08,0.006889126514247668,0.004135210357935515,1.0,0.0,0.0,30,0,0,0,False,1.3734168491037655,-4.494018004952416e-17
2013-08-09,-0.00084706766492193,-0.0024556296208456674,1.0,0.0,0.0,30,0,0,0,False,1.3722534721004307,-4.494018004952416e-17
2013-08-12,0.0007460848089260175,0.0026884163949056905,1.0,0.0,0.0,30,0,0,0,False,1.3732772895699608,-4.494018004952416e-17
2013-08-13,0.0037432282952405416,0.003948255425823222,1.0,0.0,0.0,30,0,0,0,False,1.3784177799774904,-4.494018004952416e-17
2013-08-14,-0.01083361817344708,-0.004117287949248372,1.0,0.0,0.0,30,0,0,0,False,1.3634845280657237,-4.494018004952416e-17
2013-08-15,-0.022843896539124442,-0.017210480558803254,1.0,0.0,0.0,30,0,0,0,False,1.3323372285738935,-4.494018004952416e-17
2013-08-16,-0.004569004056322545,-0.0009262309372335409,1.0,0.0,0.0,30,0,0,0,False,1.3262497743721497,-4.494018004952416e-17
2013-08-19,-0.004567913413591196,-0.0037998156978777953,1.0,0.0,0.0,30,0,0,0,False,1.3201915802380229,-4.494018004952416e-17
2013-08-20,0.008339121970118324,0.006826242673595662,1.0,0.0,0.0,30,0,0,0,False,1.331200818849551,-4.494018004952416e-17
2013-08-21,0.001962761267165991,-0.0038189444895810887,1.0,0.0,0.0,30,0,0,0,False,1.3338136482556084,-4.494018004952416e-17
2013-08-22,0.013285573445142695,0.010811741796049157,1.0,0.0,0.0,30,0,0,0,False,1.351534127441642,-4.494018004952416e-17
2013-08-23,0.0037975334115891712,0.005243616556416919,1.0,0.0,0.0,30,0,0,0,False,1.3566666234475044,-4.494018004952416e-17
2013-08-26,0.0006807707995672985,-6.0118268134568e-05,1.0,0.0,0.0,30,0,0,0,False,1.357590202469495,-4.494018004952416e-17
2013-08-27,-0.023780818338877463,-0.021612736827655077,1.0,0.0,0.0,30,0,0,0,False,1.3253055964859282,-4.494018004952416e-17
2013-08-28,0.0071972599785326,0.004144199277913874,1.0,0.0,0.0,30,0,0,0,False,1.3348441654148417,-4.494018004952416e-17
2013-08-29,0.005660457640784378,0.007499937175617921,1.0,0.0,0.0,30,0,0,0,False,1.3423999942702207,-4.494018004952416e-17
2013-08-30,-0.004588163996343098,-0.008405353147529215,1.0,0.0,0.0,30,0,0,0,False,1.336240842947819,-4.494018004952416e-17
2013-09-03,0.005620805151884678,0.006334491044675872,1.0,0.2294441134850869,0.00030838665035527865,30,0,0,0,False,1.3437515923620187,-1.5178830414797062e-17
2013-09-04,0.013172048659886304,0.01008409404601962,1.0,0.0,0.0,30,0,0,0,False,1.3614515537234109,-1.5178830414797062e-17
2013-09-05,0.0019056856884889228,0.002669195185583062,1.0,0.0,0.0,30,0,0,0,False,1.3640460524649127,-1.5178830414797062e-17
2013-09-06,-0.0029061965986062477,0.0003361776329815491,1.0,0.0,0.0,30,0,0,0,False,1.360081866466897,-1.5178830414797062e-17
2013-09-09,0.015220226762487243,0.012614692309583786,1.0,0.0,0.0,30,0,0,0,False,1.38078262089007,-1.5178830414797062e-17
2013-09-10,0.0016338005451479454,0.006162706780639571,1.0,0.0,0.0,30,0,0,0,False,1.383038544288811,-1.5178830414797062e-17
2013-09-11,0.0009946358994517013,-0.0010753495556472537,1.0,0.0,0.0,30,0,0,0,False,1.384414164075286,-1.5178830414797062e-17
2013-09-12,-0.005070208889695227,-0.0024268391225796826,1.0,0.0,0.0,30,0,0,0,False,1.3773948950735715,-1.5178830414797062e-17
2013-09-13,0.00401480452381775,0.0016711383568759342,1.0,0.0,0.0,30,0,0,0,False,1.3829248663293963,-1.5178830414797062e-17
2013-09-16,0.002606390395288427,-0.0011632430769936697,1.0,0.0,0.0,30,0,0,0,False,1.3865293084184027,-1.5178830414797062e-17
2013-09-17,0.005632200639124285,0.007490861452429165,1.0,0.0,0.0,30,0,0,0,False,1.3943385196754414,-1.5178830414797062e-17
2013-09-18,0.01670501551765846,0.010128921162933624,1.0,0.0,0.0,30,0,0,0,False,1.4176309662834887,-1.5178830414797062e-17
2013-09-19,0.0006686857307969252,0.0015170576882856945,1.0,0.0,0.0,30,0,0,0,False,1.4185789158821784,-1.5178830414797062e-17
2013-09-20,-0.002464420296334091,-0.0038660415124912584,1.0,0.0,0.0,30,0,0,0,False,1.4150829412099268,-1.5178830414797062e-17
2013-09-23,-0.010937087272390733,-0.0025008411197622316,1.0,0.0,0.0,30,0,0,0,False,1.3996060555842424,-1.5178830414797062e-17
2013-09-24,0.002400463784423712,0.0007861280273233628,1.0,0.0,0.0,30,0,0,0,False,1.4029657592331326,-1.5178830414797062e-17
2013-09-25,-0.0043814789420683065,-0.0018974059576726265,1.0,0.0,0.0,30,0,0,0,False,1.3968186943026097,-1.5178830414797062e-17
2013-09-26,0.007994649722373293,0.007000558161161408,1.0,0.0,0.0,30,0,0,0,False,1.4079857704892218,-1.5178830414797062e-17
2013-09-27,0.0013623687289929798,-0.0015418899238240913,1.0,0.0,0.0,30,0,0,0,False,1.4099039662738035,-1.5178830414797062e-17
2013-09-30,-0.0007773550277250241,-0.002673504989342934,1.0,0.0,0.0,30,0,0,0,False,1.408807970337011,-1.5178830414797062e-17
2013-10-01,0.012503369422770971,0.01232937732667283,1.0,0.1850053031152521,0.0002639446167530616,30,0,0,0,False,1.426422816835879,1.0289078616887437e-16
2013-10-02,0.0025721365484709935,-0.0007752790742748816,1.0,0.0,0.0,30,0,0,0,False,1.4300917710966357,1.0289078616887437e-16
2013-10-03,-0.009878916554613038,-0.010663089577512053,1.0,0.0,0.0,30,0,0,0,False,1.4159640138245333,1.0289078616887437e-16
2013-10-04,0.010298775917159997,0.008851852009838845,1.0,0.0,0.0,30,0,0,0,False,1.4305467099096747,1.0289078616887437e-16
2013-10-07,-0.010923157396345862,-0.009814220996651635,1.0,0.0,0.0,30,0,0,0,False,1.4149206230345066,1.0289078616887437e-16
2013-10-08,-0.020793939279401985,-0.020037715562826963,1.0,0.0,0.0,30,0,0,0,False,1.3854988495139535,1.0289078616887437e-16
2013-10-09,-0.007002623506326744,-0.004614582954707402,1.0,0.0,0.0,30,0,0,0,False,1.3757967227023584,1.0289078616887437e-16
2013-10-10,0.02147876324661424,0.0225598050998157,1.0,0.0,0.0,30,0,0,0,False,1.4053471347847502,1.0289078616887437e-16
2013-10-11,0.005068991555610802,0.008274971747656679,1.0,0.0,0.0,30,0,0,0,False,1.412470827543676,1.0289078616887437e-16
2013-10-14,0.00825522521335964,0.006173708324027194,1.0,0.0,0.0,30,0,0,0,False,1.4241310923323494,1.0289078616887437e-16
2013-10-15,-0.009150796333482591,-0.005574951248663251,1.0,0.0,0.0,30,0,0,0,False,1.4110991587542359,1.0289078616887437e-16
2013-10-16,0.015207684040825065,0.011971476089941646,1.0,0.0,0.0,30,0,0,0,False,1.4325587089108442,1.0289078616887437e-16
2013-10-17,0.000651644166155485,0.006178000541174011,1.0,0.0,0.0,30,0,0,0,False,1.4334922274361812,1.0289078616887437e-16
2013-10-18,0.010310075983770428,0.013235339379401356,1.0,0.0,0.0,30,0,0,0,False,1.4482716412231924,1.0289078616887437e-16
2013-10-21,0.0013515012447096186,0.0014740897431966271,1.0,0.0,0.0,30,0,0,0,False,1.450228982148983,1.0289078616887437e-16
2013-10-22,0.00516199948275875,0.0024285659621687827,1.0,0.0,0.0,30,0,0,0,False,1.4577150634047178,1.0289078616887437e-16
2013-10-23,-0.005265338683988929,-0.005725817182902548,1.0,0.0,0.0,30,0,0,0,False,1.4500396998911396,1.0289078616887437e-16
2013-10-24,0.0040640793948663045,0.005602638150771888,1.0,0.0,0.0,30,0,0,0,False,1.4559327763572052,1.0289078616887437e-16
2013-10-25,0.005459990535086057,0.003665117486561398,1.0,0.0,0.0,30,0,0,0,False,1.463882155535837,1.0289078616887437e-16
2013-10-28,0.0024056757488115643,-0.0008191491312192767,1.0,0.0,0.0,30,0,0,0,False,1.4674037813365275,1.0289078616887437e-16
2013-10-29,0.005669834458782441,0.003098933362577716,1.0,0.0,0.0,30,0,0,0,False,1.4757237178608968,1.0289078616887437e-16
2013-10-30,-0.004542019834199218,-0.0054954784888071595,1.0,0.0,0.0,30,0,0,0,False,1.4690209514645745,1.0289078616887437e-16
2013-10-31,-0.005290378159651388,-0.0027756689078143326,1.0,0.0,0.0,30,0,0,0,False,1.461249275106876,1.0289078616887437e-16
2013-11-01,-0.0010116987455514037,0.0005944317309187763,1.0,0.12243792614548989,0.0001787532116175486,30,0,0,0,False,1.4597709310483125,-1.5829351718288365e-17
2013-11-04,0.008549651603170227,0.003709829578484758,1.0,0.0,0.0,30,0,0,0,False,1.472251463929211,-1.5829351718288365e-17
2013-11-05,0.0004149213292661269,0.0008306681460179544,1.0,0.0,0.0,30,0,0,0,False,1.4728623324636385,-1.5829351718288365e-17
2013-11-06,-0.007377111830046967,-0.0020077108829321677,1.0,0.0,0.0,30,0,0,0,False,1.4619968623267905,-1.5829351718288365e-17
2013-11-07,-0.02029468909848753,-0.01897783542517062,1.0,0.0,0.0,30,0,0,0,False,1.432326090542904,-1.5829351718288365e-17
2013-11-08,0.01808031491574935,0.016047343212861165,1.0,0.0,0.0,30,0,0,0,False,1.4582229973219638,-1.5829351718288365e-17
2013-11-11,0.0014133119131078953,0.00014288520959482298,1.0,0.0,0.0,30,0,0,0,False,1.460283921256047,-1.5829351718288365e-17
2013-11-12,0.0022124942016961135,3.313953043404538e-05,1.0,0.0,0.0,30,0,0,0,False,1.463514790964656,-1.5829351718288365e-17
2013-11-13,0.01110862456009265,0.011648248220582413,1.0,0.0,0.0,30,0,0,0,False,1.4797724273156247,-1.5829351718288365e-17
2013-11-14,0.0042185759203743345,0.001805511380289504,1.0,0.0,0.0,30,0,0,0,False,1.4860149596451322,-1.5829351718288365e-17
2013-11-15,0.005455572959171651,0.003330195280838888,1.0,0.0,0.0,30,0,0,0,False,1.4941220226758969,-1.5829351718288365e-17
2013-11-18,-0.007529193403490786,-0.00925744549005636,1.0,0.0,0.0,30,0,0,0,False,1.4828724889987552,-1.5829351718288365e-17
2013-11-19,-0.0060420750248970645,-0.004436512788162372,1.0,0.0,0.0,30,0,0,0,False,1.473912862167869,-1.5829351718288365e-17
2013-11-20,0.00035657502572616906,-0.002614744820745085,1.0,0.0,0.0,30,0,0,0,False,1.4744384226846146,-1.5829351718288365e-17
2013-11-21,0.012115492000065897,0.012212854508870885,1.0,0.0,0.0,30,0,0,0,False,1.4923019695992399,-1.5829351718288365e-17
2013-11-22,0.006916135415845126,0.005666186439100107,1.0,0.0,0.0,30,0,0,0,False,1.5026229321023208,-1.5829351718288365e-17
2013-11-25,3.256286639552464e-05,0.0007315771856644115,1.0,0.0,0.0,30,0,0,0,False,1.5026718618121018,-1.5829351718288365e-17
2013-11-26,0.0012425715474575494,0.005802852226826527,1.0,0.0,0.0,30,0,0,0,False,1.5045390391127547,-1.5829351718288365e-17
2013-11-27,0.00549493763343567,0.006720179204778853,1.0,0.0,0.0,30,0,0,0,False,1.5128063872997486,-1.5829351718288365e-17
2013-11-29,0.0012660223401985693,0.003743099079053014,1.0,0.0,0.0,30,0,0,0,False,1.5147216339824652,-1.5829351718288365e-17
2013-12-02,-0.0013399796602063807,-0.003603521366429163,1.0,0.29812130165616413,0.0004511001720728093,30,0,0,0,False,1.512691937802054,2.873135757086587e-17
2013-12-03,-0.004774262168233179,-0.001992455367516688,1.0,0.0,0.0,30,0,0,0,False,1.5054699499112143,2.873135757086587e-17
2013-12-04,-0.0008428060544554139,0.00019815713861093265,1.0,0.0,0.0,30,0,0,0,False,1.5042011307226284,2.873135757086587e-17
2013-12-05,0.0015034707881220744,-0.0011961614660723763,1.0,0.0,0.0,30,0,0,0,False,1.5064626531821301,2.873135757086587e-17
2013-12-06,0.010373830637794068,0.007277179173632131,1.0,0.0,0.0,30,0,0,0,False,1.5220904416084033,2.873135757086587e-17
2013-12-09,0.0006362232721284222,0.0015335309118478246,1.0,0.0,0.0,30,0,0,0,False,1.5230588309696387,2.873135757086587e-17
2013-12-10,-0.0014746133086117608,-0.002030107526881819,1.0,0.0,0.0,30,0,0,0,False,1.5208129081476922,2.873135757086587e-17
2013-12-11,-0.014699089114759256,-0.013958881809830737,1.0,0.0,0.0,30,0,0,0,False,1.4984583436839531,2.873135757086587e-17
2013-12-12,-0.007277378244708088,-0.0013512628883173283,1.0,0.0,0.0,30,0,0,0,False,1.4875534955330263,2.873135757086587e-17
2013-12-13,-0.0009610531517766363,0.0006452831293839445,1.0,0.0,0.0,30,0,0,0,False,1.486123877557708,2.873135757086587e-17
2013-12-16,0.00946215831522923,0.007133252353173525,1.0,0.0,0.0,30,0,0,0,False,1.5001858169632012,2.873135757086587e-17
2013-12-17,-4.655948339193916e-05,-0.001449328952331741,1.0,0.0,0.0,30,0,0,0,False,1.5001159690865715,2.873135757086587e-17
2013-12-18,0.015296752627344423,0.011526811563713046,1.0,0.0,0.0,30,0,0,0,False,1.5230628719780177,2.873135757086587e-17
2013-12-19,-0.002806832005798121,-0.0029287528211192626,1.0,0.0,0.0,30,0,0,0,False,1.518787890362107,2.873135757086587e-17
2013-12-20,0.00883517761953212,0.011483167448219422,1.0,0.0,0.0,30,0,0,0,False,1.5322066511398507,2.873135757086587e-17
2013-12-23,0.005741601397855067,0.01075822045936059,1.0,0.0,0.0,30,0,0,0,False,1.5410039709898382,2.873135757086587e-17
2013-12-24,0.0005230533860502984,0.0015715009176286987,1.0,0.0,0.0,30,0,0,0,False,1.5418099983347815,2.873135757086587e-17
2013-12-26,0.006055886319410453,0.002830111103814037,1.0,0.0,0.0,30,0,0,0,False,1.5511470244108274,2.873135757086587e-17
2013-12-27,-0.0037133784033377415,-0.00254138277965521,1.0,0.0,0.0,30,0,0,0,False,1.5453870285499787,2.873135757086587e-17
2013-12-30,0.0037276769774530205,-0.0005748943520959005,1.0,0.0,0.0,30,0,0,0,False,1.5511477321975589,2.873135757086587e-17
2013-12-31,0.0026923331411208284,0.005389629512799976,1.0,0.0,0.0,30,0,0,0,False,1.5553239386437288,2.873135757086587e-17
2014-01-02,-0.008317489948742929,-0.008025686410477628,1.0,0.25116576551189373,0.0003874922738566014,30,0,0,0,False,1.5423875474170203,1.0299920638612292e-16
2014-01-03,-0.002061689255377863,-0.002693558288590747,1.0,0.0,0.0,30,0,0,0,False,1.539207623582882,1.0299920638612292e-16
2014-01-06,-0.007056837992007625,-0.004412002952048799,1.0,0.0,0.0,30,0,0,0,False,1.5283456847471946,1.0299920638612292e-16
2014-01-07,0.010836217850930252,0.009602107621297318,1.0,0.0,0.0,30,0,0,0,False,1.5449071715386444,1.0299920638612292e-16
2014-01-08,0.005919240537636261,0.002992814999936755,1.0,0.0,0.0,30,0,0,0,False,1.554051848695301,1.0299920638612292e-16
2014-01-09,-0.0028480721972095058,-0.0022613735386023404,1.0,0.0,0.0,30,0,0,0,False,1.54962579683201,1.0299920638612292e-16
2014-01-10,0.010511338980274232,0.0044463800847982515,1.0,0.0,0.0,30,0,0,0,False,1.5659144388750887,1.0299920638612292e-16
2014-01-13,-0.01974854162031703,-0.014700587464412496,1.0,0.0,0.0,30,0,0,0,False,1.5349899124051087,1.0299920638612292e-16
2014-01-14,0.020966885573449723,0.016949943692409875,1.0,0.0,0.0,30,0,0,0,False,1.5671738702549063,1.0299920638612292e-16
2014-01-15,0.0025187366248557996,0.007616482828195714,1.0,0.0,0.0,30,0,0,0,False,1.5711211684794342,1.0299920638612292e-16
2014-01-16,0.004786753479484318,0.0009039403471498009,1.0,0.0,0.0,30,0,0,0,False,1.5786417381993447,1.0299920638612292e-16
2014-01-17,-0.0025492822361227185,-0.00500387572928751,1.0,0.0,0.0,30,0,0,0,False,1.5746173348589512,1.0299920638612292e-16
2014-01-21,0.006466869444962331,0.006713320372373488,1.0,0.0,0.0,30,0,0,0,False,1.5848001795892586,1.0299920638612292e-16
2014-01-22,0.002849458922030479,0.004079787024335868,1.0,0.0,0.0,30,0,0,0,False,1.5893160026006246,1.0299920638612292e-16
2014-01-23,-0.006395035469793475,-0.00568468065048322,1.0,0.0,0.0,30,0,0,0,False,1.5791522703912833,1.0299920638612292e-16
2014-01-24,-0.024681140976712035,-0.02150096759094755,1.0,0.0,0.0,30,0,0,0,False,1.540176990582061,1.0299920638612292e-16
2014-01-27,-0.011654597246326448,-0.010794080931601169,1.0,0.0,0.0,30,0,0,0,False,1.522226848068768,1.0299920638612292e-16
2014-01-28,0.005435466361350061,0.0035140230454420163,1.0,0.0,0.0,30,0,0,0,False,1.5305008608957897,1.0299920638612292e-16
2014-01-29,-0.0070964275540110755,-0.01135445441146321,1.0,0.0,0.0,30,0,0,0,False,1.5196397724150912,1.0299920638612292e-16
2014-01-30,0.023143306153618814,0.017697455409508622,1.0,0.0,0.0,30,0,0,0,False,1.5548092609113093,1.0299920638612292e-16
2014-01-31,-0.011135796981563306,-0.004668783294943024,1.0,0.0,0.0,30,0,0,0,False,1.5374952206367465,1.0299920638612292e-16
2014-02-03,-0.027536931179180324,-0.02605336964173821,1.0,0.27262955500684294,0.0004077352356447385,30,0,0,0,False,1.4951573205577537,-1.0337867714649285e-16
2014-02-04,0.013107869580828213,0.008646571394259617,1.0,0.0,0.0,30,0,0,0,False,1.5147556477184454,-1.0337867714649285e-16
2014-02-05,-0.009081773899551782,-0.004953466682541485,1.0,0.0,0.0,30,0,0,0,False,1.5009989794127974,-1.0337867714649285e-16
2014-02-06,0.01948722997506147,0.011359723797534693,1.0,0.0,0.0,30,0,0,0,False,1.5302492917169472,-1.0337867714649285e-16
2014-02-07,0.0237730429817542,0.0169430034866358,1.0,0.0,0.0,30,0,0,0,False,1.566627973901733,-1.0337867714649285e-16
2014-02-10,0.007258434992935214,0.005407357627436493,1.0,0.0,0.0,30,0,0,0,False,1.5779992412084125,-1.0337867714649285e-16
2014-02-11,0.017095702413571834,0.010337064545017816,1.0,0.0,0.0,30,0,0,0,False,1.6049762466449535,-1.0337867714649285e-16
2014-02-12,0.008381891626545901,0.0024433496352156414,1.0,0.0,0.0,30,0,0,0,False,1.618428983607512,-1.0337867714649285e-16
2014-02-13,0.009263715756477442,0.009373287728293045,1.0,0.0,0.0,30,0,0,0,False,1.6334216496836969,-1.0337867714649285e-16
2014-02-14,-0.0026322694512150857,0.0007899931093435786,1.0,0.0,0.0,30,0,0,0,False,1.629122043774281,-1.0337867714649285e-16
2014-02-18,0.010000157115328756,0.006776546764624136,1.0,0.0,0.0,30,0,0,0,False,1.6454135201720694,-1.0337867714649285e-16
2014-02-19,-0.007664333022612824,-0.00815150829911715,1.0,0.0,0.0,30,0,0,0,False,1.632802522993561,-1.0337867714649285e-16
2014-02-20,0.008795800569262546,0.006984414304821218,1.0,0.0,0.0,30,0,0,0,False,1.6471643283548012,-1.0337867714649285e-16
2014-02-21,0.004069493753783293,-0.0009700179714363655,1.0,0.0,0.0,30,0,0,0,False,1.6538674533004958,-1.0337867714649285e-16
2014-02-24,0.008708956900965514,0.006933416822054728,1.0,0.0,0.0,30,0,0,0,False,1.6682709136711993,-1.0337867714649285e-16
2014-02-25,-0.0027562334064262783,-0.0012533047632149463,1.0,0.0,0.0,30,0,0,0,False,1.6636727696479694,-1.0337867714649285e-16
2014-02-26,0.00309877493349342,0.0010426137313788164,1.0,0.0,0.0,30,0,0,0,False,1.6688281171240902,-1.0337867714649285e-16
2014-02-27,0.0031174696037150618,0.006260420258327626,1.0,0.0,0.0,30,0,0,0,False,1.6740306380530496,-1.0337867714649285e-16
2014-02-28,-0.00708249955903395,-0.0025029577926496405,1.0,0.0,0.0,30,0,0,0,False,1.6621743167972296,-1.0337867714649285e-16
2014-03-03,-0.004644304703278368,-0.007154002043722074,1.0000000000000002,0.32319073134934473,0.0005348772830668886,30,0,0,0,False,1.6544546728000598,-2.1824989732133204e-16
2014-03-04,0.015214875450112242,0.01745736878205273,1.0000000000000002,0.0,0.0,30,0,0,0,False,1.6796269945845688,-2.1824989732133204e-16
2014-03-05,0.00018920029872093735,0.001378685911038735,1.0000000000000002,0.0,0.0,30,0,0,0,False,1.679944780513684,-2.1824989732133204e-16
2014-03-06,-0.002539891169179853,-0.0013401422524641493,1.0000000000000002,0.0,0.0,30,0,0,0,False,1.6756779036009475,-2.1824989732133204e-16
2014-03-07,-0.0032143162368628575,-0.003655612393370977,1.0000000000000002,0.0,0.0,30,0,0,0,False,1.6702917449076506,-2.1824989732133204e-16
2014-03-10,-0.0010056785584969807,-0.00040818960254818126,1.0000000000000002,0.0,0.0,30,0,0,0,False,1.6686119683133624,-2.1824989732133204e-16
2014-03-11,-0.004336901889371636,-0.006289217488298693,1.0000000000000002,0.0,0.0,30,0,0,0,False,1.6613753619153562,-2.1824989732133204e-16
2014-03-12,0.00241047509763348,0.003747269188200786,1.0000000000000002,0.0,0.0,30,0,0,0,False,1.665380065853075,-2.1824989732133204e-16
2014-03-13,-0.016171530314048166,-0.014551329309783756,1.0000000000000002,0.0,0.0,30,0,0,0,False,1.6384483216337205,-2.1824989732133204e-16
2014-03-14,0.0019865431033907477,-0.0035254740970483978,1.0000000000000002,0.0,0.0,30,0,0,0,False,1.6417031698473241,-2.1824989732133204e-16
2014-03-17,0.010853371330176609,0.008138291047681934,1.0000000000000002,0.0,0.0,30,0,0,0,False,1.6595211839636053,-2.1824989732133204e-16
2014-03-18,0.01142911564929383,0.012467411419880392,1.0000000000000002,0.0,0.0,30,0,0,0,False,1.6784880434975782,-2.1824989732133204e-16
2014-03-19,-0.0020350396046919794,-0.005933108733667591,1.0000000000000002,0.0,0.0,30,0,0,0,False,1.6750722538530587,-2.1824989732133204e-16
2014-03-20,0.003948017332614739,0.0027137848752487592,1.0000000000000002,0.0,0.0,30,0,0,0,False,1.6816854681446527,-2.1824989732133204e-16
2014-03-21,-0.013724239636661806,-0.009839580116176472,1.0000000000000002,0.0,0.0,30,0,0,0,False,1.6586056137863436,-2.1824989732133204e-16
2014-03-24,-0.009579638696532666,-0.011784515957061314,1.0000000000000002,0.0,0.0,30,0,0,0,False,1.6427167712662296,-2.1824989732133204e-16
2014-03-25,0.0008512271487173262,0.0018644516510675224,1.0000000000000002,0.0,0.0,30,0,0,0,False,1.6441150963795848,-2.1824989732133204e-16
2014-03-26,-0.006971343485856929,-0.014333025527422771,1.0000000000000002,0.0,0.0,30,0,0,0,False,1.63265340531244,-2.1824989732133204e-16
2014-03-27,-0.0019579272198401165,-0.0053551386254694355,1.0000000000000002,0.0,0.0,30,0,0,0,False,1.629456788769614,-2.1824989732133204e-16
2014-03-28,0.0033845068542970314,0.001091194657968808,1.0000000000000002,0.0,0.0,30,0,0,0,False,1.6349716964399856,-2.1824989732133204e-16
2014-03-31,0.006703936559048884,0.01040252615177617,1.0000000000000002,0.0,0.0,30,0,0,0,False,1.6459324429687598,-2.1824989732133204e-16
2014-04-01,0.01974958929078019,0.016444382270765834,1.0,0.11440426806719597,0.00019204254808021217,30,0,0,0,False,1.6784389327177633,-7.196391919872536e-17
2014-04-02,0.0047654983022002995,0.001972802504194071,1.0,0.0,0.0,30,0,0,0,False,1.6864375306019768,-7.196391919872536e-17
2014-04-03,-0.005773268373313822,-0.009054170973188058,1.0,0.0,0.0,30,0,0,0,False,1.676701274142983,-7.196391919872536e-17
2014-04-04,-0.027748765562166988,-0.025959637638947486,1.0,0.0,0.0,30,0,0,0,False,1.6301748835690026,-7.196391919872536e-17
2014-04-07,-0.013216862649177541,-0.011623822294578257,1.0,0.0,0.0,30,0,0,0,False,1.6086290860387322,-7.196391919872536e-17
2014-04-08,0.0033233922702862184,0.008147607083767383,1.0,0.0,0.0,30,0,0,0,False,1.613975191509031,-7.196391919872536e-17
2014-04-09,0.014461173302246388,0.01724042522639624,1.0,0.0,0.0,30,0,0,0,False,1.6373151664589694,-7.196391919872536e-17
2014-04-10,-0.029929546605501844,-0.0310212488592283,1.0,0.0,0.0,30,0,0,0,False,1.5883110658765407,-7.196391919872536e-17
2014-04-11,-0.012142765963265134,-0.013413572561830511,1.0,0.0,0.0,30,0,0,0,False,1.5690245763267376,-7.196391919872536e-17
2014-04-14,0.007862003547475016,0.005740362474466965,1.0,0.0,0.0,30,0,0,0,False,1.581360253111894,-7.196391919872536e-17
2014-04-15,0.004329372612977389,0.0028513259249738354,1.0,0.0,0.0,30,0,0,0,False,1.5882065508829677,-7.196391919872536e-17
2014-04-16,0.010069370367744135,0.01290729700624893,1.0,0.0,0.0,30,0,0,0,False,1.6041987908642859,-7.196391919872536e-17
2014-04-17,0.0005738193644184708,0.0022734892553772923,1.0,0.0,0.0,30,0,0,0,False,1.6051193111948605,-7.196391919872536e-17
2014-04-21,0.00240275855232297,0.006355676446458514,1.0,0.0,0.0,30,0,0,0,False,1.6089760253473329,-7.196391919872536e-17
2014-04-22,0.008437432788515276,0.009683299228848474,1.0,0.0,0.0,30,0,0,0,False,1.6225516524195336,-7.196391919872536e-17
2014-04-23,-0.00714846375616307,-0.00828790857054984,1.0,0.0,0.0,30,0,0,0,False,1.61095290073971,-7.196391919872536e-17
2014-04-24,-0.0036090031427657987,0.005178035935418102,1.0,0.0,0.0,30,0,0,0,False,1.6051389666580929,-7.196391919872536e-17
2014-04-25,-0.015263512150779701,-0.01754429567221072,1.0,0.0,0.0,30,0,0,0,False,1.580638908536817,-7.196391919872536e-17
2014-04-28,1.3619814035026323e-05,-0.0002846725288139229,1.0,0.0,0.0,30,0,0,0,False,1.580660436544808,-7.196391919872536e-17
2014-04-29,0.007157058395194316,0.007151998015707761,1.0,0.0,0.0,30,0,0,0,False,1.5919733155921325,-7.196391919872536e-17
2014-04-30,0.006433304933805228,0.0026855105591756523,1.0,0.0,0.0,30,0,0,0,False,1.6022149653778175,-7.196391919872536e-17
2014-05-01,-0.0005169595525602588,0.0031328014870899423,0.9999999999999999,0.26034476382530897,0.0004170212075991526,30,0,0,0,False,1.6013866850462104,1.914158935523158e-16
2014-05-02,-0.0006738709997216041,-0.0008601678585969941,0.9999999999999999,0.0,0.0,30,0,0,0,False,1.6003075569998175,1.914158935523158e-16
2014-05-05,0.004486475238403953,0.003433691491881108,0.9999999999999999,0.0,0.0,30,0,0,0,False,1.607487297228128,1.914158935523158e-16
2014-05-06,-0.008496045272840203,-0.013847092264319572,0.9999999999999999,0.0,0.0,30,0,0,0,False,1.5938300123753624,1.914158935523158e-16
2014-05-07,-0.005871199378178149,-0.003207760319156372,0.9999999999999999,0.0,0.0,30,0,0,0,False,1.5844723185977825,1.914158935523158e-16
2014-05-08,0.0061369714563930255,-0.003975224243245479,0.9999999999999999,0.0,0.0,30,0,0,0,False,1.594196179990462,1.914158935523158e-16
2014-05-09,0.006751132292375894,0.0050277921757373445,0.9999999999999999,0.0,0.0,30,0,0,0,False,1.6049588093015779,1.914158935523158e-16
2014-05-12,0.02201057246426874,0.01767978796769576,0.9999999999999999,0.0,0.0,30,0,0,0,False,1.6402848714758769,1.914158935523158e-16
2014-05-13,-0.0025397492325106574,-0.0033036831192098104,0.9999999999999999,0.0,0.0,30,0,0,0,False,1.6361189592324472,1.914158935523158e-16
2014-05-14,-0.005763766391730041,-0.007152248143593276,0.9999999999999999,0.0,0.0,30,0,0,0,False,1.626688751762351,1.914158935523158e-16
2014-05-15,-0.011742596780651149,-0.007642703868495859,0.9999999999999999,0.0,0.0,30,0,0,0,False,1.607587201662785,1.914158935523158e-16
2014-05-16,0.006205392498284779,0.0052343529215170825,0.9999999999999999,0.0,0.0,30,0,0,0,False,1.617562911224322,1.914158935523158e-16
2014-05-19,0.009314933347858378,0.008610004703233365,0.9999999999999999,0.0,0.0,30,0,0,0,False,1.6326304019283442,1.914158935523158e-16
2014-05-20,-0.009798573296919133,-0.0070095325036894085,0.9999999999999999,0.0,0.0,30,0,0,0,False,1.6166329532682708,1.914158935523158e-16
2014-05-21,0.007148718338386262,0.008457610322522457,0.9999999999999999,0.0,0.0,30,0,0,0,False,1.6281898069077392,1.914158935523158e-16
2014-05-22,0.007334835319976918,0.005518474951228702,0.9999999999999999,0.0,0.0,30,0,0,0,False,1.6401323110110726,1.914158935523158e-16
2014-05-23,0.006454179291640827,0.007575283081080686,0.9999999999999999,0.0,0.0,30,0,0,0,False,1.6507180190083512,1.914158935523158e-16
2014-05-27,0.012763354565679341,0.012246064387871014,0.9999999999999999,0.0,0.0,30,0,0,0,False,1.6717867183729107,1.914158935523158e-16
2014-05-28,-0.00457758344457726,-0.0028297150072911226,0.9999999999999999,0.0,0.0,30,0,0,0,False,1.6641339751680226,1.914158935523158e-16
2014-05-29,0.007623906457412399,0.005412938798485811,0.9999999999999999,0.0,0.0,30,0,0,0,False,1.6768211769273054,1.914158935523158e-16
2014-05-30,-9.790644077112276e-05,-0.0012547463480151455,0.9999999999999999,0.0,0.0,30,0,0,0,False,1.6766570053340628,1.914158935523158e-16
2014-06-02,0.00017903887268433394,-0.0012774888800436424,1.0,0.16904364243701603,0.00028352688038251985,30,0,0,0,False,1.6769571921141762,-5.231275482242559e-17
2014-06-03,0.000778051203858654,-0.0007363588815085809,1.0,0.0,0.0,30,0,0,0,False,1.67826195067632,-5.231275482242559e-17
2014-06-04,0.003415595765298818,0.0041472999058282944,1.0,0.0,0.0,30,0,0,0,False,1.6839942150881122,-5.231275482242559e-17
2014-06-05,0.004664653510581651,0.01048769391369686,1.0,0.0,0.0,30,0,0,0,False,1.6918494646153222,-5.231275482242559e-17
2014-06-06,0.008974389903407376,0.005858601611180125,1.0,0.0,0.0,30,0,0,0,False,1.707032781368651,-5.231275482242559e-17
2014-06-09,-0.0010756079848367461,0.0034341417928018814,1.0,0.0,0.0,30,0,0,0,False,1.7051966832786327,-5.231275482242559e-17
2014-06-10,-0.0030435698790889365,0.0004058354516429663,1.0,0.0,0.0,30,0,0,0,False,1.7000067980154836,-5.231275482242559e-17
2014-06-11,0.006042900232663628,-0.0013992162286768917,1.0,0.0,0.0,30,0,0,0,False,1.7102797694907412,-5.231275482242559e-17
2014-06-12,-0.010374977271632946,-0.007918017700285218,1.0,0.0,0.0,30,0,0,0,False,1.692535655754141,-5.231275482242559e-17
2014-06-13,0.0018248213892948506,0.003029576837223713,1.0,0.0,0.0,30,0,0,0,False,1.6956242310209055,-5.231275482242559e-17
2014-06-16,0.0038666733910643902,0.002424274817586003,1.0,0.0,0.0,30,0,0,0,False,1.702180656116238,-5.231275482242559e-17
2014-06-17,0.003896472113379401,0.0037328225745105748,1.0,0.0,0.0,30,0,0,0,False,1.7088131555747288,-5.231275482242559e-17
2014-06-18,0.004185920341460481,0.0059046442084003115,1.0,0.0,0.0,30,0,0,0,False,1.7159661113224045,-5.231275482242559e-17
2014-06-19,-0.0044735922598617694,-0.0008044530995613419,1.0,0.0,0.0,30,0,0,0,False,1.7082895786086074,-5.231275482242559e-17
2014-06-20,0.0018929565391510028,0.0019979904710587526,1.0,0.0,0.0,30,0,0,0,False,1.711523296537198,-5.231275482242559e-17
2014-06-23,-0.002256383192810185,0.000146564591899212,1.0,0.0,0.0,30,0,0,0,False,1.7076614441367883,-5.231275482242559e-17
2014-06-24,-0.002712137831829775,-0.004195798081077284,1.0,0.0,0.0,30,0,0,0,False,1.7030300309301878,-5.231275482242559e-17
2014-06-25,0.004523542490738386,0.006760306486597534,1.0,0.0,0.0,30,0,0,0,False,1.710733759638104,-5.231275482242559e-17
2014-06-26,-0.0032158209958359496,-0.00016210934672722388,1.0,0.0,0.0,30,0,0,0,False,1.7052323460955745,-5.231275482242559e-17
2014-06-27,0.005215024302581472,0.004311528953153232,1.0,0.0,0.0,30,0,0,0,False,1.714125174222011,-5.231275482242559e-17
2014-06-30,0.0021745874214906813,0.002330641809640266,1.0,0.0,0.0,30,0,0,0,False,1.7178526892647348,-5.231275482242559e-17
2014-07-01,0.014135574251429306,0.011449100923778044,1.0,0.09867350328296208,0.00017191957920528156,30,0,0,0,False,1.742135523506854,8.91485236326206e-17
2014-07-02,0.003075313095341814,-0.00020631806054127733,1.0,0.0,0.0,30,0,0,0,False,1.747493135696155,8.91485236326206e-17
2014-07-03,0.007658692056952576,0.006326134602140598,1.0,0.0,0.0,30,0,0,0,False,1.7608766474940902,8.91485236326206e-17
2014-07-07,-0.005999681358427433,-0.007668509866693762,1.0,0.0,0.0,30,0,0,0,False,1.7503119486976297,8.91485236326206e-17
2014-07-08,-0.00928567205700026,-0.013494192490860146,1.0,0.0,0.0,30,0,0,0,False,1.7340591259445746,8.91485236326206e-17
2014-07-09,0.004954639545616812,0.00627804875827187,1.0,0.0,0.0,30,0,0,0,False,1.7426507638644173,8.91485236326206e-17
2014-07-10,-0.00711629152889004,-0.005166201866301012,1.0,0.0,0.0,30,0,0,0,False,1.7302495529957151,8.91485236326206e-17
2014-07-11,0.001833165008457538,0.0043878802425785235,1.0,0.0,0.0,30,0,0,0,False,1.7334213859321663,8.91485236326206e-17
2014-07-14,0.002475901577450257,0.005645964291801642,1.0,0.0,0.0,30,0,0,0,False,1.7377131666759817,8.91485236326206e-17
2014-07-15,-0.004541613999039074,-0.00541160533038787,1.0,0.0,0.0,30,0,0,0,False,1.7298211442318916,8.91485236326206e-17
2014-07-16,-0.002725813369558905,0.002169215079075526,1.0,0.0,0.0,30,0,0,0,False,1.7251059746299986,8.91485236326206e-17
2014-07-17,-0.016190870913222244,-0.01412571643613858,1.0,0.0,0.0,30,0,0,0,False,1.697175006483136,8.91485236326206e-17
2014-07-18,0.018445379717386245,0.01574435294345755,1.0,0.0,0.0,30,0,0,0,False,1.7284800439245749,8.91485236326206e-17
2014-07-21,-0.0006585583131212269,-0.0016808321397252524,1.0,0.0,0.0,30,0,0,0,False,1.7273417390225843,8.91485236326206e-17
2014-07-22,0.0049366442325682325,0.007078400475584834,1.0,0.0,0.0,30,0,0,0,False,1.7358690106562045,8.91485236326206e-17
2014-07-23,0.003190345992003074,0.003967711096449333,1.0,0.0,0.0,30,0,0,0,False,1.7414070333969938,8.91485236326206e-17
2014-07-24,-0.0007318762875654361,-0.00035547755301079675,1.0,0.0,0.0,30,0,0,0,False,1.7401325388822508,8.91485236326206e-17
2014-07-25,-0.0070193088847804175,-0.005042317944825236,1.0,0.0,0.0,30,0,0,0,False,1.7279180110913792,8.91485236326206e-17
2014-07-28,0.0006647890620092856,-0.0010450246531110707,1.0,0.0,0.0,30,0,0,0,False,1.7290667120852015,8.91485236326206e-17
2014-07-29,-0.0016473774822445275,-0.0004971978961464396,1.0,0.0,0.0,30,0,0,0,False,1.7262182865184137,8.91485236326206e-17
2014-07-30,0.010377365767083813,0.004546716881773882,1.0,0.0,0.0,30,0,0,0,False,1.744131885071444,8.91485236326206e-17
2014-07-31,-0.023261244592418184,-0.02086757536282624,1.0,0.0,0.0,30,0,0,0,False,1.7035612066913617,8.91485236326206e-17
2014-08-01,0.0014545187794765546,-0.003920091904150769,1.0,0.24384608836216362,0.0004161124208227669,30,0,0,0,False,1.706039068458482,7.817097663620487e-17
2014-08-04,0.007364570089491318,0.007179550636405629,1.0,0.0,0.0,30,0,0,0,False,1.7186033127535552,7.817097663620487e-17
2014-08-05,-0.006810929180862568,-0.007082818978514038,1.0,0.0,0.0,30,0,0,0,False,1.7068980273003949,7.817097663620487e-17
2014-08-06,-0.0011736612734470908,0.0005077145269622996,1.0,0.0,0.0,30,0,0,0,False,1.7048947071880292,7.817097663620487e-17
2014-08-07,-0.006569325781622948,-0.004610647621067443,1.0,0.0,0.0,30,0,0,0,False,1.6936946984331462,7.817097663620487e-17
2014-08-08,0.010853244564083875,0.00828833840657106,1.0,0.0,0.0,30,0,0,0,False,1.7120767812121334,7.817097663620487e-17
2014-08-11,0.005668311082679178,0.0069619988323228466,1.0,0.0,0.0,30,0,0,0,False,1.7217813650054756,7.817097663620487e-17
2014-08-12,-0.002852825175755358,-0.0027446475782401114,1.0,0.0,0.0,30,0,0,0,False,1.7168694237802415,7.817097663620487e-17
2014-08-13,0.00949123140296737,0.010224958705929321,1.0,0.0,0.0,30,0,0,0,False,1.733164628770019,7.817097663620487e-17
2014-08-14,0.005696131397409543,0.004255648892920405,1.0,0.0,0.0,30,0,0,0,False,1.7430369622288358,7.817097663620487e-17
2014-08-15,0.013271040561855685,0.0026791376600043826,1.0,0.0,0.0,30,0,0,0,False,1.7661688764553882,7.817097663620487e-17
2014-08-18,0.004586853605039298,0.009715694995635182,1.0,0.0,0.0,30,0,0,0,False,1.7742700345334659,7.817097663620487e-17
2014-08-19,0.009191976604611796,0.004258735440581196,1.0,0.0,0.0,30,0,0,0,False,1.7905790831811612,7.817097663620487e-17
2014-08-20,0.002022657586183252,-0.0002274539527226116,1.0,0.0,0.0,30,0,0,0,False,1.7942008115474186,7.817097663620487e-17
2014-08-21,-0.0014805519311702486,0.0012416049557271158,1.0,0.0,0.0,30,0,0,0,False,1.791544404070975,7.817097663620487e-17
2014-08-22,0.008031991231508329,0.0014231150807988424,1.0,0.0,0.0,30,0,0,0,False,1.8059340730153308,7.817097663620487e-17
2014-08-25,0.0026267919677425144,0.00414235842471089,1.0,0.0,0.0,30,0,0,0,False,1.8106778861325998,7.817097663620487e-17
2014-08-26,0.0028062126607537596,0.002916168323342072,1.0,0.0,0.0,30,0,0,0,False,1.815759033341212,7.817097663620487e-17
2014-08-27,-0.002492321187765767,-0.00022316349082041054,1.0,0.0,0.0,30,0,0,0,False,1.8112335786305385,7.817097663620487e-17
2014-08-28,-0.0015889318770941907,-0.0026085100597311728,1.0,0.0,0.0,30,0,0,0,False,1.808355651860589,7.817097663620487e-17
2014-08-29,0.0049662303357633775,0.004952015053557135,1.0,0.0,0.0,30,0,0,0,False,1.817336362556708,7.817097663620487e-17
2014-09-02,0.0037247514835669904,0.0039124112770643205,0.9999999999999999,0.2459377312871508,0.0004487267243935155,30,0,0,0,False,1.8241054888692816,2.621058751983707e-16
2014-09-03,-0.0023287782980037086,-0.005573888977486674,0.9999999999999999,0.0,0.0,30,0,0,0,False,1.8198575515935334,2.621058751983707e-16
2014-09-04,-0.0028333388206702725,-0.0022460284338307046,0.9999999999999999,0.0,0.0,30,0,0,0,False,1.8147012785445134,2.621058751983707e-16
2014-09-05,0.004506928076423611,0.004517446282459092,0.9999999999999999,0.0,0.0,30,0,0,0,False,1.8228800066871074,2.621058751983707e-16
2014-09-08,-0.0009922058129733236,0.0020489428538466026,0.9999999999999999,0.0,0.0,30,0,0,0,False,1.8210713345481195,2.621058751983707e-16
2014-09-09,-0.008764400785362891,-0.008710251312526007,0.9999999999999999,0.0,0.0,30,0,0,0,False,1.8051107355134042,2.621058751983707e-16
2014-09-10,0.007393734024582876,0.007519292487956797,0.9999999999999999,0.0,0.0,30,0,0,0,False,1.8184572441767093,2.621058751983707e-16
2014-09-11,0.004352964901546574,0.001153401707612689,0.9999999999999999,0.0,0.0,30,0,0,0,False,1.8263729247355738,2.621058751983707e-16
2014-09-12,-0.006150385290834781,-0.005272430582440646,0.9999999999999999,0.0,0.0,30,0,0,0,False,1.8151400275637013,2.621058751983707e-16
2014-09-15,-0.012018358393586781,-0.010662098023861422,0.9999999999999999,0.0,0.0,30,0,0,0,False,1.7933250241778957,2.621058751983707e-16
2014-09-16,0.011901307638475522,0.007492951990372587,0.9999999999999999,0.0,0.0,30,0,0,0,False,1.8146679369864136,2.621058751983707e-16
2014-09-17,0.0034554603275773754,0.0020712931088524567,0.9999999999999999,0.0,0.0,30,0,0,0,False,1.8209384500503967,2.621058751983707e-16
2014-09-18,0.01066843825668351,0.006847654456470398,0.9999999999999999,0.0,0.0,30,0,0,0,False,1.8403650194739805,2.621058751983707e-16
2014-09-19,-0.006034322308751894,-0.0029695019639135456,0.9999999999999999,0.0,0.0,30,0,0,0,False,1.829259663780722,2.621058751983707e-16
2014-09-22,-0.011881521087281799,-0.011376089296670777,0.9999999999999999,0.0,0.0,30,0,0,0,False,1.8075252765113972,2.621058751983707e-16
2014-09-23,-0.003986892803724107,-0.0041964004646166675,0.9999999999999999,0.0,0.0,30,0,0,0,False,1.8003188669939245,2.621058751983707e-16
2014-09-24,0.015794703933829757,0.010320137563685439,0.9999999999999999,0.0,0.0,30,0,0,0,False,1.8287543704845812,2.621058751983707e-16
2014-09-25,-0.019866759992105743,-0.01942171752750832,0.9999999999999999,0.0,0.0,30,0,0,0,False,1.7924229463216497,2.621058751983707e-16
2014-09-26,0.013336670796267436,0.01017292214697485,0.9999999999999999,0.0,0.0,30,0,0,0,False,1.8163279010844173,2.621058751983707e-16
2014-09-29,-0.00290213382715121,-0.0014050383828040358,0.9999999999999999,0.0,0.0,30,0,0,0,False,1.8110566744414818,2.621058751983707e-16
2014-09-30,-0.0016929776595281387,-0.0027652939453089997,0.9999999999999999,0.0,0.0,30,0,0,0,False,1.807990595951513,2.621058751983707e-16
2014-10-01,-0.017106662650636983,-0.015867818821250324,1.0,0.1720522469220346,0.0003058001082600168,30,0,0,0,False,1.7770619107510464,7.35089072945172e-17
2014-10-02,0.002869401256340387,0.0018340649708199486,1.0,0.0,0.0,30,0,0,0,False,1.7821610144303501,7.35089072945172e-17
2014-10-03,0.014120096358015033,0.010252335774803,1.0,0.0,0.0,30,0,0,0,False,1.8073252996796045,7.35089072945172e-17
2014-10-06,-0.005845381070549438,-0.0046519363875411335,1.0,0.0,0.0,30,0,0,0,False,1.7967607945845323,7.35089072945172e-17
2014-10-07,-0.014515050365308313,-0.015623507929581781,1.0,0.0,0.0,30,0,0,0,False,1.7706807211567264,7.35089072945172e-17
2014-10-08,0.02178673846769974,0.019016144348438013,1.0,0.0,0.0,30,0,0,0,False,1.8092580789383659,7.35089072945172e-17
2014-10-09,-0.020890072594991094,-0.02019652822015572,1.0,0.0,0.0,30,0,0,0,False,1.7714625463262692,7.35089072945172e-17
2014-10-10,-0.029134264162267276,-0.023319249912946316,1.0,0.0,0.0,30,0,0,0,False,1.719852288548037,7.35089072945172e-17
2014-10-13,-0.01658925093310437,-0.014634350988983247,1.0,0.0,0.0,30,0,0,0,False,1.6913212273654397,7.35089072945172e-17
2014-10-14,0.00553127193366465,0.0032061674076138136,1.0,0.0,0.0,30,0,0,0,False,1.7006763850011772,7.35089072945172e-17
2014-10-15,-0.010601641749635515,-0.002803317652313786,1.0,0.0,0.0,30,0,0,0,False,1.6826464232353295,7.35089072945172e-17
2014-10-16,0.0036459430299349282,0.0004911371137248377,1.0,0.0,0.0,30,0,0,0,False,1.6887812562339692,7.35089072945172e-17
2014-10-17,0.015062292659851817,0.009733460511514247,1.0,0.0,0.0,30,0,0,0,False,1.7142181737538373,7.35089072945172e-17
2014-10-20,0.017015582461846535,0.013533101641284073,1.0,0.0,0.0,30,0,0,0,False,1.7433865944469416,7.35089072945172e-17
2014-10-21,0.02762191113522694,0.023959343752967044,1.0,0.0,0.0,30,0,0,0,False,1.791542264033101,7.35089072945172e-17
2014-10-22,-0.010561681733271433,-0.00828828278439997,1.0,0.0,0.0,30,0,0,0,False,1.7726205648286788,7.35089072945172e-17
2014-10-23,0.020963036952621694,0.01595762994495309,1.0,0.0,0.0,30,0,0,0,False,1.8097800752321596,7.35089072945172e-17
2014-10-24,0.010555508276369974,0.00694625167591556,1.0,0.0,0.0,30,0,0,0,False,1.8288832237946822,7.35089072945172e-17
2014-10-27,0.002523449380835263,0.0004928942711457385,1.0,0.0,0.0,30,0,0,0,False,1.833498318033387,7.35089072945172e-17
2014-10-28,0.011784017328452023,0.017467904427046266,1.0,0.0,0.0,30,0,0,0,False,1.85510429398478,7.35089072945172e-17
2014-10-29,-0.005735375951758437,-0.0032995274182842094,1.0,0.0,0.0,30,0,0,0,False,1.844464573429056,7.35089072945172e-17
2014-10-30,0.002897456084669958,0.003717134548044454,1.0,0.0,0.0,30,0,0,0,False,1.8498088285302963,7.35089072945172e-17
2014-10-31,0.014896693413418483,0.014147638614943281,1.0,0.0,0.0,30,0,0,0,False,1.877364863522347,7.35089072945172e-17
2014-11-03,0.001382155695671683,0.0017642967748439098,1.0000000000000002,0.38229904547791144,0.0007189816549310038,30,0,0,0,False,1.8799596740613185,-3.3111534347707305e-16
2014-11-04,-0.005815766318968629,-0.003291742961525901,1.0000000000000002,0.0,0.0,30,0,0,0,False,1.8690262679078935,-3.3111534347707305e-16
2014-11-05,-0.004012081936083378,-0.0006315154157434666,1.0000000000000002,0.0,0.0,30,0,0,0,False,1.861527581380355,-3.3111534347707305e-16
2014-11-06,0.004616785634929732,0.003841392517123232,1.0000000000000002,0.0,0.0,30,0,0,0,False,1.870121855177097,-3.3111534347707305e-16
2014-11-07,-0.0007284831219031007,-0.0012806808589607144,1.0000000000000002,0.0,0.0,30,0,0,0,False,1.8687595029696984,-3.3111534347707305e-16
2014-11-10,0.006621941577807489,0.004120923301993651,1.0000000000000002,0.0,0.0,30,0,0,0,False,1.8811343192213361,-3.3111534347707305e-16
2014-11-11,5.617910926547509e-05,0.0019219110348240864,1.0000000000000002,0.0,0.0,30,0,0,0,False,1.8812399996717988,-3.3111534347707305e-16
2014-11-12,0.00015414067095154138,0.0031283793550906935,1.0000000000000002,0.0,0.0,30,0,0,0,False,1.8815299752675692,-3.3111534347707305e-16
2014-11-13,2.2283773032594212e-05,0.001069486666292585,1.0000000000000002,0.0,0.0,30,0,0,0,False,1.881571902854492,-3.3111534347707305e-16
2014-11-14,-0.0010804485053732549,0.001794796698500578,1.0000000000000002,0.0,0.0,30,0,0,0,False,1.8795389613043005,-3.3111534347707305e-16
2014-11-17,-0.0023307855823316848,-0.0037410366553340957,1.0000000000000002,0.0,0.0,30,0,0,0,False,1.8751581589918618,-3.3111534347707305e-16
2014-11-18,0.010714788424300625,0.00673087133376149,1.0000000000000002,0.0,0.0,30,0,0,0,False,1.8952500819275606,-3.3111534347707305e-16
2014-11-19,-0.0022734340655946594,-0.005684261908376564,1.0000000000000002,0.0,0.0,30,0,0,0,False,1.8909413558284853,-3.3111534347707305e-16
2014-11-20,0.00223014300005997,0.0055948936097405255,1.0000000000000002,0.0,0.0,30,0,0,0,False,1.89515842545671,-3.3111534347707305e-16
2014-11-21,0.004945778910729448,0.002360784063345278,1.0000000000000002,0.0,0.0,30,0,0,0,False,1.9045314600298249,-3.3111534347707305e-16
2014-11-24,0.0075071680624270165,0.008894582019636,1.0000000000000002,0.0,0.0,30,0,0,0,False,1.918829097780448,-3.3111534347707305e-16
2014-11-25,0.0005662748981452026,0.0007066199069460932,1.0000000000000002,0.0,0.0,30,0,0,0,False,1.9199156825323516,-3.3111534347707305e-16
2014-11-26,0.008371850058638497,0.006109346923764081,1.0000000000000002,0.0,0.0,30,0,0,0,False,1.935988928751741,-3.3111534347707305e-16
2014-11-28,0.00503473907320795,0.0009003158719413928,1.0000000000000002,0.0,0.0,30,0,0,0,False,1.9457361278566254,-3.3111534347707305e-16
2014-12-01,-0.010440011814128791,-0.013415017716622901,1.0000000000000002,0.2455479627064414,0.00047289972117801427,30,0,0,0,False,1.9254226196946251,-2.0350474777552918e-16
2014-12-02,0.009952211702115132,0.0060202860795099955,1.0000000000000002,0.0,0.0,30,0,0,0,False,1.9445848332218671,-2.0350474777552918e-16
2014-12-03,0.004817475004784688,0.003923642788007831,1.0000000000000002,0.0,0.0,30,0,0,0,False,1.953952822050597,-2.0350474777552918e-16
2014-12-04,0.001792870995021234,-0.0010535828666391467,1.0000000000000002,0.0,0.0,30,0,0,0,False,1.9574560073908913,-2.0350474777552918e-16
2014-12-05,0.0041246874799705235,0.002373423344740999,1.0000000000000002,0.0,0.0,30,0,0,0,False,1.9655299016771697,-2.0350474777552918e-16
2014-12-08,-0.007087750785939706,-0.008381491996313994,1.0000000000000002,0.0,0.0,30,0,0,0,False,1.9515987155717693,-2.0350474777552918e-16
2014-12-09,0.0016075727537019358,0.0054380903505204525,1.0000000000000002,0.0,0.0,30,0,0,0,False,1.9547360524930824,-2.0350474777552918e-16
2014-12-10,-0.012312002801347921,-0.017297957721418067,1.0000000000000002,0.0,0.0,30,0,0,0,False,1.9306693367388919,-2.0350474777552918e-16
2014-12-11,0.008642138217801243,0.00515373546654363,1.0000000000000002,0.0,0.0,30,0,0,0,False,1.9473544479998601,-2.0350474777552918e-16
2014-12-12,-0.010909441583646595,-0.011588411966101053,1.0000000000000002,0.0,0.0,30,0,0,0,False,1.9261098984067513,-2.0350474777552918e-16
2014-12-15,-0.008051869312749371,-0.01040912389528259,1.0000000000000002,0.0,0.0,30,0,0,0,False,1.9106011132227871,-2.0350474777552918e-16
2014-12-16,-0.012762423569132375,-0.012449100033479876,1.0000000000000002,0.0,0.0,30,0,0,0,False,1.886217212544182,-2.0350474777552918e-16
2014-12-17,0.01821226508768259,0.02121451282887632,1.0000000000000002,0.0,0.0,30,0,0,0,False,1.9205695004319865,-2.0350474777552918e-16
2014-12-18,0.023937929962335014,0.02241232772118318,1.0000000000000002,0.0,0.0,30,0,0,0,False,1.9665439586211242,-2.0350474777552918e-16
2014-12-19,0.0012308813953330056,0.0035759414450327043,1.0000000000000002,0.0,0.0,30,0,0,0,False,1.9689645409928953,-2.0350474777552918e-16
2014-12-22,0.0022408276880587774,0.0033659436050419433,1.0000000000000002,0.0,0.0,30,0,0,0,False,1.973376651253158,-2.0350474777552918e-16
2014-12-23,-0.008599031253017753,-0.0033462863196767056,1.0000000000000002,0.0,0.0,30,0,0,0,False,1.9564075237550567,-2.0350474777552918e-16
2014-12-24,0.0035104428980590185,0.0016893159824173942,1.0000000000000002,0.0,0.0,30,0,0,0,False,1.9632753806525318,-2.0350474777552918e-16
2014-12-26,0.0038791930917305706,0.0069948483181063725,1.0000000000000002,0.0,0.0,30,0,0,0,False,1.9708913049463237,-2.0350474777552918e-16
2014-12-29,0.00010639594652461781,1.0464211781968658e-05,1.0000000000000002,0.0,0.0,30,0,0,0,False,1.9711009997922104,-2.0350474777552918e-16
2014-12-30,-0.007123105603577429,-0.006130819751947958,1.0000000000000002,0.0,0.0,30,0,0,0,False,1.9570606392153735,-2.0350474777552918e-16
2014-12-31,-0.007894031994154616,-0.008663656867771485,1.0000000000000002,0.0,0.0,30,0,0,0,False,1.9416115399149068,-2.0350474777552918e-16
2015-01-02,-0.001407076297601395,-0.001950929654498168,0.9999999999999999,0.16654759739786432,0.0003229695195508643,30,0,0,0,False,1.9388795443379432,1.553119612085485e-16
2015-01-05,-0.01297223216817045,-0.01570621591081045,0.9999999999999999,0.0,0.0,30,0,0,0,False,1.9137279487426748,1.553119612085485e-16
2015-01-06,-0.010576660208934219,-0.012859473919123121,0.9999999999999999,0.0,0.0,30,0,0,0,False,1.893487098496483,1.553119612085485e-16
2015-01-07,0.02037837024815503,0.012569837936837747,0.9999999999999999,0.0,0.0,30,0,0,0,False,1.9320732796497488,1.553119612085485e-16
2015-01-08,0.018678695731285888,0.01843248022533306,0.9999999999999999,0.0,0.0,30,0,0,0,False,1.9681618885708743,1.553119612085485e-16
2015-01-09,-0.004351660641020438,-0.006781843776998864,0.9999999999999999,0.0,0.0,30,0,0,0,False,1.959597115945224,1.553119612085485e-16
2015-01-12,-0.010737961207528124,-0.008367180265905105,0.9999999999999999,0.0,0.0,30,0,0,0,False,1.9385550381318202,1.553119612085485e-16
2015-01-13,-0.006272504954607516,-0.0006881456725069679,0.9999999999999999,0.0,0.0,30,0,0,0,False,1.926395442050359,1.553119612085485e-16
2015-01-14,-0.007317808776484802,-0.004758167971682936,0.9999999999999999,0.0,0.0,30,0,0,0,False,1.9122984485775427,1.553119612085485e-16
2015-01-15,-0.017730921984821846,-0.014765095521114935,0.9999999999999999,0.0,0.0,30,0,0,0,False,1.8783916339741185,1.553119612085485e-16
2015-01-16,0.01663799388817333,0.013905623669522083,0.9999999999999999,0.0,0.0,30,0,0,0,False,1.9096443024997758,1.553119612085485e-16
2015-01-20,0.011342917665987162,0.004417031068169486,0.9999999999999999,0.0,0.0,30,0,0,0,False,1.931305240594352,1.553119612085485e-16
2015-01-21,0.002560282656111079,0.002700366226616069,0.9999999999999999,0.0,0.0,30,0,0,0,False,1.9362499279055023,1.553119612085485e-16
2015-01-22,0.006856835661819272,0.01777855898501879,0.9999999999999999,0.0,0.0,30,0,0,0,False,1.94952647546136,1.553119612085485e-16
2015-01-23,0.00431950985211671,0.001574604276999736,0.9999999999999999,0.0,0.0,30,0,0,0,False,1.9579474742790774,1.553119612085485e-16
2015-01-26,0.0013893943648985996,0.0029172447164964588,0.9999999999999999,0.0,0.0,30,0,0,0,False,1.960667835466608,1.553119612085485e-16
2015-01-27,-0.013671555863121632,-0.018915411458891973,0.9999999999999999,0.0,0.0,30,0,0,0,False,1.9338624556250006,1.553119612085485e-16
2015-01-28,-0.009728820808912908,-0.009293986969988177,0.9999999999999999,0.0,0.0,30,0,0,0,False,1.9150482543251406,1.553119612085485e-16
2015-01-29,0.007432799606295726,0.009793034922755961,0.9999999999999999,0.0,0.0,30,0,0,0,False,1.9292824242359257,1.553119612085485e-16
2015-01-30,-0.013394212398180283,-0.010285240442957533,0.9999999999999999,0.0,0.0,30,0,0,0,False,1.9034412056696335,1.553119612085485e-16
2015-02-02,0.007667083409717224,0.008942298179067443,1.0000000000000002,0.21155575700870433,0.0004058572180134972,30,0,0,0,False,1.9180350481589952,-2.691531893195265e-16
2015-02-03,0.013112948118582768,0.01091590443061019,1.0000000000000002,0.0,0.0,30,0,0,0,False,1.9431861422351273,-2.691531893195265e-16
2015-02-04,-0.005220008875811866,-0.0023351536956282004,1.0000000000000002,0.0,0.0,30,0,0,0,False,1.9330426933253053,-2.691531893195265e-16
2015-02-05,0.009271878512905563,0.010261389943757582,1.0000000000000002,0.0,0.0,30,0,0,0,False,1.9509656303380771,-2.691531893195265e-16
2015-02-06,-0.010385371147546008,-0.004344126999556441,1.0000000000000002,0.0,0.0,30,0,0,0,False,1.93070412817091,-2.691531893195265e-16
2015-02-09,-0.005792532121254745,-0.0038761698818854384,1.0000000000000002,0.0,0.0,30,0,0,0,False,1.919520462491841,-2.691531893195265e-16
2015-02-10,0.01826221744873635,0.013040662759522759,1.0000000000000002,0.0,0.0,30,0,0,0,False,1.954575162575166,-2.691531893195265e-16
2015-02-11,-0.0006188730785839924,0.0028281365593876284,1.0000000000000002,0.0,0.0,30,0,0,0,False,1.9533655286269793,-2.691531893195265e-16
2015-02-12,0.01838083944647817,0.011753297657938422,1.0000000000000002,0.0,0.0,30,0,0,0,False,1.989270026788957,-2.691531893195265e-16
2015-02-13,0.004800840459307176,0.007458379891724043,1.0000000000000002,0.0,0.0,30,0,0,0,False,1.9988201948180524,-2.691531893195265e-16
2015-02-17,0.0020034072844783424,0.0011095990514444765,1.0000000000000002,0.0,0.0,30,0,0,0,False,2.0028246457567134,-2.691531893195265e-16
2015-02-18,0.0020221714922945555,0.0014471339607737832,1.0000000000000002,0.0,0.0,30,0,0,0,False,2.0068747006594276,-2.691531893195265e-16
2015-02-19,0.008695657637315168,0.003738066585779798,1.0000000000000002,0.0,0.0,30,0,0,0,False,2.0243257959773513,-2.691531893195265e-16
2015-02-20,0.00896045764783393,0.006349625100021239,1.0000000000000002,0.0,0.0,30,0,0,0,False,2.042464681537624,-2.691531893195265e-16
2015-02-23,0.002085274941535653,0.001008884193855808,1.0000000000000002,0.0,0.0,30,0,0,0,False,2.046723781957006,-2.691531893195265e-16
2015-02-24,0.0031243324599270483,0.0014412301851762788,1.0000000000000002,0.0,0.0,30,0,0,0,False,2.053118427505479,-2.691531893195265e-16
2015-02-25,0.0025544607467113956,-0.00019725771122169888,1.0000000000000002,0.0,0.0,30,0,0,0,False,2.058363037936892,-2.691531893195265e-16
2015-02-26,0.003992684320351492,0.0041774541450925184,1.0000000000000002,0.0,0.0,30,0,0,0,False,2.0665814317640536,-2.691531893195265e-16
2015-02-27,0.004143085351389297,-0.004883888680706772,1.0000000000000002,0.0,0.0,30,0,0,0,False,2.0751434550214483,-2.691531893195265e-16
2015-03-02,0.009511617426509966,0.00897955724976196,1.0,0.3733065539954506,0.0007823250131009651,30,0,0,0,False,2.094881425670738,-2.7755575615628914e-17
2015-03-03,-0.010024680461155233,-0.005630917800544588,1.0,0.0,0.0,30,0,0,0,False,2.0738809087743797,-2.7755575615628914e-17
2015-03-04,-0.0018055499433198285,-0.0025622603378032682,1.0,0.0,0.0,30,0,0,0,False,2.07013641321709,-2.7755575615628914e-17
2015-03-05,0.0017097868708804143,0.003154732841137209,1.0,0.0,0.0,30,0,0,0,False,2.07367590527734,-2.7755575615628914e-17
2015-03-06,-0.014382694610952651,-0.011126251831270806,1.0,0.0,0.0,30,0,0,0,False,2.043850858009645,-2.7755575615628914e-17
2015-03-09,0.003841890187619823,0.0030583860546622432,1.0,0.0,0.0,30,0,0,0,False,2.0517031085659907,-2.7755575615628914e-17
2015-03-10,-0.015490325590569953,-0.016722489635129456,1.0,0.0,0.0,30,0,0,0,False,2.019921559399119,-2.7755575615628914e-17
2015-03-11,-0.0017631337641315081,-0.0020268571275713354,1.0,0.0,0.0,30,0,0,0,False,2.0163601674968454,-2.7755575615628914e-17
2015-03-12,0.006459267387851408,0.00893827570935457,1.0,0.0,0.0,30,0,0,0,False,2.0293843769689204,-2.7755575615628914e-17
2015-03-13,-1.0182114175694146e-05,-0.004399943596230749,1.0,0.0,0.0,30,0,0,0,False,2.0293637135454876,-2.7755575615628914e-17
2015-03-16,0.012691191718372075,0.011854032704978534,1.0,0.0,0.0,30,0,0,0,False,2.055118757500401,-2.7755575615628914e-17
2015-03-17,-0.0023493311695046426,0.001606731768744929,1.0,0.0,0.0,30,0,0,0,False,2.0502906029463714,-2.7755575615628914e-17
2015-03-18,0.011622668094099842,0.009195046443390753,1.0,0.0,0.0,30,0,0,0,False,2.0741204501208688,-2.7755575615628914e-17
2015-03-19,0.0018834819717041817,0.0019165413647155294,1.0,0.0,0.0,30,0,0,0,False,2.0780270185958143,-2.7755575615628914e-17
2015-03-20,0.012408886061976432,0.006818391364807885,1.0,0.0,0.0,30,0,0,0,False,2.1038130191032782,-2.7755575615628914e-17
2015-03-23,-0.006476098058874502,-0.003073698637871436,1.0,0.0,0.0,30,0,0,0,False,2.0901885196940286,-2.7755575615628914e-17
2015-03-24,-0.0037159045313170935,-0.003240929271541071,1.0,0.0,0.0,30,0,0,0,False,2.0824215787023905,-2.7755575615628914e-17
2015-03-25,-0.02794955020538148,-0.023666944959987668,1.0,0.0,0.0,30,0,0,0,False,2.0242188322396784,-2.7755575615628914e-17
2015-03-26,-0.0013469531547254388,-0.002698666262006544,1.0,0.0,0.0,30,0,0,0,False,2.0214923042977384,-2.7755575615628914e-17
2015-03-27,0.011691229398642422,0.005728611612724643,1.0,0.0,0.0,30,0,0,0,False,2.0451260345548734,-2.7755575615628914e-17
2015-03-30,0.010861256063542157,0.011494003071053749,1.0,0.0,0.0,30,0,0,0,False,2.0673386720983906,-2.7755575615628914e-17
2015-03-31,-0.008571634581626908,-0.009410927861903007,1.0,0.0,0.0,30,0,0,0,False,2.0496182004446974,-2.7755575615628914e-17
2015-04-01,-0.009631341627932333,-0.004213508680349531,1.0,0.11063980006398313,0.00022461010566147133,30,0,0,0,False,2.0298776273493866,-1.4433441421213278e-16
2015-04-02,0.0009011337356321647,0.0013749147068888856,1.0,0.0,0.0,30,0,0,0,False,2.0317068185585963,-1.4433441421213278e-16
2015-04-06,0.003060640265518666,0.006216548724079951,1.0,0.0,0.0,30,0,0,0,False,2.0379251422552054,-1.4433441421213278e-16
2015-04-07,0.003478936116792619,-0.0014418016904250708,1.0,0.0,0.0,30,0,0,0,False,2.0450149536359166,-1.4433441421213278e-16
2015-04-08,0.011212861375732075,0.008266374487549522,1.0,0.0,0.0,30,0,0,0,False,2.0679454228223353,-1.4433441421213278e-16
2015-04-09,0.008499025501182311,0.004795226035090083,1.0,0.0,0.0,30,0,0,0,False,2.0855209437059554,-1.4433441421213278e-16
2015-04-10,0.0015608929131267768,0.004305888273417269,1.0,0.0,0.0,30,0,0,0,False,2.0887762185671637,-1.4433441421213278e-16
2015-04-13,-0.00535877879151514,-0.0015472439841631713,1.0,0.0,0.0,30,0,0,0,False,2.077582928866885,-1.4433441421213278e-16
2015-04-14,-0.0018366081522681599,-0.002197163333834573,1.0,0.0,0.0,30,0,0,0,False,2.0737672231227147,-1.4433441421213278e-16
2015-04-15,0.007744402452143362,0.00677678013537486,1.0,0.0,0.0,30,0,0,0,False,2.089827311090641,-1.4433441421213278e-16
2015-04-16,-0.001733233306142501,-0.0006445793471190342,1.0,0.0,0.0,30,0,0,0,False,2.0862051527909724,-1.4433441421213278e-16
2015-04-17,-0.013955323935349262,-0.015172341491955565,1.0,0.0,0.0,30,0,0,0,False,2.0570914840881795,-1.4433441421213278e-16
2015-04-20,0.010029665279118749,0.012731633766677186,1.0,0.0,0.0,30,0,0,0,False,2.0777234231221096,-1.4433441421213278e-16
2015-04-21,0.005915335662295851,0.0039042164757094877,1.0,0.0,0.0,30,0,0,0,False,2.090013854583291,-1.4433441421213278e-16
2015-04-22,0.006049628122953177,0.004202109965854239,1.0,0.0,0.0,30,0,0,0,False,2.10265766117534,-1.4433441421213278e-16
2015-04-23,-8.302674173144009e-05,0.004148857022679531,1.0,0.0,0.0,30,0,0,0,False,2.102483084360756,-1.4433441421213278e-16
2015-04-24,-0.0035302000545762713,0.007124124177242397,1.0,0.0,0.0,30,0,0,0,False,2.0950608984616,-1.4433441421213278e-16
2015-04-27,-0.0061066010978116925,-0.0062509032408976095,1.0,0.0,0.0,30,0,0,0,False,2.082267197279072,-1.4433441421213278e-16
2015-04-28,-0.003996205126759911,-0.0009545180574082046,1.0,0.0,0.0,30,0,0,0,False,2.0739460304300215,-1.4433441421213278e-16
2015-04-29,-0.004143047459167715,-0.006286282965337953,1.0,0.0,0.0,30,0,0,0,False,2.0653535735981974,-1.4433441421213278e-16
2015-04-30,-0.012869311537656136,-0.016366658113108,1.0,0.0,0.0,30,0,0,0,False,2.0387738950241507,-1.4433441421213278e-16
2015-05-01,0.01926890221491684,0.012945712223322747,0.9999999999999998,0.2371208888765836,0.0004928680261753102,30,0,0,0,False,2.078058829845696,4.531965080989409e-16
2015-05-04,0.0025884950620638225,0.0023055345876039635,0.9999999999999998,0.0,0.0,30,0,0,0,False,2.08343787486543,4.531965080989409e-16
2015-05-05,-0.016492257512689124,-0.015467645932167762,0.9999999999999998,0.0,0.0,30,0,0,0,False,2.0490772809214595,4.531965080989409e-16
2015-05-06,-0.004316006071694911,-0.003986370540410067,0.9999999999999998,0.0,0.0,30,0,0,0,False,2.0402334509356304,4.531965080989409e-16
2015-05-07,0.004404118720971573,0.005264592424149228,0.9999999999999998,0.0,0.0,30,0,0,0,False,2.0492188812720484,4.531965080989409e-16
2015-05-08,0.009809921945126865,0.0117297201114539,0.9999999999999998,0.0,0.0,30,0,0,0,False,2.0693215585458073,4.531965080989409e-16
2015-05-11,-0.0013399002536912397,-0.001994583925196358,0.9999999999999998,0.0,0.0,30,0,0,0,False,2.066548874064543,4.531965080989409e-16
2015-05-12,-0.004151677537062026,-0.003480456005641508,0.9999999999999998,0.0,0.0,30,0,0,0,False,2.0579692295248484,4.531965080989409e-16
2015-05-13,-0.0003611208248686104,0.0011052632858725708,0.9999999999999998,0.0,0.0,30,0,0,0,False,2.0572260539791283,4.531965080989409e-16
2015-05-14,0.011262887206611172,0.013872782406628703,0.9999999999999998,0.0,0.0,30,0,0,0,False,2.080396358983597,4.531965080989409e-16
2015-05-15,-0.0025670831095524482,-0.0004969114000519248,0.9999999999999998,0.0,0.0,30,0,0,0,False,2.075055808629276,4.531965080989409e-16
2015-05-18,0.006599657856151575,0.005972299531128433,0.9999999999999998,0.0,0.0,30,0,0,0,False,2.088750466998649,4.531965080989409e-16
2015-05-19,-0.006723875993978945,-0.0016560400764021876,0.9999999999999998,0.0,0.0,30,0,0,0,False,2.0747059678761848,4.531965080989409e-16
2015-05-20,-0.0006197309989444122,0.00033735501909681886,0.9999999999999998,0.0,0.0,30,0,0,0,False,2.073420208274197,4.531965080989409e-16
2015-05-21,0.006079139934220379,0.0037560677891188554,0.9999999999999998,0.0,0.0,30,0,0,0,False,2.0860248198627365,4.531965080989409e-16
2015-05-22,-0.00042299271914270076,-0.00028091907149963014,0.9999999999999998,0.0,0.0,30,0,0,0,False,2.0851424465519837,4.531965080989409e-16
2015-05-26,-0.012464481648629344,-0.011123186630994653,0.9999999999999998,0.0,0.0,30,0,0,0,False,2.0591522267921585,4.531965080989409e-16
2015-05-27,0.015145103983086328,0.014671859321444547,0.9999999999999998,0.0,0.0,30,0,0,0,False,2.0903383013839294,4.531965080989409e-16
2015-05-28,-0.0007931051508076603,-0.0016860175454077586,0.9999999999999998,0.0,0.0,30,0,0,0,False,2.0886804433101713,4.531965080989409e-16
2015-05-29,-0.007871280411520631,-0.005482602913310597,0.9999999999999998,0.0,0.0,30,0,0,0,False,2.0722398538508178,4.531965080989409e-16
2015-06-01,0.0032376187695486447,0.0025444426381870944,0.9999999999999998,0.2513866802754062,0.0005227514944262397,30,0,0,0,False,2.078948976496652,5.811323644522304e-16
2015-06-02,-0.003764000774085674,-0.0012611229640728805,0.9999999999999998,0.0,0.0,30,0,0,0,False,2.071123810939834,5.811323644522304e-16
2015-06-03,0.001992327638250524,0.004473536989906268,0.9999999999999998,0.0,0.0,30,0,0,0,False,2.075250168150608,5.811323644522304e-16
2015-06-04,-0.008941367374621145,-0.00786587386723081,0.9999999999999998,0.0,0.0,30,0,0,0,False,2.0566945940029293,5.811323644522304e-16
2015-06-05,0.0011621163584425442,0.0018461510727922903,0.9999999999999998,0.0,0.0,30,0,0,0,False,2.0590847124349403,5.811323644522304e-16
2015-06-08,-0.01135863747110566,-0.009239512593568922,0.9999999999999998,0.0,0.0,30,0,0,0,False,2.035696315664096,5.811323644522304e-16
2015-06-09,0.0032492708458440323,-0.0015452751705178347,0.9999999999999998,0.0,0.0,30,0,0,0,False,2.0423108443535756,5.811323644522304e-16
2015-06-10,0.012588170912628316,0.012529203738246064,0.9999999999999998,0.0,0.0,30,0,0,0,False,2.0680198023190126,5.811323644522304e-16
2015-06-11,0.0018584033581625636,0.0011463965919997765,0.9999999999999998,0.0,0.0,30,0,0,0,False,2.071863017264389,5.811323644522304e-16
2015-06-12,-0.005715958270945176,-0.006179958570861954,0.9999999999999998,0.0,0.0,30,0,0,0,False,2.0600203347145913,5.811323644522304e-16
2015-06-15,-0.002589823863437535,-0.0041832273329922565,0.9999999999999998,0.0,0.0,30,0,0,0,False,2.054685244892581,5.811323644522304e-16
2015-06-16,0.006070074633289568,0.0050854376831099835,0.9999999999999998,0.0,0.0,30,0,0,0,False,2.067157337676998,5.811323644522304e-16
2015-06-17,0.003193050693611532,0.0018455163867636681,0.9999999999999998,0.0,0.0,30,0,0,0,False,2.0737578758478716,5.811323644522304e-16
2015-06-18,0.013098471970053316,0.013439667147882473,0.9999999999999998,0.0,0.0,30,0,0,0,False,2.100920935257342,5.811323644522304e-16
2015-06-19,-0.003486104946063495,-0.0031074137442440586,0.9999999999999998,0.0,0.0,30,0,0,0,False,2.093596904393653,5.811323644522304e-16
2015-06-22,0.006829014712215198,0.007224975571624048,0.9999999999999998,0.0,0.0,30,0,0,0,False,2.1078941084552056,5.811323644522304e-16
2015-06-23,0.000815196722506295,0.0011873564965509953,0.9999999999999998,0.0,0.0,30,0,0,0,False,2.109612456823809,5.811323644522304e-16
2015-06-24,-0.008498111290626165,-0.007302120982468074,0.9999999999999998,0.0,0.0,30,0,0,0,False,2.0916847353856287,5.811323644522304e-16
2015-06-25,-0.0014311659698051926,-0.0019952131127647377,0.9999999999999998,0.0,0.0,30,0,0,0,False,2.088691187372784,5.811323644522304e-16
2015-06-26,-0.008246491842967774,-0.006196972455972394,0.9999999999999998,0.0,0.0,30,0,0,0,False,2.0714668125336355,5.811323644522304e-16
2015-06-29,-0.02836185166947114,-0.024021132682393476,0.9999999999999998,0.0,0.0,30,0,0,0,False,2.0127161780583243,5.811323644522304e-16
2015-06-30,0.005988788668387146,0.005727552824659643,0.9999999999999998,0.0,0.0,30,0,0,0,False,2.0247699098981595,5.811323644522304e-16
2015-07-01,0.004788704885468675,0.0052638226931156495,1.0,0.13379173151495352,0.00027223114248899305,30,0,0,0,False,2.034465935457639,-1.6317242695906842e-17
2015-07-02,0.0005947244693518261,-0.0007799733343711868,1.0,0.0,0.0,30,0,0,0,False,2.0356758821315184,-1.6317242695906842e-17
2015-07-06,-0.0066661467964355126,-0.0034476693929780255,1.0,0.0,0.0,30,0,0,0,False,2.0221057678712664,-1.6317242695906842e-17
2015-07-07,0.0036523684522282718,0.001105802575868342,1.0,0.0,0.0,30,0,0,0,False,2.0294912431849084,-1.6317242695906842e-17
2015-07-08,-0.021015446146973815,-0.017548954869073485,1.0,0.0,0.0,30,0,0,0,False,1.986840579258001,-1.6317242695906842e-17
2015-07-09,-0.0021035138942140374,0.002574484397383392,1.0,0.0,0.0,30,0,0,0,False,1.9826612324939437,-1.6317242695906842e-17
2015-07-10,0.013456173305384622,0.015297477151338335,1.0,0.0,0.0,30,0,0,0,False,2.0093402656442496,-1.6317242695906842e-17
2015-07-13,0.01382284877041684,0.014768713017239365,1.0,0.0,0.0,30,0,0,0,False,2.0371150722645592,-1.6317242695906842e-17
2015-07-14,0.013361087298761953,0.006581925563862612,1.0,0.0,0.0,30,0,0,0,False,2.06433314458271,-1.6317242695906842e-17
2015-07-15,-0.0029947641432334082,-0.0011655882660430716,1.0,0.0,0.0,30,0,0,0,False,2.058150953701625,-1.6317242695906842e-17
2015-07-16,0.009232739560653735,0.012598756066922734,1.0,0.0,0.0,30,0,0,0,False,2.077153325433663,-1.6317242695906842e-17
2015-07-17,0.002966769862067231,0.009095150310655331,1.0,0.0,0.0,30,0,0,0,False,2.0833157613184525,-1.6317242695906842e-17
2015-07-20,0.004081043600682621,0.0016736210222063619,1.0,0.0,0.0,30,0,0,0,False,2.0918178637743825,-1.6317242695906842e-17
2015-07-21,0.00018385142418875233,-0.002057882412210388,1.0,0.0,0.0,30,0,0,0,False,2.092202447467781,-1.6317242695906842e-17
2015-07-22,-0.005445160441719277,-0.006979504946516002,1.0,0.0,0.0,30,0,0,0,False,2.080810069464761,-1.6317242695906842e-17
2015-07-23,0.0014166983856682691,-0.0049035049895876925,1.0,0.0,0.0,30,0,0,0,False,2.083757949731054,-1.6317242695906842e-17
2015-07-24,-0.019039292581919498,-0.011227301702456671,1.0,0.0,0.0,30,0,0,0,False,2.044084672456224,-1.6317242695906842e-17
2015-07-27,-0.005500313470289564,-0.009599853194275254,1.0,0.0,0.0,30,0,0,0,False,2.0328415659979004,-1.6317242695906842e-17
2015-07-28,0.017257917117597943,0.009808007881614067,1.0,0.0,0.0,30,0,0,0,False,2.0679241772571,-1.6317242695906842e-17
2015-07-29,0.004634224446050883,0.004425048288437594,1.0,0.0,0.0,30,0,0,0,False,2.077507402031925,-1.6317242695906842e-17
2015-07-30,0.003416993265670687,0.0033354265581320153,1.0,0.0,0.0,30,0,0,0,False,2.0846062308340487,-1.6317242695906842e-17
2015-07-31,-0.001437167584831034,-9.748907527673545e-05,1.0,0.0,0.0,30,0,0,0,False,2.081610302331957,-1.6317242695906842e-17
2015-08-03,-0.0009863651683155172,-0.0025154438726218142,1.0,0.18963632747774317,0.0003944343654608487,30,0,0,0,False,2.0795570744357303,8.966351966455122e-17
2015-08-04,-0.001634777360769224,-0.0019216754556196092,1.0,0.0,0.0,30,0,0,0,False,2.0761574616100154,8.966351966455122e-17
2015-08-05,0.011785378815455605,0.006735826962259939,1.0,0.0,0.0,30,0,0,0,False,2.100625763775624,8.966351966455122e-17
2015-08-06,-0.018208659896594925,-0.016245326136984595,1.0,0.0,0.0,30,0,0,0,False,2.062376183673009,8.966351966455122e-17
2015-08-07,0.0014076266983185093,-0.0025511823051630467,1.0,0.0,0.0,30,0,0,0,False,2.0652792394511232,8.966351966455122e-17
2015-08-10,0.014628855371445537,0.0115513706642556,1.0,0.0,0.0,30,0,0,0,False,2.095491910746703,8.966351966455122e-17
2015-08-11,-0.012583067147461935,-0.012742522746580498,1.0,0.0,0.0,30,0,0,0,False,2.069124195326814,8.966351966455122e-17
2015-08-12,0.0008700341911234144,0.001508917385874664,1.0,0.0,0.0,30,0,0,0,False,2.0709244041224286,8.966351966455122e-17
2015-08-13,-0.00032387141488321447,-0.002146939428812167,1.0,0.0,0.0,30,0,0,0,False,2.0702536909055493,8.966351966455122e-17
2015-08-14,0.00039488549903721193,0.0029164447644125513,1.0,0.0,0.0,30,0,0,0,False,2.071071204067416,8.966351966455122e-17
2015-08-17,0.008622639924072084,0.008608940596764869,1.0,0.0,0.0,30,0,0,0,False,2.0889293053172038,8.966351966455122e-17
2015-08-18,-0.006510843303079272,-0.006353496617888199,1.0,0.0,0.0,30,0,0,0,False,2.075328613939073,8.966351966455122e-17
2015-08-19,-0.008695367362604678,-0.007965509245940527,1.0,0.0,0.0,30,0,0,0,False,2.057282869242748,8.966351966455122e-17
2015-08-20,-0.02957653954251649,-0.02820446212747274,1.0,0.0,0.0,30,0,0,0,False,1.9964355611104478,8.966351966455122e-17
2015-08-21,-0.039442060403067636,-0.03515131614206013,1.0,0.0,0.0,30,0,0,0,False,1.9176920291182973,8.966351966455122e-17
2015-08-24,-0.03178844755629584,-0.03820409516281209,1.0,0.0,0.0,30,0,0,0,False,1.8567315766215438,8.966351966455122e-17
2015-08-25,-0.00764444779588358,-0.00436560066280034,1.0,0.0,0.0,30,0,0,0,False,1.8425378890130917,8.966351966455122e-17
2015-08-26,0.042137415957628654,0.04239436712854716,1.0,0.0,0.0,30,0,0,0,False,1.9201776744601273,8.966351966455122e-17
2015-08-27,0.02404204969875212,0.024517087667161874,1.0,0.0,0.0,30,0,0,0,False,1.9663426815399319,8.966351966455122e-17
2015-08-28,0.004328239663708766,0.003243453272688379,1.0,0.0,0.0,30,0,0,0,False,1.9748534839266165,8.966351966455122e-17
2015-08-31,-0.009143139189869864,-0.010730440846109746,1.0,0.0,0.0,30,0,0,0,False,1.956797123643476,8.966351966455122e-17
2015-09-01,-0.03133707715282541,-0.029395878136793563,1.0000000000000002,0.11257466886422246,0.00021340669967578524,30,0,0,0,False,1.8954768212074335,-2.7395078393277483e-16
2015-09-02,0.01862625697181386,0.024563727603724494,1.0000000000000002,0.0,0.0,30,0,0,0,False,1.9307824595633603,-2.7395078393277483e-16
2015-09-03,-0.005164581054719286,-0.0034694882925822013,1.0000000000000002,0.0,0.0,30,0,0,0,False,1.920810777051915,-2.7395078393277483e-16
2015-09-04,-0.008468345781516118,-0.010474300200697173,1.0000000000000002,0.0,0.0,30,0,0,0,False,1.9045446872109766,-2.7395078393277483e-16
2015-09-08,0.02852245230521233,0.02732973721433618,1.0000000000000002,0.0,0.0,30,0,0,0,False,1.9588669722150973,-2.7395078393277483e-16
2015-09-09,-0.015603018468188234,-0.011513134583706064,1.0000000000000002,0.0,0.0,30,0,0,0,False,1.9283027346709012,-2.7395078393277483e-16
2015-09-10,0.0025189997155234956,0.00835066774941673,1.0000000000000002,0.0,0.0,30,0,0,0,False,1.9331601287109805,-2.7395078393277483e-16
2015-09-11,0.002064783628682454,0.005439624706802038,1.0000000000000002,0.0,0.0,30,0,0,0,False,1.9371516860963645,-2.7395078393277483e-16
2015-09-14,-0.003399454800802948,-0.003438165016907302,1.0000000000000002,0.0,0.0,30,0,0,0,False,1.9305664264971807,-2.7395078393277483e-16
2015-09-15,0.009467214586590833,0.011394701832580179,1.0000000000000002,0.0,0.0,30,0,0,0,False,1.9488435131304975,-2.7395078393277483e-16
2015-09-16,0.006967748775125182,0.005908873947643389,1.0000000000000002,0.0,0.0,30,0,0,0,False,1.9624225651320233,-2.7395078393277483e-16
2015-09-17,0.0004384713042564492,0.0009633398661821335,1.0000000000000002,0.0,0.0,30,0,0,0,False,1.963283031113659,-2.7395078393277483e-16
2015-09-18,-0.01921885839682691,-0.013633199618582226,1.0000000000000002,0.0,0.0,30,0,0,0,False,1.9255509725457927,-2.7395078393277483e-16
2015-09-21,-0.003502899319248187,0.0003563534366501919,1.0000000000000002,0.0,0.0,30,0,0,0,False,1.9188059613548842,-2.7395078393277483e-16
2015-09-22,-0.014723613847886563,-0.014957702400824169,1.0000000000000002,0.0,0.0,30,0,0,0,False,1.8905542033308722,-2.7395078393277483e-16
2015-09-23,-0.0023646588612354913,-0.0008367109757684288,1.0000000000000002,0.0,0.0,30,0,0,0,False,1.8860836875813198,-2.7395078393277483e-16
2015-09-24,-0.0020184907512362793,-0.003842036221546552,1.0000000000000002,0.0,0.0,30,0,0,0,False,1.8822766451018793,-2.7395078393277483e-16
2015-09-25,-0.010342899416153517,-0.010134164681232072,1.0000000000000002,0.0,0.0,30,0,0,0,False,1.8628084470882156,-2.7395078393277483e-16
2015-09-28,-0.03021401039901428,-0.030412845407020273,1.0000000000000002,0.0,0.0,30,0,0,0,False,1.8065255332965207,-2.7395078393277483e-16
2015-09-29,-0.0009470422193615935,-0.005865003252001899,1.0000000000000002,0.0,0.0,30,0,0,0,False,1.8048146773461342,-2.7395078393277483e-16
2015-09-30,0.027811655153965775,0.022765800198604413,1.0000000000000002,0.0,0.0,30,0,0,0,False,1.855009560769301,-2.7395078393277483e-16
2015-10-01,-0.004498480210875844,0.0014977619174330048,0.9999999999999999,0.13587748179719608,0.0002509542668046235,30,0,0,0,False,1.8466648369691947,1.4690939437178585e-16
2015-10-02,0.015646805402850683,0.01744073978749583,0.9999999999999999,0.0,0.0,30,0,0,0,False,1.8755592423175387,1.4690939437178585e-16
2015-10-05,0.015638884698774058,0.015608206654015522,0.9999999999999999,0.0,0.0,30,0,0,0,False,1.9048908970538627,1.4690939437178585e-16
2015-10-06,-0.008339714638207929,-0.006881010732777915,0.9999999999999999,0.0,0.0,30,0,0,0,False,1.8890046505555136,1.4690939437178585e-16
2015-10-07,0.01324177259820214,0.009011532592548388,0.9999999999999999,0.0,0.0,30,0,0,0,False,1.9140184205751158,1.4690939437178585e-16
2015-10-08,0.0011470764359675645,0.004099245569419541,0.9999999999999999,0.0,0.0,30,0,0,0,False,1.9162139460033654,1.4690939437178585e-16
2015-10-09,-0.0005284492172683564,0.004090845786242969,0.9999999999999999,0.0,0.0,30,0,0,0,False,1.915201324243481,1.4690939437178585e-16
2015-10-12,0.000816731550993266,0.001691326032815521,0.9999999999999999,0.0,0.0,30,0,0,0,False,1.916765529591495,1.4690939437178585e-16
2015-10-13,-0.012701451707866407,-0.008686366237488752,0.9999999999999999,0.0,0.0,30,0,0,0,False,1.8924198247820856,1.4690939437178585e-16
2015-10-14,-0.0010845509732384517,-0.002868651044563908,0.9999999999999999,0.0,0.0,30,0,0,0,False,1.8903673990193424,1.4690939437178585e-16
2015-10-15,0.011678322031859256,0.018242261031764295,0.9999999999999999,0.0,0.0,30,0,0,0,False,1.9124437182636183,1.4690939437178585e-16
2015-10-16,0.00398668272224767,0.003406459756340574,0.9999999999999999,0.0,0.0,30,0,0,0,False,1.920068024592491,1.4690939437178585e-16
2015-10-19,0.004216787230640007,0.00384315362429688,0.9999999999999999,0.0,0.0,30,0,0,0,False,1.9281645429205527,1.4690939437178585e-16
2015-10-20,-0.005835820243591083,-0.004994424387696816,0.9999999999999999,0.0,0.0,30,0,0,0,False,1.9169121212480025,1.4690939437178585e-16
2015-10-21,-0.0062604454566205225,-0.008369258226571308,0.9999999999999999,0.0,0.0,30,0,0,0,False,1.9049113974677947,1.4690939437178585e-16
2015-10-22,0.023721444032174244,0.016513991047453436,0.9999999999999999,0.0,0.0,30,0,0,0,False,1.9500986465690777,1.4690939437178585e-16
2015-10-23,0.007334384894654322,0.02272540005591006,0.9999999999999999,0.0,0.0,30,0,0,0,False,1.9644014206255598,1.4690939437178585e-16
2015-10-26,-0.003943531974068604,0.0005644632514509862,0.9999999999999999,0.0,0.0,30,0,0,0,False,1.9566547408134172,1.4690939437178585e-16
2015-10-27,0.004953212821099617,-0.0009037876773675402,0.9999999999999999,0.0,0.0,30,0,0,0,False,1.9663464681620795,1.4690939437178585e-16
2015-10-28,0.01078599257998536,0.013029432780919725,0.9999999999999999,0.0,0.0,30,0,0,0,False,1.987555466577356,1.4690939437178585e-16
2015-10-29,-0.015359591392329897,-0.004203532871966953,0.9999999999999999,0.0,0.0,30,0,0,0,False,1.9570274267411363,1.4690939437178585e-16
2015-10-30,-0.0014711440367671802,-0.004043931442355375,0.9999999999999999,0.0,0.0,30,0,0,0,False,1.9541483575124963,1.4690939437178585e-16
2015-11-02,0.013022634563607305,0.0,1.0,0.3247623428544826,0.0006431072599358516,30,0,0,0,False,1.9795965174554548,-8.033938098117588e-17
2015-11-03,0.006027362010496029,0.018081602770220195,1.0,0.0,0.0,30,0,0,0,False,1.991528262300876,-8.033938098117588e-17
2015-11-04,-0.0035664701691495715,-0.0005150307283787736,1.0,0.0,0.0,30,0,0,0,False,1.9844255361623617,-8.033938098117588e-17
2015-11-05,-0.009009111765521327,-0.002866282416265964,1.0,0.0,0.0,30,0,0,0,False,1.9665476247167204,-8.033938098117588e-17
2015-11-06,0.005395367157995601,0.0037794231462817685,1.0,0.0,0.0,30,0,0,0,False,1.9771578711857511,-8.033938098117588e-17
2015-11-09,-0.010678060001877987,-0.0100678241411154,1.0,0.0,0.0,30,0,0,0,False,1.9560456608040444,-8.033938098117588e-17
2015-11-10,-0.001777790137292623,-0.002366808720460245,1.0,0.0,0.0,30,0,0,0,False,1.952568222120173,-8.033938098117588e-17
2015-11-11,-0.00879602988312278,-0.0031909174781864502,1.0,0.0,0.0,30,0,0,0,False,1.935393373689568,-8.033938098117588e-17
2015-11-12,-0.017410943392751066,-0.01222412779108828,1.0,0.0,0.0,30,0,0,0,False,1.9016963492175536,-8.033938098117588e-17
2015-11-13,-0.019422365023107235,-0.015424368533083044,1.0,0.0,0.0,30,0,0,0,False,1.86476090855994,-8.033938098117588e-17
2015-11-16,0.01111768904309507,0.011514119895657426,1.0,0.0,0.0,30,0,0,0,False,1.8854927404810287,-8.033938098117588e-17
2015-11-17,0.002439577824358219,0.0002808438701276117,1.0,0.0,0.0,30,0,0,0,False,1.8900925467586944,-8.033938098117588e-17
2015-11-18,0.016845111325999085,0.017886049394105985,1.0,0.0,0.0,30,0,0,0,False,1.9219313661252857,-8.033938098117588e-17
2015-11-19,0.0008894422006413549,-0.00030739674072377543,1.0,0.0,0.0,30,0,0,0,False,1.9236408129890537,-8.033938098117588e-17
2015-11-20,0.011693701558046055,0.0061651594089222606,1.0,0.0,0.0,30,0,0,0,False,1.9461352945610249,-8.033938098117588e-17
2015-11-23,-0.001816037482955335,-0.00047795069223321995,1.0,0.0,0.0,30,0,0,0,False,1.9426010399191997,-8.033938098117588e-17
2015-11-24,0.0007821139481580808,6.469403113773531e-05,1.0,0.0,0.0,30,0,0,0,False,1.9441203752882268,-8.033938098117588e-17
2015-11-25,0.007086051961960882,0.002612286120543539,1.0,0.0,0.0,30,0,0,0,False,1.957896513287826,-8.033938098117588e-17
2015-11-27,0.0029861657439562705,0.0022243135992310314,1.0,0.0,0.0,30,0,0,0,False,1.9637431167860178,-8.033938098117588e-17
2015-11-30,-0.00642307365569772,-0.0036762606484227467,1.0,0.0,0.0,30,0,0,0,False,1.9511298501060317,-8.033938098117588e-17
2015-12-01,0.007430236948425595,0.009325362752445665,1.0,0.3718594928279009,0.0007312090433856598,30,0,0,0,False,1.9656272072094656,9.009720053354542e-17
2015-12-02,-0.00865283422855967,-0.006417360352318546,1.0,0.0,0.0,30,0,0,0,False,1.9486189608303355,9.009720053354542e-17
2015-12-03,-0.018291068701607016,-0.016725886582036775,1.0,0.0,0.0,30,0,0,0,False,1.9129766375445338,9.009720053354542e-17
2015-12-04,0.025276464062440107,0.020791976257887423,1.0,0.0,0.0,30,0,0,0,False,1.9613299227757157,9.009720053354542e-17
2015-12-07,0.01887835963518114,-0.007868101052648124,1.0,0.0,0.0,30,0,0,0,False,1.9983566144211178,9.009720053354542e-17
2015-12-08,0.004743786129151717,-0.0006997320421627817,1.0,0.0,0.0,30,0,0,0,False,2.0078363908097074,9.009720053354542e-17
2015-12-09,-0.01851056896255976,-0.014783552175513415,1.0,0.0,0.0,30,0,0,0,False,1.9706701968320872,9.009720053354542e-17
2015-12-10,0.00526627331042806,0.004439652938665439,1.0,0.0,0.0,30,0,0,0,False,1.98104828469332,9.009720053354542e-17
2015-12-11,-0.01835387886781803,-0.022139928330263015,1.0,0.0,0.0,30,0,0,0,False,1.9446883644447601,9.009720053354542e-17
2015-12-14,0.002849485010207431,0.0038025566669075417,1.0,0.0,0.0,30,0,0,0,False,1.95022972478877,9.009720053354542e-17
2015-12-15,0.014299063497359654,0.008709187578121558,1.0,0.0,0.0,30,0,0,0,False,1.978116183457963,9.009720053354542e-17
2015-12-16,0.012003192429569154,0.015168076278147646,1.0,0.0,0.0,30,0,0,0,False,2.001859892656054,9.009720053354542e-17
2015-12-17,-0.013849968877607921,-0.013523633066469087,1.0,0.0,0.0,30,0,0,0,False,1.9741341954454361,9.009720053354542e-17
2015-12-18,-0.014359972997233017,-0.015885838857616075,1.0,0.0,0.0,30,0,0,0,False,1.9457856817059254,9.009720053354542e-17
2015-12-21,0.009725392996150273,0.00931120336636404,1.0,0.0,0.0,30,0,0,0,False,1.9647092121467975,9.009720053354542e-17
2015-12-22,0.006645315875042579,0.006478269049980057,1.0,0.0,0.0,30,0,0,0,False,1.9777653254641192,9.009720053354542e-17
2015-12-23,0.00917277371872438,0.008962070599568106,1.0,0.0,0.0,30,0,0,0,False,1.995906919263341,9.009720053354542e-17
2015-12-24,0.0005652112960830014,0.000507339558522002,1.0,0.0,0.0,30,0,0,0,False,1.9970350284000387,9.009720053354542e-17
2015-12-28,-0.00046298538514411014,-0.0014855926629311345,1.0,0.0,0.0,30,0,0,0,False,1.9961104303682686,9.009720053354542e-17
2015-12-29,0.010298347469032576,0.013281061327990784,1.0,0.0,0.0,30,0,0,0,False,2.016667069166761,9.009720053354542e-17
2015-12-30,-0.006460495867478544,-0.008240073458969377,1.0,0.0,0.0,30,0,0,0,False,2.0036383999003293,9.009720053354542e-17
2015-12-31,-0.011278069809864233,-0.011536049990898745,1.0,0.0,0.0,30,0,0,0,False,1.9810412261525288,9.009720053354542e-17
2016-01-04,-0.016559458343973654,-0.02083320435781366,1.0,0.2043751077281098,0.00039825238767466096,30,0,0,0,False,1.9482362564903615,-2.9815559743351372e-18
2016-01-05,-0.004201794478524645,-0.0023780106984783167,1.0,0.0,0.0,30,0,0,0,False,1.9400501681449787,-2.9815559743351372e-18
2016-01-06,-0.011458417655680009,-0.011381211163965954,1.0,0.0,0.0,30,0,0,0,False,1.9178202630454013,-2.9815559743351372e-18
2016-01-07,-0.027114587969048976,-0.03025989835144416,1.0,0.0,0.0,30,0,0,0,False,1.865819356814232,-2.9815559743351372e-18
2016-01-08,-0.013773400065795971,-0.009766708970313731,1.0,0.0,0.0,30,0,0,0,False,1.8401206803623236,-2.9815559743351372e-18
2016-01-11,-0.0003184152055557554,-0.0012145024735928933,1.0,0.0,0.0,30,0,0,0,False,1.8395347579576387,-2.9815559743351372e-18
2016-01-12,0.01754078102382528,0.010334152926843032,1.0,0.0,0.0,30,0,0,0,False,1.871801634332689,-2.9815559743351372e-18
2016-01-13,-0.02866885415074083,-0.034114923731410784,1.0,0.0,0.0,30,0,0,0,False,1.818139226278887,-2.9815559743351372e-18
2016-01-14,0.015111537488323057,0.019650622845242438,1.0,0.0,0.0,30,0,0,0,False,1.845614105355791,-2.9815559743351372e-18
2016-01-15,-0.02349769113947986,-0.027427973997833144,1.0,0.0,0.0,30,0,0,0,False,1.8022464351454732,-2.9815559743351372e-18
2016-01-19,0.0012731938718397728,-0.0025553981703003714,1.0,0.0,0.0,30,0,0,0,False,1.8045410442622456,-2.9815559743351372e-18
2016-01-20,-0.0022135467887270943,-0.00117497398117139,1.0,0.0,0.0,30,0,0,0,False,1.8005466082285926,-2.9815559743351372e-18
2016-01-21,-0.0004695110691053106,8.27874938285067e-05,1.0,0.0,0.0,30,0,0,0,False,1.7997012316655892,-2.9815559743351372e-18
2016-01-22,0.025582761983400593,0.02663651590907734,1.0,0.0,0.0,30,0,0,0,False,1.845742559916523,-2.9815559743351372e-18
2016-01-25,-0.014982092905661992,-0.015832530380750387,1.0,0.0,0.0,30,0,0,0,False,1.8180894734039192,-2.9815559743351372e-18
2016-01-26,0.008864887326123227,0.010884100180188483,1.0,0.0,0.0,30,0,0,0,False,1.8342066317344556,-2.9815559743351372e-18
2016-01-27,-0.01979945325545507,-0.021783535627213357,1.0,0.0,0.0,30,0,0,0,False,1.7978903432685835,-2.9815559743351372e-18
2016-01-28,0.00397609352846362,0.008618808340300488,1.0,0.0,0.0,30,0,0,0,False,1.805038923427341,-2.9815559743351372e-18
2016-01-29,0.02305667328732497,0.023802443315148025,1.0,0.0,0.0,30,0,0,0,False,1.84665711615571,-2.9815559743351372e-18
2016-02-01,0.002643616296407636,0.0013914107698864697,1.0,0.2458981599413021,0.00045540200805298584,30,0,0,0,False,1.8515389690018562,-4.4994390158148434e-17
2016-02-02,-0.01979374201175077,-0.022383466640475413,1.0,0.0,0.0,30,0,0,0,False,1.8148900843247304,-4.4994390158148434e-17
2016-02-03,-0.006819083763580647,-0.0028138455013296815,1.0,0.0,0.0,30,0,0,0,False,1.802514196818028,-4.4994390158148434e-17
2016-02-04,4.6507760963487854e-05,0.0011810871009942936,1.0,0.0,0.0,30,0,0,0,False,1.802598027717427,-4.4994390158148434e-17
2016-02-05,-0.029828878795226554,-0.032468798896814755,1.0,0.0,0.0,30,0,0,0,False,1.7488285496321294,-4.4994390158148434e-17
2016-02-08,-0.02038222007047119,-0.018195633919708354,1.0,0.0,0.0,30,0,0,0,False,1.7131835412680043,-4.4994390158148434e-17
2016-02-09,0.001791440352685969,-0.003499317187044104,1.0,0.0,0.0,30,0,0,0,False,1.7162526073953892,-4.4994390158148434e-17
2016-02-10,0.0052775524200852075,0.0034740769438468266,1.0,0.0,0.0,30,0,0,0,False,1.7253102204970263,-4.4994390158148434e-17
2016-02-11,-0.004522069194042744,-0.0039102717071555215,1.0,0.0,0.0,30,0,0,0,False,1.7175082482987496,-4.4994390158148434e-17
2016-02-12,0.021616163108353348,0.016562609170374776,1.0,0.0,0.0,30,0,0,0,False,1.7546341867339177,-4.4994390158148434e-17
2016-02-16,0.020756133496618645,0.022697401167831366,1.0,0.0,0.0,30,0,0,0,False,1.7910536081514976,-4.4994390158148434e-17
2016-02-17,0.020434486300234367,0.02211473953777765,1.0,0.0,0.0,30,0,0,0,False,1.8276528685702549,-4.4994390158148434e-17
2016-02-18,-0.011353884154683858,-0.010260141897986741,1.0,0.0,0.0,30,0,0,0,False,1.8069019096255325,-4.4994390158148434e-17
2016-02-19,0.0029555709753066317,0.0037637993198946784,1.0,0.0,0.0,30,0,0,0,False,1.812242336464848,-4.4994390158148434e-17
2016-02-22,0.012785927082745063,0.014692135755594693,1.0,0.0,0.0,30,0,0,0,False,1.835413534835151,-4.4994390158148434e-17
2016-02-23,-0.011866246016042692,-0.014665395093114486,1.0,0.0,0.0,30,0,0,0,False,1.8136340662896226,-4.4994390158148434e-17
2016-02-24,0.008244942411900213,0.00866639409833092,1.0,0.0,0.0,30,0,0,0,False,1.8285873747224408,-4.4994390158148434e-17
2016-02-25,0.01181028343906565,0.008715320239142565,1.0,0.0,0.0,30,0,0,0,False,1.8501835099110098,-4.4994390158148434e-17
2016-02-26,-0.0007597777236043601,0.0018048098378589117,1.0,0.0,0.0,30,0,0,0,False,1.8487777816955993,-4.4994390158148434e-17
2016-02-29,-0.0068845409631812515,-0.007084241609933484,1.0,0.0,0.0,30,0,0,0,False,1.8360497953256965,-4.4994390158148434e-17
2016-03-01,0.028719203962919604,0.028883575779305337,1.0,0.2361253852958555,0.00044609416475256084,30,0,0,0,False,1.888779683883732,4.7596475372113645e-17
2016-03-02,-0.0005477200623189571,0.002946903724264205,1.0,0.0,0.0,30,0,0,0,False,1.8877451613575684,4.7596475372113645e-17
2016-03-03,-0.0005612159628421987,0.0008504450134252384,1.0,0.0,0.0,30,0,0,0,False,1.8866857286392364,4.7596475372113645e-17
2016-03-04,0.0008843099584212588,0.002039354934111781,1.0,0.0,0.0,30,0,0,0,False,1.8883541436174833,4.7596475372113645e-17
2016-03-07,-0.0005318883574310096,-0.0018592246799887802,1.0,0.0,0.0,30,0,0,0,False,1.8873497500337866,4.7596475372113645e-17
2016-03-08,-0.01370869568698252,-0.012622566771093302,1.0,0.0,0.0,30,0,0,0,False,1.861476646655671,4.7596475372113645e-17
2016-03-09,0.0017477011268647313,0.005498191175317135,1.0,0.0,0.0,30,0,0,0,False,1.8647299514886633,4.7596475372113645e-17
2016-03-10,0.0030408215980932685,-0.0026141863223396733,1.0,0.0,0.0,30,0,0,0,False,1.8704002625997616,4.7596475372113645e-17
2016-03-11,0.021335028564240854,0.018512877356724022,1.0,0.0,0.0,30,0,0,0,False,1.910305305628891,4.7596475372113645e-17
2016-03-14,0.00139749493701391,0.0003810911564741115,1.0,0.0,0.0,30,0,0,0,False,1.9129749476216582,4.7596475372113645e-17
2016-03-15,-0.0035904773415493807,-0.0045491846606594555,1.0,0.0,0.0,30,0,0,0,False,1.906106454417271,4.7596475372113645e-17
2016-03-16,0.005855131195422247,0.007465164781326639,1.0,0.0,0.0,30,0,0,0,False,1.9172669577803254,4.7596475372113645e-17
2016-03-17,-0.00046053081758357095,0.0023131966694502903,1.0,0.0,0.0,30,0,0,0,False,1.9163839972607328,4.7596475372113645e-17
2016-03-18,0.008623471110015268,0.004326647623276836,1.0,0.0,0.0,30,0,0,0,False,1.9329098792968065,4.7596475372113645e-17
2016-03-21,0.001855420814041775,0.0027567066561717812,1.0,0.0,0.0,30,0,0,0,False,1.9364962405185209,4.7596475372113645e-17
2016-03-22,-0.0008298582123030807,0.0026596892272054973,1.0,0.0,0.0,30,0,0,0,False,1.9348892232102326,4.7596475372113645e-17
2016-03-23,-0.007134199965384114,-0.01095064724801631,1.0,0.0,0.0,30,0,0,0,False,1.9210853365809841,4.7596475372113645e-17
2016-03-24,-0.0016896132645285444,0.0009729998568419607,1.0,0.0,0.0,30,0,0,0,False,1.9178394453140055,4.7596475372113645e-17
2016-03-28,0.00048143137831391236,-0.0014056771760763143,1.0,0.0,0.0,30,0,0,0,False,1.9187627534015477,4.7596475372113645e-17
2016-03-29,0.011741456039509268,0.016747140108962277,1.0,0.0,0.0,30,0,0,0,False,1.94129182192086,4.7596475372113645e-17
2016-03-30,0.0077919338759879775,0.004677465848829332,1.0,0.0,0.0,30,0,0,0,False,1.9564182394312635,4.7596475372113645e-17
2016-03-31,-0.0026481247777572214,0.00011502703679577841,1.0,0.0,0.0,30,0,0,0,False,1.9512373998157695,4.7596475372113645e-17
2016-04-01,0.008123002976554439,0.009176853308072053,1.0,0.1671431424582166,0.00032884011735598214,30,0,0,0,False,1.9670873070224373,2.856872724499304e-17
2016-04-04,-0.005473579984591415,-0.00462712685215716,1.0,0.0,0.0,30,0,0,0,False,1.9563202973107754,2.856872724499304e-17
2016-04-05,-0.005088833492482903,-0.009785682562070463,1.0,0.0,0.0,30,0,0,0,False,1.9463649090597963,2.856872724499304e-17
2016-04-06,0.014896291748470736,0.015852829588667516,1.0,0.0,0.0,30,0,0,0,False,1.9753585285941366,2.856872724499304e-17
2016-04-07,-0.017830030156405607,-0.014703152599491398,1.0,0.0,0.0,30,0,0,0,False,1.94013782645959,2.856872724499304e-17
2016-04-08,0.0023793787865371563,0.00047847007389156815,1.0,0.0,0.0,30,0,0,0,False,1.9447541492468265,2.856872724499304e-17
2016-04-11,-0.004758685353452807,-0.003564441421002762,1.0,0.0,0.0,30,0,0,0,False,1.935499676160739,2.856872724499304e-17
2016-04-12,0.005564155803386539,0.008004696652557097,1.0,0.0,0.0,30,0,0,0,False,1.9462690979163015,2.856872724499304e-17
2016-04-13,0.013440112379491387,0.01546155820034345,1.0,0.0,0.0,30,0,0,0,False,1.972427173313028,2.856872724499304e-17
2016-04-14,0.00038042643725688663,-0.0003092116761709285,1.0,0.0,0.0,30,0,0,0,False,1.9731775367553204,2.856872724499304e-17
2016-04-15,-0.0010067941540391478,-0.001550762318798804,1.0,0.0,0.0,30,0,0,0,False,1.9711909531464338,2.856872724499304e-17
2016-04-18,0.007049178003850409,0.004414505452794648,1.0,0.0,0.0,30,0,0,0,False,1.9850862290547426,2.856872724499304e-17
2016-04-19,-0.013462231836918748,-0.003969721896282752,1.0,0.0,0.0,30,0,0,0,False,1.9583625380229328,2.856872724499304e-17
2016-04-20,0.0025189784671049154,0.0015788013841422366,1.0,0.0,0.0,30,0,0,0,False,1.9632956110869975,2.856872724499304e-17
2016-04-21,-0.0015654571724698085,-0.0004526558609546649,1.0,0.0,0.0,30,0,0,0,False,1.9602221558909427,2.856872724499304e-17
2016-04-22,-0.009417463586397501,-0.008018799285491651,1.0,0.0,0.0,30,0,0,0,False,1.9417618351165902,2.856872724499304e-17
2016-04-25,-0.0006863895843151058,-0.002127906763441545,1.0,0.0,0.0,30,0,0,0,False,1.9404290300177456,2.856872724499304e-17
2016-04-26,0.0016085432315320336,-0.001534011875509278,1.0,0.0,0.0,30,0,0,0,False,1.943550294000249,2.856872724499304e-17
2016-04-27,-0.0011700326293206942,-0.005142852092877459,1.0,0.0,0.0,30,0,0,0,False,1.9412762767395428,2.856872724499304e-17
2016-04-28,-0.017615505663683195,-0.011895626860513375,1.0,0.0,0.0,30,0,0,0,False,1.9070797134918636,2.856872724499304e-17
2016-04-29,-0.013706035701575359,-0.006228573093403189,1.0,0.0,0.0,30,0,0,0,False,1.880941210852994,2.856872724499304e-17
2016-05-02,0.008703702109833289,0.00884329158101771,1.0,0.1859098229668868,0.00035279459346858203,30,0,0,0,False,1.8973123628383677,-9.584347204771859e-17
2016-05-03,-0.009331444623181473,-0.01128564328992887,1.0,0.0,0.0,30,0,0,0,False,1.8796076975916638,-9.584347204771859e-17
2016-05-04,-0.011177374369657156,-0.007889641549639115,1.0,0.0,0.0,30,0,0,0,False,1.8585986186875925,-9.584347204771859e-17
2016-05-05,-0.0003387620054492446,-0.001809342188373586,1.0,0.0,0.0,30,0,0,0,False,1.8579689960922006,-9.584347204771859e-17
2016-05-06,0.0063107778642177426,0.004042831662861346,1.0,0.0,0.0,30,0,0,0,False,1.869694225705142,-9.584347204771859e-17
2016-05-09,0.004630835335876604,0.0029664959390520718,1.0,0.0,0.0,30,0,0,0,False,1.878352471792822,-9.584347204771859e-17
2016-05-10,0.00987775241618194,0.012561528858724191,1.0,0.0,0.0,30,0,0,0,False,1.8969063724595148,-9.584347204771859e-17
2016-05-11,-0.010923030321658644,-0.010226866579350458,1.0,0.0,0.0,30,0,0,0,False,1.876186406635792,-9.584347204771859e-17
2016-05-12,-0.00593333731846879,-0.0049068098302307295,1.0,0.0,0.0,30,0,0,0,False,1.8650543598128961,-9.584347204771859e-17
2016-05-13,-0.003818545801793194,-0.004147884902510834,1.0,0.0,0.0,30,0,0,0,False,1.8579325643171165,-9.584347204771859e-17
2016-05-16,0.013056785469462762,0.012247502490736917,1.0,0.0,0.0,30,0,0,0,False,1.882191191226134,-9.584347204771859e-17
2016-05-17,-0.009992409132563829,-0.012507695593723,1.0,0.0,0.0,30,0,0,0,False,1.8633835667776948,-9.584347204771859e-17
2016-05-18,0.0036255178791941844,0.004960016794854694,1.0,0.0,0.0,30,0,0,0,False,1.8701392972148438,-9.584347204771859e-17
2016-05-19,-0.0074655834246243336,-0.005610809483389101,1.0,0.0,0.0,30,0,0,0,False,1.8561776162758181,-9.584347204771859e-17
2016-05-20,0.009635085673785682,0.012101843897093012,1.0,0.0,0.0,30,0,0,0,False,1.874062046634399,-9.584347204771859e-17
2016-05-23,-0.0002618512187778643,-0.0007925888175723816,1.0,0.0,0.0,30,0,0,0,False,1.8735713212034224,-9.584347204771859e-17
2016-05-24,0.020960952050710135,0.019992593866799968,1.0,0.0,0.0,30,0,0,0,False,1.9128431598307531,-9.584347204771859e-17
2016-05-25,0.005824096331787709,0.006959387315536469,1.0,0.0,0.0,30,0,0,0,False,1.9239837426612088,-9.584347204771859e-17
2016-05-26,-0.0011872548349085577,0.0014055269596351394,1.0,0.0,0.0,30,0,0,0,False,1.9216994836604488,-9.584347204771859e-17
2016-05-27,0.008208026119623346,0.006473171935851729,1.0,0.0,0.0,30,0,0,0,False,1.9374728432164006,-9.584347204771859e-17
2016-05-31,0.0010716239178021336,0.002949184149184214,1.0,0.0,0.0,30,0,0,0,False,1.9395490854552833,-9.584347204771859e-17
2016-06-01,0.0023503934230473256,0.0008488596860929398,1.0,0.31423492288008753,0.0006110985896241408,30,0,0,0,False,1.944107788869415,1.8648277366750676e-17
2016-06-02,0.0030839721592175184,0.003858831844111288,1.0,0.0,0.0,30,0,0,0,False,1.9501033631648061,1.8648277366750676e-17
2016-06-03,-0.0032260954565280775,-0.005801209443717759,1.0,0.0,0.0,30,0,0,0,False,1.94381214356514,1.8648277366750676e-17
2016-06-06,0.004841411612358071,0.005298916342270754,1.0,0.0,0.0,30,0,0,0,False,1.9532229382492392,1.8648277366750676e-17
2016-06-07,0.003409653174076377,-0.0014007659935878491,1.0,0.0,0.0,30,0,0,0,False,1.9598827510403196,1.8648277366750676e-17
2016-06-08,0.001417358508801092,0.00259789388824494,1.0,0.0,0.0,30,0,0,0,False,1.962660607533759,1.8648277366750676e-17
2016-06-09,-0.0015677425069099415,-0.0032203334669375083,1.0,0.0,0.0,30,0,0,0,False,1.9595836610726907,1.8648277366750676e-17
2016-06-10,-0.012681358378788365,-0.012920993886988863,1.0,0.0,0.0,30,0,0,0,False,1.9347334783934098,1.8648277366750676e-17
2016-06-13,-0.006673943362581092,-0.009420662141388259,1.0,0.0,0.0,30,0,0,0,False,1.9218211767369227,1.8648277366750676e-17
2016-06-14,0.00030912492201196073,-0.0010085924752827324,1.0,0.0,0.0,30,0,0,0,False,1.9224152595583024,1.8648277366750676e-17
2016-06-15,-0.000462421433705118,-0.001779603876479241,1.0,0.0,0.0,30,0,0,0,False,1.9215262935378008,1.8648277366750676e-17
2016-06-16,0.0037754344193723366,0.002066151854684506,1.0,0.0,0.0,30,0,0,0,False,1.9287808900441523,1.8648277366750676e-17
2016-06-17,-0.004686855409997803,-0.009201411152328864,1.0,0.0,0.0,30,0,0,0,False,1.9197409728949486,1.8648277366750676e-17
2016-06-20,0.010380996111586605,0.007680747933719312,1.0,0.0,0.0,30,0,0,0,False,1.9396697964698246,1.8648277366750676e-17
2016-06-21,0.0005306363240915601,0.0013540449970126378,1.0,0.0,0.0,30,0,0,0,False,1.9406990557205748,1.8648277366750676e-17
2016-06-22,-0.0010009829321147024,-0.002155350477948903,1.0,0.0,0.0,30,0,0,0,False,1.9387564490894273,1.8648277366750676e-17
2016-06-23,0.01593061103252258,0.01587318927251613,1.0,0.0,0.0,30,0,0,0,False,1.9696420239666657,1.8648277366750676e-17
2016-06-24,-0.045314919228667816,-0.04115241423695126,1.0,0.0,0.0,30,0,0,0,False,1.8803878547412265,1.8648277366750676e-17
2016-06-27,-0.024481896703516193,-0.024116521310625583,1.0,0.0,0.0,30,0,0,0,False,1.8343523935189054,1.8648277366750676e-17
2016-06-28,0.019460029747729424,0.0212061104553789,1.0,0.0,0.0,30,0,0,0,False,1.8700489456646021,1.8648277366750676e-17
2016-06-29,0.022074043844020563,0.018623682697438637,1.0,0.0,0.0,30,0,0,0,False,1.9113284880816668,1.8648277366750676e-17
2016-06-30,0.017833847625537302,0.013269843594706288,1.0,0.0,0.0,30,0,0,0,False,1.9454148291004638,1.8648277366750676e-17
2016-07-01,0.003125961507355779,0.00410928277395084,1.0,0.18340235267011912,0.0003579746332028149,30,0,0,0,False,1.9514961209720711,-6.375108774214766e-17
2016-07-05,-0.007216386567494237,-0.008158217081017494,1.0,0.0,0.0,30,0,0,0,False,1.937413370578171,-6.375108774214766e-17
2016-07-06,0.008849694264629893,0.007518360478516284,1.0,0.0,0.0,30,0,0,0,False,1.9545588865719938,-6.375108774214766e-17
2016-07-07,0.0009304438748418686,0.003632294321146201,1.0,0.0,0.0,30,0,0,0,False,1.9563774939160226,-6.375108774214766e-17
2016-07-08,0.017722112179287874,0.016393851382484614,1.0,0.0,0.0,30,0,0,0,False,1.9910486353282364,-6.375108774214766e-17
2016-07-11,0.003130639326033746,0.0064316814383460486,1.0,0.0,0.0,30,0,0,0,False,1.9972818904860408,-6.375108774214766e-17
2016-07-12,0.009560387334583975,0.0068515064857055386,1.0,0.0,0.0,30,0,0,0,False,2.0163766789754374,-6.375108774214766e-17
2016-07-13,-0.005970066259884055,-0.0034024314390097565,1.0,0.0,0.0,30,0,0,0,False,2.004338776597069,-6.375108774214766e-17
2016-07-14,0.008551074260874536,0.0056595341738368,1.0,0.0,0.0,30,0,0,0,False,2.021478026319701,-6.375108774214766e-17
2016-07-15,0.00045712401577735484,-0.0008880108523138253,1.0,0.0,0.0,30,0,0,0,False,2.0224020924728983,-6.375108774214766e-17
2016-07-18,0.0021911361383759598,0.005207184092826056,1.0,0.0,0.0,30,0,0,0,False,2.026833450784043,-6.375108774214766e-17
2016-07-19,-0.004190149972197577,-0.00383911103090373,1.0,0.0,0.0,30,0,0,0,False,2.018340714656591,-6.375108774214766e-17
2016-07-20,0.008116128020128288,0.01063466324684903,1.0,0.0,0.0,30,0,0,0,False,2.034721826284981,-6.375108774214766e-17
2016-07-21,-0.0034669475893543966,-0.003149414504741044,1.0,0.0,0.0,30,0,0,0,False,2.0276675523543357,-6.375108774214766e-17
2016-07-22,0.00336461555128742,0.00517556524912921,1.0,0.0,0.0,30,0,0,0,False,2.034489874133828,-6.375108774214766e-17
2016-07-25,0.002478712988739362,-0.0004961216708447846,1.0,0.0,0.0,30,0,0,0,False,2.0395327906103025,-6.375108774214766e-17
2016-07-26,0.002399347525857909,0.0024364067701345693,1.0,0.0,0.0,30,0,0,0,False,2.0444263385653594,-6.375108774214766e-17
2016-07-27,0.0024392480209032286,0.005823876706641862,1.0,0.0,0.0,30,0,0,0,False,2.0494132014655873,-6.375108774214766e-17
2016-07-28,0.004070506320288381,0.0029514514553756754,1.0,0.0,0.0,30,0,0,0,False,2.0577553508550355,-6.375108774214766e-17
2016-07-29,0.0007572161746918216,0.001386988892294605,1.0,0.0,0.0,30,0,0,0,False,2.0593135164902616,-6.375108774214766e-17
2016-08-01,0.004516189870783283,0.004275425149607326,1.0,0.2519784980034772,0.0005213775659781546,30,0,0,0,False,2.068613767334202,-1.2284010614260765e-16
2016-08-02,-0.008320522547365039,-0.008963812778680968,1.0,0.0,0.0,30,0,0,0,False,2.051401819841308,-1.2284010614260765e-16
2016-08-03,0.002152689730538615,0.004284032053066378,1.0,0.0,0.0,30,0,0,0,False,2.0558178514720886,-1.2284010614260765e-16
2016-08-04,0.002019123041790083,0.0012616526700317543,1.0,0.0,0.0,30,0,0,0,False,2.0599688006657195,-1.2284010614260765e-16
2016-08-05,0.01186788887614565,0.010620875877086933,1.0,0.0,0.0,30,0,0,0,False,2.0844162814803475,-1.2284010614260765e-16
2016-08-08,-0.003944741735996904,-0.001528407668691667,1.0,0.0,0.0,30,0,0,0,False,2.0761937975796005,-1.2284010614260765e-16
2016-08-09,-0.001418008630063694,0.0023670762272436363,1.0,0.0,0.0,30,0,0,0,False,2.073249736856948,-1.2284010614260765e-16
2016-08-10,-0.0015089009333623116,-0.003999613432641436,1.0,0.0,0.0,30,0,0,0,False,2.0701214083939115,-1.2284010614260765e-16
2016-08-11,0.006359827207272684,0.004576699664973871,1.0,0.0,0.0,30,0,0,0,False,2.0832870228493725,-1.2284010614260765e-16
2016-08-12,0.00041085227404824565,0.0008588095948818264,1.0,0.0,0.0,30,0,0,0,False,2.0841429460602052,-1.2284010614260765e-16
2016-08-15,0.006398928798985848,0.005566694397040939,1.0,0.0,0.0,30,0,0,0,False,2.097479228378953,-1.2284010614260765e-16
2016-08-16,-0.004515017607303329,-0.0066343533471936444,1.0,0.0,0.0,30,0,0,0,False,2.088009072731869,-1.2284010614260765e-16
2016-08-17,0.002173478398663109,0.000296588369033568,1.0,0.0,0.0,30,0,0,0,False,2.092547315347664,-1.2284010614260765e-16
2016-08-18,0.004920310425522434,0.0021974462980018927,1.0,0.0,0.0,30,0,0,0,False,2.1028432977192684,-1.2284010614260765e-16
2016-08-19,0.0038164195184404726,-0.0003377765968107793,1.0,0.0,0.0,30,0,0,0,False,2.110868629924906,-1.2284010614260765e-16
2016-08-22,0.0010441196016675036,0.0011874281970269962,1.0,0.0,0.0,30,0,0,0,False,2.113072629237956,-1.2284010614260765e-16
2016-08-23,0.003802904075803415,0.002951607311299176,1.0,0.0,0.0,30,0,0,0,False,2.1211084417521535,-1.2284010614260765e-16
2016-08-24,-0.006742989706554181,-0.008058850662749362,1.0,0.0,0.0,30,0,0,0,False,2.1068058293629335,-1.2284010614260765e-16
2016-08-25,-0.0008280179551071187,-0.001052132285592533,1.0,0.0,0.0,30,0,0,0,False,2.1050613563082967,-1.2284010614260765e-16
2016-08-26,-0.0031453765706467296,0.0012892252296832218,1.0,0.0,0.0,30,0,0,0,False,2.0984401456383908,-1.2284010614260765e-16
2016-08-29,0.0008837133711980805,0.0025695355086787774,1.0,0.0,0.0,30,0,0,0,False,2.1002945652537504,-1.2284010614260765e-16
2016-08-30,-0.0023935828368042422,-0.0017850364601422752,1.0,0.0,0.0,30,0,0,0,False,2.0952673362301257,-1.2284010614260765e-16
2016-08-31,-0.0006047733754283025,-0.001870575977722555,1.0,0.0,0.0,30,0,0,0,False,2.0940001743307692,-1.2284010614260765e-16
2016-09-01,0.0006067965972891276,0.002683523707669222,1.0000000000000002,0.16794026074334098,0.0003519394303731168,30,0,0,0,False,2.095270806511276,-3.0054084221298183e-16
2016-09-02,-0.0003878230362134305,0.004340728610482625,1.0000000000000002,0.0,0.0,30,0,0,0,False,2.0944582122254056,-3.0054084221298183e-16
2016-09-06,0.0019840384541209843,0.004954437321747829,1.0000000000000002,0.0,0.0,30,0,0,0,False,2.0986136978590104,-3.0054084221298183e-16
2016-09-07,-0.00018252981522082212,0.0015201168511169705,1.0000000000000002,0.0,0.0,30,0,0,0,False,2.0982306382885203,-3.0054084221298183e-16
2016-09-08,-0.011198810254389624,-0.004627275356513971,1.0000000000000002,0.0,0.0,30,0,0,0,False,2.0747329515003803,-3.0054084221298183e-16
2016-09-09,-0.027070248135975805,-0.025396008730900976,1.0000000000000002,0.0,0.0,30,0,0,0,False,2.0185694156873795,-3.0054084221298183e-16
2016-09-12,0.015334530306073013,0.016773586864631262,1.0000000000000002,0.0,0.0,30,0,0,0,False,2.0495232295671495,-3.0054084221298183e-16
2016-09-13,-0.01118118618359365,-0.010867477808098713,1.0000000000000002,0.0,0.0,30,0,0,0,False,2.026607128749759,-3.0054084221298183e-16
2016-09-14,0.002754162792933279,0.003592454294166325,1.0000000000000002,0.0,0.0,30,0,0,0,False,2.032188734699655,-3.0054084221298183e-16
2016-09-15,0.013582767063371914,0.014673999810582927,1.0000000000000002,0.0,0.0,30,0,0,0,False,2.059791480911889,-3.0054084221298183e-16
2016-09-16,-0.003828440528876542,-0.0009753147514485194,1.0000000000000002,0.0,0.0,30,0,0,0,False,2.0519056917253313,-3.0054084221298183e-16
2016-09-19,-0.00059604479697839,-0.0018190243173042964,1.0000000000000002,0.0,0.0,30,0,0,0,False,2.050682664013888,-3.0054084221298183e-16
2016-09-20,0.002132059080418358,0.0012073092688029696,1.0000000000000002,0.0,0.0,30,0,0,0,False,2.055054840608755,-3.0054084221298183e-16
2016-09-21,0.008026271095915583,0.01027027368387401,1.0000000000000002,0.0,0.0,30,0,0,0,False,2.071549267876455,-3.0054084221298183e-16
2016-09-22,0.005741469211681505,0.008373614933822493,1.0000000000000002,0.0,0.0,30,0,0,0,False,2.083443004218449,-3.0054084221298183e-16
2016-09-23,-0.004881071537813697,-0.006324538535299129,1.0000000000000002,0.0,0.0,30,0,0,0,False,2.0732735698699014,-3.0054084221298183e-16
2016-09-26,-0.007611501594700254,-0.009095754605852102,1.0000000000000002,0.0,0.0,30,0,0,0,False,2.057492844786587,-3.0054084221298183e-16
2016-09-27,0.0112024163452491,0.009171638589074327,1.0000000000000002,0.0,0.0,30,0,0,0,False,2.080541736261257,-3.0054084221298183e-16
2016-09-28,-0.0018755271548518415,0.0024199965697333514,1.0000000000000002,0.0,0.0,30,0,0,0,False,2.0766396237380964,-3.0054084221298183e-16
2016-09-29,-0.00791979490690864,-0.009288227403642879,1.0000000000000002,0.0,0.0,30,0,0,0,False,2.0601930638225308,-3.0054084221298183e-16
2016-09-30,0.005903983120407297,0.008132260575847372,1.0000000000000002,0.0,0.0,30,0,0,0,False,2.0723564088961193,-3.0054084221298183e-16
2016-10-03,-0.0004994651255877391,-0.002095237198795119,1.0,0.11585216535242672,0.0002399948662052224,30,0,0,0,False,2.0713213391420875,-1.4913200882538113e-16
2016-10-04,-0.0032193893289189646,-0.002114728297152535,1.0,0.0,0.0,30,0,0,0,False,2.0646529493260912,-1.4913200882538113e-16
2016-10-05,0.003080237036811262,0.00498326905762303,1.0,0.0,0.0,30,0,0,0,False,2.071012569808767,-1.4913200882538113e-16
2016-10-06,0.00014382443434279857,-0.0017249558880517712,1.0,0.0,0.0,30,0,0,0,False,2.0713104320201365,-1.4913200882538113e-16
2016-10-07,-0.004540796112871837,-0.0027229335156836454,1.0,0.0,0.0,30,0,0,0,False,2.0619050336618687,-1.4913200882538113e-16
2016-10-10,0.004480736265932483,0.00685322361977958,1.0,0.0,0.0,30,0,0,0,False,2.071143886323106,-1.4913200882538113e-16
2016-10-11,-0.021109869413376003,-0.015365917111885619,1.0,0.0,0.0,30,0,0,0,False,2.0274223093465134,-1.4913200882538113e-16
2016-10-12,-0.0017696985351032257,-0.0014809054679145728,1.0,0.0,0.0,30,0,0,0,False,2.023834383055627,-1.4913200882538113e-16
2016-10-13,0.0032477615798189863,-0.004903569751594783,1.0,0.0,0.0,30,0,0,0,False,2.0304073146088317,-1.4913200882538113e-16
2016-10-14,-0.0018734569010225854,0.0001592264414640443,1.0,0.0,0.0,30,0,0,0,False,2.026603434013391,-1.4913200882538113e-16
2016-10-17,-0.006200386842380667,-0.0027502799012580903,1.0,0.0,0.0,30,0,0,0,False,2.014037708746411,-1.4913200882538113e-16
2016-10-18,0.007749584901785012,0.008465677983686914,1.0,0.0,0.0,30,0,0,0,False,2.029645664965738,-1.4913200882538113e-16
2016-10-19,0.0028059464499026188,0.0004901751575250302,1.0,0.0,0.0,30,0,0,0,False,2.0353407420139087,-1.4913200882538113e-16
2016-10-20,-0.0015834812443739077,-0.0008729969303582497,1.0,0.0,0.0,30,0,0,0,False,2.0321178181230195,-1.4913200882538113e-16
2016-10-21,-0.004691768270474128,0.0029702984841115665,1.0,0.0,0.0,30,0,0,0,False,2.0225835922220847,-1.4913200882538113e-16
2016-10-24,0.00903371662726049,0.009972648266683981,1.0,0.0,0.0,30,0,0,0,False,2.040855039249166,-1.4913200882538113e-16
2016-10-25,-0.004639518896265793,-0.0049775980591167945,1.0,0.0,0.0,30,0,0,0,False,2.03138645373003,-1.4913200882538113e-16
2016-10-26,-0.001325149609631704,-0.006270564527966149,1.0,0.0,0.0,30,0,0,0,False,2.0286945627638584,-1.4913200882538113e-16
2016-10-27,-0.00952119292255349,-0.006532959257333548,1.0,0.0,0.0,30,0,0,0,False,2.0093789704508485,-1.4913200882538113e-16
2016-10-28,0.0007758890265667784,-0.0049597867717879884,1.0,0.0,0.0,30,0,0,0,False,2.0109380255442355,-1.4913200882538113e-16
2016-10-31,0.0006653741470350472,-0.00018496753078034445,1.0,0.0,0.0,30,0,0,0,False,2.0122760517177225,-1.4913200882538113e-16
2016-11-01,-0.005646775255076064,-0.0068527731598534425,1.0,0.1729920973154713,0.00034620205796519535,30,0,0,0,False,2.0009131811025007,-2.1152784385192192e-16
2016-11-02,-0.006954358718570641,-0.009315912252921055,1.0000000000000002,0.0,0.0,30,0,0,0,False,1.9869981130763976,-2.1152784385192192e-16
2016-11-03,-0.0090159373794102,-0.009236892618723958,1.0000000000000002,0.0,0.0,30,0,0,0,False,1.9690834625158946,-2.1152784385192192e-16
2016-11-04,-0.0029468257810840726,-0.0023802142420161765,1.0000000000000002,0.0,0.0,30,0,0,0,False,1.9632809166034464,-2.1152784385192192e-16
2016-11-07,0.02422887597556911,0.023739796651061962,1.0,0.0,0.0,30,0,0,0,False,2.010849006437033,-2.1152784385192192e-16
2016-11-08,0.006510802332052368,0.005288308462329194,1.0,0.0,0.0,30,0,0,0,False,2.0239412468375484,-2.1152784385192192e-16
2016-11-09,0.010796758267467288,0.011086879493870994,1.0,0.0,0.0,30,0,0,0,False,2.04579325122721,-2.1152784385192192e-16
2016-11-10,-0.003914490245544688,-0.008049788254576362,1.0,0.0,0.0,30,0,0,0,False,2.03778501350088,-2.1152784385192192e-16
2016-11-11,0.01029348702698063,0.00543505242800868,1.0,0.0,0.0,30,0,0,0,False,2.058760927101127,-2.1152784385192192e-16
2016-11-14,8.934009453809288e-05,-0.003572581129145269,1.0,0.0,0.0,30,0,0,0,False,2.0589448569969853,-2.1152784385192192e-16
2016-11-15,0.007890990874918513,0.010965085293674015,1.0,0.0,0.0,30,0,0,0,False,2.0751919720755088,-2.1152784385192192e-16
2016-11-16,0.0030647251790743013,0.0035938903182206605,1.0,0.0,0.0,30,0,0,0,False,2.0815518651637412,-2.1152784385192192e-16
2016-11-17,0.007983791126738637,0.007439702347689314,1.0,0.0,0.0,30,0,0,0,False,2.098170540474682,-2.1152784385192192e-16
2016-11-18,-0.0028991671155991217,-0.0023360460469014077,1.0,0.0,0.0,30,0,0,0,False,2.092087593440819,-2.1152784385192192e-16
2016-11-21,0.011146192334721805,0.008897869548224913,1.0,0.0,0.0,30,0,0,0,False,2.1154064041383958,-2.1152784385192192e-16
2016-11-22,0.004293929130257501,0.0032577121261814224,1.0,0.0,0.0,30,0,0,0,False,2.124489809319459,-2.1152784385192192e-16
2016-11-23,-0.0009192168557828895,-0.0010526423078217606,1.0,0.0,0.0,30,0,0,0,False,2.1225369424767937,-2.1152784385192192e-16
2016-11-25,0.0019733991492063563,0.0033898502274860576,1.0,0.0,0.0,30,0,0,0,False,2.1267255550732367,-2.1152784385192192e-16
2016-11-28,-0.0014673401265771213,-0.005577004393045426,1.0,0.0,0.0,30,0,0,0,False,2.1236049253280607,-2.1152784385192192e-16
2016-11-29,0.0021030087671534137,0.0020693225860233255,1.0,0.0,0.0,30,0,0,0,False,2.1280708851039956,-2.1152784385192192e-16
2016-11-30,-0.010629081099808202,-0.010453631475070835,1.0,0.0,0.0,30,0,0,0,False,2.1054514470800845,-2.1152784385192192e-16
2016-12-01,-0.016637011085252396,-0.013631603941949622,0.9999999999999998,0.26957383178063954,0.0005582823673860187,30,0,0,0,False,2.0704230280155524,6.2341624917916505e-16
2016-12-02,0.0002643207397710068,0.000864579124500997,0.9999999999999998,0.0,0.0,30,0,0,0,False,2.0709702837619566,6.2341624917916505e-16
2016-12-05,0.010754001659296408,0.010130088764093603,0.9999999999999998,0.0,0.0,30,0,0,0,False,2.0932415016298864,6.2341624917916505e-16
2016-12-06,0.0010322094519024105,0.0045414200606639366,0.9999999999999998,0.0,0.0,30,0,0,0,False,2.0954021652929833,6.2341624917916505e-16
2016-12-07,0.009191862003515405,0.011393174573410825,0.9999999999999998,0.0,0.0,30,0,0,0,False,2.114662812838224,6.2341624917916505e-16
2016-12-08,0.005445511651692492,0.0043754451208599665,0.9999999999999998,0.0,0.0,30,0,0,0,False,2.1261782338249353,6.2341624917916505e-16
2016-12-09,-0.0013358501403017975,0.005009838833118563,0.9999999999999998,0.0,0.0,30,0,0,0,False,2.1233379783329736,6.2341624917916505e-16
2016-12-12,0.0009332303130322739,-0.005870144182202219,0.9999999999999998,0.0,0.0,30,0,0,0,False,2.1253195416991666,6.2341624917916505e-16
2016-12-13,0.007956828406011418,0.009476160915208087,0.9999999999999998,0.0,0.0,30,0,0,0,False,2.1422303446004096,6.2341624917916505e-16
2016-12-14,-0.0029301386404047003,-0.004970908593954992,0.9999999999999998,0.0,0.0,30,0,0,0,False,2.1359533126910484,6.2341624917916505e-16
2016-12-15,0.008204581862329752,0.003711867810844982,0.9999999999999998,0.0,0.0,30,0,0,0,False,2.1534779164991367,6.2341624917916505e-16
2016-12-16,-0.003094939047431411,-0.003608290431140748,0.9999999999999998,0.0,0.0,30,0,0,0,False,2.1468130336075824,6.2341624917916505e-16
2016-12-19,-0.0006748368458874276,0.0037298330845576544,0.9999999999999998,0.0,0.0,30,0,0,0,False,2.1453642850712726,6.2341624917916505e-16
2016-12-20,0.0042383259126981265,0.004855756634168262,0.9999999999999998,0.0,0.0,30,0,0,0,False,2.1544570381128674,6.2341624917916505e-16
2016-12-21,-0.0011642798852400382,-0.002281151914155788,0.9999999999999998,0.0,0.0,30,0,0,0,False,2.1519486471197786,6.2341624917916505e-16
2016-12-22,-0.003918447356489607,-0.0043883041768494335,0.9999999999999998,0.0,0.0,30,0,0,0,False,2.1435163496321707,6.2341624917916505e-16
2016-12-23,0.004775389421308729,0.0028031619152399934,0.9999999999999998,0.0,0.0,30,0,0,0,False,2.1537524749326065,6.2341624917916505e-16
2016-12-27,0.006266774024930921,0.0045307349406744635,0.9999999999999998,0.0,0.0,30,0,0,0,False,2.167249554998645,6.2341624917916505e-16
2016-12-28,-0.012701538046972938,-0.008907578195070598,0.9999999999999998,0.0,0.0,30,0,0,0,False,2.1397221523185443,6.2341624917916505e-16
2016-12-29,0.0002819806434322114,-0.001189708283264146,0.9999999999999998,0.0,0.0,30,0,0,0,False,2.1403255125478213,6.2341624917916505e-16
2016-12-30,-0.010656824377197394,-0.00901489146957768,0.9999999999999998,0.0,0.0,30,0,0,0,False,2.117516439450564,6.2341624917916505e-16
2017-01-03,0.008333894528508967,0.00853779948175415,0.9999999999999998,0.0979269142069391,0.00020911046003289037,30,0,0,0,False,2.135163598119329,5.777442326632132e-16
2017-01-04,0.009061751635969006,0.0088265229315736,0.9999999999999998,0.0,0.0,30,0,0,0,False,2.1545119203476486,5.777442326632132e-16
2017-01-05,-0.0023591328011980384,0.001997425597955127,0.9999999999999998,0.0,0.0,30,0,0,0,False,2.1494291406057844,5.777442326632132e-16
2017-01-06,0.00494385834813893,0.0060350879571402505,0.9999999999999998,0.0,0.0,30,0,0,0,False,2.160055613806301,5.777442326632132e-16
2017-01-09,0.003495370490038674,0.0019488467441244328,0.9999999999999998,0.0,0.0,30,0,0,0,False,2.167605808455642,5.777442326632132e-16
2017-01-10,0.010664210698777987,0.0036154467649145428,0.9999999999999998,0.0,0.0,30,0,0,0,False,2.190721613508908,5.777442326632132e-16
2017-01-11,0.0006139480229709893,0.0021308508608295362,0.9999999999999998,0.0,0.0,30,0,0,0,False,2.192066602712402,5.777442326632132e-16
2017-01-12,-0.0025885170900498133,-0.002904514175128159,0.9999999999999998,0.0,0.0,30,0,0,0,False,2.1863924008487534,5.777442326632132e-16
2017-01-13,0.003896701172826589,0.004800350976735368,0.9999999999999998,0.0,0.0,30,0,0,0,False,2.1949121186814,5.777442326632132e-16
2017-01-17,-0.005685445944435763,-0.006349002060432873,0.9999999999999998,0.0,0.0,30,0,0,0,False,2.18243306447785,5.777442326632132e-16
2017-01-18,0.006827636950067273,0.0030548338698583866,0.9999999999999998,0.0,0.0,30,0,0,0,False,2.1973339251099273,5.777442326632132e-16
2017-01-19,-0.003913179283763113,-0.0028025164076663778,0.9999999999999998,0.0,0.0,30,0,0,0,False,2.1887353635146773,5.777442326632132e-16
2017-01-20,0.005903432421701105,0.0027526677818250356,0.9999999999999998,0.0,0.0,30,0,0,0,False,2.201656414822174,5.777442326632132e-16
2017-01-23,-0.0016741475352173296,-0.0004302534605459263,0.9999999999999998,0.0,0.0,30,0,0,0,False,2.1979705171619037,5.777442326632132e-16
2017-01-24,0.00812205595658022,0.008647689487869314,0.9999999999999998,0.0,0.0,30,0,0,0,False,2.2158225566932064,5.777442326632132e-16
2017-01-25,0.008677218600957604,0.009887554990573033,0.9999999999999998,0.0,0.0,30,0,0,0,False,2.235049733398566,5.777442326632132e-16
2017-01-26,-0.006794275845170894,-0.0002050088999250299,0.9999999999999998,0.0,0.0,30,0,0,0,False,2.2198641889821804,5.777442326632132e-16
2017-01-27,0.0031835011609651076,0.0009901718074343258,0.9999999999999998,0.0,0.0,30,0,0,0,False,2.2269311292049903,5.777442326632132e-16
2017-01-30,-0.005445841853140454,-0.008315073481572344,0.9999999999999998,0.0,0.0,30,0,0,0,False,2.2148036144575043,5.777442326632132e-16
2017-01-31,-0.0013230999332658477,0.00019238614035987922,0.9999999999999998,0.0,0.0,30,0,0,0,False,2.2118732079430186,5.777442326632132e-16
2017-02-01,0.0016076280697185918,0.004961877470039067,1.0,0.07168483093232383,0.00015882404413063622,30,0,0,0,False,2.2154290773987664,-4.629543276513104e-17
2017-02-02,6.968754026193125e-05,-0.0011430267895939927,1.0,0.0,0.0,30,0,0,0,False,2.215583465201795,-4.629543276513104e-17
2017-02-03,0.004265161780400373,0.005423831467164852,1.0,0.0,0.0,30,0,0,0,False,2.2250332871188605,-4.629543276513104e-17
2017-02-06,0.0023721486953645066,-0.0005682602258431091,1.0,0.0,0.0,30,0,0,0,False,2.230311396928042,-4.629543276513104e-17
2017-02-07,0.002668758473418409,0.001884048057633425,1.0,0.0,0.0,30,0,0,0,False,2.236263559366955,-4.629543276513104e-17
2017-02-08,0.003138309017055141,0.0014504195660225427,1.0,0.0,0.0,30,0,0,0,False,2.2432816454598283,-4.629543276513104e-17
2017-02-09,0.004112235987179469,0.005759839303123071,1.0,0.0,0.0,30,0,0,0,False,2.2525065489716676,-4.629543276513104e-17
2017-02-10,0.0020538351680852163,0.0033156784802690353,1.0,0.0,0.0,30,0,0,0,False,2.257132826138288,-4.629543276513104e-17
2017-02-13,0.002349214722583204,0.005202201645274851,1.0,0.0,0.0,30,0,0,0,False,2.262435315804278,-4.629543276513104e-17
2017-02-14,0.002830119383450569,0.003228648359808295,1.0,0.0,0.0,30,0,0,0,False,2.2688382778453384,-4.629543276513104e-17
2017-02-15,0.005705778306683396,0.006376075218322397,1.0,0.0,0.0,30,0,0,0,False,2.2817837660724414,-4.629543276513104e-17
2017-02-16,-0.0034243210923693423,-0.0007801438073103961,1.0,0.0,0.0,30,0,0,0,False,2.2739702057940536,-4.629543276513104e-17
2017-02-17,0.00495183653880793,0.004072331494476833,1.0,0.0,0.0,30,0,0,0,False,2.2852305345472654,-4.629543276513104e-17
2017-02-21,0.005022890052367446,0.004687800720589497,1.0,0.0,0.0,30,0,0,0,False,2.2967089962666094,-4.629543276513104e-17
2017-02-22,-0.0002003187691406172,-0.000906980083124509,1.0,0.0,0.0,30,0,0,0,False,2.296248922347403,-4.629543276513104e-17
2017-02-23,-0.008372591722998979,-0.004286245749795636,1.0,0.0,0.0,30,0,0,0,False,2.277023367626212,-4.629543276513104e-17
2017-02-24,0.008047978576267267,0.0016794248207756546,1.0,0.0,0.0,30,0,0,0,False,2.2953488029065277,-4.629543276513104e-17
2017-02-27,0.0042670566048517156,0.002838138561716441,1.0,0.0,0.0,30,0,0,0,False,2.3051431861764087,-4.629543276513104e-17
2017-02-28,-0.0048596672939028585,-0.00621982644227681,1.0,0.0,0.0,30,0,0,0,False,2.293940957226784,-4.629543276513104e-17
2017-03-01,0.010290900678520343,0.013490809509510093,1.0,0.3613521583810483,0.0008377535788579948,30,0,0,0,False,2.317547675779995,1.8539857149502126e-16
2017-03-02,0.0006875847314997685,-0.007250911911047653,1.0,0.0,0.0,30,0,0,0,False,2.3191411861763838,1.8539857149502126e-16
2017-03-03,0.0015161536451837598,0.0016259071788500279,1.0,0.0,0.0,30,0,0,0,False,2.322657360539501,1.8539857149502126e-16
2017-03-06,-0.0032042006121389965,-0.003674113188263939,1.0,0.0,0.0,30,0,0,0,False,2.315215100403071,1.8539857149502126e-16
2017-03-07,-0.003849927730330882,-0.002607202971794287,1.0,0.0,0.0,30,0,0,0,False,2.3063016895863484,1.8539857149502126e-16
2017-03-08,0.004729297524529885,0.0006204393737860858,1.0,0.0,0.0,30,0,0,0,False,2.317208876457728,1.8539857149502126e-16
2017-03-09,-0.0017779821615138136,0.00021589537445998452,1.0,0.0,0.0,30,0,0,0,False,2.313088920410885,1.8539857149502126e-16
2017-03-10,0.0063062235179802695,0.003925440219403553,1.0,0.0,0.0,30,0,0,0,False,2.3276757761599596,1.8539857149502126e-16
2017-03-13,0.004662601504292985,0.002396869183671102,1.0,0.0,0.0,30,0,0,0,False,2.3385288007353893,1.8539857149502126e-16
2017-03-14,-0.0009216861237562046,-0.0032268057424480467,1.0,0.0,0.0,30,0,0,0,False,2.336373411189747,1.8539857149502126e-16
2017-03-15,0.00652446939962914,0.0073811388221298735,1.0,0.0,0.0,30,0,0,0,False,2.3516170080171617,1.8539857149502126e-16
2017-03-16,-0.002430894325844535,0.00012033796731691915,1.0,0.0,0.0,30,0,0,0,False,2.3459004755758133,1.8539857149502126e-16
2017-03-17,0.0005718303956001591,4.070662222188659e-05,1.0,0.0,0.0,30,0,0,0,False,2.3472419327728002,1.8539857149502126e-16
2017-03-20,-6.292172916066985e-05,8.978139298432275e-05,1.0,0.0,0.0,30,0,0,0,False,2.3470942402516317,1.8539857149502126e-16
2017-03-21,-0.015080588648016091,-0.018249454573626034,1.0,0.0,0.0,30,0,0,0,False,2.311698677496269,1.8539857149502126e-16
2017-03-22,0.0069066459537652225,0.004799933639752396,1.0,0.0,0.0,30,0,0,0,False,2.327664761813523,1.8539857149502126e-16
2017-03-23,-0.005136264889028741,-0.0006785373077252688,1.0,0.0,0.0,30,0,0,0,False,2.3157092590239907,1.8539857149502126e-16
2017-03-24,0.002784565039562148,0.0018994309064153114,1.0,0.0,0.0,30,0,0,0,False,2.322157502068459,1.8539857149502126e-16
2017-03-27,0.0002766777141078869,0.0019952682056407767,1.0,0.0,0.0,30,0,0,0,False,2.32279999129793,1.8539857149502126e-16
2017-03-28,0.0023396401760857888,0.005953389837400902,1.0,0.0,0.0,30,0,0,0,False,2.328234507478582,1.8539857149502126e-16
2017-03-29,0.0022127609874202925,0.003814326061773343,1.0,0.0,0.0,30,0,0,0,False,2.3333863339662964,1.8539857149502126e-16
2017-03-30,0.00039394793522862237,0.002846945014351565,1.0,0.0,0.0,30,0,0,0,False,2.334305566694653,1.8539857149502126e-16
2017-03-31,-0.00102603693477743,-0.0004395418741411916,1.0,0.0,0.0,30,0,0,0,False,2.3319104829661677,1.8539857149502126e-16
2017-04-03,-0.005152488750734041,-0.002885783106639339,1.0,0.17013592822309173,0.0003947647107858276,30,0,0,0,False,2.319895340434966,-1.6588293239028218e-17
2017-04-04,-0.002754107760879476,0.0006666519415252647,1.0,0.0,0.0,30,0,0,0,False,2.3135060986734457,-1.6588293239028218e-17
2017-04-05,-0.005820223834440141,-0.005786092075694138,1.0,0.0,0.0,30,0,0,0,False,2.300040975336824,-1.6588293239028218e-17
2017-04-06,0.003144647987278093,0.0024674310424794843,1.0,0.0,0.0,30,0,0,0,False,2.307273794560574,-1.6588293239028218e-17
2017-04-07,0.0010268024626360894,-0.00019392918143801285,1.0,0.0,0.0,30,0,0,0,False,2.3096429089748045,-1.6588293239028218e-17
2017-04-10,-0.0010538380277392845,0.0005308269486283823,1.0,0.0,0.0,30,0,0,0,False,2.3072089194468286,-1.6588293239028218e-17
2017-04-11,-0.002118092435558605,-0.00240781636891374,1.0,0.0,0.0,30,0,0,0,False,2.302322037687295,-1.6588293239028218e-17
2017-04-12,-0.010299869281853224,-0.00521748764652441,1.0,0.0,0.0,30,0,0,0,False,2.278608421654386,-1.6588293239028218e-17
2017-04-13,-0.0030870640010902672,-0.0053134764875027996,1.0,0.0,0.0,30,0,0,0,False,2.2715742116233155,-1.6588293239028218e-17
2017-04-17,0.007907345010527145,0.008895567020586359,1.0,0.0,0.0,30,0,0,0,False,2.2895363326316374,-1.6588293239028218e-17
2017-04-18,-0.0019320610731157206,-0.0012497972438827443,1.0,0.0,0.0,30,0,0,0,False,2.2851128086078756,-1.6588293239028218e-17
2017-04-19,0.006549457224613642,0.0023180902776460677,1.0,0.0,0.0,30,0,0,0,False,2.3000790572012697,-1.6588293239028218e-17
2017-04-20,0.007707198875542387,0.009167615010245989,1.0,0.0,0.0,30,0,0,0,False,2.31780622392459,-1.6588293239028218e-17
2017-04-21,-0.0006687081121568017,-0.00105797413653963,1.0,0.0,0.0,30,0,0,0,False,2.316256288100244,-1.6588293239028218e-17
2017-04-24,0.01363109035424137,0.01240158226348953,1.0,0.0,0.0,30,0,0,0,False,2.3478293868469184,-1.6588293239028218e-17
2017-04-25,0.0037440008171938377,0.00696384607036471,1.0,0.0,0.0,30,0,0,0,False,2.356619661989905,-1.6588293239028218e-17
2017-04-26,-0.0008475198665360839,-4.3183208563002395e-05,1.0,0.0,0.0,30,0,0,0,False,2.354622380008499,-1.6588293239028218e-17
2017-04-27,0.0053725335536727314,0.003935102892337783,1.0,0.0,0.0,30,0,0,0,False,2.3672726677513234,-1.6588293239028218e-17
2017-04-28,7.563178402381077e-05,-0.0002198732376229584,1.0,0.0,0.0,30,0,0,0,False,2.367451708806456,-1.6588293239028218e-17
2017-05-01,0.0035079379710369896,0.007273981081352465,1.0,0.24423451602554627,0.0005803835088190822,30,0,0,0,False,2.3757565825503746,8.890457814381136e-17
2017-05-02,0.00405228252333889,0.000618885011837822,1.0,0.0,0.0,30,0,0,0,False,2.385383819429551,8.890457814381136e-17
2017-05-03,6.289137751935847e-05,-0.0037438743875454206,1.0,0.0,0.0,30,0,0,0,False,2.385533839503867,8.890457814381136e-17
2017-05-04,0.003957574167989142,0.0004594445647856382,1.0,0.0,0.0,30,0,0,0,False,2.3949747666039514,8.890457814381136e-17
2017-05-05,0.0018659527751292426,0.004184128104242069,1.0,0.0,0.0,30,0,0,0,False,2.3994436764160607,8.890457814381136e-17
2017-05-08,-0.0007395969424232041,0.00031150218371167604,1.0,0.0,0.0,30,0,0,0,False,2.397669055209467,8.890457814381136e-17
2017-05-09,0.0048226674427396254,0.002937997432660433,1.0,0.0,0.0,30,0,0,0,False,2.4092322157004897,8.890457814381136e-17
2017-05-10,0.011884005648028939,0.0013969732132677048,1.0,0.0,0.0,30,0,0,0,False,2.4378635449592876,8.890457814381136e-17
2017-05-11,8.15575813473135e-05,-0.0021503995315753643,1.0,0.0,0.0,30,0,0,0,False,2.438062371213669,8.890457814381136e-17
2017-05-12,-0.0023280795486715355,0.0008616799325043001,1.0,0.0,0.0,30,0,0,0,False,2.432386368068861,8.890457814381136e-17
2017-05-15,0.007220274603170651,0.00464610870691029,1.0,0.0,0.0,30,0,0,0,False,2.4499488655873267,8.890457814381136e-17
2017-05-16,0.001659997272295266,0.003284761674768877,1.0,0.0,0.0,30,0,0,0,False,2.4540157740214643,8.890457814381136e-17
2017-05-17,-0.02751969596198811,-0.02571041163411203,1.0,0.0,0.0,30,0,0,0,False,2.3864820060344707,8.890457814381136e-17
2017-05-18,0.011423043611527461,0.0073012720403353715,1.0,0.0,0.0,30,0,0,0,False,2.413742894067528,8.890457814381136e-17
2017-05-19,0.005137432507327899,0.004718362854610358,1.0,0.0,0.0,30,0,0,0,False,2.4261433352758424,8.890457814381136e-17
2017-05-22,0.0074946001731832634,0.008205516110080469,1.0,0.0,0.0,30,0,0,0,False,2.444326309536568,8.890457814381136e-17
2017-05-23,-0.0035840428404982916,0.0008298362006475823,1.0,0.0,0.0,30,0,0,0,False,2.435565739327032,8.890457814381136e-17
2017-05-24,0.0027306776107465236,0.0039601153988380045,1.0,0.0,0.0,30,0,0,0,False,2.4422164841609137,8.890457814381136e-17
2017-05-25,0.009462757636899077,0.006853750271782255,1.0,0.0,0.0,30,0,0,0,False,2.465326586847368,8.890457814381136e-17
2017-05-26,0.003184002968474875,0.0004947899199967409,1.0,0.0,0.0,30,0,0,0,False,2.4731761940181505,8.890457814381136e-17
2017-05-30,0.0024871586118169198,-0.0008279521090541753,1.0,0.0,0.0,30,0,0,0,False,2.4793273754876433,8.890457814381136e-17
2017-05-31,0.0015638000809512498,-0.0007528223503201481,1.0,0.0,0.0,30,0,0,0,False,2.4832045478381355,8.890457814381136e-17
2017-06-01,0.0042262802914974085,0.007793812071268613,1.0,0.31728001825229923,0.0007914520606448098,30,0,0,0,False,2.4936992662784205,9.400032835449323e-17
2017-06-02,0.013369703749017248,0.009439939786420659,1.0,0.0,0.0,30,0,0,0,False,2.527039286707705,9.400032835449323e-17
2017-06-05,-0.0004015002369722742,-0.0016048083226491983,1.0,0.0,0.0,30,0,0,0,False,2.5260246798352535,9.400032835449323e-17
2017-06-06,-0.0074777521151984105,-0.0032752775466581285,1.0,0.0,0.0,30,0,0,0,False,2.507135693442572,9.400032835449323e-17
2017-06-07,0.0019416404462500036,0.0035569061721019146,1.0,0.0,0.0,30,0,0,0,False,2.512003649509197,9.400032835449323e-17
2017-06-08,0.003779647039265477,0.003871435483827179,1.0,0.0,0.0,30,0,0,0,False,2.521498136665689,9.400032835449323e-17
2017-06-09,-0.019063866574903776,-0.018007628192390324,1.0,0.0,0.0,30,0,0,0,False,2.4734286326194255,9.400032835449323e-17
2017-06-12,-0.004561458133762408,-0.005228788470675982,1.0,0.0,0.0,30,0,0,0,False,2.462146191464883,9.400032835449323e-17
2017-06-13,0.004087116556304782,0.007272348942426898,1.0,0.0,0.0,30,0,0,0,False,2.4722092699280616,9.400032835449323e-17
2017-06-14,-0.006255311744725156,-0.004096219290874781,1.0,0.0,0.0,30,0,0,0,False,2.4567448302464623,9.400032835449323e-17
2017-06-15,-0.001903859838097377,-0.004744248812420304,1.0,0.0,0.0,30,0,0,0,False,2.4520675324317027,9.400032835449323e-17
2017-06-16,-0.00245466067645983,-0.002228562160408787,1.0,0.0,0.0,30,0,0,0,False,2.4460485386838187,9.400032835449323e-17
2017-06-19,0.01625498891649335,0.014182933475393567,1.0,0.0,0.0,30,0,0,0,False,2.485809030569329,9.400032835449323e-17
2017-06-20,-0.009263201172636348,-0.008171168444069399,1.0,0.0,0.0,30,0,0,0,False,2.4627824814424093,9.400032835449323e-17
2017-06-21,0.007447813514410262,0.007420843383785902,1.0,0.0,0.0,30,0,0,0,False,2.481124826090749,9.400032835449323e-17
2017-06-22,0.0012494255449697622,0.0004394805720455697,1.0,0.0,0.0,30,0,0,0,False,2.4842248068287254,9.400032835449323e-17
2017-06-23,0.004669047056610642,0.004579368295992925,1.0,0.0,0.0,30,0,0,0,False,2.4958237693510084,9.400032835449323e-17
2017-06-26,-0.007052449350672618,-0.0028889669207133872,1.0,0.0,0.0,30,0,0,0,False,2.4782220986294554,9.400032835449323e-17
2017-06-27,-0.017773719071804917,-0.01609210625792734,1.0,0.0,0.0,30,0,0,0,False,2.4341748752508767,9.400032835449323e-17
2017-06-28,0.011802923033526147,0.014282662434270232,1.0,0.0,0.0,30,0,0,0,False,2.462905253953606,9.400032835449323e-17
2017-06-29,-0.012820040283314849,-0.014445648764016328,1.0,0.0,0.0,30,0,0,0,False,2.431330709383933,9.400032835449323e-17
2017-06-30,0.0009599549201331214,-0.0006396445410882245,1.0,0.0,0.0,30,0,0,0,False,2.433664677260877,9.400032835449323e-17
2017-07-03,-0.004322505698428625,-0.004944254708053486,1.0000000000000002,0.18823787926546792,0.0004562135804559302,30,0,0,0,False,2.4231451478253523,-5.966364555187731e-16
2017-07-05,0.0007587713810068841,0.006677479326267388,1.0000000000000002,0.0,0.0,30,0,0,0,False,2.424983761015548,-5.966364555187731e-16
2017-07-06,-0.009616100541389061,-0.009982327836795646,1.0000000000000002,0.0,0.0,30,0,0,0,False,2.4016648733583867,-5.966364555187731e-16
2017-07-07,0.01274384726922917,0.010447576632410804,1.0000000000000002,0.0,0.0,30,0,0,0,False,2.4322713236963387,-5.966364555187731e-16
2017-07-10,0.004762447422263172,0.0037883465875894196,1.0000000000000002,0.0,0.0,30,0,0,0,False,2.443854887992121,-5.966364555187731e-16
2017-07-11,0.0016310656188287531,0.00273779662978213,1.0000000000000002,0.0,0.0,30,0,0,0,False,2.4478409756773316,-5.966364555187731e-16
2017-07-12,0.01104879533051939,0.010958633069886314,1.0000000000000002,0.0,0.0,30,0,0,0,False,2.474886669619249,-5.966364555187731e-16
2017-07-13,0.004841638143946447,0.002119412220390471,1.0000000000000002,0.0,0.0,30,0,0,0,False,2.4868691753208223,-5.966364555187731e-16
2017-07-14,0.011006307535698312,0.006061146589355193,1.0000000000000002,0.0,0.0,30,0,0,0,False,2.5142404222654515,-5.966364555187731e-16
2017-07-17,-0.0013385870229817298,0.0003104965152944672,1.0000000000000002,0.0,0.0,30,0,0,0,False,2.510874892663551,-5.966364555187731e-16
2017-07-18,0.007292312311548477,0.004732002580375427,1.0000000000000002,0.0,0.0,30,0,0,0,False,2.5291849765560794,-5.966364555187731e-16
2017-07-19,0.007148691026769072,0.006419910022998465,1.0000000000000002,0.0,0.0,30,0,0,0,False,2.547265338503025,-5.966364555187731e-16
2017-07-20,0.0019911781352859315,0.0007768158069487718,1.0000000000000002,0.0,0.0,30,0,0,0,False,2.5523373975498242,-5.966364555187731e-16
2017-07-21,-0.003532997730629539,-0.00035211267605639307,1.0000000000000002,0.0,0.0,30,0,0,0,False,2.54331999531648,-5.966364555187731e-16
2017-07-24,0.004278332279438857,0.0036100504872607075,1.0000000000000002,0.0,0.0,30,0,0,0,False,2.5542011633493846,-5.966364555187731e-16
2017-07-25,0.00017684518085281375,0.0002121104788301853,1.0000000000000002,0.0,0.0,30,0,0,0,False,2.5546528615160518,-5.966364555187731e-16
2017-07-26,0.006564455458857532,0.0016500030668245014,1.0000000000000002,0.0,0.0,30,0,0,0,False,2.571422766438317,-5.966364555187731e-16
2017-07-27,-0.0015913753485577997,-0.006315067533377405,1.0000000000000002,0.0,0.0,30,0,0,0,False,2.5673306676370866,-5.966364555187731e-16
2017-07-28,-0.003227990447836282,-0.0011766650816831259,1.0000000000000002,0.0,0.0,30,0,0,0,False,2.559043348765517,-5.966364555187731e-16
2017-07-31,-0.005548039893158663,-0.004166499207285623,1.0000000000000002,0.0,0.0,30,0,0,0,False,2.5448456741782435,-5.966364555187731e-16
2017-08-01,0.002315203296049839,0.002334517899243993,0.9999999999999998,0.2597728656963924,0.000662784565868631,30,0,0,0,False,2.550737509271039,2.4817387728193196e-16
2017-08-02,-0.0021214712327729535,-4.5576416649817375e-05,0.9999999999999998,0.0,0.0,30,0,0,0,False,2.5453261930227655,2.4817387728193196e-16
2017-08-03,-0.0012096037556055261,-0.0035064164067868386,0.9999999999999998,0.0,0.0,30,0,0,0,False,2.542247356900444,2.4817387728193196e-16
2017-08-04,-0.008564942979831569,0.0017696685594044137,0.9999999999999998,0.0,0.0,30,0,0,0,False,2.520473153247964,2.4817387728193196e-16
2017-08-07,0.009995711714602784,0.005071179283968386,0.9999999999999998,0.0,0.0,30,0,0,0,False,2.5456670762722267,2.4817387728193196e-16
2017-08-08,-0.002839985304302295,-0.002084974865949163,0.9999999999999998,0.0,0.0,30,0,0,0,False,2.5384374191859673,2.4817387728193196e-16
2017-08-09,0.0003249958944386844,-0.0028459326328083012,0.9999999999999998,0.0,0.0,30,0,0,0,False,2.5392624009254923,2.4817387728193196e-16
2017-08-10,-0.023669918324857764,-0.02132445856363796,0.9999999999999998,0.0,0.0,30,0,0,0,False,2.4791582672902037,2.4817387728193196e-16
2017-08-11,0.008207477465918878,0.006384241485116293,0.9999999999999998,0.0,0.0,30,0,0,0,False,2.4995059029034343,2.4817387728193196e-16
2017-08-14,0.01298313937256168,0.013373147330591362,0.9999999999999998,0.0,0.0,30,0,0,0,False,2.5319573364033703,2.4817387728193196e-16
2017-08-15,-0.0026772422215805003,-0.001138791494945779,0.9999999999999998,0.0,0.0,30,0,0,0,False,2.5251786733191106,2.4817387728193196e-16
2017-08-16,0.006336643502714345,0.0019106397087844673,0.9999999999999998,0.0,0.0,30,0,0,0,False,2.541179830352591,2.4817387728193196e-16
2017-08-17,-0.01966674077865882,-0.0194164800833474,0.9999999999999998,0.0,0.0,30,0,0,0,False,2.4912031053570907,2.4817387728193196e-16
2017-08-18,0.0027995920693093534,-0.0008647505070066286,0.9999999999999998,0.0,0.0,30,0,0,0,False,2.4981774578138873,2.4817387728193196e-16
2017-08-21,-0.003918614507023577,-0.0005469128451697225,0.9999999999999998,0.0,0.0,30,0,0,0,False,2.4883880633865787,2.4817387728193196e-16
2017-08-22,0.016233197827095758,0.013576104372129638,0.9999999999999998,0.0,0.0,30,0,0,0,False,2.5287825590901165,2.4817387728193196e-16
2017-08-23,-0.0007028700847917513,-0.0030281636464107864,0.9999999999999998,0.0,0.0,30,0,0,0,False,2.527005153478389,2.4817387728193196e-16
2017-08-24,-0.0006896377847659396,-0.0011276899365384452,0.9999999999999998,0.0,0.0,30,0,0,0,False,2.525262435242252,2.4817387728193196e-16
2017-08-25,-0.001248227832056359,-0.0009073035399620455,0.9999999999999998,0.0,0.0,30,0,0,0,False,2.5221103323873364,2.4817387728193196e-16
2017-08-28,0.0037405830367778226,0.002773842691667028,0.9999999999999998,0.0,0.0,30,0,0,0,False,2.5315444955135464,2.4817387728193196e-16
2017-08-29,0.0020330680694757852,0.003003348708105147,0.9999999999999998,0.0,0.0,30,0,0,0,False,2.536691297793832,2.4817387728193196e-16
2017-08-30,0.012017707942682199,0.010539695067040222,0.9999999999999998,0.0,0.0,30,0,0,0,False,2.567176512951462,2.4817387728193196e-16
2017-08-31,0.009112731351667236,0.009476627088244483,0.9999999999999998,0.0,0.0,30,0,0,0,False,2.590570502846299,2.4817387728193196e-16
2017-09-01,0.0042438353567872955,0.0010375256729231452,1.0,0.18233458928880839,0.0004744416940054318,30,0,0,0,False,2.6015644575405283,2.45029690981724e-17
2017-09-05,-0.005837134939636557,-0.009286283542782048,1.0,0.0,0.0,30,0,0,0,False,2.586378774747702,2.45029690981724e-17
2017-09-06,0.0042622345629557135,0.0027825434520376557,1.0,0.0,0.0,30,0,0,0,False,2.5974025277543267,2.45029690981724e-17
2017-09-07,0.0032996181263902358,0.0007132455533480631,1.0,0.0,0.0,30,0,0,0,False,2.605972964216437,2.45029690981724e-17
2017-09-08,-0.004291370197142652,-0.005889491254284729,1.0,0.0,0.0,30,0,0,0,False,2.594789769503239,2.45029690981724e-17
2017-09-11,0.010107770076193567,0.01133140694431134,1.0,0.0,0.0,30,0,0,0,False,2.6210173078894368,2.45029690981724e-17
2017-09-12,0.00450359046454385,0.0034233691866738525,1.0,0.0,0.0,30,0,0,0,False,2.632821296444652,2.45029690981724e-17
2017-09-13,0.0016425814313962839,0.0009156869833872872,1.0,0.0,0.0,30,0,0,0,False,2.6371459198183764,2.45029690981724e-17
2017-09-14,-0.003249638767427121,-0.004815616952684398,1.0,0.0,0.0,30,0,0,0,False,2.6285761482019723,2.45029690981724e-17
2017-09-15,0.006602863991950203,0.0030159991318197132,1.0,0.0,0.0,30,0,0,0,False,2.645932279001034,2.45029690981724e-17
2017-09-18,0.010165226608054745,0.000956800575739658,1.0,0.0,0.0,30,0,0,0,False,2.6728287802066464,2.45029690981724e-17
2017-09-19,1.0877274270848503e-05,0.0010348679239298164,1.0,0.0,0.0,30,0,0,0,False,2.6728578532983676,2.45029690981724e-17
2017-09-20,-0.005538809682599122,-0.0008171395571536788,1.0,0.0,0.0,30,0,0,0,False,2.6580534023403075,2.45029690981724e-17
2017-09-21,-0.007071327176489062,-0.005165720782399075,1.0,0.0,0.0,30,0,0,0,False,2.6392574370797792,2.45029690981724e-17
2017-09-22,0.006613295668445041,0.0006586025584076616,1.0,0.0,0.0,30,0,0,0,False,2.65671162685633,2.45029690981724e-17
2017-09-25,-0.008521642984393285,-0.008764711693388327,1.0,0.0,0.0,30,0,0,0,False,2.6340720788597736,2.45029690981724e-17
2017-09-26,0.001618259158974844,0.001502278486051667,1.0,0.0,0.0,30,0,0,0,False,2.638334690126788,2.45029690981724e-17
2017-09-27,0.014124393095798604,0.011457329864538401,1.0,0.0,0.0,30,0,0,0,False,2.6755995664084207,2.45029690981724e-17
2017-09-28,0.00033595268365682607,2.95044684239798e-05,1.0,0.0,0.0,30,0,0,0,False,2.6764984412631465,2.45029690981724e-17
2017-09-29,0.007478740127887518,0.006587143106798976,1.0,0.0,0.0,30,0,0,0,False,2.6965152775580497,2.45029690981724e-17
2017-10-02,0.003409131888866268,0.0031958632750201943,1.0,0.1121257169610072,0.00030341347587072536,30,0,0,0,False,2.705708053779588,-1.3005005058963626e-16
2017-10-03,-3.861287302309169e-05,0.0023002061681274277,1.0,0.0,0.0,30,0,0,0,False,2.70560357861807,-1.3005005058963626e-16
2017-10-04,-0.0019502408313670783,0.0004470345437870282,1.0,0.0,0.0,30,0,0,0,False,2.700327000045556,-1.3005005058963626e-16
2017-10-05,0.0045468014145093605,0.007763255268672609,1.0,0.0,0.0,30,0,0,0,False,2.712604850669001,-1.3005005058963626e-16
2017-10-06,0.0037154247280812847,0.0007319721432383908,1.0,0.0,0.0,30,0,0,0,False,2.7226833298086897,-1.3005005058963626e-16
2017-10-09,-0.0012255183956517701,-0.0015857229518549953,1.0,0.0,0.0,30,0,0,0,False,2.7193466313024746,-1.3005005058963626e-16
2017-10-10,0.0018714740523269047,0.0011429040401353951,1.0,0.0,0.0,30,0,0,0,False,2.72443581796224,-1.3005005058963626e-16
2017-10-11,0.0008579577434608687,0.002474446848077738,1.0,0.0,0.0,30,0,0,0,False,2.726773268768823,-1.3005005058963626e-16
2017-10-12,-0.002762837857195888,-0.0018232617856535072,1.0,0.0,0.0,30,0,0,0,False,2.7192396363538784,-1.3005005058963626e-16
2017-10-13,-7.187656665064157e-05,0.002167940340466412,1.0,0.0,0.0,30,0,0,0,False,2.719044186744917,-1.3005005058963626e-16
2017-10-16,-0.002880053773117952,0.002755184920984144,1.0,0.0,0.0,30,0,0,0,False,2.711213193275608,-1.3005005058963626e-16
2017-10-17,0.0033138898411568807,-5.1298309178715584e-05,1.0,0.0,0.0,30,0,0,0,False,2.7201978551340145,-1.3005005058963626e-16
2017-10-18,0.0007703194750046105,8.454539983793197e-05,1.0,0.0,0.0,30,0,0,0,False,2.7222932765176897,-1.3005005058963626e-16
2017-10-19,0.00368972976098636,-0.0028909666982386284,1.0,0.0,0.0,30,0,0,0,False,2.73233780303819,-1.3005005058963626e-16
2017-10-20,0.006002886096593052,0.0036305445250555124,1.0,0.0,0.0,30,0,0,0,False,2.7487397156472433,-1.3005005058963626e-16
2017-10-23,-0.003117390864053604,-0.006368891662271059,1.0,0.0,0.0,30,0,0,0,False,2.7401708195700234,-1.3005005058963626e-16
2017-10-24,-0.0025341623410555236,0.0017611050875594447,1.0,0.0,0.0,30,0,0,0,False,2.73322678187101,-1.3005005058963626e-16
2017-10-25,-0.007251225016561391,-0.00523459352498723,1.0,0.0,0.0,30,0,0,0,False,2.713407539454371,-1.3005005058963626e-16
2017-10-26,0.005525360605757479,-0.0010847378447118583,1.0,0.0,0.0,30,0,0,0,False,2.7284000945802376,-1.3005005058963626e-16
2017-10-27,0.014527052568223509,0.022036734550700876,1.0,0.0,0.0,30,0,0,0,False,2.7680357061813505,-1.3005005058963626e-16
2017-10-30,0.001135118222684639,-0.00034318920152887067,1.0,0.0,0.0,30,0,0,0,False,2.7711777539524785,-1.3005005058963626e-16
2017-10-31,0.0028223493222920837,0.004285724948350111,1.0,0.0,0.0,30,0,0,0,False,2.778998985608297,-1.3005005058963626e-16
2017-11-01,-0.007323178301414823,-0.0016558630499988736,0.9999999999999999,0.20668043943428108,0.0005702764211752117,30,0,0,0,False,2.7586478805372363,2.5240226575462543e-16
2017-11-02,0.0024289866703668395,-0.00023671450099127522,0.9999999999999999,0.0,0.0,30,0,0,0,False,2.765348599467297,2.5240226575462543e-16
2017-11-03,0.00501276769828074,0.007371622194265681,0.9999999999999999,0.0,0.0,30,0,0,0,False,2.7792106496011924,2.5240226575462543e-16
2017-11-06,0.0012630326548856985,0.003252301790721779,0.9999999999999999,0.0,0.0,30,0,0,0,False,2.7827208834064447,2.5240226575462543e-16
2017-11-07,-4.837440829297268e-05,-0.0027496154500683545,0.9999999999999999,0.0,0.0,30,0,0,0,False,2.7825862709302656,2.5240226575462543e-16
2017-11-08,0.009683604245523947,0.0031532202037660717,0.9999999999999999,0.0,0.0,30,0,0,0,False,2.8095317351569826,2.5240226575462543e-16
2017-11-09,-0.00918846793966921,-0.005754840012330953,0.9999999999999999,0.0,0.0,30,0,0,0,False,2.7837164428830095,2.5240226575462543e-16
2017-11-10,0.008313496050667002,0.0001318656937909779,0.9999999999999999,0.0,0.0,30,0,0,0,False,2.8068588585370944,2.5240226575462543e-16
2017-11-13,-0.0019230408624206774,0.0009865589234470118,0.9999999999999999,0.0,0.0,30,0,0,0,False,2.80146115425708,2.5240226575462543e-16
2017-11-14,-0.0023426425171846343,-0.002919675581276149,0.9999999999999999,0.0,0.0,30,0,0,0,False,2.7948983322468766,2.5240226575462543e-16
2017-11-15,-0.0021947596178782947,-0.0046988290854702575,0.9999999999999999,0.0,0.0,30,0,0,0,False,2.7887642022511856,2.5240226575462543e-16
2017-11-16,0.014034687345435115,0.012984979593540835,0.9999999999999999,0.0,0.0,30,0,0,0,False,2.8279036359099226,2.5240226575462543e-16
2017-11-17,0.00024039111969154092,-0.0015456428328541882,0.9999999999999999,0.0,0.0,30,0,0,0,False,2.8285834388313384,2.5240226575462543e-16
2017-11-20,0.0012781206504566267,0.0011676610952129352,0.9999999999999999,0.0,0.0,30,0,0,0,False,2.832198709736048,2.5240226575462543e-16
2017-11-21,0.0047762678738272335,0.010568850679825825,0.9999999999999999,0.0,0.0,30,0,0,0,False,2.845726049445655,2.5240226575462543e-16
2017-11-22,-0.0021908377457698913,0.0007110986115808071,0.9999999999999999,0.0,0.0,30,0,0,0,False,2.839491525402409,2.5240226575462543e-16
2017-11-24,0.002192245271998683,0.0031744804870355026,0.9999999999999999,0.0,0.0,30,0,0,0,False,2.845716387273853,2.5240226575462543e-16
2017-11-27,-0.004575270841953194,-0.0015444843335186142,0.9999999999999999,0.0,0.0,30,0,0,0,False,2.8326964640626904,2.5240226575462543e-16
2017-11-28,0.012971143898881099,0.004919648412739841,0.9999999999999999,0.0,0.0,30,0,0,0,False,2.869439777519899,2.5240226575462543e-16
2017-11-29,-0.013733957381936612,-0.012733726436900517,0.9999999999999999,0.0,0.0,30,0,0,0,False,2.830031013905407,2.5240226575462543e-16
2017-11-30,0.006027839715170957,0.007272556973203503,0.9999999999999999,0.0,0.0,30,0,0,0,False,2.8470899872461914,2.5240226575462543e-16
2017-12-01,-0.007263477058074952,-0.0038377239400891883,0.9999999999999999,0.2647369700875254,0.0007484534196862693,30,0,0,0,False,2.826410214441554,6.093216209368535e-16
2017-12-04,-0.016969114755492676,-0.010546732808089598,0.9999999999999999,0.0,0.0,30,0,0,0,False,2.7784485351665986,6.093216209368535e-16
2017-12-05,0.0037924434041027855,-0.0019423440794769098,0.9999999999999999,0.0,0.0,30,0,0,0,False,2.7889856439874303,6.093216209368535e-16
2017-12-06,0.003285348662106058,0.0020954540009847644,0.9999999999999999,0.0,0.0,30,0,0,0,False,2.7981484342415373,6.093216209368535e-16
2017-12-07,0.008317090889332635,0.00538043919290887,0.9999999999999999,0.0,0.0,30,0,0,0,False,2.821420889090968,6.093216209368535e-16
2017-12-08,0.004232448007012168,0.003998376712160523,0.9999999999999999,0.0,0.0,30,0,0,0,False,2.8333624063099436,6.093216209368535e-16
2017-12-11,-0.001108182901727095,0.00511689914274549,0.9999999999999999,0.0,0.0,30,0,0,0,False,2.8302225225368747,6.093216209368535e-16
2017-12-12,-0.004867517058944171,-0.0018560220120198423,0.9999999999999999,0.0,0.0,30,0,0,0,False,2.8164463661278183,6.093216209368535e-16
2017-12-13,0.0014939724700469004,0.0019643503061457235,0.9999999999999999,0.0,0.0,30,0,0,0,False,2.8206540594621767,6.093216209368535e-16
2017-12-14,-0.0033585627952535946,-0.002802583053683416,0.9999999999999999,0.0,0.0,30,0,0,0,False,2.811180715679786,6.093216209368535e-16
2017-12-15,0.010962607103848443,0.011675045881081036,0.9999999999999999,0.0,0.0,30,0,0,0,False,2.8419985853636986,6.093216209368535e-16
2017-12-18,0.011881622199180208,0.008387375213904091,0.9999999999999999,0.0,0.0,30,0,0,0,False,2.8757661388455946,6.093216209368535e-16
2017-12-19,-0.001481023145914473,-0.004418979476607632,0.9999999999999999,0.0,0.0,30,0,0,0,False,2.871507062631727,6.093216209368535e-16
2017-12-20,0.0049679908240494175,-0.000415014677010328,0.9999999999999999,0.0,0.0,30,0,0,0,False,2.8857726833700745,6.093216209368535e-16
2017-12-21,-0.008090585318852539,0.0006320823564567313,0.9999999999999999,0.0,0.0,30,0,0,0,False,2.862425093264455,6.093216209368535e-16
2017-12-22,-0.0008767323259462056,-0.0007752506801551595,0.9999999999999999,0.0,0.0,30,0,0,0,False,2.8599155126545903,6.093216209368535e-16
2017-12-26,-0.004567398732398975,-0.0034066287737285483,0.9999999999999999,0.0,0.0,30,0,0,0,False,2.8468531381673237,6.093216209368535e-16
2017-12-27,0.002005787384467217,0.00044545683907015743,0.9999999999999999,0.0,0.0,30,0,0,0,False,2.852563320277291,6.093216209368535e-16
2017-12-28,0.001160023085664319,0.0015592837808577897,0.9999999999999999,0.0,0.0,30,0,0,0,False,2.855872359582132,6.093216209368535e-16
2017-12-29,-0.009273139224024729,-0.006729355677298043,0.9999999999999999,0.0,0.0,30,0,0,0,False,2.8293894575856826,6.093216209368535e-16
2018-01-02,0.020042803295849287,0.014994053428908805,1.0,0.09879128521578161,0.0002851495359331705,30,0,0,0,False,2.8860983539314224,1.117812439832555e-16
2018-01-03,0.0206987111539203,0.008367452202364012,1.0,0.0,0.0,30,0,0,0,False,2.945836870121254,1.117812439832555e-16
2018-01-04,0.003257696977589042,0.0017522252896025048,1.0,0.0,0.0,30,0,0,0,False,2.9554335139895187,1.117812439832555e-16
2018-01-05,0.011184009391935978,0.008286330052619029,1.0,0.0,0.0,30,0,0,0,False,2.98848711016722,1.117812439832555e-16
2018-01-08,0.0065190856452841395,0.0029187731495456948,1.0,0.0,0.0,30,0,0,0,False,3.0079693135882275,1.117812439832555e-16
2018-01-09,0.0030926391586909574,0.0008648403836477581,1.0,0.0,0.0,30,0,0,0,False,3.0172718772755713,1.117812439832555e-16
2018-01-10,-0.004399165907099212,-0.001397387878722789,1.0,0.0,0.0,30,0,0,0,False,3.0039983977006113,1.117812439832555e-16
2018-01-11,0.003997620463139784,0.0081371960611889,1.0,0.0,0.0,30,0,0,0,False,3.016007243166498,1.117812439832555e-16
2018-01-12,0.005769892038330227,0.006833306252639559,1.0,0.0,0.0,30,0,0,0,False,3.033409279346391,1.117812439832555e-16
2018-01-16,-0.0019338615016037952,-0.005146658956864947,1.0,0.0,0.0,30,0,0,0,False,3.0275430859224555,1.117812439832555e-16
2018-01-17,0.021379222337496007,0.010325733943811644,1.0,0.0,0.0,30,0,0,0,False,3.09226960269274,1.117812439832555e-16
2018-01-18,0.0021960122297024487,-0.00030555145337129996,1.0,0.0,0.0,30,0,0,0,False,3.0990602645577905,1.117812439832555e-16
2018-01-19,0.0035302565798573937,0.005527662379716691,1.0,0.0,0.0,30,0,0,0,False,3.11000074244812,1.117812439832555e-16
2018-01-22,0.0028653282634591992,0.009766383553828861,1.0,0.0,0.0,30,0,0,0,False,3.118911915474836,1.117812439832555e-16
2018-01-23,0.0036518310551041377,0.007054534256868195,1.0,0.0,0.0,30,0,0,0,False,3.1303016548659013,1.117812439832555e-16
2018-01-24,-0.012707675659669238,-0.006062753592688819,1.0,0.0,0.0,30,0,0,0,False,3.0905227967189397,1.117812439832555e-16
2018-01-25,-0.00604396185278433,-0.0005259431410407078,1.0,0.0,0.0,30,0,0,0,False,3.0718437948304103,1.117812439832555e-16
2018-01-26,0.011280029321525609,0.012765855472939291,1.0,0.0,0.0,30,0,0,0,False,3.106494282907244,1.117812439832555e-16
2018-01-29,-0.008304803220030799,-0.005230669205158245,1.0,0.0,0.0,30,0,0,0,False,3.0806954591835485,1.117812439832555e-16
2018-01-30,-0.013418541970065201,-0.00857559980702094,1.0,0.0,0.0,30,0,0,0,False,3.0393570178675047,1.117812439832555e-16
2018-01-31,-0.005295203006492222,0.0020979185354097485,1.0,0.0,0.0,30,0,0,0,False,3.0232630054486895,1.117812439832555e-16
2018-02-01,-0.0023010723384450094,-0.004334033098742918,0.9999999999999999,0.3152495814257906,0.0009511891474483536,30,0,0,0,False,3.0163062585750073,6.07261636809131e-16
2018-02-02,-0.024842802863015656,-0.017440095228451358,0.9999999999999999,0.0,0.0,30,0,0,0,False,2.941372756818748,6.07261636809131e-16
2018-02-05,-0.04102282101435817,-0.033098808278813285,0.9999999999999999,0.0,0.0,30,0,0,0,False,2.820709348679263,6.07261636809131e-16
2018-02-06,0.02863670061321688,0.014113141735776935,0.9999999999999999,0.0,0.0,30,0,0,0,False,2.9014851578142933,6.07261636809131e-16
2018-02-07,-0.011878775811507647,-0.008979901417391911,0.9999999999999999,0.0,0.0,30,0,0,0,False,2.8670190661042003,6.07261636809131e-16
2018-02-08,-0.04240457152569688,-0.03897058698408096,0.9999999999999999,0.0,0.0,30,0,0,0,False,2.745444351050048,6.07261636809131e-16
2018-02-09,0.02558458177221823,0.014361472523550578,0.9999999999999999,0.0,0.0,30,0,0,0,False,2.815685396550563,6.07261636809131e-16
2018-02-12,0.012520961545182674,0.015633130148327234,0.9999999999999999,0.0,0.0,30,0,0,0,False,2.850940485124105,6.07261636809131e-16
2018-02-13,-0.001531371472874743,0.004518759775192116,0.9999999999999999,0.0,0.0,30,0,0,0,False,2.846574636194322,6.07261636809131e-16
2018-02-14,0.020823942456240196,0.018551382076916756,0.9999999999999999,0.0,0.0,30,0,0,0,False,2.905851542615826,6.07261636809131e-16
2018-02-15,0.016494570839140188,0.01579172722244837,0.9999999999999999,0.0,0.0,30,0,0,0,False,2.9537823167335273,6.07261636809131e-16
2018-02-16,-0.0033266550001064266,-0.002337237392568081,0.9999999999999999,0.0,0.0,30,0,0,0,False,2.9439561020203397,6.07261636809131e-16
2018-02-20,0.0038012511136844562,-0.0007127731529305015,0.9999999999999999,0.0,0.0,30,0,0,0,False,2.9551468184317824,6.07261636809131e-16
2018-02-21,-0.005797826722569233,-0.002222755145649624,0.9999999999999999,0.0,0.0,30,0,0,0,False,2.938013389238763,6.07261636809131e-16
2018-02-22,-0.0011596172330939902,-0.0011277279887174085,0.9999999999999999,0.0,0.0,30,0,0,0,False,2.934606418281541,6.07261636809131e-16
2018-02-23,0.012569646002941637,0.017655854993650744,0.9999999999999999,0.0,0.0,30,0,0,0,False,2.9714933821173006,6.07261636809131e-16
2018-02-26,0.009026549942645401,0.011457738903646542,0.9999999999999999,0.0,0.0,30,0,0,0,False,2.9983157155352225,6.07261636809131e-16
2018-02-27,-0.012779679295776614,-0.012276546663325005,0.9999999999999999,0.0,0.0,30,0,0,0,False,2.959998202263195,6.07261636809131e-16
2018-02-28,-0.0030351892375246603,-0.007822313971061146,0.9999999999999999,0.0,0.0,30,0,0,0,False,2.9510140475765936,6.07261636809131e-16
2018-03-01,-0.02335568782271369,-0.012711339946221423,1.0,0.5084334799878851,0.0014660970126528752,30,0,0,0,False,2.882091084720952,-1.0798653637955624e-16
2018-03-02,0.011823978532462753,0.010766569588352981,1.0,0.0,0.0,30,0,0,0,False,2.916168867835295,-1.0798653637955624e-16
2018-03-05,0.01145798870395276,0.010034638123380013,1.0,0.0,0.0,30,0,0,0,False,2.9495822977817703,-1.0798653637955624e-16
2018-03-06,0.011683411561643098,0.005635150650411314,1.0,0.0,0.0,30,0,0,0,False,2.9840434817016916,-1.0798653637955624e-16
2018-03-07,0.001537530581403379,0.0033423856815817388,1.0,0.0,0.0,30,0,0,0,False,2.9886315398110455,-1.0798653637955624e-16
2018-03-08,0.00618054803629664,0.004231686023154824,1.0,0.0,0.0,30,0,0,0,False,3.0071029206056386,-1.0798653637955624e-16
2018-03-09,0.020861116185347806,0.017886482329943387,1.0,0.0,0.0,30,0,0,0,False,3.0698344440136918,-1.0798653637955624e-16
2018-03-12,0.004572736305168412,0.0036384593232940965,1.0,0.0,0.0,30,0,0,0,False,3.08387198742669,-1.0798653637955624e-16
2018-03-13,-0.00799601710142217,-0.01018802607660263,1.0,0.0,0.0,30,0,0,0,False,3.0592132942766295,-1.0798653637955624e-16
2018-03-14,-0.0025685505186845425,-0.0018905181031717566,1.0,0.0,0.0,30,0,0,0,False,3.0513555503828487,-1.0798653637955624e-16
2018-03-15,-0.000328767304540345,-0.0020101749676171288,1.0,0.0,0.0,30,0,0,0,False,3.0503523644433552,-1.0798653637955624e-16
2018-03-16,0.005093323617280765,3.3414686064547894e-05,1.0,0.0,0.0,30,0,0,0,False,3.065888796182203,-1.0798653637955624e-16
2018-03-19,-0.02185496715080093,-0.018410876827932743,1.0,0.0,0.0,30,0,0,0,False,2.9988838972536325,-1.0798653637955624e-16
2018-03-20,0.006554903864378625,0.0027313376814663837,1.0,0.0,0.0,30,0,0,0,False,3.018541292900563,-1.0798653637955624e-16
2018-03-21,-0.0013817473998425367,-0.002581345208135022,1.0,0.0,0.0,30,0,0,0,False,3.01437043131778,-1.0798653637955624e-16
2018-03-22,-0.02892902873612313,-0.02431623530180571,1.0,0.0,0.0,30,0,0,0,False,2.9271676224888683,-1.0798653637955624e-16
2018-03-23,-0.030210407587677013,-0.02428046112619897,1.0,0.0,0.0,30,0,0,0,False,2.8387366955360283,-1.0798653637955624e-16
2018-03-26,0.032958375886832814,0.032586995133289554,1.0,0.0,0.0,30,0,0,0,False,2.9322968465912504,-1.0798653637955624e-16
2018-03-27,-0.031084070288478594,-0.02932327776038912,1.0,0.0,0.0,30,0,0,0,False,2.8411491253051238,-1.0798653637955624e-16
2018-03-28,-0.006668383079354023,-0.008500743942256306,1.0,0.0,0.0,30,0,0,0,False,2.8222032545520177,-1.0798653637955624e-16
2018-03-29,0.01870686669614363,0.01643489998172476,1.0,0.0,0.0,30,0,0,0,False,2.874997834624345,-1.0798653637955624e-16
2018-04-02,-0.029382939591928503,-0.027369072680861972,1.0000000000000002,0.17286151720598786,0.00048245725583488756,30,0,0,0,False,2.7905219469226528,-4.866441451201187e-16
2018-04-03,0.011784687250183667,0.010357853860516908,1.0000000000000002,0.0,0.0,30,0,0,0,False,2.8234073753319096,-4.866441451201187e-16
2018-04-04,0.01693179884482854,0.014526154096251798,1.0000000000000002,0.0,0.0,30,0,0,0,False,2.871212741068035,-4.866441451201187e-16
2018-04-05,-0.0024791576366941515,0.004890565539171554,1.0000000000000002,0.0,0.0,30,0,0,0,False,2.8640945520744423,-4.866441451201187e-16
2018-04-06,-0.026292875753562983,-0.022813363088322935,1.0000000000000002,0.0,0.0,30,0,0,0,False,2.7887892698702923,-4.866441451201187e-16
2018-04-09,0.00524950960389714,0.005094626189527274,1.0000000000000002,0.0,0.0,30,0,0,0,False,2.803429045925722,-4.866441451201187e-16
2018-04-10,0.02513444877026405,0.020712656379764383,1.0000000000000002,0.0,0.0,30,0,0,0,False,2.8738916896616122,-4.866441451201187e-16
2018-04-11,-0.007373247639270941,-0.0035620146755004356,1.0000000000000002,0.0,0.0,30,0,0,0,False,2.8527017745452943,-4.866441451201187e-16
2018-04-12,0.013160615697201727,0.010074961064671095,1.0000000000000002,0.0,0.0,30,0,0,0,False,2.8902450862988105,-4.866441451201187e-16
2018-04-13,-0.007163058426262081,-0.004705731592031026,1.0000000000000002,0.0,0.0,30,0,0,0,False,2.869542091879435,-4.866441451201187e-16
2018-04-16,0.008349901981981267,0.006983585894670297,1.0000000000000002,0.0,0.0,30,0,0,0,False,2.893502487079798,-4.866441451201187e-16
2018-04-17,0.01575854397573284,0.017442065359154713,1.0000000000000002,0.0,0.0,30,0,0,0,False,2.9390998732663376,-4.866441451201187e-16
2018-04-18,0.0023436357245119055,0.0019420279636039872,1.0000000000000002,0.0,0.0,30,0,0,0,False,2.945988052727233,-4.866441451201187e-16
2018-04-19,-0.023823427247259832,-0.007838001002352213,1.0000000000000002,0.0,0.0,30,0,0,0,False,2.8758045206817893,-4.866441451201187e-16
2018-04-20,-0.011636854122025753,-0.012700944552809124,1.0000000000000002,0.0,0.0,30,0,0,0,False,2.842339202991153,-4.866441451201187e-16
2018-04-23,-0.0031208178977099044,-0.00245304804772728,1.0000000000000002,0.0,0.0,30,0,0,0,False,2.833468779935096,-4.866441451201187e-16
2018-04-24,-0.017199923811777262,-0.01700894962532684,1.0000000000000002,0.0,0.0,30,0,0,0,False,2.784733332797163,-4.866441451201187e-16
2018-04-25,0.002481865690598495,-0.0005151590756111712,1.0000000000000002,0.0,0.0,30,0,0,0,False,2.791644666913298,-4.866441451201187e-16
2018-04-26,0.026880063499919338,0.016411231244699787,1.0000000000000002,0.0,0.0,30,0,0,0,False,2.8666842528291387,-4.866441451201187e-16
2018-04-27,-0.0028921336549609933,0.00015727634456741413,1.0000000000000002,0.0,0.0,30,0,0,0,False,2.858393418823385,-4.866441451201187e-16
2018-04-30,-0.011908529678141488,-0.007518441740454462,1.0000000000000002,0.0,0.0,30,0,0,0,False,2.824354155963522,-4.866441451201187e-16
2018-05-01,0.009261067385055943,0.009117992943943554,1.0000000000000002,0.24604779908449712,0.0007015344925890266,30,0,0,0,False,2.850510690121163,-3.3089850304257595e-16
2018-05-02,-0.005370482879085925,-0.0041791548044608495,1.0000000000000002,0.0,0.0,30,0,0,0,False,2.835202071263216,-3.3089850304257595e-16
2018-05-03,-0.0002848267362952628,-0.0017955470686187303,1.0000000000000002,0.0,0.0,30,0,0,0,False,2.8343945299105204,-3.3089850304257595e-16
2018-05-04,0.019978597720158753,0.017137081144404043,1.0000000000000002,0.0,0.0,30,0,0,0,False,2.891021758003821,-3.3089850304257595e-16
2018-05-07,0.0069798437730672624,0.007710517229611025,1.0000000000000002,0.0,0.0,30,0,0,0,False,2.911200638219226,-3.3089850304257595e-16
2018-05-08,0.0024806304879299024,0.00023260167290417577,1.0000000000000002,0.0,0.0,30,0,0,0,False,2.918422251278874,-3.3089850304257595e-16
2018-05-09,0.010344962170519834,0.010046966520069978,1.0000000000000002,0.0,0.0,30,0,0,0,False,2.948613219065957,-3.3089850304257595e-16
2018-05-10,0.013207849104587943,0.008863868661499463,1.0000000000000002,0.0,0.0,30,0,0,0,False,2.987558057531173,-3.3089850304257595e-16
2018-05-11,0.003379924977840343,-0.00028228337772373546,1.0000000000000002,0.0,0.0,30,0,0,0,False,2.997655779632571,-3.3089850304257595e-16
2018-05-14,0.002685084337245902,0.001140083334325137,1.0000000000000002,0.0,0.0,30,0,0,0,False,3.005704738214917,-3.3089850304257595e-16
2018-05-15,-0.008911500180285414,-0.008053882656635647,1.0000000000000002,0.0,0.0,30,0,0,0,False,2.97891939989843,-3.3089850304257595e-16
2018-05-16,0.012038620712136128,0.006348238504226167,1.0000000000000002,0.0,0.0,30,0,0,0,False,3.0147814806858313,-3.3089850304257595e-16
2018-05-17,-0.0007201944429128249,-0.002139626728833055,1.0000000000000002,0.0,0.0,30,0,0,0,False,3.0126102518168447,-3.3089850304257595e-16
2018-05-18,-0.006034598168078498,-0.003810431906653644,1.0000000000000002,0.0,0.0,30,0,0,0,False,2.9944303595100963,-3.3089850304257595e-16
2018-05-21,0.006185433942878404,0.005398200393188279,1.0000000000000002,0.0,0.0,30,0,0,0,False,3.0129522106953956,-3.3089850304257595e-16
2018-05-22,-0.000226533336633028,-0.002107102477130196,1.0000000000000002,0.0,0.0,30,0,0,0,False,3.012269676577991,-3.3089850304257595e-16
2018-05-23,0.007539941620784418,0.006437657722614176,1.0000000000000002,0.0,0.0,30,0,0,0,False,3.0349820140854478,-3.3089850304257595e-16
2018-05-24,0.0038466541522177433,-0.00020600703478068638,1.0000000000000002,0.0,0.0,30,0,0,0,False,3.0466565402518357,-3.3089850304257595e-16
2018-05-25,0.000615582322843089,0.0012687707670819837,1.0000000000000002,0.0,0.0,30,0,0,0,False,3.048532008161789,-3.3089850304257595e-16
2018-05-29,-0.0009966953188810246,-0.0050122479601787395,1.0000000000000002,0.0,0.0,30,0,0,0,False,3.045493550579795,-3.3089850304257595e-16
2018-05-30,0.010809443010483477,0.008904157426710357,1.0000000000000002,0.0,0.0,30,0,0,0,False,3.0784136395535824,-3.3089850304257595e-16
2018-05-31,-0.00798243803230081,-0.0027243196879223053,1.0000000000000002,0.0,0.0,30,0,0,0,False,3.0538403934380565,-3.3089850304257595e-16
2018-06-01,0.020736158078379585,0.015077692712860191,0.9999999999999999,0.12232440229307193,0.0003813520321250987,30,0,0,0,False,3.117165310582529,5.382521685304287e-16
2018-06-04,0.00889279806869947,0.006900664825329805,0.9999999999999999,0.0,0.0,30,0,0,0,False,3.1448856322362944,5.382521685304287e-16
2018-06-05,0.0023539035131279196,0.0041280569410737655,0.9999999999999999,0.0,0.0,30,0,0,0,False,3.1522883895744007,5.382521685304287e-16
2018-06-06,0.0065079183608853786,0.006727054524789056,0.9999999999999999,0.0,0.0,30,0,0,0,False,3.172803225063718,5.382521685304287e-16
2018-06-07,-0.007299695772946535,-0.00704496134741639,0.9999999999999999,0.0,0.0,30,0,0,0,False,3.149642726773329,5.382521685304287e-16
2018-06-08,0.0007589526500244581,0.0013673745327120734,0.9999999999999999,0.0,0.0,30,0,0,0,False,3.152033156467444,5.382521685304287e-16
2018-06-11,0.0002886979459950645,0.0018861266779097718,0.9999999999999999,0.0,0.0,30,0,0,0,False,3.1529431419654244,5.382521685304287e-16
2018-06-12,0.004785261301158528,0.005725874630032601,0.9999999999999999,0.0,0.0,30,0,0,0,False,3.168030798767425,5.382521685304287e-16
2018-06-13,-0.0013097210210069044,-0.0010501065060184445,0.9999999999999999,0.0,0.0,30,0,0,0,False,3.163881562235082,5.382521685304287e-16
2018-06-14,0.005509620890837841,0.008490429499839358,0.9999999999999999,0.0,0.0,30,0,0,0,False,3.1813133501865094,5.382521685304287e-16
2018-06-15,0.00015932804669671619,-0.0019559363178129896,0.9999999999999999,0.0,0.0,30,0,0,0,False,3.181820222628525,5.382521685304287e-16
2018-06-18,-0.0064517640408395804,0.00014977033085772362,0.9999999999999999,0.0,0.0,30,0,0,0,False,3.161291869331754,5.382521685304287e-16
2018-06-19,-0.0041486466672523425,-0.0027675028591639395,0.9999999999999999,0.0,0.0,30,0,0,0,False,3.148176786353839,5.382521685304287e-16
2018-06-20,0.0038116107580163927,0.007239546969424193,0.9999999999999999,0.0,0.0,30,0,0,0,False,3.1601764108608426,5.382521685304287e-16
2018-06-21,-0.00783187682662545,-0.008810578121998813,0.9999999999999999,0.0,0.0,30,0,0,0,False,3.135426298460573,5.382521685304287e-16
2018-06-22,-0.006608199985766672,-0.0026099481363175414,0.9999999999999999,0.0,0.0,30,0,0,0,False,3.114706774439713,5.382521685304287e-16
2018-06-25,-0.019674961364135712,-0.02090390834320599,0.9999999999999999,0.0,0.0,30,0,0,0,False,3.053425038992,5.382521685304287e-16
2018-06-26,0.003527806376467657,0.003932562594382238,0.9999999999999999,0.0,0.0,30,0,0,0,False,3.0641969313146222,5.382521685304287e-16
2018-06-27,-0.01764475576252056,-0.015413317173854302,0.9999999999999999,0.0,0.0,30,0,0,0,False,3.010129924853311,5.382521685304287e-16
2018-06-28,0.007642367286934126,0.007870983147649335,0.9999999999999999,0.0,0.0,30,0,0,0,False,3.033134443320431,5.382521685304287e-16
2018-06-29,-0.00013195108780117426,0.000882180453266157,0.9999999999999999,0.0,0.0,30,0,0,0,False,3.032734217931188,5.382521685304287e-16
2018-07-02,0.007696418686265805,0.007641519184094392,0.9999999999999999,0.18567866909639166,0.0005675533973904006,30,0,0,0,False,3.0560754102365513,3.847833510151055e-16
2018-07-03,-0.009945785251069372,-0.008591789682079964,0.9999999999999999,0.0,0.0,30,0,0,0,False,3.025680340495265,3.847833510151055e-16
2018-07-05,0.013176234897565031,0.011164065741450235,0.9999999999999999,0.0,0.0,30,0,0,0,False,3.065547415386575,3.847833510151055e-16
2018-07-06,0.020446750476565967,0.013439773030535562,0.9999999999999999,0.0,0.0,30,0,0,0,False,3.128227898463066,3.847833510151055e-16
2018-07-09,0.007827064239306125,0.00881980481193323,0.9999999999999999,0.0,0.0,30,0,0,0,False,3.152712739179526,3.847833510151055e-16
2018-07-10,0.004369824676469403,0.00038678733434438506,0.9999999999999999,0.0,0.0,30,0,0,0,False,3.1664895411050122,3.847833510151055e-16
2018-07-11,-0.01220838322267137,-0.005489006457134571,0.9999999999999999,0.0,0.0,30,0,0,0,False,3.1278318233166216,3.847833510151055e-16
2018-07-12,0.011146639792215751,0.013906365799312814,0.9999999999999999,0.0,0.0,30,0,0,0,False,3.1626966379817616,3.847833510151055e-16
2018-07-13,0.0023846143550896315,0.0002633079103993019,0.9999999999999999,0.0,0.0,30,0,0,0,False,3.170238449785487,3.847833510151055e-16
2018-07-16,-0.004287912306740305,-0.002588787602319398,0.9999999999999999,0.0,0.0,30,0,0,0,False,3.1566447453213504,3.847833510151055e-16
2018-07-17,0.012303704045427466,0.0063286793190460156,0.9999999999999999,0.0,0.0,30,0,0,0,False,3.195483168044338,3.847833510151055e-16
2018-07-18,0.005915216679813318,-8.659320180215424e-05,0.9999999999999999,0.0,0.0,30,0,0,0,False,3.2143851433800164,3.847833510151055e-16
2018-07-19,-0.0012612913354405064,-0.003710016292823193,0.9999999999999999,0.0,0.0,30,0,0,0,False,3.2103308672499025,3.847833510151055e-16
2018-07-20,-0.004295938590074266,-0.0006516811023649094,0.9999999999999999,0.0,0.0,30,0,0,0,False,3.196539482990377,3.847833510151055e-16
2018-07-23,0.0005191560896553593,0.0027710160156768637,0.9999999999999999,0.0,0.0,30,0,0,0,False,3.1981989859287956,3.847833510151055e-16
2018-07-24,-0.005761888430716344,-0.00014028541482724588,0.9999999999999999,0.0,0.0,30,0,0,0,False,3.1797713201926436,3.847833510151055e-16
2018-07-25,0.01280365383984905,0.01166597158187277,0.9999999999999999,0.0,0.0,30,0,0,0,False,3.22048401146627,3.847833510151055e-16
2018-07-26,-0.011367328532351784,-0.010092987350534433,0.9999999999999999,0.0,0.0,30,0,0,0,False,3.1838757116747467,3.847833510151055e-16
2018-07-27,-0.009724972184951164,-0.014615087412283234,0.9999999999999999,0.0,0.0,30,0,0,0,False,3.1529126089383683,3.847833510151055e-16
2018-07-30,-0.015752361625098965,-0.013883167953699926,0.9999999999999999,0.0,0.0,30,0,0,0,False,3.103246789350037,3.847833510151055e-16
2018-07-31,0.01318667726430256,0.0054770642201835695,0.9999999999999999,0.0,0.0,30,0,0,0,False,3.1441683032326786,3.847833510151055e-16
2018-08-01,-0.0025470383995555013,0.004627342510678645,1.0,0.17315911839100404,0.0005431487494380189,30,0,0,0,False,3.13615998582968,4.152494320619482e-17
2018-08-02,0.01449026482420046,0.012377878605839499,1.0,0.0,0.0,30,0,0,0,False,3.1816037745554127,4.152494320619482e-17
2018-08-03,0.001410466036630309,0.0011944470585714129,1.0,0.0,0.0,30,0,0,0,False,3.186091318621438,4.152494320619482e-17
2018-08-06,0.005120496811468422,0.006102194085829238,1.0,0.0,0.0,30,0,0,0,False,3.2024056890594865,4.152494320619482e-17
2018-08-07,0.005339265091173884,0.003051014721947576,1.0,0.0,0.0,30,0,0,0,False,3.2195041819628587,4.152494320619482e-17
2018-08-08,0.0013526626042461576,0.0005923517606707396,1.0,0.0,0.0,30,0,0,0,False,3.2238590848740136,4.152494320619482e-17
2018-08-09,-0.004276915147913285,0.00043731689169557164,1.0,0.0,0.0,30,0,0,0,False,3.210070913119178,4.152494320619482e-17
2018-08-10,-0.009431813847409654,-0.006674020478878551,1.0,0.0,0.0,30,0,0,0,False,3.1797941218296537,4.152494320619482e-17
2018-08-13,-0.0026132305968941116,-0.002474758007921296,1.0,0.0,0.0,30,0,0,0,False,3.1714845865386643,4.152494320619482e-17
2018-08-14,0.0073885014207664135,0.006545012538828221,1.0,0.0,0.0,30,0,0,0,False,3.194917104912244,4.152494320619482e-17
2018-08-15,-0.013436542203845603,-0.01229467045918986,1.0,0.0,0.0,30,0,0,0,False,3.1519884663943025,4.152494320619482e-17
2018-08-16,0.0037442484908749574,0.00416766136658997,1.0,0.0,0.0,30,0,0,0,False,3.1637902944528546,4.152494320619482e-17
2018-08-17,-0.002039473279280557,0.0012566546937686773,1.0,0.0,0.0,30,0,0,0,False,3.157337828686071,4.152494320619482e-17
2018-08-20,0.0026081375421413977,0.0005987080816864943,1.0,0.0,0.0,30,0,0,0,False,3.16557260001029,4.152494320619482e-17
2018-08-21,0.010490207698077736,0.0048791781337493845,1.0,0.0,0.0,30,0,0,0,False,3.198780114067742,4.152494320619482e-17
2018-08-22,0.001163197472455968,0.0038083156848409683,1.0,0.0,0.0,30,0,0,0,False,3.2025009270113682,4.152494320619482e-17
2018-08-23,0.002044652611702835,-0.0013487089611144976,1.0,0.0,0.0,30,0,0,0,False,3.209048928895763,4.152494320619482e-17
2018-08-24,0.008184863633174944,0.008570202806132077,1.0,0.0,0.0,30,0,0,0,False,3.2353145567709607,4.152494320619482e-17
2018-08-27,0.006973826080384438,0.00905110508710072,1.0,0.0,0.0,30,0,0,0,False,3.2578770778052175,4.152494320619482e-17
2018-08-28,0.001070546400042005,0.0015141246649885698,1.0,0.0,0.0,30,0,0,0,False,3.261364786382641,4.152494320619482e-17
2018-08-29,0.005889820131759427,0.009918991686218348,1.0,0.0,0.0,30,0,0,0,False,3.280573638358489,4.152494320619482e-17
2018-08-30,-0.0020103338809470683,-0.002630186882978114,1.0,0.0,0.0,30,0,0,0,False,3.273978590024355,4.152494320619482e-17
2018-08-31,0.0102996144559091,0.0026185902039299602,1.0,0.0,0.0,30,0,0,0,False,3.307699307238507,4.152494320619482e-17
2018-09-04,0.0031988939087734813,-0.0022553683686127313,1.0,0.1936384240767102,0.0006426710111059697,30,0,0,0,False,3.318280286404487,-1.476683358925257e-16
2018-09-05,-0.009377214187765714,-0.011874568206395764,1.0,0.0,0.0,30,0,0,0,False,3.2871640614238316,-1.476683358925257e-16
2018-09-06,-0.01544276149959789,-0.009060457864691562,1.0,0.0,0.0,30,0,0,0,False,3.2364011708132137,-1.476683358925257e-16
2018-09-07,-0.003141464946028405,-0.002548364010890092,1.0,0.0,0.0,30,0,0,0,False,3.2262341299838186,-1.476683358925257e-16
2018-09-10,0.006429357218339815,0.00273585454803138,1.0,0.0,0.0,30,0,0,0,False,3.2469767416754842,-1.476683358925257e-16
2018-09-11,-0.002965016969257106,0.006096545095087835,1.0,0.0,0.0,30,0,0,0,False,3.2373494005376333,-1.476683358925257e-16
2018-09-12,-0.008206491564153318,-0.0022878981723882807,1.0,0.0,0.0,30,0,0,0,False,3.2107821199919044,-1.476683358925257e-16
2018-09-13,0.007984978793505348,0.007477782261765098,1.0,0.0,0.0,30,0,0,0,False,3.236420147130606,-1.476683358925257e-16
2018-09-14,0.002820520558439288,-0.00045796516220331096,1.0,0.0,0.0,30,0,0,0,False,3.2455485366913353,-1.476683358925257e-16
2018-09-17,-0.010336136072043867,-0.014263349496382083,1.0,0.0,0.0,30,0,0,0,False,3.2120021053876706,-1.476683358925257e-16
2018-09-18,0.009142911944493681,0.00763950155715909,1.0,0.0,0.0,30,0,0,0,False,3.2413691578027586,-1.476683358925257e-16
2018-09-19,-0.0013333054188090498,-0.0007629230963740463,1.0,0.0,0.0,30,0,0,0,False,3.2370474227402997,-1.476683358925257e-16
2018-09-20,0.008388251461661778,0.009835170640650759,1.0,0.0,0.0,30,0,0,0,False,3.2642005905155695,-1.476683358925257e-16
2018-09-21,0.0006419460628044327,-0.005359811564940142,1.0,0.0,0.0,30,0,0,0,False,3.266296031232855,-1.476683358925257e-16
2018-09-24,-0.0023731303092299205,0.0010080899411888389,1.0,0.0,0.0,30,0,0,0,False,3.258544685122219,-1.476683358925257e-16
2018-09-25,-0.003927881272892786,0.0017790260532324353,1.0,0.0,0.0,30,0,0,0,False,3.2457455084766433,-1.476683358925257e-16
2018-09-26,-0.0022287278340361594,-0.0021355184063001076,1.0,0.0,0.0,30,0,0,0,False,3.2385116251197035,-1.476683358925257e-16
2018-09-27,0.005046815147010442,0.0064577859791501435,1.0,0.0,0.0,30,0,0,0,False,3.2548557946431274,-1.476683358925257e-16
2018-09-28,0.004112148678187877,0.0005446302200919906,1.0,0.0,0.0,30,0,0,0,False,3.268240245596761,-1.476683358925257e-16
2018-10-01,-0.001075065929292518,-0.0011247708448579585,1.0,0.18079539693956376,0.0005903542878759171,30,0,0,0,False,3.2647266718599774,-1.231653667943533e-16
2018-10-02,-0.00347614490461412,-0.004696851049403428,1.0,0.0,0.0,30,0,0,0,False,3.2533780088746336,-1.231653667943533e-16
2018-10-03,0.0021945181740288255,0.003191467099810996,1.0,0.0,0.0,30,0,0,0,False,3.2605176060420944,-1.231653667943533e-16
2018-10-04,-0.01949600133828777,-0.0181394201909586,1.0,0.0,0.0,30,0,0,0,False,3.196950550431187,-1.231653667943533e-16
2018-10-05,-0.01162341512952747,-0.011556505710545562,1.0,0.0,0.0,30,0,0,0,False,3.159791067034954,-1.231653667943533e-16
2018-10-08,-0.0062293008031968355,-0.0067407505539420765,1.0,0.0,0.0,30,0,0,0,False,3.140107778003139,-1.231653667943533e-16
2018-10-09,-0.00021308841857969885,0.0002675560139981936,1.0,0.0,0.0,30,0,0,0,False,3.1394386574025543,-1.231653667943533e-16
2018-10-10,-0.04357817552760257,-0.0408334690269605,1.0,0.0,0.0,30,0,0,0,False,3.002627648532125,-1.231653667943533e-16
2018-10-11,-0.010474179000388828,-0.012528843446994897,1.0,0.0,0.0,30,0,0,0,False,2.9711775890698826,-1.231653667943533e-16
2018-10-12,0.02525179541452216,0.022899252797776937,1.0,0.0,0.0,30,0,0,0,False,3.046205157689289,-1.231653667943533e-16
2018-10-15,-0.00782883146718294,-0.008823645420652393,1.0,0.0,0.0,30,0,0,0,False,3.022356930895276,-1.231653667943533e-16
2018-10-16,0.028856307241428514,0.028900216427967695,1.0,0.0,0.0,30,0,0,0,False,3.109570991086451,-1.231653667943533e-16
2018-10-17,-0.0034795777867732136,-0.00036492100925067383,1.0,0.0,0.0,30,0,0,0,False,3.098750996939472,-1.231653667943533e-16
2018-10-18,-0.019784299505499314,-0.020615763522949693,1.0,0.0,0.0,30,0,0,0,False,3.037444379123057,-1.231653667943533e-16
2018-10-19,-0.010521739043418465,-0.004824265079554024,1.0,0.0,0.0,30,0,0,0,False,3.005485182007026,-1.231653667943533e-16
2018-10-22,0.0037228636681503335,0.0026312285661684864,1.0,0.0,0.0,30,0,0,0,False,3.016674193596284,-1.231653667943533e-16
2018-10-23,-0.005701634265651623,-0.004162731373260287,1.0,0.0,0.0,30,0,0,0,False,2.9994742206457685,-1.231653667943533e-16
2018-10-24,-0.04628259882173613,-0.04425389308830607,1.0,0.0,0.0,30,0,0,0,False,2.860650758615481,-1.231653667943533e-16
2018-10-25,0.015824451166212894,0.029534058712706868,1.0,0.0,0.0,30,0,0,0,False,2.9059189868487816,-1.231653667943533e-16
2018-10-26,-0.017416947537963745,-0.02065083121721123,1.0,0.0,0.0,30,0,0,0,False,2.8553067483052637,-1.231653667943533e-16
2018-10-29,-0.00415198623286217,-0.016313181837842028,1.0,0.0,0.0,30,0,0,0,False,2.8434515539957017,-1.231653667943533e-16
2018-10-30,0.026506276076998292,0.015795080769727354,1.0,0.0,0.0,30,0,0,0,False,2.918820865897482,-1.231653667943533e-16
2018-10-31,0.012361493700303816,0.020142006662459133,1.0,0.0,0.0,30,0,0,0,False,2.954901851643589,-1.231653667943533e-16
2018-11-01,0.021936773891953143,0.017542014228801417,1.0,0.1916796351634755,0.0005789303462991425,30,0,0,0,False,3.019722865436008,-6.451002926288751e-17
2018-11-02,-0.0025829162979417175,-0.01036713437385306,1.0,0.0,0.0,30,0,0,0,False,3.011923174031606,-6.451002926288751e-17
2018-11-05,-0.002194871701475365,-0.0038249473269653667,1.0,0.0,0.0,30,0,0,0,False,3.005312389089906,-6.451002926288751e-17
2018-11-06,0.009701265703575768,0.006428007034828154,1.0,0.0,0.0,30,0,0,0,False,3.0344677230987154,-6.451002926288751e-17
2018-11-07,0.0250454073942894,0.0264087657742178,1.0,0.0,0.0,30,0,0,0,False,3.1104672034485445,-6.451002926288751e-17
2018-11-08,-0.0011785754901623147,-0.005266334246937232,1.0,0.0,0.0,30,0,0,0,False,3.1068012830396063,-6.451002926288751e-17
2018-11-09,-0.012041436204246803,-0.01646288370632487,1.0,0.0,0.0,30,0,0,0,False,3.0693909335906127,-6.451002926288751e-17
2018-11-12,-0.03226482967861033,-0.027815928766635634,1.0,0.0,0.0,30,0,0,0,False,2.9703575579012407,-6.451002926288751e-17
2018-11-13,0.0052119733520838984,1.3609466444908236e-06,1.0,0.0,0.0,30,0,0,0,False,2.9858389823391827,-6.451002926288751e-17
2018-11-14,-0.00618185425502582,-0.008955822190563123,1.0,0.0,0.0,30,0,0,0,False,2.9673809609213873,-6.451002926288751e-17
2018-11-15,0.017426392609877883,0.017185117164489228,1.0,0.0,0.0,30,0,0,0,False,3.01909170656948,-6.451002926288751e-17
2018-11-16,-0.004325841793443974,-0.0015373542067563806,1.0,0.0,0.0,30,0,0,0,False,3.0060315934869615,-6.451002926288751e-17
2018-11-19,-0.032785015892647595,-0.030269596029321888,1.0,0.0,0.0,30,0,0,0,False,2.907478799920691,-6.451002926288751e-17
2018-11-20,-0.016034793194449337,-0.01702504666727367,1.0,0.0,0.0,30,0,0,0,False,2.8608579786467168,-6.451002926288751e-17
2018-11-21,0.009651837621499126,0.009181047101561424,1.0,0.0,0.0,30,0,0,0,False,2.888470515314785,-6.451002926288751e-17
2018-11-23,-0.0027430527978929975,-0.004771773817634273,1.0,0.0,0.0,30,0,0,0,False,2.8805472881861194,-6.451002926288751e-17
2018-11-26,0.01585195214724533,0.02058949586250436,1.0,0.0,0.0,30,0,0,0,False,2.926209585956323,-6.451002926288751e-17
2018-11-27,0.003084773928695217,0.00012003925358450296,1.0,0.0,0.0,30,0,0,0,False,2.935236280996979,-6.451002926288751e-17
2018-11-28,0.031571613501902185,0.029492932653001347,1.0,0.0,0.0,30,0,0,0,False,3.0279064263973767,-6.451002926288751e-17
2018-11-29,-0.0049509646597819534,-0.002538499902997815,1.0,0.0,0.0,30,0,0,0,False,3.012915368687157,-6.451002926288751e-17
2018-11-30,0.010729630950234492,0.007900352974250957,1.0,0.0,0.0,30,0,0,0,False,3.0452428386774595,-6.451002926288751e-17
2018-12-03,0.016757494023981634,0.015138011660805306,1.0,0.13260259762692628,0.0004106283564464473,30,0,0,0,False,3.09627347734817,4.607859233063394e-18
2018-12-04,-0.0430518685047685,-0.03804061374749512,1.0,0.0,0.0,30,0,0,0,False,2.962973118746574,4.607859233063394e-18
2018-12-06,-0.00016556241933773919,0.004167058861592299,1.0,0.0,0.0,30,0,0,0,False,2.962482561748602,4.607859233063394e-18
2018-12-07,-0.041399058899191155,-0.030467707914508035,1.0,0.0,0.0,30,0,0,0,False,2.8398385716869448,4.607859233063394e-18
2018-12-10,0.010142032299900405,0.007356602216881392,1.0,0.0,0.0,30,0,0,0,False,2.8686403062074968,4.607859233063394e-18
2018-12-11,0.004541475460524191,0.0016110060223459843,1.0,0.0,0.0,30,0,0,0,False,2.881668165763209,4.607859233063394e-18
2018-12-12,0.012789202347905704,0.009454153336270199,1.0,0.0,0.0,30,0,0,0,False,2.9185224030346726,4.607859233063394e-18
2018-12-13,-0.004922002362418798,-0.003941783270358878,1.0,0.0,0.0,30,0,0,0,False,2.9041574288721637,4.607859233063394e-18
2018-12-14,-0.022285331296598376,-0.022581717931387746,1.0,0.0,0.0,30,0,0,0,False,2.83943731843227,4.607859233063394e-18
2018-12-17,-0.017467410935538608,-0.022709795471492655,1.0,0.0,0.0,30,0,0,0,False,2.7898396999655097,4.607859233063394e-18
2018-12-18,0.0022709922723092024,0.00446867138603424,1.0,0.0,0.0,30,0,0,0,False,2.796175404365113,4.607859233063394e-18
2018-12-19,-0.028359774622125578,-0.021680726257255034,1.0,0.0,0.0,30,0,0,0,False,2.716876500093387,4.607859233063394e-18
2018-12-20,-0.01410054829833729,-0.01633609695688909,1.0,0.0,0.0,30,0,0,0,False,2.6785670517832028,4.607859233063394e-18
2018-12-21,-0.02002322405533441,-0.029933780815427302,1.0,0.0,0.0,30,0,0,0,False,2.624933503558111,4.607859233063394e-18
2018-12-24,-0.021854432122206058,-0.02211756146409327,1.0,0.0,0.0,30,0,0,0,False,2.567567072479296,4.607859233063394e-18
2018-12-26,0.060346534706182675,0.05836183994564492,1.0,0.0,0.0,30,0,0,0,False,2.7225108479291196,4.607859233063394e-18
2018-12-27,0.009321086586103089,0.0038356358168905036,1.0,0.0,0.0,30,0,0,0,False,2.7478876072742717,4.607859233063394e-18
2018-12-28,-0.0015842229731850566,0.0007644665235613246,1.0,0.0,0.0,30,0,0,0,False,2.7435343405990973,4.607859233063394e-18
2018-12-31,0.00872789446611888,0.0077089598026887085,1.0,0.0,0.0,30,0,0,0,False,2.7674796187880193,4.607859233063394e-18
2019-01-02,0.00044018627649311526,0.004620769722476492,1.0,0.11615920011911787,0.00032164708703100056,30,0,0,0,False,2.7686978253366843,8.44593492366208e-17
2019-01-03,-0.037778743091678835,-0.030369295708771782,1.0,0.0,0.0,30,0,0,0,False,2.6640999014948,8.44593492366208e-17
2019-01-04,0.04082158370922451,0.042602289781078495,1.0,0.0,0.0,30,0,0,0,False,2.7728526786334067,8.44593492366208e-17
2019-01-07,0.015658358777488335,0.012555580803809141,1.0,0.0,0.0,30,0,0,0,False,2.816271000712568,8.44593492366208e-17
2019-01-08,0.007839953984211778,0.010776012475294472,1.0,0.0,0.0,30,0,0,0,False,2.8383504357652245,8.44593492366208e-17
2019-01-09,0.0182508750157504,0.008711048281861755,1.0,0.0,0.0,30,0,0,0,False,2.8901528148192765,8.44593492366208e-17
2019-01-10,0.006906931439272679,0.0041669349185731175,1.0,0.0,0.0,30,0,0,0,False,2.910114902160254,8.44593492366208e-17
2019-01-11,0.0020465701617333742,-0.002088413144684109,1.0,0.0,0.0,30,0,0,0,False,2.9160706564862307,8.44593492366208e-17
2019-01-14,-0.008172450572188406,-0.009404043330827894,1.0,0.0,0.0,30,0,0,0,False,2.892239213181088,8.44593492366208e-17
2019-01-15,0.010263306217269452,0.017073786216373676,1.0,0.0,0.0,30,0,0,0,False,2.92192314987956,8.44593492366208e-17
2019-01-16,-0.0012541222978228461,0.0015461364875555272,1.0,0.0,0.0,30,0,0,0,False,2.9182587009047714,8.44593492366208e-17
2019-01-17,0.014344729810740864,0.007074952941422463,1.0,0.0,0.0,30,0,0,0,False,2.960120333487094,8.44593492366208e-17
2019-01-18,0.02308228488263908,0.010271777947789884,1.0,0.0,0.0,30,0,0,0,False,3.0284466743115357,8.44593492366208e-17
2019-01-22,-0.017987604334762652,-0.019123334027270178,1.0,0.0,0.0,30,0,0,0,False,2.973972173785092,8.44593492366208e-17
2019-01-23,-0.002141369235631463,0.0007706300071597116,1.0,0.0,0.0,30,0,0,0,False,2.9676038012645245,8.44593492366208e-17
2019-01-24,0.018798810826313517,0.006787868091326477,1.0,0.0,0.0,30,0,0,0,False,3.023391223731945,8.44593492366208e-17
2019-01-25,0.020497255105165868,0.012921526381714177,1.0,0.0,0.0,30,0,0,0,False,3.0853624449274983,8.44593492366208e-17
2019-01-28,-0.013338377379776944,-0.011051116296077246,1.0,0.0,0.0,30,0,0,0,False,3.044208716283664,8.44593492366208e-17
2019-01-29,-0.007190136794035018,-0.008099462349429709,1.0,0.0,0.0,30,0,0,0,False,3.022320439183991,8.44593492366208e-17
2019-01-30,0.018962974604379346,0.022023863557138368,1.0,0.0,0.0,30,0,0,0,False,3.079632624918534,8.44593492366208e-17
2019-01-31,0.010121322589588422,0.013735068887788193,1.0,0.0,0.0,30,0,0,0,False,3.1108025801727557,8.44593492366208e-17
2019-02-01,0.0037333305661775285,-0.0024540974422569972,1.0,0.24103961396177115,0.0007528074602188357,30,0,0,0,False,3.1224162345306583,1.603535013106061e-16
2019-02-04,0.007427831067065682,0.011518639354522575,1.0,0.0,0.0,30,0,0,0,False,3.145609014841815,1.603535013106061e-16
2019-02-05,0.003464516441246346,0.007422906169956223,1.0,0.0,0.0,30,0,0,0,False,3.1565070289914674,1.603535013106061e-16
2019-02-06,0.007456688976533288,-0.0036206444185871156,1.0,0.0,0.0,30,0,0,0,False,3.1800441201588976,1.603535013106061e-16
2019-02-07,-0.015234816806755092,-0.011786630793315878,1.0,0.0,0.0,30,0,0,0,False,3.131596730550878,1.603535013106061e-16
2019-02-08,0.00580791894003907,0.0013514855714740204,1.0,0.0,0.0,30,0,0,0,False,3.149784790514809,1.603535013106061e-16
2019-02-11,0.0033747703774233972,0.0013290537028567417,1.0,0.0,0.0,30,0,0,0,False,3.1604145909210972,1.603535013106061e-16
2019-02-12,0.0201050144663959,0.014603401997884458,1.0,0.0,0.0,30,0,0,0,False,3.2239547719913744,1.603535013106061e-16
2019-02-13,0.001556953923840032,0.0007768166031865142,1.0,0.0,0.0,30,0,0,0,False,3.228974321023909,1.603535013106061e-16
2019-02-14,0.0014030937195150806,0.0008854398411597408,1.0,0.0,0.0,30,0,0,0,False,3.233504874614213,1.603535013106061e-16
2019-02-15,0.006014039793265091,0.006120951235138117,1.0,0.0,0.0,30,0,0,0,False,3.2529513016018594,1.603535013106061e-16
2019-02-19,-0.0028915886880369612,0.0019217092766132815,1.0,0.0,0.0,30,0,0,0,False,3.2435451044154124,1.603535013106061e-16
2019-02-20,0.004705878353562731,0.00030718186881650844,1.0,0.0,0.0,30,0,0,0,False,3.2588088331110856,1.603535013106061e-16
2019-02-21,-0.008421516047197541,-0.003920353366181795,1.0,0.0,0.0,30,0,0,0,False,3.2313647222282915,1.603535013106061e-16
2019-02-22,0.012188804157985178,0.009092846772863705,1.0,0.0,0.0,30,0,0,0,False,3.270751193990554,1.603535013106061e-16
2019-02-25,0.0025619196675297218,0.0035762015213469667,1.0,0.0,0.0,30,0,0,0,False,3.2791305958020347,1.603535013106061e-16
2019-02-26,-0.0007975568725547832,-0.0006830666917291284,1.0,0.0,0.0,30,0,0,0,False,3.276515302659348,1.603535013106061e-16
2019-02-27,-0.002789447033053616,0.000690130229031416,1.0,0.0,0.0,30,0,0,0,False,3.2673756367695903,1.603535013106061e-16
2019-02-28,0.0024151723409355785,-0.0029095203503475275,1.0,0.0,0.0,30,0,0,0,False,3.275266912034963,1.603535013106061e-16
2019-03-01,0.008108605028397609,0.0083398674373647,0.9999999999999999,0.36755699067583364,0.001214055006115802,30,0,0,0,False,3.301824757787234,3.5279938692678314e-16
2019-03-04,-0.002963915663815486,-0.002340945416064444,0.9999999999999999,0.0,0.0,30,0,0,0,False,3.2920384276684547,3.5279938692678314e-16
2019-03-05,-0.0052198723224105015,-0.00015966860509819547,0.9999999999999999,0.0,0.0,30,0,0,0,False,3.2748544073955563,3.5279938692678314e-16
2019-03-06,-0.012102375186062275,-0.009297340798184672,0.9999999999999999,0.0,0.0,30,0,0,0,False,3.2352208906775255,3.5279938692678314e-16
2019-03-07,-0.009740299876057179,-0.011252438225459849,0.9999999999999999,0.0,0.0,30,0,0,0,False,3.2037088690370417,3.5279938692678314e-16
2019-03-08,-0.004542436087775159,-0.0017947816197891875,0.9999999999999999,0.0,0.0,30,0,0,0,False,3.1891562262556024,3.5279938692678314e-16
2019-03-11,0.01892201049776232,0.020237198267889056,0.9999999999999999,0.0,0.0,30,0,0,0,False,3.2495014738478147,3.5279938692678314e-16
2019-03-12,0.00532216311313527,0.0043621907690307715,0.9999999999999999,0.0,0.0,30,0,0,0,False,3.266795850728006,3.5279938692678314e-16
2019-03-13,0.004810350635189975,0.006900302248846302,0.9999999999999999,0.0,0.0,30,0,0,0,False,3.282510284223591,3.5279938692678314e-16
2019-03-14,-0.004114366136788283,-0.0016353956771808509,0.9999999999999999,0.0,0.0,30,0,0,0,False,3.2690048350665224,3.5279938692678314e-16
2019-03-15,0.01705622334816015,0.007550816152966933,0.9999999999999999,0.0,0.0,30,0,0,0,False,3.3247617116596326,3.5279938692678314e-16
2019-03-18,0.0006523595822551798,0.0033751836404405378,0.9999999999999999,0.0,0.0,30,0,0,0,False,3.3269306518209487,3.5279938692678314e-16
2019-03-19,0.0011396975484656569,0.0012275876014975484,0.9999999999999999,0.0,0.0,30,0,0,0,False,3.330722346528744,3.5279938692678314e-16
2019-03-20,-0.005620517764992727,0.0006499265104014107,0.9999999999999999,0.0,0.0,30,0,0,0,False,3.312001962409821,3.5279938692678314e-16
2019-03-21,0.017057829224035315,0.01423084798541474,0.9999999999999999,0.0,0.0,30,0,0,0,False,3.3684975262742776,3.5279938692678314e-16
2019-03-22,-0.02651951008340947,-0.02504032422668312,0.9999999999999999,0.0,0.0,30,0,0,0,False,3.279166622160307,3.5279938692678314e-16
2019-03-25,9.117034362704501e-05,-0.0006712183133802396,0.9999999999999999,0.0,0.0,30,0,0,0,False,3.2794655849080594,3.5279938692678314e-16
2019-03-26,0.009933465473757064,0.007067720758254792,0.9999999999999999,0.0,0.0,30,0,0,0,False,3.3120420430681183,3.5279938692678314e-16
2019-03-27,-0.007732829354175852,-0.0062588539066401605,0.9999999999999999,0.0,0.0,30,0,0,0,False,3.2864305871352166,3.5279938692678314e-16
2019-03-28,0.006089364368672356,0.003374161737008441,0.9999999999999999,0.0,0.0,30,0,0,0,False,3.306442860452633,3.5279938692678314e-16
2019-03-29,0.012455219720037825,0.007843078297170125,0.9999999999999999,0.0,0.0,30,0,0,0,False,3.347625332771321,3.5279938692678314e-16
2019-04-01,0.012607243764265474,0.012884756042828016,0.9999999999999999,0.3190780146846279,0.0010819653498257411,30,0,0,0,False,3.3898296613729997,2.229119666630197e-16
2019-04-02,0.003602941421487982,0.002526494683768421,0.9999999999999999,0.0,0.0,30,0,0,0,False,3.402043019071749,2.229119666630197e-16
2019-04-03,0.007732802906524894,0.005970410424802175,0.9999999999999999,0.0,0.0,30,0,0,0,False,3.42835034721775,2.229119666630197e-16
2019-04-04,-0.0004199294604728676,-0.0004774841645606154,0.9999999999999999,0.0,0.0,30,0,0,0,False,3.426910681906131,2.229119666630197e-16
2019-04-05,0.006592086277514619,0.005944172441304074,0.9999999999999999,0.0,0.0,30,0,0,0,False,3.4495011727865927,2.229119666630197e-16
2019-04-08,0.0006264205738870654,0.0019134139500776026,0.9999999999999999,0.0,0.0,30,0,0,0,False,3.451662011290874,2.229119666630197e-16
2019-04-09,-0.00669059411534445,-0.005607338878727552,0.9999999999999999,0.0,0.0,30,0,0,0,False,3.428568341749973,2.229119666630197e-16
2019-04-10,0.008857218018434754,0.006948850134243623,0.9999999999999999,0.0,0.0,30,0,0,0,False,3.458935919043956,2.229119666630197e-16
2019-04-11,-0.002215804819652001,-0.0021195116641509193,0.9999999999999999,0.0,0.0,30,0,0,0,False,3.4512715921636707,2.229119666630197e-16
2019-04-12,0.0030240104194809714,0.0046305062892646465,0.9999999999999999,0.0,0.0,30,0,0,0,False,3.4617082734188327,2.229119666630197e-16
2019-04-15,-0.0026474473095527973,-0.0010208212004564343,0.9999999999999999,0.0,0.0,30,0,0,0,False,3.4525435831639135,2.229119666630197e-16
2019-04-16,0.0003781770318107558,0.00303663117364783,0.9999999999999999,0.0,0.0,30,0,0,0,False,3.4538492558483918,2.229119666630197e-16
2019-04-17,-0.005825788119489195,-0.000518722586725584,0.9999999999999999,0.0,0.0,30,0,0,0,False,3.4337278618871636,2.229119666630197e-16
2019-04-18,0.0006724609300796658,0.0002476213313571396,0.9999999999999999,0.0,0.0,30,0,0,0,False,3.436036909718809,2.229119666630197e-16
2019-04-22,-0.0024004292214152567,0.0021517592747273273,0.9999999999999999,0.0,0.0,30,0,0,0,False,3.4277889463148585,2.229119666630197e-16
2019-04-23,0.011757289531113102,0.013168589454877866,0.9999999999999999,0.0,0.0,30,0,0,0,False,3.468090453408231,2.229119666630197e-16
2019-04-24,-0.0016896008235889326,-0.0023162686112060404,0.9999999999999999,0.0,0.0,30,0,0,0,False,3.4622307649218715,2.229119666630197e-16
2019-04-25,-0.00483473625711639,0.0020575635442949824,0.9999999999999999,0.0,0.0,30,0,0,0,False,3.4454917923122,2.229119666630197e-16
2019-04-26,-0.0017473184566458855,0.0034143111093352108,0.9999999999999999,0.0,0.0,30,0,0,0,False,3.439471420911271,2.229119666630197e-16
2019-04-29,-0.002297033830586881,0.0018965678323745738,0.9999999999999999,0.0,0.0,30,0,0,0,False,3.431570838698101,2.229119666630197e-16
2019-04-30,0.002056013823081404,-0.006625960944810716,0.9999999999999999,0.0,0.0,30,0,0,0,False,3.438626195777347,2.229119666630197e-16
2019-05-01,-0.009496948917566028,-0.007169653307876334,0.9999999999999999,0.25960601225520163,0.0008844398275574644,30,0,0,0,False,3.405969738449445,5.723503268550978e-16
2019-05-02,0.004130150489258577,-0.0015988416674677097,0.9999999999999999,0.0,0.0,30,0,0,0,False,3.4200369060311018,5.723503268550978e-16
2019-05-03,0.012288290351820219,0.015830986826797178,0.9999999999999999,0.0,0.0,30,0,0,0,False,3.4620633125463525,5.723503268550978e-16
2019-05-06,-0.005272909233597356,-0.0049865262126408405,0.9999999999999999,0.0,0.0,30,0,0,0,False,3.4438081669383283,5.723503268550978e-16
2019-05-07,-0.0229576672633115,-0.019638619327883133,0.9999999999999999,0.0,0.0,30,0,0,0,False,3.3647463649230835,5.723503268550978e-16
2019-05-08,-0.0005551397986134354,-0.0025666268839499295,0.9999999999999999,0.0,0.0,30,0,0,0,False,3.362878460303675,5.723503268550978e-16
2019-05-09,-0.007342739555551536,-0.004120443444817656,0.9999999999999999,0.0,0.0,30,0,0,0,False,3.338185719612691,5.723503268550978e-16
2019-05-10,0.0004273215312839973,0.0008027340767942093,0.9999999999999999,0.0,0.0,30,0,0,0,False,3.339612198246106,5.723503268550978e-16
2019-05-13,-0.03546286365608242,-0.03409396855469371,0.9999999999999999,0.0,0.0,30,0,0,0,False,3.221179986195515,5.723503268550978e-16
2019-05-14,0.013956775484666117,0.011438468841457272,0.9999999999999999,0.0,0.0,30,0,0,0,False,3.2661372720585455,5.723503268550978e-16
2019-05-15,0.010464639659064634,0.011333610584961296,0.9999999999999999,0.0,0.0,30,0,0,0,False,3.3003162216876785,5.723503268550978e-16
2019-05-16,0.0038566055146807,0.009703201929178062,0.9999999999999999,0.0,0.0,30,0,0,0,False,3.313044239428429,5.723503268550978e-16
2019-05-17,-0.008092941107153973,-0.010353188707419858,0.9999999999999999,0.0,0.0,30,0,0,0,False,3.286231967513339,5.723503268550978e-16
2019-05-20,-0.014842603140613475,-0.014572136990285367,0.9999999999999999,0.0,0.0,30,0,0,0,False,3.2374557305915412,5.723503268550978e-16
2019-05-21,0.015756936673122945,0.010820071339249226,0.9999999999999999,0.0,0.0,30,0,0,0,False,3.2884681155205113,5.723503268550978e-16
2019-05-22,-0.003259151713585706,-0.004480047972954426,0.9999999999999999,0.0,0.0,30,0,0,0,False,3.2777504990267405,5.723503268550978e-16
2019-05-23,-0.016117928914928248,-0.01581248008764158,0.9999999999999999,0.0,0.0,30,0,0,0,False,3.224919949482557,5.723503268550978e-16
2019-05-24,-0.000528695957006664,0.0011444257721118234,0.9999999999999999,0.0,0.0,30,0,0,0,False,3.223214947343595,5.723503268550978e-16
2019-05-28,-0.006840895087171783,-0.0038836797093019237,0.9999999999999999,0.0,0.0,30,0,0,0,False,3.201165272045414,5.723503268550978e-16
2019-05-29,-0.009307018179007809,-0.007892367146347001,0.9999999999999999,0.0,0.0,30,0,0,0,False,3.1713719686644786,5.723503268550978e-16
2019-05-30,0.007712910235712966,0.002704287982018938,0.9999999999999999,0.0,0.0,30,0,0,0,False,3.195832475982844,5.723503268550978e-16
2019-05-31,-0.014334854351057857,-0.015139341436011255,0.9999999999999999,0.0,0.0,30,0,0,0,False,3.150020682909249,5.723503268550978e-16
2019-06-03,-0.008877836536479,-0.016118004013309872,0.9999999999999999,0.2665772112874344,0.0008324907221996582,30,0,0,0,False,3.122055314199853,4.938540895671473e-16
2019-06-04,0.030303051438038242,0.02646932641667421,0.9999999999999999,0.0,0.0,30,0,0,0,False,3.216663116978452,4.938540895671473e-16
2019-06-05,0.0050347974892390734,0.006424754668123311,0.9999999999999999,0.0,0.0,30,0,0,0,False,3.2328583643635427,4.938540895671473e-16
2019-06-06,0.004081063530789297,0.005289407403887392,0.9999999999999999,0.0,0.0,30,0,0,0,False,3.2460518647345538,4.938540895671473e-16
2019-06-07,0.015013805514837664,0.01661735571606404,0.9999999999999999,0.0,0.0,30,0,0,0,False,3.2947874561227546,4.938540895671473e-16
2019-06-10,0.012862674664706253,0.010471293183099029,0.9999999999999999,0.0,0.0,30,0,0,0,False,3.3371672352602166,4.938540895671473e-16
2019-06-11,0.0010458555737231645,-7.670803621429023e-05,0.9999999999999999,0.0,0.0,30,0,0,0,False,3.3406574302136596,4.938540895671473e-16
2019-06-12,-0.010494779230462492,-0.0038158304448751013,0.9999999999999999,0.0,0.0,30,0,0,0,False,3.305597967998963,4.938540895671473e-16
2019-06-13,0.004230991919360605,0.0056988700813356274,0.9999999999999999,0.0,0.0,30,0,0,0,False,3.3195839262902216,4.938540895671473e-16
2019-06-14,-0.008860575558380601,-0.005163841931470348,0.9999999999999999,0.0,0.0,30,0,0,0,False,3.2901705020889414,4.938540895671473e-16
2019-06-17,0.0006304891105743948,0.006202630197991832,0.9999999999999999,0.0,0.0,30,0,0,0,False,3.2922449187624414,4.938540895671473e-16
2019-06-18,0.02143703554847387,0.01387630624268632,0.9999999999999999,0.0,0.0,30,0,0,0,False,3.362820890120234,4.938540895671473e-16
2019-06-19,0.0068180601203153834,0.004204224909154064,0.9999999999999999,0.0,0.0,30,0,0,0,False,3.3857488051229265,4.938540895671473e-16
2019-06-20,0.011408530430263575,0.008015204299194334,0.9999999999999999,0.0,0.0,30,0,0,0,False,3.4243752233954,4.938540895671473e-16
2019-06-21,-0.006326454988403785,-0.002438078690952694,0.9999999999999999,0.0,0.0,30,0,0,0,False,3.402711067681184,4.938540895671473e-16
2019-06-24,-0.004236066631237989,-0.003238388836250272,0.9999999999999999,0.0,0.0,30,0,0,0,False,3.3882969568716352,4.938540895671473e-16
2019-06-25,-0.014633306314958516,-0.01511173251279141,0.9999999999999999,0.0,0.0,30,0,0,0,False,3.338714969615691,4.938540895671473e-16
2019-06-26,0.009429487422060179,0.0032023964528253845,0.9999999999999999,0.0,0.0,30,0,0,0,False,3.370197340427526,4.938540895671473e-16
2019-06-27,0.008676512119671687,0.007305918801059352,0.9999999999999999,0.0,0.0,30,0,0,0,False,3.39943889849743,4.938540895671473e-16
2019-06-28,0.004797378371100169,0.0048295130583631,0.9999999999999999,0.0,0.0,30,0,0,0,False,3.415747293142958,4.938540895671473e-16
2019-07-01,0.014298535210865992,0.01060672648817107,0.9999999999999999,0.05784504274893828,0.00020042080401157098,30,0,0,0,False,3.464587476085383,4.87104931043425e-16
2019-07-02,-0.0046900515505877705,0.002215949203428158,0.9999999999999999,0.0,0.0,30,0,0,0,False,3.4483383822210216,4.87104931043425e-16
2019-07-03,0.008380448121290351,0.007539711793548065,0.9999999999999999,0.0,0.0,30,0,0,0,False,3.477237003137879,4.87104931043425e-16
2019-07-05,-0.00536701529382777,-0.0010330186543096032,0.9999999999999999,0.0,0.0,30,0,0,0,False,3.4585746189617743,4.87104931043425e-16
2019-07-08,-0.0036600189254696325,-0.007769141328066498,0.9999999999999999,0.0,0.0,30,0,0,0,False,3.445916170401225,4.87104931043425e-16
2019-07-09,0.0028335383895590205,0.0053529348505865215,0.9999999999999999,0.0,0.0,30,0,0,0,False,3.455680306157259,4.87104931043425e-16
2019-07-10,0.007449797526492441,0.00746773720081606,0.9999999999999999,0.0,0.0,30,0,0,0,False,3.4814244247544184,4.87104931043425e-16
2019-07-11,0.0003084475574834933,-0.0007912558396766523,0.9999999999999999,0.0,0.0,30,0,0,0,False,3.482498261614797,4.87104931043425e-16
2019-07-12,0.012357879839061336,0.005868639001273657,0.9999999999999999,0.0,0.0,30,0,0,0,False,3.525534556671573,4.87104931043425e-16
2019-07-15,0.002126174212311982,0.0017043379517736046,0.9999999999999999,0.0,0.0,30,0,0,0,False,3.5330304573305824,4.87104931043425e-16
2019-07-16,-0.004474756311367067,-0.0042855151414283865,0.9999999999999999,0.0,0.0,30,0,0,0,False,3.5172210069933905,4.87104931043425e-16
2019-07-17,0.00014666525382800444,-0.004571411309320816,0.9999999999999999,0.0,0.0,30,0,0,0,False,3.5177368611051505,4.87104931043425e-16
2019-07-18,0.010658780769748688,0.002691464238547381,0.9999999999999999,0.0,0.0,30,0,0,0,False,3.555231647113334,4.87104931043425e-16
2019-07-19,-0.008846710623469423,-0.007402000979574108,0.9999999999999999,0.0,0.0,30,0,0,0,False,3.5237795415319217,4.87104931043425e-16
2019-07-22,0.009433608769188861,0.007076593549452781,0.9999999999999999,0.0,0.0,30,0,0,0,False,3.557021499115606,4.87104931043425e-16
2019-07-23,0.010261661906708408,0.005760604073582476,0.9999999999999999,0.0,0.0,30,0,0,0,False,3.5935224511344237,4.87104931043425e-16
2019-07-24,0.013372829763068195,0.008495479143152407,0.9999999999999999,0.0,0.0,30,0,0,0,False,3.641578015123208,4.87104931043425e-16
2019-07-25,-0.021872517216058207,-0.009969356486210335,0.9999999999999999,0.0,0.0,30,0,0,0,False,3.5619275372938066,4.87104931043425e-16
2019-07-26,0.0012891334514375519,0.0111269715265081,0.9999999999999999,0.0,0.0,30,0,0,0,False,3.5665193372337285,4.87104931043425e-16
2019-07-29,-0.0027006756568619394,-0.004427247332300155,0.9999999999999999,0.0,0.0,30,0,0,0,False,3.556887325279934,4.87104931043425e-16
2019-07-30,0.0005730813155477854,-0.002377778258217389,0.9999999999999999,0.0,0.0,30,0,0,0,False,3.5589257109475607,4.87104931043425e-16
2019-07-31,-0.017196197395082158,-0.011867914399256718,0.9999999999999999,0.0,0.0,30,0,0,0,False,3.497725721907673,4.87104931043425e-16
2019-08-01,-0.010275158114258276,-0.007865014982288532,1.0,0.3016624682561435,0.0010446060389546932,30,0,0,0,False,3.4617860370747637,1.496198998029996e-16
2019-08-02,-0.013826450107762733,-0.013197967565540036,1.0,0.0,0.0,30,0,0,0,False,3.4139218251493997,1.496198998029996e-16
2019-08-05,-0.03618093782511733,-0.034736053900979225,1.0,0.0,0.0,30,0,0,0,False,3.2904029318538583,1.496198998029996e-16
2019-08-06,0.017427332264957185,0.013879037644123127,1.0,0.0,0.0,30,0,0,0,False,3.3477458770328647,1.496198998029996e-16
2019-08-07,0.002665392607492878,0.0037736602976790046,1.0,0.0,0.0,30,0,0,0,False,3.3566689341452727,1.496198998029996e-16
2019-08-08,0.025028785443824253,0.022425780254364147,1.0,0.0,0.0,30,0,0,0,False,3.440682280703945,1.496198998029996e-16
2019-08-09,-0.016472421036289653,-0.009953788456660062,1.0,0.0,0.0,30,0,0,0,False,3.3840059135240885,1.496198998029996e-16
2019-08-12,-0.01386295929174719,-0.012027668667372704,1.0,0.0,0.0,30,0,0,0,False,3.3370935773018724,1.496198998029996e-16
2019-08-13,0.022407019264253814,0.01945081028584772,1.0,0.0,0.0,30,0,0,0,False,3.411867897375093,1.496198998029996e-16
2019-08-14,-0.03072955200516725,-0.0302406582319239,1.0,0.0,0.0,30,0,0,0,False,3.3070227253879443,1.496198998029996e-16
2019-08-15,0.003530528605704353,-0.0009415817583050545,1.0,0.0,0.0,30,0,0,0,False,3.3186982637196407,1.496198998029996e-16
2019-08-16,0.016043448957322015,0.01665719429227641,1.0,0.0,0.0,30,0,0,0,False,3.37194162991838,1.496198998029996e-16
2019-08-19,0.014086749443806612,0.013528372920219578,1.0,0.0,0.0,30,0,0,0,False,3.4194413267981814,1.496198998029996e-16
2019-08-20,-0.007662722470916372,-0.006778868837584939,1.0,0.0,0.0,30,0,0,0,False,3.393239096905345,1.496198998029996e-16
2019-08-21,0.009124783747509246,0.009014198684866193,1.0,0.0,0.0,30,0,0,0,False,3.4242016698681996,1.496198998029996e-16
2019-08-22,0.0001469619149556678,-0.003593409648874557,1.0,0.0,0.0,30,0,0,0,False,3.4247048971027976,1.496198998029996e-16
2019-08-23,-0.030479606138636983,-0.029984783248160896,1.0,0.0,0.0,30,0,0,0,False,3.320321240698043,1.496198998029996e-16
2019-08-26,0.0118879609900433,0.01315444085673323,1.0,0.0,0.0,30,0,0,0,False,3.3597930900818738,1.496198998029996e-16
2019-08-27,-0.0057626621549737855,-0.003411113599097626,1.0,0.0,0.0,30,0,0,0,False,3.3404317375931165,1.496198998029996e-16
2019-08-28,0.00876378628483332,0.0038239287634664887,1.0,0.0,0.0,30,0,0,0,False,3.3697065674404567,1.496198998029996e-16
2019-08-29,0.016004181302135878,0.01482906719752708,1.0,0.0,0.0,30,0,0,0,False,3.423635962280772,1.496198998029996e-16
2019-08-30,-0.006874621842706263,-0.0013181595115984157,1.0,0.0,0.0,30,0,0,0,False,3.400099759713002,1.496198998029996e-16
2019-09-03,-0.011888094505460467,-0.011141659941398818,1.0000000000000002,0.1904799011525466,0.0006400732549036704,30,0,0,0,False,3.3596790524415403,-4.4202922572234016e-16
2019-09-04,0.012891298149824815,0.013045162581274417,1.0000000000000002,0.0,0.0,30,0,0,0,False,3.4029896767942853,-4.4202922572234016e-16
2019-09-05,0.02315246371787838,0.01754447876293086,1.0000000000000002,0.0,0.0,30,0,0,0,False,3.4817772718185798,-4.4202922572234016e-16
2019-09-06,0.0004921103203661126,-0.0016952800330266582,1.0000000000000002,0.0,0.0,30,0,0,0,False,3.483490690347258,-4.4202922572234016e-16
2019-09-09,-0.005779488049404979,-0.0019288862598715317,1.0000000000000002,0.0,0.0,30,0,0,0,False,3.463357897532182,-4.4202922572234016e-16
2019-09-10,0.002447817161778554,-0.000405530061497017,1.0000000000000002,0.0,0.0,30,0,0,0,False,3.4718355644311427,-4.4202922572234016e-16
2019-09-11,0.009610199989474655,0.010578711688568498,1.0000000000000002,0.0,0.0,30,0,0,0,False,3.5052005985358967,-4.4202922572234016e-16
2019-09-12,0.000197700448289595,0.003034329299695271,1.0000000000000002,0.0,0.0,30,0,0,0,False,3.5058935782655722,-4.4202922572234016e-16
2019-09-13,-0.0013553577111369286,-0.0021672787441021635,1.0000000000000002,0.0,0.0,30,0,0,0,False,3.5011418383698447,-4.4202922572234016e-16
2019-09-16,-0.0038346117434334692,-0.0028336580360560637,1.0000000000000002,0.0,0.0,30,0,0,0,False,3.4877163187610054,-4.4202922572234016e-16
2019-09-17,0.00524037253562204,0.003983545797285659,1.0000000000000002,0.0,0.0,30,0,0,0,False,3.505993251569881,-4.4202922572234016e-16
2019-09-18,-0.0020120843904016805,-0.0010542241528851415,1.0000000000000002,0.0,0.0,30,0,0,0,False,3.4989388972755435,-4.4202922572234016e-16
2019-09-19,-0.000363200223234883,0.0006713388908767826,1.0000000000000002,0.0,0.0,30,0,0,0,False,3.497668081886968,-4.4202922572234016e-16
2019-09-20,-0.007089755723386659,-0.007969076999407076,1.0000000000000002,0.0,0.0,30,0,0,0,False,3.472870469584903,-4.4202922572234016e-16
2019-09-23,0.005047311888439099,-0.0006417974694929995,1.0000000000000002,0.0,0.0,30,0,0,0,False,3.490399129993048,-4.4202922572234016e-16
2019-09-24,-0.009184546120460713,-0.014647850343792124,1.0000000000000002,0.0,0.0,30,0,0,0,False,3.458341398204811,-4.4202922572234016e-16
2019-09-25,0.007993133937769237,0.010477092515879471,1.0000000000000002,0.0,0.0,30,0,0,0,False,3.4859843842031943,-4.4202922572234016e-16
2019-09-26,-0.005184210071547901,-0.005784016671049441,1.0000000000000002,0.0,0.0,30,0,0,0,False,3.4679123088493493,-4.4202922572234016e-16
2019-09-27,-0.017082407840983915,-0.011335344508786482,1.0000000000000002,0.0,0.0,30,0,0,0,False,3.4086720164328166,-4.4202922572234016e-16
2019-09-30,0.010445103897813501,0.007520489084761994,1.0000000000000002,0.0,0.0,30,0,0,0,False,3.4442759497980266,-4.4202922572234016e-16
2019-10-01,-0.005992974113029792,-0.011333385287620845,1.0,0.23349476612738024,0.0007995874347747556,30,0,0,0,False,3.423634493192756,6.21247844834194e-17
2019-10-02,-0.016058553338999415,-0.015606927689401306,1.0,0.0,0.0,30,0,0,0,False,3.368655876070582,6.21247844834194e-17
2019-10-03,0.013349844534966016,0.011177547284929812,1.0,0.0,0.0,30,0,0,0,False,3.413626908307924,6.21247844834194e-17
2019-10-04,0.013120464845126634,0.013998529013867556,1.0,0.0,0.0,30,0,0,0,False,3.4584152801527566,6.21247844834194e-17
2019-10-07,-0.00491026130972072,-0.0032797115860200288,1.0,0.0,0.0,30,0,0,0,False,3.4414335574096757,6.21247844834194e-17
2019-10-08,-0.016603942024270957,-0.016654772513319593,1.0,0.0,0.0,30,0,0,0,False,3.384292194142065,6.21247844834194e-17
2019-10-09,0.012339977931432156,0.010220175163927703,1.0,0.0,0.0,30,0,0,0,False,3.4260542851312965,6.21247844834194e-17
2019-10-10,0.010705259712009196,0.005951562021231371,1.0,0.0,0.0,30,0,0,0,False,3.462731086041069,6.21247844834194e-17
2019-10-11,0.014679114989385456,0.013364751970617927,1.0,0.0,0.0,30,0,0,0,False,3.5135609138303856,6.21247844834194e-17
2019-10-14,0.0007254251025123892,-0.0010413377617586317,1.0,0.0,0.0,30,0,0,0,False,3.5161097391164846,6.21247844834194e-17
2019-10-15,0.013048973610988224,0.012431911096046022,1.0,0.0,0.0,30,0,0,0,False,3.5619913623155544,6.21247844834194e-17
2019-10-16,-0.005417736411127416,-0.003010267882891937,1.0,0.0,0.0,30,0,0,0,False,3.542693432015816,6.21247844834194e-17
2019-10-17,0.0036708864651437967,0.004021316513880269,1.0,0.0,0.0,30,0,0,0,False,3.5556982573855564,6.21247844834194e-17
2019-10-18,-0.005947332898733837,-0.008251972167540478,1.0,0.0,0.0,30,0,0,0,False,3.534551336161437,6.21247844834194e-17
2019-10-21,0.006571939991973252,0.009079651006114187,1.0,0.0,0.0,30,0,0,0,False,3.5577801954412385,6.21247844834194e-17
2019-10-22,0.004413347224302644,-0.0071898163004042726,1.0,0.0,0.0,30,0,0,0,False,3.573481914791468,6.21247844834194e-17
2019-10-23,-1.2342664450937235e-05,0.0019113557472294485,1.0,0.0,0.0,30,0,0,0,False,3.573437808503272,6.21247844834194e-17
2019-10-24,0.024100072466456846,0.00812949595987078,1.0,0.0,0.0,30,0,0,0,False,3.659557918642578,6.21247844834194e-17
2019-10-25,0.007810496558507518,0.007002406777649295,1.0,0.0,0.0,30,0,0,0,False,3.688140883171795,6.21247844834194e-17
2019-10-28,0.008762806010232271,0.010053244280645579,1.0,0.0,0.0,30,0,0,0,False,3.720459346269436,6.21247844834194e-17
2019-10-29,-0.0055233747664981125,-0.005902072764870758,1.0,0.0,0.0,30,0,0,0,False,3.6999098549964695,6.21247844834194e-17
2019-10-30,0.0021449957843073797,0.0032779259393573845,1.0,0.0,0.0,30,0,0,0,False,3.7078461460377543,6.21247844834194e-17
2019-10-31,-0.0046497469287175575,-0.0013993409546181335,1.0,0.0,0.0,30,0,0,0,False,3.690605599808058,6.21247844834194e-17
2019-11-01,0.009959777509308987,0.011340558714741933,1.0,0.27367057444033005,0.0010203488704149492,30,0,0,0,False,3.7273632104567564,-1.491862189340054e-16
2019-11-04,0.004804678726092471,0.0055804394934444446,1.0,0.0,0.0,30,0,0,0,False,3.7452719931784575,-1.491862189340054e-16
2019-11-05,0.0029765852324654674,0.00017543755216453683,1.0,0.0,0.0,30,0,0,0,False,3.7564201144849187,-1.491862189340054e-16
2019-11-06,-0.0025823135075491166,-0.002851299735780244,1.0,0.0,0.0,30,0,0,0,False,3.746719860083255,-1.491862189340054e-16
2019-11-07,6.120940489484639e-05,0.0028404055681965357,1.0,0.0,0.0,30,0,0,0,False,3.746949194576198,-1.491862189340054e-16
2019-11-08,0.004811158665462667,0.004836090544339866,1.0,0.0,0.0,30,0,0,0,False,3.7649763616627316,-1.491862189340054e-16
2019-11-11,8.214617511126399e-05,-0.001301344790991532,1.0,0.0,0.0,30,0,0,0,False,3.7652856400702266,-1.491862189340054e-16
2019-11-12,0.0027235867391213198,0.002576651437216526,1.0,0.0,0.0,30,0,0,0,False,3.775540722108526,-1.491862189340054e-16
2019-11-13,0.0005677684708378372,-0.00047020478147663525,1.0,0.0,0.0,30,0,0,0,False,3.777684355090904,-1.491862189340054e-16
2019-11-14,0.0008902508450421287,-0.00036312943083094407,1.0,0.0,0.0,30,0,0,0,False,3.781047441780326,-1.491862189340054e-16
2019-11-15,0.011184523635557442,0.0072898287355041,1.0,0.0,0.0,30,0,0,0,False,3.823336656260082,-1.491862189340054e-16
2019-11-18,0.0015655496811877168,0.0010666761770614652,1.0,0.0,0.0,30,0,0,0,False,3.8293222797433635,-1.491862189340054e-16
2019-11-19,-0.0014218441185672726,0.002423385313890636,1.0,0.0,0.0,30,0,0,0,False,3.823877580381812,-1.491862189340054e-16
2019-11-20,-0.005354455919123202,-0.005125591141741936,1.0,0.0,0.0,30,0,0,0,False,3.803402796437534,-1.491862189340054e-16
2019-11-21,-0.003513450467575896,-0.0024066082538906075,1.0,0.0,0.0,30,0,0,0,False,3.790039729104011,-1.491862189340054e-16
2019-11-22,0.0028684346483662804,0.001607049437998942,1.0,0.0,0.0,30,0,0,0,False,3.8009112103816576,-1.491862189340054e-16
2019-11-25,0.012526723035612308,0.013217357676603037,1.0,0.0,0.0,30,0,0,0,False,3.8485241723970627,-1.491862189340054e-16
2019-11-26,0.0017490414731795578,0.0017885337419787373,1.0,0.0,0.0,30,0,0,0,False,3.855255400785119,-1.491862189340054e-16
2019-11-27,0.007417164340768556,0.006618948347834053,1.0,0.0,0.0,30,0,0,0,False,3.883850463668378,-1.491862189340054e-16
2019-11-29,-0.005303575737484745,-0.004560531322886807,1.0,0.0,0.0,30,0,0,0,False,3.8632521685812478,-1.491862189340054e-16
2019-12-02,-0.00909101196161255,-0.0112491882580813,0.9999999999999999,0.2319777682048419,0.0008882474083027411,30,0,0,0,False,3.82813129690595,6.586528197849439e-16
2019-12-03,-0.006773835343901413,-0.005526453566671918,0.9999999999999999,0.0,0.0,30,0,0,0,False,3.8022001658258735,6.586528197849439e-16
2019-12-04,0.009050874122028763,0.005402211824567793,0.9999999999999999,0.0,0.0,30,0,0,0,False,3.8366134009135204,6.586528197849439e-16
2019-12-05,0.001947430275403006,0.00047046285745167005,0.9999999999999999,0.0,0.0,30,0,0,0,False,3.844084938005476,6.586528197849439e-16
2019-12-06,0.01403800393649024,0.010014362653823827,0.9999999999999999,0.0,0.0,30,0,0,0,False,3.8980482174973994,6.586528197849439e-16
2019-12-09,-0.005007209990338435,-0.004008557562606985,0.9999999999999999,0.0,0.0,30,0,0,0,False,3.8785298715199255,6.586528197849439e-16
2019-12-10,0.000776325967175362,-0.0006553597014163914,0.9999999999999999,0.0,0.0,30,0,0,0,False,3.8815408749736515,6.586528197849439e-16
2019-12-11,0.010596409408396346,0.004395230986187437,0.9999999999999999,0.0,0.0,30,0,0,0,False,3.922671271220297,6.586528197849439e-16
2019-12-12,0.008570417645605843,0.007311085730058897,0.9999999999999999,0.0,0.0,30,0,0,0,False,3.956290202301075,6.586528197849439e-16
2019-12-13,0.0012070326324411518,0.002014334611520452,0.9999999999999999,0.0,0.0,30,0,0,0,False,3.9610655736786593,6.586528197849439e-16
2019-12-16,0.007011204155267015,0.009084337839607715,0.9999999999999999,0.0,0.0,30,0,0,0,False,3.98883741308812,6.586528197849439e-16
2019-12-17,-0.0007228273859024581,0.0010358136198049817,0.9999999999999999,0.0,0.0,30,0,0,0,False,3.9859541721680274,6.586528197849439e-16
2019-12-18,0.0014866184972242014,0.0004952874870667312,0.9999999999999999,0.0,0.0,30,0,0,0,False,3.99187976536946,6.586528197849439e-16
2019-12-19,0.005700538368812458,0.006738900785428381,0.9999999999999998,0.0,0.0,30,0,0,0,False,4.014635629135635,6.586528197849439e-16
2019-12-20,0.007860744709035528,0.004246581188940279,0.9999999999999998,0.0,0.0,30,0,0,0,False,4.046193654916069,6.586528197849439e-16
2019-12-23,-4.8226927060079916e-05,0.0023182624908124616,0.9999999999999998,0.0,0.0,30,0,0,0,False,4.045998519429802,6.586528197849439e-16
2019-12-24,0.0019153848983177735,0.0008081581189445242,0.9999999999999998,0.0,0.0,30,0,0,0,False,4.053748163892534,6.586528197849439e-16
2019-12-26,0.003344403775446869,0.007763948670862941,0.9999999999999998,0.0,0.0,30,0,0,0,False,4.067305534556567,6.586528197849439e-16
2019-12-27,-0.0012896947507395895,-0.0017478185601739193,0.9999999999999998,0.0,0.0,30,0,0,0,False,4.062059951958996,6.586528197849439e-16
2019-12-30,-0.0067948408692278806,-0.0067317039385285105,0.9999999999999998,0.0,0.0,30,0,0,0,False,4.034458900984171,6.586528197849439e-16
2019-12-31,0.0023844709952147713,0.002974449938476287,0.9999999999999998,0.0,0.0,30,0,0,0,False,4.044078951214954,6.586528197849439e-16
