Symbol,Name,Last Sale,Net Change,% Change,Market Cap,Country,IPO Year,Volume,Sector,Industry
AAL,American Airlines Group Inc. Common Stock,$11.86,0.10,0.85%,7821816364.00,United States,,47090967,Consumer Discretionary,Air Freight/Delivery Services
AAOI,Applied Optoelectronics Inc. Common Stock,$18.69,-0.18,-0.954%,1038123976.00,United States,2013,3100285,Technology,Semiconductors
AAON,AAON Inc. Common Stock,$106.87,2.76,2.651%,8695599168.00,United States,,443987,Industrials,Industrial Machinery/Components
AAPG,Ascentage Pharma Group International American Depository Shares,$22.65,0.095,0.421%,1972059509.00,China,2025,4835,Health Care,Biotechnology: Pharmaceutical Preparations
AAPL,Apple Inc. Common Stock,$211.26,-0.19,-0.09%,3155342600760.00,United States,1980,54737850,Technology,Computer Manufacturing
ABCL,AbCellera Biologics Inc. Common Shares,$2.03,0.01,0.495%,598171030.00,Canada,2020,3386920,Health Care,Pharmaceuticals and Biotechnology
ABL,Abacus Global Management Inc. Class A Common Stock,$8.91,-0.05,-0.558%,862960577.00,United States,2020,312753,Finance,Investment Managers
ABLLL,Abacus Global Management Inc. 9.875% Fixed Rate Senior Notes due 2028,$25.4401,-0.0299,-0.117%,1899137733.00,United States,,4191,Finance,Investment Managers
ABNB,Airbnb Inc. Class A Common Stock,$138.00,1.21,0.885%,86444960190.00,United States,2020,3690187,Finance,Diversified Commercial Services
ABSI,Absci Corporation Common Stock,$2.88,-0.08,-2.703%,367370934.00,United States,2021,2940739,Health Care,Biotechnology: Commercial Physical & Biological Resarch
ABUS,Arbutus Biopharma Corporation Common Stock,$3.08,-0.04,-1.282%,589758979.00,Canada,,1052601,Health Care,Biotechnology: Pharmaceutical Preparations
ABVX,Abivax SA American Depositary Shares,$6.01,0.02,0.334%,380933591.00,France,2023,120156,Health Care,Biotechnology: Pharmaceutical Preparations
ACAD,ACADIA Pharmaceuticals Inc. Common Stock,$22.26,4.66,26.477%,3725474803.00,United States,1985,17859352,Health Care,Biotechnology: Pharmaceutical Preparations
ACDC,ProFrac Holding Corp. Class A Common Stock,$6.13,-0.15,-2.389%,981893788.00,United States,2022,1208186,Energy,Oilfield Services/Equipment
ACGL,Arch Capital Group Ltd. Common Stock,$94.59,1.05,1.123%,35448030520.00,Bermuda,,1113307,Finance,Property-Casualty Insurers
ACGLN,Arch Capital Group Ltd. Depositary Shares each Representing a 1/1000th Interest in a 4.550% Non-Cumulative Preferred Share Series G,$16.94,0.03,0.177%,6348341654.00,Bermuda,,52728,Finance,Property-Casualty Insurers
ACGLO,Arch Capital Group Ltd. Depositary Shares Each Representing 1/1000th Interest in a Share of 5.45% Non-Cumulative Preferred Shares Series F,$20.56,0.02,0.097%,7704953034.00,Bermuda,,16315,Finance,Property-Casualty Insurers
ACHC,Acadia Healthcare Company Inc. Common Stock,$26.15,0.51,1.989%,2408994562.00,United States,,2122382,Health Care,Medical Specialities
ACIC,American Coastal Insurance Corporation Common Stock,$11.06,0.06,0.545%,534788737.00,United States,,438238,Finance,Property-Casualty Insurers
ACIW,ACI Worldwide Inc. Common Stock,$48.87,0.10,0.205%,5126445651.00,United States,,734557,Technology,Computer Software: Prepackaged Software
ACLS,Axcelis Technologies Inc. Common Stock,$61.58,-1.09,-1.739%,1978536950.00,United States,2000,396015,Technology,Industrial Machinery/Components
ACLX,Arcellx Inc. Common Stock,$58.78,0.33,0.565%,3239172002.00,United States,2022,627244,Health Care,Biotechnology: Biological Products (No Diagnostic Substances)
ACMR,ACM Research Inc. Class A Common Stock,$23.73,-0.60,-2.466%,1515504680.00,United States,2017,1087155,Technology,Industrial Machinery/Components
ACNB,ACNB Corporation Common Stock,$44.00,-0.17,-0.385%,460842184.00,United States,,20395,Finance,Major Banks
ACT,Enact Holdings Inc. Common Stock,$36.67,0.43,1.187%,5502930268.00,United States,2021,720179,Finance,Specialty Insurers
ACTG,Acacia Research Corporation (Acacia Tech) Common Stock,$3.72,0.01,0.27%,357758731.00,United States,,216075,Miscellaneous,Multi-Sector Companies
ADAP,Adaptimmune Therapeutics plc American Depositary Shares,$0.2779,0.0132,4.987%,441947023.00,United Kingdom,2015,427434,Health Care,Biotechnology: Biological Products (No Diagnostic Substances)
ADBE,Adobe Inc. Common Stock,$417.125,12.435,3.073%,177945525000.00,United States,1986,5391532,Technology,Computer Software: Prepackaged Software
ADEA,Adeia Inc. Common Stock,$13.58,-0.17,-1.236%,1473427990.00,United States,2003,562079,Technology,Computer Software: Prepackaged Software
ADI,Analog Devices Inc. Common Stock,$227.11,-0.01,-0.004%,112641219054.00,United States,,3618204,Technology,Semiconductors
ADMA,ADMA Biologics Inc Common Stock,$19.69,0.49,2.552%,4700677304.00,United States,,2530882,Health Care,Biotechnology: Biological Products (No Diagnostic Substances)
ADP,Automatic Data Processing Inc. Common Stock,$319.37,3.52,1.114%,129639548348.00,United States,,1489162,Technology,EDP Services
ADPT,Adaptive Biotechnologies Corporation Common Stock,$9.05,0.14,1.571%,1374846334.00,United States,2019,964173,Health Care,Biotechnology: Biological Products (No Diagnostic Substances)
ADSE,ADS-TEC ENERGY PLC Ordinary Shares,$12.29,0.21,1.738%,673987496.00,Ireland,,110097,Consumer Discretionary,Industrial Specialties
ADSK,Autodesk Inc. Common Stock,$298.08,2.30,0.778%,64087200000.00,United States,,1901746,Technology,Computer Software: Prepackaged Software
ADTN,ADTRAN Holdings Inc. Common Stock,$8.13,-0.06,-0.733%,649262068.00,United States,1994,530261,Utilities,Telecommunications Equipment
ADUS,Addus HomeCare Corporation Common Stock,$111.63,1.73,1.574%,2053895887.00,United States,2009,158285,Health Care,Medical/Nursing Services
ADV,Advantage Solutions Inc. Class A Common Stock,$1.26,0.17,15.596%,408633120.00,United States,2019,1417532,Consumer Discretionary,Business Services
AEIS,Advanced Energy Industries Inc. Common Stock,$118.15,-0.61,-0.514%,4448983620.00,United States,1995,325438,Technology,Industrial Machinery/Components
AEP,American Electric Power Company Inc. Common Stock,$103.04,1.43,1.407%,55043455479.00,United States,,2868876,Utilities,Electric Utilities: Central
AEVA,Aeva Technologies Inc. Common Stock,$18.44,1.41,8.28%,1008920407.00,United States,,4127962,Consumer Discretionary,Auto Parts:O.E.M.
AFRM,Affirm Holdings Inc. Class A Common Stock,$52.57,0.82,1.585%,16959079845.00,United States,2021,6078689,Finance,Finance: Consumer Services
AFYA,Afya Limited Class A Common Shares,$19.49,0.14,0.724%,1761678043.00,Brazil,2019,74026,Real Estate,Other Consumer Services
AGIO,Agios Pharmaceuticals Inc. Common Stock,$29.18,0.92,3.255%,1689965507.00,United States,2013,772781,Health Care,Biotechnology: Pharmaceutical Preparations
AGNC,AGNC Investment Corp. Common Stock,$9.18,0.10,1.101%,9367046227.00,United States,2008,13987225,Real Estate,Real Estate Investment Trusts
AGNCL,AGNC Investment Corp. Depositary Shares Each Representing a 1/1000th Interest in a Share of 7.75% Series G Fixed-Rate Reset Cumulative Redeemable Preferred Stock,$25.33,0.13,0.516%,25846109034.00,United States,,3414,Real Estate,Real Estate Investment Trusts
AGNCM,AGNC Investment Corp. Depositary Shares rep 6.875% Series D Fixed-to-Floating Cumulative Redeemable Preferred Stock,$24.50,0.05,0.204%,24999197447.00,United States,,13010,Real Estate,Real Estate Investment Trusts
AGNCN,AGNC Investment Corp. Depositary Shares Each Representing a 1/1000th Interest in a Share of 7.00% Series C Fixed-To-Floating Rate Cumulative Redeemable Preferred Stock,$25.67,0.05,0.195%,26193036672.00,United States,,7438,Real Estate,Real Estate Investment Trusts
AGNCO,AGNC Investment Corp. Depositary Shares each representing a 1/1000th interest in a share of 6.50% Series E Fixed-to-Floating Cumulative Redeemable Preferred Stock,$25.47,0.06,0.236%,25988961591.00,United States,,10470,Real Estate,Real Estate Investment Trusts
AGNCP,AGNC Investment Corp. Depositary Shares Each Representing a 1/1000th Interest in a Share of 6.125% Series F Fixed-to-Floating Rate Cumulative Redeemable Preferred Stock,$25.02,0.04,0.16%,25529792658.00,United States,,14375,Real Estate,Real Estate Investment Trusts
AGYS,Agilysys Inc. Common Stock (DE),$86.00,3.28,3.965%,2404902968.00,United States,,311064,Technology,EDP Services
AHCO,AdaptHealth Corp. Common Stock,$9.02,-0.02,-0.221%,1217230067.00,United States,2018,925548,Health Care,Medical/Nursing Services
AHG,Akso Health Group ADS,$1.57,0.005,0.319%,378158165.00,China,2017,15876,Consumer Discretionary,Business Services
AIOT,PowerFleet Inc. Common Stock,$5.97,0.10,1.704%,791080778.00,United States,,1333236,Telecommunications,Telecommunications Equipment
AIP,Arteris Inc. Common Stock,$7.50,-0.11,-1.445%,314832960.00,United States,2021,319157,Technology,Semiconductors
AKAM,Akamai Technologies Inc. Common Stock,$78.03,1.52,1.987%,11408483363.00,United States,1999,3469649,Consumer Discretionary,Business Services
AKBA,Akebia Therapeutics Inc. Common Stock,$2.61,0.07,2.756%,685479532.00,United States,2014,3592106,Health Care,Biotechnology: Pharmaceutical Preparations
AKRO,Akero Therapeutics Inc. Common Stock,$38.87,-1.09,-2.728%,3098621946.00,United States,2019,1307838,Health Care,Biotechnology: Pharmaceutical Preparations
ALAB,Astera Labs Inc. Common Stock,$90.56,-1.63,-1.768%,14934866676.00,United States,2024,3859305,Technology,Semiconductors
ALGM,Allegro MicroSystems Inc. Common Stock,$27.51,0.49,1.813%,5065279630.00,United States,2020,2214867,Technology,Semiconductors
ALGN,Align Technology Inc. Common Stock,$188.29,1.57,0.841%,13648170712.00,United States,2001,758013,Health Care,Industrial Specialties
ALGT,Allegiant Travel Company Common Stock,$56.13,0.87,1.574%,1024638781.00,United States,2006,357670,Consumer Discretionary,Air Freight/Delivery Services
ALHC,Alignment Healthcare Inc. Common Stock,$15.78,0.88,5.906%,3121968095.00,United States,2021,2740467,Health Care,Medical Specialities
ALKS,Alkermes plc Ordinary Shares,$31.42,0.21,0.673%,5181198375.00,Ireland,1991,992691,Health Care,Biotechnology: Pharmaceutical Preparations
ALKT,Alkami Technology Inc. Common Stock,$30.89,0.40,1.312%,3182287059.00,United States,2021,809652,Technology,Computer Software: Prepackaged Software
ALLT,Allot Ltd. Ordinary Shares,$8.26,0.20,2.481%,327862644.00,Israel,2006,523418,Telecommunications,Computer Communications Equipment
ALMS,Alumis Inc. Common Stock,$5.62,0.27,5.047%,305769178.00,United States,2024,682580,Health Care,Biotechnology: Pharmaceutical Preparations
ALNT,Allient Inc. Common Stock,$32.20,-0.57,-1.739%,545110129.00,United States,,176095,Industrials,Electrical Products
ALNY,Alnylam Pharmaceuticals Inc. Common Stock,$285.31,1.91,0.674%,37201112407.00,United States,2004,1193506,Health Care,Biotechnology: Pharmaceutical Preparations
ALRM,Alarm.com Holdings Inc. Common Stock,$59.64,0.93,1.584%,2966613417.00,United States,2015,534328,Technology,Computer Software: Prepackaged Software
ALRS,Alerus Financial Corporation Common Stock,$22.00,-0.25,-1.124%,558044564.00,United States,2019,90849,Finance,Major Banks
ALT,Altimmune Inc. Common Stock,$5.58,-0.20,-3.46%,452576909.00,United States,,2140858,Health Care,Biotechnology: Pharmaceutical Preparations
ALTI,AlTi Global Inc. Class A Common Stock,$3.44,-0.05,-1.433%,498744650.00,United States,2021,132492,Finance,Investment Managers
ALVO,Alvotech Ordinary Shares,$10.46,0.00,0.00%,3156887381.00,Luxembourg,,154464,Health Care,Biotechnology: Biological Products (No Diagnostic Substances)
ALVOW,Alvotech Warrant,$1.96,0.00,0.00%,591539127.00,Luxembourg,,52,Health Care,Biotechnology: Biological Products (No Diagnostic Substances)
AMAL,Amalgamated Financial Corp. Common Stock (DE),$30.62,-0.30,-0.97%,936657533.00,United States,2018,147209,Finance,Major Banks
AMAT,Applied Materials Inc. Common Stock,$165.57,-9.18,-5.253%,134515831369.00,United States,1972,16540365,Technology,Semiconductors
AMBA,Ambarella Inc. Ordinary Shares,$63.51,0.89,1.421%,2695199909.00,United States,2012,653458,Technology,Semiconductors
AMBR,Amber International Holding Limited American Depositary Shares,$10.53,-0.38,-3.483%,959681782.00,Hong Kong,2017,109383,Finance,Finance: Consumer Services
AMD,Advanced Micro Devices Inc. Common Stock,$117.17,2.18,1.896%,189979929528.00,United States,,43419695,Technology,Semiconductors
AMED,Amedisys Inc Common Stock,$94.62,0.90,0.96%,3105394148.00,United States,,440407,Health Care,Medical/Nursing Services
AMGN,Amgen Inc. Common Stock,$272.41,3.10,1.151%,146476523604.00,United States,1983,2589330,Health Care,Biotechnology: Biological Products (No Diagnostic Substances)
AMKR,Amkor Technology Inc. Common Stock,$19.73,-0.19,-0.954%,4874420562.00,United States,1998,1799094,Technology,Semiconductors
AMLX,Amylyx Pharmaceuticals Inc. Common Stock,$4.84,0.32,7.08%,431442861.00,United States,2022,799509,Health Care,Biotechnology: Pharmaceutical Preparations
AMPH,Amphastar Pharmaceuticals Inc. Common Stock,$24.86,0.54,2.22%,1171877653.00,United States,2014,510675,Health Care,Biotechnology: Pharmaceutical Preparations
AMPL,Amplitude Inc. Class A Common Stock,$12.19,0.05,0.412%,1595532388.00,United States,,1954227,Technology,Computer Software: Prepackaged Software
AMRK,A-Mark Precious Metals Inc. Common Stock,$21.43,0.25,1.18%,527708092.00,United States,,209086,Industrials,Other Specialty Stores
AMRX,Amneal Pharmaceuticals Inc. Class A Common Stock,$7.60,0.10,1.333%,2381988952.00,United States,,1285254,Health Care,Biotechnology: Pharmaceutical Preparations
AMSC,American Superconductor Corporation Common Stock,$24.02,0.50,2.126%,947822787.00,United States,1991,399497,Consumer Discretionary,Metal Fabrications
AMSF,AMERISAFE Inc. Common Stock,$47.95,0.43,0.905%,913462604.00,United States,2005,99604,Finance,Property-Casualty Insurers
AMWD,American Woodmark Corporation Common Stock,$61.55,1.04,1.719%,913073631.00,United States,1986,118698,Basic Materials,Forest Products
AMZN,Amazon.com Inc. Common Stock,$205.59,0.42,0.205%,2182615891355.00,United States,1997,43318478,Consumer Discretionary,Catalog/Specialty Distribution
ANAB,AnaptysBio Inc. Common Stock,$20.22,-0.18,-0.882%,594073629.00,United States,2017,355554,Health Care,Biotechnology: Pharmaceutical Preparations
ANDE,Andersons Inc. (The) Common Stock,$36.07,0.63,1.778%,1233154162.00,United States,,222013,Industrials,Farming/Seeds/Milling
ANGI,Angi Inc. Class A Common Stock,$16.38,0.03,0.183%,786026290.00,United States,,928525,Consumer Discretionary,Advertising
ANGO,AngioDynamics Inc. Common Stock,$9.40,0.23,2.508%,381705668.00,United States,2004,211196,Health Care,Medical/Dental Instruments
ANIP,ANI Pharmaceuticals Inc.,$59.99,0.46,0.773%,1261593839.00,United States,,372976,Health Care,Biotechnology: Pharmaceutical Preparations
ANNA,AleAnna Inc. Class A Common Stock,$10.00,-0.51,-4.853%,665788550.00,United States,,8107,Energy,Oil & Gas Production
ANSS,ANSYS Inc. Common Stock,$346.63,3.11,0.905%,30474372648.00,United States,1996,698890,Technology,Computer Software: Prepackaged Software
AOSL,Alpha and Omega Semiconductor Limited Common Shares,$23.14,-0.32,-1.364%,688646284.00,Bermuda,2010,269295,Technology,Semiconductors
APA,APA Corporation Common Stock,$17.59,-0.17,-0.957%,6347265661.00,United States,,6012638,Energy,Oil & Gas Production
APEI,American Public Education Inc. Common Stock,$27.85,0.05,0.18%,502404698.00,United States,2007,442355,Real Estate,Other Consumer Services
APGE,Apogee Therapeutics Inc. Common Stock,$40.62,-0.02,-0.049%,2418273436.00,United States,2023,444797,Health Care,Biotechnology: Biological Products (No Diagnostic Substances)
API,Agora Inc. American Depositary Shares,$3.50,0.04,1.156%,327287594.00,China,2020,476540,Technology,Computer Software: Prepackaged Software
APLD,Applied Digital Corporation Common Stock,$6.83,1.24,22.182%,1534821980.00,United States,2022,74883576,Finance,Finance: Consumer Services
APLS,Apellis Pharmaceuticals Inc. Common Stock,$17.45,1.09,6.663%,2193155437.00,United States,2017,5275591,Health Care,Biotechnology: Pharmaceutical Preparations
APOG,Apogee Enterprises Inc. Common Stock,$41.38,0.41,1.001%,886330220.00,United States,,139386,Consumer Discretionary,Auto Parts:O.E.M.
APP,Applovin Corporation Class A Common Stock,$362.34,-4.27,-1.165%,122611094852.00,United States,2021,4740227,Technology,Computer Software: Programming Data Processing
APPF,AppFolio Inc. Class A Common Stock,$218.91,6.48,3.05%,7887030896.00,United States,2015,263350,Technology,Computer Software: Prepackaged Software
APPN,Appian Corporation Class A Common Stock,$32.54,-0.59,-1.781%,2415384587.00,United States,2017,728684,Technology,Computer Software: Prepackaged Software
APPS,Digital Turbine Inc. Common Stock,$4.62,0.16,3.587%,485131458.00,United States,,1823389,Miscellaneous,Multi-Sector Companies
ARBKL,Argo Blockchain plc 8.75% Senior Notes due 2026,$6.57,0.00,0.00%,4180819500.00,United Kingdom,,640,Finance,Finance: Consumer Services
ARCB,ArcBest Corporation Common Stock,$66.93,-0.86,-1.269%,1533456856.00,United States,,315619,Industrials,Trucking Freight/Courier Services
ARCC,Ares Capital Corporation Common Stock,$21.91,0.24,1.108%,15109843101.00,United States,2004,2434353,Finance,Finance: Consumer Services
ARCT,Arcturus Therapeutics Holdings Inc. Common Stock,$11.65,0.01,0.086%,315955025.00,Israel,2013,335780,Health Care,Biotechnology: Pharmaceutical Preparations
ARDX,Ardelyx Inc. Common Stock,$3.88,0.50,14.793%,928310223.00,United States,2014,10688292,Health Care,Biotechnology: Pharmaceutical Preparations
ARGX,argenx SE American Depositary Shares,$565.63,3.88,0.691%,34498258445.00,Netherlands,2017,433482,Health Care,Biotechnology: Biological Products (No Diagnostic Substances)
ARHS,Arhaus Inc. Class A Common Stock,$8.66,0.28,3.341%,1220486033.00,United States,2021,1946577,Consumer Discretionary,Other Specialty Stores
ARKO,ARKO Corp. Common Stock,$5.20,-0.09,-1.701%,592565366.00,United States,,1037581,Consumer Staples,Food Chains
ARLP,Alliance Resource Partners L.P. Common Units representing Limited Partners Interests,$26.68,0.07,0.263%,3426459680.00,United States,1999,192636,Energy,Coal Mining
ARM,Arm Holdings plc American Depositary Shares,$135.96,2.89,2.172%,141443334372.00,United Kingdom,2023,4789901,Technology,Semiconductors
AROW,Arrow Financial Corporation Common Stock,$26.44,-0.31,-1.159%,440895937.00,United States,,46146,Finance,Major Banks
ARQT,Arcutis Biotherapeutics Inc. Common Stock,$14.11,0.48,3.522%,1681936326.00,United States,2020,1873935,Health Care,Biotechnology: Pharmaceutical Preparations
ARRY,Array Technologies Inc. Common Stock,$7.68,-0.76,-9.005%,1171561252.00,United States,2020,10614599,Consumer Discretionary,Miscellaneous manufacturing industries
ARTNA,Artesian Resources Corporation Class A Common Stock,$33.92,0.7374,2.222%,349650243.00,United States,,29301,Utilities,Water Supply
ARVN,Arvinas Inc. Common Stock,$6.49,0.23,3.674%,473714121.00,United States,2018,1940459,Health Care,Biotechnology: Pharmaceutical Preparations
ARWR,Arrowhead Pharmaceuticals Inc. Common Stock,$15.71,0.37,2.412%,2169557834.00,United States,,1822669,Health Care,Biotechnology: Pharmaceutical Preparations
ASML,ASML Holding N.V. New York Registry Shares,$748.10,-10.26,-1.353%,294215550932.00,Netherlands,1995,1095121,Technology,Industrial Machinery/Components
ASND,Ascendis Pharma A/S American Depositary Shares,$157.60,0.06,0.038%,9564663151.00,Denmark,2015,502233,Health Care,Biotechnology: Pharmaceutical Preparations
ASO,Academy Sports and Outdoors Inc. Common Stock,$45.23,-0.26,-0.572%,3030623802.00,United States,2020,1346302,Consumer Discretionary,Other Specialty Stores
ASPI,ASP Isotopes Inc. Common Stock,$7.29,0.93,14.623%,525376150.00,United States,2022,3606711,Industrials,Major Chemicals
ASTE,Astec Industries Inc. Common Stock,$42.00,-0.23,-0.545%,960412740.00,United States,1986,98368,Industrials,Construction/Ag Equipment/Trucks
ASTH,Astrana Health Inc. Common Stock,$27.18,0.12,0.443%,1523757332.00,United States,,273426,Consumer Discretionary,Professional Services
ASTL,Algoma Steel Group Inc. Common Shares,$5.75,0.00,0.00%,603369362.00,Canada,,549641,Industrials,Steel/Iron Ore
ASTS,AST SpaceMobile Inc. Class A Common Stock,$26.66,0.42,1.601%,8749535482.00,United States,2019,15837262,Consumer Discretionary,Telecommunications Equipment
ATAI,ATAI Life Sciences N.V. Common Shares,$1.65,0.02,1.227%,327205651.00,Germany,2008,2753290,Health Care,Biotechnology: Pharmaceutical Preparations
ATAT,Atour Lifestyle Holdings Limited American Depositary Shares,$29.63,-0.20,-0.67%,4094449728.00,China,2022,1163606,Consumer Discretionary,Hotels/Resorts
ATCOL,Atlas Corp. 7.125% Notes due 2027,$25.06,0.005,0.02%,5120466622.00,United Kingdom,,775,Consumer Discretionary,Marine Transportation
ATEC,Alphatec Holdings Inc. Common Stock,$12.96,0.22,1.727%,1894398231.00,United States,2006,1727290,Health Care,Medical/Dental Instruments
ATEX,Anterix Inc. Common Stock,$28.415,-0.395,-1.371%,528143524.00,United States,2015,119077,Telecommunications,Telecommunications Equipment
ATGL,Alpha Technology Group Limited Class A Ordinary Shares,$25.95,-0.04,-0.154%,427201875.00,China,2023,7388,Technology,EDP Services
ATLC,Atlanticus Holdings Corporation Common Stock,$52.47,-0.33,-0.625%,793673236.00,United States,1995,41788,Finance,Finance: Consumer Services
ATLCL,Atlanticus Holdings Corporation 6.125% Senior Notes due 2026,$24.06,-0.0612,-0.254%,363937070.00,United States,,18357,Finance,Finance: Consumer Services
ATLCP,Atlanticus Holdings Corporation 7.625% Series B Cumulative Perpetual Preferred Stock no par value per share,$23.11,0.01,0.043%,349567152.00,United States,,286,Finance,Finance: Consumer Services
ATLCZ,Atlanticus Holdings Corporation 9.25% Senior Notes due 2029,$25.19,0.02,0.079%,381029709.00,United States,,26818,Finance,Finance: Consumer Services
ATRC,AtriCure Inc. Common Stock,$32.71,0.41,1.269%,1619303676.00,United States,2005,550121,Health Care,Medical/Dental Instruments
ATRO,Astronics Corporation Common Stock,$30.17,-0.03,-0.099%,1068206170.00,United States,,274104,Industrials,Military/Government/Technical
AUPH,Aurinia Pharmaceuticals Inc Ordinary Shares,$8.19,0.04,0.491%,1171096077.00,Canada,,1590708,Health Care,Biotechnology: Pharmaceutical Preparations
AUR,Aurora Innovation Inc. Class A Common Stock,$6.70,-0.12,-1.76%,11851461622.00,United States,2021,41206851,Technology,EDP Services
AUROW,Aurora Innovation Inc. Warrant,$1.3356,-0.0744,-5.277%,2362509275.00,United States,2021,32968,Technology,EDP Services
AUTL,Autolus Therapeutics plc American Depositary Share,$1.33,0.04,3.101%,353968077.00,United Kingdom,2018,2827524,Health Care,Biotechnology: Biological Products (No Diagnostic Substances)
AVAH,Aveanna Healthcare Holdings Inc. Common Stock,$5.99,-0.01,-0.167%,1168612257.00,United States,2021,969423,Health Care,Medical/Nursing Services
AVAV,AeroVironment Inc. Common Stock,$164.09,-1.40,-0.846%,4630429784.00,United States,2007,316654,Industrials,Aerospace
AVBP,ArriVent BioPharma Inc. Common Stock,$19.36,0.12,0.624%,662355181.00,United States,2024,137115,Health Care,Biotechnology: Pharmaceutical Preparations
AVDL,Avadel Pharmaceuticals plc Ordinary Share,$9.01,0.12,1.35%,871617804.00,France,,1067671,Health Care,Biotechnology: Pharmaceutical Preparations
AVDX,AvidXchange Holdings Inc. Common Stock,$9.73,-0.01,-0.103%,2008719424.00,United States,2021,3961687,Technology,Computer Software: Prepackaged Software
AVGO,Broadcom Inc. Common Stock,$228.61,-4.03,-1.732%,1074912496193.00,United States,2009,23094606,Technology,Semiconductors
AVO,Mission Produce Inc. Common Stock,$10.85,0.10,0.93%,771128509.00,United States,2020,197916,Consumer Staples,Farming/Seeds/Milling
AVPT,AvePoint Inc. Class A Common Stock,$19.38,-0.22,-1.122%,3938659455.00,United States,2019,1013662,Technology,Computer Software: Prepackaged Software
AVPTW,AvePoint Inc. Warrant,$7.89,-0.25,-3.071%,1603509964.00,United States,2019,75193,Technology,Computer Software: Prepackaged Software
AVT,Avnet Inc. Common Stock,$51.88,0.29,0.562%,4350517502.00,United States,,527571,Technology,Electronic Components
AVXL,Anavex Life Sciences Corp. Common Stock,$8.32,-0.05,-0.597%,710293809.00,United States,,656043,Health Care,Biotechnology: Biological Products (No Diagnostic Substances)
AXGN,Axogen Inc. Common Stock,$11.83,0.05,0.424%,538786041.00,United States,,503246,Health Care,Biotechnology: Electromedical & Electrotherapeutic Apparatus
AXON,Axon Enterprise Inc. Common Stock,$733.18,4.79,0.658%,57078658342.00,United States,2001,420469,Industrials,Ordnance And Accessories
AXSM,Axsome Therapeutics Inc. Common Stock,$107.53,0.31,0.289%,5294386328.00,United States,2015,627882,Health Care,Biotechnology: Pharmaceutical Preparations
AZ,A2Z Cust2Mate Solutions Corp. Common Shares,$9.33,0.90,10.676%,325495290.00,Canada,,216091,Industrials,Industrial Machinery/Components
AZN,AstraZeneca PLC American Depositary Shares,$68.81,0.85,1.251%,213398863764.00,United Kingdom,,3743327,Health Care,Biotechnology: Pharmaceutical Preparations
AZTA,Azenta Inc.,$27.47,0.76,2.845%,1257575117.00,United States,,950579,Technology,Industrial Machinery/Components
BAND,Bandwidth Inc. Class A Common Stock,$14.46,-0.14,-0.959%,430371751.00,United States,2017,229254,Technology,Computer Software: Prepackaged Software
BANF,BancFirst Corporation Common Stock,$128.50,0.26,0.203%,4271701599.00,United States,1993,79382,Finance,Major Banks
BANFP,BancFirst Corporation - BFC Capital Trust II Cumulative Trust Preferred Securities,$26.0474,0.1225,0.473%,865888873.00,United States,,333,Finance,Major Banks
BANR,Banner Corporation Common Stock,$64.79,-0.53,-0.811%,2240440144.00,United States,,240520,Finance,Major Banks
BASE,Couchbase Inc. Common Stock,$18.77,0.50,2.737%,996687225.00,United States,2021,667237,Technology,Computer Software: Prepackaged Software
BATRA,Atlanta Braves Holdings Inc. Series A Common Stock,$44.66,-0.17,-0.379%,2795405524.00,United States,,88869,Consumer Discretionary,Services-Misc. Amusement & Recreation
BATRK,Atlanta Braves Holdings Inc. Series C Common Stock,$41.32,-0.11,-0.266%,2586344743.00,United States,,248497,Consumer Discretionary,Services-Misc. Amusement & Recreation
BBCP,Concrete Pumping Holdings Inc. Common Stock,$7.09,-0.01,-0.141%,376131200.00,United States,2017,60803,Consumer Discretionary,Engineering & Construction
BBIO,BridgeBio Pharma Inc. Common Stock,$33.84,0.10,0.296%,6425563565.00,United States,2019,2618489,Health Care,Biotechnology: Pharmaceutical Preparations
BBNX,Beta Bionics Inc. Common Stock,$14.36,0.59,4.285%,622596195.00,United States,2025,439523,Health Care,Medical/Dental Instruments
BBSI,Barrett Business Services Inc. Common Stock,$42.42,0.07,0.165%,1089354593.00,United States,1993,217733,Consumer Discretionary,Professional Services
BCAL,California BanCorp Common Stock,$15.00,-0.26,-1.704%,486194055.00,United States,,112382,Finance,Major Banks
BCAX,Bicara Therapeutics Inc. Common Stock,$14.47,0.00,0.00%,789139074.00,United States,2024,594520,Health Care,Biotechnology: Pharmaceutical Preparations
BCPC,Balchem Corporation Common Stock,$168.26,1.15,0.688%,5488187066.00,United States,,134512,Industrials,Major Chemicals
BCRX,BioCryst Pharmaceuticals Inc. Common Stock,$10.24,0.03,0.294%,2142722806.00,United States,1994,3698678,Health Care,Biotechnology: Biological Products (No Diagnostic Substances)
BCYC,Bicycle Therapeutics plc American Depositary Shares,$8.10,-0.02,-0.246%,560956946.00,United Kingdom,2019,357098,Health Care,Biotechnology: Pharmaceutical Preparations
BEAM,Beam Therapeutics Inc. Common Stock,$17.89,0.64,3.71%,1798966412.00,United States,2020,1656570,Health Care,Biotechnology: Biological Products (No Diagnostic Substances)
BELFA,Bel Fuse Inc. Class A Common Stock,$69.31,-2.58,-3.589%,877977494.00,United States,,2862,,
BELFB,Bel Fuse Inc. Class B Common Stock,$76.19,-1.50,-1.931%,965129206.00,United States,,89143,,
BFC,Bank First Corporation Common Stock,$116.25,0.25,0.216%,1152935415.00,United States,,75417,Finance,Major Banks
BFST,Business First Bancshares Inc. Common Stock,$24.50,-0.27,-1.09%,727527157.00,United States,,106982,Finance,Major Banks
BGC,BGC Group Inc. Class A Common Stock,$9.21,0.04,0.436%,4496077300.00,United States,,1758331,Finance,Investment Bankers/Brokers/Service
BGM,BGM Group Ltd. Class A Ordinary Shares,$12.54,1.0151,8.808%,1219165648.00,China,2021,8193,Health Care,Biotechnology: Pharmaceutical Preparations
BHF,Brighthouse Financial Inc. Common Stock,$60.99,1.29,2.161%,3501374056.00,United States,,902193,Finance,Life Insurance
BHFAL,Brighthouse Financial Inc. 6.25% Junior Subordinated Debentures due 2058,$20.15,-0.01,-0.05%,1156791068.00,United States,,11658,Finance,Life Insurance
BHFAM,Brighthouse Financial Inc. Depositary shares each representing a 1/1000th Interest in a Share of 4.625% Non-Cumulative Preferred Stock Series D,$14.38,-0.03,-0.208%,825541219.00,United States,,10841,Finance,Life Insurance
BHFAN,Brighthouse Financial Inc. Depositary shares each representing a 1/1000th interest in a share of 5.375% Non-Cumulative Preferred Stock Series C,$16.02,-0.06,-0.373%,919691956.00,United States,,63163,Finance,Life Insurance
BHFAO,Brighthouse Financial Inc. Depositary Shares 6.75% Non-Cumulative Preferred Stock Series B,$19.91,0.27,1.375%,1143012911.00,United States,,20427,Finance,Life Insurance
BHFAP,Brighthouse Financial Inc. Depositary Shares 6.6% Non-Cumulative Preferred Stock Series A,$19.51,0.04,0.205%,1120049317.00,United States,,29996,Finance,Life Insurance
BHRB,Burke & Herbert Financial Services Corp. Common Stock,$57.67,-1.25,-2.122%,865362514.00,United States,,36906,Finance,Major Banks
BIDU,Baidu Inc. ADS,$89.34,0.155,0.174%,30712491849.00,China,2005,2278263,Technology,Computer Software: Programming Data Processing
BIGC,BigCommerce Holdings Inc. Series 1 Common Stock,$5.13,-0.05,-0.965%,410904515.00,United States,2020,702067,Technology,Computer Software: Prepackaged Software
BIIB,Biogen Inc. Common Stock,$125.59,1.89,1.528%,18402430421.00,United States,,1803999,Health Care,Biotechnology: Biological Products (No Diagnostic Substances)
BILI,Bilibili Inc. American Depositary Shares,$18.93,1.19,6.708%,7889423521.00,China,2018,5855396,Technology,EDP Services
BITF,Bitfarms Ltd. Common Stock,$1.15,0.08,7.477%,636691037.00,Canada,,24991641,Finance,Finance: Consumer Services
BJRI,BJ's Restaurants Inc. Common Stock,$44.83,0.01,0.022%,991452973.00,United States,,843666,Consumer Discretionary,Restaurants
BKNG,Booking Holdings Inc. Common Stock,$5317.07,79.33,1.515%,173019254970.00,United States,,200481,Consumer Discretionary,Transportation Services
BKR,Baker Hughes Company Class A Common Stock,$37.79,0.06,0.159%,37440441555.00,United States,,6160894,Industrials,Metal Fabrications
BL,BlackLine Inc. Common Stock,$55.54,0.50,0.908%,3461260187.00,United States,2016,348681,Technology,Computer Software: Prepackaged Software
BLBD,Blue Bird Corporation Common Stock,$40.82,0.46,1.14%,1288501791.00,United States,2014,331906,Consumer Discretionary,Construction/Ag Equipment/Trucks
BLDP,Ballard Power Systems Inc. Common Shares,$1.42,0.05,3.65%,425159898.00,Canada,,18037934,Energy,Industrial Machinery/Components
BLFS,BioLife Solutions Inc. Common Stock,$23.59,1.60,7.276%,1121968024.00,United States,,745687,Health Care,Biotechnology: Electromedical & Electrotherapeutic Apparatus
BLKB,Blackbaud Inc. Common Stock,$64.465,0.645,1.011%,3127693788.00,United States,2004,252001,Technology,Computer Software: Prepackaged Software
BLMN,Bloomin' Brands Inc. Common Stock,$8.81,-0.24,-2.652%,749390485.00,United States,2012,2124418,Consumer Discretionary,Restaurants
BLTE,Belite Bio Inc American Depositary Shares,$64.40,-2.67,-3.981%,2078945537.00,United States,2022,37706,Health Care,Biotechnology: Pharmaceutical Preparations
BMBL,Bumble Inc. Class A Common Stock,$5.77,-0.04,-0.688%,595991632.00,United States,2021,3268481,Technology,Computer Software: Programming Data Processing
BMRC,Bank of Marin Bancorp Common Stock,$21.59,-0.23,-1.054%,350104930.00,United States,,75355,Finance,Major Banks
BMRN,BioMarin Pharmaceutical Inc. Common Stock,$59.27,1.00,1.716%,11366543665.00,United States,1999,3493064,Health Care,Biotechnology: Pharmaceutical Preparations
BNTC,Benitec Biopharma Inc. Common Stock,$13.60,0.10,0.741%,347429517.00,United States,2015,27494,Health Care,Biotechnology: Pharmaceutical Preparations
BNTX,BioNTech SE American Depositary Share,$92.77,0.43,0.466%,22262091487.00,Germany,2019,733600,Health Care,Biotechnology: Biological Products (No Diagnostic Substances)
BOKF,BOK Financial Corporation Common Stock,$97.55,0.20,0.205%,6268740931.00,United States,,167444,Finance,Major Banks
BPMC,Blueprint Medicines Corporation Common Stock,$101.69,2.20,2.211%,6567360155.00,United States,2015,581689,Health Care,Biotechnology: Pharmaceutical Preparations
BPOP,Popular Inc. Common Stock,$104.52,-0.27,-0.258%,7160746098.00,United States,,464570,Finance,Major Banks
BPOPM,Popular Inc. Popular Capital Trust II - 6.125% Cumulative Monthly Income Trust Preferred Securities,$25.58,-0.06,-0.234%,1752505599.00,United States,,468,Finance,Major Banks
BPYPM,Brookfield Property Partners L.P. 6.25% Class A Cumulative Redeemable Preferred Units Series 1,$15.1501,-0.0799,-0.525%,13655452492.00,Bermuda,,8693,Finance,Real Estate
BPYPN,Brookfield Property Partners L.P. 5.750% Class A Cumulative Redeemable Perpetual Preferred Units Series 3,$13.47,-0.17,-1.246%,12141104354.00,Bermuda,,16030,Finance,Real Estate
BPYPO,Brookfield Property Partners L.P. 6.375% Class A Cumulative Redeemable Perpetual Preferred Units Series 2,$14.95,-0.12,-0.796%,13475093548.00,Bermuda,,6552,Finance,Real Estate
BPYPP,Brookfield Property Partners L.P. 6.50% Class A Cumulative Redeemable Perpetual Preferred Units,$15.11,0.06,0.399%,13619308596.00,Bermuda,,47220,Finance,Real Estate
BRKL,Brookline Bancorp Inc. Common Stock,$11.04,-0.07,-0.63%,983714839.00,United States,,404801,Finance,Savings Institutions
BRKR,Bruker Corporation Common Stock,$37.53,0.84,2.289%,5686988567.00,United States,,1966354,Industrials,Biotechnology: Laboratory Analytical Instruments
BRZE,Braze Inc. Class A Common Stock,$36.89,0.51,1.402%,3859892445.00,United States,2021,784145,Technology,Computer Software: Prepackaged Software
BSRR,Sierra Bancorp Common Stock,$28.68,-0.32,-1.103%,396322324.00,United States,,29913,Finance,Major Banks
BSVN,Bank7 Corp. Common stock,$39.21,0.11,0.281%,370504583.00,United States,2018,30948,Finance,Major Banks
BSY,Bentley Systems Incorporated Class B Common Stock,$47.97,-0.26,-0.539%,14553207581.00,United States,2020,1010742,Technology,Computer Software: Prepackaged Software
BTBT,Bit Digital Inc. Ordinary Shares,$2.38,0.32,15.534%,434195345.00,United States,2018,23998304,Finance,Finance: Consumer Services
BTDR,Bitdeer Technologies Group Class A Ordinary Shares,$15.19,1.46,10.634%,2988574003.00,Singapore,,5304028,Finance,Finance: Consumer Services
BTSG,BrightSpring Health Services Inc. Common Stock,$24.43,0.41,1.707%,4256811409.00,United States,2024,1808698,Health Care,Medical/Nursing Services
BTSGU,BrightSpring Health Services Inc. Tangible Equity Unit,$85.38,1.46,1.74%,14877059274.00,United States,2024,21253,Health Care,Medical/Nursing Services
BULL,Webull Corporation Class A Ordinary Shares,$12.41,0.12,0.976%,5726609913.00,United States,,12063145,Finance,Investment Bankers/Brokers/Service
BULLW,Webull Corporation Warrants,$2.56,0.09,3.644%,1181315180.00,United States,,849374,Finance,Investment Bankers/Brokers/Service
BULLZ,Webull Corporation Incentive Warrant,$2.30,0.00,0.00%,1061337857.00,United States,,3841926,Finance,Investment Bankers/Brokers/Service
BUSE,First Busey Corporation Class A Common Stock,$22.48,-0.09,-0.399%,2161939861.00,United States,,394574,Finance,Major Banks
BVS,Bioventus Inc. Class A Common Stock,$6.79,0.25,3.823%,557760116.00,United States,2021,432934,Health Care,Medical/Dental Instruments
BWB,Bridgewater Bancshares Inc. Common Stock,$15.69,-0.33,-2.06%,430532753.00,United States,2018,93764,Finance,Major Banks
BWBBP,Bridgewater Bancshares Inc. Depositary Shares Each Representing a 1/100th Interest in a Share of 5.875% Non-Cumulative Perpetual Preferred Stock Series A,$19.27,0.29,1.528%,528767759.00,United States,,385,Finance,Major Banks
BWIN,The Baldwin Insurance Group Inc. Class A Common Stock,$39.22,-0.58,-1.457%,4648310748.00,United States,2019,478357,Finance,Specialty Insurers
BWMN,Bowman Consulting Group Ltd. Common Stock,$26.30,0.88,3.462%,453229715.00,United States,2021,111803,Consumer Discretionary,Professional Services
BYRN,Byrna Technologies Inc. Common Stock,$25.37,-0.16,-0.627%,575067752.00,United States,,231457,Miscellaneous,Industrial Machinery/Components
BZ,KANZHUN LIMITED American Depository Shares,$18.25,0.15,0.829%,7933926580.00,China,2021,1609296,Technology,Computer Software: Programming Data Processing
CAC,Camden National Corporation Common Stock,$41.21,-0.28,-0.675%,696538014.00,United States,,62976,Finance,Major Banks
CACC,Credit Acceptance Corporation Common Stock,$502.17,0.63,0.126%,5826917041.00,United States,1992,61464,Finance,Finance: Consumer Services
CAKE,Cheesecake Factory Incorporated (The) Common Stock,$56.06,1.03,1.872%,2776540633.00,United States,1992,1381836,Consumer Discretionary,Restaurants
CALM,Cal-Maine Foods Inc. Common Stock,$99.64,2.63,2.711%,4886938956.00,United States,1996,849403,Consumer Staples,Farming/Seeds/Milling
CAMT,Camtek Ltd. Ordinary Shares,$65.945,-0.565,-0.849%,3006727588.00,Israel,2000,435888,Technology,Electronic Components
CAN,Canaan Inc. American Depositary Shares,$0.7933,0.032,4.203%,333395081.00,China,2019,25909915,Technology,Semiconductors
CAPR,Capricor Therapeutics Inc. Common Stock,$9.44,-0.12,-1.255%,431183347.00,United States,,3269054,Health Care,Biotechnology: Pharmaceutical Preparations
CAR,Avis Budget Group Inc. Common Stock,$108.84,3.17,3.00%,3830323293.00,United States,,1013272,Consumer Discretionary,Rental/Leasing Companies
CARE,Carter Bankshares Inc. Common Stock,$15.58,-0.12,-0.764%,360817423.00,United States,,58160,Finance,Major Banks
CARG,CarGurus Inc. Class A Common Stock ,$32.46,-0.44,-1.337%,3208561448.00,United States,2017,803555,Technology,EDP Services
CART,Maplebear Inc. Common Stock,$45.66,1.54,3.49%,11905145900.00,United States,2023,3001090,Consumer Discretionary,Business Services
CASH,Pathward Financial Inc. Common Stock,$81.43,0.28,0.345%,1941741182.00,United States,1993,183192,Finance,Major Banks
CASS,Cass Information Systems Inc Common Stock,$42.77,-0.47,-1.087%,571407157.00,United States,,54341,Consumer Discretionary,Business Services
CASY,Casey's General Stores Inc. Common Stock,$456.15,13.72,3.101%,16931833675.00,United States,1983,376892,Consumer Discretionary,Retail-Auto Dealers and Gas Stations
CATY,Cathay General Bancorp Common Stock,$44.22,-0.21,-0.473%,3100280340.00,United States,,365550,Finance,Major Banks
CBLL,CeriBell Inc. Common Stock,$17.97,0.38,2.16%,649490105.00,United States,2024,405591,Health Care,Biotechnology: Electromedical & Electrotherapeutic Apparatus
CBNK,Capital Bancorp Inc. Common Stock,$32.71,-0.28,-0.849%,541819594.00,United States,2018,149194,Finance,Major Banks
CBRL,Cracker Barrel Old Country Store Inc Common Stock,$57.18,-0.07,-0.122%,1273025844.00,United States,1981,773127,Consumer Discretionary,Restaurants
CBSH,Commerce Bancshares Inc. Common Stock,$65.63,0.08,0.122%,8756850894.00,United States,,443395,Finance,Major Banks
CCAP,Crescent Capital BDC Inc. Common stock,$15.42,-0.52,-3.262%,571489055.00,United States,,416819,Finance,Finance: Consumer Services
CCB,Coastal Financial Corporation Common Stock,$89.00,0.70,0.793%,1337338208.00,United States,2018,77530,Finance,Major Banks
CCBG,Capital City Bank Group Common Stock,$38.48,-0.56,-1.434%,656274284.00,United States,,28901,Finance,Major Banks
CCCS,CCC Intelligent Solutions Holdings Inc. Common Stock,$9.12,0.145,1.616%,6010628988.00,United States,,6274003,Technology,Computer Software: Prepackaged Software
CCEC,Capital Clean Energy Carriers Corp. Common Share,$22.85,0.47,2.10%,1341690602.00,Greece,2007,20859,Consumer Discretionary,Marine Transportation
CCEP,Coca-Cola Europacific Partners plc Ordinary Shares,$88.30,1.39,1.599%,40551689702.00,United Kingdom,,1662575,Consumer Staples,Beverages (Production/Distribution)
CCLDO,CareCloud Inc. 8.75% Series B Cumulative Redeemable Perpetual Preferred Stock,$19.7041,-0.0359,-0.182%,833899758.00,United States,,6722,Technology,Computer Software: Prepackaged Software
CCNE,CNB Financial Corporation Common Stock,$22.79,-0.24,-1.042%,478119250.00,United States,,63999,Finance,Major Banks
CCNEP,CNB Financial Corporation Depositary Shares each representing a 1/40th ownership interest in a share of 7.125% Series A Fixed-Rate Non-Cumulative Perpetual Preferred Stock,$24.00,0.4453,1.89%,503504256.00,United States,,2334,Finance,Major Banks
CCOI,Cogent Communications Holdings Inc.,$50.59,0.18,0.357%,2495974513.00,United States,,810140,Consumer Discretionary,Telecommunications Equipment
CCRN,Cross Country Healthcare Inc. Common Stock $0.0001 Par Value,$13.99,0.04,0.287%,458636520.00,United States,2001,157900,Consumer Discretionary,Professional Services
CCSI,Consensus Cloud Solutions Inc. Common Stock,$23.17,-0.19,-0.813%,452763510.00,United States,,154093,Technology,Computer Software: Prepackaged Software
CDNA,CareDx Inc. Common Stock,$17.54,1.44,8.944%,976636829.00,United States,2014,2464011,Health Care,Medical Specialities
CDNS,Cadence Design Systems Inc. Common Stock,$321.56,2.79,0.875%,87799385520.00,United States,,1575130,Technology,Computer Software: Prepackaged Software
CDRO,Codere Online Luxembourg S.A. Ordinary Shares,$8.00,0.02,0.251%,365126512.00,Luxembourg,,63557,Consumer Discretionary,Services-Misc. Amusement & Recreation
CDTX,Cidara Therapeutics Inc. Common Stock,$25.50,4.46,21.198%,330730487.00,United States,2015,278845,Health Care,Biotechnology: Biological Products (No Diagnostic Substances)
CDW,CDW Corporation Common Stock,$189.03,0.60,0.318%,24892443905.00,United States,2013,961668,Consumer Discretionary,Catalog/Specialty Distribution
CDZIP,Cadiz Inc. Depositary Shares,$17.03,-0.54,-3.073%,1392798737.00,United States,,11321,Utilities,Water Supply
CECO,CECO Environmental Corp. Common Stock,$26.84,0.56,2.131%,946591563.00,United States,1998,167389,Industrials,Pollution Control Equipment
CEG,Constellation Energy Corporation Common Stock ,$291.12,7.1078,2.503%,91242064754.00,United States,,2104914,Utilities,Electric Utilities: Central
CELC,Celcuity Inc. Common Stock,$10.61,0.09,0.856%,401475949.00,United States,2017,136962,Health Care,Medical Specialities
CELH,Celsius Holdings Inc. Common Stock,$39.39,0.34,0.871%,10152428074.00,United States,,5495603,Consumer Staples,Beverages (Production/Distribution)
CENT,Central Garden & Pet Company Common Stock,$36.30,0.63,1.766%,2301791095.00,United States,1993,116010,Consumer Discretionary,Consumer Specialties
CENTA,Central Garden & Pet Company Class A Common Stock Nonvoting,$32.04,0.56,1.779%,2031663545.00,United States,,320703,Consumer Discretionary,Consumer Specialties
CENX,Century Aluminum Company Common Stock,$16.39,-0.13,-0.787%,1529237137.00,United States,1996,1451098,Industrials,Aluminum
CEP,Cantor Equity Partners Inc. Class A Ordinary Shares,$32.88,-1.22,-3.578%,944851977.00,United States,2024,1217322,Finance,Investment Managers
CERT,Certara Inc. Common Stock,$11.88,0.26,2.238%,1927337877.00,United States,2020,1532657,Technology,Computer Software: Prepackaged Software
CEVA,CEVA Inc. Common Stock,$21.23,-0.10,-0.469%,507744344.00,United States,,387387,Technology,Computer Software: Programming Data Processing
CFFN,Capitol Federal Financial Inc. Common Stock,$5.87,0.14,2.443%,779541078.00,United States,,4096339,Finance,Savings Institutions
CFLT,Confluent Inc. Class A Common Stock,$22.54,-0.18,-0.792%,7672387805.00,United States,2021,3431073,Technology,Computer Software: Prepackaged Software
CG,The Carlyle Group Inc. Common Stock,$47.42,0.42,0.894%,17125063477.00,United States,2012,3457616,Finance,Investment Managers
CGABL,The Carlyle Group Inc. 4.625% Subordinated Notes due 2061,$16.75,0.02,0.12%,6049026007.00,United States,,45928,Finance,Investment Managers
CGBD,Carlyle Secured Lending Inc. Common Stock,$14.24,0.15,1.065%,1038138449.00,United States,2017,226465,Finance,Finance: Consumer Services
CGBDL,Carlyle Secured Lending Inc. 8.20% Notes due 2028,$25.26,-0.075,-0.296%,1284432049.00,United States,,10953,,
CGEM,Cullinan Therapeutics Inc. Common Stock,$7.50,0.26,3.591%,442610003.00,United States,2021,440235,Health Care,Biotechnology: Biological Products (No Diagnostic Substances)
CGNT,Cognyte Software Ltd. Ordinary Shares,$9.90,0.11,1.124%,712366291.00,Israel,,188682,Technology,Computer Software: Prepackaged Software
CGNX,Cognex Corporation Common Stock,$31.58,-0.03,-0.095%,5301169689.00,United States,1989,1607104,Industrials,Industrial Machinery/Components
CGON,CG Oncology Inc. Common stock,$25.43,0.08,0.316%,1938409582.00,United States,2024,1233441,,
CHA,Chagee Holdings Limited American Depositary Shares,$29.54,-0.47,-1.566%,3493866689.00,China,2025,857401,Consumer Discretionary,Restaurants
CHCO,City Holding Company Common Stock,$122.80,-0.62,-0.502%,1778452351.00,United States,,44275,Finance,Major Banks
CHDN,Churchill Downs Incorporated Common Stock,$98.27,0.43,0.439%,7098248762.00,United States,,702359,Consumer Discretionary,Services-Misc. Amusement & Recreation
CHEF,The Chefs' Warehouse Inc. Common Stock,$65.11,1.06,1.655%,2648903206.00,United States,2011,420187,Consumer Discretionary,Food Distributors
CHKP,Check Point Software Technologies Ltd. Ordinary Shares,$218.68,2.58,1.194%,23698028610.00,Israel,1996,519217,Technology,Computer Software: Prepackaged Software
CHRD,Chord Energy Corporation Common Stock,$96.67,0.79,0.824%,5583152069.00,United States,,617469,Energy,Oil & Gas Production
CHRW,C.H. Robinson Worldwide Inc. Common Stock,$100.28,1.53,1.549%,11906306774.00,United States,1997,1634809,Consumer Discretionary,Oil Refining/Marketing
CHSCL,CHS Inc Class B Cumulative Redeemable Preferred Stock Series 4,$25.94,-0.08,-0.307%,318335758.00,United States,,31188,Industrials,Farming/Seeds/Milling
CHSCM,CHS Inc Class B Reset Rate Cumulative Redeemable Preferred Stock Series 3,$24.76,0.02,0.081%,303854794.00,United States,,13033,Industrials,Farming/Seeds/Milling
CHSCN,CHS Inc Preferred Class B Series 2 Reset Rate,$25.40,-0.08,-0.314%,311708876.00,United States,,8851,Industrials,Farming/Seeds/Milling
CHSCO,CHS Inc. Class B Cumulative Redeemable Preferred Stock,$26.27,-0.1633,-0.618%,322385519.00,United States,,12026,Industrials,Farming/Seeds/Milling
CHSCP,CHS Inc. 8%  Cumulative Redeemable Preferred Stock,$27.6034,0.2985,1.093%,338749008.00,United States,,18268,Industrials,Farming/Seeds/Milling
CHTR,Charter Communications Inc. Class A Common Stock New,$427.25,7.68,1.83%,59970615986.00,United States,,3625442,Telecommunications,Cable & Other Pay Television Services
CHX,ChampionX Corporation Common Stock ,$25.98,-0.02,-0.077%,4972572000.00,United States,,2173498,Industrials,Industrial Machinery/Components
CIFR,Cipher Mining Inc. Common Stock,$3.86,0.69,21.767%,1432883674.00,United States,2020,24140594,Finance,Finance: Consumer Services
CIGI,Colliers International Group Inc. Subordinate Voting Shares,$127.25,-0.75,-0.586%,6440208521.00,Canada,,171454,Finance,Real Estate
CINF,Cincinnati Financial Corporation Common Stock,$150.86,1.56,1.045%,23579962605.00,United States,,635693,Finance,Property-Casualty Insurers
CIVB,Civista Bancshares Inc. Common Stock,$23.21,-0.55,-2.315%,360197661.00,United States,,38208,Finance,Major Banks
CKPT,Checkpoint Therapeutics Inc. Common Stock,$4.15,0.00,0.00%,361133008.00,United States,,276805,Health Care,Biotechnology: Pharmaceutical Preparations
CLBK,Columbia Financial Inc. Common Stock,$15.20,-0.13,-0.848%,1594898927.00,United States,2018,118807,Finance,Savings Institutions
CLBT,Cellebrite DI Ltd. Ordinary Shares,$17.41,0.14,0.811%,4169173779.00,Israel,,1846312,Technology,Computer Software: Prepackaged Software
CLDX,Celldex Therapeutics Inc.,$20.45,0.35,1.741%,1357762228.00,United States,,705961,Health Care,Biotechnology: In Vitro & In Vivo Diagnostic Substances
CLFD,Clearfield Inc. Common Stock,$38.85,-0.12,-0.308%,537332408.00,United States,,245745,Utilities,Telecommunications Equipment
CLMB,Climb Global Solutions Inc. Common Stock,$108.55,-1.725,-1.564%,499586395.00,United States,,43303,Technology,Retail: Computer Software & Peripheral Equipment
CLMT,Calumet Inc. Common Stock,$13.73,0.28,2.082%,1189312783.00,United States,2006,817252,Energy,Integrated oil Companies
CLNE,Clean Energy Fuels Corp. Common Stock,$2.02,0.06,3.061%,446383468.00,United States,2007,2555921,Utilities,Natural Gas Distribution
CLOV,Clover Health Investments Corp. Class A Common Stock,$3.55,0.14,4.106%,1806653863.00,United States,,5306184,Health Care,Medical Specialities
CLPT,ClearPoint Neuro Inc. Common Stock,$13.18,0.26,2.012%,368897577.00,United States,,337226,Health Care,Medical/Dental Instruments
CLSK,CleanSpark Inc. Common Stock,$9.78,0.42,4.487%,2747630912.00,United States,,30118086,Finance,Finance: Consumer Services
CMCO,Columbus McKinnon Corporation Common Stock,$17.83,0.26,1.48%,510161410.00,United States,1996,310834,Industrials,Construction/Ag Equipment/Trucks
CMCSA,Comcast Corporation Class A Common Stock,$35.48,0.15,0.425%,132471815330.00,United States,,20791588,Telecommunications,Cable & Other Pay Television Services
CME,CME Group Inc. Class A Common Stock,$276.29,2.29,0.836%,99563655801.00,United States,2002,1516121,Finance,Investment Bankers/Brokers/Service
CMPO,CompoSecure Inc. Class A Common Stock,$12.80,0.19,1.507%,1309668506.00,United States,2020,734519,Finance,Finance: Consumer Services
CMPOW,CompoSecure Inc. Warrant,$5.25,0.15,2.941%,537168723.00,United States,2020,10228,Finance,Finance: Consumer Services
CMPR,Cimpress plc Ordinary Shares (Ireland),$44.90,-0.02,-0.045%,1117056863.00,Netherlands,2005,177978,Consumer Discretionary,Publishing
CMPS,COMPASS Pathways Plc American Depository Shares,$3.98,0.03,0.759%,372375777.00,United Kingdom,2020,580195,Health Care,Biotechnology: Pharmaceutical Preparations
CNCK,Coincheck Group N.V. Ordinary Shares,$6.61,0.49,8.007%,857337332.00,Netherlands,,56536,Finance,Finance: Consumer Services
CNDT,Conduent Incorporated Common Stock ,$2.25,0.02,0.897%,364117811.00,United States,,1746690,Consumer Discretionary,Business Services
CNOB,ConnectOne Bancorp Inc. Common Stock,$24.01,-0.46,-1.88%,923664100.00,United States,,122685,Finance,Major Banks
CNOBP,ConnectOne Bancorp Inc. Depositary Shares each representing a 1/40th interest in a share of 5.25% Fixed-Rate Reset Non-Cumulative Perpetual Preferred Stock Series A,$22.45,0.1616,0.725%,863650939.00,United States,,7642,Finance,Major Banks
CNTA,Centessa Pharmaceuticals plc American Depositary Shares,$12.51,-0.08,-0.635%,1666136206.00,United Kingdom,2021,1408566,Health Care,Biotechnology: Pharmaceutical Preparations
CNXC,Concentrix Corporation Common Stock,$56.22,1.08,1.959%,3591529077.00,United States,,975221,Technology,Computer Software: Prepackaged Software
CNXN,PC Connection Inc. Common Stock,$69.70,-0.64,-0.91%,1770187489.00,United States,,112337,Consumer Discretionary,Catalog/Specialty Distribution
COCO,The Vita Coco Company Inc. Common Stock,$35.62,1.01,2.918%,2020849835.00,United States,2021,1786020,Consumer Staples,Beverages (Production/Distribution)
COFS,ChoiceOne Financial Services Inc. Common Stock,$30.38,0.23,0.763%,455221606.00,United States,,131497,Finance,Major Banks
COGT,Cogent Biosciences Inc. Common Stock,$4.88,0.11,2.306%,555619496.00,United States,2018,632183,Health Care,Biotechnology: Pharmaceutical Preparations
COHU,Cohu Inc. Common Stock,$17.765,-0.065,-0.365%,826120288.00,United States,,312600,Industrials,Electrical Products
COIN,Coinbase Global Inc. Class A Common Stock,$266.46,22.02,9.008%,67868684707.00,United States,,72627546,Finance,Finance: Consumer Services
COKE,Coca-Cola Consolidated Inc. Common Stock,$1175.86,13.37,1.15%,10250893494.00,United States,1972,64342,Consumer Staples,Beverages (Production/Distribution)
COLB,Columbia Banking System Inc. Common Stock,$25.02,-0.11,-0.438%,5259223966.00,United States,1992,1729504,Finance,Savings Institutions
COLL,Collegium Pharmaceutical Inc. Common Stock,$30.23,0.89,3.033%,971658464.00,United States,2015,430854,Health Care,Biotechnology: Pharmaceutical Preparations
COLM,Columbia Sportswear Company Common Stock,$66.70,-0.52,-0.774%,3651417997.00,United States,1998,622344,Consumer Discretionary,Apparel
COMM,CommScope Holding Company Inc. Common Stock,$5.88,0.17,2.977%,1273590583.00,United States,2013,4992142,Technology,Radio And Television Broadcasting And Communications Equipment
COO,The Cooper Companies Inc. Common Stock,$82.92,1.47,1.805%,16582439694.00,United States,,1519774,Health Care,Ophthalmic Goods
COOP,Mr. Cooper Group Inc. Common Stock,$131.81,2.10,1.619%,8433914124.00,United States,,1377654,Finance,Finance: Consumer Services
CORT,Corcept Therapeutics Incorporated Common Stock,$75.08,1.72,2.345%,7961835776.00,United States,2004,1129565,Health Care,Biotechnology: Pharmaceutical Preparations
CORZ,Core Scientific Inc. Common Stock,$10.78,0.27,2.569%,3210519381.00,United States,,14091168,Finance,Finance: Consumer Services
CORZW,Core Scientific Inc. Tranche 1 Warrants,$5.49,0.15,2.809%,1635041874.00,United States,,283063,Finance,Finance: Consumer Services
CORZZ,Core Scientific Inc. Tranche 2 Warrants,$10.72,0.27,2.584%,3192650071.00,United States,,7871,Finance,Finance: Consumer Services
COST,Costco Wholesale Corporation Common Stock,$1025.83,15.36,1.52%,455143698111.00,United States,,2033744,Consumer Discretionary,Department/Specialty Retail Stores
CPB,The Campbell's Company Common Stock,$35.52,0.56,1.602%,10591419880.00,United States,,2279430,Consumer Staples,Packaged Foods
CPRT,Copart Inc. (DE) Common Stock,$63.84,0.87,1.382%,61675374311.00,United States,1994,4626157,Consumer Discretionary,Retail-Auto Dealers and Gas Stations
CPRX,Catalyst Pharmaceuticals Inc. Common Stock,$24.37,0.59,2.481%,2972534454.00,United States,2006,988214,Health Care,Biotechnology: Pharmaceutical Preparations
CPZ,Calamos Long/Short Equity & Dynamic Income Trust Common Stock,$15.62,-0.06,-0.383%,306654870.00,United States,2019,45701,Finance,Trusts Except Educational Religious and Charitable
CRAI,CRA International Inc. Common Stock,$195.43,3.11,1.617%,1330657855.00,United States,1998,73522,Consumer Discretionary,Other Consumer Services
CRCT,Cricut Inc. Class A Common Stock,$6.29,0.01,0.159%,1332087073.00,United States,2021,483688,Technology,Industrial Machinery/Components
CRDO,Credo Technology Group Holding Ltd Ordinary Shares,$60.13,0.55,0.923%,10210147118.00,United States,2022,2892538,Technology,Semiconductors
CRESW,Cresud S.A.C.I.F. y A. Warrant,$0.90,0.00,0.00%,536719788.00,Argentina,,4478,Finance,Real Estate
CRESY,Cresud S.A.C.I.F. y A. American Depositary Shares,$11.45,-0.05,-0.435%,682826841.00,Argentina,1997,76988,Finance,Real Estate
CRMD,CorMedix Inc. Common Stock,$12.28,0.59,5.047%,832886813.00,United States,,1423660,Health Care,Biotechnology: Pharmaceutical Preparations
CRMT,America's Car-Mart Inc Common Stock,$51.74,0.14,0.271%,427469102.00,United States,,47507,Consumer Discretionary,Retail-Auto Dealers and Gas Stations
CRNC,Cerence Inc. Common Stock,$9.51,0.21,2.258%,411384208.00,United States,,554366,Technology,Computer Software: Prepackaged Software
CRNX,Crinetics Pharmaceuticals Inc. Common Stock,$31.24,0.03,0.096%,2926567261.00,United States,2018,530635,Health Care,Biotechnology: Pharmaceutical Preparations
CRON,Cronos Group Inc. Common Share,$2.14,0.06,2.885%,818080752.00,Canada,,2694786,Health Care, Medicinal Chemicals and Botanical Products 
CROX,Crocs Inc. Common Stock,$117.55,0.28,0.239%,6591564646.00,United States,2006,925569,Consumer Discretionary,Shoe Manufacturing
CRSP,CRISPR Therapeutics AG Common Shares,$38.77,2.46,6.775%,3348320029.00,Switzerland,2016,2943919,Health Care,Biotechnology: Biological Products (No Diagnostic Substances)
CRSR,Corsair Gaming Inc. Common Stock,$8.46,-0.08,-0.937%,895246887.00,United States,2020,637594,Technology,Computer peripheral equipment
CRTO,Criteo S.A. American Depositary Shares,$28.42,-0.26,-0.907%,1510291917.00,France,2013,308386,Consumer Discretionary,Advertising
CRUS,Cirrus Logic Inc. Common Stock,$106.23,-0.66,-0.617%,5645585595.00,United States,1989,575566,Technology,Semiconductors
CRVL,CorVel Corp. Common Stock,$113.71,3.68,3.345%,5840047582.00,United States,,146526,Finance,Specialty Insurers
CRWD,CrowdStrike Holdings Inc. Class A Common Stock,$439.26,7.42,1.718%,108880876273.00,United States,2019,2133434,Technology,Computer Software: Prepackaged Software
CRWV,CoreWeave Inc. Class A Common Stock,$80.30,14.53,22.092%,38020518759.00,United States,2025,42983957,Technology,Computer Software: Prepackaged Software
CSCO,Cisco Systems Inc. Common Stock (DE),$63.62,-0.64,-0.996%,253098964524.00,United States,1990,30289903,Telecommunications,Computer Communications Equipment
CSGP,CoStar Group Inc. Common Stock,$76.99,0.94,1.236%,32481053414.00,United States,1998,2618993,Consumer Discretionary,Business Services
CSGS,CSG Systems International Inc. Common Stock,$65.63,0.27,0.413%,1901756572.00,United States,1996,207605,Technology,EDP Services
CSIQ,Canadian Solar Inc. Common Shares (ON),$10.85,0.16,1.497%,726535476.00,Canada,2006,3144225,Technology,Semiconductors
CSQ,Calamos Strategic Total Return Common Stock,$17.22,0.02,0.116%,2736044851.00,United States,2004,167740,Finance,Finance Companies
CSTL,Castle Biosciences Inc. Common Stock,$16.75,0.27,1.638%,483611276.00,United States,2019,393889,Health Care,Medical Specialities
CSWC,Capital Southwest Corporation Common Stock,$21.37,0.51,2.445%,1080933921.00,United States,,341993,Consumer Discretionary,Textiles
CSWCZ,Capital Southwest Corporation 7.75% Notes due 2028,$25.50,0.00,0.00%,1195207874.00,United States,,179,Finance,Finance Companies
CSWI,CSW Industrials Inc. Common Stock,$331.23,4.06,1.241%,5559059588.00,United States,,68007,Industrials,Home Furnishings
CSX,CSX Corporation Common Stock,$31.32,0.02,0.064%,58836056680.00,United States,,11394258,Industrials,Railroads
CTAS,Cintas Corporation Common Stock,$220.85,2.36,1.08%,89176350779.00,United States,1983,1431482,Consumer Discretionary,Apparel
CTBI,Community Trust Bancorp Inc. Common Stock,$52.65,-0.49,-0.922%,953540622.00,United States,,48305,Finance,Major Banks
CTKB,Cytek Biosciences Inc. Common Stock,$2.67,-0.01,-0.373%,338180053.00,United States,2021,1443207,Industrials,Biotechnology: Laboratory Analytical Instruments
CTLP,Cantaloupe Inc. Common Stock,$8.49,0.06,0.712%,620266342.00,United States,,642173,Miscellaneous,Office Equipment/Supplies/Services
CTSH,Cognizant Technology Solutions Corporation Class A Common Stock,$81.44,0.08,0.098%,40145193467.00,United States,1998,5603561,Technology,EDP Services
CUB,Lionheart Holdings Class A Ordinary Shares,$10.38,0.00,0.00%,329757819.00,United States,2024,3318,Industrials,Industrial Machinery/Components
CURI,CuriosityStream Inc. Class A Common Stock,$5.93,0.49,9.007%,341722109.00,United States,2020,609655,Consumer Discretionary,Movies/Entertainment
CVAC,CureVac N.V. Ordinary Shares,$3.72,0.295,8.613%,834538316.00,Germany,2020,909687,Health Care,Biotechnology: Pharmaceutical Preparations
CVBF,CVB Financial Corporation Common Stock,$19.78,-0.19,-0.951%,2725775067.00,United States,,579628,Finance,Major Banks
CVCO,Cavco Industries Inc. Common Stock When Issued,$528.01,7.62,1.464%,4231022275.00,United States,,54055,Consumer Discretionary,Homebuilding
CVGW,Calavo Growers Inc. Common Stock,$26.90,0.72,2.75%,479802038.00,United States,,205000,Consumer Discretionary,Specialty Foods
CVLT,Commvault Systems Inc. Common Stock,$178.04,-4.00,-2.197%,7856091557.00,United States,2006,442254,Technology,Computer Software: Prepackaged Software
CWBC,Community West Bancshares Common Stock,$18.41,-0.04,-0.217%,350919343.00,United States,,76917,Finance,Major Banks
CWCO,Consolidated Water Co. Ltd. Ordinary Shares,$26.50,0.44,1.688%,421792153.00,Cayman Islands,,118086,Utilities,Water Supply
CWST,Casella Waste Systems Inc. Class A Common Stock,$114.52,0.99,0.872%,7267833149.00,United States,1997,442877,Utilities,Environmental Services
CYBR,CyberArk Software Ltd. Ordinary Shares,$355.00,-0.05,-0.014%,17557843115.00,Israel,2014,668016,Technology,Computer Software: Prepackaged Software
CYRX,CryoPort Inc. Common Stock,$6.68,-0.05,-0.743%,334916616.00,United States,,475735,Health Care,Biotechnology: Pharmaceutical Preparations
CYTK,Cytokinetics Incorporated Common Stock,$31.00,1.16,3.887%,3702246083.00,United States,2004,2128626,Health Care,Biotechnology: Pharmaceutical Preparations
CZR,Caesars Entertainment Inc. Common Stock,$30.70,0.39,1.287%,6384621253.00,United States,,3450440,Consumer Discretionary,Hotels/Resorts
DADA,Dada Nexus Limited American Depositary Shares,$2.04,0.01,0.493%,526822152.00,China,2020,1620660,Technology,Computer Software: Programming Data Processing
DAKT,Daktronics Inc. Common Stock,$15.105,0.285,1.923%,753638191.00,United States,1994,280565,Consumer Discretionary,Miscellaneous manufacturing industries
DASH,DoorDash Inc. Class A Common Stock,$202.00,4.90,2.486%,85596313250.00,United States,,4188463,Consumer Discretionary,Business Services
DAVE,Dave Inc. Class A Common Stock,$185.45,1.60,0.87%,2473984598.00,United States,,347133,Finance,Finance: Consumer Services
DAWN,Day One Biopharmaceuticals Inc. Common Stock,$6.25,0.09,1.461%,633515425.00,United States,2021,2740276,Health Care,Biotechnology: Pharmaceutical Preparations
DBVT,DBV Technologies S.A. American Depositary Shares,$11.10,-0.16,-1.421%,304026491.00,France,2014,64467,Health Care,Biotechnology: Biological Products (No Diagnostic Substances)
DBX,Dropbox Inc. Class A Common Stock,$28.91,-0.55,-1.867%,8137952454.00,United States,2018,6113433,Technology,Computer Software: Prepackaged Software
DCBO,Docebo Inc. Common Shares,$26.71,0.27,1.021%,807468060.00,Canada,,116102,Technology,Computer Software: Prepackaged Software
DCOM,Dime Community Bancshares Inc. Common Stock,$27.22,-0.08,-0.293%,1192741258.00,United States,,245543,Finance,Major Banks
DCOMG,Dime Community Bancshares Inc. 9.000% Fixed-to-Floating Rate Subordinated Notes due 2034,$26.03,0.21,0.813%,1019039021.00,United States,,13752,Finance,Major Banks
DCOMP,Dime Community Bancshares Inc. Fixed-Rate Non-Cumulative Perpetual Preferred Stock Series A,$19.00,-0.40,-2.062%,832552678.00,United States,,12123,Finance,Major Banks
DCTH,Delcath Systems Inc. Common Stock,$17.10,1.05,6.542%,595527729.00,United States,,539300,Health Care,Medical/Dental Instruments
DDI,DoubleDown Interactive Co. Ltd. American Depository Shares,$10.05,-0.10,-0.985%,498012072.00,South Korea,2021,20724,Technology,EDP Services
DDOG,Datadog Inc. Class A Common Stock,$117.67,0.53,0.452%,40637714692.00,United States,2019,3143153,Technology,Computer Software: Prepackaged Software
DEFT,Defi Technologies Inc. Common Stock,$3.84,-0.01,-0.26%,1255949979.00,Canada,,1804000,Basic Materials,Metal Mining
DGICA,Donegal Group Inc. Class A Common Stock,$20.66,0.22,1.076%,745757223.00,United States,,105115,Finance,Property-Casualty Insurers
DGICB,Donegal Group Inc. Class B Common Stock,$17.84,0.14,0.791%,643964611.00,United States,1986,587,Finance,Property-Casualty Insurers
DGII,Digi International Inc. Common Stock,$33.29,0.04,0.12%,1233950376.00,United States,1989,194059,Telecommunications,Computer Communications Equipment
DGNX,Diginex Limited Ordinary Shares,$90.81,2.61,2.959%,2106151790.00,Hong Kong,2025,41861,Technology,EDP Services
DH,Definitive Healthcare Corp. Class A Common Stock,$3.28,-0.04,-1.205%,352081442.00,United States,2021,557898,Technology,Computer Software: Prepackaged Software
DHC,Diversified Healthcare Trust Common Shares of Beneficial Interest,$3.13,0.09,2.961%,755115270.00,United States,,1184972,Real Estate,Real Estate Investment Trusts
DHCNI,Diversified Healthcare Trust 5.625% Senior Notes due 2042,$15.28,-0.07,-0.456%,3686313523.00,United States,,23411,Real Estate,Real Estate Investment Trusts
DHCNL,Diversified Healthcare Trust 6.25% Senior Notes Due 2046,$16.36,0.19,1.175%,3946864479.00,United States,,14013,Real Estate,Real Estate Investment Trusts
DHIL,Diamond Hill Investment Group Inc. Class A Common Stock,$142.80,-0.44,-0.307%,389514275.00,United States,,12199,Finance,Investment Managers
DIOD,Diodes Incorporated Common Stock,$48.62,0.15,0.309%,2256034026.00,United States,,411594,Technology,Semiconductors
DJCO,Daily Journal Corp. (S.C.) Common Stock,$416.24,10.19,2.51%,573339798.00,United States,,34169,Consumer Discretionary,Newspapers/Magazines
DJT,Trump Media & Technology Group Corp. Common Stock,$25.64,0.66,2.642%,5656812385.00,United States,2024,2691584,Technology,Computer Software: Programming Data Processing
DJTWW,Trump Media & Technology Group Corp. Warrants,$15.43,0.12,0.784%,3404236158.00,United States,2021,26505,Technology,Computer Software: Programming Data Processing
DKNG,DraftKings Inc. Class A Common Stock,$36.90,0.29,0.792%,18312939784.00,United States,2019,6963852,Consumer Discretionary,Services-Misc. Amusement & Recreation
DLO,DLocal Limited Class A Common Shares,$11.765,0.525,4.671%,3358614975.00,Uruguay,2021,1563362,Consumer Discretionary,Business Services
DLTR,Dollar Tree Inc. Common Stock,$86.51,-0.07,-0.081%,18606831541.00,United States,1995,2662887,Consumer Discretionary,Department/Specialty Retail Stores
DMLP,Dorchester Minerals L.P. Common Units Representing Limited Partnership Interests,$28.31,-0.01,-0.035%,1340188492.00,United States,,44593,Energy,Oil & Gas Production
DNLI,Denali Therapeutics Inc. Common Stock,$13.78,-0.38,-2.684%,2001907400.00,United States,2017,1087534,Health Care,Biotechnology: Biological Products (No Diagnostic Substances)
DNTH,Dianthus Therapeutics Inc. Common Stock,$19.69,0.94,5.013%,633230046.00,United States,2018,338777,Health Care,Biotechnology: Pharmaceutical Preparations
DNUT,Krispy Kreme Inc. Common Stock,$3.17,-0.04,-1.246%,541436000.00,United States,2021,4198195,Consumer Staples,Food Chains
DOCU,DocuSign Inc. Common Stock,$92.42,1.87,2.065%,18714099922.00,United States,1989,2012016,Technology,Computer Software: Prepackaged Software
DOMO,Domo Inc. Class B Common Stock,$8.97,0.23,2.632%,358258086.00,United States,2018,285901,Technology,Computer Software: Prepackaged Software
DOOO,BRP Inc. (Recreational Products) Common Subordinate Voting Shares,$37.41,0.65,1.768%,2731309973.00,Canada,,116451,Consumer Discretionary,Industrial Specialties
DORM,Dorman Products Inc. Common Stock,$132.03,1.55,1.188%,4028390303.00,United States,,201685,Consumer Discretionary,Auto Parts:O.E.M.
DOX,Amdocs Limited Ordinary Shares,$91.38,0.70,0.772%,10315939738.00,Guernsey,,437258,Technology,EDP Services
DPZ,Domino's Pizza Inc Common Stock,$495.05,9.14,1.881%,16951243189.00,United States,2004,349327,Consumer Discretionary,Food Distributors
DRS,Leonardo DRS Inc. Common Stock,$41.67,0.70,1.709%,11086270372.00,Israel,,696098,Industrials,Industrial Machinery/Components
DRVN,Driven Brands Holdings Inc. Common Stock,$18.20,0.15,0.831%,2989811534.00,United States,2021,435310,Consumer Discretionary,Automotive Aftermarket
DSGR,Distribution Solutions Group Inc. Common Stock,$27.77,0.17,0.616%,1289592730.00,United States,,83916,Consumer Discretionary,Industrial Specialties
DSGX,Descartes Systems Group Inc. (The) Common Stock,$113.50,0.74,0.656%,9716277482.00,Canada,,257522,Technology,Computer Software: Prepackaged Software
DSP,Viant Technology Inc. Class A Common Stock,$15.39,-0.64,-3.993%,962899728.00,United States,2021,183039,Technology,Computer Software: Programming Data Processing
DUOL,Duolingo Inc. Class A Common Stock,$529.05,-1.47,-0.277%,24047568317.00,United States,2021,698168,Technology,Computer Software: Prepackaged Software
DVAX,Dynavax Technologies Corporation Common Stock,$9.67,0.16,1.682%,1161179886.00,United States,2004,1573606,Health Care,Biotechnology: Pharmaceutical Preparations
DXCM,DexCom Inc. Common Stock,$85.48,-0.19,-0.222%,33517349185.00,United States,2005,3397874,Health Care,Medical/Dental Instruments
DXPE,DXP Enterprises Inc. Common Stock,$89.76,0.77,0.865%,1408719470.00,United States,,66320,Industrials,Industrial Machinery/Components
DYN,Dyne Therapeutics Inc. Common Stock,$11.83,0.09,0.767%,1344675618.00,United States,2020,2188089,Health Care,Biotechnology: Pharmaceutical Preparations
EA,Electronic Arts Inc. Common Stock,$151.54,1.97,1.317%,38001075397.00,United States,,3934769,Technology,Computer Software: Prepackaged Software
EBAY,eBay Inc. Common Stock,$71.84,1.24,1.756%,33118240000.00,United States,1998,5575074,Consumer Discretionary,Business Services
EBC,Eastern Bankshares Inc. Common Stock,$15.59,-0.01,-0.064%,3290892274.00,United States,2020,999966,Finance,Savings Institutions
EBTC,Enterprise Bancorp Inc Common Stock,$40.19,-0.25,-0.618%,502712033.00,United States,,36510,Finance,Major Banks
ECPG,Encore Capital Group Inc Common Stock,$40.52,-0.35,-0.856%,946109584.00,United States,,163104,Finance,Finance Companies
ECX,ECARX Holdings Inc. Class A Ordinary shares,$1.59,0.10,6.711%,549710741.00,China,,2358955,Technology,EDP Services
EEFT,Euronet Worldwide Inc. Common Stock,$111.08,1.56,1.424%,4803638604.00,United States,1997,441650,Finance,Investment Bankers/Brokers/Service
EFSC,Enterprise Financial Services Corporation Common Stock,$54.38,-0.43,-0.785%,2008399138.00,United States,,219634,Finance,Major Banks
EFSCP,Enterprise Financial Services Corporation Depositary Shares Each Representing a 1/40th Interest in a Share of 5% Fixed Rate Non-Cumulative Perpetual Preferred Stock Series A,$19.63,0.07,0.358%,724988508.00,United States,,3762,Finance,Major Banks
EH,EHang Holdings Limited ADS,$19.02,-0.07,-0.367%,1369151999.00,China,2019,929510,Industrials,Aerospace
ELPW,Elong Power Holding Limited Class A Ordinary Shares,$6.90,1.30,23.214%,345387187.00,China,,191762,,
ELVN,Enliven Therapeutics Inc. Common Stock,$16.86,-0.96,-5.387%,826214606.00,United States,2020,473950,Health Care,Biotechnology: Pharmaceutical Preparations
EMBC,Embecta Corp. Common Stock,$12.02,0.36,3.087%,702478946.00,United States,,531298,Health Care,Medical/Dental Instruments
ENLT,Enlight Renewable Energy Ltd. Ordinary Shares,$19.05,-0.60,-3.053%,2268771942.00,Israel,2023,12354,Utilities,Electric Utilities: Central
ENPH,Enphase Energy Inc. Common Stock,$50.40,0.675,1.357%,6612833707.00,United States,2012,6249593,Technology,Semiconductors
ENSG,The Ensign Group Inc. Common Stock,$149.75,2.71,1.843%,8609479862.00,United States,2007,421674,Health Care,Hospital/Nursing Management
ENTG,Entegris Inc. Common Stock,$78.24,-0.29,-0.369%,11845536000.00,United States,2000,2972688,Industrials,Plastic Products
ENVX,Enovix Corporation Common Stock,$8.28,0.49,6.29%,1589791944.00,United States,2021,4762118,Miscellaneous,Industrial Machinery/Components
EOLS,Evolus Inc. Common Stock,$9.70,-0.30,-3.00%,625413213.00,United States,2018,1285199,Health Care,Biotechnology: Pharmaceutical Preparations
EOSE,Eos Energy Enterprises Inc. Class A Common Stock,$6.98,-0.13,-1.828%,1588577034.00,United States,,11005610,Miscellaneous,Industrial Machinery/Components
EQIX,Equinix Inc. Common Stock REIT,$875.92,8.68,1.001%,85681610597.00,United States,2000,589453,Real Estate,Real Estate Investment Trusts
ERAS,Erasca Inc. Common Stock,$1.285,0.015,1.181%,364024286.00,United States,2021,889932,Health Care,Biotechnology: Pharmaceutical Preparations
ERIC,Ericsson American Depositary Shares,$8.47,0.01,0.118%,28359692195.00,Sweden,,21548820,Technology,Radio And Television Broadcasting And Communications Equipment
ERIE,Erie Indemnity Company Class A Common Stock,$373.94,5.88,1.598%,17272890643.00,United States,,118261,Finance,Specialty Insurers
ERII,Energy Recovery Inc. Common Stock,$13.16,0.88,7.166%,717209801.00,United States,2008,676677,Technology,Industrial Machinery/Components
ESGR,Enstar Group Limited Ordinary Shares,$334.40,0.24,0.072%,4985938109.00,Bermuda,,108231,Finance,Property-Casualty Insurers
ESGRO,Enstar Group Limited Depository Shares 7.00% Perpetual Non-Cumulative Preference Shares Series E,$20.435,-0.035,-0.171%,304687934.00,Bermuda,,3668,Finance,Property-Casualty Insurers
ESGRP,Enstar Group Limited Depositary Shares Each Representing 1/1000th of an interest in Preference Shares,$21.15,0.03,0.142%,315348657.00,Bermuda,,12532,Finance,Property-Casualty Insurers
ESLT,Elbit Systems Ltd. Ordinary Shares,$395.15,5.26,1.349%,17626361609.00,Israel,,63951,Industrials,Military/Government/Technical
ESQ,Esquire Financial Holdings Inc. Common Stock,$90.81,-0.45,-0.493%,768388270.00,United States,2017,41684,Finance,Commercial Banks
ESTA,Establishment Labs Holdings Inc. Common Shares,$36.16,-0.46,-1.256%,1045647905.00,Costa Rica,2018,305203,Health Care,Industrial Specialties
ETNB,89bio Inc. Common Stock,$7.775,0.135,1.767%,1135027015.00,United States,2019,1051761,Health Care,Biotechnology: Pharmaceutical Preparations
ETON,Eton Pharmaceuticals Inc. Common Stock,$18.93,-0.77,-3.909%,507655938.00,United States,2018,400195,Health Care,Biotechnology: Pharmaceutical Preparations
ETOR,eToro Group Ltd. Class A Common Shares,$64.15,-2.70,-4.039%,5188037783.00,Israel,2025,2055346,Finance,Investment Bankers/Brokers/Service
ETSY,Etsy Inc. Common Stock,$47.02,0.02,0.043%,4903351677.00,United States,2015,4063960,Consumer Discretionary,Business Services
EU,enCore Energy Corp. Common Shares,$1.64,-0.09,-5.202%,305468501.00,United States,,2306783,Basic Materials,Other Metals and Minerals
EVCM,EverCommerce Inc. Common Stock,$10.36,-0.30,-2.814%,1891123413.00,United States,2021,197394,Technology,Computer Software: Prepackaged Software
EVER,EverQuote Inc. Class A Common Stock,$24.27,-0.18,-0.736%,790043472.00,United States,2018,429778,Technology,Computer Software: Programming Data Processing
EVGO,EVgo Inc. Class A Common Stock,$3.85,-0.12,-3.023%,1181827674.00,United States,,4975341,Technology,EDP Services
EVLV,Evolv Technologies Holdings Inc. Class A Common Stock,$5.46,1.26,30.00%,892547975.00,United States,2020,19879450,Technology,Computer peripheral equipment
EVO,Evotec SE American Depositary Shares,$4.06,0.12,3.046%,360093665.00,Germany,2021,44248,Health Care,Biotechnology: Pharmaceutical Preparations
EVRG,Evergy Inc. Common Stock,$66.93,1.23,1.872%,15399970417.00,United States,,2692851,Utilities,Power Generation
EWBC,East West Bancorp Inc. Common Stock,$95.50,0.40,0.421%,13162305836.00,United States,,590128,Finance,Major Banks
EWTX,Edgewise Therapeutics Inc. Common Stock,$14.78,0.33,2.284%,1554859266.00,United States,2021,1281745,Health Care,Biotechnology: Pharmaceutical Preparations
EXAS,Exact Sciences Corporation Common Stock,$56.42,0.25,0.445%,10642937511.00,United States,2001,3213345,Health Care,Medical Specialities
EXC,Exelon Corporation Common Stock,$44.09,0.66,1.52%,44510427426.00,United States,,7844097,Utilities,Power Generation
EXE,Expand Energy Corporation Common Stock,$114.02,-0.07,-0.061%,27134415635.00,United States,,1919438,Energy,Oil & Gas Production
EXEEL,Expand Energy Corporation Class C Warrants,$106.15,0.00,0.00%,25261517450.00,United States,,94,Energy,Oil & Gas Production
EXEEW,Expand Energy Corporation Class A Warrants,$112.52,13.66,13.818%,26777446476.00,United States,,100,Energy,Oil & Gas Production
EXEEZ,Expand Energy Corporation Class B Warrants,$107.24,0.91,0.856%,25520915038.00,United States,,20239,Energy,Oil & Gas Production
EXEL,Exelixis Inc. Common Stock,$45.40,-0.86,-1.859%,12380955912.00,United States,2000,5542258,Health Care,Biotechnology: Biological Products (No Diagnostic Substances)
EXLS,ExlService Holdings Inc. Common Stock,$46.07,-0.12,-0.26%,7495328935.00,United States,2006,1567071,Consumer Discretionary,Business Services
EXPE,Expedia Group Inc. Common Stock,$166.66,0.45,0.271%,21185968527.00,United States,,1759800,Consumer Discretionary,Transportation Services
EXPI,eXp World Holdings Inc. Common Stock,$8.00,0.11,1.394%,1249353040.00,United States,,943473,Finance,Real Estate
EXPO,Exponent Inc. Common Stock,$80.05,0.82,1.035%,4062656134.00,United States,,458574,Consumer Discretionary,Professional Services
EXTR,Extreme Networks Inc. Common Stock,$16.22,-0.12,-0.734%,2159979964.00,United States,1999,838856,Telecommunications,Computer Communications Equipment
EYE,National Vision Holdings Inc. Common Stock,$19.22,0.615,3.306%,1519411326.00,United States,2017,2782804,Health Care,Ophthalmic Goods
EYPT,EyePoint Pharmaceuticals Inc. Common Stock,$6.13,0.41,7.168%,421815942.00,United States,,1117479,Industrials,Biotechnology: Laboratory Analytical Instruments
EZPW,EZCORP Inc. Class A Non Voting Common Stock,$13.96,0.27,1.972%,767992229.00,United States,1991,1175514,Consumer Discretionary,Other Specialty Stores
FA,First Advantage Corporation Common Stock,$18.15,-0.11,-0.602%,3152174914.00,United States,2021,2113733,Consumer Discretionary,Business Services
FANG,Diamondback Energy Inc. Common Stock,$141.13,-0.82,-0.578%,41233664195.00,United States,2012,2291949,Energy,Oil & Gas Production
FARO,FARO Technologies Inc. Common Stock,$42.28,0.04,0.095%,812885427.00,United States,1997,613493,Industrials,Industrial Machinery/Components
FAST,Fastenal Company Common Stock,$83.03,1.15,1.404%,47627721573.00,United States,1987,2544701,Consumer Discretionary,RETAIL: Building Materials
FBIZ,First Business Financial Services Inc. Common Stock,$49.38,-0.56,-1.121%,410784319.00,United States,,31858,Finance,Major Banks
FBNC,First Bancorp Common Stock,$42.33,0.04,0.095%,1753315542.00,United States,1987,155174,Finance,Major Banks
FBYD,Falcon's Beyond Global Inc. Class A Common Stock,$7.11,-0.04,-0.559%,859757425.00,United States,,8578,Consumer Discretionary,Services-Misc. Amusement & Recreation
FCBC,First Community Bankshares Inc. (VA) Common Stock,$39.36,-0.66,-1.649%,719466478.00,United States,,51529,Finance,Major Banks
FCFS,FirstCash Holdings Inc. Common Stock,$126.69,-0.43,-0.338%,5620546867.00,United States,1991,370532,Consumer Discretionary,Other Specialty Stores
FCNCA,First Citizens BancShares Inc. Class A Common Stock,$1953.58,-12.97,-0.66%,25960851119.00,United States,,59231,Finance,Major Banks
FCNCO,First Citizens BancShares Inc. 5.625% Non-Cumulative Perpetual Preferred Stock Series C,$22.7307,-0.0593,-0.26%,302065090.00,United States,,19242,Finance,Major Banks
FDUS,Fidus Investment Corporation Common Stock,$20.18,0.11,0.548%,706539738.00,United States,2011,162844,Finance,Finance/Investors Services
FELE,Franklin Electric Co. Inc. Common Stock,$89.96,1.44,1.627%,4101804555.00,United States,,320731,Consumer Discretionary,Metal Fabrications
FER,Ferrovial SE Ordinary Shares,$50.93,0.90,1.799%,36679077666.00,Netherlands,,230395,Industrials,Military/Government/Technical
FFBC,First Financial Bancorp. Common Stock,$25.10,0.04,0.16%,2402977516.00,United States,,332587,Finance,Major Banks
FFIC,Flushing Financial Corporation Common Stock,$12.79,-0.21,-1.615%,432007932.00,United States,,192212,Finance,Major Banks
FFIN,First Financial Bankshares Inc. Common Stock,$35.86,-0.10,-0.278%,5129784403.00,United States,,437639,Finance,Major Banks
FFIV,F5 Inc. Common Stock,$284.92,2.25,0.796%,16363402924.00,United States,1999,331423,Telecommunications,Computer Communications Equipment
FHB,First Hawaiian Inc. Common Stock,$24.59,0.08,0.326%,3091437882.00,United States,2016,563440,Finance,Major Banks
FIBK,First Interstate BancSystem Inc. Common Stock (DE),$27.61,-0.08,-0.289%,2895933853.00,United States,2010,907335,Finance,Major Banks
FIP,FTAI Infrastructure Inc. Common Stock ,$5.14,-0.11,-2.095%,585661186.00,United States,,1935876,Energy,Oil Refining/Marketing
FISI,Financial Institutions Inc. Common Stock,$26.93,-0.24,-0.883%,541554544.00,United States,1999,73609,Finance,Major Banks
FITB,Fifth Third Bancorp Common Stock,$39.64,0.15,0.38%,26459390055.00,United States,,3128508,Finance,Major Banks
FITBI,Fifth Third Bancorp Depositary Shares,$25.45,0.04,0.157%,16987676006.00,United States,,35070,Finance,Major Banks
FITBO,Fifth Third Bancorp Depositary Shares each representing a 1/1000th ownership interest in a share of Non-Cumulative Perpetual Preferred Stock Series K,$21.63,0.06,0.278%,14437855875.00,United States,,12572,Finance,Major Banks
FITBP,Fifth Third Bancorp Depositary Shares each representing 1/40th share of Fifth Third 6.00% Non-Cumulative Perpetual Class B Preferred Stock Series A,$24.44,0.22,0.908%,16313508904.00,United States,,25590,Finance,Major Banks
FIVE,Five Below Inc. Common Stock,$106.52,0.91,0.862%,5863857614.00,United States,2012,2241779,Consumer Discretionary,Department/Specialty Retail Stores
FIVN,Five9 Inc. Common Stock,$28.05,0.38,1.373%,2139429993.00,United States,2014,1252521,Technology,EDP Services
FIZZ,National Beverage Corp. Common Stock,$44.88,0.45,1.013%,4201676640.00,United States,,170448,Consumer Staples,Beverages (Production/Distribution)
FLEX,Flex Ltd. Ordinary Shares,$42.02,0.07,0.167%,16097990371.00,Singapore,1994,2713481,Technology,Electrical Products
FLGT,Fulgent Genetics Inc. Common Stock,$20.35,0.31,1.547%,619527158.00,United States,2016,312547,Health Care,Medical Specialities
FLNC,Fluence Energy Inc. Class A Common Stock,$5.405,0.035,0.652%,984888658.00,United States,2021,5456116,Miscellaneous,Industrial Machinery/Components
FLYW,Flywire Corporation Voting Common Stock,$11.36,0.03,0.265%,1359621873.00,United States,2021,1684359,Consumer Discretionary,Business Services
FMAO,Farmers & Merchants Bancorp Inc. Common Stock,$25.62,-0.86,-3.248%,351457363.00,United States,,18095,Finance,Savings Institutions
FMBH,First Mid Bancshares Inc. Common Stock,$36.97,-0.36,-0.964%,886873145.00,United States,,61963,Finance,Major Banks
FMNB,Farmers National Banc Corp. Common Stock,$13.71,-0.18,-1.296%,516051598.00,United States,,81635,Finance,Major Banks
FOLD,Amicus Therapeutics Inc. Common Stock,$6.43,0.48,8.067%,1979996227.00,United States,2007,8141540,Health Care,Biotechnology: Pharmaceutical Preparations
FORM,FormFactor Inc. FormFactor Inc. Common Stock,$32.06,-0.76,-2.316%,2471077143.00,United States,2003,465466,Technology,Semiconductors
FORTY,Formula Systems (1985) Ltd. American Depositary Shares,$101.83,5.78,6.018%,1559798031.00,Israel,,180,Technology,EDP Services
FOSLL,Fossil Group Inc. 7% Senior Notes due 2026,$16.69,0.915,5.80%,888887085.00,United States,,31915,Consumer Discretionary,Consumer Specialties
FOX,Fox Corporation Class B Common Stock,$51.85,0.54,1.052%,23312702944.00,United States,,1312133,Industrials,Broadcasting
FOXA,Fox Corporation Class A Common Stock,$56.08,0.62,1.118%,25214587871.00,United States,,3573065,Industrials,Broadcasting
FOXF,Fox Factory Holding Corp. Common Stock,$26.04,0.26,1.009%,1086190844.00,United States,2013,655878,Consumer Discretionary,Motor Vehicles
FRBA,First Bank Common Stock,$15.13,-0.14,-0.917%,380283517.00,United States,2013,35167,Finance,Commercial Banks
FRHC,Freedom Holding Corp. Common Stock,$176.00,5.75,3.377%,10669158192.00,Kazakhstan,,114727,Finance,Investment Bankers/Brokers/Service
FRME,First Merchants Corporation Common Stock,$39.18,-0.09,-0.229%,2284467751.00,United States,,232336,Finance,Major Banks
FRMEP,First Merchants Corporation Depository Shares,$25.50,0.3968,1.581%,1486828169.00,United States,,1642,Finance,Major Banks
FROG,JFrog Ltd. Ordinary Shares,$43.11,-0.06,-0.139%,4939153568.00,United States,2020,768592,Technology,Computer Software: Prepackaged Software
FRPH,FRP Holdings Inc. Common Stock,$26.58,0.27,1.026%,507341338.00,United States,,56224,Finance,Real Estate
FRPT,Freshpet Inc. Common Stock,$87.65,4.37,5.247%,4275312026.00,United States,2014,1923654,Consumer Staples,Packaged Foods
FRSH,Freshworks Inc. Class A Common Stock,$15.49,0.01,0.065%,4569747389.00,United States,2021,1863445,Technology,Computer Software: Prepackaged Software
FSBC,Five Star Bancorp Common Stock,$28.97,-0.45,-1.53%,618827909.00,United States,2021,48227,Finance,Major Banks
FSBW,FS Bancorp Inc. Common Stock,$40.32,-0.62,-1.514%,310360337.00,United States,2012,21017,Finance,Banks
FSLR,First Solar Inc. Common Stock,$178.46,-7.72,-4.147%,19138849722.00,United States,2006,5256289,Technology,Semiconductors
FSUN,FirstSun Capital Bancorp Common Stock,$36.86,0.11,0.299%,1025938313.00,United States,,69743,Finance,Major Banks
FSV,FirstService Corporation Common Shares,$175.63,0.02,0.011%,7981242081.00,Canada,,74285,Finance,Real Estate
FTAI,FTAI Aviation Ltd. Common Stock,$117.98,0.57,0.485%,12099553931.00,United States,,1514431,Industrials,Misc Corporate Leasing Services
FTAIM,FTAI Aviation Ltd. 9.500% Fixed-Rate Reset Series D Cumulative Perpetual Redeemable Preferred Shares,$25.81,-0.11,-0.424%,2646969715.00,United States,,3031,Industrials,Misc Corporate Leasing Services
FTAIN,FTAI Aviation Ltd. 8.25% Fixed - Rate Reset Series C Cumulative Perpetual Redeemable Preferred Shares,$25.45,0.26,1.032%,2610049564.00,United States,,2394,Industrials,Misc Corporate Leasing Services
FTDR,Frontdoor Inc. Common Stock,$55.30,0.25,0.454%,4069294574.00,United States,,451289,Finance,Diversified Commercial Services
FTNT,Fortinet Inc. Common Stock,$104.59,2.03,1.979%,80054907133.00,United States,2009,4510482,Technology,Computer peripheral equipment
FTRE,Fortrea Holdings Inc. Common Stock,$4.44,-0.31,-6.526%,401820000.00,United States,,4311094,Health Care,Medical Specialities
FUFU,BitFuFu Inc. Class A Ordinary Shares,$3.72,0.05,1.362%,606756608.00,Singapore,,420400,Finance,Finance: Consumer Services
FULC,Fulcrum Therapeutics Inc. Common Stock,$6.88,0.28,4.242%,371377625.00,United States,2019,1040199,Health Care,Biotechnology: Pharmaceutical Preparations
FULT,Fulton Financial Corporation Common Stock,$18.20,-0.10,-0.546%,3308659991.00,United States,,944505,Finance,Major Banks
FULTP,Fulton Financial Corporation Depositary Shares Each Representing a 1/40th Interest in a Share of Fixed Rate Non-Cumulative Perpetual Preferred Stock Series A,$18.90,-0.10,-0.526%,3435916145.00,United States,,2438,Finance,Major Banks
FUTU,Futu Holdings Limited American Depositary Shares,$107.58,1.82,1.721%,14978094773.00,Hong Kong,2019,2234727,Finance,Investment Bankers/Brokers/Service
FWONA,Liberty Media Corporation Series A Liberty Formula One Common Stock,$89.11,0.38,0.428%,22227816185.00,United States,,88438,Industrials,Broadcasting
FWONK,Liberty Media Corporation Series C Liberty Formula One Common Stock,$96.71,0.00,0.00%,24123578759.00,United States,,813074,Industrials,Broadcasting
FWRD,Forward Air Corporation Common Stock,$19.17,0.29,1.536%,583213147.00,United States,,434387,Consumer Discretionary,Oil Refining/Marketing
FWRG,First Watch Restaurant Group Inc. Common Stock,$17.25,0.20,1.173%,1052132942.00,United States,2021,529095,Consumer Discretionary,Restaurants
FYBR,Frontier Communications Parent Inc. Common Stock,$36.67,0.07,0.191%,9176557490.00,United States,,9022986,Telecommunications,Telecommunications Equipment
GABC,German American Bancorp Inc. Common Stock,$39.53,-0.35,-0.878%,1481611794.00,United States,,102251,Finance,Major Banks
GAIN,Gladstone Investment Corporation Business Development Company,$14.70,0.21,1.449%,541509501.00,United States,2005,154342,Finance,Finance: Consumer Services
GAINL,Gladstone Investment Corporation 8.00% Notes due 2028,$25.5713,-0.0787,-0.307%,941979721.00,United States,,1162,Finance,Finance: Consumer Services
GAINN,Gladstone Investment Corporation 5.00% Notes Due 2026,$24.98,0.16,0.645%,920197777.00,United States,,645,Finance,Finance: Consumer Services
GAINZ,Gladstone Investment Corporation 4.875% Notes due 2028,$22.94,0.00,0.00%,845049520.00,United States,,5096,Finance,Finance: Consumer Services
GAMB,Gambling.com Group Limited Ordinary Shares,$12.43,-0.09,-0.719%,432102835.00,Jersey,2021,844549,Consumer Discretionary,Services-Misc. Amusement & Recreation
GBDC,Golub Capital BDC Inc. Common Stock,$15.04,0.10,0.669%,4006469745.00,United States,2010,1082998,Finance,Finance: Consumer Services
GBFH,GBank Financial Holdings Inc. Common Stock,$41.93,0.18,0.431%,598488652.00,United States,,32678,Finance,Commercial Banks
GCBC,Greene County Bancorp Inc. Common Stock,$23.31,-0.09,-0.385%,396895361.00,United States,,35098,Finance,Banks
GCMG,GCM Grosvenor Inc. Class A Common Stock,$12.57,-0.01,-0.079%,2441467078.00,United States,,324028,Finance,Investment Managers
GCT,GigaCloud Technology Inc Class A Ordinary Shares,$18.88,0.67,3.679%,718732563.00,United States,2022,945221,Consumer Discretionary,Catalog/Specialty Distribution
GDEN,Golden Entertainment Inc. Common Stock,$29.43,0.14,0.478%,777990438.00,United States,,174412,Consumer Discretionary,Services-Misc. Amusement & Recreation
GDRX,GoodRx Holdings Inc. Class A Common Stock,$3.96,-0.05,-1.247%,1414391161.00,United States,2020,1311359,Technology,EDP Services
GDS,GDS Holdings Limited ADS,$27.23,0.79,2.988%,5293447002.00,China,2016,1477461,Technology,Computer Software: Programming Data Processing
GDYN,Grid Dynamics Holdings Inc. Class A Common Stock,$13.97,-0.39,-2.716%,1181130712.00,United States,2018,829938,Technology,Computer Software: Prepackaged Software
GEGGL,Great Elm Group Inc.  7.25% Notes due 2027,$23.345,-0.0719,-0.307%,652270412.00,United States,,789,Finance,Finance: Consumer Services
GEHC,GE HealthCare Technologies Inc. Common Stock ,$73.13,0.22,0.302%,33485129904.00,United States,,3309522,Health Care,Medical Electronics
GEN,Gen Digital Inc. Common Stock,$28.81,-0.16,-0.552%,17755642441.00,United States,,3807686,Technology,Computer Software: Prepackaged Software
GENVR,Gen Digital Inc. Contingent Value Rights,$7.67,-0.13,-1.667%,4727031500.00,United States,,2649,Technology,Computer Software: Prepackaged Software
GERN,Geron Corporation Common Stock,$1.27,0.06,4.959%,808885553.00,United States,1996,13835778,Health Care,Biotechnology: Pharmaceutical Preparations
GFS,GlobalFoundries Inc. Ordinary Shares,$39.54,0.00,0.00%,21862173021.00,United States,2021,1391915,Technology,Semiconductors
GGAL,Grupo Financiero Galicia S.A. American Depositary Shares,$62.02,0.23,0.372%,9961985633.00,Argentina,,682791,Finance,Commercial Banks
GH,Guardant Health Inc. Common Stock,$40.67,0.21,0.519%,5038526790.00,United States,2018,1632207,Health Care,Medical Specialities
GHRS,GH Research PLC Ordinary Shares,$10.98,0.28,2.617%,681069032.00,Ireland,2021,76904,Health Care,Biotechnology: Pharmaceutical Preparations
GIII,G-III Apparel Group LTD. Common Stock,$28.13,0.25,0.897%,1234434613.00,United States,1989,265670,Consumer Discretionary,Apparel
GILD,Gilead Sciences Inc. Common Stock,$102.50,2.16,2.153%,127502734903.00,United States,1992,6398441,Health Care,Biotechnology: Biological Products (No Diagnostic Substances)
GILT,Gilat Satellite Networks Ltd. Ordinary Shares,$6.68,-0.01,-0.149%,381189871.00,Israel,,491593,Technology,Radio And Television Broadcasting And Communications Equipment
GLAD,Gladstone Capital Corporation Common Stock,$26.89,0.26,0.976%,600449720.00,United States,2001,68148,Consumer Discretionary,Textiles
GLADZ,Gladstone Capital Corporation 7.75% Notes due 2028,$25.4312,0.0812,0.32%,553241743.00,United States,,3502,,
GLBE,Global-E Online Ltd. Ordinary Shares,$33.04,-0.07,-0.211%,5588097095.00,Israel,2021,1674200,Technology,Computer Software: Prepackaged Software
GLDD,Great Lakes Dredge & Dock Corporation Common Stock,$11.20,-0.11,-0.973%,760775478.00,United States,,483018,Industrials,Military/Government/Technical
GLNG,Golar Lng Ltd,$39.48,0.46,1.179%,4130495352.00,Bermuda,,2340116,Consumer Discretionary,Marine Transportation
GLPG,Galapagos NV American Depositary Shares,$27.75,0.89,3.313%,1828643720.00,Belgium,2015,421366,Health Care,Biotechnology: Pharmaceutical Preparations
GLPI,Gaming and Leisure Properties Inc. Common Stock,$47.61,0.72,1.536%,13084799082.00,United States,,2115410,Real Estate,Real Estate Investment Trusts
GLRE,Greenlight Capital Re Ltd. Class A Ordinary Shares,$13.58,0.12,0.892%,469262753.00,Cayman Islands,2007,115913,Finance,Property-Casualty Insurers
GMAB,Genmab A/S ADS,$19.88,0.23,1.17%,13158012577.00,Denmark,2019,836564,Health Care,Biotechnology: Pharmaceutical Preparations
GNTX,Gentex Corporation Common Stock,$23.07,0.40,1.764%,5186212846.00,United States,,3070904,Consumer Discretionary,Auto Parts:O.E.M.
GO,Grocery Outlet Holding Corp. Common Stock,$14.22,0.25,1.79%,1394051358.00,United States,2019,3161575,Consumer Staples,Food Chains
GOGL,Golden Ocean Group Limited Common Stock,$8.06,0.07,0.876%,1607190542.00,Bermuda,,1736512,Consumer Discretionary,Marine Transportation
GOGO,Gogo Inc. Common Stock,$12.56,0.36,2.951%,1661230615.00,United States,2013,1475930,Consumer Discretionary,Telecommunications Equipment
GOOD,Gladstone Commercial Corporation Real Estate Investment Trust,$14.25,0.00,0.00%,659530798.00,United States,2003,462913,Real Estate,Real Estate
GOODN,Gladstone Commercial Corporation 6.625% Series E Cumulative Redeemable Preferred Stock,$22.265,0.105,0.474%,1030487945.00,United States,,1404,Real Estate,Real Estate
GOODO,Gladstone Commercial Corporation 6.00% Series G Cumulative Redeemable Preferred Stock par value $0.001 per share,$20.79,0.16,0.776%,962220722.00,United States,,5276,Real Estate,Real Estate
GOOG,Alphabet Inc. Class C Capital Stock,$167.43,2.03,1.227%,2031763050000.00,United States,2004,36271378,Technology,Computer Software: Programming Data Processing
GOOGL,Alphabet Inc. Class A Common Stock,$166.19,2.23,1.36%,2016715650000.00,United States,2004,42846925,Technology,Computer Software: Programming Data Processing
GPCR,Structure Therapeutics Inc. American Depositary Shares,$25.17,0.74,3.029%,1448199998.00,United States,2023,827127,Health Care,Biotechnology: Pharmaceutical Preparations
GPRE,Green Plains Inc. Common Stock,$5.23,0.18,3.564%,342039134.00,United States,,1613496,Industrials,Major Chemicals
GRAB,Grab Holdings Limited Class A Ordinary Shares,$5.09,0.03,0.593%,20737362771.00,Singapore,,24671121,Consumer Discretionary,Business Services
GRABW,Grab Holdings Limited Warrant,$0.48,0.0299,6.643%,1955586273.00,Singapore,,34420,Consumer Discretionary,Business Services
GRAL,GRAIL Inc. Common Stock ,$39.91,0.92,2.36%,1352759268.00,United States,,2075772,Health Care,Medical Specialities
GRFS,Grifols S.A. American Depositary Shares,$7.76,-0.09,-1.146%,5335426086.00,Spain,,908618,Health Care,Biotechnology: Pharmaceutical Preparations
GRPN,Groupon Inc. Common Stock,$26.00,-0.06,-0.23%,1035219640.00,United States,2011,1192325,Consumer Discretionary,Advertising
GRRR,Gorilla Technology Group Inc. Ordinary shares,$17.72,1.15,6.94%,358338128.00,Taiwan,,1621857,Technology,Computer Software: Prepackaged Software
GRVY,GRAVITY Co. Ltd. American Depository Shares,$64.75,0.58,0.904%,449941275.00,South Korea,2005,4892,Consumer Discretionary,Business Services
GSAT,Globalstar Inc. Common Stock,$18.35,-0.31,-1.661%,2322800362.00,United States,2025,659576,Consumer Discretionary,Telecommunications Equipment
GSBC,Great Southern Bancorp Inc. Common Stock,$58.105,-0.705,-1.199%,666343492.00,United States,1989,22541,Finance,Major Banks
GSHD,Goosehead Insurance Inc. Class A Common Stock,$113.83,4.93,4.527%,4272042404.00,United States,2018,406009,Finance,Specialty Insurers
GSM,Ferroglobe PLC Ordinary Shares,$3.84,0.04,1.053%,716643345.00,United Kingdom,,790216,Basic Materials,Metal Mining
GT,The Goodyear Tire & Rubber Company Common Stock,$10.77,-0.27,-2.446%,3077023658.00,United States,,6253360,Consumer Discretionary,Automotive Aftermarket
GTLB,GitLab Inc. Class A Common Stock,$51.49,-0.32,-0.618%,8444360000.00,United States,2021,1945863,Technology,Computer Software: Prepackaged Software
GTM,ZoomInfo Technologies Inc Common Stock,$10.20,0.14,1.392%,3354894240.00,United States,2020,5016563,Technology,Computer Software: Prepackaged Software
GTX,Garrett Motion Inc. Common Stock,$12.00,0.12,1.01%,2431439364.00,Switzerland,,1789146,Consumer Discretionary,Auto Parts:O.E.M.
GYRE,Gyre Therapeutics Inc. Common Stock,$11.35,0.41,3.748%,1064148783.00,United States,2006,140695,Health Care,Biotechnology: Pharmaceutical Preparations
HAFC,Hanmi Financial Corporation Common Stock,$23.86,-0.14,-0.583%,720860587.00,United States,,162259,Finance,Major Banks
HALO,Halozyme Therapeutics Inc. Common Stock,$52.02,3.07,6.272%,6409956420.00,United States,,3978479,Health Care,Biotechnology: Biological Products (No Diagnostic Substances)
HAS,Hasbro Inc. Common Stock,$67.21,0.74,1.113%,9418095831.00,United States,,1522656,Consumer Discretionary,Recreational Games/Products/Toys
HBAN,Huntington Bancshares Incorporated Common Stock,$16.18,0.08,0.497%,23571212028.00,United States,,15203009,Finance,Major Banks
HBANL,Huntington Bancshares Incorporated Depositary Shares Each Representing a 1/40th Interest in a Share of 6.875% Series J Non-Cumulative Perpetual Preferred Stock,$25.42,0.10,0.395%,37032151406.00,United States,,18314,Finance,Major Banks
HBANM,Huntington Bancshares Incorporated Depositary Shares each representing a 1/1000th interest in a share of Huntington Series I Preferred Stock,$22.62,0.20,0.892%,32953078867.00,United States,,3232,Finance,Major Banks
HBANP,Huntington Bancshares Incorporated Depositary Shares 4.500% Series H Non-Cumulative Perpetual Preferred Stock,$17.60,0.10,0.571%,25639884530.00,United States,,45810,Finance,Major Banks
HBCP,Home Bancorp Inc. Common Stock,$51.27,-0.61,-1.176%,399976137.00,United States,2008,23341,Finance,Banks
HBNC,Horizon Bancorp Inc. Common Stock,$15.80,-0.08,-0.504%,696737198.00,United States,,150325,Finance,Major Banks
HBT,HBT Financial Inc. Common Stock,$24.30,-0.13,-0.532%,765339046.00,United States,2019,34486,Finance,Major Banks
HCKT,Hackett Group Inc (The). Common Stock,$25.85,0.04,0.155%,714887566.00,United States,,172581,Consumer Discretionary,Professional Services
HCM,HUTCHMED (China) Limited American Depositary Shares,$13.39,0.30,2.292%,778049249.00,Hong Kong,2016,43874,Health Care,Biotechnology: Pharmaceutical Preparations
HCSG,Healthcare Services Group Inc. Common Stock,$14.80,0.34,2.351%,1079195724.00,United States,1983,544220,Health Care,Hospital/Nursing Management
HDL,SUPER HI INTERNATIONAL HOLDING LTD. American Depositary Shares,$22.90,0.00,0.00%,1489184710.00,Singapore,2024,211,Consumer Discretionary,Restaurants
HDSN,Hudson Technologies Inc. Common Stock,$7.82,-0.06,-0.761%,340019238.00,United States,,480510,Consumer Discretionary,Industrial Specialties
HEES,H&E Equipment Services Inc. Common Stock,$96.29,0.31,0.323%,3530625373.00,United States,2006,379797,Industrials,Misc Corporate Leasing Services
HELE,Helen of Troy Limited Common Stock,$30.49,0.73,2.453%,699521399.00,Bermuda,,469556,Consumer Discretionary,Home Furnishings
HEPS,D-Market Electronic Services & Trading American Depositary Shares,$2.68,-0.02,-0.741%,861306188.00,Turkey,2021,127798,Consumer Discretionary,Catalog/Specialty Distribution
HFWA,Heritage Financial Corporation Common Stock,$23.93,-0.36,-1.482%,816144998.00,United States,,171504,Finance,Banks
HIFS,Hingham Institution for Savings Common Stock,$266.62,-2.86,-1.061%,572539788.00,United States,,76914,Finance,Banks
HIMX,Himax Technologies Inc. American Depositary Shares,$8.26,-0.18,-2.133%,1444784800.00,Taiwan,2006,1069682,Technology,Semiconductors
HIVE,HIVE Digital Technologies Ltd. Common Shares,$2.07,0.23,12.50%,342823435.00,Canada,,20746533,Finance,Finance: Consumer Services
HLIT,Harmonic Inc. Common Stock,$9.54,-0.06,-0.625%,1078943615.00,United States,1995,768742,Technology,Radio And Television Broadcasting And Communications Equipment
HLMN,Hillman Solutions Corp. Common Stock,$8.06,-0.04,-0.494%,1591919098.00,United States,2020,740507,Consumer Discretionary,Industrial Machinery/Components
HLNE,Hamilton Lane Incorporated Class A Common Stock,$172.74,2.63,1.546%,9576634086.00,United States,2017,387017,Finance,Investment Managers
HNRG,Hallador Energy Company Common Stock,$19.23,0.34,1.80%,826431941.00,United States,,728916,Energy,Coal Mining
HNST,The Honest Company Inc. Common Stock,$5.51,0.31,5.962%,607406206.00,United States,2021,3237783,Consumer Discretionary,Catalog/Specialty Distribution
HOLX,Hologic Inc. Common Stock,$56.79,1.05,1.884%,12655381520.00,United States,1990,2768388,Health Care,Medical Electronics
HON,Honeywell International Inc. Common Stock,$222.88,1.72,0.778%,143241166758.00,United States,,2895966,Industrials,Aerospace
HONE,HarborOne Bancorp Inc. Common Stock,$11.70,-0.04,-0.341%,504164466.00,United States,2016,331357,Finance,Major Banks
HOOD,Robinhood Markets Inc. Class A Common Stock,$61.76,1.08,1.78%,54501283031.00,United States,2021,24538706,Finance,Investment Bankers/Brokers/Service
HOPE,Hope Bancorp Inc. Common Stock,$10.52,-0.03,-0.284%,1347149972.00,United States,,757741,Finance,Major Banks
HPK,HighPeak Energy Inc. Common Stock,$9.82,-0.10,-1.008%,1237982222.00,United States,,294206,Energy,Oil & Gas Production
HQY,HealthEquity Inc. Common Stock,$98.23,0.58,0.594%,8496546185.00,United States,2014,815837,Consumer Discretionary,Business Services
HRMY,Harmony Biosciences Holdings Inc. Common Stock,$35.07,0.84,2.454%,2013870867.00,United States,2020,410921,Health Care,Biotechnology: Pharmaceutical Preparations
HROW,Harrow Inc. Common Stock,$28.41,2.79,10.89%,1042634301.00,United States,,638294,Health Care,Biotechnology: Pharmaceutical Preparations
HROWL,Harrow Inc. 8.625% Senior Notes due 2026,$25.30,0.10,0.397%,928498691.00,United States,,1155,Health Care,Biotechnology: Pharmaceutical Preparations
HROWM,Harrow  Inc. 11.875% Senior Notes due 2027,$26.235,-0.465,-1.742%,962812773.00,United States,,5619,Health Care,Biotechnology: Pharmaceutical Preparations
HRTX,Heron Therapeutics Inc. Common Stock,$1.97,0.10,5.348%,300550359.00,United States,,1256773,Health Care,Biotechnology: Pharmaceutical Preparations
HSAI,Hesai Group American Depositary Share each ADS represents one Class B ordinary share,$17.68,0.32,1.843%,2342028300.00,China,2023,6814566,Industrials,Industrial Machinery/Components
HSIC,Henry Schein Inc. Common Stock,$72.05,0.51,0.713%,8769893289.00,United States,1995,1036158,Health Care,Medical Specialities
HSII,Heidrick & Struggles International Inc. Common Stock,$43.05,-0.13,-0.301%,887724837.00,United States,1999,183697,Consumer Discretionary,Diversified Commercial Services
HST,Host Hotels & Resorts Inc. Common Stock,$15.56,0.16,1.039%,10794196422.00,United States,,5768478,Real Estate,Real Estate Investment Trusts
HSTM,HealthStream Inc. Common Stock,$28.49,0.92,3.337%,869664828.00,United States,2000,321244,Technology,Computer Software: Programming Data Processing
HTBK,Heritage Commerce Corp Common Stock,$9.48,-0.04,-0.42%,583925492.00,United States,,248260,Finance,Major Banks
HTHT,H World Group Limited American Depositary Shares,$37.58,0.27,0.724%,11534770363.00,China,2010,1456788,Consumer Discretionary,Hotels/Resorts
HTLD,Heartland Express Inc. Common Stock,$9.06,-0.08,-0.875%,711695308.00,United States,1986,680752,Industrials,Trucking Freight/Courier Services
HTO,H2O America Common Stock,$52.55,0.96,1.861%,1796313865.00,United States,,232575,Utilities,Water Supply
HTZ,Hertz Global Holdings Inc Common Stock,$6.66,0.35,5.547%,2060011746.00,United States,,10514725,Consumer Discretionary,Rental/Leasing Companies
HTZWW,Hertz Global Holdings Inc Warrant,$3.60,0.13,3.746%,1113519863.00,United States,,156620,Consumer Discretionary,Rental/Leasing Companies
HUBG,Hub Group Inc. Class A Common Stock,$35.96,0.22,0.616%,2202349990.00,United States,1996,481190,Consumer Discretionary,Oil Refining/Marketing
HUMA,Humacyte Inc. Common Stock,$2.24,0.35,18.519%,347466148.00,United States,2020,6939575,Health Care,Biotechnology: Biological Products (No Diagnostic Substances)
HURN,Huron Consulting Group Inc. Common Stock,$152.93,4.88,3.296%,2637741840.00,United States,2004,249125,Consumer Discretionary,Professional Services
HUT,Hut 8 Corp. Common Stock,$17.13,1.55,9.949%,1779047901.00,United States,,11037622,Finance,Finance: Consumer Services
HWC,Hancock Whitney Corporation Common Stock,$56.77,-0.23,-0.404%,4861964180.00,United States,,754636,Finance,Major Banks
HWCPZ,Hancock Whitney Corporation 6.25% Subordinated Notes due 2060,$24.55,0.15,0.615%,2102540437.00,United States,,8287,Finance,Major Banks
HWKN,Hawkins Inc. Common Stock,$122.68,3.86,3.249%,2567570211.00,United States,,122340,Consumer Discretionary,Specialty Chemicals
IAC,IAC Inc. Common Stock,$37.80,-0.09,-0.238%,3018019057.00,United States,,1049771,Technology,Computer Software: Programming Data Processing
IART,Integra LifeSciences Holdings Corporation Common Stock,$13.57,0.56,4.304%,1054555558.00,United States,,956351,Health Care,Medical/Dental Instruments
IAS,Integral Ad Science Holding Corp. Common Stock,$8.09,0.05,0.622%,1334981867.00,United States,2021,1990030,Technology,Computer Software: Programming Data Processing
IBCP,Independent Bank Corporation Common Stock,$32.44,-0.34,-1.037%,672187294.00,United States,,64868,Finance,Major Banks
IBEX,IBEX Limited Common Shares,$28.59,0.28,0.989%,382317030.00,Bermuda,2020,157926,Technology,EDP Services
IBKR,Interactive Brokers Group Inc. Class A Common Stock,$209.15,2.16,1.044%,22788760210.00,United States,2019,1159930,Finance,Investment Bankers/Brokers/Service
IBOC,International Bancshares Corporation Common Stock,$65.21,-0.45,-0.685%,4052275647.00,United States,,199775,Finance,Major Banks
IBRX,ImmunityBio Inc. Common Stock,$2.84,0.17,6.367%,2506641962.00,United States,2015,8765491,Health Care,Biotechnology: Biological Products (No Diagnostic Substances)
ICFI,ICF International Inc. Common Stock,$87.78,-0.70,-0.791%,1616127675.00,United States,2006,224978,Consumer Discretionary,Professional Services
ICHR,Ichor Holdings Ordinary Shares,$18.30,-0.68,-3.583%,624393786.00,United States,2016,455367,Technology,Semiconductors
ICLR,ICON plc Ordinary Shares,$131.63,0.97,0.742%,10630025482.00,Ireland,1998,870257,Health Care,Biotechnology: Commercial Physical & Biological Resarch
ICUI,ICU Medical Inc. Common Stock,$141.38,0.84,0.598%,3479635653.00,United States,1992,265115,Health Care,Medical/Dental Instruments
IDCC,InterDigital Inc. Common Stock,$218.69,2.46,1.138%,5672104577.00,United States,,228816,Miscellaneous,Multi-Sector Companies
IDXX,IDEXX Laboratories Inc. Common Stock,$518.10,6.11,1.193%,41666595198.00,United States,1991,524929,Health Care,Biotechnology: In Vitro & In Vivo Diagnostic Substances
IDYA,IDEAYA Biosciences Inc. Common Stock,$17.82,0.51,2.946%,1560710581.00,United States,2019,1400797,Health Care,Biotechnology: Pharmaceutical Preparations
IEP,Icahn Enterprises L.P. Common Stock,$9.75,0.08,0.827%,5324339485.00,United States,,2048292,Consumer Discretionary,Auto Parts:O.E.M.
IESC,IES Holdings Inc. Common Stock,$270.42,7.63,2.903%,5369031175.00,United States,,73755,Industrials,Engineering & Construction
IGIC,International General Insurance Holdings Ltd. Ordinary Share,$24.09,0.19,0.795%,1086674268.00,Jordan,2018,75104,Finance,Property-Casualty Insurers
IIIV,i3 Verticals Inc. Class A Common Stock,$26.20,-0.20,-0.758%,870280317.00,United States,2018,282575,Consumer Discretionary,Business Services
ILMN,Illumina Inc. Common Stock,$83.62,2.72,3.362%,13237046000.00,United States,2000,2341745,Health Care,Medical Specialities
IMCR,Immunocore Holdings plc American Depositary Shares,$30.37,1.31,4.508%,1460443068.00,United Kingdom,2021,416728,Health Care,Biotechnology: Biological Products (No Diagnostic Substances)
IMKTA,Ingles Markets Incorporated Class A Common Stock,$62.82,0.56,0.899%,1193226700.00,United States,1987,126825,Consumer Staples,Food Chains
IMNM,Immunome Inc. Common Stock,$8.06,0.06,0.75%,701319364.00,United States,2020,1128746,Health Care,Biotechnology: Pharmaceutical Preparations
IMOS,ChipMOS TECHNOLOGIES INC. American Depositary Shares,$19.21,0.21,1.105%,692407276.00,Taiwan,,21679,Technology,Semiconductors
IMPPP,Imperial Petroleum Inc. 8.75% Series A Cumulative Redeemable Perpetual Preferred Shares,$24.50,0.19,0.782%,843173258.00,Greece,,1371,Consumer Discretionary,Marine Transportation
IMTX,Immatics N.V. Ordinary Shares,$4.74,0.05,1.066%,576147801.00,Germany,,605318,Health Care,Biotechnology: Biological Products (No Diagnostic Substances)
IMVT,Immunovant Inc. Common Stock,$14.46,0.54,3.879%,2456185476.00,United States,2019,1091699,Health Care,Biotechnology: Biological Products (No Diagnostic Substances)
IMXI,International Money Express Inc. Common Stock,$11.51,0.13,1.142%,345031253.00,United States,2017,259936,Consumer Discretionary,Business Services
INCY,Incyte Corp. Common Stock,$63.31,0.55,0.876%,12254912522.00,United States,,1330221,Health Care,Biotechnology: Commercial Physical & Biological Resarch
INDB,Independent Bank Corp. Common Stock,$64.70,-0.09,-0.139%,2757417532.00,United States,,356117,Finance,Major Banks
INDI,indie Semiconductor Inc. Class A Common Stock,$2.70,-0.08,-2.878%,573787125.00,United States,,2150736,Technology,Semiconductors
INDV,Indivior PLC Ordinary Shares,$11.34,0.27,2.439%,1414766448.00,United Kingdom,,1093693,Health Care,Biotechnology: Pharmaceutical Preparations
INMD,InMode Ltd. Ordinary Shares,$14.67,-0.04,-0.272%,1020425689.00,Israel,2019,1038069,Health Care,Biotechnology: Electromedical & Electrotherapeutic Apparatus
INNV,InnovAge Holding Corp. Common Stock,$4.19,-0.03,-0.711%,565704269.00,United States,2021,43601,Health Care,Medical/Nursing Services
INOD,Innodata Inc. Common Stock,$36.73,1.33,3.757%,1166005236.00,United States,1993,1583881,Technology,EDP Services
INSM,Insmed Incorporated Common Stock,$68.12,0.90,1.339%,12407303435.00,United States,,1789605,Health Care,Biotechnology: Pharmaceutical Preparations
INTA,Intapp Inc. Common Stock,$58.28,1.35,2.371%,4718071387.00,United States,2021,877673,Technology,Computer Software: Prepackaged Software
INTC,Intel Corporation Common Stock,$21.66,0.11,0.51%,94480920000.00,United States,,55795144,Technology,Semiconductors
INTR,Inter & Co. Inc. Class A Common Shares,$6.75,-0.14,-2.032%,2968003154.00,Brazil,,1813200,Finance,Commercial Banks
INTU,Intuit Inc. Common Stock,$670.28,8.97,1.356%,187384817360.00,United States,1993,1555209,Technology,Computer Software: Prepackaged Software
INVA,Innoviva Inc. Common Stock,$18.58,0.25,1.364%,1166362714.00,United States,2004,818848,Health Care,Biotechnology: Pharmaceutical Preparations
IONS,Ionis Pharmaceuticals Inc. Common Stock,$33.56,0.57,1.728%,5341379362.00,United States,,893978,Health Care,Biotechnology: Pharmaceutical Preparations
IOSP,Innospec Inc. Common Stock,$88.99,0.72,0.816%,2221190311.00,United States,,270451,Industrials,Major Chemicals
IOVA,Iovance Biotherapeutics Inc. Common Stock,$1.66,-0.10,-5.682%,554331082.00,United States,,19518760,Health Care,Biotechnology: Biological Products (No Diagnostic Substances)
IPAR,Interparfums Inc. Common Stock,$126.73,1.65,1.319%,4071074520.00,United States,,126474,Consumer Discretionary,Package Goods/Cosmetics
IPGP,IPG Photonics Corporation Common Stock,$66.49,1.09,1.667%,2828129676.00,United States,2006,275752,Technology,Semiconductors
IPX,IperionX Limited American Depositary Share,$21.16,1.08,5.378%,544329912.00,United States,,21101,Basic Materials,Other Metals and Minerals
IQ,iQIYI Inc. American Depositary Shares,$1.93,0.01,0.521%,1858510577.00,China,2018,15366552,Consumer Discretionary,Consumer Electronics/Video Chains
IRDM,Iridium Communications Inc Common Stock,$25.45,-0.20,-0.78%,2752680246.00,United States,,875464,Telecommunications,Telecommunications Equipment
IREN,IREN Limited Ordinary Shares,$8.41,0.66,8.516%,1592400524.00,Australia,2021,25155431,Technology,EDP Services
IRMD,iRadimed Corporation Common Stock,$53.91,0.05,0.093%,685471526.00,United States,2014,49113,Health Care,Medical/Dental Instruments
IRON,Disc Medicine Inc. Common Stock,$48.09,1.00,2.124%,1665563247.00,United States,,442392,Health Care,Biotechnology: Pharmaceutical Preparations
IRTC,iRhythm Technologies Inc. Common Stock,$141.00,-0.04,-0.028%,4501462647.00,United States,2016,664252,Health Care,Medical/Dental Instruments
ISRG,Intuitive Surgical Inc. Common Stock,$563.60,3.32,0.593%,202004528518.00,United States,2000,1422892,Health Care,Industrial Specialties
ITIC,Investors Title Company Common Stock,$248.85,5.70,2.344%,469397792.00,United States,,85746,Finance,Specialty Insurers
ITRI,Itron Inc. Common Stock,$114.82,0.62,0.543%,5234422312.00,United States,1993,301791,Industrials,Electrical Products
ITRN,Ituran Location and Control Ltd. Ordinary Shares,$37.82,-0.02,-0.053%,752375196.00,Israel,2005,52007,Technology,Electronic Components
JACK,Jack In The Box Inc. Common Stock,$23.75,-0.31,-1.288%,447884530.00,United States,,1049112,Consumer Discretionary,Restaurants
JAMF,Jamf Holding Corp. Common Stock,$11.50,-0.08,-0.691%,1516444050.00,United States,2020,830141,Technology,Computer Software: Prepackaged Software
JANX,Janux Therapeutics Inc. Common Stock,$24.28,1.01,4.34%,1436772812.00,United States,2021,931683,Health Care,Biotechnology: Pharmaceutical Preparations
JAZZ,Jazz Pharmaceuticals plc Common Stock (Ireland),$108.98,2.91,2.743%,6716747012.00,Ireland,2007,1065895,Health Care,Biotechnology: Pharmaceutical Preparations
JBHT,J.B. Hunt Transport Services Inc. Common Stock,$148.05,0.19,0.128%,14685759198.00,United States,,849245,Industrials,Trucking Freight/Courier Services
JBLU,JetBlue Airways Corporation Common Stock,$5.07,0.15,3.049%,1796503060.00,United States,2002,19001018,Consumer Discretionary,Air Freight/Delivery Services
JBSS,John B. Sanfilippo & Son Inc. Common Stock,$63.78,1.18,1.885%,749974606.00,United States,1991,72728,Consumer Staples,Specialty Foods
JD,JD.com Inc. American Depositary Shares,$33.55,-0.80,-2.329%,48758029569.00,China,2014,13346233,Consumer Discretionary,Other Specialty Stores
JFIN,Jiayin Group Inc. American Depositary Shares,$12.18,-0.15,-1.217%,650041070.00,China,2019,46528,Finance,Finance: Consumer Services
JJSF,J & J Snack Foods Corp. Common Stock,$116.50,0.36,0.31%,2266564702.00,United States,1986,152433,Consumer Staples,Specialty Foods
JKHY,Jack Henry & Associates Inc. Common Stock,$182.67,2.04,1.129%,13301296163.00,United States,1985,650553,Technology,EDP Services
JOYY,JOYY Inc. American Depositary Shares,$42.20,-0.43,-1.009%,2182668062.00,Singapore,2012,143253,Technology,EDP Services
JSM,Navient Corporation 6% Senior Notes due December 15 2043,$18.38,0.18,0.989%,1862527706.00,United States,,5387,Finance,Investment Bankers/Brokers/Service
KALU,Kaiser Aluminum Corporation Common Stock,$72.57,0.88,1.228%,1172323066.00,United States,,143873,Industrials,Metal Fabrications
KALV,KalVista Pharmaceuticals Inc. Common Stock,$11.93,0.27,2.316%,593107537.00,United Kingdom,2015,413615,Health Care,Biotechnology: Pharmaceutical Preparations
KARO,Karooooo Ltd. Ordinary Shares,$54.48,4.23,8.418%,1683432000.00,Singapore,2021,40936,Technology,Computer Software: Prepackaged Software
KC,Kingsoft Cloud Holdings Limited American Depositary Shares,$13.72,0.44,3.313%,3480567159.00,China,2020,934923,Technology,Computer Software: Prepackaged Software
KDP,Keurig Dr Pepper Inc. Common Stock,$33.82,0.28,0.835%,45933582294.00,United States,,8741849,Consumer Staples,Beverages (Production/Distribution)
KE,Kimball Electronics Inc. Common Stock,$17.61,-0.50,-2.761%,429338738.00,United States,,174532,Technology,Electrical Products
KELYA,Kelly Services Inc. Class A Common Stock,$12.53,0.23,1.87%,441094329.00,United States,,329809,Consumer Discretionary,Professional Services
KELYB,Kelly Services Inc. Class B Common Stock,$12.7541,0.00,0.00%,448983335.00,United States,,133,Consumer Discretionary,Professional Services
KHC,The Kraft Heinz Company Common Stock,$27.74,0.25,0.909%,32831457882.00,United States,,8897073,Consumer Staples,Packaged Foods
KIDS,OrthoPediatrics Corp. Common Stock,$23.07,0.20,0.875%,571421960.00,United States,2017,86251,Health Care,Medical/Dental Instruments
KLAC,KLA Corporation Common Stock,$791.17,-14.83,-1.84%,104625452173.00,United States,1980,1132031,Technology,Electronic Components
KLIC,Kulicke and Soffa Industries Inc. Common Stock,$33.82,-0.32,-0.937%,1784659349.00,Singapore,,418487,Technology,Semiconductors
KLTR,Kaltura Inc. Common Stock,$2.18,0.01,0.461%,334889806.00,United States,2021,307796,Technology,Computer Software: Prepackaged Software
KMDA,Kamada Ltd. Ordinary Shares,$6.94,0.08,1.166%,399084915.00,Israel,2013,37139,Health Care,Biotechnology: Pharmaceutical Preparations
KMTS,Kestra Medical Technologies Ltd. Common Stock,$24.615,0.865,3.642%,1263947167.00,United States,2025,104136,Health Care,Medical/Dental Instruments
KNSA,Kiniksa Pharmaceuticals International plc Class A Ordinary Shares,$26.25,0.38,1.469%,1915487884.00,United States,2018,541891,Health Care,Biotechnology: Pharmaceutical Preparations
KRNT,Kornit Digital Ltd. Ordinary Shares,$22.55,0.16,0.715%,1022135193.00,Israel,2015,418427,Industrials,Industrial Machinery/Components
KRNY,Kearny Financial Corp Common Stock,$6.33,-0.16,-2.465%,408789393.00,United States,2005,268409,Finance,Savings Institutions
KROS,Keros Therapeutics Inc. Common Stock,$14.07,0.04,0.285%,571458875.00,United States,2020,633999,Health Care,Biotechnology: Pharmaceutical Preparations
KRT,Karat Packaging Inc. Common Stock,$31.27,1.20,3.991%,627260721.00,United States,2021,96942,Industrials,Plastic Products
KRUS,Kura Sushi USA Inc. Class A Common Stock,$67.64,0.55,0.82%,817461123.00,United States,2019,239138,Consumer Discretionary,Restaurants
KRYS,Krystal Biotech Inc. Common Stock,$130.60,0.27,0.207%,3774167608.00,United States,2017,526206,Health Care,Biotechnology: Biological Products (No Diagnostic Substances)
KSPI,Joint Stock Company Kaspi.kz American Depository Shares,$83.42,1.38,1.682%,15794197650.00,Kazakhstan,2024,315827,,
KTOS,Kratos Defense & Security Solutions Inc. Common Stock,$35.21,0.82,2.384%,5402740072.00,United States,,1834934,Industrials,Military/Government/Technical
KURA,Kura Oncology Inc. Common Stock,$6.02,0.07,1.176%,521179616.00,United States,,1067914,Health Care,Biotechnology: Pharmaceutical Preparations
KYMR,Kymera Therapeutics Inc. Common Stock,$30.25,0.23,0.766%,1969866932.00,United States,2020,442337,Health Care,Biotechnology: Biological Products (No Diagnostic Substances)
LAB,Standard BioTools Inc. Common Stock,$1.08,0.03,2.857%,410208049.00,United States,2011,1628213,Industrials,Biotechnology: Laboratory Analytical Instruments
LAMR,Lamar Advertising Company Class A Common Stock,$119.87,3.00,2.567%,12273494095.00,United States,1996,811504,Real Estate,Real Estate Investment Trusts
LANC,Lancaster Colony Corporation Common Stock,$169.49,2.56,1.534%,4672669810.00,United States,,160604,Consumer Staples,Packaged Foods
LAND,Gladstone Land Corporation Common Stock,$9.80,0.03,0.307%,354609648.00,United States,2013,274237,Real Estate,Real Estate Investment Trusts
LANDM,Gladstone Land Corporation 5.00% Series D Cumulative Term Preferred Stock,$24.77,-0.023,-0.093%,896293979.00,United States,,1040,Real Estate,Real Estate Investment Trusts
LANDO,Gladstone Land Corporation 6.00% Series B Cumulative Redeemable Preferred Stock,$20.55,-0.0485,-0.235%,743594722.00,United States,,4269,Real Estate,Real Estate Investment Trusts
LANDP,Gladstone Land Corporation 6.00% Series C Cumulative Redeemable Preferred Stock,$20.23,-0.02,-0.099%,732015631.00,United States,,8869,Real Estate,Real Estate Investment Trusts
LASR,nLIGHT Inc. Common Stock,$12.67,-0.10,-0.783%,626398098.00,United States,2018,449275,Technology,Semiconductors
LAUR,Laureate Education Inc. Common Stock,$23.06,0.42,1.855%,3431562359.00,United States,2017,934125,Real Estate,Other Consumer Services
LBRDA,Liberty Broadband Corporation Class A Common Stock,$100.20,3.95,4.104%,14361715599.00,United States,,877944,Telecommunications,Cable & Other Pay Television Services
LBRDK,Liberty Broadband Corporation Class C Common Stock,$101.29,3.98,4.09%,14517945839.00,United States,,3345719,Telecommunications,Cable & Other Pay Television Services
LBRDP,Liberty Broadband Corporation Series A Cumulative Redeemable Preferred Stock,$24.75,0.334,1.368%,3547429751.00,United States,,7633,Telecommunications,Cable & Other Pay Television Services
LBTYA,Liberty Global Ltd. Class A Common Shares,$9.75,-0.24,-2.402%,3369392218.00,United Kingdom,,2283060,Telecommunications,Cable & Other Pay Television Services
LBTYB,Liberty Global Ltd. Class B Common Shares,$9.40,0.00,0.00%,3248439677.00,United Kingdom,,267,Telecommunications,Cable & Other Pay Television Services
LBTYK,Liberty Global Ltd. Class C Common Shares,$10.03,-0.23,-2.242%,3466154251.00,United Kingdom,,1229118,Telecommunications,Cable & Other Pay Television Services
LCID,Lucid Group Inc. Common Stock,$2.84,0.15,5.576%,8662744179.00,United States,,122359216,Consumer Discretionary,Auto Manufacturing
LECO,Lincoln Electric Holdings Inc. Common Shares,$203.01,5.09,2.572%,11333293915.00,United States,,634781,Industrials,Industrial Machinery/Components
LEGH,Legacy Housing Corporation Common Stock (TX),$23.60,0.07,0.297%,569182346.00,United States,2018,92316,Consumer Discretionary,Homebuilding
LEGN,Legend Biotech Corporation American Depositary Shares,$27.78,0.09,0.325%,5101773609.00,United States,2020,1681539,Health Care,Biotechnology: Pharmaceutical Preparations
LENZ,LENZ Therapeutics Inc. Common Stock,$26.81,-0.53,-1.939%,754598389.00,United States,2021,204408,Health Care,Biotechnology: Biological Products (No Diagnostic Substances)
LFMD,LifeMD Inc. Common Stock,$10.72,1.05,10.858%,487198315.00,United States,,2906325,Health Care,Medical/Nursing Services
LFMDP,LifeMD Inc. 8.875% Series A Cumulative Perpetual Preferred Stock,$24.1868,-0.1532,-0.629%,1099232108.00,United States,,1398,Health Care,Medical/Nursing Services
LFST,LifeStance Health Group Inc. Common Stock,$5.84,0.05,0.864%,2271035291.00,United States,2021,1259194,Health Care,Medical/Nursing Services
LFUS,Littelfuse Inc. Common Stock,$218.72,2.26,1.044%,5405690390.00,United States,,198445,Energy,Electrical Products
LGIH,LGI Homes Inc. Common Stock,$58.19,0.98,1.713%,1361907971.00,United States,2013,282476,Consumer Discretionary,Homebuilding
LGND,Ligand Pharmaceuticals Incorporated Common Stock,$104.54,1.07,1.034%,2017012323.00,United States,,79629,Health Care,Biotechnology: Pharmaceutical Preparations
LI,Li Auto Inc. American Depositary Shares,$28.82,0.27,0.946%,30499087669.00,China,2020,1978913,Consumer Discretionary,Auto Manufacturing
LIF,Life360 Inc. Common Stock,$60.26,1.69,2.885%,4611620908.00,United States,2024,1168022,,
LILA,Liberty Latin America Ltd. Class A Common Stock,$5.31,-0.02,-0.375%,1061469000.00,United States,,652869,Telecommunications,Cable & Other Pay Television Services
LILAK,Liberty Latin America Ltd. Class C Common Stock,$5.43,0.00,0.00%,1085457000.00,United States,,1589290,Telecommunications,Cable & Other Pay Television Services
LIN,Linde plc Ordinary Shares,$457.77,3.55,0.782%,215744348223.00,United States,,1850524,Industrials,Major Chemicals
LINC,Lincoln Educational Services Corporation Common Stock,$21.69,0.48,2.263%,685247984.00,United States,2005,374297,Real Estate,Other Consumer Services
LIND,Lindblad Expeditions Holdings Inc. Common Stock,$10.99,0.36,3.387%,601240349.00,United States,2013,454716,Consumer Discretionary,Transportation Services
LINE,Lineage Inc. Common Stock,$47.63,0.33,0.698%,10887749845.00,United States,2024,1098274,Real Estate,Real Estate Investment Trusts
LITE,Lumentum Holdings Inc. Common Stock,$77.95,0.19,0.244%,5409730000.00,United States,,2352670,Telecommunications,Telecommunications Equipment
LIVN,LivaNova PLC Ordinary Shares,$44.40,0.58,1.324%,2420940680.00,United Kingdom,,517238,Health Care,Biotechnology: Electromedical & Electrotherapeutic Apparatus
LKFN,Lakeland Financial Corporation Common Stock,$61.10,-0.58,-0.94%,1561526834.00,United States,,112522,Finance,Major Banks
LKQ,LKQ Corporation Common Stock,$42.56,0.44,1.045%,10986765048.00,United States,2003,1515047,Consumer Discretionary,Motor Vehicles
LLYVA,Liberty Media Corporation Series A Liberty Live Common Stock,$77.91,0.76,0.985%,7155666076.00,United States,,88047,Industrials,Broadcasting
LLYVK,Liberty Media Corporation Series C Liberty Live Common Stock,$78.79,0.67,0.858%,7236489926.00,United States,,444151,Industrials,Broadcasting
LMAT,LeMaitre Vascular Inc. Common Stock,$84.77,1.47,1.765%,1915324067.00,United States,2006,140295,Health Care,Medical/Dental Instruments
LMB,Limbach Holdings Inc. Common Stock,$125.15,2.61,2.13%,1454823571.00,United States,,105639,Consumer Discretionary,Engineering & Construction
LNT,Alliant Energy Corporation Common Stock,$62.48,0.77,1.248%,16049631162.00,United States,,2876638,Utilities,Power Generation
LNTH,Lantheus Holdings Inc. Common Stock,$81.24,1.46,1.83%,5620657317.00,United States,2015,914392,Health Care,Biotechnology: In Vitro & In Vivo Diagnostic Substances
LNW,Light & Wonder Inc. Common Stock,$84.53,0.95,1.137%,7132525678.00,United States,,464699,Technology,EDP Services
LOGI,Logitech International S.A. Ordinary Shares,$86.55,-1.21,-1.379%,12913223736.00,United States,1997,1338823,Technology,Computer peripheral equipment
LOPE,Grand Canyon Education Inc. Common Stock,$197.44,1.70,0.868%,5602263057.00,United States,2008,166228,Real Estate,Other Consumer Services
LOT,Lotus Technology Inc. American Depositary Shares,$2.23,-0.03,-1.327%,1512484874.00,China,,71365,,
LPLA,LPL Financial Holdings Inc. Common Stock,$384.61,3.19,0.836%,30759461285.00,United States,2010,421001,Finance,Investment Bankers/Brokers/Service
LQDA,Liquidia Corporation Common Stock,$18.88,-0.42,-2.176%,1613947832.00,United States,2018,1090985,Health Care,Biotechnology: Pharmaceutical Preparations
LQDT,Liquidity Services Inc. Common Stock,$24.51,-0.15,-0.608%,765219896.00,United States,2006,416675,Consumer Discretionary,Business Services
LRCX,Lam Research Corporation Common Stock,$84.43,-0.36,-0.425%,107995932740.00,United States,1984,10100366,Technology,Industrial Machinery/Components
LSAK,Lesaka Technologies Inc. Common Stock,$4.23,0.12,2.92%,343684962.00,South Africa,,27670,Finance,Investment Bankers/Brokers/Service
LSCC,Lattice Semiconductor Corporation Common Stock,$52.53,0.28,0.536%,7223270603.00,United States,,1471468,Technology,Semiconductors
LSEA,Landsea Homes Corporation Common Stock,$11.24,0.02,0.178%,409243454.00,United States,2018,1722238,Consumer Discretionary,Homebuilding
LSTR,Landstar System Inc. Common Stock,$145.09,0.50,0.346%,5070340821.00,United States,1993,472605,Industrials,Trucking Freight/Courier Services
LULU,lululemon athletica inc. Common Stock,$321.44,2.48,0.778%,37133144493.00,Canada,2007,1277499,Consumer Discretionary,Apparel
LUNR,Intuitive Machines Inc. Class A Common Stock,$12.36,0.53,4.48%,2207899616.00,United States,2021,9278471,Industrials,Industrial Machinery/Components
LWAY,Lifeway Foods Inc. Common Stock,$22.42,-0.22,-0.972%,340856663.00,United States,,22762,Consumer Staples,Packaged Foods
LX,LexinFintech Holdings Ltd. American Depositary Shares,$8.73,0.06,0.692%,1468940364.00,China,2017,1144268,Finance,Finance: Consumer Services
LYFT,Lyft Inc. Class A Common Stock,$16.77,0.54,3.327%,7054063624.00,United States,2019,22299790,Consumer Discretionary,Business Services
LYTS,LSI Industries Inc. Common Stock,$16.26,-0.07,-0.429%,487872520.00,United States,1985,85030,Consumer Discretionary,Building Products
LZ,LegalZoom.com Inc. Common Stock,$9.29,0.09,0.978%,1683203011.00,United States,2021,1464985,Technology,EDP Services
LZMH,LZ Technology Holdings Limited Class B Ordinary Shares,$13.58,0.34,2.568%,2061444000.00,China,2025,324852,Technology,EDP Services
MAAS,Highest Performances Holdings Inc. American Depository Shares,$3.87,0.17,4.595%,1441758972.00,China,2019,11059,Finance,Investment Managers
MANH,Manhattan Associates Inc. Common Stock,$194.49,1.39,0.72%,11808458016.00,United States,1998,451046,Technology,Computer Software: Prepackaged Software
MAR,Marriott International Class A Common Stock,$273.23,1.76,0.648%,74836636594.00,United States,,1235055,Consumer Discretionary,Hotels/Resorts
MARA,MARA Holdings Inc. Common Stock,$16.21,0.53,3.38%,5704748795.00,United States,,40908220,Technology,EDP Services
MASI,Masimo Corporation Common Stock,$155.62,1.23,0.797%,8437578832.00,United States,2007,537637,Health Care,Biotechnology: Electromedical & Electrotherapeutic Apparatus
MAT,Mattel Inc. Common Stock,$20.10,-0.02,-0.099%,6490290000.00,United States,,4265509,Consumer Discretionary,Recreational Games/Products/Toys
MATW,Matthews International Corporation Class A Common Stock,$20.93,0.25,1.209%,649010479.00,United States,1994,217723,Telecommunications,Metal Fabrications
MAZE,Maze Therapeutics Inc. Common Stock,$9.25,0.00,0.00%,405113527.00,United States,2025,84952,Health Care,Biotechnology: Biological Products (No Diagnostic Substances)
MBIN,Merchants Bancorp Common Stock,$33.37,0.11,0.331%,1531072529.00,United States,2017,103588,Finance,Major Banks
MBINL,Merchants Bancorp Depositary Shares Each Representing a 1/40thInterest in a Share of 7.25% Fixed Rate Series E Non-CumulativePerpetual Preferred Stock without par value,$23.33,0.10,0.43%,1070420201.00,United States,,18057,Finance,Major Banks
MBINM,Merchants Bancorp Depositary Shares Each Representing a 1/40th Interest in a Share of 8.25% Fixed-Rate Reset Series D Non-Cumulative Perpetual Preferred Stock,$25.36,0.11,0.436%,1163560064.00,United States,,6719,Finance,Major Banks
MBINN,Merchants Bancorp Depositary Shares Preferred Series C,$19.85,-0.05,-0.251%,910751864.00,United States,,29238,Finance,Major Banks
MBLY,Mobileye Global Inc. Class A Common Stock,$15.96,0.02,0.125%,1603926741.00,Israel,2022,3223490,Technology,Computer Software: Prepackaged Software
MBNKP,Medallion Bank Fixed-to-Floating Rate Non-Cumulative Perpetual Preferred Stock Series F,$25.65,-0.02,-0.078%,591687736.00,United States,2019,3005,Finance,Commercial Banks
MBUU,Malibu Boats Inc. Class A Common Stock,$32.21,-0.03,-0.093%,618136956.00,United States,2014,153164,Industrials,Marine Transportation
MBWM,Mercantile Bank Corporation Common Stock,$45.81,-0.51,-1.101%,743734878.00,United States,1998,40727,Finance,Major Banks
MBX,MBX Biosciences Inc. Common Stock,$11.16,0.51,4.789%,373015980.00,United States,2024,167007,Health Care,Biotechnology: Pharmaceutical Preparations
MCBS,MetroCity Bankshares Inc. Common Stock,$29.20,-0.37,-1.251%,741724034.00,United States,2019,34801,Finance,Major Banks
MCHP,Microchip Technology Incorporated Common Stock,$61.21,0.41,0.674%,32919899092.00,United States,1993,6589290,Technology,Semiconductors
MCHPP,Microchip Technology Incorporated Depositary Shares Each Representing a 1/20th Interest in a Share of 7.50% Series A Mandatory Convertible Preferred Stock,$58.67,-0.06,-0.102%,31553838911.00,United States,,50991,Technology,Semiconductors
MCRI,Monarch Casino & Resort Inc. Common Stock,$82.78,0.50,0.608%,1528649089.00,United States,1993,68647,Consumer Discretionary,Hotels/Resorts
MCW,Mister Car Wash Inc. Common Stock,$7.78,0.09,1.17%,2527153578.00,United States,,1065394,Consumer Discretionary,Automotive Aftermarket
MDB,MongoDB Inc. Class A Common Stock,$191.29,0.79,0.415%,15530388055.00,United States,2017,7861160,Technology,Computer Software: Prepackaged Software
MDGL,Madrigal Pharmaceuticals Inc. Common Stock,$290.96,-0.86,-0.295%,6460266931.00,United States,2007,293345,Health Care,Biotechnology: Pharmaceutical Preparations
MDLZ,Mondelez International Inc. Class A Common Stock,$65.32,0.18,0.276%,84577340164.00,United States,,8015152,Consumer Staples,Packaged Foods
MDXG,MiMedx Group Inc Common Stock,$7.05,-0.04,-0.564%,1041300087.00,United States,,614556,Health Care,Biotechnology: Pharmaceutical Preparations
MEDP,Medpace Holdings Inc. Common Stock,$305.66,9.25,3.121%,8785160207.00,United States,2016,239605,Health Care,Biotechnology: Commercial Physical & Biological Resarch
MELI,MercadoLibre Inc. Common Stock,$2584.92,-1.57,-0.061%,131048658585.00,Argentina,2007,280198,Consumer Discretionary,Business Services
MEOH,Methanex Corporation Common Stock,$33.57,0.08,0.239%,2262457267.00,Canada,,278620,Industrials,Major Chemicals
MESO,Mesoblast Limited American Depositary Shares,$11.72,-0.23,-1.925%,1338170977.00,Australia,2015,385694,Health Care,Biotechnology: Biological Products (No Diagnostic Substances)
META,Meta Platforms Inc. Class A Common Stock,$640.34,-3.54,-0.55%,1610024310625.00,United States,2012,18518972,Technology,Computer Software: Programming Data Processing
METC,Ramaco Resources Inc. Class A Common Stock,$9.33,0.22,2.415%,510386174.00,United States,2017,659595,Energy,Coal Mining
METCB,Ramaco Resources Inc. Class B Common Stock,$8.30,0.21,2.596%,454041291.00,United States,,41465,Energy,Coal Mining
METCL,Ramaco Resources Inc. 9.00% Senior Notes due 2026,$25.40,0.00,0.00%,1389475758.00,United States,,204,Energy,Coal Mining
MFH,Mercurity Fintech Holding Inc. Ordinary Shares,$5.33,-0.12,-2.202%,339449381.00,China,2015,69860,Finance,Finance: Consumer Services
MFIC,MidCap Financial Investment Corporation Common Stock,$12.86,0.05,0.39%,1199884579.00,United States,2004,276706,Finance,Finance/Investors Services
MFICL,MidCap Financial Investment Corporation 8.00% Notes due 2028,$25.45,-0.02,-0.079%,2374577180.00,United States,,14648,Finance,Finance/Investors Services
MGEE,MGE Energy Inc,$92.60,0.97,1.059%,3383550477.00,United States,,150222,Energy,Electric Utilities: Central
MGIC,Magic Software Enterprises Ltd. Ordinary Shares,$15.835,0.115,0.732%,777487495.00,Israel,1991,48727,Technology,Computer Software: Prepackaged Software
MGNI,Magnite Inc. Common Stock,$15.54,-0.34,-2.141%,2192858087.00,United States,,1708919,Technology,Computer Software: Programming Data Processing
MGPI,MGP Ingredients Inc.,$32.79,0.50,1.548%,697500879.00,United States,,475332,Consumer Staples,Beverages (Production/Distribution)
MGRC,McGrath RentCorp Common Stock,$115.74,0.73,0.635%,2848515218.00,United States,1984,98432,Consumer Discretionary,Diversified Commercial Services
MGTX,MeiraGTx Holdings plc Ordinary Shares,$4.99,-0.05,-0.992%,401023141.00,United States,2018,600450,Health Care,Biotechnology: Biological Products (No Diagnostic Substances)
MIDD,Middleby Corporation (The) Common Stock,$151.49,1.71,1.142%,8101915616.00,United States,,624978,Industrials,Industrial Machinery/Components
MIRM,Mirum Pharmaceuticals Inc. Common Stock,$45.01,-0.27,-0.596%,2229557252.00,United States,2019,219847,Health Care,Biotechnology: Pharmaceutical Preparations
MITK,Mitek Systems Inc. Common Stock,$9.77,0.12,1.244%,445162283.00,United States,,428066,Technology,Computer peripheral equipment
MKSI,MKS Inc. Common Stock,$90.66,-0.53,-0.581%,6080765471.00,United States,1999,655747,Industrials,Industrial Machinery/Components
MKTX,MarketAxess Holdings Inc. Common Stock,$216.01,2.48,1.161%,8100733793.00,United States,2004,530869,Finance,Investment Bankers/Brokers/Service
MLAB,Mesa Laboratories Inc. Common Stock,$122.42,1.07,0.882%,665182169.00,United States,,35545,Industrials,Industrial Machinery/Components
MLCO,Melco Resorts & Entertainment Limited American Depositary Shares,$6.44,0.10,1.577%,2740306689.00,Hong Kong,2006,2904459,Consumer Discretionary,Hotels/Resorts
MLKN,MillerKnoll Inc. Common Stock,$17.69,-0.04,-0.226%,1198436452.00,United States,,345261,Consumer Discretionary,Office Equipment/Supplies/Services
MLTX,MoonLake Immunotherapeutics Class A Ordinary Shares,$37.62,-0.04,-0.106%,2415338416.00,United States,2020,351510,Health Care,Biotechnology: Pharmaceutical Preparations
MLYS,Mineralys Therapeutics Inc. Common Stock,$15.35,-0.01,-0.065%,1000440655.00,United States,2023,779283,Health Care,Biotechnology: Pharmaceutical Preparations
MMSI,Merit Medical Systems Inc. Common Stock,$98.83,1.26,1.291%,5840807143.00,United States,,723649,Health Care,Medical/Dental Instruments
MMYT,MakeMyTrip Limited Ordinary Shares,$105.44,0.27,0.257%,11575465324.00,India,2010,691114,Consumer Discretionary,Transportation Services
MNDY,monday.com Ltd. Ordinary Shares,$293.13,0.16,0.055%,14883188275.00,Israel,2021,480775,Technology,Computer Software: Prepackaged Software
MNKD,MannKind Corporation Common Stock,$4.37,-0.19,-4.167%,1328186563.00,United States,2004,2917392,Health Care,Biotechnology: Pharmaceutical Preparations
MNMD,Mind Medicine (MindMed) Inc. Common Shares,$6.60,0.05,0.763%,497431169.00,United States,,660877,Health Care, Medicinal Chemicals and Botanical Products 
MNRO,Monro Inc. Common Stock,$13.58,0.63,4.865%,406712621.00,United States,1991,1063210,Consumer Discretionary,Automotive Aftermarket
MNST,Monster Beverage Corporation,$62.86,0.53,0.85%,61303973555.00,United States,,8603675,Consumer Staples,Beverages (Production/Distribution)
MOBBW,Mobilicom Limited Warrants,$0.3476,-0.0423,-10.849%,716534695.00,Israel,2022,5690,Industrials,Aerospace
MOFG,MidWestOne Financial Gp Common Stock,$29.92,0.11,0.369%,622845927.00,United States,,120050,Finance,Major Banks
MOMO,Hello Group Inc. American Depositary Shares,$6.17,-0.03,-0.484%,991330618.00,China,2014,420805,Technology,Computer Software: Prepackaged Software
MORN,Morningstar Inc. Common Stock,$309.46,-0.60,-0.194%,13074435266.00,United States,2005,175121,Finance,Investment Managers
MPB,Mid Penn Bancorp Common Stock,$28.14,-0.33,-1.159%,545555189.00,United States,,75592,Finance,Major Banks
MPWR,Monolithic Power Systems Inc. Common Stock,$715.40,5.08,0.715%,34253352000.00,United States,2004,362167,Technology,Semiconductors
MQ,Marqeta Inc. Class A Common Stock,$5.04,0.04,0.80%,2360076042.00,United States,2021,7341646,Technology,Computer Software: Prepackaged Software
MRCY,Mercury Systems Inc Common Stock,$46.14,0.27,0.589%,2757093854.00,United States,1998,393023,Technology,Electrical Products
MREO,Mereo BioPharma Group plc American Depositary Shares,$2.24,0.06,2.752%,347526160.00,United Kingdom,,915695,Health Care,Biotechnology: Pharmaceutical Preparations
MRNA,Moderna Inc. Common Stock,$24.86,1.21,5.116%,9614401645.00,United States,2018,14874031,Health Care,Biotechnology: Biological Products (No Diagnostic Substances)
MRNO,Murano Global Investments PLC Ordinary Shares,$10.46,-0.33,-3.058%,828880452.00,Mexico,,1404,Consumer Discretionary,Hotels/Resorts
MRTN,Marten Transport Ltd. Common Stock,$13.76,-0.07,-0.506%,1121349514.00,United States,1986,376116,Industrials,Trucking Freight/Courier Services
MRUS,Merus N.V. Common Shares,$41.56,1.48,3.693%,2876516219.00,Netherlands,2016,1118583,Health Care,Biotechnology: Pharmaceutical Preparations
MRVI,Maravai LifeSciences Holdings Inc. Class A Common Stock,$2.10,0.14,7.143%,534784986.00,United States,2020,1860282,Health Care,Biotechnology: Pharmaceutical Preparations
MRVL,Marvell Technology Inc. Common Stock,$63.76,-1.44,-2.209%,55222536000.00,United States,2000,18712932,Technology,Semiconductors
MRX,Marex Group plc Ordinary Shares,$45.28,-1.18,-2.54%,3182771318.00,United Kingdom,2024,1116974,Finance,Investment Bankers/Brokers/Service
MSBI,Midland States Bancorp Inc. Common Stock,$17.88,-0.31,-1.704%,382658552.00,United States,2016,170682,Finance,Major Banks
MSBIP,Midland States Bancorp Inc. Depositary Shares Each Representing a 1/40th Interest in a Share of 7.750% Fixed-Rate Reset Non-Cumulative Perpetual Preferred Stock Series A,$23.67,-0.023,-0.097%,506573150.00,United States,,3049,Finance,Major Banks
MSEX,Middlesex Water Company Common Stock,$58.42,1.32,2.312%,1046896799.00,United States,,100408,Utilities,Water Supply
MSFT,Microsoft Corporation Common Stock,$454.27,1.14,0.252%,3376381701554.00,United States,1986,23849781,Technology,Computer Software: Prepackaged Software
MSTR,MicroStrategy Incorporated Common Stock Class A,$399.80,2.77,0.698%,109306640539.00,United States,1998,12461115,Technology,Computer Software: Prepackaged Software
MTCH,Match Group Inc. Common Stock,$29.25,0.275,0.949%,7172840669.00,United States,,3875787,Technology,Computer Software: Programming Data Processing
MTLS,Materialise NV American Depositary Shares,$5.36,0.16,3.077%,316600117.00,Belgium,2014,66226,Technology,Computer Software: Prepackaged Software
MTRX,Matrix Service Company Common Stock,$12.77,-0.11,-0.854%,352586072.00,United States,1990,148566,Consumer Discretionary,Engineering & Construction
MTSI,MACOM Technology Solutions Holdings Inc. Common Stock,$123.46,0.93,0.759%,9184272242.00,United States,2012,1306630,Technology,Semiconductors
MTSR,Metsera Inc. Common Stock,$29.52,3.91,15.267%,3101239482.00,United States,2025,1047794,Health Care,Biotechnology: Pharmaceutical Preparations
MU,Micron Technology Inc. Common Stock,$98.00,2.55,2.672%,109522009450.00,United States,,22609277,Technology,Semiconductors
MVST,Microvast Holdings Inc. Common Stock,$3.38,0.08,2.424%,1099653895.00,United States,2019,11060123,Miscellaneous,Industrial Machinery/Components
MXL,MaxLinear Inc. Common Stock,$12.43,-0.26,-2.049%,1073626583.00,United States,2010,817701,Technology,Semiconductors
MYGN,Myriad Genetics Inc. Common Stock,$4.13,0.02,0.487%,380692592.00,United States,1995,2193341,Health Care,Biotechnology: In Vitro & In Vivo Diagnostic Substances
MYRG,MYR Group Inc. Common Stock,$164.555,1.045,0.639%,2554359949.00,United States,2008,193332,Industrials,Water Sewer Pipeline Comm & Power Line Construction
NAGE,Niagen Bioscience Inc. Common Stock,$10.95,0.45,4.286%,862527799.00,United States,,1056774,Health Care, Medicinal Chemicals and Botanical Products 
NAMS,NewAmsterdam Pharma Company N.V. Ordinary Shares,$18.88,0.18,0.963%,2119670382.00,Netherlands,,501215,Health Care,Biotechnology: Pharmaceutical Preparations
NAMSW,NewAmsterdam Pharma Company N.V. Warrant,$8.74,0.00,0.00%,981245717.00,Netherlands,,44,Health Care,Biotechnology: Pharmaceutical Preparations
NATH,Nathan's Famous Inc. Common Stock,$104.33,0.95,0.919%,426658578.00,United States,1993,13928,Consumer Discretionary,Restaurants
NAVI,Navient Corporation Common Stock,$13.755,-0.125,-0.901%,1393855745.00,United States,,545559,Finance,Investment Bankers/Brokers/Service
NBBK,NB Bancorp Inc. Common Stock,$17.56,-0.20,-1.126%,712416979.00,United States,2023,146290,Finance,Banks
NBIS,Nebius Group N.V. Class A Ordinary Shares,$37.32,1.53,4.275%,8886221573.00,Netherlands,2011,16647174,Technology,Computer Software: Programming Data Processing
NBIX,Neurocrine Biosciences Inc. Common Stock,$121.02,0.75,0.624%,11976843536.00,United States,1996,970641,Health Care,Biotechnology: Biological Products (No Diagnostic Substances)
NBN,Northeast Bank Common Stock,$85.41,-0.92,-1.066%,694383300.00,United States,,36234,Finance,Major Banks
NBTB,NBT Bancorp Inc. Common Stock,$44.11,-0.27,-0.608%,2084538162.00,United States,,204616,Finance,Major Banks
NCMI,National CineMedia Inc. Common Stock,$5.11,0.05,0.988%,481895423.00,United States,2007,857829,Consumer Discretionary,Advertising
NCNO,nCino Inc. Common Stock,$24.60,0.12,0.49%,2864668426.00,United States,2020,1373285,Technology,Computer Software: Prepackaged Software
NDAQ,Nasdaq Inc. Common Stock,$81.90,0.62,0.763%,47020560678.00,United States,,5145241,Finance,Investment Bankers/Brokers/Service
NDSN,Nordson Corporation Common Stock,$205.35,4.25,2.113%,11686825398.00,United States,,313932,Industrials,Industrial Machinery/Components
NECB,NorthEast Community Bancorp Inc. Common Stock,$23.50,-0.29,-1.219%,329549336.00,United States,2021,31021,Finance,Banks
NEO,NeoGenomics Inc. Common Stock,$8.11,0.27,3.444%,1043712419.00,United States,,1257334,Health Care,Precision Instruments
NEOG,Neogen Corporation Common Stock,$6.61,0.05,0.762%,1434622945.00,United States,1989,3486728,Health Care,Biotechnology: In Vitro & In Vivo Diagnostic Substances
NESR,National Energy Services Reunited Corp Ordinary Shares,$6.46,-0.17,-2.564%,620456230.00,United States,,119208,Energy,Oilfield Services/Equipment
NEWTG,NewtekOne Inc. 8.50% Fixed Rate Senior Notes due 2029,$24.95,-0.05,-0.20%,657233574.00,United States,,6646,Finance,Major Banks
NEWTI,NewtekOne Inc. 8.00% Fixed Rate Senior Notes due 2028,$25.05,-0.0218,-0.087%,659867776.00,United States,,404,Finance,Major Banks
NEWTZ,NewtekOne Inc. 5.50% Notes Due 2026,$24.65,0.06,0.244%,640013734.00,United States,,647,Finance,Major Banks
NEXN,Nexxen International Ltd. Ordinary Shares,$11.21,-0.39,-3.362%,734957531.00,Israel,2021,489434,Technology,Computer Software: Programming Data Processing
NEXT,NextDecade Corporation Common Stock,$7.63,-0.07,-0.909%,1990469818.00,United States,2015,1439958,Utilities,Oil & Gas Production
NFBK,Northfield Bancorp Inc. Common Stock (Delaware),$11.82,-0.10,-0.839%,503840348.00,United States,2007,186641,Finance,Savings Institutions
NFE,New Fortress Energy Inc. Class A Common Stock,$2.66,0.15,5.976%,728233017.00,United States,2019,40602434,Utilities,Oil/Gas Transmission
NFLX,Netflix Inc. Common Stock,$1191.53,13.55,1.15%,507214315211.00,United States,2002,4698353,Consumer Discretionary,Consumer Electronics/Video Chains
NHPAP,National Healthcare Properties Inc. 7.375% Series A Cumulative Redeemable Perpetual Preferred Stock,$13.79,-0.03,-0.217%,390207894.00,United States,,2259,Real Estate,Real Estate Investment Trusts
NHPBP,National Healthcare Properties Inc. 7.125% Series B Cumulative Redeemable Perpetual Preferred Stock,$13.30,0.00,0.00%,376342639.00,United States,,7784,Real Estate,Real Estate Investment Trusts
NICE,NICE Ltd American Depositary Shares,$163.43,2.32,1.44%,10336921841.00,Israel,,677742,Technology,Computer Software: Prepackaged Software
NMFC,New Mountain Finance Corporation Common Stock,$10.75,0.07,0.655%,1159402711.00,United States,,245622,Finance,Finance/Investors Services
NMFCZ,New Mountain Finance Corporation 8.250% Notes due 2028,$25.195,0.035,0.139%,2717316401.00,United States,,8700,,
NMIH,NMI Holdings Inc. Common Stock,$38.41,0.76,2.019%,3000702049.00,United States,2013,532362,Finance,Property-Casualty Insurers
NMRK,Newmark Group Inc. Class A Common Stock,$11.58,-0.05,-0.43%,2137113550.00,United States,2017,952665,Finance,Real Estate
NN,NextNav Inc. Common Stock,$13.94,0.35,2.575%,1845616661.00,United States,,1119274,Industrials,Industrial Machinery/Components
NNAVW,NextNav Inc. Warrant,$5.60,0.30,5.66%,741424197.00,United States,,32374,Industrials,Industrial Machinery/Components
NNDM,Nano Dimension Ltd. American Depositary Shares,$1.56,0.00,0.00%,338962223.00,Israel,,730915,Technology,Electrical Products
NNE,Nano Nuclear Energy Inc. Common Stock,$27.25,1.18,4.526%,1010148126.00,United States,2024,2597469,Utilities,Electric Utilities: Central
NNNN,Anbio Biotechnology Class A Ordinary Shares,$7.54,0.08,1.072%,1084939648.00,Germany,2025,120346,Health Care,Biotechnology: In Vitro & In Vivo Diagnostic Substances
NNOX,NANO-X IMAGING LTD Ordinary Shares,$5.60,0.15,2.752%,357067206.00,Israel,2020,863338,Health Care,Medical Electronics
NOVT,Novanta Inc. Common Stock,$131.17,1.58,1.219%,4718294033.00,United States,,264360,Miscellaneous,Industrial Machinery/Components
NPCE,Neuropace Inc. Common Stock,$17.49,0.41,2.40%,573645852.00,United States,2021,871483,Health Care,Medical/Dental Instruments
NRC,National Research Corporation Common Stock (Delaware),$14.04,0.06,0.429%,319907311.00,United States,,116145,Health Care,Biotechnology: Commercial Physical & Biological Resarch
NRDS,NerdWallet Inc. Class A Common Stock,$11.32,-0.01,-0.088%,843482734.00,United States,2021,312309,Technology,EDP Services
NRIM,Northrim BanCorp Inc Common Stock,$89.24,-0.19,-0.212%,492684402.00,United States,,28900,Finance,Savings Institutions
NRIX,Nurix Therapeutics Inc. Common stock,$9.56,0.10,1.057%,728812279.00,United States,2020,437891,Health Care,Biotechnology: Pharmaceutical Preparations
NSIT,Insight Enterprises Inc. Common Stock,$137.08,2.48,1.842%,4376719849.00,United States,1995,552387,Consumer Discretionary,Catalog/Specialty Distribution
NSSC,NAPCO Security Technologies Inc. Common Stock,$27.83,0.20,0.724%,992318196.00,United States,,316325,Telecommunications,Telecommunications Equipment
NTAP,NetApp Inc. Common Stock,$100.53,0.71,0.711%,20448960407.00,United States,1995,1698732,Technology,Electronic Components
NTCT,NetScout Systems Inc. Common Stock,$23.31,0.16,0.691%,1672601801.00,United States,1999,419941,Technology,EDP Services
NTES,NetEase Inc. American Depositary Shares,$119.58,-3.18,-2.59%,75717850801.00,China,,2017179,Technology,Computer Software: Prepackaged Software
NTGR,NETGEAR Inc. Common Stock,$30.38,1.04,3.545%,874445586.00,United States,2003,814660,Utilities,Telecommunications Equipment
NTLA,Intellia Therapeutics Inc. Common Stock,$8.50,0.425,5.263%,880458849.00,United States,2016,2459226,Health Care,Biotechnology: In Vitro & In Vivo Diagnostic Substances
NTNX,Nutanix Inc. Class A Common Stock,$82.77,2.11,2.616%,22071652642.00,United States,2016,3400532,Technology,Computer Software: Prepackaged Software
NTRA,Natera Inc. Common Stock,$152.59,3.19,2.135%,20835642642.00,United States,2015,911150,Health Care,Medical Specialities
NTRS,Northern Trust Corporation Common Stock,$107.90,0.43,0.40%,20990712243.00,United States,,1429726,Finance,Major Banks
NTRSO,Northern Trust Corporation Depositary Shares Each Representing a 1/1000th Interest in a Share of Series E Non-Cumulative Perpetual Preferred Stock,$19.76,0.01,0.051%,3844082242.00,United States,,12578,Finance,Major Banks
NUTX,Nutex Health Inc. Common Stock,$174.71,0.95,0.547%,972379778.00,United States,,214611,Consumer Discretionary,Business Services
NUVL,Nuvalent Inc. Class A Common Stock,$73.32,2.32,3.268%,5265018650.00,United States,2021,416868,Health Care,Biotechnology: Pharmaceutical Preparations
NVAWW,Nova Minerals Limited Warrant,$6.60,0.00,0.00%,1794783415.00,Australia,2024,16,Basic Materials,Precious Metals
NVAX,Novavax Inc. Common Stock,$6.73,0.44,6.995%,1090060375.00,United States,,8794634,Health Care,Biotechnology: Biological Products (No Diagnostic Substances)
NVCR,NovoCure Limited Ordinary Shares,$17.89,0.30,1.706%,1994477992.00,Jersey,2015,725609,Health Care,Medical/Dental Instruments
NVDA,NVIDIA Corporation Common Stock,$135.40,0.57,0.423%,3303760000000.00,United States,1999,226542451,Technology,Semiconductors
NVEC,NVE Corporation Common Stock,$72.195,1.165,1.64%,349219199.00,United States,,38425,Technology,Semiconductors
NVEE,NV5 Global Inc. Common Stock,$22.05,-0.14,-0.631%,1447512778.00,United States,2013,1649309,Consumer Discretionary,Other Consumer Services
NVMI,Nova Ltd. Ordinary Shares,$191.77,-3.36,-1.722%,5614832104.00,Israel,2000,144568,Technology,Electronic Components
NVTS,Navitas Semiconductor Corporation Common Stock,$2.08,0.01,0.483%,398960195.00,United States,,2346627,Technology,Semiconductors
NWBI,Northwest Bancshares Inc. Common Stock,$12.63,-0.04,-0.316%,1613513456.00,United States,2009,558975,Finance,Major Banks
NWE,NorthWestern Energy Group Inc. Common Stock,$56.09,0.65,1.172%,3442784512.00,United States,,420086,Utilities,Power Generation
NWL,Newell Brands Inc. Common Stock,$5.90,-0.07,-1.173%,2464430000.00,United States,,6218687,Industrials,Plastic Products
NWPX,Northwest Pipe Company Common Stock,$40.65,0.17,0.42%,401543667.00,United States,1995,35540,Industrials,Steel/Iron Ore
NWS,News Corporation Class B Common Stock,$32.93,0.15,0.458%,18642084164.00,United States,,570105,Consumer Discretionary,Newspapers/Magazines
NWSA,News Corporation Class A Common Stock,$28.32,0.17,0.604%,16032305604.00,United States,,3315353,Consumer Discretionary,Newspapers/Magazines
NWTN,NWTN Inc. Class B Ordinary Shares,$1.87,0.61,48.413%,546413426.00,United Arab Emirates,,6763614,Consumer Discretionary,Auto Manufacturing
NXPI,NXP Semiconductors N.V. Common Stock,$212.56,1.83,0.868%,53698756047.00,Netherlands,2010,2094117,Technology,Semiconductors
NXST,Nexstar Media Group Inc. Common Stock,$176.53,0.44,0.25%,5322180904.00,United States,2003,356006,Industrials,Broadcasting
NXT,Nextracker Inc. Class A Common Stock,$59.31,-2.28,-3.702%,8636665025.00,United States,2023,4316010,Industrials,Industrial Machinery/Components
NXTT,Next Technology Holding Inc. Ordinary Shares,$2.10,-0.44,-17.323%,916156784.00,China,,2731857,Technology,EDP Services
NXXT,NextNRG Inc. Common Stock,$3.10,0.04,1.307%,347195796.00,United States,2021,66983,Consumer Discretionary,Retail-Auto Dealers and Gas Stations
NYAX,Nayax Ltd. Ordinary Shares,$41.32,-0.68,-1.619%,1517508734.00,Israel,,15730,Technology,Computer Software: Prepackaged Software
NYMT,New York Mortgage Trust Inc. Common Stock,$7.12,-0.07,-0.974%,642923334.00,United States,,721252,Real Estate,Real Estate Investment Trusts
NYMTI,New York Mortgage Trust Inc. 9.125% Senior Notes Due 2029,$24.473,-0.022,-0.09%,2216750855.00,United States,,9914,Real Estate,Real Estate Investment Trusts
NYMTL,New York Mortgage Trust Inc. 6.875% Series F Fixed-to-Floating Rate Cumulative Redeemable Preferred Stock $0.01 par value per share,$22.01,0.06,0.273%,1987463844.00,United States,,5229,Real Estate,Real Estate Investment Trusts
NYMTM,New York Mortgage Trust Inc. 7.875% Series E Fixed-to-Floating Rate Cumulative Redeemable Preferred Stock,$24.68,0.11,0.448%,2228560094.00,United States,,16284,Real Estate,Real Estate Investment Trusts
NYMTN,New York Mortgage Trust Inc. 8.00% Series D Fixed-to-Floating Rate Cumulative Redeemable Preferred Stock,$22.38,0.4988,2.28%,2020874186.00,United States,,10505,Real Estate,Real Estate Investment Trusts
NYMTZ,New York Mortgage Trust Inc. 7.000% Series G Cumulative Redeemable Preferred Stock $0.01 par value per share,$18.2929,-0.0187,-0.102%,1651816327.00,United States,,1028,Real Estate,Real Estate Investment Trusts
OBT,Orange County Bancorp Inc. Common Stock,$26.84,0.07,0.261%,305539528.00,United States,,20553,Finance,Major Banks
OCFC,OceanFirst Financial Corp. Common Stock,$17.55,-0.17,-0.959%,1024630864.00,United States,,404064,Finance,Major Banks
OCS,Oculis Holding AG Ordinary shares,$17.85,-0.45,-2.459%,779373876.00,Switzerland,,11835,Health Care,Biotechnology: Pharmaceutical Preparations
OCSL,Oaktree Specialty Lending Corporation Common Stock,$14.34,0.20,1.414%,1263146400.00,United States,,451422,Finance,Finance: Consumer Services
OCUL,Ocular Therapeutix Inc. Common Stock,$7.22,0.05,0.697%,1150144094.00,United States,2014,1640949,Health Care,Biotechnology: Pharmaceutical Preparations
ODD,ODDITY Tech Ltd. Class A Ordinary Shares,$63.00,-0.25,-0.395%,3517182333.00,Israel,2023,1795526,Consumer Discretionary,Package Goods/Cosmetics
ODFL,Old Dominion Freight Line Inc. Common Stock,$171.28,1.35,0.794%,36195813484.00,United States,1991,1098425,Industrials,Trucking Freight/Courier Services
ODP,The ODP Corporation Common Stock,$18.22,0.23,1.278%,548101784.00,United States,,466145,Consumer Discretionary,Other Specialty Stores
OFIX,Orthofix Medical Inc. Common Stock (DE),$12.14,-0.06,-0.492%,475655313.00,Curacao,1992,409965,Health Care,Medical/Dental Instruments
OFLX,Omega Flex Inc. Common Stock,$34.96,0.31,0.895%,352897497.00,United States,,12148,Industrials,Industrial Specialties
OKTA,Okta Inc. Class A Common Stock,$127.30,2.91,2.339%,22099682777.00,United States,2017,3029064,Technology,Computer Software: Prepackaged Software
OLED,Universal Display Corporation Common Stock,$155.51,2.40,1.568%,7390790809.00,United States,,574378,Technology,Electrical Products
OLLI,Ollie's Bargain Outlet Holdings Inc. Common Stock,$118.86,4.99,4.382%,7280295999.00,United States,2015,1611183,Consumer Discretionary,Department/Specialty Retail Stores
OLMA,Olema Pharmaceuticals Inc. Common Stock,$4.71,0.02,0.426%,322264215.00,United States,2020,479940,Health Care,Biotechnology: Pharmaceutical Preparations
OLPX,Olaplex Holdings Inc. Common Stock,$1.29,0.00,0.00%,859040520.00,United States,2021,955317,Consumer Discretionary,Package Goods/Cosmetics
OM,Outset Medical Inc. Common Stock,$19.50,-0.05,-0.256%,345585045.00,United States,2020,158730,Health Care,Biotechnology: Electromedical & Electrotherapeutic Apparatus
OMAB,Grupo Aeroportuario del Centro Norte S.A.B. de C.V. ADS,$100.62,-0.05,-0.05%,4857045930.00,Mexico,2006,52785,Consumer Discretionary,Aerospace
OMCL,Omnicell Inc. Common Stock ($0.001 par value),$27.96,-0.12,-0.427%,1309747168.00,United States,2001,661696,Technology,Computer Manufacturing
OMSE,OMS Energy Technologies Inc. Ordinary Shares,$7.87,0.13,1.68%,348645376.00,Singapore,2025,163817,Industrials,Metal Fabrications
ON,ON Semiconductor Corporation Common Stock,$44.92,0.40,0.898%,18771409742.00,United States,,5477992,Technology,Semiconductors
ONB,Old National Bancorp Common Stock,$22.13,-0.19,-0.851%,7075978980.00,United States,,4725325,Finance,Major Banks
ONBPO,Old National Bancorp Depositary Shares Each Representing a 1/40th Interest in a Share of Series C Preferred Stock,$24.9499,0.1998,0.807%,7977630725.00,United States,,2111,Finance,Major Banks
ONBPP,Old National Bancorp Depositary Shares Each Representing a 1/40th Interest in a Share of Series A Preferred Stock,$25.20,0.10,0.398%,8057599200.00,United States,,327,Finance,Major Banks
ONC,BeiGene Ltd. American Depositary Shares,$228.38,2.61,1.156%,24652937459.00,Cayman Islands,2016,290199,Health Care,Biotechnology: Pharmaceutical Preparations
OPAL,OPAL Fuels Inc. Class A Common Stock,$2.45,0.23,10.36%,424758749.00,United States,2021,184491,Utilities,Natural Gas Distribution
OPCH,Option Care Health Inc. Common Stock,$33.23,0.74,2.278%,5441321118.00,United States,,1396952,Health Care,Medical/Nursing Services
OPEN,Opendoor Technologies Inc Common Stock,$0.7843,0.0534,7.306%,571673830.00,United States,,71080077,Finance,Real Estate
OPINL,Office Properties Income Trust 6.375% Senior Notes due 2050,$5.99,-0.60,-9.105%,424660751.00,United States,,31732,Finance,Real Estate
OPK,OPKO Health Inc. Common Stock,$1.33,0.00,0.00%,1054760228.00,United States,,4481494,Health Care,Biotechnology: Pharmaceutical Preparations
OPRA,Opera Limited American Depositary Shares,$18.21,-0.02,-0.11%,1629810551.00,Norway,2018,437033,Technology,Computer Software: Prepackaged Software
ORGO,Organogenesis Holdings Inc. Class A Common Stock,$3.08,0.05,1.65%,390708891.00,United States,2016,751915,Health Care,Biotechnology: Pharmaceutical Preparations
ORIC,Oric Pharmaceuticals Inc. Common Stock,$4.73,-0.01,-0.211%,336246618.00,United States,2020,630636,Health Care,Biotechnology: Pharmaceutical Preparations
ORKA,Oruka Therapeutics Inc. Common Stock,$10.06,0.60,6.342%,376651531.00,United States,,92459,Health Care,Biotechnology: In Vitro & In Vivo Diagnostic Substances
ORLY,O'Reilly Automotive Inc. Common Stock,$1381.66,11.53,0.842%,78740050395.00,United States,1993,322490,Consumer Discretionary,Auto & Home Supply Stores
ORRF,Orrstown Financial Services Inc. Common Stock,$31.03,-0.11,-0.353%,605350151.00,United States,,81156,Finance,Major Banks
OS,OneStream Inc. Class A Common Stock,$28.27,-0.08,-0.282%,6773246221.00,United States,2024,1087487,Technology,Computer Software: Prepackaged Software
OSBC,Old Second Bancorp Inc. Common Stock,$17.10,-0.11,-0.639%,770460729.00,United States,,474795,Finance,Major Banks
OSIS,OSI Systems Inc. Common Stock (DE),$232.00,4.02,1.763%,3894959144.00,United States,1997,185500,Technology,Semiconductors
OSPN,OneSpan Inc. Common Stock,$16.24,0.17,1.058%,620862784.00,United States,,287455,Technology,EDP Services
OSW,OneSpaWorld Holdings Limited Common Shares,$19.31,0.01,0.052%,1983083608.00,Bahamas,,400206,Consumer Discretionary,Hotels/Resorts
OTEX,Open Text Corporation Common Shares,$28.14,0.17,0.608%,7481871670.00,Canada,1996,1456784,Technology,EDP Services
OTTR,Otter Tail Corporation Common Stock,$79.90,1.27,1.615%,3348159163.00,United States,,183808,Utilities,Electric Utilities: Central
OUST,Ouster Inc. Common Stock,$11.08,-0.16,-1.423%,596048268.00,United States,,1456786,Industrials,Industrial Machinery/Components
OXLC,Oxford Lane Capital Corp. Common Stock,$4.88,0.01,0.205%,847168000.00,United States,2011,4344674,Finance,Investment Managers
OXLCL,Oxford Lane Capital Corp. 6.75% Notes due 2031,$23.2192,-0.0666,-0.286%,4030853120.00,United States,,980,Finance,Finance Companies
OXLCN,Oxford Lane Capital Corp. 7.125% Series 2029 Term Preferred Stock,$23.97,0.0934,0.391%,4161192000.00,United States,,2002,Finance,Investment Managers
OXLCO,Oxford Lane Capital Corp. Preferred Stock Shares 6.00% Series 2029,$22.69,0.125,0.554%,3938984000.00,United States,,25,Finance,Investment Managers
OXLCP,Oxford Lane Capital Corp. 6.25% Series 2027 Term Preferred Shares,$24.37,0.0802,0.33%,4230632000.00,United States,,3982,Finance,Investment Managers
OXLCZ,Oxford Lane Capital Corp. 5.00% Notes due 2027,$23.862,-0.1329,-0.554%,4142443200.00,United States,,194,Finance,Finance Companies
OXSQG,Oxford Square Capital Corp. 5.50% Notes due 2028,$23.105,0.085,0.369%,1473125355.00,United States,,5367,Consumer Discretionary,Other Consumer Services
OZK,Bank OZK Common Stock,$46.93,0.44,0.946%,5309478675.00,United States,,914480,Finance,Major Banks
OZKAP,Bank OZK 4.625% Series A Non-Cumulative Perpetual Preferred Stock,$16.65,-0.09,-0.538%,1883716598.00,United States,,23908,Finance,Major Banks
PAA,Plains All American Pipeline L.P. Common Units representing Limited Partner Interests,$17.25,-0.03,-0.174%,12131912149.00,United States,1998,2112448,Energy,Natural Gas Distribution
PACB,Pacific Biosciences of California Inc. Common Stock,$1.035,-0.025,-2.358%,310587649.00,United States,2010,15386670,Industrials,Biotechnology: Laboratory Analytical Instruments
PAGP,Plains GP Holdings L.P. Class A Units representing Limited Partner Interests,$18.41,-0.03,-0.163%,3640460118.00,United States,,1040558,Energy,Natural Gas Distribution
PAHC,Phibro Animal Health Corporation Class A Common Stock,$24.00,0.17,0.713%,972806592.00,United States,2014,306154,Health Care,Biotechnology: Pharmaceutical Preparations
PANW,Palo Alto Networks Inc. Common Stock,$192.98,0.08,0.041%,127772058000.00,United States,,4210924,Technology,Computer peripheral equipment
PARA,Paramount Global Class B Common Stock,$11.70,-0.20,-1.681%,7887645886.00,United States,,10259368,Industrials,Broadcasting
PARAA,Paramount Global Class A Common Stock,$22.53,-0.05,-0.221%,15188774513.00,United States,,22501,Industrials,Broadcasting
PATK,Patrick Industries Inc. Common Stock,$88.53,1.55,1.782%,2959317098.00,United States,,271559,Consumer Discretionary,Auto Parts:O.E.M.
PAX,Patria Investments Limited Class A Common Shares,$12.85,0.23,1.823%,1905063103.00,Cayman Islands,2021,953576,Finance,Investment Managers
PAYO,Payoneer Global Inc. Common Stock,$7.21,0.11,1.549%,2607649352.00,United States,,2481782,Consumer Discretionary,Business Services
PAYX,Paychex Inc. Common Stock,$155.98,1.55,1.004%,56182540395.00,United States,1983,1415547,Consumer Discretionary,Diversified Commercial Services
PBFS,Pioneer Bancorp Inc. Common Stock,$11.82,-0.06,-0.505%,305583536.00,United States,2019,14249,Finance,Banks
PBPB,Potbelly Corporation Common Stock,$10.23,-0.01,-0.098%,308661800.00,United States,2013,168812,Consumer Discretionary,Restaurants
PCAR,PACCAR Inc. Common Stock,$96.71,0.74,0.771%,50768825992.00,United States,,2436397,Consumer Discretionary,Auto Manufacturing
PCH,PotlatchDeltic Corporation Common Stock,$40.37,0.29,0.724%,3172920520.00,United States,,565785,Real Estate,Real Estate Investment Trusts
PCRX,Pacira BioSciences Inc. Common Stock,$25.86,0.26,1.016%,1197438689.00,United States,2011,1145487,Health Care,Biotechnology: Pharmaceutical Preparations
PCT,PureCycle Technologies Inc. Common stock,$9.29,0.61,7.028%,1668107848.00,United States,,5959782,Industrials,Major Chemicals
PCTTU,PureCycle Technologies Inc. Unit,$9.47,0.01,0.106%,1700428560.00,United States,,410,Industrials,Major Chemicals
PCTTW,PureCycle Technologies Inc. Warrant,$2.28,0.3996,21.251%,409395683.00,United States,,22813,Industrials,Major Chemicals
PCTY,Paylocity Holding Corporation Common Stock,$201.04,1.83,0.919%,11103461716.00,United States,2014,401084,Technology,Computer Software: Prepackaged Software
PCVX,Vaxcyte Inc. Common Stock,$31.85,0.95,3.074%,4108781795.00,United States,2020,1522515,Health Care,Biotechnology: Pharmaceutical Preparations
PDD,PDD Holdings Inc. American Depositary Shares,$117.61,-0.23,-0.195%,166964620396.00,China,2018,4360974,Consumer Discretionary,Business Services
PDFS,PDF Solutions Inc. Common Stock,$19.70,-0.79,-3.856%,771049391.00,United States,2001,263992,Technology,Computer Software: Prepackaged Software
PDLB,Ponce Financial Group Inc. Common Stock,$13.77,-0.15,-1.078%,330270696.00,United States,2017,38155,Finance,Savings Institutions
PEBO,Peoples Bancorp Inc. Common Stock,$30.82,-0.20,-0.645%,1098604265.00,United States,,167491,Finance,Major Banks
PECO,Phillips Edison & Company Inc. Common Stock,$36.28,0.4925,1.376%,4549512000.00,United States,2021,585535,Real Estate,Real Estate Investment Trusts
PEGA,Pegasystems Inc. Common Stock,$98.97,0.25,0.253%,8424184873.00,United States,1996,500605,Technology,EDP Services
PENG,Penguin Solutions Inc. Ordinary Shares,$19.08,-0.19,-0.986%,1024167788.00,United States,2017,421597,Technology,Semiconductors
PENN,PENN Entertainment Inc. Common Stock,$16.01,0.20,1.265%,2417541636.00,United States,1994,3012529,Consumer Discretionary,Hotels/Resorts
PEP,PepsiCo Inc. Common Stock,$131.98,0.48,0.365%,180955077689.00,United States,,8896370,Consumer Staples,Beverages (Production/Distribution)
PERI,Perion Network Ltd. Ordinary Shares,$10.72,-0.085,-0.787%,482798570.00,Israel,2006,631135,Technology,EDP Services
PFBC,Preferred Bank Common Stock,$85.31,0.02,0.023%,1224770930.00,United States,,105038,Finance,Major Banks
PFG,Principal Financial Group Inc Common Stock,$81.55,0.13,0.16%,18282757620.00,United States,2001,1036927,Finance,Accident &Health Insurance
PFIS,Peoples Financial Services Corp. Common Stock,$49.62,-0.93,-1.84%,495975817.00,United States,,34286,Finance,Major Banks
PGC,Peapack-Gladstone Financial Corporation Common Stock,$28.93,-0.31,-1.06%,513100860.00,United States,,108588,Finance,Commercial Banks
PGEN,Precigen Inc. Common Stock,$1.45,0.14,10.687%,426362311.00,United States,,2865517,Health Care,Biotechnology: Pharmaceutical Preparations
PGNY,Progyny Inc. Common Stock,$22.30,0.35,1.595%,1911512047.00,United States,2019,1167007,Health Care,Misc Health and Biotechnology Services
PGY,Pagaya Technologies Ltd. Class A Ordinary Shares,$14.30,0.26,1.852%,1082618566.00,United States,,1245578,Finance,Finance: Consumer Services
PHAR,Pharming Group N.V. ADS each representing 10 ordinary shares,$9.31,0.1751,1.917%,636739835.00,Netherlands,,3566,Health Care,Biotechnology: Pharmaceutical Preparations
PHH,Park Ha Biological Technology Co. Ltd. Ordinary Shares,$14.805,1.535,11.567%,390473036.00,China,2002,323650,Consumer Discretionary,Package Goods/Cosmetics
PHVS,Pharvaris N.V. Ordinary Shares,$16.56,0.65,4.085%,902406432.00,Netherlands,2021,40381,Health Care,Biotechnology: Pharmaceutical Preparations
PI,Impinj Inc. Common Stock,$125.05,3.30,2.71%,3623799315.00,United States,2016,495539,Technology,Industrial Machinery/Components
PINC,Premier Inc. Class A Common Stock,$23.12,0.33,1.448%,1903757097.00,United States,2013,1417354,Consumer Discretionary,Other Consumer Services
PLAB,Photronics Inc. Common Stock,$20.55,-0.27,-1.297%,1306193120.00,United States,1987,431776,Technology,Semiconductors
PLAY,Dave & Buster's Entertainment Inc. Common Stock,$21.61,-0.81,-3.613%,745875568.00,United States,2014,675354,Consumer Discretionary,Restaurants
PLMR,Palomar Holdings Inc. Common stock,$159.22,2.33,1.485%,4257883690.00,United States,2019,174858,Finance,Property-Casualty Insurers
PLPC,Preformed Line Products Company Common Stock,$138.21,-0.49,-0.353%,682794026.00,United States,,11141,Industrials,Water Sewer Pipeline Comm & Power Line Construction
PLSE,Pulse Biosciences Inc Common Stock (DE),$17.19,0.70,4.245%,1156437688.00,United States,2016,175004,Health Care,Medical/Dental Instruments
PLTK,Playtika Holding Corp. Common Stock,$5.00,-0.02,-0.398%,1876083375.00,Israel,2021,1630685,Technology,EDP Services
PLTR,Palantir Technologies Inc. Class A Common Stock,$129.52,1.40,1.093%,305655853659.00,United States,,57003724,Technology,Computer Software: Prepackaged Software
PLUG,Plug Power Inc. Common Stock,$0.7724,0.073,10.438%,832913298.00,United States,1999,272111925,Energy,Industrial Machinery/Components
PLUS,ePlus inc. Common Stock,$67.14,1.02,1.543%,1787026439.00,United States,1996,161306,Technology,Retail: Computer Software & Peripheral Equipment
PLXS,Plexus Corp. Common Stock,$134.28,1.58,1.191%,3637639963.00,United States,,137638,Technology,Electrical Products
PLYA,Playa Hotels & Resorts N.V. Ordinary Shares,$13.44,0.00,0.00%,1653299854.00,Netherlands,,2591757,Consumer Discretionary,Hotels/Resorts
PNBK,Patriot National Bancorp Inc. Common Stock,$5.72,0.27,4.954%,421708670.00,United States,,171335,Finance,Major Banks
PNFP,Pinnacle Financial Partners Inc. Common Stock,$111.36,0.43,0.388%,8636646851.00,United States,,271210,Finance,Major Banks
PNFPP,Pinnacle Financial Partners Inc. Depositary shares of Pinnacle Financial Partners Inc. each representing a 1/40th Interest in a share of its 6.75% Fixed-Rate Non-Cumulative Perpetual Preferred Stock Series B,$24.07,0.212,0.889%,1866775231.00,United States,,13215,Finance,Major Banks
PNRG,PrimeEnergy Resources Corporation Common Stock,$185.51,5.01,2.776%,310259910.00,United States,,25562,Energy,Oil & Gas Production
PNTG,The Pennant Group Inc. Common Stock ,$30.22,0.81,2.754%,1041652606.00,United States,,206799,Health Care,Medical/Nursing Services
PODD,Insulet Corporation Common Stock,$324.75,2.73,0.848%,22854256244.00,United States,2007,836440,Health Care,Medical/Dental Instruments
POET,POET Technologies Inc. Common Shares,$4.71,0.23,5.134%,367708763.00,Canada,,746967,Technology,Semiconductors
PONY,Pony AI Inc. American Depositary Shares ,$18.43,2.255,13.941%,6548041752.00,China,2024,9171811,Technology,EDP Services
POOL,Pool Corporation Common Stock,$320.82,7.29,2.325%,12061200309.00,United States,1995,825606,Consumer Discretionary,Industrial Specialties
POWI,Power Integrations Inc. Common Stock,$53.97,-0.29,-0.534%,3037988732.00,United States,1997,641359,Technology,Semiconductors
POWL,Powell Industries Inc. Common Stock,$183.17,5.41,3.043%,2210536407.00,United States,,295745,Energy,Electrical Products
POWWP,Outdoor Holding Company 8.75% Series A Cumulative Redeemable Perpetual Preferred Stock,$24.02,1.02,4.435%,2852536727.00,United States,,6117,Industrials,Ordnance And Accessories
PPBI,Pacific Premier Bancorp Inc,$22.27,-0.19,-0.846%,2161493708.00,United States,,654169,Finance,Major Banks
PPC,Pilgrim's Pride Corporation Common Stock,$48.64,1.36,2.876%,11533665687.00,United States,,1386906,Consumer Staples,Meat/Poultry/Fish
PPTA,Perpetua Resources Corp. Common Shares,$11.94,-0.23,-1.89%,850780354.00,Canada,,1147903,Basic Materials,Precious Metals
PRAA,PRA Group Inc. Common Stock,$15.49,0.12,0.781%,612919148.00,United States,2002,619086,Finance,Finance: Consumer Services
PRAX,Praxis Precision Medicines Inc. Common Stock,$37.02,-0.18,-0.484%,754059714.00,United States,2020,267491,Health Care,Biotechnology: Pharmaceutical Preparations
PRCH,Porch Group Inc. Common Stock,$10.78,0.76,7.585%,1310173916.00,United States,2020,2545859,Technology,Computer Software: Prepackaged Software
PRCT,PROCEPT BioRobotics Corporation Common Stock,$58.07,-0.04,-0.069%,3212935751.00,United States,2021,1547306,Health Care,Medical/Dental Instruments
PRDO,Perdoceo Education Corporation Common Stock,$31.35,0.13,0.416%,2054561720.00,United States,,324468,Real Estate,Other Consumer Services
PRGS,Progress Software Corporation Common Stock (DE),$63.12,0.50,0.798%,2715800804.00,United States,1991,359858,Technology,Computer Software: Prepackaged Software
PRTA,Prothena Corporation plc Ordinary Shares,$7.18,0.465,6.925%,386477731.00,United States,,1170871,Health Care,Biotechnology: Pharmaceutical Preparations
PRTC,PureTech Health plc American Depositary Shares,$16.59,-0.7585,-4.372%,397199953.00,United States,,3075,Health Care,Biotechnology: Pharmaceutical Preparations
PRTH,Priority Technology Holdings Inc. Common Stock,$7.52,0.04,0.535%,599746140.00,United States,2016,518196,Consumer Discretionary,Business Services
PRVA,Privia Health Group Inc. Common Stock,$25.02,0.12,0.482%,3050426140.00,United States,2021,708330,Health Care,Medical/Nursing Services
PSEC,Prospect Capital Corporation Common Stock,$3.69,0.05,1.374%,1666163235.00,United States,2004,2936499,Finance,Finance: Consumer Services
PSIX,Power Solutions International Inc. Common Stock,$37.09,2.69,7.82%,853374806.00,United States,,409476,Industrials,Industrial Machinery/Components
PSMT,PriceSmart Inc. Common Stock,$104.71,1.25,1.208%,3220266523.00,United States,,177570,Consumer Discretionary,Department/Specialty Retail Stores
PSNL,Personalis Inc. Common Stock,$4.95,0.06,1.227%,437209433.00,United States,2019,427833,Health Care,Medical Specialities
PSNY,Polestar Automotive Holding UK PLC Class A ADS,$1.17,0.09,8.333%,2469114849.00,Sweden,,6027137,Consumer Discretionary,Auto Manufacturing
PSNYW,Polestar Automotive Holding UK PLC Class C-1 ADS (ADW),$0.1641,0.0069,4.389%,346309185.00,Sweden,,94733,Consumer Discretionary,Auto Manufacturing
PTC,PTC Inc. Common Stock,$172.91,1.11,0.646%,20740183089.00,United States,,656218,Technology,Computer Software: Prepackaged Software
PTCT,PTC Therapeutics Inc. Common Stock,$46.01,0.70,1.545%,3646615444.00,United States,2013,1556085,Health Care,Biotechnology: Pharmaceutical Preparations
PTEN,Patterson-UTI Energy Inc. Common Stock,$6.11,-0.01,-0.163%,2358380729.00,United States,1993,11265166,Energy,Oil & Gas Production
PTGX,Protagonist Therapeutics Inc. Common Stock,$44.49,0.08,0.18%,2757577178.00,United States,2016,647034,Health Care,Biotechnology: Pharmaceutical Preparations
PTLO,Portillo's Inc. Class A Common Stock,$13.35,0.57,4.46%,998784642.00,United States,2021,3668226,Consumer Discretionary,Restaurants
PTON,Peloton Interactive Inc. Class A Common Stock,$6.34,0.01,0.158%,2526867769.00,United States,2019,12486983,Consumer Discretionary,Recreational Games/Products/Toys
PUBM,PubMatic Inc. Class A Common Stock,$11.42,-0.13,-1.126%,554254272.00,United States,2020,585945,Technology,Computer Software: Programming Data Processing
PWP,Perella Weinberg Partners Class A Common Stock,$19.13,0.16,0.843%,1690770061.00,United States,2020,968577,Finance,Finance: Consumer Services
PYPL,PayPal Holdings Inc. Common Stock,$72.18,0.61,0.852%,70197419597.00,United States,,8717851,Consumer Discretionary,Business Services
PZZA,Papa John's International Inc. Common Stock,$40.34,0.29,0.724%,1320668468.00,United States,1993,1427660,Consumer Discretionary,Restaurants
QCOM,QUALCOMM Incorporated Common Stock,$152.50,-0.11,-0.072%,167445000000.00,United States,1991,6667966,Technology,Radio And Television Broadcasting And Communications Equipment
QCRH,QCR Holdings Inc. Common Stock,$70.71,0.25,0.355%,1197220567.00,United States,,119614,Finance,Major Banks
QDEL,QuidelOrtho Corporation Common Stock,$33.46,0.43,1.302%,2262761677.00,United States,,1056565,Health Care,Biotechnology: In Vitro & In Vivo Diagnostic Substances
QFIN,Qifu Technology Inc. American Depositary Shares,$44.27,0.06,0.136%,6211734602.00,China,2018,1408367,Finance,Finance: Consumer Services
QLYS,Qualys Inc. Common Stock,$136.88,0.98,0.721%,4972320127.00,United States,2012,312104,Technology,Computer Software: Prepackaged Software
QNST,QuinStreet Inc. Common Stock,$15.35,-0.36,-2.292%,874212049.00,United States,2010,677107,Consumer Discretionary,Business Services
QRVO,Qorvo Inc. Common Stock,$79.64,1.22,1.556%,7438123700.00,United States,,1290182,Technology,Semiconductors
QSG,QuantaSing Group Limited American Depositary Shares,$7.34,-0.03,-0.407%,375169442.00,China,2023,215079,Real Estate,Other Consumer Services
QUBT,Quantum Computing Inc. Common Stock,$12.87,3.63,39.286%,1766337294.00,United States,,92117476,Technology,Computer Software: Prepackaged Software
QURE,uniQure N.V. Ordinary Shares,$13.70,0.45,3.396%,750054395.00,Netherlands,2014,1617881,Health Care,Biotechnology: Pharmaceutical Preparations
QVCGB,QVC Group Inc. Series B Common Stock,$5.30,-0.39,-6.854%,2138213710.00,United States,,38254,Consumer Discretionary,Catalog/Specialty Distribution
QVCGP,QVC Group Inc. 8.0% Fixed Rate Cumulative Redeemable Preferred Stock,$16.59,1.84,12.475%,6693012348.00,United States,,136724,Consumer Discretionary,Catalog/Specialty Distribution
RADX,Radiopharm Theranostics Limited American Depositary Shares,$4.15,-0.025,-0.599%,9017787137.00,Australia,,18809,,
RAPP,Rapport Therapeutics Inc. Common Stock,$9.96,0.205,2.101%,363515648.00,United States,2024,163466,Health Care,Biotechnology: Pharmaceutical Preparations
RARE,Ultragenyx Pharmaceutical Inc. Common Stock,$35.61,0.77,2.21%,3366641866.00,United States,2014,616692,Health Care,Biotechnology: Pharmaceutical Preparations
RBB,RBB Bancorp Common Stock,$17.00,-0.11,-0.643%,301577603.00,United States,2017,36907,Finance,Major Banks
RBBN,Ribbon Communications Inc. Common Stock,$3.63,0.01,0.276%,640856121.00,United States,,398285,Technology,EDP Services
RBCAA,Republic Bancorp Inc. Class A Common Stock,$73.34,-0.70,-0.945%,1431950666.00,United States,1998,26780,Finance,Major Banks
RCAT,Red Cat Holdings Inc. Common Stock,$6.88,0.39,6.009%,551506180.00,United States,,5004353,Technology,Computer Software: Prepackaged Software
RCKT,Rocket Pharmaceuticals Inc. Common Stock,$6.50,-0.225,-3.346%,700296474.00,United States,2015,3236039,Health Care,Biotechnology: Pharmaceutical Preparations
RDFN,Redfin Corporation Common Stock,$10.35,0.33,3.293%,1325122703.00,United States,2017,9843372,Finance,Real Estate
RDNT,RadNet Inc. Common Stock,$61.14,0.88,1.46%,4587340192.00,United States,,671425,Health Care,Medical Specialities
RDUS,Radius Recycling Inc. Class A Common Stock,$29.40,0.04,0.136%,829138271.00,United States,,677230,Consumer Discretionary,Industrial Specialties
RDVT,Red Violet Inc. Common Stock ,$49.20,0.01,0.02%,686631166.00,United States,,171207,Technology,Computer Software: Prepackaged Software
RDWR,Radware Ltd. Ordinary Shares,$23.80,0.12,0.507%,1015939509.00,Israel,1999,81012,Consumer Discretionary,Business Services
REAL,The RealReal Inc. Common Stock,$5.48,0.21,3.985%,619762403.00,United States,2019,2675901,Consumer Discretionary,Other Specialty Stores
REAX,The Real Brokerage Inc. Common Shares,$4.33,-0.04,-0.915%,876820865.00,Canada,,4475997,Finance,Real Estate
REFI,Chicago Atlantic Real Estate Finance Inc. Common Stock,$15.04,0.09,0.602%,315350553.00,United States,2021,97041,Real Estate,Real Estate Investment Trusts
REG,Regency Centers Corporation Common Stock,$73.82,1.23,1.694%,13400492114.00,United States,1993,962901,Real Estate,Real Estate Investment Trusts
REGCO,Regency Centers Corporation 5.875% Series B Cumulative Redeemable Preferred Stock,$22.78,-0.11,-0.481%,4135237203.00,United States,,7175,Real Estate,Real Estate Investment Trusts
REGCP,Regency Centers Corporation 6.25% Series A Cumulative Redeemable Preferred Stock,$23.6751,0.00,0.00%,4297724070.00,United States,,156,Real Estate,Real Estate Investment Trusts
REGN,Regeneron Pharmaceuticals Inc. Common Stock,$594.32,9.33,1.595%,64166054177.00,United States,1991,936922,Health Care,Biotechnology: Pharmaceutical Preparations
RELY,Remitly Global Inc. Common Stock,$22.79,-0.02,-0.088%,4645937312.00,United States,2021,3152805,Consumer Discretionary,Business Services
REPL,Replimune Group Inc. Common Stock,$7.85,0.62,8.575%,604566031.00,United States,2018,1689093,Health Care,Biotechnology: Biological Products (No Diagnostic Substances)
REYN,Reynolds Consumer Products Inc. Common Stock,$23.11,0.14,0.609%,4860570839.00,United States,2020,1118224,Consumer Discretionary,Containers/Packaging
RGC,Regencell Bioscience Holdings Limited Ordinary Shares,$393.00,-9.00,-2.239%,5114056338.00,Hong Kong,2021,35469,Health Care, Medicinal Chemicals and Botanical Products 
RGEN,Repligen Corporation Common Stock,$126.50,3.24,2.629%,7107162150.00,United States,1986,1245890,Health Care,Biotechnology: Biological Products (No Diagnostic Substances)
RGLD,Royal Gold Inc. Common Stock,$171.14,1.85,1.093%,11263835125.00,United States,,606842,Industrials,Precious Metals
RGLS,Regulus Therapeutics Inc. Common Stock,$7.87,0.02,0.255%,544872280.00,United States,2012,860014,Health Care,Biotechnology: Pharmaceutical Preparations
RGNX,REGENXBIO Inc. Common Stock,$8.89,0.25,2.894%,445925529.00,United States,2015,825335,Health Care,Biotechnology: Biological Products (No Diagnostic Substances)
RGTI,Rigetti Computing Inc. Common Stock,$11.85,0.31,2.686%,3440326235.00,United States,,67589802,Technology,EDP Services
RGTIW,Rigetti Computing Inc. Warrants,$4.12,0.12,3.00%,1196130303.00,United States,,314447,Technology,EDP Services
RICK,RCI Hospitality Holdings Inc. Common Stock,$43.01,-0.37,-0.853%,378412733.00,United States,1995,30685,Consumer Discretionary,Restaurants
RIGL,Rigel Pharmaceuticals Inc. Common Stock,$19.835,0.095,0.481%,354499689.00,United States,2000,204943,Health Care,Biotechnology: Pharmaceutical Preparations
RILYK,B. Riley Financial Inc. 5.50% Senior Notes Due 2026,$16.63,1.23,7.987%,507166208.00,United States,,5737,Finance,Investment Managers
RIOT,Riot Platforms Inc. Common Stock ,$9.15,0.45,5.172%,3268963239.00,United States,,36915527,Finance,Finance: Consumer Services
RIVN,Rivian Automotive Inc. Class A Common Stock,$15.81,0.51,3.333%,18124977242.00,United States,2021,32231922,Consumer Discretionary,Auto Manufacturing
RKLB,Rocket Lab USA Inc. Common Stock,$25.57,0.35,1.388%,11798826289.00,United States,2020,24452924,Industrials,Military/Government/Technical
RLAY,Relay Therapeutics Inc. Common Stock,$2.81,0.02,0.717%,481760354.00,United States,2020,1283125,Health Care,Biotechnology: Biological Products (No Diagnostic Substances)
RMBS,Rambus Inc. Common Stock,$56.35,-0.42,-0.74%,6052661467.00,United States,1997,870750,Technology,Semiconductors
RMNI,Rimini Street Inc. (DE) Common Stock,$3.34,0.10,3.086%,306561900.00,United States,2015,231028,Consumer Discretionary,Business Services
RMR,The RMR Group Inc. Class A Common Stock,$15.51,0.35,2.309%,494416085.00,United States,,107887,Consumer Discretionary,Professional Services
RNA,Avidity Biosciences Inc. Common Stock,$30.35,1.38,4.764%,3658339196.00,United States,2020,1342236,Health Care,Biotechnology: Pharmaceutical Preparations
RNW,ReNew Energy Global plc Class A Ordinary Shares,$6.72,0.04,0.599%,3282946108.00,United Kingdom,,568437,Utilities,Electric Utilities: Central
ROAD,Construction Partners Inc. Class A Common Stock,$101.14,2.10,2.12%,5666972812.00,United States,2018,630101,Industrials,Military/Government/Technical
ROCK,Gibraltar Industries Inc. Common Stock,$62.50,1.27,2.074%,1843147500.00,United States,1993,1383289,Industrials,Steel/Iron Ore
ROIV,Roivant Sciences Ltd. Common Shares,$10.79,0.03,0.279%,7699198652.00,United Kingdom,,3710020,Health Care,Biotechnology: Pharmaceutical Preparations
ROKU,Roku Inc. Class A Common Stock,$71.37,1.30,1.855%,10466910090.00,United States,2017,2116061,Telecommunications,Cable & Other Pay Television Services
ROOT,Root Inc. Class A Common Stock,$135.74,0.03,0.022%,2085710662.00,United States,2020,279953,Finance,Property-Casualty Insurers
ROP,Roper Technologies Inc. Common Stock,$582.88,8.48,1.476%,62668574603.00,United States,1992,611453,Industrials,Industrial Machinery/Components
ROST,Ross Stores Inc. Common Stock,$152.92,1.03,0.678%,50283379039.00,United States,1985,2065028,Consumer Discretionary,Clothing/Shoe/Accessory Stores
RPAY,Repay Holdings Corporation Class A Common Stock,$4.10,0.26,6.771%,386015037.00,United States,2018,3633872,Consumer Discretionary,Business Services
RPD,Rapid7 Inc. Common Stock,$23.72,0.17,0.722%,1523756149.00,United States,2015,831548,Technology,Computer Software: Prepackaged Software
RPRX,Royalty Pharma plc Class A Ordinary Shares ,$34.02,1.12,3.404%,19127413951.00,United States,2020,4933510,Health Care,Biotechnology: Pharmaceutical Preparations
RRBI,Red River Bancshares Inc. Common Stock,$55.10,-1.42,-2.512%,374038471.00,United States,2019,16855,Consumer Discretionary,Hotels/Resorts
RRR,Red Rock Resorts Inc. Class A Common Stock,$47.10,-0.05,-0.106%,4996280771.00,United States,2016,486947,Consumer Discretionary,Hotels/Resorts
RSVR,Reservoir Media Inc. Common Stock,$7.32,-0.08,-1.081%,477502317.00,United States,2021,54821,Consumer Discretionary,Services-Misc. Amusement & Recreation
RUM,Rumble Inc. Class A Common Stock,$10.47,0.15,1.453%,4548414244.00,United States,2021,2271411,Technology,Computer Software: Programming Data Processing
RUMBW,Rumble Inc. Warrant,$4.05,0.02,0.496%,1759415252.00,United States,2021,10707,Technology,Computer Software: Programming Data Processing
RUN,Sunrun Inc. Common Stock,$12.25,-0.60,-4.669%,2798959258.00,United States,2015,12850052,Miscellaneous,Industrial Machinery/Components
RUSHA,Rush Enterprises Inc. Common Stock Cl A,$52.28,0.59,1.141%,4068273858.00,United States,,452032,Consumer Discretionary,Retail-Auto Dealers and Gas Stations
RUSHB,Rush Enterprises Inc. Class B,$56.38,0.255,0.454%,4387323644.00,United States,,25151,Consumer Discretionary,Retail-Auto Dealers and Gas Stations
RVMD,Revolution Medicines Inc. Common Stock,$39.54,0.10,0.254%,7365018690.00,United States,2020,2130663,Health Care,Biotechnology: Biological Products (No Diagnostic Substances)
RWAY,Runway Growth Finance Corp. Common Stock,$10.12,0.15,1.505%,377955971.00,United States,2021,503183,Finance,Finance: Consumer Services
RWAYL,Runway Growth Finance Corp. 7.50% Notes due 2027,$24.925,-0.025,-0.10%,930884643.00,United States,,5276,Finance,Finance: Consumer Services
RWAYZ,Runway Growth Finance Corp. 8.00% Notes due 2027,$25.04,-0.03,-0.12%,935179597.00,United States,,5550,Finance,Finance: Consumer Services
RXRX,Recursion Pharmaceuticals Inc. Class A Common Stock,$4.56,0.31,7.294%,1853617875.00,United States,2021,22727498,Health Care,Biotechnology: Biological Products (No Diagnostic Substances)
RXST,RxSight Inc. Common Stock,$14.19,0.88,6.612%,576638760.00,United States,2021,862724,Health Care,Ophthalmic Goods
RYAAY,Ryanair Holdings plc American Depositary Shares,$50.00,-0.40,-0.794%,27474865900.00,Ireland,1997,2902506,Consumer Discretionary,Air Freight/Delivery Services
RYET,Ruanyun Edai Technology Inc. Ordinary shares,$10.09,2.29,29.359%,340537540.00,China,2025,800234,Technology,Computer Software: Prepackaged Software
RYTM,Rhythm Pharmaceuticals Inc. Common Stock,$59.93,-0.25,-0.415%,3812834817.00,United States,2017,687673,Health Care,Biotechnology: Pharmaceutical Preparations
RZLT,Rezolute Inc. Common Stock (NV),$3.57,0.01,0.281%,305303965.00,United States,,1113825,Health Care,Biotechnology: Pharmaceutical Preparations
RZLV,Rezolve AI PLC Ordinary Shares,$2.41,0.12,5.24%,587248011.00,United Kingdom,,5399169,Technology,Computer Software: Programming Data Processing
SABR,Sabre Corporation Common Stock,$2.95,0.00,0.00%,1144029358.00,United States,2014,3926601,Technology,Computer Software: Programming Data Processing
SAFT,Safety Insurance Group Inc. Common Stock,$83.13,0.47,0.569%,1238100978.00,United States,2002,56917,Finance,Property-Casualty Insurers
SAGE,Sage Therapeutics Inc. Common Stock,$6.89,0.28,4.236%,431456582.00,United States,2014,734613,Health Care,Biotechnology: Pharmaceutical Preparations
SAIA,Saia Inc. Common Stock,$285.10,5.40,1.931%,7593354826.00,United States,,412859,Industrials,Trucking Freight/Courier Services
SAIC,Science Applications International Corporation Common Stock,$123.41,1.49,1.222%,5891248222.00,United States,,556532,Technology,EDP Services
SAIL,SailPoint Inc. Common Stock,$18.63,0.00,0.00%,10368993983.00,United States,2025,1924566,Technology,Computer Software: Prepackaged Software
SANA,Sana Biotechnology Inc. Common Stock,$1.745,0.035,2.047%,393594136.00,United States,2021,1272675,Health Care,Biotechnology: Biological Products (No Diagnostic Substances)
SANM,Sanmina Corporation Common Stock,$84.56,0.44,0.523%,4520899520.00,United States,1993,218462,Technology,Electrical Products
SATL,Satellogic Inc. Class A Common Stock,$4.14,-0.52,-11.159%,431013657.00,Uruguay,,6211412,Technology,Radio And Television Broadcasting And Communications Equipment
SATS,EchoStar  Corporation Common Stock,$23.39,0.49,2.14%,6721786390.00,United States,,2618829,Consumer Discretionary,Telecommunications Equipment
SBAC,SBA Communications Corporation Class A Common Stock,$233.08,3.99,1.742%,25044858785.00,United States,1999,1084678,Real Estate,Real Estate Investment Trusts
SBC,SBC Medical Group Holdings Incorporated Common Stock,$3.40,-0.08,-2.299%,352278253.00,United States,2022,50127,Health Care,Medical/Nursing Services
SBCF,Seacoast Banking Corporation of Florida Common Stock,$25.84,-0.03,-0.116%,2221863976.00,United States,,443016,Finance,Major Banks
SBGI,Sinclair Inc. Class A Common Stock,$14.945,-0.415,-2.702%,1039746710.00,United States,1995,389556,Industrials,Broadcasting
SBLK,Star Bulk Carriers Corp. Common Shares,$16.40,-0.40,-2.381%,1920891508.00,Greece,,1417830,Consumer Discretionary,Marine Transportation
SBRA,Sabra Health Care REIT Inc. Common Stock,$17.87,0.41,2.348%,4251924540.00,United States,,2663448,Real Estate,Real Estate Investment Trusts
SBUX,Starbucks Corporation Common Stock,$85.57,-1.08,-1.246%,97241748000.00,United States,1992,13109490,Consumer Discretionary,Restaurants
SCHL,Scholastic Corporation Common Stock,$18.04,0.20,1.121%,481424442.00,United States,1992,254189,Consumer Discretionary,Books
SCSC,ScanSource Inc. Common Stock,$40.79,0.01,0.025%,921674850.00,United States,,165861,Technology,Retail: Computer Software & Peripheral Equipment
SCVL,Shoe Carnival Inc. Common Stock,$20.26,0.38,1.911%,550553405.00,United States,1993,396954,Consumer Discretionary,Clothing/Shoe/Accessory Stores
SDA,SunCar Technology Group Inc. Class A Ordinary Shares,$3.12,-0.07,-2.194%,307335781.00,Hong Kong,2021,56255,Consumer Discretionary,Automotive Aftermarket
SDGR,Schrodinger Inc. Common Stock,$23.58,0.22,0.942%,1730226972.00,United States,2020,944938,Health Care,Biotechnology: Pharmaceutical Preparations
SEAT,Vivid Seats Inc. Class A Common Stock,$1.96,0.00,0.00%,403902235.00,United States,,1586304,Consumer Discretionary,Services-Misc. Amusement & Recreation
SEDG,SolarEdge Technologies Inc. Common Stock,$22.02,1.18,5.662%,1300153989.00,Israel,2015,7286057,Technology,Semiconductors
SEIC,SEI Investments Company Common Stock,$85.38,0.61,0.72%,10628670860.00,United States,1981,765718,Finance,Investment Bankers/Brokers/Service
SENEA,Seneca Foods Corp. Class A Common Stock,$90.85,-0.29,-0.318%,625024288.00,United States,,19806,Consumer Staples,Packaged Foods
SENEB,Seneca Foods Corp. Class B Common Stock,$93.99,-0.03,-0.032%,646626669.00,United States,,982,Consumer Staples,Packaged Foods
SEPN,Septerna Inc. Common Stock,$9.84,-0.28,-2.767%,437314161.00,United States,2024,2334234,Health Care,Biotechnology: Pharmaceutical Preparations
SERV,Serve Robotics Inc. Common Stock,$10.83,1.44,15.335%,618645945.00,United States,,10969819,Consumer Discretionary,Industrial Specialties
SEZL,Sezzle Inc. Common Stock,$93.785,3.685,4.09%,3121755177.00,United States,,1026029,Consumer Discretionary,Business Services
SFD,Smithfield Foods Inc. Common Stock,$23.32,0.38,1.656%,9167388421.00,United States,2025,699105,Consumer Staples,Meat/Poultry/Fish
SFIX,Stitch Fix Inc. Class A Common Stock,$4.21,-0.03,-0.708%,542234730.00,United States,2017,1065799,Consumer Discretionary,Catalog/Specialty Distribution
SFM,Sprouts Farmers Market Inc. Common Stock,$168.68,7.40,4.588%,16506792022.00,United States,2013,1540723,Consumer Staples,Food Chains
SFNC,Simmons First National Corporation Class A Common Stock,$19.94,-0.05,-0.25%,2511491355.00,United States,,582648,Finance,Major Banks
SFST,Southern First Bancshares Inc. Common Stock,$37.01,-0.44,-1.175%,302329694.00,United States,,22695,Finance,Major Banks
SGML,Sigma Lithium Corporation Common Shares,$6.58,-0.33,-4.776%,732212721.00,Canada,,3335992,Basic Materials,Metal Mining
SGRY,Surgery Partners Inc. Common Stock,$23.94,0.305,1.29%,3068152196.00,United States,2015,962869,Health Care,Hospital/Nursing Management
SHBI,Shore Bancshares Inc Common Stock,$14.84,-0.22,-1.461%,495274093.00,United States,,112439,Finance,Major Banks
SHC,Sotera Health Company Common Stock,$12.80,0.06,0.471%,3633344947.00,United States,2020,948002,Health Care,Misc Health and Biotechnology Services
SHEN,Shenandoah Telecommunications Co Common Stock,$11.67,-0.03,-0.256%,640181190.00,United States,,214226,Telecommunications,Telecommunications Equipment
SHLS,Shoals Technologies Group Inc. Class A Common Stock,$4.855,0.275,6.004%,811633698.00,United States,2021,11166499,Technology,Semiconductors
SHOO,Steven Madden Ltd. Common Stock,$26.18,-0.36,-1.356%,1901394495.00,United States,1993,1813237,Consumer Discretionary,Shoe Manufacturing
SHOP,Shopify Inc. Class A Subordinate Voting Shares,$110.75,0.54,0.49%,143401396291.00,Canada,,96081410,Technology,Computer Software: Prepackaged Software
SHYF,The Shyft Group Inc. Common Stock,$9.75,0.15,1.563%,341309319.00,United States,,196163,Consumer Discretionary,Auto Manufacturing
SIBN,SI-BONE Inc. Common Stock,$19.79,0.91,4.82%,843341232.00,United States,2018,795836,Health Care,Medical/Dental Instruments
SIFY,Sify Technologies Limited American Depositary Shares,$4.61,-0.06,-1.285%,332942977.00,India,,39310,Technology,Computer Software: Programming Data Processing
SIGA,SIGA Technologies Inc. Common Stock,$5.99,0.07,1.182%,427932087.00,United States,,425865,Health Care,Biotechnology: Pharmaceutical Preparations
SIGI,Selective Insurance Group Inc. Common Stock,$89.09,0.46,0.519%,5414395216.00,United States,,301497,Finance,Property-Casualty Insurers
SIGIP,Selective Insurance Group Inc. Depositary Shares each representing a 1/1000th interest in a share of 4.60% Non-Cumulative Preferred Stock Series B,$17.1514,-0.0486,-0.283%,1042366799.00,United States,,2527,Finance,Property-Casualty Insurers
SIMO,Silicon Motion Technology Corporation American Depositary Shares,$63.21,2.04,3.335%,2148107781.00,Taiwan,2005,1207464,Technology,Semiconductors
SION,Sionna Therapeutics Inc. Common Stock,$13.43,-0.01,-0.074%,592590611.00,United States,2025,190842,Health Care,Biotechnology: Pharmaceutical Preparations
SIRI,SiriusXM Holdings Inc. Common Stock,$22.73,0.37,1.655%,7681024771.00,United States,,3542695,Consumer Discretionary,Broadcasting
SITM,SiTime Corporation Common Stock,$210.67,4.67,2.267%,4997428840.00,United States,2019,352052,Technology,Semiconductors
SKBL,Skyline Builders Group Holding Limited Class A Ordinary Shares,$12.04,0.64,5.614%,361200000.00,Hong Kong,2025,251571,Consumer Discretionary,Engineering & Construction
SKWD,Skyward Specialty Insurance Group Inc. Common Stock,$63.61,1.05,1.678%,2570027133.00,United States,2023,299662,Finance,Property-Casualty Insurers
SKYT,SkyWater Technology Inc. Common Stock,$8.89,0.74,9.08%,427049143.00,United States,2021,1367788,Technology,Semiconductors
SKYW,SkyWest Inc. Common Stock,$102.67,0.96,0.944%,4154771325.00,United States,1986,289372,Consumer Discretionary,Air Freight/Delivery Services
SLAB,Silicon Laboratories Inc. Common Stock,$131.16,-2.01,-1.509%,4272123846.00,United States,2000,513274,Technology,Semiconductors
SLM,SLM Corporation Common Stock,$33.69,0.29,0.868%,7099791688.00,United States,,1568412,Finance,Finance: Consumer Services
SLMBP,SLM Corporation Floating Rate Non-Cumulative Preferred Stock Series B,$75.50,0.06,0.08%,15910782798.00,United States,,6743,Finance,Finance: Consumer Services
SLNO,Soleno Therapeutics Inc. Common Stock,$75.01,-0.06,-0.08%,3780048764.00,United States,2014,529578,Health Care,Biotechnology: Electromedical & Electrotherapeutic Apparatus
SLP,Simulations Plus Inc. Common Stock,$31.53,0.78,2.537%,634101249.00,United States,,211299,Technology,EDP Services
SLRC,SLR Investment Corp. Common Stock,$16.56,0.18,1.099%,903424739.00,United States,2010,117856,Finance,Finance/Investors Services
SMBC,Southern Missouri Bancorp Inc. Common Stock,$54.80,-0.45,-0.814%,619237918.00,United States,,38004,Finance,Banks
SMCI,Super Micro Computer Inc. Common Stock,$46.15,2.19,4.982%,27543134363.00,United States,2020,99288866,Technology,Computer Manufacturing
SMPL,The Simply Good Foods Company Common Stock,$36.58,0.52,1.442%,3695228600.00,United States,,507408,Consumer Staples,Packaged Foods
SMTC,Semtech Corporation Common Stock,$40.42,0.78,1.968%,3496472844.00,United States,,1443846,Technology,Semiconductors
SNCY,Sun Country Airlines Holdings Inc. Common Stock,$12.10,-0.01,-0.083%,643732136.00,United States,2021,760329,Consumer Discretionary,Air Freight/Delivery Services
SNDK,Sandisk Corporation Common Stock,$40.44,-0.10,-0.247%,5875900376.00,United States,,2132479,Technology,Electronic Components
SNDL,SNDL Inc. Common Shares,$1.35,0.07,5.469%,347335783.00,Canada,2019,2322111,Health Care, Medicinal Chemicals and Botanical Products 
SNDX,Syndax Pharmaceuticals Inc. Common Stock,$9.05,0.10,1.117%,778729413.00,United States,2016,2954274,Health Care,Biotechnology: Pharmaceutical Preparations
SNEX,StoneX Group Inc. Common Stock,$87.52,0.94,1.086%,4281180832.00,United States,,504797,Finance,Investment Bankers/Brokers/Service
SNPS,Synopsys Inc. Common Stock,$514.43,-0.05,-0.01%,79541205697.00,United States,1992,948144,Technology,Computer Software: Prepackaged Software
SNRE,Sunrise Communications AG American Depositary Shares representing Class A shares,$49.56,-0.5648,-1.127%,4744726612.00,Switzerland,,170167,Telecommunications,Cable & Other Pay Television Services
SNY,Sanofi ADS,$51.68,0.82,1.612%,130556364443.00,France,,2724304,Health Care,Biotechnology: Pharmaceutical Preparations
SOFI,SoFi Technologies Inc. Common Stock  ,$13.92,0.35,2.579%,15386654296.00,United States,,58250789,Finance,Finance: Consumer Services
SOHOB,Sotherly Hotels Inc. 8.0% Series B Cumulative Redeemable Perpetual Preferred Stock,$16.205,0.00,0.00%,326148555.00,United States,,33,Real Estate,Real Estate Investment Trusts
SOHON,Sotherly Hotels Inc. 8.25% Series D Cumulative Redeemable Perpetual Preferred Stock,$16.7314,0.00,0.00%,336743100.00,United States,,28,Real Estate,Real Estate Investment Trusts
SOHOO,Sotherly Hotels Inc. 7.875% Series C Cumulative Redeemable Perpetual Preferred Stock,$16.20,0.00,0.00%,326047923.00,United States,,39,Real Estate,Real Estate Investment Trusts
SOHU,Sohu.com Limited American Depositary Shares,$10.85,-0.13,-1.184%,326209590.00,China,,40654,Technology,EDP Services
SONO,Sonos Inc. Common Stock,$10.89,0.06,0.554%,1307752799.00,United States,2018,1664150,Consumer Staples,Consumer Electronics/Appliances
SOUN,SoundHound AI Inc Class A Common Stock,$11.19,0.18,1.635%,4495407276.00,United States,,26997130,Technology,Computer Software: Prepackaged Software
SOUNW,SoundHound AI Inc. Warrant,$4.98,0.16,3.32%,2000637018.00,United States,2021,121167,Technology,Computer Software: Prepackaged Software
SPFI,South Plains Financial Inc. Common Stock,$36.275,-0.045,-0.124%,588659346.00,United States,2019,38759,Finance,Major Banks
SPNS,Sapiens International Corporation N.V. Common Shares (Cayman Islands),$28.54,0.03,0.105%,1595021402.00,Curacao,1992,120960,Technology,Computer Software: Prepackaged Software
SPOK,Spok Holdings Inc. Common Stock,$16.94,0.17,1.014%,348494694.00,United States,,118539,Telecommunications,Telecommunications Equipment
SPRY,ARS Pharmaceuticals Inc. Common Stock,$13.60,1.405,11.521%,1334429334.00,United States,2020,2214797,Health Care,Biotechnology: Pharmaceutical Preparations
SPSC,SPS Commerce Inc. Common Stock,$150.94,2.31,1.554%,5732305435.00,United States,2010,212381,Technology,Computer Software: Prepackaged Software
SPT,Sprout Social Inc Class A Common Stock,$23.90,0.15,0.632%,1390397127.00,United States,2019,620906,Technology,Computer Software: Prepackaged Software
SPTN,SpartanNash Company Common Stock,$19.84,0.40,2.058%,669894188.00,United States,,428727,Consumer Discretionary,Food Distributors
SRAD,Sportradar Group AG Class A Ordinary Shares,$23.98,0.40,1.696%,7181049025.00,Switzerland,2021,2392812,Technology,Computer Software: Programming Data Processing
SRCE,1st Source Corporation Common Stock,$62.35,-0.27,-0.431%,1531497501.00,United States,,81866,Finance,Major Banks
SRDX,Surmodics Inc. Common Stock,$28.58,0.55,1.962%,408673022.00,United States,1998,123681,Health Care,Medical/Dental Instruments
SRPT,Sarepta Therapeutics Inc. Common Stock (DE),$36.43,1.16,3.289%,3580232276.00,United States,,4052764,Health Care,Biotechnology: Pharmaceutical Preparations
SRRK,Scholar Rock Holding Corporation Common Stock,$30.55,-0.28,-0.908%,2892375110.00,United States,2018,1075755,Health Care,Biotechnology: Biological Products (No Diagnostic Substances)
SSBK,Southern States Bancshares Inc. Common Stock,$36.12,-0.04,-0.111%,358444333.00,United States,2021,38982,Finance,Savings Institutions
SSII,SS Innovations International Inc. Common Stock,$9.84,-0.11,-1.106%,1904623906.00,India,,14659,Health Care,Medical/Dental Instruments
SSNC,SS&C Technologies Holdings Inc. Common Stock,$79.60,0.09,0.113%,19634326881.00,United States,2010,1558508,Technology,Computer Software: Prepackaged Software
SSRM,SSR Mining Inc. Common Stock,$10.74,-0.20,-1.828%,2173627627.00,Canada,,2047347,Industrials,Precious Metals
SSSSL,SuRo Capital Corp. 6.00% Notes due 2026,$24.50,0.00,0.00%,577020546.00,United States,,90,Finance,Finance: Consumer Services
SSYS,Stratasys Ltd. Ordinary Shares (Israel),$11.165,0.105,0.949%,801451724.00,United States,1994,466859,Technology,Computer peripheral equipment
STAA,STAAR Surgical Company Common Stock,$19.22,0.93,5.085%,951892199.00,United States,,889183,Health Care,Ophthalmic Goods
STBA,S&T Bancorp Inc. Common Stock,$38.40,-0.16,-0.415%,1471884672.00,United States,,127543,Finance,Major Banks
STEP,StepStone Group Inc. Class A Common Stock,$59.55,0.80,1.362%,6906429635.00,United States,2020,483544,Finance,Investment Managers
STGW,Stagwell Inc. Class A Common Stock,$5.30,0.03,0.569%,1418718496.00,Canada,,1297648,Consumer Discretionary,Advertising
STKL,SunOpta Inc. Common Stock,$6.30,0.11,1.777%,736097273.00,Canada,,578836,Industrials,Farming/Seeds/Milling
STLD,Steel Dynamics Inc.,$134.78,0.98,0.732%,20008613407.00,United States,1996,1096072,Industrials,Steel/Iron Ore
STNE,StoneCo Ltd. Class A Common Shares,$13.36,0.08,0.602%,3627802336.00,Brazil,2018,5281468,Technology,EDP Services
STOK,Stoke Therapeutics Inc. Common Stock,$9.76,0.13,1.35%,532865978.00,United States,2019,719632,Health Care,Biotechnology: Pharmaceutical Preparations
STRA,Strategic Education Inc. Common Stock,$90.29,1.60,1.804%,2181698849.00,United States,1996,245912,Real Estate,Other Consumer Services
STRF,MicroStrategy Incorporated 10.00% Series A Perpetual Strife Preferred Stock,$98.00,0.55,0.564%,26793523694.00,United States,,308464,Technology,Computer Software: Prepackaged Software
STRK,MicroStrategy Incorporated 8.00% Series A Perpetual Strike Preferred Stock,$96.50,-0.04,-0.041%,26383418740.00,United States,,366841,Technology,Computer Software: Prepackaged Software
STRL,Sterling Infrastructure Inc. Common Stock,$188.57,3.78,2.046%,5734849485.00,United States,,296438,Industrials,Military/Government/Technical
STX,Seagate Technology Holdings PLC Ordinary Shares (Ireland),$107.79,0.36,0.335%,22874920337.00,Ireland,2002,3234920,Technology,Electronic Components
SUPN,Supernus Pharmaceuticals Inc. Common Stock,$33.43,0.95,2.925%,1871733097.00,United States,2012,548988,Health Care,Biotechnology: Pharmaceutical Preparations
SVC,Service Properties Trust Common Stock,$2.22,0.01,0.452%,369932217.00,United States,,1864374,Real Estate,Real Estate Investment Trusts
SVRA,Savara Inc. Common Stock,$3.07,-0.04,-1.286%,530609351.00,United States,,690595,Health Care,Biotechnology: Pharmaceutical Preparations
SWBI,Smith & Wesson Brands Inc. Common Stock,$9.79,0.05,0.513%,430786462.00,United States,,272528,Industrials,Ordnance And Accessories
SWIM,Latham Group Inc. Common Stock,$6.22,0.19,3.151%,723806509.00,United States,2021,263962,Industrials,Plastic Products
SWKHL,SWK Holdings Corporation 9.00% Senior Notes due 2027,$25.45,-0.05,-0.196%,311834167.00,United States,,2677,,
SWKS,Skyworks Solutions Inc. Common Stock,$73.32,1.04,1.439%,11007468985.00,United States,,2336687,Technology,Semiconductors
SWTX,SpringWorks Therapeutics Inc. Common Stock,$46.11,0.03,0.065%,3473129513.00,United States,2019,7290980,Health Care,Biotechnology: Biological Products (No Diagnostic Substances)
SYBT,Stock Yards Bancorp Inc. Common Stock,$76.29,-0.80,-1.038%,2248183525.00,United States,,109650,Finance,Major Banks
SYM,Symbotic Inc. Class A Common Stock,$27.67,0.73,2.71%,16314523642.00,United States,2021,1282670,Industrials,Industrial Machinery/Components
SYNA,Synaptics Incorporated Common Stock $0.001 Par Value,$65.25,-0.13,-0.199%,2515091135.00,United States,2002,460693,Technology,Semiconductors
SYRE,Spyre Therapeutics Inc. Common Stock,$15.18,0.64,4.402%,916167056.00,United States,2016,340714,Health Care,Biotechnology: Pharmaceutical Preparations
TALK,Talkspace Inc. Common Stock,$2.98,-0.01,-0.334%,498599081.00,United States,2020,1374753,Health Care,Medical/Nursing Services
TARS,Tarsus Pharmaceuticals Inc. Common Stock,$43.70,0.20,0.46%,1836022157.00,United States,2020,485473,Health Care,Biotechnology: Biological Products (No Diagnostic Substances)
TASK,TaskUs Inc. Class A Common Stock,$16.60,-0.12,-0.718%,1475250217.00,United States,2021,542233,Technology,EDP Services
TATT,TAT Technologies Ltd. Ordinary Shares,$34.64,-0.57,-1.619%,378974001.00,Israel,,87694,Industrials,Aerospace
TBBK,The Bancorp Inc Common Stock,$53.93,-0.41,-0.755%,2519056656.00,United States,2004,395429,Finance,Major Banks
TBLA,Taboola.com Ltd. Ordinary Shares,$3.41,0.02,0.59%,1095990593.00,Israel,,2784246,Technology,Computer Software: Programming Data Processing
TBLD,Thornburg Income Builder Opportunities Trust Common Stock,$18.305,0.035,0.192%,587258868.00,United States,2021,60376,Finance,Investment Managers
TBPH,Theravance Biopharma Inc. Ordinary Shares,$9.20,0.06,0.656%,460012254.00,Cayman Islands,,288747,Health Care,Biotechnology: Pharmaceutical Preparations
TBRG,TruBridge Inc. Common Stock,$25.04,0.54,2.204%,376185385.00,United States,2002,103351,Technology,EDP Services
TCBI,Texas Capital Bancshares Inc. Common Stock,$75.83,-0.86,-1.121%,3480853305.00,United States,2003,351973,Finance,Major Banks
TCBIO,Texas Capital Bancshares Inc. Depositary Shares 5.75% Fixed Rate Non-Cumulative Perpetual Preferred Stock Series B,$20.097,0.152,0.762%,922520228.00,United States,,14388,Finance,Major Banks
TCBK,TriCo Bancshares Common Stock,$41.23,-0.29,-0.698%,1354753687.00,United States,,124746,Finance,Major Banks
TCBX,Third Coast Bancshares Inc. Common Stock,$31.80,-0.16,-0.501%,439898590.00,United States,2021,40504,Finance,Banks
TCOM,Trip.com Group Limited American Depositary Shares,$64.97,-0.54,-0.824%,42442998483.00,China,2003,2853822,Consumer Discretionary,Business Services
TCPC,BlackRock TCP Capital Corp. Common Stock,$7.75,0.03,0.389%,659042927.00,United States,2012,373003,Finance,Finance/Investors Services
TDUP,ThredUp Inc. Class A Common Stock,$7.15,0.30,4.38%,845467544.00,United States,2021,2409970,Consumer Discretionary,Catalog/Specialty Distribution
TEAM,Atlassian Corporation Class A Common Stock,$220.79,-0.09,-0.041%,57958663751.00,Australia,2015,1731268,Technology,Computer Software: Prepackaged Software
TECH,Bio-Techne Corp Common Stock,$49.15,0.91,1.886%,7705112549.00,United States,,1616134,Health Care,Biotechnology: Biological Products (No Diagnostic Substances)
TECX,Tectonic Therapeutic Inc. Common Stock,$20.99,0.30,1.45%,391935964.00,United States,2018,274878,Health Care,Biotechnology: Biological Products (No Diagnostic Substances)
TEM,Tempus AI Inc. Class A Common Stock,$65.49,2.89,4.617%,11337382885.00,United States,2024,10187421,Technology,Computer Software: Programming Data Processing
TENB,Tenable Holdings Inc. Common Stock,$32.90,-0.21,-0.634%,4019415076.00,United States,2018,739728,Technology,Computer Software: Prepackaged Software
TER,Teradyne Inc. Common Stock,$82.73,-0.26,-0.313%,13271570344.00,United States,,2183382,Industrials,Electrical Products
TFIN,Triumph Financial Inc. Common Stock,$61.34,0.95,1.573%,1436566852.00,United States,2014,204371,Finance,Major Banks
TFINP,Triumph Financial Inc. Depositary Shares Each Representing a 1/40th Interest in a Share of 7.125% Series C Fixed-Rate Non-Cumulative Perpetual Preferred Stock,$21.1625,-0.1375,-0.646%,495620248.00,United States,,2419,Finance,Major Banks
TFSL,TFS Financial Corporation Common Stock,$13.43,-0.02,-0.149%,3771640212.00,United States,2007,218350,Finance,Savings Institutions
TGTX,TG Therapeutics Inc. Common Stock,$34.36,0.77,2.292%,5454823037.00,United States,,1935424,Health Care,Biotechnology: Pharmaceutical Preparations
TH,Target Hospitality Corp. Common Stock,$7.10,0.11,1.574%,705483853.00,United States,2018,608510,Consumer Discretionary,Hotels/Resorts
THFF,First Financial Corporation Common Stock,$53.00,-0.38,-0.712%,628084185.00,United States,,48703,Finance,Major Banks
THRM,Gentherm Inc Common Stock,$28.13,0.13,0.464%,868085752.00,United States,,197583,Consumer Discretionary,Auto Parts:O.E.M.
THRY,Thryv Holdings Inc. Common Stock,$14.23,0.15,1.065%,622394942.00,United States,,382998,Consumer Discretionary,Advertising
TIGO,Millicom International Cellular S.A. Common Stock,$36.06,0.26,0.726%,6205792758.00,Luxembourg,,493455,Telecommunications,Telecommunications Equipment
TIGR,UP Fintech Holding Ltd American Depositary Share representing fifteen Class A Ordinary Shares,$8.94,-0.01,-0.112%,1670849328.00,China,2019,1972414,Finance,Investment Bankers/Brokers/Service
TILE,Interface Inc. Common Stock,$20.53,-0.27,-1.298%,1203276809.00,United States,,323479,Consumer Discretionary,Home Furnishings
TIPT,Tiptree Inc. Common Stock,$22.05,0.26,1.193%,826808343.00,United States,,94006,Finance,Property-Casualty Insurers
TITN,Titan Machinery Inc. Common Stock,$21.53,0.32,1.509%,497850527.00,United States,2007,220716,Consumer Discretionary,Other Specialty Stores
TKNO,Alpha Teknova Inc. Common Stock,$6.615,0.105,1.613%,353510958.00,United States,2021,249025,Health Care,Biotechnology: In Vitro & In Vivo Diagnostic Substances
TLN,Talen Energy Corporation Common Stock,$244.86,0.06,0.025%,11143524731.00,United States,,796714,Utilities,Electric Utilities: Central
TLRY,Tilray Brands Inc. Common Stock ,$0.495,0.055,12.50%,464139322.00,United States,2018,38314144,Health Care, Medicinal Chemicals and Botanical Products 
TLX,Telix Pharmaceuticals Limited American Depositary Shares,$16.684,0.434,2.671%,5584543308.00,Australia,,11042,Health Care,Biotechnology: Pharmaceutical Preparations
TMC,TMC the metals company Inc. Common Stock,$3.64,0.34,10.303%,1266395101.00,Canada,,9806617,Basic Materials,Metal Mining
TMCI,Treace Medical Concepts Inc. Common Stock,$6.72,-0.03,-0.444%,422721277.00,United States,2021,414968,Health Care,Medical/Dental Instruments
TMDX,TransMedics Group Inc. Common Stock,$121.58,-0.23,-0.189%,4113511945.00,United States,2019,976366,Health Care,Biotechnology: Electromedical & Electrotherapeutic Apparatus
TMUS,T-Mobile US Inc. Common Stock,$242.66,2.50,1.041%,275527109907.00,United States,,4402168,Telecommunications,Telecommunications Equipment
TNDM,Tandem Diabetes Care Inc. Common Stock,$23.08,0.38,1.674%,1537294314.00,United States,2013,1111898,Health Care,Medical/Dental Instruments
TOWN,TowneBank Common Stock,$35.19,-0.06,-0.17%,2625783843.00,United States,,251107,Finance,Major Banks
TPG,TPG Inc. Class A Common Stock,$51.91,0.62,1.209%,19184226240.00,United States,2022,934689,Finance,Investment Managers
TPGXL,TPG Operating Group II L.P. 6.950% Fixed-Rate Junior Subordinated Notes due 2064,$24.50,0.02,0.082%,8938231488.00,United States,,7037,,
TRDA,Entrada Therapeutics Inc. Common Stock,$8.09,-0.03,-0.369%,307043144.00,United States,2021,217158,Health Care,Biotechnology: Pharmaceutical Preparations
TREE,LendingTree Inc. Common Stock,$38.21,0.59,1.568%,517179342.00,United States,,221989,Finance,Finance: Consumer Services
TRI,Thomson Reuters Corporation Common Shares,$191.23,1.58,0.833%,86037538032.00,United States,,538637,Consumer Discretionary,Publishing
TRIN,Trinity Capital Inc. Common Stock,$14.84,0.11,0.747%,959417887.00,United States,2021,594841,Finance,Finance: Consumer Services
TRINI,Trinity Capital Inc. 7.875% Notes Due 2029,$25.4001,-0.0099,-0.039%,1642136810.00,United States,,2814,Finance,Finance: Consumer Services
TRINZ,Trinity Capital Inc. 7.875% Notes due 2029,$25.22,-0.03,-0.119%,1630493201.00,United States,,26635,Finance,Finance: Consumer Services
TRIP,TripAdvisor Inc. Common Stock,$15.30,0.14,0.923%,1806809191.00,United States,,2458076,Technology,Computer Software: Programming Data Processing
TRMB,Trimble Inc. Common Stock,$71.89,0.65,0.912%,17152013607.00,United States,1990,1025547,Industrials,Industrial Machinery/Components
TRMD,TORM plc Class A Common Stock,$18.05,0.27,1.519%,1765543621.00,United Kingdom,,558230,Consumer Discretionary,Marine Transportation
TRMK,Trustmark Corporation Common Stock,$35.99,-0.03,-0.083%,2176588176.00,United States,,417332,Finance,Major Banks
TRML,Tourmaline Bio Inc. Common Stock,$16.56,1.04,6.701%,425401212.00,United States,2021,211111,Health Care,Biotechnology: Biological Products (No Diagnostic Substances)
TRNS,Transcat Inc. Common Stock,$81.25,0.36,0.445%,756394438.00,United States,,188080,Industrials,Electrical Products
TROW,T. Rowe Price Group Inc. Common Stock,$98.06,0.41,0.42%,21604195589.00,United States,1986,1493482,Finance,Investment Bankers/Brokers/Service
TRS,TriMas Corporation Common Stock,$24.93,0.20,0.809%,1013446582.00,United States,2007,486954,Industrials,Industrial Specialties
TRST,TrustCo Bank Corp NY Common Stock,$32.24,-0.24,-0.739%,613196708.00,United States,,60210,Finance,Major Banks
TRUP,Trupanion Inc. Common Stock,$46.77,1.34,2.95%,2000992480.00,United States,,725876,Health Care,Medical Specialities
TRVG,trivago N.V. American Depositary Shares,$4.58,-0.08,-1.717%,322007457.00,Germany,2016,90844,Technology,EDP Services
TRVI,Trevi Therapeutics Inc. Common Stock,$6.50,0.31,5.008%,661340986.00,United States,2019,1652431,Health Care,Biotechnology: Pharmaceutical Preparations
TSCO,Tractor Supply Company Common Stock,$52.99,0.82,1.572%,28095453420.00,United States,1994,5247070,Consumer Discretionary,RETAIL: Building Materials
TSEM,Tower Semiconductor Ltd. Ordinary Shares,$41.11,-0.95,-2.259%,4594314772.00,Israel,1994,534151,Technology,Semiconductors
TSHA,Taysha Gene Therapies Inc. Common Stock,$2.70,0.14,5.469%,553504406.00,United States,2020,4809303,Health Care,Biotechnology: Biological Products (No Diagnostic Substances)
TSLA,Tesla Inc. Common Stock,$349.98,7.16,2.089%,1127270254726.00,United States,2010,95895665,Consumer Discretionary,Auto Manufacturing
TSSI,TSS Inc. Common Stock,$15.44,6.57,74.07%,386443653.00,United States,,29157873,Consumer Discretionary,Professional Services
TTAN,ServiceTitan Inc. Class A Common Stock,$129.26,4.23,3.383%,11651057304.00,United States,2024,423686,Technology,Computer Software: Prepackaged Software
TTD,The Trade Desk Inc. Class A Common Stock,$76.31,-1.19,-1.535%,37501684831.00,United States,2016,6568344,Technology,Computer Software: Programming Data Processing
TTEK,Tetra Tech Inc. Common Stock,$35.37,0.19,0.54%,9320087634.00,United States,1991,1709154,Consumer Discretionary,Military/Government/Technical
TTGT,TechTarget Inc. Common Stock,$8.36,-0.34,-3.908%,597357212.00,United States,,153105,Telecommunications,Telecommunications Equipment
TTMI,TTM Technologies Inc. Common Stock,$29.37,0.27,0.928%,2984882939.00,United States,2000,839347,Technology,Electrical Products
TTWO,Take-Two Interactive Software Inc. Common Stock,$226.74,-5.60,-2.41%,40018636378.00,United States,1997,4381389,Technology,Computer Software: Prepackaged Software
TVTX,Travere Therapeutics Inc. Common Stock,$16.80,-4.35,-20.567%,1491920942.00,United States,,5966252,Health Care,Biotechnology: Pharmaceutical Preparations
TW,Tradeweb Markets Inc. Class A Common Stock,$145.17,1.67,1.164%,34323865744.00,United States,2019,840668,Finance,Investment Bankers/Brokers/Service
TWFG,TWFG Inc. Class A Common Stock,$33.80,-0.19,-0.559%,1895353387.00,United States,2024,115173,Finance,Specialty Insurers
TWST,Twist Bioscience Corporation Common Stock,$30.93,0.83,2.757%,1853206241.00,United States,2018,1290829,Health Care,Biotechnology: Biological Products (No Diagnostic Substances)
TXG,10x Genomics Inc. Class A Common Stock,$9.39,0.19,2.065%,1156225913.00,United States,2019,3013489,Industrials,Biotechnology: Laboratory Analytical Instruments
TXN,Texas Instruments Incorporated Common Stock,$188.50,0.67,0.357%,171246986892.00,United States,,4518714,Technology,Semiconductors
TXRH,Texas Roadhouse Inc. Common Stock,$192.92,3.50,1.848%,12798631697.00,United States,2004,789465,Consumer Discretionary,Restaurants
TYRA,Tyra Biosciences Inc. Common Stock,$9.99,0.13,1.318%,531248120.00,United States,2021,145379,Health Care,Biotechnology: Pharmaceutical Preparations
UAL,United Airlines Holdings Inc. Common Stock,$77.93,1.39,1.816%,25451982420.00,United States,,6423702,Consumer Discretionary,Air Freight/Delivery Services
UBSI,United Bankshares Inc. Common Stock,$37.22,-0.10,-0.268%,5287457716.00,United States,,568756,Finance,Major Banks
UCTT,Ultra Clean Holdings Inc. Common Stock,$22.05,-0.47,-2.087%,995537435.00,United States,2004,396338,Technology,Semiconductors
UDMY,Udemy Inc. Common Stock,$7.07,-0.05,-0.702%,1051530383.00,United States,2021,737376,Real Estate,Other Consumer Services
UFCS,United Fire Group Inc. Common Stock,$28.62,0.10,0.351%,728403957.00,United States,,84779,Finance,Property-Casualty Insurers
UFPI,UFP Industries Inc. Common Stock,$102.59,1.23,1.213%,6195911457.00,United States,1993,574141,Basic Materials,Forest Products
UFPT,UFP Technologies Inc. Common Stock,$253.30,9.63,3.952%,1952138773.00,United States,1993,87924,Health Care,Medical/Dental Instruments
ULCC,Frontier Group Holdings Inc. Common Stock,$4.17,0.08,1.956%,949778194.00,United States,2021,2553859,Consumer Discretionary,Air Freight/Delivery Services
ULH,Universal Logistics Holdings Inc. Common Stock,$26.25,0.15,0.575%,691247498.00,United States,2005,43955,Industrials,Trucking Freight/Courier Services
ULTA,Ulta Beauty Inc. Common Stock,$412.99,1.25,0.304%,18712365449.00,United States,2007,407785,Consumer Discretionary,Other Specialty Stores
UMBF,UMB Financial Corporation Common Stock,$107.05,0.56,0.526%,8127079600.00,United States,,392203,Finance,Major Banks
UMBFP,UMB Financial Corporation Depositary Shares each representing a 1/400th of 7.00% Fixed-Rate Reset Non-Cumulative Perpetual Preferred Stock,$25.2032,0.0432,0.172%,1913390122.00,United States,,629,,
UNIT,Uniti Group Inc. Common Stock,$4.64,-0.21,-4.33%,1138903869.00,United States,,2077902,Real Estate,Real Estate Investment Trusts
UNTY,Unity Bancorp Inc. Common Stock,$45.11,-0.43,-0.944%,452503778.00,United States,,20238,Finance,Major Banks
UPB,Upstream Bio Inc. Common Stock,$8.64,-0.14,-1.595%,464777594.00,United States,2024,319062,Health Care,Biotechnology: Pharmaceutical Preparations
UPBD,Upbound Group Inc. Common Stock,$25.11,0.25,1.006%,1451999159.00,United States,,369307,Consumer Discretionary,Diversified Commercial Services
UPST,Upstart Holdings Inc. Common stock,$48.08,0.69,1.456%,4574564773.00,United States,2020,4951358,Finance,Finance: Consumer Services
UPWK,Upwork Inc. Common Stock,$17.24,0.15,0.878%,2268610031.00,United States,2018,2166930,Technology,EDP Services
URBN,Urban Outfitters Inc. Common Stock,$62.81,1.07,1.733%,5820024848.00,United States,1993,2238742,Consumer Discretionary,Clothing/Shoe/Accessory Stores
URGN,UroGen Pharma Ltd. Ordinary Shares,$7.31,-2.54,-25.787%,337045467.00,Israel,2017,9676034,Health Care,Biotechnology: Pharmaceutical Preparations
USAR,USA Rare Earth Inc. Class A Common Stock,$9.77,0.31,3.277%,800675143.00,United States,2023,566819,Basic Materials,Metal Mining
USCB,USCB Financial Holdings Inc. Class A Common Stock,$17.16,-0.11,-0.637%,344030287.00,United States,2021,32699,Finance,Major Banks
USLM,United States Lime & Minerals Inc. Common Stock,$103.92,1.72,1.683%,2975520472.00,United States,,110535,Industrials,Mining & Quarrying of Nonmetallic Minerals (No Fuels)
UTHR,United Therapeutics Corporation Common Stock,$305.35,1.43,0.471%,13773307333.00,United States,1999,518041,Health Care,Biotechnology: Pharmaceutical Preparations
UVSP,Univest Financial Corporation Common Stock,$30.58,-0.41,-1.323%,883155109.00,United States,,167479,Finance,Major Banks
UXIN,Uxin Limited ADS,$4.38,-0.17,-3.736%,903021258.00,China,2018,3842,Consumer Discretionary,Business Services
VALN,Valneva SE American Depositary Shares,$6.27,0.0999,1.619%,509504978.00,France,2021,6159,Health Care,Biotechnology: Biological Products (No Diagnostic Substances)
VALU,Value Line Inc. Common Stock,$40.10,0.98,2.505%,377483836.00,United States,1983,3403,Finance,Investment Managers
VBNK,VersaBank Common Shares,$11.25,0.16,1.443%,365836343.00,Canada,,36813,Finance,Commercial Banks
VBTX,Veritex Holdings Inc. Common Stock,$25.11,-0.01,-0.04%,1362757943.00,United States,2014,327072,Finance,Major Banks
VC,Visteon Corporation Common Stock,$86.85,0.13,0.15%,2367377970.00,United States,,345083,Consumer Discretionary,Auto Parts:O.E.M.
VCEL,Vericel Corporation Common Stock,$42.48,0.99,2.386%,2138569323.00,United States,,528149,Health Care,Biotechnology: Biological Products (No Diagnostic Substances)
VCTR,Victory Capital Holdings Inc. Class A Common Stock,$63.93,0.12,0.188%,4298415828.00,United States,2018,227948,Finance,Investment Managers
VCYT,Veracyte Inc. Common Stock,$29.20,0.71,2.492%,2286786641.00,United States,2013,966746,Health Care,Medical Specialities
VECO,Veeco Instruments Inc. Common Stock,$20.55,-0.71,-3.34%,1197903724.00,United States,1994,483736,Technology,Industrial Machinery/Components
VEON,VEON Ltd. ADS,$54.70,-0.22,-0.401%,4046029197.00,Netherlands,,359647,Telecommunications,Telecommunications Equipment
VERA,Vera Therapeutics Inc. Class A Common Stock,$21.25,-0.08,-0.375%,1355200858.00,United States,2021,955321,Health Care,Biotechnology: Pharmaceutical Preparations
VERV,Verve Therapeutics Inc. Common Stock,$4.63,0.31,7.176%,411124406.00,United States,2021,2972090,Health Care,Biotechnology: Pharmaceutical Preparations
VERX,Vertex Inc. Class A Common Stock,$38.155,0.635,1.692%,6047029133.00,United States,2020,513176,Technology,Computer Software: Prepackaged Software
VFS,VinFast Auto Ltd. Ordinary Shares,$3.60,-0.01,-0.277%,8419725634.00,Singapore,,387684,Finance,Blank Checks
VFSWW,VinFast Auto Ltd. Warrant,$0.315,0.0148,4.93%,736725993.00,Singapore,,1874,,
VIAV,Viavi Solutions Inc. Common Stock,$9.34,-0.07,-0.744%,2085030348.00,United States,,3612165,Technology,Semiconductors
VICR,Vicor Corporation Common Stock,$43.37,0.26,0.603%,1960681022.00,United States,,237705,Technology,Industrial Machinery/Components
VINP,Vinci Partners Investments Ltd. Class A Common Shares,$9.98,-0.10,-0.992%,639182623.00,Brazil,2021,111390,Finance,Investment Managers
VIR,Vir Biotechnology Inc. Common Stock,$4.60,0.05,1.099%,635894814.00,United States,2019,1315001,Health Care,Biotechnology: Biological Products (No Diagnostic Substances)
VIRT,Virtu Financial Inc. Class A Common Stock,$41.45,0.47,1.147%,6391517048.00,United States,2015,939170,Finance,Investment Bankers/Brokers/Service
VITL,Vital Farms Inc. Common Stock,$35.80,1.55,4.526%,1594972555.00,United States,2020,917810,Consumer Staples,Packaged Foods
VKTX,Viking Therapeutics Inc. Common Stock,$28.43,1.03,3.759%,3192960364.00,United States,2015,3239352,Health Care,Biotechnology: Pharmaceutical Preparations
VLGEA,Village Super Market Inc. Class A Common Stock,$37.115,0.275,0.746%,547327630.00,United States,,31154,Consumer Staples,Food Chains
VLY,Valley National Bancorp Common Stock,$9.16,0.00,0.00%,5132725557.00,United States,,8668208,Finance,Major Banks
VLYPN,Valley National Bancorp 8.250% Fixed-Rate Reset Non-Cumulative Perpetual Preferred Stock Series C,$25.45,0.03,0.118%,14260683998.00,United States,,1074,Finance,Major Banks
VLYPO,Valley National Bancorp 5.50% Fixed-to-Floating Rate Non-Cumulative Perpetual Preferred Stock Series B,$25.15,-0.0602,-0.239%,14092581633.00,United States,,1358,Finance,Major Banks
VLYPP,Valley National Bancorp 6.25% Fixed-to-Floating Rate Non-Cumulative Perpetual Preferred Stock Series A,$24.98,0.01,0.04%,13997323626.00,United States,,7008,Finance,Major Banks
VMEO,Vimeo Inc. Common Stock,$4.70,-0.02,-0.424%,774296894.00,United States,,842919,Technology,Computer Software: Programming Data Processing
VNET,VNET Group Inc. American Depositary Shares,$6.43,0.44,7.346%,1729836543.00,China,2011,4783003,Technology,Computer Software: Programming Data Processing
VNOM,Viper Energy Inc. Class A Common Stock,$41.36,0.24,0.584%,11934101008.00,United States,2014,612118,Energy,Oil & Gas Production
VOD,Vodafone Group Plc American Depositary Shares,$9.45,0.18,1.942%,23522648524.00,United Kingdom,,11364774,Telecommunications,Telecommunications Equipment
VRDN,Viridian Therapeutics Inc. Common Stock,$12.94,0.32,2.536%,1055800816.00,United States,2014,597678,Health Care,Medical Specialities
VREX,Varex Imaging Corporation Common Stock,$7.88,-0.01,-0.127%,327020000.00,United States,,429536,Technology,Industrial Machinery/Components
VRNA,Verona Pharma plc American Depositary Share,$71.31,1.78,2.56%,6070763134.00,United Kingdom,2017,916160,Health Care,Biotechnology: Pharmaceutical Preparations
VRNS,Varonis Systems Inc. Common Stock,$46.32,0.62,1.357%,5184364101.00,United States,2014,1501189,Technology,Computer Software: Prepackaged Software
VRNT,Verint Systems Inc. Common Stock,$18.19,0.10,0.553%,1130296386.00,United States,2010,491798,Technology,EDP Services
VRRM,Verra Mobility Corporation Class A Common Stock,$23.72,0.03,0.127%,3781648361.00,United States,2017,1537191,Consumer Discretionary,Transportation Services
VRSK,Verisk Analytics Inc. Common Stock,$309.57,2.21,0.719%,43303913717.00,United States,2009,749842,Technology,EDP Services
VRSN,VeriSign Inc. Common Stock,$283.14,1.50,0.533%,26586846000.00,United States,1998,710630,Technology,EDP Services
VRTX,Vertex Pharmaceuticals Incorporated Common Stock,$438.65,4.27,0.983%,112644086078.00,United States,1991,1505319,Health Care,Biotechnology: Pharmaceutical Preparations
VSAT,ViaSat Inc. Common Stock,$10.92,-0.42,-3.704%,1409990280.00,United States,1996,1823617,Technology,Radio And Television Broadcasting And Communications Equipment
VSEC,VSE Corporation Common Stock,$133.44,2.23,1.70%,2758162633.00,United States,,175130,Consumer Discretionary,Military/Government/Technical
VSTA,Vasta Platform Limited Class A Ordinary Shares,$4.065,-0.01,-0.245%,326021223.00,Brazil,2020,37991,Real Estate,Other Consumer Services
VSTM,Verastem Inc. Common Stock,$7.59,-0.34,-4.288%,417064200.00,United States,2012,2063338,Health Care,Biotechnology: Pharmaceutical Preparations
VTRS,Viatris Inc. Common Stock,$8.84,0.05,0.569%,10375348562.00,United States,,9508078,Health Care,Biotechnology: Pharmaceutical Preparations
WABC,Westamerica Bancorporation Common Stock,$50.60,-0.10,-0.197%,1324742155.00,United States,,223846,Finance,Major Banks
WAFD,WaFd Inc. Common Stock,$29.92,-0.13,-0.433%,2398334930.00,United States,,593662,Finance,Major Banks
WAFDP,WaFd Inc. Depositary Shares,$16.4963,0.0863,0.526%,1322314589.00,United States,,5630,Finance,Major Banks
WASH,Washington Trust Bancorp Inc. Common Stock,$29.45,-0.30,-1.008%,568123131.00,United States,,106386,Finance,Major Banks
WAVE,Eco Wave Power Global AB (publ) American Depositary Shares,$6.48,0.195,3.103%,302835309.00,Israel,2021,20824,Utilities,Electric Utilities: Central
WAY,Waystar Holding Corp. Common Stock,$39.34,0.09,0.229%,6806567421.00,United States,2024,3356901,Technology,EDP Services
WB,Weibo Corporation American Depositary Share,$8.50,0.05,0.592%,2081014880.00,China,2014,653475,Technology,Computer Software: Programming Data Processing
WBA,Walgreens Boots Alliance Inc. Common Stock,$11.29,0.11,0.984%,9762890868.00,United States,,6730223,Consumer Staples,Retail-Drug Stores and Proprietary Stores
WBD,Warner Bros. Discovery Inc. Series A Common Stock ,$9.16,0.02,0.219%,22662527027.00,United States,,33118826,Telecommunications,Cable & Other Pay Television Services
WBTN,WEBTOON Entertainment Inc. Common stock,$8.97,0.09,1.014%,1155911479.00,United States,2024,453531,Consumer Discretionary,Publishing
WDAY,Workday Inc. Class A Common Stock,$273.05,-1.66,-0.604%,72631300000.00,United States,,2328982,Technology,EDP Services
WDC,Western Digital Corporation Common Stock,$49.99,0.24,0.482%,17440429466.00,United States,,4955613,Technology,Electronic Components
WDFC,WD-40 Company Common Stock,$245.66,1.77,0.726%,3327554120.00,United States,1973,66592,Industrials,Major Chemicals
WEN,Wendy's Company (The) Common Stock,$12.26,0.30,2.508%,2354229540.00,United States,,4245795,Consumer Discretionary,Restaurants
WERN,Werner Enterprises Inc. Common Stock,$27.85,-0.16,-0.571%,1719790805.00,United States,1986,978833,Industrials,Trucking Freight/Courier Services
WEST,Westrock Coffee Company Common Stock,$7.84,0.39,5.235%,741986820.00,United States,,531202,Consumer Staples,Beverages (Production/Distribution)
WEYS,Weyco Group Inc. Common Stock,$33.23,-0.11,-0.33%,318299835.00,United States,,17619,Consumer Staples,Apparel
WFRD,Weatherford International plc Ordinary Shares,$48.48,0.00,0.00%,3517522055.00,United States,,754420,Industrials,Metal Fabrications
WGS,GeneDx Holdings Corp. Class A Common Stock,$68.31,4.70,7.389%,1949103165.00,United States,2020,1415744,Technology,Retail: Computer Software & Peripheral Equipment
WHFCL,WhiteHorse Finance Inc. 7.875% Notes due 2028,$25.45,0.04,0.157%,591536590.00,United States,,3828,,
WHLRL,Wheeler Real Estate Investment Trust Inc. 7.00% Senior Subordinated Convertible Notes Due 2031,$183.36,0.00,0.00%,563101310.00,United States,,3,Real Estate,Real Estate Investment Trusts
WINA,Winmark Corporation Common Stock,$424.86,-4.77,-1.11%,1500609769.00,United States,,40159,Consumer Discretionary,Other Specialty Stores
WING,Wingstop Inc. Common Stock,$321.08,12.87,4.176%,8959059279.00,United States,2015,891909,Consumer Discretionary,Restaurants
WIX,Wix.com Ltd. Ordinary Shares,$182.75,-0.16,-0.087%,10173358799.00,Israel,2013,458705,Technology,Computer Software: Programming Data Processing
WLDN,Willdan Group Inc. Common Stock,$48.63,1.35,2.855%,704980551.00,United States,2006,201178,Consumer Discretionary,Military/Government/Technical
WLFC,Willis Lease Finance Corporation Common Stock,$138.27,-1.91,-1.363%,954474353.00,United States,1996,82717,Consumer Discretionary,Industrial Specialties
WMG,Warner Music Group Corp. Class A Common Stock,$27.69,0.17,0.618%,14433879880.00,United States,2020,982297,Consumer Discretionary,Services-Misc. Amusement & Recreation
WOOF,Petco Health and Wellness Company Inc. Class A Common Stock,$3.33,0.16,5.047%,1049369447.00,United States,2021,2818965,Consumer Discretionary,Other Specialty Stores
WRD,WeRide Inc. American Depositary Shares,$8.735,-0.025,-0.285%,2485359985.00,China,2024,15442358,Technology,EDP Services
WRLD,World Acceptance Corporation Common Stock,$152.21,3.95,2.664%,874701706.00,United States,1991,39560,Finance,Finance: Consumer Services
WSBC,WesBanco Inc. Common Stock,$32.13,-0.20,-0.619%,3073947915.00,United States,,561339,Finance,Major Banks
WSBCP,WesBanco Inc. Depositary Shares Each Representing a 1/40th Interest in a Share of 6.75% Fixed-Rate Reset Non-Cumulative Perpetual Preferred Stock Series A,$25.15,-0.049,-0.194%,2406155931.00,United States,,2615,Finance,Major Banks
WSC,WillScot Holdings Corporation Class A Common Stock,$29.94,0.38,1.286%,5460743816.00,United States,2015,1586432,Industrials,Misc Corporate Leasing Services
WSFS,WSFS Financial Corporation Common Stock,$55.00,-0.44,-0.794%,3122734670.00,United States,,298940,Finance,Major Banks
WTBA,West Bancorporation Common Stock,$20.14,-0.24,-1.178%,340834859.00,United States,,30806,Finance,Major Banks
WTF,Waton Financial Limited Ordinary Shares,$6.83,0.09,1.335%,329248496.00,Hong Kong,2025,37985,Finance,Investment Bankers/Brokers/Service
WTFC,Wintrust Financial Corporation Common Stock,$122.30,0.01,0.008%,8185578870.00,United States,,398977,Finance,Major Banks
WTFCM,Wintrust Financial Corporation Fixed-to-Floating Rate Non-Cumulative Perpetual Preferred Stock Series D,$25.08,0.01,0.04%,1678612576.00,United States,,5808,Finance,Major Banks
WTFCP,Wintrust Financial Corporation Depositary Shares Each Representing a 1/1000th Interest in a Share of 6.875% Fixed-Rate Reset Non-Cumulative Perpetual Preferred Stock Series E,$25.17,0.02,0.08%,1684636305.00,United States,,29796,Finance,Major Banks
WTW,Willis Towers Watson Public Limited Company Ordinary Shares,$311.93,1.92,0.619%,30927794307.00,United Kingdom,,534701,Finance,Specialty Insurers
WULF,TeraWulf Inc. Common Stock,$3.89,0.37,10.511%,1496031799.00,United States,,41555292,Technology,EDP Services
WVE,Wave Life Sciences Ltd. Ordinary Shares,$6.33,0.03,0.476%,975669100.00,Singapore,2015,1306178,Health Care,Biotechnology: Pharmaceutical Preparations
WWD,Woodward Inc. Common Stock,$209.79,1.46,0.701%,12482772063.00,United States,,375823,Energy,Industrial Machinery/Components
WYNN,Wynn Resorts Limited Common stock,$96.76,-0.74,-0.759%,10116674165.00,United States,2002,2200178,Consumer Discretionary,Hotels/Resorts
XEL,Xcel Energy Inc. Common Stock,$72.38,1.12,1.572%,41745933169.00,United States,,7154049,Utilities,Power Generation
XENE,Xenon Pharmaceuticals Inc. Common Shares,$30.29,0.72,2.435%,2324260714.00,Canada,2014,966331,Health Care,Biotechnology: Pharmaceutical Preparations
XERS,Xeris Biopharma Holdings Inc. Common Stock,$4.88,0.09,1.879%,781556400.00,United States,2018,1809814,Health Care,Biotechnology: Pharmaceutical Preparations
XMTR,Xometry Inc. Class A Common Stock,$34.29,1.18,3.564%,1737702534.00,United States,2021,582098,Consumer Discretionary,Business Services
XNCR,Xencor Inc. Common Stock,$8.06,-0.14,-1.707%,573636277.00,United States,2013,728455,Health Care,Biotechnology: Pharmaceutical Preparations
XNET,Xunlei Limited American Depositary Shares,$4.78,-0.01,-0.209%,1490692382.00,China,2014,150938,Technology,Computer Software: Prepackaged Software
XOMA,XOMA Royalty Corporation Common Stock,$26.99,0.09,0.335%,322986334.00,United States,1986,422110,Health Care,Biotechnology: Pharmaceutical Preparations
XOMAP,XOMA Royalty Corporation 8.625% Series A Cumulative Perpetual Preferred Stock,$25.6309,0.00,0.00%,306722135.00,United States,,44,Health Care,Biotechnology: Pharmaceutical Preparations
XP,XP Inc. Class A Common Stock,$18.77,0.18,0.968%,10087437612.00,Brazil,2019,5280910,Finance,Investment Bankers/Brokers/Service
XPEL,XPEL Inc. Common Stock,$37.77,0.38,1.016%,1044898174.00,United States,,180554,Industrials,Industrial Specialties
XRAY,DENTSPLY SIRONA Inc. Common Stock,$16.70,0.20,1.212%,3328199530.00,United States,1987,2470091,Health Care,Medical/Dental Instruments
XRX,Xerox Holdings Corporation Common Stock,$5.54,0.10,1.838%,694058934.00,United States,,1888057,Technology,Computer peripheral equipment
YB,Yuanbao Inc. American Depositary Shares,$14.97,0.31,2.115%,674921896.00,China,2025,27978,Finance,Specialty Insurers
YORW,York Water Company (The) Common Stock,$32.89,0.26,0.797%,473625111.00,United States,,86536,Utilities,Water Supply
Z,Zillow Group Inc. Class C Capital Stock,$69.81,1.54,2.256%,16855646071.00,United States,,1957662,Consumer Discretionary,Business Services
ZBIO,Zenas BioPharma Inc. Common Stock,$10.47,0.73,7.495%,437639048.00,United States,2024,113261,Health Care,Biotechnology: Pharmaceutical Preparations
ZBRA,Zebra Technologies Corporation Class A Common Stock,$300.62,2.27,0.761%,15287827783.00,United States,1991,410038,Industrials,Industrial Machinery/Components
ZD,Ziff Davis Inc. Common Stock,$32.59,-0.35,-1.063%,1371634004.00,United States,,690596,Telecommunications,Telecommunications Equipment
ZEUS,Olympic Steel Inc. Common Stock,$32.02,0.29,0.914%,357429782.00,United States,1994,55561,Industrials,Metal Fabrications
ZG,Zillow Group Inc. Class A Common Stock,$68.76,1.54,2.291%,16602123247.00,United States,2011,475474,Consumer Discretionary,Business Services
ZION,Zions Bancorporation N.A. Common Stock,$49.22,0.16,0.326%,7263435317.00,United States,,759700,Finance,Major Banks
ZIONP,Zions Bancorporation N.A. Depositary Shares (Each representing 1/40th Interest in a Share of Series A Floating-Rate Non-Cumulative Perpetual Preferred Stock),$23.46,0.26,1.121%,3462011226.00,United States,,4516,Finance,Major Banks
ZLAB,Zai Lab Limited American Depositary Shares,$30.93,2.18,7.583%,3355112759.00,China,2017,1014184,Health Care,Biotechnology: Pharmaceutical Preparations
ZM,Zoom Communications Inc. Class A Common Stock,$84.62,0.77,0.918%,25828888641.00,United States,2019,2110430,Technology,Computer Software: Programming Data Processing
ZS,Zscaler Inc. Common Stock,$251.50,5.58,2.269%,38913312853.00,United States,2018,3083747,Technology,EDP Services
ZVRA,Zevra Therapeutics Inc. Common Stock,$8.66,0.23,2.728%,473525691.00,United States,,1473552,Health Care,Biotechnology: Pharmaceutical Preparations
ZYBT,Zhengye Biotechnology Holding Limited Ordinary Shares,$7.84,0.22,2.887%,369784388.00,China,2025,753420,Health Care,Biotechnology: Pharmaceutical Preparations
ZYME,Zymeworks Inc. Common Stock,$11.71,0.18,1.561%,815993691.00,United States,,333063,Health Care,Biotechnology: Pharmaceutical Preparations
