Symbol,Name,Last Sale,Net Change,% Change,Market Cap,Country,IPO Year,Volume,Sector,Industry
AAL,American Airlines Group Inc. Common Stock,$9.67,0.16,1.682%,6358755878.00,United States,,53220939,Consumer Discretionary,Air Freight/Delivery Services
AAON,AAON Inc. Common Stock,$84.16,3.74,4.651%,6867227842.00,United States,,882356,Industrials,Industrial Machinery/Components
AAPL,Apple Inc. Common Stock,$198.15,7.73,4.059%,2976623764950.00,United States,1980,87435915,Technology,Computer Manufacturing
ABNB,Airbnb Inc. Class A Common Stock,$114.54,0.63,0.553%,72222005669.00,United States,2020,4817600,Finance,Diversified Commercial Services
ACAD,ACADIA Pharmaceuticals Inc. Common Stock,$14.58,0.47,3.331%,2431776578.00,United States,1985,1904307,Health Care,Biotechnology: Pharmaceutical Preparations
ACGL,Arch Capital Group Ltd. Common Stock,$92.13,1.55,1.711%,34581662153.00,Bermuda,,1928391,Finance,Property-Casualty Insurers
ACGLN,Arch Capital Group Ltd. Depositary Shares each Representing a 1/1000th Interest in a 4.550% Non-Cumulative Preferred Share Series G,$16.67,-0.20,-1.186%,6257205124.00,Bermuda,,65491,Finance,Property-Casualty Insurers
ACGLO,Arch Capital Group Ltd. Depositary Shares Each Representing 1/1000th Interest in a Share of 5.45% Non-Cumulative Preferred Shares Series F,$20.11,-0.295,-1.446%,7548434016.00,Bermuda,,25567,Finance,Property-Casualty Insurers
ACHC,Acadia Healthcare Company Inc. Common Stock,$26.15,-0.93,-3.434%,2429676048.00,United States,,2200208,Health Care,Medical Specialities
ACIW,ACI Worldwide Inc. Common Stock,$51.88,0.95,1.865%,5464833133.00,United States,,712326,Technology,Computer Software: Prepackaged Software
ACLX,Arcellx Inc. Common Stock,$59.15,2.49,4.395%,3249938310.00,United States,2022,732239,Health Care,Biotechnology: Biological Products (No Diagnostic Substances)
ACT,Enact Holdings Inc. Common Stock,$35.37,0.53,1.521%,5372071752.00,United States,2021,813009,Finance,Specialty Insurers
ADBE,Adobe Inc. Common Stock,$352.47,2.42,0.691%,150363702000.00,United States,1986,3941817,Technology,Computer Software: Prepackaged Software
ADI,Analog Devices Inc. Common Stock,$179.16,0.80,0.449%,88859146694.00,United States,,6528889,Technology,Semiconductors
ADMA,ADMA Biologics Inc Common Stock,$19.40,0.72,3.854%,4609732940.00,United States,,2059556,Health Care,Biotechnology: Biological Products (No Diagnostic Substances)
ADP,Automatic Data Processing Inc. Common Stock,$299.54,7.33,2.508%,121874107289.00,United States,,2188071,Technology,EDP Services
ADSK,Autodesk Inc. Common Stock,$258.45,1.53,0.596%,55566750000.00,United States,,1274688,Technology,Computer Software: Prepackaged Software
AEIS,Advanced Energy Industries Inc. Common Stock,$86.77,0.06,0.069%,3273109393.00,United States,1995,371348,Technology,Industrial Machinery/Components
AEP,American Electric Power Company Inc. Common Stock,$104.63,1.43,1.386%,55758134220.00,United States,,3582805,Utilities,Electric Utilities: Central
AFRM,Affirm Holdings Inc. Class A Common Stock,$40.49,-0.25,-0.614%,12878105661.00,United States,2021,9164830,Finance,Finance: Consumer Services
AGNC,AGNC Investment Corp. Common Stock,$8.35,0.23,2.833%,7518517154.00,United States,2008,56283021,Real Estate,Real Estate Investment Trusts
AGNCL,AGNC Investment Corp. Depositary Shares Each Representing a 1/1000th Interest in a Share of 7.75% Series G Fixed-Rate Reset Cumulative Redeemable Preferred Stock,$23.03,-0.65,-2.745%,20736700604.00,United States,,52791,Real Estate,Real Estate Investment Trusts
AGNCM,AGNC Investment Corp. Depositary Shares rep 6.875% Series D Fixed-to-Floating Cumulative Redeemable Preferred Stock,$23.3299,-0.1201,-0.512%,21006736927.00,United States,,27771,Real Estate,Real Estate Investment Trusts
AGNCN,AGNC Investment Corp. Depositary Shares Each Representing a 1/1000th Interest in a Share of 7.00% Series C Fixed-To-Floating Rate Cumulative Redeemable Preferred Stock,$24.2781,-0.2911,-1.185%,21860516324.00,United States,,92832,Real Estate,Real Estate Investment Trusts
AGNCO,AGNC Investment Corp. Depositary Shares each representing a 1/1000th interest in a share of 6.50% Series E Fixed-to-Floating Cumulative Redeemable Preferred Stock,$23.95,-0.35,-1.44%,21565088123.00,United States,,111453,Real Estate,Real Estate Investment Trusts
AGNCP,AGNC Investment Corp. Depositary Shares Each Representing a 1/1000th Interest in a Share of 6.125% Series F Fixed-to-Floating Rate Cumulative Redeemable Preferred Stock,$23.60,-0.38,-1.585%,21249940698.00,United States,,85073,Real Estate,Real Estate Investment Trusts
AKAM,Akamai Technologies Inc. Common Stock,$74.05,1.49,2.053%,11131013541.00,United States,1999,2515492,Consumer Discretionary,Business Services
AKRO,Akero Therapeutics Inc. Common Stock,$35.665,0.845,2.427%,2839651865.00,United States,2019,814604,Health Care,Biotechnology: Pharmaceutical Preparations
ALAB,Astera Labs Inc. Common Stock,$60.13,1.27,2.158%,9750288271.00,United States,2024,4529931,Technology,Semiconductors
ALGM,Allegro MicroSystems Inc. Common Stock,$22.23,0.41,1.879%,4093099461.00,United States,2020,3423518,Technology,Semiconductors
ALGN,Align Technology Inc. Common Stock,$164.14,4.00,2.498%,12080317943.00,United States,2001,1222196,Health Care,Industrial Specialties
ALHC,Alignment Healthcare Inc. Common Stock,$19.74,-0.04,-0.202%,3786770234.00,United States,2021,2503207,Health Care,Medical Specialities
ALKS,Alkermes plc Ordinary Shares,$27.00,0.41,1.542%,4390579809.00,Ireland,1991,1741333,Health Care,Biotechnology: Pharmaceutical Preparations
ALKT,Alkami Technology Inc. Common Stock,$24.40,0.14,0.577%,2494483297.00,United States,2021,1978213,Technology,Computer Software: Prepackaged Software
ALNY,Alnylam Pharmaceuticals Inc. Common Stock,$237.77,11.49,5.078%,30781027982.00,United States,2004,1577348,Health Care,Biotechnology: Pharmaceutical Preparations
ALRM,Alarm.com Holdings Inc. Common Stock,$51.37,0.24,0.469%,2550363359.00,United States,2015,388377,Technology,Computer Software: Prepackaged Software
ALVO,Alvotech Ordinary Shares,$8.79,0.59,7.195%,2652871901.00,Luxembourg,,108685,Health Care,Biotechnology: Biological Products (No Diagnostic Substances)
AMAT,Applied Materials Inc. Common Stock,$144.94,6.70,4.847%,117755176654.00,United States,1972,10617191,Technology,Semiconductors
AMD,Advanced Micro Devices Inc. Common Stock,$93.40,4.70,5.299%,151352641651.00,United States,,57892600,Technology,Semiconductors
AMED,Amedisys Inc Common Stock,$91.51,0.01,0.011%,3511062269.00,United States,,302927,Health Care,Medical/Nursing Services
AMGN,Amgen Inc. Common Stock,$285.98,4.57,1.624%,153629869599.00,United States,1983,3467087,Health Care,Biotechnology: Biological Products (No Diagnostic Substances)
AMKR,Amkor Technology Inc. Common Stock,$16.54,0.55,3.44%,4080942186.00,United States,1998,2409828,Technology,Semiconductors
AMRX,Amneal Pharmaceuticals Inc. Class A Common Stock,$6.98,0.01,0.143%,2163565060.00,United States,,1807044,Health Care,Biotechnology: Pharmaceutical Preparations
AMZN,Amazon.com Inc. Common Stock,$184.87,3.65,2.014%,1959202225304.00,United States,1997,50594339,Consumer Discretionary,Catalog/Specialty Distribution
ANSS,ANSYS Inc. Common Stock,$296.31,-0.19,-0.064%,25972099228.00,United States,1996,745366,Technology,Computer Software: Prepackaged Software
APA,APA Corporation Common Stock,$15.04,0.44,3.014%,5475527313.00,United States,,10997508,Energy,Oil & Gas Production
APLS,Apellis Pharmaceuticals Inc. Common Stock,$19.42,0.63,3.353%,2437517088.00,United States,2017,2056663,Health Care,Biotechnology: Pharmaceutical Preparations
APP,Applovin Corporation Class A Common Stock,$249.95,-13.88,-5.261%,84972559838.00,United States,2021,8966853,Technology,Computer Software: Programming Data Processing
APPF,AppFolio Inc. Class A Common Stock,$224.20,1.16,0.52%,8161946519.00,United States,2015,223697,Technology,Computer Software: Prepackaged Software
APPN,Appian Corporation Class A Common Stock,$27.02,-0.23,-0.844%,2000698899.00,United States,2017,345180,Technology,Computer Software: Prepackaged Software
ARBKL,Argo Blockchain plc 8.75% Senior Notes due 2026,$7.10,0.02,0.282%,4518085000.00,United Kingdom,,1606,Finance,Finance: Consumer Services
ARCC,Ares Capital Corporation Common Stock,$19.91,0.07,0.353%,13369198835.00,United States,2004,7417632,Finance,Finance: Consumer Services
ARGX,argenx SE American Depositary Shares,$580.94,34.72,6.356%,35432028466.00,Netherlands,2017,536659,Health Care,Biotechnology: Biological Products (No Diagnostic Substances)
ARLP,Alliance Resource Partners L.P. Common Units representing Limited Partners Interests,$26.06,-0.29,-1.101%,3346834305.00,United States,1999,769106,Energy,Coal Mining
ARM,Arm Holdings plc American Depositary Shares,$103.99,3.53,3.514%,108183968383.00,United Kingdom,2023,6481201,Technology,Semiconductors
ASML,ASML Holding N.V. New York Registry Shares,$668.81,19.26,2.965%,263032084773.00,Netherlands,1995,2163570,Technology,Industrial Machinery/Components
ASND,Ascendis Pharma A/S American Depositary Shares,$150.99,7.66,5.344%,9163505642.00,Denmark,2015,427539,Health Care,Biotechnology: Pharmaceutical Preparations
ASO,Academy Sports and Outdoors Inc. Common Stock,$36.57,-1.15,-3.049%,2450362866.00,United States,2020,1923191,Consumer Discretionary,Other Specialty Stores
ASTS,AST SpaceMobile Inc. Class A Common Stock,$23.28,0.14,0.605%,7367929639.00,United States,2019,6172747,Consumer Discretionary,Telecommunications Equipment
ATAT,Atour Lifestyle Holdings Limited American Depositary Shares,$22.21,-0.86,-3.728%,3055990192.00,China,2022,4603435,Consumer Discretionary,Hotels/Resorts
ATCOL,Atlas Corp. 7.125% Notes due 2027,$24.228,-0.104,-0.427%,4950465495.00,United Kingdom,,2556,Consumer Discretionary,Marine Transportation
AUR,Aurora Innovation Inc. Class A Common Stock,$6.19,-0.20,-3.13%,10773240778.00,United States,2021,12310687,Technology,EDP Services
AUROW,Aurora Innovation Inc. Warrant,$1.19,-0.0581,-4.655%,2071107678.00,United States,2021,8377,Technology,EDP Services
AVAV,AeroVironment Inc. Common Stock,$146.33,7.36,5.296%,4129263150.00,United States,2007,513359,Industrials,Aerospace
AVGO,Broadcom Inc. Common Stock,$181.94,9.64,5.595%,855472549571.00,United States,2009,33964143,Technology,Semiconductors
AVPT,AvePoint Inc. Class A Common Stock,$14.53,0.13,0.903%,2932607961.00,United States,2019,690810,Technology,Computer Software: Prepackaged Software
AVT,Avnet Inc. Common Stock,$45.66,0.92,2.056%,3949798301.00,United States,,976396,Technology,Electronic Components
AXON,Axon Enterprise Inc. Common Stock,$567.98,16.73,3.035%,43520482623.00,United States,2001,516622,Industrials,Ordnance And Accessories
AXSM,Axsome Therapeutics Inc. Common Stock,$98.06,2.41,2.52%,4781935418.00,United States,2015,868348,Health Care,Biotechnology: Pharmaceutical Preparations
AZN,AstraZeneca PLC American Depositary Shares,$66.29,1.42,2.189%,205581661906.00,United Kingdom,,5761491,Health Care,Biotechnology: Pharmaceutical Preparations
BANF,BancFirst Corporation Common Stock,$102.76,-0.43,-0.417%,3414530038.00,United States,1993,100477,Finance,Major Banks
BATRA,Atlanta Braves Holdings Inc. Series A Common Stock,$42.13,-0.14,-0.331%,2635898334.00,United States,,137298,Consumer Discretionary,Services-Misc. Amusement & Recreation
BATRK,Atlanta Braves Holdings Inc. Series C Common Stock,$37.93,0.15,0.397%,2373121856.00,United States,,325581,Consumer Discretionary,Services-Misc. Amusement & Recreation
BBIO,BridgeBio Pharma Inc. Common Stock,$33.91,1.60,4.952%,6449296308.00,United States,2019,2149730,Health Care,Biotechnology: Pharmaceutical Preparations
BCPC,Balchem Corporation Common Stock,$160.73,4.64,2.973%,5228984729.00,United States,,188554,Industrials,Major Chemicals
BECN,Beacon Roofing Supply Inc. Common Stock,$123.15,0.25,0.203%,7583900515.00,United States,2004,1996086,Consumer Discretionary,RETAIL: Building Materials
BGC,BGC Group Inc. Class A Common Stock,$8.32,0.20,2.463%,4017590978.00,United States,,2419139,Finance,Investment Bankers/Brokers/Service
BHF,Brighthouse Financial Inc. Common Stock,$47.82,0.53,1.121%,2776452823.00,United States,,980313,Finance,Life Insurance
BIDU,Baidu Inc. ADS,$82.73,4.26,5.429%,28440166226.00,China,2005,7354669,Technology,Computer Software: Programming Data Processing
BIIB,Biogen Inc. Common Stock,$115.17,1.79,1.579%,16858001494.00,United States,,1618903,Health Care,Biotechnology: Biological Products (No Diagnostic Substances)
BILI,Bilibili Inc. American Depositary Shares,$16.68,0.76,4.774%,6951694894.00,China,2018,8786434,Technology,EDP Services
BKNG,Booking Holdings Inc. Common Stock,$4586.53,91.89,2.044%,150507903843.00,United States,,304992,Consumer Discretionary,Transportation Services
BKR,Baker Hughes Company Class A Common Stock,$37.93,1.27,3.464%,37554942622.00,United States,,9066414,Industrials,Metal Fabrications
BL,BlackLine Inc. Common Stock,$45.59,0.34,0.751%,2863705441.00,United States,2016,819624,Technology,Computer Software: Prepackaged Software
BLKB,Blackbaud Inc. Common Stock,$61.13,0.93,1.545%,3009826939.00,United States,2004,250195,Technology,Computer Software: Prepackaged Software
BMRN,BioMarin Pharmaceutical Inc. Common Stock,$56.82,0.50,0.888%,10839952095.00,United States,1999,2390102,Health Care,Biotechnology: Pharmaceutical Preparations
BNTX,BioNTech SE American Depositary Share,$96.52,3.40,3.651%,23161982002.00,Germany,2019,1149938,Health Care,Biotechnology: Biological Products (No Diagnostic Substances)
BOKF,BOK Financial Corporation Common Stock,$87.86,-0.27,-0.306%,5642901807.00,United States,,231767,Finance,Major Banks
BPMC,Blueprint Medicines Corporation Common Stock,$80.84,0.57,0.71%,5166161929.00,United States,2015,1646658,Health Care,Biotechnology: Pharmaceutical Preparations
BPOP,Popular Inc. Common Stock,$82.19,-0.14,-0.17%,5720976810.00,United States,,971061,Finance,Major Banks
BPYPM,Brookfield Property Partners L.P. 6.25% Class A Cumulative Redeemable Preferred Units Series 1,$13.99,0.19,1.377%,12609803260.00,Bermuda,,21685,Finance,Real Estate
BPYPN,Brookfield Property Partners L.P. 5.750% Class A Cumulative Redeemable Perpetual Preferred Units Series 3,$12.39,0.0523,0.424%,11167652780.00,Bermuda,,12234,Finance,Real Estate
BPYPO,Brookfield Property Partners L.P. 6.375% Class A Cumulative Redeemable Perpetual Preferred Units Series 2,$13.83,-0.0304,-0.219%,12465588212.00,Bermuda,,7066,Finance,Real Estate
BPYPP,Brookfield Property Partners L.P. 6.50% Class A Cumulative Redeemable Perpetual Preferred Units,$13.92,0.08,0.578%,12546709176.00,Bermuda,,9019,Finance,Real Estate
BRKR,Bruker Corporation Common Stock,$38.76,0.69,1.812%,5880092312.00,United States,,3139891,Industrials,Biotechnology: Laboratory Analytical Instruments
BRZE,Braze Inc. Class A Common Stock,$29.03,-1.35,-4.444%,3037481098.00,United States,2021,2335391,Technology,Computer Software: Prepackaged Software
BSY,Bentley Systems Incorporated Class B Common Stock,$41.90,0.30,0.721%,12700033466.00,United States,2020,1544930,Technology,Computer Software: Prepackaged Software
BTSG,BrightSpring Health Services Inc. Common Stock,$17.09,-0.32,-1.838%,2990302345.00,United States,2024,1471203,Health Care,Medical/Nursing Services
BTSGU,BrightSpring Health Services Inc. Tangible Equity Unit,$62.53,-0.98,-1.543%,10941112089.00,United States,2024,2268,Health Care,Medical/Nursing Services
BWIN,The Baldwin Insurance Group Inc. Class A Common Stock,$42.46,0.735,1.762%,4992995044.00,United States,2019,409424,Finance,Specialty Insurers
BZ,KANZHUN LIMITED American Depository Shares,$14.53,0.22,1.537%,6316709765.00,China,2021,8637929,Technology,Computer Software: Programming Data Processing
CACC,Credit Acceptance Corporation Common Stock,$493.19,-2.68,-0.54%,5933887984.00,United States,1992,97550,Finance,Finance: Consumer Services
CAKE,Cheesecake Factory Incorporated (The) Common Stock,$46.08,0.77,1.699%,2379711468.00,United States,1992,1171298,Consumer Discretionary,Restaurants
CALM,Cal-Maine Foods Inc. Common Stock,$98.99,4.31,4.552%,4855059085.00,United States,1996,1275280,Consumer Staples,Farming/Seeds/Milling
CAMT,Camtek Ltd. Ordinary Shares,$59.90,2.48,4.319%,2731108993.00,Israel,2000,335442,Technology,Electronic Components
CAR,Avis Budget Group Inc. Common Stock,$69.68,-1.19,-1.679%,2446495459.00,United States,,1323128,Consumer Discretionary,Rental/Leasing Companies
CARG,CarGurus Inc. Class A Common Stock ,$27.00,0.43,1.618%,2819226897.00,United States,2017,1209056,Technology,EDP Services
CART,Maplebear Inc. Common Stock,$41.17,2.57,6.658%,10895322462.00,United States,2023,4965336,Consumer Discretionary,Business Services
CASY,Casey's General Stores Inc. Common Stock,$457.25,19.24,4.393%,16972664579.00,United States,1983,520302,Consumer Discretionary,Retail-Auto Dealers and Gas Stations
CATY,Cathay General Bancorp Common Stock,$37.32,-0.28,-0.745%,2623047097.00,United States,,538115,Finance,Major Banks
CBSH,Commerce Bancshares Inc. Common Stock,$56.88,0.69,1.228%,7615165898.00,United States,,609094,Finance,Major Banks
CCCS,CCC Intelligent Solutions Holdings Inc. Common Stock,$8.99,0.18,2.043%,5904466683.00,United States,,6643229,Technology,Computer Software: Prepackaged Software
CCEP,Coca-Cola Europacific Partners plc Ordinary Shares,$86.60,1.61,1.894%,39862328219.00,United Kingdom,,2756288,Consumer Staples,Beverages (Production/Distribution)
CCOI,Cogent Communications Holdings Inc.,$51.73,1.09,2.152%,2551633618.00,United States,,744183,Consumer Discretionary,Telecommunications Equipment
CDNS,Cadence Design Systems Inc. Common Stock,$259.47,5.45,2.146%,71122802760.00,United States,,1647645,Technology,Computer Software: Prepackaged Software
CDW,CDW Corporation Common Stock,$148.80,2.10,1.431%,19714850222.00,United States,2013,1815290,Consumer Discretionary,Catalog/Specialty Distribution
CEG,Constellation Energy Corporation Common Stock ,$208.25,3.76,1.839%,65150441270.00,United States,,2960744,Utilities,Electric Utilities: Central
CELH,Celsius Holdings Inc. Common Stock,$37.29,0.76,2.08%,8767987781.00,United States,,5458098,Consumer Staples,Beverages (Production/Distribution)
CENT,Central Garden & Pet Company Common Stock,$35.90,0.31,0.871%,2351701264.00,United States,1993,164641,Consumer Discretionary,Consumer Specialties
CENTA,Central Garden & Pet Company Class A Common Stock Nonvoting,$31.72,0.37,1.18%,2077882008.00,United States,,272572,Consumer Discretionary,Consumer Specialties
CERT,Certara Inc. Common Stock,$12.91,2.40,22.835%,2078739475.00,United States,2020,9673359,Technology,Computer Software: Prepackaged Software
CFLT,Confluent Inc. Class A Common Stock,$21.51,0.29,1.367%,7184684289.00,United States,2021,4841374,Technology,Computer Software: Prepackaged Software
CG,The Carlyle Group Inc. Common Stock,$36.23,-0.40,-1.092%,13086380451.00,United States,2012,4744992,Finance,Investment Managers
CGABL,The Carlyle Group Inc. 4.625% Subordinated Notes due 2061,$16.94,0.02,0.118%,6118776838.00,United States,,20404,Finance,Investment Managers
CGNX,Cognex Corporation Common Stock,$23.95,0.50,2.132%,4068283850.00,United States,1989,7225517,Industrials,Industrial Machinery/Components
CHDN,Churchill Downs Incorporated Common Stock,$102.51,0.10,0.098%,7539412553.00,United States,,586986,Consumer Discretionary,Services-Misc. Amusement & Recreation
CHEF,The Chefs' Warehouse Inc. Common Stock,$53.26,1.72,3.337%,2144670910.00,United States,2011,673491,Consumer Discretionary,Food Distributors
CHKP,Check Point Software Technologies Ltd. Ordinary Shares,$217.71,3.93,1.838%,23592911142.00,Israel,1996,938494,Technology,Computer Software: Prepackaged Software
CHRD,Chord Energy Corporation Common Stock,$89.34,3.45,4.017%,5327304533.00,United States,,1154722,Energy,Oil & Gas Production
CHRW,C.H. Robinson Worldwide Inc. Common Stock,$91.26,0.99,1.097%,10833075064.00,United States,1997,1142015,Consumer Discretionary,Oil Refining/Marketing
CHTR,Charter Communications Inc. Class A Common Stock New,$334.38,-1.09,-0.325%,47464046260.00,United States,,1288356,Telecommunications,Cable & Other Pay Television Services
CHX,ChampionX Corporation Common Stock ,$24.47,1.08,4.617%,4668876000.00,United States,,5858165,Industrials,Industrial Machinery/Components
CIGI,Colliers International Group Inc. Subordinate Voting Shares,$111.55,0.06,0.054%,5626626620.00,Canada,,195470,Finance,Real Estate
CINF,Cincinnati Financial Corporation Common Stock,$131.09,-0.51,-0.388%,20518724999.00,United States,,842010,Finance,Property-Casualty Insurers
CLBT,Cellebrite DI Ltd. Ordinary Shares,$19.22,0.40,2.125%,4602614592.00,Israel,,1119732,Technology,Computer Software: Prepackaged Software
CLSK,CleanSpark Inc. Common Stock,$7.50,0.37,5.189%,2106057045.00,United States,,19725437,Finance,Finance: Consumer Services
CMCSA,Comcast Corporation Class A Common Stock,$33.72,0.04,0.119%,127496082106.00,United States,,26811934,Telecommunications,Cable & Other Pay Television Services
CME,CME Group Inc. Class A Common Stock,$261.54,3.15,1.219%,94247851380.00,United States,2002,2756992,Finance,Investment Bankers/Brokers/Service
CNXC,Concentrix Corporation Common Stock,$48.82,1.18,2.477%,3118791347.00,United States,,783230,Technology,Computer Software: Prepackaged Software
COIN,Coinbase Global Inc. Class A Common Stock,$175.50,5.88,3.467%,44555846459.00,United States,,7769267,Finance,Finance: Consumer Services
COKE,Coca-Cola Consolidated Inc. Common Stock,$1395.16,15.22,1.103%,12162703525.00,United States,1972,37725,Consumer Staples,Beverages (Production/Distribution)
COLB,Columbia Banking System Inc. Common Stock,$20.84,0.13,0.628%,4369085785.00,United States,1992,1918761,Finance,Savings Institutions
COLM,Columbia Sportswear Company Common Stock,$65.62,-0.03,-0.046%,3631596308.00,United States,1998,730048,Consumer Discretionary,Apparel
COO,The Cooper Companies Inc. Common Stock,$77.46,2.09,2.773%,15490542435.00,United States,,2672239,Health Care,Ophthalmic Goods
COOP,Mr. Cooper Group Inc. Common Stock,$110.00,1.44,1.326%,6995408200.00,United States,,1419984,Finance,Finance: Consumer Services
CORT,Corcept Therapeutics Incorporated Common Stock,$68.62,0.89,1.314%,7239645504.00,United States,2004,1108945,Health Care,Biotechnology: Pharmaceutical Preparations
CORZ,Core Scientific Inc. Common Stock,$7.07,0.25,3.666%,2079446704.00,United States,,7209095,Finance,Finance: Consumer Services
CORZZ,Core Scientific Inc. Tranche 2 Warrants,$6.98,0.37,5.598%,2052975671.00,United States,,57319,Finance,Finance: Consumer Services
COST,Costco Wholesale Corporation Common Stock,$963.41,-0.90,-0.093%,427448982967.00,United States,,2721811,Consumer Discretionary,Department/Specialty Retail Stores
CPB,The Campbell's Company Common Stock,$38.14,0.36,0.953%,11372656369.00,United States,,4110996,Consumer Staples,Packaged Foods
CPRT,Copart Inc. (DE) Common Stock,$59.84,1.18,2.012%,57811002487.00,United States,1994,7017567,Consumer Discretionary,Retail-Auto Dealers and Gas Stations
CPRX,Catalyst Pharmaceuticals Inc. Common Stock,$22.05,0.60,2.797%,2677964893.00,United States,2006,1108925,Health Care,Biotechnology: Pharmaceutical Preparations
CRDO,Credo Technology Group Holding Ltd Ordinary Shares,$38.72,0.48,1.255%,6574703084.00,United States,2022,2543711,Technology,Semiconductors
CRNX,Crinetics Pharmaceuticals Inc. Common Stock,$29.11,2.26,8.417%,2708642941.00,United States,2018,1379288,Health Care,Biotechnology: Pharmaceutical Preparations
CROX,Crocs Inc. Common Stock,$92.56,-2.94,-3.079%,5188558077.00,United States,2006,1890269,Consumer Discretionary,Shoe Manufacturing
CRSP,CRISPR Therapeutics AG Common Shares,$39.30,5.04,14.711%,3370936828.00,Switzerland,2016,3648913,Health Care,Biotechnology: Biological Products (No Diagnostic Substances)
CRUS,Cirrus Logic Inc. Common Stock,$86.27,1.42,1.674%,4584812852.00,United States,1989,879223,Technology,Semiconductors
CRVL,CorVel Corp. Common Stock,$115.86,0.96,0.836%,5950469729.00,United States,,103434,Finance,Specialty Insurers
CRWD,CrowdStrike Holdings Inc. Class A Common Stock,$377.90,9.29,2.52%,93671363529.00,United States,2019,3383304,Technology,Computer Software: Prepackaged Software
CRWV,CoreWeave Inc. Class A Common Stock,$43.75,1.55,3.673%,20714790731.00,United States,2025,5579529,Technology,Computer Software: Prepackaged Software
CSCO,Cisco Systems Inc. Common Stock (DE),$57.33,0.74,1.308%,228075505127.00,United States,1990,23036936,Telecommunications,Computer Communications Equipment
CSGP,CoStar Group Inc. Common Stock,$77.39,1.97,2.612%,31739620958.00,United States,1998,2224802,Consumer Discretionary,Business Services
CSQ,Calamos Strategic Total Return Common Stock,$14.99,0.2625,1.782%,2381725454.00,United States,2004,163686,Finance,Finance Companies
CSWI,CSW Industrials Inc. Common Stock,$300.61,18.61,6.599%,5045161679.00,United States,,144092,Industrials,Home Furnishings
CSX,CSX Corporation Common Stock,$28.01,0.19,0.683%,53068210462.00,United States,,15001963,Industrials,Railroads
CTAS,Cintas Corporation Common Stock,$206.04,3.31,1.633%,83196265857.00,United States,1983,2116153,Consumer Discretionary,Apparel
CTSH,Cognizant Technology Solutions Corporation Class A Common Stock,$70.17,0.67,0.964%,34707170617.00,United States,1998,3195183,Technology,EDP Services
CVBF,CVB Financial Corporation Common Stock,$16.41,-0.12,-0.726%,2291130018.00,United States,,824252,Finance,Major Banks
CVCO,Cavco Industries Inc. Common Stock When Issued,$469.83,2.84,0.608%,3764817325.00,United States,,70091,Consumer Discretionary,Homebuilding
CVLT,Commvault Systems Inc. Common Stock,$152.49,1.10,0.727%,6709194939.00,United States,2006,287239,Technology,Computer Software: Prepackaged Software
CWST,Casella Waste Systems Inc. Class A Common Stock,$115.08,1.08,0.947%,7291293303.00,United States,1997,561353,Utilities,Environmental Services
CYBR,CyberArk Software Ltd. Ordinary Shares,$349.44,7.22,2.11%,17282852671.00,Israel,2014,769659,Technology,Computer Software: Prepackaged Software
CYTK,Cytokinetics Incorporated Common Stock,$38.65,0.80,2.114%,4576573130.00,United States,2004,2450305,Health Care,Biotechnology: Pharmaceutical Preparations
CZR,Caesars Entertainment Inc. Common Stock,$25.33,-0.12,-0.472%,5370297041.00,United States,,4472952,Consumer Discretionary,Hotels/Resorts
DASH,DoorDash Inc. Class A Common Stock,$180.49,1.97,1.104%,75823142201.00,United States,,3451712,Consumer Discretionary,Business Services
DBX,Dropbox Inc. Class A Common Stock,$27.08,0.00,0.00%,8171402321.00,United States,2018,4029064,Technology,Computer Software: Prepackaged Software
DDOG,Datadog Inc. Class A Common Stock,$92.02,-1.16,-1.245%,31541144752.00,United States,2019,5661829,Technology,Computer Software: Prepackaged Software
DGNX,Diginex Limited Ordinary Shares,$107.14,3.14,3.019%,2484892663.00,Hong Kong,2025,32539,Technology,EDP Services
DHCNI,Diversified Healthcare Trust 5.625% Senior Notes due 2042,$13.70,-0.2732,-1.955%,3305422331.00,United States,,51064,Real Estate,Real Estate Investment Trusts
DHCNL,Diversified Healthcare Trust 6.25% Senior Notes Due 2046,$14.40,-0.21,-1.437%,3474312523.00,United States,,57782,Real Estate,Real Estate Investment Trusts
DJT,Trump Media & Technology Group Corp. Common Stock,$18.89,0.10,0.532%,4157034745.00,United States,2024,4181676,Technology,Computer Software: Programming Data Processing
DJTWW,Trump Media & Technology Group Corp. Warrants,$12.2074,-0.0126,-0.103%,2686425937.00,United States,2021,22651,Technology,Computer Software: Programming Data Processing
DKNG,DraftKings Inc. Class A Common Stock,$34.22,-0.51,-1.468%,16766301883.00,United States,2019,13136753,Consumer Discretionary,Services-Misc. Amusement & Recreation
DLO,DLocal Limited Class A Common Shares,$8.885,0.315,3.676%,2629885944.00,Uruguay,2021,351874,Consumer Discretionary,Business Services
DLTR,Dollar Tree Inc. Common Stock,$72.11,0.37,0.516%,15509636140.00,United States,1995,8216051,Consumer Discretionary,Department/Specialty Retail Stores
DOCU,DocuSign Inc. Common Stock,$74.35,1.13,1.543%,15055110682.00,United States,1989,2009034,Technology,Computer Software: Prepackaged Software
DOOO,BRP Inc. (Recreational Products) Common Subordinate Voting Shares,$36.65,0.57,1.58%,2675822254.00,Canada,,232354,Consumer Discretionary,Industrial Specialties
DORM,Dorman Products Inc. Common Stock,$111.86,-2.01,-1.765%,3420853525.00,United States,,388176,Consumer Discretionary,Auto Parts:O.E.M.
DOX,Amdocs Limited Ordinary Shares,$83.18,0.97,1.18%,9390237114.00,Guernsey,,739768,Technology,EDP Services
DPZ,Domino's Pizza Inc Common Stock,$462.17,9.12,2.013%,15850911385.00,United States,2004,625154,Consumer Discretionary,Food Distributors
DRS,Leonardo DRS Inc. Common Stock,$35.10,1.14,3.357%,9307035235.00,Israel,,1106258,Industrials,Industrial Machinery/Components
DRVN,Driven Brands Holdings Inc. Common Stock,$16.12,0.08,0.499%,2641046637.00,United States,2021,676319,Consumer Discretionary,Automotive Aftermarket
DSGX,Descartes Systems Group Inc. (The) Common Stock,$101.74,0.99,0.983%,8702782320.00,Canada,,321479,Technology,Computer Software: Prepackaged Software
DUOL,Duolingo Inc. Class A Common Stock,$329.35,12.41,3.916%,14900716839.00,United States,2021,866883,Technology,Computer Software: Prepackaged Software
DXCM,DexCom Inc. Common Stock,$66.14,-1.16,-1.724%,25845661271.00,United States,2005,4788611,Health Care,Medical/Dental Instruments
EA,Electronic Arts Inc. Common Stock,$142.93,3.54,2.54%,37250072710.00,United States,,3116908,Technology,Computer Software: Prepackaged Software
EBAY,eBay Inc. Common Stock,$64.58,2.11,3.378%,30094280000.00,United States,1998,5546179,Consumer Discretionary,Business Services
EBC,Eastern Bankshares Inc. Common Stock,$14.26,-0.01,-0.07%,3037270455.00,United States,2020,1375692,Finance,Savings Institutions
EEFT,Euronet Worldwide Inc. Common Stock,$94.45,1.82,1.965%,4131483092.00,United States,1997,330280,Finance,Investment Bankers/Brokers/Service
ENPH,Enphase Energy Inc. Common Stock,$51.89,2.33,4.701%,6873894504.00,United States,2012,4266220,Technology,Semiconductors
ENSG,The Ensign Group Inc. Common Stock,$127.96,0.27,0.211%,7351989657.00,United States,2007,351365,Health Care,Hospital/Nursing Management
ENTG,Entegris Inc. Common Stock,$69.72,0.82,1.19%,10536556522.00,United States,2000,3570593,Industrials,Plastic Products
EQIX,Equinix Inc. Common Stock REIT,$776.83,6.09,0.79%,75610421444.00,United States,2000,513956,Real Estate,Real Estate Investment Trusts
ERIC,Ericsson American Depositary Shares,$7.29,0.18,2.532%,24408755148.00,Sweden,,28934757,Technology,Radio And Television Broadcasting And Communications Equipment
ERIE,Erie Indemnity Company Class A Common Stock,$419.23,4.38,1.056%,19364908660.00,United States,,200147,Finance,Specialty Insurers
ESGR,Enstar Group Limited Ordinary Shares,$332.89,0.66,0.199%,4955186492.00,Bermuda,,135436,Finance,Property-Casualty Insurers
ESLT,Elbit Systems Ltd. Ordinary Shares,$406.21,9.95,2.511%,18119712386.00,Israel,,85891,Industrials,Military/Government/Technical
ETSY,Etsy Inc. Common Stock,$43.60,0.02,0.046%,4668354373.00,United States,2015,3354010,Consumer Discretionary,Business Services
EVRG,Evergy Inc. Common Stock,$66.52,1.04,1.588%,15300221563.00,United States,,2545252,Utilities,Power Generation
EWBC,East West Bancorp Inc. Common Stock,$72.16,0.99,1.391%,9989817050.00,United States,,1362350,Finance,Major Banks
EXAS,Exact Sciences Corporation Common Stock,$44.45,0.71,1.623%,8256827797.00,United States,2001,3097944,Health Care,Medical Specialities
EXC,Exelon Corporation Common Stock,$46.00,0.88,1.95%,46239989222.00,United States,,9451356,Utilities,Power Generation
EXE,Expand Energy Corporation Common Stock,$103.42,3.87,3.887%,24065827691.00,United States,,4418751,Energy,Oil & Gas Production
EXEEL,Expand Energy Corporation Class C Warrants,$90.53,2.32,2.63%,21066325478.00,United States,,201,Energy,Oil & Gas Production
EXEEZ,Expand Energy Corporation Class B Warrants,$94.47,0.00,0.00%,21983163237.00,United States,,29,Energy,Oil & Gas Production
EXEL,Exelixis Inc. Common Stock,$35.31,0.85,2.467%,9882614000.00,United States,2000,2146146,Health Care,Biotechnology: Biological Products (No Diagnostic Substances)
EXLS,ExlService Holdings Inc. Common Stock,$44.94,0.92,2.09%,7293972005.00,United States,2006,1370268,Consumer Discretionary,Business Services
EXPE,Expedia Group Inc. Common Stock,$150.53,1.01,0.675%,19396855349.00,United States,,3124114,Consumer Discretionary,Transportation Services
EXPO,Exponent Inc. Common Stock,$80.32,1.32,1.671%,4081720555.00,United States,,307072,Consumer Discretionary,Professional Services
FA,First Advantage Corporation Common Stock,$14.71,0.88,6.363%,2552370508.00,United States,2021,1039544,Consumer Discretionary,Business Services
FANG,Diamondback Energy Inc. Common Stock,$129.01,5.85,4.75%,37340770251.00,United States,2012,3928692,Energy,Oil & Gas Production
FAST,Fastenal Company Common Stock,$80.64,4.85,6.399%,46240564931.00,United States,1987,7562081,Consumer Discretionary,RETAIL: Building Materials
FCFS,FirstCash Holdings Inc. Common Stock,$120.62,1.25,1.047%,5399041183.00,United States,1991,400709,Consumer Discretionary,Other Specialty Stores
FCNCA,First Citizens BancShares Inc. Class A Common Stock,$1657.49,17.85,1.089%,22504152788.00,United States,,95960,Finance,Major Banks
FELE,Franklin Electric Co. Inc. Common Stock,$89.38,0.82,0.926%,4086246864.00,United States,,230529,Consumer Discretionary,Metal Fabrications
FER,Ferrovial SE Ordinary Shares,$44.25,-0.07,-0.158%,31868234571.00,Netherlands,,194958,Industrials,Military/Government/Technical
FFBC,First Financial Bancorp. Common Stock,$22.05,-0.12,-0.541%,2104093732.00,United States,,395645,Finance,Major Banks
FFIN,First Financial Bankshares Inc. Common Stock,$31.30,-0.10,-0.318%,4475192808.00,United States,,525385,Finance,Major Banks
FFIV,F5 Inc. Common Stock,$261.68,6.68,2.62%,15086442350.00,United States,1999,600746,Telecommunications,Computer Communications Equipment
FHB,First Hawaiian Inc. Common Stock,$21.42,0.28,1.325%,2707978475.00,United States,2016,993368,Finance,Major Banks
FIBK,First Interstate BancSystem Inc. Common Stock (DE),$24.33,-0.19,-0.775%,2543246821.00,United States,2010,854326,Finance,Major Banks
FITB,Fifth Third Bancorp Common Stock,$33.84,0.01,0.03%,22524523813.00,United States,,5836673,Finance,Major Banks
FITBI,Fifth Third Bancorp Depositary Shares,$25.18,0.28,1.124%,16760269197.00,United States,,206764,Finance,Major Banks
FITBO,Fifth Third Bancorp Depositary Shares each representing a 1/1000th ownership interest in a share of Non-Cumulative Perpetual Preferred Stock Series K,$19.78,-0.28,-1.396%,13165930290.00,United States,,28468,Finance,Major Banks
FITBP,Fifth Third Bancorp Depositary Shares each representing 1/40th share of Fifth Third 6.00% Non-Cumulative Perpetual Class B Preferred Stock Series A,$23.75,0.09,0.38%,15808435005.00,United States,,24490,Finance,Major Banks
FIVE,Five Below Inc. Common Stock,$60.47,-1.30,-2.105%,3328834678.00,United States,2012,3728480,Consumer Discretionary,Department/Specialty Retail Stores
FIZZ,National Beverage Corp. Common Stock,$44.23,0.36,0.821%,4140823481.00,United States,,165504,Consumer Staples,Beverages (Production/Distribution)
FLEX,Flex Ltd. Ordinary Shares,$29.59,0.17,0.578%,11336019397.00,Singapore,1994,3829468,Technology,Electrical Products
FORM,FormFactor Inc. FormFactor Inc. Common Stock,$26.75,0.52,1.982%,2074885872.00,United States,2003,800508,Technology,Semiconductors
FOX,Fox Corporation Class B Common Stock,$45.65,-0.36,-0.782%,20698981718.00,United States,,1254653,Industrials,Broadcasting
FOXA,Fox Corporation Class A Common Stock,$48.89,-0.63,-1.272%,22168087978.00,United States,,4433432,Industrials,Broadcasting
FRHC,Freedom Holding Corp. Common Stock,$126.38,4.05,3.311%,7661183024.00,Kazakhstan,,112657,Finance,Investment Bankers/Brokers/Service
FROG,JFrog Ltd. Ordinary Shares,$31.01,0.62,2.04%,3500348362.00,United States,2020,670262,Technology,Computer Software: Prepackaged Software
FRPT,Freshpet Inc. Common Stock,$80.19,2.02,2.584%,3906746138.00,United States,2014,1181157,Consumer Staples,Packaged Foods
FRSH,Freshworks Inc. Class A Common Stock,$12.53,-0.04,-0.318%,3778195208.00,United States,2021,2258932,Technology,Computer Software: Prepackaged Software
FSLR,First Solar Inc. Common Stock,$125.93,3.74,3.061%,13482330883.00,United States,2006,2690306,Technology,Semiconductors
FSV,FirstService Corporation Common Shares,$166.54,2.10,1.277%,7497012770.00,Canada,,186132,Finance,Real Estate
FTAI,FTAI Aviation Ltd. Common Stock,$98.92,2.49,2.582%,10144342447.00,United States,,1149193,Industrials,Misc Corporate Leasing Services
FTAIM,FTAI Aviation Ltd. 9.500% Fixed-Rate Reset Series D Cumulative Perpetual Redeemable Preferred Shares,$25.38,0.045,0.178%,2602743746.00,United States,,2449,Industrials,Misc Corporate Leasing Services
FTAIN,FTAI Aviation Ltd. 8.25% Fixed - Rate Reset Series C Cumulative Perpetual Redeemable Preferred Shares,$24.55,-0.275,-1.108%,2517626436.00,United States,,2226,Industrials,Misc Corporate Leasing Services
FTDR,Frontdoor Inc. Common Stock,$39.92,0.32,0.808%,2983845510.00,United States,,797552,Finance,Diversified Commercial Services
FTNT,Fortinet Inc. Common Stock,$97.73,1.41,1.464%,75151835079.00,United States,2009,5503251,Technology,Computer peripheral equipment
FULT,Fulton Financial Corporation Common Stock,$15.19,-0.04,-0.263%,2767610557.00,United States,,1533121,Finance,Major Banks
FULTP,Fulton Financial Corporation Depositary Shares Each Representing a 1/40th Interest in a Share of Fixed Rate Non-Cumulative Perpetual Preferred Stock Series A,$17.68,-0.42,-2.32%,3221287337.00,United States,,28008,Finance,Major Banks
FUTU,Futu Holdings Limited American Depositary Shares,$80.39,5.58,7.459%,11077238115.00,Hong Kong,2019,5072504,Finance,Investment Bankers/Brokers/Service
FWONA,Liberty Media Corporation Series A Liberty Formula One Common Stock,$70.23,-1.17,-1.639%,17505663939.00,United States,,228086,Industrials,Broadcasting
FWONK,Liberty Media Corporation Series C Liberty Formula One Common Stock,$77.19,-1.18,-1.506%,19240526833.00,United States,,1574783,Industrials,Broadcasting
FYBR,Frontier Communications Parent Inc. Common Stock,$35.88,-0.06,-0.167%,8959271880.00,United States,,2329683,Telecommunications,Telecommunications Equipment
GBDC,Golub Capital BDC Inc. Common Stock,$13.68,0.04,0.293%,3632020807.00,United States,2010,2629547,Finance,Finance: Consumer Services
GCMG,GCM Grosvenor Inc. Class A Common Stock,$12.64,0.17,1.363%,2390817827.00,United States,,263782,Finance,Investment Managers
GDS,GDS Holdings Limited ADS,$20.66,0.27,1.324%,4016254685.00,China,2016,3818084,Technology,Computer Software: Programming Data Processing
GEHC,GE HealthCare Technologies Inc. Common Stock ,$62.81,0.53,0.851%,28722906851.00,United States,,7221455,Health Care,Medical Electronics
GEN,Gen Digital Inc. Common Stock,$24.41,0.15,0.618%,15043916417.00,United States,,3988916,Technology,Computer Software: Prepackaged Software
GFS,GlobalFoundries Inc. Ordinary Shares,$33.33,-0.48,-1.42%,18428584391.00,United States,2021,2537695,Technology,Semiconductors
GGAL,Grupo Financiero Galicia S.A. American Depositary Shares,$53.87,4.95,10.119%,7944166289.00,Argentina,,2398547,Finance,Commercial Banks
GH,Guardant Health Inc. Common Stock,$43.71,2.57,6.247%,5394751186.00,United States,2018,2167714,Health Care,Medical Specialities
GILD,Gilead Sciences Inc. Common Stock,$103.63,2.23,2.199%,129055212405.00,United States,1992,8683685,Health Care,Biotechnology: Biological Products (No Diagnostic Substances)
GLBE,Global-E Online Ltd. Ordinary Shares,$33.71,-0.49,-1.433%,5701415044.00,Israel,2021,2955573,Technology,Computer Software: Prepackaged Software
GLNG,Golar Lng Ltd,$37.27,3.88,11.62%,3899279681.00,Bermuda,,3751933,Consumer Discretionary,Marine Transportation
GLPI,Gaming and Leisure Properties Inc. Common Stock,$47.68,0.79,1.685%,13104013886.00,United States,,1724101,Real Estate,Real Estate Investment Trusts
GMAB,Genmab A/S ADS,$18.81,0.80,4.442%,12449809687.00,Denmark,2019,1524787,Health Care,Biotechnology: Pharmaceutical Preparations
GNTX,Gentex Corporation Common Stock,$21.17,0.22,1.05%,4809733689.00,United States,,1790734,Consumer Discretionary,Auto Parts:O.E.M.
GOOG,Alphabet Inc. Class C Capital Stock,$159.40,4.03,2.594%,1943086000000.00,United States,2004,22581989,Technology,Computer Software: Programming Data Processing
GOOGL,Alphabet Inc. Class A Common Stock,$157.14,4.32,2.827%,1915536600000.00,United States,2004,33636239,Technology,Computer Software: Programming Data Processing
GRAB,Grab Holdings Limited Class A Ordinary Shares,$4.05,0.08,2.015%,16500259179.00,Singapore,,47057787,Consumer Discretionary,Business Services
GRFS,Grifols S.A. American Depositary Shares,$6.76,0.24,3.681%,4647871178.00,Spain,,742316,Health Care,Biotechnology: Pharmaceutical Preparations
GSAT,Globalstar Inc. Common Stock,$19.56,0.26,1.347%,2473219525.00,United States,2025,906586,Consumer Discretionary,Telecommunications Equipment
GSHD,Goosehead Insurance Inc. Class A Common Stock,$108.97,-2.06,-1.855%,4064934717.00,United States,2018,251524,Finance,Specialty Insurers
GT,The Goodyear Tire & Rubber Company Common Stock,$9.67,0.61,6.733%,2755701123.00,United States,,8103741,Consumer Discretionary,Automotive Aftermarket
GTLB,GitLab Inc. Class A Common Stock,$41.92,-1.06,-2.466%,6874880000.00,United States,2021,5092166,Technology,Computer Software: Prepackaged Software
HALO,Halozyme Therapeutics Inc. Common Stock,$60.22,2.52,4.367%,7416273660.00,United States,,1839802,Health Care,Biotechnology: Biological Products (No Diagnostic Substances)
HAS,Hasbro Inc. Common Stock,$52.04,1.04,2.039%,7261209424.00,United States,,1826192,Consumer Discretionary,Recreational Games/Products/Toys
HBAN,Huntington Bancshares Incorporated Common Stock,$12.89,0.00,0.00%,18738944062.00,United States,,23058926,Finance,Major Banks
HBANL,Huntington Bancshares Incorporated Depositary Shares Each Representing a 1/40th Interest in a Share of 6.875% Series J Non-Cumulative Perpetual Preferred Stock,$24.51,-0.01,-0.041%,35631615124.00,United States,,22809,Finance,Major Banks
HBANM,Huntington Bancshares Incorporated Depositary Shares each representing a 1/1000th interest in a share of Huntington Series I Preferred Stock,$22.4455,0.3555,1.609%,32630331182.00,United States,,9304,Finance,Major Banks
HBANP,Huntington Bancshares Incorporated Depositary Shares 4.500% Series H Non-Cumulative Perpetual Preferred Stock,$16.42,-0.175,-1.055%,23870710744.00,United States,,52273,Finance,Major Banks
HEES,H&E Equipment Services Inc. Common Stock,$90.93,-1.05,-1.142%,3329236457.00,United States,2006,1955040,Industrials,Misc Corporate Leasing Services
HLNE,Hamilton Lane Incorporated Class A Common Stock,$137.21,-0.86,-0.623%,7606865595.00,United States,2017,550071,Finance,Investment Managers
HOLX,Hologic Inc. Common Stock,$57.85,0.69,1.207%,12980939054.00,United States,1990,4235273,Health Care,Medical Electronics
HON,Honeywell International Inc. Common Stock,$198.55,5.16,2.668%,129041328301.00,United States,,5102934,Industrials,Aerospace
HOOD,Robinhood Markets Inc. Class A Common Stock,$43.68,3.17,7.825%,38676920755.00,United States,2021,51352111,Finance,Investment Bankers/Brokers/Service
HQY,HealthEquity Inc. Common Stock,$82.20,2.26,2.827%,7110008108.00,United States,2014,926472,Consumer Discretionary,Business Services
HSIC,Henry Schein Inc. Common Stock,$64.46,0.90,1.416%,8004435303.00,United States,1995,1060380,Health Care,Medical Specialities
HST,Host Hotels & Resorts Inc. Common Stock,$13.71,0.26,1.933%,9509021806.00,United States,,12301462,Real Estate,Real Estate Investment Trusts
HTHT,H World Group Limited American Depositary Shares,$32.40,0.58,1.823%,10235310174.00,China,2010,4894618,Consumer Discretionary,Hotels/Resorts
HUBG,Hub Group Inc. Class A Common Stock,$33.24,-0.44,-1.306%,2044351476.00,United States,1996,499531,Consumer Discretionary,Oil Refining/Marketing
HURN,Huron Consulting Group Inc. Common Stock,$143.27,0.44,0.308%,2532667460.00,United States,2004,183760,Consumer Discretionary,Professional Services
HWC,Hancock Whitney Corporation Common Stock,$46.61,-0.01,-0.021%,4014378118.00,United States,,619344,Finance,Major Banks
HWKN,Hawkins Inc. Common Stock,$114.78,4.32,3.911%,2402231079.00,United States,,79100,Consumer Discretionary,Specialty Chemicals
IAC,IAC Inc. Common Stock,$34.19,-0.13,-0.379%,2847457258.00,United States,,1182010,Technology,Computer Software: Programming Data Processing
IBKR,Interactive Brokers Group Inc. Class A Common Stock,$171.35,7.04,4.285%,18665449194.00,United States,2019,2479339,Finance,Investment Bankers/Brokers/Service
IBOC,International Bancshares Corporation Common Stock,$56.46,-0.53,-0.93%,3512705762.00,United States,,286387,Finance,Major Banks
IBRX,ImmunityBio Inc. Common Stock,$2.63,0.17,6.911%,2244552820.00,United States,2015,6870630,Health Care,Biotechnology: Biological Products (No Diagnostic Substances)
ICLR,ICON plc Ordinary Shares,$144.04,1.40,0.981%,11632218114.00,Ireland,1998,1845706,Health Care,Biotechnology: Commercial Physical & Biological Resarch
ICUI,ICU Medical Inc. Common Stock,$142.65,4.22,3.048%,3497635350.00,United States,1992,318542,Health Care,Medical/Dental Instruments
IDCC,InterDigital Inc. Common Stock,$201.93,-0.62,-0.306%,5186378399.00,United States,,247188,Miscellaneous,Multi-Sector Companies
IDXX,IDEXX Laboratories Inc. Common Stock,$390.94,9.11,2.386%,31794459409.00,United States,1991,1329119,Health Care,Biotechnology: In Vitro & In Vivo Diagnostic Substances
IEP,Icahn Enterprises L.P. Common Stock,$8.21,0.18,2.242%,4291665146.00,United States,,638533,Consumer Discretionary,Auto Parts:O.E.M.
IESC,IES Holdings Inc. Common Stock,$179.85,-0.81,-0.448%,3598192406.00,United States,,134628,Industrials,Engineering & Construction
ILMN,Illumina Inc. Common Stock,$74.78,3.52,4.94%,11845152000.00,United States,2000,3040899,Health Care,Medical Specialities
IMVT,Immunovant Inc. Common Stock,$14.68,-0.11,-0.744%,2493554826.00,United States,2019,1862079,Health Care,Biotechnology: Biological Products (No Diagnostic Substances)
INCY,Incyte Corp. Common Stock,$56.87,1.70,3.081%,11005729785.00,United States,,2073685,Health Care,Biotechnology: Commercial Physical & Biological Resarch
INDB,Independent Bank Corp. Common Stock,$53.62,-0.72,-1.325%,2284495972.00,United States,,420426,Finance,Major Banks
INSM,Insmed Incorporated Common Stock,$68.57,3.76,5.802%,12411125430.00,United States,,1823424,Health Care,Biotechnology: Pharmaceutical Preparations
INTA,Intapp Inc. Common Stock,$52.23,-1.54,-2.864%,4146949183.00,United States,2021,712668,Technology,Computer Software: Prepackaged Software
INTC,Intel Corporation Common Stock,$19.74,-0.14,-0.704%,85474200000.00,United States,,128425810,Technology,Semiconductors
INTR,Inter & Co. Inc. Class A Common Shares,$5.40,0.34,6.719%,2369732749.00,Brazil,,3051321,Finance,Commercial Banks
INTU,Intuit Inc. Common Stock,$587.04,9.57,1.657%,164114076480.00,United States,1993,1479891,Technology,Computer Software: Prepackaged Software
IONS,Ionis Pharmaceuticals Inc. Common Stock,$27.90,1.19,4.455%,4435117139.00,United States,,2011392,Health Care,Biotechnology: Pharmaceutical Preparations
IOSP,Innospec Inc. Common Stock,$87.47,0.95,1.098%,2183221373.00,United States,,145992,Industrials,Major Chemicals
IPAR,Interparfums Inc. Common Stock,$106.10,1.63,1.56%,3408350034.00,United States,,201725,Consumer Discretionary,Package Goods/Cosmetics
IPGP,IPG Photonics Corporation Common Stock,$53.77,0.89,1.683%,2287836125.00,United States,2006,337295,Technology,Semiconductors
IRDM,Iridium Communications Inc Common Stock,$24.27,0.12,0.497%,2641526389.00,United States,,851981,Telecommunications,Telecommunications Equipment
IRTC,iRhythm Technologies Inc. Common Stock,$102.09,3.30,3.34%,3206607800.00,United States,2016,487743,Health Care,Medical/Dental Instruments
ISRG,Intuitive Surgical Inc. Common Stock,$493.60,4.08,0.833%,176045877430.00,United States,2000,2843731,Health Care,Industrial Specialties
ITRI,Itron Inc. Common Stock,$101.00,3.78,3.888%,4563156871.00,United States,1993,823487,Industrials,Electrical Products
JAZZ,Jazz Pharmaceuticals plc Common Stock (Ireland),$100.50,-1.55,-1.519%,6103614140.00,Ireland,2007,1707243,Health Care,Biotechnology: Pharmaceutical Preparations
JBHT,J.B. Hunt Transport Services Inc. Common Stock,$132.88,-1.46,-1.087%,13289090812.00,United States,,1976803,Industrials,Trucking Freight/Courier Services
JD,JD.com Inc. American Depositary Shares,$36.42,0.84,2.361%,57256540619.00,China,2014,22648291,Consumer Discretionary,Other Specialty Stores
JJSF,J & J Snack Foods Corp. Common Stock,$134.50,2.10,1.586%,2621439163.00,United States,1986,95561,Consumer Staples,Specialty Foods
JKHY,Jack Henry & Associates Inc. Common Stock,$172.77,2.63,1.546%,12594530619.00,United States,1985,547866,Technology,EDP Services
JOYY,JOYY Inc. American Depositary Shares,$39.30,0.89,2.317%,2392099038.00,China,2012,541828,Technology,EDP Services
KC,Kingsoft Cloud Holdings Limited American Depositary Shares,$14.22,1.57,12.411%,3607409986.00,China,2020,5049176,Technology,Computer Software: Prepackaged Software
KDP,Keurig Dr Pepper Inc. Common Stock,$35.16,0.41,1.18%,47703360835.00,United States,,11237258,Consumer Staples,Beverages (Production/Distribution)
KHC,The Kraft Heinz Company Common Stock,$29.33,0.49,1.699%,35049055321.00,United States,,9710739,Consumer Staples,Packaged Foods
KLAC,KLA Corporation Common Stock,$670.22,13.46,2.049%,89063354904.00,United States,1980,1361795,Technology,Electronic Components
KRYS,Krystal Biotech Inc. Common Stock,$165.00,4.35,2.708%,4753002870.00,United States,2017,426700,Health Care,Biotechnology: Biological Products (No Diagnostic Substances)
KSPI,Joint Stock Company Kaspi.kz American Depository Shares,$83.95,0.57,0.684%,15894544387.00,Kazakhstan,2024,255525,,
KTOS,Kratos Defense & Security Solutions Inc. Common Stock,$33.24,1.53,4.825%,5080484933.00,United States,,2490729,Industrials,Military/Government/Technical
LAMR,Lamar Advertising Company Class A Common Stock,$113.01,3.33,3.036%,11571885874.00,United States,1996,996193,Real Estate,Real Estate Investment Trusts
LANC,Lancaster Colony Corporation Common Stock,$183.76,2.62,1.446%,5066630720.00,United States,,132819,Consumer Staples,Packaged Foods
LAUR,Laureate Education Inc. Common Stock,$19.15,0.14,0.736%,2887529820.00,United States,2017,682293,Real Estate,Other Consumer Services
LBRDA,Liberty Broadband Corporation Class A Common Stock,$75.57,-0.02,-0.026%,10827835476.00,United States,,82912,Telecommunications,Cable & Other Pay Television Services
LBRDK,Liberty Broadband Corporation Class C Common Stock,$76.84,-0.14,-0.182%,11009803864.00,United States,,370687,Telecommunications,Cable & Other Pay Television Services
LBRDP,Liberty Broadband Corporation Series A Cumulative Redeemable Preferred Stock,$23.99,-0.27,-1.113%,3437339858.00,United States,,8876,Telecommunications,Cable & Other Pay Television Services
LBTYA,Liberty Global Ltd. Class A Common Shares,$10.51,-0.06,-0.568%,3665411508.00,United Kingdom,,1461285,Telecommunications,Cable & Other Pay Television Services
LBTYB,Liberty Global Ltd. Class B Common Shares,$10.14,0.00,0.00%,3536372283.00,United Kingdom,,127,Telecommunications,Cable & Other Pay Television Services
LBTYK,Liberty Global Ltd. Class C Common Shares,$10.81,-0.09,-0.826%,3770037907.00,United Kingdom,,2129771,Telecommunications,Cable & Other Pay Television Services
LCID,Lucid Group Inc. Common Stock,$2.50,-0.02,-0.794%,7578749628.00,United States,,162010347,Consumer Discretionary,Auto Manufacturing
LECO,Lincoln Electric Holdings Inc. Common Shares,$181.13,4.21,2.38%,10160547485.00,United States,,226677,Industrials,Industrial Machinery/Components
LEGN,Legend Biotech Corporation American Depositary Shares,$32.00,0.72,2.302%,5876773056.00,United States,2020,1638576,Health Care,Biotechnology: Pharmaceutical Preparations
LFST,LifeStance Health Group Inc. Common Stock,$6.84,0.07,1.034%,2630323040.00,United States,2021,1837012,Health Care,Medical/Nursing Services
LFUS,Littelfuse Inc. Common Stock,$155.40,2.68,1.755%,3840411389.00,United States,,517894,Energy,Electrical Products
LGND,Ligand Pharmaceuticals Incorporated Common Stock,$104.27,2.98,2.942%,2007755657.00,United States,,71337,Health Care,Biotechnology: Pharmaceutical Preparations
LI,Li Auto Inc. American Depositary Shares,$23.23,0.98,4.404%,24583407583.00,China,2020,9287427,Consumer Discretionary,Auto Manufacturing
LIF,Life360 Inc. Common Stock,$34.94,0.99,2.916%,2638942904.00,United States,2024,471747,,
LIN,Linde plc Ordinary Shares,$441.83,9.95,2.304%,208946540181.00,United States,,3343266,Industrials,Major Chemicals
LINE,Lineage Inc. Common Stock,$53.70,1.48,2.834%,12254199467.00,United States,2024,660037,Real Estate,Real Estate Investment Trusts
LITE,Lumentum Holdings Inc. Common Stock,$51.27,-3.20,-5.875%,3547884000.00,United States,,4624183,Telecommunications,Telecommunications Equipment
LKQ,LKQ Corporation Common Stock,$42.01,0.90,2.189%,10887092476.00,United States,2003,1758375,Consumer Discretionary,Motor Vehicles
LLYVA,Liberty Media Corporation Series A Liberty Live Common Stock,$66.905,0.175,0.262%,6144138984.00,United States,,95294,Industrials,Broadcasting
LLYVK,Liberty Media Corporation Series C Liberty Live Common Stock,$67.95,0.08,0.118%,6240105283.00,United States,,251270,Industrials,Broadcasting
LNT,Alliant Energy Corporation Common Stock,$60.59,0.38,0.631%,15552991365.00,United States,,1527863,Utilities,Power Generation
LNTH,Lantheus Holdings Inc. Common Stock,$102.00,3.49,3.543%,6984610650.00,United States,2015,732116,Health Care,Biotechnology: In Vitro & In Vivo Diagnostic Substances
LNW,Light & Wonder Inc. Common Stock,$78.01,-0.08,-0.102%,6589217389.00,United States,,1359119,Technology,EDP Services
LOGI,Logitech International S.A. Ordinary Shares,$71.67,1.30,1.847%,10693133970.00,United States,1997,1059112,Technology,Computer peripheral equipment
LOPE,Grand Canyon Education Inc. Common Stock,$172.40,2.09,1.227%,4952163278.00,United States,2008,202672,Real Estate,Other Consumer Services
LOT,Lotus Technology Inc. American Depositary Shares,$1.18,0.01,0.855%,2892150324.00,China,,106947,,
LPLA,LPL Financial Holdings Inc. Common Stock,$311.42,9.89,3.28%,23224014458.00,United States,2010,789293,Finance,Investment Bankers/Brokers/Service
LRCX,Lam Research Corporation Common Stock,$67.48,1.05,1.581%,86621511760.00,United States,1984,14706234,Technology,Industrial Machinery/Components
LSCC,Lattice Semiconductor Corporation Common Stock,$43.28,1.10,2.608%,5965308584.00,United States,,3811890,Technology,Semiconductors
LSTR,Landstar System Inc. Common Stock,$140.03,1.16,0.835%,4945309702.00,United States,1993,468165,Industrials,Trucking Freight/Courier Services
LULU,lululemon athletica inc. Common Stock,$261.03,4.41,1.718%,30154506928.00,Canada,2007,1961418,Consumer Discretionary,Apparel
LYFT,Lyft Inc. Class A Common Stock,$11.03,0.10,0.915%,4610634373.00,United States,2019,9920003,Consumer Discretionary,Business Services
MANH,Manhattan Associates Inc. Common Stock,$158.67,1.03,0.653%,9698553172.00,United States,1998,890090,Technology,Computer Software: Prepackaged Software
MAR,Marriott International Class A Common Stock,$225.22,2.30,1.032%,62092095016.00,United States,,2013997,Consumer Discretionary,Hotels/Resorts
MARA,MARA Holdings Inc. Common Stock,$12.51,0.77,6.559%,4326168506.00,United States,,34927205,Technology,EDP Services
MASI,Masimo Corporation Common Stock,$153.90,2.41,1.591%,8302719089.00,United States,2007,729394,Health Care,Biotechnology: Electromedical & Electrotherapeutic Apparatus
MAT,Mattel Inc. Common Stock,$15.04,0.27,1.828%,4966208000.00,United States,,6032131,Consumer Discretionary,Recreational Games/Products/Toys
MBLY,Mobileye Global Inc. Class A Common Stock,$12.95,-0.25,-1.894%,10511857877.00,Israel,2022,5020076,Technology,Computer Software: Prepackaged Software
MCHP,Microchip Technology Incorporated Common Stock,$38.71,-0.10,-0.258%,20818972290.00,United States,1993,20661982,Technology,Semiconductors
MCHPP,Microchip Technology Incorporated Depositary Shares Each Representing a 1/20th Interest in a Share of 7.50% Series A Mandatory Convertible Preferred Stock,$41.26,0.50,1.227%,22190410661.00,United States,,266646,Technology,Semiconductors
MCW,Mister Car Wash Inc. Common Stock,$7.12,-0.19,-2.599%,2307264017.00,United States,,2358263,Consumer Discretionary,Automotive Aftermarket
MDB,MongoDB Inc. Class A Common Stock,$162.24,1.14,0.708%,13171886445.00,United States,2017,1678024,Technology,Computer Software: Prepackaged Software
MDGL,Madrigal Pharmaceuticals Inc. Common Stock,$317.15,9.80,3.189%,7002750019.00,United States,2007,390558,Health Care,Biotechnology: Pharmaceutical Preparations
MDLZ,Mondelez International Inc. Class A Common Stock,$67.05,1.07,1.622%,86730862447.00,United States,,8840636,Consumer Staples,Packaged Foods
MEDP,Medpace Holdings Inc. Common Stock,$297.72,15.39,5.451%,9070577482.00,United States,2016,660025,Health Care,Biotechnology: Commercial Physical & Biological Resarch
MELI,MercadoLibre Inc. Common Stock,$1996.95,62.96,3.255%,101240123006.00,Argentina,2007,359398,Consumer Discretionary,Business Services
META,Meta Platforms Inc. Class A Common Stock,$543.57,-2.72,-0.498%,1377221166676.00,United States,2012,17642327,Technology,Computer Software: Programming Data Processing
MFICL,MidCap Financial Investment Corporation 8.00% Notes due 2028,$25.15,0.035,0.139%,2358573992.00,United States,,1101,Finance,Finance/Investors Services
MGEE,MGE Energy Inc,$89.33,1.56,1.777%,3261200682.00,United States,,126962,Energy,Electric Utilities: Central
MGRC,McGrath RentCorp Common Stock,$104.35,1.56,1.518%,2561916050.00,United States,1984,145376,Consumer Discretionary,Diversified Commercial Services
MIDD,Middleby Corporation (The) Common Stock,$132.19,0.60,0.456%,7088634552.00,United States,,1316512,Industrials,Industrial Machinery/Components
MKSI,MKS Instruments Inc. Common Stock,$65.53,1.29,2.008%,4415253145.00,United States,1999,1518449,Industrials,Industrial Machinery/Components
MKTX,MarketAxess Holdings Inc. Common Stock,$221.81,11.49,5.463%,8360733128.00,United States,2004,1218949,Finance,Investment Bankers/Brokers/Service
MLCO,Melco Resorts & Entertainment Limited American Depositary Shares,$4.76,-0.07,-1.449%,2025444074.00,Hong Kong,2006,8399148,Consumer Discretionary,Hotels/Resorts
MLTX,MoonLake Immunotherapeutics Class A Ordinary Shares,$34.90,0.93,2.738%,2234020440.00,United States,2020,428806,Health Care,Biotechnology: Pharmaceutical Preparations
MMSI,Merit Medical Systems Inc. Common Stock,$92.04,0.50,0.546%,5415133639.00,United States,,749192,Health Care,Medical/Dental Instruments
MMYT,MakeMyTrip Limited Ordinary Shares,$97.88,3.88,4.128%,10745509730.00,India,2010,563534,Consumer Discretionary,Transportation Services
MNDY,monday.com Ltd. Ordinary Shares,$240.81,-2.84,-1.166%,12226727283.00,Israel,2021,944737,Technology,Computer Software: Prepackaged Software
MNST,Monster Beverage Corporation,$58.15,0.38,0.658%,56589189802.00,United States,,5655981,Consumer Staples,Beverages (Production/Distribution)
MORN,Morningstar Inc. Common Stock,$273.35,2.65,0.979%,11710226528.00,United States,2005,174170,Finance,Investment Managers
MPWR,Monolithic Power Systems Inc. Common Stock,$533.13,48.42,9.989%,25518800580.00,United States,2004,2218659,Technology,Semiconductors
MRCY,Mercury Systems Inc Common Stock,$46.18,1.43,3.196%,2756075830.00,United States,1998,713083,Technology,Electrical Products
MRNA,Moderna Inc. Common Stock,$26.20,1.70,6.939%,10108375977.00,United States,2018,11006115,Health Care,Biotechnology: Biological Products (No Diagnostic Substances)
MRUS,Merus N.V. Common Shares,$41.97,3.35,8.674%,2899726984.00,Netherlands,2016,832264,Health Care,Biotechnology: Pharmaceutical Preparations
MRVL,Marvell Technology Inc. Common Stock,$53.39,0.58,1.098%,46241079000.00,United States,2000,17726834,Technology,Semiconductors
MRX,Marex Group plc Ordinary Shares,$37.42,-0.065,-0.173%,2630284954.00,United Kingdom,2024,968703,Finance,Investment Bankers/Brokers/Service
MSFT,Microsoft Corporation Common Stock,$388.45,7.10,1.862%,2887730399186.00,United States,1986,23839220,Technology,Computer Software: Prepackaged Software
MSTR,MicroStrategy Incorporated Common Stock Class A,$299.98,27.64,10.149%,77200410063.00,United States,1998,21334111,Technology,Computer Software: Prepackaged Software
MTCH,Match Group Inc. Common Stock,$28.48,0.40,1.425%,7132221679.00,United States,,3745903,Technology,Computer Software: Programming Data Processing
MTSI,MACOM Technology Solutions Holdings Inc. Common Stock,$97.82,-1.45,-1.461%,7271921095.00,United States,2012,1297604,Technology,Semiconductors
MU,Micron Technology Inc. Common Stock,$69.55,-0.50,-0.714%,77727099564.00,United States,,30807779,Technology,Semiconductors
NBIS,Nebius Group N.V. Class A Ordinary Shares,$21.51,0.47,2.234%,7775483864.00,Netherlands,2011,5470245,Technology,Computer Software: Programming Data Processing
NBIX,Neurocrine Biosciences Inc. Common Stock,$90.87,0.15,0.165%,9060059498.00,United States,1996,1620786,Health Care,Biotechnology: Biological Products (No Diagnostic Substances)
NCNO,nCino Inc. Common Stock,$23.86,0.46,1.966%,2778495473.00,United States,2020,3390327,Technology,Computer Software: Prepackaged Software
NDAQ,Nasdaq Inc. Common Stock,$71.53,1.23,1.75%,41140144954.00,United States,,4136822,Finance,Investment Bankers/Brokers/Service
NDSN,Nordson Corporation Common Stock,$185.56,4.52,2.497%,10560542103.00,United States,,622407,Industrials,Industrial Machinery/Components
NFLX,Netflix Inc. Common Stock,$918.29,-2.88,-0.313%,392805067359.00,United States,2002,4073638,Consumer Discretionary,Consumer Electronics/Video Chains
NICE,NICE Ltd American Depositary Shares,$152.61,3.58,2.402%,9652558540.00,Israel,,325027,Technology,Computer Software: Prepackaged Software
NMFCZ,New Mountain Finance Corporation 8.250% Notes due 2028,$25.36,0.04,0.158%,2735111884.00,United States,,35482,,
NMIH,NMI Holdings Inc. Common Stock,$33.94,0.71,2.137%,2662664172.00,United States,2013,469054,Finance,Property-Casualty Insurers
NOVT,Novanta Inc. Common Stock,$112.39,1.39,1.252%,4041615880.00,United States,,412445,Miscellaneous,Industrial Machinery/Components
NSIT,Insight Enterprises Inc. Common Stock,$134.39,-0.29,-0.215%,4270602146.00,United States,1995,207101,Consumer Discretionary,Catalog/Specialty Distribution
NTAP,NetApp Inc. Common Stock,$82.64,0.36,0.438%,16809928261.00,United States,1995,2738601,Technology,Electronic Components
NTES,NetEase Inc. American Depositary Shares,$99.35,5.05,5.355%,63798260992.00,China,,2376246,Technology,Computer Software: Prepackaged Software
NTNX,Nutanix Inc. Class A Common Stock,$59.30,-2.74,-4.417%,15813084471.00,United States,2016,4405027,Technology,Computer Software: Prepackaged Software
NTRA,Natera Inc. Common Stock,$148.04,4.76,3.322%,20012962679.00,United States,2015,1364988,Health Care,Medical Specialities
NTRS,Northern Trust Corporation Common Stock,$88.29,0.35,0.398%,17278153818.00,United States,,2003304,Finance,Major Banks
NTRSO,Northern Trust Corporation Depositary Shares Each Representing a 1/1000th Interest in a Share of Series E Non-Cumulative Perpetual Preferred Stock,$19.19,-0.3202,-1.641%,3755439707.00,United States,,23117,Finance,Major Banks
NUVL,Nuvalent Inc. Class A Common Stock,$66.29,4.30,6.937%,4746226117.00,United States,2021,584194,Health Care,Biotechnology: Pharmaceutical Preparations
NVDA,NVIDIA Corporation Common Stock,$110.93,3.36,3.124%,2706692000000.00,United States,1999,313417265,Technology,Semiconductors
NVMI,Nova Ltd. Ordinary Shares,$179.78,1.80,1.011%,5263777002.00,Israel,2000,198513,Technology,Electronic Components
NWE,NorthWestern Energy Group Inc. Common Stock,$56.26,0.59,1.06%,3450315587.00,United States,,331473,Utilities,Power Generation
NWS,News Corporation Class B Common Stock,$30.24,0.66,2.231%,17158053195.00,United States,,852175,Consumer Discretionary,Newspapers/Magazines
NWSA,News Corporation Class A Common Stock,$26.19,0.60,2.345%,14860099642.00,United States,,3424746,Consumer Discretionary,Newspapers/Magazines
NXPI,NXP Semiconductors N.V. Common Stock,$168.79,3.20,1.932%,42808539548.00,Netherlands,2010,5169477,Technology,Semiconductors
NXST,Nexstar Media Group Inc. Common Stock,$151.99,-0.99,-0.647%,4637094220.00,United States,2003,707789,Industrials,Broadcasting
NXT,Nextracker Inc. Class A Common Stock,$39.23,1.48,3.921%,5712634782.00,United States,2023,1660899,Industrials,Industrial Machinery/Components
NYMTI,New York Mortgage Trust Inc. 9.125% Senior Notes Due 2029,$23.87,-0.02,-0.084%,2162131448.00,United States,,13690,Real Estate,Real Estate Investment Trusts
NYMTM,New York Mortgage Trust Inc. 7.875% Series E Fixed-to-Floating Rate Cumulative Redeemable Preferred Stock,$22.95,-0.27,-1.163%,2078522863.00,United States,,36391,Real Estate,Real Estate Investment Trusts
ODD,ODDITY Tech Ltd. Class A Ordinary Shares,$41.58,-0.07,-0.168%,2321340340.00,Israel,2023,279571,Consumer Discretionary,Package Goods/Cosmetics
ODFL,Old Dominion Freight Line Inc. Common Stock,$152.23,-4.52,-2.884%,32355737376.00,United States,1991,2640983,Industrials,Trucking Freight/Courier Services
OKTA,Okta Inc. Class A Common Stock,$101.82,0.19,0.187%,17676274158.00,United States,2017,2284494,Technology,Computer Software: Prepackaged Software
OLED,Universal Display Corporation Common Stock,$112.72,4.61,4.264%,5350715374.00,United States,,903325,Technology,Electrical Products
OLLI,Ollie's Bargain Outlet Holdings Inc. Common Stock,$114.42,1.17,1.033%,7008341480.00,United States,2015,1375929,Consumer Discretionary,Department/Specialty Retail Stores
OMAB,Grupo Aeroportuario del Centro Norte S.A.B. de C.V. ADS,$79.46,1.13,1.443%,3835627804.00,Mexico,2006,125429,Consumer Discretionary,Aerospace
ON,ON Semiconductor Corporation Common Stock,$35.075,0.195,0.559%,14781346030.00,United States,,20276637,Technology,Semiconductors
ONB,Old National Bancorp Common Stock,$18.68,0.37,2.021%,5958453000.00,United States,,3269974,Finance,Major Banks
ONBPO,Old National Bancorp Depositary Shares Each Representing a 1/40th Interest in a Share of Series C Preferred Stock,$24.5323,0.0623,0.255%,7825190393.00,United States,,7579,Finance,Major Banks
ONBPP,Old National Bancorp Depositary Shares Each Representing a 1/40th Interest in a Share of Series A Preferred Stock,$24.66,-0.07,-0.283%,7865923500.00,United States,,3309,Finance,Major Banks
ONC,BeiGene Ltd. American Depositary Shares,$230.36,22.05,10.585%,24584155803.00,Cayman Islands,2016,909612,Health Care,Biotechnology: Pharmaceutical Preparations
OPCH,Option Care Health Inc. Common Stock,$31.55,-2.14,-6.352%,5215718570.00,United States,,5342226,Health Care,Medical/Nursing Services
ORLY,O'Reilly Automotive Inc. Common Stock,$1389.79,16.43,1.196%,79596667167.00,United States,1993,374726,Consumer Discretionary,Auto & Home Supply Stores
OS,OneStream Inc. Class A Common Stock,$19.57,0.07,0.359%,4671260739.00,United States,2024,770614,Technology,Computer Software: Prepackaged Software
OSIS,OSI Systems Inc. Common Stock (DE),$189.51,5.07,2.749%,3183632121.00,United States,1997,180539,Technology,Semiconductors
OTEX,Open Text Corporation Common Shares,$25.15,0.46,1.863%,6686889570.00,Canada,1996,952098,Technology,EDP Services
OTTR,Otter Tail Corporation Common Stock,$78.66,1.14,1.471%,3290190401.00,United States,,207125,Utilities,Electric Utilities: Central
OXLCL,Oxford Lane Capital Corp. 6.75% Notes due 2031,$22.75,-0.24,-1.044%,3949400000.00,United States,,10884,Finance,Finance Companies
OXLCN,Oxford Lane Capital Corp. 7.125% Series 2029 Term Preferred Stock,$23.6667,0.1667,0.709%,4108539120.00,United States,,1009,Finance,Investment Managers
OXLCO,Oxford Lane Capital Corp. Preferred Stock Shares 6.00% Series 2029,$22.50,0.10,0.446%,3906000000.00,United States,,242,Finance,Investment Managers
OXLCP,Oxford Lane Capital Corp. 6.25% Series 2027 Term Preferred Shares,$24.00,-0.09,-0.374%,4166400000.00,United States,,2346,Finance,Investment Managers
OXLCZ,Oxford Lane Capital Corp. 5.00% Notes due 2027,$23.60,0.09,0.383%,4096960000.00,United States,,2534,Finance,Finance Companies
OZK,Bank OZK Common Stock,$37.97,0.34,0.904%,4295778932.00,United States,,2062399,Finance,Major Banks
PAA,Plains All American Pipeline L.P. Common Units representing Limited Partner Interests,$16.78,0.18,1.084%,11809360441.00,United States,1998,3858319,Energy,Natural Gas Distribution
PAGP,Plains GP Holdings L.P. Class A Units representing Limited Partner Interests,$17.87,0.13,0.733%,3533678561.00,United States,,2139534,Energy,Natural Gas Distribution
PANW,Palo Alto Networks Inc. Common Stock,$168.34,0.07,0.042%,111457914000.00,United States,,6302298,Technology,Computer peripheral equipment
PARA,Paramount Global Class B Common Stock,$10.69,-0.23,-2.106%,7169893278.00,United States,,5528111,Industrials,Broadcasting
PARAA,Paramount Global Class A Common Stock,$22.55,-0.12,-0.529%,15124517626.00,United States,,11027,Industrials,Broadcasting
PATK,Patrick Industries Inc. Common Stock,$80.43,0.23,0.287%,2706043382.00,United States,,374868,Consumer Discretionary,Auto Parts:O.E.M.
PAYO,Payoneer Global Inc. Common Stock,$6.33,0.08,1.28%,2277876301.00,United States,,4990414,Consumer Discretionary,Business Services
PAYX,Paychex Inc. Common Stock,$146.75,2.34,1.62%,52857980529.00,United States,1983,1918174,Consumer Discretionary,Diversified Commercial Services
PCAR,PACCAR Inc. Common Stock,$90.47,1.70,1.915%,47478891493.00,United States,,3357834,Consumer Discretionary,Auto Manufacturing
PCH,PotlatchDeltic Corporation Common Stock,$38.95,-0.34,-0.865%,3068792600.00,United States,,417505,Real Estate,Real Estate Investment Trusts
PCTY,Paylocity Holding Corporation Common Stock,$187.27,3.49,1.899%,10465997255.00,United States,2014,327946,Technology,Computer Software: Prepackaged Software
PCVX,Vaxcyte Inc. Common Stock,$31.20,3.16,11.27%,4017362606.00,United States,2020,4052681,Health Care,Biotechnology: Pharmaceutical Preparations
PDCO,Patterson Companies Inc. Common Stock,$30.91,-0.03,-0.097%,2734731340.00,United States,1992,3531493,Health Care,Medical Specialities
PDD,PDD Holdings Inc. American Depositary Shares,$90.50,2.15,2.434%,124516487224.00,China,2018,21119886,Consumer Discretionary,Business Services
PECO,Phillips Edison & Company Inc. Common Stock,$35.05,0.53,1.535%,4388260000.00,United States,2021,825267,Real Estate,Real Estate Investment Trusts
PEGA,Pegasystems Inc. Common Stock,$68.23,0.52,0.768%,5860880446.00,United States,1996,514499,Technology,EDP Services
PENN,PENN Entertainment Inc. Common Stock,$14.33,-0.36,-2.451%,2191735941.00,United States,1994,4032214,Consumer Discretionary,Hotels/Resorts
PEP,PepsiCo Inc. Common Stock,$144.43,0.29,0.201%,198085721602.00,United States,,8563304,Consumer Staples,Beverages (Production/Distribution)
PFG,Principal Financial Group Inc Common Stock,$72.61,0.65,0.903%,16378734199.00,United States,2001,2092082,Finance,Accident &Health Insurance
PLMR,Palomar Holdings Inc. Common stock,$147.88,4.89,3.42%,3945086741.00,United States,2019,249142,Finance,Property-Casualty Insurers
PLTR,Palantir Technologies Inc. Class A Common Stock,$88.55,-0.04,-0.045%,207681318606.00,United States,,95130683,Technology,Computer Software: Prepackaged Software
PLXS,Plexus Corp. Common Stock,$119.39,0.21,0.176%,3228324464.00,United States,,172301,Technology,Electrical Products
PNFP,Pinnacle Financial Partners Inc. Common Stock,$90.04,-0.29,-0.321%,6966100459.00,United States,,822190,Finance,Major Banks
PODD,Insulet Corporation Common Stock,$253.99,2.52,1.002%,17836728155.00,United States,2007,596750,Health Care,Medical/Dental Instruments
POOL,Pool Corporation Common Stock,$311.27,5.97,1.955%,11713234841.00,United States,1995,411866,Consumer Discretionary,Industrial Specialties
POWI,Power Integrations Inc. Common Stock,$45.09,0.48,1.076%,2567108970.00,United States,1997,627222,Technology,Semiconductors
POWL,Powell Industries Inc. Common Stock,$173.22,0.26,0.15%,2089851318.00,United States,,296668,Energy,Electrical Products
POWWP,AMMO Inc. 8.75% Series A Cumulative Redeemable Perpetual Preferred Stock,$21.63,0.43,2.028%,2568708135.00,United States,,9225,Industrials,Ordnance And Accessories
PPC,Pilgrim's Pride Corporation Common Stock,$52.81,1.28,2.484%,12522423646.00,United States,,1319774,Consumer Staples,Meat/Poultry/Fish
PRCT,PROCEPT BioRobotics Corporation Common Stock,$52.07,1.34,2.641%,2854409709.00,United States,2021,657790,Health Care,Medical/Dental Instruments
PRGS,Progress Software Corporation Common Stock (DE),$57.70,0.86,1.513%,2482599912.00,United States,1991,552794,Technology,Computer Software: Prepackaged Software
PRVA,Privia Health Group Inc. Common Stock,$24.10,0.45,1.903%,2904367710.00,United States,2021,795763,Health Care,Medical/Nursing Services
PSMT,PriceSmart Inc. Common Stock,$91.74,-0.02,-0.022%,2821385262.00,United States,,320308,Consumer Discretionary,Department/Specialty Retail Stores
PSNY,Polestar Automotive Holding UK PLC Class A ADS,$0.9974,0.0277,2.857%,2129658741.00,Sweden,,4500500,Consumer Discretionary,Auto Manufacturing
PTC,PTC Inc. Common Stock,$145.32,1.56,1.085%,17485417123.00,United States,,893406,Technology,Computer Software: Prepackaged Software
PTCT,PTC Therapeutics Inc. Common Stock,$42.98,2.69,6.677%,3389805437.00,United States,2013,1488776,Health Care,Biotechnology: Pharmaceutical Preparations
PTEN,Patterson-UTI Energy Inc. Common Stock,$5.76,0.17,3.041%,2225608111.00,United States,1993,6984650,Energy,Oil & Gas Production
PTGX,Protagonist Therapeutics Inc. Common Stock,$42.62,1.73,4.231%,2616198397.00,United States,2016,1157852,Health Care,Biotechnology: Pharmaceutical Preparations
PTON,Peloton Interactive Inc. Class A Common Stock,$5.58,0.08,1.455%,2176001888.00,United States,2019,7955354,Consumer Discretionary,Recreational Games/Products/Toys
PYCR,Paycor HCM Inc. Common Stock,$22.49,0.04,0.178%,4088051111.00,United States,2021,5166827,Technology,Computer Software: Prepackaged Software
PYPL,PayPal Holdings Inc. Common Stock,$62.59,2.03,3.352%,61916685071.00,United States,,12919356,Consumer Discretionary,Business Services
QCOM,QUALCOMM Incorporated Common Stock,$139.25,4.85,3.609%,154010500000.00,United States,1991,10955260,Technology,Radio And Television Broadcasting And Communications Equipment
QFIN,Qifu Technology Inc. American Depositary Shares,$36.37,-0.36,-0.98%,5103247967.00,China,2018,3872268,Finance,Finance: Consumer Services
QLYS,Qualys Inc. Common Stock,$124.10,1.32,1.075%,4526879095.00,United States,2012,444618,Technology,Computer Software: Prepackaged Software
QRVO,Qorvo Inc. Common Stock,$56.27,1.15,2.086%,5255439737.00,United States,,2075928,Technology,Semiconductors
QVCGP,QVC Group Inc. 8.0% Fixed Rate Cumulative Redeemable Preferred Stock,$22.90,2.08,9.99%,9127535769.00,United States,,40115,Consumer Discretionary,Catalog/Specialty Distribution
RADX,Radiopharm Theranostics Limited American Depositary Shares,$4.465,0.085,1.941%,9702269776.00,Australia,,135848,,
RARE,Ultragenyx Pharmaceutical Inc. Common Stock,$34.14,0.98,2.955%,3157988442.00,United States,2014,1103598,Health Care,Biotechnology: Pharmaceutical Preparations
RDNT,RadNet Inc. Common Stock,$53.41,0.41,0.774%,3954567998.00,United States,,682396,Health Care,Medical Specialities
REG,Regency Centers Corporation Common Stock,$69.40,0.98,1.432%,12586747448.00,United States,1993,908517,Real Estate,Real Estate Investment Trusts
REGCO,Regency Centers Corporation 5.875% Series B Cumulative Redeemable Preferred Stock,$22.22,0.448,2.058%,4029935566.00,United States,,48580,Real Estate,Real Estate Investment Trusts
REGCP,Regency Centers Corporation 6.25% Series A Cumulative Redeemable Preferred Stock,$22.50,0.00,0.00%,4080717833.00,United States,,42878,Real Estate,Real Estate Investment Trusts
REGN,Regeneron Pharmaceuticals Inc. Common Stock,$554.18,7.79,1.426%,60585552271.00,United States,1991,1171115,Health Care,Biotechnology: Pharmaceutical Preparations
RELY,Remitly Global Inc. Common Stock,$20.41,0.40,1.999%,4094396626.00,United States,2021,1647453,Consumer Discretionary,Business Services
REYN,Reynolds Consumer Products Inc. Common Stock,$23.90,0.62,2.663%,5023091035.00,United States,2020,777466,Consumer Discretionary,Containers/Packaging
RGEN,Repligen Corporation Common Stock,$122.86,7.67,6.659%,6898411590.00,United States,1986,979334,Health Care,Biotechnology: Biological Products (No Diagnostic Substances)
RGLD,Royal Gold Inc. Common Stock,$179.58,8.61,5.036%,11808932261.00,United States,,1077548,Industrials,Precious Metals
RGTI,Rigetti Computing Inc. Common Stock,$9.10,-0.32,-3.397%,2601035228.00,United States,,27496027,Technology,EDP Services
RIOT,Riot Platforms Inc. Common Stock ,$7.06,0.27,3.976%,2472465204.00,United States,,14522412,Finance,Finance: Consumer Services
RIVN,Rivian Automotive Inc. Class A Common Stock,$11.47,0.01,0.087%,12969294914.00,United States,2021,22906858,Consumer Discretionary,Auto Manufacturing
RKLB,Rocket Lab USA Inc. Common Stock,$19.63,0.00,0.00%,8903090215.00,United States,2020,15484352,Industrials,Military/Government/Technical
RMBS,Rambus Inc. Common Stock,$47.04,0.80,1.73%,5026522845.00,United States,1997,992130,Technology,Semiconductors
RNA,Avidity Biosciences Inc. Common Stock,$25.58,1.47,6.097%,3075030660.00,United States,2020,1550284,Health Care,Biotechnology: Pharmaceutical Preparations
RNW,ReNew Energy Global plc Class A Ordinary Shares,$5.94,0.15,2.591%,2901889863.00,United Kingdom,,1655304,Utilities,Electric Utilities: Central
ROAD,Construction Partners Inc. Class A Common Stock,$80.36,2.25,2.881%,4496093945.00,United States,2018,336362,Industrials,Military/Government/Technical
ROIV,Roivant Sciences Ltd. Common Shares,$9.86,0.21,2.176%,7035597656.00,United Kingdom,,7898354,Health Care,Biotechnology: Pharmaceutical Preparations
ROKU,Roku Inc. Class A Common Stock,$60.22,0.95,1.603%,8788775140.00,United States,2017,5284345,Telecommunications,Cable & Other Pay Television Services
ROP,Roper Technologies Inc. Common Stock,$560.16,10.56,1.921%,60152897553.00,United States,1992,669076,Industrials,Industrial Machinery/Components
ROST,Ross Stores Inc. Common Stock,$141.51,2.62,1.886%,46531526078.00,United States,1985,4388863,Consumer Discretionary,Clothing/Shoe/Accessory Stores
RPRX,Royalty Pharma plc Class A Ordinary Shares ,$31.95,0.74,2.371%,18417678686.00,United States,2020,5897312,Health Care,Biotechnology: Pharmaceutical Preparations
RRR,Red Rock Resorts Inc. Class A Common Stock,$40.49,0.15,0.372%,4293724799.00,United States,2016,597962,Consumer Discretionary,Hotels/Resorts
RUM,Rumble Inc. Class A Common Stock,$7.58,0.04,0.531%,3291984070.00,United States,2021,1185063,Technology,Computer Software: Programming Data Processing
RUSHA,Rush Enterprises Inc. Common Stock Cl A,$52.84,0.84,1.615%,4187388812.00,United States,,497946,Consumer Discretionary,Retail-Auto Dealers and Gas Stations
RUSHB,Rush Enterprises Inc. Class B,$57.31,0.94,1.668%,4541620984.00,United States,,24726,Consumer Discretionary,Retail-Auto Dealers and Gas Stations
RVMD,Revolution Medicines Inc. Common Stock,$35.72,2.05,6.089%,6640824005.00,United States,2020,1815419,Health Care,Biotechnology: Biological Products (No Diagnostic Substances)
RXRX,Recursion Pharmaceuticals Inc. Class A Common Stock,$5.76,1.25,27.716%,2315466253.00,United States,2021,83410764,Health Care,Biotechnology: Biological Products (No Diagnostic Substances)
RYAAY,Ryanair Holdings plc American Depositary Shares,$44.15,1.71,4.029%,24260306590.00,Ireland,1997,1534572,Consumer Discretionary,Air Freight/Delivery Services
RYTM,Rhythm Pharmaceuticals Inc. Common Stock,$59.55,1.72,2.974%,3764972943.00,United States,2017,681859,Health Care,Biotechnology: Pharmaceutical Preparations
SAIA,Saia Inc. Common Stock,$330.37,-21.08,-5.998%,8797283314.00,United States,,850400,Industrials,Trucking Freight/Courier Services
SAIC,Science Applications International Corporation Common Stock,$116.515,3.925,3.486%,5562100208.00,United States,,610632,Technology,EDP Services
SAIL,SailPoint Inc. Common Stock,$17.56,0.44,2.57%,9773458633.00,United States,2025,871689,Technology,Computer Software: Prepackaged Software
SANM,Sanmina Corporation Common Stock,$75.95,1.31,1.755%,4126007978.00,United States,1993,301864,Technology,Electrical Products
SATS,EchoStar  Corporation Common Stock,$22.48,0.38,1.719%,6439233604.00,United States,,2426053,Consumer Discretionary,Telecommunications Equipment
SBAC,SBA Communications Corporation Class A Common Stock,$219.18,6.98,3.289%,23587108522.00,United States,1999,1118083,Real Estate,Real Estate Investment Trusts
SBRA,Sabra Health Care REIT Inc. Common Stock,$17.35,0.08,0.463%,4127755382.00,United States,,1696115,Real Estate,Real Estate Investment Trusts
SBUX,Starbucks Corporation Common Stock,$85.43,0.83,0.981%,97039937000.00,United States,1992,10059728,Consumer Discretionary,Restaurants
SEIC,SEI Investments Company Common Stock,$72.38,1.34,1.886%,9188673426.00,United States,1981,908815,Finance,Investment Bankers/Brokers/Service
SFD,Smithfield Foods Inc. Common Stock,$19.75,0.27,1.386%,7763976042.00,United States,2025,604678,Consumer Staples,Meat/Poultry/Fish
SFM,Sprouts Farmers Market Inc. Common Stock,$157.27,3.35,2.176%,15504523027.00,United States,2013,1407886,Consumer Staples,Food Chains
SFNC,Simmons First National Corporation Class A Common Stock,$17.82,-0.05,-0.28%,2241882825.00,United States,,760440,Finance,Major Banks
SGRY,Surgery Partners Inc. Common Stock,$20.99,0.12,0.575%,2678598780.00,United States,2015,815510,Health Care,Hospital/Nursing Management
SHC,Sotera Health Company Common Stock,$10.51,-0.09,-0.849%,2979304824.00,United States,2020,1456650,Health Care,Misc Health and Biotechnology Services
SHOP,Shopify Inc. Class A Subordinate Voting Shares,$83.71,-0.92,-1.087%,108161548526.00,Canada,,18099213,Technology,Computer Software: Prepackaged Software
SIGI,Selective Insurance Group Inc. Common Stock,$86.63,0.60,0.697%,5267538796.00,United States,,448391,Finance,Property-Casualty Insurers
SIRI,SiriusXM Holdings Inc. Common Stock,$20.02,-0.06,-0.299%,6782148253.00,United States,,4864727,Consumer Discretionary,Broadcasting
SITM,SiTime Corporation Common Stock,$130.00,-0.05,-0.038%,3067718030.00,United States,2019,322330,Technology,Semiconductors
SKWD,Skyward Specialty Insurance Group Inc. Common Stock,$52.53,0.38,0.729%,2107919007.00,United States,2023,543473,Finance,Property-Casualty Insurers
SKYW,SkyWest Inc. Common Stock,$86.31,1.64,1.937%,3480883767.00,United States,1986,362544,Consumer Discretionary,Air Freight/Delivery Services
SLAB,Silicon Laboratories Inc. Common Stock,$89.82,1.63,1.848%,2915348818.00,United States,2000,564938,Technology,Semiconductors
SLM,SLM Corporation Common Stock,$25.46,-0.32,-1.241%,5357381343.00,United States,,2519268,Finance,Finance: Consumer Services
SLMBP,SLM Corporation Floating Rate Non-Cumulative Preferred Stock Series B,$70.065,-1.0549,-1.483%,14743319865.00,United States,,3041,Finance,Finance: Consumer Services
SLNO,Soleno Therapeutics Inc. Common Stock,$67.23,4.36,6.935%,3082985674.00,United States,2014,985355,Health Care,Biotechnology: Electromedical & Electrotherapeutic Apparatus
SMCI,Super Micro Computer Inc. Common Stock,$33.15,-0.53,-1.574%,19673906819.00,United States,2020,27608719,Technology,Computer Manufacturing
SMPL,The Simply Good Foods Company Common Stock,$38.00,1.73,4.77%,3838673778.00,United States,,1731243,Consumer Staples,Packaged Foods
SMTC,Semtech Corporation Common Stock,$26.60,-0.40,-1.481%,2300994004.00,United States,,3042508,Technology,Semiconductors
SNDK,Sandisk Corporation Common Stock,$31.97,0.895,2.88%,4631278134.00,United States,,4856278,Technology,Electronic Components
SNEX,StoneX Group Inc. Common Stock,$75.55,1.57,2.122%,3635988202.00,United States,,306801,Finance,Investment Bankers/Brokers/Service
SNPS,Synopsys Inc. Common Stock,$421.21,14.32,3.519%,65127522212.00,United States,1992,1745748,Technology,Computer Software: Prepackaged Software
SNRE,Sunrise Communications AG American Depositary Shares representing Class A shares,$50.69,2.71,5.648%,4852909442.00,Switzerland,,426811,Telecommunications,Cable & Other Pay Television Services
SNY,Sanofi ADS,$51.50,1.84,3.705%,130101640263.00,France,,3191076,Health Care,Biotechnology: Pharmaceutical Preparations
SOFI,SoFi Technologies Inc. Common Stock  ,$10.71,0.19,1.806%,11743945703.00,United States,,42788050,Finance,Finance: Consumer Services
SOUN,SoundHound AI Inc Class A Common Stock,$8.28,0.08,0.976%,3303402644.00,United States,,12669445,Technology,Computer Software: Prepackaged Software
SPSC,SPS Commerce Inc. Common Stock,$131.69,1.61,1.238%,4974436595.00,United States,2010,283836,Technology,Computer Software: Prepackaged Software
SRAD,Sportradar Group AG Class A Ordinary Shares,$22.57,0.545,2.474%,6758810530.00,Switzerland,2021,1937301,Technology,Computer Software: Programming Data Processing
SRPT,Sarepta Therapeutics Inc. Common Stock (DE),$51.03,0.72,1.431%,4951546685.00,United States,,4036734,Health Care,Biotechnology: Pharmaceutical Preparations
SRRK,Scholar Rock Holding Corporation Common Stock,$28.00,1.69,6.423%,2650949364.00,United States,2018,1761910,Health Care,Biotechnology: Biological Products (No Diagnostic Substances)
SSNC,SS&C Technologies Holdings Inc. Common Stock,$76.07,1.09,1.454%,18750207364.00,United States,2010,1754427,Technology,Computer Software: Prepackaged Software
SSRM,SSR Mining Inc. Common Stock,$10.65,0.47,4.617%,2152323284.00,Canada,,2528359,Industrials,Precious Metals
STEP,StepStone Group Inc. Class A Common Stock,$46.34,0.67,1.467%,5374373624.00,United States,2020,478627,Finance,Investment Managers
STLD,Steel Dynamics Inc.,$120.41,2.92,2.485%,18081245554.00,United States,1996,1674215,Industrials,Steel/Iron Ore
STNE,StoneCo Ltd. Class A Common Shares,$11.53,0.55,5.009%,3562033221.00,Brazil,2018,6674623,Technology,EDP Services
STRF,MicroStrategy Incorporated 10.00% Series A Perpetual Strife Preferred Stock,$86.34,0.35,0.407%,22219759333.00,United States,,238380,Technology,Computer Software: Prepackaged Software
STRK,MicroStrategy Incorporated 8.00% Series A Perpetual Strike Preferred Stock,$84.54,2.86,3.501%,21756525991.00,United States,,394061,Technology,Computer Software: Prepackaged Software
STRL,Sterling Infrastructure Inc. Common Stock,$137.09,4.68,3.534%,4195377608.00,United States,,562064,Industrials,Military/Government/Technical
STX,Seagate Technology Holdings PLC Ordinary Shares (Ireland),$70.15,0.41,0.588%,14851273619.00,Ireland,2002,3879007,Technology,Electronic Components
SWKS,Skyworks Solutions Inc. Common Stock,$56.54,2.70,5.015%,9088297384.00,United States,,5428020,Technology,Semiconductors
SWTX,SpringWorks Therapeutics Inc. Common Stock,$36.47,2.04,5.925%,2732910450.00,United States,2019,2042509,Health Care,Biotechnology: Biological Products (No Diagnostic Substances)
SYM,Symbotic Inc. Class A Common Stock,$20.63,0.61,3.047%,12138522834.00,United States,2021,917671,Industrials,Industrial Machinery/Components
TBBK,The Bancorp Inc Common Stock,$43.63,0.67,1.56%,2097170976.00,United States,2004,662818,Finance,Major Banks
TCBI,Texas Capital Bancshares Inc. Common Stock,$62.01,0.77,1.257%,2853264704.00,United States,2003,824814,Finance,Major Banks
TCOM,Trip.com Group Limited American Depositary Shares,$54.73,0.54,0.996%,35393439696.00,China,2003,5570051,Consumer Discretionary,Business Services
TEAM,Atlassian Corporation Class A Common Stock,$198.37,0.34,0.172%,32531144021.00,Australia,2015,2003603,Technology,Computer Software: Prepackaged Software
TECH,Bio-Techne Corp Common Stock,$50.72,1.46,2.964%,8018207282.00,United States,,3195478,Health Care,Biotechnology: Biological Products (No Diagnostic Substances)
TEM,Tempus AI Inc. Class A Common Stock,$42.12,1.83,4.542%,7253598924.00,United States,2024,8572270,Technology,Computer Software: Programming Data Processing
TENB,Tenable Holdings Inc. Common Stock,$32.84,-0.03,-0.091%,3950732097.00,United States,2018,586768,Technology,Computer Software: Prepackaged Software
TER,Teradyne Inc. Common Stock,$73.65,1.36,1.881%,11910587116.00,United States,,3690319,Industrials,Electrical Products
TFSL,TFS Financial Corporation Common Stock,$11.75,0.02,0.171%,3299392962.00,United States,2007,458643,Finance,Savings Institutions
TGTX,TG Therapeutics Inc. Common Stock,$36.71,0.73,2.029%,5766060808.00,United States,,2053892,Health Care,Biotechnology: Pharmaceutical Preparations
TIGO,Millicom International Cellular S.A. Common Stock,$28.46,0.97,3.529%,4897860840.00,Luxembourg,,1355486,Telecommunications,Telecommunications Equipment
TLN,Talen Energy Corporation Common Stock,$198.035,1.645,0.838%,9102066847.00,United States,,960365,Utilities,Electric Utilities: Central
TLX,Telix Pharmaceuticals Limited American Depositary Shares,$16.65,0.25,1.524%,5573162675.00,Australia,,19686,Health Care,Biotechnology: Pharmaceutical Preparations
TMDX,TransMedics Group Inc. Common Stock,$80.58,4.21,5.513%,2712513211.00,United States,2019,1039824,Health Care,Biotechnology: Electromedical & Electrotherapeutic Apparatus
TMUS,T-Mobile US Inc. Common Stock,$258.67,2.55,0.996%,295335166734.00,United States,,3987472,Telecommunications,Telecommunications Equipment
TOWN,TowneBank Common Stock,$30.64,-0.12,-0.39%,2286274991.00,United States,,362953,Finance,Major Banks
TPG,TPG Inc. Class A Common Stock,$44.59,0.79,1.804%,16474696863.00,United States,2022,2045526,Finance,Investment Managers
TPGXL,TPG Operating Group II L.P. 6.950% Fixed-Rate Junior Subordinated Notes due 2064,$23.80,-0.61,-2.499%,8682853445.00,United States,,22634,,
TRI,Thomson Reuters Corporation Common Shares,$172.68,5.41,3.234%,77691586400.00,United States,,791224,Consumer Discretionary,Publishing
TRMB,Trimble Inc. Common Stock,$58.22,0.18,0.31%,14310013384.00,United States,1990,1759059,Industrials,Industrial Machinery/Components
TROW,T. Rowe Price Group Inc. Common Stock,$88.735,2.79,3.246%,19755470938.00,United States,1986,2952676,Finance,Investment Bankers/Brokers/Service
TSCO,Tractor Supply Company Common Stock,$51.67,0.35,0.682%,27465101384.00,United States,1994,4342043,Consumer Discretionary,RETAIL: Building Materials
TSEM,Tower Semiconductor Ltd. Ordinary Shares,$33.92,0.23,0.683%,3759175656.00,Israel,1994,483983,Technology,Semiconductors
TSLA,Tesla Inc. Common Stock,$252.31,-0.09,-0.036%,811559413605.00,United States,2010,128948085,Consumer Discretionary,Auto Manufacturing
TTAN,ServiceTitan Inc. Class A Common Stock,$100.89,3.06,3.128%,9093881877.00,United States,2024,292636,Technology,Computer Software: Prepackaged Software
TTD,The Trade Desk Inc. Class A Common Stock,$49.78,0.51,1.035%,24695288367.00,United States,2016,7147182,Technology,Computer Software: Programming Data Processing
TTEK,Tetra Tech Inc. Common Stock,$30.19,0.93,3.178%,8092009467.00,United States,1991,1957713,Consumer Discretionary,Military/Government/Technical
TTWO,Take-Two Interactive Software Inc. Common Stock,$212.07,7.66,3.747%,37429444371.00,United States,1997,2648554,Technology,Computer Software: Prepackaged Software
TW,Tradeweb Markets Inc. Class A Common Stock,$128.08,2.71,2.162%,30248742359.00,United States,2019,1673031,Finance,Investment Bankers/Brokers/Service
TWST,Twist Bioscience Corporation Common Stock,$38.85,2.22,6.061%,2317446867.00,United States,2018,1136091,Health Care,Biotechnology: Biological Products (No Diagnostic Substances)
TXN,Texas Instruments Incorporated Common Stock,$147.60,-9.00,-5.747%,134365146520.00,United States,,21113263,Technology,Semiconductors
TXRH,Texas Roadhouse Inc. Common Stock,$160.17,-1.54,-0.952%,10643399329.00,United States,2004,1240765,Consumer Discretionary,Restaurants
UAL,United Airlines Holdings Inc. Common Stock,$65.60,2.85,4.542%,21473475398.00,United States,,8608599,Consumer Discretionary,Air Freight/Delivery Services
UBSI,United Bankshares Inc. Common Stock,$31.84,0.09,0.283%,4559874856.00,United States,,783838,Finance,Major Banks
UFPI,UFP Industries Inc. Common Stock,$106.42,0.63,0.596%,6455729110.00,United States,1993,398487,Basic Materials,Forest Products
ULTA,Ulta Beauty Inc. Common Stock,$361.46,6.51,1.834%,16377567532.00,United States,2007,943432,Consumer Discretionary,Other Specialty Stores
UMBF,UMB Financial Corporation Common Stock,$86.40,-1.74,-1.974%,6271876742.00,United States,,1333864,Finance,Major Banks
UPST,Upstart Holdings Inc. Common stock,$38.99,0.44,1.141%,3653791734.00,United States,2020,4923572,Finance,Finance: Consumer Services
URBN,Urban Outfitters Inc. Common Stock,$46.75,-1.67,-3.449%,4331892400.00,United States,1993,3065850,Consumer Discretionary,Clothing/Shoe/Accessory Stores
USLM,United States Lime & Minerals Inc. Common Stock,$91.63,1.69,1.879%,2622523812.00,United States,,63539,Industrials,Mining & Quarrying of Nonmetallic Minerals (No Fuels)
UTHR,United Therapeutics Corporation Common Stock,$281.16,2.27,0.814%,12627507685.00,United States,1999,670796,Health Care,Biotechnology: Pharmaceutical Preparations
VCEL,Vericel Corporation Common Stock,$41.25,-0.65,-1.551%,2061244680.00,United States,,601588,Health Care,Biotechnology: Biological Products (No Diagnostic Substances)
VCTR,Victory Capital Holdings Inc. Class A Common Stock,$55.06,1.00,1.85%,3505229059.00,United States,2018,285537,Finance,Investment Managers
VCYT,Veracyte Inc. Common Stock,$31.80,1.55,5.124%,2478643750.00,United States,2013,1003630,Health Care,Medical Specialities
VEON,VEON Ltd. ADS,$39.44,-0.44,-1.103%,2917283209.00,Netherlands,,59404,Telecommunications,Telecommunications Equipment
VERX,Vertex Inc. Class A Common Stock,$38.48,0.30,0.786%,6086884841.00,United States,2020,1313811,Technology,Computer Software: Prepackaged Software
VFS,VinFast Auto Ltd. Ordinary Shares,$2.91,-0.01,-0.342%,6802964529.00,Singapore,,348994,Finance,Blank Checks
VIAV,Viavi Solutions Inc. Common Stock,$9.87,0.03,0.305%,2192496789.00,United States,,1601276,Technology,Semiconductors
VICR,Vicor Corporation Common Stock,$46.83,0.53,1.145%,2115894742.00,United States,,165003,Technology,Industrial Machinery/Components
VIRT,Virtu Financial Inc. Class A Common Stock,$37.03,1.49,4.192%,5736139704.00,United States,2015,989921,Finance,Investment Bankers/Brokers/Service
VKTX,Viking Therapeutics Inc. Common Stock,$22.22,0.70,3.253%,2494146316.00,United States,2015,2963760,Health Care,Biotechnology: Pharmaceutical Preparations
VLY,Valley National Bancorp Common Stock,$7.87,-0.17,-2.114%,4409370420.00,United States,,15743249,Finance,Major Banks
VLYPN,Valley National Bancorp 8.250% Fixed-Rate Reset Non-Cumulative Perpetual Preferred Stock Series C,$23.85,-0.31,-1.283%,13362577448.00,United States,,13451,Finance,Major Banks
VLYPO,Valley National Bancorp 5.50% Fixed-to-Floating Rate Non-Cumulative Perpetual Preferred Stock Series B,$23.25,-0.65,-2.72%,13026411978.00,United States,,8396,Finance,Major Banks
VLYPP,Valley National Bancorp 6.25% Fixed-to-Floating Rate Non-Cumulative Perpetual Preferred Stock Series A,$22.40,-0.55,-2.397%,12550177562.00,United States,,8243,Finance,Major Banks
VNOM,Viper Energy Inc. Class A Common Stock,$37.58,1.08,2.959%,8235465041.00,United States,2014,1277779,Energy,Oil & Gas Production
VOD,Vodafone Group Plc American Depositary Shares,$8.73,0.28,3.314%,21794857571.00,United Kingdom,,15154429,Telecommunications,Telecommunications Equipment
VRNA,Verona Pharma plc American Depositary Share,$57.71,3.78,7.009%,4904131223.00,United Kingdom,2017,963709,Health Care,Biotechnology: Pharmaceutical Preparations
VRNS,Varonis Systems Inc. Common Stock,$41.30,0.16,0.389%,4648321443.00,United States,2014,1198303,Technology,Computer Software: Prepackaged Software
VRRM,Verra Mobility Corporation Class A Common Stock,$21.80,0.07,0.322%,3479145974.00,United States,2017,1125014,Consumer Discretionary,Transportation Services
VRSK,Verisk Analytics Inc. Common Stock,$291.88,6.10,2.135%,40943807040.00,United States,2009,835049,Technology,EDP Services
VRSN,VeriSign Inc. Common Stock,$247.13,4.26,1.754%,23378498000.00,United States,1998,626264,Technology,EDP Services
VRTX,Vertex Pharmaceuticals Incorporated Common Stock,$484.22,8.73,1.836%,124342790367.00,United States,1991,1574307,Health Care,Biotechnology: Pharmaceutical Preparations
VSEC,VSE Corporation Common Stock,$112.44,2.015,1.825%,2316339785.00,United States,,191453,Consumer Discretionary,Military/Government/Technical
VTRS,Viatris Inc. Common Stock,$7.54,0.28,3.857%,9000413167.00,United States,,16249556,Health Care,Biotechnology: Pharmaceutical Preparations
WAFD,WaFd Inc. Common Stock,$24.54,0.06,0.245%,2001269785.00,United States,,547045,Finance,Major Banks
WAY,Waystar Holding Corp. Common Stock,$37.27,1.04,2.871%,6416099040.00,United States,2024,1275625,Technology,EDP Services
WBA,Walgreens Boots Alliance Inc. Common Stock,$10.78,0.09,0.842%,9321874540.00,United States,,12267507,Consumer Staples,Retail-Drug Stores and Proprietary Stores
WBD,Warner Bros. Discovery Inc. Series A Common Stock ,$7.97,-0.13,-1.605%,19564471766.00,United States,,36414775,Telecommunications,Cable & Other Pay Television Services
WDAY,Workday Inc. Class A Common Stock,$226.51,1.77,0.788%,60251660000.00,United States,,2203909,Technology,EDP Services
WDC,Western Digital Corporation Common Stock,$34.40,-0.47,-1.348%,11965142229.00,United States,,8654125,Technology,Electronic Components
WDFC,WD-40 Company Common Stock,$222.03,0.68,0.307%,3007477169.00,United States,1973,164236,Industrials,Major Chemicals
WEN,Wendy's Company (The) Common Stock,$12.79,-0.10,-0.776%,2564204020.00,United States,,4762636,Consumer Discretionary,Restaurants
WFRD,Weatherford International plc Ordinary Shares,$43.00,2.88,7.178%,3132393996.00,United States,,1769733,Industrials,Metal Fabrications
WGS,GeneDx Holdings Corp. Class A Common Stock,$96.63,4.01,4.33%,2712237317.00,United States,2020,856520,Technology,Retail: Computer Software & Peripheral Equipment
WING,Wingstop Inc. Common Stock,$237.29,-3.00,-1.248%,6801359032.00,United States,2015,465079,Consumer Discretionary,Restaurants
WIX,Wix.com Ltd. Ordinary Shares,$158.50,2.82,1.811%,8823405579.00,Israel,2013,823839,Technology,Computer Software: Programming Data Processing
WMG,Warner Music Group Corp. Class A Common Stock,$29.03,0.12,0.415%,15106081136.00,United States,2020,1502332,Consumer Discretionary,Services-Misc. Amusement & Recreation
WRD,WeRide Inc. American Depositary Shares,$9.95,0.14,1.427%,2831062605.00,China,2024,891726,Technology,EDP Services
WSC,WillScot Holdings Corporation Class A Common Stock,$24.69,-0.10,-0.403%,4532468108.00,United States,2015,3072907,Industrials,Misc Corporate Leasing Services
WSFS,WSFS Financial Corporation Common Stock,$45.90,-0.24,-0.52%,2687791866.00,United States,,453340,Finance,Major Banks
WTFC,Wintrust Financial Corporation Common Stock,$98.61,1.27,1.305%,6578056257.00,United States,,751069,Finance,Major Banks
WTW,Willis Towers Watson Public Limited Company Ordinary Shares,$321.74,5.10,1.611%,32075109672.00,United Kingdom,2001,605388,Finance,Specialty Insurers
WWD,Woodward Inc. Common Stock,$167.64,1.29,0.775%,9951090786.00,United States,,369587,Energy,Industrial Machinery/Components
WYNN,Wynn Resorts Limited Common stock,$73.19,0.89,1.231%,7787516417.00,United States,2002,2710540,Consumer Discretionary,Hotels/Resorts
XEL,Xcel Energy Inc. Common Stock,$69.555,1.145,1.674%,39963012631.00,United States,,3148381,Utilities,Power Generation
XENE,Xenon Pharmaceuticals Inc. Common Shares,$31.40,0.67,2.18%,2403444265.00,Canada,2014,970435,Health Care,Biotechnology: Pharmaceutical Preparations
XP,XP Inc. Class A Common Stock,$13.46,0.54,4.18%,7396178122.00,Brazil,2019,8959326,Finance,Investment Bankers/Brokers/Service
XRAY,DENTSPLY SIRONA Inc. Common Stock,$12.77,0.12,0.949%,2541127368.00,United States,1987,3640344,Health Care,Medical/Dental Instruments
Z,Zillow Group Inc. Class C Capital Stock,$61.16,-0.65,-1.052%,14834851928.00,United States,,3230095,Consumer Discretionary,Business Services
ZBRA,Zebra Technologies Corporation Class A Common Stock,$225.44,2.07,0.927%,11582928652.00,United States,1991,1103910,Industrials,Industrial Machinery/Components
ZG,Zillow Group Inc. Class A Common Stock,$60.28,-0.56,-0.92%,14621400821.00,United States,2011,583737,Consumer Discretionary,Business Services
ZI,ZoomInfo Technologies Inc Common Stock,$7.93,0.09,1.148%,2714377186.00,United States,2020,5897558,Technology,Computer Software: Prepackaged Software
ZION,Zions Bancorporation N.A. Common Stock,$42.00,-0.47,-1.107%,6211454802.00,United States,,1873040,Finance,Major Banks
ZIONP,Zions Bancorporation N.A. Depositary Shares (Each representing 1/40th Interest in a Share of Series A Floating-Rate Non-Cumulative Perpetual Preferred Stock),$22.80,0.3363,1.497%,3371932607.00,United States,,24955,Finance,Major Banks
ZLAB,Zai Lab Limited American Depositary Shares,$29.54,5.22,21.464%,3192562913.00,China,2017,3045256,Health Care,Biotechnology: Pharmaceutical Preparations
ZM,Zoom Communications Inc. Class A Common Stock,$71.34,1.73,2.485%,21775383073.00,United States,2019,1929527,Technology,Computer Software: Programming Data Processing
ZS,Zscaler Inc. Common Stock,$198.08,2.72,1.392%,30647908588.00,United States,2018,2314033,Technology,EDP Services
