<TICKER>,<PER>,<DATE>,<TIME>,<OPEN>,<HIGH>,<LOW>,<CLOSE>,<VOL>,<OPENINT>
GLQ.US,D,20050426,000000,5.39591,5.39591,5.39591,5.39591,0,0
GLQ.US,D,20050427,000000,5.39591,5.39832,5.39591,5.39832,83991.47385399534,0
GLQ.US,D,20050428,000000,5.39591,5.40163,5.39591,5.40163,118705.54748468022,0
GLQ.US,D,20050429,000000,5.40163,5.40163,5.39591,5.39591,41983.427368637254,0
GLQ.US,D,20050502,000000,5.4103,5.42272,5.39591,5.42272,52399.55184413535,0
GLQ.US,D,20050503,000000,5.42272,5.55811,5.39591,5.47589,82942.92329173266,0
GLQ.US,D,20050504,000000,5.50993,5.50993,5.42603,5.47589,68366.1680899895,0
GLQ.US,D,20050505,000000,5.47589,5.51699,5.4103,5.45086,84679.6900714905,0
GLQ.US,D,20050506,000000,5.47589,5.52906,5.45086,5.46328,62136.41250822007,0
GLQ.US,D,20050509,000000,5.51699,5.53166,5.45286,5.45286,78430.91062679881,0
GLQ.US,D,20050510,000000,5.43792,5.49189,5.43792,5.47589,79483.9373921024,0
GLQ.US,D,20050511,000000,5.47589,5.47589,5.4103,5.43792,85040.02441626007,0
GLQ.US,D,20050512,000000,5.46328,5.52906,5.4103,5.52906,81905.56323707322,0
GLQ.US,D,20050513,000000,5.51699,5.53166,5.45086,5.51699,32618.091556921263,0
GLQ.US,D,20050516,000000,5.49189,5.52906,5.46623,5.50467,40947.18636473549,0
GLQ.US,D,20050517,000000,5.50467,5.50467,5.46328,5.46328,24996.23682952346,0
GLQ.US,D,20050518,000000,5.47589,5.55811,5.47009,5.51699,106204.6314430238,0
GLQ.US,D,20050519,000000,5.51699,5.53166,5.4103,5.4801,89888.8713600003,0
GLQ.US,D,20050520,000000,5.46328,5.49189,5.44425,5.46328,71152.60448276976,0
GLQ.US,D,20050523,000000,5.46328,5.46328,5.4103,5.46,54483.22435953804,0
GLQ.US,D,20050524,000000,5.45086,5.49189,5.42272,5.47589,62822.39062419377,0
GLQ.US,D,20050525,000000,5.46328,5.52906,5.45086,5.50467,76349.47621291656,0
GLQ.US,D,20050526,000000,5.53166,5.54774,5.42905,5.43792,76349.47621291656,0
GLQ.US,D,20050527,000000,5.43792,5.47589,5.41407,5.41407,63161.46300452162,0
GLQ.US,D,20050531,000000,5.39591,5.41985,5.39591,5.39591,418549.6034137011,0
GLQ.US,D,20050601,000000,5.43478,5.43478,5.39591,5.42272,47209.39441854886,0
GLQ.US,D,20050602,000000,5.4103,5.42272,5.39591,5.42272,268275.63398512814,0
GLQ.US,D,20050603,000000,5.39591,5.41985,5.39591,5.40395,73918.89796186496,0
GLQ.US,D,20050606,000000,5.4103,5.4103,5.39591,5.40163,36097.22037023555,0
GLQ.US,D,20050607,000000,5.39591,5.42272,5.39591,5.42272,72879.29980568407,0
GLQ.US,D,20050608,000000,5.42272,5.42272,5.38672,5.38867,42342.642662645056,0
GLQ.US,D,20050609,000000,5.39591,5.40395,5.34722,5.39591,178733.66836078794,0
GLQ.US,D,20050610,000000,5.39832,5.42272,5.39591,5.42272,87807.43694611602,0
GLQ.US,D,20050613,000000,5.41985,5.44889,5.40163,5.4103,57261.827396996225,0
GLQ.US,D,20050614,000000,5.42905,5.46328,5.39591,5.42603,88840.32079773862,0
GLQ.US,D,20050615,000000,5.41407,5.43792,5.39591,5.4103,83637.85381378917,0
GLQ.US,D,20050616,000000,5.41407,5.41407,5.39591,5.39832,55185.988236915604,0
GLQ.US,D,20050617,000000,5.39591,5.39832,5.39179,5.39832,60737.59905803137,0
GLQ.US,D,20050620,000000,5.39591,5.43792,5.36553,5.42603,65252.968875245366,0
GLQ.US,D,20050621,000000,5.4103,5.43792,5.39404,5.4103,65252.968875245366,0
GLQ.US,D,20050622,000000,5.39591,5.46,5.39591,5.46,85724.88348147304,0
GLQ.US,D,20050623,000000,5.46,5.46328,5.39832,5.4103,61431.41052932511,0
GLQ.US,D,20050624,000000,5.4103,5.42272,5.39404,5.4103,73918.89796186496,0
GLQ.US,D,20050627,000000,5.42272,5.42272,5.39404,5.41985,85724.88348147304,0
GLQ.US,D,20050628,000000,5.41985,5.42272,5.39591,5.41985,75663.49809694388,0
GLQ.US,D,20050629,000000,5.41985,5.43792,5.39591,5.42272,68366.1680899895,0
GLQ.US,D,20050630,000000,5.43792,5.45086,5.37107,5.4103,105152.723728485,0
GLQ.US,D,20050701,000000,5.43792,5.50467,5.36553,5.45086,114532.60720007628,0
GLQ.US,D,20050705,000000,5.42905,5.53166,5.36553,5.46328,50671.73747046029,0
GLQ.US,D,20050706,000000,5.50467,5.50467,5.39591,5.46,94744.43260830185,0
GLQ.US,D,20050707,000000,5.46328,5.51521,5.39591,5.49189,62136.41250822007,0
GLQ.US,D,20050708,000000,5.50467,5.51254,5.45086,5.50467,67682.42807553623,0
GLQ.US,D,20050711,000000,5.50467,5.51521,5.47589,5.50467,33323.093535816224,0
GLQ.US,D,20050712,000000,5.50467,5.6127,5.49189,5.53166,69064.45576432413,0
GLQ.US,D,20050713,000000,5.43792,5.51699,5.43792,5.49189,52767.719544224936,0
GLQ.US,D,20050714,000000,5.50467,5.56695,5.46856,5.56695,76703.09625312478,0
GLQ.US,D,20050715,000000,5.53166,5.55811,5.50162,5.55811,46845.70292149812,0
GLQ.US,D,20050718,000000,5.55811,5.55811,5.45086,5.48358,60394.050474664655,0
GLQ.US,D,20050719,000000,5.50467,5.54336,5.4801,5.51699,56922.75501667142,0
GLQ.US,D,20050720,000000,5.53166,5.55534,5.43792,5.50467,79128.07925037475,0
GLQ.US,D,20050721,000000,5.50467,5.54336,5.43792,5.52906,87112.50642406255,0
GLQ.US,D,20050722,000000,5.53166,5.54336,5.44425,5.48911,80860.36982709069,0
GLQ.US,D,20050725,000000,5.47589,5.50162,5.39832,5.43792,80162.08215275708,0
GLQ.US,D,20050726,000000,5.44889,5.47589,5.37107,5.37107,142986.71087847234,0
GLQ.US,D,20050727,000000,5.39591,5.46328,5.37107,5.39591,181861.4152354114,0
GLQ.US,D,20050728,000000,5.34006,5.39179,5.32298,5.33085,221423.21675906968,0
GLQ.US,D,20050729,000000,5.30297,5.41985,5.30297,5.38331,96822.50986990599,0
GLQ.US,D,20050801,000000,5.39591,5.42272,5.37107,5.41985,157915.967069666,0
GLQ.US,D,20050802,000000,5.39591,5.46328,5.37107,5.43478,163450.79212938197,0
GLQ.US,D,20050803,000000,5.40395,5.47589,5.38331,5.45286,335606.6801219726,0
GLQ.US,D,20050804,000000,5.47589,5.58652,5.46328,5.51699,308184.3412444404,0
GLQ.US,D,20050805,000000,5.53166,5.55534,5.49189,5.49189,202325.4964863109,0
GLQ.US,D,20050808,000000,5.51699,5.53166,5.42272,5.42272,232187.36602097744,0
GLQ.US,D,20050809,000000,5.42603,5.52603,5.42272,5.52603,115571.08630548831,0
GLQ.US,D,20050810,000000,5.52603,5.58348,5.50467,5.51699,134655.3779691305,0
GLQ.US,D,20050811,000000,5.51699,5.58348,5.50467,5.55811,152014.0933606212,0
GLQ.US,D,20050812,000000,5.57964,5.73244,5.53166,5.57214,336299.37254252087,0
GLQ.US,D,20050815,000000,5.55811,5.65399,5.50824,5.6127,152356.5228932363,0
GLQ.US,D,20050816,000000,5.66044,5.66319,5.50467,5.58652,172490.48416988773,0
GLQ.US,D,20050817,000000,5.6127,5.6127,5.50824,5.57214,142287.30415339628,0
GLQ.US,D,20050818,000000,5.58652,5.63943,5.50467,5.57018,201985.30505522538,0
GLQ.US,D,20050819,000000,5.57214,5.57508,5.47589,5.57508,108275.99440004928,0
GLQ.US,D,20050822,000000,5.54336,5.58652,5.43792,5.54336,140889.60975395303,0
GLQ.US,D,20050823,000000,5.54336,5.57214,5.43792,5.54336,153397.24010016775,0
GLQ.US,D,20050824,000000,5.54336,5.62575,5.50824,5.55534,124248.20589972437,0
GLQ.US,D,20050825,000000,5.51699,5.54336,5.46856,5.50467,120774.67234019646,0
GLQ.US,D,20050826,000000,5.51699,5.53166,5.46328,5.4875,130843.89108004667,0
GLQ.US,D,20050829,000000,5.43792,5.55811,5.43792,5.48911,130492.50914137416,0
GLQ.US,D,20050830,000000,5.47589,5.54336,5.44425,5.47589,145770.9091697311,0
GLQ.US,D,20050831,000000,5.4103,5.47589,5.4103,5.45086,149925.94464216946,0
GLQ.US,D,20050901,000000,5.47589,5.65399,5.47589,5.65399,173180.93848890637,0
GLQ.US,D,20050902,000000,5.66784,5.73038,5.62575,5.68731,301246.22653151315,0
GLQ.US,D,20050906,000000,5.68731,5.74826,5.59886,5.6127,158612.01664248324,0
GLQ.US,D,20050907,000000,5.67685,5.72083,5.53166,5.71529,271752.52469693526,0
GLQ.US,D,20050908,000000,5.79848,5.79848,5.64192,5.68999,367186.2925734828,0
GLQ.US,D,20050909,000000,5.74826,5.99098,5.68999,5.90974,262026.8545404395,0
GLQ.US,D,20050912,000000,5.9252,5.94898,5.83031,5.937,183941.73059853495,0
GLQ.US,D,20050913,000000,5.937,5.937,5.83326,5.88579,243639.73150037424,0
GLQ.US,D,20050914,000000,5.89393,5.92787,5.76006,5.79848,283198.1758717534,0
GLQ.US,D,20050915,000000,5.79848,5.937,5.77866,5.937,206835.27104972125,0
GLQ.US,D,20050916,000000,5.90974,5.937,5.88579,5.937,184640.01827287162,0
GLQ.US,D,20050919,000000,5.937,5.99098,5.86997,5.90974,266873.4633826562,0
GLQ.US,D,20050920,000000,5.91975,5.98417,5.90555,5.94557,203719.83373345464,0
GLQ.US,D,20050921,000000,5.94898,5.99098,5.86997,5.87427,259253.84675678803,0
GLQ.US,D,20050922,000000,5.87427,5.9252,5.8009,5.83031,158253.9203992321,0
GLQ.US,D,20050923,000000,5.85406,5.9252,5.83326,5.88579,192962.39877611538,0
GLQ.US,D,20050926,000000,5.88579,5.90974,5.83326,5.86336,200251.89542774562,0
GLQ.US,D,20050927,000000,5.88579,6.07139,5.88579,5.99098,226630.15994607733,0
GLQ.US,D,20050928,000000,5.96381,6.18149,5.96381,6.09552,128066.4070933665,0
GLQ.US,D,20050929,000000,6.09552,6.32839,6.09552,6.25841,482070.2817122519,0
GLQ.US,D,20050930,000000,6.23305,6.31258,6.18149,6.23108,214142.67251351714,0
GLQ.US,D,20051003,000000,6.25841,6.26201,6.08658,6.23886,254392.69025467464,0
GLQ.US,D,20051004,000000,6.25841,6.25841,6.09552,6.11009,204763.90809268557,0
GLQ.US,D,20051005,000000,6.14073,6.17837,6.07139,6.13583,109323.42591156955,0
GLQ.US,D,20051006,000000,6.12743,6.12743,5.85406,6.05693,217607.25366695717,0
GLQ.US,D,20051007,000000,5.99098,6.10544,5.937,5.96077,135705.0475821702,0
GLQ.US,D,20051010,000000,5.90974,5.937,5.79848,5.8009,123548.79917461782,0
GLQ.US,D,20051011,000000,5.79848,6.07139,5.79848,6.06569,189146.43568399266,0
GLQ.US,D,20051012,000000,5.88579,5.97624,5.72083,5.74826,199553.60775341914,0
GLQ.US,D,20051013,000000,5.70875,5.70875,5.50467,5.70511,192962.39877611538,0
GLQ.US,D,20051014,000000,5.73038,5.82467,5.54336,5.82467,196433.69423410352,0
GLQ.US,D,20051017,000000,5.83986,5.9252,5.70875,5.90555,190184.91478942503,0
GLQ.US,D,20051018,000000,5.89393,5.95709,5.83986,5.84217,181173.19901791218,0
GLQ.US,D,20051019,000000,5.83986,5.83986,5.62575,5.79186,191564.70437669248,0
GLQ.US,D,20051020,000000,5.83709,5.83709,5.55811,5.55811,214839.84113710426,0
GLQ.US,D,20051021,000000,5.62575,5.63299,5.42905,5.53989,232187.36602097744,0
GLQ.US,D,20051024,000000,5.50824,5.66541,5.43291,5.53166,149925.94464216946,0
GLQ.US,D,20051025,000000,5.66784,5.74826,5.54336,5.72083,245365.30777253598,0
GLQ.US,D,20051026,000000,5.7882,5.85406,5.64727,5.72083,140550.53737362724,0
GLQ.US,D,20051027,000000,5.69304,6.01215,5.69304,5.77472,81554.18129838546,0
GLQ.US,D,20051028,000000,5.83031,5.88249,5.67685,5.77472,133951.49504100543,0
GLQ.US,D,20051031,000000,5.74826,5.96381,5.73629,5.79418,113488.53284085549,0
GLQ.US,D,20051101,000000,5.81475,5.90974,5.73244,5.76908,199221.24967765162,0
GLQ.US,D,20051102,000000,5.75265,5.85406,5.74488,5.85406,132225.91876884372,0
GLQ.US,D,20051103,000000,5.86997,6.01502,5.86676,5.937,96135.41270316951,0
GLQ.US,D,20051104,000000,5.937,5.937,5.8009,5.85701,77042.16863344958,0
GLQ.US,D,20051107,000000,5.81708,5.86336,5.66784,5.71127,165198.74941672783,0
GLQ.US,D,20051108,000000,5.71529,5.73244,5.67088,5.71127,61431.41052932511,0
GLQ.US,D,20051109,000000,5.72083,5.74826,5.67088,5.70875,95799.69747512386,0
GLQ.US,D,20051110,000000,5.74227,5.74227,5.6127,5.71824,154101.1230283132,0
GLQ.US,D,20051111,000000,5.71824,5.82046,5.67088,5.73244,98906.18238530867,0
GLQ.US,D,20051114,000000,5.73244,5.83986,5.60233,5.74826,98567.11000498183,0
GLQ.US,D,20051115,000000,5.72083,5.86997,5.65399,5.7388,101695.97593036298,0
GLQ.US,D,20051116,000000,5.76006,5.83986,5.72083,5.74826,84333.90338660334,0
GLQ.US,D,20051117,000000,5.72083,5.74488,5.65399,5.66044,85724.88348147304,0
GLQ.US,D,20051118,000000,5.66784,5.73244,5.66044,5.70154,95098.05264850905,0
GLQ.US,D,20051121,000000,5.83709,6.1646,5.7882,5.94227,465400.90158901,0
GLQ.US,D,20051122,000000,5.937,6.09552,5.90974,6.01027,156855.10694903936,0
GLQ.US,D,20051123,000000,6.05693,6.26201,6.01502,6.2074,341496.24427266046,0
GLQ.US,D,20051125,000000,6.23108,6.26201,6.16639,6.2074,58995.2370244729,0
GLQ.US,D,20051128,000000,6.27495,6.28692,6.01502,6.07139,258909.17912266366,0
GLQ.US,D,20051129,000000,6.14073,6.26201,6.01823,6.07139,319985.85056101065,0
GLQ.US,D,20051130,000000,6.04611,6.14985,5.9798,6.03055,256467.41036400982,0
GLQ.US,D,20051201,000000,6.04611,6.2074,6.04611,6.18149,137775.29148845634,0
GLQ.US,D,20051202,000000,6.2074,6.27495,6.15121,6.18149,149925.94464216946,0
GLQ.US,D,20051205,000000,6.14073,6.27495,6.04611,6.07139,247096.47929848608,0
GLQ.US,D,20051206,000000,6.05693,6.26835,6.01502,6.11009,270367.13985585904,0
GLQ.US,D,20051207,000000,6.12743,6.28692,6.12743,6.27495,169019.1887118894,0
GLQ.US,D,20051208,000000,6.23108,6.38326,6.22126,6.28692,212393.59617539123,0
GLQ.US,D,20051209,000000,6.30008,6.40676,6.18524,6.2074,168324.2581898522,0
GLQ.US,D,20051212,000000,6.2074,6.31258,6.19194,6.23591,211713.21331324053,0
GLQ.US,D,20051213,000000,6.26201,6.39426,6.23591,6.31258,178733.66836078794,0
GLQ.US,D,20051214,000000,6.34145,6.34145,6.23591,6.29069,211713.21331324053,0
GLQ.US,D,20051215,000000,6.26835,6.39426,6.26835,6.39426,156517.15361947325,0
GLQ.US,D,20051216,000000,6.38326,6.53009,6.36853,6.50239,154442.43351015844,0
GLQ.US,D,20051219,000000,6.53009,6.53554,6.36853,6.43625,226268.70655053688,0
GLQ.US,D,20051220,000000,6.40676,6.4778,6.35082,6.38326,165547.89325390125,0
GLQ.US,D,20051221,000000,6.38326,6.48593,6.37318,6.48593,126328.52126283775,0
GLQ.US,D,20051222,000000,6.4778,6.4778,6.36853,6.36853,195401.92943323962,0
GLQ.US,D,20051223,000000,6.36853,6.51963,6.36853,6.39658,150613.04180890898,0
GLQ.US,D,20051227,000000,6.41169,6.4778,6.36853,6.43625,162419.02732852823,0
GLQ.US,D,20051228,000000,6.44813,6.4778,6.36853,6.40427,107934.6839182142,0
GLQ.US,D,20051229,000000,6.37969,6.48593,6.36853,6.40676,130492.50914137416,0
GLQ.US,D,20051230,000000,6.43625,6.4778,6.38326,6.40676,57963.472223612036,0
GLQ.US,D,20060103,000000,6.42179,6.4636,6.37318,6.41436,160337.59291463482,0
GLQ.US,D,20060104,000000,6.4636,6.58505,6.46103,6.53009,134317.42463958476,0
GLQ.US,D,20060105,000000,6.48593,6.71534,6.48593,6.71534,157567.94228326247,0
GLQ.US,D,20060106,000000,6.78315,6.86653,6.74643,6.78655,281112.2652548414,0
GLQ.US,D,20060109,000000,6.78959,6.94722,6.68049,6.74643,240169.5550931458,0
GLQ.US,D,20060110,000000,6.74974,6.81988,6.66565,6.66565,262026.8545404395,0
GLQ.US,D,20060111,000000,6.53009,6.66565,6.53009,6.6393,173180.93848890637,0
GLQ.US,D,20060112,000000,6.59943,6.61464,6.52114,6.58272,271396.6665551933,0
GLQ.US,D,20060113,000000,6.60989,6.60989,6.52393,6.55662,213443.26578843093,0
GLQ.US,D,20060117,000000,6.58505,6.58505,6.48953,6.53554,167971.7572003793,0
GLQ.US,D,20060118,000000,6.53009,6.59943,6.43625,6.4778,202325.4964863109,0
GLQ.US,D,20060119,000000,6.48593,6.54922,6.44813,6.50239,125291.16120818544,0
GLQ.US,D,20060120,000000,6.56985,6.68308,6.55215,6.68308,150613.04180890898,0
GLQ.US,D,20060123,000000,6.71945,6.74643,6.52393,6.62312,174214.94139127954,0
GLQ.US,D,20060124,000000,6.6393,6.80005,6.54501,6.71945,187071.7155746677,0
GLQ.US,D,20060125,000000,6.78655,6.82569,6.60989,6.64554,171795.55364785052,0
GLQ.US,D,20060126,000000,6.58505,6.68049,6.34145,6.60989,501866.2896593474,0
GLQ.US,D,20060127,000000,6.60989,6.67628,6.55662,6.6393,137441.81436190876,0
GLQ.US,D,20060130,000000,6.65099,6.75778,6.53554,6.64207,199553.60775341914,0
GLQ.US,D,20060131,000000,6.65752,6.72739,6.59943,6.68049,145420.64628179796,0
GLQ.US,D,20060201,000000,6.69353,6.72221,6.60989,6.66565,136395.50190116852,0
GLQ.US,D,20060202,000000,6.68593,6.70756,6.51963,6.70398,156517.15361947325,0
GLQ.US,D,20060203,000000,6.70398,6.72739,6.65099,6.70971,103779.64844577586,0
GLQ.US,D,20060206,000000,6.68156,6.72221,6.62312,6.71945,138125.55437637927,0
GLQ.US,D,20060207,000000,6.68049,6.71945,6.60989,6.65099,127029.04703868368,0
GLQ.US,D,20060208,000000,6.61981,6.66565,6.55662,6.59943,156517.15361947325,0
GLQ.US,D,20060209,000000,6.66565,6.69353,6.54323,6.54323,158953.32712431834,0
GLQ.US,D,20060210,000000,6.54501,6.58505,6.42179,6.44813,121126.05427889948,0
GLQ.US,D,20060213,000000,6.50239,6.53009,6.45189,6.47175,137090.4324232464,0
GLQ.US,D,20060214,000000,6.47531,6.47531,6.30008,6.30008,201651.82792868794,0
GLQ.US,D,20060215,000000,6.34145,6.39426,6.31258,6.38326,99253.08812095555,0
GLQ.US,D,20060216,000000,6.35082,6.40676,6.31009,6.36853,200947.94500057306,0
GLQ.US,D,20060217,000000,6.40676,6.40676,6.26514,6.393,170053.1916142829,0
GLQ.US,D,20060221,000000,6.39426,6.42179,6.28692,6.29069,179419.6464767474,0
GLQ.US,D,20060222,000000,6.31258,6.35844,6.27495,6.31258,121474.07906531318,0
GLQ.US,D,20060223,000000,6.35082,6.38326,6.33296,6.35082,155833.41360502303,0
GLQ.US,D,20060224,000000,6.39426,6.39426,6.30008,6.38326,157218.79844607887,0
GLQ.US,D,20060227,000000,6.38757,6.4778,6.38757,6.393,137775.29148845634,0
GLQ.US,D,20060228,000000,6.42179,6.43144,6.33109,6.35082,240515.34177802992,0
GLQ.US,D,20060301,000000,6.40676,6.43625,6.35082,6.38757,136732.3361799749,0
GLQ.US,D,20060302,000000,6.35844,6.39426,6.28692,6.32581,88149.86647872301,0
GLQ.US,D,20060303,000000,6.32581,6.393,6.29596,6.36325,212741.6209618151,0
GLQ.US,D,20060306,000000,6.38326,6.60989,6.2226,6.2226,363713.8780647349,0
GLQ.US,D,20060307,000000,6.2226,6.28692,6.12913,6.28692,160337.59291463482,0
GLQ.US,D,20060308,000000,6.26201,6.33109,6.08301,6.1369,180474.9113435755,0
GLQ.US,D,20060309,000000,6.09552,6.09552,5.96381,6.01027,193311.5426132786,0
GLQ.US,D,20060310,000000,5.97624,6.06175,5.89393,5.99098,256136.171339002,0
GLQ.US,D,20060313,000000,5.937,6.03055,5.937,5.99098,163450.79212938197,0
GLQ.US,D,20060314,000000,5.99098,6.04003,5.94898,6.03055,198874.343942018,0
GLQ.US,D,20060315,000000,5.99098,6.2074,5.99098,6.2041,209273.68265609592,0
GLQ.US,D,20060316,000000,6.1369,6.30008,6.1369,6.27755,127717.2632561931,0
GLQ.US,D,20060317,000000,6.28471,6.34734,6.24948,6.27755,109652.42683505792,0
GLQ.US,D,20060320,000000,6.24948,6.24948,6.09552,6.14638,146463.60159025903,0
GLQ.US,D,20060321,000000,6.15121,6.15121,6.05693,6.12287,174214.94139127954,0
GLQ.US,D,20060322,000000,6.14414,6.1646,6.10749,6.13583,133951.49504100543,0
GLQ.US,D,20060323,000000,6.15121,6.2074,6.04611,6.11706,314436.4778414184,0
GLQ.US,D,20060324,000000,6.11009,6.12743,5.99669,6.04611,235988.78145321368,0
GLQ.US,D,20060327,000000,6.03055,6.04611,5.97624,6.00553,355040.1156227882,0
GLQ.US,D,20060328,000000,6.00553,6.09552,5.97624,6.03055,413689.565962378,0
GLQ.US,D,20060329,000000,6.03431,6.11321,6.03431,6.05978,583410.399500873,0
GLQ.US,D,20060330,000000,6.03431,6.06569,5.937,6.04611,489345.2307040059,0
GLQ.US,D,20060331,000000,6.04611,6.09187,6.00831,6.05978,165547.89325390125,0
GLQ.US,D,20060403,000000,6.06569,6.15121,6.06175,6.14414,120081.97991966853,0
GLQ.US,D,20060404,000000,6.14414,6.16085,6.07972,6.14073,186708.02407762816,0
GLQ.US,D,20060405,000000,6.14073,6.23108,6.14073,6.2226,294987.37562996673,0
GLQ.US,D,20060406,000000,6.1646,6.31009,6.1646,6.27755,236340.16339189635,0
GLQ.US,D,20060407,000000,6.26201,6.35082,6.24618,6.24618,297768.21676894644,0
GLQ.US,D,20060410,000000,6.19194,6.28692,6.15121,6.20044,307495.00597619166,0
GLQ.US,D,20060411,000000,6.12743,6.1646,6.07703,6.09187,237033.9748631942,0
GLQ.US,D,20060412,000000,6.05157,6.09382,6.03431,6.08793,316860.3417879066,0
GLQ.US,D,20060413,000000,6.08793,6.1646,6.05693,6.1646,136041.88186095626,0
GLQ.US,D,20060417,000000,6.13583,6.13583,6.07139,6.09552,169707.40492938863,0
GLQ.US,D,20060418,000000,6.08658,6.15495,6.08658,6.13253,303671.2095287611,0
GLQ.US,D,20060419,000000,6.14073,6.26835,6.12743,6.25841,300213.3426798895,0
GLQ.US,D,20060420,000000,6.29596,6.41874,6.29069,6.39426,280779.9071790637,0
GLQ.US,D,20060421,000000,6.40676,6.47986,6.40676,6.45548,284237.7740279353,0
GLQ.US,D,20060424,000000,6.45548,6.6393,6.45548,6.51963,207896.13117033776,0
GLQ.US,D,20060425,000000,6.42179,6.56101,6.42179,6.56101,513300.75032657856,0
GLQ.US,D,20060426,000000,6.53357,6.59943,6.50239,6.50239,147511.03310176914,0
GLQ.US,D,20060427,000000,6.45548,6.48593,6.37318,6.44305,176637.68628700805,0
GLQ.US,D,20060428,000000,6.393,6.39658,6.27495,6.31732,307495.00597619166,0
GLQ.US,D,20060501,000000,6.35082,6.47531,6.34466,6.47531,173522.24897075162,0
GLQ.US,D,20060502,000000,6.4921,6.60641,6.43625,6.60641,168324.2581898522,0
GLQ.US,D,20060503,000000,6.59943,6.71945,6.59943,6.68049,182201.60666649693,0
GLQ.US,D,20060504,000000,6.68049,6.77333,6.68049,6.69353,144379.92907485634,0
GLQ.US,D,20060505,000000,6.70202,6.77744,6.70202,6.73927,140889.60975395303,0
GLQ.US,D,20060508,000000,6.77333,6.86653,6.77333,6.81578,75317.71141205673,0
GLQ.US,D,20060509,000000,6.83936,6.90506,6.77333,6.87074,147511.03310176914,0
GLQ.US,D,20060510,000000,6.89379,6.94722,6.87851,6.92131,152356.5228932363,0
GLQ.US,D,20060511,000000,6.93634,6.93634,6.82569,6.88298,142634.20988901975,0
GLQ.US,D,20060512,000000,6.85358,6.85358,6.77333,6.77333,83991.47385399534,0
GLQ.US,D,20060515,000000,6.73419,6.73419,6.58505,6.6393,103428.266507083,0
GLQ.US,D,20060516,000000,6.65099,6.66368,6.58272,6.59943,101345.713042439,0
GLQ.US,D,20060517,000000,6.58505,6.60487,6.36853,6.39426,155475.3173617719,0
GLQ.US,D,20060518,000000,6.41169,6.47531,6.39426,6.46103,62468.77058398658,0
GLQ.US,D,20060519,000000,6.43625,6.4636,6.38326,6.41624,47545.10964659349,0
GLQ.US,D,20060522,000000,6.41624,6.41624,6.18149,6.22126,144725.71575975063,0
GLQ.US,D,20060523,000000,6.23886,6.26201,6.19194,6.21687,137090.4324232464,0
GLQ.US,D,20060524,000000,6.20044,6.22126,6.14073,6.14073,112785.76896347996,0
GLQ.US,D,20060525,000000,6.14073,6.21687,6.12743,6.21687,170409.04975600445,0
GLQ.US,D,20060526,000000,6.22546,6.25674,6.18149,6.19891,88149.86647872301,0
GLQ.US,D,20060530,000000,6.19508,6.24217,6.19194,6.23108,119392.64465140959,0
GLQ.US,D,20060531,000000,6.21402,6.23108,6.2074,6.22787,35405.64700046022,0
GLQ.US,D,20060601,000000,6.21687,6.28264,6.21687,6.27495,70456.55490995455,0
GLQ.US,D,20060602,000000,6.34145,6.43625,6.32839,6.42429,56922.75501667142,0
GLQ.US,D,20060605,000000,6.40676,6.40676,6.26201,6.30008,64555.80025166943,0
GLQ.US,D,20060606,000000,6.24618,6.25841,6.04611,6.10749,200251.89542774562,0
GLQ.US,D,20060607,000000,6.07139,6.10186,6.01215,6.04397,150272.85037782343,0
GLQ.US,D,20060608,000000,6.00831,6.09552,6.00553,6.09382,71836.34449722199,0
GLQ.US,D,20060609,000000,6.09552,6.14073,6.05693,6.11706,107590.01628409998,0
GLQ.US,D,20060612,000000,6.07139,6.11009,5.97624,5.98792,130843.89108004667,0
GLQ.US,D,20060613,000000,5.96623,5.97103,5.71127,5.7555,340123.1689899513,0
GLQ.US,D,20060614,000000,5.72083,5.9252,5.72083,5.89643,133275.5883818834,0
GLQ.US,D,20060615,000000,5.89795,6.11009,5.87668,6.11009,103428.266507083,0
GLQ.US,D,20060616,000000,6.11009,6.11009,5.94379,6.00831,94744.43260830185,0
GLQ.US,D,20060619,000000,5.99669,6.04611,5.97624,6.00553,31593.04106062276,0
GLQ.US,D,20060620,000000,5.99098,6.13583,5.95157,5.98792,113488.53284085549,0
GLQ.US,D,20060621,000000,5.97624,6.07139,5.96381,6.03055,73225.08649057224,0
GLQ.US,D,20060622,000000,6.03055,6.03055,5.88579,5.91654,104124.31607989006,0
GLQ.US,D,20060623,000000,5.9252,6.04003,5.9252,6.01502,76001.45142650897,0
GLQ.US,D,20060626,000000,6.00553,6.04611,5.95157,6.04611,70456.55490995455,0
GLQ.US,D,20060627,000000,6.04611,6.04611,5.94227,5.94557,77042.16863344958,0
GLQ.US,D,20060628,000000,5.97624,6.08658,5.94898,6.08658,79826.36692471041,0
GLQ.US,D,20060629,000000,6.08658,6.30008,6.05693,6.30008,118705.54748468022,0
GLQ.US,D,20060630,000000,6.26201,6.28086,6.21687,6.21687,76001.45142650897,0
GLQ.US,D,20060703,000000,6.23108,6.31258,6.22126,6.31258,14227.611364577879,0
GLQ.US,D,20060705,000000,6.31258,6.32839,6.22126,6.25351,63513.963993968086,0
GLQ.US,D,20060706,000000,6.2074,6.34145,6.2074,6.27495,82592.66040380766,0
GLQ.US,D,20060707,000000,6.30008,6.30008,6.1646,6.18524,45811.70001911784,0
GLQ.US,D,20060710,000000,6.18149,6.18344,6.14073,6.15672,56232.30069765683,0
GLQ.US,D,20060711,000000,6.18149,6.18149,6.09187,6.14985,68716.43097791653,0
GLQ.US,D,20060712,000000,6.04397,6.06764,5.89643,5.97624,167624.85146474565,0
GLQ.US,D,20060713,000000,5.97624,5.99098,5.9252,5.96381,59689.04849576766,0
GLQ.US,D,20060714,000000,5.86997,5.94898,5.86997,5.92787,102040.64356449754,0
GLQ.US,D,20060717,000000,5.89393,5.937,5.79848,5.80545,132225.91876884372,0
GLQ.US,D,20060718,000000,5.78329,5.83709,5.70875,5.77472,81219.5851210985,0
GLQ.US,D,20060719,000000,5.77472,5.87961,5.76525,5.87961,78784.53066700906,0
GLQ.US,D,20060720,000000,5.83986,5.89393,5.77266,5.79848,94056.21639080772,0
GLQ.US,D,20060721,000000,5.76006,5.79186,5.70154,5.71824,72185.48833439033,0
GLQ.US,D,20060724,000000,5.71824,5.79186,5.71824,5.79186,117651.40166861186,0
GLQ.US,D,20060725,000000,5.72083,5.82467,5.72083,5.82467,99952.49484605092,0
GLQ.US,D,20060726,000000,5.79848,5.89795,5.79848,5.86997,103779.64844577586,0
GLQ.US,D,20060727,000000,5.88579,5.89052,5.80752,5.82467,81554.18129838546,0
GLQ.US,D,20060728,000000,5.83986,5.86997,5.81475,5.84217,66295.92418370846,0
GLQ.US,D,20060731,000000,5.8479,5.8605,5.80545,5.81475,60035.954231415555,0
GLQ.US,D,20060801,000000,5.81475,5.83031,5.72083,5.77472,194345.54551566197,0
GLQ.US,D,20060802,000000,5.74826,5.86336,5.74826,5.79759,123901.30016408056,0
GLQ.US,D,20060803,000000,5.78579,5.86997,5.7555,5.85406,92313.85435725027,0
GLQ.US,D,20060804,000000,5.88579,5.93415,5.86336,5.86336,55185.988236915604,0
GLQ.US,D,20060807,000000,5.83031,5.87427,5.79848,5.83326,60394.050474664655,0
GLQ.US,D,20060808,000000,5.83031,5.83986,5.79418,5.83326,146117.81490537492,0
GLQ.US,D,20060809,000000,5.86336,5.86997,5.77472,5.77472,99253.08812095555,0
GLQ.US,D,20060810,000000,5.77472,5.78329,5.71127,5.74826,97171.65370707227,0
GLQ.US,D,20060811,000000,5.74488,5.78276,5.74488,5.76006,61778.31626497198,0
GLQ.US,D,20060814,000000,5.78276,5.79848,5.7388,5.74826,94056.21639080772,0
GLQ.US,D,20060815,000000,5.75265,5.7555,5.66784,5.69304,124598.46878764733,0
GLQ.US,D,20060816,000000,5.73244,5.76908,5.72734,5.74227,96135.41270316951,0
GLQ.US,D,20060817,000000,5.73244,5.77472,5.73244,5.76525,63161.46300452162,0
GLQ.US,D,20060818,000000,5.76525,5.79848,5.74826,5.79848,86425.40925732812,0
GLQ.US,D,20060821,000000,5.78329,5.79848,5.76525,5.79848,82258.0642265207,0
GLQ.US,D,20060822,000000,5.81708,5.85406,5.7882,5.80752,68366.1680899895,0
GLQ.US,D,20060823,000000,5.7882,5.79848,5.75138,5.77866,106556.01338170646,0
GLQ.US,D,20060824,000000,5.79848,5.79848,5.73244,5.78579,64555.80025166943,0
GLQ.US,D,20060825,000000,5.79418,5.79848,5.75138,5.7882,97171.65370707227,0
GLQ.US,D,20060828,000000,5.77266,5.79848,5.7388,5.74826,98906.18238530867,0
GLQ.US,D,20060829,000000,5.72342,5.79418,5.70511,5.78276,85724.88348147304,0
GLQ.US,D,20060830,000000,5.78329,5.79759,5.71529,5.73244,103779.64844577586,0
GLQ.US,D,20060831,000000,5.74826,5.79848,5.73629,5.79759,64555.80025166943,0
GLQ.US,D,20060901,000000,5.79848,5.82467,5.76203,5.81056,115926.94444722003,0
GLQ.US,D,20060905,000000,5.79848,5.80545,5.74826,5.79759,107590.01628409998,0
GLQ.US,D,20060906,000000,5.79759,5.83986,5.76525,5.76908,136732.3361799749,0
GLQ.US,D,20060907,000000,5.78579,5.79848,5.73629,5.75265,88501.24841741179,0
GLQ.US,D,20060908,000000,5.7555,5.79418,5.75138,5.77866,37472.53375446211,0
GLQ.US,D,20060911,000000,5.7555,5.7555,5.68429,5.71529,95453.91079023771,0
GLQ.US,D,20060912,000000,5.70154,5.7555,5.69304,5.72342,99952.49484605092,0
GLQ.US,D,20060913,000000,5.70154,5.71824,5.61779,5.65399,168675.6401285247,0
GLQ.US,D,20060914,000000,5.62942,5.66541,5.52603,5.57214,158953.32712431834,0
GLQ.US,D,20060915,000000,5.57018,5.62942,5.52603,5.59322,156171.3669345993,0
GLQ.US,D,20060918,000000,5.54336,5.61101,5.50162,5.55534,179419.6464767474,0
GLQ.US,D,20060919,000000,5.54774,5.55032,5.47589,5.50467,140550.53737362724,0
GLQ.US,D,20060920,000000,5.52004,5.54336,5.4801,5.53989,88149.86647872301,0
GLQ.US,D,20060921,000000,5.53451,5.58652,5.50993,5.56695,95799.69747512386,0
GLQ.US,D,20060922,000000,5.58348,5.58652,5.43478,5.49189,163450.79212938197,0
GLQ.US,D,20060925,000000,5.4985,5.4985,5.41825,5.43478,169019.1887118894,0
GLQ.US,D,20060926,000000,5.40163,5.42603,5.34006,5.42272,393919.29618276615,0
GLQ.US,D,20060927,000000,5.42272,5.47303,5.41407,5.41985,186363.3564434834,0
GLQ.US,D,20060928,000000,5.45086,5.4564,5.39832,5.41407,196433.69423410352,0
GLQ.US,D,20060929,000000,5.41407,5.47303,5.34006,5.46623,198514.00959724738,0
GLQ.US,D,20061002,000000,5.46328,5.57018,5.46328,5.56695,74614.94753468016,0
GLQ.US,D,20061003,000000,5.53638,5.57214,5.47589,5.50467,219681.97377627197,0
GLQ.US,D,20061004,000000,5.47589,5.52906,5.42603,5.46,158612.01664248324,0
GLQ.US,D,20061005,000000,5.47589,5.57714,5.45086,5.53451,177353.8787735205,0
GLQ.US,D,20061006,000000,5.49403,5.5893,5.4801,5.57018,133612.42266066946,0
GLQ.US,D,20061009,000000,5.54774,5.61977,5.51521,5.56695,154442.43351015844,0
GLQ.US,D,20061010,000000,5.53166,5.62942,5.53166,5.6127,144028.54713618383,0
GLQ.US,D,20061011,000000,5.51699,5.55346,5.46328,5.53989,110010.52307828872,0
GLQ.US,D,20061012,000000,5.54336,5.55032,5.50467,5.53989,131197.51112026913,0
GLQ.US,D,20061013,000000,5.53638,5.57214,5.48911,5.50993,131197.51112026913,0
GLQ.US,D,20061016,000000,5.50162,5.55346,5.43792,5.47009,181523.46190584532,0
GLQ.US,D,20061017,000000,5.49403,5.50993,5.40163,5.41825,195401.92943323962,0
GLQ.US,D,20061018,000000,5.4564,5.46,5.37285,5.39832,341496.24427266046,0
GLQ.US,D,20061019,000000,5.4103,5.43792,5.38867,5.42272,259595.1572386231,0
GLQ.US,D,20061020,000000,5.43792,5.46328,5.41407,5.44658,245365.30777253598,0
GLQ.US,D,20061023,000000,5.38672,5.50162,5.38672,5.47589,322413.0716597882,0
GLQ.US,D,20061024,000000,5.49189,5.51521,5.45086,5.47303,278685.0441560639,0
GLQ.US,D,20061025,000000,5.4564,5.53166,5.44425,5.49403,227322.85236660525,0
GLQ.US,D,20061026,000000,5.52324,5.52324,5.43792,5.4985,157915.967069666,0
GLQ.US,D,20061027,000000,5.49189,5.50467,5.45086,5.47009,164169.2227174037,0
GLQ.US,D,20061030,000000,5.46623,5.48911,5.44658,5.46856,251618.5634202533,0
GLQ.US,D,20061031,000000,5.45086,5.50824,5.44103,5.50162,114532.60720007628,0
GLQ.US,D,20061101,000000,5.50824,5.57964,5.4564,5.50162,367538.7935629252,0
GLQ.US,D,20061102,000000,5.50162,5.53166,5.46623,5.52004,57261.827396996225,0
GLQ.US,D,20061103,000000,5.53166,5.55811,5.50162,5.53451,149567.84839892847,0
GLQ.US,D,20061106,000000,5.54336,5.66541,5.54336,5.64192,264104.93180203345,0
GLQ.US,D,20061107,000000,5.66319,5.80545,5.62575,5.77472,291523.9135272966,0
GLQ.US,D,20061108,000000,5.77472,5.9302,5.76203,5.9302,231151.1250170645,0
GLQ.US,D,20061109,000000,5.86336,5.95308,5.83031,5.86997,329356.78162653436,0
GLQ.US,D,20061110,000000,5.88249,5.88704,5.71529,5.76006,247096.47929848608,0
GLQ.US,D,20061113,000000,5.70875,5.74227,5.66319,5.66784,143686.11760355852,0
GLQ.US,D,20061114,000000,5.69304,5.71529,5.62575,5.68429,74614.94753468016,0
GLQ.US,D,20061115,000000,5.68025,5.70875,5.62942,5.65399,142287.30415339628,0
GLQ.US,D,20061116,000000,5.67685,5.69688,5.53638,5.58348,273829.48290776944,0
GLQ.US,D,20061117,000000,5.57214,5.63943,5.50467,5.63943,158253.9203992321,0
GLQ.US,D,20061120,000000,5.65067,5.66319,5.60887,5.66319,200947.94500057306,0
GLQ.US,D,20061121,000000,5.66541,5.81475,5.65399,5.81056,206835.27104972125,0
GLQ.US,D,20061122,000000,5.81056,5.88579,5.80545,5.86676,301597.60847018566,0
GLQ.US,D,20061124,000000,5.83986,5.86676,5.83567,5.84557,34359.334539719,0
GLQ.US,D,20061127,000000,5.83031,5.87668,5.74826,5.82656,388003.9938645844,0
GLQ.US,D,20061128,000000,5.7882,5.90974,5.7882,5.90974,312685.163401773,0
GLQ.US,D,20061129,000000,5.90974,5.9252,5.83986,5.88249,186009.7364032915,0
GLQ.US,D,20061130,000000,5.91975,5.937,5.86336,5.93415,243639.73150037424,0
GLQ.US,D,20061201,000000,5.9302,5.97624,5.88249,5.88249,126328.52126283775,0
GLQ.US,D,20061204,000000,5.88579,5.96077,5.88579,5.94898,146117.81490537492,0
GLQ.US,D,20061205,000000,5.96381,6.01502,5.94227,5.99669,113488.53284085549,0
GLQ.US,D,20061206,000000,6.00098,6.03055,5.95308,5.9857,117651.40166861186,0
GLQ.US,D,20061207,000000,5.97624,6.00098,5.937,5.937,151321.4009400729,0
GLQ.US,D,20061208,000000,5.94898,5.98792,5.94898,5.96077,146117.81490537492,0
GLQ.US,D,20061211,000000,5.937,5.96381,5.93415,5.94379,101345.713042439,0
GLQ.US,D,20061212,000000,5.90974,5.96381,5.90974,5.95308,187761.05084293682,0
GLQ.US,D,20061213,000000,5.98417,6.03055,5.94898,5.99098,170409.04975600445,0
GLQ.US,D,20061214,000000,5.98417,6.03708,5.96381,5.97103,139519.89162353319,0
GLQ.US,D,20061215,000000,5.97103,6.04003,5.97103,6.01502,204408.04995096405,0
GLQ.US,D,20061218,000000,6.01502,6.03708,5.97103,5.97103,210666.90085249013,0
GLQ.US,D,20061219,000000,5.96381,6.03708,5.95157,6.03055,123548.79917461782,0
GLQ.US,D,20061220,000000,6.03708,6.07139,6.00553,6.03055,195401.92943323962,0
GLQ.US,D,20061221,000000,6.00553,6.07139,5.95709,5.97372,106556.01338170646,0
GLQ.US,D,20061222,000000,6.01027,6.01027,5.91368,5.92305,163107.24354599696,0
GLQ.US,D,20061226,000000,5.92305,5.9302,5.89795,5.92787,65252.968875245366,0
GLQ.US,D,20061227,000000,5.93415,5.97372,5.90224,5.94557,208589.94264163557,0
GLQ.US,D,20061228,000000,5.94557,5.94557,5.87427,5.89643,207539.1539778565,0
GLQ.US,D,20061229,000000,5.89643,5.90555,5.85014,5.87427,185674.02117523464,0
GLQ.US,D,20070103,000000,5.89052,5.90974,5.85701,5.86676,264460.78994376515,0
GLQ.US,D,20070104,000000,5.84217,5.89052,5.84217,5.88579,224546.48743065432,0
GLQ.US,D,20070105,000000,5.8479,5.87427,5.79848,5.83031,120422.17135076424,0
GLQ.US,D,20070108,000000,5.87961,5.90224,5.83567,5.89643,98214.60901553437,0
GLQ.US,D,20070109,000000,5.90974,5.92305,5.8479,5.87961,150613.04180890898,0
GLQ.US,D,20070110,000000,5.82467,5.90224,5.82467,5.88704,166238.34757290976,0
GLQ.US,D,20070111,000000,5.85406,5.92305,5.85406,5.90974,202325.4964863109,0
GLQ.US,D,20070112,000000,5.90224,5.94898,5.89393,5.94557,147148.4606554791,0
GLQ.US,D,20070116,000000,5.87961,5.93415,5.87961,5.89052,163811.12647414237,0
GLQ.US,D,20070117,000000,5.87961,5.90555,5.79418,5.85014,131887.96543926746,0
GLQ.US,D,20070118,000000,5.83567,5.87961,5.80752,5.83031,73570.8731754594,0
GLQ.US,D,20070119,000000,5.8479,5.88704,5.81475,5.83567,127717.2632561931,0
GLQ.US,D,20070122,000000,5.83567,5.8479,5.76525,5.78579,170053.1916142829,0
GLQ.US,D,20070123,000000,5.77266,5.83031,5.77266,5.82046,132576.18165676668,0
GLQ.US,D,20070124,000000,5.78329,5.82656,5.75138,5.79759,291866.34305991174,0
GLQ.US,D,20070125,000000,5.79418,5.82467,5.77266,5.79186,203719.83373345464,0
GLQ.US,D,20070126,000000,5.82046,5.83709,5.79418,5.83709,145770.9091697311,0
GLQ.US,D,20070129,000000,5.83567,5.84557,5.75138,5.76908,175605.92148613397,0
GLQ.US,D,20070130,000000,5.76908,5.81056,5.71127,5.74488,240515.34177802992,0
GLQ.US,D,20070131,000000,5.72629,5.77866,5.6573,5.74826,183941.73059853495,0
GLQ.US,D,20070201,000000,5.74826,5.78276,5.72629,5.75138,192625.56449731917,0
GLQ.US,D,20070202,000000,5.70154,5.74488,5.70037,5.73629,180119.05320185397,0
GLQ.US,D,20070205,000000,5.72734,5.75138,5.71824,5.72342,156517.15361947325,0
GLQ.US,D,20070206,000000,5.74488,5.75138,5.70154,5.73244,178733.66836078794,0
GLQ.US,D,20070207,000000,5.75138,5.75138,5.71127,5.72734,354354.1375068084,0
GLQ.US,D,20070208,000000,5.73244,5.75265,5.71824,5.7388,478601.22435577307,0
GLQ.US,D,20070209,000000,5.73244,5.76525,5.68025,5.71127,327628.9672528532,0
GLQ.US,D,20070212,000000,5.72629,5.72734,5.66784,5.69688,296034.80714146665,0
GLQ.US,D,20070213,000000,5.74826,5.74826,5.67453,5.69304,225238.0608004225,0
GLQ.US,D,20070214,000000,5.71127,5.7388,5.68999,5.72629,340805.7899536418,0
GLQ.US,D,20070215,000000,5.72629,5.75265,5.72629,5.74227,416468.16899983824,0
GLQ.US,D,20070216,000000,5.75138,5.77472,5.71529,5.77472,290141.8858385097,0
GLQ.US,D,20070220,000000,5.7555,5.78276,5.74826,5.77866,265839.4604802831,0
GLQ.US,D,20070221,000000,5.77866,5.80545,5.7388,5.80545,220729.40528778205,0
GLQ.US,D,20070222,000000,5.78276,5.82467,5.76203,5.81475,225938.58657627864,0
GLQ.US,D,20070223,000000,5.81475,5.87427,5.81475,5.86676,129452.91098518207,0
GLQ.US,D,20070226,000000,5.8605,5.91368,5.84557,5.85014,258317.20127053038,0
GLQ.US,D,20070227,000000,5.79418,5.79759,5.6455,5.67088,374469.0749205548,0
GLQ.US,D,20070228,000000,5.66319,5.72734,5.66044,5.70875,240870.08086899173,0
GLQ.US,D,20070301,000000,5.68731,5.68731,5.55032,5.66784,206505.15107548333,0
GLQ.US,D,20070302,000000,5.69304,5.69304,5.55811,5.60233,206835.27104972125,0
GLQ.US,D,20070305,000000,5.58652,5.58652,5.50467,5.53451,272434.02660986595,0
GLQ.US,D,20070306,000000,5.47589,5.6363,5.47589,5.62352,226630.15994607733,0
GLQ.US,D,20070307,000000,5.62352,5.62352,5.50824,5.55811,270007.9245618481,0
GLQ.US,D,20070308,000000,5.56321,5.60887,5.54336,5.56695,175955.06532331757,0
GLQ.US,D,20070309,000000,5.56695,5.59564,5.53451,5.57714,121126.05427889948,0
GLQ.US,D,20070312,000000,5.50993,5.59564,5.50993,5.57714,160700.16536091463,0
GLQ.US,D,20070313,000000,5.53166,5.5615,5.4875,5.49403,155137.36403220578,0
GLQ.US,D,20070314,000000,5.51699,5.53638,5.44889,5.51521,172831.79465172277,0
GLQ.US,D,20070315,000000,5.47303,5.57018,5.47303,5.51521,144725.71575975063,0
GLQ.US,D,20070316,000000,5.53166,5.54336,5.46328,5.51254,172831.79465172277,0
GLQ.US,D,20070319,000000,5.52004,5.55534,5.49189,5.53451,256467.41036400982,0
GLQ.US,D,20070320,000000,5.53451,5.56695,5.51699,5.54336,260644.82685164246,0
GLQ.US,D,20070321,000000,5.56695,5.61977,5.53451,5.61779,208924.53881892253,0
GLQ.US,D,20070322,000000,5.62352,5.62575,5.54774,5.60582,463319.46717513696,0
GLQ.US,D,20070323,000000,5.59886,5.65399,5.59564,5.64192,280779.9071790637,0
GLQ.US,D,20070326,000000,5.64192,5.65067,5.57508,5.65067,162419.02732852823,0
GLQ.US,D,20070327,000000,5.64192,5.64192,5.5615,5.60887,366136.6229604533,0
GLQ.US,D,20070328,000000,5.60582,5.60582,5.52906,5.56321,221074.0729219166,0
GLQ.US,D,20070329,000000,5.59564,5.59886,5.53451,5.57508,194696.92745434464,0
GLQ.US,D,20070330,000000,5.5893,5.59564,5.54336,5.57964,114876.15578344095,0
GLQ.US,D,20070402,000000,5.60233,5.60233,5.54336,5.57714,210312.1617615283,0
GLQ.US,D,20070403,000000,5.5615,5.62352,5.5615,5.61101,147148.4606554791,0
GLQ.US,D,20070404,000000,5.60233,5.62942,5.59564,5.62942,173522.24897075162,0
GLQ.US,D,20070405,000000,5.63943,5.70154,5.61779,5.69304,416468.16899983824,0
GLQ.US,D,20070409,000000,5.70875,5.70875,5.68025,5.69304,169376.16590437063,0
GLQ.US,D,20070410,000000,5.69304,5.70037,5.68025,5.70037,112097.55274598073,0
GLQ.US,D,20070411,000000,5.68025,5.68429,5.54336,5.57964,452569.86557311565,0
GLQ.US,D,20070412,000000,5.58652,5.64192,5.53166,5.64192,245365.30777253598,0
GLQ.US,D,20070413,000000,5.60887,5.64727,5.59322,5.63299,260644.82685164246,0
GLQ.US,D,20070416,000000,5.63943,5.67088,5.63943,5.67088,307495.00597619166,0
GLQ.US,D,20070417,000000,5.64192,5.67453,5.6153,5.66319,526831.1930675897,0
GLQ.US,D,20070418,000000,5.6455,5.66541,5.60582,5.66319,312685.163401773,0
GLQ.US,D,20070419,000000,5.61779,5.64192,5.56695,5.64192,302974.040905174,0
GLQ.US,D,20070420,000000,5.66044,5.66319,5.60582,5.63943,487259.32008707366,0
GLQ.US,D,20070423,000000,5.62942,5.64727,5.58348,5.61779,305758.23919644294,0
GLQ.US,D,20070424,000000,5.61779,5.62352,5.58348,5.59886,640319.7259084248,0
GLQ.US,D,20070425,000000,5.59564,5.67453,5.59564,5.67276,424450.3580720066,0
GLQ.US,D,20070426,000000,5.67685,5.68731,5.64192,5.67453,248846.67468736152,0
GLQ.US,D,20070427,000000,5.67453,5.67453,5.6363,5.66044,230104.81255633445,0
GLQ.US,D,20070430,000000,5.66044,5.66541,5.6127,5.62942,120422.17135076424,0
GLQ.US,D,20070501,000000,5.64192,5.66044,5.6127,5.6455,282502.1262989463,0
GLQ.US,D,20070502,000000,5.66319,5.68025,5.64192,5.67088,461231.3184566852,0
GLQ.US,D,20070503,000000,5.68025,5.68731,5.66541,5.67453,211362.95042530738,0
GLQ.US,D,20070504,000000,5.67453,5.70875,5.67453,5.70154,338378.56885487447,0
GLQ.US,D,20070507,000000,5.71529,5.73629,5.71127,5.72734,310273.60901365185,0
GLQ.US,D,20070508,000000,5.72083,5.72083,5.67453,5.71824,257869.58096647155,0
GLQ.US,D,20070509,000000,5.68999,5.73038,5.68429,5.72734,307495.00597619166,0
GLQ.US,D,20070510,000000,5.72734,5.72734,5.63943,5.66541,303329.8990468854,0
GLQ.US,D,20070511,000000,5.66784,5.70154,5.65067,5.69304,269314.11309055035,0
GLQ.US,D,20070514,000000,5.70875,5.71127,5.65399,5.67685,167284.66003366013,0
GLQ.US,D,20070515,000000,5.68429,5.72734,5.6573,5.67453,214839.84113710426,0
GLQ.US,D,20070516,000000,5.67453,5.69304,5.6455,5.68429,197821.31717670933,0
GLQ.US,D,20070517,000000,5.70154,5.70154,5.66044,5.69304,154442.43351015844,0
GLQ.US,D,20070518,000000,5.72342,5.73038,5.68999,5.72734,205107.45667606042,0
GLQ.US,D,20070521,000000,5.73038,5.7388,5.70154,5.72342,166238.34757290976,0
GLQ.US,D,20070522,000000,5.72629,5.7388,5.70154,5.73038,191921.68156916357,0
GLQ.US,D,20070523,000000,5.74227,5.75265,5.70511,5.72342,196094.62185378786,0
GLQ.US,D,20070524,000000,5.71529,5.73629,5.57508,5.64192,457066.2115273891,0
GLQ.US,D,20070525,000000,5.61977,5.67088,5.61101,5.6573,311309.8500175546,0
GLQ.US,D,20070529,000000,5.66784,5.69688,5.64192,5.67453,136395.50190116852,0
GLQ.US,D,20070530,000000,5.64192,5.71127,5.64192,5.71127,297435.85869316873,0
GLQ.US,D,20070531,000000,5.71824,5.74488,5.69688,5.71529,326582.6547921231,0
GLQ.US,D,20070601,000000,5.73038,5.74488,5.71529,5.7388,193662.9245519613,0
GLQ.US,D,20070604,000000,5.73629,5.76525,5.72629,5.76525,166935.51619649687,0
GLQ.US,D,20070605,000000,5.7555,5.77266,5.71127,5.75138,178392.35787892237,0
GLQ.US,D,20070606,000000,5.74227,5.74227,5.68731,5.72629,138125.55437637927,0
GLQ.US,D,20070607,000000,5.70037,5.70875,5.6127,5.64192,280078.2623524581,0
GLQ.US,D,20070608,000000,5.62575,5.65399,5.60233,5.65399,246068.07164990134,0
GLQ.US,D,20070611,000000,5.62942,5.66784,5.61101,5.6455,236692.66438134894,0
GLQ.US,D,20070612,000000,5.6153,5.61977,5.55811,5.59564,234604.5156628972,0
GLQ.US,D,20070613,000000,5.60582,5.64192,5.57508,5.64192,168675.6401285247,0
GLQ.US,D,20070614,000000,5.64192,5.66784,5.58652,5.6573,296737.57101886254,0
GLQ.US,D,20070615,000000,5.65399,5.71824,5.65399,5.71824,196094.62185378786,0
GLQ.US,D,20070618,000000,5.73244,5.73244,5.66319,5.72629,225601.7522974824,0
GLQ.US,D,20070619,000000,5.70037,5.72083,5.68025,5.72083,417153.028065038,0
GLQ.US,D,20070620,000000,5.72734,5.72734,5.64727,5.66541,237731.14348679146,0
GLQ.US,D,20070621,000000,5.67276,5.71529,5.65399,5.70875,266189.72336820606,0
GLQ.US,D,20070622,000000,5.70154,5.70154,5.6153,5.67088,198874.343942018,0
GLQ.US,D,20070625,000000,5.66784,5.68025,5.60582,5.66319,244330.18581938275,0
GLQ.US,D,20070626,000000,5.63299,5.65399,5.56321,5.60582,236340.16339189635,0
GLQ.US,D,20070627,000000,5.60233,5.6363,5.55346,5.62942,224546.48743065432,0
GLQ.US,D,20070628,000000,5.62575,5.62575,5.55811,5.61779,171795.55364785052,0
GLQ.US,D,20070629,000000,5.67453,5.70037,5.64727,5.70037,433473.2643511064,0
GLQ.US,D,20070702,000000,5.72083,5.75265,5.70154,5.73244,163107.24354599696,0
GLQ.US,D,20070703,000000,5.7555,5.79418,5.7555,5.79418,161022.4519798549,0
GLQ.US,D,20070705,000000,5.79759,5.85406,5.79759,5.82467,373779.73965229583,0
GLQ.US,D,20070706,000000,5.83709,5.87427,5.82467,5.87427,183941.73059853495,0
GLQ.US,D,20070709,000000,5.89052,5.90974,5.89052,5.90974,165894.79898955525,0
GLQ.US,D,20070710,000000,5.90974,5.91368,5.83709,5.89643,317555.2723099641,0
GLQ.US,D,20070711,000000,5.7388,5.8479,5.72734,5.80545,289439.1219611342,0
GLQ.US,D,20070712,000000,5.82467,5.87427,5.78329,5.87427,257513.72282475,0
GLQ.US,D,20070713,000000,5.87427,5.89643,5.78579,5.89643,184977.97160242754,0
GLQ.US,D,20070716,000000,5.90974,5.9252,5.84217,5.91368,205462.1957670121,0
GLQ.US,D,20070717,000000,5.91368,5.9252,5.84217,5.91975,140550.53737362724,0
GLQ.US,D,20070718,000000,5.89393,5.89393,5.78276,5.89052,329705.9254637078,0
GLQ.US,D,20070719,000000,5.93415,5.94227,5.88579,5.92787,99952.49484605092,0
GLQ.US,D,20070720,000000,5.91975,5.91975,5.82467,5.85406,105152.723728485,0
GLQ.US,D,20070723,000000,5.88704,5.89643,5.85406,5.89393,120774.67234019646,0
GLQ.US,D,20070724,000000,5.89052,5.89052,5.78276,5.80752,172150.29273880218,0
GLQ.US,D,20070725,000000,5.66541,5.86336,5.5615,5.82656,149567.84839892847,0
GLQ.US,D,20070726,000000,5.71127,5.73629,5.54336,5.66044,213443.26578843093,0
GLQ.US,D,20070727,000000,5.48911,5.6127,5.4801,5.55346,263761.3832186688,0
GLQ.US,D,20070730,000000,5.60582,5.64192,5.51699,5.64192,115926.94444722003,0
GLQ.US,D,20070731,000000,6.1646,6.1646,5.53989,5.58652,203719.83373345464,0
GLQ.US,D,20070801,000000,5.5893,5.61779,5.50467,5.61779,295332.04326409113,0
GLQ.US,D,20070802,000000,5.63299,5.66541,5.61977,5.66044,247798.12412510192,0
GLQ.US,D,20070803,000000,5.6573,5.66541,5.52004,5.61101,602842.715950929,0
GLQ.US,D,20070806,000000,5.62575,5.62575,5.51521,5.62575,182892.06098549525,0
GLQ.US,D,20070807,000000,5.61779,5.6363,5.53451,5.6363,221074.0729219166,0
GLQ.US,D,20070808,000000,5.64727,5.67088,5.61101,5.62942,217607.25366695717,0
GLQ.US,D,20070809,000000,5.53166,5.57508,5.50467,5.53451,147845.62927905607,0
GLQ.US,D,20070810,000000,5.4985,5.51699,5.40395,5.51699,273135.67143647163,0
GLQ.US,D,20070813,000000,5.57018,5.57018,5.47589,5.49189,123194.06008365599,0
GLQ.US,D,20070814,000000,5.51699,5.51699,5.36553,5.38672,134317.42463958476,0
GLQ.US,D,20070815,000000,5.32298,5.36553,5.12051,5.14597,369276.6793934336,0
GLQ.US,D,20070816,000000,5.07761,5.07761,4.71686,4.94927,642752.542261001,0
GLQ.US,D,20070817,000000,5.20415,5.20664,4.94927,5.05786,456043.39913260296,0
GLQ.US,D,20070820,000000,5.04588,5.09003,4.96056,5.08851,327964.6824808999,0
GLQ.US,D,20070821,000000,5.04275,5.09967,5.00254,5.09271,481706.59021519206,0
GLQ.US,D,20070822,000000,5.16947,5.20664,5.1324,5.20415,510178.59870574356,0
GLQ.US,D,20070823,000000,5.27983,5.2962,5.2205,5.27393,393573.50949787186,0
GLQ.US,D,20070824,000000,5.29949,5.39591,5.23738,5.39591,301597.60847018566,0
GLQ.US,D,20070827,000000,5.39591,5.39591,5.30806,5.35087,215513.50969471704,0
GLQ.US,D,20070828,000000,5.36026,5.36026,5.2405,5.31066,301246.22653151315,0
GLQ.US,D,20070829,000000,5.3163,5.39832,5.31066,5.39832,238766.2654399142,0
GLQ.US,D,20070830,000000,5.37107,5.38672,5.32567,5.38672,136732.3361799749,0
GLQ.US,D,20070831,000000,5.40718,5.47303,5.35087,5.47303,247096.47929848608,0
GLQ.US,D,20070904,000000,5.44103,5.50162,5.42905,5.4985,238766.2654399142,0
GLQ.US,D,20070905,000000,5.36026,5.47009,5.36026,5.43291,165894.79898955525,0
GLQ.US,D,20070906,000000,5.4564,5.47009,5.4103,5.46856,183941.73059853495,0
GLQ.US,D,20070907,000000,5.22335,5.43478,5.22335,5.38672,143328.02136031757,0
GLQ.US,D,20070910,000000,5.37992,5.44103,5.3684,5.41985,124598.46878764733,0
GLQ.US,D,20070911,000000,5.44658,5.46856,5.41985,5.46856,115230.8948743926,0
GLQ.US,D,20070912,000000,5.46856,5.51699,5.43478,5.4564,141256.65840327172,0
GLQ.US,D,20070913,000000,5.44889,5.4801,5.43792,5.46856,107590.01628409998,0
GLQ.US,D,20070914,000000,5.44658,5.46328,5.4103,5.4564,166585.25330856373,0
GLQ.US,D,20070917,000000,5.40718,5.44889,5.38867,5.42905,96135.41270316951,0
GLQ.US,D,20070918,000000,5.46,5.51254,5.36302,5.51254,195401.92943323962,0
GLQ.US,D,20070919,000000,5.51521,5.54336,5.51254,5.53166,173876.98806170328,0
GLQ.US,D,20070920,000000,5.51699,5.54336,5.43792,5.4875,210325.59037063472,0
GLQ.US,D,20070921,000000,5.53166,5.53166,5.50467,5.51699,168675.6401285247,0
GLQ.US,D,20070924,000000,5.51699,5.52906,5.4875,5.50467,407156.5476245997,0
GLQ.US,D,20070925,000000,5.50467,5.51699,5.4564,5.50467,400163.5994243956,0
GLQ.US,D,20070926,000000,5.50993,5.52906,5.4985,5.51699,119040.14366197736,0
GLQ.US,D,20070927,000000,5.54336,5.58348,5.53166,5.57214,297435.85869316873,0
GLQ.US,D,20070928,000000,5.56695,5.59886,5.54336,5.59322,252839.4477995802,0
GLQ.US,D,20071001,000000,5.60233,5.61779,5.57964,5.6153,285636.5874781382,0
GLQ.US,D,20071002,000000,5.6573,5.66784,5.62352,5.66784,162419.02732852823,0
GLQ.US,D,20071003,000000,5.6573,5.67453,5.64727,5.67453,75663.49809694388,0
GLQ.US,D,20071004,000000,5.67453,5.67453,5.6127,5.66319,150964.42374759167,0
GLQ.US,D,20071005,000000,5.66044,5.70154,5.66044,5.68025,134655.3779691305,0
GLQ.US,D,20071008,000000,5.68025,5.72629,5.6127,5.63299,267237.15487972624,0
GLQ.US,D,20071009,000000,5.62942,5.68025,5.62942,5.68025,183235.6095688701,0
GLQ.US,D,20071010,000000,5.68025,5.70511,5.6573,5.69688,140550.53737362724,0
GLQ.US,D,20071011,000000,5.71824,5.74488,5.67453,5.68999,398775.9764818203,0
GLQ.US,D,20071012,000000,5.71127,5.73038,5.70154,5.72342,195050.5474945569,0
GLQ.US,D,20071015,000000,5.6573,5.66044,5.56695,5.57964,144028.54713618383,0
GLQ.US,D,20071016,000000,5.55811,5.56321,5.50824,5.53451,170409.04975600445,0
GLQ.US,D,20071017,000000,5.5893,5.5893,5.4875,5.53166,145065.90719083615,0
GLQ.US,D,20071018,000000,5.52906,5.53638,5.50467,5.53166,173180.93848890637,0
GLQ.US,D,20071019,000000,5.53166,5.53451,5.38331,5.40718,313053.3311018515,0
GLQ.US,D,20071022,000000,5.39832,5.39832,5.33587,5.38672,669816.7848952921,0
GLQ.US,D,20071023,000000,5.41985,5.43478,5.36026,5.4103,308184.3412444404,0
GLQ.US,D,20071024,000000,5.40163,5.42603,5.31942,5.38867,470262.0580911132,0
GLQ.US,D,20071025,000000,5.39591,5.44889,5.38672,5.41985,295332.04326409113,0
GLQ.US,D,20071026,000000,5.48358,5.51254,5.46,5.51254,292227.79645544203,0
GLQ.US,D,20071029,000000,5.56321,5.59886,5.55346,5.59564,248490.81654564,0
GLQ.US,D,20071030,000000,5.59564,5.6363,5.57964,5.6153,436935.607403027,0
GLQ.US,D,20071031,000000,5.63299,5.71824,5.62942,5.70154,347757.333275706,0
GLQ.US,D,20071101,000000,5.70875,5.70875,5.63943,5.65399,629207.5518601238,0
GLQ.US,D,20071102,000000,5.63943,5.69304,5.63943,5.67088,446321.086128427,0
GLQ.US,D,20071105,000000,5.6573,5.6573,5.61101,5.6573,346709.90176419594,0
GLQ.US,D,20071106,000000,5.67088,5.70875,5.66784,5.70875,308529.0088785851,0
GLQ.US,D,20071107,000000,5.70875,5.70875,5.58652,5.58652,202674.64032347416,0
GLQ.US,D,20071108,000000,5.6153,5.6153,5.51254,5.61101,282502.1262989463,0
GLQ.US,D,20071109,000000,5.60233,5.60233,5.54336,5.57508,204408.04995096405,0
GLQ.US,D,20071112,000000,5.55534,5.55534,5.45286,5.48911,155137.36403220578,0
GLQ.US,D,20071113,000000,5.2439,5.57214,5.2439,5.57214,250049.65425453303,0
GLQ.US,D,20071114,000000,5.61101,5.61977,5.4985,5.53451,197821.31717670933,0
GLQ.US,D,20071115,000000,5.47303,5.4985,5.40395,5.44889,120081.97991966853,0
GLQ.US,D,20071116,000000,5.45286,5.4875,5.40718,5.44889,98214.60901553437,0
GLQ.US,D,20071119,000000,5.20415,5.43478,5.20415,5.37285,169529.47585851263,0
GLQ.US,D,20071120,000000,5.39591,5.4564,5.33587,5.43478,163450.79212938197,0
GLQ.US,D,20071121,000000,5.33587,5.38672,5.29949,5.33587,149241.08557695954,0
GLQ.US,D,20071123,000000,5.32298,5.40395,5.32298,5.40395,83637.85381378917,0
GLQ.US,D,20071126,000000,5.39179,5.39179,5.26714,5.2962,245725.64211730653,0
GLQ.US,D,20071127,000000,5.27393,5.41825,5.27393,5.41825,502880.1496480355,0
GLQ.US,D,20071128,000000,5.46,5.53451,5.42603,5.51254,252667.1139825231,0
GLQ.US,D,20071129,000000,5.52603,5.54336,5.4103,5.54336,184977.97160242754,0
GLQ.US,D,20071130,000000,5.54336,5.67088,5.52324,5.67088,257513.72282475,0
GLQ.US,D,20071203,000000,5.68999,5.68999,5.57214,5.61101,149567.84839892847,0
GLQ.US,D,20071204,000000,5.58348,5.61779,5.52603,5.61779,189843.60430755944,0
GLQ.US,D,20071205,000000,5.66044,5.71127,5.61101,5.71127,242242.0371009412,0
GLQ.US,D,20071206,000000,5.69304,5.73244,5.66044,5.73244,147511.03310176914,0
GLQ.US,D,20071207,000000,5.76006,5.76203,5.70037,5.7388,138479.1744165916,0
GLQ.US,D,20071210,000000,5.7388,5.76908,5.68999,5.76908,320329.3991443855,0
GLQ.US,D,20071211,000000,5.78276,5.81708,5.62575,5.67088,241200.20084325,0
GLQ.US,D,20071212,000000,5.7882,5.82046,5.66541,5.71127,171447.52886142663,0
GLQ.US,D,20071213,000000,5.67088,5.73244,5.62352,5.73244,162419.02732852823,0
GLQ.US,D,20071214,000000,5.73244,5.73244,5.62942,5.69688,183586.99150756295,0
GLQ.US,D,20071217,000000,5.67453,5.69688,5.59564,5.62575,258909.17912266366,0
GLQ.US,D,20071218,000000,5.68025,5.68025,5.54336,5.66541,138479.1744165916,0
GLQ.US,D,20071219,000000,5.88579,5.88579,5.5615,5.66784,212741.6209618151,0
GLQ.US,D,20071220,000000,5.64192,5.73244,5.64192,5.73244,218301.06513824483,0
GLQ.US,D,20071221,000000,5.77472,5.81708,5.77266,5.78329,160700.16536091463,0
GLQ.US,D,20071224,000000,5.81708,5.88892,5.81708,5.88892,158253.9203992321,0
GLQ.US,D,20071226,000000,5.91368,5.9302,5.88579,5.9302,211362.95042530738,0
GLQ.US,D,20071227,000000,5.96077,5.96077,5.8605,5.937,187071.7155746677,0
GLQ.US,D,20071228,000000,5.96077,5.96623,5.90224,5.96623,205107.45667606042,0
GLQ.US,D,20071231,000000,5.92305,6.04771,5.92305,6.04771,345086.1591112395,0
GLQ.US,D,20080102,000000,6.22546,6.22546,5.94227,5.97372,203888.8103982428,0
GLQ.US,D,20080103,000000,6.00553,6.05693,5.99098,6.03431,170645.1694663958,0
GLQ.US,D,20080104,000000,6.01823,6.01823,5.93415,5.97372,365802.02678317646,0
GLQ.US,D,20080107,000000,5.97103,5.98792,5.937,5.95308,146463.60159025903,0
GLQ.US,D,20080108,000000,6.13253,6.13253,5.92787,5.94227,317911.1304516857,0
GLQ.US,D,20080109,000000,5.93415,6.05157,5.9252,6.05157,475465.64412582136,0
GLQ.US,D,20080110,000000,6.04611,6.07471,5.98792,6.07471,280465.45391548215,0
GLQ.US,D,20080111,000000,6.07703,6.07703,5.93415,5.9798,240875.67612281066,0
GLQ.US,D,20080114,000000,5.89795,5.90555,5.86997,5.90555,123548.79917461782,0
GLQ.US,D,20080115,000000,5.64192,5.90555,5.64192,5.83031,157218.79844607887,0
GLQ.US,D,20080116,000000,5.75265,5.82656,5.68731,5.75138,209621.70744249946,0
GLQ.US,D,20080117,000000,5.50162,5.74227,5.46328,5.53166,333699.8176266658,0
GLQ.US,D,20080118,000000,5.49403,5.54774,5.3062,5.34318,375782.8405129584,0
GLQ.US,D,20080122,000000,4.86457,5.3163,4.86457,5.3163,252313.49394231083,0
GLQ.US,D,20080123,000000,5.15739,5.40163,5.0685,5.40163,309563.0117809482,0
GLQ.US,D,20080124,000000,5.51254,5.51254,5.33897,5.40163,117990.47404893767,0
GLQ.US,D,20080125,000000,5.4875,5.48911,5.29278,5.30806,140889.60975395303,0
GLQ.US,D,20080128,000000,5.32567,5.37992,5.24666,5.37992,128764.69476769301,0
GLQ.US,D,20080129,000000,5.19021,5.43478,5.14883,5.43478,85724.88348147304,0
GLQ.US,D,20080130,000000,5.45286,5.4801,5.34318,5.47303,285636.5874781382,0
GLQ.US,D,20080131,000000,5.42603,5.59322,5.4103,5.58348,495946.51113813696,0
GLQ.US,D,20080201,000000,5.6573,5.74826,5.58348,5.58348,311440.77895649214,0
GLQ.US,D,20080204,000000,5.70154,5.71529,5.64192,5.67276,396001.8496474091,0
GLQ.US,D,20080205,000000,5.6153,5.63943,5.50993,5.53166,334215.70002710796,0
GLQ.US,D,20080206,000000,5.57964,5.58348,5.4103,5.41985,227682.06766059579,0
GLQ.US,D,20080207,000000,5.42272,5.46623,5.38672,5.40718,122841.55909420343,0
GLQ.US,D,20080208,000000,5.41825,5.41825,5.33085,5.40163,133275.5883818834,0
GLQ.US,D,20080211,000000,5.42272,5.42272,5.35087,5.40718,136395.50190116852,0
GLQ.US,D,20080212,000000,5.46856,5.49189,5.39404,5.42603,551880.0252828411,0
GLQ.US,D,20080213,000000,5.44889,5.47303,5.40163,5.47303,228201.3072133272,0
GLQ.US,D,20080214,000000,5.45286,5.47303,5.33897,5.37107,209242.3492347934,0
GLQ.US,D,20080215,000000,5.37107,5.37107,5.24666,5.36026,185328.23449035053,0
GLQ.US,D,20080219,000000,5.50162,5.50162,5.33897,5.40163,282502.1262989463,0
GLQ.US,D,20080220,000000,5.37107,5.41407,5.31942,5.40395,88840.32079773862,0
GLQ.US,D,20080221,000000,5.40395,5.42603,5.28895,5.38867,169683.9048634346,0
GLQ.US,D,20080222,000000,5.38867,5.39179,5.30806,5.37285,79483.9373921024,0
GLQ.US,D,20080225,000000,5.37285,5.43291,5.34318,5.43291,187419.7403610814,0
GLQ.US,D,20080226,000000,5.43291,5.48358,5.41825,5.48358,176637.68628700805,0
GLQ.US,D,20080227,000000,5.48358,5.48911,5.45086,5.47589,160337.59291463482,0
GLQ.US,D,20080228,000000,5.48911,5.48911,5.40163,5.4875,106899.56196507115,0
GLQ.US,D,20080229,000000,5.43792,5.43792,5.33897,5.35284,210843.71087258612,0
GLQ.US,D,20080303,000000,5.35087,5.37733,5.34318,5.3566,146806.031122864,0
GLQ.US,D,20080304,000000,5.34318,5.36026,5.26268,5.31066,195401.92943323962,0
GLQ.US,D,20080305,000000,5.34318,5.37992,5.2962,5.34318,91970.30577388355,0
GLQ.US,D,20080306,000000,5.34318,5.35284,5.27733,5.28593,166382.705120974,0
GLQ.US,D,20080307,000000,5.22916,5.32298,5.22684,5.27733,95799.69747512386,0
GLQ.US,D,20080310,000000,5.30297,5.30297,5.17537,5.19208,184640.01827287162,0
GLQ.US,D,20080311,000000,5.2439,5.27983,5.20415,5.27071,190184.91478942503,0
GLQ.US,D,20080312,000000,5.12346,5.29949,5.12346,5.21505,109323.42591156955,0
GLQ.US,D,20080313,000000,5.19208,5.22335,5.09003,5.20199,141948.23177305012,0
GLQ.US,D,20080314,000000,5.23409,5.23738,5.04275,5.08485,190876.48815919325,0
GLQ.US,D,20080317,000000,4.98611,5.05786,4.93419,5.01317,199221.24967765162,0
GLQ.US,D,20080318,000000,5.03024,5.12346,5.03024,5.12346,101003.28350983303,0
GLQ.US,D,20080319,000000,5.12872,5.16304,4.96698,4.99594,100040.89985610194,0
GLQ.US,D,20080320,000000,4.95643,5.08485,4.94151,5.08485,131887.96543926746,0
GLQ.US,D,20080324,000000,5.12648,5.16081,5.09271,5.14256,112785.76896347996,0
GLQ.US,D,20080325,000000,5.08485,5.14597,5.08485,5.14597,119727.24082869654,0
GLQ.US,D,20080326,000000,5.14597,5.15249,5.08333,5.14008,161378.31012155607,0
GLQ.US,D,20080327,000000,5.15483,5.19208,5.1324,5.13407,114876.15578344095,0
GLQ.US,D,20080328,000000,5.15483,5.15483,5.08851,5.13711,66361.94817855707,0
GLQ.US,D,20080331,000000,5.09967,5.18627,5.07386,5.18627,121931.77082618912,0
GLQ.US,D,20080401,000000,5.17537,5.27983,5.17537,5.27983,234266.56233334128,0
GLQ.US,D,20080402,000000,5.27983,5.3062,5.22335,5.27223,161340.26239574613,0
GLQ.US,D,20080403,000000,5.20664,5.32567,5.20664,5.30806,193662.9245519613,0
GLQ.US,D,20080404,000000,5.31066,5.34318,5.3062,5.34006,119392.64465140959,0
GLQ.US,D,20080407,000000,5.36553,5.42905,5.36553,5.38672,151321.4009400729,0
GLQ.US,D,20080408,000000,5.38331,5.40395,5.36553,5.38867,81905.56323707322,0
GLQ.US,D,20080409,000000,5.39832,5.39832,5.34722,5.35087,113147.22235900008,0
GLQ.US,D,20080410,000000,5.36553,5.42603,5.36553,5.40163,135705.0475821702,0
GLQ.US,D,20080411,000000,5.38867,5.41825,5.3163,5.33587,217947.44509803253,0
GLQ.US,D,20080414,000000,5.27071,5.27071,5.20996,5.23409,93383.6668839567,0
GLQ.US,D,20080415,000000,5.26509,5.3062,5.2439,5.28895,143328.02136031757,0
GLQ.US,D,20080416,000000,5.33085,5.41825,5.33085,5.41825,187594.31227965793,0
GLQ.US,D,20080417,000000,5.42272,5.46623,5.40163,5.46623,173599.46347319227,0
GLQ.US,D,20080418,000000,5.51521,5.57018,5.51521,5.55346,134834.42609075608,0
GLQ.US,D,20080421,000000,5.49403,5.57214,5.49403,5.57214,98153.06122372563,0
GLQ.US,D,20080422,000000,5.51254,5.57018,5.50467,5.57018,125810.40076088636,0
GLQ.US,D,20080423,000000,5.53638,5.61101,5.53638,5.59322,172153.6498910813,0
GLQ.US,D,20080424,000000,5.6455,5.6455,5.52906,5.60887,166204.7760501183,0
GLQ.US,D,20080425,000000,5.64727,5.64727,5.53989,5.61779,195077.40471280023,0
GLQ.US,D,20080428,000000,5.63299,5.63299,5.59886,5.59886,103366.71871527834,0
GLQ.US,D,20080429,000000,5.57714,5.60887,5.53989,5.55534,174425.3229341873,0
GLQ.US,D,20080430,000000,5.62942,5.62942,5.54774,5.56695,110483.88154984133,0
GLQ.US,D,20080501,000000,5.60233,5.65067,5.55534,5.63943,291157.9839287173,0
GLQ.US,D,20080502,000000,5.65399,5.68429,5.63943,5.65399,272627.62239136786,0
GLQ.US,D,20080505,000000,5.66319,5.68025,5.6455,5.64727,239123.2426324056,0
GLQ.US,D,20080506,000000,5.57714,5.67276,5.57714,5.67276,103000.7891167092,0
GLQ.US,D,20080507,000000,5.68731,5.70511,5.6573,5.67088,429754.6586751298,0
GLQ.US,D,20080508,000000,5.68999,5.74826,5.68429,5.74826,168940.855158689,0
GLQ.US,D,20080509,000000,5.73629,5.78329,5.72083,5.78329,240302.72213360274,0
GLQ.US,D,20080512,000000,5.76203,5.78579,5.73629,5.78579,247640.33796792108,0
GLQ.US,D,20080513,000000,5.76908,5.78579,5.74227,5.77472,86027.02718671503,0
GLQ.US,D,20080514,000000,5.78579,5.85014,5.78579,5.82046,268923.56437525735,0
GLQ.US,D,20080515,000000,5.7555,5.85014,5.7555,5.85014,169241.87981315402,0
GLQ.US,D,20080516,000000,5.86997,5.91654,5.86676,5.91654,179048.12162437968,0
GLQ.US,D,20080519,000000,5.90555,6.04397,5.90555,6.02045,380472.7822487845,0
GLQ.US,D,20080520,000000,6.02045,6.02045,5.97103,5.9931,110225.38082425568,0
GLQ.US,D,20080521,000000,6.00098,6.05978,5.9991,6.03708,270512.61645467277,0
GLQ.US,D,20080522,000000,6.04611,6.04611,5.99098,6.01823,252824.9001397141,0
GLQ.US,D,20080523,000000,5.99098,5.99098,5.89643,5.92787,337986.9010888217,0
GLQ.US,D,20080527,000000,5.9302,5.97372,5.91654,5.97372,151431.067914586,0
GLQ.US,D,20080528,000000,5.92305,5.97103,5.90555,5.94898,180016.1005319297,0
GLQ.US,D,20080529,000000,5.88704,6.01823,5.87961,5.98417,236964.59371606132,0
GLQ.US,D,20080530,000000,5.97624,5.99098,5.94557,5.99098,176138.589647982,0
GLQ.US,D,20080602,000000,5.99098,6.00098,5.9252,5.96381,139833.22583636522,0
GLQ.US,D,20080603,000000,5.95709,6.00831,5.92305,5.92305,88488.93885904984,0
GLQ.US,D,20080604,000000,5.94557,6.03055,5.94227,5.9931,249811.2964426324,0
GLQ.US,D,20080605,000000,6.07972,6.10544,5.97624,6.10544,200744.27776220324,0
GLQ.US,D,20080606,000000,6.10749,6.1369,5.9931,6.00553,157977.5148614605,0
GLQ.US,D,20080609,000000,5.95709,6.05157,5.95709,6.00831,90985.54110494902,0
GLQ.US,D,20080610,000000,6.00831,6.03055,5.9931,6.01823,56978.70755467751,0
GLQ.US,D,20080611,000000,5.94557,6.02045,5.90555,5.90555,117896.47378510128,0
GLQ.US,D,20080612,000000,5.9931,5.99669,5.90974,5.91368,64919.49174872118,0
GLQ.US,D,20080613,000000,5.90974,5.95709,5.90974,5.95157,81649.30061299783,0
GLQ.US,D,20080616,000000,5.937,5.94898,5.91368,5.94227,153558.38340962774,0
GLQ.US,D,20080617,000000,5.94557,5.9931,5.89393,5.92305,137451.88581876652,0
GLQ.US,D,20080618,000000,5.89643,5.93415,5.89052,5.89393,30009.58423500483,0
GLQ.US,D,20080619,000000,5.88579,5.97372,5.88579,5.97372,68262.09636929534,0
GLQ.US,D,20080620,000000,5.88892,5.92305,5.86336,5.86336,106049.08338735224,0
GLQ.US,D,20080623,000000,5.91975,5.94557,5.85014,5.90555,117396.25809530533,0
GLQ.US,D,20080624,000000,5.83986,5.92305,5.83986,5.90555,113820.89091661286,0
GLQ.US,D,20080625,000000,5.9857,5.9857,5.89393,5.90224,79958.41491440762,0
GLQ.US,D,20080626,000000,5.85701,5.87427,5.78329,5.78329,60604.432017571395,0
GLQ.US,D,20080627,000000,5.79186,5.80545,5.72734,5.73244,66086.66169155839,0
GLQ.US,D,20080630,000000,5.76006,5.79759,5.74826,5.77866,71091.05669096102,0
GLQ.US,D,20080701,000000,5.68429,5.81475,5.68429,5.79186,143427.6168779627,0
GLQ.US,D,20080702,000000,5.83567,5.83709,5.76203,5.77472,75216.99684364373,0
GLQ.US,D,20080703,000000,5.76203,5.76203,5.53166,5.53451,143216.11628429522,0
GLQ.US,D,20080707,000000,5.62942,5.62942,5.30297,5.32567,217932.89743815624,0
GLQ.US,D,20080708,000000,5.2405,5.41825,5.23738,5.41825,133785.8755285066,0
GLQ.US,D,20080709,000000,5.41825,5.41825,5.2836,5.31245,137070.2895095512,0
GLQ.US,D,20080710,000000,5.28593,5.3163,5.25025,5.29949,103818.81522237604,0
GLQ.US,D,20080711,000000,5.3163,5.34318,5.2439,5.24666,128840.79021938413,0
GLQ.US,D,20080714,000000,5.23067,5.23067,5.16617,5.20199,225280.5847293222,0
GLQ.US,D,20080715,000000,5.21505,5.21505,5.04588,5.09271,157977.5148614605,0
GLQ.US,D,20080716,000000,5.11424,5.20199,5.03391,5.20199,158012.205435032,0
GLQ.US,D,20080717,000000,5.17733,5.18243,5.07386,5.15249,175181.80124804948,0
GLQ.US,D,20080718,000000,5.12346,5.14008,5.05786,5.05992,154784.86304277356,0
GLQ.US,D,20080721,000000,5.11711,5.16081,5.07761,5.10674,112312.41049193751,0
GLQ.US,D,20080722,000000,5.0508,5.11711,5.0508,5.10932,190795.91650445308,0
GLQ.US,D,20080723,000000,5.14008,5.15483,5.11192,5.14256,134580.40156820926,0
GLQ.US,D,20080724,000000,5.12648,5.12872,4.98611,4.98923,120783.62474628436,0
GLQ.US,D,20080725,000000,4.93052,5.02784,4.9272,5.00254,119411.66851435525,0
GLQ.US,D,20080728,000000,5.03391,5.03391,4.89835,4.89835,174298.87019828867,0
GLQ.US,D,20080729,000000,4.96698,4.98611,4.90612,4.98611,167375.3031452377,0
GLQ.US,D,20080730,000000,5.01317,5.09967,4.98611,5.09967,216372.94067849332,0
GLQ.US,D,20080731,000000,5.09271,5.12051,5.02165,5.02165,78040.3619115068,0
GLQ.US,D,20080801,000000,5.07386,5.10674,4.98199,5.03024,259504.5141270557,0
GLQ.US,D,20080804,000000,5.09003,5.09003,4.92328,4.98923,270200.4012925903,0
GLQ.US,D,20080805,000000,4.99316,5.08333,4.94151,5.08333,265002.4105116909,0
GLQ.US,D,20080806,000000,5.05786,5.05786,4.98923,5.03732,151760.06883805405,0
GLQ.US,D,20080807,000000,4.95643,5.11424,4.95643,5.0508,274211.07921698474,0
GLQ.US,D,20080808,000000,5.07046,5.08485,5.03024,5.07761,109759.85570803122,0
GLQ.US,D,20080811,000000,4.99316,5.0685,4.99316,4.99316,137709.26749359246,0
GLQ.US,D,20080812,000000,5.00781,5.00781,4.88387,4.88387,149083.29941977872,0
GLQ.US,D,20080813,000000,4.87145,4.91184,4.86922,4.88387,149138.1329070251,0
GLQ.US,D,20080814,000000,4.86922,4.94419,4.81479,4.88682,133291.25509250924,0
GLQ.US,D,20080815,000000,4.94927,4.94927,4.84965,4.86734,79040.79329108242,0
GLQ.US,D,20080818,000000,4.91184,4.91184,4.77815,4.77815,131213.1778309153,0
GLQ.US,D,20080819,000000,4.76913,4.79372,4.69469,4.72276,97952.75113765734,0
GLQ.US,D,20080820,000000,4.71686,4.80291,4.71686,4.80291,74876.80541255618,0
GLQ.US,D,20080821,000000,4.75609,4.86734,4.75609,4.84473,95853.41191161254,0
GLQ.US,D,20080822,000000,4.84473,4.87466,4.81479,4.82677,127876.16846412345,0
GLQ.US,D,20080825,000000,4.7829,4.82159,4.72901,4.73973,181714.81958581757,0
GLQ.US,D,20080826,000000,4.75992,4.7829,4.73186,4.77504,72644.2991460514,0
GLQ.US,D,20080827,000000,4.77504,4.83428,4.77504,4.81167,82074.53990185728,0
GLQ.US,D,20080828,000000,4.82677,4.87145,4.82677,4.87145,55275.51229772839,0
GLQ.US,D,20080829,000000,4.84473,4.85171,4.80953,4.82865,46394.72546515811,0
GLQ.US,D,20080902,000000,4.79665,4.83428,4.75992,4.75992,124815.56463511338,0
GLQ.US,D,20080903,000000,4.71436,4.7442,4.65869,4.66163,90884.82653653502,0
GLQ.US,D,20080904,000000,4.69684,4.69684,4.50712,4.5408,164986.12977231081,0
GLQ.US,D,20080905,000000,4.50712,4.54966,4.49755,4.52786,93341.14295507023,0
GLQ.US,D,20080908,000000,4.38415,4.67646,4.38415,4.52786,102797.12187835974,0
GLQ.US,D,20080909,000000,4.64519,4.64519,4.352,4.37334,192943.3749132002,0
GLQ.US,D,20080910,000000,4.40954,4.42205,4.35699,4.41964,123982.99086956008,0
GLQ.US,D,20080911,000000,4.41553,4.41553,4.31098,4.36826,84989.66713205153,0
GLQ.US,D,20080912,000000,4.40373,4.41964,4.35699,4.38729,104415.26927753798,0
GLQ.US,D,20080915,000000,3.96469,4.28739,3.96469,4.14602,179134.2885329184,0
GLQ.US,D,20080916,000000,4.25842,4.25842,3.95031,4.00483,253533.25927086786,0
GLQ.US,D,20080917,000000,3.88946,3.97086,3.62191,3.65917,465272.21075160214,0
GLQ.US,D,20080918,000000,3.71664,4.12063,3.52968,3.88946,539391.4187995313,0
GLQ.US,D,20080919,000000,4.16363,4.23592,4.10572,4.23592,292902.58406380436,0
GLQ.US,D,20080922,000000,3.91608,4.22948,3.91608,4.03386,198254.38982088168,0
GLQ.US,D,20080923,000000,4.12063,4.12063,3.96265,4.03386,198329.36622181308,0
GLQ.US,D,20080924,000000,4.02618,4.04808,3.93582,4.02262,257887.48577863714,0
GLQ.US,D,20080925,000000,4.04495,4.12063,4.03119,4.06907,135818.0717089319,0
GLQ.US,D,20080926,000000,3.99026,4.00483,3.94718,3.9765,129739.38797978095,0
GLQ.US,D,20080929,000000,4.1545,4.1545,3.4572,3.6741,426914.50784585474,0
GLQ.US,D,20080930,000000,3.70895,3.84399,3.67929,3.80332,130110.91283215884,0
GLQ.US,D,20081001,000000,3.71664,3.95031,3.71664,3.88946,193771.47247569432,0
GLQ.US,D,20081002,000000,3.85201,3.90411,3.69403,3.76025,175200.8251109748,0
GLQ.US,D,20081003,000000,3.832,3.91956,3.57303,3.60438,205332.38587883432,0
GLQ.US,D,20081006,000000,3.47786,3.48358,3.1406,3.276,467866.1704136281,0
GLQ.US,D,20081007,000000,3.29932,3.4572,3.05392,3.0802,378452.89562669577,0
GLQ.US,D,20081008,000000,3.02576,3.0802,2.82381,2.98234,652672.9272497583,0
GLQ.US,D,20081009,000000,2.7895,3.02576,2.7895,2.87279,445572.4411698727,0
GLQ.US,D,20081010,000000,2.60158,2.84125,2.2621,2.82381,590023.9894933812,0
GLQ.US,D,20081013,000000,3.06842,3.37143,2.77189,3.33104,565713.7307798365,0
GLQ.US,D,20081014,000000,3.207,3.42862,3.207,3.24158,235168.51724603758,0
GLQ.US,D,20081015,000000,3.16947,3.17841,2.80944,2.80944,433761.9794472146,0
GLQ.US,D,20081016,000000,2.81203,2.93597,2.6946,2.93597,316967.7706608697,0
GLQ.US,D,20081017,000000,2.8844,3.12641,2.8844,3.06842,128926.95712792285,0
GLQ.US,D,20081020,000000,3.16348,3.31049,3.12085,3.31049,135302.1893085101,0
GLQ.US,D,20081021,000000,3.12085,3.31049,3.12085,3.25285,180469.31608976677,0
GLQ.US,D,20081022,000000,3.24158,3.24158,3.01987,3.04552,166518.11026295033,0
GLQ.US,D,20081023,000000,3.04552,3.08297,2.91014,3.00255,166128.68059842716,0
GLQ.US,D,20081024,000000,2.88146,2.88146,2.6946,2.84125,257738.65202754422,0
GLQ.US,D,20081027,000000,2.83803,2.86135,2.74026,2.81794,277299.65931499784,0
GLQ.US,D,20081028,000000,2.83803,2.98808,2.76083,2.94196,294961.63746248314,0
GLQ.US,D,20081029,000000,2.95339,3.06599,2.9248,3.00827,198411.05692730276,0
GLQ.US,D,20081030,000000,2.83231,3.11191,2.83231,3.10897,123636.08513391626,0
GLQ.US,D,20081031,000000,3.06599,3.17555,3.06599,3.16689,111832.33771582661,0
GLQ.US,D,20081103,000000,3.10611,3.27911,3.10611,3.23891,291400.81794366695,0
GLQ.US,D,20081104,000000,3.20136,3.40003,3.20136,3.33408,103508.83816181298,0
GLQ.US,D,20081105,000000,3.23891,3.37143,3.23891,3.28447,332666.9337750625,0
GLQ.US,D,20081106,000000,3.10897,3.28447,3.0802,3.14355,290049.0046254229,0
GLQ.US,D,20081107,000000,3.0802,3.19556,3.04552,3.1406,314410.73967393476,0
GLQ.US,D,20081110,000000,3.12085,3.24455,3.08628,3.11191,142833.40092433034,0
GLQ.US,D,20081111,000000,3.02838,3.11191,2.94483,2.94483,179731.86163885024,0
GLQ.US,D,20081112,000000,2.82962,2.94483,2.67959,2.70542,140946.68134270867,0
GLQ.US,D,20081113,000000,2.61338,2.80944,2.60158,2.80944,266882.41578874417,0
GLQ.US,D,20081114,000000,2.80944,2.80944,2.69702,2.74617,111934.17133500133,0
GLQ.US,D,20081117,000000,2.66521,2.6996,2.60488,2.63643,192332.373198162,0
GLQ.US,D,20081118,000000,2.59631,2.65681,2.44878,2.55037,252072.8980288806,0
GLQ.US,D,20081119,000000,2.55037,2.57593,2.39167,2.42052,208547.4187127664,0
GLQ.US,D,20081120,000000,2.35959,2.35959,2.05442,2.06022,274081.26932878664,0
GLQ.US,D,20081121,000000,2.07451,2.2386,2.07451,2.2386,394833.5606538193,0
GLQ.US,D,20081124,000000,2.24744,2.42052,2.24744,2.38327,192391.68288843706,0
GLQ.US,D,20081125,000000,2.42052,2.42052,2.33369,2.36844,151427.7107622967,0
GLQ.US,D,20081126,000000,2.25897,2.47791,2.25897,2.45771,221692.90799227284,0
GLQ.US,D,20081128,000000,2.49523,2.5359,2.43482,2.51266,62896.24797436445,0
GLQ.US,D,20081201,000000,2.40875,2.45217,2.31964,2.32796,190926.8454433906,0
GLQ.US,D,20081202,000000,2.25019,2.39444,2.25019,2.36844,196592.59944205423,0
GLQ.US,D,20081203,000000,2.24198,2.39444,2.24198,2.39444,256602.81550598616,0
GLQ.US,D,20081204,000000,2.32529,2.39444,2.31653,2.33118,194568.23661693675,0
GLQ.US,D,20081205,000000,2.21572,2.40053,2.21572,2.39167,389025.6872086109,0
GLQ.US,D,20081208,000000,2.38836,2.55037,2.38836,2.49827,347991.21488458815,0
GLQ.US,D,20081209,000000,2.43769,2.5788,2.37988,2.38327,474379.04583770095,0
GLQ.US,D,20081210,000000,2.52374,2.52374,2.37729,2.44027,381946.57209988835,0
GLQ.US,D,20081211,000000,2.42902,2.51266,2.42052,2.44626,257395.10344416936,0
GLQ.US,D,20081212,000000,2.35727,2.48408,2.35727,2.48076,281939.24376659613,0
GLQ.US,D,20081215,000000,2.37988,2.52991,2.37988,2.44322,229929.12158698804,0
GLQ.US,D,20081216,000000,2.40293,2.56413,2.40293,2.55037,412759.6347806888,0
GLQ.US,D,20081217,000000,2.48076,2.60158,2.47791,2.57593,196171.83635622854,0
GLQ.US,D,20081218,000000,2.52991,2.67681,2.52991,2.63937,320873.2578138001,0
GLQ.US,D,20081219,000000,2.56413,2.6626,2.56413,2.65369,252460.08959188435,0
GLQ.US,D,20081222,000000,2.57003,2.73731,2.57003,2.66521,251875.9450950996,0
GLQ.US,D,20081223,000000,2.64501,2.71131,2.60488,2.61927,340716.265892824,0
GLQ.US,D,20081224,000000,2.59631,2.89843,2.59631,2.71131,184588.54193789425,0
GLQ.US,D,20081226,000000,2.74617,2.76609,2.66521,2.72571,139026.39023828536,0
GLQ.US,D,20081229,000000,2.70828,2.72847,2.64501,2.64804,517478.16681421123,0
GLQ.US,D,20081230,000000,2.68227,2.70828,2.62776,2.67959,365177.59645901155,0
GLQ.US,D,20081231,000000,2.64215,2.74617,2.64215,2.74321,379839.3995185113,0
GLQ.US,D,20090102,000000,2.70542,2.94196,2.70542,2.9272,244030.28021566727,0
GLQ.US,D,20090105,000000,2.99665,3.00255,2.91882,2.97923,314956.8364448892,0
GLQ.US,D,20090106,000000,3.04552,3.06842,2.97923,3.06842,346319.3530489232,0
GLQ.US,D,20090107,000000,3.09164,3.09164,2.99352,3.00827,213276.52722516222,0
GLQ.US,D,20090108,000000,2.95939,2.96198,2.81794,2.96198,231004.52936750115,0
GLQ.US,D,20090109,000000,3.00827,3.00827,2.91014,2.95607,275616.60697173583,0
GLQ.US,D,20090112,000000,2.91301,2.91882,2.86135,2.89004,262880.69027043757,0
GLQ.US,D,20090113,000000,2.8265,2.90701,2.8265,2.88146,128339.45547883863,0
GLQ.US,D,20090114,000000,2.73731,2.74617,2.68835,2.70542,168101.56708856724,0
GLQ.US,D,20090115,000000,2.65055,2.71131,2.60158,2.6996,148588.67898380168,0
GLQ.US,D,20090116,000000,2.72571,2.74617,2.66521,2.74026,141783.731311311,0
GLQ.US,D,20090120,000000,2.6626,2.73731,2.59308,2.63356,247154.6699380116,0
GLQ.US,D,20090121,000000,2.59022,2.6996,2.59022,2.68835,161932.2402478387,0
GLQ.US,D,20090122,000000,2.59308,2.68835,2.58773,2.63937,200161.25231617823,0
GLQ.US,D,20090123,000000,2.67084,2.67681,2.55591,2.67681,171525.86241462704,0
GLQ.US,D,20090126,000000,2.67959,2.75466,2.67959,2.73159,172465.8650531638,0
GLQ.US,D,20090127,000000,2.70542,2.77189,2.70542,2.7519,163647.745063163,0
GLQ.US,D,20090128,000000,2.78325,2.85241,2.78325,2.83231,170655.24092323324,0
GLQ.US,D,20090129,000000,2.75466,2.80362,2.75466,2.75466,150551.49401710433,0
GLQ.US,D,20090130,000000,2.79202,2.79202,2.67681,2.68227,253250.13942857864,0
GLQ.US,D,20090202,000000,2.59631,2.71713,2.59631,2.70828,336491.84927326295,0
GLQ.US,D,20090203,000000,2.63643,2.7519,2.62195,2.74321,279392.28423648846,0
GLQ.US,D,20090204,000000,2.70828,2.78325,2.70828,2.73445,358184.6482588175,0
GLQ.US,D,20090205,000000,2.68549,2.77468,2.68227,2.77189,208182.60816495697,0
GLQ.US,D,20090206,000000,2.72293,2.83803,2.72293,2.83231,279029.7117901883,0
GLQ.US,D,20090209,000000,2.79486,2.84347,2.76923,2.83803,202801.0930593728,0
GLQ.US,D,20090210,000000,2.7895,2.84347,2.71713,2.7519,228121.85460935696,0
GLQ.US,D,20090211,000000,2.67387,2.79486,2.67387,2.74857,169739.85740142033,0
GLQ.US,D,20090212,000000,2.68835,2.71435,2.66521,2.70542,246907.35972003327,0
GLQ.US,D,20090213,000000,2.66521,2.74026,2.66521,2.6946,202548.18758758568,0
GLQ.US,D,20090217,000000,2.51266,2.64501,2.51266,2.52991,459360.2655857097,0
GLQ.US,D,20090218,000000,2.45217,2.59308,2.45217,2.54135,233332.15494861323,0
GLQ.US,D,20090219,000000,2.56413,2.57003,2.4898,2.50383,208742.1335450178,0
GLQ.US,D,20090220,000000,2.4552,2.47791,2.34529,2.44322,285844.73091952654,0
GLQ.US,D,20090223,000000,2.42616,2.47791,2.36298,2.37452,263948.2646956225,0
GLQ.US,D,20090224,000000,2.40579,2.44878,2.34529,2.43769,348756.6456045281,0
GLQ.US,D,20090225,000000,2.44878,2.4552,2.40053,2.43769,270407.4256832291,0
GLQ.US,D,20090226,000000,2.35128,2.49523,2.35128,2.40579,222460.5768137322,0
GLQ.US,D,20090227,000000,2.35128,2.41455,2.34814,2.37112,220436.2139886249,0
GLQ.US,D,20090302,000000,2.30839,2.33966,2.25334,2.2621,485801.1969465956,0
GLQ.US,D,20090303,000000,2.2386,2.31401,2.23315,2.24198,350972.36610962794,0
GLQ.US,D,20090304,000000,2.25019,2.35404,2.25019,2.33369,456499.97184276994,0
GLQ.US,D,20090305,000000,2.26773,2.29623,2.22455,2.27085,200820.37321390453,0
GLQ.US,D,20090306,000000,2.30481,2.30481,2.22455,2.26773,281838.5291981811,0
GLQ.US,D,20090309,000000,2.20714,2.2621,2.20714,2.21009,145680.2660581535,0
GLQ.US,D,20090310,000000,2.22144,2.35727,2.22144,2.33966,266445.9859922926,0
GLQ.US,D,20090311,000000,2.33689,2.42052,2.33689,2.39167,239690.60136779462,0
GLQ.US,D,20090312,000000,2.39167,2.5183,2.38836,2.50678,136269.0491652699,0
GLQ.US,D,20090313,000000,2.49247,2.56127,2.49247,2.52374,127229.35712476418,0
GLQ.US,D,20090316,000000,2.50963,2.63643,2.50963,2.55272,204938.4800112723,0
GLQ.US,D,20090317,000000,2.52679,2.63061,2.51266,2.63061,128496.12258524957,0
GLQ.US,D,20090318,000000,2.57003,2.71998,2.57003,2.70273,182333.654656184,0
GLQ.US,D,20090319,000000,2.71435,2.74617,2.71131,2.71131,101601.97566651543,0
GLQ.US,D,20090320,000000,2.69702,2.7519,2.68835,2.6946,75162.16335639432,0
GLQ.US,D,20090323,000000,2.72571,2.85241,2.70542,2.84125,283874.0825308957,0
GLQ.US,D,20090324,000000,2.75733,2.86135,2.75733,2.81525,193358.54274520697,0
GLQ.US,D,20090325,000000,2.79202,2.88709,2.79202,2.87851,254503.47627993728,0
GLQ.US,D,20090326,000000,2.81794,2.95939,2.81794,2.95939,335129.9644981509,0
GLQ.US,D,20090327,000000,2.87279,2.90148,2.86135,2.8844,145609.76586027115,0
GLQ.US,D,20090330,000000,2.86414,2.86414,2.74617,2.76083,422671.0673633379,0
GLQ.US,D,20090331,000000,2.74857,2.86135,2.74857,2.81525,280626.59722493193,0
GLQ.US,D,20090401,000000,2.69103,2.84125,2.69103,2.83803,208046.08397221073,0
GLQ.US,D,20090402,000000,2.84689,2.96198,2.84689,2.89843,376435.2471061467,0
GLQ.US,D,20090403,000000,2.90469,2.95939,2.8844,2.9474,342100.5316831608,0
GLQ.US,D,20090406,000000,2.9248,2.93893,2.91014,2.93338,135839.33367337668,0
GLQ.US,D,20090407,000000,2.84125,2.90148,2.82962,2.87279,136088.8819928948,0
GLQ.US,D,20090408,000000,2.94483,2.94483,2.84347,2.8844,190265.48644414483,0
GLQ.US,D,20090409,000000,2.8844,3.01683,2.8844,2.96778,220563.7857752629,0
GLQ.US,D,20090413,000000,2.95339,3.02576,2.93893,3.02576,407344.54815231316,0
GLQ.US,D,20090414,000000,3.01372,3.03945,2.99352,2.99665,202536.99707998853,0
GLQ.US,D,20090415,000000,2.89004,2.97644,2.88146,2.97644,177706.37976295274,0
GLQ.US,D,20090416,000000,2.97644,3.01987,2.95081,3.00504,228415.04590850393,0
GLQ.US,D,20090417,000000,2.95939,3.03687,2.95939,3.02576,147090.27001595363,0
GLQ.US,D,20090420,000000,2.95607,2.98234,2.86707,2.88709,204550.1693974987,0
GLQ.US,D,20090421,000000,2.87549,2.90469,2.83803,2.89843,152340.85618257994,0
GLQ.US,D,20090422,000000,2.84125,2.93597,2.83803,2.8844,176107.2562266896,0
GLQ.US,D,20090423,000000,2.93042,2.93042,2.78325,2.87549,115435.68116351197,0
GLQ.US,D,20090424,000000,2.89004,2.97923,2.89004,2.9474,142562.59064036747,0
GLQ.US,D,20090427,000000,2.94196,2.95081,2.89004,2.93338,257632.34220532046,0
GLQ.US,D,20090428,000000,2.87549,2.9474,2.87549,2.9272,164413.17578309274,0
GLQ.US,D,20090429,000000,2.97923,2.99942,2.92204,2.97359,355326.5926173769,0
GLQ.US,D,20090430,000000,3.03945,3.04814,2.98808,2.99942,353015.7527976707,0
GLQ.US,D,20090501,000000,3.00255,3.05392,2.99665,3.04285,286861.948060504,0
GLQ.US,D,20090504,000000,3.08628,3.16947,3.07438,3.16947,226471.25473812662,0
GLQ.US,D,20090505,000000,3.19262,3.20136,3.15232,3.17215,320603.5665806275,0
GLQ.US,D,20090506,000000,3.23559,3.27036,3.21531,3.24721,283342.5334198176,0
GLQ.US,D,20090507,000000,3.276,3.32542,3.21288,3.23274,304464.61651769385,0
GLQ.US,D,20090508,000000,3.4062,3.4062,3.23559,3.29315,165299.46398514285,0
GLQ.US,D,20090511,000000,3.22702,3.2617,3.21288,3.24721,181747.27205785946,0
GLQ.US,D,20090512,000000,3.28181,3.3137,3.18699,3.20415,169967.02470574417,0
GLQ.US,D,20090513,000000,3.09164,3.14676,3.08297,3.08297,157279.22718713398,0
GLQ.US,D,20090514,000000,3.06599,3.12327,3.06599,3.10897,208721.99063134295,0
GLQ.US,D,20090515,000000,3.13177,3.13784,3.06842,3.07438,150861.47107766737,0
GLQ.US,D,20090518,000000,3.0971,3.17215,3.0971,3.15482,275772.155027387,0
GLQ.US,D,20090519,000000,3.11772,3.20986,3.11772,3.1978,176745.11515999155,0
GLQ.US,D,20090520,000000,3.18091,3.2617,3.18091,3.18386,207908.4407286946,0
GLQ.US,D,20090521,000000,3.09164,3.16689,3.09164,3.14676,193016.11321259185,0
GLQ.US,D,20090522,000000,3.13784,3.17215,3.13177,3.15482,148103.01095388204,0
GLQ.US,D,20090526,000000,3.13479,3.2617,3.13479,3.24158,252132.20771916583,0
GLQ.US,D,20090527,000000,3.2239,3.27036,3.19262,3.22702,211862.04706433346,0
GLQ.US,D,20090528,000000,3.15482,3.27911,3.15482,3.27911,292468.39236887224,0
GLQ.US,D,20090529,000000,3.27911,3.35687,3.27314,3.35687,241052.48614290662,0
GLQ.US,D,20090601,000000,3.35113,3.49493,3.35113,3.45472,276695.37190452806,0
GLQ.US,D,20090602,000000,3.46302,3.53559,3.43497,3.47786,296370.52236952353,0
GLQ.US,D,20090603,000000,3.42862,3.4572,3.39135,3.41459,188109.07562935053,0
GLQ.US,D,20090604,000000,3.36821,3.45472,3.36821,3.45472,151205.01966104223,0
GLQ.US,D,20090605,000000,3.4809,3.50959,3.45472,3.48635,318358.75075575465,0
GLQ.US,D,20090608,000000,3.449,3.47222,3.41717,3.46917,173142.89076304555,0
GLQ.US,D,20090609,000000,3.449,3.50369,3.42862,3.49493,119700.38361047355,0
GLQ.US,D,20090610,000000,3.50369,3.52968,3.4809,3.48358,215632.12907527733,0
GLQ.US,D,20090611,000000,3.47482,3.54113,3.47482,3.51817,113592.60456154966,0
GLQ.US,D,20090612,000000,3.52681,3.52681,3.4893,3.50645,108055.5414003041,0
GLQ.US,D,20090615,000000,3.53818,3.53818,3.42862,3.43497,274682.1995869976,0
GLQ.US,D,20090616,000000,3.48358,3.48358,3.4086,3.4086,238510.00281581742,0
GLQ.US,D,20090617,000000,3.38278,3.4086,3.35963,3.35963,206559.98456273985,0
GLQ.US,D,20090618,000000,3.33969,3.38563,3.31924,3.36249,175232.15853226717,0
GLQ.US,D,20090619,000000,3.34847,3.41995,3.34847,3.38563,87946.19924037659,0
GLQ.US,D,20090622,000000,3.32201,3.38278,3.26741,3.26741,170504.1690706209,0
GLQ.US,D,20090623,000000,3.25043,3.29636,3.21288,3.24721,91479.0424901765,0
GLQ.US,D,20090624,000000,3.23014,3.32542,3.23014,3.28447,162323.90801390162,0
GLQ.US,D,20090625,000000,3.23559,3.37965,3.23559,3.37403,173985.53598545663,0
GLQ.US,D,20090626,000000,3.38563,3.39135,3.32773,3.37965,91653.61440876017,0
GLQ.US,D,20090629,000000,3.34248,3.43497,3.34248,3.40261,117038.16185206437,0
GLQ.US,D,20090630,000000,3.38563,3.4572,3.35687,3.37143,100572.44896717499,0
GLQ.US,D,20090701,000000,3.36536,3.45212,3.35363,3.41995,80799.94108604372,0
GLQ.US,D,20090702,000000,3.36821,3.37965,3.34248,3.34847,144339.6432475066,0
GLQ.US,D,20090706,000000,3.28447,3.33641,3.25892,3.30807,249613.22445807132,0
GLQ.US,D,20090707,000000,3.26465,3.28779,3.22702,3.22702,141479.34950455668,0
GLQ.US,D,20090708,000000,3.22156,3.24158,3.17555,3.23014,171928.7206882871,0
GLQ.US,D,20090709,000000,3.27314,3.27314,3.207,3.21531,157088.98855791127,0
GLQ.US,D,20090710,000000,3.19262,3.29932,3.19262,3.23891,154280.1711499286,0
GLQ.US,D,20090713,000000,3.24721,3.33408,3.24721,3.3137,167968.4000481205,0
GLQ.US,D,20090714,000000,3.33969,3.35687,3.29315,3.34248,124118.39601154659,0
GLQ.US,D,20090715,000000,3.35963,3.4572,3.35963,3.449,100729.11607359508,0
GLQ.US,D,20090716,000000,3.41129,3.54684,3.41129,3.4809,229659.43035378488,0
GLQ.US,D,20090717,000000,3.44586,3.50959,3.44586,3.49822,123959.4908035959,0
GLQ.US,D,20090720,000000,3.4809,3.49493,3.44024,3.49493,128661.74209776873,0
GLQ.US,D,20090721,000000,3.50101,3.51817,3.47482,3.50645,168865.87875774744,0
GLQ.US,D,20090722,000000,3.53559,3.54398,3.47786,3.50369,134941.85496374973,0
GLQ.US,D,20090723,000000,3.43721,3.61029,3.43721,3.60438,245764.80889390674,0
GLQ.US,D,20090724,000000,3.87249,3.87249,3.58429,3.64773,326974.32255816576,0
GLQ.US,D,20090727,000000,3.67929,3.70279,3.61904,3.67033,183172.94272629556,0
GLQ.US,D,20090728,000000,3.67929,3.67929,3.61029,3.66202,198806.08184562452,0
GLQ.US,D,20090729,000000,3.60438,3.63898,3.60438,3.62191,93975.64473607672,0
GLQ.US,D,20090730,000000,3.63049,3.6885,3.62467,3.65667,206023.95924862285,0
GLQ.US,D,20090731,000000,3.67929,3.74005,3.61904,3.72253,401846.651767678,0
GLQ.US,D,20090803,000000,3.79205,3.83771,3.6741,3.82958,210407.28107614475,0
GLQ.US,D,20090804,000000,3.82958,3.84399,3.774,3.82628,357115.95478287287,0
GLQ.US,D,20090805,000000,3.85201,3.85201,3.75756,3.8178,159558.733585558,0
GLQ.US,D,20090806,000000,3.86453,3.86453,3.77739,3.79777,200838.27802607015,0
GLQ.US,D,20090807,000000,3.86453,3.87249,3.77214,3.85523,390662.8584707144,0
GLQ.US,D,20090810,000000,3.87829,3.88946,3.774,3.87007,282207.81594902946,0
GLQ.US,D,20090811,000000,3.89589,3.89589,3.8152,3.83458,442133.5981839264,0
GLQ.US,D,20090812,000000,3.80644,3.83458,3.79777,3.82958,257454.41313444445,0
GLQ.US,D,20090813,000000,3.80644,3.87007,3.80644,3.84399,131265.77321664224,0
GLQ.US,D,20090814,000000,3.80911,3.85523,3.78892,3.80332,329357.90067729406,0
GLQ.US,D,20090817,000000,3.71056,3.72843,3.66776,3.69403,248009.62471877955,0
GLQ.US,D,20090818,000000,3.73424,3.75434,3.68267,3.75434,123623.77557554923,0
GLQ.US,D,20090819,000000,3.6885,3.77739,3.6885,3.7431,242440.1090854921,0
GLQ.US,D,20090820,000000,3.77214,3.774,3.70279,3.774,210617.66261904233,0
GLQ.US,D,20090821,000000,3.75756,3.87829,3.75756,3.85523,133339.37427519733,0
GLQ.US,D,20090824,000000,3.80644,3.89874,3.80644,3.89874,148726.32222728728,0
GLQ.US,D,20090825,000000,3.87829,3.9135,3.86684,3.89241,112553.00640536775,0
GLQ.US,D,20090826,000000,3.87007,3.9135,3.84709,3.84709,84261.16508719341,0
GLQ.US,D,20090827,000000,3.80911,3.832,3.78892,3.82084,149800.6109570407,0
GLQ.US,D,20090828,000000,3.87552,3.87552,3.8178,3.8581,157519.8231005744,0
GLQ.US,D,20090831,000000,3.78892,3.82958,3.78596,3.81189,150551.49401710433,0
GLQ.US,D,20090901,000000,3.75194,3.85024,3.7312,3.73424,241701.53558379548,0
GLQ.US,D,20090902,000000,3.68267,3.69689,3.65917,3.68508,196946.21948224618,0
GLQ.US,D,20090903,000000,3.66498,3.71394,3.66202,3.67606,98921.84909595079,0
GLQ.US,D,20090904,000000,3.70279,3.74889,3.68267,3.72253,215309.84245634725,0
GLQ.US,D,20090908,000000,3.74005,3.81189,3.74005,3.79517,186218.99889543952,0
GLQ.US,D,20090909,000000,3.774,3.8581,3.76578,3.85024,164922.34387897654,0
GLQ.US,D,20090910,000000,3.90411,3.9135,3.84084,3.90081,132184.5138907241,0
GLQ.US,D,20090911,000000,3.89241,3.9444,3.89241,3.92439,101745.21416381079,0
GLQ.US,D,20090914,000000,3.92439,3.96469,3.88946,3.94165,164217.3419000816,0
GLQ.US,D,20090915,000000,3.9765,4.02618,3.9327,3.96265,332346.8852576417,0
GLQ.US,D,20090916,000000,3.92163,4.06255,3.92163,4.05343,277102.706381227,0
GLQ.US,D,20090917,000000,4.03932,4.08069,4.00483,4.07168,213687.21885413013,0
GLQ.US,D,20090918,000000,4.07168,4.08847,4.02618,4.08847,122230.55737915503,0
GLQ.US,D,20090921,000000,3.99026,4.08069,3.99026,4.06907,176907.37752020103,0
GLQ.US,D,20090922,000000,4.06255,4.09652,4.04808,4.06255,204798.59866623676,0
GLQ.US,D,20090923,000000,4.06542,4.10259,4.03932,4.03932,253199.78214436094,0
GLQ.US,D,20090924,000000,4.02866,4.05665,3.9135,3.92753,295462.9722030388,0
GLQ.US,D,20090925,000000,3.88438,3.93048,3.8581,3.88659,293621.0146518159,0
GLQ.US,D,20090928,000000,3.89589,3.95576,3.89241,3.92439,115952.6826147138,0
GLQ.US,D,20090929,000000,3.94165,3.9765,3.92753,3.9765,101955.59570671854,0
GLQ.US,D,20090930,000000,3.95924,4.02019,3.94718,3.99687,189814.5089877967,0
GLQ.US,D,20091001,000000,4.01091,4.01091,3.90411,3.9327,145660.12314447865,0
GLQ.US,D,20091002,000000,3.87249,3.88946,3.80332,3.87007,323592.5511609853,0
GLQ.US,D,20091005,000000,3.87249,3.9135,3.86684,3.90993,235222.2316825344,0
GLQ.US,D,20091006,000000,3.91608,3.99687,3.91608,3.97086,162682.00425715273,0
GLQ.US,D,20091007,000000,3.96469,4.00483,3.92439,3.99338,154502.86225118305,0
GLQ.US,D,20091008,000000,4.03119,4.06542,3.99947,4.04808,303999.0914014694,0
GLQ.US,D,20091009,000000,4.03609,4.05665,4.03119,4.05665,136291.43018047436,0
GLQ.US,D,20091012,000000,4.04165,4.09079,4.03386,4.08069,161870.69245604423,0
GLQ.US,D,20091013,000000,4.04495,4.08069,4.01091,4.06907,136698.7646571733,0
GLQ.US,D,20091014,000000,4.10259,4.12689,4.08391,4.12689,220162.0465523829,0
GLQ.US,D,20091015,000000,4.12063,4.1545,4.11749,4.12063,314810.2407953055,0
GLQ.US,D,20091016,000000,4.08616,4.12689,4.08069,4.10858,236985.85568051625,0
GLQ.US,D,20091019,000000,4.02262,4.09409,4.01394,4.07479,340615.55132440897,0
GLQ.US,D,20091020,000000,4.08847,4.08847,4.03386,4.04165,121093.60180685758,0
GLQ.US,D,20091021,000000,4.02019,4.07168,4.01698,4.02618,223547.17510184247,0
GLQ.US,D,20091022,000000,3.99947,4.07479,3.99947,4.07479,202400.4728872525,0
GLQ.US,D,20091023,000000,4.05103,4.08847,4.04808,4.06542,169738.7383506708,0
GLQ.US,D,20091026,000000,4.05665,4.09079,4.00759,4.03386,168890.4978744815,0
GLQ.US,D,20091027,000000,4.01091,4.03386,3.92753,3.96265,197087.21987803126,0
GLQ.US,D,20091028,000000,3.9444,3.96265,3.7799,3.8178,231999.36549327415,0
GLQ.US,D,20091029,000000,3.76025,3.87552,3.76025,3.87249,286077.4934776388,0
GLQ.US,D,20091030,000000,3.87249,3.88438,3.74005,3.7799,255616.9317862909,0
GLQ.US,D,20091102,000000,3.81189,3.86087,3.75434,3.79517,281804.95767536934,0
GLQ.US,D,20091103,000000,3.78596,3.79517,3.75756,3.78596,164506.0569961999,0
GLQ.US,D,20091104,000000,3.79517,3.83771,3.79517,3.8178,129747.22133509895,0
GLQ.US,D,20091105,000000,3.8227,3.85201,3.80332,3.85024,391324.2174699602,0
GLQ.US,D,20091106,000000,3.832,3.87829,3.832,3.85024,296753.23772948835,0
GLQ.US,D,20091109,000000,3.87249,3.96819,3.87249,3.95343,286456.8516853245,0
GLQ.US,D,20091110,000000,3.94718,3.95924,3.9327,3.94718,128360.71744327321,0
GLQ.US,D,20091111,000000,3.99026,4.01698,3.95576,3.99026,222815.31590470418,0
GLQ.US,D,20091112,000000,3.97345,3.99338,3.94718,3.95343,112847.31675528463,0
GLQ.US,D,20091113,000000,3.95031,3.9765,3.9327,3.94165,149307.10957181323,0
GLQ.US,D,20091116,000000,3.95576,3.98426,3.95343,3.96819,232114.62772157564,0
GLQ.US,D,20091117,000000,3.96265,3.99947,3.95924,3.99026,138021.48265567498,0
GLQ.US,D,20091118,000000,3.96265,4.00187,3.96265,3.98696,219877.80765931358,0
GLQ.US,D,20091119,000000,3.97881,3.97881,3.9135,3.9327,166504.68165383374,0
GLQ.US,D,20091120,000000,3.9444,3.9444,3.88946,3.9135,147281.62769593604,0
GLQ.US,D,20091123,000000,3.9327,3.97881,3.92439,3.93048,142693.5195792948,0
GLQ.US,D,20091124,000000,3.9327,3.95576,3.91956,3.9444,169376.16590437063,0
GLQ.US,D,20091125,000000,3.94718,3.9765,3.92753,3.9765,187161.23963549573,0
GLQ.US,D,20091127,000000,3.87552,3.9327,3.84399,3.90081,78454.410692763,0
GLQ.US,D,20091130,000000,3.90081,3.91608,3.84709,3.9135,176627.6148301706,0
GLQ.US,D,20091201,000000,3.92753,3.97086,3.91608,3.96265,238723.74151102468,0
GLQ.US,D,20091202,000000,3.95924,3.99338,3.92753,3.97345,147180.91312752102,0
GLQ.US,D,20091203,000000,3.97345,3.99687,3.94718,3.96265,211145.85457782098,0
GLQ.US,D,20091204,000000,3.99947,3.99947,3.94165,3.96265,324505.69658126857,0
GLQ.US,D,20091207,000000,3.95343,3.96819,3.9386,3.95924,130782.34328824202,0
GLQ.US,D,20091208,000000,3.91956,3.94718,3.88946,3.90993,143912.16585711247,0
GLQ.US,D,20091209,000000,3.9135,3.93048,3.88438,3.90706,166214.8475069557,0
GLQ.US,D,20091210,000000,3.91956,3.95343,3.91956,3.9444,242342.75166935622,0
GLQ.US,D,20091211,000000,3.96265,3.98194,3.9444,3.95031,89586.72765475829,0
GLQ.US,D,20091214,000000,3.95924,4.02019,3.95924,4.00759,137713.74369664147,0
GLQ.US,D,20091215,000000,3.98696,4.01091,3.95576,3.99338,207540.2730286162,0
GLQ.US,D,20091216,000000,3.99687,4.04808,3.99687,4.02866,430212.350436026,0
GLQ.US,D,20091217,000000,4.00187,4.00759,3.96265,3.98696,211464.7840444821,0
GLQ.US,D,20091218,000000,3.98696,4.01394,3.95343,3.96469,183564.61049234832,0
GLQ.US,D,20091221,000000,3.9765,4.02262,3.97345,4.00759,249323.3903111933,0
GLQ.US,D,20091222,000000,4.02019,4.05103,3.99687,4.04495,259910.7295529949,0
GLQ.US,D,20091223,000000,4.03932,4.09079,4.03932,4.07168,292003.98630340747,0
GLQ.US,D,20091224,000000,4.06542,4.10572,4.06542,4.10572,104025.83961300465,0
GLQ.US,D,20091228,000000,4.12063,4.13617,4.09079,4.10259,103630.81469467275,0
GLQ.US,D,20091229,000000,4.12063,4.1545,4.08847,4.12063,159813.87715887467,0
GLQ.US,D,20091230,000000,4.09652,4.11474,4.06255,4.08847,224717.70219694154,0
GLQ.US,D,20091231,000000,4.07791,4.12314,4.07791,4.08847,241490.03499011786,0
GLQ.US,D,20100104,000000,4.08847,4.13279,4.06255,4.13279,637466.1464700433,0
GLQ.US,D,20100105,000000,4.13279,4.16612,4.12314,4.14807,213893.124193999,0
GLQ.US,D,20100106,000000,4.15737,4.23913,4.15737,4.23323,331433.7398373686,0
GLQ.US,D,20100107,000000,4.21885,4.29077,4.21885,4.28739,211713.21331324053,0
GLQ.US,D,20100108,000000,4.28193,4.28193,4.24995,4.26727,267203.58335691446,0
GLQ.US,D,20100111,000000,4.27059,4.34537,4.27059,4.28739,355774.21292143577,0
GLQ.US,D,20100112,000000,4.26398,4.27336,4.23592,4.24528,253452.68761615822,0
GLQ.US,D,20100113,000000,4.25842,4.27059,4.20928,4.27059,225075.79844021302,0
GLQ.US,D,20100114,000000,4.24995,4.29624,4.23913,4.29624,175147.11067447797,0
GLQ.US,D,20100115,000000,4.29624,4.29624,4.24995,4.26398,221650.38406337317,0
GLQ.US,D,20100119,000000,4.26398,4.32196,4.26398,4.30802,314664.76419648156,0
GLQ.US,D,20100120,000000,4.19231,4.19892,4.15101,4.17801,392644.69736695255,0
GLQ.US,D,20100121,000000,4.17801,4.21241,4.09964,4.10572,215660.10534429052,0
GLQ.US,D,20100122,000000,4.10259,4.10259,4.00483,4.00759,231947.88915829678,0
GLQ.US,D,20100125,000000,4.05103,4.06907,4.01091,4.01698,234039.39502902763,0
GLQ.US,D,20100126,000000,4.01698,4.02866,3.99338,4.01698,338493.83108316583,0
GLQ.US,D,20100127,000000,3.99947,4.02019,3.93048,3.98426,372735.6652930649,0
GLQ.US,D,20100128,000000,3.98426,4.00759,3.90993,3.93048,202920.8314907233,0
GLQ.US,D,20100129,000000,3.95031,3.96265,3.87249,3.90411,262154.4263270978,0
GLQ.US,D,20100201,000000,3.90993,3.96265,3.89241,3.95031,389549.40296436084,0
GLQ.US,D,20100202,000000,3.94718,4.01394,3.93582,4.01091,315627.1478502228,0
GLQ.US,D,20100203,000000,3.98426,4.00483,3.94718,3.99687,208097.56030717795,0
GLQ.US,D,20100204,000000,3.97345,3.97881,3.86087,3.86087,207197.8434960316,0
GLQ.US,D,20100205,000000,3.89874,3.89874,3.76846,3.80332,410927.7486863135,0
GLQ.US,D,20100208,000000,3.78596,3.83458,3.76846,3.80332,210325.59037063472,0
GLQ.US,D,20100209,000000,3.82958,3.87007,3.80332,3.84709,217447.22940824676,0
GLQ.US,D,20100210,000000,3.83771,3.85201,3.80098,3.85201,163539.19713942998,0
GLQ.US,D,20100211,000000,3.84084,3.90081,3.8227,3.89874,151196.06725494415,0
GLQ.US,D,20100212,000000,3.86684,3.88438,3.82084,3.87007,206170.55489819637,0
GLQ.US,D,20100216,000000,3.88946,3.96265,3.88946,3.95343,254133.0704783293,0
GLQ.US,D,20100217,000000,3.95576,3.99338,3.95031,3.99338,342948.7721593399,0
GLQ.US,D,20100218,000000,3.98194,4.00759,3.98194,4.00187,161263.0478932851,0
GLQ.US,D,20100219,000000,3.99338,4.00483,3.97086,3.97086,133535.2081582288,0
GLQ.US,D,20100222,000000,3.99026,4.00483,3.9765,3.98194,287382.3066639748,0
GLQ.US,D,20100223,000000,3.98194,3.98696,3.9327,3.9444,243553.56459185586,0
GLQ.US,D,20100224,000000,3.95924,3.98426,3.9386,3.94718,84679.6900714905,0
GLQ.US,D,20100225,000000,3.92163,3.95576,3.88946,3.94165,136649.5264237357,0
GLQ.US,D,20100226,000000,3.94718,4.00483,3.94165,3.99947,109235.0209015114,0
GLQ.US,D,20100301,000000,3.99947,4.03386,3.99947,4.00187,275248.43927164725,0
GLQ.US,D,20100302,000000,4.02618,4.03386,3.99947,4.02019,301701.68019087985,0
GLQ.US,D,20100303,000000,4.02618,4.06542,4.01394,4.04495,134637.4731569649,0
GLQ.US,D,20100304,000000,4.05343,4.05925,4.01698,4.03932,197146.52956833682,0
GLQ.US,D,20100305,000000,4.04808,4.08847,4.04808,4.08847,188586.91030392167,0
GLQ.US,D,20100308,000000,4.07791,4.10259,4.07791,4.09964,122999.34525138425,0
GLQ.US,D,20100309,000000,4.08847,4.11474,4.08069,4.08616,156485.82019817072,0
GLQ.US,D,20100310,000000,4.09079,4.12314,4.09079,4.11188,196114.7647674729,0
GLQ.US,D,20100311,000000,4.10858,4.1377,4.08069,4.11749,262277.52191071736,0
GLQ.US,D,20100312,000000,4.12314,4.1435,4.09964,4.09964,194659.99877927406,0
GLQ.US,D,20100315,000000,4.10259,4.12314,4.06907,4.08847,102371.88258950536,0
GLQ.US,D,20100316,000000,4.09079,4.13279,4.09079,4.12063,109237.25900303082,0
GLQ.US,D,20100317,000000,4.13279,4.18712,4.13279,4.14602,125022.58902573182,0
GLQ.US,D,20100318,000000,4.1545,4.16049,4.12063,4.16049,118176.23647513169,0
GLQ.US,D,20100319,000000,4.17211,4.17211,4.09409,4.09964,128377.50320468927,0
GLQ.US,D,20100322,000000,4.08391,4.12314,4.06255,4.12314,150327.68386505966,0
GLQ.US,D,20100323,000000,4.11749,4.13617,4.08847,4.12689,195390.7389256323,0
GLQ.US,D,20100324,000000,4.11474,4.15101,4.11188,4.13019,155212.3404331372,0
GLQ.US,D,20100325,000000,4.1377,4.17211,4.1377,4.1435,138037.14936631094,0
GLQ.US,D,20100326,000000,4.16049,4.16049,4.11474,4.1435,132068.13261167306,0
GLQ.US,D,20100329,000000,4.1435,4.14807,4.12689,4.1377,102028.33400613052,0
GLQ.US,D,20100330,000000,4.13617,4.15101,4.12063,4.13019,172826.19939793437,0
GLQ.US,D,20100331,000000,4.12689,4.14056,4.11474,4.13019,108371.11371467588,0
GLQ.US,D,20100401,000000,4.13617,4.16363,4.10572,4.15101,110932.6209046599,0
GLQ.US,D,20100405,000000,4.20928,4.21885,4.15101,4.21499,170188.59675625924,0
GLQ.US,D,20100406,000000,4.21499,4.26398,4.20579,4.24743,380616.02074605855,0
GLQ.US,D,20100407,000000,4.24743,4.25307,4.20303,4.22126,293994.77760572336,0
GLQ.US,D,20100408,000000,4.21885,4.22948,4.19534,4.21885,163505.6256166385,0
GLQ.US,D,20100409,000000,4.20928,4.29399,4.20928,4.25307,180686.41193724299,0
GLQ.US,D,20100412,000000,4.25842,4.29077,4.25307,4.26398,223236.07899050953,0
GLQ.US,D,20100413,000000,4.25486,4.27532,4.24995,4.26398,290907.31655844965,0
GLQ.US,D,20100414,000000,4.19231,4.26111,4.19231,4.25486,318957.4429124259,0
GLQ.US,D,20100415,000000,4.24995,4.28739,4.23592,4.26398,226118.75374867406,0
GLQ.US,D,20100416,000000,4.24995,4.27818,4.20579,4.23323,263294.73905170494,0
GLQ.US,D,20100419,000000,4.20928,4.21885,4.1435,4.17488,267534.82238191215,0
GLQ.US,D,20100420,000000,4.19079,4.22126,4.18176,4.20053,269324.18454738776,0
GLQ.US,D,20100421,000000,4.20928,4.22367,4.14807,4.21499,392712.95946331555,0
GLQ.US,D,20100422,000000,4.19534,4.22126,4.18712,4.19892,365286.1443827445,0
GLQ.US,D,20100423,000000,4.20009,4.27389,4.20009,4.27389,238796.47981043666,0
GLQ.US,D,20100426,000000,4.26727,4.29399,4.25307,4.28739,145637.74212926402,0
GLQ.US,D,20100427,000000,4.27818,4.28436,4.21885,4.21885,218991.51945725328,0
GLQ.US,D,20100428,000000,4.22367,4.24165,4.20579,4.21885,116098.15921352759,0
GLQ.US,D,20100429,000000,4.22948,4.27532,4.21885,4.26398,197180.10109112828,0
GLQ.US,D,20100430,000000,4.28436,4.28436,4.20303,4.20303,179435.3131873936,0
GLQ.US,D,20100503,000000,4.21499,4.25486,4.21499,4.24743,152213.2843959216,0
GLQ.US,D,20100504,000000,4.22126,4.22126,4.17801,4.19231,282497.65009590745,0
GLQ.US,D,20100505,000000,4.14807,4.16612,4.10572,4.11188,306307.69311966636,0
GLQ.US,D,20100506,000000,4.12063,4.12063,3.72253,3.96265,454716.2049310726,0
GLQ.US,D,20100507,000000,3.96265,3.96265,3.73719,3.8152,448919.5219934816,0
GLQ.US,D,20100510,000000,3.9327,4.03119,3.86087,4.02019,381676.88086668524,0
GLQ.US,D,20100511,000000,3.99947,4.02866,3.96469,3.99338,198490.5095312832,0
GLQ.US,D,20100512,000000,3.99338,4.03119,3.95343,4.01698,552210.145257079,0
GLQ.US,D,20100513,000000,3.99947,4.03386,3.99026,3.99338,119305.35869211114,0
GLQ.US,D,20100514,000000,3.97086,3.99026,3.89589,3.90993,173017.55707790665,0
GLQ.US,D,20100517,000000,3.92163,3.92439,3.8152,3.89241,148743.10798870336,0
GLQ.US,D,20100518,000000,3.9135,3.91956,3.78596,3.79517,202439.6396638425,0
GLQ.US,D,20100519,000000,3.74585,3.79517,3.65667,3.73424,265081.863115651,0
GLQ.US,D,20100520,000000,3.68267,3.68267,3.4809,3.49243,305480.7146079116,0
GLQ.US,D,20100521,000000,3.42862,3.52968,3.27036,3.49822,873166.212827149,0
GLQ.US,D,20100524,000000,3.47482,3.63898,3.46097,3.51522,212288.40540394754,0
GLQ.US,D,20100525,000000,3.42334,3.49493,3.38563,3.49493,198121.2227804146,0
GLQ.US,D,20100526,000000,3.54113,3.60438,3.49822,3.51226,166583.01520702394,0
GLQ.US,D,20100527,000000,3.57303,3.67033,3.57303,3.66498,385623.77289775555,0
GLQ.US,D,20100528,000000,3.64487,3.66202,3.60182,3.63898,100429.21046987556,0
GLQ.US,D,20100601,000000,3.59877,3.66776,3.58974,3.60182,106738.41865561118,0
GLQ.US,D,20100602,000000,3.60438,3.67929,3.5876,3.67929,116240.27866007238,0
GLQ.US,D,20100603,000000,3.69689,3.70519,3.64487,3.69125,145013.3118051092,0
GLQ.US,D,20100604,000000,3.61904,3.64773,3.56427,3.58974,274760.5331402285,0
GLQ.US,D,20100607,000000,3.58974,3.63898,3.553,3.55532,219626.02123825572,0
GLQ.US,D,20100608,000000,3.54971,3.60438,3.53559,3.60438,255690.78913645243,0
GLQ.US,D,20100609,000000,3.61306,3.63049,3.58429,3.5876,178946.28800520496,0
GLQ.US,D,20100610,000000,3.60182,3.69125,3.60182,3.69125,159372.9711593843,0
GLQ.US,D,20100611,000000,3.66776,3.7312,3.62467,3.72253,191861.25282813897,0
GLQ.US,D,20100614,000000,3.7431,3.76025,3.71922,3.72843,88741.84433084304,0
GLQ.US,D,20100615,000000,3.75194,3.78892,3.7312,3.78277,215129.67528397212,0
GLQ.US,D,20100616,000000,3.774,3.78892,3.71056,3.78277,143108.68741133207,0
GLQ.US,D,20100617,000000,3.79517,3.80098,3.76025,3.80098,104928.91357644033,0
GLQ.US,D,20100618,000000,3.80098,3.8152,3.76372,3.80098,133056.25443287758,0
GLQ.US,D,20100621,000000,3.82084,3.86087,3.78892,3.79205,144148.285567514,0
GLQ.US,D,20100622,000000,3.78596,3.80332,3.7312,3.7312,106504.53704674942,0
GLQ.US,D,20100623,000000,3.73424,3.73719,3.70519,3.70519,189993.5571094324,0
GLQ.US,D,20100624,000000,3.6885,3.72843,3.63898,3.63898,182754.41774200968,0
GLQ.US,D,20100625,000000,3.64487,3.69689,3.63049,3.69125,132977.9208796772,0
GLQ.US,D,20100628,000000,3.68508,3.72494,3.65086,3.67606,172933.62827090768,0
GLQ.US,D,20100629,000000,3.64193,3.65363,3.54971,3.54971,323216.55010556855,0
GLQ.US,D,20100630,000000,3.53987,3.59564,3.53692,3.53692,172259.95971329493,0
GLQ.US,D,20100701,000000,3.52119,3.56731,3.45212,3.52119,185762.42618530296,0
GLQ.US,D,20100702,000000,3.53559,3.54971,3.49493,3.52968,140726.2283429533,0
GLQ.US,D,20100706,000000,3.54971,3.63049,3.53247,3.5699,238999.0279980264,0
GLQ.US,D,20100707,000000,3.56427,3.65667,3.56427,3.65667,130716.3192933985,0
GLQ.US,D,20100708,000000,3.66776,3.68508,3.63648,3.67606,200500.32469648373,0
GLQ.US,D,20100709,000000,3.68508,3.71394,3.65917,3.69125,197938.81750650986,0
GLQ.US,D,20100712,000000,3.68508,3.71664,3.6741,3.68267,91633.47149507717,0
GLQ.US,D,20100713,000000,3.71056,3.76025,3.70279,3.75434,135303.30835925968,0
GLQ.US,D,20100714,000000,3.74889,3.76372,3.71664,3.73424,189830.17569844288,0
GLQ.US,D,20100715,000000,3.74585,3.75194,3.68508,3.74585,221081.9062772448,0
GLQ.US,D,20100716,000000,3.73424,3.74585,3.68508,3.69689,160245.8307523077,0
GLQ.US,D,20100719,000000,3.71056,3.73424,3.69403,3.7312,127966.81157570104,0
GLQ.US,D,20100720,000000,3.69403,3.76025,3.6741,3.76025,95816.48323652873,0
GLQ.US,D,20100721,000000,3.7799,3.7799,3.71394,3.71394,242399.823258122,0
GLQ.US,D,20100722,000000,3.67033,3.774,3.67033,3.74005,214374.31602086965,0
GLQ.US,D,20100723,000000,3.74889,3.75194,3.72253,3.75194,138875.31838567302,0
GLQ.US,D,20100726,000000,3.76372,3.78277,3.74889,3.76372,108571.42380074621,0
GLQ.US,D,20100727,000000,3.774,3.80911,3.75434,3.80644,168183.25779405693,0
GLQ.US,D,20100728,000000,3.80332,3.80332,3.75434,3.76025,123685.32336736405,0
GLQ.US,D,20100729,000000,3.76846,3.8152,3.76025,3.79777,89375.22706108981,0
GLQ.US,D,20100730,000000,3.76372,3.84084,3.76372,3.82628,130035.93643122744,0
GLQ.US,D,20100802,000000,3.84709,3.91608,3.84709,3.90706,120699.69593927522,0
GLQ.US,D,20100803,000000,3.83458,3.94165,3.69985,3.92439,195295.61961102602,0
GLQ.US,D,20100804,000000,3.9327,3.96265,3.93048,3.96265,333342.8404341846,0
GLQ.US,D,20100805,000000,3.95924,3.96265,3.91956,3.95924,174145.56024415686,0
GLQ.US,D,20100806,000000,3.93048,3.94718,3.9135,3.92163,152255.8083248111,0
GLQ.US,D,20100809,000000,3.9327,3.95031,3.9327,3.9327,80276.22533029172,0
GLQ.US,D,20100810,000000,3.92163,3.94165,3.87829,3.91956,164273.29443808767,0
GLQ.US,D,20100811,000000,3.87007,3.88659,3.78892,3.79777,133018.2067070371,0
GLQ.US,D,20100812,000000,3.72843,3.832,3.72843,3.80911,99244.13571487376,0
GLQ.US,D,20100813,000000,3.8178,3.82628,3.78596,3.78596,85854.69336965082,0
GLQ.US,D,20100816,000000,3.77739,3.81189,3.77214,3.80332,97762.51250843362,0
GLQ.US,D,20100817,000000,3.82084,3.86453,3.82084,3.84709,75028.99631593637,0
GLQ.US,D,20100818,000000,3.85523,3.87007,3.80098,3.85201,76058.52301527579,0
GLQ.US,D,20100819,000000,3.84084,3.86684,3.7312,3.832,359618.15228257165,0
GLQ.US,D,20100820,000000,3.80911,3.84709,3.80911,3.82958,257439.86547458847,0
GLQ.US,D,20100823,000000,3.84399,3.88659,3.8152,3.8227,155705.8418183647,0
GLQ.US,D,20100824,000000,3.7799,3.81189,3.75434,3.7799,185905.6646826075,0
GLQ.US,D,20100825,000000,3.74585,3.79777,3.74585,3.79205,118198.61749033617,0
GLQ.US,D,20100826,000000,3.79777,3.82084,3.71922,3.72253,108879.16275977968,0
GLQ.US,D,20100827,000000,3.75434,3.78277,3.7312,3.78277,88835.84459469773,0
GLQ.US,D,20100830,000000,3.77739,3.77739,3.73424,3.74585,86822.6722771815,0
GLQ.US,D,20100831,000000,3.73352,3.79813,3.73352,3.7799,140819.1095560605,0
GLQ.US,D,20100901,000000,3.80911,3.87829,3.80644,3.86087,188914.79217665034,0
GLQ.US,D,20100902,000000,3.87552,3.88106,3.832,3.86453,156517.15361947325,0
GLQ.US,D,20100903,000000,3.87007,3.90706,3.87007,3.89874,82753.80371326863,0
GLQ.US,D,20100907,000000,3.89241,3.89589,3.85201,3.85523,89528.53701523176,0
GLQ.US,D,20100908,000000,3.87249,3.90706,3.87249,3.90081,98828.96788285681,0
GLQ.US,D,20100909,000000,3.9386,3.9386,3.88946,3.92439,96074.98396212253,0
GLQ.US,D,20100910,000000,3.91608,3.9327,3.88946,3.90706,108450.56631864616,0
GLQ.US,D,20100913,000000,3.92753,3.95924,3.91608,3.9327,117836.04504404617,0
GLQ.US,D,20100914,000000,3.94165,3.96819,3.9327,3.96819,97479.39266611388,0
GLQ.US,D,20100915,000000,3.97086,3.98426,3.93048,3.95343,128058.57373802816,0
GLQ.US,D,20100916,000000,3.95924,3.95924,3.91608,3.93048,70297.64970201199,0
GLQ.US,D,20100917,000000,3.95576,3.95576,3.92163,3.94165,127331.19074394908,0
GLQ.US,D,20100920,000000,3.95031,3.98696,3.95031,3.98696,204791.88436168863,0
GLQ.US,D,20100921,000000,3.99687,3.99687,3.97345,3.97881,151945.83126424806,0
GLQ.US,D,20100922,000000,3.97881,3.99947,3.96469,3.98194,194747.28473856233,0
GLQ.US,D,20100923,000000,3.96469,3.99026,3.95031,3.95924,204386.78798650912,0
GLQ.US,D,20100924,000000,3.98194,4.02618,3.98194,4.00483,241371.4156095474,0
GLQ.US,D,20100927,000000,4.01091,4.01698,3.98194,4.00483,133005.89714868023,0
GLQ.US,D,20100928,000000,4.01698,4.05665,4.00483,4.05343,134291.68647206048,0
GLQ.US,D,20100929,000000,4.05925,4.07479,4.03386,4.06542,69846.67224567094,0
GLQ.US,D,20100930,000000,4.07791,4.12143,4.06202,4.0864,161088.4759746984,0
GLQ.US,D,20101001,000000,4.11749,4.1377,4.09409,4.1377,109252.92571368716,0
GLQ.US,D,20101004,000000,4.1435,4.1435,4.06907,4.08847,150467.565210085,0
GLQ.US,D,20101005,000000,4.09964,4.18712,4.09964,4.16926,243682.25542925356,0
GLQ.US,D,20101006,000000,4.17801,4.19231,4.15101,4.16049,146528.50653435302,0
GLQ.US,D,20101007,000000,4.15101,4.18712,4.1435,4.16363,228031.2114977692,0
GLQ.US,D,20101008,000000,4.18712,4.20053,4.15737,4.19892,132417.27644884647,0
GLQ.US,D,20101011,000000,4.19231,4.24743,4.19231,4.22681,273258.76702008094,0
GLQ.US,D,20101012,000000,4.22367,4.22367,4.18712,4.21499,176689.1626219651,0
GLQ.US,D,20101013,000000,4.22681,4.25486,4.20928,4.24165,352282.7745497524,0
GLQ.US,D,20101014,000000,4.23323,4.27818,4.22948,4.26398,177145.73533212199,0
GLQ.US,D,20101015,000000,4.28739,4.28739,4.23323,4.25486,252028.13599848183,0
GLQ.US,D,20101018,000000,4.24995,4.28739,4.23913,4.26398,246933.0978875067,0
GLQ.US,D,20101019,000000,4.1545,4.18176,4.09964,4.12063,393911.46282744815,0
GLQ.US,D,20101020,000000,4.1377,4.19079,4.13617,4.17488,181497.7237383617,0
GLQ.US,D,20101021,000000,4.18712,4.21499,4.16363,4.17211,152208.8081928726,0
GLQ.US,D,20101022,000000,4.18463,4.20928,4.17488,4.18463,131665.274338013,0
GLQ.US,D,20101025,000000,4.20053,4.24165,4.19892,4.21241,182367.22617899577,0
GLQ.US,D,20101026,000000,4.20303,4.22367,4.17801,4.21241,169255.30842228077,0
GLQ.US,D,20101027,000000,4.19079,4.22681,4.17801,4.22681,305789.5726177251,0
GLQ.US,D,20101028,000000,4.23913,4.24995,4.21499,4.22367,335034.8451835345,0
GLQ.US,D,20101029,000000,4.22832,4.22832,4.20695,4.22529,112588.8160296888,0
GLQ.US,D,20101101,000000,4.24528,4.26727,4.22367,4.24995,206388.76979642213,0
GLQ.US,D,20101102,000000,4.25486,4.30802,4.25486,4.30802,228942.11881654322,0
GLQ.US,D,20101103,000000,4.31303,4.34537,4.29919,4.34537,170430.3117204492,0
GLQ.US,D,20101104,000000,4.36558,4.41964,4.36558,4.37667,233175.48784218196,0
GLQ.US,D,20101105,000000,4.40659,4.45833,4.40373,4.45833,130397.38982675772,0
GLQ.US,D,20101108,000000,4.45833,4.47423,4.43421,4.45235,144656.33461260764,0
GLQ.US,D,20101109,000000,4.46163,4.48255,4.36826,4.38729,266301.6284442182,0
GLQ.US,D,20101110,000000,4.38139,4.40373,4.32446,4.36558,334784.17781326687,0
GLQ.US,D,20101111,000000,4.32751,4.36558,4.30471,4.3419,106525.799011184,0
GLQ.US,D,20101112,000000,4.33028,4.36021,4.27818,4.31616,153531.52619139457,0
GLQ.US,D,20101115,000000,4.31303,4.31919,4.26111,4.30802,90531.20649632782,0
GLQ.US,D,20101116,000000,4.29399,4.29399,4.12314,4.15737,173386.84382878544,0
GLQ.US,D,20101117,000000,4.17211,4.25486,4.15737,4.20303,205350.2906910101,0
GLQ.US,D,20101118,000000,4.23913,4.28193,4.22367,4.24743,155170.9355550074,0
GLQ.US,D,20101119,000000,4.23592,4.24528,4.21885,4.22126,91815.87676898189,0
GLQ.US,D,20101122,000000,4.21885,4.22681,4.18463,4.21885,283676.01054634486,0
GLQ.US,D,20101123,000000,4.20053,4.20579,4.14807,4.1545,221820.47977893119,0
GLQ.US,D,20101124,000000,4.16926,4.21885,4.16926,4.19534,247916.74350567238,0
GLQ.US,D,20101126,000000,4.17211,4.20928,4.17211,4.20303,47680.514788571876,0
GLQ.US,D,20101129,000000,4.20053,4.20303,4.16612,4.20053,76178.26144661408,0
GLQ.US,D,20101130,000000,4.18632,4.20009,4.16809,4.19481,125396.35197962914,0
GLQ.US,D,20101201,000000,4.23323,4.27336,4.23323,4.26111,144106.88068940456,0
GLQ.US,D,20101202,000000,4.24995,4.33028,4.24995,4.32751,133610.18455916017,0
GLQ.US,D,20101203,000000,4.31303,4.34537,4.30471,4.33286,183566.84859386776,0
GLQ.US,D,20101206,000000,4.32196,4.33286,4.29624,4.31919,157857.7764301405,0
GLQ.US,D,20101207,000000,4.33028,4.35699,4.29624,4.29919,184526.9941460896,0
GLQ.US,D,20101208,000000,4.31098,4.31098,4.23323,4.25307,309469.01151710155,0
GLQ.US,D,20101209,000000,4.27336,4.29077,4.21885,4.26398,232825.224954259,0
GLQ.US,D,20101210,000000,4.25842,4.27818,4.24743,4.27336,101711.64264100918,0
GLQ.US,D,20101213,000000,4.29077,4.29624,4.24995,4.24995,163008.76707911154,0
GLQ.US,D,20101214,000000,4.26111,4.26398,4.23323,4.24528,365144.0249362099,0
GLQ.US,D,20101215,000000,4.22367,4.24528,4.20053,4.20579,162245.57446070123,0
GLQ.US,D,20101216,000000,4.21499,4.22681,4.18463,4.22126,240280.34111840843,0
GLQ.US,D,20101217,000000,4.20928,4.23323,4.19892,4.23323,173230.176722344,0
GLQ.US,D,20101220,000000,4.24528,4.25486,4.22126,4.24528,99503.7554912283,0
GLQ.US,D,20101221,000000,4.25842,4.27059,4.23592,4.26111,271316.0949004633,0
GLQ.US,D,20101222,000000,4.25307,4.29077,4.24995,4.27532,204986.5991939502,0
GLQ.US,D,20101223,000000,4.28739,4.31098,4.27336,4.30471,217276.014641929,0
GLQ.US,D,20101227,000000,4.28739,4.33608,4.28739,4.32196,105435.84357079456,0
GLQ.US,D,20101228,000000,4.32196,4.33608,4.31098,4.32446,100188.6145564433,0
GLQ.US,D,20101229,000000,4.32061,4.34797,4.30936,4.33206,342839.1051848472,0
GLQ.US,D,20101230,000000,4.33903,4.35155,4.30936,4.32644,138594.4366448829,0
GLQ.US,D,20101231,000000,4.32751,4.36226,4.3183,4.35619,141295.8251798821,0
GLQ.US,D,20110103,000000,4.38415,4.41553,4.36826,4.40954,108244.66097877726,0
GLQ.US,D,20110104,000000,4.40954,4.4174,4.37667,4.40659,213331.3607123984,0
GLQ.US,D,20110105,000000,4.38139,4.42205,4.36021,4.42205,307512.9107883471,0
GLQ.US,D,20110106,000000,4.42787,4.49515,4.38415,4.39714,218484.58946290924,0
GLQ.US,D,20110107,000000,4.40659,4.41294,4.36826,4.39999,170140.47757357117,0
GLQ.US,D,20110110,000000,4.39373,4.42205,4.37969,4.4174,196450.47999551956,0
GLQ.US,D,20110111,000000,4.43027,4.44324,4.41294,4.4174,112946.91227293994,0
GLQ.US,D,20110112,000000,4.43983,4.49515,4.43983,4.47683,160593.85553870103,0
GLQ.US,D,20110113,000000,4.47916,4.50408,4.46619,4.48917,131387.74974948168,0
GLQ.US,D,20110114,000000,4.48496,4.49515,4.46163,4.48496,267441.9411688253,0
GLQ.US,D,20110118,000000,4.48917,4.49755,4.46861,4.47156,235938.42416900618,0
GLQ.US,D,20110119,000000,4.39999,4.43983,4.35405,4.35405,298418.38526057464,0
GLQ.US,D,20110120,000000,4.33911,4.33911,4.28193,4.31303,119774.2409606249,0
GLQ.US,D,20110121,000000,4.33028,4.33608,4.29624,4.29919,180612.5545870611,0
GLQ.US,D,20110124,000000,4.30206,4.31098,4.27818,4.29624,149029.58498329206,0
GLQ.US,D,20110125,000000,4.29399,4.31616,4.27059,4.31616,123473.82277368642,0
GLQ.US,D,20110126,000000,4.31098,4.34842,4.30471,4.32751,219015.01952322765,0
GLQ.US,D,20110127,000000,4.33286,4.36826,4.33286,4.35699,170159.50143647616,0
GLQ.US,D,20110128,000000,4.34537,4.35699,4.26727,4.28739,168784.1880522679,0
GLQ.US,D,20110131,000000,4.28131,4.30079,4.27487,4.27487,365062.33423071,0
GLQ.US,D,20110201,000000,4.29919,4.39087,4.29919,4.39087,242218.53703498715,0
GLQ.US,D,20110202,000000,4.37667,4.40659,4.37058,4.40373,361467.9431890923,0
GLQ.US,D,20110203,000000,4.39714,4.40954,4.36826,4.40954,98901.70618226778,0
GLQ.US,D,20110204,000000,4.39999,4.40373,4.36021,4.38139,143276.54502536048,0
GLQ.US,D,20110207,000000,4.38415,4.41964,4.38415,4.39373,221293.40687089192,0
GLQ.US,D,20110208,000000,4.40373,4.43027,4.40373,4.43027,75839.18906628827,0
GLQ.US,D,20110209,000000,4.41964,4.41964,4.38415,4.39087,195260.92903747485,0
GLQ.US,D,20110210,000000,4.36289,4.40373,4.35699,4.38415,118819.69066221183,0
GLQ.US,D,20110211,000000,4.37334,4.41964,4.37058,4.40954,208983.8485092281,0
GLQ.US,D,20110214,000000,4.41553,4.42205,4.40954,4.4174,122782.2494039182,0
GLQ.US,D,20110215,000000,4.41964,4.4375,4.39999,4.43027,222028.62322030935,0
GLQ.US,D,20110216,000000,4.43421,4.45833,4.42518,4.45833,192885.18427366452,0
GLQ.US,D,20110218,000000,4.45833,4.48255,4.45235,4.47156,213315.6940017624,0
GLQ.US,D,20110222,000000,4.4174,4.43027,4.33911,4.35699,210455.40025882266,0
GLQ.US,D,20110223,000000,4.37058,4.37334,4.29624,4.33608,90180.94360839877,0
GLQ.US,D,20110224,000000,4.32196,4.35405,4.28739,4.32446,105481.72465196322,0
GLQ.US,D,20110225,000000,4.35699,4.39087,4.33028,4.39087,164736.58145279269,0
GLQ.US,D,20110228,000000,4.42054,4.44053,4.39489,4.44053,97923.65581789358,0
GLQ.US,D,20110301,000000,4.45029,4.45029,4.35155,4.36505,146379.67278327025,0
GLQ.US,D,20110302,000000,4.36289,4.38729,4.352,4.38729,175886.80322694444,0
GLQ.US,D,20110303,000000,4.42376,4.47621,4.42054,4.47621,191466.22790979687,0
GLQ.US,D,20110304,000000,4.46861,4.46861,4.40954,4.43421,164845.1293765257,0
GLQ.US,D,20110307,000000,4.46163,4.46163,4.34842,4.37334,240500.79411814344,0
GLQ.US,D,20110308,000000,4.37334,4.41553,4.36826,4.39373,178631.83474160303,0
GLQ.US,D,20110309,000000,4.37058,4.39999,4.36826,4.37969,46845.70292149812,0
GLQ.US,D,20110310,000000,4.36021,4.36021,4.30936,4.31776,117445.49632875313,0
GLQ.US,D,20110311,000000,4.31098,4.36558,4.31098,4.36021,224284.6295527793,0
GLQ.US,D,20110314,000000,4.33608,4.3419,4.29077,4.31919,203530.7141550018,0
GLQ.US,D,20110315,000000,4.23323,4.27818,4.20928,4.27818,162339.5747245376,0
GLQ.US,D,20110316,000000,4.28193,4.28436,4.14056,4.15737,473776.99652876076,0
GLQ.US,D,20110317,000000,4.22948,4.25934,4.20892,4.22681,218194.7553160312,0
GLQ.US,D,20110318,000000,4.27059,4.28436,4.26111,4.27059,129758.4118426961,0
GLQ.US,D,20110321,000000,4.31303,4.35405,4.31303,4.33608,77394.66962289909,0
GLQ.US,D,20110322,000000,4.352,4.36021,4.3419,4.35405,128549.8370217464,0
GLQ.US,D,20110323,000000,4.3419,4.36558,4.31098,4.35699,109027.99651088277,0
GLQ.US,D,20110324,000000,4.37334,4.40373,4.35405,4.39714,139397.91509066324,0
GLQ.US,D,20110325,000000,4.37969,4.42054,4.37058,4.39131,131823.06049520397,0
GLQ.US,D,20110328,000000,4.40659,4.43421,4.39714,4.39714,73673.82584539181,0
GLQ.US,D,20110329,000000,4.38139,4.39999,4.35699,4.39087,150288.51708846964,0
GLQ.US,D,20110330,000000,4.41553,4.4638,4.41294,4.41294,92749.16510294918,0
GLQ.US,D,20110331,000000,4.40864,4.44707,4.4057,4.42787,122756.51123644476,0
GLQ.US,D,20110401,000000,4.45029,4.46817,4.43806,4.46817,73297.82478998118,0
GLQ.US,D,20110404,000000,4.47683,4.48255,4.45557,4.46861,52472.29014354529,0
GLQ.US,D,20110405,000000,4.47271,4.49988,4.46817,4.49658,151436.66316838458,0
GLQ.US,D,20110406,000000,4.51874,4.52348,4.48917,4.51124,250643.87020817553,0
GLQ.US,D,20110407,000000,4.49988,4.51838,4.47621,4.51838,80792.10773072063,0
GLQ.US,D,20110408,000000,4.53206,4.53455,4.46817,4.49426,97555.48811780398,0
GLQ.US,D,20110411,000000,4.48469,4.488,4.44053,4.44707,94978.3142171738,0
GLQ.US,D,20110412,000000,4.42376,4.42822,4.35155,4.37334,158981.30339332134,0
GLQ.US,D,20110413,000000,4.39489,4.4174,4.37058,4.37334,227920.4254725269,0
GLQ.US,D,20110414,000000,4.32339,4.39131,4.32339,4.36505,119842.50305699803,0
GLQ.US,D,20110415,000000,4.37667,4.37667,4.36289,4.37058,63550.89266905393,0
GLQ.US,D,20110418,000000,4.34457,4.34457,4.28577,4.31231,85867.00292801276,0
GLQ.US,D,20110419,000000,4.31518,4.34091,4.3073,4.34091,103024.28918267338,0
GLQ.US,D,20110420,000000,4.39714,4.42376,4.38791,4.42376,90222.34848652652,0
GLQ.US,D,20110421,000000,4.41314,4.45726,4.41314,4.45726,63838.488714412524,0
GLQ.US,D,20110425,000000,4.4638,4.4638,4.4074,4.41314,124577.20682320258,0
GLQ.US,D,20110426,000000,4.42376,4.47621,4.42376,4.44404,190154.7004188924,0
GLQ.US,D,20110427,000000,4.4638,4.47271,4.42822,4.46531,172470.34125620266,0
GLQ.US,D,20110428,000000,4.46531,4.47621,4.42625,4.46817,369573.2278448699,0
GLQ.US,D,20110429,000000,4.47238,4.50177,4.47238,4.49237,201464.94645175454,0
GLQ.US,D,20110502,000000,4.51534,4.54438,4.49658,4.53206,325516.1994176878,0
GLQ.US,D,20110503,000000,4.51249,4.51838,4.47271,4.4914,245256.75984879278,0
GLQ.US,D,20110504,000000,4.50364,4.50364,4.42822,4.4638,163726.0786163837,0
GLQ.US,D,20110505,000000,4.42822,4.45726,4.38415,4.39714,168920.71224500396,0
GLQ.US,D,20110506,000000,4.42822,4.47048,4.41025,4.41025,71270.10481258557,0
GLQ.US,D,20110509,000000,4.4174,4.43806,4.41025,4.43153,158230.42033325776,0
GLQ.US,D,20110510,000000,4.45029,4.47271,4.43806,4.47271,130800.2481004178,0
GLQ.US,D,20110511,000000,4.47879,4.47879,4.42054,4.43153,215192.34212655682,0
GLQ.US,D,20110512,000000,4.42822,4.46817,4.4074,4.4603,96553.93768746866,0
GLQ.US,D,20110513,000000,4.43806,4.4603,4.40445,4.41314,118283.665348105,0
GLQ.US,D,20110516,000000,4.40445,4.42376,4.37667,4.39131,105579.08206809909,0
GLQ.US,D,20110517,000000,4.37667,4.37969,4.32339,4.36505,135821.4288612009,0
GLQ.US,D,20110518,000000,4.36505,4.40052,4.35699,4.40052,59469.71454677812,0
GLQ.US,D,20110519,000000,4.40445,4.42625,4.38415,4.42376,99755.54191226381,0
GLQ.US,D,20110520,000000,4.42625,4.43153,4.38791,4.40052,166746.3966180237,0
GLQ.US,D,20110523,000000,4.35699,4.36021,4.33206,4.33206,104606.62695753059,0
GLQ.US,D,20110524,000000,4.34457,4.35369,4.31518,4.33573,180628.22129769714,0
GLQ.US,D,20110525,000000,4.32644,4.35155,4.31518,4.34091,119961.12243757864,0
GLQ.US,D,20110526,000000,4.34091,4.37058,4.32644,4.36289,104926.6754749209,0
GLQ.US,D,20110527,000000,4.37969,4.40052,4.37969,4.39489,74717.90020461462,0
GLQ.US,D,20110531,000000,4.42518,4.44404,4.41688,4.44404,167966.1619465909,0
GLQ.US,D,20110601,000000,4.43554,4.44053,4.37058,4.37058,162778.24262251874,0
GLQ.US,D,20110602,000000,4.36505,4.40052,4.34797,4.36505,141286.872773784,0
GLQ.US,D,20110603,000000,4.32644,4.36289,4.3073,4.34091,200932.27828993704,0
GLQ.US,D,20110606,000000,4.34091,4.34457,4.29212,4.29524,198891.1297034137,0
GLQ.US,D,20110607,000000,4.31518,4.33573,4.3073,4.3073,92580.18843816716,0
GLQ.US,D,20110608,000000,4.30124,4.30124,4.2479,4.2561,115035.06099139166,0
GLQ.US,D,20110609,000000,4.27612,4.31231,4.26487,4.29524,76842.97759814406,0
GLQ.US,D,20110610,000000,4.27138,4.27934,4.20009,4.22126,120735.5055635861,0
GLQ.US,D,20110613,000000,4.23634,4.23634,4.17675,4.19231,137316.48067679018,0
GLQ.US,D,20110614,000000,4.22126,4.24528,4.2184,4.23634,98316.44263470705,0
GLQ.US,D,20110615,000000,4.20525,4.21499,4.13421,4.14744,135000.0456032549,0
GLQ.US,D,20110616,000000,4.15281,4.16809,4.09034,4.12422,157649.6329887318,0
GLQ.US,D,20110617,000000,4.15924,4.16246,4.13421,4.13931,85442.88268991504,0
GLQ.US,D,20110620,000000,4.12143,4.14744,4.09463,4.14198,170655.24092323324,0
GLQ.US,D,20110621,000000,4.16246,4.19481,4.16246,4.18632,162620.45646533792,0
GLQ.US,D,20110622,000000,4.16809,4.22367,4.16809,4.18971,109001.13929263945,0
GLQ.US,D,20110623,000000,4.13931,4.19811,4.12143,4.18105,133445.68409740075,0
GLQ.US,D,20110624,000000,4.18971,4.20249,4.15281,4.15603,116058.99243693755,0
GLQ.US,D,20110627,000000,4.15281,4.2184,4.15281,4.20249,118849.90503275463,0
GLQ.US,D,20110628,000000,4.22681,4.26851,4.2184,4.26851,131943.9179772837,0
GLQ.US,D,20110629,000000,4.27612,4.31776,4.26487,4.30936,80897.29850217653,0
GLQ.US,D,20110630,000000,4.32196,4.34797,4.31563,4.34797,101775.42853434342,0
GLQ.US,D,20110701,000000,4.36655,4.38988,4.32384,4.38988,128285.74104234182,0
GLQ.US,D,20110705,000000,4.37477,4.38988,4.36986,4.38105,149129.18050094738,0
GLQ.US,D,20110706,000000,4.37477,4.39909,4.37477,4.38622,243344.30209969764,0
GLQ.US,D,20110707,000000,4.43511,4.4603,4.42822,4.43788,199964.2993823769,0
GLQ.US,D,20110708,000000,4.40632,4.42564,4.38327,4.42564,192917.63674569625,0
GLQ.US,D,20110711,000000,4.3779,4.3779,4.31231,4.33949,121468.48381149427,0
GLQ.US,D,20110712,000000,4.32384,4.36325,4.30954,4.3183,120949.24425878318,0
GLQ.US,D,20110713,000000,4.33286,4.35504,4.3183,4.3183,131905.8702514534,0
GLQ.US,D,20110714,000000,4.32983,4.35781,4.27336,4.29489,113565.7473433165,0
GLQ.US,D,20110715,000000,4.31518,4.31518,4.27577,4.30124,131009.51059256583,0
GLQ.US,D,20110718,000000,4.30954,4.30954,4.26727,4.29829,243733.7317642208,0
GLQ.US,D,20110719,000000,4.32384,4.36325,4.3183,4.36325,56632.920869791364,0
GLQ.US,D,20110720,000000,4.37477,4.3779,4.35781,4.37174,143914.40395864207,0
GLQ.US,D,20110721,000000,4.3931,4.42564,4.38327,4.42323,145420.64628179796,0
GLQ.US,D,20110722,000000,4.43107,4.43107,4.40337,4.42323,85215.71538560343,0
GLQ.US,D,20110725,000000,4.38105,4.42323,4.36986,4.40337,190689.60668224967,0
GLQ.US,D,20110726,000000,4.41553,4.41553,4.3779,4.38988,319567.3255767044,0
GLQ.US,D,20110727,000000,4.38327,4.38327,4.27336,4.28863,218492.42281821708,0
GLQ.US,D,20110728,000000,4.28577,4.30954,4.25486,4.27577,252918.90040356063,0
GLQ.US,D,20110729,000000,4.24217,4.26245,4.19079,4.23592,312785.8779701982,0
GLQ.US,D,20110801,000000,4.27577,4.31518,4.22529,4.31518,366370.5045693252,0
GLQ.US,D,20110802,000000,4.26727,4.30357,4.20079,4.21329,279008.44982574356,0
GLQ.US,D,20110803,000000,4.21643,4.22529,4.13056,4.19918,313894.8572735028,0
GLQ.US,D,20110804,000000,4.15281,4.15281,3.94397,3.95031,338360.664042719,0
GLQ.US,D,20110805,000000,3.95924,4.0218,3.7615,3.85049,1677583.5422043353,0
GLQ.US,D,20110808,000000,3.65899,3.77301,3.52753,3.53309,497910.4452221993,0
GLQ.US,D,20110809,000000,3.5783,3.68018,3.52753,3.64434,430595.06579599093,0
GLQ.US,D,20110810,000000,3.62342,3.70403,3.58983,3.59895,668449.3048663816,0
GLQ.US,D,20110811,000000,3.61432,3.83897,3.61432,3.81842,286825.0193854131,0
GLQ.US,D,20110812,000000,3.83244,3.87507,3.81189,3.85049,231152.2440678242,0
GLQ.US,D,20110815,000000,3.87211,3.96819,3.87211,3.96819,111680.14681245452,0
GLQ.US,D,20110816,000000,3.94397,3.97132,3.92047,3.95576,145349.02703313556,0
GLQ.US,D,20110817,000000,3.97953,4.02538,3.91725,3.96202,218019.06434668478,0
GLQ.US,D,20110818,000000,3.90178,3.90483,3.76426,3.79117,199703.5605552718,0
GLQ.US,D,20110819,000000,3.7431,3.82977,3.71825,3.72181,110460.38148388734,0
GLQ.US,D,20110822,000000,3.8152,3.8152,3.69518,3.70403,217637.46803746946,0
GLQ.US,D,20110823,000000,3.7431,3.84156,3.69518,3.83897,182156.84463609816,0
GLQ.US,D,20110824,000000,3.83549,3.88391,3.81842,3.86346,172323.745606619,0
GLQ.US,D,20110825,000000,3.92895,3.95282,3.78804,3.80287,188690.982024626,0
GLQ.US,D,20110826,000000,3.77552,3.87211,3.73719,3.8453,199936.32311338402,0
GLQ.US,D,20110829,000000,3.88052,3.9343,3.88052,3.92895,135970.26261232435,0
GLQ.US,D,20110830,000000,3.92895,3.97953,3.91725,3.96469,69715.74330673345,0
GLQ.US,D,20110831,000000,3.97766,4.03039,3.96594,3.98034,143740.9510908049,0
GLQ.US,D,20110901,000000,3.97364,4.00973,3.92047,3.92047,170961.86083151714,0
GLQ.US,D,20110902,000000,3.82377,3.86747,3.79384,3.82977,147212.24654880323,0
GLQ.US,D,20110906,000000,3.71584,3.78482,3.71584,3.7615,323451.5507652104,0
GLQ.US,D,20110907,000000,3.81842,3.88597,3.80011,3.87927,210035.75622376686,0
GLQ.US,D,20110908,000000,3.86346,3.89643,3.82342,3.84853,240894.69998571565,0
GLQ.US,D,20110909,000000,3.82084,3.82691,3.71056,3.74613,161753.1921262233,0
GLQ.US,D,20110912,000000,3.69821,3.76426,3.6925,3.73424,137182.19458555317,0
GLQ.US,D,20110913,000000,3.7431,3.80911,3.74022,3.80591,145237.1219571539,0
GLQ.US,D,20110914,000000,3.8152,3.88659,3.78169,3.87791,166409.56233923763,0
GLQ.US,D,20110915,000000,3.91447,3.92618,3.87211,3.90769,190774.6545400185,0
GLQ.US,D,20110916,000000,3.90178,3.93763,3.87211,3.88052,107864.18372032166,0
GLQ.US,D,20110919,000000,3.82977,3.83897,3.78482,3.83897,127079.40432290136,0
GLQ.US,D,20110920,000000,3.8453,3.88391,3.81189,3.81189,186492.0472809218,0
GLQ.US,D,20110921,000000,3.82342,3.82342,3.71056,3.71243,136995.31310862995,0
GLQ.US,D,20110922,000000,3.6111,3.61743,3.55104,3.57267,310379.9188358553,0
GLQ.US,D,20110923,000000,3.57267,3.61432,3.56632,3.59895,204983.24204167107,0
GLQ.US,D,20110926,000000,3.6262,3.65337,3.56632,3.63799,145597.45630189395,0
GLQ.US,D,20110927,000000,3.68652,3.7615,3.67072,3.68929,259175.5132035673,0
GLQ.US,D,20110928,000000,3.70145,3.70145,3.59608,3.59608,114271.86837295083,0
GLQ.US,D,20110929,000000,3.64747,3.66776,3.55104,3.60547,271312.7377481842,0
GLQ.US,D,20110930,000000,3.5547,3.58339,3.4809,3.49671,210123.04218305513,0
GLQ.US,D,20111003,000000,3.46401,3.47634,3.35659,3.35955,331544.525862621,0
GLQ.US,D,20111004,000000,3.27822,3.35776,3.23846,3.35776,448646.47360802983,0
GLQ.US,D,20111005,000000,3.34533,3.41318,3.32094,3.40076,206194.05496415036,0
GLQ.US,D,20111006,000000,3.40368,3.49914,3.39145,3.49914,220637.64312544477,0
GLQ.US,D,20111007,000000,3.52057,3.52057,3.45328,3.47741,159635.94808802917,0
GLQ.US,D,20111010,000000,3.51522,3.59608,3.50619,3.58116,210345.73328432994,0
GLQ.US,D,20111011,000000,3.55739,3.59717,3.54809,3.56356,255670.64622276736,0
GLQ.US,D,20111012,000000,3.58823,3.64004,3.58161,3.61558,100252.40044977044,0
GLQ.US,D,20111013,000000,3.60324,3.60949,3.52968,3.59412,131548.89305894164,0
GLQ.US,D,20111014,000000,3.63093,3.66757,3.61558,3.64353,160564.7602189383,0
GLQ.US,D,20111017,000000,3.62191,3.64004,3.58455,3.58455,157567.94228326247,0
GLQ.US,D,20111018,000000,3.57553,3.72575,3.57553,3.6833,375340.81546270824,0
GLQ.US,D,20111019,000000,3.70807,3.71342,3.64971,3.65855,286920.1387000397,0
GLQ.US,D,20111020,000000,3.64658,3.6833,3.60949,3.66757,154577.8386521348,0
GLQ.US,D,20111021,000000,3.71342,3.75113,3.71342,3.74156,140886.25260167388,0
GLQ.US,D,20111024,000000,3.73806,3.77847,3.73806,3.75113,96349.15139835844,0
GLQ.US,D,20111025,000000,3.73541,3.73541,3.67981,3.69277,98729.37236520456,0
GLQ.US,D,20111026,000000,3.68956,3.732,3.65588,3.7044,323688.78952636145,0
GLQ.US,D,20111027,000000,3.82717,3.84915,3.80011,3.83324,352842.2999298437,0
GLQ.US,D,20111028,000000,3.82084,3.86453,3.7966,3.86453,198107.794171298,0
GLQ.US,D,20111031,000000,3.82127,3.84084,3.80243,3.80243,96349.15139835844,0
GLQ.US,D,20111101,000000,3.72915,3.75719,3.71342,3.73541,401512.05559040117,0
GLQ.US,D,20111102,000000,3.7749,3.81189,3.7749,3.81189,133811.61369598005,0
GLQ.US,D,20111103,000000,3.83655,3.83959,3.80911,3.8152,95845.57855629048,0
GLQ.US,D,20111104,000000,3.7723,3.81939,3.7723,3.79777,72422.72709554141,0
GLQ.US,D,20111107,000000,3.7842,3.81842,3.76372,3.80591,97380.91619922033,0
GLQ.US,D,20111108,000000,3.82377,3.84915,3.7966,3.82377,101714.99979328831,0
GLQ.US,D,20111109,000000,3.71949,3.75719,3.66463,3.66463,141651.68332161382,0
GLQ.US,D,20111110,000000,3.71056,3.73806,3.68956,3.68956,130499.22344593245,0
GLQ.US,D,20111111,000000,3.71949,3.75113,3.70807,3.73541,154068.67055626112,0
GLQ.US,D,20111114,000000,3.73541,3.74156,3.67033,3.67651,173047.77144843928,0
GLQ.US,D,20111115,000000,3.66463,3.72915,3.65855,3.71949,128418.9080828089,0
GLQ.US,D,20111116,000000,3.68956,3.74756,3.67033,3.70807,164371.77090499343,0
GLQ.US,D,20111117,000000,3.69867,3.70807,3.63093,3.65256,153031.31050159864,0
GLQ.US,D,20111118,000000,3.67033,3.67033,3.62808,3.63093,111032.21642232536,0
GLQ.US,D,20111121,000000,3.58161,3.5909,3.53603,3.58455,198421.1283841402,0
GLQ.US,D,20111122,000000,3.56944,3.58823,3.55087,3.57553,183205.39519832731,0
GLQ.US,D,20111123,000000,3.53603,3.60637,3.51431,3.51431,166730.7299073877,0
GLQ.US,D,20111125,000000,3.49565,3.55087,3.49565,3.49914,56302.80089554734,0
GLQ.US,D,20111128,000000,3.57902,3.60637,3.55739,3.56016,154965.03021513848,0
GLQ.US,D,20111129,000000,3.56651,3.60037,3.56016,3.56651,116008.63515271989,0
GLQ.US,D,20111130,000000,3.63837,3.7094,3.62862,3.66354,184231.56474542315,0
GLQ.US,D,20111201,000000,3.6741,3.69867,3.65256,3.67981,114947.77503210338,0
GLQ.US,D,20111202,000000,3.71949,3.74756,3.70807,3.70807,146846.31695023406,0
GLQ.US,D,20111205,000000,3.75719,3.77847,3.73541,3.76025,107946.99347658124,0
GLQ.US,D,20111206,000000,3.74718,3.7723,3.7312,3.73745,110274.6190576933,0
GLQ.US,D,20111207,000000,3.72807,3.78454,3.71825,3.78454,127656.83451513798,0
GLQ.US,D,20111208,000000,3.77534,3.78454,3.6874,3.69689,176081.51805922636,0
GLQ.US,D,20111209,000000,3.7044,3.76889,3.7044,3.75372,110337.28590026785,0
GLQ.US,D,20111212,000000,3.76025,3.76025,3.65588,3.67981,149094.4899273759,0
GLQ.US,D,20111213,000000,3.6833,3.71342,3.61262,3.61869,267157.70227574586,0
GLQ.US,D,20111214,000000,3.60949,3.60949,3.53603,3.53871,170069.9773756888,0
GLQ.US,D,20111215,000000,3.57553,3.57553,3.53253,3.54522,269647.5902170674,0
GLQ.US,D,20111216,000000,3.56016,3.5909,3.54522,3.54522,220477.6188667445,0
GLQ.US,D,20111219,000000,3.56016,3.5909,3.53253,3.54522,558109.7808645943,0
GLQ.US,D,20111220,000000,3.56944,3.63093,3.56944,3.60637,340005.6686601304,0
GLQ.US,D,20111221,000000,3.62808,3.63719,3.58161,3.59412,189932.0093176176,0
GLQ.US,D,20111222,000000,3.60637,3.67033,3.60324,3.65588,274006.2929278756,0
GLQ.US,D,20111223,000000,3.66802,3.70957,3.66802,3.70314,219609.23547687015,0
GLQ.US,D,20111227,000000,3.7044,3.7447,3.68652,3.72298,144962.9545209017,0
GLQ.US,D,20111228,000000,3.68652,3.72915,3.68652,3.68956,315929.29155546793,0
GLQ.US,D,20111229,000000,3.68956,3.72915,3.68652,3.69554,341779.3641149803,0
GLQ.US,D,20111230,000000,3.70145,3.73541,3.68956,3.69554,251944.2071914727,0
GLQ.US,D,20120103,000000,3.76025,3.80287,3.75372,3.75719,151833.92618822574,0
GLQ.US,D,20120104,000000,3.73541,3.73541,3.60949,3.72915,599876.1123857553,0
GLQ.US,D,20120105,000000,3.72298,3.76025,3.70807,3.7447,171363.60005440735,0
GLQ.US,D,20120106,000000,3.75372,3.77534,3.7344,3.74102,200833.8018230313,0
GLQ.US,D,20120109,000000,3.75372,3.77847,3.75113,3.7749,88438.58157484335,0
GLQ.US,D,20120110,000000,3.80098,3.832,3.80098,3.832,133132.3498845687,0
GLQ.US,D,20120111,000000,3.81939,3.84504,3.80376,3.84504,193849.80602891505,0
GLQ.US,D,20120112,000000,3.832,3.84103,3.80697,3.80697,276714.39576743304,0
GLQ.US,D,20120113,000000,3.79446,3.79446,3.75686,3.7723,165512.08362958021,0
GLQ.US,D,20120117,000000,3.80376,3.81939,3.76578,3.76578,183533.27707106614,0
GLQ.US,D,20120118,000000,3.76578,3.80376,3.75686,3.78804,247612.36169891807,0
GLQ.US,D,20120119,000000,3.80098,3.82548,3.79117,3.79117,331606.07365443587,0
GLQ.US,D,20120120,000000,3.78454,3.81618,3.76889,3.81618,285853.6833255941,0
GLQ.US,D,20120123,000000,3.81037,3.8573,3.81037,3.85408,216906.72789110107,0
GLQ.US,D,20120124,000000,3.84103,3.87293,3.81331,3.86684,188586.91030392167,0
GLQ.US,D,20120125,000000,3.8573,3.92359,3.848,3.92359,145366.9318453113,0
GLQ.US,D,20120126,000000,3.93174,3.94807,3.91028,3.92047,185628.14009406598,0
GLQ.US,D,20120127,000000,3.91028,3.9386,3.90081,3.9386,120190.52784341172,0
GLQ.US,D,20120130,000000,3.90411,3.92359,3.8948,3.92047,112746.60218687978,0
GLQ.US,D,20120131,000000,3.94084,3.97881,3.91234,3.93744,227131.49468660247,0
GLQ.US,D,20120201,000000,3.97086,4.02119,3.96121,4.02119,308296.2463204526,0
GLQ.US,D,20120202,000000,4.02119,4.03932,3.96425,4.03039,335849.5141369324,0
GLQ.US,D,20120203,000000,4.04495,4.09542,4.04495,4.08104,116629.70832460572,0
GLQ.US,D,20120206,000000,4.05468,4.08104,4.05468,4.07479,102994.07481214074,0
GLQ.US,D,20120207,000000,4.06451,4.10177,4.06451,4.10177,74821.97192530982,0
GLQ.US,D,20120208,000000,4.09542,4.12143,4.07168,4.08972,216577.7269676127,0
GLQ.US,D,20120209,000000,4.09819,4.12806,4.08677,4.11796,189306.45994269292,0
GLQ.US,D,20120210,000000,4.08104,4.10509,4.07791,4.09819,172459.15074860552,0
GLQ.US,D,20120213,000000,4.12476,4.13492,4.10858,4.13153,72881.5379072035,0
GLQ.US,D,20120214,000000,4.11796,4.13492,4.10177,4.11188,141853.11245844385,0
GLQ.US,D,20120215,000000,4.12806,4.13492,4.09274,4.09274,77335.3599326098,0
GLQ.US,D,20120216,000000,4.08972,4.14003,4.08972,4.13725,69832.12458578957,0
GLQ.US,D,20120217,000000,4.1435,4.14602,4.11501,4.12476,243055.58700356918,0
GLQ.US,D,20120221,000000,4.13153,4.1435,4.11188,4.11188,108293.89921222506,0
GLQ.US,D,20120222,000000,4.10858,4.13725,4.10858,4.11188,93510.1196198543,0
GLQ.US,D,20120223,000000,4.11796,4.13725,4.11188,4.13492,62776.50954302716,0
GLQ.US,D,20120224,000000,4.13725,4.15201,4.13153,4.14003,85112.76271567,0
GLQ.US,D,20120227,000000,4.12476,4.12476,4.08677,4.11796,129938.57901510173,0
GLQ.US,D,20120228,000000,4.11188,4.1435,4.11188,4.13153,160618.4746554351,0
GLQ.US,D,20120229,000000,4.13492,4.1435,4.11777,4.13153,188027.3849238405,0
GLQ.US,D,20120301,000000,4.12806,4.17801,4.12806,4.17112,147989.98682711014,0
GLQ.US,D,20120302,000000,4.16246,4.18917,4.15565,4.15565,109890.78464696872,0
GLQ.US,D,20120305,000000,4.15201,4.16486,4.13492,4.14859,66407.82925972369,0
GLQ.US,D,20120306,000000,4.10062,4.11429,4.06612,4.06612,74940.59130588433,0
GLQ.US,D,20120307,000000,4.07989,4.08559,4.07022,4.08559,53849.84162929229,0
GLQ.US,D,20120308,000000,4.09142,4.13725,4.09142,4.13725,104852.81812475937,0
GLQ.US,D,20120309,000000,4.13725,4.17444,4.13153,4.15201,95678.83999302889,0
GLQ.US,D,20120312,000000,4.15531,4.1587,4.09274,4.13153,145991.36216947628,0
GLQ.US,D,20120313,000000,4.1435,4.17112,4.13725,4.16809,115115.63264611147,0
GLQ.US,D,20120314,000000,4.19962,4.20473,4.1587,4.1587,74992.0676408536,0
GLQ.US,D,20120315,000000,4.16486,4.17801,4.15531,4.16219,111541.38451819903,0
GLQ.US,D,20120316,000000,4.1587,4.18498,4.15201,4.15201,104404.07876993067,0
GLQ.US,D,20120319,000000,4.1435,4.17444,4.1435,4.15201,172065.24488103332,0
GLQ.US,D,20120320,000000,4.14859,4.14859,4.11796,4.12806,68633.62122166611,0
GLQ.US,D,20120321,000000,4.12143,4.1435,4.12143,4.12806,99202.73083674906,0
GLQ.US,D,20120322,000000,4.11796,4.11796,4.08677,4.10177,150586.18459066565,0
GLQ.US,D,20120323,000000,4.11152,4.11777,4.09463,4.11429,103477.5047405308,0
GLQ.US,D,20120326,000000,4.15201,4.15531,4.13725,4.14859,123884.5144026645,0
GLQ.US,D,20120327,000000,4.14602,4.16486,4.14602,4.16219,151142.35281846768,0
GLQ.US,D,20120328,000000,4.15201,4.15531,4.11188,4.11188,164155.79410826674,0
GLQ.US,D,20120329,000000,4.09819,4.12476,4.07791,4.10858,298504.55216911336,0
GLQ.US,D,20120330,000000,4.11635,4.13056,4.09346,4.11635,207128.46234888857,0
GLQ.US,D,20120402,000000,4.10447,4.16246,4.09463,4.1435,188522.00535983784,0
GLQ.US,D,20120403,000000,4.13725,4.16246,4.13153,4.13153,183582.5153045241,0
GLQ.US,D,20120404,000000,4.10447,4.12127,4.08847,4.10062,230549.07570810398,0
GLQ.US,D,20120405,000000,4.08559,4.11777,4.08559,4.10447,206872.19972481218,0
GLQ.US,D,20120409,000000,4.06308,4.09142,4.06308,4.07989,459418.45622523525,0
GLQ.US,D,20120410,000000,4.07292,4.08559,3.99589,3.999,175200.8251109748,0
GLQ.US,D,20120411,000000,4.02798,4.04976,4.01866,4.03609,255048.45400012183,0
GLQ.US,D,20120412,000000,4.02493,4.07989,4.02493,4.06612,373473.1197440221,0
GLQ.US,D,20120413,000000,4.05308,4.07694,4.02153,4.02798,121279.36423304143,0
GLQ.US,D,20120416,000000,4.04976,4.05925,4.03386,4.04976,96499.10420022024,0
GLQ.US,D,20120417,000000,4.07292,4.10447,4.05925,4.08847,169827.1433607188,0
GLQ.US,D,20120418,000000,4.08344,4.08847,4.07022,4.08559,79619.34253408079,0
GLQ.US,D,20120419,000000,4.07292,4.11429,4.03386,4.04666,163590.67347439716,0
GLQ.US,D,20120420,000000,4.06308,4.09142,4.06308,4.07292,98009.82272642518,0
GLQ.US,D,20120423,000000,4.03609,4.06612,4.01529,4.05665,239049.38528224407,0
GLQ.US,D,20120424,000000,4.04976,4.08344,4.04976,4.08344,71415.58141140445,0
GLQ.US,D,20120425,000000,4.11152,4.12761,4.09757,4.12476,91082.89852108287,0
GLQ.US,D,20120426,000000,4.10777,4.1435,4.10777,4.13492,87494.10273327178,0
GLQ.US,D,20120427,000000,4.13725,4.15565,4.13725,4.14636,113762.70027707718,0
GLQ.US,D,20120430,000000,4.13725,4.17532,4.12476,4.13153,145975.6954588403,0
GLQ.US,D,20120501,000000,4.14003,4.18309,4.13153,4.16559,470782.41669459426,0
GLQ.US,D,20120502,000000,4.1435,4.15236,4.12761,4.14003,144720.1205059419,0
GLQ.US,D,20120503,000000,4.16246,4.16246,4.11152,4.12476,117560.75855704444,0
GLQ.US,D,20120504,000000,4.11429,4.13153,4.05308,4.07022,81442.27622237024,0
GLQ.US,D,20120507,000000,4.05925,4.06612,4.03609,4.05308,135743.09530799036,0
GLQ.US,D,20120508,000000,4.03119,4.03386,3.98498,4.03119,148401.79750684794,0
GLQ.US,D,20120509,000000,3.98857,4.02493,3.92806,4.01152,139627.32049650652,0
GLQ.US,D,20120510,000000,4.02798,4.03386,4.00151,4.02153,167291.37433822855,0
GLQ.US,D,20120511,000000,4.00795,4.02798,3.98239,3.999,105275.81931209433,0
GLQ.US,D,20120514,000000,3.98239,3.98239,3.94701,3.94701,91035.89838915653,0
GLQ.US,D,20120515,000000,3.93397,3.95692,3.88874,3.9058,112248.62459860326,0
GLQ.US,D,20120516,000000,3.91527,3.94084,3.88641,3.88874,141742.3264331812,0
GLQ.US,D,20120517,000000,3.89903,3.89903,3.81189,3.81189,167822.92344928638,0
GLQ.US,D,20120518,000000,3.81189,3.92439,3.75416,3.76079,220619.73831327914,0
GLQ.US,D,20120521,000000,3.76632,3.80537,3.7447,3.80243,147890.39130944468,0
GLQ.US,D,20120522,000000,3.79643,3.82467,3.77651,3.78964,207963.2742159613,0
GLQ.US,D,20120523,000000,3.77034,3.84084,3.7312,3.79276,244049.3040785926,0
GLQ.US,D,20120524,000000,3.81556,3.8573,3.76632,3.77651,98983.3968877595,0
GLQ.US,D,20120525,000000,3.77945,3.80911,3.77034,3.79276,163833.507489357,0
GLQ.US,D,20120529,000000,3.80911,3.85354,3.80911,3.85354,188106.83752782093,0
GLQ.US,D,20120530,000000,3.81189,3.89241,3.77301,3.79643,197134.22000997997,0
GLQ.US,D,20120531,000000,3.79715,3.80697,3.76426,3.79715,163233.69628190575,0
GLQ.US,D,20120601,000000,3.70573,3.74819,3.70573,3.71153,220767.45301361236,0
GLQ.US,D,20120604,000000,3.71788,3.73468,3.66712,3.72181,159366.25685481582,0
GLQ.US,D,20120605,000000,3.71056,3.75416,3.70145,3.75416,177191.61641328048,0
GLQ.US,D,20120606,000000,3.77301,3.82467,3.77301,3.82467,131091.20129805553,0
GLQ.US,D,20120607,000000,3.83771,3.85354,3.80911,3.82467,98003.10842186485,0
GLQ.US,D,20120608,000000,3.81189,3.83119,3.77651,3.83119,246778.668882605,0
GLQ.US,D,20120611,000000,3.8573,3.8573,3.77651,3.79276,84605.83272132289,0
GLQ.US,D,20120612,000000,3.79643,3.82127,3.77945,3.82127,104223.91159754538,0
GLQ.US,D,20120613,000000,3.80911,3.80911,3.75416,3.77945,118686.52362177524,0
GLQ.US,D,20120614,000000,3.79276,3.81859,3.77301,3.81859,127252.85719072836,0
GLQ.US,D,20120615,000000,3.81859,3.82127,3.76632,3.79643,223654.60397481578,0
GLQ.US,D,20120618,000000,3.77651,3.79643,3.76079,3.79276,101356.90355004225,0
GLQ.US,D,20120619,000000,3.80243,3.84084,3.78964,3.83361,168404.829844572,0
GLQ.US,D,20120620,000000,3.83771,3.85049,3.81859,3.85049,76010.40383259176,0
GLQ.US,D,20120621,000000,3.84781,3.84781,3.76079,3.77651,110013.88023058821,0
GLQ.US,D,20120622,000000,3.78596,3.79929,3.76426,3.79929,120907.83938067371,0
GLQ.US,D,20120625,000000,3.77301,3.77301,3.70573,3.73468,259003.1793865,0
GLQ.US,D,20120626,000000,3.74819,3.76426,3.71788,3.76426,153647.90747043543,0
GLQ.US,D,20120627,000000,3.77651,3.78964,3.75416,3.78964,210213.68529463274,0
GLQ.US,D,20120628,000000,3.77301,3.79643,3.7312,3.79643,228531.42718756516,0
GLQ.US,D,20120629,000000,3.83361,3.88874,3.83361,3.88874,186996.73917373628,0
GLQ.US,D,20120702,000000,3.89903,3.89903,3.86408,3.89589,200357.08619919952,0
GLQ.US,D,20120703,000000,3.89903,3.91279,3.88267,3.89903,134079.0668276638,0
GLQ.US,D,20120705,000000,3.89589,3.92575,3.85952,3.89241,177714.21311829108,0
GLQ.US,D,20120706,000000,3.86595,3.86971,3.84298,3.85603,199278.32126641742,0
GLQ.US,D,20120709,000000,3.8573,3.87596,3.85049,3.86025,91155.6368204928,0
GLQ.US,D,20120710,000000,3.87882,3.89589,3.85024,3.87552,172482.6508145697,0
GLQ.US,D,20120711,000000,3.86971,3.86971,3.84298,3.86346,87197.55428183342,0
GLQ.US,D,20120712,000000,3.83959,3.85246,3.80697,3.85024,131111.3442117304,0
GLQ.US,D,20120713,000000,3.83959,3.90224,3.83299,3.90224,361648.11036149785,0
GLQ.US,D,20120716,000000,3.90849,3.90849,3.87552,3.88874,135222.7367045297,0
GLQ.US,D,20120717,000000,3.89903,3.91608,3.86346,3.89241,245173.95009254338,0
GLQ.US,D,20120718,000000,3.87882,3.93835,3.87882,3.92895,298571.6952147268,0
GLQ.US,D,20120719,000000,3.9353,3.94807,3.92575,3.9353,164055.07953985175,0
GLQ.US,D,20120720,000000,3.92243,3.92243,3.89241,3.90849,91664.80491636341,0
GLQ.US,D,20120723,000000,3.85952,3.91279,3.83959,3.91279,172769.12780917875,0
GLQ.US,D,20120724,000000,3.89903,3.90849,3.85952,3.89241,267926.49014797504,0
GLQ.US,D,20120725,000000,3.89903,3.90224,3.87552,3.89241,158502.34966799052,0
GLQ.US,D,20120726,000000,3.93119,3.97507,3.92243,3.96871,165815.34638559513,0
GLQ.US,D,20120727,000000,3.98096,4.02823,3.9654,4.02823,216273.3451608482,0
GLQ.US,D,20120730,000000,4.03414,4.03682,4.00759,4.03119,185000.35261762186,0
GLQ.US,D,20120731,000000,4.03414,4.0404,4.01483,4.03682,161333.5480911573,0
GLQ.US,D,20120801,000000,4.04718,4.07791,4.04325,4.05718,466086.87970497966,0
GLQ.US,D,20120802,000000,4.03119,4.04718,3.99785,4.02823,147760.58142128724,0
GLQ.US,D,20120803,000000,4.06745,4.08481,4.03119,4.03682,130476.842430728,0
GLQ.US,D,20120806,000000,4.05343,4.08481,4.03119,4.06745,109743.06994663551,0
GLQ.US,D,20120807,000000,4.08721,4.10624,4.08481,4.10624,157583.60899390865,0
GLQ.US,D,20120808,000000,4.09016,4.1091,4.06407,4.1091,119547.0736563316,0
GLQ.US,D,20120809,000000,4.10624,4.11322,3.96871,4.10624,66647.30612239521,0
GLQ.US,D,20120810,000000,4.08721,4.12009,4.07791,4.12009,60405.240982264855,0
GLQ.US,D,20120813,000000,4.10624,4.12009,4.09016,4.1091,115296.91886925645,0
GLQ.US,D,20120814,000000,4.12009,4.12716,4.09346,4.11635,111007.5973055913,0
GLQ.US,D,20120815,000000,4.10303,4.12314,4.09346,4.11635,72741.65656218525,0
GLQ.US,D,20120816,000000,4.12009,4.14324,4.12009,4.14324,117651.40166861186,0
GLQ.US,D,20120817,000000,4.14859,4.14859,4.1091,4.1091,121871.34208515433,0
GLQ.US,D,20120820,000000,4.11635,4.13421,4.05343,4.13421,139118.15240063285,0
GLQ.US,D,20120821,000000,4.13421,4.17257,4.13421,4.15924,232055.31803127006,0
GLQ.US,D,20120822,000000,4.14324,4.15565,4.12009,4.14003,96540.50907834596,0
GLQ.US,D,20120823,000000,4.14602,4.14602,4.12009,4.13056,102483.78766551754,0
GLQ.US,D,20120824,000000,4.12716,4.14602,4.11322,4.11322,99832.75641471463,0
GLQ.US,D,20120827,000000,4.12716,4.13056,4.1091,4.13056,105074.3901752643,0
GLQ.US,D,20120828,000000,4.12009,4.14602,4.11635,4.13421,93682.45343691547,0
GLQ.US,D,20120829,000000,4.13421,4.14324,4.13056,4.13725,78404.0534085555,0
GLQ.US,D,20120830,000000,4.12009,4.14003,4.09624,4.10624,133275.5883818834,0
GLQ.US,D,20120831,000000,4.12314,4.16246,4.12314,4.16246,64912.777444158826,0
GLQ.US,D,20120904,000000,4.15565,4.16926,4.14324,4.15924,107075.25293442774,0
GLQ.US,D,20120905,000000,4.15565,4.16926,4.12716,4.13725,124374.65863561282,0
GLQ.US,D,20120906,000000,4.16246,4.19962,4.15924,4.19035,109785.59387551484,0
GLQ.US,D,20120907,000000,4.18329,4.19231,4.16559,4.19035,110972.90673204014,0
GLQ.US,D,20120910,000000,4.16926,4.19534,4.14859,4.14859,141633.77850945838,0
GLQ.US,D,20120911,000000,4.15201,4.17257,4.13725,4.16559,156074.00951845327,0
GLQ.US,D,20120912,000000,4.17257,4.18632,4.16559,4.18329,91783.42429693794,0
GLQ.US,D,20120913,000000,4.18015,4.26111,4.16559,4.26111,264515.6234310319,0
GLQ.US,D,20120914,000000,4.25807,4.31098,4.25486,4.27184,190217.36726145676,0
GLQ.US,D,20120917,000000,4.26432,4.26432,4.2115,4.2224,107405.37290867584,0
GLQ.US,D,20120918,000000,4.21499,4.26111,4.19231,4.26111,166002.22786252853,0
GLQ.US,D,20120919,000000,4.24823,4.29524,4.24583,4.29158,299273.3400413527,0
GLQ.US,D,20120920,000000,4.26432,4.32061,4.23233,4.28436,296141.1169636803,0
GLQ.US,D,20120921,000000,4.29524,4.32384,4.27184,4.32061,169066.18884381777,0
GLQ.US,D,20120924,000000,4.31098,4.32384,4.28436,4.31741,124971.11269077477,0
GLQ.US,D,20120925,000000,4.35458,4.35458,4.29158,4.29524,203795.92918515595,0
GLQ.US,D,20120926,000000,4.28773,4.29158,4.26111,4.28773,120033.86073699062,0
GLQ.US,D,20120927,000000,4.29524,4.31098,4.26851,4.26851,206153.76913679048,0
GLQ.US,D,20120928,000000,4.26111,4.28436,4.24823,4.25198,137098.26577855425,0
GLQ.US,D,20121001,000000,4.27184,4.30206,4.24583,4.26111,197767.60274022265,0
GLQ.US,D,20121002,000000,4.27184,4.28131,4.23233,4.26111,177551.95075806123,0
GLQ.US,D,20121003,000000,4.27184,4.27441,4.23539,4.23539,186996.73917373628,0
GLQ.US,D,20121004,000000,4.25198,4.27184,4.24583,4.26432,181285.1040939345,0
GLQ.US,D,20121005,000000,4.27441,4.30802,4.27441,4.29829,174560.72807616365,0
GLQ.US,D,20121008,000000,4.2863,4.29686,4.25934,4.29006,208962.58654478332,0
GLQ.US,D,20121009,000000,4.28436,4.36701,4.28436,4.29524,227356.42388938653,0
GLQ.US,D,20121010,000000,4.29829,4.29829,4.23913,4.25807,103770.69603968796,0
GLQ.US,D,20121011,000000,4.28131,4.28131,4.24823,4.26432,186474.14246874605,0
GLQ.US,D,20121012,000000,4.27441,4.30471,4.23539,4.26111,249240.58055494388,0
GLQ.US,D,20121015,000000,4.27441,4.31383,4.26432,4.31383,60481.33643395496,0
GLQ.US,D,20121016,000000,4.34019,4.35458,4.31741,4.35458,191312.91795564478,0
GLQ.US,D,20121017,000000,4.35781,4.38327,4.31616,4.34752,177910.04700130218,0
GLQ.US,D,20121018,000000,4.33652,4.36754,4.33286,4.35155,104865.12768311624,0
GLQ.US,D,20121019,000000,4.35781,4.35781,4.27906,4.32028,112376.19638525143,0
GLQ.US,D,20121022,000000,4.32644,4.32644,4.27577,4.30079,80934.22717726137,0
GLQ.US,D,20121023,000000,4.27015,4.30079,4.24718,4.27015,196877.95738588323,0
GLQ.US,D,20121024,000000,4.2863,4.31303,4.27577,4.30079,112689.53059809364,0
GLQ.US,D,20121025,000000,4.31303,4.32983,4.27906,4.30357,81253.15664390317,0
GLQ.US,D,20121026,000000,4.31007,4.31303,4.27336,4.2863,168656.61626559938,0
GLQ.US,D,20121031,000000,4.31007,4.32028,4.25307,4.27015,143239.6163502594,0
GLQ.US,D,20121101,000000,4.2863,4.38068,4.2863,4.38068,150571.63693077918,0
GLQ.US,D,20121102,000000,4.4091,4.42706,4.39757,4.42482,247246.43210035906,0
GLQ.US,D,20121105,000000,4.41553,4.42482,4.34752,4.37372,141179.44390081073,0
GLQ.US,D,20121106,000000,4.39041,4.39041,4.34752,4.36369,104530.53150583946,0
GLQ.US,D,20121107,000000,4.34752,4.34752,4.262,4.27906,108815.37686646575,0
GLQ.US,D,20121108,000000,4.28255,4.28255,4.23985,4.24949,121281.6023345507,0
GLQ.US,D,20121109,000000,4.24324,4.24324,4.21562,4.23288,126138.28263361503,0
GLQ.US,D,20121112,000000,4.22876,4.23288,4.19534,4.19534,75280.7827369719,0
GLQ.US,D,20121113,000000,4.18971,4.2224,4.16809,4.18309,220365.7137907222,0
GLQ.US,D,20121114,000000,4.18971,4.18971,4.06745,4.06745,160089.1636458764,0
GLQ.US,D,20121115,000000,4.05718,4.05718,3.87864,3.9295,555896.2984610138,0
GLQ.US,D,20121116,000000,3.94584,4,3.93582,3.98284,228186.7595534306,0
GLQ.US,D,20121119,000000,4.02761,4.07837,4.02761,4.07168,333108.9588253228,0
GLQ.US,D,20121120,000000,4.06085,4.09677,4.06085,4.09677,246748.4545120724,0
GLQ.US,D,20121121,000000,4.08481,4.11152,4.08481,4.09409,124844.6599548863,0
GLQ.US,D,20121123,000000,4.11152,4.13825,4.11152,4.12859,72936.37139445089,0
GLQ.US,D,20121126,000000,4.11152,4.12143,4.08481,4.11474,114467.70225599247,0
GLQ.US,D,20121127,000000,4.11152,4.12143,4.09677,4.11152,295749.4491976377,0
GLQ.US,D,20121128,000000,4.10392,4.12501,4.07479,4.11474,314615.52596304397,0
GLQ.US,D,20121129,000000,4.12859,4.13825,4.12143,4.12859,275344.67763701326,0
GLQ.US,D,20121130,000000,4.12501,4.16486,4.12501,4.16149,201416.82726907663,0
GLQ.US,D,20121203,000000,4.17211,4.17211,4.14548,4.15048,245368.66492481512,0
GLQ.US,D,20121204,000000,4.15048,4.15048,4.11474,4.13825,229849.66898302792,0
GLQ.US,D,20121205,000000,4.13243,4.13825,4.10777,4.13243,286575.471065895,0
GLQ.US,D,20121206,000000,4.11796,4.13825,4.05343,4.13243,178408.0245895787,0
GLQ.US,D,20121207,000000,4.15048,4.17211,4.12859,4.14198,400367.26666277554,0
GLQ.US,D,20121210,000000,4.13617,4.15048,4.13617,4.14548,307323.79120989423,0
GLQ.US,D,20121211,000000,4.16486,4.17935,4.15048,4.17488,358478.9586087344,0
GLQ.US,D,20121212,000000,4.16486,4.19231,4.15835,4.17935,377178.29681089235,0
GLQ.US,D,20121213,000000,4.16809,4.18971,4.16809,4.1857,299671.7221119638,0
GLQ.US,D,20121214,000000,4.19231,4.20857,4.17211,4.19962,176883.87745424703,0
GLQ.US,D,20121217,000000,4.19534,4.23985,4.19534,4.23985,501095.26368559874,0
GLQ.US,D,20121218,000000,4.23985,4.27906,4.2224,4.27906,318748.1804202778,0
GLQ.US,D,20121219,000000,4.27577,4.32028,4.27577,4.29686,235592.63748412207,0
GLQ.US,D,20121220,000000,4.3073,4.32339,4.2863,4.32339,230161.88414510025,0
GLQ.US,D,20121221,000000,4.27336,4.34378,4.27336,4.33974,246143.04805083273,0
GLQ.US,D,20121224,000000,4.34378,4.47719,4.32028,4.34378,105373.17672824036,0
GLQ.US,D,20121226,000000,4.32339,4.35155,4.30357,4.34378,184302.06494330554,0
GLQ.US,D,20121227,000000,4.34378,4.34378,4.27015,4.32339,162736.8377444093,0
GLQ.US,D,20121228,000000,4.29006,4.34378,4.28255,4.32644,232825.224954259,0
GLQ.US,D,20121231,000000,4.33974,4.38068,4.31616,4.38068,166391.65752706188,0
GLQ.US,D,20130102,000000,4.4091,4.46531,4.4091,4.45915,200265.32403686224,0
GLQ.US,D,20130103,000000,4.45235,4.46817,4.43464,4.4637,133645.99418348123,0
GLQ.US,D,20130104,000000,4.46531,4.50633,4.46531,4.49827,150176.6120124473,0
GLQ.US,D,20130107,000000,4.48469,4.52535,4.48469,4.52535,192877.35091833636,0
GLQ.US,D,20130108,000000,4.51097,4.54939,4.46817,4.54645,261042.08987150397,0
GLQ.US,D,20130109,000000,4.54939,4.58612,4.53993,4.58245,349075.575071179,0
GLQ.US,D,20130110,000000,4.58612,4.61293,4.56949,4.61293,264926.31505999976,0
GLQ.US,D,20130111,000000,4.56316,4.62428,4.52749,4.62428,206246.65034986715,0
GLQ.US,D,20130114,000000,4.60891,4.67753,4.60694,4.63669,442620.3852645957,0
GLQ.US,D,20130115,000000,4.62428,4.62428,4.57343,4.58612,183291.56210688635,0
GLQ.US,D,20130116,000000,4.58935,4.63089,4.58935,4.62803,199088.08263719472,0
GLQ.US,D,20130117,000000,4.69952,4.69952,4.61703,4.65805,295915.0687101365,0
GLQ.US,D,20130118,000000,4.6493,4.66163,4.60944,4.6342,159306.94716452042,0
GLQ.US,D,20130122,000000,4.63089,4.65413,4.61703,4.64546,133931.3521273204,0
GLQ.US,D,20130123,000000,4.6342,4.69013,4.6342,4.6761,216011.48728298338,0
GLQ.US,D,20130124,000000,4.66495,4.73186,4.66163,4.68317,173701.297092367,0
GLQ.US,D,20130125,000000,4.72792,4.72792,4.69952,4.7173,99725.3275417393,0
GLQ.US,D,20130128,000000,4.73186,4.73186,4.70202,4.7173,175577.94521715125,0
GLQ.US,D,20130129,000000,4.69952,4.74072,4.69952,4.72473,95527.7681404094,0
GLQ.US,D,20130130,000000,4.72473,4.76913,4.72473,4.74072,156500.3678580775,0
GLQ.US,D,20130131,000000,4.7476,4.79344,4.73874,4.75832,152512.0709488875,0
GLQ.US,D,20130201,000000,4.77253,4.82756,4.77253,4.82756,139913.79749108505,0
GLQ.US,D,20130204,000000,4.83749,4.84858,4.75109,4.7544,376624.36668460973,0
GLQ.US,D,20130205,000000,4.75832,4.86235,4.75832,4.84555,226389.56403262677,0
GLQ.US,D,20130206,000000,4.85062,4.85062,4.79897,4.82756,208131.13182998972,0
GLQ.US,D,20130207,000000,4.85062,4.85778,4.82533,4.84858,72136.25010094354,0
GLQ.US,D,20130208,000000,4.84555,4.90568,4.84555,4.90041,183653.01550241665,0
GLQ.US,D,20130211,000000,4.8895,4.90568,4.88244,4.90416,143787.95122273327,0
GLQ.US,D,20130212,000000,4.88048,4.90041,4.87503,4.8895,56477.37281412999,0
GLQ.US,D,20130213,000000,4.89308,4.90416,4.88048,4.89308,127975.76398178891,0
GLQ.US,D,20130214,000000,4.88244,4.90416,4.87503,4.88048,89716.53754293708,0
GLQ.US,D,20130215,000000,4.89657,4.9272,4.89308,4.90952,94059.57354308788,0
GLQ.US,D,20130219,000000,4.90568,4.94097,4.90416,4.93839,129404.79180251433,0
GLQ.US,D,20130220,000000,4.94097,4.94097,4.88048,4.88244,146851.91220403262,0
GLQ.US,D,20130221,000000,4.86538,4.87503,4.77253,4.81051,245028.47349370923,0
GLQ.US,D,20130222,000000,4.82159,4.82159,4.77959,4.79344,82826.5420126796,0
GLQ.US,D,20130225,000000,4.81051,4.82756,4.77709,4.78253,126963.02304385033,0
GLQ.US,D,20130226,000000,4.79344,4.79344,4.75109,4.78969,157667.5378009076,0
GLQ.US,D,20130227,000000,4.77959,4.84198,4.76913,4.84198,154074.26581005967,0
GLQ.US,D,20130228,000000,4.85778,4.86538,4.82533,4.86235,122369.3196734207,0
GLQ.US,D,20130301,000000,4.84198,4.90416,4.84198,4.90041,128399.88421989375,0
GLQ.US,D,20130304,000000,4.91667,4.91667,4.87503,4.90568,76726.59631908796,0
GLQ.US,D,20130305,000000,4.91667,4.94419,4.90568,4.94097,166315.5620753606,0
GLQ.US,D,20130306,000000,4.98244,4.98244,4.9131,4.9272,70867.24653893059,0
GLQ.US,D,20130307,000000,4.93105,4.96411,4.93105,4.94419,146191.6722555466,0
GLQ.US,D,20130308,000000,4.95116,4.98244,4.94766,4.97146,104503.67428758598,0
GLQ.US,D,20130311,000000,4.96056,5.00585,4.96056,5.00585,96311.10367251492,0
GLQ.US,D,20130312,000000,5.00308,5.01317,4.98244,5.01049,76313.66658859247,0
GLQ.US,D,20130313,000000,5.00308,5.02703,4.8895,4.95839,359839.72433308675,0
GLQ.US,D,20130314,000000,4.96411,4.99316,4.96056,4.99316,161539.4534310364,0
GLQ.US,D,20130315,000000,4.99137,4.99967,4.96411,4.99967,127199.1427542417,0
GLQ.US,D,20130318,000000,4.95537,4.98753,4.88565,4.95116,72457.41766910681,0
GLQ.US,D,20130319,000000,4.95537,4.9786,4.91667,4.94419,78691.64945391509,0
GLQ.US,D,20130320,000000,4.96056,4.97511,4.95116,4.97146,103346.5758015933,0
GLQ.US,D,20130321,000000,4.95537,5.01049,4.95537,4.9786,108013.01747143493,0
GLQ.US,D,20130322,000000,4.98244,5.01996,4.9786,4.99967,96363.69905824185,0
GLQ.US,D,20130325,000000,5.01049,5.01317,4.94419,4.95116,157733.56179576128,0
GLQ.US,D,20130326,000000,4.95839,5.01996,4.95537,5.01317,140156.6315060347,0
GLQ.US,D,20130327,000000,4.99316,5.03784,4.96411,5.01049,114522.53574323883,0
GLQ.US,D,20130328,000000,5.01049,5.06197,5.01049,5.06197,99774.56577518607,0
GLQ.US,D,20130401,000000,5.05509,5.08879,5.01049,5.01996,109262.99717051443,0
GLQ.US,D,20130402,000000,5.07904,5.07904,4.99316,4.99594,118228.83186085863,0
GLQ.US,D,20130403,000000,4.99316,5.01317,4.89657,4.93579,218744.2092392648,0
GLQ.US,D,20130404,000000,4.93579,4.94419,4.84198,4.90952,130669.31916145996,0
GLQ.US,D,20130405,000000,4.87145,4.93105,4.84858,4.93105,161903.14492807596,0
GLQ.US,D,20130408,000000,4.92283,4.9786,4.92283,4.95537,115499.4670568462,0
GLQ.US,D,20130409,000000,4.96056,5.00585,4.95537,4.99316,120943.64900499476,0
GLQ.US,D,20130410,000000,5.02435,5.08654,4.98699,5.08654,141723.3025702559,0
GLQ.US,D,20130411,000000,5.09762,5.09762,5.05992,5.07761,113348.65149584028,0
GLQ.US,D,20130412,000000,5.12346,5.13407,5.04222,5.0633,97944.91778233628,0
GLQ.US,D,20130415,000000,5.05588,5.05588,4.97146,4.97146,100706.73505839468,0
GLQ.US,D,20130416,000000,4.99594,5.0389,4.99594,5.03498,123493.96568737146,0
GLQ.US,D,20130417,000000,5.00648,5.03498,4.9675,4.97146,92034.09166721374,0
GLQ.US,D,20130418,000000,4.97511,4.99316,4.94054,4.94054,62281.88910704097,0
GLQ.US,D,20130419,000000,4.94356,4.97511,4.92185,4.95777,105729.0348699619,0
GLQ.US,D,20130422,000000,4.97511,4.99093,4.94054,4.96002,55502.67960203899,0
GLQ.US,D,20130423,000000,4.99093,5.02435,4.9786,5.0164,72341.03639005171,0
GLQ.US,D,20130424,000000,5.02087,5.04884,4.99093,5.02087,77959.7902567758,0
GLQ.US,D,20130425,000000,5.02435,5.06716,5.01317,5.0389,91430.92330749148,0
GLQ.US,D,20130426,000000,5.03078,5.05992,5.01049,5.05588,71543.15319806179,0
GLQ.US,D,20130429,000000,5.05249,5.0843,5.04222,5.08162,101031.2597788381,0
GLQ.US,D,20130430,000000,5.0843,5.1062,5.05992,5.08162,138283.34053353977,0
GLQ.US,D,20130501,000000,5.1062,5.1062,5.07234,5.07234,248967.53216945144,0
GLQ.US,D,20130502,000000,5.10217,5.11942,5.09003,5.09352,118692.11887556365,0
GLQ.US,D,20130503,000000,5.14008,5.17171,5.11942,5.14303,122395.05784091448,0
GLQ.US,D,20130506,000000,5.14008,5.1643,5.1298,5.15739,104267.55457719459,0
GLQ.US,D,20130507,000000,5.15739,5.17537,5.15114,5.17171,126487.42647078846,0
GLQ.US,D,20130508,000000,5.1643,5.2205,5.15374,5.2205,142888.2344115869,0
GLQ.US,D,20130509,000000,5.21174,5.26143,5.19046,5.23034,148263.03521259243,0
GLQ.US,D,20130510,000000,5.23034,5.26714,5.09352,5.25749,254551.59546262535,0
GLQ.US,D,20130513,000000,5.25749,5.32004,5.23765,5.27966,214969.65102527186,0
GLQ.US,D,20130514,000000,5.29422,5.38394,5.29001,5.36883,268926.9215275466,0
GLQ.US,D,20130515,000000,5.35901,5.40289,5.34006,5.37931,118647.35684516489,0
GLQ.US,D,20130516,000000,5.37931,5.3926,5.36206,5.37599,97026.1771082524,0
GLQ.US,D,20130517,000000,5.38779,5.41459,5.37931,5.40289,105091.17593667017,0
GLQ.US,D,20130520,000000,5.38779,5.45578,5.38779,5.44658,210666.90085249013,0
GLQ.US,D,20130521,000000,5.44658,5.44658,5.4255,5.44416,80935.34622802108,0
GLQ.US,D,20130522,000000,5.49966,5.49966,5.3926,5.41825,161064.97590872407,0
GLQ.US,D,20130523,000000,5.36206,5.38779,5.35134,5.37599,128472.62251929555,0
GLQ.US,D,20130524,000000,5.35901,5.38779,5.2836,5.34176,161411.8816443882,0
GLQ.US,D,20130528,000000,5.38779,5.38779,5.36206,5.37196,119133.02487505403,0
GLQ.US,D,20130529,000000,5.34176,5.37196,5.32004,5.32666,125517.20946173937,0
GLQ.US,D,20130530,000000,5.37931,5.39056,5.36206,5.37931,145401.62241889298,0
GLQ.US,D,20130531,000000,5.37875,5.39002,5.26509,5.26509,104556.26967332308,0
GLQ.US,D,20130603,000000,5.27607,5.35134,5.27312,5.32004,304935.73688772705,0
GLQ.US,D,20130604,000000,5.32666,5.3466,5.30886,5.33345,761177.2080048808,0
GLQ.US,D,20130605,000000,5.3163,5.32666,5.24962,5.27607,364768.02388079313,0
GLQ.US,D,20130606,000000,5.30297,5.30297,5.20415,5.27117,117009.06653229143,0
GLQ.US,D,20130607,000000,5.28673,5.30886,5.28673,5.30691,297245.6200639561,0
GLQ.US,D,20130610,000000,5.32423,5.34006,5.30886,5.32666,243558.04079488455,0
GLQ.US,D,20130611,000000,5.27117,5.32004,5.25749,5.25749,203823.90545416914,0
GLQ.US,D,20130612,000000,5.27607,5.29422,5.17858,5.17858,100658.61587570558,0
GLQ.US,D,20130613,000000,5.22382,5.28673,5.16831,5.28673,119610.85954964551,0
GLQ.US,D,20130614,000000,5.27607,5.29904,5.24186,5.24186,79715.5808994549,0
GLQ.US,D,20130617,000000,5.26143,5.32666,5.26143,5.27607,75417.30692970999,0
GLQ.US,D,20130618,000000,5.27312,5.34006,5.27312,5.31173,197290.8871163807,0
GLQ.US,D,20130619,000000,5.32004,5.34006,5.26411,5.26411,89350.60794436795,0
GLQ.US,D,20130620,000000,5.19046,5.25749,5.1643,5.18145,113645.19994727659,0
GLQ.US,D,20130621,000000,5.23765,5.23765,5.15114,5.21174,114580.72638276435,0
GLQ.US,D,20130624,000000,5.16831,5.16831,5.0164,5.09003,146217.41042303023,0
GLQ.US,D,20130625,000000,5.14008,5.14008,5.08654,5.13407,137137.4325551544,0
GLQ.US,D,20130626,000000,5.14767,5.19332,5.14767,5.19332,146978.36493993129,0
GLQ.US,D,20130627,000000,5.20415,5.24533,5.19332,5.23336,109534.92650523702,0
GLQ.US,D,20130628,000000,5.32532,5.3684,5.31735,5.36097,83003.35203278268,0
GLQ.US,D,20130701,000000,5.33345,5.34006,5.27117,5.32423,72025.46407568805,0
GLQ.US,D,20130702,000000,5.30691,5.36883,5.30691,5.33085,291676.1044306788,0
GLQ.US,D,20130703,000000,5.30886,5.32004,5.2836,5.30297,75005.4962499732,0
GLQ.US,D,20130705,000000,5.33693,5.37599,5.32666,5.37599,212364.5008556285,0
GLQ.US,D,20130708,000000,5.4103,5.41825,5.37931,5.38779,112048.31451255328,0
GLQ.US,D,20130709,000000,5.39832,5.4103,5.38394,5.38394,85073.59593906575,0
GLQ.US,D,20130710,000000,5.30691,5.40289,5.29904,5.40289,100252.40044977044,0
GLQ.US,D,20130711,000000,5.43291,5.48126,5.4103,5.48126,138838.3897105821,0
GLQ.US,D,20130712,000000,5.46712,5.47258,5.4363,5.44416,126335.23556740621,0
GLQ.US,D,20130715,000000,5.53362,5.53362,5.45033,5.46712,108549.04278553158,0
GLQ.US,D,20130716,000000,5.49465,5.49465,5.40617,5.41825,116488.70792882063,0
GLQ.US,D,20130717,000000,5.44425,5.5615,5.43291,5.53166,167421.18422639617,0
GLQ.US,D,20130718,000000,5.53889,5.55032,5.50868,5.53889,141620.34990032142,0
GLQ.US,D,20130719,000000,5.5144,5.52906,5.48259,5.50162,94363.95534985032,0
GLQ.US,D,20130722,000000,5.48991,5.50868,5.46053,5.4741,84592.40411219919,0
GLQ.US,D,20130723,000000,5.51745,5.51745,5.46552,5.51109,102394.26360469965,0
GLQ.US,D,20130724,000000,5.52906,5.52906,5.46803,5.50467,105045.2948555117,0
GLQ.US,D,20130725,000000,5.48991,5.49296,5.37875,5.49296,114651.22658064673,0
GLQ.US,D,20130726,000000,5.44425,5.4741,5.4255,5.4255,137463.07632636366,0
GLQ.US,D,20130729,000000,5.4255,5.44425,5.39002,5.40976,119890.62223969627,0
GLQ.US,D,20130730,000000,5.45033,5.45033,5.39216,5.39832,91653.61440876017,0
GLQ.US,D,20130731,000000,5.44425,5.44729,5.3684,5.42905,141483.8257075854,0
GLQ.US,D,20130801,000000,5.44425,5.5144,5.41825,5.5144,217336.4433829943,0
GLQ.US,D,20130802,000000,5.54774,5.54774,5.46552,5.49672,101278.5699968317,0
GLQ.US,D,20130805,000000,5.49672,5.49672,5.4564,5.4564,44125.2905235685,0
GLQ.US,D,20130806,000000,5.4741,5.4775,5.44425,5.4564,75645.5932847803,0
GLQ.US,D,20130807,000000,5.43978,5.46053,5.43291,5.45033,126335.23556740621,0
GLQ.US,D,20130808,000000,5.47009,5.47009,5.40289,5.43978,57361.42291464949,0
GLQ.US,D,20130809,000000,5.4255,5.47009,5.38714,5.42905,91849.44829178654,0
GLQ.US,D,20130812,000000,5.40289,5.43978,5.38714,5.40976,51505.43028677331,0
GLQ.US,D,20130813,000000,5.40617,5.41825,5.2767,5.36097,140046.96453155213,0
GLQ.US,D,20130814,000000,5.34006,5.34006,5.30441,5.30441,96247.31777918575,0
GLQ.US,D,20130815,000000,5.2767,5.30806,5.05249,5.23765,81633.63390235572,0
GLQ.US,D,20130816,000000,5.21433,5.25776,5.16358,5.17733,73020.30020146306,0
GLQ.US,D,20130819,000000,5.19994,5.19994,5.10771,5.10771,63808.27434388802,0
GLQ.US,D,20130820,000000,5.11379,5.17465,5.0389,5.13444,181614.10501740256,0
GLQ.US,D,20130821,000000,5.14964,5.16706,5.09056,5.10979,54379.1526388449,0
GLQ.US,D,20130822,000000,5.15643,5.19994,5.13893,5.18091,101985.81007725118,0
GLQ.US,D,20130823,000000,5.17081,5.20664,5.12738,5.20307,29397.463469203834,0
GLQ.US,D,20130826,000000,5.18949,5.2171,5.16706,5.16706,105385.48628658707,0
GLQ.US,D,20130827,000000,5.16358,5.19208,5.06716,5.06716,81526.2050293814,0
GLQ.US,D,20130828,000000,5.04623,5.10771,5.02784,5.0389,208570.9187787204,0
GLQ.US,D,20130829,000000,5.02033,5.09056,4.99871,5.03427,212984.45497676477,0
GLQ.US,D,20130830,000000,5.19618,5.19618,5.1238,5.16028,69579.21911399333,0
GLQ.US,D,20130903,000000,5.12416,5.12416,5.08278,5.09824,81969.34913040137,0
GLQ.US,D,20130904,000000,5.08851,5.14964,5.07787,5.09056,1547629.296478567,0
GLQ.US,D,20130905,000000,5.11666,5.20664,5.11666,5.17465,157930.51472954228,0
GLQ.US,D,20130906,000000,5.22382,5.25401,5.17465,5.2205,97181.72516391378,0
GLQ.US,D,20130909,000000,5.20664,5.2716,5.19618,5.26784,157827.56205960785,0
GLQ.US,D,20130910,000000,5.31798,5.35284,5.2962,5.34445,158159.92013538553,0
GLQ.US,D,20130911,000000,5.34445,5.3684,5.32567,5.36097,66328.37665575239,0
GLQ.US,D,20130912,000000,5.38331,5.40976,5.34006,5.34006,250792.70395927865,0
GLQ.US,D,20130913,000000,5.33201,5.35739,5.33201,5.33897,121709.0797249245,0
GLQ.US,D,20130916,000000,5.37107,5.41459,5.34988,5.35284,160446.1408383678,0
GLQ.US,D,20130917,000000,5.37107,5.39492,5.34445,5.38714,241838.05977653156,0
GLQ.US,D,20130918,000000,5.41825,5.49296,5.37107,5.46803,161965.8117706505,0
GLQ.US,D,20130919,000000,5.4564,5.47009,5.42084,5.43291,144586.95346548496,0
GLQ.US,D,20130920,000000,5.4564,5.4564,5.365,5.3684,72317.53632408855,0
GLQ.US,D,20130923,000000,5.39002,5.40976,5.34988,5.35284,66878.94962974773,0
GLQ.US,D,20130924,000000,5.37875,5.38714,5.33514,5.35739,107397.53955334765,0
GLQ.US,D,20130925,000000,5.38714,5.38714,5.33514,5.37875,106684.70421912453,0
GLQ.US,D,20130926,000000,5.39002,5.40617,5.37107,5.38714,34689.45451396404,0
GLQ.US,D,20130927,000000,5.37875,5.39832,5.33514,5.3684,57440.8755186218,0
GLQ.US,D,20130930,000000,5.3994,5.50064,5.3994,5.48554,275468.89227140264,0
GLQ.US,D,20131001,000000,5.43291,5.43291,5.365,5.40976,84688.6424775723,0
GLQ.US,D,20131002,000000,5.4255,5.44729,5.35739,5.44729,96403.98488560584,0
GLQ.US,D,20131003,000000,5.4564,5.46552,5.3684,5.38331,74889.11497091812,0
GLQ.US,D,20131004,000000,5.43291,5.43291,5.37875,5.40617,60454.47921571265,0
GLQ.US,D,20131007,000000,5.36097,5.39492,5.35739,5.37107,101638.90434159922,0
GLQ.US,D,20131008,000000,5.35284,5.37107,5.30806,5.32183,74319.5181339995,0
GLQ.US,D,20131009,000000,5.30441,5.33514,5.2716,5.31066,154694.2199311858,0
GLQ.US,D,20131010,000000,5.35739,5.40617,5.32183,5.38331,76149.16612684929,0
GLQ.US,D,20131011,000000,5.32567,5.39216,5.32567,5.37875,92544.37881384305,0
GLQ.US,D,20131014,000000,5.35739,5.42084,5.34988,5.40976,133020.4448085362,0
GLQ.US,D,20131015,000000,5.31798,5.39216,5.31798,5.34988,90543.51605468876,0
GLQ.US,D,20131016,000000,5.39832,5.39832,5.35284,5.37875,59144.07077557295,0
GLQ.US,D,20131017,000000,5.40342,5.46623,5.22461,5.44828,161763.2635830709,0
GLQ.US,D,20131018,000000,5.47518,5.47518,5.45409,5.45874,99334.77882644524,0
GLQ.US,D,20131021,000000,5.43416,5.48072,5.42986,5.47518,65332.421479215634,0
GLQ.US,D,20131022,000000,5.46222,5.49465,5.44828,5.49126,154926.98248928785,0
GLQ.US,D,20131023,000000,5.45409,5.48072,5.41092,5.42193,87341.91182989259,0
GLQ.US,D,20131024,000000,5.42665,5.44828,5.40664,5.42193,129082.50518358425,0
GLQ.US,D,20131025,000000,5.41092,5.48911,5.40664,5.48911,102073.09603653944,0
GLQ.US,D,20131028,000000,5.48911,5.48911,5.45409,5.45874,73808.11193661048,0
GLQ.US,D,20131029,000000,5.46222,5.48911,5.46222,5.469,81321.41874027424,0
GLQ.US,D,20131030,000000,5.46623,5.48072,5.43416,5.45874,83741.92553448332,0
GLQ.US,D,20131031,000000,5.59743,5.59743,5.54407,5.58036,100773.87810400198,0
GLQ.US,D,20131101,000000,5.47518,5.52442,5.45874,5.51029,238859.1466530112,0
GLQ.US,D,20131104,000000,5.51325,5.56401,5.51029,5.53836,93312.04763530748,0
GLQ.US,D,20131105,000000,5.51637,5.53836,5.49465,5.52442,61161.71929612806,0
GLQ.US,D,20131106,000000,5.55032,5.55032,5.51325,5.53836,101745.21416381079,0
GLQ.US,D,20131107,000000,5.53166,5.55032,5.469,5.47518,90292.848684415,0
GLQ.US,D,20131108,000000,5.469,5.49126,5.35284,5.43416,130150.07960874886,0
GLQ.US,D,20131111,000000,5.44103,5.45874,5.40342,5.41459,107739.96908595263,0
GLQ.US,D,20131112,000000,5.3953,5.43416,5.39002,5.3953,108170.80362860557,0
GLQ.US,D,20131113,000000,5.38714,5.43416,5.37875,5.43416,62478.84204082808,0
GLQ.US,D,20131114,000000,5.46222,5.49465,5.42665,5.47195,54733.89172981384,0
GLQ.US,D,20131115,000000,5.46222,5.6413,5.45086,5.53451,215739.5579482608,0
GLQ.US,D,20131118,000000,5.53166,5.56401,5.50386,5.50386,104528.29340430986,0
GLQ.US,D,20131119,000000,5.48911,5.51325,5.46222,5.48072,120109.95618867158,0
GLQ.US,D,20131120,000000,5.47518,5.50386,5.44103,5.45086,112451.17278619301,0
GLQ.US,D,20131121,000000,5.44103,5.49465,5.43747,5.46623,214931.6032994314,0
GLQ.US,D,20131122,000000,5.45409,5.49465,5.44828,5.469,114096.17740361458,0
GLQ.US,D,20131125,000000,5.45874,5.52004,5.45874,5.50001,109963.52294637052,0
GLQ.US,D,20131126,000000,5.48911,5.53166,5.469,5.52004,89490.4892893862,0
GLQ.US,D,20131127,000000,5.51029,5.5615,5.50001,5.55757,92153.83009854799,0
GLQ.US,D,20131129,000000,5.66116,5.67623,5.6413,5.66784,34373.88219960139,0
GLQ.US,D,20131202,000000,5.58982,5.58982,5.50001,5.51637,96517.00901238178,0
GLQ.US,D,20131203,000000,5.58876,5.62468,5.58876,5.61466,80421.7019291106,0
GLQ.US,D,20131204,000000,5.59743,5.62468,5.5841,5.6094,118047.54563770346,0
GLQ.US,D,20131205,000000,5.59358,5.61466,5.54988,5.60072,65296.61185489053,0
GLQ.US,D,20131206,000000,5.52442,5.53451,5.50824,5.52834,78067.21912975011,0
GLQ.US,D,20131209,000000,5.55757,5.55757,5.49126,5.52004,99862.97078523813,0
GLQ.US,D,20131210,000000,5.49465,5.54264,5.48911,5.53166,67999.1194406586,0
GLQ.US,D,20131211,000000,5.51325,5.53166,5.43747,5.44103,105538.79624071885,0
GLQ.US,D,20131212,000000,5.49126,5.49126,5.42986,5.45409,88250.581047137,0
GLQ.US,D,20131213,000000,5.49465,5.50824,5.43747,5.48911,63942.56043510669,0
GLQ.US,D,20131216,000000,5.51029,5.52834,5.48072,5.51029,73706.27831743677,0
GLQ.US,D,20131217,000000,5.49465,5.51637,5.47518,5.51637,74057.66025612452,0
GLQ.US,D,20131218,000000,5.50824,5.57214,5.47518,5.5681,143451.1169439472,0
GLQ.US,D,20131219,000000,5.69286,5.69286,5.6094,5.67347,218110.8265090221,0
GLQ.US,D,20131220,000000,5.68553,5.74962,5.65399,5.71245,141314.84904278707,0
GLQ.US,D,20131223,000000,5.74962,5.8605,5.73038,5.85586,117253.01959801099,0
GLQ.US,D,20131224,000000,5.8605,5.91368,5.83567,5.85586,92410.09272262338,0
GLQ.US,D,20131226,000000,5.84101,5.90365,5.80707,5.90365,100335.21020602187,0
GLQ.US,D,20131227,000000,5.88704,5.89331,5.81993,5.87427,120861.9582994949,0
GLQ.US,D,20131230,000000,5.90365,5.90365,5.8042,5.81993,157589.20424769705,0
GLQ.US,D,20131231,000000,5.91769,5.91769,5.80475,5.84557,117978.16449057063,0
GLQ.US,D,20140102,000000,5.83567,5.83567,5.72083,5.73038,161040.3567920205,0
GLQ.US,D,20140103,000000,5.76775,5.76775,5.71662,5.7555,162937.14783045926,0
GLQ.US,D,20140106,000000,5.62996,5.64836,5.61002,5.64836,162019.52620713713,0
GLQ.US,D,20140107,000000,5.67088,5.71245,5.62174,5.71245,191183.108067467,0
GLQ.US,D,20140108,000000,5.69286,5.71245,5.66508,5.69286,137147.50401200203,0
GLQ.US,D,20140109,000000,5.69726,5.76354,5.68553,5.7555,204391.264189548,0
GLQ.US,D,20140110,000000,5.74104,5.76775,5.72083,5.76775,99023.68271512349,0
GLQ.US,D,20140113,000000,5.74488,5.77266,5.71662,5.74962,150014.34965221744,0
GLQ.US,D,20140114,000000,5.75201,5.76006,5.70938,5.72083,237726.6672837221,0
GLQ.US,D,20140115,000000,5.74416,5.81475,5.72629,5.81475,330136.7600063506,0
GLQ.US,D,20140116,000000,5.82656,5.832,5.77472,5.81475,396052.2069316268,0
GLQ.US,D,20140117,000000,5.82656,5.82656,5.76132,5.78464,99303.44540516203,0
GLQ.US,D,20140121,000000,5.80223,5.82656,5.77061,5.77911,81695.18169416343,0
GLQ.US,D,20140122,000000,5.7882,5.80223,5.77911,5.79626,117750.99718626717,0
GLQ.US,D,20140123,000000,5.77061,5.80223,5.77061,5.78329,117931.16435867277,0
GLQ.US,D,20140124,000000,5.77061,5.77911,5.70225,5.71529,117755.47338931618,0
GLQ.US,D,20140127,000000,5.72297,5.72297,5.63468,5.65399,113405.72308460608,0
GLQ.US,D,20140128,000000,5.66541,5.6699,5.63943,5.66256,73711.87357123737,0
GLQ.US,D,20140129,000000,5.65399,5.65399,5.55408,5.58581,134300.63887816868,0
GLQ.US,D,20140130,000000,5.6186,5.66541,5.6186,5.66541,102420.00177218327,0
GLQ.US,D,20140131,000000,5.62575,5.6429,5.60636,5.63943,75531.45010724463,0
GLQ.US,D,20140203,000000,5.63943,5.67453,5.54542,5.55408,173963.154970242,0
GLQ.US,D,20140204,000000,5.57142,5.58215,5.55685,5.58215,101118.5457381284,0
GLQ.US,D,20140205,000000,5.60233,5.62227,5.54542,5.58215,77997.83798262033,0
GLQ.US,D,20140206,000000,5.59886,5.6127,5.58982,5.6127,90797.54057724371,0
GLQ.US,D,20140207,000000,5.63093,5.6699,5.61002,5.6699,71580.08187314763,0
GLQ.US,D,20140210,000000,5.6775,5.71529,5.65847,5.71529,112689.53059809364,0
GLQ.US,D,20140211,000000,5.71824,5.74416,5.70993,5.74416,131603.7265461982,0
GLQ.US,D,20140212,000000,5.7555,5.7555,5.72404,5.75265,98835.68218741816,0
GLQ.US,D,20140213,000000,5.74104,5.76417,5.68831,5.7555,79161.65077318043,0
GLQ.US,D,20140214,000000,5.77374,5.80009,5.75265,5.77374,110247.76183944997,0
GLQ.US,D,20140218,000000,5.76417,5.80009,5.76006,5.79759,61758.17335128898,0
GLQ.US,D,20140219,000000,5.78168,5.80545,5.74488,5.75023,101695.97593036298,0
GLQ.US,D,20140220,000000,5.76006,5.79089,5.73763,5.76417,103770.69603968796,0
GLQ.US,D,20140221,000000,5.74488,5.80886,5.74488,5.77374,106512.37040205725,0
GLQ.US,D,20140224,000000,5.77749,5.84217,5.76006,5.83031,85304.12039565548,0
GLQ.US,D,20140225,000000,5.85014,5.85014,5.80545,5.82584,86255.31354178536,0
GLQ.US,D,20140226,000000,5.80545,5.879,5.80545,5.87605,94051.74018776682,0
GLQ.US,D,20140227,000000,5.86676,5.92412,5.83397,5.91654,90705.77841490945,0
GLQ.US,D,20140228,000000,5.92412,5.92412,5.89107,5.92412,118416.83238857209,0
GLQ.US,D,20140303,000000,5.88634,5.88634,5.87605,5.88634,150119.5404236815,0
GLQ.US,D,20140304,000000,5.92412,5.95961,5.92412,5.94289,74571.30455503402,0
GLQ.US,D,20140305,000000,5.931,5.94754,5.931,5.94557,94690.7181718142,0
GLQ.US,D,20140306,000000,5.95496,5.99767,5.95496,5.99767,97949.39398537923,0
GLQ.US,D,20140307,000000,6.01929,6.01929,5.96765,5.9857,58966.14170470913,0
GLQ.US,D,20140310,000000,5.99132,5.99132,5.94557,5.97301,89957.13345637036,0
GLQ.US,D,20140311,000000,5.98792,6.00098,5.96381,5.96765,99867.44698827903,0
GLQ.US,D,20140312,000000,5.95157,5.96381,5.94227,5.96381,130524.96161342623,0
GLQ.US,D,20140313,000000,5.98113,5.98113,5.89445,5.91654,82161.8258611476,0
GLQ.US,D,20140314,000000,5.92305,5.92582,5.86801,5.89331,178480.7628889805,0
GLQ.US,D,20140317,000000,5.9294,5.9294,5.86005,5.92582,142809.90085837635,0
GLQ.US,D,20140318,000000,5.9294,5.94172,5.91422,5.92582,50792.59495255628,0
GLQ.US,D,20140319,000000,5.94335,5.94335,5.87381,5.88482,80971.1558523462,0
GLQ.US,D,20140320,000000,5.88704,5.9042,5.87668,5.89331,59022.09424271724,0
GLQ.US,D,20140321,000000,5.9185,5.95772,5.9185,5.95308,96437.55640841152,0
GLQ.US,D,20140324,000000,5.97103,5.97103,5.89643,5.90974,74359.80396136551,0
GLQ.US,D,20140325,000000,5.9294,5.94172,5.89331,5.8991,59944.19206908232,0
GLQ.US,D,20140326,000000,5.9042,5.92582,5.85149,5.85149,95057.7668211451,0
GLQ.US,D,20140327,000000,5.83567,5.85149,5.81921,5.84424,105579.08206809909,0
GLQ.US,D,20140328,000000,5.83709,5.86801,5.82352,5.832,73635.77811954726,0
GLQ.US,D,20140331,000000,5.85525,5.86801,5.83709,5.85525,57539.35198551433,0
GLQ.US,D,20140401,000000,5.85149,5.88971,5.83567,5.88704,188411.21933458542,0
GLQ.US,D,20140402,000000,5.87381,5.89331,5.87381,5.89331,154612.52922569614,0
GLQ.US,D,20140403,000000,5.9042,5.90974,5.88033,5.88482,154063.07530247272,0
GLQ.US,D,20140404,000000,5.8991,5.9294,5.81475,5.832,71805.01107593677,0
GLQ.US,D,20140407,000000,5.83709,5.83709,5.73826,5.7605,55034.91638429409,0
GLQ.US,D,20140408,000000,5.74621,5.75265,5.68025,5.69286,74100.18418500895,0
GLQ.US,D,20140409,000000,5.68553,5.72083,5.68553,5.71708,237473.76181194518,0
GLQ.US,D,20140410,000000,5.71708,5.7882,5.67088,5.70154,121062.26838556521,0
GLQ.US,D,20140411,000000,5.67623,5.67623,5.59456,5.61342,72811.03770931604,0
GLQ.US,D,20140414,000000,5.66704,5.66704,5.57508,5.60779,104982.62801293716,0
GLQ.US,D,20140415,000000,5.56946,5.65015,5.54774,5.60502,201855.4951670476,0
GLQ.US,D,20140416,000000,5.60502,5.68286,5.60502,5.68286,84013.8548691998,0
GLQ.US,D,20140417,000000,5.71127,5.73682,5.6715,5.7202,111642.09908660388,0
GLQ.US,D,20140421,000000,5.70349,5.75265,5.6699,5.73682,57656.852315331176,0
GLQ.US,D,20140422,000000,5.77374,5.77374,5.71127,5.75265,82799.68479443526,0
GLQ.US,D,20140423,000000,5.76417,5.79125,5.73682,5.7555,96066.03155604075,0
GLQ.US,D,20140424,000000,5.7555,5.77374,5.75023,5.77374,47866.2772147598,0
GLQ.US,D,20140425,000000,5.7555,5.76908,5.72996,5.76006,62925.34329412822,0
GLQ.US,D,20140428,000000,5.78231,5.8009,5.73682,5.7555,47173.584794224764,0
GLQ.US,D,20140429,000000,5.78778,5.80607,5.75265,5.76908,81863.03930818677,0
GLQ.US,D,20140430,000000,5.78384,5.78778,5.74488,5.77374,77889.2900588863,0
GLQ.US,D,20140501,000000,5.78231,5.79805,5.72691,5.78384,123618.18032175065,0
GLQ.US,D,20140502,000000,5.78778,5.80607,5.78231,5.8009,40144.82696970771,0
GLQ.US,D,20140505,000000,5.79581,5.88033,5.79581,5.85525,105977.46413869997,0
GLQ.US,D,20140506,000000,5.86454,5.86454,5.83146,5.83986,29513.844748259944,0
GLQ.US,D,20140507,000000,5.86454,5.86801,5.8009,5.8186,71267.86671106615,0
GLQ.US,D,20140508,000000,5.83709,5.83709,5.75265,5.78384,39485.706071977336,0
GLQ.US,D,20140509,000000,5.79581,5.79581,5.7202,5.72691,81805.96771941995,0
GLQ.US,D,20140512,000000,5.72691,5.7555,5.72691,5.7555,31672.493664593025,0
GLQ.US,D,20140513,000000,5.77811,5.78778,5.74488,5.77374,43224.454661644115,0
GLQ.US,D,20140514,000000,5.78892,5.79286,5.75138,5.77953,80369.10654338366,0
GLQ.US,D,20140515,000000,5.78507,5.78507,5.66372,5.69778,77315.21701892679,0
GLQ.US,D,20140516,000000,5.70938,5.74692,5.67088,5.74353,122992.63094683613,0
GLQ.US,D,20140519,000000,5.7388,5.7388,5.67989,5.70511,104538.36486115746,0
GLQ.US,D,20140520,000000,5.70511,5.71771,5.67989,5.70154,72381.32221741672,0
GLQ.US,D,20140521,000000,5.72145,5.73084,5.68911,5.71771,172761.2944538404,0
GLQ.US,D,20140522,000000,5.72691,5.74692,5.71359,5.73523,150366.85064165984,0
GLQ.US,D,20140523,000000,5.74353,5.78329,5.7388,5.78329,45819.53337443991,0
GLQ.US,D,20140527,000000,5.80475,5.82584,5.78892,5.81617,79842.0336353515,0
GLQ.US,D,20140528,000000,5.82584,5.85406,5.80475,5.84718,53678.62686298981,0
GLQ.US,D,20140529,000000,5.86336,5.89507,5.83879,5.85898,69921.64864660133,0
GLQ.US,D,20140530,000000,5.86748,5.8841,5.83879,5.87176,70544.95992000557,0
GLQ.US,D,20140602,000000,5.88634,5.9086,5.86748,5.89507,149715.56309927185,0
GLQ.US,D,20140603,000000,5.89196,5.9086,5.87605,5.9086,77906.07582028813,0
GLQ.US,D,20140604,000000,5.88634,5.94172,5.86748,5.9086,102479.31146247868,0
GLQ.US,D,20140605,000000,5.88892,5.95308,5.87605,5.92858,113152.81761278848,0
GLQ.US,D,20140606,000000,5.93314,5.95772,5.90303,5.9504,34117.619575526,0
GLQ.US,D,20140609,000000,5.92305,5.9504,5.92305,5.92858,78605.4825453845,0
GLQ.US,D,20140610,000000,5.94557,5.97506,5.92582,5.95308,96452.10406829494,0
GLQ.US,D,20140611,000000,5.93314,5.93314,5.8841,5.92858,84085.47411785003,0
GLQ.US,D,20140612,000000,5.93735,5.93735,5.87176,5.89847,121565.84122763014,0
GLQ.US,D,20140613,000000,5.93314,5.9798,5.91422,5.92582,132895.1111234278,0
GLQ.US,D,20140616,000000,5.90555,5.9647,5.90555,5.9647,52177.97979362536,0
GLQ.US,D,20140617,000000,5.9647,5.97766,5.93888,5.9647,66008.32813834785,0
GLQ.US,D,20140618,000000,5.9891,5.9891,5.95576,5.9891,97396.58290986346,0
GLQ.US,D,20140619,000000,6.01502,6.08178,5.9857,6.08178,79902.46237640153,0
GLQ.US,D,20140620,000000,6.07471,6.08658,6.01823,6.05352,47761.086443303895,0
GLQ.US,D,20140623,000000,6.06103,6.12805,6.02771,6.04726,84010.49771691965,0
GLQ.US,D,20140624,000000,6.03582,6.0579,5.9857,6.0109,94508.31289790948,0
GLQ.US,D,20140625,000000,6.01823,6.03117,5.97766,6.01502,54282.91427347179,0
GLQ.US,D,20140626,000000,6.03117,6.03117,5.9891,6.00831,52917.67234608572,0
GLQ.US,D,20140627,000000,6.01502,6.0579,6.00831,6.0579,55170.32152627451,0
GLQ.US,D,20140630,000000,6.07471,6.08658,5.99238,6.00329,126187.52086706283,0
GLQ.US,D,20140701,000000,6.03582,6.11089,6.03117,6.08658,138042.74462010956,0
GLQ.US,D,20140702,000000,6.03967,6.10749,6.02771,6.06631,125815.9960146951,0
GLQ.US,D,20140703,000000,6.08658,6.09552,6.06103,6.08658,33411.4985458693,0
GLQ.US,D,20140707,000000,6.0579,6.09312,6.02233,6.05352,32501.710277867187,0
GLQ.US,D,20140708,000000,5.9991,6.04397,5.9302,5.9857,121956.38994292318,0
GLQ.US,D,20140709,000000,6.00831,6.00831,5.94227,5.9647,128028.35936751586,0
GLQ.US,D,20140710,000000,5.916,5.9647,5.91098,5.95576,114729.56013386745,0
GLQ.US,D,20140711,000000,5.95219,6.00329,5.93458,5.9991,156201.58130510143,0
GLQ.US,D,20140714,000000,6.01502,6.01502,5.95219,5.9891,107828.37409600061,0
GLQ.US,D,20140715,000000,5.97766,5.99607,5.9302,5.95576,114916.44161081102,0
GLQ.US,D,20140716,000000,5.96247,6.01027,5.95308,5.9857,94989.50472477604,0
GLQ.US,D,20140717,000000,5.94557,5.98722,5.91368,5.95845,73199.34832308863,0
GLQ.US,D,20140718,000000,5.94557,5.96623,5.90788,5.96623,110223.14272272609,0
GLQ.US,D,20140721,000000,5.9504,5.95308,5.91769,5.92233,59046.71335944013,0
GLQ.US,D,20140722,000000,5.93735,5.96623,5.92858,5.9504,124766.32640167576,0
GLQ.US,D,20140723,000000,5.94172,5.97203,5.94172,5.96623,48044.20628562159,0
GLQ.US,D,20140724,000000,5.94557,5.99373,5.94557,5.99132,64474.109546180756,0
GLQ.US,D,20140725,000000,5.9857,5.9857,5.93735,5.95845,29403.05872300444,0
GLQ.US,D,20140728,000000,5.93314,5.95845,5.90224,5.93314,69686.64798696867,0
GLQ.US,D,20140729,000000,5.92233,5.94172,5.89445,5.90788,32991.85451081248,0
GLQ.US,D,20140730,000000,5.92858,5.92858,5.86184,5.86997,152317.35611662595,0
GLQ.US,D,20140731,000000,5.86997,5.86997,5.76846,5.76846,106373.60810780176,0
GLQ.US,D,20140801,000000,5.72243,5.76354,5.71466,5.72547,102113.38186390953,0
GLQ.US,D,20140804,000000,5.67347,5.77749,5.67347,5.73942,216108.8446991091,0
GLQ.US,D,20140805,000000,5.71466,5.74899,5.68956,5.71824,129028.79074708742,0
GLQ.US,D,20140806,000000,5.68025,5.73942,5.67347,5.7278,69942.91061104609,0
GLQ.US,D,20140807,000000,5.70154,5.72547,5.68956,5.70938,181568.2239362441,0
GLQ.US,D,20140808,000000,5.70154,5.78168,5.67347,5.78168,99202.73083674906,0
GLQ.US,D,20140811,000000,5.76846,5.80607,5.74416,5.78168,114454.27364686572,0
GLQ.US,D,20140812,000000,5.78384,5.78778,5.76006,5.77749,77254.78827787981,0
GLQ.US,D,20140813,000000,5.79125,5.79805,5.76354,5.79125,57518.09002107263,0
GLQ.US,D,20140814,000000,5.822,5.83637,5.80475,5.83031,82698.97022602227,0
GLQ.US,D,20140815,000000,5.84273,5.8479,5.79759,5.8479,145925.33817462262,0
GLQ.US,D,20140818,000000,5.85086,5.8974,5.83458,5.87729,88351.29561555,0
GLQ.US,D,20140819,000000,5.89393,5.90599,5.87381,5.89393,58260.02067505445,0
GLQ.US,D,20140820,000000,5.87729,5.90599,5.86801,5.90179,55049.464044177505,0
GLQ.US,D,20140821,000000,5.88704,5.90599,5.87381,5.88704,113152.81761278848,0
GLQ.US,D,20140822,000000,5.90179,5.90179,5.88096,5.89052,64335.34725192017,0
GLQ.US,D,20140825,000000,5.90599,5.92038,5.89052,5.92038,234511.63444982053,0
GLQ.US,D,20140826,000000,5.92787,5.94557,5.91654,5.94289,44365.886437000765,0
GLQ.US,D,20140827,000000,5.95308,5.95709,5.92787,5.95709,128082.07380400252,0
GLQ.US,D,20140828,000000,5.91654,5.94289,5.89052,5.92038,78632.3397636258,0
GLQ.US,D,20140829,000000,5.93619,5.95308,5.90599,5.95308,51936.26482943135,0
GLQ.US,D,20140902,000000,5.95709,5.96561,5.92787,5.95709,126139.40168438491,0
GLQ.US,D,20140903,000000,5.95709,5.97918,5.92787,5.94101,65425.302692308585,0
GLQ.US,D,20140904,000000,5.93234,5.94557,5.8974,5.91654,67222.49821311444,0
GLQ.US,D,20140905,000000,5.89052,5.89393,5.83986,5.88579,102003.71488940662,0
GLQ.US,D,20140908,000000,5.86801,5.89052,5.85086,5.87729,89828.44261895331,0
GLQ.US,D,20140909,000000,5.88704,5.88704,5.85086,5.86801,92279.16378368589,0
GLQ.US,D,20140910,000000,5.88579,5.88704,5.84273,5.88579,93315.40478758662,0
GLQ.US,D,20140911,000000,5.85086,5.88579,5.85086,5.87729,86845.05329238594,0
GLQ.US,D,20140912,000000,5.86005,5.88096,5.85086,5.86454,38120.464144591264,0
GLQ.US,D,20140915,000000,5.87729,5.87729,5.80475,5.822,59455.16688689471,0
GLQ.US,D,20140916,000000,5.78704,5.84101,5.75944,5.83816,77741.57535854698,0
GLQ.US,D,20140917,000000,5.85014,5.85406,5.82467,5.83567,72698.0135825401,0
GLQ.US,D,20140918,000000,5.85406,5.90491,5.84101,5.87668,152871.28624290857,0
GLQ.US,D,20140919,000000,5.91922,5.91922,5.81475,5.83816,78987.07885459575,0
GLQ.US,D,20140922,000000,5.80143,5.84612,5.75944,5.77687,71183.93790405194,0
GLQ.US,D,20140923,000000,5.74764,5.74764,5.69688,5.72083,97365.2494885782,0
GLQ.US,D,20140924,000000,5.72691,5.75138,5.65783,5.73084,106560.48958474533,0
GLQ.US,D,20140925,000000,5.73084,5.73084,5.66846,5.68286,96898.60532159507,0
GLQ.US,D,20140926,000000,5.66541,5.70875,5.66541,5.70875,112531.74444091282,0
GLQ.US,D,20140929,000000,5.64836,5.6775,5.60233,5.6775,120109.95618867158,0
GLQ.US,D,20140930,000000,5.65399,5.70037,5.63228,5.67453,134829.94988773757,0
GLQ.US,D,20141001,000000,5.64836,5.67453,5.61002,5.62763,175574.5880648721,0
GLQ.US,D,20141002,000000,5.61002,5.61913,5.52576,5.5893,176483.25728211654,0
GLQ.US,D,20141003,000000,5.58036,5.62352,5.55481,5.6127,181548.08102255905,0
GLQ.US,D,20141006,000000,5.61593,5.62352,5.5841,5.59814,86469.05223697428,0
GLQ.US,D,20141007,000000,5.56909,5.5893,5.55032,5.56463,118733.52375368327,0
GLQ.US,D,20141008,000000,5.55481,5.61593,5.51325,5.6127,161639.04894868153,0
GLQ.US,D,20141009,000000,5.58036,5.59358,5.49902,5.5077,193730.06759758486,0
GLQ.US,D,20141010,000000,5.4875,5.52111,5.37107,5.40574,209207.65866126257,0
GLQ.US,D,20141013,000000,5.38822,5.40574,5.16947,5.16947,499199.59169789933,0
GLQ.US,D,20141014,000000,5.17699,5.26213,5.16947,5.2171,337374.7803230238,0
GLQ.US,D,20141015,000000,5.17537,5.19074,5.04321,5.19074,264524.5758370893,0
GLQ.US,D,20141016,000000,5.08333,5.32666,5.05992,5.29904,263751.31176183134,0
GLQ.US,D,20141017,000000,5.31138,5.40914,5.31138,5.38779,152819.80990794132,0
GLQ.US,D,20141020,000000,5.38331,5.41407,5.35901,5.41407,105130.34271327038,0
GLQ.US,D,20141021,000000,5.44416,5.53416,5.44416,5.53416,68581.02583594018,0
GLQ.US,D,20141022,000000,5.55811,5.57294,5.49028,5.51325,83490.13911344984,0
GLQ.US,D,20141023,000000,5.57018,5.61413,5.53416,5.57294,91007.92212015248,0
GLQ.US,D,20141024,000000,5.58526,5.6288,5.58143,5.6288,91614.4476321549,0
GLQ.US,D,20141027,000000,5.62047,5.62047,5.57677,5.60835,67805.5236591537,0
GLQ.US,D,20141028,000000,5.60342,5.66704,5.58526,5.65487,145490.02742892064,0
GLQ.US,D,20141029,000000,5.67989,5.67989,5.60835,5.6288,82345.35018581305,0
GLQ.US,D,20141030,000000,5.6288,5.67276,5.61101,5.66704,111433.95564521555,0
GLQ.US,D,20141031,000000,5.73682,5.76587,5.71064,5.72629,60520.50321056125,0
GLQ.US,D,20141103,000000,5.75138,5.77061,5.70154,5.75138,127739.64427140771,0
GLQ.US,D,20141104,000000,5.75658,5.76587,5.66319,5.67571,62556.056543278915,0
GLQ.US,D,20141105,000000,5.71064,5.72297,5.67276,5.72297,106101.67877308934,0
GLQ.US,D,20141106,000000,5.70626,5.72297,5.65067,5.71064,66509.66287889639,0
GLQ.US,D,20141107,000000,5.72629,5.72629,5.67044,5.71064,121993.31861800395,0
GLQ.US,D,20141110,000000,5.71529,5.72629,5.659,5.67989,78359.29137815062,0
GLQ.US,D,20141111,000000,5.69859,5.72297,5.65487,5.71529,127745.23952519613,0
GLQ.US,D,20141112,000000,5.70626,5.71064,5.67989,5.71064,69756.02913409946,0
GLQ.US,D,20141113,000000,5.71064,5.74621,5.67044,5.68956,108991.06783580201,0
GLQ.US,D,20141114,000000,5.66784,5.70458,5.65657,5.70458,78217.1719316109,0
GLQ.US,D,20141117,000000,5.67453,5.69688,5.64015,5.6775,78520.43468761058,0
GLQ.US,D,20141118,000000,5.67453,5.71307,5.64015,5.70875,115046.25149898879,0
GLQ.US,D,20141119,000000,5.68731,5.69688,5.64727,5.66508,130664.84295843127,0
GLQ.US,D,20141120,000000,5.6363,5.71708,5.6363,5.71708,101285.28430139304,0
GLQ.US,D,20141121,000000,5.76417,5.83986,5.68731,5.80707,328340.6835363166,0
GLQ.US,D,20141124,000000,5.79705,5.81617,5.75506,5.8042,81877.58696806815,0
GLQ.US,D,20141125,000000,5.81127,5.82584,5.75201,5.82584,104594.31739916354,0
GLQ.US,D,20141126,000000,5.7992,5.83031,5.7992,5.81617,65292.13565185064,0
GLQ.US,D,20141128,000000,5.79286,5.81617,5.77374,5.7992,84765.85698002313,0
GLQ.US,D,20141201,000000,5.7992,5.7992,5.74416,5.77866,45379.74642570009,0
GLQ.US,D,20141202,000000,5.75506,5.81127,5.72485,5.81127,87943.96113885615,0
GLQ.US,D,20141203,000000,5.79286,5.82584,5.79286,5.81127,80421.7019291106,0
GLQ.US,D,20141204,000000,5.8479,5.8479,5.79286,5.83986,135183.56992792952,0
GLQ.US,D,20141205,000000,5.82127,5.82127,5.79286,5.81617,65252.968875245366,0
GLQ.US,D,20141208,000000,5.81617,5.81617,5.77866,5.79286,67207.95055323101,0
GLQ.US,D,20141209,000000,5.76006,5.78384,5.72145,5.76006,83748.63983904467,0
GLQ.US,D,20141210,000000,5.76417,5.77374,5.70037,5.70037,138388.53130501398,0
GLQ.US,D,20141211,000000,5.72145,5.77374,5.71708,5.73567,85422.73977623205,0
GLQ.US,D,20141212,000000,5.70037,5.72145,5.68286,5.70037,103622.98133935475,0
GLQ.US,D,20141215,000000,5.70037,5.73084,5.64727,5.66784,91345.87544971755,0
GLQ.US,D,20141216,000000,5.63093,5.67088,5.6,5.64727,129520.05403079548,0
GLQ.US,D,20141217,000000,5.59358,5.73038,5.58876,5.7202,164757.84341722727,0
GLQ.US,D,20141218,000000,5.79626,5.8479,5.72691,5.83986,144191.9285471632,0
GLQ.US,D,20141219,000000,5.79848,5.83986,5.77266,5.81993,123220.91730188916,0
GLQ.US,D,20141222,000000,5.87427,5.87427,5.77687,5.83326,161935.59740012803,0
GLQ.US,D,20141223,000000,5.8605,5.88829,5.83326,5.87792,179456.57515182815,0
GLQ.US,D,20141224,000000,5.86846,5.86846,5.78778,5.8605,97978.48930514096,0
GLQ.US,D,20141226,000000,5.88829,5.97103,5.85149,5.97103,125395.23292887959,0
GLQ.US,D,20141229,000000,5.88249,5.95219,5.88249,5.89847,188811.83950670573,0
GLQ.US,D,20141230,000000,5.87427,5.89847,5.80296,5.83637,294102.2064786865,0
GLQ.US,D,20141231,000000,5.81993,5.92582,5.81993,5.86846,268058.5381376621,0
GLQ.US,D,20150102,000000,5.8479,5.92582,5.80662,5.92582,161363.76246170016,0
GLQ.US,D,20150105,000000,5.90365,5.90365,5.75138,5.75889,137451.88581876652,0
GLQ.US,D,20150106,000000,5.78778,5.83326,5.71529,5.76712,128668.45640231685,0
GLQ.US,D,20150107,000000,5.77687,5.93888,5.75889,5.83637,267327.7979912937,0
GLQ.US,D,20150108,000000,5.89133,5.93888,5.84273,5.89847,127007.7850742491,0
GLQ.US,D,20150109,000000,5.9294,5.9294,5.84273,5.88579,60584.28910388839,0
GLQ.US,D,20150112,000000,5.88579,5.88579,5.8252,5.86506,58517.40234988854,0
GLQ.US,D,20150113,000000,5.90365,5.97918,5.78778,5.81555,151479.1870972639,0
GLQ.US,D,20150114,000000,5.73987,5.78892,5.71245,5.78464,117702.87800357907,0
GLQ.US,D,20150115,000000,5.8178,5.84101,5.73987,5.75201,47425.37121525824,0
GLQ.US,D,20150116,000000,5.71245,5.78276,5.70037,5.78276,155233.6023975921,0
GLQ.US,D,20150120,000000,5.82306,5.82656,5.73084,5.78464,154191.7661398806,0
GLQ.US,D,20150121,000000,5.74488,5.78276,5.73084,5.7555,146978.36493993129,0
GLQ.US,D,20150122,000000,5.78464,5.81252,5.73084,5.80545,75067.04404178195,0
GLQ.US,D,20150123,000000,5.80545,5.8178,5.78464,5.80545,106441.87020418505,0
GLQ.US,D,20150126,000000,5.82306,5.82306,5.78892,5.82306,25545.690752759067,0
GLQ.US,D,20150127,000000,5.80886,5.85406,5.78276,5.82306,115919.11109190201,0
GLQ.US,D,20150128,000000,5.83816,5.84101,5.78276,5.78276,77441.66975482643,0
GLQ.US,D,20150129,000000,5.79759,5.79759,5.73567,5.74488,72377.9650651345,0
GLQ.US,D,20150130,000000,5.7555,5.78464,5.74488,5.76006,143814.80844098676,0
GLQ.US,D,20150202,000000,5.73084,5.80886,5.70403,5.80886,106102.79782384906,0
GLQ.US,D,20150203,000000,5.80886,5.87668,5.80009,5.86748,95803.05462740605,0
GLQ.US,D,20150204,000000,5.8178,5.88482,5.8178,5.832,79870.00990435657,0
GLQ.US,D,20150205,000000,5.86748,5.90706,5.86748,5.90706,123476.06087521602,0
GLQ.US,D,20150206,000000,5.89052,5.90706,5.87176,5.89052,93669.02482779586,0
GLQ.US,D,20150209,000000,5.90224,5.90224,5.86748,5.86748,68231.88199877185,0
GLQ.US,D,20150210,000000,5.90224,5.90224,5.87668,5.89052,53018.38691449972,0
GLQ.US,D,20150211,000000,5.90706,5.90706,5.8974,5.90706,162488.4084756509,0
GLQ.US,D,20150212,000000,5.94557,6.01974,5.94101,6.01536,80992.4178167879,0
GLQ.US,D,20150213,000000,6.04726,6.07471,6.01215,6.07471,71697.58220296344,0
GLQ.US,D,20150217,000000,6.04726,6.06175,5.9236,5.97256,313658.7375631012,0
GLQ.US,D,20150218,000000,5.99238,6.01974,5.9805,6.00553,75894.02255353362,0
GLQ.US,D,20150219,000000,6.01536,6.05075,5.9504,6.01215,108564.70949617776,0
GLQ.US,D,20150220,000000,6.02877,6.11563,6.00553,6.10408,87288.19739340695,0
GLQ.US,D,20150223,000000,6.10408,6.12017,6.06175,6.10408,107130.08642166393,0
GLQ.US,D,20150224,000000,6.12017,6.14538,6.09875,6.12474,112051.67166481208,0
GLQ.US,D,20150225,000000,6.14073,6.2226,6.12805,6.17228,209423.63545795876,0
GLQ.US,D,20150226,000000,6.14538,6.2074,6.14538,6.18953,159292.39950463397,0
GLQ.US,D,20150227,000000,6.21687,6.27407,6.18524,6.22546,138572.05562966826,0
GLQ.US,D,20150302,000000,6.24808,6.29069,6.13306,6.28747,141314.84904278707,0
GLQ.US,D,20150303,000000,6.26514,6.27898,6.18953,6.23233,88626.58210254867,0
GLQ.US,D,20150304,000000,6.2074,6.2521,6.17837,6.2226,120680.6720763499,0
GLQ.US,D,20150305,000000,6.24217,6.30524,6.21214,6.26979,85714.81202463152,0
GLQ.US,D,20150306,000000,6.26074,6.31303,6.24808,6.24808,157347.48928351726,0
GLQ.US,D,20150309,000000,6.27407,6.32777,6.18524,6.28747,96646.81890056159,0
GLQ.US,D,20150310,000000,6.14538,6.28264,6.14538,6.18203,102469.24000563107,0
GLQ.US,D,20150311,000000,6.21214,6.2378,6.15672,6.23233,87163.98275902876,0
GLQ.US,D,20150312,000000,6.22546,6.32777,6.18524,6.29069,81589.99092270955,0
GLQ.US,D,20150313,000000,6.30008,6.4745,6.2378,6.30008,72600.65616640523,0
GLQ.US,D,20150316,000000,6.34841,6.36896,6.31134,6.34466,121225.64979655478,0
GLQ.US,D,20150317,000000,6.35082,6.35082,6.2662,6.29346,54704.79641005007,0
GLQ.US,D,20150318,000000,6.25467,6.36191,6.25467,6.36191,118321.71307395565,0
GLQ.US,D,20150319,000000,6.31652,6.36584,6.31134,6.35645,43861.19454417308,0
GLQ.US,D,20150320,000000,6.37764,6.42615,6.36896,6.39873,96160.03181989442,0
GLQ.US,D,20150323,000000,6.43197,6.43492,6.393,6.41758,30121.489311021065,0
GLQ.US,D,20150324,000000,6.43197,6.43197,6.36584,6.39873,71089.9376402013,0
GLQ.US,D,20150325,000000,6.38256,6.38256,6.33617,6.34841,33009.75932297605,0
GLQ.US,D,20150326,000000,6.32991,6.34841,6.27093,6.32991,69656.43361644518,0
GLQ.US,D,20150327,000000,6.29346,6.34028,6.27093,6.28086,47231.77543375231,0
GLQ.US,D,20150330,000000,6.30587,6.34841,6.27093,6.28882,113510.91385605995,0
GLQ.US,D,20150331,000000,6.27683,6.28086,6.23054,6.23448,94791.43274022819,0
GLQ.US,D,20150401,000000,6.28336,6.32581,6.2226,6.32169,137610.79102670704,0
GLQ.US,D,20150402,000000,6.29346,6.30587,6.24948,6.26273,80733.9170911941,0
GLQ.US,D,20150406,000000,6.25467,6.33617,6.2226,6.33617,135188.04613096837,0
GLQ.US,D,20150407,000000,6.2855,6.40221,6.27093,6.30204,107226.3247870401,0
GLQ.US,D,20150408,000000,6.28336,6.30204,6.23958,6.2662,139047.65220273013,0
GLQ.US,D,20150409,000000,6.33617,6.37245,6.28882,6.36584,116739.37529910862,0
GLQ.US,D,20150410,000000,6.34841,6.35082,6.31652,6.32991,89893.34756304219,0
GLQ.US,D,20150413,000000,6.32581,6.40221,6.2662,6.38694,110846.45399614151,0
GLQ.US,D,20150414,000000,6.393,6.393,6.32581,6.393,65312.27856553365,0
GLQ.US,D,20150415,000000,6.37542,6.46021,6.37542,6.45189,43099.12097650927,0
GLQ.US,D,20150416,000000,6.47986,6.47986,6.37542,6.42116,82289.39764780697,0
GLQ.US,D,20150417,000000,6.39658,6.41372,6.34912,6.37969,74635.09044836421,0
GLQ.US,D,20150420,000000,6.39658,6.41696,6.37542,6.40427,54542.534049827336,0
GLQ.US,D,20150421,000000,6.39658,6.42991,6.36397,6.39658,42145.68972885997,0
GLQ.US,D,20150422,000000,6.41696,6.45628,6.40945,6.45189,49844.7589587076,0
GLQ.US,D,20150423,000000,6.46494,6.46851,6.45189,6.46021,74635.09044836421,0
GLQ.US,D,20150424,000000,6.46851,6.46851,6.43777,6.44358,90050.01466946126,0
GLQ.US,D,20150427,000000,6.44358,6.44358,6.38585,6.41696,131548.89305894164,0
GLQ.US,D,20150428,000000,6.36397,6.37969,6.31884,6.33046,121412.53127349835,0
GLQ.US,D,20150429,000000,6.28417,6.33797,6.22733,6.32437,166716.18224749106,0
GLQ.US,D,20150430,000000,6.32705,6.33797,6.27245,6.28692,178196.52399591124,0
GLQ.US,D,20150501,000000,6.28692,6.37542,6.25841,6.33046,129158.60063527536,0
GLQ.US,D,20150504,000000,6.34145,6.40945,6.26835,6.31258,99745.47045542231,0
GLQ.US,D,20150505,000000,6.28417,6.28944,6.15057,6.19122,148293.24958312509,0
GLQ.US,D,20150506,000000,6.23108,6.23108,6.07076,6.17961,179157.7885988826,0
GLQ.US,D,20150507,000000,6.14638,6.20044,6.11178,6.16522,115161.51372728011,0
GLQ.US,D,20150508,000000,6.241,6.241,6.20044,6.22181,75106.21081838722,0
GLQ.US,D,20150511,000000,6.17961,6.20464,6.14208,6.17488,124145.25322977976,0
GLQ.US,D,20150512,000000,6.12536,6.22181,6.09187,6.22181,136990.83690558095,0
GLQ.US,D,20150513,000000,6.18273,6.19631,6.12536,6.15424,89205.13134554806,0
GLQ.US,D,20150514,000000,6.17837,6.22617,6.13931,6.22617,80694.7503145878,0
GLQ.US,D,20150515,000000,6.18953,6.22617,6.15601,6.19383,70355.84034154055,0
GLQ.US,D,20150518,000000,6.16639,6.22064,6.15236,6.21294,52623.36199616578,0
GLQ.US,D,20150519,000000,6.24368,6.33046,6.18524,6.2855,127252.85719072836,0
GLQ.US,D,20150520,000000,6.2855,6.33725,6.24368,6.33725,37313.62854652055,0
GLQ.US,D,20150521,000000,6.34145,6.40945,6.32293,6.36709,59328.71415099913,0
GLQ.US,D,20150522,000000,6.33296,6.3696,6.26273,6.34655,60521.62226132096,0
GLQ.US,D,20150526,000000,6.30722,6.33725,6.28086,6.29801,47404.10925081551,0
GLQ.US,D,20150527,000000,6.28882,6.33046,6.28882,6.31794,50555.356191404186,0
GLQ.US,D,20150528,000000,6.29346,6.30722,6.2578,6.29801,56736.992590484515,0
GLQ.US,D,20150529,000000,6.2855,6.31258,6.27093,6.28336,100382.21033794821,0
GLQ.US,D,20150601,000000,6.30722,6.34145,6.26273,6.29346,198472.6047190973,0
GLQ.US,D,20150602,000000,6.29346,6.31794,6.2855,6.29801,109550.59321587301,0
GLQ.US,D,20150603,000000,6.26273,6.33296,6.26273,6.32581,262950.07141757035,0
GLQ.US,D,20150604,000000,6.32293,6.34912,6.30266,6.32293,79732.36666085673,0
GLQ.US,D,20150605,000000,6.30266,6.35324,6.30266,6.33725,62410.57994445903,0
GLQ.US,D,20150608,000000,6.37969,6.38854,6.29801,6.33046,76892.21583159185,0
GLQ.US,D,20150609,000000,6.30722,6.36709,6.28086,6.36709,546223.2236902552,0
GLQ.US,D,20150610,000000,6.36709,6.44813,6.36709,6.42429,60062.81144965786,0
GLQ.US,D,20150611,000000,6.42429,6.42429,6.38523,6.39658,57850.448096837106,0
GLQ.US,D,20150612,000000,6.40087,6.40427,6.36709,6.38854,74987.59143781065,0
GLQ.US,D,20150615,000000,6.3696,6.44358,6.36397,6.39658,61464.98205212977,0
GLQ.US,D,20150616,000000,6.40676,6.45476,6.36896,6.44574,58883.331948458705,0
GLQ.US,D,20150617,000000,6.41231,6.43625,6.377,6.377,62889.53366980311,0
GLQ.US,D,20150618,000000,6.40676,6.4233,6.35959,6.40221,129771.84045183302,0
GLQ.US,D,20150619,000000,6.36896,6.39873,6.33439,6.35959,92094.52040825869,0
GLQ.US,D,20150622,000000,6.35959,6.40676,6.35959,6.38694,52050.408006968035,0
GLQ.US,D,20150623,000000,6.39236,6.43625,6.36896,6.43625,98264.96629973983,0
GLQ.US,D,20150624,000000,6.39873,6.45029,6.37181,6.38694,71595.74858378973,0
GLQ.US,D,20150625,000000,6.36896,6.41436,6.36896,6.40221,73254.18181033501,0
GLQ.US,D,20150626,000000,6.35959,6.40676,6.34314,6.38183,101974.61956964387,0
GLQ.US,D,20150629,000000,6.34314,6.35959,6.19953,6.19953,131894.6797438359,0
GLQ.US,D,20150630,000000,6.21331,6.30857,6.15601,6.28417,113070.00785655942,0
GLQ.US,D,20150701,000000,6.32437,6.35959,6.28692,6.3502,228685.85619245665,0
GLQ.US,D,20150702,000000,6.34314,6.37181,6.29938,6.37181,122235.03358221422,0
GLQ.US,D,20150706,000000,6.29938,6.3318,6.27755,6.3318,152146.1413503184,0
GLQ.US,D,20150707,000000,6.3318,6.4233,6.28211,6.4233,108347.6136487117,0
GLQ.US,D,20150708,000000,6.36449,6.36449,6.25603,6.28417,102218.57263536341,0
GLQ.US,D,20150709,000000,6.3502,6.40221,6.27245,6.29938,114005.53429203699,0
GLQ.US,D,20150710,000000,6.33439,6.39236,6.30857,6.34314,129771.84045183302,0
GLQ.US,D,20150713,000000,6.34314,6.40676,6.33869,6.40221,107625.82590842103,0
GLQ.US,D,20150714,000000,6.41231,6.4233,6.377,6.41811,110754.69183380422,0
GLQ.US,D,20150715,000000,6.40945,6.44358,6.37889,6.40945,102345.02537125188,0
GLQ.US,D,20150716,000000,6.41696,6.48783,6.39346,6.48783,153798.97932305798,0
GLQ.US,D,20150717,000000,6.44813,6.48783,6.44358,6.48783,84849.78578703327,0
GLQ.US,D,20150720,000000,6.4778,6.5081,6.45324,6.45761,84368.59396016876,0
GLQ.US,D,20150721,000000,6.44813,6.46575,6.42991,6.4342,63578.86893805799,0
GLQ.US,D,20150722,000000,6.42492,6.4778,6.39346,6.44813,82278.20714020371,0
GLQ.US,D,20150723,000000,6.49846,6.50292,6.45324,6.48058,67784.26169471096,0
GLQ.US,D,20150724,000000,6.44358,6.48058,6.39658,6.40427,113129.31754683447,0
GLQ.US,D,20150727,000000,6.3292,6.38757,6.3292,6.35162,237932.572623591,0
GLQ.US,D,20150728,000000,6.35725,6.47317,6.35725,6.47317,159872.06779841034,0
GLQ.US,D,20150729,000000,6.44358,6.4778,6.42492,6.42991,181149.698951948,0
GLQ.US,D,20150730,000000,6.40087,6.42492,6.36584,6.3696,156135.55731025792,0
GLQ.US,D,20150731,000000,6.3696,6.40945,6.3696,6.38469,90458.4681969179,0
GLQ.US,D,20150803,000000,6.41372,6.45324,6.39346,6.40945,118381.02276425104,0
GLQ.US,D,20150804,000000,6.42492,6.46575,6.40945,6.42116,69660.90981948403,0
GLQ.US,D,20150805,000000,6.42116,6.46155,6.39658,6.42492,87180.76852043161,0
GLQ.US,D,20150806,000000,6.39658,6.40427,6.35725,6.35725,40291.42261928629,0
GLQ.US,D,20150807,000000,6.37889,6.37889,6.3158,6.32581,46511.106744214216,0
GLQ.US,D,20150810,000000,6.3292,6.36244,6.29596,6.32169,92788.33187955446,0
GLQ.US,D,20150811,000000,6.28747,6.28747,6.18953,6.21402,102716.55022362975,0
GLQ.US,D,20150812,000000,6.18953,6.23108,6.17837,6.22331,59145.189826333684,0
GLQ.US,D,20150813,000000,6.19508,6.25987,6.18203,6.22733,167822.92344928638,0
GLQ.US,D,20150814,000000,6.241,6.31009,6.22181,6.30142,35752.552736108104,0
GLQ.US,D,20150817,000000,6.27621,6.29409,6.24217,6.28882,46149.65334868292,0
GLQ.US,D,20150818,000000,6.2578,6.30338,6.24217,6.28336,71431.24812204656,0
GLQ.US,D,20150819,000000,6.24217,6.28336,6.21536,6.25351,163722.72146408423,0
GLQ.US,D,20150820,000000,6.22939,6.23305,6.1646,6.1646,88350.17656479028,0
GLQ.US,D,20150821,000000,6.12805,6.23305,5.96765,6.00267,215909.65366380865,0
GLQ.US,D,20150824,000000,5.81198,5.84718,4.90255,5.67409,230801.9811799114,0
GLQ.US,D,20150825,000000,5.71466,5.88634,5.70154,5.78329,230053.33622136724,0
GLQ.US,D,20150826,000000,5.79626,5.84217,5.74416,5.82584,136128.04876948483,0
GLQ.US,D,20150827,000000,5.90661,5.93888,5.82584,5.86927,270398.47327714117,0
GLQ.US,D,20150828,000000,5.81663,5.90661,5.81663,5.90179,112701.84015646066,0
GLQ.US,D,20150831,000000,5.87481,5.92582,5.83816,5.87792,80008.7721986141,0
GLQ.US,D,20150901,000000,5.7698,5.79626,5.70511,5.72691,128016.04980916916,0
GLQ.US,D,20150902,000000,5.79626,5.822,5.75201,5.79186,110844.21589462207,0
GLQ.US,D,20150903,000000,5.83093,5.87481,5.82584,5.82584,62848.12879167739,0
GLQ.US,D,20150904,000000,5.78329,5.83567,5.75201,5.7555,92071.02034229756,0
GLQ.US,D,20150908,000000,5.822,5.85525,5.79848,5.83816,41972.23686103502,0
GLQ.US,D,20150909,000000,5.88284,5.88284,5.78704,5.78704,57973.54368045455,0
GLQ.US,D,20150910,000000,5.76525,5.82584,5.7555,5.80707,83417.40081403889,0
GLQ.US,D,20150911,000000,5.80296,5.80296,5.74416,5.77911,37569.89117059696,0
GLQ.US,D,20150914,000000,5.76525,5.78704,5.72297,5.7698,36172.19677116594,0
GLQ.US,D,20150915,000000,5.74826,5.80296,5.70154,5.79848,54505.60537474149,0
GLQ.US,D,20150916,000000,5.79759,5.84495,5.77203,5.81921,38277.13125101237,0
GLQ.US,D,20150917,000000,5.79759,5.88757,5.77203,5.83709,59421.59536409208,0
GLQ.US,D,20150918,000000,5.78231,5.87247,5.76203,5.76203,42303.47588603978,0
GLQ.US,D,20150921,000000,5.76203,5.84101,5.76203,5.77687,48509.73140184604,0
GLQ.US,D,20150922,000000,5.7069,5.75076,5.70225,5.71127,63464.72576052233,0
GLQ.US,D,20150923,000000,5.69859,5.81019,5.69859,5.75076,72040.01173556942,0
GLQ.US,D,20150924,000000,5.72404,5.72404,5.65067,5.71127,91523.80452058137,0
GLQ.US,D,20150925,000000,5.75345,5.77203,5.69859,5.69859,48968.54221350711,0
GLQ.US,D,20150928,000000,5.65487,5.65487,5.5077,5.52324,179389.43210622494,0
GLQ.US,D,20150929,000000,5.52324,5.54122,5.42826,5.4801,169221.7368994893,0
GLQ.US,D,20150930,000000,5.5077,5.53613,5.4935,5.5077,111276.16948802458,0
GLQ.US,D,20151001,000000,5.48991,5.51841,5.46294,5.5144,98867.0156087034,0
GLQ.US,D,20151002,000000,5.48991,5.56212,5.46651,5.55481,164386.31856486973,0
GLQ.US,D,20151005,000000,5.58348,5.65067,5.58348,5.62701,120244.24227989838,0
GLQ.US,D,20151006,000000,5.59412,5.60779,5.57572,5.59886,91050.44604903791,0
GLQ.US,D,20151007,000000,5.59886,5.61413,5.56212,5.61101,91038.13649067699,0
GLQ.US,D,20151008,000000,5.58876,5.63228,5.55811,5.61413,157498.56113613982,0
GLQ.US,D,20151009,000000,5.63711,5.66704,5.57142,5.6413,67367.97481193228,0
GLQ.US,D,20151012,000000,5.62701,5.65067,5.61413,5.62701,37517.295784869,0
GLQ.US,D,20151013,000000,5.6413,5.68358,5.61101,5.62701,94500.4795425874,0
GLQ.US,D,20151014,000000,5.62414,5.65399,5.6094,5.62414,120554.21934046144,0
GLQ.US,D,20151015,000000,5.61977,5.72691,5.60502,5.72691,504068.58155532053,0
GLQ.US,D,20151016,000000,5.73942,5.77061,5.71824,5.74899,167714.37552555336,0
GLQ.US,D,20151019,000000,5.74899,5.81405,5.72691,5.80949,162436.93214069383,0
GLQ.US,D,20151020,000000,5.79286,5.83637,5.76587,5.7882,160646.45092444832,0
GLQ.US,D,20151021,000000,5.78088,5.81921,5.74416,5.74416,61977.50730027953,0
GLQ.US,D,20151022,000000,5.75658,5.79286,5.74416,5.78384,109606.54575388927,0
GLQ.US,D,20151023,000000,5.79759,5.79759,5.73942,5.74416,87042.00622617305,0
GLQ.US,D,20151026,000000,5.70938,5.70938,5.63405,5.65783,190273.31979946286,0
GLQ.US,D,20151027,000000,5.6699,5.67347,5.62414,5.62414,164297.91355481156,0
GLQ.US,D,20151028,000000,5.60502,5.63907,5.6,5.62414,217625.15847912277,0
GLQ.US,D,20151029,000000,5.60502,5.62414,5.56855,5.62414,102088.76274718564,0
GLQ.US,D,20151030,000000,5.61208,5.67623,5.6,5.6699,121462.8885576957,0
GLQ.US,D,20151102,000000,5.67623,5.70511,5.66193,5.70511,234616.82522126424,0
GLQ.US,D,20151103,000000,5.68169,5.73523,5.6,5.65399,1094887.0970884755,0
GLQ.US,D,20151104,000000,5.66193,5.66193,5.6,5.62414,215293.0566949515,0
GLQ.US,D,20151105,000000,5.63907,5.65783,5.6094,5.64443,270029.18652628275,0
GLQ.US,D,20151106,000000,5.64443,5.68169,5.62414,5.64443,170920.45595338737,0
GLQ.US,D,20151109,000000,5.65399,5.65399,5.57214,5.58099,221632.47925120758,0
GLQ.US,D,20151110,000000,5.54264,5.6094,5.54264,5.58526,235626.20900692366,0
GLQ.US,D,20151111,000000,5.57214,5.6,5.55587,5.55587,112345.98201472896,0
GLQ.US,D,20151112,000000,5.51191,5.51583,5.45874,5.48991,192095.13443700073,0
GLQ.US,D,20151113,000000,5.48126,5.51191,5.45364,5.48126,218537.1848486565,0
GLQ.US,D,20151116,000000,5.46712,5.50386,5.45874,5.48991,591122.8973398483,0
GLQ.US,D,20151117,000000,5.51029,5.51788,5.47347,5.49225,166181.27598414395,0
GLQ.US,D,20151118,000000,5.47813,5.52692,5.47813,5.51029,264166.4795938483,0
GLQ.US,D,20151119,000000,5.53166,5.56274,5.53166,5.56274,176788.75813963058,0
GLQ.US,D,20151120,000000,5.54576,5.56274,5.52692,5.52692,200488.01513812685,0
GLQ.US,D,20151123,000000,5.51788,5.53523,5.51788,5.51788,155117.22111851058,0
GLQ.US,D,20151124,000000,5.51788,5.53523,5.4959,5.50653,224890.03601402917,0
GLQ.US,D,20151125,000000,5.50653,5.51788,5.50653,5.51387,126890.28474443835,0
GLQ.US,D,20151127,000000,5.4959,5.54576,5.49225,5.52692,52381.64703197177,0
GLQ.US,D,20151130,000000,5.53523,5.55811,5.51387,5.53523,179500.2181314774,0
GLQ.US,D,20151201,000000,5.54576,5.63299,5.53523,5.63299,735367.4212727386,0
GLQ.US,D,20151202,000000,5.62816,5.65265,5.60887,5.62816,286329.2798986763,0
GLQ.US,D,20151203,000000,5.60887,5.60887,5.53523,5.53523,169423.16603630918,0
GLQ.US,D,20151204,000000,5.51788,5.64727,5.4959,5.60887,486785.961615521,0
GLQ.US,D,20151207,000000,5.5893,5.61154,5.51387,5.51788,238872.57526213795,0
GLQ.US,D,20151208,000000,5.44828,5.54576,5.44425,5.52692,351360.6767234016,0
GLQ.US,D,20151209,000000,5.50653,5.55408,5.4959,5.51788,253092.35327137748,0
GLQ.US,D,20151210,000000,5.50653,5.51387,5.47347,5.48358,229849.66898302792,0
GLQ.US,D,20151211,000000,5.47813,5.47813,5.40664,5.43049,275674.7976112512,0
GLQ.US,D,20151214,000000,5.41136,5.43916,5.3684,5.39761,299860.8416904166,0
GLQ.US,D,20151215,000000,5.43515,5.4959,5.40234,5.49225,327834.87259271194,0
GLQ.US,D,20151216,000000,5.55202,5.58742,5.51637,5.57473,280963.43150373833,0
GLQ.US,D,20151217,000000,5.55685,5.60233,5.53836,5.59814,245611.49893976477,0
GLQ.US,D,20151218,000000,5.57848,5.63782,5.57848,5.61413,321887.11780250864,0
GLQ.US,D,20151221,000000,5.61413,5.62289,5.57848,5.61413,303323.1847423372,0
GLQ.US,D,20151222,000000,5.63782,5.67623,5.58742,5.63782,200895.34961483596,0
GLQ.US,D,20151223,000000,5.63228,5.71824,5.62289,5.71824,190135.67655596707,0
GLQ.US,D,20151224,000000,5.72691,5.78231,5.66116,5.75827,160807.5942338981,0
GLQ.US,D,20151228,000000,5.73523,5.74899,5.64192,5.67194,207836.8214800627,0
GLQ.US,D,20151229,000000,5.73084,5.73523,5.61413,5.66846,122900.86878447849,0
GLQ.US,D,20151230,000000,5.64665,5.67194,5.61101,5.61413,192514.7784720667,0
GLQ.US,D,20151231,000000,5.61824,5.63228,5.57473,5.60233,181245.93731732416,0
GLQ.US,D,20160104,000000,5.49902,5.57071,5.47518,5.54336,112456.76803999158,0
GLQ.US,D,20160105,000000,5.54944,5.5833,5.45238,5.45749,114351.32097693127,0
GLQ.US,D,20160106,000000,5.40342,5.4708,5.38822,5.44103,122257.4145974187,0
GLQ.US,D,20160107,000000,5.32532,5.38331,5.27448,5.33738,168403.71079382245,0
GLQ.US,D,20160108,000000,5.34541,5.35134,5.25401,5.25634,90553.58751153026,0
GLQ.US,D,20160111,000000,5.26652,5.27393,5.19565,5.19994,108502.04265362355,0
GLQ.US,D,20160112,000000,5.23409,5.25857,5.17223,5.22077,151228.51972699622,0
GLQ.US,D,20160113,000000,5.21871,5.24121,5.0969,5.0969,104589.84119612469,0
GLQ.US,D,20160114,000000,5.09163,5.14767,5.08385,5.13407,106224.77435670883,0
GLQ.US,D,20160115,000000,4.98547,5.075,4.85303,4.87145,390702.02524732484,0
GLQ.US,D,20160119,000000,4.90711,4.96108,4.83936,4.87556,156363.84366533128,0
GLQ.US,D,20160120,000000,4.79372,4.83088,4.63214,4.70882,225026.56020675506,0
GLQ.US,D,20160121,000000,4.73697,4.78726,4.71632,4.75393,131937.20367273557,0
GLQ.US,D,20160122,000000,4.78459,4.8895,4.75644,4.8895,109051.49657683678,0
GLQ.US,D,20160125,000000,4.84473,4.8809,4.76788,4.80908,94403.12212645357,0
GLQ.US,D,20160126,000000,4.76394,4.87145,4.7442,4.86179,147572.5808935738,0
GLQ.US,D,20160127,000000,4.88495,4.8895,4.77297,4.81847,88351.29561555,0
GLQ.US,D,20160128,000000,4.82677,4.90299,4.79897,4.90299,102459.16854879363,0
GLQ.US,D,20160129,000000,4.93955,5.02087,4.87556,4.96581,125668.28131435173,0
GLQ.US,D,20160201,000000,4.97037,5.01103,4.89889,4.99049,165529.9884417458,0
GLQ.US,D,20160202,000000,4.93955,4.98093,4.88495,4.88495,84348.45104648576,0
GLQ.US,D,20160203,000000,4.94419,4.94811,4.84473,4.94811,151846.23574659278,0
GLQ.US,D,20160204,000000,4.89889,4.95276,4.86734,4.91561,96571.84249962917,0
GLQ.US,D,20160205,000000,4.9207,4.9207,4.78969,4.79372,104898.69920592803,0
GLQ.US,D,20160208,000000,4.76394,4.76394,4.62733,4.64168,100296.04342941662,0
GLQ.US,D,20160209,000000,4.60087,4.67646,4.60087,4.64168,63385.27315655206,0
GLQ.US,D,20160210,000000,4.69952,4.69952,4.64168,4.64168,75447.52130023348,0
GLQ.US,D,20160211,000000,4.60087,4.61865,4.53769,4.56878,109221.59229238464,0
GLQ.US,D,20160212,000000,4.63669,4.6459,4.57977,4.62733,100365.42457654639,0
GLQ.US,D,20160216,000000,4.65448,4.70882,4.6459,4.68164,64637.49095716218,0
GLQ.US,D,20160217,000000,4.7425,4.77146,4.72562,4.72991,74129.27950477373,0
GLQ.US,D,20160218,000000,4.72991,4.76251,4.68899,4.71222,41072.52004987339,0
GLQ.US,D,20160219,000000,4.71686,4.72473,4.68397,4.71686,44969.05479672405,0
GLQ.US,D,20160222,000000,4.77146,4.77146,4.74017,4.75252,28169.864785316593,0
GLQ.US,D,20160223,000000,4.7425,4.75252,4.69354,4.72123,78492.45841860856,0
GLQ.US,D,20160224,000000,4.66582,4.70202,4.61086,4.68899,350904.1040132548,0
GLQ.US,D,20160225,000000,4.71222,4.73276,4.65252,4.73276,115897.84912746743,0
GLQ.US,D,20160226,000000,4.77663,4.82972,4.76698,4.80291,92137.04433714718,0
GLQ.US,D,20160229,000000,4.79809,4.82756,4.78049,4.80291,83810.18763085238,0
GLQ.US,D,20160301,000000,4.80809,4.89361,4.80291,4.87145,111421.64608685869,0
GLQ.US,D,20160302,000000,4.86734,4.90299,4.86734,4.89423,45461.4371311908,0
GLQ.US,D,20160303,000000,4.89889,4.95777,4.89889,4.92122,75753.02215775565,0
GLQ.US,D,20160304,000000,4.93624,4.98654,4.92658,4.97146,68965.97929743057,0
GLQ.US,D,20160307,000000,4.93624,4.95777,4.90764,4.94839,65197.01633723827,0
GLQ.US,D,20160308,000000,4.90764,4.92944,4.8809,4.91184,108363.28035934771,0
GLQ.US,D,20160309,000000,4.90764,4.96143,4.86734,4.88387,115847.49184324975,0
GLQ.US,D,20160310,000000,4.90299,4.91603,4.86734,4.8895,79803.98590950696,0
GLQ.US,D,20160311,000000,4.91184,5.01193,4.91184,4.99137,117991.59309971772,0
GLQ.US,D,20160314,000000,4.98199,4.99594,4.94839,4.95376,56174.11005812928,0
GLQ.US,D,20160315,000000,4.94455,4.97082,4.88495,4.91603,60604.432017571395,0
GLQ.US,D,20160316,000000,4.91068,4.96002,4.91068,4.93419,79278.03205223654,0
GLQ.US,D,20160317,000000,4.91407,5.0155,4.91407,5.00585,209903.70823407982,0
GLQ.US,D,20160318,000000,5.00308,5.04017,4.98485,5.03024,62124.10294986016,0
GLQ.US,D,20160321,000000,5.04427,5.04427,4.97466,4.99049,68777.97876972627,0
GLQ.US,D,20160322,000000,4.96002,5.01103,4.96002,5.00585,78794.60212384955,0
GLQ.US,D,20160323,000000,5.00308,5.00308,4.92909,4.93777,425689.14726348897,0
GLQ.US,D,20160324,000000,4.92909,4.93777,4.84555,4.93419,188737.982156534,0
GLQ.US,D,20160328,000000,4.94733,4.97966,4.90568,4.95643,93932.00175642953,0
GLQ.US,D,20160329,000000,4.91888,5.00585,4.90147,4.99368,105965.15458035326,0
GLQ.US,D,20160330,000000,5.04017,5.04731,4.97699,5.0155,330603.4041733347,0
GLQ.US,D,20160331,000000,5.03024,5.04884,4.99808,5.02087,78023.57615010497,0
GLQ.US,D,20160401,000000,4.97966,5.05992,4.97966,5.05786,182041.58240778654,0
GLQ.US,D,20160404,000000,5.03543,5.03543,4.96002,4.96456,154054.12289637464,0
GLQ.US,D,20160405,000000,4.93419,4.93419,4.78459,4.85921,852185.1301250374,0
GLQ.US,D,20160406,000000,4.88244,4.93777,4.85466,4.93777,470803.67865903897,0
GLQ.US,D,20160407,000000,4.91888,4.94733,4.89173,4.90568,220474.26171445518,0
GLQ.US,D,20160408,000000,4.96002,4.96931,4.85466,4.91068,179165.62195419046,0
GLQ.US,D,20160411,000000,4.924,4.98485,4.924,4.924,172331.57896195733,0
GLQ.US,D,20160412,000000,4.94733,4.98485,4.91407,4.93419,237518.52384235413,0
GLQ.US,D,20160413,000000,4.9626,4.99647,4.94054,4.99647,111818.90910671002,0
GLQ.US,D,20160414,000000,5.00165,5.01934,4.94054,5.00165,208215.06063700904,0
GLQ.US,D,20160415,000000,5.0138,5.01934,4.97243,5.00425,144189.6904456336,0
GLQ.US,D,20160418,000000,5.0138,5.03391,5.00165,5.03391,124173.22949879296,0
GLQ.US,D,20160419,000000,5.05249,5.05509,5.00165,5.02435,373877.0970684317,0
GLQ.US,D,20160420,000000,5.04321,5.04776,5.00997,5.04321,176100.5419221415,0
GLQ.US,D,20160421,000000,5.04776,5.06091,5.01934,5.0389,146165.93408805283,0
GLQ.US,D,20160422,000000,5.04321,5.06091,5.02882,5.06091,159806.04380354652,0
GLQ.US,D,20160425,000000,5.06091,5.06091,5.0138,5.0389,115153.68037195194,0
GLQ.US,D,20160426,000000,5.02882,5.08038,5.02882,5.08038,202344.52034923623,0
GLQ.US,D,20160427,000000,5.0894,5.12264,5.08038,5.12264,115268.94260026359,0
GLQ.US,D,20160428,000000,5.12264,5.13606,5.08038,5.10817,174232.84620344517,0
GLQ.US,D,20160429,000000,5.10379,5.10817,5.0138,5.05249,136986.36070252175,0
GLQ.US,D,20160502,000000,5.06091,5.08565,5.04321,5.04776,189980.1285003057,0
GLQ.US,D,20160503,000000,5.00425,5.04776,4.97243,4.99647,99160.2069078626,0
GLQ.US,D,20160504,000000,4.95839,4.98547,4.90299,4.95839,91481.28059169697,0
GLQ.US,D,20160505,000000,4.94893,4.9626,4.90505,4.91184,101523.64211330486,0
GLQ.US,D,20160506,000000,4.92122,4.97609,4.92122,4.94499,131961.8227894493,0
GLQ.US,D,20160509,000000,4.92658,4.97761,4.92658,4.97243,220014.33185204965,0
GLQ.US,D,20160510,000000,4.9676,5.07082,4.9626,5.06581,203412.0947744212,0
GLQ.US,D,20160511,000000,5.04321,5.10379,5.04321,5.0894,481690.9235045459,0
GLQ.US,D,20160512,000000,5.11299,5.11299,5.0138,5.0389,91242.92277978413,0
GLQ.US,D,20160513,000000,5.0389,5.0566,5.00997,5.02435,58868.78428857529,0
GLQ.US,D,20160516,000000,5.03124,5.08851,5.03124,5.08333,212710.28754052275,0
GLQ.US,D,20160517,000000,5.05992,5.06359,4.99368,5.03124,85393.64445646828,0
GLQ.US,D,20160518,000000,5.02165,5.06885,5.01139,5.02165,105303.79558110754,0
GLQ.US,D,20160519,000000,4.98485,4.99871,4.95044,4.98485,204203.26366185487,0
GLQ.US,D,20160520,000000,4.97966,5.03124,4.97966,5.0164,243067.89656193618,0
GLQ.US,D,20160523,000000,5.0366,5.06885,5.0138,5.0366,181204.5324391944,0
GLQ.US,D,20160524,000000,5.04623,5.08851,5.04588,5.07849,125446.70926384683,0
GLQ.US,D,20160525,000000,5.08851,5.13551,5.07126,5.12051,71539.79604578162,0
GLQ.US,D,20160526,000000,5.11192,5.12604,5.09163,5.11639,95094.69549622889,0
GLQ.US,D,20160527,000000,5.10217,5.12524,5.0969,5.10217,75872.7605890909,0
GLQ.US,D,20160531,000000,5.12604,5.14883,5.07849,5.10674,50246.49818160186,0
GLQ.US,D,20160601,000000,5.11192,5.14008,4.99093,5.12604,138446.7219445395,0
GLQ.US,D,20160602,000000,5.12051,5.14883,5.06885,5.13551,86735.38631789117,0
GLQ.US,D,20160603,000000,5.13024,5.13551,5.11192,5.13024,160497.61717333505,0
GLQ.US,D,20160606,000000,5.12604,5.21433,5.11192,5.17223,207093.7717753171,0
GLQ.US,D,20160607,000000,5.15374,5.17223,5.13024,5.14401,172421.10302276505,0
GLQ.US,D,20160608,000000,5.15374,5.17699,5.14008,5.17699,191923.91967069317,0
GLQ.US,D,20160609,000000,5.14401,5.19726,5.14401,5.17223,175261.25385200957,0
GLQ.US,D,20160610,000000,5.14008,5.14767,5.11639,5.11639,79253.41293551265,0
GLQ.US,D,20160613,000000,5.10217,5.13551,5.05992,5.06885,67991.28608533856,0
GLQ.US,D,20160614,000000,5.06885,5.08565,5.04132,5.06885,69214.40856618491,0
GLQ.US,D,20160615,000000,5.08565,5.09967,5.06054,5.0761,93351.21441191275,0
GLQ.US,D,20160616,000000,5.03837,5.0761,4.98155,5.02837,206068.72127902164,0
GLQ.US,D,20160617,000000,5.01881,5.03837,5.01881,5.02371,81736.58657229017,0
GLQ.US,D,20160620,000000,5.03837,5.06653,5.01103,5.02371,176028.92267347907,0
GLQ.US,D,20160621,000000,5.02371,5.03329,5.00425,5.03329,86751.0530285333,0
GLQ.US,D,20160622,000000,5.01881,5.06653,5.01881,5.04829,69715.74330673345,0
GLQ.US,D,20160623,000000,5.06653,5.08565,5.06653,5.07126,66551.06775702414,0
GLQ.US,D,20160624,000000,4.97082,5.0004,4.89013,4.93777,1197107.907825318,0
GLQ.US,D,20160627,000000,4.91373,4.91888,4.84251,4.8809,153763.16969873692,0
GLQ.US,D,20160628,000000,4.924,4.95643,4.90917,4.95187,89058.53569596742,0
GLQ.US,D,20160629,000000,4.99137,5.07126,4.98155,5.07126,249505.79558509804,0
GLQ.US,D,20160630,000000,5.09003,5.11889,5.05464,5.10477,140280.84614042408,0
GLQ.US,D,20160701,000000,5.10477,5.14303,5.09967,5.11479,176097.1847698522,0
GLQ.US,D,20160705,000000,5.081,5.08565,5.05303,5.07126,122444.2960743521,0
GLQ.US,D,20160706,000000,5.06653,5.09003,5.05303,5.081,128827.36161025739,0
GLQ.US,D,20160707,000000,5.09967,5.1281,5.09003,5.10979,123093.34551525115,0
GLQ.US,D,20160708,000000,5.1281,5.17348,5.11479,5.15696,316422.7929406852,0
GLQ.US,D,20160711,000000,5.19074,5.19618,5.15696,5.18574,101643.38054464012,0
GLQ.US,D,20160712,000000,5.20199,5.22335,5.19618,5.20548,132050.22779950747,0
GLQ.US,D,20160713,000000,5.20199,5.20941,5.18574,5.19618,283033.6754100142,0
GLQ.US,D,20160714,000000,5.21603,5.24587,5.212,5.2155,204794.12246321823,0
GLQ.US,D,20160715,000000,5.2405,5.24587,5.22131,5.2405,174296.63209677942,0
GLQ.US,D,20160718,000000,5.23569,5.25151,5.22612,5.23034,93596.2865283849,0
GLQ.US,D,20160719,000000,5.23569,5.29949,5.22612,5.27833,195544.0488797844,0
GLQ.US,D,20160720,000000,5.29386,5.32423,5.25954,5.30388,216269.98800856905,0
GLQ.US,D,20160721,000000,5.30388,5.33301,5.2836,5.32781,214187.4345439261,0
GLQ.US,D,20160722,000000,5.34006,5.38153,5.34006,5.37599,101598.61851423423,0
GLQ.US,D,20160725,000000,5.38672,5.39448,5.35134,5.36686,299490.4358888188,0
GLQ.US,D,20160726,000000,5.38672,5.38714,5.29386,5.31343,205964.64955832748,0
GLQ.US,D,20160727,000000,5.32781,5.33238,5.27833,5.30388,164521.7237068461,0
GLQ.US,D,20160728,000000,5.30388,5.33738,5.28593,5.31835,165801.91777645823,0
GLQ.US,D,20160729,000000,5.33301,5.34541,5.30504,5.33738,225426.06132813598,0
GLQ.US,D,20160801,000000,5.35134,5.39894,5.31343,5.39448,227932.73503088378,0
GLQ.US,D,20160802,000000,5.39448,5.39448,5.31343,5.32781,126367.68803943796,0
GLQ.US,D,20160803,000000,5.34006,5.38672,5.33738,5.38672,235388.97024577262,0
GLQ.US,D,20160804,000000,5.40342,5.40342,5.35695,5.38672,226112.0394441056,0
GLQ.US,D,20160805,000000,5.40834,5.43854,5.35695,5.41932,155445.1029912494,0
GLQ.US,D,20160808,000000,5.42513,5.47633,5.34541,5.44425,334774.1063564294,0
GLQ.US,D,20160809,000000,5.43854,5.48223,5.39127,5.39448,314382.76340493176,0
GLQ.US,D,20160810,000000,5.40834,5.44889,5.39894,5.43854,240954.00967601105,0
GLQ.US,D,20160811,000000,5.44425,5.48804,5.41351,5.47633,230374.50378953762,0
GLQ.US,D,20160812,000000,5.46222,5.49672,5.45695,5.46222,145385.95570823664,0
GLQ.US,D,20160815,000000,5.48804,5.54542,5.47133,5.51521,234837.27822100942,0
GLQ.US,D,20160816,000000,5.50716,5.52986,5.48223,5.52495,187889.74168034468,0
GLQ.US,D,20160817,000000,5.51959,5.52442,5.4616,5.47518,334189.9618596345,0
GLQ.US,D,20160818,000000,5.49126,5.55811,5.46623,5.52442,199712.5129613597,0
GLQ.US,D,20160819,000000,5.51959,5.53934,5.51029,5.53451,84354.04630028635,0
GLQ.US,D,20160822,000000,5.52442,5.56321,5.45578,5.55811,114675.8456973808,0
GLQ.US,D,20160823,000000,5.57294,5.58742,5.5447,5.56855,113375.50871407344,0
GLQ.US,D,20160824,000000,5.5833,5.58742,5.56321,5.56855,108322.99453198782,0
GLQ.US,D,20160825,000000,5.5447,5.57294,5.53934,5.5681,112531.74444091282,0
GLQ.US,D,20160826,000000,5.57294,5.57714,5.52951,5.55811,60425.38389594786,0
GLQ.US,D,20160829,000000,5.55811,5.57714,5.52442,5.57294,60578.6938500888,0
GLQ.US,D,20160830,000000,5.5833,5.60835,5.57714,5.59412,153323.38274999606,0
GLQ.US,D,20160831,000000,5.58742,5.60278,5.56321,5.57294,107161.41984294612,0
GLQ.US,D,20160901,000000,5.57294,5.58742,5.53451,5.56855,257518.19902778888,0
GLQ.US,D,20160902,000000,5.60835,5.63664,5.5833,5.60278,79588.00911279756,0
GLQ.US,D,20160906,000000,5.62111,5.62637,5.60278,5.62111,122040.31874993231,0
GLQ.US,D,20160907,000000,5.63664,5.68491,5.63664,5.67453,153985.8608000117,0
GLQ.US,D,20160908,000000,5.68491,5.71064,5.675,5.70511,85015.40529953616,0
GLQ.US,D,20160909,000000,5.66632,5.67453,5.59814,5.59814,162711.09957691553,0
GLQ.US,D,20160912,000000,5.57294,5.63664,5.56321,5.62111,82273.73093716383,0
GLQ.US,D,20160913,000000,5.57294,5.58143,5.52951,5.52951,96063.79345452132,0
GLQ.US,D,20160914,000000,5.55283,5.55283,5.45086,5.4801,141425.63506805987,0
GLQ.US,D,20160915,000000,5.49028,5.52906,5.4801,5.50528,62916.39088804847,0
GLQ.US,D,20160916,000000,5.50993,5.50993,5.469,5.48554,89585.6086039996,0
GLQ.US,D,20160919,000000,5.51904,5.55811,5.50528,5.54407,180533.10198308068,0
GLQ.US,D,20160920,000000,5.56321,5.56321,5.49403,5.50001,173401.39148864138,0
GLQ.US,D,20160921,000000,5.51904,5.54407,5.49726,5.52906,206164.9596443978,0
GLQ.US,D,20160922,000000,5.56855,5.63711,5.5681,5.60835,254582.92888390756,0
GLQ.US,D,20160923,000000,5.58742,5.62701,5.57714,5.57714,278640.28212566517,0
GLQ.US,D,20160926,000000,5.53889,5.60278,5.53889,5.55283,139846.6544454818,0
GLQ.US,D,20160927,000000,5.56855,5.62503,5.55283,5.58742,339574.83411746734,0
GLQ.US,D,20160928,000000,5.58742,5.59814,5.53416,5.59814,44125.2905235685,0
GLQ.US,D,20160929,000000,5.5833,5.61154,5.55811,5.55811,90216.75323272591,0
GLQ.US,D,20160930,000000,5.57714,5.5833,5.54988,5.57714,64251.41844490902,0
GLQ.US,D,20161003,000000,5.54988,5.59358,5.52379,5.57294,119751.85994543061,0
GLQ.US,D,20161004,000000,5.56855,5.58742,5.49028,5.50528,184745.20904431533,0
GLQ.US,D,20161005,000000,5.50001,5.51387,5.4801,5.50528,192917.63674569625,0
GLQ.US,D,20161006,000000,5.50528,5.50993,5.44103,5.49403,173174.22418434807,0
GLQ.US,D,20161007,000000,5.47455,5.47455,5.41565,5.46552,79657.39025992736,0
GLQ.US,D,20161010,000000,5.50528,5.51387,5.44658,5.51387,74984.23428552948,0
GLQ.US,D,20161011,000000,5.51904,5.51904,5.43792,5.46053,73719.70692655843,0
GLQ.US,D,20161012,000000,5.46552,5.469,5.40574,5.44103,95640.79226718434,0
GLQ.US,D,20161013,000000,5.42138,5.42138,5.38779,5.40108,77532.31286639893,0
GLQ.US,D,20161014,000000,5.42729,5.42729,5.3826,5.41565,36141.98240064041,0
GLQ.US,D,20161017,000000,5.3953,5.3953,5.33621,5.33621,145460.93210916803,0
GLQ.US,D,20161018,000000,5.37152,5.37152,5.33621,5.35134,94865.29009039786,0
GLQ.US,D,20161019,000000,5.36206,5.36206,5.32709,5.34541,151432.1869653355,0
GLQ.US,D,20161020,000000,5.35134,5.35695,5.33148,5.35695,33930.73809858141,0
GLQ.US,D,20161021,000000,5.33621,5.33621,5.30744,5.32709,46992.29857107874,0
GLQ.US,D,20161024,000000,5.35695,5.36686,5.32709,5.32709,88524.74848337394,0
GLQ.US,D,20161025,000000,5.31173,5.32298,5.29797,5.30744,67783.14264395024,0
GLQ.US,D,20161026,000000,5.26714,5.31173,5.24293,5.28072,81877.58696806815,0
GLQ.US,D,20161027,000000,5.28072,5.28593,5.25463,5.26357,82545.6602718793,0
GLQ.US,D,20161028,000000,5.24293,5.25857,5.21639,5.21639,46888.226850385596,0
GLQ.US,D,20161031,000000,5.25338,5.29225,5.23765,5.28673,175431.3495675676,0
GLQ.US,D,20161101,000000,5.29797,5.29797,5.19468,5.24776,128467.02726549697,0
GLQ.US,D,20161102,000000,5.23229,5.27607,5.15329,5.15329,106791.01404133813,0
GLQ.US,D,20161103,000000,5.17858,5.19914,5.13945,5.15796,154641.62454545888,0
GLQ.US,D,20161104,000000,5.16241,5.2071,5.16241,5.19468,58601.33115689868,0
GLQ.US,D,20161107,000000,5.22746,5.30744,5.2221,5.30744,112272.1246645776,0
GLQ.US,D,20161108,000000,5.27223,5.32219,5.22746,5.27223,205245.09991954605,0
GLQ.US,D,20161109,000000,5.21262,5.37152,5.21262,5.31735,223069.34042725098,0
GLQ.US,D,20161110,000000,5.34006,5.35284,5.24776,5.24776,187104.1680467096,0
GLQ.US,D,20161111,000000,5.23229,5.25338,5.13711,5.17858,135989.28647523947,0
GLQ.US,D,20161114,000000,5.17858,5.23229,5.15796,5.22746,131903.6321499238,0
GLQ.US,D,20161115,000000,5.21262,5.26714,5.20352,5.2221,144842.09703880164,0
GLQ.US,D,20161116,000000,5.22131,5.25857,5.15696,5.25285,88437.46252408261,0
GLQ.US,D,20161117,000000,5.23167,5.28895,5.20664,5.26714,131130.3680746659,0
GLQ.US,D,20161118,000000,5.24731,5.29797,5.23229,5.27607,108260.32768941327,0
GLQ.US,D,20161121,000000,5.28673,5.3684,5.28673,5.32298,95299.48178533706,0
GLQ.US,D,20161122,000000,5.35739,5.41136,5.35739,5.41136,183348.63369565218,0
GLQ.US,D,20161123,000000,5.3826,5.39216,5.31245,5.37196,128957.17149843516,0
GLQ.US,D,20161125,000000,5.3826,5.43291,5.35739,5.37733,122514.79627223448,0
GLQ.US,D,20161128,000000,5.34061,5.40617,5.34061,5.39654,87730.22244366619,0
GLQ.US,D,20161129,000000,5.37196,5.43291,5.37196,5.42772,532381.6848379417,0
GLQ.US,D,20161130,000000,5.47133,5.48804,5.43291,5.4564,265830.50807420537,0
GLQ.US,D,20161201,000000,5.43747,5.47633,5.40617,5.42272,290237.005153116,0
GLQ.US,D,20161202,000000,5.40163,5.40617,5.35187,5.35739,207163.15292244992,0
GLQ.US,D,20161205,000000,5.35739,5.38779,5.31245,5.35739,282622.9837810464,0
GLQ.US,D,20161206,000000,5.34588,5.38779,5.29225,5.3826,330330.35578785243,0
GLQ.US,D,20161207,000000,5.37196,5.43747,5.35739,5.43291,265557.4596887129,0
GLQ.US,D,20161208,000000,5.41136,5.47633,5.37733,5.44783,370314.03944811644,0
GLQ.US,D,20161209,000000,5.47633,5.49225,5.42772,5.47133,483589.9526445447,0
GLQ.US,D,20161212,000000,5.47133,5.49225,5.44658,5.48804,161743.12066938585,0
GLQ.US,D,20161213,000000,5.46222,5.51699,5.43291,5.51699,360060.1773328319,0
GLQ.US,D,20161214,000000,5.49126,5.53613,5.47009,5.47518,336811.89779066347,0
GLQ.US,D,20161215,000000,5.47009,5.51637,5.47009,5.51109,508502.2606670296,0
GLQ.US,D,20161216,000000,5.50162,5.53989,5.47518,5.53111,219444.73501513107,0
GLQ.US,D,20161219,000000,5.53111,5.55032,5.48662,5.53416,495633.1769252846,0
GLQ.US,D,20161220,000000,5.52647,5.58215,5.50162,5.55587,317729.84422854066,0
GLQ.US,D,20161221,000000,5.57625,5.58268,5.53613,5.57625,118950.61960114932,0
GLQ.US,D,20161222,000000,5.55032,5.58652,5.55032,5.58215,162063.1691867965,0
GLQ.US,D,20161223,000000,5.5615,5.60233,5.52647,5.5472,233874.89456727833,0
GLQ.US,D,20161227,000000,5.52111,5.5615,5.51637,5.54192,190769.0592862301,0
GLQ.US,D,20161228,000000,5.5472,5.57625,5.51637,5.57625,259177.75130508674,0
GLQ.US,D,20161229,000000,5.54192,5.63782,5.51637,5.60233,393946.15340098913,0
GLQ.US,D,20161230,000000,5.63228,5.63228,5.56739,5.60779,150764.1136615417,0
GLQ.US,D,20170103,000000,5.60233,5.6429,5.5893,5.61645,331312.8823552787,0
GLQ.US,D,20170104,000000,5.65265,5.69726,5.5926,5.68731,325173.76988507266,0
GLQ.US,D,20170105,000000,5.68222,5.71359,5.68222,5.70823,165710.15561412091,0
GLQ.US,D,20170106,000000,5.67623,5.72843,5.67623,5.71359,79239.98432638997,0
GLQ.US,D,20170109,000000,5.72342,5.74764,5.69726,5.74764,159106.63707845012,0
GLQ.US,D,20170110,000000,5.75265,5.78384,5.75265,5.78384,179786.6951260763,0
GLQ.US,D,20170111,000000,5.78892,5.83879,5.77911,5.8186,138989.46156320462,0
GLQ.US,D,20170112,000000,5.79418,5.81405,5.74764,5.79418,210702.71047681116,0
GLQ.US,D,20170113,000000,5.77374,5.79759,5.76775,5.77911,94737.71830374052,0
GLQ.US,D,20170117,000000,5.76273,5.78231,5.73244,5.74764,154491.67174359603,0
GLQ.US,D,20170118,000000,5.75265,5.78384,5.70154,5.77866,176654.47204841394,0
GLQ.US,D,20170119,000000,5.77866,5.78384,5.7278,5.77866,253945.0699506158,0
GLQ.US,D,20170120,000000,5.78892,5.81333,5.76273,5.78384,127372.59562205852,0
GLQ.US,D,20170123,000000,5.78384,5.78384,5.75265,5.77866,64092.51323696746,0
GLQ.US,D,20170124,000000,5.79805,5.8279,5.78384,5.82352,421769.1124506721,0
GLQ.US,D,20170125,000000,5.83879,5.87481,5.83879,5.86927,323660.81325735844,0
GLQ.US,D,20170126,000000,5.86506,5.88892,5.86506,5.88516,221438.8834697057,0
GLQ.US,D,20170127,000000,5.89973,5.92582,5.87481,5.89393,424557.7869449799,0
GLQ.US,D,20170130,000000,5.88516,5.88892,5.85525,5.88516,202899.5695262684,0
GLQ.US,D,20170131,000000,5.88892,5.92083,5.87481,5.916,231997.12739174455,0
GLQ.US,D,20170201,000000,5.93565,5.93565,5.90555,5.916,180507.3638156174,0
GLQ.US,D,20170202,000000,5.9302,5.98194,5.916,5.98194,243513.2787644858,0
GLQ.US,D,20170203,000000,6.00831,6.02699,5.94557,6.02045,296512.64181605814,0
GLQ.US,D,20170206,000000,6.0318,6.05862,6.02833,6.05862,209177.44429071978,0
GLQ.US,D,20170207,000000,6.05281,6.08239,6.04252,6.05862,219332.82993910872,0
GLQ.US,D,20170208,000000,6.07399,6.07399,6.05281,6.06764,102125.69142226639,0
GLQ.US,D,20170209,000000,6.06254,6.07399,6.04726,6.07399,151076.32882360384,0
GLQ.US,D,20170210,000000,6.08793,6.11903,6.06103,6.11903,130607.77136965531,0
GLQ.US,D,20170213,000000,6.10749,6.12913,6.10749,6.12402,92941.64183369641,0
GLQ.US,D,20170214,000000,6.11903,6.1344,6.10811,6.1344,103170.88483224688,0
GLQ.US,D,20170215,000000,6.11258,6.16585,6.09623,6.14476,194232.52138889008,0
GLQ.US,D,20170216,000000,6.13359,6.14824,6.12358,6.13359,144920.43059201218,0
GLQ.US,D,20170217,000000,6.11841,6.14262,6.11258,6.1285,93210.21401613172,0
GLQ.US,D,20170221,000000,6.1285,6.14476,6.1285,6.14476,96970.2245702453,0
GLQ.US,D,20170222,000000,6.13878,6.14824,6.13359,6.14824,164351.6279913084,0
GLQ.US,D,20170223,000000,6.14824,6.16719,6.14154,6.16334,42510.50027666839,0
GLQ.US,D,20170224,000000,6.13878,6.14476,6.1285,6.13878,69066.69386584457,0
GLQ.US,D,20170227,000000,6.14824,6.15743,6.12358,6.13878,321689.0458179577,0
GLQ.US,D,20170228,000000,6.11841,6.16719,6.11841,6.14476,309941.25093789445,0
GLQ.US,D,20170301,000000,6.20044,6.24618,6.15816,6.22064,213227.28899171442,0
GLQ.US,D,20170302,000000,6.21616,6.24019,6.18006,6.23448,148748.7032424816,0
GLQ.US,D,20170303,000000,6.24019,6.26201,6.20464,6.26201,127140.95211471619,0
GLQ.US,D,20170306,000000,6.24618,6.2662,6.22617,6.2662,70277.50678832999,0
GLQ.US,D,20170307,000000,6.24618,6.24618,6.22331,6.23448,36450.84041044376,0
GLQ.US,D,20170308,000000,6.23448,6.27835,6.22858,6.22858,102227.52504144113,0
GLQ.US,D,20170309,000000,6.24019,6.2662,6.21616,6.24019,64982.15859128861,0
GLQ.US,D,20170310,000000,6.2521,6.2521,6.19891,6.24618,87548.93622052221,0
GLQ.US,D,20170313,000000,6.22858,6.27174,6.18953,6.23448,72696.89453177936,0
GLQ.US,D,20170314,000000,6.22064,6.24019,6.15299,6.23448,52611.05243780384,0
GLQ.US,D,20170315,000000,6.24019,6.29596,6.22064,6.2521,126422.52152670466,0
GLQ.US,D,20170316,000000,6.27174,6.32437,6.24565,6.31884,137122.8848952781,0
GLQ.US,D,20170317,000000,6.32437,6.34314,6.30142,6.32437,96437.55640841152,0
GLQ.US,D,20170320,000000,6.32437,6.32437,6.28944,6.31258,58152.591802078095,0
GLQ.US,D,20170321,000000,6.31884,6.32437,6.21956,6.25674,165150.63023406008,0
GLQ.US,D,20170322,000000,6.2226,6.24565,6.19122,6.2226,72354.46499917237,0
GLQ.US,D,20170323,000000,6.21536,6.2613,6.21536,6.25674,199694.60814920423,0
GLQ.US,D,20170324,000000,6.24565,6.28264,6.23958,6.24565,154834.1012762112,0
GLQ.US,D,20170327,000000,6.21008,6.2662,6.21008,6.2662,35282.55141684378,0
GLQ.US,D,20170328,000000,6.27174,6.3292,6.24618,6.3292,27206.36208082478,0
GLQ.US,D,20170329,000000,6.32437,6.35243,6.31258,6.33359,32969.47349560903,0
GLQ.US,D,20170330,000000,6.32437,6.38639,6.32437,6.36896,78133.24312459973,0
GLQ.US,D,20170331,000000,6.36397,6.52865,6.35844,6.52865,63303.58245105931,0
GLQ.US,D,20170403,000000,6.4821,6.51571,6.44813,6.48593,132336.70479409618,0
GLQ.US,D,20170404,000000,6.4821,6.50963,6.43144,6.4636,80096.05815790745,0
GLQ.US,D,20170405,000000,6.4636,6.5595,6.4636,6.46717,78614.43495146427,0
GLQ.US,D,20170406,000000,6.45905,6.47175,6.41436,6.45905,49888.401938352756,0
GLQ.US,D,20170407,000000,6.43144,6.4821,6.39541,6.4527,64516.63347506517,0
GLQ.US,D,20170410,000000,6.46717,6.4921,6.44241,6.4821,78088.48109419385,0
GLQ.US,D,20170411,000000,6.47657,6.50398,6.45905,6.47657,123424.58454024878,0
GLQ.US,D,20170412,000000,6.46717,6.50668,6.44145,6.45189,61477.291610491724,0
GLQ.US,D,20170413,000000,6.41436,6.44145,6.40427,6.41811,84731.16640645773,0
GLQ.US,D,20170417,000000,6.42991,6.51963,6.40883,6.47584,42245.28524651121,0
GLQ.US,D,20170418,000000,6.45842,6.4821,6.42429,6.4628,102716.55022362975,0
GLQ.US,D,20170419,000000,6.47584,6.48058,6.45189,6.4628,108340.89934416358,0
GLQ.US,D,20170420,000000,6.47175,6.5247,6.44574,6.50328,115869.87285845421,0
GLQ.US,D,20170421,000000,6.49765,6.5247,6.48531,6.48531,43886.93271165669,0
GLQ.US,D,20170424,000000,6.53554,6.55332,6.5247,6.55332,48989.80417795084,0
GLQ.US,D,20170425,000000,6.57191,6.63858,6.5595,6.61186,34571.95418414821,0
GLQ.US,D,20170426,000000,6.6441,6.6812,6.63858,6.65457,98369.038020434,0
GLQ.US,D,20170427,000000,6.64921,6.70068,6.61542,6.67458,50062.973856936405,0
GLQ.US,D,20170428,000000,6.68389,6.72221,6.66225,6.69566,52182.45599666422,0
GLQ.US,D,20170501,000000,6.70068,6.72946,6.68951,6.72946,57989.21039109565,0
GLQ.US,D,20170502,000000,6.73285,6.73285,6.69566,6.72221,14226.492313818164,0
GLQ.US,D,20170503,000000,6.71677,6.72946,6.64921,6.72946,44969.05479672405,0
GLQ.US,D,20170504,000000,6.70068,6.70068,6.63858,6.63858,71500.62926917736,0
GLQ.US,D,20170505,000000,6.66646,6.66646,6.61542,6.63858,120394.19508176118,0
GLQ.US,D,20170508,000000,6.63858,6.66063,6.63858,6.65457,148566.29796857687,0
GLQ.US,D,20170509,000000,6.64921,6.67395,6.6441,6.66063,16072.92606806774,0
GLQ.US,D,20170510,000000,6.6441,6.68389,6.62402,6.63375,136795.00302253928,0
GLQ.US,D,20170511,000000,6.603,6.64921,6.58272,6.58272,58208.54434008723,0
GLQ.US,D,20170512,000000,6.57191,6.61266,6.56565,6.58272,64617.34804347918,0
GLQ.US,D,20170515,000000,6.58648,6.62732,6.58648,6.61542,27451.434197297935,0
GLQ.US,D,20170516,000000,6.63858,6.6441,6.61542,6.6441,20974.368397536942,0
GLQ.US,D,20170517,000000,6.59113,6.6266,6.55895,6.55895,92649.56958529694,0
GLQ.US,D,20170518,000000,6.53357,6.55581,6.48264,6.53357,76594.5483293887,0
GLQ.US,D,20170519,000000,6.55895,6.5821,6.53884,6.55215,48746.97016299712,0
GLQ.US,D,20170522,000000,6.56405,6.58425,6.55215,6.5821,31033.51568054565,0
GLQ.US,D,20170523,000000,6.61131,6.61542,6.59113,6.61131,45612.5089838113,0
GLQ.US,D,20170524,000000,6.60641,6.65457,6.60641,6.62052,15586.138987403623,0
GLQ.US,D,20170525,000000,6.63795,6.66985,6.62052,6.66985,49616.47260363628,0
GLQ.US,D,20170526,000000,6.64332,6.68951,6.64332,6.68049,38612.84647905904,0
GLQ.US,D,20170530,000000,6.68049,6.72651,6.66565,6.66565,23369.137024263426,0
GLQ.US,D,20170531,000000,6.66565,6.68389,6.63795,6.68049,48732.42250311575,0
GLQ.US,D,20170601,000000,6.67458,6.73857,6.66985,6.73285,73179.2054094046,0
GLQ.US,D,20170602,000000,6.75412,6.76626,6.72373,6.75412,23228.1366284824,0
GLQ.US,D,20170605,000000,6.7618,6.8064,6.7618,6.80129,40256.73204572191,0
GLQ.US,D,20170606,000000,6.7618,6.81659,6.74902,6.77262,88648.9631177511,0
GLQ.US,D,20170607,000000,6.77262,6.79522,6.75484,6.77467,19670.674261958582,0
GLQ.US,D,20170608,000000,6.79095,6.83498,6.77959,6.83498,34514.88259538038,0
GLQ.US,D,20170609,000000,6.8264,6.84775,6.74427,6.75412,34790.16908237601,0
GLQ.US,D,20170612,000000,6.74902,6.75118,6.66985,6.71096,40844.23369480206,0
GLQ.US,D,20170613,000000,6.73285,6.75831,6.70202,6.75412,24681.783565919504,0
GLQ.US,D,20170614,000000,6.74902,6.75831,6.71096,6.71677,45756.86653187146,0
GLQ.US,D,20170615,000000,6.67905,6.70685,6.62606,6.68308,60509.312702961055,0
GLQ.US,D,20170616,000000,6.71587,6.71587,6.66431,6.69996,25542.33360047992,0
GLQ.US,D,20170619,000000,6.69504,6.69504,6.5954,6.67323,222675.43455966862,0
GLQ.US,D,20170620,000000,6.65895,6.67905,6.6105,6.65895,139785.10665367715,0
GLQ.US,D,20170621,000000,6.64207,6.70471,6.63643,6.68879,61819.72114309872,0
GLQ.US,D,20170622,000000,6.64689,6.71033,6.63643,6.66985,143961.40409057043,0
GLQ.US,D,20170623,000000,6.65342,6.71033,6.65342,6.68879,79411.19909269449,0
GLQ.US,D,20170626,000000,6.69504,6.74427,6.69504,6.71587,99218.39754739014,0
GLQ.US,D,20170627,000000,6.68879,6.71158,6.64207,6.67323,169361.61824450453,0
GLQ.US,D,20170628,000000,6.69504,6.72875,6.67905,6.70471,51277.14393170199,0
GLQ.US,D,20170629,000000,6.69504,6.69504,6.63151,6.67905,92713.35547862509,0
GLQ.US,D,20170630,000000,6.66985,6.71033,6.65457,6.66985,85687.9548063882,0
GLQ.US,D,20170703,000000,6.66431,6.68593,6.62606,6.63643,57033.541041924895,0
GLQ.US,D,20170705,000000,6.62606,6.68308,6.53071,6.58505,77164.14516630935,0
GLQ.US,D,20170706,000000,6.54501,6.61464,6.52114,6.53071,65793.47039239919,0
GLQ.US,D,20170707,000000,6.54984,6.58996,6.52589,6.58996,51142.857840485354,0
GLQ.US,D,20170710,000000,6.62606,6.87074,6.62606,6.8064,445198.67821597535,0
GLQ.US,D,20170711,000000,6.8064,6.86519,6.75831,6.86519,129715.88791382694,0
GLQ.US,D,20170712,000000,6.86519,6.95339,6.84223,6.92775,80757.41715715727,0
GLQ.US,D,20170713,000000,6.93927,6.97243,6.91595,6.94947,105923.74970223366,0
GLQ.US,D,20170714,000000,6.97984,6.98726,6.95339,6.98726,56223.34829157708,0
GLQ.US,D,20170717,000000,6.96527,7.01798,6.96527,6.99218,103155.21812161087,0
GLQ.US,D,20170718,000000,6.97984,7.06214,6.97984,7.01219,117040.39995358378,0
GLQ.US,D,20170719,000000,7.01798,7.06805,6.99817,7.02962,176637.68628700805,0
GLQ.US,D,20170720,000000,7.03837,7.06214,7.03837,7.06214,36184.50632952687,0
GLQ.US,D,20170721,000000,7.05027,7.06805,7.04446,7.05635,67681.30902477652,0
GLQ.US,D,20170724,000000,7.08762,7.11389,7.0719,7.11389,57166.70808238487,0
GLQ.US,D,20170725,000000,7.11808,7.11808,7.08208,7.09736,105473.89129664522,0
GLQ.US,D,20170726,000000,7.0719,7.11808,7.05635,7.06214,145287.47924134106,0
GLQ.US,D,20170727,000000,7.11389,7.11808,7.04732,7.06805,77297.31220676728,0
GLQ.US,D,20170728,000000,7.06214,7.0937,7.04446,7.06805,49699.28235988873,0
GLQ.US,D,20170731,000000,7.09736,7.10843,7.07617,7.10843,27408.910268413518,0
GLQ.US,D,20170801,000000,7.13106,7.17385,7.12425,7.15724,67364.61765965211,0
GLQ.US,D,20170802,000000,7.1986,7.1986,7.15096,7.15724,83121.9714133572,0
GLQ.US,D,20170803,000000,7.18877,7.18877,7.14124,7.15096,80306.4397008142,0
GLQ.US,D,20170804,000000,7.15724,7.17752,7.15096,7.15096,25734.810331223085,0
GLQ.US,D,20170807,000000,7.27366,7.27366,7.1986,7.1986,29110.986474605972,0
GLQ.US,D,20170808,000000,7.22147,7.2364,7.18877,7.18877,89478.17973102425,0
GLQ.US,D,20170809,000000,7.16241,7.18877,7.16241,7.17752,53472.72152312193,0
GLQ.US,D,20170810,000000,7.10843,7.20468,6.92266,6.92266,121782.93707510635,0
GLQ.US,D,20170811,000000,7.00755,7.10264,6.97243,7.06214,66102.3284022005,0
GLQ.US,D,20170814,000000,7.06214,7.11389,7.06214,7.08762,84313.76047292238,0
GLQ.US,D,20170815,000000,7.15096,7.15096,7.11389,7.11808,82876.89929688507,0
GLQ.US,D,20170816,000000,7.15096,7.32156,7.13106,7.13686,46759.53601296753,0
GLQ.US,D,20170817,000000,7.15724,7.1986,7.13686,7.15096,105448.15312916161,0
GLQ.US,D,20170818,000000,7.13106,7.13686,7.10182,7.11737,76461.38128893076,0
GLQ.US,D,20170821,000000,7.09736,7.10996,7.0719,7.0719,67156.4742182648,0
GLQ.US,D,20170822,000000,7.12425,7.14078,7.10182,7.11307,91831.543479625,0
GLQ.US,D,20170823,000000,7.16688,7.16688,7.10182,7.12782,88281.91446842124,0
GLQ.US,D,20170824,000000,7.14124,7.19316,7.11737,7.13106,55774.608936756485,0
GLQ.US,D,20170825,000000,7.18959,7.18959,7.14124,7.14124,52294.361072681466,0
GLQ.US,D,20170828,000000,7.16241,7.16624,7.13686,7.14124,78989.31695611519,0
GLQ.US,D,20170829,000000,7.15724,7.15724,7.13372,7.13686,49772.02065929664,0
GLQ.US,D,20170830,000000,7.15096,7.17752,7.15096,7.15724,55102.05942990241,0
GLQ.US,D,20170831,000000,7.20468,7.25309,7.20468,7.25309,75871.6415383312,0
GLQ.US,D,20170901,000000,7.26454,7.29743,7.25813,7.25813,56449.39654512796,0
GLQ.US,D,20170905,000000,7.22729,7.26875,7.21736,7.22147,27779.316070023553,0
GLQ.US,D,20170906,000000,7.2364,7.25722,7.20468,7.21209,59783.048759620324,0
GLQ.US,D,20170907,000000,7.24204,7.28044,7.21736,7.28044,60227.31191140002,0
GLQ.US,D,20170908,000000,7.22729,7.24722,7.22729,7.2364,31809.01785733214,0
GLQ.US,D,20170911,000000,7.30154,7.33569,7.26454,7.33569,86169.14663325374,0
GLQ.US,D,20170912,000000,7.33569,7.37223,7.31915,7.33569,124418.30161526205,0
GLQ.US,D,20170913,000000,7.36124,7.36124,7.33773,7.33773,97214.17763595772,0
GLQ.US,D,20170914,000000,7.40359,7.40359,7.31915,7.33773,110185.09499687544,0
GLQ.US,D,20170915,000000,7.31326,7.34944,7.21736,7.21736,78030.29045466529,0
GLQ.US,D,20170918,000000,7.31326,7.35516,7.30235,7.30726,111898.36171065996,0
GLQ.US,D,20170919,000000,7.35586,7.36204,7.31915,7.33569,174142.20309186756,0
GLQ.US,D,20170920,000000,7.35123,7.36731,7.32156,7.32326,72294.03625812437,0
GLQ.US,D,20170921,000000,7.35586,7.35586,7.30726,7.31326,54690.248750166655,0
GLQ.US,D,20170922,000000,7.34524,7.34524,7.29743,7.31915,121364.41209081028,0
GLQ.US,D,20170925,000000,7.2701,7.30154,7.233,7.233,93130.76141216146,0
GLQ.US,D,20170926,000000,7.26365,7.26365,7.1557,7.16088,138359.43598524106,0
GLQ.US,D,20170927,000000,7.17223,7.17223,7.11389,7.15018,134771.75924819172,0
GLQ.US,D,20170928,000000,7.16088,7.16554,7.12219,7.1458,115106.68024002358,0
GLQ.US,D,20170929,000000,7.18815,7.1978,7.13998,7.19234,97882.25093976887,0
GLQ.US,D,20171002,000000,7.22147,7.25257,7.19234,7.233,131872.29872863143,0
GLQ.US,D,20171003,000000,7.25257,7.27457,7.24132,7.25722,94770.17077578547,0
GLQ.US,D,20171004,000000,7.27457,7.30726,7.24722,7.30726,63672.869201910646,0
GLQ.US,D,20171005,000000,7.30726,7.46544,7.29743,7.46544,71357.39077187589,0
GLQ.US,D,20171006,000000,7.40082,7.40082,7.34524,7.35123,61416.86286944271,0
GLQ.US,D,20171009,000000,7.38991,7.42092,7.36204,7.39583,95712.41151583356,0
GLQ.US,D,20171010,000000,7.40521,7.40521,7.37661,7.38991,91385.04222632488,0
GLQ.US,D,20171011,000000,7.40082,7.40082,7.37447,7.38991,110779.3109505281,0
GLQ.US,D,20171012,000000,7.40521,7.40521,7.3758,7.3758,134090.25733526092,0
GLQ.US,D,20171013,000000,7.40521,7.46006,7.36965,7.45292,228511.28427389028,0
GLQ.US,D,20171016,000000,7.4852,7.52441,7.44444,7.44747,99734.2799478221,0
GLQ.US,D,20171017,000000,7.50252,7.50252,7.46544,7.48188,147570.34279205438,0
GLQ.US,D,20171018,000000,7.4852,7.49751,7.47098,7.4749,176602.99571344673,0
GLQ.US,D,20171019,000000,7.53076,7.54148,7.45292,7.47098,254147.61813820558,0
GLQ.US,D,20171020,000000,7.54148,7.54148,7.48188,7.4968,167712.13742403392,0
GLQ.US,D,20171023,000000,7.56292,7.56292,7.45292,7.46544,133173.7547626985,0
GLQ.US,D,20171024,000000,7.48894,7.5094,7.43263,7.43666,187503.66916809054,0
GLQ.US,D,20171025,000000,7.41468,7.4749,7.38902,7.39583,134509.90137031671,0
GLQ.US,D,20171026,000000,7.44363,7.44363,7.36651,7.36651,108336.42314111457,0
GLQ.US,D,20171027,000000,7.38902,7.41468,7.36651,7.39583,95010.76668921876,0
GLQ.US,D,20171030,000000,7.38152,7.45292,7.38152,7.44747,98595.0862739849,0
GLQ.US,D,20171031,000000,7.46006,7.49751,7.45292,7.4749,173699.05899085777,0
GLQ.US,D,20171101,000000,7.49751,7.54631,7.4968,7.51975,190556.43964179276,0
GLQ.US,D,20171102,000000,7.47098,7.52522,7.47098,7.5094,295771.83021285234,0
GLQ.US,D,20171103,000000,7.51412,7.54631,7.51412,7.54148,172376.34099234594,0
GLQ.US,D,20171106,000000,7.55023,7.57893,7.55023,7.57893,260457.94537469887,0
GLQ.US,D,20171107,000000,7.60225,7.61662,7.57893,7.5858,154623.71973330344,0
GLQ.US,D,20171108,000000,7.60949,7.63987,7.56846,7.63987,269581.56622223405,0
GLQ.US,D,20171109,000000,7.574,7.63585,7.56846,7.60716,199696.84625070333,0
GLQ.US,D,20171110,000000,7.62156,7.68992,7.60716,7.63987,133418.82687916758,0
GLQ.US,D,20171113,000000,7.55023,7.55023,7.27868,7.31066,382175.9775057214,0
GLQ.US,D,20171114,000000,7.35516,7.35516,7.15409,7.2145,208351.58482973493,0
GLQ.US,D,20171115,000000,7.30012,7.30012,7.09736,7.14266,137173.24217948565,0
GLQ.US,D,20171116,000000,7.2145,7.30012,7.14891,7.27868,169460.09471138995,0
GLQ.US,D,20171117,000000,7.35516,7.35516,7.30575,7.31155,119079.31043856738,0
GLQ.US,D,20171120,000000,7.31808,7.35033,7.2701,7.35033,260307.99257284624,0
GLQ.US,D,20171121,000000,7.36124,7.42808,7.36124,7.3758,226087.42032739188,0
GLQ.US,D,20171122,000000,7.40521,7.41102,7.38314,7.41102,126894.76094748739,0
GLQ.US,D,20171124,000000,7.41102,7.50699,7.40082,7.49993,48363.13575226542,0
GLQ.US,D,20171127,000000,7.48759,7.49993,7.47241,7.47241,95409.14875983183,0
GLQ.US,D,20171128,000000,7.4616,7.47732,7.42808,7.43434,124103.84835164997,0
GLQ.US,D,20171129,000000,7.41102,7.44908,7.31808,7.35453,159176.01822560327,0
GLQ.US,D,20171130,000000,7.35516,7.35516,7.30575,7.33497,176046.82748565488,0
GLQ.US,D,20171201,000000,7.35516,7.35516,7.22389,7.30012,146220.76757531954,0
GLQ.US,D,20171204,000000,7.31808,7.31808,7.1835,7.1835,109444.28339365943,0
GLQ.US,D,20171205,000000,7.22987,7.23899,7.16321,7.17752,149969.58762180852,0
GLQ.US,D,20171206,000000,7.21362,7.22389,7.16768,7.19038,46523.41630257617,0
GLQ.US,D,20171207,000000,7.19038,7.19038,7.13034,7.16321,100158.40018591878,0
GLQ.US,D,20171208,000000,7.21362,7.22389,7.17752,7.20692,103666.62431900397,0
GLQ.US,D,20171211,000000,7.20692,7.24337,7.20692,7.22987,154261.14728701342,0
GLQ.US,D,20171212,000000,7.23899,7.28324,7.23899,7.27366,109901.97515456588,0
GLQ.US,D,20171213,000000,7.24337,7.2701,7.19038,7.20692,126753.76055170229,0
GLQ.US,D,20171214,000000,7.20692,7.26161,7.17752,7.24337,124991.25560444965,0
GLQ.US,D,20171215,000000,7.29495,7.31808,7.27366,7.28324,196162.88395014065,0
GLQ.US,D,20171218,000000,7.33569,7.36204,7.30575,7.34524,152937.31023775207,0
GLQ.US,D,20171219,000000,7.38431,7.38431,7.33569,7.36204,206291.41238029642,0
GLQ.US,D,20171220,000000,7.406,7.406,7.36731,7.39163,95627.36365806268,0
GLQ.US,D,20171221,000000,7.35586,7.406,7.35586,7.39163,140853.8001296218,0
GLQ.US,D,20171222,000000,7.40225,7.46373,7.40225,7.46373,77119.38313590245,0
GLQ.US,D,20171226,000000,7.46866,7.47963,7.41227,7.42961,46975.5128096759,0
GLQ.US,D,20171227,000000,7.45685,7.45685,7.406,7.41227,46887.107799624864,0
GLQ.US,D,20171228,000000,7.45069,7.46373,7.41227,7.41718,108371.11371467588,0
GLQ.US,D,20171229,000000,7.45685,7.47098,7.39671,7.45069,210607.59116219476,0
GLQ.US,D,20180102,000000,7.45069,7.4733,7.44444,7.46373,182105.36830113095,0
GLQ.US,D,20180103,000000,7.48358,7.52351,7.46866,7.51342,151725.37826451304,0
GLQ.US,D,20180104,000000,7.52351,7.62396,7.49617,7.60716,297519.787500188,0
GLQ.US,D,20180105,000000,7.60716,7.65595,7.60716,7.6295,88763.10629528677,0
GLQ.US,D,20180108,000000,7.64629,7.69705,7.63987,7.69214,198987.3680687797,0
GLQ.US,D,20180109,000000,7.69705,7.74031,7.67606,7.7311,110260.07139780684,0
GLQ.US,D,20180110,000000,7.69214,7.75085,7.69214,7.70752,120639.2671982201,0
GLQ.US,D,20180111,000000,7.77114,7.7866,7.74665,7.76374,206412.2698623863,0
GLQ.US,D,20180112,000000,7.79554,7.81225,7.75648,7.80037,103696.83868952644,0
GLQ.US,D,20180116,000000,7.92501,7.94237,7.77685,7.7866,127837.00168753343,0
GLQ.US,D,20180117,000000,7.8714,7.8714,7.701,7.71789,237426.76168001682,0
GLQ.US,D,20180118,000000,7.69214,7.7311,7.65595,7.65595,183773.87298450654,0
GLQ.US,D,20180119,000000,7.74665,7.77185,7.70189,7.77185,108077.92241550855,0
GLQ.US,D,20180122,000000,7.78819,7.86649,7.78819,7.86649,123182.86957605885,0
GLQ.US,D,20180123,000000,7.91001,7.96336,7.90348,7.93163,116215.65954334849,0
GLQ.US,D,20180124,000000,8.00428,8.05754,7.97836,7.98248,166766.53953170872,0
GLQ.US,D,20180125,000000,8.03502,8.04745,7.97417,7.9992,91613.32858139518,0
GLQ.US,D,20180126,000000,8.07212,8.08918,7.98846,8.03502,71587.91522846867,0
GLQ.US,D,20180129,000000,8.03502,8.03502,7.95666,7.98248,93388.14308699759,0
GLQ.US,D,20180130,000000,7.98248,7.98248,7.85577,7.95666,134757.21158830525,0
GLQ.US,D,20180131,000000,7.94575,7.9992,7.91001,7.97417,133010.3733517191,0
GLQ.US,D,20180201,000000,7.98248,7.98248,7.87309,7.95666,95515.45858204644,0
GLQ.US,D,20180202,000000,7.9168,7.9168,7.77767,7.78819,121776.2227705379,0
GLQ.US,D,20180205,000000,7.86649,7.86649,7.50619,7.66309,168757.3308340144,0
GLQ.US,D,20180206,000000,7.57804,7.60949,7.4094,7.47241,300715.7964711845,0
GLQ.US,D,20180207,000000,7.51271,7.57804,7.45525,7.46704,275430.8445455418,0
GLQ.US,D,20180208,000000,7.48188,7.48759,7.32075,7.34192,67758.52352722635,0
GLQ.US,D,20180209,000000,7.4094,7.4094,7.1474,7.35964,75617.61701577726,0
GLQ.US,D,20180212,000000,7.41468,7.41468,7.29806,7.32075,120463.57622888386,0
GLQ.US,D,20180213,000000,7.37447,7.4203,7.34192,7.39583,92056.47268241516,0
GLQ.US,D,20180214,000000,7.39583,7.54229,7.39583,7.47241,114043.58201788763,0
GLQ.US,D,20180215,000000,7.56757,7.74111,7.52351,7.74111,136589.0976826704,0
GLQ.US,D,20180216,000000,7.73486,7.73486,7.63987,7.7311,91261.94664270844,0
GLQ.US,D,20180220,000000,7.7311,7.7311,7.62798,7.72521,88430.74821952127,0
GLQ.US,D,20180221,000000,7.64629,7.69214,7.63987,7.66962,100244.56709445041,0
GLQ.US,D,20180222,000000,7.701,7.70752,7.58983,7.69214,47028.10819540487,0
GLQ.US,D,20180223,000000,7.67847,7.69214,7.65506,7.6841,77846.76613000086,0
GLQ.US,D,20180226,000000,7.71789,7.79313,7.71333,7.77267,76916.83494831371,0
GLQ.US,D,20180227,000000,7.81394,7.83772,7.69705,7.74665,72405.94133413958,0
GLQ.US,D,20180228,000000,7.81394,7.81394,7.60949,7.69214,43955.19480802676,0
GLQ.US,D,20180301,000000,7.73486,7.73486,7.53682,7.60628,86392.95678528317,0
GLQ.US,D,20180302,000000,7.58983,7.65015,7.47411,7.63987,58487.18797936505,0
GLQ.US,D,20180305,000000,7.62156,7.701,7.60064,7.701,46420.463632641724,0
GLQ.US,D,20180306,000000,7.76542,7.76542,7.67525,7.6841,62490.03254843032,0
GLQ.US,D,20180307,000000,7.66962,7.74665,7.66962,7.69214,94140.14519781987,0
GLQ.US,D,20180308,000000,7.75159,7.84352,7.74665,7.84352,69638.52880428363,0
GLQ.US,D,20180309,000000,7.94084,7.94084,7.81966,7.93412,169649.21428985294,0
GLQ.US,D,20180312,000000,7.97006,7.98006,7.94745,7.98006,59912.8586477981,0
GLQ.US,D,20180313,000000,8.04511,8.08051,7.97684,7.98516,104801.34178979216,0
GLQ.US,D,20180314,000000,7.99598,8.05843,7.96497,8.05843,56993.25521456092,0
GLQ.US,D,20180315,000000,8.05004,8.05593,7.99598,8.04511,194563.76041388774,0
GLQ.US,D,20180316,000000,8.04511,8.04511,7.92171,7.94664,163167.67228706225,0
GLQ.US,D,20180319,000000,7.97925,7.97925,7.81136,7.81305,98475.34784264861,0
GLQ.US,D,20180320,000000,7.87222,7.90348,7.83611,7.85487,103758.3864813311,0
GLQ.US,D,20180321,000000,7.9176,7.9176,7.81225,7.84754,133986.18561455663,0
GLQ.US,D,20180322,000000,7.72851,7.81225,7.64719,7.70439,100985.37869767149,0
GLQ.US,D,20180323,000000,7.79142,7.79142,7.58912,7.66489,68519.47804413043,0
GLQ.US,D,20180326,000000,7.71636,7.77605,7.60788,7.77605,72192.20263895065,0
GLQ.US,D,20180327,000000,7.8312,7.8312,7.53826,7.56757,76026.07054323285,0
GLQ.US,D,20180328,000000,7.59144,7.59144,7.51888,7.5851,65793.47039239919,0
GLQ.US,D,20180329,000000,7.611,7.611,7.50475,7.52763,93118.45185380052,0
GLQ.US,D,20180402,000000,7.57321,7.57321,7.37313,7.47026,109951.2133880035,0
GLQ.US,D,20180403,000000,7.42325,7.50475,7.40225,7.49993,100456.06768811888,0
GLQ.US,D,20180404,000000,7.40225,7.50252,7.40225,7.4758,136232.1204902095,0
GLQ.US,D,20180405,000000,7.56757,7.62307,7.49993,7.62307,79626.05683864314,0
GLQ.US,D,20180406,000000,7.69554,7.69554,7.44291,7.522,137764.10098084898,0
GLQ.US,D,20180409,000000,7.54855,7.59752,7.49993,7.59752,114409.51161645679,0
GLQ.US,D,20180410,000000,7.69554,7.69554,7.59144,7.65194,140939.96703814022,0
GLQ.US,D,20180411,000000,7.69866,7.69866,7.67606,7.67606,96543.86623062612,0
GLQ.US,D,20180412,000000,7.70439,7.72851,7.66489,7.71163,64630.77665260185,0
GLQ.US,D,20180413,000000,7.71163,7.71163,7.65194,7.67213,53427.95949271503,0
GLQ.US,D,20180416,000000,7.73772,7.73772,7.70439,7.71636,74533.25682918946,0
GLQ.US,D,20180417,000000,7.83611,7.86569,7.76954,7.79554,70143.22069711132,0
GLQ.US,D,20180418,000000,7.81806,7.85487,7.81073,7.84754,65444.32655523187,0
GLQ.US,D,20180419,000000,7.79554,7.88865,7.76864,7.81136,60195.97849011682,0
GLQ.US,D,20180420,000000,7.86087,7.86087,7.74845,7.80671,53619.317172701536,0
GLQ.US,D,20180423,000000,7.84111,7.84111,7.69786,7.7613,71871.03507078739,0
GLQ.US,D,20180424,000000,7.91091,7.91091,7.65595,7.68025,137792.07724984188,0
GLQ.US,D,20180425,000000,7.66309,7.71485,7.60314,7.71485,76197.28530953737,0
GLQ.US,D,20180426,000000,7.73558,7.78501,7.69295,7.77516,252195.9936125001,0
GLQ.US,D,20180427,000000,7.78501,7.82547,7.71717,7.82547,95236.81494276965,0
GLQ.US,D,20180430,000000,7.88275,7.88275,7.61501,7.68025,166856.06359251644,0
GLQ.US,D,20180501,000000,7.64629,7.72047,7.63585,7.72047,80790.98867996193,0
GLQ.US,D,20180502,000000,7.72047,7.74845,7.69295,7.732,47359.34722040963,0
GLQ.US,D,20180503,000000,7.74845,7.77516,7.68579,7.7531,38446.1079157944,0
GLQ.US,D,20180504,000000,7.79554,7.86569,7.72047,7.86569,55200.53589679495,0
GLQ.US,D,20180507,000000,7.88275,7.89437,7.86087,7.88275,93374.71447787389,0
GLQ.US,D,20180508,000000,7.90429,7.95925,7.87444,7.91091,145598.575352674,0
GLQ.US,D,20180509,000000,8.02224,8.02224,7.92333,7.95925,124158.6818389065,0
GLQ.US,D,20180510,000000,8.02814,8.02814,7.99167,8.01475,92748.04605219049,0
GLQ.US,D,20180511,000000,8.05593,8.05593,8.02224,8.03992,69745.95767725694,0
GLQ.US,D,20180514,000000,8.0779,8.12063,8.03992,8.06773,109408.47376933838,0
GLQ.US,D,20180515,000000,8.11555,8.11555,7.99167,8.05593,162834.195160535,0
GLQ.US,D,20180516,000000,8.10786,8.11555,8.01475,8.06773,108161.85122252785,0
GLQ.US,D,20180517,000000,8.04665,8.10275,8.04665,8.07212,129302.95818333961,0
GLQ.US,D,20180518,000000,8.14352,8.14352,8.04665,8.08918,119099.45335226259,0
GLQ.US,D,20180521,000000,8.15977,8.16541,8.08918,8.12063,139897.01172967916,0
GLQ.US,D,20180522,000000,8.10866,8.1385,8.05182,8.0779,73422.03942435833,0
GLQ.US,D,20180523,000000,8.02136,8.10786,7.95836,8.02136,159934.7346409849,0
GLQ.US,D,20180524,000000,8.06773,8.06773,7.97596,8.00768,109837.07021048207,0
GLQ.US,D,20180525,000000,8.02136,8.05593,7.98516,8.01384,51287.21538854451,0
GLQ.US,D,20180529,000000,7.99598,8.00089,7.97006,8.00089,61722.363726965894,0
GLQ.US,D,20180530,000000,8.08399,8.12063,8.06773,8.12063,111954.31424869655,0
GLQ.US,D,20180531,000000,8.15977,8.15977,8.08481,8.12743,86528.36192726257,0
GLQ.US,D,20180601,000000,8.18435,8.21687,8.14352,8.15977,172732.19913407764,0
GLQ.US,D,20180604,000000,8.21687,8.21687,8.13252,8.15977,133647.11323424097,0
GLQ.US,D,20180605,000000,8.19713,8.21687,8.15467,8.19113,99860.73268371768,0
GLQ.US,D,20180606,000000,8.26702,8.26702,8.18257,8.21687,182594.39348330942,0
GLQ.US,D,20180607,000000,8.23583,8.24789,8.17648,8.23583,102201.7868739575,0
GLQ.US,D,20180608,000000,8.2418,8.27996,8.23233,8.27996,119618.6929049737,0
GLQ.US,D,20180611,000000,8.31125,8.32965,8.27391,8.32965,152254.6892740514,0
GLQ.US,D,20180612,000000,8.37085,8.43054,8.34458,8.43054,179386.0749539356,0
GLQ.US,D,20180613,000000,8.49292,8.49292,8.43054,8.45619,124749.54064026987,0
GLQ.US,D,20180614,000000,8.51703,8.51703,8.4694,8.50543,111273.93138651531,0
GLQ.US,D,20180615,000000,8.55189,8.55994,8.51168,8.53223,46624.13087098915,0
GLQ.US,D,20180618,000000,8.56888,8.56888,8.51703,8.5376,70818.0083054828,0
GLQ.US,D,20180619,000000,8.53223,8.5376,8.47476,8.5376,99333.65977568552,0
GLQ.US,D,20180620,000000,8.593,8.61623,8.55635,8.60908,116074.65914757356,0
GLQ.US,D,20180621,000000,8.60908,8.63233,8.58317,8.60282,58587.90254777803,0
GLQ.US,D,20180622,000000,8.64484,8.65108,8.61623,8.64484,102665.07388866253,0
GLQ.US,D,20180625,000000,8.64484,8.64484,8.4871,8.52776,54704.79641005007,0
GLQ.US,D,20180626,000000,8.53223,8.53223,8.4217,8.46852,62494.50875147019,0
GLQ.US,D,20180627,000000,8.47826,8.51168,8.38479,8.4217,59676.73893740572,0
GLQ.US,D,20180628,000000,8.37513,8.40578,8.34278,8.39095,37459.105145341455,0
GLQ.US,D,20180629,000000,8.50095,8.5224,8.37513,8.41105,88302.05738210423,0
GLQ.US,D,20180702,000000,8.32179,8.46235,8.27129,8.46235,88360.24802163179,0
GLQ.US,D,20180703,000000,8.5224,8.78869,8.4217,8.78869,70298.76875277169,0
GLQ.US,D,20180705,000000,8.50543,8.58942,8.35152,8.41105,174945.68153766828,0
GLQ.US,D,20180706,000000,8.51168,8.51168,8.36209,8.46235,115238.7282297106,0
GLQ.US,D,20180709,000000,8.50095,8.5224,8.44465,8.5224,137508.95740752213,0
GLQ.US,D,20180710,000000,8.54474,8.54474,8.46235,8.49202,78493.57746936928,0
GLQ.US,D,20180711,000000,8.46852,8.49202,8.41722,8.47476,49220.32863454262,0
GLQ.US,D,20180712,000000,8.49202,8.55189,8.47476,8.55189,149485.03864265874,0
GLQ.US,D,20180713,000000,8.54474,8.61802,8.52776,8.61623,77864.67094216342,0
GLQ.US,D,20180716,000000,8.6645,8.6645,8.593,8.6645,83218.20977873336,0
GLQ.US,D,20180717,000000,8.66716,8.72614,8.65108,8.72614,103437.21891316072,0
GLQ.US,D,20180718,000000,8.72614,8.79407,8.70737,8.79407,111952.07614716695,0
GLQ.US,D,20180719,000000,8.87271,8.87271,8.74938,8.80567,49681.37754772414,0
GLQ.US,D,20180720,000000,8.86376,8.86376,8.72525,8.78155,104796.8655867533,0
GLQ.US,D,20180723,000000,8.78155,8.78155,8.71542,8.76994,60558.550936405794,0
GLQ.US,D,20180724,000000,8.83249,8.83249,8.74938,8.82623,79172.84128078063,0
GLQ.US,D,20180725,000000,8.78869,8.82623,8.74938,8.82623,66008.32813834785,0
GLQ.US,D,20180726,000000,8.81908,8.84589,8.78334,8.84589,77198.83573987067,0
GLQ.US,D,20180727,000000,8.80567,8.83964,8.74223,8.77529,99427.66003954022,0
GLQ.US,D,20180730,000000,8.75742,8.77529,8.50899,8.5912,152300.57035522006,0
GLQ.US,D,20180731,000000,8.5492,8.66269,8.53582,8.63857,46861.36963214125,0
GLQ.US,D,20180801,000000,8.65733,8.85124,8.65733,8.72525,100078.94758194852,0
GLQ.US,D,20180802,000000,8.74938,8.84589,8.65019,8.66628,42435.52387573902,0
GLQ.US,D,20180803,000000,8.66628,8.74938,8.64305,8.64305,41652.188343632486,0
GLQ.US,D,20180806,000000,8.63857,8.77529,8.55724,8.77529,67160.95042130469,0
GLQ.US,D,20180807,000000,8.84589,8.85751,8.7601,8.84589,75664.6171477036,0
GLQ.US,D,20180808,000000,8.80925,8.84589,8.71542,8.78155,82646.3748402943,0
GLQ.US,D,20180809,000000,8.81908,8.86376,8.81373,8.86376,84318.23667596125,0
GLQ.US,D,20180810,000000,8.88431,8.88431,8.79941,8.85124,113907.05782515157,0
GLQ.US,D,20180813,000000,8.89504,8.89504,8.78066,8.83249,75484.44997531934,0
GLQ.US,D,20180814,000000,8.94775,8.94775,8.80567,8.85124,94621.33702468441,0
GLQ.US,D,20180815,000000,8.83249,8.83249,8.67967,8.68592,86738.74347017134,0
GLQ.US,D,20180816,000000,8.71005,8.77976,8.71005,8.74938,123692.03767191217,0
GLQ.US,D,20180817,000000,8.76368,8.78869,8.72078,8.75742,88488.93885904984,0
GLQ.US,D,20180820,000000,8.78869,8.81998,8.78869,8.81998,57788.9003050294,0
GLQ.US,D,20180821,000000,8.88522,8.89952,8.87271,8.87271,53453.69766019763,0
GLQ.US,D,20180822,000000,8.90487,8.9299,8.85215,8.9299,29229.605855179478,0
GLQ.US,D,20180823,000000,8.9567,8.9567,8.87896,8.91381,33083.61667314571,0
GLQ.US,D,20180824,000000,9.01925,9.01925,8.93167,8.97457,56275.943677301984,0
GLQ.US,D,20180827,000000,8.98083,9.03354,8.94418,9.03354,106932.01443712322,0
GLQ.US,D,20180828,000000,8.98887,9.04515,8.9567,9.03354,72261.58378607941,0
GLQ.US,D,20180829,000000,9.13457,9.21048,9.06305,9.16405,127910.85903769494,0
GLQ.US,D,20180830,000000,9.14079,9.20069,9.08357,9.14433,77148.47845566622,0
GLQ.US,D,20180831,000000,9.15874,9.20069,9.11576,9.15874,39775.540218857386,0
GLQ.US,D,20180904,000000,9.11576,9.19263,9.03354,9.15328,67404.90348701915,0
GLQ.US,D,20180905,000000,9.15328,9.20069,9.09523,9.17027,62786.58099986967,0
GLQ.US,D,20180906,000000,9.32668,9.32668,9.09965,9.15328,77841.17087619923,0
GLQ.US,D,20180907,000000,9.15328,9.15328,9.05501,9.08095,63068.581791427656,0
GLQ.US,D,20180910,000000,9.11576,9.13457,8.98529,9.04515,52295.480123441186,0
GLQ.US,D,20180911,000000,9.01925,9.21672,9.01925,9.11133,116704.68472553711,0
GLQ.US,D,20180912,000000,9.20241,9.23557,9.13094,9.1819,78522.67278913205,0
GLQ.US,D,20180913,000000,9.20069,9.22384,9.11665,9.13457,63421.08278087514,0
GLQ.US,D,20180914,000000,9.14079,9.25516,9.14079,9.15874,58540.902415851706,0
GLQ.US,D,20180917,000000,9.47227,9.47227,9.13546,9.22926,154477.12408370958,0
GLQ.US,D,20180918,000000,9.22926,9.22926,9.07553,9.08357,201927.11441569985,0
GLQ.US,D,20180919,000000,9.18813,9.23009,8.94865,9.00494,123032.91677419603,0
GLQ.US,D,20180920,000000,8.99422,9.07553,8.97636,9.06305,67833.49992815673,0
GLQ.US,D,20180921,000000,9.23009,9.23009,8.79853,9.08357,119106.16765683105,0
GLQ.US,D,20180924,000000,8.97905,9.08095,8.88878,8.94865,115546.46718878475,0
GLQ.US,D,20180925,000000,8.94865,9.04696,8.8173,8.91291,83880.68782874187,0
GLQ.US,D,20180926,000000,8.97905,8.97905,8.86376,8.89861,91041.49364295715,0
GLQ.US,D,20180927,000000,8.90844,8.90844,8.85661,8.87179,58145.87749751777,0
GLQ.US,D,20180928,000000,8.92006,9.0255,8.85661,8.93525,80298.60634549416,0
GLQ.US,D,20181001,000000,9.00494,9.07553,8.96563,9.03266,95791.86411980382,0
GLQ.US,D,20181002,000000,9.03892,9.03892,8.95491,9.00494,48178.49237684128,0
GLQ.US,D,20181003,000000,8.98887,9.0255,8.95491,8.99156,54338.86681147889,0
GLQ.US,D,20181004,000000,8.9281,8.97278,8.70114,8.97278,96081.69826668488,0
GLQ.US,D,20181005,000000,8.94865,8.99422,8.62695,8.81283,186089.18900725158,0
GLQ.US,D,20181008,000000,8.83695,8.9281,8.5081,8.5492,109868.40363175409,0
GLQ.US,D,20181009,000000,8.43054,8.57244,8.0779,8.51883,196288.21763528974,0
GLQ.US,D,20181010,000000,8.6082,8.6082,8.24618,8.34635,135803.52404904546,0
GLQ.US,D,20181011,000000,8.25916,8.48005,8.22205,8.3192,146033.8860983658,0
GLQ.US,D,20181012,000000,8.35423,8.5081,8.15638,8.47647,66148.20948336915,0
GLQ.US,D,20181015,000000,8.47647,8.61445,8.4199,8.50363,84892.30971591872,0
GLQ.US,D,20181016,000000,8.55905,8.62695,8.51883,8.59836,87976.41361089906,0
GLQ.US,D,20181017,000000,8.69488,8.91291,8.53491,8.64484,139701.17784666803,0
GLQ.US,D,20181018,000000,8.71899,8.71899,8.51703,8.60729,70439.76914855068,0
GLQ.US,D,20181019,000000,8.57244,8.75563,8.5492,8.63946,42559.73851011618,0
GLQ.US,D,20181022,000000,8.67522,8.67522,8.36557,8.51346,108499.80455210412,0
GLQ.US,D,20181023,000000,8.1529,8.5233,8.08568,8.28085,241599.7019646106,0
GLQ.US,D,20181024,000000,8.36557,8.50543,8.08568,8.13341,66102.3284022005,0
GLQ.US,D,20181025,000000,8.21349,8.28085,8.15807,8.25575,85346.64432454093,0
GLQ.US,D,20181026,000000,8.09766,8.16282,8.05004,8.11044,53768.15092380158,0
GLQ.US,D,20181029,000000,8.25575,8.29123,7.99167,8.16961,103920.64884155076,0
GLQ.US,D,20181030,000000,8.12832,8.14019,7.90179,8.03736,149735.7060129569,0
GLQ.US,D,20181031,000000,8.06604,8.19542,8.00428,8.04511,101862.71449363169,0
GLQ.US,D,20181101,000000,8.11716,8.42786,8.11716,8.42786,60442.1696573507,0
GLQ.US,D,20181102,000000,8.45083,8.45083,8.30945,8.38299,29682.821413042995,0
GLQ.US,D,20181105,000000,8.4199,8.4199,8.1453,8.2032,71196.2474624149,0
GLQ.US,D,20181106,000000,8.2427,8.2427,8.10275,8.15807,61773.8400619321,0
GLQ.US,D,20181107,000000,8.17488,8.35851,8.17488,8.35244,54404.890806328505,0
GLQ.US,D,20181108,000000,8.35244,8.45171,8.35244,8.43403,36148.696705202776,0
GLQ.US,D,20181109,000000,8.43403,8.4385,8.18168,8.21349,59306.33313579466,0
GLQ.US,D,20181112,000000,8.1453,8.15807,7.81073,7.89517,163513.4589719565,0
GLQ.US,D,20181113,000000,7.93904,7.96336,7.832,7.94664,37769.08220590248,0
GLQ.US,D,20181114,000000,8.00428,8.00428,7.91511,7.93904,28015.435780415937,0
GLQ.US,D,20181115,000000,7.87785,7.87785,7.67695,7.67695,69461.7187841785,0
GLQ.US,D,20181116,000000,7.68328,7.72672,7.57096,7.64139,80211.32038620283,0
GLQ.US,D,20181119,000000,7.63585,7.6656,7.47411,7.53076,68520.59709489015,0
GLQ.US,D,20181120,000000,7.30941,7.406,6.99529,6.99529,288656.9054797884,0
GLQ.US,D,20181121,000000,7.01443,7.14347,7.01443,7.10916,78353.696124349,0
GLQ.US,D,20181123,000000,7.11648,7.1759,7.11648,7.14954,25152.90393594558,0
GLQ.US,D,20181126,000000,7.21138,7.36052,7.1759,7.35213,33301.83157137452,0
GLQ.US,D,20181127,000000,7.34524,7.37052,7.30941,7.34524,52782.26720410734,0
GLQ.US,D,20181128,000000,7.33416,7.53076,7.31655,7.51975,108550.16183630146,0
GLQ.US,D,20181129,000000,7.49304,7.91091,7.45685,7.91091,264422.7422179247,0
GLQ.US,D,20181130,000000,7.86328,7.95666,7.76453,7.95666,92177.33016451217,0
GLQ.US,D,20181203,000000,7.98999,8.08659,7.93574,8.07031,96254.03208374708,0
GLQ.US,D,20181204,000000,8.01554,8.01554,7.67525,7.83691,73398.53935839517,0
GLQ.US,D,20181206,000000,7.59902,7.67606,7.30235,7.62156,141609.15939272428,0
GLQ.US,D,20181207,000000,7.53076,7.56686,7.40154,7.41949,82437.11234814627,0
GLQ.US,D,20181210,000000,7.45069,7.486,7.30235,7.39073,67150.87896446319,0
GLQ.US,D,20181211,000000,7.40154,7.45685,7.37052,7.40154,87054.31578453399,0
GLQ.US,D,20181212,000000,7.49993,7.54703,7.43808,7.49993,91222.77986610316,0
GLQ.US,D,20181213,000000,7.49993,7.52441,7.43808,7.45685,47076.227378089905,0
GLQ.US,D,20181214,000000,7.34524,7.45069,7.17904,7.1978,79925.96244236367,0
GLQ.US,D,20181217,000000,7.16768,7.2356,6.92131,6.92703,159795.97234672942,0
GLQ.US,D,20181218,000000,6.97099,7.1441,6.92703,7.05027,114678.08379890022,0
GLQ.US,D,20181219,000000,7.04446,7.07538,6.76045,6.92703,83227.16218481414,0
GLQ.US,D,20181220,000000,7.00262,7.00262,6.28264,6.4745,242717.63367400307,0
GLQ.US,D,20181221,000000,6.3502,6.47986,6.17773,6.21402,137022.17032685294,0
GLQ.US,D,20181224,000000,6.20803,6.22027,6.08998,6.18149,74678.73342800935,0
GLQ.US,D,20181226,000000,6.17701,6.40026,6.17701,6.39426,100061.04276978495,0
GLQ.US,D,20181227,000000,6.3065,6.4628,6.3065,6.4628,109077.23474434073,0
GLQ.US,D,20181228,000000,6.3502,6.70471,6.3502,6.69078,118114.68868331687,0
GLQ.US,D,20181231,000000,6.72373,6.82856,6.68235,6.7307,125417.61394408406,0
GLQ.US,D,20190102,000000,6.66225,6.89165,6.66225,6.87966,81677.2768820019,0
GLQ.US,D,20190103,000000,6.80968,7.034,6.75412,7.034,142325.3518792164,0
GLQ.US,D,20190104,000000,7.11888,7.20692,6.87289,7.10182,68722.02623171816,0
GLQ.US,D,20190107,000000,7.10182,7.28814,7.10182,7.25052,57162.23187934397,0
GLQ.US,D,20190108,000000,7.30012,7.42325,7.07617,7.17681,132522.46722026987,0
GLQ.US,D,20190109,000000,7.233,7.34283,7.2145,7.29404,76090.97548732073,0
GLQ.US,D,20190110,000000,7.30012,7.4749,7.233,7.40082,54540.29594830587,0
GLQ.US,D,20190111,000000,7.33076,7.40691,7.28814,7.35586,38336.44094130064,0
GLQ.US,D,20190114,000000,7.38821,7.41789,7.36812,7.39512,41475.37832352838,0
GLQ.US,D,20190115,000000,7.44444,7.44444,7.31405,7.34944,74585.8522149164,0
GLQ.US,D,20190116,000000,7.38062,7.48018,7.38062,7.48018,126317.33075525078,0
GLQ.US,D,20190117,000000,7.48018,7.52351,7.40521,7.43729,107443.42063451631,0
GLQ.US,D,20190118,000000,7.486,7.574,7.46221,7.49993,66855.44956378355,0
GLQ.US,D,20190122,000000,7.46785,7.48097,7.37385,7.39448,70948.93724442131,0
GLQ.US,D,20190123,000000,7.43729,7.46785,7.34872,7.40521,47335.84715444647,0
GLQ.US,D,20190124,000000,7.46221,7.486,7.39163,7.486,42793.62011898812,0
GLQ.US,D,20190125,000000,7.486,7.54317,7.46785,7.52441,26353.64540158949,0
GLQ.US,D,20190128,000000,7.53593,7.53916,7.46785,7.486,42840.62025091445,0
GLQ.US,D,20190129,000000,7.53076,7.56757,7.4867,7.5623,30635.133609931556,0
GLQ.US,D,20190130,000000,7.63111,7.63111,7.49993,7.60395,79308.24642276003,0
GLQ.US,D,20190131,000000,7.60949,7.75738,7.60949,7.69948,44203.62407677804,0
GLQ.US,D,20190201,000000,7.69948,7.93753,7.69948,7.76211,69327.43269296087,0
GLQ.US,D,20190204,000000,7.78901,7.86989,7.78901,7.78901,49112.8997615683,0
GLQ.US,D,20190205,000000,7.78901,7.86328,7.78249,7.84031,55718.65639874634,0
GLQ.US,D,20190206,000000,7.83611,7.86989,7.81806,7.85747,53579.03134533451,0
GLQ.US,D,20190207,000000,7.87604,7.88775,7.77685,7.8312,46521.17820105572,0
GLQ.US,D,20190208,000000,7.78901,7.82547,7.63915,7.6439,99401.92187205458,0
GLQ.US,D,20190211,000000,7.61744,7.6873,7.61744,7.67525,27462.624704899154,0
GLQ.US,D,20190212,000000,7.64943,7.78249,7.64943,7.76211,44081.647543922336,0
GLQ.US,D,20190213,000000,7.78901,7.81136,7.75557,7.78901,46398.08261743827,0
GLQ.US,D,20190214,000000,7.74326,7.84272,7.74326,7.83611,45865.41445560347,0
GLQ.US,D,20190215,000000,7.90009,7.91841,7.85095,7.91841,51545.71611413932,0
GLQ.US,D,20190219,000000,7.95925,7.96336,7.85747,7.90009,73245.22940425423,0
GLQ.US,D,20190220,000000,7.95416,8.00009,7.92501,7.97078,40962.85307537862,0
GLQ.US,D,20190221,000000,8.00687,8.01554,7.93904,7.97078,26682.646325072787,0
GLQ.US,D,20190222,000000,8.05352,8.06371,8.01384,8.03673,41257.163425296516,0
GLQ.US,D,20190225,000000,8.03414,8.12832,8.03414,8.08317,90193.2531667607,0
GLQ.US,D,20190226,000000,8.10956,8.13341,8.09679,8.11644,41905.09381542669,0
GLQ.US,D,20190227,000000,8.10956,8.12832,8.06371,8.12832,27818.482846628827,0
GLQ.US,D,20190228,000000,8.09679,8.11644,8.02814,8.02814,39857.23092434709,0
GLQ.US,D,20190301,000000,8.04074,8.09679,8.04074,8.08918,46362.27299311417,0
GLQ.US,D,20190304,000000,8.14019,8.14619,8.05352,8.10275,50022.68802957142,0
GLQ.US,D,20190305,000000,8.10275,8.15977,8.09855,8.14619,51575.930484662815,0
GLQ.US,D,20190306,000000,8.12313,8.12313,7.98167,8.02224,57690.42383813686,0
GLQ.US,D,20190307,000000,7.95416,7.99347,7.93843,7.99347,33771.83289063783,0
GLQ.US,D,20190308,000000,7.99347,7.99347,7.90009,7.98678,42540.71464719391,0
GLQ.US,D,20190311,000000,8.07031,8.21008,7.99347,8.10956,64592.72892675629,0
GLQ.US,D,20190312,000000,8.12832,8.19113,8.11716,8.15977,23262.827202045763,0
GLQ.US,D,20190313,000000,8.21607,8.28863,8.14019,8.19881,49199.06667009888,0
GLQ.US,D,20190314,000000,8.17139,8.20571,8.13341,8.17648,42102.04674921279,0
GLQ.US,D,20190315,000000,8.26781,8.32356,8.15977,8.17139,72933.01424217175,0
GLQ.US,D,20190318,000000,8.18507,8.26781,8.12832,8.14019,87938.36588505452,0
GLQ.US,D,20190319,000000,8.21008,8.30597,8.17648,8.19881,95462.86319631951,0
GLQ.US,D,20190320,000000,8.03234,8.20571,8.02663,8.1453,61550.02990990268,0
GLQ.US,D,20190321,000000,8.1453,8.27477,8.1453,8.19881,38547.94153496913,0
GLQ.US,D,20190322,000000,8.19113,8.30685,8.03234,8.03234,65793.47039239919,0
GLQ.US,D,20190325,000000,8.02663,8.02663,7.96916,7.99767,45465.913334230674,0
GLQ.US,D,20190326,000000,8.03992,8.05754,7.99167,8.0117,39226.086295622794,0
GLQ.US,D,20190327,000000,8.0117,8.01643,7.93574,7.95416,66303.7575390285,0
GLQ.US,D,20190328,000000,7.92251,8.0117,7.92251,8.0117,53197.435036124276,0
GLQ.US,D,20190329,000000,8.05273,8.12832,8.05273,8.08141,64857.94395691246,0
GLQ.US,D,20190401,000000,8.17648,8.20571,8.08918,8.20571,53760.317568480525,0
GLQ.US,D,20190402,000000,8.18507,8.19881,8.1453,8.1453,78618.91115450616,0
GLQ.US,D,20190403,000000,8.1529,8.21607,8.1453,8.21008,65906.49451917515,0
GLQ.US,D,20190404,000000,8.15898,8.23233,8.15898,8.21607,73821.54054573114,0
GLQ.US,D,20190405,000000,8.18507,8.24878,8.15898,8.19881,78137.71932764062,0
GLQ.US,D,20190408,000000,8.20571,8.27477,8.15898,8.26093,126500.85507990503,0
GLQ.US,D,20190409,000000,8.24878,8.24878,8.1529,8.1529,90759.49285140018,0
GLQ.US,D,20190410,000000,8.1453,8.22126,8.1453,8.20571,72691.29927797875,0
GLQ.US,D,20190411,000000,8.21607,8.2418,8.20571,8.20571,45583.413664047526,0
GLQ.US,D,20190412,000000,8.28085,8.29212,8.23143,8.25227,65531.61251452319,0
GLQ.US,D,20190415,000000,8.30685,8.3384,8.22037,8.29212,81342.68070471696,0
GLQ.US,D,20190416,000000,8.31831,8.34976,8.25575,8.32527,54364.6049789625,0
GLQ.US,D,20190417,000000,8.37691,8.37691,8.27737,8.34635,78456.64879428344,0
GLQ.US,D,20190418,000000,8.34976,8.37691,8.31125,8.33053,68688.45470891247,0
GLQ.US,D,20190422,000000,8.3384,8.3384,8.23583,8.31125,48378.80246290855,0
GLQ.US,D,20190423,000000,8.31831,8.41642,8.29641,8.38219,74238.94647926954,0
GLQ.US,D,20190424,000000,8.4208,8.47298,8.38746,8.45887,51983.2649613587,0
GLQ.US,D,20190425,000000,8.40839,8.46593,8.26781,8.43939,96703.8904893284,0
GLQ.US,D,20190426,000000,8.42876,8.5501,8.34976,8.45262,28719.3187085522,0
GLQ.US,D,20190429,000000,8.53491,8.57512,8.44555,8.54207,40613.709238211304,0
GLQ.US,D,20190430,000000,8.59479,8.59479,8.45262,8.51703,31621.0173296258,0
GLQ.US,D,20190501,000000,8.57512,8.70649,8.55189,8.62249,48745.851112236385,0
GLQ.US,D,20190502,000000,8.44555,8.66628,8.44555,8.57512,52833.74353907456,0
GLQ.US,D,20190503,000000,8.66538,8.68505,8.46593,8.68505,37699.7010587727,0
GLQ.US,D,20190506,000000,8.65108,8.80121,8.58317,8.80121,35732.409822426125,0
GLQ.US,D,20190507,000000,8.7333,8.7333,8.51703,8.54207,49428.47207592994,0
GLQ.US,D,20190508,000000,8.62695,8.65823,8.57512,8.62695,30343.061361532073,0
GLQ.US,D,20190509,000000,8.38746,8.62695,8.36209,8.53491,48933.851639942724,0
GLQ.US,D,20190510,000000,8.59479,8.6779,8.5081,8.6779,32488.28166874451,0
GLQ.US,D,20190513,000000,8.68505,8.68505,8.4022,8.47298,60339.21698741625,0
GLQ.US,D,20190514,000000,8.46593,8.54207,8.45887,8.54207,33029.90223665804,0
GLQ.US,D,20190515,000000,8.54207,8.54207,8.44555,8.50543,56872.39773246595,0
GLQ.US,D,20190516,000000,8.48443,8.62695,8.47298,8.51168,49943.23542560014,0
GLQ.US,D,20190517,000000,8.51168,8.63588,8.45262,8.49112,49739.568187252706,0
GLQ.US,D,20190520,000000,8.48443,8.58406,8.41552,8.47298,20753.91539778565,0
GLQ.US,D,20190521,000000,8.43403,8.59031,8.43403,8.51168,74656.3524128059,0
GLQ.US,D,20190522,000000,8.44465,8.54296,8.42786,8.44465,42405.309505215526,0
GLQ.US,D,20190523,000000,8.39445,8.43939,8.32965,8.37513,37773.55840894236,0
GLQ.US,D,20190524,000000,8.45887,8.50006,8.37513,8.38219,31211.44475141049,0
GLQ.US,D,20190528,000000,8.35423,8.49202,8.25306,8.27219,76271.142659706,0
GLQ.US,D,20190529,000000,8.18774,8.32965,8.03234,8.16102,76043.97535539439,0
GLQ.US,D,20190530,000000,8.1411,8.23233,8.1411,8.147,46271.629881540655,0
GLQ.US,D,20190531,000000,8.08238,8.11044,8.03992,8.07614,44193.55261993755,0
GLQ.US,D,20190603,000000,8.03992,8.39445,8.02663,8.39445,133913.44731516496,0
GLQ.US,D,20190604,000000,8.17997,8.20829,8.08238,8.11044,127559.4770990021,0
GLQ.US,D,20190605,000000,8.20231,8.26522,8.09679,8.26522,123566.70398678344,0
GLQ.US,D,20190606,000000,8.147,8.21777,8.04511,8.15467,127485.61974884059,0
GLQ.US,D,20190607,000000,8.13412,8.23842,8.13412,8.21178,49196.828568579454,0
GLQ.US,D,20190610,000000,8.28953,8.30945,8.27219,8.30347,45666.223420297945,0
GLQ.US,D,20190611,000000,8.28953,8.34806,8.23842,8.26522,55987.22858118367,0
GLQ.US,D,20190612,000000,8.29732,8.35423,8.19373,8.20829,41214.6394964121,0
GLQ.US,D,20190613,000000,8.32356,8.32356,8.20231,8.28953,49063.66152812253,0
GLQ.US,D,20190614,000000,8.34894,8.34894,8.23143,8.27219,33110.47389138904,0
GLQ.US,D,20190617,000000,8.22464,8.27391,8.20829,8.2444,43620.59863073879,0
GLQ.US,D,20190618,000000,8.34546,8.41722,8.27219,8.36817,83417.40081403889,0
GLQ.US,D,20190619,000000,8.35423,8.41722,8.30347,8.4022,44055.90937643872,0
GLQ.US,D,20190620,000000,8.45968,8.53134,8.4022,8.4022,56190.89581953212,0
GLQ.US,D,20190621,000000,8.4217,8.44646,8.32089,8.41722,34504.81113853888,0
GLQ.US,D,20190624,000000,8.44646,8.45262,8.27219,8.27219,51660.978342435716,0
GLQ.US,D,20190625,000000,8.27219,8.32356,8.2444,8.27219,53940.48474086479,0
GLQ.US,D,20190626,000000,8.3376,8.3376,8.2444,8.28433,27773.72081622193,0
GLQ.US,D,20190627,000000,8.36817,8.36817,8.23842,8.27219,33967.66677366522,0
GLQ.US,D,20190628,000000,8.35423,8.36119,8.27219,8.36119,28374.651074423742,0
GLQ.US,D,20190701,000000,8.45968,8.4871,8.38219,8.47388,74513.11391550646,0
GLQ.US,D,20190702,000000,8.54564,8.54564,8.38746,8.4871,67681.30902477652,0
GLQ.US,D,20190703,000000,8.44028,8.53134,8.42964,8.53134,37492.67666814511,0
GLQ.US,D,20190705,000000,8.53134,8.55279,8.4022,8.4358,61463.86300137006,0
GLQ.US,D,20190708,000000,8.41722,8.4871,8.31651,8.4217,67598.49926852406,0
GLQ.US,D,20190709,000000,8.4217,8.44028,8.28953,8.30945,138021.48265567498,0
GLQ.US,D,20190710,000000,8.39534,8.39534,8.18686,8.27219,114993.65611325168,0
GLQ.US,D,20190711,000000,8.28433,8.34546,8.2444,8.34546,93583.97697002294,0
GLQ.US,D,20190712,000000,8.33053,8.33053,8.22126,8.27219,82560.20793176169,0
GLQ.US,D,20190715,000000,8.2444,8.34894,8.2444,8.34546,75641.11708174144,0
GLQ.US,D,20190716,000000,8.30347,8.42964,8.27828,8.38746,74532.13777842975,0
GLQ.US,D,20190717,000000,8.31651,8.34806,8.20151,8.34546,150141.9214388758,0
GLQ.US,D,20190718,000000,8.32356,8.36119,8.23842,8.32356,87183.00662195103,0
GLQ.US,D,20190719,000000,8.38835,8.38835,8.28345,8.30945,32172.709354379822,0
GLQ.US,D,20190722,000000,8.34546,8.36906,8.32883,8.35681,29052.79583507639,0
GLQ.US,D,20190723,000000,8.30945,8.38746,8.27737,8.34894,94248.69312155494,0
GLQ.US,D,20190724,000000,8.3376,8.36906,8.30685,8.36906,36545.959725056135,0
GLQ.US,D,20190725,000000,8.40928,8.40928,8.24359,8.25136,69946.26776332624,0
GLQ.US,D,20190726,000000,8.24359,8.31651,8.24359,8.30945,88349.05751403159,0
GLQ.US,D,20190729,000000,8.30945,8.32356,8.24359,8.25745,117865.14036379875,0
GLQ.US,D,20190730,000000,8.24359,8.27737,8.09169,8.18595,109617.73626148643,0
GLQ.US,D,20190731,000000,8.18595,8.22376,8.11374,8.15807,122096.27128795873,0
GLQ.US,D,20190801,000000,8.14441,8.17738,8.02742,8.05442,105544.39149452759,0
GLQ.US,D,20190802,000000,8.04745,8.09588,7.75557,7.95005,118701.07128165154,0
GLQ.US,D,20190805,000000,7.74253,7.9142,7.63111,7.75557,179933.29077565993,0
GLQ.US,D,20190806,000000,7.91912,7.97925,7.81394,7.95666,214345.22070111704,0
GLQ.US,D,20190807,000000,7.84843,7.86989,7.67141,7.86989,134484.16320284328,0
GLQ.US,D,20190808,000000,7.8345,7.97596,7.7899,7.97596,114245.01115471768,0
GLQ.US,D,20190809,000000,7.97925,7.97925,7.81394,7.84843,65200.37348951945,0
GLQ.US,D,20190812,000000,7.85577,8.02136,7.84272,7.88275,151954.78367033595,0
GLQ.US,D,20190813,000000,7.88865,8.00518,7.8312,7.94165,92917.0227169715,0
GLQ.US,D,20190814,000000,7.8345,8.02313,7.77025,7.79554,60993.86168210574,0
GLQ.US,D,20190815,000000,7.82218,7.94165,7.67141,7.7833,248435.98305839364,0
GLQ.US,D,20190816,000000,7.82218,7.88865,7.7311,7.87604,38208.8691546423,0
GLQ.US,D,20190819,000000,7.88865,7.95836,7.86989,7.89437,89197.29799022598,0
GLQ.US,D,20190820,000000,7.80037,7.86908,7.78901,7.78901,104445.48364807061,0
GLQ.US,D,20190821,000000,7.88275,7.90009,7.81394,7.84031,89195.05988870554,0
GLQ.US,D,20190822,000000,7.84754,7.92672,7.78249,7.84754,134852.3309029217,0
GLQ.US,D,20190823,000000,7.84031,7.84031,7.685,7.69554,85706.97866930946,0
GLQ.US,D,20190826,000000,7.80824,7.82127,7.70752,7.76864,93079.28507719323,0
GLQ.US,D,20190827,000000,7.72941,7.76864,7.67525,7.71485,215152.0562991766,0
GLQ.US,D,20190828,000000,7.71485,7.84754,7.69554,7.82708,82204.34979003303,0
GLQ.US,D,20190829,000000,7.82708,7.92672,7.80037,7.86238,190639.249398032,0
GLQ.US,D,20190830,000000,7.79465,7.79465,7.65355,7.73405,357902.6474672473,0
GLQ.US,D,20190903,000000,7.69554,7.78249,7.64227,7.7613,541876.8305378243,0
GLQ.US,D,20190904,000000,7.7613,7.84754,7.7613,7.83378,50122.28354722469,0
GLQ.US,D,20190905,000000,7.85577,7.9992,7.85577,7.92672,152159.56995943497,0
GLQ.US,D,20190906,000000,7.9142,8.04343,7.9142,7.98587,212067.95240420234,0
GLQ.US,D,20190909,000000,7.97596,8.04343,7.92672,7.95754,66374.25773692003,0
GLQ.US,D,20190910,000000,8.01475,8.01475,7.86238,7.88865,88683.6536913165,0
GLQ.US,D,20190911,000000,7.96336,7.96916,7.89437,7.90687,109537.16460676662,0
GLQ.US,D,20190912,000000,7.90009,7.93412,7.89437,7.89437,69463.95688569997,0
GLQ.US,D,20190913,000000,7.94237,7.96336,7.9142,7.93412,116430.51728928494,0
GLQ.US,D,20190916,000000,7.92672,7.95084,7.88605,7.9142,120903.36317763486,0
GLQ.US,D,20190917,000000,7.93412,7.97596,7.88605,7.90687,134348.75806085678,0
GLQ.US,D,20190918,000000,7.95084,7.96336,7.87604,7.95084,94878.71869951952,0
GLQ.US,D,20190919,000000,7.96916,8.02313,7.90009,7.91912,75093.9012600263,0
GLQ.US,D,20190920,000000,7.95754,7.98006,7.832,7.88775,105711.1300577963,0
GLQ.US,D,20190923,000000,7.88186,7.92672,7.86167,7.86908,126456.09304950626,0
GLQ.US,D,20190924,000000,7.82708,7.89607,7.81574,7.83939,134580.40156820926,0
GLQ.US,D,20190925,000000,7.80671,7.90009,7.79884,7.82708,70085.03005758276,0
GLQ.US,D,20190926,000000,7.79313,7.85487,7.78159,7.82708,90903.85039945933,0
GLQ.US,D,20190927,000000,7.83939,7.86649,7.72672,7.78159,80307.55875157595,0
GLQ.US,D,20190930,000000,7.75159,7.832,7.71877,7.732,150022.18300755578,0
GLQ.US,D,20191001,000000,7.70591,7.77516,7.57804,7.62458,142723.7339498376,0
GLQ.US,D,20191002,000000,7.60475,7.62458,7.46373,7.54399,117812.54497808199,0
GLQ.US,D,20191003,000000,7.57804,7.58758,7.43103,7.57167,89978.39542081206,0
GLQ.US,D,20191004,000000,7.60475,7.64541,7.56454,7.62458,129968.79338561403,0
GLQ.US,D,20191007,000000,7.59902,7.63987,7.5858,7.60949,54327.67630387665,0
GLQ.US,D,20191008,000000,7.59304,7.59902,7.51191,7.57167,71045.1756097934,0
GLQ.US,D,20191009,000000,7.67847,7.68328,7.60475,7.64541,79261.24629083269,0
GLQ.US,D,20191010,000000,7.66641,7.66641,7.59304,7.61744,62206.912706109564,0
GLQ.US,D,20191011,000000,7.69295,7.72672,7.6479,7.65818,81838.42019146388,0
GLQ.US,D,20191014,000000,7.65818,7.67758,7.63272,7.66641,64026.48924211886,0
GLQ.US,D,20191015,000000,7.68579,7.77516,7.68579,7.71333,57353.589559329455,0
GLQ.US,D,20191016,000000,7.72672,7.74576,7.67847,7.74576,93924.16840110949,0
GLQ.US,D,20191017,000000,7.85487,7.85487,7.74576,7.78159,76266.66645666613,0
GLQ.US,D,20191018,000000,7.72599,7.78159,7.64459,7.77516,48654.08894990519,0
GLQ.US,D,20191021,000000,7.72599,7.82047,7.72599,7.78159,45678.532978660915,0
GLQ.US,D,20191022,000000,7.81225,7.82047,7.75159,7.76712,27459.267552617974,0
GLQ.US,D,20191023,000000,7.78748,7.81225,7.75159,7.79313,63246.510862292496,0
GLQ.US,D,20191024,000000,7.80671,7.82047,7.7589,7.7589,37249.84265319138,0
GLQ.US,D,20191025,000000,7.80671,7.86238,7.79313,7.86238,58680.78376086997,0
GLQ.US,D,20191028,000000,7.86238,8.09088,7.83289,7.89437,90846.77881069048,0
GLQ.US,D,20191029,000000,7.91591,7.96675,7.89437,7.92842,51459.54920560772,0
GLQ.US,D,20191030,000000,7.95836,7.98167,7.90768,7.98167,45970.605227060405,0
GLQ.US,D,20191031,000000,7.9209,8.00267,7.88275,7.98846,97617.03590961169,0
GLQ.US,D,20191101,000000,7.99508,8.07031,7.97757,8.05754,62120.74579757999,0
GLQ.US,D,20191104,000000,8.09088,8.12743,8.02485,8.10706,105160.55708380301,0
GLQ.US,D,20191105,000000,8.09088,8.12063,8.05754,8.12063,123444.72745393383,0
GLQ.US,D,20191106,000000,8.1453,8.1453,8.08481,8.12743,67823.42847131421,0
GLQ.US,D,20191107,000000,8.17997,8.21429,8.13591,8.17997,155185.48321489387,0
GLQ.US,D,20191108,000000,8.12063,8.17997,7.98846,8.1453,80959.96534474398,0
GLQ.US,D,20191111,000000,8.11374,8.1453,8.0779,8.0779,55690.68012974228,0
GLQ.US,D,20191112,000000,8.05754,8.10616,8.04914,8.05273,91634.59054583688,0
GLQ.US,D,20191113,000000,8.0779,8.10706,8.04665,8.10706,35468.31384303069,0
GLQ.US,D,20191114,000000,8.03234,8.11374,7.92842,8.10706,72576.03704968336,0
GLQ.US,D,20191115,000000,8.09088,8.1453,8.08481,8.13252,67257.18878667882,0
GLQ.US,D,20191118,000000,8.13252,8.17997,8.09088,8.17997,71615.89149747172,0
GLQ.US,D,20191119,000000,8.17309,8.18774,8.11982,8.18774,47460.06178882262,0
GLQ.US,D,20191120,000000,8.17997,8.21178,8.11285,8.17997,66631.6394117531,0
GLQ.US,D,20191121,000000,8.1529,8.2032,8.09855,8.1529,104147.81614585425,0
GLQ.US,D,20191122,000000,8.0779,8.1453,8.06371,8.12992,76706.45340540494,0
GLQ.US,D,20191125,000000,8.1453,8.17309,8.10616,8.13932,91552.89984034719,0
GLQ.US,D,20191126,000000,8.15977,8.17997,8.12652,8.17997,62202.436503070705,0
GLQ.US,D,20191127,000000,8.19454,8.21429,8.13932,8.21429,80733.9170911941,0
GLQ.US,D,20191129,000000,8.19454,8.20919,8.15977,8.20919,37902.24924636143,0
GLQ.US,D,20191202,000000,8.19454,8.21429,8.12652,8.13252,81733.22942001,0
GLQ.US,D,20191203,000000,8.06371,8.09007,8.04511,8.08399,90382.37274522676,0
GLQ.US,D,20191204,000000,8.12652,8.17997,8.09855,8.1663,65831.51811824476,0
GLQ.US,D,20191205,000000,8.1663,8.1663,8.07031,8.1529,85941.97932894314,0
GLQ.US,D,20191206,000000,8.1453,8.2032,8.13252,8.2032,52020.193636442506,0
GLQ.US,D,20191209,000000,8.19454,8.20919,8.15467,8.17309,47652.538519569855,0
GLQ.US,D,20191210,000000,8.17309,8.18774,8.11982,8.1453,130430.96134955934,0
GLQ.US,D,20191211,000000,8.17997,8.24958,8.17309,8.2418,106124.0597882938,0
GLQ.US,D,20191212,000000,8.24958,8.27737,8.21349,8.25575,51680.002205357996,0
GLQ.US,D,20191213,000000,8.22804,8.31035,8.22804,8.28863,83233.87648937343,0
GLQ.US,D,20191216,000000,8.3174,8.37085,8.29641,8.33931,59164.21368925697,0
GLQ.US,D,20191217,000000,8.28345,8.32527,8.26174,8.32527,40841.995593280604,0
GLQ.US,D,20191218,000000,8.35067,8.36378,8.29641,8.32527,77103.71642525932,0
GLQ.US,D,20191219,000000,8.33931,8.33931,8.26261,8.33144,74827.56717910939,0
GLQ.US,D,20191220,000000,8.37085,8.4199,8.37085,8.4199,38493.10804772175,0
GLQ.US,D,20191223,000000,8.45439,8.45439,8.37961,8.39264,54647.72482128223,0
GLQ.US,D,20191224,000000,8.44028,8.44028,8.34716,8.38568,64731.49122101383,0
GLQ.US,D,20191226,000000,8.4199,8.43142,8.37085,8.38568,79855.46224447417,0
GLQ.US,D,20191227,000000,8.40043,8.46145,8.38568,8.43403,58105.59167015176,0
GLQ.US,D,20191230,000000,8.42786,8.42786,8.32438,8.37085,57331.208544128036,0
GLQ.US,D,20191231,000000,8.33053,8.38219,8.32438,8.3384,64977.68238824771,0
GLQ.US,D,20200102,000000,8.34635,8.48093,8.31651,8.44028,181561.5096316756,0
GLQ.US,D,20200103,000000,8.40043,8.46145,8.3384,8.44646,127957.8591696233,0
GLQ.US,D,20200106,000000,8.34635,8.43403,8.3384,8.42786,126034.2109129107,0
GLQ.US,D,20200107,000000,8.4199,8.43403,8.37961,8.43403,103983.31568411515,0
GLQ.US,D,20200108,000000,8.39264,8.49737,8.39264,8.48093,109290.97343952763,0
GLQ.US,D,20200109,000000,8.46852,8.53939,8.46852,8.52418,87519.84090075742,0
GLQ.US,D,20200110,000000,8.52418,8.58675,8.52418,8.55189,95863.48336845405,0
GLQ.US,D,20200113,000000,8.55189,8.60104,8.51703,8.59389,72404.82228337986,0
GLQ.US,D,20200114,000000,8.64036,8.69041,8.55724,8.68416,220938.6677799301,0
GLQ.US,D,20200115,000000,8.68416,8.74312,8.66895,8.73598,95723.60202343477,0
GLQ.US,D,20200116,000000,8.7601,8.84053,8.74312,8.84053,73004.63349082095,0
GLQ.US,D,20200117,000000,8.87806,8.88699,8.83339,8.85572,63802.67909008843,0
GLQ.US,D,20200121,000000,8.77172,8.84858,8.77172,8.83339,74318.39908324082,0
GLQ.US,D,20200122,000000,8.86286,8.91471,8.85572,8.89235,151436.66316838458,0
GLQ.US,D,20200123,000000,8.87806,8.87806,8.81908,8.86286,46880.39349506454,0
GLQ.US,D,20200124,000000,8.86286,8.89861,8.80032,8.82623,70750.86525987447,0
GLQ.US,D,20200127,000000,8.74223,8.74223,8.62429,8.68236,107616.87350233314,0
GLQ.US,D,20200128,000000,8.7029,8.77976,8.69666,8.77976,51671.04979927519,0
GLQ.US,D,20200129,000000,8.77976,8.79407,8.74223,8.76635,57341.28000096751,0
GLQ.US,D,20200130,000000,8.74223,8.77172,8.68951,8.77172,102092.11989946477,0
GLQ.US,D,20200131,000000,8.70917,8.70917,8.57691,8.61178,110392.1193875142,0
GLQ.US,D,20200203,000000,8.59926,8.80032,8.59926,8.72794,133935.82833035925,0
GLQ.US,D,20200204,000000,8.80747,8.90844,8.79407,8.87091,112611.19704488308,0
GLQ.US,D,20200205,000000,8.90309,8.90309,8.85572,8.88699,126789.57017602334,0
GLQ.US,D,20200206,000000,8.90309,8.90309,8.86376,8.90309,83023.49494646466,0
GLQ.US,D,20200207,000000,8.80032,8.88522,8.80032,8.87806,102480.43051323839,0
GLQ.US,D,20200210,000000,8.87091,8.93079,8.86286,8.93079,101708.28548873002,0
GLQ.US,D,20200211,000000,8.96206,8.99066,8.92275,8.93971,103907.22023243419,0
GLQ.US,D,20200212,000000,8.92275,8.9996,8.92275,8.9996,64242.46603882824,0
GLQ.US,D,20200213,000000,8.93079,8.9996,8.92275,8.97636,165315.1306957992,0
GLQ.US,D,20200214,000000,8.93971,8.95491,8.86286,8.95491,102492.74007159525,0
GLQ.US,D,20200218,000000,8.87091,8.94687,8.87091,8.93079,98257.13294441979,0
GLQ.US,D,20200219,000000,8.95491,9.0523,8.94687,8.97636,167417.82707410687,0
GLQ.US,D,20200220,000000,8.9844,9.01478,8.93971,8.9996,73862.94542385888,0
GLQ.US,D,20200221,000000,8.9844,9.02283,8.90844,8.9844,50142.42646090769,0
GLQ.US,D,20200224,000000,8.72168,8.77886,8.62429,8.67431,155871.4613308635,0
GLQ.US,D,20200225,000000,8.74223,8.78155,8.34188,8.404,105311.62893642554,0
GLQ.US,D,20200226,000000,8.42348,8.60373,8.41015,8.60373,228169.97379203487,0
GLQ.US,D,20200227,000000,8.43142,8.45262,8.14441,8.22804,131546.65495744254,0
GLQ.US,D,20200228,000000,7.92842,7.98248,7.48965,7.85996,432033.0460227839,0
GLQ.US,D,20200302,000000,8.26352,8.35942,7.86818,8.32796,143663.73658836423,0
GLQ.US,D,20200303,000000,8.37433,8.404,8.23583,8.29732,134471.85364447624,0
GLQ.US,D,20200304,000000,8.38219,8.52151,8.38219,8.50721,93388.14308699759,0
GLQ.US,D,20200305,000000,8.36637,8.44555,8.29732,8.37433,53781.57953292324,0
GLQ.US,D,20200306,000000,8.11044,8.30508,8.08918,8.30508,34353.73928591838,0
GLQ.US,D,20200309,000000,7.51119,7.85343,7.26723,7.76211,127839.23978905285,0
GLQ.US,D,20200310,000000,7.8312,8.0117,7.7395,7.89347,117100.82869462874,0
GLQ.US,D,20200311,000000,7.8312,7.8312,7.38518,7.42737,100110.28100323274,0
GLQ.US,D,20200312,000000,6.96751,7.04874,6.27764,6.42411,126640.73642492025,0
GLQ.US,D,20200313,000000,6.63303,6.8441,6.36478,6.76555,120188.28974187197,0
GLQ.US,D,20200316,000000,6.08963,6.41831,4.8633,6.04047,100555.66320577216,0
GLQ.US,D,20200317,000000,6.04047,6.2705,5.71609,6.16603,191639.6807776239,0
GLQ.US,D,20200318,000000,5.49046,5.91537,4.0898,5.00968,366705.1007466122,0
GLQ.US,D,20200319,000000,4.88244,5.29297,4.6988,5.25766,178091.33322443702,0
GLQ.US,D,20200320,000000,5.27143,5.69625,5.27143,5.33514,416147.0014316678,0
GLQ.US,D,20200323,000000,5.42022,5.56713,5.01016,5.20788,116305.18360416635,0
GLQ.US,D,20200324,000000,5.66774,5.94379,5.47331,5.94379,276887.84863527026,0
GLQ.US,D,20200325,000000,6.07122,6.41793,5.7882,6.26254,89609.10866996173,0
GLQ.US,D,20200326,000000,6.36835,6.56672,6.241,6.41107,61846.57836134103,0
GLQ.US,D,20200327,000000,6.3401,6.36835,5.76703,6.241,120750.05322347257,0
GLQ.US,D,20200330,000000,6.29051,6.38953,6.17748,6.36835,112605.60179108451,0
GLQ.US,D,20200331,000000,6.36835,6.48872,6.19847,6.26254,94191.62153278608,0
GLQ.US,D,20200401,000000,6.51008,6.51008,5.95111,6.01464,170473.95470008824,0
GLQ.US,D,20200402,000000,5.94379,6.12778,5.6749,6.0925,131111.3442117304,0
GLQ.US,D,20200403,000000,5.98632,6.08543,5.71753,5.8378,66279.1384223046,0
GLQ.US,D,20200406,000000,5.94379,6.22001,5.89427,6.20553,78396.22005323545,0
GLQ.US,D,20200407,000000,6.33279,6.44636,6.31187,6.33279,39941.159731358246,0
GLQ.US,D,20200408,000000,6.33279,6.59139,6.29775,6.51712,70399.48332118671,0
GLQ.US,D,20200409,000000,6.65135,6.79291,6.60194,6.67279,75936.54648242008,0
GLQ.US,D,20200413,000000,6.60908,6.65135,6.44628,6.55958,107337.11081229255,0
GLQ.US,D,20200414,000000,6.81435,6.87779,6.65672,6.68682,88559.43905693933,0
GLQ.US,D,20200415,000000,6.63732,6.80729,6.53741,6.80729,108944.06770386349,0
GLQ.US,D,20200416,000000,6.78602,6.87851,6.7718,6.84286,67944.2859534112,0
GLQ.US,D,20200417,000000,6.97913,7.05687,6.65672,6.9718,94323.66952248431,0
GLQ.US,D,20200420,000000,6.89317,7.05749,6.83213,6.96447,71194.00936089548,0
GLQ.US,D,20200421,000000,6.80005,6.87851,6.69979,6.83569,44781.054269016684,0
GLQ.US,D,20200422,000000,6.87851,6.93571,6.85715,6.89317,26532.693523213027,0
GLQ.US,D,20200423,000000,6.9718,7.01443,6.89317,6.92847,31813.494060371002,0
GLQ.US,D,20200424,000000,6.95027,6.98513,6.87154,6.9718,59091.47538984601,0
GLQ.US,D,20200427,000000,6.95715,7.04365,6.91453,7.00755,72620.79908008824,0
GLQ.US,D,20200428,000000,7.07914,7.07914,6.8517,6.90737,125272.13734526011,0
GLQ.US,D,20200429,000000,7.00755,7.01443,6.92194,7.00755,107548.6114059702,0
GLQ.US,D,20200430,000000,6.97913,7.03631,6.87851,6.93571,62855.96214699844,0
GLQ.US,D,20200501,000000,6.72097,6.82856,6.72097,6.77127,105475.01034739477,0
GLQ.US,D,20200504,000000,6.76422,6.76422,6.64975,6.72097,63903.393658503446,0
GLQ.US,D,20200505,000000,6.72097,6.83569,6.72097,6.77852,56130.46707848311,0
GLQ.US,D,20200506,000000,6.77852,6.86439,6.75696,6.78575,67743.97586734495,0
GLQ.US,D,20200507,000000,6.85715,6.90023,6.84286,6.89317,87021.86331249005,0
GLQ.US,D,20200508,000000,6.96447,6.98655,6.85,6.98655,80357.91603578243,0
GLQ.US,D,20200511,000000,6.99306,7.15794,6.92552,7.1441,92179.56826603161,0
GLQ.US,D,20200512,000000,7.15018,7.20084,7.07914,7.09289,86813.71987110071,0
GLQ.US,D,20200513,000000,7.05749,7.10754,6.85,6.89317,60119.88303842671,0
GLQ.US,D,20200514,000000,6.77852,6.8963,6.70319,6.80729,185934.76000236007,0
GLQ.US,D,20200515,000000,6.71399,6.87851,6.71399,6.85715,79252.29388475193,0
GLQ.US,D,20200518,000000,7.00916,7.12542,6.99476,7.12542,90418.1823695529,0
GLQ.US,D,20200519,000000,7.09593,7.1685,7.06805,7.08843,51906.050458906844,0
GLQ.US,D,20200520,000000,7.15409,7.29164,7.15409,7.25543,328077.70660767175,0
GLQ.US,D,20200521,000000,7.27786,7.31405,7.18279,7.30575,112373.95828375233,0
GLQ.US,D,20200522,000000,7.37133,7.37133,7.22067,7.27786,52063.83661609071,0
GLQ.US,D,20200526,000000,7.37133,7.4733,7.31405,7.33569,70330.10217405591,0
GLQ.US,D,20200527,000000,7.43031,7.43729,7.22067,7.33569,106383.67956464937,0
GLQ.US,D,20200528,000000,7.34283,7.40762,7.31405,7.35033,59649.88171916239,0
GLQ.US,D,20200529,000000,7.27786,7.35729,7.24132,7.35729,48895.80391410022,0
GLQ.US,D,20200601,000000,7.32773,7.40762,7.2481,7.40762,57514.73286879247,0
GLQ.US,D,20200602,000000,7.40762,7.43031,7.36455,7.42245,151911.1406906969,0
GLQ.US,D,20200603,000000,7.48097,7.57321,7.45069,7.56686,72769.63283118828,0
GLQ.US,D,20200604,000000,7.50252,7.56061,7.49458,7.55275,49996.949862087815,0
GLQ.US,D,20200605,000000,7.62458,7.72599,7.62458,7.71789,114600.86929643922,0
GLQ.US,D,20200608,000000,7.84192,7.87222,7.76293,7.87222,59014.26088739517,0
GLQ.US,D,20200609,000000,7.83378,7.94494,7.81073,7.91001,60517.14605828109,0
GLQ.US,D,20200610,000000,8.03154,8.03154,7.84192,7.84192,56086.82409883897,0
GLQ.US,D,20200611,000000,7.61744,7.68025,7.37133,7.37133,84510.71340670643,0
GLQ.US,D,20200612,000000,7.42245,7.56061,7.35729,7.49458,214738.00751791938,0
GLQ.US,D,20200615,000000,7.42245,7.62458,7.33158,7.58912,55434.4175056679,0
GLQ.US,D,20200616,000000,7.77847,7.85747,7.68258,7.74756,38443.86981427395,0
GLQ.US,D,20200617,000000,7.82708,7.95925,7.76293,7.77847,54505.60537474149,0
GLQ.US,D,20200618,000000,7.74756,7.85263,7.72599,7.73263,59722.62001857233,0
GLQ.US,D,20200619,000000,7.84272,7.84272,7.74031,7.74756,93643.28666031122,0
GLQ.US,D,20200622,000000,7.74031,7.81225,7.69866,7.81225,55711.942094186015,0
GLQ.US,D,20200623,000000,7.82047,7.93082,7.82047,7.91591,46268.27272925948,0
GLQ.US,D,20200624,000000,7.84272,7.95326,7.69063,7.72226,40177.27944175063,0
GLQ.US,D,20200625,000000,7.66793,7.7547,7.59537,7.74031,45744.5569735085,0
GLQ.US,D,20200626,000000,7.65979,7.71789,7.64541,7.66793,64937.39656088272,0
GLQ.US,D,20200629,000000,7.58758,7.70358,7.54317,7.69705,71620.36770051159,0
GLQ.US,D,20200630,000000,7.66793,7.79223,7.66793,7.79223,45881.08116624659,0
GLQ.US,D,20200701,000000,7.85916,7.89347,7.77114,7.89347,134789.66406035732,0
GLQ.US,D,20200702,000000,7.93082,7.97596,7.90009,7.93904,77382.36006453613,0
GLQ.US,D,20200706,000000,7.94745,8.06192,7.94745,8.01964,63926.89372446355,0
GLQ.US,D,20200707,000000,8.05529,8.12143,7.99167,8.06951,41090.42486203493,0
GLQ.US,D,20200708,000000,8.15047,8.25397,8.15047,8.23072,63615.797613141796,0
GLQ.US,D,20200709,000000,8.36209,8.36209,8.18507,8.27477,53861.03213689452,0
GLQ.US,D,20200710,000000,8.29732,8.41464,8.27477,8.41464,57305.47037664341,0
GLQ.US,D,20200713,000000,8.39095,8.45619,8.21607,8.23842,82798.56574367451,0
GLQ.US,D,20200714,000000,8.18686,8.31831,8.17219,8.31831,38815.39466664574,0
GLQ.US,D,20200715,000000,8.34806,8.40668,8.31125,8.34278,42239.68999271162,0
GLQ.US,D,20200716,000000,8.37782,8.37782,8.30428,8.37782,42377.33323621147,0
GLQ.US,D,20200717,000000,8.35423,8.36209,8.27477,8.34806,53261.22092945344,0
GLQ.US,D,20200720,000000,8.43759,8.43759,8.34278,8.41552,40604.75683212951,0
GLQ.US,D,20200721,000000,8.45797,8.53849,8.44287,8.53849,91067.23181044076,0
GLQ.US,D,20200722,000000,8.56172,8.56529,8.50452,8.54743,30782.848310272904,0
GLQ.US,D,20200723,000000,8.58584,8.58584,8.43403,8.45797,28273.936506008726,0
GLQ.US,D,20200724,000000,8.45083,8.52597,8.34278,8.40043,47507.06192074895,0
GLQ.US,D,20200727,000000,8.41552,8.41552,8.16282,8.31831,84490.57049302547,0
GLQ.US,D,20200728,000000,8.30428,8.30428,8.20919,8.24529,84476.0228331441,0
GLQ.US,D,20200729,000000,8.29732,8.45083,8.26003,8.45083,59905.025292478065,0
GLQ.US,D,20200730,000000,8.38479,8.47388,8.32705,8.41552,27133.62378141484,0
GLQ.US,D,20200731,000000,8.53223,8.58584,8.44287,8.47388,97014.98660065219,0
GLQ.US,D,20200803,000000,8.50452,8.61445,8.42348,8.593,127704.95369782604,0
GLQ.US,D,20200804,000000,8.57066,8.79317,8.56172,8.68951,114347.96382464196,0
GLQ.US,D,20200805,000000,8.78602,8.78602,8.71095,8.75475,63328.20156778422,0
GLQ.US,D,20200806,000000,8.75475,8.83515,8.73954,8.78602,28059.07876006109,0
GLQ.US,D,20200807,000000,8.81283,8.81283,8.66628,8.72346,108763.9005314782,0
GLQ.US,D,20200810,000000,8.70381,8.75475,8.68146,8.75475,43193.12124036092,0
GLQ.US,D,20200811,000000,8.73954,8.79407,8.57691,8.71722,58304.782705459314,0
GLQ.US,D,20200812,000000,8.71722,8.76278,8.66895,8.72346,52925.50570140881,0
GLQ.US,D,20200813,000000,8.65019,8.72346,8.57244,8.67341,33808.761565724686,0
GLQ.US,D,20200814,000000,8.71722,8.71722,8.60641,8.65019,79209.76995586445,0
GLQ.US,D,20200817,000000,8.69666,8.71095,8.64305,8.68951,52608.814336284406,0
GLQ.US,D,20200818,000000,8.65019,8.76278,8.65019,8.73062,53676.38876146733,0
GLQ.US,D,20200819,000000,8.69666,8.76904,8.68951,8.73954,90208.91987740384,0
GLQ.US,D,20200820,000000,8.69666,8.76368,8.6913,8.74669,41788.712536371604,0
GLQ.US,D,20200821,000000,8.71095,8.73062,8.65733,8.71722,85967.71749642676,0
GLQ.US,D,20200824,000000,8.81998,8.81998,8.71095,8.74669,54619.74855227715,0
GLQ.US,D,20200825,000000,8.77799,8.77799,8.71722,8.71722,29503.773291417423,0
GLQ.US,D,20200826,000000,8.76368,8.80032,8.70381,8.80032,84642.7613964057,0
GLQ.US,D,20200827,000000,8.82801,8.93347,8.80032,8.81283,73879.73118525969,0
GLQ.US,D,20200828,000000,8.80032,8.85661,8.76994,8.85661,25572.547971001375,0
GLQ.US,D,20200831,000000,8.81283,8.91291,8.81283,8.89772,48124.777940353604,0
GLQ.US,D,20200901,000000,8.86734,9.02372,8.85304,9.00585,50882.11901336907,0
GLQ.US,D,20200902,000000,9.05409,9.06215,8.84412,9.03892,36719.41259288008,0
GLQ.US,D,20200903,000000,9.05409,9.05409,8.68146,8.73954,70909.77046781602,0
GLQ.US,D,20200904,000000,8.73954,8.77799,8.4358,8.64928,43260.264285970254,0
GLQ.US,D,20200908,000000,8.42786,8.5376,8.31384,8.3384,130737.58125784324,0
GLQ.US,D,20200909,000000,8.52508,8.53134,8.36637,8.52508,54756.27274501627,0
GLQ.US,D,20200910,000000,8.55369,8.56888,8.39711,8.39711,38603.89407297623,0
GLQ.US,D,20200911,000000,8.4862,8.4862,8.38219,8.42786,61276.98152442445,0
GLQ.US,D,20200914,000000,8.42786,8.64214,8.42786,8.61354,170290.430375434,0
GLQ.US,D,20200915,000000,8.73954,8.7869,8.66628,8.71722,58398.78296931096,0
GLQ.US,D,20200916,000000,8.65733,8.87626,8.65733,8.75563,113553.43778494946,0
GLQ.US,D,20200917,000000,8.71095,8.71095,8.5912,8.67253,54841.32060278816,0
GLQ.US,D,20200918,000000,8.71095,8.71095,8.56708,8.59926,76690.78669476384,0
GLQ.US,D,20200921,000000,8.41722,8.4535,8.26522,8.41722,138752.22280206368,0
GLQ.US,D,20200922,000000,8.29732,8.43939,8.29732,8.43939,48527.63621400859,0
GLQ.US,D,20200923,000000,8.5224,8.5224,8.28166,8.31125,56095.77650491771,0
GLQ.US,D,20200924,000000,8.1385,8.25834,8.00177,8.21429,89996.30023297564,0
GLQ.US,D,20200925,000000,8.1679,8.21429,8.12313,8.21429,124591.75448308904,0
GLQ.US,D,20200928,000000,8.31831,8.4022,8.19881,8.37174,90926.23141466278,0
GLQ.US,D,20200929,000000,8.39354,8.41812,8.34278,8.40928,53677.50781222806,0
GLQ.US,D,20200930,000000,8.42437,8.53134,8.4022,8.43939,85256.00121296944,0
GLQ.US,D,20201001,000000,8.53134,8.58228,8.44555,8.58228,77095.88306993725,0
GLQ.US,D,20201002,000000,8.4694,8.58228,8.4022,8.56708,72822.22821691624,0
GLQ.US,D,20201005,000000,8.56708,8.68951,8.56708,8.68951,53492.86443680392,0
GLQ.US,D,20201006,000000,8.69666,8.80121,8.65377,8.66538,68086.40539995195,0
GLQ.US,D,20201007,000000,8.78782,8.81373,8.76101,8.79407,75199.09203148118,0
GLQ.US,D,20201008,000000,8.86912,8.93615,8.82087,8.93615,49987.99745600806,0
GLQ.US,D,20201009,000000,8.97547,9.04253,8.96027,8.9844,49121.85216764906,0
GLQ.US,D,20201012,000000,9.14794,9.14794,9.04253,9.05681,63367.36834438849,0
GLQ.US,D,20201013,000000,9.09342,9.13185,9.04253,9.10861,58900.117709860526,0
GLQ.US,D,20201014,000000,9.08448,9.18365,9.01835,9.16314,97705.44091966476,0
GLQ.US,D,20201015,000000,8.9844,9.14794,8.9844,9.11576,46690.15486583878,0
GLQ.US,D,20201016,000000,9.18365,9.18365,9.08005,9.09342,63041.724573185355,0
GLQ.US,D,20201019,000000,9.08448,9.13991,8.94239,8.95848,73292.22953618158,0
GLQ.US,D,20201020,000000,8.95848,8.99513,8.89772,8.94597,60762.21817475323,0
GLQ.US,D,20201021,000000,8.90934,8.95848,8.82265,8.84321,56611.65890534865,0
GLQ.US,D,20201022,000000,8.79227,8.82087,8.70737,8.77529,64093.63228772819,0
GLQ.US,D,20201023,000000,8.76101,8.82265,8.70024,8.72078,35702.195451901614,0
GLQ.US,D,20201026,000000,8.6082,8.66093,8.44646,8.50363,67630.95174056901,0
GLQ.US,D,20201027,000000,8.47119,8.57691,8.46325,8.51703,60629.051134295296,0
GLQ.US,D,20201028,000000,8.45529,8.45529,8.26871,8.32796,121401.34076588086,0
GLQ.US,D,20201029,000000,8.31125,8.38746,8.31125,8.33491,55875.32350516845,0
GLQ.US,D,20201030,000000,8.28166,8.32796,8.16049,8.18935,51364.42989099534,0
GLQ.US,D,20201102,000000,8.22804,8.27309,8.05352,8.13681,86634.67174947717,0
GLQ.US,D,20201103,000000,8.24359,8.44733,8.24359,8.28525,76275.61886274691,0
GLQ.US,D,20201104,000000,8.404,8.57691,8.35592,8.46325,98975.56353243745,0
GLQ.US,D,20201105,000000,8.71452,8.89146,8.6341,8.85929,242343.87072012608,0
GLQ.US,D,20201106,000000,8.88343,8.92631,8.74312,8.89146,142033.27963082914,0
GLQ.US,D,20201109,000000,8.96563,9.1721,8.95848,8.96563,86467.93318621456,0
GLQ.US,D,20201110,000000,8.89772,8.90934,8.78423,8.89235,67630.95174056901,0
GLQ.US,D,20201111,000000,8.90934,8.9835,8.88343,8.91737,63641.53578062643,0
GLQ.US,D,20201112,000000,8.95848,8.9835,8.85929,8.9835,55394.13167830292,0
GLQ.US,D,20201113,000000,9.05681,9.1721,8.97457,9.15598,52077.265225211355,0
GLQ.US,D,20201116,000000,9.1917,9.29005,9.16405,9.29005,67820.07131903608,0
GLQ.US,D,20201117,000000,9.26322,9.34624,9.18456,9.34624,62089.41237629475,0
GLQ.US,D,20201118,000000,9.34624,9.43753,9.32398,9.36869,118992.02447927912,0
GLQ.US,D,20201119,000000,9.31331,9.40532,9.27484,9.40532,29616.797418192356,0
GLQ.US,D,20201120,000000,9.44644,9.44644,9.33744,9.37408,29341.510931195717,0
GLQ.US,D,20201123,000000,9.47227,9.53041,9.40532,9.48127,128547.5989202168,0
GLQ.US,D,20201124,000000,9.57326,9.6144,9.55183,9.58221,75568.37878233047,0
GLQ.US,D,20201125,000000,9.58221,9.65458,9.57326,9.63144,57062.636361690704,0
GLQ.US,D,20201127,000000,9.66534,9.68143,9.62248,9.67248,37878.74918039725,0
GLQ.US,D,20201130,000000,9.62248,9.76001,9.6144,9.70636,108629.61444027173,0
GLQ.US,D,20201201,000000,9.74316,9.95761,9.74316,9.94236,143655.9032330564,0
GLQ.US,D,20201202,000000,9.84225,9.95761,9.80562,9.94856,125854.04374054575,0
GLQ.US,D,20201203,000000,9.95761,10.1193,9.92987,10.0728,137511.19550904157,0
GLQ.US,D,20201204,000000,10.0738,10.2649,10.0738,10.2122,88852.63035609956,0
GLQ.US,D,20201207,000000,10.165,10.3783,10.165,10.3409,147282.74674669578,0
GLQ.US,D,20201208,000000,10.3642,10.517,10.3481,10.3783,89973.91921777117,0
GLQ.US,D,20201209,000000,10.4874,10.5876,10.4517,10.4706,122495.77240931932,0
GLQ.US,D,20201210,000000,10.4706,12.1513,10.4178,10.4562,106513.48945282714,0
GLQ.US,D,20201211,000000,10.4562,10.4948,10.2863,10.3642,80767.48861399876,0
GLQ.US,D,20201214,000000,10.4025,10.609,10.3783,10.4178,85062.40543146351,0
GLQ.US,D,20201215,000000,10.5026,10.517,10.3783,10.517,63757.917059682535,0
GLQ.US,D,20201216,000000,10.4795,10.5331,10.448,10.508,70157.76835699474,0
GLQ.US,D,20201217,000000,10.517,10.609,10.517,10.5716,79873.36705663572,0
GLQ.US,D,20201218,000000,10.5876,10.6171,10.5162,10.5787,23821.233531363156,0
GLQ.US,D,20201221,000000,10.4696,10.5947,10.424,10.5947,77475.2412776311,0
GLQ.US,D,20201222,000000,10.6859,10.7261,10.5947,10.7261,66319.42424967163,0
GLQ.US,D,20201223,000000,10.8109,10.8109,10.6859,10.6947,54190.03306037986,0
GLQ.US,D,20201224,000000,10.6171,10.7431,10.6171,10.7181,77450.62216090721,0
GLQ.US,D,20201228,000000,10.7484,10.7869,10.6332,10.6804,81265.4662022651,0
GLQ.US,D,20201229,000000,10.7565,10.7716,10.4948,10.4948,83422.9960678395,0
GLQ.US,D,20201230,000000,10.4643,10.5635,10.4643,10.5242,65107.49227642548,0
GLQ.US,D,20201231,000000,10.5716,10.6411,10.5571,10.6019,80267.27292420891,0
GLQ.US,D,20210104,000000,10.6019,10.7028,10.3856,10.5019,99382.89800913332,0
GLQ.US,D,20210105,000000,10.4643,10.6332,10.4472,10.5921,68470.23981068365,0
GLQ.US,D,20210106,000000,10.5162,10.9272,10.4472,10.8109,120005.88446798758,0
GLQ.US,D,20210107,000000,10.8494,10.9897,10.8271,10.9728,86323.57563815542,0
GLQ.US,D,20210108,000000,11.1345,11.3525,11.0112,11.1818,145279.64588601288,0
GLQ.US,D,20210111,000000,11.1273,11.3409,10.9979,11.2783,117615.59204429081,0
GLQ.US,D,20210112,000000,11.3373,11.3963,11.2113,11.2713,104373.86439941837,0
GLQ.US,D,20210113,000000,11.2666,11.5376,11.2443,11.4222,150009.8734491786,0
GLQ.US,D,20210114,000000,11.4535,11.591,11.3838,11.591,113789.55749534084,0
GLQ.US,D,20210115,000000,11.5687,11.5758,11.3838,11.5214,117186.99560316745,0
GLQ.US,D,20210119,000000,11.626,11.626,11.4704,11.525,64929.56320556268,0
GLQ.US,D,20210120,000000,11.5168,11.7357,11.4838,11.7037,131924.89411436854,0
GLQ.US,D,20210121,000000,11.7199,11.7199,11.4928,11.643,68620.19261254546,0
GLQ.US,D,20210122,000000,11.6349,11.7815,11.6063,11.6966,116903.87576083756,0
GLQ.US,D,20210125,000000,11.7663,11.8904,11.5017,11.8833,88852.63035609956,0
GLQ.US,D,20210126,000000,12.0388,12.1719,11.8833,11.961,154147.00410947166,0
GLQ.US,D,20210127,000000,11.8055,11.8459,11.4838,11.6179,157166.20306035195,0
GLQ.US,D,20210128,000000,11.5481,11.7601,11.5205,11.6108,81761.20568901306,0
GLQ.US,D,20210129,000000,11.643,11.6966,11.205,11.3685,128089.90715932052,0
GLQ.US,D,20210201,000000,11.3989,11.7179,11.1897,11.5758,142854.66288876493,0
GLQ.US,D,20210202,000000,11.6582,11.8135,11.5776,11.6582,128971.71915833179,0
GLQ.US,D,20210203,000000,11.7117,11.7895,11.6805,11.752,97432.39253418653,0
GLQ.US,D,20210204,000000,11.8377,11.9852,11.793,11.8592,122388.34353634602,0
GLQ.US,D,20210205,000000,11.9235,12.0861,11.8994,11.9146,132240.46642870986,0
GLQ.US,D,20210208,000000,12.0172,12.2881,11.9682,12.1567,161474.54848695258,0
GLQ.US,D,20210209,000000,12.188,12.4588,12.1727,12.3604,155003.07794098917,0
GLQ.US,D,20210210,000000,12.499,12.6321,12.3042,12.4534,186112.68907322592,0
GLQ.US,D,20210211,000000,12.5687,12.6546,12.3979,12.4454,125678.35277118915,0
GLQ.US,D,20210212,000000,12.3739,12.609,12.3739,12.5454,140362.53684591377,0
GLQ.US,D,20210216,000000,12.6947,12.718,12.5643,12.6625,181567.10488549454,0
GLQ.US,D,20210217,000000,12.6822,12.7312,12.5802,12.6983,85301.88229413402,0
GLQ.US,D,20210218,000000,12.7225,12.7225,12.4855,12.6125,101432.99900173237,0
GLQ.US,D,20210219,000000,12.6662,12.6662,12.4767,12.5544,60259.76438344497,0
GLQ.US,D,20210222,000000,12.4543,12.5544,12.406,12.5544,97594.65489441027,0
GLQ.US,D,20210223,000000,12.3907,12.44,11.793,12.4239,136272.40631755922,0
GLQ.US,D,20210224,000000,12.415,12.5802,12.3989,12.5634,117259.7339025591,0
GLQ.US,D,20210225,000000,12.4937,12.5802,11.7849,11.9655,224441.29665921058,0
GLQ.US,D,20210226,000000,11.9503,12.2577,11.8182,11.9432,93677.97723387662,0
GLQ.US,D,20210301,000000,12.1005,12.44,12.1005,12.2577,124035.58625528702,0
GLQ.US,D,20210302,000000,12.179,12.4855,12.1639,12.3292,81675.03878048144,0
GLQ.US,D,20210303,000000,12.4239,12.4239,11.9905,12.2256,104013.5300546478,0
GLQ.US,D,20210304,000000,12.1639,12.2174,11.8252,12.1155,96781.10499177924,0
GLQ.US,D,20210305,000000,12.0844,12.1432,11.6374,12.029,103896.02972482688,0
GLQ.US,D,20210308,000000,11.9047,12.0219,11.7313,11.7555,97202.98712835652,0
GLQ.US,D,20210309,000000,11.8707,12.0147,11.793,11.9905,109463.30725658475,0
GLQ.US,D,20210310,000000,11.9986,12.1558,11.9511,12.0361,108359.92320706857,0
GLQ.US,D,20210311,000000,12.2577,12.2739,11.9744,12.1068,58017.18666010073,0
GLQ.US,D,20210312,000000,12.0773,12.1048,11.9744,12.0933,58407.735375393764,0
GLQ.US,D,20210315,000000,12.1558,12.3739,12.1558,12.3453,112518.31583179624,0
GLQ.US,D,20210316,000000,12.4472,12.4927,12.3381,12.406,94443.40795381958,0
GLQ.US,D,20210317,000000,12.2809,12.4595,12.2809,12.3604,65921.04217905652,0
GLQ.US,D,20210318,000000,12.4026,12.457,12.1327,12.2826,83035.80450482764,0
GLQ.US,D,20210319,000000,12.2826,12.3623,12.2112,12.3623,60032.59707913437,0
GLQ.US,D,20210322,000000,12.3238,12.3764,12.0853,12.2193,75700.42677202668,0
GLQ.US,D,20210323,000000,12.1093,12.237,11.936,12.0058,88501.24841741179,0
GLQ.US,D,20210324,000000,12.0299,12.1246,11.8788,11.895,89583.37050247812,0
GLQ.US,D,20210325,000000,11.8484,11.895,11.6098,11.8788,93277.35706174106,0
GLQ.US,D,20210326,000000,11.9655,11.9655,11.792,11.9038,104721.8891858219,0
GLQ.US,D,20210329,000000,11.8698,11.9824,11.792,11.936,115089.89447862784,0
GLQ.US,D,20210330,000000,11.8082,12.1246,11.8002,12.054,80771.96481703965,0
GLQ.US,D,20210331,000000,12.0299,12.1246,11.9905,12.0451,96473.36603273664,0
GLQ.US,D,20210401,000000,12.054,12.196,12.054,12.1808,121023.10160895486,0
GLQ.US,D,20210405,000000,12.1889,12.3328,12.1808,12.2532,115590.1101684238,0
GLQ.US,D,20210406,000000,12.1808,12.4026,12.1808,12.2826,78223.88623617122,0
GLQ.US,D,20210407,000000,12.3328,12.49,12.2988,12.3764,145379.24140367834,0
GLQ.US,D,20210408,000000,12.5062,12.6177,12.5062,12.5929,159336.04248429334,0
GLQ.US,D,20210409,000000,12.6553,12.7089,12.5597,12.6177,150361.2553878816,0
GLQ.US,D,20210412,000000,12.6553,12.7,12.4615,12.5767,171960.05410957945,0
GLQ.US,D,20210413,000000,12.5929,12.5929,12.523,12.5893,101623.23763095813,0
GLQ.US,D,20210414,000000,12.5929,12.6464,12.5857,12.5857,109412.94997237723,0
GLQ.US,D,20210415,000000,12.5929,12.6965,12.5929,12.633,88062.58051943169,0
GLQ.US,D,20210416,000000,12.6724,12.6885,12.6177,12.633,135311.14171457768,0
GLQ.US,D,20210419,000000,12.7322,12.7322,12.4525,12.5883,185371.87746999974,0
GLQ.US,D,20210420,000000,12.5534,12.6135,12.4122,12.4579,154923.62533702905,0
GLQ.US,D,20210421,000000,12.4739,12.524,12.4553,12.4918,173171.98608281848,0
GLQ.US,D,20210422,000000,12.5411,12.6357,12.4454,12.483,183630.6344872122,0
GLQ.US,D,20210423,000000,12.5464,12.5883,12.5088,12.5088,54149.74723301283,0
GLQ.US,D,20210426,000000,12.5258,12.6135,12.5258,12.5625,80256.08241660669,0
GLQ.US,D,20210427,000000,12.5793,12.6392,12.5464,12.5464,230984.3864538161,0
GLQ.US,D,20210428,000000,12.5883,12.6357,12.5534,12.5534,219190.7104925639,0
GLQ.US,D,20210429,000000,12.6421,12.6508,12.5534,12.6286,84833.00002563247,0
GLQ.US,D,20210430,000000,12.7089,12.7724,12.6286,12.7385,71606.93909138993,0
GLQ.US,D,20210503,000000,12.8127,12.8215,12.7385,12.7796,111122.85953388261,0
GLQ.US,D,20210504,000000,12.7,12.7876,12.6357,12.6841,140824.70480985907,0
GLQ.US,D,20210505,000000,12.8127,12.8127,12.692,12.7045,56904.85020450887,0
GLQ.US,D,20210506,000000,12.6672,12.725,12.6357,12.7161,146442.33962582445,0
GLQ.US,D,20210507,000000,12.7089,12.7546,12.6973,12.7161,78175.76705348415,0
GLQ.US,D,20210510,000000,12.6357,12.7876,12.5964,12.5964,160888.1658886281,0
GLQ.US,D,20210511,000000,12.2676,12.4739,11.7957,12.2604,256630.7917749892,0
GLQ.US,D,20210512,000000,12.0593,12.4301,11.4766,11.5733,363870.5451711459,0
GLQ.US,D,20210513,000000,11.5733,11.9477,11.5733,11.9154,143840.5466084602,0
GLQ.US,D,20210514,000000,12.1078,12.4043,12.0942,12.3159,133632.5655743545,0
GLQ.US,D,20210517,000000,12.2532,12.5411,12.2452,12.5411,127854.90649969903,0
GLQ.US,D,20210518,000000,12.659,12.659,12.483,12.4999,328654.0177491487,0
GLQ.US,D,20210519,000000,12.3803,12.5294,12.3586,12.44,131058.74882600346,0
GLQ.US,D,20210520,000000,12.4239,12.5428,12.3586,12.44,81450.10957769128,0
GLQ.US,D,20210521,000000,12.5659,12.5659,12.1078,12.1916,252836.09064730105,0
GLQ.US,D,20210524,000000,11.9395,12.0201,11.5347,11.6733,462048.22551160253,0
GLQ.US,D,20210525,000000,11.7037,11.8182,11.5758,11.7537,132021.1324797447,0
GLQ.US,D,20210526,000000,11.7126,12.0924,11.7126,12.011,112796.95947107712,0
GLQ.US,D,20210527,000000,12.011,12.2203,11.987,12.0996,89234.22666531183,0
GLQ.US,D,20210528,000000,12.0924,12.196,12.0593,12.1719,71646.10586799623,0
GLQ.US,D,20210601,000000,12.3355,12.3355,12.2121,12.2693,111682.38491397396,0
GLQ.US,D,20210602,000000,12.196,12.4865,12.1808,12.3979,163150.88652564617,0
GLQ.US,D,20210603,000000,12.2614,12.5168,12.246,12.3891,106215.82195062094,0
GLQ.US,D,20210604,000000,12.4239,12.5033,12.2907,12.3803,85548.0734613669,0
GLQ.US,D,20210607,000000,12.3265,12.3265,12.0352,12.0352,168640.9495549837,0
GLQ.US,D,20210608,000000,12.0352,12.2764,11.97,12.0593,179313.33665453384,0
GLQ.US,D,20210609,000000,12.1236,12.1808,11.9788,11.9788,116396.94576648332,0
GLQ.US,D,20210610,000000,12.1317,12.1317,11.954,11.9788,102728.85978198661,0
GLQ.US,D,20210611,000000,12.0996,12.1647,11.987,12.1647,142363.39960506704,0
GLQ.US,D,20210614,000000,12.1808,12.1808,11.9226,11.9226,137351.17125034131,0
GLQ.US,D,20210615,000000,11.9788,12.0352,11.8807,11.9066,174317.894061214,0
GLQ.US,D,20210616,000000,11.962,12.0352,11.8895,11.8895,180244.38688697253,0
GLQ.US,D,20210617,000000,11.9395,11.962,11.4303,11.4704,316449.65015892853,0
GLQ.US,D,20210618,000000,11.5303,11.5786,11.2559,11.2783,276848.68185865984,0
GLQ.US,D,20210621,000000,11.3677,11.4257,11.0505,11.1728,493316.7418517697,0
GLQ.US,D,20210622,000000,11.1569,11.6036,11.1569,11.5875,394916.3704100586,0
GLQ.US,D,20210623,000000,11.6127,11.8654,11.5071,11.7823,341203.0529734932,0
GLQ.US,D,20210624,000000,11.8413,12.2059,11.7671,12.0933,377537.51210488286,0
GLQ.US,D,20210625,000000,12.1575,12.3042,11.8976,12.2148,232351.86648271655,0
GLQ.US,D,20210628,000000,12.4579,12.6152,12.3845,12.4999,349830.9343342713,0
GLQ.US,D,20210629,000000,12.6152,12.8663,12.5722,12.6794,300414.77181671956,0
GLQ.US,D,20210630,000000,12.5411,12.6446,12.0201,12.0201,437496.25183385774,0
GLQ.US,D,20210701,000000,12.0201,12.1174,11.8082,11.8976,515785.04301411175,0
GLQ.US,D,20210702,000000,11.9308,12.0361,11.8976,11.954,172019.3637998647,0
GLQ.US,D,20210706,000000,12.0593,12.0683,11.9308,11.97,187886.38452807572,0
GLQ.US,D,20210707,000000,11.987,12.0281,11.9066,11.97,167869.92358121474,0
GLQ.US,D,20210708,000000,11.8886,11.962,11.8082,11.9387,207898.3692718775,0
GLQ.US,D,20210709,000000,12.1504,12.1665,11.97,12.0763,192079.46772635455,0
GLQ.US,D,20210712,000000,12.2059,12.2559,12.1005,12.2228,198130.17518650246,0
GLQ.US,D,20210713,000000,12.2228,12.3462,12.2228,12.2721,217647.53949430693,0
GLQ.US,D,20210714,000000,12.3845,12.3845,12.2399,12.3462,201601.47064450078,0
GLQ.US,D,20210715,000000,12.3756,12.4106,12.2148,12.3533,203732.1432918115,0
GLQ.US,D,20210716,000000,12.4195,12.4195,12.2318,12.2318,167421.18422639617,0
GLQ.US,D,20210719,000000,12.2095,12.2095,11.9709,12.0038,149529.800673088,0
GLQ.US,D,20210720,000000,12.1031,12.1685,12.0584,12.1487,126479.59311546029,0
GLQ.US,D,20210721,000000,12.2433,12.4078,12.2433,12.3167,154502.86225118305,0
GLQ.US,D,20210722,000000,12.3498,12.3613,12.2996,12.3426,92065.42508849695,0
GLQ.US,D,20210723,000000,12.4892,12.5793,12.3426,12.523,113528.81866822558,0
GLQ.US,D,20210726,000000,12.6295,12.6295,12.416,12.5454,122888.5592261318,0
GLQ.US,D,20210727,000000,12.4713,12.5382,12.4562,12.4713,105052.00916007,0
GLQ.US,D,20210728,000000,12.4803,12.5141,12.3813,12.416,94913.4092730839,0
GLQ.US,D,20210729,000000,12.5382,12.5382,12.4409,12.4892,93642.16760955151,0
GLQ.US,D,20210730,000000,12.4892,12.6366,12.4892,12.6135,120056.24175218491,0
GLQ.US,D,20210802,000000,12.6528,12.7117,12.6044,12.6446,245369.78397556467,0
GLQ.US,D,20210803,000000,12.8189,12.8189,12.5705,12.6446,125185.97043673156,0
GLQ.US,D,20210804,000000,12.8099,12.8099,12.575,12.6215,127055.90425694735,0
GLQ.US,D,20210805,000000,12.6044,12.7358,12.5973,12.7358,84402.16548297444,0
GLQ.US,D,20210806,000000,12.769,12.8912,12.7358,12.8663,92527.59305244124,0
GLQ.US,D,20210809,000000,12.9003,12.9003,12.835,12.8912,91567.4475002296,0
GLQ.US,D,20210810,000000,12.9003,12.9003,12.8591,12.9003,124303.0393869809,0
GLQ.US,D,20210811,000000,12.9003,12.9261,12.8591,12.9092,109853.85597187778,0
GLQ.US,D,20210812,000000,12.9816,12.9816,12.8663,12.8912,105432.4864185256,0
GLQ.US,D,20210813,000000,12.9816,12.9816,12.9179,12.9645,66031.82820431203,0
GLQ.US,D,20210816,000000,12.9816,12.9816,12.9092,12.9726,90207.80082664311,0
GLQ.US,D,20210817,000000,12.9412,12.9904,12.8744,12.9324,148815.84628810518,0
GLQ.US,D,20210818,000000,12.9494,12.9494,12.6135,12.6135,216131.22571431356,0
GLQ.US,D,20210819,000000,12.5563,12.5563,12.2667,12.3355,169592.14270110748,0
GLQ.US,D,20210820,000000,12.2836,12.3586,12.2354,12.3435,121936.24702925849,0
GLQ.US,D,20210823,000000,12.3917,12.4651,12.3659,12.4177,141957.18417912786,0
GLQ.US,D,20210824,000000,12.5339,12.5411,12.4347,12.5411,149464.8957290042,0
GLQ.US,D,20210825,000000,12.4918,12.6125,12.4918,12.583,83364.80542831196,0
GLQ.US,D,20210826,000000,12.5911,12.6392,12.5651,12.608,70775.48437659533,0
GLQ.US,D,20210827,000000,12.6249,12.7153,12.6249,12.6652,79203.05565130412,0
GLQ.US,D,20210830,000000,12.7242,12.7734,12.6401,12.6741,96148.84131229321,0
GLQ.US,D,20210831,000000,12.8386,12.8386,12.6741,12.7734,140270.7746835866,0
GLQ.US,D,20210901,000000,12.7814,12.8242,12.7734,12.8242,76863.12051182504,0
GLQ.US,D,20210902,000000,12.7474,12.8386,12.7474,12.8065,114606.46455024797,0
GLQ.US,D,20210903,000000,12.8065,12.8653,12.7734,12.8519,94696.31342561379,0
GLQ.US,D,20210907,000000,12.8475,12.8502,12.8154,12.8315,78460.00594656462,0
GLQ.US,D,20210908,000000,12.8315,12.8386,12.7242,12.7312,100496.3535154849,0
GLQ.US,D,20210909,000000,12.7562,12.8065,12.7242,12.7474,73240.75320121233,0
GLQ.US,D,20210910,000000,12.8475,12.8475,12.6885,12.7562,84405.52263525258,0
GLQ.US,D,20210913,000000,12.8475,12.8475,12.6822,12.8065,77636.38458709209,0
GLQ.US,D,20210914,000000,12.8475,12.8716,12.7393,12.8242,85825.59804988703,0
GLQ.US,D,20210915,000000,12.8806,12.9887,12.8242,12.9557,88654.55837155272,0
GLQ.US,D,20210916,000000,12.9306,13.0065,12.9306,12.9475,72356.70310069382,0
GLQ.US,D,20210917,000000,12.9975,13.0235,12.9557,12.9798,73557.44456633672,0
GLQ.US,D,20210920,000000,12.8082,12.8082,12.2729,12.4562,246327.69142626706,0
GLQ.US,D,20210921,000000,12.9513,12.9513,12.5402,12.692,96157.79371837399,0
GLQ.US,D,20210922,000000,12.692,12.7161,12.5402,12.6832,70894.10375717391,0
GLQ.US,D,20210923,000000,12.8082,12.9404,12.7833,12.7833,67683.54712629697,0
GLQ.US,D,20210924,000000,12.7492,12.8806,12.725,12.7672,60219.478556081,0
GLQ.US,D,20210927,000000,12.6832,12.8412,12.6832,12.7322,61262.433864544095,0
GLQ.US,D,20210928,000000,12.7,12.7,12.348,12.3813,189703.72296254424,0
GLQ.US,D,20210929,000000,12.4248,12.5402,12.3569,12.3569,82199.87358699316,0
GLQ.US,D,20210930,000000,12.4562,12.5428,12.2059,12.2399,127867.21605804573,0
GLQ.US,D,20211001,000000,12.2649,12.3897,12.1227,12.348,93726.09641656367,0
GLQ.US,D,20211004,000000,12.3238,12.3569,12.0317,12.0557,146969.4125338637,0
GLQ.US,D,20211005,000000,12.1058,12.2809,12.1058,12.2228,124164.27709271525,0
GLQ.US,D,20211006,000000,12.0557,12.1227,11.9887,12.1227,154385.3619213926,0
GLQ.US,D,20211007,000000,12.4069,12.4069,12.2318,12.2488,90711.37366871108,0
GLQ.US,D,20211008,000000,12.3641,12.3641,12.1898,12.2318,99376.18370457299,0
GLQ.US,D,20211011,000000,12.3731,12.3731,12.1808,12.1979,88277.43826538033,0
GLQ.US,D,20211012,000000,12.2809,12.3068,12.2059,12.2559,114431.89263167142,0
GLQ.US,D,20211013,000000,12.3408,12.4562,12.2649,12.4069,119135.26297658363,0
GLQ.US,D,20211014,000000,12.5482,12.6161,12.5205,12.5563,100425.85331759539,0
GLQ.US,D,20211015,000000,12.6832,12.8591,12.6321,12.7403,64534.538287226715,0
GLQ.US,D,20211018,000000,12.7403,12.8744,12.7,12.8744,100039.78080534223,0
GLQ.US,D,20211019,000000,12.9297,12.9297,12.7108,12.8019,121071.2207916531,0
GLQ.US,D,20211020,000000,12.8108,12.8537,12.7697,12.8019,112713.03066406799,0
GLQ.US,D,20211021,000000,12.7849,12.8359,12.7697,12.8198,72709.2040901403,0
GLQ.US,D,20211022,000000,12.9699,12.9699,12.6768,12.761,117870.7356176075,0
GLQ.US,D,20211025,000000,12.7519,12.8287,12.6928,12.8019,118855.50028654304,0
GLQ.US,D,20211026,000000,12.886,12.9084,12.7776,12.8359,133454.63650348864,0
GLQ.US,D,20211027,000000,12.8198,12.8779,12.7519,12.7697,134065.63821851672,0
GLQ.US,D,20211028,000000,12.8287,12.9127,12.7776,12.9127,105479.48655044379,0
GLQ.US,D,20211029,000000,12.8108,12.9465,12.7938,12.8779,96145.48416001305,0
GLQ.US,D,20211101,000000,12.9789,13.0306,12.9297,13.0055,120336.00444223569,0
GLQ.US,D,20211102,000000,13.0397,13.0987,12.9877,13.0629,144233.33342527266,0
GLQ.US,D,20211103,000000,13.1244,13.2229,13.0717,13.2005,154580.07675364404,0
GLQ.US,D,20211104,000000,13.2157,13.2398,13.1559,13.2157,120980.57768007553,0
GLQ.US,D,20211105,000000,13.2398,13.3247,13.1074,13.2398,154289.12355601648,0
GLQ.US,D,20211108,000000,13.3166,13.3327,13.2398,13.3327,224280.15334974046,0
GLQ.US,D,20211109,000000,13.2666,13.3684,13.1488,13.3247,202056.92430386745,0
GLQ.US,D,20211110,000000,13.3166,13.3954,13.1914,13.1914,106528.03711269327,0
GLQ.US,D,20211111,000000,13.2005,13.2157,13.1469,13.1826,67863.71429868226,0
GLQ.US,D,20211112,000000,13.2157,13.3015,13.1647,13.2094,68165.85800392325,0
GLQ.US,D,20211115,000000,13.2576,13.2576,13.1559,13.1602,100855.56880949372,0
GLQ.US,D,20211116,000000,13.1469,13.2193,13.0896,13.0896,98262.72819822041,0
GLQ.US,D,20211117,000000,13.1074,13.2005,13.1074,13.1736,73407.49176447492,0
GLQ.US,D,20211118,000000,13.0655,13.1862,13.0567,13.0924,79725.6523562964,0
GLQ.US,D,20211119,000000,13.0494,13.0744,12.8787,12.8868,99222.873750429,0
GLQ.US,D,20211122,000000,12.9718,12.9718,12.7305,12.7519,140012.2739579908,0
GLQ.US,D,20211123,000000,12.7776,12.8019,12.6492,12.7697,114956.72743816077,0
GLQ.US,D,20211124,000000,12.573,12.7,12.5222,12.6841,133866.44718322644,0
GLQ.US,D,20211126,000000,12.4704,12.5392,12.2755,12.4034,117531.66323729184,0
GLQ.US,D,20211129,000000,12.4543,12.4562,12.3355,12.4034,161530.50102494852,0
GLQ.US,D,20211130,000000,12.3604,12.448,12.0969,12.2836,159435.6380019588,0
GLQ.US,D,20211201,000000,12.5302,12.5392,12.1058,12.1299,104508.15049062483,0
GLQ.US,D,20211202,000000,12.1218,12.3265,12.114,12.2836,133126.75463077013,0
GLQ.US,D,20211203,000000,12.2836,12.3764,11.9181,11.936,111898.36171065996,0
GLQ.US,D,20211206,000000,12.054,12.112,11.8923,12.029,143580.92683212497,0
GLQ.US,D,20211207,000000,12.1299,12.2417,12.0718,12.2158,136959.50348429874,0
GLQ.US,D,20211208,000000,12.2328,12.2505,12.1657,12.2066,54851.39205962865,0
GLQ.US,D,20211209,000000,12.2505,12.2667,11.9861,12.0969,102646.0500257372,0
GLQ.US,D,20211210,000000,12.1058,12.1657,12.054,12.0969,93732.810721124,0
GLQ.US,D,20211213,000000,12.054,12.071,11.9511,11.978,87266.93542896218,0
GLQ.US,D,20211214,000000,11.927,12.0521,11.7733,11.7823,114318.86850488937,0
GLQ.US,D,20211215,000000,11.7394,11.9511,11.6026,11.7483,223787.77101526252,0
GLQ.US,D,20211216,000000,11.7823,11.8072,11.5347,11.5526,217296.1575556242,0
GLQ.US,D,20211217,000000,11.9691,11.9861,11.5178,11.6884,177593.35563618084,0
GLQ.US,D,20211220,000000,11.5284,11.5973,11.0826,11.0998,280242.76281420735,0
GLQ.US,D,20211221,000000,11.1684,11.3052,11.1245,11.2023,249967.9635490433,0
GLQ.US,D,20211222,000000,11.2623,11.3311,11.1506,11.297,360412.6783222641,0
GLQ.US,D,20211223,000000,11.3829,11.4598,11.2104,11.3221,424819.6448228346,0
GLQ.US,D,20211227,000000,11.34,11.4507,11.34,11.391,372228.73529873096,0
GLQ.US,D,20211228,000000,11.4168,11.4598,11.297,11.3479,357914.9570256144,0
GLQ.US,D,20211229,000000,11.3479,11.391,11.1595,11.2031,335489.1797921719,0
GLQ.US,D,20211230,000000,11.1935,11.3999,11.1728,11.2363,306552.76523615577,0
GLQ.US,D,20211231,000000,11.2104,11.4427,11.2104,11.2881,288963.5253880621,0
GLQ.US,D,20220103,000000,11.4427,11.4685,11.3141,11.4598,184535.9465521673,0
GLQ.US,D,20220104,000000,11.4857,11.5545,11.3311,11.4507,303976.7103862751,0
GLQ.US,D,20220105,000000,11.4168,11.5026,11.1988,11.2023,264817.76713624643,0
GLQ.US,D,20220106,000000,11.1855,11.2023,10.9281,11.1076,234361.6816479577,0
GLQ.US,D,20220107,000000,11.1157,11.2713,11.0379,11.1764,144308.3098262041,0
GLQ.US,D,20220110,000000,10.9878,11.2273,10.8752,11.1935,265573.126399359,0
GLQ.US,D,20220111,000000,11.2623,11.4257,11.1855,11.3569,176945.4252460517,0
GLQ.US,D,20220112,000000,11.5107,11.5419,11.3569,11.5107,149106.7994857429,0
GLQ.US,D,20220113,000000,11.5196,11.5893,11.4775,11.4857,144069.95201430345,0
GLQ.US,D,20220114,000000,11.4946,11.5545,11.3435,11.5545,78895.31669226252,0
GLQ.US,D,20220118,000000,11.4088,11.4338,11.2623,11.2623,151705.23535080766,0
GLQ.US,D,20220119,000000,11.3311,11.3329,10.9878,10.9878,101035.73598187798,0
GLQ.US,D,20220120,000000,11.0192,11.2613,10.853,10.8888,120493.79059939616,0
GLQ.US,D,20220121,000000,10.7752,10.8287,10.2819,10.299,234288.94334854573,0
GLQ.US,D,20220124,000000,10.0916,10.3168,9.47508,10.2561,363337.8770093284,0
GLQ.US,D,20220125,000000,10.2033,10.3767,9.9048,10.2122,208189.32246949492,0
GLQ.US,D,20220126,000000,10.4553,10.5125,9.97885,10.2033,235622.85185463438,0
GLQ.US,D,20220127,000000,10.3767,10.5242,10.0932,10.1033,118949.50055040994,0
GLQ.US,D,20220128,000000,10.1435,10.3078,10.0049,10.3034,115077.58492027098,0
GLQ.US,D,20220131,000000,10.3427,10.5677,10.3211,10.5509,214316.1253813238,0
GLQ.US,D,20220201,000000,10.5849,10.6233,10.5115,10.6197,177413.18846380574,0
GLQ.US,D,20220202,000000,10.6376,10.7066,10.5849,10.6885,152851.14332921334,0
GLQ.US,D,20220203,000000,10.6197,10.7152,10.3508,10.4116,103299.57566966493,0
GLQ.US,D,20220204,000000,10.4901,10.5768,10.3642,10.4293,200034.79958027962,0
GLQ.US,D,20220207,000000,10.4204,10.6108,10.3856,10.4901,201482.85126390998,0
GLQ.US,D,20220208,000000,10.6466,10.6974,10.4302,10.6974,195810.38296069828,0
GLQ.US,D,20220209,000000,10.7582,10.9666,10.7243,10.9484,169108.7127727174,0
GLQ.US,D,20220210,000000,10.853,10.9932,10.802,10.845,103117.17039576023,0
GLQ.US,D,20220211,000000,10.8798,10.8869,10.6626,10.7494,146109.98155005692,0
GLQ.US,D,20220214,000000,10.7066,10.82,10.4035,10.4204,114277.46362674942,0
GLQ.US,D,20220215,000000,10.4723,10.6019,10.4723,10.5599,101779.90473738228,0
GLQ.US,D,20220216,000000,10.5509,10.7752,10.5242,10.6974,175771.54099865313,0
GLQ.US,D,20220217,000000,10.5893,10.6421,10.4142,10.4929,129088.10043739299,0
GLQ.US,D,20220218,000000,10.4401,10.5893,10.2918,10.4929,101270.73664150963,0
GLQ.US,D,20220222,000000,10.3187,10.3705,9.96823,10.0381,260221.82566430751,0
GLQ.US,D,20220223,000000,10.1077,10.1435,9.60916,9.60916,139479.60579615296,0
GLQ.US,D,20220224,000000,9.42494,9.90657,9.2069,9.88955,353031.4195083169,0
GLQ.US,D,20220225,000000,9.92456,10.1774,9.83684,10.1256,92941.64183369641,0
GLQ.US,D,20220228,000000,10.0987,10.2828,9.99419,10.2043,76667.28662879966,0
GLQ.US,D,20220301,000000,10.2221,10.2828,9.99419,10.0817,65568.54118960904,0
GLQ.US,D,20220302,000000,10.0817,10.239,10.0746,10.1774,65735.27975287165,0
GLQ.US,D,20220303,000000,10.2569,10.274,9.92456,10.0728,87890.24670236644,0
GLQ.US,D,20220304,000000,9.95043,10.0076,9.82789,9.93263,86511.57616585871,0
GLQ.US,D,20220307,000000,10.0728,10.0728,9.7234,9.83684,35008.38398060787,0
GLQ.US,D,20220308,000000,9.87185,9.87185,9.62687,9.73154,161651.35850704857,0
GLQ.US,D,20220309,000000,9.94138,9.99419,9.82789,9.84491,108075.68431398913,0
GLQ.US,D,20220310,000000,10.0987,10.0987,9.59125,9.74045,208610.08555534092,0
GLQ.US,D,20220311,000000,9.82789,9.83684,9.7234,9.82789,117785.68775983866,0
GLQ.US,D,20220314,000000,9.81115,9.99862,9.62687,9.62687,109895.26085000757,0
GLQ.US,D,20220315,000000,9.73154,9.92624,9.57859,9.64029,62596.342370642895,0
GLQ.US,D,20220316,000000,9.7234,9.9638,9.71014,9.85386,77377.88386149624,0
GLQ.US,D,20220317,000000,9.76185,10.0531,9.73948,9.93882,79165.0079254606,0
GLQ.US,D,20220318,000000,9.90401,10.063,9.89496,10.054,43866.78979797267,0
GLQ.US,D,20220321,000000,9.96557,10.0505,9.85582,9.92987,68723.14528247889,0
GLQ.US,D,20220322,000000,10.1068,10.3463,9.96557,10.2221,161649.1204055393,0
GLQ.US,D,20220323,000000,10.3106,10.3106,10.1426,10.2131,91796.85290606062,0
GLQ.US,D,20220324,000000,10.2131,10.6822,10.0899,10.2489,97787.1316251565,0
GLQ.US,D,20220325,000000,10.2578,10.3373,10.1426,10.2131,104076.19689722233,0
GLQ.US,D,20220328,000000,10.2578,10.3196,10.2221,10.2837,65907.61356993485,0
GLQ.US,D,20220329,000000,10.3284,10.4069,10.2837,10.39,72154.1549131051,0
GLQ.US,D,20220330,000000,10.2927,10.4079,10.2837,10.3196,82126.01623682451,0
GLQ.US,D,20220331,000000,10.3463,10.4169,10.3106,10.3632,84029.52157984294,0
GLQ.US,D,20220401,000000,10.3196,10.3721,10.2659,10.3106,58789.33168460705,0
GLQ.US,D,20220404,000000,10.3284,10.3991,10.2469,10.3991,79958.41491440762,0
GLQ.US,D,20220405,000000,10.4079,10.4079,10.1157,10.2131,65020.206317134165,0
GLQ.US,D,20220406,000000,10.1514,10.2659,10.0183,10.0808,88610.91539190657,0
GLQ.US,D,20220407,000000,10.0808,10.1219,9.85907,9.94768,78726.3400274805,0
GLQ.US,D,20220408,000000,9.97452,10.2489,9.86821,9.90401,68262.09636929534,0
GLQ.US,D,20220411,000000,9.85907,9.95662,9.65639,9.72698,128302.52680373754,0
GLQ.US,D,20220412,000000,9.84156,9.99232,9.72698,9.77085,62181.17453862697,0
GLQ.US,D,20220413,000000,9.72698,9.97452,9.72698,9.93882,89933.63339040516,0
GLQ.US,D,20220414,000000,9.94768,9.98524,9.78432,9.79758,41973.35591179473,0
GLQ.US,D,20220418,000000,9.81192,9.87893,9.65115,9.69571,194079.2114347481,0
GLQ.US,D,20220419,000000,9.5884,9.94581,9.5884,9.92791,38465.13177871871,0
GLQ.US,D,20220420,000000,9.95485,10.0352,9.84766,9.95485,74500.80435714553,0
GLQ.US,D,20220421,000000,10.1335,10.1335,9.75827,9.75827,76857.52525802543,0
GLQ.US,D,20220422,000000,9.81192,9.84678,9.4902,9.51076,86666.0051707614,0
GLQ.US,D,20220425,000000,9.46325,9.59736,9.27567,9.46325,155080.29244342982,0
GLQ.US,D,20220426,000000,9.42758,9.46325,9.11486,9.11486,132018.8943782151,0
GLQ.US,D,20220427,000000,9.00765,9.32046,9.00765,9.09695,85023.23865485619,0
GLQ.US,D,20220428,000000,9.23997,9.40073,9.07019,9.33827,90533.44459784929,0
GLQ.US,D,20220429,000000,9.32936,9.41424,9.0255,9.19527,148880.75123219914,0
GLQ.US,D,20220502,000000,9.21323,9.31147,8.97188,9.23997,115465.8955340446,0
GLQ.US,D,20220503,000000,9.27567,9.27567,9.04334,9.12381,101352.42734700035,0
GLQ.US,D,20220504,000000,9.15947,9.33827,9.00765,9.28467,59818.85838394747,0
GLQ.US,D,20220505,000000,9.22209,9.22209,8.88252,8.9987,126184.16371478367,0
GLQ.US,D,20220506,000000,8.9004,9.1059,8.81998,8.97188,64657.63387084416,0
GLQ.US,D,20220509,000000,8.9004,8.9004,8.66842,8.70381,104122.07797837065,0
GLQ.US,D,20220510,000000,8.79317,8.84679,8.59747,8.77529,134804.2117202438,0
GLQ.US,D,20220511,000000,8.75742,8.93534,8.54296,8.54296,99037.11132424616,0
GLQ.US,D,20220512,000000,8.54296,8.86465,8.49828,8.56974,83191.35256048902,0
GLQ.US,D,20220513,000000,8.70381,8.79352,8.60551,8.74401,99723.08944021886,0
GLQ.US,D,20220516,000000,8.71273,8.9004,8.677,8.73062,100480.68680484279,0
GLQ.US,D,20220517,000000,8.88252,9.09695,8.81113,9.06124,66505.18667585652,0
GLQ.US,D,20220518,000000,8.98083,9.09695,8.86465,9.00765,91767.75758629583,0
GLQ.US,D,20220519,000000,8.86842,8.99045,8.82321,8.85938,66442.26893363438,0
GLQ.US,D,20220520,000000,8.89553,9.0136,8.70569,8.77801,55271.0298765999,0
GLQ.US,D,20220523,000000,8.82321,8.93793,8.44353,8.52488,194285.97737394733,0
GLQ.US,D,20220524,000000,8.58816,8.63337,8.16328,8.19944,227606.11430590495,0
GLQ.US,D,20220525,000000,8.17232,8.34408,8.17232,8.29888,129755.17503011771,0
GLQ.US,D,20220526,000000,8.38025,8.5972,8.3034,8.552,163312.03294022236,0
GLQ.US,D,20220527,000000,8.65145,8.78696,8.65145,8.77801,57419.21744455169,0
GLQ.US,D,20220531,000000,8.78706,8.87746,8.66953,8.76897,136635.56981522485,0
GLQ.US,D,20220601,000000,8.75994,8.85938,8.60625,8.68761,152319.9938759969,0
GLQ.US,D,20220602,000000,8.67857,8.90007,8.5972,8.89553,109422.61288462723,0
GLQ.US,D,20220603,000000,8.83225,8.87746,8.74185,8.83225,73354.7427297923,0
GLQ.US,D,20220606,000000,8.85034,9.10346,8.8413,9.0221,132801.57490763033,0
GLQ.US,D,20220607,000000,8.96787,9.1755,8.92301,9.10346,65859.31587065075,0
GLQ.US,D,20220608,000000,9.13058,9.21194,9.09189,9.13058,43197.1538188177,0
GLQ.US,D,20220609,000000,9.10346,9.18483,8.99498,9.00402,84072.45094086303,0
GLQ.US,D,20220610,000000,8.90458,8.94074,8.73281,8.8187,178546.24467341293,0
GLQ.US,D,20220613,000000,8.39831,8.64259,8.15279,8.18135,150381.97913908405,0
GLQ.US,D,20220614,000000,8.53393,8.53393,8.12711,8.12711,82102.3571929106,0
GLQ.US,D,20220615,000000,8.20849,8.29879,8.0774,8.16328,78980.7375653277,0
GLQ.US,D,20220616,000000,7.97646,8.06804,7.57351,7.61016,147024.0584630857,0
GLQ.US,D,20220617,000000,7.61016,7.74294,7.61016,7.66509,74036.17138675605,0
GLQ.US,D,20220621,000000,7.72005,7.87187,7.72005,7.80247,83566.82290905816,0
GLQ.US,D,20220622,000000,7.67425,7.95814,7.64688,7.7292,64518.62341833388,0
GLQ.US,D,20220623,000000,7.78414,7.86657,7.73837,7.82078,51279.66614789544,0
GLQ.US,D,20220624,000000,8.03142,8.26035,7.88488,8.15962,67850.20199241127,0
GLQ.US,D,20220627,000000,8.17794,8.23289,8.12299,8.16877,74665.14197301188,0
GLQ.US,D,20220628,000000,8.16877,8.44352,8.16877,8.28783,108000.58304459897,0
GLQ.US,D,20220629,000000,8.18709,8.33361,8.18709,8.29698,48346.654004345284,0
GLQ.US,D,20220630,000000,8.30614,8.43436,8.27501,8.36109,74198.87384743606,0
GLQ.US,D,20220701,000000,8.43436,8.43436,8.30614,8.41604,40713.833869044836,0
GLQ.US,D,20220705,000000,8.45267,8.51678,8.29698,8.45267,61309.34468047376,0
GLQ.US,D,20220706,000000,8.4252,8.51678,8.24205,8.3153,51099.4922820408,0
GLQ.US,D,20220707,000000,8.51678,8.51678,8.37026,8.40387,30424.268184507247,0
GLQ.US,D,20220708,000000,8.3794,8.57172,8.3794,8.44352,41977.23485567613,0
GLQ.US,D,20220711,000000,8.38857,8.47098,8.37483,8.3794,40360.03791427605,0
GLQ.US,D,20220712,000000,8.45267,8.49847,8.3794,8.44352,40993.37635182657,0
GLQ.US,D,20220713,000000,8.36109,8.49847,8.36109,8.43619,22096.959693550194,0
GLQ.US,D,20220714,000000,8.37026,8.4252,8.33361,8.39771,52904.506829056874,0
GLQ.US,D,20220715,000000,8.60835,8.60835,8.37026,8.48647,60843.07655489692,0
GLQ.US,D,20220718,000000,8.55055,8.59692,8.3558,8.3558,66478.98123193886,0
GLQ.US,D,20220719,000000,8.42999,8.48562,8.3569,8.40216,40843.61985180265,0
GLQ.US,D,20220720,000000,8.55982,8.55982,8.32797,8.38361,80044.99795287268,0
GLQ.US,D,20220721,000000,8.48562,8.48562,8.26316,8.42999,44004.09954412301,0
GLQ.US,D,20220722,000000,8.44853,8.47635,8.3558,8.40216,65458.91511493675,0
GLQ.US,D,20220725,000000,8.48562,8.52272,8.36507,8.40216,43379.767322404725,0
GLQ.US,D,20220726,000000,8.38361,8.44853,8.31869,8.31869,35277.466261988404,0
GLQ.US,D,20220727,000000,8.39288,8.57837,8.39288,8.57837,65113.86103730438,0
GLQ.US,D,20220728,000000,8.55055,8.66183,8.46708,8.61545,62973.44746198815,0
GLQ.US,D,20220729,000000,8.71746,8.82404,8.68446,8.79167,70195.86062444125,0
GLQ.US,D,20220801,000000,8.71746,8.8844,8.71746,8.87513,90839.79911281886,0
GLQ.US,D,20220802,000000,8.96788,9.02249,8.82413,9.00496,105008.58217561978,0
GLQ.US,D,20220803,000000,9.18117,9.18117,8.90294,8.97714,92778.57171151816,0
GLQ.US,D,20220804,000000,8.98641,9.05133,8.85658,8.85658,71841.33725715146,0
GLQ.US,D,20220805,000000,8.8102,8.92696,8.73602,8.79167,74626.57064004533,0
GLQ.US,D,20220808,000000,8.79167,8.901,8.76384,8.79167,44693.1294053949,0
GLQ.US,D,20220809,000000,8.73602,8.78314,8.64328,8.72972,106105.2071660919,0
GLQ.US,D,20220810,000000,8.81949,8.96788,8.75457,8.96788,139316.6621382575,0
GLQ.US,D,20220811,000000,9.16263,9.16263,8.95859,9.04206,106579.65652283044,0
GLQ.US,D,20220812,000000,9.20899,9.20899,8.96788,9.02352,89554.47267363605,0
GLQ.US,D,20220815,000000,8.9957,9.05133,8.87513,8.93078,114611.86847374003,0
GLQ.US,D,20220816,000000,8.87513,8.99226,8.86586,8.87513,75163.56104835987,0
GLQ.US,D,20220817,000000,8.90294,8.90294,8.76384,8.81949,250832.748559246,0
GLQ.US,D,20220818,000000,8.81574,8.86426,8.72185,8.73124,55847.48866261878,0
GLQ.US,D,20220819,000000,8.75002,8.75554,8.5998,8.63735,72518.01515519213,0
GLQ.US,D,20220822,000000,8.59042,8.63735,8.3557,8.41184,66544.70274254444,0
GLQ.US,D,20220823,000000,8.48714,8.49653,8.34631,8.40265,49875.24139127103,0
GLQ.US,D,20220824,000000,8.40265,8.47774,8.40265,8.41203,31597.416676391862,0
GLQ.US,D,20220825,000000,8.49653,8.63735,8.40265,8.5153,83124.69222458407,0
GLQ.US,D,20220826,000000,8.53408,8.54308,8.3557,8.36499,34855.68391431788,0
GLQ.US,D,20220829,000000,8.3557,8.42142,8.2806,8.30875,75283.12197103302,0
GLQ.US,D,20220830,000000,8.33692,8.33692,8.14915,8.2712,102295.10534920299,0
GLQ.US,D,20220831,000000,8.5153,8.5153,8.18671,8.25242,79776.9531174253,0
GLQ.US,D,20220901,000000,8.16793,8.24304,8.11254,8.15853,67559.78240182667,0
GLQ.US,D,20220902,000000,8.20548,8.23355,8.121,8.15853,47322.09769420947,0
GLQ.US,D,20220906,000000,8.22427,8.23365,7.96139,8.00832,110576.57895982824,0
GLQ.US,D,20220907,000000,7.98016,8.04588,7.93323,8.03649,151328.88511315238,0
GLQ.US,D,20220908,000000,7.96139,8.14906,7.96139,8.00832,95997.98998122892,0
GLQ.US,D,20220909,000000,8.04588,8.14934,8.02711,8.121,52686.14928302824,0
GLQ.US,D,20220912,000000,8.10221,8.36499,8.10221,8.19609,75402.41779667768,0
GLQ.US,D,20220913,000000,8.05526,8.17732,7.8492,7.8722,238121.9239763146,0
GLQ.US,D,20220914,000000,7.98955,8.09283,7.81118,7.84872,69655.98048101578,0
GLQ.US,D,20220915,000000,7.84872,7.98016,7.82056,7.8675,105938.95373787404,0
GLQ.US,D,20220916,000000,7.75485,7.85783,7.7079,7.74544,105341.40946834255,0
GLQ.US,D,20220919,000000,7.62738,7.6369,7.46588,7.57025,239803.0244924936,0
GLQ.US,D,20220920,000000,7.5512,7.5512,7.28457,7.37028,236856.2621528716,0
GLQ.US,D,20220921,000000,7.42741,7.43693,7.21791,7.23696,110060.4182032981,0
GLQ.US,D,20220922,000000,7.20839,7.23696,6.83702,6.96082,163165.15020242688,0
GLQ.US,D,20220923,000000,6.77036,6.85874,6.52278,6.64657,266459.3568041053,0
GLQ.US,D,20220926,000000,6.64657,6.68466,6.43709,6.52278,151295.13782727552,0
GLQ.US,D,20220927,000000,6.59896,6.66562,6.37995,6.51327,182525.9878692431,0
GLQ.US,D,20220928,000000,6.56087,6.83741,6.52278,6.8275,203902.09172627135,0
GLQ.US,D,20220929,000000,6.8275,6.8275,6.5324,6.59896,133180.84574033786,0
GLQ.US,D,20220930,000000,6.618,6.76085,6.53231,6.54183,142402.34257002865,0
GLQ.US,D,20221003,000000,6.71323,6.81797,6.57991,6.77036,138226.88745160573,0
GLQ.US,D,20221004,000000,6.86559,6.9989,6.86559,6.97985,234349.5188511392,0
GLQ.US,D,20221005,000000,6.9132,6.97976,6.55135,6.7894,143404.19975891747,0
GLQ.US,D,20221006,000000,6.75132,6.83702,6.70371,6.73228,47205.956496058934,0
GLQ.US,D,20221007,000000,6.73228,6.73228,6.49423,6.62753,88207.5395414994,0
GLQ.US,D,20221010,000000,6.618,6.64657,6.37043,6.46566,95998.71195689002,0
GLQ.US,D,20221011,000000,6.44661,6.53231,6.36091,6.48946,115983.34749603376,0
GLQ.US,D,20221012,000000,6.38947,6.53231,6.35138,6.43709,97957.26924961281,0
GLQ.US,D,20221013,000000,6.37995,6.56087,6.27521,6.54183,124393.06695990365,0
GLQ.US,D,20221014,000000,6.73228,6.73228,6.40852,6.42757,46667.22196996421,0
GLQ.US,D,20221017,000000,6.46566,6.52278,6.42757,6.49423,140457.4374192955,0
GLQ.US,D,20221018,000000,6.57991,6.77988,6.57991,6.68466,193090.6454374919,0
GLQ.US,D,20221019,000000,6.68466,6.68466,6.55135,6.60848,120926.47306002991,0
GLQ.US,D,20221020,000000,6.56588,6.68606,6.44967,6.52714,129635.09059760364,0
GLQ.US,D,20221021,000000,6.48841,6.52714,6.40124,6.4303,136034.18457036515,0
GLQ.US,D,20221024,000000,6.45935,6.57556,6.43998,6.51746,99798.81155150208,0
GLQ.US,D,20221025,000000,6.51746,6.70629,6.51746,6.59493,76482.44203322518,0
GLQ.US,D,20221026,000000,6.60462,6.75956,6.60462,6.63367,95923.42028480115,0
GLQ.US,D,20221027,000000,6.67241,6.90482,6.60946,6.71114,73974.22850089954,0
GLQ.US,D,20221028,000000,6.68208,6.86608,6.68208,6.80798,60832.18089863663,0
GLQ.US,D,20221031,000000,6.81767,6.92419,6.81767,6.86608,114650.86393331234,0
GLQ.US,D,20221101,000000,6.92419,7.14693,6.83703,7.02674,137535.60181038053,0
GLQ.US,D,20221102,000000,6.99198,7.01134,6.71114,6.73051,146076.33220390117,0
GLQ.US,D,20221103,000000,6.67241,6.78862,6.66272,6.74503,84541.97542960034,0
GLQ.US,D,20221104,000000,6.86608,6.9484,6.62398,6.70146,83369.96128419536,0
GLQ.US,D,20221107,000000,6.67241,6.86608,6.64354,6.86608,154589.18208470722,0
GLQ.US,D,20221108,000000,6.88546,6.88546,6.73051,6.78862,150292.48529261106,0
GLQ.US,D,20221109,000000,6.70146,6.86608,6.70146,6.76924,71564.1130688511,0
GLQ.US,D,20221110,000000,6.87577,7.25461,6.8564,7.2244,144356.0013085261,0
GLQ.US,D,20221111,000000,7.39872,7.39872,7.17598,7.23408,88822.15043638766,0
GLQ.US,D,20221114,000000,7.21472,7.32124,7.18082,7.2244,142431.2133199483,0
GLQ.US,D,20221115,000000,7.27282,7.41808,7.25345,7.36967,172596.89546067044,0
GLQ.US,D,20221116,000000,7.34062,7.51493,7.32124,7.35998,127088.67043675508,0
GLQ.US,D,20221117,000000,7.20853,7.37571,7.03161,7.23803,258946.10691047102,0
GLQ.US,D,20221118,000000,7.2577,7.30687,7.06102,7.12986,135794.3056341008,0
GLQ.US,D,20221121,000000,7.09052,7.19378,7.05118,7.05118,119812.4636820014,0
GLQ.US,D,20221122,000000,7.12002,7.32654,7.04302,7.28721,217173.881460815,0
GLQ.US,D,20221123,000000,7.28721,7.33992,7.04135,7.14953,230121.4410190056,0
GLQ.US,D,20221125,000000,7.13969,7.24787,7.13969,7.1987,66210.1975585066,0
GLQ.US,D,20221128,000000,7.1987,7.33638,7.02748,7.04135,126692.4753030426,0
GLQ.US,D,20221129,000000,7.00201,7.14815,6.98234,7.01185,80714.5554897114,0
GLQ.US,D,20221130,000000,7.02168,7.32654,7.01185,7.28721,109796.4846002314,0
GLQ.US,D,20221201,000000,7.31671,7.40512,7.23803,7.26262,65571.615338877,0
GLQ.US,D,20221202,000000,7.20853,7.49373,7.11019,7.32654,158702.9343379786,0
GLQ.US,D,20221205,000000,7.30687,7.30796,7.05128,7.10035,132295.3224848246,0
GLQ.US,D,20221206,000000,7.09052,7.14953,6.89383,6.90367,207642.94014777642,0
GLQ.US,D,20221207,000000,6.884,6.98234,6.8545,6.90367,203007.11795145262,0
GLQ.US,D,20221208,000000,6.93317,6.99218,6.8545,6.8545,208280.50551673782,0
GLQ.US,D,20221209,000000,6.79549,6.90868,6.79549,6.85941,75664.8750714302,0
GLQ.US,D,20221212,000000,6.86433,7.06102,6.8545,7.03151,171054.61940460402,0
GLQ.US,D,20221213,000000,7.18886,7.20853,6.92334,6.97251,142201.481694429,0
GLQ.US,D,20221214,000000,6.98234,7.06102,6.9018,6.98234,189508.42533109762,0
GLQ.US,D,20221215,000000,6.92334,6.93317,6.77582,6.82499,134884.2242860618,0
GLQ.US,D,20221216,000000,6.80533,6.90357,6.78566,6.884,163480.0987771822,0
GLQ.US,D,20221219,000000,6.84,6.9299,6.69,6.73,263711,0
GLQ.US,D,20221220,000000,6.71,6.71,6.55,6.6,194655,0
GLQ.US,D,20221221,000000,6.69,6.69,6.58,6.62,162431,0
GLQ.US,D,20221222,000000,6.57,6.5996,6.43,6.525,129349,0
GLQ.US,D,20221223,000000,6.51,6.59,6.48,6.54,85545,0
GLQ.US,D,20221227,000000,6.49,6.54,6.45,6.45,265251,0
GLQ.US,D,20221228,000000,6.45,6.5,6.37,6.41,94508,0
GLQ.US,D,20221229,000000,6.4,6.51,6.4,6.47,132640,0
GLQ.US,D,20221230,000000,6.58,6.58,6.42,6.51,169977,0
GLQ.US,D,20230103,000000,6.6,6.65,6.508,6.62,164280,0
GLQ.US,D,20230104,000000,6.67,6.72,6.58,6.69,88645,0
GLQ.US,D,20230105,000000,6.69,6.69,6.5747,6.63,63855,0
GLQ.US,D,20230106,000000,6.68,6.68,6.54,6.61,119992,0
GLQ.US,D,20230109,000000,6.65,6.72,6.56,6.58,103110,0
GLQ.US,D,20230110,000000,6.61,6.635,6.5402,6.62,134749,0
GLQ.US,D,20230111,000000,6.38,6.58,6.3,6.49,398012,0
GLQ.US,D,20230112,000000,6.36,6.53,6.36,6.51,351320,0
GLQ.US,D,20230113,000000,6.4,6.51,6.4,6.46,234161,0
GLQ.US,D,20230117,000000,6.41,6.54,6.41,6.43,194050,0
GLQ.US,D,20230118,000000,6.45,6.49,6.31,6.32,177834,0
GLQ.US,D,20230119,000000,6.19,6.3,6.1643,6.21,89182,0
GLQ.US,D,20230120,000000,6.19,6.2969,6.1803,6.25,112475,0
GLQ.US,D,20230123,000000,6.16,6.289,6.16,6.26,233699,0
GLQ.US,D,20230124,000000,6.27,6.32,6.21,6.25,98169,0
GLQ.US,D,20230125,000000,6.21,6.27,6.195,6.27,102021,0
GLQ.US,D,20230126,000000,6.28,6.31,6.27,6.28,122736,0
GLQ.US,D,20230127,000000,6.27,6.33,6.27,6.31,79521,0
GLQ.US,D,20230130,000000,6.27,6.2786,6.25,6.26,94731,0
GLQ.US,D,20230131,000000,6.32,6.32,6.25,6.28,131313,0
GLQ.US,D,20230201,000000,6.34,6.4,6.3,6.36,171074,0
GLQ.US,D,20230202,000000,6.38,6.46,6.35,6.42,565960,0
GLQ.US,D,20230203,000000,6.3,6.37,6.28,6.28,114233,0
GLQ.US,D,20230206,000000,6.29,6.295,6.18,6.19,104020,0
GLQ.US,D,20230207,000000,6.25,6.2617,6.16,6.25,80781,0
GLQ.US,D,20230208,000000,6.31,6.31,6.24,6.26,79319,0
GLQ.US,D,20230209,000000,6.28,6.29,6.15,6.15,78725,0
GLQ.US,D,20230210,000000,6.13,6.2,6.13,6.18,58442,0
GLQ.US,D,20230213,000000,6.15,6.26,6.15,6.24,51220,0
GLQ.US,D,20230214,000000,6.29,6.33,6.2015,6.26,48669,0
GLQ.US,D,20230215,000000,6.2,6.309,6.2,6.27,91199,0
GLQ.US,D,20230216,000000,6.2,6.21,6.14,6.17,108812,0
GLQ.US,D,20230217,000000,6.14,6.19,6.1201,6.17,42668,0
GLQ.US,D,20230221,000000,6.17,6.17,6.04,6.04,87855,0
GLQ.US,D,20230222,000000,6.04,6.0839,6.03,6.035,40424,0
GLQ.US,D,20230223,000000,6.07,6.1,6.0201,6.06,52907,0
GLQ.US,D,20230224,000000,6.03,6.04,5.98,5.99,67529,0
GLQ.US,D,20230227,000000,6.02,6.07,6.02,6.06,55161,0
GLQ.US,D,20230228,000000,6.07,6.072,6.01,6.02,95570,0
GLQ.US,D,20230301,000000,6,6.02,5.98,6.02,87020,0
GLQ.US,D,20230302,000000,5.97,6,5.95,5.995,99784,0
GLQ.US,D,20230303,000000,6,6.09,6,6.09,97312,0
GLQ.US,D,20230306,000000,6.1,6.1103,6.07,6.08,86548,0
GLQ.US,D,20230307,000000,6.08,6.08,5.96,5.99,78177,0
GLQ.US,D,20230308,000000,5.99,6.02,5.96,5.97,47890,0
GLQ.US,D,20230309,000000,5.97,6.01,5.9,5.9,104179,0
GLQ.US,D,20230310,000000,5.89,5.94,5.75,5.79,114792,0
GLQ.US,D,20230313,000000,5.71,5.79,5.65,5.76,238578,0
GLQ.US,D,20230314,000000,5.94,6.002,5.8201,5.94,197150,0
GLQ.US,D,20230315,000000,5.88,5.88,5.81,5.86,177388,0
GLQ.US,D,20230316,000000,5.79,5.91,5.6,5.9,101668,0
GLQ.US,D,20230317,000000,5.85,5.88,5.74,5.78,57825,0
GLQ.US,D,20230320,000000,5.82,5.875,5.76,5.84,45727,0
GLQ.US,D,20230321,000000,5.87,5.95,5.84,5.92,67962,0
GLQ.US,D,20230322,000000,5.9,5.92,5.76,5.76,85523,0
GLQ.US,D,20230323,000000,5.85,5.95,5.7792,5.83,85369,0
GLQ.US,D,20230324,000000,5.82,5.8793,5.78,5.84,41910,0
GLQ.US,D,20230327,000000,5.9,5.9118,5.865,5.88,46097,0
GLQ.US,D,20230328,000000,5.84,5.87,5.77,5.83,88740,0
GLQ.US,D,20230329,000000,5.84,5.9,5.81,5.88,49788,0
GLQ.US,D,20230330,000000,5.95,5.99,5.9,5.955,57744,0
GLQ.US,D,20230331,000000,6,6.09,5.94,6.06,78708,0
GLQ.US,D,20230403,000000,6.05,6.15,6.02,6.12,122004,0
GLQ.US,D,20230404,000000,6.15,6.1608,6.08,6.12,57213,0
GLQ.US,D,20230405,000000,6.11,6.12,6.09,6.1,44518,0
GLQ.US,D,20230406,000000,6.04,6.16,6.04,6.14,63247,0
GLQ.US,D,20230410,000000,6.14,6.1447,6.08,6.09,62144,0
GLQ.US,D,20230411,000000,6.06,6.1028,6.048,6.05,69401,0
GLQ.US,D,20230412,000000,6.07,6.0961,6.04,6.07,77314,0
GLQ.US,D,20230413,000000,6.25,6.25,6.03,6.0323,50764,0
GLQ.US,D,20230414,000000,6.01,6.11,6.01,6.09,38848,0
GLQ.US,D,20230417,000000,6.17,6.17,6.07,6.12,54292,0
GLQ.US,D,20230418,000000,6.13,6.175,6.09,6.1,63477,0
GLQ.US,D,20230419,000000,6.04,6.115,6.04,6.08,51363,0
GLQ.US,D,20230420,000000,6.01,6.03,5.96,5.96,18849,0
GLQ.US,D,20230421,000000,5.96,6.01,5.96,5.98,38449,0
GLQ.US,D,20230424,000000,5.99,6.0099,5.92,5.97,54369,0
GLQ.US,D,20230425,000000,5.95,5.97,5.92,5.925,50408,0
GLQ.US,D,20230426,000000,5.99,6.05,5.92,5.96,91955,0
GLQ.US,D,20230427,000000,5.97,5.98,5.9388,5.95,48665,0
GLQ.US,D,20230428,000000,5.94,6.02,5.93,5.96,52618,0
GLQ.US,D,20230501,000000,6.02,6.04,5.96,6.04,61910,0
GLQ.US,D,20230502,000000,6.01,6.03,5.87,5.89,74149,0
GLQ.US,D,20230503,000000,5.9,5.92,5.85,5.87,53059,0
GLQ.US,D,20230504,000000,5.86,5.88,5.75,5.79,91072,0
GLQ.US,D,20230505,000000,5.9,5.96,5.82,5.94,70063,0
GLQ.US,D,20230508,000000,6,6.0073,5.9,5.91,59009,0
GLQ.US,D,20230509,000000,5.95,5.95,5.87,5.88,38642,0
GLQ.US,D,20230510,000000,5.91,5.9198,5.88,5.89,54910,0
GLQ.US,D,20230511,000000,5.91,5.96,5.91,5.94,45674,0
GLQ.US,D,20230512,000000,5.92,5.94,5.91,5.92,41017,0
GLQ.US,D,20230515,000000,5.91,5.94,5.88,5.91,51526,0
GLQ.US,D,20230516,000000,5.9,5.93,5.9,5.93,71907,0
GLQ.US,D,20230517,000000,5.92,5.98,5.91,5.94,45343,0
GLQ.US,D,20230518,000000,5.89,5.8983,5.85,5.88,170003,0
GLQ.US,D,20230519,000000,5.89,5.8987,5.84,5.86,68102,0
GLQ.US,D,20230522,000000,5.91,5.91,5.86,5.89,81606,0
GLQ.US,D,20230523,000000,5.87,5.89,5.8,5.8,85401,0
GLQ.US,D,20230524,000000,5.77,5.86,5.76,5.76,100177,0
GLQ.US,D,20230525,000000,5.78,5.78,5.71,5.73,52956,0
GLQ.US,D,20230526,000000,5.78,5.81,5.72,5.81,59717,0
GLQ.US,D,20230530,000000,5.84,5.8499,5.8,5.8,66453,0
GLQ.US,D,20230531,000000,5.81,5.87,5.78,5.82,111404,0
GLQ.US,D,20230601,000000,5.83,5.92,5.79,5.9,102777,0
GLQ.US,D,20230602,000000,5.91,6,5.9,5.97,59430,0
GLQ.US,D,20230605,000000,6,6.02,5.8901,5.91,85943,0
GLQ.US,D,20230606,000000,5.93,6.09,5.91,6.09,150644,0
GLQ.US,D,20230607,000000,6.09,6.12,6.03,6.05,129655,0
GLQ.US,D,20230608,000000,6.05,6.11,6.05,6.1,119329,0
GLQ.US,D,20230609,000000,6.06,6.115,6.06,6.07,64178,0
GLQ.US,D,20230612,000000,6.07,6.09,6.02,6.09,120856,0
GLQ.US,D,20230613,000000,6.12,6.2288,6.12,6.21,110197,0
GLQ.US,D,20230614,000000,6.2,6.24,6.2,6.22,86584,0
GLQ.US,D,20230615,000000,6.18,6.19,6.121,6.19,62599,0
GLQ.US,D,20230616,000000,6.21,6.21,6.11,6.11,68419,0
GLQ.US,D,20230620,000000,6.07,6.11,6.02,6.05,61725,0
GLQ.US,D,20230621,000000,6.05,6.0955,6.03,6.03,109316,0
GLQ.US,D,20230622,000000,6.06,6.06,6.025,6.055,41082,0
GLQ.US,D,20230623,000000,6.02,6.06,6.0014,6.01,17965,0
GLQ.US,D,20230626,000000,6,6.06,6,6.05,164920,0
GLQ.US,D,20230627,000000,6.07,6.09,6.025,6.09,63541,0
GLQ.US,D,20230628,000000,6.09,6.1357,6.06,6.12,86582,0
GLQ.US,D,20230629,000000,6.13,6.16,6.1,6.16,42739,0
GLQ.US,D,20230630,000000,6.2,6.24,6.18,6.24,101661,0
GLQ.US,D,20230703,000000,6.25,6.3,6.22,6.29,62420,0
GLQ.US,D,20230705,000000,6.26,6.3198,6.25,6.28,82681,0
GLQ.US,D,20230706,000000,6.24,6.25,6.17,6.23,54596,0
GLQ.US,D,20230707,000000,6.2,6.27,6.193,6.22,50936,0
GLQ.US,D,20230710,000000,6.19,6.26,6.19,6.19,62771,0
GLQ.US,D,20230711,000000,6.21,6.27,6.21,6.24,86000,0
GLQ.US,D,20230712,000000,6.27,6.33,6.27,6.305,57967,0
GLQ.US,D,20230713,000000,6.31,6.37,6.31,6.36,25056,0
GLQ.US,D,20230714,000000,6.37,6.3999,6.34,6.34,41713,0
GLQ.US,D,20230717,000000,6.34,6.375,6.33,6.36,99337,0
GLQ.US,D,20230718,000000,6.38,6.41,6.37,6.401,46592,0
GLQ.US,D,20230719,000000,6.42,6.47,6.41,6.45,44876,0
GLQ.US,D,20230720,000000,6.38,6.38,6.32,6.34,71968,0
GLQ.US,D,20230721,000000,6.35,6.37,6.3,6.3,44432,0
GLQ.US,D,20230724,000000,6.3,6.33,6.28,6.29,48497,0
GLQ.US,D,20230725,000000,6.28,6.29,6.25,6.27,133595,0
GLQ.US,D,20230726,000000,6.23,6.3,6.22,6.27,107993,0
GLQ.US,D,20230727,000000,6.34,6.34,6.24,6.24,97393,0
GLQ.US,D,20230728,000000,6.25,6.34,6.24,6.33,65803,0
GLQ.US,D,20230731,000000,6.34,6.39,6.33,6.36,57415,0
GLQ.US,D,20230801,000000,6.32,6.369,6.32,6.33,86380,0
GLQ.US,D,20230802,000000,6.27,6.27,6.21,6.23,69277,0
GLQ.US,D,20230803,000000,6.2,6.2,6.15,6.18,65742,0
GLQ.US,D,20230804,000000,6.17,6.25,6.13,6.14,40238,0
GLQ.US,D,20230807,000000,6.2,6.26,6.19,6.23,46210,0
GLQ.US,D,20230808,000000,6.21,6.25,6.1901,6.25,34861,0
GLQ.US,D,20230809,000000,6.23,6.28,6.21,6.21,80501,0
GLQ.US,D,20230810,000000,6.26,6.275,6.175,6.19,54630,0
GLQ.US,D,20230811,000000,6.15,6.18,6.13,6.13,21455,0
GLQ.US,D,20230814,000000,6.12,6.15,6.1,6.14,46836,0
GLQ.US,D,20230815,000000,6.12,6.135,6.06,6.1,95023,0
GLQ.US,D,20230816,000000,6.08,6.1,6.04,6.04,39772,0
GLQ.US,D,20230817,000000,5.99,6.0356,5.9,5.9,44643,0
GLQ.US,D,20230818,000000,5.87,5.8913,5.67,5.86,131913,0
GLQ.US,D,20230821,000000,5.88,5.93,5.87,5.911,61425,0
GLQ.US,D,20230822,000000,5.95,5.97,5.8811,5.92,32517,0
GLQ.US,D,20230823,000000,5.92,6.0159,5.92,6.005,27959,0
GLQ.US,D,20230824,000000,6.05,6.05,5.865,5.865,62255,0
GLQ.US,D,20230825,000000,5.88,5.93,5.84,5.9,63144,0
GLQ.US,D,20230828,000000,5.95,5.95,5.895,5.925,46985,0
GLQ.US,D,20230829,000000,5.93,6,5.91,5.9801,57845,0
GLQ.US,D,20230830,000000,5.99,6.03,5.99,6.02,33235,0
GLQ.US,D,20230831,000000,6.05,6.07,6.01,6.01,35505,0
GLQ.US,D,20230901,000000,6.07,6.07,6.01,6.04,39895,0
GLQ.US,D,20230905,000000,6.04,6.04,5.96,5.97,81055,0
GLQ.US,D,20230906,000000,5.96,5.96,5.88,5.9,66971,0
GLQ.US,D,20230907,000000,5.87,5.92,5.863,5.891,50142,0
GLQ.US,D,20230908,000000,5.91,5.9347,5.87,5.88,66448,0
GLQ.US,D,20230911,000000,5.9,5.93,5.87,5.88,61591,0
GLQ.US,D,20230912,000000,5.86,5.8897,5.815,5.83,72500,0
GLQ.US,D,20230913,000000,5.86,5.865,5.75,5.77,166673,0
GLQ.US,D,20230914,000000,5.8,5.865,5.77,5.85,57806,0
GLQ.US,D,20230915,000000,5.84,5.85,5.77,5.78,72120,0
GLQ.US,D,20230918,000000,5.77,5.8,5.74,5.76,55773,0
GLQ.US,D,20230919,000000,5.78,5.78,5.747,5.76,69088,0
GLQ.US,D,20230920,000000,5.76,5.78,5.7,5.7,37294,0
GLQ.US,D,20230921,000000,5.6,5.6,5.545,5.57,95297,0
GLQ.US,D,20230922,000000,5.6,5.6,5.5,5.52,65289,0
GLQ.US,D,20230925,000000,5.5,5.5,5.47,5.49,100178,0
GLQ.US,D,20230926,000000,5.47,5.4789,5.39,5.41,125039,0
GLQ.US,D,20230927,000000,5.42,5.4214,5.365,5.39,158158,0
GLQ.US,D,20230928,000000,5.42,5.49,5.415,5.47,67856,0
GLQ.US,D,20230929,000000,5.5,5.5482,5.45,5.48,104383,0
GLQ.US,D,20231002,000000,5.41,5.49,5.41,5.45,162819,0
GLQ.US,D,20231003,000000,5.45,5.45,5.37,5.375,126568,0
GLQ.US,D,20231004,000000,5.38,5.38,5.34,5.38,57211,0
GLQ.US,D,20231005,000000,5.34,5.3716,5.33,5.35,94134,0
GLQ.US,D,20231006,000000,5.3,5.4481,5.3,5.43,125289,0
GLQ.US,D,20231009,000000,5.42,5.49,5.41,5.47,37304,0
GLQ.US,D,20231010,000000,5.51,5.57,5.49,5.56,98189,0
GLQ.US,D,20231011,000000,5.55,5.57,5.55,5.56,88072,0
GLQ.US,D,20231012,000000,5.54,5.55,5.5,5.51,150196,0
GLQ.US,D,20231013,000000,5.56,5.56,5.45,5.46,104047,0
GLQ.US,D,20231016,000000,5.47,5.54,5.47,5.52,115962,0
GLQ.US,D,20231017,000000,5.51,5.59,5.5,5.535,139575,0
GLQ.US,D,20231018,000000,5.51,5.545,5.47,5.5,104075,0
GLQ.US,D,20231019,000000,5.45,5.45,5.39,5.39,101726,0
GLQ.US,D,20231020,000000,5.41,5.41,5.305,5.31,73349,0
GLQ.US,D,20231023,000000,5.28,5.3099,5.21,5.25,126600,0
GLQ.US,D,20231024,000000,5.3,5.3399,5.3,5.32,80679,0
GLQ.US,D,20231025,000000,5.3,5.32,5.23,5.235,101281,0
GLQ.US,D,20231026,000000,5.19,5.21,5.18,5.18,58794,0
GLQ.US,D,20231027,000000,5.18,5.18,5.13,5.13,115044,0
GLQ.US,D,20231030,000000,5.19,5.22,5.1604,5.22,42016,0
GLQ.US,D,20231031,000000,5.21,5.27,5.19,5.26,71638,0
GLQ.US,D,20231101,000000,5.24,5.35,5.23,5.345,118531,0
GLQ.US,D,20231102,000000,5.39,5.5475,5.39,5.545,88196,0
GLQ.US,D,20231103,000000,5.57,5.65,5.57,5.615,96608,0
GLQ.US,D,20231106,000000,5.63,5.6498,5.5701,5.58,100501,0
GLQ.US,D,20231107,000000,5.5501,5.62,5.5501,5.62,57274,0
GLQ.US,D,20231108,000000,5.62,5.62,5.59,5.615,60434,0
GLQ.US,D,20231109,000000,5.6,5.6,5.51,5.515,96819,0
GLQ.US,D,20231110,000000,5.55,5.61,5.505,5.61,44843,0
GLQ.US,D,20231113,000000,5.59,5.64,5.59,5.63,42465,0
GLQ.US,D,20231114,000000,5.7,5.82,5.7,5.785,70599,0
GLQ.US,D,20231115,000000,5.8,5.83,5.76,5.77,65263,0
GLQ.US,D,20231116,000000,5.71,5.75,5.66,5.7,42208,0
GLQ.US,D,20231117,000000,5.72,5.7401,5.69,5.71,69460,0
GLQ.US,D,20231120,000000,5.71,5.7699,5.71,5.76,47134,0
GLQ.US,D,20231121,000000,5.74,5.7509,5.69,5.69,67275,0
GLQ.US,D,20231122,000000,5.69,5.7919,5.69,5.785,63143,0
GLQ.US,D,20231124,000000,5.79,5.81,5.77,5.805,18842,0
GLQ.US,D,20231127,000000,5.77,5.78,5.74,5.75,88266,0
GLQ.US,D,20231128,000000,5.77,5.79,5.73,5.77,50697,0
GLQ.US,D,20231129,000000,5.73,5.79,5.73,5.785,103592,0
GLQ.US,D,20231130,000000,5.83,5.83,5.735,5.81,69844,0
GLQ.US,D,20231201,000000,5.78,5.88,5.7615,5.8799,67343,0
GLQ.US,D,20231204,000000,5.82,5.8388,5.81,5.825,47494,0
GLQ.US,D,20231205,000000,5.8,5.8,5.75,5.76,63432,0
GLQ.US,D,20231206,000000,5.77,5.815,5.75,5.77,56653,0
GLQ.US,D,20231207,000000,5.77,5.79,5.76,5.76,82285,0
GLQ.US,D,20231208,000000,5.74,5.8,5.74,5.785,41414,0
GLQ.US,D,20231211,000000,5.78,5.8299,5.77,5.81,96463,0
GLQ.US,D,20231212,000000,5.79,5.8211,5.79,5.815,75370,0
GLQ.US,D,20231213,000000,5.81,5.9,5.77,5.89,98203,0
GLQ.US,D,20231214,000000,5.91,5.923,5.89,5.919,96502,0
GLQ.US,D,20231215,000000,5.91,5.91,5.86,5.8798,44323,0
GLQ.US,D,20231218,000000,5.9,5.93,5.9,5.91,89651,0
GLQ.US,D,20231219,000000,5.9374,5.97,5.935,5.955,71669,0
GLQ.US,D,20231220,000000,5.93,5.9506,5.9,5.905,95679,0
GLQ.US,D,20231221,000000,5.89,5.94,5.85,5.92,322578,0
GLQ.US,D,20231222,000000,5.92,5.98,5.88,5.89,192781,0
GLQ.US,D,20231226,000000,5.92,5.97,5.92,5.965,174405,0
GLQ.US,D,20231227,000000,5.99,5.995,5.94,5.945,161127,0
GLQ.US,D,20231228,000000,5.97,5.97,5.928,5.94,88266,0
GLQ.US,D,20231229,000000,5.93,5.95,5.91,5.925,138340,0
GLQ.US,D,20240102,000000,5.91,5.94,5.86,5.86,98037,0
GLQ.US,D,20240103,000000,5.86,5.874,5.79,5.83,74909,0
GLQ.US,D,20240104,000000,5.82,5.86,5.81,5.835,62506,0
GLQ.US,D,20240105,000000,5.84,5.9,5.83,5.865,36220,0
GLQ.US,D,20240108,000000,5.88,5.94,5.87,5.935,44980,0
GLQ.US,D,20240109,000000,5.91,5.945,5.8977,5.935,59264,0
GLQ.US,D,20240110,000000,5.95,5.98,5.9399,5.96,59395,0
GLQ.US,D,20240111,000000,5.94,5.96,5.9178,5.94,64911,0
GLQ.US,D,20240112,000000,5.98,6.02,5.98,5.99,38597,0
GLQ.US,D,20240116,000000,5.99,6,5.94,5.94,24686,0
GLQ.US,D,20240117,000000,5.9,5.93,5.87,5.9,57865,0
GLQ.US,D,20240118,000000,5.83,5.89,5.83,5.875,59975,0
GLQ.US,D,20240119,000000,5.92,5.95,5.89,5.92,58138,0
GLQ.US,D,20240122,000000,5.92,5.971,5.92,5.93,74755,0
GLQ.US,D,20240123,000000,5.94,5.94,5.9,5.9,59146,0
GLQ.US,D,20240124,000000,5.93,5.99,5.93,5.965,143270,0
GLQ.US,D,20240125,000000,6,6.05,5.9648,6.03,52890,0
GLQ.US,D,20240126,000000,6.03,6.07,6.03,6.045,52540,0
GLQ.US,D,20240129,000000,6.04,6.11,6.04,6.11,85394,0
GLQ.US,D,20240130,000000,6.09,6.115,6.08,6.1,61298,0
GLQ.US,D,20240131,000000,6.07,6.1042,6.03,6.03,79086,0
GLQ.US,D,20240201,000000,6.06,6.15,6.06,6.15,58911,0
GLQ.US,D,20240202,000000,6.14,6.15,6.09,6.12,52422,0
GLQ.US,D,20240205,000000,6.12,6.17,6.1,6.145,61070,0
GLQ.US,D,20240206,000000,6.13,6.2189,6.13,6.2189,63425,0
GLQ.US,D,20240207,000000,6.25,6.32,6.2449,6.315,108177,0
GLQ.US,D,20240208,000000,6.33,6.345,6.31,6.325,55856,0
GLQ.US,D,20240209,000000,6.35,6.38,6.32,6.36,77487,0
GLQ.US,D,20240212,000000,6.37,6.41,6.36,6.38,95541,0
GLQ.US,D,20240213,000000,6.34,6.34,6.2001,6.27,36578,0
GLQ.US,D,20240214,000000,6.29,6.364,6.29,6.35,51610,0
GLQ.US,D,20240215,000000,6.3,6.3459,6.29,6.305,62792,0
GLQ.US,D,20240216,000000,6.32,6.32,6.25,6.255,30856,0
GLQ.US,D,20240220,000000,6.25,6.275,6.14,6.205,82484,0
GLQ.US,D,20240221,000000,6.18,6.22,6.18,6.2,33562,0
GLQ.US,D,20240222,000000,6.31,6.32,6.28,6.31,40655,0
GLQ.US,D,20240223,000000,6.34,6.4,6.34,6.351,49717,0
GLQ.US,D,20240226,000000,6.35,6.38,6.32,6.32,46803,0
GLQ.US,D,20240227,000000,6.31,6.38,6.31,6.32,42110,0
GLQ.US,D,20240228,000000,6.3,6.31,6.26,6.3,35539,0
GLQ.US,D,20240229,000000,6.34,6.3691,6.3,6.315,55725,0
GLQ.US,D,20240301,000000,6.32,6.395,6.32,6.38,47970,0
GLQ.US,D,20240304,000000,6.37,6.42,6.37,6.4,55215,0
GLQ.US,D,20240305,000000,6.4,6.4,6.32,6.37,56309,0
GLQ.US,D,20240306,000000,6.38,6.47,6.38,6.405,58773,0
GLQ.US,D,20240307,000000,6.42,6.48,6.42,6.475,63269,0
GLQ.US,D,20240308,000000,6.49,6.54,6.45,6.46,93397,0
GLQ.US,D,20240311,000000,6.45,6.45,6.39,6.43,44328,0
GLQ.US,D,20240312,000000,6.43,6.4977,6.415,6.49,60156,0
GLQ.US,D,20240313,000000,6.49,6.5322,6.49,6.515,80041,0
GLQ.US,D,20240314,000000,6.45,6.45,6.34,6.36,40201,0
GLQ.US,D,20240315,000000,6.3791,6.3992,6.33,6.34,24504,0
GLQ.US,D,20240318,000000,6.35,6.376,6.29,6.29,95815,0
GLQ.US,D,20240319,000000,6.29,6.38,6.29,6.365,33642,0
GLQ.US,D,20240320,000000,6.39,6.4499,6.3846,6.4499,72771,0
GLQ.US,D,20240321,000000,6.49,6.5299,6.49,6.52,63140,0
GLQ.US,D,20240322,000000,6.54,6.54,6.48,6.485,56968,0
GLQ.US,D,20240325,000000,6.5,6.5196,6.46,6.48,96496,0
GLQ.US,D,20240326,000000,6.51,6.51,6.46,6.46,39541,0
GLQ.US,D,20240327,000000,6.505,6.51,6.475,6.5,43160,0
GLQ.US,D,20240328,000000,6.4,6.51,6.4,6.51,165072,0
GLQ.US,D,20240401,000000,6.52,6.54,6.5013,6.52,114827,0
GLQ.US,D,20240402,000000,6.48,6.4887,6.429,6.45,69908,0
GLQ.US,D,20240403,000000,6.42,6.5,6.42,6.4688,38510,0
GLQ.US,D,20240404,000000,6.5,6.55,6.42,6.43,72169,0
GLQ.US,D,20240405,000000,6.44,6.5198,6.44,6.51,55025,0
GLQ.US,D,20240408,000000,6.53,6.56,6.5001,6.51,30364,0
GLQ.US,D,20240409,000000,6.52,6.54,6.47,6.49,36708,0
GLQ.US,D,20240410,000000,6.42,6.45,6.41,6.421,28092,0
GLQ.US,D,20240411,000000,6.46,6.49,6.45,6.48,55590,0
GLQ.US,D,20240412,000000,6.44,6.45,6.395,6.43,102135,0
GLQ.US,D,20240415,000000,6.47,6.5,6.33,6.33,194727,0
GLQ.US,D,20240416,000000,6.35,6.37,6.31,6.3598,66395,0
GLQ.US,D,20240417,000000,6.35,6.39,6.3174,6.375,157347,0
GLQ.US,D,20240418,000000,6.33,6.33,6.21,6.23,88487,0
GLQ.US,D,20240419,000000,6.22,6.25,6.1801,6.21,88658,0
GLQ.US,D,20240422,000000,6.2,6.2,6.12,6.18,107512,0
GLQ.US,D,20240423,000000,6.18,6.24,6.18,6.24,75953,0
GLQ.US,D,20240424,000000,6.25,6.27,6.2106,6.235,44873,0
GLQ.US,D,20240425,000000,6.18,6.23,6.17,6.22,38320,0
GLQ.US,D,20240426,000000,6.25,6.34,6.25,6.31,63589,0
GLQ.US,D,20240429,000000,6.33,6.36,6.31,6.32,117967,0
GLQ.US,D,20240430,000000,6.35,6.39,6.285,6.29,110236,0
GLQ.US,D,20240501,000000,6.26,6.35,6.26,6.28,104118,0
GLQ.US,D,20240502,000000,6.2971,6.3387,6.27,6.305,43007,0
GLQ.US,D,20240503,000000,6.36,6.39,6.36,6.37,18304,0
GLQ.US,D,20240506,000000,6.4,6.45,6.37,6.42,55306,0
GLQ.US,D,20240507,000000,6.43,6.48,6.4252,6.46,46901,0
GLQ.US,D,20240508,000000,6.42,6.47,6.42,6.45,38273,0
GLQ.US,D,20240509,000000,6.45,6.49,6.45,6.49,23870,0
GLQ.US,D,20240510,000000,6.48,6.51,6.47,6.5,44891,0
GLQ.US,D,20240513,000000,6.51,6.52,6.48,6.495,31589,0
GLQ.US,D,20240514,000000,6.47,6.51,6.47,6.48,43351,0
GLQ.US,D,20240515,000000,6.52,6.64,6.51,6.62,69996,0
GLQ.US,D,20240516,000000,6.57,6.6299,6.57,6.61,69152,0
GLQ.US,D,20240517,000000,6.58,6.63,6.56,6.63,97954,0
GLQ.US,D,20240520,000000,6.63,6.6799,6.62,6.64,44733,0
GLQ.US,D,20240521,000000,6.66,6.71,6.655,6.705,24197,0
GLQ.US,D,20240522,000000,6.7,6.71,6.67,6.69,111988,0
GLQ.US,D,20240523,000000,6.695,6.72,6.545,6.545,82008,0
GLQ.US,D,20240524,000000,6.56,6.6395,6.29,6.605,49695,0
GLQ.US,D,20240528,000000,6.61,6.62,6.58,6.595,81178,0
GLQ.US,D,20240529,000000,6.54,6.62,6.52,6.525,83308,0
GLQ.US,D,20240530,000000,6.51,6.58,6.51,6.54,54172,0
GLQ.US,D,20240531,000000,6.56,6.57,6.45,6.56,92992,0
GLQ.US,D,20240603,000000,6.56,6.59,6.5239,6.56,60492,0
GLQ.US,D,20240604,000000,6.59,6.618,6.5611,6.61,68749,0
GLQ.US,D,20240605,000000,6.64,6.71,6.6101,6.71,55893,0
GLQ.US,D,20240606,000000,6.71,6.74,6.7,6.71,22821,0
GLQ.US,D,20240607,000000,6.71,6.7672,6.71,6.73,35709,0
GLQ.US,D,20240610,000000,6.73,6.765,6.73,6.735,19627,0
GLQ.US,D,20240611,000000,6.74,6.76,6.73,6.7538,25772,0
GLQ.US,D,20240612,000000,6.8,6.84,6.7775,6.81,27381,0
GLQ.US,D,20240613,000000,6.7854,6.81,6.77,6.795,56006,0
GLQ.US,D,20240614,000000,6.77,6.815,6.7504,6.805,30336,0
GLQ.US,D,20240617,000000,6.75,6.8399,6.71,6.82,48500,0
GLQ.US,D,20240618,000000,6.81,6.85,6.8,6.835,58716,0
GLQ.US,D,20240620,000000,6.85,6.9,6.85,6.9,69166,0
GLQ.US,D,20240621,000000,6.89,6.92,6.87,6.91,67999,0
GLQ.US,D,20240624,000000,6.88,6.93,6.88,6.915,97395,0
GLQ.US,D,20240625,000000,6.91,6.91,6.88,6.885,71320,0
GLQ.US,D,20240626,000000,6.92,6.92,6.8705,6.8899,91083,0
GLQ.US,D,20240627,000000,6.89,6.995,6.89,6.995,49731,0
GLQ.US,D,20240628,000000,7.01,7.0133,6.945,6.975,81377,0
GLQ.US,D,20240701,000000,6.95,6.951,6.91,6.945,172685,0
GLQ.US,D,20240702,000000,6.96,7.009,6.96,7.005,53029,0
GLQ.US,D,20240703,000000,7.03,7.085,7.012,7.085,17940,0
GLQ.US,D,20240705,000000,7.1,7.12,7.09,7.11,63721,0
GLQ.US,D,20240708,000000,7.13,7.1999,7.13,7.17,112733,0
GLQ.US,D,20240709,000000,7.19,7.2,7.15,7.185,182489,0
GLQ.US,D,20240710,000000,7.23,7.295,7.2,7.29,105592,0
GLQ.US,D,20240711,000000,7.3,7.3,7.21,7.23,90818,0
GLQ.US,D,20240712,000000,7.24,7.2791,7.173,7.19,70207,0
GLQ.US,D,20240715,000000,7.21,7.21,7.16,7.185,86904,0
GLQ.US,D,20240716,000000,7.19,7.19,7.15,7.175,74222,0
GLQ.US,D,20240717,000000,7.1,7.1768,7.02,7.03,59333,0
GLQ.US,D,20240718,000000,7.04,7.07,6.87,6.9,54879,0
GLQ.US,D,20240719,000000,6.84,6.9,6.79,6.825,94393,0
GLQ.US,D,20240722,000000,6.89,6.93,6.825,6.92,100589,0
GLQ.US,D,20240723,000000,6.86,7.079,6.86,6.95,105899,0
GLQ.US,D,20240724,000000,6.93,6.99,6.75,6.75,106051,0
GLQ.US,D,20240725,000000,6.75,6.82,6.74,6.78,99095,0
GLQ.US,D,20240726,000000,6.79,6.79,6.73,6.785,68491,0
GLQ.US,D,20240729,000000,6.82,6.8499,6.75,6.805,99483,0
GLQ.US,D,20240730,000000,6.84,6.86,6.76,6.79,51321,0
GLQ.US,D,20240731,000000,6.9,6.9299,6.81,6.92,71079,0
GLQ.US,D,20240801,000000,6.97,6.97,6.73,6.75,109922,0
GLQ.US,D,20240802,000000,6.69,6.73,6.52,6.59,143304,0
GLQ.US,D,20240805,000000,6.31,6.43,6.19,6.32,149444,0
GLQ.US,D,20240806,000000,6.32,6.47,6.32,6.46,176125,0
GLQ.US,D,20240807,000000,6.57,6.59,6.41,6.42,87691,0
GLQ.US,D,20240808,000000,6.48,6.55,6.4217,6.535,77875,0
GLQ.US,D,20240809,000000,6.52,6.6,6.502,6.58,79517,0
GLQ.US,D,20240812,000000,6.62,6.64,6.565,6.64,55909,0
GLQ.US,D,20240813,000000,6.69,6.7199,6.665,6.695,46119,0
GLQ.US,D,20240814,000000,6.71,6.73,6.71,6.71,46070,0
GLQ.US,D,20240815,000000,6.77,6.822,6.71,6.8154,72415,0
GLQ.US,D,20240816,000000,6.73,6.8,6.7117,6.79,74566,0
GLQ.US,D,20240819,000000,6.77,6.815,6.72,6.815,92805,0
GLQ.US,D,20240820,000000,6.81,6.85,6.78,6.79,61748,0
GLQ.US,D,20240821,000000,6.795,6.83,6.79,6.815,35213,0
GLQ.US,D,20240822,000000,6.85,6.85,6.75,6.775,79630,0
GLQ.US,D,20240823,000000,6.82,6.83,6.77,6.82,74284,0
GLQ.US,D,20240826,000000,6.8,6.8178,6.73,6.7656,111202,0
GLQ.US,D,20240827,000000,6.77,6.77,6.72,6.75,37850,0
GLQ.US,D,20240828,000000,6.75,6.755,6.705,6.74,63225,0
GLQ.US,D,20240829,000000,6.79,6.795,6.755,6.765,86427,0
GLQ.US,D,20240830,000000,6.82,6.82,6.74,6.79,61761,0
GLQ.US,D,20240903,000000,6.79,6.8105,6.6801,6.71,125484,0
GLQ.US,D,20240904,000000,6.69,6.77,6.69,6.74,83789,0
GLQ.US,D,20240905,000000,6.74,6.75,6.635,6.65,51963,0
GLQ.US,D,20240906,000000,6.64,6.7,6.609,6.615,48136,0
GLQ.US,D,20240909,000000,6.66,6.66,6.585,6.61,53197,0
GLQ.US,D,20240910,000000,6.62,6.645,6.58,6.63,59584,0
GLQ.US,D,20240911,000000,6.65,6.68,6.5201,6.67,82173,0
GLQ.US,D,20240912,000000,6.67,6.71,6.64,6.69,20166,0
GLQ.US,D,20240913,000000,6.72,6.7802,6.695,6.77,65145,0
GLQ.US,D,20240916,000000,6.78,6.795,6.75,6.79,67308,0
GLQ.US,D,20240917,000000,6.78,6.79,6.73,6.74,28136,0
GLQ.US,D,20240918,000000,6.75,6.764,6.7,6.72,65927,0
GLQ.US,D,20240919,000000,6.8,6.8487,6.8,6.82,42422,0
GLQ.US,D,20240920,000000,6.78,6.81,6.75,6.77,85061,0
GLQ.US,D,20240923,000000,6.81,6.83,6.8,6.83,71111,0
GLQ.US,D,20240924,000000,6.87,6.89,6.8399,6.8891,64913,0
GLQ.US,D,20240925,000000,6.89,6.9,6.8613,6.885,46129,0
GLQ.US,D,20240926,000000,6.97,6.97,6.91,6.952,91482,0
GLQ.US,D,20240927,000000,6.96,6.97,6.93,6.93,63792,0
GLQ.US,D,20240930,000000,6.92,6.94,6.9101,6.9392,41613,0
GLQ.US,D,20241001,000000,6.92,6.94,6.88,6.9,100121,0
GLQ.US,D,20241002,000000,6.92,6.9297,6.8901,6.905,38631,0
GLQ.US,D,20241003,000000,6.89,6.9096,6.88,6.8909,14573,0
GLQ.US,D,20241004,000000,6.97,7.24,6.9198,6.93,190714,0
GLQ.US,D,20241007,000000,6.96,6.98,6.902,6.955,98719,0
GLQ.US,D,20241008,000000,7,7,6.89,6.935,105890,0
GLQ.US,D,20241009,000000,6.89,6.988,6.89,6.96,51916,0
GLQ.US,D,20241010,000000,6.93,7.04,6.9,7,77216,0
GLQ.US,D,20241011,000000,6.98,7.075,6.98,7.04,53227,0
GLQ.US,D,20241014,000000,7.07,7.12,7.0489,7.115,44892,0
GLQ.US,D,20241015,000000,7.12,7.15,7.095,7.1,107673,0
GLQ.US,D,20241016,000000,7.1,7.1899,6.97,7.03,71857,0
GLQ.US,D,20241017,000000,7.07,7.07,6.995,7.01,124314,0
GLQ.US,D,20241018,000000,7,7.0399,6.95,6.9851,47400,0
GLQ.US,D,20241021,000000,6.98,7,6.94,6.94,58142,0
GLQ.US,D,20241022,000000,6.95,6.9673,6.9134,6.945,53872,0
GLQ.US,D,20241023,000000,6.94,6.94,6.9,6.905,61177,0
GLQ.US,D,20241024,000000,6.93,6.9391,6.78,6.84,184526,0
GLQ.US,D,20241025,000000,6.87,6.91,6.78,6.815,241058,0
GLQ.US,D,20241028,000000,6.81,6.86,6.81,6.85,82478,0
GLQ.US,D,20241029,000000,6.87,6.87,6.81,6.825,253327,0
GLQ.US,D,20241030,000000,6.79,6.85,6.78,6.85,51348,0
GLQ.US,D,20241031,000000,6.9,6.9,6.75,6.755,68869,0
GLQ.US,D,20241101,000000,6.77,6.82,6.755,6.765,88339,0
GLQ.US,D,20241104,000000,6.75,6.761,6.73,6.755,140628,0
GLQ.US,D,20241105,000000,6.79,6.83,6.78,6.83,33495,0
GLQ.US,D,20241106,000000,6.93,6.98,6.920535,6.94,148607,0
GLQ.US,D,20241107,000000,6.99,7,6.94,6.985,39923,0
GLQ.US,D,20241108,000000,6.97,7.0689,6.97,7.06,67353,0
GLQ.US,D,20241111,000000,7.0725,7.08,7.03,7.04,55862,0
GLQ.US,D,20241112,000000,7.08,7.08,6.97,6.9701,148743,0
GLQ.US,D,20241113,000000,6.9888,6.9888,6.83,6.87,194080,0
GLQ.US,D,20241114,000000,6.92,6.925,6.85,6.86,153749,0
GLQ.US,D,20241115,000000,6.7997,6.897412,6.69,6.705,68829,0
GLQ.US,D,20241118,000000,6.7,6.78,6.66,6.78,69268,0
GLQ.US,D,20241119,000000,6.73,6.79,6.73,6.775,105430,0
GLQ.US,D,20241120,000000,6.815,6.815,6.75,6.785,91094,0
GLQ.US,D,20241121,000000,6.8,6.82,6.735,6.815,173204,0
GLQ.US,D,20241122,000000,6.81,6.84,6.79,6.81,81381,0
GLQ.US,D,20241125,000000,6.86,6.86,6.8,6.82,116519,0
GLQ.US,D,20241126,000000,6.84,6.88,6.8,6.88,41592,0
GLQ.US,D,20241127,000000,6.895,6.91,6.82,6.85,56566,0
GLQ.US,D,20241129,000000,6.87,6.9,6.83,6.855,28677,0
GLQ.US,D,20241202,000000,6.855,6.9,6.84,6.89,91733,0
GLQ.US,D,20241203,000000,6.875,6.885,6.84,6.88,46551,0
GLQ.US,D,20241204,000000,6.91,6.94,6.9,6.935,75713,0
GLQ.US,D,20241205,000000,6.86,6.9699,6.86,6.92,105772,0
GLQ.US,D,20241206,000000,6.9437,6.9688,6.93,6.96,48539,0
GLQ.US,D,20241209,000000,6.96,6.97,6.91,6.925,81588,0
GLQ.US,D,20241210,000000,6.9,6.91,6.84,6.85,124816,0
GLQ.US,D,20241211,000000,6.95,6.95,6.86,6.885,49770,0
GLQ.US,D,20241212,000000,6.87,6.9128,6.86,6.88,98316,0
GLQ.US,D,20241213,000000,6.91,6.92,6.88,6.905,50200,0
GLQ.US,D,20241216,000000,6.85,6.8803,6.84,6.855,51668,0
GLQ.US,D,20241217,000000,6.835,6.835,6.79,6.815,72873,0
GLQ.US,D,20241218,000000,6.78,6.7989,6.635,6.64,126687,0
GLQ.US,D,20241219,000000,6.69,6.6901,6.56,6.57,190313,0
GLQ.US,D,20241220,000000,6.52,6.69,6.52,6.655,71698,0
GLQ.US,D,20241223,000000,6.56,6.685,6.56,6.66,50364,0
GLQ.US,D,20241224,000000,6.6765,6.725,6.661,6.705,51226,0
GLQ.US,D,20241226,000000,6.68,6.74,6.68,6.715,154618,0
GLQ.US,D,20241227,000000,6.68,6.72,6.64,6.69,202627,0
GLQ.US,D,20241230,000000,6.5701,6.65,6.5701,6.645,97548,0
GLQ.US,D,20241231,000000,6.65,6.695,6.635,6.66,162137,0
GLQ.US,D,20250102,000000,6.672,6.71,6.595,6.6199,35233,0
GLQ.US,D,20250103,000000,6.715,6.77,6.68,6.765,60651,0
GLQ.US,D,20250106,000000,6.84,6.84,6.765,6.775,42423,0
GLQ.US,D,20250107,000000,6.83,6.83,6.73,6.735,29775,0
GLQ.US,D,20250108,000000,6.74,6.78,6.72,6.78,42020,0
GLQ.US,D,20250110,000000,6.72,6.76,6.675,6.72,57271,0
GLQ.US,D,20250113,000000,6.695,6.75,6.68,6.75,47663,0
GLQ.US,D,20250114,000000,6.7588,6.77,6.715,6.74,66771,0
GLQ.US,D,20250115,000000,6.83,6.88,6.76,6.83,58865,0
GLQ.US,D,20250116,000000,6.89,6.9,6.87,6.9,86633,0
GLQ.US,D,20250117,000000,6.93,6.93,6.88,6.8992,44747,0
GLQ.US,D,20250121,000000,6.9,6.93,6.88,6.92,32748,0
GLQ.US,D,20250122,000000,6.97,7.03,6.96,7.005,181837,0
GLQ.US,D,20250123,000000,7,7.02,6.98,7.015,30129,0
GLQ.US,D,20250124,000000,7.022,7.03,7.01,7.015,31339,0
GLQ.US,D,20250127,000000,6.93,6.99,6.91,6.925,59669,0
GLQ.US,D,20250128,000000,6.9355,6.95,6.85,6.91,94125,0
GLQ.US,D,20250129,000000,6.91,6.94,6.83,6.89,61344,0
GLQ.US,D,20250130,000000,6.9212,6.94,6.89,6.91,42615,0
GLQ.US,D,20250131,000000,6.915,6.95,6.86,6.87,44327,0
GLQ.US,D,20250203,000000,6.7858,6.829,6.74,6.795,66283,0
GLQ.US,D,20250204,000000,6.781,6.8651,6.76,6.85,22533,0
GLQ.US,D,20250205,000000,6.8712,6.92,6.85,6.92,39485,0
GLQ.US,D,20250206,000000,6.91,6.91,6.87,6.89,52356,0
GLQ.US,D,20250207,000000,6.92,6.93,6.86,6.87,36348,0
GLQ.US,D,20250210,000000,6.9,6.91,6.881,6.91,21599,0
GLQ.US,D,20250211,000000,6.8884,6.9189,6.885,6.89,22544,0
GLQ.US,D,20250212,000000,6.87,6.9,6.8649,6.9,27077,0
GLQ.US,D,20250213,000000,6.8951,6.9157,6.89,6.9,32334,0
GLQ.US,D,20250214,000000,6.91,6.94,6.87,6.93,84052,0
GLQ.US,D,20250218,000000,6.86,6.92,6.86,6.91,108474,0
GLQ.US,D,20250219,000000,6.91,6.955,6.87,6.95,159954,0
GLQ.US,D,20250220,000000,6.9304,6.97,6.87,6.92,101105,0
GLQ.US,D,20250221,000000,6.8909,6.92,6.775,6.8,94501,0
GLQ.US,D,20250224,000000,6.85,6.85,6.71,6.73,63018,0
GLQ.US,D,20250225,000000,6.74,6.74,6.67,6.685,70432,0
GLQ.US,D,20250226,000000,6.72,6.74,6.69,6.71,53224,0
GLQ.US,D,20250227,000000,6.735,6.74,6.61,6.63,42108,0
GLQ.US,D,20250228,000000,6.6575,6.6795,6.62,6.655,44166,0
GLQ.US,D,20250303,000000,6.7485,6.7485,6.58,6.59,56124,0
GLQ.US,D,20250304,000000,6.5,6.6,6.46,6.51,45924,0
GLQ.US,D,20250305,000000,6.59,6.5902,6.48,6.54,128888,0
GLQ.US,D,20250306,000000,6.524,6.5396,6.47,6.49,56268,0
GLQ.US,D,20250307,000000,6.47,6.49,6.4,6.49,65024,0
GLQ.US,D,20250310,000000,6.42,6.4254,6.28,6.28,53780,0
GLQ.US,D,20250311,000000,6.2801,6.3,6.225,6.29,74636,0
GLQ.US,D,20250312,000000,6.375,6.375,6.2717,6.34,42977,0
GLQ.US,D,20250313,000000,6.3194,6.33,6.21,6.24,39038,0
GLQ.US,D,20250314,000000,6.27,6.335,6.22,6.32,40756,0
GLQ.US,D,20250317,000000,6.3999,6.45,6.34,6.43,51740,0
GLQ.US,D,20250318,000000,6.35,6.38,6.32,6.38,53959,0
GLQ.US,D,20250319,000000,6.37,6.45,6.36,6.42,62655,0
GLQ.US,D,20250320,000000,6.406,6.4601,6.39,6.435,7414,0
GLQ.US,D,20250321,000000,6.415,6.4235,6.38,6.42,12712,0
GLQ.US,D,20250324,000000,6.42,6.49,6.41,6.4808,22603,0
GLQ.US,D,20250325,000000,6.5,6.53,6.5,6.5,33848,0
GLQ.US,D,20250326,000000,6.49,6.49,6.4,6.41,82379,0
GLQ.US,D,20250327,000000,6.45,6.45,6.375448,6.385,28629,0
GLQ.US,D,20250328,000000,6.3901,6.4,6.29,6.31,43985,0
GLQ.US,D,20250331,000000,6.28,6.31,6.22,6.29,68454,0
GLQ.US,D,20250401,000000,6.32,6.34,6.265,6.305,48749,0
GLQ.US,D,20250402,000000,6.2764,6.37,6.27,6.36,42053,0
GLQ.US,D,20250403,000000,6.2501,6.2501,6.1,6.12,85886,0
GLQ.US,D,20250404,000000,5.9927,6.05,5.7,5.74,111917,0
